Accident_Index,Vehicle_Reference,Vehicle_Type,Towing_and_Articulation,Vehicle_Manoeuvre,Vehicle_Location-Restricted_Lane,Junction_Location,Skidding_and_Overturning,Hit_Object_in_Carriageway,Vehicle_Leaving_Carriageway,Hit_Object_off_Carriageway,1st_Point_of_Impact,Was_Vehicle_Left_Hand_Drive?,Journey_Purpose_of_Driver,Sex_of_Driver,Age_of_Driver,Age_Band_of_Driver,Engine_Capacity_(CC),Propulsion_Code,Age_of_Vehicle,Driver_IMD_Decile,Driver_Home_Area_Type,Vehicle_IMD_Decile
2017010010235,1,9,0,5,0,2,0,0,0,0,1,1,6,1,86,11,1299,1,18,4,1,4
2017010010235,2,1,0,17,0,1,1,0,0,0,1,1,6,1,53,8,-1,-1,-1,7,1,7
2017010010237,1,9,0,17,0,2,0,0,0,0,1,1,2,1,31,6,1368,1,5,8,1,8
2017010010243,1,9,0,18,0,8,0,0,0,0,4,1,6,1,44,7,1796,1,11,3,1,3
2017010010243,2,1,0,6,0,8,0,0,0,0,1,1,6,1,63,9,-1,-1,-1,7,1,7
2017010010245,1,9,0,18,0,1,0,0,0,0,1,1,6,2,25,5,1686,2,12,1,1,1
2017010010245,2,9,0,18,0,8,0,0,0,0,1,1,6,1,33,6,1380,1,12,6,1,6
2017010010246,1,9,0,4,2,1,0,0,0,0,2,1,3,1,37,7,1997,2,5,2,1,2
2017010010246,2,9,0,4,2,1,0,0,0,0,2,1,2,2,48,8,1242,1,5,3,1,3
2017010010246,3,11,0,5,2,1,0,0,0,0,1,1,6,1,66,10,6700,2,6,6,1,6
2017010010246,4,9,0,5,3,1,0,0,1,0,2,1,3,2,38,7,1461,2,4,2,1,2
2017010010248,1,19,0,5,0,1,0,0,0,0,1,1,6,3,-1,-1,-1,-1,-1,-1,-1,-1
2017010010249,1,3,0,3,0,1,5,0,0,0,0,1,6,1,20,4,108,1,5,9,1,9
2017010010249,2,9,0,18,0,6,0,0,0,0,0,1,1,1,37,7,1582,2,4,7,1,7
2017010010250,1,9,0,18,0,2,0,0,0,0,1,1,6,1,57,9,1590,1,14,2,1,2
2017010010250,2,9,0,18,0,2,0,0,0,0,1,1,6,2,70,10,1360,1,17,6,1,6
2017010010251,1,4,0,13,0,2,0,0,0,0,4,1,6,1,35,6,125,1,1,4,1,4
2017010010251,2,9,0,6,0,2,0,0,0,0,1,1,1,1,32,6,1968,2,6,4,1,4
2017010010252,1,10,0,18,0,4,1,0,0,0,1,1,1,1,37,7,-1,-1,-1,3,1,3
2017010010252,2,9,0,9,0,4,0,0,3,0,3,1,6,1,35,6,1796,1,14,2,1,2
2017010010254,1,9,0,9,0,5,0,0,0,0,1,1,1,1,28,6,-1,-1,-1,5,1,5
2017010010254,2,9,0,18,0,1,0,0,0,0,1,1,6,1,24,5,1242,1,8,6,1,6
2017010010255,1,9,0,18,0,0,0,0,0,0,1,1,6,2,33,6,1587,1,14,2,1,2
2017010010256,1,11,0,4,0,1,0,0,0,0,1,1,6,1,49,8,9360,2,7,2,1,2
2017010010256,2,11,0,4,0,1,0,0,0,0,2,1,6,1,47,8,9360,2,5,4,1,4
2017010010257,1,9,0,18,0,4,0,0,0,0,1,1,6,2,47,8,1598,1,3,5,1,5
2017010010257,2,3,0,18,0,8,0,0,0,0,4,1,6,1,19,4,124,1,1,7,1,7
2017010010258,1,19,0,18,0,8,0,0,0,0,4,1,6,1,33,6,1598,2,1,9,1,9
2017010010258,2,9,0,18,0,7,0,0,0,0,3,1,6,1,73,10,1896,2,10,3,1,3
2017010010259,1,9,0,9,0,5,0,11,0,0,3,1,6,1,48,8,1796,1,10,3,1,3
2017010010260,1,9,0,5,0,1,0,0,0,0,1,1,6,2,25,5,1388,1,13,2,1,2
2017010010261,1,9,0,1,0,1,0,0,0,0,2,1,6,2,51,8,1598,1,10,7,1,7
2017010010262,1,9,0,18,0,0,0,0,0,0,1,1,6,1,79,11,2446,2,22,7,1,7
2017010010264,1,9,0,9,0,8,0,0,0,0,3,1,6,2,26,6,1199,1,14,6,1,6
2017010010265,1,9,0,3,0,1,0,0,0,0,4,1,6,1,42,7,2993,2,13,2,1,2
2017010010265,2,11,0,3,0,1,0,0,0,0,0,1,1,2,58,9,9360,2,8,4,1,4
2017010010266,1,4,0,18,9,0,0,0,1,10,1,1,6,1,30,6,125,1,2,8,1,8
2017010010267,1,9,0,13,0,2,0,0,0,0,4,1,6,3,-1,-1,-1,-1,-1,-1,-1,-1
2017010010267,2,1,0,18,0,2,0,0,0,0,3,1,1,1,17,4,-1,-1,-1,3,1,3
2017010010269,1,9,0,6,0,2,0,0,0,0,2,1,6,1,25,5,1997,2,8,2,1,2
2017010010269,2,9,0,17,0,1,0,0,0,0,1,1,6,1,21,5,1995,2,11,3,1,3
2017010010270,1,3,0,18,0,1,0,0,0,0,1,1,6,1,22,5,125,1,5,2,1,2
2017010010270,2,4,0,9,0,5,0,0,0,0,1,1,6,1,40,7,279,1,7,8,1,8
2017010010271,1,9,0,18,0,1,0,0,0,0,1,1,6,2,27,6,1364,1,7,1,1,1
2017010010271,2,9,0,9,0,2,0,0,0,0,3,1,6,1,45,7,1998,1,12,4,1,4
2017010010272,1,9,0,18,9,1,1,10,5,10,1,1,6,1,20,4,1499,2,2,3,1,3
2017010010272,2,9,0,18,0,1,0,0,0,0,0,1,1,1,44,7,1995,2,2,3,1,3
2017010010273,1,9,0,10,0,1,0,0,0,0,1,1,6,1,29,6,2143,2,1,1,1,1
2017010010273,2,5,0,18,0,1,0,0,0,0,1,1,6,1,17,4,-1,-1,-1,5,1,5
2017010010274,1,9,0,18,0,1,0,0,0,0,1,1,6,1,46,8,1995,2,11,4,1,4
2017010010274,2,3,0,18,0,2,0,0,0,0,1,1,6,1,32,6,124,1,3,8,1,8
2017010010275,1,9,0,18,0,0,1,4,7,4,4,1,1,1,23,5,2993,2,14,3,1,3
2017010010275,2,9,0,2,0,0,0,0,0,0,2,1,6,3,-1,-1,-1,-1,-1,-1,-1,-1
2017010010278,1,9,0,9,9,2,0,0,0,0,1,2,6,3,-1,-1,1984,1,9,-1,-1,-1
2017010010280,1,8,0,18,0,8,0,0,0,0,3,1,6,2,36,7,1997,2,8,3,1,3
2017010010280,2,9,0,5,0,8,0,0,0,0,3,1,6,3,-1,-1,-1,-1,-1,-1,-1,-1
2017010010282,1,9,0,18,0,1,0,0,0,0,4,1,6,1,28,6,1398,1,4,9,1,9
2017010010282,2,9,0,18,0,1,0,0,0,0,3,1,6,2,28,6,1198,1,11,-1,-1,-1
2017010010282,3,9,0,18,0,1,0,0,0,0,1,1,6,1,38,7,998,1,18,3,1,3
2017010010283,1,9,0,7,0,2,0,0,0,0,1,1,6,3,-1,-1,-1,-1,-1,-1,-1,-1
2017010010284,1,9,0,9,0,2,0,0,0,0,1,1,6,1,43,7,2979,1,14,2,1,2
2017010010285,1,9,0,18,0,1,0,0,0,0,1,2,6,1,40,7,1796,1,10,1,1,1
2017010010288,1,9,0,18,0,1,0,0,0,0,1,1,6,1,23,5,1984,1,6,6,1,6
2017010010288,2,9,0,9,0,8,0,0,0,0,3,1,6,1,42,7,1595,1,6,6,1,6
2017010010291,1,9,0,16,0,0,1,10,1,10,1,1,6,1,27,6,1248,2,6,3,1,3
2017010010291,2,9,0,16,0,0,0,0,0,0,0,1,6,3,-1,-1,-1,-1,-1,-1,-1,-1
2017010010292,1,8,0,18,0,8,0,0,0,0,1,1,1,1,43,7,1797,8,6,4,1,4
2017010010292,2,9,0,2,0,8,0,0,0,0,3,1,6,3,-1,-1,1590,1,12,-1,-1,-1
2017010010293,1,9,0,18,0,1,1,10,1,1,1,1,6,1,17,4,998,1,1,5,1,5
2017010010293,2,9,0,18,0,1,0,0,0,0,0,1,6,1,45,7,2993,2,4,-1,-1,-1
2017010010296,1,9,0,18,0,0,0,4,0,0,1,1,6,1,29,6,-1,-1,-1,8,1,8
2017010010296,2,9,0,2,0,0,0,0,0,0,2,1,6,3,-1,-1,1339,1,7,-1,-1,-1
2017010010296,3,9,0,2,0,0,0,0,0,0,3,1,6,3,-1,-1,1497,8,13,-1,-1,-1
2017010010299,1,9,-1,-1,0,6,-1,-1,-1,-1,1,-1,6,3,-1,-1,-1,-1,-1,-1,-1,-1
2017010010300,1,9,0,3,0,0,0,0,0,0,2,1,1,1,45,7,1968,2,3,6,1,6
2017010010300,2,9,0,3,0,0,0,4,0,0,2,1,1,1,37,7,1968,2,7,3,1,3
2017010010300,3,9,0,18,0,0,0,4,0,0,1,1,6,1,53,8,2143,2,6,6,1,6
2017010010301,1,9,0,7,0,2,1,0,0,0,1,1,1,1,56,9,1798,8,3,2,1,2
2017010010301,2,1,0,9,9,2,0,0,0,0,2,1,2,1,42,7,-1,-1,-1,5,1,5
2017010010303,1,9,0,18,0,8,-1,11,0,0,1,1,6,1,59,9,698,1,12,2,1,2
2017010010303,2,9,-1,9,-1,8,-1,11,0,0,3,-1,6,1,54,8,2179,2,11,3,1,3
2017010010305,1,9,0,5,0,1,0,0,0,0,1,1,6,1,27,6,2143,2,1,2,1,2
2017010010305,2,9,0,5,0,1,0,0,0,0,2,1,6,2,40,7,1498,1,7,2,1,2
2017010010307,1,19,0,18,0,8,0,0,0,0,1,1,6,3,-1,-1,-1,-1,-1,-1,-1,-1
2017010010307,2,1,0,18,0,8,0,0,0,0,2,1,6,1,32,6,-1,-1,-1,3,1,3
2017010010308,1,9,0,18,0,0,0,0,0,0,1,1,6,3,-1,-1,-1,-1,-1,-1,-1,-1
2017010010309,1,9,0,18,0,1,0,0,0,0,1,1,6,2,25,5,1242,1,3,7,1,7
2017010010309,2,9,0,3,0,1,0,0,0,0,2,1,6,2,39,7,1797,1,2,5,1,5
2017010010309,3,9,0,3,0,2,0,0,0,0,2,1,6,1,42,7,4966,1,12,8,1,8
2017010010310,1,1,0,18,0,2,0,0,0,0,3,1,6,2,23,5,-1,-1,-1,2,1,2
2017010010311,1,9,0,18,0,6,0,7,0,0,1,1,6,2,83,11,1339,1,11,8,1,8
2017010010312,1,9,0,9,0,6,0,0,0,0,3,1,6,1,59,9,1124,1,11,2,1,2
2017010010312,2,9,0,18,0,1,0,0,0,0,1,2,6,1,32,6,1796,1,10,4,1,4
2017010010313,1,19,0,18,0,1,0,0,0,0,1,1,2,1,49,8,2295,7,14,4,1,4
2017010010313,2,5,0,18,0,1,0,0,0,0,3,1,6,1,30,6,670,1,4,7,1,7
2017010010314,1,11,0,5,2,6,0,0,0,0,0,1,1,1,57,9,6692,2,6,6,1,6
2017010010316,1,9,0,3,0,6,0,0,0,0,0,1,1,1,35,6,1339,8,5,2,1,2
2017010010316,2,9,5,4,0,6,0,0,0,0,1,1,6,2,24,5,-1,-1,-1,-1,-1,-1
2017010010317,1,9,0,16,0,4,0,0,0,0,1,1,6,2,27,6,1360,1,12,6,2,6
2017010010317,2,1,0,18,0,3,5,0,0,0,4,1,6,1,36,7,-1,-1,-1,3,1,3
2017010010318,1,9,0,4,0,0,0,0,0,0,0,1,6,1,40,7,4799,1,10,8,1,8
2017010010318,2,1,0,18,0,0,0,8,0,0,1,1,6,2,32,6,-1,-1,-1,8,1,8
2017010010319,1,9,0,4,0,1,0,0,0,0,2,1,6,1,28,6,1596,1,9,2,1,2
2017010010319,2,3,0,4,0,1,0,11,0,0,1,1,6,1,23,5,124,1,1,3,1,3
2017010010320,1,9,0,4,2,0,0,0,0,0,4,1,6,1,60,9,2698,2,10,2,1,2
2017010010320,2,4,0,14,2,0,2,4,0,0,1,1,6,1,22,5,125,1,9,1,1,1
2017010010320,3,9,0,3,0,0,0,0,0,0,4,1,6,1,28,6,1796,1,8,2,1,2
2017010010321,1,9,0,18,0,8,0,0,0,0,1,1,6,2,28,6,1422,2,15,3,1,3
2017010010321,2,9,0,9,0,3,0,0,0,0,4,1,6,2,31,6,1388,1,10,2,1,2
2017010010322,1,9,0,18,0,8,1,0,1,4,1,1,6,1,24,5,1390,1,16,3,1,3
2017010010324,1,9,0,9,0,8,0,0,0,0,4,1,6,1,18,4,998,1,11,10,1,10
2017010010324,2,9,0,18,0,8,0,0,0,0,1,1,6,1,69,10,1560,2,1,9,1,9
2017010010325,1,9,0,18,0,8,0,0,0,0,1,1,6,1,31,6,1686,2,11,1,1,1
2017010010325,2,8,0,18,0,2,0,0,0,0,1,1,2,1,59,9,2499,2,4,1,1,1
2017010010326,1,9,0,18,0,1,0,0,0,0,1,1,6,1,25,5,1390,2,12,1,1,1
2017010010327,1,4,0,18,0,8,0,11,0,0,1,1,6,1,17,4,125,1,9,2,1,2
2017010010328,1,8,0,18,0,1,0,0,0,0,1,1,1,1,47,8,2231,2,10,2,1,2
2017010010329,1,9,0,13,0,1,0,0,0,0,1,1,6,1,32,6,1598,1,12,3,1,3
2017010010329,2,9,0,5,0,6,0,0,0,0,3,1,6,1,42,7,1984,1,13,2,1,2
2017010010332,1,9,0,18,0,8,0,0,0,0,1,1,6,1,53,8,1686,2,3,1,1,1
2017010010334,1,9,0,18,0,8,0,0,0,0,3,1,6,2,80,11,998,1,1,7,1,7
2017010010335,1,9,0,9,0,0,0,0,0,0,3,1,6,1,29,6,1598,1,3,8,1,8
2017010010335,2,9,0,18,0,0,0,0,0,0,1,1,6,1,51,8,1330,1,10,8,1,8
2017010010336,1,11,0,18,0,0,0,0,0,0,0,1,6,1,45,7,7300,2,13,2,1,2
2017010010338,1,2,0,14,0,1,0,0,0,0,1,1,6,1,38,7,49,1,3,6,1,6
2017010010338,2,9,0,3,0,1,0,0,0,0,3,1,6,1,57,9,1596,1,4,3,1,3
2017010010341,1,9,0,16,0,1,0,0,0,0,2,1,6,3,-1,-1,1995,2,4,-1,-1,-1
2017010010342,1,3,0,15,0,0,2,0,0,0,1,1,1,1,19,4,125,1,1,6,1,6
2017010010342,2,9,0,3,0,0,0,0,0,0,0,1,6,2,19,4,-1,-1,-1,6,1,6
2017010010343,1,9,0,18,0,0,0,4,0,0,4,1,1,1,29,6,2993,2,2,6,1,6
2017010010343,2,19,0,4,0,0,1,0,0,0,2,1,2,1,42,7,-1,-1,-1,6,1,6
2017010010343,3,9,0,18,0,0,0,4,0,0,3,1,6,1,-1,-1,1364,1,9,-1,-1,-1
2017010010343,4,9,0,18,0,0,0,0,0,0,1,1,1,1,-1,-1,1229,1,5,6,1,6
2017010010345,1,9,0,16,0,4,1,10,7,10,1,1,1,1,26,6,1598,2,2,3,1,3
2017010010346,1,8,0,18,0,8,0,0,0,0,1,1,2,1,54,8,1997,2,3,1,1,1
2017010010346,2,3,0,18,0,6,0,0,0,0,1,1,1,1,27,6,108,1,9,2,1,2
2017010010347,1,9,0,9,0,2,0,0,0,0,1,1,2,1,26,6,1364,1,10,2,1,2
2017010010347,2,9,0,18,0,1,0,0,0,0,1,1,6,2,25,5,1368,1,8,2,1,2
2017010010348,1,9,0,18,0,1,0,0,0,0,2,2,6,1,51,8,-1,-1,-1,7,1,7
2017010010348,2,9,0,7,0,1,0,0,0,0,2,1,6,2,40,7,1598,1,18,2,1,2
2017010010352,1,9,0,18,0,8,0,0,0,0,4,1,1,1,28,6,-1,-1,-1,6,1,6
2017010010352,2,9,0,7,0,8,0,0,0,0,1,1,6,1,26,6,1968,2,2,-1,-1,-1
2017010010355,1,9,0,12,0,1,1,10,0,0,3,1,6,2,21,5,1229,1,9,1,1,1
2017010010356,1,9,0,3,0,8,0,0,3,0,2,1,6,2,19,4,1242,1,15,6,1,6
2017010010356,2,9,0,3,0,8,0,0,1,0,2,1,6,1,31,6,1995,2,6,3,1,3
2017010010356,3,9,0,4,0,8,0,0,1,0,1,1,6,2,31,6,1229,1,8,1,1,1
2017010010357,1,9,0,18,0,1,0,0,0,0,1,1,6,1,26,6,2993,2,4,1,1,1
2017010010357,2,9,0,9,0,5,0,0,0,0,1,1,6,1,22,5,1896,2,11,1,1,1
2017010010359,1,9,0,5,0,0,0,0,0,0,3,1,6,1,34,6,999,1,8,3,1,3
2017010010359,2,1,0,18,0,0,0,0,0,0,1,1,6,1,25,5,-1,-1,-1,-1,-1,-1
2017010010360,1,11,0,4,0,1,0,0,0,0,1,1,6,1,53,8,6700,2,5,2,1,2
2017010010363,1,1,0,18,0,2,0,7,0,0,1,1,6,1,45,7,-1,-1,-1,6,1,6
2017010010377,1,8,0,9,0,1,0,0,0,0,1,1,1,1,56,9,1968,2,6,2,1,2
2017010010377,2,1,0,18,0,1,0,0,0,0,1,1,2,1,40,7,-1,-1,-1,10,1,10
2017010010379,1,9,-1,18,0,1,0,0,0,0,1,-1,6,1,18,4,1248,2,10,4,1,4
2017010010379,2,1,-1,9,0,6,0,0,0,0,2,1,6,1,39,7,-1,-1,-1,2,1,2
2017010010381,1,8,0,9,0,6,0,0,0,0,1,1,1,1,43,7,1339,8,6,5,1,5
2017010010390,1,9,0,3,0,1,1,0,0,0,2,1,6,2,54,8,1329,1,6,2,1,2
2017010010390,2,9,0,18,0,1,1,0,0,0,1,1,6,1,41,7,1896,2,13,2,1,2
2017010010412,1,9,0,15,0,1,0,0,0,0,4,1,2,1,37,7,1368,1,5,6,1,6
2017010010414,1,9,0,18,0,0,0,0,0,0,1,1,3,1,51,8,1390,1,16,6,1,6
2017010010414,2,1,0,5,0,0,0,0,0,0,1,1,2,1,22,5,-1,-1,-1,7,1,7
2017010010420,1,11,0,18,0,1,0,0,0,0,0,1,1,1,45,7,4500,2,2,5,1,5
2017010010429,1,9,0,1,0,0,0,0,0,0,2,1,6,1,31,6,1968,2,10,7,1,7
2017010010439,1,21,5,18,0,0,0,0,0,0,1,1,1,1,50,8,10518,2,4,7,1,7
2017010010439,2,9,0,18,0,0,0,0,0,0,1,1,2,1,41,7,1590,1,12,3,1,3
2017010010441,1,9,0,4,0,1,0,0,0,0,2,1,6,2,51,8,1984,1,6,9,1,9
2017010010441,2,9,0,4,0,1,0,0,0,0,2,1,6,2,44,7,1597,1,11,8,1,8
2017010010441,3,19,0,4,0,1,1,0,0,0,1,1,1,1,37,7,2198,2,10,5,1,5
2017010010444,1,9,0,7,4,5,0,0,0,0,1,1,6,3,-1,-1,-1,-1,-1,-1,-1,-1
2017010010449,1,90,0,4,0,0,0,0,0,0,2,1,1,1,52,8,6870,2,9,1,1,1
2017010010449,2,9,0,4,0,0,0,0,0,0,1,1,6,2,30,6,1248,2,11,4,1,4
2017010010449,3,9,0,18,0,0,0,0,0,0,2,1,6,1,23,5,2993,2,11,4,1,4
2017010010449,4,9,0,18,0,0,0,0,0,0,4,1,6,1,24,5,1995,2,12,10,3,10
2017010010451,1,11,0,5,0,8,0,0,0,0,0,1,6,1,33,6,4500,2,2,8,1,8
2017010010459,1,3,0,18,0,1,5,0,0,0,3,1,1,1,31,6,125,1,6,7,1,7
2017010010459,2,21,1,5,0,1,0,0,0,0,4,1,1,1,50,8,10837,2,1,6,1,6
2017010010467,1,9,0,2,0,2,-1,0,0,0,2,1,6,3,-1,-1,2993,2,4,-1,-1,-1
2017010010467,2,9,0,18,0,2,0,8,0,0,2,1,6,3,-1,-1,-1,-1,-1,-1,-1,-1
2017010010472,1,8,0,2,0,2,0,0,0,0,4,1,6,3,-1,-1,-1,-1,-1,-1,-1,-1
2017010010472,2,1,0,9,0,2,0,0,0,0,1,1,6,1,60,9,-1,-1,-1,9,1,9
2017010010473,1,19,0,18,0,1,0,0,0,0,1,1,1,1,51,8,2198,2,7,8,1,8
2017010010473,2,19,0,3,0,1,0,0,0,0,2,1,1,1,35,6,1598,2,4,1,1,1
2017010010486,1,3,0,18,0,1,0,0,0,0,1,1,6,1,23,5,124,1,8,3,1,3
2017010010486,2,9,0,18,0,1,0,0,0,0,2,1,6,1,40,7,1998,2,5,5,1,5
2017010010492,1,5,0,18,0,1,1,0,0,0,0,1,2,1,50,8,1165,1,14,3,1,3
2017010010511,1,8,0,3,0,1,0,0,0,0,2,1,1,1,45,7,1896,2,9,2,1,2
2017010010511,2,8,0,18,0,1,0,0,0,0,1,1,1,1,27,6,1798,8,2,2,1,2
2017010010512,1,9,0,6,0,2,0,0,0,0,3,1,6,1,54,8,1995,2,3,8,1,8
2017010010512,2,1,0,14,0,2,0,0,0,0,1,1,6,1,41,7,-1,-1,-1,2,1,2
2017010010523,1,9,0,4,0,8,0,0,0,0,2,1,6,1,52,8,1997,2,11,4,1,4
2017010010523,2,4,0,18,0,8,0,0,0,0,1,1,6,1,33,6,124,1,1,4,1,4
2017010010528,1,9,0,18,0,2,0,0,0,0,2,1,2,2,56,9,1998,1,17,9,1,9
2017010010528,2,9,0,18,0,2,0,0,0,0,1,1,2,2,23,5,1197,1,2,4,1,4
2017010010544,1,9,0,18,0,1,0,0,0,0,1,1,6,1,28,6,999,1,1,5,1,5
2017010010547,1,9,0,2,0,1,0,0,0,0,3,1,6,3,-1,-1,1598,1,3,-1,-1,-1
2017010010547,2,19,0,18,0,1,0,4,0,0,3,1,6,3,-1,-1,2402,2,11,-1,-1,-1
2017010010552,1,8,0,7,2,5,0,0,0,0,4,1,1,1,53,8,1798,8,3,1,1,1
2017010010552,2,1,0,15,2,8,0,0,0,0,1,1,2,1,24,5,-1,-1,-1,1,1,1
2017010010553,1,9,0,18,0,1,0,0,1,0,4,1,1,1,51,8,2378,1,13,10,1,10
2017010010554,1,9,5,18,2,1,0,10,1,2,1,1,6,1,67,10,1390,1,10,5,1,5
2017010010554,2,9,0,7,0,1,0,0,0,0,0,1,6,1,-1,-1,1598,1,13,3,1,3
2017010010555,1,9,0,4,0,2,0,0,0,0,3,1,2,1,40,7,998,1,11,4,1,4
2017010010555,2,9,0,18,0,2,0,4,0,0,4,1,6,1,54,8,1598,1,14,3,1,3
2017010010555,3,9,0,5,0,2,0,0,0,0,1,1,6,2,38,7,1796,1,12,3,1,3
2017010010556,1,9,0,18,0,1,0,0,0,0,1,1,6,1,78,11,1120,1,20,5,1,5
2017010010557,1,8,0,9,0,8,0,0,0,0,1,1,1,1,57,9,2402,2,14,1,1,1
2017010010558,1,9,0,18,0,8,0,0,0,0,0,1,1,1,38,7,2354,1,4,8,1,8
2017010010559,1,9,0,9,0,5,0,0,1,0,1,1,6,1,31,6,998,1,5,2,1,2
2017010010560,1,9,0,18,0,1,0,0,0,0,1,1,6,1,36,7,1995,2,4,3,1,3
2017010010560,2,19,0,14,0,1,0,0,7,0,1,1,1,1,56,9,1461,2,3,5,1,5
2017010010561,1,9,0,18,0,5,0,0,0,0,1,1,6,1,21,5,1242,1,13,1,1,1
2017010010562,1,9,0,18,0,8,0,0,0,0,0,1,3,2,58,9,1769,1,12,5,1,5
2017010010562,2,1,0,18,0,1,0,0,0,0,3,1,2,1,23,5,-1,-1,-1,5,1,5
2017010010563,1,90,0,9,0,8,0,0,0,0,1,1,6,2,30,6,-1,-1,-1,2,1,2
2017010010564,1,8,0,10,0,8,0,0,0,0,1,1,1,1,47,8,1798,8,2,2,1,2
2017010010564,2,4,0,18,0,8,0,0,0,0,1,1,6,1,55,8,330,1,5,9,1,9
2017010010565,1,11,0,4,2,1,0,0,0,0,0,1,1,1,63,9,4500,2,3,3,1,3
2017010010566,1,8,0,5,0,4,0,0,0,0,1,1,1,1,36,7,1797,8,6,2,1,2
2017010010566,2,1,0,18,0,4,1,0,0,0,4,1,6,2,43,7,-1,-1,-1,5,1,5
2017010010567,1,8,0,18,0,1,0,0,0,0,1,1,6,1,51,8,2499,2,7,7,1,7
2017010010568,1,9,0,5,0,3,0,0,0,0,1,1,2,1,59,9,1596,1,5,5,1,5
2017010010569,1,4,0,18,0,8,0,0,0,0,1,1,6,1,30,6,471,1,3,7,1,7
2017010010569,2,9,0,9,0,6,0,0,0,0,1,1,6,3,-1,-1,2993,2,10,-1,-1,-1
2017010010570,1,9,0,18,0,1,0,0,0,0,3,1,6,3,-1,-1,-1,-1,-1,-1,-1,-1
2017010010571,1,9,0,18,0,5,0,0,0,0,1,1,6,1,61,9,1995,2,5,4,1,4
2017010010571,2,1,0,18,0,1,5,0,0,0,1,1,2,1,43,7,-1,-1,-1,2,1,2
2017010010573,1,9,0,18,0,8,0,0,0,0,1,1,6,2,47,8,1364,1,9,8,1,8
2017010010573,2,3,0,18,0,1,0,0,0,0,1,1,1,1,30,6,125,1,2,10,1,10
2017010010574,1,3,0,18,0,2,2,0,0,0,0,1,6,1,29,6,124,1,3,9,1,9
2017010010575,1,9,0,9,0,8,0,0,0,0,3,1,2,1,49,8,4282,1,11,10,1,10
2017010010577,1,9,0,2,0,1,0,0,0,0,4,1,6,3,-1,-1,1798,8,4,-1,-1,-1
2017010010577,2,3,0,18,0,1,5,0,0,0,1,1,1,1,27,6,-1,-1,-1,2,1,2
2017010010578,1,9,0,6,0,8,0,0,0,0,1,1,6,1,48,8,1595,1,16,6,1,6
2017010010580,1,9,0,4,0,1,1,0,0,0,4,1,1,1,23,5,-1,-1,-1,3,1,3
2017010010580,2,9,0,10,0,8,0,0,0,0,2,1,2,1,56,9,1598,2,3,7,1,7
2017010010582,1,9,0,7,0,1,0,0,0,0,4,1,6,1,21,5,1242,1,1,5,1,5
2017010010583,1,9,0,9,0,8,0,0,0,0,0,1,1,1,37,7,1997,2,5,6,1,6
2017010010584,1,9,0,1,9,0,0,11,0,0,4,1,6,1,78,11,1797,8,6,3,1,3
2017010010585,1,9,0,9,0,1,0,0,7,0,1,1,6,1,49,8,1753,2,11,4,1,4
2017010010585,2,5,0,18,0,1,0,0,1,0,4,1,6,1,34,6,745,1,2,7,1,7
2017010010586,1,8,0,4,0,1,0,0,0,0,1,1,6,1,41,7,1797,8,8,2,1,2
2017010010586,2,9,0,5,0,1,0,0,0,0,4,1,6,1,24,5,998,1,10,6,1,6
2017010010587,1,5,0,18,0,1,0,0,0,0,1,1,2,1,37,7,599,1,6,3,1,3
2017010010588,1,9,0,9,0,2,0,0,0,0,3,1,2,2,54,8,1968,2,3,3,1,3
2017010010589,1,9,0,5,0,6,0,0,0,0,1,1,6,1,57,9,1973,1,18,6,1,6
2017010010590,1,19,0,7,0,6,0,0,0,0,1,1,1,1,30,6,-1,-1,-1,-1,-1,-1
2017010010590,2,9,0,18,0,8,0,0,7,0,4,1,6,1,25,5,1598,1,3,3,1,3
2017010010595,1,3,0,18,0,8,0,11,0,0,1,1,2,1,39,7,125,1,1,10,1,10
2017010010595,2,9,0,18,0,8,0,0,0,0,3,1,6,1,25,5,1956,2,7,2,1,2
2017010010596,1,3,0,18,0,1,0,0,0,0,0,1,6,1,30,6,125,1,2,3,1,3
2017010010597,1,3,0,18,2,8,0,10,0,0,4,1,6,1,17,4,125,1,4,1,1,1
2017010010597,2,9,0,7,0,8,0,0,0,0,1,1,6,1,32,6,1968,2,2,1,1,1
2017010010598,1,9,0,5,2,1,0,0,0,0,1,1,6,1,32,6,1968,2,2,-1,-1,-1
2017010010600,1,9,0,4,0,1,0,0,0,0,2,1,6,1,48,8,2993,2,1,1,1,1
2017010010600,2,9,0,18,0,8,0,0,0,0,1,1,6,1,43,7,1598,2,4,5,1,5
2017010010601,1,9,0,18,0,1,0,10,1,2,3,1,6,2,23,5,1582,2,1,4,1,4
2017010010601,2,9,0,5,0,1,0,0,0,0,0,1,6,3,-1,-1,3630,2,10,-1,-1,-1
2017010010603,1,9,0,17,0,8,0,0,0,0,1,1,6,1,41,7,1360,1,8,7,1,7
2017010010604,1,9,0,7,0,4,0,0,0,0,4,1,6,2,26,6,-1,-1,-1,1,1,1
2017010010604,2,1,0,9,0,4,0,0,0,0,3,1,6,1,21,5,-1,-1,-1,4,1,4
2017010010605,1,9,0,1,0,8,0,0,0,0,2,1,3,2,29,6,1242,1,2,2,1,2
2017010010607,1,9,0,9,0,8,0,0,0,0,3,1,1,1,27,6,1200,1,1,3,1,3