Accident_Index,Vehicle_Reference,Vehicle_Type,Towing_and_Articulation,Vehicle_Manoeuvre,Vehicle_Location-Restricted_Lane,Junction_Location,Skidding_and_Overturning,Hit_Object_in_Carriageway,Vehicle_Leaving_Carriageway,Hit_Object_off_Carriageway,1st_Point_of_Impact,Was_Vehicle_Left_Hand_Drive?,Journey_Purpose_of_Driver,Sex_of_Driver,Age_of_Driver,Age_Band_of_Driver,Engine_Capacity_(CC),Propulsion_Code,Age_of_Vehicle,Driver_IMD_Decile,Driver_Home_Area_Type,Vehicle_IMD_Decile
2017010010607,2,3,0,18,0,8,0,0,0,0,1,1,1,1,21,5,125,1,11,2,1,2
2017010010611,1,3,0,18,0,0,0,0,0,0,3,1,2,2,33,6,125,1,13,1,1,1
2017010010611,2,9,5,11,0,0,0,0,0,0,1,-1,6,2,18,4,1598,2,1,-1,-1,-1
2017010010624,1,9,0,9,0,5,0,0,0,0,0,1,6,1,57,9,-1,-1,-1,2,1,2
2017010010624,2,1,0,18,0,1,0,0,0,0,1,1,2,2,27,6,-1,-1,-1,8,1,8
2017010010635,1,9,0,18,0,2,0,0,0,0,4,1,6,2,51,8,1461,2,2,10,1,10
2017010010642,1,90,0,18,0,8,0,0,0,0,1,1,2,1,34,6,-1,-1,-1,3,1,3
2017010010647,1,9,0,4,0,1,1,0,0,0,1,1,6,1,50,8,2198,2,11,4,1,4
2017010010647,2,9,0,4,0,1,0,0,0,0,2,1,6,2,43,7,1910,2,11,3,1,3
2017010010648,1,1,0,9,4,8,0,0,0,0,1,1,6,1,33,6,-1,-1,-1,3,1,3
2017010010648,2,9,0,5,0,8,0,0,0,0,1,1,6,1,51,8,1198,1,3,7,1,7
2017010010656,1,2,0,18,0,0,0,0,1,0,3,1,6,1,26,6,124,1,6,4,1,4
2017010010656,2,9,0,11,0,0,0,0,1,0,4,2,6,3,-1,-1,-1,-1,-1,-1,-1,-1
2017010010657,1,5,0,18,6,1,2,0,0,0,1,1,2,1,29,6,656,1,8,4,1,4
2017010010657,2,9,0,9,0,5,0,0,0,0,2,1,2,1,24,5,1995,2,11,2,1,2
2017010010667,1,1,-1,18,-1,1,-1,-1,-1,-1,-1,1,6,1,35,6,-1,-1,-1,2,1,2
2017010010668,1,9,-1,-1,-1,-1,-1,-1,-1,0,-1,1,6,1,41,7,2143,2,5,5,1,5
2017010010668,2,1,-1,-1,-1,-1,-1,-1,-1,-1,-1,1,6,2,45,7,-1,-1,-1,7,1,7
2017010010680,1,9,0,18,0,0,0,0,0,0,1,1,1,1,45,7,2993,2,12,8,1,8
2017010010695,1,19,0,5,0,4,0,0,0,0,3,1,1,1,38,7,2402,2,9,5,1,5
2017010010695,2,9,0,5,0,4,0,0,0,0,1,1,1,2,17,4,1390,1,3,6,1,6
2017010010704,1,19,0,9,9,8,0,0,0,0,1,1,1,1,74,10,2464,2,10,4,1,4
2017010010704,2,5,0,18,0,8,0,0,0,0,1,1,6,1,52,8,599,1,16,4,1,4
2017010010709,1,9,0,3,0,2,0,0,0,0,1,1,6,1,39,7,1798,8,2,3,1,3
2017010010709,2,1,0,18,0,1,0,0,0,0,1,1,1,2,23,5,-1,-1,-1,3,1,3
2017010010714,1,1,0,15,0,8,0,0,0,0,1,1,2,1,30,6,-1,-1,-1,3,1,3
2017010010714,2,8,0,7,0,8,0,0,0,0,4,1,1,1,56,9,1560,2,4,2,1,2
2017010010715,1,9,0,18,0,6,0,0,0,0,1,1,6,2,49,8,1968,2,3,1,1,1
2017010010715,2,19,0,18,0,1,0,0,0,0,1,1,1,1,33,6,2148,2,12,2,1,2
2017010010722,1,4,0,18,0,8,0,0,0,0,1,1,6,1,61,9,781,1,18,8,1,8
2017010010722,2,9,0,9,0,8,0,0,0,0,1,1,6,1,77,11,1364,1,2,4,1,4
2017010010724,1,11,0,12,0,1,0,0,0,0,0,1,1,1,44,7,5132,2,1,5,2,5
2017010010724,2,9,0,18,0,2,0,0,0,0,0,1,6,3,-1,-1,-1,-1,-1,-1,-1,-1
2017010010729,1,9,0,18,9,1,0,10,1,0,4,1,6,3,-1,-1,-1,-1,-1,-1,-1,-1
2017010010734,1,8,0,18,0,6,0,0,0,0,1,1,1,1,36,7,1798,8,5,4,1,4
2017010010734,2,9,0,3,0,1,0,0,0,0,1,1,6,1,59,9,2499,1,4,5,1,5
2017010010737,1,9,0,1,0,0,0,0,1,2,2,1,3,2,26,6,1349,1,7,6,1,6
2017010010737,2,9,0,1,0,0,0,0,0,0,0,1,6,1,27,6,-1,-1,-1,3,1,3
2017010010746,1,11,0,18,0,2,0,0,0,0,1,1,1,2,57,9,6700,2,9,7,1,7
2017010010747,1,5,0,13,0,2,0,7,0,0,4,1,2,1,34,6,1352,1,2,5,1,5
2017010010747,2,20,0,12,0,2,0,0,0,0,3,1,1,1,57,9,3920,2,12,1,1,1
2017010010750,1,9,0,4,0,0,0,0,0,0,1,1,6,1,28,6,1198,1,6,2,1,2
2017010010750,2,9,0,10,0,0,0,4,0,0,2,1,6,1,38,7,1596,1,6,3,1,3
2017010010752,1,9,0,9,0,6,0,0,0,0,1,1,6,1,36,7,1896,2,10,4,1,4
2017010010752,2,5,0,18,0,1,0,0,0,0,1,1,2,1,37,7,599,1,5,2,1,2
2017010010762,1,9,0,18,0,1,0,0,0,0,3,1,1,2,40,7,2143,2,2,8,1,8
2017010010765,1,11,-1,4,0,1,-1,0,0,0,2,1,6,1,25,5,6700,2,6,2,1,2
2017010010765,2,9,-1,18,-1,1,-1,-1,0,0,4,-1,6,1,-1,-1,1598,2,3,-1,-1,-1
2017010010769,1,4,0,18,0,0,2,0,0,0,1,1,6,1,29,6,108,1,9,-1,-1,-1
2017010010771,1,9,0,4,0,0,0,0,0,0,2,1,6,2,48,8,1596,1,9,8,3,8
2017010010771,2,9,0,4,0,0,0,0,0,0,1,1,6,1,45,7,-1,-1,-1,6,1,6
2017010010774,1,9,0,18,0,0,0,0,0,0,1,1,6,1,68,10,1998,1,20,2,1,2
2017010010775,1,9,0,4,0,8,0,0,0,0,3,1,6,2,45,7,2268,2,2,1,1,1
2017010010775,2,1,0,18,0,8,0,0,0,0,4,1,6,1,55,8,-1,-1,-1,2,1,2
2017010010776,1,4,0,4,0,0,0,10,0,0,0,1,1,1,47,8,498,1,17,6,1,6
2017010010784,1,19,0,18,0,8,0,0,0,0,1,1,1,1,59,9,-1,-1,-1,5,1,5
2017010010785,1,9,0,18,0,1,0,0,1,0,2,1,6,1,32,6,-1,-1,-1,2,1,2
2017010010785,2,19,0,18,0,1,0,0,1,0,1,1,6,1,28,6,-1,-1,-1,5,1,5
2017010010786,1,3,0,18,0,2,0,0,0,0,1,1,6,1,20,4,125,1,10,3,1,3
2017010010786,2,9,0,6,0,2,0,0,0,0,3,1,6,1,33,6,2495,2,19,9,1,9
2017010010790,1,4,0,13,0,1,0,0,0,0,1,1,6,2,37,7,798,1,2,7,1,7
2017010010790,2,19,0,5,0,1,0,0,0,0,1,1,6,1,32,6,1968,2,1,3,1,3
2017010010793,1,11,0,4,0,1,0,0,0,0,0,1,1,1,57,9,6700,2,5,3,1,3
2017010010795,1,9,-1,9,0,8,0,-1,0,0,-1,-1,6,1,31,6,1598,1,7,7,1,7
2017010010799,1,19,0,18,0,0,0,0,0,0,1,1,2,1,43,7,2143,2,4,6,1,6
2017010010802,1,11,0,5,0,1,0,0,0,0,0,1,1,1,34,6,9000,2,8,5,1,5
2017010010804,1,8,0,3,0,1,0,0,0,0,1,1,6,1,39,7,1997,2,1,1,1,1
2017010010804,2,3,0,18,0,1,5,0,0,0,1,1,6,1,30,6,125,1,4,3,1,3
2017010010805,1,3,0,14,0,0,1,11,0,0,1,1,6,1,17,4,125,1,2,2,1,2
2017010010805,2,19,0,3,0,0,0,0,0,0,0,1,6,3,-1,-1,1598,2,1,-1,-1,-1
2017010010805,3,11,0,18,0,0,0,0,0,0,0,1,1,1,55,8,9200,2,13,5,1,5
2017010010808,1,11,0,18,0,2,0,0,0,0,0,1,6,1,40,7,4461,2,3,1,1,1
2017010010813,1,9,0,1,0,0,0,0,0,0,2,1,6,1,74,10,2987,2,8,8,1,8
2017010010816,1,8,0,4,0,1,0,7,0,0,1,1,1,1,-1,-1,1797,8,4,2,1,2
2017010010819,1,21,0,18,0,2,0,0,0,0,4,1,1,1,28,6,12809,2,2,-1,-1,-1
2017010010822,1,9,0,3,0,1,0,0,0,0,2,1,6,2,30,6,1248,2,8,6,1,6
2017010010822,2,9,0,4,0,1,0,0,0,0,1,1,6,1,20,4,1242,1,11,5,1,5
2017010010825,1,9,0,5,0,1,0,0,0,0,1,1,6,2,20,4,1364,1,8,3,1,3
2017010010825,2,4,0,14,0,1,0,0,0,0,1,1,2,1,39,7,279,1,2,4,1,4
2017010010826,1,9,0,15,0,0,0,0,0,0,1,1,2,1,25,5,1598,1,3,3,1,3
2017010010827,1,9,0,9,0,6,0,0,0,0,4,1,6,1,57,9,-1,-1,-1,10,1,10
2017010010827,2,4,0,18,0,5,0,0,0,0,1,1,6,1,25,5,649,1,1,8,1,8
2017010010828,1,9,0,10,0,1,0,0,0,0,4,1,6,1,26,6,1995,2,5,3,1,3
2017010010830,1,1,0,15,0,1,0,0,0,0,1,1,2,1,60,9,-1,-1,-1,9,1,9
2017010010830,2,9,0,18,0,6,0,0,0,0,1,1,1,2,37,7,1499,2,1,7,1,7
2017010010831,1,9,0,3,0,2,0,0,0,0,3,1,6,1,27,6,2230,1,10,4,1,4
2017010010831,2,2,0,18,0,2,1,0,0,0,4,1,2,1,41,7,49,1,10,-1,-1,-1
2017010010832,1,19,0,18,0,0,0,11,0,0,1,1,6,1,79,11,1461,2,1,6,1,6
2017010010833,1,9,0,13,0,0,0,0,0,0,4,1,1,2,60,9,1364,1,9,8,1,8
2017010010835,1,9,0,9,0,8,0,0,0,0,1,1,6,1,22,5,1229,1,12,2,1,2
2017010010835,2,1,0,18,0,6,0,0,0,0,1,1,6,1,16,4,-1,-1,-1,2,1,2
2017010010836,1,3,0,14,0,1,0,0,0,0,1,1,6,1,20,4,124,1,8,6,1,6
2017010010836,2,9,0,5,0,6,0,0,0,0,1,2,6,2,50,8,1461,2,7,10,1,10
2017010010837,1,9,0,4,0,1,0,0,0,0,1,1,2,1,46,8,998,1,17,5,1,5
2017010010838,1,9,0,9,0,8,0,0,0,0,3,1,6,1,22,5,1560,2,10,9,1,9
2017010010838,2,19,0,18,0,1,0,0,0,0,1,1,6,1,34,6,1997,2,3,8,1,8
2017010010839,1,3,0,14,0,0,0,0,0,0,1,1,1,1,20,4,109,1,5,6,1,6
2017010010840,1,9,0,9,0,8,0,0,0,0,1,1,6,1,63,9,1997,2,13,3,1,3
2017010010840,2,3,0,18,0,8,0,0,0,0,1,1,6,1,38,7,1200,1,1,10,1,10
2017010010841,1,3,0,10,0,1,1,0,0,0,1,1,1,1,31,6,109,1,3,1,1,1
2017010010841,2,1,0,10,0,1,1,0,0,0,2,1,2,2,33,6,-1,-1,-1,8,1,8
2017010010843,1,19,0,9,0,5,0,0,0,0,1,1,6,1,-1,-1,1560,2,3,-1,-1,-1
2017010010844,1,9,0,16,0,8,0,0,0,0,3,1,6,1,47,8,2171,1,16,4,1,4
2017010010846,1,5,0,13,9,0,0,4,7,10,4,1,6,1,25,5,690,1,5,2,1,2
2017010010846,2,9,0,2,9,0,0,0,0,0,4,1,6,3,-1,-1,2198,1,10,-1,-1,-1
2017010010847,1,9,0,18,0,1,0,0,0,0,1,1,1,1,39,7,1124,1,14,2,1,2
2017010010847,2,1,0,4,0,1,0,0,0,0,2,1,1,1,28,6,-1,-1,-1,3,1,3
2017010010848,1,90,0,18,2,2,0,0,0,0,1,1,6,1,63,9,493,1,2,7,1,7
2017010010848,2,9,0,9,2,5,0,0,0,0,4,1,6,1,25,5,1395,1,3,8,1,8
2017010010851,1,9,0,15,0,0,0,0,0,0,4,1,2,1,63,9,1596,1,10,8,1,8
2017010010851,2,1,0,15,0,0,0,0,0,0,3,1,6,1,21,5,-1,-1,-1,2,1,2
2017010010852,1,9,0,9,0,5,0,0,0,0,1,1,2,1,40,7,1975,1,10,3,1,3
2017010010852,2,2,0,5,0,8,0,0,0,0,1,1,2,1,48,8,-1,-1,-1,5,1,5
2017010010853,1,9,0,9,0,8,0,0,0,0,1,1,2,2,37,7,1900,2,17,9,1,9
2017010010853,2,9,0,17,0,8,0,0,0,0,3,1,6,1,38,7,1600,1,12,5,1,5
2017010010858,1,8,0,9,0,5,0,0,0,0,0,1,1,1,63,9,2402,2,15,2,1,2
2017010010858,2,9,0,18,0,8,0,0,0,0,1,1,6,1,20,4,2204,2,11,3,1,3
2017010010859,1,9,0,17,0,1,0,12,7,2,1,1,6,1,30,6,1781,1,15,3,1,3
2017010010860,1,9,0,18,0,8,0,0,0,0,1,1,2,1,36,7,1968,2,11,2,1,2
2017010010860,2,8,0,5,0,8,0,0,0,0,4,1,1,1,35,6,1995,2,6,3,1,3
2017010010862,1,8,0,9,0,8,0,0,0,0,1,1,2,1,54,8,-1,-1,-1,1,1,1
2017010010862,2,3,0,18,0,8,0,0,0,0,1,1,6,1,21,5,125,1,2,1,1,1
2017010010863,1,8,0,5,0,1,0,0,0,0,1,1,1,1,44,7,2402,2,11,1,1,1
2017010010864,1,9,0,4,0,4,0,0,0,0,2,1,2,1,51,8,1685,2,1,4,1,4
2017010010864,2,9,0,18,0,1,0,0,0,0,1,1,6,1,21,5,2143,2,1,9,1,9
2017010010865,1,3,0,18,0,8,0,0,0,0,1,1,6,3,-1,-1,-1,-1,-1,-1,-1,-1
2017010010867,1,9,0,18,0,1,0,0,0,0,3,1,2,1,47,8,1461,2,11,2,1,2
2017010010867,2,3,0,18,0,1,0,0,0,0,4,1,2,1,22,5,124,1,4,4,1,4
2017010010867,3,9,0,2,0,1,0,0,0,0,2,1,6,3,-1,-1,1956,2,3,-1,-1,-1
2017010010869,1,9,0,13,0,8,0,0,0,0,1,1,6,3,-1,-1,-1,-1,-1,-1,-1,-1
2017010010869,2,1,0,18,0,8,0,0,0,0,2,1,1,2,25,5,-1,-1,-1,5,1,5
2017010010870,1,9,0,9,0,6,0,0,0,0,3,1,1,1,50,8,1896,2,13,3,1,3
2017010010870,2,3,0,18,0,1,0,0,0,0,1,1,2,1,30,6,125,1,12,6,1,6
2017010010880,1,9,0,18,0,4,0,0,0,0,4,-1,6,1,27,6,2148,2,10,2,1,2
2017010010880,2,9,0,18,0,4,0,0,0,0,1,-1,6,3,-1,-1,1956,2,2,-1,-1,-1
2017010010885,1,5,0,13,0,1,0,0,0,0,4,1,2,1,42,7,1050,1,6,2,1,2
2017010010885,2,9,0,13,0,1,0,0,0,0,0,1,6,1,26,6,2199,2,5,-1,-1,-1
2017010010897,1,19,0,18,0,1,0,0,0,0,1,1,1,1,45,7,2198,2,5,3,1,3
2017010010898,1,9,0,18,0,2,0,0,0,0,1,1,6,3,-1,-1,-1,-1,-1,-1,-1,-1
2017010010898,2,1,0,18,0,1,0,0,0,0,3,1,2,2,48,8,-1,-1,-1,7,1,7
2017010010910,1,1,0,18,0,1,-1,-1,-1,-1,1,1,6,1,27,6,-1,-1,-1,8,1,8
2017010010910,2,9,-1,10,0,2,-1,-1,-1,-1,-1,-1,6,2,-1,-1,1198,1,5,6,1,6
2017010010922,1,1,0,18,0,1,5,0,0,0,1,1,6,1,-1,-1,-1,-1,-1,1,1,1
2017010010923,1,9,0,18,6,1,0,0,0,0,3,1,3,2,32,6,1995,1,11,5,1,5
2017010010930,1,9,0,4,0,0,0,0,0,0,2,1,6,1,44,7,1796,1,14,7,1,7
2017010010930,2,9,0,4,0,0,0,0,0,0,1,1,6,1,39,7,1984,1,14,8,1,8
2017010010950,1,10,-1,18,0,8,-1,0,0,0,4,-1,6,1,51,8,-1,-1,-1,6,1,6
2017010010950,2,9,-1,9,0,6,-1,0,0,0,1,-1,6,2,18,4,1242,1,6,-1,-1,-1
2017010010953,1,1,-1,18,0,8,0,-1,0,0,-1,1,6,1,28,6,-1,-1,-1,7,1,7
2017010010953,2,9,5,18,0,4,0,-1,0,0,3,-1,6,1,-1,-1,1598,1,15,9,1,9
2017010010954,1,9,0,11,0,1,0,0,0,0,1,2,2,1,59,9,1299,1,9,5,1,5
2017010010954,2,3,0,18,0,1,1,0,1,0,3,1,2,1,20,4,124,1,5,2,1,2
2017010010970,1,9,0,18,0,1,0,0,0,0,4,1,6,2,37,7,-1,-1,-1,2,1,2
2017010010970,2,9,0,18,0,1,0,0,0,0,1,1,6,2,64,9,1997,2,3,6,1,6
2017010010972,1,1,0,5,0,8,0,0,1,0,4,1,2,1,59,9,-1,-1,-1,9,1,9
2017010010972,2,11,0,5,0,8,0,0,0,0,4,1,1,1,28,6,7300,2,14,2,1,2
2017010010973,1,9,-1,-1,-1,-1,-1,-1,-1,-1,-1,-1,6,3,-1,-1,-1,-1,-1,-1,-1,-1
2017010010978,1,9,-1,18,0,3,0,0,0,0,4,1,6,1,23,5,1995,1,7,3,1,3
2017010010978,2,9,0,-1,0,4,0,0,0,0,1,1,6,1,83,11,1390,1,15,-1,-1,-1
2017010010980,1,9,0,18,0,1,0,0,0,0,3,1,2,2,44,7,998,1,1,5,1,5
2017010010980,2,90,0,11,0,1,0,0,0,0,1,1,1,1,52,8,-1,-1,-1,9,2,9
2017010010988,1,11,0,5,2,0,0,0,0,0,0,1,1,1,33,6,9000,2,8,6,1,6
2017010010989,1,2,0,18,0,1,1,0,0,0,0,1,2,2,31,6,49,1,3,7,1,7
2017010010989,2,19,0,3,0,2,0,0,0,0,0,1,1,1,28,6,2402,2,12,8,1,8
2017010010991,1,9,0,18,0,8,0,0,0,0,1,1,2,1,36,7,2993,2,5,3,1,3
2017010010991,2,19,0,18,0,8,0,0,0,0,3,1,1,1,31,6,2402,2,5,-1,-1,-1
2017010011002,1,11,0,13,0,2,0,0,0,0,4,1,1,1,54,8,7300,2,13,9,1,9
2017010011002,2,1,0,18,0,1,0,0,0,0,3,1,6,2,53,8,-1,-1,-1,8,1,8
2017010011003,1,21,0,4,0,1,0,0,0,0,2,1,1,1,38,7,4461,2,5,4,1,4
2017010011003,2,21,0,4,0,1,0,0,0,0,1,1,1,1,27,6,-1,-1,-1,5,1,5
2017010011007,1,9,0,18,0,8,0,0,0,0,4,1,2,2,46,8,1299,1,17,1,1,1
2017010011007,2,9,0,18,0,8,0,0,0,0,1,1,1,1,25,5,998,1,11,2,1,2
2017010011010,1,19,0,9,0,8,0,0,0,0,4,1,1,1,21,5,2198,2,3,10,1,10
2017010011010,2,4,0,13,0,8,0,0,0,0,4,1,6,1,60,9,1690,1,4,4,1,4
2017010011020,1,9,-1,-1,0,1,-1,-1,0,0,-1,-1,6,2,-1,-1,1339,1,11,-1,-1,-1
2017010011021,1,9,0,5,0,4,0,0,0,0,1,1,6,2,30,6,1895,1,17,5,1,5
2017010011021,2,9,0,5,0,4,0,0,0,0,1,1,6,1,52,8,2987,2,5,4,1,4
2017010011025,1,9,0,13,0,3,0,0,0,0,4,1,2,1,23,5,2979,1,14,7,1,7
2017010011026,1,9,0,9,0,3,0,0,0,0,1,1,6,2,28,6,1896,2,14,3,1,3
2017010011026,2,9,0,5,0,4,0,0,0,0,1,1,6,1,29,6,1910,2,12,3,1,3
2017010011027,1,9,0,3,0,-1,0,0,0,0,2,1,6,2,30,6,1896,2,13,2,1,2
2017010011027,2,9,0,18,0,-1,0,0,0,0,1,1,6,1,-1,-1,1968,2,6,1,1,1
2017010011037,1,9,0,18,9,0,0,0,1,4,1,1,6,1,21,5,1794,1,15,2,1,2
2017010011046,1,19,4,5,0,2,0,0,0,0,2,1,1,1,54,8,1995,2,1,7,1,7
2017010011052,1,11,0,18,0,0,0,0,0,0,0,1,1,2,45,7,4500,2,7,3,1,3
2017010011060,1,20,0,18,0,0,0,0,0,0,0,1,6,1,65,9,5880,2,20,-1,-1,-1
2017010011060,2,21,4,18,0,0,0,0,0,0,1,1,1,1,39,7,12900,2,5,9,3,9
2017010011060,3,8,0,18,0,0,0,0,0,0,2,1,6,1,26,6,2143,2,5,9,1,9
2017010011076,1,9,0,18,0,1,0,0,0,0,4,1,6,2,24,5,1461,2,3,1,1,1
2017010011077,1,11,0,18,0,1,0,0,0,0,0,1,1,1,38,7,9360,2,7,2,1,2
2017010011083,1,9,0,18,0,2,0,0,0,0,1,1,6,1,54,8,1797,8,7,6,1,6
2017010011084,1,3,0,3,0,1,0,0,0,0,2,1,1,1,56,9,125,1,8,2,1,2
2017010011084,2,9,0,5,0,1,0,0,0,0,1,1,2,2,60,9,1124,1,15,3,1,3
2017010011085,1,9,0,7,0,1,0,0,0,0,1,1,1,1,38,7,3993,1,3,8,1,8
2017010011085,2,1,3,18,0,1,0,0,0,0,1,1,2,1,31,6,-1,-1,-1,4,1,4
2017010011086,1,8,0,12,0,1,0,0,0,0,4,1,1,1,35,6,1339,8,6,3,1,3
2017010011086,2,2,0,18,0,1,5,0,0,0,1,1,6,1,20,4,278,1,5,4,1,4
2017010011087,1,3,0,17,0,4,2,0,0,0,2,1,2,1,26,6,125,1,2,1,1,1
2017010011087,2,9,0,17,0,4,0,0,0,0,1,1,6,1,42,7,1995,2,12,2,1,2
2017010011088,1,11,0,9,0,1,0,0,0,0,3,1,1,1,43,7,9360,2,7,1,1,1
2017010011088,2,5,0,18,0,8,0,0,0,0,2,1,6,1,26,6,998,1,1,7,1,7
2017010011089,1,9,0,7,0,1,0,0,0,0,1,1,6,1,49,8,2616,1,13,4,1,4
2017010011089,2,1,0,18,0,1,1,0,0,0,1,1,6,2,27,6,-1,-1,-1,3,1,3
2017010011090,1,11,0,4,0,6,0,0,0,0,0,1,1,1,60,9,6692,2,4,3,1,3
2017010011091,1,9,0,18,0,0,0,0,0,0,1,1,2,1,61,9,1995,2,9,9,1,9
2017010011092,1,9,0,5,0,6,0,0,0,0,1,1,2,1,44,7,1975,1,12,5,1,5
2017010011092,2,5,0,18,0,1,0,0,0,0,4,1,2,1,48,8,599,1,6,9,2,9
2017010011093,1,9,0,18,0,2,0,0,0,0,1,1,1,2,56,9,1595,1,11,9,1,9
2017010011095,1,11,0,18,0,2,0,0,0,0,4,1,1,2,44,7,6700,2,5,2,1,2
2017010011095,2,1,0,5,0,2,0,0,0,0,1,1,2,1,28,6,-1,-1,-1,7,1,7
2017010011096,1,19,0,18,0,1,0,0,0,0,0,1,6,3,-1,-1,-1,-1,-1,-1,-1,-1
2017010011097,1,9,0,9,0,5,0,0,0,0,1,1,6,1,78,11,1124,1,11,6,1,6
2017010011097,2,1,0,18,0,8,0,0,0,0,1,1,6,1,20,4,-1,-1,-1,2,1,2
2017010011098,1,19,0,18,0,6,0,0,0,0,1,1,6,3,-1,-1,-1,-1,-1,-1,-1,-1
2017010011098,2,1,0,18,0,8,0,0,0,0,1,1,2,2,26,6,-1,-1,-1,4,2,4
2017010011099,1,9,0,4,0,0,0,0,0,0,2,1,1,1,35,6,1560,2,2,7,1,7
2017010011099,2,9,0,4,0,0,0,0,0,0,1,1,2,1,22,5,1242,1,10,5,1,5
2017010011100,1,9,0,9,0,4,0,0,0,0,1,1,2,1,63,9,1686,2,8,10,1,10
2017010011101,1,9,0,18,0,1,0,0,0,0,3,1,6,2,44,7,1591,1,3,7,1,7
2017010011101,2,9,0,9,0,6,0,0,0,0,1,1,6,1,34,6,1995,2,11,9,1,9
2017010011102,1,3,0,18,0,1,0,0,0,0,1,1,2,1,46,8,124,1,6,10,1,10
2017010011102,2,19,0,1,0,2,0,0,0,0,2,2,1,1,50,8,2143,2,1,8,1,8
2017010011104,1,4,0,18,0,1,1,0,0,0,2,1,6,1,27,6,459,1,14,2,1,2
2017010011104,2,9,0,6,0,1,0,0,0,0,1,1,6,2,33,6,1910,2,7,2,1,2
2017010011105,1,3,0,3,0,1,0,0,0,0,2,1,6,1,24,5,125,1,1,2,1,2
2017010011105,2,9,0,18,0,1,0,0,0,0,1,1,6,3,-1,-1,-1,-1,-1,-1,-1,-1
2017010011108,1,1,0,18,0,4,0,0,0,0,1,1,6,1,27,6,-1,-1,-1,6,1,6
2017010011108,2,9,0,18,0,4,0,0,0,0,1,1,6,1,37,7,2967,2,6,9,1,9
2017010011109,1,3,0,18,0,0,2,4,0,0,4,1,6,2,45,7,124,1,12,4,1,4
2017010011109,2,9,0,5,0,0,0,0,0,0,3,1,6,3,-1,-1,-1,-1,-1,-1,-1,-1
2017010011111,1,9,0,18,0,1,5,4,6,0,1,2,6,1,45,7,1398,1,1,-1,-1,-1
2017010011111,2,9,0,2,6,1,0,0,0,0,3,2,6,3,-1,-1,1388,1,13,-1,-1,-1
2017010011112,1,9,0,9,0,1,0,0,0,0,1,1,6,1,51,8,998,1,18,5,1,5
2017010011113,1,9,0,18,0,0,0,0,0,0,1,1,6,3,-1,-1,-1,-1,-1,-1,-1,-1
2017010011114,1,9,0,18,0,1,0,0,0,0,1,1,6,1,85,11,2179,2,5,8,1,8
2017010011114,2,9,0,4,0,1,0,0,0,0,2,1,6,1,43,7,3199,1,14,-1,-1,-1
2017010011115,1,2,0,7,0,8,0,0,0,0,1,1,6,3,-1,-1,-1,-1,-1,-1,-1,-1
2017010011115,2,1,0,9,0,1,0,0,0,0,1,1,6,1,29,6,-1,-1,-1,2,1,2
2017010011116,1,9,0,18,0,1,0,0,0,0,1,1,6,1,18,4,1796,1,16,5,3,5
2017010011116,2,9,0,7,0,1,0,0,0,0,1,1,1,1,69,10,-1,-1,-1,4,1,4
2017010011116,3,9,0,2,0,1,0,0,0,0,1,1,6,3,-1,-1,1248,2,11,-1,-1,-1
2017010011116,4,9,0,2,0,1,0,0,0,0,1,1,6,3,-1,-1,1995,1,7,-1,-1,-1
2017010011118,1,19,0,13,0,1,0,0,0,0,4,1,6,3,-1,-1,-1,-1,-1,-1,-1,-1
2017010011118,2,9,0,7,0,1,0,0,0,0,1,2,6,2,26,6,1242,1,4,4,1,4
2017010011119,1,9,0,18,0,1,0,0,0,0,1,1,6,2,34,6,1968,2,8,-1,-1,-1
2017010011125,1,9,0,5,0,0,0,0,0,0,1,1,2,1,31,6,1390,1,6,10,1,10
2017010011125,2,2,0,18,0,0,0,0,0,0,1,1,2,1,55,8,49,1,26,10,1,10
2017010011147,1,9,-1,-1,0,3,-1,-1,-1,-1,-1,-1,6,3,-1,-1,-1,-1,-1,-1,-1,-1
2017010011147,2,1,-1,18,0,3,-1,-1,-1,-1,-1,1,6,1,38,7,-1,-1,-1,5,1,5
2017010011162,1,9,0,18,0,0,0,0,0,0,3,1,6,1,-1,-1,-1,-1,-1,8,1,8
2017010011176,1,5,-1,-1,-1,-1,-1,-1,-1,-1,-1,1,6,1,30,6,599,1,14,7,1,7
2017010011176,2,19,-1,-1,-1,-1,-1,-1,-1,-1,-1,-1,6,3,-1,-1,2198,2,3,-1,-1,-1
2017010011187,1,19,0,9,0,8,0,0,0,0,1,1,1,1,48,8,1896,2,10,4,1,4
2017010011187,2,3,0,10,0,8,0,0,0,0,1,1,1,1,37,7,124,1,14,4,1,4
2017010011193,1,9,-1,4,0,1,0,0,0,0,2,-1,6,1,39,7,1368,1,6,4,1,4
2017010011193,2,9,-1,18,0,1,0,0,0,0,1,-1,6,1,-1,-1,-1,-1,-1,-1,-1,-1
2017010011212,1,11,0,5,0,1,0,0,0,0,0,1,1,1,41,7,6692,2,8,4,1,4
2017010011213,1,1,0,18,4,1,0,0,0,0,1,1,1,1,37,7,-1,-1,-1,5,1,5
2017010011213,2,9,0,7,0,5,0,0,0,0,4,1,6,2,27,6,1398,1,5,4,1,4
2017010011218,1,8,0,1,0,0,0,0,0,0,2,1,6,1,31,6,1598,2,6,2,1,2
2017010011221,1,9,0,1,9,0,0,0,0,0,2,1,6,1,46,8,1596,1,2,3,1,3
2017010011231,1,3,-1,-1,-1,0,-1,-1,-1,-1,-1,1,6,1,42,7,125,1,4,2,1,2