Accident_Index,Vehicle_Reference,Vehicle_Type,Towing_and_Articulation,Vehicle_Manoeuvre,Vehicle_Location-Restricted_Lane,Junction_Location,Skidding_and_Overturning,Hit_Object_in_Carriageway,Vehicle_Leaving_Carriageway,Hit_Object_off_Carriageway,1st_Point_of_Impact,Was_Vehicle_Left_Hand_Drive?,Journey_Purpose_of_Driver,Sex_of_Driver,Age_of_Driver,Age_Band_of_Driver,Engine_Capacity_(CC),Propulsion_Code,Age_of_Vehicle,Driver_IMD_Decile,Driver_Home_Area_Type,Vehicle_IMD_Decile
2017010012125,4,9,0,3,0,0,0,4,0,0,2,1,2,1,35,6,2000,2,11,4,1,4
2017010012125,5,9,0,4,0,0,0,4,0,0,1,1,2,1,33,6,1898,2,17,4,1,4
2017010012144,1,9,0,18,0,2,0,0,0,0,1,1,1,2,35,6,1242,1,5,8,1,8
2017010012144,2,9,0,18,0,2,0,4,0,0,1,1,6,2,46,8,1461,2,2,-1,-1,-1
2017010012144,3,9,0,18,0,2,0,0,0,0,2,1,1,1,27,6,1995,2,7,8,1,8
2017010012149,1,9,0,18,0,1,-1,-1,-1,-1,1,2,6,2,47,8,1360,1,13,3,1,3
2017010012149,2,9,0,18,0,-1,-1,-1,-1,-1,1,-1,6,1,21,5,1598,2,1,3,1,3
2017010012153,1,8,-1,-1,0,2,-1,8,0,0,4,-1,6,1,66,10,-1,-1,-1,-1,-1,-1
2017010012153,2,1,-1,18,4,1,-1,-1,0,0,3,1,6,1,32,6,-1,-1,-1,2,1,2
2017010012157,1,1,0,18,0,1,-1,-1,0,0,4,1,6,2,29,6,-1,-1,-1,3,1,3
2017010012157,2,9,0,7,0,6,0,-1,0,0,1,-1,6,1,24,5,1398,1,7,-1,-1,-1
2017010012169,1,4,0,18,0,1,1,0,0,0,1,1,2,1,49,8,250,1,4,7,1,7
2017010012169,2,90,0,18,0,1,0,0,0,0,0,2,2,1,59,9,-1,-1,-1,-1,-1,-1
2017010012171,1,9,-1,18,0,8,0,-1,0,0,1,-1,6,3,-1,-1,-1,-1,-1,-1,-1,-1
2017010012175,1,9,0,18,0,1,0,0,0,0,1,1,6,3,-1,-1,1242,1,15,-1,-1,-1
2017010012177,1,9,0,18,0,6,0,0,0,0,3,1,3,1,43,7,2987,2,8,3,1,3
2017010012179,1,9,0,5,0,8,0,0,0,0,1,1,6,2,30,6,1396,1,8,7,1,7
2017010012179,2,9,0,18,0,1,0,0,0,0,1,1,6,2,46,8,1390,1,16,3,1,3
2017010012184,1,2,0,3,0,0,0,0,0,0,1,1,1,1,44,7,49,1,6,4,1,4
2017010012184,2,9,0,1,0,0,0,0,0,0,2,1,6,3,-1,-1,-1,-1,-1,-1,-1,-1
2017010012199,1,1,-1,-1,-1,-1,-1,-1,-1,-1,-1,1,6,1,25,5,-1,-1,-1,5,1,5
2017010012199,2,9,-1,-1,-1,-1,-1,-1,-1,-1,-1,-1,6,1,29,6,1618,1,3,7,3,7
2017010012202,1,9,0,18,0,0,0,0,0,0,1,1,6,2,59,9,1598,2,5,3,1,3
2017010012207,1,9,0,7,0,8,0,0,0,0,4,1,6,2,45,7,1598,1,5,2,1,2
2017010012209,1,9,0,18,9,1,0,0,0,0,1,1,6,1,39,7,2996,8,2,10,1,10
2017010012220,1,11,0,4,0,2,0,0,0,0,0,1,1,1,37,7,9360,2,6,1,1,1
2017010012223,1,1,-1,-1,0,0,-1,-1,-1,-1,-1,1,6,1,37,7,-1,-1,-1,2,1,2
2017010012223,2,9,-1,-1,-1,0,-1,-1,-1,-1,-1,-1,6,1,-1,-1,1998,1,27,3,1,3
2017010012227,1,11,0,10,0,6,0,0,0,0,0,1,6,1,29,6,9400,2,12,7,1,7
2017010012234,1,9,0,5,0,1,0,0,0,0,4,1,6,1,36,7,1396,1,15,-1,-1,-1
2017010012234,2,9,0,18,0,2,0,0,0,0,4,1,6,3,-1,-1,1560,2,9,-1,-1,-1
2017010012236,1,11,0,18,0,1,0,0,0,0,1,1,1,1,59,9,-1,-1,-1,5,1,5
2017010012236,2,8,0,18,0,1,0,0,1,0,3,1,1,1,47,8,2499,2,10,8,3,8
2017010012239,1,19,0,18,0,0,1,4,0,0,1,1,1,1,37,7,1968,2,1,5,1,5
2017010012239,2,9,0,6,0,0,0,4,0,0,3,1,6,2,28,6,1598,1,11,2,1,2
2017010012239,3,9,0,2,0,0,0,0,0,0,3,1,6,3,-1,-1,1598,1,12,-1,-1,-1
2017010012239,4,9,0,2,0,0,0,0,0,0,1,1,6,3,-1,-1,1124,1,13,-1,-1,-1
2017010012239,5,9,0,2,0,0,0,0,0,0,3,1,6,3,-1,-1,1991,2,13,-1,-1,-1
2017010012252,1,8,0,10,0,0,0,0,0,0,3,1,6,1,52,8,-1,-1,-1,2,1,2
2017010012252,2,19,0,18,0,0,0,0,0,0,4,1,6,1,49,8,4249,2,4,1,1,1
2017010012253,1,9,4,4,0,0,0,0,0,0,1,1,1,1,63,9,2198,2,6,6,1,6
2017010012253,2,9,0,4,0,0,0,0,0,0,2,1,6,1,45,7,1896,2,15,9,1,9
2017010012260,1,9,0,4,0,0,0,0,0,0,2,1,1,2,45,7,1896,2,12,4,1,4
2017010012260,2,9,0,4,0,0,0,0,0,0,1,1,6,1,31,6,996,1,3,4,1,4
2017010012262,1,1,-1,-1,-1,-1,-1,-1,-1,-1,-1,1,6,1,30,6,-1,-1,-1,6,1,6
2017010012264,1,9,0,9,0,5,0,0,0,0,3,1,6,1,17,4,1995,2,6,3,1,3
2017010012264,2,9,0,10,0,1,0,0,0,0,1,2,6,2,56,9,1197,1,2,7,1,7
2017010012272,1,9,0,18,0,2,5,4,0,0,1,1,6,1,87,11,1339,1,12,6,1,6
2017010012272,2,9,0,18,0,2,0,0,0,0,3,1,1,1,53,8,1797,8,7,4,1,4
2017010012275,1,9,-1,18,0,2,0,0,0,0,1,-1,6,3,-1,-1,1497,8,8,-1,-1,-1
2017010012281,1,9,0,4,0,2,0,0,0,0,1,1,6,1,36,7,1781,1,18,4,1,4
2017010012281,2,1,0,4,0,2,0,0,0,0,2,1,6,1,47,8,-1,-1,-1,1,1,1
2017010012283,1,9,0,18,0,-1,2,-1,-1,-1,4,-1,6,2,20,4,1199,1,13,8,1,8
2017010012283,2,9,-1,-1,-1,-1,-1,-1,-1,-1,-1,-1,6,3,-1,-1,698,1,13,-1,-1,-1
2017010012284,1,8,0,1,0,1,0,0,0,0,2,1,1,1,52,8,1968,2,6,5,1,5
2017010012300,1,1,0,3,5,1,0,-1,0,0,1,1,2,2,30,6,-1,-1,-1,4,1,4
2017010012300,2,90,-1,9,0,7,0,0,0,0,3,-1,6,1,18,4,-1,-1,-1,-1,-1,-1
2017010012311,1,9,0,18,0,2,0,0,0,0,1,1,6,1,74,10,1998,1,13,6,1,6
2017010012319,1,9,0,18,0,1,0,8,0,0,3,1,6,1,30,6,1896,2,15,3,1,3
2017010012319,2,1,0,18,0,1,0,8,7,0,1,1,1,1,45,7,-1,-1,-1,2,1,2
2017010012321,1,9,-1,18,-1,-1,-1,-1,-1,-1,1,-1,6,1,43,7,1992,2,9,-1,-1,-1
2017010012321,2,9,-1,1,-1,-1,-1,-1,-1,-1,2,-1,6,3,-1,-1,2967,2,1,-1,-1,-1
2017010012323,1,9,0,1,0,5,0,0,0,0,2,1,1,1,46,8,1797,8,6,4,1,4
2017010012325,1,9,0,18,0,8,0,0,0,0,1,1,6,2,51,8,1422,2,1,4,2,4
2017010012325,2,9,0,18,0,6,0,0,0,0,1,1,6,1,71,10,1968,2,3,5,1,5
2017010012326,1,9,-1,14,0,-1,0,0,0,0,0,-1,6,3,-1,-1,1598,2,4,-1,-1,-1
2017010012327,1,9,0,16,0,1,0,0,0,0,1,1,6,2,65,9,1799,1,7,6,1,6
2017010012328,1,1,0,5,0,1,0,0,0,0,1,1,1,1,28,6,-1,-1,-1,2,1,2
2017010012329,1,9,0,9,0,1,0,0,0,0,1,1,6,1,26,6,1984,2,8,4,1,4
2017010012331,1,8,0,5,6,6,0,0,0,0,3,1,1,1,51,8,1598,1,9,6,1,6
2017010012331,2,9,0,18,6,6,0,0,0,0,4,1,6,1,32,6,1900,2,12,4,1,4
2017010012333,1,9,0,3,0,0,0,0,0,0,2,1,2,1,45,7,1248,2,10,4,1,4
2017010012333,2,9,0,3,0,0,0,0,0,0,2,1,2,2,42,7,1598,1,1,1,1,1
2017010012333,3,19,0,3,0,0,0,0,0,0,2,1,6,1,52,8,1753,2,11,3,1,3
2017010012333,4,9,0,3,0,0,0,0,0,0,2,1,2,1,55,8,-1,-1,-1,7,1,7
2017010012333,5,21,1,18,0,0,0,0,0,0,1,1,6,1,21,5,12777,2,4,3,1,3
2017010012334,1,11,0,5,3,8,0,0,0,0,0,1,6,1,38,7,7300,2,11,1,1,1
2017010012335,1,9,0,3,0,0,0,0,0,0,2,1,2,1,29,6,1461,2,1,6,1,6
2017010012335,2,9,0,18,0,0,0,0,0,0,1,1,2,2,49,8,1329,1,5,10,1,10
2017010012336,1,9,0,18,0,0,0,0,0,0,2,1,2,1,58,9,1997,2,2,8,1,8
2017010012336,2,9,0,18,0,0,0,0,0,0,1,1,2,2,35,6,1398,2,15,5,1,5
2017010012337,1,19,0,3,0,2,0,0,0,0,1,1,1,1,44,7,1995,2,4,3,1,3
2017010012338,1,8,0,4,2,2,0,0,0,0,2,1,1,1,44,7,2499,2,10,9,1,9
2017010012338,2,1,0,18,0,2,0,4,0,0,1,1,2,1,29,6,-1,-1,-1,2,1,2
2017010012339,1,9,0,18,0,0,0,0,0,0,3,1,6,2,78,11,1299,1,15,8,1,8
2017010012341,1,9,0,7,0,3,0,0,0,0,1,1,6,2,35,6,1398,1,7,5,1,5
2017010012341,2,9,0,18,0,8,0,0,0,0,3,1,6,2,78,11,1598,1,13,6,1,6
2017010012342,1,11,0,18,0,1,0,0,0,0,0,1,1,1,47,8,6692,2,6,3,1,3
2017010012343,1,19,0,3,0,1,0,0,0,0,1,1,1,1,39,7,2198,2,2,3,1,3
2017010012343,2,9,0,18,0,1,0,0,0,0,2,1,6,2,51,8,973,1,15,3,1,3
2017010012344,1,9,0,9,0,5,0,0,0,0,4,1,6,1,32,6,1910,2,7,3,1,3
2017010012344,2,3,0,18,0,8,0,0,0,0,1,1,6,1,48,8,124,1,5,4,1,4
2017010012345,1,9,0,18,0,0,0,0,0,0,1,1,6,2,71,10,1989,1,17,3,1,3
2017010012349,1,9,0,4,0,0,0,0,0,0,1,1,6,2,46,8,1332,1,18,3,1,3
2017010012350,1,9,0,10,0,1,0,0,0,0,1,1,2,1,42,7,-1,-1,-1,5,1,5
2017010012351,1,11,0,3,0,1,0,0,0,0,0,1,1,1,37,7,6871,2,10,-1,-1,-1
2017010012352,1,9,0,9,0,6,0,0,0,0,2,1,6,1,-1,-1,1998,2,10,1,1,1
2017010012352,2,1,0,18,0,1,0,0,0,0,2,1,1,1,33,6,-1,-1,-1,4,1,4
2017010012353,1,3,0,18,0,0,0,0,0,0,0,1,6,1,22,5,125,1,1,2,1,2
2017010012353,2,9,0,18,0,0,0,0,0,0,3,1,6,1,42,7,1560,2,5,2,1,2
2017010012354,1,9,0,9,0,2,0,10,7,10,1,2,6,2,73,10,-1,-1,-1,-1,-1,-1
2017010012355,1,19,0,2,0,1,0,0,0,0,0,1,6,3,-1,-1,2298,2,7,-1,-1,-1
2017010012355,2,3,0,18,0,1,0,0,0,0,0,1,6,1,29,6,108,1,2,6,1,6
2017010012356,1,9,0,18,0,1,0,0,0,0,1,1,6,1,42,7,1248,2,10,5,1,5
2017010012356,2,9,0,2,0,1,0,0,0,0,4,1,6,3,-1,-1,998,1,2,-1,-1,-1
2017010012359,1,8,0,9,0,1,0,0,0,0,1,1,6,1,42,7,1797,8,7,6,1,6
2017010012359,2,5,0,18,0,1,0,0,0,0,1,1,6,1,48,8,-1,-1,-1,7,1,7
2017010012360,1,9,0,18,0,1,0,0,0,0,1,1,6,1,30,6,2204,2,11,2,1,2
2017010012360,2,9,0,9,0,2,0,0,0,0,1,1,6,1,44,7,-1,-1,-1,5,1,5
2017010012363,1,3,0,18,0,4,1,10,0,0,1,1,6,1,25,5,124,1,7,5,1,5
2017010012364,1,9,0,18,0,3,0,0,0,0,3,1,6,2,28,6,998,1,2,8,1,8
2017010012364,2,9,0,9,0,8,0,0,0,0,1,1,6,1,30,6,2979,1,12,8,1,8
2017010012366,1,21,0,18,0,1,0,0,0,0,1,1,1,1,51,8,-1,-1,-1,2,1,2
2017010012366,2,9,0,9,0,8,0,0,0,0,1,1,6,2,18,4,1299,1,16,7,1,7
2017010012375,1,19,0,16,0,2,0,0,0,0,3,1,2,1,52,8,2299,2,4,3,1,3
2017010012388,1,9,0,5,0,0,0,0,0,0,4,1,6,1,39,7,1997,2,7,5,1,5
2017010012388,2,1,0,18,0,0,0,0,0,0,4,1,2,1,42,7,-1,-1,-1,10,1,10
2017010012393,1,9,0,18,0,3,0,0,0,0,2,-1,6,1,29,6,1598,1,10,4,1,4
2017010012393,2,9,0,18,0,4,0,0,0,0,1,-1,6,1,-1,-1,1968,2,1,-1,-1,-1
2017010012394,1,1,-1,11,0,1,0,-1,0,0,-1,1,6,1,27,6,-1,-1,-1,6,1,6
2017010012394,2,19,-1,-1,-1,1,-1,-1,-1,-1,-1,-1,6,3,-1,-1,2402,2,7,-1,-1,-1
2017010012398,1,1,-1,5,0,8,-1,0,-1,0,-1,1,6,1,34,6,-1,-1,-1,8,1,8
2017010012398,2,9,-1,18,0,-1,-1,-1,-1,-1,-1,-1,6,1,61,9,-1,-1,-1,6,2,6
2017010012409,1,19,0,10,0,0,0,0,0,0,1,1,3,1,-1,-1,2477,2,12,7,1,7
2017010012409,2,3,0,18,0,0,0,0,0,0,1,1,1,1,38,7,124,1,4,4,1,4
2017010012411,1,4,0,5,0,1,0,0,0,0,4,1,3,1,47,8,-1,-1,-1,8,1,8
2017010012412,1,9,0,18,0,1,0,0,0,0,4,1,6,2,22,5,1242,1,1,2,1,2
2017010012413,1,5,0,15,0,2,0,0,0,0,3,1,2,1,25,5,903,1,9,5,3,5
2017010012413,2,21,1,18,0,1,0,0,0,0,4,1,1,1,47,8,12777,2,6,9,1,9
2017010012419,1,3,0,14,0,1,0,0,0,0,4,1,2,1,38,7,124,1,2,10,1,10
2017010012419,2,9,0,10,0,1,0,0,0,0,1,1,3,2,31,6,1598,1,10,3,1,3
2017010012423,1,5,0,18,0,1,0,0,0,0,2,1,1,1,44,7,782,1,13,5,1,5
2017010012423,2,4,0,18,0,1,0,0,0,0,1,1,2,1,26,6,125,1,1,3,1,3
2017010012427,1,9,0,18,0,4,0,0,0,0,2,1,6,2,61,9,998,1,7,6,1,6
2017010012427,2,9,0,5,0,4,0,0,0,0,1,1,6,1,26,6,1390,1,14,2,1,2
2017010012437,1,3,0,18,0,2,2,0,0,0,3,1,2,1,55,8,125,1,10,5,1,5
2017010012438,1,9,0,18,0,0,0,0,0,0,4,1,2,2,56,9,1796,1,16,7,1,7
2017010012439,1,9,0,18,0,8,0,0,0,0,1,1,6,2,20,4,2143,2,2,3,1,3
2017010012452,1,19,0,10,0,8,0,0,0,0,1,2,2,1,36,7,1968,2,4,5,1,5
2017010012452,2,1,0,18,0,8,0,0,0,0,1,1,2,2,32,6,-1,-1,-1,3,1,3
2017010012453,1,9,-1,8,0,1,-1,0,0,0,3,-1,6,1,46,8,1797,8,7,2,1,2
2017010012453,2,9,-1,11,0,1,-1,0,0,0,4,-1,6,3,-1,-1,2967,2,5,-1,-1,-1
2017010012458,1,9,0,7,0,1,0,0,0,0,4,1,6,2,50,8,2000,2,17,5,1,5
2017010012458,2,1,0,18,0,1,1,0,0,0,4,1,1,1,35,6,-1,-1,-1,6,1,6
2017010012468,1,9,-1,-1,-1,1,-1,-1,-1,-1,1,1,6,2,26,6,1386,1,13,4,1,4
2017010012469,1,9,0,9,0,8,0,0,0,0,1,1,2,2,51,8,1598,1,11,6,1,6
2017010012469,2,5,0,18,0,1,0,0,0,0,1,1,2,1,51,8,996,1,9,4,1,4
2017010012474,1,3,0,18,0,1,0,0,0,0,2,1,6,1,32,6,124,1,18,10,1,10
2017010012474,2,9,0,18,0,1,-1,0,0,0,1,1,6,1,16,4,-1,-1,-1,-1,-1,-1
2017010012489,1,19,0,18,0,0,0,4,0,0,1,1,1,1,55,8,2998,2,2,-1,-1,-1
2017010012489,2,10,0,3,0,0,0,0,0,0,2,1,1,1,31,6,4249,2,6,-1,-1,-1
2017010012495,1,9,0,18,9,2,0,10,1,2,1,1,2,2,44,7,1686,2,3,4,1,4
2017010012499,1,5,0,18,0,0,2,7,1,0,3,1,2,2,42,7,998,1,3,4,1,4
2017010012499,2,3,0,18,0,0,2,7,1,0,4,1,2,1,26,6,124,1,3,7,1,7
2017010012499,3,9,0,18,0,0,2,7,1,0,4,1,2,1,30,6,493,1,1,4,1,4
2017010012499,4,3,0,18,0,0,2,0,1,0,4,1,2,2,27,6,124,1,3,5,1,5
2017010012505,1,19,0,4,0,0,0,0,0,0,1,1,1,1,36,7,2400,2,14,3,1,3
2017010012505,2,8,0,3,0,0,0,0,0,0,2,1,1,1,44,7,1984,2,9,3,1,3
2017010012508,1,9,0,3,0,2,0,0,0,0,2,1,1,1,54,8,1560,2,8,2,1,2
2017010012508,2,9,0,4,0,1,0,0,0,0,1,1,6,2,24,5,1364,1,10,1,1,1
2017010012511,1,9,0,18,0,2,0,0,0,0,1,1,2,1,52,8,1998,2,8,6,1,6
2017010012511,2,10,0,9,0,1,0,0,0,0,4,1,1,1,21,5,2198,2,5,10,1,10
2017010012514,1,19,0,1,0,1,0,0,0,0,2,1,1,1,45,7,1560,2,2,2,1,2
2017010012515,1,8,0,9,0,6,0,0,0,0,1,1,1,1,52,8,2143,2,3,2,1,2
2017010012515,2,5,0,18,0,8,0,0,0,0,1,1,6,1,39,7,645,1,14,4,1,4
2017010012516,1,3,0,18,0,0,1,0,0,0,0,1,6,1,28,6,125,1,6,5,1,5
2017010012517,1,2,0,18,0,1,0,0,0,0,1,1,2,2,24,5,48,1,8,2,1,2
2017010012522,1,11,0,18,0,3,0,0,0,0,0,1,6,3,-1,-1,7300,2,13,-1,-1,-1
2017010012527,1,9,0,8,0,7,0,0,0,0,2,1,6,2,38,7,1560,2,6,10,1,10
2017010012527,2,9,0,4,0,1,0,0,0,0,1,1,6,2,22,5,1197,1,1,6,1,6
2017010012535,1,9,0,3,0,-1,0,0,0,0,2,-1,2,1,43,7,1797,8,7,2,1,2
2017010012535,2,9,0,-1,0,-1,0,0,-1,0,1,-1,6,3,-1,-1,1797,8,3,-1,-1,-1
2017010012537,1,9,0,10,0,8,0,0,0,0,1,1,6,2,26,6,1560,2,3,2,1,2
2017010012537,2,1,0,4,0,1,0,0,0,0,1,1,6,2,58,9,-1,-1,-1,3,1,3
2017010012539,1,9,0,9,0,8,0,0,0,0,1,1,6,1,34,6,1339,1,12,5,1,5
2017010012541,1,9,0,1,0,1,0,0,0,0,2,1,6,1,21,5,1390,1,5,9,1,9
2017010012544,1,10,0,9,0,8,0,0,0,0,1,1,1,1,62,9,-1,-1,-1,-1,-1,-1
2017010012547,1,19,0,7,0,1,0,11,0,0,4,1,1,1,27,6,5880,2,9,5,1,5
2017010012547,2,1,0,7,0,1,5,11,0,0,2,1,2,1,49,8,-1,-1,-1,8,1,8
2017010012552,1,9,0,18,0,2,0,0,0,0,3,1,6,2,31,6,1598,2,3,9,1,9
2017010012553,1,3,0,18,0,8,0,0,0,0,0,1,6,1,29,6,-1,-1,-1,2,1,2
2017010012553,2,9,0,9,-1,8,0,0,0,0,0,-1,6,1,26,6,-1,-1,-1,5,1,5
2017010012556,1,9,0,18,0,1,0,0,0,0,2,-1,6,2,61,9,1997,2,15,6,1,6
2017010012556,2,9,-1,18,0,1,0,0,0,0,1,-1,6,2,23,5,1364,1,9,6,1,6
2017010012558,1,9,0,4,0,0,0,0,0,0,2,1,6,1,47,8,1796,1,16,4,1,4
2017010012558,2,9,0,4,0,0,0,0,0,0,1,1,6,2,26,6,1390,1,11,6,1,6
2017010012567,1,9,0,18,0,8,0,0,0,0,3,1,6,2,62,9,1499,2,1,-1,-1,-1
2017010012567,2,9,0,7,0,1,0,0,0,0,1,1,6,1,74,10,1198,1,6,2,1,2
2017010012573,1,9,0,18,0,6,0,0,0,0,1,1,6,2,58,9,1596,1,12,6,1,6
2017010012573,2,9,0,18,0,1,0,0,1,0,3,1,1,2,58,9,1587,1,12,2,1,2
2017010012580,1,1,-1,10,0,1,0,-1,0,0,1,1,6,2,29,6,-1,-1,-1,3,1,3
2017010012580,2,9,-1,10,0,1,0,-1,0,0,1,-1,6,2,18,4,1800,1,18,-1,-1,-1
2017010012581,1,5,0,18,0,1,5,0,0,0,0,1,2,1,44,7,942,1,3,2,1,2
2017010012583,1,3,-1,18,0,8,5,0,0,0,-1,1,6,1,45,7,125,1,3,5,1,5
2017010012583,2,9,-1,18,0,6,-1,0,0,0,1,-1,6,1,54,8,-1,-1,-1,4,1,4
2017010012589,1,9,0,18,0,1,0,0,0,0,1,1,6,1,38,7,2993,2,5,2,1,2
2017010012589,2,9,0,9,0,1,0,0,0,0,2,1,6,1,37,7,999,1,7,7,1,7
2017010012589,3,9,0,18,0,1,0,0,0,0,1,1,6,2,56,9,1242,1,8,5,1,5
2017010012593,1,11,0,4,2,1,0,0,0,0,0,1,1,1,29,6,6700,2,5,4,1,4
2017010012594,1,9,0,18,0,0,0,0,0,0,4,1,6,1,19,4,1388,1,13,4,1,4
2017010012594,2,9,0,9,0,0,0,0,0,0,3,1,3,1,48,8,1998,1,2,9,1,9
2017010012595,1,8,0,18,0,1,0,0,0,0,1,1,1,1,47,8,1798,8,3,2,1,2
2017010012596,1,9,0,18,0,0,0,0,0,0,1,1,6,2,44,7,2776,2,9,2,1,2
2017010012598,1,9,0,1,9,0,0,8,0,0,1,2,6,2,88,11,1461,2,7,-1,-1,-1
2017010012600,1,8,0,4,0,1,0,0,0,0,2,2,1,1,48,8,2402,2,11,7,1,7
2017010012600,2,1,0,18,0,1,1,0,0,0,1,1,2,2,41,7,-1,-1,-1,4,1,4
2017010012601,1,8,0,12,0,0,0,0,0,0,3,1,1,1,28,6,1800,8,7,7,1,7
2017010012601,2,1,0,13,0,0,0,0,0,0,3,1,1,2,38,7,-1,-1,-1,8,1,8
2017010012602,1,1,0,15,0,6,0,0,0,0,1,1,2,1,43,7,-1,-1,-1,8,1,8
2017010012605,1,9,0,7,0,1,0,0,3,10,1,1,6,2,35,6,1386,1,14,2,1,2
2017010012606,1,2,0,18,0,1,0,0,3,0,0,1,6,1,19,4,108,1,4,1,1,1
2017010012606,2,9,0,7,0,2,0,0,7,0,0,1,6,1,24,5,2993,2,8,8,1,8
2017010012607,1,9,0,10,0,6,0,0,0,0,3,1,6,1,26,6,1595,1,4,5,1,5
2017010012607,2,1,0,13,0,1,0,0,0,0,1,1,2,1,28,6,-1,-1,-1,-1,-1,-1
2017010012608,1,9,0,4,0,0,0,8,0,0,3,1,6,1,59,9,2993,2,3,8,1,8
2017010012608,2,1,0,14,0,0,0,4,0,0,1,1,1,1,16,4,-1,-1,-1,2,1,2
2017010012609,1,17,0,7,0,8,0,0,0,0,1,1,1,1,54,8,3990,2,11,8,1,8
2017010012610,1,9,0,18,0,8,0,0,0,0,3,1,6,1,27,6,1749,1,16,5,1,5
2017010012610,2,9,0,18,0,8,0,0,0,0,1,1,6,2,42,7,1390,1,18,3,1,3
2017010012610,3,9,0,18,0,8,0,0,0,0,4,1,2,2,23,5,1198,1,10,6,1,6
2017010012612,1,8,0,6,0,1,0,0,0,0,3,1,1,1,35,6,-1,-1,-1,3,1,3
2017010012612,2,5,0,18,0,1,0,0,0,0,1,1,2,1,45,7,1050,1,1,4,1,4
2017010012613,1,9,0,5,0,1,0,0,0,0,1,1,6,2,34,6,1998,1,9,4,1,4
2017010012614,1,9,0,5,0,2,0,0,0,0,1,1,1,1,45,7,1798,8,1,4,1,4
2017010012614,2,1,0,18,0,2,0,0,0,0,1,1,2,1,41,7,-1,-1,-1,4,1,4
2017010012616,1,9,0,18,0,1,0,0,0,0,1,1,3,1,54,8,1596,1,8,2,1,2
2017010012617,1,9,0,18,0,8,0,0,0,0,4,1,6,2,42,7,-1,-1,-1,10,1,10
2017010012618,1,9,0,5,0,0,0,0,0,0,3,1,6,1,28,6,2143,2,3,2,1,2
2017010012618,2,5,0,18,0,0,0,0,0,0,1,1,6,1,21,5,645,1,8,2,1,2
2017010012619,1,9,0,9,0,0,0,0,0,0,4,1,6,2,18,4,-1,-1,-1,4,1,4
2017010012619,2,5,0,16,0,0,0,0,0,0,1,1,2,1,37,7,745,1,13,4,1,4
2017010012621,1,9,0,9,0,5,0,0,0,0,1,1,6,1,27,6,1598,2,1,4,1,4
2017010012621,2,1,0,18,0,8,0,0,0,0,3,1,2,1,53,8,-1,-1,-1,2,1,2
2017010012622,1,9,0,18,0,1,0,0,7,2,2,1,6,1,45,7,3724,7,14,3,1,3
2017010012622,2,9,0,15,0,1,0,0,0,0,1,1,6,3,-1,-1,1149,1,7,-1,-1,-1
2017010012623,1,9,0,9,0,8,0,0,0,0,3,1,6,3,-1,-1,-1,-1,-1,-1,-1,-1
2017010012624,1,9,0,3,0,1,0,0,0,0,2,1,6,2,23,5,1248,2,12,8,1,8
2017010012624,2,9,0,3,0,1,0,0,0,0,1,1,6,2,30,6,3222,2,13,4,1,4
2017010012626,1,9,0,18,0,0,1,0,1,10,2,1,6,1,20,4,1388,1,11,-1,-1,-1
2017010012627,1,9,0,18,0,0,0,0,0,0,1,1,6,3,-1,-1,-1,-1,-1,-1,-1,-1
2017010012628,1,3,0,18,0,8,5,0,0,0,2,1,6,1,24,5,124,1,10,3,1,3
2017010012628,2,9,0,18,0,5,0,0,0,0,1,1,6,3,-1,-1,-1,-1,-1,-1,-1,-1
2017010012629,1,9,0,18,0,1,0,0,0,0,4,1,6,1,40,7,1598,2,6,4,1,4
2017010012630,1,9,0,18,0,2,0,0,0,0,1,1,6,3,-1,-1,-1,-1,-1,-1,-1,-1
2017010012633,1,9,0,18,0,0,0,0,0,0,1,1,6,1,24,5,1390,1,13,5,1,5
2017010012633,2,9,0,18,0,0,0,0,0,0,1,1,6,1,33,6,2616,1,11,4,1,4
2017010012635,1,3,0,18,0,0,1,0,0,0,3,1,6,1,36,7,124,1,5,2,1,2
2017010012639,1,9,0,8,0,1,0,0,0,0,-1,-1,6,1,33,6,1598,2,4,3,1,3
2017010012639,2,9,-1,-1,0,-1,0,0,0,0,-1,-1,6,3,-1,-1,1497,8,10,-1,-1,-1
2017010012640,1,9,-1,7,0,7,0,0,0,0,4,-1,6,1,26,6,1596,1,12,2,1,2
2017010012640,2,1,-1,18,0,1,0,0,0,0,1,1,6,1,-1,-1,-1,-1,-1,-1,-1,-1
2017010012643,1,9,0,18,0,1,0,0,0,0,2,-1,6,2,50,8,1984,1,14,10,1,10
2017010012643,2,9,0,18,0,1,0,0,0,0,1,-1,6,1,73,10,2926,2,13,10,1,10
2017010012644,1,9,0,-1,0,1,0,0,0,0,2,-1,6,2,53,8,1364,1,1,3,1,3
2017010012644,2,9,0,-1,0,1,0,0,0,0,1,-1,6,1,64,9,1798,8,1,2,1,2
2017010012648,1,9,0,4,0,-1,0,0,0,0,1,1,6,1,25,5,1997,2,4,3,1,3
2017010012648,2,19,0,4,0,-1,0,0,0,0,1,1,6,1,-1,-1,2198,2,7,-1,-1,-1
2017010012661,1,9,0,4,0,2,0,0,0,0,1,1,6,1,49,8,1597,2,2,5,1,5
2017010012661,2,9,0,-1,0,2,0,0,0,0,2,-1,6,1,-1,-1,1796,1,13,1,1,1
2017010012662,1,9,0,18,0,8,0,0,-1,0,4,-1,6,2,31,6,1796,1,12,5,1,5