Accident_Index,Vehicle_Reference,Vehicle_Type,Towing_and_Articulation,Vehicle_Manoeuvre,Vehicle_Location-Restricted_Lane,Junction_Location,Skidding_and_Overturning,Hit_Object_in_Carriageway,Vehicle_Leaving_Carriageway,Hit_Object_off_Carriageway,1st_Point_of_Impact,Was_Vehicle_Left_Hand_Drive?,Journey_Purpose_of_Driver,Sex_of_Driver,Age_of_Driver,Age_Band_of_Driver,Engine_Capacity_(CC),Propulsion_Code,Age_of_Vehicle,Driver_IMD_Decile,Driver_Home_Area_Type,Vehicle_IMD_Decile
2017010012664,1,1,0,18,-1,2,2,0,7,0,3,1,2,2,34,6,-1,-1,-1,6,1,6
2017010012664,2,9,0,9,0,1,0,0,0,0,1,-1,6,3,-1,-1,1995,2,1,-1,-1,-1
2017010012665,1,9,0,9,0,-1,0,0,0,0,3,-1,6,2,44,7,1388,1,13,2,1,2
2017010012665,2,9,0,-1,0,-1,0,0,0,0,1,-1,6,1,27,6,-1,-1,-1,-1,-1,-1
2017010012674,1,9,0,9,0,8,0,0,0,0,1,1,6,1,66,10,2993,2,1,7,1,7
2017010012676,1,9,0,18,0,1,0,0,0,0,2,1,6,2,48,8,1794,1,9,5,1,5
2017010012676,2,9,0,4,0,1,0,0,0,0,1,1,6,2,41,7,1968,2,11,1,1,1
2017010012679,1,9,-1,18,0,8,1,4,-1,0,4,-1,6,1,54,8,1242,1,9,3,1,3
2017010012679,2,9,0,9,0,8,0,0,-1,0,1,-1,6,3,-1,-1,1197,1,2,-1,-1,-1
2017010012689,1,9,0,9,0,0,0,0,0,0,2,1,3,2,35,6,1398,1,4,2,1,2
2017010012689,2,1,0,16,0,0,0,0,0,0,1,1,1,2,37,7,-1,-1,-1,1,1,1
2017010012695,1,4,0,16,0,8,0,0,0,0,4,1,2,1,43,7,124,1,6,8,1,8
2017010012700,1,9,-1,1,-1,0,-1,-1,-1,-1,2,-1,6,3,-1,-1,2143,2,5,-1,-1,-1
2017010012717,1,19,0,2,0,0,0,0,0,0,0,1,6,3,-1,-1,2198,2,2,-1,-1,-1
2017010012717,2,9,0,18,0,0,0,0,0,0,1,1,3,2,42,7,1997,12,5,2,1,2
2017010012719,1,9,0,18,0,3,0,0,0,0,1,1,6,1,27,6,1339,1,10,5,1,5
2017010012719,2,9,0,18,0,4,0,0,0,0,1,1,6,2,23,5,1388,1,6,8,1,8
2017010012723,1,9,-1,-1,-1,-1,-1,-1,-1,-1,1,-1,6,1,-1,-1,1339,1,4,-1,-1,-1
2017010012728,1,19,0,10,0,5,0,0,-1,0,4,1,6,1,49,8,2198,2,5,5,1,5
2017010012728,2,19,0,18,0,-1,-1,0,-1,0,1,-1,6,3,-1,-1,-1,-1,-1,-1,-1,-1
2017010012731,1,9,0,18,0,4,0,0,0,0,3,1,6,1,43,7,1596,1,7,2,1,2
2017010012731,2,21,1,11,0,8,0,0,0,0,0,1,1,1,57,9,11967,2,7,5,1,5
2017010012733,1,19,0,18,0,0,1,4,1,1,1,1,6,1,55,8,1995,2,4,6,1,6
2017010012733,2,9,0,9,0,0,1,4,0,0,1,1,2,2,19,4,1598,2,6,7,2,7
2017010012739,1,9,0,18,0,0,-1,0,0,0,3,-1,6,1,-1,-1,-1,-1,-1,-1,-1,-1
2017010012742,1,9,0,18,0,2,0,0,0,0,1,1,1,1,41,7,1769,1,15,2,1,2
2017010012760,1,9,0,4,0,1,0,0,0,0,2,1,6,1,19,4,1149,1,7,2,1,2
2017010012760,2,9,5,18,0,1,0,0,0,0,1,1,1,1,34,6,-1,-1,-1,1,1,1
2017010012761,1,9,0,3,0,1,0,-1,0,0,2,1,6,2,46,8,1388,1,10,4,1,4
2017010012761,2,9,0,18,0,1,0,0,0,0,1,1,6,3,-1,-1,1595,1,8,-1,-1,-1
2017010012766,1,9,0,5,0,0,0,0,0,0,0,1,1,2,45,7,1396,1,5,2,1,2
2017010012771,1,1,0,18,0,1,1,0,0,0,0,1,6,1,29,6,-1,-1,-1,3,1,3
2017010012787,1,9,0,18,0,0,1,0,7,10,3,1,6,1,22,5,1398,1,3,3,1,3
2017010012787,2,9,0,5,0,0,0,0,0,0,1,1,6,1,52,8,1968,2,1,7,1,7
2017010012789,1,9,0,9,0,0,1,0,1,10,4,1,6,1,71,10,1997,2,1,3,1,3
2017010012790,1,9,0,6,0,0,1,0,7,10,1,1,6,2,48,8,2143,2,7,2,1,2
2017010012791,1,9,-1,-1,-1,-1,-1,-1,-1,-1,-1,-1,6,1,53,8,1997,1,9,-1,-1,-1
2017010012791,2,9,-1,-1,-1,-1,-1,-1,-1,-1,-1,-1,6,1,-1,-1,-1,-1,-1,-1,-1,-1
2017010012792,1,9,-1,18,0,-1,-1,0,0,0,-1,-1,6,1,87,11,998,1,8,9,1,9
2017010012795,1,9,0,18,0,0,0,0,0,0,4,1,1,2,32,6,1597,1,9,4,1,4
2017010012795,2,5,0,18,0,0,2,0,0,0,1,1,1,1,17,4,600,1,15,1,1,1
2017010012795,3,5,0,18,0,0,0,0,0,0,2,1,2,1,33,6,779,1,7,9,1,9
2017010012795,4,9,0,3,0,0,0,0,0,0,3,1,2,1,47,8,-1,-1,-1,2,1,2
2017010012802,1,9,0,18,0,0,0,0,0,0,1,1,6,1,41,7,1368,1,8,9,1,9
2017010012802,2,9,0,18,0,0,0,0,0,0,2,1,6,1,60,9,1989,1,17,8,1,8
2017010012803,1,9,-1,-1,0,1,-1,0,0,0,3,-1,6,2,50,8,-1,-1,-1,6,1,6
2017010012803,2,9,-1,18,-1,-1,-1,-1,-1,-1,-1,-1,6,3,-1,-1,1796,1,6,-1,-1,-1
2017010012804,1,11,0,4,0,8,0,0,0,0,0,1,1,1,35,6,9360,2,8,4,1,4
2017010012809,1,9,0,18,0,8,0,0,0,0,3,1,2,1,38,7,1896,2,9,8,1,8
2017010012809,2,9,0,18,0,8,0,0,0,0,3,1,1,1,56,9,-1,-1,-1,8,1,8
2017010012809,3,9,0,18,0,8,0,0,1,0,3,1,6,2,24,5,1364,1,10,2,1,2
2017010012814,1,21,0,5,0,1,0,0,0,0,1,1,1,1,60,9,10518,2,5,8,1,8
2017010012814,2,1,0,3,0,1,0,0,0,0,1,1,6,1,49,8,-1,-1,-1,2,1,2
2017010012817,1,19,0,18,0,1,0,0,0,0,1,1,1,2,32,6,1968,2,7,4,1,4
2017010012818,1,11,0,18,0,0,0,0,0,0,0,1,1,1,37,7,-1,-1,-1,-1,-1,-1
2017010012819,1,9,0,18,0,8,0,0,0,0,4,1,6,1,31,6,2987,2,10,5,1,5
2017010012819,2,9,0,9,0,8,0,0,0,0,1,1,6,3,-1,-1,2987,2,8,-1,-1,-1
2017010012822,1,9,0,9,0,6,0,0,0,0,1,1,6,2,81,11,1781,1,21,3,1,3
2017010012822,2,9,0,18,0,1,0,0,0,0,4,1,6,2,37,7,1298,1,14,2,1,2
2017010012827,1,9,0,9,0,2,0,0,0,0,1,2,6,1,31,6,1395,1,1,4,1,4
2017010012829,1,9,0,18,0,0,0,0,0,0,4,1,6,3,-1,-1,-1,-1,-1,-1,-1,-1
2017010012837,1,9,0,4,0,1,0,0,0,0,2,1,6,2,30,6,1598,1,4,3,1,3
2017010012837,2,9,0,18,0,8,0,0,0,0,1,1,6,3,-1,-1,1598,1,4,-1,-1,-1
2017010012838,1,11,0,5,0,1,0,0,0,0,0,1,1,1,51,8,8268,2,12,4,1,4
2017010012842,1,9,0,4,0,1,0,0,0,0,1,1,2,1,29,6,1422,2,17,3,1,3
2017010012842,2,9,0,4,0,1,0,0,0,0,2,1,6,1,71,10,1799,1,7,6,1,6
2017010012843,1,9,0,10,0,2,0,0,0,0,1,-1,6,2,33,6,1590,1,15,-1,-1,-1
2017010012843,2,9,0,18,0,1,0,0,0,0,4,-1,6,3,-1,-1,1598,2,5,-1,-1,-1
2017010012844,1,3,0,4,0,0,0,0,0,0,1,1,6,2,40,7,125,1,5,3,1,3
2017010012844,2,10,0,18,0,0,0,0,0,0,1,1,6,1,36,7,-1,-1,-1,2,1,2
2017010012844,3,90,4,18,0,0,0,0,0,0,1,1,1,1,30,6,-1,-1,-1,3,1,3
2017010012845,1,5,0,4,0,1,0,0,0,0,2,1,1,1,45,7,670,1,5,3,1,3
2017010012845,2,19,0,4,0,1,0,0,0,0,1,1,6,1,69,10,2998,2,1,5,3,5
2017010012846,1,9,0,12,0,0,0,0,0,0,1,1,6,1,26,6,1968,2,8,4,1,4
2017010012846,2,3,0,13,0,0,0,0,0,0,4,1,2,1,39,7,124,1,15,6,1,6
2017010012848,1,9,0,9,0,8,0,0,0,0,4,1,6,2,52,8,1951,2,12,6,1,6
2017010012848,2,5,0,18,0,8,2,0,0,0,1,1,2,1,48,8,599,1,10,6,1,6
2017010012850,1,9,0,9,0,8,0,0,0,0,4,1,6,2,54,8,1985,1,28,6,1,6
2017010012850,2,90,0,5,0,8,0,0,0,0,1,1,6,1,44,7,-1,-1,-1,5,1,5
2017010012852,1,9,0,6,2,5,0,0,0,0,1,1,2,1,25,5,1686,2,5,10,2,10
2017010012852,2,1,0,7,2,8,0,0,0,0,2,1,2,1,43,7,-1,-1,-1,9,1,9
2017010012853,1,5,0,5,0,1,0,0,0,0,1,1,2,1,45,7,798,1,8,5,1,5
2017010012854,1,11,0,4,2,2,0,0,0,0,0,1,6,1,71,10,9360,2,7,9,1,9
2017010012856,1,19,0,1,6,0,0,0,0,0,2,1,1,1,37,7,1753,2,6,3,1,3
2017010012856,2,9,0,2,6,0,0,0,0,0,2,1,6,3,-1,-1,1229,1,11,-1,-1,-1
2017010012857,1,9,0,4,0,2,0,0,0,0,3,1,6,3,-1,-1,1598,2,4,-1,-1,-1
2017010012858,1,9,0,9,0,5,0,0,0,0,1,1,6,2,57,9,1368,1,10,7,1,7
2017010012859,1,9,0,9,0,8,0,0,0,0,1,1,2,1,72,10,2143,2,4,10,1,10
2017010012859,2,1,0,7,0,8,0,0,0,0,3,1,6,1,70,10,-1,-1,-1,10,1,10
2017010012861,1,9,0,9,0,5,0,0,0,0,1,1,6,1,65,9,1248,2,6,5,1,5
2017010012861,2,3,0,18,0,1,5,0,0,0,1,1,1,1,49,8,114,1,3,4,1,4
2017010012862,1,9,0,7,0,6,0,0,0,0,4,1,6,1,53,8,1968,2,2,3,1,3
2017010012862,2,1,0,18,0,8,0,0,0,0,1,1,2,2,46,8,-1,-1,-1,9,1,9
2017010012863,1,3,0,18,0,1,0,0,0,0,1,1,1,1,25,5,125,1,3,-1,-1,-1
2017010012863,2,9,0,7,0,6,0,0,0,0,1,1,6,1,34,6,2993,2,4,5,1,5
2017010012865,1,8,0,18,0,1,0,0,0,0,1,1,1,1,39,7,2402,2,14,5,1,5
2017010012866,1,8,0,7,0,1,0,0,0,0,4,1,1,1,41,7,2183,2,7,2,1,2
2017010012866,2,1,0,18,0,1,5,0,0,0,3,1,6,2,32,6,-1,-1,-1,8,1,8
2017010012867,1,8,0,4,0,1,0,0,0,0,0,2,1,1,50,8,1497,8,9,3,1,3
2017010012868,1,90,0,18,0,8,0,0,0,0,0,1,6,3,-1,-1,-1,-1,-1,-1,-1,-1
2017010012868,2,1,0,3,0,1,0,0,0,0,0,1,2,2,24,5,-1,-1,-1,2,1,2
2017010012869,1,9,0,3,0,1,0,0,0,0,2,1,6,2,32,6,1796,1,12,2,1,2
2017010012869,2,9,0,4,0,1,0,0,0,0,1,1,6,1,21,5,1998,1,15,3,1,3
2017010012873,1,9,0,17,0,1,0,0,1,7,1,1,1,1,19,4,1242,1,9,4,1,4
2017010012876,1,11,0,3,0,0,0,0,0,0,0,1,1,1,31,6,9360,2,5,4,1,4
2017010012877,1,9,0,8,0,2,0,0,0,0,1,1,2,2,55,8,1397,1,15,6,1,6
2017010012879,1,9,0,18,-1,-1,0,-1,-1,-1,-1,-1,6,1,56,9,1560,2,7,6,1,6
2017010012888,1,9,0,4,0,2,0,0,0,0,2,1,2,2,31,6,1587,1,13,2,1,2
2017010012888,2,9,0,4,0,2,1,0,0,0,1,1,6,2,31,6,1998,1,12,5,1,5
2017010012895,1,9,0,13,0,2,1,0,0,0,3,1,2,1,24,5,-1,-1,-1,3,1,3
2017010012898,1,9,0,5,0,8,0,0,0,0,3,1,2,2,28,6,1968,2,10,9,1,9
2017010012898,2,1,0,18,0,8,0,0,0,0,4,1,1,2,61,9,-1,-1,-1,1,1,1
2017010012901,1,9,0,18,0,8,0,0,0,0,0,1,6,1,20,4,1796,2,4,4,1,4
2017010012901,2,4,0,9,0,1,0,0,0,0,0,1,1,1,41,7,125,1,4,-1,-1,-1
2017010012911,1,8,0,7,0,8,0,0,0,0,1,1,1,1,48,8,1997,2,3,2,1,2
2017010012911,2,3,0,9,0,8,0,0,0,0,1,1,6,1,20,4,125,1,6,3,1,3
2017010012914,1,1,0,18,4,8,2,0,0,0,3,1,2,1,29,6,-1,-1,-1,3,1,3
2017010012914,2,9,0,9,4,8,0,0,0,0,1,1,6,3,-1,-1,1999,1,6,-1,-1,-1
2017010012916,1,9,-1,-1,-1,-1,-1,-1,-1,-1,-1,-1,6,2,-1,-1,1296,1,9,-1,-1,-1
2017010012920,1,9,-1,18,0,-1,-1,-1,-1,-1,-1,-1,6,1,34,6,1560,2,8,7,1,7
2017010012920,2,19,-1,-1,0,-1,-1,-1,-1,-1,-1,-1,6,1,-1,-1,-1,-1,-1,3,1,3
2017010012922,1,11,0,18,0,1,0,0,0,0,0,1,6,1,66,10,6692,2,7,4,1,4
2017010012922,2,9,0,11,0,1,0,0,0,0,0,1,6,1,68,10,1896,2,10,1,1,1
2017010012931,1,3,0,18,0,0,0,0,0,0,1,1,6,3,-1,-1,125,1,1,-1,-1,-1
2017010012937,1,9,0,18,0,1,0,0,0,0,1,1,6,1,54,8,1753,2,7,2,1,2
2017010012942,1,1,0,18,0,0,0,0,0,0,1,1,2,2,29,6,-1,-1,-1,4,1,4
2017010012944,1,5,-1,8,-1,3,-1,-1,-1,-1,-1,1,6,1,38,7,690,1,2,10,1,10
2017010012944,2,9,-1,11,-1,4,-1,-1,-1,-1,1,-1,6,3,-1,-1,1598,1,11,-1,-1,-1
2017010012946,1,19,0,3,0,1,0,0,0,0,1,1,1,1,38,7,2148,2,12,5,1,5
2017010012946,2,19,0,9,0,1,0,0,0,0,4,1,6,3,-1,-1,-1,-1,-1,-1,-1,-1
2017010012947,1,1,0,18,0,8,-1,0,0,0,4,1,6,1,37,7,-1,-1,-1,2,1,2
2017010012947,2,9,0,7,0,8,0,0,0,0,1,-1,6,1,-1,-1,1988,1,14,-1,-1,-1
2017010012948,1,19,0,18,0,4,0,0,0,0,3,1,1,1,42,7,2143,2,5,3,1,3
2017010012950,1,1,0,18,2,8,0,0,0,0,1,1,6,1,34,6,-1,-1,-1,7,1,7
2017010012950,2,9,0,18,0,8,0,0,0,0,3,-1,6,2,38,7,1598,1,3,9,1,9
2017010012962,1,9,0,5,0,2,2,10,7,10,4,1,6,2,52,8,1900,2,12,8,1,8
2017010012962,2,9,0,2,0,2,0,0,0,0,3,1,6,3,-1,-1,1796,1,14,-1,-1,-1
2017010012970,1,9,0,7,0,6,0,0,0,0,3,1,2,1,53,8,2362,1,17,2,1,2
2017010012972,1,19,0,18,0,1,0,10,1,2,1,1,2,1,23,5,1995,2,3,1,1,1
2017010012972,2,90,0,9,0,6,0,0,0,0,0,1,6,3,-1,-1,-1,-1,-1,-1,-1,-1
2017010012977,1,9,0,4,0,0,0,0,0,0,1,1,6,2,66,10,1598,1,6,2,1,2
2017010012978,1,19,0,18,0,2,0,0,0,0,1,1,2,1,38,7,-1,-1,-1,4,1,4
2017010012984,1,20,0,3,0,0,0,0,0,0,2,1,1,1,41,7,3920,2,4,8,2,8
2017010012984,2,19,0,18,0,0,0,0,0,0,1,1,1,1,47,8,1560,2,3,5,2,5
2017010012986,1,9,0,18,0,1,0,0,0,0,1,1,2,1,45,7,1798,1,10,1,1,1
2017010012988,1,9,-1,18,-1,-1,-1,-1,-1,-1,1,-1,6,3,-1,-1,-1,-1,-1,-1,-1,-1
2017010012991,1,19,0,1,9,0,0,0,0,0,2,1,6,1,50,8,1598,2,6,6,1,6
2017010012994,1,9,0,3,0,1,0,0,0,0,2,1,6,2,46,8,1498,1,1,2,1,2
2017010012994,2,9,0,18,0,1,0,4,0,0,1,1,2,1,54,8,2792,1,15,2,1,2
2017010012995,1,9,0,7,0,1,0,0,0,0,4,1,6,1,-1,-1,1995,2,8,-1,2,-1
2017010012995,2,90,0,15,0,1,5,0,1,0,1,1,6,1,46,8,-1,-1,-1,1,1,1
2017010012996,1,9,0,4,0,1,0,0,0,0,1,1,6,1,51,8,1796,1,9,7,1,7
2017010012996,2,9,0,4,0,1,0,0,0,0,2,1,6,1,50,8,1560,2,4,2,1,2
2017010012998,1,9,0,4,0,2,0,0,0,0,1,1,3,2,40,7,1995,2,3,10,1,10
2017010012998,2,9,5,4,0,2,0,0,0,0,1,1,6,1,28,6,1984,1,1,10,1,10
2017010012998,3,9,0,4,0,2,0,0,0,0,2,1,6,2,36,7,1896,2,9,6,1,6
2017010013002,1,9,0,7,0,8,0,0,0,0,0,2,6,1,41,7,1998,1,17,5,1,5
2017010013002,2,1,0,7,0,8,0,0,0,0,0,1,2,2,36,7,-1,-1,-1,2,1,2
2017010013003,1,3,-1,-1,0,-1,-1,-1,-1,-1,-1,1,6,3,-1,-1,-1,-1,-1,-1,-1,-1
2017010013005,1,9,0,18,0,2,0,0,0,0,1,1,6,3,-1,-1,-1,-1,-1,-1,-1,-1
2017010013010,1,11,0,5,0,0,0,0,0,0,0,1,1,1,56,9,9360,2,7,1,1,1
2017010013013,1,5,0,18,0,8,0,0,0,0,1,1,2,1,54,8,1170,1,11,5,1,5
2017010013013,2,1,0,17,0,8,0,0,0,0,1,1,2,1,24,5,-1,-1,-1,5,1,5
2017010013017,1,9,0,9,0,8,0,0,0,0,1,1,6,1,45,7,1493,2,10,4,1,4
2017010013019,1,9,-1,5,-1,-1,-1,0,0,0,4,-1,6,1,39,7,2987,2,3,3,1,3
2017010013019,2,9,0,7,-1,-1,0,-1,0,0,-1,-1,6,3,-1,-1,-1,-1,-1,-1,-1,-1
2017010013020,1,19,0,9,0,1,0,0,0,0,1,1,1,1,41,7,-1,3,1,6,1,6
2017010013024,1,19,0,5,0,1,0,0,0,0,2,1,1,1,51,8,2148,2,10,8,1,8
2017010013024,2,11,0,14,0,2,0,4,0,0,4,1,1,2,59,9,4461,2,3,2,1,2
2017010013025,1,9,0,5,0,2,0,0,0,0,3,1,6,2,58,9,1598,1,4,3,1,3
2017010013026,1,3,0,10,0,1,0,0,0,0,1,1,1,1,44,7,108,1,1,3,1,3
2017010013026,2,9,0,9,0,1,0,0,0,0,1,1,6,1,56,9,1910,2,9,7,1,7
2017010013030,1,1,0,3,5,0,0,0,0,0,2,1,6,1,49,8,-1,-1,-1,6,1,6
2017010013030,2,9,0,1,0,0,0,0,0,0,2,-1,6,1,-1,-1,1341,1,12,-1,-1,-1
2017010013031,1,9,0,6,6,6,0,0,0,0,3,1,6,2,34,6,1560,2,6,6,1,6
2017010013033,1,1,-1,13,0,1,0,0,0,0,3,1,6,1,-1,-1,-1,-1,-1,8,1,8
2017010013033,2,8,0,5,0,1,0,0,0,0,0,2,6,3,-1,-1,2402,2,13,-1,-1,-1
2017010013035,1,9,0,9,0,3,0,0,0,0,3,1,2,1,24,5,1242,1,13,8,1,8
2017010013035,2,1,0,18,0,8,0,0,0,0,4,1,6,1,43,7,-1,-1,-1,2,1,2
2017010013038,1,9,0,18,0,8,0,0,0,0,1,1,1,1,56,9,-1,-1,-1,5,1,5
2017010013039,1,2,0,14,0,8,0,0,0,0,1,1,6,1,24,5,649,1,3,4,1,4
2017010013039,2,9,0,4,0,8,0,0,0,0,2,1,1,1,40,7,1798,8,2,2,1,2
2017010013040,1,9,0,3,0,1,0,0,0,0,3,-1,6,2,49,8,2179,2,3,8,1,8
2017010013040,2,1,0,14,0,1,2,0,0,0,2,1,6,1,46,8,-1,-1,-1,6,1,6
2017010013041,1,9,0,16,0,1,0,0,0,0,4,1,6,1,29,6,1997,2,6,1,1,1
2017010013041,2,9,0,3,0,1,0,0,0,0,3,1,6,1,22,5,1242,1,3,2,1,2
2017010013041,3,9,0,15,2,1,0,4,0,0,0,1,6,3,-1,-1,1596,1,14,-1,-1,-1
2017010013045,1,9,0,18,0,0,1,10,1,10,3,1,6,1,23,5,2979,1,4,2,1,2
2017010013050,1,11,0,5,0,1,0,0,0,0,0,1,6,1,30,6,8268,2,15,10,1,10
2017010013051,1,1,-1,-1,-1,-1,-1,-1,-1,-1,-1,1,6,1,35,6,-1,-1,-1,3,1,3
2017010013051,2,9,-1,-1,-1,-1,-1,-1,-1,-1,-1,-1,6,3,-1,-1,-1,-1,-1,-1,-1,-1
2017010013056,1,11,0,18,0,2,0,0,0,0,0,1,1,2,61,9,8268,2,14,2,1,2
2017010013057,1,11,0,5,3,0,0,0,0,0,0,1,1,1,65,9,4416,2,3,3,1,3
2017010013058,1,9,0,5,0,2,1,0,1,10,1,1,1,1,45,7,1720,1,49,9,1,9
2017010013059,1,9,0,9,0,8,0,0,0,0,1,1,6,2,22,5,1229,1,10,4,1,4
2017010013060,1,9,0,9,0,6,0,0,0,0,1,1,6,2,44,7,1560,2,10,4,1,4
2017010013060,2,3,0,14,0,1,0,0,0,0,1,1,6,1,18,4,109,1,4,5,1,5
2017010013061,1,11,0,5,0,8,0,0,0,0,0,1,1,1,62,9,4500,2,6,7,1,7
2017010013062,1,19,0,18,0,4,0,0,0,0,1,1,1,1,36,7,1598,2,2,6,1,6
2017010013062,2,9,0,9,0,3,0,0,0,0,1,1,6,1,34,6,-1,-1,-1,7,1,7
2017010013064,1,3,0,15,0,0,0,0,0,0,1,1,6,1,20,4,124,1,9,-1,-1,-1
2017010013064,2,3,0,15,0,0,0,0,0,0,1,1,6,1,27,6,124,1,4,-1,-1,-1
2017010013064,3,11,0,14,0,0,1,0,0,0,0,1,1,1,35,6,8300,2,11,2,1,2
2017010013065,1,9,0,5,-1,3,0,0,0,0,1,-1,6,3,-1,-1,1797,8,6,-1,-1,-1
2017010013065,2,1,0,18,0,4,0,0,0,0,3,1,2,1,56,9,-1,-1,-1,7,1,7
2017010013067,1,9,0,18,0,1,0,0,0,0,1,1,6,1,32,6,1896,2,16,4,1,4
2017010013067,2,9,0,7,0,8,0,0,0,0,2,1,6,1,19,4,1598,1,12,1,1,1
2017010013070,1,9,0,9,0,6,0,5,0,0,1,1,6,1,74,10,2324,1,14,3,1,3
2017010013071,1,9,0,4,0,2,0,0,0,0,2,1,6,2,24,5,1390,1,10,3,1,3
2017010013071,2,9,0,4,0,2,0,0,0,0,0,1,6,1,39,7,1997,2,9,10,1,10
2017010013071,3,9,0,4,0,2,0,0,0,0,2,1,6,1,26,6,1422,2,13,4,1,4
2017010013071,4,9,0,4,0,2,0,0,0,0,1,1,6,1,21,5,1197,1,1,8,1,8
2017010013072,1,9,0,18,0,5,0,4,1,4,1,1,1,1,26,6,-1,-1,-1,-1,-1,-1
2017010013072,2,9,0,7,0,7,0,0,0,0,3,1,6,1,25,5,-1,-1,-1,2,1,2
2017010013073,1,21,0,18,0,2,0,0,0,0,1,1,1,1,22,5,-1,-1,-1,2,1,2
2017010013073,2,9,0,18,0,2,0,0,0,0,2,1,1,1,45,7,1997,2,5,8,1,8
2017010013073,3,9,0,18,0,2,0,0,0,0,2,1,1,1,23,5,1248,2,6,4,1,4
2017010013074,1,9,0,1,0,0,0,0,0,0,2,1,1,2,69,10,1986,1,5,4,1,4
2017010013075,1,9,0,4,0,1,0,0,0,0,1,1,6,2,47,8,1798,8,2,2,1,2
2017010013076,1,3,0,13,0,1,0,0,0,0,3,1,6,1,30,6,125,1,2,2,1,2
2017010013076,2,9,0,5,0,1,0,0,0,0,3,1,6,1,73,10,1598,1,3,8,1,8
2017010013077,1,9,0,18,0,1,0,0,0,0,1,1,6,1,54,8,1985,1,16,5,1,5
2017010013077,2,1,0,18,0,1,5,0,0,0,2,1,6,1,85,11,-1,-1,-1,4,1,4
2017010013078,1,9,0,5,0,1,0,0,0,0,3,1,6,1,23,5,1390,1,14,1,1,1
2017010013078,2,5,0,18,0,1,2,0,0,0,4,1,1,1,30,6,108,1,1,3,1,3
2017010013079,1,9,0,1,0,0,0,0,0,0,4,1,1,1,38,7,1997,1,2,10,1,10
2017010013080,1,2,0,18,0,1,0,0,1,0,4,1,1,1,35,6,108,1,8,4,1,4
2017010013080,2,9,0,12,0,1,0,0,0,0,3,1,6,3,-1,-1,1396,1,14,-1,-1,-1
2017010013083,1,3,0,16,0,1,1,0,0,0,3,1,6,1,27,6,125,1,1,4,1,4
2017010013083,2,11,0,18,0,1,0,0,0,0,3,1,1,1,31,6,4500,2,5,5,1,5
2017010013084,1,8,0,9,0,7,0,0,0,0,1,1,1,1,43,7,1896,2,8,2,1,2
2017010013085,1,9,0,5,0,1,0,0,0,0,4,1,6,2,43,7,1968,2,7,8,1,8
2017010013085,2,19,0,5,0,1,0,0,0,0,4,1,6,1,48,8,2143,2,3,4,1,4
2017010013086,1,9,0,3,0,1,0,0,0,0,1,1,6,1,38,7,2171,1,14,3,1,3
2017010013086,2,3,0,3,0,1,0,0,0,0,1,1,1,1,19,4,108,1,1,3,1,3
2017010013087,1,9,0,18,0,1,0,0,0,0,1,1,6,1,27,6,2497,1,11,6,1,6
2017010013087,2,9,0,9,0,1,0,0,0,0,1,1,6,2,24,5,1598,2,7,1,1,1
2017010013088,1,9,0,18,0,3,0,0,0,0,2,1,6,2,26,6,1197,1,2,3,1,3
2017010013088,2,19,0,18,0,3,0,0,0,0,1,1,1,1,45,7,-1,-1,-1,5,1,5
2017010013088,3,9,0,13,0,3,0,0,0,0,0,1,6,1,28,6,2926,2,14,2,1,2
2017010013089,1,9,5,9,0,6,0,11,0,0,3,1,1,1,63,9,1798,1,2,7,1,7
2017010013089,2,1,0,18,0,1,0,11,0,0,1,1,1,2,35,6,-1,-1,-1,3,1,3
2017010013093,1,9,0,9,0,1,0,0,0,0,1,1,6,1,23,5,1595,1,12,2,1,2
2017010013093,2,1,0,16,0,2,0,0,0,0,3,1,6,2,39,7,-1,-1,-1,1,1,1
2017010013094,1,9,0,1,0,1,0,0,0,0,2,1,6,3,-1,-1,1390,1,14,-1,-1,-1
2017010013095,1,8,0,18,0,1,1,0,0,0,1,1,2,1,25,5,-1,-1,-1,3,1,3
2017010013095,2,9,0,5,0,2,0,0,6,0,1,1,6,1,30,6,2143,2,2,3,1,3
2017010013096,1,9,0,9,0,8,0,7,0,0,4,1,6,2,24,5,1998,1,2,5,1,5
2017010013096,2,9,0,18,0,1,0,0,0,0,1,1,2,1,51,8,1998,1,16,1,1,1
2017010013098,1,9,0,18,0,2,0,0,0,0,1,1,6,1,35,6,1299,1,18,1,1,1
2017010013098,2,9,0,18,0,2,0,0,0,0,2,1,6,3,-1,-1,1461,2,1,-1,-1,-1
2017010013102,1,9,0,18,0,1,0,0,7,0,1,1,6,1,22,5,2000,2,11,7,1,7
2017010013102,2,9,0,9,0,6,0,0,0,0,1,1,1,1,26,6,1598,2,2,4,1,4
2017010013103,1,11,0,5,2,8,0,0,0,0,1,1,6,3,-1,-1,-1,-1,-1,-1,-1,-1
2017010013104,1,9,0,18,0,0,0,4,0,0,1,1,6,2,28,6,1796,1,13,8,1,8
2017010013104,2,9,0,2,0,0,0,0,0,0,2,1,6,3,-1,-1,2198,1,9,-1,-1,-1
2017010013105,1,9,0,18,0,1,0,0,0,0,1,1,2,1,60,9,2688,2,14,2,1,2
2017010013106,1,9,0,18,0,1,0,0,0,0,4,1,6,3,-1,-1,-1,-1,-1,-1,-1,-1
2017010013107,1,11,0,3,2,8,0,0,0,0,0,1,1,1,46,8,5132,2,1,3,1,3
2017010013111,1,9,0,9,0,6,0,0,0,0,1,1,6,1,76,11,1596,1,14,6,1,6