Accident_Index,Vehicle_Reference,Vehicle_Type,Towing_and_Articulation,Vehicle_Manoeuvre,Vehicle_Location-Restricted_Lane,Junction_Location,Skidding_and_Overturning,Hit_Object_in_Carriageway,Vehicle_Leaving_Carriageway,Hit_Object_off_Carriageway,1st_Point_of_Impact,Was_Vehicle_Left_Hand_Drive?,Journey_Purpose_of_Driver,Sex_of_Driver,Age_of_Driver,Age_Band_of_Driver,Engine_Capacity_(CC),Propulsion_Code,Age_of_Vehicle,Driver_IMD_Decile,Driver_Home_Area_Type,Vehicle_IMD_Decile
2017010015008,1,9,0,9,0,6,0,0,0,0,1,1,6,1,31,6,1598,1,3,3,1,3
2017010015008,2,2,0,13,0,8,0,0,0,0,1,1,2,1,28,6,125,1,6,2,1,2
2017010015009,1,9,0,18,0,0,1,0,0,0,1,1,6,1,43,7,1968,2,11,-1,-1,-1
2017010015010,1,11,0,5,0,6,0,0,0,0,0,1,6,2,37,7,6700,2,9,2,1,2
2017010015011,1,9,0,5,0,2,0,0,0,0,1,1,6,2,28,6,1461,2,3,8,1,8
2017010015012,1,3,0,18,0,5,0,0,0,0,1,1,1,1,22,5,-1,-1,-1,2,1,2
2017010015012,2,11,0,3,0,5,0,0,0,0,1,1,1,1,43,7,4500,2,1,4,1,4
2017010015012,3,9,0,18,0,5,0,0,0,0,4,1,1,1,41,7,5980,1,2,8,1,8
2017010015013,1,9,0,4,0,1,0,0,0,0,1,1,6,1,76,11,1900,2,12,6,1,6
2017010015014,1,9,0,18,0,8,0,0,0,0,1,1,1,1,21,5,1390,1,12,9,3,9
2017010015015,1,9,0,18,9,0,0,0,1,3,1,1,6,1,84,11,1339,1,10,8,3,8
2017010015016,1,9,0,4,0,2,0,0,0,0,1,1,6,3,-1,-1,1598,1,13,-1,-1,-1
2017010015016,2,9,0,3,0,2,0,0,0,0,2,1,6,1,39,7,2400,7,14,4,1,4
2017010015016,3,9,0,3,0,2,0,0,0,0,2,1,6,2,19,4,998,1,5,5,1,5
2017010015017,1,8,0,18,0,1,0,10,0,0,0,1,1,1,47,8,1997,2,8,2,1,2
2017010015018,1,9,0,9,0,1,0,0,0,0,4,1,6,1,59,9,-1,-1,-1,-1,-1,-1
2017010015018,2,4,0,18,0,1,0,0,0,0,1,1,1,1,23,5,125,1,7,2,1,2
2017010015019,1,9,0,9,0,1,0,0,0,0,1,1,6,1,32,6,1769,1,12,3,1,3
2017010015019,2,2,0,14,0,1,0,0,0,0,1,1,1,1,25,5,108,1,6,4,1,4
2017010015020,1,9,0,9,0,8,0,0,0,0,1,1,6,1,24,5,1461,2,6,4,1,4
2017010015020,2,9,0,18,0,8,0,0,0,0,1,1,6,1,45,7,1598,1,12,2,1,2
2017010015021,1,9,0,5,0,6,0,0,0,0,3,1,6,1,27,6,1598,1,5,6,1,6
2017010015021,2,3,0,18,0,8,0,0,0,0,1,1,1,1,26,6,125,1,10,8,1,8
2017010015022,1,9,0,18,0,1,0,0,0,0,2,1,6,2,21,5,1242,1,11,3,1,3
2017010015022,2,9,0,18,0,1,1,11,0,0,1,2,6,1,37,7,1968,2,6,5,1,5
2017010015022,3,9,0,18,0,1,1,11,0,0,3,1,6,1,21,5,1596,1,5,2,1,2
2017010015022,4,9,0,18,0,1,0,0,0,0,1,1,6,1,34,6,1796,1,13,9,1,9
2017010015023,1,9,0,18,0,2,0,0,0,0,3,1,6,1,45,7,1999,1,10,6,1,6
2017010015025,1,11,0,18,0,1,0,0,0,0,3,1,1,1,26,6,4500,2,8,2,1,2
2017010015025,2,9,0,18,0,1,1,0,0,0,3,1,6,1,49,8,2143,2,2,10,1,10
2017010015025,3,8,0,18,0,1,0,0,0,0,4,1,1,1,28,6,1798,8,1,3,1,3
2017010015026,1,9,0,18,0,0,0,10,4,6,4,1,6,1,32,6,1995,1,14,3,1,3
2017010015027,1,8,0,9,0,2,0,0,0,0,1,1,2,1,28,6,-1,3,1,1,1,1
2017010015028,1,9,0,18,0,0,1,10,1,9,4,1,6,1,-1,-1,2987,2,1,-1,-1,-1
2017010015029,1,2,0,14,0,1,5,0,0,0,3,1,6,1,17,4,125,1,7,1,1,1
2017010015030,1,9,0,9,0,5,0,0,0,0,1,1,6,1,19,4,1461,2,1,1,1,1
2017010015031,1,9,0,18,0,0,0,0,0,0,1,1,6,1,46,8,1597,1,8,8,1,8
2017010015034,1,9,0,11,0,0,0,0,0,0,4,1,6,1,25,5,2926,2,15,4,1,4
2017010015034,2,9,0,18,0,0,0,0,0,0,3,1,6,1,23,5,1956,2,7,3,1,3
2017010015034,3,9,0,18,0,0,0,0,0,0,1,1,6,1,32,6,1248,2,6,5,1,5
2017010015035,1,3,0,4,0,1,0,11,0,0,1,1,6,1,25,5,125,1,3,2,1,2
2017010015035,2,9,0,9,0,6,0,11,0,0,1,1,6,1,47,8,1796,1,8,4,1,4
2017010015036,1,9,0,17,0,5,0,0,0,0,1,1,6,1,33,6,1368,1,12,4,1,4
2017010015037,1,9,0,18,0,1,0,0,0,0,1,1,6,1,74,10,1242,1,16,3,1,3
2017010015040,1,11,0,4,0,1,0,0,0,0,0,1,1,1,52,8,6692,2,6,2,1,2
2017010015043,1,9,0,3,0,1,0,0,0,0,1,-1,6,2,54,8,2400,2,7,-1,-1,-1
2017010015043,2,9,0,9,0,6,0,0,0,0,1,-1,1,1,-1,-1,1461,2,2,-1,-1,-1
2017010015045,1,9,0,18,0,0,0,0,0,0,0,1,6,1,24,5,1560,2,6,3,1,3
2017010015045,2,5,0,18,0,0,1,0,0,0,0,1,2,1,51,8,649,1,7,7,1,7
2017010015051,1,3,-1,18,0,-1,0,0,-1,0,1,1,6,1,23,5,125,1,8,-1,-1,-1
2017010015051,2,9,-1,-1,-1,-1,-1,-1,-1,-1,-1,-1,6,1,-1,-1,2777,2,5,-1,-1,-1
2017010015055,1,1,0,-1,0,-1,0,-1,-1,0,-1,1,6,2,36,7,-1,-1,-1,2,1,2
2017010015055,2,8,0,-1,0,-1,0,0,0,0,-1,-1,6,1,-1,-1,2499,2,10,-1,-1,-1
2017010015057,1,9,0,3,0,1,0,0,0,0,2,-1,6,1,29,6,1995,2,5,-1,-1,-1
2017010015057,2,19,0,18,0,1,0,0,0,0,1,-1,6,3,-1,-1,1870,2,11,-1,-1,-1
2017010015063,1,2,0,18,0,1,0,0,0,0,1,1,6,1,27,6,-1,-1,-1,7,1,7
2017010015063,2,9,0,9,0,6,0,0,0,0,3,-1,6,3,-1,-1,1590,1,14,-1,-1,-1
2017010015067,1,9,-1,-1,0,-1,0,0,0,0,2,-1,6,1,61,9,2143,2,5,-1,-1,-1
2017010015067,2,9,-1,-1,-1,-1,-1,-1,-1,-1,-1,-1,6,1,-1,-1,1560,2,10,3,1,3
2017010015068,1,1,0,18,0,1,0,0,0,0,1,1,2,1,25,5,-1,-1,-1,3,1,3
2017010015068,2,9,0,6,0,1,0,0,0,0,3,-1,6,1,18,4,1797,8,8,-1,-1,-1
2017010015072,1,9,-1,-1,-1,-1,-1,-1,-1,-1,2,-1,6,2,30,6,1798,8,1,4,1,4
2017010015072,2,9,-1,18,-1,-1,-1,-1,-1,-1,-1,-1,6,3,-1,-1,1596,1,10,-1,-1,-1
2017010015078,1,3,0,18,0,1,1,0,0,0,0,1,6,1,20,4,-1,-1,-1,2,1,2
2017010015078,2,19,0,13,0,8,0,0,0,0,0,1,6,3,-1,-1,-1,-1,-1,-1,-1,-1
2017010015080,1,1,0,9,0,8,0,-1,-1,-1,2,1,6,2,38,7,-1,-1,-1,4,1,4
2017010015080,2,9,0,1,0,1,0,0,0,0,3,-1,6,1,18,4,1951,2,12,2,1,2
2017010015085,1,9,0,18,0,2,0,0,0,0,1,1,2,1,44,7,1124,1,14,9,1,9
2017010015090,1,1,-1,-1,-1,-1,-1,-1,-1,-1,-1,1,6,1,39,7,-1,-1,-1,4,1,4
2017010015090,2,9,-1,-1,-1,-1,-1,-1,-1,-1,-1,-1,6,1,18,4,1798,8,1,-1,-1,-1
2017010015092,1,9,0,18,0,1,0,0,0,0,1,1,6,1,26,6,1995,1,5,7,1,7
2017010015092,2,1,0,15,0,2,0,0,0,0,3,1,6,2,42,7,-1,-1,-1,6,1,6
2017010015093,1,1,0,18,0,-1,0,0,0,0,-1,1,6,1,35,6,-1,-1,-1,4,1,4
2017010015093,2,9,0,-1,0,-1,0,0,0,0,3,-1,6,2,57,9,2400,2,5,7,1,7
2017010015099,1,9,-1,-1,-1,-1,-1,-1,-1,-1,-1,-1,6,2,30,6,1595,1,15,-1,-1,-1
2017010015101,1,8,0,9,0,1,0,0,0,0,3,1,6,1,39,7,1798,8,2,1,1,1
2017010015101,2,1,0,18,0,8,0,0,0,0,1,1,2,2,44,7,-1,-1,-1,4,1,4
2017010015102,1,1,0,18,0,8,0,0,0,0,2,1,1,1,45,7,-1,-1,-1,10,1,10
2017010015102,2,9,0,18,0,8,0,0,0,0,1,1,1,2,20,4,1229,1,9,5,1,5
2017010015103,1,9,0,-1,0,2,0,0,0,0,1,1,6,1,-1,-1,1998,1,14,2,1,2
2017010015105,1,9,0,3,0,1,0,-1,0,0,2,-1,6,1,68,10,1968,2,2,8,1,8
2017010015105,2,9,0,3,0,1,0,-1,0,0,1,-1,6,1,18,4,-1,-1,-1,4,1,4
2017010015112,1,9,0,5,0,3,0,0,0,0,1,1,6,1,60,9,1598,1,8,5,1,5
2017010015112,2,4,0,18,0,3,0,0,0,0,1,1,1,1,31,6,249,1,8,5,1,5
2017010015113,1,9,0,18,0,1,0,0,0,0,1,1,6,1,29,6,1388,1,15,3,1,3
2017010015113,2,9,0,5,0,1,0,0,0,0,4,1,6,2,40,7,1360,1,12,3,1,3
2017010015114,1,9,0,18,0,0,0,4,0,0,3,1,6,1,26,6,1995,2,9,-1,-1,-1
2017010015114,2,9,0,3,0,0,0,11,0,0,2,1,6,1,27,6,1998,2,8,-1,-1,-1
2017010015115,1,9,0,18,0,1,0,0,0,0,2,1,6,1,31,6,1796,1,8,9,1,9
2017010015115,2,19,0,18,0,1,0,0,0,0,1,1,6,3,-1,-1,1753,2,12,-1,-1,-1
2017010015118,1,3,0,13,0,0,0,0,0,0,1,1,2,1,41,7,108,1,1,1,1,1
2017010015118,2,9,0,9,0,0,0,0,0,0,3,1,3,2,36,7,1582,2,2,3,1,3
2017010015120,1,4,0,18,0,8,0,0,0,0,1,1,6,1,33,6,125,1,2,6,1,6
2017010015125,1,9,0,5,0,4,0,0,0,0,1,1,6,1,25,5,1197,1,2,5,1,5
2017010015125,2,9,0,5,0,4,0,0,0,0,2,1,6,2,36,7,1598,1,15,3,1,3
2017010015131,1,19,0,18,0,0,0,0,0,0,1,1,2,1,33,6,2143,2,1,10,2,10
2017010015131,2,9,0,18,0,0,0,0,0,0,2,1,1,1,24,5,-1,-1,-1,10,2,10
2017010015134,1,8,0,18,0,0,0,0,0,0,3,1,1,1,56,9,2776,2,1,10,3,10
2017010015134,2,4,0,13,0,0,0,7,0,0,4,1,2,1,49,8,125,1,7,7,1,7
2017010015135,1,9,0,1,0,0,0,0,0,0,2,1,6,2,59,9,1598,2,1,2,1,2
2017010015141,1,9,0,9,0,8,0,0,0,0,1,1,6,1,66,10,1598,2,2,3,1,3
2017010015153,1,1,0,18,0,1,0,0,0,0,3,1,6,1,38,7,-1,-1,-1,8,1,8
2017010015153,2,19,0,18,0,1,0,0,0,0,4,-1,6,1,47,8,-1,-1,-1,3,1,3
2017010015155,1,9,0,10,0,1,0,0,0,0,3,1,6,1,29,6,2171,1,15,1,1,1
2017010015155,2,3,0,18,0,2,0,0,0,0,3,1,6,1,51,8,125,1,15,2,1,2
2017010015156,1,9,0,7,0,5,0,0,0,0,1,1,6,2,19,4,1229,1,8,4,1,4
2017010015156,2,1,0,18,0,8,0,0,0,0,3,1,6,1,31,6,-1,-1,-1,6,1,6
2017010015162,1,9,-1,18,0,-1,0,0,0,0,2,-1,6,2,39,7,1796,1,13,5,1,5
2017010015162,2,9,-1,18,0,1,0,0,0,0,1,-1,6,1,55,8,1997,2,6,2,1,2
2017010015167,1,9,0,18,0,2,0,0,0,0,1,1,1,2,41,7,1598,2,2,4,1,4
2017010015174,1,3,0,-1,0,1,0,0,0,0,1,1,6,1,27,6,124,1,7,4,1,4
2017010015174,2,9,0,-1,0,1,0,0,0,0,2,-1,6,1,-1,-1,1997,2,5,4,1,4
2017010015177,1,9,0,18,0,2,0,0,0,0,3,1,2,1,28,6,1364,1,1,2,1,2
2017010015187,1,20,0,18,0,1,0,0,0,0,1,1,6,1,18,4,2143,2,2,-1,-1,-1
2017010015187,2,1,0,18,0,1,0,0,0,0,-1,1,6,1,18,4,-1,-1,-1,4,1,4
2017010015188,1,19,0,18,0,1,0,0,0,0,3,1,6,1,30,6,2198,2,4,2,1,2
2017010015188,2,9,0,11,0,1,0,0,0,0,4,1,6,3,-1,-1,-1,-1,-1,-1,-1,-1
2017010015194,1,9,0,18,0,1,0,0,0,0,1,1,6,3,-1,-1,-1,-1,-1,-1,-1,-1
2017010015196,1,3,0,18,0,0,0,0,0,0,2,1,6,2,25,5,125,1,2,1,1,1
2017010015196,2,9,0,18,0,0,0,0,0,0,1,1,6,1,44,7,998,1,4,1,1,1
2017010015198,1,9,0,18,0,1,0,10,7,10,4,1,6,2,39,7,2148,2,11,-1,-1,-1
2017010015198,2,9,0,10,0,8,0,0,0,0,1,1,1,2,24,5,1461,2,2,3,1,3
2017010015206,1,9,-1,3,0,0,-1,0,0,0,2,-1,6,2,20,4,1242,1,3,-1,-1,-1
2017010015209,1,19,-1,-1,-1,-1,-1,-1,-1,-1,-1,-1,6,1,18,4,-1,-1,-1,-1,-1,-1
2017010015213,1,9,0,18,0,2,0,0,0,0,4,1,6,2,54,8,1590,1,13,-1,-1,-1
2017010015213,2,1,0,12,0,2,5,0,0,0,3,1,6,1,76,11,-1,-1,-1,4,1,4
2017010015214,1,4,0,15,0,3,0,0,0,0,1,1,6,1,32,6,125,1,9,2,1,2
2017010015214,2,9,0,18,0,3,0,0,0,0,4,1,6,2,55,8,1197,1,2,3,1,3
2017010015217,1,9,0,4,0,1,0,0,0,0,2,1,6,2,39,7,1995,1,6,2,1,2
2017010015217,2,9,0,18,0,1,0,0,0,0,1,1,6,1,26,6,1248,2,4,7,3,7
2017010015219,1,11,0,5,0,2,0,0,0,0,0,1,1,1,41,7,6700,2,7,5,1,5
2017010015220,1,19,0,18,0,0,0,11,0,0,4,1,1,1,49,8,2143,2,1,3,1,3
2017010015221,1,9,0,18,0,0,0,0,0,0,1,1,2,1,45,7,2148,2,15,6,1,6
2017010015221,2,9,0,18,0,0,0,0,0,0,2,1,6,2,44,7,1769,1,15,2,1,2
2017010015222,1,9,-1,7,-1,-1,-1,-1,-1,-1,-1,-1,6,3,-1,-1,-1,-1,-1,-1,-1,-1
2017010015223,1,9,0,18,0,8,0,0,0,0,2,1,6,1,51,8,1968,2,5,4,1,4
2017010015223,2,9,0,18,0,8,0,0,0,0,1,1,6,1,30,6,1364,1,8,6,1,6
2017010015224,1,9,0,6,0,0,0,0,0,0,3,1,6,1,49,8,1998,1,15,6,1,6
2017010015224,2,3,0,13,0,0,1,0,0,0,4,1,6,1,24,5,125,1,7,1,1,1
2017010015225,1,9,0,18,0,0,0,10,0,0,4,1,6,1,24,5,998,1,1,8,1,8
2017010015225,2,19,0,18,0,0,0,0,0,0,1,1,2,1,28,6,2198,2,4,1,1,1
2017010015226,1,9,0,18,2,1,0,0,0,0,1,1,6,1,42,7,493,1,3,4,1,4
2017010015226,2,9,0,11,0,1,0,0,0,0,4,1,6,1,23,5,1995,2,3,9,1,9
2017010015227,1,9,0,4,0,0,0,0,0,0,2,1,6,1,28,6,1798,1,16,2,1,2
2017010015227,2,9,0,18,0,0,0,0,0,0,1,1,6,1,31,6,1299,1,14,2,1,2
2017010015227,3,9,0,18,0,0,0,0,0,0,1,1,6,1,31,6,2996,2,6,5,1,5
2017010015228,1,9,0,4,0,0,0,0,0,0,2,1,6,2,38,7,1500,1,22,2,1,2
2017010015228,2,11,0,18,0,0,0,0,0,0,1,1,1,1,55,8,9360,2,10,8,1,8
2017010015229,1,9,0,18,0,1,0,0,0,0,3,1,6,1,45,7,1998,2,10,2,1,2
2017010015229,2,1,0,18,0,1,0,0,0,0,1,1,6,1,52,8,-1,-1,-1,6,1,6
2017010015230,1,11,0,4,0,1,0,0,0,0,1,1,6,1,57,9,5132,2,1,6,1,6
2017010015230,2,1,0,4,0,1,0,0,0,0,1,1,2,1,46,8,-1,-1,-1,8,1,8
2017010015231,1,5,0,4,0,1,0,0,0,0,3,1,6,1,53,8,680,1,7,4,1,4
2017010015231,2,9,0,9,0,1,0,0,0,0,4,1,6,1,-1,-1,-1,-1,-1,-1,-1,-1
2017010015232,1,9,0,9,0,2,0,0,0,0,3,1,6,1,38,7,1390,1,16,10,1,10
2017010015232,2,1,0,18,0,1,0,0,0,0,1,1,6,1,47,8,-1,-1,-1,10,1,10
2017010015233,1,2,0,14,0,1,0,0,0,0,4,1,1,1,28,6,124,1,5,4,1,4
2017010015233,2,19,0,9,0,6,0,0,0,0,1,1,6,1,55,8,1686,2,13,2,1,2
2017010015234,1,9,0,18,0,1,0,0,0,0,3,1,6,2,26,6,1399,2,7,3,1,3
2017010015234,2,9,0,18,0,1,0,0,0,0,1,1,6,1,33,6,2143,2,4,-1,-1,-1
2017010015235,1,8,0,5,0,4,0,0,0,0,1,1,1,1,41,7,2143,2,2,2,1,2
2017010015235,2,8,0,16,0,3,1,0,0,0,4,1,1,1,37,7,2143,2,5,6,1,6
2017010015236,1,3,0,18,0,8,0,0,0,0,1,1,2,1,30,6,125,1,5,6,1,6
2017010015236,2,9,0,10,0,8,0,0,0,0,3,1,6,1,27,6,1995,1,14,5,1,5
2017010015239,1,9,0,18,0,1,0,7,0,0,1,1,6,1,83,11,2597,1,14,8,1,8
2017010015246,1,11,0,4,0,1,0,0,0,0,1,1,1,1,46,8,6700,2,5,3,1,3
2017010015257,1,8,0,-1,-1,0,0,-1,-1,-1,-1,-1,6,3,-1,-1,-1,-1,-1,-1,-1,-1
2017010015272,1,19,0,-1,0,0,0,-1,0,0,-1,-1,6,1,37,7,1968,2,3,-1,-1,-1
2017010015272,2,19,-1,-1,0,0,-1,-1,0,0,-1,-1,6,1,53,8,2402,2,8,1,1,1
2017010015275,1,19,-1,-1,-1,-1,-1,-1,-1,-1,-1,-1,6,1,18,4,-1,-1,-1,-1,-1,-1
2017010015276,1,5,-1,-1,-1,-1,-1,-1,-1,-1,-1,1,1,2,44,7,656,1,10,-1,-1,-1
2017010015276,2,9,-1,-1,0,-1,-1,-1,-1,-1,-1,-1,6,2,24,5,1598,1,10,8,1,8
2017010015277,1,1,-1,-1,-1,-1,-1,-1,-1,-1,-1,1,6,1,46,8,-1,-1,-1,5,1,5
2017010015277,2,9,-1,-1,-1,-1,-1,-1,-1,-1,-1,-1,6,1,-1,-1,2199,2,3,-1,-1,-1
2017010015280,1,1,0,-1,0,-1,0,-1,-1,0,-1,1,6,1,18,4,-1,-1,-1,-1,-1,-1
2017010015289,1,9,0,9,0,5,0,0,0,0,1,1,6,1,26,6,999,1,1,1,1,1
2017010015289,2,4,0,18,0,1,0,0,0,0,1,1,2,1,29,6,-1,-1,-1,1,1,1
2017010015298,1,19,-1,-1,-1,-1,-1,-1,-1,-1,-1,-1,6,3,-1,-1,-1,-1,-1,-1,-1,-1
2017010015310,1,9,0,18,0,-1,0,-1,-1,-1,-1,-1,6,2,40,7,1598,1,11,-1,-1,-1
2017010015310,2,9,-1,6,0,-1,-1,-1,-1,-1,-1,-1,6,1,18,4,1598,1,8,-1,-1,-1
2017010015313,1,9,0,3,0,0,0,0,0,0,2,-1,6,2,31,6,1395,1,3,6,1,6
2017010015313,2,9,0,3,0,0,0,0,0,0,1,-1,6,2,18,4,998,1,1,6,1,6
2017010015313,3,9,0,3,0,0,0,0,0,0,2,-1,6,2,48,8,1498,1,10,-1,-1,-1
2017010015314,1,1,0,18,4,1,0,0,0,0,1,1,2,1,26,6,-1,-1,-1,8,1,8
2017010015314,2,9,-1,9,4,1,-1,0,0,0,4,-1,6,2,26,6,1198,1,6,7,1,7
2017010015324,1,9,0,10,0,8,0,0,1,0,2,1,6,1,32,6,-1,-1,-1,-1,-1,-1
2017010015324,2,9,0,18,0,8,0,0,0,0,1,1,6,3,-1,-1,2143,2,1,-1,-1,-1
2017010015325,1,9,-1,-1,-1,-1,-1,-1,-1,-1,-1,-1,6,2,26,6,1598,1,7,1,1,1
2017010015327,1,9,0,9,9,6,0,0,0,0,1,1,1,2,28,6,1598,1,13,7,1,7
2017010015330,1,19,-1,-1,-1,0,-1,-1,-1,-1,-1,-1,6,1,-1,-1,2400,2,14,-1,-1,-1
2017010015330,2,9,-1,18,-1,0,-1,-1,-1,-1,-1,-1,6,2,33,6,1198,1,2,2,1,2
2017010015336,1,3,0,5,0,2,0,0,0,0,1,1,2,1,53,8,124,1,3,3,1,3
2017010015336,2,9,0,1,0,1,0,0,0,0,2,1,6,1,-1,-1,1197,1,1,3,1,3
2017010015344,1,19,0,5,0,1,0,0,0,0,1,1,2,1,36,7,-1,-1,-1,7,1,7
2017010015345,1,9,0,1,9,0,0,0,0,0,2,1,1,1,50,8,-1,-1,-1,9,3,9
2017010015348,1,9,0,-1,0,8,0,0,0,0,2,-1,6,1,40,7,1598,2,3,9,3,9
2017010015350,1,9,0,9,0,1,0,0,0,0,1,1,2,1,33,6,1584,1,12,4,1,4
2017010015350,2,3,0,18,2,8,2,0,1,0,1,1,2,1,30,6,125,1,1,8,1,8
2017010015351,1,19,0,18,0,2,1,0,0,0,1,1,6,1,26,6,2461,2,7,2,1,2
2017010015352,1,8,0,4,0,8,0,0,0,0,1,1,1,1,55,8,2499,2,2,7,1,7
2017010015353,1,9,-1,-1,-1,-1,-1,-1,-1,-1,-1,-1,6,2,33,6,1900,2,12,-1,-1,-1
2017010015361,1,9,0,14,0,0,0,4,0,0,1,1,2,2,24,5,1390,1,12,3,1,3
2017010015361,2,9,0,2,0,0,0,0,0,0,2,1,6,3,-1,-1,2987,2,9,-1,-1,-1
2017010015363,1,9,-1,-1,-1,-1,-1,-1,-1,-1,-1,-1,6,1,-1,-1,-1,-1,-1,-1,-1,-1
2017010015365,1,1,0,18,0,8,0,0,0,0,1,1,6,1,40,7,-1,-1,-1,1,1,1
2017010015365,2,9,0,9,0,8,0,0,0,0,4,-1,6,1,-1,-1,1968,2,4,-1,-1,-1
2017010015367,1,9,0,9,0,8,0,0,0,0,1,1,2,1,48,8,-1,-1,-1,9,1,9
2017010015370,1,9,0,4,0,0,0,0,0,0,2,1,2,1,39,7,1998,1,9,7,1,7
2017010015370,2,9,0,4,0,0,0,0,0,0,2,1,2,1,41,7,1995,2,12,2,1,2
2017010015370,3,9,0,4,0,0,0,0,0,0,2,1,2,1,23,5,1900,2,13,1,1,1
2017010015370,4,9,0,4,0,0,0,0,0,0,1,1,2,1,35,6,1800,1,17,5,1,5
2017010015372,1,9,-1,-1,-1,-1,-1,-1,-1,-1,-1,-1,6,2,24,5,1198,1,15,-1,-1,-1
2017010015372,2,9,-1,-1,-1,-1,-1,-1,-1,-1,-1,-1,6,1,-1,-1,1991,2,10,4,1,4
2017010015372,3,9,-1,-1,-1,-1,-1,-1,-1,-1,-1,-1,6,1,-1,-1,-1,-1,-1,-1,-1,-1
2017010015374,1,11,0,18,2,1,0,0,0,0,3,1,1,1,49,8,8268,2,14,4,1,4
2017010015378,1,9,0,4,0,0,0,0,0,0,2,1,6,2,26,6,2035,1,11,5,1,5
2017010015378,2,9,0,4,0,0,0,0,0,0,1,1,6,1,17,4,1587,1,14,-1,-1,-1
2017010015384,1,11,0,18,0,1,0,0,0,0,0,1,1,1,61,9,4500,2,1,3,1,3
2017010015389,1,9,-1,-1,-1,-1,-1,-1,-1,-1,4,-1,6,1,59,9,1995,2,12,-1,-1,-1
2017010015389,2,9,-1,-1,-1,-1,-1,-1,-1,-1,-1,-1,6,1,-1,-1,1798,8,3,9,2,9
2017010015392,1,11,0,4,0,1,0,0,0,0,0,1,1,1,50,8,4500,2,2,2,1,2
2017010015394,1,1,0,18,0,1,0,0,0,0,1,1,2,1,29,6,-1,-1,-1,4,1,4
2017010015395,1,9,0,13,0,1,0,0,0,0,1,1,6,2,39,7,2993,2,7,5,1,5
2017010015395,2,9,0,1,0,5,0,0,0,0,2,1,6,3,-1,-1,1995,2,13,-1,-1,-1
2017010015404,1,9,0,16,0,2,0,10,0,0,4,1,2,2,49,8,1596,1,12,4,1,4
2017010015412,1,1,0,18,0,8,0,0,0,0,1,1,2,1,28,6,-1,-1,-1,7,1,7
2017010015412,2,9,0,-1,0,8,0,0,0,0,1,-1,6,1,18,4,2720,2,12,4,1,4
2017010015418,1,9,0,4,0,-1,0,0,0,0,0,-1,6,1,27,6,1560,2,5,-1,-1,-1
2017010015418,2,9,0,18,0,-1,0,0,-1,0,4,-1,6,2,18,4,1242,1,1,10,1,10
2017010015424,1,9,0,7,0,8,0,0,0,0,1,1,2,1,30,6,2204,2,12,4,1,4
2017010015426,1,1,0,18,0,8,0,0,0,0,1,1,6,2,23,5,-1,-1,-1,6,1,6
2017010015426,2,1,0,9,0,8,0,0,0,0,1,1,6,1,70,10,-1,-1,-1,1,1,1
2017010015428,1,9,0,18,0,3,0,0,0,0,4,1,6,1,28,6,1998,1,10,3,1,3
2017010015429,1,9,0,7,0,8,0,0,0,0,1,1,6,1,35,6,1968,2,3,5,1,5
2017010015429,2,1,0,18,0,8,0,0,0,0,3,1,2,1,27,6,-1,-1,-1,7,1,7
2017010015431,1,8,0,18,0,1,0,0,0,0,0,1,2,1,34,6,1797,8,7,2,1,2
2017010015431,2,1,0,18,0,2,2,0,0,0,0,1,2,1,26,6,-1,-1,-1,-1,-1,-1
2017010015432,1,9,0,6,0,2,0,0,0,0,3,1,4,1,20,4,1596,1,12,2,1,2
2017010015432,2,4,0,16,0,2,0,0,0,0,4,1,6,1,40,7,125,1,15,6,1,6
2017010015433,1,9,0,9,0,8,0,0,0,0,1,1,2,2,27,6,1968,2,8,5,1,5
2017010015434,1,9,0,9,7,5,0,0,0,0,1,1,6,2,35,6,1598,1,9,4,1,4
2017010015435,1,8,0,18,0,0,0,0,0,0,4,1,1,1,43,7,2499,2,6,5,1,5
2017010015436,1,3,0,4,0,0,1,4,8,10,1,1,2,1,32,6,125,1,5,1,1,1
2017010015436,2,9,0,18,0,0,0,0,0,0,3,1,2,1,26,6,1598,1,16,3,1,3
2017010015437,1,11,0,18,0,1,0,0,0,0,1,1,1,1,48,8,4500,2,5,10,1,10
2017010015437,2,9,0,10,0,1,0,0,0,0,3,1,6,2,25,5,1896,2,8,9,1,9
2017010015438,1,8,0,18,0,1,0,0,0,0,1,1,2,1,73,10,2402,2,15,8,1,8
2017010015439,1,19,0,9,0,1,0,0,0,0,3,1,1,1,62,9,1248,2,4,10,3,10
2017010015439,2,5,0,13,0,1,1,0,0,0,1,1,2,2,32,6,1157,1,17,3,1,3
2017010015440,1,10,0,5,0,1,0,0,0,0,4,1,1,1,23,5,2198,2,2,2,1,2
2017010015441,1,5,0,18,0,2,0,0,0,0,1,1,6,1,49,8,600,1,17,5,1,5
2017010015442,1,19,0,4,0,2,0,0,0,0,2,1,1,1,46,8,2143,2,5,3,1,3
2017010015442,2,9,0,18,0,2,0,0,0,0,1,1,6,2,26,6,1240,1,14,4,1,4
2017010015443,1,1,0,18,4,2,0,0,0,0,1,1,2,1,31,6,-1,-1,-1,4,1,4
2017010015444,1,9,0,2,0,1,0,0,0,0,2,1,6,3,-1,-1,1796,1,16,-1,-1,-1
2017010015444,2,3,0,18,0,1,1,4,0,0,3,1,6,1,18,4,125,1,12,2,1,2
2017010015444,3,9,0,9,0,1,0,0,0,0,2,1,6,2,26,6,1198,1,10,6,1,6