Accident_Index,Vehicle_Reference,Vehicle_Type,Towing_and_Articulation,Vehicle_Manoeuvre,Vehicle_Location-Restricted_Lane,Junction_Location,Skidding_and_Overturning,Hit_Object_in_Carriageway,Vehicle_Leaving_Carriageway,Hit_Object_off_Carriageway,1st_Point_of_Impact,Was_Vehicle_Left_Hand_Drive?,Journey_Purpose_of_Driver,Sex_of_Driver,Age_of_Driver,Age_Band_of_Driver,Engine_Capacity_(CC),Propulsion_Code,Age_of_Vehicle,Driver_IMD_Decile,Driver_Home_Area_Type,Vehicle_IMD_Decile
2017010015445,1,2,0,5,0,8,0,0,0,0,1,1,1,1,35,6,-1,-1,-1,2,1,2
2017010015445,2,8,0,9,0,8,0,0,0,0,1,1,1,1,47,8,1797,8,8,8,1,8
2017010015446,1,9,0,14,0,1,0,0,0,0,1,1,6,2,27,6,1398,1,6,8,1,8
2017010015448,1,9,0,5,0,0,0,0,0,0,1,1,6,2,42,7,1339,1,10,2,1,2
2017010015448,2,1,0,18,0,0,0,0,0,0,1,1,2,2,32,6,-1,-1,-1,7,1,7
2017010015449,1,9,0,5,0,1,0,0,0,0,1,1,2,1,43,7,1461,2,4,3,1,3
2017010015449,2,1,0,18,0,1,0,0,0,0,2,1,6,1,31,6,-1,-1,-1,2,1,2
2017010015450,1,9,0,-1,-1,6,-1,-1,0,0,-1,1,6,1,36,7,1596,1,11,2,1,2
2017010015451,1,8,0,7,0,1,0,0,0,0,1,1,6,1,48,8,1598,1,8,2,1,2
2017010015451,2,3,0,4,0,1,0,0,0,0,2,1,6,1,26,6,124,1,4,3,1,3
2017010015452,1,9,0,4,0,8,0,0,0,0,2,1,6,1,23,5,1796,1,12,-1,-1,-1
2017010015452,2,9,0,4,0,6,0,0,0,0,2,1,6,2,38,7,1798,8,-1,7,1,7
2017010015452,3,9,0,18,0,8,0,0,0,0,1,1,6,1,53,8,1598,2,1,4,1,4
2017010015453,1,9,0,9,0,8,0,0,0,0,1,1,6,1,70,10,1242,1,19,3,1,3
2017010015453,2,5,0,18,0,8,0,0,0,0,1,1,6,1,30,6,599,1,15,3,1,3
2017010015454,1,9,0,18,0,0,0,8,0,0,1,1,6,3,-1,-1,-1,-1,-1,-1,-1,-1
2017010015454,2,9,0,2,0,0,0,8,0,0,4,1,6,3,-1,-1,3456,8,5,-1,-1,-1
2017010015455,1,9,0,18,0,1,0,0,0,0,1,1,6,3,-1,-1,998,1,9,-1,-1,-1
2017010015455,2,9,0,3,0,8,0,0,0,0,3,1,2,1,39,7,-1,-1,-1,2,1,2
2017010015458,1,11,0,18,0,1,0,0,0,0,1,2,6,1,56,9,4500,2,2,2,1,2
2017010015459,1,19,0,5,9,0,0,0,0,0,3,1,1,1,41,7,1560,2,1,10,1,10
2017010015460,1,9,0,18,0,1,0,0,0,0,3,1,2,1,69,10,1206,1,8,-1,-1,-1
2017010015464,1,9,0,18,0,1,1,0,0,0,1,1,1,2,27,6,1968,2,1,3,1,3
2017010015464,2,9,0,1,0,7,0,0,0,0,2,1,6,1,45,7,6208,1,3,8,3,8
2017010015465,1,8,0,4,0,2,0,0,0,0,2,1,6,1,31,6,1997,2,4,2,1,2
2017010015465,2,1,0,4,0,2,2,0,0,0,1,1,2,1,31,6,-1,-1,-1,8,2,8
2017010015466,1,9,0,9,0,5,0,0,0,0,1,1,6,2,21,5,-1,-1,-1,3,1,3
2017010015467,1,19,0,17,0,1,0,0,0,0,1,1,6,3,-1,-1,-1,-1,-1,-1,-1,-1
2017010015470,1,3,0,18,6,2,0,0,0,0,1,1,2,1,34,6,108,1,2,4,1,4
2017010015470,2,3,0,4,6,2,0,0,0,0,2,1,2,1,27,6,125,1,5,6,1,6
2017010015470,3,9,0,6,0,8,0,0,0,0,0,1,6,1,41,7,1685,2,2,3,1,3
2017010015471,1,9,0,18,0,1,0,0,0,0,1,1,6,1,21,5,1995,2,4,5,1,5
2017010015471,2,9,0,2,0,1,0,0,0,0,2,1,6,3,-1,-1,1240,1,9,-1,-1,-1
2017010015471,3,9,0,2,9,1,0,0,0,0,2,1,6,3,-1,-1,5461,1,11,-1,-1,-1
2017010015478,1,5,0,13,0,1,0,0,0,0,2,1,6,1,56,9,996,1,9,4,1,4
2017010015478,2,8,0,10,0,5,0,0,0,0,2,1,6,1,50,8,2499,2,2,2,1,2
2017010015480,1,9,0,18,0,8,0,0,0,0,1,1,1,1,31,6,1968,2,3,4,1,4
2017010015480,2,9,0,18,0,8,0,0,0,0,1,1,6,3,-1,-1,-1,-1,-1,-1,-1,-1
2017010015489,1,9,-1,2,0,0,0,0,0,0,0,-1,6,3,-1,-1,1198,1,15,-1,-1,-1
2017010015489,2,9,-1,18,0,0,0,0,0,0,-1,-1,6,3,-1,-1,1396,1,27,-1,-1,-1
2017010015515,1,19,0,5,0,0,0,0,0,0,1,1,1,1,43,7,1995,2,4,7,1,7
2017010015515,2,3,0,3,0,0,0,0,0,0,2,1,6,2,34,6,125,1,9,5,1,5
2017010015516,1,1,-1,18,-1,-1,-1,-1,-1,-1,-1,1,6,2,27,6,-1,-1,-1,2,1,2
2017010015517,1,1,0,5,0,8,0,0,0,0,2,1,6,1,28,6,-1,-1,-1,2,1,2
2017010015517,2,19,0,5,0,8,0,0,0,0,1,-1,6,3,-1,-1,2299,2,3,-1,-1,-1
2017010015521,1,19,0,15,0,2,0,0,0,0,1,1,2,1,51,8,1995,2,7,3,1,3
2017010015527,1,9,0,18,0,8,0,0,1,10,4,1,6,1,66,10,-1,-1,-1,-1,-1,-1
2017010015527,2,9,0,7,0,6,0,0,0,0,1,1,6,1,26,6,1999,2,1,1,1,1
2017010015528,1,9,-1,-1,0,1,-1,0,-1,0,2,-1,6,1,26,6,999,1,4,3,1,3
2017010015528,2,9,-1,-1,-1,-1,-1,-1,-1,-1,-1,-1,6,3,-1,-1,-1,-1,-1,-1,-1,-1
2017010015530,1,9,0,18,0,0,0,0,0,0,1,1,6,3,-1,-1,-1,-1,-1,-1,-1,-1
2017010015534,1,9,0,-1,0,1,0,0,0,0,1,-1,6,2,48,8,1796,1,11,7,1,7
2017010015535,1,9,0,7,0,8,0,11,0,0,1,2,6,1,33,6,1798,1,11,4,1,4
2017010015535,2,9,0,18,0,8,0,11,0,0,1,1,6,1,67,10,2987,2,7,8,1,8
2017010015540,1,1,-1,18,0,0,0,8,0,0,1,1,6,1,36,7,-1,-1,-1,5,1,5
2017010015540,2,8,-1,4,0,0,0,0,0,0,-1,-1,1,1,36,7,2499,2,2,7,1,7
2017010015541,1,19,0,18,0,1,0,0,0,0,1,1,6,1,44,7,-1,-1,-1,4,1,4
2017010015544,1,4,0,11,0,1,0,0,0,0,4,1,2,1,30,6,125,1,6,6,1,6
2017010015544,2,19,0,12,0,1,0,0,0,0,3,1,1,1,56,9,1870,2,14,8,1,8
2017010015551,1,9,0,18,0,2,0,0,0,0,1,1,2,1,37,7,1995,2,7,10,1,10
2017010015554,1,1,0,18,0,0,0,0,0,0,-1,1,6,1,35,6,-1,-1,-1,6,1,6
2017010015555,1,19,0,18,0,2,0,0,0,0,4,1,6,1,41,7,-1,-1,-1,5,1,5
2017010015555,2,9,0,11,0,2,0,0,0,0,1,1,6,3,-1,-1,-1,-1,-1,-1,-1,-1
2017010015559,1,9,-1,-1,-1,-1,-1,-1,-1,-1,-1,-1,6,1,44,7,2720,2,11,2,1,2
2017010015559,2,9,-1,-1,-1,-1,-1,-1,-1,10,-1,-1,6,1,-1,-1,1388,1,12,1,1,1
2017010015568,1,9,0,9,0,5,0,0,0,0,1,1,6,2,59,9,1598,1,10,3,1,3
2017010015571,1,9,0,8,0,1,0,0,0,0,2,-1,2,1,41,7,1995,2,1,2,1,2
2017010015571,2,9,0,8,0,1,0,0,0,0,1,-1,6,3,-1,-1,1753,2,10,-1,-1,-1
2017010015583,1,9,-1,18,0,4,0,0,0,0,1,-1,6,2,16,4,-1,-1,-1,-1,-1,-1
2017010015583,2,90,0,3,0,4,0,0,0,0,2,-1,6,2,28,6,-1,-1,-1,3,1,3
2017010015587,1,9,0,5,0,1,0,0,0,0,1,1,6,2,29,6,1499,2,4,2,1,2
2017010015587,2,9,0,4,0,1,0,0,0,0,2,1,6,1,67,10,-1,-1,-1,2,1,2
2017010015588,1,9,0,2,0,1,0,0,0,0,4,1,6,3,-1,-1,1595,1,14,-1,-1,-1
2017010015588,2,1,0,18,0,1,0,8,0,0,1,1,2,2,43,7,-1,-1,-1,4,1,4
2017010015590,1,19,0,6,0,2,0,0,0,0,3,1,1,1,31,6,1560,2,2,7,1,7
2017010015590,2,1,0,14,0,1,5,0,0,0,1,1,2,1,33,6,-1,-1,-1,8,1,8
2017010015595,1,9,0,9,0,6,0,0,0,0,3,1,1,1,44,7,1598,1,6,3,1,3
2017010015595,2,3,0,13,0,8,0,0,0,0,1,1,6,1,18,4,278,1,1,-1,-1,-1
2017010015597,1,9,0,7,0,1,0,0,0,0,1,1,6,1,52,8,-1,-1,-1,4,1,4
2017010015607,1,9,0,10,0,6,0,0,0,0,3,1,6,2,28,6,1390,1,16,5,1,5
2017010015607,2,1,0,18,0,1,0,0,0,0,1,1,6,1,21,5,-1,-1,-1,3,1,3
2017010015608,1,9,0,16,0,4,0,0,0,0,3,-1,6,1,20,4,1798,1,10,8,1,8
2017010015608,2,9,0,16,0,3,0,0,0,0,-1,-1,6,3,-1,-1,1597,1,24,-1,-1,-1
2017010015610,1,9,0,7,0,5,0,10,1,0,3,1,6,1,48,8,1968,2,4,9,1,9
2017010015610,2,21,1,16,0,1,0,0,0,0,1,1,1,1,20,4,12740,2,4,5,1,5
2017010015612,1,2,0,18,0,8,0,11,0,0,3,1,1,1,17,4,49,1,2,4,1,4
2017010015612,2,9,0,18,0,6,0,11,0,0,1,1,6,3,-1,-1,-1,-1,-1,-1,-1,-1
2017010015613,1,90,0,14,0,1,0,0,0,0,4,1,1,1,33,6,6370,2,10,5,1,5
2017010015613,2,9,0,15,0,1,0,0,0,0,1,1,6,1,65,9,1398,1,1,4,1,4
2017010015617,1,11,0,4,0,0,0,0,0,0,0,1,1,1,39,7,4500,2,5,-1,-1,-1
2017010015624,1,8,0,9,0,8,0,0,0,0,4,1,1,1,51,8,1968,2,2,9,1,9
2017010015624,2,5,0,15,0,1,0,0,0,0,1,1,1,1,37,7,-1,-1,-1,3,1,3
2017010015635,1,9,0,9,0,8,0,0,0,0,1,1,2,1,55,8,-1,3,2,9,1,9
2017010015638,1,9,0,18,0,2,0,0,0,0,3,1,6,1,68,10,1796,1,9,-1,-1,-1
2017010015639,1,9,0,9,0,2,0,0,1,0,2,1,6,2,81,11,1242,1,17,4,1,4
2017010015639,2,21,4,9,0,6,0,0,0,0,1,1,1,1,63,9,7698,2,3,9,1,9
2017010015649,1,1,0,14,0,1,0,8,0,0,4,1,6,1,23,5,-1,-1,-1,3,1,3
2017010015649,2,9,0,2,0,1,0,0,0,0,3,1,6,3,-1,-1,3724,1,13,-1,-1,-1
2017010015659,1,9,0,18,0,0,0,0,0,0,4,1,6,2,33,6,2967,2,10,6,1,6
2017010015661,1,9,0,7,0,6,0,0,0,0,2,1,6,1,26,6,1997,2,12,-1,-1,-1
2017010015661,2,11,0,9,2,8,0,0,0,0,1,1,1,1,59,9,6700,2,5,3,1,3
2017010015667,1,9,0,4,0,1,0,0,0,0,1,1,6,1,30,6,1598,1,18,6,1,6
2017010015669,1,9,0,18,0,1,0,0,0,0,1,1,4,1,41,7,1956,2,7,3,1,3
2017010015670,1,11,0,5,2,0,0,0,0,0,0,1,1,1,50,8,7300,2,15,-1,-1,-1
2017010015671,1,9,0,18,0,1,0,0,0,0,1,1,6,1,22,5,1461,2,11,9,1,9
2017010015671,2,4,0,18,0,1,1,0,0,0,1,1,6,1,60,9,125,1,11,9,1,9
2017010015672,1,11,0,17,0,1,1,0,0,0,1,1,1,1,65,9,5132,2,2,-1,-1,-1
2017010015672,2,9,0,17,0,1,0,0,0,0,2,1,6,1,24,5,1390,1,12,5,1,5
2017010015672,3,9,0,17,0,1,0,0,0,0,2,1,6,2,47,8,1596,1,9,2,1,2
2017010015672,4,3,0,17,0,1,0,0,0,0,2,1,6,1,24,5,125,1,1,2,1,2
2017010015673,1,9,0,18,0,0,0,0,0,0,1,1,6,3,-1,-1,1984,1,8,-1,-1,-1
2017010015675,1,9,0,9,0,1,0,0,0,0,1,1,6,1,34,6,1596,1,4,6,1,6
2017010015675,2,3,0,18,0,1,0,0,0,0,1,1,6,1,32,6,124,1,10,5,1,5
2017010015678,1,9,0,18,0,5,0,0,0,0,2,1,6,2,31,6,2231,2,6,7,1,7
2017010015678,2,9,0,18,0,5,0,0,0,0,2,1,6,1,56,9,-1,-1,-1,6,1,6
2017010015678,3,9,0,18,0,5,1,0,0,0,1,1,2,2,43,7,973,1,15,8,1,8
2017010015679,1,9,0,18,2,0,0,0,0,0,1,1,6,1,35,6,1784,1,11,2,1,2
2017010015680,1,9,0,5,0,4,0,0,0,0,1,1,2,1,30,6,1998,2,9,10,1,10
2017010015680,2,9,0,5,0,8,0,7,0,0,1,1,2,2,22,5,1368,1,11,7,1,7
2017010015681,1,9,0,17,0,6,0,0,0,0,3,1,6,1,55,8,1364,1,1,9,1,9
2017010015681,2,9,0,18,0,1,0,0,0,0,1,1,6,2,52,8,1998,1,13,8,1,8
2017010015683,1,9,0,18,0,1,0,0,0,0,1,1,6,1,31,6,1598,1,6,10,1,10
2017010015688,1,9,0,18,0,0,0,0,0,0,1,1,6,1,20,4,1995,2,9,3,1,3
2017010015689,1,9,0,2,0,0,0,0,0,0,4,1,6,3,-1,-1,1995,2,9,-1,-1,-1
2017010015689,2,9,0,18,0,0,0,0,0,0,3,1,6,1,28,6,3000,2,8,9,1,9
2017010015689,3,9,0,2,0,0,0,0,0,0,4,1,6,3,-1,-1,1995,2,10,-1,-1,-1
2017010015689,4,19,0,2,0,0,0,0,0,0,4,1,6,3,-1,-1,-1,-1,-1,-1,-1,-1
2017010015690,1,8,0,1,0,0,0,0,0,0,0,1,1,1,29,6,1798,8,2,4,1,4
2017010015691,1,9,0,4,0,0,0,0,0,0,2,1,6,1,79,11,5461,1,11,10,1,10
2017010015691,2,9,0,4,0,0,0,0,0,0,1,1,6,1,66,10,1398,1,4,3,1,3
2017010015710,1,9,0,11,0,1,0,0,0,0,0,2,6,1,39,7,-1,-1,-1,-1,-1,-1
2017010015710,2,9,0,2,0,2,0,0,0,0,2,1,6,3,-1,-1,1198,1,14,-1,-1,-1
2017010015710,3,19,0,2,0,2,0,0,0,0,2,1,6,3,-1,-1,1995,2,8,-1,-1,-1
2017010015710,4,9,0,2,0,2,0,0,0,0,0,1,6,3,-1,-1,1781,1,22,-1,-1,-1
2017010015710,5,9,0,2,0,1,0,0,0,0,2,1,6,3,-1,-1,2362,1,17,-1,-1,-1
2017010015710,6,9,0,2,0,1,0,0,0,0,3,1,6,3,-1,-1,1598,2,2,-1,-1,-1
2017010015710,7,9,0,2,0,1,0,0,0,0,3,1,6,3,-1,-1,1590,1,15,-1,-1,-1
2017010015712,1,9,-1,18,0,-1,-1,-1,-1,0,-1,-1,6,1,-1,-1,1796,1,11,1,1,1
2017010015716,1,9,0,18,0,8,0,0,0,0,4,-1,6,1,23,5,1799,1,10,1,1,1
2017010015716,2,9,0,18,0,8,0,0,0,0,1,-1,6,1,-1,-1,2295,1,17,5,1,5
2017010015717,1,9,0,4,0,0,0,0,0,0,2,1,6,2,47,8,1997,2,15,5,1,5
2017010015717,2,9,0,4,0,0,0,0,0,0,2,1,2,1,35,6,1497,8,10,5,1,5
2017010015717,3,9,0,4,0,0,0,0,0,0,1,1,6,1,40,7,1968,2,4,9,1,9
2017010015717,4,8,0,4,0,0,0,1,0,0,1,1,1,1,30,6,2993,2,4,3,1,3
2017010015717,5,19,0,4,0,0,0,1,0,0,1,1,1,1,44,7,-1,-1,-1,2,1,2
2017010015717,6,8,0,4,0,0,0,1,0,0,1,1,1,1,65,9,2143,2,5,5,1,5
2017010015723,1,9,0,18,0,0,0,0,0,0,2,-1,6,1,34,6,2204,2,13,2,1,2
2017010015723,2,9,0,18,0,0,-1,0,0,0,1,-1,6,3,-1,-1,1998,1,9,-1,-1,-1
2017010015727,1,9,0,9,0,8,0,0,0,0,0,1,6,3,-1,-1,-1,-1,-1,-1,-1,-1
2017010015727,2,1,0,18,0,1,0,0,0,0,0,1,6,1,39,7,-1,-1,-1,2,1,2
2017010015740,1,1,0,-1,0,-1,-1,0,0,0,-1,1,6,1,39,7,-1,-1,-1,9,1,9
2017010015740,2,1,0,-1,0,-1,-1,-1,-1,0,-1,1,6,1,40,7,-1,-1,-1,9,1,9
2017010015740,3,9,-1,-1,-1,-1,-1,-1,0,0,-1,-1,6,1,38,7,1995,2,3,8,1,8
2017010015745,1,9,0,2,0,2,0,0,0,0,1,1,6,3,-1,-1,1968,2,5,-1,-1,-1
2017010015750,1,9,0,5,0,1,0,4,0,0,1,1,6,1,33,6,2143,2,5,3,1,3
2017010015750,2,9,0,4,0,1,0,0,0,0,2,1,1,1,42,7,999,1,1,10,1,10
2017010015750,3,9,0,4,0,1,0,0,0,0,2,1,1,2,39,7,1796,1,10,2,1,2
2017010015750,4,9,0,3,0,1,0,0,0,0,2,1,6,2,26,6,1390,1,3,8,1,8
2017010015753,1,19,0,18,0,0,0,0,0,0,1,1,6,3,-1,-1,-1,-1,-1,-1,-1,-1
2017010015763,1,19,0,3,0,0,0,0,0,0,2,1,1,1,19,4,1995,2,1,10,1,10
2017010015763,2,9,0,18,0,0,0,0,0,0,1,1,6,1,83,11,1796,1,12,8,1,8
2017010015777,1,9,0,4,0,2,1,0,0,0,1,1,6,1,23,5,1598,1,9,2,1,2
2017010015777,2,9,0,4,0,2,0,0,0,0,2,1,6,1,32,6,1560,2,6,4,1,4
2017010015777,3,9,0,4,0,2,0,0,0,0,2,1,1,1,58,9,-1,-1,-1,8,1,8
2017010015779,1,9,0,3,0,7,0,0,0,0,0,-1,6,2,50,8,1124,1,13,4,1,4
2017010015779,2,9,0,18,0,7,0,0,0,0,2,-1,6,2,18,4,1364,1,9,-1,-1,-1
2017010015780,1,11,0,18,0,0,0,0,0,0,0,1,1,1,24,5,6692,2,7,-1,-1,-1
2017010015782,1,9,0,1,8,6,0,0,1,0,2,1,6,2,53,8,1242,1,3,8,1,8
2017010015782,2,9,0,18,0,7,0,0,0,0,3,1,6,2,35,6,1969,2,1,5,1,5
2017010015784,1,11,0,18,0,1,0,0,0,0,1,1,6,3,-1,-1,-1,-1,-1,-1,-1,-1
2017010015788,1,8,0,18,0,1,-1,0,0,0,3,-1,6,1,42,7,1797,8,6,4,1,4
2017010015789,1,9,0,18,0,0,0,0,0,0,1,1,6,2,65,9,1339,1,10,9,1,9
2017010015789,2,9,0,4,0,0,0,0,0,0,2,1,6,1,67,10,2290,1,16,6,1,6
2017010015789,3,9,0,4,0,0,0,0,0,0,2,1,6,1,53,8,2993,2,1,10,1,10
2017010015792,1,3,0,17,0,0,0,0,0,0,2,1,6,1,30,6,125,1,12,2,1,2
2017010015792,2,9,0,17,0,0,0,0,0,0,1,1,6,1,-1,-1,1364,1,10,-1,-1,-1
2017010015798,1,9,0,-1,0,-1,0,0,0,0,2,-1,6,1,38,7,1984,1,16,3,1,3
2017010015798,2,9,-1,-1,-1,-1,-1,-1,-1,-1,-1,-1,6,2,-1,-1,1499,1,2,8,1,8
2017010015799,1,9,0,3,0,8,0,0,0,0,0,1,6,2,49,8,1598,1,8,9,1,9
2017010015799,2,3,0,18,0,8,0,0,0,0,1,1,6,1,90,11,89,1,32,10,1,10
2017010015804,1,9,0,18,0,0,-1,-1,0,0,2,1,6,2,45,7,1896,2,10,5,1,5
2017010015804,2,9,0,-1,0,0,0,0,0,0,1,-1,6,1,-1,-1,1598,1,16,-1,-1,-1
2017010015805,1,9,-1,18,-1,8,-1,0,0,0,1,1,6,1,-1,-1,1797,8,8,6,1,6
2017010015807,1,19,0,5,0,6,0,0,0,0,3,1,1,1,42,7,1598,2,1,3,1,3
2017010015807,2,9,0,18,0,1,0,0,0,0,1,1,1,1,36,7,1560,2,3,10,1,10
2017010015808,1,9,0,18,0,0,0,0,0,0,4,1,6,1,53,8,2987,2,11,6,1,6
2017010015808,2,9,0,18,0,0,0,0,0,0,3,-1,6,3,-1,-1,1968,2,2,-1,-1,-1
2017010015813,1,9,-1,-1,-1,-1,-1,-1,-1,-1,-1,-1,6,1,36,7,1995,2,1,8,1,8
2017010015813,2,9,-1,-1,-1,-1,-1,-1,-1,-1,-1,-1,6,3,-1,-1,1870,2,13,-1,-1,-1
2017010015820,1,2,0,3,0,1,2,0,0,0,0,1,6,1,31,6,-1,-1,-1,6,1,6
2017010015820,2,9,0,5,0,2,0,0,0,0,0,1,6,2,27,6,1242,1,7,7,1,7
2017010015823,1,9,-1,-1,-1,-1,-1,-1,-1,-1,-1,-1,6,1,48,8,1997,1,10,2,1,2
2017010015823,2,9,-1,-1,-1,-1,-1,-1,-1,-1,-1,-1,6,1,30,6,1968,2,12,2,1,2
2017010015824,1,9,-1,18,0,5,-1,0,-1,-1,3,-1,6,3,-1,-1,-1,-1,-1,-1,-1,-1
2017010015825,1,21,0,13,0,0,0,0,0,0,1,1,1,1,34,6,5132,2,3,-1,-1,-1
2017010015825,2,9,0,5,0,0,0,7,6,2,4,1,2,1,44,7,1390,1,16,4,1,4
2017010015825,3,19,0,5,0,0,0,0,0,0,4,1,1,1,33,6,1560,2,1,3,1,3
2017010015827,1,9,0,5,0,0,0,0,0,0,3,2,6,2,43,7,1595,1,16,6,1,6
2017010015827,2,3,0,18,0,0,0,0,0,0,1,1,6,1,27,6,125,1,1,1,1,1
2017010015828,1,9,0,10,0,5,0,0,0,0,4,1,6,2,40,7,-1,-1,-1,8,1,8
2017010015828,2,4,0,18,0,1,0,0,3,2,4,1,6,1,32,6,-1,-1,-1,6,1,6
2017010015829,1,3,0,18,0,0,0,0,0,0,1,1,6,3,-1,-1,-1,-1,-1,-1,-1,-1
2017010015840,1,9,0,3,0,1,0,0,0,0,2,1,6,2,51,8,1200,1,2,2,1,2
2017010015840,2,9,0,4,0,1,0,0,0,0,1,-1,6,3,-1,-1,-1,-1,-1,-1,-1,-1
2017010015842,1,11,0,2,2,1,0,0,0,0,0,1,6,3,-1,-1,8300,2,10,-1,-1,-1
2017010015843,1,9,0,11,0,1,0,0,0,0,4,1,6,2,67,10,1364,1,9,7,1,7
2017010015843,2,21,1,4,0,1,0,0,0,0,4,2,6,1,29,6,-1,-1,-1,-1,-1,-1
2017010015850,1,9,0,4,0,4,0,0,0,0,2,-1,2,1,25,5,1797,8,7,8,1,8
2017010015850,2,9,-1,18,0,1,-1,0,0,0,1,-1,6,3,-1,-1,1796,1,16,-1,-1,-1
2017010015854,1,9,0,5,0,1,0,0,0,0,1,1,6,1,30,6,2996,1,1,7,1,7
2017010015856,1,9,0,9,0,1,0,0,0,0,1,1,6,2,48,8,1199,1,15,1,1,1
2017010015856,2,1,0,18,0,1,0,0,0,0,4,1,6,1,27,6,-1,-1,-1,7,1,7
2017010015857,1,4,0,3,0,1,2,0,0,0,2,1,6,1,56,9,652,1,5,7,1,7
2017010015857,2,9,0,18,0,1,0,0,0,0,1,1,6,1,32,6,1499,1,1,7,1,7
2017010015859,1,9,0,18,0,5,0,0,0,0,1,1,6,3,-1,-1,-1,-1,-1,-1,-1,-1
2017010015859,2,1,0,18,4,8,0,0,0,0,3,1,2,1,54,8,-1,-1,-1,4,1,4
2017010015860,1,9,-1,-1,-1,0,-1,-1,-1,-1,-1,-1,6,1,50,8,1984,1,8,10,1,10
2017010015861,1,9,0,18,0,0,0,0,0,0,1,1,6,2,42,7,1587,1,8,1,1,1
2017010015861,2,9,0,18,0,0,0,0,0,0,4,1,1,1,-1,-1,1798,8,2,2,1,2
2017010015862,1,9,0,9,0,2,0,0,0,0,1,-1,6,3,-1,-1,1997,2,2,-1,-1,-1
2017010015863,1,9,0,5,0,0,0,10,1,10,1,2,6,1,85,11,1797,8,3,3,1,3
2017010015864,1,11,0,18,0,6,0,0,0,0,0,1,1,1,42,7,4500,2,2,2,1,2
2017010015865,1,11,0,18,0,0,0,0,0,0,0,1,1,1,57,9,-1,-1,-1,-1,-1,-1
2017010015866,1,11,0,18,2,8,0,0,0,0,0,1,1,1,43,7,4500,2,2,3,1,3
2017010015867,1,3,0,13,0,1,0,0,0,0,4,1,6,1,44,7,124,1,4,4,1,4
2017010015867,2,9,0,18,0,1,0,0,0,0,3,1,6,2,47,8,1998,1,3,9,1,9
2017010015869,1,8,0,9,0,8,0,0,0,0,1,1,1,1,52,8,1797,8,5,6,1,6
2017010015871,1,9,0,18,0,1,0,0,7,10,1,1,2,1,55,8,1596,1,12,9,1,9
2017010015871,2,9,0,18,0,1,1,0,0,0,3,1,6,2,52,8,1364,1,10,4,1,4
2017010015872,1,21,1,12,0,0,0,0,0,0,3,2,1,1,46,8,-1,-1,-1,-1,-1,-1
2017010015872,2,9,0,13,0,0,0,0,4,6,4,1,6,1,33,6,1896,2,12,4,1,4
2017010015875,1,9,0,18,0,8,0,4,0,0,1,1,6,2,65,9,1248,1,5,5,1,5
2017010015875,2,9,0,2,0,8,0,0,0,0,2,1,6,3,-1,-1,2143,2,5,-1,-1,-1
2017010015876,1,9,0,9,0,8,0,0,0,0,1,1,2,1,55,8,1995,1,8,8,1,8
2017010015876,2,1,0,18,0,8,0,0,0,0,1,1,6,1,35,6,-1,-1,-1,2,1,2
2017010015877,1,9,0,18,0,0,0,0,0,0,1,1,6,3,-1,-1,-1,-1,-1,-1,-1,-1
2017010015877,2,1,0,18,0,0,2,0,1,7,2,1,6,1,33,6,-1,-1,-1,4,1,4
2017010015878,1,9,0,2,0,0,0,0,0,0,1,1,6,3,-1,-1,1242,1,-1,-1,-1,-1
2017010015878,2,9,0,5,0,0,0,4,0,0,1,1,3,2,71,10,1388,1,13,9,1,9
2017010015878,3,9,0,2,0,0,0,0,0,0,2,1,6,3,-1,-1,1198,1,3,-1,-1,-1
2017010015880,1,9,0,6,0,1,0,0,0,0,3,1,6,1,29,6,998,1,16,4,2,4
2017010015880,2,3,0,14,0,1,0,0,0,0,1,1,6,1,25,5,108,1,3,4,1,4
2017010015881,1,9,0,1,0,0,0,0,0,0,2,1,6,1,33,6,2148,2,15,-1,-1,-1
2017010015883,1,4,0,18,0,0,2,0,0,0,0,1,6,1,49,8,1450,1,12,3,1,3
2017010015883,2,8,0,1,0,0,0,0,0,0,0,1,1,1,47,8,1798,8,1,8,1,8
2017010015885,1,9,0,10,0,1,0,0,0,0,3,1,6,2,23,5,2143,2,7,4,1,4
2017010015885,2,9,0,13,0,1,1,0,1,0,3,1,6,1,18,4,1364,1,9,4,1,4
2017010015887,1,3,0,18,2,1,0,0,0,0,3,1,1,1,27,6,-1,-1,-1,2,1,2
2017010015887,2,9,0,7,0,1,0,0,1,0,4,1,1,1,33,6,1995,2,10,1,1,1
2017010015889,1,9,0,18,0,1,0,0,0,0,1,1,6,1,21,5,1499,1,1,-1,-1,-1
2017010015890,1,9,0,5,0,6,0,0,0,0,3,1,6,1,35,6,1596,1,15,7,1,7
2017010015890,2,4,0,18,0,8,0,0,0,0,4,1,6,1,45,7,650,1,15,9,1,9
2017010015892,1,9,0,5,0,2,0,0,0,0,3,1,2,2,43,7,998,1,3,6,1,6
2017010015893,1,9,0,18,0,2,0,0,0,0,1,1,6,1,60,9,1242,1,10,5,1,5
2017010015894,1,8,0,4,0,1,0,0,0,0,4,1,1,1,45,7,1997,2,7,-1,-1,-1
2017010015894,2,9,0,4,0,1,0,0,0,0,1,1,6,1,22,5,1390,1,13,-1,-1,-1
2017010015896,1,2,0,18,0,3,0,0,0,0,1,1,6,1,22,5,125,1,9,2,1,2
2017010015896,2,9,0,18,0,3,0,0,0,0,1,1,6,1,20,4,1995,2,3,3,1,3