Accident_Index,Vehicle_Reference,Vehicle_Type,Towing_and_Articulation,Vehicle_Manoeuvre,Vehicle_Location-Restricted_Lane,Junction_Location,Skidding_and_Overturning,Hit_Object_in_Carriageway,Vehicle_Leaving_Carriageway,Hit_Object_off_Carriageway,1st_Point_of_Impact,Was_Vehicle_Left_Hand_Drive?,Journey_Purpose_of_Driver,Sex_of_Driver,Age_of_Driver,Age_Band_of_Driver,Engine_Capacity_(CC),Propulsion_Code,Age_of_Vehicle,Driver_IMD_Decile,Driver_Home_Area_Type,Vehicle_IMD_Decile
2017010015897,1,9,0,18,0,8,0,0,1,2,1,1,1,2,38,7,1560,2,3,7,1,7
2017010015897,2,9,0,18,0,8,0,0,1,10,4,1,6,1,22,5,1596,1,11,4,1,4
2017010015899,1,9,0,9,0,6,0,0,0,0,3,1,6,1,47,8,2143,2,6,3,1,3
2017010015899,2,9,0,18,0,1,1,0,0,0,1,1,6,1,24,5,999,1,1,2,1,2
2017010015900,1,9,0,18,0,8,0,0,0,0,1,1,2,1,46,8,1997,2,13,5,1,5
2017010015900,2,9,0,18,0,8,0,0,0,0,1,1,6,1,18,4,1956,2,2,2,1,2
2017010015900,3,9,0,7,0,6,0,0,0,0,0,1,1,1,32,6,1995,2,2,7,1,7
2017010015902,1,3,0,18,0,8,0,0,0,0,1,1,6,1,18,4,124,1,9,5,1,5
2017010015902,2,9,0,9,0,2,0,0,0,0,1,1,6,1,25,5,1598,1,9,6,1,6
2017010015903,1,8,0,18,0,1,0,0,0,0,1,1,1,1,39,7,1339,8,7,1,1,1
2017010015903,2,8,0,9,0,6,0,0,0,0,0,1,1,1,32,6,1798,8,2,2,1,2
2017010015904,1,3,0,18,9,5,0,0,0,0,1,1,1,1,30,6,125,1,7,2,1,2
2017010015904,2,3,0,18,0,8,0,0,3,0,0,1,6,3,-1,-1,-1,-1,-1,-1,-1,-1
2017010015906,1,11,0,9,0,5,0,0,0,0,3,1,1,1,65,9,-1,-1,-1,7,1,7
2017010015906,2,9,0,18,0,6,0,0,0,0,1,1,6,1,19,4,1600,1,12,2,1,2
2017010015908,1,9,0,18,0,2,0,0,0,0,4,1,2,1,24,5,-1,-1,-1,10,1,10
2017010015916,1,3,0,7,0,2,0,11,0,0,1,1,2,1,32,6,-1,-1,-1,5,1,5
2017010015918,1,5,0,4,0,0,0,0,0,0,0,1,6,1,59,9,1063,1,15,4,1,4
2017010015918,2,9,0,5,0,0,0,0,0,0,0,1,6,1,-1,-1,-1,-1,-1,-1,-1,-1
2017010015931,1,11,0,5,0,0,0,0,1,0,0,1,1,1,40,7,3900,2,11,6,1,6
2017010015937,1,9,0,18,0,8,0,0,0,0,2,-1,6,1,41,7,1956,2,4,4,1,4
2017010015937,2,9,0,18,0,8,0,0,0,0,1,-1,6,1,-1,-1,1896,2,11,-1,-1,-1
2017010015939,1,9,0,18,0,1,0,0,0,0,1,1,6,1,19,4,1339,1,5,4,1,4
2017010015939,2,9,-1,3,0,1,0,0,0,0,-1,-1,6,1,50,8,1797,8,7,5,1,5
2017010015939,3,9,-1,3,0,1,0,0,0,0,-1,-1,6,1,20,4,1595,1,2,8,1,8
2017010015943,1,19,0,11,0,0,0,0,0,0,4,1,2,1,28,6,2461,2,12,10,1,10
2017010015943,2,3,0,4,0,0,0,0,0,0,3,1,2,1,26,6,125,1,2,5,1,5
2017010015950,1,9,0,1,0,1,0,0,0,0,2,1,2,2,42,7,1339,1,11,9,1,9
2017010015950,2,9,0,1,0,1,0,0,0,0,1,1,2,2,54,8,1461,2,6,7,1,7
2017010015953,1,9,0,4,0,1,0,0,0,0,2,-1,6,2,25,5,1390,1,14,5,1,5
2017010015953,2,9,-1,18,0,1,-1,0,0,0,1,-1,6,1,55,8,2000,1,13,3,1,3
2017010015958,1,1,-1,-1,-1,-1,-1,-1,-1,-1,-1,1,6,1,33,6,-1,-1,-1,5,1,5
2017010015960,1,9,0,2,0,1,0,0,0,0,4,1,6,3,-1,-1,2143,2,7,-1,-1,-1
2017010015960,2,9,0,18,0,1,0,8,0,0,1,-1,6,1,50,8,2143,2,2,3,1,3
2017010015965,1,9,0,4,0,8,0,0,0,0,1,1,6,1,38,7,1197,1,5,2,1,2
2017010015967,1,9,0,9,0,6,0,0,0,0,1,1,1,2,43,7,1997,2,8,10,1,10
2017010015967,2,1,0,13,0,1,0,0,0,0,1,1,6,1,48,8,-1,-1,-1,2,1,2
2017010015969,1,9,-1,4,0,0,-1,0,-1,-1,-1,-1,6,1,30,6,-1,-1,-1,2,1,2
2017010015969,2,9,-1,18,0,0,-1,0,-1,0,-1,-1,6,3,-1,-1,-1,-1,-1,-1,-1,-1
2017010015972,1,11,0,18,0,8,0,0,0,0,0,1,1,1,47,8,7300,2,12,6,1,6
2017010015975,1,9,0,18,0,1,0,0,0,0,1,1,6,1,39,7,1798,8,4,2,1,2
2017010015975,2,9,0,3,0,1,0,0,0,0,2,1,6,1,59,9,-1,-1,-1,7,1,7
2017010015975,3,9,0,3,0,1,0,0,0,0,2,1,6,2,33,6,1986,2,9,2,1,2
2017010015976,1,9,0,3,0,1,0,0,0,0,2,-1,6,2,40,7,998,1,4,7,1,7
2017010015976,2,9,0,4,0,1,-1,0,0,0,1,-1,6,1,18,4,1998,2,9,-1,-1,-1
2017010015979,1,9,0,9,0,8,0,0,0,0,2,1,3,2,46,8,1870,2,10,7,1,7
2017010015979,2,19,0,4,0,8,0,0,0,0,1,1,1,1,43,7,2143,2,4,3,1,3
2017010015982,1,9,0,18,0,1,0,0,0,0,1,1,1,2,26,6,1596,1,13,7,1,7
2017010015982,2,9,0,9,0,1,0,0,0,0,2,1,3,2,42,7,1598,1,5,6,1,6
2017010015984,1,9,0,18,0,1,0,0,0,0,2,1,6,1,30,6,1798,1,15,7,1,7
2017010015984,2,19,0,18,0,1,-1,0,0,0,1,1,6,1,37,7,2402,2,11,-1,-1,-1
2017010015986,1,8,0,8,0,1,0,0,0,0,0,2,1,1,55,8,2148,2,8,9,1,9
2017010015986,2,1,0,13,0,1,0,0,0,0,1,1,2,1,33,6,-1,-1,-1,5,1,5
2017010015987,1,9,0,1,0,2,0,0,0,0,2,1,6,3,-1,-1,-1,-1,-1,-1,-1,-1
2017010015988,1,9,0,3,0,8,0,0,0,0,2,1,6,1,37,7,1988,2,11,5,1,5
2017010015988,2,9,0,3,0,8,0,0,0,0,2,1,1,1,35,6,999,1,2,6,1,6
2017010015988,3,9,0,18,0,8,0,0,0,0,1,1,6,2,52,8,1124,1,26,6,1,6
2017010015989,1,9,0,-1,0,0,0,0,0,0,1,-1,6,1,25,5,-1,-1,-1,5,1,5
2017010015990,1,9,0,7,0,8,0,0,0,0,3,1,6,2,34,6,1998,1,12,3,1,3
2017010015990,2,1,0,18,0,8,0,0,0,0,1,1,6,1,52,8,-1,-1,-1,4,1,4
2017010015992,1,9,0,5,9,1,0,0,0,0,1,1,6,2,50,8,1240,1,14,3,1,3
2017010015994,1,9,0,18,0,0,0,0,0,0,2,1,6,2,22,5,1248,2,8,8,1,8
2017010015994,2,90,5,12,0,0,0,0,0,0,1,2,1,1,62,9,-1,-1,-1,-1,-1,-1
2017010015999,1,9,0,5,0,1,0,0,0,0,4,1,6,1,39,7,2967,2,10,4,1,4
2017010016000,1,5,0,4,0,1,2,0,0,0,0,1,6,2,31,6,645,1,8,1,1,1
2017010016003,1,9,0,9,0,8,0,0,0,0,1,1,6,1,37,7,1995,2,9,7,1,7
2017010016006,1,9,0,4,0,1,0,0,0,0,2,1,2,2,46,8,2143,12,3,6,1,6
2017010016006,2,4,0,5,0,1,0,0,0,0,1,1,2,1,50,8,125,1,2,3,1,3
2017010016007,1,9,0,3,0,2,0,0,0,0,1,1,6,1,49,8,1796,1,11,4,1,4
2017010016007,2,11,0,18,0,2,0,0,0,0,2,1,1,1,37,7,6692,2,6,3,1,3
2017010016009,1,9,0,18,0,8,0,0,0,0,1,1,2,2,57,9,-1,-1,-1,7,1,7
2017010016009,2,9,0,9,0,8,0,0,1,0,3,1,2,2,31,6,998,1,3,8,1,8
2017010016010,1,11,0,18,0,0,0,0,0,0,0,1,1,1,39,7,4500,2,2,3,1,3
2017010016013,1,9,-1,-1,-1,-1,-1,-1,-1,-1,-1,-1,6,2,22,5,1200,1,2,2,1,2
2017010016013,2,9,-1,-1,-1,-1,-1,-1,-1,-1,-1,-1,6,3,-1,-1,1956,2,3,-1,-1,-1
2017010016014,1,9,0,3,0,1,0,0,0,0,-1,-1,6,2,34,6,1242,1,18,7,3,7
2017010016014,2,9,0,-1,-1,1,0,0,0,0,2,-1,6,1,-1,-1,1995,2,4,-1,-1,-1
2017010016018,1,9,0,18,0,-1,-1,-1,0,0,-1,-1,6,2,28,6,1591,1,1,2,1,2
2017010016018,2,9,0,10,0,-1,-1,-1,0,0,-1,-1,6,3,-1,-1,1598,1,9,-1,-1,-1
2017010016019,1,9,0,18,0,8,0,0,0,0,1,1,6,2,38,7,1329,1,8,5,1,5
2017010016019,2,19,0,18,0,8,0,0,0,0,1,1,2,1,27,6,1560,2,6,3,1,3
2017010016020,1,9,0,7,0,8,0,0,0,0,0,1,6,1,18,4,2993,2,1,-1,-1,-1
2017010016020,2,1,0,-1,0,8,0,0,0,0,3,1,2,2,40,7,-1,-1,-1,-1,-1,-1
2017010016027,1,9,-1,4,0,1,-1,-1,-1,-1,2,-1,6,1,41,7,1598,2,5,4,1,4
2017010016027,2,9,-1,-1,0,-1,-1,-1,-1,-1,2,-1,6,1,18,4,1984,1,14,-1,-1,-1
2017010016031,1,9,0,14,0,1,0,0,0,0,4,1,6,1,32,6,1997,2,5,7,3,7
2017010016031,2,9,0,9,0,8,0,0,0,0,1,1,6,1,45,7,1997,2,7,3,1,3
2017010016033,1,9,0,18,0,0,0,0,0,0,1,1,2,1,49,8,-1,-1,-1,10,1,10
2017010016034,1,9,0,18,0,0,0,0,0,0,2,-1,6,1,20,4,1398,1,1,5,1,5
2017010016034,2,9,-1,-1,0,0,0,0,0,0,2,-1,6,3,-1,-1,1396,1,19,-1,-1,-1
2017010016036,1,8,0,3,0,2,0,0,0,0,3,-1,1,1,30,6,1997,2,5,4,1,4
2017010016036,2,90,0,9,0,2,0,0,0,0,-1,-1,6,3,-1,-1,-1,-1,-1,-1,-1,-1
2017010016038,1,3,0,18,0,8,5,0,0,0,1,1,6,2,41,7,113,1,2,4,1,4
2017010016038,2,9,0,9,0,1,0,0,0,0,1,1,6,1,43,7,1560,2,-1,8,1,8
2017010016039,1,3,0,18,0,1,1,0,7,4,3,1,6,1,19,4,125,1,1,2,1,2
2017010016039,2,9,0,9,0,8,0,0,0,0,0,1,6,2,24,5,1997,2,4,2,1,2
2017010016040,1,9,0,18,0,1,0,0,0,0,1,1,2,2,53,8,1197,1,2,10,1,10
2017010016041,1,9,0,8,0,3,0,0,0,0,0,1,3,1,28,6,1796,1,11,2,1,2
2017010016041,2,9,0,7,0,3,0,0,0,0,1,1,1,1,23,5,1598,1,4,3,1,3
2017010016042,1,9,0,18,0,2,0,0,0,0,1,1,6,2,27,6,1242,1,9,3,1,3
2017010016042,2,9,0,12,0,2,0,0,0,0,1,1,6,2,50,8,1998,1,11,2,1,2
2017010016043,1,9,0,16,0,3,0,0,0,0,1,1,2,1,55,8,2488,2,10,7,1,7
2017010016044,1,9,0,2,0,0,0,0,0,0,2,1,6,3,-1,-1,1197,1,4,-1,-1,-1
2017010016044,2,1,0,18,0,0,0,0,0,0,1,1,6,1,44,7,-1,-1,-1,7,1,7
2017010016045,1,9,0,18,0,0,0,0,0,0,1,2,6,1,59,9,1798,1,10,8,1,8
2017010016046,1,9,0,18,0,2,1,0,0,0,1,1,6,2,51,8,1242,1,4,9,1,9
2017010016046,2,9,0,18,0,1,1,0,7,0,1,1,6,1,23,5,1995,2,9,3,1,3
2017010016047,1,19,0,18,0,0,0,0,0,0,1,1,2,1,27,6,1870,2,14,3,1,3
2017010016047,2,19,0,3,0,0,0,0,0,0,2,1,2,1,45,7,1461,2,12,8,1,8
2017010016047,3,9,0,3,0,0,0,0,0,0,2,1,2,1,45,7,998,1,1,8,1,8
2017010016048,1,9,0,9,0,5,0,0,0,0,1,1,1,1,23,5,1598,1,13,8,1,8
2017010016049,1,8,0,18,0,0,0,0,0,0,1,1,1,1,38,7,1797,8,6,6,1,6
2017010016050,1,8,0,4,0,1,0,0,0,0,3,1,1,1,41,7,1560,2,5,4,1,4
2017010016050,2,19,0,18,0,1,0,0,0,0,1,1,1,1,61,9,1461,2,2,7,1,7
2017010016051,1,9,0,18,0,1,0,0,0,0,4,1,6,1,42,7,1591,1,1,2,1,2
2017010016052,1,19,0,1,0,8,0,0,0,0,1,1,6,3,-1,-1,2198,2,10,-1,-1,-1
2017010016052,2,9,0,4,0,8,0,0,0,0,2,1,2,1,30,6,4163,2,9,-1,-1,-1
2017010016053,1,9,0,9,0,6,0,0,0,0,1,1,2,2,64,9,1390,1,10,3,1,3
2017010016053,2,5,0,4,0,1,2,0,0,0,0,1,2,1,52,8,599,1,17,9,1,9
2017010016054,1,3,0,13,0,1,5,0,0,0,1,1,6,1,30,6,125,1,2,8,1,8
2017010016055,1,1,0,18,4,0,0,0,0,0,1,1,6,1,16,4,-1,-1,-1,2,1,2
2017010016058,1,8,0,18,0,1,0,0,0,0,4,1,1,1,43,7,2776,2,1,2,1,2
2017010016059,1,9,0,5,0,4,0,0,0,0,3,1,2,1,39,7,1995,2,7,10,1,10
2017010016059,2,1,0,17,0,2,0,0,0,0,1,1,2,2,38,7,-1,-1,-1,9,1,9
2017010016060,1,9,0,18,0,0,0,0,0,0,3,1,2,1,40,7,1229,1,2,4,1,4
2017010016060,2,21,1,18,0,0,0,0,0,0,4,1,6,3,-1,-1,-1,-1,-1,-1,-1,-1
2017010016061,1,11,0,7,0,-1,0,-1,-1,-1,-1,1,6,3,-1,-1,-1,-1,-1,-1,-1,-1
2017010016062,1,9,0,16,0,1,0,0,0,0,1,1,3,1,43,7,1968,2,4,4,1,4
2017010016062,2,9,0,7,0,2,0,0,1,10,1,1,6,3,-1,-1,1969,2,1,-1,-1,-1
2017010016063,1,9,0,18,0,0,0,0,0,0,1,1,6,2,46,8,998,1,16,4,1,4
2017010016063,2,3,0,9,0,0,5,0,0,0,2,1,2,1,31,6,125,1,3,4,1,4
2017010016064,1,3,0,13,0,1,0,0,0,0,1,1,1,1,23,5,109,1,3,7,1,7
2017010016065,1,9,0,9,3,1,0,0,0,0,1,1,3,1,41,7,1596,1,16,4,1,4
2017010016065,2,1,0,18,2,1,0,0,0,0,4,1,2,1,48,8,-1,-1,-1,4,1,4
2017010016066,1,9,0,18,0,0,1,0,0,0,2,2,6,2,50,8,1240,1,12,5,1,5
2017010016066,2,21,5,18,0,0,1,0,0,0,1,2,1,1,42,7,12419,2,3,3,1,3
2017010016067,1,19,0,18,0,1,0,0,0,0,1,1,6,3,-1,-1,2198,2,1,-1,-1,-1
2017010016068,1,1,0,18,0,0,0,0,0,0,1,1,1,1,19,4,-1,-1,-1,5,1,5
2017010016068,2,9,0,2,0,0,0,0,0,0,2,1,6,3,-1,-1,1995,2,1,-1,-1,-1
2017010016070,1,9,0,9,0,2,0,0,0,0,1,1,6,3,-1,-1,1596,1,4,-1,-1,-1
2017010016071,1,3,0,18,0,1,0,0,0,0,1,1,6,3,-1,-1,-1,-1,-1,-1,-1,-1
2017010016072,1,9,0,18,0,2,0,0,0,0,1,1,6,3,-1,-1,-1,-1,-1,-1,-1,-1
2017010016073,1,9,0,18,0,0,0,0,0,0,1,1,2,1,22,5,1798,1,1,3,1,3
2017010016075,1,9,0,18,0,3,1,0,0,0,4,1,1,1,26,6,999,1,10,4,1,4
2017010016075,2,19,0,18,0,4,0,0,0,0,1,1,2,1,37,7,1560,2,4,4,1,4
2017010016076,1,4,0,18,0,0,2,0,0,0,4,1,2,1,44,7,124,1,2,9,1,9
2017010016078,1,9,0,9,0,8,0,0,0,0,0,1,6,2,58,9,1248,1,6,9,1,9
2017010016078,2,5,0,18,0,8,1,10,0,0,0,1,6,1,25,5,649,1,1,8,1,8
2017010016079,1,8,0,9,0,6,0,0,0,0,1,1,1,1,39,7,1798,8,5,2,1,2
2017010016080,1,9,0,18,0,5,0,0,0,0,1,1,6,2,60,9,1240,1,8,6,1,6
2017010016081,1,11,0,18,0,2,0,0,0,0,4,1,1,1,47,8,3900,2,14,2,1,2
2017010016082,1,19,0,18,0,0,0,0,0,0,1,1,2,1,51,8,2299,2,3,-1,-1,-1
2017010016082,2,21,0,18,0,0,0,0,0,0,1,1,1,1,31,6,5900,2,10,5,1,5
2017010016082,3,9,0,18,0,0,0,0,0,0,1,1,2,2,57,9,1395,1,3,-1,-1,-1
2017010016083,1,11,0,18,0,1,0,0,0,0,1,1,1,1,31,6,6700,2,8,3,1,3
2017010016083,2,8,0,18,0,2,1,0,0,0,4,1,1,1,44,7,1968,2,6,5,1,5
2017010016084,1,3,0,18,0,2,2,0,0,0,0,1,6,1,24,5,125,1,1,9,1,9
2017010016084,2,8,0,6,0,2,0,0,0,0,0,1,1,1,34,6,1797,8,6,3,1,3
2017010016085,1,9,0,18,0,2,0,0,0,0,1,1,6,2,79,11,1791,8,6,9,1,9
2017010016086,1,3,0,18,0,0,1,0,0,0,0,1,6,2,46,8,125,1,3,7,1,7
2017010016086,2,9,0,9,0,0,0,0,0,0,0,1,6,3,-1,-1,-1,-1,-1,-1,-1,-1
2017010016087,1,9,0,18,0,8,0,0,0,0,1,1,6,1,35,6,2035,1,11,8,1,8
2017010016087,2,20,0,5,0,8,0,0,0,0,1,1,1,1,33,6,5880,2,3,3,1,3
2017010016088,1,9,0,18,0,5,0,0,0,0,1,1,6,2,65,9,1390,1,8,3,1,3
2017010016089,1,9,0,18,0,0,0,0,0,0,0,1,6,1,29,6,1998,1,16,2,1,2
2017010016089,2,9,0,18,0,0,0,0,0,0,4,1,6,1,47,8,1596,1,8,-1,-1,-1
2017010016090,1,8,0,18,0,2,0,0,0,0,1,1,6,1,48,8,1997,2,6,4,1,4
2017010016091,1,10,0,9,0,5,0,0,0,0,1,1,1,1,47,8,-1,-1,-1,4,1,4
2017010016091,2,1,0,10,0,1,0,0,0,0,3,1,6,2,27,6,-1,-1,-1,3,1,3
2017010016095,1,8,0,4,0,1,0,0,0,0,1,1,6,3,-1,-1,1995,2,3,-1,-1,-1
2017010016095,2,19,0,4,0,1,0,0,0,0,2,1,6,1,46,8,1560,2,2,4,1,4
2017010016100,1,9,0,3,0,1,0,0,0,0,2,1,6,1,47,8,1598,1,11,5,1,5
2017010016100,2,9,0,4,0,1,0,0,0,0,1,1,6,1,37,7,2967,2,5,7,1,7
2017010016102,1,9,0,18,0,8,1,0,0,0,1,1,6,1,25,5,2993,2,10,2,1,2
2017010016102,2,9,0,18,0,8,1,10,1,0,3,2,6,1,31,6,1995,2,12,4,1,4
2017010016102,3,9,0,2,0,2,0,0,0,0,3,2,6,3,-1,-1,1686,2,10,-1,-1,-1
2017010016104,1,8,0,9,0,8,0,0,0,0,2,1,6,1,30,6,1598,2,1,8,1,8
2017010016104,2,9,0,18,0,8,0,0,0,0,1,1,6,3,-1,-1,1598,1,8,-1,-1,-1
2017010016107,1,9,0,18,0,2,0,0,7,0,1,1,6,3,-1,-1,6208,1,5,-1,-1,-1
2017010016108,1,9,0,9,0,2,0,0,0,0,4,1,6,3,-1,-1,-1,-1,-1,-1,-1,-1
2017010016109,1,8,0,18,0,0,0,0,0,0,1,1,1,1,50,8,1797,8,6,4,1,4
2017010016109,2,9,0,6,2,0,0,0,0,0,1,1,6,1,37,7,1598,1,11,5,1,5
2017010016121,1,11,0,5,0,1,0,0,0,0,3,1,1,1,41,7,4500,2,2,4,1,4
2017010016126,1,9,0,18,0,0,0,0,0,0,2,1,6,2,18,4,998,1,4,8,1,8
2017010016126,2,9,0,18,0,0,0,0,0,0,1,1,6,1,18,4,1461,2,3,-1,-1,-1
2017010016138,1,9,0,3,0,1,0,4,0,0,3,1,6,2,32,6,1598,1,10,3,1,3
2017010016138,2,9,0,11,0,1,0,4,0,0,3,1,6,1,42,7,-1,-1,-1,6,1,6
2017010016149,1,9,0,3,0,1,0,0,0,0,2,1,6,1,25,5,1968,2,1,-1,-1,-1
2017010016149,2,9,0,3,0,1,0,0,0,0,1,1,6,3,-1,-1,1598,1,10,-1,-1,-1
2017010016189,1,9,0,18,0,0,0,0,1,0,-1,-1,6,2,18,4,1798,1,10,-1,-1,-1
2017010016201,1,9,-1,3,0,1,0,0,0,0,2,-1,6,1,16,4,2987,2,10,9,1,9
2017010016206,1,9,0,18,0,4,0,0,0,0,4,1,6,1,61,9,1896,1,21,-1,-1,-1
2017010016206,2,9,0,9,0,4,0,0,0,0,1,1,6,2,39,7,1868,2,15,7,3,7
2017010016223,1,9,0,18,0,2,0,0,0,0,1,1,6,1,48,8,1995,1,14,5,1,5
2017010016229,1,9,0,17,0,2,0,0,0,0,1,1,6,1,54,8,2179,2,7,4,1,4
2017010016229,2,1,0,17,0,6,0,0,0,0,1,1,6,1,49,8,-1,-1,-1,8,1,8
2017010016230,1,9,0,18,0,0,0,0,0,0,1,1,6,1,35,6,1997,2,9,1,1,1
2017010016230,2,9,0,18,0,0,0,0,0,0,1,1,6,1,29,6,2993,2,4,4,1,4
2017010016230,3,8,0,18,0,0,0,0,0,0,2,1,6,1,40,7,2402,2,13,3,1,3
2017010016233,1,9,0,4,0,2,0,0,0,0,3,1,6,1,28,6,2204,2,10,4,1,4
2017010016233,2,9,0,18,0,1,0,0,0,0,1,1,6,2,39,7,1598,1,4,4,1,4
2017010016235,1,9,0,18,0,1,0,0,0,0,1,1,6,1,30,6,1796,1,11,3,1,3
2017010016236,1,9,0,9,0,3,0,0,0,0,1,1,6,3,-1,-1,-1,-1,-1,-1,-1,-1
2017010016237,1,9,0,3,0,1,0,0,0,0,1,1,6,1,33,6,1956,2,7,3,1,3
2017010016238,1,9,0,7,2,1,0,0,0,0,1,1,6,2,46,8,2499,2,14,2,1,2
2017010016238,2,1,0,18,2,1,0,0,0,0,4,1,2,1,38,7,-1,-1,-1,2,1,2
2017010016239,1,9,0,9,4,2,0,0,0,0,1,1,6,1,64,9,999,1,4,5,1,5
2017010016239,2,1,0,18,4,1,0,0,0,0,1,1,6,2,33,6,-1,-1,-1,2,1,2
2017010016241,1,11,0,16,0,1,0,0,0,0,1,1,1,2,46,8,6700,2,5,6,1,6
2017010016243,1,9,0,3,0,1,0,0,0,0,2,1,6,1,45,7,1950,2,1,2,1,2
2017010016243,2,1,0,18,0,1,0,0,0,0,1,1,1,1,21,5,-1,-1,-1,5,1,5
2017010016244,1,9,0,18,0,8,0,0,0,0,1,1,6,1,38,7,2926,2,15,2,1,2
2017010016244,2,9,0,18,0,8,0,0,0,0,4,1,6,1,36,7,1798,1,6,2,1,2
2017010016245,1,11,0,18,0,4,0,0,0,0,0,1,3,1,27,6,4500,2,5,4,1,4
2017010016245,2,9,0,18,0,4,1,0,0,0,0,1,6,1,30,6,1197,1,2,2,1,2
2017010016245,3,9,0,18,0,4,0,0,3,0,1,1,6,1,70,10,1798,1,7,3,1,3
2017010016249,1,19,0,18,0,0,0,0,0,0,3,1,6,1,51,8,1686,2,11,8,1,8
2017010016251,1,9,0,18,0,3,0,0,0,0,1,1,6,2,45,7,1388,1,8,3,1,3
2017010016253,1,11,0,9,0,3,0,0,0,0,0,1,1,1,55,8,6692,2,7,4,1,4
2017010016255,1,9,0,18,0,1,0,0,0,0,1,1,6,1,47,8,1461,2,5,3,1,3
2017010016257,1,19,0,18,6,2,0,0,0,0,0,1,6,1,33,6,1995,2,10,5,1,5
2017010016257,2,4,0,18,0,2,1,0,0,0,0,1,6,1,18,4,108,1,6,2,1,2
2017010016258,1,11,0,18,0,1,0,0,0,0,0,1,1,1,55,8,4500,2,3,2,1,2
2017010016259,1,9,0,9,0,2,0,0,0,0,3,1,6,1,38,7,1360,1,19,5,1,5
2017010016259,2,9,0,18,0,1,0,0,0,0,3,1,6,1,33,6,-1,-1,-1,7,1,7
2017010016261,1,9,0,4,0,8,0,0,0,0,3,1,6,2,51,8,-1,-1,-1,10,1,10
2017010016261,2,9,0,9,0,8,0,0,0,0,1,1,6,3,-1,-1,-1,-1,-1,-1,-1,-1
2017010016262,1,3,0,13,0,8,1,0,0,0,1,1,6,1,18,4,125,1,9,2,1,2
2017010016262,2,9,0,9,0,8,0,0,0,0,3,1,6,1,51,8,647,8,2,6,1,6
2017010016263,1,9,0,17,0,1,0,0,0,0,4,1,6,1,26,6,2979,1,1,5,1,5
2017010016263,2,9,0,18,0,1,0,0,0,0,1,1,6,1,28,6,1364,1,-1,1,1,1
2017010016264,1,9,0,4,0,0,0,0,0,0,1,1,6,1,63,9,998,1,20,5,1,5
2017010016266,1,8,0,18,0,1,0,0,0,0,3,1,1,1,28,6,1968,2,5,4,1,4
2017010016267,1,9,0,18,0,1,0,0,7,10,1,1,6,1,48,8,1995,2,14,1,1,1
2017010016267,2,8,0,7,0,6,0,0,0,0,1,2,1,1,34,6,1956,2,5,1,1,1
2017010016268,1,9,0,18,0,2,0,0,0,0,0,2,6,1,39,7,-1,-1,-1,-1,-1,-1
2017010016269,1,9,0,9,0,5,0,0,0,0,0,1,2,2,56,9,1560,2,11,2,1,2
2017010016269,2,3,0,18,0,1,1,0,0,0,0,1,1,1,28,6,125,1,7,2,1,2
2017010016272,1,11,0,4,0,1,0,0,0,0,0,1,1,1,37,7,8300,2,11,-1,-1,-1
2017010016274,1,9,0,9,0,5,0,0,0,0,3,1,6,1,30,6,1587,1,16,7,1,7
2017010016274,2,3,0,13,0,1,0,0,0,0,1,1,1,1,35,6,108,1,2,2,1,2
2017010016276,1,9,0,4,0,1,0,0,0,0,1,1,6,1,88,11,2597,1,13,-1,-1,-1
2017010016277,1,3,0,18,0,8,0,0,0,0,1,1,2,1,28,6,124,1,5,-1,-1,-1
2017010016277,2,9,0,9,0,8,0,0,0,0,2,1,6,1,26,6,2996,1,12,3,1,3
2017010016279,1,8,0,18,0,1,0,0,0,0,1,1,6,1,70,10,2776,2,2,10,1,10
2017010016279,2,9,0,18,0,1,0,0,0,0,2,1,6,2,37,7,1390,1,16,4,1,4
2017010016279,3,9,0,18,0,1,0,0,0,0,0,1,6,1,34,6,1560,2,12,4,1,4
2017010016279,4,9,0,18,0,1,0,0,0,0,0,1,6,3,-1,-1,-1,-1,-1,-1,-1,-1
2017010016280,1,9,0,5,0,2,0,0,0,0,1,1,6,1,34,6,2993,2,4,3,1,3
2017010016280,2,9,0,14,0,2,0,0,0,0,1,1,6,1,28,6,1598,1,4,4,1,4
2017010016281,1,11,0,4,0,1,0,0,0,0,4,1,6,1,44,7,-1,-1,-1,5,1,5
2017010016282,1,19,0,18,0,0,0,0,0,0,4,1,6,1,25,5,2148,2,14,3,1,3
2017010016283,1,9,0,15,0,8,1,11,0,0,1,1,6,1,25,5,3799,1,1,4,1,4
2017010016283,2,9,0,15,0,1,0,0,0,0,2,1,6,2,35,6,1992,2,12,4,1,4
2017010016287,1,9,0,18,0,8,0,0,0,0,4,2,6,2,27,6,999,1,-1,1,1,1
2017010016287,2,8,0,6,0,8,0,0,0,0,1,2,6,1,27,6,1968,2,4,7,1,7
2017010016287,3,9,0,2,0,8,0,0,0,0,0,2,6,3,-1,-1,1229,1,12,-1,-1,-1
2017010016288,1,8,0,4,0,0,0,0,0,0,2,1,1,1,44,7,2143,2,6,2,1,2
2017010016288,2,9,0,4,0,0,0,0,0,0,2,1,2,1,29,6,1299,1,15,4,1,4
2017010016288,3,9,0,18,0,0,0,0,0,0,1,1,6,3,-1,-1,1499,1,3,-1,-1,-1
2017010016289,1,9,0,12,0,0,0,11,0,0,1,1,6,2,41,7,2179,2,8,-1,-1,-1