Accident_Index,Vehicle_Reference,Vehicle_Type,Towing_and_Articulation,Vehicle_Manoeuvre,Vehicle_Location-Restricted_Lane,Junction_Location,Skidding_and_Overturning,Hit_Object_in_Carriageway,Vehicle_Leaving_Carriageway,Hit_Object_off_Carriageway,1st_Point_of_Impact,Was_Vehicle_Left_Hand_Drive?,Journey_Purpose_of_Driver,Sex_of_Driver,Age_of_Driver,Age_Band_of_Driver,Engine_Capacity_(CC),Propulsion_Code,Age_of_Vehicle,Driver_IMD_Decile,Driver_Home_Area_Type,Vehicle_IMD_Decile
2017010017121,1,1,-1,18,0,1,0,0,0,0,4,1,2,2,45,7,-1,-1,-1,1,1,1
2017010017121,2,19,0,7,0,1,0,0,0,0,1,-1,6,1,-1,-1,2494,2,9,4,1,4
2017010017127,1,2,0,15,0,1,0,0,0,0,1,1,6,1,47,8,-1,-1,-1,-1,-1,-1
2017010017134,1,11,0,5,0,1,0,0,0,0,0,1,1,1,41,7,6700,2,8,2,1,2
2017010017145,1,3,0,5,0,8,2,0,0,0,0,1,6,1,50,8,124,1,6,2,1,2
2017010017145,2,19,0,18,0,1,0,0,0,0,1,1,6,3,-1,-1,2287,2,3,-1,-1,-1
2017010017146,1,11,0,18,0,0,0,0,0,0,1,1,1,1,50,8,4500,2,2,5,1,5
2017010017146,2,9,0,3,0,0,0,0,0,0,2,1,6,1,36,7,1968,2,1,5,1,5
2017010017147,1,9,0,10,0,5,0,0,0,0,1,1,1,1,56,9,2995,1,11,3,1,3
2017010017147,2,1,0,18,2,1,2,0,0,0,1,1,1,1,24,5,-1,-1,-1,4,1,4
2017010017149,1,9,0,18,0,3,0,0,0,0,1,1,1,1,55,8,1595,1,2,9,1,9
2017010017149,2,1,0,9,0,3,0,0,0,0,1,1,2,2,29,6,-1,-1,-1,8,1,8
2017010017151,1,19,0,5,0,1,0,0,0,0,0,2,1,1,51,8,4580,2,5,8,1,8
2017010017154,1,3,0,18,0,1,0,0,0,0,1,1,1,1,32,6,108,1,2,6,1,6
2017010017154,2,9,0,18,0,1,0,0,0,0,1,1,6,1,48,8,1984,1,8,5,1,5
2017010017162,1,9,0,18,0,0,0,0,0,0,2,1,6,1,39,7,-1,-1,-1,4,1,4
2017010017162,2,9,0,18,0,0,-1,0,0,0,1,1,6,3,-1,-1,2179,2,5,-1,-1,-1
2017010017164,1,9,0,18,0,8,0,0,0,0,1,1,6,1,36,7,1339,1,4,6,1,6
2017010017164,2,9,0,18,0,8,1,0,1,10,4,1,6,2,67,10,1299,1,12,2,1,2
2017010017166,1,1,0,18,0,1,0,0,0,0,2,1,6,1,38,7,-1,-1,-1,3,1,3
2017010017166,2,9,0,18,0,1,0,0,0,0,1,-1,6,1,18,4,1596,1,7,7,1,7
2017010017168,1,3,0,15,0,-1,1,0,0,0,0,1,6,1,36,7,125,1,6,2,1,2
2017010017168,2,9,-1,-1,0,5,-1,-1,-1,-1,-1,-1,6,2,41,7,1299,1,16,2,1,2
2017010017173,1,9,-1,10,0,1,0,0,0,0,2,-1,6,1,26,6,1242,1,16,3,1,3
2017010017173,2,19,-1,18,0,1,1,0,0,0,1,-1,6,1,48,8,1995,2,10,6,1,6
2017010017175,1,9,-1,7,0,1,0,-1,0,0,4,-1,6,3,-1,-1,1956,2,2,-1,-1,-1
2017010017175,2,1,-1,14,0,1,0,-1,0,0,1,1,6,1,30,6,-1,-1,-1,8,1,8
2017010017178,1,11,0,4,0,8,0,0,0,0,0,1,6,1,47,8,6700,2,8,2,1,2
2017010017181,1,9,0,4,0,0,0,0,0,0,2,1,3,1,49,8,1598,1,16,4,1,4
2017010017191,1,11,0,11,0,2,0,0,0,0,4,1,1,2,33,6,7300,2,14,2,1,2
2017010017191,2,1,0,18,0,2,0,0,0,0,3,1,6,1,24,5,-1,-1,-1,3,1,3
2017010017192,1,9,0,4,0,2,0,0,0,0,2,1,6,2,19,4,1229,1,10,5,1,5
2017010017192,2,9,0,18,0,2,0,0,0,0,1,1,6,3,-1,-1,-1,-1,-1,-1,-1,-1
2017010017192,3,9,0,4,0,2,0,0,0,0,2,1,6,2,36,7,1998,1,17,4,1,4
2017010017198,1,9,0,10,0,1,0,0,0,0,2,-1,3,2,42,7,1388,1,14,-1,-1,-1
2017010017198,2,9,-1,-1,-1,-1,-1,-1,-1,-1,-1,-1,6,3,-1,-1,1950,2,1,-1,-1,-1
2017010017200,1,19,0,5,0,1,0,0,0,0,2,1,6,1,27,6,-1,-1,-1,-1,-1,-1
2017010017200,2,1,0,9,0,1,0,0,0,0,1,1,2,1,43,7,-1,-1,-1,2,1,2
2017010017202,1,1,-1,18,0,-1,-1,0,0,0,1,1,6,1,50,8,-1,-1,-1,5,1,5
2017010017202,2,9,0,5,0,-1,0,0,0,0,1,1,6,1,33,6,1598,1,12,1,1,1
2017010017216,1,8,0,5,0,8,0,0,0,0,0,1,1,1,33,6,1997,2,2,6,1,6
2017010017220,1,2,-1,18,-1,-1,-1,-1,-1,-1,-1,1,6,1,35,6,49,1,11,8,1,8
2017010017220,2,9,-1,6,-1,-1,-1,-1,-1,-1,-1,-1,6,3,-1,-1,-1,-1,-1,-1,-1,-1
2017010017222,1,9,0,-1,0,8,0,0,0,0,4,1,6,1,-1,-1,-1,-1,-1,-1,-1,-1
2017010017238,1,5,0,14,0,5,0,0,0,0,1,1,6,1,58,9,996,1,9,4,3,4
2017010017238,2,9,0,6,0,5,0,0,0,0,3,1,6,2,32,6,1560,2,8,2,1,2
2017010017246,1,9,0,18,0,2,1,10,0,0,1,1,6,2,32,6,1275,1,18,10,1,10
2017010017251,1,21,0,7,0,2,0,0,0,0,1,1,1,1,34,6,10837,2,6,2,1,2
2017010017251,2,1,0,18,0,2,0,0,0,0,2,1,6,1,32,6,-1,-1,-1,2,1,2
2017010017254,1,9,0,9,0,5,0,0,0,0,3,2,6,2,28,6,1796,1,13,4,1,4
2017010017254,2,5,0,18,0,1,5,0,0,0,1,1,2,1,40,7,798,1,5,8,1,8
2017010017255,1,3,0,18,0,8,5,10,7,1,1,1,6,1,30,6,125,1,1,3,1,3
2017010017255,2,19,0,9,0,6,0,0,0,0,0,1,6,1,48,8,2998,2,9,7,1,7
2017010017256,1,9,0,17,0,1,0,0,0,0,3,1,6,3,-1,-1,-1,-1,-1,-1,-1,-1
2017010017258,1,9,0,18,0,1,0,4,0,0,1,1,1,1,47,8,1497,8,9,3,1,3
2017010017258,2,9,0,5,0,1,0,4,0,0,2,1,6,1,71,10,1595,1,1,6,1,6
2017010017258,3,11,0,5,0,1,0,0,0,0,2,1,1,1,37,7,8300,2,12,7,1,7
2017010017259,1,9,0,18,0,0,0,0,0,0,0,1,6,2,37,7,1798,1,12,4,2,4
2017010017259,2,9,0,18,0,0,0,0,0,0,0,1,6,1,27,6,899,1,3,4,1,4
2017010017259,3,9,0,18,0,0,0,0,0,0,0,1,6,1,35,6,1598,2,2,3,1,3
2017010017260,1,11,0,5,0,0,0,0,0,0,1,1,6,1,67,10,9200,2,12,2,1,2
2017010017261,1,3,0,18,0,1,1,0,0,0,0,1,1,1,32,6,599,1,15,1,1,1
2017010017261,2,9,0,9,0,8,0,0,0,0,0,1,1,1,-1,-1,1560,2,3,-1,-1,-1
2017010017262,1,9,0,18,0,2,0,0,0,0,1,1,6,2,63,9,1198,1,14,2,1,2
2017010017262,2,9,0,3,0,2,0,11,0,0,2,1,6,1,32,6,1598,1,11,3,1,3
2017010017262,3,9,0,5,0,2,0,0,1,0,2,1,6,1,63,9,1197,1,3,2,1,2
2017010017263,1,9,0,9,0,1,0,0,0,0,1,1,6,1,53,8,-1,-1,-1,1,1,1
2017010017263,2,5,0,15,0,1,1,0,0,0,4,1,6,1,29,6,-1,-1,-1,2,1,2
2017010017265,1,9,0,18,0,2,0,0,0,0,1,1,6,1,84,11,1332,1,21,3,1,3
2017010017265,2,9,0,2,0,2,0,0,0,0,1,1,6,3,-1,-1,1797,8,8,-1,-1,-1
2017010017266,1,3,0,18,0,1,0,0,0,0,1,1,6,1,-1,-1,124,1,7,2,1,2
2017010017268,1,9,0,18,0,1,0,0,1,4,1,1,6,1,68,10,1598,1,7,-1,1,-1
2017010017270,1,3,0,7,0,1,0,0,0,0,2,1,2,1,39,7,108,1,1,2,1,2
2017010017270,2,9,0,7,0,1,0,0,0,0,1,1,6,3,-1,-1,1798,8,2,-1,-1,-1
2017010017271,1,1,0,18,0,1,0,0,0,0,1,1,6,1,39,7,-1,-1,-1,3,1,3
2017010017271,2,9,0,3,0,1,0,0,0,0,2,1,6,2,46,8,1398,1,4,1,1,1
2017010017272,1,9,0,10,0,1,0,0,0,0,2,1,6,2,53,8,999,1,3,9,1,9
2017010017272,2,9,0,18,0,1,0,0,0,0,1,1,2,2,21,5,1596,1,11,4,1,4
2017010017273,1,3,0,18,2,1,0,0,0,0,1,1,2,1,26,6,125,1,4,4,1,4
2017010017273,2,9,0,7,0,1,0,0,0,0,4,1,6,1,40,7,1329,1,7,3,1,3
2017010017274,1,9,0,18,0,1,1,0,0,0,1,2,2,2,27,6,1229,1,11,2,1,2
2017010017274,2,9,0,18,0,5,0,0,0,0,2,2,6,1,51,8,1796,1,10,4,1,4
2017010017274,3,9,0,18,0,1,0,0,0,0,2,2,6,2,22,5,1248,2,8,4,1,4
2017010017276,1,1,0,18,0,2,0,0,0,0,1,1,6,1,32,6,-1,-1,-1,8,1,8
2017010017277,1,9,0,18,0,3,0,0,0,0,1,1,2,1,50,8,1968,2,4,8,1,8
2017010017277,2,2,0,4,0,3,0,0,0,0,2,1,2,1,28,6,-1,-1,-1,1,1,1
2017010017279,1,9,0,18,0,2,0,0,1,0,1,1,6,1,26,6,2993,2,3,9,3,9
2017010017279,2,9,0,6,0,1,0,0,0,0,1,1,6,2,20,4,1560,2,1,8,3,8
2017010017280,1,9,0,9,0,2,0,0,0,0,3,1,2,1,20,4,1389,1,13,5,1,5
2017010017280,2,5,0,18,0,8,1,0,0,0,1,1,2,1,43,7,599,1,15,4,1,4
2017010017281,1,9,0,9,0,6,0,0,0,0,1,1,6,2,30,6,999,1,8,2,1,2
2017010017281,2,8,0,18,0,1,0,0,0,0,4,1,1,1,36,7,1598,2,5,5,1,5
2017010017282,1,8,0,10,0,1,0,0,0,0,4,1,1,1,51,8,1950,2,1,2,1,2
2017010017283,1,9,0,9,0,8,0,0,0,0,1,1,6,3,-1,-1,-1,-1,-1,-1,-1,-1
2017010017283,2,1,0,18,0,8,0,0,0,0,1,1,6,1,32,6,-1,-1,-1,2,1,2
2017010017284,1,5,0,18,0,0,0,0,0,0,3,1,6,1,23,5,675,1,4,4,1,4
2017010017284,2,9,0,2,0,0,0,0,0,0,4,1,6,3,-1,-1,1995,1,11,-1,-1,-1
2017010017287,1,2,0,18,0,8,0,0,0,0,4,1,6,1,22,5,125,1,3,7,1,7
2017010017287,2,19,0,15,0,8,0,0,0,0,3,1,6,3,-1,-1,2198,2,8,-1,-1,-1
2017010017289,1,9,0,13,0,8,0,0,0,0,1,1,6,1,41,7,-1,-1,-1,1,1,1
2017010017289,2,9,0,7,0,8,0,0,0,0,1,1,6,3,-1,-1,-1,-1,-1,-1,-1,-1
2017010017292,1,9,0,3,0,8,0,0,0,0,1,1,1,1,46,8,1796,1,12,8,1,8
2017010017292,2,2,0,18,0,6,0,0,0,0,1,1,1,1,19,4,125,1,8,7,1,7
2017010017293,1,9,0,10,0,8,0,0,0,0,2,1,6,1,21,5,999,1,10,2,1,2
2017010017293,2,9,0,9,0,8,0,0,0,0,1,1,6,1,31,6,1999,1,12,2,1,2
2017010017293,3,8,0,18,0,8,0,0,0,0,1,1,1,1,71,10,2402,2,14,4,1,4
2017010017294,1,19,0,18,0,1,0,0,0,0,1,1,2,1,54,8,2148,2,11,6,3,6
2017010017294,2,4,0,5,0,1,0,0,0,0,2,1,1,1,40,7,471,1,2,3,1,3
2017010017295,1,9,0,18,0,0,0,0,0,0,3,1,6,1,41,7,1995,2,5,3,1,3
2017010017295,2,19,0,18,0,0,0,0,0,0,4,1,6,1,53,8,2143,2,2,-1,-1,-1
2017010017298,1,9,0,9,0,2,0,0,0,0,1,1,1,1,25,5,2179,2,6,2,1,2
2017010017302,1,4,0,18,0,8,0,0,0,0,2,1,6,1,27,6,279,1,10,3,1,3
2017010017302,2,9,0,18,0,8,0,0,0,0,1,-1,6,3,-1,-1,1796,1,12,-1,-1,-1
2017010017303,1,1,-1,18,0,1,-1,0,0,0,4,1,6,1,29,6,-1,-1,-1,5,1,5
2017010017303,2,9,-1,11,0,1,-1,0,0,0,3,-1,6,2,28,6,1798,1,8,3,1,3
2017010017319,1,1,0,18,0,0,0,0,0,0,2,1,6,2,24,5,-1,-1,-1,2,1,2
2017010017319,2,9,0,18,0,0,0,0,0,0,1,-1,6,2,-1,-1,1390,1,13,4,1,4
2017010017320,1,9,0,9,0,6,0,0,0,0,1,1,6,1,54,8,698,1,12,2,1,2
2017010017322,1,9,0,9,0,1,0,0,0,0,1,1,6,2,50,8,1995,2,15,6,1,6
2017010017325,1,8,0,18,0,0,0,0,0,0,-1,-1,6,1,39,7,1339,8,7,3,1,3
2017010017325,2,9,0,11,0,0,0,0,0,0,4,-1,6,3,-1,-1,1995,2,1,-1,-1,-1
2017010017332,1,1,-1,-1,-1,-1,-1,-1,-1,0,-1,1,6,1,36,7,-1,-1,-1,-1,-1,-1
2017010017337,1,9,0,1,0,1,0,0,0,0,2,1,6,3,-1,-1,1299,1,13,-1,-1,-1
2017010017346,1,5,0,3,0,1,0,0,0,0,0,1,6,1,27,6,645,1,12,3,1,3
2017010017347,1,1,0,18,0,0,0,4,0,0,1,1,6,1,40,7,-1,-1,-1,7,1,7
2017010017347,2,9,0,-1,-1,0,0,-1,0,0,3,-1,6,2,42,7,2400,2,7,7,1,7
2017010017348,1,1,0,18,0,8,0,0,0,0,1,1,6,2,26,6,-1,-1,-1,2,1,2
2017010017348,2,9,0,9,0,8,0,0,0,0,3,1,6,3,-1,-1,-1,-1,-1,-1,-1,-1
2017010017349,1,9,0,5,9,1,0,0,1,10,1,1,6,1,31,6,-1,-1,-1,3,1,3
2017010017349,2,9,0,18,0,1,0,0,0,0,1,1,3,1,33,6,1995,2,13,7,1,7
2017010017349,3,9,0,2,0,1,0,0,0,0,1,1,6,3,-1,-1,1995,1,13,-1,-1,-1
2017010017352,1,9,0,18,0,0,0,0,0,0,1,1,6,2,18,4,1149,1,1,6,1,6
2017010017354,1,1,0,18,0,8,-1,0,0,0,1,1,6,1,57,9,-1,-1,-1,2,1,2
2017010017362,1,9,0,18,0,2,0,0,3,0,1,1,6,2,39,7,1968,2,10,7,1,7
2017010017368,1,9,0,4,0,1,0,0,0,0,2,1,6,2,41,7,1988,1,15,1,1,1
2017010017368,2,9,0,18,0,1,1,0,0,0,1,1,6,1,24,5,1600,1,27,4,1,4
2017010017373,1,9,-1,7,-1,5,-1,-1,-1,-1,-1,-1,6,3,-1,-1,-1,-1,-1,-1,-1,-1
2017010017381,1,9,-1,-1,-1,-1,-1,-1,-1,-1,-1,-1,6,3,-1,-1,-1,-1,-1,-1,-1,-1
2017010017381,2,1,-1,18,0,-1,-1,0,-1,0,-1,1,2,1,20,4,-1,-1,-1,2,1,2
2017010017387,1,9,0,18,0,8,0,0,0,0,1,1,6,1,19,4,1596,1,14,5,1,5
2017010017387,2,9,0,9,0,8,0,7,0,0,1,1,6,2,39,7,1229,1,12,8,1,8
2017010017388,1,9,0,18,0,8,0,0,0,0,3,1,6,1,41,7,1968,2,2,4,1,4
2017010017388,2,9,0,18,0,8,1,0,0,0,1,2,2,1,32,6,-1,-1,-1,4,1,4
2017010017390,1,9,0,5,0,1,0,0,0,0,1,1,6,1,51,8,1910,2,9,3,1,3
2017010017397,1,19,0,18,0,2,0,0,0,0,2,1,1,1,46,8,7790,2,7,4,1,4
2017010017397,2,9,0,18,0,2,0,0,0,0,2,1,2,2,19,4,1242,1,6,1,1,1
2017010017397,3,9,0,18,0,2,0,0,0,0,1,1,6,1,32,6,1390,1,13,4,1,4
2017010017400,1,9,0,18,0,-1,1,0,0,0,2,-1,6,2,45,7,1498,1,2,3,1,3
2017010017400,2,9,-1,18,-1,-1,-1,0,0,0,1,-1,6,1,-1,-1,1197,1,2,2,1,2
2017010017407,1,9,0,18,0,8,0,0,0,0,1,1,6,2,25,5,1997,2,13,3,1,3
2017010017407,2,11,0,3,0,2,0,0,0,0,4,1,1,1,35,6,7300,2,14,3,1,3
2017010017408,1,9,0,7,9,8,0,0,0,0,1,2,6,2,50,8,1998,1,15,3,1,3
2017010017408,2,1,0,18,9,8,0,10,0,0,4,1,6,1,15,3,-1,-1,-1,9,1,9
2017010017413,1,9,0,4,0,1,0,0,0,0,2,1,6,1,24,5,998,1,11,2,1,2
2017010017413,2,9,0,1,0,1,0,0,0,0,2,1,6,3,-1,-1,-1,-1,-1,-1,-1,-1
2017010017421,1,11,0,17,0,8,0,0,0,0,0,1,6,1,54,8,8268,2,14,-1,-1,-1
2017010017424,1,9,0,18,0,0,0,0,0,0,1,1,6,3,-1,-1,1390,1,5,-1,-1,-1
2017010017425,1,9,-1,18,0,0,0,-1,0,0,-1,-1,6,2,-1,-1,1149,1,3,6,1,6
2017010017426,1,9,-1,7,9,0,0,0,-1,0,1,-1,6,3,-1,-1,1598,2,4,-1,-1,-1
2017010017440,1,19,0,18,0,0,0,4,0,0,1,1,1,1,41,7,2198,2,5,5,1,5
2017010017440,2,19,0,2,0,0,0,0,0,0,2,1,6,3,-1,-1,2148,2,9,-1,-1,-1
2017010017441,1,11,-1,-1,-1,-1,-1,-1,-1,-1,-1,-1,1,1,24,5,-1,-1,-1,2,1,2
2017010017446,1,9,0,18,0,1,0,0,0,0,4,1,6,2,33,6,1988,1,14,3,1,3
2017010017446,2,11,0,5,0,1,0,0,0,0,3,1,6,3,-1,-1,6700,2,7,-1,-1,-1
2017010017449,1,1,0,18,-1,0,-1,-1,-1,-1,4,1,6,1,32,6,-1,-1,-1,3,1,3
2017010017449,2,9,-1,-1,-1,0,-1,-1,0,0,1,-1,6,3,-1,-1,-1,-1,-1,-1,-1,-1
2017010017451,1,19,0,15,2,1,0,0,0,0,3,1,1,1,56,9,2198,2,2,4,1,4
2017010017452,1,9,0,2,6,2,0,0,0,0,3,1,6,3,-1,-1,2993,2,2,-1,-1,-1
2017010017452,2,1,0,18,0,8,0,4,0,0,1,1,6,1,40,7,-1,-1,-1,9,1,9
2017010017457,1,8,0,3,0,8,0,4,0,0,2,1,1,1,50,8,1796,1,3,2,1,2
2017010017457,2,9,0,3,0,8,0,0,0,0,2,1,6,1,43,7,2993,2,6,7,1,7
2017010017457,3,9,0,18,0,8,0,4,0,0,1,1,6,3,-1,-1,1596,1,16,-1,-1,-1
2017010017476,1,11,0,5,2,2,0,0,0,0,0,1,1,1,26,6,4500,2,2,3,1,3
2017010017480,1,1,0,-1,0,1,0,0,0,0,1,1,6,2,47,8,-1,-1,-1,3,1,3
2017010017480,2,9,0,1,0,2,0,0,0,0,2,1,6,1,26,6,1598,2,5,2,1,2
2017010017482,1,1,0,18,0,2,0,0,0,0,1,1,6,1,-1,-1,-1,-1,-1,-1,-1,-1
2017010017490,1,9,0,4,0,2,0,0,0,0,2,1,1,2,50,8,1586,1,2,2,1,2
2017010017490,2,9,0,4,0,2,0,0,0,0,1,1,2,2,28,6,1390,1,7,5,1,5
2017010017493,1,9,-1,4,-1,0,-1,-1,-1,-1,3,-1,6,1,34,6,2149,2,10,9,1,9
2017010017495,1,9,0,4,0,8,0,0,0,0,2,1,6,1,48,8,1240,1,14,3,1,3
2017010017495,2,9,0,9,0,8,0,0,0,0,1,1,6,3,-1,-1,-1,-1,-1,-1,-1,-1
2017010017498,1,9,0,18,2,1,0,0,0,0,3,-1,6,1,28,6,1461,2,4,3,1,3
2017010017498,2,19,4,7,0,5,0,0,0,0,1,-1,1,1,-1,-1,-1,-1,-1,-1,-1,-1
2017010017499,1,3,0,18,0,0,0,0,0,0,1,1,6,1,25,5,125,1,4,7,1,7
2017010017501,1,9,0,18,0,8,0,0,0,0,2,1,6,1,57,9,1686,2,10,10,1,10
2017010017501,2,9,0,18,0,8,0,0,0,0,2,1,6,1,30,6,1796,1,11,-1,1,-1
2017010017501,3,19,0,18,0,8,0,0,0,0,1,1,1,1,23,5,2198,2,4,8,1,8
2017010017502,1,11,0,18,0,0,0,0,0,0,0,1,1,1,41,7,8268,2,12,4,1,4
2017010017505,1,11,0,18,2,1,0,0,0,0,0,1,1,1,49,8,9360,2,7,3,1,3
2017010017505,2,9,0,11,0,1,0,0,0,0,0,1,6,1,42,7,1956,2,6,2,1,2
2017010017506,1,3,0,4,0,2,5,0,0,0,1,1,1,1,26,6,124,1,4,5,1,5
2017010017506,2,1,0,9,0,2,0,0,0,0,4,1,6,1,16,4,-1,-1,-1,2,1,2
2017010017507,1,9,0,13,0,0,0,0,0,0,1,1,6,1,27,6,2926,2,15,2,1,2
2017010017507,2,9,0,9,0,0,0,0,0,0,1,1,6,1,36,7,2148,2,8,3,1,3
2017010017507,3,9,0,3,0,0,0,0,0,0,3,1,6,2,49,8,1248,2,3,8,1,8
2017010017508,1,9,0,9,0,1,0,0,0,0,1,1,6,1,81,11,2967,1,7,8,1,8
2017010017509,1,8,0,4,0,0,0,0,0,0,3,1,1,1,57,9,1797,8,7,2,1,2
2017010017510,1,9,0,9,0,5,0,0,0,0,4,1,6,1,78,11,1749,1,15,7,1,7
2017010017510,2,3,0,18,0,1,0,0,0,0,1,1,6,1,25,5,124,1,2,6,1,6
2017010017511,1,3,0,4,0,0,2,0,0,0,0,1,6,1,28,6,125,1,12,3,1,3
2017010017515,1,11,0,18,0,4,0,0,0,0,1,1,1,1,22,5,3900,2,11,5,1,5
2017010017515,2,9,0,9,0,4,0,0,0,0,4,1,6,1,32,6,1363,2,13,6,1,6
2017010017516,1,11,0,5,0,1,0,0,0,0,0,1,1,1,60,9,4500,2,1,6,1,6
2017010017517,1,9,0,18,2,1,0,0,1,4,1,1,6,2,34,6,1086,1,10,2,1,2
2017010017517,2,9,0,8,0,1,0,0,0,0,4,1,6,1,63,9,2231,2,9,5,1,5
2017010017518,1,3,0,18,0,1,0,0,0,0,3,1,6,1,26,6,125,1,3,8,1,8
2017010017518,2,9,0,5,0,1,0,11,0,0,1,1,6,2,22,5,1149,1,12,9,1,9
2017010017519,1,4,0,18,0,1,2,0,0,0,4,1,6,1,52,8,599,1,7,4,1,4
2017010017520,1,9,0,18,0,1,0,0,0,0,1,1,2,1,26,6,-1,-1,-1,-1,-1,-1
2017010017521,1,5,0,18,0,0,0,0,0,0,1,1,2,1,35,6,998,1,11,6,1,6
2017010017521,2,21,0,18,0,0,0,0,0,0,3,1,1,1,33,6,10837,2,1,7,1,7
2017010017522,1,9,0,18,0,1,5,4,0,0,1,1,6,2,87,11,1149,1,13,6,1,6
2017010017522,2,9,0,2,0,1,0,0,0,0,1,1,6,3,-1,-1,1596,1,2,-1,-1,-1
2017010017522,3,9,0,2,0,1,0,0,0,0,1,1,6,3,-1,-1,1242,1,8,-1,-1,-1
2017010017523,1,9,0,4,0,1,0,0,0,0,2,1,6,1,32,6,1995,1,10,3,1,3
2017010017523,2,9,0,18,0,1,0,0,0,0,2,1,6,3,-1,-1,-1,-1,-1,-1,-1,-1
2017010017524,1,9,0,9,0,8,0,0,0,0,1,1,6,3,-1,-1,-1,-1,-1,-1,-1,-1
2017010017524,2,3,0,18,0,1,0,0,0,0,1,1,1,1,30,6,125,1,7,1,1,1
2017010017525,1,9,0,9,0,8,0,0,0,0,3,1,2,1,36,7,-1,-1,-1,2,1,2
2017010017526,1,9,0,4,0,2,0,4,0,0,1,1,6,1,38,7,-1,-1,-1,5,1,5
2017010017526,2,9,0,3,0,6,0,0,0,0,4,1,1,1,26,6,1598,2,1,1,1,1
2017010017528,1,9,0,3,0,0,0,0,0,0,1,1,6,2,58,9,1986,2,11,5,1,5
2017010017528,2,21,1,1,0,0,0,0,0,0,2,1,6,1,56,9,10837,2,3,3,1,3
2017010017529,1,19,0,3,0,1,0,0,0,0,2,1,1,1,59,9,2402,2,6,3,1,3
2017010017529,2,9,0,3,0,1,0,0,0,0,2,1,6,1,50,8,1197,1,3,4,1,4
2017010017529,3,9,0,4,0,1,0,0,0,0,1,1,6,1,53,8,2400,2,1,5,1,5
2017010017530,1,9,0,9,0,8,0,0,0,0,4,1,2,1,28,6,1968,2,1,7,1,7
2017010017530,2,3,0,15,0,8,0,0,0,0,1,1,1,1,18,4,108,1,1,-1,-1,-1
2017010017531,1,9,0,18,0,0,0,4,0,0,1,1,6,2,53,8,1339,1,12,4,1,4
2017010017531,2,9,0,18,0,0,0,4,0,0,1,1,6,1,25,5,2499,1,25,4,1,4
2017010017531,3,90,0,18,0,0,0,0,0,0,0,1,6,1,38,7,-1,-1,-1,-1,-1,-1
2017010017532,1,9,0,3,0,1,0,0,0,0,2,1,6,2,52,8,1398,1,6,2,1,2
2017010017532,2,90,0,4,0,1,0,0,0,0,1,1,6,3,-1,-1,-1,-1,-1,-1,-1,-1
2017010017533,1,4,0,18,0,8,1,0,0,0,0,1,1,1,28,6,124,1,8,4,1,4
2017010017534,1,3,0,4,0,0,0,0,0,0,0,1,6,2,40,7,124,1,4,-1,-1,-1
2017010017535,1,9,0,6,0,0,0,0,0,0,4,1,6,1,38,7,1339,1,11,4,1,4
2017010017535,2,9,0,18,0,0,0,0,1,0,4,1,6,2,19,4,-1,-1,-1,2,1,2
2017010017536,1,9,0,18,0,8,0,0,0,0,1,1,6,1,22,5,5461,1,1,-1,-1,-1
2017010017536,2,1,0,9,0,8,2,0,0,0,4,1,6,1,26,6,-1,-1,-1,2,1,2
2017010017537,1,11,0,4,2,2,0,0,0,0,0,1,1,1,46,8,8300,2,11,4,1,4
2017010017538,1,19,0,18,0,1,0,0,0,0,1,1,1,1,53,8,2402,2,11,5,2,5
2017010017538,2,9,0,9,0,1,0,0,0,0,4,1,6,1,32,6,-1,-1,-1,8,1,8
2017010017539,1,9,0,18,0,1,0,0,0,0,0,1,6,1,26,6,2148,2,8,3,1,3
2017010017540,1,3,0,18,0,2,0,0,0,0,3,1,1,1,31,6,125,1,2,6,1,6
2017010017540,2,8,0,18,0,2,0,0,0,0,4,2,6,1,28,6,2499,2,3,3,1,3
2017010017542,1,9,0,18,0,1,0,7,1,10,4,1,6,1,21,5,1199,2,4,9,1,9
2017010017544,1,9,0,4,0,8,0,0,0,0,2,1,2,2,26,6,1193,1,1,7,1,7
2017010017544,2,9,0,18,0,8,0,0,0,0,1,1,6,3,-1,-1,-1,-1,-1,-1,-1,-1
2017010017544,3,9,0,4,0,8,0,0,0,0,2,1,6,3,-1,-1,-1,-1,-1,-1,-1,-1
2017010017545,1,19,0,18,0,1,0,0,0,0,1,1,6,3,-1,-1,2198,2,4,-1,-1,-1
2017010017545,2,19,0,2,0,1,0,0,0,0,4,1,6,3,-1,-1,2198,2,3,-1,-1,-1
2017010017547,1,9,0,18,0,0,0,0,0,0,1,1,6,1,24,5,1229,1,5,3,1,3
2017010017547,2,9,0,18,0,0,0,0,0,0,2,1,6,1,37,7,1499,2,1,2,1,2
2017010017547,3,8,5,11,0,0,0,0,1,5,2,1,6,1,46,8,1798,8,3,1,1,1
2017010017549,1,9,0,18,0,1,0,0,0,0,1,1,6,1,32,6,1199,2,6,3,1,3
2017010017550,1,8,0,18,0,0,0,0,0,0,1,1,1,2,51,8,1686,2,6,2,1,2
2017010017551,1,9,0,13,0,1,0,0,0,0,1,1,6,3,-1,-1,2993,2,9,-1,-1,-1
2017010017551,2,9,0,7,0,6,0,0,0,0,1,1,6,1,29,6,1591,1,2,2,1,2
2017010017552,1,8,0,5,0,1,0,0,0,0,1,1,1,1,63,9,1956,2,6,2,1,2
2017010017552,2,1,0,18,0,1,0,0,0,0,4,1,2,1,35,6,-1,-1,-1,4,1,4