Accident_Index,Vehicle_Reference,Vehicle_Type,Towing_and_Articulation,Vehicle_Manoeuvre,Vehicle_Location-Restricted_Lane,Junction_Location,Skidding_and_Overturning,Hit_Object_in_Carriageway,Vehicle_Leaving_Carriageway,Hit_Object_off_Carriageway,1st_Point_of_Impact,Was_Vehicle_Left_Hand_Drive?,Journey_Purpose_of_Driver,Sex_of_Driver,Age_of_Driver,Age_Band_of_Driver,Engine_Capacity_(CC),Propulsion_Code,Age_of_Vehicle,Driver_IMD_Decile,Driver_Home_Area_Type,Vehicle_IMD_Decile
2017010017556,1,19,0,18,0,1,0,0,0,0,1,1,6,1,40,7,1968,2,1,4,1,4
2017010017556,2,9,0,5,0,2,0,0,0,0,3,1,6,1,24,5,1199,1,13,8,1,8
2017010017556,3,11,0,5,0,1,0,0,0,0,1,1,1,1,36,7,9360,2,5,6,1,6
2017010017557,1,8,0,3,0,1,0,0,0,0,3,1,1,1,42,7,1968,2,2,4,1,4
2017010017557,2,9,0,18,0,1,0,0,0,0,4,1,6,3,-1,-1,1598,1,14,-1,-1,-1
2017010017558,1,90,0,18,0,0,0,0,0,0,1,1,1,1,45,7,-1,-1,-1,10,1,10
2017010017559,1,11,0,3,0,1,0,4,0,0,2,1,1,1,47,8,5132,2,1,4,1,4
2017010017559,2,9,0,3,0,1,0,4,0,0,1,1,6,1,65,9,1794,1,15,3,1,3
2017010017561,1,9,0,5,0,4,0,0,0,0,4,1,2,2,31,6,1395,1,2,7,1,7
2017010017561,2,3,0,5,0,4,1,0,0,0,0,1,6,2,26,6,124,1,4,6,2,6
2017010017562,1,3,0,18,0,8,0,0,0,0,1,1,6,1,26,6,125,1,1,6,1,6
2017010017562,2,9,0,9,0,8,0,0,0,0,4,1,6,1,33,6,1798,1,5,6,2,6
2017010017563,1,9,0,18,0,0,0,0,0,0,2,1,6,2,42,7,1598,1,6,3,1,3
2017010017563,2,21,4,12,0,0,0,0,0,0,1,2,1,1,57,9,-1,-1,-1,-1,-1,-1
2017010017574,1,8,0,4,0,3,0,0,0,0,1,1,6,1,40,7,1686,2,5,3,1,3
2017010017574,2,9,0,4,0,3,0,0,1,0,2,1,6,2,35,6,998,1,9,2,1,2
2017010017582,1,9,0,18,9,2,0,4,0,0,1,1,6,1,54,8,2148,2,15,2,1,2
2017010017582,2,9,0,2,9,2,0,0,0,0,2,1,6,3,-1,-1,1499,1,1,-1,-1,-1
2017010017582,3,9,0,2,6,2,0,4,0,0,2,1,6,3,-1,-1,1061,1,13,-1,-1,-1
2017010017602,1,9,0,17,0,0,0,10,1,7,1,1,6,1,27,6,2979,1,14,2,1,2
2017010017602,2,21,1,2,6,0,0,0,0,0,2,2,6,3,-1,-1,-1,-1,-1,-1,-1,-1
2017010017602,3,21,1,2,6,0,0,0,0,0,2,1,6,3,-1,-1,-1,-1,-1,-1,-1,-1
2017010017616,1,9,0,1,0,0,0,0,0,0,2,1,6,1,28,6,1968,2,8,1,1,1
2017010017616,2,9,0,18,0,0,0,0,0,0,1,1,6,1,-1,-1,1396,1,12,4,1,4
2017010017618,1,9,0,1,0,0,0,0,0,0,2,1,1,1,35,6,1968,2,3,2,1,2
2017010017649,1,3,-1,18,0,8,-1,0,0,0,-1,1,6,1,18,4,-1,-1,-1,-1,-1,-1
2017010017686,1,9,0,3,0,8,0,0,-1,0,2,1,6,1,23,5,1598,1,6,-1,-1,-1
2017010017686,2,9,0,-1,0,8,0,-1,-1,0,1,1,6,1,18,4,1590,1,15,5,1,5
2017010017743,1,3,0,4,0,4,1,0,0,0,1,1,6,1,38,7,108,1,1,6,1,6
2017010017743,2,9,0,-1,0,3,-1,0,0,0,1,-1,6,3,-1,-1,1299,1,15,-1,-1,-1
2017010017745,1,19,0,18,0,2,0,0,0,0,1,1,2,1,28,6,1248,2,9,2,1,2
2017010017751,1,9,0,9,0,5,0,0,0,0,4,1,6,2,44,7,1910,2,10,6,1,6
2017010017767,1,9,0,1,0,0,0,0,0,0,-1,1,6,3,-1,-1,-1,-1,-1,-1,-1,-1
2017010017771,1,1,0,18,2,8,0,0,0,0,2,1,6,2,46,8,-1,-1,-1,3,1,3
2017010017771,2,9,0,7,0,8,0,0,0,0,3,-1,6,2,27,6,1596,1,14,1,1,1
2017010017781,1,9,0,18,0,0,0,0,0,0,1,1,6,1,49,8,1998,1,12,3,1,3
2017010017786,1,1,0,18,4,8,2,0,0,0,1,1,2,1,24,5,-1,-1,-1,-1,-1,-1
2017010017786,2,9,0,-1,0,6,0,0,0,0,3,-1,6,1,-1,-1,1598,1,8,-1,-1,-1
2017010017789,1,3,0,18,0,8,2,0,0,0,1,1,6,1,35,6,125,1,3,1,1,1
2017010017789,2,1,0,9,0,8,0,0,0,0,4,1,6,2,31,6,-1,-1,-1,6,1,6
2017010017790,1,11,0,18,0,1,0,0,0,0,0,1,6,1,34,6,6700,2,5,2,1,2
2017010017791,1,2,0,3,2,1,0,0,0,0,1,1,2,1,30,6,125,1,1,5,1,5
2017010017791,2,9,0,9,2,2,0,0,0,0,1,1,1,1,54,8,1560,2,9,4,1,4
2017010017792,1,9,0,2,0,2,0,0,0,0,0,1,6,3,-1,-1,1461,2,7,-1,-1,-1
2017010017792,2,1,0,14,0,2,0,4,0,0,4,1,6,1,38,7,-1,-1,-1,-1,-1,-1
2017010017793,1,1,0,18,9,1,0,0,0,0,1,1,6,3,-1,-1,-1,-1,-1,-1,-1,-1
2017010017796,1,9,0,7,0,6,0,0,0,0,3,1,6,3,-1,-1,1497,1,20,-1,-1,-1
2017010017796,2,1,0,18,0,1,0,0,0,0,1,1,6,1,39,7,-1,-1,-1,-1,-1,-1
2017010017797,1,9,0,18,0,2,0,11,0,0,1,1,3,2,40,7,1598,1,11,3,1,3
2017010017798,1,9,0,7,0,8,0,10,8,10,1,1,6,2,78,11,1988,1,15,8,1,8
2017010017798,2,9,0,18,0,8,0,0,0,0,4,1,6,1,65,9,1395,1,1,8,1,8
2017010017799,1,9,0,5,0,8,0,0,0,0,3,1,6,1,64,9,1598,1,9,4,1,4
2017010017799,2,3,0,5,0,8,5,0,0,0,4,1,6,1,20,4,125,1,11,4,1,4
2017010017801,1,4,0,14,0,0,0,0,0,0,1,1,1,1,27,6,125,1,1,5,1,5
2017010017801,2,19,0,5,0,0,0,0,0,0,3,1,1,1,48,8,2143,2,4,4,1,4
2017010017802,1,19,0,18,0,0,0,0,0,0,1,1,6,3,-1,-1,-1,-1,-1,-1,-1,-1
2017010017803,1,9,0,4,0,4,0,0,0,0,2,1,6,1,42,7,1896,2,13,1,1,1
2017010017803,2,9,0,18,0,4,0,0,0,0,1,1,6,3,-1,-1,1956,2,6,-1,-1,-1
2017010017804,1,19,0,9,0,5,0,0,0,0,3,1,6,1,38,7,2198,2,1,8,1,8
2017010017804,2,3,0,13,0,8,2,0,0,0,4,1,1,1,22,5,125,1,8,1,1,1
2017010017805,1,9,0,2,9,0,0,4,1,0,0,1,6,3,-1,-1,1598,1,11,-1,-1,-1
2017010017806,1,9,0,3,0,0,0,0,0,0,2,1,1,1,34,6,998,1,1,2,1,2
2017010017806,2,9,0,5,0,0,0,0,0,0,1,1,6,1,48,8,1598,1,5,2,1,2
2017010017807,1,19,0,9,0,8,0,0,0,0,1,1,1,1,27,6,1996,2,6,1,1,1
2017010017807,2,3,0,18,0,8,0,0,0,0,1,1,1,1,18,4,108,1,3,3,1,3
2017010017810,1,9,0,18,0,0,1,0,0,0,1,1,6,1,43,7,1197,1,-1,2,1,2
2017010017810,2,9,0,18,0,0,0,0,0,0,2,1,6,2,29,6,1900,2,12,4,1,4
2017010017811,1,8,0,17,0,8,0,0,0,0,1,1,1,1,34,6,1997,2,7,1,1,1
2017010017812,1,9,0,3,0,0,0,0,0,0,2,1,6,1,29,6,2993,2,9,2,1,2
2017010017812,2,9,0,18,0,0,1,0,0,0,1,1,6,1,56,9,2664,2,18,2,1,2
2017010017815,1,9,0,9,0,5,0,0,0,0,3,1,6,2,37,7,1968,2,3,4,1,4
2017010017815,2,3,0,18,0,1,0,0,0,0,1,1,6,1,34,6,125,1,11,1,1,1
2017010017816,1,9,0,5,0,1,0,0,0,0,1,1,6,2,62,9,1397,1,8,6,1,6
2017010017818,1,9,0,18,0,1,0,0,0,0,1,1,6,1,24,5,3246,1,13,5,1,5
2017010017818,2,9,0,11,0,1,0,0,1,2,4,1,6,2,25,5,1198,1,7,2,1,2
2017010017819,1,9,0,10,0,8,0,0,0,0,1,2,6,1,22,5,-1,-1,-1,3,1,3
2017010017819,2,9,0,18,0,8,0,0,1,10,1,1,6,1,34,6,1956,2,7,6,1,6
2017010017820,1,9,0,18,0,5,0,0,0,0,4,1,6,3,-1,-1,-1,-1,-1,-1,-1,-1
2017010017821,1,9,0,3,0,3,0,0,0,0,2,1,6,1,46,8,1896,2,12,3,1,3
2017010017821,2,9,0,3,0,3,0,0,0,0,1,1,6,1,20,4,1995,1,6,4,1,4
2017010017822,1,9,0,9,0,8,0,0,0,0,1,1,6,1,24,5,1968,2,4,2,1,2
2017010017823,1,9,0,18,0,1,0,0,0,0,4,1,6,1,27,6,2188,2,10,1,1,1
2017010017823,2,19,0,9,0,1,0,0,0,0,1,1,6,1,37,7,1870,2,14,-1,-1,-1
2017010017824,1,9,0,5,0,6,0,0,0,0,1,1,6,1,41,7,1591,1,2,1,1,1
2017010017824,2,3,0,18,0,1,0,0,0,0,4,1,1,1,31,6,108,1,7,4,1,4
2017010017825,1,9,0,18,0,1,0,0,0,0,2,1,6,2,39,7,1995,1,13,2,1,2
2017010017825,2,19,0,18,0,1,0,0,0,0,1,1,6,3,-1,-1,1995,2,6,-1,-1,-1
2017010017826,1,9,0,9,0,8,0,0,0,0,3,1,6,1,21,5,1461,2,1,5,1,5
2017010017826,2,4,0,18,0,8,2,0,0,0,1,1,1,1,38,7,108,1,7,6,1,6
2017010017828,1,9,0,3,0,1,0,0,0,0,2,1,6,1,39,7,2996,1,1,10,1,10
2017010017828,2,11,0,5,0,1,0,0,0,0,1,1,6,1,54,8,4500,2,1,2,1,2
2017010017830,1,9,0,11,0,1,0,0,0,0,4,1,6,1,20,4,1398,1,7,4,1,4
2017010017830,2,9,0,18,0,1,0,0,0,0,3,1,6,1,43,7,1995,2,12,2,1,2
2017010017830,3,9,0,10,0,8,0,0,0,0,4,1,6,1,29,6,1398,2,13,9,3,9
2017010017833,1,8,0,7,0,2,0,0,0,0,0,1,1,1,45,7,-1,-1,-1,3,1,3
2017010017834,1,9,0,9,0,1,0,0,0,0,4,1,6,1,56,9,1498,1,9,6,1,6
2017010017834,2,2,0,15,0,1,1,0,0,0,1,1,1,1,19,4,108,1,2,4,1,4
2017010017837,1,9,0,18,0,0,1,11,0,0,1,1,2,2,43,7,1339,8,8,2,1,2
2017010017842,1,9,0,18,0,2,0,0,0,0,1,1,6,1,30,6,1995,2,1,4,1,4
2017010017842,2,9,0,3,0,2,0,0,0,0,2,1,6,1,36,7,1995,2,5,5,1,5
2017010017842,3,9,0,3,0,2,0,0,0,0,2,1,6,1,54,8,1969,2,2,7,1,7
2017010017843,1,9,0,5,0,1,0,0,0,0,1,1,6,1,51,8,2720,2,13,4,1,4
2017010017844,1,9,0,18,0,8,0,0,0,0,1,1,6,3,-1,-1,-1,-1,-1,-1,-1,-1
2017010017845,1,8,0,18,0,1,0,0,0,0,2,2,6,1,57,9,1798,8,3,2,1,2
2017010017845,2,9,0,18,0,1,0,0,0,0,1,1,6,1,48,8,999,1,1,6,1,6
2017010017847,1,9,0,4,0,1,0,0,0,0,2,1,6,1,41,7,2993,2,7,4,1,4
2017010017847,2,9,0,18,0,1,0,0,0,0,1,1,6,1,28,6,1796,1,6,3,1,3
2017010017848,1,9,0,18,0,2,0,0,0,0,1,1,6,1,27,6,1596,1,12,-1,-1,-1
2017010017848,2,9,0,18,0,2,0,0,0,0,1,1,6,1,18,4,1796,1,9,4,1,4
2017010017851,1,9,0,11,2,1,0,11,0,0,1,1,6,2,30,6,1595,1,14,4,1,4
2017010017852,1,9,0,18,0,1,0,4,0,0,2,1,6,1,37,7,1600,1,12,2,1,2
2017010017852,2,9,0,18,0,1,0,0,0,0,4,1,6,1,39,7,2993,2,2,-1,-1,-1
2017010017852,3,9,0,4,0,2,0,0,0,0,1,1,6,1,34,6,1560,2,2,2,1,2
2017010017853,1,9,0,18,0,0,5,4,0,0,1,1,6,2,28,6,1598,1,4,1,1,1
2017010017853,2,9,0,2,0,0,0,0,0,0,1,1,6,3,-1,-1,1686,2,14,-1,-1,-1
2017010017853,3,9,0,2,0,0,0,0,0,0,4,1,6,3,-1,-1,1000,1,3,-1,-1,-1
2017010017853,4,9,0,2,0,0,0,0,0,0,4,1,6,3,-1,-1,2993,2,9,-1,-1,-1
2017010017860,1,9,0,18,0,2,0,10,7,0,1,1,2,1,38,7,1910,2,8,2,1,2
2017010017861,1,9,0,3,0,8,0,0,0,0,2,1,6,1,27,6,1968,2,5,1,1,1
2017010017861,2,9,0,18,0,8,0,0,0,0,1,1,6,3,-1,-1,1461,2,1,-1,-1,-1
2017010017862,1,9,0,7,0,5,0,0,0,0,3,1,6,1,27,6,1461,2,2,3,1,3
2017010017862,2,4,0,18,0,1,0,0,0,0,1,1,1,1,29,6,124,1,8,1,1,1
2017010017864,1,9,0,6,0,1,0,0,0,0,4,1,6,1,24,5,1995,2,6,2,1,2
2017010017864,2,3,0,18,0,1,1,0,0,0,1,1,6,1,38,7,124,1,12,1,1,1
2017010017865,1,9,0,18,0,8,0,0,8,1,4,1,2,1,54,8,1149,1,8,6,1,6
2017010017865,2,9,0,18,0,8,0,0,0,0,1,1,6,3,-1,-1,-1,-1,-1,-1,-1,-1
2017010017880,1,3,0,18,0,8,0,0,1,0,1,1,2,1,38,7,-1,-1,-1,5,1,5
2017010017880,2,3,0,9,9,5,0,0,1,0,1,1,6,1,41,7,124,1,1,4,1,4
2017010017883,1,9,0,18,9,1,0,0,7,10,1,1,6,1,23,5,1596,1,10,2,1,2
2017010017883,2,8,0,6,0,6,0,0,0,0,0,1,1,1,44,7,1686,2,3,1,1,1
2017010017897,1,9,0,18,0,1,0,0,0,0,1,1,6,2,36,7,1395,1,2,9,1,9
2017010017897,2,9,0,3,0,1,0,0,0,0,2,1,6,2,42,7,998,1,10,4,1,4
2017010017899,1,9,-1,7,0,6,-1,11,1,0,1,-1,6,3,-1,-1,-1,-1,-1,-1,-1,-1
2017010017903,1,9,0,18,0,0,0,7,0,0,3,1,6,2,37,7,1596,1,14,2,1,2
2017010017905,1,9,0,9,0,5,0,0,0,0,1,1,6,1,64,9,1796,1,13,5,1,5
2017010017907,1,9,0,18,0,0,0,0,0,0,0,1,6,2,38,7,1998,1,9,5,1,5
2017010017907,2,9,0,18,0,0,1,0,0,0,1,1,6,2,28,6,1796,1,12,3,1,3
2017010017907,3,8,0,14,0,0,0,0,0,0,0,1,1,1,36,7,1995,2,5,4,1,4
2017010017908,1,2,0,9,0,8,2,0,0,0,4,1,6,1,37,7,124,1,12,3,1,3
2017010017908,2,19,0,9,0,8,0,0,0,0,3,1,6,1,47,8,2148,2,9,3,1,3
2017010017909,1,9,0,18,0,0,0,0,0,0,3,1,6,1,75,10,2198,2,9,10,3,10
2017010017909,2,10,0,18,0,0,0,0,0,0,3,1,1,1,52,8,2143,2,1,8,1,8
2017010017910,1,2,0,18,0,6,0,0,0,0,1,1,6,1,31,6,-1,-1,-1,1,1,1
2017010017910,2,9,0,6,0,6,1,0,0,0,4,1,6,1,22,5,1149,1,14,2,1,2
2017010017912,1,9,0,18,0,0,0,0,0,0,1,1,6,3,-1,-1,-1,-1,-1,-1,-1,-1
2017010017913,1,4,0,18,0,1,1,0,0,0,1,1,1,1,31,6,108,1,1,6,1,6
2017010017913,2,9,0,4,0,1,1,0,0,0,1,1,6,3,-1,-1,-1,-1,-1,-1,-1,-1
2017010017914,1,9,0,18,3,6,0,0,0,0,1,1,6,1,58,9,1870,2,12,5,1,5
2017010017914,2,9,0,18,0,6,1,10,0,0,1,1,2,2,19,4,1461,2,11,4,1,4
2017010017916,1,9,0,9,0,8,0,0,0,0,1,1,6,2,54,8,1396,1,18,3,1,3
2017010017916,2,1,0,18,0,1,1,0,0,0,3,1,6,1,25,5,-1,-1,-1,4,1,4
2017010017917,1,8,0,18,0,1,0,0,0,0,1,1,1,1,49,8,2664,2,16,5,1,5
2017010017917,2,9,0,5,0,8,0,0,0,0,1,1,6,2,23,5,1598,1,7,2,1,2
2017010017918,1,9,0,5,0,0,0,0,0,0,1,1,6,1,81,11,1595,1,12,3,1,3
2017010017919,1,9,0,12,0,7,1,0,4,6,1,1,6,2,24,5,1299,1,14,2,1,2
2017010017920,1,9,0,3,0,0,0,0,0,0,4,1,6,3,-1,-1,1596,1,16,-1,-1,-1
2017010017920,2,1,0,4,0,0,0,0,0,0,1,1,2,2,37,7,-1,-1,-1,4,1,4
2017010017921,1,9,0,9,0,8,0,0,0,0,1,1,6,1,35,6,1197,1,1,3,1,3
2017010017921,2,3,0,5,0,8,0,0,0,0,1,1,6,1,20,4,125,1,5,2,1,2
2017010017922,1,19,0,4,0,0,0,0,0,0,4,1,6,3,-1,-1,1995,2,1,-1,-1,-1
2017010017923,1,9,0,18,0,8,0,0,0,0,2,1,6,1,17,4,1796,1,13,1,1,1
2017010017923,2,9,0,18,0,8,0,0,0,0,1,1,6,1,37,7,1968,2,10,4,1,4
2017010017924,1,11,0,9,0,3,0,0,0,0,1,1,1,1,50,8,4500,2,1,7,1,7
2017010017925,1,9,0,9,0,8,0,0,0,0,1,1,6,2,19,4,1364,2,10,5,1,5
2017010017925,2,9,0,18,0,8,0,0,0,0,1,1,6,2,37,7,1461,2,6,3,1,3
2017010017926,1,11,0,5,0,1,0,0,0,0,0,1,1,2,48,8,6700,2,5,6,1,6
2017010017927,1,90,0,3,0,1,0,0,0,0,3,1,1,2,31,6,-1,-1,-1,-1,-1,-1
2017010017927,2,9,0,18,0,1,0,0,0,0,1,1,6,1,49,8,1461,2,2,7,1,7
2017010017927,3,8,0,9,0,1,0,0,0,0,1,1,1,1,41,7,1968,2,1,1,1,1
2017010017927,4,9,0,3,0,1,0,0,0,0,1,1,6,1,29,6,2993,2,7,5,1,5
2017010017929,1,3,0,15,0,8,0,0,0,0,3,1,1,1,26,6,125,1,8,1,1,1
2017010017929,2,8,0,18,0,8,0,0,0,0,4,1,1,1,42,7,1798,8,1,5,1,5
2017010017930,1,9,0,18,0,1,0,0,7,1,1,1,6,2,50,8,1998,2,4,1,1,1
2017010017931,1,5,0,18,0,1,0,0,0,0,4,1,2,1,40,7,645,1,8,2,1,2
2017010017931,2,9,0,9,0,6,0,0,0,0,1,2,6,1,49,8,-1,-1,-1,-1,-1,-1
2017010017933,1,9,0,9,0,2,0,0,7,0,1,1,6,1,41,7,1956,2,4,3,1,3
2017010017933,2,9,0,18,0,2,0,0,3,0,1,1,6,1,49,8,1590,1,16,4,1,4
2017010017934,1,9,0,18,9,2,0,4,1,10,1,1,6,2,44,7,1461,2,6,2,1,2
2017010017934,2,9,0,2,0,2,0,0,0,0,1,2,6,3,-1,-1,1388,1,14,-1,-1,-1
2017010017935,1,9,0,18,0,8,0,0,0,0,1,1,6,2,46,8,1390,1,13,2,1,2
2017010017938,1,3,0,18,0,1,0,0,0,0,1,1,2,1,27,6,125,1,3,4,1,4
2017010017941,1,9,0,18,0,1,0,0,0,0,3,1,6,3,-1,-1,-1,-1,-1,-1,-1,-1
2017010017943,1,9,0,7,0,2,0,10,1,10,1,1,6,2,30,6,999,1,1,5,1,5
2017010017945,1,9,0,2,9,8,0,0,0,0,2,1,6,3,-1,-1,2993,2,9,-1,-1,-1
2017010017945,2,9,0,7,9,8,0,4,7,0,1,1,6,1,37,7,1968,2,12,-1,-1,-1
2017010017946,1,9,0,18,0,8,0,0,0,0,1,1,6,1,78,11,2987,2,11,9,1,9
2017010017947,1,9,0,9,0,6,0,0,0,0,1,-1,6,1,45,7,1968,2,6,4,1,4
2017010017951,1,9,0,3,0,0,0,0,0,0,3,1,6,1,36,7,1598,2,5,10,3,10
2017010017951,2,9,0,18,0,0,0,0,0,0,3,1,6,2,42,7,1499,1,1,-1,-1,-1
2017010017951,3,8,0,3,0,0,0,0,0,0,2,1,1,1,51,8,2143,2,1,10,1,10
2017010017951,4,11,0,18,0,0,0,0,0,0,4,1,1,1,59,9,4500,2,7,5,3,5
2017010017952,1,1,0,18,0,-1,-1,-1,3,-1,-1,1,6,1,45,7,-1,-1,-1,10,1,10
2017010017952,2,9,0,7,0,-1,0,-1,0,0,-1,-1,6,1,18,4,1498,1,9,-1,-1,-1
2017010017957,1,9,-1,18,0,1,-1,-1,-1,0,2,-1,6,1,29,6,1798,8,5,5,1,5
2017010017957,2,8,-1,18,-1,-1,-1,-1,-1,-1,-1,-1,6,3,-1,-1,2499,2,10,-1,-1,-1
2017010017969,1,3,0,18,0,1,0,0,0,0,1,1,6,1,54,8,125,1,12,-1,-1,-1
2017010017972,1,1,0,18,0,6,0,0,0,0,1,1,2,1,44,7,-1,-1,-1,10,1,10
2017010017980,1,9,0,18,0,-1,0,0,0,0,-1,-1,6,3,-1,-1,-1,-1,-1,-1,-1,-1
2017010017982,1,1,-1,-1,-1,8,-1,0,0,0,-1,1,6,1,18,4,-1,-1,-1,3,1,3
2017010017987,1,19,0,18,0,8,0,0,0,0,1,1,1,1,34,6,2198,2,4,9,1,9
2017010017987,2,9,0,9,0,5,0,0,0,0,4,1,1,1,24,5,1596,1,12,2,1,2
2017010017993,1,9,0,7,0,5,0,0,0,0,2,1,1,1,26,6,-1,-1,-1,6,1,6
2017010017993,2,1,0,3,0,1,0,0,0,0,1,1,1,2,35,6,-1,-1,-1,2,1,2
2017010018029,1,2,0,18,0,4,0,0,0,0,4,1,1,1,29,6,649,1,9,3,1,3
2017010018029,2,9,0,4,6,4,0,0,0,0,2,1,1,1,49,8,1242,1,5,2,1,2
2017010018037,1,3,0,15,2,8,0,0,0,0,1,1,1,1,22,5,124,1,4,3,1,3
2017010018037,2,19,0,5,0,1,0,0,0,0,1,1,6,1,26,6,1995,2,3,2,1,2
2017010018043,1,5,0,18,0,1,0,0,0,0,4,1,6,1,46,8,998,1,11,-1,-1,-1
2017010018043,2,9,0,16,0,1,0,0,0,0,1,1,6,2,33,6,1591,1,5,2,1,2
2017010018054,1,1,0,4,0,0,0,0,0,0,2,1,6,1,30,6,-1,-1,-1,2,1,2
2017010018054,2,8,0,5,0,0,0,0,0,0,1,1,6,3,-1,-1,1797,8,7,-1,-1,-1
2017010018057,1,9,0,2,0,1,0,0,0,0,2,1,6,3,-1,-1,1398,1,2,-1,-1,-1
2017010018057,2,9,0,2,0,1,0,0,0,0,1,1,6,3,-1,-1,1595,1,2,-1,-1,-1
2017010018057,3,9,0,18,0,2,0,0,0,0,1,1,6,2,38,7,2995,1,13,9,1,9
2017010018060,1,9,0,3,0,0,0,0,0,0,2,1,1,1,41,7,1388,1,7,5,1,5
2017010018060,2,9,0,18,0,0,1,0,0,0,1,-1,6,3,-1,-1,1783,1,15,-1,-1,-1
2017010018063,1,3,0,15,0,1,5,0,0,0,3,1,6,1,20,4,124,1,11,2,1,2
2017010018063,2,8,0,7,0,5,0,0,0,0,4,1,6,1,37,7,1910,2,7,4,1,4
2017010018070,1,9,0,5,0,1,0,0,0,0,4,1,6,1,75,10,1298,1,16,5,1,5
2017010018070,2,1,0,5,0,1,0,0,0,0,3,1,6,1,58,9,-1,-1,-1,4,1,4
2017010018082,1,9,0,18,0,1,0,0,0,0,3,1,6,1,56,9,1794,1,15,5,1,5
2017010018082,2,21,1,18,0,1,0,0,0,0,4,1,6,1,67,10,12900,2,5,4,1,4
2017010018082,3,9,0,18,0,1,0,0,0,0,2,1,6,2,38,7,1968,2,3,9,1,9
2017010018082,4,21,0,18,0,1,0,0,0,0,1,1,6,1,25,5,11705,2,9,9,1,9
2017010018084,1,9,-1,-1,-1,0,-1,0,0,0,2,1,6,1,52,8,-1,-1,-1,2,1,2
2017010018084,2,9,-1,-1,-1,0,-1,-1,-1,-1,-1,1,6,1,24,5,1149,1,13,7,1,7
2017010018087,1,9,0,-1,0,1,0,0,0,0,2,-1,6,2,44,7,1998,1,14,4,1,4
2017010018087,2,9,0,-1,0,1,0,0,0,0,1,-1,6,1,-1,-1,1398,1,2,4,1,4
2017010018088,1,19,0,1,9,0,0,0,0,0,1,1,1,1,42,7,2198,2,3,2,1,2
2017010018089,1,9,0,9,0,6,0,0,0,0,1,1,1,1,39,7,-1,-1,-1,2,1,2
2017010018089,2,5,0,15,0,1,0,0,0,0,1,1,6,1,60,9,1137,1,17,7,1,7
2017010018093,1,9,0,9,0,1,0,0,0,0,3,1,1,2,45,7,1396,1,4,4,1,4
2017010018093,2,3,0,9,0,1,0,0,0,0,4,1,2,2,28,6,125,1,2,4,1,4
2017010018096,1,1,0,18,0,2,2,4,0,0,4,1,6,1,23,5,-1,-1,-1,2,1,2
2017010018096,2,9,0,2,0,2,0,0,0,0,3,1,6,3,-1,-1,1997,2,5,-1,-1,-1
2017010018099,1,4,0,15,0,0,0,0,0,0,3,1,6,1,20,4,125,1,4,2,1,2
2017010018099,2,19,0,18,0,0,0,0,0,0,4,2,1,1,33,6,2198,2,5,1,1,1
2017010018105,1,9,0,18,0,-1,0,0,0,0,-1,-1,6,3,-1,-1,1596,1,12,-1,-1,-1
2017010018106,1,1,0,-1,0,1,0,8,0,0,1,1,6,1,50,8,-1,-1,-1,10,1,10
2017010018106,2,9,0,3,0,1,0,0,0,0,3,1,6,1,31,6,2685,2,14,9,1,9
2017010018106,3,1,0,18,0,1,0,10,1,4,1,1,6,1,39,7,-1,-1,-1,9,1,9
2017010018109,1,90,0,18,0,2,0,0,0,0,1,1,1,1,36,7,5880,2,10,-1,-1,-1
2017010018111,1,9,0,2,0,-1,0,0,0,0,0,-1,6,3,-1,-1,2967,2,10,-1,-1,-1
2017010018111,2,9,-1,18,0,2,-1,0,0,0,0,-1,6,3,-1,-1,1598,1,7,-1,-1,-1
2017010018115,1,19,0,9,0,5,0,0,7,0,3,1,1,1,32,6,1968,2,1,7,1,7
2017010018115,2,3,0,14,0,8,0,0,0,0,1,1,1,1,31,6,125,1,5,4,1,4
2017010018116,1,9,0,3,0,0,0,0,0,0,0,2,6,1,17,4,998,1,1,5,2,5
2017010018116,2,19,0,18,0,0,0,0,0,0,1,2,1,1,70,10,2148,2,8,2,1,2
2017010018118,1,9,0,9,0,1,0,0,0,0,3,1,6,2,56,9,1991,2,9,1,1,1
2017010018118,2,9,0,7,0,6,0,0,0,0,1,1,6,1,32,6,1242,1,2,-1,-1,-1
2017010018119,1,4,0,18,0,0,1,0,0,0,0,1,6,1,28,6,999,1,10,5,1,5
2017010018120,1,5,0,18,2,0,5,0,0,0,1,1,1,1,58,9,670,1,5,2,1,2
2017010018121,1,9,0,3,0,1,0,0,0,0,4,1,6,2,47,8,2359,1,12,6,1,6
2017010018121,2,9,0,9,0,1,0,0,0,0,3,1,6,3,-1,-1,1399,2,14,-1,-1,-1
2017010018122,1,8,0,18,0,2,0,0,0,0,1,1,1,1,52,8,2198,2,3,6,1,6
2017010018122,2,4,0,18,0,2,0,0,0,0,1,1,6,1,21,5,125,1,1,7,1,7
2017010018123,1,9,0,3,0,0,0,0,0,0,1,1,6,1,45,7,1388,1,11,3,1,3
2017010018123,2,4,0,14,0,0,2,4,0,0,1,1,6,1,25,5,-1,-1,-1,3,1,3
2017010018124,1,9,0,18,6,7,0,4,0,0,1,1,6,1,85,11,1240,1,9,6,1,6
2017010018124,2,19,0,2,6,1,0,4,0,0,1,1,6,3,-1,-1,2287,2,9,-1,-1,-1
2017010018124,3,9,0,2,6,1,0,0,0,0,0,1,6,3,-1,-1,1389,1,23,-1,-1,-1