Accident_Index,Vehicle_Reference,Vehicle_Type,Towing_and_Articulation,Vehicle_Manoeuvre,Vehicle_Location-Restricted_Lane,Junction_Location,Skidding_and_Overturning,Hit_Object_in_Carriageway,Vehicle_Leaving_Carriageway,Hit_Object_off_Carriageway,1st_Point_of_Impact,Was_Vehicle_Left_Hand_Drive?,Journey_Purpose_of_Driver,Sex_of_Driver,Age_of_Driver,Age_Band_of_Driver,Engine_Capacity_(CC),Propulsion_Code,Age_of_Vehicle,Driver_IMD_Decile,Driver_Home_Area_Type,Vehicle_IMD_Decile
2017010018125,1,9,0,9,0,8,0,0,0,0,4,1,6,2,28,6,1240,1,10,9,2,9
2017010018125,2,9,0,18,0,8,0,0,0,0,4,1,6,1,33,6,1910,2,10,3,1,3
2017010018126,1,19,0,5,0,6,0,0,0,0,1,1,1,1,63,9,1995,2,-1,8,1,8
2017010018126,2,9,0,18,0,1,0,0,0,0,3,1,6,1,47,8,1796,1,17,-1,-1,-1
2017010018127,1,3,0,5,2,1,0,0,3,0,4,1,6,1,22,5,124,1,8,3,1,3
2017010018127,2,8,0,7,2,1,0,0,1,0,3,1,1,2,51,8,2143,2,2,2,1,2
2017010018128,1,9,0,18,0,8,0,0,0,0,2,1,6,1,43,7,2143,2,4,1,1,1
2017010018128,2,9,0,18,0,8,0,0,0,0,1,1,2,2,26,6,1999,2,2,6,1,6
2017010018128,3,9,0,18,0,8,0,0,0,0,1,1,6,1,38,7,1798,1,16,3,1,3
2017010018128,4,9,0,18,0,8,0,0,0,0,2,1,6,1,27,6,2143,2,4,6,1,6
2017010018128,5,9,0,18,0,8,0,0,0,0,1,1,6,1,23,5,1968,2,7,3,1,3
2017010018128,6,9,0,4,0,8,0,0,0,0,0,1,6,3,-1,-1,-1,-1,-1,-1,-1,-1
2017010018130,1,9,0,9,0,8,0,0,0,0,1,1,6,2,25,5,-1,-1,-1,8,1,8
2017010018130,2,9,0,18,0,8,0,0,0,0,3,1,1,1,32,6,1248,2,6,7,1,7
2017010018131,1,9,0,18,0,0,0,0,0,0,2,1,6,1,19,4,1686,2,8,7,1,7
2017010018131,2,9,0,18,0,0,0,0,0,0,2,1,6,2,51,8,1984,1,16,9,1,9
2017010018131,3,21,1,18,0,0,0,0,0,0,1,1,1,1,40,7,12580,2,13,6,1,6
2017010018134,1,1,0,18,0,1,2,0,0,0,3,1,2,1,30,6,-1,-1,-1,9,1,9
2017010018136,1,9,0,4,0,2,1,0,0,0,1,1,6,1,39,7,1994,1,11,3,1,3
2017010018136,2,9,0,16,0,1,1,0,0,0,1,1,6,1,20,4,1198,1,4,6,1,6
2017010018137,1,9,0,18,0,0,0,0,0,0,2,1,6,1,28,6,1796,1,10,9,3,9
2017010018137,2,9,0,17,0,0,0,0,0,0,1,1,6,2,21,5,998,1,10,3,1,3
2017010018138,1,9,0,7,0,8,0,0,0,0,2,1,6,1,43,7,2494,1,18,4,1,4
2017010018138,2,1,0,18,0,1,0,0,0,0,3,1,2,1,24,5,-1,-1,-1,7,1,7
2017010018139,1,3,0,3,0,1,0,0,0,0,3,1,6,1,24,5,124,1,3,2,1,2
2017010018139,2,9,0,5,0,1,0,0,0,0,4,1,6,1,74,10,-1,-1,-1,2,1,2
2017010018140,1,9,0,9,0,5,0,0,0,0,4,1,6,3,-1,-1,-1,-1,-1,-1,-1,-1
2017010018140,2,1,0,18,0,8,0,0,0,0,1,1,6,2,19,4,-1,-1,-1,-1,-1,-1
2017010018142,1,8,0,12,6,2,0,0,0,0,0,1,1,1,44,7,2499,2,8,9,2,9
2017010018142,2,3,0,13,0,2,1,0,0,0,0,1,1,1,27,6,125,1,6,1,1,1
2017010018148,1,9,0,18,0,2,0,0,1,0,1,1,6,1,36,7,2497,1,10,7,1,7
2017010018151,1,3,0,14,0,1,1,0,0,0,4,1,6,1,18,4,125,1,1,3,1,3
2017010018151,2,9,0,5,0,2,0,0,0,0,3,1,6,1,52,8,1598,1,16,5,1,5
2017010018152,1,9,0,17,0,1,0,0,0,0,3,1,6,1,28,6,1956,2,4,1,1,1
2017010018152,2,9,0,17,0,1,1,0,0,0,4,1,6,1,23,5,2993,2,1,6,1,6
2017010018153,1,9,0,18,0,8,0,0,0,0,4,1,6,1,60,9,2687,1,10,8,1,8
2017010018153,2,9,0,18,0,8,0,0,0,0,2,1,6,1,30,6,1783,1,16,4,1,4
2017010018153,3,9,0,15,0,8,0,0,0,0,1,1,6,1,33,6,1329,1,7,3,1,3
2017010018156,1,4,0,4,0,2,5,0,0,0,3,1,6,1,36,7,125,1,3,3,1,3
2017010018159,1,9,0,9,0,8,0,0,0,0,1,1,6,1,20,4,1598,1,4,4,1,4
2017010018159,2,8,0,18,0,8,0,0,0,0,3,1,1,1,43,7,1995,2,10,3,1,3
2017010018163,1,9,0,18,0,2,0,0,0,0,1,1,2,1,50,8,1560,2,5,2,1,2
2017010018164,1,9,0,-1,0,-1,0,0,0,0,2,-1,6,1,33,6,1598,2,3,7,1,7
2017010018164,2,9,0,-1,0,-1,0,0,0,0,1,-1,6,1,-1,-1,1600,1,13,2,1,2
2017010018169,1,4,0,4,0,1,0,0,0,0,3,1,2,1,56,9,647,1,18,2,1,2
2017010018169,2,9,0,3,0,1,0,0,0,0,3,1,2,1,55,8,1560,2,6,5,1,5
2017010018169,3,9,0,4,0,1,0,0,0,0,4,1,6,1,23,5,1598,2,1,1,1,1
2017010018170,1,9,-1,18,-1,8,0,0,0,0,1,1,6,2,-1,-1,-1,-1,-1,-1,-1,-1
2017010018170,2,1,0,-1,-1,8,-1,0,0,0,4,1,6,1,57,9,-1,-1,-1,10,1,10
2017010018175,1,9,0,18,-1,4,0,-1,-1,0,-1,-1,6,1,19,4,1197,1,-1,5,1,5
2017010018175,2,9,0,-1,-1,5,0,-1,-1,-1,-1,-1,6,1,18,4,1390,1,16,-1,-1,-1
2017010018182,1,8,0,8,-1,7,0,0,0,0,1,-1,1,1,18,4,-1,-1,-1,-1,-1,-1
2017010018186,1,9,0,18,0,0,0,0,0,0,3,1,2,2,33,6,1229,1,4,2,1,2
2017010018186,2,4,0,18,0,0,0,0,0,0,1,1,2,1,33,6,124,1,1,4,1,4
2017010018219,1,9,-1,3,0,-1,-1,0,0,0,2,-1,6,1,21,5,1968,2,11,3,1,3
2017010018219,2,19,-1,18,0,-1,-1,0,0,0,1,-1,6,1,-1,-1,1461,2,4,9,1,9
2017010018228,1,9,-1,18,0,8,1,0,1,10,4,-1,2,2,25,5,1598,1,10,-1,-1,-1
2017010018228,2,19,0,18,0,8,0,-1,0,0,1,-1,6,1,-1,-1,1870,2,12,-1,-1,-1
2017010018232,1,9,0,11,0,0,0,0,0,0,4,1,2,2,36,7,1596,1,8,7,1,7
2017010018232,2,5,0,18,0,0,2,0,0,0,3,1,2,1,38,7,649,1,3,2,1,2
2017010018236,1,9,-1,18,0,8,-1,0,0,0,2,-1,6,1,24,5,1198,1,1,6,1,6
2017010018246,1,9,0,9,0,6,0,0,0,0,1,1,6,1,45,7,1798,8,5,2,1,2
2017010018246,2,5,0,18,0,1,5,0,0,0,1,1,2,1,31,6,670,1,4,7,1,7
2017010018247,1,9,-1,9,0,-1,0,0,0,0,3,-1,6,1,18,4,1587,1,11,2,1,2
2017010018247,2,9,-1,-1,0,-1,0,-1,0,0,-1,-1,6,1,18,4,-1,-1,-1,-1,-1,-1
2017010018250,1,5,0,18,0,0,0,0,0,0,2,1,6,1,49,8,749,1,6,2,1,2
2017010018250,2,19,0,-1,0,0,0,0,0,0,1,1,6,3,-1,-1,1968,2,3,-1,-1,-1
2017010018251,1,9,0,9,0,1,0,0,0,0,1,1,3,2,30,6,1364,2,9,5,1,5
2017010018254,1,9,0,4,0,1,0,0,0,0,1,1,2,1,37,7,1995,2,11,9,3,9
2017010018255,1,19,0,7,0,2,0,0,0,0,1,1,6,3,-1,-1,-1,-1,-1,-1,-1,-1
2017010018262,1,9,0,18,0,1,0,7,0,0,4,1,1,1,40,7,-1,-1,-1,1,1,1
2017010018262,2,9,0,5,0,2,0,0,0,0,1,1,6,1,46,8,-1,-1,-1,7,1,7
2017010018265,1,90,-1,-1,0,-1,-1,-1,-1,-1,-1,1,6,3,-1,-1,-1,-1,-1,-1,-1,-1
2017010018269,1,9,0,-1,0,0,0,0,0,0,2,-1,6,2,39,7,1396,1,8,-1,-1,-1
2017010018269,2,9,0,-1,0,0,0,0,0,0,1,-1,6,1,-1,-1,1199,1,4,4,1,4
2017010018269,3,9,0,-1,0,0,0,0,0,0,2,-1,6,1,-1,-1,995,1,9,-1,-1,-1
2017010018269,4,9,0,-1,0,0,0,0,0,0,2,-1,6,2,-1,-1,1794,1,13,-1,-1,-1
2017010018270,1,9,0,4,0,0,0,0,0,0,2,1,6,2,56,9,1246,1,13,10,1,10
2017010018270,2,9,0,18,0,0,0,0,0,0,1,1,6,3,-1,-1,1364,1,2,-1,-1,-1
2017010018276,1,19,0,1,0,1,0,0,0,0,2,1,1,1,24,5,-1,-1,-1,3,1,3
2017010018276,2,1,0,3,0,1,0,0,0,0,1,1,2,2,55,8,-1,-1,-1,5,1,5
2017010018278,1,9,0,18,0,0,1,0,0,0,1,1,6,2,53,8,1198,1,7,7,1,7
2017010018278,2,9,0,2,0,0,0,0,0,0,0,1,6,3,-1,-1,1984,1,8,-1,-1,-1
2017010018287,1,9,0,18,9,0,0,0,7,0,3,1,6,3,-1,-1,2231,2,11,-1,-1,-1
2017010018287,2,9,0,2,9,0,0,0,0,0,4,1,6,3,-1,-1,2143,2,4,-1,-1,-1
2017010018296,1,9,0,11,0,2,0,0,0,0,1,1,2,1,24,5,-1,-1,-1,8,1,8
2017010018296,2,9,0,7,0,2,0,0,0,0,1,1,2,2,41,7,1560,2,4,10,1,10
2017010018313,1,1,0,18,0,-1,0,8,0,0,1,1,2,2,23,5,-1,-1,-1,9,1,9
2017010018318,1,9,0,9,0,0,0,0,0,0,3,1,6,3,-1,-1,-1,-1,-1,-1,-1,-1
2017010018318,2,3,0,14,0,0,0,0,0,0,1,1,1,1,30,6,125,1,9,4,1,4
2017010018319,1,9,0,7,5,1,0,0,0,0,1,1,6,2,44,7,1794,1,13,1,1,1
2017010018319,2,1,5,18,5,1,0,0,0,0,1,1,2,1,23,5,-1,-1,-1,4,1,4
2017010018322,1,9,0,18,0,2,0,0,0,0,4,1,6,2,43,7,998,1,17,6,1,6
2017010018322,2,1,0,18,0,1,0,0,0,0,1,1,1,1,44,7,-1,-1,-1,9,1,9
2017010018325,1,9,0,3,0,2,0,0,0,0,2,1,6,1,57,9,1797,8,4,-1,-1,-1
2017010018325,2,9,0,18,0,2,0,0,0,0,1,1,6,3,-1,-1,1795,8,4,-1,-1,-1
2017010018329,1,9,0,9,0,5,0,0,0,0,1,1,6,1,34,6,1598,2,7,9,2,9
2017010018329,2,9,0,18,0,1,1,0,0,0,1,1,6,2,28,6,1685,2,2,9,1,9
2017010018330,1,11,0,9,0,0,0,0,0,0,1,1,1,2,58,9,4500,2,-1,1,1,1
2017010018331,1,11,0,4,2,1,0,0,0,0,4,1,1,1,66,10,4461,2,3,2,1,2
2017010018337,1,3,0,18,2,1,0,0,0,0,1,1,6,1,55,8,-1,-1,-1,1,1,1
2017010018342,1,11,0,5,0,1,0,0,0,0,0,1,1,1,25,5,4500,2,1,8,1,8
2017010018342,2,8,0,18,0,8,0,0,0,0,0,2,6,3,-1,-1,2143,12,2,-1,-1,-1
2017010018343,1,11,0,7,0,8,0,0,0,0,1,1,1,1,34,6,5132,2,3,4,1,4
2017010018347,1,19,0,9,0,1,1,0,0,0,3,1,2,1,65,9,2198,2,2,9,1,9
2017010018347,2,9,0,18,0,1,1,0,0,0,1,1,6,2,26,6,1896,2,16,7,1,7
2017010018353,1,9,0,18,0,1,0,0,0,0,0,2,1,2,51,8,2143,2,2,2,1,2
2017010018353,2,1,0,18,0,1,5,0,0,0,0,1,2,1,45,7,-1,-1,-1,-1,-1,-1
2017010018356,1,11,0,9,0,2,0,0,0,0,0,1,1,1,29,6,7300,2,14,3,1,3
2017010018357,1,19,0,18,0,1,0,0,0,0,0,1,1,2,42,7,1248,2,3,2,1,2
2017010018357,2,4,0,18,0,1,0,0,0,0,0,1,2,1,29,6,125,1,10,2,1,2
2017010018359,1,11,0,5,2,1,0,0,0,0,0,1,6,1,58,9,4500,2,8,4,1,4
2017010018360,1,11,0,5,0,2,0,0,0,0,4,1,1,1,55,8,4500,2,2,2,1,2
2017010018360,2,9,0,5,0,6,0,0,0,0,3,1,6,2,44,7,1339,1,10,2,1,2
2017010018366,1,1,0,5,0,2,0,0,4,0,0,1,6,1,22,5,-1,-1,-1,6,1,6
2017010018366,2,11,0,17,0,2,0,0,0,0,0,1,1,1,64,9,4461,2,4,6,1,6
2017010018367,1,9,0,18,0,1,0,0,0,0,3,1,6,3,-1,-1,-1,-1,-1,-1,-1,-1
2017010018369,1,9,0,5,0,8,0,0,0,0,4,1,6,1,44,7,1997,1,10,1,1,1
2017010018369,2,11,0,5,0,8,0,0,0,0,3,1,1,1,47,8,4760,2,4,4,1,4
2017010018370,1,9,0,9,0,5,0,0,7,0,4,2,6,1,32,6,-1,-1,-1,7,1,7
2017010018370,2,1,0,18,0,2,0,0,0,0,1,1,6,1,26,6,-1,-1,-1,2,1,2
2017010018371,1,9,0,9,0,5,0,0,0,0,1,1,6,2,53,8,1388,1,12,1,1,1
2017010018371,2,3,0,18,0,8,0,0,0,0,1,1,6,1,24,5,-1,-1,-1,3,1,3
2017010018372,1,9,0,7,0,8,0,0,0,0,2,1,6,1,74,10,1598,1,17,5,1,5
2017010018372,2,1,0,18,0,8,0,0,0,0,1,1,6,2,48,8,-1,-1,-1,6,1,6
2017010018373,1,9,0,18,0,2,0,0,0,0,1,1,2,1,51,8,1998,1,13,4,1,4
2017010018374,1,9,0,3,0,1,0,0,0,0,2,1,2,2,30,6,1598,1,5,4,1,4
2017010018374,2,9,0,18,0,2,0,0,0,0,3,1,6,1,23,5,1995,1,11,9,1,9
2017010018374,3,9,0,18,0,1,0,0,0,0,3,1,6,1,26,6,1240,1,13,8,1,8
2017010018375,1,9,0,9,0,1,0,0,0,0,1,1,6,1,51,8,1360,1,22,1,1,1
2017010018376,1,9,0,7,8,1,0,0,0,0,1,1,6,1,70,10,898,1,4,3,1,3
2017010018376,2,1,0,18,9,1,0,0,0,0,1,1,2,1,46,8,-1,-1,-1,4,1,4
2017010018377,1,9,0,7,0,1,0,0,0,0,1,1,6,2,40,7,2993,2,8,9,1,9
2017010018377,2,1,0,15,0,1,0,0,0,0,3,1,2,1,52,8,-1,-1,-1,7,1,7
2017010018378,1,9,0,18,0,0,0,0,0,0,2,1,6,1,27,6,1560,2,8,6,1,6
2017010018378,2,9,0,18,0,0,0,0,0,0,1,1,6,1,32,6,1968,2,2,10,1,10
2017010018379,1,9,0,18,0,1,0,0,0,0,3,1,1,1,32,6,1399,1,1,3,1,3
2017010018380,1,11,0,5,3,0,0,0,0,0,0,1,1,1,46,8,6692,2,4,-1,-1,-1
2017010018382,1,9,0,18,0,1,0,0,0,0,1,1,1,1,46,8,1497,8,9,2,1,2
2017010018382,2,3,0,9,0,8,0,0,0,0,1,1,6,1,28,6,-1,-1,-1,2,1,2
2017010018383,1,9,0,5,0,1,0,0,0,0,0,1,2,1,25,5,1598,1,13,4,1,4
2017010018383,2,1,0,4,0,1,5,0,0,0,0,1,2,2,52,8,-1,-1,-1,-1,-1,-1
2017010018384,1,9,0,3,0,1,0,0,0,0,2,1,6,1,41,7,2183,2,6,4,1,4
2017010018384,2,9,0,4,0,1,0,0,0,0,1,1,6,1,19,4,1496,2,2,3,1,3
2017010018385,1,8,0,3,0,1,0,0,0,0,1,1,1,1,46,8,1339,8,7,4,1,4
2017010018385,2,9,0,9,0,1,0,0,0,0,1,1,6,1,21,5,2497,2,12,5,1,5
2017010018387,1,9,0,18,0,1,0,0,0,0,1,1,6,2,32,6,1796,1,18,7,1,7
2017010018387,2,9,0,18,0,1,0,0,0,0,0,1,6,1,60,9,2993,2,-1,7,1,7
2017010018389,1,9,0,18,0,1,0,0,0,0,3,1,1,2,28,6,1968,2,2,4,1,4
2017010018389,2,9,0,18,0,1,0,0,0,0,1,1,6,2,21,5,1386,1,10,3,1,3
2017010018390,1,9,0,17,6,0,1,0,1,7,1,1,6,1,61,9,1796,7,15,10,1,10
2017010018391,1,9,0,5,0,2,0,0,0,0,1,1,6,2,22,5,1248,2,10,4,1,4
2017010018392,1,9,0,18,0,0,0,0,0,0,4,1,6,3,-1,-1,-1,-1,-1,-1,-1,-1
2017010018393,1,9,0,10,0,6,0,0,0,0,1,1,6,2,28,6,1364,1,10,5,1,5
2017010018393,2,9,0,18,0,1,0,0,0,0,3,1,6,1,38,7,1984,1,16,8,1,8
2017010018394,1,10,0,5,0,8,0,0,0,0,1,1,1,1,36,7,-1,-1,-1,2,1,2
2017010018394,2,9,0,18,0,8,0,0,0,0,1,1,1,1,34,6,2993,2,1,-1,-1,-1
2017010018396,1,19,0,18,0,8,1,10,1,7,3,1,6,1,31,6,2198,2,1,-1,-1,-1
2017010018396,2,9,0,18,0,8,0,0,0,0,1,1,6,1,26,6,1686,2,6,3,1,3
2017010018396,3,9,0,10,0,8,0,0,0,0,1,1,6,1,44,7,1390,1,14,4,1,4
2017010018397,1,9,0,9,0,2,0,0,0,0,1,1,6,1,38,7,1798,8,4,2,1,2
2017010018399,1,9,0,18,0,0,0,0,4,6,1,1,6,1,23,5,1995,2,9,2,1,2
2017010018401,1,9,0,9,0,5,0,0,0,0,1,1,6,3,-1,-1,-1,-1,-1,-1,-1,-1
2017010018402,1,9,0,18,0,2,0,0,0,0,1,1,6,2,17,4,1198,2,7,7,1,7
2017010018403,1,3,0,18,0,8,0,0,0,0,1,1,6,1,28,6,108,1,5,2,1,2
2017010018403,2,9,0,18,0,8,0,0,0,0,2,1,6,1,42,7,2967,2,7,1,1,1
2017010018404,1,9,0,16,0,7,1,0,0,0,3,1,6,1,27,6,1910,2,9,3,1,3
2017010018404,2,19,0,18,0,1,0,0,0,0,1,1,1,1,44,7,1995,2,5,3,1,3
2017010018407,1,3,0,18,0,2,0,0,0,0,1,1,1,1,24,5,125,1,5,1,1,1
2017010018410,1,1,0,7,4,1,-1,0,0,0,0,1,2,1,41,7,-1,-1,-1,4,1,4
2017010018410,2,9,-1,-1,-1,-1,0,-1,-1,-1,-1,-1,6,3,-1,-1,-1,-1,-1,-1,-1,-1
2017010018422,1,19,0,18,0,0,0,0,0,0,3,1,6,1,28,6,2198,2,1,3,1,3
2017010018422,2,9,0,18,0,0,0,0,0,0,1,1,6,1,23,5,2616,1,13,2,1,2
2017010018427,1,1,-1,18,0,8,-1,-1,-1,-1,-1,1,6,1,27,6,-1,-1,-1,2,1,2
2017010018429,1,9,0,6,0,0,0,0,0,0,1,1,6,2,18,4,-1,-1,-1,-1,-1,-1
2017010018429,2,3,0,18,0,0,0,0,0,0,1,1,6,1,18,4,330,1,4,10,1,10
2017010018431,1,1,0,18,0,0,0,0,0,0,1,1,6,1,15,3,-1,-1,-1,7,1,7
2017010018438,1,9,0,9,0,1,0,0,0,0,3,1,6,1,32,6,2171,1,13,4,1,4
2017010018438,2,9,0,5,0,1,0,0,0,0,1,1,6,1,29,6,1896,2,13,2,1,2
2017010018441,1,9,-1,-1,0,-1,-1,-1,-1,-1,2,-1,6,1,33,6,-1,-1,-1,3,1,3
2017010018441,2,19,-1,-1,0,-1,-1,-1,-1,-1,-1,-1,6,3,-1,-1,2198,2,2,-1,-1,-1
2017010018458,1,3,-1,-1,-1,-1,-1,-1,-1,-1,-1,1,6,1,22,5,124,1,3,1,1,1
2017010018458,2,19,-1,5,-1,-1,-1,-1,-1,-1,-1,-1,6,1,39,7,1870,2,11,3,1,3
2017010018470,1,9,-1,-1,-1,-1,-1,-1,-1,-1,-1,-1,6,1,42,7,2987,2,2,3,1,3
2017010018470,2,9,-1,-1,-1,-1,-1,-1,-1,-1,-1,-1,6,1,27,6,1390,1,6,4,1,4
2017010018475,1,19,0,10,0,1,0,0,0,0,3,1,1,1,60,9,2198,2,5,4,1,4
2017010018475,2,9,0,18,0,1,0,0,0,0,1,1,2,2,53,8,1422,2,9,7,1,7
2017010018480,1,3,0,18,0,8,0,0,0,0,3,1,2,1,32,6,125,1,6,3,1,3
2017010018480,2,20,0,7,0,8,0,0,0,0,4,1,1,1,40,7,4500,2,2,8,1,8
2017010018482,1,1,0,18,0,1,5,0,1,0,1,1,6,1,38,7,-1,-1,-1,4,1,4
2017010018482,2,9,0,5,0,6,0,0,0,0,4,-1,6,1,27,6,1598,1,12,2,1,2
2017010018485,1,3,0,7,0,8,0,0,0,0,3,1,1,1,50,8,108,1,1,2,1,2
2017010018485,2,1,0,18,0,8,2,0,0,0,4,1,6,1,40,7,-1,-1,-1,7,1,7
2017010018494,1,9,0,18,0,2,0,0,0,0,1,1,6,1,48,8,1596,1,8,4,1,4
2017010018494,2,9,0,6,0,2,0,0,0,0,3,1,6,1,-1,-1,1497,1,15,3,1,3
2017010018499,1,3,0,13,0,0,0,0,0,0,1,1,2,1,32,6,124,1,9,8,1,8
2017010018499,2,9,0,12,0,0,0,0,0,0,2,-1,6,1,18,4,-1,-1,-1,-1,-1,-1
2017010018502,1,1,-1,18,-1,-1,-1,-1,-1,-1,-1,1,6,1,46,8,-1,-1,-1,1,1,1
2017010018502,2,9,-1,-1,-1,-1,-1,-1,-1,-1,-1,-1,6,1,-1,-1,1598,1,7,-1,-1,-1
2017010018517,1,9,0,4,0,8,0,0,0,0,1,1,6,1,42,7,1360,1,12,5,1,5
2017010018517,2,9,0,5,0,8,0,0,0,0,3,1,6,1,38,7,2993,2,1,7,1,7
2017010018521,1,9,0,9,0,1,0,0,0,0,1,1,6,1,43,7,2354,1,13,4,1,4
2017010018534,1,9,0,8,0,1,0,0,0,0,4,1,6,1,71,10,2497,1,15,3,1,3
2017010018534,2,1,0,4,0,8,1,0,0,0,4,1,6,1,25,5,-1,-1,-1,-1,-1,-1
2017010018535,1,1,-1,18,0,1,-1,0,0,0,1,1,6,1,40,7,-1,-1,-1,3,1,3
2017010018536,1,11,-1,5,2,0,0,0,0,0,0,-1,1,1,-1,-1,8268,2,14,-1,-1,-1
2017010018550,1,9,0,9,0,1,0,0,0,0,1,1,6,2,27,6,1796,1,18,7,1,7
2017010018550,2,9,0,18,0,1,0,0,0,0,1,1,6,1,66,10,2000,2,6,8,1,8
2017010018559,1,11,0,4,0,1,0,0,0,0,0,1,1,2,44,7,3900,2,11,4,1,4
2017010018560,1,9,0,4,0,0,0,0,0,0,2,1,6,2,45,7,1597,1,8,8,1,8
2017010018560,2,8,0,4,0,0,0,0,0,0,1,1,1,1,54,8,2402,2,14,10,1,10
2017010018564,1,1,-1,18,0,-1,-1,-1,-1,-1,-1,1,6,1,43,7,-1,-1,-1,4,1,4
2017010018564,2,9,-1,-1,-1,-1,-1,-1,-1,-1,-1,-1,6,1,-1,-1,1497,1,12,4,1,4
2017010018566,1,9,0,1,0,0,0,4,0,0,2,1,1,1,59,9,1560,2,3,5,1,5
2017010018566,2,9,0,2,0,0,0,0,0,0,1,1,6,3,-1,-1,1968,2,6,-1,-1,-1
2017010018566,3,9,0,2,0,0,0,0,0,0,2,1,6,3,-1,-1,2306,1,52,-1,-1,-1
2017010018566,4,19,0,2,0,0,0,0,0,0,3,1,6,3,-1,-1,2198,2,1,-1,-1,-1
2017010018566,5,19,0,2,0,0,0,0,0,0,2,1,6,3,-1,-1,2402,2,15,-1,-1,-1
2017010018568,1,9,0,3,0,1,0,0,0,0,2,1,6,2,51,8,1598,1,14,3,1,3
2017010018568,2,9,0,18,0,1,0,0,0,0,1,1,6,1,44,7,1396,1,14,1,1,1
2017010018576,1,2,0,13,0,8,2,0,0,0,1,1,6,1,26,6,125,1,4,5,1,5
2017010018576,2,10,0,9,0,8,0,0,0,0,1,1,6,1,72,10,1998,2,11,1,1,1
2017010018578,1,9,0,3,0,1,0,0,0,0,2,1,6,1,52,8,1598,1,15,7,1,7
2017010018578,2,1,0,15,0,1,0,0,0,0,1,1,6,2,44,7,-1,-1,-1,10,1,10
2017010018580,1,9,0,7,0,6,0,0,0,0,1,1,6,1,50,8,1796,1,18,6,1,6
2017010018580,2,1,0,5,0,6,0,0,0,0,3,1,6,1,14,3,-1,-1,-1,-1,-1,-1
2017010018599,1,9,0,18,0,1,0,0,0,0,1,1,6,1,63,9,1086,1,12,8,1,8
2017010018600,1,9,0,7,0,2,0,0,0,0,3,1,6,1,37,7,2400,2,7,3,1,3
2017010018600,2,3,0,14,0,1,0,0,0,0,1,1,6,1,24,5,124,1,3,3,1,3
2017010018603,1,3,0,5,0,8,1,0,0,0,1,1,2,1,48,8,-1,-1,-1,6,1,6
2017010018608,1,2,0,18,0,0,0,0,0,0,1,1,6,1,58,9,124,1,13,1,1,1
2017010018618,1,9,0,3,0,1,0,0,0,0,2,1,2,1,30,6,1242,1,9,2,1,2
2017010018618,2,1,0,5,0,1,0,0,0,0,1,1,2,1,38,7,-1,-1,-1,4,1,4
2017010018625,1,9,0,9,0,8,0,0,0,0,4,1,6,1,44,7,1400,1,12,5,1,5
2017010018625,2,19,0,18,0,8,0,0,0,0,1,1,6,1,53,8,-1,-1,-1,4,1,4
2017010018630,1,3,0,18,0,1,0,0,0,0,1,1,6,1,46,8,125,1,5,8,1,8
2017010018630,2,9,0,10,0,8,0,0,0,0,2,1,6,2,53,8,1395,1,1,7,1,7
2017010018631,1,5,0,4,0,8,5,0,1,0,1,1,6,1,34,6,865,1,10,3,1,3
2017010018631,2,9,0,13,0,1,5,0,0,0,1,1,6,3,-1,-1,1596,1,16,-1,-1,-1
2017010018632,1,9,0,18,0,8,0,0,0,0,0,1,6,1,30,6,1390,1,10,6,1,6
2017010018632,2,21,0,3,0,8,0,0,0,0,0,1,1,1,52,8,6871,2,1,8,1,8
2017010018633,1,1,0,18,0,2,0,0,0,0,1,1,2,1,40,7,-1,-1,-1,4,1,4
2017010018635,1,9,0,9,0,8,0,0,0,0,1,1,6,1,19,4,1598,1,11,9,1,9
2017010018635,2,4,0,18,0,1,0,0,0,0,2,1,6,1,45,7,125,1,1,-1,-1,-1
2017010018636,1,9,0,11,0,1,0,0,0,0,4,1,6,1,42,7,2993,2,1,-1,-1,-1
2017010018636,2,1,0,18,0,1,0,0,0,0,1,1,6,1,38,7,-1,-1,-1,5,1,5
2017010018637,1,9,0,18,0,0,0,0,0,0,2,1,6,1,52,8,4999,1,8,2,1,2
2017010018637,2,9,0,18,0,0,0,0,0,0,2,1,6,1,46,8,1368,1,6,1,1,1
2017010018637,3,9,0,18,0,0,0,0,0,0,1,1,6,1,59,9,1596,1,15,3,1,3
2017010018638,1,11,0,16,2,8,0,0,0,0,0,1,1,1,63,9,4760,2,4,6,1,6
2017010018639,1,9,0,3,0,1,0,0,0,0,4,1,6,3,-1,-1,-1,-1,-1,-1,-1,-1
2017010018639,2,1,0,15,0,1,0,0,0,0,1,1,6,1,27,6,-1,-1,-1,4,1,4
2017010018641,1,9,0,5,0,8,0,0,0,0,1,1,6,1,36,7,1400,1,11,8,1,8
2017010018642,1,11,0,6,0,0,0,0,0,0,3,1,1,1,43,7,4461,2,4,3,1,3
2017010018642,2,3,0,18,0,0,2,0,0,0,1,1,6,1,57,9,125,1,1,7,1,7
2017010018643,1,8,0,13,0,1,0,0,0,0,4,1,1,1,47,8,1798,8,1,2,1,2
2017010018643,2,3,0,18,0,1,0,0,0,0,3,1,1,1,34,6,108,1,3,1,1,1
2017010018644,1,3,0,18,0,0,2,0,0,0,0,1,2,1,23,5,125,1,1,7,1,7
2017010018645,1,9,0,18,0,8,0,0,0,0,1,1,1,1,33,6,-1,-1,-1,3,1,3
2017010018645,2,9,0,18,9,6,0,0,1,0,3,1,6,1,46,8,-1,-1,-1,2,1,2