Accident_Index,Vehicle_Reference,Vehicle_Type,Towing_and_Articulation,Vehicle_Manoeuvre,Vehicle_Location-Restricted_Lane,Junction_Location,Skidding_and_Overturning,Hit_Object_in_Carriageway,Vehicle_Leaving_Carriageway,Hit_Object_off_Carriageway,1st_Point_of_Impact,Was_Vehicle_Left_Hand_Drive?,Journey_Purpose_of_Driver,Sex_of_Driver,Age_of_Driver,Age_Band_of_Driver,Engine_Capacity_(CC),Propulsion_Code,Age_of_Vehicle,Driver_IMD_Decile,Driver_Home_Area_Type,Vehicle_IMD_Decile
2017010020120,1,1,0,18,0,2,0,0,0,0,1,1,6,1,51,8,-1,-1,-1,7,1,7
2017010020120,2,9,0,-1,0,1,0,0,0,0,1,-1,6,2,45,7,1596,1,10,6,1,6
2017010020124,1,9,-1,3,0,1,-1,0,0,0,1,-1,6,1,40,7,1995,1,11,2,1,2
2017010020124,2,9,-1,1,0,1,-1,0,0,0,2,-1,6,1,-1,-1,1798,8,4,-1,-1,-1
2017010020127,1,9,0,3,0,8,0,0,0,0,2,-1,6,1,37,7,647,8,1,5,1,5
2017010020127,2,1,0,18,0,8,0,0,0,0,1,1,6,1,-1,-1,-1,-1,-1,6,1,6
2017010020132,1,8,0,5,8,2,0,0,1,0,0,1,6,3,-1,-1,-1,-1,-1,-1,-1,-1
2017010020142,1,9,-1,-1,-1,-1,-1,-1,-1,-1,-1,-1,6,1,57,9,1769,1,14,3,1,3
2017010020142,2,9,-1,-1,-1,-1,-1,-1,-1,-1,-1,-1,6,2,28,6,1399,2,5,7,1,7
2017010020148,1,9,-1,3,0,1,-1,0,0,0,2,-1,6,1,32,6,2204,2,10,3,1,3
2017010020148,2,9,-1,4,-1,1,-1,0,0,0,1,-1,6,1,-1,-1,1596,1,12,-1,-1,-1
2017010020149,1,1,0,18,4,1,5,0,0,0,1,1,6,1,48,8,-1,-1,-1,5,1,5
2017010020149,2,9,0,7,0,8,0,0,0,0,2,1,6,3,-1,-1,-1,-1,-1,-1,-1,-1
2017010020171,1,9,0,7,0,1,0,0,0,0,3,1,6,1,28,6,1968,2,7,4,1,4
2017010020171,2,8,-1,7,0,1,-1,0,0,0,4,-1,6,3,-1,-1,2402,2,12,-1,-1,-1
2017010020177,1,9,0,5,0,2,0,0,0,0,4,1,6,3,-1,-1,-1,-1,-1,-1,-1,-1
2017010020182,1,9,-1,-1,-1,0,-1,-1,-1,-1,-1,-1,6,1,-1,-1,-1,-1,-1,-1,-1,-1
2017010020183,1,9,0,18,0,2,0,0,1,1,3,1,6,2,30,6,1596,1,5,10,1,10
2017010020183,2,19,0,6,0,1,0,0,0,0,1,1,1,1,24,5,2402,2,6,3,1,3
2017010020186,1,3,0,4,3,1,2,0,0,0,0,1,2,1,43,7,-1,-1,-1,8,1,8
2017010020186,2,9,0,10,0,1,0,0,0,0,0,2,1,2,49,8,1798,8,1,3,1,3
2017010020189,1,9,0,-1,0,1,0,-1,0,0,2,-1,6,2,26,6,1794,1,12,6,1,6
2017010020189,2,9,-1,-1,0,1,-1,-1,0,0,1,-1,6,2,-1,-1,2993,2,2,-1,-1,-1
2017010020193,1,9,-1,18,-1,-1,-1,-1,-1,-1,-1,-1,6,1,24,5,1368,1,9,4,1,4
2017010020195,1,3,0,3,0,5,1,0,0,0,1,1,2,1,34,6,125,1,2,5,1,5
2017010020195,2,20,0,3,0,8,0,0,0,0,1,1,1,1,39,7,12902,2,1,6,2,6
2017010020197,1,9,0,3,0,1,0,0,0,0,2,1,1,1,46,8,1598,2,3,2,1,2
2017010020197,2,9,0,18,0,1,0,4,0,0,1,1,6,1,60,9,1995,2,9,4,1,4
2017010020201,1,9,0,18,0,0,0,0,0,0,1,1,1,2,34,6,1596,1,4,4,1,4
2017010020201,2,9,0,18,0,0,0,0,0,0,0,1,6,1,42,7,-1,-1,-1,-1,-1,-1
2017010020213,1,9,0,18,0,1,0,0,0,0,1,1,2,2,56,9,1668,1,16,10,1,10
2017010020218,1,1,0,3,0,8,0,0,0,0,3,1,6,1,-1,-1,-1,-1,-1,2,1,2
2017010020229,1,19,0,5,0,6,0,0,0,0,1,1,1,1,31,6,-1,-1,-1,1,1,1
2017010020229,2,3,0,7,0,5,0,0,0,0,1,1,6,1,29,6,125,1,4,-1,-1,-1
2017010020232,1,9,0,7,0,5,0,0,0,0,3,1,6,1,-1,-1,1600,1,13,3,1,3
2017010020233,1,9,0,7,0,5,0,0,0,0,4,1,1,2,24,5,1329,1,2,3,1,3
2017010020234,1,9,0,5,0,0,0,4,0,0,3,2,6,1,78,11,996,1,7,2,1,2
2017010020234,2,9,0,2,0,0,0,0,0,0,0,1,6,3,-1,-1,2231,2,12,-1,-1,-1
2017010020246,1,11,0,13,0,8,0,0,0,0,0,1,1,1,40,7,5132,2,2,3,1,3
2017010020246,2,19,0,13,0,8,0,0,0,0,0,1,6,3,-1,-1,-1,-1,-1,-1,-1,-1
2017010020253,1,9,-1,3,0,0,-1,0,0,0,-1,-1,6,3,-1,-1,-1,-1,-1,-1,-1,-1
2017010020256,1,9,0,18,0,1,0,0,1,0,1,1,2,2,40,7,1242,1,1,7,2,7
2017010020257,1,9,0,5,0,1,0,0,0,0,1,1,6,3,-1,-1,-1,-1,-1,-1,-1,-1
2017010020263,1,9,0,18,0,0,0,0,0,0,2,1,3,2,37,7,2993,2,12,5,1,5
2017010020263,2,9,0,18,0,0,0,0,0,0,1,1,6,2,18,4,1329,1,5,-1,-1,-1
2017010020267,1,90,0,1,0,8,0,4,0,0,2,1,1,1,59,9,-1,-1,-1,7,1,7
2017010020267,2,9,0,2,0,8,0,0,0,0,2,1,6,3,-1,-1,1242,1,8,-1,-1,-1
2017010020274,1,11,0,18,2,1,0,0,0,0,3,1,1,1,27,6,4500,2,8,3,1,3
2017010020274,2,9,0,7,0,5,0,0,0,0,4,1,1,1,26,6,-1,-1,-1,7,1,7
2017010020276,1,9,0,9,0,1,0,0,0,0,4,1,2,1,32,6,1229,1,9,2,1,2
2017010020278,1,11,0,5,0,0,0,0,0,0,0,1,1,1,45,7,4500,2,2,5,1,5
2017010020280,1,5,0,18,0,0,0,10,0,0,3,1,2,1,48,8,645,1,9,-1,-1,-1
2017010020281,1,3,0,4,0,1,0,0,0,0,3,1,2,1,41,7,108,1,2,5,1,5
2017010020281,2,2,0,18,0,1,5,0,0,0,4,1,2,2,40,7,49,1,10,7,1,7
2017010020282,1,5,0,14,0,2,0,0,0,0,1,1,2,1,42,7,599,1,7,7,3,7
2017010020283,1,1,0,5,0,6,0,0,0,0,2,1,2,2,35,6,-1,-1,-1,-1,-1,-1
2017010020284,1,9,0,18,0,2,0,0,0,0,1,1,2,2,49,8,1299,1,14,3,1,3
2017010020284,2,3,0,15,0,2,0,0,0,0,4,1,6,1,50,8,124,1,5,2,1,2
2017010020285,1,8,0,18,0,0,0,0,0,0,4,1,1,1,44,7,1598,2,2,6,1,6
2017010020287,1,9,0,10,0,1,0,0,0,0,1,1,6,2,63,9,1108,1,8,4,1,4
2017010020287,2,5,0,16,0,8,0,0,0,0,1,1,1,1,52,8,1077,1,1,2,1,2
2017010020288,1,9,0,18,0,4,0,0,0,0,1,1,6,1,57,9,998,1,6,3,1,3
2017010020288,2,3,0,18,0,4,0,0,0,0,2,1,6,1,32,6,125,1,2,2,1,2
2017010020290,1,5,0,18,0,1,5,0,0,0,1,1,2,1,38,7,599,1,5,6,1,6
2017010020290,2,9,0,2,0,2,0,0,0,0,1,1,6,3,-1,-1,1598,1,13,-1,-1,-1
2017010020291,1,9,0,18,0,2,0,0,0,0,1,1,6,1,80,11,1598,1,8,5,1,5
2017010020292,1,9,0,9,0,8,0,0,0,0,1,1,6,1,22,5,1995,2,5,-1,-1,-1
2017010020292,2,3,0,15,0,8,0,0,0,0,1,1,1,1,31,6,125,1,6,4,1,4
2017010020293,1,5,0,18,0,2,2,0,0,0,1,1,2,1,42,7,738,1,18,7,1,7
2017010020294,1,9,0,2,0,1,0,0,0,0,3,1,6,3,-1,-1,1596,1,13,-1,-1,-1
2017010020294,2,1,0,18,0,2,0,4,0,0,1,1,6,2,47,8,-1,-1,-1,9,1,9
2017010020295,1,9,0,18,0,8,0,0,0,0,4,1,6,1,32,6,1995,1,13,4,1,4
2017010020295,2,9,0,9,0,8,0,0,0,0,1,1,6,1,45,7,2179,2,11,2,1,2
2017010020296,1,9,0,3,0,1,0,0,0,0,3,1,6,1,61,9,1991,2,8,9,1,9
2017010020296,2,90,0,18,0,1,0,0,0,0,0,1,6,1,30,6,-1,-1,-1,3,1,3
2017010020296,3,9,0,5,0,1,0,0,0,0,4,1,6,3,-1,-1,1984,1,4,-1,-1,-1
2017010020297,1,9,0,18,0,8,0,0,0,0,3,1,6,1,38,7,1753,2,11,4,1,4
2017010020297,2,9,0,18,0,8,0,0,1,1,1,1,6,1,24,5,1339,1,15,8,1,8
2017010020298,1,9,0,3,9,0,0,0,0,0,3,1,6,1,35,6,1198,1,13,1,1,1
2017010020299,1,9,0,18,0,0,0,0,0,0,1,1,6,1,63,9,1248,2,3,5,1,5
2017010020301,1,5,0,18,0,1,0,0,0,0,1,1,2,1,43,7,900,1,1,10,1,10
2017010020302,1,1,0,18,0,2,1,0,1,0,1,1,6,3,-1,-1,-1,-1,-1,-1,-1,-1
2017010020303,1,9,0,18,0,0,0,0,0,0,1,1,6,1,27,6,1560,2,2,3,1,3
2017010020304,1,9,0,18,0,3,0,0,3,0,4,1,6,1,29,6,4799,1,11,5,1,5
2017010020304,2,9,0,18,0,8,0,0,0,0,1,1,2,2,66,10,1364,1,9,9,1,9
2017010020305,1,9,0,18,0,1,0,0,0,0,1,1,2,1,37,7,2926,2,15,4,1,4
2017010020305,2,9,0,7,0,6,0,0,0,0,3,1,6,2,57,9,1995,2,2,3,1,3
2017010020306,1,1,0,18,0,1,0,0,0,0,1,1,2,1,26,6,-1,-1,-1,2,1,2
2017010020306,2,9,0,3,0,1,0,0,0,0,2,1,6,1,49,8,1997,1,10,2,1,2
2017010020307,1,9,0,9,0,8,0,0,0,0,2,1,6,1,23,5,1995,2,14,7,1,7
2017010020307,2,4,0,18,0,1,0,0,0,0,1,1,6,1,18,4,125,1,-1,4,1,4
2017010020309,1,9,0,18,0,8,0,0,0,0,4,1,2,1,65,9,1296,1,10,2,1,2
2017010020310,1,9,0,9,0,5,0,0,0,0,4,1,6,1,25,5,1995,1,9,1,1,1
2017010020310,2,1,0,18,0,1,0,0,0,0,1,1,6,1,33,6,-1,-1,-1,3,1,3
2017010020313,1,9,0,18,0,8,0,0,0,0,4,1,2,1,46,8,1598,1,15,3,1,3
2017010020313,2,9,0,9,0,5,0,0,0,0,4,1,2,1,25,5,1596,1,16,5,1,5
2017010020315,1,11,0,14,0,0,0,0,0,0,3,1,6,3,-1,-1,4500,2,1,-1,-1,-1
2017010020315,2,1,0,14,0,0,0,-1,0,0,4,1,2,1,46,8,-1,-1,-1,6,1,6
2017010020317,1,11,1,18,0,2,0,0,0,0,0,1,1,1,50,8,7300,2,12,5,1,5
2017010020319,1,9,0,18,0,2,0,4,0,0,3,1,6,1,79,11,1390,1,10,9,1,9
2017010020319,2,9,0,2,0,2,0,0,0,0,2,2,6,3,-1,-1,1461,2,1,-1,-1,-1
2017010020319,3,19,0,2,0,2,0,0,0,0,0,1,6,3,-1,-1,1995,2,5,-1,-1,-1
2017010020321,1,9,0,18,0,5,0,0,3,0,1,1,6,1,65,9,1796,1,9,2,1,2
2017010020321,2,9,0,9,0,6,0,0,3,0,3,1,6,2,44,7,1360,1,7,2,1,2
2017010020322,1,9,0,3,0,1,0,0,0,0,2,1,6,1,27,6,1686,2,6,5,1,5
2017010020322,2,9,0,3,0,1,0,0,0,0,2,1,6,1,20,4,1398,1,5,4,1,4
2017010020322,3,9,0,3,0,1,0,0,0,0,1,1,1,1,53,8,-1,-1,-1,2,1,2
2017010020324,1,9,0,18,0,1,0,0,0,0,1,1,1,1,54,8,1598,2,3,4,1,4
2017010020330,1,1,-1,18,0,1,0,0,0,0,1,1,2,1,40,7,-1,-1,-1,2,1,2
2017010020330,2,19,0,-1,0,-1,-1,-1,0,0,-1,-1,6,1,-1,-1,-1,-1,-1,-1,-1,-1
2017010020343,1,9,0,12,0,3,-1,0,0,0,3,-1,6,1,40,7,-1,-1,-1,-1,-1,-1
2017010020343,2,9,-1,-1,0,4,0,0,0,0,1,-1,6,3,-1,-1,1968,2,9,-1,-1,-1
2017010020345,1,9,0,4,0,1,0,0,0,0,3,1,6,2,33,6,1349,1,7,3,1,3
2017010020345,2,9,0,18,0,1,0,0,0,0,4,1,6,3,-1,-1,1498,1,12,-1,-1,-1
2017010020350,1,9,-1,10,0,0,0,0,0,0,2,-1,2,2,26,6,1229,1,4,4,1,4
2017010020350,2,9,-1,-1,0,0,0,0,0,0,1,-1,6,1,42,7,1598,1,13,3,1,3
2017010020356,1,1,0,18,0,1,0,0,0,0,1,1,6,1,31,6,-1,-1,-1,6,1,6
2017010020356,2,8,0,9,0,8,0,0,0,0,1,-1,6,1,47,8,2402,2,13,2,1,2
2017010020360,1,1,0,18,0,1,0,0,0,0,3,1,6,1,32,6,-1,-1,-1,7,3,7
2017010020360,2,9,0,18,0,1,0,0,0,0,1,-1,6,1,-1,-1,-1,-1,-1,-1,-1,-1
2017010020364,1,9,-1,18,-1,-1,-1,-1,-1,-1,-1,-1,6,1,31,6,-1,-1,-1,-1,-1,-1
2017010020370,1,19,0,18,0,0,0,0,0,0,4,1,1,1,25,5,2198,2,2,7,1,7
2017010020372,1,9,0,18,0,0,0,0,0,0,4,1,3,2,31,6,1596,1,11,2,1,2
2017010020373,1,9,-1,3,0,1,-1,0,0,0,2,-1,6,2,34,6,1968,2,3,6,1,6
2017010020373,2,9,-1,18,0,1,-1,0,0,0,1,-1,6,1,-1,-1,1896,2,10,5,1,5
2017010020374,1,9,-1,-1,-1,-1,0,-1,-1,-1,-1,-1,6,3,-1,-1,-1,-1,-1,-1,-1,-1
2017010020379,1,9,0,18,0,3,0,0,0,0,1,1,1,2,23,5,1598,2,5,6,1,6
2017010020386,1,9,-1,5,0,1,-1,-1,0,0,3,-1,6,1,41,7,1497,8,8,2,1,2
2017010020386,2,19,4,5,0,1,0,-1,0,0,4,-1,6,3,-1,-1,-1,-1,-1,-1,-1,-1
2017010020392,1,9,0,18,0,0,0,0,0,0,1,1,6,1,22,5,2982,2,2,9,1,9
2017010020392,2,9,0,16,0,0,1,0,0,0,1,1,2,2,37,7,1299,1,14,3,1,3
2017010020393,1,9,0,-1,-1,-1,0,0,0,0,4,-1,6,1,33,6,2597,1,14,3,1,3
2017010020393,2,9,0,-1,-1,-1,0,-1,0,0,-1,-1,6,3,-1,-1,1360,1,17,-1,-1,-1
2017010020412,1,9,0,5,0,8,0,0,0,0,3,1,3,2,41,7,-1,-1,-1,2,1,2
2017010020412,2,8,0,5,0,8,0,0,0,0,1,1,1,1,38,7,1968,2,2,3,1,3
2017010020415,1,2,0,18,0,0,0,0,0,0,1,1,2,1,18,4,49,1,11,9,1,9
2017010020415,2,9,0,18,0,0,0,11,0,0,1,1,6,2,73,10,1396,1,21,8,1,8
2017010020424,1,1,-1,18,0,8,0,-1,0,0,2,1,6,2,39,7,-1,-1,-1,4,1,4
2017010020424,2,9,-1,5,0,8,0,0,0,0,1,-1,6,3,-1,-1,3436,1,4,-1,-1,-1
2017010020430,1,1,0,18,0,8,0,0,0,0,1,1,6,1,45,7,-1,-1,-1,6,1,6
2017010020430,2,9,0,2,0,8,0,0,0,0,3,-1,6,3,-1,-1,1968,2,5,-1,-1,-1
2017010020431,1,9,0,-1,0,5,0,0,0,0,1,-1,6,1,-1,-1,-1,-1,-1,-1,-1,-1
2017010020435,1,9,-1,5,0,4,0,0,0,0,1,-1,6,3,-1,-1,1984,2,1,-1,-1,-1
2017010020437,1,9,0,9,0,1,0,0,0,0,4,1,2,1,28,6,1242,1,19,6,1,6
2017010020442,1,1,-1,-1,-1,-1,-1,-1,-1,-1,-1,1,6,1,44,7,-1,-1,-1,10,1,10
2017010020442,2,9,-1,-1,-1,-1,-1,-1,-1,-1,-1,-1,6,1,-1,-1,2967,2,4,-1,-1,-1
2017010020443,1,9,0,7,0,1,0,0,0,0,1,1,6,1,26,6,1364,1,10,6,1,6
2017010020443,2,3,0,18,0,1,2,0,0,0,3,1,2,2,37,7,125,1,8,4,1,4
2017010020446,1,9,3,4,0,1,0,0,0,0,2,1,2,1,32,6,2184,2,3,5,1,5
2017010020446,2,9,0,4,0,1,0,0,0,0,1,1,6,1,35,6,-1,-1,-1,2,1,2
2017010020446,3,9,0,4,0,1,0,0,0,0,2,1,6,2,45,7,1149,1,4,6,1,6
2017010020446,4,9,0,4,0,1,0,0,0,0,1,1,6,1,39,7,1598,1,10,7,1,7
2017010020446,5,9,0,4,0,1,0,0,0,0,1,1,6,1,34,6,-1,-1,-1,2,1,2
2017010020450,1,9,0,1,0,0,0,0,0,0,1,-1,6,2,51,8,2496,1,11,7,1,7
2017010020450,2,9,0,18,0,0,0,0,0,0,3,-1,6,2,-1,-1,1968,2,6,-1,-1,-1
2017010020451,1,1,-1,18,-1,-1,-1,-1,-1,-1,-1,1,6,1,38,7,-1,-1,-1,4,1,4
2017010020458,1,8,0,9,0,1,0,0,0,0,1,1,1,1,49,8,2143,12,3,-1,-1,-1
2017010020458,2,3,0,14,0,1,0,0,0,0,1,1,6,1,20,4,124,1,2,6,1,6
2017010020462,1,19,0,1,0,1,0,0,0,0,2,1,1,1,33,6,1598,2,1,3,1,3
2017010020462,2,3,0,3,0,1,0,0,0,0,1,1,6,1,27,6,124,1,5,1,1,1
2017010020463,1,9,0,18,0,0,0,0,0,0,2,1,2,1,34,6,1360,1,13,-1,-1,-1
2017010020463,2,5,0,18,0,0,1,0,0,0,1,1,1,1,37,7,1043,1,5,3,1,3
2017010020467,1,1,0,9,0,1,0,0,0,0,2,1,6,2,24,5,-1,-1,-1,4,1,4
2017010020467,2,3,0,13,0,1,0,0,0,0,2,1,6,1,18,4,-1,-1,-1,-1,-1,-1
2017010020468,1,19,0,18,0,1,0,0,0,0,1,1,1,1,27,6,2402,2,16,3,1,3
2017010020468,2,9,0,18,0,1,0,0,0,0,2,1,2,1,35,6,1988,1,15,3,1,3
2017010020472,1,8,0,18,0,0,0,7,0,0,1,1,3,1,47,8,1598,2,4,5,1,5
2017010020482,1,1,0,18,0,1,0,0,0,0,1,1,6,2,26,6,-1,-1,-1,3,1,3
2017010020482,2,9,0,9,0,5,0,0,0,0,1,-1,6,3,-1,-1,-1,-1,-1,-1,-1,-1
2017010020485,1,3,-1,-1,-1,-1,-1,-1,-1,-1,-1,1,6,3,-1,-1,-1,-1,-1,-1,-1,-1
2017010020491,1,9,0,2,0,2,0,8,0,0,3,1,6,3,-1,-1,1896,2,16,-1,-1,-1
2017010020491,2,1,0,18,0,6,0,4,0,0,1,1,6,1,37,7,-1,-1,-1,3,1,3
2017010020492,1,9,0,5,0,1,0,0,0,0,1,2,1,1,27,6,1997,2,6,2,1,2
2017010020492,2,3,0,18,0,1,0,0,0,0,4,1,2,1,28,6,125,1,6,7,1,7
2017010020498,1,8,0,18,0,0,0,0,0,0,1,1,1,1,35,6,1997,2,7,4,1,4
2017010020505,1,9,0,9,0,8,1,0,0,0,3,1,1,2,30,6,1197,1,2,4,1,4
2017010020505,2,9,0,17,0,2,0,-1,0,0,1,1,6,2,24,5,1598,2,4,1,1,1
2017010020506,1,9,0,6,0,0,0,0,0,0,3,1,6,1,36,7,1790,1,18,2,1,2
2017010020506,2,5,0,13,0,0,0,0,0,0,1,1,2,1,28,6,998,1,10,4,1,4
2017010020512,1,9,0,5,0,1,0,0,0,0,2,1,6,2,38,7,2993,2,6,7,1,7
2017010020512,2,9,0,5,0,1,0,0,0,0,1,1,6,1,36,7,2993,2,5,8,1,8
2017010020512,3,9,0,5,0,1,0,0,0,0,2,1,6,1,80,11,998,1,9,7,1,7
2017010020518,1,9,0,5,0,1,0,0,0,0,1,2,6,2,44,7,1560,2,9,2,1,2
2017010020518,2,3,0,15,0,1,0,0,0,0,1,1,6,1,25,5,125,1,1,7,1,7
2017010020525,1,9,0,13,0,0,0,0,0,0,1,1,6,3,-1,-1,1598,1,-1,-1,-1,-1
2017010020525,2,8,0,1,7,0,0,0,0,0,1,1,1,1,31,6,1997,2,1,3,1,3
2017010020526,1,11,0,18,0,1,0,0,0,0,0,1,1,1,59,9,4500,2,2,4,1,4
2017010020528,1,3,0,4,0,8,5,0,0,0,1,1,1,1,19,4,108,1,1,3,1,3
2017010020528,2,9,0,3,0,8,0,0,0,0,2,1,6,1,68,10,1339,1,12,2,1,2
2017010020529,1,9,0,9,0,5,0,0,0,0,3,1,1,1,52,8,-1,-1,-1,6,1,6
2017010020529,2,3,0,18,0,1,0,0,0,0,1,1,6,1,30,6,108,1,9,-1,-1,-1
2017010020531,1,3,-1,15,-1,-1,-1,-1,-1,-1,-1,1,6,1,32,6,998,1,5,3,1,3
2017010020531,2,9,-1,-1,-1,-1,-1,-1,-1,-1,-1,-1,6,1,35,6,-1,-1,-1,6,1,6
2017010020535,1,9,0,18,0,1,0,0,0,0,4,1,6,1,57,9,1390,1,15,4,1,4
2017010020535,2,4,0,18,0,1,0,0,0,0,3,1,6,1,29,6,124,1,4,1,1,1
2017010020536,1,9,0,18,2,1,0,10,0,0,1,1,2,1,48,8,2143,2,2,-1,-1,-1
2017010020536,2,9,0,18,2,8,0,10,0,0,2,1,6,1,46,8,4996,1,11,3,1,3
2017010020537,1,11,0,5,2,2,0,0,0,0,4,1,1,2,43,7,5132,2,2,9,1,9
2017010020539,1,9,0,9,0,8,0,0,0,0,3,1,2,2,51,8,1124,1,13,6,1,6
2017010020540,1,9,0,18,0,0,0,0,0,0,4,1,1,1,31,6,1797,8,8,5,1,5
2017010020541,1,11,0,18,0,1,0,0,0,0,0,1,1,1,44,7,-1,-1,-1,3,1,3
2017010020542,1,11,0,1,3,0,0,0,0,0,0,1,1,1,39,7,4500,2,1,5,1,5
2017010020543,1,9,0,18,0,0,0,0,0,0,4,1,6,2,39,7,1997,2,-1,4,1,4
2017010020543,2,21,0,18,0,0,0,0,0,0,3,2,1,1,52,8,-1,-1,-1,-1,-1,-1
2017010020547,1,9,0,7,0,2,0,0,7,0,1,1,6,1,23,5,1968,2,5,2,1,2
2017010020547,2,9,0,18,0,8,0,0,7,0,1,1,3,2,28,6,1598,1,9,2,1,2
2017010020548,1,19,0,5,0,8,0,0,0,0,1,1,1,1,29,6,1560,2,5,4,1,4
2017010020549,1,8,0,5,0,3,0,0,0,0,3,1,2,1,28,6,1791,8,5,2,1,2
2017010020549,2,1,0,18,0,4,0,0,0,0,1,1,1,1,24,5,-1,-1,-1,3,1,3
2017010020550,1,8,0,3,0,2,0,0,0,0,4,1,6,1,60,9,2499,2,11,3,1,3
2017010020550,2,1,0,13,0,2,0,0,0,0,4,1,2,1,46,8,-1,-1,-1,8,1,8
2017010020551,1,20,0,18,0,1,0,0,0,0,4,2,1,1,51,8,5193,2,3,3,1,3
2017010020551,2,8,0,6,0,1,0,0,0,0,3,2,1,1,53,8,1968,2,7,2,1,2
2017010020552,1,9,0,18,0,1,0,0,0,0,1,1,6,3,-1,-1,-1,-1,-1,-1,-1,-1
2017010020553,1,9,0,9,0,8,0,0,0,0,1,1,6,1,37,7,3199,1,13,1,1,1
2017010020553,2,3,0,18,0,8,5,0,0,0,1,1,6,1,44,7,-1,-1,-1,4,1,4
2017010020554,1,4,0,13,0,0,0,0,7,10,3,1,2,1,36,7,1250,1,6,5,1,5
2017010020554,2,8,0,17,0,0,0,0,0,0,3,1,1,1,47,8,-1,-1,-1,2,1,2
2017010020554,3,9,0,17,0,0,0,0,0,0,4,1,2,1,52,8,1596,1,3,3,1,3
2017010020560,1,9,0,9,0,6,0,0,0,0,1,1,1,1,25,5,1798,8,2,6,1,6
2017010020561,1,9,0,18,0,3,0,0,0,0,1,1,6,2,46,8,1242,1,16,2,1,2
2017010020562,1,9,0,18,0,0,0,0,0,0,1,1,6,1,21,5,1396,1,8,3,1,3
2017010020562,2,1,0,9,0,0,1,0,0,0,4,1,6,2,29,6,-1,-1,-1,1,1,1
2017010020563,1,9,0,16,0,2,5,10,0,0,1,1,6,1,48,8,1595,1,1,8,1,8
2017010020565,1,8,0,18,0,6,0,0,0,0,3,1,1,2,44,7,1797,8,6,2,1,2
2017010020565,2,2,0,18,0,1,0,0,0,0,1,1,1,1,16,4,108,1,4,3,1,3
2017010020567,1,3,0,18,9,1,0,10,2,2,1,1,1,1,22,5,108,1,1,-1,-1,-1
2017010020568,1,9,0,18,0,1,1,0,0,0,1,1,2,1,22,5,1389,1,16,3,1,3
2017010020569,1,9,0,18,0,0,0,0,0,0,0,1,6,1,29,6,2993,2,11,2,1,2
2017010020569,2,9,0,18,0,0,0,0,0,0,1,1,6,3,-1,-1,1560,2,1,-1,-1,-1
2017010020570,1,9,0,18,0,8,5,10,0,0,1,1,6,1,36,7,1332,1,18,3,1,3
2017010020573,1,9,0,9,0,4,0,0,0,0,1,1,2,1,43,7,-1,-1,-1,4,2,4
2017010020573,2,19,0,18,0,1,0,0,0,0,1,1,2,1,43,7,2287,2,2,4,1,4
2017010020573,3,9,0,18,0,4,0,0,0,0,1,1,2,2,21,5,998,1,4,3,1,3
2017010020574,1,9,0,18,0,1,0,0,0,0,1,1,2,1,44,7,-1,-1,-1,2,1,2
2017010020578,1,11,0,18,2,1,0,0,0,0,1,1,1,1,57,9,5132,2,1,3,1,3
2017010020578,2,19,0,7,0,2,0,0,0,0,4,1,1,1,31,6,2198,2,1,8,1,8
2017010020593,1,9,-1,3,0,1,0,-1,0,0,2,-1,6,1,37,7,999,1,1,2,1,2
2017010020593,2,9,-1,-1,0,1,0,-1,-1,-1,-1,-1,6,2,-1,-1,1598,1,12,2,1,2
2017010020612,1,1,0,-1,-1,-1,-1,-1,-1,-1,-1,1,6,1,26,6,-1,-1,-1,7,1,7
2017010020612,2,9,-1,-1,-1,-1,-1,-1,-1,-1,-1,-1,6,1,53,8,1998,1,16,3,1,3
2017010020617,1,9,0,18,0,0,0,0,0,0,4,1,6,1,45,7,1798,8,2,2,1,2
2017010020619,1,9,0,3,0,1,0,0,0,0,2,1,2,1,25,5,2497,2,15,5,1,5
2017010020619,2,9,0,4,0,1,0,0,0,0,1,1,6,2,56,9,998,1,12,2,1,2
2017010020624,1,3,0,8,0,3,0,0,0,0,4,1,2,1,55,8,108,1,1,7,1,7
2017010020624,2,9,0,18,0,4,0,0,0,0,3,1,2,2,23,5,1198,1,12,7,1,7
2017010020632,1,9,0,-1,0,-1,0,0,0,0,2,-1,6,1,22,5,1968,2,2,3,1,3
2017010020639,1,9,0,5,0,1,0,0,0,0,4,1,2,2,29,6,998,1,12,3,1,3
2017010020642,1,9,0,9,0,8,0,0,0,0,4,1,6,2,53,8,1767,1,16,2,1,2
2017010020642,2,9,0,18,0,8,0,0,0,0,1,1,6,1,-1,-1,-1,-1,-1,5,1,5
2017010020645,1,19,0,18,0,8,0,0,0,0,1,1,1,1,25,5,1560,2,9,10,1,10
2017010020645,2,19,0,18,0,8,0,0,0,0,4,1,1,1,24,5,2143,2,4,3,1,3
2017010020647,1,9,0,5,0,0,0,0,0,0,4,1,4,2,31,6,1598,1,11,2,1,2
2017010020647,2,1,0,15,0,0,0,0,0,0,3,1,2,1,40,7,-1,-1,-1,3,1,3
2017010020657,1,3,0,13,0,0,0,0,0,0,1,1,1,2,26,6,108,1,2,2,1,2
2017010020657,2,9,0,9,0,0,0,0,0,0,3,1,6,3,-1,-1,-1,-1,-1,-1,-1,-1
2017010020668,1,9,0,4,0,1,0,0,0,0,1,1,2,1,57,9,3518,1,10,8,1,8
2017010020668,2,9,0,4,0,1,0,0,0,0,4,1,2,2,39,7,1390,1,7,9,1,9
2017010020678,1,9,-1,-1,0,-1,-1,-1,-1,-1,2,-1,6,1,42,7,1497,8,9,4,1,4