Accident_Index,Vehicle_Reference,Vehicle_Type,Towing_and_Articulation,Vehicle_Manoeuvre,Vehicle_Location-Restricted_Lane,Junction_Location,Skidding_and_Overturning,Hit_Object_in_Carriageway,Vehicle_Leaving_Carriageway,Hit_Object_off_Carriageway,1st_Point_of_Impact,Was_Vehicle_Left_Hand_Drive?,Journey_Purpose_of_Driver,Sex_of_Driver,Age_of_Driver,Age_Band_of_Driver,Engine_Capacity_(CC),Propulsion_Code,Age_of_Vehicle,Driver_IMD_Decile,Driver_Home_Area_Type,Vehicle_IMD_Decile
2017010022317,1,9,0,3,0,1,0,0,0,0,2,1,6,1,57,9,1242,1,9,2,1,2
2017010022317,2,9,0,18,0,1,0,0,0,0,1,1,6,1,26,6,1995,1,13,6,1,6
2017010022319,1,90,0,18,9,8,0,11,0,0,1,1,6,3,-1,-1,-1,-1,-1,-1,-1,-1
2017010022322,1,3,0,14,0,2,0,0,0,0,2,1,1,1,30,6,-1,-1,-1,3,1,3
2017010022322,2,19,0,10,0,6,0,0,0,0,1,1,2,1,38,7,2460,2,9,8,1,8
2017010022329,1,9,0,3,0,0,0,0,0,0,2,1,6,2,29,6,1497,8,11,3,1,3
2017010022329,2,9,0,18,0,0,0,0,0,0,1,1,6,2,27,6,898,1,1,3,1,3
2017010022330,1,9,0,18,0,0,0,0,0,0,1,1,6,2,38,7,2967,2,7,2,1,2
2017010022330,2,9,0,3,0,0,0,0,0,0,2,1,6,2,40,7,2148,2,15,3,1,3
2017010022333,1,4,0,18,0,1,0,0,0,0,1,1,1,2,27,6,124,1,11,7,1,7
2017010022333,2,9,0,18,0,1,0,0,0,0,3,1,1,1,54,8,1797,8,7,5,1,5
2017010022334,1,11,0,18,0,0,0,0,0,0,0,1,1,1,27,6,5132,2,2,6,1,6
2017010022338,1,90,0,14,0,0,0,0,0,0,3,1,1,1,61,9,-1,-1,-1,4,1,4
2017010022338,2,3,0,13,0,0,0,0,0,0,1,1,1,1,21,5,102,1,13,2,1,2
2017010022339,1,8,0,18,2,0,0,0,0,0,1,1,1,1,51,8,1461,2,7,4,1,4
2017010022342,1,5,0,18,0,0,0,0,-1,0,1,1,1,1,28,6,847,1,4,6,1,6
2017010022342,2,9,-1,18,0,0,0,0,0,0,-1,-1,6,2,30,6,1497,8,1,7,1,7
2017010022343,1,1,0,18,0,8,-1,0,0,0,4,1,6,1,54,8,-1,-1,-1,10,1,10
2017010022343,2,8,0,11,0,8,0,0,0,0,3,-1,6,1,-1,-1,1997,2,4,-1,-1,-1
2017010022360,1,11,0,5,0,1,0,0,0,0,0,1,1,1,65,9,4500,2,6,2,1,2
2017010022361,1,11,0,4,0,0,0,0,0,0,0,1,6,3,-1,-1,-1,-1,-1,-1,-1,-1
2017010022379,1,3,0,5,0,1,0,0,0,0,1,1,2,1,35,6,125,1,6,5,1,5
2017010022381,1,9,-1,9,0,8,-1,0,0,0,2,-1,6,1,53,8,2495,2,26,-1,-1,-1
2017010022381,2,9,-1,18,0,8,-1,0,0,0,1,-1,6,1,26,6,1398,1,2,3,1,3
2017010022382,1,9,0,9,0,2,0,10,3,4,4,1,2,2,24,5,1398,1,2,8,1,8
2017010022382,2,9,0,18,0,1,0,0,0,0,1,1,2,1,28,6,1390,1,6,6,1,6
2017010022382,3,9,0,2,6,2,0,0,0,0,1,1,6,3,-1,-1,1795,1,14,-1,-1,-1
2017010022393,1,11,0,18,0,0,0,0,7,5,1,1,1,1,48,8,4500,2,6,4,1,4
2017010022393,2,9,0,18,0,0,0,0,0,0,1,1,6,2,41,7,3189,1,11,10,1,10
2017010022393,3,9,0,2,6,0,0,0,0,0,1,1,6,3,-1,-1,1461,2,9,-1,-1,-1
2017010022393,4,9,0,2,6,0,0,0,0,0,1,1,6,3,-1,-1,1597,1,14,-1,-1,-1
2017010022393,5,9,0,2,0,0,0,0,0,0,3,1,6,3,-1,-1,1149,1,12,-1,-1,-1
2017010022395,1,19,0,18,0,0,0,10,1,2,1,1,2,1,33,6,2198,2,2,4,1,4
2017010022397,1,9,0,5,0,1,0,0,0,0,1,1,6,3,-1,-1,-1,-1,-1,-1,-1,-1
2017010022398,1,11,0,18,0,8,0,0,0,0,1,1,1,1,34,6,3900,2,12,6,1,6
2017010022398,2,9,0,5,0,8,0,0,0,0,4,1,6,2,59,9,1198,1,1,2,1,2
2017010022400,1,8,0,18,0,1,0,0,0,0,2,1,1,1,56,9,2664,2,16,8,1,8
2017010022400,2,8,0,5,0,1,0,0,0,0,1,1,1,1,47,8,1997,2,4,3,1,3
2017010022401,1,9,0,18,0,2,0,0,0,0,1,1,6,3,-1,-1,1596,1,13,-1,-1,-1
2017010022402,1,9,0,9,0,8,0,0,0,0,3,1,2,2,68,10,1587,1,10,6,1,6
2017010022402,2,3,0,14,0,8,0,0,0,0,3,1,1,1,17,4,-1,-1,-1,6,1,6
2017010022403,1,5,0,13,0,8,1,0,0,0,4,1,6,1,35,6,689,1,1,3,1,3
2017010022403,2,9,0,9,0,8,0,0,0,0,3,1,6,2,42,7,2996,1,7,8,1,8
2017010022405,1,1,0,18,4,1,0,0,0,0,1,1,2,1,28,6,-1,-1,-1,8,2,8
2017010022405,2,19,0,7,4,5,0,0,0,0,4,1,1,1,33,6,2198,2,6,1,1,1
2017010022407,1,11,0,5,0,0,0,0,0,0,1,1,1,1,51,8,4500,2,1,2,1,2
2017010022413,1,11,0,18,0,3,0,0,0,0,0,1,1,1,55,8,6700,2,5,3,1,3
2017010022414,1,9,0,18,0,0,0,0,0,0,1,1,6,1,68,10,2922,1,14,-1,-1,-1
2017010022416,1,9,0,8,0,1,0,0,0,0,2,1,6,1,27,6,3436,1,2,4,1,4
2017010022416,2,19,4,18,0,1,0,0,0,0,1,1,1,1,30,6,2977,2,10,4,1,4
2017010022417,1,9,0,18,0,1,0,0,0,0,1,1,6,2,28,6,998,1,10,3,1,3
2017010022417,2,9,0,5,0,2,0,0,0,0,4,1,6,2,68,10,1242,1,7,10,1,10
2017010022418,1,9,0,18,0,1,0,0,0,0,1,1,6,1,-1,-1,-1,-1,-1,-1,-1,-1
2017010022419,1,11,0,16,0,3,0,0,0,0,0,1,1,1,44,7,4500,2,-1,3,1,3
2017010022419,2,9,0,16,0,8,0,0,0,0,0,1,6,3,-1,-1,-1,-1,-1,-1,-1,-1
2017010022421,1,8,0,9,0,1,0,0,0,0,1,1,2,1,62,9,1798,8,3,2,1,2
2017010022422,1,9,0,18,0,0,0,0,0,0,1,1,6,2,23,5,1242,1,9,1,1,1
2017010022422,2,8,0,18,0,0,0,0,0,0,2,1,1,1,41,7,1950,2,1,6,1,6
2017010022423,1,9,0,18,0,8,0,0,0,0,1,1,6,1,57,9,2967,1,17,2,1,2
2017010022423,2,1,0,18,0,8,0,0,0,0,2,1,6,1,57,9,-1,-1,-1,8,1,8
2017010022424,1,4,0,4,0,2,0,0,0,0,1,1,1,1,25,5,-1,-1,-1,7,1,7
2017010022424,2,9,0,9,0,1,0,0,0,0,2,1,6,2,33,6,1596,1,8,4,1,4
2017010022425,1,9,0,13,-1,-1,0,0,-1,0,1,-1,6,3,-1,-1,-1,-1,-1,-1,-1,-1
2017010022425,2,1,0,18,5,-1,-1,0,0,0,1,1,2,2,22,5,-1,-1,-1,2,1,2
2017010022426,1,9,0,3,0,1,0,0,0,0,1,1,6,2,23,5,875,1,3,3,1,3
2017010022427,1,3,0,9,0,8,1,0,0,0,1,1,2,1,42,7,937,1,22,2,1,2
2017010022427,2,9,0,18,2,8,0,0,0,0,1,1,6,2,55,8,1598,1,9,5,1,5
2017010022429,1,9,0,18,0,2,0,0,0,0,1,1,6,3,-1,-1,1799,1,7,-1,-1,-1
2017010022429,2,1,0,18,0,2,0,0,0,0,0,1,6,1,34,6,-1,-1,-1,4,1,4
2017010022430,1,9,0,10,0,6,1,0,0,0,1,2,6,1,34,6,2967,2,7,4,1,4
2017010022430,2,9,0,18,0,1,0,0,0,0,3,1,6,2,27,6,1984,1,10,4,1,4
2017010022431,1,5,0,9,0,8,5,0,0,0,1,1,6,1,29,6,1000,1,9,4,1,4
2017010022431,2,9,0,10,0,1,0,0,0,0,1,1,6,1,28,6,1598,1,9,3,1,3
2017010022432,1,9,0,9,4,8,0,0,0,0,4,1,6,1,20,4,-1,-1,-1,2,1,2
2017010022432,2,1,0,18,4,8,5,0,0,0,1,1,1,1,28,6,-1,-1,-1,3,1,3
2017010022433,1,8,0,3,0,0,0,0,0,0,2,1,2,1,38,7,-1,-1,-1,1,1,1
2017010022433,2,8,0,3,0,0,0,0,0,0,2,1,6,1,51,8,1997,2,6,6,1,6
2017010022433,3,8,0,5,0,0,0,0,0,0,1,1,1,1,26,6,1968,2,2,6,1,6
2017010022434,1,8,0,9,0,5,0,0,0,0,4,1,1,1,46,8,1797,8,5,1,1,1
2017010022434,2,1,0,15,0,1,0,0,0,0,3,1,2,1,26,6,-1,-1,-1,4,1,4
2017010022435,1,9,0,16,0,0,1,0,0,0,1,1,6,1,49,8,2987,2,11,2,1,2
2017010022435,2,9,0,17,0,0,1,0,0,0,2,1,6,2,52,8,1598,1,8,1,1,1
2017010022438,1,8,0,4,0,1,0,0,0,0,2,1,1,1,49,8,1560,2,6,3,1,3
2017010022438,2,9,0,18,0,1,0,0,0,0,1,1,6,1,22,5,1896,2,19,2,1,2
2017010022440,1,9,0,18,0,1,0,0,0,0,0,1,6,1,22,5,1686,2,4,2,1,2
2017010022441,1,9,0,18,0,8,0,0,0,0,1,1,6,1,44,7,1339,1,8,6,1,6
2017010022441,2,9,0,4,0,8,0,0,0,0,1,1,6,2,31,6,1329,1,3,2,1,2
2017010022442,1,9,0,18,0,2,0,0,0,0,1,1,1,1,35,6,2969,2,9,7,1,7
2017010022443,1,9,0,18,0,0,0,0,0,0,1,1,6,1,26,6,2979,1,10,-1,-1,-1
2017010022444,1,9,0,17,0,2,0,0,0,0,1,1,2,1,59,9,1398,1,6,2,1,2
2017010022444,2,1,0,18,0,8,0,0,0,0,1,1,6,1,21,5,-1,-1,-1,7,1,7
2017010022445,1,9,0,3,0,7,0,0,0,0,2,1,2,1,44,7,1997,2,13,6,1,6
2017010022445,2,8,0,14,0,7,0,4,0,0,4,1,1,1,44,7,1896,2,10,3,1,3
2017010022451,1,9,-1,3,-1,-1,-1,-1,-1,0,-1,1,6,1,37,7,1984,1,17,6,1,6
2017010022451,2,9,-1,18,0,-1,0,0,0,0,1,1,6,1,20,4,1364,1,8,-1,-1,-1
2017010022473,1,8,0,18,0,8,0,0,0,0,4,1,1,1,60,9,-1,-1,-1,1,1,1
2017010022473,2,1,0,18,0,8,0,0,0,0,1,1,2,1,52,8,-1,-1,-1,4,1,4
2017010022474,1,19,0,15,0,0,0,0,0,0,3,1,1,1,27,6,1968,2,2,7,1,7
2017010022484,1,9,0,-1,-1,-1,0,10,0,0,1,-1,6,1,34,6,2143,2,1,2,1,2
2017010022484,2,9,0,-1,-1,-1,0,-1,-1,0,-1,-1,6,1,51,8,1997,1,9,2,1,2
2017010022494,1,9,0,2,0,1,0,0,0,0,3,1,6,3,-1,-1,1360,1,8,-1,-1,-1
2017010022494,2,9,0,18,0,1,0,0,0,0,1,1,6,2,53,8,1997,1,13,3,1,3
2017010022507,1,8,0,3,0,1,0,0,0,0,2,1,1,1,48,8,2499,2,2,1,1,1
2017010022507,2,3,0,4,0,1,0,0,0,0,1,1,1,1,29,6,-1,-1,-1,2,1,2
2017010022510,1,4,0,13,0,0,0,0,0,0,1,1,2,1,26,6,-1,-1,-1,7,1,7
2017010022510,2,9,0,9,0,0,0,0,0,0,3,1,6,1,64,9,1999,1,12,5,1,5
2017010022511,1,8,0,18,0,1,0,0,0,0,1,1,1,1,55,8,1798,8,4,2,1,2
2017010022516,1,11,0,5,2,7,0,8,0,0,4,1,1,1,-1,-1,-1,-1,-1,-1,-1,-1
2017010022523,1,9,0,3,0,0,0,0,0,0,2,-1,1,1,26,6,1496,2,1,6,1,6
2017010022523,2,9,3,1,0,0,0,0,0,0,2,-1,6,3,-1,-1,2771,1,13,-1,-1,-1
2017010022538,1,5,0,13,6,8,0,9,0,0,3,1,2,1,40,7,689,1,3,3,1,3
2017010022538,2,19,0,18,0,8,0,0,0,0,3,1,1,1,31,6,2143,2,1,6,1,6
2017010022539,1,19,0,4,0,1,0,-1,0,0,-1,-1,6,3,-1,-1,2148,2,10,-1,-1,-1
2017010022541,1,9,0,18,0,1,0,0,0,0,2,1,3,2,33,6,1797,8,6,5,1,5
2017010022541,2,9,0,18,0,1,0,0,0,0,1,1,6,1,-1,-1,2993,2,12,-1,-1,-1
2017010022545,1,1,-1,18,-1,1,-1,-1,-1,0,1,1,6,1,26,6,-1,-1,-1,2,1,2
2017010022545,2,9,-1,-1,0,-1,-1,-1,-1,-1,-1,-1,6,1,55,8,4398,1,16,3,1,3
2017010022546,1,19,0,5,0,2,0,0,0,0,1,1,1,1,55,8,1560,2,4,8,1,8
2017010022550,1,9,0,18,0,1,0,0,0,0,1,1,2,1,63,9,2996,1,12,9,1,9
2017010022552,1,1,0,18,0,8,0,0,0,0,4,1,6,1,33,6,-1,-1,-1,3,1,3
2017010022556,1,9,0,3,0,1,0,0,-1,0,2,-1,6,1,41,7,1995,2,4,3,1,3
2017010022556,2,9,0,12,0,1,0,0,0,0,1,-1,6,3,-1,-1,1791,8,5,-1,-1,-1
2017010022559,1,9,0,18,0,0,1,0,5,6,1,1,6,1,22,5,2143,2,4,2,1,2
2017010022559,2,19,0,18,0,0,0,0,0,0,2,1,1,1,39,7,1995,2,6,3,1,3
2017010022565,1,1,0,18,0,8,0,0,0,0,4,1,6,1,42,7,-1,-1,-1,10,1,10
2017010022572,1,9,-1,2,0,0,-1,0,0,0,0,-1,6,3,-1,-1,-1,-1,-1,-1,-1,-1
2017010022572,2,9,-1,18,0,0,-1,0,0,0,-1,-1,6,2,-1,-1,-1,-1,-1,-1,-1,-1
2017010022573,1,1,-1,18,-1,0,-1,-1,-1,-1,-1,1,6,1,28,6,-1,-1,-1,8,1,8
2017010022578,1,1,0,15,4,1,0,0,0,0,0,1,6,1,51,8,-1,-1,-1,7,1,7
2017010022578,2,1,0,9,4,1,0,11,0,0,3,1,6,2,52,8,-1,-1,-1,5,1,5
2017010022579,1,9,0,5,0,8,0,0,0,0,1,1,2,1,50,8,1984,1,9,6,1,6
2017010022583,1,3,0,18,0,4,0,0,0,0,1,1,2,1,27,6,124,1,13,2,1,2
2017010022583,2,9,0,5,0,4,0,0,0,0,3,1,2,1,30,6,2987,2,1,2,1,2
2017010022585,1,19,0,4,6,2,0,0,1,0,3,1,2,1,32,6,2143,2,6,4,1,4
2017010022585,2,1,0,18,0,2,0,0,0,0,4,1,6,2,38,7,-1,-1,-1,2,1,2
2017010022585,3,9,0,3,0,2,0,0,0,0,4,1,6,1,39,7,-1,-1,-1,2,1,2
2017010022586,1,11,0,5,0,1,0,0,0,0,0,1,1,1,60,9,9000,2,8,9,1,9
2017010022589,1,9,0,7,0,8,0,0,0,0,4,1,2,1,36,7,1798,8,2,1,1,1
2017010022589,2,1,0,18,0,8,0,0,0,0,1,1,6,1,24,5,-1,-1,-1,3,1,3
2017010022590,1,9,0,3,0,0,0,0,0,0,2,1,2,2,51,8,1593,1,16,8,1,8
2017010022590,2,9,0,3,0,0,0,0,0,0,1,1,2,2,30,6,1796,2,4,4,1,4
2017010022593,1,9,0,9,0,8,0,0,0,0,1,1,1,2,42,7,1388,1,14,8,1,8
2017010022593,2,4,0,18,0,8,0,0,0,0,1,1,1,1,21,5,249,1,5,3,1,3
2017010022595,1,9,0,4,0,0,0,0,0,0,2,1,6,1,42,7,1995,2,13,-1,-1,-1
2017010022595,2,9,0,18,0,0,0,0,0,0,1,1,6,1,-1,-1,1968,2,11,2,1,2
2017010022597,1,9,0,3,0,2,0,0,0,0,2,1,3,2,38,7,1995,2,11,7,1,7
2017010022597,2,9,0,5,0,2,0,0,0,0,1,1,6,1,21,5,1796,1,8,8,1,8
2017010022597,3,9,0,3,0,2,0,0,0,0,2,2,6,1,48,8,1198,1,6,8,1,8
2017010022600,1,9,-1,-1,-1,0,-1,-1,-1,-1,-1,-1,6,3,-1,-1,-1,-1,-1,-1,-1,-1
2017010022601,1,9,0,5,-1,0,0,0,0,0,1,1,6,1,27,6,1598,2,2,-1,-1,-1
2017010022601,2,1,0,18,9,0,0,0,0,0,4,1,4,1,17,4,-1,-1,-1,5,1,5
2017010022602,1,9,0,18,0,5,0,0,0,0,1,1,1,2,45,7,3456,8,7,8,1,8
2017010022602,2,9,0,7,0,5,0,0,0,0,1,1,6,1,30,6,1781,1,16,7,1,7
2017010022603,1,9,0,18,0,1,0,0,0,0,3,1,6,1,53,8,1798,8,5,1,1,1
2017010022603,2,3,0,9,0,1,0,0,0,0,1,1,6,1,-1,-1,125,1,5,2,1,2
2017010022613,1,9,0,7,0,5,0,0,0,0,4,1,6,2,41,7,1753,2,7,8,1,8
2017010022613,2,9,0,18,0,5,1,0,1,10,3,1,6,2,36,7,1984,1,6,8,1,8
2017010022615,1,9,0,18,0,0,0,0,0,0,4,1,6,3,-1,-1,1794,1,14,-1,-1,-1
2017010022616,1,9,0,12,0,0,5,0,0,0,1,1,6,1,80,11,1599,1,14,4,1,4
2017010022616,2,9,0,4,0,0,0,0,0,0,2,1,2,2,55,8,898,1,1,9,1,9
2017010022616,3,9,0,4,0,0,0,0,0,0,2,1,2,1,27,6,1597,1,9,7,1,7
2017010022617,1,9,0,6,0,1,0,0,0,0,1,1,6,1,20,4,-1,-1,-1,2,1,2
2017010022617,2,5,0,18,0,1,0,0,0,0,3,1,2,1,32,6,745,1,3,3,1,3
2017010022620,1,1,0,4,4,0,0,0,0,0,1,1,6,1,28,6,-1,-1,-1,8,1,8
2017010022620,2,9,-1,-1,0,0,0,-1,0,0,3,-1,6,1,-1,-1,-1,-1,-1,-1,-1,-1
2017010022621,1,1,0,4,0,1,0,0,0,0,4,1,2,1,22,5,-1,-1,-1,3,1,3
2017010022624,1,3,0,14,2,1,0,0,0,0,1,1,1,1,34,6,125,1,4,2,1,2
2017010022624,2,9,0,7,0,5,0,0,1,0,4,1,1,1,39,7,1598,1,3,2,1,2
2017010022626,1,8,0,3,0,1,0,0,0,0,4,1,1,1,48,8,1798,8,5,3,1,3
2017010022626,2,9,0,-1,0,1,-1,-1,0,0,-1,1,6,1,-1,-1,-1,-1,-1,-1,-1,-1
2017010022627,1,9,0,3,-1,0,0,0,0,0,3,-1,6,2,26,6,1199,1,18,5,1,5
2017010022627,2,11,0,18,-1,0,0,0,0,0,1,1,6,3,-1,-1,-1,-1,-1,-1,-1,-1
2017010022630,1,9,0,9,0,6,0,0,0,0,1,1,2,1,53,8,2143,2,6,4,1,4
2017010022630,2,1,0,18,0,1,0,0,0,0,1,1,2,1,29,6,-1,-1,-1,1,1,1
2017010022631,1,1,0,18,0,1,0,10,1,0,0,1,1,2,72,10,-1,-1,-1,7,1,7
2017010022631,2,9,0,4,0,1,0,0,0,0,0,1,6,3,-1,-1,-1,-1,-1,-1,-1,-1
2017010022635,1,1,0,18,4,1,0,0,0,0,3,1,2,1,28,6,-1,-1,-1,4,1,4
2017010022635,2,9,0,7,4,8,0,0,0,0,4,-1,6,2,-1,-1,-1,-1,-1,-1,-1,-1
2017010022646,1,5,0,13,0,0,2,0,0,0,4,1,2,1,52,8,599,1,9,4,1,4
2017010022647,1,9,0,7,0,2,0,0,0,0,2,1,6,1,43,7,1461,2,4,10,1,10
2017010022647,2,9,0,7,0,2,0,0,0,0,1,-1,6,3,-1,-1,1598,1,1,-1,-1,-1
2017010022648,1,8,0,4,0,1,0,12,0,0,1,1,6,1,47,8,1598,1,5,2,1,2
2017010022649,1,9,0,9,9,0,0,0,0,0,3,1,6,1,22,5,1596,1,11,4,1,4
2017010022650,1,9,0,18,0,1,0,0,0,0,4,1,6,1,69,10,2987,2,9,9,1,9
2017010022651,1,19,0,9,0,1,0,0,0,0,3,1,1,1,54,8,1968,2,1,3,1,3
2017010022651,2,3,0,13,0,1,0,0,0,0,1,1,6,1,28,6,123,1,1,2,1,2
2017010022652,1,19,0,18,0,8,0,0,0,0,4,1,1,1,35,6,-1,-1,-1,5,1,5
2017010022653,1,19,0,2,6,8,0,0,0,0,3,1,6,3,-1,-1,2998,2,9,-1,-1,-1
2017010022653,2,1,0,18,0,8,0,4,0,0,1,1,2,2,23,5,-1,-1,-1,1,1,1
2017010022654,1,9,0,13,0,8,0,0,0,0,1,2,6,1,26,6,1560,2,8,-1,-1,-1
2017010022654,2,9,0,9,0,5,0,0,7,0,2,1,6,2,74,10,998,1,16,9,1,9
2017010022654,3,9,0,7,0,2,0,0,0,0,4,1,6,1,49,8,2993,2,1,4,1,4
2017010022654,4,9,0,18,0,2,0,0,0,0,1,1,6,1,45,7,2993,2,1,4,1,4
2017010022655,1,19,0,18,0,8,0,0,0,0,4,1,1,1,53,8,1598,2,10,-1,-1,-1
2017010022655,2,3,0,18,0,1,0,0,0,0,1,1,6,1,25,5,125,1,12,2,1,2
2017010022658,1,9,0,9,0,1,0,0,0,0,1,1,2,1,30,6,999,1,16,3,1,3
2017010022658,2,1,0,15,0,1,0,0,0,0,1,1,2,1,48,8,-1,-1,-1,7,1,7
2017010022659,1,9,0,9,0,5,0,0,0,0,1,1,2,1,35,6,1871,2,14,6,3,6
2017010022659,2,9,0,18,0,1,0,0,0,0,3,1,1,1,62,9,-1,-1,-1,5,1,5
2017010022661,1,9,0,18,0,2,0,0,0,0,1,1,6,1,32,6,1995,2,9,6,1,6
2017010022662,1,8,0,18,0,1,0,0,0,0,1,1,1,1,48,8,1797,8,5,9,1,9
2017010022663,1,9,0,4,0,1,5,4,0,0,1,1,6,1,81,11,1396,1,17,3,1,3
2017010022663,2,9,0,2,0,1,0,0,0,0,1,1,6,3,-1,-1,1598,1,15,-1,-1,-1
2017010022665,1,9,0,4,0,0,0,0,0,0,0,1,1,1,63,9,1364,1,2,6,1,6
2017010022666,1,3,0,7,2,1,0,0,1,0,3,1,1,1,22,5,125,1,3,5,1,5
2017010022666,2,11,0,13,2,1,0,0,0,0,4,1,1,1,45,7,3900,2,12,2,1,2
2017010022667,1,9,0,3,0,1,0,0,0,0,4,2,6,1,51,8,2143,2,6,3,1,3
2017010022667,2,9,0,7,0,1,0,0,0,0,1,2,6,3,-1,-1,1360,1,14,-1,-1,-1
2017010022668,1,9,0,18,0,0,0,0,0,0,1,1,6,1,20,4,1198,1,6,3,1,3
2017010022669,1,3,0,5,0,1,0,0,0,0,1,1,2,1,24,5,-1,-1,-1,-1,-1,-1
2017010022670,1,8,0,9,0,8,0,0,0,0,4,1,1,1,32,6,2499,2,11,7,1,7
2017010022670,2,1,0,18,0,1,0,0,0,0,1,1,6,1,31,6,-1,-1,-1,3,1,3
2017010022671,1,21,1,3,0,1,0,0,0,0,2,1,1,1,44,7,10677,2,1,4,1,4
2017010022671,2,9,0,18,0,1,0,4,0,0,1,1,6,2,62,9,1997,2,1,10,1,10
2017010022673,1,9,0,7,0,6,0,0,0,0,1,2,6,1,33,6,3199,2,13,3,1,3
2017010022673,2,9,0,18,0,1,0,0,0,0,4,1,6,2,22,5,996,1,5,7,1,7
2017010022674,1,2,0,16,0,0,5,0,0,0,0,1,6,1,26,6,124,1,17,7,1,7
2017010022675,1,9,0,17,0,1,0,0,0,0,4,1,6,3,-1,-1,2497,2,21,-1,-1,-1
2017010022675,2,9,0,3,0,8,0,0,0,0,3,1,1,2,45,7,1968,2,7,1,1,1
2017010022675,3,9,0,3,0,8,0,0,0,0,3,1,6,2,54,8,2231,2,9,1,1,1
2017010022676,1,9,0,6,0,2,0,0,0,0,1,1,1,1,55,8,1598,2,4,7,1,7
2017010022676,2,3,0,13,0,2,0,0,0,0,1,1,1,1,24,5,125,1,3,2,1,2
2017010022677,1,3,0,18,0,8,5,0,0,0,1,1,6,1,25,5,125,1,7,4,1,4
2017010022677,2,9,0,9,0,8,0,0,0,0,1,1,6,2,24,5,1598,1,9,5,1,5
2017010022679,1,9,0,5,0,3,0,0,0,0,1,1,2,1,39,7,1490,1,10,2,1,2
2017010022679,2,3,0,5,0,3,0,0,0,0,1,1,1,1,24,5,49,1,7,5,1,5
2017010022680,1,9,0,18,0,6,0,0,0,0,3,1,6,1,28,6,2993,2,6,6,1,6
2017010022680,2,3,0,18,0,2,0,0,0,0,1,1,6,1,24,5,-1,-1,-1,3,1,3
2017010022681,1,9,0,4,0,2,0,0,0,0,2,1,6,1,23,5,2204,2,11,10,1,10
2017010022681,2,9,0,18,0,2,0,0,0,0,2,1,6,1,28,6,1995,2,11,7,1,7
2017010022682,1,3,0,13,0,0,0,0,0,0,1,1,6,1,18,4,124,1,1,4,1,4
2017010022682,2,9,0,5,0,0,0,0,0,0,1,1,6,1,55,8,1997,1,17,1,1,1
2017010022683,1,9,0,18,0,2,0,0,0,0,3,1,6,3,-1,-1,-1,-1,-1,-1,-1,-1
2017010022684,1,9,0,9,0,8,0,0,0,0,3,1,2,1,44,7,1587,1,16,1,1,1
2017010022684,2,9,0,13,0,8,0,0,0,0,1,1,6,3,-1,-1,-1,-1,-1,-1,-1,-1
2017010022685,1,9,0,18,0,1,0,11,0,0,1,1,6,1,23,5,1995,1,11,1,1,1
2017010022685,2,9,0,10,0,1,0,11,0,0,3,1,6,1,23,5,1968,2,3,1,1,1
2017010022686,1,9,0,4,0,1,0,0,0,0,2,1,6,1,34,6,1598,2,1,2,1,2
2017010022686,2,9,0,4,0,1,0,0,0,0,1,1,6,2,37,7,1596,1,12,4,1,4
2017010022687,1,3,0,18,0,8,0,0,0,0,1,1,6,1,23,5,125,1,1,3,1,3
2017010022687,2,9,0,9,0,8,1,0,0,0,1,1,6,3,-1,-1,-1,-1,-1,-1,-1,-1
2017010022688,1,9,0,5,0,1,0,0,0,0,1,1,6,1,48,8,2143,2,3,3,1,3
2017010022689,1,9,0,9,0,8,0,0,0,0,1,1,6,1,18,4,1995,1,13,6,1,6
2017010022689,2,9,0,18,0,1,0,0,0,0,1,1,6,2,22,5,1390,1,14,1,1,1
2017010022690,1,9,0,18,0,8,0,0,0,0,1,1,1,1,37,7,-1,-1,-1,4,1,4
2017010022691,1,9,0,18,0,6,0,0,0,0,1,1,6,3,-1,-1,2000,2,7,-1,-1,-1
2017010022691,2,9,0,18,0,6,0,0,0,0,1,1,6,1,33,6,1995,2,7,4,1,4
2017010022691,3,9,0,2,9,1,0,0,0,0,3,1,6,3,-1,-1,-1,-1,-1,-1,-1,-1
2017010022691,4,9,0,2,9,1,0,0,0,0,2,1,6,3,-1,-1,1560,2,3,-1,-1,-1
2017010022694,1,8,0,18,0,0,0,4,0,0,1,1,1,1,24,5,1997,2,8,6,1,6
2017010022694,2,9,0,2,0,0,0,0,0,0,2,1,6,3,-1,-1,1240,1,14,-1,-1,-1
2017010022695,1,9,0,18,0,8,0,0,0,0,1,1,6,1,19,4,1598,1,3,9,1,9
2017010022695,2,9,0,9,0,6,0,0,0,0,3,1,6,1,37,7,-1,-1,-1,-1,-1,-1
2017010022696,1,3,0,17,0,6,0,0,0,0,1,1,1,1,27,6,-1,-1,-1,1,1,1
2017010022696,2,9,0,6,2,6,0,0,0,0,3,1,6,1,-1,-1,2987,2,1,-1,-1,-1
2017010022698,1,3,0,15,0,1,0,0,1,10,3,1,6,1,44,7,124,1,5,6,1,6
2017010022698,2,9,0,7,0,1,0,0,0,0,4,1,1,1,38,7,1798,8,4,2,1,2
2017010022710,1,9,0,3,0,1,0,0,0,0,2,1,6,2,55,8,1781,1,16,5,1,5
2017010022710,2,9,0,18,0,1,0,4,0,0,1,1,6,3,-1,-1,1968,2,5,-1,-1,-1
2017010022721,1,9,-1,18,0,1,0,0,0,0,3,-1,6,1,-1,-1,2494,1,18,10,1,10
2017010022724,1,19,0,2,0,1,0,8,0,0,3,1,6,3,-1,-1,1598,2,3,-1,-1,-1