Accident_Index,Vehicle_Reference,Vehicle_Type,Towing_and_Articulation,Vehicle_Manoeuvre,Vehicle_Location-Restricted_Lane,Junction_Location,Skidding_and_Overturning,Hit_Object_in_Carriageway,Vehicle_Leaving_Carriageway,Hit_Object_off_Carriageway,1st_Point_of_Impact,Was_Vehicle_Left_Hand_Drive?,Journey_Purpose_of_Driver,Sex_of_Driver,Age_of_Driver,Age_Band_of_Driver,Engine_Capacity_(CC),Propulsion_Code,Age_of_Vehicle,Driver_IMD_Decile,Driver_Home_Area_Type,Vehicle_IMD_Decile
2017010023258,1,9,-1,3,-1,0,-1,-1,-1,-1,2,-1,6,2,43,7,1240,1,14,-1,-1,-1
2017010023258,2,9,-1,-1,-1,0,-1,-1,-1,-1,1,-1,6,1,17,4,1596,1,2,-1,-1,-1
2017010023259,1,9,0,-1,0,1,-1,0,0,0,-1,-1,6,1,30,6,1685,2,-1,10,1,10
2017010023259,2,9,0,-1,0,1,-1,-1,0,0,-1,-1,6,1,-1,-1,2995,1,13,8,1,8
2017010023275,1,8,0,1,0,6,0,0,0,0,2,1,1,1,27,6,1560,2,5,2,1,2
2017010023275,2,3,0,18,0,1,0,0,0,0,1,1,6,1,18,4,109,1,3,5,1,5
2017010023276,1,9,0,5,0,3,0,0,0,0,1,1,6,1,28,6,1388,1,13,7,1,7
2017010023277,1,9,0,9,0,4,0,0,0,0,3,1,6,1,75,10,1598,1,9,-1,-1,-1
2017010023277,2,9,0,18,0,4,0,0,0,0,1,1,6,1,26,6,1391,1,21,7,1,7
2017010023280,1,90,0,18,0,1,0,0,0,0,1,1,6,1,29,6,2298,2,2,2,1,2
2017010023280,2,9,0,10,2,1,0,0,1,0,1,1,2,2,24,5,1598,1,12,2,1,2
2017010023281,1,9,0,18,9,1,0,10,1,0,1,1,2,1,25,5,999,1,2,2,1,2
2017010023281,2,9,0,9,0,8,0,0,0,0,0,1,6,1,67,10,1388,1,10,4,1,4
2017010023282,1,9,0,16,0,8,0,0,0,0,3,1,6,2,48,8,2099,1,14,4,1,4
2017010023282,2,9,0,3,0,6,0,0,0,0,4,1,6,2,50,8,1968,2,11,8,1,8
2017010023282,3,9,0,17,0,8,0,0,0,0,3,1,6,1,46,8,1753,2,9,9,1,9
2017010023283,1,20,-1,-1,0,-1,-1,0,0,0,1,-1,6,1,28,6,6692,2,9,8,1,8
2017010023284,1,9,0,6,0,0,0,0,0,0,4,1,6,1,20,4,1149,1,11,5,1,5
2017010023284,2,1,5,18,0,0,0,0,0,0,1,1,6,2,27,6,-1,-1,-1,1,1,1
2017010023286,1,9,0,7,0,5,0,0,0,0,0,1,2,1,34,6,-1,-1,-1,10,1,10
2017010023286,2,1,0,18,0,1,5,0,0,0,0,1,2,1,54,8,-1,-1,-1,8,1,8
2017010023287,1,11,0,4,0,8,0,0,0,0,0,1,1,1,52,8,6692,2,6,5,1,5
2017010023288,1,9,0,9,0,5,0,0,0,0,3,1,6,2,43,7,1896,2,8,5,1,5
2017010023288,2,3,0,13,0,1,0,0,0,0,1,1,1,1,32,6,125,1,1,2,1,2
2017010023289,1,5,0,13,0,8,0,0,1,0,1,1,6,1,34,6,749,1,10,3,1,3
2017010023290,1,9,0,18,0,3,0,0,0,0,1,1,6,1,54,8,1598,2,1,4,1,4
2017010023290,2,1,0,7,0,3,0,0,0,0,2,1,6,2,53,8,-1,-1,-1,2,1,2
2017010023291,1,9,0,9,0,1,1,11,7,0,1,1,6,1,21,5,2198,1,18,-1,-1,-1
2017010023291,2,9,0,2,9,1,0,0,0,0,2,1,6,3,-1,-1,2460,2,10,-1,-1,-1
2017010023291,3,9,0,2,9,1,0,0,0,0,3,1,6,3,-1,-1,1968,2,10,-1,-1,-1
2017010023291,4,1,0,18,0,1,0,0,0,0,1,1,2,1,36,7,-1,-1,-1,2,1,2
2017010023292,1,9,0,18,0,1,0,0,0,0,2,1,6,2,32,6,1242,1,13,6,1,6
2017010023292,2,9,0,18,0,1,0,0,0,0,1,1,6,1,20,4,1197,1,1,6,1,6
2017010023292,3,9,0,18,0,1,0,0,0,0,1,1,2,2,23,5,1229,1,2,-1,-1,-1
2017010023293,1,9,0,9,0,6,0,0,0,0,1,1,6,1,31,6,1364,1,1,6,1,6
2017010023293,2,9,0,9,0,1,0,0,0,0,0,1,6,2,31,6,1198,1,7,8,1,8
2017010023295,1,9,0,18,0,2,0,0,0,0,4,1,6,1,42,7,2143,2,7,2,1,2
2017010023296,1,3,0,18,0,8,0,0,0,0,1,1,1,1,27,6,125,1,3,2,1,2
2017010023296,2,3,0,9,0,8,0,0,0,0,1,1,6,1,19,4,124,1,16,4,1,4
2017010023297,1,9,0,18,0,8,0,0,0,0,1,1,6,1,33,6,1296,1,9,2,1,2
2017010023297,2,9,0,18,0,8,0,0,0,0,3,1,6,2,32,6,1149,1,6,8,1,8
2017010023298,1,9,0,5,0,2,0,0,0,0,1,1,6,3,-1,-1,-1,-1,-1,-1,-1,-1
2017010023299,1,9,0,5,0,4,0,0,0,0,1,1,6,2,38,7,1364,1,13,3,1,3
2017010023300,1,1,0,18,0,1,0,0,0,0,0,1,2,2,24,5,-1,-1,-1,6,1,6
2017010023301,1,11,0,5,2,0,0,0,0,0,0,1,1,1,43,7,4500,2,2,4,1,4
2017010023303,1,9,0,18,0,2,0,0,0,0,1,1,6,1,19,4,1364,1,8,3,1,3
2017010023303,2,19,0,6,0,2,0,0,0,0,1,1,1,1,34,6,2198,2,3,1,1,1
2017010023305,1,9,0,4,0,2,0,0,0,0,2,1,6,1,65,9,1388,1,7,2,1,2
2017010023305,2,9,0,4,0,2,0,0,0,0,1,1,1,1,55,8,1797,8,8,3,1,3
2017010023305,3,9,0,4,0,2,0,0,0,0,1,1,6,1,40,7,1995,2,10,5,1,5
2017010023306,1,9,-1,-1,0,-1,-1,-1,-1,-1,-1,-1,6,3,-1,-1,-1,-1,-1,-1,-1,-1
2017010023309,1,2,0,18,0,1,0,0,0,0,1,1,2,2,32,6,-1,-1,-1,5,1,5
2017010023309,2,9,0,7,0,6,0,0,0,0,3,1,6,1,71,10,1999,1,12,8,1,8
2017010023313,1,9,0,7,0,6,0,0,0,0,1,-1,6,1,40,7,2996,1,10,5,1,5
2017010023313,2,1,0,18,0,8,0,0,0,0,2,1,6,1,44,7,-1,-1,-1,6,1,6
2017010023314,1,9,0,18,0,1,0,0,0,0,1,1,6,2,41,7,1896,2,12,3,1,3
2017010023314,2,3,0,9,0,6,5,0,0,0,3,1,6,2,47,8,125,1,2,3,1,3
2017010023316,1,19,5,1,0,0,0,0,0,0,2,-1,6,1,41,7,-1,-1,-1,3,1,3
2017010023329,1,1,0,-1,0,8,0,0,0,0,1,1,6,1,30,6,-1,-1,-1,4,1,4
2017010023329,2,9,0,7,0,8,0,0,0,0,4,1,6,2,-1,-1,-1,-1,-1,-1,-1,-1
2017010023349,1,9,0,-1,-1,-1,0,-1,-1,0,-1,-1,6,1,18,4,1798,1,11,-1,-1,-1
2017010023349,2,1,0,-1,0,-1,0,-1,-1,0,-1,1,6,1,32,6,-1,-1,-1,7,1,7
2017010023356,1,9,0,4,0,0,0,0,0,0,2,-1,6,1,46,8,2143,2,3,5,1,5
2017010023356,2,9,-1,1,0,0,0,0,0,0,-1,-1,6,3,-1,-1,1956,2,1,-1,-1,-1
2017010023360,1,9,0,18,0,8,0,0,0,0,4,-1,6,2,45,7,1968,2,3,10,1,10
2017010023360,2,9,0,-1,0,1,0,0,0,0,3,-1,6,3,-1,-1,999,1,3,-1,-1,-1
2017010023361,1,9,-1,3,0,0,0,0,0,0,2,-1,6,1,28,6,1596,1,7,1,1,1
2017010023361,2,9,-1,18,0,0,0,0,0,0,1,-1,6,1,-1,-1,1598,1,12,1,1,1
2017010023367,1,3,-1,-1,0,-1,-1,-1,-1,-1,-1,1,6,2,36,7,124,1,6,3,1,3
2017010023367,2,9,-1,-1,-1,-1,-1,-1,-1,-1,-1,-1,6,3,-1,-1,2993,2,3,-1,-1,-1
2017010023370,1,9,0,9,0,1,0,0,0,0,1,1,6,1,59,9,1560,2,8,3,1,3
2017010023370,2,1,0,18,4,1,0,0,0,0,1,1,1,1,24,5,-1,-1,-1,3,1,3
2017010023384,1,19,-1,-1,0,1,0,0,0,0,1,-1,6,1,43,7,1868,2,13,7,1,7
2017010023387,1,5,0,18,0,1,0,0,0,0,1,1,6,1,30,6,599,1,17,3,1,3
2017010023387,2,9,0,9,0,6,0,0,0,0,1,2,6,3,-1,-1,3189,1,11,-1,-1,-1
2017010023396,1,9,-1,18,0,1,0,0,0,0,2,-1,6,1,23,5,1791,8,5,8,1,8
2017010023396,2,19,-1,18,0,1,0,-1,0,0,1,-1,6,1,-1,-1,2198,2,3,-1,-1,-1
2017010023399,1,9,0,9,0,1,0,0,0,0,1,1,2,1,50,8,1794,1,10,8,1,8
2017010023399,2,1,0,18,0,1,0,0,0,0,1,1,6,1,31,6,-1,-1,-1,3,1,3
2017010023400,1,4,0,18,0,1,0,0,0,0,1,1,6,1,32,6,244,1,8,-1,-1,-1
2017010023400,2,9,0,9,0,1,0,0,0,0,1,-1,6,3,-1,-1,1364,1,8,-1,-1,-1
2017010023406,1,1,0,-1,0,0,-1,0,-1,-1,-1,1,6,1,27,6,-1,-1,-1,7,1,7
2017010023406,2,9,-1,-1,0,0,-1,-1,0,0,-1,-1,6,2,-1,-1,-1,-1,-1,-1,-1,-1
2017010023417,1,9,0,7,0,1,0,0,0,0,1,1,2,1,43,7,1968,2,3,9,1,9
2017010023417,2,9,0,14,0,6,0,0,0,0,1,1,2,1,25,5,1390,1,6,5,1,5
2017010023419,1,9,0,18,2,8,0,0,0,0,1,1,6,2,48,8,1124,1,16,2,1,2
2017010023419,2,1,0,18,0,8,0,0,7,10,2,1,4,1,18,4,-1,-1,-1,4,1,4
2017010023435,1,1,-1,18,-1,-1,-1,-1,-1,-1,-1,1,6,3,-1,-1,-1,-1,-1,-1,-1,-1
2017010023437,1,1,0,18,4,1,0,0,0,0,0,1,6,2,23,5,-1,-1,-1,1,1,1
2017010023440,1,9,-1,-1,-1,-1,-1,-1,-1,-1,-1,-1,6,2,49,8,1999,1,8,7,1,7
2017010023440,2,3,-1,-1,-1,-1,-1,-1,-1,-1,-1,1,6,1,-1,-1,-1,-1,-1,2,1,2
2017010023441,1,9,0,18,0,4,0,0,0,0,1,1,3,1,22,5,1596,1,15,1,1,1
2017010023441,2,9,0,9,0,4,0,0,0,0,1,1,2,2,35,6,1598,2,1,-1,-1,-1
2017010023444,1,9,0,4,0,1,0,0,0,0,2,1,6,2,34,6,1598,1,6,3,1,3
2017010023444,2,2,0,18,0,1,0,0,0,0,1,1,6,1,17,4,125,1,1,2,1,2
2017010023447,1,9,0,4,0,1,0,0,0,0,2,1,2,1,40,7,1390,1,11,9,1,9
2017010023447,2,9,0,4,0,1,0,0,0,0,2,1,6,1,22,5,1390,1,12,1,1,1
2017010023447,3,21,0,4,2,1,0,0,0,0,1,1,1,1,30,6,10837,2,3,2,1,2
2017010023452,1,11,0,5,0,1,0,0,0,0,0,1,1,1,49,8,4461,2,3,2,1,2
2017010023456,1,9,0,18,0,8,0,0,0,0,0,1,6,3,-1,-1,-1,-1,-1,-1,-1,-1
2017010023462,1,21,1,18,0,0,1,11,0,0,3,1,6,1,35,6,12809,2,2,5,1,5
2017010023465,1,9,0,4,0,1,0,0,3,0,4,1,1,1,22,5,2143,2,1,3,1,3
2017010023467,1,1,-1,18,0,-1,0,0,0,0,3,1,2,1,55,8,-1,-1,-1,3,1,3
2017010023470,1,8,0,7,0,3,0,0,0,0,2,1,1,1,46,8,2499,2,8,8,1,8
2017010023470,2,1,0,18,0,3,0,0,0,0,1,1,6,1,22,5,-1,-1,-1,5,1,5
2017010023481,1,1,0,18,0,2,0,0,0,0,1,1,2,1,27,6,-1,-1,-1,2,1,2
2017010023481,2,9,0,3,0,2,0,0,0,0,2,1,6,2,37,7,-1,-1,-1,-1,-1,-1
2017010023498,1,9,0,9,0,8,0,0,0,0,1,-1,6,3,-1,-1,1598,1,10,-1,-1,-1
2017010023500,1,9,0,5,0,3,0,0,0,0,1,1,6,2,49,8,1998,1,15,2,1,2
2017010023504,1,9,0,4,0,1,0,0,0,0,1,1,6,2,41,7,1995,2,11,2,1,2
2017010023504,2,9,0,18,0,1,0,0,0,0,2,1,6,1,28,6,999,1,1,5,1,5
2017010023507,1,9,0,7,0,8,0,0,0,0,3,1,3,2,42,7,1339,1,12,3,1,3
2017010023507,2,11,0,18,0,8,0,0,0,0,1,1,6,1,38,7,9000,2,11,3,1,3
2017010023508,1,11,-1,5,-1,-1,-1,-1,-1,-1,-1,1,6,3,-1,-1,-1,-1,-1,-1,-1,-1
2017010023509,1,9,0,9,0,8,0,0,0,0,1,1,6,2,83,11,1229,1,11,5,1,5
2017010023509,2,21,1,18,0,8,1,0,0,0,1,1,1,1,29,6,12740,2,5,4,1,4
2017010023517,1,9,-1,-1,-1,-1,-1,-1,-1,-1,-1,-1,6,2,49,8,1796,1,13,8,1,8
2017010023517,2,9,-1,-1,-1,-1,-1,-1,-1,-1,-1,-1,6,1,27,6,1686,2,14,6,1,6
2017010023529,1,11,0,4,0,1,0,0,0,0,2,1,1,1,58,9,6700,2,8,1,1,1
2017010023529,2,9,0,4,0,1,0,0,0,0,1,1,6,1,42,7,1598,1,10,2,1,2
2017010023535,1,9,0,1,-1,2,0,0,-1,0,2,-1,6,3,-1,-1,1956,2,7,-1,-1,-1
2017010023538,1,9,0,18,0,2,0,0,0,0,1,1,6,1,26,6,-1,-1,-1,3,1,3
2017010023538,2,9,0,2,0,1,0,0,0,0,3,1,6,3,-1,-1,2143,2,1,-1,-1,-1
2017010023538,3,9,0,18,0,1,0,4,0,0,3,1,6,1,92,11,1299,1,23,5,1,5
2017010023543,1,3,0,18,9,0,0,0,0,0,1,1,6,1,35,6,125,1,12,5,1,5
2017010023544,1,1,0,18,0,0,0,0,0,0,2,1,2,1,25,5,-1,-1,-1,3,1,3
2017010023544,2,8,0,18,0,0,0,0,0,0,1,-1,1,1,-1,-1,2499,2,9,-1,-1,-1
2017010023551,1,1,0,18,0,0,-1,0,0,0,1,1,2,1,32,6,-1,-1,-1,-1,-1,-1
2017010023551,2,9,-1,4,-1,0,-1,0,0,0,1,1,6,1,-1,-1,1598,1,12,6,1,6
2017010023553,1,9,-1,18,-1,-1,-1,-1,-1,-1,-1,-1,6,1,25,5,1995,2,8,-1,-1,-1
2017010023553,2,9,-1,18,-1,-1,-1,-1,-1,-1,-1,-1,6,3,-1,-1,1997,1,4,-1,-1,-1
2017010023555,1,9,0,18,0,-1,0,0,0,0,2,-1,6,1,38,7,2143,2,4,5,1,5
2017010023561,1,5,0,18,0,0,0,0,0,0,1,1,6,1,52,8,1284,1,11,1,1,1
2017010023565,1,9,0,18,0,2,0,0,0,0,2,1,6,2,29,6,1997,2,1,3,1,3
2017010023565,2,9,0,7,0,8,0,0,0,0,1,1,6,1,73,10,1598,1,7,1,1,1
2017010023566,1,9,0,9,0,1,0,0,0,0,1,1,2,1,38,7,1395,1,-1,6,1,6
2017010023566,2,3,0,18,0,1,0,0,0,0,3,1,1,1,24,5,-1,-1,-1,5,1,5
2017010023567,1,9,0,18,0,1,0,0,0,0,1,1,2,1,58,9,1997,2,12,-1,-1,-1
2017010023569,1,9,0,9,0,1,0,0,0,0,1,1,6,3,-1,-1,-1,-1,-1,-1,-1,-1
2017010023570,1,9,0,9,0,5,0,0,0,0,3,1,6,1,44,7,1598,1,10,-1,-1,-1
2017010023570,2,1,0,7,0,2,0,0,0,0,1,1,6,1,18,4,-1,-1,-1,-1,-1,-1
2017010023572,1,11,0,9,0,1,0,0,0,0,1,1,1,1,66,10,5132,2,2,4,1,4
2017010023573,1,19,0,18,0,8,0,0,0,0,3,1,1,1,27,6,1499,2,1,2,1,2
2017010023573,2,1,0,9,0,8,0,0,0,0,4,1,2,2,36,7,-1,-1,-1,3,1,3
2017010023574,1,4,0,9,0,8,0,0,0,0,4,1,6,1,40,7,-1,-1,-1,3,1,3
2017010023574,2,1,0,18,4,8,0,0,0,0,1,1,6,2,24,5,-1,-1,-1,4,1,4
2017010023575,1,9,0,9,0,1,0,0,0,0,3,1,2,1,24,5,1242,1,14,8,1,8
2017010023575,2,90,0,18,0,1,0,0,0,0,4,1,6,1,50,8,-1,-1,-1,6,3,6
2017010023576,1,8,0,18,0,8,0,0,0,0,4,1,1,1,40,7,1997,2,1,3,1,3
2017010023576,2,3,0,18,0,6,0,0,0,0,1,1,6,3,-1,-1,599,1,7,-1,-1,-1
2017010023577,1,9,0,6,0,8,0,0,0,0,2,1,6,1,30,6,1984,1,9,3,1,3
2017010023577,2,1,0,18,0,1,0,0,0,0,1,1,6,1,47,8,-1,-1,-1,2,1,2
2017010023579,1,9,0,3,0,2,0,0,0,0,0,1,1,1,24,5,1969,2,2,-1,-1,-1
2017010023579,2,9,0,9,0,8,0,10,1,0,1,1,6,3,-1,-1,1595,1,15,-1,-1,-1
2017010023580,1,11,0,4,0,0,0,0,0,0,2,1,1,1,43,7,9000,2,6,3,1,3
2017010023580,2,9,0,18,0,0,1,0,0,0,1,1,6,1,30,6,1995,1,15,3,1,3
2017010023581,1,11,0,18,0,2,0,0,0,0,3,1,1,1,36,7,9360,2,6,6,1,6
2017010023581,2,3,0,13,0,2,0,7,0,0,4,1,6,1,21,5,-1,-1,-1,2,1,2
2017010023581,3,9,0,18,0,1,0,0,0,0,3,1,2,2,42,7,1596,1,11,1,1,1
2017010023582,1,4,0,18,0,0,1,0,0,0,1,1,2,1,21,5,125,1,3,2,1,2
2017010023582,2,9,0,15,0,0,1,0,0,0,1,1,6,1,32,6,1686,2,10,5,1,5
2017010023582,3,9,0,18,0,0,0,0,0,0,4,1,6,1,58,9,1598,1,12,3,1,3
2017010023583,1,9,0,7,0,1,0,0,0,0,3,1,6,1,23,5,999,1,2,6,1,6
2017010023583,2,90,0,18,0,1,0,0,0,0,4,1,6,3,-1,-1,6692,2,6,-1,-1,-1
2017010023584,1,9,0,18,0,1,0,0,0,0,1,1,6,1,-1,-1,1395,1,-1,8,1,8
2017010023584,2,1,0,9,0,8,0,0,0,0,1,1,6,1,66,10,-1,-1,-1,3,1,3
2017010023585,1,3,0,5,0,1,0,0,0,0,2,1,2,1,40,7,125,1,4,1,1,1
2017010023585,2,11,0,18,0,2,0,0,0,0,2,1,1,1,28,6,4500,2,6,6,1,6
2017010023585,3,9,0,18,0,1,1,0,0,0,1,1,6,1,50,8,2179,2,2,10,1,10
2017010023588,1,4,0,18,0,1,0,0,0,0,1,1,6,1,29,6,125,1,8,2,1,2
2017010023588,2,9,0,18,0,1,0,0,0,0,1,1,6,2,35,6,1598,1,15,2,1,2
2017010023589,1,11,0,4,0,0,0,0,0,0,0,1,1,1,31,6,6700,2,5,1,1,1
2017010023590,1,8,0,18,0,2,0,0,0,0,1,1,1,1,52,8,1753,2,6,6,1,6
2017010023590,2,9,0,18,0,2,0,0,0,0,1,1,6,1,34,6,1598,1,13,-1,1,-1
2017010023591,1,9,0,18,0,8,0,0,0,0,1,1,6,1,22,5,2143,2,1,8,1,8
2017010023591,2,11,0,9,0,8,0,0,0,0,1,1,6,1,30,6,9000,2,11,3,1,3
2017010023592,1,8,0,4,0,1,0,0,0,0,1,1,1,1,48,8,2402,2,11,6,1,6
2017010023592,2,3,0,15,0,1,0,0,0,0,2,1,1,1,43,7,108,1,3,4,1,4
2017010023593,1,9,0,18,0,0,2,10,6,7,4,1,6,1,37,7,1796,1,8,5,1,5
2017010023594,1,9,0,9,0,1,0,0,0,0,1,1,6,2,25,5,1686,2,6,1,1,1
2017010023594,2,4,0,13,0,1,5,0,0,0,1,1,1,1,23,5,108,1,3,6,1,6
2017010023596,1,19,0,18,0,0,0,0,1,0,4,1,1,1,31,6,2198,2,2,6,1,6
2017010023596,2,9,0,18,0,0,0,0,1,0,1,1,6,1,22,5,1895,1,18,-1,-1,-1
2017010023598,1,9,0,3,0,0,0,0,0,0,2,1,6,1,53,8,5000,1,8,9,3,9
2017010023598,2,9,0,3,0,0,0,0,0,0,2,1,6,2,40,7,999,1,1,6,1,6
2017010023598,3,9,0,4,0,0,0,0,0,0,1,1,6,1,54,8,1896,2,11,8,1,8
2017010023600,1,9,-1,2,-1,0,0,0,0,0,2,1,6,3,-1,-1,1242,1,7,-1,-1,-1
2017010023600,2,9,0,4,0,0,0,0,0,0,1,1,6,2,18,4,1783,1,13,-1,-1,-1
2017010023605,1,9,0,-1,0,5,0,0,-1,-1,-1,-1,6,1,-1,-1,1997,2,2,-1,-1,-1
2017010023605,2,1,0,-1,-1,1,0,0,0,0,-1,1,6,2,26,6,-1,-1,-1,5,1,5
2017010023644,1,9,-1,3,0,-1,1,-1,-1,-1,2,-1,6,1,47,8,2987,2,1,-1,-1,-1
2017010023644,2,9,-1,-1,0,-1,1,-1,-1,-1,-1,-1,6,3,-1,-1,1991,1,2,-1,-1,-1
2017010023655,1,9,0,18,0,8,0,0,0,0,2,-1,6,2,42,7,1598,1,5,-1,-1,-1
2017010023655,2,2,-1,18,0,-1,0,0,0,0,-1,1,6,1,18,4,-1,-1,-1,-1,-1,-1
2017010023658,1,9,0,18,0,1,0,0,0,0,3,-1,1,1,47,8,2395,8,5,2,1,2
2017010023666,1,1,0,18,4,-1,0,0,0,0,1,1,6,1,35,6,-1,-1,-1,2,1,2
2017010023666,2,5,0,18,4,8,0,0,0,0,1,1,6,1,17,4,125,1,6,2,1,2
2017010023671,1,21,0,7,0,8,0,0,0,0,4,1,1,1,37,7,9290,2,2,2,1,2
2017010023672,1,11,0,4,0,0,0,0,0,0,0,1,1,1,67,10,4500,2,1,-1,-1,-1
2017010023673,1,9,0,4,0,0,0,0,0,0,2,1,3,2,37,7,1560,2,3,1,1,1
2017010023673,2,9,0,4,0,0,0,0,0,0,1,1,6,2,25,5,1242,1,10,1,1,1
2017010023684,1,9,0,7,0,5,0,0,0,0,3,1,6,2,37,7,1596,1,13,3,1,3
2017010023692,1,9,0,3,0,1,0,0,0,0,1,1,2,1,36,7,2967,2,6,3,1,3
2017010023697,1,9,0,3,0,0,0,0,0,0,2,-1,2,1,53,8,2000,1,12,5,1,5
2017010023697,2,9,-1,4,0,0,0,0,0,0,1,-1,6,1,-1,-1,-1,-1,-1,-1,-1,-1
2017010023701,1,3,0,14,0,8,0,0,0,0,1,1,6,3,-1,-1,-1,-1,-1,-1,-1,-1
2017010023710,1,9,0,11,0,1,0,0,0,0,4,1,1,1,61,9,-1,-1,-1,4,1,4
2017010023711,1,3,0,14,0,1,0,0,0,0,1,1,6,1,33,6,124,1,7,4,1,4
2017010023714,1,5,0,15,0,8,1,10,0,0,4,1,6,1,61,9,-1,-1,-1,8,1,8
2017010023714,2,19,0,9,0,8,0,0,0,0,3,1,1,1,55,8,-1,-1,-1,10,1,10
2017010023715,1,9,-1,-1,0,0,0,0,0,0,1,-1,6,1,-1,-1,1596,1,13,-1,-1,-1
2017010023719,1,2,0,18,0,1,1,0,0,0,4,1,1,2,53,8,124,1,13,6,1,6
2017010023719,2,19,0,9,0,1,0,0,0,0,0,1,3,1,44,7,1995,2,10,4,1,4
2017010023720,1,1,0,-1,0,0,5,0,0,0,1,1,6,2,47,8,-1,-1,-1,2,1,2
2017010023720,2,9,-1,2,0,0,-1,0,0,0,3,-1,6,3,-1,-1,1364,1,10,-1,-1,-1
2017010023721,1,9,0,5,6,2,0,0,0,0,1,1,6,2,35,6,1240,1,13,9,1,9
2017010023721,2,9,0,2,6,2,0,0,0,0,2,1,6,3,-1,-1,1999,2,1,-1,-1,-1
2017010023723,1,9,0,18,0,8,0,0,0,0,3,-1,6,2,32,6,1560,2,10,5,1,5
2017010023723,2,9,0,9,0,6,1,0,0,0,1,-1,6,2,-1,-1,1796,2,4,-1,-1,-1
2017010023727,1,3,0,17,0,1,1,0,0,0,0,1,1,1,27,6,125,1,6,1,1,1
2017010023728,1,19,0,18,0,2,0,0,0,0,1,2,6,1,57,9,-1,3,5,3,1,3
2017010023731,1,9,-1,18,-1,0,-1,-1,-1,0,-1,-1,6,2,69,10,1769,1,12,6,1,6
2017010023732,1,9,0,4,9,8,0,0,0,0,4,1,3,1,29,6,998,1,4,2,1,2
2017010023732,2,1,0,18,9,2,0,0,0,0,1,1,6,1,40,7,-1,-1,-1,4,1,4
2017010023737,1,9,0,5,0,0,0,0,0,0,1,1,6,1,36,7,1240,1,12,4,1,4
2017010023739,1,1,0,18,0,0,0,0,0,0,4,1,6,2,-1,-1,-1,-1,-1,3,1,3
2017010023739,2,9,0,2,0,0,0,0,0,0,3,-1,6,3,-1,-1,2231,2,9,-1,-1,-1
2017010023741,1,9,0,18,0,0,0,0,0,0,1,1,6,1,35,6,998,1,6,3,1,3
2017010023741,2,9,0,4,0,0,0,0,0,0,2,1,6,1,58,9,2000,2,10,5,1,5
2017010023749,1,9,0,18,0,1,0,0,0,0,1,1,2,1,52,8,2993,2,12,9,1,9
2017010023752,1,9,0,9,0,2,0,0,0,0,0,1,6,3,-1,-1,-1,-1,-1,-1,-1,-1
2017010023757,1,3,0,18,0,2,1,0,0,0,0,1,6,1,21,5,125,1,11,3,1,3
2017010023763,1,8,0,18,0,-1,0,0,0,0,3,-1,6,1,37,7,1798,8,5,4,1,4
2017010023763,2,9,0,11,-1,-1,-1,0,0,0,3,-1,6,3,-1,-1,-1,-1,-1,-1,-1,-1
2017010023764,1,9,0,7,0,1,0,0,0,0,1,2,2,1,33,6,998,1,7,4,1,4
2017010023764,2,1,0,18,0,2,0,0,0,0,4,1,2,1,49,8,-1,-1,-1,4,1,4
2017010023767,1,9,0,18,0,1,0,0,0,0,2,-1,6,2,-1,-1,998,1,13,-1,-1,-1
2017010023767,2,9,-1,18,0,1,0,0,0,0,1,-1,6,1,-1,-1,1242,1,4,-1,-1,-1
2017010023768,1,1,0,18,2,2,0,0,0,0,3,1,6,2,30,6,-1,-1,-1,2,1,2
2017010023768,2,9,0,18,4,2,0,0,0,0,4,1,6,3,-1,-1,998,1,10,-1,-1,-1
2017010023775,1,9,0,-1,0,8,0,0,0,0,2,-1,6,2,34,6,1896,2,9,-1,-1,-1
2017010023775,2,9,0,-1,0,8,0,0,0,0,1,-1,6,1,47,8,1995,1,5,4,1,4
2017010023781,1,5,0,18,0,8,0,0,0,0,1,1,6,1,33,6,781,1,16,9,1,9
2017010023781,2,9,0,9,0,8,0,0,0,0,4,1,6,1,47,8,1598,1,5,7,1,7
2017010023783,1,1,-1,-1,0,1,0,0,0,0,-1,1,6,1,36,7,-1,-1,-1,1,1,1
2017010023783,2,9,-1,-1,-1,1,-1,0,0,0,-1,-1,6,1,-1,-1,-1,-1,-1,4,1,4
2017010023784,1,9,0,18,0,1,0,0,0,0,1,1,1,1,32,6,1995,2,2,1,1,1
2017010023784,2,9,0,18,0,1,0,0,0,0,2,1,6,2,45,7,1400,2,11,10,1,10
2017010023784,3,9,0,18,0,1,0,0,0,0,2,1,6,1,67,10,1198,1,13,-1,-1,-1
2017010023788,1,9,0,18,9,0,0,0,0,0,4,1,2,1,36,7,1968,2,1,3,1,3
2017010023792,1,9,0,9,0,5,0,0,0,0,3,1,6,1,28,6,998,1,2,2,1,2
2017010023792,2,3,0,13,0,1,0,0,0,0,1,1,6,1,29,6,125,1,2,1,1,1
2017010023794,1,3,-1,-1,-1,-1,-1,-1,-1,-1,1,1,6,3,-1,-1,108,1,3,-1,-1,-1
2017010023794,2,1,-1,-1,-1,-1,0,-1,-1,-1,-1,1,6,1,36,7,-1,-1,-1,1,1,1
2017010023800,1,4,0,3,0,2,0,0,0,0,2,1,1,1,29,6,125,1,2,3,1,3
2017010023800,2,9,0,4,0,1,0,0,0,0,1,1,2,1,28,6,1364,1,9,5,1,5
2017010023801,1,19,0,5,0,8,0,0,0,0,4,1,1,1,27,6,6374,2,4,9,2,9