Accident_Index,Vehicle_Reference,Vehicle_Type,Towing_and_Articulation,Vehicle_Manoeuvre,Vehicle_Location-Restricted_Lane,Junction_Location,Skidding_and_Overturning,Hit_Object_in_Carriageway,Vehicle_Leaving_Carriageway,Hit_Object_off_Carriageway,1st_Point_of_Impact,Was_Vehicle_Left_Hand_Drive?,Journey_Purpose_of_Driver,Sex_of_Driver,Age_of_Driver,Age_Band_of_Driver,Engine_Capacity_(CC),Propulsion_Code,Age_of_Vehicle,Driver_IMD_Decile,Driver_Home_Area_Type,Vehicle_IMD_Decile
2017010023801,2,9,0,18,0,8,1,10,0,0,1,1,6,2,41,7,1461,2,2,7,1,7
2017010023801,3,19,0,5,0,2,0,0,0,0,1,1,1,1,53,8,2143,2,5,-1,-1,-1
2017010023804,1,9,0,18,0,1,0,0,0,0,1,1,6,1,53,8,2156,1,23,2,1,2
2017010023804,2,9,0,18,0,1,0,0,0,0,2,1,6,1,29,6,2148,2,14,4,1,4
2017010023805,1,8,0,9,0,8,0,0,0,0,1,1,6,3,-1,-1,1910,2,8,-1,-1,-1
2017010023806,1,9,0,5,0,1,0,4,0,0,1,1,6,1,26,6,1991,1,-1,4,1,4
2017010023806,2,3,0,3,0,1,0,0,0,0,2,1,1,1,27,6,125,1,4,3,1,3
2017010023807,1,9,0,5,0,0,0,0,0,0,1,1,6,1,84,11,1598,1,13,10,1,10
2017010023808,1,11,0,9,0,1,0,0,0,0,0,1,1,1,35,6,6700,2,5,-1,-1,-1
2017010023809,1,9,0,18,0,8,0,7,3,6,1,1,6,1,35,6,1596,1,15,1,1,1
2017010023809,2,9,0,18,0,1,0,0,0,0,0,1,6,1,48,8,2993,2,1,-1,-1,-1
2017010023810,1,9,0,18,0,4,0,0,0,0,3,1,6,2,29,6,1242,1,11,5,1,5
2017010023810,2,2,0,9,0,4,5,0,0,0,1,1,6,1,16,4,49,1,16,4,1,4
2017010023811,1,9,0,18,0,0,0,0,0,0,1,1,6,1,20,4,1595,1,10,1,1,1
2017010023811,2,19,0,5,8,0,0,0,0,0,1,1,1,1,31,6,2198,2,10,2,1,2
2017010023812,1,9,0,18,0,2,0,0,0,0,1,1,2,1,59,9,1590,1,12,8,1,8
2017010023813,1,11,0,4,2,1,0,0,0,0,0,1,6,1,57,9,6692,2,6,3,1,3
2017010023813,2,9,0,4,0,1,0,0,0,0,0,1,6,3,-1,-1,1999,1,13,-1,-1,-1
2017010023814,1,21,0,18,0,0,0,5,0,0,1,1,1,1,35,6,9186,2,11,10,1,10
2017010023814,2,9,0,18,0,0,0,0,0,0,1,1,6,1,20,4,1198,1,6,3,1,3
2017010023817,1,9,0,9,0,8,0,0,0,0,1,1,6,1,38,7,1124,1,11,3,1,3
2017010023817,2,4,0,15,0,8,0,0,0,0,1,1,6,1,38,7,125,1,13,4,1,4
2017010023818,1,9,0,18,0,1,0,0,0,0,1,1,1,2,47,8,1598,2,2,6,1,6
2017010023818,2,9,0,9,0,8,0,0,0,0,1,1,2,1,51,8,1388,1,8,2,1,2
2017010023819,1,8,0,3,0,0,0,0,0,0,2,1,1,1,22,5,1968,2,3,3,1,3
2017010023820,1,9,0,9,0,6,0,11,0,0,1,1,6,1,39,7,1598,1,4,6,1,6
2017010023820,2,9,0,18,0,1,0,11,0,0,3,1,6,1,30,6,1390,1,15,4,1,4
2017010023820,3,5,0,18,0,1,0,11,0,0,1,1,6,1,68,10,1137,1,17,4,1,4
2017010023821,1,9,0,6,8,5,0,0,0,0,1,1,6,2,42,7,1391,1,15,3,1,3
2017010023821,2,3,0,18,0,1,2,0,0,0,1,1,6,1,21,5,108,1,2,2,1,2
2017010023823,1,9,0,18,0,8,0,0,0,0,1,1,6,1,27,6,1499,2,1,2,1,2
2017010023823,2,9,0,18,0,8,0,0,0,0,3,1,1,1,78,11,1896,2,10,2,1,2
2017010023825,1,9,0,18,0,2,0,0,0,0,1,1,6,3,-1,-1,1339,8,6,-1,-1,-1
2017010023825,2,9,0,18,0,1,0,0,0,0,2,1,6,1,19,4,1248,2,6,3,1,3
2017010023827,1,11,0,18,0,0,0,0,0,0,1,1,1,1,30,6,-1,3,1,3,1,3
2017010023830,1,9,0,18,0,8,0,0,0,0,1,1,6,3,-1,-1,-1,-1,-1,-1,-1,-1
2017010023830,2,1,0,5,0,6,0,0,0,0,3,1,6,1,27,6,-1,-1,-1,1,1,1
2017010023831,1,9,0,9,0,1,0,0,0,0,1,1,6,1,60,9,-1,-1,-1,7,1,7
2017010023831,2,1,0,5,9,1,0,0,0,0,2,1,6,1,49,8,-1,-1,-1,6,1,6
2017010023832,1,1,0,18,0,-1,-1,-1,-1,-1,-1,1,6,1,28,6,-1,-1,-1,3,1,3
2017010023832,2,9,-1,9,0,-1,-1,-1,-1,-1,-1,-1,6,1,-1,-1,998,1,10,3,1,3
2017010023833,1,1,0,14,0,1,1,0,0,0,1,1,6,1,59,9,-1,-1,-1,5,1,5
2017010023833,2,9,0,18,0,1,0,0,0,0,3,1,6,1,36,7,1600,1,13,2,1,2
2017010023835,1,9,0,3,0,1,0,0,0,0,2,1,6,2,55,8,1991,1,2,6,1,6
2017010023835,2,9,0,18,0,1,0,0,0,0,1,1,1,2,22,5,1206,1,5,8,1,8
2017010023836,1,9,-1,-1,0,8,-1,-1,-1,-1,-1,-1,6,2,62,9,1905,2,18,6,1,6
2017010023836,2,9,-1,18,0,1,-1,-1,-1,-1,-1,-1,6,3,-1,-1,-1,-1,-1,-1,-1,-1
2017010023838,1,1,0,18,-1,-1,-1,-1,-1,-1,-1,1,6,1,31,6,-1,-1,-1,2,1,2
2017010023839,1,9,-1,-1,-1,-1,-1,-1,-1,-1,-1,-1,6,1,75,10,1591,1,7,5,1,5
2017010023845,1,19,0,3,0,1,0,0,0,0,4,-1,1,1,51,8,1968,2,1,-1,-1,-1
2017010023845,2,19,0,9,0,6,0,0,0,0,1,-1,6,1,37,7,1560,2,4,3,1,3
2017010023853,1,1,-1,3,0,-1,-1,-1,0,0,-1,1,1,1,45,7,-1,-1,-1,10,1,10
2017010023862,1,9,0,5,0,1,0,0,0,0,1,1,6,2,31,6,1596,1,16,1,1,1
2017010023862,2,9,0,18,0,1,0,0,0,0,4,1,3,1,44,7,1896,2,7,2,1,2
2017010023865,1,9,-1,-1,-1,-1,-1,-1,-1,-1,-1,-1,6,1,30,6,1199,1,13,3,1,3
2017010023867,1,9,-1,-1,-1,-1,-1,-1,-1,-1,-1,-1,6,3,-1,-1,-1,-1,-1,-1,-1,-1
2017010023868,1,19,0,7,4,1,0,0,0,0,2,1,1,1,47,8,2198,2,2,7,1,7
2017010023868,2,1,0,18,4,1,0,0,0,0,1,1,2,2,48,8,-1,-1,-1,2,1,2
2017010023870,1,9,0,4,9,1,0,0,3,10,1,1,6,1,65,9,1896,2,16,1,1,1
2017010023872,1,1,0,11,4,8,0,0,0,0,1,1,6,1,24,5,-1,-1,-1,6,1,6
2017010023872,2,8,-1,7,-1,-1,-1,-1,0,0,1,-1,6,3,-1,-1,2499,2,6,-1,-1,-1
2017010023879,1,9,0,18,0,0,0,0,0,0,1,-1,6,1,-1,-1,-1,-1,-1,-1,-1,-1
2017010023889,1,1,0,18,0,0,0,0,0,0,3,1,6,1,36,7,-1,-1,-1,3,1,3
2017010023889,2,9,-1,18,0,0,0,0,0,0,4,-1,6,3,-1,-1,-1,-1,-1,-1,-1,-1
2017010023893,1,9,0,3,0,0,0,-1,0,0,2,-1,6,2,50,8,-1,-1,-1,7,1,7
2017010023893,2,9,0,18,0,0,0,0,0,0,1,-1,6,1,18,4,1386,1,6,-1,-1,-1
2017010023893,3,9,0,18,0,0,0,0,0,0,1,-1,6,1,18,4,1797,8,7,-1,-1,-1
2017010023895,1,19,-1,18,0,0,-1,0,0,0,1,-1,6,1,-1,-1,-1,-1,-1,-1,-1,-1
2017010023899,1,9,-1,-1,-1,-1,-1,-1,-1,-1,-1,-1,6,2,24,5,1240,1,14,-1,-1,-1
2017010023899,2,9,-1,-1,-1,-1,-1,-1,-1,-1,-1,-1,6,1,-1,-1,-1,-1,-1,2,1,2
2017010023902,1,9,0,-1,0,-1,-1,-1,-1,-1,2,-1,6,2,51,8,1395,1,2,5,1,5
2017010023902,2,9,0,-1,0,-1,-1,-1,-1,-1,1,-1,6,3,-1,-1,3222,2,12,-1,-1,-1
2017010023906,1,1,-1,18,-1,-1,-1,-1,-1,0,-1,1,6,2,27,6,-1,-1,-1,2,1,2
2017010023909,1,1,0,18,0,8,0,0,0,0,1,1,6,1,37,7,-1,-1,-1,4,1,4
2017010023909,2,9,0,18,0,4,0,0,0,0,3,-1,6,2,40,7,1229,1,9,2,1,2
2017010023914,1,9,0,5,0,0,0,0,0,0,4,1,3,2,46,8,1596,1,7,5,1,5
2017010023914,2,1,0,18,4,0,0,0,0,0,1,1,2,1,49,8,-1,-1,-1,8,2,8
2017010023925,1,9,0,18,0,1,0,10,0,0,2,1,6,1,31,6,1984,1,11,3,1,3
2017010023925,2,9,0,5,0,8,0,0,0,0,1,1,3,2,35,6,1753,2,10,9,1,9
2017010023956,1,1,0,18,0,0,0,0,0,0,1,1,6,3,-1,-1,-1,-1,-1,-1,-1,-1
2017010023959,1,5,0,18,0,8,0,0,0,0,1,1,2,1,52,8,599,1,16,10,1,10
2017010023959,2,9,0,9,0,1,0,0,0,0,4,1,6,1,34,6,1995,2,1,7,1,7
2017010023973,1,19,0,9,0,6,0,0,0,0,1,1,1,1,33,6,1598,2,2,7,2,7
2017010023973,2,1,0,9,0,8,0,0,0,0,2,1,6,2,55,8,-1,-1,-1,3,1,3
2017010023982,1,9,0,18,0,2,0,0,0,0,4,1,6,1,37,7,2993,2,6,3,1,3
2017010023989,1,2,0,18,2,8,0,0,0,0,3,1,2,1,38,7,125,1,1,2,1,2
2017010023989,2,9,0,9,2,8,0,0,0,0,1,2,1,1,20,4,1229,1,5,3,1,3
2017010024002,1,9,-1,-1,-1,-1,-1,-1,-1,-1,-1,-1,6,1,41,7,998,1,5,2,1,2
2017010024002,2,9,-1,-1,-1,-1,-1,-1,-1,-1,-1,-1,6,3,-1,-1,1560,2,2,-1,-1,-1
2017010024009,1,9,0,18,0,0,0,0,0,0,3,1,3,2,33,6,1587,1,15,4,1,4
2017010024014,1,4,0,5,0,2,0,0,0,0,3,1,6,1,39,7,125,1,11,3,1,3
2017010024014,2,9,0,9,0,1,0,0,0,0,1,1,1,2,31,6,1598,2,3,4,1,4
2017010024016,1,9,0,9,0,8,0,0,0,0,1,1,6,2,24,5,1598,1,4,4,1,4
2017010024016,2,9,0,7,0,3,0,0,0,0,3,1,1,1,46,8,2987,2,3,5,1,5
2017010024018,1,9,0,9,0,6,0,0,0,0,1,1,1,2,24,5,1794,1,12,3,1,3
2017010024021,1,9,0,18,0,0,0,0,0,0,3,1,2,1,26,6,1200,1,2,9,1,9
2017010024024,1,9,0,4,0,0,0,0,0,0,4,2,6,2,57,9,1598,2,5,7,1,7
2017010024024,2,1,0,18,0,0,0,0,0,0,1,1,6,2,56,9,-1,-1,-1,8,1,8
2017010024025,1,11,0,4,0,1,0,0,0,0,1,1,6,2,49,8,4500,2,1,1,1,1
2017010024026,1,11,0,3,0,1,0,0,0,0,0,1,1,1,43,7,9000,2,6,10,1,10
2017010024027,1,3,0,18,0,1,0,0,0,0,1,1,1,1,20,4,124,1,2,4,1,4
2017010024027,2,19,0,9,0,8,0,0,0,0,1,1,1,1,31,6,2198,2,3,2,1,2
2017010024034,1,9,0,4,0,8,-1,0,-1,0,2,-1,6,1,31,6,2698,2,12,9,1,9
2017010024034,2,9,-1,-1,0,3,-1,-1,-1,-1,1,-1,6,1,-1,-1,1997,2,12,-1,-1,-1
2017010024040,1,5,0,18,0,1,0,0,0,0,1,1,6,1,28,6,599,1,9,10,1,10
2017010024040,2,9,0,18,0,1,0,0,0,0,2,1,6,2,28,6,1368,1,7,6,1,6
2017010024043,1,9,-1,-1,-1,0,-1,-1,-1,-1,-1,-1,6,2,34,6,1910,2,12,-1,-1,-1
2017010024043,2,9,-1,-1,-1,0,-1,0,-1,0,-1,-1,6,2,-1,-1,1390,1,15,2,1,2
2017010024045,1,9,0,9,0,1,0,0,0,0,1,1,6,2,25,5,1229,1,3,1,1,1
2017010024048,1,11,0,5,0,1,0,0,0,0,0,1,6,3,-1,-1,9360,2,8,-1,-1,-1
2017010024055,1,9,0,3,0,1,0,0,0,0,2,1,6,1,45,7,2993,2,1,7,1,7
2017010024055,2,9,0,18,0,1,0,0,0,0,1,1,2,1,51,8,-1,-1,-1,5,1,5
2017010024057,1,9,0,5,0,8,0,0,0,0,3,1,6,1,32,6,1998,2,4,2,1,2
2017010024057,2,1,0,18,0,8,0,0,0,0,1,1,6,1,67,10,-1,-1,-1,2,1,2
2017010024059,1,9,0,3,0,1,0,0,0,0,2,1,2,2,32,6,1200,1,5,5,1,5
2017010024059,2,9,0,3,0,1,0,0,0,0,1,1,2,1,28,6,2198,1,22,7,1,7
2017010024060,1,19,0,18,0,8,0,0,0,0,1,1,6,1,19,4,1560,2,4,1,1,1
2017010024060,2,1,0,9,0,8,0,0,0,0,2,1,6,1,49,8,-1,-1,-1,2,1,2
2017010024061,1,4,0,13,0,1,0,0,0,0,1,1,2,1,50,8,599,1,12,3,1,3
2017010024061,2,19,0,18,0,1,0,0,0,0,2,2,6,1,51,8,-1,-1,-1,4,1,4
2017010024064,1,8,0,9,0,1,0,0,0,0,3,1,1,1,33,6,1798,8,2,2,1,2
2017010024064,2,4,0,13,0,1,0,4,0,0,1,1,2,1,28,6,-1,-1,-1,3,1,3
2017010024064,3,9,0,2,0,1,0,4,0,0,2,1,6,3,-1,-1,1598,1,18,-1,-1,-1
2017010024064,4,9,0,2,0,1,0,4,0,0,1,1,6,3,-1,-1,1598,1,9,-1,-1,-1
2017010024066,1,11,0,3,0,0,0,0,0,0,0,1,1,2,30,6,9360,2,6,1,1,1
2017010024069,1,9,0,18,5,0,0,0,7,3,1,1,6,1,89,11,1598,1,8,10,1,10
2017010024070,1,9,0,7,0,8,0,0,0,0,3,1,6,2,18,4,1198,1,7,3,1,3
2017010024070,2,3,0,13,0,8,0,0,0,0,4,1,6,1,28,6,124,1,4,3,1,3
2017010024071,1,9,0,18,0,3,0,0,0,0,1,1,2,2,45,7,1598,2,1,4,1,4
2017010024071,2,1,0,18,0,6,0,0,0,0,3,1,6,1,10,2,-1,-1,-1,5,1,5
2017010024074,1,9,0,18,0,2,0,0,0,0,1,1,6,3,-1,-1,-1,-1,-1,-1,-1,-1
2017010024075,1,9,0,18,0,1,0,0,0,0,2,1,2,2,59,9,1360,1,13,2,1,2
2017010024075,2,9,0,5,0,1,0,0,0,0,1,1,6,1,31,6,1149,1,16,-1,-1,-1
2017010024079,1,8,0,5,0,1,0,0,0,0,1,1,1,1,23,5,-1,-1,-1,5,1,5
2017010024079,2,1,0,18,0,1,0,0,0,0,4,1,2,2,39,7,-1,-1,-1,3,1,3
2017010024080,1,19,0,18,0,0,0,0,0,0,1,1,2,1,24,5,1598,2,6,9,1,9
2017010024080,2,9,0,18,0,0,0,0,0,0,1,1,6,1,21,5,1781,1,17,-1,-1,-1
2017010024081,1,9,0,4,0,0,0,0,0,0,1,1,6,1,21,5,1397,1,15,-1,-1,-1
2017010024082,1,1,0,18,9,2,0,0,0,0,1,1,6,3,-1,-1,-1,-1,-1,-1,-1,-1
2017010024083,1,19,0,9,0,5,0,0,0,0,1,1,6,1,31,6,1968,2,2,8,1,8
2017010024084,1,9,0,7,0,1,0,0,0,0,2,1,6,1,20,4,1200,1,3,2,1,2
2017010024084,2,1,0,18,9,1,0,0,0,0,1,1,6,1,28,6,-1,-1,-1,5,1,5
2017010024085,1,9,0,6,0,0,0,0,0,0,3,1,6,1,25,5,1997,2,11,3,1,3
2017010024085,2,5,0,13,9,0,0,0,0,0,1,1,6,1,44,7,690,1,4,7,1,7
2017010024086,1,9,0,5,0,8,0,0,0,0,3,1,6,1,87,11,1998,1,18,8,1,8
2017010024086,2,5,0,18,0,8,0,0,0,0,1,1,6,1,17,4,599,1,8,1,1,1
2017010024087,1,9,0,9,0,5,0,11,0,0,1,1,6,2,39,7,1600,1,18,2,1,2
2017010024088,1,3,0,17,0,1,0,0,0,0,4,1,6,1,44,7,125,1,13,1,1,1
2017010024088,2,19,0,17,0,1,0,0,0,0,4,1,6,1,27,6,1910,2,8,6,1,6
2017010024088,3,8,-1,11,-1,-1,-1,-1,-1,-1,-1,-1,6,1,16,4,1798,8,1,10,1,10
2017010024089,1,9,0,3,0,0,0,0,0,0,4,1,1,1,68,10,1598,1,8,9,1,9
2017010024089,2,3,0,13,0,0,0,0,0,0,3,1,1,1,60,9,125,1,12,2,1,2
2017010024090,1,9,0,18,0,4,0,0,0,0,1,1,6,2,79,11,1997,2,13,2,1,2
2017010024090,2,5,0,18,0,4,0,0,0,0,4,1,6,1,27,6,1690,1,3,6,1,6
2017010024091,1,9,0,3,0,1,0,0,0,0,3,1,6,1,51,8,1968,2,2,-1,-1,-1
2017010024091,2,1,0,18,0,1,0,8,0,0,1,1,6,1,32,6,-1,-1,-1,6,1,6
2017010024092,1,4,0,18,0,2,0,4,0,0,1,1,6,1,19,4,125,1,3,7,1,7
2017010024093,1,8,0,5,0,1,0,0,0,0,1,1,1,1,41,7,2143,2,5,5,3,5
2017010024093,2,3,0,18,0,1,0,0,0,0,1,1,1,1,42,7,102,1,14,2,1,2
2017010024094,1,9,0,18,0,0,0,0,0,0,3,1,6,1,30,6,2191,2,4,2,1,2
2017010024095,1,9,0,18,0,8,0,0,0,0,1,1,6,1,35,6,1595,1,7,9,1,9
2017010024095,2,19,0,9,0,8,5,0,0,0,4,1,6,1,30,6,2198,2,2,8,1,8
2017010024096,1,9,0,18,0,8,0,0,1,10,1,1,6,1,22,5,1598,1,12,6,2,6
2017010024096,2,9,0,13,0,8,0,0,0,0,4,1,6,3,-1,-1,-1,-1,-1,-1,-1,-1
2017010024096,3,9,0,2,0,2,0,0,0,0,0,1,6,3,-1,-1,1360,1,14,-1,-1,-1
2017010024098,1,9,0,9,0,8,0,0,3,0,1,1,6,3,-1,-1,-1,-1,-1,-1,-1,-1
2017010024101,1,19,0,7,0,2,5,0,1,0,2,1,1,1,50,8,1968,2,1,-1,1,-1
2017010024101,2,9,0,18,2,2,1,0,0,0,1,1,2,1,39,7,1995,2,10,1,1,1
2017010024102,1,9,0,8,0,1,0,0,0,0,3,1,6,2,69,10,1598,1,7,9,1,9
2017010024102,2,1,0,18,0,1,0,0,0,0,1,1,1,1,28,6,-1,-1,-1,8,1,8
2017010024103,1,9,-1,-1,0,-1,-1,-1,0,0,2,-1,6,2,70,10,1248,2,9,9,1,9
2017010024103,2,9,0,-1,0,-1,0,-1,0,0,1,-1,6,1,-1,-1,1968,2,8,6,3,6
2017010024103,3,9,0,-1,0,-1,0,-1,0,0,2,-1,6,1,70,10,1598,2,5,4,1,4
2017010024103,4,9,0,-1,0,-1,0,-1,0,0,2,-1,6,2,-1,-1,1598,2,2,-1,-1,-1
2017010024108,1,9,-1,1,-1,0,-1,-1,0,0,-1,-1,6,3,-1,-1,1598,1,7,-1,-1,-1
2017010024109,1,4,0,18,0,1,0,0,0,0,1,1,6,1,29,6,279,1,1,8,1,8
2017010024109,2,8,0,9,0,1,0,0,0,0,1,1,6,3,-1,-1,2776,2,1,-1,-1,-1
2017010024115,1,1,0,18,0,1,0,-1,0,0,4,1,6,1,22,5,-1,-1,-1,4,1,4
2017010024124,1,1,0,18,0,1,0,0,0,0,3,1,6,1,36,7,-1,-1,-1,8,1,8
2017010024124,2,9,-1,7,0,1,0,0,0,0,4,-1,6,1,44,7,1461,2,3,3,1,3
2017010024130,1,1,0,18,0,2,0,0,7,0,1,1,2,1,30,6,-1,-1,-1,6,1,6
2017010024130,2,9,0,6,0,2,0,0,0,0,3,1,6,3,-1,-1,1998,1,18,-1,-1,-1
2017010024143,1,3,0,18,0,0,0,0,0,0,-1,1,6,1,-1,-1,-1,-1,-1,-1,-1,-1
2017010024149,1,4,0,18,0,0,0,0,0,0,1,1,2,1,26,6,-1,-1,-1,3,1,3
2017010024149,2,9,0,5,0,0,0,0,0,0,1,1,6,1,44,7,1988,1,16,3,1,3
2017010024161,1,90,0,18,-1,8,0,0,0,0,1,1,1,1,44,7,-1,-1,-1,3,1,3
2017010024161,2,1,0,-1,0,8,0,0,0,0,2,1,6,1,27,6,-1,-1,-1,5,1,5
2017010024164,1,9,-1,-1,-1,-1,-1,-1,-1,-1,-1,-1,6,1,34,6,1598,1,10,4,1,4
2017010024164,2,9,-1,-1,-1,-1,-1,-1,-1,-1,-1,-1,6,1,66,10,2967,1,14,4,1,4
2017010024165,1,9,-1,-1,-1,-1,-1,0,-1,0,-1,-1,6,3,-1,-1,1896,2,16,-1,-1,-1
2017010024165,2,1,-1,18,-1,-1,-1,0,-1,0,-1,1,6,1,41,7,-1,-1,-1,6,1,6
2017010024169,1,9,0,4,0,8,0,0,0,0,3,1,6,2,18,4,-1,-1,-1,4,1,4
2017010024173,1,21,0,7,9,8,0,0,0,0,3,1,1,1,49,8,-1,-1,-1,3,1,3
2017010024194,1,1,0,16,0,8,0,0,0,0,3,1,2,1,39,7,-1,-1,-1,8,1,8
2017010024194,2,8,0,9,0,8,0,0,0,0,1,-1,1,1,30,6,2143,2,2,9,1,9
2017010024198,1,9,0,18,0,1,0,0,0,0,2,1,6,1,49,8,2494,1,16,2,1,2
2017010024198,2,9,0,13,0,1,0,0,0,0,1,1,6,1,-1,-1,2319,1,20,-1,-1,-1
2017010024210,1,9,0,18,0,8,0,0,0,0,2,-1,6,1,32,6,1499,1,-1,9,1,9
2017010024210,2,1,0,18,0,8,0,0,0,0,1,1,6,1,18,4,-1,-1,-1,5,1,5
2017010024211,1,19,0,6,9,5,0,0,0,0,1,1,6,3,-1,-1,1461,2,4,-1,-1,-1
2017010024214,1,11,0,18,0,0,0,0,0,0,0,1,1,1,35,6,4500,2,3,-1,-1,-1
2017010024228,1,5,0,13,0,0,0,0,0,0,1,1,2,1,25,5,1137,1,19,9,1,9
2017010024228,2,9,0,18,0,0,0,0,0,0,4,1,1,1,47,8,1968,2,5,4,1,4
2017010024231,1,9,0,5,0,1,0,0,0,0,1,1,6,1,37,7,-1,-1,-1,2,1,2
2017010024231,2,5,0,5,0,8,5,0,0,0,1,1,6,1,27,6,600,1,4,1,1,1
2017010024234,1,19,0,6,0,0,0,0,0,0,3,1,1,1,44,7,1248,2,4,2,1,2
2017010024234,2,5,0,18,0,0,0,0,0,0,4,1,2,1,53,8,1237,1,7,8,1,8
2017010024236,1,9,0,18,0,1,0,0,0,0,1,1,6,1,52,8,1248,1,8,9,1,9
2017010024240,1,11,0,18,0,1,0,0,0,0,0,1,6,1,52,8,4500,2,-1,5,1,5
2017010024240,2,9,0,1,0,8,0,0,0,0,0,1,6,3,-1,-1,-1,-1,-1,-1,-1,-1
2017010024242,1,1,0,8,0,4,-1,0,0,0,1,1,6,1,30,6,-1,-1,-1,6,1,6
2017010024242,2,8,0,7,0,8,0,0,0,0,1,-1,1,1,27,6,1796,1,3,4,1,4
2017010024243,1,8,0,16,0,1,0,0,0,0,1,1,6,1,44,7,1797,8,6,2,1,2
2017010024243,2,1,0,10,0,1,0,0,0,0,1,1,2,1,31,6,-1,-1,-1,6,1,6
2017010024246,1,19,0,7,0,5,1,0,0,0,3,1,1,1,51,8,2143,2,3,2,1,2
2017010024246,2,9,0,18,0,1,0,0,0,0,1,1,6,2,61,9,1197,1,1,3,1,3
2017010024249,1,11,0,5,0,4,0,0,0,0,0,1,1,2,28,6,5132,2,3,9,1,9
2017010024251,1,9,0,18,0,6,0,0,0,0,4,1,3,1,37,7,1968,2,6,4,1,4
2017010024251,2,1,0,18,0,2,0,0,0,0,3,1,6,1,38,7,-1,-1,-1,5,1,5
2017010024253,1,19,0,3,6,3,0,0,0,0,2,1,6,1,57,9,1248,2,4,2,1,2
2017010024253,2,19,0,16,0,3,0,0,0,0,1,1,6,1,57,9,2461,2,11,2,1,2
2017010024254,1,21,0,7,0,4,0,0,0,0,1,1,1,1,36,7,10837,2,5,5,1,5
2017010024263,1,11,0,18,0,0,0,0,0,0,1,1,1,1,34,6,9600,2,21,5,1,5
2017010024267,1,11,0,18,0,8,0,0,0,0,4,1,1,1,67,10,7300,2,14,5,1,5
2017010024269,1,9,0,18,0,8,0,0,0,0,4,1,6,1,21,5,2148,2,9,5,1,5
2017010024269,2,9,0,4,0,8,0,0,0,0,0,1,6,1,20,4,1596,1,11,-1,-1,-1
2017010024272,1,9,0,9,0,6,0,0,0,0,1,1,3,1,46,8,2143,2,1,6,1,6
2017010024275,1,1,-1,18,-1,1,-1,0,0,0,1,1,6,1,36,7,-1,-1,-1,10,1,10
2017010024275,2,9,-1,9,0,1,-1,0,0,0,1,1,6,1,-1,-1,1598,1,12,2,1,2
2017010024277,1,9,0,9,0,6,0,0,0,0,1,1,6,1,39,7,2969,2,13,3,1,3
2017010024280,1,9,0,3,0,0,0,0,1,0,2,1,3,2,42,7,1796,1,7,4,1,4
2017010024280,2,9,0,14,0,0,0,0,0,0,1,1,3,1,56,9,1395,1,4,5,1,5
2017010024281,1,19,0,9,0,8,0,0,0,0,3,1,1,1,54,8,1560,2,3,10,1,10
2017010024281,2,1,0,18,0,8,0,0,0,0,1,1,1,1,51,8,-1,-1,-1,4,1,4
2017010024282,1,9,0,18,0,1,0,0,0,0,4,1,6,2,42,7,1242,1,15,5,1,5
2017010024283,1,9,0,14,0,1,1,0,0,0,1,1,6,1,66,10,1587,1,14,4,1,4
2017010024284,1,3,0,14,0,1,5,0,0,0,4,1,6,1,46,8,125,1,8,5,1,5
2017010024284,2,8,0,9,0,6,0,0,0,0,1,1,1,1,55,8,1997,2,3,3,1,3
2017010024287,1,9,0,11,0,0,0,0,0,0,1,1,1,2,26,6,1896,2,13,2,1,2
2017010024287,2,9,0,18,0,0,0,0,0,0,2,1,6,1,31,6,2148,2,7,-1,1,-1
2017010024289,1,3,0,18,0,0,0,0,0,0,4,1,6,1,20,4,124,1,15,4,1,4
2017010024289,2,9,0,7,0,0,0,0,0,0,4,1,6,1,27,6,1461,2,4,-1,-1,-1
2017010024290,1,9,0,9,2,5,0,0,0,0,1,2,4,2,48,8,1339,1,7,1,1,1
2017010024290,2,3,0,18,0,1,0,0,0,0,1,1,1,1,30,6,125,1,3,1,1,1
2017010024291,1,11,0,5,0,0,0,0,0,0,0,1,1,1,51,8,4461,2,4,7,1,7
2017010024292,1,9,0,9,0,8,0,0,0,0,4,1,6,1,27,6,1598,1,12,3,1,3
2017010024292,2,5,0,18,0,8,0,0,0,0,1,1,6,1,32,6,1000,1,2,2,1,2
2017010024293,1,5,0,18,2,1,0,0,0,0,1,1,6,1,26,6,649,1,1,7,3,7
2017010024293,2,9,0,7,2,1,0,0,0,0,4,1,6,3,-1,-1,1390,1,13,-1,-1,-1
2017010024294,1,9,0,4,0,5,0,0,0,0,2,1,6,1,51,8,1461,2,2,3,1,3
2017010024294,2,9,0,18,0,5,0,0,0,0,1,1,6,2,31,6,1395,1,1,8,1,8
2017010024295,1,8,0,18,0,1,0,0,0,0,1,1,6,1,55,8,2143,2,4,8,1,8
2017010024295,2,8,0,18,0,1,0,0,0,0,4,1,1,1,33,6,1798,8,2,5,1,5
2017010024296,1,11,0,5,2,0,0,0,1,0,0,1,1,1,60,9,5132,2,1,2,1,2
2017010024297,1,19,0,18,0,8,0,0,0,0,1,1,2,1,28,6,1399,2,9,3,1,3
2017010024297,2,9,0,18,0,8,0,0,0,0,2,1,6,1,29,6,1560,2,1,3,1,3
2017010024298,1,9,0,9,0,8,0,0,0,0,1,1,6,3,-1,-1,-1,-1,-1,-1,-1,-1
2017010024298,2,1,0,7,0,6,0,10,0,0,1,1,6,1,54,8,-1,-1,-1,5,1,5
2017010024299,1,11,0,4,2,8,0,0,0,0,1,1,6,1,52,8,3900,2,14,-1,-1,-1