Accident_Index,Vehicle_Reference,Vehicle_Type,Towing_and_Articulation,Vehicle_Manoeuvre,Vehicle_Location-Restricted_Lane,Junction_Location,Skidding_and_Overturning,Hit_Object_in_Carriageway,Vehicle_Leaving_Carriageway,Hit_Object_off_Carriageway,1st_Point_of_Impact,Was_Vehicle_Left_Hand_Drive?,Journey_Purpose_of_Driver,Sex_of_Driver,Age_of_Driver,Age_Band_of_Driver,Engine_Capacity_(CC),Propulsion_Code,Age_of_Vehicle,Driver_IMD_Decile,Driver_Home_Area_Type,Vehicle_IMD_Decile
2017010024870,1,8,0,4,0,8,0,0,0,0,2,1,6,3,-1,-1,-1,-1,-1,-1,-1,-1
2017010024871,1,9,0,7,0,2,0,0,0,0,4,1,6,2,50,8,1595,1,3,4,1,4
2017010024873,1,11,0,4,0,1,0,0,0,0,0,1,1,1,58,9,4500,2,7,6,1,6
2017010024875,1,11,0,18,2,8,0,0,0,0,0,1,1,1,57,9,4500,2,1,2,1,2
2017010024877,1,9,0,18,0,0,0,0,0,0,1,1,6,2,37,7,2982,2,17,3,1,3
2017010024877,2,9,0,18,0,0,0,0,0,0,2,1,6,1,43,7,1998,1,14,3,1,3
2017010024878,1,9,0,18,0,1,0,0,0,0,1,1,6,1,24,5,2987,2,5,4,1,4
2017010024879,1,9,0,10,0,1,0,0,0,0,2,1,6,2,32,6,1197,1,3,2,1,2
2017010024879,2,19,0,18,0,1,0,0,0,0,1,1,2,1,32,6,1867,2,18,1,1,1
2017010024881,1,8,0,5,0,1,0,11,0,0,3,1,1,1,52,8,1800,8,3,9,1,9
2017010024881,2,90,0,18,0,3,0,11,0,0,1,1,2,1,29,6,-1,-1,-1,1,1,1
2017010024882,1,9,0,18,0,8,0,0,0,0,1,1,6,2,26,6,1995,2,6,4,1,4
2017010024882,2,9,0,9,0,5,0,0,7,0,2,1,6,1,48,8,3456,8,5,10,1,10
2017010024883,1,9,0,7,0,3,0,0,0,0,0,1,6,3,-1,-1,-1,-1,-1,-1,-1,-1
2017010024883,2,9,0,7,0,3,0,0,0,0,0,1,2,1,30,6,2967,2,7,5,1,5
2017010024883,3,19,0,7,0,3,0,0,0,0,2,1,2,1,44,7,1598,2,2,6,1,6
2017010024883,4,3,0,7,0,3,0,0,0,0,1,1,6,1,39,7,125,1,-1,4,1,4
2017010024883,5,19,0,7,0,3,0,0,0,0,0,1,6,1,38,7,1995,2,9,6,1,6
2017010024884,1,9,0,18,0,8,0,0,0,0,3,1,6,1,50,8,1896,2,12,1,1,1
2017010024884,2,9,0,18,0,1,0,0,0,0,1,1,6,1,46,8,1995,2,12,1,1,1
2017010024885,1,9,0,18,0,1,0,0,0,0,1,1,1,1,57,9,1798,8,4,6,1,6
2017010024887,1,9,0,18,0,0,1,0,0,0,1,1,6,1,47,8,3301,7,13,2,1,2
2017010024888,1,9,0,9,0,2,0,0,0,0,3,2,6,2,56,9,1590,1,14,4,1,4
2017010024889,1,4,0,5,0,0,0,10,0,0,4,1,6,1,20,4,124,1,2,3,1,3
2017010024890,1,9,0,5,0,1,0,0,0,0,1,1,1,1,44,7,1984,1,13,4,1,4
2017010024891,1,8,0,3,2,2,0,4,0,0,3,1,1,1,36,7,-1,-1,-1,-1,-1,-1
2017010024891,2,1,0,13,0,2,1,4,0,0,4,1,1,2,35,6,-1,-1,-1,2,1,2
2017010024892,1,8,0,4,0,1,0,0,0,0,3,1,6,1,45,7,1798,8,4,-1,-1,-1
2017010024892,2,1,0,5,0,1,0,4,0,0,1,1,6,1,45,7,-1,-1,-1,2,1,2
2017010024893,1,19,0,18,0,1,0,0,0,0,2,1,1,1,48,8,2287,2,5,7,1,7
2017010024893,2,9,0,18,0,1,0,0,0,0,1,1,6,1,36,7,1781,1,15,4,1,4
2017010024894,1,19,0,18,0,1,0,10,0,0,1,1,1,1,51,8,2198,2,8,1,1,1
2017010024894,2,19,0,18,0,2,0,0,0,0,1,2,1,1,47,8,-1,-1,-1,10,2,10
2017010024894,3,9,0,2,0,1,0,4,0,0,4,1,6,3,-1,-1,1229,1,5,-1,-1,-1
2017010024895,1,9,0,5,0,0,0,0,0,0,3,1,6,1,61,9,-1,-1,-1,2,1,2
2017010024895,2,3,0,5,0,0,0,0,0,0,1,1,6,1,29,6,125,1,1,5,1,5
2017010024896,1,9,0,7,0,2,0,0,0,0,1,1,6,3,-1,-1,-1,-1,-1,-1,-1,-1
2017010024898,1,9,0,10,0,1,0,0,0,0,1,1,6,1,40,7,1997,2,5,1,1,1
2017010024898,2,19,0,18,0,1,0,0,0,0,1,1,6,1,-1,-1,2143,2,5,10,1,10
2017010024899,1,9,0,9,0,8,0,0,0,0,3,1,1,2,62,9,1984,1,1,10,1,10
2017010024899,2,5,0,13,0,8,5,0,0,0,1,1,2,1,26,6,749,1,23,8,1,8
2017010024900,1,9,0,9,0,8,0,0,0,0,1,1,6,1,59,9,1769,1,12,4,1,4
2017010024900,2,3,0,18,0,8,0,0,0,0,1,1,1,1,30,6,108,1,3,9,1,9
2017010024905,1,9,0,7,0,1,0,11,0,0,1,1,6,1,43,7,1988,1,16,1,1,1
2017010024907,1,8,0,18,0,1,0,0,0,0,1,1,1,1,36,7,1997,2,2,4,1,4
2017010024910,1,1,0,12,0,8,0,0,0,0,4,1,1,1,29,6,-1,-1,-1,-1,-1,-1
2017010024910,2,8,0,5,0,8,0,0,0,0,3,1,1,1,58,9,1797,8,7,7,1,7
2017010024911,1,9,0,18,0,4,0,0,0,0,3,1,6,1,60,9,2987,2,4,4,2,4
2017010024911,2,5,0,9,0,8,0,0,0,0,1,1,1,1,35,6,599,1,20,7,1,7
2017010024912,1,11,0,18,0,8,0,0,0,0,0,1,1,1,48,8,9000,2,9,6,1,6
2017010024918,1,9,0,3,-1,-1,0,0,0,0,2,1,1,1,34,6,1798,8,1,1,1,1
2017010024918,2,4,0,18,-1,-1,0,0,0,0,1,1,6,3,-1,-1,296,1,1,-1,-1,-1
2017010024921,1,9,0,18,0,-1,0,0,0,0,4,-1,6,2,32,6,2183,2,7,4,1,4
2017010024921,2,9,0,18,0,-1,0,0,0,0,3,-1,6,1,17,4,1248,1,8,6,2,6
2017010024941,1,9,-1,-1,0,-1,-1,0,-1,0,1,-1,6,3,-1,-1,-1,-1,-1,-1,-1,-1
2017010024954,1,11,0,18,0,2,0,0,0,0,4,1,1,1,36,7,4500,2,5,6,1,6
2017010024954,2,9,0,10,0,1,0,0,0,0,1,1,6,2,57,9,1461,2,3,5,1,5
2017010024955,1,9,0,3,0,3,0,0,0,0,2,1,3,1,45,7,1242,1,13,4,1,4
2017010024955,2,5,0,5,0,3,0,0,0,0,1,1,2,1,32,6,998,1,12,7,1,7
2017010024962,1,9,0,3,0,1,0,0,0,0,3,-1,1,1,45,7,1956,2,4,4,1,4
2017010024962,2,9,-1,5,0,1,0,0,0,0,1,-1,6,3,-1,-1,1596,1,6,-1,-1,-1
2017010024971,1,9,0,3,0,0,0,0,0,0,2,-1,6,1,48,8,2230,1,9,5,1,5
2017010024971,2,9,0,18,0,0,0,0,0,0,1,-1,6,3,-1,-1,1368,1,9,-1,-1,-1
2017010024988,1,1,0,18,4,1,1,0,0,0,0,1,2,1,27,6,-1,-1,-1,5,1,5
2017010024988,2,8,0,7,0,8,0,0,0,0,0,1,6,3,-1,-1,-1,-1,-1,-1,-1,-1
2017010024995,1,9,-1,4,0,1,0,0,0,0,2,-1,6,1,25,5,1598,2,-1,-1,-1,-1
2017010024995,2,9,-1,18,0,1,0,0,0,0,1,-1,6,2,18,4,1968,1,10,-1,-1,-1
2017010024999,1,9,-1,18,-1,-1,-1,-1,-1,-1,-1,-1,6,3,-1,-1,-1,-1,-1,-1,-1,-1
2017010025007,1,1,0,18,0,0,0,-1,0,0,1,1,6,2,41,7,-1,-1,-1,9,1,9
2017010025007,2,19,0,2,0,0,0,0,-1,0,1,-1,6,3,-1,-1,2143,2,5,-1,-1,-1
2017010025010,1,9,0,10,0,-1,0,0,0,0,2,-1,6,2,53,8,999,1,2,8,1,8
2017010025010,2,19,0,18,0,5,0,0,0,0,1,-1,6,1,-1,-1,1997,2,-1,-1,-1,-1
2017010025011,1,9,0,14,0,0,0,0,0,0,4,-1,2,1,52,8,-1,-1,-1,7,2,7
2017010025014,1,3,-1,-1,-1,-1,-1,-1,-1,-1,-1,1,6,1,17,4,125,1,-1,-1,-1,-1
2017010025014,2,9,-1,-1,-1,-1,-1,-1,-1,-1,-1,-1,6,1,-1,-1,1560,2,5,2,1,2
2017010025030,1,1,0,18,0,0,0,0,0,0,1,1,6,1,32,6,-1,-1,-1,8,1,8
2017010025030,2,9,-1,18,0,0,0,0,0,0,4,-1,6,1,-1,-1,1388,1,14,6,1,6
2017010025031,1,1,0,18,0,2,0,0,0,0,3,1,1,2,21,5,-1,-1,-1,2,1,2
2017010025032,1,9,0,10,0,0,0,0,0,0,2,-1,1,1,-1,-1,1956,2,4,-1,-1,-1
2017010025032,2,9,0,18,0,0,0,0,0,0,1,-1,6,1,-1,-1,2494,1,9,-1,-1,-1
2017010025035,1,9,-1,18,-1,-1,-1,-1,-1,-1,-1,-1,6,1,25,5,1968,2,7,-1,-1,-1
2017010025035,2,9,-1,18,-1,-1,-1,-1,-1,-1,-1,-1,6,3,-1,-1,1968,2,5,-1,-1,-1
2017010025055,1,1,0,16,0,1,0,0,0,0,1,1,6,2,55,8,-1,-1,-1,5,1,5
2017010025055,2,9,0,3,0,1,0,0,0,0,3,1,6,1,39,7,2401,2,8,2,1,2
2017010025057,1,1,-1,18,0,-1,-1,0,0,0,1,1,2,1,43,7,-1,-1,-1,5,1,5
2017010025057,2,3,-1,7,0,1,-1,0,0,0,1,1,1,1,-1,-1,125,1,7,-1,-1,-1
2017010025065,1,9,0,7,0,8,0,0,0,0,4,1,2,1,74,10,-1,-1,-1,-1,-1,-1
2017010025065,2,1,0,18,0,8,0,0,0,0,1,1,6,1,30,6,-1,-1,-1,5,1,5
2017010025068,1,9,0,9,0,6,0,0,0,0,1,1,3,2,47,8,1596,1,12,2,1,2
2017010025068,2,1,0,14,0,8,0,0,0,0,4,1,2,1,31,6,-1,-1,-1,8,1,8
2017010025070,1,1,0,9,0,2,0,0,0,0,4,1,4,1,15,3,-1,-1,-1,3,1,3
2017010025070,2,19,0,18,0,1,0,0,0,0,1,-1,6,1,55,8,2198,2,7,8,1,8
2017010025071,1,9,0,5,0,0,0,0,0,0,1,1,6,1,52,8,2460,2,12,7,1,7
2017010025072,1,8,0,18,0,1,0,0,0,0,2,1,1,1,41,7,2143,2,4,5,1,5
2017010025072,2,9,0,18,0,1,0,0,0,0,1,1,6,3,-1,-1,3189,1,13,-1,-1,-1
2017010025074,1,8,0,4,0,1,0,0,0,0,2,1,1,1,41,7,1797,8,6,2,1,2
2017010025074,2,19,0,18,0,1,0,0,0,0,1,1,1,1,23,5,1896,2,10,5,1,5
2017010025080,1,9,-1,18,-1,0,-1,0,0,0,4,-1,6,2,45,7,1598,2,3,4,1,4
2017010025080,2,9,0,-1,0,0,0,0,0,0,3,-1,6,3,-1,-1,-1,-1,-1,-1,-1,-1
2017010025083,1,8,0,9,0,8,0,0,0,0,1,1,1,1,63,9,2499,2,7,9,1,9
2017010025083,2,1,0,18,0,8,0,0,1,0,1,1,2,2,34,6,-1,-1,-1,1,1,1
2017010025091,1,11,0,3,0,1,0,0,0,0,0,1,1,1,33,6,4500,2,10,6,1,6
2017010025092,1,9,0,7,0,8,0,0,0,0,4,1,2,1,27,6,-1,-1,-1,1,1,1
2017010025094,1,9,-1,3,0,0,-1,-1,-1,-1,2,-1,6,2,52,8,1598,1,9,2,1,2
2017010025094,2,9,-1,-1,0,0,-1,-1,-1,-1,1,-1,6,1,-1,-1,1988,1,14,8,1,8
2017010025096,1,9,0,4,0,2,0,0,0,0,4,1,3,2,40,7,659,1,10,6,1,6
2017010025096,2,1,0,3,0,2,0,0,0,0,1,1,2,2,57,9,-1,-1,-1,6,1,6
2017010025098,1,5,0,18,0,1,0,0,0,0,4,1,2,1,59,9,865,1,11,8,3,8
2017010025098,2,9,0,10,0,1,0,0,0,0,1,1,3,2,33,6,1781,1,14,2,1,2
2017010025101,1,9,0,2,9,2,0,0,0,0,0,1,6,3,-1,-1,1598,1,9,-1,-1,-1
2017010025101,2,19,0,18,0,2,0,0,0,0,4,1,6,3,-1,-1,-1,-1,-1,-1,-1,-1
2017010025104,1,9,0,9,0,6,0,0,0,0,1,1,6,2,37,7,2993,2,8,4,1,4
2017010025104,2,1,0,18,0,1,0,0,0,0,1,1,6,1,34,6,-1,-1,-1,2,1,2
2017010025106,1,9,0,18,0,1,0,0,6,0,1,1,6,2,60,9,2993,2,3,3,3,3
2017010025106,2,9,0,18,0,1,0,11,0,0,1,1,1,1,43,7,1499,2,2,3,1,3
2017010025110,1,3,0,18,0,8,0,0,0,0,1,1,1,1,43,7,125,1,11,3,1,3
2017010025114,1,9,0,10,0,8,0,0,0,0,2,1,6,1,53,8,1984,1,13,1,1,1
2017010025114,2,3,0,18,0,1,0,0,0,0,1,1,6,1,60,9,745,1,3,7,3,7
2017010025118,1,9,0,18,0,1,0,0,0,0,2,1,6,2,46,8,1984,1,4,7,1,7
2017010025118,2,9,0,18,0,1,0,0,0,0,1,-1,6,3,-1,-1,2231,2,8,-1,-1,-1
2017010025120,1,9,0,9,0,8,0,0,0,0,1,1,2,1,51,8,1360,1,13,3,1,3
2017010025120,2,1,0,16,0,8,0,0,0,0,1,1,2,1,28,6,-1,-1,-1,3,1,3
2017010025121,1,1,0,18,0,0,0,4,0,0,1,1,6,1,33,6,-1,-1,-1,2,1,2
2017010025131,1,1,0,18,0,2,0,0,0,0,1,1,6,1,37,7,-1,-1,-1,3,1,3
2017010025135,1,9,0,18,0,0,0,0,0,0,2,1,6,1,18,4,1124,1,11,2,1,2
2017010025135,2,19,0,14,0,0,0,4,0,0,1,1,1,1,35,6,2143,2,1,-1,-1,-1
2017010025137,1,9,0,9,0,8,0,0,0,0,1,1,6,2,88,11,1598,1,16,9,1,9
2017010025137,2,1,0,18,0,8,0,0,0,0,1,1,2,1,31,6,-1,-1,-1,5,1,5
2017010025163,1,19,0,6,0,1,0,0,0,0,4,1,1,1,36,7,2198,2,6,7,1,7
2017010025163,2,1,0,18,0,1,0,0,1,0,3,1,1,1,48,8,-1,-1,-1,6,1,6
2017010025169,1,1,0,18,0,1,0,0,0,0,-1,1,6,2,30,6,-1,-1,-1,2,1,2
2017010025169,2,90,0,2,0,1,0,0,-1,0,3,-1,6,3,-1,-1,-1,-1,-1,-1,-1,-1
2017010025173,1,2,0,12,0,0,0,0,0,0,2,1,6,1,38,7,125,1,7,5,1,5
2017010025173,2,9,0,15,0,0,0,0,0,0,1,1,6,1,36,7,3100,2,25,2,1,2
2017010025177,1,9,0,18,0,0,0,0,0,0,2,1,6,3,-1,-1,1364,2,14,-1,-1,-1
2017010025178,1,8,0,9,0,6,0,0,0,0,1,1,6,1,45,7,2143,2,1,-1,-1,-1
2017010025179,1,11,0,4,0,1,0,0,0,0,0,1,1,1,51,8,9000,2,8,4,1,4
2017010025180,1,9,0,5,0,4,0,0,0,0,1,1,6,2,26,6,1499,1,2,3,1,3
2017010025180,2,9,0,18,0,3,1,0,0,0,4,1,6,1,34,6,1968,2,4,6,1,6
2017010025181,1,9,0,9,0,1,0,0,0,0,1,1,3,1,43,7,1995,2,2,2,1,2
2017010025182,1,1,0,3,0,0,0,11,0,0,1,1,6,1,37,7,-1,-1,-1,4,1,4
2017010025183,1,9,0,18,0,1,0,0,0,0,1,1,1,1,51,8,1598,1,15,2,1,2
2017010025183,2,9,0,2,0,1,0,0,0,0,1,1,6,3,-1,-1,1598,1,12,-1,-1,-1
2017010025183,3,19,0,5,0,1,0,0,0,0,1,1,1,1,28,6,-1,-1,-1,3,1,3
2017010025184,1,9,0,4,9,1,0,0,0,0,1,1,6,1,37,7,1388,1,15,-1,-1,-1
2017010025185,1,11,0,7,0,5,0,0,0,0,0,1,1,1,58,9,4500,2,7,3,1,3
2017010025186,1,9,0,6,0,2,0,0,0,0,1,1,6,1,25,5,1390,1,5,4,1,4
2017010025186,2,3,0,7,0,5,1,0,0,0,1,1,6,1,18,4,124,1,5,2,1,2
2017010025187,1,1,0,18,0,8,0,0,0,0,1,1,2,1,31,6,-1,-1,-1,1,1,1
2017010025187,2,1,0,9,0,8,0,0,0,0,2,1,6,1,-1,-1,-1,-1,-1,-1,-1,-1
2017010025188,1,19,0,18,0,0,2,0,0,0,2,1,1,1,29,6,-1,-1,-1,4,1,4
2017010025188,2,9,0,18,0,0,1,0,0,0,1,1,6,1,53,8,1248,2,8,9,1,9
2017010025189,1,9,0,18,0,1,0,0,0,0,1,1,6,2,61,9,1598,1,3,6,2,6
2017010025190,1,8,0,9,0,8,0,0,0,0,1,1,6,1,48,8,-1,-1,-1,3,1,3
2017010025192,1,9,0,18,0,1,0,0,0,0,0,1,6,2,44,7,1399,2,6,4,1,4
2017010025192,2,9,0,18,0,1,0,0,0,0,1,1,6,1,32,6,1240,1,13,6,1,6
2017010025193,1,9,0,5,0,7,0,0,0,0,0,1,2,2,35,6,1497,8,9,3,1,3
2017010025193,2,4,0,5,0,7,0,0,0,0,0,1,2,1,34,6,-1,-1,-1,3,1,3
2017010025194,1,9,0,18,0,1,0,0,0,0,3,1,1,2,41,7,1587,1,10,4,1,4
2017010025195,1,19,0,9,0,2,0,0,0,0,2,1,6,1,27,6,2496,2,17,10,1,10
2017010025195,2,9,0,4,0,2,0,0,0,0,2,1,6,1,36,7,1799,1,6,4,1,4
2017010025197,1,9,0,6,0,0,0,0,0,0,1,1,2,2,23,5,1199,1,15,4,1,4
2017010025197,2,2,0,18,0,0,0,0,0,0,1,1,6,1,23,5,125,1,3,2,1,2
2017010025198,1,9,0,5,0,8,0,0,0,0,4,1,6,1,49,8,1560,2,10,2,1,2
2017010025198,2,1,0,5,0,8,0,0,0,0,3,1,2,2,32,6,-1,-1,-1,4,1,4
2017010025199,1,9,0,18,0,0,0,0,0,0,2,1,2,2,50,8,1761,1,19,-1,-1,-1
2017010025199,2,9,0,18,0,0,0,0,0,0,1,1,2,2,55,8,2987,2,6,4,1,4
2017010025200,1,2,0,16,9,0,1,10,7,10,1,1,6,1,52,8,108,1,3,4,1,4
2017010025203,1,9,0,18,0,0,1,4,1,2,1,1,6,1,26,6,2148,2,9,4,1,4
2017010025203,2,9,0,2,6,0,0,0,1,0,2,1,6,3,-1,-1,1995,2,6,-1,-1,-1
2017010025204,1,9,0,1,8,0,0,0,0,0,1,1,6,1,45,7,1200,1,1,4,1,4
2017010025205,1,9,0,5,0,0,0,11,0,0,1,1,2,1,41,7,1995,2,1,5,1,5
2017010025206,1,9,0,9,0,8,0,0,0,0,1,1,6,3,-1,-1,-1,-1,-1,-1,-1,-1
2017010025209,1,9,0,5,0,2,0,0,0,0,1,1,6,2,46,8,1991,2,9,4,1,4
2017010025210,1,9,0,5,0,4,0,0,0,0,1,1,6,1,22,5,1799,1,7,4,1,4
2017010025210,2,1,0,18,0,3,0,0,0,0,1,1,2,2,38,7,-1,-1,-1,3,1,3
2017010025211,1,9,0,9,0,8,0,0,0,0,1,1,2,1,29,6,1560,2,8,8,3,8
2017010025211,2,4,0,18,0,1,2,0,0,0,1,1,6,1,29,6,-1,-1,-1,5,1,5
2017010025214,1,9,0,17,0,8,0,10,1,2,4,1,6,1,24,5,1995,2,1,4,1,4
2017010025216,1,19,0,18,0,0,0,0,0,0,1,1,6,1,34,6,2463,2,10,6,1,6
2017010025217,1,9,0,9,0,8,0,10,0,0,1,1,6,2,47,8,1398,2,12,3,1,3
2017010025217,2,19,0,18,0,8,0,0,0,0,1,1,6,1,24,5,2179,2,11,9,2,9
2017010025218,1,9,0,9,0,1,0,0,0,0,1,1,2,2,36,7,2143,2,3,7,1,7
2017010025218,2,9,0,10,0,8,0,0,0,0,1,1,2,2,51,8,1240,1,7,4,1,4
2017010025218,3,1,0,18,0,8,5,0,0,0,3,1,2,1,55,8,-1,-1,-1,2,1,2
2017010025219,1,9,0,10,0,1,0,-1,1,-1,1,1,6,1,52,8,1796,1,9,2,1,2
2017010025219,2,9,0,15,4,3,0,-1,1,-1,3,-1,6,1,-1,-1,1199,1,14,-1,-1,-1
2017010025222,1,21,0,4,0,0,1,0,0,0,1,1,1,1,40,7,12777,2,2,5,1,5
2017010025222,2,21,0,4,0,0,1,0,0,0,2,1,1,1,21,5,12777,2,8,7,1,7
2017010025223,1,1,0,18,0,4,0,0,0,0,4,1,6,1,67,10,-1,-1,-1,5,1,5
2017010025234,1,9,0,4,0,7,0,0,0,0,1,-1,6,1,38,7,1490,1,9,5,1,5
2017010025234,2,19,0,1,0,7,0,0,0,0,2,-1,6,3,-1,-1,2143,2,2,-1,-1,-1
2017010025242,1,9,0,17,0,3,1,-1,0,0,-1,-1,6,1,33,6,1997,2,15,3,1,3
2017010025249,1,9,0,5,0,0,0,0,0,0,4,1,2,2,52,8,1598,2,6,2,1,2
2017010025249,2,9,0,18,0,0,0,0,0,0,1,1,6,1,-1,-1,1995,2,1,2,1,2
2017010025254,1,19,0,18,0,1,1,0,0,0,1,1,1,1,49,8,-1,-1,-1,6,1,6
2017010025254,2,1,0,10,0,1,0,0,0,0,2,1,6,2,29,6,-1,-1,-1,4,1,4
2017010025260,1,9,0,18,0,0,1,0,0,0,3,1,2,1,53,8,1560,2,6,1,1,1
2017010025260,2,19,0,18,0,0,0,0,0,0,1,1,1,1,59,9,12777,2,3,6,1,6
2017010025266,1,9,-1,-1,-1,-1,-1,-1,-1,-1,-1,-1,6,3,-1,-1,-1,-1,-1,-1,-1,-1
2017010025271,1,8,0,18,0,1,0,0,0,0,1,1,6,3,-1,-1,-1,-1,-1,-1,-1,-1
2017010025271,2,11,0,18,0,1,0,0,0,0,1,1,6,3,-1,-1,-1,-1,-1,-1,-1,-1
2017010025271,3,1,0,13,0,1,0,0,0,0,1,1,2,1,32,6,-1,-1,-1,4,1,4
2017010025280,1,9,-1,18,0,2,-1,0,0,0,1,1,6,3,-1,-1,1988,1,13,-1,-1,-1
2017010025287,1,19,0,9,0,0,0,0,0,0,4,1,2,1,24,5,-1,-1,-1,2,1,2
2017010025287,2,5,0,5,0,0,0,0,0,0,1,1,1,1,35,6,599,1,8,3,1,3
2017010025288,1,9,-1,-1,-1,-1,-1,-1,-1,-1,-1,-1,6,1,56,9,-1,-1,-1,9,1,9
2017010025288,2,9,-1,-1,-1,-1,-1,-1,-1,-1,-1,-1,6,1,-1,-1,1596,1,16,-1,-1,-1
2017010025296,1,9,0,18,0,2,0,0,0,0,1,1,1,1,41,7,1598,1,8,5,1,5
2017010025296,2,9,0,3,0,1,0,0,0,0,2,1,6,2,47,8,1991,1,1,4,1,4
2017010025296,3,9,0,3,0,2,0,0,0,0,2,1,6,1,24,5,1240,1,13,3,1,3
2017010025312,1,5,0,18,0,1,0,0,0,0,1,1,6,1,28,6,675,1,6,6,1,6
2017010025312,2,9,-1,5,0,1,0,-1,0,0,-1,-1,6,3,-1,-1,898,1,1,-1,-1,-1
2017010025315,1,9,-1,18,0,8,0,0,0,0,2,-1,6,2,26,6,1598,1,11,4,1,4
2017010025315,2,9,-1,18,0,8,0,0,0,0,1,-1,6,1,-1,-1,2184,2,8,-1,-1,-1
2017010025329,1,1,0,18,0,1,0,0,0,0,-1,1,6,2,46,8,-1,-1,-1,6,1,6
2017010025340,1,1,0,18,0,2,0,0,0,0,1,1,6,2,25,5,-1,-1,-1,6,3,6
2017010025359,1,9,0,4,0,1,0,0,0,0,1,1,6,3,-1,-1,-1,-1,-1,-1,-1,-1
2017010025363,1,3,0,13,0,0,2,0,0,0,0,1,6,1,37,7,124,1,8,6,1,6
2017010025363,2,9,0,6,0,0,0,-1,0,0,-1,-1,6,1,43,7,1998,2,4,2,1,2
2017010025364,1,9,0,3,0,1,0,0,0,0,1,1,6,1,22,5,1997,2,8,2,1,2
2017010025364,2,3,0,18,0,1,0,0,0,0,1,1,6,3,-1,-1,125,1,2,-1,-1,-1
2017010025372,1,90,0,6,0,7,0,0,7,0,2,1,1,1,49,8,-1,-1,-1,8,3,8
2017010025372,2,5,0,18,0,7,0,0,0,0,1,1,6,1,40,7,649,1,5,3,1,3
2017010025374,1,9,0,9,0,8,0,0,0,0,1,1,6,1,55,8,1198,1,9,4,1,4
2017010025374,2,3,0,18,0,8,0,10,0,0,4,1,1,1,20,4,124,1,9,4,1,4
2017010025376,1,9,0,4,0,0,0,0,0,0,2,-1,6,2,23,5,1198,1,4,5,2,5
2017010025377,1,9,0,18,0,0,0,0,0,0,4,1,6,1,32,6,1596,1,4,7,1,7
2017010025378,1,1,0,15,4,1,0,0,0,0,1,1,6,1,31,6,-1,-1,-1,4,1,4
2017010025378,2,9,0,9,0,5,0,0,0,0,4,1,6,1,36,7,1995,1,10,6,1,6
2017010025382,1,4,0,9,2,5,0,0,0,0,4,1,1,1,36,7,-1,-1,-1,3,1,3
2017010025384,1,8,0,18,0,0,0,0,0,0,1,1,1,1,44,7,1797,8,6,3,1,3
2017010025385,1,9,0,9,0,8,0,0,0,0,2,1,6,2,37,7,1997,2,12,6,1,6
2017010025385,2,10,0,7,0,1,0,0,0,0,1,1,1,1,42,7,1968,2,6,1,1,1
2017010025389,1,5,0,14,0,8,0,0,0,0,1,1,6,1,17,4,-1,-1,-1,-1,-1,-1
2017010025390,1,19,0,3,0,4,0,0,0,0,2,1,1,1,59,9,1997,2,13,8,1,8
2017010025390,2,9,0,3,0,4,0,0,0,0,2,1,6,1,63,9,1596,1,4,5,1,5
2017010025390,3,9,0,18,0,4,0,10,4,1,1,1,1,1,27,6,1995,2,2,6,1,6
2017010025392,1,19,0,7,0,8,0,0,0,0,3,1,1,1,35,6,4461,2,6,5,1,5
2017010025392,2,3,0,13,0,1,0,0,0,0,1,1,1,1,34,6,125,1,1,3,1,3
2017010025393,1,4,0,13,0,8,0,0,0,0,1,1,2,1,27,6,124,1,5,7,1,7
2017010025393,2,9,0,9,0,8,0,0,0,0,3,1,6,1,35,6,1997,1,8,10,1,10
2017010025395,1,5,0,4,0,1,5,0,0,0,1,1,2,1,51,8,790,1,16,6,1,6
2017010025395,2,2,0,11,0,1,0,0,0,0,4,1,6,3,-1,-1,-1,-1,-1,-1,-1,-1
2017010025396,1,9,-1,-1,-1,0,-1,-1,-1,-1,-1,-1,6,2,32,6,2987,2,4,9,1,9
2017010025397,1,9,0,18,0,2,0,0,0,0,3,1,6,1,47,8,2143,2,3,5,1,5
2017010025397,2,9,0,18,0,1,0,0,0,0,1,1,6,1,18,4,-1,-1,-1,3,1,3
2017010025403,1,9,0,18,0,1,0,0,0,0,4,1,3,2,40,7,2231,2,9,2,1,2
2017010025403,2,9,0,9,0,8,0,0,0,0,1,1,6,3,-1,-1,1598,1,13,-1,-1,-1
2017010025408,1,9,-1,3,0,0,-1,-1,0,0,2,-1,6,1,52,8,1391,1,18,7,1,7
2017010025409,1,1,0,18,0,2,0,8,0,0,1,1,1,2,29,6,-1,-1,-1,3,1,3
2017010025409,2,9,0,4,9,2,0,0,0,0,0,1,6,1,56,9,5972,1,4,4,1,4
2017010025420,1,9,0,3,0,0,0,0,0,0,1,-1,1,1,40,7,1790,8,4,3,1,3
2017010025420,2,9,0,1,0,0,0,0,0,0,3,-1,6,1,-1,-1,1461,2,4,-1,-1,-1
2017010025421,1,11,0,18,0,0,0,0,0,0,0,1,1,1,59,9,9000,2,8,7,1,7
2017010025422,1,19,0,6,0,8,0,0,0,0,3,1,1,1,32,6,2198,2,4,9,1,9
2017010025422,2,5,0,18,0,1,0,0,0,0,1,1,2,1,24,5,-1,-1,-1,7,1,7
2017010025427,1,9,0,9,0,5,0,0,0,0,0,1,3,1,35,6,1896,2,10,2,1,2
2017010025427,2,1,0,18,0,1,5,0,0,0,0,1,6,2,21,5,-1,-1,-1,3,1,3
2017010025433,1,9,0,-1,0,6,-1,-1,-1,0,2,-1,6,1,33,6,2204,2,10,10,1,10