Accident_Index,Vehicle_Reference,Vehicle_Type,Towing_and_Articulation,Vehicle_Manoeuvre,Vehicle_Location-Restricted_Lane,Junction_Location,Skidding_and_Overturning,Hit_Object_in_Carriageway,Vehicle_Leaving_Carriageway,Hit_Object_off_Carriageway,1st_Point_of_Impact,Was_Vehicle_Left_Hand_Drive?,Journey_Purpose_of_Driver,Sex_of_Driver,Age_of_Driver,Age_Band_of_Driver,Engine_Capacity_(CC),Propulsion_Code,Age_of_Vehicle,Driver_IMD_Decile,Driver_Home_Area_Type,Vehicle_IMD_Decile
2017010025993,1,9,0,3,0,2,0,0,0,0,2,1,2,2,53,8,2494,8,1,3,1,3
2017010025993,2,9,0,18,0,6,0,0,0,0,1,1,6,1,53,8,1149,1,16,4,1,4
2017010026002,1,9,0,3,0,0,0,0,0,0,2,1,6,1,42,7,1995,2,5,2,1,2
2017010026002,2,9,0,14,0,0,0,0,0,0,4,1,6,1,-1,-1,1968,2,1,1,1,1
2017010026003,1,1,0,18,0,8,5,0,0,0,-1,1,6,1,29,6,-1,-1,-1,3,1,3
2017010026003,2,9,0,9,0,8,1,0,0,0,1,-1,6,1,46,8,1796,1,13,2,1,2
2017010026004,1,9,0,14,-1,0,0,0,0,0,4,-1,6,2,42,7,2148,2,10,3,1,3
2017010026006,1,9,0,6,0,1,0,0,0,0,2,1,6,1,46,8,1299,1,15,3,1,3
2017010026006,2,4,0,18,0,6,0,0,0,0,1,1,6,1,60,9,398,1,10,4,1,4
2017010026008,1,3,0,14,0,1,0,0,0,0,1,1,6,1,25,5,599,1,11,3,1,3
2017010026011,1,9,0,18,0,8,0,0,0,0,1,-1,6,2,34,6,1499,1,13,7,1,7
2017010026011,2,9,0,18,0,4,0,0,0,0,1,-1,6,1,17,4,1870,2,13,-1,-1,-1
2017010026014,1,9,0,18,0,7,0,0,0,0,4,1,2,2,28,6,1798,1,4,5,1,5
2017010026014,2,9,0,9,0,2,0,0,0,0,1,1,3,2,39,7,1339,8,10,2,1,2
2017010026015,1,8,0,3,0,0,0,0,0,0,2,1,1,1,49,8,2499,2,3,1,1,1
2017010026015,2,8,0,3,0,0,0,0,0,0,0,1,1,1,46,8,1798,8,2,5,1,5
2017010026019,1,3,0,5,0,1,0,0,0,0,4,1,6,1,45,7,125,1,5,2,1,2
2017010026019,2,9,4,3,0,1,0,0,0,0,3,1,1,1,32,6,-1,-1,-1,8,2,8
2017010026020,1,9,0,18,0,0,0,0,0,0,1,1,6,2,26,6,1240,1,12,4,1,4
2017010026020,2,9,0,18,0,0,0,0,0,0,2,1,6,1,23,5,2000,1,9,5,1,5
2017010026024,1,4,0,18,2,8,0,0,0,0,1,1,2,1,34,6,248,1,1,2,1,2
2017010026024,2,9,0,9,0,8,0,0,0,0,4,1,1,1,41,7,1910,2,10,-1,-1,-1
2017010026027,1,9,0,15,0,0,5,4,0,0,3,1,6,1,28,6,1984,1,6,3,1,3
2017010026027,2,9,0,2,0,0,0,0,0,0,3,1,6,3,-1,-1,1595,1,1,-1,-1,-1
2017010026027,3,9,0,2,0,0,0,0,0,0,4,1,6,3,-1,-1,1248,1,2,-1,-1,-1
2017010026028,1,9,0,18,0,3,0,0,0,0,1,1,6,3,-1,-1,-1,-1,-1,-1,-1,-1
2017010026032,1,5,0,18,0,1,-1,0,0,0,0,1,6,1,37,7,-1,-1,-1,7,1,7
2017010026032,2,9,0,7,0,8,0,0,0,0,0,1,6,3,-1,-1,2148,2,9,-1,-1,-1
2017010026033,1,11,0,18,2,0,0,0,0,0,0,1,6,2,27,6,4500,2,2,2,1,2
2017010026040,1,9,0,9,0,8,0,0,0,0,1,1,6,2,36,7,1995,2,4,4,1,4
2017010026043,1,1,0,16,0,1,0,0,0,0,1,1,2,2,27,6,-1,-1,-1,7,1,7
2017010026047,1,9,0,18,0,0,0,0,0,0,1,1,6,2,23,5,1598,1,4,7,1,7
2017010026047,2,9,0,13,0,0,1,0,0,0,1,1,6,1,34,6,1968,2,7,6,1,6
2017010026047,3,9,0,18,0,0,0,0,0,0,0,1,6,1,79,11,1360,1,18,6,1,6
2017010026047,4,9,0,18,0,0,1,0,0,0,2,1,2,1,54,8,1598,1,10,8,1,8
2017010026047,5,19,0,2,9,0,0,0,0,0,3,1,6,3,-1,-1,-1,-1,-1,-1,-1,-1
2017010026050,1,8,0,3,6,1,0,0,0,0,2,1,1,1,48,8,1798,8,2,3,1,3
2017010026050,2,19,0,1,0,1,0,0,0,0,2,1,1,1,47,8,1870,2,14,7,1,7
2017010026051,1,5,0,14,0,0,0,0,0,0,1,1,2,1,57,9,1077,1,1,6,1,6
2017010026052,1,9,0,3,0,0,0,0,0,0,2,-1,2,2,64,9,1598,1,5,4,1,4
2017010026052,2,9,0,4,0,0,0,0,0,0,1,-1,6,1,-1,-1,1986,2,12,4,1,4
2017010026053,1,11,0,4,0,0,0,0,0,0,0,1,6,1,71,10,6700,2,8,2,1,2
2017010026054,1,9,0,17,0,0,0,0,0,0,3,1,1,1,30,6,1598,1,11,3,1,3
2017010026056,1,5,0,18,0,0,0,0,0,0,3,1,2,1,49,8,745,1,2,6,1,6
2017010026056,2,9,0,1,0,0,0,0,0,0,2,1,6,2,29,6,1598,2,5,5,1,5
2017010026058,1,9,0,4,0,0,0,0,0,0,2,1,6,2,41,7,1995,2,11,3,1,3
2017010026058,2,9,3,4,0,0,0,0,0,0,1,1,6,1,22,5,1895,1,16,3,1,3
2017010026059,1,21,1,18,0,1,0,0,0,0,2,1,1,1,66,10,12740,2,4,6,1,6
2017010026059,2,5,0,18,0,1,0,0,0,0,1,1,6,1,30,6,998,1,6,2,1,2
2017010026060,1,8,0,8,0,1,0,0,1,2,1,1,1,1,39,7,1797,8,4,2,1,2
2017010026060,2,20,0,18,0,1,0,0,0,0,3,1,1,1,43,7,3920,2,3,-1,-1,-1
2017010026061,1,9,0,18,0,1,0,0,0,0,1,1,6,1,26,6,1598,2,3,3,1,3
2017010026061,2,9,0,3,0,1,0,4,1,0,2,1,6,2,22,5,1598,1,10,8,1,8
2017010026062,1,9,0,5,0,0,0,0,0,0,1,1,6,1,54,8,1798,8,2,5,1,5
2017010026063,1,9,0,18,0,4,0,0,0,0,1,1,6,1,68,10,1798,1,8,7,1,7
2017010026063,2,9,0,9,0,8,1,0,0,0,3,1,2,1,46,8,1560,2,7,1,1,1
2017010026063,3,9,0,3,0,1,0,0,0,0,3,1,6,2,47,8,1968,2,3,8,3,8
2017010026063,4,9,0,3,0,1,0,0,0,0,3,1,6,1,49,8,2254,1,19,-1,-1,-1
2017010026064,1,4,0,18,0,0,0,0,0,0,1,1,6,1,21,5,125,1,1,2,1,2
2017010026065,1,9,0,4,0,1,0,0,1,0,2,1,6,2,39,7,1560,2,3,3,1,3
2017010026065,2,9,0,4,0,1,0,0,0,0,1,1,6,2,32,6,1995,1,11,3,1,3
2017010026067,1,3,0,17,0,2,5,0,0,0,1,1,6,1,35,6,125,1,2,2,1,2
2017010026067,2,19,0,17,0,2,0,0,0,0,2,1,1,1,25,5,2464,2,8,5,1,5
2017010026068,1,9,0,3,0,1,0,0,0,0,2,1,6,2,37,7,1364,1,7,4,1,4
2017010026068,2,19,0,18,0,1,0,0,0,0,1,1,6,3,-1,-1,-1,-1,-1,-1,-1,-1
2017010026070,1,19,0,9,0,8,0,0,0,0,1,1,2,1,34,6,1499,2,-1,4,1,4
2017010026070,2,1,0,8,0,8,0,0,0,0,1,1,6,2,28,6,-1,-1,-1,3,1,3
2017010026072,1,3,0,14,0,0,0,0,0,0,1,1,1,1,27,6,124,1,3,4,1,4
2017010026073,1,9,0,18,0,1,0,0,0,0,4,1,6,1,27,6,1197,1,2,-1,-1,-1
2017010026073,2,9,0,7,0,2,0,0,0,0,1,1,6,1,21,5,998,1,1,2,1,2
2017010026074,1,9,0,9,0,8,2,0,0,0,4,1,6,1,27,6,1796,1,17,-1,-1,-1
2017010026078,1,3,0,5,0,2,0,4,0,0,1,1,1,1,26,6,-1,-1,-1,6,1,6
2017010026079,1,9,0,18,0,0,0,0,0,0,1,1,2,1,37,7,1461,2,3,9,1,9
2017010026081,1,9,0,9,0,8,0,0,0,0,3,1,6,1,76,11,1197,1,2,9,1,9
2017010026081,2,11,0,18,0,8,0,0,0,0,1,1,6,1,52,8,6700,2,10,7,1,7
2017010026082,1,9,0,10,0,6,0,0,0,0,1,1,2,2,58,9,998,1,2,4,1,4
2017010026082,2,9,0,16,0,3,0,0,0,0,4,1,6,2,57,9,1200,1,1,9,1,9
2017010026084,1,9,0,18,0,0,0,0,0,0,3,1,2,1,23,5,2521,1,9,2,1,2
2017010026084,2,9,0,11,0,0,0,0,0,0,4,1,2,1,30,6,1595,1,9,3,1,3
2017010026085,1,9,0,9,0,8,0,0,0,0,1,1,6,1,21,5,1595,1,-1,6,1,6
2017010026085,2,3,0,18,0,8,0,0,0,0,1,1,1,1,29,6,108,1,3,2,1,2
2017010026086,1,9,0,18,0,1,0,0,0,0,1,1,6,1,61,9,1248,1,5,8,1,8
2017010026087,1,4,0,18,0,1,0,0,0,0,1,1,2,1,30,6,125,1,1,3,1,3
2017010026087,2,9,0,9,0,5,0,0,0,0,1,1,6,2,26,6,1496,2,1,4,1,4
2017010026089,1,2,0,18,0,0,0,0,0,0,1,1,6,1,32,6,108,1,4,5,1,5
2017010026090,1,11,0,9,0,8,0,0,0,0,3,1,1,1,46,8,4500,2,5,3,1,3
2017010026090,2,1,0,17,0,8,0,0,0,0,1,1,6,1,15,3,-1,-1,-1,4,1,4
2017010026091,1,9,0,18,0,1,0,0,0,0,4,1,6,3,-1,-1,1968,2,12,-1,-1,-1
2017010026092,1,21,4,4,0,2,0,0,0,0,2,1,1,1,48,8,12130,2,12,8,1,8
2017010026092,2,1,0,18,0,2,2,0,0,0,1,1,6,1,33,6,-1,-1,-1,2,1,2
2017010026095,1,1,0,18,0,0,0,10,1,0,1,1,6,1,29,6,-1,-1,-1,7,1,7
2017010026096,1,9,0,5,0,1,0,0,0,0,1,1,1,1,47,8,1797,8,5,1,1,1
2017010026096,2,1,0,18,0,1,0,0,0,0,1,1,2,1,21,5,-1,-1,-1,3,1,3
2017010026098,1,9,0,5,0,1,0,0,0,0,1,1,6,1,27,6,1560,2,3,-1,-1,-1
2017010026098,2,9,0,5,0,8,0,0,0,0,1,1,6,3,-1,-1,-1,-1,-1,-1,-1,-1
2017010026099,1,9,0,18,0,0,1,0,0,0,1,1,6,2,54,8,1596,1,12,8,1,8
2017010026099,2,9,0,17,0,0,1,0,0,0,1,1,6,1,17,4,1997,2,2,-1,-1,-1
2017010026100,1,9,0,18,0,0,0,0,0,0,1,1,6,1,62,9,996,1,7,3,1,3
2017010026101,1,9,0,18,0,6,0,0,0,0,4,1,6,1,17,4,1229,1,4,10,1,10
2017010026101,2,8,0,18,0,8,0,0,0,0,1,1,2,1,52,8,2499,2,5,8,1,8
2017010026102,1,9,0,18,0,0,0,0,0,0,1,1,6,2,27,6,1582,2,8,8,1,8
2017010026103,1,9,0,18,0,1,0,0,0,0,3,1,6,1,54,8,1950,2,1,6,1,6
2017010026104,1,11,0,4,0,0,0,0,0,0,0,1,1,1,37,7,6692,2,8,2,1,2
2017010026105,1,11,0,18,3,0,0,0,0,0,0,1,1,1,46,8,6692,2,6,4,1,4
2017010026107,1,9,0,18,0,1,0,0,0,0,3,1,6,1,30,6,1461,2,2,7,1,7
2017010026108,1,11,0,18,0,1,0,10,2,2,1,1,1,2,59,9,4500,2,7,2,1,2
2017010026109,1,8,0,18,0,0,0,0,0,0,1,1,1,1,51,8,2143,2,4,3,1,3
2017010026109,2,8,0,2,0,0,0,0,0,0,1,1,6,3,-1,-1,1598,1,8,-1,-1,-1
2017010026109,3,8,0,2,0,0,0,0,0,0,1,1,6,3,-1,-1,1596,1,6,-1,-1,-1
2017010026110,1,5,0,3,0,8,0,0,1,0,2,1,2,1,33,6,744,1,7,7,1,7
2017010026110,2,9,0,12,0,8,0,0,1,0,1,1,6,1,39,7,-1,-1,-1,3,1,3
2017010026113,1,9,0,18,0,0,0,0,6,6,1,1,6,1,23,5,1584,1,11,3,1,3
2017010026114,1,9,0,18,0,2,0,4,0,0,1,1,6,1,20,4,1198,1,10,3,1,3
2017010026114,2,19,0,2,0,2,0,4,0,0,1,1,6,3,-1,-1,-1,-1,-1,-1,-1,-1
2017010026114,3,9,0,2,0,2,0,4,0,0,1,1,6,3,-1,-1,1399,2,7,-1,-1,-1
2017010026121,1,1,0,18,0,1,0,8,0,0,1,1,2,1,43,7,-1,-1,-1,5,1,5
2017010026121,2,9,0,4,0,1,0,-1,0,0,4,-1,6,1,-1,-1,1968,2,2,-1,-1,-1
2017010026124,1,19,0,18,0,2,0,0,0,0,4,1,1,1,62,9,2198,2,4,4,1,4
2017010026129,1,9,0,18,0,4,-1,0,0,0,4,-1,6,1,31,6,1798,8,2,4,1,4
2017010026129,2,9,0,18,0,4,-1,0,0,0,3,-1,6,1,-1,-1,1984,1,11,2,1,2
2017010026134,1,5,0,14,0,8,1,0,0,0,0,1,1,1,51,8,-1,-1,-1,7,1,7
2017010026134,2,8,0,9,0,6,0,0,0,0,0,1,1,1,46,8,1798,8,2,7,1,7
2017010026135,1,9,0,18,0,1,-1,0,0,0,1,-1,6,3,-1,-1,-1,-1,-1,-1,-1,-1
2017010026138,1,90,0,18,0,0,0,10,1,2,1,1,2,1,40,7,-1,-1,-1,2,1,2
2017010026154,1,9,0,18,0,0,0,-1,0,0,4,1,6,1,29,6,998,1,5,7,1,7
2017010026154,2,9,0,13,0,0,0,-1,0,0,-1,1,6,1,-1,-1,1995,2,7,4,1,4
2017010026160,1,9,0,9,0,8,0,0,0,0,3,-1,6,1,28,6,1598,2,1,3,1,3
2017010026160,2,11,0,18,0,1,-1,0,0,0,1,-1,6,1,-1,-1,9000,2,7,-1,-1,-1
2017010026169,1,1,0,18,4,1,5,0,0,0,4,1,6,2,28,6,-1,-1,-1,3,1,3
2017010026169,2,9,0,-1,0,8,0,0,0,0,1,-1,6,1,-1,-1,1896,2,14,-1,-1,-1
2017010026176,1,9,-1,3,0,1,0,0,0,0,2,-1,2,2,37,7,2204,2,9,-1,-1,-1
2017010026176,2,9,-1,18,0,1,0,0,0,0,1,-1,6,2,-1,-1,1796,1,10,-1,-1,-1
2017010026203,1,9,-1,-1,-1,-1,-1,-1,-1,-1,-1,-1,6,2,54,8,2457,1,9,-1,-1,-1
2017010026236,1,9,0,3,0,0,0,0,0,0,1,1,6,1,26,6,1995,2,6,2,1,2
2017010026236,2,9,0,4,0,0,0,0,0,0,1,1,6,1,38,7,1600,1,13,3,1,3
2017010026268,1,9,0,18,0,1,0,0,0,0,1,1,6,2,23,5,998,1,1,2,1,2
2017010026268,2,19,0,2,9,1,0,0,0,0,1,1,6,3,-1,-1,2143,2,4,-1,-1,-1
2017010026295,1,9,0,17,0,0,0,0,0,0,2,1,6,1,45,7,3614,1,6,9,1,9
2017010026295,2,1,0,16,0,0,1,0,0,0,1,1,6,1,39,7,-1,-1,-1,6,1,6
2017010026298,1,21,0,4,0,1,1,0,0,0,1,1,1,1,40,7,11705,2,9,4,1,4
2017010026298,2,19,0,4,0,1,0,0,0,0,2,1,6,1,47,8,-1,-1,-1,1,1,1
2017010026298,3,19,0,4,0,1,0,0,0,0,0,1,1,1,50,8,2494,2,9,-1,-1,-1
2017010026301,1,8,0,18,0,0,0,0,0,0,4,1,1,1,43,7,2143,2,4,5,1,5
2017010026301,2,9,0,18,0,0,0,0,0,0,3,1,6,2,19,4,1198,1,11,5,1,5
2017010026303,1,5,0,3,0,2,0,0,0,0,2,1,6,1,47,8,-1,-1,-1,-1,-1,-1
2017010026303,2,19,0,4,0,2,0,0,0,0,1,1,1,1,22,5,2198,2,3,5,1,5
2017010026304,1,11,0,4,0,1,0,0,0,0,0,1,1,1,45,7,4500,2,2,1,1,1
2017010026307,1,9,0,18,0,6,0,0,0,0,1,1,6,1,43,7,1997,2,6,6,1,6
2017010026307,2,2,0,6,0,6,0,0,0,0,1,1,6,1,-1,-1,-1,-1,-1,-1,-1,-1
2017010026310,1,9,0,18,0,5,0,0,0,0,1,1,6,1,26,6,1596,1,10,3,1,3
2017010026311,1,9,0,9,0,6,0,0,0,0,0,1,6,1,76,11,1396,1,14,7,1,7
2017010026312,1,1,0,9,0,1,-1,0,0,0,2,1,6,1,17,4,-1,-1,-1,4,1,4
2017010026313,1,1,0,18,2,0,0,0,0,0,1,1,6,2,26,6,-1,-1,-1,4,1,4
2017010026314,1,9,0,10,0,2,0,0,0,0,4,1,6,1,51,8,1995,2,10,2,1,2
2017010026314,2,9,0,18,0,2,0,0,0,0,2,1,6,2,39,7,1591,1,6,2,1,2
2017010026315,1,9,0,3,0,2,0,0,0,0,3,1,1,1,32,6,2143,2,2,2,1,2
2017010026315,2,1,0,18,0,2,0,0,0,0,4,1,6,2,31,6,-1,-1,-1,1,1,1
2017010026316,1,9,0,18,0,8,0,0,0,0,1,1,6,1,22,5,1339,1,9,5,1,5
2017010026316,2,9,0,5,0,6,0,0,0,0,4,1,6,2,36,7,1997,2,5,9,1,9
2017010026317,1,5,0,14,0,0,0,0,0,0,1,1,6,1,49,8,544,1,38,5,1,5
2017010026319,1,8,0,13,0,1,0,0,0,0,1,1,1,1,48,8,1798,8,1,2,1,2
2017010026319,2,1,0,7,0,2,0,0,0,0,1,1,1,1,30,6,-1,-1,-1,2,1,2
2017010026320,1,9,0,3,0,1,0,0,0,0,3,1,6,1,43,7,2996,1,6,2,1,2
2017010026320,2,11,0,18,0,1,0,0,0,0,4,1,1,1,61,9,9360,2,4,2,1,2
2017010026322,1,9,0,18,0,0,0,0,0,0,1,1,6,1,33,6,1560,2,7,1,1,1
2017010026323,1,11,0,5,0,8,0,0,0,0,0,1,1,1,46,8,4461,2,3,4,1,4
2017010026324,1,9,0,18,0,0,0,0,0,0,1,1,6,1,18,4,1399,2,13,2,1,2
2017010026324,2,9,0,3,0,0,0,0,0,0,2,1,6,2,44,7,1461,2,3,5,1,5
2017010026326,1,9,0,18,0,2,0,0,0,0,1,1,6,1,83,11,1910,2,10,9,1,9
2017010026326,2,9,0,18,0,2,0,0,0,0,1,1,6,1,49,8,2143,2,-1,10,1,10
2017010026326,3,9,0,18,0,2,0,0,0,0,1,1,6,1,69,10,2597,1,15,8,1,8
2017010026328,1,11,0,18,0,3,0,0,0,0,0,1,6,1,52,8,4500,2,7,3,1,3
2017010026329,1,9,0,3,0,1,0,0,0,0,2,1,6,2,60,9,2400,2,3,10,1,10
2017010026329,2,9,0,3,0,1,0,0,0,0,2,1,6,2,41,7,1598,2,5,4,1,4
2017010026329,3,9,0,18,0,1,0,0,0,0,1,1,6,1,-1,-1,1995,1,9,-1,-1,-1
2017010026331,1,9,0,15,0,2,0,0,0,0,1,1,6,2,22,5,1591,1,2,3,1,3
2017010026331,2,8,0,9,0,2,0,0,0,0,2,1,1,1,40,7,1997,2,3,2,1,2
2017010026333,1,1,0,18,4,1,0,0,0,0,3,1,6,1,31,6,-1,-1,-1,2,1,2
2017010026334,1,1,0,18,0,1,0,0,0,0,1,1,6,2,15,3,-1,-1,-1,4,1,4
2017010026334,2,9,0,9,0,1,0,0,0,0,1,1,6,1,29,6,1598,1,12,7,1,7
2017010026335,1,9,0,18,0,8,0,0,0,0,4,1,6,2,40,7,1240,1,9,3,1,3
2017010026335,2,11,0,3,2,1,0,0,0,0,3,1,1,1,64,9,3900,2,14,4,1,4
2017010026336,1,9,0,18,0,8,0,0,0,0,1,1,6,1,25,5,1498,1,-1,-1,-1,-1
2017010026336,2,9,0,18,0,5,0,0,0,0,1,1,6,2,39,7,1598,2,7,3,1,3
2017010026337,1,19,0,17,0,0,1,0,1,10,1,1,6,1,50,8,1870,2,15,3,1,3
2017010026337,2,9,0,2,0,0,0,0,0,0,2,1,6,3,-1,-1,1686,2,7,-1,-1,-1
2017010026337,3,9,0,2,0,0,0,0,0,0,4,1,6,3,-1,-1,1896,2,12,-1,-1,-1
2017010026338,1,9,0,1,0,2,0,0,0,0,2,1,6,3,-1,-1,-1,-1,-1,-1,-1,-1
2017010026339,1,1,0,18,0,0,5,0,0,0,3,1,6,1,18,4,-1,-1,-1,4,1,4
2017010026339,2,9,0,18,0,0,0,0,0,0,3,1,6,1,26,6,1598,1,9,2,1,2
2017010026340,1,9,0,3,0,0,0,11,0,0,3,1,6,1,41,7,1995,2,4,3,1,3
2017010026340,2,1,0,18,0,0,5,4,0,0,3,1,6,1,48,8,-1,-1,-1,-1,-1,-1
2017010026341,1,9,0,17,0,0,0,4,0,0,1,1,6,1,24,5,2979,1,10,-1,-1,-1
2017010026341,2,9,0,2,0,0,0,7,1,2,1,1,6,3,-1,-1,1997,2,4,-1,-1,-1
2017010026341,3,90,0,17,0,0,0,0,0,0,0,1,1,1,33,6,-1,-1,-1,6,1,6
2017010026342,1,9,0,9,0,8,0,0,0,0,1,1,6,2,21,5,1198,1,2,5,1,5
2017010026342,2,9,0,18,0,8,0,0,0,0,1,2,6,1,38,7,1896,2,13,2,1,2
2017010026343,1,9,0,10,0,7,0,0,0,0,1,1,6,2,35,6,1796,1,11,5,1,5
2017010026343,2,1,0,18,0,1,0,0,0,0,1,1,6,1,35,6,-1,-1,-1,6,1,6
2017010026344,1,9,0,9,0,6,0,0,0,0,1,1,6,1,47,8,1396,1,14,7,1,7
2017010026344,2,2,0,18,0,1,0,0,0,0,1,1,1,1,23,5,109,1,3,2,1,2
2017010026345,1,9,0,13,0,0,0,0,0,0,1,1,6,2,25,5,1198,1,3,9,1,9
2017010026345,2,3,0,18,0,0,0,0,0,0,1,1,6,1,29,6,107,1,4,5,1,5
2017010026346,1,9,0,3,0,3,0,0,0,0,2,1,6,3,-1,-1,2979,1,10,-1,-1,-1
2017010026346,2,9,0,9,0,8,0,0,0,0,2,1,6,1,51,8,1197,1,3,7,3,7
2017010026347,1,9,0,17,0,3,0,10,0,0,4,1,6,1,40,7,1149,1,15,1,1,1
2017010026348,1,8,0,17,0,0,0,0,0,0,1,1,1,1,36,7,1339,8,4,2,1,2
2017010026348,2,9,0,6,0,0,0,0,0,0,3,1,6,1,21,5,1598,2,1,3,1,3
2017010026350,1,9,0,9,2,8,0,0,0,0,1,1,6,2,47,8,1496,2,2,8,1,8
2017010026350,2,1,0,18,2,8,0,0,0,0,3,1,6,1,37,7,-1,-1,-1,2,1,2
2017010026351,1,9,0,9,0,6,0,0,0,0,1,1,6,1,43,7,1598,1,11,8,1,8
2017010026351,2,1,0,18,4,1,0,0,0,0,1,1,6,1,22,5,-1,-1,-1,1,1,1
2017010026353,1,9,0,18,0,0,0,0,0,0,2,1,2,1,26,6,1595,1,11,5,1,5
2017010026353,2,9,0,5,0,0,0,0,0,0,2,1,6,1,43,7,1497,8,3,2,1,2
2017010026354,1,9,0,18,0,1,0,4,0,0,1,1,6,2,30,6,2199,2,1,7,3,7
2017010026354,2,9,0,9,0,6,0,0,0,0,1,1,6,1,53,8,1339,1,12,2,1,2
2017010026354,3,9,0,3,0,1,0,0,0,0,1,1,6,2,37,7,1461,2,6,3,1,3
2017010026355,1,9,5,18,0,2,0,0,0,0,1,1,6,1,30,6,1781,1,19,6,1,6
2017010026355,2,3,0,18,0,2,0,0,0,0,1,1,1,1,18,4,125,1,3,2,1,2
2017010026356,1,9,0,18,0,8,0,0,0,0,4,2,6,1,54,8,1598,1,11,2,1,2
2017010026356,2,9,0,18,0,8,0,0,0,0,1,2,6,1,48,8,1797,8,4,4,1,4
2017010026357,1,9,0,18,0,3,1,10,0,0,1,1,6,2,44,7,1596,1,11,6,1,6
2017010026358,1,9,0,18,0,0,0,0,0,0,4,1,6,1,55,8,1794,1,12,2,1,2
2017010026359,1,9,0,4,0,0,0,0,0,0,2,1,6,2,31,6,1598,1,9,4,1,4
2017010026359,2,9,0,18,0,0,0,0,0,0,1,1,6,3,-1,-1,1595,1,3,-1,-1,-1
2017010026361,1,9,0,18,0,4,0,0,0,0,1,1,6,1,21,5,1598,1,8,2,1,2
2017010026361,2,8,0,9,0,3,0,0,0,0,2,1,1,1,41,7,1798,8,2,2,1,2
2017010026368,1,9,0,18,0,8,0,0,0,0,1,1,6,1,23,5,1229,1,5,8,1,8
2017010026369,1,9,0,5,0,2,0,0,0,0,4,1,6,3,-1,-1,-1,-1,-1,-1,-1,-1
2017010026402,1,9,0,9,4,8,0,0,0,0,1,1,6,3,-1,-1,-1,-1,-1,-1,-1,-1
2017010026402,2,1,0,18,4,8,0,7,0,0,2,1,2,1,25,5,-1,-1,-1,2,1,2
2017010026424,1,5,0,3,0,2,0,0,0,0,1,1,6,1,56,9,1170,1,3,3,1,3
2017010026426,1,9,0,5,0,0,0,0,0,0,1,1,6,2,23,5,1587,1,15,7,1,7
2017010026426,2,11,0,18,0,0,0,0,0,0,1,1,1,1,54,8,8300,2,11,2,1,2
2017010026426,3,9,0,2,0,0,0,0,0,0,2,1,6,3,-1,-1,1198,1,14,-1,-1,-1
2017010026426,4,9,0,2,0,0,0,0,0,0,2,1,6,3,-1,-1,1910,2,10,-1,-1,-1
2017010026427,1,4,0,18,0,8,0,0,0,0,1,1,6,1,45,7,125,1,1,1,1,1
2017010026427,2,9,0,9,0,8,0,0,0,0,1,2,6,1,69,10,2184,2,13,9,1,9
2017010026428,1,3,0,18,0,8,1,0,0,0,4,1,6,1,23,5,-1,-1,-1,6,1,6
2017010026429,1,9,0,5,0,2,0,0,0,0,0,1,6,1,22,5,1995,2,10,4,1,4
2017010026430,1,9,0,7,0,1,0,0,0,0,4,1,6,3,-1,-1,1798,1,10,-1,-1,-1
2017010026431,1,9,0,3,0,1,0,0,0,0,2,1,6,2,35,6,1598,1,9,2,1,2
2017010026431,2,9,0,4,0,1,0,0,0,0,1,1,6,2,25,5,1798,1,8,7,1,7
2017010026433,1,9,0,12,0,0,0,0,0,0,1,1,6,2,25,5,1461,2,7,2,1,2
2017010026433,2,9,0,3,0,0,0,4,0,0,1,1,6,1,69,10,1997,2,-1,7,1,7
2017010026436,1,9,0,5,0,2,0,0,0,0,2,1,6,1,22,5,1390,1,10,-1,-1,-1
2017010026436,2,9,0,5,0,2,0,0,0,0,1,2,6,1,24,5,1995,2,7,5,1,5
2017010026437,1,9,0,18,0,8,0,0,0,0,4,1,6,2,27,6,2148,2,8,3,1,3
2017010026437,2,9,0,9,0,6,0,0,0,0,3,1,6,1,86,11,1242,1,4,3,1,3
2017010026438,1,1,0,18,0,1,0,0,0,0,3,1,2,1,33,6,-1,-1,-1,1,1,1
2017010026438,2,9,0,15,0,1,0,0,0,0,4,1,6,3,-1,-1,-1,-1,-1,-1,-1,-1
2017010026439,1,9,0,18,0,1,0,0,0,0,1,1,6,2,50,8,1796,1,8,2,1,2
2017010026440,1,9,0,9,0,8,0,0,0,0,4,1,6,1,35,6,2967,2,5,6,1,6
2017010026440,2,1,0,18,0,8,0,0,0,0,1,1,2,2,35,6,-1,-1,-1,1,1,1
2017010026441,1,8,0,9,0,8,0,0,0,0,0,1,6,1,78,11,2720,2,9,2,1,2
2017010026441,2,3,0,14,0,8,1,0,0,0,0,1,1,1,36,7,125,1,1,10,1,10
2017010026442,1,9,0,9,0,2,0,0,0,0,1,1,6,1,27,6,1598,1,13,1,1,1
2017010026443,1,9,0,4,0,1,1,0,0,0,1,1,6,1,23,5,1991,1,3,2,1,2
2017010026443,2,9,0,3,0,1,0,0,0,0,2,1,6,1,28,6,1390,1,13,1,1,1
2017010026445,1,9,0,18,0,2,0,0,0,0,1,1,6,1,59,9,2204,2,12,3,1,3
2017010026445,2,9,0,18,0,2,0,0,0,0,2,1,6,1,58,9,998,1,5,3,1,3
2017010026450,1,9,0,5,0,1,0,0,0,0,4,1,6,2,28,6,1197,1,2,1,1,1