Accident_Index,Vehicle_Reference,Vehicle_Type,Towing_and_Articulation,Vehicle_Manoeuvre,Vehicle_Location-Restricted_Lane,Junction_Location,Skidding_and_Overturning,Hit_Object_in_Carriageway,Vehicle_Leaving_Carriageway,Hit_Object_off_Carriageway,1st_Point_of_Impact,Was_Vehicle_Left_Hand_Drive?,Journey_Purpose_of_Driver,Sex_of_Driver,Age_of_Driver,Age_Band_of_Driver,Engine_Capacity_(CC),Propulsion_Code,Age_of_Vehicle,Driver_IMD_Decile,Driver_Home_Area_Type,Vehicle_IMD_Decile
2017010027008,2,9,0,18,0,0,0,0,0,0,1,1,6,1,45,7,1968,2,2,5,1,5
2017010027009,1,9,0,18,0,1,0,0,0,0,1,1,6,1,17,4,-1,-1,-1,-1,-1,-1
2017010027010,1,9,0,5,0,1,0,0,0,0,1,1,6,1,33,6,1896,2,11,2,1,2
2017010027011,1,9,0,9,0,8,0,0,0,0,2,1,6,1,23,5,1242,1,3,2,1,2
2017010027013,1,9,0,2,0,1,0,0,0,0,3,1,6,3,-1,-1,1461,2,1,-1,-1,-1
2017010027013,2,9,-1,-1,-1,-1,-1,-1,-1,-1,-1,-1,6,3,-1,-1,-1,-1,-1,-1,-1,-1
2017010027015,1,8,0,18,0,0,0,0,0,0,2,1,1,1,55,8,1950,2,1,8,1,8
2017010027015,2,4,0,18,0,0,0,0,0,0,1,1,2,1,34,6,124,1,10,2,1,2
2017010027016,1,3,0,18,0,8,0,0,0,0,3,1,1,1,23,5,109,1,3,4,1,4
2017010027016,2,9,0,9,0,8,0,0,0,0,1,1,6,2,61,9,1332,1,18,9,1,9
2017010027017,1,11,0,5,2,2,0,0,0,0,0,1,1,1,32,6,9360,2,5,3,1,3
2017010027019,1,9,0,9,0,8,0,0,0,0,3,1,6,1,32,6,1984,1,1,4,1,4
2017010027019,2,5,0,13,0,8,0,0,0,0,1,1,6,1,37,7,1170,1,1,2,1,2
2017010027020,1,9,0,18,0,6,5,0,0,0,1,1,2,2,23,5,1240,1,13,1,1,1
2017010027021,1,4,0,5,0,0,0,0,0,0,2,1,1,1,45,7,249,1,-1,1,1,1
2017010027021,2,9,0,5,0,0,0,0,0,0,1,1,6,2,27,6,-1,-1,-1,-1,-1,-1
2017010027023,1,19,0,18,0,2,0,0,0,0,1,1,2,1,48,8,1968,2,2,7,1,7
2017010027024,1,9,0,9,0,1,0,0,0,0,1,1,6,1,21,5,1598,1,17,3,1,3
2017010027024,2,9,0,18,0,8,0,0,0,0,1,1,6,1,28,6,2979,1,2,2,1,2
2017010027025,1,9,0,3,0,2,0,0,0,0,2,1,6,2,58,9,2979,1,13,8,1,8
2017010027025,2,8,0,3,0,1,0,4,0,0,2,1,1,1,51,8,2402,2,11,9,1,9
2017010027025,3,9,0,3,0,1,0,4,0,0,2,1,6,1,62,9,4266,1,15,8,1,8
2017010027025,4,19,0,18,0,1,0,4,0,0,1,1,1,1,41,7,2198,2,2,7,1,7
2017010027026,1,9,0,18,0,3,0,0,0,0,1,1,6,1,49,8,1796,1,3,8,1,8
2017010027027,1,9,0,18,0,1,0,0,0,0,3,1,6,1,32,6,1598,1,10,8,1,8
2017010027028,1,9,0,4,0,1,0,0,0,0,4,1,6,1,50,8,1995,2,1,-1,-1,-1
2017010027028,2,1,0,18,0,1,0,0,0,0,4,1,6,1,36,7,-1,-1,-1,9,2,9
2017010027029,1,9,0,17,0,1,1,0,7,10,2,1,6,1,20,4,1850,1,16,2,1,2
2017010027029,2,9,0,17,0,1,0,0,0,0,0,1,1,1,37,7,2993,2,2,3,1,3
2017010027030,1,9,0,18,0,8,0,0,0,0,1,1,6,3,-1,-1,-1,-1,-1,-1,-1,-1
2017010027036,1,9,0,-1,0,-1,0,-1,-1,-1,-1,-1,6,2,19,4,1386,1,11,2,1,2
2017010027037,1,9,0,18,0,0,0,0,0,0,1,-1,6,2,41,7,1995,2,8,-1,-1,-1
2017010027041,1,4,0,5,0,1,1,0,0,0,3,1,6,1,22,5,125,1,3,4,1,4
2017010027041,2,9,0,7,0,1,0,0,0,0,1,1,6,3,-1,-1,1999,1,15,-1,-1,-1
2017010027047,1,1,0,-1,0,-1,0,-1,0,0,-1,1,6,2,29,6,-1,-1,-1,6,1,6
2017010027047,2,19,-1,-1,-1,-1,-1,-1,-1,0,-1,-1,6,1,-1,-1,2151,2,13,-1,-1,-1
2017010027055,1,1,0,18,0,0,0,0,0,0,1,1,2,2,55,8,-1,-1,-1,9,1,9
2017010027077,1,9,0,18,0,2,0,0,0,0,3,1,1,1,27,6,2400,2,4,4,1,4
2017010027083,1,9,-1,9,0,8,0,0,0,0,1,-1,6,3,-1,-1,-1,-1,-1,-1,-1,-1
2017010027096,1,19,0,5,0,1,0,0,0,0,4,1,1,1,42,7,-1,-1,-1,3,1,3
2017010027098,1,3,0,18,0,8,1,0,0,0,3,1,1,1,42,7,125,1,12,2,1,2
2017010027098,2,9,0,9,0,8,0,0,0,0,1,1,6,1,78,11,1299,1,17,8,1,8
2017010027105,1,9,0,5,0,8,0,0,0,0,3,1,2,2,57,9,1591,1,3,5,1,5
2017010027105,2,5,0,18,0,8,0,0,0,0,1,1,2,1,54,8,800,1,6,7,1,7
2017010027106,1,9,0,18,0,4,0,0,0,0,2,-1,6,2,26,6,1329,1,4,7,1,7
2017010027106,2,9,0,-1,0,4,0,0,0,0,1,-1,6,3,-1,-1,1596,1,11,-1,-1,-1
2017010027116,1,9,0,7,9,0,0,11,0,0,4,1,6,2,26,6,1390,1,8,2,1,2
2017010027120,1,1,0,18,0,-1,0,10,-1,0,1,1,6,2,-1,-1,-1,-1,-1,4,1,4
2017010027120,2,9,0,15,0,8,0,0,0,0,4,-1,6,2,-1,-1,-1,-1,-1,-1,-1,-1
2017010027132,1,1,0,18,4,8,5,0,0,0,1,1,2,1,39,7,-1,-1,-1,6,1,6
2017010027132,2,9,0,-1,4,8,0,0,0,0,1,-1,6,3,-1,-1,-1,-1,-1,-1,-1,-1
2017010027144,1,8,0,4,0,1,0,0,0,0,4,1,6,1,22,5,1798,8,2,4,1,4
2017010027145,1,9,0,18,0,0,0,0,0,0,2,-1,6,2,45,7,1339,1,12,4,1,4
2017010027145,2,9,0,18,0,0,0,0,0,0,1,-1,6,1,-1,-1,-1,-1,-1,-1,-1,-1
2017010027148,1,9,0,18,0,1,1,0,0,0,1,1,6,3,-1,-1,-1,-1,-1,-1,-1,-1
2017010027157,1,90,0,18,0,2,0,0,0,0,3,1,1,1,-1,-1,6370,2,6,5,1,5
2017010027157,2,19,0,18,0,2,0,0,0,0,4,1,1,1,32,6,2143,2,8,3,1,3
2017010027160,1,9,0,18,0,1,0,0,0,0,4,1,1,1,30,6,1997,2,5,7,1,7
2017010027160,2,9,0,9,0,1,0,0,0,0,3,1,1,1,51,8,-1,-1,-1,6,1,6
2017010027163,1,5,-1,-1,-1,-1,-1,-1,-1,-1,-1,1,6,1,44,7,998,1,4,10,1,10
2017010027163,2,19,-1,-1,-1,-1,-1,-1,-1,-1,-1,-1,6,1,-1,-1,1968,2,1,-1,-1,-1
2017010027166,1,9,0,9,0,6,0,0,0,0,1,-1,6,1,39,7,-1,-1,-1,8,1,8
2017010027166,2,9,0,9,0,6,0,0,0,0,1,-1,6,3,-1,-1,1781,1,21,-1,-1,-1
2017010027168,1,3,0,13,0,1,0,0,0,0,1,1,2,1,27,6,124,1,-1,4,1,4
2017010027169,1,9,0,6,0,8,0,0,0,0,3,1,6,3,-1,-1,-1,-1,-1,-1,-1,-1
2017010027169,2,1,0,18,0,8,5,0,0,0,3,1,6,1,30,6,-1,-1,-1,5,1,5
2017010027172,1,1,0,18,0,0,0,0,0,0,1,1,6,1,36,7,-1,-1,-1,3,1,3
2017010027172,2,9,0,18,0,0,-1,0,0,0,-1,-1,6,1,-1,-1,1560,2,2,-1,-1,-1
2017010027173,1,9,5,9,0,6,0,0,0,0,1,1,2,1,33,6,1395,1,1,4,1,4
2017010027173,2,5,5,13,0,8,2,0,0,0,1,1,6,1,44,7,-1,-1,-1,2,1,2
2017010027180,1,9,0,18,0,1,0,0,0,0,1,1,6,3,-1,-1,-1,-1,-1,-1,-1,-1
2017010027183,1,9,0,4,0,0,0,11,0,0,4,1,6,1,59,9,1591,1,2,4,1,4
2017010027184,1,9,-1,3,-1,0,0,0,0,0,2,-1,1,1,42,7,1968,2,2,2,1,2
2017010027188,1,11,0,5,0,8,0,0,0,0,0,1,1,1,42,7,4461,2,3,1,1,1
2017010027191,1,8,0,18,0,1,0,0,0,0,3,1,1,1,44,7,2499,2,4,2,1,2
2017010027194,1,21,0,9,0,1,0,0,0,0,4,1,1,1,32,6,4500,2,2,3,1,3
2017010027194,2,1,0,18,0,8,0,0,0,0,1,1,2,1,27,6,-1,-1,-1,5,1,5
2017010027198,1,9,0,16,0,1,0,7,1,10,1,1,6,1,29,6,998,1,4,8,1,8
2017010027201,1,3,0,3,0,1,-1,0,0,0,1,1,6,1,41,7,108,1,2,3,1,3
2017010027201,2,9,-1,1,0,1,0,0,0,0,2,-1,6,1,-1,-1,1596,1,11,5,1,5
2017010027203,1,9,0,18,0,1,0,0,0,0,1,2,6,2,36,7,-1,-1,-1,8,1,8
2017010027203,2,9,0,10,0,1,0,0,0,0,1,1,6,2,47,8,1986,1,5,7,1,7
2017010027203,3,9,0,4,0,1,0,0,0,0,1,1,6,1,45,7,2143,2,8,5,1,5
2017010027212,1,9,-1,18,0,4,-1,0,2,-1,4,-1,6,2,32,6,1997,1,14,2,1,2
2017010027213,1,9,0,4,0,1,0,0,0,0,3,1,6,2,33,6,1969,2,1,4,1,4
2017010027214,1,9,0,3,0,1,0,0,0,0,2,1,1,1,34,6,-1,-1,-1,2,1,2
2017010027214,2,9,0,4,0,1,0,0,0,0,1,1,6,2,67,10,1850,1,17,4,1,4
2017010027215,1,9,0,3,0,0,0,0,0,0,2,1,2,2,20,4,1461,2,2,10,1,10
2017010027215,2,9,0,3,0,0,0,0,0,0,2,1,2,2,52,8,1968,2,2,9,1,9
2017010027215,3,21,0,18,0,0,1,0,0,0,1,1,1,1,26,6,12740,2,5,5,1,5
2017010027219,1,9,0,17,0,0,1,7,0,0,1,1,6,2,48,8,1396,1,20,3,1,3
2017010027226,1,9,0,9,0,0,0,0,0,0,1,1,2,1,61,9,1560,2,1,4,1,4
2017010027226,2,3,0,14,0,0,0,0,0,0,1,1,2,1,32,6,124,1,6,4,1,4
2017010027227,1,8,0,4,0,1,0,0,0,0,2,1,1,1,51,8,1598,2,4,1,1,1
2017010027227,2,9,0,18,0,1,0,0,0,0,1,1,6,3,-1,-1,1596,1,10,-1,-1,-1
2017010027238,1,19,0,7,0,5,0,0,0,0,1,1,1,1,64,9,2198,2,5,8,1,8
2017010027238,2,1,0,10,0,1,0,0,0,0,1,1,2,1,24,5,-1,-1,-1,8,1,8
2017010027240,1,19,-1,7,0,1,-1,-1,0,0,4,-1,6,1,52,8,1560,2,2,9,3,9
2017010027240,2,1,0,18,0,-1,0,0,0,0,3,1,6,1,24,5,-1,-1,-1,4,1,4
2017010027245,1,9,0,9,0,8,0,0,0,0,1,1,2,2,34,6,973,1,14,2,1,2
2017010027245,2,5,0,13,0,8,0,0,0,0,1,1,2,1,41,7,675,1,2,6,1,6
2017010027246,1,9,0,9,0,0,0,0,1,0,2,1,6,2,51,8,1596,1,8,2,1,2
2017010027246,2,4,0,18,0,0,0,0,0,0,1,1,6,1,23,5,124,1,7,4,1,4
2017010027249,1,9,0,4,0,1,0,0,0,0,1,1,2,1,43,7,2438,1,22,3,1,3
2017010027249,2,9,0,4,0,1,0,0,0,0,2,1,6,2,51,8,2688,2,15,4,1,4
2017010027258,1,9,0,9,4,8,0,0,0,0,1,1,6,1,25,5,1560,2,9,5,1,5
2017010027258,2,1,0,15,4,8,0,0,0,0,1,1,6,1,42,7,-1,-1,-1,2,1,2
2017010027259,1,4,0,18,0,8,5,0,0,0,3,1,6,1,29,6,400,1,25,3,1,3
2017010027259,2,9,0,9,0,8,0,0,3,0,1,-1,6,1,52,8,1388,1,13,2,1,2
2017010027260,1,1,-1,-1,-1,-1,-1,-1,-1,-1,-1,1,6,1,26,6,-1,-1,-1,2,1,2
2017010027260,2,9,-1,-1,-1,-1,-1,-1,-1,-1,-1,-1,6,3,-1,-1,1973,1,19,-1,-1,-1
2017010027261,1,9,0,18,0,0,-1,0,0,0,2,-1,6,1,27,6,1956,2,5,-1,-1,-1
2017010027261,2,9,0,18,0,0,-1,0,0,0,1,-1,6,1,18,4,2987,2,6,4,1,4
2017010027266,1,8,0,6,0,1,0,0,0,0,1,1,6,1,49,8,1797,8,7,2,1,2
2017010027266,2,3,0,13,0,1,2,0,0,0,1,1,1,1,17,4,124,1,4,2,1,2
2017010027268,1,8,0,5,0,1,0,0,0,0,3,1,1,1,38,7,1797,8,6,2,1,2
2017010027269,1,9,0,4,0,1,0,0,0,0,2,1,6,2,38,7,1997,2,7,-1,-1,-1
2017010027269,2,9,0,18,0,1,0,0,0,0,1,1,6,2,-1,-1,1598,1,8,-1,-1,-1
2017010027271,1,9,0,18,0,1,0,0,0,0,1,1,6,2,38,7,1560,2,13,2,1,2
2017010027271,2,2,0,5,0,6,0,0,0,0,1,1,6,1,26,6,125,1,1,3,1,3
2017010027272,1,11,0,4,2,8,0,0,0,0,0,1,1,1,68,10,4500,2,5,2,1,2
2017010027274,1,9,0,18,0,8,0,0,0,0,4,1,6,2,56,9,1497,8,11,2,1,2
2017010027274,2,1,0,4,0,6,0,0,0,0,1,1,6,1,24,5,-1,-1,-1,7,1,7
2017010027275,1,9,0,10,0,8,0,0,0,0,1,1,6,1,41,7,1299,1,12,2,1,2
2017010027276,1,9,0,9,5,8,0,0,0,0,1,1,6,3,-1,-1,-1,-1,-1,-1,-1,-1
2017010027277,1,2,0,18,0,8,0,0,0,0,4,1,6,1,18,4,124,1,6,4,1,4
2017010027277,2,9,0,9,0,8,0,0,0,0,1,1,6,3,-1,-1,-1,-1,-1,-1,-1,-1
2017010027278,1,9,0,4,0,1,0,0,0,0,1,1,2,1,68,10,2148,2,12,2,1,2
2017010027280,1,8,0,9,0,5,0,0,0,0,4,1,1,1,46,8,1598,2,2,4,1,4
2017010027280,2,1,0,18,0,1,0,0,0,0,1,1,2,1,25,5,-1,-1,-1,2,1,2
2017010027281,1,9,0,9,0,1,0,0,0,0,3,2,6,1,33,6,-1,-1,-1,3,1,3
2017010027281,2,4,0,18,0,1,0,0,0,0,4,1,6,1,20,4,109,1,4,3,1,3
2017010027282,1,9,0,9,0,8,0,0,0,0,1,1,6,2,31,6,1598,1,2,7,1,7
2017010027282,2,3,0,5,0,8,1,10,2,10,3,1,6,1,26,6,689,1,1,9,1,9
2017010027283,1,9,0,18,0,2,-1,0,0,0,1,1,6,3,-1,-1,-1,-1,-1,-1,-1,-1
2017010027284,1,9,0,18,0,1,0,0,0,0,1,1,6,2,64,9,2401,2,11,4,1,4
2017010027285,1,9,0,7,4,8,-1,0,1,0,0,1,6,1,37,7,1791,8,6,2,1,2
2017010027285,2,1,0,18,0,8,0,0,1,0,0,1,1,1,28,6,-1,-1,-1,3,1,3
2017010027288,1,9,0,18,0,0,0,0,0,0,1,1,6,1,21,5,1242,1,7,-1,-1,-1
2017010027288,2,9,0,18,0,0,0,0,0,0,1,1,6,1,37,7,1584,1,10,-1,-1,-1
2017010027289,1,9,0,14,0,1,0,0,0,0,1,1,2,1,43,7,-1,-1,-1,2,1,2
2017010027291,1,9,0,2,6,0,0,0,0,0,3,1,6,3,-1,-1,1596,1,11,-1,-1,-1
2017010027291,2,1,0,18,0,0,0,8,0,0,1,1,6,1,58,9,-1,-1,-1,2,1,2
2017010027292,1,9,0,4,0,8,0,0,0,0,1,1,6,1,30,6,1560,2,3,3,1,3
2017010027292,2,9,0,5,0,8,0,0,0,0,1,1,6,1,26,6,1997,1,15,2,1,2
2017010027292,3,9,0,4,0,8,0,0,0,0,1,1,6,1,38,7,1995,2,2,7,1,7
2017010027294,1,9,0,9,0,8,0,0,0,0,1,1,6,1,24,5,1390,1,14,1,1,1
2017010027294,2,4,0,10,0,8,0,0,0,0,1,1,1,1,31,6,108,1,2,4,1,4
2017010027295,1,19,0,9,0,2,0,0,0,0,1,1,2,1,33,6,2143,2,4,2,1,2
2017010027296,1,9,0,7,0,6,0,11,0,0,1,1,2,1,29,6,2494,1,15,2,1,2
2017010027296,2,9,0,9,7,5,0,4,0,0,1,1,4,2,32,6,1339,1,5,2,1,2
2017010027297,1,9,0,3,0,2,0,0,0,0,2,2,6,1,51,8,-1,-1,-1,3,1,3
2017010027297,2,9,0,3,0,2,0,0,0,0,1,2,6,1,45,7,5461,1,2,4,1,4
2017010027299,1,9,0,18,0,2,0,0,0,0,2,1,6,2,20,4,1995,2,5,2,1,2
2017010027299,2,9,0,18,0,1,0,0,0,0,1,1,6,1,33,6,-1,-1,-1,4,1,4
2017010027300,1,9,0,18,0,1,0,0,0,0,1,1,6,1,46,8,2231,2,4,9,1,9
2017010027300,2,8,0,18,0,1,0,0,0,0,2,1,1,1,54,8,1956,2,5,5,1,5
2017010027301,1,4,0,18,0,0,1,0,0,0,0,1,2,1,37,7,125,1,7,3,1,3
2017010027302,1,11,0,4,2,8,0,0,0,0,2,1,1,1,25,5,7300,2,14,5,1,5
2017010027302,2,9,0,4,2,1,0,4,0,0,1,2,6,1,76,11,1796,1,15,3,1,3
2017010027304,1,1,0,18,0,0,0,0,0,0,1,1,6,1,27,6,-1,-1,-1,-1,-1,-1
2017010027305,1,8,0,6,0,1,0,0,0,0,3,1,1,1,38,7,2499,2,6,2,1,2
2017010027305,2,4,0,18,0,1,5,0,0,0,4,1,1,1,25,5,124,1,5,1,1,1
2017010027306,1,8,0,18,0,0,0,0,0,0,4,1,1,1,38,7,1997,2,4,3,1,3
2017010027306,2,9,0,5,0,0,0,0,0,0,3,2,6,1,38,7,1997,2,12,3,1,3
2017010027307,1,9,0,18,0,1,0,0,0,0,1,1,2,1,31,6,1242,1,11,2,1,2
2017010027307,2,9,0,9,0,8,0,0,0,0,3,1,6,3,-1,-1,-1,-1,-1,-1,-1,-1
2017010027309,1,9,0,9,0,5,0,0,7,10,3,1,6,1,27,6,1998,1,15,8,1,8
2017010027309,2,9,0,18,0,8,0,0,0,0,1,1,6,3,-1,-1,-1,-1,-1,-1,-1,-1
2017010027310,1,9,0,9,0,6,0,0,0,0,1,1,6,3,-1,-1,-1,-1,-1,-1,-1,-1
2017010027311,1,9,0,18,0,0,0,10,7,4,1,1,6,1,37,7,2231,2,11,7,1,7
2017010027316,1,1,0,18,0,0,0,0,0,0,-1,1,2,1,33,6,-1,-1,-1,8,1,8
2017010027316,2,9,0,-1,0,0,0,0,0,0,3,-1,6,1,68,10,1986,1,5,8,1,8
2017010027321,1,9,-1,10,-1,-1,-1,0,0,0,1,-1,6,1,23,5,1242,1,17,8,1,8
2017010027322,1,9,0,18,0,8,0,0,0,0,3,1,1,1,47,8,1560,2,3,10,1,10
2017010027322,2,9,0,9,0,8,0,0,0,0,3,2,6,1,52,8,1590,1,15,7,1,7
2017010027322,3,3,0,14,0,8,0,0,0,0,1,1,6,1,17,4,124,1,12,2,1,2
2017010027324,1,9,0,18,0,1,0,0,0,0,2,-1,6,1,26,6,2993,2,10,10,1,10
2017010027324,2,9,0,18,0,1,0,0,0,0,2,-1,6,1,-1,-1,2148,2,12,-1,-1,-1
2017010027328,1,9,0,18,0,1,0,0,0,0,2,1,6,1,44,7,1461,2,15,1,1,1
2017010027328,2,9,0,18,0,1,0,0,0,0,1,-1,6,3,-1,-1,1968,2,2,-1,-1,-1
2017010027331,1,1,0,18,0,1,0,0,0,0,-1,1,6,1,79,11,-1,-1,-1,3,1,3
2017010027331,2,9,0,9,0,1,-1,-1,0,0,-1,1,6,1,75,10,1388,1,15,4,1,4
2017010027334,1,19,0,18,0,1,0,0,1,1,1,1,1,1,27,6,1560,2,3,2,1,2
2017010027334,2,9,0,9,0,8,0,0,0,0,3,1,1,2,46,8,1229,1,7,4,1,4
2017010027349,1,1,0,18,0,2,0,0,0,0,4,1,2,1,25,5,-1,-1,-1,5,1,5
2017010027349,2,9,0,18,0,2,0,0,0,0,4,-1,6,1,-1,-1,1368,1,8,-1,-1,-1
2017010027352,1,3,0,18,0,1,0,0,0,0,4,1,6,1,27,6,125,1,5,5,1,5
2017010027352,2,9,0,9,0,6,0,0,0,0,1,-1,6,3,-1,-1,-1,-1,-1,-1,-1,-1
2017010027359,1,9,0,9,0,1,0,0,0,0,3,1,6,3,-1,-1,-1,-1,-1,-1,-1,-1
2017010027359,2,1,0,9,0,1,0,0,0,0,3,1,2,1,27,6,-1,-1,-1,8,1,8
2017010027360,1,1,0,18,4,8,5,0,0,0,3,1,2,2,36,7,-1,-1,-1,3,1,3
2017010027360,2,9,0,9,0,8,0,0,0,0,4,1,6,3,-1,-1,1995,2,11,-1,-1,-1
2017010027368,1,19,-1,3,0,0,-1,0,0,0,2,-1,6,1,22,5,1560,2,7,5,1,5
2017010027372,1,9,0,18,0,2,0,0,0,0,2,1,6,2,32,6,1796,1,15,2,1,2
2017010027372,2,9,0,18,0,2,0,0,0,0,1,1,6,3,-1,-1,1999,1,12,-1,-1,-1
2017010027376,1,1,0,18,0,8,0,0,0,0,4,1,6,2,51,8,-1,-1,-1,9,1,9
2017010027376,2,19,0,16,0,8,0,0,0,0,1,1,2,1,31,6,1461,2,3,8,1,8
2017010027378,1,9,-1,-1,0,0,0,-1,-1,-1,-1,-1,6,1,67,10,-1,-1,-1,9,1,9
2017010027378,2,1,-1,18,-1,0,-1,-1,-1,-1,-1,1,6,1,54,8,-1,-1,-1,8,1,8
2017010027379,1,9,0,-1,0,-1,0,0,0,0,2,-1,6,1,46,8,1997,2,3,5,1,5
2017010027379,2,9,-1,-1,0,-1,0,0,0,0,2,-1,6,3,-1,-1,1796,1,9,-1,-1,-1
2017010027382,1,2,0,18,0,1,0,0,0,0,4,1,6,3,-1,-1,-1,-1,-1,-1,-1,-1
2017010027387,1,1,0,18,5,8,5,0,0,0,2,1,2,1,36,7,-1,-1,-1,4,1,4
2017010027387,2,9,0,9,0,8,-1,0,0,0,1,-1,6,3,-1,-1,1798,8,2,-1,-1,-1
2017010027394,1,11,0,18,2,0,0,0,0,0,1,1,6,1,32,6,4500,2,1,5,1,5
2017010027407,1,1,0,17,0,7,0,0,0,0,1,1,2,1,31,6,-1,-1,-1,2,1,2
2017010027407,2,9,0,10,0,7,0,0,0,0,1,1,6,3,-1,-1,-1,-1,-1,-1,-1,-1
2017010027412,1,9,0,18,-1,1,-1,0,0,0,3,-1,6,1,46,8,1956,2,2,3,1,3
2017010027412,2,9,-1,15,0,8,0,0,0,0,4,-1,6,1,-1,-1,1995,1,14,3,1,3
2017010027420,1,9,0,9,0,1,0,0,0,0,1,1,3,2,37,7,1985,1,24,3,1,3
2017010027420,2,9,0,18,0,1,0,0,4,0,4,1,6,1,42,7,1984,1,8,2,1,2
2017010027426,1,9,-1,9,0,8,0,0,0,0,2,-1,6,3,-1,-1,2993,2,3,-1,-1,-1
2017010027428,1,9,0,3,0,1,0,0,0,0,1,-1,3,2,46,8,1497,8,10,3,1,3
2017010027428,2,9,0,9,0,6,0,0,0,0,3,-1,6,2,-1,-1,1995,2,5,-1,-1,-1
2017010027430,1,9,0,-1,-1,-1,0,0,0,0,2,-1,6,1,27,6,1560,2,3,3,1,3
2017010027430,2,9,0,-1,-1,-1,0,0,0,0,1,-1,6,3,-1,-1,1368,1,2,-1,-1,-1
2017010027434,1,9,0,2,0,0,0,0,0,0,2,-1,6,3,-1,-1,1796,1,7,-1,-1,-1
2017010027434,2,9,-1,-1,0,0,-1,4,0,0,-1,-1,6,3,-1,-1,1124,1,13,-1,-1,-1
2017010027440,1,9,0,18,0,3,0,-1,-1,-1,3,-1,6,2,55,8,1896,2,15,3,1,3
2017010027440,2,19,-1,-1,0,3,-1,-1,-1,-1,4,-1,6,1,-1,-1,-1,-1,-1,3,1,3
2017010027442,1,9,0,18,0,0,0,-1,0,0,1,-1,6,1,29,6,1968,2,7,5,1,5
2017010027455,1,9,0,18,0,0,0,11,0,0,1,1,3,2,38,7,1598,1,9,6,1,6
2017010027456,1,9,0,-1,-1,-1,-1,-1,-1,-1,-1,1,6,1,22,5,-1,-1,-1,3,1,3
2017010027456,2,90,-1,-1,-1,-1,-1,-1,-1,-1,-1,-1,6,1,-1,-1,-1,-1,-1,9,1,9
2017010027462,1,3,0,4,0,1,1,0,0,0,1,1,1,1,25,5,-1,-1,-1,1,1,1
2017010027465,1,9,0,-1,0,-1,0,0,-1,-1,1,-1,6,1,33,6,1339,8,6,8,1,8
2017010027465,2,9,0,-1,0,-1,1,-1,-1,-1,1,-1,6,1,-1,-1,2143,2,3,7,1,7
2017010027468,1,9,0,5,0,7,0,0,0,0,1,1,2,1,43,7,3311,8,9,3,1,3
2017010027471,1,9,0,6,0,0,0,0,0,0,1,1,1,1,38,7,1797,8,7,2,1,2
2017010027471,2,3,0,18,0,0,0,0,0,0,1,1,2,1,28,6,125,1,1,6,1,6
2017010027478,1,9,-1,-1,-1,-1,-1,-1,-1,-1,-1,-1,6,1,21,5,2143,2,1,5,1,5
2017010027478,2,9,-1,-1,-1,-1,-1,-1,-1,-1,-1,-1,6,1,-1,-1,2600,1,23,-1,-1,-1
2017010027480,1,9,0,14,0,1,0,4,0,0,4,1,1,1,31,6,999,1,-1,4,1,4
2017010027480,2,9,0,18,0,1,0,8,0,0,3,1,1,1,39,7,-1,-1,-1,2,1,2
2017010027488,1,1,0,18,4,0,0,0,1,0,1,1,2,1,23,5,-1,-1,-1,6,1,6
2017010027490,1,9,0,18,0,5,0,0,0,0,-1,-1,6,1,-1,-1,1596,1,13,-1,-1,-1
2017010027491,1,9,-1,-1,-1,6,-1,0,-1,0,2,-1,6,1,34,6,1997,2,2,-1,-1,-1
2017010027491,2,9,-1,-1,-1,-1,-1,-1,-1,-1,-1,-1,6,3,-1,-1,1968,2,6,-1,-1,-1
2017010027492,1,1,0,17,0,1,5,0,0,0,-1,1,6,1,24,5,-1,-1,-1,5,1,5
2017010027492,2,9,0,18,0,8,-1,0,0,0,-1,-1,6,1,51,8,1242,1,9,3,1,3
2017010027501,1,9,0,18,0,8,0,0,0,0,2,-1,6,1,30,6,1199,1,14,3,1,3
2017010027501,2,8,0,18,0,8,0,0,0,0,1,-1,6,3,-1,-1,1242,1,7,-1,-1,-1
2017010027503,1,8,0,6,0,0,0,0,0,0,1,1,1,1,35,6,1798,8,1,2,1,2
2017010027503,2,1,0,18,0,0,5,0,0,0,1,1,1,1,25,5,-1,-1,-1,-1,-1,-1
2017010027507,1,9,0,18,0,0,0,0,0,0,1,-1,6,2,39,7,1598,1,13,4,1,4
2017010027522,1,9,0,4,2,1,1,0,0,0,1,1,1,1,32,6,1997,2,4,1,1,1
2017010027522,2,9,0,9,0,8,0,0,0,0,1,1,6,1,23,5,1598,1,9,4,1,4
2017010027531,1,1,-1,-1,-1,0,-1,-1,-1,-1,-1,1,6,1,39,7,-1,-1,-1,1,1,1
2017010027540,1,3,0,18,0,1,0,0,0,0,1,1,6,1,21,5,125,1,8,2,1,2
2017010027540,2,9,0,4,0,1,0,0,0,0,2,1,1,2,52,8,1198,1,3,6,1,6
2017010027543,1,9,0,18,0,0,0,0,0,0,3,-1,1,2,25,5,1595,1,2,4,1,4
2017010027543,2,19,0,13,0,0,0,0,0,0,1,-1,6,3,-1,-1,-1,-1,-1,-1,-1,-1
2017010027547,1,21,0,11,0,0,0,0,0,0,1,1,1,1,30,6,10837,2,6,4,1,4
2017010027547,2,9,0,18,0,0,0,0,0,0,2,1,1,1,50,8,1798,8,4,7,1,7
2017010027548,1,3,0,18,0,0,0,0,0,0,1,1,2,1,22,5,125,1,1,2,1,2
2017010027548,2,9,0,12,0,0,0,0,0,0,2,1,6,2,31,6,1995,2,9,4,1,4
2017010027551,1,9,0,3,0,1,1,0,0,0,2,1,6,1,35,6,1499,2,2,6,1,6