Accident_Index,Vehicle_Reference,Vehicle_Type,Towing_and_Articulation,Vehicle_Manoeuvre,Vehicle_Location-Restricted_Lane,Junction_Location,Skidding_and_Overturning,Hit_Object_in_Carriageway,Vehicle_Leaving_Carriageway,Hit_Object_off_Carriageway,1st_Point_of_Impact,Was_Vehicle_Left_Hand_Drive?,Journey_Purpose_of_Driver,Sex_of_Driver,Age_of_Driver,Age_Band_of_Driver,Engine_Capacity_(CC),Propulsion_Code,Age_of_Vehicle,Driver_IMD_Decile,Driver_Home_Area_Type,Vehicle_IMD_Decile
2017010027551,2,9,0,18,0,1,1,0,0,0,2,1,6,1,-1,-1,1390,1,13,-1,-1,-1
2017010027551,3,9,0,2,0,1,0,0,0,0,3,1,6,3,-1,-1,1686,2,14,-1,-1,-1
2017010027553,1,9,0,3,0,1,0,0,0,0,2,1,6,1,41,7,3498,8,3,5,1,5
2017010027553,2,2,0,4,0,1,0,0,0,0,2,1,6,1,37,7,125,1,1,7,1,7
2017010027556,1,4,0,5,0,1,0,0,0,0,4,1,2,1,50,8,-1,-1,-1,6,1,6
2017010027556,2,11,0,11,0,1,0,0,0,0,3,1,1,1,35,6,-1,-1,-1,3,1,3
2017010027556,3,19,0,11,0,1,0,0,0,0,3,1,6,3,-1,-1,-1,-1,-1,-1,-1,-1
2017010027557,1,8,0,18,0,0,0,0,0,0,1,1,1,1,37,7,1598,2,2,4,1,4
2017010027558,1,9,0,12,0,0,0,0,0,0,3,1,6,1,40,7,1388,1,8,4,1,4
2017010027558,2,8,0,18,0,0,0,0,0,0,1,1,1,1,55,8,-1,-1,-1,8,1,8
2017010027559,1,1,0,18,0,8,0,0,0,0,1,1,6,1,46,8,-1,-1,-1,9,1,9
2017010027561,1,9,0,5,0,1,0,0,0,0,4,1,1,1,37,7,1395,1,2,9,1,9
2017010027561,2,2,0,18,0,2,0,0,0,0,1,1,6,1,35,6,49,1,1,6,1,6
2017010027564,1,19,0,18,0,0,0,0,0,0,4,1,1,1,53,8,2143,2,1,4,1,4
2017010027564,2,1,0,18,0,0,0,0,0,0,3,1,6,1,37,7,-1,-1,-1,-1,-1,-1
2017010027565,1,21,1,4,0,0,0,0,0,0,4,1,1,1,57,9,12902,2,1,1,1,1
2017010027565,2,3,0,12,2,0,0,0,0,0,4,1,6,1,28,6,124,1,14,8,1,8
2017010027566,1,9,0,18,0,0,0,0,0,0,2,1,1,1,25,5,1598,2,-1,3,1,3
2017010027566,2,2,0,18,0,0,0,0,0,0,1,1,6,1,27,6,124,1,8,2,1,2
2017010027567,1,9,0,9,0,8,0,0,0,0,1,1,6,3,-1,-1,-1,-1,-1,-1,-1,-1
2017010027567,2,1,0,17,0,8,0,0,0,0,3,1,6,1,10,2,-1,-1,-1,5,1,5
2017010027568,1,9,0,9,0,6,0,0,0,0,1,1,6,2,55,8,1968,2,11,2,1,2
2017010027569,1,2,0,4,0,0,0,0,0,0,1,1,6,1,43,7,125,1,1,8,1,8
2017010027569,2,9,0,4,0,0,0,0,0,0,2,1,6,2,25,5,1995,1,10,8,1,8
2017010027570,1,9,0,9,0,1,0,0,0,0,3,1,6,1,41,7,999,1,-1,7,1,7
2017010027570,2,1,0,18,0,1,0,0,0,0,3,1,6,2,25,5,-1,-1,-1,3,1,3
2017010027571,1,10,5,18,0,6,0,0,0,0,1,1,1,1,48,8,2143,2,8,5,1,5
2017010027571,2,9,4,6,0,8,0,0,0,0,4,1,6,1,82,11,2143,2,3,8,1,8
2017010027573,1,9,0,10,0,6,0,0,0,0,3,1,2,1,62,9,1995,1,14,4,1,4
2017010027573,2,9,0,18,0,1,0,0,1,10,1,1,6,2,33,6,1995,1,6,6,1,6
2017010027574,1,9,0,10,0,2,0,0,0,0,2,1,1,2,24,5,1242,1,4,3,1,3
2017010027574,2,9,0,18,0,1,0,0,0,0,1,1,6,3,-1,-1,-1,-1,-1,-1,-1,-1
2017010027575,1,9,0,9,0,5,0,0,0,0,1,1,6,1,32,6,1968,2,2,-1,-1,-1
2017010027575,2,3,0,7,0,5,0,0,0,0,1,1,1,1,23,5,124,1,16,5,1,5
2017010027577,1,9,0,5,0,1,0,0,0,0,1,1,6,1,44,7,1968,2,6,7,1,7
2017010027578,1,9,0,12,0,0,0,0,0,0,1,1,2,2,39,7,1796,1,10,4,1,4
2017010027579,1,8,0,3,2,1,0,0,0,0,3,1,1,1,32,6,1997,2,5,4,1,4
2017010027579,2,1,0,14,0,1,0,4,0,0,1,1,2,1,33,6,-1,-1,-1,8,1,8
2017010027581,1,9,0,9,0,2,0,0,0,0,1,1,6,1,54,8,1595,1,15,8,1,8
2017010027584,1,3,0,9,0,8,0,0,0,0,1,1,1,1,21,5,124,1,11,4,1,4
2017010027584,2,1,0,18,0,8,2,0,0,0,1,1,2,1,24,5,-1,-1,-1,-1,-1,-1
2017010027585,1,8,0,5,0,1,1,0,0,0,3,1,1,1,74,10,2402,2,15,9,3,9
2017010027585,2,3,0,18,0,8,0,0,7,0,1,1,1,1,29,6,-1,-1,-1,2,1,2
2017010027586,1,8,0,9,0,1,0,0,0,0,1,1,6,1,37,7,1798,8,3,7,2,7
2017010027586,2,9,0,13,0,1,0,0,0,0,1,1,6,1,24,5,1422,2,12,8,1,8
2017010027587,1,3,0,18,0,1,2,0,0,0,1,1,2,1,25,5,125,1,1,8,1,8
2017010027589,1,9,0,18,0,0,0,0,0,0,1,1,6,1,28,6,1781,1,14,4,1,4
2017010027589,2,9,0,18,0,0,0,0,0,0,0,1,6,1,34,6,1497,8,9,4,1,4
2017010027590,1,9,0,9,0,1,0,0,0,0,0,1,6,1,27,6,1242,1,1,4,1,4
2017010027590,2,1,0,18,0,8,0,11,0,0,1,1,6,2,25,5,-1,-1,-1,5,1,5
2017010027591,1,9,0,18,0,0,0,0,0,0,2,1,6,3,-1,-1,-1,-1,-1,-1,-1,-1
2017010027591,2,9,0,4,0,0,0,0,0,0,1,1,6,2,40,7,1796,1,10,2,1,2
2017010027591,3,9,0,4,0,0,0,0,0,0,1,1,6,1,25,5,-1,-1,-1,5,1,5
2017010027591,4,9,0,4,0,0,0,0,0,0,1,1,6,1,63,9,-1,-1,-1,6,1,6
2017010027592,1,9,0,9,0,8,0,0,0,0,4,1,6,2,43,7,1242,1,4,10,3,10
2017010027592,2,9,0,18,0,8,0,0,0,0,1,1,6,1,18,4,999,1,2,10,1,10
2017010027593,1,8,0,1,0,0,0,0,0,0,2,1,1,1,50,8,1896,2,9,5,1,5
2017010027593,2,3,0,3,0,0,0,0,0,0,4,1,6,1,22,5,125,1,8,9,1,9
2017010027594,1,9,0,18,0,2,0,0,0,0,1,1,6,1,60,9,1598,2,1,4,1,4
2017010027595,1,19,0,3,0,1,0,4,0,0,1,1,1,1,25,5,1997,2,1,3,1,3
2017010027595,2,9,0,3,0,1,0,0,0,0,2,1,6,2,31,6,1000,1,3,4,2,4
2017010027596,1,3,0,18,0,0,0,0,0,0,1,1,6,3,-1,-1,124,1,1,-1,-1,-1
2017010027597,1,2,0,18,0,0,0,0,0,0,1,1,1,1,24,5,125,1,9,2,1,2
2017010027597,2,9,0,5,0,0,0,0,0,0,2,2,6,2,39,7,1798,8,-1,2,1,2
2017010027600,1,19,0,18,0,0,5,7,0,0,0,1,6,1,59,9,1461,2,13,1,1,1
2017010027601,1,9,0,9,0,8,0,0,0,0,1,1,6,1,18,4,1870,2,18,3,1,3
2017010027601,2,1,0,9,0,2,0,0,0,0,3,1,2,1,43,7,-1,-1,-1,4,1,4
2017010027602,1,9,0,13,0,1,0,0,3,10,1,1,6,1,26,6,2497,2,12,3,1,3
2017010027602,2,9,0,9,0,1,0,0,0,0,1,1,6,2,50,8,993,1,15,-1,-1,-1
2017010027603,1,9,0,9,0,5,0,0,0,0,1,1,6,3,-1,-1,-1,-1,-1,-1,-1,-1
2017010027605,1,9,0,18,0,8,0,0,0,0,1,1,6,3,-1,-1,-1,-1,-1,-1,-1,-1
2017010027608,1,9,0,18,0,8,0,0,0,0,1,1,6,1,59,9,1998,1,15,8,1,8
2017010027609,1,9,0,16,0,0,0,0,0,0,1,1,6,1,-1,-1,1339,1,11,3,1,3
2017010027609,2,9,0,2,0,0,0,0,0,0,1,1,6,3,-1,-1,1197,1,3,-1,-1,-1
2017010027609,3,19,0,2,0,0,0,0,0,0,1,1,6,3,-1,-1,2287,2,1,-1,-1,-1
2017010027610,1,11,0,5,2,1,0,0,0,0,0,1,1,1,42,7,6700,2,5,3,1,3
2017010027612,1,9,0,5,0,6,0,0,0,0,1,1,6,1,72,10,2204,2,8,7,1,7
2017010027612,2,9,0,18,0,6,0,0,0,0,3,1,6,1,21,5,1360,1,10,8,1,8
2017010027613,1,9,0,18,0,2,0,0,0,0,1,1,1,1,38,7,1997,2,3,4,1,4
2017010027613,2,3,0,18,0,2,2,0,0,0,2,1,6,1,16,4,125,1,8,3,1,3
2017010027614,1,9,0,18,0,2,0,0,0,0,1,1,1,1,38,7,1791,8,5,2,1,2
2017010027625,1,9,0,3,0,1,0,0,0,0,2,-1,6,1,-1,-1,1598,1,14,3,1,3
2017010027647,1,1,0,18,2,8,0,0,0,0,1,1,6,2,28,6,-1,-1,-1,5,1,5
2017010027647,2,9,0,7,2,8,0,0,0,0,4,-1,6,1,-1,-1,2179,2,8,5,3,5
2017010027656,1,9,-1,3,0,4,-1,0,-1,-1,2,-1,6,1,36,7,1395,1,3,7,1,7
2017010027656,2,19,-1,-1,0,4,0,0,0,0,1,-1,6,1,-1,-1,2198,2,3,6,1,6
2017010027664,1,1,0,16,0,8,0,0,0,0,4,1,6,2,32,6,-1,-1,-1,6,1,6
2017010027664,2,9,-1,16,0,8,0,0,0,0,3,-1,6,1,-1,-1,1798,8,4,4,1,4
2017010027665,1,1,0,18,0,8,0,0,0,0,1,1,2,2,30,6,-1,-1,-1,5,1,5
2017010027665,2,3,-1,11,0,8,-1,0,0,0,2,1,6,3,-1,-1,153,1,2,-1,-1,-1
2017010027670,1,11,0,5,0,8,0,0,0,0,1,1,1,1,53,8,4500,2,1,5,1,5
2017010027673,1,9,0,18,0,2,0,0,0,0,1,1,2,1,55,8,1598,1,4,2,1,2
2017010027680,1,9,0,13,0,1,0,0,0,0,3,1,2,1,51,8,1968,2,4,8,1,8
2017010027680,2,3,0,11,0,1,5,0,0,0,3,1,2,1,42,7,125,1,3,5,1,5
2017010027713,1,9,0,7,0,1,0,0,0,0,1,1,1,1,37,7,1997,2,3,2,1,2
2017010027713,2,2,0,7,0,8,0,0,0,0,4,1,1,2,28,6,48,1,6,-1,-1,-1
2017010027718,1,5,0,18,0,8,0,0,0,0,4,1,2,1,28,6,645,1,14,6,1,6
2017010027718,2,9,0,7,0,6,0,0,0,0,1,-1,6,1,43,7,1797,8,7,1,1,1
2017010027720,1,9,0,9,0,8,0,0,0,0,4,1,6,2,45,7,1461,2,2,3,1,3
2017010027720,2,5,0,18,0,8,0,0,0,0,1,1,1,1,28,6,745,1,3,7,1,7
2017010027722,1,19,0,18,0,0,0,0,0,0,4,1,1,1,44,7,2402,2,7,7,1,7
2017010027723,1,1,0,4,0,1,0,0,0,0,1,1,6,1,48,8,-1,-1,-1,5,1,5
2017010027724,1,90,0,9,0,8,0,0,0,0,3,1,6,3,-1,-1,-1,-1,-1,-1,-1,-1
2017010027724,2,3,0,9,0,8,0,0,0,0,4,1,6,1,27,6,125,1,3,8,1,8
2017010027729,1,11,0,18,2,1,0,10,1,0,4,1,1,1,54,8,6700,2,8,9,1,9
2017010027729,2,19,0,11,2,1,0,0,0,0,0,1,6,3,-1,-1,-1,-1,-1,-1,-1,-1
2017010027732,1,19,0,3,0,8,0,0,0,0,0,1,1,1,30,6,4485,2,2,2,1,2
2017010027732,2,5,0,15,0,8,0,0,0,0,4,1,2,1,30,6,1195,1,3,8,1,8
2017010027734,1,11,0,18,0,8,0,0,0,0,1,1,1,1,46,8,4249,2,11,2,1,2
2017010027734,2,9,0,18,0,8,0,0,0,0,3,1,1,1,33,6,1499,1,-1,3,1,3
2017010027737,1,8,0,9,0,8,0,0,0,0,1,1,1,1,60,9,2499,2,7,3,1,3
2017010027737,2,1,0,18,0,1,0,0,0,0,1,1,6,1,26,6,-1,-1,-1,2,1,2
2017010027738,1,9,0,17,0,1,0,0,0,0,1,1,6,2,65,9,1229,1,10,8,1,8
2017010027738,2,9,0,9,0,1,0,0,0,0,1,1,6,1,60,9,998,1,2,6,1,6
2017010027743,1,9,0,9,0,6,0,0,0,0,1,1,6,1,40,7,1596,1,5,7,2,7
2017010027748,1,3,0,4,0,1,0,0,0,0,4,1,6,1,72,10,125,1,11,7,1,7
2017010027748,2,9,0,5,0,6,0,0,0,0,1,1,6,3,-1,-1,-1,-1,-1,-1,-1,-1
2017010027766,1,11,0,4,0,1,0,0,0,0,0,1,1,1,37,7,9360,2,7,3,1,3
2017010027767,1,9,-1,-1,0,-1,0,0,0,0,-1,-1,6,1,37,7,1797,8,7,3,1,3
2017010027767,2,1,-1,-1,0,-1,0,0,0,0,-1,1,6,1,51,8,-1,-1,-1,2,1,2
2017010027767,3,1,-1,-1,0,-1,0,0,0,0,-1,1,6,2,12,3,-1,-1,-1,2,1,2
2017010027771,1,4,0,18,0,0,1,0,0,0,1,1,6,1,26,6,660,1,6,5,1,5
2017010027771,2,19,-1,6,0,0,-1,0,0,0,1,-1,6,2,-1,-1,1968,2,10,-1,-1,-1
2017010027774,1,9,0,-1,0,-1,-1,-1,0,0,1,-1,6,2,62,9,1598,1,3,2,1,2
2017010027779,1,9,0,18,0,1,1,0,0,0,3,2,6,1,42,7,1598,2,4,7,1,7
2017010027779,2,9,0,18,0,2,0,0,0,0,1,1,6,1,43,7,1598,1,11,9,1,9
2017010027780,1,9,0,3,0,3,0,0,0,0,4,1,6,2,27,6,1422,2,15,4,1,4
2017010027780,2,1,0,18,0,4,0,0,0,0,1,1,6,1,32,6,-1,-1,-1,5,1,5
2017010027782,1,9,0,5,9,8,0,0,1,0,4,1,6,1,76,11,1984,1,15,7,1,7
2017010027783,1,9,0,6,0,0,0,0,0,0,3,1,6,2,49,8,1242,1,1,3,1,3
2017010027783,2,2,0,18,0,0,0,0,0,0,1,1,1,1,28,6,108,1,2,6,1,6
2017010027784,1,9,0,10,0,1,0,0,0,0,3,1,6,2,46,8,1364,1,2,4,1,4
2017010027784,2,19,0,7,0,1,0,0,0,0,1,1,1,1,39,7,1499,2,-1,7,1,7
2017010027786,1,19,0,18,0,2,0,0,0,0,1,1,1,1,48,8,2287,2,5,7,1,7
2017010027787,1,19,0,7,0,5,0,0,0,0,4,1,1,1,37,7,1598,2,2,6,1,6
2017010027788,1,9,0,5,0,7,0,0,0,0,4,1,6,1,73,10,-1,-1,-1,8,1,8
2017010027791,1,3,0,14,0,0,0,4,0,0,1,1,6,1,20,4,-1,-1,-1,-1,-1,-1
2017010027791,2,9,0,3,0,0,0,0,0,0,1,1,6,2,41,7,1896,2,9,-1,-1,-1
2017010027792,1,9,0,15,2,0,0,0,0,0,1,1,6,1,26,6,1998,8,1,4,1,4
2017010027793,1,9,0,18,0,1,0,0,0,0,1,1,2,1,32,6,1796,1,5,6,2,6
2017010027794,1,3,0,15,0,0,0,11,0,0,1,1,2,1,18,4,-1,-1,-1,1,1,1
2017010027795,1,9,0,18,0,6,0,0,0,0,1,1,1,1,46,8,998,1,1,8,1,8
2017010027796,1,9,0,7,0,5,0,0,0,0,3,1,6,2,36,7,1364,1,10,5,1,5
2017010027797,1,9,0,18,0,8,0,0,0,0,1,1,6,1,42,7,1422,2,9,2,1,2
2017010027797,2,9,3,9,0,8,0,0,0,0,1,1,6,1,20,4,1461,2,1,1,1,1
2017010027798,1,9,0,7,0,2,0,0,0,0,1,1,6,3,-1,-1,-1,-1,-1,-1,-1,-1
2017010027799,1,90,0,18,0,1,0,0,0,0,1,1,1,1,-1,-1,-1,-1,-1,-1,-1,-1
2017010027799,2,9,0,9,0,1,0,0,0,0,2,1,2,2,22,5,1390,1,15,5,1,5
2017010027800,1,9,0,5,0,2,0,0,0,0,1,1,1,1,47,8,1798,1,5,3,1,3
2017010027801,1,3,0,14,0,1,0,0,0,0,1,1,6,1,29,6,124,1,1,4,1,4
2017010027801,2,9,0,10,0,1,0,0,0,0,1,1,6,2,41,7,1598,2,11,4,1,4
2017010027802,1,11,0,5,0,8,0,0,0,0,0,1,1,2,43,7,4500,2,2,9,1,9
2017010027803,1,9,0,9,0,1,0,0,0,0,1,1,6,2,45,7,1797,8,8,6,1,6
2017010027803,2,4,0,9,0,6,1,0,0,0,1,1,6,1,22,5,-1,-1,-1,3,1,3
2017010027804,1,11,0,5,0,1,0,0,0,0,0,1,6,1,53,8,6692,2,6,5,1,5
2017010027806,1,9,0,9,0,5,0,0,0,0,1,1,6,2,23,5,1198,1,1,7,1,7
2017010027806,2,3,0,18,0,5,0,0,0,0,1,1,6,1,25,5,124,1,3,2,1,2
2017010027807,1,9,0,4,0,6,0,0,0,0,3,1,6,2,54,8,1598,1,15,4,1,4
2017010027808,1,3,0,18,0,1,0,7,7,10,1,1,6,1,19,4,124,1,5,2,1,2
2017010027808,2,9,0,9,0,1,0,0,0,0,3,1,6,2,27,6,1339,1,7,-1,-1,-1
2017010027809,1,11,0,5,0,1,0,0,0,0,0,1,6,1,52,8,4500,2,1,2,1,2
2017010027810,1,1,0,18,9,8,0,0,0,0,1,1,2,1,24,5,-1,-1,-1,6,1,6
2017010027810,2,8,0,10,0,8,0,0,0,0,1,1,1,1,38,7,-1,-1,-1,5,1,5
2017010027811,1,9,0,18,0,0,1,6,0,0,4,1,6,1,23,5,1229,1,8,8,1,8
2017010027812,1,90,0,18,9,2,1,0,1,1,3,1,6,1,67,10,-1,-1,-1,3,1,3
2017010027814,1,19,0,9,0,6,0,0,0,0,1,1,6,1,50,8,1598,2,2,7,1,7
2017010027814,2,5,0,13,0,8,0,0,0,0,4,1,2,1,56,9,790,1,13,9,1,9
2017010027815,1,9,0,7,0,5,0,0,0,0,4,1,6,1,38,7,1360,1,18,3,1,3
2017010027816,1,3,0,18,0,5,0,0,0,0,1,1,2,1,35,6,125,1,5,2,1,2
2017010027817,1,3,0,9,0,6,5,0,0,0,1,1,1,2,40,7,108,1,2,2,1,2
2017010027817,2,8,0,5,0,2,0,4,0,0,2,1,1,1,48,8,1968,2,3,2,1,2
2017010027817,3,1,0,16,0,1,0,0,0,0,1,1,6,1,40,7,-1,-1,-1,2,1,2
2017010027819,1,9,0,9,0,1,0,0,0,0,3,1,6,1,24,5,1968,2,4,4,1,4
2017010027820,1,9,0,9,0,5,0,0,0,0,3,1,6,1,37,7,1796,1,13,4,1,4
2017010027820,2,3,0,13,0,1,0,0,3,10,1,1,6,1,20,4,124,1,1,3,1,3
2017010027822,1,9,0,9,0,8,0,0,0,0,1,1,2,1,47,8,1797,8,6,2,1,2
2017010027824,1,9,0,18,0,0,0,0,0,0,1,1,6,1,46,8,998,1,-1,6,1,6
2017010027825,1,1,0,9,0,1,0,0,7,10,1,1,6,1,34,6,-1,-1,-1,-1,-1,-1
2017010027828,1,9,0,4,0,0,0,0,0,0,1,1,6,1,25,5,1240,1,11,3,1,3
2017010027828,2,9,0,4,0,0,0,0,0,0,2,1,6,1,27,6,2143,2,2,4,1,4
2017010027828,3,9,0,4,0,0,0,0,0,0,2,1,6,2,22,5,1360,1,16,9,1,9
2017010027829,1,9,0,18,0,0,0,0,0,0,1,1,6,1,21,5,1364,1,11,2,1,2
2017010027829,2,3,0,18,0,0,1,0,0,0,1,1,1,1,41,7,108,1,1,7,1,7
2017010027830,1,9,0,18,0,1,0,11,0,0,3,1,6,1,53,8,1497,1,17,5,1,5
2017010027830,2,1,0,10,0,1,0,0,0,0,2,1,6,1,18,4,-1,-1,-1,4,1,4
2017010027831,1,9,5,9,0,1,0,0,3,0,1,1,6,1,29,6,1598,1,3,8,1,8
2017010027831,2,9,0,18,0,1,0,0,3,0,1,1,6,1,52,8,1598,2,7,9,1,9
2017010027832,1,9,0,1,0,1,0,0,0,0,2,1,6,3,-1,-1,-1,-1,-1,-1,-1,-1
2017010027834,1,9,0,18,0,8,0,0,0,0,1,1,6,3,-1,-1,1149,1,13,-1,-1,-1
2017010027834,2,1,0,18,0,8,0,0,0,0,1,1,6,1,28,6,-1,-1,-1,3,1,3
2017010027835,1,11,0,4,0,1,0,0,0,0,0,1,1,1,58,9,4760,2,4,3,1,3
2017010027836,1,3,0,18,0,0,0,0,0,0,1,1,6,1,23,5,124,1,2,3,1,3
2017010027837,1,9,0,9,0,3,0,0,0,0,4,1,6,1,51,8,2198,1,10,9,1,9
2017010027837,2,1,0,18,0,4,0,0,0,0,1,1,6,1,36,7,-1,-1,-1,9,1,9
2017010027839,1,9,0,18,0,1,0,0,0,0,4,1,6,1,29,6,1600,1,5,2,1,2
2017010027840,1,9,0,3,0,4,0,0,0,0,2,1,6,2,69,10,1598,2,1,9,1,9
2017010027840,2,8,0,3,0,3,0,0,0,0,2,1,1,1,34,6,1997,2,7,3,1,3
2017010027840,3,9,0,4,0,4,0,0,0,0,1,1,6,1,20,4,1598,1,8,2,1,2
2017010027842,1,9,0,18,0,1,0,0,0,0,1,1,6,3,-1,-1,-1,-1,-1,-1,-1,-1
2017010027843,1,9,0,18,9,1,1,10,1,10,1,1,6,1,27,6,998,1,7,6,1,6
2017010027852,1,11,0,18,0,2,0,0,0,0,4,1,6,3,-1,-1,-1,-1,-1,-1,-1,-1
2017010027854,1,9,0,9,0,5,0,0,0,0,1,1,3,2,38,7,1968,2,13,3,1,3
2017010027860,1,9,0,9,0,8,0,0,0,0,2,1,6,2,39,7,1198,1,10,5,1,5
2017010027860,2,9,0,9,0,8,0,0,0,0,1,1,6,2,37,7,1598,1,11,7,1,7
2017010027895,1,9,0,-1,0,0,0,0,0,0,1,1,6,3,-1,-1,-1,-1,-1,-1,-1,-1
2017010027903,1,9,0,18,0,1,0,0,1,1,1,1,6,2,34,6,1198,1,3,7,1,7
2017010027904,1,9,0,3,0,0,0,0,0,0,2,-1,6,2,34,6,1390,1,14,2,1,2
2017010027964,1,9,0,18,0,0,1,0,0,0,3,1,1,2,23,5,998,1,2,8,2,8
2017010027964,2,21,1,11,0,0,0,0,0,0,1,1,1,1,58,9,12419,2,4,9,1,9
2017010027964,3,9,0,18,0,0,0,0,0,0,1,1,6,1,25,5,2179,2,4,3,1,3
2017010027969,1,5,0,18,0,5,0,10,0,0,4,1,6,1,35,6,999,1,1,1,1,1
2017010027972,1,1,0,18,0,1,0,0,0,0,4,1,2,2,27,6,-1,-1,-1,2,1,2
2017010027972,2,9,-1,5,0,1,-1,0,0,0,3,-1,6,1,-1,-1,1299,1,18,-1,-1,-1
2017010027981,1,3,0,15,0,5,0,10,1,10,4,1,2,1,25,5,125,1,3,3,1,3
2017010027981,2,11,0,9,0,5,0,0,0,0,3,1,1,1,35,6,6700,2,6,5,1,5
2017010027988,1,5,0,18,0,2,5,0,0,0,1,1,2,1,43,7,1215,1,1,3,1,3
2017010027988,2,9,0,9,0,5,0,0,0,0,2,1,2,1,35,6,1399,2,8,1,1,1
2017010027991,1,9,-1,-1,-1,-1,-1,-1,-1,-1,-1,-1,6,3,-1,-1,-1,-1,-1,-1,-1,-1
2017010028003,1,9,0,5,0,2,0,0,0,0,0,1,6,1,30,6,1998,1,15,1,1,1
2017010028003,2,9,0,18,0,2,5,4,0,0,1,1,6,1,28,6,999,1,3,3,1,3
2017010028003,3,9,0,2,0,2,0,4,0,0,2,1,6,3,-1,-1,1360,1,16,-1,-1,-1
2017010028003,4,9,0,2,0,2,0,0,0,0,2,1,6,3,-1,-1,1596,1,13,-1,-1,-1
2017010028003,5,9,0,2,0,2,0,0,0,0,4,1,6,3,-1,-1,1769,1,12,-1,-1,-1
2017010028004,1,9,0,14,0,1,0,0,0,0,1,1,6,2,37,7,2967,2,5,7,1,7
2017010028004,2,9,0,10,0,6,0,0,0,0,3,1,6,2,27,6,1390,1,5,-1,-1,-1
2017010028004,3,9,0,3,0,2,0,0,0,0,3,1,6,1,49,8,1596,1,13,9,2,9
2017010028006,1,9,0,18,0,1,0,0,0,0,1,1,6,2,53,8,1248,1,8,4,1,4
2017010028006,2,9,0,18,0,1,0,0,0,0,1,1,6,1,53,8,1956,2,2,5,1,5
2017010028007,1,9,0,4,6,0,0,0,0,0,3,1,6,1,71,10,1796,1,3,1,1,1
2017010028007,2,1,0,14,0,0,0,4,0,0,1,1,6,1,25,5,-1,-1,-1,2,1,2
2017010028008,1,11,0,4,0,2,0,0,0,0,0,1,1,1,51,8,5132,2,2,2,1,2
2017010028009,1,9,0,18,0,8,0,0,0,0,1,1,6,2,34,6,1229,1,12,3,1,3
2017010028013,1,9,0,18,0,0,0,0,0,0,3,1,6,3,-1,-1,-1,-1,-1,-1,-1,-1
2017010028014,1,9,0,18,0,2,0,0,0,0,0,1,1,1,38,7,1498,1,-1,3,1,3
2017010028014,2,4,0,16,0,1,0,0,0,0,1,1,6,1,16,4,125,1,1,10,1,10
2017010028015,1,9,0,18,0,0,0,0,0,0,1,1,6,2,45,7,1360,1,11,5,1,5
2017010028015,2,9,0,18,0,0,0,0,0,0,2,1,6,1,32,6,1560,2,2,1,1,1
2017010028015,3,9,0,18,0,0,0,0,0,0,2,1,6,1,49,8,1968,2,1,10,2,10
2017010028016,1,11,0,5,0,2,0,0,0,0,0,1,1,1,42,7,4461,2,3,3,1,3
2017010028017,1,2,0,18,2,0,0,0,0,0,1,1,6,1,35,6,108,1,6,3,1,3
2017010028018,1,1,0,14,0,8,0,0,0,0,1,1,6,1,22,5,-1,-1,-1,3,1,3
2017010028019,1,9,0,5,0,8,0,0,0,0,1,1,6,2,29,6,1753,2,9,6,1,6
2017010028019,2,9,0,18,0,8,0,0,1,1,0,1,6,1,64,9,1956,2,3,6,1,6
2017010028020,1,9,0,4,0,0,0,0,0,0,3,1,6,1,39,7,2495,2,15,-1,-1,-1
2017010028020,2,1,0,14,0,0,0,8,0,0,1,1,6,2,32,6,-1,-1,-1,-1,-1,-1
2017010028020,3,1,0,14,0,0,0,0,0,0,1,1,6,2,36,7,-1,-1,-1,-1,-1,-1
2017010028021,1,8,0,7,2,5,0,0,0,0,4,1,1,1,53,8,-1,-1,-1,-1,-1,-1
2017010028021,2,1,0,7,0,1,0,0,0,0,0,1,6,2,57,9,-1,-1,-1,2,1,2
2017010028022,1,9,0,18,0,1,0,0,0,0,1,1,6,1,55,8,2400,2,6,9,1,9
2017010028022,2,1,0,18,0,1,0,0,0,0,3,1,6,1,10,2,-1,-1,-1,7,1,7
2017010028024,1,9,0,5,0,1,0,0,0,0,1,1,6,1,46,8,1968,2,8,2,1,2
2017010028025,1,9,0,7,0,2,0,0,0,0,1,1,6,1,77,11,1349,1,13,6,1,6
2017010028027,1,9,0,9,0,6,0,0,0,0,1,1,6,2,33,6,3456,8,1,10,1,10
2017010028027,2,3,0,9,0,1,0,0,0,0,3,1,6,1,38,7,124,1,1,8,1,8
2017010028028,1,9,0,18,0,0,0,0,0,0,2,1,6,3,-1,-1,-1,-1,-1,-1,-1,-1
2017010028028,2,1,0,18,0,0,0,0,0,0,1,1,6,1,43,7,-1,-1,-1,3,1,3
2017010028030,1,9,0,9,0,5,0,0,0,0,2,1,6,1,30,6,3199,1,19,6,1,6
2017010028030,2,1,0,18,4,8,1,0,0,0,1,1,6,1,31,6,-1,-1,-1,5,1,5
2017010028031,1,9,0,18,0,8,0,0,0,0,1,1,6,1,72,10,1299,1,13,9,2,9
2017010028032,1,9,0,4,0,1,0,0,0,0,1,1,6,1,46,8,1984,1,7,8,1,8
2017010028033,1,9,0,9,0,6,0,0,0,0,1,1,6,1,46,8,2979,1,14,8,1,8
2017010028033,2,3,0,14,0,8,0,0,0,0,1,1,1,1,24,5,-1,-1,-1,2,1,2