Accident_Index,Vehicle_Reference,Vehicle_Type,Towing_and_Articulation,Vehicle_Manoeuvre,Vehicle_Location-Restricted_Lane,Junction_Location,Skidding_and_Overturning,Hit_Object_in_Carriageway,Vehicle_Leaving_Carriageway,Hit_Object_off_Carriageway,1st_Point_of_Impact,Was_Vehicle_Left_Hand_Drive?,Journey_Purpose_of_Driver,Sex_of_Driver,Age_of_Driver,Age_Band_of_Driver,Engine_Capacity_(CC),Propulsion_Code,Age_of_Vehicle,Driver_IMD_Decile,Driver_Home_Area_Type,Vehicle_IMD_Decile
2017010028382,2,1,0,18,0,1,0,0,0,0,1,1,2,1,52,8,-1,-1,-1,10,1,10
2017010028383,1,3,0,10,0,1,0,0,0,0,4,1,6,1,30,6,124,1,8,3,1,3
2017010028383,2,9,0,9,0,1,0,0,0,0,3,1,6,3,-1,-1,-1,-1,-1,-1,-1,-1
2017010028384,1,90,0,9,0,5,0,0,0,0,3,1,1,1,54,8,-1,-1,-1,5,1,5
2017010028384,2,3,0,13,0,1,0,0,0,0,4,1,2,1,22,5,124,1,8,1,1,1
2017010028385,1,3,0,18,0,1,0,0,0,0,1,1,6,1,24,5,656,1,8,6,1,6
2017010028385,2,19,0,5,0,1,0,0,0,0,3,1,6,1,62,9,-1,-1,-1,3,1,3
2017010028387,1,5,0,5,0,8,0,0,0,0,0,1,2,1,28,6,599,1,16,5,1,5
2017010028387,2,9,0,12,0,8,0,0,0,0,2,1,6,1,26,6,1397,1,7,7,3,7
2017010028388,1,9,0,18,0,0,0,0,0,0,1,1,6,1,52,8,1968,2,1,6,1,6
2017010028388,2,9,0,6,0,0,0,0,0,0,2,1,6,1,64,9,1348,1,16,8,1,8
2017010028389,1,11,0,4,0,2,0,0,0,0,0,1,1,2,-1,-1,-1,-1,-1,3,1,3
2017010028393,1,1,0,14,0,0,0,8,0,0,1,1,2,1,44,7,-1,-1,-1,4,1,4
2017010028393,2,9,0,2,0,0,0,8,0,0,1,1,6,3,-1,-1,1968,2,9,-1,-1,-1
2017010028397,1,9,0,9,0,1,0,0,0,0,1,-1,6,2,46,8,1108,1,9,1,1,1
2017010028398,1,9,0,3,0,0,0,0,0,0,2,-1,3,2,39,7,1299,1,14,2,1,2
2017010028398,2,9,0,7,0,0,0,0,0,0,1,-1,3,1,-1,-1,1896,2,14,3,1,3
2017010028400,1,1,0,18,2,0,0,0,0,0,1,1,2,1,26,6,-1,-1,-1,-1,-1,-1
2017010028401,1,9,0,-1,0,-1,0,-1,0,0,-1,-1,6,2,40,7,1560,2,11,1,1,1
2017010028401,2,9,0,-1,0,-1,0,0,0,0,-1,-1,6,2,47,8,998,1,1,1,1,1
2017010028405,1,19,0,18,0,0,0,0,0,0,1,1,1,1,39,7,2143,2,1,7,1,7
2017010028405,2,9,0,18,0,0,1,0,7,0,1,1,6,2,67,10,1329,1,1,5,1,5
2017010028410,1,9,0,18,0,0,0,0,0,0,2,-1,6,2,21,5,1995,2,3,9,1,9
2017010028410,2,9,0,18,0,0,0,0,0,0,1,-1,6,3,-1,-1,1242,1,11,-1,-1,-1
2017010028426,1,1,0,14,0,8,0,0,0,0,0,1,6,1,44,7,-1,-1,-1,8,1,8
2017010028426,2,9,0,9,0,1,0,0,0,0,4,-1,6,1,54,8,2350,1,18,4,1,4
2017010028431,1,8,0,18,0,1,0,0,0,0,0,1,1,1,45,7,2148,2,7,2,1,2
2017010028431,2,1,0,18,0,8,0,0,0,0,1,1,2,1,32,6,-1,-1,-1,4,1,4
2017010028432,1,9,-1,-1,-1,-1,-1,-1,-1,-1,-1,-1,6,1,36,7,-1,-1,-1,7,1,7
2017010028432,2,9,-1,-1,-1,-1,-1,-1,-1,-1,-1,-1,6,3,-1,-1,2184,2,8,-1,-1,-1
2017010028435,1,9,0,-1,0,-1,0,0,0,0,2,-1,6,1,53,8,2362,1,16,4,1,4
2017010028435,2,9,0,-1,0,-1,0,0,0,0,1,-1,6,1,-1,-1,1995,2,8,-1,-1,-1
2017010028445,1,9,-1,3,-1,-1,-1,-1,-1,-1,2,-1,6,1,71,10,2268,2,2,10,1,10
2017010028445,2,9,-1,18,0,-1,-1,-1,-1,-1,1,-1,6,1,-1,-1,1995,2,6,-1,-1,-1
2017010028446,1,9,0,4,0,0,0,0,0,0,2,-1,1,1,32,6,1968,2,5,5,1,5
2017010028446,2,19,0,15,0,0,0,0,0,0,1,-1,6,1,-1,-1,2198,2,1,-1,-1,-1
2017010028451,1,1,0,18,0,2,0,0,0,0,3,1,2,1,34,6,-1,-1,-1,4,2,4
2017010028451,2,2,0,18,0,2,0,0,0,0,4,1,6,3,-1,-1,-1,-1,-1,-1,-1,-1
2017010028453,1,9,0,9,0,1,0,0,0,0,1,1,6,2,30,6,1197,1,4,2,1,2
2017010028455,1,9,-1,18,0,0,0,0,0,0,0,-1,6,1,-1,-1,-1,-1,-1,-1,-1,-1
2017010028458,1,9,0,3,0,1,0,0,0,0,3,1,1,1,30,6,1968,2,5,9,1,9
2017010028458,2,8,0,14,0,1,0,0,0,0,4,1,6,3,-1,-1,1956,2,4,-1,-1,-1
2017010028461,1,8,0,18,0,1,0,0,0,0,1,1,1,1,30,6,1968,2,2,5,1,5
2017010028462,1,1,0,18,0,1,0,0,0,0,3,1,2,1,37,7,-1,-1,-1,6,1,6
2017010028462,2,8,0,7,0,8,0,0,0,0,3,-1,6,3,-1,-1,-1,-1,-1,-1,-1,-1
2017010028468,1,9,0,9,0,5,0,0,0,0,1,1,1,1,38,7,1797,8,7,1,1,1
2017010028468,2,1,0,5,0,1,0,0,0,0,1,1,1,1,25,5,-1,-1,-1,3,1,3
2017010028469,1,19,0,1,0,0,0,0,0,0,2,1,6,3,-1,-1,1598,2,1,-1,-1,-1
2017010028471,1,19,0,18,0,6,0,0,0,0,4,1,1,1,29,6,1598,2,2,4,1,4
2017010028471,2,3,0,12,0,6,0,0,0,0,4,1,1,1,35,6,125,1,2,7,1,7
2017010028474,1,5,0,18,0,0,0,0,0,0,3,1,2,1,50,8,800,1,3,8,1,8
2017010028474,2,9,0,18,0,0,0,0,0,0,4,1,6,3,-1,-1,-1,-1,-1,-1,-1,-1
2017010028475,1,3,0,18,0,1,0,0,0,0,1,1,2,2,46,8,-1,-1,-1,3,1,3
2017010028476,1,9,0,18,0,1,0,0,0,0,1,1,1,2,42,7,1398,1,1,4,1,4
2017010028479,1,19,0,9,0,8,0,0,0,0,4,1,1,2,49,8,-1,-1,-1,7,1,7
2017010028479,2,3,0,18,0,8,0,0,0,0,1,1,2,1,28,6,124,1,9,4,1,4
2017010028488,1,9,0,18,0,1,0,0,0,0,1,1,1,1,38,7,1248,2,9,9,1,9
2017010028488,2,9,0,9,0,1,0,0,0,0,1,1,3,2,46,8,2967,2,5,8,1,8
2017010028496,1,11,-1,-1,-1,-1,-1,-1,-1,-1,-1,-1,6,1,-1,-1,-1,-1,-1,-1,-1,-1
2017010028507,1,1,-1,-1,-1,-1,-1,-1,-1,-1,-1,1,6,1,74,10,-1,-1,-1,7,1,7
2017010028507,2,19,-1,-1,-1,-1,-1,-1,-1,-1,-1,-1,6,1,-1,-1,2198,2,5,5,1,5
2017010028511,1,9,-1,-1,-1,-1,-1,-1,-1,-1,-1,-1,6,3,-1,-1,-1,-1,-1,-1,-1,-1
2017010028513,1,9,0,7,0,1,0,0,0,0,4,1,2,1,49,8,-1,-1,-1,9,1,9
2017010028513,2,1,0,18,2,1,0,0,0,0,4,1,2,2,20,4,-1,-1,-1,-1,-1,-1
2017010028516,1,3,0,18,0,1,0,0,0,0,1,1,2,1,33,6,125,1,7,5,1,5
2017010028516,2,9,0,9,0,1,0,0,0,0,1,1,6,2,53,8,1200,1,13,6,1,6
2017010028523,1,19,0,10,0,5,0,0,0,0,1,1,1,1,38,7,1248,2,9,1,1,1
2017010028523,2,3,0,18,0,2,0,0,0,0,1,1,1,1,43,7,124,1,-1,3,1,3
2017010028524,1,5,0,18,0,2,0,0,0,0,1,1,1,1,40,7,999,1,1,7,1,7
2017010028529,1,9,0,18,0,0,0,0,0,0,1,1,1,1,68,10,1997,2,2,3,1,3
2017010028529,2,9,0,18,0,0,0,0,0,0,0,1,6,1,30,6,2497,2,1,2,1,2
2017010028532,1,11,0,5,0,1,0,0,0,0,1,1,1,1,29,6,9000,2,8,8,1,8
2017010028538,1,1,0,18,0,8,0,0,0,0,3,1,2,1,27,6,-1,-1,-1,9,3,9
2017010028538,2,11,0,18,0,8,0,0,0,0,1,1,1,1,31,6,4760,2,7,3,1,3
2017010028539,1,4,0,13,0,1,0,0,0,0,1,1,2,1,50,8,395,1,4,6,1,6
2017010028539,2,9,0,5,0,1,0,0,0,0,2,1,1,1,50,8,1956,2,3,6,1,6
2017010028541,1,11,0,5,2,0,0,0,0,0,0,1,6,2,27,6,9360,2,8,-1,-1,-1
2017010028551,1,9,-1,18,-1,-1,-1,-1,-1,-1,-1,-1,6,1,53,8,2494,8,-1,-1,-1,-1
2017010028551,2,9,-1,18,-1,-1,-1,-1,-1,-1,-1,-1,6,3,-1,-1,2982,2,4,-1,-1,-1
2017010028562,1,1,0,18,0,0,0,0,0,0,1,1,1,1,28,6,-1,-1,-1,5,1,5
2017010028563,1,9,0,18,0,0,0,0,0,0,3,-1,6,1,27,6,1797,8,6,6,1,6
2017010028563,2,9,0,12,0,0,0,0,0,0,3,-1,6,1,-1,-1,2000,1,12,2,1,2
2017010028567,1,1,0,-1,-1,8,0,-1,-1,-1,-1,1,6,1,58,9,-1,-1,-1,4,1,4
2017010028572,1,9,0,3,0,0,0,0,0,0,2,-1,6,2,59,9,898,1,2,9,1,9
2017010028572,2,9,0,3,0,0,0,0,0,0,1,-1,6,1,48,8,1998,1,12,3,1,3
2017010028575,1,4,0,14,0,1,0,0,7,0,4,1,6,1,22,5,471,1,-1,3,1,3
2017010028575,2,9,0,15,0,1,0,0,0,0,1,1,6,3,-1,-1,1600,2,8,-1,-1,-1
2017010028577,1,9,0,3,0,3,0,0,0,0,2,1,6,1,42,7,2720,2,9,8,1,8
2017010028577,2,90,0,18,0,1,0,0,0,0,1,1,1,1,52,8,9960,2,11,4,1,4
2017010028580,1,19,0,9,0,8,0,0,0,0,3,1,1,1,38,7,2143,2,5,9,1,9
2017010028580,2,1,0,9,0,8,0,0,0,0,1,1,2,1,23,5,-1,-1,-1,9,1,9
2017010028582,1,9,0,18,0,1,0,0,0,0,1,1,2,2,52,8,1349,1,5,3,1,3
2017010028583,1,9,0,4,0,1,1,0,0,0,1,1,2,2,53,8,1248,1,9,8,2,8
2017010028587,1,5,0,18,0,1,0,0,0,0,1,1,2,1,50,8,656,1,8,6,1,6
2017010028587,2,3,0,11,0,1,0,0,0,0,2,1,6,1,27,6,125,1,11,3,1,3
2017010028589,1,19,0,4,0,0,0,0,0,0,2,1,1,2,29,6,2198,2,3,8,3,8
2017010028589,2,19,0,4,0,0,0,0,0,0,2,1,1,1,29,6,1560,2,1,6,1,6
2017010028589,3,9,0,4,0,0,0,0,0,0,2,1,6,2,56,9,2435,1,17,5,1,5
2017010028589,4,19,0,4,0,0,0,0,0,0,1,1,1,1,26,6,1870,2,11,4,1,4
2017010028591,1,5,0,18,0,8,5,0,0,0,1,1,6,1,28,6,782,1,12,3,1,3
2017010028591,2,19,0,9,0,8,0,0,0,0,1,1,1,1,55,8,1560,2,10,3,1,3
2017010028593,1,11,0,5,0,8,0,0,0,0,4,1,1,1,29,6,4500,2,9,3,1,3
2017010028594,1,9,0,3,0,0,0,4,0,0,2,1,6,1,40,7,1995,2,10,4,1,4
2017010028594,2,11,0,5,0,0,0,4,0,0,1,1,1,1,17,4,4500,2,-1,-1,-1,-1
2017010028596,1,9,0,9,9,0,0,0,0,0,3,1,6,1,54,8,1398,1,6,2,1,2
2017010028596,2,1,0,13,0,0,0,0,0,0,1,1,4,1,14,3,-1,-1,-1,3,1,3
2017010028597,1,11,0,5,2,1,0,0,0,0,0,1,1,1,29,6,6692,2,8,1,1,1
2017010028597,2,19,0,18,0,2,0,0,0,0,0,1,6,3,-1,-1,-1,-1,-1,-1,-1,-1
2017010028599,1,9,0,18,0,1,0,0,0,0,1,1,6,2,33,6,1497,8,11,2,1,2
2017010028602,1,9,0,17,0,0,2,4,0,0,1,1,6,2,69,10,1598,1,15,8,1,8
2017010028602,2,9,0,2,0,0,0,4,0,0,2,1,6,3,-1,-1,1998,2,4,-1,-1,-1
2017010028602,3,9,0,2,0,0,0,4,0,0,2,1,6,3,-1,-1,999,1,3,-1,-1,-1
2017010028602,4,9,0,2,0,0,0,0,0,0,2,1,6,3,-1,-1,2993,2,2,-1,-1,-1
2017010028603,1,9,0,7,0,1,0,0,0,0,1,1,6,2,46,8,1242,1,1,3,1,3
2017010028604,1,9,0,18,0,1,0,4,0,0,4,1,6,1,31,6,1591,1,-1,5,1,5
2017010028604,2,8,0,3,0,1,0,0,0,0,4,1,6,1,48,8,1997,2,5,5,1,5
2017010028605,1,9,0,9,0,4,0,0,0,0,1,1,6,2,27,6,1493,2,12,1,1,1
2017010028606,1,9,0,9,0,6,0,0,0,0,1,1,6,1,27,6,1686,2,4,8,2,8
2017010028606,2,1,0,18,0,8,0,0,0,0,4,1,6,1,34,6,-1,-1,-1,5,1,5
2017010028607,1,19,0,4,0,2,0,0,0,0,3,1,1,1,24,5,1995,2,-1,7,1,7
2017010028607,2,1,0,14,0,2,0,8,0,0,4,1,2,2,27,6,-1,-1,-1,2,1,2
2017010028609,1,9,0,3,9,6,0,0,0,0,1,1,6,1,45,7,1995,2,5,9,1,9
2017010028609,2,9,0,1,9,6,0,0,0,0,2,1,6,2,52,8,1240,1,13,7,1,7
2017010028610,1,9,0,18,0,0,0,0,0,0,1,1,6,1,71,10,2597,1,14,9,1,9
2017010028610,2,9,0,18,0,0,0,0,0,0,1,1,6,1,-1,-1,2993,2,4,-1,-1,-1
2017010028613,1,9,0,18,0,0,1,4,0,0,1,1,2,1,21,5,1388,1,11,3,1,3
2017010028614,1,9,0,4,0,1,0,0,0,0,2,1,2,2,24,5,999,1,-1,8,1,8
2017010028614,2,9,0,4,0,1,0,0,0,0,2,1,2,2,27,6,1364,1,3,8,1,8
2017010028614,3,9,0,4,0,1,0,0,0,0,1,1,6,2,72,10,1390,1,4,-1,-1,-1
2017010028615,1,9,0,14,0,8,0,0,0,0,1,1,6,2,37,7,1242,1,11,2,1,2
2017010028616,1,3,0,14,0,0,0,0,0,0,4,1,6,1,22,5,124,1,6,4,1,4
2017010028616,2,9,0,6,0,0,0,0,0,0,3,1,6,1,42,7,1396,1,14,6,1,6
2017010028617,1,9,0,4,0,1,0,0,0,0,2,1,6,2,22,5,998,1,12,3,1,3
2017010028617,2,9,0,18,0,1,0,0,0,0,1,1,6,1,73,10,1560,2,3,3,1,3
2017010028618,1,9,0,18,0,1,0,0,0,0,1,1,6,3,-1,-1,1796,1,14,-1,-1,-1
2017010028619,1,5,0,18,0,4,2,0,3,0,1,1,6,1,24,5,690,1,1,-1,-1,-1
2017010028619,2,9,0,18,0,1,0,0,0,0,0,1,1,1,40,7,2993,2,2,4,1,4
2017010028620,1,11,0,18,0,1,0,0,0,0,4,1,1,1,48,8,9360,2,7,2,1,2
2017010028620,2,1,0,18,2,1,0,0,0,0,1,1,6,2,47,8,-1,-1,-1,-1,-1,-1
2017010028623,1,11,0,18,0,8,0,0,0,0,1,1,1,1,56,9,4500,2,3,-1,-1,-1
2017010028623,2,1,0,18,0,8,0,0,0,0,3,1,6,2,55,8,-1,-1,-1,8,1,8
2017010028624,1,9,0,18,0,0,0,0,0,0,1,1,6,1,48,8,1988,1,12,6,1,6
2017010028625,1,90,0,4,0,1,0,0,0,0,2,1,6,1,61,9,2987,2,2,5,1,5
2017010028625,2,9,0,18,0,1,0,0,0,0,1,1,6,1,20,4,1995,2,3,3,1,3
2017010028626,1,19,0,18,0,0,0,0,0,0,4,1,1,1,42,7,1968,2,5,2,1,2
2017010028628,1,1,0,18,0,8,0,0,0,0,1,1,6,1,44,7,-1,-1,-1,3,1,3
2017010028628,2,9,0,7,0,8,0,0,0,0,3,1,6,2,37,7,1686,2,6,3,1,3
2017010028629,1,1,0,18,4,1,0,0,0,0,1,1,2,2,31,6,-1,-1,-1,8,1,8
2017010028629,2,9,0,9,4,1,0,0,0,0,3,1,6,1,37,7,-1,-1,-1,-1,-1,-1
2017010028632,1,9,0,18,0,1,0,0,0,0,4,1,6,1,54,8,1995,2,7,3,1,3
2017010028634,1,8,0,3,0,1,0,0,0,0,2,1,1,1,33,6,1797,8,6,5,1,5
2017010028634,2,3,0,18,0,1,0,0,0,0,1,1,6,1,23,5,-1,-1,-1,3,1,3
2017010028636,1,4,0,18,0,0,0,0,0,0,4,1,2,1,28,6,883,1,1,10,1,10
2017010028639,1,9,0,17,0,4,0,0,0,0,1,1,6,1,25,5,1598,1,11,-1,-1,-1
2017010028640,1,9,0,18,0,0,1,0,0,0,3,1,6,1,22,5,1461,2,1,3,1,3
2017010028640,2,8,0,18,0,0,1,0,0,0,4,1,6,1,26,6,1797,8,6,2,1,2
2017010028641,1,9,0,9,0,1,0,0,0,0,4,1,6,2,53,8,1590,1,16,5,1,5
2017010028641,2,3,0,18,0,1,0,0,0,0,3,1,6,2,31,6,-1,-1,-1,5,1,5
2017010028642,1,11,0,7,0,7,0,0,0,0,0,1,6,1,54,8,9360,2,5,3,1,3
2017010028645,1,9,0,18,0,0,0,7,0,0,1,1,6,1,-1,-1,1781,1,20,-1,-1,-1
2017010028646,1,3,0,5,0,5,1,7,0,0,1,1,6,1,20,4,-1,-1,-1,3,1,3
2017010028649,1,9,0,9,0,8,0,0,0,0,1,1,6,2,52,8,1998,1,9,1,1,1
2017010028649,2,9,0,18,0,8,0,0,0,0,1,1,1,1,38,7,2993,2,2,4,1,4
2017010028650,1,9,0,18,0,1,1,4,1,10,1,1,6,1,30,6,2979,1,1,-1,-1,-1
2017010028650,2,9,5,2,0,1,0,4,0,0,2,1,6,3,-1,-1,1600,1,13,-1,-1,-1
2017010028650,3,9,0,2,0,1,0,0,0,0,2,1,6,3,-1,-1,1598,2,5,-1,-1,-1
2017010028651,1,9,0,18,0,1,0,0,0,0,3,1,2,1,66,10,998,1,24,4,1,4
2017010028651,2,9,0,9,0,8,0,0,0,0,1,1,6,1,27,6,1798,8,3,-1,-1,-1
2017010028654,1,9,0,18,0,0,0,0,0,0,1,1,6,1,30,6,2933,1,29,8,1,8
2017010028654,2,9,0,18,0,0,0,0,0,0,1,1,6,2,36,7,1997,2,3,10,1,10
2017010028659,1,9,0,18,0,8,0,0,0,0,1,1,1,2,-1,-1,1395,1,2,1,1,1
2017010028659,2,9,0,18,0,8,0,0,0,0,1,1,6,1,31,6,2143,2,4,6,1,6
2017010028661,1,1,0,18,-1,-1,-1,-1,-1,-1,3,1,6,2,28,6,-1,-1,-1,4,1,4
2017010028661,2,9,-1,18,-1,-1,-1,-1,-1,-1,-1,-1,6,3,-1,-1,1596,1,7,-1,-1,-1
2017010028663,1,9,0,3,0,1,0,0,0,0,2,-1,6,1,24,5,1998,2,12,-1,-1,-1
2017010028663,2,19,0,18,0,1,1,0,0,0,1,-1,6,1,-1,-1,2198,2,1,10,1,10
2017010028673,1,19,-1,-1,-1,-1,-1,-1,-1,-1,-1,-1,6,3,-1,-1,1560,2,3,-1,-1,-1
2017010028676,1,9,-1,-1,-1,-1,-1,-1,-1,-1,-1,-1,6,1,35,6,2993,2,7,1,1,1
2017010028683,1,3,-1,-1,0,1,0,0,0,0,2,1,6,1,43,7,125,1,3,4,1,4
2017010028685,1,19,0,1,0,5,0,0,0,0,2,1,1,1,42,7,-1,-1,-1,10,1,10
2017010028687,1,19,-1,-1,0,-1,-1,-1,0,0,-1,-1,6,3,-1,-1,-1,-1,-1,-1,-1,-1
2017010028696,1,9,0,9,0,8,0,0,0,0,1,1,6,2,23,5,1968,2,1,2,1,2
2017010028696,2,9,0,18,0,8,0,0,0,0,1,1,6,1,26,6,1968,2,7,4,1,4
2017010028712,1,9,0,18,0,-1,0,0,0,0,1,-1,6,3,-1,-1,-1,-1,-1,-1,-1,-1
2017010028716,1,9,0,18,-1,8,0,0,0,0,1,1,6,3,-1,-1,-1,-1,-1,-1,-1,-1
2017010028717,1,8,0,4,0,1,0,0,1,0,2,1,1,1,51,8,1598,2,7,7,1,7
2017010028717,2,90,0,3,0,5,0,0,1,0,1,1,6,1,-1,-1,-1,-1,-1,-1,-1,-1
2017010028727,1,8,-1,18,0,2,0,0,0,0,1,-1,6,1,33,6,2402,2,14,2,1,2
2017010028727,2,9,-1,15,0,2,0,-1,0,0,-1,-1,6,3,-1,-1,1364,1,12,-1,-1,-1
2017010028729,1,9,0,1,0,0,0,0,0,0,2,-1,6,2,-1,-1,-1,-1,-1,-1,-1,-1
2017010028736,1,1,0,14,0,-1,5,0,0,0,3,1,6,1,52,8,-1,-1,-1,2,1,2
2017010028736,2,9,0,-1,0,-1,0,0,0,0,2,-1,6,3,-1,-1,998,1,3,-1,-1,-1
2017010028738,1,9,-1,-1,-1,1,-1,-1,-1,-1,-1,-1,6,1,17,4,1600,1,13,5,1,5
2017010028738,2,9,-1,-1,-1,2,-1,-1,-1,-1,-1,-1,6,1,-1,-1,2993,2,9,2,1,2
2017010028741,1,9,0,18,0,0,0,0,0,0,1,1,6,2,47,8,-1,-1,-1,2,1,2
2017010028741,2,20,0,3,0,0,0,0,0,0,2,1,2,1,48,8,4500,2,1,8,1,8
2017010028744,1,11,0,5,0,1,0,0,0,0,0,1,1,1,43,7,-1,-1,-1,3,1,3
2017010028746,1,9,0,4,0,8,0,0,0,0,3,1,1,1,41,7,1968,2,2,4,1,4
2017010028746,2,3,0,13,0,8,2,0,0,0,4,1,6,1,40,7,108,1,3,3,1,3
2017010028751,1,9,0,3,0,8,0,0,0,0,2,1,6,1,42,7,1797,8,3,3,1,3
2017010028751,2,9,0,18,0,8,0,0,0,0,1,1,6,3,-1,-1,1997,2,13,-1,-1,-1
2017010028761,1,1,0,-1,-1,-1,0,-1,-1,-1,-1,1,6,1,34,6,-1,-1,-1,-1,-1,-1
2017010028761,2,9,0,-1,-1,-1,0,-1,-1,-1,-1,-1,6,3,-1,-1,2987,2,6,-1,-1,-1
2017010028767,1,1,0,18,0,0,2,0,0,0,1,1,6,3,-1,-1,-1,-1,-1,-1,-1,-1
2017010028772,1,19,0,9,0,1,0,0,0,0,1,1,1,1,33,6,2143,2,7,4,1,4
2017010028775,1,9,0,16,0,2,0,0,0,0,2,1,2,1,29,6,1388,1,8,2,1,2
2017010028775,2,9,0,16,0,2,0,0,0,0,1,1,6,2,32,6,998,1,1,-1,-1,-1
2017010028778,1,8,0,18,0,8,0,0,0,0,1,1,6,1,53,8,2143,2,2,2,1,2
2017010028778,2,1,0,18,0,8,0,0,0,0,1,1,2,1,38,7,-1,-1,-1,2,1,2
2017010028779,1,8,0,7,0,1,0,0,0,0,1,1,1,1,62,9,2499,2,4,7,1,7
2017010028779,2,1,0,7,0,1,0,0,0,0,1,1,2,1,42,7,-1,-1,-1,4,1,4
2017010028780,1,11,0,4,0,2,0,0,0,0,0,1,1,2,62,9,5132,2,3,5,1,5
2017010028784,1,11,0,18,2,0,0,0,0,0,0,1,1,1,51,8,5132,2,2,4,1,4
2017010028789,1,90,0,9,0,6,0,7,0,0,1,1,1,1,53,8,-1,-1,-1,8,3,8
2017010028790,1,9,0,18,0,0,0,0,0,0,4,1,2,2,61,9,2143,2,6,2,1,2
2017010028790,2,1,0,18,0,0,0,0,0,0,3,1,6,1,43,7,-1,-1,-1,7,3,7
2017010028792,1,9,-1,-1,-1,-1,-1,-1,-1,-1,-1,-1,6,2,50,8,1896,2,11,8,1,8
2017010028793,1,11,0,7,0,2,0,0,0,0,0,1,1,1,65,9,4500,2,1,4,1,4
2017010028795,1,9,0,6,0,0,0,0,1,0,3,1,1,1,37,7,1968,2,6,4,1,4
2017010028795,2,1,0,18,0,0,2,0,0,0,1,1,1,1,28,6,-1,-1,-1,2,1,2
2017010028799,1,9,0,7,0,0,0,0,0,0,1,-1,6,1,53,8,1598,1,12,5,1,5
2017010028799,2,9,0,18,0,0,1,0,0,0,1,-1,6,1,-1,-1,1589,1,21,-1,-1,-1
2017010028809,1,3,0,14,0,1,1,0,0,0,1,1,6,3,-1,-1,-1,-1,-1,-1,-1,-1
2017010028810,1,9,0,18,0,0,0,0,0,0,3,1,2,1,61,9,3300,1,15,6,1,6
2017010028810,2,3,0,13,0,0,1,0,0,0,0,1,6,1,37,7,125,1,4,-1,-1,-1
2017010028811,1,9,-1,3,0,0,-1,-1,-1,-1,-1,-1,6,2,46,8,1995,2,10,-1,-1,-1
2017010028811,2,9,-1,3,0,0,-1,-1,-1,-1,-1,-1,6,3,-1,-1,2987,2,7,-1,-1,-1
2017010028812,1,9,0,4,0,0,0,0,0,0,1,1,3,2,41,7,2143,2,6,3,1,3
2017010028814,1,9,0,5,0,8,0,0,0,0,1,1,6,3,-1,-1,-1,-1,-1,-1,-1,-1
2017010028817,1,9,-1,18,0,-1,-1,-1,-1,0,-1,-1,6,3,-1,-1,-1,-1,-1,-1,-1,-1
2017010028825,1,11,0,4,0,0,0,0,0,0,0,1,1,1,37,7,4250,2,8,4,1,4
2017010028828,1,9,0,18,0,8,0,0,0,0,1,1,3,2,71,10,1390,1,5,4,1,4
2017010028828,2,8,0,18,0,8,0,0,0,0,1,1,1,1,34,6,1997,2,5,3,1,3
2017010028829,1,9,0,18,0,5,0,0,0,0,1,1,6,1,47,8,-1,-1,-1,2,1,2
2017010028850,1,19,0,18,0,5,0,4,0,0,1,1,2,1,33,6,-1,-1,-1,2,1,2
2017010028850,2,9,0,2,0,5,0,4,0,0,2,1,6,3,-1,-1,1598,1,8,-1,-1,-1
2017010028853,1,4,0,3,0,8,0,0,0,0,1,1,6,1,22,5,124,1,5,10,1,10
2017010028853,2,9,0,-1,0,-1,0,0,3,0,1,-1,6,1,-1,-1,1390,1,5,-1,-1,-1
2017010028856,1,9,0,18,0,2,0,4,7,0,1,1,6,1,37,7,1498,1,10,9,1,9
2017010028856,2,9,0,3,0,1,0,0,0,0,1,1,6,1,66,10,1984,1,14,9,1,9
2017010028858,1,11,0,5,2,0,0,0,0,0,0,1,1,1,46,8,8300,2,11,2,1,2
2017010028867,1,11,0,18,0,2,0,0,0,0,0,1,1,1,59,9,7300,2,13,3,1,3
2017010028867,2,9,0,2,0,2,0,0,0,0,0,1,6,3,-1,-1,1229,1,9,-1,-1,-1
2017010028872,1,11,0,4,2,0,0,0,0,0,4,1,6,1,61,9,6700,2,2,-1,-1,-1
2017010028874,1,9,0,9,0,8,0,0,0,0,1,1,6,3,-1,-1,-1,-1,-1,-1,-1,-1
2017010028879,1,9,0,3,0,8,0,0,0,0,2,-1,6,1,25,5,1339,8,5,3,1,3
2017010028879,2,9,0,-1,0,6,0,0,0,0,1,-1,6,3,-1,-1,1995,2,2,-1,-1,-1
2017010028880,1,9,-1,-1,-1,-1,-1,-1,-1,-1,-1,-1,6,2,30,6,2494,1,13,7,1,7
2017010028880,2,9,-1,-1,-1,-1,-1,-1,-1,-1,1,-1,6,3,-1,-1,1197,1,1,-1,-1,-1
2017010028882,1,9,0,18,4,8,0,0,1,0,4,1,6,1,22,5,1200,1,1,3,1,3
2017010028882,2,1,0,18,4,8,0,0,0,0,1,1,2,1,32,6,-1,-1,-1,-1,-1,-1
2017010028883,1,9,0,18,0,0,0,0,0,0,1,1,6,1,27,6,1799,1,10,5,1,5
2017010028883,2,4,0,4,0,0,0,0,0,0,2,1,2,1,60,9,499,1,11,6,1,6
2017010028884,1,9,0,9,0,1,0,0,0,0,3,1,6,2,32,6,1968,2,4,4,1,4
2017010028885,1,9,0,7,0,0,0,0,0,0,4,1,6,1,49,8,1896,2,11,2,1,2
2017010028885,2,5,0,18,0,0,1,0,0,0,3,1,6,1,34,6,1037,1,2,9,1,9
2017010028888,1,9,0,18,0,0,0,0,0,0,1,1,6,1,43,7,1461,2,5,-1,-1,-1