Accident_Index,Vehicle_Reference,Vehicle_Type,Towing_and_Articulation,Vehicle_Manoeuvre,Vehicle_Location-Restricted_Lane,Junction_Location,Skidding_and_Overturning,Hit_Object_in_Carriageway,Vehicle_Leaving_Carriageway,Hit_Object_off_Carriageway,1st_Point_of_Impact,Was_Vehicle_Left_Hand_Drive?,Journey_Purpose_of_Driver,Sex_of_Driver,Age_of_Driver,Age_Band_of_Driver,Engine_Capacity_(CC),Propulsion_Code,Age_of_Vehicle,Driver_IMD_Decile,Driver_Home_Area_Type,Vehicle_IMD_Decile
2017010028888,2,9,0,3,0,0,0,0,0,0,2,1,6,2,29,6,1968,2,10,9,1,9
2017010028889,1,4,0,3,0,1,0,0,0,0,3,1,6,2,30,6,348,1,30,9,1,9
2017010028889,2,19,0,9,0,8,0,0,0,0,2,1,6,3,-1,-1,-1,-1,-1,-1,-1,-1
2017010028890,1,11,0,4,3,1,0,0,0,0,1,1,1,1,51,8,4250,2,11,3,1,3
2017010028891,1,2,0,18,0,1,5,0,0,0,1,1,6,1,24,5,330,1,4,3,1,3
2017010028891,2,9,0,18,0,1,0,0,0,0,3,2,6,2,45,7,2400,2,4,8,1,8
2017010028892,1,9,0,18,0,0,0,0,0,0,1,1,3,1,55,8,1598,1,6,5,1,5
2017010028892,2,20,0,18,0,0,0,0,0,0,3,1,1,1,44,7,4500,2,1,5,1,5
2017010028894,1,9,0,9,0,6,0,0,0,0,4,1,6,2,31,6,2143,2,4,7,1,7
2017010028894,2,3,0,18,0,6,0,0,0,0,3,1,6,1,18,4,124,1,3,10,1,10
2017010028895,1,5,0,4,0,2,0,0,0,0,1,1,6,1,42,7,1170,1,3,10,1,10
2017010028896,1,1,0,18,4,0,0,0,0,0,4,1,1,2,42,7,-1,-1,-1,6,1,6
2017010028897,1,9,0,9,0,8,0,0,1,0,2,1,6,2,48,8,1598,2,-1,7,1,7
2017010028897,2,19,0,18,0,8,0,0,0,0,1,1,6,3,-1,-1,-1,-1,-1,-1,-1,-1
2017010028900,1,9,0,5,0,1,0,0,0,0,1,1,6,1,60,9,4799,1,10,9,1,9
2017010028901,1,9,0,18,0,8,0,0,0,0,4,1,6,2,28,6,1598,1,6,3,1,3
2017010028901,2,21,1,18,0,8,0,0,0,0,1,2,2,1,42,7,-1,-1,-1,5,1,5
2017010028902,1,3,0,18,0,8,0,0,0,0,4,1,1,1,23,5,108,1,2,2,1,2
2017010028902,2,9,0,5,0,8,0,0,0,0,1,1,6,1,37,7,998,1,18,6,1,6
2017010028906,1,9,0,9,0,1,0,0,0,0,1,1,6,1,30,6,998,1,4,2,1,2
2017010028906,2,9,0,18,0,1,0,0,0,0,0,1,6,1,25,5,1910,2,10,5,1,5
2017010028907,1,9,0,9,0,2,0,0,0,0,3,1,2,1,32,6,1598,1,7,2,1,2
2017010028907,2,1,0,18,9,1,1,0,3,0,1,1,6,1,32,6,-1,-1,-1,4,1,4
2017010028908,1,9,0,9,0,8,0,7,0,0,3,1,6,2,64,9,1591,1,1,10,1,10
2017010028908,2,9,0,13,0,8,0,0,0,0,1,1,6,3,-1,-1,-1,-1,-1,-1,-1,-1
2017010028911,1,9,0,7,0,1,0,0,0,0,4,1,6,2,27,6,1149,1,8,4,1,4
2017010028911,2,1,0,18,0,8,0,0,0,0,1,1,6,1,27,6,-1,-1,-1,-1,-1,-1
2017010028913,1,9,0,18,0,8,0,10,1,2,1,2,6,2,42,7,1910,2,13,2,1,2
2017010028916,1,9,0,18,0,0,0,0,0,0,1,-1,6,1,46,8,1995,2,6,3,1,3
2017010028917,1,9,-1,3,0,-1,-1,-1,-1,-1,-1,-1,6,1,38,7,1798,8,1,3,1,3
2017010028917,2,9,-1,18,0,-1,-1,-1,-1,-1,-1,-1,6,1,-1,-1,1968,2,9,3,1,3
2017010028919,1,9,0,4,0,1,0,0,0,0,2,1,6,2,39,7,1560,2,6,5,1,5
2017010028919,2,9,0,5,0,1,0,0,0,0,1,1,6,1,55,8,1798,8,4,8,1,8
2017010028922,1,19,0,18,0,2,0,0,0,0,4,1,2,1,47,8,2295,7,13,6,1,6
2017010028930,1,8,0,3,0,1,0,0,0,0,1,-1,6,1,24,5,2499,2,5,9,1,9
2017010028930,2,9,0,1,0,-1,0,0,0,0,2,-1,6,1,-1,-1,1997,2,4,-1,-1,-1
2017010028938,1,19,0,18,0,4,0,0,0,0,1,1,2,1,34,6,1598,2,4,3,1,3
2017010028938,2,1,0,18,0,4,0,0,0,0,4,1,2,1,39,7,-1,-1,-1,9,1,9
2017010028943,1,1,0,18,0,1,0,0,0,0,-1,1,6,1,42,7,-1,-1,-1,5,1,5
2017010028943,2,2,0,7,0,1,0,-1,0,0,-1,1,6,1,-1,-1,-1,-1,-1,-1,-1,-1
2017010028944,1,9,-1,-1,-1,-1,-1,-1,-1,-1,-1,-1,6,3,-1,-1,3456,8,9,-1,-1,-1
2017010028944,2,1,0,-1,0,-1,0,0,0,0,-1,1,6,2,24,5,-1,-1,-1,2,1,2
2017010028945,1,9,-1,-1,-1,0,-1,-1,-1,-1,-1,-1,6,1,44,7,1360,1,7,2,1,2
2017010028954,1,9,-1,-1,0,-1,-1,-1,-1,0,-1,-1,6,2,36,7,1956,2,6,2,1,2
2017010028954,2,9,3,18,0,1,0,0,0,0,1,-1,6,3,-1,-1,2401,2,12,-1,-1,-1
2017010028965,1,9,0,18,0,-1,0,10,0,0,4,-1,6,1,53,8,4398,1,16,10,1,10
2017010028969,1,9,0,-1,0,-1,-1,0,0,0,0,-1,6,1,42,7,1499,2,1,5,1,5
2017010028969,2,9,-1,5,0,-1,-1,0,0,0,2,-1,6,1,26,6,-1,-1,-1,4,1,4
2017010028978,1,1,0,18,0,1,0,0,0,0,1,1,6,2,57,9,-1,-1,-1,4,1,4
2017010028978,2,9,0,9,0,8,0,0,0,0,1,-1,6,2,72,10,1999,1,11,3,1,3
2017010028987,1,9,-1,8,0,1,0,0,0,0,2,-1,3,2,44,7,1390,1,9,2,1,2
2017010028987,2,9,0,18,0,1,0,-1,0,0,1,-1,6,1,-1,-1,1999,1,15,-1,-1,-1
2017010028988,1,8,0,13,0,1,0,0,0,0,4,1,1,1,70,10,2402,2,12,6,1,6
2017010028988,2,1,0,18,0,1,0,0,1,0,3,1,1,1,42,7,-1,-1,-1,4,1,4
2017010028989,1,9,-1,-1,-1,-1,-1,-1,-1,-1,-1,-1,6,1,-1,-1,1769,1,11,-1,-1,-1
2017010028995,1,19,0,9,0,1,0,0,0,0,3,1,2,1,35,6,1461,2,5,6,1,6
2017010028996,1,11,0,18,0,8,0,0,0,0,0,1,1,1,51,8,5132,2,2,4,1,4
2017010028999,1,1,0,18,0,1,0,0,0,0,3,1,6,1,24,5,-1,-1,-1,1,1,1
2017010028999,2,9,0,-1,0,1,0,0,0,0,4,-1,6,1,-1,-1,1242,1,2,7,1,7
2017010029003,1,3,0,18,0,2,0,0,0,0,1,1,6,3,-1,-1,-1,-1,-1,-1,-1,-1
2017010029004,1,9,0,18,0,1,1,0,0,0,3,-1,1,2,30,6,1242,1,2,7,1,7
2017010029004,2,9,0,18,0,1,0,0,0,0,4,-1,6,3,-1,-1,1600,1,13,-1,-1,-1
2017010029005,1,1,-1,18,-1,-1,0,-1,-1,-1,-1,1,6,1,72,10,-1,-1,-1,10,1,10
2017010029005,2,9,-1,-1,-1,-1,-1,0,-1,0,-1,-1,6,1,-1,-1,-1,-1,-1,-1,-1,-1
2017010029007,1,9,0,4,0,8,0,0,0,0,3,-1,6,1,63,9,1968,2,3,4,1,4
2017010029008,1,11,0,4,2,0,0,-1,-1,0,-1,-1,1,1,-1,-1,-1,-1,-1,-1,-1,-1
2017010029009,1,9,0,17,0,1,0,0,0,0,4,1,6,1,29,6,1598,1,13,2,1,2
2017010029014,1,9,0,18,0,0,0,4,0,0,1,1,6,2,64,9,2494,8,1,6,1,6
2017010029014,2,9,0,2,0,0,0,0,0,0,1,1,6,3,-1,-1,1796,1,12,-1,-1,-1
2017010029016,1,1,0,18,0,1,0,0,0,0,1,1,6,1,30,6,-1,-1,-1,4,1,4
2017010029016,2,9,0,9,0,1,0,0,0,0,1,1,6,2,74,10,1242,1,8,8,1,8
2017010029018,1,9,-1,3,0,0,0,-1,0,0,2,-1,6,2,53,8,1995,1,6,-1,-1,-1
2017010029018,2,9,-1,18,0,0,-1,-1,0,0,1,-1,6,1,-1,-1,998,1,-1,-1,-1,-1
2017010029019,1,9,0,7,0,5,-1,0,0,0,4,1,6,1,76,11,2799,1,19,2,1,2
2017010029020,1,9,-1,-1,-1,-1,-1,-1,-1,-1,-1,-1,6,1,33,6,1988,1,16,5,2,5
2017010029020,2,9,-1,-1,-1,-1,-1,-1,-1,-1,-1,-1,6,1,-1,-1,2979,1,15,-1,-1,-1
2017010029031,1,9,0,9,0,8,0,0,0,0,4,1,6,1,51,8,1796,1,12,3,1,3
2017010029031,2,9,0,18,0,8,0,0,0,0,1,1,1,2,24,5,1598,2,1,10,1,10
2017010029044,1,1,0,18,0,1,2,0,1,-1,4,1,2,1,18,4,-1,-1,-1,9,1,9
2017010029044,2,9,0,7,0,1,0,0,0,0,0,-1,6,1,-1,-1,-1,-1,-1,8,1,8
2017010029053,1,9,0,9,0,8,0,0,0,0,1,1,6,2,80,11,1798,1,7,9,1,9
2017010029053,2,1,0,18,0,8,0,0,0,0,3,1,6,1,25,5,-1,-1,-1,3,1,3
2017010029058,1,9,0,18,0,0,0,0,0,0,2,1,6,1,66,10,1248,1,4,10,1,10
2017010029058,2,9,0,18,0,0,0,0,0,0,1,1,6,3,-1,-1,2143,2,6,-1,-1,-1
2017010029071,1,1,0,3,0,2,0,4,0,0,4,1,6,2,27,6,-1,-1,-1,6,1,6
2017010029079,1,19,0,3,0,0,0,0,0,0,2,1,1,1,36,7,2998,2,7,3,1,3
2017010029079,2,9,0,18,0,0,0,0,0,0,1,1,6,3,-1,-1,1598,2,4,-1,-1,-1
2017010029082,1,9,0,18,0,2,0,0,0,0,3,1,6,1,59,9,1797,8,7,3,1,3
2017010029083,1,9,0,18,0,0,2,4,0,0,1,1,6,1,28,6,2179,2,5,1,1,1
2017010029083,2,9,0,2,0,0,0,0,0,0,3,1,6,3,-1,-1,1999,1,1,-1,-1,-1
2017010029086,1,8,0,14,0,0,0,0,0,0,4,1,1,1,49,8,2776,2,1,9,1,9
2017010029092,1,4,0,18,0,1,0,0,0,0,1,1,6,1,22,5,124,1,13,2,1,2
2017010029092,2,19,0,7,0,1,0,0,0,0,1,1,2,1,38,7,1598,2,2,1,1,1
2017010029098,1,8,0,1,0,0,0,0,0,0,2,1,1,1,38,7,-1,3,1,3,1,3
2017010029098,2,4,0,3,0,0,0,0,0,0,1,1,2,1,21,5,125,1,1,9,1,9
2017010029099,1,11,0,18,0,1,0,0,0,0,0,1,1,1,38,7,7300,2,12,5,1,5
2017010029100,1,11,0,18,0,8,0,0,0,0,1,1,1,1,38,7,6700,2,9,-1,-1,-1
2017010029100,2,19,0,9,0,8,0,0,0,0,3,1,1,1,34,6,2198,2,3,7,3,7
2017010029101,1,9,0,4,0,0,0,0,0,0,2,1,6,1,26,6,1995,2,11,1,1,1
2017010029101,2,8,0,4,0,0,0,0,0,0,1,1,1,1,37,7,2143,2,5,8,1,8
2017010029103,1,1,0,18,0,1,0,11,0,0,1,1,2,1,24,5,-1,-1,-1,2,1,2
2017010029106,1,9,0,18,2,0,0,0,0,0,4,1,6,2,59,9,-1,-1,-1,3,1,3
2017010029107,1,9,0,18,0,2,0,0,0,0,1,1,6,2,43,7,1995,2,7,5,1,5
2017010029108,1,9,0,3,0,0,0,0,0,0,3,1,6,2,42,7,1598,1,6,4,1,4
2017010029108,2,9,0,18,0,0,0,0,0,0,4,1,6,1,28,6,1968,2,9,3,1,3
2017010029120,1,11,0,4,2,2,0,0,0,0,0,1,1,1,37,7,4500,2,2,-1,-1,-1
2017010029123,1,9,0,13,0,2,0,0,0,0,2,1,2,2,70,10,1299,1,14,6,1,6
2017010029123,2,20,1,5,0,2,0,0,0,0,1,1,1,1,40,7,-1,-1,-1,-1,-1,-1
2017010029123,3,19,0,5,0,1,0,0,0,0,1,1,1,1,33,6,9290,2,5,1,1,1
2017010029124,1,9,0,18,0,2,1,0,0,0,1,1,1,1,57,9,1248,2,8,2,1,2
2017010029125,1,9,0,6,0,8,0,0,0,0,4,2,6,1,32,6,1496,2,2,1,1,1
2017010029127,1,11,0,5,0,8,0,0,0,0,0,1,1,1,58,9,9360,2,5,3,1,3
2017010029128,1,11,0,5,2,6,0,0,0,0,4,1,6,2,37,7,6700,2,6,-1,-1,-1
2017010029129,1,11,0,4,0,2,0,0,0,0,0,1,1,1,59,9,4500,2,1,2,1,2
2017010029129,2,19,0,4,0,2,0,0,0,0,0,1,6,3,-1,-1,4485,2,2,-1,-1,-1
2017010029130,1,19,0,4,0,1,0,0,0,0,3,1,1,1,27,6,2198,2,2,-1,-1,-1
2017010029130,2,9,0,4,0,6,0,0,0,0,2,1,1,1,47,8,1800,8,4,2,1,2
2017010029130,3,9,0,8,0,6,0,0,0,0,1,1,6,1,42,7,1995,2,12,2,1,2
2017010029132,1,9,0,18,0,1,0,11,0,0,2,1,6,1,24,5,1600,1,13,-1,-1,-1
2017010029132,2,9,0,18,0,2,0,0,0,0,3,1,6,1,31,6,2993,2,1,3,1,3
2017010029133,1,2,0,18,0,8,0,0,0,0,1,1,6,1,19,4,49,1,2,3,1,3
2017010029133,2,2,0,9,0,2,0,0,0,0,1,1,6,3,-1,-1,-1,-1,-1,-1,-1,-1
2017010029134,1,9,0,4,0,0,0,0,0,0,4,1,6,1,57,9,1598,2,3,6,1,6
2017010029135,1,9,0,18,0,0,0,0,0,0,1,1,6,1,38,7,2996,2,7,4,1,4
2017010029136,1,11,0,5,0,1,0,0,0,0,0,1,6,1,53,8,6700,2,5,6,1,6
2017010029137,1,8,0,10,0,1,0,0,0,0,1,1,1,1,55,8,2499,2,6,5,1,5
2017010029137,2,4,0,18,0,1,0,0,0,0,4,1,6,1,28,6,125,1,6,2,1,2
2017010029138,1,19,0,18,0,1,0,0,3,10,1,1,1,1,40,7,1968,2,3,8,1,8
2017010029138,2,9,0,4,0,4,0,9,1,0,2,1,2,1,37,7,1998,1,16,4,1,4
2017010029139,1,2,0,14,0,1,0,0,0,0,1,1,6,1,18,4,49,1,1,3,1,3
2017010029139,2,9,0,9,0,6,0,0,0,0,1,1,6,2,55,8,1995,2,2,5,1,5
2017010029141,1,9,0,18,0,1,0,0,0,0,1,1,6,2,48,8,1596,1,13,9,1,9
2017010029141,2,9,0,9,0,8,0,0,0,0,1,1,6,2,47,8,1598,2,4,9,1,9
2017010029141,3,9,0,18,0,2,0,0,1,0,1,1,6,1,51,8,1598,1,2,6,1,6
2017010029142,1,9,0,18,0,1,0,0,0,0,4,1,6,1,52,8,1397,1,13,1,1,1
2017010029143,1,9,0,18,0,8,0,0,0,0,3,1,6,1,40,7,1968,2,10,4,1,4
2017010029143,2,19,0,18,0,8,0,0,0,0,4,1,1,1,25,5,2299,2,2,7,1,7
2017010029144,1,9,0,18,0,8,0,0,0,0,2,1,6,2,26,6,2720,2,11,2,1,2
2017010029144,2,21,0,18,0,8,0,0,0,0,1,1,1,1,26,6,8710,2,2,3,1,3
2017010029145,1,9,0,3,0,2,1,0,0,0,1,1,6,3,-1,-1,1598,1,10,-1,-1,-1
2017010029145,2,9,0,3,0,2,0,0,0,0,2,1,6,1,62,9,2283,2,18,1,1,1
2017010029145,3,9,0,4,0,2,0,0,0,0,2,1,6,1,32,6,1798,1,11,7,1,7
2017010029146,1,11,0,4,2,0,0,0,0,0,0,1,1,1,47,8,6700,2,8,-1,-1,-1
2017010029147,1,9,0,6,0,0,0,0,0,0,1,1,2,1,49,8,1598,1,14,2,1,2
2017010029147,2,9,0,18,0,0,0,0,0,0,1,1,2,2,27,6,1598,2,6,7,1,7
2017010029148,1,9,0,18,0,2,0,0,0,0,1,1,6,2,42,7,1149,1,13,1,1,1
2017010029149,1,9,0,9,0,8,0,0,0,0,3,1,6,1,60,9,1395,1,2,9,1,9
2017010029149,2,1,0,18,0,8,0,0,0,0,1,1,6,1,54,8,-1,-1,-1,6,1,6
2017010029150,1,9,0,18,0,2,0,0,0,0,1,1,6,1,46,8,1587,1,11,4,1,4
2017010029151,1,5,0,4,0,0,0,0,0,0,0,1,2,1,21,5,124,1,3,9,1,9
2017010029152,1,9,0,9,0,1,0,0,0,0,3,1,6,1,25,5,1798,8,5,2,1,2
2017010029152,2,3,0,13,0,1,0,0,0,0,1,1,6,1,20,4,124,1,12,4,1,4
2017010029152,3,19,0,3,0,1,0,0,0,0,0,1,1,1,27,6,2143,2,2,1,1,1
2017010029153,1,9,0,18,0,2,0,0,0,0,3,1,6,2,42,7,1598,1,11,6,1,6
2017010029153,2,1,0,18,0,1,0,0,0,0,1,1,6,1,30,6,-1,-1,-1,6,1,6
2017010029155,1,4,0,18,0,0,1,0,0,0,1,1,6,1,21,5,499,1,7,2,1,2
2017010029157,1,9,0,18,0,4,0,0,0,0,4,1,6,2,54,8,898,1,1,10,1,10
2017010029157,2,9,0,18,0,4,0,0,0,0,1,1,6,2,61,9,1686,2,15,5,1,5
2017010029158,1,9,0,18,0,0,0,0,0,0,1,1,6,1,32,6,1796,1,17,3,1,3
2017010029158,2,9,0,6,0,0,0,0,0,0,4,1,6,1,33,6,1339,8,10,5,1,5
2017010029159,1,9,0,3,0,8,0,0,0,0,2,2,6,1,25,5,1389,1,12,2,1,2
2017010029159,2,9,0,18,0,8,0,0,0,0,1,1,6,1,44,7,1339,1,8,2,1,2
2017010029160,1,9,0,18,0,1,0,0,0,0,1,1,6,1,18,4,1368,1,11,4,1,4
2017010029160,2,9,0,18,0,1,0,0,0,0,2,1,6,1,18,4,1596,1,13,6,1,6
2017010029161,1,9,0,10,0,4,0,4,0,0,2,2,6,1,28,6,1995,2,8,7,1,7
2017010029161,2,9,0,3,0,4,0,0,0,0,0,2,6,1,68,10,1598,1,8,6,1,6
2017010029161,3,9,0,3,0,1,0,4,0,0,3,1,2,1,45,7,-1,-1,-1,9,1,9
2017010029162,1,9,0,18,0,4,0,0,0,0,1,1,6,1,26,6,875,1,3,10,1,10
2017010029162,2,9,0,18,0,4,0,0,0,0,1,1,2,1,37,7,-1,-1,-1,8,1,8
2017010029164,1,4,0,13,0,0,0,7,0,0,1,1,6,1,64,9,249,1,7,6,1,6
2017010029165,1,21,0,2,0,0,0,0,0,0,2,1,6,3,-1,-1,12900,2,6,-1,-1,-1
2017010029165,2,3,0,13,0,0,2,10,1,0,1,1,6,1,30,6,125,1,3,1,1,1
2017010029166,1,9,0,18,0,0,1,10,0,0,4,1,6,1,22,5,1995,1,11,7,1,7
2017010029166,2,19,0,18,0,0,0,0,1,10,1,1,1,1,57,9,2402,2,11,2,1,2
2017010029192,1,1,0,9,4,8,0,-1,0,0,1,1,6,1,48,8,-1,-1,-1,6,1,6
2017010029195,1,9,-1,-1,-1,-1,-1,-1,-1,-1,2,-1,6,1,-1,-1,1598,1,13,4,1,4
2017010029195,2,19,-1,-1,-1,-1,-1,-1,-1,-1,-1,-1,6,1,47,8,2198,2,6,2,1,2
2017010029202,1,9,0,1,-1,-1,0,-1,-1,0,2,-1,6,3,-1,-1,-1,-1,-1,-1,-1,-1
2017010029204,1,9,-1,6,-1,0,-1,-1,-1,-1,-1,-1,6,3,-1,-1,1998,1,13,-1,-1,-1
2017010029207,1,1,0,18,0,1,0,0,0,0,4,1,6,1,39,7,-1,-1,-1,2,1,2
2017010029207,2,9,-1,-1,-1,-1,-1,-1,-1,-1,-1,-1,6,1,22,5,1995,2,10,4,1,4
2017010029228,1,90,0,18,2,2,0,0,0,0,4,1,1,2,33,6,1997,2,1,9,1,9
2017010029231,1,11,-1,18,0,0,0,0,0,0,-1,-1,1,1,-1,-1,5132,2,-1,-1,-1,-1
2017010029231,2,1,-1,18,-1,0,-1,-1,-1,-1,-1,1,2,1,28,6,-1,-1,-1,3,1,3
2017010029237,1,9,0,3,0,0,0,0,0,0,2,1,2,2,30,6,1296,1,11,1,1,1
2017010029237,2,9,0,18,0,0,0,0,0,0,1,-1,6,1,-1,-1,1598,1,4,-1,-1,-1
2017010029238,1,9,0,-1,0,0,-1,0,-1,-1,1,-1,6,3,-1,-1,998,1,9,-1,-1,-1
2017010029238,2,1,-1,18,0,0,5,-1,-1,-1,-1,1,6,1,22,5,-1,-1,-1,4,1,4
2017010029244,1,9,0,18,0,8,0,0,0,0,1,1,1,1,31,6,1968,2,5,3,1,3
2017010029244,2,9,0,9,0,6,1,0,0,0,3,1,1,1,26,6,1798,1,11,5,1,5
2017010029246,1,1,0,18,0,0,0,0,0,0,1,1,6,1,27,6,-1,-1,-1,2,1,2
2017010029246,2,9,0,18,0,0,0,0,0,0,1,-1,6,1,-1,-1,1995,2,9,-1,-1,-1
2017010029246,3,19,0,12,0,0,0,0,0,0,0,-1,6,1,-1,-1,2143,2,4,-1,-1,-1
2017010029254,1,11,0,16,0,3,0,0,0,0,0,1,1,1,36,7,-1,-1,-1,5,1,5
2017010029257,1,9,0,17,0,8,0,0,0,0,1,1,2,2,51,8,2497,1,7,9,1,9
2017010029257,2,9,0,9,0,8,0,0,0,0,4,1,1,1,49,8,1598,2,5,9,1,9
2017010029258,1,5,0,18,0,1,0,0,0,0,3,1,2,1,29,6,598,1,13,8,1,8
2017010029259,1,9,0,7,0,2,0,0,0,0,1,1,6,3,-1,-1,-1,-1,-1,-1,-1,-1
2017010029260,1,9,0,9,0,8,0,0,1,1,1,1,2,1,24,5,998,1,15,-1,-1,-1
2017010029260,2,9,0,18,0,8,0,0,0,0,1,1,2,1,58,9,-1,-1,-1,10,1,10
2017010029261,1,11,0,4,0,0,0,0,0,0,0,1,1,1,25,5,6700,2,8,4,1,4
2017010029262,1,19,0,10,0,1,0,0,0,0,1,1,1,1,49,8,2198,2,2,5,1,5
2017010029262,2,1,0,9,0,7,0,0,0,0,2,1,2,2,53,8,-1,-1,-1,6,1,6
2017010029264,1,1,0,13,0,0,0,0,7,0,4,1,2,1,42,7,-1,-1,-1,9,1,9
2017010029264,2,9,0,18,0,0,0,0,0,0,1,1,6,3,-1,-1,1995,1,11,-1,-1,-1
2017010029265,1,9,0,18,0,1,0,4,0,0,1,1,6,2,46,8,1461,2,4,6,1,6
2017010029265,2,8,0,2,0,1,0,0,0,0,1,1,6,3,-1,-1,1968,2,3,-1,-1,-1
2017010029268,1,9,0,9,0,8,0,0,0,0,1,1,3,1,48,8,1587,1,16,3,1,3
2017010029268,2,1,0,18,0,1,0,0,0,0,1,1,1,1,39,7,-1,-1,-1,2,1,2
2017010029270,1,11,0,5,0,1,0,0,0,0,0,1,1,1,44,7,4760,2,6,1,1,1
2017010029272,1,9,0,18,0,1,0,0,0,0,4,1,6,2,31,6,1968,2,3,7,1,7
2017010029272,2,9,0,9,0,6,0,0,0,0,1,1,6,1,37,7,2000,1,12,8,1,8
2017010029275,1,3,0,18,0,1,2,0,0,0,0,1,1,1,38,7,125,1,5,4,1,4
2017010029276,1,5,0,13,0,1,0,0,0,0,4,1,2,1,23,5,599,1,20,4,1,4
2017010029276,2,9,0,9,0,8,0,0,0,0,1,1,6,3,-1,-1,-1,-1,-1,-1,-1,-1
2017010029279,1,11,0,18,0,0,0,0,0,0,0,1,1,2,30,6,4760,2,5,3,1,3
2017010029280,1,9,-1,18,-1,4,-1,0,0,0,2,-1,6,1,39,7,1896,2,8,7,1,7
2017010029285,1,9,-1,3,0,1,-1,-1,0,0,2,-1,6,1,-1,-1,1797,8,7,3,1,3
2017010029285,2,9,-1,-1,-1,-1,-1,-1,-1,-1,-1,-1,6,1,45,7,1995,1,15,2,1,2
2017010029287,1,9,0,18,0,0,0,4,0,0,1,1,6,1,62,9,998,1,1,4,1,4
2017010029287,2,9,0,2,0,0,0,0,0,0,1,1,6,3,-1,-1,1339,1,15,-1,-1,-1
2017010029287,3,9,0,2,0,0,0,0,0,0,1,1,6,3,-1,-1,1198,1,6,-1,-1,-1
2017010029289,1,19,0,9,0,1,0,0,0,0,3,1,1,1,26,6,1598,2,1,1,1,1
2017010029289,2,4,0,13,0,1,5,0,0,0,3,1,6,1,61,9,124,1,1,3,1,3
2017010029292,1,11,0,5,2,0,0,0,0,0,0,1,1,1,43,7,4500,2,2,-1,-1,-1
2017010029294,1,9,0,18,0,8,0,0,0,0,4,1,6,1,57,9,2997,1,18,1,1,1
2017010029294,2,3,0,12,0,8,0,0,0,0,3,1,1,1,30,6,125,1,10,3,1,3
2017010029295,1,1,0,18,0,8,0,0,0,0,3,1,6,1,47,8,-1,-1,-1,8,1,8
2017010029295,2,9,0,18,0,8,0,0,0,0,3,1,6,3,-1,-1,1390,1,8,-1,-1,-1
2017010029296,1,9,0,18,0,5,1,0,0,0,3,1,6,2,23,5,1995,2,9,3,1,3
2017010029296,2,9,0,5,0,8,0,0,0,0,1,1,6,1,53,8,1984,1,1,6,1,6
2017010029297,1,9,0,18,0,1,0,0,0,0,1,1,6,2,43,7,1229,1,10,6,1,6
2017010029298,1,9,0,18,0,8,0,0,0,0,1,1,6,3,-1,-1,-1,-1,-1,-1,-1,-1
2017010029299,1,9,0,18,0,0,0,0,0,0,1,1,6,2,-1,-1,1198,1,13,6,1,6
2017010029299,2,1,0,18,0,0,0,0,0,0,1,1,6,1,41,7,-1,-1,-1,5,1,5
2017010029301,1,9,0,5,0,1,0,0,0,0,1,1,3,1,56,9,1493,1,17,4,1,4
2017010029304,1,19,0,4,0,0,0,0,0,0,1,1,1,1,32,6,2143,2,4,-1,-1,-1
2017010029304,2,9,0,3,0,0,0,0,0,0,2,1,6,2,27,6,1242,1,9,4,1,4
2017010029305,1,1,0,18,4,0,5,7,0,0,0,1,6,1,47,8,-1,-1,-1,9,1,9
2017010029306,1,1,0,18,9,0,0,0,0,0,3,1,6,1,15,3,-1,-1,-1,5,1,5
2017010029307,1,8,0,9,0,8,0,0,0,0,1,1,1,1,60,9,2499,2,4,5,1,5
2017010029307,2,1,0,18,4,8,0,0,0,0,1,1,6,2,34,6,-1,-1,-1,2,1,2
2017010029308,1,9,0,7,5,1,0,0,1,0,1,1,6,1,17,4,1900,2,12,2,1,2
2017010029308,2,1,0,18,5,1,0,0,0,0,1,1,2,1,35,6,-1,-1,-1,3,1,3
2017010029309,1,3,0,4,0,1,0,0,0,0,2,1,1,1,36,7,124,1,1,2,1,2
2017010029309,2,9,0,5,0,1,0,0,0,0,1,1,2,1,25,5,2143,2,1,1,1,1
2017010029309,3,9,0,18,0,8,0,0,0,0,0,1,6,1,51,8,2993,2,7,2,1,2
2017010029310,1,8,0,5,0,2,0,0,0,0,3,1,1,1,36,7,2143,2,3,4,1,4
2017010029311,1,9,0,9,0,1,0,0,0,0,1,1,6,1,46,8,1798,8,2,7,1,7
2017010029311,2,5,0,4,2,1,0,0,0,0,1,1,1,1,30,6,745,1,1,7,1,7
2017010029312,1,9,0,9,0,1,0,0,0,0,1,2,6,1,50,8,2143,2,6,9,1,9
2017010029313,1,8,0,9,0,5,0,0,0,0,4,1,1,1,35,6,1797,8,5,4,1,4
2017010029313,2,5,0,18,0,8,0,0,0,0,1,1,2,1,27,6,1170,1,1,10,2,10
2017010029314,1,11,0,5,0,8,0,10,0,0,1,1,1,1,50,8,6700,2,7,6,1,6
2017010029315,1,19,0,9,0,1,0,0,0,0,0,1,2,1,38,7,2143,2,1,1,1,1
2017010029315,2,3,0,18,2,1,1,0,0,0,0,1,6,1,48,8,125,1,1,2,1,2
2017010029316,1,11,0,7,0,2,0,0,1,7,1,1,1,1,49,8,4500,2,9,-1,-1,-1
2017010029316,2,9,0,18,0,2,0,0,0,0,2,1,6,2,52,8,1242,1,12,-1,-1,-1
2017010029316,3,9,0,18,0,2,0,0,0,0,2,1,6,1,26,6,1956,2,6,3,1,3