Accident_Index,Vehicle_Reference,Vehicle_Type,Towing_and_Articulation,Vehicle_Manoeuvre,Vehicle_Location-Restricted_Lane,Junction_Location,Skidding_and_Overturning,Hit_Object_in_Carriageway,Vehicle_Leaving_Carriageway,Hit_Object_off_Carriageway,1st_Point_of_Impact,Was_Vehicle_Left_Hand_Drive?,Journey_Purpose_of_Driver,Sex_of_Driver,Age_of_Driver,Age_Band_of_Driver,Engine_Capacity_(CC),Propulsion_Code,Age_of_Vehicle,Driver_IMD_Decile,Driver_Home_Area_Type,Vehicle_IMD_Decile
2017010029317,1,9,0,18,0,1,0,0,1,10,1,1,6,2,26,6,1461,2,7,9,1,9
2017010029317,2,9,0,18,0,1,0,0,7,10,1,1,6,2,43,7,1398,1,7,-1,-1,-1
2017010029318,1,3,0,13,0,1,0,0,0,0,4,1,6,1,35,6,124,1,15,2,1,2
2017010029318,2,19,0,9,0,1,0,0,0,0,2,1,6,1,55,8,-1,-1,-1,10,3,10
2017010029319,1,9,0,5,0,1,0,0,0,0,1,1,6,2,43,7,1386,1,11,2,1,2
2017010029319,2,9,0,3,0,1,0,0,0,0,1,1,2,1,27,6,998,1,3,5,1,5
2017010029319,3,9,0,5,0,1,0,0,0,0,2,2,2,1,62,9,2698,2,10,2,1,2
2017010029320,1,4,0,9,9,6,0,0,0,0,1,1,1,1,17,4,125,1,1,3,1,3
2017010029320,2,9,0,9,0,2,0,0,0,0,1,1,6,1,20,4,-1,-1,-1,6,1,6
2017010029321,1,9,0,4,0,6,0,4,0,0,1,1,6,1,19,4,1248,1,6,10,1,10
2017010029321,2,9,0,3,0,6,0,4,0,0,2,1,6,1,69,10,1997,2,6,10,1,10
2017010029321,3,9,0,3,0,6,0,0,0,0,2,1,6,1,36,7,1781,1,14,8,1,8
2017010029322,1,3,0,18,0,1,0,4,0,0,4,1,6,1,30,6,125,1,1,6,1,6
2017010029322,2,19,0,10,0,1,0,0,0,0,1,1,6,1,33,6,2143,2,5,7,1,7
2017010029322,3,9,0,10,0,1,0,0,0,0,1,1,6,2,38,7,1598,1,10,4,1,4
2017010029323,1,9,0,9,0,1,0,0,0,0,1,1,6,1,22,5,2143,2,3,3,1,3
2017010029323,2,3,0,18,0,1,1,0,0,0,4,1,1,1,21,5,124,1,10,2,1,2
2017010029324,1,9,0,14,0,1,0,0,0,0,4,1,6,2,20,4,1398,1,2,3,1,3
2017010029325,1,1,0,9,0,1,0,0,0,0,-1,1,6,3,-1,-1,-1,-1,-1,-1,-1,-1
2017010029326,1,9,0,18,0,0,0,0,0,0,1,1,6,1,27,6,1399,2,12,-1,-1,-1
2017010029326,2,9,0,1,0,0,0,0,0,0,2,1,6,3,-1,-1,-1,-1,-1,-1,-1,-1
2017010029328,1,9,0,9,0,7,0,0,0,0,2,1,6,2,44,7,1600,1,13,2,1,2
2017010029328,2,3,0,18,0,8,0,0,0,0,1,1,6,1,21,5,125,1,1,4,1,4
2017010029329,1,9,0,18,0,8,0,0,0,0,3,1,6,1,51,8,1299,1,16,6,1,6
2017010029329,2,9,0,9,0,8,0,0,0,0,1,1,6,1,47,8,1324,1,17,1,1,1
2017010029330,1,9,0,3,0,0,0,0,0,0,2,1,2,2,64,9,998,1,15,7,1,7
2017010029330,2,9,0,3,0,0,0,0,0,0,2,1,6,2,66,10,1299,1,14,4,1,4
2017010029330,3,9,0,3,0,0,0,0,0,0,2,1,6,2,59,9,996,1,8,7,3,7
2017010029330,4,9,0,18,0,0,0,0,0,0,1,1,2,1,35,6,2204,2,7,2,1,2
2017010029331,1,19,0,18,0,1,0,0,0,0,2,1,1,1,24,5,1499,2,-1,4,1,4
2017010029331,2,3,0,15,0,1,5,0,0,0,1,1,6,1,27,6,-1,-1,-1,-1,-1,-1
2017010029334,1,9,0,9,0,1,0,0,0,0,4,1,6,2,42,7,1598,1,13,5,1,5
2017010029334,2,1,0,18,0,1,5,0,0,0,1,1,2,2,49,8,-1,-1,-1,6,3,6
2017010029335,1,9,0,4,0,1,0,0,0,0,1,1,1,1,40,7,1560,2,6,3,1,3
2017010029336,1,8,0,9,0,2,0,0,0,0,-1,1,1,1,-1,-1,2776,2,1,-1,-1,-1
2017010029337,1,9,0,18,0,1,0,0,0,0,2,2,6,1,19,4,-1,-1,-1,3,1,3
2017010029337,2,9,0,18,0,1,0,0,0,0,1,1,6,1,26,6,1995,1,16,3,1,3
2017010029339,1,9,0,6,0,5,0,0,0,0,1,1,6,2,53,8,1991,1,1,9,1,9
2017010029339,2,3,0,14,0,5,0,0,0,0,1,1,6,1,32,6,125,1,3,5,1,5
2017010029340,1,9,0,14,0,1,0,0,0,0,4,1,6,1,21,5,2993,2,10,7,1,7
2017010029340,2,9,0,5,0,1,0,0,0,0,1,1,6,2,22,5,2000,1,18,3,1,3
2017010029341,1,9,0,18,0,1,0,0,0,0,1,1,6,2,27,6,1395,1,2,4,1,4
2017010029341,2,19,0,18,0,1,0,0,0,0,2,1,2,1,25,5,2198,2,4,6,2,6
2017010029341,3,9,0,9,0,1,0,0,0,0,2,1,6,2,38,7,1968,2,1,4,1,4
2017010029342,1,9,0,18,0,1,0,0,0,0,1,1,6,1,37,7,1390,1,10,3,1,3
2017010029342,2,9,0,9,0,6,0,0,0,0,1,1,6,3,-1,-1,-1,-1,-1,-1,-1,-1
2017010029345,1,9,0,9,0,0,0,0,0,0,1,1,1,1,32,6,1360,1,9,3,1,3
2017010029345,2,9,0,14,0,0,0,0,0,0,1,1,6,1,37,7,2191,2,4,1,1,1
2017010029346,1,3,0,18,0,1,0,0,0,0,1,1,2,1,21,5,108,1,5,6,1,6
2017010029346,2,9,0,6,0,1,0,0,0,0,3,1,6,1,62,9,2362,7,15,5,1,5
2017010029349,1,8,0,9,0,8,1,0,0,0,3,1,1,1,40,7,1598,2,1,2,1,2
2017010029349,2,11,0,18,0,8,0,0,0,0,1,1,1,1,44,7,8268,2,13,1,1,1
2017010029355,1,11,0,18,0,2,0,7,0,0,1,1,1,1,48,8,4461,2,3,3,1,3
2017010029365,1,9,0,18,0,0,0,4,0,0,1,1,2,2,38,7,1198,1,14,5,1,5
2017010029365,2,9,0,2,0,0,0,0,0,0,2,1,6,3,-1,-1,-1,-1,-1,-1,-1,-1
2017010029422,1,9,-1,-1,-1,0,-1,-1,-1,0,-1,-1,6,1,-1,-1,2143,2,5,-1,-1,-1
2017010029423,1,1,0,18,0,1,0,0,0,0,1,1,6,2,42,7,-1,-1,-1,7,1,7
2017010029423,2,8,0,3,0,1,0,0,0,0,4,-1,1,1,-1,-1,2499,2,6,-1,-1,-1
2017010029434,1,5,0,18,0,8,0,0,0,0,1,1,6,1,30,6,645,1,10,1,1,1
2017010029434,2,9,0,3,0,2,0,0,0,0,1,1,6,2,54,8,-1,-1,-1,7,1,7
2017010029446,1,9,0,3,0,1,0,0,0,0,2,1,6,1,55,8,2720,2,11,9,1,9
2017010029446,2,9,0,4,0,1,0,4,0,0,1,1,6,2,41,7,2688,2,14,7,1,7
2017010029446,3,9,0,4,0,1,0,0,0,0,1,1,6,1,55,8,-1,-1,-1,9,1,9
2017010029462,1,9,0,2,0,2,0,0,0,0,0,1,6,3,-1,-1,1968,2,5,-1,-1,-1
2017010029462,2,3,0,18,0,2,0,4,0,0,1,1,6,1,17,4,125,1,3,-1,-1,-1
2017010029463,1,4,0,14,0,1,2,0,0,0,1,1,6,1,34,6,124,1,2,6,1,6
2017010029466,1,9,0,18,0,1,0,0,0,0,1,1,6,2,50,8,-1,-1,-1,2,1,2
2017010029466,2,11,0,7,0,1,0,0,0,0,1,1,1,1,32,6,4500,2,6,1,1,1
2017010029467,1,11,0,18,0,8,0,0,0,0,1,1,1,1,55,8,4461,2,4,3,1,3
2017010029467,2,9,0,9,0,8,0,0,0,0,4,1,6,2,34,6,-1,-1,-1,10,1,10
2017010029468,1,9,0,9,0,6,0,0,0,0,4,1,6,2,45,7,1399,2,9,2,1,2
2017010029468,2,3,0,13,0,8,0,0,0,0,1,1,6,3,-1,-1,100,1,15,-1,-1,-1
2017010029469,1,2,0,5,0,6,0,0,0,0,1,1,6,1,54,8,124,1,6,6,1,6
2017010029470,1,9,0,9,0,8,0,0,0,0,1,1,6,1,21,5,1299,1,14,2,1,2
2017010029470,2,1,0,18,0,1,5,0,0,0,1,1,6,1,19,4,-1,-1,-1,10,1,10
2017010029471,1,9,0,18,0,4,0,0,0,0,3,1,2,1,55,8,1998,1,15,2,1,2
2017010029471,2,4,0,18,0,4,0,0,0,0,1,1,6,1,27,6,124,1,4,4,1,4
2017010029475,1,5,0,18,0,2,0,10,7,0,1,1,2,1,33,6,599,1,15,5,1,5
2017010029475,2,9,0,2,9,1,0,0,0,0,1,1,6,3,-1,-1,998,1,15,-1,-1,-1
2017010029477,1,19,0,9,0,8,0,0,0,0,4,1,1,1,41,7,2402,2,10,4,1,4
2017010029478,1,9,0,7,0,4,1,9,0,0,1,1,6,2,35,6,1995,2,14,6,1,6
2017010029479,1,3,0,18,2,8,1,0,0,0,0,1,2,2,54,8,125,1,2,4,1,4
2017010029483,1,9,0,9,0,6,0,0,0,0,1,1,6,1,67,10,2149,2,10,4,1,4
2017010029485,1,1,0,18,0,2,0,0,0,0,1,1,6,2,-1,-1,-1,-1,-1,-1,-1,-1
2017010029487,1,19,0,6,0,0,0,0,0,0,3,1,6,1,50,8,-1,-1,-1,-1,1,-1
2017010029487,2,5,0,14,0,0,5,0,0,0,1,1,6,1,19,4,599,1,12,6,1,6
2017010029488,1,9,0,4,0,8,0,0,0,0,2,1,6,1,42,7,1242,1,11,5,1,5
2017010029488,2,9,0,18,0,1,0,0,0,0,1,1,6,1,48,8,1390,1,17,10,1,10
2017010029490,1,11,0,4,0,0,0,0,0,0,1,1,1,1,35,6,4500,2,1,7,1,7
2017010029491,1,8,0,8,0,6,0,0,0,0,1,1,1,1,34,6,1995,2,4,5,1,5
2017010029491,2,9,0,7,0,5,0,0,1,0,1,1,6,3,-1,-1,999,1,1,-1,-1,-1
2017010029492,1,9,0,15,2,1,0,0,0,0,1,1,6,1,28,6,1984,1,6,7,1,7
2017010029493,1,9,0,9,0,6,0,0,0,0,1,1,6,1,42,7,2143,2,1,8,1,8
2017010029493,2,11,0,18,0,1,0,0,0,0,0,1,1,1,62,9,5132,2,3,8,1,8
2017010029493,3,9,0,14,0,1,2,0,0,0,4,1,6,2,25,5,1242,1,5,4,1,4
2017010029494,1,8,0,6,0,0,0,0,0,0,4,1,1,1,52,8,1968,2,2,6,1,6
2017010029494,2,5,0,18,0,0,2,0,0,0,3,1,6,1,38,7,998,1,10,7,1,7
2017010029495,1,9,0,18,0,8,1,0,0,0,3,1,2,1,37,7,1598,1,5,5,1,5
2017010029495,2,11,0,3,0,2,0,0,0,0,3,1,1,1,45,7,9360,2,8,-1,-1,-1
2017010029497,1,9,0,18,0,0,0,0,0,0,1,1,6,1,23,5,4395,1,4,7,1,7
2017010029500,1,9,0,4,0,1,0,11,0,0,1,1,6,1,55,8,1299,1,13,2,1,2
2017010029501,1,9,0,18,0,5,0,0,0,0,2,1,6,3,-1,-1,1598,1,10,-1,-1,-1
2017010029503,1,11,0,4,0,1,0,0,0,0,0,1,1,1,49,8,6700,2,5,8,1,8
2017010029503,2,9,0,6,0,1,0,0,0,0,0,1,6,3,-1,-1,1995,2,4,-1,-1,-1
2017010029504,1,3,0,18,0,1,0,0,0,0,1,1,6,1,30,6,102,1,13,3,1,3
2017010029505,1,8,0,9,0,2,0,0,0,0,2,1,1,1,65,9,2402,2,14,7,1,7
2017010029505,2,3,0,18,0,2,0,0,0,0,3,1,1,1,46,8,125,1,4,2,1,2
2017010029506,1,8,0,5,0,8,0,0,0,0,1,1,1,1,38,7,1798,8,2,2,1,2
2017010029506,2,9,0,5,0,1,0,0,0,0,2,1,6,1,35,6,1968,2,9,8,1,8
2017010029507,1,9,0,9,0,6,0,0,0,0,1,1,6,1,31,6,-1,-1,-1,3,1,3
2017010029507,2,3,0,18,0,6,0,0,0,0,1,1,6,1,19,4,108,1,3,1,1,1
2017010029508,1,9,0,9,0,8,0,0,0,0,1,1,6,1,28,6,1997,2,14,1,1,1
2017010029508,2,4,0,18,0,8,0,0,0,0,1,1,1,1,43,7,125,1,9,2,1,2
2017010029510,1,9,0,10,0,1,0,0,0,0,2,1,6,2,44,7,1998,1,9,3,1,3
2017010029510,2,9,0,18,0,1,0,0,0,0,2,1,6,2,25,5,1360,1,11,6,1,6
2017010029510,3,9,0,18,0,1,0,0,0,0,1,1,6,2,45,7,1975,1,12,2,1,2
2017010029511,1,9,0,18,0,0,0,4,0,0,1,1,6,2,23,5,1248,1,1,-1,-1,-1
2017010029511,2,9,0,18,0,0,0,11,0,0,4,1,1,1,35,6,-1,-1,-1,-1,-1,-1
2017010029511,3,9,0,2,0,0,0,10,0,0,2,1,6,3,-1,-1,-1,-1,-1,-1,-1,-1
2017010029514,1,9,0,18,0,6,5,4,0,0,1,2,6,1,17,4,1598,2,5,7,1,7
2017010029514,2,9,0,2,0,2,0,4,0,0,1,2,6,3,-1,-1,1968,2,1,-1,-1,-1
2017010029515,1,9,0,9,0,1,0,0,0,0,3,1,6,2,43,7,1896,2,12,7,1,7
2017010029515,2,3,0,14,0,1,0,0,0,0,4,1,6,2,31,6,125,1,1,7,1,7
2017010029516,1,8,0,18,0,-1,0,4,0,0,4,1,1,1,-1,-1,1582,2,8,4,1,4
2017010029518,1,9,0,3,0,1,0,0,0,0,2,1,6,1,50,8,1229,1,6,7,1,7
2017010029518,2,90,4,7,0,6,0,0,0,0,3,1,1,1,38,7,-1,-1,-1,8,2,8
2017010029519,1,9,0,4,0,1,0,0,0,0,2,1,6,2,28,6,1390,1,3,7,1,7
2017010029519,2,9,0,4,0,1,0,0,0,0,1,1,6,1,22,5,1390,1,6,10,1,10
2017010029519,3,9,0,3,0,1,0,0,0,0,1,1,6,1,34,6,3226,2,16,4,1,4
2017010029521,1,9,0,6,0,0,0,0,0,0,3,1,6,1,66,10,1797,8,2,10,1,10
2017010029521,2,5,0,13,0,0,0,0,0,0,3,1,6,1,38,7,948,1,-1,4,1,4
2017010029522,1,9,0,18,0,1,0,4,0,0,4,1,6,1,24,5,1560,2,7,6,1,6
2017010029522,2,9,0,2,0,1,0,4,0,0,4,1,6,3,-1,-1,6208,1,3,-1,-1,-1
2017010029523,1,2,0,14,0,1,0,0,0,0,1,1,2,1,24,5,49,1,4,3,1,3
2017010029523,2,9,0,9,0,1,0,0,0,0,3,1,6,1,38,7,1896,2,12,7,1,7
2017010029524,1,9,0,18,0,8,0,0,0,0,1,1,6,3,-1,-1,1598,2,4,-1,-1,-1
2017010029524,2,9,0,3,0,1,0,0,0,0,2,1,6,1,20,4,1598,1,10,4,1,4
2017010029524,3,9,0,3,0,1,0,0,0,0,2,1,6,1,48,8,4134,2,3,6,1,6
2017010029525,1,9,0,18,0,1,5,10,0,0,1,1,6,1,41,7,1753,2,12,2,1,2
2017010029525,2,9,0,5,0,1,0,0,0,0,0,1,2,1,41,7,1598,2,2,4,2,4
2017010029526,1,9,0,17,0,1,0,0,0,0,1,1,6,2,55,8,1299,1,13,2,1,2
2017010029528,1,9,0,16,0,2,0,0,0,0,1,2,6,1,58,9,1497,1,13,-1,-1,-1
2017010029528,2,3,0,16,0,2,0,0,0,0,1,1,1,1,22,5,125,1,11,-1,-1,-1
2017010029530,1,9,0,4,0,1,0,0,0,0,2,1,6,1,21,5,1560,2,12,2,1,2
2017010029530,2,9,0,4,0,1,0,0,0,0,2,1,6,2,27,6,1339,1,9,3,1,3
2017010029530,3,9,0,18,0,1,0,0,0,0,1,1,6,1,32,6,1896,2,9,3,1,3
2017010029533,1,9,0,18,0,0,0,0,0,0,4,1,6,1,48,8,1997,2,13,2,1,2
2017010029533,2,9,0,3,0,0,0,0,0,0,3,1,6,1,25,5,1299,1,12,2,1,2
2017010029534,1,8,0,9,0,8,0,0,0,0,3,1,1,1,48,8,2143,2,5,4,1,4
2017010029534,2,1,0,9,0,8,0,0,0,0,3,1,6,2,26,6,-1,-1,-1,2,1,2
2017010029535,1,3,0,18,0,1,0,0,0,0,1,1,6,1,24,5,125,1,8,4,1,4
2017010029535,2,9,0,9,0,1,0,0,0,0,4,1,6,1,40,7,1229,1,6,8,1,8
2017010029536,1,9,0,18,0,1,0,0,0,0,1,2,6,1,20,4,-1,-1,-1,-1,-1,-1
2017010029537,1,11,0,18,0,1,0,0,0,0,1,1,6,3,-1,-1,-1,-1,-1,-1,-1,-1
2017010029541,1,9,0,5,0,1,0,0,1,0,4,1,6,1,30,6,-1,-1,-1,-1,-1,-1
2017010029543,1,9,0,4,0,1,0,0,0,0,2,1,6,2,30,6,1598,1,11,7,1,7
2017010029543,2,9,0,18,0,8,0,0,0,0,1,1,6,1,40,7,1998,2,9,3,1,3
2017010029544,1,3,0,18,0,6,0,0,0,0,1,1,1,1,25,5,125,1,11,4,1,4
2017010029545,1,9,0,5,0,3,0,0,0,0,1,1,6,2,26,6,1229,1,6,4,1,4
2017010029545,2,9,3,18,0,8,0,0,0,0,4,1,6,1,44,7,1988,1,15,6,1,6
2017010029547,1,9,0,18,0,0,0,7,0,0,3,1,6,2,37,7,1984,1,6,2,1,2
2017010029549,1,9,0,18,0,0,0,4,0,0,3,1,6,3,-1,-1,-1,-1,-1,-1,-1,-1
2017010029549,2,9,0,2,0,0,0,0,0,0,3,1,6,3,-1,-1,1197,1,1,-1,-1,-1
2017010029551,1,9,0,18,0,0,0,0,0,0,1,1,6,1,19,4,1781,1,25,2,1,2
2017010029552,1,9,0,14,0,8,0,0,0,0,3,2,6,1,31,6,-1,-1,-1,4,1,4
2017010029552,2,4,0,13,0,8,0,0,0,0,4,1,1,1,34,6,125,1,6,6,1,6
2017010029553,1,9,0,5,0,6,0,0,0,0,1,1,6,1,24,5,1997,2,14,6,1,6
2017010029553,2,9,0,18,0,1,0,0,0,0,1,1,6,1,20,4,1461,2,1,7,1,7
2017010029554,1,9,0,18,0,1,0,0,0,0,3,1,6,1,28,6,1248,1,5,6,1,6
2017010029554,2,9,0,9,0,1,0,0,0,0,1,1,6,1,32,6,1796,1,16,-1,-1,-1
2017010029554,3,9,0,18,0,1,0,0,0,0,3,1,6,2,40,7,1242,1,4,3,1,3
2017010029555,1,9,0,9,0,8,0,0,0,0,1,1,6,2,30,6,1995,2,6,4,1,4
2017010029555,2,9,0,18,0,8,0,0,0,0,1,1,6,1,46,8,3936,2,12,4,1,4
2017010029556,1,9,0,18,0,2,0,10,3,10,1,1,1,1,38,7,1797,8,7,9,1,9
2017010029557,1,9,0,18,0,1,0,0,0,0,4,1,6,1,28,6,1995,2,1,1,1,1
2017010029557,2,9,0,9,0,1,0,0,0,0,1,1,6,2,34,6,998,1,-1,-1,-1,-1
2017010029558,1,9,0,5,0,0,0,0,0,0,0,1,6,3,-1,-1,1339,8,6,-1,-1,-1
2017010029567,1,9,0,18,0,1,0,0,0,0,3,1,1,2,35,6,-1,-1,-1,3,1,3
2017010029567,2,9,0,18,0,1,0,0,0,0,4,1,6,2,30,6,1686,2,15,10,1,10
2017010029585,1,9,0,2,0,2,0,0,0,0,1,1,6,3,-1,-1,-1,-1,-1,-1,-1,-1
2017010029585,2,9,0,2,0,2,0,0,0,0,2,1,6,3,-1,-1,1582,2,4,-1,-1,-1
2017010029585,3,9,0,18,0,2,0,4,1,0,3,1,6,1,-1,-1,2967,2,2,7,1,7
2017010029585,4,9,0,3,0,1,0,0,0,0,4,1,6,1,28,6,2494,1,13,3,1,3
2017010029609,1,9,0,9,0,8,0,0,0,0,3,1,3,2,43,7,1998,1,11,8,1,8
2017010029609,2,4,0,13,0,8,1,0,1,0,1,1,6,1,23,5,125,1,3,7,3,7
2017010029614,1,90,0,13,0,0,0,0,0,0,1,1,1,1,47,8,2143,2,8,6,1,6
2017010029614,2,9,0,13,0,0,0,0,0,0,2,1,1,2,36,7,1598,1,4,10,1,10
2017010029619,1,9,0,14,0,2,0,0,0,0,4,1,6,2,60,9,1997,8,1,9,1,9
2017010029619,2,9,0,14,0,2,0,0,0,0,1,1,6,2,64,9,1598,1,13,8,1,8
2017010029620,1,9,0,18,9,0,0,0,0,0,1,1,6,2,66,10,1242,1,8,3,1,3
2017010029620,2,1,0,18,9,0,1,0,0,0,1,1,6,1,18,4,-1,-1,-1,3,1,3
2017010029621,1,9,0,18,0,0,0,0,0,0,1,1,2,1,19,4,1596,1,22,2,1,2
2017010029621,2,9,0,2,0,0,0,0,0,0,1,1,6,3,-1,-1,1497,8,9,-1,-1,-1
2017010029623,1,9,0,18,0,1,0,0,0,0,0,1,6,1,31,6,2231,2,12,2,1,2
2017010029623,2,9,0,18,0,1,0,0,0,0,1,1,6,1,42,7,1598,1,10,6,1,6
2017010029623,3,9,0,18,0,1,0,0,0,0,1,1,6,1,40,7,1598,1,6,6,1,6
2017010029623,4,9,0,18,0,1,0,0,0,0,1,1,6,1,38,7,1598,1,13,6,1,6
2017010029624,1,8,0,18,0,1,0,0,0,0,2,1,1,1,39,7,1997,2,6,1,1,1
2017010029624,2,9,0,18,0,7,0,0,0,0,1,1,6,2,56,9,1598,1,6,4,1,4
2017010029625,1,9,0,18,0,6,0,0,0,0,3,1,6,2,39,7,1781,1,15,3,1,3
2017010029626,1,3,0,13,0,1,5,0,0,0,1,1,6,1,48,8,124,1,2,2,1,2
2017010029626,2,9,0,9,0,1,0,0,0,0,3,1,6,1,53,8,2204,2,9,4,1,4
2017010029627,1,9,0,3,0,1,0,0,0,0,2,1,6,1,33,6,-1,-1,-1,5,1,5
2017010029627,2,9,0,4,0,1,0,0,0,0,1,2,6,2,29,6,1560,2,8,3,1,3
2017010029629,1,9,0,9,0,2,0,0,0,0,3,1,6,1,74,10,1598,1,28,6,1,6
2017010029631,1,5,0,9,0,1,0,0,0,0,1,1,6,1,43,7,1050,1,7,6,1,6
2017010029631,2,8,0,17,0,1,0,0,0,0,4,1,1,1,37,7,1997,2,5,6,1,6
2017010029632,1,9,0,4,6,0,0,0,0,0,1,1,6,2,36,7,1797,8,7,6,1,6
2017010029632,2,9,0,2,6,0,0,0,0,0,0,1,6,3,-1,-1,1598,2,2,-1,-1,-1
2017010029633,1,9,0,2,0,0,0,0,0,0,0,1,6,3,-1,-1,1997,2,7,-1,-1,-1
2017010029633,2,1,0,18,0,0,0,0,0,0,1,1,6,2,23,5,-1,-1,-1,9,1,9
2017010029634,1,3,0,9,0,0,0,0,0,0,1,1,6,1,22,5,-1,-1,-1,8,1,8
2017010029634,2,9,0,9,0,0,0,0,0,0,1,1,2,1,24,5,1998,1,3,4,1,4
2017010029634,3,9,0,7,0,0,0,0,0,0,2,1,6,1,53,8,1560,2,2,5,1,5
2017010029635,1,9,0,18,0,8,0,0,0,0,1,1,6,3,-1,-1,-1,-1,-1,-1,-1,-1
2017010029636,1,11,0,18,0,1,0,0,0,0,1,1,1,1,41,7,6700,2,9,5,1,5
2017010029636,2,19,0,7,0,6,0,0,0,0,1,1,6,1,23,5,2143,2,4,4,1,4
2017010029636,3,9,0,9,0,6,0,10,0,0,1,1,6,1,35,6,1560,2,6,7,3,7
2017010029637,1,11,0,5,0,1,0,0,0,0,0,1,1,1,48,8,9360,2,7,5,1,5
2017010029638,1,9,0,16,0,1,0,0,7,0,2,1,6,1,55,8,1968,2,11,4,1,4
2017010029638,2,19,0,4,0,1,1,0,1,0,1,1,1,1,45,7,2143,2,4,10,1,10
2017010029639,1,9,0,7,0,1,0,0,0,0,0,1,6,3,-1,-1,-1,-1,-1,-1,-1,-1
2017010029639,2,11,0,18,0,1,0,0,0,0,0,1,1,1,34,6,6700,2,8,3,1,3
2017010029640,1,9,0,7,9,8,0,10,1,0,1,1,6,3,-1,-1,-1,-1,-1,-1,-1,-1
2017010029641,1,9,0,3,0,1,0,0,0,0,2,1,6,1,66,10,1968,2,2,1,1,1
2017010029641,2,19,0,18,0,1,0,0,0,0,1,1,6,1,50,8,1598,2,2,4,1,4
2017010029642,1,9,0,18,0,8,0,0,0,0,3,1,6,1,66,10,2143,2,5,4,1,4
2017010029642,2,9,0,9,0,8,0,0,0,0,1,1,6,1,43,7,2793,1,19,4,1,4
2017010029643,1,9,0,18,0,0,5,4,0,0,1,1,6,2,24,5,1598,1,7,5,1,5
2017010029643,2,9,0,2,9,0,0,4,0,0,4,1,6,3,-1,-1,1398,1,6,-1,-1,-1
2017010029643,3,9,0,2,9,0,0,11,0,0,2,1,6,3,-1,-1,1800,1,18,-1,-1,-1
2017010029644,1,11,0,18,0,0,0,0,0,0,1,1,1,1,55,8,4500,2,5,6,1,6
2017010029645,1,11,0,4,0,2,0,0,0,0,0,1,1,1,44,7,4500,2,3,2,1,2
2017010029646,1,11,0,16,0,2,0,0,0,0,4,1,1,1,61,9,9360,2,6,2,1,2
2017010029647,1,9,0,18,0,0,0,0,0,0,4,1,6,2,36,7,1995,2,7,9,1,9
2017010029648,1,9,0,7,0,5,0,11,0,0,1,1,6,1,24,5,2987,2,4,2,1,2
2017010029648,2,1,0,7,0,1,1,0,0,0,2,1,6,2,26,6,-1,-1,-1,7,1,7
2017010029649,1,8,0,18,0,2,0,0,0,0,2,1,1,1,50,8,647,8,1,2,1,2
2017010029649,2,9,0,18,0,2,0,0,0,0,1,1,6,1,27,6,1796,1,14,1,1,1
2017010029650,1,9,0,9,0,8,0,0,0,0,4,1,6,1,31,6,1364,1,11,1,1,1
2017010029651,1,9,0,5,0,2,0,0,0,0,1,1,6,1,43,7,1598,1,9,2,1,2
2017010029651,2,5,0,15,0,2,0,0,0,0,1,1,6,1,32,6,998,1,14,7,1,7
2017010029652,1,9,0,9,0,6,0,0,0,0,3,1,6,1,20,4,1198,1,3,9,1,9
2017010029652,2,5,0,18,0,8,0,0,0,0,1,1,6,1,37,7,998,1,3,4,1,4
2017010029655,1,9,0,9,0,6,0,0,0,0,2,2,6,1,21,5,-1,-1,-1,-1,-1,-1
2017010029655,2,9,0,9,0,6,0,0,0,0,1,1,6,2,86,11,1240,1,12,5,1,5
2017010029656,1,4,0,18,0,8,0,0,0,0,1,1,6,1,50,8,124,1,13,2,1,2
2017010029656,2,9,0,9,0,8,0,0,0,0,3,1,6,3,-1,-1,-1,-1,-1,-1,-1,-1
2017010029657,1,9,0,7,0,8,0,0,0,0,1,1,6,1,25,5,2993,2,8,2,1,2
2017010029657,2,5,0,7,0,8,0,0,0,0,2,1,6,1,38,7,1340,1,26,9,1,9
2017010029658,1,9,0,18,0,1,0,0,0,0,1,1,6,2,33,6,1796,1,14,2,1,2
2017010029658,2,9,0,18,0,1,0,0,0,0,2,1,6,2,30,6,1229,1,6,2,1,2
2017010029660,1,9,0,3,0,8,0,0,0,0,2,1,6,2,54,8,1497,8,13,4,1,4
2017010029660,2,9,0,4,0,8,0,0,0,0,1,1,6,1,27,6,1968,2,5,3,1,3
2017010029663,1,9,0,9,0,0,0,0,0,0,3,1,6,1,38,7,1598,1,14,2,1,2
2017010029663,2,5,0,14,0,0,5,0,0,0,1,1,6,1,34,6,599,1,12,2,1,2
2017010029663,3,5,0,18,0,0,0,0,0,0,1,1,6,1,-1,-1,999,1,7,3,1,3
2017010029667,1,9,0,18,0,1,0,0,0,0,4,1,6,2,30,6,1229,1,12,5,1,5
2017010029667,2,21,4,18,0,1,0,0,0,0,3,2,1,1,47,8,-1,-1,-1,-1,-1,-1
2017010029668,1,2,0,18,0,1,0,0,0,0,4,1,1,1,20,4,-1,3,2,2,1,2
2017010029668,2,9,0,9,0,8,0,0,0,0,1,1,1,1,35,6,1798,8,4,3,1,3
2017010029669,1,1,0,18,0,8,0,0,0,0,0,1,6,1,54,8,-1,-1,-1,3,1,3
2017010029669,2,9,0,5,0,8,0,0,0,0,0,1,6,3,-1,-1,-1,-1,-1,-1,-1,-1