Accident_Index,Vehicle_Reference,Vehicle_Type,Towing_and_Articulation,Vehicle_Manoeuvre,Vehicle_Location-Restricted_Lane,Junction_Location,Skidding_and_Overturning,Hit_Object_in_Carriageway,Vehicle_Leaving_Carriageway,Hit_Object_off_Carriageway,1st_Point_of_Impact,Was_Vehicle_Left_Hand_Drive?,Journey_Purpose_of_Driver,Sex_of_Driver,Age_of_Driver,Age_Band_of_Driver,Engine_Capacity_(CC),Propulsion_Code,Age_of_Vehicle,Driver_IMD_Decile,Driver_Home_Area_Type,Vehicle_IMD_Decile
2017010029671,1,3,0,18,0,1,1,0,0,0,1,1,6,1,45,7,198,1,12,7,1,7
2017010029671,2,9,0,9,0,1,0,0,0,0,1,1,6,2,31,6,1596,1,6,4,1,4
2017010029673,1,9,0,18,0,0,0,0,0,0,3,1,2,1,50,8,4367,2,-1,9,1,9
2017010029673,2,9,0,18,0,0,0,0,0,0,3,1,6,1,56,9,2179,2,3,3,1,3
2017010029673,3,11,0,18,0,0,0,0,0,0,1,2,1,1,46,8,6700,2,6,3,1,3
2017010029674,1,11,0,18,9,1,0,0,1,0,4,1,6,1,31,6,9360,2,5,1,1,1
2017010029674,2,1,0,3,0,1,0,0,0,0,3,1,6,2,10,2,-1,-1,-1,2,1,2
2017010029676,1,9,0,10,0,8,0,0,0,0,1,1,6,1,54,8,1299,1,13,6,1,6
2017010029677,1,9,0,18,0,0,0,0,0,0,4,1,6,2,73,10,998,1,7,7,1,7
2017010029677,2,9,0,2,0,0,0,0,0,0,4,1,6,3,-1,-1,1560,2,5,-1,-1,-1
2017010029678,1,9,0,9,0,0,0,0,0,0,1,1,6,1,40,7,1995,2,7,3,1,3
2017010029678,2,5,0,18,0,0,5,0,0,0,1,1,6,1,50,8,749,1,1,3,1,3
2017010029680,1,9,0,4,0,1,0,0,0,0,2,1,6,1,18,4,1229,1,2,6,1,6
2017010029680,2,9,0,4,0,1,0,0,0,0,1,1,6,1,38,7,2143,2,4,2,1,2
2017010029681,1,9,0,18,0,8,0,0,0,0,3,1,6,2,21,5,998,1,6,5,1,5
2017010029681,2,9,0,10,0,8,0,0,0,0,4,1,6,1,23,5,1339,1,10,7,1,7
2017010029682,1,9,0,18,0,2,0,0,0,0,2,1,6,1,35,6,1339,8,6,5,1,5
2017010029682,2,1,0,18,0,2,0,0,0,0,1,1,6,1,58,9,-1,-1,-1,3,1,3
2017010029683,1,9,0,18,0,2,0,0,0,0,1,1,6,3,-1,-1,1364,1,2,-1,-1,-1
2017010029686,1,9,0,12,0,0,1,0,4,6,1,1,6,1,20,4,1596,1,16,3,1,3
2017010029687,1,9,0,17,0,8,0,0,0,0,1,1,6,2,51,8,998,1,2,2,1,2
2017010029687,2,9,0,18,0,8,0,0,0,0,2,1,6,3,-1,-1,2987,2,7,-1,-1,-1
2017010029688,1,3,0,5,0,2,0,0,0,0,1,1,6,1,20,4,125,1,7,7,1,7
2017010029688,2,8,0,5,0,2,0,0,0,0,2,1,1,1,54,8,1339,8,7,4,1,4
2017010029689,1,8,0,14,0,1,0,0,0,0,4,1,1,1,26,6,1797,8,3,2,1,2
2017010029690,1,9,0,9,0,6,0,0,0,0,1,1,6,1,48,8,1598,1,11,-1,-1,-1
2017010029691,1,9,0,3,0,8,0,0,0,0,2,1,6,2,25,5,1242,1,7,9,1,9
2017010029691,2,9,0,18,0,8,0,2,1,0,1,1,6,3,-1,-1,1598,1,17,-1,-1,-1
2017010029692,1,8,0,5,0,0,0,0,0,0,4,1,6,2,50,8,1997,1,3,8,1,8
2017010029693,1,1,0,10,0,1,0,0,0,0,2,1,6,1,44,7,-1,-1,-1,4,1,4
2017010029693,2,9,0,18,0,1,0,0,0,0,1,-1,6,2,66,10,999,1,1,2,1,2
2017010029695,1,1,0,7,8,1,5,0,0,0,1,1,1,1,29,6,-1,-1,-1,3,1,3
2017010029728,1,1,-1,18,0,-1,-1,-1,0,0,1,1,6,1,54,8,-1,-1,-1,5,1,5
2017010029728,2,9,-1,-1,0,-1,-1,-1,-1,0,-1,-1,6,1,48,8,1986,2,9,4,1,4
2017010029737,1,9,-1,-1,-1,0,-1,-1,-1,-1,-1,-1,6,2,37,7,1461,2,4,4,1,4
2017010029739,1,1,-1,18,0,-1,-1,-1,-1,-1,-1,1,6,2,35,6,-1,-1,-1,2,1,2
2017010029740,1,9,0,18,0,3,0,0,1,0,1,1,6,1,32,6,-1,3,1,2,1,2
2017010029742,1,9,0,9,0,8,0,0,0,0,2,1,6,1,46,8,1686,2,13,3,1,3
2017010029742,2,9,0,9,0,8,0,0,0,0,1,1,6,2,-1,-1,999,1,2,-1,-1,-1
2017010029745,1,9,-1,3,0,1,0,0,0,0,2,-1,6,2,23,5,1240,1,13,2,1,2
2017010029759,1,9,-1,18,-1,0,-1,-1,-1,-1,4,-1,6,1,23,5,1398,1,6,4,1,4
2017010029759,2,9,-1,-1,-1,0,-1,-1,-1,-1,-1,-1,6,3,-1,-1,1390,1,12,-1,-1,-1
2017010029764,1,3,-1,-1,-1,1,-1,-1,-1,-1,-1,1,6,3,-1,-1,114,1,3,-1,-1,-1
2017010029767,1,9,0,-1,0,-1,0,0,0,0,-1,-1,6,1,43,7,1998,1,10,3,1,3
2017010029768,1,9,0,4,0,8,0,0,0,0,2,-1,6,1,-1,-1,1499,2,2,-1,-1,-1
2017010029768,2,9,0,18,0,8,0,0,0,0,1,-1,6,3,-1,-1,2099,1,14,-1,-1,-1
2017010029775,1,9,-1,-1,-1,0,-1,-1,-1,-1,-1,-1,6,1,33,6,1598,1,21,2,1,2
2017010029777,1,9,0,18,0,1,0,-1,0,0,4,-1,6,1,33,6,1248,2,10,2,1,2
2017010029780,1,19,0,5,0,8,0,0,0,0,4,1,2,1,35,6,2143,2,2,1,1,1
2017010029780,2,1,0,18,0,1,0,0,0,0,1,1,6,1,29,6,-1,-1,-1,3,1,3
2017010029782,1,3,0,18,0,1,0,0,0,0,0,1,6,1,45,7,124,1,10,2,1,2
2017010029784,1,1,0,18,0,1,0,0,0,0,4,1,6,1,39,7,-1,-1,-1,2,1,2
2017010029784,2,9,0,9,0,1,0,0,0,0,1,-1,6,3,-1,-1,-1,-1,-1,-1,-1,-1
2017010029794,1,10,0,18,0,2,0,0,0,0,4,1,1,2,28,6,-1,-1,-1,6,1,6
2017010029799,1,9,0,18,0,0,0,0,0,0,4,1,1,1,45,7,1796,1,9,4,1,4
2017010029806,1,9,0,4,0,1,0,0,0,0,1,1,6,2,38,7,1598,1,9,2,1,2
2017010029806,2,9,0,3,0,1,0,0,0,0,2,1,6,2,54,8,1318,1,1,7,1,7
2017010029808,1,5,0,18,2,1,5,0,0,0,1,1,1,1,33,6,745,1,1,6,2,6
2017010029808,2,8,0,8,4,5,0,0,0,0,4,1,1,1,43,7,1798,8,3,3,1,3
2017010029823,1,9,0,7,0,0,0,0,0,0,4,1,6,2,28,6,1595,1,3,10,1,10
2017010029823,2,9,0,18,0,0,0,0,0,0,3,1,1,2,44,7,1497,8,1,3,1,3
2017010029826,1,9,0,18,0,0,0,0,0,0,2,1,1,1,34,6,1598,2,2,2,1,2
2017010029826,2,4,0,18,0,0,0,0,0,0,1,1,1,1,20,4,-1,-1,-1,4,1,4
2017010029829,1,9,0,5,0,1,0,0,0,0,2,1,6,1,56,9,1240,1,12,10,1,10
2017010029829,2,9,0,5,0,1,0,0,0,0,1,1,6,1,25,5,1461,2,1,9,1,9
2017010029832,1,4,0,14,0,1,0,0,0,0,1,1,6,1,17,4,124,1,1,4,1,4
2017010029832,2,9,0,9,0,8,0,0,0,0,1,1,6,2,34,6,1149,1,14,2,1,2
2017010029835,1,11,0,18,2,2,0,0,1,0,0,1,1,2,51,8,5132,2,-1,3,1,3
2017010029835,2,19,0,7,2,2,0,0,6,0,0,1,6,3,-1,-1,2198,2,1,-1,-1,-1
2017010029838,1,9,0,18,0,1,0,0,0,0,3,1,6,2,69,10,1686,2,3,6,1,6
2017010029842,1,9,0,18,0,8,0,0,0,0,1,1,6,2,63,9,1242,1,17,2,1,2
2017010029842,2,9,0,18,0,6,0,0,0,0,4,1,6,1,31,6,1968,2,3,4,1,4
2017010029844,1,9,0,18,0,0,0,0,0,0,3,1,6,2,28,6,1499,1,1,9,1,9
2017010029846,1,1,-1,18,-1,-1,-1,-1,-1,-1,-1,1,6,2,29,6,-1,-1,-1,1,1,1
2017010029846,2,9,-1,18,-1,-1,-1,-1,-1,-1,-1,-1,6,3,-1,-1,2143,2,3,-1,-1,-1
2017010029855,1,2,0,4,0,1,1,0,0,0,0,1,6,1,52,8,750,1,19,3,1,3
2017010029855,2,9,0,6,0,6,0,0,0,0,0,1,6,1,47,8,998,1,17,9,1,9
2017010029862,1,9,0,18,0,8,0,0,0,0,4,1,6,1,52,8,1997,1,1,4,1,4
2017010029865,1,11,0,4,2,1,0,0,0,0,0,1,1,1,54,8,4500,2,2,3,1,3
2017010029866,1,11,0,7,2,6,0,0,0,0,4,1,1,1,60,9,6700,2,8,2,1,2
2017010029866,2,9,0,7,0,6,0,0,0,0,3,1,6,2,46,8,1999,2,1,9,1,9
2017010029867,1,9,0,1,9,6,0,0,0,0,2,1,1,1,31,6,1997,1,14,2,1,2
2017010029869,1,9,0,4,0,1,0,0,0,0,2,1,6,2,23,5,1598,1,1,1,1,1
2017010029869,2,9,0,18,0,1,0,0,0,0,1,1,6,3,-1,-1,-1,-1,-1,-1,-1,-1
2017010029870,1,9,0,3,0,0,0,0,0,0,2,1,2,1,47,8,1390,1,15,9,1,9
2017010029870,2,2,0,18,0,0,0,0,0,0,1,1,6,1,20,4,124,1,2,7,1,7
2017010029872,1,9,0,5,0,8,0,0,0,0,1,1,6,2,47,8,1796,1,12,2,1,2
2017010029873,1,11,0,5,0,1,0,0,0,0,0,1,1,1,51,8,9360,2,7,2,1,2
2017010029876,1,9,0,11,0,3,0,0,0,0,2,1,6,1,49,8,-1,-1,-1,3,1,3
2017010029876,2,5,0,18,0,8,0,0,0,0,2,1,6,1,39,7,1043,1,2,2,1,2
2017010029877,1,9,0,4,0,0,0,0,0,0,1,1,6,1,57,9,1397,1,14,7,1,7
2017010029877,2,9,0,4,0,0,0,0,0,0,2,1,6,2,33,6,1149,1,14,8,1,8
2017010029879,1,5,0,18,0,1,0,0,0,0,4,1,6,1,45,7,745,1,1,5,1,5
2017010029879,2,9,3,9,0,5,0,0,0,0,1,1,6,2,30,6,998,1,16,-1,-1,-1
2017010029880,1,9,0,1,0,1,0,0,0,0,2,1,6,3,-1,-1,1998,2,10,-1,-1,-1
2017010029881,1,9,0,2,0,0,0,0,0,0,0,1,6,3,-1,-1,-1,-1,-1,-1,-1,-1
2017010029881,2,1,0,4,0,0,0,0,0,0,0,1,2,1,29,6,-1,-1,-1,2,1,2
2017010029882,1,9,0,3,0,0,0,0,0,0,2,1,6,1,29,6,1995,2,6,6,1,6
2017010029882,2,9,0,4,0,0,0,0,0,0,1,1,6,3,-1,-1,-1,-1,-1,-1,-1,-1
2017010029883,1,9,0,18,0,2,0,0,0,0,4,1,6,1,29,6,1995,2,1,3,1,3
2017010029884,1,8,0,9,0,6,0,0,0,0,1,1,1,1,29,6,1798,8,5,2,1,2
2017010029886,1,9,0,18,0,7,0,0,0,0,2,1,2,2,24,5,1461,2,1,6,1,6
2017010029886,2,19,0,18,0,7,0,0,0,0,1,1,1,1,33,6,2198,2,8,7,1,7
2017010029888,1,8,0,9,0,8,0,0,0,0,1,1,1,1,52,8,1995,2,4,3,1,3
2017010029888,2,5,0,18,4,8,0,0,0,0,1,1,6,1,38,7,998,1,10,6,1,6
2017010029889,1,21,1,2,0,0,0,0,0,0,0,1,6,3,-1,-1,16400,2,-1,-1,-1,-1
2017010029889,2,5,0,18,0,0,0,4,0,0,1,1,6,1,59,9,1099,1,10,4,1,4
2017010029891,1,9,0,18,0,0,0,0,0,0,4,1,6,1,24,5,1197,1,2,5,1,5
2017010029893,1,9,0,5,0,0,0,0,0,0,1,1,6,1,48,8,1984,1,13,3,1,3
2017010029893,2,9,0,2,0,0,0,0,0,0,2,1,6,3,-1,-1,1995,2,1,-1,-1,-1
2017010029894,1,19,0,1,9,1,0,0,0,0,1,1,6,1,31,6,2299,2,1,5,1,5
2017010029897,1,9,0,18,0,8,0,0,0,0,4,1,6,2,-1,-1,1461,2,12,10,3,10
2017010029898,1,8,0,9,0,5,0,0,7,0,4,1,6,2,48,8,1798,8,4,5,1,5
2017010029898,2,1,0,18,2,1,0,0,0,0,1,1,2,1,28,6,-1,-1,-1,7,1,7
2017010029900,1,9,0,18,0,0,0,4,0,0,1,1,6,1,28,6,2792,1,20,9,1,9
2017010029900,2,19,0,5,0,0,0,0,0,0,1,1,6,3,-1,-1,-1,-1,-1,-1,-1,-1
2017010029902,1,2,0,18,0,1,0,0,0,0,1,1,1,1,18,4,108,1,2,5,1,5
2017010029902,2,9,0,9,0,5,0,0,0,0,4,1,6,3,-1,-1,-1,-1,-1,-1,-1,-1
2017010029904,1,9,0,9,0,6,0,0,0,0,1,1,6,1,29,6,1598,2,5,9,1,9
2017010029905,1,9,0,9,0,8,0,0,0,0,0,1,6,1,38,7,1390,1,8,3,1,3
2017010029905,2,9,0,18,0,8,0,0,0,0,0,1,6,1,25,5,-1,-1,-1,3,1,3
2017010029906,1,9,0,7,0,2,0,0,0,0,1,1,6,2,38,7,998,1,11,7,1,7
2017010029906,2,9,0,3,0,1,0,0,0,0,1,1,6,1,32,6,2148,2,15,10,1,10
2017010029907,1,9,0,18,0,0,0,0,0,0,4,1,6,1,33,6,1368,1,7,3,1,3
2017010029909,1,9,0,2,0,8,0,0,0,0,1,1,6,3,-1,-1,1390,1,14,-1,-1,-1
2017010029912,1,9,0,2,0,0,0,0,0,0,4,1,6,3,-1,-1,1956,2,6,-1,-1,-1
2017010029912,2,9,0,18,0,0,0,4,0,0,1,1,6,1,47,8,1910,2,9,2,1,2
2017010029913,1,9,0,18,0,2,0,0,0,0,1,1,1,1,25,5,1598,2,1,1,1,1
2017010029915,1,19,0,18,0,0,0,0,0,0,4,1,6,3,-1,-1,-1,-1,-1,-1,-1,-1
2017010029916,1,21,1,18,0,0,0,4,0,0,1,1,1,1,53,8,10837,2,3,1,1,1
2017010029916,2,9,0,3,0,0,0,0,1,10,2,1,6,2,26,6,1390,1,16,1,1,1
2017010029922,1,9,0,5,0,8,0,0,0,0,4,1,1,2,29,6,1560,2,3,6,1,6
2017010029922,2,11,0,5,0,8,0,0,0,0,3,1,1,1,54,8,6700,2,5,2,1,2
2017010029929,1,9,0,9,0,6,0,0,0,0,1,1,6,2,27,6,996,1,7,7,1,7
2017010029929,2,3,0,18,0,8,0,0,0,0,4,1,6,2,25,5,125,1,1,3,1,3
2017010029933,1,9,0,18,0,1,0,0,0,0,1,-1,6,3,-1,-1,-1,-1,-1,-1,-1,-1
2017010029937,1,19,0,3,0,0,0,0,0,0,2,1,1,1,59,9,1968,2,2,2,1,2
2017010029937,2,9,0,18,0,0,0,0,0,0,1,1,6,1,-1,-1,-1,-1,-1,-1,-1,-1
2017010029941,1,9,0,18,0,8,0,0,0,0,3,1,6,2,40,7,1995,2,4,7,1,7
2017010029941,2,90,0,18,0,8,0,0,1,0,1,1,6,3,-1,-1,-1,-1,-1,-1,-1,-1
2017010029946,1,3,0,14,0,2,0,0,0,0,1,1,6,3,-1,-1,-1,-1,-1,-1,-1,-1
2017010029954,1,9,0,18,0,8,1,0,0,0,4,-1,6,2,32,6,1598,1,13,3,1,3
2017010029954,2,10,0,-1,0,8,0,0,0,0,1,-1,6,3,-1,-1,-1,-1,-1,-1,-1,-1
2017010029971,1,9,0,6,0,0,0,0,0,0,0,-1,6,1,-1,-1,1798,8,2,-1,-1,-1
2017010029972,1,90,0,18,9,1,0,0,-1,-1,-1,1,6,3,-1,-1,-1,-1,-1,-1,-1,-1
2017010029986,1,9,0,1,0,0,0,0,0,0,2,-1,6,3,-1,-1,1598,1,3,-1,-1,-1
2017010029989,1,1,0,18,0,1,0,0,0,0,1,1,3,2,38,7,-1,-1,-1,6,1,6
2017010029989,2,9,-1,7,0,1,0,0,0,0,4,-1,6,3,-1,-1,999,1,1,-1,-1,-1
2017010029991,1,1,0,18,0,0,0,0,0,0,2,1,6,1,28,6,-1,-1,-1,6,1,6
2017010029991,2,9,0,18,0,0,0,0,0,0,1,-1,6,2,81,11,1390,1,13,4,1,4
2017010029996,1,1,0,18,0,-1,0,-1,-1,-1,-1,1,6,3,-1,-1,-1,-1,-1,-1,-1,-1
2017010030000,1,9,-1,18,0,-1,0,-1,0,0,1,-1,6,1,23,5,1995,1,6,10,1,10
2017010030000,2,9,-1,18,-1,-1,0,-1,0,0,-1,-1,6,2,48,8,1240,1,14,2,1,2
2017010030003,1,9,-1,18,0,0,-1,-1,0,0,2,-1,6,2,56,9,1388,1,10,8,1,8
2017010030003,2,9,-1,-1,0,0,-1,-1,-1,10,-1,-1,6,1,-1,-1,-1,-1,-1,8,1,8
2017010030008,1,9,0,5,0,8,0,0,0,0,1,1,6,2,33,6,1399,1,14,1,1,1
2017010030008,2,19,0,18,0,8,0,0,0,0,1,1,2,1,45,7,1598,2,2,6,1,6
2017010030027,1,9,0,18,0,1,0,0,0,0,3,1,6,1,63,9,1997,2,12,4,1,4
2017010030027,2,1,0,18,0,6,0,0,0,0,3,1,6,1,13,3,-1,-1,-1,5,1,5
2017010030029,1,1,0,18,4,1,0,0,0,0,1,1,2,1,31,6,-1,-1,-1,2,1,2
2017010030029,2,8,0,9,0,1,0,0,0,0,3,1,6,1,44,7,2143,2,4,2,1,2
2017010030033,1,9,0,18,0,5,0,0,0,0,1,1,2,1,49,8,1999,1,9,4,1,4
2017010030033,2,1,0,18,0,8,0,0,0,0,3,1,2,1,20,4,-1,-1,-1,4,1,4
2017010030034,1,1,-1,-1,-1,0,-1,-1,-1,-1,-1,1,6,1,19,4,-1,-1,-1,2,1,2
2017010030039,1,9,0,4,0,1,0,0,0,0,2,1,6,1,59,9,1798,8,5,3,1,3
2017010030039,2,9,-1,18,0,1,-1,0,0,0,1,2,6,3,-1,-1,-1,-1,-1,-1,-1,-1
2017010030060,1,21,0,18,0,2,0,0,0,0,1,1,1,1,46,8,3920,2,9,7,1,7
2017010030060,2,9,0,7,0,2,0,0,0,0,2,1,6,1,43,7,1896,2,14,8,1,8
2017010030062,1,9,0,5,0,2,0,0,0,0,1,1,6,2,46,8,-1,-1,-1,7,3,7
2017010030065,1,1,-1,-1,-1,0,-1,-1,-1,-1,-1,1,6,1,27,6,-1,-1,-1,2,1,2
2017010030067,1,11,0,4,2,1,0,0,0,0,0,1,6,1,63,9,4500,2,1,1,1,1
2017010030069,1,19,0,9,0,8,0,0,0,0,1,1,1,1,48,8,1560,2,3,7,1,7
2017010030069,2,1,0,18,0,8,2,0,0,0,1,1,6,1,32,6,-1,-1,-1,1,1,1
2017010030073,1,9,0,3,0,1,0,0,0,0,2,1,6,2,40,7,1596,1,14,2,1,2
2017010030073,2,9,0,3,0,1,0,0,0,0,1,1,6,1,26,6,1598,2,5,2,1,2
2017010030080,1,19,0,9,0,8,0,0,0,0,4,1,1,1,27,6,1598,2,2,4,1,4
2017010030080,2,10,0,18,0,8,1,0,0,0,1,1,2,1,30,6,2402,2,10,8,2,8
2017010030082,1,1,-1,-1,-1,-1,-1,-1,-1,-1,-1,1,6,1,47,8,-1,-1,-1,8,1,8
2017010030082,2,9,-1,-1,-1,-1,-1,-1,-1,-1,-1,-1,6,3,-1,-1,1242,1,3,-1,-1,-1
2017010030085,1,9,0,18,0,8,0,0,0,0,4,1,6,1,36,7,1796,1,12,3,1,3
2017010030088,1,1,0,18,0,8,0,0,0,0,4,1,6,2,41,7,-1,-1,-1,5,1,5
2017010030088,2,9,0,7,0,8,0,0,0,0,1,1,6,3,-1,-1,-1,-1,-1,-1,-1,-1
2017010030089,1,9,0,18,0,0,0,0,0,0,3,-1,6,2,57,9,2496,2,13,4,1,4
2017010030093,1,1,-1,-1,-1,2,-1,-1,-1,-1,-1,1,6,2,31,6,-1,-1,-1,1,1,1
2017010030093,2,8,-1,-1,-1,2,-1,-1,-1,-1,-1,-1,6,1,67,10,2499,2,10,5,1,5
2017010030094,1,9,0,9,0,8,0,0,0,0,1,1,6,1,51,8,1998,1,13,5,1,5
2017010030094,2,3,0,18,0,8,0,0,0,0,1,1,6,1,26,6,125,1,1,5,1,5
2017010030102,1,9,0,16,0,3,0,0,0,0,1,1,6,3,-1,-1,1596,1,14,-1,-1,-1
2017010030111,1,9,0,-1,0,2,0,0,0,0,2,-1,6,1,27,6,1686,2,6,3,1,3
2017010030111,2,9,0,-1,0,-1,0,0,0,0,1,-1,6,3,-1,-1,3696,1,8,-1,-1,-1
2017010030113,1,9,0,3,0,8,0,0,0,0,2,-1,6,1,33,6,1956,2,2,8,1,8
2017010030113,2,19,0,18,0,8,0,0,0,0,1,-1,6,1,50,8,1968,2,7,2,1,2
2017010030113,3,9,0,4,0,8,0,0,0,0,2,-1,6,2,32,6,1398,1,15,2,1,2
2017010030113,4,9,0,4,0,8,-1,0,0,0,1,-1,6,3,-1,-1,1870,2,12,-1,-1,-1
2017010030118,1,9,0,18,0,0,0,0,0,0,1,1,6,3,-1,-1,-1,-1,-1,-1,-1,-1
2017010030132,1,4,0,5,0,1,0,0,0,0,1,1,1,1,22,5,125,1,4,4,1,4
2017010030140,1,19,0,18,2,8,0,10,1,0,1,1,1,1,28,6,2198,2,4,3,1,3
2017010030140,2,9,0,7,2,8,0,10,1,10,4,1,6,2,53,8,1108,1,7,10,1,10
2017010030142,1,2,0,18,0,1,0,0,0,0,4,1,6,1,18,4,124,1,5,3,1,3
2017010030142,2,11,0,18,0,1,0,0,0,0,4,1,1,1,46,8,4500,2,-1,1,1,1
2017010030142,3,9,0,10,0,8,0,0,0,0,2,1,6,1,20,4,1995,2,3,5,1,5
2017010030144,1,1,0,18,0,8,0,0,0,0,3,1,1,2,29,6,-1,-1,-1,3,1,3
2017010030144,2,9,0,7,0,8,0,0,0,0,4,-1,6,3,-1,-1,-1,-1,-1,-1,-1,-1
2017010030147,1,9,0,3,0,2,0,0,0,0,1,1,2,1,40,7,1586,1,13,10,1,10
2017010030148,1,8,0,5,0,6,0,0,0,0,1,1,1,1,60,9,2499,2,10,5,1,5
2017010030148,2,8,0,18,0,6,0,0,0,0,3,1,1,1,39,7,1339,8,6,-1,-1,-1
2017010030156,1,9,0,3,0,6,0,0,0,0,2,1,6,2,53,8,1598,1,11,9,1,9
2017010030159,1,9,0,1,0,1,0,0,0,0,2,1,6,1,38,7,698,1,14,7,1,7
2017010030168,1,9,0,7,0,2,0,0,0,0,4,1,6,1,53,8,1596,1,21,-1,-1,-1
2017010030168,2,3,0,18,0,2,0,0,0,0,1,1,6,1,35,6,125,1,3,2,1,2
2017010030169,1,5,0,4,0,0,1,4,0,0,1,1,1,1,47,8,998,1,15,3,1,3
2017010030169,2,9,0,2,0,0,0,4,0,0,2,1,6,3,-1,-1,1995,2,13,-1,-1,-1
2017010030169,3,9,0,6,0,0,0,0,0,0,0,1,6,1,25,5,1396,1,14,7,1,7
2017010030171,1,9,0,-1,0,0,0,0,0,0,3,-1,6,2,58,9,1796,1,10,-1,-1,-1
2017010030171,2,9,0,-1,0,0,0,0,0,0,4,-1,6,1,-1,-1,1199,1,15,-1,-1,-1
2017010030177,1,9,0,18,0,0,0,0,0,0,1,1,6,1,-1,-1,-1,-1,-1,-1,-1,-1
2017010030179,1,9,0,18,0,8,0,0,0,0,2,1,6,2,55,8,1296,1,9,7,1,7
2017010030179,2,9,-1,13,0,8,-1,0,0,0,1,-1,6,1,24,5,1390,1,6,10,1,10
2017010030179,3,9,0,2,0,8,0,0,0,0,3,-1,6,3,-1,-1,1598,1,9,-1,-1,-1
2017010030182,1,90,0,18,0,0,0,0,0,0,1,1,6,1,27,6,-1,-1,-1,3,1,3
2017010030183,1,3,0,14,0,1,0,0,0,0,1,1,6,1,50,8,124,1,15,7,1,7
2017010030183,2,9,0,9,0,6,0,0,0,0,3,2,6,2,47,8,1968,2,2,10,2,10
2017010030184,1,9,0,9,0,8,0,0,0,0,3,1,6,1,28,6,1242,1,13,8,1,8
2017010030184,2,3,0,13,0,8,1,0,0,0,1,1,1,1,21,5,124,1,4,5,1,5
2017010030185,1,19,0,5,0,1,0,0,0,0,4,1,1,1,26,6,2198,2,2,7,1,7
2017010030185,2,1,0,5,4,2,0,10,0,0,4,1,6,1,33,6,-1,-1,-1,2,1,2
2017010030186,1,9,0,9,0,0,0,0,0,0,3,1,6,1,64,9,1560,2,3,7,1,7
2017010030186,2,4,0,13,0,0,0,0,0,0,1,1,6,1,58,9,1170,1,13,7,1,7
2017010030187,1,5,0,18,0,1,0,0,0,0,4,1,2,1,24,5,599,1,9,5,1,5
2017010030187,2,9,0,12,0,1,0,0,0,0,3,1,6,1,37,7,1604,2,10,8,1,8
2017010030189,1,4,0,18,0,8,0,0,0,0,4,1,2,1,35,6,-1,-1,-1,2,1,2
2017010030189,2,9,0,18,0,8,0,0,0,0,1,1,6,1,19,4,1388,1,11,-1,-1,-1
2017010030190,1,9,0,18,0,0,0,0,0,0,1,1,1,1,34,6,1797,8,3,2,1,2
2017010030192,1,11,0,5,0,1,0,0,0,0,1,1,1,1,46,8,4500,2,3,3,1,3
2017010030193,1,5,0,14,0,0,0,0,0,0,4,1,6,1,39,7,124,1,14,4,1,4
2017010030193,2,9,0,9,0,0,0,0,0,0,1,1,6,1,20,4,999,1,3,9,1,9
2017010030194,1,9,0,4,6,5,0,0,0,0,1,1,6,1,18,4,1388,1,14,9,1,9
2017010030194,2,9,0,18,6,2,0,0,0,0,3,1,6,2,59,9,2204,2,13,-1,-1,-1
2017010030195,1,9,0,18,0,2,0,0,0,0,1,1,6,1,26,6,1596,1,2,3,1,3
2017010030195,2,9,0,18,0,2,0,0,0,0,1,1,6,3,-1,-1,1388,1,11,-1,-1,-1
2017010030197,1,9,0,1,0,1,0,0,0,0,2,1,6,3,-1,-1,1596,1,10,-1,-1,-1
2017010030198,1,5,0,18,0,0,0,0,0,0,4,1,2,1,54,8,1170,1,7,6,1,6
2017010030199,1,9,0,9,0,4,0,0,0,0,1,1,1,2,28,6,1242,1,10,2,1,2
2017010030199,2,3,0,18,0,4,0,0,0,0,4,1,1,1,20,4,125,1,2,1,3,1
2017010030200,1,19,0,18,0,0,0,0,0,0,3,1,1,1,57,9,1560,2,4,9,1,9
2017010030200,2,5,0,18,0,0,0,0,0,0,4,1,2,1,33,6,599,1,4,2,1,2
2017010030200,3,9,0,18,0,0,0,0,0,0,4,1,6,1,38,7,1598,1,7,4,1,4
2017010030203,1,19,0,18,0,1,1,4,0,0,1,1,2,1,28,6,-1,-1,-1,7,1,7
2017010030203,2,8,0,3,0,1,0,4,0,0,2,1,1,1,40,7,1686,2,7,8,1,8
2017010030203,3,8,0,3,0,1,0,0,0,0,2,1,1,1,54,8,1798,8,3,1,1,1
2017010030205,1,9,0,5,0,2,0,0,0,0,3,1,1,1,38,7,1956,2,5,2,1,2
2017010030205,2,1,0,18,0,2,0,0,0,0,1,1,1,1,30,6,-1,-1,-1,3,1,3
2017010030206,1,1,0,5,0,6,0,0,0,0,1,1,6,1,34,6,-1,-1,-1,3,1,3
2017010030207,1,9,0,9,0,6,0,0,0,0,1,1,6,1,39,7,1798,8,-1,3,1,3
2017010030207,2,2,0,13,0,8,0,0,0,0,1,1,1,2,27,6,108,1,1,4,1,4
2017010030208,1,8,0,9,0,6,0,0,0,0,1,1,6,1,45,7,1797,8,7,5,1,5
2017010030208,2,1,0,5,9,8,0,0,0,0,1,1,6,1,49,8,-1,-1,-1,1,1,1
2017010030212,1,8,0,9,0,1,0,0,0,0,4,1,6,1,34,6,1797,8,6,1,1,1
2017010030212,2,1,0,3,0,1,0,0,0,0,1,1,6,1,16,4,-1,-1,-1,4,1,4