Accident_Index,Vehicle_Reference,Vehicle_Type,Towing_and_Articulation,Vehicle_Manoeuvre,Vehicle_Location-Restricted_Lane,Junction_Location,Skidding_and_Overturning,Hit_Object_in_Carriageway,Vehicle_Leaving_Carriageway,Hit_Object_off_Carriageway,1st_Point_of_Impact,Was_Vehicle_Left_Hand_Drive?,Journey_Purpose_of_Driver,Sex_of_Driver,Age_of_Driver,Age_Band_of_Driver,Engine_Capacity_(CC),Propulsion_Code,Age_of_Vehicle,Driver_IMD_Decile,Driver_Home_Area_Type,Vehicle_IMD_Decile
2017010030213,1,5,0,18,3,1,2,0,0,0,1,1,1,1,29,6,600,1,2,8,1,8
2017010030222,1,1,0,3,0,4,0,0,0,0,2,1,6,1,32,6,-1,-1,-1,2,1,2
2017010030222,2,9,0,18,0,1,0,0,0,0,1,-1,1,1,29,6,1797,8,4,2,1,2
2017010030243,1,9,0,18,0,0,-1,0,0,0,1,-1,6,2,-1,-1,1198,1,5,6,1,6
2017010030265,1,19,0,7,0,5,0,0,0,0,1,1,6,1,42,7,1248,2,2,2,1,2
2017010030265,2,1,0,18,0,5,0,0,0,0,1,1,6,1,23,5,-1,-1,-1,2,1,2
2017010030287,1,19,0,2,0,0,0,0,0,0,4,1,6,3,-1,-1,2198,2,2,-1,-1,-1
2017010030287,2,1,0,14,0,0,0,4,0,0,3,1,1,1,25,5,-1,-1,-1,5,1,5
2017010030291,1,9,0,5,0,6,0,11,0,0,3,1,6,1,68,10,-1,-1,-1,4,1,4
2017010030291,2,5,0,18,0,1,0,0,0,0,1,1,6,1,31,6,-1,-1,-1,5,1,5
2017010030299,1,19,0,5,0,1,0,0,0,0,2,1,1,1,27,6,2198,2,5,6,3,6
2017010030299,2,19,0,4,0,1,1,0,0,0,1,1,1,1,39,7,4461,2,9,10,1,10
2017010030308,1,9,0,9,0,1,0,0,0,0,3,2,6,1,25,5,1497,1,14,-1,-1,-1
2017010030308,2,1,0,18,0,1,0,0,0,0,3,1,2,1,38,7,-1,-1,-1,6,1,6
2017010030313,1,9,-1,1,-1,-1,-1,-1,-1,-1,-1,-1,6,3,-1,-1,1242,1,11,-1,-1,-1
2017010030319,1,9,0,18,0,6,0,0,0,0,1,1,6,2,36,7,1560,2,7,5,1,5
2017010030319,2,19,0,18,0,8,0,7,1,7,4,1,6,1,32,6,2148,2,10,7,1,7
2017010030322,1,19,0,5,0,1,0,0,0,0,1,1,1,1,45,7,2198,2,9,6,1,6
2017010030322,2,9,0,18,0,2,0,0,0,0,4,1,6,1,47,8,1348,1,16,6,1,6
2017010030325,1,9,0,5,0,1,0,0,3,0,1,1,6,1,29,6,-1,-1,-1,-1,-1,-1
2017010030325,2,1,0,3,0,1,0,0,0,0,2,1,2,2,31,6,-1,-1,-1,4,1,4
2017010030345,1,4,0,18,0,1,0,11,0,0,1,1,6,1,22,5,471,1,3,8,1,8
2017010030345,2,9,0,9,0,6,0,0,0,0,3,1,2,1,41,7,1798,8,2,3,1,3
2017010030346,1,3,0,18,0,0,0,0,0,0,1,1,2,1,45,7,124,1,1,2,1,2
2017010030346,2,9,0,6,0,0,0,0,0,0,3,2,1,1,24,5,2000,2,13,3,1,3
2017010030352,1,20,0,9,0,2,0,0,0,0,1,1,1,1,48,8,4764,2,8,3,1,3
2017010030363,1,9,0,18,0,8,1,0,0,0,1,1,6,1,30,6,4511,1,14,7,1,7
2017010030363,2,9,0,18,0,8,0,0,0,0,4,-1,6,2,44,7,1796,1,3,6,1,6
2017010030365,1,9,0,12,0,8,0,0,0,0,3,1,6,1,19,4,1124,1,14,9,1,9
2017010030365,2,9,-1,-1,-1,-1,-1,-1,-1,-1,-1,1,6,3,-1,-1,1242,1,14,-1,-1,-1
2017010030367,1,21,1,18,0,0,0,0,0,0,3,1,1,1,30,6,10837,2,8,5,2,5
2017010030367,2,19,0,18,0,0,0,0,0,0,4,1,1,1,38,7,2298,2,5,2,1,2
2017010030369,1,9,0,18,0,1,0,0,0,0,1,1,6,2,64,9,1498,1,5,3,1,3
2017010030369,2,9,0,9,0,1,0,0,0,0,1,1,6,1,34,6,1598,2,1,10,1,10
2017010030372,1,1,-1,18,0,-1,-1,-1,0,0,1,1,6,3,-1,-1,-1,-1,-1,-1,-1,-1
2017010030374,1,9,0,7,0,1,0,0,0,0,3,1,1,1,26,6,-1,-1,-1,5,1,5
2017010030374,2,5,0,14,0,1,0,0,0,0,1,1,1,1,53,8,471,1,1,3,1,3
2017010030383,1,3,0,18,0,6,2,0,0,0,1,1,2,1,27,6,-1,-1,-1,5,1,5
2017010030383,2,9,0,5,0,6,0,0,0,0,4,1,6,1,17,4,2494,1,20,5,1,5
2017010030388,1,9,0,7,0,6,0,0,0,0,1,1,6,1,51,8,-1,-1,-1,2,1,2
2017010030388,2,1,0,14,0,5,0,0,0,0,1,1,2,2,28,6,-1,-1,-1,10,3,10
2017010030390,1,9,5,18,0,1,0,0,0,0,1,2,6,2,55,8,1598,1,12,3,1,3
2017010030398,1,9,0,18,0,8,0,0,0,0,4,1,6,1,38,7,2979,1,9,4,1,4
2017010030398,2,4,0,7,0,6,0,0,0,0,1,1,6,1,17,4,125,1,11,4,1,4
2017010030403,1,9,0,4,0,2,0,0,0,0,2,1,6,2,34,6,1598,1,6,8,1,8
2017010030403,2,3,0,5,0,2,0,0,0,0,1,1,1,1,24,5,108,1,1,9,1,9
2017010030406,1,3,0,14,0,0,1,7,0,0,1,1,2,1,30,6,125,1,-1,-1,-1,-1
2017010030406,2,9,0,2,0,0,0,0,0,0,1,2,6,3,-1,-1,2497,2,13,-1,-1,-1
2017010030416,1,9,0,9,0,8,0,0,0,0,3,1,1,1,37,7,-1,-1,-1,3,1,3
2017010030416,2,1,0,9,0,8,5,0,0,0,1,1,1,1,39,7,-1,-1,-1,5,1,5
2017010030418,1,9,-1,6,-1,-1,-1,-1,-1,-1,-1,-1,6,1,35,6,2996,1,11,-1,-1,-1
2017010030418,2,9,-1,-1,-1,-1,-1,-1,-1,-1,-1,-1,6,1,-1,-1,1968,2,1,3,1,3
2017010030421,1,5,0,18,9,2,0,0,3,10,1,1,6,1,23,5,-1,-1,-1,2,1,2
2017010030425,1,9,-1,18,0,0,0,0,0,0,3,-1,6,1,46,8,1598,1,16,5,1,5
2017010030430,1,9,0,9,0,8,0,0,0,0,3,1,6,2,35,6,1796,2,4,2,1,2
2017010030430,2,4,0,13,0,1,0,0,0,0,1,1,6,1,18,4,125,1,6,4,1,4
2017010030434,1,9,0,9,0,1,0,0,0,0,1,1,6,1,76,11,1396,1,18,5,1,5
2017010030434,2,3,0,18,0,1,0,0,0,0,0,1,6,1,42,7,124,1,3,2,1,2
2017010030435,1,9,0,18,0,8,0,4,0,0,1,1,6,1,90,11,1968,2,2,8,1,8
2017010030435,2,9,0,18,0,8,0,0,0,0,1,1,6,1,29,6,1995,2,13,8,1,8
2017010030435,3,19,0,2,0,8,0,0,0,0,3,1,6,3,-1,-1,1995,2,5,-1,-1,-1
2017010030437,1,9,0,2,9,0,0,0,0,0,2,1,6,3,-1,-1,1686,2,4,-1,-1,-1
2017010030437,2,1,0,18,0,0,0,0,0,0,1,1,6,1,31,6,-1,-1,-1,-1,-1,-1
2017010030449,1,19,0,10,0,8,0,0,0,0,1,1,1,1,48,8,2143,2,-1,5,1,5
2017010030449,2,11,0,9,0,8,0,0,0,0,3,1,1,1,38,7,7300,2,12,3,1,3
2017010030458,1,9,0,18,0,0,0,0,0,0,2,1,6,1,29,6,1998,1,22,3,1,3
2017010030458,2,9,0,18,0,0,0,0,0,0,3,1,6,1,53,8,1598,2,1,1,1,1
2017010030458,3,21,0,18,0,0,0,0,0,0,1,2,1,1,25,5,8970,2,14,6,3,6
2017010030464,1,9,0,7,0,6,0,0,0,0,1,-1,6,3,-1,-1,2149,2,10,-1,-1,-1
2017010030470,1,5,0,-1,0,-1,2,0,0,0,3,1,6,1,45,7,999,1,1,9,1,9
2017010030472,1,3,0,4,0,1,0,0,0,0,1,1,2,1,26,6,-1,-1,-1,4,1,4
2017010030473,1,9,0,18,0,1,0,0,0,0,1,1,6,1,49,8,2148,2,15,1,1,1
2017010030473,2,9,0,9,0,5,0,0,0,0,4,1,6,1,27,6,2143,2,4,3,1,3
2017010030474,1,1,0,18,0,0,0,0,0,0,1,1,6,1,29,6,-1,-1,-1,3,1,3
2017010030477,1,11,0,5,0,2,0,0,0,0,0,1,1,1,48,8,6700,2,5,4,1,4
2017010030478,1,9,0,7,4,1,0,0,0,0,4,1,6,1,36,7,1995,2,5,2,1,2
2017010030478,2,1,0,18,4,1,0,0,0,0,1,1,6,1,32,6,-1,-1,-1,3,1,3
2017010030480,1,11,0,3,0,0,0,0,0,0,0,1,1,2,45,7,5132,2,1,3,1,3
2017010030481,1,5,0,18,0,8,1,4,0,0,1,1,2,1,31,6,-1,-1,-1,8,2,8
2017010030481,2,9,0,9,0,1,0,0,0,0,0,1,2,1,42,7,1896,2,10,2,1,2
2017010030481,3,19,0,2,0,2,0,0,0,0,2,1,6,3,-1,-1,2143,2,8,-1,-1,-1
2017010030483,1,11,0,4,0,0,0,0,0,0,0,1,1,1,44,7,9200,2,14,-1,-1,-1
2017010030483,2,1,0,18,0,0,0,5,0,0,1,1,2,1,44,7,-1,-1,-1,6,1,6
2017010030484,1,9,0,18,0,0,0,0,0,0,1,1,6,3,-1,-1,-1,-1,-1,-1,-1,-1
2017010030486,1,9,0,9,0,6,0,0,0,0,1,1,1,2,58,9,-1,-1,-1,2,1,2
2017010030486,2,1,0,18,0,8,0,0,0,0,2,1,6,1,30,6,-1,-1,-1,2,1,2
2017010030487,1,9,0,5,0,8,0,0,0,0,3,1,6,2,53,8,1598,2,2,7,1,7
2017010030487,2,1,0,18,0,1,0,0,0,0,1,1,6,1,46,8,-1,-1,-1,3,1,3
2017010030488,1,9,0,5,9,1,0,0,7,10,1,1,6,2,68,10,1598,2,1,6,1,6
2017010030490,1,9,0,9,0,1,0,0,0,0,3,1,6,1,54,8,1560,2,5,4,1,4
2017010030490,2,5,0,14,0,1,0,0,0,0,1,1,6,1,25,5,998,1,5,4,1,4
2017010030491,1,3,0,18,0,1,5,0,0,0,1,1,2,1,24,5,125,1,2,3,1,3
2017010030492,1,9,0,4,0,2,0,0,0,0,1,1,6,2,22,5,1598,1,5,4,1,4
2017010030492,2,9,0,4,0,2,0,0,0,0,2,1,6,1,49,8,-1,-1,-1,2,1,2
2017010030492,3,19,0,4,0,2,0,0,0,0,2,1,1,1,49,8,2298,2,2,9,1,9
2017010030496,1,9,0,5,0,8,0,11,0,0,3,1,6,1,53,8,5462,1,10,7,1,7
2017010030496,2,8,0,3,0,1,0,0,0,0,4,1,6,1,52,8,2143,2,2,1,1,1
2017010030497,1,19,0,18,0,2,0,0,0,0,1,1,1,1,43,7,1598,2,6,6,1,6
2017010030498,1,9,0,7,0,3,0,0,0,0,4,1,6,2,46,8,1388,1,14,8,1,8
2017010030498,2,9,0,7,0,3,0,0,0,0,1,1,2,1,56,9,1995,2,3,3,1,3
2017010030499,1,19,0,7,0,6,0,0,0,0,3,1,1,1,24,5,1560,2,3,6,1,6
2017010030499,2,3,0,18,0,2,5,0,0,0,4,1,6,1,26,6,125,1,5,4,1,4
2017010030500,1,9,0,18,0,1,0,0,0,0,1,1,2,1,23,5,1229,1,10,4,1,4
2017010030500,2,9,0,3,0,8,0,0,0,0,2,1,6,1,32,6,1200,1,2,7,1,7
2017010030501,1,9,0,9,0,8,0,0,0,0,1,1,6,1,29,6,2688,2,15,1,1,1
2017010030501,2,5,0,18,0,1,0,0,0,0,1,1,2,1,46,8,-1,-1,-1,7,1,7
2017010030503,1,5,0,18,0,8,0,0,0,0,1,1,6,1,41,7,-1,-1,-1,10,1,10
2017010030503,2,19,0,10,0,8,0,0,0,0,1,1,1,1,57,9,-1,-1,-1,2,1,2
2017010030504,1,3,0,13,0,2,0,0,0,0,4,1,6,1,27,6,124,1,13,2,1,2
2017010030504,2,1,0,18,0,2,0,0,0,0,2,1,1,1,37,7,-1,-1,-1,2,1,2
2017010030505,1,11,0,5,0,6,0,0,0,0,0,1,1,1,47,8,6692,2,8,4,1,4
2017010030506,1,9,0,18,0,1,0,0,0,0,1,1,6,1,20,4,998,1,9,4,1,4
2017010030506,2,9,0,18,0,1,0,0,0,0,2,1,6,2,43,7,1995,2,10,4,1,4
2017010030507,1,9,0,18,0,1,0,0,0,0,4,1,6,3,-1,-1,1595,1,3,-1,-1,-1
2017010030508,1,9,0,9,0,8,0,0,0,0,4,1,1,1,67,10,1560,2,12,7,1,7
2017010030509,1,3,0,5,0,2,0,0,0,0,1,1,1,1,20,4,125,1,7,3,1,3
2017010030509,2,3,0,6,0,1,0,0,0,0,1,1,6,1,-1,-1,124,1,2,5,1,5
2017010030510,1,9,0,13,0,1,0,0,0,0,1,1,6,1,44,7,1796,1,15,2,1,2
2017010030510,2,9,0,3,0,1,0,0,0,0,3,1,6,2,49,8,998,1,7,8,1,8
2017010030513,1,3,0,18,0,8,0,0,0,0,1,1,2,1,27,6,108,1,1,4,1,4
2017010030513,2,9,0,9,0,5,0,0,0,0,1,1,6,1,59,9,1686,2,7,2,1,2
2017010030514,1,9,0,3,0,1,0,0,0,0,2,1,6,2,45,7,998,1,11,4,1,4
2017010030514,2,9,0,3,0,1,0,4,0,0,2,1,6,1,37,7,2231,2,4,3,1,3
2017010030514,3,9,0,4,0,1,0,4,0,0,1,1,6,1,52,8,1339,1,12,2,1,2
2017010030517,1,9,0,5,7,6,0,0,0,0,1,1,2,1,31,6,1798,8,1,3,1,3
2017010030518,1,11,0,16,0,1,0,0,0,0,0,1,1,1,31,6,6692,2,4,4,1,4
2017010030518,2,9,0,11,0,1,0,0,0,0,0,1,6,3,-1,-1,-1,-1,-1,-1,-1,-1
2017010030521,1,19,5,5,0,4,0,0,0,0,1,2,1,1,35,6,2198,2,2,8,1,8
2017010030521,2,1,0,18,0,8,0,0,0,0,2,1,2,1,30,6,-1,-1,-1,6,1,6
2017010030522,1,9,0,18,0,1,5,10,0,0,1,1,6,1,19,4,1598,1,9,5,1,5
2017010030523,1,19,0,7,9,5,0,0,1,0,4,1,2,1,61,9,2286,2,11,2,1,2
2017010030523,2,3,0,15,0,1,0,0,2,10,3,1,6,1,33,6,124,1,9,2,1,2
2017010030534,1,9,0,18,0,1,2,0,1,0,4,1,6,1,27,6,1598,1,18,-1,-1,-1
2017010030547,1,9,0,18,0,0,0,0,0,0,2,1,6,2,27,6,1769,1,16,8,1,8
2017010030548,1,9,0,9,0,6,0,0,0,0,1,2,6,2,46,8,1396,1,7,3,1,3
2017010030548,2,4,0,18,0,1,5,0,0,0,4,1,6,1,22,5,124,1,5,4,1,4
2017010030575,1,3,0,18,0,8,0,0,0,0,1,1,6,1,25,5,125,1,4,-1,-1,-1
2017010030575,2,19,0,9,0,8,0,0,0,0,3,1,1,1,51,8,2287,2,4,4,1,4
2017010030576,1,11,-1,-1,0,-1,-1,0,-1,0,-1,1,1,1,-1,-1,-1,-1,-1,-1,-1,-1
2017010030582,1,1,-1,-1,-1,-1,-1,-1,-1,-1,-1,1,6,2,28,6,-1,-1,-1,2,1,2
2017010030582,2,9,-1,-1,-1,-1,-1,-1,-1,-1,-1,-1,6,3,-1,-1,1598,1,14,-1,-1,-1
2017010030587,1,1,0,18,0,2,0,0,0,0,3,1,6,2,27,6,-1,-1,-1,2,1,2
2017010030587,2,9,0,2,0,2,0,0,0,0,0,1,6,3,-1,-1,-1,-1,-1,-1,-1,-1
2017010030587,3,19,0,2,0,1,-1,0,0,0,3,1,6,3,-1,-1,-1,-1,-1,-1,-1,-1
2017010030589,1,1,0,18,0,1,0,0,1,0,3,1,2,1,28,6,-1,-1,-1,4,1,4
2017010030589,2,9,0,18,0,8,0,0,0,0,3,-1,6,1,-1,-1,1951,2,11,-1,-1,-1
2017010030611,1,5,0,12,0,0,0,0,0,0,3,1,6,1,49,8,645,1,14,10,1,10
2017010030611,2,3,0,18,0,0,0,0,0,0,4,1,6,1,30,6,124,1,2,6,1,6
2017010030611,3,8,0,18,0,0,0,0,0,0,3,1,6,1,55,8,1998,2,7,5,1,5
2017010030611,4,9,0,18,0,0,0,0,0,0,3,1,6,1,-1,-1,1995,2,-1,9,3,9
2017010030613,1,1,0,18,0,1,0,0,0,0,1,1,6,1,33,6,-1,-1,-1,2,1,2
2017010030625,1,9,0,18,0,1,0,0,0,0,1,1,6,1,69,10,1997,2,16,5,1,5
2017010030625,2,1,0,18,0,1,0,0,0,0,1,1,2,1,24,5,-1,-1,-1,-1,-1,-1
2017010030629,1,8,0,18,0,0,0,0,0,0,1,1,1,1,46,8,1968,2,8,4,1,4
2017010030629,2,11,0,3,0,0,0,0,0,0,2,1,1,1,56,9,4500,2,8,2,1,2
2017010030631,1,3,0,3,0,0,0,0,0,0,-1,1,6,1,34,6,125,1,5,2,1,2
2017010030631,2,9,-1,18,0,0,-1,0,0,0,-1,-1,6,3,-1,-1,-1,-1,-1,-1,-1,-1
2017010030633,1,9,0,17,0,2,0,0,0,0,1,1,6,1,37,7,1360,1,13,6,1,6
2017010030637,1,9,0,18,0,0,0,0,0,0,3,-1,6,2,24,5,1242,1,11,7,1,7
2017010030637,2,9,0,18,0,0,0,0,0,0,3,-1,1,1,-1,-1,1968,2,7,-1,-1,-1
2017010030644,1,11,0,18,0,1,0,0,0,0,1,1,1,1,49,8,4500,2,-1,5,1,5
2017010030644,2,9,0,9,0,2,0,0,0,0,3,1,6,2,31,6,1368,1,8,2,1,2
2017010030646,1,9,0,4,0,1,0,0,0,0,0,1,6,1,51,8,1461,2,1,6,1,6
2017010030646,2,1,0,17,0,1,0,4,0,0,1,1,6,2,32,6,-1,-1,-1,2,1,2
2017010030647,1,1,0,18,4,2,5,0,0,0,2,1,2,2,34,6,-1,-1,-1,2,1,2
2017010030647,2,1,0,13,4,2,-1,0,0,0,4,1,6,1,-1,-1,-1,-1,-1,-1,-1,-1
2017010030656,1,9,0,3,0,3,0,0,0,0,1,1,6,3,-1,-1,-1,-1,-1,-1,-1,-1
2017010030660,1,9,0,18,0,8,0,0,0,0,3,1,6,1,53,8,2143,2,4,4,1,4
2017010030660,2,1,0,18,0,8,0,0,0,0,1,1,1,1,33,6,-1,-1,-1,7,1,7
2017010030663,1,9,0,3,0,1,0,0,0,0,1,1,6,1,47,8,-1,-1,-1,2,1,2
2017010030663,2,8,0,5,0,1,0,0,0,0,2,1,1,1,45,7,-1,-1,-1,6,1,6
2017010030664,1,3,-1,-1,0,0,0,0,0,0,-1,1,6,3,-1,-1,-1,-1,-1,-1,-1,-1
2017010030667,1,9,0,5,0,2,0,0,0,0,4,1,6,1,27,6,-1,-1,-1,1,1,1
2017010030667,2,19,0,18,0,2,0,0,0,0,1,1,1,1,23,5,1248,2,12,4,1,4
2017010030670,1,9,0,13,0,0,0,0,0,0,4,1,6,1,38,7,-1,-1,-1,2,1,2
2017010030670,2,11,0,5,0,0,0,0,0,0,1,1,6,1,45,7,4500,2,2,2,1,2
2017010030683,1,9,0,18,0,1,0,0,0,0,4,1,6,2,22,5,1197,1,5,5,1,5
2017010030687,1,9,0,4,0,1,0,0,0,0,2,1,6,1,51,8,2496,2,12,7,1,7
2017010030687,2,9,0,4,0,1,0,0,0,0,2,1,6,1,30,6,1108,1,8,9,1,9
2017010030687,3,9,0,4,0,1,0,0,0,0,1,1,1,1,25,5,-1,-1,-1,7,3,7
2017010030689,1,9,0,18,0,0,0,0,0,0,3,-1,6,2,42,7,999,1,2,10,1,10
2017010030689,2,1,0,18,0,0,0,0,0,0,-1,1,6,1,27,6,-1,-1,-1,10,1,10
2017010030690,1,4,0,18,0,1,0,0,0,0,3,1,6,1,27,6,600,1,5,3,1,3
2017010030690,2,8,0,9,0,8,0,0,0,0,4,1,1,1,41,7,1497,8,9,2,1,2
2017010030691,1,9,0,18,0,1,0,0,0,0,1,-1,6,2,60,9,1596,1,3,-1,-1,-1
2017010030691,2,9,0,18,0,1,0,0,0,0,2,-1,6,2,-1,-1,-1,-1,-1,-1,-1,-1
2017010030691,3,9,0,18,0,1,0,0,0,0,0,-1,6,2,-1,-1,-1,-1,-1,-1,-1,-1
2017010030693,1,9,0,4,0,-1,0,0,0,0,-1,-1,6,1,54,8,2143,2,3,1,1,1
2017010030694,1,19,0,18,0,0,0,0,0,0,4,1,1,1,26,6,999,1,1,6,1,6
2017010030695,1,4,0,18,0,2,0,0,0,0,1,1,6,3,-1,-1,-1,-1,-1,-1,-1,-1
2017010030698,1,9,0,9,0,8,0,0,0,0,4,1,1,2,26,6,1598,1,10,4,1,4
2017010030702,1,1,0,18,4,8,5,0,0,0,0,1,6,1,28,6,-1,-1,-1,6,1,6
2017010030702,2,10,0,9,4,8,0,0,0,0,0,1,6,2,59,9,2198,2,5,1,1,1
2017010030710,1,9,0,3,0,1,0,0,0,0,2,1,6,1,70,10,1364,1,-1,5,1,5
2017010030710,2,9,0,4,0,1,0,0,0,0,1,1,6,2,22,5,1596,1,9,3,1,3
2017010030714,1,9,0,18,0,6,0,0,0,0,2,-1,6,2,-1,-1,2384,1,6,-1,-1,-1
2017010030714,2,1,0,18,0,8,0,0,0,0,1,1,2,1,36,7,-1,-1,-1,9,1,9
2017010030716,1,9,0,18,0,1,0,0,0,0,4,1,6,3,-1,-1,-1,-1,-1,-1,-1,-1
2017010030717,1,9,0,18,0,8,0,0,0,0,1,1,6,2,43,7,1598,2,6,9,1,9
2017010030717,2,9,0,9,0,1,0,0,0,0,4,1,6,1,26,6,-1,-1,-1,3,1,3
2017010030718,1,9,0,3,0,0,0,0,0,0,2,-1,6,2,37,7,1368,1,2,2,1,2
2017010030718,2,19,0,18,0,0,0,0,0,0,-1,-1,6,3,-1,-1,2463,2,12,-1,-1,-1
2017010030722,1,9,0,18,0,1,0,0,0,0,1,1,6,2,32,6,1398,1,3,2,1,2
2017010030722,2,19,0,18,0,8,0,0,0,0,1,2,1,1,58,9,-1,-1,-1,-1,-1,-1
2017010030727,1,9,0,3,0,4,0,0,0,0,2,1,1,1,45,7,2143,2,2,6,1,6
2017010030727,2,9,0,4,0,1,0,0,0,0,1,1,6,1,65,9,2438,1,23,2,1,2
2017010030729,1,9,0,3,0,0,0,0,0,0,3,1,6,2,29,6,1388,1,12,9,1,9
2017010030731,1,9,-1,-1,-1,-1,1,-1,-1,-1,-1,-1,6,3,-1,-1,1242,1,11,-1,-1,-1
2017010030732,1,9,0,9,0,6,0,0,0,0,1,1,6,2,28,6,1968,2,3,2,1,2
2017010030733,1,20,0,1,0,5,0,2,0,0,2,-1,6,1,47,8,-1,-1,-1,-1,-1,-1
2017010030736,1,9,0,18,0,0,0,0,0,0,1,1,6,1,19,4,-1,-1,-1,1,1,1
2017010030738,1,11,0,18,0,1,0,0,0,0,0,1,1,1,47,8,4500,2,3,2,1,2
2017010030739,1,1,0,18,0,8,1,-1,-1,-1,3,1,6,1,37,7,-1,-1,-1,4,1,4
2017010030739,2,9,0,10,0,1,0,-1,-1,-1,1,-1,1,1,-1,-1,1797,8,7,-1,-1,-1
2017010030743,1,11,0,5,0,0,0,0,0,0,0,1,6,1,60,9,4500,2,2,-1,-1,-1
2017010030744,1,90,0,18,0,8,0,0,0,0,1,1,6,1,42,7,-1,-1,-1,2,1,2
2017010030744,2,9,0,18,0,8,0,0,0,0,1,1,6,3,-1,-1,-1,-1,-1,-1,-1,-1
2017010030745,1,9,0,5,0,8,0,0,0,0,1,1,6,2,49,8,-1,-1,-1,1,1,1
2017010030745,2,1,0,18,0,8,0,0,0,0,1,1,6,1,32,6,-1,-1,-1,2,1,2
2017010030746,1,3,0,18,0,8,0,0,0,0,1,1,1,1,28,6,125,1,-1,2,1,2
2017010030746,2,9,0,9,0,8,0,0,0,0,1,1,6,1,46,8,1598,2,1,1,1,1
2017010030747,1,9,0,1,9,0,0,0,1,10,2,1,6,1,40,7,1995,2,5,8,1,8
2017010030748,1,9,0,18,0,8,1,0,0,0,4,1,2,1,39,7,1398,1,-1,1,1,1
2017010030748,2,9,0,6,0,8,0,0,0,0,1,1,6,1,27,6,2979,1,15,-1,-1,-1
2017010030749,1,19,0,9,0,1,1,0,0,0,1,1,6,1,36,7,-1,-1,-1,3,1,3
2017010030749,2,1,0,18,4,1,1,0,0,0,1,1,2,1,42,7,-1,-1,-1,3,1,3
2017010030750,1,9,0,18,0,1,0,0,0,0,1,1,6,1,68,10,999,1,3,4,2,4
2017010030752,1,2,0,7,0,8,0,11,0,0,1,1,6,1,34,6,124,1,10,4,1,4
2017010030752,2,9,5,5,0,8,0,0,0,0,1,1,6,1,27,6,1596,1,11,6,1,6
2017010030753,1,9,0,18,0,1,0,0,0,0,1,2,6,1,80,11,-1,3,1,8,1,8
2017010030753,2,1,0,3,0,1,0,0,0,0,2,1,6,2,34,6,-1,-1,-1,5,1,5
2017010030757,1,3,0,15,4,8,0,0,0,0,1,1,2,1,24,5,125,1,2,-1,-1,-1
2017010030757,2,9,0,9,0,5,0,0,0,0,4,1,2,1,32,6,1388,1,11,2,1,2
2017010030758,1,9,0,18,0,0,0,0,0,0,4,1,6,1,60,9,1198,1,10,-1,-1,-1
2017010030759,1,3,0,15,2,1,2,0,2,10,1,1,2,1,28,6,124,1,1,6,1,6
2017010030759,2,19,0,7,0,1,0,0,0,0,4,2,6,1,-1,-1,-1,-1,-1,-1,-1,-1
2017010030760,1,4,0,15,0,1,0,0,0,0,3,1,2,1,22,5,125,1,3,2,1,2
2017010030760,2,9,0,8,0,1,0,0,0,0,4,1,6,1,53,8,-1,-1,-1,2,1,2
2017010030761,1,9,0,9,0,8,0,0,0,0,1,1,6,1,60,9,3969,1,20,2,1,2
2017010030761,2,5,0,13,0,1,0,0,0,0,1,1,6,1,32,6,600,1,17,1,1,1
2017010030763,1,9,0,9,0,0,0,0,0,0,4,1,1,1,25,5,2495,2,14,3,1,3
2017010030763,2,5,0,18,0,0,2,0,0,0,1,1,6,1,60,9,1137,1,9,2,1,2
2017010030764,1,9,0,3,0,1,0,0,1,0,2,1,6,1,25,5,1988,2,13,10,3,10
2017010030764,2,9,0,3,0,1,0,0,1,0,2,1,6,2,37,7,1968,2,3,9,3,9
2017010030764,3,9,0,3,0,1,0,0,1,0,2,1,6,1,53,8,1598,1,7,3,1,3
2017010030764,4,9,0,3,0,1,0,0,1,0,1,2,6,1,31,6,-1,-1,-1,2,1,2
2017010030765,1,9,0,16,0,7,0,0,0,0,4,1,6,1,36,7,2993,2,-1,8,1,8
2017010030766,1,9,0,18,0,8,0,0,1,7,4,1,6,1,19,4,4163,1,4,6,1,6
2017010030766,2,9,0,9,0,8,0,0,0,0,4,1,6,1,34,6,1229,1,12,6,1,6
2017010030767,1,9,0,18,0,2,0,0,0,0,1,1,6,1,79,11,1197,1,2,5,2,5
2017010030769,1,1,0,9,0,0,0,0,0,0,1,1,6,1,34,6,-1,-1,-1,3,1,3
2017010030769,2,9,0,18,0,0,0,0,0,0,1,1,6,1,48,8,998,1,14,2,1,2
2017010030773,1,9,0,18,0,8,0,0,0,0,1,1,6,3,-1,-1,-1,-1,-1,-1,-1,-1
2017010030773,2,1,0,18,0,8,5,0,0,0,3,1,6,1,25,5,-1,-1,-1,3,1,3
2017010030775,1,9,0,18,0,0,0,4,0,0,1,1,6,1,23,5,1197,1,3,10,3,10
2017010030775,2,9,0,2,0,0,0,0,0,0,3,1,6,3,-1,-1,1560,2,6,-1,-1,-1
2017010030775,3,9,0,2,0,0,0,0,0,0,4,1,6,3,-1,-1,1329,1,8,-1,-1,-1
2017010030776,1,9,0,9,0,2,0,0,0,0,1,1,6,1,77,11,1799,1,11,9,1,9
2017010030776,2,9,0,18,0,8,0,0,0,0,1,1,6,1,31,6,1289,1,17,6,1,6
2017010030777,1,5,0,5,9,0,0,0,7,0,1,1,1,1,43,7,471,1,1,3,1,3
2017010030777,2,4,0,5,9,0,0,0,1,0,1,1,6,3,-1,-1,330,1,3,-1,-1,-1