Accident_Index,Vehicle_Reference,Vehicle_Type,Towing_and_Articulation,Vehicle_Manoeuvre,Vehicle_Location-Restricted_Lane,Junction_Location,Skidding_and_Overturning,Hit_Object_in_Carriageway,Vehicle_Leaving_Carriageway,Hit_Object_off_Carriageway,1st_Point_of_Impact,Was_Vehicle_Left_Hand_Drive?,Journey_Purpose_of_Driver,Sex_of_Driver,Age_of_Driver,Age_Band_of_Driver,Engine_Capacity_(CC),Propulsion_Code,Age_of_Vehicle,Driver_IMD_Decile,Driver_Home_Area_Type,Vehicle_IMD_Decile
2017010032272,2,9,0,18,0,4,0,0,0,0,1,1,6,2,43,7,1685,2,2,10,1,10
2017010032273,1,9,0,10,0,8,0,10,0,0,3,2,6,2,41,7,1598,1,6,8,1,8
2017010032273,2,9,0,18,0,8,0,0,0,0,1,1,6,1,41,7,1398,1,1,4,1,4
2017010032274,1,9,0,17,9,0,1,0,2,1,2,1,6,1,33,6,5204,1,1,9,1,9
2017010032275,1,9,0,18,0,2,5,10,0,0,1,1,6,1,28,6,-1,-1,-1,6,1,6
2017010032275,2,8,0,18,0,1,0,0,0,0,3,1,1,1,38,7,1997,2,7,5,1,5
2017010032275,3,9,0,18,0,1,0,0,0,0,1,1,6,1,39,7,1999,1,19,2,1,2
2017010032275,4,9,0,18,0,1,0,0,0,0,1,1,6,1,31,6,1896,2,16,1,1,1
2017010032275,5,90,0,18,0,1,0,0,0,0,0,1,1,1,-1,-1,-1,-1,-1,2,1,2
2017010032277,1,9,0,9,0,6,0,0,0,0,4,1,6,1,49,8,1598,1,9,6,1,6
2017010032279,1,4,0,4,0,1,0,0,0,0,3,1,2,1,32,6,124,1,1,8,1,8
2017010032279,2,9,0,4,0,1,0,0,0,0,1,1,6,1,29,6,2993,2,9,8,1,8
2017010032282,1,11,0,4,0,1,0,0,0,0,3,1,1,1,64,9,-1,-1,-1,8,3,8
2017010032283,1,9,0,18,9,2,0,0,7,1,1,1,6,1,44,7,2143,2,8,6,1,6
2017010032284,1,9,5,18,0,0,1,4,0,0,1,1,6,1,24,5,1461,2,3,3,1,3
2017010032284,2,9,0,2,0,0,0,0,0,0,1,1,6,3,-1,-1,1968,2,10,-1,-1,-1
2017010032286,1,8,0,13,0,1,0,0,0,0,1,1,1,1,36,7,2143,2,2,2,1,2
2017010032286,2,4,0,13,0,1,0,0,0,0,4,1,6,1,18,4,124,1,5,5,1,5
2017010032288,1,9,0,17,0,1,0,10,1,2,1,1,6,2,33,6,1598,2,-1,8,1,8
2017010032290,1,9,0,9,0,8,0,0,0,0,1,1,6,2,29,6,1796,1,7,2,1,2
2017010032290,2,9,0,18,0,8,0,0,0,0,3,1,6,1,53,8,1598,2,6,6,2,6
2017010032291,1,9,0,9,0,8,0,0,0,0,2,1,6,2,46,8,-1,-1,-1,4,1,4
2017010032291,2,4,0,18,0,8,1,0,0,0,1,1,1,1,43,7,249,1,8,3,1,3
2017010032293,1,9,0,18,0,0,0,0,0,0,1,1,6,1,23,5,2497,1,12,1,1,1
2017010032293,2,9,0,5,0,0,0,0,0,0,2,1,6,2,43,7,1686,2,5,1,1,1
2017010032294,1,9,0,18,0,8,0,0,0,0,1,1,6,1,37,7,2993,2,7,7,1,7
2017010032294,2,9,0,9,0,8,0,0,0,0,1,1,6,1,36,7,1390,1,15,2,1,2
2017010032296,1,9,0,1,0,8,0,0,0,0,2,1,6,1,56,9,1299,1,13,4,1,4
2017010032297,1,9,0,5,0,3,0,0,0,0,4,1,6,1,33,6,5998,1,13,3,1,3
2017010032297,2,19,0,9,0,3,0,0,0,0,3,1,1,1,51,8,2402,2,12,3,1,3
2017010032298,1,9,0,18,0,1,0,0,0,0,0,1,6,2,57,9,1560,2,6,4,1,4
2017010032298,2,1,0,18,0,1,0,0,0,0,0,1,6,1,72,10,-1,-1,-1,2,1,2
2017010032299,1,9,0,4,0,8,0,0,0,0,2,1,6,2,78,11,1198,1,6,5,1,5
2017010032299,2,9,0,13,0,8,0,0,0,0,1,1,6,1,69,10,1199,1,14,6,1,6
2017010032300,1,9,0,7,0,6,1,10,1,5,1,1,6,2,23,5,2143,2,1,2,1,2
2017010032301,1,90,0,9,0,5,0,0,0,0,0,1,1,1,37,7,2143,2,5,3,1,3
2017010032301,2,3,0,18,0,5,0,0,0,0,1,1,1,1,17,4,108,1,3,3,1,3
2017010032302,1,9,5,16,0,0,0,4,0,0,1,1,6,1,25,5,5461,1,4,2,1,2
2017010032302,2,9,0,3,0,0,0,0,0,0,3,2,6,1,37,7,1797,8,5,2,1,2
2017010032302,3,9,0,4,0,0,0,0,0,0,3,1,6,1,46,8,2987,2,3,5,1,5
2017010032303,1,9,0,3,0,4,0,0,0,0,3,1,6,2,22,5,1461,2,4,8,1,8
2017010032303,2,3,0,9,0,3,5,0,0,0,1,1,6,1,19,4,108,1,1,8,1,8
2017010032304,1,8,0,9,0,5,0,0,0,0,3,1,1,1,54,8,1997,2,5,2,1,2
2017010032304,2,3,0,18,0,1,5,0,0,0,1,1,6,1,32,6,125,1,5,3,1,3
2017010032305,1,11,0,4,0,1,0,0,0,0,0,1,6,1,54,8,5132,2,-1,5,1,5
2017010032307,1,8,0,7,0,1,0,0,0,0,4,1,1,1,40,7,1998,2,7,2,1,2
2017010032307,2,1,0,18,0,1,1,0,0,0,1,1,6,2,27,6,-1,-1,-1,3,1,3
2017010032308,1,2,0,14,0,0,0,0,0,0,1,1,6,1,19,4,124,1,1,4,1,4
2017010032309,1,9,0,4,0,0,0,0,0,0,2,1,6,1,25,5,1388,1,7,2,1,2
2017010032309,2,19,0,4,0,0,0,0,0,0,1,1,1,1,23,5,1499,2,-1,8,1,8
2017010032310,1,9,0,3,0,1,0,8,0,0,4,1,6,2,37,7,1242,1,8,7,1,7
2017010032310,2,3,0,15,0,1,0,8,0,0,3,1,1,1,21,5,125,1,6,2,1,2
2017010032312,1,9,0,5,0,0,0,0,0,0,1,1,6,2,42,7,1984,1,11,4,1,4
2017010032312,2,4,0,17,0,0,0,0,0,0,1,1,1,1,25,5,125,1,4,4,1,4
2017010032313,1,9,0,9,0,8,0,0,0,0,3,1,6,2,49,8,1598,1,7,5,1,5
2017010032313,2,4,0,18,0,8,2,0,0,0,1,1,6,1,27,6,125,1,12,5,1,5
2017010032314,1,9,0,18,2,0,0,0,0,0,1,2,6,2,28,6,1596,1,10,3,1,3
2017010032316,1,9,0,18,0,8,0,0,0,0,3,1,6,1,27,6,1686,2,12,2,1,2
2017010032316,2,9,0,9,0,5,0,0,0,0,1,1,6,1,34,6,1753,2,9,8,1,8
2017010032317,1,8,0,3,0,1,0,4,0,0,2,1,1,1,52,8,2143,2,6,3,1,3
2017010032317,2,9,0,18,0,1,0,4,0,0,1,1,6,1,-1,-1,1560,2,6,3,1,3
2017010032317,3,9,0,3,0,1,0,0,0,0,2,1,6,1,30,6,1998,1,20,1,1,1
2017010032318,1,3,0,17,0,0,1,0,0,0,1,1,1,1,18,4,108,1,3,3,1,3
2017010032318,2,9,0,2,0,0,0,0,0,0,2,1,6,3,-1,-1,1900,2,13,-1,-1,-1
2017010032320,1,9,0,3,9,-1,0,-1,-1,-1,1,1,6,1,57,9,1896,2,15,5,1,5
2017010032321,1,9,0,3,0,1,0,0,0,0,1,1,6,1,54,8,3628,2,7,6,1,6
2017010032321,2,9,0,17,0,2,0,0,0,0,1,1,6,1,46,8,1998,1,13,5,1,5
2017010032322,1,9,0,4,0,1,0,0,0,0,0,1,6,1,25,5,1968,2,6,2,1,2
2017010032323,1,9,0,13,0,1,2,7,7,0,1,1,6,1,28,6,1796,1,8,7,1,7
2017010032323,2,9,0,18,0,1,0,0,0,0,3,1,6,1,33,6,1499,2,2,2,1,2
2017010032324,1,9,0,10,0,1,0,0,0,0,2,1,6,2,42,7,1597,1,18,2,1,2
2017010032324,2,9,0,18,0,1,0,0,0,0,1,1,6,3,-1,-1,1596,1,12,-1,-1,-1
2017010032325,1,9,0,5,0,1,0,0,0,0,1,1,6,1,46,8,1389,1,14,3,1,3
2017010032327,1,9,0,9,0,2,0,0,1,10,1,1,6,1,22,5,1598,2,-1,3,1,3
2017010032328,1,3,0,18,9,8,0,7,1,2,1,1,6,1,23,5,108,1,1,2,1,2
2017010032332,1,9,0,18,0,0,0,0,0,0,1,1,6,1,33,6,2996,1,3,3,1,3
2017010032332,2,9,0,18,0,0,0,0,0,0,2,1,6,1,36,7,2993,2,6,7,1,7
2017010032333,1,9,0,18,0,0,5,4,0,0,1,1,6,1,32,6,1968,2,8,1,1,1
2017010032333,2,9,0,2,0,0,0,0,0,0,1,1,6,3,-1,-1,1798,1,9,-1,-1,-1
2017010032333,3,9,0,2,0,0,0,0,0,0,1,1,6,3,-1,-1,1910,2,9,-1,-1,-1
2017010032335,1,9,0,18,0,1,0,0,0,0,1,1,6,3,-1,-1,-1,-1,-1,-1,-1,-1
2017010032336,1,9,0,18,0,1,0,0,0,0,1,1,6,1,22,5,1598,1,4,2,1,2
2017010032336,2,9,0,3,0,1,0,0,0,0,3,1,6,1,36,7,1995,1,9,-1,-1,-1
2017010032336,3,9,0,3,0,1,0,0,0,0,3,1,6,1,26,6,1796,1,13,3,1,3
2017010032336,4,19,0,18,0,1,0,0,0,0,0,1,1,1,40,7,2198,2,2,6,1,6
2017010032337,1,3,0,18,0,1,1,0,0,0,0,1,6,1,19,4,125,1,-1,7,1,7
2017010032337,2,8,0,9,0,8,0,0,0,0,0,1,1,1,40,7,1968,2,7,4,1,4
2017010032339,1,9,0,18,0,1,0,7,0,0,1,1,6,1,29,6,1596,1,15,5,1,5
2017010032340,1,9,0,11,0,8,2,10,1,7,1,1,6,1,19,4,1461,2,8,3,1,3
2017010032342,1,9,0,7,0,0,0,11,1,10,1,1,6,1,35,6,1149,1,16,1,1,1
2017010032344,1,9,0,18,0,6,0,0,0,0,1,1,6,3,-1,-1,-1,-1,-1,-1,-1,-1
2017010032346,1,11,0,4,0,2,0,0,0,0,1,1,1,1,61,9,8268,2,13,2,1,2
2017010032346,2,5,0,16,0,1,1,0,0,0,1,1,6,1,49,8,645,1,17,4,1,4
2017010032352,1,9,0,5,0,1,0,0,0,0,1,1,6,2,29,6,1968,2,6,4,1,4
2017010032353,1,9,0,4,0,8,0,0,0,0,1,1,6,1,28,6,1396,1,17,4,1,4
2017010032353,2,9,0,4,0,8,0,0,0,0,2,1,6,2,52,8,1995,1,6,3,1,3
2017010032354,1,9,0,18,0,1,0,0,3,0,1,1,6,2,37,7,1339,1,15,5,1,5
2017010032354,2,9,0,18,0,8,0,0,0,0,4,1,6,2,52,8,1198,1,7,4,1,4
2017010032355,1,9,0,3,0,1,0,0,0,0,2,1,6,2,40,7,1598,1,12,1,1,1
2017010032355,2,9,0,4,0,1,0,0,0,0,1,1,2,1,48,8,1199,1,15,5,1,5
2017010032356,1,9,0,16,0,0,0,11,0,0,1,1,6,1,19,4,1995,1,13,4,1,4
2017010032356,2,9,0,17,0,0,0,11,0,0,1,1,6,2,40,7,2993,2,12,3,1,3
2017010032357,1,9,0,18,0,2,0,0,0,0,1,1,6,1,53,8,1896,2,17,4,1,4
2017010032359,1,10,0,3,4,1,0,0,0,0,4,1,1,1,46,8,-1,-1,-1,6,1,6
2017010032359,2,1,0,18,4,8,0,0,0,0,1,1,6,1,37,7,-1,-1,-1,7,1,7
2017010032360,1,9,0,5,0,2,0,0,0,0,3,1,6,2,23,5,1397,1,13,2,1,2
2017010032360,2,9,0,14,0,2,1,0,1,0,4,1,6,1,37,7,-1,-1,-1,3,1,3
2017010032361,1,9,0,18,0,1,0,0,0,0,1,1,6,1,72,10,1497,8,4,8,1,8
2017010032363,1,9,0,18,0,8,0,0,0,0,3,1,6,2,27,6,1490,1,9,8,1,8
2017010032363,2,9,0,9,0,8,0,0,0,0,1,1,6,1,24,5,1497,1,14,-1,1,-1
2017010032364,1,8,0,7,0,5,0,0,0,0,4,1,1,1,66,10,1497,8,9,4,1,4
2017010032364,2,4,0,15,0,8,0,0,0,0,1,1,6,1,27,6,125,1,1,1,1,1
2017010032365,1,9,0,18,0,1,0,0,0,0,1,1,6,2,22,5,1242,1,9,8,1,8
2017010032365,2,9,0,10,0,1,0,0,0,0,1,1,6,1,54,8,-1,-1,-1,9,2,9
2017010032366,1,9,0,12,0,8,0,0,1,0,1,1,6,2,40,7,1086,1,9,3,1,3
2017010032366,2,1,0,12,0,8,0,0,0,0,2,1,6,1,44,7,-1,-1,-1,6,1,6
2017010032368,1,11,0,18,0,2,0,11,0,0,1,1,1,1,22,5,6871,2,8,6,1,6
2017010032376,1,9,0,9,0,6,0,0,0,0,3,1,1,1,32,6,1396,1,15,4,1,4
2017010032376,2,9,0,18,0,1,0,0,0,0,1,1,6,1,32,6,1242,1,13,2,1,2
2017010032377,1,8,0,4,0,8,0,0,0,0,2,1,6,1,35,6,1798,8,3,-1,-1,-1
2017010032377,2,9,0,4,0,8,0,0,0,0,1,1,6,2,51,8,2143,2,5,6,1,6
2017010032379,1,9,0,18,0,8,0,0,0,0,1,1,6,1,37,7,1360,1,10,4,1,4
2017010032379,2,9,0,9,0,8,0,0,0,0,4,1,6,1,30,6,1796,1,9,5,1,5
2017010032380,1,9,0,18,0,1,0,0,0,0,1,1,6,1,25,5,1339,1,8,7,1,7
2017010032380,2,9,0,2,0,1,0,0,0,0,2,1,6,3,-1,-1,1598,2,4,-1,-1,-1
2017010032384,1,9,0,18,0,1,0,0,0,0,3,1,6,1,25,5,2996,1,10,4,1,4
2017010032384,2,9,0,9,0,8,0,0,0,0,1,1,6,2,-1,-1,1229,1,4,5,1,5
2017010032386,1,9,0,7,9,8,0,0,1,10,1,1,6,2,20,4,1995,2,9,6,1,6
2017010032387,1,9,0,5,0,2,0,0,0,0,1,1,6,1,55,8,1598,1,15,3,1,3
2017010032390,1,5,0,18,0,2,0,0,0,0,2,1,2,1,36,7,599,1,9,-1,-1,-1
2017010032396,1,9,-1,-1,-1,-1,-1,-1,-1,-1,-1,-1,6,1,48,8,1995,2,9,6,1,6
2017010032397,1,9,0,9,0,6,0,0,0,0,0,1,6,2,32,6,1390,1,7,5,1,5
2017010032397,2,5,0,18,0,6,1,0,0,0,0,1,6,1,33,6,999,1,10,4,1,4
2017010032407,1,9,0,9,0,8,0,0,0,0,1,1,2,2,51,8,1997,1,13,5,1,5
2017010032412,1,1,-1,18,0,8,0,0,0,0,0,1,6,2,55,8,-1,-1,-1,8,1,8
2017010032420,1,9,0,-1,0,3,0,0,0,0,4,-1,6,1,36,7,1242,1,6,5,1,5
2017010032428,1,9,0,-1,0,1,0,0,0,0,2,-1,6,2,29,6,998,1,5,8,1,8
2017010032428,2,19,0,-1,0,1,0,0,-1,-1,1,-1,6,3,-1,-1,2198,2,5,-1,-1,-1
2017010032430,1,9,-1,-1,-1,-1,-1,-1,-1,-1,-1,-1,6,1,21,5,1248,2,13,-1,-1,-1
2017010032430,2,9,-1,-1,-1,-1,-1,-1,-1,-1,-1,-1,6,1,-1,-1,-1,-1,-1,-1,-1,-1
2017010032433,1,8,0,18,0,1,0,11,0,0,3,1,1,1,36,7,1798,8,3,2,1,2
2017010032433,2,19,0,2,0,1,0,0,0,0,2,1,6,3,-1,-1,1968,2,3,-1,-1,-1
2017010032445,1,9,-1,18,0,0,-1,10,0,0,1,-1,6,1,36,7,1997,2,8,-1,-1,-1
2017010032449,1,9,0,5,0,2,0,0,0,0,1,1,2,2,56,9,1998,1,10,7,1,7
2017010032449,2,5,0,5,0,1,0,0,0,0,2,1,2,1,42,7,865,1,2,5,1,5
2017010032452,1,9,-1,-1,-1,0,-1,-1,-1,-1,-1,-1,6,2,50,8,1461,2,3,1,1,1
2017010032452,2,9,-1,-1,-1,0,-1,-1,-1,-1,-1,-1,6,1,-1,-1,2231,2,2,-1,-1,-1
2017010032454,1,4,0,3,0,1,0,0,0,0,2,1,1,1,37,7,806,1,2,3,1,3
2017010032454,2,9,0,18,0,1,0,0,0,0,1,1,1,1,32,6,1999,1,1,9,1,9
2017010032459,1,19,0,4,0,0,0,0,0,0,2,1,6,1,37,7,1896,2,8,-1,-1,-1
2017010032459,2,19,0,18,0,0,0,0,0,0,1,1,1,1,27,6,4249,2,10,-1,-1,-1
2017010032460,1,9,-1,-1,0,-1,-1,-1,0,0,-1,-1,6,2,27,6,1598,1,14,2,1,2
2017010032460,2,9,-1,-1,0,-1,-1,-1,-1,0,-1,-1,6,1,-1,-1,2987,2,9,4,1,4
2017010032461,1,1,0,18,0,2,0,8,0,0,1,1,6,1,57,9,-1,-1,-1,3,1,3
2017010032461,2,9,-1,2,0,2,-1,0,0,0,3,-1,6,3,-1,-1,1364,2,10,-1,-1,-1
2017010032468,1,9,-1,-1,-1,-1,-1,-1,-1,-1,-1,-1,6,1,19,4,1598,2,1,5,1,5
2017010032469,1,8,0,7,2,8,0,0,0,0,4,1,1,2,24,5,1781,1,17,6,1,6
2017010032469,2,1,0,16,2,1,1,0,0,0,1,1,1,2,57,9,-1,-1,-1,3,1,3
2017010032472,1,1,0,18,4,8,0,0,-1,0,1,1,1,2,26,6,-1,-1,-1,5,1,5
2017010032472,2,9,0,9,0,1,0,0,-1,0,1,-1,6,1,-1,-1,1560,2,5,-1,-1,-1
2017010032476,1,1,0,10,0,1,0,0,0,0,4,1,6,2,23,5,-1,-1,-1,5,1,5
2017010032476,2,9,0,10,0,1,0,0,0,0,4,1,6,1,27,6,1984,1,8,-1,-1,-1
2017010032477,1,21,0,18,0,0,0,0,0,0,1,1,1,1,34,6,10677,2,2,7,1,7
2017010032483,1,5,-1,-1,-1,-1,-1,-1,-1,-1,-1,1,6,1,41,7,999,1,4,7,1,7
2017010032483,2,9,-1,-1,-1,-1,-1,-1,-1,-1,-1,-1,6,1,-1,-1,1598,2,2,-1,-1,-1
2017010032485,1,11,0,18,0,2,0,0,0,0,4,1,1,1,22,5,4500,2,3,4,1,4
2017010032485,2,20,4,8,0,1,0,0,0,0,1,2,6,3,-1,-1,-1,-1,-1,-1,-1,-1
2017010032486,1,9,0,18,0,0,0,0,0,0,1,1,6,1,25,5,1598,2,4,1,1,1
2017010032488,1,19,0,7,0,8,0,0,0,0,4,1,1,1,50,8,12777,2,5,6,2,6
2017010032488,2,1,0,15,0,8,5,0,0,0,1,1,2,1,31,6,-1,-1,-1,3,1,3
2017010032490,1,19,0,9,0,5,0,0,0,0,1,1,1,1,62,9,1995,2,6,2,1,2
2017010032491,1,9,-1,-1,-1,-1,-1,-1,-1,-1,-1,-1,6,1,39,7,1968,2,1,3,1,3
2017010032492,1,19,0,18,0,2,0,0,0,0,4,1,2,1,46,8,1968,2,-1,4,1,4
2017010032492,2,1,0,18,0,1,0,0,0,0,2,1,1,1,38,7,-1,-1,-1,6,1,6
2017010032494,1,1,0,18,4,0,0,-1,0,0,1,1,6,1,39,7,-1,-1,-1,4,1,4
2017010032498,1,8,0,18,0,0,0,0,0,0,3,1,1,1,27,6,1797,8,7,7,1,7
2017010032499,1,1,-1,-1,-1,-1,-1,-1,-1,-1,-1,1,6,1,31,6,-1,-1,-1,6,1,6
2017010032499,2,9,-1,-1,-1,-1,-1,-1,-1,-1,-1,-1,6,1,-1,-1,1598,1,4,-1,-1,-1
2017010032503,1,9,0,18,0,8,0,0,0,0,1,1,6,2,24,5,998,1,3,10,1,10
2017010032503,2,9,0,18,0,8,0,0,0,0,2,1,6,1,68,10,1596,1,7,10,1,10
2017010032505,1,9,0,18,0,1,0,0,0,0,2,1,6,2,34,6,1997,1,7,3,1,3
2017010032505,2,9,0,18,0,1,0,0,0,0,0,1,6,1,27,6,1991,2,6,-1,-1,-1
2017010032507,1,9,-1,-1,-1,0,-1,-1,-1,-1,-1,-1,6,2,58,9,1699,1,9,-1,-1,-1
2017010032507,2,9,-1,-1,-1,0,-1,-1,-1,-1,-1,-1,6,1,-1,-1,1240,1,14,-1,-1,-1
2017010032508,1,11,0,5,2,6,0,0,0,0,3,1,6,1,47,8,4461,2,4,3,1,3
2017010032508,2,9,0,11,2,1,0,0,0,0,1,1,6,2,23,5,2000,2,7,1,1,1
2017010032513,1,11,0,18,0,0,0,0,0,0,0,1,6,3,-1,-1,-1,-1,-1,-1,-1,-1
2017010032516,1,3,0,18,0,6,0,0,0,0,1,1,6,1,25,5,125,1,8,-1,-1,-1
2017010032517,1,9,0,18,0,8,0,0,0,0,1,1,6,2,27,6,1998,1,15,2,1,2
2017010032517,2,9,0,9,0,1,0,0,0,0,1,1,6,1,18,4,1590,1,15,4,1,4
2017010032524,1,9,0,18,9,0,5,10,2,5,1,1,6,2,48,8,1595,1,14,2,1,2
2017010032528,1,9,0,10,0,2,0,0,0,0,3,1,4,1,18,4,1197,1,2,5,1,5
2017010032528,2,3,0,18,0,1,0,0,0,0,1,1,6,1,25,5,124,1,6,6,1,6
2017010032529,1,11,0,18,0,1,0,0,0,0,0,1,6,1,56,9,7300,2,12,2,1,2
2017010032529,2,9,0,9,0,6,0,0,0,0,0,1,6,2,-1,-1,4735,1,2,-1,-1,-1
2017010032530,1,9,0,18,9,0,0,10,1,4,1,1,6,2,35,6,1896,2,9,4,1,4
2017010032531,1,11,0,18,2,1,0,0,0,0,0,1,1,1,61,9,6700,2,8,10,1,10
2017010032535,1,1,0,18,0,3,0,0,0,0,3,1,6,1,41,7,-1,-1,-1,-1,-1,-1
2017010032538,1,11,0,18,0,1,0,0,0,0,0,1,1,1,43,7,4461,2,3,3,1,3
2017010032540,1,20,0,18,0,0,0,4,1,0,1,1,6,3,-1,-1,4461,2,9,-1,-1,-1
2017010032540,2,9,0,2,0,0,0,0,0,0,3,1,6,3,-1,-1,1598,1,14,-1,-1,-1
2017010032541,1,3,0,15,0,2,0,0,0,0,1,1,6,3,-1,-1,-1,-1,-1,-1,-1,-1
2017010032543,1,9,0,18,0,0,0,0,0,0,4,1,2,1,47,8,1796,1,11,6,1,6
2017010032544,1,11,0,18,0,1,0,0,0,0,0,1,1,1,41,7,4500,2,-1,7,1,7
2017010032544,2,9,0,7,0,1,0,0,0,0,0,1,6,1,38,7,1896,2,13,2,1,2
2017010032545,1,9,-1,4,0,0,0,0,0,0,2,-1,6,2,20,4,1299,1,13,9,1,9
2017010032545,2,9,0,18,0,0,-1,0,0,0,1,-1,6,1,-1,-1,1596,1,10,-1,-1,-1
2017010032545,3,19,0,4,0,0,-1,0,0,0,2,-1,6,1,-1,-1,-1,-1,-1,-1,-1,-1
2017010032549,1,5,0,5,0,4,0,0,0,0,1,1,6,1,33,6,645,1,12,2,1,2
2017010032554,1,3,0,18,0,8,-1,0,0,0,3,1,6,1,29,6,1255,1,9,10,3,10
2017010032554,2,9,-1,9,0,5,-1,0,0,0,1,-1,6,1,-1,-1,1389,1,21,5,1,5
2017010032556,1,11,0,5,0,3,0,0,0,0,0,1,1,1,48,8,-1,3,3,4,1,4
2017010032558,1,4,0,12,0,2,0,0,0,0,1,1,6,1,39,7,125,1,3,5,1,5
2017010032561,1,1,0,18,0,2,0,0,0,0,1,1,6,3,-1,-1,-1,-1,-1,-1,-1,-1
2017010032562,1,9,0,3,0,2,0,0,0,0,2,1,6,1,34,6,1968,2,1,3,1,3
2017010032562,2,19,0,18,0,2,0,0,0,0,1,1,1,1,76,11,2295,7,12,7,1,7
2017010032563,1,9,0,18,0,5,0,0,0,0,4,1,6,2,24,5,1461,2,2,4,1,4
2017010032563,2,3,0,18,0,1,0,0,0,0,1,1,6,1,38,7,125,1,3,3,1,3
2017010032564,1,9,0,11,0,1,0,0,0,0,1,1,6,2,34,6,1796,1,10,3,1,3
2017010032564,2,9,0,18,0,1,0,0,0,0,3,1,6,2,33,6,2204,2,9,2,1,2
2017010032565,1,9,0,18,0,0,0,0,0,0,1,1,6,1,54,8,2793,1,17,4,1,4
2017010032566,1,11,0,4,2,1,0,0,0,0,0,1,1,1,52,8,6700,2,9,2,1,2
2017010032567,1,9,0,18,0,1,0,0,0,0,1,1,6,1,69,10,1796,1,8,4,1,4
2017010032568,1,19,0,7,0,8,0,0,0,0,4,1,6,3,-1,-1,-1,-1,-1,-1,-1,-1
2017010032569,1,3,0,18,0,2,0,0,0,0,1,1,6,3,-1,-1,-1,-1,-1,-1,-1,-1
2017010032570,1,1,0,18,4,0,1,0,0,0,1,1,2,1,44,7,-1,-1,-1,6,1,6
2017010032570,2,1,0,12,4,0,0,0,0,0,3,1,6,1,61,9,-1,-1,-1,-1,-1,-1
2017010032571,1,9,0,9,0,5,0,0,0,0,4,1,2,1,22,5,1397,1,8,5,1,5
2017010032571,2,1,0,18,0,5,0,0,0,0,1,1,2,1,32,6,-1,-1,-1,2,1,2
2017010032574,1,11,0,5,0,0,0,0,0,0,0,1,1,1,37,7,4500,2,7,2,1,2
2017010032575,1,11,0,4,0,1,0,0,0,0,0,1,1,1,48,8,4500,2,-1,2,1,2
2017010032576,1,3,0,4,0,2,5,0,0,0,1,1,6,1,28,6,125,1,1,7,1,7
2017010032576,2,1,0,4,0,2,0,0,0,0,2,1,2,1,37,7,-1,-1,-1,3,1,3
2017010032577,1,9,0,18,0,8,0,0,2,10,3,1,6,1,55,8,1395,1,1,3,1,3
2017010032577,2,9,0,17,0,8,0,0,0,0,4,1,2,1,49,8,1598,1,5,5,1,5
2017010032578,1,9,0,9,0,2,0,0,0,0,2,1,6,2,25,5,996,1,2,3,1,3
2017010032578,2,5,0,18,0,1,0,0,0,0,1,1,1,1,52,8,745,1,3,3,1,3
2017010032579,1,2,0,18,0,2,1,0,0,0,3,1,6,1,38,7,124,1,12,7,1,7
2017010032579,2,2,0,18,0,2,0,0,0,0,3,1,6,3,-1,-1,-1,-1,-1,-1,-1,-1
2017010032581,1,8,0,18,0,8,0,0,0,0,3,1,1,1,56,9,2499,2,6,-1,-1,-1
2017010032581,2,9,0,18,0,8,0,0,0,0,1,1,6,2,20,4,1199,1,2,6,1,6
2017010032582,1,5,0,18,0,1,0,0,0,0,1,1,6,1,32,6,599,1,16,9,1,9
2017010032582,2,9,0,9,0,1,0,0,0,0,1,1,6,2,27,6,1984,1,2,3,1,3
2017010032583,1,9,0,9,0,1,0,0,0,0,1,1,6,3,-1,-1,-1,-1,-1,-1,-1,-1
2017010032584,1,11,0,18,2,1,0,0,0,0,2,1,1,1,59,9,4760,2,5,7,1,7
2017010032584,2,4,0,18,0,1,0,0,0,0,1,1,1,1,20,4,125,1,1,10,1,10
2017010032585,1,11,0,4,0,4,0,0,0,0,0,1,1,1,39,7,8268,2,14,4,1,4
2017010032586,1,11,0,5,0,0,0,0,0,0,3,1,6,1,57,9,-1,-1,-1,9,1,9
2017010032586,2,1,0,13,0,0,0,0,0,0,4,1,6,2,42,7,-1,-1,-1,7,1,7
2017010032588,1,9,0,9,0,1,0,0,0,0,1,2,2,2,25,5,1796,1,9,5,1,5
2017010032588,2,4,0,5,0,1,0,0,0,0,4,1,1,1,21,5,124,1,5,3,1,3
2017010032589,1,8,0,9,0,8,0,0,0,0,1,1,6,1,42,7,1560,2,5,2,1,2
2017010032589,2,5,0,15,2,1,0,0,0,0,3,1,2,1,40,7,675,1,10,7,1,7
2017010032590,1,9,0,8,0,1,0,4,0,0,1,1,6,1,26,6,2494,8,1,2,1,2
2017010032590,2,8,0,3,0,1,0,0,0,0,2,1,1,1,52,8,1686,2,7,1,1,1
2017010032591,1,11,0,18,0,0,0,0,0,0,4,2,1,1,47,8,-1,-1,-1,-1,-1,-1
2017010032592,1,9,0,16,0,1,5,0,7,2,3,1,2,2,27,6,1198,1,4,10,1,10
2017010032592,2,9,0,5,0,6,0,0,0,0,3,1,2,2,35,6,1798,8,2,5,1,5
2017010032592,3,9,0,18,0,1,0,0,0,0,3,1,6,2,59,9,1968,2,2,8,1,8
2017010032593,1,9,0,1,0,6,0,0,0,0,3,1,6,1,25,5,1598,1,14,3,1,3