Accident_Index,Vehicle_Reference,Vehicle_Type,Towing_and_Articulation,Vehicle_Manoeuvre,Vehicle_Location-Restricted_Lane,Junction_Location,Skidding_and_Overturning,Hit_Object_in_Carriageway,Vehicle_Leaving_Carriageway,Hit_Object_off_Carriageway,1st_Point_of_Impact,Was_Vehicle_Left_Hand_Drive?,Journey_Purpose_of_Driver,Sex_of_Driver,Age_of_Driver,Age_Band_of_Driver,Engine_Capacity_(CC),Propulsion_Code,Age_of_Vehicle,Driver_IMD_Decile,Driver_Home_Area_Type,Vehicle_IMD_Decile
2017010032594,1,9,0,3,0,8,0,0,0,0,0,1,6,1,50,8,1598,1,11,2,1,2
2017010032594,2,9,0,5,0,8,0,0,0,0,1,1,6,3,-1,-1,-1,-1,-1,-1,-1,-1
2017010032595,1,9,0,18,0,2,0,0,0,0,4,1,6,1,58,9,2987,2,8,9,1,9
2017010032595,2,4,0,18,0,2,2,0,0,0,3,1,6,1,27,6,124,1,1,5,1,5
2017010032596,1,11,0,5,0,1,0,0,0,0,0,1,1,2,53,8,5132,2,-1,3,1,3
2017010032597,1,9,0,18,0,0,0,0,0,0,2,1,6,2,54,8,1796,1,12,9,1,9
2017010032597,2,9,0,13,0,0,1,0,0,0,1,1,6,3,-1,-1,1991,1,1,-1,-1,-1
2017010032598,1,4,0,18,0,1,0,0,0,0,1,1,6,1,22,5,124,1,1,2,1,2
2017010032598,2,9,0,6,0,1,0,0,0,0,1,1,6,3,-1,-1,-1,-1,-1,-1,-1,-1
2017010032599,1,9,0,5,0,0,0,0,0,0,4,1,6,2,59,9,1328,1,13,5,1,5
2017010032599,2,1,0,18,9,0,0,0,0,0,1,1,6,1,14,3,-1,-1,-1,3,1,3
2017010032601,1,9,0,18,0,0,0,4,0,0,4,1,6,2,31,6,1598,1,8,9,1,9
2017010032601,2,9,0,5,0,0,0,0,0,0,1,1,6,1,83,11,2171,1,15,9,1,9
2017010032602,1,19,0,5,0,1,0,0,0,0,2,1,1,1,31,6,-1,-1,-1,6,1,6
2017010032602,2,9,0,12,0,1,0,0,0,0,1,1,6,1,32,6,1968,2,5,5,1,5
2017010032602,3,9,0,5,0,8,0,10,0,0,4,1,6,1,30,6,2143,2,1,2,1,2
2017010032603,1,9,0,5,0,1,0,0,0,0,3,1,6,2,56,9,1870,2,11,9,1,9
2017010032603,2,21,0,1,0,1,0,0,0,0,4,1,1,1,42,7,7146,2,7,1,1,1
2017010032605,1,11,0,3,0,4,0,0,0,0,0,1,1,1,48,8,4500,2,3,2,1,2
2017010032607,1,9,0,3,0,1,0,0,0,0,2,1,6,1,19,4,1461,2,3,2,1,2
2017010032607,2,9,0,4,0,1,0,0,0,0,1,1,6,3,-1,-1,1968,2,3,-1,-1,-1
2017010032608,1,2,0,4,9,0,0,0,0,0,2,1,6,1,18,4,49,1,13,8,1,8
2017010032608,2,9,0,18,0,0,0,0,0,0,1,1,6,3,-1,-1,-1,-1,-1,-1,-1,-1
2017010032611,1,9,0,3,0,1,0,0,0,0,2,1,6,1,54,8,1968,2,6,6,1,6
2017010032611,2,9,0,4,0,1,0,0,0,0,1,1,6,1,26,6,2143,2,2,-1,-1,-1
2017010032613,1,9,0,6,0,2,0,0,0,0,3,1,1,1,40,7,2143,12,3,1,1,1
2017010032613,2,3,0,15,0,1,5,0,0,0,1,1,6,1,18,4,125,1,5,1,1,1
2017010032614,1,9,0,18,0,0,0,0,0,0,1,1,6,1,52,8,2987,2,10,2,1,2
2017010032615,1,9,0,17,0,0,0,10,1,4,4,1,6,2,24,5,1596,1,12,10,1,10
2017010032617,1,9,0,18,0,0,0,4,0,0,1,1,2,1,50,8,1598,2,3,4,1,4
2017010032617,2,9,0,2,0,0,0,0,0,0,4,1,6,3,-1,-1,-1,-1,-1,-1,-1,-1
2017010032625,1,9,0,9,0,8,0,11,0,0,1,1,6,1,26,6,1798,1,13,-1,-1,-1
2017010032626,1,9,0,9,0,5,0,0,0,0,2,1,6,2,52,8,1200,1,2,4,1,4
2017010032626,2,19,0,18,0,1,0,0,0,0,1,1,2,1,25,5,2402,2,16,4,1,4
2017010032641,1,9,0,18,0,2,1,0,1,2,4,-1,6,2,29,6,1364,1,9,4,1,4
2017010032641,2,9,-1,8,0,1,0,0,0,0,1,-1,6,2,80,11,1388,1,11,4,1,4
2017010032644,1,9,0,18,0,1,0,-1,0,0,1,-1,6,1,31,6,1984,1,11,7,1,7
2017010032644,2,9,0,4,0,1,0,0,0,0,1,1,6,1,-1,-1,1229,1,11,-1,-1,-1
2017010032645,1,9,-1,3,0,8,-1,0,0,0,2,-1,6,1,44,7,1798,8,5,3,1,3
2017010032645,2,9,-1,-1,0,8,-1,0,0,0,1,-1,6,1,-1,-1,-1,-1,-1,-1,-1,-1
2017010032652,1,9,0,9,0,8,0,0,0,0,4,1,6,2,-1,-1,1461,2,2,5,1,5
2017010032652,2,19,0,5,0,8,0,0,0,0,3,1,6,1,22,5,1560,2,8,8,1,8
2017010032654,1,3,0,14,0,1,0,11,0,0,1,1,1,1,45,7,125,1,1,2,1,2
2017010032654,2,9,0,7,0,6,0,11,0,0,4,1,6,1,-1,-1,1995,2,1,2,1,2
2017010032656,1,9,-1,-1,-1,-1,-1,-1,-1,-1,-1,-1,6,3,-1,-1,-1,-1,-1,-1,-1,-1
2017010032660,1,9,0,3,0,1,0,0,0,0,2,1,6,1,43,7,1995,2,6,3,1,3
2017010032660,2,9,0,18,0,1,0,0,0,0,1,1,6,2,-1,-1,1242,1,7,-1,-1,-1
2017010032661,1,1,-1,18,0,1,-1,-1,0,0,4,1,6,2,27,6,-1,-1,-1,3,1,3
2017010032664,1,9,0,18,0,0,0,0,1,1,1,1,2,2,30,6,1360,1,12,5,1,5
2017010032669,1,1,0,9,4,7,0,0,0,0,1,1,2,1,43,7,-1,-1,-1,4,1,4
2017010032669,2,8,0,2,0,1,0,8,0,0,-1,-1,6,3,-1,-1,1956,2,3,-1,-1,-1
2017010032671,1,9,-1,10,0,-1,1,-1,0,0,2,-1,6,1,40,7,998,1,22,1,1,1
2017010032671,2,9,-1,18,0,-1,-1,-1,0,0,-1,-1,6,3,-1,-1,-1,-1,-1,-1,-1,-1
2017010032672,1,9,0,6,0,1,0,0,0,0,1,1,3,2,33,6,1364,1,9,2,1,2
2017010032672,2,1,0,18,0,1,0,0,0,0,1,1,4,1,6,2,-1,-1,-1,3,1,3
2017010032674,1,9,0,5,0,0,0,0,0,0,1,1,6,1,20,4,1598,1,15,8,1,8
2017010032674,2,9,0,3,0,0,0,0,0,0,2,1,6,1,37,7,1560,2,5,-1,-1,-1
2017010032674,3,9,0,3,0,0,0,0,0,0,1,1,6,2,56,9,1998,2,8,9,1,9
2017010032674,4,9,0,3,0,0,0,0,0,0,2,1,6,1,74,10,1242,1,14,-1,-1,-1
2017010032675,1,9,-1,-1,-1,-1,-1,-1,-1,-1,-1,-1,6,1,83,11,1339,1,8,8,1,8
2017010032680,1,1,0,5,0,1,0,0,0,0,4,1,2,1,60,9,-1,-1,-1,-1,-1,-1
2017010032680,2,3,0,5,0,2,0,0,0,0,1,1,2,1,41,7,498,1,12,2,1,2
2017010032681,1,9,-1,-1,-1,-1,-1,-1,-1,-1,-1,-1,6,2,21,5,1599,1,13,4,1,4
2017010032681,2,9,-1,-1,-1,-1,-1,-1,-1,-1,-1,-1,6,1,-1,-1,1781,1,21,-1,-1,-1
2017010032683,1,9,-1,-1,-1,-1,-1,0,-1,0,-1,-1,6,2,25,5,1198,1,6,-1,-1,-1
2017010032684,1,19,0,10,0,8,0,0,0,0,2,1,6,3,-1,-1,-1,-1,-1,-1,-1,-1
2017010032684,2,1,0,18,0,1,0,0,0,0,1,1,6,1,42,7,-1,-1,-1,2,1,2
2017010032687,1,9,0,5,0,4,0,0,0,0,1,1,6,1,21,5,2497,1,10,4,1,4
2017010032687,2,1,0,18,0,4,0,0,0,0,1,1,2,1,30,6,-1,-1,-1,7,1,7
2017010032689,1,9,0,9,0,8,0,0,0,0,4,1,6,2,23,5,1598,1,5,1,1,1
2017010032689,2,1,0,14,4,8,0,0,0,0,-1,1,2,1,42,7,-1,-1,-1,4,1,4
2017010032691,1,9,0,9,0,8,0,0,0,0,3,1,2,1,52,8,2967,2,4,10,3,10
2017010032691,2,1,0,18,0,8,0,0,0,0,1,1,2,1,47,8,-1,-1,-1,6,1,6
2017010032696,1,9,0,3,0,1,1,0,-1,0,1,-1,6,1,37,7,1797,8,7,3,1,3
2017010032696,2,9,0,1,0,8,0,0,-1,0,2,-1,6,3,-1,-1,-1,-1,-1,-1,-1,-1
2017010032701,1,9,-1,-1,0,7,0,0,0,0,2,-1,6,2,25,5,1200,1,2,-1,-1,-1
2017010032719,1,9,-1,6,-1,0,-1,-1,-1,-1,-1,-1,6,2,-1,-1,1598,2,6,-1,-1,-1
2017010032720,1,1,0,-1,4,0,0,-1,0,0,-1,1,6,1,31,6,-1,-1,-1,2,1,2
2017010032723,1,1,0,18,4,1,0,0,0,0,4,1,2,1,24,5,-1,-1,-1,4,1,4
2017010032723,2,9,0,9,0,5,0,0,0,0,4,1,3,2,37,7,1599,1,12,3,1,3
2017010032724,1,9,0,7,0,8,0,0,0,0,3,1,6,1,85,11,1796,1,12,8,1,8
2017010032724,2,90,0,18,0,8,5,0,0,0,4,1,6,2,25,5,-1,-1,-1,6,1,6
2017010032727,1,9,0,18,0,2,5,4,0,0,1,1,6,2,19,4,1364,1,9,6,2,6
2017010032727,2,9,0,18,0,8,0,0,0,0,1,1,6,3,-1,-1,-1,-1,-1,-1,-1,-1
2017010032727,3,9,0,2,0,2,0,0,0,0,2,1,6,3,-1,-1,1461,2,1,-1,-1,-1
2017010032728,1,11,0,4,0,1,0,0,0,0,0,1,1,1,41,7,6692,2,7,8,1,8
2017010032729,1,1,0,-1,-1,-1,-1,-1,0,0,1,1,6,1,32,6,-1,-1,-1,9,1,9
2017010032729,2,3,0,-1,-1,-1,-1,-1,-1,0,-1,1,6,3,-1,-1,124,1,7,-1,-1,-1
2017010032736,1,19,0,5,0,1,0,0,0,0,3,1,1,1,56,9,2464,2,14,8,1,8
2017010032740,1,9,0,18,0,1,0,0,0,0,1,1,1,2,54,8,1997,2,4,8,1,8
2017010032744,1,11,0,18,0,1,0,0,0,0,0,1,1,1,65,9,6700,2,7,2,1,2
2017010032745,1,1,0,18,0,0,0,10,1,2,1,1,6,2,29,6,-1,-1,-1,2,1,2
2017010032748,1,9,-1,-1,-1,0,-1,-1,-1,-1,-1,-1,6,1,31,6,1995,2,6,8,1,8
2017010032748,2,9,-1,-1,-1,0,-1,-1,-1,-1,-1,-1,6,1,25,5,1199,1,15,6,1,6
2017010032751,1,3,0,13,0,0,2,0,0,0,1,1,2,1,34,6,125,1,2,2,1,2
2017010032751,2,9,0,18,0,0,0,0,0,0,1,1,2,1,39,7,1596,1,10,3,1,3
2017010032751,3,9,0,18,0,0,0,0,0,0,1,1,2,1,35,6,1753,2,10,7,1,7
2017010032751,4,9,0,18,0,0,0,0,0,0,4,1,2,1,29,6,1596,1,10,1,1,1
2017010032753,1,9,0,5,0,1,0,11,7,10,1,1,1,2,53,8,1197,1,1,10,1,10
2017010032754,1,9,0,18,0,2,5,4,0,0,1,1,6,2,20,4,1461,2,2,3,1,3
2017010032754,2,9,0,2,0,1,0,0,0,0,1,1,6,3,-1,-1,3200,2,13,-1,-1,-1
2017010032754,3,9,0,2,0,1,0,0,0,0,2,1,6,3,-1,-1,1198,1,6,-1,-1,-1
2017010032754,4,9,0,2,0,1,0,0,0,0,2,1,6,3,-1,-1,1598,1,12,-1,-1,-1
2017010032757,1,9,-1,-1,-1,-1,-1,-1,-1,-1,-1,-1,6,1,27,6,-1,-1,-1,-1,-1,-1
2017010032760,1,9,0,18,0,0,0,0,0,0,1,1,2,1,32,6,1596,1,15,4,1,4
2017010032760,2,9,0,3,0,0,0,0,0,0,2,1,2,2,23,5,1242,1,4,6,1,6
2017010032762,1,11,0,18,2,2,0,0,1,2,1,1,1,2,53,8,4500,2,1,4,1,4
2017010032764,1,1,0,9,0,1,0,0,0,0,3,1,2,2,33,6,-1,-1,-1,3,1,3
2017010032764,2,1,0,13,0,1,0,0,0,0,1,1,2,1,47,8,-1,-1,-1,2,1,2
2017010032765,1,19,0,18,0,0,0,0,0,0,4,1,6,1,-1,-1,-1,-1,-1,5,1,5
2017010032767,1,9,0,5,0,4,0,0,0,0,1,1,2,2,37,7,1598,1,5,7,1,7
2017010032767,2,1,0,9,0,3,0,0,0,0,4,1,6,1,39,7,-1,-1,-1,3,1,3
2017010032771,1,4,0,11,9,8,0,0,0,0,4,1,6,1,52,8,1854,1,6,10,1,10
2017010032771,2,9,0,18,0,1,0,0,0,0,3,1,6,1,27,6,1998,1,8,10,1,10
2017010032774,1,9,0,4,0,1,0,0,0,0,2,1,6,1,35,6,-1,-1,-1,5,1,5
2017010032774,2,1,0,4,0,1,5,0,0,0,1,1,6,1,30,6,-1,-1,-1,3,1,3
2017010032778,1,1,0,18,0,1,0,0,0,0,1,1,1,1,38,7,-1,-1,-1,2,1,2
2017010032779,1,19,0,5,0,1,0,0,0,0,4,1,6,1,37,7,2198,2,4,2,1,2
2017010032781,1,11,0,18,0,1,0,0,0,0,1,1,1,1,33,6,6700,2,5,-1,-1,-1
2017010032781,2,9,0,9,0,6,1,0,0,0,3,1,6,3,-1,-1,1229,1,10,-1,-1,-1
2017010032783,1,9,0,3,0,0,0,0,1,0,2,1,6,1,54,8,2993,2,2,3,1,3
2017010032783,2,8,0,11,0,0,0,0,0,0,2,1,6,1,31,6,1797,8,7,2,1,2
2017010032784,1,3,0,18,0,1,1,0,0,0,2,1,6,1,34,6,125,1,11,5,1,5
2017010032784,2,9,0,18,0,1,0,0,0,0,1,1,6,3,-1,-1,1398,1,6,-1,-1,-1
2017010032785,1,1,0,18,4,0,0,0,0,0,1,1,2,1,28,6,-1,-1,-1,5,3,5
2017010032787,1,4,0,18,0,1,0,0,0,0,1,1,6,1,39,7,-1,-1,-1,2,1,2
2017010032787,2,9,0,9,0,6,0,0,0,0,1,1,6,1,32,6,1796,1,10,4,1,4
2017010032788,1,9,0,18,0,1,0,0,0,0,1,1,6,1,44,7,1598,1,11,9,1,9
2017010032788,2,9,0,18,0,2,0,0,0,0,4,1,6,2,27,6,998,1,11,5,1,5
2017010032789,1,11,0,10,0,1,0,0,0,0,0,1,6,1,37,7,5132,2,-1,4,1,4
2017010032790,1,9,0,9,0,5,0,0,0,0,0,1,6,1,48,8,1364,1,8,6,1,6
2017010032791,1,9,0,1,9,8,0,0,0,0,1,1,3,2,27,6,1595,1,14,5,1,5
2017010032792,1,9,0,3,0,6,0,0,0,0,1,1,6,1,24,5,999,1,4,6,1,6
2017010032792,2,9,0,5,0,1,0,0,1,0,1,1,6,2,79,11,1900,2,12,10,1,10
2017010032793,1,9,0,18,0,0,0,0,0,0,4,1,6,1,48,8,1798,1,10,8,1,8
2017010032793,2,9,0,9,0,0,0,0,0,0,1,1,6,3,-1,-1,-1,-1,-1,-1,-1,-1
2017010032795,1,3,0,18,0,1,5,0,0,0,3,1,2,1,32,6,125,1,6,2,1,2
2017010032795,2,9,0,13,0,1,0,0,0,0,4,1,6,3,-1,-1,-1,-1,-1,-1,-1,-1
2017010032796,1,3,0,18,0,6,5,10,4,0,0,1,2,1,41,7,125,1,1,5,1,5
2017010032797,1,1,0,18,0,8,0,0,0,0,4,1,6,1,19,4,-1,-1,-1,-1,1,-1
2017010032797,2,3,0,18,0,8,0,0,0,0,3,1,6,1,33,6,647,1,15,3,1,3
2017010032798,1,4,0,3,0,0,0,0,0,0,4,1,6,2,25,5,125,1,1,5,1,5
2017010032798,2,9,0,3,0,0,0,0,0,0,4,1,2,2,55,8,1341,1,13,1,1,1
2017010032799,1,4,0,18,0,1,0,0,0,0,2,1,6,1,28,6,125,1,-1,3,1,3
2017010032799,2,9,0,4,0,1,0,0,0,0,1,1,6,2,76,11,-1,-1,-1,10,3,10
2017010032802,1,19,0,9,0,6,0,0,0,0,1,1,6,3,-1,-1,-1,-1,-1,-1,-1,-1
2017010032803,1,1,0,14,0,1,0,0,0,0,1,1,2,1,20,4,-1,-1,-1,9,1,9
2017010032805,1,9,0,18,2,1,0,0,0,0,1,1,2,1,25,5,1798,1,4,1,1,1
2017010032805,2,19,0,4,0,1,0,0,0,0,2,1,6,1,27,6,-1,-1,-1,2,1,2
2017010032806,1,9,0,9,0,3,0,0,0,0,2,1,6,1,34,6,1797,8,7,3,1,3
2017010032806,2,9,0,18,0,4,0,0,0,0,1,1,2,1,56,9,2401,2,15,3,1,3
2017010032807,1,3,0,18,0,8,2,0,0,0,1,1,6,1,29,6,125,1,4,3,1,3
2017010032809,1,8,0,18,0,1,0,0,0,0,4,2,2,1,47,8,1968,2,2,5,1,5
2017010032809,2,1,0,18,0,1,0,0,1,0,1,1,6,1,62,9,-1,-1,-1,1,1,1
2017010032810,1,5,0,14,0,0,0,0,1,0,3,1,6,1,33,6,645,1,15,8,3,8
2017010032810,2,21,0,18,0,0,0,0,0,0,3,1,6,1,41,7,4250,2,13,10,1,10
2017010032810,3,21,0,2,0,0,0,0,0,0,0,1,6,3,-1,-1,7790,2,7,-1,-1,-1
2017010032811,1,19,0,4,0,2,0,0,0,0,1,1,2,1,36,7,2460,2,10,2,1,2
2017010032813,1,11,0,5,0,0,0,0,0,0,0,1,1,1,62,9,4500,2,7,3,1,3
2017010032814,1,5,0,5,0,2,0,0,0,0,1,1,6,1,54,8,782,1,5,2,1,2
2017010032815,1,9,0,18,0,1,0,7,1,2,1,1,6,1,60,9,1896,2,15,6,1,6
2017010032817,1,9,0,3,0,1,0,0,0,0,2,1,6,1,58,9,1560,2,7,6,1,6
2017010032817,2,9,0,18,0,1,0,0,0,0,1,1,6,2,58,9,1298,1,17,6,1,6
2017010032818,1,8,0,9,0,1,0,0,0,0,1,1,1,1,50,8,1339,8,6,2,1,2
2017010032818,2,8,0,18,0,1,0,0,0,0,3,1,1,1,48,8,2499,2,10,-1,-1,-1
2017010032819,1,9,0,16,0,1,0,0,7,1,1,1,6,2,19,4,1199,1,16,9,3,9
2017010032821,1,19,0,18,0,8,0,0,0,0,1,1,1,1,33,6,1968,2,1,5,1,5
2017010032821,2,9,0,6,0,8,0,0,0,0,2,1,6,1,21,5,998,1,4,4,1,4
2017010032824,1,9,3,12,0,0,0,0,0,0,3,1,6,1,28,6,1596,1,10,4,1,4
2017010032824,2,3,0,18,0,0,0,0,0,0,1,1,2,1,44,7,125,1,1,3,1,3
2017010032826,1,9,0,7,0,6,0,0,0,0,3,1,1,2,61,9,2295,1,18,1,1,1
2017010032826,2,9,0,9,0,5,0,0,0,0,1,1,6,1,38,7,-1,-1,-1,1,1,1
2017010032827,1,3,0,18,0,8,1,0,0,0,4,1,2,2,41,7,124,1,7,4,1,4
2017010032827,2,19,0,9,0,8,0,0,0,0,1,1,1,1,49,8,1968,2,2,5,1,5
2017010032830,1,1,0,18,0,1,0,0,0,0,1,1,6,1,52,8,-1,-1,-1,5,1,5
2017010032833,1,19,0,18,0,8,0,0,0,0,3,-1,6,1,33,6,1248,2,2,2,1,2
2017010032833,2,9,0,18,0,8,0,0,0,0,3,-1,6,3,-1,-1,2494,1,16,-1,-1,-1
2017010032835,1,9,0,-1,0,-1,0,-1,-1,-1,4,-1,6,1,43,7,2354,1,14,-1,-1,-1
2017010032835,2,9,0,-1,0,-1,0,-1,1,0,-1,-1,6,1,-1,-1,1595,1,8,-1,-1,-1
2017010032841,1,1,0,18,0,1,-1,0,0,0,2,1,6,1,26,6,-1,-1,-1,7,1,7
2017010032841,2,9,-1,7,0,6,-1,0,0,0,1,-1,6,3,-1,-1,1598,1,9,-1,-1,-1
2017010032844,1,9,0,18,0,2,0,0,0,0,1,1,6,1,24,5,2143,2,4,2,1,2
2017010032848,1,1,0,18,0,8,0,0,2,-1,4,1,6,1,38,7,-1,-1,-1,5,1,5
2017010032848,2,9,0,3,0,6,0,0,0,0,1,-1,6,2,-1,-1,1596,1,16,5,1,5
2017010032851,1,9,-1,8,0,1,0,-1,0,0,3,-1,6,1,47,8,1968,2,2,-1,-1,-1
2017010032851,2,9,-1,-1,0,1,0,-1,0,0,4,-1,6,3,-1,-1,1968,2,13,-1,-1,-1
2017010032853,1,2,0,18,0,-1,0,0,-1,0,-1,1,6,3,-1,-1,-1,-1,-1,-1,-1,-1
2017010032856,1,9,0,3,0,1,0,0,0,0,2,-1,6,1,36,7,1797,8,7,7,1,7
2017010032856,2,8,0,18,0,1,0,0,0,0,1,-1,6,1,-1,-1,-1,-1,-1,-1,-1,-1
2017010032860,1,9,0,-1,0,6,0,0,0,0,1,-1,6,1,25,5,1796,1,8,2,1,2
2017010032860,2,9,-1,-1,-1,-1,-1,-1,-1,-1,-1,-1,6,1,-1,-1,3000,2,7,-1,-1,-1
2017010032862,1,9,0,9,-1,-1,0,0,0,0,2,1,6,2,36,7,1240,1,7,3,1,3
2017010032865,1,9,0,8,0,1,0,0,0,0,2,-1,6,2,31,6,999,1,9,4,1,4
2017010032865,2,9,0,18,0,1,0,0,0,0,1,-1,6,1,-1,-1,2000,2,11,-1,-1,-1
2017010032867,1,9,0,11,0,1,0,0,0,0,2,1,6,1,34,6,1995,2,2,2,1,2
2017010032867,2,5,0,18,0,1,0,0,0,0,1,1,6,1,45,7,1649,1,1,-1,-1,-1
2017010032872,1,1,-1,18,-1,-1,0,0,0,0,-1,1,6,1,30,6,-1,-1,-1,2,1,2
2017010032872,2,9,-1,9,-1,-1,0,0,-1,-1,1,1,6,1,-1,-1,1229,1,10,3,1,3
2017010032874,1,1,0,18,0,0,0,0,0,0,1,1,6,2,27,6,-1,-1,-1,6,1,6
2017010032874,2,11,0,18,0,0,0,0,0,0,4,1,1,2,42,7,5132,2,1,5,1,5
2017010032878,1,9,-1,-1,-1,-1,-1,-1,-1,-1,-1,-1,6,1,18,4,1968,2,4,3,1,3
2017010032878,2,9,-1,-1,-1,-1,-1,-1,-1,-1,-1,-1,6,1,56,9,-1,-1,-1,3,1,3
2017010032885,1,9,0,15,0,1,0,0,0,0,1,1,6,2,23,5,1400,1,11,3,1,3
2017010032885,2,11,0,5,0,1,0,0,0,0,1,1,1,1,24,5,7300,2,14,2,1,2
2017010032898,1,3,0,4,0,2,0,0,0,0,0,1,6,1,18,4,124,1,7,3,1,3
2017010032900,1,9,0,4,0,8,0,0,0,0,2,1,6,1,40,7,1388,1,7,2,1,2
2017010032900,2,21,0,4,0,8,0,0,0,0,1,1,1,1,43,7,-1,-1,-1,10,1,10
2017010032901,1,1,0,4,-1,-1,0,-1,0,0,3,1,6,1,33,6,-1,-1,-1,2,1,2
2017010032902,1,9,0,-1,0,3,0,0,1,0,3,-1,1,1,44,7,1796,1,8,5,1,5
2017010032902,2,20,1,-1,0,5,0,0,1,0,4,-1,6,1,-1,-1,-1,-1,-1,-1,-1,-1
2017010032906,1,9,-1,18,0,0,0,0,0,0,3,-1,6,1,18,4,1598,2,5,9,1,9
2017010032906,2,9,-1,18,0,0,0,0,-1,4,3,-1,6,3,-1,-1,2500,1,24,-1,-1,-1
2017010032907,1,9,0,5,0,0,0,0,0,0,4,1,6,1,44,7,1997,1,13,1,1,1
2017010032907,2,3,0,18,0,0,0,0,0,0,1,1,6,1,45,7,125,1,-1,6,1,6
2017010032909,1,4,0,18,0,1,1,0,0,0,1,1,6,1,46,8,-1,-1,-1,5,1,5
2017010032909,2,9,0,5,0,6,0,0,0,0,0,1,6,1,44,7,1422,2,10,3,1,3
2017010032911,1,8,0,5,0,3,0,0,0,0,4,2,6,1,50,8,1797,8,4,3,1,3
2017010032911,2,1,0,9,0,3,2,0,0,0,4,1,6,2,83,11,-1,-1,-1,7,1,7
2017010032912,1,9,0,3,0,0,0,0,0,0,2,1,2,2,27,6,1984,1,16,9,1,9
2017010032914,1,9,0,4,0,1,0,0,0,0,2,1,1,1,30,6,1560,2,3,4,1,4
2017010032914,2,19,0,5,0,1,0,0,0,0,1,1,6,1,27,6,1248,2,4,4,1,4
2017010032914,3,9,0,4,0,1,0,0,0,0,1,1,6,1,17,4,1362,1,5,3,1,3
2017010032918,1,9,0,9,0,3,0,0,0,0,1,2,6,3,-1,-1,1995,2,8,-1,-1,-1
2017010032918,2,1,0,9,0,8,0,0,0,0,1,1,6,1,23,5,-1,-1,-1,3,1,3
2017010032923,1,9,-1,-1,0,0,-1,0,0,0,-1,-1,6,2,53,8,1598,1,9,2,1,2
2017010032926,1,9,-1,18,0,0,0,0,0,0,-1,-1,6,3,-1,-1,1390,1,8,-1,-1,-1
2017010032928,1,9,0,5,0,1,0,0,0,0,3,1,3,2,24,5,1587,1,13,7,1,7
2017010032931,1,5,0,18,0,1,0,0,0,0,1,1,6,1,28,6,600,1,3,3,1,3
2017010032936,1,9,0,-1,0,-1,0,-1,0,0,2,1,6,3,-1,-1,1975,1,19,-1,-1,-1
2017010032936,2,9,0,-1,-1,-1,0,0,0,0,-1,1,6,1,48,8,2198,1,11,8,1,8
2017010032941,1,2,0,17,0,8,0,0,0,0,3,1,1,1,38,7,125,1,-1,6,1,6
2017010032941,2,9,0,18,0,1,0,0,0,0,3,1,6,2,29,6,1596,1,12,4,1,4
2017010032947,1,9,0,9,0,8,0,0,0,0,1,1,6,3,-1,-1,1242,1,8,-1,-1,-1
2017010032947,2,19,0,18,0,8,0,0,0,0,1,1,6,1,49,8,1686,2,13,2,1,2
2017010032948,1,3,-1,-1,-1,-1,0,-1,-1,-1,-1,1,6,1,33,6,125,1,4,4,1,4
2017010032948,2,9,-1,-1,-1,-1,-1,-1,-1,-1,-1,-1,6,3,-1,-1,1598,1,4,-1,-1,-1
2017010032949,1,19,0,18,0,0,0,0,0,0,3,1,1,1,30,6,2198,2,2,-1,-1,-1
2017010032953,1,9,0,3,0,2,0,0,0,0,2,2,6,2,76,11,1397,1,14,7,1,7
2017010032953,2,9,0,4,0,2,0,0,0,0,1,1,6,1,19,4,1398,1,-1,8,1,8
2017010032955,1,11,0,7,0,3,0,0,0,0,0,1,1,1,46,8,-1,-1,-1,2,1,2
2017010032961,1,9,0,1,0,6,0,0,0,0,2,1,6,3,-1,-1,-1,-1,-1,-1,-1,-1
2017010032965,1,9,0,18,9,8,0,0,7,10,1,1,6,2,67,10,1329,1,8,6,1,6
2017010032965,2,19,0,3,0,2,0,0,0,0,0,1,1,1,30,6,2143,2,1,9,1,9
2017010032966,1,19,5,5,0,1,0,0,0,0,0,1,1,1,43,7,1995,2,6,3,1,3
2017010032970,1,11,0,4,2,1,0,0,0,0,1,1,1,1,25,5,4500,2,1,3,1,3
2017010032970,2,3,0,3,0,1,0,0,0,0,2,1,1,1,25,5,125,1,2,3,1,3
2017010032971,1,9,0,7,0,6,0,0,0,0,1,1,6,1,40,7,-1,-1,-1,-1,-1,-1
2017010032973,1,11,0,4,0,1,0,0,0,0,0,1,1,1,29,6,4500,2,-1,5,1,5
2017010032974,1,9,0,18,0,1,0,0,0,0,1,1,6,1,27,6,1498,1,9,2,1,2
2017010032974,2,8,0,18,0,1,0,0,0,0,1,1,6,1,37,7,1997,2,7,1,1,1
2017010032975,1,11,0,4,0,0,0,0,0,0,0,1,1,1,29,6,5132,2,2,3,1,3
2017010032976,1,3,0,18,0,0,0,0,0,0,1,1,6,1,19,4,124,1,2,3,1,3
2017010032978,1,9,0,5,5,8,0,0,0,0,1,1,6,3,-1,-1,-1,-1,-1,-1,-1,-1
2017010032978,2,1,0,18,5,8,0,0,0,0,1,1,6,1,20,4,-1,-1,-1,3,1,3
2017010032979,1,21,1,3,0,1,0,0,0,0,1,1,1,1,31,6,9290,2,5,3,1,3
2017010032979,2,3,0,14,0,1,0,0,0,0,1,1,6,1,33,6,599,1,12,1,1,1
2017010032979,3,8,0,9,0,6,0,0,0,0,1,1,1,1,58,9,1997,2,5,8,1,8
2017010032980,1,9,0,18,0,6,0,0,0,0,1,1,6,1,47,8,1986,2,10,3,1,3