Accident_Index,Vehicle_Reference,Vehicle_Type,Towing_and_Articulation,Vehicle_Manoeuvre,Vehicle_Location-Restricted_Lane,Junction_Location,Skidding_and_Overturning,Hit_Object_in_Carriageway,Vehicle_Leaving_Carriageway,Hit_Object_off_Carriageway,1st_Point_of_Impact,Was_Vehicle_Left_Hand_Drive?,Journey_Purpose_of_Driver,Sex_of_Driver,Age_of_Driver,Age_Band_of_Driver,Engine_Capacity_(CC),Propulsion_Code,Age_of_Vehicle,Driver_IMD_Decile,Driver_Home_Area_Type,Vehicle_IMD_Decile
2017010033368,2,1,0,18,0,1,0,0,0,0,1,1,6,1,27,6,-1,-1,-1,-1,-1,-1
2017010033370,1,9,0,5,9,1,0,0,0,0,1,1,6,1,54,8,2995,1,12,3,1,3
2017010033370,2,1,0,18,9,1,0,0,0,0,1,1,6,1,12,3,-1,-1,-1,2,1,2
2017010033371,1,9,0,9,0,7,0,11,0,0,3,1,6,1,35,6,2993,2,13,2,1,2
2017010033371,2,4,0,18,0,8,1,11,0,0,1,1,1,1,25,5,125,1,4,3,1,3
2017010033373,1,3,0,18,0,8,0,4,0,0,1,1,6,1,33,6,108,1,6,3,1,3
2017010033373,2,19,0,2,0,8,0,0,0,0,2,1,6,3,-1,-1,2198,2,2,-1,-1,-1
2017010033376,1,9,0,1,0,0,0,0,0,0,2,1,6,2,35,6,1995,2,9,3,1,3
2017010033378,1,9,0,18,0,8,0,0,0,0,4,1,6,1,22,5,2497,2,10,9,3,9
2017010033378,2,9,0,10,0,6,0,0,0,0,1,1,1,1,38,7,1499,2,1,-1,-1,-1
2017010033379,1,9,0,5,8,1,0,0,0,0,1,1,6,1,24,5,1598,2,8,1,1,1
2017010033379,2,2,0,18,0,1,0,0,7,0,1,1,1,1,17,4,108,1,3,4,1,4
2017010033380,1,8,0,4,0,8,0,0,0,0,2,1,1,1,46,8,1798,1,9,2,1,2
2017010033380,2,9,0,4,0,8,0,0,0,0,1,1,6,1,25,5,1995,2,1,2,1,2
2017010033381,1,9,0,18,0,0,0,0,0,0,4,1,6,3,-1,-1,-1,-1,-1,-1,-1,-1
2017010033382,1,9,0,7,0,5,0,0,0,0,1,1,6,3,-1,-1,-1,-1,-1,-1,-1,-1
2017010033384,1,9,0,18,0,0,0,0,0,0,1,1,6,1,36,7,1364,1,7,2,1,2
2017010033384,2,9,0,1,0,0,0,0,0,0,0,2,6,2,47,8,1198,1,8,2,1,2
2017010033385,1,4,0,5,0,2,0,0,0,0,1,1,6,3,-1,-1,-1,-1,-1,-1,-1,-1
2017010033387,1,9,0,16,0,0,0,0,0,0,1,1,6,1,52,8,1598,1,14,6,1,6
2017010033389,1,3,0,5,6,2,0,4,0,0,1,1,2,1,35,6,-1,-1,-1,7,1,7
2017010033389,2,90,0,5,0,2,0,0,0,0,2,1,2,1,39,7,-1,-1,-1,3,1,3
2017010033392,1,9,0,18,0,8,2,7,0,0,1,1,6,2,35,6,1598,2,-1,4,1,4
2017010033393,1,2,0,3,0,0,0,0,0,0,2,1,6,1,27,6,-1,-1,-1,4,1,4
2017010033393,2,9,0,18,0,0,0,0,0,0,1,1,6,1,-1,-1,-1,-1,-1,-1,-1,-1
2017010033394,1,9,0,3,0,1,0,0,0,0,2,1,6,1,56,9,2494,1,11,8,1,8
2017010033394,2,8,0,3,0,1,0,4,0,0,2,1,1,2,38,7,1798,8,3,2,1,2
2017010033394,3,9,0,18,0,1,0,0,0,0,1,1,6,1,35,6,1968,2,-1,2,1,2
2017010033396,1,9,0,16,0,1,1,0,0,0,1,1,6,1,-1,-1,1595,1,-1,-1,-1,-1
2017010033396,2,8,0,18,0,1,0,0,0,0,1,2,2,1,25,5,1797,8,3,3,1,3
2017010033397,1,9,0,18,0,0,0,0,0,0,1,1,6,1,51,8,1796,1,14,3,1,3
2017010033397,2,9,0,2,0,0,0,0,0,0,2,1,6,3,-1,-1,1597,2,-1,-1,-1,-1
2017010033401,1,11,0,4,0,2,0,0,0,0,0,1,6,2,-1,-1,6692,2,8,-1,-1,-1
2017010033402,1,9,0,18,0,8,0,4,0,0,1,1,6,1,27,6,1339,1,9,4,1,4
2017010033402,2,9,0,2,0,8,0,4,0,0,1,1,6,3,-1,-1,2401,2,13,-1,-1,-1
2017010033402,3,3,0,2,0,8,0,4,0,0,4,1,6,3,-1,-1,124,1,9,-1,-1,-1
2017010033402,4,9,0,2,0,8,0,4,0,0,1,2,6,3,-1,-1,1995,2,7,-1,-1,-1
2017010033402,5,9,3,2,0,8,0,4,0,0,4,1,6,3,-1,-1,1560,2,6,-1,-1,-1
2017010033403,1,3,0,18,0,0,-1,0,0,0,4,1,1,1,19,4,108,1,2,5,1,5
2017010033405,1,9,0,18,0,2,0,0,0,0,2,1,6,1,23,5,1124,1,7,2,1,2
2017010033405,2,9,0,18,0,1,0,0,0,0,1,1,6,1,49,8,1596,1,8,2,1,2
2017010033406,1,3,0,18,0,1,5,10,0,0,1,1,2,1,51,8,-1,-1,-1,1,1,1
2017010033406,2,9,0,9,0,8,0,0,0,0,0,1,6,3,-1,-1,-1,-1,-1,-1,-1,-1
2017010033408,1,19,0,9,0,6,0,0,0,0,3,1,1,1,41,7,2463,2,11,3,1,3
2017010033408,2,2,0,18,0,8,0,0,0,0,1,1,6,1,27,6,125,1,8,3,1,3
2017010033409,1,9,0,9,0,2,0,0,0,0,1,1,6,3,-1,-1,-1,-1,-1,-1,-1,-1
2017010033410,1,9,0,18,0,0,0,6,7,10,1,1,6,1,30,6,1299,1,10,5,1,5
2017010033411,1,9,0,4,2,0,0,0,1,0,1,1,6,1,23,5,1798,1,-1,3,1,3
2017010033411,2,9,0,4,0,0,0,0,0,0,2,1,6,1,42,7,2143,2,6,5,1,5
2017010033413,1,1,0,18,9,1,0,0,0,0,2,1,1,1,44,7,-1,-1,-1,6,1,6
2017010033413,2,9,0,7,0,8,0,0,0,0,1,1,6,3,-1,-1,-1,-1,-1,-1,-1,-1
2017010033415,1,9,0,13,0,1,0,11,7,0,1,1,6,1,27,6,2143,2,-1,2,1,2
2017010033415,2,9,0,5,0,2,0,0,1,0,1,1,6,1,48,8,5935,1,3,6,1,6
2017010033415,3,3,0,5,0,2,0,11,1,0,1,1,6,1,24,5,108,1,2,5,1,5
2017010033416,1,9,0,18,0,1,1,0,0,0,1,1,6,2,58,9,1598,1,4,10,1,10
2017010033416,2,9,0,18,0,6,1,0,7,3,4,1,6,2,23,5,-1,-1,-1,-1,-1,-1
2017010033420,1,19,0,9,0,1,1,7,1,1,1,1,6,1,21,5,1248,2,9,6,1,6
2017010033420,2,19,0,9,0,1,0,0,0,0,0,1,1,1,27,6,2198,2,1,6,1,6
2017010033422,1,9,0,18,0,8,0,0,0,0,1,1,6,1,37,7,1991,1,-1,-1,-1,-1
2017010033422,2,4,0,18,0,1,0,0,7,0,1,1,6,1,16,4,-1,-1,-1,-1,-1,-1
2017010033423,1,11,0,4,0,1,0,0,0,0,0,1,1,1,60,9,4500,2,6,3,1,3
2017010033423,2,9,0,5,0,1,0,0,0,0,0,1,6,3,-1,-1,6199,1,10,-1,-1,-1
2017010033425,1,9,0,10,0,0,0,0,0,0,3,1,6,2,31,6,1395,1,1,4,1,4
2017010033425,2,9,0,18,0,0,0,0,0,0,1,1,6,2,41,7,-1,-1,-1,10,1,10
2017010033426,1,19,0,2,0,0,0,0,0,0,3,1,6,3,-1,-1,1968,2,-1,-1,-1,-1
2017010033426,2,9,0,18,0,0,0,4,0,0,1,1,6,2,56,9,875,1,4,8,1,8
2017010033427,1,9,0,18,0,0,0,0,0,0,3,1,6,1,42,7,1997,2,1,3,1,3
2017010033427,2,1,0,13,0,0,0,0,0,0,4,1,6,1,17,4,-1,-1,-1,1,1,1
2017010033429,1,9,0,9,0,2,0,0,0,0,1,1,1,1,50,8,1797,8,4,3,1,3
2017010033430,1,9,0,18,0,1,0,0,0,0,1,1,6,1,64,9,1968,2,10,7,1,7
2017010033431,1,9,0,18,0,1,0,10,0,0,4,1,6,2,48,8,998,1,22,4,1,4
2017010033431,2,9,0,18,0,1,0,0,7,0,1,1,6,2,17,4,999,1,1,9,2,9
2017010033432,1,9,0,4,0,1,0,0,0,0,1,1,6,2,21,5,1587,1,12,2,1,2
2017010033432,2,9,0,18,0,1,0,0,0,0,4,1,6,2,46,8,1461,2,2,8,1,8
2017010033433,1,9,0,4,0,1,0,0,0,0,0,1,6,1,23,5,1596,1,11,2,1,2
2017010033433,2,3,0,4,0,1,0,0,0,0,0,1,6,1,29,6,124,1,7,3,1,3
2017010033434,1,9,0,3,0,2,0,0,0,0,2,1,6,2,34,6,1198,1,1,1,1,1
2017010033434,2,9,0,18,0,8,1,0,0,0,2,1,6,2,20,4,1398,2,3,4,1,4
2017010033434,3,9,0,18,0,8,0,0,0,0,1,1,6,2,39,7,1796,1,14,3,1,3
2017010033436,1,2,0,18,0,1,1,0,0,0,1,1,6,1,19,4,124,1,15,4,1,4
2017010033438,1,9,0,18,0,6,0,0,0,0,1,1,6,1,23,5,1590,1,15,1,1,1
2017010033438,2,9,0,5,0,1,0,0,0,0,4,1,6,1,95,11,1299,1,14,5,1,5
2017010033440,1,9,0,9,0,1,0,0,0,0,4,1,6,2,75,10,1296,1,10,8,1,8
2017010033440,2,1,0,18,0,1,0,0,0,0,4,1,6,1,41,7,-1,-1,-1,-1,-1,-1
2017010033441,1,3,0,18,0,1,0,0,0,0,1,1,6,1,23,5,108,1,2,3,1,3
2017010033441,2,8,0,5,0,6,0,0,0,0,3,1,1,1,61,9,1997,2,8,1,1,1
2017010033442,1,2,0,18,0,1,5,0,0,0,2,1,6,1,28,6,124,1,2,3,1,3
2017010033442,2,9,0,9,0,1,0,0,0,0,1,1,6,1,-1,-1,-1,-1,-1,5,1,5
2017010033444,1,9,0,15,0,0,1,0,0,0,1,1,6,1,21,5,2993,2,9,3,1,3
2017010033444,2,9,0,11,0,0,1,0,1,2,3,1,6,1,34,6,1596,1,12,3,1,3
2017010033444,3,9,0,18,0,0,1,0,1,9,3,1,6,1,43,7,1686,2,5,8,3,8
2017010033445,1,1,0,5,0,5,0,0,0,0,3,1,2,1,34,6,-1,-1,-1,5,1,5
2017010033445,2,9,-1,-1,0,-1,0,0,-1,0,3,-1,6,3,-1,-1,-1,-1,-1,-1,-1,-1
2017010033446,1,3,0,18,0,1,0,0,0,0,1,1,6,1,27,6,-1,-1,-1,1,1,1
2017010033446,2,9,0,4,0,1,0,0,0,0,2,1,6,1,34,6,1798,8,1,1,1,1
2017010033447,1,8,0,18,0,1,0,0,0,0,3,2,1,1,43,7,2499,2,9,3,1,3
2017010033447,2,3,0,18,0,1,5,0,0,0,4,1,6,1,20,4,-1,-1,-1,2,1,2
2017010033448,1,11,0,3,0,0,0,0,0,0,3,1,1,1,54,8,4461,2,4,6,1,6
2017010033448,2,9,0,14,0,0,0,4,0,0,1,1,1,1,54,8,1997,8,-1,-1,-1,-1
2017010033449,1,2,0,4,0,3,0,4,1,0,1,1,1,1,37,7,108,1,6,1,1,1
2017010033449,2,9,0,1,0,3,0,4,0,0,2,1,6,1,27,6,1968,2,5,4,1,4
2017010033451,1,19,0,4,0,1,0,0,0,0,3,1,1,1,45,7,1598,2,2,1,1,1
2017010033451,2,3,0,13,0,1,5,0,0,0,4,1,1,1,25,5,-1,-1,-1,4,1,4
2017010033452,1,9,0,18,0,2,0,0,0,0,1,1,6,3,-1,-1,-1,-1,-1,-1,-1,-1
2017010033452,2,1,0,18,0,2,0,0,0,0,3,1,6,1,26,6,-1,-1,-1,3,1,3
2017010033453,1,9,0,7,0,2,0,0,0,0,1,1,6,3,-1,-1,1197,1,1,-1,-1,-1
2017010033453,2,9,0,4,0,1,0,0,0,0,1,1,6,2,39,7,1596,1,18,4,1,4
2017010033454,1,9,0,10,0,1,0,0,0,0,1,1,6,1,24,5,1390,1,7,2,1,2
2017010033454,2,9,0,18,0,1,1,7,0,0,1,1,6,2,24,5,1198,1,12,6,1,6
2017010033455,1,9,0,9,0,8,0,0,0,0,3,1,6,2,37,7,1596,1,11,2,1,2
2017010033455,2,2,0,14,0,8,0,0,0,0,1,1,6,1,16,4,49,1,11,2,1,2
2017010033456,1,9,0,18,0,0,0,0,0,0,1,1,6,1,36,7,1388,1,20,6,1,6
2017010033456,2,9,0,6,0,0,0,0,0,0,3,1,6,1,45,7,1997,2,6,-1,-1,-1
2017010033458,1,9,0,7,0,5,5,0,0,0,1,1,6,2,23,5,1598,1,7,2,1,2
2017010033458,2,9,0,3,0,1,0,0,0,0,3,1,6,1,34,6,1086,1,9,3,1,3
2017010033460,1,9,0,18,9,0,0,10,1,2,1,1,6,1,35,6,2685,2,13,6,1,6
2017010033460,2,9,0,18,0,0,1,0,0,0,2,2,6,1,39,7,-1,-1,-1,2,1,2
2017010033460,3,9,0,18,0,0,0,0,0,0,1,1,2,1,35,6,1598,1,5,2,1,2
2017010033461,1,3,0,18,0,2,2,0,0,0,4,1,1,1,22,5,108,1,1,-1,-1,-1
2017010033461,2,9,0,5,0,8,0,0,0,0,1,1,6,3,-1,-1,-1,-1,-1,-1,-1,-1
2017010033464,1,9,3,5,0,1,0,0,0,0,3,1,6,1,21,5,1998,8,1,3,1,3
2017010033464,2,9,0,18,0,1,0,0,0,0,4,1,2,1,48,8,1796,1,9,2,1,2
2017010033466,1,2,0,18,0,1,2,10,0,0,1,1,6,1,42,7,49,1,16,8,1,8
2017010033467,1,3,0,9,0,1,0,0,0,0,1,1,6,1,38,7,125,1,1,2,1,2
2017010033467,2,9,0,5,0,2,0,0,0,0,1,2,6,1,37,7,-1,-1,-1,4,1,4
2017010033469,1,9,0,16,0,0,2,10,1,4,1,1,6,1,24,5,2987,2,10,2,1,2
2017010033471,1,21,1,18,0,0,0,0,0,0,1,1,1,1,45,7,12900,2,4,2,1,2
2017010033471,2,9,0,18,0,0,0,10,1,7,3,1,6,1,38,7,1769,1,12,2,1,2
2017010033476,1,9,0,2,-1,0,0,0,0,0,0,-1,6,3,-1,-1,-1,-1,-1,-1,-1,-1
2017010033478,1,9,0,9,0,1,0,0,0,0,1,1,2,1,25,5,-1,-1,-1,3,1,3
2017010033478,2,9,0,18,0,1,0,0,0,0,1,1,6,1,41,7,1968,2,6,2,1,2
2017010033479,1,9,0,-1,0,8,0,0,0,0,-1,1,6,2,-1,-1,1699,1,8,1,1,1
2017010033481,1,9,0,3,0,1,0,0,0,0,2,-1,6,1,64,9,998,1,1,2,1,2
2017010033482,1,1,0,18,4,0,-1,0,-1,-1,3,1,6,2,33,6,-1,-1,-1,4,1,4
2017010033487,1,9,0,3,0,1,0,-1,0,0,-1,-1,1,1,54,8,1797,8,4,1,1,1
2017010033487,2,19,-1,-1,-1,-1,-1,-1,-1,-1,-1,-1,6,1,65,9,3920,2,8,2,1,2
2017010033497,1,3,0,3,0,4,0,0,0,0,2,1,6,2,40,7,124,1,2,10,1,10
2017010033497,2,9,0,-1,0,4,0,0,0,0,1,-1,6,2,-1,-1,1368,1,3,9,1,9
2017010033512,1,5,0,18,0,1,0,0,0,0,1,1,2,1,56,9,782,1,2,10,1,10
2017010033526,1,9,0,3,0,0,0,0,0,0,2,-1,6,2,36,7,1598,2,2,3,1,3
2017010033526,2,9,0,3,0,0,0,0,0,0,1,1,6,2,48,8,1598,1,11,-1,-1,-1
2017010033538,1,9,0,18,0,2,0,0,0,0,1,1,6,3,-1,-1,-1,-1,-1,-1,-1,-1
2017010033544,1,1,0,-1,0,0,0,-1,8,-1,-1,1,6,1,49,8,-1,-1,-1,7,1,7
2017010033549,1,9,0,5,0,6,0,0,0,0,4,1,6,1,42,7,3311,8,9,3,1,3
2017010033558,1,9,0,5,0,6,0,0,0,0,2,1,6,2,48,8,1398,1,1,2,1,2
2017010033558,2,9,0,18,0,1,0,4,1,0,1,1,6,3,-1,-1,1995,2,9,-1,-1,-1
2017010033561,1,11,0,18,0,2,0,0,0,0,0,1,1,1,35,6,6692,2,4,2,1,2
2017010033564,1,9,0,7,0,1,0,0,0,0,1,1,1,1,37,7,1499,2,4,2,1,2
2017010033564,2,1,0,18,0,1,0,0,0,0,1,1,2,2,37,7,-1,-1,-1,3,1,3
2017010033566,1,9,0,18,0,3,0,0,0,0,3,-1,6,2,41,7,1560,2,4,3,1,3
2017010033566,2,9,0,11,0,3,0,0,0,0,4,-1,6,2,-1,-1,1248,2,9,-1,-1,-1
2017010033569,1,3,-1,4,-1,-1,-1,-1,-1,-1,-1,1,6,1,53,8,125,1,13,4,1,4
2017010033569,2,9,-1,-1,-1,-1,-1,-1,-1,-1,-1,-1,6,3,-1,-1,1968,2,2,-1,-1,-1
2017010033569,3,5,-1,-1,0,-1,-1,-1,-1,-1,1,1,6,1,35,6,1202,1,-1,4,1,4
2017010033580,1,9,-1,3,0,4,0,0,0,0,2,-1,6,1,60,9,1587,1,14,-1,-1,-1
2017010033580,2,9,0,3,0,4,0,0,0,0,2,-1,6,1,-1,-1,1598,1,2,4,1,4
2017010033580,3,9,-1,18,0,4,-1,0,0,0,1,-1,6,2,-1,-1,1581,1,17,-1,-1,-1
2017010033581,1,3,0,9,0,8,0,0,0,0,4,1,6,1,21,5,125,1,-1,4,1,4
2017010033581,2,19,0,9,0,8,0,0,0,0,3,2,6,3,-1,-1,1868,2,11,-1,-1,-1
2017010033591,1,9,0,18,0,0,0,0,0,0,1,1,6,1,41,7,1686,2,7,2,1,2
2017010033593,1,9,0,18,0,1,0,0,0,0,4,1,6,2,32,6,1461,2,1,10,1,10
2017010033594,1,9,0,18,0,6,0,0,0,0,3,1,6,1,32,6,1242,1,1,2,1,2
2017010033596,1,9,0,18,0,1,0,0,0,0,1,1,6,1,80,11,1498,1,6,7,1,7
2017010033596,2,9,0,3,0,1,0,0,0,0,2,1,6,1,61,9,998,1,4,9,1,9
2017010033596,3,9,0,3,0,1,0,0,0,0,2,1,6,2,34,6,1197,1,3,4,1,4
2017010033598,1,9,0,3,0,1,0,0,0,0,2,-1,6,1,35,6,1995,2,11,5,1,5
2017010033598,2,9,0,18,0,1,0,0,0,0,0,-1,6,2,50,8,1388,1,9,2,1,2
2017010033600,1,9,0,18,-1,-1,0,0,0,0,2,-1,6,3,-1,-1,-1,-1,-1,-1,-1,-1
2017010033603,1,9,0,4,0,8,0,0,0,0,2,1,6,2,36,7,1998,2,4,7,1,7
2017010033603,2,9,0,4,0,8,0,0,0,0,1,1,2,1,38,7,-1,-1,-1,4,1,4
2017010033603,3,9,0,18,0,1,0,0,0,0,2,1,6,1,67,10,1390,1,9,8,1,8
2017010033604,1,3,0,18,0,8,0,0,0,0,1,1,2,1,33,6,125,1,6,4,1,4
2017010033607,1,1,0,18,-1,-1,0,0,0,0,4,1,2,2,33,6,-1,-1,-1,4,1,4
2017010033608,1,5,0,9,0,8,0,0,0,0,3,1,6,1,42,7,600,1,3,2,1,2
2017010033608,2,21,1,18,0,8,0,0,0,0,4,1,1,1,36,7,12902,2,1,3,1,3
2017010033609,1,9,0,18,0,1,0,0,0,0,4,1,2,1,59,9,996,1,8,3,1,3
2017010033610,1,9,-1,-1,-1,-1,-1,-1,-1,-1,-1,-1,6,2,29,6,1995,2,5,6,1,6
2017010033610,2,9,-1,-1,-1,-1,-1,-1,-1,-1,-1,-1,6,3,-1,-1,1124,1,14,-1,-1,-1
2017010033611,1,9,0,18,0,-1,0,-1,0,0,-1,-1,6,3,-1,-1,-1,-1,-1,-1,-1,-1
2017010033613,1,9,0,18,0,8,0,0,0,0,2,-1,6,2,43,7,1497,8,2,10,1,10
2017010033613,2,9,0,18,0,8,0,0,0,0,1,-1,6,1,27,6,1364,1,13,5,1,5
2017010033614,1,5,0,14,0,2,0,0,0,0,4,1,2,1,50,8,897,1,4,5,1,5
2017010033614,2,8,0,9,0,1,0,0,0,0,3,1,6,1,53,8,1797,8,8,-1,-1,-1
2017010033621,1,19,0,2,0,2,0,0,0,0,0,1,6,3,-1,-1,2402,2,7,-1,-1,-1
2017010033621,2,19,0,18,0,7,0,0,0,0,2,1,1,1,26,6,6700,2,2,2,1,2
2017010033621,3,9,0,18,0,7,0,0,0,0,1,1,6,1,63,9,1390,1,14,5,1,5
2017010033624,1,9,0,7,0,1,0,0,0,0,1,1,6,2,55,8,1596,1,12,6,1,6
2017010033624,2,9,0,18,0,1,0,0,1,0,4,1,6,2,50,8,1598,1,11,8,1,8
2017010033625,1,90,0,18,0,8,1,0,0,0,1,1,1,1,41,7,-1,-1,-1,8,2,8
2017010033625,2,9,0,3,0,8,0,0,0,0,2,1,6,1,26,6,1600,1,12,4,1,4
2017010033627,1,9,0,9,0,6,0,0,0,0,1,1,6,1,34,6,1598,2,4,3,1,3
2017010033627,2,3,0,18,0,1,0,0,0,0,3,1,6,1,-1,-1,125,1,3,3,1,3
2017010033628,1,9,0,6,0,1,0,0,0,0,3,1,6,2,38,7,-1,-1,-1,5,1,5
2017010033628,2,5,0,18,0,1,0,0,0,0,1,1,2,1,45,7,599,1,11,7,1,7
2017010033630,1,1,0,18,0,0,0,0,0,0,1,1,6,1,18,4,-1,-1,-1,5,1,5
2017010033632,1,9,0,8,0,1,0,0,0,0,2,1,6,1,81,11,1596,1,12,7,1,7
2017010033632,2,19,0,5,0,6,0,0,0,0,2,1,1,1,41,7,1560,2,7,1,1,1
2017010033637,1,9,0,1,0,0,0,0,0,0,2,1,6,1,26,6,1598,1,13,2,1,2
2017010033638,1,9,0,4,4,2,0,0,0,0,2,1,1,1,45,7,1800,8,4,3,1,3
2017010033638,2,1,0,18,4,2,0,0,0,0,1,1,1,1,41,7,-1,-1,-1,8,3,8
2017010033642,1,4,0,5,0,6,5,0,0,0,1,1,1,1,34,6,200,1,4,4,1,4
2017010033642,2,9,0,5,0,6,0,0,0,0,2,1,1,1,48,8,1797,8,6,5,1,5
2017010033646,1,11,0,5,3,1,0,0,0,0,0,1,1,1,41,7,5132,2,2,2,1,2
2017010033647,1,19,0,10,0,6,0,0,0,0,3,1,1,1,33,6,1598,2,2,3,1,3
2017010033647,2,2,0,18,0,1,0,0,0,0,1,1,6,1,19,4,49,1,13,6,1,6
2017010033648,1,9,0,18,0,1,0,-1,0,0,3,-1,6,1,27,6,998,1,7,8,1,8
2017010033648,2,9,0,18,0,1,-1,0,0,0,1,-1,6,3,-1,-1,2400,2,7,-1,-1,-1
2017010033649,1,9,0,18,0,0,0,0,0,0,4,2,6,2,45,7,1600,1,17,2,1,2
2017010033651,1,9,0,9,0,2,0,0,0,0,1,1,1,1,60,9,1997,2,7,6,1,6
2017010033651,2,1,0,18,0,1,0,0,0,0,1,1,6,1,36,7,-1,-1,-1,2,1,2
2017010033655,1,9,0,18,0,8,0,0,0,0,2,-1,6,1,32,6,1797,8,6,1,1,1
2017010033658,1,11,0,7,0,4,0,0,0,0,3,1,1,1,42,7,4500,2,6,7,1,7
2017010033658,2,9,0,7,0,4,0,0,0,0,1,1,6,1,40,7,1896,2,15,5,1,5
2017010033661,1,1,0,18,0,-1,0,0,0,0,-1,1,2,1,28,6,-1,-1,-1,5,1,5
2017010033663,1,11,0,5,0,4,0,0,0,0,0,1,1,2,31,6,5132,2,1,3,1,3
2017010033667,1,9,0,18,0,1,0,0,0,0,2,-1,6,1,26,6,1910,2,10,5,1,5
2017010033667,2,90,4,18,0,1,0,-1,0,0,1,-1,6,1,-1,-1,-1,-1,-1,-1,-1,-1
2017010033673,1,9,0,7,0,8,0,0,0,0,4,1,1,1,25,5,1995,2,7,3,1,3
2017010033673,2,4,0,13,2,8,0,0,1,0,3,1,6,1,19,4,125,1,5,-1,-1,-1
2017010033674,1,19,0,17,0,1,0,0,0,0,1,1,1,1,64,9,2198,2,1,7,1,7
2017010033675,1,1,0,18,0,1,0,0,0,0,-1,1,6,1,39,7,-1,-1,-1,3,1,3
2017010033675,2,90,0,3,0,1,0,0,0,0,-1,1,6,3,-1,-1,2970,2,1,-1,-1,-1
2017010033676,1,3,0,14,0,1,0,0,0,0,1,1,1,1,29,6,124,1,-1,5,1,5
2017010033678,1,5,0,14,0,8,0,0,0,0,1,1,6,3,-1,-1,-1,-1,-1,-1,-1,-1
2017010033679,1,1,-1,-1,-1,0,-1,-1,-1,-1,-1,1,6,1,22,5,-1,-1,-1,4,1,4
2017010033680,1,8,0,5,0,1,0,0,0,0,1,1,1,1,44,7,1686,2,4,1,1,1
2017010033681,1,8,0,18,0,8,0,0,0,0,1,1,6,1,25,5,1797,8,7,6,1,6
2017010033681,2,1,0,9,0,8,0,0,0,0,1,1,6,1,31,6,-1,-1,-1,2,1,2
2017010033682,1,19,0,9,0,5,0,0,0,0,1,1,2,1,50,8,2198,2,9,8,1,8
2017010033682,2,1,0,18,0,1,0,0,0,0,1,1,2,1,36,7,-1,-1,-1,5,1,5
2017010033685,1,19,0,7,0,5,0,0,0,0,4,1,2,1,41,7,2143,2,2,2,1,2
2017010033685,2,3,0,15,0,1,0,0,0,0,3,1,2,1,43,7,125,1,1,2,1,2
2017010033686,1,11,0,18,0,1,0,0,0,0,4,1,1,1,44,7,6692,2,7,3,1,3
2017010033686,2,1,0,18,0,1,0,0,0,0,3,1,6,1,20,4,-1,-1,-1,1,1,1
2017010033687,1,9,0,13,0,1,0,0,1,0,1,1,3,2,37,7,1796,1,11,5,1,5
2017010033688,1,9,0,5,0,2,0,0,0,0,2,1,6,2,25,5,1368,1,8,5,1,5
2017010033688,2,9,0,5,0,2,1,0,0,0,1,1,6,1,44,7,1988,1,15,2,1,2
2017010033689,1,9,0,9,0,8,0,0,0,0,1,1,6,1,50,8,1968,2,8,5,1,5
2017010033689,2,4,0,18,0,8,0,0,0,0,4,1,6,1,48,8,125,1,9,6,1,6
2017010033690,1,9,0,5,0,8,0,0,0,0,2,1,1,1,34,6,1560,2,3,7,1,7
2017010033690,2,9,0,5,0,8,0,0,0,0,1,1,6,1,37,7,1461,2,9,4,1,4
2017010033691,1,2,0,15,0,1,0,0,0,0,3,1,2,2,34,6,124,1,19,4,1,4
2017010033691,2,9,0,3,0,1,0,0,0,0,4,1,6,3,-1,-1,-1,-1,-1,-1,-1,-1
2017010033693,1,9,0,18,0,6,0,0,0,0,1,1,6,1,28,6,1198,1,8,5,1,5
2017010033694,1,9,0,1,9,0,0,0,0,0,2,1,6,1,68,10,1991,2,11,5,1,5
2017010033695,1,9,0,18,2,1,0,0,0,0,1,1,6,2,22,5,1995,1,6,3,1,3
2017010033695,2,9,0,9,0,8,0,0,0,0,4,1,6,1,36,7,1560,2,6,2,1,2
2017010033696,1,10,0,18,0,1,0,0,0,0,1,1,1,1,32,6,-1,-1,-1,2,1,2
2017010033696,2,9,0,18,0,1,0,0,0,0,3,1,2,2,28,6,1242,1,9,2,1,2
2017010033697,1,8,0,4,0,8,0,0,0,0,1,1,6,1,59,9,1968,2,3,7,1,7
2017010033697,2,19,0,3,0,8,0,0,0,0,2,1,1,1,36,7,2143,2,5,6,1,6
2017010033698,1,9,0,5,0,1,0,0,0,0,1,1,6,1,63,9,2987,2,4,10,1,10
2017010033698,2,1,0,17,0,2,0,0,0,0,2,1,6,2,35,6,-1,-1,-1,4,1,4
2017010033700,1,9,0,3,0,1,0,4,0,0,4,1,6,1,66,10,1991,2,8,1,1,1
2017010033700,2,9,0,3,0,1,0,0,0,0,3,1,1,1,25,5,-1,-1,-1,6,1,6
2017010033700,3,11,0,3,0,1,0,0,0,0,2,1,1,1,57,9,7300,2,13,1,1,1
2017010033703,1,9,0,9,0,8,0,0,0,0,1,1,6,1,57,9,2000,1,12,2,1,2
2017010033703,2,1,0,18,0,1,0,0,0,0,1,1,2,1,32,6,-1,-1,-1,7,1,7
2017010033704,1,8,0,5,0,3,0,0,0,0,1,1,1,1,26,6,1995,2,5,2,1,2
2017010033704,2,9,0,5,0,4,0,0,0,0,1,2,6,3,-1,-1,1339,8,6,-1,-1,-1
2017010033705,1,9,0,18,0,0,0,0,0,0,3,1,6,2,50,8,1240,1,8,-1,-1,-1