Accident_Index,Vehicle_Reference,Vehicle_Type,Towing_and_Articulation,Vehicle_Manoeuvre,Vehicle_Location-Restricted_Lane,Junction_Location,Skidding_and_Overturning,Hit_Object_in_Carriageway,Vehicle_Leaving_Carriageway,Hit_Object_off_Carriageway,1st_Point_of_Impact,Was_Vehicle_Left_Hand_Drive?,Journey_Purpose_of_Driver,Sex_of_Driver,Age_of_Driver,Age_Band_of_Driver,Engine_Capacity_(CC),Propulsion_Code,Age_of_Vehicle,Driver_IMD_Decile,Driver_Home_Area_Type,Vehicle_IMD_Decile
2017010034411,2,9,-1,-1,0,0,-1,-1,0,0,1,-1,6,1,-1,-1,1242,1,9,6,1,6
2017010034418,1,1,0,9,0,8,0,0,0,0,1,1,6,1,45,7,-1,-1,-1,6,1,6
2017010034418,2,9,0,18,0,1,0,0,0,0,1,1,6,1,19,4,1200,1,2,5,1,5
2017010034420,1,3,0,18,0,8,0,0,0,0,1,1,6,1,18,4,124,1,5,5,1,5
2017010034421,1,9,0,-1,0,0,-1,-1,0,0,2,-1,6,1,33,6,1461,2,1,1,1,1
2017010034425,1,9,0,10,0,2,0,0,0,0,3,1,2,1,51,8,1560,2,8,9,2,9
2017010034425,2,3,0,4,0,1,2,0,0,0,1,1,2,1,44,7,125,1,1,4,1,4
2017010034426,1,9,0,18,0,8,0,0,0,0,4,1,6,1,53,8,1390,1,9,7,1,7
2017010034426,2,9,0,10,0,6,0,0,0,0,1,1,6,1,61,9,1995,2,5,8,1,8
2017010034426,3,9,0,3,0,1,0,0,0,0,3,1,6,1,34,6,-1,-1,-1,8,1,8
2017010034430,1,9,0,18,0,0,0,0,0,0,2,-1,6,1,33,6,1997,2,14,5,1,5
2017010034430,2,20,-1,18,0,0,0,0,0,0,1,-1,6,3,-1,-1,-1,-1,-1,-1,-1,-1
2017010034435,1,9,0,18,0,1,0,0,0,0,1,1,6,1,57,9,1794,1,12,-1,-1,-1
2017010034436,1,9,0,10,0,1,0,0,0,0,1,1,6,1,64,9,1968,2,4,3,1,3
2017010034436,2,1,0,18,5,8,0,0,0,0,1,1,1,1,31,6,-1,-1,-1,4,1,4
2017010034438,1,9,0,4,0,1,0,0,0,0,3,1,3,1,47,8,875,1,5,10,1,10
2017010034439,1,11,0,18,2,1,0,0,0,0,0,1,1,1,59,9,9360,2,6,9,1,9
2017010034439,2,9,0,17,2,1,0,0,0,0,0,1,6,1,27,6,1390,1,6,6,1,6
2017010034447,1,5,0,13,0,0,5,0,0,0,3,1,6,1,36,7,599,1,15,9,1,9
2017010034447,2,9,0,12,0,0,0,0,0,0,4,1,2,1,34,6,3498,1,1,6,1,6
2017010034447,3,9,0,18,0,0,0,0,0,0,2,1,6,1,22,5,1368,1,6,-1,-1,-1
2017010034448,1,9,-1,-1,-1,0,-1,-1,-1,-1,-1,-1,6,1,30,6,2143,2,4,5,1,5
2017010034448,2,9,-1,-1,-1,0,-1,-1,-1,-1,-1,-1,6,1,-1,-1,2198,2,12,1,1,1
2017010034450,1,2,0,18,0,8,1,-1,0,0,1,1,6,1,17,4,124,1,16,2,1,2
2017010034450,2,19,0,9,0,8,-1,0,0,0,4,-1,6,1,43,7,2143,2,2,1,1,1
2017010034452,1,19,-1,1,0,-1,-1,-1,0,0,2,-1,6,1,-1,-1,-1,-1,-1,-1,-1,-1
2017010034456,1,9,0,3,0,1,0,0,0,0,1,1,6,2,47,8,1560,2,5,4,1,4
2017010034459,1,9,0,18,0,1,0,0,0,0,1,1,6,2,59,9,1685,2,-1,8,1,8
2017010034459,2,19,0,18,0,2,5,0,0,0,4,1,6,1,37,7,2143,2,6,-1,-1,-1
2017010034459,3,9,0,2,0,1,0,0,0,0,4,2,6,3,-1,-1,1968,2,4,-1,-1,-1
2017010034462,1,5,0,18,0,1,1,0,0,0,1,1,6,1,19,4,645,1,12,4,1,4
2017010034463,1,9,0,18,0,1,2,0,0,0,4,1,2,1,55,8,2996,1,10,4,1,4
2017010034463,2,8,0,5,0,1,1,0,0,0,3,1,3,1,30,6,1339,10,8,4,1,4
2017010034467,1,9,0,10,0,4,0,0,0,0,2,1,6,2,29,6,1390,1,10,4,1,4
2017010034467,2,9,0,3,0,1,0,0,0,0,2,1,6,2,28,6,1388,1,7,6,1,6
2017010034467,3,9,0,6,0,1,0,0,0,0,1,1,6,1,59,9,1796,1,13,7,1,7
2017010034470,1,9,0,3,0,6,0,0,0,0,2,-1,6,2,39,7,1968,2,8,-1,-1,-1
2017010034471,1,9,0,9,0,6,0,0,0,0,1,1,1,1,60,9,1997,2,5,2,1,2
2017010034471,2,3,0,18,0,2,0,0,0,0,4,1,2,1,28,6,124,1,2,2,1,2
2017010034473,1,9,0,18,0,2,0,0,0,0,4,1,6,2,43,7,2967,2,3,1,1,1
2017010034475,1,9,0,18,0,2,0,0,0,0,1,1,1,1,30,6,1896,2,16,1,1,1
2017010034475,2,9,0,9,0,6,0,0,0,0,3,1,1,2,35,6,998,1,5,7,1,7
2017010034478,1,19,0,9,0,8,0,0,0,0,4,1,1,1,36,7,1995,2,8,3,1,3
2017010034478,2,9,0,18,0,8,1,0,0,0,1,1,2,1,30,6,2497,2,12,5,1,5
2017010034480,1,11,0,4,2,1,0,0,0,0,0,1,1,1,28,6,4500,2,1,4,1,4
2017010034482,1,9,0,18,0,1,0,0,0,0,1,1,6,1,21,5,1124,1,16,2,1,2
2017010034482,2,9,0,18,0,1,0,0,0,0,1,1,6,1,70,10,1124,1,16,7,1,7
2017010034483,1,9,0,4,0,1,0,0,0,0,2,-1,6,1,59,9,1896,2,9,-1,-1,-1
2017010034483,2,9,0,18,0,1,0,0,0,0,1,-1,6,3,-1,-1,1986,2,10,-1,-1,-1
2017010034484,1,9,0,18,9,8,0,0,1,2,1,1,6,1,36,7,1595,1,17,4,1,4
2017010034484,2,9,0,9,0,6,0,0,0,0,0,1,6,3,-1,-1,1995,2,12,-1,-1,-1
2017010034486,1,9,0,9,0,2,0,0,0,0,1,1,6,1,45,7,1796,1,13,1,1,1
2017010034487,1,9,0,3,0,0,0,0,0,0,2,1,6,1,79,11,1896,2,12,4,1,4
2017010034487,2,9,0,18,0,0,0,0,0,0,1,1,6,2,65,9,1968,2,8,3,1,3
2017010034488,1,9,0,4,0,6,0,0,0,0,2,1,6,1,47,8,1968,2,10,-1,-1,-1
2017010034488,2,19,0,18,0,6,0,0,0,0,1,1,1,1,46,8,2198,2,6,3,3,3
2017010034488,3,19,0,18,0,6,0,0,0,0,1,1,1,1,37,7,-1,-1,-1,1,1,1
2017010034489,1,9,-1,-1,-1,-1,-1,-1,-1,-1,-1,-1,6,1,33,6,2204,2,13,5,1,5
2017010034489,2,9,-1,-1,-1,-1,-1,-1,-1,-1,-1,-1,6,1,27,6,1124,1,16,-1,-1,-1
2017010034490,1,5,0,13,0,8,0,0,0,0,1,1,6,1,37,7,599,1,9,4,1,4
2017010034490,2,9,0,9,0,8,0,0,0,0,4,1,6,2,36,7,1587,1,10,-1,-1,-1
2017010034493,1,3,0,9,0,4,0,0,0,0,1,1,2,1,20,4,125,1,2,2,1,2
2017010034493,2,9,0,7,0,4,0,0,0,0,1,1,3,1,32,6,1995,2,6,-1,-1,-1
2017010034494,1,19,0,18,0,8,0,0,0,0,1,1,6,1,39,7,1910,2,13,5,1,5
2017010034494,2,9,0,9,9,6,0,0,0,0,3,1,6,2,36,7,2143,2,2,4,1,4
2017010034495,1,9,0,18,0,1,0,0,0,0,3,-1,6,1,37,7,1598,1,2,9,1,9
2017010034495,2,20,1,18,0,1,0,0,0,0,4,-1,1,1,-1,-1,9290,2,1,-1,-1,-1
2017010034496,1,11,-1,-1,-1,-1,-1,-1,-1,-1,-1,1,1,1,54,8,6692,2,6,-1,-1,-1
2017010034498,1,3,-1,3,-1,-1,-1,-1,-1,-1,-1,1,6,2,43,7,883,1,4,7,1,7
2017010034498,2,20,-1,8,-1,-1,-1,-1,-1,-1,-1,-1,6,1,53,8,-1,-1,-1,8,1,8
2017010034500,1,11,0,4,0,1,0,0,0,0,1,1,1,1,44,7,4500,2,10,2,1,2
2017010034500,2,19,0,7,0,5,0,0,0,0,4,1,1,1,30,6,1598,2,1,1,1,1
2017010034507,1,9,0,18,0,3,0,0,0,0,2,-1,6,1,32,6,1590,1,16,-1,-1,-1
2017010034507,2,19,-1,18,0,3,0,0,0,0,1,-1,6,1,-1,-1,1560,2,-1,4,1,4
2017010034510,1,9,0,18,0,8,0,0,0,0,1,1,6,2,77,11,998,1,21,7,1,7
2017010034510,2,1,0,18,0,8,0,0,7,2,1,1,6,1,16,4,-1,-1,-1,6,1,6
2017010034511,1,11,0,18,0,8,0,0,0,0,1,1,1,1,39,7,8268,2,14,2,1,2
2017010034511,2,9,0,9,0,8,0,0,0,0,3,1,6,1,39,7,2993,2,8,3,1,3
2017010034516,1,9,-1,5,0,-1,0,-1,-1,-1,-1,-1,6,3,-1,-1,-1,-1,-1,-1,-1,-1
2017010034518,1,9,0,4,0,8,0,0,0,0,1,1,6,3,-1,-1,1995,1,9,-1,-1,-1
2017010034518,2,9,0,3,0,3,0,0,0,0,2,1,6,1,40,7,1781,7,14,-1,-1,-1
2017010034519,1,11,0,18,0,0,0,0,0,0,0,1,1,1,36,7,4500,2,9,8,1,8
2017010034521,1,3,0,18,0,0,0,0,0,0,1,1,6,1,17,4,-1,-1,-1,-1,-1,-1
2017010034521,2,9,0,3,0,0,0,0,0,0,0,1,6,1,17,4,-1,-1,-1,-1,-1,-1
2017010034522,1,9,0,18,0,1,0,0,0,0,4,1,6,3,-1,-1,-1,-1,-1,-1,-1,-1
2017010034524,1,19,0,9,0,1,0,0,0,0,3,1,1,2,39,7,2198,2,5,4,1,4
2017010034524,2,9,0,18,0,1,0,0,0,0,1,1,6,1,58,9,1598,1,8,2,1,2
2017010034525,1,9,0,9,0,3,0,0,0,0,4,1,1,1,39,7,2148,2,12,6,1,6
2017010034525,2,9,0,7,0,4,0,0,0,0,3,1,6,1,30,6,1598,1,6,3,1,3
2017010034526,1,9,0,18,0,0,0,0,0,0,1,1,6,1,27,6,998,1,9,3,1,3
2017010034526,2,1,0,9,0,0,0,0,0,0,1,1,6,1,34,6,-1,-1,-1,2,1,2
2017010034527,1,9,0,18,0,2,0,0,0,0,3,2,6,2,50,8,2143,2,4,7,1,7
2017010034527,2,9,0,18,0,2,0,0,0,0,3,1,6,1,24,5,1796,1,19,3,1,3
2017010034528,1,3,0,18,0,8,0,0,0,0,1,1,6,1,26,6,108,1,9,4,1,4
2017010034528,2,9,0,9,0,6,0,0,0,0,1,1,6,1,56,9,1850,1,15,6,1,6
2017010034530,1,1,0,14,0,1,0,0,0,0,1,1,6,1,29,6,-1,-1,-1,7,1,7
2017010034531,1,9,0,18,0,0,0,11,0,0,1,1,6,1,85,11,999,1,-1,6,1,6
2017010034532,1,9,0,1,9,2,0,0,1,0,2,1,6,1,85,11,1781,1,22,3,1,3
2017010034532,2,9,0,2,0,2,0,0,0,0,1,1,6,3,-1,-1,1598,1,11,-1,-1,-1
2017010034532,3,9,0,2,0,2,0,0,0,0,3,1,6,3,-1,-1,1989,1,17,-1,-1,-1
2017010034533,1,9,0,18,0,0,0,0,0,0,1,1,1,2,38,7,1995,2,9,3,1,3
2017010034534,1,9,0,18,0,8,1,0,0,0,3,1,3,1,31,6,2967,2,9,5,1,5
2017010034534,2,19,0,5,0,8,0,0,0,0,1,1,1,1,19,4,2287,2,3,7,1,7
2017010034535,1,9,0,7,0,8,0,0,0,0,1,1,6,3,-1,-1,1596,1,2,-1,-1,-1
2017010034535,2,1,0,18,0,1,0,0,0,0,2,1,6,2,29,6,-1,-1,-1,5,1,5
2017010034536,1,9,0,18,2,8,0,10,0,0,1,1,2,1,59,9,-1,3,1,8,1,8
2017010034537,1,8,0,5,0,5,0,0,0,0,4,1,1,1,40,7,1956,2,4,3,1,3
2017010034537,2,1,0,5,0,1,0,0,0,0,1,1,2,1,19,4,-1,-1,-1,9,1,9
2017010034538,1,19,0,9,0,8,0,0,0,0,3,1,1,1,57,9,2198,2,4,2,1,2
2017010034538,2,3,0,13,0,1,0,0,0,0,1,1,1,1,26,6,124,1,7,7,1,7
2017010034539,1,1,0,18,0,1,0,0,0,0,1,1,2,1,41,7,-1,-1,-1,4,1,4
2017010034540,1,9,0,18,9,1,1,0,7,10,2,1,6,1,27,6,998,1,11,2,1,2
2017010034540,2,21,1,18,0,1,0,0,0,0,1,2,6,1,49,8,-1,-1,-1,-1,-1,-1
2017010034540,3,9,0,2,6,1,0,0,0,0,2,1,6,3,-1,-1,3800,1,7,-1,-1,-1
2017010034541,1,9,0,5,0,8,0,0,0,0,1,1,6,2,37,7,1582,2,4,4,1,4
2017010034541,2,9,0,18,0,8,0,0,0,0,1,1,6,1,25,5,1598,2,4,3,1,3
2017010034542,1,9,0,18,0,1,0,0,0,0,0,1,6,2,53,8,1951,2,14,8,1,8
2017010034544,1,9,0,9,0,5,1,0,7,0,1,1,6,1,59,9,1197,1,3,3,1,3
2017010034544,2,19,4,5,0,1,0,0,0,0,1,1,1,1,60,9,10837,2,1,6,1,6
2017010034546,1,8,0,12,0,0,0,0,0,0,2,2,2,1,23,5,1995,2,4,6,1,6
2017010034546,2,3,0,13,0,0,2,0,0,0,1,1,6,1,30,6,124,1,7,4,1,4
2017010034547,1,11,0,5,3,1,0,0,0,0,0,1,1,1,37,7,9000,2,8,2,1,2
2017010034549,1,9,0,5,0,0,0,0,0,0,2,1,6,1,41,7,1796,1,3,2,1,2
2017010034549,2,5,0,18,0,0,0,0,0,0,1,1,6,1,23,5,659,1,1,10,1,10
2017010034551,1,9,0,18,0,0,0,0,0,0,1,1,3,2,52,8,1596,1,10,3,1,3
2017010034552,1,1,0,18,0,8,0,0,0,0,1,1,2,1,35,6,-1,-1,-1,2,1,2
2017010034552,2,9,0,9,0,5,0,0,0,0,1,1,6,3,-1,-1,-1,-1,-1,-1,-1,-1
2017010034553,1,9,0,9,0,6,0,0,0,0,1,1,6,1,22,5,1796,1,10,3,1,3
2017010034553,2,3,0,18,0,1,0,0,0,0,1,1,2,1,24,5,125,1,4,5,1,5
2017010034554,1,9,0,18,0,1,0,0,0,0,1,1,6,1,27,6,1596,1,2,-1,-1,-1
2017010034554,2,9,0,18,0,1,0,0,0,0,1,1,6,1,30,6,898,1,4,2,1,2
2017010034554,3,9,0,4,0,2,0,0,0,0,3,1,1,1,35,6,1997,2,2,2,1,2
2017010034554,4,9,0,18,0,2,0,0,0,0,3,1,6,1,61,9,4999,1,5,6,1,6
2017010034556,1,2,0,5,0,2,1,0,0,0,1,1,1,1,23,5,109,1,3,3,1,3
2017010034557,1,3,0,18,0,1,0,0,0,0,1,1,6,1,29,6,125,1,1,2,1,2
2017010034558,1,9,0,8,-1,2,0,0,0,0,2,1,6,1,30,6,1229,1,7,2,1,2
2017010034558,2,9,0,18,0,1,0,0,0,0,1,1,6,2,25,5,998,1,17,3,1,3
2017010034560,1,9,0,18,0,1,0,0,0,0,1,1,6,2,28,6,1991,2,12,3,1,3
2017010034560,2,9,0,18,0,1,0,0,0,0,1,1,6,1,28,6,2143,2,5,2,1,2
2017010034560,3,9,0,18,0,1,0,0,0,0,2,1,6,1,28,6,1596,1,12,2,1,2
2017010034560,4,9,0,7,0,1,0,0,0,0,2,1,6,2,56,9,1769,1,13,5,1,5
2017010034561,1,1,0,7,0,1,0,0,0,0,1,1,2,1,27,6,-1,-1,-1,2,1,2
2017010034561,2,9,0,9,0,1,0,0,0,0,1,1,6,1,32,6,1968,2,6,4,1,4
2017010034562,1,9,0,11,0,1,0,0,0,0,4,1,6,2,19,4,999,1,1,3,1,3
2017010034562,2,1,0,12,0,1,0,0,0,0,3,1,6,1,36,7,-1,-1,-1,2,1,2
2017010034563,1,9,0,5,0,2,0,0,0,0,1,1,6,2,22,5,1296,1,11,3,1,3
2017010034563,2,9,0,18,0,1,0,0,0,0,4,2,6,2,23,5,1242,1,1,1,1,1
2017010034564,1,8,0,18,0,2,0,0,0,0,1,1,1,1,50,8,2402,2,11,3,1,3
2017010034565,1,9,0,18,0,0,0,0,0,0,1,1,6,3,-1,-1,1995,2,5,-1,-1,-1
2017010034566,1,3,0,18,0,0,0,0,0,0,2,1,6,1,21,5,125,1,3,-1,-1,-1
2017010034566,2,9,0,13,0,0,0,0,0,0,4,1,6,3,-1,-1,-1,-1,-1,-1,-1,-1
2017010034568,1,9,0,18,0,1,0,0,0,0,1,2,6,1,46,8,2976,1,12,7,1,7
2017010034568,2,9,0,4,0,1,0,0,0,0,2,1,6,1,21,5,995,1,12,7,1,7
2017010034570,1,9,0,18,0,8,0,0,0,0,1,1,6,2,24,5,1397,1,13,2,1,2
2017010034570,2,9,-1,6,0,8,-1,-1,-1,-1,-1,-1,6,3,-1,-1,-1,-1,-1,-1,-1,-1
2017010034573,1,19,0,18,0,2,0,0,0,0,2,1,1,1,22,5,1995,2,5,6,1,6
2017010034573,2,19,0,18,0,2,0,0,0,0,1,1,1,1,62,9,4250,2,5,5,1,5
2017010034573,3,9,0,18,0,2,0,0,0,0,1,1,3,1,47,8,1995,2,13,-1,-1,-1
2017010034595,1,9,-1,-1,-1,0,-1,-1,-1,-1,-1,-1,6,1,20,4,-1,-1,-1,6,1,6
2017010034633,1,90,-1,18,0,4,0,0,0,0,4,1,6,3,-1,-1,-1,-1,-1,-1,-1,-1
2017010034647,1,9,0,5,9,2,0,0,2,1,1,1,6,1,26,6,1595,1,4,5,1,5
2017010034655,1,9,0,18,0,4,0,0,0,0,4,-1,6,1,58,9,-1,-1,-1,10,1,10
2017010034655,2,9,0,18,0,1,0,0,0,0,1,-1,6,3,-1,-1,1796,1,10,-1,-1,-1
2017010034671,1,8,0,18,0,8,0,0,0,0,4,1,1,1,47,8,1797,8,4,2,1,2
2017010034671,2,9,0,10,0,6,0,0,0,0,1,1,2,1,19,4,1198,1,13,2,1,2
2017010034687,1,9,0,14,0,0,0,4,0,0,3,1,6,2,22,5,1398,1,5,2,1,2
2017010034687,2,9,0,2,0,0,0,0,0,0,4,1,6,3,-1,-1,1397,1,9,-1,-1,-1
2017010034690,1,1,0,18,0,1,-1,0,0,0,1,1,6,1,22,5,-1,-1,-1,4,1,4
2017010034690,2,9,0,9,0,1,0,0,0,0,3,-1,6,1,-1,-1,-1,-1,-1,-1,-1,-1
2017010034695,1,9,0,3,0,0,0,0,0,0,2,-1,6,2,30,6,2902,2,14,10,1,10
2017010034695,2,9,0,-1,0,0,0,0,0,0,-1,-1,6,2,-1,-1,-1,-1,-1,9,1,9
2017010034696,1,1,0,18,0,8,0,0,0,0,1,1,6,2,43,7,-1,-1,-1,4,1,4
2017010034696,2,9,0,9,0,8,0,0,0,0,4,-1,6,2,40,7,2967,1,16,8,1,8
2017010034699,1,1,0,18,0,0,0,0,0,0,3,1,6,1,34,6,-1,-1,-1,6,1,6
2017010034699,2,9,0,18,0,0,0,0,0,0,4,1,6,3,-1,-1,1596,1,13,-1,-1,-1
2017010034701,1,9,0,-1,0,0,0,0,0,0,4,-1,6,1,52,8,1461,2,2,2,1,2
2017010034701,2,20,0,-1,0,0,0,0,0,0,4,-1,6,1,-1,-1,-1,-1,-1,-1,-1,-1
2017010034709,1,9,0,18,0,5,2,4,0,0,3,1,1,2,30,6,1598,1,13,6,1,6
2017010034724,1,11,0,5,2,8,0,0,0,0,0,1,1,1,28,6,4500,2,5,5,1,5
2017010034725,1,9,0,7,0,2,0,0,0,0,4,1,6,2,55,8,2143,2,2,2,1,2
2017010034726,1,5,0,18,0,0,0,10,0,0,4,1,2,1,49,8,1150,1,5,8,1,8
2017010034726,2,9,0,9,0,0,0,0,0,0,0,1,6,3,-1,-1,-1,-1,-1,-1,-1,-1
2017010034727,1,9,0,18,0,0,0,0,0,0,3,1,6,2,77,11,998,1,9,10,1,10
2017010034730,1,9,0,9,9,5,0,7,1,2,1,1,6,1,25,5,1595,1,14,1,1,1
2017010034731,1,9,0,15,0,1,0,4,0,0,1,1,6,2,29,6,1598,1,12,2,1,2
2017010034731,2,9,0,2,0,2,0,0,0,0,1,1,6,3,-1,-1,1968,2,4,-1,-1,-1
2017010034732,1,9,0,5,0,0,0,0,0,0,1,1,6,2,35,6,1984,1,4,-1,-1,-1
2017010034732,2,9,0,18,0,0,0,0,0,0,1,1,6,1,55,8,1984,1,1,5,1,5
2017010034733,1,11,0,18,0,1,0,0,0,0,2,1,1,1,49,8,4500,2,5,7,1,7
2017010034733,2,1,0,18,0,2,0,0,0,0,0,1,6,1,64,9,-1,-1,-1,8,3,8
2017010034734,1,9,0,18,0,3,0,0,0,0,3,1,6,3,-1,-1,1598,1,9,-1,-1,-1
2017010034735,1,9,0,18,2,0,0,0,0,0,1,1,6,1,27,6,-1,-1,-1,4,1,4
2017010034737,1,11,0,18,0,1,0,0,0,0,0,1,6,3,-1,-1,-1,-1,-1,-1,-1,-1
2017010034738,1,9,0,18,0,8,0,0,0,0,1,1,6,2,26,6,1388,1,8,7,1,7
2017010034738,2,9,0,9,0,5,0,0,0,0,1,1,6,1,48,8,1686,2,6,10,1,10
2017010034740,1,4,0,5,0,0,0,0,0,0,1,1,6,1,40,7,279,1,5,8,1,8
2017010034741,1,9,0,18,0,1,0,0,0,0,1,1,6,1,58,9,1497,1,16,4,1,4
2017010034744,1,9,0,18,0,4,0,0,0,0,4,1,6,1,23,5,-1,-1,-1,7,1,7
2017010034744,2,9,0,18,0,4,0,0,0,0,1,1,6,1,30,6,1560,2,11,1,3,1
2017010034746,1,9,0,18,0,2,0,0,0,0,3,1,6,3,-1,-1,-1,-1,-1,-1,-1,-1
2017010034747,1,3,0,18,0,2,0,0,0,0,1,1,1,1,22,5,108,1,-1,3,1,3
2017010034751,1,9,0,10,0,6,0,0,0,0,3,1,6,1,42,7,1995,2,10,5,1,5
2017010034751,2,5,0,15,0,1,0,0,0,0,1,1,2,1,35,6,-1,-1,-1,3,1,3
2017010034752,1,9,0,18,0,1,0,0,0,0,4,1,6,1,28,6,998,1,4,2,1,2
2017010034753,1,9,0,9,0,1,0,0,0,0,4,1,6,2,81,11,1596,1,16,2,1,2
2017010034753,2,3,0,18,0,8,0,0,0,0,1,1,6,1,23,5,125,1,2,2,1,2
2017010034753,3,9,0,9,0,8,0,0,0,0,0,1,6,3,-1,-1,-1,-1,-1,-1,-1,-1
2017010034754,1,9,0,18,0,2,1,4,0,0,1,1,6,2,31,6,1686,2,12,3,1,3
2017010034754,2,9,0,18,0,2,1,4,0,0,2,1,6,2,25,5,1390,1,3,3,1,3
2017010034754,3,9,0,2,9,2,0,0,0,0,1,1,6,3,-1,-1,1997,1,12,-1,-1,-1
2017010034754,4,9,0,2,9,2,0,0,0,0,2,1,6,3,-1,-1,1995,2,6,-1,-1,-1
2017010034754,5,9,0,2,9,2,0,0,0,0,4,1,6,3,-1,-1,1997,2,1,-1,-1,-1
2017010034755,1,9,0,9,0,8,0,0,0,0,1,1,6,2,43,7,1598,1,9,5,1,5
2017010034755,2,9,0,18,2,8,0,0,1,3,1,1,6,1,24,5,1598,2,3,1,1,1
2017010034756,1,1,0,18,0,8,0,0,0,0,1,1,6,1,30,6,-1,-1,-1,2,1,2
2017010034756,2,9,0,9,0,8,0,0,0,0,1,1,6,3,-1,-1,1968,2,10,-1,-1,-1
2017010034757,1,2,0,18,0,1,2,0,0,0,1,1,6,1,28,6,49,1,12,2,1,2
2017010034757,2,9,0,9,0,5,0,0,0,0,1,1,6,1,34,6,1968,2,8,1,1,1
2017010034758,1,1,0,18,0,8,0,0,0,0,3,1,6,2,64,9,-1,-1,-1,3,1,3
2017010034759,1,8,0,9,0,8,0,0,0,0,1,1,1,1,27,6,2148,2,7,1,1,1
2017010034760,1,5,0,18,2,0,0,0,0,0,0,1,6,1,57,9,955,1,14,3,1,3
2017010034761,1,9,0,10,0,1,0,0,0,0,1,1,6,1,30,6,1753,2,10,1,1,1
2017010034762,1,9,0,18,0,3,0,10,1,2,1,1,6,2,23,5,998,1,15,5,1,5
2017010034763,1,9,0,4,0,0,0,0,0,0,4,1,6,2,45,7,1781,1,16,5,1,5
2017010034763,2,9,0,1,0,0,0,8,0,0,2,1,6,1,53,8,2987,2,10,3,1,3
2017010034764,1,9,0,18,0,1,0,0,0,0,4,1,6,1,21,5,1598,2,-1,4,1,4
2017010034765,1,9,0,17,0,8,0,4,0,0,1,1,6,3,-1,-1,2979,1,4,-1,-1,-1
2017010034765,2,9,0,2,0,1,0,0,0,0,4,1,6,3,-1,-1,998,1,11,-1,-1,-1
2017010034765,3,90,0,18,0,1,0,0,0,0,0,1,1,1,40,7,-1,-1,-1,4,1,4
2017010034766,1,4,0,16,0,1,0,0,0,0,4,1,6,1,35,6,124,1,8,3,1,3
2017010034766,2,9,0,9,0,5,0,0,0,0,3,1,6,2,24,5,998,1,9,1,1,1
2017010034767,1,9,0,4,0,1,0,0,0,0,4,1,2,2,47,8,1587,1,15,1,1,1
2017010034768,1,3,0,18,0,8,0,0,0,0,3,1,1,1,25,5,108,1,4,2,1,2
2017010034768,2,3,0,9,0,8,0,0,0,0,1,1,1,1,20,4,109,1,3,3,1,3
2017010034769,1,9,0,5,0,1,0,0,0,0,3,1,6,2,43,7,998,1,15,1,1,1
2017010034769,2,9,0,5,0,1,0,0,0,0,4,1,6,1,52,8,2143,2,6,5,1,5
2017010034770,1,8,0,18,0,8,0,0,0,0,2,1,1,1,40,7,1497,8,9,3,1,3
2017010034770,2,9,0,18,0,8,0,0,0,0,2,1,6,1,30,6,1598,1,10,4,1,4
2017010034770,3,9,0,18,0,8,0,0,0,0,2,1,2,1,21,5,1560,2,11,5,1,5
2017010034772,1,9,0,3,0,2,0,0,0,0,2,1,6,1,19,4,1242,1,11,8,1,8
2017010034772,2,9,0,18,0,2,0,0,0,0,1,1,6,3,-1,-1,-1,-1,-1,-1,-1,-1
2017010034773,1,9,0,18,0,8,0,0,1,10,1,1,6,2,22,5,1995,1,4,4,1,4
2017010034773,2,9,0,9,0,8,0,0,0,0,4,1,6,2,25,5,1198,1,4,3,1,3
2017010034774,1,9,0,9,0,6,0,0,0,0,1,1,6,1,51,8,1598,1,7,4,1,4
2017010034774,2,3,0,9,0,6,0,0,0,0,1,1,6,1,26,6,125,1,1,6,1,6
2017010034775,1,9,0,9,0,8,0,0,0,0,3,1,6,2,21,5,1388,1,7,3,1,3
2017010034775,2,9,0,18,0,4,0,0,0,0,1,1,6,1,30,6,1767,1,16,-1,-1,-1
2017010034776,1,21,1,18,0,0,0,0,0,0,1,1,1,1,57,9,12809,2,4,-1,2,-1
2017010034777,1,19,0,16,0,0,0,0,0,0,1,1,6,1,36,7,2143,2,4,3,1,3
2017010034777,2,9,0,17,0,0,0,0,0,0,1,1,6,1,27,6,1597,1,21,6,1,6
2017010034779,1,3,0,18,0,8,0,0,0,0,1,1,6,1,27,6,125,1,9,1,1,1
2017010034779,2,9,0,9,0,5,0,0,0,0,3,1,2,1,28,6,1499,2,-1,3,1,3
2017010034781,1,4,0,18,0,2,0,0,0,0,1,1,6,1,22,5,125,1,2,2,1,2
2017010034782,1,3,0,18,0,1,0,0,0,0,4,1,1,1,32,6,125,1,6,1,1,1
2017010034782,2,9,0,2,0,1,0,0,0,0,1,1,6,3,-1,-1,1896,2,12,-1,-1,-1
2017010034782,3,9,0,2,0,2,0,0,0,0,2,1,6,3,-1,-1,1422,2,-1,-1,-1,-1
2017010034783,1,3,0,18,0,0,0,0,0,0,4,1,6,1,33,6,-1,-1,-1,4,1,4
2017010034783,2,9,0,5,0,0,0,0,0,0,1,1,6,1,22,5,1461,2,-1,5,1,5
2017010034787,1,9,0,18,0,1,0,7,0,0,1,1,2,1,36,7,1999,1,5,3,1,3
2017010034790,1,9,0,18,0,1,0,0,0,0,1,1,6,3,-1,-1,-1,-1,-1,-1,-1,-1