Accident_Index,Vehicle_Reference,Vehicle_Type,Towing_and_Articulation,Vehicle_Manoeuvre,Vehicle_Location-Restricted_Lane,Junction_Location,Skidding_and_Overturning,Hit_Object_in_Carriageway,Vehicle_Leaving_Carriageway,Hit_Object_off_Carriageway,1st_Point_of_Impact,Was_Vehicle_Left_Hand_Drive?,Journey_Purpose_of_Driver,Sex_of_Driver,Age_of_Driver,Age_Band_of_Driver,Engine_Capacity_(CC),Propulsion_Code,Age_of_Vehicle,Driver_IMD_Decile,Driver_Home_Area_Type,Vehicle_IMD_Decile
2017010035095,1,21,0,5,0,2,0,0,0,0,1,1,1,1,65,9,12900,2,10,3,3,3
2017010035095,2,90,0,3,0,6,0,0,0,0,2,1,6,2,64,9,-1,-1,-1,2,1,2
2017010035096,1,11,0,4,0,1,0,0,3,0,0,1,1,1,28,6,6700,2,5,4,1,4
2017010035105,1,9,-1,-1,-1,0,-1,-1,-1,-1,-1,-1,6,2,21,5,999,1,1,3,1,3
2017010035105,2,9,-1,-1,-1,0,-1,-1,-1,-1,-1,-1,6,2,-1,-1,1956,2,6,4,1,4
2017010035106,1,9,0,9,0,6,0,0,0,0,4,1,3,2,31,6,1461,2,10,3,1,3
2017010035108,1,19,0,5,0,0,0,0,0,0,1,1,1,1,35,6,1968,2,-1,2,1,2
2017010035112,1,5,0,13,0,1,0,0,0,0,1,1,6,1,30,6,599,1,6,-1,-1,-1
2017010035112,2,9,0,5,0,8,0,0,0,0,3,1,6,2,25,5,1997,2,12,3,1,3
2017010035116,1,9,0,9,0,6,0,0,0,0,1,1,6,3,-1,-1,1596,1,7,-1,-1,-1
2017010035118,1,9,0,7,0,4,0,0,0,0,1,1,6,3,-1,-1,-1,-1,-1,-1,-1,-1
2017010035118,2,1,0,9,0,3,0,0,0,0,4,1,1,1,37,7,-1,-1,-1,9,1,9
2017010035119,1,3,0,15,0,1,0,0,0,0,1,1,1,1,30,6,125,1,4,1,1,1
2017010035120,1,4,0,4,0,1,0,0,0,0,1,1,2,1,37,7,373,1,2,2,1,2
2017010035120,2,9,0,17,0,1,0,0,0,0,4,1,6,1,21,5,1995,1,9,6,1,6
2017010035121,1,9,0,7,0,5,0,0,0,0,4,1,2,1,32,6,1596,1,12,2,1,2
2017010035121,2,1,0,18,0,8,0,0,0,0,3,1,2,1,32,6,-1,-1,-1,2,1,2
2017010035122,1,9,0,18,0,8,0,0,0,0,3,1,2,2,41,7,1950,2,1,4,1,4
2017010035122,2,9,0,18,0,8,0,0,0,0,1,1,6,3,-1,-1,1596,1,10,-1,-1,-1
2017010035123,1,9,0,18,0,1,0,0,0,0,1,1,4,1,42,7,1596,1,9,1,1,1
2017010035124,1,9,0,9,0,1,0,0,0,0,4,1,6,2,30,6,1388,1,9,2,1,2
2017010035124,2,9,0,10,0,1,0,0,0,0,4,1,6,2,73,10,1896,2,12,2,1,2
2017010035124,3,9,0,13,0,1,0,0,0,0,3,1,6,1,20,4,1560,2,4,4,1,4
2017010035124,4,9,0,15,0,1,0,0,0,0,0,1,1,1,-1,-1,-1,-1,-1,5,1,5
2017010035125,1,9,0,18,0,2,0,0,0,0,1,1,6,2,27,6,1995,2,5,4,1,4
2017010035125,2,9,0,2,0,2,0,0,0,0,1,1,6,3,-1,-1,1389,1,14,-1,-1,-1
2017010035125,3,9,0,2,0,2,0,0,0,0,1,2,6,3,-1,-1,1598,1,12,-1,-1,-1
2017010035125,4,9,0,2,0,2,0,0,0,0,2,1,6,3,-1,-1,1995,2,12,-1,-1,-1
2017010035126,1,19,0,9,0,1,0,0,0,0,1,1,1,1,54,8,1598,2,2,2,1,2
2017010035126,2,3,0,18,0,1,0,0,0,0,1,1,1,1,28,6,124,1,5,7,1,7
2017010035127,1,9,0,4,0,0,0,0,0,0,2,1,6,2,42,7,1399,1,13,8,1,8
2017010035127,2,9,0,4,0,0,0,0,0,0,1,1,6,1,41,7,2996,8,1,7,1,7
2017010035128,1,19,0,18,-1,-1,0,-1,-1,-1,1,1,1,1,34,6,1968,2,2,3,1,3
2017010035129,1,9,0,18,0,2,0,0,0,0,3,1,6,1,38,7,-1,-1,-1,8,1,8
2017010035130,1,5,0,18,0,1,0,0,0,0,1,1,2,1,48,8,747,1,21,6,1,6
2017010035130,2,9,0,11,0,1,0,0,0,0,4,1,6,1,32,6,1796,1,8,4,1,4
2017010035131,1,9,0,18,0,1,0,0,0,0,0,1,1,1,34,6,1995,2,1,3,1,3
2017010035131,2,9,0,18,0,8,0,0,0,0,4,1,6,1,31,6,1798,1,8,-1,-1,-1
2017010035131,3,9,0,18,0,8,0,0,0,0,1,1,6,2,37,7,1991,2,8,3,1,3
2017010035132,1,9,0,17,0,1,0,0,0,0,3,1,6,1,69,10,1598,1,6,4,1,4
2017010035134,1,4,0,18,0,2,0,0,0,0,1,1,2,1,31,6,125,1,4,4,1,4
2017010035135,1,9,0,3,0,1,0,0,0,0,2,1,1,1,31,6,999,1,3,3,1,3
2017010035135,2,9,0,18,0,1,0,0,0,0,1,1,2,1,22,5,1242,1,12,6,1,6
2017010035138,1,3,0,14,0,2,1,0,0,0,1,1,6,3,-1,-1,-1,-1,-1,-1,-1,-1
2017010035142,1,9,0,18,0,2,0,0,0,0,1,1,6,2,23,5,1364,1,10,2,1,2
2017010035142,2,19,0,3,0,2,0,0,0,0,2,1,1,1,28,6,1560,2,3,6,2,6
2017010035142,3,9,0,3,0,2,0,4,0,0,2,1,6,1,47,8,3311,8,11,7,1,7
2017010035143,1,1,-1,-1,-1,-1,-1,-1,-1,-1,-1,1,6,1,28,6,-1,-1,-1,1,1,1
2017010035143,2,9,-1,-1,-1,-1,-1,-1,-1,-1,-1,-1,6,1,-1,-1,1796,1,5,-1,-1,-1
2017010035144,1,9,-1,-1,-1,-1,-1,-1,-1,-1,2,-1,6,2,25,5,1395,1,3,3,1,3
2017010035144,2,9,-1,-1,-1,-1,-1,-1,-1,-1,-1,-1,6,2,-1,-1,1956,2,4,5,1,5
2017010035145,1,11,0,5,2,0,0,0,0,0,0,1,1,1,28,6,6370,2,8,3,1,3
2017010035146,1,9,-1,18,-1,-1,-1,-1,-1,-1,-1,-1,6,3,-1,-1,1797,8,7,-1,-1,-1
2017010035150,1,19,0,3,0,1,0,0,0,0,0,1,1,1,39,7,2198,2,1,7,1,7
2017010035150,2,1,0,9,0,1,1,0,0,0,0,1,2,1,44,7,-1,-1,-1,4,1,4
2017010035160,1,9,-1,-1,-1,0,-1,-1,-1,-1,-1,-1,6,2,44,7,1339,1,8,2,1,2
2017010035160,2,9,-1,-1,-1,0,-1,-1,-1,-1,-1,-1,6,2,-1,-1,1499,1,1,-1,-1,-1
2017010035165,1,1,0,5,0,0,0,0,0,0,2,1,1,1,44,7,-1,-1,-1,3,1,3
2017010035166,1,9,0,18,0,1,0,0,0,0,2,-1,6,1,24,5,1299,1,16,5,1,5
2017010035166,2,9,0,18,0,1,0,0,0,0,1,-1,6,3,-1,-1,1968,2,8,-1,-1,-1
2017010035167,1,11,0,4,0,0,0,0,0,0,-1,1,1,1,-1,-1,-1,-1,-1,-1,-1,-1
2017010035170,1,1,0,18,0,1,0,0,0,0,1,1,6,1,34,6,-1,-1,-1,6,1,6
2017010035170,2,9,0,-1,0,-1,0,0,0,0,1,-1,6,1,-1,-1,1995,2,6,-1,-1,-1
2017010035172,1,1,0,18,0,1,-1,0,0,0,3,1,6,1,25,5,-1,-1,-1,2,1,2
2017010035172,2,9,0,18,0,2,-1,0,0,0,4,-1,6,3,-1,-1,1595,1,1,-1,-1,-1
2017010035175,1,9,0,18,0,1,0,0,0,0,4,-1,6,1,25,5,1598,2,2,7,1,7
2017010035176,1,1,0,18,0,4,0,0,0,0,-1,1,6,2,38,7,-1,-1,-1,7,1,7
2017010035176,2,9,0,11,0,4,0,0,0,0,-1,-1,6,1,-1,-1,-1,-1,-1,-1,-1,-1
2017010035181,1,9,0,18,0,1,0,0,0,0,1,1,6,2,45,7,2143,2,2,2,1,2
2017010035181,2,19,0,18,0,1,0,0,0,0,2,1,6,3,-1,-1,2402,2,5,-1,-1,-1
2017010035188,1,1,0,-1,0,-1,0,-1,-1,0,-1,1,6,1,23,5,-1,-1,-1,7,1,7
2017010035188,2,8,0,-1,0,-1,0,-1,-1,0,-1,-1,6,1,39,7,2499,2,8,10,1,10
2017010035201,1,8,0,4,0,1,0,4,0,0,2,1,1,2,50,8,-1,-1,-1,3,1,3
2017010035201,2,1,0,18,0,2,1,4,0,0,1,1,2,1,22,5,-1,-1,-1,5,1,5
2017010035203,1,1,0,-1,0,0,0,-1,-1,0,-1,1,6,1,-1,-1,-1,-1,-1,6,1,6
2017010035203,2,19,-1,-1,2,0,0,-1,-1,0,-1,-1,6,1,-1,-1,1598,2,3,1,1,1
2017010035204,1,1,0,18,0,8,0,-1,0,0,-1,1,6,1,46,8,-1,-1,-1,5,1,5
2017010035204,2,9,-1,-1,-1,1,0,-1,0,0,-1,-1,6,3,-1,-1,1997,2,1,-1,-1,-1
2017010035208,1,9,0,10,0,5,0,0,0,0,2,1,6,2,32,6,-1,-1,-1,8,1,8
2017010035208,2,9,0,18,0,2,0,0,0,0,1,1,6,2,68,10,1242,1,5,8,1,8
2017010035214,1,5,-1,-1,0,-1,5,0,0,0,-1,1,6,1,-1,-1,900,1,-1,3,1,3
2017010035214,2,1,-1,-1,0,-1,5,0,0,0,-1,1,6,1,-1,-1,-1,-1,-1,-1,-1,-1
2017010035217,1,5,0,12,0,8,1,0,0,0,1,1,6,1,29,6,599,1,12,-1,-1,-1
2017010035217,2,9,0,12,0,8,0,0,0,0,1,-1,6,3,-1,-1,-1,-1,-1,-1,-1,-1
2017010035221,1,3,0,4,0,0,0,0,0,0,0,1,2,2,30,6,108,1,2,2,1,2
2017010035222,1,5,0,14,0,1,2,0,0,0,1,1,2,1,42,7,998,1,1,9,1,9
2017010035222,2,9,0,9,0,6,0,0,0,0,1,1,6,1,36,7,2198,2,11,6,1,6
2017010035228,1,9,0,18,0,1,0,7,0,0,1,1,1,1,51,8,1997,2,5,5,1,5
2017010035230,1,9,0,18,0,2,0,0,0,0,3,1,6,1,28,6,1995,2,3,4,1,4
2017010035230,2,1,0,5,0,1,0,0,0,0,3,1,1,2,29,6,-1,-1,-1,5,1,5
2017010035232,1,11,-1,-1,0,1,0,-1,0,0,2,-1,6,1,-1,-1,-1,-1,-1,-1,-1,-1
2017010035232,2,9,0,-1,0,1,0,-1,0,0,1,-1,6,1,-1,-1,-1,-1,-1,-1,-1,-1
2017010035235,1,9,0,10,0,5,0,0,0,0,3,-1,6,1,59,9,1299,1,13,-1,-1,-1
2017010035235,2,9,0,10,0,6,0,0,0,0,1,-1,6,1,48,8,1797,8,7,-1,-1,-1
2017010035236,1,1,0,18,0,1,0,0,0,0,4,1,6,1,41,7,-1,-1,-1,7,1,7
2017010035236,2,9,0,9,0,6,0,0,0,0,1,1,6,1,-1,-1,1587,1,13,3,1,3
2017010035247,1,9,0,18,0,6,0,0,0,0,1,1,6,1,66,10,1686,2,5,2,1,2
2017010035247,2,9,0,18,0,6,0,0,0,0,2,1,6,2,54,8,1797,8,3,3,1,3
2017010035248,1,2,0,18,0,1,0,0,0,0,-1,1,1,1,31,6,109,1,5,7,1,7
2017010035248,2,9,0,18,0,1,0,0,0,0,1,-1,6,3,-1,-1,998,1,4,-1,-1,-1
2017010035250,1,11,0,7,0,1,0,0,0,0,4,1,6,2,46,8,8268,2,13,2,1,2
2017010035252,1,9,0,9,0,0,0,0,0,0,1,1,2,2,33,6,1995,1,13,9,1,9
2017010035252,2,3,0,13,0,0,0,0,0,0,1,1,2,1,46,8,125,1,3,2,1,2
2017010035275,1,3,0,3,0,1,0,0,0,0,2,1,2,1,29,6,689,1,2,5,1,5
2017010035275,2,9,0,18,0,1,0,0,0,0,1,1,6,1,72,10,1797,1,17,6,1,6
2017010035276,1,11,0,4,2,1,0,0,0,0,0,1,6,1,30,6,4500,2,2,6,1,6
2017010035285,1,11,0,5,0,1,0,0,0,0,0,1,1,1,56,9,4500,2,7,5,1,5
2017010035286,1,9,0,9,0,2,0,0,0,0,3,2,1,2,36,7,1390,1,4,6,1,6
2017010035286,2,1,0,18,0,1,0,0,0,0,2,1,2,1,23,5,-1,-1,-1,4,1,4
2017010035290,1,3,0,9,0,5,0,0,0,0,1,1,6,1,16,4,244,1,14,2,1,2
2017010035290,2,9,0,2,0,1,0,0,0,0,1,1,6,3,-1,-1,1968,2,10,-1,-1,-1
2017010035292,1,9,0,9,0,1,0,0,0,0,3,1,1,1,52,8,1200,1,-1,3,1,3
2017010035292,2,9,0,13,0,1,1,0,0,0,1,1,1,1,34,6,1997,2,3,4,1,4
2017010035297,1,9,0,12,0,8,0,0,0,0,3,1,6,2,66,10,1390,1,13,6,1,6
2017010035297,2,21,1,17,0,8,0,0,0,0,4,1,1,1,35,6,12777,2,7,1,1,1
2017010035310,1,11,0,4,0,-1,0,0,0,0,0,1,6,3,-1,-1,-1,-1,-1,-1,-1,-1
2017010035313,1,9,0,3,0,0,0,0,0,0,2,1,6,1,32,6,1598,1,14,2,1,2
2017010035313,2,9,0,18,0,0,0,0,0,0,1,1,6,2,48,8,1298,1,9,5,1,5
2017010035314,1,9,0,18,0,4,0,0,0,0,1,1,6,1,46,8,1995,2,5,10,1,10
2017010035314,2,9,0,9,0,3,0,0,0,0,1,1,6,2,21,5,1199,1,14,5,1,5
2017010035316,1,9,0,8,0,8,0,0,0,0,2,1,6,2,26,6,999,1,2,3,1,3
2017010035316,2,9,0,18,0,5,0,0,0,0,2,1,6,3,-1,-1,-1,-1,-1,-1,-1,-1
2017010035317,1,9,0,18,0,4,0,0,7,2,1,1,6,1,74,10,1248,1,-1,10,1,10
2017010035317,2,9,0,18,0,8,0,0,0,0,1,1,6,2,72,10,1339,1,6,10,1,10
2017010035317,3,9,0,18,0,2,0,0,0,0,4,1,6,1,25,5,1984,1,9,4,1,4
2017010035318,1,3,0,11,0,0,0,0,0,0,4,1,2,1,52,8,125,1,1,2,1,2
2017010035318,2,9,0,3,0,0,0,0,0,0,3,1,2,2,57,9,2000,2,10,6,1,6
2017010035319,1,3,0,18,0,1,0,0,0,0,4,1,2,1,18,4,113,1,1,-1,-1,-1
2017010035319,2,19,0,12,0,1,0,0,0,0,1,1,1,1,36,7,-1,-1,-1,2,1,2
2017010035320,1,11,0,7,0,2,0,0,0,0,1,1,1,1,34,6,3900,2,11,5,1,5
2017010035320,2,19,0,3,0,2,0,0,0,0,2,1,1,1,58,9,2402,2,6,8,1,8
2017010035321,1,21,0,18,0,0,0,0,0,0,1,1,1,1,47,8,12740,2,6,3,1,3
2017010035321,2,4,0,18,0,0,5,0,0,0,2,1,1,1,63,9,471,1,3,3,1,3
2017010035322,1,9,0,18,0,1,0,0,0,0,1,1,6,2,25,5,1329,1,8,6,1,6
2017010035322,2,19,0,3,0,1,0,0,0,0,2,1,1,1,29,6,1686,2,13,4,1,4
2017010035324,1,3,0,18,0,1,1,0,0,0,1,1,6,1,34,6,108,1,5,4,1,4
2017010035324,2,19,0,10,0,1,0,0,0,0,3,1,1,1,29,6,2287,2,2,2,1,2
2017010035326,1,3,0,18,0,1,0,0,0,0,1,1,6,1,18,4,124,1,3,2,1,2
2017010035326,2,9,0,9,0,2,0,0,0,0,3,2,6,1,58,9,1999,1,6,5,1,5
2017010035327,1,9,0,5,0,1,0,0,0,0,1,1,1,1,34,6,1991,1,1,2,1,2
2017010035327,2,9,0,9,0,1,0,0,0,0,4,1,6,2,37,7,1984,1,9,1,1,1
2017010035328,1,9,0,18,0,8,0,0,0,0,3,1,6,1,22,5,1968,2,1,1,1,1
2017010035328,2,9,0,9,0,6,0,0,0,0,1,1,6,2,61,9,1796,1,10,6,1,6
2017010035329,1,11,0,5,0,8,0,0,0,0,4,1,1,1,49,8,6696,2,4,3,1,3
2017010035329,2,3,0,5,0,8,5,0,0,0,1,1,6,1,19,4,125,1,2,3,1,3
2017010035331,1,9,0,3,0,1,0,0,0,0,1,1,6,2,76,11,1149,1,9,9,1,9
2017010035331,2,9,0,3,0,1,1,0,3,0,3,1,6,1,23,5,1242,1,6,10,1,10
2017010035332,1,9,0,13,9,0,0,10,1,0,1,1,6,1,62,9,2979,1,13,4,1,4
2017010035332,2,9,0,4,9,0,0,10,1,10,4,1,6,1,31,6,1368,1,9,7,1,7
2017010035333,1,19,0,15,0,2,0,0,0,0,1,1,1,1,26,6,1560,2,3,4,1,4
2017010035333,2,9,0,9,0,5,0,0,0,0,1,1,1,1,47,8,1968,2,4,2,1,2
2017010035334,1,9,0,1,0,1,0,0,0,0,1,1,1,1,31,6,2967,2,2,2,1,2
2017010035334,2,5,0,16,0,1,0,0,0,0,1,1,1,1,43,7,1050,1,1,5,1,5
2017010035335,1,5,0,18,0,1,0,0,0,0,1,1,6,1,25,5,-1,-1,-1,3,1,3
2017010035335,2,9,0,9,0,1,0,0,0,0,1,1,6,1,30,6,3239,1,18,2,1,2
2017010035336,1,9,0,9,0,6,0,0,0,0,0,1,6,2,43,7,1360,1,15,1,1,1
2017010035336,2,3,0,18,0,1,1,0,0,0,1,1,1,1,27,6,108,1,6,2,1,2
2017010035337,1,9,0,18,0,0,0,0,0,0,3,1,6,1,36,7,2171,1,16,4,1,4
2017010035337,2,1,0,14,0,0,0,8,0,0,1,1,6,2,32,6,-1,-1,-1,2,1,2
2017010035339,1,9,0,4,0,1,0,0,1,10,1,1,2,2,52,8,1596,1,14,1,1,1
2017010035340,1,9,0,5,0,0,0,0,0,0,3,1,6,1,48,8,1386,1,9,5,1,5
2017010035340,2,1,0,14,0,0,5,0,0,0,4,1,2,2,25,5,-1,-1,-1,4,1,4
2017010035341,1,5,0,4,0,8,0,0,0,0,1,1,2,1,33,6,600,1,15,6,1,6
2017010035342,1,19,0,7,0,2,0,0,0,0,1,1,6,3,-1,-1,-1,-1,-1,-1,-1,-1
2017010035343,1,9,0,14,0,2,0,0,0,0,1,1,6,1,48,8,2987,2,10,5,1,5
2017010035343,2,8,0,18,0,2,0,0,0,0,1,1,1,1,36,7,-1,-1,-1,7,1,7
2017010035344,1,19,0,9,0,6,0,0,0,0,0,1,1,1,21,5,2143,2,3,9,1,9
2017010035344,2,2,0,18,0,1,1,0,0,0,1,1,1,1,45,7,49,1,8,4,1,4
2017010035345,1,11,0,5,2,1,0,0,0,0,0,1,1,1,21,5,-1,-1,-1,6,1,6
2017010035346,1,9,0,18,0,3,0,0,0,0,1,1,2,1,57,9,1248,2,8,9,1,9
2017010035346,2,9,0,4,0,3,0,0,0,0,2,1,6,2,18,4,1248,1,-1,7,1,7
2017010035346,3,9,0,4,0,3,0,0,0,0,2,1,6,2,58,9,2987,2,9,10,1,10
2017010035346,4,9,0,4,0,3,0,0,0,0,2,1,6,2,27,6,1995,1,7,9,1,9
2017010035348,1,11,0,18,0,8,0,0,0,0,1,1,1,1,47,8,4461,2,4,5,1,5
2017010035348,2,1,0,9,9,5,0,0,0,0,3,1,6,1,14,3,-1,-1,-1,4,1,4
2017010035349,1,90,0,1,0,1,0,0,0,0,2,1,6,1,33,6,6370,2,6,-1,-1,-1
2017010035349,2,9,0,3,0,1,0,0,0,0,1,1,6,1,35,6,1995,2,9,3,1,3
2017010035350,1,9,0,9,0,2,1,0,1,7,1,1,6,2,24,5,2993,2,13,4,1,4
2017010035351,1,9,0,5,0,8,0,0,0,0,1,1,6,1,54,8,1794,1,9,7,1,7
2017010035351,2,3,0,18,0,2,0,0,0,0,3,1,6,2,19,4,125,1,2,7,1,7
2017010035353,1,9,0,18,0,0,0,10,0,0,3,1,2,1,42,7,698,1,11,2,1,2
2017010035353,2,9,0,18,0,0,0,0,0,0,4,1,1,1,28,6,1896,2,14,6,1,6
2017010035354,1,9,0,18,0,2,0,0,0,0,1,1,6,3,-1,-1,-1,-1,-1,-1,-1,-1
2017010035356,1,9,0,18,0,0,0,0,0,0,3,1,6,1,25,5,1796,1,13,1,1,1
2017010035357,1,9,0,5,0,4,0,4,0,0,1,1,1,1,38,7,-1,-1,-1,2,1,2
2017010035357,2,9,0,3,0,4,0,0,0,0,2,1,1,1,36,7,1984,1,-1,2,1,2
2017010035359,1,9,0,5,0,2,0,0,0,0,3,1,6,1,23,5,999,1,9,4,1,4
2017010035359,2,3,0,18,0,2,2,0,0,0,1,1,2,1,20,4,124,1,2,4,1,4
2017010035361,1,3,0,18,0,1,0,0,0,0,1,1,6,1,35,6,125,1,4,2,1,2
2017010035361,2,9,0,9,0,1,0,0,0,0,3,1,6,1,17,4,1199,1,13,-1,-1,-1
2017010035363,1,9,0,18,0,8,0,0,0,0,1,1,6,1,19,4,1461,2,1,5,1,5
2017010035363,2,9,0,5,0,8,0,0,0,0,1,1,6,1,58,9,1560,2,6,9,1,9
2017010035367,1,19,0,14,0,0,0,0,0,0,1,1,1,1,46,8,2143,2,3,2,1,2
2017010035368,1,9,-1,-1,-1,-1,-1,-1,-1,-1,-1,-1,6,1,31,6,1968,2,3,2,1,2
2017010035369,1,3,0,5,0,1,0,0,0,0,0,1,2,1,21,5,125,1,9,4,1,4
2017010035370,1,9,0,18,0,1,0,0,0,0,3,1,6,1,42,7,1364,2,8,2,1,2
2017010035370,2,1,0,18,0,1,0,0,0,0,3,1,6,1,41,7,-1,-1,-1,2,1,2
2017010035371,1,11,0,18,0,1,0,0,0,0,0,1,1,1,32,6,4500,2,3,-1,-1,-1
2017010035371,2,9,0,7,0,5,0,0,0,0,0,1,6,3,-1,-1,-1,-1,-1,-1,-1,-1
2017010035372,1,19,0,18,0,1,0,0,0,0,2,1,1,1,30,6,1968,2,2,3,1,3
2017010035372,2,9,0,18,0,1,0,0,0,0,1,1,6,1,53,8,1896,2,11,-1,-1,-1
2017010035382,1,1,0,18,2,1,0,0,1,0,1,1,6,2,22,5,-1,-1,-1,4,1,4
2017010035382,2,9,0,7,0,1,0,0,0,0,4,-1,6,3,-1,-1,-1,-1,-1,-1,-1,-1
2017010035384,1,3,0,18,0,1,0,0,0,0,1,1,2,1,32,6,-1,-1,-1,2,1,2
2017010035384,2,9,0,1,0,4,0,0,0,0,2,-1,6,1,-1,-1,2143,2,4,5,1,5
2017010035390,1,1,0,-1,-1,-1,0,0,0,0,1,1,2,2,29,6,-1,-1,-1,3,1,3
2017010035394,1,1,-1,18,0,1,0,0,0,0,-1,1,6,2,35,6,-1,-1,-1,4,1,4
2017010035394,2,9,-1,7,0,1,0,0,0,0,-1,-1,6,1,-1,-1,-1,-1,-1,-1,-1,-1
2017010035400,1,9,0,4,0,8,0,0,0,0,2,-1,1,1,31,6,1685,2,4,3,1,3
2017010035400,2,9,0,18,0,4,0,0,0,0,1,-1,6,3,-1,-1,1360,1,11,-1,-1,-1
2017010035402,1,9,0,7,0,6,0,0,0,0,1,1,6,1,38,7,1598,1,6,6,1,6
2017010035402,2,9,0,7,0,6,0,0,0,0,2,1,2,1,31,6,1598,1,15,9,1,9
2017010035407,1,9,0,18,0,1,0,0,0,0,1,-1,6,2,30,6,1242,1,6,-1,-1,-1
2017010035407,2,9,0,1,0,-1,0,0,0,0,2,-1,6,3,-1,-1,1968,2,10,-1,-1,-1
2017010035408,1,9,0,7,0,5,0,0,0,0,2,-1,6,1,30,6,1796,1,14,3,1,3
2017010035408,2,9,0,18,0,1,0,0,0,0,1,-1,6,3,-1,-1,2544,1,18,-1,-1,-1
2017010035410,1,11,0,-1,0,-1,0,-1,-1,-1,-1,1,6,1,63,9,9360,2,8,9,1,9
2017010035419,1,9,0,4,0,0,0,0,0,0,2,1,6,2,55,8,1197,1,-1,3,1,3
2017010035419,2,9,-1,18,-1,0,-1,-1,-1,-1,-1,1,6,2,-1,-1,1995,2,7,7,1,7
2017010035420,1,9,0,18,0,4,0,0,0,0,1,1,6,1,30,6,2993,2,2,4,1,4
2017010035420,2,9,0,9,0,4,0,0,0,0,1,1,6,1,19,4,1248,2,7,5,1,5
2017010035421,1,19,0,18,0,4,0,0,0,0,1,1,1,1,31,6,1995,2,4,3,1,3
2017010035421,2,1,0,18,0,4,0,0,0,0,4,1,2,1,31,6,-1,-1,-1,4,1,4
2017010035424,1,9,0,9,0,5,0,0,0,0,-1,-1,6,1,-1,-1,1242,1,10,-1,-1,-1
2017010035426,1,9,-1,-1,-1,0,-1,-1,-1,-1,-1,-1,6,1,26,6,998,1,7,-1,-1,-1
2017010035426,2,9,-1,-1,-1,0,-1,-1,-1,-1,-1,-1,6,1,-1,-1,1598,1,11,-1,-1,-1
2017010035430,1,19,0,3,0,1,0,0,0,0,2,1,1,1,51,8,1870,2,14,-1,-1,-1
2017010035430,2,9,0,18,0,1,0,0,0,0,1,1,6,1,-1,-1,1598,2,1,5,1,5
2017010035431,1,9,0,-1,-1,0,0,-1,-1,-1,-1,-1,6,2,32,6,2496,1,14,1,1,1
2017010035431,2,9,-1,-1,-1,0,-1,-1,-1,-1,-1,-1,6,1,-1,-1,2099,1,14,5,3,5
2017010035433,1,9,-1,7,0,1,-1,0,0,0,-1,-1,6,1,-1,-1,-1,-1,-1,5,1,5
2017010035433,2,1,0,18,0,1,0,0,0,0,1,1,6,2,25,5,-1,-1,-1,-1,-1,-1
2017010035443,1,9,0,4,0,8,0,0,0,0,2,1,2,2,44,7,1598,1,12,2,1,2
2017010035443,2,1,0,18,0,8,0,0,0,0,1,1,6,1,41,7,-1,-1,-1,2,1,2
2017010035449,1,19,0,1,0,0,0,0,0,0,2,-1,1,1,-1,-1,2143,2,4,-1,-1,-1
2017010035450,1,9,0,18,0,1,0,0,0,0,1,1,6,1,-1,-1,-1,-1,-1,9,3,9
2017010035459,1,3,0,13,0,2,0,0,0,0,1,1,1,1,21,5,125,1,1,5,1,5
2017010035459,2,9,0,4,0,2,0,0,0,0,3,1,1,2,29,6,1242,1,3,9,1,9
2017010035462,1,1,0,18,0,2,0,0,0,0,0,1,6,1,35,6,-1,-1,-1,1,1,1
2017010035482,1,9,-1,3,0,0,0,-1,-1,-1,-1,-1,6,1,-1,-1,2000,2,6,-1,-1,-1
2017010035483,1,3,0,14,0,1,0,0,0,0,1,1,6,1,26,6,125,1,10,2,1,2
2017010035484,1,1,0,5,0,2,0,0,0,0,4,1,1,1,35,6,-1,-1,-1,2,1,2
2017010035484,2,9,0,5,0,2,0,0,0,0,1,1,6,3,-1,-1,-1,-1,-1,-1,-1,-1
2017010035488,1,8,0,5,0,8,0,0,0,0,3,1,1,1,39,7,2143,2,5,8,1,8
2017010035488,2,1,0,5,0,8,0,0,0,0,2,1,6,1,26,6,-1,-1,-1,2,1,2
2017010035492,1,9,0,9,0,8,0,0,0,0,1,1,6,2,61,9,1968,2,13,5,1,5
2017010035493,1,1,0,18,0,1,0,0,0,0,2,1,1,1,24,5,-1,-1,-1,1,1,1
2017010035493,2,9,0,18,0,1,0,0,0,0,1,-1,6,1,27,6,1598,1,9,4,1,4
2017010035495,1,9,0,17,0,8,0,0,0,0,3,1,1,1,34,6,1956,2,2,8,1,8
2017010035495,2,5,0,18,0,8,0,0,0,0,1,1,1,1,41,7,918,1,20,3,1,3
2017010035496,1,9,0,18,0,2,0,0,0,0,4,1,6,1,63,9,-1,-1,-1,5,1,5
2017010035500,1,5,0,18,0,0,0,0,0,0,4,1,2,1,50,8,499,1,10,3,1,3
2017010035500,2,8,0,18,0,0,0,0,0,0,3,1,1,1,32,6,-1,-1,-1,-1,-1,-1
2017010035504,1,19,0,5,0,8,0,0,0,0,2,1,1,2,26,6,1499,2,1,4,1,4
2017010035504,2,9,0,5,0,8,0,0,0,0,3,1,1,1,34,6,-1,-1,-1,8,1,8
2017010035504,3,9,0,18,0,8,0,0,0,0,1,1,6,1,73,10,1242,1,8,3,1,3
2017010035504,4,9,0,3,0,8,0,0,0,0,1,1,6,1,21,5,1299,1,14,6,1,6
2017010035508,1,9,0,7,0,4,0,0,0,0,1,1,6,1,57,9,4969,8,9,8,1,8
2017010035508,2,5,0,11,0,8,0,0,0,0,2,1,2,1,34,6,745,1,2,2,1,2