Accident_Index,Vehicle_Reference,Vehicle_Type,Towing_and_Articulation,Vehicle_Manoeuvre,Vehicle_Location-Restricted_Lane,Junction_Location,Skidding_and_Overturning,Hit_Object_in_Carriageway,Vehicle_Leaving_Carriageway,Hit_Object_off_Carriageway,1st_Point_of_Impact,Was_Vehicle_Left_Hand_Drive?,Journey_Purpose_of_Driver,Sex_of_Driver,Age_of_Driver,Age_Band_of_Driver,Engine_Capacity_(CC),Propulsion_Code,Age_of_Vehicle,Driver_IMD_Decile,Driver_Home_Area_Type,Vehicle_IMD_Decile
2017010036123,2,9,0,9,0,6,0,0,0,0,1,1,6,1,24,5,1797,8,3,6,1,6
2017010036125,1,9,0,-1,0,2,0,-1,-1,-1,1,-1,6,3,-1,-1,998,1,8,-1,-1,-1
2017010036126,1,9,0,18,0,0,1,0,0,0,1,1,6,1,21,5,1995,2,4,-1,-1,-1
2017010036126,2,11,0,18,0,0,0,0,0,0,1,1,6,1,44,7,5132,2,1,-1,-1,-1
2017010036127,1,9,0,18,0,6,0,0,0,0,1,1,6,1,20,4,1796,1,12,3,1,3
2017010036127,2,9,0,9,0,1,0,0,0,0,1,1,6,2,35,6,1360,1,12,2,1,2
2017010036129,1,3,0,4,0,1,1,0,0,0,4,1,2,1,28,6,125,1,10,2,1,2
2017010036131,1,9,0,-1,0,-1,0,-1,0,0,1,-1,6,1,39,7,1796,1,9,-1,-1,-1
2017010036131,2,1,0,-1,0,-1,0,-1,0,0,-1,1,6,1,41,7,-1,-1,-1,7,1,7
2017010036146,1,3,0,5,0,1,0,0,0,0,2,1,6,1,25,5,125,1,10,3,1,3
2017010036146,2,9,-1,-1,-1,-1,-1,0,0,0,-1,-1,6,3,-1,-1,2993,2,1,-1,-1,-1
2017010036149,1,1,0,18,0,0,0,0,0,0,1,1,2,1,36,7,-1,-1,-1,9,1,9
2017010036149,2,9,0,9,0,0,0,0,0,0,4,-1,6,1,54,8,1498,1,1,5,1,5
2017010036150,1,9,0,16,0,6,0,0,0,0,4,1,2,1,36,7,1686,2,6,2,1,2
2017010036155,1,9,0,9,0,0,0,0,0,0,1,1,1,2,50,8,998,1,3,9,1,9
2017010036155,2,9,0,18,0,0,0,0,0,0,1,1,6,1,21,5,2143,2,4,5,1,5
2017010036158,1,9,0,3,0,1,0,0,0,0,2,-1,6,2,71,10,1499,1,2,-1,-1,-1
2017010036158,2,9,0,18,0,1,0,0,0,0,1,-1,6,1,-1,-1,2993,2,1,-1,-1,-1
2017010036159,1,11,0,18,0,0,0,0,0,0,1,1,1,1,25,5,6700,2,5,4,1,4
2017010036164,1,1,0,18,0,1,0,0,0,0,2,1,6,1,31,6,-1,-1,-1,2,1,2
2017010036165,1,9,0,18,0,1,0,0,0,0,1,1,6,1,26,6,2993,2,1,2,1,2
2017010036165,2,9,0,9,0,1,0,0,0,0,0,1,1,1,28,6,-1,-1,-1,2,1,2
2017010036167,1,9,0,18,0,1,0,0,0,0,4,1,6,1,23,5,1995,1,8,4,1,4
2017010036167,2,19,0,10,0,8,0,0,0,0,1,1,6,1,41,7,2198,2,6,5,1,5
2017010036168,1,1,0,-1,0,-1,0,0,0,0,-1,1,6,1,33,6,-1,-1,-1,2,1,2
2017010036176,1,1,0,18,0,8,0,0,0,0,1,1,6,1,29,6,-1,-1,-1,3,1,3
2017010036176,2,9,0,7,0,8,0,0,0,0,0,1,6,1,32,6,1499,2,1,4,1,4
2017010036180,1,9,0,9,0,6,0,0,0,0,1,1,3,2,40,7,1390,1,15,6,1,6
2017010036180,2,9,0,18,0,1,0,0,7,0,1,1,6,2,48,8,1197,1,1,10,1,10
2017010036180,3,9,0,2,6,1,0,0,0,0,2,1,6,3,-1,-1,1388,1,7,-1,-1,-1
2017010036180,4,9,0,2,6,1,0,0,0,0,1,1,6,3,-1,-1,1596,1,12,-1,-1,-1
2017010036185,1,9,0,18,0,2,0,0,0,0,3,1,2,2,48,8,1600,1,24,4,1,4
2017010036203,1,8,0,4,0,0,0,0,0,0,2,1,1,1,42,7,1560,2,-1,-1,-1,-1
2017010036203,2,9,0,18,0,0,0,0,0,0,1,1,6,3,-1,-1,1796,1,10,-1,-1,-1
2017010036203,3,10,0,3,0,0,0,0,0,0,2,1,6,3,-1,-1,-1,-1,-1,-1,-1,-1
2017010036210,1,9,0,18,0,1,0,0,0,0,1,1,6,2,40,7,1240,1,13,6,1,6
2017010036210,2,9,0,18,0,8,0,0,1,2,4,1,6,1,39,7,1995,2,8,3,1,3
2017010036212,1,9,0,5,0,2,0,0,0,0,1,1,2,2,35,6,2000,2,12,9,1,9
2017010036212,2,1,0,18,0,1,0,0,0,0,1,1,2,2,27,6,-1,-1,-1,4,1,4
2017010036234,1,11,0,5,0,1,0,0,0,0,0,2,1,1,45,7,4500,2,6,3,1,3
2017010036234,2,9,0,11,0,1,0,0,0,0,0,1,6,3,-1,-1,1995,2,5,-1,-1,-1
2017010036235,1,8,0,6,0,1,0,0,0,0,1,1,1,1,41,7,1797,8,6,3,1,3
2017010036235,2,2,0,18,0,2,0,0,0,0,4,1,2,1,43,7,599,1,9,2,1,2
2017010036236,1,11,0,5,0,6,0,0,0,0,0,1,2,1,56,9,4461,2,3,3,1,3
2017010036242,1,9,0,-1,-1,0,-1,-1,-1,-1,-1,-1,6,2,24,5,1395,1,-1,1,1,1
2017010036242,2,9,0,-1,-1,0,0,-1,-1,-1,-1,-1,6,1,24,5,1956,2,4,1,1,1
2017010036244,1,9,0,9,0,0,0,0,0,0,4,1,6,2,44,7,1390,1,4,2,1,2
2017010036244,2,9,0,18,0,0,0,0,0,0,1,1,1,2,48,8,-1,-1,-1,2,1,2
2017010036250,1,19,0,16,0,2,0,4,6,7,1,1,1,1,21,5,-1,-1,-1,9,2,9
2017010036250,2,19,0,3,0,1,0,0,0,0,4,1,1,1,28,6,1560,2,1,10,1,10
2017010036250,3,9,0,3,0,1,0,0,0,0,2,1,2,2,42,7,1998,1,9,2,1,2
2017010036250,4,11,0,3,2,1,0,0,0,0,3,1,1,1,40,7,4500,2,8,6,1,6
2017010036258,1,9,0,-1,-1,0,0,-1,-1,-1,-1,-1,6,3,-1,-1,-1,-1,-1,-1,-1,-1
2017010036261,1,10,0,18,0,0,0,0,0,0,4,1,1,1,44,7,-1,-1,-1,3,1,3
2017010036262,1,8,0,5,2,1,0,0,0,0,1,1,6,1,29,6,1997,2,5,9,1,9
2017010036262,2,90,0,9,0,5,2,0,0,0,2,1,6,1,50,8,-1,-1,-1,8,1,8
2017010036263,1,9,0,9,0,8,0,0,0,0,2,1,6,3,-1,-1,-1,-1,-1,-1,-1,-1
2017010036263,2,9,0,18,0,8,0,0,0,0,1,1,6,1,23,5,1800,8,4,3,1,3
2017010036264,1,9,0,18,0,8,0,0,0,0,0,1,6,1,66,10,1998,1,14,-1,-1,-1
2017010036265,1,11,0,4,0,2,0,0,0,0,0,1,6,1,30,6,6700,2,7,2,1,2
2017010036267,1,1,0,18,0,0,-1,0,0,0,1,1,6,1,23,5,-1,-1,-1,2,1,2
2017010036267,2,9,-1,18,0,0,0,0,0,0,2,-1,6,3,-1,-1,-1,-1,-1,-1,-1,-1
2017010036272,1,9,0,7,0,6,5,10,0,0,1,1,6,2,62,9,2179,2,10,7,3,7
2017010036276,1,9,0,18,0,1,0,0,0,0,1,1,6,1,22,5,1798,8,1,6,1,6
2017010036279,1,1,0,18,4,0,-1,0,1,0,3,1,2,1,31,6,-1,-1,-1,3,1,3
2017010036279,2,9,0,7,0,0,0,0,0,0,4,-1,6,3,-1,-1,2354,1,10,-1,-1,-1
2017010036288,1,1,0,18,0,2,0,0,0,0,1,1,2,1,24,5,-1,-1,-1,4,1,4
2017010036289,1,1,-1,18,-1,1,-1,0,0,0,4,1,6,1,23,5,-1,-1,-1,3,1,3
2017010036291,1,9,-1,3,0,0,0,0,0,0,1,-1,6,2,38,7,1240,1,7,6,1,6
2017010036291,2,9,-1,1,0,0,0,0,0,0,2,-1,6,1,-1,-1,2179,2,4,3,1,3
2017010036294,1,4,0,5,0,1,0,0,0,0,1,1,6,1,29,6,645,1,14,3,1,3
2017010036302,1,19,0,5,0,0,0,0,0,0,3,1,6,1,50,8,1598,2,5,2,1,2
2017010036302,2,3,0,18,0,0,5,0,0,0,1,1,1,1,41,7,125,1,5,1,1,1
2017010036306,1,9,0,18,0,1,0,0,3,0,1,1,6,1,51,8,998,1,20,5,1,5
2017010036306,2,21,0,18,0,1,0,0,0,0,3,1,1,1,45,7,6692,2,6,4,1,4
2017010036306,3,9,0,4,0,1,0,0,0,0,3,1,6,2,40,7,1997,2,12,6,2,6
2017010036307,1,11,0,18,0,8,0,0,0,0,0,1,1,1,44,7,4500,2,2,2,1,2
2017010036308,1,9,0,18,0,8,0,0,0,0,1,1,6,1,20,4,1796,1,11,5,1,5
2017010036309,1,9,0,5,0,0,0,0,0,0,3,1,3,2,51,8,1896,2,7,2,1,2
2017010036309,2,11,0,18,0,0,0,0,0,0,4,1,1,1,33,6,9000,2,8,2,1,2
2017010036311,1,9,0,18,0,8,0,4,1,1,1,1,6,1,28,6,1995,2,1,1,1,1
2017010036311,2,19,0,18,0,8,0,0,0,0,2,1,6,1,57,9,1686,2,13,3,1,3
2017010036311,3,9,0,18,0,8,0,0,0,0,2,1,6,2,35,6,1197,1,2,7,1,7
2017010036312,1,11,0,18,0,3,0,0,0,0,1,1,1,1,60,9,10837,2,2,4,1,4
2017010036312,2,1,0,5,0,4,0,0,0,0,2,1,6,1,33,6,-1,-1,-1,6,1,6
2017010036313,1,8,0,2,0,2,0,0,0,0,3,1,6,3,-1,-1,1798,8,5,-1,-1,-1
2017010036314,1,9,0,4,0,1,0,0,0,0,2,1,1,1,36,7,1339,1,13,3,1,3
2017010036314,2,9,0,18,0,1,0,0,0,0,1,1,2,1,41,7,-1,-1,-1,5,1,5
2017010036315,1,9,0,10,0,2,0,0,0,0,1,1,2,1,24,5,1598,2,2,3,1,3
2017010036315,2,5,0,13,0,2,1,0,0,0,4,1,6,2,28,6,296,1,3,8,1,8
2017010036316,1,9,0,2,0,1,0,0,0,0,1,1,6,3,-1,-1,1598,1,2,-1,-1,-1
2017010036316,2,9,0,18,0,1,0,0,0,0,1,1,2,1,58,9,-1,-1,-1,2,1,2
2017010036316,3,9,0,18,0,1,0,0,0,0,0,1,1,1,42,7,1997,2,3,-1,-1,-1
2017010036316,4,9,0,18,0,1,5,4,7,2,1,1,6,1,35,6,1896,2,16,3,1,3
2017010036317,1,9,0,5,0,3,0,0,0,0,1,1,2,1,42,7,1798,1,13,10,1,10
2017010036317,2,5,0,16,0,3,0,0,0,0,1,1,2,1,44,7,-1,-1,-1,5,1,5
2017010036318,1,9,0,7,0,6,0,0,0,0,1,2,6,2,-1,-1,-1,-1,-1,-1,-1,-1
2017010036319,1,9,0,18,0,8,0,0,0,0,1,1,6,2,46,8,1200,1,1,6,3,6
2017010036319,2,9,0,18,0,8,0,0,7,0,1,1,6,2,46,8,1398,2,10,7,3,7
2017010036320,1,9,0,3,0,0,0,0,0,0,1,1,6,2,22,5,998,1,-1,8,1,8
2017010036320,2,9,0,3,0,0,0,0,0,0,2,1,6,1,22,5,1995,2,8,2,1,2
2017010036323,1,9,0,4,0,1,0,0,0,0,1,1,6,1,41,7,1598,1,2,2,1,2
2017010036324,1,9,0,3,5,1,0,0,0,0,1,1,6,1,35,6,1968,2,5,2,1,2
2017010036324,2,1,0,18,5,1,0,0,0,0,1,1,6,1,20,4,-1,-1,-1,3,1,3
2017010036325,1,11,0,3,0,1,0,0,0,0,0,1,1,1,52,8,4461,2,4,3,1,3
2017010036326,1,9,0,3,0,1,0,4,0,0,2,1,6,1,33,6,2993,2,4,3,1,3
2017010036326,2,9,0,18,0,1,0,4,0,0,1,1,6,1,21,5,1995,2,2,1,1,1
2017010036326,3,9,0,10,0,1,0,0,0,0,2,1,6,1,37,7,2204,2,9,3,1,3
2017010036327,1,5,0,18,0,8,1,4,0,0,1,1,6,1,30,6,998,1,8,3,1,3
2017010036327,2,19,0,9,0,8,0,0,0,0,0,1,6,3,-1,-1,-1,-1,-1,-1,-1,-1
2017010036327,3,8,0,2,0,1,0,0,0,0,1,1,6,3,-1,-1,2402,2,13,-1,-1,-1
2017010036329,1,9,0,9,0,6,0,0,0,0,1,1,3,2,55,8,1795,1,12,2,1,2
2017010036329,2,2,0,4,0,8,0,0,0,0,1,1,2,2,35,6,50,1,1,2,1,2
2017010036330,1,9,0,18,0,8,0,0,0,0,1,1,6,1,35,6,2996,1,10,10,1,10
2017010036330,2,9,0,18,0,8,0,0,0,0,3,1,1,2,59,9,1598,1,14,-1,-1,-1
2017010036331,1,9,0,18,0,2,0,0,0,0,1,1,6,3,-1,-1,1910,2,10,-1,-1,-1
2017010036332,1,9,0,18,0,1,0,0,0,0,2,1,6,1,35,6,2143,2,-1,2,1,2
2017010036332,2,9,0,18,0,1,0,0,0,0,1,1,6,2,39,7,1248,2,9,5,1,5
2017010036333,1,3,0,4,0,0,0,0,0,0,2,1,6,1,27,6,125,1,11,2,1,2
2017010036333,2,9,0,18,0,0,0,0,0,0,1,1,6,1,28,6,2993,2,1,7,1,7
2017010036334,1,9,0,18,0,2,0,0,0,0,1,1,6,2,74,10,2401,2,13,6,1,6
2017010036335,1,9,0,18,0,0,0,0,7,2,1,1,6,1,26,6,1995,2,1,6,1,6
2017010036335,2,9,0,18,0,0,0,0,0,0,3,1,6,2,33,6,1995,2,9,6,1,6
2017010036337,1,8,0,9,0,0,0,0,0,0,4,1,1,1,28,6,1339,8,5,10,2,10
2017010036337,2,1,0,18,0,0,1,0,0,0,1,1,2,1,26,6,-1,-1,-1,9,1,9
2017010036338,1,9,0,5,0,1,0,0,1,10,1,1,3,2,45,7,1598,1,9,4,1,4
2017010036340,1,1,0,17,0,1,0,0,0,0,2,1,6,1,28,6,-1,-1,-1,5,1,5
2017010036340,2,3,0,17,0,1,0,0,0,0,1,1,6,3,-1,-1,-1,-1,-1,-1,-1,-1
2017010036342,1,8,0,9,4,5,0,0,0,0,4,1,1,1,43,7,1797,8,7,1,1,1
2017010036342,2,1,0,18,4,1,0,0,0,0,1,1,6,1,47,8,-1,-1,-1,2,1,2
2017010036343,1,3,0,13,0,0,0,4,1,10,1,1,6,1,17,4,125,1,1,3,1,3
2017010036343,2,9,0,2,9,0,0,0,0,0,1,1,6,3,-1,-1,-1,-1,-1,-1,-1,-1
2017010036343,3,9,0,18,0,0,0,0,0,0,0,1,1,1,28,6,1753,2,10,5,1,5
2017010036343,4,9,0,2,0,0,0,0,0,0,0,1,6,3,-1,-1,1799,1,9,-1,-1,-1
2017010036346,1,9,0,18,0,0,0,0,0,0,1,1,6,1,36,7,1995,2,6,5,1,5
2017010036348,1,90,0,14,0,8,0,0,0,0,1,1,6,1,25,5,2987,2,2,7,1,7
2017010036349,1,3,0,18,0,0,1,10,7,10,1,1,6,1,43,7,124,1,1,-1,-1,-1
2017010036350,1,11,0,5,0,5,0,0,0,0,0,1,1,1,40,7,4760,2,3,1,1,1
2017010036354,1,11,0,4,2,0,0,0,0,0,0,1,1,1,41,7,-1,-1,-1,-1,-1,-1
2017010036356,1,8,0,6,0,2,0,0,0,0,3,1,1,1,39,7,2402,2,12,2,1,2
2017010036356,2,9,0,18,0,2,0,0,0,0,1,1,2,2,27,6,1598,1,11,6,1,6
2017010036360,1,10,0,18,0,1,0,0,0,0,1,1,1,1,50,8,2998,2,10,2,1,2
2017010036363,1,9,0,18,0,8,0,0,0,0,1,1,6,1,34,6,1995,2,7,5,1,5
2017010036363,2,9,0,17,0,8,0,0,0,0,1,1,6,3,-1,-1,1598,2,1,-1,-1,-1
2017010036367,1,9,0,-1,0,-1,0,-1,0,0,-1,-1,6,3,-1,-1,-1,-1,-1,-1,-1,-1
2017010036385,1,9,0,17,0,0,0,0,1,10,1,1,6,2,19,4,1587,1,13,3,1,3
2017010036397,1,9,0,-1,-1,0,0,-1,-1,-1,-1,-1,6,1,36,7,1997,2,6,-1,-1,-1
2017010036397,2,9,0,-1,-1,0,0,-1,-1,-1,-1,-1,6,1,-1,-1,1598,1,12,4,1,4
2017010036398,1,9,-1,18,0,1,0,0,0,0,4,-1,6,2,56,9,1242,1,7,5,1,5
2017010036398,2,9,0,5,0,1,0,0,0,0,1,-1,6,1,-1,-1,1796,1,13,-1,-1,-1
2017010036402,1,9,0,5,0,1,1,0,0,0,3,1,6,2,68,10,1998,1,12,5,1,5
2017010036402,2,9,0,18,0,1,0,0,0,0,3,1,3,2,32,6,1896,2,13,4,1,4
2017010036402,3,9,0,18,0,1,0,0,0,0,3,1,2,2,35,6,1995,2,13,9,1,9
2017010036406,1,9,0,6,0,1,0,0,0,0,3,1,6,1,43,7,1995,2,2,9,1,9
2017010036406,2,4,0,15,0,1,0,0,0,0,1,1,6,1,18,4,124,1,9,7,1,7
2017010036410,1,9,0,4,0,2,0,0,0,0,3,-1,6,2,25,5,1998,2,4,7,2,7
2017010036410,2,19,-1,11,0,1,0,0,0,0,4,-1,6,3,-1,-1,2198,2,3,-1,-1,-1
2017010036412,1,9,0,9,0,5,0,0,0,0,3,1,6,1,27,6,1998,1,14,6,1,6
2017010036412,2,1,0,18,0,1,0,0,0,0,3,1,2,1,36,7,-1,-1,-1,7,1,7
2017010036414,1,1,0,18,4,8,0,0,0,0,3,1,6,2,28,6,-1,-1,-1,3,1,3
2017010036414,2,9,0,9,0,8,0,0,0,0,3,1,6,3,-1,-1,-1,-1,-1,-1,-1,-1
2017010036422,1,1,0,18,0,1,0,0,0,0,2,1,1,1,24,5,-1,-1,-1,6,1,6
2017010036422,2,8,0,18,0,1,0,0,0,0,1,1,6,2,37,7,2499,2,3,-1,-1,-1
2017010036423,1,9,0,18,0,1,0,0,0,0,4,1,2,1,56,9,2993,2,6,7,1,7
2017010036423,2,11,0,3,0,1,0,0,0,0,0,1,6,1,47,8,6700,2,5,-1,-1,-1
2017010036438,1,1,0,18,-1,-1,0,0,-1,0,1,1,6,3,-1,-1,-1,-1,-1,-1,-1,-1
2017010036460,1,1,0,4,0,1,0,-1,0,0,2,1,2,1,36,7,-1,-1,-1,6,1,6
2017010036460,2,9,0,18,0,1,0,0,0,0,1,-1,6,1,24,5,1968,2,5,2,1,2
2017010036470,1,1,0,18,0,8,0,0,0,0,4,1,2,1,31,6,-1,-1,-1,-1,-1,-1
2017010036470,2,9,0,9,0,8,0,0,0,0,1,1,6,1,-1,-1,1956,2,6,7,1,7
2017010036471,1,9,0,9,0,1,0,0,0,0,4,1,6,1,33,6,1796,1,11,4,1,4
2017010036471,2,1,0,5,9,1,0,0,0,0,1,1,1,2,39,7,-1,-1,-1,5,1,5
2017010036473,1,9,0,9,4,1,0,0,0,0,1,1,3,2,33,6,2979,1,13,3,1,3
2017010036473,2,1,0,18,4,2,0,0,0,0,1,1,2,1,28,6,-1,-1,-1,5,1,5
2017010036475,1,9,0,5,0,8,0,0,0,0,1,1,6,2,44,7,647,8,2,8,1,8
2017010036475,2,1,0,5,0,2,0,0,0,0,3,1,6,2,44,7,-1,-1,-1,5,1,5
2017010036481,1,9,0,9,0,1,0,0,0,0,1,1,1,2,43,7,1995,2,3,4,1,4
2017010036481,2,1,0,3,0,1,0,0,0,0,1,1,1,2,27,6,-1,-1,-1,-1,-1,-1
2017010036489,1,1,0,10,0,8,2,0,0,0,3,1,6,2,35,6,-1,-1,-1,7,1,7
2017010036491,1,9,0,16,0,2,5,10,1,1,1,1,2,1,43,7,1598,2,3,2,1,2
2017010036499,1,5,0,15,0,0,2,0,0,0,1,1,2,1,23,5,689,1,1,4,1,4
2017010036499,2,19,0,18,0,0,0,0,0,0,2,1,6,1,42,7,1997,2,1,-1,-1,-1
2017010036501,1,1,0,18,0,2,1,0,0,0,1,1,6,1,27,6,-1,-1,-1,-1,-1,-1
2017010036503,1,1,-1,18,0,1,-1,0,0,0,1,1,6,1,32,6,-1,-1,-1,2,1,2
2017010036503,2,9,0,-1,0,6,0,-1,0,0,2,-1,6,1,-1,-1,-1,-1,-1,-1,-1,-1
2017010036511,1,9,-1,-1,-1,0,-1,0,0,0,4,-1,6,1,32,6,1339,8,4,5,1,5
2017010036511,2,9,-1,-1,0,0,0,0,0,0,3,-1,6,3,-1,-1,3199,1,15,-1,-1,-1
2017010036515,1,3,0,18,0,0,0,0,0,0,3,1,6,1,19,4,125,1,1,6,1,6
2017010036519,1,19,0,2,0,0,0,0,0,0,2,1,6,3,-1,-1,5880,2,5,-1,-1,-1
2017010036519,2,9,0,18,0,0,0,4,0,0,1,1,1,1,41,7,1397,1,16,7,1,7
2017010036525,1,9,0,3,0,0,0,0,0,0,2,-1,6,1,34,6,1796,1,11,-1,-1,-1
2017010036525,2,9,0,3,0,0,0,0,0,0,1,-1,6,3,-1,-1,1364,1,13,-1,-1,-1
2017010036526,1,9,0,18,0,1,0,10,0,0,4,1,6,1,27,6,1995,2,7,9,1,9
2017010036528,1,9,0,9,0,2,0,0,0,0,1,1,6,1,23,5,1596,1,17,5,1,5
2017010036528,2,1,0,18,0,8,0,0,0,0,1,1,6,1,27,6,-1,-1,-1,4,1,4
2017010036530,1,9,-1,18,0,1,-1,0,0,0,1,-1,6,2,20,4,973,1,14,-1,-1,-1
2017010036534,1,8,0,6,0,2,0,0,0,0,1,1,1,1,46,8,2499,2,9,2,1,2
2017010036534,2,1,0,18,0,2,0,0,0,0,1,1,2,1,27,6,-1,-1,-1,3,1,3
2017010036535,1,9,0,18,0,1,0,0,0,0,1,1,2,2,25,5,1397,1,8,2,1,2
2017010036543,1,19,0,7,0,1,0,0,0,0,1,1,2,1,41,7,-1,-1,-1,6,1,6
2017010036547,1,9,0,3,0,0,0,0,0,0,2,-1,6,2,48,8,2982,2,11,7,1,7
2017010036547,2,9,0,-1,0,0,0,0,0,0,1,-1,6,3,-1,-1,1997,2,6,-1,-1,-1
2017010036550,1,9,0,16,0,1,0,0,0,0,1,1,2,1,54,8,1796,1,12,6,1,6
2017010036553,1,9,-1,5,-1,0,-1,-1,-1,-1,-1,-1,6,2,43,7,998,1,14,3,1,3
2017010036553,2,9,-1,5,-1,0,-1,-1,-1,-1,-1,-1,6,1,-1,-1,-1,-1,-1,-1,-1,-1
2017010036558,1,9,0,10,0,1,0,0,0,0,2,1,6,2,23,5,1968,2,4,-1,-1,-1
2017010036558,2,9,0,18,0,1,0,0,0,0,1,1,6,1,-1,-1,3199,1,15,-1,-1,-1
2017010036565,1,9,0,18,0,2,0,4,0,0,1,1,2,2,81,11,1390,1,9,6,1,6
2017010036565,2,9,0,2,0,2,0,10,7,0,2,1,6,3,-1,-1,698,1,11,-1,-1,-1
2017010036568,1,9,0,18,0,1,0,0,0,0,1,1,6,1,23,5,1598,2,2,1,1,1
2017010036568,2,19,0,18,0,1,0,0,0,0,1,1,6,1,18,4,-1,-1,-1,2,1,2
2017010036575,1,9,0,5,0,0,0,0,0,0,2,1,6,2,58,9,1197,1,1,7,3,7
2017010036575,2,9,0,5,0,0,0,0,0,0,2,1,6,2,54,8,1598,2,6,5,3,5
2017010036575,3,21,1,18,0,0,0,0,0,0,1,1,1,1,61,9,10677,2,2,7,1,7
2017010036577,1,9,0,1,2,5,0,0,0,0,2,1,6,1,37,7,-1,-1,-1,1,1,1
2017010036577,2,9,0,11,0,1,0,0,1,1,1,1,6,1,28,6,1598,2,4,1,1,1
2017010036578,1,9,0,9,0,1,0,0,0,0,2,1,6,1,61,9,1985,1,15,5,1,5
2017010036578,2,9,0,18,0,1,0,0,0,0,2,1,6,2,39,7,998,1,3,2,1,2
2017010036578,3,9,0,18,0,1,0,0,0,0,1,1,6,1,24,5,1461,2,2,7,1,7
2017010036580,1,9,0,16,0,3,0,0,0,0,1,1,6,1,19,4,1364,1,8,2,1,2
2017010036580,2,9,0,18,0,1,0,0,0,0,1,1,3,2,40,7,1490,1,9,2,1,2
2017010036581,1,5,0,18,0,1,0,0,0,0,0,1,6,1,52,8,865,1,12,9,1,9
2017010036583,1,11,0,18,0,8,0,0,0,0,0,1,1,1,34,6,4461,2,3,1,1,1
2017010036584,1,9,0,9,0,8,0,0,0,0,4,1,6,2,24,5,1229,1,12,2,1,2
2017010036585,1,9,0,3,0,1,0,0,0,0,2,1,6,1,40,7,1598,1,15,4,1,4
2017010036585,2,1,0,13,0,1,0,4,0,0,1,1,6,1,35,6,-1,-1,-1,3,1,3
2017010036588,1,4,3,18,0,2,0,0,0,0,3,1,6,1,43,7,249,1,4,7,1,7
2017010036588,2,9,0,9,0,6,0,0,3,0,4,1,1,1,45,7,-1,-1,-1,5,1,5
2017010036589,1,4,0,18,0,1,0,0,0,0,1,1,6,1,39,7,649,1,-1,5,1,5
2017010036589,2,9,0,10,0,5,0,0,0,0,1,1,6,1,50,8,1799,1,18,7,1,7
2017010036590,1,9,0,18,0,1,5,7,0,0,1,1,2,2,21,5,1229,1,10,5,1,5
2017010036591,1,20,0,18,0,8,0,0,0,0,1,1,1,1,39,7,-1,-1,-1,3,1,3
2017010036592,1,9,0,4,0,0,0,0,0,0,2,1,6,1,28,6,2179,2,5,2,1,2
2017010036593,1,9,0,18,0,0,0,0,0,0,1,1,6,1,53,8,2143,2,2,3,1,3
2017010036593,2,9,0,16,0,0,0,0,0,0,1,1,6,1,43,7,2400,2,4,3,1,3
2017010036593,3,8,0,18,0,0,0,0,0,0,1,1,1,1,30,6,-1,-1,-1,2,1,2
2017010036594,1,8,0,3,0,2,0,0,0,0,2,1,1,1,39,7,1997,2,5,3,1,3
2017010036594,2,19,0,14,0,2,0,0,0,0,1,1,1,1,26,6,-1,-1,-1,3,1,3
2017010036596,1,9,0,4,0,4,0,7,0,0,1,1,6,2,19,4,999,1,1,2,1,2
2017010036596,2,9,0,2,0,4,0,0,0,0,1,1,6,3,-1,-1,1968,2,7,-1,-1,-1
2017010036597,1,1,0,18,0,1,1,0,0,0,1,1,2,2,21,5,-1,-1,-1,8,1,8
2017010036598,1,5,0,18,0,2,1,0,0,0,1,1,6,1,20,4,-1,-1,-1,7,1,7
2017010036598,2,9,0,6,0,8,0,0,0,0,4,1,6,1,50,8,1397,1,13,4,1,4
2017010036599,1,9,0,18,0,0,0,6,0,0,1,1,6,2,50,8,1198,1,1,4,1,4
2017010036600,1,9,0,10,0,1,1,0,0,0,1,1,6,1,63,9,1198,1,4,2,1,2
2017010036600,2,9,0,18,0,1,1,0,0,0,1,1,6,2,18,4,898,1,1,-1,-1,-1
2017010036601,1,5,0,13,0,2,0,0,0,0,1,1,6,1,43,7,998,1,10,4,1,4
2017010036601,2,9,0,3,0,2,0,0,0,0,2,1,6,2,40,7,1390,1,13,6,1,6
2017010036604,1,9,0,18,0,0,0,0,0,0,1,1,2,1,19,4,1149,1,12,9,1,9
2017010036604,2,9,0,4,0,0,0,0,0,0,2,1,2,1,29,6,1968,2,1,10,1,10
2017010036604,3,9,0,18,0,0,0,0,0,0,2,1,2,1,30,6,1242,1,6,9,1,9
2017010036608,1,9,0,9,0,8,0,0,1,1,4,1,6,1,24,5,1968,2,3,8,1,8
2017010036608,2,9,0,18,0,2,0,0,1,0,1,1,6,1,45,7,1598,1,15,-1,-1,-1
2017010036609,1,9,0,18,0,8,0,0,0,0,1,1,1,1,38,7,1339,8,5,1,1,1
2017010036609,2,19,0,9,0,1,0,0,0,0,1,1,1,1,48,8,1598,2,5,9,1,9
2017010036611,1,11,0,5,0,1,0,0,0,0,0,1,1,1,33,6,9000,2,8,7,1,7
2017010036614,1,9,0,14,0,1,1,4,0,0,1,1,6,2,35,6,998,1,11,4,1,4
2017010036614,2,9,0,4,0,1,1,0,0,0,2,1,6,1,31,6,1797,8,2,3,1,3
2017010036614,3,9,0,4,0,1,0,0,0,0,2,1,6,1,25,5,1497,8,9,2,1,2
2017010036615,1,9,0,5,0,8,0,0,0,0,1,1,6,1,30,6,1998,1,1,4,1,4