Accident_Index,Vehicle_Reference,Vehicle_Type,Towing_and_Articulation,Vehicle_Manoeuvre,Vehicle_Location-Restricted_Lane,Junction_Location,Skidding_and_Overturning,Hit_Object_in_Carriageway,Vehicle_Leaving_Carriageway,Hit_Object_off_Carriageway,1st_Point_of_Impact,Was_Vehicle_Left_Hand_Drive?,Journey_Purpose_of_Driver,Sex_of_Driver,Age_of_Driver,Age_Band_of_Driver,Engine_Capacity_(CC),Propulsion_Code,Age_of_Vehicle,Driver_IMD_Decile,Driver_Home_Area_Type,Vehicle_IMD_Decile
2017010036616,1,19,0,18,0,0,0,10,0,0,1,1,1,1,27,6,2402,2,6,4,1,4
2017010036619,1,9,0,2,0,2,1,0,1,0,2,1,6,3,-1,-1,2996,1,9,-1,-1,-1
2017010036619,2,9,0,18,0,2,1,4,0,0,1,1,6,1,35,6,1200,1,-1,-1,-1,-1
2017010036621,1,19,0,7,0,5,0,0,0,0,2,1,1,1,27,6,1968,2,4,6,1,6
2017010036621,2,1,0,3,0,1,1,0,0,0,1,1,2,1,46,8,-1,-1,-1,10,1,10
2017010036632,1,9,0,-1,0,-1,0,0,0,0,2,-1,6,1,40,7,2299,1,34,2,1,2
2017010036632,2,9,0,-1,0,-1,0,0,0,0,1,-1,6,3,-1,-1,1197,1,3,-1,-1,-1
2017010036633,1,3,0,-1,0,-1,-1,-1,-1,-1,-1,1,6,1,-1,-1,125,1,1,4,1,4
2017010036635,1,9,0,18,0,1,0,0,0,0,1,-1,6,2,35,6,2143,2,2,-1,-1,-1
2017010036635,2,9,0,10,0,1,0,0,0,0,3,-1,6,1,27,6,1200,1,13,-1,-1,-1
2017010036638,1,1,0,18,0,1,0,0,0,0,2,1,6,1,42,7,-1,-1,-1,4,1,4
2017010036638,2,19,0,18,0,1,0,0,0,0,1,-1,6,1,-1,-1,-1,-1,-1,-1,-1,-1
2017010036639,1,1,0,17,0,8,-1,0,0,0,4,1,6,2,41,7,-1,-1,-1,4,1,4
2017010036639,2,9,0,18,0,4,0,0,0,0,4,1,6,1,-1,-1,1968,2,2,-1,-1,-1
2017010036641,1,9,0,3,0,1,0,0,0,0,2,1,6,1,25,5,1798,8,1,2,1,2
2017010036641,2,9,0,-1,0,1,0,-1,-1,-1,1,-1,6,1,-1,-1,-1,-1,-1,-1,-1,-1
2017010036658,1,1,0,18,0,1,0,0,0,0,1,1,6,1,27,6,-1,-1,-1,5,1,5
2017010036658,2,9,0,9,0,1,0,0,0,0,1,-1,6,1,-1,-1,-1,-1,-1,4,1,4
2017010036661,1,5,0,18,2,8,0,0,0,0,1,1,2,2,42,7,649,1,2,8,1,8
2017010036661,2,9,0,9,0,8,0,0,0,0,2,1,6,1,44,7,3456,8,6,2,1,2
2017010036671,1,8,0,3,0,1,0,0,0,0,3,1,1,1,47,8,1798,8,4,4,1,4
2017010036681,1,1,0,18,0,1,0,0,0,0,4,1,6,2,40,7,-1,-1,-1,8,1,8
2017010036681,2,9,0,7,0,1,0,0,0,0,1,-1,6,2,-1,-1,1995,2,9,-1,-1,-1
2017010036682,1,9,0,14,0,8,0,0,0,0,1,1,6,2,29,6,1796,1,9,3,1,3
2017010036684,1,9,0,9,0,8,0,0,0,0,1,1,2,2,45,7,1395,1,1,5,1,5
2017010036684,2,5,0,9,0,6,0,0,0,0,2,1,2,1,31,6,599,1,2,7,1,7
2017010036697,1,9,0,7,0,1,0,0,0,0,1,1,6,2,47,8,998,1,3,6,1,6
2017010036697,2,1,0,15,0,8,5,0,0,0,3,1,6,1,50,8,-1,-1,-1,-1,-1,-1
2017010036711,1,19,0,18,0,0,0,0,0,0,2,1,1,1,-1,-1,-1,-1,-1,-1,-1,-1
2017010036716,1,9,0,18,0,0,0,0,0,0,4,1,6,3,-1,-1,-1,-1,-1,-1,-1,-1
2017010036719,1,3,-1,18,-1,-1,-1,-1,0,0,-1,1,6,1,23,5,125,1,11,5,1,5
2017010036719,2,9,-1,18,-1,-1,-1,-1,-1,-1,-1,-1,6,3,-1,-1,1198,1,10,-1,-1,-1
2017010036724,1,19,0,3,0,1,0,0,0,0,2,1,1,1,54,8,1753,2,9,10,3,10
2017010036724,2,9,0,3,0,1,0,4,0,0,2,1,1,1,42,7,1995,2,3,10,1,10
2017010036724,3,9,0,4,0,1,0,4,0,0,1,1,6,2,45,7,1896,2,11,5,1,5
2017010036725,1,2,-1,-1,0,-1,-1,-1,-1,-1,-1,1,6,1,19,4,125,1,-1,1,1,1
2017010036728,1,9,0,18,0,0,0,0,0,0,1,1,6,2,53,8,1200,1,3,5,1,5
2017010036734,1,11,-1,18,0,1,0,-1,0,0,1,1,6,3,-1,-1,-1,-1,-1,-1,-1,-1
2017010036736,1,9,0,2,0,0,0,0,0,0,0,1,6,3,-1,-1,1364,1,2,-1,-1,-1
2017010036736,2,21,0,18,0,0,0,4,0,0,4,1,6,1,-1,-1,-1,-1,-1,-1,-1,-1
2017010036740,1,9,0,9,0,8,0,0,0,0,1,1,6,1,29,6,1493,2,10,3,1,3
2017010036740,2,9,0,18,0,1,0,0,0,0,1,1,6,2,57,9,1197,1,3,5,1,5
2017010036753,1,4,0,14,0,1,0,0,0,0,1,1,2,1,48,8,-1,-1,-1,6,1,6
2017010036753,2,9,0,6,0,1,0,0,0,0,1,1,2,1,31,6,1598,1,7,1,1,1
2017010036754,1,9,0,7,0,1,0,0,0,0,4,1,1,1,47,8,1870,2,13,3,1,3
2017010036756,1,9,0,18,0,0,0,4,0,0,1,1,6,1,35,6,1198,1,14,3,1,3
2017010036757,1,9,0,18,0,1,0,0,0,0,1,1,6,1,51,8,1995,1,14,3,1,3
2017010036757,2,8,0,9,0,5,0,0,0,0,1,1,1,1,32,6,1968,2,4,2,1,2
2017010036761,1,9,0,3,0,0,0,0,0,0,1,1,2,2,47,8,1560,2,9,9,1,9
2017010036763,1,8,0,3,0,1,0,0,0,0,3,1,1,1,54,8,2499,2,7,5,1,5
2017010036763,2,8,0,11,0,1,0,0,0,0,4,1,1,1,44,7,1560,2,5,5,1,5
2017010036763,3,9,0,3,0,1,0,0,0,0,0,1,1,1,47,8,1560,2,3,5,1,5
2017010036763,4,1,0,18,0,1,5,0,0,0,1,1,2,2,43,7,-1,-1,-1,3,1,3
2017010036765,1,9,0,18,0,1,0,0,0,0,3,1,6,2,33,6,1596,1,9,4,1,4
2017010036765,2,9,5,18,0,1,0,0,0,0,1,1,6,1,37,7,1395,1,-1,2,1,2
2017010036766,1,9,0,4,0,0,0,0,0,0,1,1,6,2,26,6,1496,2,2,6,1,6
2017010036766,2,9,0,4,0,0,0,0,0,0,2,1,6,2,22,5,1598,1,2,9,1,9
2017010036766,3,9,0,4,0,0,0,0,0,0,2,1,2,2,60,9,1995,2,1,5,1,5
2017010036776,1,9,0,18,0,8,0,0,-1,0,1,1,6,1,-1,-1,2597,1,14,-1,-1,-1
2017010036783,1,9,0,5,0,4,0,11,0,0,1,1,1,1,52,8,1796,1,11,2,1,2
2017010036784,1,11,0,7,2,8,0,0,0,0,0,1,1,1,50,8,6700,2,5,3,1,3
2017010036790,1,9,0,18,0,2,0,0,0,0,1,1,6,1,48,8,1796,1,11,5,1,5
2017010036796,1,9,0,18,0,4,0,0,0,0,3,1,6,2,34,6,1198,1,14,5,1,5
2017010036796,2,8,0,18,0,4,0,0,0,0,1,1,1,1,80,11,2499,2,10,5,1,5
2017010036800,1,9,0,11,0,0,0,0,0,0,4,1,1,1,40,7,1598,2,-1,7,1,7
2017010036800,2,9,0,15,0,0,1,0,0,0,3,1,6,1,26,6,1796,1,9,2,1,2
2017010036800,3,21,1,18,0,0,0,0,0,0,3,2,1,1,48,8,-1,-1,-1,-1,-1,-1
2017010036801,1,9,-1,3,0,0,-1,0,0,0,2,-1,6,1,28,6,2231,2,10,2,1,2
2017010036806,1,9,0,7,0,8,0,11,0,0,4,1,1,1,36,7,-1,-1,-1,6,1,6
2017010036812,1,8,0,18,0,0,0,-1,-1,-1,-1,-1,6,3,-1,-1,-1,-1,-1,-1,-1,-1
2017010036813,1,5,0,16,0,1,0,10,0,0,3,1,2,1,49,8,400,1,1,2,1,2
2017010036813,2,8,0,18,0,1,0,0,0,0,2,1,6,1,49,8,2148,2,8,8,1,8
2017010036814,1,19,0,7,0,5,0,0,0,0,4,1,1,1,20,4,1598,2,1,8,2,8
2017010036814,2,1,0,18,4,1,0,0,0,0,1,1,1,1,32,6,-1,-1,-1,7,1,7
2017010036815,1,5,0,18,0,2,1,0,0,0,1,1,6,1,33,6,1312,1,14,4,1,4
2017010036815,2,8,0,3,0,2,0,0,0,0,2,1,6,1,39,7,1598,1,8,3,1,3
2017010036817,1,9,0,5,0,8,0,0,0,0,1,1,6,3,-1,-1,1598,1,9,-1,-1,-1
2017010036829,1,8,0,9,0,8,0,0,0,0,1,1,1,1,49,8,1796,1,4,5,1,5
2017010036829,2,8,0,18,0,1,0,0,0,0,4,1,1,1,48,8,2987,2,3,2,1,2
2017010036835,1,9,0,9,0,2,0,0,0,0,4,1,6,2,43,7,1984,1,16,2,1,2
2017010036835,2,1,0,10,0,2,0,0,0,0,1,1,6,1,42,7,-1,-1,-1,4,1,4
2017010036837,1,90,0,18,0,1,0,0,0,0,1,1,6,2,18,4,-1,-1,-1,3,1,3
2017010036844,1,4,0,4,0,0,0,0,0,0,4,1,1,1,27,6,125,1,10,4,1,4
2017010036847,1,19,0,3,0,1,0,0,0,0,2,1,1,1,52,8,1995,2,1,10,1,10
2017010036847,2,8,0,3,0,1,0,0,0,0,2,1,1,1,53,8,1790,8,5,2,1,2
2017010036847,3,9,0,3,0,1,0,0,0,0,2,1,6,1,57,9,898,1,1,-1,-1,-1
2017010036847,4,19,0,18,0,1,0,0,0,0,1,1,1,1,24,5,2198,2,3,2,1,2
2017010036849,1,9,-1,5,0,8,0,0,0,0,2,-1,6,2,49,8,1248,2,1,9,1,9
2017010036849,2,9,-1,18,0,8,0,0,0,0,1,-1,6,1,-1,-1,1791,8,6,-1,-1,-1
2017010036850,1,9,0,18,0,0,0,0,0,0,1,1,6,1,33,6,1590,1,12,2,1,2
2017010036850,2,9,-1,18,0,0,0,0,0,0,3,-1,6,1,28,6,1995,2,8,-1,-1,-1
2017010036855,1,11,0,18,2,0,0,0,0,0,0,1,1,1,43,7,9360,2,6,1,1,1
2017010036856,1,9,0,18,0,0,0,11,3,10,1,1,6,2,60,9,1988,1,16,2,1,2
2017010036857,1,9,0,5,0,1,0,0,3,0,1,1,6,1,67,10,1997,2,3,1,1,1
2017010036858,1,11,0,5,2,6,0,0,0,0,0,1,1,1,44,7,8268,2,11,8,1,8
2017010036859,1,3,0,17,0,1,2,10,0,0,1,1,6,1,38,7,125,1,-1,5,1,5
2017010036860,1,9,0,5,0,2,0,0,0,0,1,1,6,1,55,8,1560,2,3,10,1,10
2017010036860,2,9,0,3,0,2,1,0,0,0,2,1,6,1,31,6,1396,1,2,10,1,10
2017010036861,1,19,0,9,0,6,0,0,0,0,4,2,2,1,36,7,2198,2,1,4,1,4
2017010036861,2,5,0,18,0,8,0,0,0,0,1,1,6,1,52,8,883,1,11,3,1,3
2017010036862,1,21,0,18,0,0,0,0,0,0,2,1,1,1,47,8,9364,2,14,4,1,4
2017010036862,2,9,0,4,0,0,0,0,0,0,1,1,2,1,34,6,1598,1,13,9,1,9
2017010036862,3,9,0,4,0,0,0,0,0,0,1,1,6,2,41,7,1388,1,5,4,1,4
2017010036864,1,9,0,7,0,2,0,0,0,0,3,1,6,1,58,9,1242,1,16,2,1,2
2017010036864,2,1,0,18,4,2,0,0,0,0,1,1,2,2,33,6,-1,-1,-1,2,1,2
2017010036865,1,9,0,5,0,2,0,0,0,0,1,1,6,2,21,5,1339,1,9,5,1,5
2017010036865,2,3,0,18,0,1,0,0,3,10,3,1,1,1,21,5,125,1,-1,6,1,6
2017010036866,1,8,0,9,0,1,0,0,0,0,2,1,1,1,31,6,1797,8,6,1,1,1
2017010036867,1,9,0,18,0,0,0,0,0,0,1,1,2,1,38,7,1781,1,15,2,1,2
2017010036867,2,9,0,6,0,0,0,0,0,0,4,1,6,1,17,4,999,1,2,1,1,1
2017010036868,1,9,0,18,0,0,0,0,0,0,1,1,6,2,40,7,1497,8,3,5,1,5
2017010036869,1,11,0,18,0,1,0,0,0,0,0,1,1,1,47,8,5132,2,-1,4,1,4
2017010036870,1,2,0,18,0,8,0,0,0,0,3,1,2,1,45,7,125,1,6,5,1,5
2017010036870,2,9,0,9,0,8,0,0,0,0,1,1,3,1,48,8,1997,2,6,9,1,9
2017010036871,1,3,0,18,0,8,5,0,0,0,1,1,6,3,-1,-1,124,1,4,-1,-1,-1
2017010036871,2,1,0,18,0,8,5,0,0,0,2,1,6,2,41,7,-1,-1,-1,2,1,2
2017010036872,1,9,0,4,0,1,0,0,0,0,2,2,2,1,26,6,1995,1,12,3,1,3
2017010036872,2,19,0,18,0,1,0,0,0,0,1,2,1,1,54,8,-1,-1,-1,-1,-1,-1
2017010036872,3,9,0,16,0,1,0,0,0,0,1,2,6,1,23,5,1995,2,4,2,1,2
2017010036873,1,9,0,6,0,8,0,0,0,0,1,1,6,1,26,6,1596,1,4,4,1,4
2017010036875,1,9,0,7,0,2,0,0,0,0,1,1,6,1,48,8,1339,1,13,1,1,1
2017010036876,1,21,1,18,0,8,0,0,0,0,4,1,1,1,37,7,7201,2,6,7,1,7
2017010036876,2,1,0,10,4,6,0,0,0,0,1,1,6,1,71,10,-1,-1,-1,7,1,7
2017010036878,1,9,0,7,0,4,0,0,0,0,1,1,6,1,52,8,2231,2,10,9,1,9
2017010036879,1,9,0,18,0,2,0,0,0,0,1,2,6,3,-1,-1,1968,2,1,-1,-1,-1
2017010036879,2,9,0,2,0,2,0,0,0,0,2,2,6,3,-1,-1,1598,1,5,-1,-1,-1
2017010036879,3,1,0,18,0,2,0,0,0,0,2,1,6,1,21,5,-1,-1,-1,2,1,2
2017010036881,1,8,0,18,0,2,0,0,0,0,3,1,1,1,49,8,1956,2,2,-1,-1,-1
2017010036882,1,9,0,11,0,1,0,7,1,10,2,1,6,1,26,6,1995,2,5,7,1,7
2017010036882,2,9,0,18,0,1,0,0,0,0,3,1,6,1,23,5,1796,1,16,1,1,1
2017010036888,1,9,0,16,5,3,0,9,0,0,1,1,6,1,50,8,1599,1,13,1,1,1
2017010036890,1,9,0,4,0,1,0,0,0,0,0,1,1,1,41,7,1798,8,2,2,1,2
2017010036891,1,9,0,18,9,8,0,0,1,0,1,1,6,2,66,10,1198,1,11,10,1,10
2017010036891,2,9,0,9,0,8,0,0,0,0,1,1,6,1,18,4,1242,1,7,2,1,2
2017010036893,1,4,0,18,0,4,1,11,0,0,3,1,6,2,40,7,-1,-1,-1,3,1,3
2017010036894,1,1,0,18,0,8,0,0,0,0,3,1,2,1,26,6,-1,-1,-1,2,1,2
2017010036894,2,9,0,9,0,8,0,0,0,0,1,1,6,1,40,7,2143,12,1,3,1,3
2017010036895,1,9,0,16,0,0,1,0,1,1,1,1,2,1,52,8,3498,1,13,3,1,3
2017010036898,1,3,0,4,0,1,0,0,0,0,2,1,2,1,37,7,125,1,1,3,1,3
2017010036898,2,9,0,18,0,1,0,0,0,0,1,1,6,1,38,7,1798,8,3,2,1,2
2017010036900,1,8,0,4,3,0,0,0,0,0,1,2,1,1,55,8,1910,2,9,2,1,2
2017010036900,2,9,0,4,3,0,0,0,0,0,2,2,6,2,20,4,1388,1,10,3,1,3
2017010036902,1,3,-1,5,0,1,0,-1,-1,-1,1,1,1,1,32,6,-1,-1,-1,6,1,6
2017010036902,2,9,-1,9,0,1,0,-1,-1,-1,-1,-1,6,1,-1,-1,-1,-1,-1,-1,-1,-1
2017010036904,1,9,0,18,0,8,0,4,0,0,1,1,6,1,22,5,1197,1,4,10,1,10
2017010036904,2,19,0,2,0,8,0,0,0,0,2,1,6,3,-1,-1,2148,2,9,-1,-1,-1
2017010036905,1,9,0,8,0,1,0,0,0,0,3,1,2,1,43,7,1796,1,7,1,1,1
2017010036905,2,9,0,7,0,1,0,0,0,0,4,1,6,3,-1,-1,1910,2,11,-1,-1,-1
2017010036909,1,9,0,5,0,7,0,0,0,0,1,1,6,1,63,9,1797,8,8,9,1,9
2017010036909,2,9,0,8,0,7,0,0,0,0,2,1,6,2,26,6,998,1,18,6,1,6
2017010036912,1,3,0,18,0,8,0,0,0,0,1,1,2,1,46,8,124,1,8,5,1,5
2017010036912,2,9,0,5,8,8,0,0,0,0,2,1,6,1,50,8,1587,1,17,8,1,8
2017010036929,1,9,0,9,0,8,0,11,0,0,1,1,1,1,30,6,2143,2,1,7,1,7
2017010036929,2,9,0,18,0,1,0,0,0,0,0,1,6,1,16,4,-1,-1,-1,-1,-1,-1
2017010036930,1,9,0,18,0,0,0,0,0,0,2,-1,6,1,41,7,1198,1,4,3,1,3
2017010036930,2,9,0,18,0,0,0,0,0,0,1,-1,6,3,-1,-1,-1,-1,-1,-1,-1,-1
2017010036932,1,9,0,5,0,3,0,0,0,0,2,1,2,2,44,7,2143,2,5,8,1,8
2017010036932,2,9,0,18,0,3,0,0,0,0,2,1,2,2,52,8,1248,1,2,6,1,6
2017010036932,3,9,0,18,0,3,0,0,0,0,2,1,2,1,27,6,1199,1,15,3,1,3
2017010036932,4,9,0,18,0,3,0,0,0,0,1,1,2,1,42,7,1699,1,12,4,2,4
2017010036934,1,3,0,18,0,0,5,-1,0,0,-1,1,6,1,29,6,108,1,5,-1,-1,-1
2017010036934,2,9,0,18,-1,0,0,-1,0,0,-1,1,6,1,-1,-1,1968,2,5,8,2,8
2017010036938,1,3,0,18,0,0,1,10,0,0,3,1,2,1,17,4,125,1,8,4,1,4
2017010036938,2,11,0,18,0,0,0,0,0,0,0,1,2,1,59,9,5132,2,1,3,1,3
2017010036946,1,1,0,14,0,0,0,8,0,0,1,1,6,1,45,7,-1,-1,-1,10,1,10
2017010036946,2,9,0,3,0,0,0,0,0,0,3,1,6,3,-1,-1,1299,1,13,-1,-1,-1
2017010036951,1,1,0,18,4,0,0,0,0,0,1,1,6,1,27,6,-1,-1,-1,4,1,4
2017010036978,1,9,0,8,0,6,0,0,0,0,2,-1,1,2,21,5,1360,1,14,6,1,6
2017010036978,2,9,0,-1,0,7,0,0,0,0,1,-1,6,1,-1,-1,1796,1,16,-1,-1,-1
2017010036980,1,19,0,1,0,1,0,0,0,0,2,1,1,1,31,6,4250,2,9,-1,-1,-1
2017010036980,2,5,0,3,0,1,0,0,0,0,1,1,2,1,42,7,599,1,7,4,1,4
2017010036987,1,1,0,18,0,-1,0,-1,0,0,-1,1,6,1,33,6,-1,-1,-1,4,1,4
2017010036990,1,1,-1,-1,-1,-1,-1,-1,-1,-1,-1,1,4,2,15,3,-1,-1,-1,9,1,9
2017010036990,2,9,-1,-1,-1,-1,-1,-1,-1,-1,-1,-1,6,2,40,7,1968,2,7,9,1,9
2017010036993,1,9,0,4,0,0,0,0,0,0,1,1,6,1,32,6,1995,1,6,2,1,2
2017010036993,2,9,0,1,0,0,0,0,-1,0,2,-1,6,3,-1,-1,1598,1,18,-1,-1,-1
2017010037003,1,8,0,18,0,8,1,0,3,0,2,1,1,1,55,8,1956,2,6,3,1,3
2017010037003,2,19,0,18,0,8,0,0,0,0,1,1,1,1,22,5,1997,2,3,2,1,2
2017010037010,1,9,-1,18,0,1,0,0,0,0,4,-1,6,1,45,7,2987,2,2,-1,-1,-1
2017010037010,2,1,-1,7,0,-1,-1,0,0,0,1,1,6,2,-1,-1,-1,-1,-1,4,1,4
2017010037013,1,3,-1,18,-1,-1,-1,0,0,0,1,1,6,2,35,6,124,1,2,6,1,6
2017010037013,2,9,-1,18,-1,-1,-1,0,0,0,3,-1,6,1,-1,-1,1395,1,1,-1,-1,-1
2017010037016,1,19,0,1,0,1,0,0,0,0,2,1,6,3,-1,-1,2299,2,-1,-1,-1,-1
2017010037018,1,9,0,18,0,0,5,0,0,0,3,1,6,2,21,5,998,1,15,6,1,6
2017010037018,2,21,1,11,0,0,0,0,0,0,4,1,1,1,42,7,10518,2,6,-1,-1,-1
2017010037019,1,1,0,18,0,0,0,0,0,0,1,1,6,1,29,6,-1,-1,-1,3,1,3
2017010037019,2,9,0,18,0,0,0,0,0,0,-1,-1,6,3,-1,-1,2993,2,7,-1,-1,-1
2017010037023,1,9,-1,-1,-1,-1,-1,-1,-1,-1,-1,-1,6,2,42,7,1991,1,2,5,1,5
2017010037023,2,9,-1,-1,-1,-1,-1,-1,-1,-1,-1,-1,6,1,-1,-1,1796,1,20,4,1,4
2017010037025,1,20,0,18,0,1,0,0,0,0,4,1,6,1,-1,-1,-1,-1,-1,-1,-1,-1
2017010037028,1,19,0,18,0,8,0,0,0,0,1,1,2,1,35,6,2198,2,8,-1,-1,-1
2017010037028,2,9,0,9,0,8,0,0,0,0,4,1,2,1,44,7,1995,2,4,6,1,6
2017010037032,1,9,0,7,0,1,0,0,0,0,2,1,6,2,34,6,1596,1,13,7,1,7
2017010037032,2,9,0,18,0,1,0,0,0,0,1,-1,6,2,-1,-1,1598,1,14,-1,-1,-1
2017010037033,1,9,0,9,0,3,0,0,0,0,1,1,3,2,38,7,1998,1,15,4,1,4
2017010037033,2,9,0,18,0,3,0,0,0,0,1,1,1,1,43,7,1984,2,8,2,1,2
2017010037033,3,9,0,8,0,4,0,0,0,0,3,1,6,2,59,9,998,1,4,7,1,7
2017010037035,1,3,0,4,0,0,1,0,0,0,1,1,2,1,33,6,124,1,5,6,1,6
2017010037035,2,9,0,3,0,0,0,0,0,0,2,1,2,1,50,8,2143,2,1,10,1,10
2017010037036,1,8,0,5,0,2,0,0,0,0,1,1,1,1,57,9,1598,1,5,3,1,3
2017010037036,2,9,0,18,0,2,0,0,0,0,3,1,6,2,20,4,998,1,5,6,1,6
2017010037043,1,1,0,18,0,0,0,0,0,0,1,1,6,1,24,5,-1,-1,-1,6,2,6
2017010037044,1,9,0,17,0,0,0,0,0,0,1,1,6,1,38,7,1995,2,9,3,1,3
2017010037044,2,9,0,17,0,0,0,0,0,0,2,1,6,1,29,6,698,1,13,5,1,5
2017010037046,1,1,-1,-1,-1,8,-1,-1,-1,-1,-1,1,6,1,39,7,-1,-1,-1,-1,-1,-1
2017010037046,2,19,-1,-1,-1,8,-1,-1,-1,-1,-1,1,6,1,-1,-1,-1,-1,-1,-1,-1,-1
2017010037047,1,9,-1,18,0,0,-1,0,1,0,-1,-1,6,3,-1,-1,-1,-1,-1,-1,-1,-1
2017010037053,1,8,0,9,0,1,0,0,0,0,4,2,1,1,49,8,2499,2,6,2,1,2
2017010037058,1,1,-1,-1,-1,-1,-1,-1,-1,-1,-1,1,6,1,31,6,-1,-1,-1,4,1,4
2017010037058,2,19,0,-1,0,-1,0,-1,0,0,-1,-1,6,1,34,6,1598,2,2,9,1,9
2017010037059,1,3,0,18,0,2,1,0,0,0,4,1,1,1,19,4,108,1,3,2,1,2
2017010037063,1,19,0,18,0,0,0,0,1,0,4,1,2,1,26,6,1560,2,10,4,1,4
2017010037063,2,1,0,15,0,0,0,0,0,0,1,1,6,1,60,9,-1,-1,-1,2,1,2
2017010037064,1,9,0,18,0,0,0,0,0,0,4,1,1,1,33,6,1797,8,3,4,1,4
2017010037064,2,9,0,5,0,0,0,0,0,0,3,1,3,2,32,6,1229,1,4,6,1,6
2017010037067,1,9,0,5,0,8,0,0,0,0,4,1,6,1,35,6,1390,1,10,9,1,9
2017010037067,2,3,0,5,0,8,0,0,0,0,3,1,1,1,31,6,125,1,3,2,1,2
2017010037067,3,9,0,2,0,2,0,0,0,0,4,1,6,3,-1,-1,1968,2,6,-1,-1,-1
2017010037072,1,9,0,4,9,1,0,0,0,0,1,1,2,2,38,7,-1,-1,-1,5,1,5
2017010037078,1,9,0,17,0,8,0,0,0,0,3,1,6,2,37,7,1998,1,11,6,1,6
2017010037078,2,9,0,7,0,8,0,0,0,0,4,1,2,2,44,7,1984,1,2,5,1,5
2017010037080,1,9,0,10,0,1,0,0,0,0,3,1,6,1,37,7,1596,1,16,8,1,8
2017010037080,2,4,0,7,0,1,2,0,0,0,1,1,6,1,49,8,125,1,5,2,1,2
2017010037082,1,9,0,18,0,0,0,0,0,0,3,1,3,1,42,7,1560,2,13,2,1,2
2017010037087,1,3,0,5,0,1,0,0,0,0,2,1,1,1,20,4,102,1,13,8,1,8
2017010037087,2,11,0,5,0,1,0,0,0,0,1,1,1,1,58,9,4500,2,2,5,1,5
2017010037089,1,3,0,18,0,2,0,0,0,0,0,1,6,1,39,7,124,1,1,3,1,3
2017010037089,2,9,0,18,0,2,0,0,0,0,4,1,6,1,25,5,5935,1,5,6,1,6
2017010037091,1,9,0,5,0,0,0,0,0,0,2,1,3,2,45,7,1198,1,3,8,1,8
2017010037092,1,3,0,18,0,1,0,0,0,0,1,1,6,1,18,4,124,1,12,6,1,6
2017010037096,1,90,0,3,0,1,0,0,0,0,0,1,1,1,34,6,-1,-1,-1,3,1,3
2017010037097,1,9,0,17,9,0,0,0,1,10,1,1,6,2,63,9,2143,2,5,10,1,10
2017010037098,1,9,0,10,0,1,0,0,0,0,4,1,6,2,40,7,1995,2,10,9,1,9
2017010037098,2,4,0,15,0,8,0,0,0,0,4,1,6,1,46,8,-1,-1,-1,3,1,3
2017010037099,1,9,0,18,0,2,0,0,0,0,1,1,6,1,20,4,2000,1,11,8,1,8
2017010037101,1,3,0,9,0,1,0,0,0,0,2,1,6,1,19,4,124,1,14,4,1,4
2017010037101,2,9,0,9,0,1,0,0,0,0,1,1,3,2,30,6,2987,2,3,5,1,5
2017010037102,1,19,0,15,0,8,0,0,0,0,4,1,1,1,31,6,1995,2,4,2,1,2
2017010037102,2,3,0,18,0,8,1,0,0,0,1,1,2,1,28,6,124,1,5,4,1,4
2017010037104,1,8,0,18,0,0,0,0,0,0,4,1,1,1,37,7,1797,8,8,2,1,2
2017010037105,1,9,0,9,0,1,0,0,0,0,1,1,1,2,54,8,1596,1,8,7,1,7
2017010037105,2,3,0,14,0,1,0,0,0,0,4,1,6,1,42,7,125,1,13,4,1,4
2017010037106,1,2,0,18,0,8,0,0,0,0,1,1,6,1,37,7,49,1,8,6,1,6
2017010037107,1,9,0,18,0,0,0,0,0,0,3,1,6,1,39,7,1991,1,1,2,1,2
2017010037107,2,3,0,18,0,0,0,0,0,0,1,1,6,1,20,4,124,1,1,7,1,7
2017010037110,1,11,0,4,0,2,0,0,0,0,0,1,1,1,38,7,6692,2,4,2,1,2
2017010037111,1,9,0,18,0,1,0,0,7,10,1,1,6,1,27,6,1242,1,10,3,1,3
2017010037113,1,11,0,4,0,4,0,0,0,0,0,1,1,1,25,5,4760,2,5,3,1,3
2017010037114,1,9,0,3,0,1,0,0,0,0,2,1,6,1,43,7,2993,2,4,10,1,10
2017010037114,2,9,0,3,0,1,0,0,0,0,2,1,6,1,28,6,996,1,3,2,1,2
2017010037114,3,9,0,3,0,1,0,0,0,0,1,1,6,1,25,5,1229,1,9,4,1,4
2017010037116,1,9,0,11,0,0,0,0,0,0,4,1,2,2,50,8,1590,1,22,-1,-1,-1
2017010037116,2,21,1,18,0,0,0,0,0,0,1,2,1,1,50,8,-1,-1,-1,-1,-1,-1
2017010037118,1,9,0,18,0,1,0,0,0,0,1,1,6,1,26,6,2993,2,13,2,1,2
2017010037120,1,9,0,9,0,2,0,0,0,0,4,2,2,1,17,4,1229,1,6,4,1,4
2017010037121,1,9,0,10,0,5,0,0,0,0,1,1,1,1,47,8,998,1,5,5,1,5
2017010037121,2,2,0,13,0,3,0,0,0,0,1,1,2,1,25,5,125,1,5,3,1,3
2017010037122,1,3,0,14,0,2,0,0,0,0,1,1,6,3,-1,-1,-1,-1,-1,-1,-1,-1
2017010037123,1,9,0,18,0,0,0,0,0,0,1,1,6,3,-1,-1,-1,-1,-1,-1,-1,-1
2017010037125,1,9,0,4,0,0,0,0,0,0,2,1,6,1,49,8,1968,2,4,10,1,10