Accident_Index,Vehicle_Reference,Vehicle_Type,Towing_and_Articulation,Vehicle_Manoeuvre,Vehicle_Location-Restricted_Lane,Junction_Location,Skidding_and_Overturning,Hit_Object_in_Carriageway,Vehicle_Leaving_Carriageway,Hit_Object_off_Carriageway,1st_Point_of_Impact,Was_Vehicle_Left_Hand_Drive?,Journey_Purpose_of_Driver,Sex_of_Driver,Age_of_Driver,Age_Band_of_Driver,Engine_Capacity_(CC),Propulsion_Code,Age_of_Vehicle,Driver_IMD_Decile,Driver_Home_Area_Type,Vehicle_IMD_Decile
2017010037125,2,9,0,4,0,0,0,0,0,0,1,1,6,2,29,6,1600,2,6,4,1,4
2017010037125,3,9,0,4,0,0,0,0,0,0,2,1,6,1,29,6,1364,2,12,3,1,3
2017010037127,1,9,0,2,9,1,0,0,0,0,2,1,6,3,-1,-1,998,1,5,-1,-1,-1
2017010037127,2,9,0,14,0,2,0,0,0,0,1,1,6,2,75,10,1498,1,10,9,1,9
2017010037129,1,9,0,18,0,0,0,0,0,0,4,1,6,1,26,6,999,1,2,3,1,3
2017010037130,1,9,0,9,0,8,0,0,0,0,3,1,6,2,45,7,1896,2,10,1,1,1
2017010037130,2,4,0,13,0,8,5,10,7,1,1,1,6,1,26,6,999,1,3,1,1,1
2017010037132,1,19,0,9,0,8,0,0,0,0,3,1,2,1,28,6,2198,2,3,1,1,1
2017010037132,2,4,0,18,0,1,5,0,0,0,1,1,1,1,40,7,124,1,7,2,1,2
2017010037133,1,9,0,9,0,2,0,0,0,0,2,1,6,1,46,8,1968,2,12,-1,-1,-1
2017010037133,2,9,0,9,0,2,0,0,0,0,1,1,6,1,35,6,1896,2,14,5,1,5
2017010037135,1,9,0,18,0,8,0,0,0,0,1,1,6,1,50,8,1968,2,3,3,1,3
2017010037135,2,5,0,9,0,8,0,0,0,0,1,1,6,1,32,6,748,1,8,5,1,5
2017010037139,1,9,0,9,0,5,0,0,7,0,3,1,6,1,64,9,1762,1,19,1,1,1
2017010037139,2,3,0,13,0,1,0,0,0,0,1,1,6,1,26,6,124,1,8,3,1,3
2017010037140,1,9,0,18,0,1,0,0,0,0,1,1,2,2,29,6,998,1,2,1,1,1
2017010037140,2,9,0,9,0,1,0,0,0,0,4,1,2,1,32,6,1497,8,10,3,1,3
2017010037142,1,21,0,18,0,0,0,0,0,0,3,1,1,1,38,7,-1,-1,-1,3,1,3
2017010037143,1,9,0,13,0,0,0,0,0,0,1,1,6,1,44,7,1390,2,12,10,1,10
2017010037143,2,9,0,18,0,0,0,0,0,0,1,1,6,1,53,8,1598,1,9,6,2,6
2017010037144,1,19,0,18,0,6,1,0,1,10,1,1,1,1,43,7,2198,2,1,4,1,4
2017010037144,2,9,0,18,0,1,1,0,0,0,1,1,1,1,56,9,1968,2,8,10,3,10
2017010037145,1,9,0,15,0,0,0,0,0,0,4,1,6,1,77,11,1796,1,12,3,1,3
2017010037146,1,9,0,5,0,2,0,0,0,0,0,1,6,1,29,6,1797,8,7,2,1,2
2017010037146,2,3,0,5,0,2,0,0,0,0,0,1,6,1,22,5,125,1,4,1,1,1
2017010037149,1,3,0,5,0,2,0,0,0,0,1,1,6,1,18,4,124,1,7,5,1,5
2017010037149,2,9,0,4,0,2,0,0,0,0,2,1,6,3,-1,-1,1970,1,19,-1,-1,-1
2017010037150,1,9,0,7,0,5,0,0,0,0,1,1,6,3,-1,-1,-1,-1,-1,-1,-1,-1
2017010037152,1,9,0,5,0,2,0,0,0,0,0,1,6,1,39,7,1598,2,1,4,1,4
2017010037152,2,3,0,18,0,2,2,0,0,0,1,1,6,2,47,8,108,1,3,2,1,2
2017010037153,1,9,0,18,0,0,0,0,0,0,4,1,6,1,46,8,2295,1,17,-1,-1,-1
2017010037153,2,9,0,2,0,0,0,0,0,0,4,1,6,3,-1,-1,5462,1,9,-1,-1,-1
2017010037154,1,9,0,5,0,1,0,0,0,0,1,1,6,3,-1,-1,-1,-1,-1,-1,-1,-1
2017010037155,1,9,0,18,0,1,0,0,0,0,3,1,2,1,52,8,1995,1,6,8,1,8
2017010037155,2,9,0,18,0,2,1,0,0,0,1,1,2,1,35,6,1781,1,18,2,1,2
2017010037156,1,9,0,17,9,1,0,0,1,1,1,1,6,2,69,10,1318,1,1,4,1,4
2017010037158,1,9,0,18,0,1,0,0,0,0,1,1,6,1,26,6,-1,-1,-1,5,1,5
2017010037158,2,90,0,7,0,6,0,0,0,0,2,1,1,1,54,8,2987,2,2,2,1,2
2017010037159,1,2,0,18,0,8,5,0,0,0,2,1,2,1,38,7,124,1,1,3,1,3
2017010037159,2,9,0,1,0,6,0,0,0,0,2,1,6,3,-1,-1,-1,-1,-1,-1,-1,-1
2017010037160,1,9,0,9,0,2,0,0,0,0,1,1,1,1,44,7,1997,2,3,1,1,1
2017010037161,1,8,0,4,0,1,0,0,0,0,2,1,1,1,47,8,1995,2,4,3,1,3
2017010037161,2,9,0,18,0,1,0,0,0,0,1,1,1,1,37,7,1798,1,9,6,1,6
2017010037161,3,9,0,18,0,1,0,0,0,0,1,1,6,3,-1,-1,1598,1,6,-1,-1,-1
2017010037162,1,9,0,18,0,1,0,0,0,0,1,2,6,1,23,5,-1,-1,-1,3,1,3
2017010037162,2,8,0,18,0,1,0,0,0,0,1,2,6,3,-1,-1,2143,2,4,-1,-1,-1
2017010037164,1,8,0,9,0,1,0,0,0,0,1,1,1,1,62,9,1950,2,1,4,1,4
2017010037164,2,5,0,10,0,1,0,0,0,0,2,1,2,1,44,7,798,1,5,8,1,8
2017010037167,1,9,0,18,0,8,0,11,0,0,1,1,6,1,24,5,1198,1,7,3,1,3
2017010037169,1,9,0,4,0,8,0,0,0,0,2,1,6,1,54,8,1995,2,10,6,1,6
2017010037169,2,8,0,4,0,8,0,0,0,0,1,1,1,1,66,10,2446,2,15,7,1,7
2017010037170,1,19,0,4,0,1,0,0,0,0,1,1,1,1,29,6,1995,2,10,10,3,10
2017010037170,2,8,0,4,0,1,0,0,0,0,2,1,1,1,43,7,-1,-1,-1,1,1,1
2017010037171,1,9,0,4,0,1,0,11,0,0,2,1,6,1,49,8,1398,1,11,10,3,10
2017010037172,1,9,0,9,0,8,0,0,0,0,4,1,6,1,26,6,-1,-1,-1,4,1,4
2017010037174,1,4,0,18,2,1,1,0,0,0,0,1,2,1,25,5,124,1,21,8,1,8
2017010037174,2,9,0,11,2,1,0,0,0,0,0,1,2,2,58,9,1587,1,10,7,1,7
2017010037175,1,9,0,18,0,6,0,0,0,0,1,1,6,2,80,11,1769,1,12,6,1,6
2017010037175,2,9,0,5,0,6,0,0,0,0,4,1,2,1,20,4,1198,1,13,5,1,5
2017010037176,1,9,0,9,0,5,0,0,0,0,1,1,6,2,18,4,998,1,5,9,1,9
2017010037176,2,9,0,18,0,8,0,0,0,0,1,1,6,1,83,11,1998,1,16,5,1,5
2017010037177,1,3,0,7,0,3,0,0,1,0,4,1,6,1,24,5,599,1,9,7,1,7
2017010037177,2,9,0,7,0,3,0,0,1,0,4,1,6,2,19,4,1149,1,9,9,2,9
2017010037178,1,9,0,18,0,0,0,7,0,0,1,1,6,2,42,7,1769,1,14,1,1,1
2017010037179,1,2,0,18,0,8,0,0,0,0,1,1,1,1,19,4,49,1,7,5,1,5
2017010037179,2,9,0,7,0,8,0,0,0,0,2,1,6,1,27,6,1995,2,-1,2,1,2
2017010037181,1,9,0,8,0,6,0,0,0,0,2,1,6,1,53,8,1124,1,16,10,1,10
2017010037181,2,9,0,18,0,1,0,0,0,0,1,1,6,1,57,9,1597,1,20,9,1,9
2017010037182,1,9,0,8,0,1,0,0,0,0,1,1,6,2,40,7,1198,1,6,2,1,2
2017010037182,2,9,0,18,0,8,1,0,7,10,3,1,6,2,53,8,2295,1,13,2,1,2
2017010037183,1,9,0,18,0,1,0,0,0,0,1,1,6,2,42,7,1200,1,4,3,1,3
2017010037183,2,19,0,9,0,2,0,0,0,0,3,1,1,1,49,8,2287,2,2,5,1,5
2017010037185,1,19,0,18,0,1,0,0,0,0,3,1,1,1,26,6,2198,2,1,1,1,1
2017010037187,1,9,0,7,0,2,0,0,0,0,2,1,6,1,25,5,1995,2,9,2,1,2
2017010037187,2,9,0,18,0,2,0,0,0,0,1,1,6,1,86,11,1198,1,1,8,1,8
2017010037188,1,19,0,11,0,0,0,0,0,0,2,1,6,1,38,7,2402,2,15,3,1,3
2017010037188,2,9,0,18,0,0,0,0,0,0,4,1,6,2,53,8,1991,2,7,2,1,2
2017010037188,3,90,0,12,0,0,0,0,0,0,0,1,6,3,-1,-1,-1,-1,-1,-1,-1,-1
2017010037189,1,8,0,18,0,1,0,11,0,0,3,1,2,1,59,9,1587,1,8,2,1,2
2017010037190,1,8,0,18,0,1,0,0,0,0,1,1,1,1,59,9,1797,8,5,3,1,3
2017010037191,1,9,0,5,0,2,0,0,0,0,4,1,6,2,40,7,1124,1,11,3,1,3
2017010037191,2,1,0,5,0,8,0,0,0,0,3,1,6,1,34,6,-1,-1,-1,2,1,2
2017010037192,1,9,0,4,9,1,0,0,1,0,4,1,6,2,63,9,1596,1,16,1,1,1
2017010037193,1,11,0,18,0,3,0,0,0,0,0,1,1,1,58,9,9000,2,8,4,1,4
2017010037193,2,9,0,4,0,3,0,0,0,0,0,1,6,3,-1,-1,-1,-1,-1,-1,-1,-1
2017010037195,1,3,0,3,0,1,0,0,0,0,2,1,1,1,31,6,125,1,2,2,1,2
2017010037195,2,8,0,18,0,1,0,0,0,0,1,1,1,1,47,8,1598,2,4,4,1,4
2017010037195,3,8,0,3,0,1,0,0,0,0,3,1,1,1,40,7,1998,2,6,2,1,2
2017010037197,1,11,0,7,0,1,0,0,0,0,0,1,1,1,40,7,4500,2,1,6,1,6
2017010037199,1,9,0,9,9,6,0,0,0,0,4,1,6,1,37,7,1398,2,3,2,1,2
2017010037199,2,9,0,18,0,1,0,0,0,0,1,1,6,2,26,6,1587,1,12,4,1,4
2017010037200,1,9,0,18,0,1,0,0,0,0,3,1,6,1,67,10,1364,1,1,1,1,1
2017010037201,1,1,0,18,0,0,0,0,0,0,1,1,6,1,27,6,-1,-1,-1,5,1,5
2017010037202,1,9,0,3,0,2,0,0,0,0,2,1,6,2,30,6,1598,1,7,5,1,5
2017010037202,2,19,0,18,0,2,0,0,0,0,1,1,6,1,40,7,2402,2,8,3,1,3
2017010037203,1,4,-1,18,-1,8,1,0,0,0,1,1,6,1,33,6,124,1,7,8,1,8
2017010037203,2,9,0,7,0,8,0,0,0,0,1,1,6,3,-1,-1,-1,-1,-1,-1,-1,-1
2017010037204,1,9,0,16,0,0,1,0,8,10,1,1,6,1,39,7,1956,2,8,2,1,2
2017010037204,2,9,0,7,0,0,0,0,0,0,1,1,6,2,51,8,2995,1,3,5,1,5
2017010037205,1,9,0,18,0,2,0,0,0,0,3,1,6,1,52,8,2998,1,-1,4,1,4
2017010037205,2,9,0,13,0,1,0,0,0,0,1,1,6,1,42,7,1598,1,12,3,1,3
2017010037205,3,9,0,10,0,1,0,0,0,0,2,1,6,2,51,8,1984,1,3,8,1,8
2017010037206,1,9,0,7,0,2,0,0,0,0,4,-1,6,2,-1,-1,1198,1,3,1,1,1
2017010037207,1,9,0,4,0,0,0,0,0,0,2,1,6,2,25,5,1388,1,9,4,1,4
2017010037207,2,9,0,4,0,0,0,0,0,0,2,1,6,1,33,6,2171,1,14,3,1,3
2017010037207,3,9,0,4,0,0,0,0,0,0,1,1,6,2,24,5,1242,1,1,3,1,3
2017010037208,1,9,0,4,0,2,0,0,0,0,2,1,1,1,54,8,2967,2,5,5,1,5
2017010037208,2,9,0,18,0,1,0,0,0,0,1,1,6,3,-1,-1,-1,-1,-1,-1,-1,-1
2017010037209,1,9,0,8,0,1,0,0,0,0,3,1,6,1,20,4,998,1,17,6,1,6
2017010037209,2,9,0,18,0,1,0,0,0,0,2,1,6,1,38,7,-1,-1,-1,10,1,10
2017010037210,1,9,0,9,0,8,0,0,0,0,1,1,6,1,40,7,1598,1,3,2,1,2
2017010037210,2,5,0,18,0,8,5,0,0,0,1,1,6,1,54,8,955,1,16,7,1,7
2017010037211,1,9,0,7,0,5,0,10,7,10,1,1,6,1,22,5,1390,1,13,3,1,3
2017010037212,1,3,0,18,0,2,0,0,0,0,4,1,2,1,32,6,124,1,1,2,1,2
2017010037212,2,9,0,18,0,2,0,0,0,0,3,1,6,1,43,7,1910,2,9,3,1,3
2017010037213,1,9,0,4,0,0,0,0,0,0,2,1,6,1,75,10,1086,1,7,6,1,6
2017010037213,2,9,0,4,0,0,0,0,0,0,1,1,2,1,46,8,1997,2,3,4,1,4
2017010037213,3,9,0,4,0,0,0,0,0,0,2,1,2,1,32,6,-1,-1,-1,9,1,9
2017010037214,1,9,0,18,0,0,0,0,4,0,1,1,6,2,18,4,1229,1,7,6,1,6
2017010037214,2,9,0,18,0,0,0,0,0,0,0,1,6,3,-1,-1,-1,-1,-1,-1,-1,-1
2017010037214,3,9,0,18,0,0,0,0,0,0,2,1,1,1,34,6,2496,2,16,-1,-1,-1
2017010037214,4,9,0,18,0,0,0,0,0,0,1,1,6,1,55,8,1461,2,7,4,1,4
2017010037217,1,9,0,18,0,1,5,4,0,0,3,1,6,1,47,8,2494,1,17,4,1,4
2017010037217,2,3,0,3,0,1,0,0,0,0,3,1,1,1,18,4,125,1,4,2,1,2
2017010037217,3,9,0,3,0,1,0,0,0,0,3,1,6,1,38,7,1198,1,3,2,1,2
2017010037217,4,9,0,2,0,2,0,0,0,0,2,1,6,3,-1,-1,1796,1,9,-1,-1,-1
2017010037217,5,9,0,2,0,2,0,0,0,0,3,1,6,3,-1,-1,1995,2,10,-1,-1,-1
2017010037218,1,9,0,18,0,1,0,0,0,0,1,1,6,1,48,8,698,1,13,10,1,10
2017010037218,2,9,0,9,0,8,0,0,0,0,3,1,6,1,20,4,1596,1,15,2,1,2
2017010037224,1,19,0,18,0,2,0,0,0,0,1,1,6,1,-1,-1,-1,-1,-1,-1,-1,-1
2017010037225,1,2,0,18,0,8,5,0,0,0,1,1,6,1,17,4,-1,-1,-1,4,1,4
2017010037225,2,9,0,9,0,8,0,0,0,0,4,1,6,2,26,6,1242,1,19,8,2,8
2017010037227,1,9,0,3,0,1,0,0,0,0,1,1,6,2,23,5,2926,2,15,9,1,9
2017010037227,2,9,0,9,0,7,0,0,0,0,1,1,6,2,23,5,1598,2,1,2,1,2
2017010037228,1,8,0,18,0,8,0,0,0,0,1,1,1,1,44,7,2664,2,16,4,1,4
2017010037228,2,9,0,9,0,8,0,0,0,0,1,1,6,1,22,5,-1,-1,-1,8,1,8
2017010037229,1,9,0,3,0,1,0,0,0,0,0,1,6,2,26,6,1596,1,11,5,1,5
2017010037229,2,9,0,18,0,1,0,0,0,0,2,1,6,2,30,6,1596,1,12,2,1,2
2017010037230,1,19,0,7,0,1,0,0,0,0,1,1,1,1,34,6,2143,2,4,5,1,5
2017010037230,2,3,0,15,0,1,1,0,0,0,3,1,6,1,35,6,125,1,4,3,1,3
2017010037231,1,9,-1,3,-1,-1,-1,11,0,0,1,-1,6,1,48,8,-1,-1,-1,8,1,8
2017010037232,1,9,0,18,0,0,5,0,0,0,3,1,6,2,35,6,1299,1,15,3,1,3
2017010037233,1,9,0,18,0,1,0,0,0,0,1,1,6,1,61,9,1390,1,16,3,1,3
2017010037237,1,9,0,18,0,8,0,0,7,2,1,1,6,1,37,7,1598,1,9,2,1,2
2017010037242,1,9,0,4,8,6,0,0,0,0,2,1,6,1,21,5,1995,2,4,4,1,4
2017010037242,2,9,0,4,8,7,0,0,0,0,1,1,6,1,38,7,2777,2,9,4,1,4
2017010037243,1,9,0,18,0,2,0,0,0,0,1,1,6,1,41,7,1968,2,2,2,1,2
2017010037246,1,8,0,1,0,2,0,0,0,0,3,1,1,1,57,9,1968,2,3,3,1,3
2017010037250,1,9,0,9,0,8,0,0,0,0,1,1,6,1,20,4,1149,1,13,7,1,7
2017010037250,2,9,0,18,0,8,0,0,0,0,3,1,6,2,61,9,1396,1,7,10,1,10
2017010037251,1,9,0,18,0,0,0,10,1,10,1,1,6,2,26,6,1364,2,5,10,2,10
2017010037253,1,9,0,18,0,0,0,0,1,2,1,1,6,1,45,7,973,1,14,2,1,2
2017010037254,1,9,0,18,0,2,0,0,0,0,1,1,6,1,-1,-1,1991,1,-1,9,1,9
2017010037255,1,11,0,5,0,1,0,0,0,0,0,1,1,1,34,6,9000,2,8,2,1,2
2017010037255,2,9,0,13,0,1,0,0,0,0,0,1,6,3,-1,-1,-1,-1,-1,-1,-1,-1
2017010037256,1,9,0,3,0,0,0,0,0,0,3,1,6,2,52,8,1998,1,13,1,1,1
2017010037256,2,9,0,2,0,0,0,4,0,0,4,-1,6,3,-1,-1,1390,1,15,-1,-1,-1
2017010037257,1,9,0,4,0,1,0,0,0,0,1,1,6,1,58,9,1781,1,14,9,1,9
2017010037257,2,3,0,4,0,1,0,0,0,0,2,1,2,1,38,7,124,1,1,7,1,7
2017010037258,1,11,0,5,0,8,0,0,0,0,4,1,1,1,29,6,4500,2,7,3,2,3
2017010037259,1,9,3,3,0,0,0,0,0,0,2,1,6,2,28,6,1242,1,10,6,1,6
2017010037260,1,9,0,9,0,8,0,0,0,0,4,1,6,1,44,7,1870,2,16,-1,1,-1
2017010037260,2,1,0,18,0,1,0,0,0,0,1,1,6,2,29,6,-1,-1,-1,3,1,3
2017010037262,1,9,0,3,0,1,0,0,0,0,2,1,1,1,35,6,1339,1,12,1,1,1
2017010037262,2,9,0,18,0,1,0,0,0,0,1,1,6,1,46,8,2378,1,11,2,1,2
2017010037262,3,90,0,9,0,1,0,0,0,0,0,1,1,1,47,8,-1,-1,-1,1,1,1
2017010037264,1,9,0,4,0,2,0,0,0,0,4,1,6,1,52,8,2497,2,10,2,1,2
2017010037264,2,1,0,18,4,2,5,0,0,0,1,1,6,1,27,6,-1,-1,-1,3,1,3
2017010037265,1,9,0,11,0,0,0,0,0,0,1,1,6,2,32,6,1995,2,2,3,1,3
2017010037265,2,9,0,11,0,0,0,0,0,0,2,1,6,1,27,6,1995,2,11,4,1,4
2017010037266,1,3,0,14,0,1,0,0,0,0,1,1,2,1,22,5,125,1,1,4,1,4
2017010037266,2,1,0,5,0,6,0,0,0,0,3,1,4,2,15,3,-1,-1,-1,7,1,7
2017010037267,1,1,0,18,0,2,0,4,0,0,1,1,6,1,56,9,-1,-1,-1,7,1,7
2017010037267,2,8,0,2,6,2,0,0,0,0,0,1,6,3,-1,-1,1950,2,1,-1,-1,-1
2017010037268,1,3,0,18,0,4,1,0,0,0,3,1,1,1,42,7,108,1,3,5,1,5
2017010037268,2,9,0,7,0,4,0,0,0,0,0,1,6,1,-1,-1,1497,1,14,5,1,5
2017010037270,1,9,0,14,0,1,0,0,0,0,3,1,6,2,48,8,1999,2,-1,2,1,2
2017010037270,2,3,0,18,0,2,0,0,0,0,1,1,6,1,21,5,125,1,2,4,1,4
2017010037272,1,9,0,18,0,1,0,0,0,0,4,1,6,1,23,5,1124,1,13,3,1,3
2017010037272,2,1,0,18,0,2,0,0,0,0,1,1,6,2,8,2,-1,-1,-1,7,3,7
2017010037273,1,9,0,3,0,1,0,0,0,0,1,1,6,1,64,9,1992,2,12,3,1,3
2017010037273,2,3,0,7,0,1,0,0,0,0,1,1,6,1,42,7,125,1,6,6,1,6
2017010037274,1,9,0,1,0,2,0,0,0,0,2,1,6,1,23,5,-1,-1,-1,1,1,1
2017010037276,1,9,0,9,0,6,0,0,0,0,2,1,6,2,48,8,1596,1,12,2,1,2
2017010037280,1,9,0,18,0,1,0,0,0,0,1,1,6,1,30,6,1995,2,8,5,1,5
2017010037280,2,9,0,9,0,6,0,0,0,0,3,1,6,2,22,5,1582,2,6,6,1,6
2017010037282,1,8,0,18,0,8,0,0,0,0,1,1,1,1,52,8,2143,2,7,1,1,1
2017010037282,2,19,0,18,0,8,0,0,0,0,1,1,6,1,56,9,2198,2,7,2,1,2
2017010037283,1,9,0,18,0,3,0,0,0,0,1,1,6,1,26,6,1995,2,6,8,1,8
2017010037283,2,9,0,10,0,3,0,0,0,0,2,1,6,1,24,5,1995,2,10,9,1,9
2017010037284,1,9,0,4,0,1,0,0,0,0,1,1,2,1,41,7,-1,-1,-1,4,1,4
2017010037284,2,9,0,3,0,1,0,0,0,0,2,1,6,1,56,9,1598,1,12,3,1,3
2017010037284,3,9,0,3,0,1,0,0,0,0,2,1,6,2,56,9,1390,1,14,4,1,4
2017010037284,4,9,0,3,0,1,0,0,0,0,2,1,6,2,66,10,1753,2,15,6,2,6
2017010037285,1,9,0,7,0,6,0,0,0,0,3,1,1,1,32,6,1997,2,1,2,1,2
2017010037285,2,9,0,18,0,8,0,0,0,0,1,1,6,1,56,9,1086,1,13,1,1,1
2017010037286,1,9,0,3,0,1,0,0,0,0,2,1,6,1,53,8,1995,1,10,1,1,1
2017010037286,2,8,0,4,0,1,1,0,0,0,1,1,6,1,50,8,1968,2,5,4,1,4
2017010037287,1,9,0,18,0,0,0,0,0,0,1,1,6,1,26,6,1995,1,13,6,1,6
2017010037288,1,9,0,4,0,1,0,0,0,0,2,1,6,1,26,6,1598,2,-1,3,1,3
2017010037288,2,9,0,18,0,8,0,0,1,0,1,1,6,3,-1,-1,2000,2,8,-1,-1,-1
2017010037290,1,2,0,9,0,4,1,0,0,0,0,1,2,1,26,6,108,1,3,3,1,3
2017010037291,1,9,0,18,0,1,0,0,0,0,1,1,6,1,24,5,1364,1,1,7,1,7
2017010037291,2,5,0,18,0,1,1,0,0,0,2,1,6,1,28,6,749,1,10,1,1,1
2017010037293,1,9,0,18,0,1,0,0,0,0,1,1,6,2,-1,-1,1199,1,13,2,1,2
2017010037294,1,9,0,3,0,1,0,0,0,0,2,1,6,1,34,6,1995,2,8,3,1,3
2017010037294,2,9,0,4,0,1,0,0,0,0,1,1,6,2,36,7,2967,2,10,1,1,1
2017010037296,1,9,0,5,0,0,0,0,0,0,3,1,6,1,21,5,998,1,11,5,1,5
2017010037296,2,3,0,14,0,0,0,0,0,0,1,1,1,1,26,6,-1,-1,-1,5,1,5
2017010037297,1,9,0,18,0,8,0,0,3,10,1,1,6,1,19,4,1796,1,12,7,1,7
2017010037298,1,3,0,4,0,4,0,0,0,0,2,1,1,1,22,5,-1,-1,-1,8,1,8
2017010037298,2,9,0,4,0,4,0,0,0,0,1,1,6,1,23,5,1968,2,3,1,1,1
2017010037299,1,9,0,18,0,0,0,4,0,0,1,1,2,1,54,8,1497,8,2,5,1,5
2017010037299,2,9,0,2,0,0,0,0,1,0,2,1,6,3,-1,-1,1781,1,16,-1,-1,-1
2017010037300,1,9,0,3,0,1,0,0,0,0,2,1,6,2,32,6,1968,2,1,2,1,2
2017010037300,2,9,0,18,0,1,0,0,0,0,1,1,6,3,-1,-1,1988,1,13,-1,-1,-1
2017010037301,1,9,0,18,0,0,0,0,0,0,1,1,6,2,38,7,1198,1,-1,4,1,4
2017010037302,1,9,0,18,9,1,0,11,7,10,1,1,6,1,25,5,2979,1,2,3,1,3
2017010037303,1,9,0,13,0,1,0,0,0,0,1,1,2,2,46,8,1968,2,5,2,1,2
2017010037303,2,9,0,10,0,1,0,0,0,0,2,1,6,2,48,8,1596,1,11,8,1,8
2017010037304,1,9,0,18,0,8,0,0,0,0,1,1,6,1,21,5,1560,2,8,-1,-1,-1
2017010037304,2,9,0,3,0,8,1,0,0,0,2,1,6,2,32,6,1997,1,7,8,1,8
2017010037304,3,8,0,3,0,8,0,0,0,0,2,1,1,1,28,6,1798,8,1,4,1,4
2017010037306,1,8,0,18,0,2,0,10,0,0,1,1,2,1,33,6,2499,2,5,3,1,3
2017010037313,1,9,0,18,0,8,0,0,0,0,1,1,6,1,59,9,1598,1,12,2,1,2
2017010037313,2,9,0,13,0,8,0,4,0,0,1,1,6,1,37,7,1686,2,4,2,1,2
2017010037316,1,9,0,18,0,5,0,0,0,0,1,1,1,1,27,6,998,1,12,7,1,7
2017010037319,1,3,0,18,0,8,2,0,0,0,1,1,6,1,18,4,124,1,3,5,1,5
2017010037319,2,9,0,9,0,8,0,0,0,0,3,1,6,1,27,6,-1,-1,-1,-1,-1,-1
2017010037320,1,1,0,-1,-1,0,0,-1,-1,-1,-1,1,6,1,21,5,-1,-1,-1,3,1,3
2017010037338,1,1,0,18,0,1,0,0,0,0,1,1,6,1,47,8,-1,-1,-1,3,1,3
2017010037338,2,3,0,9,0,6,0,0,0,0,-1,1,6,3,-1,-1,-1,-1,-1,-1,-1,-1
2017010037340,1,9,0,18,0,8,0,0,0,0,3,-1,6,1,25,5,1995,2,5,9,1,9
2017010037340,2,9,0,9,0,8,0,0,0,0,4,-1,6,2,-1,-1,2993,2,2,-1,-1,-1
2017010037341,1,5,0,18,0,1,0,0,0,0,1,1,1,2,49,8,645,1,1,9,1,9
2017010037341,2,9,0,9,0,6,0,0,0,0,1,1,1,1,22,5,1598,1,11,8,1,8
2017010037342,1,9,0,18,0,0,-1,0,0,0,1,-1,6,2,33,6,1995,2,7,3,1,3
2017010037342,2,9,0,18,0,0,-1,-1,0,0,1,-1,6,1,35,6,1796,1,14,3,1,3
2017010037345,1,9,0,4,0,8,0,0,0,0,2,1,3,2,36,7,1796,1,11,10,1,10
2017010037345,2,9,0,18,0,8,0,0,0,0,1,1,6,3,-1,-1,-1,-1,-1,-1,-1,-1
2017010037349,1,9,0,9,0,8,0,0,0,0,1,1,6,2,28,6,1598,2,4,6,1,6
2017010037349,2,1,0,18,0,8,2,0,0,0,1,1,2,1,37,7,-1,-1,-1,4,1,4
2017010037350,1,9,0,14,0,0,0,0,0,0,1,1,2,2,23,5,1329,1,-1,10,1,10
2017010037361,1,9,0,18,0,1,0,0,0,0,1,1,6,1,36,7,1998,2,6,-1,-1,-1
2017010037362,1,9,0,5,0,1,0,0,0,0,0,1,6,1,40,7,1995,1,10,2,1,2
2017010037374,1,9,0,-1,0,1,0,0,0,0,-1,-1,6,1,34,6,-1,-1,-1,8,1,8
2017010037379,1,8,0,11,0,0,0,0,0,0,4,1,1,1,40,7,2143,2,2,6,1,6
2017010037379,2,5,0,18,0,0,0,0,0,0,3,1,2,1,42,7,599,1,10,9,1,9
2017010037380,1,9,0,9,0,5,0,0,0,0,1,1,6,2,50,8,1229,1,6,-1,-1,-1
2017010037380,2,1,0,18,0,1,0,0,0,0,3,1,6,1,51,8,-1,-1,-1,9,1,9
2017010037385,1,9,0,18,0,3,0,0,0,0,1,1,2,1,33,6,1339,1,13,4,1,4
2017010037391,1,9,0,17,0,1,0,0,0,0,1,1,6,1,56,9,1797,8,7,3,1,3
2017010037391,2,1,0,18,4,1,0,0,0,0,1,1,6,1,33,6,-1,-1,-1,4,1,4
2017010037392,1,5,0,18,0,1,0,0,0,0,1,1,1,1,39,7,645,1,17,9,1,9
2017010037392,2,9,0,18,0,1,0,0,0,0,3,1,1,2,18,4,-1,-1,-1,8,1,8
2017010037407,1,9,0,18,0,1,0,0,0,0,1,1,6,2,55,8,1499,1,2,8,1,8
2017010037408,1,9,0,4,0,1,0,0,1,7,1,1,6,2,52,8,1769,1,12,2,1,2
2017010037409,1,5,0,18,0,8,0,0,0,0,4,1,3,1,50,8,1043,1,6,2,1,2
2017010037409,2,9,0,7,0,8,0,0,0,0,1,1,6,1,43,7,1796,1,8,6,1,6
2017010037414,1,9,0,4,0,1,0,0,0,0,2,1,1,2,54,8,2143,2,4,9,1,9
2017010037414,2,3,0,4,0,1,1,0,0,0,1,1,6,1,17,4,125,1,7,8,1,8
2017010037419,1,8,0,9,4,8,0,0,0,0,1,1,1,1,52,8,1598,1,10,5,1,5
2017010037419,2,1,0,18,4,8,1,0,0,0,3,1,2,1,51,8,-1,-1,-1,9,1,9