Accident_Index,Vehicle_Reference,Vehicle_Type,Towing_and_Articulation,Vehicle_Manoeuvre,Vehicle_Location-Restricted_Lane,Junction_Location,Skidding_and_Overturning,Hit_Object_in_Carriageway,Vehicle_Leaving_Carriageway,Hit_Object_off_Carriageway,1st_Point_of_Impact,Was_Vehicle_Left_Hand_Drive?,Journey_Purpose_of_Driver,Sex_of_Driver,Age_of_Driver,Age_Band_of_Driver,Engine_Capacity_(CC),Propulsion_Code,Age_of_Vehicle,Driver_IMD_Decile,Driver_Home_Area_Type,Vehicle_IMD_Decile
2017010037420,1,9,-1,3,0,1,-1,-1,-1,-1,2,-1,6,1,36,7,1991,2,9,3,1,3
2017010037420,2,9,-1,-1,-1,-1,-1,-1,-1,-1,-1,-1,6,3,-1,-1,1797,8,8,-1,-1,-1
2017010037423,1,9,0,10,-1,1,-1,-1,-1,-1,3,1,2,2,33,6,1598,1,11,4,1,4
2017010037423,2,9,-1,-1,-1,-1,-1,-1,-1,-1,-1,-1,6,3,-1,-1,1497,8,11,-1,-1,-1
2017010037425,1,9,-1,-1,-1,-1,-1,-1,-1,-1,-1,-1,6,2,39,7,1910,2,8,1,1,1
2017010037430,1,9,0,18,0,1,0,0,0,0,1,1,6,1,41,7,2143,2,8,2,1,2
2017010037430,2,4,0,18,0,1,1,0,0,0,1,1,6,1,39,7,125,1,2,2,1,2
2017010037434,1,9,0,18,-1,0,0,-1,0,0,1,1,1,1,35,6,1797,8,5,2,1,2
2017010037434,2,9,0,18,-1,0,0,-1,0,0,1,1,6,3,-1,-1,-1,-1,-1,-1,-1,-1
2017010037435,1,3,0,4,0,0,5,0,0,0,1,1,6,1,40,7,124,1,13,8,1,8
2017010037435,2,19,0,4,0,0,0,0,0,0,2,1,1,1,27,6,1968,2,6,4,1,4
2017010037436,1,9,0,4,0,1,0,0,0,0,1,1,6,1,21,5,-1,-1,-1,6,1,6
2017010037436,2,8,0,4,0,1,0,0,0,0,2,1,6,1,47,8,2967,2,1,2,1,2
2017010037438,1,9,0,10,0,1,0,0,0,0,2,1,6,2,26,6,1229,1,10,1,1,1
2017010037438,2,8,0,15,0,1,0,0,0,0,1,1,1,1,35,6,1997,2,6,1,1,1
2017010037440,1,9,0,10,0,1,0,0,0,0,2,1,6,2,61,9,2967,2,5,4,1,4
2017010037440,2,9,0,17,0,1,0,0,0,0,1,1,3,1,39,7,1598,1,12,2,1,2
2017010037444,1,9,0,18,0,2,0,4,0,0,1,1,3,2,36,7,1560,2,-1,2,1,2
2017010037444,2,9,0,2,0,2,0,0,0,0,2,1,6,3,-1,-1,1587,1,9,-1,-1,-1
2017010037444,3,19,0,2,0,1,0,0,0,0,4,1,6,3,-1,-1,2402,2,10,-1,-1,-1
2017010037444,4,9,0,2,0,1,0,0,0,0,2,1,6,3,-1,-1,1229,1,12,-1,-1,-1
2017010037453,1,9,0,3,-1,-1,0,-1,-1,0,2,-1,6,1,53,8,1497,8,9,3,1,3
2017010037458,1,19,-1,1,0,-1,-1,0,0,0,1,-1,6,3,-1,-1,-1,-1,-1,-1,-1,-1
2017010037464,1,4,0,13,9,0,0,0,3,0,1,1,6,1,25,5,124,1,7,8,1,8
2017010037464,2,9,0,9,0,0,0,0,0,0,3,1,6,1,53,8,1229,1,13,5,1,5
2017010037465,1,8,0,9,0,5,0,0,1,0,3,1,1,1,43,7,1339,8,7,2,1,2
2017010037465,2,3,0,18,0,1,0,0,0,0,1,1,1,1,24,5,125,1,1,3,1,3
2017010037468,1,1,0,9,0,8,0,0,0,0,3,1,6,1,21,5,-1,-1,-1,8,3,8
2017010037473,1,9,0,18,0,1,0,0,0,0,1,1,6,3,-1,-1,-1,-1,-1,-1,-1,-1
2017010037475,1,9,0,18,0,1,0,0,0,0,0,1,3,2,36,7,998,1,5,6,1,6
2017010037477,1,9,0,4,9,1,0,0,0,0,3,1,6,1,35,6,1339,1,11,6,1,6
2017010037477,2,3,0,15,0,1,0,4,0,0,1,1,1,1,23,5,108,1,4,5,1,5
2017010037478,1,11,0,18,0,0,0,0,0,0,1,1,6,3,-1,-1,7300,2,11,-1,-1,-1
2017010037479,1,9,0,9,0,6,0,0,0,0,3,1,6,1,66,10,2000,2,6,6,1,6
2017010037479,2,19,4,18,0,1,1,0,0,0,1,1,1,1,35,6,2402,2,9,3,1,3
2017010037483,1,3,0,7,0,1,0,0,0,0,0,1,6,1,30,6,125,1,4,3,1,3
2017010037483,2,1,0,18,0,1,0,0,0,0,0,1,1,1,40,7,-1,-1,-1,2,1,2
2017010037485,1,9,0,5,0,1,0,0,0,0,1,1,6,3,-1,-1,1364,1,10,-1,-1,-1
2017010037486,1,3,0,18,0,0,1,0,0,0,4,1,6,1,32,6,125,1,-1,3,1,3
2017010037486,2,3,0,18,0,0,1,0,0,0,2,1,6,1,20,4,124,1,6,3,1,3
2017010037486,3,9,0,2,0,0,0,0,0,0,2,2,6,3,-1,-1,2143,2,2,-1,-1,-1
2017010037487,1,9,0,18,-1,-1,-1,0,-1,0,3,1,6,1,31,6,1995,2,2,2,1,2
2017010037487,2,1,-1,18,-1,-1,-1,-1,-1,-1,-1,1,6,1,36,7,-1,-1,-1,6,1,6
2017010037488,1,9,0,4,0,8,0,11,0,0,4,1,6,1,49,8,1794,1,12,4,1,4
2017010037489,1,9,0,2,0,0,0,4,0,0,2,1,6,3,-1,-1,-1,3,3,-1,-1,-1
2017010037489,2,1,0,18,0,0,0,0,0,0,2,1,2,1,34,6,-1,-1,-1,4,1,4
2017010037491,1,9,0,13,0,0,0,0,0,0,4,1,1,1,53,8,1798,8,1,2,1,2
2017010037491,2,21,1,12,0,0,0,0,0,0,3,2,1,1,60,9,15607,2,11,9,1,9
2017010037492,1,8,0,18,0,1,0,0,0,0,3,1,1,1,42,7,1791,8,6,9,3,9
2017010037492,2,9,0,18,0,1,0,0,1,10,4,1,6,2,34,6,-1,-1,-1,4,1,4
2017010037493,1,8,0,9,0,8,0,0,0,0,1,1,2,1,44,7,2143,2,5,1,1,1
2017010037494,1,9,0,18,0,0,0,0,0,0,2,1,6,2,24,5,1229,1,10,3,1,3
2017010037494,2,9,0,18,0,0,1,0,0,0,1,1,2,1,50,8,-1,-1,-1,1,1,1
2017010037495,1,3,0,18,0,8,0,10,1,0,1,1,6,1,17,4,125,1,6,9,1,9
2017010037495,2,9,0,9,0,8,0,0,0,0,0,1,6,2,35,6,1685,2,5,2,1,2
2017010037496,1,3,0,14,0,1,0,0,0,0,1,1,6,1,20,4,124,1,8,3,1,3
2017010037496,2,9,0,9,0,8,0,0,0,0,3,1,6,1,22,5,1596,1,12,2,1,2
2017010037497,1,9,0,2,0,2,0,0,0,0,4,1,6,3,-1,-1,1296,1,9,-1,-1,-1
2017010037497,2,9,0,17,0,1,5,4,7,0,4,1,6,2,26,6,1389,1,12,4,1,4
2017010037499,1,9,0,3,0,1,0,0,0,0,2,1,6,1,30,6,1596,1,10,5,1,5
2017010037499,2,9,0,3,0,1,0,0,0,0,1,1,6,2,42,7,1598,1,14,4,1,4
2017010037499,3,9,0,18,0,1,0,0,0,0,2,1,6,1,52,8,-1,-1,-1,3,1,3
2017010037500,1,9,0,4,0,1,0,0,0,0,2,1,2,2,48,8,1596,1,10,3,1,3
2017010037500,2,19,0,5,0,1,0,0,0,0,1,1,1,1,32,6,1598,2,3,4,1,4
2017010037503,1,3,0,4,0,1,0,0,0,0,1,1,6,1,29,6,-1,-1,-1,2,1,2
2017010037504,1,9,0,18,0,1,0,4,3,0,1,1,6,2,48,8,1339,8,10,5,1,5
2017010037504,2,9,0,2,0,1,0,0,7,0,1,1,6,3,-1,-1,2495,2,15,-1,-1,-1
2017010037505,1,9,0,18,0,8,0,0,0,0,1,1,6,1,26,6,1995,2,9,2,1,2
2017010037508,1,9,0,18,0,2,0,4,0,0,1,1,6,1,39,7,1998,1,10,4,1,4
2017010037508,2,9,0,18,0,2,0,0,0,0,0,1,1,1,45,7,2993,2,1,3,1,3
2017010037508,3,9,0,2,0,2,0,0,0,0,4,1,6,3,-1,-1,1364,1,10,-1,-1,-1
2017010037508,4,9,0,2,0,2,0,0,0,0,1,1,6,3,-1,-1,1984,1,12,-1,-1,-1
2017010037508,5,9,0,2,0,2,0,0,0,0,1,1,6,3,-1,-1,998,1,10,-1,-1,-1
2017010037508,6,9,0,2,0,2,0,0,0,0,1,1,6,3,-1,-1,2000,2,11,-1,-1,-1
2017010037508,7,9,0,2,0,2,0,0,0,0,1,1,6,3,-1,-1,1242,1,3,-1,-1,-1
2017010037508,8,9,0,2,0,2,0,0,0,0,2,1,6,3,-1,-1,2143,2,7,-1,-1,-1
2017010037510,1,9,0,18,0,2,0,0,0,0,4,1,6,3,-1,-1,2143,2,3,-1,-1,-1
2017010037512,1,9,0,4,0,8,0,0,0,0,2,1,1,1,38,7,1797,8,7,2,1,2
2017010037512,2,9,0,5,0,8,0,0,0,0,1,1,6,1,17,4,1388,1,14,2,1,2
2017010037512,3,9,0,18,0,2,0,0,0,0,0,1,1,1,33,6,1598,2,2,7,1,7
2017010037513,1,9,0,5,0,0,0,11,0,0,4,1,6,1,29,6,1398,1,-1,2,1,2
2017010037518,1,3,0,18,0,0,1,0,0,0,0,1,2,2,49,8,125,1,2,10,1,10
2017010037518,2,90,5,10,0,0,0,0,0,0,0,1,1,1,36,7,6370,2,10,4,1,4
2017010037519,1,1,0,-1,0,1,0,0,0,0,1,1,6,1,52,8,-1,-1,-1,4,1,4
2017010037519,2,9,-1,-1,0,1,-1,-1,0,0,1,-1,6,3,-1,-1,1685,2,1,-1,-1,-1
2017010037520,1,9,0,9,0,1,0,0,0,0,1,-1,6,1,46,8,2362,1,12,2,1,2
2017010037522,1,9,-1,18,0,-1,0,-1,0,0,-1,-1,6,1,-1,-1,-1,-1,-1,-1,-1,-1
2017010037524,1,9,0,9,0,5,0,0,0,0,1,1,2,1,54,8,1910,2,11,5,1,5
2017010037524,2,90,0,18,0,1,0,0,0,0,1,1,2,2,32,6,-1,-1,-1,7,1,7
2017010037533,1,9,0,18,0,8,0,-1,0,0,2,-1,6,1,30,6,1149,1,10,3,1,3
2017010037533,2,9,-1,18,0,8,0,0,0,0,1,-1,6,1,27,6,1396,1,14,4,1,4
2017010037542,1,1,-1,-1,0,-1,-1,-1,-1,0,-1,1,6,1,42,7,-1,-1,-1,10,1,10
2017010037542,2,9,0,-1,0,-1,0,0,0,0,-1,-1,6,2,-1,-1,999,1,8,-1,-1,-1
2017010037547,1,9,0,10,0,1,0,0,0,0,1,1,1,2,56,9,1560,2,7,6,1,6
2017010037547,2,9,0,14,0,1,0,0,0,0,4,1,6,1,84,11,-1,-1,-1,3,1,3
2017010037556,1,3,0,12,0,0,0,0,0,0,3,1,2,1,28,6,125,1,2,-1,3,-1
2017010037556,2,21,1,5,0,0,0,0,0,0,1,1,1,1,40,7,12902,2,-1,-1,3,-1
2017010037564,1,1,0,18,4,2,2,0,0,0,-1,1,6,1,46,8,-1,-1,-1,10,1,10
2017010037564,2,8,-1,7,4,7,0,0,0,0,-1,-1,6,1,-1,-1,1798,8,2,-1,-1,-1
2017010037566,1,11,-1,-1,-1,-1,-1,-1,-1,-1,-1,-1,6,1,-1,-1,4500,2,5,-1,-1,-1
2017010037567,1,1,-1,-1,-1,8,-1,-1,-1,-1,-1,1,6,1,49,8,-1,-1,-1,5,1,5
2017010037567,2,9,-1,-1,-1,8,-1,-1,-1,-1,-1,-1,6,2,-1,-1,1797,8,2,-1,-1,-1
2017010037572,1,9,0,3,0,8,0,0,0,0,4,1,6,2,33,6,1968,2,7,-1,-1,-1
2017010037573,1,1,-1,18,-1,2,-1,0,0,0,1,1,6,1,24,5,-1,-1,-1,4,1,4
2017010037573,2,2,-1,9,0,1,-1,0,0,0,1,1,1,1,-1,-1,-1,-1,-1,2,1,2
2017010037578,1,9,-1,-1,-1,-1,-1,-1,-1,-1,-1,-1,6,2,32,6,1590,1,14,2,1,2
2017010037578,2,9,-1,-1,-1,-1,-1,-1,-1,-1,-1,-1,6,1,-1,-1,1229,1,5,-1,-1,-1
2017010037583,1,9,-1,-1,-1,0,-1,-1,-1,-1,-1,-1,6,1,-1,-1,1360,1,22,10,2,10
2017010037585,1,9,0,3,0,1,0,0,0,0,2,1,6,1,51,8,2143,2,4,6,1,6
2017010037585,2,9,0,18,0,1,0,0,0,0,1,1,6,1,70,10,1360,1,12,2,1,2
2017010037590,1,9,0,18,0,0,0,0,0,0,1,1,2,1,26,6,1364,1,10,7,1,7
2017010037591,1,1,0,18,0,8,0,0,0,0,1,1,6,1,52,8,-1,-1,-1,5,1,5
2017010037593,1,9,0,15,0,0,2,10,0,0,4,1,6,1,19,4,1388,1,8,7,1,7
2017010037593,2,19,0,11,0,0,0,0,0,0,4,1,1,1,51,8,1896,2,8,6,1,6
2017010037600,1,9,-1,-1,-1,-1,-1,-1,-1,-1,-1,-1,6,2,43,7,1596,1,8,-1,-1,-1
2017010037600,2,19,-1,-1,-1,-1,-1,12,-1,-1,-1,-1,6,1,-1,-1,1560,2,1,1,1,1
2017010037601,1,19,0,18,9,1,0,0,1,0,4,1,6,3,-1,-1,-1,-1,-1,-1,-1,-1
2017010037602,1,9,0,9,0,5,0,0,0,0,3,1,2,1,32,6,1598,1,9,9,1,9
2017010037602,2,11,0,18,0,1,0,0,0,0,1,1,1,1,23,5,-1,-1,-1,3,1,3
2017010037608,1,9,0,18,4,5,0,0,0,0,1,1,6,2,25,5,1399,2,10,2,1,2
2017010037608,2,1,0,18,4,8,0,0,0,0,3,1,2,1,38,7,-1,-1,-1,3,1,3
2017010037613,1,2,0,18,0,0,0,0,0,0,4,1,2,1,25,5,125,1,5,1,1,1
2017010037613,2,9,0,14,0,0,0,0,0,0,3,1,6,2,35,6,1461,2,6,2,1,2
2017010037616,1,9,0,9,9,5,0,0,0,0,0,1,6,1,55,8,-1,-1,-1,-1,-1,-1
2017010037616,2,9,0,18,9,7,0,0,0,0,2,1,6,2,27,6,1242,1,3,2,1,2
2017010037618,1,9,-1,-1,-1,-1,-1,-1,-1,-1,-1,-1,6,1,53,8,-1,-1,-1,-1,-1,-1
2017010037624,1,9,-1,-1,0,0,0,-1,-1,0,-1,-1,6,1,62,9,1997,1,1,-1,-1,-1
2017010037624,2,9,0,-1,0,0,0,-1,-1,0,-1,-1,6,2,-1,-1,1910,2,11,2,1,2
2017010037628,1,1,-1,15,0,1,-1,-1,0,0,-1,1,6,1,54,8,-1,-1,-1,10,1,10
2017010037628,2,9,-1,3,0,1,-1,-1,0,0,-1,-1,6,1,-1,-1,-1,-1,-1,-1,-1,-1
2017010037630,1,19,0,18,0,7,0,0,0,0,1,1,1,1,28,6,4009,2,6,5,1,5
2017010037630,2,9,0,5,0,8,0,0,0,0,2,1,2,2,41,7,1998,1,13,4,1,4
2017010037630,3,9,0,3,0,8,0,0,0,0,1,1,2,1,33,6,2993,2,4,3,1,3
2017010037630,4,21,1,14,0,8,0,0,0,0,3,1,1,1,63,9,12809,2,2,8,3,8
2017010037631,1,9,0,3,0,2,0,0,0,0,2,1,2,1,37,7,2996,1,12,5,1,5
2017010037631,2,8,0,3,0,2,0,0,0,0,2,1,1,1,60,9,1598,2,5,3,1,3
2017010037631,3,9,0,4,0,2,0,0,0,0,1,1,6,2,40,7,2204,2,11,8,1,8
2017010037638,1,20,-1,-1,-1,-1,-1,-1,-1,-1,-1,-1,6,1,45,7,-1,-1,-1,-1,-1,-1
2017010037642,1,1,0,18,0,0,0,0,0,0,2,1,6,2,59,9,-1,-1,-1,3,1,3
2017010037642,2,9,0,18,0,0,0,0,0,0,1,-1,6,1,-1,-1,2967,2,1,9,1,9
2017010037644,1,9,0,5,0,6,0,0,3,0,3,1,6,2,40,7,1364,1,9,1,1,1
2017010037644,2,9,0,14,0,1,0,0,0,0,1,1,6,1,19,4,1388,1,14,2,1,2
2017010037651,1,9,0,1,0,1,0,0,0,0,1,1,6,1,54,8,1497,8,9,1,1,1
2017010037653,1,3,-1,-1,-1,0,-1,-1,-1,-1,-1,1,6,1,54,8,1237,1,4,9,1,9
2017010037653,2,9,-1,12,-1,0,-1,-1,-1,-1,-1,-1,6,1,-1,-1,1390,1,8,7,1,7
2017010037662,1,1,-1,-1,0,5,-1,-1,-1,-1,2,1,6,1,50,8,-1,-1,-1,2,1,2
2017010037662,2,9,-1,-1,-1,-1,-1,-1,-1,-1,-1,-1,6,2,-1,-1,1497,8,3,-1,-1,-1
2017010037663,1,9,0,5,0,8,0,0,0,0,3,1,6,1,39,7,2200,1,16,7,1,7
2017010037663,2,1,0,5,0,8,0,8,0,0,1,1,6,2,43,7,-1,-1,-1,3,1,3
2017010037668,1,8,0,9,0,1,0,0,0,0,3,1,1,1,29,6,1995,2,5,1,1,1
2017010037668,2,5,0,13,0,1,0,0,0,0,1,1,6,1,37,7,600,1,17,2,1,2
2017010037669,1,1,0,-1,4,0,0,0,0,0,3,1,6,1,29,6,-1,-1,-1,2,1,2
2017010037669,2,9,-1,-1,-1,0,0,0,0,0,4,-1,6,2,-1,-1,998,1,7,8,1,8
2017010037671,1,9,0,6,0,8,0,0,0,0,1,1,6,1,31,6,1598,2,7,5,1,5
2017010037671,2,4,0,4,0,8,0,0,0,0,1,1,6,1,19,4,124,1,1,2,1,2
2017010037672,1,9,0,7,0,1,0,0,0,0,0,1,6,2,57,9,1598,2,5,9,1,9
2017010037672,2,5,0,18,2,1,1,10,1,10,0,1,6,1,48,8,1199,1,15,7,1,7
2017010037673,1,9,0,4,0,0,0,0,0,0,2,1,1,1,32,6,1796,1,5,3,1,3
2017010037673,2,9,0,4,0,0,0,0,0,0,2,1,1,1,62,9,-1,-1,-1,6,1,6
2017010037673,3,9,0,4,0,0,0,0,0,0,1,1,6,1,51,8,1968,2,10,2,1,2
2017010037675,1,9,0,3,0,1,0,0,0,0,2,1,1,1,37,7,1499,2,1,2,1,2
2017010037675,2,9,0,5,0,1,0,0,0,0,1,1,6,2,48,8,2143,2,4,7,1,7
2017010037676,1,21,0,4,0,1,0,0,0,0,1,1,1,1,28,6,-1,2,16,5,1,5
2017010037676,2,3,0,3,0,1,0,0,0,0,2,1,1,1,21,5,125,1,1,9,1,9
2017010037680,1,19,0,18,0,1,0,0,0,0,4,-1,6,1,-1,-1,-1,-1,-1,-1,-1,-1
2017010037682,1,3,-1,-1,0,0,-1,-1,-1,-1,-1,1,6,3,-1,-1,-1,-1,-1,-1,-1,-1
2017010037684,1,1,0,10,0,-1,0,0,0,0,2,1,6,1,49,8,-1,-1,-1,2,1,2
2017010037684,2,9,0,9,0,-1,0,0,0,0,1,-1,6,1,-1,-1,1489,1,20,1,1,1
2017010037685,1,5,0,13,0,1,1,0,0,0,3,1,6,1,38,7,675,1,-1,2,1,2
2017010037685,2,19,0,9,0,1,0,0,0,0,3,1,1,1,41,7,2287,2,2,2,1,2
2017010037689,1,11,-1,18,-1,-1,-1,-1,-1,-1,-1,-1,6,3,-1,-1,-1,-1,-1,-1,-1,-1
2017010037691,1,1,0,18,0,1,0,4,0,0,1,1,2,2,52,8,-1,-1,-1,3,1,3
2017010037700,1,9,0,18,-1,8,0,0,0,0,2,1,6,2,44,7,1997,2,3,2,1,2
2017010037700,2,9,0,18,-1,8,0,0,0,0,1,1,6,1,-1,-1,1796,1,10,3,1,3
2017010037703,1,9,0,18,0,1,0,0,0,0,4,1,6,2,78,11,1998,1,16,7,1,7
2017010037707,1,1,0,5,0,8,0,0,0,0,1,1,2,1,41,7,-1,-1,-1,3,1,3
2017010037707,2,1,0,5,0,6,0,0,0,0,1,1,6,1,47,8,-1,-1,-1,-1,-1,-1
2017010037708,1,1,0,10,0,1,0,0,0,0,2,1,6,2,32,6,-1,-1,-1,2,1,2
2017010037708,2,9,0,9,0,5,0,0,0,0,1,-1,6,1,-1,-1,1598,1,7,-1,-1,-1
2017010037710,1,9,0,9,0,1,0,0,0,0,1,1,6,3,-1,-1,-1,-1,-1,-1,-1,-1
2017010037712,1,9,0,5,0,8,0,0,0,0,4,1,6,1,22,5,1998,1,1,7,1,7
2017010037712,2,4,0,18,0,8,0,0,0,0,1,1,6,1,-1,-1,249,1,2,-1,-1,-1
2017010037717,1,1,-1,10,0,1,0,0,0,0,2,1,2,2,48,8,-1,-1,-1,6,1,6
2017010037717,2,9,-1,3,0,1,0,0,0,0,1,-1,6,1,-1,-1,1200,1,1,-1,-1,-1
2017010037718,1,9,0,4,0,0,0,0,0,0,2,1,6,1,41,7,1598,1,10,6,1,6
2017010037718,2,19,0,18,0,0,0,0,0,0,1,1,6,1,36,7,2402,2,9,3,1,3
2017010037725,1,1,0,18,0,8,2,10,0,0,1,1,6,1,15,3,-1,-1,-1,3,1,3
2017010037725,2,11,0,7,0,8,0,0,0,0,0,1,1,1,56,9,4760,2,5,6,1,6
2017010037729,1,9,0,14,0,1,0,4,0,0,1,1,6,1,74,10,1560,2,2,2,1,2
2017010037729,2,19,0,2,0,2,0,0,0,0,2,1,6,3,-1,-1,1968,2,2,-1,-1,-1
2017010037729,3,9,0,2,0,2,0,0,0,0,2,1,6,3,-1,-1,1590,1,21,-1,-1,-1
2017010037738,1,1,-1,18,0,1,0,0,0,0,3,1,6,1,38,7,-1,-1,-1,5,1,5
2017010037738,2,9,0,18,0,1,0,0,0,0,4,-1,6,1,-1,-1,-1,-1,-1,-1,-1,-1
2017010037748,1,9,0,9,0,1,0,0,0,0,3,1,6,2,33,6,1598,1,9,2,1,2
2017010037748,2,1,0,3,0,1,0,0,0,0,1,1,1,2,49,8,-1,-1,-1,4,1,4
2017010037750,1,9,0,18,0,6,0,0,0,0,0,1,6,2,30,6,1461,2,4,3,1,3
2017010037763,1,8,0,3,0,2,1,4,0,0,2,2,1,1,74,10,2499,2,3,9,1,9
2017010037763,2,19,0,18,0,6,1,4,0,0,1,2,1,1,24,5,2198,2,4,9,1,9
2017010037763,3,8,0,4,6,2,0,0,0,0,3,2,1,1,40,7,1995,2,5,3,1,3
2017010037765,1,9,0,9,0,1,0,0,0,0,1,1,6,2,25,5,1598,1,11,5,1,5
2017010037765,2,1,0,17,0,1,0,0,0,0,3,1,1,1,40,7,-1,-1,-1,4,1,4
2017010037766,1,11,0,5,2,1,0,0,0,0,0,1,1,1,33,6,9360,2,7,5,1,5
2017010037768,1,9,0,9,0,6,0,0,0,0,1,2,6,1,46,8,1998,1,14,4,1,4
2017010037768,2,2,0,18,0,1,0,0,0,0,1,1,6,1,17,4,124,1,7,3,1,3
2017010037770,1,5,0,5,0,2,0,11,1,10,1,1,1,1,66,10,499,1,-1,8,1,8
2017010037772,1,11,0,18,0,0,0,0,0,0,0,1,1,1,37,7,9360,2,5,-1,-1,-1
2017010037773,1,9,0,7,3,1,0,0,0,0,4,1,6,1,22,5,1598,1,11,6,1,6
2017010037773,2,11,0,18,0,1,0,0,0,0,1,1,1,1,55,8,6700,2,9,3,1,3
2017010037774,1,9,0,6,0,1,0,0,0,0,3,1,2,1,42,7,1998,1,15,1,1,1
2017010037775,1,9,0,4,0,1,0,0,0,0,2,1,6,1,26,6,1995,2,4,4,1,4
2017010037775,2,19,0,18,0,1,0,0,0,0,1,1,1,1,32,6,1248,2,7,2,1,2
2017010037776,1,5,0,5,0,1,0,0,7,0,1,1,2,1,51,8,1301,1,-1,10,1,10
2017010037776,2,9,0,9,0,1,0,0,0,0,3,1,6,2,26,6,898,1,1,7,1,7
2017010037778,1,9,0,9,0,1,0,0,0,0,3,1,2,2,50,8,2179,2,2,7,1,7
2017010037778,2,3,0,13,0,1,2,0,0,0,1,1,6,1,17,4,499,1,7,2,1,2
2017010037779,1,2,0,14,0,1,0,0,0,0,1,1,6,1,34,6,124,1,13,6,1,6
2017010037779,2,9,0,9,0,8,0,0,0,0,3,1,6,1,53,8,1794,1,12,6,1,6
2017010037780,1,11,0,18,0,1,0,0,0,0,4,1,1,1,35,6,4500,2,5,5,1,5
2017010037781,1,1,0,7,0,1,0,0,0,0,1,1,6,1,56,9,-1,-1,-1,6,1,6
2017010037782,1,9,0,18,0,2,0,0,0,0,1,1,6,1,34,6,2969,2,12,3,1,3
2017010037782,2,9,0,4,0,2,0,0,0,0,2,1,6,1,20,4,1598,2,1,5,1,5
2017010037782,3,9,0,4,0,2,0,0,0,0,2,1,6,1,44,7,2967,2,6,6,2,6
2017010037783,1,1,0,18,0,8,5,0,0,0,1,1,6,1,53,8,-1,-1,-1,-1,-1,-1
2017010037783,2,90,1,7,0,7,1,0,0,0,1,1,1,1,48,8,9200,2,7,7,1,7
2017010037784,1,3,0,13,0,1,2,0,0,0,0,1,6,1,28,6,125,1,1,3,1,3
2017010037784,2,9,0,9,0,1,0,0,0,0,0,1,6,1,59,9,1769,1,12,6,1,6
2017010037786,1,9,0,9,0,5,0,0,0,0,1,1,2,1,37,7,-1,-1,-1,6,1,6
2017010037786,2,9,0,18,2,8,0,0,0,0,1,1,6,2,63,9,1242,1,14,3,1,3
2017010037787,1,9,0,18,0,0,0,0,0,0,1,1,3,1,51,8,1339,1,10,2,1,2
2017010037788,1,9,0,11,0,3,0,0,0,0,2,1,6,1,33,6,1910,2,10,6,1,6
2017010037788,2,9,0,17,0,3,0,0,0,0,1,1,6,1,32,6,-1,-1,-1,4,1,4
2017010037790,1,3,0,18,0,1,0,0,0,0,1,1,2,1,28,6,124,1,4,2,1,2
2017010037790,2,9,0,9,0,1,0,0,0,0,1,1,6,2,27,6,2979,1,15,3,1,3
2017010037794,1,9,0,9,9,5,0,0,7,0,1,1,6,1,33,6,1596,1,12,3,1,3
2017010037795,1,9,0,18,0,0,0,0,0,0,1,1,2,1,27,6,1398,1,14,3,1,3
2017010037796,1,9,0,18,0,8,0,4,0,0,1,1,6,1,89,11,3199,1,14,6,1,6
2017010037796,2,9,0,18,0,8,0,0,0,0,0,1,6,3,-1,-1,-1,-1,-1,-1,-1,-1
2017010037796,3,9,0,2,0,8,0,0,0,0,1,1,6,3,-1,-1,1329,1,6,-1,-1,-1
2017010037797,1,9,0,13,0,0,0,0,0,0,4,1,2,1,26,6,-1,-1,-1,8,1,8
2017010037797,2,3,0,18,0,0,0,0,0,0,3,1,1,1,41,7,125,1,9,6,1,6
2017010037800,1,9,0,4,0,1,0,0,0,0,1,1,1,1,38,7,1499,1,-1,6,1,6
2017010037800,2,19,0,1,0,1,0,4,0,0,2,1,6,3,-1,-1,1998,2,11,-1,-1,-1
2017010037801,1,9,0,10,0,1,0,0,0,0,2,1,6,1,59,9,998,1,13,3,1,3
2017010037801,2,8,0,10,0,1,0,4,0,0,2,1,1,1,42,7,1968,2,5,9,1,9
2017010037801,3,9,0,10,0,1,0,4,0,0,2,1,6,1,61,9,1968,2,3,8,3,8
2017010037801,4,9,0,9,0,1,0,4,0,0,1,1,6,1,44,7,1997,1,2,9,1,9
2017010037802,1,9,0,9,0,8,0,0,0,0,1,1,6,1,21,5,1560,2,12,5,1,5
2017010037802,2,1,0,18,0,8,0,0,0,0,1,1,6,2,36,7,-1,-1,-1,2,1,2
2017010037803,1,9,0,9,0,6,0,0,0,0,0,1,6,1,34,6,1598,1,3,2,1,2
2017010037803,2,1,0,18,0,1,1,0,0,0,0,1,2,1,55,8,-1,-1,-1,9,1,9
2017010037805,1,9,0,2,6,0,0,0,0,0,3,1,6,3,-1,-1,1796,1,9,-1,-1,-1
2017010037805,2,9,0,18,6,0,0,4,0,0,1,1,6,3,-1,-1,1998,1,18,-1,-1,-1
2017010037806,1,3,0,18,0,1,0,0,0,0,3,1,6,1,15,3,108,1,3,-1,-1,-1
2017010037806,2,9,0,18,0,8,0,0,0,0,3,1,1,1,17,4,1896,2,10,3,1,3
2017010037808,1,9,0,3,0,4,0,0,0,0,2,1,6,1,50,8,2962,1,26,5,1,5
2017010037808,2,9,0,4,0,1,1,0,0,0,1,1,6,1,27,6,1198,1,15,5,1,5
2017010037811,1,5,0,3,0,0,5,0,0,0,3,1,1,1,34,6,798,1,1,8,1,8
2017010037811,2,9,0,5,0,0,0,4,0,0,1,1,6,3,-1,-1,1988,1,17,-1,-1,-1