Accident_Index,Vehicle_Reference,Vehicle_Type,Towing_and_Articulation,Vehicle_Manoeuvre,Vehicle_Location-Restricted_Lane,Junction_Location,Skidding_and_Overturning,Hit_Object_in_Carriageway,Vehicle_Leaving_Carriageway,Hit_Object_off_Carriageway,1st_Point_of_Impact,Was_Vehicle_Left_Hand_Drive?,Journey_Purpose_of_Driver,Sex_of_Driver,Age_of_Driver,Age_Band_of_Driver,Engine_Capacity_(CC),Propulsion_Code,Age_of_Vehicle,Driver_IMD_Decile,Driver_Home_Area_Type,Vehicle_IMD_Decile
2017010038676,3,9,0,16,0,0,0,0,0,0,3,1,6,2,49,8,1997,2,3,2,1,2
2017010038677,1,9,0,18,0,5,0,0,0,0,3,1,6,1,23,5,998,1,15,2,1,2
2017010038677,2,9,0,18,0,5,0,0,0,0,4,1,6,1,32,6,1596,1,5,3,1,3
2017010038678,1,9,0,9,0,6,0,7,0,0,1,1,6,1,22,5,1597,1,7,6,1,6
2017010038679,1,9,0,18,0,1,0,0,0,0,4,1,2,1,46,8,1596,1,12,3,1,3
2017010038679,2,1,0,18,0,6,0,0,0,0,1,1,6,1,19,4,-1,-1,-1,3,1,3
2017010038680,1,11,0,18,0,1,0,0,0,0,0,1,1,1,46,8,4500,2,9,5,1,5
2017010038680,2,9,0,7,0,8,0,0,0,0,0,1,6,3,-1,-1,-1,-1,-1,-1,-1,-1
2017010038681,1,1,0,18,9,1,0,0,1,0,4,1,4,1,11,3,-1,-1,-1,4,1,4
2017010038681,2,9,0,18,9,1,0,0,0,0,1,1,6,2,-1,-1,-1,-1,-1,-1,-1,-1
2017010038682,1,9,0,18,0,1,0,0,0,0,4,1,6,1,55,8,1497,8,9,7,1,7
2017010038683,1,9,0,18,0,0,0,0,0,0,2,1,6,2,21,5,1598,1,11,8,1,8
2017010038683,2,9,0,18,0,0,0,0,0,0,1,1,6,1,27,6,1248,1,2,9,3,9
2017010038684,1,9,0,18,0,1,0,0,0,0,1,1,4,2,54,8,1242,1,7,8,1,8
2017010038686,1,9,0,5,0,8,0,0,0,0,1,1,6,2,21,5,1984,2,6,7,1,7
2017010038686,2,1,0,18,0,8,0,0,0,0,1,1,2,1,23,5,-1,-1,-1,7,1,7
2017010038687,1,9,0,7,0,8,0,0,0,0,1,1,6,1,47,8,1598,2,3,2,1,2
2017010038687,2,9,0,18,0,1,0,0,0,0,1,1,6,2,30,6,2179,2,5,9,1,9
2017010038689,1,9,0,18,0,8,0,11,0,0,0,1,6,1,53,8,1796,1,14,1,1,1
2017010038689,2,1,0,18,0,1,0,0,0,0,0,1,6,1,30,6,-1,-1,-1,2,1,2
2017010038690,1,9,0,1,0,0,0,0,0,0,1,1,1,1,47,8,2993,2,2,4,1,4
2017010038690,2,3,0,18,0,0,0,0,0,0,4,1,6,1,17,4,124,1,19,6,1,6
2017010038690,3,9,0,18,0,0,0,0,0,0,4,1,6,1,29,6,1686,2,7,6,1,6
2017010038690,4,9,0,5,0,0,0,0,0,0,2,1,6,2,27,6,998,1,2,3,1,3
2017010038692,1,90,0,18,0,8,0,0,0,0,1,1,1,1,29,6,2999,2,5,8,1,8
2017010038692,2,9,0,18,0,8,0,0,0,0,4,1,6,1,76,11,1997,1,15,5,1,5
2017010038693,1,9,0,1,0,8,0,0,0,0,2,1,6,3,-1,-1,1560,2,12,-1,-1,-1
2017010038693,2,9,0,2,0,1,0,0,0,0,1,1,6,3,-1,-1,2143,2,2,-1,-1,-1
2017010038693,3,9,0,2,0,1,0,0,0,0,4,1,6,3,-1,-1,2698,2,9,-1,-1,-1
2017010038695,1,1,0,18,4,0,0,0,0,0,1,1,6,1,19,4,-1,-1,-1,-1,1,-1
2017010038695,2,1,0,18,4,0,0,0,0,0,1,1,6,2,24,5,-1,-1,-1,5,1,5
2017010038696,1,9,0,11,0,0,0,0,0,0,1,1,6,1,62,9,1461,2,6,3,1,3
2017010038696,2,9,0,18,0,0,0,0,0,0,2,1,6,1,28,6,1388,1,7,1,1,1
2017010038697,1,9,0,18,0,8,0,0,0,0,4,1,6,2,73,10,1399,1,10,2,1,2
2017010038697,2,3,0,7,0,6,0,0,0,0,1,1,1,1,20,4,-1,-1,-1,6,1,6
2017010038698,1,9,0,5,0,2,0,0,0,0,4,1,6,1,31,6,2143,2,7,2,1,2
2017010038698,2,1,0,18,0,1,0,0,0,0,2,1,6,1,29,6,-1,-1,-1,4,1,4
2017010038699,1,5,0,9,0,6,1,0,0,0,1,1,6,1,23,5,599,1,7,7,3,7
2017010038700,1,9,0,18,0,1,1,0,0,0,2,1,6,1,51,8,4999,1,12,9,1,9
2017010038700,2,9,0,18,0,1,0,0,0,0,1,1,6,1,-1,-1,-1,-1,-1,-1,-1,-1
2017010038701,1,3,0,3,0,0,0,0,0,0,2,1,6,1,19,4,124,1,1,4,1,4
2017010038701,2,5,0,18,0,0,0,0,0,0,4,1,6,1,40,7,-1,-1,-1,4,1,4
2017010038702,1,11,0,4,0,0,0,0,0,0,3,1,1,1,44,7,6700,2,5,6,1,6
2017010038703,1,9,0,9,0,2,0,0,0,0,1,1,6,2,22,5,1598,1,2,3,1,3
2017010038705,1,4,0,18,0,1,1,0,0,0,3,1,1,1,45,7,125,1,-1,4,1,4
2017010038705,2,9,0,5,0,1,0,0,0,0,1,1,6,2,25,5,2987,2,3,2,1,2
2017010038706,1,3,0,15,0,1,1,0,0,0,4,1,1,1,23,5,-1,-1,-1,9,1,9
2017010038706,2,9,0,9,0,1,0,0,0,0,3,1,6,2,44,7,1600,1,13,4,1,4
2017010038707,1,9,0,3,0,1,0,0,0,0,2,1,6,1,27,6,1398,1,-1,-1,-1,-1
2017010038707,2,9,0,3,0,1,0,4,0,0,2,1,2,1,46,8,2993,2,12,4,1,4
2017010038707,3,19,0,18,0,1,0,4,0,0,1,1,2,1,44,7,1995,2,9,2,1,2
2017010038708,1,9,0,6,0,0,0,0,0,0,3,2,6,2,30,6,1995,2,10,5,1,5
2017010038708,2,3,0,18,0,0,0,0,0,0,1,1,6,1,32,6,124,1,3,5,1,5
2017010038710,1,9,0,4,0,1,0,0,0,0,0,1,6,1,23,5,1242,1,5,4,1,4
2017010038710,2,4,0,18,0,1,0,0,0,0,2,1,6,2,20,4,296,1,2,8,1,8
2017010038711,1,9,0,18,0,0,0,0,0,0,1,2,6,2,51,8,1197,1,-1,2,1,2
2017010038711,2,9,0,2,9,0,0,0,0,0,1,2,6,3,-1,-1,1598,1,6,-1,-1,-1
2017010038711,3,9,0,2,9,0,0,0,0,0,1,2,6,3,-1,-1,998,1,2,-1,-1,-1
2017010038712,1,9,0,3,0,8,0,8,0,0,3,1,6,1,53,8,3498,1,3,5,1,5
2017010038712,2,1,0,18,0,8,0,8,0,0,1,1,6,1,32,6,-1,-1,-1,5,1,5
2017010038715,1,9,0,5,0,8,0,0,0,0,4,1,6,1,27,6,-1,-1,-1,-1,-1,-1
2017010038716,1,2,0,18,0,0,0,10,0,0,1,1,6,1,36,7,49,1,1,7,1,7
2017010038717,1,3,-1,-1,-1,-1,-1,-1,-1,-1,-1,1,6,3,-1,-1,-1,-1,-1,-1,-1,-1
2017010038719,1,11,0,5,0,0,0,0,0,0,0,1,6,1,40,7,5132,2,3,2,1,2
2017010038720,1,8,0,4,0,1,0,0,0,0,2,1,1,1,53,8,1790,8,4,3,1,3
2017010038720,2,9,0,4,0,1,0,0,0,0,1,1,6,1,33,6,1388,1,13,3,1,3
2017010038721,1,9,0,16,0,4,0,0,0,0,1,2,6,1,26,6,-1,-1,-1,3,1,3
2017010038721,2,11,0,2,2,4,0,0,0,0,2,1,6,3,-1,-1,9360,2,5,-1,-1,-1
2017010038723,1,1,0,18,0,2,5,0,1,0,1,1,1,1,24,5,-1,-1,-1,1,1,1
2017010038724,1,9,0,18,0,8,0,0,0,0,1,1,6,3,-1,-1,1396,1,17,-1,-1,-1
2017010038725,1,9,0,18,0,1,0,0,0,0,1,1,6,2,24,5,1390,1,10,4,1,4
2017010038725,2,9,0,4,0,1,0,0,0,0,2,1,6,1,41,7,1796,1,3,6,1,6
2017010038726,1,9,0,18,0,0,0,0,0,0,1,1,6,3,-1,-1,-1,-1,-1,-1,-1,-1
2017010038729,1,9,0,18,0,0,1,4,0,0,1,1,6,1,47,8,1796,1,12,3,1,3
2017010038729,2,9,0,2,0,0,0,0,0,0,0,1,6,3,-1,-1,1197,1,3,-1,-1,-1
2017010038729,3,9,0,2,0,0,0,0,0,0,0,1,6,3,-1,-1,998,1,-1,-1,-1,-1
2017010038729,4,9,0,2,0,0,0,0,0,0,0,1,6,3,-1,-1,1360,1,12,-1,-1,-1
2017010038729,5,9,0,2,0,0,0,0,0,0,0,1,6,3,-1,-1,1598,1,14,-1,-1,-1
2017010038752,1,9,0,18,0,1,0,0,0,0,4,-1,6,2,29,6,1598,1,5,6,1,6
2017010038752,2,9,0,18,0,1,0,0,0,0,1,-1,6,1,-1,-1,1360,1,14,2,1,2
2017010038762,1,9,-1,3,0,0,-1,0,0,0,1,-1,6,2,42,7,1498,1,1,3,1,3
2017010038778,1,1,0,18,0,1,0,-1,0,0,4,1,6,1,28,6,-1,-1,-1,2,1,2
2017010038778,2,9,0,9,0,6,0,0,0,0,1,-1,6,1,-1,-1,-1,-1,-1,-1,-1,-1
2017010038780,1,9,0,18,0,1,0,0,0,0,1,1,3,2,49,8,1798,8,4,2,1,2
2017010038780,2,1,0,18,9,1,5,0,0,0,1,1,4,1,12,3,-1,-1,-1,1,1,1
2017010038784,1,9,-1,8,0,1,0,0,0,0,2,-1,6,1,26,6,1598,2,4,3,1,3
2017010038784,2,19,-1,18,0,1,-1,0,0,0,1,-1,6,3,-1,-1,2143,2,3,-1,-1,-1
2017010038789,1,1,0,18,0,1,0,0,0,0,2,1,6,2,25,5,-1,-1,-1,3,1,3
2017010038789,2,9,0,13,0,1,0,0,0,0,1,-1,6,1,-1,-1,-1,-1,-1,-1,-1,-1
2017010038790,1,19,0,7,0,-1,0,0,0,0,4,1,6,1,-1,-1,-1,-1,-1,-1,-1,-1
2017010038792,1,9,0,2,0,0,0,0,0,0,3,1,6,3,-1,-1,1997,2,7,-1,-1,-1
2017010038792,2,9,0,18,-1,0,0,4,0,0,3,1,6,3,-1,-1,1332,1,19,-1,-1,-1
2017010038797,1,9,0,9,0,8,0,0,0,0,2,1,6,2,27,6,973,1,14,3,1,3
2017010038797,2,3,0,15,0,8,5,0,0,0,2,1,6,1,23,5,124,1,8,7,1,7
2017010038800,1,9,0,10,0,8,0,0,0,0,1,1,2,2,51,8,1598,1,4,-1,-1,-1
2017010038822,1,9,0,10,0,1,0,0,0,0,2,-1,6,2,51,8,1598,1,9,3,1,3
2017010038822,2,9,-1,18,0,1,-1,-1,-1,0,1,-1,6,3,-1,-1,2148,2,14,-1,-1,-1
2017010038830,1,5,0,16,0,1,5,0,0,0,1,1,2,1,47,8,897,1,15,10,1,10
2017010038830,2,19,0,16,0,1,0,11,0,0,2,1,1,1,55,8,1995,2,-1,9,3,9
2017010038830,3,19,0,16,0,1,0,0,0,0,0,1,6,3,-1,-1,-1,-1,-1,-1,-1,-1
2017010038832,1,9,-1,1,0,-1,0,0,0,0,2,1,6,3,-1,-1,1796,2,4,-1,-1,-1
2017010038832,2,3,0,3,0,-1,0,0,0,0,4,1,6,1,26,6,125,1,1,-1,-1,-1
2017010038839,1,9,0,7,0,1,0,0,0,0,4,1,6,1,60,9,2143,2,4,5,1,5
2017010038839,2,1,0,18,0,8,0,0,0,0,1,1,6,1,50,8,-1,-1,-1,-1,-1,-1
2017010038844,1,9,0,18,0,1,0,0,0,0,3,-1,6,1,22,5,2143,2,2,3,1,3
2017010038844,2,9,0,18,0,1,0,0,0,0,4,-1,6,1,-1,-1,-1,-1,-1,-1,-1,-1
2017010038846,1,20,0,18,0,1,0,5,0,0,1,1,1,1,27,6,9290,2,7,2,1,2
2017010038848,1,9,0,5,0,1,0,0,0,0,1,1,2,1,20,4,998,1,10,5,1,5
2017010038848,2,3,0,15,0,1,5,0,0,0,1,1,6,1,52,8,397,1,1,2,1,2
2017010038856,1,9,-1,18,-1,-1,-1,-1,-1,-1,-1,-1,6,3,-1,-1,-1,-1,-1,-1,-1,-1
2017010038858,1,9,-1,-1,-1,-1,-1,-1,-1,0,-1,-1,6,1,-1,-1,-1,-1,-1,-1,-1,-1
2017010038858,2,1,0,-1,0,-1,0,-1,-1,0,-1,1,6,1,53,8,-1,-1,-1,7,1,7
2017010038861,1,9,-1,-1,-1,-1,-1,0,-1,0,1,1,6,2,55,8,1339,1,13,-1,-1,-1
2017010038861,2,4,0,-1,-1,-1,0,0,0,0,-1,1,6,1,-1,-1,847,1,-1,8,1,8
2017010038864,1,9,0,17,0,0,0,0,0,0,4,1,6,1,60,9,1493,1,19,8,1,8
2017010038864,2,9,0,2,0,0,0,0,0,0,4,1,6,3,-1,-1,1595,1,12,-1,-1,-1
2017010038865,1,19,0,18,0,1,0,0,0,0,3,1,2,1,41,7,2198,2,9,6,1,6
2017010038865,2,9,0,18,0,1,0,0,0,0,1,1,1,1,28,6,1499,1,-1,4,1,4
2017010038869,1,9,-1,18,0,4,0,0,0,0,2,-1,6,1,68,10,999,1,17,8,1,8
2017010038869,2,9,-1,18,0,4,-1,0,0,0,1,-1,6,2,-1,-1,2298,1,19,10,1,10
2017010038871,1,1,-1,18,-1,0,-1,-1,-1,-1,-1,1,6,2,55,8,-1,-1,-1,7,1,7
2017010038873,1,1,0,-1,-1,0,-1,-1,-1,-1,-1,1,6,1,43,7,-1,-1,-1,2,1,2
2017010038873,2,9,-1,2,-1,0,-1,-1,-1,-1,-1,-1,6,3,-1,-1,1956,2,6,-1,-1,-1
2017010038874,1,1,0,18,0,8,0,0,0,0,4,1,6,1,40,7,-1,-1,-1,4,1,4
2017010038874,2,9,0,18,0,8,0,0,0,0,1,1,6,3,-1,-1,-1,-1,-1,-1,-1,-1
2017010038876,1,9,-1,3,-1,0,-1,-1,0,0,-1,-1,6,3,-1,-1,-1,-1,-1,-1,-1,-1
2017010038876,2,9,-1,-1,-1,0,-1,-1,0,0,-1,-1,6,3,-1,-1,-1,-1,-1,-1,-1,-1
2017010038882,1,9,0,18,0,1,5,4,0,0,1,1,1,1,38,7,1598,2,1,6,1,6
2017010038882,2,9,0,2,0,1,0,0,0,0,1,1,6,3,-1,-1,1595,1,17,-1,-1,-1
2017010038882,3,9,0,2,0,2,0,0,0,0,4,1,6,3,-1,-1,1197,1,2,-1,-1,-1
2017010038882,4,9,0,2,0,1,0,0,0,0,4,2,6,3,-1,-1,-1,-1,-1,-1,-1,-1
2017010038885,1,9,-1,18,0,0,-1,0,-1,-1,2,-1,6,3,-1,-1,-1,-1,-1,-1,-1,-1
2017010038886,1,21,1,12,0,6,0,0,0,0,1,2,1,1,57,9,-1,-1,-1,-1,-1,-1
2017010038886,2,9,0,12,0,6,0,0,0,0,2,1,6,1,27,6,2000,2,6,1,1,1
2017010038887,1,11,0,18,2,1,0,0,0,0,0,1,1,1,40,7,5132,2,-1,4,1,4
2017010038887,2,9,0,7,0,2,0,0,0,0,0,1,6,3,-1,-1,-1,-1,-1,-1,-1,-1
2017010038894,1,3,0,18,0,0,5,0,0,0,1,1,1,1,30,6,125,1,5,3,1,3
2017010038894,2,8,0,9,0,0,0,0,0,0,1,1,1,1,60,9,2402,2,14,3,1,3
2017010038895,1,21,0,7,0,1,0,0,0,0,1,1,1,1,55,8,6700,2,1,9,3,9
2017010038895,2,1,0,7,0,8,5,0,0,0,3,1,6,1,57,9,-1,-1,-1,3,1,3
2017010038898,1,11,0,15,0,1,0,0,0,0,0,1,1,1,41,7,9360,2,8,2,1,2
2017010038908,1,9,0,7,0,4,0,0,0,0,1,1,6,1,40,7,1796,1,7,1,1,1
2017010038908,2,1,0,9,0,4,0,0,0,0,1,1,6,2,23,5,-1,-1,-1,1,1,1
2017010038914,1,9,0,4,0,2,0,0,0,0,4,1,6,1,33,6,-1,-1,-1,7,1,7
2017010038914,2,9,0,5,0,1,0,0,0,0,3,1,6,1,19,4,-1,-1,-1,4,1,4
2017010038914,3,9,0,14,0,8,1,0,0,0,1,1,6,1,19,4,-1,-1,-1,1,1,1
2017010038919,1,1,0,18,0,0,0,0,0,0,2,1,6,1,37,7,-1,-1,-1,4,1,4
2017010038919,2,19,0,16,0,0,0,0,0,0,1,1,6,1,-1,-1,1870,2,11,-1,-1,-1
2017010038922,1,1,0,18,0,8,0,0,0,0,1,1,2,1,31,6,-1,-1,-1,6,1,6
2017010038922,2,9,-1,9,0,8,0,0,0,0,4,-1,6,3,-1,-1,-1,-1,-1,-1,-1,-1
2017010038923,1,9,0,18,0,8,0,0,0,0,1,1,6,3,-1,-1,1799,1,11,-1,-1,-1
2017010038923,2,1,0,5,0,8,0,0,1,0,2,1,2,1,40,7,-1,-1,-1,2,1,2
2017010038932,1,8,0,9,0,6,0,0,0,0,1,1,1,1,44,7,1797,8,5,5,1,5
2017010038934,1,9,0,18,0,2,0,0,0,0,1,-1,6,1,-1,-1,1339,8,7,-1,-1,-1
2017010038935,1,3,0,18,0,0,0,0,0,0,1,1,6,1,19,4,124,1,6,7,1,7
2017010038935,2,9,0,18,0,0,0,0,0,0,2,1,1,1,27,6,1968,2,5,4,1,4
2017010038936,1,8,0,7,0,8,0,0,0,0,4,-1,6,3,-1,-1,2499,2,8,-1,-1,-1
2017010038939,1,9,0,4,0,0,0,11,0,0,1,1,6,1,92,11,1386,1,9,9,1,9
2017010038941,1,19,0,18,6,7,0,0,0,0,1,1,2,1,45,7,1560,2,3,3,1,3
2017010038944,1,11,0,3,2,0,0,0,0,0,0,1,1,1,43,7,4462,2,12,5,1,5
2017010038945,1,9,0,5,0,7,0,0,0,0,1,1,6,1,55,8,1998,2,3,1,1,1
2017010038947,1,8,0,5,0,8,0,0,0,0,1,1,6,1,25,5,2776,2,1,4,1,4
2017010038947,2,3,0,18,0,8,2,0,0,0,4,1,6,1,26,6,125,1,6,2,1,2
2017010038948,1,9,0,7,0,8,0,0,0,0,1,1,6,3,-1,-1,-1,-1,-1,-1,-1,-1
2017010038949,1,11,0,7,0,2,0,0,0,0,1,1,1,1,62,9,4500,2,-1,3,1,3
2017010038949,2,9,0,4,0,2,0,0,0,0,2,1,6,2,45,7,1497,8,9,3,1,3
2017010038951,1,9,0,9,0,6,0,0,0,0,1,1,6,1,67,10,1998,1,-1,9,1,9
2017010038951,2,3,0,18,0,8,0,0,0,0,1,1,6,1,27,6,108,1,-1,5,1,5
2017010038954,1,9,0,18,0,1,0,0,0,0,1,1,6,2,44,7,1598,1,12,8,1,8
2017010038954,2,9,0,4,0,1,0,0,0,0,2,1,6,2,24,5,1997,2,1,7,1,7
2017010038955,1,9,0,14,0,0,0,4,0,0,1,1,2,1,34,6,2993,2,6,3,1,3
2017010038955,2,9,0,18,0,0,0,0,0,0,3,1,6,1,67,10,1339,1,11,6,1,6
2017010038955,3,9,0,2,0,0,0,0,0,0,1,1,6,3,-1,-1,2179,2,2,-1,-1,-1
2017010038955,4,9,0,2,0,0,0,0,0,0,2,1,6,3,-1,-1,1596,1,12,-1,-1,-1
2017010038956,1,9,0,18,0,0,0,0,0,0,3,1,6,2,43,7,1596,1,10,1,1,1
2017010038956,2,9,0,13,0,0,0,0,0,0,1,1,6,1,21,5,1998,1,13,6,1,6
2017010038957,1,3,0,18,0,1,0,0,0,0,1,1,2,1,53,8,125,1,8,2,1,2
2017010038957,2,9,0,7,0,5,0,0,0,0,4,1,6,3,-1,-1,-1,-1,-1,-1,-1,-1
2017010038958,1,19,0,4,0,0,0,0,0,0,0,1,1,1,54,8,2143,2,1,5,1,5
2017010038958,2,1,0,15,0,0,0,4,1,0,1,1,2,1,58,9,-1,-1,-1,6,1,6
2017010038960,1,9,0,18,0,0,0,0,0,0,4,1,6,1,43,7,1685,2,2,6,1,6
2017010038961,1,9,0,18,0,0,0,4,0,0,1,1,6,1,22,5,1995,2,4,6,1,6
2017010038961,2,9,0,2,0,0,0,0,0,0,2,1,6,3,-1,-1,1598,2,2,-1,-1,-1
2017010038961,3,9,0,2,0,0,0,0,0,0,1,1,6,3,-1,-1,1781,1,12,-1,-1,-1
2017010038962,1,9,0,4,0,1,0,0,0,0,2,1,6,1,70,10,1685,2,-1,-1,-1,-1
2017010038962,2,9,0,18,0,1,0,0,0,0,1,1,6,1,37,7,1598,1,7,4,1,4
2017010038963,1,9,0,2,0,0,0,0,0,0,2,1,6,3,-1,-1,1124,1,15,-1,-1,-1
2017010038963,2,5,0,4,0,0,2,4,0,0,4,1,6,1,22,5,599,1,11,6,1,6
2017010038966,1,9,0,9,0,2,0,0,0,0,1,1,6,1,28,6,2143,2,5,4,1,4
2017010038967,1,9,0,1,0,8,0,0,0,0,2,1,6,1,28,6,1794,1,15,3,1,3
2017010038967,2,1,0,18,0,1,5,0,0,0,1,1,6,2,30,6,-1,-1,-1,1,1,1
2017010038968,1,9,0,11,0,1,0,10,1,1,4,1,6,1,29,6,1242,1,4,3,1,3
2017010038968,2,8,0,18,0,1,0,0,0,0,1,1,1,1,33,6,1797,8,7,3,1,3
2017010038970,1,9,0,18,0,2,0,0,0,0,0,1,6,2,49,8,-1,3,2,10,1,10
2017010038971,1,9,0,18,0,1,0,0,0,0,1,2,6,3,-1,-1,1995,2,5,-1,-1,-1
2017010038974,1,11,0,17,2,2,0,0,0,0,0,1,1,1,39,7,9360,2,6,2,1,2
2017010038976,1,90,0,18,0,1,0,0,0,0,0,1,1,1,31,6,-1,-1,-1,1,1,1
2017010038976,2,9,0,11,0,1,1,4,1,10,1,1,6,1,-1,-1,1596,1,15,4,1,4
2017010038976,3,9,0,3,0,1,0,0,0,0,2,1,6,2,33,6,1598,1,11,-1,-1,-1
2017010038978,1,9,0,18,0,0,0,0,0,0,1,1,2,1,66,10,2979,1,13,7,1,7
2017010038978,2,1,0,18,0,0,0,0,0,0,1,1,2,1,57,9,-1,-1,-1,2,1,2
2017010038991,1,9,0,18,0,1,0,0,0,0,2,1,6,1,50,8,1797,8,8,3,1,3
2017010038991,2,9,0,18,0,1,0,0,0,0,1,1,6,3,-1,-1,1991,2,9,-1,-1,-1
2017010039001,1,9,0,16,9,0,0,10,7,0,1,2,2,1,69,10,1999,1,2,1,1,1
2017010039001,2,9,0,2,9,0,0,0,0,0,1,2,6,3,-1,-1,1497,8,14,-1,-1,-1
2017010039001,3,9,0,2,9,0,0,0,0,0,1,2,6,3,-1,-1,1497,8,10,-1,-1,-1
2017010039007,1,19,0,6,0,1,0,0,0,0,3,1,2,1,43,7,2198,2,9,8,1,8
2017010039007,2,4,0,18,0,1,0,0,0,0,1,1,2,1,44,7,124,1,4,4,1,4
2017010039009,1,1,-1,5,0,1,-1,-1,0,0,1,1,2,1,52,8,-1,-1,-1,5,1,5
2017010039023,1,1,-1,18,0,8,-1,0,0,0,4,1,6,2,24,5,-1,-1,-1,8,1,8
2017010039023,2,9,0,7,0,8,0,0,0,0,3,-1,6,1,-1,-1,1997,2,5,2,1,2
2017010039026,1,11,0,18,0,1,0,0,0,0,0,1,1,1,56,9,6692,2,7,2,1,2
2017010039028,1,90,0,5,0,8,0,0,0,0,4,1,1,1,54,8,2143,2,5,3,1,3
2017010039028,2,9,0,18,0,8,0,0,0,0,1,1,6,1,37,7,1598,1,1,4,1,4
2017010039029,1,1,0,18,9,0,0,10,0,0,1,1,6,1,15,3,-1,-1,-1,3,1,3
2017010039030,1,9,0,18,0,1,0,0,0,0,1,-1,6,1,60,9,1956,2,4,-1,-1,-1
2017010039030,2,9,0,6,0,2,0,0,0,0,3,-1,6,3,-1,-1,1598,1,14,-1,-1,-1
2017010039041,1,9,-1,-1,-1,-1,-1,-1,-1,-1,-1,-1,6,1,58,9,1794,1,10,6,1,6
2017010039041,2,9,-1,-1,-1,-1,-1,-1,-1,-1,-1,-1,6,1,-1,-1,1995,2,13,-1,-1,-1
2017010039043,1,1,0,18,0,-1,0,0,0,0,3,1,6,1,29,6,-1,-1,-1,2,1,2
2017010039043,2,9,-1,18,-1,-1,-1,0,0,0,4,1,6,3,-1,-1,1398,2,13,-1,-1,-1
2017010039044,1,1,-1,3,-1,-1,-1,0,0,0,-1,1,6,1,35,6,-1,-1,-1,6,1,6
2017010039044,2,9,-1,18,0,1,0,0,0,0,3,1,6,1,76,11,1999,2,1,-1,-1,-1
2017010039046,1,1,0,18,0,1,0,0,0,0,1,1,6,1,27,6,-1,-1,-1,2,1,2
2017010039046,2,9,-1,9,0,6,0,0,0,0,3,-1,6,1,-1,-1,1997,2,1,4,1,4
2017010039053,1,1,0,18,0,1,0,0,0,0,-1,1,6,1,41,7,-1,-1,-1,3,1,3
2017010039053,2,9,0,9,0,1,0,0,0,0,-1,1,6,1,29,6,1590,1,14,2,1,2
2017010039055,1,9,0,18,0,0,0,0,0,0,2,1,2,1,42,7,1896,2,14,2,1,2
2017010039055,2,9,0,18,0,0,0,0,0,0,1,-1,6,1,34,6,2996,1,3,4,1,4
2017010039068,1,1,0,18,0,0,0,0,0,0,4,1,6,1,44,7,-1,-1,-1,8,1,8
2017010039068,2,9,-1,5,0,0,-1,0,0,0,-1,-1,6,1,-1,-1,-1,-1,-1,-1,-1,-1
2017010039070,1,1,0,4,0,1,0,0,0,0,1,1,6,2,71,10,-1,-1,-1,4,1,4
2017010039070,2,9,0,5,0,1,0,0,0,0,1,-1,6,1,-1,-1,1797,8,8,3,1,3
2017010039073,1,1,-1,18,-1,0,0,-1,-1,-1,2,1,6,1,48,8,-1,-1,-1,5,1,5
2017010039075,1,1,0,-1,0,-1,0,0,0,0,-1,1,6,1,33,6,-1,-1,-1,3,1,3
2017010039084,1,9,0,7,0,1,0,0,0,0,2,1,1,1,57,9,2499,2,14,5,1,5
2017010039084,2,5,0,18,0,1,0,0,0,0,1,1,6,1,26,6,955,1,15,-1,-1,-1
2017010039085,1,19,0,3,0,6,0,0,0,0,3,1,1,1,56,9,2198,2,1,8,1,8
2017010039086,1,8,0,-1,0,0,0,-1,-1,-1,-1,-1,6,1,-1,-1,2402,2,14,-1,-1,-1
2017010039092,1,9,-1,18,0,0,-1,0,0,0,2,-1,6,2,34,6,1200,1,1,2,1,2
2017010039092,2,9,-1,18,0,0,-1,0,0,0,1,-1,6,1,-1,-1,-1,-1,-1,-1,-1,-1
2017010039093,1,1,0,18,0,1,0,0,0,0,1,1,6,1,34,6,-1,-1,-1,4,1,4
2017010039093,2,9,0,18,0,1,0,0,0,0,1,-1,6,2,-1,-1,1229,1,7,-1,-1,-1
2017010039100,1,9,-1,18,0,3,0,0,0,0,4,-1,6,1,42,7,1339,1,12,3,1,3
2017010039100,2,9,-1,18,0,4,0,0,0,0,3,-1,6,1,-1,-1,1796,1,12,-1,-1,-1
2017010039103,1,9,-1,-1,-1,-1,-1,-1,-1,-1,-1,-1,6,1,23,5,1995,2,4,2,1,2
2017010039103,2,1,-1,-1,-1,-1,-1,-1,-1,-1,2,1,6,1,51,8,-1,-1,-1,2,1,2
2017010039104,1,5,0,13,0,2,0,0,0,0,1,1,6,2,48,8,998,1,9,-1,-1,-1
2017010039104,2,9,-1,13,0,2,0,0,0,0,1,-1,6,3,-1,-1,-1,-1,-1,-1,-1,-1
2017010039107,1,1,-1,-1,-1,0,-1,-1,-1,-1,-1,1,6,1,46,8,-1,-1,-1,4,1,4
2017010039107,2,11,-1,-1,0,0,-1,-1,0,0,-1,1,6,3,-1,-1,4461,2,3,-1,-1,-1
2017010039112,1,1,-1,18,0,1,-1,0,0,0,1,1,2,2,26,6,-1,-1,-1,4,1,4
2017010039121,1,9,0,4,0,2,0,0,0,0,2,1,1,1,40,7,1984,2,4,7,1,7
2017010039121,2,9,0,5,0,2,0,0,0,0,1,1,1,2,56,9,3199,1,17,5,1,5
2017010039129,1,9,-1,11,0,1,0,0,0,0,4,-1,6,3,-1,-1,-1,-1,-1,-1,-1,-1
2017010039131,1,9,0,18,0,2,0,0,0,0,2,1,6,3,-1,-1,1797,8,5,-1,-1,-1
2017010039136,1,1,-1,-1,-1,-1,-1,-1,-1,-1,-1,1,6,1,57,9,-1,-1,-1,2,1,2