Accident_Index,Vehicle_Reference,Vehicle_Type,Towing_and_Articulation,Vehicle_Manoeuvre,Vehicle_Location-Restricted_Lane,Junction_Location,Skidding_and_Overturning,Hit_Object_in_Carriageway,Vehicle_Leaving_Carriageway,Hit_Object_off_Carriageway,1st_Point_of_Impact,Was_Vehicle_Left_Hand_Drive?,Journey_Purpose_of_Driver,Sex_of_Driver,Age_of_Driver,Age_Band_of_Driver,Engine_Capacity_(CC),Propulsion_Code,Age_of_Vehicle,Driver_IMD_Decile,Driver_Home_Area_Type,Vehicle_IMD_Decile
2017010039533,1,9,0,10,0,8,0,0,0,0,2,1,6,2,53,8,1242,1,13,5,1,5
2017010039533,2,9,0,18,0,8,0,0,0,0,1,1,6,2,26,6,1560,2,7,8,1,8
2017010039534,1,19,0,7,0,8,0,0,0,0,4,1,1,1,40,7,2464,2,10,1,1,1
2017010039535,1,1,0,9,0,8,0,0,0,0,4,1,6,1,23,5,-1,-1,-1,4,1,4
2017010039535,2,4,0,18,0,8,0,0,0,0,1,1,2,1,44,7,656,1,10,5,1,5
2017010039536,1,9,0,18,0,0,0,0,0,0,1,1,6,1,28,6,2993,2,4,6,1,6
2017010039536,2,1,0,18,0,0,0,0,0,0,2,1,6,1,31,6,-1,-1,-1,5,1,5
2017010039537,1,9,0,3,0,1,0,0,0,0,2,2,1,1,31,6,1791,8,5,1,1,1
2017010039537,2,9,0,18,0,1,1,0,0,0,1,1,6,2,29,6,1248,2,6,3,1,3
2017010039538,1,9,0,2,9,1,0,0,0,0,2,1,6,3,-1,-1,-1,-1,-1,-1,-1,-1
2017010039538,2,9,0,7,0,1,0,0,0,0,1,1,6,3,-1,-1,-1,-1,-1,-1,-1,-1
2017010039539,1,11,0,18,0,1,0,0,0,0,4,1,1,1,26,6,9360,2,6,4,1,4
2017010039540,1,9,0,9,0,5,0,0,0,0,4,1,2,1,65,9,2982,2,7,6,1,6
2017010039540,2,2,0,15,0,5,0,0,0,0,4,1,6,1,16,4,49,1,1,-1,-1,-1
2017010039541,1,2,0,18,0,1,0,0,0,0,1,1,6,1,19,4,49,1,18,5,1,5
2017010039541,2,3,0,9,0,5,0,0,0,0,1,1,6,1,18,4,108,1,2,-1,-1,-1
2017010039541,3,4,0,18,0,1,0,0,0,0,1,1,6,1,18,4,151,1,1,7,1,7
2017010039542,1,9,0,18,0,3,0,0,0,0,1,1,2,1,30,6,-1,-1,-1,4,1,4
2017010039542,2,9,0,18,0,3,1,0,0,0,3,1,6,1,36,7,1339,1,8,6,1,6
2017010039544,1,9,0,9,0,8,0,0,0,0,3,1,6,1,33,6,1968,2,7,2,1,2
2017010039544,2,9,0,18,0,8,0,0,0,0,1,2,6,1,52,8,1995,2,13,5,1,5
2017010039546,1,9,0,17,0,6,0,0,0,0,1,1,6,1,32,6,1242,1,8,3,1,3
2017010039548,1,90,0,18,0,0,0,0,0,0,0,1,6,1,42,7,-1,-1,-1,3,1,3
2017010039548,2,5,0,13,0,0,0,10,1,4,1,1,6,1,21,5,-1,-1,-1,5,1,5
2017010039550,1,9,0,5,0,1,0,0,0,0,1,1,6,1,18,4,1461,2,2,7,1,7
2017010039550,2,9,0,18,0,8,0,0,0,0,1,1,6,3,-1,-1,1598,2,1,-1,-1,-1
2017010039555,1,20,0,9,0,6,0,0,0,0,1,1,1,1,54,8,12777,2,10,9,1,9
2017010039555,2,1,0,9,0,8,0,0,0,0,1,1,2,2,27,6,-1,-1,-1,3,1,3
2017010039559,1,9,-1,-1,-1,-1,-1,-1,-1,-1,-1,-1,6,1,60,9,1396,1,12,2,1,2
2017010039559,2,9,-1,-1,-1,-1,-1,-1,-1,-1,-1,-1,6,1,34,6,1560,2,5,6,1,6
2017010039560,1,9,0,12,0,1,0,0,0,0,1,1,1,1,24,5,-1,-1,-1,10,2,10
2017010039560,2,3,0,4,0,1,0,0,0,0,4,1,1,1,34,6,124,1,6,4,1,4
2017010039560,3,9,0,4,0,1,0,0,0,0,4,1,1,1,58,9,-1,-1,-1,2,1,2
2017010039566,1,1,-1,-1,0,1,0,0,0,0,-1,1,6,2,59,9,-1,-1,-1,4,1,4
2017010039566,2,19,-1,7,0,1,0,0,0,0,-1,-1,6,3,-1,-1,-1,-1,-1,-1,-1,-1
2017010039570,1,1,0,18,0,0,1,0,0,0,-1,1,6,1,33,6,-1,-1,-1,10,1,10
2017010039570,2,9,-1,11,0,0,-1,0,0,0,-1,-1,6,3,-1,-1,-1,-1,-1,-1,-1,-1
2017010039575,1,9,0,3,0,3,0,0,0,0,3,-1,2,1,46,8,4196,1,10,8,1,8
2017010039575,2,9,0,11,0,8,0,-1,0,0,-1,-1,6,2,57,9,1299,1,16,8,1,8
2017010039582,1,9,-1,-1,9,-1,-1,-1,-1,-1,-1,-1,6,2,77,11,1242,1,2,-1,-1,-1
2017010039582,2,9,-1,-1,-1,-1,-1,-1,-1,-1,-1,-1,6,3,-1,-1,1984,1,8,-1,-1,-1
2017010039587,1,3,-1,-1,-1,0,-1,-1,-1,-1,-1,1,6,2,50,8,-1,-1,-1,9,1,9
2017010039587,2,9,-1,-1,-1,0,-1,-1,-1,-1,-1,-1,6,1,-1,-1,998,1,15,5,1,5
2017010039590,1,9,0,5,0,1,0,0,0,0,2,1,6,2,21,5,1364,1,10,3,1,3
2017010039590,2,9,0,5,0,1,0,0,0,0,2,1,2,2,51,8,1997,2,6,2,1,2
2017010039590,3,19,0,18,0,1,0,0,0,0,1,1,6,1,42,7,-1,-1,-1,3,1,3
2017010039593,1,3,-1,18,-1,-1,-1,-1,-1,0,0,1,6,1,52,8,942,1,8,6,1,6
2017010039593,2,9,-1,18,-1,-1,-1,-1,-1,-1,0,-1,6,2,-1,-1,1461,2,6,6,1,6
2017010039600,1,1,0,18,0,8,0,0,0,0,1,1,6,2,36,7,-1,-1,-1,2,1,2
2017010039600,2,9,-1,7,0,8,0,0,0,0,3,-1,6,3,-1,-1,-1,-1,-1,-1,-1,-1
2017010039601,1,8,0,6,0,6,0,0,0,0,1,1,1,1,55,8,1798,8,1,2,1,2
2017010039601,2,3,0,18,0,6,0,0,0,0,3,1,6,1,27,6,125,1,4,1,1,1
2017010039603,1,9,0,18,0,8,0,0,0,0,1,-1,6,1,41,7,1390,1,5,9,1,9
2017010039603,2,9,0,9,0,8,0,0,0,0,4,-1,6,2,27,6,1596,1,4,3,1,3
2017010039607,1,9,0,18,0,0,0,0,0,0,4,1,6,2,-1,-1,-1,-1,-1,-1,-1,-1
2017010039612,1,1,0,18,0,0,0,-1,0,0,2,1,6,2,34,6,-1,-1,-1,9,1,9
2017010039613,1,9,0,7,0,1,0,0,0,0,4,1,6,2,22,5,-1,-1,-1,2,1,2
2017010039613,2,1,0,18,0,1,2,0,0,0,1,1,6,1,25,5,-1,-1,-1,3,1,3
2017010039620,1,9,-1,-1,-1,-1,-1,-1,-1,-1,2,-1,6,1,64,9,1242,1,16,6,1,6
2017010039620,2,9,-1,-1,-1,-1,-1,-1,-1,-1,1,-1,6,3,-1,-1,2987,2,12,-1,-1,-1
2017010039624,1,9,0,18,0,1,0,0,0,0,1,1,2,1,35,6,1248,2,12,6,1,6
2017010039624,2,9,0,17,0,1,0,0,0,0,1,1,6,1,74,10,1798,8,3,4,1,4
2017010039624,3,9,0,18,0,2,0,0,0,0,2,1,6,1,24,5,999,1,-1,2,1,2
2017010039629,1,1,-1,5,4,6,-1,-1,-1,-1,1,1,6,1,34,6,-1,-1,-1,3,1,3
2017010039629,2,9,-1,5,0,-1,-1,-1,0,0,2,-1,6,1,27,6,1984,1,1,-1,-1,-1
2017010039630,1,9,-1,-1,-1,0,-1,-1,-1,-1,-1,-1,6,1,-1,-1,-1,-1,-1,-1,-1,-1
2017010039630,2,9,-1,2,-1,0,-1,-1,-1,-1,-1,-1,6,3,-1,-1,1398,1,7,-1,-1,-1
2017010039634,1,1,0,14,0,0,0,0,0,0,3,1,2,1,44,7,-1,-1,-1,9,1,9
2017010039634,2,19,0,4,0,0,0,0,0,0,0,1,6,1,32,6,2148,2,13,3,1,3
2017010039635,1,9,-1,16,-1,-1,-1,-1,-1,-1,-1,-1,2,2,21,5,998,1,5,5,1,5
2017010039635,2,9,-1,-1,-1,-1,-1,-1,-1,-1,-1,-1,6,2,36,7,1796,1,13,3,1,3
2017010039637,1,9,0,3,0,6,0,0,0,0,2,-1,6,2,31,6,1198,1,1,-1,-1,-1
2017010039637,2,9,-1,18,0,6,0,0,0,0,1,-1,6,1,-1,-1,2198,2,11,9,1,9
2017010039642,1,19,0,10,0,8,0,0,0,0,2,1,6,3,-1,-1,-1,-1,-1,-1,-1,-1
2017010039642,2,1,0,18,0,8,0,0,0,0,1,1,6,1,27,6,-1,-1,-1,4,1,4
2017010039645,1,9,0,3,0,1,0,-1,0,0,2,-1,6,2,45,7,1461,2,3,5,1,5
2017010039645,2,19,0,18,0,1,0,-1,0,0,1,-1,6,1,-1,-1,-1,-1,-1,-1,-1,-1
2017010039648,1,9,0,18,0,1,0,0,0,0,1,1,6,1,27,6,1398,1,6,7,1,7
2017010039654,1,9,0,7,4,1,0,0,0,0,4,1,1,2,29,6,1560,2,4,10,1,10
2017010039654,2,1,0,18,4,1,1,0,0,0,1,1,6,2,40,7,-1,-1,-1,4,1,4
2017010039655,1,5,0,18,0,8,0,0,0,0,4,1,2,1,38,7,599,1,9,2,1,2
2017010039655,2,19,0,9,0,8,0,0,0,0,1,1,2,1,50,8,2461,2,7,4,1,4
2017010039658,1,9,0,18,0,8,0,10,1,4,1,1,6,1,64,9,1995,2,12,9,1,9
2017010039658,2,9,0,18,0,8,1,10,3,10,1,1,6,1,21,5,1199,1,13,8,1,8
2017010039661,1,11,0,18,0,0,0,0,0,0,1,1,1,1,58,9,4500,2,7,2,2,2
2017010039663,1,9,0,18,0,0,0,0,0,0,1,1,6,1,51,8,1360,1,11,1,1,1
2017010039663,2,9,0,18,0,0,0,0,0,0,1,1,6,1,26,6,1995,2,10,2,1,2
2017010039665,1,9,-1,18,0,0,0,0,0,0,0,1,6,3,-1,-1,-1,-1,-1,-1,-1,-1
2017010039667,1,3,0,18,0,1,1,0,0,0,1,1,6,1,46,8,125,1,9,2,1,2
2017010039667,2,9,0,5,0,1,0,0,0,0,3,1,6,1,32,6,1596,1,12,3,1,3
2017010039668,1,9,0,18,0,3,0,0,0,0,2,1,6,2,30,6,1390,1,4,8,1,8
2017010039668,2,11,0,18,0,3,0,0,0,0,2,1,6,2,36,7,6692,2,8,-1,-1,-1
2017010039670,1,2,0,5,0,8,0,0,0,0,1,1,2,2,31,6,125,1,-1,9,1,9
2017010039670,2,9,0,18,0,8,0,0,0,0,1,1,6,3,-1,-1,-1,-1,-1,-1,-1,-1
2017010039673,1,9,0,9,0,5,0,0,0,0,4,1,6,1,30,6,1995,1,11,2,1,2
2017010039676,1,9,0,18,0,0,0,0,0,0,4,1,6,1,24,5,1595,1,1,6,1,6
2017010039676,2,9,0,18,0,0,1,0,0,0,4,1,6,2,62,9,1598,2,4,10,1,10
2017010039678,1,4,0,18,0,3,0,0,0,0,3,1,6,1,59,9,459,1,13,7,1,7
2017010039678,2,9,0,9,0,3,0,0,1,0,1,1,6,1,58,9,1461,2,1,9,1,9
2017010039680,1,9,0,3,-1,0,0,0,0,0,2,1,6,1,32,6,1968,2,2,3,1,3
2017010039680,2,9,0,18,-1,0,0,0,0,0,1,1,6,3,-1,-1,998,1,-1,-1,-1,-1
2017010039685,1,9,0,15,0,1,0,0,0,0,1,1,6,1,39,7,1600,1,17,6,1,6
2017010039685,2,9,0,15,0,1,0,0,0,0,1,1,1,2,60,9,1242,1,6,7,1,7
2017010039687,1,19,0,9,0,8,0,0,0,0,3,1,6,1,61,9,2143,2,2,4,1,4
2017010039687,2,4,0,13,0,8,0,0,0,0,4,1,6,1,38,7,124,1,1,4,1,4
2017010039689,1,19,0,6,0,0,0,0,0,0,3,1,6,1,29,6,2143,2,1,4,1,4
2017010039689,2,9,0,18,0,0,0,0,0,0,4,1,6,2,61,9,1797,8,2,10,1,10
2017010039692,1,3,0,5,0,2,0,0,0,0,0,1,2,1,49,8,124,1,12,2,1,2
2017010039693,1,3,0,15,0,1,0,0,0,0,1,1,6,1,32,6,113,1,-1,4,1,4
2017010039693,2,9,0,9,0,6,0,0,0,0,4,1,6,1,57,9,1796,1,13,3,1,3
2017010039694,1,11,0,5,0,2,0,0,0,0,0,1,1,1,34,6,-1,-1,-1,1,1,1
2017010039695,1,9,0,7,0,5,0,0,0,0,2,1,2,1,30,6,998,1,1,7,1,7
2017010039695,2,1,0,5,0,5,0,0,0,0,1,1,6,1,33,6,-1,-1,-1,4,1,4
2017010039696,1,1,0,-1,0,0,0,0,0,0,1,1,6,1,21,5,-1,-1,-1,1,1,1
2017010039696,2,9,0,-1,0,0,0,-1,0,0,-1,-1,6,3,-1,-1,-1,-1,-1,-1,-1,-1
2017010039698,1,9,0,18,0,8,1,10,7,0,2,-1,6,2,50,8,1998,1,13,7,1,7
2017010039698,2,9,0,9,0,8,-1,0,0,0,1,1,6,3,-1,-1,1598,2,-1,-1,-1,-1
2017010039700,1,9,0,18,9,0,0,0,0,0,1,1,6,3,-1,-1,-1,-1,-1,-1,-1,-1
2017010039705,1,19,0,10,0,1,0,0,0,0,0,1,6,1,30,6,1968,2,3,5,1,5
2017010039705,2,1,0,18,0,1,0,0,1,0,0,1,1,1,44,7,-1,-1,-1,3,1,3
2017010039706,1,19,0,-1,0,3,0,0,0,0,-1,-1,6,1,55,8,2402,2,10,2,1,2
2017010039706,2,9,0,-1,0,4,0,-1,0,0,-1,-1,6,3,-1,-1,1598,1,14,-1,-1,-1
2017010039707,1,1,0,17,-1,8,0,0,0,0,1,1,6,1,34,6,-1,-1,-1,3,1,3
2017010039707,2,9,0,9,0,8,0,0,0,0,1,1,6,3,-1,-1,-1,-1,-1,-1,-1,-1
2017010039714,1,11,0,4,0,1,0,0,0,0,0,1,1,1,47,8,7300,2,12,2,1,2
2017010039715,1,3,0,3,0,1,0,0,0,0,4,1,6,1,18,4,-1,-1,-1,-1,-1,-1
2017010039722,1,9,0,18,0,0,0,0,0,0,1,1,6,2,26,6,1999,2,-1,1,1,1
2017010039722,2,1,0,18,0,0,0,0,0,0,3,1,1,1,32,6,-1,-1,-1,5,1,5
2017010039723,1,11,0,18,0,8,0,0,0,0,4,1,1,1,24,5,4500,2,2,8,1,8
2017010039723,2,9,0,10,0,8,0,0,0,0,3,1,6,1,27,6,1390,1,16,3,1,3
2017010039725,1,3,0,15,0,1,0,0,0,0,1,1,6,1,32,6,125,1,6,3,1,3
2017010039725,2,9,0,7,0,5,0,0,1,0,4,1,6,1,17,4,1339,1,14,2,1,2
2017010039725,3,9,0,3,0,1,0,0,0,0,3,1,6,1,32,6,1968,2,1,3,1,3
2017010039726,1,9,0,7,0,3,0,0,0,0,4,1,6,2,27,6,1995,2,6,2,1,2
2017010039726,2,9,0,12,0,3,0,0,0,0,1,1,6,3,-1,-1,2179,2,3,-1,-1,-1
2017010039727,1,3,0,18,0,1,0,0,0,0,4,1,2,1,54,8,124,1,5,7,1,7
2017010039728,1,3,0,5,0,2,0,0,0,0,0,1,6,1,20,4,125,1,7,-1,-1,-1
2017010039728,2,3,0,5,0,1,0,0,0,0,0,1,6,1,20,4,125,1,2,-1,-1,-1
2017010039729,1,9,0,18,0,1,0,0,0,0,0,1,6,2,35,6,1796,1,10,3,1,3
2017010039730,1,9,0,9,2,5,0,0,0,0,0,1,6,2,-1,-1,-1,-1,-1,-1,-1,-1
2017010039730,2,1,0,18,2,1,0,0,0,0,0,1,6,1,30,6,-1,-1,-1,3,1,3
2017010039731,1,9,0,18,0,2,0,0,0,0,1,1,6,2,37,7,1400,1,10,3,1,3
2017010039733,1,9,0,13,0,1,0,0,0,0,0,1,1,1,37,7,2993,2,2,3,1,3
2017010039733,2,9,0,13,0,8,1,0,0,0,1,1,1,1,44,7,2993,2,2,3,1,3
2017010039733,3,9,0,9,0,8,1,0,0,0,3,1,6,1,41,7,2993,2,5,6,1,6
2017010039734,1,8,0,18,0,1,0,0,0,0,1,1,1,1,42,7,-1,3,1,3,1,3
2017010039736,1,9,0,3,0,0,0,0,0,0,1,1,6,1,37,7,2967,2,7,5,1,5
2017010039736,2,9,0,3,0,0,0,0,0,0,1,1,6,1,34,6,1461,2,10,2,1,2
2017010039737,1,3,0,5,0,0,2,0,7,10,1,1,6,2,53,8,124,1,8,6,1,6
2017010039738,1,9,0,4,2,8,0,0,0,0,3,1,6,1,75,10,1590,1,14,8,1,8
2017010039738,2,19,0,18,0,1,0,0,0,0,0,1,6,1,38,7,2287,2,3,-1,-1,-1
2017010039738,3,9,0,3,0,8,0,0,0,0,0,1,1,1,25,5,998,1,2,9,3,9
2017010039739,1,11,0,18,0,2,0,0,0,0,0,1,1,1,42,7,4462,2,6,6,1,6
2017010039740,1,11,0,4,0,4,0,0,0,0,0,1,1,1,66,10,3900,2,11,3,1,3
2017010039741,1,9,0,5,0,3,0,0,0,0,1,1,6,1,19,4,1388,1,8,4,1,4
2017010039742,1,3,0,3,0,1,0,0,0,0,3,1,2,1,21,5,-1,-1,-1,4,1,4
2017010039742,2,9,0,18,0,1,0,0,0,0,4,1,6,1,-1,-1,1968,2,9,5,1,5
2017010039743,1,9,0,9,0,8,0,0,0,0,4,1,6,1,66,10,1582,2,2,7,1,7
2017010039743,2,1,0,18,0,1,5,0,0,0,1,1,6,1,35,6,-1,-1,-1,-1,-1,-1
2017010039744,1,9,0,7,0,8,0,0,0,0,3,1,1,1,48,8,1998,2,12,2,1,2
2017010039745,1,9,0,18,0,2,0,0,0,0,1,1,6,1,28,6,1198,1,9,4,1,4
2017010039745,2,5,0,18,0,1,0,0,0,0,3,1,6,1,46,8,900,1,18,6,1,6
2017010039746,1,9,0,18,0,0,0,0,0,0,0,1,6,3,-1,-1,-1,-1,-1,-1,-1,-1
2017010039746,2,1,0,18,0,0,0,0,0,0,1,1,6,1,39,7,-1,-1,-1,5,1,5
2017010039747,1,11,0,18,0,0,0,0,0,0,0,1,1,1,20,4,6700,2,5,6,1,6
2017010039749,1,9,-1,-1,0,1,-1,-1,-1,-1,-1,-1,6,3,-1,-1,-1,-1,-1,-1,-1,-1
2017010039750,1,9,0,9,0,2,0,0,0,0,1,1,6,3,-1,-1,1499,1,2,-1,-1,-1
2017010039751,1,9,0,18,0,1,0,0,0,0,1,1,6,2,37,7,1791,8,6,4,1,4
2017010039752,1,9,0,9,0,1,0,0,0,0,1,1,6,1,36,7,2922,1,14,1,1,1
2017010039752,2,1,0,18,0,8,0,0,0,0,1,1,6,2,49,8,-1,-1,-1,3,1,3
2017010039753,1,11,0,10,0,1,0,0,0,0,0,1,6,2,26,6,9360,2,6,3,1,3
2017010039754,1,3,0,9,0,8,0,0,0,0,4,1,1,1,41,7,125,1,5,4,1,4
2017010039754,2,9,0,9,0,5,0,0,0,0,3,1,6,2,39,7,1598,1,8,7,1,7
2017010039754,3,19,0,18,0,6,0,0,0,0,0,1,6,1,37,7,2298,2,2,-1,-1,-1
2017010039755,1,9,0,10,0,5,0,0,0,0,2,1,6,2,27,6,2494,1,15,2,1,2
2017010039755,2,9,0,18,0,1,0,0,0,0,1,1,6,2,22,5,898,1,1,4,1,4
2017010039756,1,8,0,5,0,8,0,0,0,0,1,1,1,1,43,7,2148,2,6,5,1,5
2017010039756,2,1,0,5,0,1,0,4,0,0,1,1,6,2,42,7,-1,-1,-1,3,1,3
2017010039758,1,19,0,4,0,0,0,0,0,0,2,1,1,1,59,9,2287,2,2,3,1,3
2017010039758,2,9,0,4,0,0,0,0,0,0,2,1,6,1,50,8,1900,2,18,3,1,3
2017010039758,3,9,0,4,0,0,0,0,0,0,2,1,2,1,36,7,1598,2,1,5,1,5
2017010039758,4,19,0,18,0,0,0,0,0,0,1,1,6,1,24,5,2298,2,5,3,1,3
2017010039759,1,9,0,9,0,0,0,0,0,0,3,1,2,1,29,6,1997,2,1,6,1,6
2017010039759,2,3,0,14,0,0,0,0,0,0,1,1,6,1,54,8,124,1,9,9,3,9
2017010039761,1,9,0,5,0,6,0,0,0,0,1,1,2,1,59,9,1769,1,12,2,1,2
2017010039761,2,1,0,18,0,6,0,0,0,0,4,1,2,1,28,6,-1,-1,-1,5,1,5
2017010039762,1,9,0,16,0,0,1,0,0,0,1,1,6,1,28,6,1781,1,28,9,1,9
2017010039762,2,9,0,18,0,0,0,0,0,0,1,1,1,2,33,6,1197,1,-1,10,1,10
2017010039763,1,9,0,5,0,8,0,0,0,0,1,1,6,2,62,9,1497,1,11,5,1,5
2017010039763,2,9,0,18,0,8,0,0,0,0,4,1,6,1,31,6,1395,8,1,3,1,3
2017010039766,1,19,0,7,0,5,0,0,0,0,4,1,2,1,28,6,2402,2,8,7,2,7
2017010039766,2,1,0,18,0,8,0,0,0,0,1,1,6,1,30,6,-1,-1,-1,7,1,7
2017010039768,1,9,0,7,0,5,0,10,0,0,1,1,6,1,56,9,1299,1,14,-1,-1,-1
2017010039769,1,9,0,18,0,2,0,0,0,0,1,1,6,1,25,5,1997,1,2,6,1,6
2017010039771,1,8,0,6,0,0,0,0,0,0,3,2,1,1,42,7,1896,2,8,2,1,2
2017010039771,2,4,0,13,0,0,1,0,0,0,1,1,6,1,35,6,124,1,1,7,1,7
2017010039772,1,9,0,5,0,8,0,0,0,0,1,1,6,1,25,5,2143,2,-1,2,1,2
2017010039772,2,9,0,9,0,8,0,0,0,0,4,1,6,1,23,5,1598,2,4,3,1,3
2017010039774,1,9,0,17,0,8,0,0,0,0,3,1,6,1,36,7,1956,2,6,1,1,1
2017010039774,2,9,0,18,0,8,0,0,1,10,1,1,1,1,66,10,999,1,6,-1,-1,-1
2017010039775,1,9,0,4,0,2,0,0,0,0,2,1,6,1,41,7,1997,2,5,2,1,2
2017010039776,1,9,0,6,0,0,0,0,0,0,3,1,6,1,35,6,1895,1,16,5,1,5
2017010039776,2,3,0,13,0,0,5,0,0,0,1,1,6,1,35,6,125,1,2,-1,-1,-1
2017010039777,1,9,0,18,0,0,0,4,0,0,1,1,6,1,23,5,1398,1,3,3,1,3
2017010039777,2,9,0,2,0,0,0,4,0,0,4,1,6,3,-1,-1,1360,1,10,-1,-1,-1
2017010039777,3,9,0,2,0,0,0,0,0,0,1,1,6,3,-1,-1,1968,2,3,-1,-1,-1
2017010039777,4,9,0,15,0,0,0,0,0,0,0,1,6,3,-1,-1,-1,-1,-1,-1,-1,-1
2017010039781,1,9,0,18,0,0,0,0,0,0,2,1,6,1,39,7,1896,2,13,2,1,2
2017010039781,2,9,0,18,0,0,0,0,0,0,1,1,6,2,-1,-1,1400,1,11,2,1,2
2017010039783,1,9,0,18,9,1,0,10,1,10,1,1,6,2,24,5,1368,1,7,2,1,2
2017010039786,1,9,0,18,0,8,0,0,0,0,1,1,3,1,41,7,2993,2,11,1,1,1
2017010039793,1,1,0,18,0,0,0,0,0,0,1,1,6,1,16,4,-1,-1,-1,10,1,10
2017010039793,2,9,0,18,0,0,0,0,0,0,1,1,6,2,-1,-1,1686,2,6,-1,-1,-1
2017010039797,1,3,0,18,2,2,0,0,0,0,3,1,1,1,34,6,124,1,6,3,1,3
2017010039797,2,19,0,13,0,2,0,0,0,0,4,1,6,3,-1,-1,2143,2,1,-1,-1,-1
2017010039799,1,9,-1,18,0,0,0,0,0,0,4,-1,6,3,-1,-1,-1,-1,-1,-1,-1,-1
2017010039804,1,9,0,3,0,4,0,0,0,0,2,-1,6,1,38,7,1997,2,2,5,1,5
2017010039804,2,9,0,18,0,4,0,0,0,0,1,-1,6,3,-1,-1,-1,-1,-1,-1,-1,-1
2017010039810,1,9,0,5,0,8,0,0,0,0,1,1,2,1,38,7,1796,1,10,8,1,8
2017010039810,2,1,0,18,0,8,0,0,0,0,1,1,2,1,38,7,-1,-1,-1,10,1,10
2017010039823,1,9,0,18,0,1,-1,0,0,0,3,-1,6,1,42,7,1364,2,12,3,1,3
2017010039823,2,9,0,18,0,1,-1,0,0,0,4,-1,6,3,-1,-1,1997,2,13,-1,-1,-1
2017010039828,1,9,0,2,0,1,0,0,0,0,1,-1,6,3,-1,-1,1229,1,4,-1,-1,-1
2017010039828,2,9,0,1,0,1,0,0,0,0,2,-1,6,2,-1,-1,1198,1,1,-1,-1,-1
2017010039833,1,1,0,13,0,1,0,0,0,0,1,1,1,1,33,6,-1,-1,-1,7,1,7
2017010039842,1,11,0,4,0,2,0,0,0,0,1,1,1,1,36,7,4500,2,7,2,1,2
2017010039842,2,9,0,3,0,2,0,0,0,0,2,1,6,1,57,9,1995,1,14,-1,-1,-1
2017010039848,1,19,0,7,0,1,0,0,0,0,1,1,1,1,36,7,-1,-1,-1,2,1,2
2017010039853,1,9,0,18,0,0,0,0,0,0,1,1,6,1,37,7,2204,2,12,-1,-1,-1
2017010039855,1,9,0,7,0,1,0,0,0,0,1,1,6,1,65,9,1995,2,2,6,1,6
2017010039855,2,1,0,18,0,1,0,0,0,0,1,1,2,1,22,5,-1,-1,-1,2,1,2
2017010039863,1,9,0,4,0,1,0,0,0,0,2,1,2,2,56,9,1149,1,3,8,1,8
2017010039863,2,3,0,18,0,1,0,0,0,0,1,1,2,1,38,7,108,1,1,4,1,4
2017010039865,1,9,0,14,0,1,0,0,0,0,4,1,6,1,42,7,1598,2,3,10,1,10
2017010039868,1,9,0,18,0,1,0,0,0,0,2,-1,6,1,28,6,1560,2,4,3,1,3
2017010039868,2,9,0,18,0,1,0,0,0,0,1,-1,6,3,-1,-1,1956,2,6,-1,-1,-1
2017010039869,1,9,0,9,0,8,0,0,0,0,4,-1,6,3,-1,-1,-1,-1,-1,-1,-1,-1
2017010039869,2,1,0,-1,0,8,0,0,0,0,4,1,2,1,36,7,-1,-1,-1,1,1,1
2017010039870,1,9,-1,18,0,8,0,0,0,0,4,-1,1,1,31,6,2143,2,3,8,1,8
2017010039870,2,9,-1,12,-1,-1,-1,-1,-1,-1,3,-1,6,1,-1,-1,2000,1,12,-1,-1,-1
2017010039874,1,9,0,9,0,1,0,0,0,0,2,1,3,2,36,7,-1,-1,-1,4,1,4
2017010039875,1,9,0,9,0,8,0,0,0,0,1,1,6,1,58,9,1998,1,15,3,1,3
2017010039876,1,9,0,18,0,0,0,0,0,0,1,1,2,2,33,6,1995,2,7,1,1,1
2017010039878,1,1,0,18,0,0,0,0,0,0,-1,1,2,1,18,4,-1,-1,-1,2,1,2
2017010039878,2,9,0,18,0,0,0,0,0,0,-1,-1,6,3,-1,-1,-1,-1,-1,-1,-1,-1
2017010039879,1,19,0,9,0,1,0,0,0,0,1,1,1,1,49,8,1461,2,6,4,1,4
2017010039879,2,1,0,5,3,1,0,0,1,0,3,1,6,1,20,4,-1,-1,-1,4,1,4
2017010039880,1,5,0,4,0,8,1,0,0,0,0,1,6,1,38,7,998,1,8,2,1,2
2017010039881,1,9,-1,-1,-1,-1,-1,-1,-1,0,-1,-1,6,3,-1,-1,1685,2,5,-1,-1,-1
2017010039885,1,1,0,18,0,8,5,0,0,0,4,1,6,1,28,6,-1,-1,-1,7,1,7
2017010039885,2,9,0,18,0,8,0,0,0,0,1,-1,6,1,48,8,1968,2,5,1,1,1
2017010039889,1,11,0,5,2,1,0,0,0,0,0,1,1,1,30,6,5132,2,1,6,1,6
2017010039890,1,9,0,18,0,0,0,0,0,0,3,1,6,2,74,10,1769,1,15,2,1,2
2017010039890,2,5,0,18,0,0,2,0,0,0,1,1,6,1,27,6,806,1,1,1,1,1
2017010039893,1,9,0,18,0,3,0,0,0,0,3,1,2,1,30,6,1598,2,1,7,1,7
2017010039893,2,9,0,18,0,3,0,0,0,0,3,1,6,3,-1,-1,-1,-1,-1,-1,-1,-1
2017010039897,1,9,0,18,0,1,0,0,0,0,1,1,6,1,89,11,1596,1,12,3,1,3
2017010039904,1,11,0,18,2,1,0,0,0,0,0,1,1,1,32,6,7300,2,11,-1,-1,-1