Accident_Index,Vehicle_Reference,Vehicle_Type,Towing_and_Articulation,Vehicle_Manoeuvre,Vehicle_Location-Restricted_Lane,Junction_Location,Skidding_and_Overturning,Hit_Object_in_Carriageway,Vehicle_Leaving_Carriageway,Hit_Object_off_Carriageway,1st_Point_of_Impact,Was_Vehicle_Left_Hand_Drive?,Journey_Purpose_of_Driver,Sex_of_Driver,Age_of_Driver,Age_Band_of_Driver,Engine_Capacity_(CC),Propulsion_Code,Age_of_Vehicle,Driver_IMD_Decile,Driver_Home_Area_Type,Vehicle_IMD_Decile
2017010039909,1,4,0,18,0,0,0,0,0,0,1,1,2,1,34,6,1000,1,9,3,1,3
2017010039909,2,4,0,9,0,0,0,0,0,0,3,1,6,1,45,7,1261,1,12,1,1,1
2017010039918,1,3,-1,18,-1,-1,-1,-1,-1,-1,-1,1,6,1,24,5,125,1,1,2,1,2
2017010039919,1,2,0,5,0,7,0,0,1,0,1,1,2,1,45,7,-1,-1,-1,4,1,4
2017010039920,1,9,0,4,0,2,0,0,0,0,1,1,3,2,42,7,999,1,1,3,1,3
2017010039921,1,11,0,18,0,1,0,0,0,0,0,1,1,1,-1,-1,4461,2,4,6,1,6
2017010039933,1,9,0,5,0,5,0,0,0,0,1,1,6,2,47,8,1587,1,13,4,1,4
2017010039933,2,1,0,18,0,1,0,0,0,0,1,1,1,2,52,8,-1,-1,-1,4,1,4
2017010039934,1,9,0,18,0,0,0,0,0,0,2,1,1,1,41,7,1398,1,2,7,1,7
2017010039934,2,9,0,13,0,0,0,0,0,0,1,1,6,2,-1,-1,1968,2,12,1,1,1
2017010039937,1,9,0,9,0,1,0,0,0,0,0,1,6,1,86,11,1339,1,13,9,1,9
2017010039937,2,9,0,18,0,8,0,0,0,0,2,1,6,2,45,7,1560,2,10,3,1,3
2017010039938,1,19,-1,-1,-1,-1,-1,-1,-1,0,-1,-1,6,3,-1,-1,-1,-1,-1,-1,-1,-1
2017010039939,1,19,0,5,0,2,0,0,0,0,4,1,1,1,59,9,1686,2,14,2,1,2
2017010039940,1,19,0,14,0,0,0,0,0,0,4,1,6,1,71,10,2198,2,9,2,1,2
2017010039942,1,9,0,-1,-1,-1,-1,-1,-1,0,-1,-1,6,2,33,6,1685,2,4,1,1,1
2017010039943,1,9,0,3,0,1,0,0,0,0,3,1,6,2,31,6,1995,1,14,2,1,2
2017010039943,2,3,0,13,0,1,1,0,0,0,3,1,6,1,22,5,124,1,15,-1,-1,-1
2017010039944,1,19,0,12,0,1,0,0,0,0,3,1,6,1,43,7,1598,2,2,6,1,6
2017010039944,2,3,0,18,0,1,0,0,0,0,4,1,6,1,34,6,108,1,8,-1,-1,-1
2017010039946,1,9,0,18,0,8,0,0,0,0,3,1,6,1,29,6,1598,2,5,4,1,4
2017010039946,2,19,0,5,0,8,0,0,0,0,1,1,6,1,47,8,2977,2,7,10,1,10
2017010039947,1,9,0,9,0,8,0,0,0,0,1,1,6,2,22,5,1590,1,13,2,1,2
2017010039947,2,9,0,18,0,8,0,0,0,0,1,1,6,1,34,6,2143,2,1,3,1,3
2017010039948,1,9,0,7,0,5,0,0,0,0,4,1,1,1,50,8,1797,8,7,2,1,2
2017010039948,2,1,0,18,0,1,0,0,0,0,1,1,2,1,38,7,-1,-1,-1,5,1,5
2017010039949,1,9,0,4,0,0,0,0,0,0,2,1,6,1,49,8,1685,2,-1,-1,-1,-1
2017010039949,2,9,0,4,0,0,0,0,0,0,1,1,6,1,54,8,1598,1,12,7,1,7
2017010039949,3,9,0,4,0,0,0,0,0,0,3,1,6,2,24,5,1968,2,6,3,1,3
2017010039950,1,9,0,6,0,0,0,0,0,0,3,1,1,1,22,5,-1,-1,-1,4,1,4
2017010039950,2,3,0,13,0,0,0,0,0,0,1,1,6,1,17,4,124,1,8,2,1,2
2017010039951,1,19,0,5,0,2,0,0,0,0,1,1,1,1,26,6,2198,2,2,10,1,10
2017010039952,1,11,0,7,0,1,0,0,0,0,1,1,1,1,32,6,5132,2,1,5,1,5
2017010039953,1,3,0,18,0,1,0,0,0,0,1,1,6,1,32,6,124,1,6,1,1,1
2017010039954,1,4,0,9,0,2,0,0,0,0,2,1,6,2,33,6,124,1,11,2,1,2
2017010039954,2,9,0,18,0,2,0,0,0,0,1,1,6,1,-1,-1,2000,2,11,3,1,3
2017010039955,1,9,0,5,0,1,0,0,0,0,4,1,6,2,24,5,1598,1,12,4,1,4
2017010039955,2,9,0,18,0,8,0,0,0,0,1,1,6,1,24,5,1995,2,4,8,1,8
2017010039956,1,9,0,18,0,0,1,0,0,0,1,1,6,1,-1,-1,-1,-1,-1,-1,-1,-1
2017010039957,1,9,0,5,0,0,0,0,0,0,1,1,6,1,71,10,1596,1,15,6,1,6
2017010039957,2,9,0,2,0,0,0,0,0,0,2,1,6,3,-1,-1,1995,2,3,-1,-1,-1
2017010039960,1,9,0,18,0,8,0,0,0,0,4,1,6,3,-1,-1,-1,-1,-1,-1,-1,-1
2017010039960,2,1,0,5,0,8,0,0,0,0,1,1,6,1,12,3,-1,-1,-1,3,1,3
2017010039961,1,9,0,9,0,2,0,0,0,0,1,1,6,2,18,4,1364,1,8,7,1,7
2017010039961,2,19,0,3,0,1,0,0,0,0,3,1,6,1,39,7,2143,2,5,2,1,2
2017010039962,1,9,0,17,0,2,0,0,0,0,1,1,6,2,39,7,1598,1,11,10,1,10
2017010039962,2,9,0,16,0,1,0,0,0,0,3,1,6,1,32,6,1997,1,1,3,1,3
2017010039963,1,9,0,18,9,2,0,0,0,0,0,1,6,2,35,6,2143,2,-1,10,1,10
2017010039963,2,2,0,18,9,1,0,0,0,0,0,1,6,1,35,6,125,1,2,2,1,2
2017010039964,1,9,0,4,0,0,0,0,0,0,4,2,1,1,16,4,1968,2,10,8,1,8
2017010039965,1,9,0,18,0,1,0,0,0,0,1,1,6,3,-1,-1,-1,-1,-1,-1,-1,-1
2017010039966,1,9,0,5,9,0,0,0,0,0,1,1,6,3,-1,-1,1798,1,11,-1,-1,-1
2017010039968,1,1,0,16,0,3,0,0,0,0,0,1,6,1,48,8,-1,-1,-1,5,1,5
2017010039969,1,8,0,3,0,1,0,8,0,0,4,1,1,1,-1,-1,-1,-1,-1,-1,-1,-1
2017010039971,1,9,0,9,0,1,0,0,0,0,1,1,1,1,48,8,1968,2,3,7,1,7
2017010039971,2,1,0,18,0,8,0,0,0,0,1,1,6,2,26,6,-1,-1,-1,2,1,2
2017010039973,1,19,0,3,0,2,0,0,0,0,2,1,2,1,34,6,2198,2,1,3,1,3
2017010039973,2,9,0,5,0,2,0,0,0,0,1,1,6,1,46,8,1364,1,9,2,1,2
2017010039973,3,9,0,3,0,2,0,0,0,0,0,1,2,2,55,8,1997,2,12,4,1,4
2017010039974,1,5,0,13,0,8,0,0,0,0,1,1,2,1,35,6,599,1,5,10,1,10
2017010039974,2,9,0,6,0,8,0,0,0,0,3,1,1,2,32,6,1398,1,2,7,1,7
2017010039975,1,4,0,13,2,2,0,0,0,0,4,1,6,1,30,6,-1,-1,-1,4,1,4
2017010039976,1,3,0,18,0,8,0,0,0,0,1,1,6,1,37,7,-1,-1,-1,4,1,4
2017010039976,2,8,0,10,0,1,0,0,0,0,1,1,1,1,58,9,1798,8,1,1,1,1
2017010039978,1,9,0,18,0,8,0,0,0,0,1,1,6,2,34,6,1149,1,12,7,1,7
2017010039978,2,8,0,18,0,8,0,0,0,0,3,1,6,1,42,7,1797,8,7,2,1,2
2017010039979,1,9,0,10,0,1,0,0,0,0,4,1,1,1,44,7,-1,-1,-1,3,1,3
2017010039980,1,9,0,18,0,0,0,0,0,0,1,1,6,3,-1,-1,-1,-1,-1,-1,-1,-1
2017010039981,1,8,0,6,0,0,0,0,0,0,3,1,1,1,35,6,2499,2,2,5,1,5
2017010039981,2,3,0,14,0,0,0,0,0,0,1,1,1,1,25,5,108,1,3,3,1,3
2017010039984,1,9,0,10,0,8,0,0,0,0,1,1,6,1,55,8,1360,1,14,10,1,10
2017010039984,2,3,0,14,0,8,0,0,0,0,1,1,6,1,21,5,125,1,8,2,1,2
2017010039985,1,3,0,18,0,1,0,0,0,0,1,1,6,1,32,6,125,1,2,3,1,3
2017010039985,2,9,0,18,0,1,0,0,0,0,1,1,6,2,28,6,998,1,12,2,1,2
2017010039986,1,11,0,18,2,1,0,0,0,0,1,1,6,1,30,6,4250,2,7,9,1,9
2017010039986,2,9,0,18,0,1,0,0,0,0,2,1,1,1,31,6,1984,1,6,7,1,7
2017010039987,1,11,0,18,0,1,0,0,0,0,0,1,1,1,31,6,6692,2,8,1,1,1
2017010039988,1,9,0,4,0,8,0,0,0,0,2,1,6,1,30,6,1598,1,4,8,1,8
2017010039988,2,9,0,4,0,8,0,0,0,0,2,1,6,1,27,6,1229,1,2,6,1,6
2017010039988,3,8,0,4,0,8,0,0,0,0,1,1,1,1,27,6,2499,2,4,5,1,5
2017010039990,1,5,0,13,0,0,2,11,1,2,1,1,6,1,19,4,599,1,12,5,1,5
2017010039991,1,9,0,18,0,4,0,0,0,0,4,1,6,2,71,10,1595,1,8,9,1,9
2017010039991,2,9,0,18,0,4,0,0,0,0,1,1,6,1,51,8,1329,1,4,7,1,7
2017010039992,1,9,0,4,0,4,0,0,0,0,2,1,6,2,67,10,1796,1,17,10,1,10
2017010039992,2,9,0,3,0,4,0,0,0,0,1,1,6,3,-1,-1,-1,-1,-1,-1,-1,-1
2017010039994,1,9,0,11,0,0,0,0,0,0,1,1,6,1,26,6,2698,2,9,2,1,2
2017010039995,1,9,0,18,0,2,0,0,0,0,1,1,6,1,20,4,1596,1,5,1,1,1
2017010039997,1,9,0,18,0,1,0,0,0,0,1,1,6,1,18,4,2143,2,3,-1,-1,-1
2017010039998,1,9,0,18,0,2,0,7,0,0,1,1,6,2,44,7,1364,2,10,6,1,6
2017010040000,1,9,0,16,0,2,0,0,0,0,2,1,6,1,36,7,2993,2,5,3,1,3
2017010040000,2,9,0,16,0,2,0,0,0,0,1,1,6,3,-1,-1,1781,1,14,-1,-1,-1
2017010040001,1,3,0,14,0,1,0,0,0,0,1,1,6,1,17,4,125,1,-1,4,1,4
2017010040002,1,3,0,7,0,2,1,0,0,0,4,1,6,1,21,5,124,1,22,-1,-1,-1
2017010040002,2,9,0,18,0,1,0,0,0,0,0,1,1,1,39,7,1984,2,3,-1,-1,-1
2017010040003,1,9,0,17,0,8,0,0,0,0,1,1,1,1,50,8,1396,1,13,3,1,3
2017010040003,2,9,0,4,0,8,0,0,0,0,2,1,2,2,22,5,1598,1,7,5,1,5
2017010040003,3,9,0,8,0,1,0,0,0,0,0,1,6,1,27,6,999,1,1,-1,-1,-1
2017010040004,1,8,0,18,0,0,0,0,1,4,4,2,1,1,42,7,1798,8,5,8,1,8
2017010040005,1,9,0,15,0,0,0,10,0,0,1,1,6,1,19,4,1149,1,7,9,1,9
2017010040005,2,9,0,9,0,0,0,0,0,0,4,2,6,1,40,7,1364,1,2,2,1,2
2017010040006,1,9,0,5,0,0,0,0,0,0,2,1,6,2,61,9,1997,2,9,2,1,2
2017010040006,2,9,0,5,0,0,0,0,0,0,1,1,2,2,51,8,1598,1,8,3,1,3
2017010040007,1,9,0,18,0,8,1,0,0,0,1,1,6,1,60,9,-1,-1,-1,9,1,9
2017010040007,2,9,0,18,0,8,0,0,0,0,1,1,6,1,36,7,1686,2,5,7,1,7
2017010040008,1,9,0,6,0,0,0,0,0,0,1,1,6,1,32,6,1968,2,8,2,1,2
2017010040008,2,3,0,18,0,0,0,0,0,0,1,1,2,1,57,9,-1,-1,-1,4,1,4
2017010040009,1,9,0,18,0,2,0,0,0,0,2,1,6,1,49,8,1998,1,14,3,1,3
2017010040009,2,19,0,3,0,2,0,0,0,0,1,1,1,1,41,7,1598,2,10,7,1,7
2017010040011,1,1,0,5,0,1,0,0,0,0,1,1,6,1,52,8,-1,-1,-1,4,1,4
2017010040011,2,19,0,7,0,1,0,0,0,0,1,1,6,1,67,10,1560,2,4,-1,-1,-1
2017010040012,1,9,0,3,0,1,0,0,0,0,2,1,6,2,19,4,1360,1,10,3,1,3
2017010040012,2,9,0,3,0,1,0,4,0,0,2,2,6,1,47,8,-1,-1,-1,-1,-1,-1
2017010040012,3,9,0,4,0,1,0,4,0,0,1,1,6,1,18,4,1299,1,15,4,1,4
2017010040014,1,19,0,1,0,1,0,0,0,0,2,1,1,1,49,8,2148,2,13,1,1,1
2017010040016,1,9,0,3,0,1,0,0,0,0,2,1,6,1,49,8,1497,8,9,2,1,2
2017010040016,2,1,0,18,0,1,0,0,0,0,1,1,6,1,25,5,-1,-1,-1,5,1,5
2017010040017,1,9,0,9,0,0,0,0,0,0,3,1,6,1,52,8,1398,1,-1,3,1,3
2017010040017,2,5,0,18,0,0,0,0,0,0,1,1,6,1,24,5,599,1,-1,2,1,2
2017010040018,1,9,0,3,0,1,0,0,0,0,1,1,6,2,55,8,1998,1,15,5,1,5
2017010040018,2,9,0,4,0,1,0,0,0,0,2,1,6,2,66,10,1496,1,-1,10,1,10
2017010040018,3,9,0,4,0,1,0,0,0,0,2,1,6,1,49,8,1997,2,4,2,1,2
2017010040019,1,9,0,18,0,8,0,0,0,0,3,1,6,1,50,8,5000,1,7,4,1,4
2017010040019,2,9,0,9,0,8,0,0,0,0,1,1,6,1,50,8,2268,2,3,3,1,3
2017010040020,1,11,0,18,0,0,0,0,0,0,0,1,1,2,26,6,9360,2,7,6,1,6
2017010040021,1,11,0,4,0,0,0,0,0,0,0,1,1,1,59,9,5132,2,2,5,1,5
2017010040022,1,11,0,5,0,0,0,0,0,0,0,1,1,1,56,9,4500,2,3,2,1,2
2017010040024,1,9,0,18,0,8,0,0,0,0,1,1,6,2,22,5,998,1,11,5,1,5
2017010040025,1,9,0,3,0,1,0,0,0,0,2,1,6,1,37,7,2993,2,6,4,1,4
2017010040025,2,11,0,18,0,1,0,0,0,0,1,1,1,1,24,5,-1,-1,-1,8,1,8
2017010040029,1,9,0,4,0,1,0,0,0,0,0,1,6,1,39,7,1200,1,2,1,1,1
2017010040029,2,9,0,4,0,1,0,0,0,0,2,1,6,1,30,6,1596,1,10,-1,-1,-1
2017010040030,1,9,0,9,0,5,0,0,0,0,3,1,6,1,25,5,1995,2,10,4,1,4
2017010040030,2,3,0,13,0,1,0,0,0,0,1,1,1,1,35,6,108,1,2,8,1,8
2017010040031,1,9,0,18,0,1,0,0,0,0,2,1,6,1,31,6,-1,-1,-1,4,1,4
2017010040031,2,9,0,5,0,2,0,0,0,0,0,1,6,2,54,8,1596,1,11,6,1,6
2017010040035,1,9,0,3,0,1,0,0,0,0,2,1,6,1,31,6,1396,1,3,1,1,1
2017010040035,2,9,0,4,0,1,0,0,0,0,1,1,6,1,26,6,1598,2,3,2,1,2
2017010040035,3,8,0,3,0,1,0,0,0,0,2,1,6,1,50,8,1968,2,3,5,1,5
2017010040037,1,8,0,18,0,6,0,0,0,0,1,1,1,1,54,8,2402,2,15,3,1,3
2017010040037,2,9,0,5,0,6,0,0,0,0,1,1,1,1,37,7,1598,2,3,3,1,3
2017010040038,1,9,0,18,0,8,0,0,0,0,4,1,6,2,42,7,1580,8,-1,9,1,9
2017010040039,1,9,0,1,9,0,0,0,0,0,2,1,6,2,45,7,-1,-1,-1,3,1,3
2017010040040,1,9,0,18,0,0,0,10,5,6,2,1,6,1,27,6,1984,1,10,5,1,5
2017010040040,2,9,0,15,0,0,0,0,1,0,1,1,6,3,-1,-1,1242,1,15,-1,-1,-1
2017010040041,1,9,0,18,0,4,5,0,1,7,1,1,6,2,61,9,1796,1,11,4,1,4
2017010040043,1,9,0,5,0,5,0,0,0,0,4,1,6,1,28,6,-1,-1,-1,5,1,5
2017010040043,2,2,0,18,0,2,0,0,0,0,1,1,6,1,23,5,125,1,3,-1,-1,-1
2017010040044,1,9,0,1,0,1,0,11,0,0,2,1,6,2,18,4,998,1,11,4,1,4
2017010040045,1,9,0,18,0,1,1,0,0,0,3,1,6,1,57,9,1910,2,9,1,1,1
2017010040045,2,1,0,18,0,8,0,0,0,0,3,1,6,1,26,6,-1,-1,-1,5,1,5
2017010040046,1,9,0,18,0,0,0,10,0,0,4,1,6,2,27,6,1598,1,14,4,1,4
2017010040046,2,9,0,18,0,0,0,0,0,0,3,1,6,1,60,9,-1,-1,-1,9,3,9
2017010040047,1,9,0,6,0,8,0,0,0,0,1,1,1,1,47,8,1798,8,3,3,1,3
2017010040047,2,3,0,18,0,3,0,0,0,0,1,1,6,1,25,5,-1,-1,-1,1,1,1
2017010040048,1,9,0,18,0,1,0,10,0,0,1,1,6,2,26,6,1596,1,8,10,1,10
2017010040048,2,9,0,5,0,6,0,0,0,0,0,1,6,2,23,5,1388,1,8,10,1,10
2017010040049,1,1,0,18,4,2,0,0,0,0,1,1,6,1,33,6,-1,-1,-1,6,1,6
2017010040050,1,19,0,18,0,0,1,0,0,0,1,1,2,1,31,6,2461,2,10,8,1,8
2017010040051,1,9,0,18,0,1,0,0,0,0,1,1,2,1,61,9,1299,1,12,2,1,2
2017010040051,2,9,0,9,0,2,0,0,0,0,1,1,6,3,-1,-1,999,1,8,-1,-1,-1
2017010040052,1,9,0,3,0,1,0,0,0,0,1,1,6,2,21,5,1598,1,6,6,1,6
2017010040052,2,19,0,1,0,1,0,0,0,0,2,1,6,1,33,6,2402,2,6,5,1,5
2017010040053,1,9,0,18,0,8,0,0,0,0,1,1,6,1,19,4,1197,1,1,9,1,9
2017010040054,1,9,0,18,0,1,0,0,0,0,1,1,6,2,25,5,1796,1,13,3,1,3
2017010040055,1,9,0,18,0,1,0,0,0,0,1,1,6,2,21,5,1200,1,-1,5,1,5
2017010040055,2,8,0,18,0,1,0,0,0,0,4,1,1,1,42,7,1797,8,6,2,1,2
2017010040056,1,9,0,4,9,0,0,0,7,10,1,1,6,2,57,9,2987,2,8,5,1,5
2017010040057,1,8,0,6,0,1,0,0,0,0,3,1,6,1,51,8,1797,8,6,4,1,4
2017010040057,2,3,0,13,0,1,0,0,0,0,1,1,1,1,35,6,108,1,-1,3,1,3
2017010040058,1,9,0,5,0,2,0,0,0,0,1,1,6,3,-1,-1,-1,-1,-1,-1,-1,-1
2017010040061,1,8,0,7,0,5,0,0,0,0,0,1,1,1,47,8,1968,2,7,-1,-1,-1
2017010040062,1,3,0,18,0,4,0,0,0,0,1,1,6,3,-1,-1,-1,-1,-1,-1,-1,-1
2017010040064,1,8,0,18,0,1,1,4,0,0,3,1,1,1,69,10,2499,2,10,3,1,3
2017010040064,2,9,0,9,0,1,0,0,0,0,1,1,6,2,37,7,2993,2,8,2,1,2
2017010040064,3,9,0,2,0,8,0,0,0,0,4,1,6,3,-1,-1,4691,1,5,-1,-1,-1
2017010040064,4,9,0,2,0,2,0,0,0,0,0,1,6,3,-1,-1,1197,1,2,-1,-1,-1
2017010040064,5,9,0,2,0,1,0,0,0,0,0,1,6,3,-1,-1,999,1,1,-1,-1,-1
2017010040064,6,9,0,18,0,2,0,0,0,0,3,1,6,2,35,6,1461,2,3,7,1,7
2017010040065,1,9,0,9,0,1,0,0,0,0,1,1,6,2,49,8,1598,1,4,4,1,4
2017010040065,2,4,0,18,0,8,2,0,0,0,4,1,6,1,20,4,296,1,3,9,1,9
2017010040066,1,8,0,18,0,8,0,0,0,0,1,1,1,1,51,8,1798,8,4,2,1,2
2017010040067,1,3,0,18,0,8,0,0,0,0,1,1,6,1,20,4,124,1,12,5,1,5
2017010040067,2,9,0,9,0,8,0,0,0,0,4,1,6,3,-1,-1,-1,-1,-1,-1,-1,-1
2017010040074,1,19,0,4,0,2,0,0,0,0,2,1,1,1,38,7,10518,2,5,3,1,3
2017010040074,2,11,0,4,0,2,0,0,0,0,1,1,1,1,63,9,9200,2,6,3,1,3
2017010040081,1,8,0,3,0,1,0,0,0,0,4,1,1,1,45,7,2499,2,9,6,1,6
2017010040081,2,1,0,15,0,1,0,4,0,0,1,1,6,1,49,8,-1,-1,-1,9,1,9
2017010040082,1,9,0,1,0,2,0,0,0,0,2,1,6,1,57,9,1598,1,2,5,1,5
2017010040083,1,9,0,18,0,0,0,0,0,0,1,1,6,3,-1,-1,2295,1,16,-1,-1,-1
2017010040083,2,1,0,18,0,0,0,0,0,0,2,1,6,1,45,7,-1,-1,-1,9,1,9
2017010040084,1,9,0,18,0,8,0,0,1,4,1,1,6,1,75,10,1783,1,16,5,1,5
2017010040084,2,9,0,9,0,8,0,0,0,0,1,1,6,1,31,6,1560,2,9,4,1,4
2017010040085,1,9,0,5,0,8,0,4,0,0,2,1,6,2,83,11,998,1,17,10,1,10
2017010040085,2,9,0,2,0,8,0,4,0,0,1,1,6,3,-1,-1,1149,1,15,-1,-1,-1
2017010040085,3,19,0,2,0,8,0,4,0,0,1,1,6,3,-1,-1,1461,2,2,-1,-1,-1
2017010040085,4,9,0,4,0,8,0,4,0,0,4,1,6,1,46,8,1461,2,2,3,1,3
2017010040086,1,9,0,18,0,1,0,0,0,0,0,1,1,1,44,7,1995,2,2,3,1,3
2017010040086,2,9,0,18,0,1,0,0,0,0,0,1,1,1,34,6,1995,2,1,3,1,3
2017010040086,3,9,0,7,0,8,0,0,0,0,1,1,6,1,38,7,-1,-1,-1,3,1,3
2017010040086,4,9,0,3,0,1,0,0,0,0,1,1,6,1,36,7,1598,1,10,3,1,3
2017010040089,1,9,0,18,0,8,0,0,1,2,2,1,6,2,70,10,1598,1,15,9,1,9
2017010040089,2,90,0,18,0,8,0,0,0,0,1,1,6,2,28,6,-1,-1,-1,5,1,5
2017010040090,1,9,0,18,0,3,0,0,0,0,0,1,6,2,51,8,998,1,7,9,1,9
2017010040090,2,9,0,11,0,3,0,0,0,0,4,1,6,1,31,6,1781,1,14,7,1,7
2017010040090,3,9,0,18,0,3,0,0,0,0,3,2,6,2,28,6,1086,1,10,6,1,6
2017010040092,1,11,0,3,0,0,0,0,0,0,4,1,6,1,45,7,6700,2,10,3,1,3
2017010040093,1,9,0,3,0,1,0,0,0,0,2,1,2,1,48,8,-1,-1,-1,3,1,3
2017010040093,2,9,0,18,0,1,1,0,0,0,1,1,6,3,-1,-1,1596,1,17,-1,-1,-1
2017010040094,1,9,0,18,0,1,0,0,0,0,3,1,6,1,29,6,1997,2,16,5,1,5
2017010040094,2,9,0,17,0,1,0,0,1,10,1,1,6,1,82,11,1598,1,5,8,1,8
2017010040095,1,9,0,5,0,8,0,0,0,0,1,1,6,2,59,9,2497,1,9,8,1,8
2017010040096,1,1,0,18,0,2,0,11,0,0,1,1,6,2,37,7,-1,-1,-1,8,3,8
2017010040097,1,9,0,4,0,2,0,0,0,0,0,1,6,3,-1,-1,-1,-1,-1,-1,-1,-1
2017010040098,1,4,0,18,0,0,0,0,0,0,3,1,6,1,40,7,125,1,11,4,1,4
2017010040098,2,9,0,9,0,0,0,0,0,0,4,1,6,1,26,6,1598,1,12,5,1,5
2017010040099,1,9,0,18,0,0,0,4,1,10,1,1,6,2,44,7,-1,-1,-1,10,1,10
2017010040099,2,19,0,2,0,0,0,0,0,0,3,1,6,3,-1,-1,1870,2,13,-1,-1,-1
2017010040100,1,9,0,5,0,1,0,0,0,0,1,1,6,1,31,6,-1,-1,-1,4,1,4
2017010040100,2,1,0,18,0,1,0,0,0,0,1,1,6,1,-1,-1,-1,-1,-1,6,1,6
2017010040101,1,9,0,9,0,8,0,0,0,0,1,1,6,1,29,6,1364,1,8,9,1,9
2017010040101,2,1,0,18,9,8,0,0,0,0,1,1,6,1,23,5,-1,-1,-1,6,1,6
2017010040103,1,9,0,4,0,1,0,0,0,0,3,1,6,1,34,6,-1,-1,-1,5,1,5
2017010040105,1,9,0,3,0,0,0,4,0,0,2,1,6,2,47,8,1339,1,10,1,1,1
2017010040105,2,9,0,18,0,0,0,4,0,0,1,1,6,1,27,6,1199,1,15,-1,-1,-1
2017010040106,1,11,0,5,0,1,0,0,0,0,0,1,1,1,56,9,4500,2,1,7,1,7
2017010040107,1,9,0,18,0,0,0,10,6,10,2,1,6,1,50,8,1590,1,22,9,1,9
2017010040107,2,9,0,18,0,0,1,0,0,0,1,1,2,2,27,6,-1,-1,-1,2,1,2
2017010040108,1,9,0,18,0,6,0,0,0,0,1,1,6,1,-1,-1,-1,-1,-1,4,1,4
2017010040108,2,9,0,18,0,8,0,0,0,0,3,1,6,2,44,7,1560,2,2,3,1,3
2017010040110,1,9,0,4,0,1,0,0,0,0,1,1,6,2,81,11,1398,1,2,9,1,9
2017010040110,2,9,0,10,0,1,0,0,0,0,2,1,6,1,64,9,1798,1,11,6,1,6
2017010040110,3,9,0,10,0,1,0,0,0,0,2,1,6,1,29,6,1388,1,8,9,1,9
2017010040112,1,3,0,13,0,2,5,0,0,0,1,1,6,1,28,6,125,1,4,3,1,3
2017010040112,2,9,0,6,0,2,0,0,0,0,3,1,6,2,31,6,1596,1,13,3,1,3
2017010040113,1,1,0,18,5,0,0,0,0,0,1,1,6,1,55,8,-1,-1,-1,6,1,6
2017010040114,1,9,0,9,0,6,0,0,0,0,1,1,6,1,18,4,1896,2,10,3,1,3
2017010040114,2,19,0,14,0,1,0,0,0,0,1,1,2,1,46,8,2198,2,1,5,1,5
2017010040116,1,9,0,18,0,0,0,0,0,0,4,1,6,1,52,8,1999,1,15,2,1,2
2017010040116,2,1,0,15,0,0,0,0,0,0,3,1,6,2,28,6,-1,-1,-1,3,1,3
2017010040117,1,9,0,12,0,0,0,0,0,0,4,1,6,1,28,6,1400,1,13,1,1,1
2017010040117,2,9,0,12,0,0,1,0,0,0,3,1,6,3,-1,-1,-1,-1,-1,-1,-1,-1
2017010040119,1,9,0,9,0,8,0,0,0,0,1,1,6,2,57,9,1229,1,5,9,1,9
2017010040119,2,9,0,9,0,8,0,0,0,0,1,1,6,3,-1,-1,1388,1,15,-1,-1,-1
2017010040120,1,9,0,18,0,0,0,0,0,0,1,1,6,2,38,7,1798,1,5,6,1,6
2017010040122,1,4,0,4,0,8,0,0,0,0,2,1,2,1,47,8,-1,-1,-1,5,1,5
2017010040122,2,8,0,3,0,8,0,0,0,0,1,2,1,1,32,6,1560,2,6,2,1,2
2017010040123,1,9,0,18,0,0,5,4,0,0,4,1,6,1,60,9,1400,1,11,-1,-1,-1
2017010040123,2,9,0,2,0,0,0,0,0,0,3,1,6,3,-1,-1,1199,2,4,-1,-1,-1
2017010040124,1,9,0,9,0,8,0,0,0,0,4,1,6,1,48,8,1461,2,-1,4,1,4
2017010040124,2,5,0,18,0,8,0,0,0,0,1,1,6,1,36,7,646,1,12,4,1,4
2017010040125,1,9,0,18,9,5,0,0,3,0,3,1,6,1,39,7,1560,2,3,4,1,4
2017010040126,1,8,0,9,0,5,0,0,0,0,1,1,6,1,38,7,1968,2,1,5,1,5
2017010040126,2,3,0,13,0,1,0,0,0,0,1,1,6,1,26,6,125,1,3,4,1,4
2017010040127,1,20,0,18,0,2,0,0,0,0,3,1,1,1,46,8,6692,2,5,8,1,8
2017010040127,2,9,0,18,0,2,0,0,0,0,3,1,6,2,18,4,1598,1,-1,1,1,1
2017010040129,1,11,0,5,2,0,0,0,0,0,0,1,1,1,41,7,4760,2,4,4,1,4
2017010040130,1,9,0,5,0,4,0,0,0,0,1,1,6,1,28,6,998,1,4,3,1,3
2017010040130,2,9,0,5,0,3,0,0,0,0,1,1,6,1,34,6,1968,2,10,3,1,3
2017010040131,1,9,0,9,0,8,0,0,0,0,3,1,6,1,22,5,1598,2,1,-1,-1,-1
2017010040131,2,3,0,13,0,1,0,0,0,0,1,1,6,1,27,6,-1,-1,-1,3,1,3
2017010040132,1,9,0,18,0,0,0,0,1,4,1,1,6,2,19,4,1360,1,16,8,1,8
2017010040133,1,3,0,5,0,2,0,0,0,0,1,1,6,1,32,6,125,1,2,3,1,3
2017010040133,2,9,0,5,0,2,0,0,0,0,3,1,6,2,40,7,1197,1,1,1,1,1