Accident_Index,Vehicle_Reference,Vehicle_Type,Towing_and_Articulation,Vehicle_Manoeuvre,Vehicle_Location-Restricted_Lane,Junction_Location,Skidding_and_Overturning,Hit_Object_in_Carriageway,Vehicle_Leaving_Carriageway,Hit_Object_off_Carriageway,1st_Point_of_Impact,Was_Vehicle_Left_Hand_Drive?,Journey_Purpose_of_Driver,Sex_of_Driver,Age_of_Driver,Age_Band_of_Driver,Engine_Capacity_(CC),Propulsion_Code,Age_of_Vehicle,Driver_IMD_Decile,Driver_Home_Area_Type,Vehicle_IMD_Decile
2017010040135,1,9,0,18,0,2,0,0,0,0,1,1,6,2,25,5,1360,1,12,4,1,4
2017010040139,1,3,0,14,0,1,2,0,0,0,1,1,1,1,19,4,125,1,12,2,1,2
2017010040139,2,9,0,6,0,1,0,0,0,0,1,1,6,1,21,5,1968,2,4,5,1,5
2017010040140,1,9,0,4,0,1,0,0,0,0,3,1,6,1,23,5,1995,2,6,3,1,3
2017010040140,2,3,0,14,0,1,0,0,0,0,1,1,6,1,49,8,125,1,9,3,1,3
2017010040142,1,4,0,18,2,0,1,0,0,0,1,1,6,3,-1,-1,125,1,1,-1,-1,-1
2017010040146,1,9,0,5,0,1,0,4,0,0,3,1,6,2,37,7,1598,1,12,2,1,2
2017010040146,2,9,0,18,0,1,0,4,7,10,1,1,6,2,50,8,1398,1,2,3,1,3
2017010040147,1,11,0,18,0,1,0,0,0,0,0,1,1,1,56,9,5900,2,11,2,1,2
2017010040150,1,11,0,5,0,8,0,0,0,0,0,1,1,1,55,8,4500,2,-1,5,1,5
2017010040151,1,9,0,18,0,0,0,0,0,0,1,1,6,2,27,6,1275,1,24,6,1,6
2017010040151,2,9,0,18,0,0,0,0,0,0,2,1,6,2,54,8,1339,8,7,3,1,3
2017010040153,1,9,0,18,0,1,0,0,0,0,1,1,2,1,44,7,1595,1,14,9,1,9
2017010040153,2,9,0,9,0,1,0,0,0,0,1,1,6,1,21,5,1339,1,7,7,1,7
2017010040155,1,11,0,18,0,2,0,0,0,0,1,1,1,1,45,7,5132,2,-1,6,1,6
2017010040156,1,1,0,9,0,4,0,0,0,0,3,1,6,2,40,7,-1,-1,-1,6,1,6
2017010040158,1,9,0,16,0,3,1,0,1,4,2,1,6,1,28,6,1995,2,7,2,1,2
2017010040158,2,9,0,15,0,3,0,0,0,0,1,1,6,3,-1,-1,-1,-1,-1,-1,-1,-1
2017010040159,1,8,0,5,0,1,0,0,0,0,1,1,2,1,32,6,2143,2,3,2,1,2
2017010040159,2,5,0,5,0,1,0,0,0,0,2,1,6,1,32,6,-1,-1,-1,-1,-1,-1
2017010040160,1,9,0,18,0,1,0,0,0,0,4,1,6,2,44,7,1248,1,2,6,1,6
2017010040161,1,9,0,18,0,1,0,4,0,0,1,1,6,1,29,6,1796,1,11,1,1,1
2017010040161,2,9,0,2,0,1,0,0,0,0,2,1,6,3,-1,-1,2400,2,6,-1,-1,-1
2017010040162,1,9,0,18,0,0,0,0,0,0,1,1,6,1,26,6,1390,1,7,8,1,8
2017010040162,2,21,0,18,0,0,0,0,0,0,2,1,1,1,49,8,6374,2,4,9,1,9
2017010040164,1,9,0,9,0,8,0,0,0,0,1,1,6,1,28,6,1798,1,5,6,1,6
2017010040165,1,8,0,18,0,1,0,0,0,0,1,1,6,1,41,7,1598,1,12,6,1,6
2017010040165,2,8,0,18,0,1,0,0,0,0,1,1,6,1,45,7,1798,8,5,5,1,5
2017010040165,3,8,0,3,6,6,0,0,0,0,1,1,1,1,41,7,1560,2,3,4,1,4
2017010040166,1,9,0,5,0,1,0,0,0,0,1,1,6,1,56,9,1896,2,14,3,1,3
2017010040166,2,9,0,5,0,1,0,0,0,0,4,1,6,2,25,5,1398,1,7,3,1,3
2017010040167,1,11,0,16,0,8,0,0,0,0,0,1,1,1,61,9,4500,2,3,1,1,1
2017010040169,1,9,0,9,0,8,0,0,0,0,1,1,6,1,35,6,1995,2,10,7,1,7
2017010040169,2,3,0,18,0,8,0,0,0,0,1,1,6,1,33,6,125,1,-1,3,1,3
2017010040170,1,11,0,4,0,1,0,0,0,0,0,1,1,1,43,7,4500,2,5,4,1,4
2017010040171,1,8,0,5,0,0,0,0,0,0,4,1,1,1,36,7,1797,8,7,2,1,2
2017010040171,2,9,0,18,0,0,0,0,0,0,3,1,6,1,39,7,1560,2,10,2,1,2
2017010040173,1,90,0,10,6,1,0,0,1,0,3,1,6,2,48,8,-1,-1,-1,2,1,2
2017010040174,1,19,0,18,0,8,0,0,0,0,3,1,1,1,51,8,1686,2,6,6,1,6
2017010040174,2,9,0,9,0,8,0,0,0,0,1,1,6,1,31,6,1900,2,13,3,1,3
2017010040175,1,9,0,18,0,8,0,0,7,0,1,1,6,2,53,8,2184,2,15,2,1,2
2017010040175,2,9,0,18,0,1,0,0,0,0,1,1,1,1,48,8,1995,2,11,4,1,4
2017010040176,1,3,0,18,0,8,0,0,0,0,1,1,6,1,28,6,108,1,3,3,1,3
2017010040176,2,19,0,9,0,1,0,0,3,0,4,1,6,1,51,8,1248,2,2,3,1,3
2017010040178,1,2,0,4,0,1,0,0,0,0,4,1,6,1,21,5,125,1,5,3,1,3
2017010040178,2,9,0,18,0,1,0,4,0,0,1,1,6,3,-1,-1,1956,2,6,-1,-1,-1
2017010040180,1,3,0,18,0,8,2,0,0,0,1,1,6,1,57,9,-1,-1,-1,5,1,5
2017010040180,2,21,0,9,0,8,0,0,0,0,1,1,1,1,39,7,-1,-1,-1,2,1,2
2017010040181,1,1,0,18,0,2,0,0,0,0,1,1,6,1,37,7,-1,-1,-1,-1,-1,-1
2017010040184,1,9,0,18,0,1,1,0,7,10,1,1,6,1,41,7,1988,2,10,3,1,3
2017010040184,2,9,0,5,0,2,1,0,0,0,1,1,6,2,-1,-1,1895,1,17,-1,-1,-1
2017010040185,1,11,0,18,0,1,0,0,0,0,0,1,6,2,53,8,-1,-1,-1,-1,-1,-1
2017010040186,1,3,0,4,0,0,0,4,0,0,1,1,6,1,32,6,124,1,1,1,1,1
2017010040187,1,19,0,9,0,1,0,0,0,0,1,2,6,1,54,8,-1,-1,-1,-1,-1,-1
2017010040187,2,1,0,18,0,1,0,0,0,0,1,1,6,1,25,5,-1,-1,-1,2,1,2
2017010040188,1,8,0,9,0,1,0,0,0,0,4,1,1,1,36,7,2143,12,2,1,1,1
2017010040188,2,1,0,18,0,8,0,4,0,0,1,1,1,1,36,7,-1,-1,-1,4,1,4
2017010040189,1,3,0,18,0,1,0,0,0,0,1,1,6,1,25,5,-1,-1,-1,6,1,6
2017010040189,2,9,0,9,0,1,0,0,0,0,3,1,6,1,26,6,1598,1,14,7,1,7
2017010040190,1,9,0,3,0,1,0,0,0,0,2,1,6,1,33,6,2687,1,11,7,1,7
2017010040190,2,2,0,5,0,1,0,0,0,0,3,1,6,2,21,5,124,1,4,7,1,7
2017010040191,1,9,0,5,2,0,0,0,0,0,1,1,6,3,-1,-1,-1,-1,-1,-1,-1,-1
2017010040192,1,9,0,14,0,5,0,0,7,10,1,1,6,1,54,8,998,1,22,3,1,3
2017010040192,2,8,0,9,0,8,0,0,0,0,0,1,1,1,31,6,1797,8,6,5,1,5
2017010040193,1,19,0,18,0,0,0,0,0,0,4,1,1,1,25,5,2198,2,1,3,1,3
2017010040195,1,2,0,18,0,8,0,10,1,10,0,1,6,1,20,4,124,1,15,3,1,3
2017010040195,2,9,0,18,0,1,0,0,0,0,0,1,1,1,35,6,1995,2,1,2,1,2
2017010040197,1,3,0,14,0,1,1,0,0,0,0,1,6,1,21,5,125,1,13,-1,-1,-1
2017010040197,2,9,0,9,0,1,0,0,0,0,0,2,6,1,24,5,1968,2,13,3,1,3
2017010040198,1,9,0,18,0,8,0,0,0,0,3,1,6,1,51,8,2231,2,11,3,1,3
2017010040198,2,1,0,18,0,3,0,0,0,0,2,1,6,1,50,8,-1,-1,-1,6,1,6
2017010040201,1,9,0,15,0,0,1,0,0,0,1,1,6,1,24,5,1984,1,4,4,1,4
2017010040202,1,9,0,5,0,0,0,0,0,0,1,1,6,3,-1,-1,-1,-1,-1,-1,-1,-1
2017010040202,2,1,0,5,0,0,0,0,0,0,2,1,6,1,35,6,-1,-1,-1,6,1,6
2017010040204,1,9,0,3,0,1,0,0,0,0,2,1,6,2,26,6,1995,1,12,-1,-1,-1
2017010040204,2,9,0,18,0,1,0,0,0,0,1,1,6,1,50,8,1968,2,5,-1,-1,-1
2017010040205,1,9,0,18,0,1,0,0,0,0,3,1,6,2,38,7,1598,1,16,2,1,2
2017010040208,1,9,0,6,0,8,0,0,0,0,3,1,6,1,20,4,1395,1,3,10,1,10
2017010040208,2,3,0,18,0,8,0,0,0,0,4,1,6,1,20,4,125,1,1,5,1,5
2017010040209,1,1,0,18,9,0,0,0,0,0,1,1,6,3,-1,-1,-1,-1,-1,-1,-1,-1
2017010040210,1,9,0,9,0,2,0,0,0,0,1,1,6,1,73,10,1275,1,21,2,1,2
2017010040211,1,9,0,5,0,0,0,0,0,0,1,1,6,3,-1,-1,-1,-1,-1,-1,-1,-1
2017010040212,1,9,0,5,0,2,0,0,0,0,1,1,6,1,44,7,2143,2,3,4,1,4
2017010040212,2,1,0,18,0,2,0,0,0,0,1,1,6,1,57,9,-1,-1,-1,-1,-1,-1
2017010040213,1,9,0,18,0,1,1,0,0,0,1,1,6,1,18,4,1248,2,7,2,1,2
2017010040213,2,8,0,9,0,8,0,0,0,0,4,1,1,1,50,8,2143,2,3,3,1,3
2017010040214,1,9,0,18,0,2,0,0,7,4,3,1,6,1,32,6,1598,1,2,4,1,4
2017010040215,1,3,0,18,0,0,2,0,0,0,1,1,6,1,15,3,108,1,9,2,1,2
2017010040215,2,11,0,18,0,0,0,0,0,0,1,1,6,1,-1,-1,4500,2,3,5,1,5
2017010040215,3,9,0,18,0,0,0,0,0,0,0,1,1,1,37,7,1995,2,2,3,1,3
2017010040215,4,9,0,18,0,0,0,0,0,0,0,1,1,1,52,8,2993,2,-1,4,1,4
2017010040216,1,9,0,18,0,8,1,4,1,2,1,1,6,1,19,4,1968,2,14,2,1,2
2017010040216,2,9,0,18,0,8,0,0,0,0,0,1,1,1,39,7,1995,2,2,3,1,3
2017010040216,3,9,0,2,0,8,0,0,0,0,2,1,6,3,-1,-1,1598,1,10,-1,-1,-1
2017010040217,1,9,0,3,0,1,0,0,0,0,2,1,6,1,37,7,1595,1,5,3,1,3
2017010040217,2,9,0,4,0,1,0,4,0,0,1,1,1,1,37,7,1798,8,3,5,1,5
2017010040217,3,3,0,15,0,1,1,4,4,6,1,1,6,1,24,5,249,1,12,2,1,2
2017010040218,1,9,0,5,0,7,0,0,0,0,1,1,2,2,45,7,1598,1,7,2,1,2
2017010040218,2,9,0,18,0,1,0,0,0,0,3,1,2,1,29,6,1398,2,12,3,1,3
2017010040228,1,1,-1,-1,0,0,0,-1,0,0,-1,1,6,1,33,6,-1,-1,-1,7,1,7
2017010040228,2,9,-1,-1,0,0,0,-1,0,0,-1,-1,6,3,-1,-1,1598,1,12,-1,-1,-1
2017010040229,1,9,-1,-1,0,-1,-1,-1,-1,0,-1,-1,6,3,-1,-1,1797,8,6,-1,-1,-1
2017010040229,2,1,-1,18,-1,-1,0,0,0,0,-1,1,6,1,67,10,-1,-1,-1,10,1,10
2017010040233,1,9,0,-1,0,-1,0,-1,-1,0,-1,-1,6,1,34,6,1598,1,6,3,1,3
2017010040233,2,9,-1,-1,0,-1,0,-1,-1,-1,-1,-1,6,1,-1,-1,1598,1,6,5,1,5
2017010040236,1,4,0,18,0,1,0,0,0,0,0,1,2,1,57,9,125,1,-1,5,1,5
2017010040249,1,1,0,18,0,3,0,0,0,0,2,1,6,2,24,5,-1,-1,-1,4,1,4
2017010040249,2,9,-1,18,0,4,0,0,0,0,1,-1,6,2,-1,-1,1560,2,4,3,1,3
2017010040257,1,9,0,12,0,1,0,0,0,0,3,1,3,2,48,8,1896,2,12,3,1,3
2017010040260,1,3,-1,18,0,0,-1,-1,-1,-1,-1,1,6,1,26,6,125,1,6,6,1,6
2017010040263,1,1,0,-1,-1,-1,-1,-1,0,0,-1,1,6,1,37,7,-1,-1,-1,4,1,4
2017010040263,2,19,-1,-1,-1,-1,-1,-1,0,0,-1,-1,6,3,-1,-1,2299,2,6,-1,-1,-1
2017010040266,1,9,0,3,0,1,0,0,0,0,2,1,6,1,44,7,999,1,2,2,1,2
2017010040270,1,1,0,15,0,0,0,8,-1,-1,1,1,6,1,28,6,-1,-1,-1,4,1,4
2017010040274,1,9,0,3,0,0,-1,0,0,0,2,-1,6,2,19,4,1390,1,13,3,1,3
2017010040280,1,9,-1,18,-1,-1,-1,0,-1,0,-1,-1,6,3,-1,-1,-1,-1,-1,-1,-1,-1
2017010040284,1,9,0,3,0,4,0,0,0,0,2,1,2,1,70,10,4164,2,15,4,1,4
2017010040284,2,1,0,18,0,4,0,0,0,0,1,1,2,1,41,7,-1,-1,-1,6,1,6
2017010040287,1,9,0,-1,0,-1,0,-1,0,0,-1,-1,6,2,19,4,1598,1,16,4,1,4
2017010040287,2,9,-1,-1,-1,-1,-1,-1,0,0,-1,-1,6,1,27,6,-1,-1,-1,-1,-1,-1
2017010040289,1,19,0,18,0,0,0,0,0,3,1,1,6,3,-1,-1,4461,2,9,-1,-1,-1
2017010040291,1,1,0,18,0,1,5,0,2,10,3,1,2,1,31,6,-1,-1,-1,5,1,5
2017010040291,2,9,-1,7,0,1,-1,0,0,0,4,-1,6,1,-1,-1,1984,1,5,-1,-1,-1
2017010040296,1,21,0,10,0,1,0,0,0,0,0,1,1,1,35,6,-1,-1,-1,3,1,3
2017010040300,1,9,0,3,0,1,0,0,0,0,2,1,6,2,47,8,-1,-1,-1,5,1,5
2017010040300,2,9,0,4,0,1,0,0,0,0,1,1,1,2,38,7,2143,12,2,7,1,7
2017010040302,1,1,0,18,0,0,0,8,0,0,1,1,2,2,26,6,-1,-1,-1,2,1,2
2017010040302,2,9,0,2,0,0,0,0,0,0,3,-1,6,3,-1,-1,1968,2,10,-1,-1,-1
2017010040305,1,9,-1,4,0,1,0,0,0,0,2,-1,6,2,51,8,1968,2,9,4,1,4
2017010040305,2,9,-1,18,0,1,0,0,0,0,1,-1,6,1,-1,-1,1242,1,13,-1,-1,-1
2017010040307,1,9,0,18,0,1,0,0,0,0,4,1,1,1,46,8,-1,-1,-1,6,1,6
2017010040307,2,9,0,5,0,6,0,0,0,0,1,1,6,1,70,10,999,1,1,7,1,7
2017010040311,1,9,0,7,0,8,0,0,0,0,1,1,6,3,-1,-1,1497,1,14,-1,-1,-1
2017010040311,2,1,0,18,5,8,1,0,0,0,3,1,4,1,18,4,-1,-1,-1,3,1,3
2017010040315,1,9,0,18,0,0,0,4,0,0,3,1,2,2,47,8,1596,1,7,2,1,2
2017010040315,2,9,0,2,0,0,0,4,0,0,3,1,6,3,-1,-1,1086,1,7,-1,-1,-1
2017010040316,1,1,0,16,0,1,0,0,0,0,1,1,2,1,28,6,-1,-1,-1,3,1,3
2017010040316,2,9,-1,7,0,1,-1,0,0,0,1,-1,6,2,-1,-1,1796,1,9,2,1,2
2017010040318,1,9,0,8,0,1,0,0,0,0,1,1,6,1,54,8,1995,2,8,6,1,6
2017010040318,2,21,0,3,0,4,0,0,0,0,4,1,1,1,47,8,10677,2,2,9,1,9
2017010040323,1,1,0,18,0,8,5,0,0,0,1,1,6,1,51,8,-1,-1,-1,9,1,9
2017010040323,2,9,0,9,0,8,0,0,0,0,1,-1,6,1,36,7,1991,2,11,4,1,4
2017010040329,1,9,0,18,0,2,0,0,0,0,1,1,6,2,64,9,1596,1,5,1,1,1
2017010040332,1,9,0,6,0,6,0,0,0,0,2,-1,6,2,27,6,1968,2,2,10,1,10
2017010040332,2,9,0,18,0,1,0,0,0,0,1,-1,6,2,-1,-1,1499,2,1,-1,-1,-1
2017010040335,1,9,-1,3,0,1,0,0,0,0,4,-1,6,2,-1,-1,1598,1,6,-1,-1,-1
2017010040335,2,1,0,16,0,1,-1,0,0,0,1,1,6,1,31,6,-1,-1,-1,7,1,7
2017010040339,1,9,0,18,0,1,0,0,0,0,2,1,6,1,39,7,2148,2,10,3,1,3
2017010040339,2,19,0,18,0,1,0,0,0,0,1,1,6,1,38,7,2148,2,8,1,1,1
2017010040341,1,9,0,7,4,6,0,0,0,0,1,1,2,1,54,8,1197,1,1,2,1,2
2017010040341,2,1,0,18,4,1,0,0,0,0,1,1,2,1,31,6,-1,-1,-1,2,1,2
2017010040342,1,8,0,18,9,0,0,0,0,0,4,1,1,1,60,9,1797,8,5,1,1,1
2017010040344,1,11,0,3,2,1,0,0,0,0,0,1,1,1,35,6,-1,-1,-1,4,1,4
2017010040345,1,19,0,7,0,2,0,0,0,0,1,1,1,1,37,7,2198,2,2,6,1,6
2017010040346,1,5,0,18,0,1,2,10,0,0,1,1,6,1,66,10,625,1,12,4,1,4
2017010040346,2,9,0,13,0,2,0,0,0,0,1,1,6,3,-1,-1,-1,-1,-1,-1,-1,-1
2017010040346,3,9,0,18,0,1,0,0,0,0,0,1,6,3,-1,-1,-1,-1,-1,-1,-1,-1
2017010040348,1,11,0,18,0,0,0,0,0,0,1,1,1,1,32,6,4500,2,-1,1,1,1
2017010040348,2,1,0,18,0,0,0,0,0,0,2,1,6,3,-1,-1,-1,-1,-1,-1,-1,-1
2017010040349,1,9,0,3,0,0,0,0,0,0,2,1,6,1,42,7,1598,1,4,2,1,2
2017010040349,2,19,0,11,0,0,0,0,0,0,1,1,1,1,45,7,7201,2,4,4,1,4
2017010040350,1,19,5,18,0,4,0,0,0,0,3,1,1,1,23,5,2198,2,2,6,1,6
2017010040350,2,1,0,18,0,4,0,0,0,0,1,1,1,1,29,6,-1,-1,-1,10,1,10
2017010040353,1,11,0,5,0,0,0,0,0,0,3,1,1,1,29,6,4500,2,8,2,1,2
2017010040353,2,5,0,18,0,0,1,0,0,0,1,1,6,1,31,6,-1,-1,-1,1,1,1
2017010040354,1,9,0,2,9,8,0,0,0,0,0,1,6,3,-1,-1,1149,1,10,-1,-1,-1
2017010040355,1,9,0,2,0,2,0,0,0,0,2,1,6,3,-1,-1,1461,2,2,-1,-1,-1
2017010040355,2,3,0,18,0,8,5,4,0,0,1,1,6,1,18,4,125,1,6,-1,-1,-1
2017010040355,3,3,0,18,0,2,2,0,0,0,1,1,6,1,17,4,125,1,1,5,1,5
2017010040355,4,3,0,18,0,2,2,0,0,0,0,1,6,1,18,4,125,1,1,-1,-1,-1
2017010040356,1,9,0,9,0,1,0,0,0,0,1,1,2,1,47,8,999,1,1,8,1,8
2017010040356,2,19,0,3,0,1,0,0,0,0,3,1,1,1,30,6,2402,2,8,2,1,2
2017010040358,1,9,0,9,0,1,0,0,0,0,1,1,1,1,19,4,1598,1,10,6,1,6
2017010040358,2,9,0,3,0,1,0,0,0,0,2,1,2,1,36,7,1796,1,7,2,1,2
2017010040358,3,9,0,16,0,1,0,0,0,0,1,1,1,1,29,6,2231,2,8,4,1,4
2017010040358,4,9,0,3,0,1,0,0,0,0,2,1,1,1,48,8,-1,-1,-1,6,1,6
2017010040358,5,9,0,3,0,1,0,0,0,0,2,1,6,2,19,4,1398,1,-1,5,1,5
2017010040359,1,3,0,18,0,2,0,0,0,0,4,1,1,1,23,5,108,1,1,3,1,3
2017010040359,2,9,0,2,0,1,0,0,0,0,4,1,6,3,-1,-1,1198,1,-1,-1,-1,-1
2017010040361,1,9,0,9,0,1,0,0,0,0,1,1,6,2,27,6,1400,1,11,9,1,9
2017010040361,2,1,0,18,0,1,0,0,0,0,1,1,6,1,35,6,-1,-1,-1,6,1,6
2017010040362,1,19,0,4,0,0,0,11,0,0,2,1,1,1,48,8,2287,2,-1,3,1,3
2017010040362,2,1,0,18,0,0,2,1,0,0,1,1,6,1,17,4,-1,-1,-1,4,1,4
2017010040363,1,19,0,18,0,2,0,0,0,0,3,1,1,1,56,9,1753,2,13,10,1,10
2017010040364,1,9,0,8,0,1,0,0,0,0,2,1,2,2,29,6,2993,2,5,4,1,4
2017010040364,2,2,0,15,2,1,2,0,0,0,1,1,2,1,40,7,49,1,3,3,1,3
2017010040365,1,9,0,9,0,2,0,0,0,0,1,1,6,3,-1,-1,599,1,14,-1,-1,-1
2017010040366,1,9,0,4,0,1,0,0,0,0,1,1,2,1,45,7,1598,1,12,3,1,3
2017010040368,1,9,0,17,0,8,0,0,1,1,1,1,6,1,66,10,1598,1,13,6,1,6
2017010040370,1,11,0,18,2,1,0,0,0,0,4,1,1,1,65,9,6700,2,5,3,1,3
2017010040372,1,9,0,18,0,6,0,0,0,0,3,1,6,2,24,5,1349,1,2,6,3,6
2017010040372,2,9,0,18,0,6,0,0,0,0,1,1,6,2,33,6,1560,2,-1,3,1,3
2017010040374,1,9,0,18,0,2,0,0,0,0,1,1,6,3,-1,-1,-1,-1,-1,-1,-1,-1
2017010040374,2,1,0,18,0,2,0,0,0,0,2,1,6,1,20,4,-1,-1,-1,2,1,2
2017010040376,1,5,0,18,0,5,0,10,2,10,3,1,2,1,48,8,1050,1,9,3,1,3
2017010040376,2,9,0,7,0,5,0,0,0,0,4,1,6,3,-1,-1,-1,-1,-1,-1,-1,-1
2017010040378,1,9,-1,-1,-1,0,-1,-1,-1,-1,-1,-1,6,2,39,7,2720,2,12,3,1,3
2017010040378,2,1,-1,-1,-1,0,-1,-1,-1,0,-1,1,6,1,56,9,-1,-1,-1,3,1,3
2017010040379,1,9,0,18,0,1,0,7,2,10,1,1,6,1,17,4,1598,1,13,10,1,10
2017010040380,1,8,0,18,0,8,0,0,0,0,1,1,1,1,45,7,1798,8,5,3,1,3
2017010040380,2,19,4,18,0,8,5,0,0,0,4,1,1,1,35,6,2143,2,1,2,1,2
2017010040382,1,19,0,18,0,1,0,0,0,0,1,1,6,1,66,10,1753,2,7,4,1,4
2017010040382,2,9,0,9,0,1,-1,0,0,0,1,-1,6,3,-1,-1,1598,2,-1,-1,-1,-1
2017010040389,1,1,0,18,0,0,0,-1,-1,0,-1,1,6,1,49,8,-1,-1,-1,5,1,5
2017010040390,1,9,0,1,0,2,0,4,0,0,2,1,6,2,44,7,998,1,15,3,1,3
2017010040390,2,9,0,3,0,2,0,0,0,0,1,1,1,1,27,6,-1,-1,-1,-1,-1,-1
2017010040395,1,19,-1,-1,0,3,-1,-1,0,0,-1,-1,6,3,-1,-1,-1,-1,-1,-1,-1,-1
2017010040399,1,5,0,3,0,1,0,0,0,0,3,1,6,1,36,7,1202,1,-1,4,1,4
2017010040399,2,8,-1,14,0,1,0,0,0,0,4,-1,6,3,-1,-1,2148,2,8,-1,-1,-1
2017010040400,1,9,-1,-1,-1,0,-1,-1,-1,-1,-1,-1,6,1,46,8,1798,8,2,-1,-1,-1
2017010040400,2,9,-1,-1,-1,0,-1,-1,-1,-1,-1,-1,6,2,-1,-1,1390,1,12,4,1,4
2017010040401,1,11,-1,-1,0,0,0,-1,0,0,-1,-1,6,1,-1,-1,-1,-1,-1,-1,-1,-1
2017010040401,2,1,0,-1,0,0,0,0,0,0,-1,1,6,1,33,6,-1,-1,-1,5,1,5
2017010040410,1,9,0,7,0,6,0,0,0,0,3,-1,6,3,-1,-1,-1,-1,-1,-1,-1,-1
2017010040410,2,1,0,18,0,1,0,0,0,0,1,1,6,1,25,5,-1,-1,-1,4,1,4
2017010040419,1,19,0,3,0,1,0,0,0,0,2,-1,2,1,25,5,2198,2,5,4,3,4
2017010040419,2,9,-1,18,0,1,-1,0,0,0,1,-1,6,1,-1,-1,1598,2,1,1,1,1
2017010040420,1,3,-1,18,0,1,0,0,0,0,1,1,1,1,30,6,125,1,-1,2,1,2
2017010040420,2,9,-1,9,0,2,0,0,0,0,3,-1,6,1,-1,-1,1596,1,10,2,1,2
2017010040422,1,1,-1,18,0,1,-1,-1,0,0,1,1,6,1,38,7,-1,-1,-1,4,1,4
2017010040422,2,9,-1,-1,-1,-1,-1,12,-1,10,-1,-1,6,1,-1,-1,1910,2,11,3,1,3
2017010040427,1,9,0,9,0,1,0,0,0,0,2,2,6,3,-1,-1,1997,2,7,-1,-1,-1
2017010040427,2,1,0,5,0,8,5,0,0,0,2,1,1,1,45,7,-1,-1,-1,2,1,2
2017010040441,1,19,0,3,0,1,0,0,0,0,2,1,1,1,33,6,-1,-1,-1,5,1,5
2017010040441,2,1,0,18,0,1,0,4,0,0,1,1,2,1,45,7,-1,-1,-1,3,1,3
2017010040443,1,1,0,18,0,1,0,0,0,0,0,1,1,1,38,7,-1,-1,-1,2,1,2
2017010040446,1,90,0,-1,9,0,0,0,0,0,2,1,6,3,-1,-1,-1,-1,-1,-1,-1,-1
2017010040458,1,9,0,-1,0,-1,0,-1,0,0,-1,-1,6,1,27,6,1910,2,11,2,1,2
2017010040458,2,1,0,-1,0,-1,0,-1,-1,-1,-1,1,6,1,42,7,-1,-1,-1,7,1,7
2017010040459,1,9,0,11,0,3,0,0,0,0,2,-1,6,1,37,7,2993,2,7,6,1,6
2017010040460,1,5,0,18,0,0,0,0,0,0,4,1,6,2,51,8,676,1,15,3,2,3
2017010040460,2,9,0,1,0,0,0,0,0,0,2,1,6,2,-1,-1,2204,2,8,-1,-1,-1
2017010040465,1,11,0,18,0,0,0,0,0,0,1,1,1,1,52,8,6700,2,6,3,1,3
2017010040467,1,9,0,18,0,0,0,0,0,0,3,1,6,1,43,7,1796,1,6,3,1,3
2017010040467,2,90,0,11,-1,0,0,0,-1,0,-1,-1,6,3,-1,-1,-1,-1,-1,-1,-1,-1
2017010040468,1,8,0,18,0,8,0,0,0,0,3,-1,1,1,54,8,2143,2,4,10,1,10
2017010040468,2,1,0,18,0,6,-1,0,0,0,-1,1,6,1,45,7,-1,-1,-1,4,1,4
2017010040474,1,1,0,18,4,2,0,0,0,0,3,1,1,1,29,6,-1,-1,-1,2,1,2
2017010040474,2,9,0,18,4,6,0,0,0,0,1,1,6,1,-1,-1,2393,1,16,2,1,2
2017010040483,1,1,-1,-1,-1,-1,-1,-1,-1,-1,-1,1,6,1,21,5,-1,-1,-1,5,1,5
2017010040483,2,9,-1,-1,-1,-1,-1,-1,-1,-1,-1,-1,6,3,-1,-1,-1,-1,-1,-1,-1,-1
2017010040485,1,9,0,18,0,8,1,0,0,0,2,-1,6,1,28,6,1999,1,11,2,1,2
2017010040485,2,90,0,7,0,6,0,0,0,0,1,-1,6,1,-1,-1,7698,2,1,4,1,4
2017010040489,1,9,0,7,9,2,0,0,0,0,1,1,6,1,79,11,1328,1,5,-1,-1,-1
2017010040492,1,9,0,3,0,1,0,0,0,0,1,1,1,1,43,7,1797,8,7,-1,-1,-1
2017010040492,2,9,0,18,0,1,0,0,0,0,1,-1,6,3,-1,-1,-1,-1,-1,-1,-1,-1
2017010040494,1,19,-1,3,0,1,0,0,0,0,1,-1,6,1,22,5,1560,2,1,4,1,4
2017010040494,2,19,-1,1,0,1,-1,0,0,0,2,-1,6,3,-1,-1,2198,2,7,-1,-1,-1
2017010040498,1,3,0,7,0,5,0,0,0,0,0,1,6,1,69,10,125,1,5,5,1,5
2017010040502,1,1,0,8,0,1,0,0,0,0,2,1,2,1,40,7,-1,-1,-1,10,1,10
2017010040502,2,19,0,4,0,1,0,0,0,0,1,1,6,1,54,8,1995,2,8,4,1,4
2017010040504,1,9,0,15,0,1,0,0,0,0,1,1,6,1,27,6,1995,2,6,4,1,4
2017010040507,1,9,0,9,0,7,1,4,1,10,0,1,6,1,17,4,1995,1,4,3,1,3
2017010040507,2,9,0,2,0,2,0,4,1,0,3,1,6,3,-1,-1,1242,1,6,-1,-1,-1
2017010040508,1,9,-1,-1,-1,-1,-1,-1,-1,-1,-1,-1,6,1,27,6,1910,2,12,3,1,3
2017010040509,1,9,-1,-1,0,-1,-1,0,0,0,-1,-1,6,2,39,7,898,1,1,6,1,6
2017010040509,2,9,-1,-1,0,1,-1,0,0,0,-1,-1,6,1,-1,-1,1368,1,10,3,1,3
2017010040516,1,9,0,9,0,5,0,0,0,0,2,1,6,1,45,7,1900,2,11,3,1,3