Accident_Index,Vehicle_Reference,Vehicle_Type,Towing_and_Articulation,Vehicle_Manoeuvre,Vehicle_Location-Restricted_Lane,Junction_Location,Skidding_and_Overturning,Hit_Object_in_Carriageway,Vehicle_Leaving_Carriageway,Hit_Object_off_Carriageway,1st_Point_of_Impact,Was_Vehicle_Left_Hand_Drive?,Journey_Purpose_of_Driver,Sex_of_Driver,Age_of_Driver,Age_Band_of_Driver,Engine_Capacity_(CC),Propulsion_Code,Age_of_Vehicle,Driver_IMD_Decile,Driver_Home_Area_Type,Vehicle_IMD_Decile
2017010040516,2,1,0,18,0,1,5,0,0,0,1,1,6,1,24,5,-1,-1,-1,9,1,9
2017010040522,1,9,0,4,0,0,-1,-1,0,0,2,-1,6,2,29,6,1997,2,6,5,1,5
2017010040522,2,9,0,18,0,0,-1,-1,0,0,1,-1,6,1,-1,-1,-1,-1,-1,-1,-1,-1
2017010040532,1,9,0,18,0,1,0,0,0,0,2,1,6,2,39,7,1461,2,1,10,1,10
2017010040532,2,9,0,18,0,1,0,0,0,0,-1,1,6,1,24,5,1597,1,8,6,1,6
2017010040533,1,9,0,3,0,2,0,0,0,0,2,1,6,2,37,7,1242,1,3,2,1,2
2017010040533,2,9,0,4,0,1,1,0,0,0,1,1,6,1,29,6,1910,2,11,3,1,3
2017010040536,1,9,0,5,0,6,0,0,0,0,1,1,6,1,49,8,1996,1,23,2,1,2
2017010040536,2,9,0,18,0,6,0,0,0,0,4,1,6,1,36,7,1998,1,8,5,1,5
2017010040539,1,11,0,13,0,-1,0,0,-1,0,0,1,6,3,-1,-1,-1,-1,-1,-1,-1,-1
2017010040539,2,1,-1,18,-1,-1,-1,0,-1,0,0,1,6,2,33,6,-1,-1,-1,5,1,5
2017010040540,1,1,0,18,0,1,0,0,0,0,1,1,1,2,27,6,-1,-1,-1,3,1,3
2017010040540,2,9,0,18,0,1,0,0,0,0,0,1,6,1,46,8,2499,2,13,2,1,2
2017010040543,1,9,0,3,0,1,0,0,0,0,2,1,6,2,-1,-1,1388,1,7,-1,-1,-1
2017010040543,2,9,0,18,0,1,0,0,0,0,1,1,6,1,35,6,1984,1,8,1,1,1
2017010040548,1,9,0,18,0,1,0,0,0,0,3,1,6,2,26,6,796,1,9,2,1,2
2017010040548,2,9,0,15,0,1,0,0,0,0,4,-1,6,1,-1,-1,1390,1,5,-1,-1,-1
2017010040549,1,9,0,3,0,1,0,-1,0,0,2,-1,6,2,48,8,1799,1,22,1,1,1
2017010040549,2,19,0,18,0,1,0,-1,0,0,1,-1,6,1,-1,-1,1560,2,4,4,1,4
2017010040552,1,9,0,3,0,1,0,0,0,0,2,1,6,2,34,6,1339,8,5,9,1,9
2017010040552,2,9,0,18,0,8,0,0,-1,0,1,1,6,1,-1,-1,1870,2,14,4,1,4
2017010040555,1,9,-1,3,0,1,-1,0,-1,0,1,-1,6,2,18,4,875,1,6,2,1,2
2017010040555,2,3,0,9,0,2,-1,-1,0,0,1,1,6,3,-1,-1,-1,-1,-1,-1,-1,-1
2017010040556,1,19,-1,18,0,1,0,0,0,0,4,1,6,1,47,8,2148,2,13,-1,-1,-1
2017010040556,2,19,-1,18,0,1,0,0,0,0,1,-1,6,3,-1,-1,2299,2,1,-1,-1,-1
2017010040557,1,9,0,-1,0,7,-1,-1,-1,-1,-1,-1,6,3,-1,-1,-1,-1,-1,-1,-1,-1
2017010040557,2,1,-1,5,0,-1,-1,-1,-1,-1,2,1,2,1,56,9,-1,-1,-1,2,1,2
2017010040563,1,9,0,18,0,2,0,0,0,0,1,1,6,2,83,11,1298,1,15,7,1,7
2017010040563,2,9,0,9,0,6,0,0,0,0,1,1,6,1,81,11,1599,1,13,6,1,6
2017010040564,1,19,0,18,0,8,0,0,0,0,4,1,1,1,38,7,1995,2,9,3,1,3
2017010040564,2,1,0,18,0,8,0,0,0,0,3,1,2,1,33,6,-1,-1,-1,5,1,5
2017010040571,1,9,-1,4,0,1,-1,0,0,0,2,-1,6,1,-1,-1,1248,2,1,4,1,4
2017010040571,2,19,0,18,0,1,0,0,0,0,1,-1,6,1,-1,-1,-1,-1,-1,-1,-1,-1
2017010040573,1,8,0,9,0,8,0,0,0,0,4,-1,1,1,42,7,2402,2,14,5,1,5
2017010040574,1,2,0,3,0,5,0,0,0,0,2,1,1,1,56,9,108,1,-1,3,1,3
2017010040574,2,9,0,-1,0,5,0,0,-1,0,-1,-1,6,1,40,7,1797,8,5,2,1,2
2017010040576,1,1,0,3,0,0,0,0,1,0,1,1,1,2,54,8,-1,-1,-1,6,1,6
2017010040576,2,9,0,7,0,0,0,0,7,0,4,1,6,1,33,6,1997,1,8,3,1,3
2017010040578,1,9,-1,-1,-1,-1,-1,-1,-1,-1,-1,-1,6,1,32,6,1388,1,14,-1,-1,-1
2017010040578,2,20,-1,-1,-1,-1,-1,-1,-1,-1,-1,-1,6,1,-1,-1,-1,-1,-1,-1,-1,-1
2017010040579,1,8,0,18,0,6,0,11,0,0,4,1,1,1,58,9,1797,8,6,2,1,2
2017010040579,2,1,0,18,0,8,0,0,0,0,1,1,6,2,40,7,-1,-1,-1,2,1,2
2017010040581,1,11,0,12,0,1,0,0,0,0,0,1,1,1,42,7,7300,2,12,2,1,2
2017010040583,1,9,0,3,0,1,0,0,0,0,2,1,6,2,32,6,1388,1,8,4,1,4
2017010040583,2,11,0,15,0,1,0,0,0,0,1,1,1,1,38,7,4500,2,6,4,1,4
2017010040585,1,9,0,1,9,1,0,0,0,0,2,1,6,1,60,9,1560,2,9,7,2,7
2017010040585,2,9,0,2,9,1,0,0,0,0,3,1,6,3,-1,-1,-1,-1,-1,-1,-1,-1
2017010040585,3,9,0,2,9,1,0,0,0,0,2,1,6,3,-1,-1,1995,1,4,-1,-1,-1
2017010040585,4,9,0,2,9,1,0,0,0,0,4,1,6,3,-1,-1,1995,2,5,-1,-1,-1
2017010040586,1,9,0,5,0,8,0,0,0,0,3,1,2,2,53,8,1596,1,10,4,1,4
2017010040586,2,9,0,18,0,6,0,0,0,0,1,1,6,1,20,4,1242,1,10,4,1,4
2017010040587,1,3,0,18,0,2,1,10,0,0,1,1,6,2,29,6,125,1,6,-1,-1,-1
2017010040588,1,9,-1,18,0,1,1,-1,0,0,3,-1,6,1,30,6,2143,2,6,-1,-1,-1
2017010040588,2,9,-1,7,0,6,1,-1,0,0,1,-1,6,3,-1,-1,2688,2,16,-1,-1,-1
2017010040588,3,9,-1,18,0,1,-1,-1,0,0,-1,-1,6,1,-1,-1,1956,2,5,-1,-1,-1
2017010040589,1,9,0,18,0,1,0,0,0,0,4,1,6,1,50,8,-1,-1,-1,7,1,7
2017010040589,2,3,0,7,0,8,0,0,0,0,1,1,1,1,18,4,125,1,-1,2,1,2
2017010040590,1,11,0,18,2,1,0,0,0,0,0,1,1,1,-1,-1,-1,-1,-1,-1,-1,-1
2017010040591,1,19,0,4,0,2,0,0,0,0,1,1,1,1,63,9,2488,2,8,10,1,10
2017010040591,2,9,0,3,0,2,0,0,0,0,2,1,6,1,62,9,2979,1,15,3,1,3
2017010040594,1,9,0,18,0,8,0,0,0,0,1,1,6,1,70,10,998,1,4,1,1,1
2017010040594,2,8,0,9,0,8,0,0,0,0,1,1,1,1,60,9,1968,2,4,4,1,4
2017010040596,1,9,0,6,0,1,0,0,0,0,3,1,6,1,35,6,1598,1,11,3,1,3
2017010040596,2,1,0,14,0,1,0,0,0,0,1,1,6,1,45,7,-1,-1,-1,5,1,5
2017010040597,1,9,0,10,0,6,0,0,0,0,4,1,6,1,38,7,1997,2,5,3,1,3
2017010040597,2,5,0,18,0,6,0,0,0,0,1,1,6,1,-1,-1,599,1,25,2,1,2
2017010040598,1,9,0,9,0,0,0,0,0,0,1,1,6,1,31,6,1896,2,11,3,1,3
2017010040598,2,4,0,18,0,0,1,0,1,0,1,1,2,1,36,7,124,1,4,2,1,2
2017010040599,1,9,0,7,0,5,0,0,0,0,1,1,6,2,21,5,1242,1,7,7,1,7
2017010040599,2,9,0,3,0,1,0,0,0,0,1,1,6,2,50,8,1242,1,5,3,1,3
2017010040599,3,9,0,3,0,1,0,0,0,0,1,1,6,1,34,6,2148,2,11,3,1,3
2017010040600,1,21,1,18,0,1,0,0,0,0,4,1,1,1,49,8,6700,2,2,1,1,1
2017010040601,1,9,0,7,5,6,0,0,0,0,4,1,6,1,28,6,1246,1,11,7,1,7
2017010040602,1,9,0,3,0,0,0,0,0,0,1,1,6,2,22,5,1595,1,4,3,1,3
2017010040602,2,9,0,1,0,0,0,0,0,0,2,1,6,3,-1,-1,2143,2,7,-1,-1,-1
2017010040602,3,9,0,2,0,0,0,0,0,0,3,2,6,3,-1,-1,1598,1,8,-1,-1,-1
2017010040603,1,9,0,10,0,6,0,0,0,0,3,1,6,1,50,8,1896,2,8,2,1,2
2017010040604,1,3,0,4,0,2,0,0,0,0,1,1,6,1,27,6,125,1,1,2,1,2
2017010040605,1,8,0,7,0,8,0,0,0,0,4,1,1,1,50,8,1798,8,4,2,1,2
2017010040605,2,3,0,18,0,8,0,0,0,0,1,1,1,1,26,6,125,1,9,5,1,5
2017010040606,1,9,0,18,0,8,0,0,0,0,4,1,2,2,27,6,998,1,1,5,1,5
2017010040607,1,3,0,18,0,1,0,0,0,0,1,1,1,1,30,6,108,1,-1,3,1,3
2017010040607,2,9,0,6,0,1,0,0,0,0,3,1,1,1,43,7,1797,8,6,1,1,1
2017010040608,1,9,0,4,0,2,0,0,0,0,3,1,6,1,57,9,1988,1,16,5,1,5
2017010040608,2,1,0,18,0,2,5,5,0,0,1,1,6,1,20,4,-1,-1,-1,2,1,2
2017010040610,1,9,0,18,0,0,0,0,0,0,1,1,6,2,25,5,1598,1,-1,2,1,2
2017010040610,2,1,0,18,0,0,0,0,0,0,1,1,6,1,10,2,-1,-1,-1,1,1,1
2017010040611,1,9,0,5,0,3,0,0,0,0,4,1,6,1,33,6,998,1,5,4,1,4
2017010040611,2,9,0,18,0,4,0,0,0,0,1,1,6,1,46,8,1995,2,1,2,1,2
2017010040612,1,9,0,3,0,1,0,0,0,0,1,1,6,1,25,5,1598,2,2,4,1,4
2017010040612,2,8,0,4,0,1,0,0,0,0,2,1,1,1,33,6,1339,8,7,4,1,4
2017010040615,1,9,0,18,0,0,0,10,1,10,3,1,6,1,20,4,1596,1,11,4,1,4
2017010040615,2,9,0,18,0,0,0,0,0,0,4,1,6,1,-1,-1,1587,1,13,-1,-1,-1
2017010040616,1,9,0,3,0,4,0,0,0,0,4,1,6,2,60,9,1598,1,10,6,1,6
2017010040616,2,9,0,3,0,4,0,0,0,0,1,1,6,1,73,10,1590,1,15,8,1,8
2017010040620,1,9,0,9,0,8,5,4,0,0,1,1,6,1,60,9,1910,2,9,1,1,1
2017010040620,2,9,0,2,0,2,0,0,0,0,1,1,6,3,-1,-1,1997,2,5,-1,-1,-1
2017010040621,1,9,0,18,0,1,0,0,8,10,1,1,6,1,19,4,1248,1,1,6,1,6
2017010040621,2,19,0,7,0,6,0,7,8,10,3,1,6,1,78,11,1248,2,8,9,1,9
2017010040623,1,11,0,7,0,5,0,0,0,0,0,1,1,1,38,7,4461,2,3,4,1,4
2017010040624,1,9,0,18,0,8,0,0,0,0,1,1,6,2,43,7,1997,2,13,6,1,6
2017010040624,2,9,0,18,0,8,0,0,0,0,3,1,1,1,51,8,2143,2,3,8,1,8
2017010040626,1,9,0,17,0,0,5,0,0,0,1,1,2,1,22,5,1395,1,2,3,1,3
2017010040627,1,9,-1,18,0,1,-1,0,-1,0,3,1,6,1,28,6,1794,1,16,2,1,2
2017010040627,2,9,-1,9,0,1,-1,-1,-1,0,4,-1,6,3,-1,-1,1461,2,13,-1,-1,-1
2017010040628,1,11,0,5,0,1,0,0,0,0,1,1,1,1,27,6,4500,2,7,2,1,2
2017010040628,2,9,0,3,0,1,0,0,0,0,2,1,1,2,46,8,1339,1,12,8,2,8
2017010040631,1,9,0,7,0,-1,0,0,-1,0,0,-1,6,2,-1,-1,1496,2,1,-1,-1,-1
2017010040635,1,9,-1,-1,-1,-1,-1,-1,-1,-1,-1,-1,6,1,-1,-1,1197,1,2,-1,-1,-1
2017010040635,2,1,-1,-1,-1,-1,-1,-1,-1,-1,-1,1,6,1,21,5,-1,-1,-1,9,1,9
2017010040642,1,9,0,18,0,0,0,0,0,0,1,1,2,1,38,7,1999,1,14,2,1,2
2017010040642,2,1,0,16,0,0,0,0,0,0,2,1,6,1,46,8,-1,-1,-1,2,1,2
2017010040650,1,9,0,18,0,8,0,0,0,0,2,-1,6,1,40,7,-1,-1,-1,4,1,4
2017010040650,2,19,0,18,0,8,0,0,0,0,1,-1,6,1,-1,-1,1995,2,3,-1,-1,-1
2017010040651,1,5,0,13,0,0,0,7,1,1,1,1,6,1,38,7,599,1,7,-1,-1,-1
2017010040653,1,9,0,18,0,-1,0,0,0,0,0,1,6,1,-1,-1,1596,1,8,7,1,7
2017010040654,1,3,-1,18,-1,-1,-1,-1,-1,-1,-1,1,6,1,39,7,100,1,13,-1,-1,-1
2017010040654,2,8,-1,-1,-1,-1,-1,-1,-1,-1,-1,-1,6,1,-1,-1,2499,2,7,-1,-1,-1
2017010040655,1,3,0,18,0,0,0,0,0,0,1,1,6,1,45,7,125,1,3,2,1,2
2017010040661,1,9,0,9,0,3,0,0,0,0,1,1,6,1,46,8,1498,1,6,7,1,7
2017010040661,2,1,0,18,0,4,0,0,0,0,3,1,6,1,29,6,-1,-1,-1,4,1,4
2017010040664,1,8,0,1,0,0,0,0,0,0,2,2,1,1,38,7,1797,8,8,3,1,3
2017010040669,1,9,0,18,9,0,5,0,1,10,4,1,1,1,34,6,2967,2,3,3,1,3
2017010040669,2,9,0,2,9,0,0,0,0,0,2,1,6,3,-1,-1,1995,2,1,-1,-1,-1
2017010040671,1,1,0,18,0,0,0,0,0,0,-1,1,6,1,45,7,-1,-1,-1,2,1,2
2017010040679,1,9,0,3,0,0,0,0,0,0,3,2,6,1,32,6,-1,-1,-1,3,1,3
2017010040679,2,3,0,18,0,0,5,0,0,0,1,1,6,1,37,7,125,1,3,1,1,1
2017010040679,3,19,0,3,0,0,0,0,0,0,2,1,1,1,58,9,2198,2,1,10,1,10
2017010040680,1,9,0,-1,0,0,0,0,0,0,-1,-1,6,2,35,6,1968,2,5,2,1,2
2017010040682,1,9,0,3,0,0,0,0,0,0,2,-1,6,2,55,8,1461,2,1,4,1,4
2017010040682,2,9,0,18,0,0,0,0,0,0,1,-1,6,2,-1,-1,1364,1,10,3,1,3
2017010040683,1,9,-1,-1,-1,-1,-1,-1,-1,-1,-1,-1,6,1,41,7,1999,1,13,4,1,4
2017010040683,2,9,-1,-1,-1,-1,-1,-1,-1,-1,-1,-1,6,2,18,4,1242,1,8,9,1,9
2017010040693,1,3,0,18,0,0,0,0,0,0,1,1,6,1,18,4,124,1,4,3,1,3
2017010040693,2,9,0,4,0,0,0,0,0,0,2,1,6,2,57,9,1796,1,9,6,1,6
2017010040693,3,9,0,4,0,0,0,0,0,0,2,1,6,1,40,7,1242,1,16,5,1,5
2017010040696,1,21,0,18,0,1,0,0,0,0,1,1,1,1,51,8,4250,2,5,3,1,3
2017010040696,2,9,0,18,0,1,0,0,0,0,2,1,1,1,36,7,2148,2,9,7,1,7
2017010040698,1,9,0,3,0,1,0,0,0,0,2,1,6,1,-1,-1,1995,2,5,5,1,5
2017010040699,1,9,0,7,0,6,0,0,0,0,1,1,6,1,24,5,2179,2,3,-1,-1,-1
2017010040699,2,8,0,18,0,8,0,0,0,0,4,1,1,1,58,9,1798,1,4,3,1,3
2017010040699,3,20,0,2,0,2,0,0,0,0,0,1,6,3,-1,-1,9290,2,5,-1,-1,-1
2017010040700,1,9,0,18,0,2,0,0,0,0,1,1,1,1,27,6,1248,2,6,-1,-1,-1
2017010040700,2,9,0,10,0,2,0,0,0,0,3,1,6,1,27,6,1998,1,9,5,1,5
2017010040707,1,1,-1,-1,-1,-1,-1,-1,-1,-1,-1,1,6,1,34,6,-1,-1,-1,4,1,4
2017010040707,2,9,-1,-1,-1,-1,-1,-1,-1,-1,-1,-1,6,3,-1,-1,1968,2,9,-1,-1,-1
2017010040708,1,3,-1,13,0,0,2,0,0,0,1,1,6,3,-1,-1,125,1,5,-1,-1,-1
2017010040712,1,9,0,18,0,1,0,4,0,0,3,1,6,1,30,6,2982,2,3,8,1,8
2017010040712,2,19,0,3,0,7,0,0,0,0,4,1,1,1,43,7,2402,2,7,4,1,4
2017010040712,3,19,0,3,0,7,0,0,0,0,4,1,1,1,57,9,2287,2,1,9,1,9
2017010040712,4,19,0,3,0,7,0,0,0,0,2,1,6,1,41,7,2198,2,2,6,1,6
2017010040712,5,9,0,3,0,7,0,0,0,0,2,1,6,1,40,7,1999,1,12,1,1,1
2017010040712,6,9,0,3,0,7,0,0,0,0,2,1,6,2,66,10,2494,8,2,9,1,9
2017010040714,1,9,0,18,0,0,0,12,0,0,1,1,2,1,62,9,1395,1,1,10,1,10
2017010040714,2,9,0,14,0,0,0,4,0,0,1,1,6,2,77,11,1388,1,8,8,1,8
2017010040714,3,9,0,2,0,0,0,0,0,0,2,1,6,3,-1,-1,1461,2,1,-1,-1,-1
2017010040715,1,9,0,18,0,8,0,0,0,0,1,1,6,1,30,6,1686,2,5,4,1,4
2017010040715,2,9,0,9,0,8,0,0,0,0,1,1,6,1,36,7,1598,1,12,6,1,6
2017010040718,1,9,0,7,0,3,0,0,0,0,3,2,6,2,69,10,1799,1,6,1,1,1
2017010040718,2,9,0,7,0,3,0,0,0,0,4,1,6,2,53,8,1986,2,10,3,1,3
2017010040722,1,19,0,9,0,1,0,0,0,0,4,-1,6,1,-1,-1,-1,-1,-1,-1,-1,-1
2017010040722,2,1,0,18,4,1,0,0,0,0,1,1,2,1,32,6,-1,-1,-1,4,1,4
2017010040726,1,1,-1,-1,-1,-1,-1,-1,-1,-1,-1,1,6,2,27,6,-1,-1,-1,4,1,4
2017010040727,1,9,0,14,0,1,0,0,0,0,4,1,6,1,22,5,1388,1,13,4,1,4
2017010040727,2,9,0,18,0,1,0,10,0,0,2,1,6,2,30,6,1991,1,1,7,1,7
2017010040735,1,1,0,18,0,1,5,0,0,0,1,1,6,1,24,5,-1,-1,-1,3,1,3
2017010040735,2,1,0,18,0,8,0,0,0,0,1,1,6,1,-1,-1,-1,-1,-1,3,1,3
2017010040740,1,9,0,9,0,1,0,0,0,0,2,1,2,1,42,7,2143,2,1,4,1,4
2017010040740,2,1,0,9,0,1,0,0,0,0,1,1,2,1,29,6,-1,-1,-1,4,1,4
2017010040741,1,4,0,14,0,1,2,0,0,0,0,1,2,1,25,5,125,1,5,5,1,5
2017010040741,2,19,0,9,0,2,0,0,0,0,0,1,1,1,44,7,2198,2,5,2,1,2
2017010040744,1,9,0,5,0,4,0,0,0,0,1,1,6,1,72,10,1398,2,16,4,1,4
2017010040744,2,19,0,18,0,3,0,0,0,0,4,1,2,2,46,8,2402,2,7,10,1,10
2017010040748,1,1,-1,18,0,1,-1,-1,0,0,1,1,6,1,32,6,-1,-1,-1,5,1,5
2017010040748,2,9,-1,9,0,1,-1,-1,0,0,4,-1,6,2,-1,-1,1389,1,12,-1,-1,-1
2017010040749,1,9,0,10,0,2,0,0,0,0,2,1,1,1,47,8,1399,2,9,-1,-1,-1
2017010040749,2,9,0,18,0,1,0,0,0,0,1,1,6,2,39,7,4806,1,4,9,1,9
2017010040751,1,9,-1,-1,-1,-1,-1,-1,-1,-1,-1,-1,6,1,49,8,-1,-1,-1,2,1,2
2017010040751,2,19,-1,18,-1,-1,-1,-1,-1,-1,-1,-1,6,1,-1,-1,1598,2,1,-1,-1,-1
2017010040754,1,9,0,18,0,2,0,0,0,0,4,1,6,1,27,6,1248,2,8,2,1,2
2017010040754,2,1,0,18,0,2,0,0,0,0,3,1,6,2,30,6,-1,-1,-1,3,1,3
2017010040760,1,19,0,18,0,2,0,0,0,0,4,1,6,3,-1,-1,2298,2,-1,-1,-1,-1
2017010040761,1,9,0,3,0,1,0,0,0,0,2,-1,6,2,19,4,998,1,10,2,1,2
2017010040761,2,3,-1,18,0,4,-1,-1,0,0,1,1,6,3,-1,-1,745,1,2,-1,-1,-1
2017010040762,1,9,0,18,0,1,0,0,0,0,1,1,6,1,74,10,1395,1,-1,5,1,5
2017010040762,2,1,0,18,9,1,0,0,0,0,1,1,6,2,18,4,-1,-1,-1,1,1,1
2017010040764,1,5,0,18,0,8,0,0,0,0,1,1,2,1,48,8,599,1,9,9,1,9
2017010040764,2,9,0,5,0,8,0,0,0,0,4,1,2,2,40,7,1998,1,13,5,1,5
2017010040765,1,9,0,9,0,5,0,0,0,0,4,1,6,2,22,5,1398,1,1,2,1,2
2017010040765,2,9,0,7,2,5,0,0,0,0,1,1,6,1,24,5,1984,1,4,4,1,4
2017010040766,1,11,0,18,0,0,0,0,0,0,0,1,6,1,50,8,4500,2,1,4,1,4
2017010040767,1,11,0,5,0,0,0,0,0,0,0,1,1,1,22,5,3900,2,14,9,1,9
2017010040768,1,11,0,5,0,5,0,0,0,0,0,1,1,1,36,7,6700,2,7,2,1,2
2017010040769,1,9,0,18,0,0,0,10,1,2,1,1,6,1,44,7,2993,2,2,6,1,6
2017010040769,2,1,0,2,9,0,0,0,0,0,3,1,6,3,-1,-1,-1,-1,-1,-1,-1,-1
2017010040770,1,11,0,4,0,1,0,0,0,0,0,1,1,1,48,8,4500,2,2,7,1,7
2017010040772,1,9,0,9,0,6,0,0,0,0,1,1,6,1,19,4,1956,2,5,4,1,4
2017010040772,2,8,0,18,0,1,0,0,0,0,4,1,1,1,37,7,1798,8,5,5,1,5
2017010040774,1,9,0,1,0,2,0,0,0,0,2,1,6,1,40,7,1587,1,12,6,1,6
2017010040775,1,9,0,18,0,1,0,0,0,0,1,1,6,2,87,11,1390,1,19,5,1,5
2017010040775,2,9,0,18,0,8,0,0,0,0,1,1,6,2,46,8,1328,1,9,8,1,8
2017010040777,1,9,0,4,0,1,0,0,0,0,2,1,2,1,56,9,2148,2,12,2,1,2
2017010040777,2,9,0,18,0,1,0,0,0,0,1,1,6,2,-1,-1,999,1,1,-1,-1,-1
2017010040778,1,9,0,4,0,2,0,0,0,0,2,1,6,1,45,7,1968,2,7,4,1,4
2017010040778,2,9,0,18,0,2,0,0,0,0,1,1,6,3,-1,-1,1388,1,15,-1,-1,-1
2017010040778,3,9,0,18,0,2,0,0,0,0,1,1,6,3,-1,-1,1596,1,12,-1,-1,-1
2017010040778,4,9,0,18,0,2,0,0,0,0,1,1,6,3,-1,-1,1389,1,14,-1,-1,-1
2017010040779,1,9,0,18,0,0,0,4,0,0,1,1,6,1,24,5,1595,1,3,3,1,3
2017010040779,2,9,0,2,0,0,0,0,0,0,2,1,6,3,-1,-1,1796,1,14,-1,-1,-1
2017010040779,3,9,0,2,0,0,0,0,0,0,2,1,6,3,-1,-1,2993,2,6,-1,-1,-1
2017010040779,4,9,0,2,0,0,0,0,0,0,2,1,6,3,-1,-1,1598,1,3,-1,-1,-1
2017010040779,5,9,0,2,0,0,0,0,0,0,0,1,6,3,-1,-1,998,1,16,-1,-1,-1
2017010040780,1,11,0,9,0,6,0,0,0,0,0,1,1,1,45,7,6692,2,6,3,1,3
2017010040781,1,5,0,13,0,0,1,0,0,0,1,1,6,1,28,6,998,1,10,7,1,7
2017010040781,2,9,0,3,0,0,0,0,0,0,1,1,6,1,33,6,1498,1,8,3,1,3
2017010040782,1,21,1,18,0,1,0,0,0,0,4,1,1,1,54,8,7146,2,4,9,1,9
2017010040782,2,9,0,18,0,1,0,0,0,0,3,1,6,2,25,5,1339,8,7,6,1,6
2017010040783,1,9,0,3,0,0,0,0,0,0,2,1,6,2,36,7,1400,1,10,4,1,4
2017010040783,2,9,0,4,0,0,0,0,0,0,1,1,6,1,24,5,1390,1,6,3,1,3
2017010040784,1,9,0,9,0,8,0,0,0,0,3,1,1,1,54,8,1598,2,1,4,1,4
2017010040784,2,5,0,13,0,8,1,0,7,10,1,1,6,1,39,7,998,1,13,1,1,1
2017010040785,1,9,0,2,0,2,0,0,0,0,3,1,6,3,-1,-1,-1,-1,-1,-1,-1,-1
2017010040785,2,8,0,18,0,2,0,4,0,0,3,1,2,1,60,9,1791,8,5,4,1,4
2017010040786,1,9,0,18,0,8,0,0,0,0,1,1,6,1,24,5,1229,1,2,5,1,5
2017010040786,2,9,0,9,0,8,0,0,0,0,1,1,6,3,-1,-1,1390,1,17,-1,-1,-1
2017010040788,1,9,0,18,9,0,0,0,1,10,1,1,6,1,27,6,1796,1,12,-1,-1,-1
2017010040792,1,4,0,18,0,1,0,0,0,0,2,1,1,1,23,5,125,1,4,-1,-1,-1
2017010040792,2,9,0,18,0,1,0,0,0,0,1,1,6,3,-1,-1,-1,-1,-1,-1,-1,-1
2017010040793,1,90,0,18,0,0,0,0,0,0,0,1,1,2,30,6,2143,2,6,2,1,2
2017010040796,1,8,0,9,0,5,0,0,0,0,1,1,2,1,32,6,1995,2,5,5,1,5
2017010040796,2,4,0,18,0,8,0,0,0,0,1,1,6,1,22,5,124,1,3,7,1,7
2017010040797,1,9,0,9,0,1,0,0,0,0,1,1,6,2,31,6,1198,1,1,4,1,4
2017010040797,2,9,0,18,0,1,0,0,0,0,4,1,6,2,31,6,1598,1,15,2,1,2
2017010040799,1,3,0,18,0,8,0,0,0,0,1,1,6,1,21,5,125,1,11,6,1,6
2017010040799,2,1,0,9,0,8,0,0,0,0,1,1,6,3,-1,-1,-1,-1,-1,-1,-1,-1
2017010040801,1,9,0,18,0,0,1,0,0,0,4,1,6,2,66,10,1998,1,27,4,3,4
2017010040801,2,21,1,18,0,0,0,0,0,0,3,2,1,1,35,6,-1,-1,-1,-1,-1,-1
2017010040803,1,8,0,1,0,0,0,0,0,0,2,1,1,1,42,7,1364,2,2,3,1,3
2017010040807,1,11,0,18,0,8,0,0,0,0,0,1,1,1,26,6,9000,2,11,2,1,2
2017010040814,1,9,0,4,0,1,0,0,0,0,0,1,2,1,25,5,647,8,2,2,1,2
2017010040828,1,11,0,7,0,8,0,0,0,0,1,1,1,1,28,6,5132,2,1,1,1,1
2017010040838,1,9,0,18,0,0,0,0,0,0,2,-1,6,2,37,7,1910,2,11,2,1,2
2017010040838,2,90,0,18,0,0,0,0,0,0,1,-1,6,1,-1,-1,-1,-1,-1,-1,-1,-1
2017010040842,1,9,0,18,0,1,0,0,0,0,2,1,6,2,67,10,998,1,3,9,1,9
2017010040842,2,9,0,18,0,1,0,0,0,0,1,1,6,2,-1,-1,1299,1,13,4,1,4
2017010040856,1,9,0,9,0,1,0,0,0,0,1,-1,6,2,-1,-1,1461,2,4,4,1,4
2017010040856,2,1,0,18,0,1,0,0,0,0,3,1,6,1,25,5,-1,-1,-1,2,1,2
2017010040857,1,9,0,18,0,8,0,0,-1,0,1,-1,6,1,56,9,1950,2,-1,6,1,6
2017010040857,2,1,0,3,0,-1,2,0,1,0,-1,1,2,1,27,6,-1,-1,-1,4,1,4
2017010040862,1,9,0,3,0,2,0,0,0,0,4,1,6,3,-1,-1,1598,2,3,-1,-1,-1
2017010040864,1,9,0,18,0,8,0,0,0,0,1,-1,6,3,-1,-1,1995,2,2,-1,-1,-1
2017010040870,1,11,0,9,0,8,0,0,0,0,3,1,1,1,54,8,4500,2,3,2,1,2
2017010040870,2,1,0,3,0,8,0,0,0,0,2,1,2,2,26,6,-1,-1,-1,5,1,5
2017010040870,3,1,0,9,0,8,0,0,0,0,0,1,2,2,35,6,-1,-1,-1,7,1,7
2017010040872,1,9,0,9,0,1,0,0,0,0,1,1,6,2,59,9,1395,1,2,9,1,9
2017010040872,2,1,0,18,0,8,0,0,0,0,1,1,2,1,32,6,-1,-1,-1,10,1,10
2017010040875,1,1,0,18,0,1,0,0,0,0,1,1,2,1,61,9,-1,-1,-1,9,1,9
2017010040875,2,9,0,9,0,1,0,0,0,0,1,1,1,1,29,6,1995,2,10,6,1,6