Accident_Index,Vehicle_Reference,Vehicle_Type,Towing_and_Articulation,Vehicle_Manoeuvre,Vehicle_Location-Restricted_Lane,Junction_Location,Skidding_and_Overturning,Hit_Object_in_Carriageway,Vehicle_Leaving_Carriageway,Hit_Object_off_Carriageway,1st_Point_of_Impact,Was_Vehicle_Left_Hand_Drive?,Journey_Purpose_of_Driver,Sex_of_Driver,Age_of_Driver,Age_Band_of_Driver,Engine_Capacity_(CC),Propulsion_Code,Age_of_Vehicle,Driver_IMD_Decile,Driver_Home_Area_Type,Vehicle_IMD_Decile
2017010040878,1,9,-1,-1,-1,-1,-1,-1,-1,-1,-1,-1,6,1,44,7,1368,1,7,4,1,4
2017010040879,1,9,0,1,9,-1,0,0,-1,0,2,1,6,1,-1,-1,1797,8,3,4,1,4
2017010040881,1,9,0,9,0,5,0,0,0,0,4,1,6,1,52,8,1995,1,12,8,1,8
2017010040881,2,5,0,18,0,1,0,0,0,0,1,1,6,1,20,4,689,1,3,9,1,9
2017010040882,1,4,0,18,0,8,0,0,0,0,4,1,6,1,33,6,897,1,12,7,1,7
2017010040882,2,9,0,9,0,8,0,0,0,0,1,1,6,2,-1,-1,1198,1,3,6,3,6
2017010040889,1,1,0,5,0,0,0,0,0,0,0,1,6,1,41,7,-1,-1,-1,6,1,6
2017010040889,2,9,0,18,0,0,0,0,0,0,0,1,6,3,-1,-1,3222,2,14,-1,-1,-1
2017010040890,1,9,0,5,0,4,0,0,0,0,1,1,2,1,24,5,1595,1,13,3,1,3
2017010040899,1,19,0,4,0,1,0,0,0,0,2,1,1,1,41,7,1753,2,12,1,1,1
2017010040900,1,9,0,18,0,2,5,4,0,0,1,1,6,2,52,8,2231,2,11,9,1,9
2017010040900,2,9,0,2,0,1,0,0,0,0,1,1,6,3,-1,-1,1995,2,6,-1,-1,-1
2017010040900,3,9,0,2,0,2,0,0,0,0,1,1,6,3,-1,-1,-1,-1,-1,-1,-1,-1
2017010040900,4,9,0,2,0,1,0,0,0,0,1,1,6,3,-1,-1,2967,2,-1,-1,-1,-1
2017010040902,1,9,0,18,0,8,0,0,0,0,1,1,6,1,27,6,1984,1,-1,2,1,2
2017010040904,1,11,0,4,0,8,0,0,0,0,0,1,1,1,41,7,4500,2,1,4,1,4
2017010040906,1,19,0,18,0,1,0,0,0,0,1,1,1,1,47,8,2402,2,12,1,1,1
2017010040907,1,4,0,18,0,1,0,0,0,0,3,1,1,1,38,7,279,1,4,7,1,7
2017010040907,2,8,0,3,0,1,0,0,0,0,1,1,1,1,30,6,1997,2,4,3,1,3
2017010040908,1,9,0,4,0,0,0,0,0,0,2,1,1,1,26,6,-1,-1,-1,4,1,4
2017010040908,2,1,0,5,0,0,0,4,0,0,1,1,6,2,27,6,-1,-1,-1,2,1,2
2017010040910,1,9,-1,-1,0,1,-1,-1,-1,-1,4,-1,6,1,61,9,1998,1,18,5,1,5
2017010040910,2,9,-1,-1,0,1,-1,-1,-1,-1,3,-1,6,1,-1,-1,-1,-1,-1,-1,-1,-1
2017010040913,1,9,0,7,0,2,0,0,0,0,1,1,1,1,24,5,1796,1,10,2,1,2
2017010040913,2,1,0,7,0,2,0,0,0,0,4,1,2,1,55,8,-1,-1,-1,-1,-1,-1
2017010040914,1,19,0,9,0,6,0,0,0,0,1,1,2,1,58,9,1560,2,-1,-1,-1,-1
2017010040914,2,3,0,18,0,1,0,0,0,0,4,1,2,1,19,4,125,1,4,2,1,2
2017010040915,1,1,0,18,0,1,0,0,0,0,4,1,2,2,30,6,-1,-1,-1,2,1,2
2017010040916,1,9,0,18,0,1,0,0,0,0,1,1,6,1,30,6,2000,2,6,3,1,3
2017010040918,1,9,0,18,-1,-1,0,0,0,0,3,-1,1,2,35,6,1400,1,10,3,1,3
2017010040918,2,9,-1,10,-1,-1,0,-1,-1,-1,1,-1,6,1,39,7,1991,2,7,6,1,6
2017010040919,1,19,0,18,0,8,0,0,0,0,1,1,6,3,-1,-1,2148,2,8,-1,-1,-1
2017010040919,2,1,0,18,0,8,0,0,0,0,1,1,6,2,28,6,-1,-1,-1,8,1,8
2017010040927,1,1,0,18,0,0,0,0,0,0,1,1,6,1,27,6,-1,-1,-1,5,1,5
2017010040927,2,9,0,6,0,0,0,0,0,0,1,-1,6,3,-1,-1,2362,1,14,-1,-1,-1
2017010040929,1,9,0,10,-1,-1,0,-1,-1,-1,-1,-1,2,2,31,6,1984,1,-1,3,1,3
2017010040929,2,1,0,18,-1,-1,0,-1,-1,-1,-1,1,6,1,-1,-1,-1,-1,-1,-1,-1,-1
2017010040930,1,9,-1,10,0,-1,0,0,0,0,4,-1,6,2,48,8,1598,1,9,6,1,6
2017010040930,2,9,-1,-1,-1,-1,-1,0,0,0,-1,-1,6,3,-1,-1,-1,-1,-1,-1,-1,-1
2017010040933,1,11,0,18,0,8,0,0,0,0,0,1,1,2,28,6,8268,2,13,2,1,2
2017010040936,1,10,-1,-1,-1,-1,-1,-1,-1,-1,-1,-1,1,1,-1,-1,-1,-1,-1,4,1,4
2017010040937,1,19,-1,18,0,-1,-1,-1,-1,-1,1,-1,1,1,31,6,2143,2,4,2,1,2
2017010040937,2,9,-1,9,0,1,-1,-1,-1,-1,4,-1,6,3,-1,-1,-1,-1,-1,-1,-1,-1
2017010040939,1,9,0,3,0,2,0,0,0,0,1,1,1,2,51,8,1242,1,6,4,1,4
2017010040945,1,9,0,18,0,1,0,0,0,0,1,1,6,2,67,10,1598,1,3,7,1,7
2017010040945,2,9,0,13,0,2,0,0,0,0,1,1,6,1,43,7,-1,-1,-1,-1,-1,-1
2017010040949,1,9,0,18,0,1,0,4,1,1,1,1,2,1,69,10,1498,1,8,8,1,8
2017010040949,2,9,0,2,0,2,0,0,7,2,1,1,6,3,-1,-1,2148,2,12,-1,-1,-1
2017010040951,1,9,0,18,0,1,0,0,0,0,4,1,6,1,60,9,2494,1,14,3,1,3
2017010040952,1,9,0,8,0,1,0,0,0,0,2,1,6,2,61,9,2494,8,-1,4,1,4
2017010040952,2,9,0,18,0,1,0,0,0,0,1,1,6,2,30,6,1769,1,15,3,1,3
2017010040953,1,19,0,18,0,0,0,0,0,0,4,1,2,1,79,11,2400,1,33,9,3,9
2017010040954,1,9,0,18,0,0,0,0,0,0,4,1,2,1,21,5,1499,1,-1,8,1,8
2017010040955,1,9,0,3,0,1,0,0,0,0,1,1,6,1,52,8,1582,2,2,10,1,10
2017010040955,2,9,0,16,0,1,0,0,0,0,1,1,6,1,34,6,1149,1,13,4,1,4
2017010040956,1,11,0,18,0,2,0,0,0,0,0,1,6,2,51,8,6700,2,5,3,1,3
2017010040957,1,8,0,4,0,3,0,0,0,0,2,1,1,1,26,6,1968,2,5,6,1,6
2017010040957,2,8,0,18,0,8,0,0,0,0,1,1,1,1,45,7,1950,2,1,4,1,4
2017010040958,1,19,0,9,0,8,0,0,0,0,3,1,1,1,35,6,1598,2,1,6,1,6
2017010040958,2,3,0,13,0,8,5,0,0,0,4,1,2,1,39,7,125,1,-1,3,1,3
2017010040959,1,3,0,18,0,2,0,0,0,0,1,1,6,3,-1,-1,-1,-1,-1,-1,-1,-1
2017010040960,1,9,0,9,0,2,0,10,4,10,1,1,6,1,19,4,1229,1,2,10,1,10
2017010040961,1,9,0,18,0,1,0,0,0,0,1,1,6,2,25,5,1198,1,13,6,1,6
2017010040961,2,9,0,9,0,8,0,0,0,0,1,1,1,1,24,5,-1,-1,-1,7,1,7
2017010040962,1,9,0,5,0,3,0,0,0,0,1,1,6,1,59,9,1797,8,7,8,1,8
2017010040962,2,9,0,3,0,3,0,0,0,0,2,1,6,1,30,6,1995,2,12,4,1,4
2017010040963,1,11,0,5,2,1,0,0,0,0,0,1,1,1,27,6,9360,2,7,1,1,1
2017010040964,1,3,0,18,0,2,2,0,0,0,3,1,6,1,21,5,125,1,11,4,1,4
2017010040964,2,9,0,18,0,2,0,0,0,0,4,1,1,1,39,7,1499,1,-1,5,1,5
2017010040965,1,9,0,9,0,5,0,0,0,0,3,1,1,1,35,6,-1,-1,-1,3,1,3
2017010040965,2,1,0,18,4,8,0,0,0,0,1,1,2,2,39,7,-1,-1,-1,3,1,3
2017010040966,1,9,0,9,0,6,0,0,0,0,1,1,6,2,60,9,1242,1,4,6,1,6
2017010040966,2,9,0,18,0,8,0,0,0,0,3,1,6,2,45,7,998,1,-1,3,1,3
2017010040967,1,9,0,18,0,8,0,0,0,0,1,1,6,3,-1,-1,-1,-1,-1,-1,-1,-1
2017010040968,1,21,0,5,0,1,0,0,0,0,0,1,1,1,54,8,12809,2,4,7,1,7
2017010040970,1,4,0,18,0,8,1,0,0,0,4,1,6,1,22,5,125,1,1,4,1,4
2017010040970,2,9,0,6,0,8,0,0,0,0,4,1,6,2,31,6,1598,2,7,9,1,9
2017010040972,1,9,0,5,0,6,0,0,0,0,1,1,2,1,30,6,2143,2,-1,6,1,6
2017010040972,2,9,0,18,0,6,1,0,0,0,1,1,6,1,32,6,2979,1,3,-1,-1,-1
2017010040972,3,9,0,2,0,4,0,0,0,0,2,1,6,3,-1,-1,-1,-1,-1,-1,-1,-1
2017010040973,1,3,0,14,0,1,0,0,0,0,1,1,1,1,21,5,124,1,-1,1,1,1
2017010040973,2,9,0,5,0,1,0,0,0,0,1,1,6,1,50,8,698,1,12,5,1,5
2017010040974,1,9,0,7,0,1,0,0,0,0,4,1,6,1,46,8,2987,2,9,3,1,3
2017010040975,1,9,0,18,0,8,0,0,0,0,3,1,2,1,37,7,1984,1,8,5,1,5
2017010040975,2,3,0,10,0,6,0,0,0,0,4,1,2,1,19,4,125,1,9,8,1,8
2017010040977,1,9,0,10,0,1,0,0,0,0,4,1,6,1,37,7,1968,2,10,3,1,3
2017010040977,2,9,0,18,0,1,0,4,0,0,1,1,6,1,33,6,2987,2,5,8,1,8
2017010040978,1,3,0,18,0,0,0,0,0,0,1,1,6,1,29,6,125,1,5,4,1,4
2017010040978,2,11,0,2,2,0,0,0,0,0,3,1,6,3,-1,-1,4500,2,2,-1,-1,-1
2017010040980,1,1,0,18,0,2,5,0,0,0,2,1,6,1,22,5,-1,-1,-1,1,1,1
2017010040980,2,9,0,18,0,2,0,4,0,0,1,1,6,1,23,5,1398,1,13,2,1,2
2017010040980,3,9,0,2,0,2,0,10,7,0,2,1,6,3,-1,-1,2231,2,5,-1,-1,-1
2017010040981,1,8,0,6,0,1,0,0,0,0,4,1,1,1,37,7,1956,2,5,3,1,3
2017010040981,2,3,0,18,0,2,0,0,0,0,1,1,6,1,18,4,108,1,3,7,1,7
2017010040982,1,9,0,18,0,8,0,0,0,0,1,1,6,2,47,8,1769,1,13,3,1,3
2017010040982,2,9,0,9,0,8,0,0,0,0,4,1,6,1,30,6,2987,2,3,3,1,3
2017010040984,1,3,0,18,0,0,0,0,0,0,1,1,1,1,35,6,108,1,-1,9,1,9
2017010040986,1,8,0,18,0,1,0,0,0,0,1,1,1,1,41,7,-1,-1,-1,2,1,2
2017010040988,1,9,0,6,0,1,0,0,0,0,4,1,1,1,72,10,-1,-1,-1,9,1,9
2017010040988,2,5,0,18,0,1,0,0,0,0,1,1,6,1,25,5,600,1,4,7,1,7
2017010040989,1,9,0,18,0,6,0,0,0,0,4,1,6,1,41,7,1997,2,8,6,1,6
2017010040989,2,8,0,7,0,6,0,0,0,0,1,1,1,1,43,7,1968,2,3,6,1,6
2017010040991,1,9,0,18,0,1,2,10,0,0,1,2,6,1,30,6,2500,1,9,6,2,6
2017010040992,1,3,0,18,2,1,0,0,0,0,1,1,6,1,21,5,125,1,11,3,1,3
2017010040992,2,9,0,7,0,1,0,0,0,0,1,1,6,2,-1,-1,1984,1,8,-1,-1,-1
2017010040995,1,9,0,18,0,0,5,0,5,6,3,1,6,1,43,7,1339,1,12,1,1,1
2017010040995,2,21,1,11,0,0,0,0,0,0,4,1,1,1,52,8,11705,2,10,2,1,2
2017010040997,1,11,0,9,0,8,0,0,0,0,0,1,1,2,25,5,4461,2,4,5,3,5
2017010040998,1,9,0,18,0,1,0,0,0,0,1,1,6,1,26,6,1596,1,13,5,1,5
2017010040998,2,9,0,18,0,6,0,0,0,0,3,1,6,1,45,7,6592,1,2,5,1,5
2017010040999,1,9,0,5,0,8,0,0,0,0,1,1,2,1,45,7,1968,2,3,3,1,3
2017010040999,2,9,0,18,0,8,0,0,0,0,3,1,1,2,35,6,1968,2,2,7,1,7
2017010041000,1,3,0,7,0,1,1,0,0,0,0,1,6,2,17,4,-1,-1,-1,1,1,1
2017010041002,1,19,0,17,0,8,0,0,0,0,1,1,2,1,38,7,1560,2,6,5,1,5
2017010041002,2,9,0,4,0,8,0,0,0,0,2,1,2,2,42,7,1242,1,5,2,1,2
2017010041003,1,9,0,9,0,2,0,0,0,0,3,1,6,1,83,11,3311,8,10,6,1,6
2017010041003,2,3,0,18,0,2,0,0,0,0,1,1,6,1,33,6,124,1,3,6,1,6
2017010041004,1,9,0,8,0,5,0,0,0,0,2,1,6,2,34,6,1799,1,6,4,1,4
2017010041004,2,3,0,18,0,1,0,0,0,0,1,1,1,1,25,5,108,1,1,3,1,3
2017010041005,1,90,0,9,0,8,0,0,0,0,4,1,6,2,29,6,2143,2,7,5,1,5
2017010041005,2,1,0,18,0,1,0,0,0,0,1,1,6,1,32,6,-1,-1,-1,6,1,6
2017010041006,1,9,0,13,0,0,1,10,0,0,1,1,6,1,22,5,4799,1,11,2,1,2
2017010041006,2,9,0,12,0,0,0,0,0,0,1,1,6,1,57,9,2231,2,12,3,1,3
2017010041007,1,19,0,2,0,1,0,0,0,0,0,1,6,3,-1,-1,1995,2,-1,-1,-1,-1
2017010041007,2,1,0,18,0,5,0,4,0,0,1,1,6,1,46,8,-1,-1,-1,10,1,10
2017010041009,1,9,0,7,0,5,0,0,0,0,4,1,2,1,24,5,1399,1,2,8,1,8
2017010041009,2,1,0,15,0,1,1,0,0,0,1,1,2,1,51,8,-1,-1,-1,7,1,7
2017010041010,1,11,0,18,0,1,0,0,0,0,0,1,1,2,33,6,4500,2,2,4,1,4
2017010041011,1,9,0,3,0,1,0,0,0,0,2,1,6,1,29,6,1997,2,10,2,1,2
2017010041011,2,9,0,3,0,1,0,0,0,0,2,1,6,1,27,6,1368,1,8,5,1,5
2017010041011,3,9,0,18,0,1,0,0,0,0,1,1,6,1,80,11,1298,1,16,2,1,2
2017010041012,1,9,0,18,0,0,0,0,0,0,0,1,6,1,22,5,1998,1,15,2,1,2
2017010041013,1,8,0,18,0,8,0,0,0,0,1,1,1,1,41,7,1598,1,4,2,1,2
2017010041014,1,4,0,15,0,8,5,0,0,0,0,1,6,1,31,6,124,1,1,5,1,5
2017010041014,2,9,0,12,0,5,0,0,0,0,0,1,6,1,28,6,2993,2,1,10,1,10
2017010041016,1,8,0,9,0,1,0,0,0,0,4,1,1,1,41,7,2143,2,4,2,1,2
2017010041016,2,1,0,13,0,1,1,0,0,0,1,1,6,1,20,4,-1,-1,-1,1,1,1
2017010041017,1,9,0,18,0,4,0,0,0,0,1,1,6,1,22,5,1956,2,5,6,1,6
2017010041017,2,5,0,3,0,4,0,0,0,0,2,1,6,1,49,8,649,1,15,10,1,10
2017010041018,1,9,0,18,0,6,0,7,0,0,1,1,6,1,27,6,1598,1,11,4,1,4
2017010041019,1,3,0,14,0,8,0,0,0,0,1,1,6,1,18,4,-1,-1,-1,2,1,2
2017010041019,2,19,0,5,0,2,0,0,0,0,3,1,6,1,35,6,-1,-1,-1,-1,-1,-1
2017010041020,1,9,0,18,0,0,0,0,0,0,3,1,6,1,26,6,1997,2,1,7,1,7
2017010041020,2,9,0,18,0,0,0,0,0,0,1,1,6,2,47,8,1360,1,5,10,1,10
2017010041020,3,9,0,18,0,0,0,0,0,0,1,1,6,1,60,9,2720,2,11,8,1,8
2017010041021,1,9,0,9,0,1,0,0,0,0,3,1,6,1,50,8,3199,1,16,2,1,2
2017010041021,2,3,0,13,0,1,0,0,0,0,4,1,6,1,24,5,124,1,3,2,1,2
2017010041022,1,9,0,9,0,6,0,0,0,0,1,1,2,2,44,7,2688,2,16,2,1,2
2017010041022,2,1,0,5,0,6,0,0,0,0,2,1,6,1,11,3,-1,-1,-1,3,1,3
2017010041023,1,9,0,18,9,0,0,7,1,10,4,1,6,1,24,5,2997,1,19,5,1,5
2017010041024,1,9,0,5,0,4,0,0,0,0,2,1,6,1,55,8,4691,1,4,7,1,7
2017010041024,2,9,0,5,0,4,0,0,0,0,1,1,6,1,19,4,1995,2,9,10,1,10
2017010041025,1,9,0,18,0,0,0,0,0,0,1,1,6,2,28,6,1329,1,4,6,1,6
2017010041025,2,9,0,4,0,0,0,0,0,0,2,1,6,1,55,8,1461,2,15,6,1,6
2017010041026,1,4,0,9,0,4,1,0,0,0,0,1,1,1,26,6,108,1,4,7,1,7
2017010041026,2,9,0,5,0,4,0,0,0,0,2,1,6,1,31,6,1968,2,6,9,1,9
2017010041027,1,9,0,18,0,0,0,0,0,0,1,1,6,2,26,6,1200,1,-1,2,1,2
2017010041027,2,19,0,2,0,0,0,0,0,0,0,1,6,3,-1,-1,3900,2,13,-1,-1,-1
2017010041029,1,11,0,4,0,8,0,0,0,0,1,1,1,1,26,6,8268,2,13,3,1,3
2017010041029,2,1,0,18,0,8,0,0,0,0,1,1,6,1,47,8,-1,-1,-1,4,1,4
2017010041030,1,9,0,18,0,8,2,0,0,0,1,1,6,1,25,5,6749,1,8,4,1,4
2017010041030,2,8,0,5,0,8,0,10,0,0,1,1,1,1,42,7,1798,8,1,4,1,4
2017010041031,1,9,0,9,9,2,0,7,0,0,1,1,6,1,44,7,1360,1,17,5,1,5
2017010041033,1,9,0,1,0,1,0,0,0,0,1,1,1,1,38,7,1598,1,9,3,1,3
2017010041033,2,5,0,16,0,1,0,4,0,0,1,1,2,1,27,6,998,1,-1,8,1,8
2017010041034,1,9,0,3,0,1,0,0,0,0,2,1,6,2,53,8,1850,1,17,4,1,4
2017010041034,2,9,0,-1,0,1,0,0,0,0,1,-1,6,3,-1,-1,1995,1,9,-1,-1,-1
2017010041035,1,9,0,3,0,0,0,0,0,0,2,1,6,1,39,7,1296,1,9,3,1,3
2017010041035,2,9,0,18,0,0,0,4,0,0,1,1,2,2,28,6,1796,2,4,3,1,3
2017010041038,1,9,0,18,0,8,0,0,0,0,1,1,6,1,41,7,2698,2,9,8,1,8
2017010041038,2,9,0,18,0,8,0,0,0,0,4,1,6,1,38,7,1560,2,6,5,1,5
2017010041039,1,3,0,14,0,1,0,0,0,0,1,1,6,1,26,6,125,1,1,3,1,3
2017010041039,2,9,0,9,0,2,0,0,0,0,3,1,6,3,-1,-1,1598,1,12,-1,-1,-1
2017010041040,1,9,0,18,0,0,0,0,0,0,4,1,6,2,68,10,1197,1,-1,6,1,6
2017010041042,1,9,0,18,0,6,0,0,0,0,1,1,6,1,30,6,1395,1,3,2,1,2
2017010041042,2,9,0,18,0,6,0,0,0,0,1,1,6,3,22,5,1796,1,13,-1,-1,-1
2017010041043,1,9,0,18,0,6,0,0,0,0,4,1,6,2,26,6,1198,1,5,4,1,4
2017010041044,1,9,0,18,0,0,2,4,0,0,1,1,6,1,48,8,1968,2,7,-1,-1,-1
2017010041044,2,9,0,2,0,0,0,0,0,0,1,1,6,3,-1,-1,1598,2,6,-1,-1,-1
2017010041045,1,8,0,11,0,2,0,0,0,0,4,1,1,1,36,7,1560,2,6,3,1,3
2017010041045,2,9,0,13,2,2,0,0,1,0,1,1,1,1,41,7,2993,2,2,4,1,4
2017010041047,1,9,0,7,0,8,1,0,1,0,4,1,2,1,61,9,2143,2,8,7,1,7
2017010041047,2,19,0,18,0,8,0,0,1,2,1,1,2,1,32,6,1560,2,4,4,1,4
2017010041049,1,9,0,16,0,1,2,7,0,0,1,1,6,1,21,5,1242,1,7,10,1,10
2017010041050,1,9,0,18,0,1,5,4,0,0,4,1,6,2,22,5,1390,1,6,3,1,3
2017010041050,2,9,0,2,0,2,0,0,0,0,3,1,6,3,-1,-1,1995,2,5,-1,-1,-1
2017010041052,1,9,0,9,0,6,0,0,0,0,1,1,6,1,19,4,1248,2,4,2,1,2
2017010041053,1,8,0,2,0,0,0,0,0,0,2,1,6,3,-1,-1,1560,2,5,-1,-1,-1
2017010041053,2,1,0,18,0,0,0,4,0,0,1,1,6,2,21,5,-1,-1,-1,4,1,4
2017010041054,1,8,0,5,0,3,0,0,0,0,1,1,6,1,30,6,1956,2,4,3,1,3
2017010041054,2,1,0,9,0,3,0,0,0,0,1,1,6,2,39,7,-1,-1,-1,3,1,3
2017010041055,1,9,0,9,0,8,0,0,0,0,1,1,1,1,51,8,-1,-1,-1,6,1,6
2017010041057,1,3,0,18,0,0,-1,0,0,0,1,1,6,1,23,5,108,1,1,5,1,5
2017010041057,2,8,0,11,0,0,-1,0,0,0,3,-1,6,1,25,5,1797,8,7,-1,-1,-1
2017010041058,1,9,0,1,0,1,0,0,0,0,2,1,6,1,-1,-1,1998,2,13,3,1,3
2017010041058,2,90,0,18,0,2,0,0,0,0,4,1,6,1,55,8,-1,-1,-1,3,1,3
2017010041059,1,9,0,5,0,6,0,0,0,0,1,2,6,1,38,7,1598,1,3,4,1,4
2017010041059,2,2,0,18,0,1,0,0,0,0,1,1,6,1,29,6,125,1,3,4,1,4
2017010041061,1,8,0,4,0,8,0,0,0,0,4,1,1,1,29,6,1995,2,4,2,1,2
2017010041061,2,9,0,2,0,8,0,10,0,0,0,1,6,3,-1,-1,1968,2,2,-1,-1,-1
2017010041062,1,9,0,18,0,8,0,0,0,0,1,1,6,1,56,9,1390,1,7,-1,-1,-1
2017010041063,1,9,0,18,0,8,0,0,1,10,3,1,6,1,47,8,1368,1,-1,9,1,9
2017010041063,2,9,0,18,0,8,2,0,0,0,4,1,6,1,25,5,998,1,16,4,1,4
2017010041065,1,9,0,7,0,4,1,0,0,0,1,1,6,1,31,6,998,1,15,1,1,1
2017010041066,1,9,0,18,0,1,0,0,0,0,1,1,6,1,36,7,1998,1,13,1,1,1
2017010041066,2,1,0,18,0,6,0,0,7,0,1,1,6,1,13,3,-1,-1,-1,-1,-1,-1
2017010041067,1,9,0,9,9,5,0,7,1,2,1,1,6,1,28,6,2143,2,1,6,1,6
2017010041069,1,19,0,1,9,1,0,0,0,0,1,1,2,1,20,4,2148,2,9,2,1,2
2017010041071,1,9,0,18,0,8,0,0,0,0,1,1,6,2,43,7,1299,1,13,3,1,3
2017010041071,2,9,0,18,0,8,0,11,0,0,3,1,6,2,59,9,1995,2,14,4,1,4
2017010041072,1,19,0,4,0,8,0,4,0,0,2,1,1,1,21,5,7698,2,2,3,1,3
2017010041072,2,19,0,13,0,1,0,4,0,0,1,1,6,1,36,7,1390,1,20,5,1,5
2017010041074,1,9,0,4,0,0,0,0,0,0,2,1,6,1,47,8,1398,1,-1,4,1,4
2017010041074,2,8,0,18,0,0,0,0,0,0,1,1,1,1,42,7,1798,8,5,1,1,1
2017010041075,1,4,0,18,0,2,0,4,0,0,1,1,6,1,29,6,599,1,7,5,1,5
2017010041075,2,9,0,5,0,2,0,0,0,0,1,1,6,1,60,9,1499,2,1,3,1,3
2017010041075,3,9,0,2,0,2,0,0,0,0,0,2,6,3,-1,-1,1498,1,11,-1,-1,-1
2017010041075,4,9,0,2,0,2,0,0,0,0,0,2,6,3,-1,-1,2995,1,7,-1,-1,-1
2017010041075,5,9,0,2,0,2,0,0,0,0,0,2,6,3,-1,-1,-1,-1,-1,-1,-1,-1
2017010041075,6,9,0,2,0,2,0,0,0,0,0,2,6,3,-1,-1,998,1,16,-1,-1,-1
2017010041075,7,9,0,2,0,2,0,0,0,0,0,2,6,3,-1,-1,1390,1,15,-1,-1,-1
2017010041077,1,1,0,18,9,1,0,0,0,0,1,1,2,1,42,7,-1,-1,-1,2,1,2
2017010041079,1,11,0,5,2,1,0,0,0,0,0,1,6,1,33,6,6692,2,6,2,1,2
2017010041080,1,1,0,18,0,0,0,0,0,0,3,1,6,2,65,9,-1,-1,-1,6,1,6
2017010041080,2,1,0,18,0,0,0,0,0,0,1,1,6,1,18,4,-1,-1,-1,2,1,2
2017010041081,1,9,0,5,0,0,5,4,1,2,1,1,6,1,41,7,1248,2,11,4,2,4
2017010041081,2,9,0,2,0,0,0,0,0,0,1,1,6,3,-1,-1,-1,-1,-1,-1,-1,-1
2017010041083,1,90,0,18,0,1,0,0,0,0,1,1,6,3,-1,-1,-1,-1,-1,-1,-1,-1
2017010041083,2,9,0,3,0,1,0,0,0,0,2,1,6,1,37,7,973,1,18,1,1,1
2017010041085,1,9,0,15,0,-1,1,0,0,0,3,1,2,2,20,4,998,1,9,4,1,4
2017010041085,2,9,0,6,0,-1,0,0,0,0,1,1,6,1,38,7,1598,1,5,4,1,4
2017010041087,1,19,0,18,0,1,0,0,0,0,1,1,1,1,62,9,1499,2,1,7,1,7
2017010041087,2,1,0,13,0,1,0,0,0,0,1,1,6,1,49,8,-1,-1,-1,2,1,2
2017010041088,1,3,0,15,0,0,0,0,0,0,1,1,1,1,43,7,125,1,2,1,1,1
2017010041088,2,9,0,18,0,0,0,0,0,0,0,1,6,3,-1,-1,1497,1,14,-1,-1,-1
2017010041088,3,9,0,2,0,0,0,0,0,0,2,1,6,3,-1,-1,-1,-1,-1,-1,-1,-1
2017010041090,1,9,0,18,0,6,0,0,0,0,3,1,6,1,20,4,1242,1,10,2,1,2
2017010041090,2,8,0,18,0,8,0,0,0,0,4,1,6,3,-1,-1,2499,2,2,-1,-1,-1
2017010041092,1,9,0,1,0,1,0,0,0,0,1,1,6,1,58,9,1991,2,10,2,1,2
2017010041092,2,9,0,1,0,1,0,4,7,0,1,1,6,1,19,4,1598,2,5,2,1,2
2017010041093,1,19,0,18,0,1,0,0,0,0,4,1,6,1,28,6,2402,2,7,4,1,4
2017010041097,1,9,0,7,2,1,0,0,0,0,4,-1,6,1,67,10,2987,2,6,3,1,3
2017010041097,2,1,0,18,2,1,0,0,0,0,1,1,2,1,22,5,-1,-1,-1,1,1,1
2017010041099,1,9,0,3,0,0,0,0,0,0,2,1,6,2,47,8,1197,1,-1,1,1,1
2017010041099,2,9,0,4,0,0,0,0,0,0,1,1,6,1,46,8,1596,1,6,-1,-1,-1
2017010041100,1,9,0,18,0,1,0,0,4,0,2,2,6,1,21,5,-1,-1,-1,2,1,2
2017010041100,2,9,0,18,0,1,0,0,1,7,1,1,6,1,29,6,1242,1,9,3,1,3
2017010041101,1,9,0,3,0,1,0,0,0,0,2,1,6,2,32,6,1397,1,7,2,1,2
2017010041101,2,9,0,4,0,1,0,0,0,0,1,1,6,3,-1,-1,1364,1,11,-1,-1,-1
2017010041102,1,9,0,5,0,8,0,0,1,10,3,1,6,1,27,6,1242,1,1,5,1,5
2017010041102,2,9,0,18,0,1,0,0,7,0,1,1,6,2,50,8,1590,1,23,6,1,6
2017010041103,1,9,0,18,0,0,0,0,0,0,1,1,6,1,28,6,1560,2,11,4,1,4
2017010041104,1,9,0,9,0,1,0,0,0,0,1,1,6,2,30,6,1395,1,1,-1,-1,-1
2017010041104,2,9,0,18,0,1,0,0,0,0,1,1,6,1,28,6,1497,8,10,5,1,5
2017010041105,1,9,0,3,0,0,0,0,0,0,2,1,6,1,53,8,2393,1,15,9,1,9
2017010041105,2,9,0,18,0,0,0,0,0,0,1,1,6,2,81,11,1108,1,13,5,1,5
2017010041106,1,11,0,12,0,1,0,0,0,0,3,1,6,1,60,9,7300,2,13,3,1,3
2017010041106,2,3,0,13,0,1,0,0,0,0,4,1,6,1,40,7,124,1,4,5,1,5
2017010041107,1,9,0,18,0,8,0,0,0,0,3,1,2,1,46,8,-1,-1,-1,5,1,5
2017010041107,2,8,0,18,0,8,0,0,0,0,1,1,6,1,24,5,1968,2,-1,3,1,3
2017010041108,1,9,0,3,0,1,0,0,0,0,2,1,6,1,60,9,1197,1,2,4,1,4