Accident_Index,Vehicle_Reference,Vehicle_Type,Towing_and_Articulation,Vehicle_Manoeuvre,Vehicle_Location-Restricted_Lane,Junction_Location,Skidding_and_Overturning,Hit_Object_in_Carriageway,Vehicle_Leaving_Carriageway,Hit_Object_off_Carriageway,1st_Point_of_Impact,Was_Vehicle_Left_Hand_Drive?,Journey_Purpose_of_Driver,Sex_of_Driver,Age_of_Driver,Age_Band_of_Driver,Engine_Capacity_(CC),Propulsion_Code,Age_of_Vehicle,Driver_IMD_Decile,Driver_Home_Area_Type,Vehicle_IMD_Decile
2017010041110,1,11,0,18,0,2,0,0,0,0,4,1,1,1,50,8,-1,-1,-1,5,1,5
2017010041111,1,3,0,14,0,1,0,0,0,0,1,1,6,1,27,6,124,1,2,2,1,2
2017010041111,2,9,0,3,0,1,0,0,0,0,0,1,6,1,27,6,1910,2,10,8,1,8
2017010041112,1,3,0,15,0,2,0,0,0,0,3,1,6,1,23,5,-1,-1,-1,9,1,9
2017010041112,2,8,0,18,0,2,0,0,0,0,4,1,6,3,-1,-1,1798,8,1,-1,-1,-1
2017010041115,1,9,0,18,0,2,0,0,0,0,4,1,6,2,54,8,1197,1,3,2,1,2
2017010041118,1,19,0,10,0,1,1,0,0,0,4,1,6,1,57,9,1896,2,11,3,1,3
2017010041118,2,5,0,18,0,1,5,0,0,0,1,1,6,1,21,5,1000,1,12,4,1,4
2017010041119,1,3,0,18,0,1,0,0,0,0,1,1,6,1,21,5,125,1,1,4,1,4
2017010041119,2,9,0,9,0,6,0,0,0,0,3,1,6,1,53,8,1910,2,10,2,1,2
2017010041120,1,9,0,9,0,5,0,0,0,0,1,1,6,2,23,5,1229,1,10,1,1,1
2017010041120,2,5,0,5,0,8,0,0,0,0,3,1,2,1,24,5,689,1,3,8,1,8
2017010041123,1,3,0,13,0,5,0,0,0,0,1,1,6,1,75,10,124,1,13,9,1,9
2017010041123,2,9,0,6,0,5,0,0,0,0,3,1,6,2,43,7,1968,2,2,4,1,4
2017010041124,1,9,0,18,0,4,1,9,0,0,3,1,1,1,20,4,1229,1,2,5,1,5
2017010041124,2,19,0,18,0,4,0,0,0,0,1,1,1,1,17,4,-1,-1,-1,3,1,3
2017010041143,1,9,0,18,0,6,0,0,0,0,3,1,6,3,-1,-1,-1,-1,-1,-1,-1,-1
2017010041151,1,1,0,18,0,8,0,0,0,0,1,1,6,1,41,7,-1,-1,-1,10,1,10
2017010041158,1,9,0,18,0,0,0,0,0,0,-1,1,6,3,-1,-1,1798,8,5,-1,-1,-1
2017010041161,1,9,0,4,0,0,0,0,0,0,2,-1,6,2,32,6,1598,1,4,3,1,3
2017010041161,2,9,-1,-1,0,0,0,-1,0,0,1,-1,6,1,-1,-1,1995,2,8,-1,-1,-1
2017010041163,1,1,0,18,0,5,0,0,0,0,1,1,6,1,30,6,-1,-1,-1,5,1,5
2017010041163,2,9,-1,9,0,5,-1,0,0,0,4,-1,6,3,-1,-1,-1,-1,-1,-1,-1,-1
2017010041165,1,3,0,18,0,4,0,0,0,0,1,1,6,1,26,6,599,1,15,7,1,7
2017010041165,2,9,0,5,0,1,0,0,0,0,1,1,2,2,56,9,1497,8,12,2,1,2
2017010041170,1,9,-1,14,0,0,0,0,0,0,-1,-1,6,1,-1,-1,1497,8,12,-1,-1,-1
2017010041170,2,1,0,18,2,0,0,0,0,0,4,1,2,1,44,7,-1,-1,-1,3,1,3
2017010041173,1,1,0,9,0,1,0,0,0,0,1,1,6,3,-1,-1,-1,-1,-1,-1,-1,-1
2017010041177,1,1,0,18,0,-1,0,0,0,0,1,1,6,1,46,8,-1,-1,-1,3,1,3
2017010041177,2,19,0,18,0,-1,0,0,0,0,-1,-1,6,3,-1,-1,1870,2,15,-1,-1,-1
2017010041184,1,11,0,18,0,1,0,0,0,0,1,1,1,1,41,7,4760,2,5,3,1,3
2017010041187,1,9,0,18,0,2,0,7,1,10,1,1,1,1,45,7,998,1,1,1,1,1
2017010041189,1,9,0,18,0,8,0,0,0,0,3,1,2,1,25,5,1200,1,1,3,1,3
2017010041189,2,19,0,5,0,6,0,0,0,0,1,1,1,1,26,6,1995,2,9,9,1,9
2017010041194,1,9,0,15,0,0,0,0,0,0,1,1,2,1,61,9,-1,-1,-1,6,1,6
2017010041195,1,9,0,4,0,2,0,0,0,0,2,1,6,1,24,5,1390,1,11,3,1,3
2017010041195,2,19,0,5,0,2,1,0,0,0,1,1,1,1,43,7,2198,2,3,5,1,5
2017010041197,1,9,0,9,0,1,0,0,0,0,3,1,2,1,28,6,1798,8,1,5,1,5
2017010041197,2,9,0,18,0,1,0,0,0,0,1,1,6,1,42,7,1596,1,5,2,1,2
2017010041199,1,9,0,11,0,0,0,0,0,0,2,1,6,1,81,11,1198,1,3,8,1,8
2017010041199,2,4,0,18,0,0,0,0,0,0,1,1,2,1,45,7,125,1,7,8,1,8
2017010041202,1,4,0,18,0,8,5,0,0,0,4,1,6,1,24,5,296,1,2,-1,-1,-1
2017010041202,2,9,0,18,0,8,0,0,0,0,1,-1,6,1,29,6,1560,2,6,-1,-1,-1
2017010041212,1,9,0,16,2,1,0,0,0,0,1,1,6,3,-1,-1,-1,-1,-1,-1,-1,-1
2017010041217,1,9,0,4,0,3,0,0,0,0,2,1,6,1,51,8,1798,8,1,2,1,2
2017010041217,2,9,0,12,0,3,0,0,0,0,1,1,6,1,22,5,1995,2,10,4,1,4
2017010041218,1,9,0,12,0,1,0,0,0,0,4,1,6,1,50,8,1991,1,-1,7,1,7
2017010041218,2,4,0,18,0,1,0,0,3,0,4,1,2,1,38,7,998,1,14,10,2,10
2017010041218,3,9,0,18,0,1,0,0,0,0,0,1,6,1,-1,-1,1797,8,7,4,1,4
2017010041224,1,9,0,7,0,3,0,0,0,0,3,1,2,2,57,9,-1,-1,-1,8,1,8
2017010041224,2,1,0,18,0,3,0,0,0,0,1,1,2,1,38,7,-1,-1,-1,2,1,2
2017010041225,1,9,0,18,0,0,0,0,0,0,4,1,6,3,-1,-1,-1,-1,-1,-1,-1,-1
2017010041229,1,11,0,9,2,0,0,0,0,0,0,2,1,1,37,7,5132,2,2,5,1,5
2017010041237,1,2,0,17,0,1,1,4,0,0,1,1,6,1,18,4,108,1,3,3,1,3
2017010041237,2,9,0,2,0,2,0,0,0,0,2,1,6,3,-1,-1,2993,2,-1,-1,-1,-1
2017010041248,1,9,0,18,0,1,5,4,0,0,1,1,6,2,84,11,1339,1,11,5,1,5
2017010041248,2,9,0,2,0,1,0,0,0,0,1,2,6,3,-1,-1,-1,-1,-1,-1,-1,-1
2017010041250,1,19,0,13,0,0,0,0,0,0,2,1,1,1,38,7,2402,2,10,4,1,4
2017010041250,2,11,0,18,0,0,0,0,0,0,1,1,1,1,32,6,4500,2,8,4,1,4
2017010041256,1,9,-1,7,0,3,0,0,0,0,4,-1,6,3,-1,-1,1598,1,10,-1,-1,-1
2017010041256,2,1,0,18,0,8,-1,0,0,0,3,1,6,1,38,7,-1,-1,-1,3,1,3
2017010041257,1,9,0,18,0,0,0,0,0,0,4,1,6,2,68,10,1242,1,8,9,1,9
2017010041257,2,10,0,18,0,0,0,0,0,0,4,1,6,1,59,9,1968,2,7,2,1,2
2017010041258,1,8,0,4,0,1,0,0,0,0,2,1,2,1,78,11,2402,2,13,2,1,2
2017010041258,2,1,0,18,0,1,0,0,0,0,1,1,2,1,21,5,-1,-1,-1,2,1,2
2017010041259,1,9,0,4,0,2,0,0,0,0,2,1,2,1,50,8,1997,1,10,7,1,7
2017010041259,2,9,0,4,0,2,0,0,0,0,1,1,6,1,-1,-1,1998,1,16,5,1,5
2017010041260,1,3,0,18,0,1,0,0,0,0,1,1,2,1,18,4,124,1,6,2,1,2
2017010041260,2,8,0,5,0,6,0,0,0,0,1,1,1,1,30,6,1797,8,7,8,1,8
2017010041261,1,9,0,18,0,2,0,0,0,0,1,1,6,2,26,6,1242,1,1,7,1,7
2017010041262,1,11,0,6,0,5,0,0,0,0,0,1,1,1,39,7,6700,2,9,5,1,5
2017010041263,1,9,0,3,9,0,0,0,0,0,4,1,2,1,46,8,1598,1,14,4,1,4
2017010041263,2,1,0,18,5,0,0,0,0,0,3,1,6,2,37,7,-1,-1,-1,-1,-1,-1
2017010041264,1,9,0,18,0,1,0,0,0,0,1,1,1,1,55,8,-1,3,2,9,1,9
2017010041265,1,9,0,9,0,6,0,0,0,0,3,1,6,1,38,7,2143,2,3,1,1,1
2017010041265,2,4,0,18,0,1,1,0,0,0,1,1,6,1,47,8,125,1,13,2,1,2
2017010041266,1,9,0,18,0,1,0,0,4,10,1,1,2,2,24,5,1364,1,9,3,1,3
2017010041266,2,9,0,5,0,8,0,0,0,0,3,1,6,1,50,8,2148,2,9,1,1,1
2017010041267,1,9,0,4,0,5,0,0,0,0,1,1,2,1,57,9,1998,1,18,1,1,1
2017010041268,1,9,0,18,0,1,0,0,0,0,1,1,6,1,48,8,1997,1,12,2,1,2
2017010041268,2,9,0,18,0,8,0,0,0,0,4,1,6,2,28,6,1582,2,2,4,1,4
2017010041270,1,19,0,4,0,0,0,0,0,0,2,1,1,1,28,6,-1,-1,-1,3,1,3
2017010041270,2,9,0,18,0,0,0,0,0,0,1,1,2,2,35,6,1329,1,5,7,1,7
2017010041271,1,9,0,5,0,4,0,0,0,0,1,1,6,2,56,9,1329,1,7,2,1,2
2017010041271,2,1,0,5,0,4,0,0,0,0,1,1,2,1,37,7,-1,-1,-1,2,1,2
2017010041272,1,9,0,5,0,8,0,0,0,0,3,1,6,2,42,7,2967,2,2,-1,-1,-1
2017010041272,2,9,0,18,0,8,0,0,0,0,1,1,6,3,-1,-1,1597,2,2,-1,-1,-1
2017010041273,1,9,0,18,0,0,0,0,1,9,3,1,2,1,32,6,1339,1,11,4,1,4
2017010041273,2,9,0,18,0,0,0,0,1,4,3,1,6,2,47,8,1364,1,10,4,1,4
2017010041274,1,5,0,18,0,2,1,4,0,0,1,1,6,1,40,7,599,1,12,4,1,4
2017010041274,2,9,0,5,0,1,0,0,0,0,4,1,6,1,47,8,1598,1,11,9,1,9
2017010041274,3,19,0,4,0,1,0,0,0,0,1,1,6,1,-1,-1,1968,2,3,9,1,9
2017010041275,1,1,0,18,9,0,0,0,0,0,1,1,6,1,19,4,-1,-1,-1,7,1,7
2017010041277,1,9,0,17,0,0,0,0,1,0,1,1,6,1,24,5,1796,1,9,2,1,2
2017010041277,2,9,0,17,0,0,1,0,0,0,1,1,6,1,19,4,1796,1,9,2,1,2
2017010041278,1,3,0,13,0,0,5,0,0,0,4,1,1,1,22,5,108,1,4,3,1,3
2017010041278,2,19,0,18,0,0,0,0,0,0,3,1,6,3,-1,-1,-1,-1,-1,-1,-1,-1
2017010041279,1,9,0,9,0,5,0,0,0,0,0,1,6,2,56,9,1198,1,3,4,1,4
2017010041279,2,1,5,18,0,8,1,0,0,0,1,1,6,1,44,7,-1,-1,-1,3,1,3
2017010041281,1,9,0,18,0,1,0,0,0,0,1,1,6,1,27,6,1797,8,3,2,1,2
2017010041282,1,2,0,18,0,5,0,0,0,0,1,1,6,1,30,6,-1,-1,-1,1,1,1
2017010041282,2,9,0,9,0,5,0,0,0,0,1,1,6,2,29,6,1598,1,14,4,1,4
2017010041283,1,19,0,4,0,0,0,0,0,0,2,1,6,1,59,9,2402,2,9,4,1,4
2017010041283,2,19,0,18,0,0,0,0,0,0,1,1,6,1,56,9,2143,2,2,8,1,8
2017010041284,1,1,0,18,0,8,0,0,0,0,3,1,2,1,49,8,-1,-1,-1,8,1,8
2017010041284,2,5,0,9,0,8,5,0,0,0,1,1,2,1,53,8,998,1,1,6,1,6
2017010041285,1,9,0,5,0,0,0,0,0,0,1,1,6,1,33,6,1597,1,13,6,1,6
2017010041285,2,1,0,18,0,0,0,0,0,0,1,1,1,1,47,8,-1,-1,-1,7,1,7
2017010041290,1,5,0,3,0,0,0,0,0,0,3,1,2,1,43,7,745,1,1,10,1,10
2017010041290,2,19,-1,14,0,0,0,0,0,0,4,-1,6,1,38,7,2198,2,5,4,1,4
2017010041291,1,9,0,4,0,8,0,0,0,0,2,-1,6,1,49,8,1587,1,16,6,1,6
2017010041296,1,9,0,18,0,8,0,0,0,0,3,1,6,1,61,9,1397,1,14,5,1,5
2017010041297,1,1,0,-1,4,-1,-1,0,-1,-1,1,1,6,1,32,6,-1,-1,-1,4,1,4
2017010041297,2,9,-1,-1,4,-1,-1,-1,-1,-1,3,-1,6,3,-1,-1,1388,1,14,-1,-1,-1
2017010041301,1,9,-1,-1,-1,-1,-1,-1,-1,-1,-1,-1,6,1,37,7,1995,2,1,2,1,2
2017010041301,2,9,-1,-1,-1,-1,-1,-1,-1,-1,-1,-1,6,1,46,8,1388,1,10,1,1,1
2017010041317,1,9,0,18,0,4,0,0,0,0,2,-1,6,2,55,8,1242,1,7,7,1,7
2017010041320,1,9,-1,-1,-1,-1,-1,-1,-1,-1,-1,-1,6,1,27,6,1390,1,12,-1,-1,-1
2017010041323,1,19,0,18,0,1,0,0,0,0,4,1,6,1,-1,-1,2198,2,1,-1,-1,-1
2017010041324,1,9,-1,18,0,3,0,0,0,0,3,-1,6,1,-1,-1,2922,1,14,4,1,4
2017010041324,2,20,-1,12,0,3,0,0,0,0,4,-1,6,3,-1,-1,-1,-1,-1,-1,-1,-1
2017010041325,1,9,0,3,0,1,0,0,0,0,2,-1,6,2,54,8,1796,1,16,1,1,1
2017010041325,2,9,0,18,0,1,0,0,0,0,1,-1,6,2,-1,-1,1197,1,1,5,1,5
2017010041325,3,9,0,2,0,1,0,0,0,0,2,-1,6,3,-1,-1,1896,2,9,-1,-1,-1
2017010041328,1,9,-1,-1,-1,-1,-1,-1,-1,-1,-1,-1,6,2,31,6,1390,1,14,-1,-1,-1
2017010041328,2,9,-1,-1,-1,-1,-1,-1,-1,-1,-1,-1,6,1,-1,-1,-1,-1,-1,-1,-1,-1
2017010041332,1,1,0,18,0,0,0,-1,0,0,1,1,6,1,50,8,-1,-1,-1,2,1,2
2017010041332,2,4,0,18,0,0,0,0,0,0,1,1,6,1,-1,-1,-1,-1,-1,-1,-1,-1
2017010041334,1,9,0,18,0,8,0,0,0,0,1,1,6,1,60,9,1242,1,12,3,1,3
2017010041336,1,3,0,7,0,0,0,0,0,0,3,1,6,1,54,8,-1,3,1,5,1,5
2017010041336,2,9,0,1,0,0,0,0,0,0,3,-1,6,1,61,9,-1,-1,-1,5,1,5
2017010041339,1,8,0,17,0,1,0,0,0,0,1,1,6,1,53,8,1968,2,2,5,1,5
2017010041339,2,1,0,17,0,1,0,0,0,0,4,1,2,1,39,7,-1,-1,-1,7,1,7
2017010041339,3,9,0,18,0,1,0,0,0,0,1,1,6,1,-1,-1,-1,-1,-1,-1,-1,-1
2017010041355,1,9,0,-1,0,2,0,0,0,0,2,1,6,1,27,6,1798,8,2,3,1,3
2017010041358,1,9,0,9,0,2,0,0,0,0,4,1,2,2,52,8,1396,1,4,8,1,8
2017010041361,1,9,0,18,0,1,0,0,0,0,1,1,2,2,48,8,1998,1,10,4,1,4
2017010041361,2,9,0,3,0,1,0,0,0,0,2,1,3,1,47,8,1598,2,1,2,1,2
2017010041363,1,9,0,18,0,0,0,0,0,0,1,1,1,1,51,8,1781,1,16,1,1,1
2017010041365,1,9,0,9,0,5,0,0,0,0,4,1,2,1,57,9,-1,3,2,4,1,4
2017010041373,1,9,0,5,0,1,0,0,0,0,1,1,1,2,22,5,1242,1,13,7,1,7
2017010041373,2,9,0,18,0,6,0,0,0,0,1,1,1,2,49,8,1598,1,6,2,1,2
2017010041377,1,9,0,18,0,1,0,0,0,0,1,1,6,2,28,6,1498,1,11,4,1,4
2017010041377,2,9,0,3,0,1,0,0,0,0,2,1,6,2,27,6,1242,1,9,2,1,2
2017010041383,1,9,0,18,0,0,0,0,0,0,4,1,1,1,59,9,1969,8,1,7,1,7
2017010041383,2,1,0,18,0,0,2,11,0,0,3,1,2,2,31,6,-1,-1,-1,5,1,5
2017010041389,1,9,0,9,0,2,0,-1,-1,0,3,1,6,2,38,7,-1,-1,-1,2,1,2
2017010041389,2,1,0,18,0,1,-1,0,-1,-1,1,1,6,1,-1,-1,-1,-1,-1,-1,-1,-1
2017010041395,1,9,0,18,0,2,0,0,0,0,1,1,3,1,49,8,1686,2,7,2,1,2
2017010041396,1,9,0,4,0,4,0,9,3,2,1,1,6,1,24,5,1498,1,-1,3,1,3
2017010041397,1,9,0,9,0,1,0,0,0,0,1,1,1,1,37,7,1968,2,3,8,1,8
2017010041397,2,4,0,18,0,1,0,0,0,0,4,1,6,1,25,5,250,1,9,3,1,3
2017010041404,1,3,-1,-1,-1,-1,-1,-1,-1,-1,-1,1,6,3,-1,-1,-1,-1,-1,-1,-1,-1
2017010041406,1,9,0,9,0,1,0,0,0,0,4,1,1,1,33,6,-1,-1,-1,6,1,6
2017010041406,2,4,0,13,0,8,0,0,7,10,1,1,2,1,28,6,781,1,18,9,1,9
2017010041409,1,8,0,18,0,1,0,0,0,0,1,1,1,1,51,8,2143,2,4,2,1,2
2017010041410,1,9,0,18,0,0,1,0,4,6,-1,-1,6,2,24,5,1598,1,1,1,1,1
2017010041410,2,9,-1,15,0,0,0,0,0,0,-1,-1,6,2,31,6,2461,2,10,2,1,2
2017010041416,1,9,0,9,0,1,0,0,0,0,3,1,3,2,45,7,1995,2,13,4,1,4
2017010041416,2,3,0,18,0,1,1,0,0,0,1,1,2,1,48,8,125,1,2,1,1,1
2017010041420,1,8,0,9,0,6,0,0,0,0,1,1,1,1,58,9,1997,2,5,3,1,3
2017010041420,2,5,0,14,0,1,0,0,0,0,4,1,6,1,44,7,1402,1,14,7,3,7
2017010041423,1,3,-1,18,0,8,-1,-1,-1,-1,-1,1,1,1,25,5,108,1,1,3,1,3
2017010041423,2,9,-1,-1,0,5,-1,-1,-1,-1,-1,-1,6,3,-1,-1,1896,2,16,-1,-1,-1
2017010041425,1,1,-1,-1,-1,8,-1,-1,-1,-1,-1,1,6,1,48,8,-1,-1,-1,5,1,5
2017010041428,1,90,0,18,0,0,0,0,0,0,1,1,6,3,-1,-1,-1,-1,-1,-1,-1,-1
2017010041429,1,9,0,9,0,1,0,0,0,0,1,1,1,1,56,9,2143,2,1,7,1,7
2017010041434,1,4,0,18,0,0,0,0,0,0,1,1,6,2,20,4,125,1,2,2,1,2
2017010041434,2,19,0,4,0,0,0,0,0,0,1,1,1,1,38,7,2143,2,1,4,1,4
2017010041435,1,2,0,9,0,4,0,0,0,0,1,1,6,1,16,4,49,1,8,9,1,9
2017010041435,2,9,0,5,0,4,0,0,-1,0,1,1,6,2,51,8,1496,2,3,4,1,4
2017010041442,1,9,-1,-1,-1,-1,-1,-1,0,0,-1,-1,6,1,27,6,2401,2,15,6,1,6
2017010041442,2,11,-1,-1,-1,-1,-1,-1,-1,-1,-1,-1,6,2,-1,-1,3900,2,14,-1,-1,-1
2017010041444,1,9,0,18,0,1,0,0,0,0,4,1,1,1,47,8,-1,-1,-1,3,1,3
2017010041444,2,9,0,18,0,1,0,0,0,0,3,1,6,2,41,7,1461,2,6,4,1,4
2017010041453,1,1,0,18,0,8,5,0,0,0,2,1,6,1,30,6,-1,-1,-1,7,1,7
2017010041454,1,9,0,6,0,0,0,7,0,0,1,1,6,2,47,8,1991,2,8,5,1,5
2017010041455,1,1,0,18,-1,-1,-1,-1,-1,-1,-1,1,6,1,28,6,-1,-1,-1,10,1,10
2017010041455,2,9,-1,18,-1,-1,-1,-1,-1,-1,-1,-1,6,2,-1,-1,1595,1,12,8,3,8
2017010041458,1,1,-1,18,0,0,-1,-1,-1,-1,-1,1,6,3,-1,-1,-1,-1,-1,-1,-1,-1
2017010041459,1,9,0,18,0,8,0,0,0,0,1,1,6,1,64,9,1242,1,1,6,1,6
2017010041459,2,20,0,9,0,8,0,0,0,0,1,1,1,1,45,7,4500,2,1,8,1,8
2017010041464,1,9,-1,18,-1,-1,-1,-1,0,0,-1,1,6,2,41,7,1995,2,11,6,1,6
2017010041473,1,9,0,7,0,8,0,0,0,0,3,1,6,2,31,6,1200,1,2,-1,-1,-1
2017010041473,2,1,0,18,0,8,0,0,0,0,4,1,6,2,23,5,-1,-1,-1,8,1,8
2017010041479,1,19,0,18,9,0,0,0,1,0,1,1,1,1,25,5,2500,2,10,1,1,1
2017010041479,2,9,0,4,0,0,0,0,0,0,2,1,6,1,42,7,1242,1,9,6,1,6
2017010041479,3,9,0,4,0,0,0,0,0,0,2,1,6,1,45,7,1995,2,12,5,1,5
2017010041488,1,1,0,18,4,8,0,10,1,0,1,1,2,1,29,6,-1,-1,-1,3,1,3
2017010041488,2,9,0,9,4,8,0,0,0,0,4,-1,6,1,-1,-1,1997,1,4,-1,-1,-1
2017010041492,1,5,0,18,2,1,0,0,0,0,1,1,6,1,22,5,599,1,14,3,1,3
2017010041494,1,90,-1,2,-1,0,-1,0,0,0,0,-1,6,3,-1,-1,-1,-1,-1,-1,-1,-1
2017010041494,2,9,-1,18,-1,0,-1,0,0,0,-1,-1,6,1,-1,-1,-1,-1,-1,-1,-1,-1
2017010041495,1,5,0,3,0,1,0,0,0,0,2,1,6,1,25,5,745,1,6,2,1,2
2017010041495,2,9,0,18,0,1,0,0,0,0,1,-1,6,3,-1,-1,1995,2,-1,-1,-1,-1
2017010041496,1,3,0,18,0,0,0,0,0,0,2,1,6,1,21,5,114,1,3,3,1,3
2017010041497,1,9,0,4,0,8,0,0,0,0,2,1,6,2,55,8,1242,1,17,3,1,3
2017010041497,2,9,0,4,0,8,0,0,0,0,1,1,6,1,18,4,1368,1,10,2,1,2
2017010041498,1,9,0,17,0,0,1,0,7,4,1,1,2,1,66,10,1600,1,18,3,1,3
2017010041500,1,9,0,3,0,8,0,0,0,0,2,1,6,1,31,6,1596,1,12,5,1,5
2017010041500,2,9,0,18,0,8,0,0,0,0,1,1,6,2,29,6,1998,1,11,2,1,2
2017010041503,1,90,0,7,0,6,0,0,0,0,1,1,1,1,58,9,-1,-1,-1,10,1,10
2017010041503,2,1,0,18,0,8,5,0,0,0,4,1,6,1,56,9,-1,-1,-1,4,1,4
2017010041504,1,9,0,14,0,0,0,0,0,0,0,1,6,1,50,8,998,1,3,2,1,2
2017010041505,1,1,0,18,0,1,0,0,0,0,2,1,6,1,57,9,-1,-1,-1,3,1,3
2017010041505,2,9,0,9,0,1,0,0,0,0,4,1,6,1,25,5,1339,8,7,3,1,3
2017010041506,1,9,0,18,0,0,0,0,0,0,2,1,3,1,23,5,2993,2,6,5,1,5
2017010041506,2,9,0,18,0,0,0,0,0,0,1,1,3,2,47,8,1598,1,11,2,1,2
2017010041506,3,9,0,18,0,0,0,0,0,0,1,1,3,1,30,6,1968,2,8,4,1,4
2017010041507,1,9,0,7,0,1,0,0,0,0,1,1,6,2,29,6,1999,2,1,6,1,6
2017010041508,1,9,0,18,9,0,0,11,7,2,1,1,6,2,64,9,-1,-1,-1,6,1,6
2017010041508,2,9,0,18,0,0,0,0,0,0,3,1,1,2,44,7,1560,2,2,5,1,5
2017010041510,1,9,0,18,0,0,1,0,0,0,1,1,1,1,27,6,1560,2,2,9,1,9
2017010041510,2,9,0,3,0,0,0,0,0,0,2,1,2,2,37,7,-1,-1,-1,9,1,9
2017010041510,3,9,0,3,0,0,0,0,0,0,2,1,2,1,45,7,1591,1,1,4,1,4
2017010041511,1,9,0,6,0,1,0,0,0,0,3,1,6,1,52,8,1596,1,6,4,1,4
2017010041511,2,8,0,12,0,1,1,0,0,0,1,1,1,1,45,7,2148,2,6,2,1,2
2017010041512,1,9,0,18,0,6,0,0,0,0,1,1,6,1,67,10,1398,1,12,4,1,4
2017010041512,2,9,0,18,0,8,5,0,0,0,4,1,6,1,77,11,1248,1,1,6,1,6
2017010041513,1,9,0,9,0,1,0,0,0,0,1,1,6,2,34,6,2996,1,10,4,1,4
2017010041513,2,3,0,18,0,1,0,0,0,0,1,1,6,1,46,8,125,1,3,2,1,2
2017010041514,1,9,0,5,0,6,0,0,0,0,0,1,1,1,50,8,-1,-1,-1,9,1,9
2017010041515,1,9,0,18,0,4,1,0,0,0,1,1,6,2,42,7,1999,1,-1,6,1,6
2017010041515,2,9,0,18,0,4,1,0,0,0,1,1,6,1,37,7,996,1,8,2,1,2
2017010041516,1,9,0,4,0,0,0,0,0,0,2,1,6,2,64,9,2987,2,4,9,1,9
2017010041516,2,19,0,18,0,0,0,0,0,0,1,1,2,1,29,6,2148,2,10,6,1,6
2017010041516,3,19,0,18,0,0,0,0,0,0,1,1,1,1,47,8,1968,2,1,7,1,7
2017010041516,4,9,0,4,0,0,0,0,0,0,1,1,6,2,29,6,1781,1,18,9,1,9
2017010041517,1,19,0,18,0,1,0,0,0,0,1,1,1,1,37,7,-1,-1,-1,7,1,7
2017010041517,2,9,0,9,0,1,0,0,0,0,4,1,6,2,42,7,1499,1,1,8,1,8
2017010041519,1,4,0,18,0,0,0,0,0,0,3,1,2,1,20,4,125,1,2,8,1,8
2017010041520,1,9,0,9,0,8,0,0,0,0,1,1,6,1,20,4,1798,1,5,3,1,3
2017010041520,2,1,0,18,0,1,2,0,0,0,4,1,6,2,32,6,-1,-1,-1,2,1,2
2017010041522,1,9,0,18,0,0,0,0,0,0,1,1,6,1,39,7,1910,2,9,5,1,5
2017010041522,2,1,0,18,0,0,0,0,0,0,2,1,6,1,12,3,-1,-1,-1,5,1,5
2017010041523,1,9,0,7,0,8,0,0,0,0,1,1,6,1,44,7,1995,2,10,2,1,2
2017010041523,2,9,0,18,0,1,0,0,0,0,3,1,6,1,30,6,1968,2,2,5,1,5
2017010041523,3,9,0,2,0,1,0,0,0,0,3,1,6,3,-1,-1,2488,2,12,-1,-1,-1
2017010041523,4,9,0,2,0,8,0,0,0,0,3,1,6,3,-1,-1,1595,1,-1,-1,-1,-1
2017010041524,1,3,0,7,0,8,0,0,0,0,1,1,6,2,18,4,124,1,4,4,1,4
2017010041524,2,9,0,18,0,8,0,0,0,0,1,1,6,2,39,7,1242,1,3,6,1,6
2017010041525,1,9,0,18,0,8,0,0,0,0,1,1,6,3,-1,-1,1796,1,9,-1,-1,-1
2017010041525,2,9,0,9,0,7,0,0,0,0,4,1,6,1,36,7,1560,2,4,4,1,4
2017010041526,1,3,0,18,0,1,0,0,0,0,1,1,2,1,29,6,113,1,-1,2,1,2
2017010041526,2,9,0,9,0,8,0,0,0,0,3,1,6,1,58,9,-1,-1,-1,-1,-1,-1
2017010041527,1,11,0,3,2,1,0,0,0,0,4,1,1,1,45,7,5132,2,1,8,1,8
2017010041528,1,3,0,15,0,1,0,0,0,0,3,1,6,1,25,5,124,1,5,4,1,4
2017010041528,2,19,0,11,0,1,0,0,0,0,4,1,2,1,39,7,1560,2,2,8,1,8
2017010041529,1,11,0,2,2,0,0,0,0,0,0,1,6,3,-1,-1,-1,-1,-1,-1,-1,-1
2017010041530,1,3,0,18,0,0,0,0,0,0,1,1,1,1,34,6,108,1,2,3,1,3
2017010041533,1,2,0,16,0,1,0,0,0,0,0,1,6,1,33,6,278,1,4,4,1,4
2017010041536,1,90,0,12,2,0,0,0,0,0,3,1,1,1,27,6,-1,-1,-1,3,1,3
2017010041536,2,19,4,18,0,0,0,0,0,0,1,1,6,1,-1,-1,7284,2,18,7,3,7
2017010041541,1,19,0,18,0,8,0,0,0,0,1,2,1,2,21,5,1248,2,2,5,1,5
2017010041541,2,8,0,18,0,1,0,0,0,0,1,2,6,1,39,7,1997,2,7,3,1,3
2017010041544,1,9,0,18,0,8,0,0,0,0,3,1,6,2,42,7,1198,1,3,2,1,2
2017010041544,2,9,0,10,0,6,0,0,0,0,1,1,6,2,70,10,1590,1,12,10,1,10
2017010041545,1,3,0,18,0,1,2,0,0,0,1,1,1,1,21,5,124,1,5,2,1,2
2017010041545,2,9,0,5,0,1,0,0,0,0,2,1,2,1,47,8,1587,1,16,7,1,7
2017010041546,1,9,0,9,9,1,0,10,3,10,1,1,3,1,39,7,1596,1,10,5,1,5