Accident_Index,Vehicle_Reference,Vehicle_Type,Towing_and_Articulation,Vehicle_Manoeuvre,Vehicle_Location-Restricted_Lane,Junction_Location,Skidding_and_Overturning,Hit_Object_in_Carriageway,Vehicle_Leaving_Carriageway,Hit_Object_off_Carriageway,1st_Point_of_Impact,Was_Vehicle_Left_Hand_Drive?,Journey_Purpose_of_Driver,Sex_of_Driver,Age_of_Driver,Age_Band_of_Driver,Engine_Capacity_(CC),Propulsion_Code,Age_of_Vehicle,Driver_IMD_Decile,Driver_Home_Area_Type,Vehicle_IMD_Decile
2017010041546,2,9,0,5,0,2,0,0,0,0,3,1,6,1,27,6,3456,8,6,-1,-1,-1
2017010041548,1,9,0,9,0,1,0,0,0,0,1,1,6,2,33,6,1997,2,7,3,1,3
2017010041548,2,3,0,18,0,1,0,0,0,0,1,1,1,1,20,4,125,1,6,6,1,6
2017010041551,1,9,0,3,0,1,0,0,0,0,3,-1,6,1,90,11,1597,1,9,-1,-1,-1
2017010041554,1,9,0,18,0,4,0,0,0,0,1,1,6,2,53,8,1685,2,3,4,1,4
2017010041554,2,9,0,18,0,3,0,0,0,0,2,-1,6,1,-1,-1,-1,-1,-1,3,1,3
2017010041559,1,9,0,18,0,8,0,0,0,0,1,1,6,1,37,7,2231,2,10,2,1,2
2017010041559,2,9,0,9,0,8,0,0,0,0,4,1,6,1,54,8,2979,1,1,5,1,5
2017010041561,1,2,0,13,0,1,1,0,0,0,0,1,2,1,56,9,125,1,3,8,1,8
2017010041561,2,19,0,8,0,1,0,0,0,0,0,1,2,1,52,8,2198,2,2,8,1,8
2017010041561,3,9,0,9,0,8,0,0,0,0,0,1,1,1,38,7,1499,2,1,6,1,6
2017010041566,1,9,0,10,0,2,0,0,0,0,2,1,6,2,47,8,1591,1,7,5,1,5
2017010041566,2,9,0,10,0,1,0,0,0,0,2,1,6,2,-1,-1,999,1,8,-1,-1,-1
2017010041576,1,9,0,18,0,0,0,4,1,0,1,1,6,2,64,9,1242,1,3,8,2,8
2017010041576,2,9,0,18,0,0,0,4,0,0,2,1,2,1,29,6,1242,1,1,4,1,4
2017010041576,3,9,0,4,0,0,0,0,0,0,0,1,2,2,62,9,1796,1,16,4,1,4
2017010041581,1,9,0,2,0,0,0,8,0,0,-1,-1,6,3,-1,-1,1364,1,8,-1,-1,-1
2017010041581,2,9,-1,1,-1,0,-1,8,-1,0,-1,-1,6,1,-1,-1,-1,-1,-1,-1,-1,-1
2017010041585,1,9,-1,-1,-1,-1,-1,-1,-1,-1,-1,-1,6,1,-1,-1,1968,2,4,-1,-1,-1
2017010041585,2,9,-1,-1,-1,-1,-1,-1,-1,-1,-1,-1,6,1,33,6,1598,2,5,3,1,3
2017010041594,1,9,0,18,0,8,0,0,0,0,4,1,6,3,-1,-1,-1,-1,-1,-1,-1,-1
2017010041594,2,1,0,18,0,8,0,0,0,0,3,1,2,1,35,6,-1,-1,-1,10,1,10
2017010041603,1,1,0,18,0,2,0,0,0,0,1,1,6,1,56,9,-1,-1,-1,5,1,5
2017010041603,2,9,0,18,0,2,0,0,0,0,2,-1,6,2,-1,-1,1995,1,6,4,1,4
2017010041605,1,9,0,2,0,8,0,0,0,0,0,1,6,3,-1,-1,1299,1,16,-1,-1,-1
2017010041612,1,9,-1,9,0,2,0,0,0,0,3,-1,6,1,20,4,1299,1,12,3,1,3
2017010041612,2,3,0,18,0,1,-1,0,0,0,1,1,6,3,-1,-1,249,1,9,-1,-1,-1
2017010041617,1,1,0,18,0,-1,0,0,0,0,-1,1,6,1,43,7,-1,-1,-1,10,1,10
2017010041617,2,9,-1,5,-1,-1,-1,0,0,0,-1,-1,6,2,-1,-1,1199,1,15,-1,-1,-1
2017010041621,1,1,0,-1,-1,-1,-1,-1,-1,-1,-1,1,6,1,49,8,-1,-1,-1,4,1,4
2017010041621,2,19,-1,-1,-1,-1,-1,-1,-1,-1,-1,-1,6,3,-1,-1,2198,2,2,-1,-1,-1
2017010041625,1,9,0,18,0,1,0,0,0,0,1,1,6,1,38,7,1995,2,6,3,1,3
2017010041625,2,9,0,7,0,1,0,0,0,0,1,1,6,1,28,6,1497,1,14,1,1,1
2017010041630,1,9,-1,-1,-1,0,-1,-1,-1,-1,-1,-1,6,2,20,4,-1,-1,-1,4,1,4
2017010041630,2,9,-1,-1,-1,0,-1,-1,-1,-1,-1,-1,6,1,-1,-1,-1,-1,-1,4,1,4
2017010041632,1,9,0,3,0,7,0,0,1,0,3,1,6,1,33,6,1398,1,5,2,1,2
2017010041632,2,9,0,18,0,1,0,0,0,0,4,1,6,2,40,7,2967,2,9,1,1,1
2017010041632,3,9,0,3,7,1,0,0,0,0,3,1,6,2,28,6,1598,1,2,5,1,5
2017010041633,1,9,0,7,0,8,0,0,0,0,1,1,6,1,32,6,-1,-1,-1,4,1,4
2017010041639,1,11,0,18,0,0,0,0,0,0,4,1,1,1,53,8,4500,2,1,3,1,3
2017010041641,1,9,0,18,0,1,0,10,7,10,1,2,2,1,38,7,1950,2,1,3,1,3
2017010041641,2,9,0,9,0,6,0,0,0,0,1,1,2,1,46,8,1995,2,1,9,1,9
2017010041642,1,9,0,7,4,8,0,0,0,0,1,1,2,2,57,9,1364,1,11,5,1,5
2017010041642,2,1,0,18,0,8,0,0,0,0,1,1,6,2,31,6,-1,-1,-1,5,1,5
2017010041646,1,9,0,18,0,1,0,0,0,0,1,1,6,2,19,4,1248,2,9,5,1,5
2017010041646,2,19,0,5,0,1,0,0,0,0,3,1,2,1,37,7,2402,2,12,6,1,6
2017010041651,1,9,0,7,2,8,0,0,0,0,2,1,6,2,39,7,1149,1,14,5,1,5
2017010041651,2,1,0,18,2,1,0,0,0,0,1,1,1,2,33,6,-1,-1,-1,1,1,1
2017010041652,1,3,-1,18,0,-1,1,0,0,0,2,1,6,2,46,8,125,1,7,-1,-1,-1
2017010041653,1,11,0,18,0,3,0,0,0,0,3,1,1,1,51,8,6692,2,6,2,1,2
2017010041653,2,19,0,18,0,3,0,0,0,0,4,1,6,3,-1,-1,2198,2,2,-1,-1,-1
2017010041654,1,9,0,5,0,1,0,0,0,0,1,1,1,1,47,8,2143,2,2,7,1,7
2017010041662,1,9,0,1,0,2,0,0,0,0,1,1,6,2,83,11,1498,1,1,9,1,9
2017010041662,2,9,0,2,0,2,0,0,0,0,2,1,6,3,-1,-1,1596,1,7,-1,-1,-1
2017010041662,3,9,0,5,0,2,0,0,1,10,2,1,6,2,63,9,1388,1,11,2,1,2
2017010041662,4,9,0,2,0,2,0,0,0,0,2,1,6,3,-1,-1,1591,1,1,-1,-1,-1
2017010041664,1,9,0,-1,0,0,0,-1,-1,-1,-1,1,6,2,26,6,1968,2,5,-1,-1,-1
2017010041664,2,9,0,-1,0,0,0,-1,-1,-1,-1,1,6,3,-1,-1,1999,1,16,-1,-1,-1
2017010041665,1,1,0,18,0,0,0,0,0,0,0,1,6,1,26,6,-1,-1,-1,8,1,8
2017010041665,2,1,0,18,0,0,0,0,0,0,0,1,6,1,30,6,-1,-1,-1,2,1,2
2017010041665,3,9,0,9,0,0,0,0,0,0,0,1,6,3,-1,-1,1992,2,10,-1,-1,-1
2017010041668,1,2,0,-1,0,-1,-1,0,0,0,1,1,6,1,27,6,998,1,9,4,1,4
2017010041672,1,9,-1,-1,-1,0,-1,-1,-1,-1,-1,-1,6,1,55,8,1984,1,-1,5,2,5
2017010041675,1,11,0,18,0,0,0,0,0,0,0,1,1,1,43,7,4500,2,-1,5,1,5
2017010041677,1,9,0,9,0,8,0,0,0,0,4,2,6,1,28,6,1364,1,9,5,1,5
2017010041677,2,3,0,18,0,8,0,0,0,0,1,1,1,1,32,6,125,1,1,2,1,2
2017010041678,1,9,-1,-1,-1,0,-1,-1,-1,-1,2,-1,6,1,32,6,1997,2,1,-1,-1,-1
2017010041678,2,9,-1,-1,-1,0,-1,-1,-1,-1,-1,-1,6,2,-1,-1,1398,1,2,-1,-1,-1
2017010041679,1,2,0,18,0,1,0,0,0,0,4,1,1,1,24,5,125,1,-1,5,1,5
2017010041679,2,9,0,9,0,8,0,0,0,0,4,1,6,2,23,5,2967,2,5,6,1,6
2017010041688,1,9,0,16,0,2,1,0,0,0,1,1,6,1,39,7,1390,1,12,2,1,2
2017010041688,2,9,0,16,0,1,0,0,0,0,1,1,6,1,64,9,1797,8,2,8,1,8
2017010041695,1,9,0,5,0,5,0,0,0,0,1,1,1,1,28,6,-1,-1,-1,3,1,3
2017010041695,2,9,0,9,0,5,0,0,7,0,4,1,6,1,55,8,1198,1,5,4,1,4
2017010041696,1,9,0,14,0,1,0,0,0,0,1,1,6,1,59,9,1582,2,1,6,1,6
2017010041700,1,1,0,18,0,8,0,0,0,0,1,1,6,1,50,8,-1,-1,-1,6,1,6
2017010041700,2,1,0,5,0,8,0,0,0,0,3,1,6,1,10,2,-1,-1,-1,6,1,6
2017010041703,1,11,0,4,2,1,0,0,0,0,0,1,1,1,45,7,6700,2,8,3,1,3
2017010041708,1,11,-1,-1,0,-1,-1,-1,-1,-1,-1,-1,6,3,-1,-1,4500,2,1,-1,-1,-1
2017010041710,1,9,0,11,0,-1,0,0,0,0,4,-1,6,1,-1,-1,1798,8,4,-1,-1,-1
2017010041710,2,1,0,18,0,-1,0,0,0,0,-1,1,6,1,33,6,-1,-1,-1,9,1,9
2017010041714,1,3,0,18,0,0,0,0,0,0,1,1,4,1,17,4,124,1,6,7,1,7
2017010041718,1,1,0,-1,-1,-1,-1,-1,-1,-1,-1,1,6,1,31,6,-1,-1,-1,7,1,7
2017010041718,2,9,-1,-1,-1,-1,-1,-1,-1,-1,-1,-1,6,3,-1,-1,-1,-1,-1,-1,-1,-1
2017010041719,1,11,0,18,0,2,0,0,0,0,4,1,1,1,47,8,6700,2,1,3,1,3
2017010041719,2,1,0,18,0,2,0,0,1,10,3,1,1,2,48,8,-1,-1,-1,7,1,7
2017010041720,1,9,0,18,0,8,0,0,3,0,1,1,3,2,35,6,1598,1,13,1,1,1
2017010041720,2,9,0,18,0,2,0,0,0,0,3,1,6,2,52,8,1493,1,21,7,1,7
2017010041722,1,9,0,9,0,1,0,0,0,0,3,1,6,1,31,6,1296,1,9,5,1,5
2017010041722,2,4,0,18,0,1,0,0,0,0,1,1,6,1,29,6,373,1,1,6,1,6
2017010041723,1,9,0,3,0,0,0,0,0,0,1,-1,6,2,40,7,1598,1,5,10,1,10
2017010041723,2,19,0,1,0,0,0,0,0,0,2,-1,6,1,-1,-1,2198,2,9,-1,-1,-1
2017010041725,1,9,0,3,0,1,0,0,0,0,4,1,6,2,30,6,1995,1,9,3,1,3
2017010041727,1,19,0,1,9,6,0,0,0,0,2,1,1,1,48,8,2198,2,2,3,1,3
2017010041728,1,9,0,5,0,1,0,0,0,0,2,-1,6,2,45,7,1686,2,6,10,1,10
2017010041728,2,9,0,5,0,1,0,0,0,0,1,-1,6,3,-1,-1,1598,1,11,-1,-1,-1
2017010041730,1,9,0,4,0,8,0,0,0,0,2,1,1,2,37,7,-1,-1,-1,2,1,2
2017010041730,2,9,0,12,0,8,0,0,0,0,1,1,6,1,24,5,1598,1,7,5,1,5
2017010041732,1,9,-1,4,0,7,0,0,0,0,2,-1,6,2,42,7,1390,1,13,9,1,9
2017010041732,2,9,-1,18,0,7,0,0,0,0,1,-1,6,1,-1,-1,1598,1,10,-1,-1,-1
2017010041736,1,1,0,5,0,2,0,0,0,0,2,1,6,1,22,5,-1,-1,-1,6,1,6
2017010041736,2,9,0,5,0,2,0,0,0,0,2,1,1,1,42,7,1560,2,3,4,1,4
2017010041737,1,11,0,5,0,2,0,0,0,0,0,1,1,1,30,6,4500,2,2,2,1,2
2017010041738,1,9,0,9,0,1,0,0,0,0,3,1,2,1,52,8,-1,-1,-1,2,1,2
2017010041738,2,1,0,18,9,1,0,0,0,0,1,1,2,1,24,5,-1,-1,-1,2,1,2
2017010041739,1,9,0,5,0,3,0,10,1,0,4,1,6,1,22,5,1598,1,11,3,1,3
2017010041739,2,10,0,5,0,3,0,0,1,0,3,1,3,1,52,8,-1,-1,-1,4,1,4
2017010041740,1,3,0,18,0,1,0,0,0,0,1,1,1,1,24,5,108,1,1,9,1,9
2017010041740,2,9,0,9,0,1,0,0,0,0,1,1,6,2,66,10,3200,2,14,6,1,6
2017010041741,1,19,0,18,0,1,0,0,0,0,1,1,1,1,50,8,1870,2,11,5,1,5
2017010041741,2,8,0,5,0,2,0,0,0,0,4,1,4,2,46,8,1896,2,9,5,1,5
2017010041742,1,11,0,5,0,1,0,0,0,0,1,1,1,1,56,9,8268,2,14,3,1,3
2017010041743,1,1,0,18,0,0,0,8,0,0,1,1,2,2,30,6,-1,-1,-1,6,1,6
2017010041743,2,9,-1,-1,0,0,-1,0,0,0,3,-1,6,1,23,5,2204,2,10,5,1,5
2017010041744,1,3,0,14,0,1,0,0,0,0,1,1,6,1,45,7,125,1,3,1,1,1
2017010041745,1,19,0,4,0,2,0,0,0,0,3,1,1,2,30,6,-1,-1,-1,6,1,6
2017010041745,2,9,0,18,0,3,0,0,0,0,1,1,2,1,25,5,1968,2,6,8,3,8
2017010041746,1,1,0,18,9,2,0,0,0,0,2,1,6,1,33,6,-1,-1,-1,6,1,6
2017010041746,2,9,0,18,0,2,0,0,0,0,1,1,6,3,-1,-1,-1,-1,-1,-1,-1,-1
2017010041747,1,9,0,9,0,8,0,0,0,0,1,1,6,1,45,7,1997,2,4,1,1,1
2017010041747,2,9,0,5,0,8,0,0,0,0,1,1,2,2,28,6,1995,2,5,2,1,2
2017010041748,1,11,0,18,0,1,0,0,0,0,0,1,1,1,30,6,4500,2,-1,8,1,8
2017010041750,1,19,0,18,0,2,0,0,0,0,1,1,2,1,37,7,2461,2,7,4,1,4
2017010041750,2,9,0,4,0,2,0,0,0,0,2,1,6,2,29,6,1197,1,4,8,1,8
2017010041750,3,9,0,4,0,2,0,0,0,0,2,1,6,1,27,6,-1,-1,-1,10,1,10
2017010041750,4,19,0,4,0,2,0,0,0,0,2,1,6,1,39,7,-1,-1,-1,4,1,4
2017010041751,1,9,0,9,0,6,0,0,0,0,3,1,6,1,42,7,1799,1,19,5,1,5
2017010041751,2,1,0,18,0,3,0,0,0,0,1,1,6,1,23,5,-1,-1,-1,8,1,8
2017010041753,1,9,0,9,0,1,0,0,0,0,4,1,6,2,49,8,1984,1,11,6,1,6
2017010041753,2,3,0,18,0,1,0,0,0,0,1,1,1,1,35,6,124,1,2,3,1,3
2017010041753,3,3,0,18,0,1,0,0,0,0,1,1,1,1,19,4,124,1,3,2,1,2
2017010041755,1,21,0,18,0,2,0,0,0,0,1,1,1,1,54,8,12740,2,4,2,1,2
2017010041755,2,1,0,18,0,2,5,0,0,0,2,1,6,2,23,5,-1,-1,-1,2,1,2
2017010041757,1,9,0,9,0,6,0,0,0,0,1,1,3,2,46,8,1596,1,15,4,1,4
2017010041757,2,9,0,18,0,1,1,0,2,10,4,1,6,2,70,10,2204,2,10,9,1,9
2017010041758,1,9,0,5,0,6,0,0,0,0,3,1,6,2,29,6,1329,1,6,5,1,5
2017010041758,2,1,0,5,0,6,5,0,0,0,4,1,6,2,42,7,-1,-1,-1,5,1,5
2017010041760,1,3,0,13,0,8,0,0,0,0,1,1,1,1,37,7,125,1,1,3,1,3
2017010041760,2,9,0,6,0,8,0,0,0,0,1,1,1,1,31,6,1997,2,5,4,1,4
2017010041760,3,19,0,2,0,2,0,0,0,0,3,1,6,3,-1,-1,1968,2,2,-1,-1,-1
2017010041761,1,9,0,18,0,1,0,0,0,0,1,1,6,1,45,7,1796,1,3,3,1,3
2017010041762,1,9,0,6,0,8,0,0,0,0,1,1,6,1,41,7,2148,2,14,4,1,4
2017010041762,2,3,0,18,0,8,1,0,0,0,4,1,6,1,28,6,124,1,9,2,1,2
2017010041764,1,9,0,18,0,0,1,7,6,7,1,1,6,1,23,5,1995,2,4,2,1,2
2017010041765,1,9,0,5,0,1,0,0,0,0,1,1,6,1,51,8,1995,2,9,3,1,3
2017010041767,1,9,0,5,0,0,0,0,0,0,1,1,6,1,51,8,898,1,2,6,1,6
2017010041768,1,9,0,18,0,8,0,0,0,0,3,1,6,1,25,5,1968,2,7,9,1,9
2017010041768,2,9,0,18,0,8,0,0,0,0,1,1,6,2,57,9,1242,1,1,7,1,7
2017010041770,1,9,5,18,0,8,0,0,0,0,4,1,2,1,45,7,1794,1,10,3,1,3
2017010041770,2,9,0,9,0,6,0,0,0,0,4,1,6,1,34,6,1798,1,8,3,1,3
2017010041771,1,19,0,3,0,0,0,0,0,0,3,1,1,1,48,8,-1,-1,-1,5,1,5
2017010041771,2,9,0,5,0,0,0,0,0,0,3,1,6,2,29,6,1560,2,7,2,1,2
2017010041773,1,9,0,4,0,1,0,0,0,0,2,1,6,2,60,9,1198,1,5,3,1,3
2017010041773,2,9,0,18,0,1,0,0,0,0,1,1,6,3,-1,-1,1595,1,13,-1,-1,-1
2017010041775,1,3,0,5,9,0,0,0,0,0,0,1,6,1,25,5,108,1,1,5,1,5
2017010041775,2,1,0,18,4,0,0,4,0,0,2,1,2,2,28,6,-1,-1,-1,2,1,2
2017010041776,1,3,0,18,0,1,0,0,0,0,1,1,1,1,29,6,108,1,4,2,1,2
2017010041777,1,8,0,4,0,1,0,4,0,0,1,1,1,1,42,7,2143,2,4,5,1,5
2017010041777,2,8,0,5,0,1,0,0,0,0,2,1,1,1,33,6,-1,-1,-1,2,1,2
2017010041779,1,19,0,4,6,1,0,0,1,0,3,1,1,1,30,6,1560,2,3,9,1,9
2017010041779,2,9,0,17,0,1,1,4,0,0,1,1,6,1,18,4,1598,1,12,3,1,3
2017010041782,1,9,0,6,0,2,0,0,0,0,3,1,6,1,61,9,1461,2,3,6,1,6
2017010041782,2,3,0,18,0,2,0,0,0,0,1,1,6,1,18,4,125,1,6,4,1,4
2017010041792,1,1,0,18,0,0,0,0,0,0,0,1,6,2,36,7,-1,-1,-1,3,1,3
2017010041792,2,1,0,-1,0,0,0,0,0,0,0,1,6,1,-1,-1,-1,-1,-1,-1,-1,-1
2017010041793,1,1,0,18,0,1,0,0,0,0,1,1,6,1,38,7,-1,-1,-1,8,1,8
2017010041793,2,9,0,9,0,1,0,0,0,0,1,1,6,2,-1,-1,1998,2,5,10,1,10
2017010041798,1,1,0,18,0,0,0,0,0,0,0,1,2,2,45,7,-1,-1,-1,7,1,7
2017010041798,2,9,-1,18,0,0,0,0,0,0,3,-1,6,1,-1,-1,-1,-1,-1,-1,-1,-1
2017010041801,1,3,-1,-1,-1,-1,-1,-1,-1,-1,-1,1,6,1,19,4,125,1,-1,-1,-1,-1
2017010041801,2,9,-1,-1,-1,-1,-1,-1,-1,-1,-1,-1,6,2,-1,-1,1328,1,9,-1,-1,-1
2017010041807,1,1,0,18,4,5,0,0,0,0,1,1,6,1,25,5,-1,-1,-1,5,1,5
2017010041810,1,9,0,18,0,8,0,0,1,0,4,1,6,2,20,4,1388,1,14,2,1,2
2017010041810,2,9,0,18,0,8,0,0,0,0,1,1,6,2,33,6,1591,1,2,3,1,3
2017010041820,1,9,-1,-1,-1,-1,-1,-1,-1,-1,-1,-1,6,1,29,6,1781,1,10,5,1,5
2017010041820,2,9,-1,-1,-1,-1,-1,-1,-1,-1,-1,-1,6,3,-1,-1,1596,1,11,-1,-1,-1
2017010041821,1,9,0,-1,4,-1,0,-1,-1,-1,-1,-1,6,2,52,8,1968,2,1,-1,-1,-1
2017010041821,2,1,-1,18,4,-1,0,-1,-1,-1,-1,1,6,2,27,6,-1,-1,-1,7,1,7
2017010041822,1,19,0,4,0,0,0,0,0,0,2,1,6,1,36,7,2143,2,4,4,1,4
2017010041822,2,3,0,14,0,0,0,0,0,0,1,1,2,1,18,4,124,1,2,8,1,8
2017010041824,1,9,0,-1,-1,-1,0,-1,-1,-1,-1,-1,6,1,34,6,-1,-1,-1,5,1,5
2017010041824,2,9,0,-1,-1,-1,0,-1,-1,-1,-1,-1,6,3,-1,-1,1995,2,14,-1,-1,-1
2017010041826,1,3,0,18,0,2,-1,0,0,0,-1,1,6,1,28,6,125,1,4,-1,-1,-1
2017010041826,2,9,-1,18,0,2,-1,0,0,0,-1,-1,6,1,-1,-1,1598,1,4,2,1,2
2017010041830,1,9,-1,18,0,1,-1,0,0,0,4,-1,6,1,34,6,1598,1,4,3,1,3
2017010041830,2,9,-1,9,0,1,-1,0,0,0,1,-1,6,1,-1,-1,-1,-1,-1,-1,-1,-1
2017010041832,1,9,0,4,0,1,0,0,0,0,4,1,1,2,46,8,1596,1,16,8,1,8
2017010041834,1,5,0,18,0,1,0,0,0,0,1,1,2,1,44,7,1170,1,8,5,1,5
2017010041834,2,9,0,9,0,1,0,0,0,0,3,1,2,2,29,6,1399,2,10,5,1,5
2017010041850,1,19,0,4,0,0,0,0,0,0,4,1,6,3,-1,-1,2500,2,11,-1,-1,-1
2017010041852,1,1,0,18,0,8,0,-1,0,0,1,1,2,2,27,6,-1,-1,-1,7,1,7
2017010041852,2,19,0,9,0,8,0,-1,0,0,4,-1,6,1,-1,-1,1968,2,2,6,1,6
2017010041856,1,9,-1,-1,-1,-1,-1,-1,-1,-1,-1,-1,6,2,-1,-1,-1,-1,-1,-1,-1,-1
2017010041863,1,9,0,9,0,1,0,0,0,0,3,1,6,1,36,7,1248,2,2,3,1,3
2017010041863,2,3,0,18,0,1,0,0,0,0,1,1,6,1,29,6,125,1,1,2,1,2
2017010041870,1,9,0,18,0,0,0,0,0,0,2,1,6,2,24,5,1364,2,4,2,1,2
2017010041870,2,19,0,18,0,0,0,0,0,0,1,1,1,1,29,6,1968,2,4,6,1,6
2017010041873,1,3,0,15,0,1,0,0,0,0,3,1,6,3,-1,-1,-1,-1,-1,-1,-1,-1
2017010041874,1,11,0,3,0,0,0,0,0,0,2,1,1,1,40,7,4500,2,2,-1,-1,-1
2017010041874,2,1,0,18,0,0,0,0,0,0,1,1,2,2,30,6,-1,-1,-1,3,1,3
2017010041882,1,9,0,11,0,1,0,0,0,0,2,1,6,2,70,10,1598,2,7,9,3,9
2017010041882,2,11,0,18,0,1,0,0,0,0,1,1,6,1,25,5,4461,2,4,3,1,3
2017010041884,1,3,0,14,2,1,0,0,0,0,1,1,2,1,25,5,124,1,16,2,1,2
2017010041884,2,9,0,9,0,5,0,0,0,0,1,2,1,1,51,8,1968,2,4,3,1,3
2017010041887,1,9,0,9,0,1,0,0,0,0,3,1,2,1,44,7,1991,1,3,4,1,4
2017010041887,2,5,0,14,0,1,1,0,7,2,1,1,2,1,38,7,745,1,1,3,1,3
2017010041893,1,1,0,18,4,0,-1,-1,-1,-1,1,1,6,1,24,5,-1,-1,-1,5,1,5
2017010041893,2,9,0,-1,4,0,0,-1,-1,-1,-1,-1,6,2,-1,-1,2400,2,2,5,1,5
2017010041894,1,9,0,17,0,8,0,0,0,0,1,1,6,2,34,6,1200,1,2,9,1,9
2017010041894,2,9,4,16,0,8,0,0,0,0,0,1,6,1,66,10,1998,1,17,10,1,10
2017010041897,1,9,0,9,0,8,0,0,0,0,1,1,6,2,30,6,1596,1,12,3,1,3
2017010041897,2,5,0,18,0,1,0,0,0,0,1,1,6,1,42,7,659,1,7,8,1,8
2017010041899,1,9,0,7,0,0,0,0,0,0,4,1,6,1,31,6,2967,2,4,5,1,5
2017010041902,1,9,-1,18,0,4,-1,0,0,0,2,-1,6,1,36,7,1198,1,5,7,1,7
2017010041902,2,9,-1,18,0,4,-1,0,0,0,1,-1,6,3,-1,-1,1798,1,2,-1,-1,-1
2017010041903,1,90,0,6,0,0,0,0,0,0,1,1,1,1,39,7,-1,-1,-1,4,1,4
2017010041903,2,5,0,18,0,0,1,11,0,0,1,1,2,1,48,8,1157,1,21,2,1,2
2017010041908,1,9,-1,9,-1,-1,-1,-1,-1,-1,-1,-1,1,1,58,9,-1,-1,-1,7,1,7
2017010041908,2,1,-1,18,-1,-1,-1,-1,-1,-1,4,1,6,1,18,4,-1,-1,-1,-1,-1,-1
2017010041910,1,11,0,18,0,1,0,0,0,0,0,1,1,1,47,8,9360,2,6,4,1,4
2017010041910,2,19,0,9,0,6,0,0,0,0,0,1,6,3,-1,-1,-1,-1,-1,-1,-1,-1
2017010041915,1,11,0,4,0,0,0,0,0,0,0,1,1,1,48,8,4500,2,1,2,1,2
2017010041915,2,9,0,18,0,0,0,0,0,0,0,1,6,3,-1,-1,-1,-1,-1,-1,-1,-1
2017010041919,1,8,0,18,0,8,0,0,0,0,1,1,6,1,46,8,2143,2,2,-1,-1,-1
2017010041919,2,1,0,18,0,8,0,0,0,0,1,1,6,1,25,5,-1,-1,-1,-1,-1,-1
2017010041926,1,11,0,18,0,2,0,0,2,2,1,1,1,1,63,9,9000,2,11,6,1,6
2017010041927,1,9,0,4,0,0,0,0,0,0,2,1,6,1,46,8,-1,-1,-1,4,1,4
2017010041927,2,9,0,4,0,0,0,0,0,0,2,1,6,1,83,11,1796,1,18,8,1,8
2017010041927,3,9,0,18,0,0,0,0,0,0,1,1,6,2,49,8,1598,1,12,4,2,4
2017010041928,1,9,0,9,0,4,0,0,0,0,3,1,1,2,59,9,999,1,4,2,1,2
2017010041928,2,1,0,18,0,3,0,0,0,0,3,1,2,2,25,5,-1,-1,-1,3,1,3
2017010041930,1,21,0,-1,0,0,0,0,0,0,1,-1,6,3,-1,-1,6370,2,5,-1,-1,-1
2017010041930,2,1,0,18,0,0,-1,-1,0,0,2,1,6,1,25,5,-1,-1,-1,2,1,2
2017010041932,1,9,0,4,0,1,0,0,0,0,1,1,3,2,37,7,1198,1,10,4,1,4
2017010041932,2,1,0,13,0,1,0,0,0,0,1,1,2,1,49,8,-1,-1,-1,1,1,1
2017010041938,1,3,0,18,0,0,2,0,0,0,1,1,2,1,31,6,125,1,3,2,1,2
2017010041938,2,9,0,12,0,0,0,0,0,0,2,1,6,1,42,7,2987,2,7,5,1,5
2017010041939,1,8,0,18,0,2,0,0,0,0,4,1,6,1,50,8,1797,8,5,4,1,4
2017010041941,1,9,0,8,0,1,0,0,0,0,3,-1,6,2,50,8,1299,1,12,8,1,8
2017010041941,2,9,0,4,0,1,0,0,0,0,4,-1,6,2,-1,-1,1497,8,12,5,1,5
2017010041943,1,9,0,18,0,8,0,0,0,0,1,-1,6,1,23,5,1398,2,2,2,1,2
2017010041946,1,11,0,5,0,0,0,0,0,0,0,1,1,1,52,8,4461,2,3,2,1,2
2017010041951,1,9,-1,4,0,1,-1,0,0,0,2,-1,6,1,35,6,1995,2,9,6,1,6
2017010041963,1,11,0,18,0,2,0,0,0,0,0,1,1,2,64,9,4461,2,4,4,2,4
2017010041966,1,3,0,-1,-1,1,0,0,1,2,1,1,6,1,29,6,108,1,8,6,1,6
2017010041968,1,9,-1,-1,-1,4,-1,-1,-1,-1,-1,-1,6,3,-1,-1,1956,2,7,-1,-1,-1
2017010041968,2,3,-1,-1,-1,3,-1,0,-1,0,1,1,6,1,21,5,125,1,6,8,1,8
2017010041970,1,1,0,18,0,0,0,0,0,0,1,1,6,1,25,5,-1,-1,-1,9,1,9
2017010041970,2,9,0,4,0,0,0,0,0,0,0,1,6,3,-1,-1,1968,2,12,-1,-1,-1
2017010041971,1,9,0,18,0,1,0,0,0,0,1,1,1,1,39,7,2231,2,9,5,1,5
2017010041971,2,9,0,18,0,1,0,0,0,0,2,1,6,2,25,5,1968,2,9,3,1,3
2017010041981,1,19,0,9,0,8,0,0,0,0,1,1,1,1,57,9,1753,2,10,3,1,3
2017010041981,2,1,0,18,0,8,0,0,0,0,1,1,2,1,26,6,-1,-1,-1,2,1,2
2017010041982,1,9,0,5,0,8,0,0,0,0,4,1,6,1,36,7,1560,2,1,5,1,5
2017010041985,1,90,0,14,0,0,1,4,0,0,1,1,6,1,27,6,-1,-1,-1,4,1,4
2017010041985,2,9,0,2,0,0,0,0,0,0,1,1,6,3,-1,-1,2997,1,13,-1,-1,-1
2017010041985,3,9,0,2,0,0,0,0,0,0,2,1,6,3,-1,-1,1598,1,5,-1,-1,-1