Accident_Index,Vehicle_Reference,Vehicle_Type,Towing_and_Articulation,Vehicle_Manoeuvre,Vehicle_Location-Restricted_Lane,Junction_Location,Skidding_and_Overturning,Hit_Object_in_Carriageway,Vehicle_Leaving_Carriageway,Hit_Object_off_Carriageway,1st_Point_of_Impact,Was_Vehicle_Left_Hand_Drive?,Journey_Purpose_of_Driver,Sex_of_Driver,Age_of_Driver,Age_Band_of_Driver,Engine_Capacity_(CC),Propulsion_Code,Age_of_Vehicle,Driver_IMD_Decile,Driver_Home_Area_Type,Vehicle_IMD_Decile
2017010042917,1,9,0,9,0,6,0,0,0,0,1,2,1,2,40,7,-1,3,1,5,1,5
2017010042917,2,4,0,18,0,1,0,0,0,0,1,1,2,1,20,4,124,1,2,2,1,2
2017010042919,1,9,0,9,0,1,0,0,0,0,2,1,6,1,30,6,1968,2,4,3,1,3
2017010042919,2,9,0,18,0,1,0,0,1,0,1,1,6,1,21,5,2993,2,10,3,1,3
2017010042920,1,9,0,10,0,1,0,0,0,0,3,1,6,2,52,8,2993,2,3,5,1,5
2017010042921,1,9,0,15,0,0,0,0,0,0,1,2,6,1,39,7,999,1,-1,-1,-1,-1
2017010042921,2,9,0,18,0,0,0,0,0,0,1,1,6,2,48,8,1598,1,6,10,1,10
2017010042921,3,9,0,3,0,0,0,0,0,0,2,1,1,1,24,5,1984,1,14,2,1,2
2017010042921,4,9,0,18,0,0,0,0,0,0,1,1,1,1,30,6,1598,2,2,6,1,6
2017010042921,5,9,0,2,0,0,0,0,0,0,2,1,6,3,-1,-1,1242,1,5,-1,-1,-1
2017010042921,6,9,0,2,0,0,0,0,0,0,2,1,6,3,-1,-1,1598,2,4,-1,-1,-1
2017010042922,1,3,0,18,0,0,1,4,0,0,2,1,6,1,24,5,125,1,8,-1,-1,-1
2017010042923,1,21,1,4,0,8,1,0,0,0,2,1,1,1,39,7,10677,2,2,8,1,8
2017010042923,2,9,0,4,0,8,1,0,0,0,1,1,6,1,27,6,1968,2,8,7,1,7
2017010042923,3,9,0,18,0,8,0,0,0,0,0,1,6,1,35,6,1796,1,10,6,1,6
2017010042925,1,8,0,4,2,1,0,0,0,0,3,1,1,1,72,10,2148,2,8,5,1,5
2017010042926,1,9,0,17,0,1,0,0,0,0,4,1,6,2,32,6,1799,1,8,8,1,8
2017010042926,2,9,0,18,0,1,0,0,0,0,1,1,6,3,-1,-1,1997,2,7,-1,-1,-1
2017010042930,1,3,0,9,0,8,0,0,0,0,3,1,6,1,35,6,125,1,4,3,1,3
2017010042930,2,3,0,9,0,8,0,0,0,0,1,1,6,1,19,4,124,1,13,1,1,1
2017010042931,1,9,0,18,0,2,1,0,8,10,3,1,6,1,25,5,1596,1,13,-1,-1,-1
2017010042933,1,9,0,7,0,6,0,0,0,0,3,1,6,1,33,6,2143,2,1,6,1,6
2017010042933,2,5,0,18,0,8,1,0,0,0,1,1,6,1,26,6,999,1,8,6,1,6
2017010042933,3,5,0,18,0,1,5,0,5,4,1,1,6,1,30,6,999,1,7,3,1,3
2017010042933,4,5,0,18,0,8,0,0,0,0,0,1,6,1,39,7,750,1,5,3,1,3
2017010042934,1,9,0,18,0,8,0,0,0,0,4,1,2,1,28,6,1598,1,8,4,1,4
2017010042934,2,9,0,18,0,8,0,0,0,0,1,1,6,1,-1,-1,1598,1,15,2,1,2
2017010042936,1,9,0,12,0,1,0,0,0,0,1,1,1,1,33,6,1240,1,13,2,1,2
2017010042939,1,9,0,5,0,1,0,0,0,0,4,1,6,2,24,5,875,1,1,9,1,9
2017010042939,2,1,0,18,0,8,0,0,0,0,1,1,6,1,25,5,-1,-1,-1,10,1,10
2017010042940,1,9,0,5,0,8,0,0,0,0,1,1,6,1,29,6,1242,1,11,1,1,1
2017010042940,2,9,0,18,0,2,1,4,0,0,2,1,6,1,18,4,1968,2,8,-1,-1,-1
2017010042949,1,19,0,6,0,2,0,0,0,0,3,1,2,1,31,6,1998,2,12,4,1,4
2017010042949,2,5,0,18,0,2,0,0,0,0,1,1,1,1,30,6,599,1,14,3,1,3
2017010042950,1,9,0,18,0,8,0,0,0,0,1,1,6,2,-1,-1,1968,2,11,-1,-1,-1
2017010042950,2,9,0,18,0,8,0,0,0,0,1,-1,6,2,55,8,1388,1,7,7,1,7
2017010042953,1,1,-1,18,0,8,5,0,0,0,1,1,6,1,24,5,-1,-1,-1,3,1,3
2017010042953,2,9,0,9,0,8,0,0,0,0,4,-1,6,2,49,8,1598,1,2,10,1,10
2017010042958,1,9,0,18,0,0,0,-1,0,0,4,-1,6,3,-1,-1,1388,1,9,-1,-1,-1
2017010042961,1,9,0,18,0,-1,0,0,0,0,2,-1,6,1,28,6,1595,1,1,3,1,3
2017010042973,1,9,0,10,0,8,0,0,0,0,1,1,1,2,46,8,1497,1,13,1,1,1
2017010042973,2,3,0,15,0,8,0,0,0,0,4,1,2,1,32,6,-1,-1,-1,1,1,1
2017010042977,1,9,0,4,0,1,0,0,0,0,1,1,2,2,38,7,1968,2,4,4,1,4
2017010042977,2,9,0,4,0,1,0,0,0,0,2,1,2,2,30,6,1796,1,5,3,1,3
2017010042977,3,9,0,4,0,1,0,0,0,0,2,1,2,2,54,8,1995,1,11,9,1,9
2017010042979,1,9,0,18,0,4,0,0,0,0,2,1,6,2,59,9,1598,2,3,5,1,5
2017010042979,2,9,-1,-1,0,4,0,0,0,0,1,-1,6,1,-1,-1,-1,-1,-1,-1,-1,-1
2017010042984,1,9,0,8,0,0,0,0,0,0,1,1,6,1,39,7,1797,8,7,9,1,9
2017010042990,1,9,0,4,0,1,0,0,0,0,2,1,3,2,52,8,-1,-1,-1,5,1,5
2017010042990,2,9,0,4,0,1,0,0,0,0,1,1,2,1,30,6,1999,2,2,2,1,2
2017010042996,1,9,0,18,0,8,0,0,0,0,3,-1,6,3,-1,-1,-1,-1,-1,-1,-1,-1
2017010042998,1,9,-1,-1,-1,-1,-1,-1,-1,-1,-1,-1,6,2,-1,-1,-1,-1,-1,-1,-1,-1
2017010043000,1,9,-1,18,-1,0,0,0,0,0,2,-1,6,1,56,9,1598,1,15,4,1,4
2017010043000,2,9,-1,18,-1,0,0,-1,-1,-1,1,-1,6,1,-1,-1,1390,1,13,-1,-1,-1
2017010043003,1,8,0,14,0,0,0,0,0,0,4,1,1,1,48,8,1997,2,6,4,1,4
2017010043007,1,1,0,18,0,0,-1,-1,0,0,-1,1,6,1,36,7,-1,-1,-1,6,1,6
2017010043007,2,19,-1,11,-1,0,-1,-1,-1,0,-1,-1,6,3,-1,-1,-1,-1,-1,-1,-1,-1
2017010043008,1,9,0,3,0,1,0,0,0,0,2,1,2,2,19,4,1248,1,-1,3,1,3
2017010043008,2,9,0,3,0,1,0,0,0,0,2,1,3,1,53,8,1998,1,11,7,1,7
2017010043008,3,9,0,18,0,1,0,0,0,0,1,1,6,2,43,7,1968,2,3,2,1,2
2017010043012,1,9,-1,-1,-1,-1,-1,-1,-1,-1,-1,-1,6,2,30,6,2231,2,4,2,1,2
2017010043012,2,9,-1,-1,-1,-1,-1,-1,-1,-1,-1,-1,6,3,-1,-1,-1,-1,-1,-1,-1,-1
2017010043013,1,9,0,-1,0,0,0,-1,0,0,-1,-1,6,1,38,7,1896,2,9,-1,-1,-1
2017010043013,2,9,0,-1,0,0,0,-1,0,0,-1,-1,6,1,-1,-1,1560,2,1,-1,-1,-1
2017010043018,1,9,-1,-1,-1,0,-1,-1,-1,-1,1,-1,6,3,-1,-1,-1,-1,-1,-1,-1,-1
2017010043020,1,3,0,18,0,0,0,0,0,0,1,1,6,2,34,6,124,1,7,6,1,6
2017010043020,2,9,0,18,0,0,0,0,0,0,1,-1,6,1,-1,-1,-1,-1,-1,-1,-1,-1
2017010043033,1,9,0,3,0,8,0,0,0,0,2,-1,6,2,45,7,1364,2,9,4,1,4
2017010043033,2,9,0,18,0,8,0,0,0,0,1,-1,6,1,-1,-1,1390,1,10,3,1,3
2017010043039,1,10,0,18,0,2,0,0,0,0,1,1,1,1,51,8,2143,2,7,1,1,1
2017010043045,1,9,0,10,0,8,0,0,0,0,4,1,6,2,18,4,1242,1,5,7,1,7
2017010043045,2,1,0,18,0,8,0,0,0,0,1,1,2,1,44,7,-1,-1,-1,10,1,10
2017010043048,1,1,0,18,0,1,5,0,0,0,1,1,6,1,18,4,-1,-1,-1,8,1,8
2017010043048,2,9,0,9,0,1,0,0,0,0,4,-1,6,1,-1,-1,1390,1,9,-1,-1,-1
2017010043050,1,1,0,18,0,1,0,0,0,0,4,1,6,1,29,6,-1,-1,-1,8,1,8
2017010043050,2,9,0,9,0,5,0,0,0,0,0,-1,6,2,25,5,1896,2,10,7,1,7
2017010043051,1,9,-1,-1,-1,-1,-1,-1,-1,-1,-1,-1,6,2,49,8,2400,1,12,-1,-1,-1
2017010043051,2,9,-1,-1,-1,-1,-1,-1,-1,-1,-1,-1,6,3,-1,-1,1229,1,7,-1,-1,-1
2017010043052,1,9,0,4,0,1,0,0,0,0,2,1,6,1,45,7,2979,1,13,8,1,8
2017010043052,2,3,0,18,0,1,0,0,0,0,1,1,6,1,22,5,124,1,2,6,1,6
2017010043055,1,9,0,2,0,0,0,0,0,0,0,2,6,3,-1,-1,2457,1,11,-1,-1,-1
2017010043063,1,8,0,18,2,1,0,0,0,0,4,1,1,1,48,8,2499,2,10,3,1,3
2017010043064,1,9,0,10,0,8,0,0,0,0,1,1,6,1,65,9,1997,2,2,3,1,3
2017010043064,2,5,0,18,0,8,0,0,0,0,1,1,6,1,49,8,998,1,7,2,1,2
2017010043069,1,9,0,16,0,1,0,0,0,0,1,1,6,1,41,7,1240,1,13,2,1,2
2017010043069,2,21,1,16,0,1,0,0,0,0,4,1,1,1,56,9,4580,2,9,3,1,3
2017010043070,1,9,0,5,0,2,0,0,0,0,1,1,1,1,34,6,1596,1,8,2,1,2
2017010043070,2,4,0,18,0,2,0,0,0,0,1,1,6,1,22,5,-1,-1,-1,2,1,2
2017010043075,1,11,0,18,0,1,0,0,0,0,2,1,1,1,47,8,9000,2,8,2,1,2
2017010043075,2,11,0,4,0,1,0,0,0,0,1,1,1,2,56,9,6696,2,4,1,1,1
2017010043076,1,3,0,18,0,1,0,0,0,0,1,1,6,3,-1,-1,-1,-1,-1,-1,-1,-1
2017010043085,1,9,0,4,0,0,0,0,0,0,2,1,6,1,38,7,1753,2,10,8,1,8
2017010043085,2,19,0,18,0,0,0,0,0,0,1,1,6,1,26,6,1995,2,-1,5,1,5
2017010043086,1,11,0,5,8,6,0,0,0,0,0,1,1,1,36,7,4500,2,6,2,1,2
2017010043087,1,1,0,18,2,8,0,0,0,0,1,1,2,1,32,6,-1,-1,-1,7,1,7
2017010043087,2,9,0,5,0,6,0,0,0,0,3,1,6,3,-1,-1,1796,1,7,-1,-1,-1
2017010043090,1,9,0,18,0,1,0,0,0,0,3,1,2,1,46,8,1596,1,13,5,1,5
2017010043093,1,19,0,4,0,1,0,0,0,0,1,1,1,1,24,5,2143,2,-1,4,1,4
2017010043093,2,5,0,4,0,1,0,0,0,0,2,1,2,1,21,5,656,1,10,4,1,4
2017010043094,1,9,-1,-1,-1,-1,-1,-1,-1,-1,-1,-1,6,3,-1,-1,-1,-1,-1,-1,-1,-1
2017010043104,1,9,0,18,0,8,0,0,0,0,3,-1,6,1,42,7,2362,1,12,9,1,9
2017010043104,2,9,0,9,0,8,0,0,0,0,3,-1,6,3,-1,-1,1390,1,6,-1,-1,-1
2017010043105,1,1,0,18,0,1,1,0,1,0,1,1,6,1,28,6,-1,-1,-1,6,1,6
2017010043105,2,9,0,7,0,8,0,0,0,0,4,-1,6,2,38,7,1598,1,9,7,1,7
2017010043109,1,9,0,3,0,0,0,0,0,0,2,2,1,1,41,7,1956,2,3,6,2,6
2017010043109,2,9,0,18,0,0,1,4,0,0,1,2,6,1,23,5,1493,1,18,10,1,10
2017010043113,1,9,0,4,0,0,0,-1,0,0,2,-1,6,1,55,8,1596,1,18,-1,-1,-1
2017010043114,1,9,0,3,0,0,0,0,0,0,3,1,6,2,26,6,998,1,2,3,1,3
2017010043114,2,19,0,-1,0,0,0,0,0,0,1,1,6,3,-1,-1,-1,-1,-1,-1,-1,-1
2017010043118,1,9,0,13,0,1,0,0,7,0,1,1,6,2,32,6,1149,1,3,3,1,3
2017010043118,2,4,0,13,0,1,0,0,0,0,1,1,6,1,-1,-1,125,1,3,6,1,6
2017010043119,1,9,0,3,0,1,0,0,0,0,1,1,6,2,38,7,-1,-1,-1,7,1,7
2017010043119,2,9,0,3,0,1,0,0,0,0,2,1,6,2,37,7,1598,1,11,2,1,2
2017010043119,3,19,0,3,0,1,0,0,0,0,2,1,6,1,-1,-1,1753,2,4,-1,-1,-1
2017010043125,1,9,0,18,0,0,0,0,0,0,2,1,6,1,57,9,1598,1,5,-1,-1,-1
2017010043125,2,9,0,18,0,0,0,0,0,0,1,1,6,1,46,8,1499,2,1,2,1,2
2017010043126,1,1,0,18,0,0,0,0,0,0,4,1,6,1,24,5,-1,-1,-1,3,1,3
2017010043126,2,9,0,7,0,0,-1,0,0,0,-1,-1,6,1,45,7,1124,1,17,4,1,4
2017010043127,1,9,0,9,0,5,0,0,0,0,1,1,6,2,45,7,1363,2,15,5,1,5
2017010043131,1,9,0,-1,-1,-1,0,-1,-1,-1,-1,-1,6,2,74,10,1598,1,10,8,1,8
2017010043131,2,19,0,-1,-1,-1,0,-1,-1,-1,-1,-1,6,1,31,6,2299,2,5,4,1,4
2017010043133,1,1,0,-1,0,8,0,0,0,0,3,1,6,1,28,6,-1,-1,-1,2,1,2
2017010043133,2,9,-1,-1,-1,-1,-1,-1,-1,-1,-1,-1,6,1,45,7,1968,2,3,-1,-1,-1
2017010043137,1,9,0,18,0,1,0,0,0,0,1,-1,6,1,47,8,1560,2,3,4,1,4
2017010043137,2,9,0,9,0,8,0,0,0,0,1,-1,6,1,62,9,1497,8,1,2,1,2
2017010043139,1,3,0,5,0,8,-1,0,-1,0,-1,1,1,1,-1,-1,108,1,4,-1,-1,-1
2017010043139,2,19,0,5,0,6,0,0,0,0,0,1,6,3,-1,-1,2148,2,9,-1,-1,-1
2017010043140,1,3,0,18,0,2,1,0,0,0,4,1,6,1,17,4,124,1,5,6,1,6
2017010043140,2,11,0,18,0,2,0,0,0,0,3,1,1,1,34,6,9360,2,8,4,1,4
2017010043141,1,9,0,5,0,1,0,0,0,0,1,1,6,1,65,9,1240,1,12,1,1,1
2017010043143,1,90,0,1,0,1,0,0,0,0,2,1,1,1,29,6,-1,-1,-1,1,1,1
2017010043145,1,4,0,-1,-1,-1,0,-1,-1,-1,-1,1,6,1,30,6,248,1,2,2,1,2
2017010043149,1,9,0,16,0,0,0,0,0,0,1,-1,6,1,47,8,2995,1,13,1,1,1
2017010043149,2,19,0,12,0,0,0,0,0,0,1,-1,6,3,-1,-1,2148,2,8,-1,-1,-1
2017010043151,1,4,0,3,0,1,0,0,0,0,2,1,6,1,22,5,278,1,4,3,1,3
2017010043151,2,9,0,18,0,1,0,0,0,0,1,-1,6,1,-1,-1,1461,2,10,-1,-1,-1
2017010043157,1,9,0,1,9,0,0,0,0,0,2,1,2,1,50,8,-1,-1,-1,4,1,4
2017010043159,1,9,0,3,0,1,0,4,0,0,1,1,6,1,35,6,1598,2,5,5,1,5
2017010043159,2,9,0,1,0,1,0,4,1,0,2,1,6,1,32,6,1388,1,16,2,1,2
2017010043161,1,9,0,7,0,8,0,0,0,0,2,1,6,2,25,5,1461,2,-1,6,1,6
2017010043162,1,3,0,13,0,8,0,0,0,0,1,1,6,2,37,7,125,1,4,3,1,3
2017010043162,2,9,0,9,0,8,0,0,0,0,3,1,6,2,29,6,1364,1,2,4,1,4
2017010043163,1,5,0,18,0,0,0,4,0,0,1,1,6,1,22,5,675,1,9,-1,-1,-1
2017010043163,2,9,0,2,0,0,0,0,0,0,1,1,6,3,-1,-1,1910,2,11,-1,-1,-1
2017010043165,1,11,0,4,2,2,0,0,0,0,0,1,1,1,50,8,4500,2,2,3,1,3
2017010043166,1,19,0,18,0,2,0,0,0,0,1,1,1,1,55,8,2198,2,1,5,1,5
2017010043167,1,9,0,18,0,4,0,0,0,0,0,1,6,1,70,10,-1,-1,-1,1,1,1
2017010043168,1,11,0,18,0,0,0,0,0,0,0,1,1,1,52,8,4500,2,8,3,1,3
2017010043169,1,9,0,18,0,2,0,0,0,0,1,1,6,1,72,10,1298,1,21,5,1,5
2017010043169,2,9,0,6,0,2,0,0,0,0,2,1,6,1,53,8,1997,2,7,-1,-1,-1
2017010043170,1,9,0,18,0,1,0,0,0,0,1,1,6,3,-1,-1,1590,1,16,-1,-1,-1
2017010043171,1,9,0,6,0,1,0,0,0,0,4,1,1,1,48,8,1560,2,5,2,1,2
2017010043171,2,1,0,18,0,1,0,0,0,0,4,1,6,1,36,7,-1,-1,-1,3,1,3
2017010043172,1,8,0,3,0,0,0,0,0,0,3,1,1,1,32,6,1798,8,2,5,1,5
2017010043172,2,9,0,18,0,0,0,0,0,0,1,1,6,2,43,7,1389,1,22,6,1,6
2017010043172,3,1,0,14,0,0,0,8,0,0,1,1,6,1,14,3,-1,-1,-1,6,1,6
2017010043175,1,9,0,8,0,1,0,0,0,0,3,1,1,1,39,7,-1,-1,-1,4,1,4
2017010043175,2,9,0,7,0,5,0,0,0,0,2,1,6,2,67,10,1396,1,3,7,1,7
2017010043175,3,11,0,18,0,1,0,0,0,0,1,1,1,1,58,9,5132,2,2,10,1,10
2017010043176,1,9,0,6,0,8,0,0,0,0,2,1,3,2,33,6,1461,2,2,8,1,8
2017010043176,2,19,0,10,0,6,0,0,0,0,4,1,1,1,42,7,2500,2,11,1,1,1
2017010043177,1,1,0,18,0,1,0,0,0,0,0,1,6,1,41,7,-1,-1,-1,4,1,4
2017010043178,1,9,0,9,0,1,0,0,0,0,4,2,2,2,30,6,999,1,4,4,1,4
2017010043179,1,3,0,18,0,1,0,0,0,0,1,1,6,1,17,4,125,1,1,2,1,2
2017010043179,2,9,0,9,0,1,0,0,0,0,1,1,2,1,24,5,1229,1,13,-1,-1,-1
2017010043180,1,9,0,5,0,0,0,0,0,0,1,1,6,1,18,4,1896,2,12,3,1,3
2017010043180,2,1,0,13,0,0,0,0,0,0,1,1,1,1,40,7,-1,-1,-1,2,1,2
2017010043181,1,9,0,9,0,6,0,0,0,0,1,1,6,1,58,9,1598,1,15,3,1,3
2017010043184,1,8,0,7,0,8,0,0,0,0,3,1,6,3,-1,-1,2402,2,12,-1,-1,-1
2017010043184,2,1,0,5,0,8,5,0,0,0,3,1,6,2,28,6,-1,-1,-1,3,1,3
2017010043186,1,9,0,18,0,8,0,0,0,0,2,1,6,2,46,8,1598,2,7,2,1,2
2017010043186,2,9,0,18,0,8,0,0,0,0,2,1,6,1,30,6,1399,2,5,3,1,3
2017010043186,3,9,0,18,0,8,0,0,1,0,4,1,6,1,59,9,2967,2,3,4,1,4
2017010043187,1,9,0,18,0,2,0,0,0,0,1,1,6,2,31,6,1596,1,14,3,1,3
2017010043188,1,11,0,5,2,1,0,0,0,0,0,1,1,1,47,8,6692,2,7,3,1,3
2017010043189,1,9,0,4,0,1,0,0,0,0,3,1,6,2,86,11,1339,1,14,10,1,10
2017010043189,2,9,0,9,0,2,0,0,0,0,1,1,6,1,27,6,1600,1,13,5,1,5
2017010043190,1,9,0,18,0,1,0,0,0,0,1,1,6,1,24,5,2000,1,16,9,1,9
2017010043190,2,3,0,18,0,1,0,0,0,0,2,1,6,1,20,4,124,1,2,3,1,3
2017010043192,1,9,0,7,0,6,0,0,0,0,4,1,6,2,49,8,-1,-1,-1,2,1,2
2017010043192,2,4,0,18,0,1,0,0,0,0,1,1,2,1,22,5,124,1,2,4,1,4
2017010043193,1,9,0,18,0,0,0,0,0,0,4,1,1,1,22,5,1598,1,11,3,1,3
2017010043194,1,19,0,18,0,0,1,0,0,0,1,1,6,1,64,9,1560,2,1,9,1,9
2017010043194,2,9,0,18,0,0,0,4,0,0,3,1,6,2,39,7,1497,8,3,9,1,9
2017010043194,3,9,0,2,0,0,0,0,0,0,2,1,6,3,-1,-1,1999,1,14,-1,-1,-1
2017010043195,1,9,0,9,0,4,0,0,0,0,1,1,2,1,64,9,1329,1,6,6,2,6
2017010043195,2,9,0,17,0,4,0,0,0,0,1,1,2,2,37,7,998,1,5,7,1,7
2017010043197,1,8,0,18,0,1,0,0,0,0,1,1,1,1,51,8,1339,8,6,2,1,2
2017010043199,1,1,0,7,0,1,0,10,0,0,1,1,2,2,26,6,-1,-1,-1,8,1,8
2017010043199,2,1,0,7,0,1,0,7,0,0,1,1,2,2,31,6,-1,-1,-1,5,1,5
2017010043200,1,9,0,18,0,1,0,0,0,0,2,1,6,2,45,7,2987,2,11,4,1,4
2017010043200,2,3,0,18,0,1,0,0,1,0,1,1,6,1,24,5,124,1,16,3,1,3
2017010043201,1,3,0,18,0,2,0,0,0,0,0,1,6,3,-1,-1,-1,-1,-1,-1,-1,-1
2017010043203,1,9,0,18,0,1,0,0,0,0,4,1,6,3,-1,-1,-1,-1,-1,-1,-1,-1
2017010043203,2,1,0,18,4,1,0,0,0,0,4,1,6,2,18,4,-1,-1,-1,5,1,5
2017010043207,1,9,0,2,0,0,0,0,0,0,1,1,6,3,-1,-1,1461,2,2,-1,-1,-1
2017010043207,2,9,0,18,0,0,0,0,0,0,1,1,6,2,67,10,1364,1,1,-1,-1,-1
2017010043209,1,9,0,18,0,1,0,0,0,0,1,1,6,2,43,7,998,1,15,2,1,2
2017010043209,2,9,0,9,0,6,0,0,0,0,1,1,6,1,20,4,1229,1,10,1,1,1
2017010043210,1,9,0,9,0,1,0,10,7,0,3,1,6,1,27,6,1560,2,-1,2,1,2
2017010043210,2,2,0,13,0,1,5,0,0,0,1,1,2,1,28,6,108,1,1,2,1,2
2017010043211,1,9,0,2,0,0,0,0,0,0,2,1,6,3,-1,-1,1198,1,8,-1,-1,-1
2017010043211,2,3,0,18,0,0,0,0,0,0,1,1,6,1,27,6,-1,-1,-1,2,1,2
2017010043213,1,9,0,9,0,5,0,0,0,0,1,1,6,1,22,5,1390,1,13,4,1,4
2017010043213,2,19,0,14,0,8,1,0,1,0,4,1,1,1,30,6,2198,2,1,2,1,2
2017010043214,1,9,0,18,0,0,0,0,7,4,1,1,6,2,46,8,1896,2,12,5,1,5
2017010043217,1,4,0,18,0,1,0,0,0,0,1,1,6,1,25,5,124,1,2,1,1,1
2017010043217,2,8,0,7,0,2,0,0,0,0,3,1,1,1,29,6,1798,8,2,2,1,2
2017010043218,1,1,0,18,0,0,0,0,0,0,1,1,1,1,29,6,-1,-1,-1,-1,-1,-1
2017010043218,2,19,0,3,0,0,0,0,0,0,2,1,1,1,22,5,1995,2,8,4,1,4
2017010043219,1,9,0,18,9,1,0,0,7,2,1,1,2,1,32,6,1582,2,2,9,1,9
2017010043221,1,5,0,18,0,0,0,0,0,0,1,1,6,1,28,6,599,1,14,-1,-1,-1
2017010043223,1,9,-1,3,0,0,0,0,0,0,1,1,6,1,58,9,1797,8,7,3,1,3
2017010043223,2,9,-1,1,0,0,0,0,0,0,2,1,6,1,50,8,2231,2,9,3,1,3
2017010043225,1,11,0,5,0,1,0,0,0,0,0,1,6,1,52,8,9360,2,4,8,1,8
2017010043229,1,9,0,7,0,8,0,0,0,0,4,1,6,3,-1,-1,-1,-1,-1,-1,-1,-1
2017010043229,2,1,0,18,0,1,0,0,0,0,4,1,6,1,44,7,-1,-1,-1,10,1,10
2017010043235,1,9,0,3,0,4,0,0,0,0,2,-1,6,1,57,9,1390,1,10,8,1,8
2017010043235,2,9,0,18,0,4,0,0,0,0,1,-1,6,1,28,6,1590,1,14,-1,-1,-1
2017010043241,1,19,0,18,0,0,0,0,0,0,1,1,1,1,43,7,2143,2,1,4,1,4
2017010043241,2,8,0,18,0,0,0,0,0,0,2,1,1,1,45,7,1986,2,9,3,1,3
2017010043243,1,1,0,9,0,8,0,0,0,0,-1,1,6,1,47,8,-1,-1,-1,1,1,1
2017010043243,2,2,-1,18,0,8,0,0,0,0,-1,1,6,3,-1,-1,656,1,11,-1,-1,-1
2017010043246,1,19,0,-1,-1,-1,0,-1,-1,-1,-1,1,6,1,71,10,2143,2,2,2,1,2
2017010043246,2,9,0,-1,-1,-1,0,-1,-1,-1,-1,-1,6,3,-1,-1,1910,2,11,-1,-1,-1
2017010043254,1,8,0,4,0,6,0,0,0,0,3,1,1,1,54,8,1797,8,7,3,1,3
2017010043257,1,9,0,4,0,1,0,0,0,0,2,1,6,1,26,6,1995,2,8,3,1,3
2017010043257,2,9,0,4,0,1,0,0,0,0,1,1,6,1,-1,-1,1596,1,3,-1,-1,-1
2017010043264,1,8,0,14,0,0,0,0,0,0,4,1,1,1,48,8,1997,2,5,3,1,3
2017010043264,2,1,0,14,0,0,0,0,0,0,3,1,6,1,25,5,-1,-1,-1,8,1,8
2017010043266,1,9,0,18,0,1,0,0,0,0,4,1,2,1,53,8,-1,-1,-1,8,1,8
2017010043266,2,1,0,18,4,7,0,0,0,0,3,1,2,1,27,6,-1,-1,-1,6,1,6
2017010043270,1,1,0,18,0,8,0,0,0,0,-1,1,2,1,32,6,-1,-1,-1,2,1,2
2017010043270,2,9,0,7,0,8,0,0,0,0,-1,-1,6,1,38,7,-1,-1,-1,6,1,6
2017010043273,1,9,-1,18,0,4,1,0,0,0,2,-1,6,1,26,6,1956,2,5,1,1,1
2017010043273,2,3,-1,18,0,4,-1,0,-1,0,1,1,6,3,-1,-1,779,1,5,-1,-1,-1
2017010043277,1,9,0,17,0,8,0,0,0,0,3,1,6,2,39,7,1968,2,12,6,1,6
2017010043280,1,1,0,18,0,1,0,0,0,0,4,1,6,1,31,6,-1,-1,-1,2,1,2
2017010043280,2,9,0,9,0,1,0,0,0,0,1,1,6,1,-1,-1,2231,2,10,-1,-1,-1
2017010043286,1,9,0,5,0,8,0,0,0,0,1,1,6,1,50,8,1997,2,1,2,1,2
2017010043286,2,1,0,18,0,8,0,0,0,0,3,1,2,1,34,6,-1,-1,-1,6,1,6
2017010043292,1,9,0,18,0,1,0,0,0,0,1,1,6,1,42,7,1497,8,10,7,3,7
2017010043292,2,9,0,9,0,8,0,0,0,0,1,1,3,2,36,7,1560,2,4,3,1,3
2017010043293,1,9,0,4,9,0,0,0,1,0,1,1,6,1,73,10,3222,2,13,9,1,9
2017010043299,1,9,0,7,0,1,0,0,0,0,4,1,6,1,36,7,1461,2,3,6,1,6
2017010043299,2,9,0,18,0,1,0,0,0,0,4,1,6,3,-1,-1,1995,2,4,-1,-1,-1
2017010043301,1,11,0,18,3,0,0,0,0,0,0,1,6,1,51,8,6700,2,5,2,1,2
2017010043301,2,9,0,7,0,0,0,0,0,0,0,1,6,1,41,7,1598,2,4,2,1,2
2017010043302,1,9,-1,18,0,0,5,0,0,0,2,1,6,1,42,7,1395,1,4,-1,-1,-1
2017010043302,2,9,-1,18,-1,0,-1,0,-1,0,1,1,6,3,-1,-1,2000,2,6,-1,-1,-1
2017010043304,1,9,0,9,0,2,0,0,0,0,4,1,6,1,31,6,999,1,-1,10,1,10
2017010043304,2,1,0,18,0,8,0,0,0,0,1,1,6,1,51,8,-1,-1,-1,-1,-1,-1
2017010043305,1,10,0,1,0,1,0,0,0,0,2,1,1,1,55,8,-1,-1,-1,7,1,7
2017010043311,1,9,0,18,0,8,1,0,0,0,3,1,6,2,33,6,2179,2,4,2,1,2
2017010043311,2,9,0,9,0,8,0,0,0,0,1,1,6,2,33,6,1397,1,14,2,1,2
2017010043313,1,3,0,3,0,1,0,0,0,0,3,1,1,1,27,6,124,1,2,3,1,3
2017010043313,2,20,0,18,0,1,0,0,0,0,4,1,1,1,36,7,4500,2,2,2,1,2
2017010043317,1,9,0,7,0,8,0,0,0,0,2,1,6,1,40,7,1598,1,8,2,1,2
2017010043317,2,9,0,7,0,8,0,0,0,0,1,-1,6,3,-1,-1,1598,1,8,-1,-1,-1