Accident_Index,Vehicle_Reference,Vehicle_Type,Towing_and_Articulation,Vehicle_Manoeuvre,Vehicle_Location-Restricted_Lane,Junction_Location,Skidding_and_Overturning,Hit_Object_in_Carriageway,Vehicle_Leaving_Carriageway,Hit_Object_off_Carriageway,1st_Point_of_Impact,Was_Vehicle_Left_Hand_Drive?,Journey_Purpose_of_Driver,Sex_of_Driver,Age_of_Driver,Age_Band_of_Driver,Engine_Capacity_(CC),Propulsion_Code,Age_of_Vehicle,Driver_IMD_Decile,Driver_Home_Area_Type,Vehicle_IMD_Decile
2017010043550,2,9,0,3,0,1,0,0,0,0,2,1,6,1,50,8,1998,1,15,3,1,3
2017010043551,1,9,0,4,0,0,0,0,0,0,1,1,6,2,33,6,2494,1,13,7,1,7
2017010043551,2,9,0,4,0,0,0,0,0,0,0,1,6,2,25,5,1197,1,1,6,1,6
2017010043552,1,9,0,3,0,2,0,0,0,0,1,1,6,1,19,4,999,1,3,8,1,8
2017010043555,1,9,0,7,0,1,0,0,0,0,3,1,6,1,59,9,2597,1,16,7,1,7
2017010043555,2,5,0,13,0,1,0,10,0,0,4,1,6,1,30,6,998,1,4,5,1,5
2017010043555,3,9,0,3,0,1,0,0,0,0,4,1,6,1,45,7,1995,2,10,10,1,10
2017010043556,1,8,0,18,0,1,0,0,0,0,1,1,1,1,39,7,1997,2,2,2,1,2
2017010043556,2,3,0,4,0,1,0,0,0,0,2,1,6,1,33,6,125,1,8,4,1,4
2017010043557,1,19,0,18,0,8,5,0,0,0,1,2,6,1,25,5,1995,2,-1,5,3,5
2017010043557,2,9,0,12,0,8,0,0,0,0,2,1,6,1,26,6,1956,2,4,3,1,3
2017010043558,1,8,0,9,0,8,0,0,0,0,1,1,1,1,25,5,1797,8,5,6,1,6
2017010043559,1,3,0,17,0,0,1,0,0,0,3,1,6,1,24,5,124,1,9,2,1,2
2017010043559,2,9,0,2,0,0,0,0,0,0,3,1,6,3,-1,-1,2500,1,17,-1,-1,-1
2017010043560,1,3,0,18,0,8,0,0,0,0,1,1,6,1,26,6,-1,-1,-1,5,1,5
2017010043560,2,9,0,9,0,8,0,0,0,0,3,1,6,1,28,6,1299,1,13,1,1,1
2017010043561,1,9,0,9,0,5,0,0,0,0,1,1,6,1,70,10,2656,1,14,2,1,2
2017010043564,1,9,0,3,0,0,0,0,0,0,2,1,6,2,24,5,1242,1,5,6,1,6
2017010043564,2,9,0,5,0,0,0,0,0,0,1,1,6,1,25,5,3189,1,13,6,1,6
2017010043565,1,3,0,18,0,8,0,0,0,0,1,1,1,1,29,6,108,1,1,10,1,10
2017010043567,1,3,0,18,0,0,0,0,0,0,0,1,1,1,32,6,108,1,1,6,1,6
2017010043568,1,9,0,18,0,1,0,0,0,0,3,1,6,1,48,8,2401,2,12,1,1,1
2017010043568,2,1,0,18,0,2,0,0,0,0,1,1,6,1,7,2,-1,-1,-1,1,1,1
2017010043569,1,9,0,18,0,0,1,10,2,10,1,1,6,1,24,5,1999,1,17,8,1,8
2017010043569,2,9,0,2,9,0,1,0,0,0,3,1,6,3,-1,-1,998,1,2,-1,-1,-1
2017010043570,1,9,0,3,0,2,0,0,0,0,2,1,2,1,54,8,1596,1,12,6,1,6
2017010043570,2,5,0,18,0,2,0,0,0,0,1,1,6,1,67,10,1064,1,9,3,1,3
2017010043571,1,9,0,3,0,-1,0,4,0,0,2,1,6,1,35,6,1149,1,9,4,1,4
2017010043571,2,9,-1,-1,-1,1,-1,4,0,0,2,-1,6,1,-1,-1,2179,2,10,6,1,6
2017010043571,3,19,-1,4,-1,-1,-1,-1,-1,-1,-1,-1,6,1,20,4,1598,2,5,4,1,4
2017010043572,1,4,0,13,0,1,2,0,7,10,1,1,6,1,26,6,499,1,13,6,1,6
2017010043572,2,9,0,9,0,8,0,0,0,0,3,1,6,1,59,9,2926,2,15,8,1,8
2017010043573,1,9,0,11,0,2,0,0,0,0,4,1,6,2,37,7,1968,2,3,9,1,9
2017010043573,2,3,0,18,0,2,1,0,0,0,3,1,6,2,37,7,124,1,11,5,1,5
2017010043574,1,9,0,3,0,0,0,0,0,0,3,1,1,1,46,8,2171,1,15,2,1,2
2017010043574,2,1,0,14,0,0,0,0,0,0,1,1,6,1,37,7,-1,-1,-1,-1,-1,-1
2017010043577,1,9,0,9,0,6,0,0,0,0,3,1,6,2,29,6,1242,1,4,6,1,6
2017010043577,2,3,0,18,0,1,5,0,0,0,1,1,6,1,18,4,124,1,-1,2,1,2
2017010043579,1,9,0,18,0,1,0,0,0,0,4,1,6,2,70,10,1796,1,17,2,1,2
2017010043579,2,9,0,2,0,1,0,0,0,0,4,1,6,3,-1,-1,-1,-1,-1,-1,-1,-1
2017010043580,1,9,0,18,0,0,0,0,0,0,1,1,6,1,51,8,1339,1,10,6,1,6
2017010043580,2,9,0,16,0,0,0,0,0,0,1,1,6,1,54,8,2199,2,3,6,1,6
2017010043581,1,9,0,5,0,1,0,0,0,0,1,1,6,1,38,7,-1,-1,-1,2,1,2
2017010043581,2,9,0,10,0,1,0,0,0,0,2,1,6,2,50,8,1600,1,12,8,1,8
2017010043583,1,9,0,18,0,0,0,0,0,0,1,1,6,1,36,7,1339,8,10,5,1,5
2017010043583,2,8,0,18,0,0,0,0,0,0,1,1,1,1,60,9,2402,2,13,8,1,8
2017010043585,1,9,0,18,0,1,1,0,0,0,1,1,6,1,32,6,1596,1,11,4,1,4
2017010043585,2,9,0,9,0,1,1,0,0,0,3,1,6,2,25,5,999,1,9,8,1,8
2017010043586,1,11,0,4,2,1,0,0,0,0,0,1,1,1,33,6,4500,2,6,2,1,2
2017010043588,1,9,0,9,0,6,0,0,0,0,0,1,6,2,25,5,-1,-1,-1,-1,-1,-1
2017010043588,2,1,0,18,0,1,0,0,0,0,1,1,6,1,18,4,-1,-1,-1,2,1,2
2017010043589,1,9,0,18,0,1,0,0,7,10,2,1,6,1,51,8,1560,2,1,2,1,2
2017010043589,2,9,0,18,0,1,0,0,0,0,1,1,6,3,-1,-1,1590,1,16,-1,-1,-1
2017010043589,3,9,0,2,9,1,0,0,0,0,4,1,6,3,-1,-1,1598,1,7,-1,-1,-1
2017010043592,1,9,0,18,0,0,1,4,0,0,3,1,6,1,23,5,1769,1,15,2,1,2
2017010043592,2,9,0,2,0,0,0,0,0,0,4,1,6,3,-1,-1,1598,1,14,-1,-1,-1
2017010043592,3,9,0,2,0,0,0,0,0,0,0,1,6,3,-1,-1,1798,8,3,-1,-1,-1
2017010043592,4,9,0,2,0,0,0,0,0,0,0,1,6,3,-1,-1,2993,2,4,-1,-1,-1
2017010043592,5,9,0,2,0,0,0,0,0,0,2,1,6,3,-1,-1,998,1,14,-1,-1,-1
2017010043592,6,19,0,2,0,0,0,0,0,0,4,1,6,3,-1,-1,2143,2,2,-1,-1,-1
2017010043593,1,5,0,18,0,0,2,7,0,0,0,1,6,1,25,5,599,1,14,10,1,10
2017010043595,1,2,0,10,0,1,0,0,0,0,2,1,6,1,22,5,125,1,3,2,1,2
2017010043603,1,1,-1,-1,-1,-1,-1,-1,-1,-1,-1,1,6,1,32,6,-1,-1,-1,3,1,3
2017010043603,2,9,-1,-1,-1,-1,-1,-1,-1,-1,-1,-1,6,3,-1,-1,1560,2,5,3,1,3
2017010043606,1,3,-1,4,0,4,-1,-1,-1,-1,2,1,6,1,20,4,124,1,8,5,1,5
2017010043606,2,9,-1,-1,-1,4,-1,-1,-1,-1,1,-1,6,1,-1,-1,1995,2,7,-1,-1,-1
2017010043614,1,9,-1,-1,-1,0,-1,-1,-1,-1,-1,-1,6,3,-1,-1,-1,-1,-1,-1,-1,-1
2017010043621,1,9,0,5,0,1,0,0,0,0,1,1,2,1,45,7,1896,2,8,4,1,4
2017010043621,2,1,0,18,0,1,1,0,0,0,1,1,2,1,37,7,-1,-1,-1,6,1,6
2017010043622,1,3,0,18,0,0,1,0,0,0,4,1,6,1,24,5,124,1,9,7,1,7
2017010043622,2,9,0,5,0,0,0,0,0,0,1,1,6,2,-1,-1,1498,1,9,-1,-1,-1
2017010043623,1,8,0,18,0,0,1,0,5,6,3,1,1,1,57,9,1910,2,7,3,1,3
2017010043623,2,9,0,11,0,0,0,0,0,0,4,1,2,2,66,10,1364,1,3,4,1,4
2017010043626,1,9,0,8,0,6,0,0,0,0,3,1,6,2,23,5,1399,2,8,-1,-1,-1
2017010043626,2,1,0,18,0,1,0,0,0,0,1,1,1,1,61,9,-1,-1,-1,10,1,10
2017010043629,1,9,-1,3,0,0,0,0,0,0,2,-1,6,1,29,6,999,1,4,6,1,6
2017010043629,2,19,-1,18,0,0,0,0,0,0,1,-1,6,1,-1,-1,-1,-1,-1,-1,-1,-1
2017010043630,1,5,0,8,0,5,5,0,0,0,0,1,6,1,35,6,998,1,9,8,1,8
2017010043630,2,9,0,9,0,5,0,0,3,0,0,1,2,2,21,5,-1,-1,-1,10,1,10
2017010043631,1,9,0,16,0,8,0,0,0,0,1,1,6,2,27,6,1995,1,7,3,1,3
2017010043631,2,1,0,18,4,8,0,0,0,0,2,1,2,2,55,8,-1,-1,-1,3,1,3
2017010043633,1,9,0,18,0,0,0,0,0,0,2,1,6,2,28,6,1596,1,14,9,1,9
2017010043633,2,9,0,18,0,0,0,4,0,0,-1,1,6,1,-1,-1,1242,1,11,-1,-1,-1
2017010043637,1,9,0,3,0,0,0,0,0,0,2,1,6,2,27,6,1796,1,12,-1,-1,-1
2017010043637,2,19,0,18,0,0,0,0,0,0,1,-1,6,1,-1,-1,-1,-1,-1,-1,-1,-1
2017010043639,1,19,0,3,0,2,0,0,0,0,2,1,1,1,35,6,1995,2,-1,2,1,2
2017010043639,2,9,0,3,0,1,0,0,0,0,1,1,6,1,56,9,1968,2,5,2,1,2
2017010043639,3,21,1,3,0,2,0,0,0,0,2,1,6,3,-1,-1,4485,2,2,-1,-1,-1
2017010043641,1,3,0,7,0,8,0,0,0,0,2,1,6,1,35,6,124,1,4,2,1,2
2017010043641,2,8,0,17,0,8,0,0,0,0,1,1,6,3,-1,-1,2402,2,12,-1,-1,-1
2017010043642,1,3,0,18,0,0,0,0,0,0,3,1,6,1,22,5,124,1,12,10,1,10
2017010043642,2,9,0,11,0,0,0,0,0,0,4,-1,6,2,-1,-1,-1,-1,-1,6,1,6
2017010043645,1,9,0,9,0,8,0,0,0,0,4,1,6,2,23,5,1200,1,4,-1,-1,-1
2017010043645,2,1,0,18,0,8,0,0,0,0,4,1,6,1,29,6,-1,-1,-1,3,1,3
2017010043653,1,3,0,18,0,0,5,10,0,0,1,1,6,1,25,5,125,1,2,2,1,2
2017010043653,2,9,0,9,0,0,0,0,0,0,3,-1,6,2,-1,-1,1397,1,13,-1,-1,-1
2017010043654,1,1,-1,18,0,0,0,0,0,0,1,1,6,1,49,8,-1,-1,-1,9,1,9
2017010043655,1,5,0,14,0,1,0,0,0,0,4,1,6,1,30,6,800,1,-1,6,1,6
2017010043655,2,9,0,18,0,1,0,0,0,0,3,1,6,2,29,6,1988,1,14,9,3,9
2017010043657,1,9,0,1,0,1,0,0,0,0,2,1,1,1,20,4,1349,1,3,3,1,3
2017010043659,1,8,0,9,0,5,0,0,0,0,4,1,1,1,51,8,1598,1,5,6,1,6
2017010043659,2,1,0,15,4,1,0,0,0,0,1,1,6,2,28,6,-1,-1,-1,9,1,9
2017010043660,1,19,0,4,0,1,0,0,0,0,4,1,1,1,49,8,1560,2,10,4,1,4
2017010043660,2,1,0,18,5,1,0,0,0,0,1,1,6,1,26,6,-1,-1,-1,7,1,7
2017010043661,1,9,0,3,0,4,0,0,0,0,2,-1,6,2,28,6,999,1,2,7,1,7
2017010043661,2,9,-1,-1,-1,-1,-1,-1,0,0,1,-1,6,3,-1,-1,1199,1,16,-1,-1,-1
2017010043664,1,19,0,18,0,0,0,0,0,0,1,1,1,1,39,7,2143,2,1,-1,-1,-1
2017010043664,2,8,0,3,0,0,0,0,0,0,2,1,1,1,74,10,2499,2,2,8,1,8
2017010043664,3,20,0,3,0,0,0,0,0,0,2,1,1,1,67,10,10837,2,1,2,1,2
2017010043669,1,9,0,18,0,8,0,0,0,0,4,1,6,2,32,6,998,1,4,7,3,7
2017010043669,2,9,0,9,0,8,0,0,0,0,3,1,6,1,62,9,1995,2,6,-1,-1,-1
2017010043671,1,21,1,18,0,1,0,0,0,0,1,1,1,1,43,7,12809,2,3,4,1,4
2017010043672,1,3,0,-1,0,4,0,0,0,0,3,1,6,1,23,5,124,1,2,-1,-1,-1
2017010043672,2,9,0,-1,0,4,0,0,0,0,1,-1,6,2,-1,-1,1398,1,12,-1,-1,-1
2017010043674,1,9,0,9,0,7,0,0,0,0,1,1,1,1,40,7,1995,2,5,5,1,5
2017010043677,1,8,0,5,9,6,0,0,0,0,1,1,1,1,54,8,1997,2,7,2,1,2
2017010043677,2,1,0,18,4,1,0,0,0,0,1,1,6,1,21,5,-1,-1,-1,6,1,6
2017010043680,1,9,0,9,0,5,0,0,0,0,2,1,6,1,35,6,1364,1,11,3,1,3
2017010043680,2,9,0,18,0,5,0,0,0,0,1,1,6,1,22,5,1995,2,5,5,1,5
2017010043681,1,1,0,18,0,1,0,0,-1,0,1,1,6,1,33,6,-1,-1,-1,3,1,3
2017010043681,2,9,0,7,0,5,0,0,0,0,4,-1,6,1,55,8,1995,2,10,4,1,4
2017010043682,1,3,0,18,0,0,0,7,7,1,1,1,6,1,23,5,124,1,15,2,1,2
2017010043686,1,9,0,4,0,1,0,0,0,0,1,1,1,1,67,10,1560,2,9,4,1,4
2017010043688,1,1,0,18,0,0,0,0,0,0,0,1,1,1,43,7,-1,-1,-1,5,1,5
2017010043688,2,20,0,13,0,0,0,0,0,0,4,1,6,3,-1,-1,-1,-1,-1,-1,-1,-1
2017010043689,1,5,0,18,0,1,0,0,0,0,1,1,2,1,43,7,883,1,2,5,1,5
2017010043689,2,9,0,9,0,1,0,0,0,0,1,-1,6,3,-1,-1,1998,2,9,-1,-1,-1
2017010043698,1,9,0,18,0,1,0,0,0,0,1,1,6,2,38,7,1497,8,2,2,1,2
2017010043698,2,9,0,18,0,2,0,0,0,0,4,1,6,1,30,6,1686,2,12,-1,-1,-1
2017010043703,1,8,0,18,0,0,0,0,0,0,1,1,6,1,36,7,1798,8,3,3,1,3
2017010043703,2,9,0,3,0,0,0,0,0,0,2,1,6,2,52,8,1781,1,13,6,1,6
2017010043704,1,9,0,18,0,8,0,0,0,0,3,1,6,1,74,10,1896,2,13,3,1,3
2017010043704,2,9,0,18,0,8,0,0,0,0,4,1,6,1,32,6,1339,1,14,5,1,5
2017010043706,1,9,0,4,0,2,0,0,0,0,1,1,6,2,45,7,2231,2,11,3,1,3
2017010043706,2,9,0,4,0,2,0,0,0,0,2,1,4,2,70,10,1339,1,10,5,1,5
2017010043706,3,9,0,4,0,2,0,0,0,0,2,1,6,1,44,7,1797,8,8,4,1,4
2017010043707,1,9,0,7,0,5,1,10,1,2,1,1,6,2,73,10,-1,-1,-1,7,1,7
2017010043708,1,9,0,18,0,0,0,0,0,0,1,1,6,2,23,5,1240,1,13,7,1,7
2017010043712,1,11,0,3,0,1,0,0,0,0,0,1,1,1,52,8,4500,2,2,7,1,7
2017010043713,1,9,0,18,0,2,0,0,0,0,1,1,6,3,-1,-1,-1,-1,-1,-1,-1,-1
2017010043714,1,11,0,9,2,0,0,0,0,0,0,1,1,1,50,8,4461,2,4,3,1,3
2017010043715,1,9,0,5,0,2,0,0,0,0,1,1,6,1,52,8,2967,2,5,-1,-1,-1
2017010043715,2,5,0,14,0,1,0,0,0,0,1,1,6,1,34,6,599,1,15,4,1,4
2017010043716,1,4,0,18,0,8,0,0,0,0,0,1,2,1,52,8,278,1,6,3,1,3
2017010043716,2,5,0,18,0,8,0,0,0,0,0,1,6,3,-1,-1,-1,-1,-1,-1,-1,-1
2017010043716,3,9,0,2,0,2,0,0,0,0,4,1,6,3,-1,-1,1360,1,10,-1,-1,-1
2017010043717,1,9,0,18,9,2,1,10,1,2,1,1,2,1,47,8,2143,2,7,2,1,2
2017010043719,1,3,0,18,0,1,0,0,0,0,1,1,1,1,40,7,124,1,-1,-1,-1,-1
2017010043719,2,9,0,5,0,1,0,0,0,0,1,1,6,1,47,8,1968,2,6,7,1,7
2017010043720,1,9,0,18,0,0,0,0,0,0,2,1,6,1,59,9,1796,2,3,3,1,3
2017010043720,2,9,0,18,0,0,0,0,0,0,1,1,6,3,-1,-1,1998,2,9,-1,-1,-1
2017010043721,1,9,0,9,0,6,0,0,0,0,0,1,6,3,-1,-1,3456,8,6,-1,-1,-1
2017010043721,2,3,0,18,0,1,1,0,0,0,0,1,6,1,38,7,-1,-1,-1,2,1,2
2017010043722,1,8,0,16,2,7,0,0,0,0,1,1,1,1,40,7,2499,2,7,7,1,7
2017010043724,1,9,0,5,0,4,0,0,0,0,2,1,6,2,40,7,2179,2,3,2,1,2
2017010043724,2,9,0,18,0,4,0,4,0,0,1,1,6,1,32,6,1388,1,10,5,1,5
2017010043725,1,9,0,18,0,1,0,7,0,0,1,1,2,1,66,10,1598,2,5,4,1,4
2017010043726,1,11,0,4,0,2,0,0,0,0,0,1,6,1,23,5,6700,2,6,2,1,2
2017010043727,1,11,0,5,2,0,0,4,0,0,2,1,1,1,37,7,4500,2,-1,4,1,4
2017010043728,1,9,0,3,0,0,0,11,0,0,4,1,6,2,20,4,1296,1,11,2,1,2
2017010043728,2,1,0,15,0,0,0,8,0,0,1,1,6,1,30,6,-1,-1,-1,6,1,6
2017010043729,1,9,0,18,0,1,0,0,0,0,4,1,6,1,26,6,1242,1,9,2,1,2
2017010043730,1,9,0,2,0,0,0,0,0,0,4,1,6,3,-1,-1,1598,1,5,-1,-1,-1
2017010043732,1,9,0,5,0,4,0,0,0,0,2,1,6,1,20,4,998,1,2,5,1,5
2017010043732,2,1,0,5,0,4,0,0,0,0,1,1,2,1,22,5,-1,-1,-1,10,1,10
2017010043733,1,8,0,4,0,1,0,4,0,0,2,1,1,1,52,8,2499,2,2,2,1,2
2017010043733,2,5,0,3,0,1,0,0,0,0,0,1,2,1,50,8,-1,-1,-1,-1,-1,-1
2017010043734,1,9,0,18,0,0,0,10,0,0,1,1,6,2,82,11,1497,8,1,10,1,10
2017010043735,1,9,0,11,0,2,0,0,0,0,4,1,6,1,61,9,1318,1,-1,10,1,10
2017010043735,2,5,0,18,0,2,2,0,0,0,3,1,6,2,46,8,680,1,9,6,1,6
2017010043736,1,3,0,18,0,8,0,0,0,0,1,1,6,1,19,4,124,1,8,1,1,1
2017010043736,2,9,0,9,0,8,1,0,0,0,1,1,6,2,24,5,1496,2,1,1,1,1
2017010043737,1,9,0,18,0,1,0,0,0,0,1,1,6,1,18,4,1364,1,10,2,1,2
2017010043737,2,9,0,9,0,1,0,0,0,0,4,1,6,1,34,6,2000,1,11,4,1,4
2017010043738,1,9,0,9,0,0,0,0,0,0,3,1,6,1,23,5,1995,2,1,9,1,9
2017010043738,2,4,0,18,0,0,0,0,0,0,3,1,2,1,21,5,-1,-1,-1,1,1,1
2017010043741,1,9,0,7,0,1,0,0,0,0,4,1,6,1,25,5,1991,2,14,2,1,2
2017010043741,2,9,0,18,0,1,0,0,0,0,3,1,1,1,26,6,1150,1,13,5,1,5
2017010043743,1,9,0,4,0,8,0,0,0,0,2,1,6,1,24,5,1242,1,2,2,1,2
2017010043743,2,9,0,18,0,8,0,0,0,0,1,1,6,1,30,6,2460,2,12,1,1,1
2017010043743,3,9,0,7,0,8,0,0,0,0,0,1,1,1,25,5,1560,2,3,2,1,2
2017010043744,1,9,0,9,0,8,0,0,0,0,4,1,6,1,26,6,1999,2,-1,1,1,1
2017010043744,2,4,0,18,0,8,5,0,0,0,1,1,6,1,32,6,782,1,1,-1,-1,-1
2017010043747,1,9,0,4,0,2,1,0,0,0,2,1,6,1,56,9,1995,1,13,5,1,5
2017010043747,2,9,0,18,0,2,0,0,0,0,1,1,2,1,43,7,1998,2,11,9,1,9
2017010043749,1,9,0,18,0,3,1,10,2,1,1,1,6,1,27,6,2993,2,4,-1,-1,-1
2017010043749,2,9,0,18,0,3,0,0,0,0,0,1,1,1,44,7,1997,2,4,-1,-1,-1
2017010043751,1,19,0,11,0,0,0,0,0,0,1,1,1,1,24,5,-1,-1,-1,4,1,4
2017010043751,2,9,0,3,0,0,0,0,0,0,2,1,2,1,39,7,1388,1,7,6,1,6
2017010043751,3,19,0,4,0,0,0,0,0,0,4,1,1,1,61,9,2143,2,1,6,1,6
2017010043752,1,1,0,5,0,7,0,0,0,0,3,1,6,2,35,6,-1,-1,-1,2,1,2
2017010043752,2,9,0,18,0,1,0,0,0,0,4,1,6,2,50,8,2143,2,2,4,1,4
2017010043753,1,1,-1,-1,-1,-1,-1,-1,-1,-1,-1,1,6,2,57,9,-1,-1,-1,2,1,2
2017010043753,2,9,-1,-1,-1,-1,-1,-1,-1,-1,-1,-1,6,2,45,7,1910,2,9,1,1,1
2017010043759,1,9,0,18,0,1,0,0,0,0,3,1,6,1,52,8,2688,2,16,-1,-1,-1
2017010043776,1,9,-1,-1,-1,0,-1,-1,-1,-1,-1,-1,6,2,24,5,1398,1,1,3,1,3
2017010043776,2,9,-1,-1,-1,0,-1,-1,-1,-1,-1,-1,6,1,-1,-1,-1,-1,-1,-1,-1,-1
2017010043779,1,3,0,3,0,-1,0,0,0,0,1,1,6,1,46,8,125,1,3,-1,-1,-1
2017010043779,2,9,0,1,0,-1,0,0,0,0,2,-1,6,2,27,6,1364,1,10,-1,-1,-1
2017010043780,1,19,0,7,2,1,0,0,1,0,3,1,1,1,58,9,1560,2,1,10,1,10
2017010043780,2,9,0,18,2,1,5,0,1,2,1,1,2,1,28,6,278,1,8,7,1,7
2017010043784,1,1,0,18,0,1,0,0,0,0,1,1,6,1,40,7,-1,-1,-1,-1,-1,-1
2017010043784,2,9,0,18,0,1,0,0,0,0,4,1,6,3,-1,-1,-1,-1,-1,-1,-1,-1
2017010043785,1,9,0,18,0,1,0,0,0,0,2,1,6,1,54,8,1339,1,14,2,1,2
2017010043785,2,9,0,9,0,1,0,0,0,0,1,-1,6,1,-1,-1,1560,2,2,-1,-1,-1
2017010043786,1,1,0,18,0,0,0,0,0,0,3,1,6,1,38,7,-1,-1,-1,6,1,6
2017010043786,2,9,0,18,0,0,0,0,0,0,4,-1,6,1,-1,-1,999,1,-1,-1,-1,-1
2017010043787,1,9,-1,-1,-1,-1,-1,-1,-1,-1,-1,-1,6,1,49,8,1339,8,5,-1,-1,-1
2017010043788,1,9,0,18,0,2,0,0,0,0,2,1,6,1,47,8,1598,2,3,3,1,3
2017010043788,2,9,0,18,0,2,0,0,0,0,1,1,6,3,-1,-1,1796,1,13,-1,-1,-1
2017010043789,1,1,0,-1,0,-1,0,-1,0,0,-1,1,6,1,41,7,-1,-1,-1,9,1,9
2017010043789,2,9,0,-1,0,-1,0,-1,0,0,-1,-1,6,1,-1,-1,4163,2,8,-1,-1,-1
2017010043793,1,19,0,9,0,8,0,0,0,0,1,1,1,1,46,8,2261,1,9,4,1,4
2017010043793,2,19,0,18,0,8,0,0,0,0,1,1,1,1,37,7,1598,2,-1,-1,-1,-1
2017010043798,1,9,0,3,0,4,0,0,0,0,2,1,6,1,30,6,1896,2,15,7,1,7
2017010043798,2,9,0,18,0,4,0,0,0,0,1,1,6,1,23,5,1598,2,4,2,1,2
2017010043799,1,9,0,9,0,8,0,0,0,0,1,1,6,2,21,5,1339,1,3,1,1,1
2017010043799,2,5,0,18,0,8,0,0,0,0,1,1,2,1,31,6,599,1,16,4,1,4
2017010043806,1,11,0,18,2,2,0,11,0,0,4,1,6,1,25,5,9360,2,7,3,1,3
2017010043807,1,11,-1,-1,-1,0,-1,-1,-1,-1,-1,1,6,1,-1,-1,-1,-1,-1,-1,-1,-1
2017010043808,1,2,0,18,0,1,0,0,0,0,1,1,6,1,37,7,49,1,15,6,1,6
2017010043808,2,9,0,9,0,5,0,0,0,0,3,1,1,1,44,7,1329,1,4,4,1,4
2017010043811,1,9,0,3,0,8,0,0,0,0,2,1,6,2,67,10,1497,8,9,1,1,1
2017010043811,2,9,0,18,0,8,0,0,0,0,1,1,6,3,-1,-1,1968,2,6,-1,-1,-1
2017010043814,1,19,-1,-1,-1,-1,-1,-1,-1,-1,-1,-1,6,1,23,5,2198,2,1,5,1,5
2017010043818,1,9,0,5,0,1,0,0,0,0,1,1,6,3,-1,-1,-1,-1,-1,-1,-1,-1
2017010043824,1,1,0,18,0,8,0,0,0,0,1,1,6,3,-1,-1,-1,-1,-1,-1,-1,-1
2017010043827,1,1,-1,7,-1,-1,-1,-1,-1,-1,-1,1,6,1,34,6,-1,-1,-1,7,1,7
2017010043827,2,9,-1,-1,-1,-1,-1,-1,-1,-1,-1,-1,6,2,-1,-1,-1,-1,-1,-1,-1,-1
2017010043831,1,1,0,18,0,0,0,0,0,0,1,1,6,1,54,8,-1,-1,-1,4,1,4
2017010043831,2,9,0,18,0,0,0,0,0,0,1,1,1,1,-1,-1,1797,8,6,-1,-1,-1
2017010043835,1,9,-1,-1,-1,-1,-1,-1,-1,-1,-1,-1,6,1,22,5,-1,-1,-1,4,1,4
2017010043835,2,9,-1,-1,-1,-1,-1,-1,-1,-1,-1,-1,6,1,-1,-1,1598,2,6,-1,-1,-1
2017010043837,1,1,0,18,9,1,0,0,0,0,1,1,6,3,-1,-1,-1,-1,-1,-1,-1,-1
2017010043841,1,19,-1,-1,-1,-1,-1,-1,-1,-1,-1,-1,6,1,52,8,2198,2,3,4,1,4
2017010043841,2,9,-1,-1,-1,-1,-1,-1,-1,-1,-1,-1,6,3,-1,-1,2000,2,13,-1,-1,-1
2017010043846,1,9,0,5,0,1,0,0,0,0,1,1,3,2,43,7,1498,1,10,7,1,7
2017010043846,2,9,0,2,0,1,0,0,0,0,2,1,6,3,-1,-1,-1,-1,-1,-1,-1,-1
2017010043853,1,9,0,4,0,1,0,0,0,0,1,1,6,2,37,7,1560,2,4,9,1,9
2017010043853,2,90,0,-1,0,1,0,0,0,0,-1,1,6,3,-1,-1,-1,-1,-1,-1,-1,-1
2017010043860,1,5,0,18,0,-1,0,0,0,0,3,1,6,1,30,6,645,1,10,-1,-1,-1
2017010043860,2,19,0,18,0,1,0,0,0,0,1,-1,6,1,-1,-1,1248,2,10,-1,-1,-1
2017010043863,1,19,0,18,0,1,0,0,0,0,1,1,6,1,26,6,2198,2,4,3,1,3
2017010043863,2,9,0,4,0,1,0,0,0,0,2,1,6,2,70,10,1248,2,5,5,1,5
2017010043863,3,9,0,4,0,1,0,0,0,0,2,1,6,2,41,7,-1,-1,-1,6,1,6
2017010043863,4,19,0,4,0,1,0,0,0,0,2,1,1,1,30,6,1968,2,2,3,1,3
2017010043867,1,8,0,18,0,1,0,0,0,0,1,1,1,1,44,7,2499,2,6,2,1,2
2017010043867,2,19,0,18,0,1,0,0,0,0,2,1,1,1,39,7,2198,2,2,-1,-1,-1
2017010043868,1,9,0,18,0,1,0,0,0,0,4,1,1,2,38,7,1388,1,8,3,1,3
2017010043870,1,9,0,18,0,2,0,0,0,0,1,1,6,1,19,4,998,1,4,10,1,10
2017010043870,2,9,0,18,0,1,0,0,0,0,1,1,6,2,69,10,1364,1,11,4,1,4
2017010043871,1,9,0,9,0,8,0,0,0,0,1,1,2,1,47,8,1587,1,14,5,1,5
2017010043871,2,1,0,18,0,8,0,0,0,0,1,1,2,1,39,7,-1,-1,-1,9,1,9
2017010043873,1,1,0,18,0,-1,-1,0,0,0,0,1,6,1,30,6,-1,-1,-1,7,1,7
2017010043873,2,9,0,5,0,7,0,0,0,0,0,-1,6,1,-1,-1,1997,2,6,-1,-1,-1
2017010043879,1,4,-1,-1,-1,0,-1,-1,-1,-1,-1,1,6,1,54,8,-1,-1,-1,6,1,6
2017010043880,1,9,0,18,0,0,0,0,0,0,1,1,6,1,19,4,1596,1,1,4,1,4
2017010043880,2,9,0,6,0,0,1,0,0,0,3,1,2,2,20,4,1242,1,12,4,1,4