Accident_Index,Vehicle_Reference,Vehicle_Type,Towing_and_Articulation,Vehicle_Manoeuvre,Vehicle_Location-Restricted_Lane,Junction_Location,Skidding_and_Overturning,Hit_Object_in_Carriageway,Vehicle_Leaving_Carriageway,Hit_Object_off_Carriageway,1st_Point_of_Impact,Was_Vehicle_Left_Hand_Drive?,Journey_Purpose_of_Driver,Sex_of_Driver,Age_of_Driver,Age_Band_of_Driver,Engine_Capacity_(CC),Propulsion_Code,Age_of_Vehicle,Driver_IMD_Decile,Driver_Home_Area_Type,Vehicle_IMD_Decile
2017010043882,1,5,0,15,0,0,0,0,0,0,1,1,6,1,42,7,599,1,1,7,1,7
2017010043882,2,19,0,6,0,0,0,0,0,0,3,1,1,1,21,5,1499,2,-1,1,1,1
2017010043883,1,8,0,9,0,6,0,0,0,0,1,1,1,1,46,8,1560,2,3,2,1,2
2017010043883,2,8,0,18,0,1,0,0,0,0,3,1,1,1,37,7,1997,2,4,5,1,5
2017010043884,1,9,0,18,0,2,0,0,0,0,4,1,6,1,49,8,1560,2,6,2,1,2
2017010043884,2,20,1,7,0,2,0,0,0,0,3,1,1,1,41,7,-1,-1,-1,8,1,8
2017010043887,1,9,0,4,0,1,0,0,0,0,2,1,2,2,21,5,1197,1,2,2,1,2
2017010043887,2,9,0,18,0,1,0,0,0,0,2,1,6,2,65,9,3628,2,9,3,1,3
2017010043887,3,9,0,7,0,1,0,0,0,0,2,1,6,2,20,4,1364,1,8,4,1,4
2017010043890,1,9,0,18,0,2,0,0,0,0,2,1,6,2,17,4,1398,1,1,5,1,5
2017010043890,2,9,0,18,0,2,0,0,0,0,1,1,6,1,35,6,2993,2,3,8,3,8
2017010043895,1,19,0,5,0,0,0,0,0,0,0,1,1,1,26,6,-1,-1,-1,6,1,6
2017010043896,1,9,0,1,0,2,-1,0,0,0,2,-1,6,3,-1,-1,1595,1,6,-1,-1,-1
2017010043901,1,11,0,5,0,2,0,0,0,0,0,1,1,1,58,9,4760,2,4,2,1,2
2017010043903,1,19,0,-1,0,-1,0,-1,-1,0,-1,-1,1,1,44,7,-1,-1,-1,1,1,1
2017010043904,1,9,0,5,0,6,0,0,0,0,1,1,1,1,50,8,1598,2,3,7,1,7
2017010043904,2,5,0,18,0,1,0,0,0,0,4,1,1,1,33,6,745,1,2,4,1,4
2017010043905,1,21,0,5,0,2,0,0,0,0,1,1,6,1,37,7,4250,2,5,-1,-1,-1
2017010043905,2,9,0,18,9,1,1,0,0,0,1,1,6,1,21,5,1968,2,5,3,1,3
2017010043907,1,19,4,18,0,2,0,4,0,0,1,1,1,1,62,9,-1,-1,-1,1,1,1
2017010043907,2,9,0,5,0,2,0,0,0,0,2,1,6,2,47,8,-1,-1,-1,3,1,3
2017010043910,1,9,0,4,0,0,0,0,0,0,2,1,2,2,48,8,1686,2,5,7,3,7
2017010043910,2,9,0,4,0,0,0,0,0,0,2,1,2,2,33,6,1968,2,6,2,1,2
2017010043910,3,9,0,12,0,0,0,0,0,0,1,1,1,1,50,8,-1,-1,-1,-1,-1,-1
2017010043912,1,9,-1,-1,-1,0,-1,-1,-1,-1,-1,-1,6,2,70,10,1798,2,6,4,1,4
2017010043918,1,1,-1,-1,-1,0,-1,0,-1,-1,-1,1,2,2,35,6,-1,-1,-1,5,1,5
2017010043918,2,9,-1,4,-1,0,0,-1,0,0,-1,-1,6,1,-1,-1,-1,-1,-1,-1,-1,-1
2017010043923,1,9,0,3,0,1,0,0,0,0,3,1,6,2,53,8,1997,2,1,2,1,2
2017010043923,2,21,1,5,0,2,0,0,0,0,4,1,1,1,51,8,10837,2,7,4,1,4
2017010043930,1,5,0,17,0,1,5,0,0,0,3,1,2,1,46,8,749,1,16,10,1,10
2017010043930,2,9,0,6,0,1,0,0,0,0,3,1,4,1,38,7,1398,1,5,2,1,2
2017010043931,1,9,0,9,0,2,0,0,0,0,1,1,6,1,19,4,2143,2,-1,1,1,1
2017010043931,2,9,0,18,0,1,0,0,0,0,1,1,6,2,25,5,1198,1,8,4,1,4
2017010043932,1,9,0,18,-1,5,0,0,0,0,1,-1,6,1,41,7,-1,-1,-1,2,1,2
2017010043932,2,9,0,9,0,5,0,0,0,0,2,-1,6,3,-1,-1,-1,-1,-1,-1,-1,-1
2017010043934,1,8,0,6,0,1,0,0,0,0,1,1,1,1,63,9,2143,2,-1,6,1,6
2017010043936,1,9,0,16,0,2,0,0,0,0,1,1,6,1,83,11,2997,1,1,9,1,9
2017010043937,1,19,0,3,0,1,0,0,0,0,1,1,1,1,41,7,2143,2,2,4,1,4
2017010043937,2,9,0,3,0,1,0,0,0,0,2,1,1,1,30,6,1995,2,4,-1,-1,-1
2017010043938,1,5,0,18,0,0,0,0,0,0,3,1,6,1,25,5,779,1,5,2,1,2
2017010043938,2,19,0,9,0,0,0,0,0,0,3,1,1,2,51,8,2402,2,6,4,1,4
2017010043939,1,11,0,3,0,2,0,0,0,0,0,1,1,1,44,7,4461,2,4,3,1,3
2017010043940,1,19,0,5,0,2,0,10,7,10,1,1,1,1,55,8,1598,2,2,6,1,6
2017010043940,2,9,0,18,0,2,0,0,0,0,1,1,6,2,57,9,1598,1,14,3,1,3
2017010043942,1,3,0,18,2,2,0,0,0,0,1,1,6,1,19,4,125,1,6,4,1,4
2017010043943,1,9,0,9,0,6,0,0,0,0,1,1,2,2,64,9,1998,1,17,6,1,6
2017010043943,2,1,0,18,0,1,0,0,0,0,1,1,2,1,23,5,-1,-1,-1,9,1,9
2017010043944,1,9,0,18,0,8,5,7,0,0,1,1,6,1,61,9,1998,1,12,10,1,10
2017010043945,1,9,0,18,0,0,0,0,0,0,4,1,6,1,77,11,1598,1,15,3,1,3
2017010043946,1,19,0,7,0,8,0,0,0,0,4,1,1,1,52,8,1896,2,10,5,1,5
2017010043946,2,1,0,15,0,8,2,0,0,0,1,1,2,1,34,6,-1,-1,-1,7,1,7
2017010043947,1,19,0,3,0,1,0,0,0,0,1,1,6,1,46,8,1996,2,7,3,1,3
2017010043947,2,8,0,9,0,1,0,0,0,0,1,1,6,1,73,10,1997,2,1,6,1,6
2017010043947,3,9,0,2,0,2,0,10,0,0,3,1,6,3,-1,-1,1598,2,-1,-1,-1,-1
2017010043947,4,9,0,18,0,2,0,0,0,0,1,1,6,1,59,9,1595,1,5,2,1,2
2017010043948,1,9,0,9,0,8,0,0,0,0,1,1,6,3,-1,-1,1598,1,5,-1,-1,-1
2017010043950,1,9,0,4,0,0,0,0,0,0,3,1,6,2,20,4,1461,2,1,7,1,7
2017010043950,2,1,0,18,0,0,0,4,0,0,1,1,2,1,32,6,-1,-1,-1,3,1,3
2017010043951,1,9,0,10,0,6,0,0,0,0,1,1,6,2,21,5,999,1,3,5,1,5
2017010043951,2,9,0,18,0,1,0,0,0,0,1,1,1,2,50,8,1598,1,11,5,1,5
2017010043953,1,8,0,18,0,0,0,0,0,0,2,1,1,1,50,8,1797,8,7,3,1,3
2017010043953,2,9,0,18,0,0,0,0,0,0,1,1,2,1,41,7,-1,-1,-1,7,1,7
2017010043954,1,9,0,18,4,6,0,0,0,0,2,1,6,2,29,6,1398,1,1,6,1,6
2017010043955,1,9,0,7,0,6,0,0,0,0,4,1,6,2,31,6,999,1,1,3,1,3
2017010043955,2,9,0,18,0,6,0,0,0,0,1,1,6,1,33,6,1598,1,11,-1,-1,-1
2017010043956,1,3,0,4,0,1,0,0,0,0,1,1,6,1,23,5,125,1,7,3,1,3
2017010043956,2,9,0,4,0,1,0,0,0,0,0,1,6,1,47,8,1595,1,12,5,1,5
2017010043958,1,3,0,18,0,8,0,0,0,0,1,1,6,3,-1,-1,-1,-1,-1,-1,-1,-1
2017010043959,1,9,0,7,0,8,0,0,0,0,2,1,6,1,67,10,2198,2,25,-1,-1,-1
2017010043959,2,3,0,15,0,8,0,0,0,0,1,1,1,1,21,5,124,1,6,2,1,2
2017010043961,1,1,0,17,0,0,0,0,0,0,1,1,6,1,49,8,-1,-1,-1,2,1,2
2017010043962,1,9,0,18,0,0,0,0,0,0,1,2,6,3,-1,-1,1199,1,17,-1,-1,-1
2017010043963,1,19,0,5,0,8,0,0,0,0,1,1,1,1,47,8,2148,2,8,8,1,8
2017010043963,2,1,0,18,0,3,0,0,0,0,2,1,6,1,38,7,-1,-1,-1,5,1,5
2017010043964,1,9,0,18,0,0,0,0,0,0,4,1,6,2,87,11,1390,1,12,7,1,7
2017010043964,2,1,0,18,0,0,0,0,0,0,3,1,2,2,57,9,-1,-1,-1,5,1,5
2017010043965,1,8,0,5,0,2,0,0,3,10,1,1,1,1,32,6,1797,8,6,4,1,4
2017010043965,2,9,0,4,0,1,0,0,0,0,1,1,6,1,27,6,1995,2,12,9,1,9
2017010043966,1,9,0,18,0,8,0,0,0,0,3,1,6,3,-1,-1,-1,-1,-1,-1,-1,-1
2017010043967,1,9,0,18,0,8,0,0,0,0,3,1,6,1,48,8,1798,1,7,5,1,5
2017010043967,2,9,0,18,0,8,0,0,0,0,1,1,6,3,-1,-1,999,1,2,-1,-1,-1
2017010043968,1,9,0,18,0,1,0,0,0,0,2,1,6,2,50,8,1240,1,12,2,1,2
2017010043968,2,9,0,18,0,1,0,0,0,0,1,1,2,1,26,6,1339,1,9,4,1,4
2017010043970,1,9,0,9,0,5,0,0,0,0,1,1,6,1,75,10,1388,1,12,-1,-1,-1
2017010043973,1,9,0,18,0,1,0,0,1,0,4,1,6,1,25,5,1229,1,9,5,1,5
2017010043973,2,9,0,9,0,6,0,0,0,0,4,1,1,1,33,6,-1,-1,-1,2,1,2
2017010043975,1,9,0,18,0,8,1,0,7,10,3,1,2,1,24,5,1968,2,6,3,1,3
2017010043975,2,9,0,3,0,8,0,0,0,0,3,1,6,1,46,8,3123,1,11,2,1,2
2017010043976,1,9,0,18,0,1,0,0,7,10,1,1,6,2,37,7,1390,1,9,4,1,4
2017010043978,1,9,0,18,0,1,0,0,0,0,1,1,6,3,-1,-1,1968,2,8,-1,-1,-1
2017010043979,1,19,0,9,0,5,0,0,0,0,1,1,1,1,45,7,2148,2,9,5,1,5
2017010043980,1,9,0,18,0,8,1,0,0,0,4,1,1,1,48,8,1968,2,2,1,1,1
2017010043980,2,9,0,7,0,6,0,0,0,0,1,1,2,1,48,8,1242,1,13,-1,-1,-1
2017010043983,1,3,0,11,0,5,0,10,0,0,3,1,2,1,26,6,125,1,11,6,1,6
2017010043985,1,9,0,5,0,8,0,0,0,0,1,1,1,1,45,7,1997,2,2,2,1,2
2017010043985,2,19,0,18,0,2,0,0,3,0,4,1,1,1,46,8,2198,2,1,3,1,3
2017010043986,1,9,0,6,0,8,0,0,3,10,1,1,6,2,52,8,1598,1,4,3,1,3
2017010043987,1,9,0,9,0,1,0,0,1,0,4,1,6,1,37,7,1896,2,13,7,1,7
2017010043987,2,4,0,18,0,1,5,0,0,0,1,1,6,1,40,7,125,1,9,3,1,3
2017010043988,1,9,0,8,0,2,0,0,0,0,4,1,1,1,52,8,1968,2,1,5,1,5
2017010043988,2,1,0,18,5,1,0,0,0,0,1,1,2,2,38,7,-1,-1,-1,2,1,2
2017010043993,1,8,0,5,0,1,0,0,7,10,1,1,6,1,61,9,1798,8,4,2,1,2
2017010043994,1,2,0,18,0,0,0,8,0,0,1,1,1,1,31,6,-1,-1,-1,3,1,3
2017010043994,2,9,0,2,0,0,0,0,0,0,3,1,6,3,-1,-1,1398,1,2,-1,-1,-1
2017010043995,1,9,0,4,0,0,0,0,0,0,2,1,6,1,57,9,1596,1,18,3,1,3
2017010043995,2,9,0,4,0,0,0,0,0,0,1,1,6,2,18,4,898,1,1,7,1,7
2017010043996,1,9,5,9,0,1,0,0,0,0,4,1,6,1,61,9,1587,1,20,2,1,2
2017010043996,2,9,0,18,0,1,0,0,0,0,1,1,1,2,64,9,1783,1,13,2,1,2
2017010043998,1,9,0,18,0,4,0,0,0,0,1,1,6,1,52,8,-1,-1,-1,3,1,3
2017010043998,2,9,0,18,0,8,0,0,0,0,1,1,6,1,19,4,1398,1,1,2,1,2
2017010044001,1,9,-1,-1,-1,-1,-1,-1,-1,-1,-1,-1,6,3,-1,-1,1598,1,7,-1,-1,-1
2017010044002,1,1,0,18,0,1,0,0,0,0,1,1,6,1,21,5,-1,-1,-1,1,1,1
2017010044004,1,9,-1,4,0,0,0,0,0,0,2,-1,6,2,47,8,1400,1,12,2,1,2
2017010044004,2,9,0,18,0,0,0,0,0,0,1,-1,6,1,21,5,1997,2,2,2,1,2
2017010044006,1,11,0,4,0,1,0,0,0,0,0,1,1,1,34,6,6700,2,6,8,1,8
2017010044009,1,1,0,18,0,0,0,0,0,0,1,1,6,1,29,6,-1,-1,-1,2,1,2
2017010044011,1,1,-1,18,4,0,-1,-1,-1,-1,4,1,2,2,30,6,-1,-1,-1,1,1,1
2017010044015,1,9,0,18,-1,8,0,0,-1,0,-1,-1,6,3,-1,-1,-1,-1,-1,-1,-1,-1
2017010044017,1,9,0,8,0,6,0,0,0,0,1,1,6,1,60,9,1242,1,7,8,1,8
2017010044017,2,1,0,7,0,1,0,0,0,0,1,1,1,1,29,6,-1,-1,-1,1,1,1
2017010044018,1,4,0,13,0,0,0,4,7,2,1,1,6,1,26,6,124,1,4,-1,-1,-1
2017010044018,2,9,0,2,0,0,0,0,0,0,1,1,6,3,-1,-1,1149,1,14,-1,-1,-1
2017010044020,1,5,0,13,0,0,0,0,0,0,1,1,6,1,28,6,599,1,13,8,3,8
2017010044020,2,19,0,9,0,0,-1,0,0,0,1,-1,6,1,28,6,1995,2,8,3,1,3
2017010044022,1,9,0,-1,0,0,0,0,0,0,2,-1,6,2,27,6,1461,2,2,2,1,2
2017010044022,2,9,-1,-1,0,0,0,0,0,0,1,-1,6,3,-1,-1,1995,1,15,-1,-1,-1
2017010044029,1,9,0,4,0,-1,0,0,0,0,2,1,6,2,21,5,1386,1,14,2,1,2
2017010044031,1,1,0,-1,-1,-1,0,-1,-1,-1,-1,1,6,1,53,8,-1,-1,-1,10,1,10
2017010044031,2,9,0,-1,-1,-1,0,-1,-1,-1,-1,-1,6,3,-1,-1,2720,2,11,-1,-1,-1
2017010044035,1,9,0,3,0,0,0,0,0,0,2,1,6,1,34,6,2488,1,14,3,1,3
2017010044035,2,9,0,4,0,0,0,0,0,0,1,1,6,1,84,11,1596,1,9,7,1,7
2017010044037,1,19,0,3,-1,0,0,0,0,0,3,-1,1,1,27,6,1968,2,2,10,1,10
2017010044037,2,9,0,18,-1,0,0,0,0,0,4,-1,2,1,54,8,1992,2,10,3,1,3
2017010044047,1,1,0,18,0,1,0,0,0,0,3,1,6,1,35,6,-1,-1,-1,-1,-1,-1
2017010044047,2,9,0,13,0,1,0,0,0,0,1,-1,6,1,75,10,1242,1,3,1,1,1
2017010044049,1,9,-1,-1,-1,-1,-1,-1,-1,-1,-1,-1,6,3,-1,-1,1997,2,4,-1,-1,-1
2017010044051,1,3,-1,3,-1,-1,-1,-1,-1,-1,-1,1,6,1,33,6,89,1,23,4,1,4
2017010044051,2,9,-1,-1,-1,-1,-1,-1,-1,-1,-1,-1,6,3,-1,-1,1395,1,1,-1,-1,-1
2017010044054,1,9,0,18,0,3,0,0,0,0,2,-1,6,1,28,6,2171,1,13,3,1,3
2017010044059,1,1,0,18,0,0,0,0,0,0,1,1,6,1,52,8,-1,-1,-1,5,1,5
2017010044059,2,19,-1,3,0,0,0,0,0,0,3,-1,1,1,-1,-1,4580,2,6,4,1,4
2017010044060,1,9,0,6,0,2,0,0,0,0,1,1,1,1,45,7,1686,2,3,2,1,2
2017010044067,1,9,0,9,0,8,0,0,0,0,1,1,1,1,41,7,-1,-1,-1,5,1,5
2017010044067,2,3,0,15,0,8,0,0,0,0,1,1,2,1,35,6,125,1,4,3,1,3
2017010044068,1,9,0,3,0,3,0,0,0,0,4,1,3,2,42,7,1596,1,4,-1,-1,-1
2017010044068,2,11,0,7,0,3,0,0,0,0,1,1,1,1,23,5,7300,2,14,3,1,3
2017010044070,1,9,0,7,0,1,0,0,0,0,2,-1,6,2,57,9,1590,1,15,-1,-1,-1
2017010044070,2,9,0,18,0,1,0,0,0,0,1,-1,6,3,-1,-1,1339,1,15,-1,-1,-1
2017010044072,1,8,0,9,0,8,0,0,0,0,3,1,1,1,44,7,-1,-1,-1,4,1,4
2017010044072,2,3,0,13,0,8,0,0,0,0,4,1,6,1,17,4,125,1,-1,2,1,2
2017010044080,1,9,0,2,0,2,0,0,0,0,3,1,6,3,-1,-1,1197,1,1,-1,-1,-1
2017010044080,2,1,0,9,0,5,0,4,0,0,4,1,6,1,78,11,-1,-1,-1,4,1,4
2017010044081,1,9,0,9,0,5,0,0,0,0,4,1,6,1,23,5,1229,1,5,6,1,6
2017010044081,2,1,0,18,0,1,5,0,0,0,1,1,6,1,30,6,-1,-1,-1,4,1,4
2017010044092,1,9,0,18,0,4,0,0,7,2,1,1,6,2,20,4,1896,2,11,5,1,5
2017010044092,2,9,0,18,0,4,0,0,0,0,3,1,2,2,27,6,998,1,-1,5,1,5
2017010044102,1,19,0,7,0,1,0,0,0,0,4,1,1,1,26,6,-1,-1,-1,2,1,2
2017010044102,2,1,0,18,4,1,0,0,0,0,1,1,6,1,45,7,-1,-1,-1,4,1,4
2017010044112,1,90,0,6,0,0,0,0,0,0,1,1,6,3,-1,-1,-1,-1,-1,-1,-1,-1
2017010044112,2,1,0,18,0,0,0,0,0,0,3,1,2,2,-1,-1,-1,-1,-1,3,1,3
2017010044116,1,11,0,4,7,0,0,0,0,0,4,1,1,1,64,9,5132,2,2,3,1,3
2017010044124,1,11,0,16,0,1,0,0,0,0,0,1,6,1,58,9,4500,2,1,9,1,9
2017010044125,1,1,0,18,5,0,0,12,0,0,1,1,2,2,36,7,-1,-1,-1,3,1,3
2017010044126,1,9,0,9,0,6,0,0,0,0,4,1,6,2,30,6,2000,2,12,4,1,4
2017010044126,2,3,0,18,0,1,0,0,0,0,1,1,6,2,34,6,124,1,7,-1,-1,-1
2017010044133,1,9,0,4,0,4,0,0,0,0,2,1,6,1,52,8,1598,2,1,9,1,9
2017010044133,2,3,0,18,0,4,0,0,0,0,1,1,2,1,39,7,124,1,3,9,1,9
2017010044135,1,3,0,18,0,1,0,0,0,0,0,1,2,1,27,6,125,1,2,6,1,6
2017010044137,1,9,0,15,0,1,0,4,0,0,1,1,6,1,20,4,998,1,2,2,1,2
2017010044137,2,9,0,5,0,1,0,0,0,0,2,1,6,3,-1,-1,1582,2,1,-1,-1,-1
2017010044137,3,9,0,2,0,1,5,0,0,0,2,1,6,3,-1,-1,2987,2,7,-1,-1,-1
2017010044137,4,9,0,2,0,1,0,0,0,0,2,1,6,3,-1,-1,2199,1,20,-1,-1,-1
2017010044140,1,3,0,14,0,8,0,0,0,0,1,1,2,1,26,6,124,1,1,4,1,4
2017010044141,1,9,0,18,0,8,0,0,0,0,4,-1,6,1,43,7,1798,1,10,5,1,5
2017010044141,2,9,0,18,0,8,0,0,0,0,3,-1,6,2,-1,-1,1798,1,10,-1,-1,-1
2017010044142,1,1,0,18,0,1,0,0,0,0,1,1,6,1,54,8,-1,-1,-1,2,1,2
2017010044143,1,9,0,18,0,4,0,0,-1,0,3,1,6,2,49,8,1598,1,16,9,3,9
2017010044143,2,9,0,18,0,4,0,0,0,0,4,1,6,3,-1,-1,1991,2,10,-1,-1,-1
2017010044147,1,9,0,18,0,2,0,0,0,0,1,1,2,1,24,5,1598,2,3,2,1,2
2017010044154,1,9,0,17,0,2,0,0,0,0,1,1,1,1,35,6,1790,8,5,-1,-1,-1
2017010044154,2,5,0,5,0,2,0,0,0,0,2,1,1,1,46,8,999,1,6,5,1,5
2017010044155,1,9,0,9,0,6,0,0,0,0,1,1,1,2,24,5,1200,1,1,2,1,2
2017010044155,2,9,0,18,0,1,0,0,0,0,4,1,6,2,29,6,1390,1,12,4,1,4
2017010044157,1,1,0,18,0,1,5,-1,2,-1,1,1,6,1,21,5,-1,-1,-1,10,1,10
2017010044157,2,8,0,10,0,1,0,-1,0,0,-1,-1,6,1,58,9,1497,8,9,4,1,4
2017010044164,1,1,-1,-1,-1,-1,-1,-1,-1,-1,-1,1,6,1,28,6,-1,-1,-1,3,1,3
2017010044164,2,9,-1,-1,-1,-1,-1,-1,-1,-1,-1,-1,6,1,-1,-1,-1,-1,-1,-1,-1,-1
2017010044166,1,19,0,4,0,0,0,0,0,0,2,1,1,1,55,8,-1,-1,-1,3,1,3
2017010044166,2,9,0,4,0,0,0,0,0,0,1,1,6,2,46,8,-1,3,3,8,1,8
2017010044166,3,19,0,4,0,0,0,0,0,0,1,1,1,1,55,8,-1,-1,-1,5,1,5
2017010044171,1,1,0,4,0,1,0,0,0,0,-1,1,6,1,30,6,-1,-1,-1,6,1,6
2017010044171,2,9,0,5,0,1,0,-1,-1,0,-1,-1,6,3,-1,-1,-1,-1,-1,-1,-1,-1
2017010044181,1,9,0,18,0,1,0,0,1,0,3,1,6,1,45,7,1598,1,-1,2,1,2
2017010044181,2,9,0,5,0,6,0,0,0,0,1,1,1,2,24,5,1229,1,4,2,1,2
2017010044182,1,4,0,18,0,3,0,0,0,0,1,1,6,3,-1,-1,499,1,6,-1,-1,-1
2017010044182,2,90,0,5,0,1,0,0,0,0,1,1,6,1,67,10,-1,-1,-1,1,1,1
2017010044193,1,9,0,18,0,0,0,0,0,0,1,1,2,1,46,8,-1,-1,-1,8,1,8
2017010044193,2,9,0,5,0,0,0,0,0,0,3,1,2,2,51,8,1596,1,13,9,1,9
2017010044193,3,9,0,2,0,0,0,0,0,0,4,1,6,3,-1,-1,1498,1,2,-1,-1,-1
2017010044194,1,11,0,5,0,1,0,0,0,0,0,1,1,1,49,8,6700,2,8,5,1,5
2017010044195,1,9,0,18,0,8,0,0,0,0,4,1,6,2,42,7,1798,1,3,5,1,5
2017010044195,2,9,0,18,0,8,0,0,0,0,3,1,6,2,53,8,2494,1,15,6,1,6
2017010044196,1,9,0,9,0,6,0,0,0,0,1,1,1,1,37,7,1997,2,4,4,1,4
2017010044197,1,4,0,18,9,0,1,4,1,0,3,1,6,3,-1,-1,299,1,2,-1,-1,-1
2017010044197,2,9,0,18,0,0,0,0,0,0,0,1,6,1,43,7,1242,1,2,4,1,4
2017010044198,1,19,0,18,0,1,1,0,0,0,1,1,6,1,42,7,-1,-1,-1,3,1,3
2017010044198,2,9,0,2,0,1,0,4,0,0,2,1,6,3,-1,-1,-1,-1,-1,-1,-1,-1
2017010044198,3,9,0,2,0,1,0,10,0,0,2,1,6,3,-1,-1,-1,-1,-1,-1,-1,-1
2017010044199,1,5,0,18,0,1,1,0,0,0,1,1,6,1,29,6,996,1,17,5,1,5
2017010044199,2,9,0,9,0,6,0,0,0,0,3,1,6,2,51,8,2967,2,10,-1,-1,-1
2017010044203,1,3,0,18,0,0,0,0,0,0,1,1,6,3,-1,-1,125,1,5,-1,-1,-1
2017010044203,2,1,0,18,0,0,0,0,0,0,1,1,2,2,26,6,-1,-1,-1,3,1,3
2017010044204,1,9,0,10,0,1,0,0,0,0,1,1,6,2,27,6,1968,2,11,-1,-1,-1
2017010044204,2,3,0,18,0,1,0,0,0,0,4,1,6,1,21,5,125,1,1,2,1,2
2017010044205,1,9,0,3,0,1,0,0,0,0,2,1,2,1,30,6,1329,1,4,3,1,3
2017010044205,2,9,0,3,0,1,0,0,0,0,2,1,2,1,44,7,1896,2,16,10,1,10
2017010044205,3,19,0,18,0,1,0,0,0,0,1,1,1,1,34,6,1995,2,-1,3,1,3
2017010044206,1,21,0,5,0,1,0,0,0,0,1,1,1,1,56,9,-1,-1,-1,3,1,3
2017010044206,2,4,0,18,0,6,0,0,0,0,3,1,1,1,53,8,499,1,22,6,1,6
2017010044207,1,9,0,9,0,1,0,0,0,0,3,1,6,1,32,6,2967,2,3,2,1,2
2017010044207,2,2,0,18,0,1,0,0,0,0,3,1,6,1,28,6,124,1,3,1,1,1
2017010044208,1,11,0,18,0,8,0,0,0,0,4,2,1,1,54,8,12900,2,3,5,1,5
2017010044211,1,9,0,18,0,1,0,0,0,0,1,1,3,2,45,7,1798,8,5,7,1,7
2017010044212,1,1,0,18,0,8,0,0,0,0,1,1,4,1,13,3,-1,-1,-1,2,1,2
2017010044213,1,9,0,5,0,6,0,0,0,0,1,1,2,1,36,7,1999,2,-1,-1,-1,-1
2017010044215,1,1,0,18,4,1,0,0,0,0,1,1,6,1,26,6,-1,-1,-1,3,1,3
2017010044216,1,9,0,2,0,0,0,0,0,0,3,1,6,3,-1,-1,1984,1,16,-1,-1,-1
2017010044217,1,9,0,18,0,1,0,0,0,0,4,1,6,2,44,7,1998,2,8,4,1,4
2017010044217,2,9,0,7,0,6,0,0,0,0,1,2,1,1,62,9,-1,-1,-1,3,1,3
2017010044218,1,9,0,9,0,5,0,0,0,0,1,1,2,2,34,6,1299,1,17,9,1,9
2017010044218,2,1,0,18,4,8,5,0,0,0,3,1,2,1,18,4,-1,-1,-1,3,1,3
2017010044219,1,9,0,9,0,5,0,0,0,0,1,1,6,1,28,6,1995,2,15,2,1,2
2017010044219,2,9,0,18,0,2,0,0,0,0,1,1,6,1,32,6,1199,1,14,3,1,3
2017010044221,1,4,0,14,0,2,0,0,0,0,4,1,6,1,51,8,279,1,9,8,1,8
2017010044221,2,9,0,3,0,2,0,0,0,0,3,1,6,1,27,6,1598,1,10,10,2,10
2017010044222,1,9,0,3,0,1,0,0,0,0,2,1,2,2,35,6,999,1,18,5,1,5
2017010044223,1,9,0,4,0,0,0,0,0,0,2,1,6,1,56,9,1995,2,3,10,1,10
2017010044223,2,9,0,4,0,0,0,0,0,0,4,1,1,2,48,8,1498,1,3,7,1,7
2017010044223,3,19,0,4,0,0,0,0,0,0,2,1,1,1,21,5,2198,2,5,4,1,4
2017010044225,1,9,0,18,0,4,0,0,0,0,3,1,6,1,19,4,1968,2,3,5,1,5
2017010044225,2,1,0,9,0,4,0,0,0,0,4,1,6,1,31,6,-1,-1,-1,6,1,6
2017010044227,1,3,0,18,0,2,0,0,0,0,1,1,6,3,-1,-1,125,1,-1,-1,-1,-1
2017010044228,1,11,0,9,0,8,0,0,0,0,4,1,1,1,42,7,4500,2,6,3,1,3
2017010044228,2,3,0,18,0,1,0,0,0,0,1,1,1,1,21,5,125,1,6,2,1,2
2017010044229,1,9,0,3,0,0,0,0,0,0,2,1,6,2,39,7,1339,1,15,5,1,5
2017010044229,2,9,-1,18,0,0,0,0,0,0,1,-1,6,1,27,6,1991,2,10,6,1,6
2017010044229,3,9,-1,3,0,0,0,0,0,0,2,-1,6,2,27,6,1598,1,2,5,1,5
2017010044230,1,9,0,18,9,6,0,0,0,0,1,1,2,1,82,11,1399,1,9,7,1,7
2017010044232,1,5,0,10,0,1,0,0,0,0,2,1,2,1,54,8,782,1,7,2,1,2
2017010044232,2,9,0,5,0,6,0,0,0,0,1,1,6,2,51,8,1364,1,7,2,1,2
2017010044233,1,9,0,10,0,1,0,0,0,0,1,1,6,1,49,8,1797,8,6,4,1,4
2017010044234,1,5,0,18,0,0,0,0,0,0,1,1,2,1,32,6,599,1,17,6,1,6
2017010044234,2,9,0,4,0,0,0,0,0,0,2,1,2,1,56,9,1997,2,6,5,1,5
2017010044235,1,1,0,15,0,1,5,0,0,0,1,1,2,2,26,6,-1,-1,-1,2,1,2
2017010044235,2,9,0,7,0,1,0,0,0,0,4,1,6,3,-1,-1,-1,-1,-1,-1,-1,-1
2017010044236,1,9,0,18,0,1,0,0,0,0,2,1,6,1,22,5,1988,1,15,2,1,2
2017010044236,2,2,0,18,0,2,1,0,0,0,1,1,1,1,27,6,49,1,7,3,1,3
2017010044237,1,1,0,15,4,1,1,0,0,0,1,1,2,1,26,6,-1,-1,-1,3,1,3
2017010044238,1,9,0,1,0,6,0,4,0,0,2,1,6,2,68,10,-1,-1,-1,6,2,6
2017010044238,2,9,0,4,0,2,0,0,0,0,2,1,6,2,26,6,1248,2,9,3,1,3
2017010044239,1,9,0,18,0,2,0,0,0,0,1,1,6,1,65,9,2987,2,10,4,1,4