Accident_Index,Vehicle_Reference,Vehicle_Type,Towing_and_Articulation,Vehicle_Manoeuvre,Vehicle_Location-Restricted_Lane,Junction_Location,Skidding_and_Overturning,Hit_Object_in_Carriageway,Vehicle_Leaving_Carriageway,Hit_Object_off_Carriageway,1st_Point_of_Impact,Was_Vehicle_Left_Hand_Drive?,Journey_Purpose_of_Driver,Sex_of_Driver,Age_of_Driver,Age_Band_of_Driver,Engine_Capacity_(CC),Propulsion_Code,Age_of_Vehicle,Driver_IMD_Decile,Driver_Home_Area_Type,Vehicle_IMD_Decile
2017010044239,2,19,0,3,0,2,0,0,0,0,2,1,1,1,26,6,2198,2,3,3,1,3
2017010044239,3,9,0,3,0,2,0,0,0,0,2,1,2,2,44,7,-1,-1,-1,4,1,4
2017010044239,4,9,0,3,0,2,0,0,0,0,2,1,6,2,44,7,1197,1,4,5,1,5
2017010044240,1,9,0,3,0,1,0,0,0,0,2,1,6,1,51,8,1461,2,1,8,1,8
2017010044240,2,9,0,3,0,1,0,0,0,0,1,1,6,1,41,7,1997,2,14,10,1,10
2017010044241,1,9,0,2,0,1,0,0,0,0,1,1,6,3,-1,-1,1798,8,-1,-1,-1,-1
2017010044241,2,3,0,18,0,1,0,0,0,0,1,1,6,1,18,4,125,1,1,2,1,2
2017010044242,1,9,0,18,0,0,5,4,0,0,1,1,6,1,32,6,1497,8,10,2,1,2
2017010044242,2,9,0,2,0,0,0,0,0,0,3,1,6,3,-1,-1,2400,2,8,-1,-1,-1
2017010044243,1,3,0,18,0,8,0,0,0,0,1,1,6,1,42,7,125,1,5,5,1,5
2017010044243,2,9,0,10,0,1,0,0,0,0,2,1,6,2,19,4,999,1,2,10,1,10
2017010044245,1,9,0,10,0,1,0,0,0,0,2,1,6,1,56,9,2393,1,4,5,3,5
2017010044245,2,9,0,3,0,1,0,4,0,0,2,1,2,2,32,6,1124,1,12,7,1,7
2017010044245,3,9,0,18,0,1,0,4,0,0,1,1,6,1,38,7,1999,1,10,6,2,6
2017010044246,1,1,0,5,0,1,5,0,0,0,1,1,6,2,32,6,-1,-1,-1,4,1,4
2017010044247,1,11,0,5,2,1,0,0,0,0,0,1,1,1,37,7,4500,2,2,6,1,6
2017010044248,1,9,0,9,0,0,0,0,0,0,1,1,2,1,27,6,1242,1,12,8,1,8
2017010044248,2,1,0,18,0,0,0,0,0,0,1,1,6,1,33,6,-1,-1,-1,5,1,5
2017010044249,1,9,0,10,0,1,1,0,0,0,2,1,2,2,24,5,1598,1,8,3,1,3
2017010044249,2,9,0,18,0,1,1,0,1,0,1,1,6,3,-1,-1,2324,1,15,-1,-1,-1
2017010044251,1,3,0,18,0,1,0,0,0,0,1,1,6,1,20,4,-1,-1,-1,-1,-1,-1
2017010044251,2,9,0,18,0,1,0,0,0,0,2,1,6,1,-1,-1,-1,-1,-1,2,1,2
2017010044253,1,9,0,10,0,1,0,0,0,0,2,1,6,1,36,7,3456,8,8,8,1,8
2017010044253,2,9,0,10,0,1,0,0,0,0,2,1,6,2,67,10,1798,1,3,10,1,10
2017010044253,3,9,0,10,0,1,0,0,0,0,2,1,6,1,42,7,1796,1,10,4,1,4
2017010044253,4,8,0,18,0,1,0,0,0,0,1,1,1,1,48,8,2499,2,10,8,1,8
2017010044254,1,9,0,8,0,5,0,0,0,0,3,1,6,1,27,6,2996,2,22,2,1,2
2017010044254,2,9,0,10,0,6,0,0,0,0,3,1,1,1,39,7,2967,2,3,4,1,4
2017010044255,1,9,0,18,0,0,0,0,0,0,1,1,6,1,79,11,2967,1,15,4,1,4
2017010044256,1,19,0,4,0,2,0,0,0,0,2,1,2,1,30,6,-1,-1,-1,5,1,5
2017010044256,2,1,0,4,0,2,0,0,0,0,1,1,6,1,14,3,-1,-1,-1,4,1,4
2017010044257,1,9,0,18,0,1,0,4,0,0,3,1,6,1,25,5,998,1,10,2,1,2
2017010044257,2,9,0,2,0,1,0,0,0,0,2,1,6,3,-1,-1,1699,1,11,-1,-1,-1
2017010044259,1,3,0,18,0,0,2,10,0,0,1,1,2,1,58,9,124,1,3,7,1,7
2017010044259,2,17,5,11,0,0,0,0,0,0,1,1,1,1,54,8,-1,-1,-1,5,1,5
2017010044262,1,3,0,18,0,1,0,0,0,0,3,1,6,1,38,7,-1,-1,-1,3,1,3
2017010044262,2,9,0,18,0,1,0,0,0,0,4,1,6,1,-1,-1,-1,-1,-1,1,1,1
2017010044265,1,9,0,18,0,8,0,0,0,0,3,1,2,1,35,6,1995,2,5,4,1,4
2017010044265,2,21,1,10,0,8,0,0,0,0,1,1,1,1,47,8,12900,2,7,7,1,7
2017010044280,1,9,0,18,0,5,0,0,0,0,4,1,6,1,36,7,1461,2,-1,2,1,2
2017010044280,2,20,1,18,0,1,1,0,0,0,3,1,1,1,43,7,-1,-1,-1,4,1,4
2017010044282,1,9,0,-1,-1,-1,0,-1,-1,-1,-1,-1,6,1,22,5,1988,1,15,3,1,3
2017010044282,2,9,0,-1,-1,-1,0,-1,-1,-1,-1,-1,6,1,53,8,2967,1,15,3,1,3
2017010044283,1,9,-1,5,0,0,-1,-1,0,0,-1,-1,6,1,24,5,1598,1,4,6,1,6
2017010044287,1,3,0,18,0,-1,0,0,0,0,2,1,6,1,28,6,125,1,2,4,1,4
2017010044287,2,9,0,18,0,1,0,0,0,0,1,-1,6,1,-1,-1,-1,-1,-1,-1,-1,-1
2017010044288,1,21,0,13,0,0,0,0,1,0,4,1,1,1,33,6,12740,2,1,2,1,2
2017010044288,2,9,0,18,0,0,1,0,0,0,3,1,2,2,26,6,875,1,4,9,1,9
2017010044290,1,1,-1,-1,0,0,0,-1,-1,-1,-1,1,6,1,27,6,-1,-1,-1,6,1,6
2017010044290,2,9,-1,-1,0,0,-1,-1,-1,-1,-1,-1,6,3,-1,-1,2143,2,1,-1,-1,-1
2017010044295,1,9,0,-1,0,0,0,0,0,0,2,-1,6,2,26,6,1198,1,8,2,1,2
2017010044298,1,1,0,-1,-1,-1,0,0,-1,0,-1,1,2,1,25,5,-1,-1,-1,9,1,9
2017010044298,2,9,0,-1,0,-1,0,-1,0,0,-1,-1,6,2,-1,-1,-1,-1,-1,-1,-1,-1
2017010044299,1,9,-1,1,9,0,-1,0,-1,0,-1,-1,6,3,-1,-1,2143,2,1,-1,-1,-1
2017010044306,1,1,0,18,0,0,5,0,0,0,1,1,2,1,39,7,-1,-1,-1,7,1,7
2017010044306,2,9,-1,2,0,0,-1,-1,0,0,3,-1,6,3,-1,-1,1995,2,3,-1,-1,-1
2017010044314,1,3,-1,-1,-1,0,-1,-1,-1,-1,-1,1,6,1,35,6,125,1,1,2,1,2
2017010044314,2,3,-1,-1,-1,0,-1,-1,-1,-1,-1,1,6,1,-1,-1,125,1,1,3,1,3
2017010044315,1,19,0,18,0,1,0,0,0,0,1,-1,6,1,51,8,-1,-1,-1,5,1,5
2017010044320,1,9,-1,-1,-1,-1,-1,-1,-1,0,-1,-1,6,1,62,9,2998,1,1,3,1,3
2017010044326,1,19,-1,9,-1,-1,-1,12,-1,0,3,-1,6,3,-1,-1,2198,2,5,-1,-1,-1
2017010044326,2,1,-1,18,-1,-1,-1,-1,-1,-1,-1,1,6,1,68,10,-1,-1,-1,5,1,5
2017010044330,1,9,0,18,0,0,0,0,0,0,4,1,6,2,71,10,1587,1,16,5,1,5
2017010044330,2,1,0,12,0,0,0,0,0,0,1,1,6,1,44,7,-1,-1,-1,2,1,2
2017010044331,1,9,0,4,0,8,0,0,0,0,1,1,2,2,43,7,996,1,3,2,1,2
2017010044331,2,9,0,4,0,8,0,0,0,0,2,1,2,2,54,8,1598,1,14,3,1,3
2017010044339,1,11,-1,-1,-1,0,-1,-1,-1,-1,-1,1,6,3,-1,-1,-1,-1,-1,-1,-1,-1
2017010044346,1,3,0,17,0,1,1,0,0,0,1,1,2,1,31,6,-1,-1,-1,7,1,7
2017010044355,1,4,0,18,0,1,0,0,0,0,1,1,6,1,59,9,125,1,-1,7,1,7
2017010044355,2,9,0,7,0,6,0,0,0,0,1,1,6,3,-1,-1,1560,2,3,-1,-1,-1
2017010044358,1,1,0,18,0,0,0,0,1,0,1,1,6,2,39,7,-1,-1,-1,7,1,7
2017010044358,2,9,0,18,0,0,0,0,0,0,4,-1,6,3,-1,-1,-1,-1,-1,-1,-1,-1
2017010044359,1,11,0,18,0,1,0,0,1,0,0,1,6,2,51,8,8268,2,14,2,1,2
2017010044359,2,9,0,5,0,6,0,0,1,0,0,1,6,3,-1,-1,2993,2,5,-1,-1,-1
2017010044362,1,9,0,5,0,6,0,0,0,0,1,1,2,2,28,6,1299,1,13,2,1,2
2017010044362,2,5,0,18,0,8,0,0,0,0,1,1,2,1,36,7,1157,1,12,2,1,2
2017010044362,3,1,0,18,0,8,0,0,0,0,1,1,1,2,36,7,-1,-1,-1,4,1,4
2017010044364,1,1,0,18,0,8,0,-1,0,0,3,1,2,2,35,6,-1,-1,-1,6,1,6
2017010044364,2,9,0,5,0,8,0,0,0,0,1,1,6,1,-1,-1,1229,1,4,-1,-1,-1
2017010044367,1,9,0,7,0,3,0,0,7,10,1,1,6,2,35,6,1240,1,11,2,1,2
2017010044370,1,11,0,7,0,8,0,0,0,0,1,1,1,2,54,8,3900,2,15,2,1,2
2017010044378,1,1,0,-1,0,8,0,0,0,0,2,1,6,1,40,7,-1,-1,-1,4,1,4
2017010044378,2,9,0,-1,0,4,0,0,0,0,1,-1,6,3,-1,-1,-1,-1,-1,-1,-1,-1
2017010044380,1,9,0,8,0,1,0,0,0,0,2,-1,6,1,54,8,3222,2,14,-1,-1,-1
2017010044380,2,9,0,8,0,1,0,0,0,0,1,-1,6,3,-1,-1,999,1,1,-1,-1,-1
2017010044382,1,9,0,4,0,0,0,0,0,0,2,1,2,1,31,6,1596,1,4,2,1,2
2017010044382,2,3,0,4,0,0,5,0,0,0,1,1,1,1,25,5,125,1,1,7,1,7
2017010044387,1,9,-1,-1,-1,-1,-1,-1,-1,-1,-1,-1,6,1,44,7,2143,2,3,4,1,4
2017010044387,2,9,-1,-1,-1,-1,-1,-1,-1,-1,1,-1,6,1,-1,-1,-1,-1,-1,5,1,5
2017010044390,1,9,0,5,0,6,0,0,0,0,1,1,2,2,43,7,1582,2,6,3,1,3
2017010044390,2,9,0,18,0,1,0,0,0,0,1,1,1,1,34,6,1390,1,13,3,1,3
2017010044396,1,9,0,9,0,5,1,0,0,0,1,1,1,1,51,8,1796,1,10,6,1,6
2017010044396,2,1,0,18,0,1,0,0,0,0,1,1,6,1,45,7,-1,-1,-1,5,1,5
2017010044397,1,9,-1,-1,-1,0,-1,-1,-1,-1,-1,-1,6,1,45,7,1968,2,7,2,1,2
2017010044397,2,9,-1,-1,-1,0,-1,-1,-1,-1,-1,-1,6,1,-1,-1,-1,-1,-1,-1,-1,-1
2017010044412,1,11,0,4,0,1,0,0,0,0,0,1,1,1,25,5,4500,2,7,2,1,2
2017010044415,1,9,-1,3,-1,0,0,0,0,0,2,-1,6,1,33,6,1461,2,1,4,1,4
2017010044415,2,3,0,18,0,0,0,0,0,0,1,1,6,3,-1,-1,102,1,10,-1,-1,-1
2017010044427,1,9,0,3,0,0,0,0,0,0,2,1,6,1,-1,-1,1596,1,3,6,1,6
2017010044427,2,9,0,18,0,0,0,0,0,0,1,1,6,2,-1,-1,1390,1,13,3,1,3
2017010044428,1,9,0,18,0,1,0,0,0,0,2,1,6,1,33,6,1910,2,8,5,1,5
2017010044429,1,9,0,18,0,2,0,0,0,0,1,1,6,2,42,7,999,1,1,7,1,7
2017010044434,1,9,0,4,0,0,0,0,0,0,1,1,6,1,30,6,1600,1,13,-1,-1,-1
2017010044434,2,3,0,5,0,0,1,4,0,0,1,1,6,1,14,3,125,1,1,1,1,1
2017010044436,1,9,0,3,0,0,0,0,0,0,-1,-1,6,1,37,7,1999,2,2,4,1,4
2017010044436,2,9,0,-1,0,0,0,-1,0,0,-1,-1,6,1,-1,-1,998,1,2,-1,-1,-1
2017010044437,1,8,0,9,0,1,0,0,0,0,2,1,1,1,38,7,1790,8,3,2,1,2
2017010044437,2,5,0,18,0,1,0,0,0,0,1,1,6,1,26,6,750,1,2,-1,-1,-1
2017010044438,1,9,0,3,0,0,0,0,0,0,2,-1,2,2,36,7,1496,2,-1,3,1,3
2017010044438,2,9,-1,-1,-1,0,-1,0,0,0,1,-1,6,1,44,7,3500,2,14,10,1,10
2017010044442,1,9,0,17,0,1,0,0,0,0,1,1,2,1,56,9,1796,1,5,9,1,9
2017010044442,2,19,0,18,0,1,0,0,0,0,1,1,1,1,44,7,7146,2,5,1,1,1
2017010044443,1,11,0,3,0,1,0,0,0,0,0,1,1,1,47,8,4500,2,6,3,1,3
2017010044448,1,9,0,18,0,0,0,0,0,0,1,1,6,1,41,7,1968,2,6,2,1,2
2017010044448,2,9,0,4,0,0,0,0,0,0,2,1,6,1,51,8,1598,1,12,9,1,9
2017010044451,1,1,-1,5,0,2,0,0,0,0,3,1,6,1,56,9,-1,-1,-1,-1,-1,-1
2017010044451,2,19,-1,7,0,7,-1,-1,0,0,4,-1,6,1,52,8,1995,2,3,5,1,5
2017010044454,1,9,0,9,0,8,0,0,0,0,2,1,6,1,44,7,1560,2,5,4,1,4
2017010044454,2,19,0,18,0,8,0,0,0,0,1,1,6,1,40,7,1461,2,1,5,1,5
2017010044456,1,19,0,18,0,1,0,5,1,10,4,1,1,1,48,8,-1,-1,-1,3,1,3
2017010044458,1,9,0,18,0,0,0,0,0,0,1,1,6,2,32,6,998,1,7,3,1,3
2017010044459,1,9,0,3,0,1,0,0,0,0,2,1,6,1,41,7,1988,1,16,4,1,4
2017010044459,2,9,0,18,0,1,0,0,0,0,1,1,6,1,31,6,2993,2,1,2,1,2
2017010044460,1,9,0,3,0,1,0,0,0,0,2,1,6,2,37,7,1997,1,13,2,1,2
2017010044460,2,9,0,6,0,1,0,0,0,0,1,1,6,3,-1,-1,1769,1,14,-1,-1,-1
2017010044461,1,9,0,9,0,8,0,0,0,0,1,1,2,2,55,8,1197,1,1,9,1,9
2017010044461,2,9,0,17,0,8,0,0,0,0,1,1,2,2,40,7,1200,1,1,2,1,2
2017010044462,1,3,0,7,0,5,0,0,0,0,1,1,6,3,-1,-1,-1,-1,-1,-1,-1,-1
2017010044463,1,9,0,7,0,1,0,0,0,0,1,1,3,2,39,7,998,1,6,2,1,2
2017010044464,1,4,0,18,0,0,0,0,0,0,1,1,6,1,37,7,530,1,3,2,1,2
2017010044465,1,9,0,6,0,0,0,0,0,0,3,1,6,2,36,7,1999,1,1,2,1,2
2017010044465,2,3,0,13,0,0,1,0,7,0,4,1,1,1,19,4,125,1,6,4,1,4
2017010044466,1,9,0,18,0,0,0,0,0,0,1,1,6,2,68,10,1339,1,9,7,1,7
2017010044466,2,9,0,18,0,0,0,0,0,0,1,1,2,1,62,9,1598,1,13,7,1,7
2017010044466,3,9,0,18,0,0,0,0,0,0,3,1,2,1,52,8,-1,-1,-1,7,1,7
2017010044468,1,11,0,18,2,8,0,0,0,0,0,1,1,1,45,7,4500,2,1,4,1,4
2017010044468,2,9,0,11,0,8,0,0,0,0,0,1,6,3,-1,-1,-1,-1,-1,-1,-1,-1
2017010044469,1,2,0,18,0,1,2,0,1,10,1,1,6,1,30,6,124,1,20,7,1,7
2017010044469,2,9,0,9,0,1,0,0,0,0,1,1,6,3,-1,-1,-1,-1,-1,-1,-1,-1
2017010044470,1,9,0,18,0,0,0,0,0,0,2,1,6,2,44,7,1997,1,10,7,1,7
2017010044470,2,9,0,18,0,0,0,0,0,0,2,1,6,1,65,9,2494,1,15,5,1,5
2017010044470,3,9,0,18,0,0,0,0,0,0,1,1,6,1,23,5,998,1,1,3,1,3
2017010044471,1,9,0,9,0,1,0,0,0,0,4,1,2,1,30,6,1461,2,2,4,1,4
2017010044472,1,9,0,9,0,2,0,0,0,0,3,1,6,2,33,6,1296,1,11,2,1,2
2017010044472,2,2,0,14,0,2,0,0,0,0,4,1,1,1,38,7,124,1,5,2,1,2
2017010044473,1,4,0,18,0,2,0,0,0,0,4,1,2,1,43,7,124,1,1,-1,-1,-1
2017010044473,2,9,0,5,0,2,0,0,0,0,3,1,2,1,53,8,998,1,17,5,1,5
2017010044474,1,9,0,18,0,1,0,0,0,0,1,1,6,1,24,5,2494,1,16,7,1,7
2017010044474,2,19,0,18,0,1,0,0,0,0,2,1,6,1,24,5,1598,2,3,2,1,2
2017010044476,1,90,0,18,0,8,0,0,0,0,1,1,1,1,25,5,2987,2,2,6,1,6
2017010044476,2,9,0,9,0,8,0,0,0,0,3,1,6,2,43,7,1595,1,-1,3,1,3
2017010044477,1,19,0,9,0,2,0,0,0,0,1,1,6,1,36,7,1598,2,-1,6,1,6
2017010044478,1,9,0,18,0,0,0,0,0,0,1,1,6,1,33,6,1997,2,13,4,1,4
2017010044482,1,9,0,3,0,2,0,0,0,0,1,1,6,1,26,6,1595,1,5,4,1,4
2017010044482,2,19,0,3,0,2,0,0,0,0,2,1,2,1,47,8,1995,2,9,2,1,2
2017010044483,1,9,0,9,0,6,0,0,0,0,1,1,6,3,-1,-1,-1,-1,-1,-1,-1,-1
2017010044484,1,19,0,9,0,0,0,0,0,0,3,1,1,1,57,9,2143,2,6,6,1,6
2017010044484,2,5,0,18,0,0,0,0,0,0,1,1,2,1,49,8,649,1,9,2,1,2
2017010044485,1,8,0,5,0,2,0,0,0,0,1,1,1,1,24,5,1797,8,7,4,1,4
2017010044486,1,9,0,18,0,1,0,0,0,0,1,1,6,2,21,5,1086,1,11,2,1,2
2017010044486,2,1,0,18,0,8,5,0,0,0,1,1,2,1,20,4,-1,-1,-1,3,1,3
2017010044487,1,5,0,14,0,0,0,0,0,0,4,1,6,1,40,7,999,1,12,6,1,6
2017010044490,1,1,0,4,0,1,0,0,0,0,3,1,2,1,55,8,-1,-1,-1,-1,-1,-1
2017010044490,2,9,0,4,0,1,0,0,0,0,4,1,6,2,45,7,1197,1,2,6,1,6
2017010044491,1,9,0,4,0,0,0,0,0,0,2,1,6,1,47,8,2231,2,7,1,1,1
2017010044491,2,19,0,18,0,0,0,0,0,0,1,1,6,1,66,10,2198,2,10,2,1,2
2017010044492,1,9,0,9,0,1,0,0,0,0,1,1,6,2,32,6,1686,2,5,3,1,3
2017010044492,2,1,0,18,0,1,0,0,0,0,1,1,6,1,42,7,-1,-1,-1,4,1,4
2017010044493,1,9,0,1,0,0,0,0,0,0,2,1,6,3,-1,-1,-1,-1,-1,-1,-1,-1
2017010044496,1,3,0,18,0,8,0,0,0,0,1,1,6,1,18,4,125,1,11,6,1,6
2017010044498,1,9,0,7,0,1,5,4,0,0,3,1,6,1,53,8,4196,1,11,-1,-1,-1
2017010044498,2,9,0,2,6,1,0,0,0,0,4,1,6,3,-1,-1,1968,2,9,-1,-1,-1
2017010044499,1,9,0,18,0,0,0,4,0,0,1,1,6,2,78,11,1598,1,9,-1,-1,-1
2017010044499,2,9,0,2,0,0,0,4,0,0,2,1,6,3,-1,-1,2987,2,9,-1,-1,-1
2017010044499,3,9,0,2,0,0,0,4,0,0,1,1,6,3,-1,-1,1870,2,7,-1,-1,-1
2017010044499,4,9,0,2,0,0,0,0,0,0,1,1,6,3,-1,-1,1796,1,12,-1,-1,-1
2017010044500,1,3,0,18,0,2,0,0,0,0,1,1,6,1,16,4,-1,-1,-1,-1,-1,-1
2017010044500,2,1,0,18,0,2,0,0,0,0,2,1,6,1,34,6,-1,-1,-1,-1,-1,-1
2017010044501,1,9,0,4,0,1,0,0,0,0,1,1,2,1,51,8,1950,2,1,3,1,3
2017010044501,2,9,0,2,0,1,0,0,0,0,2,1,6,3,-1,-1,-1,-1,-1,-1,-1,-1
2017010044502,1,9,0,18,0,1,0,0,0,0,1,1,6,1,34,6,2143,2,3,3,1,3
2017010044503,1,11,0,18,0,0,0,0,0,0,1,1,1,2,56,9,-1,-1,-1,-1,-1,-1
2017010044504,1,9,0,18,0,2,-1,0,0,0,3,-1,6,3,-1,-1,-1,-1,-1,-1,-1,-1
2017010044505,1,9,0,18,9,2,1,10,3,5,1,1,6,2,77,11,1328,1,12,10,1,10
2017010044506,1,2,0,18,0,1,0,0,0,0,4,1,6,1,28,6,49,1,16,2,1,2
2017010044507,1,9,0,9,0,8,1,0,1,0,1,1,6,3,-1,-1,-1,-1,-1,-1,-1,-1
2017010044509,1,9,0,9,0,1,0,0,0,0,2,1,6,1,20,4,1796,1,12,6,1,6
2017010044509,2,3,0,18,0,1,0,0,0,0,3,1,2,1,20,4,108,1,4,3,1,3
2017010044510,1,8,0,3,0,1,0,0,0,0,2,1,1,1,33,6,1595,1,4,3,1,3
2017010044510,2,5,0,18,0,1,0,0,0,0,1,1,6,1,64,9,865,1,2,2,1,2
2017010044511,1,9,0,9,0,8,0,0,0,0,4,1,3,2,44,7,1600,1,13,7,1,7
2017010044511,2,5,0,18,2,1,0,0,0,0,1,1,6,1,54,8,599,1,19,2,1,2
2017010044512,1,9,0,5,0,1,0,0,1,0,0,1,6,1,35,6,1995,2,4,1,1,1
2017010044517,1,9,0,7,0,2,0,0,1,2,1,1,6,2,49,8,2143,2,6,6,1,6
2017010044517,2,9,0,13,0,2,0,0,0,0,0,1,6,3,-1,-1,-1,-1,-1,-1,-1,-1
2017010044518,1,9,0,18,0,0,0,0,0,0,1,1,6,1,23,5,-1,-1,-1,9,1,9
2017010044518,2,21,0,3,0,0,0,0,0,0,1,1,1,1,60,9,-1,-1,-1,-1,-1,-1
2017010044519,1,9,0,18,0,8,0,0,0,0,1,1,6,1,20,4,1229,1,10,4,1,4
2017010044519,2,11,0,18,2,8,0,0,0,0,3,2,1,1,40,7,-1,-1,-1,-1,-1,-1
2017010044523,1,9,0,18,0,8,0,0,0,0,1,1,6,1,51,8,1995,1,14,4,1,4
2017010044523,2,9,0,18,0,8,0,0,0,0,1,1,6,2,66,10,1390,1,16,3,1,3
2017010044526,1,3,0,13,0,1,0,0,0,0,1,1,6,1,25,5,124,1,1,9,1,9
2017010044526,2,9,0,9,0,5,0,0,0,0,2,1,6,1,30,6,1461,2,3,2,1,2
2017010044534,1,9,0,18,0,0,0,0,0,0,2,-1,6,1,31,6,1769,1,15,1,1,1
2017010044534,2,9,-1,18,-1,0,-1,-1,-1,0,2,-1,6,1,25,5,1595,1,3,2,1,2
2017010044541,1,1,0,18,4,8,0,0,0,0,1,1,2,2,22,5,-1,-1,-1,2,1,2
2017010044541,2,9,0,7,0,8,0,0,0,0,4,-1,6,1,-1,-1,1798,8,-1,5,1,5
2017010044552,1,1,0,18,0,0,0,10,0,0,-1,1,6,1,27,6,-1,-1,-1,6,1,6
2017010044552,2,9,0,18,0,0,0,0,0,0,-1,-1,6,1,-1,-1,-1,-1,-1,-1,-1,-1
2017010044557,1,1,0,18,0,1,0,0,0,0,4,1,2,1,24,5,-1,-1,-1,3,1,3
2017010044563,1,1,-1,-1,-1,-1,-1,12,-1,-1,-1,1,6,1,37,7,-1,-1,-1,8,1,8
2017010044564,1,9,0,-1,-1,0,0,-1,-1,-1,-1,-1,6,2,65,9,1996,1,21,5,1,5
2017010044564,2,9,0,-1,-1,0,0,-1,-1,-1,-1,-1,6,1,-1,-1,1400,1,11,-1,-1,-1
2017010044571,1,4,0,18,0,8,1,4,0,0,4,1,2,1,28,6,125,1,-1,4,1,4
2017010044571,2,9,0,9,0,5,0,0,0,0,3,1,6,2,18,4,1995,2,3,5,1,5
2017010044571,3,11,0,3,0,1,0,0,0,0,1,1,6,2,52,8,3900,2,14,-1,-1,-1
2017010044572,1,9,0,5,0,2,0,0,0,0,4,-1,6,2,50,8,4398,1,15,1,1,1
2017010044572,2,9,0,18,0,2,0,0,0,0,4,-1,6,3,-1,-1,2995,1,14,-1,-1,-1
2017010044576,1,9,0,10,0,8,0,0,0,0,3,1,3,1,50,8,3199,1,18,9,1,9
2017010044576,2,3,0,13,0,8,0,0,0,0,4,1,2,1,40,7,125,1,1,4,1,4
2017010044580,1,1,0,4,0,1,0,0,0,0,1,1,1,2,30,6,-1,-1,-1,5,1,5
2017010044580,2,9,0,9,0,1,0,0,0,0,1,1,6,2,34,6,1461,2,7,8,1,8
2017010044584,1,9,0,1,0,0,0,0,0,0,2,1,6,2,46,8,1598,1,13,3,1,3
2017010044585,1,8,0,5,0,0,0,0,0,0,3,1,1,1,29,6,1560,2,2,1,1,1
2017010044585,2,9,0,18,0,0,0,0,0,0,1,1,6,3,-1,-1,1900,2,11,-1,-1,-1
2017010044587,1,1,-1,-1,0,1,-1,0,0,0,-1,1,6,3,-1,-1,-1,-1,-1,-1,-1,-1
2017010044589,1,9,0,10,0,1,0,0,0,0,3,1,6,1,34,6,1997,2,9,3,1,3
2017010044589,2,3,0,18,0,8,0,0,0,0,1,1,6,2,49,8,125,1,-1,5,1,5
2017010044591,1,9,0,6,0,0,0,0,0,0,3,1,6,1,33,6,1398,2,7,9,1,9
2017010044591,2,3,0,18,0,0,0,0,0,0,1,1,1,1,22,5,125,1,3,7,1,7
2017010044595,1,9,0,4,0,8,0,4,0,0,1,1,2,2,23,5,999,1,1,-1,-1,-1
2017010044595,2,9,0,18,0,8,0,8,0,0,4,1,2,1,53,8,1798,1,6,3,1,3
2017010044598,1,9,0,7,0,2,0,0,0,0,1,1,6,3,-1,-1,-1,-1,-1,-1,-1,-1
2017010044599,1,19,0,18,0,2,0,0,0,0,3,1,6,1,42,7,1753,2,10,7,1,7
2017010044602,1,3,0,18,9,0,0,0,0,0,4,1,6,1,86,11,-1,-1,-1,4,1,4
2017010044604,1,11,0,5,2,0,0,0,0,0,0,1,1,1,54,8,5132,2,1,9,1,9
2017010044604,2,90,0,18,0,0,0,0,0,0,0,1,6,1,68,10,-1,-1,-1,10,1,10
2017010044607,1,9,0,7,0,1,0,0,0,0,4,1,6,1,38,7,2967,2,9,3,1,3
2017010044608,1,11,0,3,2,2,0,0,1,0,0,1,1,1,56,9,4500,2,6,3,1,3
2017010044610,1,2,0,18,0,8,0,0,0,0,1,1,6,1,16,4,49,1,17,3,1,3
2017010044610,2,9,0,9,0,8,0,0,0,0,1,1,6,2,46,8,1796,1,4,4,1,4
2017010044613,1,9,0,9,0,2,0,0,0,0,2,1,3,2,29,6,1339,1,11,2,1,2
2017010044613,2,9,0,18,0,1,0,0,0,0,1,1,6,1,31,6,2993,2,7,4,1,4
2017010044614,1,9,0,9,0,6,0,0,0,0,1,1,1,2,35,6,1497,8,3,5,1,5
2017010044614,2,9,0,18,0,1,0,0,0,0,1,1,1,2,26,6,1799,1,11,2,1,2
2017010044616,1,11,0,5,0,0,0,0,0,0,0,1,1,1,55,8,4500,2,5,4,1,4
2017010044617,1,9,0,9,0,5,0,0,0,0,1,1,2,1,29,6,1753,2,8,3,1,3
2017010044617,2,1,0,18,0,8,0,0,0,0,3,1,1,1,47,8,-1,-1,-1,3,1,3
2017010044618,1,9,-1,11,0,-1,-1,-1,-1,-1,2,-1,6,1,27,6,1560,2,3,8,1,8
2017010044618,2,1,-1,18,0,-1,-1,-1,-1,-1,-1,1,6,1,34,6,-1,-1,-1,3,1,3
2017010044620,1,11,0,7,0,8,0,0,0,0,0,1,1,1,45,7,-1,-1,-1,3,1,3
2017010044621,1,9,0,9,0,0,0,0,0,0,4,1,6,2,34,6,1997,2,7,5,1,5
2017010044621,2,8,0,18,0,0,0,0,3,0,1,1,2,1,45,7,1997,2,6,2,1,2
2017010044625,1,9,0,3,0,1,0,0,0,0,-1,-1,6,1,51,8,2793,1,18,5,1,5
2017010044625,2,9,0,-1,0,1,0,0,0,0,-1,-1,6,3,-1,-1,1796,1,13,-1,-1,-1
2017010044626,1,9,0,9,0,6,0,0,0,0,1,1,2,1,45,7,1999,2,-1,6,1,6
2017010044627,1,9,0,18,0,8,0,0,0,0,1,1,6,3,-1,-1,-1,-1,-1,-1,-1,-1
2017010044627,2,1,0,18,0,8,0,0,0,0,2,1,6,2,35,6,-1,-1,-1,-1,-1,-1