Accident_Index,Vehicle_Reference,Vehicle_Type,Towing_and_Articulation,Vehicle_Manoeuvre,Vehicle_Location-Restricted_Lane,Junction_Location,Skidding_and_Overturning,Hit_Object_in_Carriageway,Vehicle_Leaving_Carriageway,Hit_Object_off_Carriageway,1st_Point_of_Impact,Was_Vehicle_Left_Hand_Drive?,Journey_Purpose_of_Driver,Sex_of_Driver,Age_of_Driver,Age_Band_of_Driver,Engine_Capacity_(CC),Propulsion_Code,Age_of_Vehicle,Driver_IMD_Decile,Driver_Home_Area_Type,Vehicle_IMD_Decile
2017010044629,1,11,0,18,-1,8,-1,0,0,0,-1,1,1,1,47,8,4500,2,2,8,1,8
2017010044634,1,1,0,4,0,1,0,0,0,0,-1,1,2,2,27,6,-1,-1,-1,4,1,4
2017010044634,2,9,0,3,0,1,0,0,0,0,1,-1,6,3,-1,-1,-1,-1,-1,-1,-1,-1
2017010044635,1,9,0,3,0,1,0,0,0,0,2,-1,6,2,19,4,998,1,9,3,1,3
2017010044635,2,9,0,3,0,1,-1,0,0,0,2,-1,6,2,-1,-1,1461,2,1,-1,-1,-1
2017010044644,1,9,0,18,0,1,0,0,0,0,4,1,6,2,63,9,1598,1,21,3,1,3
2017010044644,2,9,0,5,8,1,0,0,0,0,3,1,6,2,36,7,2993,2,1,5,1,5
2017010044645,1,1,0,18,0,8,0,0,0,0,1,1,2,1,36,7,-1,-1,-1,1,1,1
2017010044645,2,9,0,18,0,8,0,0,0,0,3,-1,6,3,-1,-1,2499,1,10,-1,-1,-1
2017010044651,1,3,-1,-1,-1,-1,-1,-1,-1,-1,-1,1,6,3,-1,-1,798,1,1,-1,-1,-1
2017010044654,1,11,0,5,0,1,0,0,0,0,1,1,1,1,21,5,4500,2,3,4,1,4
2017010044654,2,5,0,4,0,1,0,0,0,0,2,1,6,1,50,8,640,1,24,2,1,2
2017010044657,1,9,-1,18,0,0,-1,0,0,0,4,-1,6,1,38,7,1497,8,9,-1,-1,-1
2017010044657,2,9,-1,12,0,0,-1,0,0,0,3,-1,6,1,-1,-1,1596,1,11,7,1,7
2017010044658,1,9,0,9,0,6,0,0,0,0,1,1,2,1,36,7,1796,1,15,4,1,4
2017010044658,2,1,0,18,0,8,0,0,0,0,2,1,2,2,54,8,-1,-1,-1,1,1,1
2017010044660,1,3,0,18,0,0,0,0,0,0,1,1,6,1,44,7,125,1,8,6,1,6
2017010044660,2,9,0,2,0,0,0,0,0,0,3,1,6,3,-1,-1,-1,-1,-1,-1,-1,-1
2017010044661,1,9,0,18,0,1,0,0,2,10,1,1,6,2,65,9,998,1,8,8,1,8
2017010044662,1,9,0,18,0,0,0,0,0,0,2,1,6,2,45,7,2204,2,8,6,1,6
2017010044662,2,9,0,18,0,0,0,4,0,0,1,1,6,1,74,10,1584,1,9,8,1,8
2017010044663,1,9,0,18,0,2,5,4,0,0,1,1,6,1,66,10,1497,1,13,5,1,5
2017010044663,2,9,0,2,0,2,0,0,0,0,2,1,6,3,-1,-1,1390,1,18,-1,-1,-1
2017010044663,3,9,0,2,0,2,0,0,0,0,2,1,6,3,-1,-1,-1,-1,-1,-1,-1,-1
2017010044664,1,9,0,18,0,2,0,0,0,0,1,1,2,1,35,6,1598,1,12,4,1,4
2017010044664,2,9,0,2,0,1,0,0,0,0,2,1,6,3,-1,-1,1339,8,2,-1,-1,-1
2017010044664,3,9,0,2,0,2,0,4,0,0,2,1,6,3,-1,-1,1499,2,-1,-1,-1,-1
2017010044664,4,9,0,2,0,2,0,4,0,0,2,1,6,3,-1,-1,1999,1,12,-1,-1,-1
2017010044665,1,4,0,16,0,0,0,0,0,0,1,1,2,1,30,6,249,1,6,8,1,8
2017010044665,2,9,0,18,0,0,0,0,0,0,1,1,2,1,40,7,2148,2,7,8,1,8
2017010044667,1,9,0,18,9,1,0,0,3,4,4,1,6,2,44,7,1686,2,5,7,1,7
2017010044667,2,9,0,18,0,1,0,0,0,0,1,1,6,2,29,6,1598,1,18,2,1,2
2017010044668,1,4,0,16,0,2,5,0,0,0,0,1,2,1,42,7,125,1,3,1,1,1
2017010044669,1,9,0,18,0,1,0,0,0,0,3,1,2,2,34,6,1587,1,10,6,3,6
2017010044669,2,9,0,18,0,1,0,0,0,0,3,1,1,1,30,6,1984,1,4,6,1,6
2017010044670,1,9,0,4,0,2,0,4,0,0,2,1,6,1,46,8,2993,2,3,3,1,3
2017010044670,2,3,0,7,0,1,0,4,0,0,1,1,6,1,21,5,125,1,11,3,1,3
2017010044671,1,9,0,18,0,0,0,4,0,0,1,1,6,2,61,9,-1,-1,-1,3,1,3
2017010044671,2,9,0,2,0,0,0,0,1,0,2,1,6,3,-1,-1,1796,1,17,-1,-1,-1
2017010044672,1,9,0,9,0,1,0,0,1,10,1,1,6,1,17,4,2967,1,18,1,1,1
2017010044674,1,9,0,4,0,1,0,4,1,0,1,1,6,1,57,9,3430,1,28,10,1,10
2017010044674,2,9,0,2,0,8,0,4,1,4,2,1,6,3,-1,-1,1997,2,14,-1,-1,-1
2017010044674,3,9,0,2,0,2,0,0,0,0,2,1,6,3,-1,-1,1896,2,12,-1,-1,-1
2017010044676,1,9,0,9,0,2,0,11,0,0,3,1,6,2,24,5,1461,2,3,7,1,7
2017010044679,1,9,0,5,9,6,0,0,0,0,1,1,6,2,53,8,1896,2,19,7,1,7
2017010044679,2,9,0,18,0,1,0,0,0,0,1,1,6,1,41,7,1598,1,10,10,1,10
2017010044680,1,9,0,5,0,6,0,0,0,0,1,1,6,1,32,6,1799,1,8,3,1,3
2017010044682,1,2,0,4,0,1,0,0,0,0,1,1,1,1,20,4,49,1,11,2,1,2
2017010044682,2,9,0,10,0,2,0,0,0,0,2,1,6,1,56,9,-1,-1,-1,2,1,2
2017010044684,1,9,0,4,0,1,0,0,0,0,2,1,6,1,28,6,1198,1,8,2,1,2
2017010044684,2,8,0,18,0,1,0,0,0,0,2,1,1,1,40,7,1339,8,6,2,1,2
2017010044684,3,8,0,18,0,1,0,0,0,0,1,1,1,1,37,7,1797,8,7,9,1,9
2017010044685,1,9,0,6,0,0,0,0,0,0,3,1,6,1,27,6,1968,2,5,8,1,8
2017010044685,2,3,0,14,0,0,0,0,0,0,1,1,2,2,21,5,125,1,2,9,1,9
2017010044686,1,5,0,18,0,8,0,0,0,0,1,1,2,1,22,5,520,1,10,5,1,5
2017010044686,2,3,0,9,0,8,0,0,0,0,1,1,1,1,19,4,125,1,5,4,1,4
2017010044687,1,9,0,18,0,2,0,0,0,0,3,1,6,3,-1,-1,5461,1,3,-1,-1,-1
2017010044689,1,9,0,18,0,6,0,4,0,0,3,1,6,1,26,6,1997,2,9,3,1,3
2017010044689,2,9,0,2,0,1,0,0,0,0,4,1,6,3,-1,-1,2496,1,16,-1,-1,-1
2017010044689,3,9,0,2,0,1,0,0,0,0,4,1,6,3,-1,-1,1398,1,13,-1,-1,-1
2017010044690,1,9,0,18,0,8,0,0,0,0,0,1,1,1,35,6,2400,2,7,5,1,5
2017010044691,1,9,0,18,0,0,0,0,0,0,4,1,2,1,30,6,1997,2,3,4,1,4
2017010044693,1,3,0,4,0,8,0,0,0,0,2,1,1,1,20,4,109,1,3,4,1,4
2017010044693,2,9,0,5,0,4,0,0,0,0,1,1,2,1,45,7,-1,-1,-1,2,1,2
2017010044694,1,9,0,9,0,0,0,0,0,0,3,1,6,1,50,8,1798,1,11,2,1,2
2017010044694,2,1,0,18,0,0,0,0,0,0,1,1,6,1,48,8,-1,-1,-1,1,1,1
2017010044695,1,3,0,18,0,8,0,0,0,0,1,1,6,1,14,3,125,1,5,4,1,4
2017010044695,2,9,0,18,0,8,0,0,0,0,4,1,6,1,32,6,1560,2,6,3,1,3
2017010044696,1,9,0,18,0,1,0,0,0,0,1,1,6,1,29,6,4163,1,7,3,1,3
2017010044696,2,9,0,18,0,1,0,0,0,0,2,1,6,2,34,6,1968,2,12,9,1,9
2017010044697,1,9,0,18,0,0,5,4,0,0,1,1,6,2,25,5,1598,1,13,10,1,10
2017010044697,2,9,0,2,0,0,0,0,0,0,2,1,6,3,-1,-1,1198,1,7,-1,-1,-1
2017010044697,3,9,0,2,0,0,0,0,0,0,3,1,6,3,-1,-1,-1,-1,-1,-1,-1,-1
2017010044698,1,9,0,18,0,1,0,0,0,0,1,1,6,1,62,9,1798,8,3,10,1,10
2017010044700,1,9,0,17,0,1,0,0,0,0,4,1,6,2,41,7,1997,2,2,3,1,3
2017010044700,2,1,0,17,0,1,0,0,0,0,1,1,6,1,41,7,-1,-1,-1,9,1,9
2017010044701,1,3,0,18,0,1,0,0,0,0,1,1,6,3,-1,-1,-1,-1,-1,-1,-1,-1
2017010044703,1,19,0,18,0,0,0,0,0,0,3,1,6,1,32,6,2148,2,13,5,1,5
2017010044704,1,8,0,18,0,2,0,0,0,0,4,1,6,1,31,6,1797,8,8,4,1,4
2017010044705,1,9,0,12,0,8,0,0,0,0,1,1,6,1,25,5,1242,1,4,2,1,2
2017010044706,1,9,0,18,0,0,0,0,0,0,1,1,6,1,17,4,1560,2,5,-1,-1,-1
2017010044706,2,9,0,2,0,0,0,0,0,0,1,1,6,3,-1,-1,1339,8,3,-1,-1,-1
2017010044706,3,4,0,2,0,0,0,0,0,0,1,1,6,3,-1,-1,125,1,6,-1,-1,-1
2017010044706,4,9,0,2,0,0,0,0,0,0,2,1,6,3,-1,-1,1396,1,12,-1,-1,-1
2017010044707,1,9,0,5,0,0,0,0,0,0,1,1,6,1,48,8,1685,2,3,5,1,5
2017010044707,2,9,0,9,0,0,0,0,0,0,1,1,2,1,32,6,1995,2,6,4,1,4
2017010044708,1,8,0,7,0,0,0,0,0,0,4,1,1,1,42,7,1598,2,2,2,1,2
2017010044708,2,3,0,7,0,0,0,0,0,0,3,1,6,1,30,6,125,1,3,3,1,3
2017010044709,1,9,0,18,0,0,0,4,0,0,1,1,6,2,25,5,1997,1,13,3,1,3
2017010044709,2,9,0,2,0,0,0,4,0,0,1,1,6,3,-1,-1,1298,1,7,-1,-1,-1
2017010044709,3,9,0,2,0,0,0,0,0,0,1,1,6,3,-1,-1,1497,8,2,-1,-1,-1
2017010044711,1,5,0,18,0,1,2,10,0,0,3,1,6,1,31,6,599,1,10,4,1,4
2017010044711,2,9,0,9,0,6,0,0,0,0,4,1,6,1,53,8,2171,1,15,4,1,4
2017010044711,3,3,0,18,0,1,2,0,0,0,3,1,6,3,-1,-1,-1,-1,-1,-1,-1,-1
2017010044715,1,19,0,18,0,1,2,0,8,10,4,1,6,1,-1,-1,-1,-1,-1,-1,-1,-1
2017010044715,2,19,0,18,0,1,0,0,0,0,0,1,1,1,45,7,2198,2,1,4,1,4
2017010044715,3,8,0,18,0,1,0,0,0,0,3,1,1,1,28,6,1797,8,6,9,1,9
2017010044715,4,19,0,18,0,1,2,0,7,10,1,1,6,1,-1,-1,2198,2,2,-1,-1,-1
2017010044717,1,9,0,18,0,2,0,10,0,0,1,1,6,1,40,7,1560,2,2,3,1,3
2017010044718,1,9,0,9,0,7,0,0,0,0,2,1,6,1,32,6,1198,1,6,4,1,4
2017010044718,2,1,0,18,0,5,0,0,0,0,0,1,1,1,29,6,-1,-1,-1,3,1,3
2017010044719,1,9,0,3,0,2,0,0,0,0,2,1,6,2,69,10,996,1,2,3,1,3
2017010044719,2,9,0,3,0,1,0,0,0,0,2,1,6,1,45,7,1590,1,14,6,1,6
2017010044719,3,9,0,18,0,1,0,0,0,0,1,1,6,2,44,7,875,1,2,5,1,5
2017010044722,1,11,0,5,0,1,0,0,0,0,1,1,6,1,16,4,9360,2,7,-1,-1,-1
2017010044722,2,9,0,13,0,1,0,0,0,0,4,-1,6,1,16,4,2488,1,6,-1,-1,-1
2017010044723,1,9,0,18,0,0,0,7,0,0,1,1,6,1,28,6,1498,1,11,5,1,5
2017010044724,1,9,0,18,0,0,0,0,0,0,4,1,6,2,31,6,1388,1,7,7,1,7
2017010044725,1,9,0,14,0,8,0,0,0,0,1,1,6,2,56,9,995,1,10,8,1,8
2017010044725,2,9,0,7,0,2,0,0,0,0,1,1,6,1,36,7,1618,1,1,3,1,3
2017010044726,1,9,0,18,0,2,0,0,0,0,1,1,6,1,47,8,1598,2,5,5,3,5
2017010044726,2,9,0,18,0,1,0,0,0,0,2,1,6,2,59,9,1590,1,13,2,1,2
2017010044726,3,9,0,18,0,1,0,0,0,0,2,1,6,1,23,5,1995,2,12,1,1,1
2017010044726,4,9,0,18,0,2,0,0,0,0,1,1,6,1,-1,-1,3498,1,11,5,1,5
2017010044727,1,19,0,18,0,2,0,0,0,0,1,1,1,1,60,9,1560,2,-1,6,1,6
2017010044729,1,9,0,7,0,1,0,0,0,0,2,1,3,1,41,7,1896,2,13,8,1,8
2017010044729,2,1,0,18,0,1,0,0,0,0,1,1,6,2,26,6,-1,-1,-1,7,1,7
2017010044732,1,11,0,18,0,1,0,0,0,0,0,1,1,2,28,6,4760,2,4,2,1,2
2017010044734,1,3,0,18,0,8,0,10,1,4,1,1,6,1,28,6,125,1,1,3,1,3
2017010044735,1,3,0,18,0,8,0,0,0,0,1,1,2,1,27,6,125,1,1,6,1,6
2017010044735,2,9,0,8,0,8,0,0,0,0,3,1,6,2,70,10,1390,1,8,7,1,7
2017010044736,1,9,0,5,0,0,0,4,0,0,1,1,6,1,43,7,1796,1,4,4,1,4
2017010044736,2,3,0,18,0,0,0,0,0,0,1,1,6,1,36,7,-1,-1,-1,5,1,5
2017010044737,1,9,0,18,0,1,0,0,0,0,1,1,6,1,54,8,1800,8,5,2,1,2
2017010044738,1,3,0,18,0,1,0,0,0,0,1,1,6,1,40,7,-1,-1,-1,3,1,3
2017010044739,1,11,0,18,2,2,0,0,0,0,0,1,1,2,52,8,6692,2,7,2,1,2
2017010044740,1,9,0,3,0,1,0,0,0,0,0,1,1,1,23,5,1598,2,4,9,1,9
2017010044740,2,9,0,18,0,1,0,0,0,0,1,1,6,2,38,7,2996,1,12,8,1,8
2017010044741,1,9,0,5,0,1,0,0,0,0,1,1,6,1,77,11,-1,-1,-1,2,1,2
2017010044742,1,9,0,18,0,0,0,0,0,0,1,1,1,1,26,6,1242,1,3,4,1,4
2017010044744,1,9,0,5,0,6,0,0,0,0,1,1,6,2,52,8,-1,3,1,4,1,4
2017010044745,1,9,0,18,0,0,0,0,0,0,1,1,4,2,43,7,1598,1,11,5,1,5
2017010044747,1,9,0,18,0,8,0,0,0,0,2,1,6,2,37,7,1390,1,5,2,1,2
2017010044747,2,9,0,12,0,8,1,0,0,0,1,1,6,1,19,4,1968,2,9,2,1,2
2017010044748,1,9,0,7,0,0,1,0,0,0,1,1,6,2,24,5,1086,1,11,2,1,2
2017010044748,2,9,0,18,0,0,0,0,0,0,1,1,6,1,34,6,1229,1,9,2,1,2
2017010044750,1,9,0,4,0,1,0,0,0,0,3,1,6,1,35,6,998,1,15,3,1,3
2017010044751,1,20,0,18,0,8,0,0,0,0,4,1,1,1,55,8,10837,2,1,3,1,3
2017010044752,1,4,0,18,0,1,0,0,0,0,1,1,6,3,-1,-1,-1,-1,-1,-1,-1,-1
2017010044753,1,9,0,6,0,0,0,0,0,0,1,1,6,1,31,6,1598,2,1,5,1,5
2017010044753,2,5,0,18,0,0,1,0,1,0,1,1,6,1,38,7,-1,-1,-1,4,1,4
2017010044754,1,9,0,14,0,2,0,0,0,0,4,1,6,3,-1,-1,-1,-1,-1,-1,-1,-1
2017010044755,1,9,0,18,0,0,0,0,0,0,1,1,6,1,58,9,1686,2,6,5,1,5
2017010044755,2,11,0,18,0,0,0,0,0,0,1,1,1,1,40,7,6700,2,1,1,1,1
2017010044756,1,2,0,4,0,0,1,0,0,0,0,1,1,1,39,7,49,1,2,4,1,4
2017010044757,1,9,0,18,0,2,0,0,0,0,1,1,6,2,38,7,1388,1,7,3,1,3
2017010044757,2,9,0,4,0,2,0,0,0,0,2,1,1,1,28,6,1781,1,13,4,1,4
2017010044758,1,9,0,16,9,0,1,0,7,10,1,1,6,2,45,7,1997,1,8,8,1,8
2017010044759,1,9,0,4,0,1,0,0,0,0,4,1,6,2,33,6,1997,1,4,2,1,2
2017010044759,2,1,0,15,0,1,0,4,0,0,1,1,2,2,29,6,-1,-1,-1,6,1,6
2017010044760,1,8,0,18,0,1,0,0,0,0,3,2,1,1,62,9,1998,2,4,3,1,3
2017010044760,2,9,0,5,0,1,0,0,0,0,1,2,6,1,40,7,2998,1,-1,2,1,2
2017010044761,1,5,0,12,0,3,0,0,0,0,4,1,2,2,30,6,-1,-1,-1,4,1,4
2017010044761,2,9,0,5,0,4,0,0,0,0,3,1,2,1,21,5,1229,1,2,3,1,3
2017010044764,1,8,0,10,0,8,0,0,0,0,1,1,1,1,36,7,1598,2,3,6,1,6
2017010044764,2,3,0,14,0,8,0,0,0,0,1,1,1,1,18,4,108,1,3,4,1,4
2017010044766,1,9,0,4,0,2,0,0,0,0,1,1,6,2,43,7,1999,1,10,3,1,3
2017010044766,2,9,0,18,0,1,0,0,3,0,1,1,6,1,-1,-1,1797,8,6,-1,-1,-1
2017010044768,1,9,0,18,0,2,0,4,0,0,3,1,6,1,23,5,1497,1,13,2,1,2
2017010044768,2,9,0,6,0,2,0,0,0,0,4,1,6,1,17,4,1398,1,5,3,1,3
2017010044768,3,9,0,2,0,2,0,0,1,1,3,1,6,3,-1,-1,-1,-1,-1,-1,-1,-1
2017010044769,1,9,0,9,0,2,0,0,0,0,1,1,2,1,30,6,1390,1,11,9,1,9
2017010044770,1,9,0,13,0,0,0,0,0,0,1,1,6,1,32,6,1968,2,10,3,1,3
2017010044771,1,9,0,18,0,2,0,0,0,0,1,1,6,1,72,10,1600,1,19,10,1,10
2017010044771,2,19,0,3,0,2,0,0,0,0,1,1,1,1,50,8,3198,2,2,7,1,7
2017010044773,1,9,0,18,0,8,0,0,0,0,1,1,6,1,27,6,1388,1,7,6,1,6
2017010044773,2,9,0,9,0,8,0,0,0,0,3,1,6,2,22,5,1995,2,4,4,1,4
2017010044774,1,9,0,18,0,0,0,0,0,0,1,1,6,2,50,8,-1,-1,-1,3,1,3
2017010044776,1,11,0,5,0,1,0,0,0,0,0,1,1,1,36,7,4500,2,1,4,1,4
2017010044778,1,3,0,3,0,1,0,0,0,0,2,1,1,1,32,6,108,1,1,4,1,4
2017010044778,2,9,0,18,0,1,0,0,0,0,1,1,6,1,72,10,2494,1,16,7,1,7
2017010044779,1,9,0,18,0,2,0,0,0,0,1,1,6,1,24,5,1896,2,14,3,1,3
2017010044784,1,9,0,12,0,2,0,0,0,0,2,1,2,1,50,8,-1,-1,-1,-1,-1,-1
2017010044784,2,5,0,18,0,7,0,0,0,0,1,1,2,1,28,6,600,1,16,2,1,2
2017010044786,1,9,0,18,0,1,0,4,0,0,1,1,6,1,23,5,2720,2,11,3,1,3
2017010044786,2,9,0,2,0,1,0,0,0,0,4,1,6,3,-1,-1,2993,2,9,-1,-1,-1
2017010044786,3,9,0,2,0,1,0,0,0,0,4,1,6,3,-1,-1,1397,1,27,-1,-1,-1
2017010044786,4,9,0,2,0,1,0,0,1,10,3,1,6,3,-1,-1,2400,2,-1,-1,-1,-1
2017010044786,5,9,0,2,0,1,0,0,0,0,0,1,6,3,-1,-1,1240,1,13,-1,-1,-1
2017010044787,1,1,0,5,0,0,0,0,0,0,1,1,1,1,30,6,-1,-1,-1,5,1,5
2017010044788,1,11,0,18,0,2,0,0,0,0,1,1,1,1,55,8,9360,2,6,5,1,5
2017010044788,2,9,0,18,0,2,0,0,0,0,1,1,6,1,29,6,1995,2,1,4,1,4
2017010044789,1,11,0,5,0,0,0,0,0,0,4,1,1,1,61,9,9360,2,5,5,1,5
2017010044790,1,9,0,18,0,1,0,7,0,0,1,1,6,2,25,5,2148,2,9,4,1,4
2017010044791,1,9,0,4,0,1,0,0,0,0,0,1,6,1,59,9,1997,1,14,5,1,5
2017010044791,2,1,0,18,0,1,0,8,0,0,1,1,6,1,33,6,-1,-1,-1,3,1,3
2017010044792,1,9,0,18,0,0,0,0,0,0,1,1,6,1,27,6,1206,1,8,3,1,3
2017010044792,2,9,0,18,0,0,0,0,0,0,2,1,6,1,22,5,1198,1,4,10,1,10
2017010044792,3,9,0,18,0,0,5,0,0,0,1,1,6,1,69,10,1198,1,1,9,1,9
2017010044793,1,21,0,16,0,6,0,0,0,0,3,1,1,1,34,6,5900,2,10,3,1,3
2017010044793,2,9,0,16,0,6,0,0,1,0,3,1,6,1,26,6,1995,2,10,8,1,8
2017010044794,1,8,0,1,0,7,0,0,0,0,2,1,1,1,33,6,1797,8,7,2,1,2
2017010044795,1,9,0,15,0,0,1,0,0,0,1,1,2,2,18,4,1124,1,9,3,1,3
2017010044796,1,9,0,6,0,1,0,0,0,0,2,1,6,1,41,7,1368,1,1,2,1,2
2017010044796,2,9,0,18,0,1,0,0,0,0,1,1,6,2,43,7,1299,1,16,5,1,5
2017010044797,1,8,0,4,0,0,0,0,0,0,4,1,1,1,53,8,1956,2,4,2,1,2
2017010044797,2,1,0,18,0,0,0,8,0,0,4,1,6,1,53,8,-1,-1,-1,4,1,4
2017010044800,1,9,0,7,0,0,0,0,0,0,2,1,6,1,59,9,3246,1,13,6,1,6
2017010044800,2,9,0,18,0,0,0,0,0,0,1,1,6,1,72,10,1797,8,4,3,1,3
2017010044802,1,9,0,18,9,0,0,0,1,3,1,1,6,2,64,9,1248,1,4,10,1,10
2017010044804,1,9,0,18,0,8,0,0,0,0,1,1,6,1,51,8,2231,2,2,2,1,2
2017010044804,2,9,0,3,0,8,0,0,0,0,2,1,6,2,72,10,1461,2,4,8,2,8
2017010044804,3,11,0,3,2,8,0,0,0,0,0,1,1,1,55,8,4500,2,7,5,1,5
2017010044804,4,5,0,18,0,8,5,0,1,2,1,1,6,1,32,6,1085,1,22,2,1,2
2017010044804,5,9,0,2,0,8,0,0,0,0,2,1,6,3,-1,-1,1497,8,9,-1,-1,-1
2017010044805,1,5,0,18,0,8,0,0,0,0,1,1,6,1,22,5,599,1,8,2,1,2
2017010044805,2,9,0,9,0,8,0,0,0,0,1,1,6,2,69,10,1590,1,16,2,1,2
2017010044806,1,19,0,9,0,5,0,0,0,0,3,1,1,1,31,6,2143,2,3,4,1,4
2017010044806,2,3,0,13,0,8,0,0,0,0,1,1,6,1,36,7,108,1,3,2,1,2
2017010044808,1,9,0,18,0,0,0,4,0,0,1,1,6,2,81,11,1975,2,23,7,1,7
2017010044808,2,9,0,2,0,0,0,0,0,0,2,1,6,3,-1,-1,1798,1,2,-1,-1,-1
2017010044809,1,9,0,18,0,2,0,0,0,0,3,1,6,2,20,4,1229,1,2,4,1,4
2017010044809,2,9,0,9,0,6,0,0,0,0,0,1,6,1,27,6,1395,1,1,3,1,3
2017010044810,1,9,0,4,0,2,0,0,0,0,1,1,6,1,21,5,1600,1,13,1,1,1
2017010044811,1,9,0,9,0,2,5,0,0,0,4,1,6,1,19,4,1199,1,13,3,1,3
2017010044811,2,9,0,3,6,2,0,0,0,0,0,1,6,1,20,4,1896,2,15,4,1,4
2017010044811,3,9,0,2,6,2,0,0,0,0,0,1,6,3,-1,-1,1997,2,10,-1,-1,-1
2017010044812,1,9,0,10,0,6,0,0,0,0,3,1,6,2,47,8,1364,1,3,8,1,8
2017010044812,2,9,0,18,0,1,0,0,0,0,4,1,6,1,53,8,2099,1,14,3,1,3
2017010044814,1,9,0,4,0,2,0,0,0,0,2,1,6,2,42,7,1390,1,10,10,1,10
2017010044814,2,9,0,5,0,2,0,0,0,0,1,1,6,2,27,6,1390,1,12,10,1,10
2017010044814,3,9,0,4,0,2,0,0,0,0,2,1,6,1,17,4,1242,1,7,10,1,10
2017010044815,1,9,0,18,0,2,1,4,0,0,1,1,6,1,37,7,3456,8,4,9,1,9
2017010044815,2,9,0,3,0,2,0,4,0,0,2,1,6,1,35,6,1968,2,10,9,1,9
2017010044815,3,9,0,3,0,2,0,0,0,0,2,1,6,1,39,7,1248,1,-1,-1,-1,-1
2017010044815,4,9,0,8,0,2,0,4,0,0,1,1,6,2,36,7,2967,2,3,5,1,5
2017010044815,5,9,0,2,0,2,0,0,0,0,3,1,6,3,-1,-1,1995,2,5,-1,-1,-1
2017010044815,6,9,0,3,0,1,0,0,0,0,1,1,6,1,54,8,1248,2,-1,7,1,7
2017010044815,7,19,0,3,0,1,0,0,0,0,1,1,6,1,44,7,2143,2,3,2,1,2
2017010044815,8,9,0,3,0,1,0,0,0,0,3,1,6,1,33,6,2993,2,7,8,1,8
2017010044815,9,9,0,3,0,1,0,0,0,0,1,1,6,1,33,6,1598,2,-1,4,1,4
2017010044817,1,9,0,18,0,0,0,0,0,0,1,1,6,3,-1,-1,-1,-1,-1,-1,-1,-1
2017010044818,1,9,0,18,0,0,1,0,0,0,0,1,6,1,24,5,1596,1,15,2,1,2
2017010044819,1,9,0,15,0,1,0,0,0,0,3,1,6,1,30,6,1956,2,2,1,1,1
2017010044819,2,9,0,17,0,1,0,0,0,0,3,1,6,2,41,7,1560,2,8,4,1,4
2017010044820,1,9,0,9,0,8,0,0,0,0,0,1,6,1,20,4,1997,2,14,1,1,1
2017010044821,1,9,0,18,0,6,5,4,0,0,1,1,2,2,42,7,1388,1,6,4,1,4
2017010044821,2,9,0,2,0,6,0,0,0,0,2,1,6,3,-1,-1,1950,2,-1,-1,-1,-1
2017010044822,1,9,0,4,0,0,0,0,0,0,4,1,6,1,29,6,1798,8,1,2,1,2
2017010044822,2,9,0,11,0,0,0,0,0,0,1,1,6,1,22,5,1229,1,10,4,1,4
2017010044822,3,9,0,4,0,0,0,0,0,0,0,1,6,1,27,6,2143,2,5,7,1,7
2017010044822,4,9,0,18,0,0,0,0,0,0,0,1,1,1,37,7,1499,2,2,-1,-1,-1
2017010044823,1,9,0,18,0,8,0,0,0,0,4,1,6,1,53,8,1596,1,12,2,1,2
2017010044823,2,9,0,18,0,8,0,0,0,0,1,1,6,1,26,6,1364,1,1,1,1,1
2017010044824,1,9,0,18,0,8,0,11,7,10,1,1,2,1,59,9,-1,-1,-1,5,1,5
2017010044824,2,9,0,2,0,1,0,0,0,0,2,1,6,3,-1,-1,1124,1,13,-1,-1,-1
2017010044825,1,90,0,18,0,8,0,0,0,0,1,1,6,2,55,8,-1,-1,-1,2,1,2
2017010044827,1,1,0,4,0,1,0,0,0,0,0,1,6,1,20,4,-1,-1,-1,-1,-1,-1
2017010044828,1,9,0,18,0,2,0,0,0,0,4,1,6,1,28,6,6752,1,2,1,1,1
2017010044829,1,3,0,15,0,2,0,0,0,0,2,1,6,3,-1,-1,-1,-1,-1,-1,-1,-1
2017010044829,2,1,0,18,0,2,0,0,0,0,2,1,6,2,24,5,-1,-1,-1,1,1,1
2017010044830,1,11,0,4,0,0,0,0,0,0,0,1,6,1,26,6,6700,2,5,5,1,5
2017010044831,1,3,0,18,0,0,0,0,0,0,3,1,1,1,39,7,108,1,2,2,1,2
2017010044831,2,9,0,14,0,0,0,0,0,0,1,1,6,2,25,5,1995,2,1,3,1,3
2017010044832,1,9,0,4,0,0,0,0,0,0,2,1,6,1,33,6,1796,1,10,9,1,9
2017010044832,2,9,0,18,0,0,0,0,0,0,1,1,6,1,27,6,1360,1,10,6,1,6
2017010044833,1,11,0,18,0,1,0,0,0,0,1,1,1,1,45,7,-1,3,1,2,1,2
2017010044834,1,9,0,18,9,0,2,10,1,3,1,1,6,1,38,7,2400,2,8,9,1,9
2017010044838,1,9,0,6,0,1,0,0,0,0,3,1,6,1,26,6,1968,2,4,7,1,7
2017010044838,2,2,0,18,0,1,0,0,0,0,1,1,2,1,37,7,299,1,2,-1,-1,-1
2017010044840,1,9,0,18,0,0,0,4,0,0,1,1,6,1,28,6,1242,1,2,5,1,5
2017010044840,2,19,0,18,9,0,0,0,0,0,2,1,6,1,47,8,1598,2,3,5,1,5