Accident_Index,Vehicle_Reference,Vehicle_Type,Towing_and_Articulation,Vehicle_Manoeuvre,Vehicle_Location-Restricted_Lane,Junction_Location,Skidding_and_Overturning,Hit_Object_in_Carriageway,Vehicle_Leaving_Carriageway,Hit_Object_off_Carriageway,1st_Point_of_Impact,Was_Vehicle_Left_Hand_Drive?,Journey_Purpose_of_Driver,Sex_of_Driver,Age_of_Driver,Age_Band_of_Driver,Engine_Capacity_(CC),Propulsion_Code,Age_of_Vehicle,Driver_IMD_Decile,Driver_Home_Area_Type,Vehicle_IMD_Decile
2017010045571,2,1,0,18,4,8,0,0,0,0,1,1,2,2,46,8,-1,-1,-1,4,1,4
2017010045575,1,9,0,9,0,8,0,0,0,0,4,-1,6,2,-1,-1,1598,1,15,2,1,2
2017010045575,2,1,0,18,0,8,0,-1,0,0,1,1,6,2,28,6,-1,-1,-1,2,1,2
2017010045579,1,9,0,9,0,0,0,0,0,0,1,1,6,2,36,7,2360,1,15,1,1,1
2017010045579,2,1,0,16,0,0,0,0,0,0,4,1,6,1,27,6,-1,-1,-1,4,1,4
2017010045581,1,1,0,18,0,0,0,-1,-1,-1,-1,1,6,1,37,7,-1,-1,-1,6,1,6
2017010045581,2,9,0,-1,0,0,0,-1,0,0,-1,-1,6,1,55,8,1248,2,11,7,1,7
2017010045582,1,1,0,18,0,1,-1,0,0,0,1,1,6,1,26,6,-1,-1,-1,3,1,3
2017010045582,2,9,-1,-1,0,-1,-1,0,0,0,-1,-1,6,3,-1,-1,1595,1,14,-1,-1,-1
2017010045588,1,1,0,18,0,1,0,0,0,0,1,1,6,1,25,5,-1,-1,-1,2,1,2
2017010045589,1,9,-1,3,0,1,0,0,0,0,2,-1,6,1,39,7,1997,2,6,2,1,2
2017010045589,2,9,0,-1,0,-1,0,0,0,0,1,-1,6,3,-1,-1,1598,2,4,-1,-1,-1
2017010045591,1,1,0,18,0,1,0,0,0,0,1,1,6,2,32,6,-1,-1,-1,3,1,3
2017010045591,2,90,0,18,0,1,0,0,0,0,1,-1,6,1,-1,-1,-1,-1,-1,3,1,3
2017010045594,1,1,0,14,0,0,0,0,0,0,0,1,6,2,38,7,-1,-1,-1,3,1,3
2017010045598,1,3,-1,-1,-1,0,-1,-1,-1,-1,-1,1,6,1,55,8,124,1,7,2,1,2
2017010045598,2,9,-1,-1,-1,0,-1,-1,-1,-1,-1,-1,6,1,-1,-1,1796,1,10,-1,-1,-1
2017010045609,1,9,0,16,0,1,0,0,0,0,1,1,6,2,27,6,1596,1,25,3,1,3
2017010045611,1,9,0,4,0,0,0,0,0,0,2,1,6,2,36,7,1197,1,1,3,1,3
2017010045611,2,9,0,18,0,0,0,0,0,0,1,1,6,3,-1,-1,1968,2,10,-1,-1,-1
2017010045614,1,9,0,3,0,1,0,0,0,0,4,1,6,1,44,7,2143,2,1,-1,-1,-1
2017010045614,2,2,0,5,0,1,0,0,0,0,1,1,6,1,25,5,125,1,8,1,1,1
2017010045618,1,19,0,3,0,8,0,0,0,0,2,-1,6,1,36,7,1998,2,16,3,1,3
2017010045618,2,20,0,18,0,8,0,0,0,0,1,-1,6,1,-1,-1,2998,2,10,-1,-1,-1
2017010045620,1,19,0,14,0,1,0,0,0,0,3,1,6,1,39,7,2402,2,10,4,1,4
2017010045620,2,2,0,13,0,1,0,0,0,0,4,1,2,2,58,9,278,1,1,9,1,9
2017010045625,1,9,0,4,0,8,-1,0,0,0,4,1,6,1,-1,-1,1753,2,8,-1,-1,-1
2017010045626,1,11,0,18,0,0,0,0,0,0,1,1,3,1,55,8,8268,2,15,4,1,4
2017010045628,1,9,0,10,0,1,0,-1,0,0,2,1,6,2,40,7,2362,1,14,7,1,7
2017010045629,1,9,5,3,-1,0,-1,-1,-1,-1,-1,-1,6,2,38,7,1390,1,7,-1,-1,-1
2017010045634,1,1,0,18,0,1,0,0,0,0,1,1,2,1,45,7,-1,-1,-1,3,3,3
2017010045634,2,9,0,18,0,1,0,0,0,0,1,1,6,3,-1,-1,1242,1,8,-1,-1,-1
2017010045635,1,9,0,5,0,0,0,0,0,0,1,1,6,2,35,6,1999,2,2,7,1,7
2017010045635,2,3,0,18,0,0,0,0,0,0,1,1,6,1,27,6,124,1,8,4,1,4
2017010045638,1,9,0,3,0,-1,0,0,0,0,2,1,6,2,28,6,1598,1,7,-1,-1,-1
2017010045638,2,9,0,18,0,1,0,-1,0,0,1,1,6,2,-1,-1,1968,2,5,4,1,4
2017010045639,1,1,0,18,0,1,0,0,0,0,0,1,2,1,35,6,-1,-1,-1,8,1,8
2017010045639,2,19,0,9,0,5,0,0,0,0,0,1,1,1,41,7,1461,2,2,3,1,3
2017010045641,1,9,0,18,0,2,1,10,7,2,1,1,1,1,45,7,-1,-1,-1,2,1,2
2017010045653,1,21,0,5,0,0,0,0,0,0,1,1,1,1,56,9,9290,2,7,3,1,3
2017010045654,1,3,0,13,0,1,0,0,0,0,4,1,6,1,40,7,125,1,1,2,1,2
2017010045654,2,9,0,9,0,5,0,0,0,0,4,1,6,1,48,8,2143,2,5,1,1,1
2017010045655,1,11,1,18,0,0,0,0,0,0,0,1,1,1,37,7,4500,2,-1,3,1,3
2017010045659,1,4,0,7,9,2,1,10,1,10,1,1,6,1,14,3,125,1,11,-1,-1,-1
2017010045659,2,9,0,7,0,2,0,0,0,0,0,1,1,1,25,5,1984,2,3,4,1,4
2017010045664,1,8,0,9,0,2,0,0,0,0,1,1,6,3,-1,-1,1968,2,5,-1,-1,-1
2017010045664,2,1,0,17,0,2,0,0,1,0,1,1,2,1,58,9,-1,-1,-1,5,1,5
2017010045666,1,9,0,18,0,0,0,0,0,0,1,1,6,1,24,5,1595,1,9,2,1,2
2017010045666,2,9,0,18,0,0,0,0,0,0,2,1,6,1,47,8,1995,2,14,6,1,6
2017010045666,3,9,0,18,0,0,0,0,0,0,2,1,6,1,22,5,1339,1,10,5,1,5
2017010045666,4,9,0,4,0,0,0,0,0,0,0,1,6,1,47,8,1988,2,13,7,1,7
2017010045667,1,3,0,18,0,0,-1,0,0,0,-1,1,1,1,28,6,108,1,5,2,1,2
2017010045667,2,8,0,9,0,0,-1,0,0,0,1,-1,6,3,-1,-1,1997,2,1,-1,-1,-1
2017010045685,1,9,0,18,0,1,0,0,0,0,1,1,1,1,45,7,2993,2,1,3,1,3
2017010045685,2,9,0,3,0,1,0,0,0,0,3,1,6,2,39,7,1461,2,1,3,1,3
2017010045685,3,9,0,18,0,1,0,0,0,0,4,1,6,1,25,5,1388,1,16,-1,-1,-1
2017010045687,1,9,-1,-1,0,0,-1,0,0,0,2,-1,6,2,36,7,1796,1,10,3,1,3
2017010045687,2,9,-1,-1,0,0,-1,0,0,0,1,-1,6,1,-1,-1,2979,1,16,-1,-1,-1
2017010045688,1,9,0,18,0,1,0,0,0,0,1,-1,6,2,29,6,2995,1,13,3,1,3
2017010045693,1,9,0,17,0,2,0,10,0,0,3,1,1,1,43,7,-1,-1,-1,5,1,5
2017010045702,1,9,0,9,0,8,0,0,0,0,1,1,6,1,32,6,1124,1,11,5,1,5
2017010045702,2,3,0,18,0,8,0,0,0,0,3,1,1,1,24,5,125,1,6,5,1,5
2017010045704,1,9,0,1,-1,0,0,0,-1,0,2,-1,6,3,-1,-1,1560,2,2,-1,-1,-1
2017010045705,1,1,0,18,0,1,0,0,0,0,3,1,6,1,28,6,-1,-1,-1,1,1,1
2017010045705,2,19,0,7,0,1,0,0,0,0,1,1,6,1,-1,-1,1461,2,4,-1,-1,-1
2017010045709,1,9,-1,-1,-1,8,-1,0,0,0,1,-1,6,3,-1,-1,-1,-1,-1,-1,-1,-1
2017010045711,1,19,0,18,0,1,0,0,0,0,1,1,6,2,46,8,-1,-1,-1,1,1,1
2017010045711,2,9,0,9,0,1,0,0,0,0,1,1,6,1,-1,-1,1198,1,14,2,1,2
2017010045719,1,2,0,7,0,2,0,0,0,0,3,1,1,1,41,7,-1,-1,-1,6,1,6
2017010045720,1,9,0,3,2,2,0,0,0,0,2,1,6,1,49,8,-1,-1,-1,4,1,4
2017010045720,2,9,0,18,2,2,0,0,0,0,2,1,6,2,25,5,1364,1,10,5,1,5
2017010045720,3,9,0,7,0,2,0,0,0,0,1,2,6,1,57,9,-1,-1,-1,-1,-1,-1
2017010045721,1,19,0,18,0,2,0,0,0,0,1,1,1,1,67,10,2143,2,1,3,1,3
2017010045722,1,9,0,18,0,0,0,0,0,0,1,1,6,1,56,9,2179,2,9,1,1,1
2017010045723,1,9,0,7,0,8,0,0,0,0,1,1,6,1,54,8,1796,1,9,2,1,2
2017010045723,2,1,0,18,0,8,0,0,0,0,3,1,2,1,24,5,-1,-1,-1,3,1,3
2017010045727,1,4,0,18,0,0,2,0,0,0,4,1,2,1,41,7,125,1,2,2,1,2
2017010045727,2,9,0,12,0,0,0,0,0,0,3,1,6,1,41,7,1968,2,1,3,1,3
2017010045728,1,9,0,2,9,0,0,0,0,0,0,1,6,3,-1,-1,1587,1,15,-1,-1,-1
2017010045728,2,9,0,18,0,0,0,0,0,0,2,1,6,2,63,9,1796,1,11,5,1,5
2017010045728,3,9,0,18,0,0,0,0,0,0,1,1,6,2,48,8,2793,1,19,3,1,3
2017010045729,1,19,0,5,0,0,0,0,0,0,1,1,2,1,28,6,1995,2,4,6,1,6
2017010045733,1,8,0,6,0,8,0,4,0,0,2,1,1,1,51,8,-1,-1,-1,1,1,1
2017010045733,2,1,0,4,0,1,0,0,0,0,3,1,1,1,30,6,-1,-1,-1,2,1,2
2017010045735,1,4,0,18,0,1,1,0,0,0,4,1,6,1,19,4,124,1,11,1,1,1
2017010045736,1,11,0,18,0,0,0,0,0,0,0,1,1,1,54,8,4500,2,1,6,1,6
2017010045736,2,9,0,9,0,0,0,0,0,0,0,1,6,3,-1,-1,-1,-1,-1,-1,-1,-1
2017010045737,1,2,0,4,0,0,0,0,0,0,1,1,6,1,36,7,125,1,2,2,1,2
2017010045737,2,8,0,5,0,0,0,0,0,0,1,1,1,1,47,8,2231,2,10,2,1,2
2017010045738,1,9,0,18,9,4,0,0,0,0,2,1,6,1,19,4,1198,1,7,4,1,4
2017010045738,2,9,0,18,9,1,0,0,0,0,1,1,6,1,27,6,1595,1,-1,2,1,2
2017010045740,1,9,0,5,0,3,0,0,0,0,1,1,1,1,52,8,1798,8,3,6,1,6
2017010045740,2,1,0,18,9,5,0,0,0,0,0,1,6,1,31,6,-1,-1,-1,5,1,5
2017010045741,1,1,0,18,2,8,0,0,0,0,1,1,1,2,31,6,-1,-1,-1,2,1,2
2017010045741,2,9,0,7,0,1,0,0,0,0,1,1,6,1,47,8,1968,2,3,1,1,1
2017010045742,1,9,0,9,0,0,0,0,0,0,1,1,6,1,56,9,1995,2,13,6,1,6
2017010045742,2,3,0,18,0,0,0,0,0,0,1,1,1,2,25,5,124,1,5,2,1,2
2017010045745,1,9,-1,-1,-1,-1,-1,0,0,0,1,-1,6,3,-1,-1,-1,-1,-1,-1,-1,-1
2017010045747,1,1,0,18,0,1,5,0,0,0,1,1,2,1,43,7,-1,-1,-1,3,1,3
2017010045747,2,9,0,2,0,1,0,0,0,0,4,1,6,3,-1,-1,1390,1,8,-1,-1,-1
2017010045748,1,19,0,1,0,6,0,0,0,0,2,1,1,1,20,4,2287,2,2,5,1,5
2017010045748,2,9,0,3,0,8,0,0,0,0,2,2,6,2,20,4,1199,2,5,-1,-1,-1
2017010045749,1,9,0,9,0,8,0,0,0,0,4,1,6,2,29,6,1995,2,5,8,1,8
2017010045749,2,9,0,18,0,8,0,0,0,0,1,1,6,1,20,4,1461,2,-1,-1,-1,-1
2017010045750,1,4,0,13,0,8,0,0,1,0,1,1,2,1,33,6,125,1,3,-1,-1,-1
2017010045750,2,9,0,6,0,8,0,0,0,0,3,1,6,1,-1,-1,-1,-1,-1,6,1,6
2017010045752,1,8,0,18,0,8,0,0,0,0,1,1,1,1,40,7,2499,2,10,8,1,8
2017010045752,2,8,0,10,0,8,0,0,0,0,4,1,1,1,55,8,2402,2,15,3,1,3
2017010045753,1,9,0,9,0,2,0,0,0,0,1,1,6,1,43,7,1956,2,1,3,1,3
2017010045753,2,9,0,9,0,8,0,0,4,6,1,1,6,1,18,4,2993,2,13,5,1,5
2017010045754,1,11,0,4,0,1,0,0,0,0,0,1,1,1,25,5,4500,2,2,3,1,3
2017010045755,1,9,0,16,0,1,0,0,0,0,3,1,6,1,25,5,2000,1,11,2,1,2
2017010045755,2,2,0,18,0,2,0,0,0,0,4,1,6,1,18,4,124,1,3,2,1,2
2017010045756,1,9,0,18,9,1,0,7,1,10,1,1,6,1,22,5,1995,1,7,9,1,9
2017010045757,1,9,0,3,0,1,0,0,0,0,1,1,6,3,-1,-1,2494,8,1,-1,-1,-1
2017010045757,2,19,0,3,0,1,0,0,0,0,0,1,1,1,25,5,2143,2,2,2,1,2
2017010045757,3,9,0,4,0,2,0,0,0,0,3,1,2,2,58,9,1762,1,18,2,1,2
2017010045758,1,3,0,18,0,6,0,0,0,0,1,1,6,1,16,4,125,1,3,-1,-1,-1
2017010045758,2,9,0,18,0,1,0,0,0,0,4,1,2,1,36,7,-1,-1,-1,5,1,5
2017010045759,1,9,0,9,0,8,0,0,0,0,4,1,6,1,19,4,1598,1,11,6,1,6
2017010045759,2,1,0,18,0,8,2,0,0,0,1,1,6,1,42,7,-1,-1,-1,5,1,5
2017010045760,1,9,0,5,0,2,0,0,0,0,1,1,6,2,26,6,1461,2,1,1,1,1
2017010045760,2,1,0,18,4,2,5,0,0,0,4,1,2,1,31,6,-1,-1,-1,4,1,4
2017010045761,1,9,0,9,0,8,0,0,0,0,3,1,6,2,45,7,1798,1,9,2,1,2
2017010045761,2,1,0,18,0,8,0,0,0,0,1,1,6,1,55,8,-1,-1,-1,8,1,8
2017010045762,1,9,0,18,0,1,0,0,0,0,1,1,6,1,51,8,1108,1,8,2,1,2
2017010045762,2,9,0,3,0,1,0,0,0,0,2,1,6,2,31,6,1229,1,10,-1,-1,-1
2017010045762,3,9,0,3,0,1,0,0,0,0,2,1,2,2,51,8,4367,2,6,10,3,10
2017010045762,4,9,0,2,0,2,0,0,0,0,2,1,6,3,-1,-1,1587,1,12,-1,-1,-1
2017010045763,1,9,0,4,0,1,0,0,0,0,1,1,2,1,26,6,1598,1,10,4,1,4
2017010045763,2,9,0,18,0,1,0,0,0,0,1,1,6,1,26,6,1390,1,16,2,1,2
2017010045765,1,1,0,18,0,1,0,0,0,0,2,1,6,1,30,6,-1,-1,-1,2,1,2
2017010045765,2,19,-1,-1,0,1,-1,0,0,0,3,-1,1,1,-1,-1,2287,2,9,-1,-1,-1
2017010045766,1,9,0,9,0,8,0,0,0,0,1,1,6,1,18,4,1600,1,12,5,1,5
2017010045766,2,9,0,18,0,8,0,0,0,0,1,1,1,1,60,9,1299,1,16,3,1,3
2017010045768,1,1,0,18,0,1,0,0,0,0,4,1,6,1,28,6,-1,-1,-1,7,1,7
2017010045768,2,9,0,5,0,1,0,0,0,0,1,1,2,1,27,6,999,1,1,3,1,3
2017010045769,1,9,0,18,0,2,0,0,0,0,1,1,6,1,18,4,1364,1,8,6,1,6
2017010045769,2,9,0,18,0,1,0,0,0,0,1,1,6,2,22,5,999,1,2,6,1,6
2017010045769,3,9,0,2,9,1,0,0,0,0,1,1,6,3,-1,-1,1998,2,10,-1,-1,-1
2017010045770,1,9,0,8,0,1,0,0,0,0,1,1,6,2,56,9,1364,1,9,3,1,3
2017010045772,1,9,0,18,0,0,0,0,0,0,1,1,1,1,34,6,2143,2,-1,2,1,2
2017010045774,1,8,0,3,0,1,0,0,0,0,2,1,1,1,65,9,1797,8,8,4,1,4
2017010045774,2,9,0,18,0,1,0,0,0,0,1,1,6,2,25,5,1398,1,2,8,1,8
2017010045775,1,3,0,18,0,1,0,0,0,0,1,1,1,1,19,4,125,1,-1,1,1,1
2017010045776,1,8,0,18,0,8,0,0,0,0,3,1,6,1,50,8,1797,8,6,4,1,4
2017010045776,2,9,0,7,0,8,0,0,0,0,1,1,6,3,-1,-1,1398,1,2,-1,-1,-1
2017010045778,1,9,0,14,0,1,0,0,0,0,3,1,6,1,27,6,1798,1,2,10,2,10
2017010045780,1,3,0,14,0,1,0,0,0,0,1,1,6,1,49,8,125,1,9,2,1,2
2017010045781,1,9,0,18,0,4,0,0,0,0,1,1,6,1,61,9,1798,1,12,5,1,5
2017010045781,2,1,0,18,0,4,0,0,0,0,4,1,2,1,38,7,-1,-1,-1,7,1,7
2017010045782,1,5,0,18,0,1,0,0,0,0,0,1,2,1,28,6,599,1,8,2,1,2
2017010045782,2,9,0,9,0,8,0,0,0,0,0,1,6,2,-1,-1,-1,-1,-1,-1,-1,-1
2017010045783,1,9,0,18,0,1,0,0,0,0,2,1,6,2,41,7,3498,1,13,9,1,9
2017010045783,2,9,0,18,0,1,0,0,0,0,1,1,6,2,66,10,1368,1,3,-1,-1,-1
2017010045791,1,9,0,4,0,0,0,0,0,0,1,1,1,1,34,6,1396,1,8,4,1,4
2017010045792,1,9,0,18,0,0,0,0,0,0,0,1,2,1,19,4,-1,3,2,6,1,6
2017010045792,2,5,0,18,0,0,0,0,0,0,4,1,2,1,55,8,599,1,20,5,1,5
2017010045796,1,5,0,18,0,8,1,0,0,0,0,1,6,1,28,6,599,1,6,-1,-1,-1
2017010045796,2,19,0,5,0,8,0,0,0,0,-1,-1,6,1,-1,-1,1499,2,1,9,1,9
2017010045799,1,1,0,18,0,5,0,0,0,0,4,1,6,1,33,6,-1,-1,-1,3,1,3
2017010045799,2,9,0,7,0,8,0,0,0,0,-1,1,6,2,-1,-1,-1,-1,-1,-1,-1,-1
2017010045805,1,9,0,5,0,0,0,0,0,0,1,1,3,1,52,8,1984,1,9,6,1,6
2017010045808,1,9,0,3,0,0,0,0,0,0,2,1,6,2,38,7,2979,1,8,2,1,2
2017010045808,2,9,0,18,0,0,0,0,0,0,1,1,6,1,-1,-1,-1,-1,-1,-1,-1,-1
2017010045811,1,3,0,18,0,0,0,0,0,0,1,1,6,1,25,5,-1,-1,-1,1,1,1
2017010045816,1,9,0,18,0,0,0,0,0,0,4,-1,6,3,-1,-1,-1,-1,-1,-1,-1,-1
2017010045816,2,1,0,18,0,0,0,0,0,0,1,1,6,1,29,6,-1,-1,-1,3,1,3
2017010045821,1,10,0,18,0,0,0,0,0,0,2,-1,6,1,52,8,-1,-1,-1,6,1,6
2017010045821,2,90,-1,18,0,0,0,0,0,0,1,-1,6,1,-1,-1,-1,-1,-1,-1,-1,-1
2017010045821,3,9,-1,12,0,0,0,0,0,0,0,-1,6,1,-1,-1,1968,2,6,3,1,3
2017010045823,1,1,-1,-1,-1,-1,-1,-1,-1,-1,-1,1,6,1,45,7,-1,-1,-1,7,1,7
2017010045823,2,9,-1,-1,-1,-1,-1,-1,-1,-1,-1,-1,6,2,26,6,1496,2,3,7,1,7
2017010045825,1,9,0,3,0,1,0,0,0,0,2,1,6,2,35,6,2967,2,3,4,1,4
2017010045825,2,9,0,18,0,1,0,0,0,0,1,1,6,1,-1,-1,1796,1,14,3,1,3
2017010045828,1,4,0,10,0,1,0,0,0,0,3,1,2,1,29,6,499,1,12,2,1,2
2017010045828,2,3,0,13,0,1,0,0,0,0,1,1,6,1,-1,-1,125,1,1,-1,-1,-1
2017010045829,1,9,0,4,0,1,0,0,0,0,2,-1,6,1,27,6,1995,2,1,5,1,5
2017010045829,2,9,-1,4,-1,-1,-1,-1,-1,-1,-1,1,6,3,-1,-1,1968,2,6,-1,-1,-1
2017010045838,1,9,0,3,0,0,0,0,0,0,2,-1,6,2,32,6,998,1,1,4,1,4
2017010045838,2,90,-1,18,0,0,0,0,0,0,1,-1,6,1,-1,-1,-1,-1,-1,7,2,7
2017010045840,1,9,0,18,0,0,0,0,0,0,1,1,6,1,77,11,1598,1,9,3,1,3
2017010045841,1,11,0,18,2,1,0,0,0,0,0,1,1,1,29,6,9000,2,11,1,1,1
2017010045843,1,3,0,18,0,0,1,0,0,0,1,1,6,1,33,6,-1,-1,-1,3,1,3
2017010045847,1,9,0,18,9,1,0,0,3,10,1,1,6,1,21,5,1995,2,5,2,1,2
2017010045849,1,19,0,8,0,5,0,0,1,0,4,1,1,1,36,7,1598,2,3,3,1,3
2017010045851,1,1,0,18,0,1,0,10,1,2,1,1,6,1,17,4,-1,-1,-1,6,1,6
2017010045853,1,9,0,18,2,1,0,0,0,0,3,1,2,2,54,8,1242,1,12,8,1,8
2017010045853,2,9,0,7,0,1,0,0,0,0,4,1,2,1,27,6,1596,1,11,6,1,6
2017010045856,1,1,0,15,0,1,0,0,1,0,1,1,2,1,27,6,-1,-1,-1,4,1,4
2017010045856,2,9,0,9,0,5,0,0,0,0,4,1,2,1,63,9,1597,1,22,6,1,6
2017010045857,1,19,0,18,0,0,0,0,0,0,-1,-1,6,1,-1,-1,2198,2,9,3,1,3
2017010045857,2,9,0,18,0,0,0,0,0,0,-1,-1,6,3,-1,-1,1686,2,13,-1,-1,-1
2017010045858,1,9,0,1,9,0,0,0,0,0,2,1,6,1,40,7,1956,2,4,4,1,4
2017010045861,1,9,0,18,0,0,0,0,0,0,3,1,6,2,73,10,1388,1,5,7,1,7
2017010045862,1,8,0,-1,0,1,0,-1,0,0,2,-1,1,1,53,8,2499,2,6,10,1,10
2017010045862,2,9,0,-1,0,1,0,-1,0,0,1,-1,6,3,-1,-1,1246,1,9,-1,-1,-1
2017010045863,1,11,0,18,0,1,0,0,0,0,4,1,1,1,43,7,4500,2,3,3,1,3
2017010045868,1,19,0,9,0,6,0,0,0,0,1,1,1,1,21,5,-1,-1,-1,10,2,10
2017010045868,2,3,0,18,0,1,0,0,0,0,1,1,1,1,52,8,125,1,12,1,1,1
2017010045869,1,11,0,18,0,2,0,0,0,0,0,1,1,2,49,8,5132,2,-1,4,1,4
2017010045869,2,19,0,13,0,2,0,0,0,0,0,1,6,3,-1,-1,-1,-1,-1,-1,-1,-1
2017010045871,1,9,0,10,0,4,0,0,0,0,2,1,6,1,34,6,998,1,17,3,1,3
2017010045871,2,9,0,9,0,4,0,0,0,0,1,1,6,1,37,7,-1,-1,-1,7,1,7
2017010045872,1,9,0,5,0,8,0,0,0,0,1,1,1,1,44,7,1950,2,-1,7,1,7
2017010045872,2,1,0,18,4,8,0,0,0,0,1,1,6,2,28,6,-1,-1,-1,4,1,4
2017010045875,1,9,0,9,0,1,0,0,0,0,1,1,6,1,36,7,1497,8,9,4,1,4
2017010045875,2,1,0,18,0,1,0,0,0,0,1,1,6,1,27,6,-1,-1,-1,3,1,3
2017010045876,1,9,0,18,2,0,0,0,0,0,1,1,2,1,37,7,1461,2,6,3,1,3
2017010045876,2,11,0,3,2,0,0,0,0,0,2,1,1,2,49,8,4500,2,2,3,1,3
2017010045882,1,9,0,18,0,8,1,0,0,0,1,1,6,3,-1,-1,-1,-1,-1,-1,-1,-1
2017010045882,2,1,0,5,5,8,0,0,0,0,4,1,6,1,20,4,-1,-1,-1,3,1,3
2017010045884,1,9,-1,10,-1,1,-1,-1,-1,-1,2,-1,6,2,45,7,1299,1,17,3,1,3
2017010045886,1,1,0,18,0,0,0,0,0,0,1,1,6,1,32,6,-1,-1,-1,3,1,3
2017010045886,2,9,-1,18,0,0,-1,0,0,0,-1,-1,6,1,-1,-1,1984,1,6,3,1,3
2017010045890,1,9,0,18,0,1,0,0,0,0,1,1,6,2,22,5,1229,1,9,3,1,3
2017010045890,2,9,0,10,0,1,0,0,0,0,2,1,6,1,29,6,1390,1,14,3,1,3
2017010045890,3,9,0,9,0,1,0,0,0,0,2,1,6,1,28,6,1596,1,11,2,1,2
2017010045893,1,1,0,5,0,8,5,0,0,0,2,1,2,1,50,8,-1,-1,-1,3,1,3
2017010045893,2,3,0,18,0,8,0,0,0,0,1,1,6,3,-1,-1,125,1,2,-1,-1,-1
2017010045894,1,3,0,14,0,0,0,0,0,0,1,1,2,1,29,6,124,1,-1,4,1,4
2017010045895,1,1,0,-1,0,0,0,-1,-1,-1,-1,1,6,1,29,6,-1,-1,-1,6,1,6
2017010045896,1,9,0,9,0,3,0,0,0,0,3,1,2,1,49,8,1800,1,18,2,1,2
2017010045896,2,3,0,18,0,8,0,0,0,0,3,1,6,1,31,6,125,1,1,1,1,1
2017010045899,1,1,0,4,0,0,1,0,0,0,-1,1,6,1,51,8,-1,-1,-1,9,1,9
2017010045900,1,9,0,3,0,4,0,0,0,0,2,1,6,2,25,5,999,1,2,6,1,6
2017010045900,2,9,0,4,0,4,0,0,0,0,1,1,6,2,-1,-1,1995,2,12,-1,-1,-1
2017010045901,1,9,0,4,0,1,0,0,0,0,1,1,6,2,24,5,1197,1,2,8,1,8
2017010045901,2,8,0,3,0,1,0,0,0,0,0,1,1,1,34,6,2143,2,-1,3,1,3
2017010045904,1,9,0,7,0,8,1,4,0,0,1,1,6,3,-1,-1,1796,1,14,-1,-1,-1
2017010045904,2,19,0,3,0,1,0,0,0,0,3,1,1,1,40,7,1598,2,3,1,1,1
2017010045906,1,11,0,5,0,8,0,0,0,0,0,1,1,1,28,6,7300,2,13,2,1,2
2017010045907,1,1,0,18,0,1,0,0,0,0,2,1,6,1,30,6,-1,-1,-1,3,1,3
2017010045907,2,8,0,18,0,1,0,0,0,0,1,1,6,1,-1,-1,2776,2,1,-1,-1,-1
2017010045912,1,3,0,11,0,0,0,0,0,0,1,1,2,1,20,4,689,1,1,1,1,1
2017010045912,2,9,0,4,0,0,0,0,0,0,2,1,6,2,41,7,1368,1,-1,9,1,9
2017010045913,1,9,0,14,0,1,0,0,0,0,1,1,6,2,48,8,1968,2,4,2,1,2
2017010045916,1,11,0,4,0,4,0,0,0,0,2,1,1,1,25,5,6700,2,5,2,1,2
2017010045917,1,9,0,1,0,1,0,0,0,0,4,1,6,2,56,9,1995,2,1,9,1,9
2017010045919,1,9,0,3,0,6,0,0,0,0,2,1,6,2,53,8,1560,2,9,2,1,2
2017010045919,2,11,0,3,0,1,0,0,0,0,1,1,1,1,32,6,4500,2,7,2,1,2
2017010045922,1,9,0,9,0,2,0,11,7,0,3,1,6,1,62,9,-1,-1,-1,1,1,1
2017010045922,2,1,0,18,0,1,0,0,1,0,1,1,6,2,44,7,-1,-1,-1,2,1,2
2017010045923,1,9,0,5,0,1,0,0,0,0,0,1,6,2,55,8,2000,1,13,2,1,2
2017010045923,2,3,0,5,0,1,0,0,0,0,0,1,6,1,33,6,125,1,-1,7,1,7
2017010045925,1,1,0,14,0,8,0,4,0,0,1,1,6,2,28,6,-1,-1,-1,3,1,3
2017010045925,2,9,0,3,0,8,0,0,0,0,4,1,1,1,65,9,-1,-1,-1,9,2,9
2017010045926,1,8,0,7,0,8,0,0,0,0,1,1,1,1,49,8,1798,8,1,6,1,6
2017010045931,1,3,0,18,0,8,0,0,0,0,2,1,1,1,18,4,-1,-1,-1,3,1,3
2017010045931,2,19,0,18,0,8,0,0,0,0,1,1,1,1,28,6,1461,2,5,5,1,5
2017010045933,1,19,0,1,0,1,0,0,0,0,2,1,1,1,25,5,2198,2,3,3,1,3
2017010045934,1,9,0,3,0,8,0,0,0,0,1,1,6,1,47,8,1560,2,1,4,1,4
2017010045935,1,4,0,18,0,0,0,4,0,0,1,1,6,1,38,7,498,1,12,2,1,2
2017010045935,2,19,0,2,0,0,0,0,0,0,4,1,6,3,-1,-1,2148,2,10,-1,-1,-1
2017010045937,1,9,0,5,0,8,0,0,0,0,1,1,6,2,36,7,1796,1,14,8,1,8
2017010045937,2,1,0,18,0,8,2,0,0,0,1,1,6,1,20,4,-1,-1,-1,9,1,9
2017010045938,1,9,0,18,0,1,0,0,0,0,1,1,6,2,40,7,1995,2,-1,9,1,9
2017010045938,2,9,0,9,0,6,0,0,0,0,3,1,6,1,79,11,2922,1,14,10,1,10
2017010045939,1,4,0,18,2,8,1,0,0,0,1,1,2,1,42,7,125,1,1,4,1,4
2017010045939,2,4,0,9,0,8,0,0,0,0,4,1,6,1,19,4,-1,-1,-1,2,1,2