Accident_Index,Vehicle_Reference,Vehicle_Type,Towing_and_Articulation,Vehicle_Manoeuvre,Vehicle_Location-Restricted_Lane,Junction_Location,Skidding_and_Overturning,Hit_Object_in_Carriageway,Vehicle_Leaving_Carriageway,Hit_Object_off_Carriageway,1st_Point_of_Impact,Was_Vehicle_Left_Hand_Drive?,Journey_Purpose_of_Driver,Sex_of_Driver,Age_of_Driver,Age_Band_of_Driver,Engine_Capacity_(CC),Propulsion_Code,Age_of_Vehicle,Driver_IMD_Decile,Driver_Home_Area_Type,Vehicle_IMD_Decile
2017010045940,1,9,0,18,0,0,0,0,0,0,1,1,6,1,31,6,1598,1,13,4,1,4
2017010045940,2,9,0,3,0,0,0,0,0,0,2,1,2,1,49,8,1991,2,12,5,1,5
2017010045944,1,1,0,18,4,0,0,0,0,0,1,1,2,1,31,6,-1,-1,-1,4,1,4
2017010045945,1,1,0,4,0,1,0,0,0,0,4,1,6,1,29,6,-1,-1,-1,1,1,1
2017010045945,2,9,0,7,0,1,0,0,0,0,3,1,6,3,-1,-1,1390,1,8,-1,-1,-1
2017010045946,1,9,0,11,0,8,0,0,0,0,1,1,2,2,22,5,1598,2,1,4,1,4
2017010045946,2,4,0,17,0,8,1,0,0,0,3,1,6,2,22,5,125,1,5,2,1,2
2017010045948,1,9,0,4,0,0,0,0,0,0,2,1,6,1,43,7,1395,1,2,8,1,8
2017010045948,2,2,0,4,0,0,0,0,0,0,1,1,1,1,63,9,108,1,4,5,1,5
2017010045949,1,8,0,3,0,6,0,0,0,0,0,1,2,1,47,8,-1,-1,-1,2,3,2
2017010045949,2,3,0,7,0,2,0,0,0,0,0,1,1,1,20,4,108,1,3,9,1,9
2017010045950,1,9,0,5,0,1,0,0,0,0,0,1,6,2,38,7,1497,8,4,2,1,2
2017010045951,1,1,0,18,2,0,0,0,0,0,4,1,2,1,34,6,-1,-1,-1,4,1,4
2017010045951,2,9,0,18,2,0,0,0,0,0,4,1,6,3,-1,-1,1364,1,10,-1,-1,-1
2017010045952,1,9,0,18,0,1,0,0,0,0,1,1,6,1,40,7,-1,-1,-1,8,1,8
2017010045952,2,3,0,18,0,1,2,0,0,0,1,1,6,1,19,4,124,1,-1,7,1,7
2017010045952,3,9,0,18,0,1,0,0,0,0,1,1,6,2,26,6,999,1,1,3,1,3
2017010045953,1,19,0,18,0,0,0,0,0,0,3,1,2,2,32,6,1598,7,13,1,1,1
2017010045953,2,9,0,18,0,0,0,0,0,0,3,1,6,1,25,5,1995,2,4,9,1,9
2017010045954,1,19,0,1,0,2,0,0,0,0,1,1,1,1,30,6,1598,2,2,3,1,3
2017010045954,2,1,0,16,0,1,0,4,0,0,2,1,6,1,53,8,-1,-1,-1,2,1,2
2017010045954,3,9,0,2,0,1,0,0,0,0,2,1,6,3,-1,-1,2499,1,9,-1,-1,-1
2017010045955,1,9,0,9,0,8,0,0,0,0,3,1,6,1,22,5,1229,1,10,6,1,6
2017010045955,2,2,0,13,0,8,2,4,0,0,1,1,6,1,43,7,124,1,13,-1,-1,-1
2017010045955,3,9,0,2,0,8,0,0,0,0,2,1,6,3,-1,-1,1968,2,6,-1,-1,-1
2017010045956,1,9,0,18,0,8,0,0,0,0,1,1,6,3,-1,-1,1598,1,12,-1,-1,-1
2017010045957,1,11,0,18,0,0,0,0,0,0,3,1,1,1,19,4,5132,2,2,6,1,6
2017010045957,2,1,0,18,0,0,0,0,0,0,4,1,6,1,26,6,-1,-1,-1,-1,-1,-1
2017010045958,1,9,0,4,0,1,0,0,0,0,2,1,6,2,23,5,1197,1,1,3,1,3
2017010045958,2,9,0,18,0,1,0,0,0,0,1,1,6,1,37,7,1399,1,1,-1,-1,-1
2017010045960,1,4,0,4,0,0,0,0,0,0,1,1,2,1,40,7,125,1,2,4,1,4
2017010045962,1,3,0,16,0,1,0,0,0,0,1,1,2,1,28,6,125,1,9,1,1,1
2017010045962,2,9,0,9,0,8,0,0,0,0,2,1,6,3,-1,-1,-1,-1,-1,-1,-1,-1
2017010045963,1,3,0,18,0,1,5,10,0,0,4,1,6,1,16,4,-1,-1,-1,3,1,3
2017010045964,1,8,0,18,0,0,0,0,0,0,1,1,2,1,62,9,1956,2,4,2,1,2
2017010045965,1,9,0,9,0,8,0,0,0,0,1,1,6,2,21,5,1229,1,10,-1,-1,-1
2017010045965,2,3,0,18,0,1,0,0,0,0,4,1,1,1,27,6,125,1,6,1,1,1
2017010045966,1,9,0,18,0,3,2,0,0,0,4,1,6,1,43,7,1796,1,17,1,1,1
2017010045966,2,9,0,18,0,8,0,0,0,0,1,1,6,3,-1,-1,-1,-1,-1,-1,-1,-1
2017010045967,1,19,0,18,0,0,1,0,0,0,1,1,2,1,25,5,2494,2,15,9,1,9
2017010045970,1,8,0,18,0,8,0,0,0,0,4,1,1,1,46,8,1798,8,2,2,1,2
2017010045970,2,9,0,18,0,8,0,0,0,0,1,1,6,3,-1,-1,-1,-1,-1,-1,-1,-1
2017010045972,1,8,0,9,0,1,0,0,0,0,1,1,1,1,43,7,2776,2,1,9,1,9
2017010045972,2,3,0,7,0,1,5,0,0,0,2,1,2,1,26,6,125,1,3,2,1,2
2017010045975,1,19,0,4,0,7,0,0,0,0,1,1,2,1,30,6,2198,2,1,4,1,4
2017010045978,1,19,0,13,0,0,0,0,0,0,4,1,1,1,18,4,1560,2,4,-1,-1,-1
2017010045978,2,19,0,18,0,0,0,0,0,0,1,1,1,1,43,7,1870,2,14,7,1,7
2017010045979,1,11,0,4,0,0,0,0,0,0,0,1,6,1,60,9,5132,2,-1,2,1,2
2017010045980,1,9,0,15,0,0,0,0,0,0,4,1,6,1,18,4,1956,2,5,4,1,4
2017010045980,2,9,0,18,0,0,0,0,0,0,3,1,6,2,26,6,1560,2,1,2,1,2
2017010045981,1,5,0,18,0,8,2,0,0,0,4,1,6,1,21,5,998,1,8,4,1,4
2017010045981,2,9,0,9,0,8,0,0,0,0,0,1,6,1,36,7,2720,2,12,1,1,1
2017010045983,1,9,0,7,0,3,0,0,0,0,1,1,6,2,59,9,1991,1,2,8,3,8
2017010045983,2,1,0,17,0,3,0,0,0,0,1,1,2,1,47,8,-1,-1,-1,4,1,4
2017010045985,1,9,0,5,0,6,0,11,0,0,1,1,6,1,27,6,1796,1,10,3,1,3
2017010045985,2,1,0,18,0,1,0,0,0,0,4,1,6,1,50,8,-1,-1,-1,5,1,5
2017010045986,1,4,0,18,0,0,1,4,0,0,0,1,6,1,24,5,689,1,1,4,1,4
2017010045986,2,9,0,2,0,0,0,0,0,0,2,1,6,3,-1,-1,1968,2,14,-1,-1,-1
2017010045989,1,9,0,7,0,5,0,0,0,0,4,1,6,1,72,10,998,1,2,10,1,10
2017010045989,2,3,0,18,2,1,0,0,0,0,1,1,6,1,40,7,-1,-1,-1,3,1,3
2017010045990,1,9,0,10,0,1,0,0,0,0,1,2,6,1,94,11,1242,1,7,9,1,9
2017010045991,1,11,0,5,0,1,0,0,0,0,0,1,1,1,57,9,5132,2,-1,2,1,2
2017010045993,1,9,0,18,0,8,0,0,0,0,1,1,6,2,26,6,1197,1,2,8,3,8
2017010045993,2,9,0,18,0,6,0,0,0,0,4,1,6,2,31,6,3199,1,17,6,1,6
2017010045994,1,9,0,9,0,5,0,0,0,0,1,1,6,1,63,9,1242,1,14,4,1,4
2017010045995,1,9,0,16,0,1,0,0,0,0,1,1,6,1,53,8,1560,2,3,9,1,9
2017010045996,1,9,0,5,0,2,0,0,0,0,1,1,6,1,32,6,1968,2,6,3,1,3
2017010045996,2,9,0,9,0,6,0,0,0,0,4,1,6,1,29,6,999,1,-1,4,1,4
2017010045997,1,3,0,14,0,1,0,0,0,0,1,1,1,1,31,6,125,1,1,2,1,2
2017010045998,1,9,0,9,0,6,0,0,0,0,3,1,6,1,25,5,2616,1,11,4,1,4
2017010045998,2,8,0,18,0,8,0,0,0,0,1,1,1,1,56,9,-1,-1,-1,1,1,1
2017010046000,1,3,0,16,0,0,0,11,6,1,1,1,6,1,53,8,125,1,9,2,1,2
2017010046002,1,9,0,3,0,0,0,0,0,0,2,1,6,2,52,8,2199,2,6,3,1,3
2017010046002,2,9,0,18,0,0,0,0,0,0,1,1,6,1,-1,-1,-1,-1,-1,-1,-1,-1
2017010046003,1,9,0,9,0,1,0,0,0,0,1,1,1,1,34,6,1388,1,14,4,1,4
2017010046003,2,1,5,18,0,1,1,0,0,0,1,1,6,1,56,9,-1,-1,-1,7,1,7
2017010046004,1,4,0,14,0,1,0,0,0,0,4,1,6,3,-1,-1,-1,-1,-1,-1,-1,-1
2017010046006,1,9,0,5,0,1,0,0,0,0,4,1,6,1,66,10,1968,2,9,4,1,4
2017010046007,1,9,0,4,0,2,0,0,0,0,2,1,6,1,31,6,1598,1,17,9,1,9
2017010046007,2,9,0,4,0,2,0,0,0,0,1,1,6,1,33,6,1242,1,4,6,1,6
2017010046008,1,19,0,7,0,5,0,0,7,0,3,1,2,1,33,6,1968,2,1,7,1,7
2017010046008,2,1,0,15,0,1,0,0,0,0,1,1,6,2,37,7,-1,-1,-1,-1,-1,-1
2017010046010,1,3,0,13,0,4,1,0,0,0,1,1,6,1,28,6,125,1,2,3,1,3
2017010046010,2,9,0,6,0,4,0,0,0,0,3,1,6,2,37,7,998,1,-1,6,1,6
2017010046011,1,4,0,18,0,2,0,0,0,0,1,1,6,3,-1,-1,124,1,16,-1,-1,-1
2017010046012,1,8,0,2,0,2,0,0,0,0,0,1,6,3,-1,-1,2143,2,3,-1,-1,-1
2017010046012,2,11,0,9,0,2,0,4,7,0,2,1,1,1,31,6,10837,2,-1,4,1,4
2017010046013,1,9,0,18,0,0,0,0,0,0,1,1,3,2,39,7,2179,2,5,3,1,3
2017010046015,1,9,0,18,0,0,0,0,0,0,2,1,6,2,30,6,1398,1,7,3,1,3
2017010046015,2,19,0,18,0,0,0,0,0,0,1,1,6,1,67,10,2402,2,9,1,1,1
2017010046016,1,9,0,2,0,0,1,0,0,0,1,1,6,3,-1,-1,-1,-1,-1,-1,-1,-1
2017010046016,2,9,0,3,0,0,0,0,0,0,0,1,6,3,-1,-1,-1,-1,-1,-1,-1,-1
2017010046017,1,11,0,18,0,0,0,0,0,0,4,1,1,1,58,9,6692,2,6,5,1,5
2017010046018,1,4,0,5,0,8,0,0,0,0,3,1,6,1,19,4,125,1,2,7,1,7
2017010046018,2,1,0,18,0,8,0,0,0,0,1,1,6,1,22,5,-1,-1,-1,4,1,4
2017010046019,1,9,0,18,0,8,0,0,0,0,4,1,6,2,63,9,1197,1,4,9,1,9
2017010046019,2,19,0,18,0,8,0,0,1,1,1,1,6,1,26,6,2402,2,11,1,1,1
2017010046020,1,9,0,9,0,5,0,0,0,0,2,1,6,1,46,8,1598,2,4,-1,-1,-1
2017010046020,2,4,0,18,0,1,5,0,0,0,1,1,1,1,34,6,125,1,1,3,1,3
2017010046021,1,9,0,7,0,1,0,0,0,0,4,1,6,1,36,7,2996,1,12,3,1,3
2017010046021,2,5,0,18,9,1,1,0,1,2,1,1,2,1,51,8,782,1,9,7,1,7
2017010046022,1,9,0,9,0,2,0,10,0,0,2,1,6,1,57,9,1598,1,4,5,1,5
2017010046022,2,9,0,5,0,2,0,0,0,0,1,1,2,1,29,6,1995,2,3,4,1,4
2017010046024,1,9,0,18,0,0,0,0,0,0,4,1,6,1,34,6,1995,2,6,5,1,5
2017010046025,1,11,0,18,2,1,0,0,0,0,0,1,1,1,58,9,9000,2,8,4,1,4
2017010046028,1,9,0,18,0,1,0,0,0,0,1,1,6,2,42,7,1497,8,11,3,1,3
2017010046029,1,9,0,18,0,2,0,0,0,0,1,1,6,1,37,7,1149,1,13,3,1,3
2017010046030,1,8,0,6,0,0,0,0,0,0,1,1,6,1,45,7,1598,2,1,2,1,2
2017010046030,2,5,0,13,0,0,0,0,0,0,4,1,6,1,46,8,1255,1,8,7,1,7
2017010046031,1,9,4,9,0,1,0,0,0,0,1,1,6,2,36,7,-1,-1,-1,2,1,2
2017010046033,1,9,0,18,0,1,0,0,0,0,1,1,6,1,68,10,3199,1,19,5,1,5
2017010046035,1,9,0,18,0,1,0,0,0,0,2,1,6,1,71,10,1398,1,12,6,1,6
2017010046035,2,3,0,18,0,1,0,0,0,0,1,1,6,1,17,4,124,1,10,5,1,5
2017010046036,1,9,0,5,0,2,1,10,7,10,1,1,6,2,20,4,1198,1,12,1,1,1
2017010046036,2,9,0,18,0,1,1,0,0,0,1,1,6,1,38,7,1997,1,27,6,1,6
2017010046038,1,5,0,10,0,5,0,0,0,0,2,1,6,1,54,8,-1,-1,-1,3,1,3
2017010046038,2,9,0,18,0,1,0,0,0,0,1,1,6,1,44,7,1598,1,6,2,1,2
2017010046038,3,9,0,18,0,2,0,0,0,0,3,1,6,1,54,8,1994,1,22,4,1,4
2017010046039,1,9,0,4,0,1,0,0,0,0,1,1,6,1,33,6,2143,2,4,6,1,6
2017010046039,2,9,0,18,0,1,1,0,0,0,1,1,6,1,78,11,2597,1,13,9,1,9
2017010046040,1,3,0,15,0,0,0,0,0,0,2,1,6,1,33,6,459,1,14,2,1,2
2017010046040,2,9,0,18,0,0,0,0,0,0,1,1,6,2,31,6,1395,1,-1,4,1,4
2017010046041,1,9,0,18,0,0,0,0,0,0,1,1,6,2,24,5,1499,1,1,7,1,7
2017010046041,2,9,0,2,0,0,0,0,0,0,3,1,6,3,-1,-1,1598,1,9,-1,-1,-1
2017010046042,1,9,0,15,0,1,0,0,0,0,1,1,6,1,25,5,1975,1,10,6,1,6
2017010046043,1,5,0,18,0,1,5,0,0,0,1,1,6,1,34,6,1000,1,3,2,1,2
2017010046043,2,9,0,6,0,6,0,0,0,0,3,1,6,2,57,9,2488,1,13,2,1,2
2017010046045,1,9,0,5,0,2,1,0,0,0,4,1,2,1,22,5,1598,1,9,5,1,5
2017010046045,2,9,0,5,8,2,0,0,0,0,1,1,6,3,-1,-1,1195,1,20,-1,-1,-1
2017010046046,1,9,0,18,0,1,0,0,1,10,1,1,6,2,38,7,1995,1,11,4,1,4
2017010046048,1,11,0,5,0,0,0,0,0,0,1,1,1,1,54,8,4500,2,2,-1,-1,-1
2017010046049,1,9,0,3,0,1,0,0,0,0,2,2,6,1,46,8,3498,1,1,6,1,6
2017010046049,2,9,0,9,0,8,0,0,0,0,2,2,1,1,50,8,1798,8,4,3,1,3
2017010046049,3,9,0,18,0,1,0,0,0,0,1,2,6,1,30,6,1596,1,3,2,1,2
2017010046050,1,3,0,18,0,1,1,0,1,0,3,1,2,2,38,7,124,1,6,1,1,1
2017010046050,2,9,0,15,0,1,0,0,0,0,4,1,6,3,-1,-1,1968,2,2,-1,-1,-1
2017010046051,1,9,0,18,2,2,0,0,0,0,1,1,6,2,46,8,2987,2,8,3,1,3
2017010046052,1,9,0,18,0,0,0,0,0,0,1,1,6,3,-1,-1,-1,-1,-1,-1,-1,-1
2017010046053,1,9,0,13,0,1,0,0,0,0,1,1,1,1,32,6,1560,2,3,8,1,8
2017010046053,2,8,0,9,0,1,0,0,1,10,2,1,1,1,34,6,1560,2,5,5,1,5
2017010046055,1,9,0,14,2,0,0,0,0,0,3,1,6,1,37,7,-1,-1,-1,-1,-1,-1
2017010046055,2,8,0,11,2,0,0,0,0,0,4,1,1,1,48,8,1798,1,6,4,1,4
2017010046059,1,9,0,9,0,1,0,0,0,0,1,1,6,1,52,8,1798,1,3,-1,-1,-1
2017010046059,2,3,0,5,0,1,0,0,0,0,1,1,6,1,19,4,125,1,8,4,1,4
2017010046060,1,9,0,9,0,5,0,0,0,0,4,1,6,1,68,10,1910,2,9,6,1,6
2017010046060,2,1,0,18,4,8,0,0,0,0,1,1,6,2,47,8,-1,-1,-1,10,1,10
2017010046063,1,9,0,18,0,0,1,0,0,0,2,1,6,1,39,7,1796,2,5,10,1,10
2017010046063,2,9,0,18,0,0,1,0,0,0,1,1,6,1,24,5,1598,1,4,6,1,6
2017010046067,1,8,0,11,0,3,0,0,0,0,1,1,1,1,34,6,2143,2,4,4,1,4
2017010046067,2,3,0,5,2,3,1,0,0,0,3,1,1,1,32,6,124,1,6,6,1,6
2017010046068,1,11,0,18,0,0,0,0,0,0,3,1,1,1,60,9,9360,2,6,2,1,2
2017010046068,2,9,0,7,0,0,0,0,0,0,4,1,6,2,37,7,1595,1,2,10,2,10
2017010046071,1,11,0,4,0,1,0,0,0,0,1,1,1,1,65,9,5132,2,2,3,1,3
2017010046072,1,9,0,4,0,8,0,4,0,0,1,1,6,1,26,6,1560,2,12,-1,-1,-1
2017010046074,1,9,0,9,0,5,0,0,0,0,1,1,6,2,37,7,999,1,1,9,1,9
2017010046074,2,1,0,18,0,8,0,0,0,0,3,1,6,2,34,6,-1,-1,-1,10,1,10
2017010046076,1,9,0,18,0,1,0,0,0,0,1,1,6,1,44,7,1598,1,16,6,1,6
2017010046077,1,9,0,18,0,0,0,0,0,0,1,1,6,2,38,7,1796,1,10,7,1,7
2017010046079,1,11,0,18,0,1,0,0,0,0,1,1,6,1,48,8,4500,2,-1,3,1,3
2017010046080,1,8,0,5,0,5,0,0,0,0,1,1,1,1,38,7,1797,8,7,1,1,1
2017010046082,1,9,0,18,0,8,0,0,0,0,0,1,6,1,49,8,1399,1,1,4,1,4
2017010046083,1,8,0,9,0,1,0,0,0,0,1,1,1,1,28,6,1956,2,4,3,1,3
2017010046083,2,1,0,18,0,1,0,0,0,0,1,1,6,1,37,7,-1,-1,-1,4,1,4
2017010046084,1,11,0,18,0,0,0,0,0,0,1,1,6,1,34,6,4760,2,5,2,1,2
2017010046086,1,9,0,9,0,8,0,0,0,0,1,1,6,1,26,6,2993,2,4,-1,-1,-1
2017010046086,2,9,0,3,0,8,0,0,0,0,2,1,6,2,33,6,1797,8,2,3,1,3
2017010046086,3,9,0,18,0,8,0,0,0,0,2,1,2,1,40,7,2979,1,14,-1,-1,-1
2017010046086,4,9,0,18,0,8,0,0,0,0,4,1,6,1,39,7,1596,1,11,10,1,10
2017010046088,1,9,0,15,0,0,0,0,0,0,4,1,6,1,34,6,1399,1,2,3,1,3
2017010046089,1,9,0,9,0,8,0,0,0,0,1,1,6,2,41,7,1596,1,11,3,1,3
2017010046089,2,9,0,18,0,8,0,0,0,0,4,1,6,1,55,8,1995,2,8,5,1,5
2017010046091,1,9,0,10,0,6,0,0,0,0,1,1,6,1,25,5,1968,2,8,4,1,4
2017010046091,2,5,0,13,0,1,0,0,0,0,1,1,6,1,38,7,1301,1,1,10,2,10
2017010046094,1,9,0,5,0,1,0,0,0,0,1,1,6,1,73,10,1998,1,17,9,1,9
2017010046094,2,1,0,18,0,8,0,0,0,0,2,1,6,1,65,9,-1,-1,-1,4,1,4
2017010046095,1,9,0,1,0,1,0,0,0,0,2,1,6,3,-1,-1,-1,-1,-1,-1,-1,-1
2017010046096,1,9,0,7,0,2,0,0,0,0,3,1,6,1,22,5,1598,2,5,2,1,2
2017010046096,2,3,0,14,0,1,5,0,0,0,0,1,6,1,20,4,124,1,4,4,1,4
2017010046097,1,9,0,7,0,5,0,0,0,0,4,1,6,1,68,10,1200,1,-1,-1,-1,-1
2017010046097,2,1,0,18,0,8,0,0,0,0,1,1,6,1,47,8,-1,-1,-1,3,1,3
2017010046098,1,9,0,9,0,6,0,0,0,0,1,1,6,2,20,4,1242,1,11,2,1,2
2017010046099,1,9,0,18,0,0,0,0,0,0,1,1,6,1,-1,-1,-1,-1,-1,-1,-1,-1
2017010046100,1,9,0,7,2,1,0,0,1,0,3,1,6,1,39,7,1950,2,-1,-1,-1,-1
2017010046100,2,3,0,18,2,1,1,0,0,0,3,1,6,1,19,4,125,1,1,4,1,4
2017010046101,1,9,0,9,0,6,0,0,0,0,1,1,6,1,43,7,1997,1,9,1,1,1
2017010046101,2,8,0,9,0,5,0,0,0,0,3,1,2,1,34,6,1798,8,1,4,1,4
2017010046102,1,9,0,18,0,1,0,0,0,0,4,1,2,1,25,5,1999,2,-1,3,1,3
2017010046103,1,19,0,5,0,0,0,0,0,0,2,1,1,1,42,7,2151,2,13,4,1,4
2017010046103,2,9,0,5,0,0,0,0,0,0,1,1,1,1,33,6,999,1,2,6,3,6
2017010046104,1,9,0,18,0,0,0,0,0,0,3,1,6,2,24,5,1398,1,2,3,1,3
2017010046104,2,5,0,13,0,0,5,0,0,0,1,1,6,1,34,6,998,1,-1,3,1,3
2017010046104,3,9,0,4,0,0,0,0,0,0,2,1,6,2,30,6,1497,8,8,10,1,10
2017010046104,4,5,0,18,0,0,0,4,0,0,1,1,6,1,30,6,650,1,4,8,1,8
2017010046105,1,9,0,5,0,8,0,0,0,0,1,1,6,1,30,6,998,1,4,-1,3,-1
2017010046105,2,9,0,15,0,8,0,0,0,0,1,1,6,1,32,6,1997,2,2,7,1,7
2017010046106,1,9,0,5,0,6,0,0,0,0,2,1,6,1,47,8,2148,2,15,5,1,5
2017010046106,2,9,0,11,0,8,0,0,0,0,1,1,2,1,18,4,1043,1,28,9,1,9
2017010046107,1,3,0,14,0,1,0,0,0,0,1,1,6,1,22,5,124,1,1,2,1,2
2017010046107,2,9,0,9,0,2,0,0,0,0,3,1,6,1,27,6,1339,1,12,7,1,7
2017010046108,1,9,0,18,0,0,0,0,0,0,4,2,1,1,41,7,1995,2,1,1,1,1
2017010046108,2,9,0,11,0,0,0,0,0,0,4,2,6,1,30,6,1984,1,10,2,1,2
2017010046108,3,9,0,15,0,0,0,0,0,0,3,1,6,3,-1,-1,-1,-1,-1,-1,-1,-1
2017010046109,1,9,0,18,0,8,0,0,0,0,2,1,6,2,42,7,1339,1,9,3,1,3
2017010046109,2,9,0,18,0,8,0,0,0,0,1,1,6,1,25,5,1686,2,14,3,1,3
2017010046110,1,9,0,4,0,2,0,0,0,0,2,1,6,2,49,8,1360,1,13,1,1,1
2017010046110,2,9,0,18,0,2,0,0,0,0,1,1,6,2,34,6,1956,2,6,4,1,4
2017010046112,1,19,0,18,0,8,0,0,0,0,1,1,6,1,48,8,-1,-1,-1,2,1,2
2017010046112,2,9,0,9,0,1,0,0,7,0,4,1,6,2,23,5,2143,2,3,5,1,5
2017010046113,1,9,0,7,0,6,0,4,0,0,1,1,6,2,35,6,1390,1,16,3,1,3
2017010046113,2,9,0,2,0,2,0,0,0,0,2,1,6,3,-1,-1,2997,1,16,-1,-1,-1
2017010046115,1,9,0,18,0,0,1,4,0,0,1,1,6,2,35,6,2987,2,12,8,1,8
2017010046115,2,9,0,18,0,0,0,0,0,0,2,1,6,2,35,6,1799,1,10,-1,-1,-1
2017010046115,3,9,0,2,0,0,0,0,0,0,1,1,6,3,-1,-1,1999,2,1,-1,-1,-1
2017010046115,4,9,0,2,0,0,0,0,0,0,2,1,6,3,-1,-1,1997,2,7,-1,-1,-1
2017010046115,5,9,0,2,0,0,0,0,0,0,2,1,6,3,-1,-1,1753,2,15,-1,-1,-1
2017010046116,1,9,0,18,9,6,0,0,0,0,1,1,6,1,43,7,2496,1,14,3,1,3
2017010046116,2,9,0,5,9,7,0,0,0,0,3,1,2,1,34,6,1598,1,11,5,1,5
2017010046119,1,9,0,18,0,2,0,0,0,0,1,1,6,1,62,9,2143,2,4,3,1,3
2017010046119,2,2,0,18,0,2,5,0,0,0,1,1,1,1,23,5,49,1,3,1,1,1
2017010046119,3,2,0,18,0,2,5,0,0,0,1,1,1,1,45,7,49,1,7,2,1,2
2017010046120,1,3,0,4,0,0,0,0,0,0,1,1,6,1,18,4,-1,-1,-1,8,3,8
2017010046120,2,9,0,4,0,0,0,0,0,0,2,1,6,1,20,4,799,2,6,6,1,6
2017010046121,1,9,0,18,0,1,0,4,0,0,1,1,1,1,50,8,-1,-1,-1,4,1,4
2017010046121,2,9,0,3,0,1,0,0,0,0,2,1,6,1,43,7,1910,2,7,5,1,5
2017010046122,1,9,0,18,0,0,0,0,5,6,4,1,6,1,29,6,1995,2,7,3,1,3
2017010046122,2,9,0,11,0,0,1,0,1,0,4,1,6,1,24,5,1896,2,14,3,1,3
2017010046123,1,9,0,9,0,1,0,0,0,0,1,1,6,1,37,7,1995,2,3,-1,-1,-1
2017010046124,1,9,0,18,0,0,0,0,0,0,2,1,6,1,36,7,1598,1,15,3,1,3
2017010046124,2,5,0,4,0,0,2,0,0,0,1,1,6,1,16,4,689,1,1,-1,-1,-1
2017010046124,3,9,0,18,0,0,0,0,0,0,1,1,1,1,43,7,2993,2,2,4,1,4
2017010046125,1,9,0,1,9,0,0,10,7,2,2,1,6,2,57,9,1240,1,7,4,1,4
2017010046125,2,19,0,2,9,0,0,0,0,0,0,1,6,3,-1,-1,1753,2,11,-1,-1,-1
2017010046125,3,9,0,2,9,0,0,0,0,0,0,1,6,3,-1,-1,999,1,1,-1,-1,-1
2017010046125,4,9,0,2,9,0,0,0,0,0,0,1,6,3,-1,-1,1598,1,15,-1,-1,-1
2017010046126,1,19,0,7,0,5,0,0,0,0,1,1,6,1,32,6,2198,2,10,2,1,2
2017010046126,2,3,0,18,2,1,1,0,1,2,2,1,6,1,21,5,125,1,7,2,1,2
2017010046127,1,9,0,18,0,2,0,0,0,0,2,1,6,1,25,5,1598,2,1,1,1,1
2017010046127,2,19,0,18,0,2,0,0,0,0,1,1,6,1,29,6,2143,2,6,3,1,3
2017010046128,1,9,0,18,0,2,2,10,0,0,1,1,6,1,34,6,1995,2,2,6,1,6
2017010046129,1,9,0,3,0,1,0,0,0,0,2,1,6,2,21,5,1560,2,4,3,1,3
2017010046129,2,9,0,18,0,1,0,0,0,0,1,1,6,1,26,6,1388,1,13,7,1,7
2017010046131,1,9,0,18,0,1,0,0,0,0,1,1,6,1,20,4,-1,-1,-1,1,1,1
2017010046131,2,3,0,18,0,1,0,0,0,0,1,1,6,1,34,6,125,1,4,10,1,10
2017010046132,1,9,0,18,0,8,0,0,0,0,1,2,6,1,56,9,2926,2,15,-1,-1,-1
2017010046132,2,9,0,18,0,8,0,0,0,0,1,1,6,2,28,6,999,1,7,4,1,4
2017010046133,1,9,0,18,0,2,0,10,3,2,1,1,2,1,33,6,1753,2,15,8,1,8
2017010046134,1,9,0,3,0,1,0,0,0,0,2,1,6,1,63,9,999,1,2,2,1,2
2017010046134,2,9,0,3,0,1,0,0,0,0,2,1,6,1,50,8,1240,1,12,4,1,4
2017010046134,3,9,0,3,0,1,0,0,0,0,2,1,6,1,47,8,2685,2,15,4,1,4
2017010046134,4,9,0,4,0,1,0,0,0,0,1,1,6,1,-1,-1,2993,2,13,3,1,3
2017010046135,1,9,0,9,0,1,0,0,0,0,1,1,6,1,24,5,1598,2,4,5,1,5
2017010046135,2,9,0,18,0,1,0,7,7,1,1,1,6,2,22,5,1398,1,-1,6,1,6
2017010046136,1,5,0,3,0,1,0,0,0,0,1,1,6,1,29,6,599,1,8,-1,-1,-1
2017010046136,2,9,0,1,0,2,0,4,0,0,2,1,6,3,-1,-1,1343,1,13,-1,-1,-1
2017010046138,1,9,0,18,0,4,0,0,0,0,3,1,6,1,78,11,1998,1,18,4,1,4
2017010046138,2,1,0,18,0,4,0,0,0,0,4,1,6,1,15,3,-1,-1,-1,2,1,2
2017010046139,1,9,0,18,0,2,0,7,4,6,1,1,6,1,73,10,1596,1,6,3,1,3
2017010046142,1,9,0,18,0,8,0,0,7,0,4,1,6,1,38,7,1995,2,5,5,1,5
2017010046142,2,9,0,18,0,8,0,0,0,0,2,1,6,2,26,6,1995,2,5,7,1,7
2017010046142,3,19,0,10,0,1,0,0,0,0,1,1,6,1,45,7,1998,2,14,4,1,4
2017010046144,1,9,0,3,0,1,0,0,0,0,2,1,6,2,55,8,1198,1,14,1,1,1
2017010046144,2,9,0,18,0,1,0,0,0,0,1,1,6,1,30,6,1994,2,14,3,1,3
2017010046147,1,9,0,18,0,8,0,0,0,0,1,1,6,1,30,6,1200,1,-1,2,1,2