Accident_Index,Vehicle_Reference,Vehicle_Type,Towing_and_Articulation,Vehicle_Manoeuvre,Vehicle_Location-Restricted_Lane,Junction_Location,Skidding_and_Overturning,Hit_Object_in_Carriageway,Vehicle_Leaving_Carriageway,Hit_Object_off_Carriageway,1st_Point_of_Impact,Was_Vehicle_Left_Hand_Drive?,Journey_Purpose_of_Driver,Sex_of_Driver,Age_of_Driver,Age_Band_of_Driver,Engine_Capacity_(CC),Propulsion_Code,Age_of_Vehicle,Driver_IMD_Decile,Driver_Home_Area_Type,Vehicle_IMD_Decile
2017010046148,1,9,5,9,9,2,1,11,1,10,1,1,6,1,22,5,-1,-1,-1,4,1,4
2017010046148,2,9,0,18,0,1,0,0,0,0,0,1,1,1,31,6,1995,2,1,3,1,3
2017010046148,3,9,0,18,0,2,0,0,0,0,0,1,1,2,36,7,-1,-1,-1,3,1,3
2017010046149,1,19,0,2,9,1,0,8,0,0,3,1,6,3,-1,-1,-1,-1,-1,-1,-1,-1
2017010046150,1,9,0,4,0,0,0,0,0,0,2,1,6,1,46,8,1598,2,6,2,1,2
2017010046150,2,9,0,4,0,0,0,0,0,0,1,1,2,2,29,6,1360,1,14,2,1,2
2017010046150,3,9,0,18,0,0,0,0,0,0,1,1,6,1,-1,-1,1391,1,22,2,1,2
2017010046164,1,1,-1,-1,-1,-1,-1,-1,-1,-1,-1,1,6,2,35,6,-1,-1,-1,3,1,3
2017010046164,2,19,-1,-1,-1,-1,-1,-1,-1,-1,-1,-1,6,1,43,7,-1,-1,-1,2,1,2
2017010046166,1,9,0,18,0,0,0,0,0,0,4,-1,6,1,40,7,1995,2,3,4,1,4
2017010046166,2,9,-1,-1,0,0,-1,0,0,0,-1,-1,6,3,-1,-1,1995,2,5,-1,-1,-1
2017010046171,1,1,-1,18,0,0,-1,0,0,0,3,1,2,1,22,5,-1,-1,-1,5,1,5
2017010046171,2,9,-1,11,0,0,-1,0,0,0,4,-1,6,2,-1,-1,-1,-1,-1,-1,-1,-1
2017010046175,1,9,0,3,0,0,0,0,0,0,4,-1,6,1,49,8,2993,2,5,2,1,2
2017010046175,2,9,0,18,0,0,0,0,0,0,3,-1,6,1,-1,-1,1991,2,12,-1,-1,-1
2017010046176,1,9,0,4,0,1,0,0,0,0,2,1,6,1,41,7,1587,1,20,5,1,5
2017010046176,2,9,0,3,0,1,0,0,0,0,2,-1,6,1,62,9,2488,2,5,8,1,8
2017010046176,3,9,0,18,0,1,0,0,0,0,1,-1,6,2,42,7,1596,1,4,2,1,2
2017010046180,1,1,0,7,0,6,0,0,0,0,1,1,2,1,27,6,-1,-1,-1,8,1,8
2017010046182,1,5,0,18,0,8,0,0,0,0,1,1,6,1,31,6,996,1,15,3,1,3
2017010046182,2,9,0,10,0,8,0,0,-1,0,1,-1,6,3,-1,-1,1595,1,1,-1,-1,-1
2017010046186,1,9,0,5,0,4,0,0,0,0,3,-1,6,1,33,6,999,1,2,4,1,4
2017010046187,1,9,0,18,0,2,1,0,0,0,4,-1,6,1,29,6,1596,1,17,-1,-1,-1
2017010046187,2,9,0,18,0,1,0,0,0,0,1,-1,6,1,26,6,1600,1,13,-1,-1,-1
2017010046190,1,9,0,4,0,1,0,0,0,0,2,1,6,1,48,8,1198,1,7,2,1,2
2017010046190,2,9,0,5,0,2,0,0,0,0,1,1,2,2,40,7,1360,1,13,2,1,2
2017010046194,1,9,0,18,0,1,0,0,0,0,3,-1,6,1,43,7,1596,1,11,-1,-1,-1
2017010046194,2,3,0,-1,0,-1,0,0,0,0,1,1,6,3,-1,-1,-1,-1,-1,-1,-1,-1
2017010046207,1,9,0,-1,-1,0,0,-1,-1,-1,-1,-1,6,2,30,6,1598,1,10,2,1,2
2017010046207,2,19,-1,-1,-1,0,-1,-1,-1,-1,-1,-1,6,1,-1,-1,1995,2,8,3,1,3
2017010046208,1,4,0,15,0,8,1,0,0,0,1,1,2,1,25,5,487,1,11,3,1,3
2017010046208,2,9,0,9,0,6,0,0,0,0,4,1,6,2,42,7,1598,1,9,9,1,9
2017010046210,1,9,-1,-1,-1,-1,-1,-1,-1,-1,-1,-1,6,2,17,4,1242,1,8,7,1,7
2017010046213,1,9,0,17,0,3,0,0,0,0,2,1,6,2,41,7,1968,2,4,8,1,8
2017010046213,2,11,0,18,0,1,0,0,0,0,1,1,1,1,16,4,7140,2,5,5,1,5
2017010046213,3,9,0,18,0,4,0,0,1,0,0,1,6,3,-1,-1,1598,2,-1,-1,-1,-1
2017010046218,1,11,0,18,2,1,0,0,0,0,1,1,1,1,59,9,6700,2,1,-1,-1,-1
2017010046218,2,9,0,7,2,1,0,0,0,0,4,1,1,2,20,4,1200,1,1,8,1,8
2017010046220,1,9,0,9,0,6,0,0,1,0,1,1,1,1,51,8,1596,1,11,-1,-1,-1
2017010046220,2,4,0,15,0,1,0,0,0,0,1,1,1,1,30,6,108,1,2,-1,-1,-1
2017010046224,1,9,0,18,0,1,0,0,0,0,1,1,6,2,44,7,1390,1,11,3,1,3
2017010046228,1,5,0,7,0,0,0,0,0,0,4,1,1,1,37,7,1000,1,3,5,1,5
2017010046229,1,19,0,9,0,5,0,0,0,0,3,1,6,1,29,6,2999,2,2,3,1,3
2017010046229,2,1,0,18,0,8,2,0,0,0,1,1,6,1,31,6,-1,-1,-1,6,1,6
2017010046230,1,9,0,3,0,1,0,0,0,0,0,1,6,2,78,11,1461,2,10,2,1,2
2017010046230,2,3,0,18,0,1,0,0,0,0,1,1,1,1,33,6,125,1,3,3,1,3
2017010046231,1,9,0,7,0,1,0,0,0,0,4,1,6,2,72,10,998,1,18,7,1,7
2017010046231,2,1,0,18,0,1,0,0,0,0,1,1,6,1,46,8,-1,-1,-1,6,1,6
2017010046238,1,9,0,18,0,0,0,0,0,0,1,1,6,1,65,9,1896,2,14,4,1,4
2017010046238,2,9,0,4,0,0,0,0,0,0,2,1,6,1,23,5,1995,2,6,7,1,7
2017010046238,3,9,0,18,0,0,0,0,0,0,2,1,6,1,58,9,1598,2,6,9,1,9
2017010046238,4,9,0,18,0,0,0,0,0,0,2,1,6,2,18,4,2993,2,-1,8,1,8
2017010046238,5,9,0,18,0,0,0,0,0,0,1,1,6,1,23,5,1686,2,10,1,1,1
2017010046239,1,9,0,18,0,0,0,0,0,0,1,1,2,1,19,4,1398,1,1,9,2,9
2017010046239,2,9,0,18,0,0,0,0,0,0,2,1,2,1,35,6,4000,1,8,8,1,8
2017010046242,1,3,0,18,7,1,1,0,0,0,0,1,6,1,21,5,124,1,5,2,1,2
2017010046245,1,9,0,18,0,0,0,0,7,-1,1,-1,6,1,34,6,1968,2,3,7,1,7
2017010046245,2,9,0,5,0,0,0,0,0,0,1,-1,6,3,-1,-1,2494,1,14,-1,-1,-1
2017010046248,1,9,0,18,-1,0,0,-1,0,0,-1,1,6,3,-1,-1,1999,2,-1,-1,-1,-1
2017010046258,1,9,0,9,0,5,1,0,0,0,3,1,1,1,42,7,1560,2,5,3,1,3
2017010046258,2,5,0,18,0,8,5,0,0,0,1,1,2,1,51,8,599,1,24,6,1,6
2017010046259,1,9,-1,18,0,-1,0,0,0,0,4,-1,6,1,42,7,2993,2,10,7,1,7
2017010046261,1,1,0,18,0,1,0,0,0,0,4,1,6,1,35,6,-1,-1,-1,5,2,5
2017010046261,2,9,0,9,0,1,0,0,0,0,3,-1,6,2,-1,-1,1198,1,14,2,1,2
2017010046263,1,9,0,9,0,8,0,0,0,0,3,1,6,1,-1,-1,-1,-1,-1,-1,-1,-1
2017010046263,2,1,0,13,0,8,0,0,0,0,1,1,6,1,32,6,-1,-1,-1,-1,-1,-1
2017010046264,1,3,0,4,0,1,5,0,0,0,1,1,6,1,19,4,125,1,5,3,1,3
2017010046264,2,3,0,4,0,1,0,0,0,0,2,1,6,1,25,5,124,1,4,1,1,1
2017010046266,1,9,0,9,0,6,0,0,0,0,1,1,6,3,-1,-1,1399,2,9,-1,-1,-1
2017010046266,2,9,0,9,0,6,0,0,0,0,1,1,6,3,-1,-1,1596,1,8,-1,-1,-1
2017010046267,1,9,0,10,0,2,0,0,0,0,1,1,6,1,86,11,1596,1,7,-1,-1,-1
2017010046267,2,9,5,16,0,8,0,0,0,0,4,1,6,2,43,7,1797,8,7,3,1,3
2017010046269,1,90,-1,18,-1,-1,-1,-1,-1,-1,-1,-1,6,1,17,4,-1,-1,-1,-1,-1,-1
2017010046270,1,5,0,18,0,1,5,0,0,0,2,1,2,1,61,9,800,1,6,4,1,4
2017010046270,2,11,0,3,2,1,0,0,0,0,3,1,1,1,57,9,3900,2,12,4,1,4
2017010046270,3,19,0,3,0,1,0,0,0,0,4,1,1,1,40,7,-1,-1,-1,4,1,4
2017010046271,1,9,0,5,0,0,0,0,1,0,1,1,3,1,67,10,998,1,15,5,1,5
2017010046271,2,8,0,5,0,0,0,0,0,0,1,1,1,1,35,6,1950,2,1,2,1,2
2017010046272,1,9,0,4,0,8,0,0,0,0,1,1,6,1,56,9,998,1,5,5,1,5
2017010046272,2,9,0,4,0,8,0,0,0,0,2,1,6,2,23,5,1149,1,14,2,1,2
2017010046272,3,9,0,4,0,8,0,0,0,0,2,1,6,2,43,7,999,1,7,2,1,2
2017010046272,4,19,0,3,0,8,0,0,0,0,2,1,6,1,41,7,2148,2,9,4,1,4
2017010046273,1,3,0,9,0,1,0,0,0,0,2,1,6,1,31,6,125,1,10,4,1,4
2017010046273,2,3,0,13,0,1,0,0,0,0,1,1,6,1,27,6,125,1,6,-1,-1,-1
2017010046275,1,9,0,18,0,0,1,0,0,0,1,1,6,1,27,6,1984,1,17,-1,-1,-1
2017010046275,2,9,0,18,0,0,0,0,0,0,1,1,6,1,61,9,1973,1,18,7,1,7
2017010046275,3,9,0,2,0,0,0,0,0,0,4,1,6,3,-1,-1,1595,1,20,-1,-1,-1
2017010046276,1,9,0,18,0,0,0,0,0,0,1,1,6,1,49,8,1595,2,7,4,1,4
2017010046277,1,9,0,4,0,0,0,0,0,0,2,1,2,2,21,5,998,1,7,10,1,10
2017010046277,2,9,0,18,0,0,0,0,0,0,1,1,2,1,48,8,1560,2,7,8,1,8
2017010046277,3,9,0,3,0,0,0,0,0,0,2,1,1,1,49,8,1560,2,3,-1,-1,-1
2017010046278,1,9,0,18,0,5,0,0,0,0,1,1,6,1,50,8,1598,2,1,4,1,4
2017010046278,2,9,0,7,0,5,0,0,0,0,1,1,6,1,53,8,1988,2,13,6,1,6
2017010046279,1,11,0,4,0,1,0,0,0,0,0,1,1,1,34,6,6700,2,7,1,1,1
2017010046280,1,2,0,18,0,8,0,0,0,0,1,1,6,1,18,4,124,1,12,1,1,1
2017010046280,2,9,0,9,0,8,0,0,0,0,1,1,6,1,22,5,1390,1,7,4,1,4
2017010046281,1,1,0,5,0,8,2,0,0,0,1,1,6,1,23,5,-1,-1,-1,3,1,3
2017010046282,1,9,0,18,0,0,0,0,0,0,2,1,6,1,48,8,1560,2,12,7,1,7
2017010046282,2,9,0,18,0,0,0,0,0,0,1,1,1,1,26,6,1560,2,1,3,1,3
2017010046283,1,9,0,18,0,2,0,0,0,0,3,1,6,1,43,7,3199,1,16,6,1,6
2017010046283,2,2,0,18,0,1,0,0,0,0,1,1,6,1,34,6,108,1,8,2,1,2
2017010046285,1,1,0,18,0,0,0,0,0,0,1,1,6,1,24,5,-1,-1,-1,8,1,8
2017010046286,1,9,0,18,0,1,0,0,0,0,1,1,6,1,26,6,998,1,12,2,1,2
2017010046287,1,5,0,15,0,0,5,0,0,0,0,1,6,1,36,7,599,1,5,5,1,5
2017010046287,2,9,0,11,0,0,0,0,0,0,0,1,6,2,45,7,1598,1,9,3,1,3
2017010046288,1,9,0,1,9,0,0,0,0,0,2,1,6,1,33,6,1329,1,8,2,1,2
2017010046290,1,5,0,18,0,0,0,0,0,0,2,1,6,1,54,8,883,1,14,6,1,6
2017010046291,1,9,0,7,0,5,0,0,0,0,4,2,6,1,43,7,1999,1,-1,7,1,7
2017010046291,2,3,0,7,0,5,0,0,0,0,1,1,6,1,29,6,125,1,-1,1,1,1
2017010046292,1,9,0,18,0,0,0,0,0,0,1,1,6,1,24,5,1596,1,10,5,1,5
2017010046292,2,9,0,18,0,0,0,0,0,0,1,1,6,1,29,6,2183,2,6,4,1,4
2017010046293,1,3,0,14,0,1,0,0,0,0,4,1,6,2,28,6,124,1,13,4,1,4
2017010046293,2,9,0,5,0,1,0,0,0,0,3,1,6,1,48,8,2494,1,13,2,1,2
2017010046294,1,9,0,3,0,1,0,0,0,0,2,1,6,2,23,5,1242,1,11,2,1,2
2017010046294,2,9,0,18,0,1,0,0,0,0,1,1,6,1,69,10,1686,2,13,2,1,2
2017010046294,3,9,0,10,0,1,0,0,0,0,2,1,6,1,35,6,1598,1,11,1,1,1
2017010046295,1,19,0,18,0,8,0,0,0,0,1,1,2,1,51,8,2500,2,12,1,1,1
2017010046295,2,9,0,9,0,8,0,0,0,0,1,1,6,2,54,8,1998,1,14,1,1,1
2017010046296,1,9,0,18,0,0,0,0,0,0,1,2,6,1,22,5,1995,2,3,3,1,3
2017010046297,1,3,0,4,0,1,0,0,0,0,4,1,1,1,21,5,124,1,-1,4,1,4
2017010046298,1,3,0,15,0,0,0,0,0,0,1,1,1,1,36,7,125,1,1,8,1,8
2017010046298,2,9,0,9,0,0,0,0,0,0,4,1,6,1,20,4,1149,1,13,4,1,4
2017010046299,1,11,-1,-1,-1,0,-1,-1,0,0,-1,1,6,3,-1,-1,-1,-1,-1,-1,-1,-1
2017010046300,1,3,0,18,0,1,5,0,0,0,1,1,6,1,41,7,108,1,9,3,1,3
2017010046300,2,9,0,18,0,1,0,0,0,0,1,1,6,1,31,6,2435,1,18,-1,-1,-1
2017010046300,3,9,0,18,0,1,0,0,0,0,4,1,6,1,30,6,1984,1,-1,5,1,5
2017010046301,1,8,0,6,0,2,0,0,0,0,3,1,1,1,40,7,1997,2,4,3,1,3
2017010046301,2,1,0,14,0,2,0,0,0,0,1,1,6,1,33,6,-1,-1,-1,3,1,3
2017010046302,1,9,0,6,0,1,0,0,0,0,3,1,1,1,65,9,-1,-1,-1,3,1,3
2017010046302,2,9,0,18,0,2,0,0,0,0,1,1,6,1,27,6,1596,1,16,1,1,1
2017010046303,1,9,0,18,0,8,0,0,0,0,3,1,6,2,47,8,1399,2,10,2,1,2
2017010046303,2,9,0,7,0,6,0,0,0,0,4,1,6,3,-1,-1,1197,1,3,-1,-1,-1
2017010046303,3,19,0,2,0,1,0,0,0,0,2,1,6,3,-1,-1,2402,2,7,-1,-1,-1
2017010046304,1,3,0,5,0,1,5,0,0,0,1,1,6,1,30,6,-1,-1,-1,2,1,2
2017010046305,1,3,0,18,0,0,0,0,0,0,1,1,6,3,-1,-1,-1,-1,-1,-1,-1,-1
2017010046307,1,9,0,18,0,1,0,0,0,0,4,1,6,1,19,4,1995,2,5,9,1,9
2017010046307,2,9,0,18,0,8,0,0,0,0,1,1,6,3,-1,-1,-1,-1,-1,-1,-1,-1
2017010046308,1,9,0,18,0,3,0,0,0,0,3,1,6,2,28,6,1560,2,10,7,1,7
2017010046308,2,3,0,13,0,3,2,0,0,0,1,1,6,1,17,4,125,1,4,1,1,1
2017010046310,1,9,0,17,0,0,2,10,0,0,4,1,6,1,36,7,1997,1,5,4,1,4
2017010046311,1,11,0,18,0,8,0,0,0,0,0,1,6,1,28,6,8268,2,14,1,1,1
2017010046312,1,9,0,9,0,0,0,0,0,0,1,1,6,1,30,6,998,1,4,-1,-1,-1
2017010046312,2,3,0,18,0,0,0,0,0,0,1,1,6,1,23,5,124,1,11,3,1,3
2017010046314,1,9,0,9,0,4,1,10,1,1,4,1,6,1,21,5,1598,2,2,8,1,8
2017010046316,1,19,0,1,8,0,0,0,0,0,2,1,6,1,29,6,1995,2,5,3,1,3
2017010046317,1,8,0,18,0,2,0,0,7,10,1,1,1,1,80,11,2776,2,1,10,1,10
2017010046318,1,21,0,18,0,0,0,0,0,0,1,1,1,1,47,8,10837,2,1,6,1,6
2017010046318,2,9,0,12,0,0,0,0,0,0,3,1,1,2,31,6,998,1,3,2,1,2
2017010046319,1,9,0,11,0,1,1,0,0,0,1,1,6,1,27,6,1968,2,12,-1,-1,-1
2017010046319,2,19,0,18,0,1,1,0,0,0,2,1,1,1,31,6,2198,2,3,7,1,7
2017010046322,1,9,0,9,0,8,0,0,0,0,3,1,2,1,52,8,1997,2,6,4,1,4
2017010046322,2,1,0,4,0,1,0,0,0,0,1,1,2,1,33,6,-1,-1,-1,3,1,3
2017010046330,1,9,-1,-1,-1,-1,-1,-1,-1,-1,-1,-1,6,2,57,9,1348,1,16,2,1,2
2017010046330,2,9,-1,-1,-1,-1,-1,-1,-1,-1,-1,-1,6,1,-1,-1,1598,2,1,10,1,10
2017010046336,1,9,0,3,0,-1,-1,-1,0,0,2,-1,6,1,39,7,1995,1,11,4,1,4
2017010046336,2,9,-1,18,0,-1,-1,-1,0,0,1,-1,6,2,-1,-1,1800,1,18,-1,-1,-1
2017010046341,1,3,-1,18,9,2,-1,0,0,0,1,1,6,3,-1,-1,-1,-1,-1,-1,-1,-1
2017010046342,1,9,-1,-1,0,-1,0,-1,0,0,-1,-1,6,2,30,6,1998,2,10,3,1,3
2017010046342,2,9,0,18,0,-1,0,-1,0,0,-1,-1,6,1,-1,-1,-1,-1,-1,-1,-1,-1
2017010046343,1,9,0,7,0,3,0,0,0,0,4,1,1,2,29,6,1499,1,1,6,1,6
2017010046343,2,4,0,18,0,8,0,0,0,0,3,1,1,1,47,8,249,1,10,5,1,5
2017010046343,3,11,0,18,0,8,0,0,0,0,0,1,6,1,62,9,-1,-1,-1,4,1,4
2017010046345,1,9,0,18,0,2,0,0,0,0,0,1,6,1,26,6,1497,8,12,3,1,3
2017010046345,2,9,0,5,0,2,0,0,0,0,1,-1,6,3,-1,-1,1798,8,4,-1,-1,-1
2017010046356,1,19,0,7,2,1,0,0,0,0,0,1,2,1,21,5,2198,2,3,9,1,9
2017010046356,2,1,0,18,2,1,0,0,0,0,0,1,2,1,24,5,-1,-1,-1,3,1,3
2017010046357,1,1,0,18,0,1,0,0,0,0,0,1,2,2,32,6,-1,-1,-1,6,1,6
2017010046364,1,4,0,18,0,2,0,4,0,0,1,1,2,1,32,6,124,1,3,5,1,5
2017010046364,2,11,0,18,0,2,0,0,0,0,1,1,1,1,46,8,9360,2,7,7,1,7
2017010046364,3,19,0,18,0,2,0,0,0,0,2,1,6,3,-1,-1,-1,-1,-1,-1,-1,-1
2017010046373,1,9,0,9,0,8,0,0,0,0,1,1,3,2,23,5,1400,2,11,6,1,6
2017010046373,2,1,0,18,0,8,0,0,0,0,4,1,1,1,29,6,-1,-1,-1,6,1,6
2017010046379,1,1,0,18,-1,-1,0,0,0,0,-1,1,6,1,25,5,-1,-1,-1,1,1,1
2017010046380,1,9,0,10,0,1,0,0,0,0,2,1,6,2,48,8,-1,-1,-1,-1,-1,-1
2017010046380,2,19,0,18,0,1,0,0,0,0,1,1,1,1,-1,-1,1995,2,9,4,1,4
2017010046385,1,9,0,9,0,5,0,0,0,0,4,1,2,1,32,6,2967,1,11,9,1,9
2017010046385,2,5,0,18,0,1,0,0,0,0,1,1,2,1,30,6,599,1,10,3,1,3
2017010046386,1,9,-1,-1,-1,-1,-1,-1,-1,-1,-1,-1,6,3,-1,-1,-1,-1,-1,-1,-1,-1
2017010046394,1,19,0,9,0,8,0,0,0,0,4,1,2,1,25,5,2198,2,2,4,1,4
2017010046394,2,1,0,18,0,1,0,0,0,0,1,1,2,1,39,7,-1,-1,-1,3,1,3
2017010046398,1,8,0,5,0,6,0,0,0,0,1,1,1,1,40,7,1497,8,9,1,1,1
2017010046400,1,9,0,18,0,4,0,0,0,0,1,-1,2,1,39,7,995,1,12,2,1,2
2017010046400,2,9,0,18,0,3,0,0,0,0,1,-1,6,1,-1,-1,-1,-1,-1,-1,-1,-1
2017010046407,1,9,-1,-1,0,0,-1,0,0,0,0,-1,6,1,57,9,1598,2,3,3,1,3
2017010046407,2,19,0,18,0,0,0,0,0,0,1,-1,6,1,-1,-1,-1,-1,-1,-1,-1,-1
2017010046411,1,9,0,10,0,6,0,0,0,0,3,1,1,2,42,7,1598,2,2,6,1,6
2017010046411,2,9,0,18,0,1,0,0,0,0,1,1,6,1,52,8,1699,1,10,1,1,1
2017010046418,1,4,0,15,0,5,2,0,0,0,4,1,2,1,44,7,998,1,6,5,1,5
2017010046418,2,9,0,9,0,1,0,0,0,0,4,1,6,1,43,7,1995,2,4,3,1,3
2017010046421,1,9,0,18,0,1,0,0,0,0,4,1,6,1,35,6,2148,2,12,2,1,2
2017010046421,2,9,0,9,0,6,0,0,0,0,1,-1,6,1,-1,-1,-1,-1,-1,-1,-1,-1
2017010046437,1,9,-1,-1,-1,0,0,-1,-1,-1,2,1,6,1,-1,-1,1997,2,4,-1,-1,-1
2017010046437,2,9,-1,-1,-1,0,-1,-1,-1,-1,-1,1,6,3,-1,-1,1560,2,12,-1,-1,-1
2017010046443,1,1,0,18,0,1,0,0,0,0,4,1,6,1,32,6,-1,-1,-1,2,1,2
2017010046443,2,8,0,3,0,1,0,0,0,0,3,-1,6,3,-1,-1,-1,-1,-1,-1,-1,-1
2017010046447,1,8,0,9,0,8,0,0,0,0,1,1,6,1,49,8,-1,-1,-1,3,1,3
2017010046451,1,9,-1,-1,-1,-1,-1,-1,-1,-1,-1,-1,6,2,22,5,599,1,14,1,1,1
2017010046451,2,1,-1,-1,-1,-1,-1,-1,-1,-1,-1,1,6,2,-1,-1,-1,-1,-1,-1,-1,-1
2017010046457,1,9,0,9,0,5,0,0,0,0,1,1,6,1,32,6,2000,1,11,2,1,2
2017010046457,2,1,0,18,4,8,0,0,1,0,3,1,2,1,47,8,-1,-1,-1,10,1,10
2017010046460,1,9,0,4,0,8,0,0,0,0,2,1,6,2,27,6,1339,1,12,1,1,1
2017010046460,2,3,0,4,0,8,0,0,0,0,1,1,6,1,32,6,125,1,2,6,1,6
2017010046465,1,3,0,15,0,8,0,0,0,0,1,1,6,1,55,8,125,1,1,5,1,5
2017010046465,2,9,0,3,0,8,0,0,0,0,1,1,6,1,74,10,973,1,14,5,1,5
2017010046466,1,1,0,18,0,1,0,0,0,0,1,1,6,1,36,7,-1,-1,-1,2,1,2
2017010046468,1,9,0,-1,0,0,0,0,0,0,1,-1,6,1,51,8,1896,2,8,3,1,3
2017010046468,2,1,0,18,0,0,0,0,0,0,-1,1,1,2,29,6,-1,-1,-1,8,1,8
2017010046472,1,9,0,9,0,8,0,0,0,0,4,1,6,1,27,6,698,1,11,1,1,1
2017010046472,2,90,0,15,0,1,2,0,0,0,1,1,6,1,31,6,-1,-1,-1,3,1,3
2017010046473,1,1,0,4,0,8,0,0,0,0,2,1,2,1,23,5,-1,-1,-1,9,1,9
2017010046473,2,11,0,5,0,8,0,0,0,0,1,1,1,1,58,9,9360,2,8,1,1,1
2017010046480,1,9,0,18,0,2,0,-1,0,0,4,-1,6,3,-1,-1,1598,1,2,-1,-1,-1
2017010046480,2,1,0,18,0,1,0,0,0,0,3,1,6,1,39,7,-1,-1,-1,8,1,8
2017010046484,1,19,0,7,0,6,0,0,0,0,4,1,1,1,65,9,-1,-1,-1,9,1,9
2017010046484,2,4,0,7,0,6,0,0,0,0,3,1,6,1,70,10,471,1,3,9,1,9
2017010046485,1,9,0,11,0,1,0,0,0,0,2,1,6,2,30,6,1397,1,13,5,1,5
2017010046485,2,11,0,5,0,1,0,0,0,0,1,1,1,1,51,8,4500,2,3,-1,-1,-1
2017010046487,1,21,1,18,0,8,0,0,0,0,1,1,1,1,48,8,12777,2,2,2,1,2
2017010046487,2,9,0,18,0,8,0,0,0,0,2,1,6,2,43,7,1769,1,11,4,1,4
2017010046489,1,9,0,18,0,0,0,0,0,0,1,1,1,2,47,8,1197,1,1,2,1,2
2017010046498,1,11,0,16,0,0,0,0,0,0,3,1,1,1,61,9,4500,2,5,3,1,3
2017010046498,2,90,1,17,0,0,0,4,0,0,2,1,1,1,-1,-1,-1,-1,-1,7,1,7
2017010046501,1,5,0,7,0,3,0,0,0,0,0,1,6,1,20,4,865,1,3,6,1,6
2017010046501,2,9,0,18,0,1,0,0,0,0,0,2,2,1,50,8,4663,1,3,6,1,6
2017010046506,1,9,0,3,0,1,0,0,0,0,2,1,6,2,50,8,1999,2,-1,8,1,8
2017010046506,2,9,0,18,0,1,0,0,0,0,1,1,6,2,-1,-1,1598,2,3,-1,-1,-1
2017010046507,1,9,0,18,0,8,0,0,0,0,2,1,6,1,28,6,1598,1,8,3,1,3
2017010046507,2,9,0,18,0,8,0,0,0,0,1,1,6,2,56,9,2231,2,6,4,1,4
2017010046508,1,4,0,18,0,1,0,0,0,0,1,1,6,1,55,8,248,1,36,6,1,6
2017010046508,2,1,0,18,0,1,0,0,0,0,2,1,6,2,47,8,-1,-1,-1,1,1,1
2017010046511,1,19,0,6,0,1,0,0,0,0,1,1,1,1,42,7,2198,2,7,3,1,3
2017010046511,2,5,0,18,0,2,0,0,0,0,1,1,6,1,28,6,998,1,7,3,1,3
2017010046512,1,1,0,18,0,0,0,0,0,0,1,1,6,1,13,3,-1,-1,-1,3,1,3
2017010046514,1,9,0,16,0,2,0,0,0,0,3,2,1,1,48,8,3456,8,1,4,2,4
2017010046514,2,1,0,18,0,1,0,0,0,0,1,1,6,1,27,6,-1,-1,-1,-1,-1,-1
2017010046516,1,11,0,14,0,1,0,0,0,0,0,1,1,1,49,8,4500,2,2,2,1,2
2017010046519,1,8,0,4,0,2,0,4,0,0,4,1,1,1,47,8,1950,2,1,2,1,2
2017010046519,2,3,0,4,0,2,0,8,0,0,3,1,1,1,22,5,125,1,-1,2,1,2
2017010046520,1,3,0,15,0,0,5,0,0,0,1,1,2,1,45,7,124,1,1,2,1,2
2017010046525,1,9,0,3,0,8,0,0,0,0,2,-1,6,2,38,7,2696,2,11,3,1,3
2017010046525,2,9,0,3,0,8,0,0,0,0,1,-1,6,3,-1,-1,1242,1,1,-1,-1,-1
2017010046530,1,9,0,18,0,0,0,0,0,0,1,1,6,3,-1,-1,-1,-1,-1,-1,-1,-1
2017010046531,1,9,0,18,0,8,1,10,0,0,1,1,6,2,62,9,1398,1,2,-1,-1,-1
2017010046531,2,9,0,18,0,2,0,0,0,0,2,1,6,2,34,6,1248,2,5,7,1,7
2017010046533,1,8,0,18,0,8,0,0,0,0,4,1,1,1,45,7,1798,8,1,2,1,2
2017010046533,2,8,0,18,0,8,0,0,0,0,3,1,6,1,33,6,2987,2,1,5,1,5
2017010046534,1,1,0,-1,0,1,0,0,0,0,2,1,6,1,30,6,-1,-1,-1,2,1,2
2017010046534,2,8,0,-1,0,1,0,0,0,0,1,-1,6,1,-1,-1,1598,1,5,-1,-1,-1
2017010046535,1,9,0,17,0,8,0,0,0,0,3,1,6,1,52,8,1989,1,18,10,1,10
2017010046535,2,21,0,17,0,8,0,0,0,0,4,1,1,1,27,6,12900,2,7,5,1,5
2017010046537,1,9,0,18,0,1,0,0,0,0,1,1,6,1,25,5,2967,2,5,8,1,8
2017010046537,2,9,0,18,9,1,1,0,1,0,1,1,6,1,40,7,1596,1,9,3,1,3
2017010046539,1,19,0,5,0,8,0,0,0,0,1,1,6,1,38,7,-1,-1,-1,6,1,6
2017010046540,1,3,0,14,0,2,5,0,0,0,1,1,2,1,25,5,-1,-1,-1,2,1,2
2017010046540,2,9,0,5,0,2,0,0,0,0,4,1,1,1,26,6,1988,1,14,2,1,2
2017010046541,1,19,0,7,0,1,0,0,0,0,4,1,1,1,43,7,1968,2,3,9,2,9
2017010046541,2,1,0,18,4,1,0,0,0,0,1,1,1,1,44,7,-1,-1,-1,10,1,10
2017010046542,1,9,0,9,0,5,0,0,0,0,1,1,6,1,34,6,1596,1,10,2,1,2
2017010046542,2,3,0,18,0,1,0,0,0,0,1,1,6,1,20,4,124,1,4,2,1,2