Accident_Index,Vehicle_Reference,Vehicle_Type,Towing_and_Articulation,Vehicle_Manoeuvre,Vehicle_Location-Restricted_Lane,Junction_Location,Skidding_and_Overturning,Hit_Object_in_Carriageway,Vehicle_Leaving_Carriageway,Hit_Object_off_Carriageway,1st_Point_of_Impact,Was_Vehicle_Left_Hand_Drive?,Journey_Purpose_of_Driver,Sex_of_Driver,Age_of_Driver,Age_Band_of_Driver,Engine_Capacity_(CC),Propulsion_Code,Age_of_Vehicle,Driver_IMD_Decile,Driver_Home_Area_Type,Vehicle_IMD_Decile
2017010046929,2,9,0,3,0,1,0,0,0,0,4,1,2,1,28,6,1999,2,1,3,1,3
2017010046935,1,9,0,9,0,1,0,0,0,0,4,1,6,1,30,6,898,1,2,7,1,7
2017010046935,2,4,0,18,0,1,5,0,0,0,1,1,1,1,22,5,125,1,-1,8,1,8
2017010046936,1,9,-1,1,0,0,0,0,0,0,2,-1,6,3,-1,-1,1399,1,-1,-1,-1,-1
2017010046939,1,3,0,18,0,1,0,0,0,0,3,1,6,2,26,6,125,1,3,4,1,4
2017010046939,2,9,0,9,0,1,0,0,0,0,1,1,6,1,-1,-1,1198,1,12,-1,-1,-1
2017010046940,1,11,0,17,0,8,0,0,0,0,0,1,1,1,38,7,4500,2,1,5,1,5
2017010046943,1,9,0,18,0,3,1,0,0,0,1,1,6,1,38,7,2393,1,14,5,1,5
2017010046945,1,4,0,18,0,0,0,0,0,0,3,1,1,1,29,6,1200,1,19,8,1,8
2017010046945,2,9,0,11,0,0,0,0,0,0,4,1,1,1,40,7,1597,2,3,6,1,6
2017010046947,1,5,0,18,0,0,0,0,0,0,1,1,2,1,25,5,599,1,8,4,1,4
2017010046948,1,9,-1,-1,0,0,-1,0,-1,-1,3,2,6,2,48,8,1598,2,1,-1,-1,-1
2017010046948,2,9,-1,18,-1,0,-1,12,-1,-1,-1,-1,6,2,-1,-1,2979,1,14,-1,-1,-1
2017010046949,1,9,0,18,0,8,0,0,0,0,1,1,6,2,39,7,1598,1,10,2,1,2
2017010046949,2,9,0,9,0,8,0,0,0,0,3,1,6,1,38,7,1995,2,1,3,1,3
2017010046954,1,9,-1,18,-1,-1,-1,-1,-1,0,-1,1,6,2,48,8,1968,2,12,3,1,3
2017010046954,2,9,-1,18,-1,-1,-1,-1,-1,0,-1,1,6,3,-1,-1,-1,-1,-1,-1,-1,-1
2017010046957,1,21,1,7,0,7,0,0,0,0,0,1,1,1,36,7,10837,2,2,1,1,1
2017010046958,1,9,0,5,0,2,0,0,0,0,4,1,6,1,35,6,995,1,9,6,1,6
2017010046958,2,9,0,18,0,2,1,0,0,0,1,1,6,1,76,11,-1,-1,-1,10,1,10
2017010046961,1,11,0,3,0,0,0,0,0,0,3,1,1,1,30,6,5132,2,2,1,1,1
2017010046961,2,9,0,5,0,0,0,0,0,0,3,1,6,2,63,9,1798,8,-1,9,1,9
2017010046966,1,9,0,9,0,5,0,0,0,0,1,1,6,1,49,8,1997,1,13,2,1,2
2017010046968,1,5,0,18,0,1,0,0,0,0,2,1,6,1,37,7,-1,-1,-1,7,1,7
2017010046971,1,9,0,18,0,7,0,0,0,0,2,1,2,2,59,9,1497,8,9,3,1,3
2017010046971,2,9,0,18,0,7,0,0,0,0,2,1,2,2,35,6,1598,1,10,5,1,5
2017010046971,3,8,0,18,0,7,0,0,0,0,1,1,1,1,37,7,1968,2,6,2,1,2
2017010046972,1,9,0,4,0,5,0,0,0,0,1,1,2,1,33,6,2148,2,12,3,1,3
2017010046972,2,9,0,4,0,5,0,0,0,0,1,1,2,1,25,5,1995,2,-1,1,1,1
2017010046974,1,11,0,18,0,0,0,0,0,0,1,1,1,1,60,9,11967,2,14,7,1,7
2017010046976,1,19,0,18,0,1,0,0,0,0,2,1,1,1,26,6,1753,2,9,3,1,3
2017010046976,2,9,0,18,0,1,0,0,0,0,2,1,6,3,-1,-1,1560,2,12,-1,-1,-1
2017010046980,1,1,0,18,0,1,0,0,0,0,1,1,6,3,-1,-1,-1,-1,-1,-1,-1,-1
2017010046987,1,3,0,18,0,4,0,0,0,0,1,1,6,1,37,7,108,1,5,3,1,3
2017010046992,1,9,-1,-1,-1,0,-1,-1,-1,-1,-1,-1,6,1,-1,-1,-1,-1,-1,-1,-1,-1
2017010046993,1,11,0,4,0,2,0,0,0,0,0,1,1,1,52,8,6700,2,5,5,1,5
2017010046997,1,9,-1,-1,0,0,-1,0,0,0,1,-1,6,1,-1,-1,3498,1,11,-1,-1,-1
2017010046997,2,1,-1,18,-1,0,-1,-1,0,0,4,1,6,1,37,7,-1,-1,-1,9,1,9
2017010046998,1,1,-1,18,-1,0,-1,-1,-1,-1,-1,1,6,1,39,7,-1,-1,-1,3,1,3
2017010046999,1,11,0,7,0,1,0,4,0,0,1,1,1,1,55,8,6700,2,5,3,1,3
2017010046999,2,9,0,3,0,1,0,0,0,0,2,1,6,2,30,6,998,1,2,8,1,8
2017010047002,1,3,0,18,0,8,0,0,0,0,4,1,6,1,28,6,124,1,5,2,1,2
2017010047002,2,9,0,18,0,8,0,0,0,0,1,1,6,3,-1,-1,1497,8,10,-1,-1,-1
2017010047003,1,9,0,-1,0,0,1,0,0,0,3,1,1,2,45,7,1560,2,4,5,1,5
2017010047005,1,9,0,9,0,1,0,0,0,0,3,1,6,2,39,7,1988,1,15,8,1,8
2017010047005,2,4,0,14,0,1,0,0,0,0,1,1,6,1,21,5,373,1,2,2,1,2
2017010047006,1,9,0,9,0,1,0,0,0,0,4,1,6,3,-1,-1,1598,1,12,-1,-1,-1
2017010047006,2,4,0,18,0,1,1,0,0,0,2,1,1,1,42,7,125,1,5,3,1,3
2017010047007,1,9,0,16,0,3,0,0,0,0,4,1,1,2,52,8,1598,1,4,2,1,2
2017010047008,1,8,0,5,0,1,0,0,0,0,1,1,1,1,54,8,-1,-1,-1,3,1,3
2017010047008,2,1,0,16,4,1,0,0,0,0,1,1,2,1,18,4,-1,-1,-1,4,1,4
2017010047010,1,9,0,18,0,0,0,0,0,0,2,1,6,1,27,6,1399,2,9,6,1,6
2017010047010,2,9,0,18,0,0,0,0,0,0,1,1,2,2,38,7,1229,1,3,4,1,4
2017010047013,1,21,1,18,0,4,0,0,0,0,4,1,1,1,43,7,12902,2,4,4,1,4
2017010047013,2,9,0,18,0,4,0,0,1,7,3,1,6,1,31,6,1596,1,12,10,1,10
2017010047014,1,9,0,3,0,1,0,0,0,0,2,1,6,2,21,5,1360,1,11,2,1,2
2017010047014,2,9,0,3,0,1,0,0,0,0,1,1,6,1,25,5,1461,2,2,2,1,2
2017010047015,1,9,0,18,0,2,0,0,0,0,4,1,3,2,34,6,1598,1,6,2,1,2
2017010047017,1,9,0,5,0,8,0,0,0,0,1,1,1,1,26,6,1197,1,2,3,1,3
2017010047017,2,3,0,7,0,6,0,0,0,0,1,1,6,1,25,5,124,1,11,7,1,7
2017010047018,1,3,0,15,2,0,0,0,0,0,1,1,6,1,37,7,125,1,7,2,1,2
2017010047019,1,3,0,18,0,6,0,0,0,0,1,1,1,1,18,4,125,1,1,2,1,2
2017010047020,1,9,0,18,0,1,0,0,0,0,1,1,2,1,43,7,2776,2,12,4,1,4
2017010047020,2,1,0,9,0,6,5,0,0,0,1,1,6,1,17,4,-1,-1,-1,1,1,1
2017010047021,1,9,0,4,0,5,0,0,0,0,1,1,1,1,67,10,-1,3,-1,3,1,3
2017010047021,2,9,0,2,0,2,0,0,0,0,2,1,6,3,-1,-1,-1,-1,-1,-1,-1,-1
2017010047023,1,9,0,5,0,8,0,0,0,0,1,1,6,1,48,8,1598,1,10,9,1,9
2017010047023,2,4,0,18,0,8,0,0,0,0,3,1,2,1,69,10,125,1,10,3,1,3
2017010047024,1,19,0,4,0,0,0,0,0,0,2,1,1,1,37,7,2148,2,11,1,1,1
2017010047024,2,9,0,18,0,0,0,0,0,0,1,1,6,2,30,6,2179,2,3,7,3,7
2017010047025,1,9,0,4,0,1,0,0,0,0,1,1,1,1,40,7,1798,8,2,4,1,4
2017010047026,1,5,0,13,0,1,0,0,0,0,3,1,6,1,31,6,599,1,12,9,1,9
2017010047026,2,20,0,18,2,1,0,0,0,0,4,1,6,3,-1,-1,-1,-1,-1,-1,-1,-1
2017010047026,3,19,0,18,0,1,0,0,0,0,3,1,6,3,-1,-1,-1,-1,-1,-1,-1,-1
2017010047026,4,11,0,3,2,1,0,0,0,0,4,1,1,1,47,8,9360,2,9,-1,-1,-1
2017010047026,5,8,0,3,0,1,0,0,0,0,4,1,1,1,31,6,1797,8,3,-1,-1,-1
2017010047028,1,3,0,10,0,1,0,0,0,0,2,1,6,1,32,6,108,1,1,1,1,1
2017010047028,2,9,0,3,0,1,0,0,0,0,1,1,6,1,79,11,1598,1,13,9,1,9
2017010047029,1,9,0,18,0,2,0,0,0,0,4,1,6,2,20,4,1242,1,8,7,1,7
2017010047029,2,90,0,7,0,6,0,0,0,0,1,1,6,1,38,7,6370,2,14,7,1,7
2017010047030,1,9,0,18,0,0,0,0,0,0,1,1,6,1,32,6,1956,2,2,5,1,5
2017010047030,2,9,0,9,0,0,0,0,0,0,4,1,6,2,20,4,1242,1,3,5,2,5
2017010047031,1,9,0,18,0,4,0,0,0,0,1,1,6,2,65,9,1910,2,11,3,1,3
2017010047031,2,1,5,18,0,4,5,0,0,0,3,1,6,1,39,7,-1,-1,-1,4,1,4
2017010047033,1,9,0,5,0,8,0,0,0,0,1,1,2,2,29,6,1590,1,13,9,1,9
2017010047034,1,9,0,18,0,8,5,0,7,0,1,1,6,3,-1,-1,2993,2,5,-1,-1,-1
2017010047034,2,9,0,7,0,6,0,0,1,0,3,1,2,2,45,7,1388,1,5,6,1,6
2017010047034,3,9,0,18,0,8,0,0,0,0,1,1,4,2,38,7,2987,2,9,7,1,7
2017010047034,4,9,0,18,0,1,0,0,0,0,0,1,1,1,43,7,1498,1,-1,3,1,3
2017010047035,1,9,0,1,0,2,0,0,0,0,2,1,6,3,-1,-1,-1,-1,-1,-1,-1,-1
2017010047037,1,9,0,5,0,0,0,0,0,0,1,1,6,2,37,7,1598,1,11,2,1,2
2017010047038,1,9,0,18,0,0,0,0,0,0,1,1,6,3,-1,-1,-1,-1,-1,-1,-1,-1
2017010047039,1,9,0,18,0,1,0,0,0,0,1,1,6,3,-1,-1,-1,-1,-1,-1,-1,-1
2017010047039,2,1,0,18,0,1,0,0,0,0,2,1,2,1,20,4,-1,-1,-1,7,1,7
2017010047040,1,9,0,18,0,1,0,0,0,0,3,1,3,2,62,9,1598,1,12,7,1,7
2017010047041,1,9,0,4,0,0,0,0,0,0,0,1,6,1,57,9,1339,1,14,2,1,2
2017010047041,2,1,0,18,0,0,0,0,0,0,1,1,6,1,11,3,-1,-1,-1,3,1,3
2017010047042,1,9,0,9,0,8,0,0,0,0,3,1,6,2,23,5,1199,2,6,8,1,8
2017010047042,2,9,0,18,0,8,0,0,0,0,1,1,6,1,50,8,998,1,-1,4,1,4
2017010047043,1,9,0,9,0,1,0,0,0,0,1,1,6,1,60,9,1798,1,5,9,1,9
2017010047043,2,4,0,18,0,1,2,0,0,0,1,1,2,1,21,5,530,1,3,3,1,3
2017010047044,1,9,0,18,0,0,0,0,0,0,1,1,6,1,30,6,3628,2,7,3,1,3
2017010047044,2,3,0,18,0,0,0,0,1,10,1,1,6,1,38,7,125,1,-1,6,1,6
2017010047045,1,9,0,18,0,0,0,0,0,0,1,1,6,3,-1,-1,-1,-1,-1,-1,-1,-1
2017010047046,1,9,0,18,0,0,0,0,0,0,1,1,6,1,22,5,1796,1,6,5,1,5
2017010047047,1,9,0,8,0,1,0,0,0,0,2,1,6,2,33,6,1598,1,2,2,1,2
2017010047047,2,9,0,18,0,1,0,0,0,0,0,1,1,1,45,7,-1,-1,-1,2,1,2
2017010047047,3,9,0,15,0,1,1,0,0,0,2,1,6,1,26,6,1997,1,2,3,1,3
2017010047048,1,10,0,1,0,1,0,0,0,0,2,1,1,1,42,7,2143,2,6,2,1,2
2017010047049,1,9,0,18,0,6,0,0,7,0,1,1,6,1,38,7,1339,8,7,4,1,4
2017010047050,1,9,0,4,0,0,0,0,0,0,1,1,3,2,37,7,1968,2,1,3,1,3
2017010047050,2,2,0,18,0,0,0,0,0,0,1,1,6,1,16,4,-1,-1,-1,7,1,7
2017010047051,1,9,0,5,0,8,0,0,0,0,4,1,6,2,53,8,1598,1,14,3,1,3
2017010047051,2,9,0,18,0,1,0,0,0,0,1,1,6,2,33,6,1339,8,10,6,1,6
2017010047052,1,3,0,9,0,8,0,0,0,0,1,1,1,1,46,8,-1,-1,-1,7,1,7
2017010047052,2,4,0,18,0,8,0,0,0,0,4,1,1,1,55,8,-1,-1,-1,4,1,4
2017010047053,1,9,0,18,0,6,0,4,0,0,4,1,6,2,69,10,1596,1,5,-1,-1,-1
2017010047053,2,9,0,2,0,6,0,4,0,0,3,1,6,3,-1,-1,1598,1,7,-1,-1,-1
2017010047053,3,9,0,2,0,6,0,4,1,10,1,1,6,3,-1,-1,998,1,14,-1,-1,-1
2017010047053,4,9,0,2,0,6,0,4,0,0,2,1,6,3,-1,-1,1968,2,7,-1,-1,-1
2017010047054,1,8,0,9,0,1,0,0,0,0,4,1,2,1,38,7,1798,8,1,-1,-1,-1
2017010047055,1,5,0,14,0,1,1,0,0,0,1,1,2,1,25,5,599,1,18,10,1,10
2017010047055,2,9,0,9,0,6,0,0,0,0,3,1,6,1,17,4,1360,1,13,7,1,7
2017010047056,1,9,0,9,0,5,0,0,0,0,1,1,2,1,35,6,1198,1,12,3,1,3
2017010047056,2,1,0,18,4,8,2,0,0,0,1,1,6,1,33,6,-1,-1,-1,5,1,5
2017010047059,1,21,1,4,0,1,0,0,0,0,3,1,1,1,32,6,12900,2,5,2,1,2
2017010047059,2,3,0,17,0,2,2,0,0,0,3,1,6,1,28,6,125,1,10,4,1,4
2017010047060,1,9,0,9,0,1,0,0,0,0,1,1,6,1,42,7,2998,1,1,9,1,9
2017010047060,2,9,0,18,0,1,0,0,0,0,1,1,6,1,59,9,1197,1,1,10,1,10
2017010047061,1,8,0,4,0,1,0,0,0,0,1,2,6,1,39,7,1910,2,9,3,1,3
2017010047061,2,9,0,18,0,6,1,0,0,0,2,2,6,1,18,4,1798,1,10,7,1,7
2017010047063,1,9,0,18,0,1,0,0,0,0,4,1,2,1,44,7,1794,1,14,2,1,2
2017010047064,1,9,0,9,0,8,0,0,0,0,1,1,6,1,42,7,1595,1,10,2,1,2
2017010047065,1,3,0,18,0,3,0,10,0,0,0,1,2,1,24,5,124,1,3,2,1,2
2017010047065,2,9,0,18,0,3,0,0,0,0,0,1,6,3,-1,-1,-1,-1,-1,-1,-1,-1
2017010047066,1,11,0,5,2,0,0,0,0,0,1,1,1,2,56,9,5132,2,-1,5,1,5
2017010047070,1,90,0,18,0,1,0,0,0,0,4,2,1,1,56,9,2987,2,3,8,3,8
2017010047070,2,8,0,9,0,6,0,0,0,0,1,2,1,1,26,6,1797,8,6,4,1,4
2017010047071,1,5,0,13,0,0,0,0,0,0,1,1,6,1,34,6,-1,-1,-1,3,1,3
2017010047071,2,9,0,6,0,0,0,0,0,0,3,1,6,2,52,8,2987,2,-1,9,1,9
2017010047073,1,9,0,4,0,8,0,0,0,0,4,1,1,1,40,7,1498,1,1,4,1,4
2017010047073,2,4,0,18,0,8,0,0,0,0,1,1,6,1,16,4,278,1,5,2,1,2
2017010047073,3,9,0,2,9,8,0,0,0,0,3,1,6,3,-1,-1,1968,2,9,-1,-1,-1
2017010047082,1,1,0,18,0,1,0,0,0,0,1,1,2,1,35,6,-1,-1,-1,5,1,5
2017010047082,2,9,0,7,0,5,0,0,0,0,3,-1,6,1,53,8,1896,2,8,3,1,3
2017010047083,1,9,0,18,0,0,0,0,0,0,3,-1,6,1,24,5,1461,2,1,3,1,3
2017010047083,2,11,0,18,0,0,0,0,0,0,4,1,1,1,-1,-1,4500,2,8,1,1,1
2017010047086,1,9,-1,18,0,0,-1,0,0,0,2,-1,6,1,36,7,1896,2,11,3,1,3
2017010047086,2,11,0,18,0,0,0,0,0,0,1,1,6,1,-1,-1,8268,2,13,-1,-1,-1
2017010047088,1,9,0,9,0,5,0,0,0,0,1,1,6,2,31,6,1598,1,7,5,1,5
2017010047090,1,9,0,18,0,2,0,0,0,0,4,1,6,1,25,5,1995,2,5,7,1,7
2017010047090,2,1,0,9,0,2,0,0,0,0,3,1,6,1,45,7,-1,-1,-1,2,1,2
2017010047096,1,1,0,18,4,1,0,0,0,0,1,1,6,1,46,8,-1,-1,-1,2,1,2
2017010047096,2,3,0,18,0,2,0,0,0,0,3,1,6,3,-1,-1,125,1,3,-1,-1,-1
2017010047099,1,9,0,18,0,0,0,0,0,0,2,1,6,1,33,6,1339,1,7,2,1,2
2017010047099,2,9,0,18,0,0,0,0,0,0,1,1,6,1,47,8,2979,1,16,3,1,3
2017010047100,1,11,-1,-1,0,1,-1,-1,-1,0,-1,-1,6,1,-1,-1,4500,2,1,-1,-1,-1
2017010047105,1,1,0,4,0,0,1,0,0,0,1,1,6,2,41,7,-1,-1,-1,2,1,2
2017010047105,2,9,0,7,0,0,0,0,0,0,4,1,6,3,-1,-1,1796,1,14,-1,-1,-1
2017010047112,1,9,0,16,0,8,0,0,0,0,1,1,6,3,-1,-1,-1,-1,-1,-1,-1,-1
2017010047119,1,9,0,5,6,0,0,0,0,0,1,1,6,1,33,6,1399,2,6,6,1,6
2017010047122,1,19,0,10,0,8,0,0,0,0,0,-1,6,1,47,8,-1,-1,-1,3,1,3
2017010047122,2,9,-1,18,0,1,0,0,0,0,3,-1,6,3,-1,-1,-1,-1,-1,-1,-1,-1
2017010047126,1,11,0,18,0,1,0,0,0,0,3,1,1,1,60,9,9360,2,5,3,1,3
2017010047126,2,9,0,18,0,5,0,0,0,0,1,1,6,3,-1,-1,-1,-1,-1,-1,-1,-1
2017010047130,1,9,0,18,0,4,0,0,0,0,1,-1,6,1,38,7,1995,2,-1,3,1,3
2017010047130,2,9,0,18,0,4,0,0,0,0,2,-1,6,2,-1,-1,998,1,6,-1,-1,-1
2017010047135,1,9,0,15,0,8,0,0,0,0,0,1,6,3,-1,-1,-1,-1,-1,-1,-1,-1
2017010047136,1,9,0,9,0,6,0,0,0,0,0,1,6,1,56,9,1766,1,35,5,1,5
2017010047136,2,1,0,14,0,6,0,0,0,0,1,1,6,1,22,5,-1,-1,-1,6,1,6
2017010047139,1,9,0,18,0,1,0,0,0,0,1,1,6,1,36,7,2993,2,7,3,1,3
2017010047141,1,9,0,18,0,0,0,0,0,0,1,1,6,3,-1,-1,1149,1,10,-1,-1,-1
2017010047145,1,9,0,10,0,6,1,0,0,0,2,1,3,2,44,7,2179,2,4,6,1,6
2017010047145,2,9,0,18,0,1,0,0,0,0,1,1,2,1,32,6,1360,1,12,7,1,7
2017010047149,1,1,0,9,0,1,2,0,0,0,2,1,2,1,32,6,-1,-1,-1,3,1,3
2017010047149,2,4,0,18,0,1,0,0,0,0,-1,1,6,3,-1,-1,125,1,2,-1,-1,-1
2017010047153,1,2,0,18,0,-1,0,-1,0,0,-1,1,1,1,24,5,49,1,11,4,1,4
2017010047153,2,9,0,6,0,-1,0,-1,0,0,-1,-1,6,1,23,5,1149,1,9,9,1,9
2017010047154,1,9,0,18,0,8,0,0,0,0,3,1,6,2,46,8,2993,2,5,2,1,2
2017010047156,1,9,0,18,0,1,0,0,0,0,1,1,2,1,35,6,2987,2,12,8,1,8
2017010047156,2,5,0,18,0,1,0,0,0,0,2,1,2,2,36,7,649,1,8,6,1,6
2017010047156,3,9,0,18,0,1,0,0,0,0,2,1,1,1,52,8,1798,8,2,3,1,3
2017010047159,1,11,0,4,0,0,0,0,0,0,0,1,1,1,36,7,4500,2,1,5,1,5
2017010047160,1,1,0,18,0,2,5,0,0,0,1,1,6,1,23,5,-1,-1,-1,4,1,4
2017010047160,2,11,0,6,0,2,0,0,0,0,2,1,6,2,40,7,-1,-1,-1,2,1,2
2017010047163,1,11,0,18,0,1,0,0,0,0,3,1,1,1,26,6,5132,2,1,6,1,6
2017010047167,1,19,0,2,0,1,0,0,0,0,3,1,6,3,-1,-1,2198,2,4,-1,-1,-1
2017010047167,2,1,0,14,0,1,5,4,0,0,4,1,2,1,56,9,-1,-1,-1,2,1,2
2017010047168,1,8,0,7,0,3,0,0,0,0,4,1,1,1,21,5,1800,8,3,8,1,8
2017010047168,2,11,0,18,0,1,0,0,0,0,1,1,1,1,33,6,9360,2,8,5,1,5
2017010047171,1,9,0,-1,0,-1,0,-1,0,0,-1,-1,6,1,-1,-1,2496,2,14,1,1,1
2017010047173,1,9,0,3,0,2,0,0,0,0,2,1,6,1,57,9,1248,1,4,5,1,5
2017010047173,2,9,0,3,0,2,0,4,0,0,2,1,2,2,42,7,1598,1,10,4,1,4
2017010047173,3,19,0,18,0,1,0,4,0,0,1,1,1,1,43,7,2198,2,6,6,1,6
2017010047176,1,9,0,7,0,2,0,0,0,0,4,1,6,2,82,11,998,1,17,9,1,9
2017010047176,2,1,0,17,9,5,0,0,7,0,3,1,6,1,39,7,-1,-1,-1,2,1,2
2017010047181,1,9,0,18,0,8,0,0,0,0,3,1,6,1,44,7,3123,1,12,7,1,7
2017010047181,2,1,0,18,0,8,0,0,0,0,1,1,6,2,24,5,-1,-1,-1,3,1,3
2017010047183,1,1,0,18,0,0,0,0,0,0,1,1,2,1,33,6,-1,-1,-1,6,1,6
2017010047184,1,11,0,18,0,8,0,0,0,0,0,1,1,1,38,7,4500,2,-1,6,1,6
2017010047185,1,1,0,18,0,1,0,0,0,0,1,1,6,1,48,8,-1,-1,-1,-1,-1,-1
2017010047185,2,9,0,9,0,1,0,0,0,0,3,1,2,1,30,6,2967,2,6,2,1,2
2017010047187,1,19,0,2,0,0,0,0,0,0,2,1,6,3,-1,-1,1560,2,3,-1,-1,-1
2017010047187,2,9,0,2,0,0,0,0,0,0,2,1,6,3,-1,-1,2993,2,-1,-1,-1,-1
2017010047187,3,19,0,18,0,0,0,0,0,0,0,1,6,3,-1,-1,2400,2,12,-1,-1,-1
2017010047188,1,5,0,15,0,2,1,0,0,0,3,1,2,1,52,8,599,1,9,3,1,3
2017010047188,2,9,0,11,0,2,0,0,0,0,4,1,6,1,26,6,1198,1,11,2,1,2
2017010047188,3,9,0,18,0,2,0,0,0,0,2,1,6,1,35,6,-1,-1,-1,-1,-1,-1
2017010047190,1,9,0,9,0,8,0,0,0,0,3,1,6,2,20,4,1390,1,5,10,1,10
2017010047190,2,3,0,14,0,8,0,0,0,0,4,1,6,1,40,7,124,1,1,5,1,5
2017010047191,1,1,-1,18,0,-1,-1,-1,-1,0,1,1,6,1,42,7,-1,-1,-1,9,1,9
2017010047191,2,9,-1,4,0,-1,0,-1,0,0,4,-1,6,3,-1,-1,1797,8,7,-1,-1,-1
2017010047193,1,5,0,18,0,1,5,0,0,0,1,1,6,1,21,5,689,1,1,10,1,10
2017010047193,2,9,0,5,0,1,0,0,0,0,3,1,6,1,70,10,1796,1,17,6,1,6
2017010047194,1,1,0,17,0,0,0,0,0,0,4,1,6,1,35,6,-1,-1,-1,7,1,7
2017010047194,2,8,0,2,0,0,0,0,0,0,3,1,6,3,-1,-1,1997,2,3,-1,-1,-1
2017010047199,1,9,0,3,0,2,0,0,0,0,1,1,1,1,28,6,1499,1,-1,5,1,5
2017010047199,2,9,0,18,0,1,0,0,0,0,1,1,6,1,24,5,1968,2,1,-1,-1,-1
2017010047201,1,19,0,9,0,2,0,0,0,0,1,1,1,1,39,7,1995,2,1,4,1,4
2017010047201,2,4,0,13,0,8,0,0,0,0,1,1,6,1,36,7,49,1,15,5,1,5
2017010047202,1,9,0,18,0,0,0,0,0,0,1,1,6,3,-1,-1,-1,-1,-1,-1,-1,-1
2017010047206,1,9,-1,18,0,-1,-1,0,0,0,-1,-1,6,2,-1,-1,1600,1,12,-1,-1,-1
2017010047208,1,1,0,18,4,1,0,0,1,0,1,1,1,2,29,6,-1,-1,-1,5,1,5
2017010047208,2,9,0,9,0,7,0,0,0,0,2,1,2,2,46,8,1968,2,2,10,1,10
2017010047211,1,9,0,-1,0,3,0,0,0,0,4,-1,6,1,60,9,2494,8,2,6,1,6
2017010047211,2,9,-1,-1,0,8,0,0,0,0,1,-1,6,3,-1,-1,1388,1,13,-1,-1,-1
2017010047214,1,9,0,18,0,2,0,0,0,0,4,-1,6,3,-1,-1,2143,2,4,-1,-1,-1
2017010047215,1,9,0,18,0,4,0,0,0,0,1,1,3,1,37,7,1329,1,6,2,1,2
2017010047215,2,9,0,9,0,3,0,0,0,0,4,1,2,1,23,5,1595,1,1,-1,-1,-1
2017010047217,1,9,0,5,0,1,0,0,1,10,1,1,6,1,78,11,1588,1,13,8,1,8
2017010047218,1,4,0,18,0,8,5,0,0,0,0,1,6,1,30,6,125,1,7,3,1,3
2017010047218,2,9,0,18,0,8,0,0,0,0,1,1,6,1,64,9,2496,1,13,4,1,4
2017010047220,1,5,0,16,0,0,1,0,0,0,1,1,6,1,25,5,599,1,13,5,1,5
2017010047220,2,9,0,3,0,0,0,0,0,0,2,1,6,1,39,7,-1,3,-1,2,1,2
2017010047221,1,11,0,4,0,1,0,0,0,0,4,1,1,1,57,9,4500,2,5,4,1,4
2017010047222,1,11,0,7,0,1,0,0,0,0,0,1,1,1,36,7,6700,2,5,2,1,2
2017010047223,1,3,0,18,0,2,0,0,1,0,1,1,2,1,17,4,125,1,9,2,1,2
2017010047223,2,9,0,3,0,2,0,0,1,0,2,1,6,2,46,8,1968,2,9,2,1,2
2017010047224,1,3,0,18,0,8,0,0,0,0,1,1,1,1,27,6,108,1,3,7,1,7
2017010047224,2,19,0,9,0,8,0,0,0,0,1,1,1,2,32,6,1870,2,16,5,1,5
2017010047225,1,9,0,9,0,6,0,0,0,0,1,1,6,1,26,6,1995,2,-1,1,1,1
2017010047227,1,9,0,18,0,1,0,0,0,0,1,1,6,1,39,7,1995,2,7,7,1,7
2017010047227,2,9,0,9,0,8,0,0,0,0,1,1,6,1,59,9,1796,1,21,10,1,10
2017010047230,1,8,0,18,0,8,0,0,0,0,1,1,1,1,72,10,2402,2,14,7,1,7
2017010047230,2,1,0,18,0,8,0,0,0,0,2,1,2,1,32,6,-1,-1,-1,1,1,1
2017010047231,1,9,0,18,2,8,0,0,0,0,3,1,1,1,51,8,1997,2,1,2,1,2
2017010047231,2,1,0,9,0,8,0,0,0,0,3,1,4,1,12,3,-1,-1,-1,2,1,2
2017010047232,1,11,0,4,0,1,0,0,0,0,0,1,6,1,41,7,7300,2,15,4,1,4
2017010047233,1,9,0,5,0,2,0,0,0,0,1,1,6,1,29,6,1798,8,3,6,1,6
2017010047234,1,9,0,5,0,2,0,0,0,0,1,1,6,1,27,6,2143,2,1,2,1,2
2017010047234,2,9,0,3,0,1,0,0,0,0,2,1,6,1,31,6,2993,2,2,1,1,1
2017010047234,3,9,0,9,0,8,0,0,0,0,3,1,2,2,38,7,1598,1,3,2,1,2
2017010047235,1,9,0,9,0,7,0,0,1,0,4,1,6,2,20,4,1598,1,4,8,1,8
2017010047236,1,9,0,7,0,5,0,0,0,0,4,1,6,2,24,5,998,1,1,10,1,10
2017010047237,1,1,0,18,4,0,0,0,0,0,1,1,2,1,50,8,-1,-1,-1,7,1,7
2017010047238,1,9,0,9,-1,0,1,-1,0,0,4,1,6,1,-1,-1,2143,2,3,1,1,1
2017010047239,1,11,0,18,0,2,0,0,0,0,3,1,1,1,44,7,6700,2,10,3,1,3
2017010047239,2,19,0,11,0,2,0,0,0,0,4,2,6,3,-1,-1,-1,-1,-1,-1,-1,-1
2017010047240,1,9,0,5,0,0,0,0,0,0,3,1,6,1,51,8,1396,1,16,2,1,2
2017010047240,2,9,0,18,0,0,1,0,0,0,1,1,6,1,29,6,-1,-1,-1,5,1,5