Accident_Index,Vehicle_Reference,Vehicle_Type,Towing_and_Articulation,Vehicle_Manoeuvre,Vehicle_Location-Restricted_Lane,Junction_Location,Skidding_and_Overturning,Hit_Object_in_Carriageway,Vehicle_Leaving_Carriageway,Hit_Object_off_Carriageway,1st_Point_of_Impact,Was_Vehicle_Left_Hand_Drive?,Journey_Purpose_of_Driver,Sex_of_Driver,Age_of_Driver,Age_Band_of_Driver,Engine_Capacity_(CC),Propulsion_Code,Age_of_Vehicle,Driver_IMD_Decile,Driver_Home_Area_Type,Vehicle_IMD_Decile
2017010048449,1,2,0,18,0,8,0,0,0,0,1,1,2,1,29,6,-1,-1,-1,2,1,2
2017010048449,2,9,0,9,0,5,0,0,0,0,4,1,6,1,34,6,1796,1,13,4,1,4
2017010048450,1,5,0,18,0,0,0,0,0,0,1,1,6,1,34,6,750,1,12,8,1,8
2017010048450,2,9,0,9,0,0,0,0,0,0,4,1,6,2,32,6,1587,1,9,6,1,6
2017010048452,1,9,0,9,0,2,0,0,0,0,4,2,6,1,27,6,1200,1,1,1,1,1
2017010048452,2,5,0,18,0,1,0,0,0,0,1,1,6,1,25,5,599,1,10,5,1,5
2017010048453,1,9,0,10,0,6,0,0,0,0,3,1,6,1,20,4,1686,2,9,3,1,3
2017010048453,2,3,0,13,0,1,0,0,0,0,1,1,6,1,54,8,124,1,10,2,1,2
2017010048454,1,9,0,18,0,1,0,0,0,0,1,1,2,1,46,8,2981,1,-1,7,1,7
2017010048456,1,11,0,4,2,1,0,0,0,0,0,1,1,1,60,9,4500,2,1,2,1,2
2017010048456,2,9,0,18,0,1,0,0,0,0,0,1,6,3,-1,-1,1596,1,10,-1,-1,-1
2017010048457,1,9,0,7,0,5,0,0,3,0,3,1,6,1,21,5,999,1,10,6,1,6
2017010048457,2,1,0,15,4,1,5,10,7,0,4,1,6,1,48,8,-1,-1,-1,4,1,4
2017010048458,1,4,0,18,0,1,0,11,0,0,1,1,6,2,49,8,397,1,11,4,1,4
2017010048459,1,9,0,18,0,8,0,0,0,0,1,1,1,1,24,5,2143,2,6,6,1,6
2017010048459,2,9,0,4,0,8,0,0,0,0,2,1,6,1,49,8,1598,1,17,6,1,6
2017010048459,3,9,0,4,0,8,0,0,0,0,2,1,6,3,-1,-1,-1,-1,-1,-1,-1,-1
2017010048460,1,5,0,4,0,4,0,0,0,0,2,1,2,1,45,7,749,1,12,3,1,3
2017010048460,2,9,0,18,0,4,0,0,0,0,1,1,6,1,30,6,2720,2,10,6,1,6
2017010048460,3,9,0,18,0,4,0,0,0,0,4,1,6,2,28,6,1388,1,8,6,1,6
2017010048462,1,1,0,5,0,8,0,0,0,0,3,1,2,1,60,9,-1,-1,-1,5,1,5
2017010048462,2,3,0,18,0,8,0,0,0,0,1,1,6,1,-1,-1,-1,-1,-1,-1,-1,-1
2017010048464,1,9,0,4,0,0,0,0,0,0,0,1,1,2,50,8,2143,2,2,4,1,4
2017010048465,1,9,0,18,0,0,0,0,0,0,4,1,6,1,35,6,1995,1,12,1,1,1
2017010048466,1,9,0,9,0,6,0,0,0,0,3,1,1,1,46,8,-1,-1,-1,2,1,2
2017010048466,2,4,0,18,0,1,0,0,0,0,1,1,6,1,23,5,125,1,2,6,1,6
2017010048468,1,9,0,10,0,1,0,0,1,0,1,1,6,2,23,5,1149,1,9,2,1,2
2017010048468,2,3,0,18,0,1,0,0,0,0,1,1,6,1,24,5,108,1,2,1,1,1
2017010048469,1,11,0,18,0,1,0,0,0,0,0,1,6,1,53,8,9360,2,5,4,1,4
2017010048469,2,9,0,7,0,8,0,0,0,0,0,1,6,3,-1,-1,-1,-1,-1,-1,-1,-1
2017010048472,1,9,0,18,0,1,1,0,1,1,1,2,6,2,27,6,-1,-1,-1,-1,-1,-1
2017010048472,2,9,0,18,0,1,0,0,0,0,1,1,6,1,44,7,1800,1,17,4,1,4
2017010048473,1,3,0,4,0,1,0,0,0,0,1,1,1,1,26,6,125,1,6,5,1,5
2017010048473,2,9,0,5,0,2,0,0,0,0,2,1,6,2,19,4,1242,1,3,3,1,3
2017010048476,1,9,0,9,0,2,0,0,0,0,3,1,6,2,36,7,1398,1,7,4,1,4
2017010048476,2,3,0,18,0,1,0,0,0,0,1,1,2,1,24,5,124,1,6,2,1,2
2017010048480,1,5,0,10,0,1,0,0,0,0,3,1,1,1,50,8,1298,1,1,2,1,2
2017010048480,2,9,0,3,0,8,0,0,0,0,1,1,6,1,20,4,1364,1,9,1,1,1
2017010048482,1,9,0,3,0,1,0,0,0,0,2,1,6,1,58,9,1997,2,6,2,1,2
2017010048482,2,9,0,3,0,1,0,0,0,0,1,1,6,2,19,4,1198,1,12,5,1,5
2017010048484,1,9,0,18,0,0,0,0,0,0,1,2,2,2,41,7,1598,2,2,2,1,2
2017010048486,1,9,0,18,0,0,0,0,0,0,1,1,6,1,19,4,1995,2,9,1,1,1
2017010048487,1,9,0,5,0,1,0,0,0,0,1,1,6,1,37,7,1956,2,4,5,1,5
2017010048490,1,9,0,18,0,0,0,7,0,0,4,1,6,2,33,6,3456,8,-1,-1,-1,-1
2017010048491,1,9,0,18,0,8,0,0,0,0,4,1,6,1,42,7,1995,2,5,2,1,2
2017010048491,2,11,0,18,0,8,0,0,0,0,1,1,1,1,56,9,6700,2,6,6,1,6
2017010048493,1,8,0,4,0,0,0,0,0,0,3,1,1,1,52,8,1497,8,9,2,1,2
2017010048493,2,9,0,14,0,0,0,0,0,0,4,1,6,2,23,5,1229,1,3,5,1,5
2017010048493,3,9,0,18,0,0,0,0,0,0,0,1,6,3,-1,-1,-1,-1,-1,-1,-1,-1
2017010048494,1,8,0,18,0,0,0,0,0,0,4,1,1,1,56,9,1794,1,9,3,1,3
2017010048496,1,9,0,9,0,8,0,0,0,0,1,1,6,2,47,8,998,1,3,2,1,2
2017010048496,2,3,0,5,0,1,0,0,0,0,4,1,6,1,27,6,125,1,3,3,1,3
2017010048497,1,9,0,18,0,0,0,4,0,0,1,1,2,1,61,9,-1,-1,-1,2,1,2
2017010048497,2,9,0,3,0,0,0,0,0,0,2,1,2,1,38,7,1995,2,6,2,1,2
2017010048499,1,9,0,5,8,0,0,0,0,0,1,1,6,2,66,10,1560,2,10,2,1,2
2017010048499,2,9,0,2,6,0,0,4,0,0,2,1,6,3,-1,-1,1390,1,12,-1,-1,-1
2017010048499,3,9,0,2,6,0,0,4,0,0,2,1,6,3,-1,-1,2494,1,19,-1,-1,-1
2017010048499,4,9,0,2,6,0,0,4,0,0,2,1,6,3,-1,-1,5439,1,11,-1,-1,-1
2017010048500,1,2,0,14,0,0,5,0,0,0,4,1,6,1,49,8,125,1,-1,7,1,7
2017010048500,2,9,0,9,0,0,0,0,0,0,3,1,6,2,42,7,1969,2,-1,7,3,7
2017010048503,1,9,0,18,0,1,0,0,0,0,1,1,6,2,21,5,1242,1,15,3,1,3
2017010048503,2,9,0,7,0,1,0,0,0,0,1,1,6,1,36,7,2993,2,13,2,1,2
2017010048504,1,11,0,18,0,0,0,0,0,0,4,1,1,1,51,8,4500,2,2,2,1,2
2017010048505,1,9,0,9,0,0,0,0,0,0,3,1,6,2,19,4,1560,2,11,6,1,6
2017010048506,1,9,0,9,0,3,0,0,0,0,4,1,6,2,39,7,2685,2,12,2,1,2
2017010048506,2,19,0,18,0,3,0,0,0,0,1,1,6,1,51,8,2143,2,4,5,1,5
2017010048508,1,2,0,18,0,2,1,0,0,0,1,1,6,1,23,5,124,1,1,2,1,2
2017010048508,2,9,0,4,0,1,0,0,0,0,1,1,6,2,35,6,973,1,14,2,1,2
2017010048510,1,9,0,18,0,0,0,0,0,0,4,1,6,2,51,8,1796,1,10,2,1,2
2017010048511,1,1,0,18,0,0,0,0,0,0,1,1,2,1,24,5,-1,-1,-1,3,1,3
2017010048512,1,9,0,3,0,2,0,0,0,0,3,1,6,1,64,9,2616,1,10,2,1,2
2017010048512,2,3,0,9,0,1,0,0,0,0,1,1,1,1,42,7,-1,-1,-1,3,1,3
2017010048513,1,9,0,18,0,8,1,0,7,2,1,1,6,1,22,5,1896,2,12,2,1,2
2017010048513,2,9,0,9,0,6,0,0,0,0,1,1,6,1,21,5,1198,1,12,3,1,3
2017010048513,3,9,0,2,6,8,0,0,0,0,2,1,6,3,-1,-1,1199,1,17,-1,-1,-1
2017010048513,4,9,0,2,0,8,0,0,0,0,1,1,6,3,-1,-1,1783,1,13,-1,-1,-1
2017010048513,5,9,0,2,0,8,0,0,0,0,1,1,6,3,-1,-1,1968,2,7,-1,-1,-1
2017010048514,1,9,0,18,0,8,0,0,0,0,4,1,6,2,74,10,1193,1,3,6,2,6
2017010048514,2,9,0,9,0,8,0,0,0,0,1,1,6,1,21,5,-1,-1,-1,3,1,3
2017010048515,1,9,0,18,0,6,0,4,0,0,1,1,6,2,36,7,1618,1,2,3,1,3
2017010048515,2,9,0,2,0,6,0,4,0,0,3,1,6,3,-1,-1,1794,1,10,-1,-1,-1
2017010048515,3,9,0,2,0,6,0,0,0,0,4,1,6,3,-1,-1,1998,1,14,-1,-1,-1
2017010048516,1,9,0,18,0,0,0,0,0,0,3,1,6,1,55,8,1560,2,5,6,1,6
2017010048517,1,11,0,4,0,0,0,0,0,0,0,1,1,2,54,8,6700,2,8,3,1,3
2017010048518,1,9,0,9,0,2,0,0,0,0,3,1,6,1,58,9,1596,1,14,5,1,5
2017010048518,2,4,0,13,0,1,0,0,0,0,1,1,6,1,21,5,124,1,16,7,1,7
2017010048519,1,9,0,5,0,8,0,0,0,0,1,1,6,2,36,7,1999,2,1,3,1,3
2017010048520,1,9,0,3,0,0,0,0,0,0,2,1,6,2,38,7,1248,2,9,3,1,3
2017010048520,2,19,0,18,0,0,0,0,0,0,1,1,6,1,27,6,1560,2,3,6,1,6
2017010048521,1,9,0,9,0,6,0,0,0,0,1,1,6,2,27,6,999,1,5,2,1,2
2017010048521,2,3,0,15,0,1,1,0,0,0,1,1,1,1,20,4,125,1,5,-1,-1,-1
2017010048523,1,3,0,14,0,1,0,0,0,0,1,1,6,1,62,9,1352,1,9,2,1,2
2017010048523,2,9,0,9,0,5,0,0,0,0,4,1,6,1,22,5,998,1,12,-1,-1,-1
2017010048524,1,21,0,5,0,0,0,0,0,0,1,1,1,1,59,9,3920,2,8,3,1,3
2017010048525,1,9,0,3,0,1,0,0,0,0,2,1,6,1,67,10,1598,1,15,4,1,4
2017010048525,2,9,0,3,0,1,0,0,0,0,1,1,1,2,30,6,1956,2,5,5,1,5
2017010048526,1,11,0,18,2,1,0,0,0,0,1,1,1,1,59,9,8268,2,14,2,1,2
2017010048526,2,20,0,11,0,1,0,0,0,0,4,1,1,1,53,8,4500,2,-1,5,1,5
2017010048528,1,1,0,18,0,3,0,0,7,0,0,1,6,1,44,7,-1,-1,-1,6,1,6
2017010048531,1,9,0,18,0,1,0,0,0,0,1,1,2,2,20,4,1595,1,1,4,1,4
2017010048531,2,9,0,9,0,2,0,0,0,0,1,1,2,2,27,6,1388,1,8,3,1,3
2017010048532,1,9,0,18,0,2,0,0,0,0,3,1,1,2,28,6,1598,2,2,-1,-1,-1
2017010048532,2,1,0,18,0,1,0,0,0,0,1,1,6,1,6,2,-1,-1,-1,3,1,3
2017010048533,1,5,0,13,0,1,0,0,0,0,4,1,2,1,27,6,645,1,7,3,1,3
2017010048533,2,9,0,18,0,1,0,0,0,0,3,1,2,1,29,6,-1,-1,-1,6,1,6
2017010048535,1,9,0,9,0,2,0,0,0,0,4,1,6,2,80,11,-1,-1,-1,5,1,5
2017010048535,2,9,0,2,0,2,0,0,0,0,4,1,6,3,-1,-1,2143,2,2,-1,-1,-1
2017010048536,1,9,0,9,0,8,0,0,0,0,1,1,6,3,-1,-1,-1,-1,-1,-1,-1,-1
2017010048537,1,9,0,9,0,5,0,0,1,0,3,1,6,2,36,7,1995,2,4,2,1,2
2017010048537,2,2,0,13,0,1,5,0,0,0,4,1,6,2,30,6,125,1,5,4,1,4
2017010048538,1,5,0,18,0,0,0,0,0,0,0,1,6,1,27,6,999,1,8,10,1,10
2017010048540,1,9,0,11,0,3,0,0,0,0,4,1,6,1,36,7,1896,2,13,2,1,2
2017010048540,2,4,0,7,0,3,0,0,0,0,3,1,6,1,48,8,-1,-1,-1,4,1,4
2017010048541,1,9,0,5,5,0,0,0,0,0,1,1,6,1,49,8,1560,2,7,2,1,2
2017010048541,2,9,0,4,0,0,0,0,0,0,2,1,6,2,53,8,1598,1,10,3,1,3
2017010048542,1,9,0,18,0,0,0,0,0,0,4,1,6,2,78,11,1598,1,2,3,1,3
2017010048544,1,9,0,9,0,6,0,0,0,0,1,1,6,2,26,6,1200,1,-1,-1,-1,-1
2017010048544,2,9,0,18,0,1,0,0,0,0,1,1,6,2,46,8,1242,1,11,1,1,1
2017010048545,1,1,0,18,0,1,0,0,0,0,1,1,6,1,25,5,-1,-1,-1,-1,-1,-1
2017010048545,2,9,0,18,0,1,0,0,0,0,2,1,6,3,-1,-1,-1,-1,-1,-1,-1,-1
2017010048547,1,9,0,18,0,0,0,0,0,0,2,1,6,1,43,7,1240,1,14,2,1,2
2017010048547,2,9,0,18,0,0,0,0,0,0,3,2,6,1,39,7,1798,8,-1,2,1,2
2017010048547,3,9,0,18,0,0,0,0,0,0,1,1,6,1,33,6,-1,-1,-1,8,1,8
2017010048548,1,9,0,18,0,8,0,11,0,0,1,1,6,1,36,7,1995,2,9,7,1,7
2017010048549,1,9,0,18,0,0,0,0,1,0,1,1,6,1,22,5,1753,2,9,5,1,5
2017010048549,2,11,0,3,0,0,0,0,0,0,2,1,1,1,57,9,4500,2,1,2,1,2
2017010048550,1,8,0,18,0,1,0,0,7,10,3,1,1,1,54,8,1797,8,7,2,1,2
2017010048550,2,9,0,7,0,1,0,0,0,0,1,1,6,1,30,6,1198,1,-1,2,1,2
2017010048551,1,9,0,1,6,0,0,0,0,0,3,1,6,1,35,6,3199,1,19,7,1,7
2017010048551,2,3,0,4,6,0,0,0,0,0,3,1,6,1,35,6,125,1,1,1,1,1
2017010048552,1,9,0,5,0,2,0,8,0,0,4,1,6,2,33,6,898,1,3,4,1,4
2017010048553,1,3,0,14,0,1,0,0,0,0,4,1,6,1,42,7,124,1,8,7,1,7
2017010048553,2,9,0,9,0,6,0,0,0,0,1,1,6,1,38,7,2000,2,8,5,1,5
2017010048555,1,9,0,4,0,0,0,0,0,0,3,2,2,1,60,9,-1,-1,-1,7,1,7
2017010048556,1,9,0,6,0,0,0,0,0,0,2,1,2,1,33,6,1991,2,10,6,1,6
2017010048556,2,3,0,18,0,0,0,0,0,0,1,1,6,1,27,6,125,1,4,4,1,4
2017010048557,1,8,0,3,0,0,0,0,0,0,0,1,1,1,33,6,1798,8,3,1,1,1
2017010048558,1,3,0,14,0,1,0,0,3,0,1,1,6,1,21,5,-1,-1,-1,3,1,3
2017010048559,1,9,0,9,0,1,0,0,0,0,0,1,6,1,38,7,1595,1,11,4,1,4
2017010048559,2,4,0,18,0,1,0,0,0,0,0,1,6,1,38,7,124,1,2,6,1,6
2017010048560,1,9,0,4,0,0,0,0,0,0,1,1,6,2,48,8,1498,1,8,2,1,2
2017010048563,1,9,0,5,0,0,0,0,0,0,1,1,2,1,41,7,998,1,17,2,1,2
2017010048564,1,8,0,18,0,2,0,0,0,0,4,1,1,1,25,5,1798,8,2,1,1,1
2017010048565,1,9,0,4,0,0,0,0,0,0,0,1,6,2,49,8,1968,2,2,10,1,10
2017010048565,2,3,0,13,0,0,2,0,0,0,2,1,1,1,27,6,108,1,6,2,1,2
2017010048566,1,9,0,18,0,2,0,0,0,0,1,1,6,1,57,9,1598,1,8,6,1,6
2017010048566,2,1,0,18,0,2,0,0,0,0,4,1,6,1,22,5,-1,-1,-1,3,1,3
2017010048567,1,9,0,9,0,1,0,0,0,0,1,1,1,1,55,8,-1,-1,-1,2,1,2
2017010048567,2,9,0,16,9,1,0,0,1,0,4,1,6,2,54,8,1242,1,3,2,1,2
2017010048568,1,4,0,18,0,0,1,0,1,7,4,1,6,1,25,5,125,1,-1,9,1,9
2017010048569,1,2,0,18,0,1,5,0,0,0,1,1,6,1,17,4,49,1,1,2,1,2
2017010048569,2,9,0,9,0,5,0,0,0,0,3,1,6,1,37,7,1598,1,5,8,1,8
2017010048570,1,9,0,18,9,1,0,0,1,10,1,1,6,2,39,7,1999,2,-1,3,1,3
2017010048571,1,9,0,9,0,8,0,0,0,0,4,1,6,2,27,6,1395,1,-1,9,3,9
2017010048571,2,11,0,18,0,8,0,0,0,0,4,1,1,1,38,7,9000,2,7,2,1,2
2017010048574,1,11,0,18,0,1,0,0,0,0,0,1,6,1,44,7,6700,2,7,7,1,7
2017010048575,1,11,0,5,0,0,0,0,0,0,3,1,1,1,42,7,5132,2,1,2,1,2
2017010048575,2,9,0,18,0,0,0,0,0,0,4,1,6,2,22,5,1598,1,10,2,1,2
2017010048576,1,11,0,5,0,4,0,0,0,0,0,1,1,1,46,8,4500,2,1,-1,-1,-1
2017010048577,1,4,0,18,0,8,5,0,0,0,0,1,6,1,21,5,124,1,4,1,1,1
2017010048577,2,9,0,5,0,1,0,0,0,0,2,1,6,1,53,8,2995,1,14,4,1,4
2017010048578,1,9,0,4,0,2,1,0,0,0,3,1,6,1,28,6,2179,2,5,3,1,3
2017010048578,2,11,0,7,0,2,0,4,0,0,1,1,6,1,57,9,4500,2,1,1,1,1
2017010048580,1,9,0,18,0,0,0,0,0,0,4,1,1,1,30,6,2993,2,-1,1,1,1
2017010048582,1,90,0,4,0,8,0,0,0,0,1,1,6,2,40,7,-1,-1,-1,6,1,6
2017010048583,1,9,0,9,0,1,0,0,0,0,1,1,6,2,43,7,1339,1,13,5,1,5
2017010048583,2,9,0,18,0,1,2,0,2,10,1,1,6,1,25,5,2979,1,3,6,1,6
2017010048584,1,3,0,13,0,1,1,0,0,0,1,1,1,1,28,6,-1,-1,-1,4,1,4
2017010048584,2,8,0,1,0,1,0,0,0,0,2,1,1,1,41,7,-1,-1,-1,2,1,2
2017010048586,1,3,0,18,0,0,2,0,1,2,3,1,1,1,-1,-1,125,1,5,2,1,2
2017010048591,1,9,0,4,0,8,0,0,0,0,1,1,6,1,27,6,-1,-1,-1,-1,-1,-1
2017010048592,1,9,0,18,0,8,5,0,0,0,4,1,6,1,39,7,1598,1,7,2,1,2
2017010048592,2,9,0,18,0,8,0,0,0,0,1,1,6,1,41,7,2688,2,15,2,1,2
2017010048593,1,9,0,18,0,8,0,0,0,0,1,1,1,1,57,9,1968,2,3,5,1,5
2017010048593,2,9,0,18,0,8,0,0,0,0,1,1,6,1,42,7,1995,2,13,4,1,4
2017010048594,1,9,0,18,0,1,0,0,0,0,1,1,6,2,39,7,1598,1,11,3,1,3
2017010048595,1,9,0,2,0,0,0,0,0,0,2,2,6,3,-1,-1,-1,-1,-1,-1,-1,-1
2017010048595,2,8,0,18,0,0,0,0,0,0,1,1,1,1,48,8,2499,2,5,3,1,3
2017010048600,1,3,0,18,0,2,0,0,0,0,1,1,6,1,16,4,108,1,9,-1,-1,-1
2017010048600,2,9,0,18,0,1,0,0,0,0,3,1,6,2,37,7,2993,2,1,-1,-1,-1
2017010048601,1,9,0,18,0,4,0,0,0,0,1,1,6,3,-1,-1,-1,-1,-1,-1,-1,-1
2017010048601,2,1,0,18,0,3,0,0,0,0,1,1,6,1,23,5,-1,-1,-1,7,1,7
2017010048602,1,9,0,13,0,8,0,0,0,0,2,1,1,1,53,8,-1,-1,-1,-1,-1,-1
2017010048602,2,9,0,15,0,8,0,4,0,0,1,1,6,2,28,6,1995,2,7,2,1,2
2017010048607,1,9,0,18,9,1,0,7,7,1,1,1,6,1,21,5,1968,2,8,6,1,6
2017010048608,1,9,0,9,0,6,0,0,0,0,1,1,6,2,61,9,1796,1,7,9,1,9
2017010048608,2,90,0,13,0,1,0,0,0,0,4,1,1,1,34,6,-1,-1,-1,1,1,1
2017010048609,1,9,0,3,0,1,0,0,0,0,2,1,2,1,31,6,1995,2,5,3,1,3
2017010048609,2,9,0,18,0,1,0,0,0,0,1,1,2,1,40,7,2497,1,12,6,1,6
2017010048610,1,9,0,9,0,8,0,0,0,0,1,1,6,1,70,10,875,1,6,10,1,10
2017010048611,1,9,0,18,0,8,0,0,0,0,1,1,6,1,54,8,2143,2,8,1,1,1
2017010048611,2,9,0,9,0,8,0,0,0,0,1,1,6,3,-1,-1,-1,-1,-1,-1,-1,-1
2017010048614,1,19,0,1,0,1,0,0,0,0,2,1,1,1,28,6,2143,2,2,10,1,10
2017010048614,2,3,0,3,0,1,0,0,0,0,1,1,1,1,23,5,108,1,3,2,1,2
2017010048616,1,9,0,18,0,2,0,0,0,0,1,1,6,1,50,8,2967,2,7,7,1,7
2017010048616,2,4,0,18,0,2,0,0,0,0,1,1,6,1,31,6,125,1,4,1,1,1
2017010048618,1,9,0,18,0,2,0,0,0,0,4,1,6,1,27,6,1596,1,7,2,1,2
2017010048619,1,9,0,6,9,0,0,0,7,10,1,1,6,1,82,11,2996,1,11,10,1,10
2017010048619,2,9,0,2,9,0,0,0,0,0,1,1,6,3,-1,-1,2496,2,15,-1,-1,-1
2017010048621,1,9,0,17,0,0,0,0,0,0,1,1,6,1,23,5,2993,2,3,3,1,3
2017010048621,2,9,0,17,0,0,0,0,0,0,2,1,1,1,55,8,1560,2,6,6,1,6
2017010048621,3,9,0,17,0,0,0,0,0,0,1,1,6,2,67,10,1339,8,8,3,1,3
2017010048623,1,9,0,18,0,8,0,0,0,0,1,1,6,1,43,7,1995,2,2,9,1,9
2017010048623,2,9,0,18,0,8,0,0,0,0,2,1,6,1,50,8,1197,1,2,8,1,8
2017010048623,3,9,0,18,0,2,0,0,0,0,2,1,6,1,30,6,1870,2,10,2,1,2
2017010048624,1,11,0,18,0,6,0,0,0,0,1,1,1,1,43,7,4500,2,5,1,1,1
2017010048626,1,1,0,7,0,4,0,0,0,0,1,1,6,1,41,7,-1,-1,-1,1,1,1
2017010048626,2,9,0,7,0,4,0,0,0,0,1,1,6,3,-1,-1,-1,-1,-1,-1,-1,-1
2017010048627,1,9,0,5,0,6,0,0,0,0,3,1,6,1,53,8,1991,8,-1,-1,1,-1
2017010048627,2,1,0,18,0,1,0,0,0,0,1,1,6,2,34,6,-1,-1,-1,8,1,8
2017010048628,1,1,0,18,0,0,0,0,0,0,1,1,6,2,57,9,-1,-1,-1,9,1,9
2017010048630,1,9,0,18,0,2,1,0,0,0,1,1,6,2,52,8,1968,2,3,-1,-1,-1
2017010048630,2,1,0,18,0,2,0,0,0,0,0,1,6,1,21,5,-1,-1,-1,8,1,8
2017010048632,1,9,0,3,0,0,0,0,0,0,1,1,6,1,45,7,-1,-1,-1,2,1,2
2017010048632,2,3,0,13,0,0,0,0,0,0,1,1,6,1,16,4,-1,-1,-1,4,1,4
2017010048632,3,9,0,3,0,0,0,0,0,0,1,1,6,1,51,8,3200,2,10,7,3,7
2017010048632,4,9,0,18,0,0,0,0,0,0,1,2,6,2,34,6,1299,1,16,1,1,1
2017010048633,1,11,0,5,0,1,0,0,0,0,0,1,1,1,69,10,5132,2,-1,6,1,6
2017010048634,1,9,0,18,0,4,0,0,0,0,4,1,6,2,49,8,1596,1,2,3,1,3
2017010048634,2,9,0,3,0,4,0,0,0,0,3,1,1,2,25,5,799,2,8,9,1,9
2017010048636,1,9,-1,2,-1,0,-1,0,0,0,3,1,6,3,-1,-1,-1,-1,-1,-1,-1,-1
2017010048636,2,1,0,18,-1,0,0,8,0,0,4,1,4,1,14,3,-1,-1,-1,5,1,5
2017010048638,1,3,0,4,0,0,5,0,0,0,4,1,6,1,18,4,125,1,2,7,1,7
2017010048640,1,8,0,3,0,1,0,0,0,0,4,1,6,1,62,9,1798,8,3,2,1,2
2017010048640,2,1,0,15,0,1,0,0,0,0,1,1,6,2,29,6,-1,-1,-1,5,1,5
2017010048642,1,11,0,5,0,0,0,0,0,0,0,1,1,1,58,9,6700,2,8,3,1,3
2017010048643,1,9,0,3,0,7,0,0,0,0,2,1,6,2,50,8,1896,2,10,10,1,10
2017010048643,2,9,0,18,0,7,0,0,0,0,1,1,6,2,29,6,1498,1,11,6,1,6
2017010048644,1,9,0,18,0,8,0,0,0,0,1,1,6,2,21,5,1198,1,6,9,1,9
2017010048644,2,9,0,9,0,8,0,0,0,0,1,1,6,2,24,5,1596,1,12,3,1,3
2017010048645,1,5,0,18,0,0,0,0,0,0,1,1,6,1,37,7,656,1,6,9,2,9
2017010048646,1,9,0,18,9,1,0,10,1,0,3,1,6,1,26,6,1595,1,11,1,1,1
2017010048646,2,9,0,2,0,1,0,0,0,0,4,1,6,3,-1,-1,1398,2,8,-1,-1,-1
2017010048647,1,9,0,7,0,4,0,0,0,0,1,1,6,2,22,5,1968,2,5,3,1,3
2017010048647,2,5,0,18,0,4,0,0,0,0,3,1,6,1,28,6,-1,-1,-1,8,1,8
2017010048648,1,9,0,16,0,5,0,0,1,10,1,1,6,2,17,4,1998,1,14,3,1,3
2017010048649,1,2,0,17,9,1,0,0,0,0,1,1,6,1,16,4,125,1,5,-1,-1,-1
2017010048650,1,11,0,5,0,0,0,0,0,0,0,1,6,1,52,8,5132,2,-1,3,1,3
2017010048651,1,8,0,7,0,2,0,0,1,0,2,1,6,1,34,6,1797,8,5,6,1,6
2017010048651,2,3,0,13,0,6,0,0,0,0,1,1,6,1,56,9,108,1,4,5,1,5
2017010048653,1,9,0,18,0,1,0,0,0,0,1,1,6,1,37,7,1896,2,16,5,1,5
2017010048653,2,9,0,3,0,1,0,0,0,0,2,1,6,1,25,5,1956,2,4,3,1,3
2017010048654,1,3,0,11,0,0,0,0,0,0,1,1,6,1,26,6,124,1,1,6,1,6
2017010048658,1,9,0,18,0,0,0,0,0,0,2,1,6,2,20,4,1390,1,5,5,1,5
2017010048658,2,9,0,18,0,0,0,0,0,0,1,1,6,3,-1,-1,998,1,4,-1,-1,-1
2017010048660,1,4,0,7,0,5,1,0,0,0,0,1,6,1,45,7,675,1,4,7,1,7
2017010048662,1,11,0,16,0,3,0,0,0,0,4,1,1,1,31,6,9360,2,8,1,1,1
2017010048662,2,9,0,5,0,6,0,0,0,0,3,1,6,2,27,6,1968,2,3,3,1,3
2017010048664,1,4,0,9,0,8,1,0,0,0,3,1,6,1,18,4,124,1,1,-1,-1,-1
2017010048665,1,9,0,18,0,0,0,0,0,0,1,1,6,1,28,6,1995,2,6,2,1,2
2017010048667,1,9,0,18,0,3,0,0,0,0,4,1,6,1,34,6,1497,8,3,1,1,1
2017010048667,2,9,0,18,0,4,0,0,0,0,3,1,6,1,69,10,1598,1,10,3,1,3
2017010048668,1,9,0,4,0,0,0,0,0,0,1,1,1,1,26,6,1598,2,2,4,1,4
2017010048668,2,9,0,1,0,0,0,0,0,0,2,1,6,3,-1,-1,1896,2,15,-1,-1,-1
2017010048669,1,9,0,18,0,8,0,0,0,0,3,1,6,1,25,5,1595,1,9,5,1,5
2017010048669,2,1,0,9,0,8,0,0,0,0,4,1,6,2,33,6,-1,-1,-1,2,1,2
2017010048671,1,8,0,9,0,1,0,0,0,0,1,1,6,1,38,7,-1,-1,-1,3,1,3
2017010048671,2,1,0,18,0,1,0,0,0,0,3,1,6,1,64,9,-1,-1,-1,5,1,5
2017010048672,1,4,0,7,0,1,2,0,0,0,0,1,1,1,22,5,124,1,7,4,1,4
2017010048673,1,9,0,18,0,1,0,0,0,0,1,1,6,1,22,5,1596,1,11,6,1,6
2017010048673,2,9,0,18,0,2,0,0,0,0,1,1,6,1,22,5,1390,1,13,6,2,6
2017010048675,1,8,0,6,0,0,0,4,0,0,3,1,6,1,41,7,1798,8,1,3,1,3
2017010048675,2,9,0,18,0,0,0,0,0,0,1,1,6,1,43,7,2143,2,7,5,1,5