Accident_Index,Vehicle_Reference,Vehicle_Type,Towing_and_Articulation,Vehicle_Manoeuvre,Vehicle_Location-Restricted_Lane,Junction_Location,Skidding_and_Overturning,Hit_Object_in_Carriageway,Vehicle_Leaving_Carriageway,Hit_Object_off_Carriageway,1st_Point_of_Impact,Was_Vehicle_Left_Hand_Drive?,Journey_Purpose_of_Driver,Sex_of_Driver,Age_of_Driver,Age_Band_of_Driver,Engine_Capacity_(CC),Propulsion_Code,Age_of_Vehicle,Driver_IMD_Decile,Driver_Home_Area_Type,Vehicle_IMD_Decile
2017010048675,3,9,0,2,0,0,0,0,0,0,1,1,6,3,-1,-1,1596,1,5,-1,-1,-1
2017010048678,1,11,0,5,0,0,0,0,0,0,0,1,1,1,48,8,-1,2,16,9,1,9
2017010048688,1,11,0,5,0,6,0,0,0,0,3,1,1,1,28,6,-1,-1,-1,5,1,5
2017010048688,2,1,0,17,0,6,0,0,0,0,4,1,2,1,27,6,-1,-1,-1,3,1,3
2017010048698,1,19,-1,18,-1,-1,5,0,0,0,-1,-1,6,3,-1,-1,1870,2,15,-1,-1,-1
2017010048700,1,1,-1,-1,-1,-1,-1,-1,-1,-1,-1,1,6,1,53,8,-1,-1,-1,6,1,6
2017010048700,2,9,-1,-1,-1,-1,-1,-1,-1,-1,-1,-1,6,1,44,7,2993,2,4,3,1,3
2017010048705,1,9,0,4,0,0,0,0,0,0,2,-1,6,2,61,9,1193,1,1,4,1,4
2017010048705,2,10,-1,18,0,0,0,0,0,0,1,-1,6,1,-1,-1,2148,2,7,6,1,6
2017010048706,1,9,0,9,0,8,0,0,0,0,1,1,2,1,44,7,1598,1,15,1,1,1
2017010048706,2,1,0,15,0,8,0,0,0,0,3,1,6,1,24,5,-1,-1,-1,-1,-1,-1
2017010048709,1,19,0,6,8,6,0,0,0,0,3,1,1,1,29,6,1598,2,2,7,1,7
2017010048709,2,1,0,18,0,1,0,0,0,0,1,1,2,1,33,6,-1,-1,-1,6,1,6
2017010048717,1,9,0,18,0,0,0,0,0,0,1,1,6,3,-1,-1,2979,1,2,-1,-1,-1
2017010048722,1,9,0,18,0,1,0,0,0,0,1,1,2,2,53,8,2497,1,15,4,1,4
2017010048722,2,9,0,3,0,1,0,0,0,0,2,1,2,2,50,8,1229,1,9,4,1,4
2017010048722,3,9,0,3,0,1,0,0,0,0,2,1,2,1,40,7,1330,1,12,6,1,6
2017010048723,1,9,0,3,0,4,0,-1,0,0,2,-1,6,2,25,5,1390,1,12,6,2,6
2017010048723,2,19,0,18,0,4,0,-1,0,0,1,-1,6,1,-1,-1,1968,2,-1,9,1,9
2017010048724,1,9,0,18,0,1,0,0,0,0,2,1,6,1,45,7,1896,2,8,4,1,4
2017010048724,2,9,0,4,0,1,0,0,0,0,1,1,6,1,45,7,1895,1,16,2,1,2
2017010048726,1,9,0,9,0,5,0,0,0,0,2,1,6,3,-1,-1,2199,2,5,-1,-1,-1
2017010048727,1,9,0,18,0,8,0,0,0,0,2,-1,6,2,34,6,1598,1,6,2,1,2
2017010048727,2,9,-1,18,0,8,-1,0,0,0,2,-1,6,1,-1,-1,2179,2,4,6,1,6
2017010048737,1,5,0,13,0,8,0,0,0,0,1,1,2,1,27,6,599,1,6,4,1,4
2017010048737,2,19,0,9,0,8,0,0,0,0,3,1,1,1,35,6,2461,2,9,6,1,6
2017010048740,1,11,0,5,0,1,0,0,0,0,0,1,1,2,45,7,7300,2,11,1,1,1
2017010048741,1,9,0,4,0,0,0,0,0,0,2,-1,6,2,38,7,2987,2,10,4,1,4
2017010048751,1,19,0,18,0,1,0,4,0,0,1,1,1,1,42,7,-1,-1,-1,4,1,4
2017010048751,2,11,0,4,0,1,0,0,0,0,2,1,1,1,53,8,6700,2,6,8,1,8
2017010048751,3,19,0,5,0,1,0,0,0,0,2,1,1,2,22,5,1598,2,3,3,1,3
2017010048751,4,9,0,5,0,1,0,0,0,0,1,1,3,2,64,9,1390,1,17,10,1,10
2017010048756,1,9,0,3,0,1,0,0,0,0,2,1,6,1,27,6,1197,1,4,3,1,3
2017010048756,2,4,0,18,0,1,0,0,0,0,1,1,6,1,24,5,125,1,10,8,1,8
2017010048758,1,5,0,14,0,1,0,0,0,0,1,1,2,1,23,5,636,1,12,3,1,3
2017010048758,2,9,0,10,0,1,0,0,0,0,3,1,2,2,38,7,1390,1,15,4,1,4
2017010048762,1,9,0,18,0,1,0,0,0,0,1,1,6,1,38,7,2435,1,18,8,3,8
2017010048762,2,8,0,18,0,1,0,0,0,0,0,1,1,1,38,7,2402,2,12,3,1,3
2017010048762,3,8,0,7,0,2,0,0,0,0,3,2,1,1,25,5,2776,2,2,9,1,9
2017010048770,1,1,0,18,0,1,0,0,0,0,1,1,6,2,25,5,-1,-1,-1,4,1,4
2017010048770,2,9,0,7,0,1,0,0,0,0,1,-1,6,1,-1,-1,-1,-1,-1,-1,-1,-1
2017010048773,1,9,-1,-1,-1,0,-1,-1,-1,-1,-1,-1,6,3,-1,-1,-1,-1,-1,-1,-1,-1
2017010048774,1,1,0,18,0,0,0,0,0,0,1,1,6,2,38,7,-1,-1,-1,3,1,3
2017010048774,2,9,0,2,0,0,0,0,0,0,-1,-1,6,3,-1,-1,1598,2,-1,-1,-1,-1
2017010048776,1,9,0,7,0,1,0,0,0,0,3,1,6,2,22,5,1598,1,4,8,1,8
2017010048776,2,1,0,18,0,1,0,0,0,0,1,1,6,1,44,7,-1,-1,-1,9,1,9
2017010048778,1,3,0,13,0,1,2,0,0,0,1,1,6,1,22,5,124,1,17,5,1,5
2017010048778,2,9,0,9,0,1,0,0,0,0,1,1,6,1,83,11,1332,1,18,3,1,3
2017010048779,1,1,0,10,0,1,0,0,0,0,1,1,6,1,30,6,-1,-1,-1,4,1,4
2017010048779,2,3,0,13,0,1,0,0,0,0,1,1,6,1,-1,-1,124,1,6,-1,-1,-1
2017010048782,1,11,0,18,0,2,0,0,0,0,0,1,1,2,22,5,6700,2,5,2,1,2
2017010048784,1,11,0,4,0,1,0,0,0,0,0,1,1,1,31,6,7300,2,11,2,1,2
2017010048786,1,9,0,18,0,0,0,0,0,0,4,1,6,2,53,8,1396,1,3,3,1,3
2017010048788,1,1,-1,18,-1,0,-1,0,0,0,3,1,6,2,48,8,-1,-1,-1,-1,-1,-1
2017010048788,2,9,-1,18,0,0,-1,0,0,0,4,-1,6,3,-1,-1,998,1,2,-1,-1,-1
2017010048792,1,19,0,18,0,0,0,0,0,0,2,1,1,1,35,6,2461,2,15,4,1,4
2017010048792,2,1,0,18,4,0,1,0,0,0,1,1,1,1,50,8,-1,-1,-1,9,1,9
2017010048793,1,3,0,9,0,1,5,0,0,0,0,1,2,1,32,6,124,1,11,7,1,7
2017010048793,2,9,0,9,0,2,0,0,0,0,0,1,6,1,57,9,1398,2,13,3,1,3
2017010048794,1,9,0,10,0,6,0,0,0,0,1,1,1,1,36,7,1995,2,5,-1,-1,-1
2017010048794,2,9,0,18,0,1,0,0,0,0,1,1,3,2,31,6,1781,1,13,4,1,4
2017010048795,1,9,0,9,0,5,0,0,0,0,4,1,6,2,23,5,1499,2,-1,2,1,2
2017010048795,2,1,0,18,4,1,0,0,0,0,1,1,6,1,26,6,-1,-1,-1,2,1,2
2017010048796,1,9,0,3,0,1,0,7,0,0,2,1,1,1,26,6,1591,1,2,6,1,6
2017010048796,2,9,0,18,0,1,0,0,0,0,1,1,2,1,40,7,1968,2,9,10,1,10
2017010048796,3,8,0,18,0,1,0,0,0,0,1,1,1,1,52,8,1997,2,4,5,1,5
2017010048798,1,9,0,18,0,2,0,0,0,0,4,2,6,2,31,6,1598,1,13,2,1,2
2017010048799,1,9,0,18,0,4,5,0,3,9,0,1,6,1,36,7,1299,1,15,9,1,9
2017010048801,1,20,0,5,0,8,0,0,0,0,4,1,1,1,60,9,12777,2,9,2,1,2
2017010048802,1,19,0,18,0,4,0,0,0,0,1,1,1,1,48,8,2198,2,8,4,1,4
2017010048802,2,3,0,18,0,4,0,0,0,0,4,1,1,1,24,5,-1,-1,-1,5,1,5
2017010048804,1,9,0,-1,0,0,0,0,0,0,3,-1,6,1,29,6,-1,-1,-1,2,1,2
2017010048804,2,9,0,-1,0,0,0,0,0,0,-1,-1,6,3,-1,-1,1600,1,13,-1,-1,-1
2017010048805,1,1,0,15,9,1,0,0,2,10,3,1,6,2,50,8,-1,-1,-1,-1,-1,-1
2017010048805,2,11,0,3,0,1,0,0,0,0,4,1,1,1,49,8,5132,2,1,4,1,4
2017010048806,1,9,0,1,2,2,0,0,0,0,2,1,6,1,-1,-1,1199,1,16,-1,-1,-1
2017010048812,1,19,0,4,0,0,0,0,0,0,3,1,6,1,49,8,2198,2,1,9,1,9
2017010048813,1,5,-1,-1,-1,-1,-1,-1,-1,-1,-1,1,6,1,55,8,645,1,10,5,1,5
2017010048813,2,9,-1,-1,-1,-1,-1,-1,-1,-1,-1,-1,6,1,-1,-1,1598,1,11,-1,-1,-1
2017010048815,1,9,0,4,0,0,0,0,0,0,2,1,6,2,28,6,1753,2,15,1,1,1
2017010048815,2,19,0,4,0,0,0,0,0,0,1,1,6,3,-1,-1,2198,2,8,-1,-1,-1
2017010048820,1,9,-1,18,0,0,-1,0,0,0,2,-1,6,2,29,6,1598,1,6,3,1,3
2017010048820,2,9,-1,18,0,0,0,0,0,0,1,-1,6,3,-1,-1,1339,1,8,-1,-1,-1
2017010048821,1,9,0,5,0,7,0,0,0,0,1,1,1,1,41,7,1798,8,1,4,1,4
2017010048822,1,9,0,4,0,1,0,0,0,0,2,1,6,1,41,7,1995,2,15,3,1,3
2017010048822,2,9,0,18,0,1,0,0,0,0,1,1,6,1,26,6,2720,2,12,5,1,5
2017010048826,1,1,0,18,0,1,0,0,0,0,-1,1,6,1,29,6,-1,-1,-1,4,1,4
2017010048826,2,9,0,2,0,2,0,0,0,0,-1,-1,6,3,-1,-1,1360,1,14,-1,-1,-1
2017010048837,1,5,-1,18,-1,-1,-1,-1,-1,-1,-1,1,6,1,26,6,689,1,2,3,1,3
2017010048838,1,1,-1,18,-1,-1,-1,-1,-1,-1,-1,1,6,1,52,8,-1,-1,-1,3,1,3
2017010048839,1,9,0,1,0,0,0,0,0,0,4,1,6,1,44,7,1598,1,13,2,1,2
2017010048839,2,9,0,18,0,0,0,0,0,0,1,1,6,3,-1,-1,1598,1,13,-1,-1,-1
2017010048840,1,11,0,4,2,1,0,0,0,0,0,1,1,1,32,6,4500,2,6,2,1,2
2017010048841,1,3,0,18,5,1,0,0,0,0,1,1,1,1,37,7,125,1,11,5,1,5
2017010048841,2,9,0,9,5,2,0,0,0,0,1,1,6,2,48,8,1229,1,4,6,1,6
2017010048843,1,19,0,12,0,0,0,0,0,0,1,1,1,1,47,8,1968,2,3,6,1,6
2017010048843,2,21,0,4,0,0,0,0,0,0,2,1,1,1,33,6,12740,2,3,6,2,6
2017010048843,3,9,0,18,0,0,0,0,0,0,1,1,6,3,-1,-1,-1,-1,-1,-1,-1,-1
2017010048843,4,19,0,4,0,0,0,0,0,0,4,1,1,1,49,8,2198,2,10,4,1,4
2017010048845,1,19,0,7,0,6,0,0,0,0,0,1,1,1,45,7,-1,-1,-1,4,1,4
2017010048845,2,9,0,18,0,2,2,0,0,0,2,1,6,1,48,8,2188,2,11,7,1,7
2017010048845,3,9,0,7,0,6,1,0,1,10,1,1,6,2,19,4,1395,1,-1,1,1,1
2017010048846,1,9,0,3,0,0,0,0,0,0,0,2,1,1,54,8,1995,2,3,10,1,10
2017010048846,2,9,0,5,0,0,0,4,0,0,2,1,6,2,38,7,1229,1,6,6,1,6
2017010048847,1,5,0,18,3,1,5,0,0,0,1,1,6,1,46,8,899,1,19,6,3,6
2017010048847,2,9,0,9,3,1,0,0,0,0,4,1,6,1,16,4,1995,2,11,3,1,3
2017010048848,1,9,0,18,0,2,0,0,1,5,1,1,6,1,75,10,1596,1,3,2,1,2
2017010048849,1,9,0,9,0,5,0,0,0,0,3,-1,6,3,-1,-1,-1,-1,-1,-1,-1,-1
2017010048850,1,4,0,18,0,0,0,0,0,0,2,1,6,1,24,5,125,1,-1,1,1,1
2017010048851,1,1,0,18,4,1,5,0,0,0,3,1,6,1,61,9,-1,-1,-1,-1,-1,-1
2017010048851,2,9,0,13,0,1,0,0,0,0,3,1,6,3,-1,-1,-1,-1,-1,-1,-1,-1
2017010048852,1,11,0,7,0,3,0,0,0,0,0,1,1,1,36,7,4461,2,4,4,1,4
2017010048852,2,9,0,4,0,3,0,0,0,0,0,1,6,3,-1,-1,-1,-1,-1,-1,-1,-1
2017010048853,1,9,0,7,0,8,0,0,0,0,3,1,6,1,24,5,2987,2,7,9,1,9
2017010048853,2,11,0,7,0,8,0,0,0,0,4,1,6,3,-1,-1,-1,-1,-1,-1,-1,-1
2017010048854,1,3,0,3,0,1,0,0,0,0,4,1,1,1,24,5,125,1,9,2,1,2
2017010048854,2,9,0,1,0,2,0,0,0,0,2,1,6,3,-1,-1,1968,2,7,-1,-1,-1
2017010048855,1,19,0,1,0,8,0,0,0,0,2,1,6,1,47,8,1995,2,9,2,1,2
2017010048857,1,9,5,18,0,1,0,0,0,0,3,1,6,3,-1,-1,-1,-1,-1,-1,-1,-1
2017010048858,1,9,0,3,0,1,0,0,0,0,2,1,6,1,46,8,3456,1,11,2,1,2
2017010048858,2,9,0,4,0,1,0,0,0,0,1,1,6,1,62,9,1997,2,8,3,1,3
2017010048859,1,5,0,18,0,2,5,0,0,0,3,1,6,1,24,5,599,1,8,4,1,4
2017010048859,2,21,1,11,0,2,0,0,0,0,4,1,6,3,-1,-1,-1,-1,-1,-1,-1,-1
2017010048861,1,9,0,5,0,0,0,0,0,0,1,1,6,3,-1,-1,-1,-1,-1,-1,-1,-1
2017010048862,1,9,0,18,0,8,0,0,0,0,1,1,6,1,51,8,1797,8,5,5,1,5
2017010048862,2,9,0,18,0,8,0,0,0,0,1,1,6,1,19,4,5461,1,1,3,1,3
2017010048863,1,3,0,13,0,0,0,0,0,0,0,1,6,3,-1,-1,-1,-1,-1,-1,-1,-1
2017010048865,1,9,0,18,0,0,2,0,0,0,4,1,2,2,31,6,1197,1,1,8,1,8
2017010048865,2,21,1,11,0,0,0,0,0,0,4,1,1,1,70,10,12777,2,6,4,1,4
2017010048866,1,9,0,7,0,6,0,0,0,0,3,1,2,1,43,7,1596,1,11,9,1,9
2017010048866,2,5,0,18,0,1,0,0,0,0,1,1,2,1,32,6,998,1,12,7,1,7
2017010048867,1,8,0,4,9,0,1,6,0,0,1,1,6,1,35,6,1560,2,3,10,1,10
2017010048868,1,9,0,7,0,5,0,0,0,0,3,1,6,3,-1,-1,-1,-1,-1,-1,-1,-1
2017010048868,2,1,0,18,0,1,0,0,1,0,1,1,1,2,36,7,-1,-1,-1,6,1,6
2017010048870,1,9,0,16,0,0,0,4,0,0,1,1,6,1,29,6,1968,2,4,4,1,4
2017010048870,2,9,0,2,0,0,0,0,7,10,4,1,6,3,-1,-1,1596,1,9,-1,-1,-1
2017010048870,3,9,0,2,0,0,0,4,1,0,1,1,6,3,-1,-1,2198,2,11,-1,-1,-1
2017010048870,4,9,0,2,0,0,0,4,0,0,2,1,6,3,-1,-1,973,1,15,-1,-1,-1
2017010048870,5,9,0,2,0,0,0,0,0,0,1,1,6,3,-1,-1,2362,1,17,-1,-1,-1
2017010048871,1,9,0,5,0,2,0,0,0,0,1,1,6,2,26,6,1598,2,4,4,1,4
2017010048871,2,1,0,18,0,1,0,0,0,0,4,1,6,1,45,7,-1,-1,-1,6,1,6
2017010048876,1,9,0,2,0,1,0,0,0,0,0,1,6,3,-1,-1,1999,2,1,-1,-1,-1
2017010048876,2,3,0,17,0,1,0,0,0,0,4,1,6,1,29,6,125,1,1,1,1,1
2017010048877,1,9,0,18,0,0,0,0,0,0,1,1,6,2,59,9,1149,1,10,8,1,8
2017010048879,1,9,0,5,0,3,1,0,0,0,1,1,6,2,19,4,1198,1,6,5,1,5
2017010048879,2,9,0,4,0,4,0,0,0,0,1,1,6,1,22,5,1995,2,2,6,1,6
2017010048890,1,1,0,-1,0,0,0,-1,-1,0,-1,1,1,1,30,6,-1,-1,-1,4,1,4
2017010048890,2,11,-1,-1,0,0,0,0,0,0,-1,-1,6,1,-1,-1,4461,2,4,-1,-1,-1
2017010048891,1,2,0,18,0,1,0,0,0,0,4,1,6,1,34,6,49,1,10,3,1,3
2017010048891,2,9,0,12,0,1,0,-1,0,0,3,-1,6,3,-1,-1,2143,2,-1,-1,-1,-1
2017010048893,1,1,0,18,0,0,0,0,0,0,2,1,6,1,56,9,-1,-1,-1,4,1,4
2017010048899,1,9,-1,-1,-1,-1,-1,-1,-1,-1,-1,-1,6,3,-1,-1,-1,-1,-1,-1,-1,-1
2017010048905,1,1,0,-1,0,-1,0,0,3,0,-1,1,2,1,35,6,-1,-1,-1,7,1,7
2017010048905,2,9,0,-1,0,-1,0,0,0,0,-1,-1,6,1,-1,-1,1598,1,15,2,1,2
2017010048911,1,1,-1,-1,-1,-1,-1,-1,-1,-1,-1,1,6,1,28,6,-1,-1,-1,4,1,4
2017010048911,2,9,-1,-1,-1,-1,-1,-1,-1,-1,-1,-1,6,2,-1,-1,3993,1,3,1,1,1
2017010048914,1,1,0,18,-1,0,-1,-1,0,0,2,1,6,1,53,8,-1,-1,-1,7,1,7
2017010048914,2,11,0,18,-1,0,0,-1,-1,-1,1,-1,6,1,-1,-1,9360,2,4,-1,-1,-1
2017010048922,1,1,-1,-1,-1,-1,-1,-1,-1,-1,-1,1,6,1,37,7,-1,-1,-1,3,1,3
2017010048922,2,9,-1,-1,-1,-1,-1,-1,-1,-1,-1,-1,6,1,-1,-1,2987,2,11,4,1,4
2017010048924,1,1,0,18,0,1,0,0,0,0,1,1,2,1,46,8,-1,-1,-1,10,1,10
2017010048924,2,9,0,18,0,1,0,0,0,0,1,-1,6,1,-1,-1,-1,-1,-1,-1,-1,-1
2017010048934,1,1,0,18,0,4,1,-1,0,0,0,1,6,1,37,7,-1,-1,-1,2,1,2
2017010048934,2,9,0,18,0,4,0,0,0,0,0,-1,6,1,28,6,1995,2,1,7,1,7
2017010048937,1,1,0,18,0,7,0,0,0,0,1,1,6,1,35,6,-1,-1,-1,4,1,4
2017010048939,1,1,0,18,0,0,-1,0,0,0,1,1,1,1,38,7,-1,-1,-1,3,1,3
2017010048939,2,9,0,-1,0,0,0,0,0,0,4,-1,6,1,-1,-1,1598,1,9,-1,-1,-1
2017010048942,1,1,0,18,0,0,0,0,0,0,1,1,6,1,-1,-1,-1,-1,-1,-1,-1,-1
2017010048945,1,9,-1,9,0,6,-1,0,0,0,3,-1,6,1,50,8,1968,2,3,6,1,6
2017010048945,2,1,-1,18,0,-1,-1,-1,0,0,1,1,6,1,-1,-1,-1,-1,-1,-1,-1,-1
2017010048947,1,1,0,18,0,0,0,0,0,0,-1,1,6,2,28,6,-1,-1,-1,5,1,5
2017010048947,2,19,0,18,0,0,0,0,0,0,4,-1,6,3,-1,-1,-1,-1,-1,-1,-1,-1
2017010048952,1,9,0,7,0,1,0,0,0,0,2,1,6,2,48,8,2993,2,11,-1,-1,-1
2017010048953,1,9,0,5,0,1,0,0,0,0,2,1,6,1,44,7,1995,2,8,2,1,2
2017010048953,2,8,0,18,0,1,0,-1,0,0,-1,1,6,1,53,8,2499,2,8,4,1,4
2017010048954,1,8,-1,-1,-1,-1,-1,-1,-1,-1,-1,-1,6,1,44,7,1798,8,5,2,1,2
2017010048954,2,9,-1,-1,-1,-1,-1,-1,-1,-1,-1,-1,6,1,-1,-1,2295,1,18,6,3,6
2017010048955,1,9,0,18,0,0,0,0,0,0,2,-1,6,2,46,8,1796,1,9,-1,-1,-1
2017010048955,2,9,0,18,0,0,0,0,0,0,2,-1,6,1,38,7,1968,2,6,4,1,4
2017010048955,3,9,0,18,0,0,0,0,0,0,1,-1,6,1,39,7,1984,1,7,-1,-1,-1
2017010048962,1,9,0,18,-1,-1,0,-1,0,0,3,-1,6,2,-1,-1,1368,1,7,-1,-1,-1
2017010048962,2,9,0,18,-1,-1,0,-1,0,0,-1,-1,6,2,-1,-1,998,1,9,8,1,8
2017010048967,1,9,0,18,0,1,0,0,0,0,2,1,6,3,-1,-1,-1,-1,-1,-1,-1,-1
2017010048970,1,19,0,7,0,5,0,0,0,0,4,1,2,1,31,6,1870,2,14,5,1,5
2017010048970,2,1,0,18,5,1,0,0,0,0,1,1,2,1,49,8,-1,-1,-1,5,1,5
2017010048972,1,9,0,18,0,8,0,0,0,0,3,1,2,1,39,7,1598,1,7,2,1,2
2017010048972,2,1,0,18,0,6,0,0,3,0,1,1,4,1,15,3,-1,-1,-1,7,1,7
2017010048973,1,3,0,13,0,8,5,0,0,0,0,1,2,1,27,6,125,1,-1,-1,-1,-1
2017010048973,2,9,0,9,0,6,0,0,0,0,0,1,6,3,-1,-1,1598,1,15,-1,-1,-1
2017010048979,1,9,-1,17,0,8,-1,0,0,0,3,-1,6,1,56,9,1598,1,13,4,1,4
2017010048979,2,9,-1,7,0,8,-1,0,0,0,4,-1,6,3,-1,-1,-1,-1,-1,-1,-1,-1
2017010048979,3,9,0,16,0,8,-1,0,0,0,1,-1,6,1,-1,-1,2993,2,9,3,1,3
2017010048982,1,1,0,18,4,1,0,0,0,0,3,1,2,1,38,7,-1,-1,-1,8,1,8
2017010048982,2,19,-1,7,0,5,0,0,0,0,4,1,6,1,39,7,2198,2,3,3,1,3
2017010048988,1,9,0,9,0,6,0,0,0,0,3,1,2,2,20,4,998,1,5,5,1,5
2017010048988,2,4,0,18,0,1,0,0,0,0,1,1,1,1,26,6,125,1,5,9,1,9
2017010048998,1,11,0,4,0,1,0,0,0,0,0,1,1,1,28,6,8268,2,11,4,1,4
2017010049000,1,9,0,7,2,0,0,0,0,0,4,1,6,1,45,7,1598,1,6,3,1,3
2017010049000,2,3,0,18,0,0,5,0,0,0,1,1,6,1,47,8,125,1,3,3,1,3
2017010049007,1,8,0,1,0,0,0,0,-1,-1,2,-1,6,3,-1,-1,2499,2,6,-1,-1,-1
2017010049008,1,9,0,3,-1,-1,0,-1,-1,-1,-1,-1,6,2,-1,-1,1399,1,8,1,1,1
2017010049008,2,9,0,1,-1,-1,0,-1,-1,-1,-1,-1,6,1,-1,-1,1598,2,3,-1,-1,-1
2017010049013,1,9,0,4,0,4,0,0,0,0,2,1,2,2,47,8,2597,1,17,3,1,3
2017010049013,2,21,4,4,0,4,0,0,0,0,1,2,1,1,32,6,6870,2,10,6,1,6
2017010049016,1,9,0,18,0,8,0,7,7,10,1,1,6,1,68,10,1997,2,13,9,1,9
2017010049016,2,1,0,12,0,8,5,0,1,0,2,1,6,1,30,6,-1,-1,-1,6,1,6
2017010049017,1,1,0,18,0,1,0,0,0,0,-1,1,6,1,21,5,-1,-1,-1,2,1,2
2017010049017,2,9,-1,7,0,1,0,0,0,0,1,-1,6,3,-1,-1,3199,1,15,-1,-1,-1
2017010049021,1,90,0,5,0,1,0,8,0,0,1,1,1,1,44,7,-1,-1,-1,4,1,4
2017010049021,2,1,0,18,0,1,5,8,0,0,1,1,2,2,53,8,-1,-1,-1,8,1,8
2017010049022,1,9,0,18,0,1,0,0,0,0,3,1,6,1,56,9,1998,1,16,1,1,1
2017010049024,1,9,0,9,0,1,0,0,0,0,1,1,2,1,37,7,1600,1,13,4,1,4
2017010049024,2,1,0,18,0,8,0,0,0,0,2,1,2,1,33,6,-1,-1,-1,3,1,3
2017010049026,1,9,0,8,0,6,0,0,0,0,2,1,1,1,41,7,1560,2,2,3,1,3
2017010049026,2,9,0,18,0,1,0,0,0,0,1,1,6,1,-1,-1,1596,1,14,7,2,7
2017010049027,1,9,0,18,0,1,0,0,0,0,1,1,6,1,67,10,2295,1,14,6,1,6
2017010049027,2,9,0,3,0,1,0,0,0,0,2,1,1,1,47,8,998,1,10,5,1,5
2017010049027,3,9,0,3,0,1,0,0,0,0,2,1,6,2,25,5,1242,1,2,5,1,5
2017010049027,4,19,0,3,0,1,0,0,0,0,1,1,2,1,47,8,1499,2,1,4,1,4
2017010049028,1,3,0,12,0,0,0,7,0,0,4,1,6,1,30,6,125,1,3,3,1,3
2017010049028,2,9,0,12,0,0,0,0,1,0,3,1,6,1,53,8,1984,1,13,2,1,2
2017010049029,1,9,0,5,8,0,0,0,0,0,1,1,6,2,28,6,1598,1,10,3,1,3
2017010049029,2,1,0,18,0,0,0,0,0,0,1,1,6,1,57,9,-1,-1,-1,7,1,7
2017010049032,1,1,-1,9,0,8,-1,0,0,0,1,1,6,1,41,7,-1,-1,-1,3,1,3
2017010049032,2,9,-1,18,0,8,-1,-1,0,0,1,-1,6,1,-1,-1,-1,-1,-1,-1,-1,-1
2017010049035,1,3,0,15,4,1,1,10,1,4,1,1,2,1,33,6,125,1,3,2,1,2
2017010049035,2,21,1,3,0,1,0,0,0,0,0,1,1,1,50,8,10677,2,1,7,1,7
2017010049037,1,9,0,5,2,8,0,0,0,0,1,1,6,1,60,9,-1,-1,-1,6,1,6
2017010049037,2,9,0,9,0,1,0,0,0,0,3,1,6,1,35,6,-1,-1,-1,3,1,3
2017010049038,1,3,0,18,0,0,0,8,0,0,1,1,2,1,36,7,125,1,2,-1,-1,-1
2017010049038,2,9,0,3,0,0,0,0,0,0,4,1,6,2,40,7,1395,8,2,9,1,9
2017010049039,1,19,0,16,0,1,0,0,0,0,1,1,1,1,37,7,2143,2,-1,2,1,2
2017010049039,2,1,0,18,0,1,0,0,0,0,3,1,6,1,29,6,-1,-1,-1,1,1,1
2017010049044,1,9,-1,17,0,4,-1,0,0,0,-1,-1,6,2,18,4,1596,1,13,-1,-1,-1
2017010049044,2,1,-1,18,0,4,0,0,0,0,2,1,2,2,40,7,-1,-1,-1,7,1,7
2017010049056,1,1,-1,18,0,0,0,0,0,0,-1,1,6,2,55,8,-1,-1,-1,5,1,5
2017010049056,2,9,-1,-1,0,0,0,0,0,0,-1,-1,6,1,-1,-1,1781,1,14,2,1,2
2017010049059,1,9,0,5,0,2,0,0,0,0,0,1,1,1,-1,-1,1798,8,4,-1,-1,-1
2017010049060,1,8,0,5,0,1,0,0,0,0,1,1,6,2,36,7,1798,8,1,3,1,3
2017010049060,2,1,0,5,0,1,0,0,0,0,2,1,6,2,65,9,-1,-1,-1,3,1,3
2017010049068,1,9,0,18,0,0,0,0,0,0,1,1,6,1,35,6,1968,2,13,7,1,7
2017010049068,2,4,0,18,0,0,5,0,0,0,1,1,6,1,18,4,124,1,18,6,1,6
2017010049069,1,9,0,9,0,1,0,0,0,0,2,1,6,1,71,10,2231,2,9,2,1,2
2017010049069,2,3,0,5,0,1,5,0,0,0,1,1,6,1,19,4,124,1,2,5,1,5
2017010049075,1,9,0,4,0,1,0,0,0,0,2,1,1,1,35,6,-1,-1,-1,6,1,6
2017010049075,2,3,0,18,0,1,2,0,0,0,1,1,6,1,22,5,125,1,6,-1,-1,-1
2017010049081,1,11,0,10,0,1,0,0,0,0,0,1,1,1,56,9,4500,2,-1,4,1,4
2017010049083,1,9,0,18,0,0,5,0,0,0,1,1,6,2,72,10,1598,1,7,9,1,9
2017010049086,1,3,0,13,0,0,0,0,0,0,4,1,2,1,23,5,123,1,4,2,1,2
2017010049086,2,9,0,12,0,0,0,0,0,0,3,1,2,2,22,5,1598,1,10,5,1,5
2017010049086,3,9,0,18,0,0,0,0,0,0,2,1,2,1,42,7,1560,2,9,10,1,10
2017010049087,1,9,0,18,0,8,0,0,0,0,3,1,6,2,30,6,1596,1,10,4,1,4
2017010049088,1,9,0,6,0,0,0,0,0,0,3,1,6,1,73,10,1998,1,18,2,1,2
2017010049088,2,5,0,13,0,0,0,0,0,0,4,1,6,1,41,7,660,1,9,2,1,2
2017010049089,1,8,0,18,0,2,0,0,0,0,1,1,6,1,43,7,1797,8,7,4,1,4
2017010049089,2,9,0,4,0,2,0,0,0,0,2,1,6,2,25,5,1596,1,14,1,1,1
2017010049089,3,21,0,3,0,2,0,0,0,0,2,1,1,1,36,7,9200,2,8,4,1,4
2017010049090,1,9,0,5,0,1,0,0,0,0,1,1,6,2,38,7,1596,1,15,4,1,4