Accident_Index,Vehicle_Reference,Vehicle_Type,Towing_and_Articulation,Vehicle_Manoeuvre,Vehicle_Location-Restricted_Lane,Junction_Location,Skidding_and_Overturning,Hit_Object_in_Carriageway,Vehicle_Leaving_Carriageway,Hit_Object_off_Carriageway,1st_Point_of_Impact,Was_Vehicle_Left_Hand_Drive?,Journey_Purpose_of_Driver,Sex_of_Driver,Age_of_Driver,Age_Band_of_Driver,Engine_Capacity_(CC),Propulsion_Code,Age_of_Vehicle,Driver_IMD_Decile,Driver_Home_Area_Type,Vehicle_IMD_Decile
2017010049090,2,9,0,4,0,1,0,0,0,0,2,1,6,1,41,7,1248,2,6,2,1,2
2017010049091,1,8,0,5,0,8,0,0,0,0,2,1,6,1,59,9,1598,1,10,1,1,1
2017010049091,2,1,0,18,0,8,5,0,0,0,1,1,6,1,37,7,-1,-1,-1,6,1,6
2017010049093,1,9,0,5,0,2,0,0,0,0,4,1,6,1,67,10,1997,2,14,4,1,4
2017010049093,2,1,0,18,0,2,0,0,0,0,4,1,6,1,69,10,-1,-1,-1,4,1,4
2017010049095,1,9,0,5,0,0,0,0,0,0,2,1,6,2,34,6,1598,1,11,2,1,2
2017010049095,2,9,0,5,0,0,0,0,0,0,2,2,6,1,45,7,1461,2,8,2,1,2
2017010049095,3,9,0,4,0,0,0,0,0,0,1,1,6,3,-1,-1,-1,-1,-1,-1,-1,-1
2017010049096,1,19,0,7,0,5,0,0,0,0,1,1,1,1,32,6,2463,2,12,5,1,5
2017010049097,1,11,0,14,2,2,0,0,0,0,3,1,1,1,36,7,5132,2,-1,2,1,2
2017010049097,2,9,0,9,0,1,0,0,0,0,2,1,3,2,40,7,998,1,3,1,1,1
2017010049097,3,17,0,18,0,1,0,0,0,0,1,1,1,1,34,6,-1,-1,-1,4,1,4
2017010049098,1,8,0,3,0,1,0,0,0,0,2,1,1,1,52,8,2402,2,15,2,1,2
2017010049098,2,1,0,4,0,1,1,4,0,0,1,1,6,1,18,4,-1,-1,-1,3,1,3
2017010049099,1,9,0,4,0,1,0,0,1,10,1,1,6,1,37,7,2199,2,6,8,1,8
2017010049099,2,9,0,4,0,1,0,0,0,0,2,1,1,1,50,8,-1,-1,-1,4,1,4
2017010049100,1,9,0,7,0,5,0,0,0,0,1,1,6,2,40,7,1896,2,8,3,1,3
2017010049100,2,1,0,18,0,1,0,0,0,0,3,1,2,1,22,5,-1,-1,-1,4,1,4
2017010049102,1,9,0,9,0,1,0,0,0,0,1,1,6,1,83,11,1587,1,19,7,1,7
2017010049102,2,3,0,18,0,1,2,0,0,0,3,1,1,1,24,5,108,1,3,2,1,2
2017010049103,1,9,0,1,8,1,0,0,0,0,3,1,6,1,23,5,-1,-1,-1,7,1,7
2017010049103,2,9,0,4,0,1,0,0,0,0,1,1,6,2,49,8,998,1,14,7,1,7
2017010049105,1,5,0,4,0,1,0,0,0,0,1,1,2,2,32,6,645,1,4,6,1,6
2017010049105,2,9,0,4,0,1,0,0,0,0,2,1,6,1,28,6,1364,1,11,3,1,3
2017010049106,1,19,0,5,0,1,0,0,0,0,1,1,1,1,22,5,2402,2,10,6,1,6
2017010049106,2,19,0,5,0,1,0,0,0,0,2,1,1,1,39,7,2198,2,9,6,1,6
2017010049106,3,9,0,5,0,1,0,0,0,0,2,1,6,1,75,10,1948,1,14,4,3,4
2017010049107,1,3,0,18,2,2,0,0,0,0,1,1,2,2,54,8,125,1,-1,2,1,2
2017010049108,1,9,0,3,0,2,0,0,0,0,2,1,6,1,23,5,1796,1,7,8,1,8
2017010049108,2,1,0,18,0,2,0,0,0,0,1,1,6,1,28,6,-1,-1,-1,3,1,3
2017010049109,1,1,0,18,4,0,0,0,0,0,1,1,6,2,27,6,-1,-1,-1,3,1,3
2017010049111,1,2,0,18,0,1,0,0,0,0,3,1,6,1,16,4,49,1,8,1,1,1
2017010049111,2,9,0,18,0,1,0,0,0,0,1,1,6,1,43,7,2261,1,9,2,1,2
2017010049111,3,9,0,2,0,2,0,0,0,0,2,1,6,3,-1,-1,1198,1,2,-1,-1,-1
2017010049114,1,9,0,18,0,1,0,0,0,0,1,1,6,2,46,8,1390,1,8,4,1,4
2017010049114,2,1,0,18,0,2,5,0,0,0,1,1,6,1,34,6,-1,-1,-1,6,1,6
2017010049115,1,9,0,9,0,6,0,0,0,0,1,1,6,2,56,9,-1,-1,-1,4,1,4
2017010049115,2,1,0,5,0,8,0,0,0,0,2,1,1,1,52,8,-1,-1,-1,2,1,2
2017010049117,1,8,0,3,0,1,0,0,0,0,1,1,1,1,56,9,2148,2,7,3,1,3
2017010049118,1,9,0,18,0,1,0,4,0,0,4,1,6,2,41,7,2736,1,15,9,1,9
2017010049118,2,9,0,18,0,1,0,4,0,0,3,1,6,1,57,9,2180,2,24,1,1,1
2017010049119,1,1,0,9,0,1,0,0,0,0,2,1,6,1,25,5,-1,-1,-1,4,1,4
2017010049119,2,3,0,14,0,1,1,0,0,0,1,1,6,1,21,5,125,1,1,5,1,5
2017010049122,1,11,0,4,0,0,0,0,0,0,0,1,6,1,33,6,10518,2,5,1,1,1
2017010049123,1,3,0,13,0,0,0,0,1,0,4,1,6,1,26,6,998,1,1,8,1,8
2017010049123,2,9,0,18,0,0,0,0,0,0,0,1,6,1,49,8,1560,2,10,4,1,4
2017010049124,1,8,0,18,0,1,0,0,0,0,0,1,1,1,52,8,-1,-1,-1,7,1,7
2017010049124,2,3,0,18,0,1,1,0,0,0,4,1,1,1,18,4,125,1,9,3,1,3
2017010049125,1,9,0,18,0,0,1,7,0,0,4,1,6,1,34,6,1995,2,12,3,1,3
2017010049125,2,21,1,18,0,0,0,7,0,0,3,1,1,2,31,6,10677,2,2,6,1,6
2017010049127,1,3,0,3,0,1,0,0,0,0,0,1,1,1,22,5,108,1,-1,6,1,6
2017010049127,2,19,0,3,0,1,0,0,0,0,0,1,6,3,-1,-1,-1,-1,-1,-1,-1,-1
2017010049128,1,21,0,18,0,1,0,0,0,0,1,1,1,1,28,6,10837,2,2,4,1,4
2017010049128,2,9,0,3,0,1,0,0,0,0,2,1,6,1,28,6,2967,2,6,5,1,5
2017010049130,1,3,0,18,0,0,2,10,0,0,1,1,6,1,42,7,-1,-1,-1,6,1,6
2017010049131,1,9,0,14,0,6,0,0,0,0,4,1,6,2,52,8,2000,2,12,5,1,5
2017010049134,1,9,0,18,0,0,0,0,1,0,3,1,6,2,37,7,-1,-1,-1,7,1,7
2017010049134,2,19,0,4,0,0,0,0,1,0,0,1,6,3,-1,-1,-1,-1,-1,-1,-1,-1
2017010049134,3,9,0,3,0,0,0,0,1,0,1,1,6,2,51,8,998,1,-1,6,1,6
2017010049136,1,1,0,-1,4,-1,0,-1,-1,-1,-1,1,6,1,29,6,-1,-1,-1,4,1,4
2017010049136,2,9,0,-1,0,-1,0,0,0,0,1,-1,6,1,-1,-1,-1,-1,-1,-1,-1,-1
2017010049137,1,9,0,17,9,1,1,10,7,1,3,1,6,1,47,8,1200,1,1,-1,-1,-1
2017010049137,2,8,0,5,0,2,0,0,0,0,3,2,1,1,45,7,1598,1,7,1,1,1
2017010049155,1,9,0,3,0,0,0,0,0,0,2,1,6,1,24,5,1149,1,12,8,2,8
2017010049155,2,19,0,18,0,0,0,4,0,0,1,2,6,1,-1,-1,-1,-1,-1,4,1,4
2017010049156,1,1,0,9,0,1,0,0,0,0,4,1,2,1,39,7,-1,-1,-1,2,1,2
2017010049156,2,9,0,4,0,1,0,0,0,0,4,1,1,1,27,6,999,1,-1,-1,-1,-1
2017010049173,1,9,0,3,0,-1,0,0,0,0,2,-1,6,2,45,7,1998,1,15,3,1,3
2017010049173,2,9,-1,4,0,-1,-1,-1,0,0,1,-1,6,1,-1,-1,2597,1,15,1,1,1
2017010049176,1,1,0,18,0,8,0,0,0,0,-1,1,6,2,29,6,-1,-1,-1,2,1,2
2017010049176,2,9,-1,8,0,8,-1,-1,0,0,-1,-1,6,3,-1,-1,-1,-1,-1,-1,-1,-1
2017010049179,1,9,0,9,0,8,0,0,0,0,1,1,6,1,22,5,2000,1,9,3,1,3
2017010049179,2,1,0,18,0,8,5,0,0,0,2,1,1,2,49,8,-1,-1,-1,2,1,2
2017010049181,1,9,-1,-1,-1,0,-1,-1,-1,-1,-1,-1,6,1,46,8,1910,2,7,1,1,1
2017010049187,1,3,0,-1,0,0,0,0,0,0,1,1,6,1,-1,-1,125,1,1,4,1,4
2017010049187,2,9,0,5,0,0,0,0,0,0,2,-1,6,1,-1,-1,2143,2,3,-1,-1,-1
2017010049189,1,9,0,18,0,8,0,0,0,0,2,-1,6,1,25,5,1995,2,1,4,1,4
2017010049189,2,9,0,18,0,8,0,-1,0,0,1,-1,6,1,-1,-1,1896,2,16,1,1,1
2017010049191,1,9,0,18,0,2,0,0,0,0,2,1,6,2,53,8,1598,1,12,7,1,7
2017010049191,2,9,0,18,0,2,0,0,0,0,1,-1,6,3,-1,-1,1499,2,-1,-1,-1,-1
2017010049193,1,9,0,18,0,8,0,2,0,0,-1,-1,6,3,-1,-1,1997,2,8,-1,-1,-1
2017010049194,1,9,0,17,0,0,-1,0,0,0,4,-1,6,3,-1,-1,1798,8,5,-1,-1,-1
2017010049197,1,9,0,15,0,0,0,0,0,0,2,1,2,2,39,7,1598,1,4,6,1,6
2017010049197,2,19,0,4,0,0,0,0,0,0,2,1,1,1,43,7,1968,2,1,2,1,2
2017010049197,3,10,0,4,0,0,0,0,0,0,2,1,1,1,45,7,-1,-1,-1,1,1,1
2017010049197,4,19,0,4,0,0,0,0,0,0,1,1,1,1,19,4,2198,2,5,10,3,10
2017010049198,1,9,0,18,0,0,0,0,0,0,0,1,6,3,-1,-1,-1,-1,-1,-1,-1,-1
2017010049200,1,9,0,-1,-1,-1,0,-1,-1,-1,-1,-1,6,3,-1,-1,-1,-1,-1,-1,-1,-1
2017010049206,1,9,0,3,0,2,0,0,0,0,3,1,6,1,69,10,1496,2,-1,3,1,3
2017010049206,2,1,0,18,0,2,0,0,0,0,1,1,1,1,43,7,-1,-1,-1,4,1,4
2017010049210,1,5,0,13,0,0,0,0,0,0,4,1,6,1,33,6,1050,1,4,3,1,3
2017010049210,2,8,0,9,0,0,0,0,0,0,3,-1,6,1,45,7,1797,8,6,2,1,2
2017010049211,1,3,-1,18,0,1,0,-1,0,0,-1,1,6,1,-1,-1,125,1,-1,7,1,7
2017010049211,2,9,-1,18,0,1,0,-1,0,0,-1,-1,6,1,-1,-1,1686,2,6,-1,-1,-1
2017010049212,1,9,-1,-1,-1,-1,-1,-1,-1,-1,-1,-1,6,1,-1,-1,-1,-1,-1,-1,-1,-1
2017010049214,1,19,-1,-1,-1,0,-1,-1,-1,-1,-1,-1,6,1,28,6,-1,-1,-1,5,1,5
2017010049214,2,9,-1,-1,-1,0,-1,-1,-1,-1,-1,-1,6,3,-1,-1,1398,2,9,-1,-1,-1
2017010049217,1,9,0,-1,0,5,0,0,0,0,-1,1,6,3,-1,-1,2400,2,4,-1,-1,-1
2017010049219,1,1,0,18,0,2,0,0,0,0,3,1,2,1,24,5,-1,-1,-1,8,3,8
2017010049219,2,9,0,13,0,2,0,0,0,0,4,-1,6,1,19,4,1596,1,11,-1,-1,-1
2017010049223,1,9,0,18,0,-1,0,0,0,0,-1,-1,6,1,-1,-1,1686,2,7,3,1,3
2017010049224,1,9,-1,9,0,1,-1,-1,-1,-1,-1,-1,6,2,35,6,1242,1,2,5,1,5
2017010049224,2,9,-1,-1,-1,-1,-1,-1,-1,-1,-1,-1,6,3,-1,-1,1796,1,14,-1,-1,-1
2017010049225,1,9,0,18,0,2,0,0,0,0,1,1,6,2,71,10,1198,1,11,2,1,2
2017010049225,2,9,0,4,0,2,0,0,0,0,0,1,2,1,45,7,1997,2,2,9,1,9
2017010049229,1,9,-1,3,0,1,0,0,0,0,3,-1,6,1,28,6,1598,1,4,2,1,2
2017010049229,2,9,-1,18,0,1,0,0,0,0,4,-1,6,3,-1,-1,999,1,-1,-1,-1,-1
2017010049232,1,2,-1,-1,-1,-1,-1,-1,-1,-1,-1,1,6,2,19,4,125,1,10,4,1,4
2017010049232,2,19,-1,-1,-1,-1,-1,-1,-1,-1,-1,-1,6,3,-1,-1,2198,2,8,-1,-1,-1
2017010049235,1,9,-1,-1,-1,-1,-1,-1,-1,-1,-1,-1,6,1,22,5,1198,1,7,-1,-1,-1
2017010049236,1,19,0,9,0,6,0,0,0,0,1,1,1,1,51,8,1968,2,1,5,1,5
2017010049236,2,9,0,9,0,6,0,0,0,0,2,1,6,2,52,8,1497,8,5,6,1,6
2017010049237,1,9,0,9,0,2,0,0,0,0,1,1,6,1,20,4,1229,1,4,8,1,8
2017010049240,1,9,0,5,0,1,0,0,0,0,1,1,2,2,38,7,1332,2,19,6,1,6
2017010049240,2,3,0,18,0,1,0,0,0,0,1,1,1,1,39,7,125,1,1,4,1,4
2017010049241,1,9,0,18,0,8,0,0,0,0,3,1,6,1,71,10,1388,1,8,9,1,9
2017010049245,1,9,0,5,0,2,0,0,0,0,2,1,2,2,30,6,1399,2,10,6,1,6
2017010049245,2,9,0,5,0,2,0,10,0,0,1,1,2,2,22,5,999,1,1,7,1,7
2017010049246,1,9,0,18,0,3,1,0,7,0,4,-1,6,1,34,6,1910,2,9,2,1,2
2017010049246,2,9,0,-1,0,4,0,0,0,0,1,-1,6,3,-1,-1,-1,-1,-1,-1,-1,-1
2017010049247,1,9,-1,-1,-1,-1,-1,-1,-1,-1,-1,-1,6,1,24,5,1968,2,2,3,1,3
2017010049247,2,9,-1,-1,-1,-1,-1,-1,-1,-1,-1,-1,6,1,-1,-1,1995,1,6,-1,-1,-1
2017010049252,1,9,0,10,0,1,0,0,0,0,2,1,6,2,39,7,1388,1,5,6,1,6
2017010049252,2,9,-1,-1,9,1,-1,-1,0,0,0,1,6,1,-1,-1,1498,1,8,-1,-1,-1
2017010049255,1,9,0,18,0,1,0,0,0,0,4,1,1,2,26,6,1390,1,15,7,1,7
2017010049255,2,1,0,18,0,4,0,0,0,0,1,1,2,2,27,6,-1,-1,-1,4,1,4
2017010049256,1,1,0,18,0,6,0,0,0,0,1,1,2,1,36,7,-1,-1,-1,4,1,4
2017010049258,1,10,-1,-1,0,0,0,0,0,0,-1,-1,6,3,-1,-1,2198,2,2,-1,-1,-1
2017010049259,1,1,0,18,0,1,0,0,0,0,3,1,2,1,39,7,-1,-1,-1,-1,-1,-1
2017010049259,2,9,0,7,0,1,0,0,0,0,1,1,6,3,-1,-1,1499,2,-1,-1,-1,-1
2017010049264,1,21,1,18,0,1,0,0,0,0,2,2,1,1,39,7,12902,2,1,7,1,7
2017010049264,2,3,0,18,0,1,0,0,0,0,1,1,6,1,31,6,125,1,11,2,1,2
2017010049264,3,9,0,7,0,5,0,0,0,0,2,1,1,1,56,9,3800,1,4,9,3,9
2017010049267,1,9,0,5,0,8,0,0,0,0,2,1,2,1,26,6,1364,1,10,3,1,3
2017010049267,2,19,0,5,0,8,0,0,0,0,1,1,2,1,49,8,2198,2,1,1,1,1
2017010049267,3,9,0,16,0,2,0,0,0,0,0,1,1,2,29,6,1499,2,1,3,1,3
2017010049270,1,1,0,18,0,8,0,0,0,0,1,1,2,1,48,8,-1,-1,-1,3,1,3
2017010049270,2,9,0,7,0,6,0,0,0,0,4,-1,6,3,-1,-1,1390,1,14,-1,-1,-1
2017010049273,1,9,0,1,9,8,0,-1,0,0,-1,-1,6,2,-1,-1,1968,2,9,-1,-1,-1
2017010049274,1,3,0,-1,0,2,0,0,0,0,4,1,6,1,46,8,125,1,3,2,1,2
2017010049274,2,9,-1,6,0,2,-1,0,0,0,1,-1,6,3,-1,-1,-1,-1,-1,-1,-1,-1
2017010049275,1,1,-1,-1,-1,-1,-1,-1,-1,-1,-1,1,6,1,49,8,-1,-1,-1,4,1,4
2017010049275,2,9,-1,-1,-1,-1,-1,-1,-1,-1,-1,-1,6,2,-1,-1,1242,1,5,9,1,9
2017010049276,1,9,-1,-1,-1,-1,-1,-1,-1,-1,-1,-1,6,2,-1,-1,1390,1,10,3,1,3
2017010049276,2,9,-1,-1,-1,-1,-1,-1,-1,-1,-1,-1,6,1,-1,-1,1598,2,4,-1,-1,-1
2017010049277,1,9,0,9,0,2,0,0,0,0,1,-1,2,2,38,7,1198,1,3,7,1,7
2017010049278,1,9,0,18,0,1,0,0,0,0,3,1,6,1,64,9,1368,1,1,6,1,6
2017010049278,2,8,0,18,0,1,0,0,0,0,1,1,1,1,42,7,1968,2,2,1,1,1
2017010049279,1,1,-1,3,0,1,-1,0,0,0,4,1,6,1,34,6,-1,-1,-1,3,1,3
2017010049281,1,19,0,8,0,5,0,0,0,0,4,1,1,1,28,6,1560,2,-1,2,1,2
2017010049281,2,9,0,18,0,6,0,0,0,0,1,1,6,1,73,10,1598,1,13,2,1,2
2017010049286,1,9,0,18,0,0,0,0,2,2,1,1,6,1,-1,-1,1360,1,17,-1,-1,-1
2017010049290,1,9,0,3,0,1,0,0,0,0,2,1,6,2,54,8,1299,1,13,5,1,5
2017010049290,2,9,0,18,0,1,-1,0,0,0,1,-1,6,3,-1,-1,-1,-1,-1,-1,-1,-1
2017010049296,1,1,0,18,0,0,0,0,0,0,2,1,6,1,46,8,-1,-1,-1,4,1,4
2017010049296,2,9,-1,-1,0,0,-1,-1,0,0,-1,-1,6,1,-1,-1,1560,2,7,-1,-1,-1
2017010049297,1,9,0,18,0,0,0,0,0,0,1,1,6,1,28,6,1229,1,2,5,1,5
2017010049297,2,9,0,18,0,0,0,0,0,0,2,1,6,1,71,10,1998,1,14,4,1,4
2017010049300,1,9,0,9,0,1,0,0,0,0,1,1,6,1,79,11,1398,1,2,5,1,5
2017010049300,2,9,0,18,0,1,0,0,0,0,1,1,6,1,88,11,1339,1,15,2,1,2
2017010049302,1,9,0,4,0,1,0,0,0,0,2,1,6,2,25,5,1197,1,2,6,1,6
2017010049302,2,9,0,1,0,-1,0,0,0,0,2,1,6,1,24,5,1968,2,5,4,1,4
2017010049304,1,9,0,18,0,8,0,0,0,0,4,-1,2,1,26,6,-1,-1,-1,3,1,3
2017010049304,2,90,0,18,0,6,0,0,0,0,1,-1,6,1,-1,-1,-1,-1,-1,3,1,3
2017010049306,1,9,0,10,0,1,0,0,0,0,2,-1,6,1,27,6,2698,2,10,3,1,3
2017010049306,2,9,0,18,0,1,0,0,0,0,1,-1,6,2,-1,-1,1199,1,14,-1,-1,-1
2017010049307,1,9,0,18,0,1,0,0,0,0,4,-1,6,1,52,8,1598,1,5,6,1,6
2017010049307,2,9,0,5,0,1,0,0,0,0,1,-1,6,1,-1,-1,1870,2,12,5,1,5
2017010049311,1,9,0,18,0,1,0,0,0,0,1,1,6,2,43,7,1598,2,-1,7,1,7
2017010049312,1,1,0,18,0,8,0,0,0,0,1,1,2,1,31,6,-1,-1,-1,3,1,3
2017010049314,1,9,0,9,0,6,0,0,0,0,1,1,3,2,40,7,2993,2,6,5,1,5
2017010049314,2,9,0,18,0,1,0,0,0,0,1,1,1,1,63,9,1797,8,6,5,1,5
2017010049317,1,9,0,3,0,0,0,0,0,0,3,-1,6,1,34,6,1360,1,5,-1,-1,-1
2017010049317,2,9,0,18,0,0,0,0,0,0,3,-1,6,3,-1,-1,2179,2,3,-1,-1,-1
2017010049319,1,9,0,5,0,2,0,0,0,0,1,1,6,2,40,7,2401,2,11,9,1,9
2017010049322,1,1,0,18,0,-1,0,0,0,0,-1,1,6,1,36,7,-1,-1,-1,7,1,7
2017010049330,1,9,0,9,0,6,0,0,0,0,1,2,6,1,44,7,999,1,1,-1,-1,-1
2017010049330,2,9,0,18,0,1,0,0,0,0,1,1,6,2,27,6,1399,2,7,6,1,6
2017010049335,1,1,0,18,0,2,0,0,0,0,1,1,2,1,31,6,-1,-1,-1,6,1,6
2017010049336,1,9,0,7,2,8,0,0,0,0,4,1,6,1,51,8,1299,1,17,4,1,4
2017010049336,2,1,0,18,2,8,5,0,0,0,1,1,1,1,19,4,-1,-1,-1,6,1,6
2017010049338,1,9,0,18,0,1,0,10,1,10,3,1,2,1,41,7,1798,8,3,4,1,4
2017010049338,2,9,0,8,0,1,0,0,0,0,3,1,6,2,36,7,1360,1,11,4,1,4
2017010049339,1,8,0,18,0,0,0,0,0,0,1,1,2,1,36,7,1968,2,5,3,1,3
2017010049339,2,1,0,18,0,0,0,0,0,0,2,1,6,1,24,5,-1,-1,-1,4,1,4
2017010049340,1,9,0,9,0,5,5,10,0,0,1,1,6,2,51,8,1995,2,11,5,1,5
2017010049341,1,9,0,18,0,1,0,0,0,0,1,1,6,1,33,6,1910,2,9,6,1,6
2017010049342,1,9,0,18,0,0,0,0,0,0,1,1,6,1,25,5,2143,2,2,9,1,9
2017010049342,2,1,0,5,0,0,0,0,0,0,1,1,6,1,9,2,-1,-1,-1,2,1,2
2017010049343,1,3,0,18,0,3,0,0,0,0,1,1,2,1,36,7,125,1,-1,8,1,8
2017010049343,2,9,0,4,0,3,0,0,0,0,2,1,6,3,-1,-1,1956,2,3,-1,-1,-1
2017010049344,1,9,0,4,0,0,0,0,0,0,1,1,6,2,54,8,1998,2,9,9,3,9
2017010049344,2,9,0,4,0,0,0,0,0,0,2,1,6,1,34,6,1497,8,4,-1,-1,-1
2017010049345,1,9,0,9,0,1,0,0,0,0,4,1,6,1,26,6,1364,1,10,3,1,3
2017010049345,2,1,0,18,0,1,0,0,0,0,1,1,6,1,43,7,-1,-1,-1,6,1,6
2017010049346,1,9,0,4,0,0,0,0,0,0,1,1,1,1,42,7,1499,1,-1,3,1,3
2017010049347,1,9,0,18,0,1,0,0,0,0,4,1,6,2,50,8,1388,1,10,5,1,5
2017010049348,1,11,0,4,0,1,0,0,0,0,0,1,6,1,17,4,-1,-1,-1,-1,-1,-1
2017010049350,1,1,0,18,0,1,0,11,0,0,1,1,6,1,28,6,-1,-1,-1,8,1,8
2017010049351,1,9,0,18,0,0,1,0,1,7,4,1,6,1,45,7,1586,1,8,-1,1,-1
2017010049351,2,21,1,12,0,0,0,0,0,0,3,2,1,1,46,8,-1,-1,-1,-1,-1,-1
2017010049352,1,9,0,7,0,3,0,0,0,0,1,1,6,1,27,6,1198,1,3,-1,-1,-1
2017010049352,2,9,0,5,0,4,0,0,0,0,1,1,6,2,32,6,1364,1,8,3,1,3
2017010049353,1,9,0,7,0,8,0,0,0,0,1,1,6,1,26,6,998,1,5,-1,-1,-1
2017010049355,1,9,0,18,0,2,1,0,0,0,0,1,1,1,32,6,1999,2,1,6,1,6
2017010049355,2,9,5,18,0,2,0,0,0,0,1,1,2,2,60,9,1242,1,7,10,2,10
2017010049356,1,3,0,18,0,8,0,0,0,0,4,1,6,1,19,4,125,1,12,4,1,4
2017010049356,2,9,0,7,0,6,0,0,0,0,1,1,6,2,36,7,1229,1,9,8,1,8
2017010049358,1,9,0,5,0,6,0,0,0,0,1,1,6,2,30,6,1598,1,5,2,1,2
2017010049358,2,3,0,18,0,1,0,0,0,0,1,1,1,1,35,6,108,1,1,4,1,4
2017010049359,1,11,0,18,0,1,0,0,0,0,2,1,6,3,-1,-1,-1,-1,-1,-1,-1,-1
2017010049359,2,1,0,18,0,1,0,0,0,0,2,1,6,2,25,5,-1,-1,-1,4,1,4
2017010049360,1,9,0,18,0,1,0,0,0,0,3,1,6,1,21,5,1368,1,10,7,1,7
2017010049361,1,9,0,15,0,6,0,0,0,0,1,1,6,3,-1,-1,-1,-1,-1,-1,-1,-1
2017010049362,1,9,0,3,0,1,0,0,0,0,2,1,6,1,44,7,1389,1,11,-1,-1,-1
2017010049362,2,11,0,12,0,8,0,0,0,0,1,1,6,1,52,8,5132,2,-1,2,1,2
2017010049363,1,9,0,18,0,2,0,0,0,0,1,1,6,1,28,6,1587,1,10,2,1,2
2017010049363,2,1,0,18,0,2,0,0,0,0,2,1,6,1,36,7,-1,-1,-1,2,1,2
2017010049367,1,3,0,18,0,6,5,0,0,0,2,1,1,1,39,7,125,1,11,2,1,2
2017010049367,2,9,0,18,0,6,0,0,0,0,1,1,6,1,33,6,998,1,3,2,1,2
2017010049369,1,1,0,18,0,1,0,0,0,0,1,1,2,1,43,7,-1,-1,-1,5,1,5
2017010049369,2,9,0,13,0,1,0,0,0,0,4,1,4,2,54,8,-1,-1,-1,5,1,5
2017010049370,1,9,0,18,0,1,0,0,0,0,4,1,6,1,28,6,1598,2,2,10,1,10
2017010049370,2,9,0,18,0,1,0,0,7,9,1,1,6,1,40,7,1968,2,6,2,1,2
2017010049372,1,9,0,8,0,5,0,0,0,0,1,1,6,1,23,5,1149,1,11,-1,-1,-1
2017010049376,1,3,0,18,0,0,1,0,0,0,1,1,6,1,40,7,125,1,-1,7,1,7
2017010049376,2,9,0,7,8,0,0,0,0,0,1,1,6,1,-1,-1,1796,1,18,-1,-1,-1
2017010049383,1,1,0,18,0,0,0,0,0,0,1,1,2,1,27,6,-1,-1,-1,8,1,8
2017010049383,2,9,0,6,0,0,0,0,0,0,1,1,6,1,-1,-1,-1,-1,-1,-1,-1,-1
2017010049385,1,8,0,9,0,6,0,0,0,0,1,1,1,1,17,4,1999,1,6,4,1,4
2017010049385,2,1,0,14,0,1,0,0,0,0,1,1,6,1,17,4,-1,-1,-1,5,1,5
2017010049389,1,8,0,5,0,8,1,7,0,0,4,1,6,1,55,8,2776,2,1,7,3,7
2017010049389,2,19,0,5,0,8,0,0,0,0,1,1,1,1,39,7,1560,2,2,6,1,6
2017010049394,1,1,0,18,0,8,0,0,0,0,3,1,6,1,27,6,-1,-1,-1,3,1,3
2017010049394,2,9,0,7,0,8,0,0,0,0,1,1,6,1,29,6,1798,8,3,3,1,3
2017010049399,1,1,0,18,0,0,0,0,0,0,1,1,2,1,30,6,-1,-1,-1,7,1,7
2017010049399,2,9,0,9,0,0,0,0,0,0,1,-1,6,3,-1,-1,1968,2,2,-1,-1,-1
2017010049412,1,9,0,7,0,8,0,0,0,0,1,1,6,1,42,7,1796,1,14,3,1,3
2017010049413,1,9,0,17,0,0,0,0,0,0,1,1,2,1,40,7,1999,1,11,4,1,4
2017010049413,2,3,0,17,0,0,2,0,0,0,1,1,2,1,23,5,125,1,-1,4,1,4
2017010049429,1,1,0,3,0,1,0,0,0,0,1,1,6,1,31,6,-1,-1,-1,2,1,2
2017010049429,2,10,-1,18,0,1,0,0,0,0,1,-1,6,1,49,8,2198,2,8,4,1,4
2017010049430,1,9,0,3,0,1,0,0,0,0,2,1,6,2,41,7,1998,1,13,-1,-1,-1
2017010049430,2,9,0,18,0,1,0,0,0,0,1,1,6,1,-1,-1,-1,-1,-1,-1,-1,-1
2017010049431,1,9,-1,18,0,0,-1,-1,-1,-1,-1,-1,6,1,-1,-1,1991,1,2,2,1,2
2017010049435,1,9,0,12,6,6,0,0,0,0,1,1,1,1,37,7,998,1,1,3,1,3
2017010049435,2,3,0,13,0,1,5,0,1,10,1,1,6,1,33,6,-1,-1,-1,3,1,3
2017010049439,1,1,0,18,0,1,0,0,0,0,3,1,6,1,62,9,-1,-1,-1,8,1,8
2017010049439,2,21,4,18,0,1,0,0,0,0,4,1,1,1,39,7,12740,2,1,1,1,1
2017010049445,1,9,0,17,0,0,0,4,0,0,1,1,6,2,84,11,599,1,15,8,1,8
2017010049445,2,9,0,2,0,0,0,0,0,0,2,1,6,3,-1,-1,999,1,-1,-1,-1,-1
2017010049446,1,9,0,4,0,0,0,0,0,0,1,1,6,2,44,7,1199,1,17,6,1,6
2017010049446,2,11,0,1,0,0,0,0,0,0,1,1,6,1,55,8,4500,2,7,4,1,4
2017010049453,1,9,0,9,0,8,0,0,0,0,1,1,6,1,37,7,1360,1,14,3,1,3
2017010049453,2,9,0,18,0,8,0,0,0,0,1,1,6,1,56,9,-1,-1,-1,7,1,7
2017010049460,1,1,0,18,0,1,0,0,0,0,1,1,2,1,40,7,-1,-1,-1,4,1,4
2017010049460,2,9,0,9,0,8,0,0,0,0,4,-1,6,1,-1,-1,999,1,1,-1,-1,-1
2017010049470,1,9,-1,2,0,0,-1,0,0,0,4,-1,6,3,-1,-1,1461,2,8,-1,-1,-1