Accident_Index,Vehicle_Reference,Vehicle_Type,Towing_and_Articulation,Vehicle_Manoeuvre,Vehicle_Location-Restricted_Lane,Junction_Location,Skidding_and_Overturning,Hit_Object_in_Carriageway,Vehicle_Leaving_Carriageway,Hit_Object_off_Carriageway,1st_Point_of_Impact,Was_Vehicle_Left_Hand_Drive?,Journey_Purpose_of_Driver,Sex_of_Driver,Age_of_Driver,Age_Band_of_Driver,Engine_Capacity_(CC),Propulsion_Code,Age_of_Vehicle,Driver_IMD_Decile,Driver_Home_Area_Type,Vehicle_IMD_Decile
2017010050129,2,9,0,18,0,4,0,0,0,0,2,1,2,2,41,7,1591,1,3,9,1,9
2017010050131,1,9,0,17,0,8,0,0,0,0,1,1,1,1,58,9,-1,-1,-1,2,1,2
2017010050132,1,8,0,9,0,1,0,0,0,0,0,1,1,1,67,10,2776,2,1,4,1,4
2017010050132,2,1,0,18,0,1,1,0,0,0,0,1,6,1,25,5,-1,-1,-1,3,1,3
2017010050133,1,9,0,3,0,1,0,0,0,0,2,1,6,2,58,9,1798,8,4,3,1,3
2017010050133,2,9,0,5,0,1,0,0,0,0,1,1,6,1,21,5,1400,1,17,8,3,8
2017010050135,1,9,4,18,0,8,0,0,0,0,1,2,6,1,26,6,1968,2,5,3,1,3
2017010050135,2,9,0,9,0,5,5,0,0,0,4,2,6,2,19,4,1968,2,1,2,1,2
2017010050136,1,2,0,7,8,1,0,0,0,0,4,1,6,1,24,5,125,1,3,1,1,1
2017010050136,2,2,0,5,0,1,0,0,0,0,1,1,2,2,21,5,108,1,3,-1,-1,-1
2017010050138,1,8,0,16,0,8,0,0,0,0,1,1,6,1,46,8,1798,8,5,6,1,6
2017010050139,1,3,0,18,0,1,0,0,0,0,4,1,2,1,47,8,124,1,2,3,1,3
2017010050139,2,9,0,18,0,1,0,0,0,0,4,1,2,1,46,8,1997,2,12,3,1,3
2017010050140,1,9,0,5,0,1,0,0,0,0,1,1,6,1,28,6,1796,1,8,2,1,2
2017010050140,2,9,0,18,0,1,0,0,0,0,1,1,6,1,27,6,1497,1,17,3,1,3
2017010050141,1,19,0,8,0,2,0,0,0,0,2,1,2,1,60,9,1968,2,1,5,1,5
2017010050141,2,2,0,4,0,1,0,0,0,0,1,1,6,3,-1,-1,-1,-1,-1,-1,-1,-1
2017010050142,1,9,0,18,0,1,0,0,0,0,0,1,1,1,33,6,1499,1,-1,-1,-1,-1
2017010050142,2,9,0,9,9,2,1,10,1,3,1,1,6,1,40,7,1388,1,13,3,1,3
2017010050143,1,3,0,14,0,0,5,0,0,0,1,1,6,1,26,6,125,1,1,3,1,3
2017010050143,2,19,0,6,0,0,0,0,0,0,3,1,1,1,22,5,1598,2,2,2,1,2
2017010050150,1,9,0,17,9,2,5,10,1,2,1,1,6,1,27,6,1497,1,14,8,1,8
2017010050152,1,21,1,18,0,8,0,0,0,0,1,1,1,1,53,8,10677,2,2,-1,1,-1
2017010050154,1,9,0,6,0,1,0,0,0,0,3,1,2,1,38,7,1997,1,13,6,1,6
2017010050154,2,20,0,18,0,1,0,0,0,0,1,1,1,1,38,7,4461,2,9,10,1,10
2017010050155,1,9,0,5,0,1,0,0,0,0,0,1,6,1,33,6,-1,-1,-1,-1,-1,-1
2017010050159,1,1,0,18,0,0,5,0,0,0,1,1,6,1,60,9,-1,-1,-1,6,1,6
2017010050161,1,1,0,18,0,0,0,0,0,0,1,1,2,1,37,7,-1,-1,-1,6,1,6
2017010050182,1,9,-1,-1,0,-1,0,-1,0,0,2,-1,6,1,54,8,1597,1,-1,7,1,7
2017010050182,2,9,-1,-1,0,-1,0,-1,0,0,1,-1,6,1,-1,-1,-1,-1,-1,-1,-1,-1
2017010050184,1,9,0,18,0,0,0,-1,0,0,-1,-1,6,1,31,6,1968,2,-1,1,1,1
2017010050193,1,1,0,6,0,0,0,0,0,0,1,1,6,2,33,6,-1,-1,-1,3,1,3
2017010050193,2,8,0,18,0,0,0,0,0,0,1,-1,6,3,-1,-1,2499,2,10,-1,-1,-1
2017010050198,1,9,0,5,2,0,0,0,0,0,2,1,1,1,49,8,999,1,8,10,1,10
2017010050198,2,1,0,5,2,0,0,0,0,0,1,1,6,2,30,6,-1,-1,-1,2,1,2
2017010050199,1,5,0,18,0,0,0,0,0,0,3,1,6,1,30,6,649,1,4,1,1,1
2017010050199,2,9,0,-1,0,0,0,-1,0,0,4,-1,6,3,-1,-1,1956,2,7,-1,-1,-1
2017010050202,1,1,0,-1,0,0,0,0,0,0,-1,1,2,1,29,6,-1,-1,-1,2,1,2
2017010050202,2,9,0,-1,0,0,0,-1,0,0,-1,-1,6,1,-1,-1,1997,2,2,-1,-1,-1
2017010050210,1,9,0,17,0,8,0,0,0,0,3,1,6,2,37,7,1587,1,13,1,1,1
2017010050210,2,9,0,11,0,8,0,0,0,0,4,-1,6,3,-1,-1,1896,2,10,-1,-1,-1
2017010050214,1,1,0,18,0,0,0,0,0,0,4,1,2,2,31,6,-1,-1,-1,2,1,2
2017010050214,2,8,0,18,0,0,0,0,0,0,4,1,6,1,58,9,2499,2,5,-1,-1,-1
2017010050215,1,5,0,18,0,0,0,0,0,0,3,1,6,1,24,5,675,1,7,-1,-1,-1
2017010050215,2,9,0,-1,0,0,0,-1,0,0,1,-1,6,3,-1,-1,1797,8,6,-1,-1,-1
2017010050234,1,8,0,4,0,0,0,0,0,0,4,-1,1,1,-1,-1,2402,2,13,6,1,6
2017010050234,2,1,0,18,0,0,0,0,0,0,1,1,6,2,36,7,-1,-1,-1,3,1,3
2017010050236,1,11,0,18,0,0,0,0,0,0,1,1,1,1,48,8,10837,2,-1,7,3,7
2017010050236,2,8,0,18,0,0,0,0,0,0,4,1,1,1,68,10,2499,2,8,8,1,8
2017010050236,3,9,0,18,0,0,0,0,0,0,2,1,2,2,24,5,1598,1,6,4,1,4
2017010050236,4,8,0,18,0,0,0,0,0,0,2,1,1,1,30,6,2776,2,-1,4,1,4
2017010050236,5,9,0,18,0,0,0,0,0,0,2,1,2,1,22,5,1595,1,3,3,1,3
2017010050247,1,9,-1,6,-1,0,-1,-1,-1,-1,4,-1,6,1,34,6,1956,2,6,6,1,6
2017010050247,2,1,-1,18,-1,0,-1,-1,-1,-1,-1,1,6,1,34,6,-1,-1,-1,4,1,4
2017010050252,1,9,0,4,0,1,0,0,0,0,1,1,6,1,29,6,2496,2,15,2,1,2
2017010050252,2,9,0,3,0,1,0,0,0,0,2,1,6,1,67,10,998,1,23,6,1,6
2017010050261,1,4,0,18,0,1,1,0,0,0,1,1,6,1,27,6,125,1,3,2,1,2
2017010050261,2,9,0,9,0,1,0,0,0,0,3,1,2,1,57,9,998,1,8,2,1,2
2017010050266,1,1,-1,18,4,1,-1,0,0,0,1,1,6,1,27,6,-1,-1,-1,4,1,4
2017010050266,2,19,-1,18,4,1,5,0,0,0,3,-1,6,1,50,8,1968,2,2,2,1,2
2017010050269,1,19,-1,-1,-1,0,-1,-1,-1,-1,-1,-1,6,3,-1,-1,2295,7,15,-1,-1,-1
2017010050275,1,19,0,6,0,0,0,0,0,0,3,1,6,1,36,7,2494,2,10,8,1,8
2017010050275,2,3,0,14,0,0,0,0,0,0,1,1,6,1,29,6,-1,-1,-1,8,1,8
2017010050278,1,9,-1,-1,-1,-1,-1,-1,-1,-1,-1,-1,6,2,28,6,2000,2,7,4,1,4
2017010050281,1,9,0,9,0,1,0,0,0,0,4,1,2,1,28,6,2148,2,13,7,1,7
2017010050281,2,1,0,18,0,8,0,0,0,0,1,1,2,1,39,7,-1,-1,-1,8,1,8
2017010050285,1,9,0,3,0,0,0,0,0,0,1,1,6,1,39,7,2979,1,1,2,1,2
2017010050285,2,19,-1,1,0,0,0,0,0,0,2,-1,6,3,-1,-1,2461,2,11,-1,-1,-1
2017010050287,1,4,0,18,0,1,1,0,0,0,1,1,2,1,30,6,125,1,7,3,1,3
2017010050287,2,9,0,7,0,6,0,0,0,0,4,1,1,1,24,5,-1,-1,-1,-1,2,-1
2017010050293,1,9,0,4,0,0,0,0,0,0,2,1,6,1,55,8,1497,8,3,6,1,6
2017010050293,2,9,0,13,0,0,0,0,0,0,1,1,6,1,29,6,2000,1,12,4,1,4
2017010050296,1,9,0,18,0,1,0,0,0,0,3,1,6,1,89,11,996,1,7,9,1,9
2017010050296,2,9,0,9,0,8,0,0,0,0,1,1,6,3,-1,-1,-1,-1,-1,-1,-1,-1
2017010050298,1,9,-1,-1,0,1,-1,0,0,0,2,-1,6,2,22,5,1339,1,3,2,1,2
2017010050301,1,3,0,18,0,1,0,0,0,0,1,1,6,1,49,8,125,1,3,2,1,2
2017010050301,2,11,0,9,0,5,0,0,0,0,1,1,1,1,48,8,4500,2,3,3,1,3
2017010050305,1,9,-1,18,0,-1,0,-1,0,0,3,-1,6,1,35,6,1798,8,5,2,1,2
2017010050305,2,20,-1,18,0,-1,0,-1,0,0,4,-1,6,1,-1,-1,12777,2,10,-1,-1,-1
2017010050306,1,9,0,-1,0,0,0,0,0,0,1,-1,6,1,54,8,1199,1,13,-1,-1,-1
2017010050316,1,1,0,13,0,0,0,0,0,0,3,1,6,1,21,5,-1,-1,-1,6,1,6
2017010050316,2,19,0,12,0,0,0,0,0,0,3,1,6,1,-1,-1,2198,2,5,-1,-1,-1
2017010050326,1,9,-1,-1,0,1,0,0,0,0,3,-1,6,2,51,8,2198,1,15,1,1,1
2017010050328,1,1,-1,-1,-1,-1,-1,-1,-1,-1,-1,1,6,1,49,8,-1,-1,-1,7,1,7
2017010050328,2,9,-1,-1,-1,-1,-1,-1,-1,-1,-1,-1,6,2,-1,-1,1390,1,13,-1,-1,-1
2017010050332,1,8,0,7,0,1,0,0,0,0,2,1,1,1,60,9,1997,2,9,3,1,3
2017010050332,2,1,0,18,0,1,0,0,0,0,1,1,6,1,23,5,-1,-1,-1,3,1,3
2017010050336,1,9,0,-1,0,3,0,0,0,0,1,-1,6,1,21,5,2000,2,7,3,1,3
2017010050336,2,9,0,-1,0,3,0,-1,-1,0,4,-1,6,3,-1,-1,1395,1,1,-1,-1,-1
2017010050338,1,9,0,6,2,2,0,0,0,0,4,1,6,1,44,7,1995,2,3,2,1,2
2017010050338,2,5,0,18,2,2,0,0,0,0,3,1,2,1,45,7,1050,1,12,4,1,4
2017010050350,1,9,0,18,0,8,0,0,0,0,4,1,6,2,32,6,1339,1,4,4,1,4
2017010050350,2,19,0,5,0,4,0,0,0,0,1,1,1,1,58,9,1870,2,11,6,2,6
2017010050355,1,9,0,5,0,0,0,0,0,0,4,1,3,2,38,7,1560,2,5,4,1,4
2017010050360,1,9,0,7,0,8,0,0,0,0,4,1,1,1,37,7,1968,2,2,1,1,1
2017010050360,2,1,0,15,0,1,2,0,0,0,1,1,6,1,27,6,-1,-1,-1,3,1,3
2017010050363,1,11,0,4,6,8,0,0,0,0,4,1,6,3,-1,-1,4500,2,8,-1,-1,-1
2017010050364,1,11,0,18,2,0,0,0,0,0,0,1,1,1,33,6,4500,2,3,4,1,4
2017010050365,1,9,0,18,0,2,0,0,0,0,1,1,6,1,48,8,1796,1,10,1,1,1
2017010050367,1,3,0,9,0,8,0,0,0,0,0,1,6,1,33,6,125,1,6,4,1,4
2017010050368,1,3,0,18,0,0,1,0,0,0,4,1,2,1,26,6,125,1,1,2,1,2
2017010050368,2,3,0,7,0,0,0,0,0,0,1,1,6,1,20,4,125,1,6,2,1,2
2017010050369,1,8,0,9,0,6,0,0,1,0,1,1,1,1,28,6,1798,8,5,3,1,3
2017010050369,2,4,0,17,0,6,0,0,0,0,3,1,2,1,45,7,125,1,13,3,1,3
2017010050370,1,11,0,18,0,0,0,0,0,0,0,1,1,1,64,9,5132,2,3,7,1,7
2017010050371,1,1,0,18,9,1,0,0,0,0,1,1,2,1,48,8,-1,-1,-1,6,1,6
2017010050372,1,9,0,18,2,8,0,0,0,0,3,1,6,1,37,7,1956,2,4,4,1,4
2017010050372,2,9,0,7,0,1,1,0,1,2,1,1,6,1,37,7,1796,1,10,-1,-1,-1
2017010050373,1,9,0,18,0,0,0,0,0,0,3,2,6,2,30,6,1910,2,9,5,1,5
2017010050373,2,8,0,6,0,0,0,0,0,0,2,2,1,1,55,8,2143,2,3,5,1,5
2017010050375,1,9,0,9,0,5,0,10,7,0,1,1,6,2,45,7,1149,1,13,3,1,3
2017010050376,1,11,0,9,0,8,0,0,0,0,3,1,6,1,48,8,4500,2,5,2,1,2
2017010050378,1,9,0,3,0,1,0,0,0,0,2,1,6,1,23,5,1242,1,4,3,1,3
2017010050378,2,9,0,5,0,1,0,0,0,0,1,1,6,1,70,10,-1,3,4,4,1,4
2017010050379,1,11,0,18,0,0,0,0,0,0,0,1,1,1,49,8,5132,2,-1,4,1,4
2017010050380,1,9,0,8,0,5,0,0,0,0,2,1,2,1,46,8,2143,2,3,7,1,7
2017010050380,2,1,0,18,0,8,0,0,0,0,2,1,6,1,53,8,-1,-1,-1,-1,-1,-1
2017010050381,1,1,0,18,4,0,0,0,0,0,2,1,6,1,25,5,-1,-1,-1,2,1,2
2017010050381,2,9,0,5,4,0,0,0,0,0,4,1,6,1,43,7,3628,2,10,9,1,9
2017010050383,1,9,0,7,0,8,0,0,0,0,4,1,6,1,49,8,1599,1,14,2,1,2
2017010050383,2,1,0,18,0,1,0,0,0,0,3,1,2,1,24,5,-1,-1,-1,1,1,1
2017010050384,1,8,0,4,0,2,0,0,0,0,1,1,1,1,33,6,-1,-1,-1,3,1,3
2017010050386,1,3,0,18,0,0,0,10,0,0,1,1,6,1,24,5,125,1,2,3,1,3
2017010050387,1,9,0,18,0,8,0,0,0,0,3,1,6,2,18,4,1368,1,9,7,1,7
2017010050387,2,9,0,9,0,8,0,0,0,0,1,1,6,2,-1,-1,1339,1,10,4,1,4
2017010050388,1,9,0,9,0,6,0,0,0,0,1,1,1,1,24,5,-1,-1,-1,8,1,8
2017010050388,2,9,0,17,0,1,0,0,0,0,4,1,6,1,47,8,1598,1,8,9,1,9
2017010050389,1,19,0,7,0,0,0,0,0,0,0,1,1,1,28,6,1560,2,-1,9,1,9
2017010050389,2,1,0,18,4,0,0,0,0,0,0,1,2,1,33,6,-1,-1,-1,2,1,2
2017010050389,3,1,0,18,4,0,0,0,0,0,0,1,2,1,30,6,-1,-1,-1,6,1,6
2017010050390,1,9,0,3,0,2,0,0,0,0,2,1,1,1,48,8,1598,2,-1,7,3,7
2017010050390,2,9,0,3,0,2,0,0,0,0,1,1,6,3,-1,-1,2685,2,15,-1,-1,-1
2017010050391,1,19,0,9,0,3,0,0,0,0,0,1,2,1,27,6,1560,2,4,-1,-1,-1
2017010050391,2,1,0,18,0,4,0,0,0,0,1,1,2,1,43,7,-1,-1,-1,3,1,3
2017010050392,1,9,0,7,0,8,0,0,0,0,4,1,6,2,47,8,2993,2,2,3,1,3
2017010050393,1,9,0,4,0,0,0,0,0,0,2,1,2,1,42,7,1497,1,14,2,1,2
2017010050393,2,19,0,18,0,0,0,0,0,0,1,1,6,1,27,6,6692,2,7,3,1,3
2017010050394,1,9,0,7,4,1,0,0,1,0,4,1,6,3,-1,-1,-1,-1,-1,-1,-1,-1
2017010050394,2,90,0,18,0,1,0,0,0,0,3,1,6,1,23,5,-1,-1,-1,4,1,4
2017010050395,1,19,0,18,0,8,0,0,0,0,1,1,2,1,21,5,2198,2,4,2,1,2
2017010050395,2,9,0,9,0,8,0,0,0,0,1,1,6,2,45,7,1598,1,13,5,1,5
2017010050396,1,9,0,9,0,1,0,0,0,0,1,1,6,2,27,6,1461,2,1,1,1,1
2017010050396,2,1,0,18,0,1,0,0,0,0,3,1,6,1,42,7,-1,-1,-1,-1,-1,-1
2017010050397,1,9,0,18,0,8,0,0,0,0,1,1,1,2,47,8,1986,1,2,9,1,9
2017010050399,1,8,0,18,0,2,0,0,0,0,2,1,1,1,47,8,2499,2,8,4,1,4
2017010050399,2,3,0,18,0,2,0,0,0,0,1,1,1,1,42,7,125,1,-1,4,1,4
2017010050400,1,9,0,14,0,1,0,0,0,0,1,1,6,2,24,5,1984,1,1,5,1,5
2017010050401,1,3,0,18,0,2,0,0,0,0,1,1,6,1,18,4,125,1,5,2,1,2
2017010050401,2,9,0,6,0,1,0,0,0,0,3,1,6,1,17,4,1596,1,11,2,1,2
2017010050402,1,5,0,18,0,1,0,4,0,0,1,1,6,1,24,5,599,1,14,7,1,7
2017010050402,2,9,0,10,0,6,0,0,0,0,1,2,6,2,37,7,1248,1,4,10,1,10
2017010050404,1,9,0,18,0,3,0,0,0,0,1,1,6,1,52,8,1397,1,17,2,1,2
2017010050406,1,9,0,3,0,1,0,0,0,0,2,1,6,1,27,6,-1,-1,-1,1,1,1
2017010050406,2,9,0,18,0,8,0,0,0,0,1,1,6,3,-1,-1,-1,-1,-1,-1,-1,-1
2017010050408,1,4,0,18,0,0,0,0,0,0,1,1,2,1,24,5,125,1,1,5,1,5
2017010050408,2,8,0,6,0,0,0,0,0,0,3,1,1,1,46,8,1968,2,5,5,1,5
2017010050410,1,9,0,7,0,1,0,0,1,7,1,1,2,1,36,7,2967,1,12,4,1,4
2017010050414,1,9,-1,1,-1,0,-1,0,0,0,2,-1,6,3,-1,-1,1497,8,10,-1,-1,-1
2017010050417,1,1,0,18,0,6,0,0,0,0,1,1,2,1,37,7,-1,-1,-1,9,1,9
2017010050417,2,9,0,18,0,8,0,0,0,0,1,-1,6,2,-1,-1,1560,2,10,-1,-1,-1
2017010050418,1,4,0,15,9,8,1,11,8,10,1,1,2,1,34,6,599,1,8,5,1,5
2017010050418,2,9,0,9,0,8,0,0,0,0,3,1,2,1,44,7,-1,-1,-1,10,1,10
2017010050420,1,1,-1,-1,-1,-1,-1,-1,-1,-1,-1,1,6,1,26,6,-1,-1,-1,-1,-1,-1
2017010050420,2,9,-1,-1,-1,-1,-1,-1,-1,-1,-1,-1,6,3,-1,-1,2400,2,1,-1,-1,-1
2017010050426,1,1,-1,-1,-1,-1,-1,-1,-1,-1,-1,1,6,2,27,6,-1,-1,-1,6,1,6
2017010050431,1,1,0,18,0,0,0,0,1,0,3,1,2,1,28,6,-1,-1,-1,5,1,5
2017010050431,2,20,-1,18,0,0,0,0,0,0,0,1,6,1,18,4,-1,-1,-1,9,1,9
2017010050432,1,9,0,3,0,3,0,0,0,0,2,-1,6,2,28,6,1197,1,4,2,1,2
2017010050432,2,9,0,18,0,4,0,0,0,0,1,-1,6,1,-1,-1,2099,1,14,3,1,3
2017010050447,1,9,-1,18,0,-1,0,0,0,0,2,1,6,1,23,5,-1,-1,-1,4,1,4
2017010050447,2,9,-1,-1,0,-1,-1,0,0,0,1,1,6,3,-1,-1,1390,1,10,-1,-1,-1
2017010050449,1,3,-1,18,0,0,-1,0,0,0,-1,1,6,3,-1,-1,582,1,14,-1,-1,-1
2017010050454,1,9,0,18,0,0,0,0,0,0,0,1,6,2,28,6,2991,2,5,-1,-1,-1
2017010050454,2,9,0,18,0,0,0,0,0,0,1,1,6,3,-1,-1,1598,1,10,-1,-1,-1
2017010050459,1,9,-1,-1,-1,-1,-1,-1,-1,-1,2,-1,1,1,43,7,1984,1,4,3,1,3
2017010050459,2,8,-1,-1,-1,-1,-1,-1,-1,-1,-1,-1,6,1,-1,-1,2499,2,4,-1,-1,-1
2017010050476,1,9,0,3,0,0,0,0,0,0,2,-1,2,1,45,7,1798,8,-1,2,1,2
2017010050476,2,9,-1,18,-1,0,-1,0,0,0,2,-1,6,3,-1,-1,1995,2,4,-1,-1,-1
2017010050476,3,9,0,18,0,0,0,0,0,0,1,-1,6,1,-1,-1,1598,1,9,3,1,3
2017010050482,1,3,0,3,0,-1,-1,0,0,0,1,1,6,1,25,5,125,1,2,3,1,3
2017010050482,2,9,0,1,0,-1,0,0,1,0,2,-1,6,3,-1,-1,1956,2,6,-1,-1,-1
2017010050497,1,9,-1,-1,-1,5,-1,-1,0,0,-1,-1,6,2,-1,-1,-1,-1,-1,-1,-1,-1
2017010050503,1,9,-1,18,0,0,0,-1,0,0,1,-1,6,3,-1,-1,-1,-1,-1,-1,-1,-1
2017010050505,1,9,-1,-1,0,0,-1,0,0,0,-1,-1,6,1,-1,-1,-1,-1,-1,-1,-1,-1
2017010050507,1,8,0,5,0,0,0,4,0,0,3,1,1,1,28,6,1560,2,5,8,1,8
2017010050507,2,1,0,18,0,0,0,4,0,0,1,1,6,1,63,9,-1,-1,-1,9,1,9
2017010050508,1,1,0,18,0,-1,0,8,0,0,1,1,6,1,37,7,-1,-1,-1,5,1,5
2017010050508,2,9,0,3,0,-1,0,0,0,0,3,-1,6,1,-1,-1,-1,-1,-1,-1,-1,-1
2017010050512,1,3,-1,18,0,1,1,0,0,0,1,1,2,1,20,4,125,1,1,6,3,6
2017010050512,2,9,0,9,0,6,0,0,0,0,1,1,6,2,35,6,1997,2,7,3,1,3
2017010050514,1,1,0,18,9,2,0,0,0,0,1,1,6,3,-1,-1,-1,-1,-1,-1,-1,-1
2017010050515,1,11,0,-1,-1,-1,0,-1,0,0,0,-1,1,1,37,7,4500,2,2,5,1,5
2017010050516,1,9,0,-1,0,8,0,0,0,0,2,-1,6,2,34,6,1995,2,3,-1,-1,-1
2017010050516,2,9,0,-1,0,8,0,0,0,0,1,-1,6,1,-1,-1,1997,2,5,2,1,2
2017010050517,1,1,0,-1,0,1,0,0,0,0,-1,1,6,1,21,5,-1,-1,-1,9,1,9
2017010050517,2,8,0,-1,0,1,-1,0,0,0,-1,-1,6,1,56,9,2402,2,15,10,1,10
2017010050519,1,9,0,18,0,0,0,11,0,0,1,1,6,1,68,10,1299,1,12,10,1,10
2017010050525,1,9,0,18,0,0,0,0,0,0,3,-1,6,1,34,6,-1,-1,-1,3,1,3
2017010050525,2,9,0,9,0,0,0,0,0,0,4,-1,6,2,-1,-1,1229,1,12,-1,-1,-1
2017010050526,1,9,0,-1,0,0,0,0,-1,0,1,-1,6,2,26,6,1242,1,1,-1,-1,-1
2017010050526,2,1,0,18,0,0,0,0,0,0,1,1,6,2,-1,-1,-1,-1,-1,5,1,5
2017010050537,1,1,0,4,0,1,0,0,0,0,2,1,6,2,37,7,-1,-1,-1,5,1,5
2017010050537,2,9,0,8,0,1,0,0,0,0,3,-1,6,3,-1,-1,1364,1,2,-1,-1,-1
2017010050539,1,10,0,4,0,1,0,0,0,0,0,1,1,1,37,7,-1,-1,-1,4,1,4
2017010050539,2,9,0,3,0,1,0,0,0,0,4,1,6,1,50,8,1198,1,3,4,1,4
2017010050539,3,8,0,3,0,1,0,0,0,0,3,1,1,2,44,7,1798,8,2,2,1,2
2017010050539,4,9,0,14,0,1,0,0,0,0,1,1,6,3,-1,-1,1229,1,10,-1,-1,-1
2017010050540,1,5,0,18,0,-1,2,0,-1,-1,3,1,6,1,30,6,999,1,-1,-1,-1,-1
2017010050544,1,9,-1,18,-1,8,-1,-1,-1,-1,-1,-1,6,3,-1,-1,-1,-1,-1,-1,-1,-1
2017010050546,1,19,0,18,0,0,0,0,0,0,0,1,6,1,54,8,1870,2,14,1,1,1
2017010050546,2,1,0,9,2,0,0,0,0,0,1,1,6,1,52,8,-1,-1,-1,2,1,2
2017010050547,1,1,0,18,0,1,0,0,0,0,1,1,2,1,23,5,-1,-1,-1,3,1,3
2017010050547,2,3,-1,-1,0,1,-1,-1,-1,0,-1,1,6,3,-1,-1,125,1,3,-1,-1,-1
2017010050549,1,9,0,4,0,1,0,0,0,0,2,1,6,1,49,8,1197,1,5,9,1,9
2017010050549,2,9,0,18,0,1,0,0,0,0,1,1,6,3,-1,-1,-1,-1,-1,-1,-1,-1
2017010050552,1,1,0,18,0,8,-1,0,0,0,3,1,6,2,24,5,-1,-1,-1,2,1,2
2017010050552,2,9,0,7,0,8,0,0,0,0,4,-1,6,1,-1,-1,1598,1,7,2,1,2
2017010050555,1,9,0,4,0,1,1,0,0,0,2,1,6,2,30,6,1598,1,7,9,1,9
2017010050555,2,9,0,4,0,1,1,0,0,0,1,1,1,2,39,7,1560,2,1,7,3,7
2017010050562,1,9,-1,3,0,4,0,0,0,0,1,-1,6,2,41,7,1798,8,1,2,1,2
2017010050562,2,19,-1,-1,0,-1,0,0,0,0,-1,-1,6,3,-1,-1,-1,-1,-1,-1,-1,-1
2017010050564,1,9,0,3,0,1,0,0,0,0,3,-1,6,1,48,8,4000,1,25,5,1,5
2017010050564,2,19,0,11,0,1,0,0,0,0,4,-1,6,3,-1,-1,1870,2,13,-1,-1,-1
2017010050565,1,1,0,-1,0,1,0,0,0,0,1,1,6,1,-1,-1,-1,-1,-1,-1,-1,-1
2017010050566,1,20,4,1,8,2,0,0,0,0,1,1,1,1,26,6,9200,2,9,4,1,4
2017010050569,1,9,0,9,-1,0,0,0,0,0,1,1,6,1,41,7,2390,1,11,4,1,4
2017010050575,1,9,0,18,0,8,0,0,0,0,1,1,6,1,46,8,1343,1,12,8,1,8
2017010050575,2,9,0,18,0,8,0,0,0,0,1,1,6,2,30,6,1198,1,2,6,1,6
2017010050577,1,9,0,17,0,3,0,0,0,0,1,1,6,2,33,6,2204,2,13,3,1,3
2017010050577,2,9,0,17,0,2,0,0,0,0,2,1,2,1,49,8,2993,2,7,5,1,5
2017010050580,1,9,0,3,0,4,0,11,3,0,1,1,1,2,43,7,1598,1,8,2,1,2
2017010050580,2,1,0,18,0,1,5,0,0,0,1,1,6,1,31,6,-1,-1,-1,3,1,3
2017010050582,1,3,0,18,0,2,0,0,0,0,1,1,2,1,20,4,125,1,1,6,1,6
2017010050590,1,1,-1,18,0,1,0,0,0,0,3,1,2,2,26,6,-1,-1,-1,8,1,8
2017010050590,2,90,5,7,0,-1,0,0,0,0,4,2,6,1,47,8,-1,-1,-1,7,1,7
2017010050593,1,9,0,3,9,0,0,0,0,0,1,-1,6,3,-1,-1,-1,-1,-1,-1,-1,-1
2017010050597,1,9,0,3,0,0,0,0,0,0,2,-1,6,1,33,6,1997,1,1,10,1,10
2017010050597,2,9,0,18,0,0,0,0,0,0,1,-1,6,1,-1,-1,1998,1,11,-1,-1,-1
2017010050599,1,9,0,18,0,8,0,0,0,0,1,1,6,1,62,9,1798,8,3,8,1,8
2017010050599,2,1,0,9,0,8,0,0,0,0,1,1,2,1,29,6,-1,-1,-1,7,1,7
2017010050600,1,9,0,4,0,0,0,0,0,0,3,1,2,2,22,5,1242,1,1,2,1,2
2017010050600,2,1,0,4,0,0,0,0,0,0,1,1,6,1,22,5,-1,-1,-1,2,1,2
2017010050602,1,3,0,18,0,2,0,0,0,0,1,1,1,1,29,6,124,1,4,1,1,1
2017010050602,2,8,0,6,0,2,0,0,0,0,3,1,1,1,60,9,2499,2,6,7,1,7
2017010050603,1,9,0,7,9,0,0,7,1,10,1,1,2,1,37,7,1461,2,7,1,1,1
2017010050604,1,9,-1,18,-1,0,-1,0,-1,-1,-1,-1,6,3,-1,-1,-1,-1,-1,-1,-1,-1
2017010050611,1,1,0,18,0,1,5,0,0,0,1,1,2,1,24,5,-1,-1,-1,3,1,3
2017010050611,2,8,0,9,0,8,0,0,0,0,1,-1,6,1,47,8,1300,8,7,3,1,3
2017010050615,1,9,0,9,0,2,0,0,0,0,1,1,6,1,46,8,2993,2,-1,5,1,5
2017010050615,2,9,0,18,0,2,1,0,0,0,1,1,6,2,63,9,1395,1,1,4,1,4
2017010050615,3,11,0,18,0,1,0,0,0,0,1,1,1,1,38,7,4500,2,6,5,1,5
2017010050620,1,1,0,18,4,1,0,0,0,0,1,1,6,2,34,6,-1,-1,-1,7,1,7
2017010050626,1,1,0,18,0,0,5,0,0,0,1,1,2,1,55,8,-1,-1,-1,6,1,6
2017010050626,2,9,0,5,0,0,0,0,0,0,3,-1,6,3,-1,-1,1598,1,10,-1,-1,-1
2017010050628,1,3,0,18,9,0,0,0,0,0,1,1,1,1,22,5,-1,-1,-1,1,1,1
2017010050628,2,9,0,7,0,0,0,0,0,0,1,1,6,1,50,8,1997,1,2,1,1,1
2017010050629,1,9,0,9,0,1,0,0,0,0,3,-1,6,1,31,6,1995,1,8,-1,-1,-1
2017010050629,2,5,0,13,0,1,5,0,-1,0,-1,1,6,1,-1,-1,1255,1,1,-1,-1,-1