Accident_Index,Vehicle_Reference,Vehicle_Type,Towing_and_Articulation,Vehicle_Manoeuvre,Vehicle_Location-Restricted_Lane,Junction_Location,Skidding_and_Overturning,Hit_Object_in_Carriageway,Vehicle_Leaving_Carriageway,Hit_Object_off_Carriageway,1st_Point_of_Impact,Was_Vehicle_Left_Hand_Drive?,Journey_Purpose_of_Driver,Sex_of_Driver,Age_of_Driver,Age_Band_of_Driver,Engine_Capacity_(CC),Propulsion_Code,Age_of_Vehicle,Driver_IMD_Decile,Driver_Home_Area_Type,Vehicle_IMD_Decile
2017010050630,1,9,0,5,0,8,0,0,0,0,1,1,6,1,74,10,2980,2,23,4,1,4
2017010050630,2,9,0,18,0,8,0,0,0,0,1,1,6,1,41,7,2993,2,-1,6,1,6
2017010050631,1,3,0,18,0,6,0,0,0,0,1,1,6,3,-1,-1,-1,-1,-1,-1,-1,-1
2017010050635,1,9,0,18,0,0,0,0,0,0,1,1,6,1,27,6,1598,1,4,-1,-1,-1
2017010050635,2,9,0,18,0,0,0,0,0,0,2,1,6,1,25,5,3999,1,7,7,1,7
2017010050635,3,9,0,18,0,0,0,0,0,0,2,1,6,2,43,7,1796,1,10,2,1,2
2017010050635,4,9,0,18,0,0,0,0,0,0,3,1,6,2,27,6,998,1,11,3,1,3
2017010050636,1,8,0,4,0,1,0,0,0,0,4,1,1,1,53,8,1797,8,7,1,1,1
2017010050637,1,9,0,1,0,8,0,-1,0,0,2,1,6,3,-1,-1,1997,2,4,-1,-1,-1
2017010050638,1,1,0,18,0,1,0,0,0,0,1,1,6,2,45,7,-1,-1,-1,4,1,4
2017010050640,1,9,0,4,0,2,0,0,0,0,1,1,6,1,39,7,-1,-1,-1,9,1,9
2017010050640,2,9,0,2,0,2,0,0,0,0,2,1,6,3,-1,-1,2179,2,2,-1,-1,-1
2017010050642,1,9,0,3,0,2,0,0,0,0,3,1,6,1,22,5,1598,2,-1,6,1,6
2017010050642,2,19,0,5,0,1,0,0,0,0,3,1,1,1,26,6,1598,2,1,5,1,5
2017010050644,1,9,0,18,0,2,0,0,0,0,0,1,6,1,68,10,1341,1,12,9,1,9
2017010050645,1,9,0,4,0,1,0,0,0,0,1,1,6,2,66,10,1390,1,7,10,1,10
2017010050645,2,9,0,4,0,1,0,0,0,0,0,1,6,2,44,7,1799,1,11,6,1,6
2017010050646,1,3,0,14,0,0,0,4,0,0,1,1,2,1,34,6,124,1,4,5,1,5
2017010050646,2,9,0,2,0,0,0,0,0,0,3,1,6,3,-1,-1,1598,2,6,-1,-1,-1
2017010050647,1,3,0,15,0,0,0,0,0,0,3,1,6,1,20,4,125,1,-1,1,1,1
2017010050647,2,3,0,4,0,0,0,0,0,0,4,1,6,1,25,5,124,1,2,3,1,3
2017010050648,1,9,0,10,0,2,0,0,0,0,1,1,6,1,30,6,1781,1,14,2,1,2
2017010050648,2,2,0,13,0,1,0,0,0,0,4,1,6,1,27,6,49,1,25,2,1,2
2017010050649,1,11,0,4,2,0,0,0,0,0,0,1,1,2,29,6,6700,2,8,2,1,2
2017010050650,1,9,0,3,0,0,0,0,0,0,2,1,6,1,38,7,1968,2,7,4,1,4
2017010050650,2,19,0,5,0,0,0,0,0,0,1,1,1,1,22,5,-1,-1,-1,7,1,7
2017010050651,1,9,0,5,0,1,0,0,0,0,2,1,2,1,37,7,1560,2,5,9,1,9
2017010050651,2,3,0,12,0,1,0,0,0,0,1,1,6,1,54,8,85,1,19,2,1,2
2017010050652,1,19,0,4,0,3,0,0,0,0,1,1,1,1,28,6,-1,-1,-1,4,1,4
2017010050652,2,9,0,4,0,3,0,0,0,0,2,1,6,1,42,7,1299,1,16,3,1,3
2017010050653,1,3,0,18,0,8,2,0,0,0,1,1,6,1,21,5,124,1,10,4,1,4
2017010050653,2,9,0,18,0,8,0,0,0,0,2,1,6,1,48,8,1968,2,11,5,1,5
2017010050654,1,9,0,18,0,8,0,4,0,0,1,1,2,1,55,8,1598,1,13,4,1,4
2017010050654,2,10,0,2,0,8,0,0,0,0,2,1,6,3,-1,-1,2400,2,13,-1,-1,-1
2017010050654,3,10,0,2,0,8,0,0,0,0,2,1,6,3,-1,-1,2400,2,13,-1,-1,-1
2017010050655,1,9,0,3,0,1,0,0,0,0,2,1,6,1,45,7,-1,-1,-1,4,1,4
2017010050655,2,9,0,18,0,1,0,0,0,0,1,-1,6,3,-1,-1,1796,1,13,-1,-1,-1
2017010050657,1,9,0,1,0,5,0,0,0,0,0,1,2,2,44,7,1968,2,2,5,1,5
2017010050657,2,5,0,18,0,8,1,4,0,0,1,1,2,1,48,8,625,1,11,4,1,4
2017010050657,3,8,0,2,0,8,0,0,0,0,2,1,6,3,-1,-1,1560,2,7,-1,-1,-1
2017010050658,1,9,0,6,0,6,0,0,0,0,1,1,2,1,33,6,1240,1,12,5,1,5
2017010050658,2,3,0,18,0,2,0,0,0,0,1,1,2,1,37,7,124,1,7,9,1,9
2017010050659,1,11,0,5,0,2,0,0,0,0,0,1,1,1,46,8,5132,2,1,1,1,1
2017010050660,1,9,0,9,0,1,0,0,0,0,1,1,6,1,54,8,1968,2,9,7,2,7
2017010050660,2,1,0,18,0,1,0,0,0,0,4,1,6,1,55,8,-1,-1,-1,9,1,9
2017010050661,1,9,0,18,0,1,0,0,0,0,3,1,6,2,63,9,1598,1,4,9,1,9
2017010050662,1,19,4,14,0,2,0,0,0,0,3,1,6,1,-1,-1,1995,2,-1,8,3,8
2017010050662,2,4,0,4,0,2,0,0,0,0,4,1,2,1,21,5,124,1,5,2,1,2
2017010050663,1,9,0,9,0,5,0,0,0,0,4,1,6,1,25,5,1995,2,5,3,1,3
2017010050663,2,1,0,18,0,1,0,0,0,0,1,1,1,2,26,6,-1,-1,-1,2,1,2
2017010050664,1,9,0,18,0,0,0,10,0,0,2,1,2,1,32,6,1686,2,3,2,1,2
2017010050664,2,9,0,18,0,0,0,0,0,0,1,1,6,1,38,7,2494,8,1,7,1,7
2017010050666,1,9,0,15,0,3,0,10,7,1,1,1,6,1,34,6,-1,-1,-1,2,1,2
2017010050666,2,19,0,18,0,3,0,0,0,0,1,1,1,1,23,5,2198,2,2,1,1,1
2017010050667,1,9,0,18,0,0,0,0,0,0,1,1,6,1,19,4,1598,2,4,1,1,1
2017010050667,2,3,0,13,0,0,0,0,0,0,1,1,6,1,17,4,330,1,3,-1,-1,-1
2017010050667,3,8,0,18,0,0,0,0,0,0,1,1,1,1,39,7,2143,2,-1,9,1,9
2017010050668,1,3,0,3,9,1,0,0,7,0,3,1,1,1,24,5,125,1,-1,2,1,2
2017010050668,2,9,0,7,0,1,0,0,0,0,1,1,6,3,-1,-1,-1,-1,-1,-1,-1,-1
2017010050669,1,9,0,5,9,6,0,0,1,5,1,1,6,2,36,7,5998,1,4,3,1,3
2017010050670,1,9,0,18,0,1,0,0,0,0,1,1,6,2,41,7,998,1,13,2,1,2
2017010050675,1,9,0,18,0,8,0,0,0,0,1,1,6,1,31,6,1968,2,-1,4,1,4
2017010050675,2,9,0,18,0,8,0,0,0,0,3,1,6,1,31,6,998,1,7,4,1,4
2017010050677,1,9,-1,7,-1,-1,-1,-1,-1,-1,4,1,2,1,45,7,1360,1,14,-1,-1,-1
2017010050681,1,9,0,3,0,0,0,0,0,0,2,1,6,2,43,7,1461,2,14,2,1,2
2017010050681,2,9,0,18,0,0,0,0,0,0,1,-1,6,1,-1,-1,-1,-1,-1,-1,-1,-1
2017010050688,1,9,0,10,0,6,0,0,0,0,3,1,2,2,24,5,1598,1,14,4,1,4
2017010050688,2,19,0,4,0,1,0,0,0,0,1,1,1,1,21,5,2198,2,10,8,1,8
2017010050689,1,1,0,18,0,0,0,0,0,0,-1,1,6,2,33,6,-1,-1,-1,2,1,2
2017010050689,2,9,0,16,0,0,0,0,0,0,-1,-1,6,1,-1,-1,-1,-1,-1,-1,-1,-1
2017010050700,1,9,0,18,0,2,-1,0,0,0,1,-1,6,2,27,6,1598,1,3,-1,-1,-1
2017010050701,1,9,0,18,0,8,0,0,0,0,1,-1,6,1,25,5,1229,1,6,5,1,5
2017010050702,1,9,0,18,0,3,0,0,0,0,2,-1,6,1,50,8,1398,1,17,10,1,10
2017010050702,2,9,0,-1,0,4,0,0,0,0,1,-1,6,3,-1,-1,1199,1,15,-1,-1,-1
2017010050703,1,9,-1,-1,-1,0,0,0,-1,0,2,1,6,1,37,7,1896,2,11,2,1,2
2017010050703,2,9,-1,-1,-1,0,0,-1,-1,0,1,-1,6,2,-1,-1,-1,-1,-1,-1,-1,-1
2017010050707,1,9,0,9,0,1,0,0,0,0,1,1,2,1,28,6,2143,2,2,-1,-1,-1
2017010050707,2,3,0,18,0,1,0,0,0,0,3,1,2,1,45,7,286,1,1,9,1,9
2017010050710,1,1,-1,-1,0,1,-1,-1,0,0,1,1,6,1,23,5,-1,-1,-1,2,1,2
2017010050710,2,9,-1,10,0,1,-1,-1,0,0,1,-1,6,1,-1,-1,1598,1,5,4,1,4
2017010050711,1,19,0,18,0,1,0,0,0,0,1,1,1,1,23,5,2500,2,10,3,1,3
2017010050711,2,1,0,10,0,1,0,0,0,0,1,1,2,1,24,5,-1,-1,-1,1,1,1
2017010050715,1,9,0,18,0,0,0,10,0,0,2,1,2,1,-1,-1,1197,1,4,2,1,2
2017010050716,1,9,0,7,0,5,0,0,0,0,4,1,6,1,55,8,1997,2,2,3,1,3
2017010050725,1,1,-1,18,0,8,0,0,0,0,3,1,2,1,30,6,-1,-1,-1,5,1,5
2017010050725,2,9,-1,9,0,8,1,0,0,0,1,-1,6,2,44,7,1598,2,1,3,1,3
2017010050728,1,1,0,18,0,1,5,10,0,0,1,1,6,2,78,11,-1,-1,-1,5,1,5
2017010050730,1,9,0,18,0,-1,0,0,0,0,1,-1,6,1,32,6,-1,3,2,3,1,3
2017010050730,2,9,0,18,0,-1,0,-1,0,0,1,-1,6,1,52,8,1798,1,11,5,1,5
2017010050734,1,1,0,17,0,1,0,0,0,0,1,1,6,2,31,6,-1,-1,-1,4,1,4
2017010050734,2,9,0,5,0,4,0,0,0,0,1,-1,6,1,-1,-1,1560,2,3,3,1,3
2017010050737,1,9,0,-1,0,-1,0,0,0,0,-1,-1,6,1,35,6,1753,2,10,-1,1,-1
2017010050737,2,9,-1,-1,0,-1,-1,-1,-1,0,-1,-1,6,1,-1,-1,1386,1,14,-1,-1,-1
2017010050739,1,1,0,18,0,0,0,-1,0,0,2,1,1,2,25,5,-1,-1,-1,-1,-1,-1
2017010050740,1,3,-1,5,0,4,0,0,0,0,2,1,6,1,24,5,124,1,17,3,1,3
2017010050740,2,9,0,18,0,4,0,-1,0,0,-1,-1,6,3,-1,-1,1797,8,7,-1,-1,-1
2017010050741,1,9,0,18,0,0,0,0,0,0,2,-1,6,1,52,8,1598,1,8,2,1,2
2017010050741,2,9,0,4,0,0,0,0,0,0,1,-1,6,3,-1,-1,3456,8,7,-1,-1,-1
2017010050744,1,9,0,13,0,0,0,0,0,0,4,1,6,1,27,6,3199,1,18,6,1,6
2017010050744,2,1,0,18,9,0,0,0,0,0,3,1,6,1,47,8,-1,-1,-1,8,1,8
2017010050747,1,9,-1,-1,-1,-1,-1,-1,-1,-1,-1,-1,6,1,26,6,2143,2,3,4,1,4
2017010050748,1,9,0,3,0,1,0,0,0,0,2,-1,6,2,26,6,1598,1,12,2,1,2
2017010050748,2,9,-1,18,0,1,-1,0,0,0,1,-1,6,3,-1,-1,-1,-1,-1,-1,-1,-1
2017010050751,1,4,-1,18,-1,-1,-1,-1,-1,-1,-1,1,6,1,25,5,249,1,7,-1,-1,-1
2017010050751,2,9,-1,-1,-1,-1,-1,-1,-1,-1,-1,-1,6,3,-1,-1,1339,8,5,-1,-1,-1
2017010050753,1,9,0,9,0,7,0,0,0,0,3,1,1,1,65,9,1242,1,18,5,1,5
2017010050753,2,5,0,18,0,1,1,0,0,0,4,1,6,1,33,6,636,1,1,-1,-1,-1
2017010050753,3,9,0,2,0,2,0,0,0,0,3,1,6,3,-1,-1,1598,2,3,-1,-1,-1
2017010050756,1,9,0,3,0,3,0,0,0,0,2,-1,6,2,26,6,1364,2,12,4,1,4
2017010050756,2,9,0,18,0,3,0,0,0,0,1,-1,6,3,-1,-1,2497,1,10,-1,-1,-1
2017010050758,1,9,0,3,0,0,0,0,0,0,3,-1,6,1,52,8,1364,1,2,2,1,2
2017010050758,2,3,0,18,0,0,0,0,0,0,1,1,6,1,-1,-1,124,1,9,9,2,9
2017010050763,1,9,0,-1,0,-1,0,0,0,0,2,-1,6,3,-1,-1,-1,-1,-1,-1,-1,-1
2017010050763,2,9,0,18,0,-1,0,0,0,0,1,-1,6,3,-1,-1,1798,1,7,-1,-1,-1
2017010050768,1,9,0,4,9,8,1,0,7,2,1,1,1,1,37,7,1995,2,2,3,1,3
2017010050768,2,9,0,4,9,6,1,0,7,0,0,1,6,1,18,4,1599,1,13,4,1,4
2017010050770,1,9,0,18,0,1,0,11,0,0,4,1,1,2,43,7,1422,2,1,5,1,5
2017010050773,1,9,-1,3,0,8,-1,0,0,0,2,-1,6,1,41,7,1984,1,10,-1,-1,-1
2017010050773,2,19,-1,18,0,8,-1,0,0,0,1,-1,6,1,27,6,-1,-1,-1,-1,-1,-1
2017010050778,1,90,0,-1,0,-1,0,-1,-1,-1,-1,1,3,2,23,5,-1,-1,-1,3,1,3
2017010050781,1,1,-1,-1,-1,-1,-1,-1,-1,-1,-1,1,2,1,58,9,-1,-1,-1,8,1,8
2017010050781,2,9,-1,-1,-1,-1,-1,-1,-1,-1,-1,-1,6,1,-1,-1,1598,1,13,4,1,4
2017010050786,1,9,0,18,0,1,5,10,1,10,1,1,6,1,83,11,1360,1,15,9,1,9
2017010050786,2,19,0,2,6,1,0,0,0,0,2,1,6,3,-1,-1,2494,2,13,-1,-1,-1
2017010050787,1,9,0,9,0,8,0,0,0,0,4,1,6,1,64,9,1597,1,23,2,1,2
2017010050787,2,9,0,18,0,8,0,0,0,0,1,1,2,1,42,7,1968,2,4,2,1,2
2017010050791,1,3,0,13,9,0,0,0,0,0,1,1,6,1,57,9,125,1,1,9,1,9
2017010050791,2,9,0,9,0,0,0,0,0,0,3,1,6,1,72,10,1461,2,3,9,1,9
2017010050794,1,9,0,3,0,2,0,0,0,0,2,1,6,1,47,8,2953,7,7,5,1,5
2017010050794,2,5,0,4,0,2,0,0,0,0,1,1,2,1,34,6,-1,-1,-1,5,1,5
2017010050796,1,9,0,10,0,1,0,0,0,0,1,1,6,2,41,7,1248,1,7,6,1,6
2017010050796,2,9,0,18,0,8,0,0,0,0,4,1,2,1,41,7,1995,2,13,5,1,5
2017010050797,1,9,0,4,0,1,0,0,0,0,1,1,1,1,42,7,2199,2,-1,10,1,10
2017010050797,2,1,0,15,0,8,0,0,0,0,4,1,6,2,31,6,-1,-1,-1,5,1,5
2017010050800,1,1,0,18,0,1,-1,0,1,0,-1,1,6,2,45,7,-1,-1,-1,5,1,5
2017010050800,2,19,0,-1,0,1,0,-1,-1,-1,-1,-1,6,1,-1,-1,-1,-1,-1,-1,-1,-1
2017010050810,1,9,0,18,0,0,0,10,1,4,1,1,6,1,79,11,1388,1,6,8,1,8
2017010050814,1,9,5,9,9,7,0,10,0,0,4,1,6,2,59,9,1997,2,1,-1,-1,-1
2017010050817,1,9,-1,-1,-1,-1,-1,-1,-1,-1,-1,-1,6,1,24,5,1596,1,14,1,1,1
2017010050817,2,9,-1,-1,-1,-1,-1,-1,-1,-1,-1,-1,6,1,-1,-1,3498,1,9,-1,-1,-1
2017010050818,1,11,0,5,2,0,0,0,0,0,0,1,1,1,53,8,4500,2,1,8,1,8
2017010050821,1,11,0,7,0,2,0,0,0,0,4,1,1,1,31,6,4500,2,6,2,1,2
2017010050823,1,20,0,18,0,0,0,0,0,0,4,1,1,1,47,8,4500,2,2,4,1,4
2017010050825,1,9,0,7,0,8,0,0,0,0,1,1,6,1,51,8,1796,1,17,1,1,1
2017010050829,1,9,-1,18,0,7,0,-1,0,0,2,-1,6,2,33,6,1596,1,17,6,1,6
2017010050830,1,9,0,6,0,0,0,0,0,0,1,1,6,1,41,7,6208,1,11,2,1,2
2017010050830,2,4,0,18,0,0,0,0,0,0,1,1,6,1,57,9,395,1,2,6,1,6
2017010050832,1,2,0,18,9,0,0,0,1,0,1,1,6,1,19,4,50,1,-1,2,1,2
2017010050842,1,9,0,9,0,8,0,0,0,0,3,1,6,1,49,8,1560,2,3,6,1,6
2017010050842,2,3,0,18,0,8,1,0,0,0,1,1,6,1,17,4,125,1,7,6,1,6
2017010050844,1,8,0,9,0,1,0,0,0,0,1,1,1,1,56,9,1910,2,9,2,1,2
2017010050846,1,9,0,3,0,4,0,7,0,0,1,1,6,2,42,7,1590,1,16,3,1,3
2017010050847,1,1,0,18,4,0,0,0,0,0,1,1,6,1,26,6,-1,-1,-1,4,1,4
2017010050849,1,9,0,9,0,1,0,0,0,0,4,1,6,2,55,8,-1,-1,-1,2,1,2
2017010050850,1,9,0,4,0,1,0,0,0,0,1,1,2,1,35,6,2494,1,16,8,1,8
2017010050851,1,9,0,7,0,5,0,0,0,0,2,1,6,1,65,9,2143,2,2,3,1,3
2017010050851,2,9,0,7,0,5,0,0,0,0,2,1,6,1,51,8,1997,1,6,2,1,2
2017010050851,3,9,0,7,0,5,0,0,0,0,1,1,6,2,66,10,1598,1,9,9,1,9
2017010050852,1,9,0,9,0,1,0,0,0,0,3,1,6,1,35,6,1685,2,1,-1,-1,-1
2017010050852,2,1,0,18,0,1,0,0,0,0,1,1,6,1,24,5,-1,-1,-1,7,1,7
2017010050853,1,9,0,4,0,1,0,0,0,0,0,1,6,1,33,6,1797,8,4,5,1,5
2017010050853,2,3,0,13,0,1,0,10,0,0,3,1,2,2,39,7,108,1,-1,4,1,4
2017010050854,1,2,0,18,0,1,0,0,0,0,1,1,2,1,43,7,125,1,3,4,1,4
2017010050854,2,19,0,7,0,1,0,0,0,0,4,1,1,1,50,8,2198,2,1,4,1,4
2017010050855,1,8,0,3,0,2,0,0,0,0,2,1,1,1,36,7,1560,2,5,7,1,7
2017010050855,2,1,0,18,0,2,0,0,0,0,1,1,2,1,42,7,-1,-1,-1,3,1,3
2017010050856,1,9,0,9,0,8,0,0,0,0,1,1,6,1,25,5,1591,1,10,2,1,2
2017010050856,2,4,0,18,0,1,5,0,0,0,3,1,6,1,21,5,125,1,1,6,1,6
2017010050857,1,3,0,18,9,1,1,10,1,10,1,1,1,1,27,6,125,1,3,9,1,9
2017010050857,2,9,0,10,0,1,0,0,0,0,0,1,6,2,29,6,1995,2,1,7,1,7
2017010050858,1,9,0,15,0,0,0,0,0,0,4,1,6,1,27,6,1390,1,11,2,1,2
2017010050858,2,3,0,15,0,0,5,0,0,0,1,1,2,1,43,7,125,1,2,5,1,5
2017010050859,1,9,0,1,0,1,0,0,0,0,2,1,6,1,44,7,1896,2,7,3,1,3
2017010050860,1,9,0,9,0,5,0,0,0,0,1,1,6,1,29,6,2000,1,12,2,1,2
2017010050860,2,1,0,13,0,8,0,0,0,0,1,1,2,1,30,6,-1,-1,-1,4,1,4
2017010050862,1,3,0,7,0,3,0,0,0,0,4,1,6,1,20,4,125,1,13,2,1,2
2017010050862,2,3,0,18,0,8,0,10,1,0,3,1,1,1,18,4,109,1,2,2,1,2
2017010050863,1,9,0,9,0,1,0,0,0,0,1,1,6,1,38,7,1200,1,2,3,1,3
2017010050863,2,3,0,3,0,4,0,0,0,0,3,1,6,1,34,6,125,1,-1,2,1,2
2017010050864,1,9,0,4,0,0,0,0,0,0,3,1,1,1,48,8,998,1,10,4,1,4
2017010050864,2,1,0,18,0,0,0,0,0,0,1,1,6,1,36,7,-1,-1,-1,5,1,5
2017010050865,1,9,0,18,0,2,0,0,0,0,1,1,6,1,22,5,1995,2,3,8,1,8
2017010050865,2,9,0,2,0,2,0,0,0,0,3,1,6,3,-1,-1,1998,2,8,-1,-1,-1
2017010050865,3,9,0,2,0,2,0,0,0,0,3,1,6,3,-1,-1,998,1,3,-1,-1,-1
2017010050867,1,3,0,5,0,4,0,0,0,0,1,1,6,1,20,4,125,1,-1,2,1,2
2017010050867,2,9,0,5,0,4,0,0,0,0,4,1,6,2,28,6,1242,1,4,4,1,4
2017010050868,1,9,0,18,0,1,0,4,1,0,1,1,6,1,26,6,1984,1,10,7,1,7
2017010050868,2,9,0,2,0,1,0,0,0,0,2,2,6,3,-1,-1,999,1,4,-1,-1,-1
2017010050870,1,9,0,5,0,2,0,0,0,0,3,1,6,3,-1,-1,-1,-1,-1,-1,-1,-1
2017010050870,2,1,0,18,0,2,0,0,0,0,4,1,2,1,54,8,-1,-1,-1,8,1,8
2017010050871,1,9,0,18,0,0,0,0,0,0,1,1,6,2,31,6,1984,1,9,3,1,3
2017010050872,1,3,0,4,0,1,2,4,0,0,3,1,6,1,46,8,125,1,2,4,1,4
2017010050872,2,11,0,3,0,1,0,0,0,0,0,1,6,2,46,8,6700,2,8,5,1,5
2017010050873,1,9,0,16,0,0,5,10,0,0,1,1,6,1,38,7,1995,1,15,9,1,9
2017010050874,1,9,0,18,0,1,0,0,0,0,1,1,2,1,60,9,1850,1,18,7,1,7
2017010050875,1,9,0,7,0,3,0,0,0,0,0,1,6,1,61,9,1598,1,10,3,1,3
2017010050876,1,9,0,18,0,1,1,0,0,0,1,1,6,1,21,5,998,1,2,1,1,1
2017010050876,2,9,0,18,0,1,0,0,0,0,1,1,6,1,19,4,1598,1,5,3,1,3
2017010050879,1,9,0,7,0,1,0,0,0,0,1,1,6,1,63,9,1461,2,1,2,1,2
2017010050882,1,9,0,18,0,0,2,7,7,0,1,1,6,1,30,6,1398,1,13,10,1,10
2017010050885,1,9,0,9,0,5,0,0,0,0,1,1,1,1,44,7,1968,2,2,6,1,6
2017010050885,2,5,0,13,0,8,2,0,0,0,1,1,2,1,24,5,998,1,11,5,1,5
2017010050886,1,9,0,5,0,2,0,0,0,0,1,1,6,1,30,6,2143,2,1,2,1,2
2017010050886,2,3,0,18,0,1,0,0,0,0,1,1,6,1,35,6,123,1,1,4,1,4
2017010050888,1,9,0,18,0,8,0,0,0,0,4,1,6,3,-1,-1,-1,-1,-1,-1,-1,-1
2017010050907,1,9,-1,-1,-1,-1,-1,-1,-1,-1,-1,-1,6,1,47,8,1794,1,11,3,1,3
2017010050907,2,1,-1,18,-1,-1,-1,-1,-1,-1,-1,1,6,2,32,6,-1,-1,-1,7,1,7
2017010050916,1,1,-1,18,-1,8,0,-1,-1,0,-1,1,6,1,24,5,-1,-1,-1,1,1,1
2017010050918,1,3,-1,18,0,0,0,-1,-1,-1,1,1,1,1,24,5,125,1,4,2,1,2
2017010050918,2,9,-1,11,0,0,-1,-1,-1,-1,-1,-1,6,3,-1,-1,2987,2,1,-1,-1,-1
2017010050919,1,9,0,18,0,8,0,0,0,0,4,-1,6,2,47,8,1995,2,11,2,1,2
2017010050919,2,9,0,5,0,8,0,0,0,0,1,-1,6,2,-1,-1,1598,1,8,-1,-1,-1
2017010050929,1,9,0,3,0,0,0,0,0,0,2,-1,6,2,44,7,1998,1,14,-1,-1,-1
2017010050929,2,9,0,3,0,0,0,0,0,0,1,-1,6,1,-1,-1,1798,1,8,-1,-1,-1
2017010050936,1,9,0,9,0,6,0,0,0,0,1,1,1,1,36,7,-1,-1,-1,8,1,8
2017010050936,2,1,0,9,0,6,0,0,0,0,2,1,2,2,33,6,-1,-1,-1,3,1,3
2017010050937,1,3,0,-1,-1,-1,1,-1,-1,-1,-1,1,6,1,17,4,125,1,-1,6,1,6
2017010050937,2,9,-1,-1,-1,-1,-1,-1,-1,-1,-1,-1,6,1,-1,-1,1798,8,2,4,1,4
2017010050950,1,9,0,5,0,4,0,0,0,0,2,-1,6,1,37,7,2143,2,3,-1,-1,-1
2017010050950,2,19,0,11,0,4,0,0,0,0,1,-1,6,3,-1,-1,1968,2,4,-1,-1,-1
2017010050952,1,9,-1,-1,-1,-1,-1,-1,-1,-1,-1,-1,6,1,51,8,2494,8,1,1,1,1
2017010050952,2,9,-1,-1,-1,-1,-1,-1,-1,-1,-1,-1,6,3,-1,-1,1794,1,13,-1,-1,-1
2017010050958,1,9,0,4,0,-1,0,0,0,0,2,1,6,2,33,6,1798,1,10,-1,-1,-1
2017010050960,1,3,-1,-1,-1,-1,-1,-1,-1,-1,-1,1,6,3,-1,-1,108,1,3,-1,-1,-1
2017010050963,1,1,0,18,2,1,5,0,0,0,1,1,2,1,26,6,-1,-1,-1,6,1,6
2017010050968,1,9,0,18,0,1,0,0,0,0,1,1,2,1,56,9,-1,-1,-1,7,1,7
2017010050968,2,9,0,9,0,1,0,0,0,0,1,1,1,2,26,6,1229,1,4,9,1,9
2017010050972,1,9,-1,1,0,0,0,0,0,0,2,-1,6,3,-1,-1,2776,2,10,-1,-1,-1
2017010050976,1,3,0,18,0,8,2,0,0,0,3,1,1,1,41,7,125,1,6,10,1,10
2017010050978,1,5,0,14,0,1,0,0,0,0,1,1,6,1,29,6,636,1,11,4,1,4
2017010050978,2,21,0,9,0,6,0,0,0,0,1,1,1,1,49,8,-1,-1,-1,7,1,7
2017010050979,1,9,0,18,0,0,0,0,0,0,2,-1,6,1,44,7,1499,2,-1,3,1,3
2017010050979,2,9,0,18,0,0,0,0,0,0,1,-1,6,3,-1,-1,2401,2,13,-1,-1,-1
2017010050983,1,9,0,18,0,-1,0,0,0,0,4,1,6,1,41,7,1596,1,7,2,1,2
2017010050983,2,19,0,5,0,-1,0,0,-1,0,3,-1,6,3,-1,-1,-1,-1,-1,-1,-1,-1
2017010050985,1,19,0,18,0,0,0,0,0,0,3,1,2,1,34,6,2198,2,2,5,1,5
2017010050985,2,11,0,11,0,0,0,0,0,0,4,1,1,1,66,10,6700,2,6,2,1,2
2017010050987,1,9,0,5,0,2,0,0,0,0,4,1,1,1,20,4,1496,1,2,3,1,3
2017010050987,2,9,0,5,0,1,0,0,0,0,1,1,1,1,50,8,1950,2,-1,9,1,9
2017010050992,1,1,0,-1,-1,-1,-1,-1,-1,0,-1,1,6,3,-1,-1,-1,-1,-1,-1,-1,-1
2017010050995,1,9,0,6,0,0,0,0,0,0,4,1,6,1,19,4,1598,1,2,3,1,3
2017010050995,2,3,0,18,0,0,1,0,0,0,1,1,6,1,21,5,125,1,6,3,1,3
2017010051007,1,9,0,3,0,3,1,0,0,0,2,1,6,1,31,6,-1,-1,-1,6,1,6
2017010051007,2,9,0,4,0,3,0,0,0,0,1,1,6,1,47,8,2987,2,-1,6,1,6
2017010051015,1,5,0,18,0,1,1,0,0,0,1,1,2,1,31,6,919,1,10,7,1,7
2017010051021,1,9,0,18,0,0,1,0,0,0,1,1,6,1,76,11,1995,2,11,7,1,7
2017010051021,2,21,1,12,0,0,0,0,0,0,2,2,1,1,48,8,-1,-1,-1,-1,-1,-1
2017010051024,1,3,0,5,0,2,0,0,0,0,2,1,1,1,46,8,124,1,5,4,1,4
2017010051024,2,8,0,5,0,2,0,0,0,0,1,1,1,1,57,9,2499,2,8,2,1,2
2017010051028,1,9,0,18,0,0,0,0,0,0,1,1,6,2,20,4,1229,1,8,4,1,4
2017010051031,1,3,0,18,0,1,0,0,0,0,4,1,2,1,30,6,124,1,9,1,1,1
2017010051031,2,9,0,12,0,1,0,0,0,0,3,1,6,1,21,5,1149,1,10,6,1,6
2017010051032,1,9,0,17,0,8,0,0,0,0,1,1,6,2,46,8,1368,1,1,4,1,4
2017010051033,1,9,0,9,0,1,0,0,0,0,1,1,6,2,57,9,1997,2,4,7,1,7
2017010051033,2,9,0,15,0,1,0,0,0,0,1,1,6,3,-1,-1,-1,-1,-1,-1,-1,-1
2017010051035,1,9,0,4,0,2,0,0,0,0,2,1,6,1,44,7,875,1,6,4,1,4
2017010051035,2,9,0,4,0,2,0,0,0,0,2,1,6,1,58,9,-1,-1,-1,9,2,9
2017010051035,3,9,0,4,0,2,0,0,0,0,1,1,6,1,35,6,1497,1,13,2,1,2