Accident_Index,Vehicle_Reference,Vehicle_Type,Towing_and_Articulation,Vehicle_Manoeuvre,Vehicle_Location-Restricted_Lane,Junction_Location,Skidding_and_Overturning,Hit_Object_in_Carriageway,Vehicle_Leaving_Carriageway,Hit_Object_off_Carriageway,1st_Point_of_Impact,Was_Vehicle_Left_Hand_Drive?,Journey_Purpose_of_Driver,Sex_of_Driver,Age_of_Driver,Age_Band_of_Driver,Engine_Capacity_(CC),Propulsion_Code,Age_of_Vehicle,Driver_IMD_Decile,Driver_Home_Area_Type,Vehicle_IMD_Decile
2017010051036,1,9,0,1,0,0,0,0,0,0,2,1,1,2,69,10,1598,1,12,1,1,1
2017010051038,1,11,0,4,0,5,0,0,0,0,4,1,6,1,29,6,-1,-1,-1,7,1,7
2017010051039,1,9,0,18,0,0,0,0,0,0,3,2,6,2,23,5,1388,1,8,3,1,3
2017010051039,2,9,0,1,0,0,0,0,0,0,2,2,6,1,37,7,1498,1,15,-1,-1,-1
2017010051040,1,9,0,1,0,1,0,0,0,0,2,1,6,1,27,6,1798,8,4,3,1,3
2017010051041,1,5,0,18,0,0,0,10,0,0,3,1,6,1,45,7,1050,1,5,10,1,10
2017010051041,2,9,0,9,0,0,0,0,0,0,4,1,6,2,18,4,998,1,5,6,1,6
2017010051042,1,19,0,17,0,0,0,0,0,0,1,1,2,1,39,7,1986,2,7,2,1,2
2017010051042,2,9,0,16,0,0,0,4,0,0,1,1,6,1,22,5,1997,2,2,-1,-1,-1
2017010051042,3,9,0,2,0,0,0,0,0,0,3,1,6,3,-1,-1,-1,-1,-1,-1,-1,-1
2017010051042,4,9,0,2,0,0,0,0,0,0,3,1,6,3,-1,-1,1956,2,6,-1,-1,-1
2017010051043,1,19,0,18,0,0,0,0,0,0,4,1,2,1,42,7,2198,2,9,5,1,5
2017010051044,1,9,0,3,0,0,0,0,0,0,2,1,6,1,22,5,1598,1,7,2,1,2
2017010051044,2,5,0,18,0,0,0,4,0,0,1,1,6,1,22,5,599,1,5,10,1,10
2017010051045,1,9,0,3,0,0,0,0,0,0,2,1,6,1,25,5,1995,1,11,2,1,2
2017010051045,2,9,0,18,0,0,0,0,0,0,1,1,6,1,36,7,1086,1,14,4,1,4
2017010051047,1,1,0,18,0,1,0,0,0,0,1,1,6,1,47,8,-1,-1,-1,-1,-1,-1
2017010051049,1,8,0,18,0,6,0,0,0,0,1,1,1,1,49,8,1997,2,6,2,1,2
2017010051051,1,5,0,18,0,2,0,0,0,0,1,1,6,1,30,6,599,1,6,6,1,6
2017010051051,2,9,0,9,0,2,0,0,0,0,1,1,6,3,-1,-1,-1,-1,-1,-1,-1,-1
2017010051052,1,1,0,18,0,1,0,0,0,0,0,1,6,1,13,3,-1,-1,-1,1,1,1
2017010051053,1,9,0,18,0,1,0,0,0,0,4,1,6,1,23,5,2987,2,5,1,1,1
2017010051053,2,9,0,18,0,1,0,4,0,0,1,1,6,2,56,9,1997,1,8,6,1,6
2017010051055,1,9,0,15,2,0,0,0,0,0,3,1,6,1,21,5,-1,-1,-1,3,1,3
2017010051056,1,9,0,18,0,1,-1,0,0,0,0,2,6,1,34,6,1896,2,15,1,1,1
2017010051057,1,3,0,4,0,1,0,0,0,0,2,1,6,1,27,6,125,1,8,3,1,3
2017010051058,1,9,0,9,0,8,0,0,0,0,1,1,6,1,22,5,1498,1,12,-1,-1,-1
2017010051058,2,9,0,4,0,1,0,0,0,0,1,1,6,1,47,8,1461,2,13,2,1,2
2017010051058,3,9,0,18,0,8,0,0,0,0,0,1,6,1,39,7,-1,-1,-1,3,1,3
2017010051059,1,9,0,9,0,1,0,0,7,2,3,2,6,2,44,7,1598,1,8,9,1,9
2017010051059,2,9,0,18,0,1,0,0,0,0,1,1,6,1,23,5,1299,1,11,2,1,2
2017010051060,1,2,0,3,0,1,5,0,0,0,2,1,1,1,43,7,124,1,11,3,1,3
2017010051060,2,9,0,16,0,6,0,0,0,0,1,1,6,1,24,5,1984,1,6,4,1,4
2017010051061,1,9,0,18,0,1,0,0,0,0,1,1,6,1,22,5,1995,2,14,9,1,9
2017010051061,2,9,0,9,0,5,0,0,0,0,1,1,6,1,47,8,1796,1,16,8,1,8
2017010051063,1,2,0,18,0,2,0,0,0,0,1,1,6,1,17,4,125,1,13,-1,-1,-1
2017010051064,1,9,0,5,0,1,0,0,0,0,2,1,6,1,49,8,2143,2,7,2,1,2
2017010051064,2,9,0,4,0,1,0,0,0,0,1,1,6,1,47,8,1797,8,7,4,1,4
2017010051066,1,9,0,16,0,0,0,0,7,10,1,1,6,1,24,5,1198,1,10,6,1,6
2017010051066,2,19,0,2,0,0,0,0,0,0,1,1,6,3,-1,-1,-1,-1,-1,-1,-1,-1
2017010051066,3,9,0,2,0,0,0,0,0,0,4,1,6,3,-1,-1,998,1,17,-1,-1,-1
2017010051067,1,3,0,18,0,0,0,0,0,0,1,1,2,1,19,4,125,1,7,2,1,2
2017010051067,2,9,0,14,0,0,0,0,0,0,3,1,1,1,43,7,1797,8,7,2,1,2
2017010051070,1,8,0,9,4,5,0,0,0,0,4,1,1,1,52,8,1956,2,5,6,1,6
2017010051070,2,1,0,18,4,8,0,0,0,0,1,1,6,1,59,9,-1,-1,-1,1,1,1
2017010051071,1,9,0,18,0,8,0,0,0,0,1,1,6,2,62,9,1598,1,2,10,1,10
2017010051071,2,9,0,18,0,1,0,0,0,0,1,1,6,2,23,5,1998,1,16,6,1,6
2017010051073,1,9,0,18,0,1,1,7,1,1,1,1,6,1,25,5,2000,2,8,2,1,2
2017010051074,1,9,0,16,0,2,0,0,0,0,3,1,2,1,34,6,1796,1,10,1,1,1
2017010051074,2,9,0,9,0,5,0,0,0,0,1,1,6,3,-1,-1,1995,2,13,-1,-1,-1
2017010051075,1,9,0,18,0,0,0,0,0,0,1,1,6,1,21,5,1591,1,8,5,1,5
2017010051075,2,8,0,18,0,0,0,0,0,0,2,1,1,1,36,7,1797,8,5,3,1,3
2017010051076,1,19,0,10,0,1,0,0,0,0,1,1,1,1,61,9,1995,2,4,7,2,7
2017010051076,2,3,0,18,0,1,0,0,0,0,2,1,1,1,-1,-1,108,1,3,3,1,3
2017010051077,1,9,0,18,0,2,0,4,0,0,1,1,6,1,25,5,1998,1,10,7,1,7
2017010051077,2,9,0,2,0,2,0,0,0,0,2,1,6,3,-1,-1,-1,-1,-1,-1,-1,-1
2017010051077,3,9,0,2,0,1,0,0,0,0,2,1,6,3,-1,-1,-1,-1,-1,-1,-1,-1
2017010051078,1,9,0,18,0,1,0,0,0,0,1,1,2,1,25,5,1995,2,11,2,1,2
2017010051078,2,19,0,18,0,1,0,0,0,0,4,1,1,1,44,7,2198,2,1,3,1,3
2017010051081,1,9,0,9,0,5,0,0,0,0,1,1,6,1,46,8,1595,1,3,5,1,5
2017010051081,2,3,0,14,2,1,5,0,0,0,3,1,2,1,36,7,125,1,4,3,1,3
2017010051082,1,5,0,18,0,1,0,0,0,0,1,1,1,1,-1,-1,745,1,-1,5,1,5
2017010051082,2,9,0,9,0,2,0,0,0,0,2,1,1,1,33,6,1598,2,5,7,1,7
2017010051083,1,9,0,7,0,8,0,0,0,0,1,1,1,1,20,4,1596,1,10,-1,1,-1
2017010051083,2,4,0,18,0,8,0,0,0,0,2,1,1,1,39,7,471,1,2,7,1,7
2017010051084,1,9,0,18,0,1,0,0,0,0,4,1,6,1,83,11,1124,1,13,4,1,4
2017010051084,2,1,0,9,0,1,0,0,0,0,3,1,6,2,23,5,-1,-1,-1,3,1,3
2017010051085,1,9,0,18,0,0,0,4,0,0,1,1,6,1,48,8,1596,1,12,6,1,6
2017010051085,2,9,0,2,0,0,0,0,0,0,2,1,6,3,-1,-1,2143,2,4,-1,-1,-1
2017010051086,1,11,0,18,0,4,0,0,0,0,1,1,1,1,58,9,4500,2,2,5,1,5
2017010051086,2,1,0,18,0,4,0,0,0,0,3,1,6,1,23,5,-1,-1,-1,8,1,8
2017010051089,1,9,0,3,0,0,0,0,0,0,3,1,2,2,37,7,1242,1,11,6,1,6
2017010051089,2,9,0,18,0,0,0,0,0,0,3,1,6,1,22,5,-1,-1,-1,3,1,3
2017010051089,3,8,0,3,0,0,0,0,0,0,1,1,1,1,42,7,1339,8,7,4,1,4
2017010051090,1,9,0,18,0,8,0,0,0,0,3,1,2,1,37,7,1769,1,12,-1,-1,-1
2017010051090,2,9,0,18,0,8,0,0,0,0,1,1,6,3,-1,-1,-1,-1,-1,-1,-1,-1
2017010051091,1,9,0,4,0,1,0,0,0,0,2,1,6,2,46,8,2359,1,9,2,1,2
2017010051091,2,9,0,18,0,1,0,0,0,0,1,1,6,1,18,4,1395,1,1,5,1,5
2017010051092,1,9,0,7,0,5,0,0,0,0,4,1,6,2,42,7,1598,1,11,5,1,5
2017010051092,2,1,0,18,0,8,0,0,0,0,1,1,6,2,67,10,-1,-1,-1,-1,-1,-1
2017010051093,1,9,0,9,0,6,0,10,0,0,3,1,6,2,63,9,1390,1,9,5,1,5
2017010051093,2,9,0,18,0,1,0,4,0,0,4,1,1,1,26,6,1951,2,11,5,1,5
2017010051093,3,9,0,2,0,2,0,0,0,0,1,1,6,3,-1,-1,1497,8,2,-1,-1,-1
2017010051093,4,9,0,2,6,2,0,0,0,0,1,1,6,3,-1,-1,1497,1,13,-1,-1,-1
2017010051094,1,9,0,10,0,1,0,0,0,0,3,1,6,1,36,7,1796,1,14,3,1,3
2017010051094,2,2,0,14,0,1,0,0,0,0,4,1,6,1,32,6,124,1,1,1,1,1
2017010051095,1,9,0,3,0,4,0,0,0,0,1,1,6,3,-1,-1,-1,-1,-1,-1,-1,-1
2017010051096,1,9,0,18,0,0,0,0,7,10,1,1,6,1,72,10,1598,1,1,4,1,4
2017010051097,1,3,0,18,0,2,5,0,0,0,1,1,6,3,-1,-1,125,1,6,-1,-1,-1
2017010051098,1,9,0,4,0,1,0,0,0,0,2,1,6,1,34,6,2000,2,7,6,1,6
2017010051098,2,9,0,4,0,1,0,0,0,0,1,1,6,1,40,7,1781,1,16,2,1,2
2017010051099,1,3,0,15,0,1,0,0,0,0,1,1,6,3,-1,-1,-1,-1,-1,-1,-1,-1
2017010051100,1,9,0,10,0,1,0,0,0,0,1,2,2,1,30,6,-1,-1,-1,7,1,7
2017010051100,2,1,0,18,0,2,0,0,0,0,1,1,6,1,48,8,-1,-1,-1,8,1,8
2017010051101,1,3,0,18,0,1,0,0,0,0,1,1,1,1,29,6,108,1,3,4,1,4
2017010051102,1,11,0,3,2,0,0,0,0,0,0,1,1,1,46,8,6700,2,5,3,1,3
2017010051104,1,9,0,7,0,1,0,0,0,0,2,1,1,1,31,6,-1,-1,-1,4,1,4
2017010051104,2,1,0,18,0,1,0,0,0,0,1,1,6,2,33,6,-1,-1,-1,2,1,2
2017010051105,1,9,0,4,0,1,0,0,0,0,1,1,6,2,51,8,1596,1,8,2,1,2
2017010051106,1,2,0,7,9,4,0,10,3,1,1,1,6,1,21,5,49,1,13,4,1,4
2017010051108,1,1,0,18,0,1,0,0,0,0,0,1,6,1,54,8,-1,-1,-1,3,1,3
2017010051108,2,9,0,7,0,8,0,0,0,0,0,1,6,3,-1,-1,-1,-1,-1,-1,-1,-1
2017010051109,1,4,0,14,0,1,0,0,0,0,3,1,1,1,36,7,125,1,6,2,1,2
2017010051109,2,9,0,5,0,1,0,0,0,0,4,2,6,1,33,6,1296,1,11,2,1,2
2017010051110,1,8,0,18,0,8,0,0,0,0,1,1,1,1,43,7,1968,2,1,8,1,8
2017010051110,2,9,3,18,0,8,0,0,0,0,1,1,6,1,36,7,1298,1,10,9,1,9
2017010051111,1,9,0,4,0,1,0,0,0,0,2,1,6,1,40,7,1390,1,6,4,1,4
2017010051111,2,1,0,18,0,1,0,0,0,0,1,1,2,1,30,6,-1,-1,-1,5,1,5
2017010051112,1,3,0,18,0,0,0,0,0,0,3,1,1,1,21,5,124,1,8,9,1,9
2017010051112,2,3,0,18,0,0,0,0,0,0,0,1,6,1,-1,-1,-1,-1,-1,-1,-1,-1
2017010051113,1,90,0,4,0,1,0,0,0,0,1,1,1,1,38,7,-1,-1,-1,6,1,6
2017010051113,2,9,0,4,0,1,0,0,0,0,2,1,6,2,41,7,-1,-1,-1,4,1,4
2017010051114,1,9,0,5,0,1,0,0,0,0,4,1,6,1,26,6,1598,2,4,2,1,2
2017010051114,2,9,0,18,0,1,0,0,0,0,1,1,6,1,30,6,1995,2,3,2,1,2
2017010051115,1,3,0,18,0,1,2,0,0,0,1,1,6,1,36,7,125,1,6,4,1,4
2017010051115,2,8,0,10,2,8,0,0,0,0,0,1,6,1,41,7,2143,2,3,4,1,4
2017010051116,1,2,0,7,0,0,0,0,0,0,4,1,1,1,30,6,49,1,1,2,1,2
2017010051117,1,9,0,18,0,0,0,0,0,0,1,1,6,1,50,8,1896,2,12,5,1,5
2017010051118,1,11,0,4,0,1,0,0,0,0,0,1,1,1,55,8,4500,2,1,2,1,2
2017010051119,1,3,0,18,0,8,5,0,0,0,3,1,6,1,20,4,109,1,3,-1,-1,-1
2017010051119,2,9,0,10,0,6,0,0,0,0,1,1,6,1,31,6,1796,1,14,4,1,4
2017010051120,1,19,0,8,0,1,0,0,0,0,0,1,6,1,25,5,1560,2,8,2,1,2
2017010051120,2,3,0,18,2,1,1,0,0,0,4,1,6,1,27,6,108,1,5,3,1,3
2017010051122,1,9,0,18,0,3,0,0,0,0,0,1,6,1,39,7,1498,1,-1,3,1,3
2017010051122,2,3,0,15,9,1,0,0,0,0,1,1,6,3,-1,-1,-1,-1,-1,-1,-1,-1
2017010051123,1,8,0,7,0,8,1,0,0,0,1,1,1,1,45,7,1798,8,2,4,1,4
2017010051124,1,9,0,9,0,6,0,0,0,0,1,1,6,2,60,9,1198,1,3,3,1,3
2017010051125,1,8,0,15,0,1,0,0,0,0,1,1,1,1,63,9,1598,2,3,3,1,3
2017010051126,1,9,0,5,0,8,0,11,0,0,1,1,6,2,45,7,1339,1,9,-1,-1,-1
2017010051126,2,1,0,18,0,8,0,0,0,0,2,1,6,2,41,7,-1,-1,-1,4,1,4
2017010051127,1,9,0,18,0,1,0,0,0,0,1,1,6,2,31,6,-1,-1,-1,3,1,3
2017010051128,1,11,0,18,0,8,0,0,0,0,0,1,1,1,35,6,4500,2,3,5,1,5
2017010051128,2,9,0,18,0,8,0,0,0,0,0,1,6,3,-1,-1,-1,-1,-1,-1,-1,-1
2017010051129,1,90,5,18,0,1,0,0,0,0,1,2,1,1,24,5,2148,2,8,4,1,4
2017010051131,1,8,0,18,0,6,0,0,0,0,1,1,1,1,55,8,2776,2,1,-1,-1,-1
2017010051131,2,9,0,18,0,2,0,0,0,0,4,1,6,1,46,8,1591,1,1,3,1,3
2017010051131,3,9,0,2,9,1,0,0,0,0,2,1,6,3,-1,-1,2179,2,4,-1,-1,-1
2017010051132,1,9,0,4,0,2,0,0,0,0,2,1,6,1,60,9,1461,2,2,10,2,10
2017010051132,2,1,0,18,0,2,0,0,0,0,1,1,6,1,47,8,-1,-1,-1,8,1,8
2017010051133,1,9,0,18,0,8,0,0,1,10,1,1,6,1,25,5,1364,1,10,1,1,1
2017010051133,2,9,0,18,0,8,0,0,0,0,4,1,6,1,32,6,1590,1,15,7,1,7
2017010051134,1,9,0,3,0,1,0,0,0,0,3,1,6,1,41,7,-1,-1,-1,-1,-1,-1
2017010051136,1,9,0,4,0,5,0,0,0,0,3,1,2,2,39,7,1997,1,7,1,1,1
2017010051136,2,8,0,18,0,5,0,0,0,0,1,1,1,1,47,8,1968,2,3,8,1,8
2017010051137,1,9,0,9,0,5,0,0,0,0,1,1,6,2,46,8,2143,2,3,6,1,6
2017010051137,2,3,0,18,2,1,0,0,0,0,1,1,6,1,22,5,125,1,-1,2,1,2
2017010051138,1,9,0,9,0,8,0,0,0,0,4,1,6,1,32,6,1398,1,-1,5,1,5
2017010051138,2,9,0,18,0,8,0,0,0,0,1,1,6,1,16,4,1360,1,14,-1,-1,-1
2017010051138,3,9,0,2,0,8,0,0,0,0,4,1,6,3,-1,-1,1598,1,10,-1,-1,-1
2017010051139,1,9,0,4,0,0,0,0,0,0,1,1,6,1,44,7,1390,1,13,5,1,5
2017010051140,1,2,0,18,0,1,1,0,0,0,0,1,1,1,33,6,49,1,10,4,1,4
2017010051141,1,9,0,18,0,1,1,7,1,3,1,1,6,1,22,5,1896,2,15,5,1,5
2017010051143,1,8,0,6,0,0,0,0,0,0,3,1,1,1,41,7,1686,2,5,5,2,5
2017010051143,2,3,0,18,0,0,0,0,0,0,1,1,2,1,26,6,125,1,4,3,1,3
2017010051145,1,9,0,9,0,6,1,10,3,10,1,1,6,1,22,5,1598,2,1,1,1,1
2017010051145,2,9,0,2,9,2,0,0,0,0,4,1,6,3,-1,-1,1968,2,2,-1,-1,-1
2017010051147,1,9,0,15,0,1,0,0,0,0,3,1,6,1,35,6,1968,2,6,4,1,4
2017010051147,2,9,0,18,0,1,0,0,0,0,4,1,6,1,31,6,2179,2,4,4,1,4
2017010051147,3,9,0,9,0,1,0,0,0,0,2,1,6,1,25,5,1242,1,1,2,1,2
2017010051148,1,9,0,18,0,1,0,0,0,0,1,1,6,2,27,6,1364,1,11,2,1,2
2017010051148,2,9,0,12,0,1,1,0,0,0,1,1,6,1,45,7,2993,2,10,2,1,2
2017010051149,1,9,0,9,0,5,0,4,0,0,1,1,6,1,62,9,1598,1,16,2,1,2
2017010051149,2,9,0,3,0,1,0,0,0,0,4,1,1,1,-1,-1,1798,8,4,3,1,3
2017010051149,3,9,0,2,0,2,0,4,0,0,3,1,6,3,-1,-1,1679,1,16,-1,-1,-1
2017010051149,4,9,0,2,0,2,0,0,0,0,1,1,6,3,-1,-1,1995,2,10,-1,-1,-1
2017010051149,5,9,0,2,0,2,0,0,0,0,2,1,6,3,-1,-1,2143,2,3,-1,-1,-1
2017010051150,1,8,0,18,0,1,0,0,0,0,1,1,1,1,25,5,-1,-1,-1,3,1,3
2017010051152,1,2,0,18,0,0,0,0,0,0,1,1,2,1,22,5,-1,-1,-1,4,1,4
2017010051152,2,9,0,9,0,0,0,0,0,0,1,1,6,1,47,8,1497,8,8,-1,-1,-1
2017010051153,1,9,0,18,0,8,0,0,0,0,1,1,6,1,60,9,1796,1,17,2,1,2
2017010051153,2,1,0,18,0,8,5,0,0,0,4,1,2,1,41,7,-1,-1,-1,1,1,1
2017010051154,1,9,0,5,0,2,0,0,0,0,1,1,6,1,26,6,2149,2,10,8,1,8
2017010051154,2,3,0,18,0,2,5,0,0,0,4,1,6,1,26,6,125,1,1,6,1,6
2017010051155,1,8,0,9,0,2,0,0,0,0,1,1,1,1,48,8,1798,8,2,1,1,1
2017010051159,1,8,0,9,0,2,0,0,0,0,4,1,1,1,47,8,1598,1,4,3,1,3
2017010051159,2,9,0,5,0,8,0,0,0,0,1,1,6,1,21,5,2143,2,2,1,1,1
2017010051163,1,9,0,18,9,8,0,0,2,1,1,1,6,1,27,6,1229,1,4,2,1,2
2017010051164,1,11,0,5,2,1,0,0,0,0,3,1,6,1,51,8,4500,2,3,2,1,2
2017010051167,1,9,0,5,0,1,0,0,0,0,1,1,6,2,21,5,998,1,4,5,1,5
2017010051167,2,19,0,15,0,1,0,0,0,0,3,1,1,1,34,6,1968,2,3,2,1,2
2017010051168,1,3,0,14,0,8,0,0,0,0,1,1,1,1,25,5,108,1,2,7,1,7
2017010051168,2,8,0,10,0,1,0,0,0,0,0,1,1,1,40,7,1968,2,4,3,1,3
2017010051169,1,9,0,18,0,0,0,0,0,0,3,1,6,1,61,9,1399,1,11,3,1,3
2017010051169,2,8,0,18,0,0,0,0,0,0,1,1,1,1,51,8,1800,8,4,3,1,3
2017010051169,3,9,0,18,0,0,0,0,0,0,1,1,1,1,37,7,1461,2,2,3,1,3
2017010051170,1,9,0,3,0,1,0,0,0,0,1,1,6,3,-1,-1,2967,2,6,-1,-1,-1
2017010051171,1,8,0,9,0,1,0,0,0,0,4,1,1,1,26,6,1395,1,1,10,1,10
2017010051171,2,3,0,9,0,6,0,0,1,10,1,1,1,1,24,5,108,1,2,5,1,5
2017010051173,1,9,0,18,0,1,0,0,0,0,0,1,6,2,59,9,1896,2,9,8,3,8
2017010051174,1,9,0,18,0,0,0,0,0,0,0,1,6,1,22,5,2776,2,10,7,1,7
2017010051174,2,3,0,13,0,0,0,0,0,0,1,1,6,1,19,4,125,1,5,8,1,8
2017010051179,1,1,0,9,0,5,0,0,0,0,1,1,6,1,-1,-1,-1,-1,-1,-1,-1,-1
2017010051181,1,19,0,18,0,1,1,0,0,0,1,1,6,1,43,7,2461,2,9,3,1,3
2017010051181,2,9,0,3,0,4,0,0,0,0,2,1,6,2,35,6,1800,1,16,3,1,3
2017010051183,1,9,0,3,0,0,0,0,0,0,2,1,6,1,48,8,1999,1,11,-1,-1,-1
2017010051183,2,9,0,18,0,0,0,0,0,0,1,1,6,3,-1,-1,-1,-1,-1,-1,-1,-1
2017010051186,1,5,0,18,0,1,0,0,1,0,1,1,6,1,28,6,749,1,12,3,1,3
2017010051186,2,9,0,9,0,1,0,0,0,0,4,1,6,2,49,8,1596,1,13,7,1,7
2017010051187,1,3,0,18,0,8,-1,0,0,0,4,1,6,1,19,4,125,1,3,1,1,1
2017010051187,2,9,0,-1,0,8,-1,0,0,0,1,1,6,2,23,5,1596,1,9,3,1,3
2017010051188,1,4,0,18,0,0,0,0,0,0,1,1,6,1,71,10,-1,-1,-1,4,1,4
2017010051188,2,9,0,2,0,0,0,0,0,0,1,1,6,3,-1,-1,1390,1,7,-1,-1,-1
2017010051189,1,9,0,5,0,4,0,7,3,1,1,1,6,1,86,11,998,1,20,-1,-1,-1
2017010051191,1,9,0,18,0,1,0,0,0,0,3,1,6,1,24,5,698,1,13,2,1,2
2017010051192,1,90,0,18,0,2,0,0,0,0,4,1,6,1,48,8,-1,-1,-1,2,1,2
2017010051193,1,9,0,1,0,8,0,0,0,0,2,1,6,1,31,6,2720,2,9,3,1,3
2017010051193,2,2,0,18,0,8,0,0,0,0,1,1,1,1,25,5,49,1,5,2,1,2
2017010051194,1,9,0,4,0,0,0,0,0,0,0,1,6,2,21,5,-1,-1,-1,3,1,3
2017010051194,2,9,0,18,0,0,0,0,0,0,1,1,6,2,23,5,1968,2,2,6,1,6
2017010051196,1,9,0,10,0,2,0,0,0,0,2,1,6,1,39,7,1560,2,9,6,1,6
2017010051196,2,9,0,11,0,1,0,0,0,0,1,1,6,1,38,7,1124,1,14,4,1,4
2017010051197,1,9,0,3,0,2,0,0,0,0,2,1,6,1,32,6,1995,2,4,1,1,1
2017010051197,2,8,0,3,0,1,0,0,0,0,2,1,1,1,35,6,1956,2,4,-1,-1,-1
2017010051197,3,9,0,4,0,2,0,0,0,0,1,1,6,1,28,6,1198,1,11,4,1,4
2017010051198,1,9,0,9,0,1,0,0,0,0,1,1,2,1,34,6,1598,2,2,4,1,4
2017010051198,2,3,0,13,0,1,5,0,0,0,1,1,1,1,23,5,125,1,2,2,1,2
2017010051200,1,9,0,9,0,1,0,0,0,0,3,1,6,1,34,6,1988,2,13,-1,-1,-1
2017010051200,2,1,0,13,0,1,1,0,0,0,3,1,6,1,26,6,-1,-1,-1,3,1,3
2017010051202,1,9,0,5,0,1,0,0,0,0,4,2,6,2,26,6,1390,1,6,9,1,9
2017010051202,2,9,0,5,0,1,0,0,0,0,1,1,6,2,44,7,1560,2,6,5,1,5
2017010051203,1,9,-1,18,-1,-1,-1,-1,-1,-1,-1,1,6,1,57,9,1995,2,11,6,1,6
2017010051205,1,5,0,9,0,8,0,0,0,0,2,1,6,1,30,6,999,1,7,7,1,7
2017010051205,2,9,0,9,0,8,0,0,0,0,1,1,6,3,-1,-1,-1,-1,-1,-1,-1,-1
2017010051207,1,9,0,18,0,1,0,0,0,0,1,1,6,1,41,7,-1,-1,-1,2,1,2
2017010051207,2,9,0,18,0,1,2,0,0,0,1,1,1,1,18,4,998,1,4,1,1,1
2017010051209,1,9,0,5,0,0,0,0,0,0,3,1,6,2,26,6,1197,1,-1,-1,-1,-1
2017010051213,1,9,0,9,0,8,0,0,0,0,3,1,1,1,50,8,1997,2,6,5,1,5
2017010051213,2,9,0,18,0,1,0,0,0,0,3,1,6,1,-1,-1,1594,1,12,-1,-1,-1
2017010051214,1,9,0,10,0,1,0,0,0,0,3,2,6,1,30,6,998,1,4,2,1,2
2017010051214,2,3,0,13,0,1,0,0,0,0,1,1,6,1,37,7,1043,1,6,6,1,6
2017010051217,1,9,0,18,0,1,0,0,0,0,4,1,2,1,50,8,-1,-1,-1,1,1,1
2017010051217,2,3,0,18,0,2,0,0,0,0,1,1,1,1,19,4,108,1,2,1,1,1
2017010051218,1,9,0,3,0,2,0,0,0,0,2,1,6,1,20,4,1388,1,5,4,1,4
2017010051218,2,9,0,18,0,1,0,0,0,0,1,1,6,3,-1,-1,-1,-1,-1,-1,-1,-1
2017010051219,1,8,0,9,0,1,0,0,0,0,1,1,1,1,23,5,1968,2,-1,3,1,3
2017010051219,2,3,0,18,0,6,0,0,0,0,1,1,6,1,27,6,125,1,4,6,1,6
2017010051220,1,9,0,6,0,8,0,0,0,0,2,1,6,1,23,5,2993,2,5,5,1,5
2017010051220,2,9,0,18,0,8,0,0,0,0,1,1,6,1,41,7,1240,1,14,2,1,2
2017010051221,1,9,0,18,0,0,0,4,0,0,4,1,6,1,23,5,1596,1,12,-1,-1,-1
2017010051221,2,9,0,2,0,0,0,0,0,0,3,1,6,3,-1,-1,1396,1,13,-1,-1,-1
2017010051221,3,9,0,2,0,0,0,0,0,0,2,1,6,3,-1,-1,1596,1,18,-1,-1,-1
2017010051221,4,9,0,2,0,0,0,0,0,0,3,1,6,3,-1,-1,1968,2,1,-1,-1,-1
2017010051221,5,9,0,2,0,0,0,0,0,0,4,1,6,3,-1,-1,1398,1,13,-1,-1,-1
2017010051221,6,9,0,2,0,0,0,0,0,0,3,1,6,3,-1,-1,2993,2,8,-1,-1,-1
2017010051222,1,9,0,9,0,2,0,0,0,0,1,2,2,1,39,7,1595,1,12,2,1,2
2017010051222,2,3,0,10,0,5,0,0,0,0,1,1,6,1,39,7,-1,-1,-1,3,1,3
2017010051224,1,9,0,5,0,4,0,0,0,0,3,1,6,1,41,7,1984,1,7,4,1,4
2017010051224,2,9,0,5,0,4,0,0,0,0,1,1,6,2,29,6,1360,1,13,8,1,8
2017010051225,1,9,0,5,0,4,0,0,0,0,2,1,6,1,48,8,2494,1,17,2,1,2
2017010051225,2,9,0,5,0,4,0,0,0,0,1,1,6,2,18,4,2148,2,9,2,1,2
2017010051228,1,9,0,18,0,8,0,0,0,0,1,1,6,1,19,4,1991,2,12,4,1,4
2017010051228,2,9,0,9,0,8,0,0,0,0,1,1,6,1,61,9,1796,1,9,2,1,2
2017010051232,1,9,0,18,0,0,0,0,0,0,1,1,6,2,24,5,1461,2,1,2,1,2
2017010051235,1,9,0,18,0,8,0,0,0,0,1,1,6,1,63,9,1796,1,15,1,1,1
2017010051235,2,1,0,18,0,8,0,0,0,0,4,1,6,2,13,3,-1,-1,-1,1,1,1
2017010051236,1,9,0,18,0,1,0,0,0,0,4,2,1,1,31,6,1798,8,5,2,1,2
2017010051236,2,9,0,11,0,1,0,0,0,0,1,1,6,1,52,8,1956,2,3,1,1,1
2017010051241,1,1,0,18,-1,-1,0,0,0,0,1,1,6,1,33,6,-1,-1,-1,2,1,2
2017010051241,2,9,-1,-1,-1,-1,-1,-1,-1,-1,-1,-1,6,3,-1,-1,1598,1,8,-1,-1,-1
2017010051243,1,9,0,13,0,0,0,0,0,0,4,1,6,1,35,6,1798,8,-1,5,1,5
2017010051243,2,9,0,9,0,0,0,0,0,0,3,1,6,2,44,7,1995,2,3,9,3,9
2017010051247,1,9,-1,-1,-1,-1,-1,-1,-1,-1,-1,-1,6,1,59,9,-1,-1,-1,7,1,7