Accident_Index,Vehicle_Reference,Vehicle_Type,Towing_and_Articulation,Vehicle_Manoeuvre,Vehicle_Location-Restricted_Lane,Junction_Location,Skidding_and_Overturning,Hit_Object_in_Carriageway,Vehicle_Leaving_Carriageway,Hit_Object_off_Carriageway,1st_Point_of_Impact,Was_Vehicle_Left_Hand_Drive?,Journey_Purpose_of_Driver,Sex_of_Driver,Age_of_Driver,Age_Band_of_Driver,Engine_Capacity_(CC),Propulsion_Code,Age_of_Vehicle,Driver_IMD_Decile,Driver_Home_Area_Type,Vehicle_IMD_Decile
2017010051657,2,11,0,18,0,1,0,0,0,0,4,-1,6,3,-1,-1,-1,-1,-1,-1,-1,-1
2017010051661,1,9,-1,18,-1,-1,-1,-1,-1,0,4,1,6,2,47,8,1597,1,23,7,1,7
2017010051663,1,1,0,18,0,0,-1,0,0,0,1,1,6,2,39,7,-1,-1,-1,2,1,2
2017010051663,2,9,0,2,0,0,0,0,0,0,3,-1,6,3,-1,-1,1198,1,4,-1,-1,-1
2017010051667,1,5,0,18,0,1,0,0,0,0,1,1,2,1,34,6,599,1,8,4,1,4
2017010051667,2,9,0,9,0,5,0,0,0,0,1,1,6,1,37,7,1910,2,11,-1,-1,-1
2017010051669,1,9,-1,4,0,0,0,0,0,0,2,-1,2,1,45,7,1596,1,8,1,1,1
2017010051669,2,9,0,18,0,0,0,0,0,0,1,-1,6,3,-1,-1,1398,1,3,-1,-1,-1
2017010051671,1,1,0,18,0,1,5,0,0,0,1,1,6,2,50,8,-1,-1,-1,3,1,3
2017010051674,1,1,0,18,0,0,0,8,0,0,1,1,6,2,40,7,-1,-1,-1,3,1,3
2017010051677,1,9,-1,18,0,1,0,0,0,0,2,-1,6,1,57,9,1968,2,3,8,1,8
2017010051677,2,9,-1,18,0,1,0,0,0,0,1,-1,6,1,-1,-1,1587,1,13,-1,-1,-1
2017010051678,1,1,0,10,0,1,0,0,0,0,2,1,2,1,53,8,-1,-1,-1,6,1,6
2017010051678,2,9,-1,9,0,1,0,0,0,0,1,-1,6,3,-1,-1,-1,-1,-1,-1,-1,-1
2017010051684,1,9,0,16,0,0,0,11,0,0,1,1,6,2,-1,-1,1368,1,1,3,1,3
2017010051686,1,11,0,5,-1,0,0,0,0,0,1,1,1,2,38,7,4461,2,4,3,1,3
2017010051688,1,1,0,18,0,1,0,0,0,0,3,1,2,2,29,6,-1,-1,-1,6,1,6
2017010051688,2,9,0,7,0,1,0,0,0,0,4,-1,6,3,-1,-1,-1,-1,-1,-1,-1,-1
2017010051689,1,1,0,18,0,0,0,0,0,0,0,1,6,1,37,7,-1,-1,-1,3,1,3
2017010051689,2,19,0,2,0,0,0,0,0,0,3,1,6,3,-1,-1,2198,2,1,-1,-1,-1
2017010051692,1,9,0,-1,0,-1,0,0,0,0,-1,-1,6,1,42,7,1997,2,7,2,1,2
2017010051692,2,9,-1,-1,0,-1,0,-1,-1,-1,-1,-1,6,1,-1,-1,-1,-1,-1,-1,-1,-1
2017010051694,1,1,0,18,0,8,0,0,0,0,3,1,2,1,23,5,-1,-1,-1,5,1,5
2017010051694,2,20,-1,7,0,8,0,0,0,0,4,-1,6,3,-1,-1,-1,-1,-1,-1,-1,-1
2017010051696,1,9,-1,13,0,0,0,0,0,0,0,-1,6,2,31,6,1910,2,13,5,1,5
2017010051696,2,20,0,18,0,0,0,0,0,0,0,-1,6,3,-1,-1,-1,-1,-1,-1,-1,-1
2017010051697,1,1,0,-1,0,0,0,0,0,0,0,1,2,2,52,8,-1,-1,-1,8,1,8
2017010051699,1,1,0,18,0,1,0,0,0,0,1,1,6,1,27,6,-1,-1,-1,4,1,4
2017010051699,2,9,-1,18,0,1,0,0,0,0,1,-1,6,3,-1,-1,-1,-1,-1,-1,-1,-1
2017010051704,1,9,0,18,0,0,0,0,0,0,3,-1,6,1,21,5,1995,2,2,8,1,8
2017010051704,2,3,0,18,0,0,0,0,0,0,-1,1,6,1,-1,-1,125,1,1,-1,-1,-1
2017010051709,1,1,0,18,0,8,0,0,0,0,3,1,6,1,28,6,-1,-1,-1,3,1,3
2017010051709,2,1,0,9,0,8,0,0,0,0,4,1,6,1,-1,-1,-1,-1,-1,-1,-1,-1
2017010051710,1,9,0,3,0,8,0,0,0,0,2,1,1,1,19,4,1595,1,4,8,1,8
2017010051710,2,9,0,3,0,8,0,0,0,0,1,1,1,2,30,6,1242,1,8,1,1,1
2017010051710,3,19,0,3,0,8,0,0,0,0,2,1,2,1,79,11,2953,2,11,3,1,3
2017010051714,1,9,0,18,0,0,0,0,0,0,3,-1,6,1,29,6,2143,2,1,2,1,2
2017010051714,2,9,0,18,0,0,0,0,0,0,4,-1,6,3,-1,-1,1984,1,-1,-1,-1,-1
2017010051726,1,9,0,3,0,2,1,0,0,0,2,-1,6,2,22,5,998,1,4,3,1,3
2017010051726,2,9,0,18,0,2,0,0,0,0,1,-1,6,1,-1,-1,1461,2,7,-1,-1,-1
2017010051726,3,9,0,10,0,2,0,0,0,0,2,-1,6,1,-1,-1,1597,1,9,-1,-1,-1
2017010051727,1,1,-1,-1,-1,-1,-1,-1,-1,0,-1,1,6,2,37,7,-1,-1,-1,3,1,3
2017010051727,2,11,-1,-1,-1,1,-1,0,0,0,-1,1,6,1,46,8,4500,2,1,1,1,1
2017010051729,1,2,0,7,2,2,0,0,0,0,3,1,6,1,50,8,650,1,1,4,1,4
2017010051729,2,19,0,6,0,2,0,0,0,0,3,1,6,1,48,8,1968,2,1,9,1,9
2017010051730,1,19,0,18,0,4,0,0,0,0,3,1,1,1,52,8,2143,2,7,8,1,8
2017010051730,2,1,0,9,0,3,0,0,0,0,1,1,6,1,21,5,-1,-1,-1,2,1,2
2017010051734,1,19,-1,18,0,-1,0,0,0,0,-1,-1,6,1,31,6,1868,2,15,1,1,1
2017010051734,2,9,0,18,0,-1,0,0,0,0,-1,-1,6,3,-1,-1,1398,1,3,-1,-1,-1
2017010051736,1,9,0,-1,0,2,0,0,0,0,3,-1,6,1,55,8,1895,1,17,3,1,3
2017010051736,2,3,0,-1,0,2,0,0,0,0,4,1,6,1,-1,-1,125,1,-1,1,1,1
2017010051738,1,3,0,18,0,1,0,0,0,0,1,1,6,1,27,6,124,1,6,2,1,2
2017010051738,2,9,0,18,0,1,0,0,0,0,3,1,6,1,62,9,1339,1,6,2,1,2
2017010051738,3,9,0,18,0,1,0,0,0,0,3,1,6,1,49,8,1364,1,1,2,1,2
2017010051739,1,11,5,7,0,5,0,10,0,0,1,1,1,1,61,9,4500,2,-1,4,1,4
2017010051739,2,9,0,4,0,5,0,0,0,0,2,1,6,1,25,5,999,1,9,3,1,3
2017010051739,3,9,0,4,0,5,0,0,0,0,2,1,6,1,31,6,1396,1,16,1,1,1
2017010051747,1,1,0,3,0,1,-1,0,0,0,3,1,2,2,21,5,-1,-1,-1,6,1,6
2017010051747,2,9,0,9,0,8,0,0,0,0,1,-1,6,3,-1,-1,-1,-1,-1,-1,-1,-1
2017010051750,1,9,0,18,0,0,0,0,0,0,3,-1,6,1,19,4,1198,1,15,4,1,4
2017010051750,2,9,0,-1,0,0,-1,-1,0,0,-1,-1,6,1,-1,-1,1461,2,11,-1,-1,-1
2017010051753,1,9,0,18,0,8,0,0,0,0,1,1,6,1,68,10,2198,1,13,2,1,2
2017010051756,1,9,0,2,0,0,0,0,0,0,3,-1,6,3,-1,-1,1799,1,8,-1,-1,-1
2017010051756,2,9,-1,18,0,0,0,0,0,0,3,-1,6,1,-1,-1,999,1,1,-1,-1,-1
2017010051766,1,9,-1,-1,0,-1,0,0,0,0,1,-1,6,1,47,8,-1,-1,-1,7,1,7
2017010051766,2,1,-1,-1,0,1,-1,-1,0,0,-1,1,6,2,-1,-1,-1,-1,-1,-1,-1,-1
2017010051767,1,3,0,13,0,1,2,0,0,0,4,1,2,1,36,7,125,1,2,10,1,10
2017010051767,2,9,0,9,0,5,0,0,0,0,3,1,6,2,44,7,1242,1,14,8,1,8
2017010051773,1,9,0,4,0,0,0,0,0,0,1,1,6,1,20,4,1364,1,12,2,1,2
2017010051773,2,9,0,4,0,0,0,0,0,0,2,1,6,1,19,4,1590,1,13,6,1,6
2017010051775,1,90,0,9,0,8,1,0,0,0,1,1,1,1,35,6,-1,-1,-1,4,1,4
2017010051778,1,9,0,18,0,1,2,0,0,0,1,1,6,2,44,7,493,1,4,5,1,5
2017010051778,2,19,0,18,0,1,0,0,0,0,2,1,1,1,57,9,1996,2,6,4,1,4
2017010051778,3,21,0,18,0,1,0,0,0,0,2,1,1,1,46,8,12740,2,1,3,1,3
2017010051779,1,9,0,18,0,2,1,0,0,0,4,1,2,1,26,6,-1,-1,-1,2,1,2
2017010051779,2,9,0,9,0,5,0,0,0,0,3,1,6,1,39,7,1797,8,5,2,1,2
2017010051781,1,11,0,4,0,2,1,0,0,0,1,1,1,1,32,6,4500,2,7,8,1,8
2017010051781,2,9,0,4,0,2,0,0,0,0,2,1,6,2,20,4,1198,1,10,5,1,5
2017010051785,1,8,0,18,0,0,0,0,0,0,2,2,1,1,60,9,2497,2,1,3,1,3
2017010051785,2,9,0,18,0,0,0,0,0,0,0,1,6,3,-1,-1,2199,2,3,-1,-1,-1
2017010051785,3,1,0,18,0,0,0,0,0,0,1,1,6,1,50,8,-1,-1,-1,1,1,1
2017010051789,1,9,0,9,0,5,0,0,0,0,1,1,6,1,35,6,1796,1,16,1,1,1
2017010051789,2,4,0,18,0,1,0,0,0,0,1,1,1,1,43,7,124,1,11,3,1,3
2017010051789,3,9,0,8,0,1,0,0,0,0,1,1,6,1,42,7,3456,8,7,4,1,4
2017010051791,1,11,0,18,0,8,0,0,0,0,1,1,1,2,36,7,7300,2,13,3,1,3
2017010051792,1,20,0,9,0,8,0,0,0,0,1,1,1,1,48,8,7698,2,1,4,1,4
2017010051795,1,9,0,14,0,8,0,0,0,0,3,1,2,1,45,7,1796,1,9,8,1,8
2017010051795,2,3,0,13,0,8,0,0,0,0,1,1,6,1,48,8,148,1,58,6,1,6
2017010051796,1,3,0,18,0,1,2,11,0,0,1,1,6,1,43,7,123,1,3,4,1,4
2017010051796,2,8,0,9,0,6,0,0,0,0,0,1,1,1,30,6,1798,8,3,2,1,2
2017010051797,1,19,0,7,0,5,0,0,0,0,1,1,1,1,57,9,2198,2,-1,2,1,2
2017010051798,1,9,0,18,0,1,0,0,0,0,4,1,6,2,70,10,1339,1,9,8,1,8
2017010051798,2,9,0,18,0,6,0,0,0,0,1,1,6,1,34,6,1998,1,15,10,1,10
2017010051800,1,9,0,7,0,6,0,0,0,0,1,1,6,1,50,8,-1,-1,-1,1,1,1
2017010051800,2,9,0,7,0,6,0,0,0,0,2,1,6,1,37,7,1798,1,6,2,1,2
2017010051801,1,9,0,6,0,2,0,0,0,0,3,1,6,1,56,9,1992,2,10,5,1,5
2017010051801,2,5,0,13,0,2,0,0,0,0,1,1,6,1,40,7,988,1,13,1,1,1
2017010051802,1,9,0,18,0,1,0,0,0,0,1,1,6,2,30,6,1595,1,14,3,1,3
2017010051802,2,9,0,6,0,1,0,0,0,0,1,1,6,2,25,5,1398,1,3,5,1,5
2017010051803,1,9,0,6,0,2,0,0,0,0,3,1,6,1,56,9,1995,2,13,2,1,2
2017010051803,2,5,0,18,0,2,0,0,0,0,1,1,6,1,46,8,649,1,8,3,1,3
2017010051804,1,9,0,18,0,1,0,0,0,0,1,1,6,1,-1,-1,1124,1,16,-1,-1,-1
2017010051804,2,9,0,4,0,5,0,0,0,0,4,1,6,2,53,8,2987,2,12,3,1,3
2017010051806,1,11,0,18,0,1,0,0,0,0,0,1,6,1,37,7,5132,2,2,7,1,7
2017010051807,1,9,0,9,0,5,0,0,0,0,4,1,3,2,33,6,1896,2,9,4,1,4
2017010051807,2,3,0,18,0,1,0,0,0,0,1,1,2,1,55,8,125,1,12,6,1,6
2017010051808,1,3,0,18,0,1,0,0,0,0,1,1,6,1,28,6,108,1,2,5,1,5
2017010051808,2,9,0,18,0,1,0,0,0,0,2,1,6,1,26,6,2926,2,16,8,1,8
2017010051809,1,2,0,4,0,0,1,0,0,0,4,1,1,1,54,8,-1,-1,-1,3,1,3
2017010051809,2,9,0,7,0,0,0,0,0,0,0,1,2,1,51,8,2987,2,8,8,1,8
2017010051810,1,4,0,12,0,0,2,0,0,0,3,1,2,1,31,6,124,1,1,3,1,3
2017010051810,2,9,0,18,0,0,0,0,0,0,4,1,2,1,70,10,2143,2,8,5,1,5
2017010051814,1,3,0,18,4,1,2,0,0,0,0,1,2,1,55,8,125,1,1,10,1,10
2017010051817,1,9,0,5,0,2,0,0,0,0,1,1,6,2,71,10,1242,1,20,3,1,3
2017010051817,2,3,0,18,0,8,0,0,0,0,1,1,6,1,28,6,125,1,2,6,1,6
2017010051818,1,9,0,3,0,1,0,0,0,0,0,1,6,1,21,5,1242,1,12,3,1,3
2017010051818,2,9,0,3,0,1,0,0,0,0,0,1,6,2,20,4,1598,1,7,4,1,4
2017010051820,1,9,0,18,0,0,0,0,0,0,1,1,6,1,80,11,4196,1,13,6,1,6
2017010051820,2,9,0,2,0,0,1,0,7,0,1,1,6,3,-1,-1,1598,2,6,-1,-1,-1
2017010051821,1,9,0,9,0,1,0,0,0,0,1,1,6,1,43,7,1798,8,1,2,1,2
2017010051822,1,11,0,18,0,1,0,0,0,0,0,1,1,1,40,7,7300,2,13,4,1,4
2017010051823,1,9,0,18,0,8,0,0,0,0,1,1,6,1,40,7,1400,2,12,3,1,3
2017010051823,2,9,0,9,0,8,0,0,1,6,4,1,6,1,25,5,1590,1,17,2,1,2
2017010051826,1,9,0,10,0,1,1,0,0,0,4,1,2,1,38,7,1997,2,12,5,2,5
2017010051826,2,9,0,18,9,8,1,0,0,0,1,1,6,1,-1,-1,1968,2,3,-1,-1,-1
2017010051827,1,9,0,4,0,1,0,0,0,0,2,1,2,1,35,6,1299,1,11,-1,-1,-1
2017010051827,2,9,0,18,0,1,0,0,0,0,1,1,2,2,36,7,1598,2,4,2,1,2
2017010051828,1,3,0,4,0,0,1,0,0,0,0,1,2,1,32,6,-1,-1,-1,4,1,4
2017010051828,2,19,0,2,0,0,0,0,0,0,0,1,6,3,-1,-1,2198,2,11,-1,-1,-1
2017010051831,1,9,0,18,0,1,0,10,2,2,4,1,1,1,27,6,1796,2,4,8,1,8
2017010051831,2,9,0,6,0,1,0,0,2,10,1,1,2,1,46,8,999,1,-1,1,1,1
2017010051831,3,9,0,18,0,1,0,0,0,0,1,1,6,1,25,5,1461,2,8,5,1,5
2017010051835,1,1,-1,-1,-1,-1,-1,-1,-1,-1,-1,1,6,1,-1,-1,-1,-1,-1,2,1,2
2017010051835,2,9,-1,-1,-1,-1,-1,-1,-1,-1,-1,-1,6,1,37,7,999,1,2,1,1,1
2017010051841,1,9,0,16,0,1,0,4,0,0,4,1,6,1,23,5,2148,2,9,4,1,4
2017010051841,2,9,0,2,0,2,0,0,0,0,0,1,6,3,-1,-1,1598,1,6,-1,-1,-1
2017010051843,1,1,0,18,0,0,0,0,0,0,1,1,6,1,74,10,-1,-1,-1,3,1,3
2017010051843,2,9,-1,18,0,0,0,0,0,0,1,-1,6,1,-1,-1,1398,1,5,-1,-1,-1
2017010051850,1,5,0,-1,0,0,0,-1,-1,-1,-1,1,2,1,34,6,1200,1,1,8,1,8
2017010051850,2,9,-1,-1,-1,0,-1,-1,-1,-1,-1,-1,6,1,-1,-1,-1,-1,-1,-1,-1,-1
2017010051854,1,9,-1,3,0,1,-1,0,0,0,2,-1,6,2,31,6,1910,2,11,2,1,2
2017010051854,2,9,-1,3,0,1,-1,0,0,0,1,-1,6,1,-1,-1,2231,2,8,-1,-1,-1
2017010051872,1,1,0,18,0,1,0,0,0,0,4,1,6,2,36,7,-1,-1,-1,5,1,5
2017010051882,1,9,0,18,0,0,0,0,0,0,2,-1,1,1,-1,-1,1798,8,5,4,1,4
2017010051884,1,9,0,4,0,8,0,-1,0,0,1,-1,6,3,-1,-1,1598,1,10,-1,-1,-1
2017010051884,2,9,0,18,0,8,0,0,0,0,1,-1,6,3,-1,-1,1794,1,14,-1,-1,-1
2017010051888,1,19,0,18,0,0,0,0,0,0,4,1,1,1,46,8,2461,2,10,2,1,2
2017010051888,2,3,0,18,0,0,0,0,0,0,3,1,1,1,41,7,125,1,1,9,3,9
2017010051891,1,9,-1,8,-1,-1,-1,-1,-1,-1,2,-1,6,1,37,7,2993,2,3,-1,-1,-1
2017010051891,2,9,-1,-1,-1,-1,-1,-1,-1,-1,1,-1,6,2,-1,-1,-1,-1,-1,-1,-1,-1
2017010051898,1,1,0,-1,-1,1,0,0,0,0,0,1,6,1,70,10,-1,-1,-1,9,3,9
2017010051898,2,9,-1,7,-1,6,0,0,0,0,2,-1,6,1,-1,-1,-1,-1,-1,-1,-1,-1
2017010051901,1,9,-1,11,0,0,-1,0,0,0,3,-1,6,1,27,6,1995,2,6,-1,-1,-1
2017010051902,1,9,0,18,0,6,0,0,0,0,3,1,6,2,24,5,1796,1,16,2,1,2
2017010051902,2,9,0,5,0,8,0,0,0,0,1,1,6,3,-1,-1,-1,-1,-1,-1,-1,-1
2017010051907,1,9,0,18,0,6,0,-1,0,0,2,1,6,1,52,8,1586,1,5,-1,-1,-1
2017010051908,1,19,0,7,0,1,0,0,-1,0,0,-1,6,1,50,8,1598,2,3,8,1,8
2017010051908,2,1,0,18,0,1,0,0,0,0,0,1,6,1,-1,-1,-1,-1,-1,2,1,2
2017010051909,1,9,0,4,0,8,0,0,0,0,2,1,6,1,56,9,1598,1,3,9,1,9
2017010051909,2,9,0,18,0,8,0,0,0,0,1,1,6,1,-1,-1,1968,2,10,-1,-1,-1
2017010051913,1,9,0,18,0,4,0,0,0,0,1,1,6,3,-1,-1,-1,-1,-1,-1,-1,-1
2017010051915,1,9,0,-1,0,1,0,0,0,0,1,-1,6,2,27,6,1796,1,13,-1,-1,-1
2017010051915,2,9,0,-1,0,1,0,-1,0,0,-1,-1,6,3,-1,-1,1199,1,15,-1,-1,-1
2017010051919,1,9,-1,18,0,0,0,0,0,0,1,-1,6,1,-1,-1,2231,2,11,-1,-1,-1
2017010051921,1,21,0,18,0,2,0,0,0,0,4,1,1,1,59,9,12740,2,-1,4,1,4
2017010051922,1,1,0,18,4,8,0,0,0,0,0,1,1,1,25,5,-1,-1,-1,7,1,7
2017010051922,2,9,-1,9,4,5,0,0,0,0,4,-1,6,1,-1,-1,2979,1,13,-1,-1,-1
2017010051925,1,9,0,18,0,0,0,0,0,0,4,1,6,2,45,7,1598,1,13,2,1,2
2017010051926,1,9,0,-1,0,0,0,0,0,0,-1,-1,6,2,31,6,1968,2,8,1,1,1
2017010051927,1,3,0,15,0,8,0,0,0,0,4,1,6,1,48,8,125,1,3,7,1,7
2017010051927,2,19,0,9,0,1,0,0,0,0,3,1,1,1,43,7,4580,2,10,9,1,9
2017010051928,1,9,0,18,0,0,0,7,0,0,1,1,6,2,88,11,1086,1,10,10,1,10
2017010051931,1,4,0,7,0,1,5,0,0,0,4,1,6,1,51,8,398,1,12,7,1,7
2017010051931,2,1,0,18,0,1,0,0,0,0,1,1,6,1,-1,-1,-1,-1,-1,-1,-1,-1
2017010051933,1,11,0,18,0,1,0,0,0,0,4,1,1,1,25,5,9000,2,7,5,1,5
2017010051936,1,9,0,5,0,2,0,0,0,0,1,1,6,2,20,4,1388,1,13,5,1,5
2017010051938,1,9,0,3,-1,-1,0,-1,-1,-1,-1,-1,6,1,53,8,1796,1,6,-1,-1,-1
2017010051938,2,9,0,18,-1,-1,0,-1,-1,-1,-1,-1,6,1,-1,-1,1968,2,1,4,1,4
2017010051939,1,9,0,7,0,6,0,0,0,0,3,1,6,1,30,6,1956,2,8,6,1,6
2017010051939,2,3,0,18,0,1,0,0,0,0,1,1,1,1,18,4,125,1,5,8,1,8
2017010051942,1,19,0,-1,0,1,0,0,0,0,-1,-1,6,1,31,6,2198,2,1,8,2,8
2017010051942,2,9,-1,-1,-1,-1,-1,-1,-1,-1,-1,-1,6,1,-1,-1,1598,2,6,3,1,3
2017010051944,1,1,0,18,4,1,0,0,0,0,1,1,2,2,45,7,-1,-1,-1,5,1,5
2017010051947,1,9,-1,-1,-1,-1,-1,-1,-1,-1,-1,-1,6,2,27,6,1398,1,5,3,1,3
2017010051947,2,1,0,5,0,-1,0,-1,-1,-1,-1,1,6,1,24,5,-1,-1,-1,2,1,2
2017010051948,1,19,0,7,0,5,0,0,0,0,4,1,6,1,27,6,2143,2,2,-1,-1,-1
2017010051949,1,1,0,18,-1,-1,-1,-1,-1,-1,2,1,6,2,41,7,-1,-1,-1,6,1,6
2017010051951,1,9,0,18,0,0,0,0,0,0,2,1,6,1,38,7,1598,1,16,2,1,2
2017010051951,2,9,0,18,0,0,0,0,0,0,-1,1,6,3,-1,-1,1240,1,12,-1,-1,-1
2017010051953,1,3,0,18,0,1,0,0,0,0,1,1,6,3,-1,-1,-1,-1,-1,-1,-1,-1
2017010051959,1,9,-1,-1,0,0,0,0,0,0,1,-1,6,1,-1,-1,-1,-1,-1,-1,-1,-1
2017010051967,1,11,0,3,0,0,0,0,0,0,4,1,1,1,-1,-1,-1,-1,-1,-1,-1,-1
2017010051968,1,1,0,18,0,-1,0,0,0,0,1,1,6,2,39,7,-1,-1,-1,3,1,3
2017010051968,2,9,0,7,0,1,0,-1,0,0,1,-1,6,1,-1,-1,-1,-1,-1,-1,-1,-1
2017010051972,1,9,0,7,0,1,0,0,0,0,4,1,6,1,23,5,1598,1,12,3,1,3
2017010051972,2,3,0,18,0,1,0,0,0,0,1,1,1,1,23,5,108,1,1,3,1,3
2017010051975,1,3,-1,-1,-1,0,-1,-1,-1,0,-1,1,6,1,43,7,125,1,9,-1,-1,-1
2017010051975,2,9,-1,-1,-1,0,-1,-1,-1,-1,-1,-1,6,3,-1,-1,1461,2,-1,-1,-1,-1
2017010051978,1,9,0,4,0,8,0,0,0,0,0,1,6,2,61,9,1240,1,13,10,1,10
2017010051978,2,9,0,4,0,8,0,0,0,0,2,1,6,2,41,7,1388,1,8,3,1,3
2017010051978,3,19,0,4,0,8,0,0,0,0,1,2,6,1,49,8,-1,-1,-1,-1,-1,-1
2017010051980,1,1,0,18,4,2,0,0,0,0,4,1,2,1,59,9,-1,-1,-1,9,1,9
2017010051980,2,9,0,18,-1,2,0,0,0,0,1,1,6,1,-1,-1,1969,2,-1,8,1,8
2017010051981,1,9,0,3,0,0,0,0,0,0,1,1,6,2,35,6,2143,2,1,4,1,4
2017010051981,2,9,0,14,0,0,0,0,0,0,2,1,6,1,22,5,1397,1,10,9,1,9
2017010051984,1,1,0,18,0,8,-1,0,0,0,3,1,1,1,30,6,-1,-1,-1,4,1,4
2017010051984,2,9,0,18,0,8,0,0,0,0,1,-1,6,3,-1,-1,-1,-1,-1,-1,-1,-1
2017010051989,1,9,0,18,0,0,0,0,0,0,1,1,2,2,36,7,999,1,3,4,1,4
2017010051989,2,9,0,18,0,0,0,0,0,0,2,1,6,2,42,7,2993,2,1,9,1,9
2017010051992,1,9,0,9,0,6,0,0,0,0,1,1,6,2,21,5,1149,1,6,5,1,5
2017010051992,2,9,0,18,0,1,0,0,0,0,4,1,1,1,41,7,-1,-1,-1,4,1,4
2017010051997,1,9,0,18,0,1,0,0,0,0,1,1,6,2,41,7,1598,2,4,6,1,6
2017010051997,2,19,0,7,0,1,0,0,0,0,2,1,1,1,37,7,2198,2,2,3,1,3
2017010051998,1,8,0,16,0,1,0,0,0,0,1,1,1,1,33,6,2499,2,4,3,1,3
2017010051998,2,8,0,18,0,2,0,0,0,0,1,1,1,1,35,6,1797,8,3,1,1,1
2017010051999,1,9,0,18,0,0,0,4,0,0,1,1,6,2,45,7,1598,1,17,7,3,7
2017010051999,2,9,0,2,0,0,0,0,0,0,1,1,6,3,-1,-1,1995,2,4,-1,-1,-1
2017010052001,1,9,0,18,0,1,0,0,0,0,2,1,6,2,59,9,875,1,5,2,1,2
2017010052001,2,3,0,18,0,1,0,0,0,0,1,1,6,1,26,6,124,1,-1,3,1,3
2017010052002,1,3,0,18,0,0,0,0,0,0,1,1,1,1,38,7,108,1,-1,6,1,6
2017010052002,2,9,0,3,0,0,0,0,0,0,3,1,6,1,33,6,1498,1,10,4,1,4
2017010052003,1,9,0,9,0,1,0,0,0,0,1,1,2,1,28,6,1896,2,17,7,1,7
2017010052003,2,1,0,18,0,1,0,0,0,0,3,1,2,1,26,6,-1,-1,-1,-1,-1,-1
2017010052004,1,9,0,9,0,6,0,0,0,0,4,1,6,3,-1,-1,-1,-1,-1,-1,-1,-1
2017010052005,1,90,0,18,0,1,0,0,0,0,1,1,6,2,39,7,-1,-1,-1,3,1,3
2017010052006,1,9,0,18,0,8,0,0,0,0,3,1,6,2,39,7,1991,2,9,6,1,6
2017010052007,1,9,0,18,0,8,0,0,0,0,1,1,6,3,-1,-1,1240,1,12,-1,-1,-1
2017010052009,1,9,0,9,0,8,0,0,0,0,1,1,6,2,63,9,973,1,15,5,1,5
2017010052010,1,9,0,5,0,2,0,0,3,0,1,1,6,1,46,8,1834,1,17,4,1,4
2017010052010,2,1,0,5,0,8,0,0,0,0,2,1,6,1,44,7,-1,-1,-1,-1,-1,-1
2017010052011,1,9,0,5,0,1,0,0,0,0,3,1,2,2,49,8,1339,1,10,2,1,2
2017010052011,2,9,0,16,0,1,0,0,0,0,4,1,6,1,56,9,1796,1,10,6,1,6
2017010052012,1,9,0,4,0,2,0,0,0,0,2,1,6,2,42,7,1685,2,1,8,1,8
2017010052012,2,9,0,4,0,2,0,0,0,0,1,1,6,1,21,5,998,1,7,10,1,10
2017010052013,1,9,0,7,0,1,0,0,0,0,4,1,6,1,30,6,1061,1,12,1,1,1
2017010052014,1,9,0,7,0,5,0,0,1,10,4,1,2,1,40,7,1390,1,15,6,1,6
2017010052014,2,9,0,18,0,1,0,0,1,10,1,1,6,2,53,8,1197,1,-1,2,1,2
2017010052015,1,1,0,17,0,2,0,0,7,0,0,1,2,1,39,7,-1,-1,-1,10,1,10
2017010052016,1,9,0,17,0,6,0,0,0,0,3,1,6,1,33,6,1339,1,9,3,1,3
2017010052016,2,4,0,16,0,8,0,0,0,0,1,1,6,1,28,6,1078,1,8,-1,-1,-1
2017010052017,1,19,0,18,0,0,0,0,0,0,1,1,2,1,67,10,2464,2,11,6,1,6
2017010052017,2,1,0,18,0,0,0,0,0,0,2,1,6,1,48,8,-1,-1,-1,3,1,3
2017010052018,1,2,5,18,0,1,0,0,0,0,1,1,6,1,19,4,108,1,9,3,1,3
2017010052020,1,9,0,4,0,2,0,0,0,0,2,1,6,1,44,7,1364,1,-1,5,1,5
2017010052020,2,9,0,4,0,2,0,0,0,0,1,1,6,3,-1,-1,1995,1,6,-1,-1,-1
2017010052022,1,19,0,1,0,1,0,0,0,0,2,2,1,1,31,6,2143,2,1,5,1,5
2017010052022,2,2,0,4,0,1,0,0,0,0,1,1,6,1,41,7,278,1,2,4,1,4
2017010052026,1,3,0,18,0,1,0,0,0,0,1,1,6,1,19,4,125,1,3,8,1,8
2017010052026,2,9,0,18,0,6,0,0,0,0,1,1,6,3,-1,-1,-1,-1,-1,-1,-1,-1
2017010052027,1,9,0,11,0,8,0,0,0,0,2,1,6,1,24,5,1124,1,17,4,1,4
2017010052027,2,19,0,18,0,8,1,0,0,0,1,1,1,1,43,7,-1,-1,-1,3,1,3
2017010052028,1,9,0,18,0,0,0,11,2,10,2,1,6,2,35,6,998,1,6,2,1,2
2017010052028,2,9,0,18,0,0,0,0,0,0,1,1,6,1,34,6,5204,1,1,1,1,1
2017010052031,1,9,0,5,0,0,0,0,0,0,2,1,2,1,34,6,1968,2,5,2,1,2
2017010052031,2,9,0,18,0,0,0,0,0,0,1,1,6,1,39,7,1595,1,15,3,1,3
2017010052032,1,3,0,9,0,2,0,0,0,0,1,1,2,1,31,6,124,1,9,5,1,5
2017010052034,1,9,0,18,0,0,0,0,0,0,1,1,6,2,43,7,1896,2,15,6,1,6