Accident_Index,Vehicle_Reference,Vehicle_Type,Towing_and_Articulation,Vehicle_Manoeuvre,Vehicle_Location-Restricted_Lane,Junction_Location,Skidding_and_Overturning,Hit_Object_in_Carriageway,Vehicle_Leaving_Carriageway,Hit_Object_off_Carriageway,1st_Point_of_Impact,Was_Vehicle_Left_Hand_Drive?,Journey_Purpose_of_Driver,Sex_of_Driver,Age_of_Driver,Age_Band_of_Driver,Engine_Capacity_(CC),Propulsion_Code,Age_of_Vehicle,Driver_IMD_Decile,Driver_Home_Area_Type,Vehicle_IMD_Decile
2017010052306,1,4,0,18,0,8,0,0,0,0,1,1,6,1,28,6,535,1,26,-1,-1,-1
2017010052306,2,9,0,9,0,1,0,0,0,0,3,1,6,1,52,8,1997,2,13,4,1,4
2017010052308,1,11,0,18,0,8,0,0,0,0,0,1,1,1,43,7,5132,2,-1,6,1,6
2017010052310,1,9,0,1,9,0,0,-1,-1,0,2,-1,6,3,-1,-1,-1,-1,-1,-1,-1,-1
2017010052311,1,9,0,9,0,8,0,0,0,0,3,1,6,1,22,5,1798,1,5,10,1,10
2017010052311,2,9,0,18,0,8,0,0,0,0,1,1,6,1,22,5,1200,1,1,2,1,2
2017010052312,1,9,0,3,0,1,0,0,0,0,2,1,6,1,31,6,1396,1,15,3,1,3
2017010052312,2,9,0,4,0,1,0,0,0,0,1,1,6,3,-1,-1,3628,2,8,-1,-1,-1
2017010052314,1,9,0,18,0,8,0,0,0,0,1,1,6,1,42,7,3387,1,10,2,1,2
2017010052314,2,9,0,18,0,1,0,0,0,0,4,1,6,1,57,9,1560,2,11,4,1,4
2017010052314,3,9,0,18,0,1,0,0,0,0,4,1,6,2,46,8,1497,8,2,2,1,2
2017010052314,4,9,0,2,9,1,0,0,0,0,1,1,6,3,-1,-1,1242,1,-1,-1,-1,-1
2017010052315,1,3,0,5,0,2,0,0,0,0,4,1,6,1,22,5,125,1,1,6,1,6
2017010052315,2,9,0,6,0,2,0,0,0,0,1,1,6,3,-1,-1,1596,1,10,-1,-1,-1
2017010052316,1,9,0,4,0,2,0,0,0,0,2,1,6,1,22,5,1995,2,6,2,1,2
2017010052316,2,4,0,4,0,2,0,0,0,0,1,1,6,1,22,5,124,1,5,6,1,6
2017010052318,1,9,0,5,0,6,0,0,0,0,4,1,6,1,63,9,1364,1,8,5,1,5
2017010052318,2,9,0,18,0,2,0,0,0,0,4,1,6,1,54,8,2926,2,13,2,1,2
2017010052320,1,9,0,3,0,1,0,4,0,0,2,1,6,1,22,5,1596,1,14,3,1,3
2017010052320,2,9,0,3,0,1,0,0,0,0,2,1,6,1,23,5,1798,1,15,6,1,6
2017010052320,3,9,0,5,0,1,0,0,0,0,1,1,6,1,18,4,1198,1,3,7,1,7
2017010052320,4,9,0,3,0,1,0,0,0,0,2,1,6,1,51,8,2996,1,9,-1,-1,-1
2017010052321,1,9,0,18,0,8,0,0,0,0,1,1,6,1,69,10,5439,1,16,7,1,7
2017010052321,2,3,0,8,0,8,0,0,0,0,2,1,6,1,25,5,124,1,16,3,1,3
2017010052322,1,11,0,4,0,1,0,0,0,0,0,1,1,1,58,9,6700,2,6,4,1,4
2017010052323,1,11,0,5,0,2,0,0,0,0,4,1,1,1,49,8,5100,2,2,2,1,2
2017010052323,2,9,0,5,0,2,0,0,0,0,3,1,6,1,45,7,-1,-1,-1,3,1,3
2017010052326,1,9,0,18,0,5,0,10,0,0,1,1,6,1,33,6,2993,2,1,5,1,5
2017010052329,1,9,0,9,0,1,0,0,0,0,2,1,6,1,35,6,1461,2,1,5,1,5
2017010052329,2,5,0,15,0,8,1,0,0,0,1,1,6,1,35,6,-1,-1,-1,3,1,3
2017010052330,1,11,0,18,3,1,0,0,0,0,0,1,1,1,51,8,9360,2,7,2,1,2
2017010052331,1,9,0,9,0,1,0,0,0,0,3,1,6,2,28,6,1598,2,5,7,1,7
2017010052331,2,3,0,18,0,2,0,0,0,0,1,1,6,1,30,6,125,1,3,-1,-1,-1
2017010052332,1,3,0,18,0,2,0,0,0,0,3,1,6,1,35,6,108,1,4,4,1,4
2017010052333,1,9,0,9,0,7,0,0,0,0,4,1,6,1,32,6,1296,1,11,-1,-1,-1
2017010052333,2,3,0,18,0,1,0,0,0,0,1,1,6,1,38,7,-1,-1,-1,5,1,5
2017010052336,1,1,0,18,0,0,0,0,0,0,3,1,6,1,30,6,-1,-1,-1,8,1,8
2017010052336,2,19,0,13,0,0,0,0,0,0,4,-1,6,3,-1,-1,2148,2,12,-1,-1,-1
2017010052338,1,1,0,18,0,1,0,0,0,0,1,1,6,1,29,6,-1,-1,-1,10,3,10
2017010052339,1,1,-1,-1,-1,-1,-1,-1,-1,-1,-1,1,6,2,27,6,-1,-1,-1,3,1,3
2017010052339,2,9,-1,-1,-1,-1,-1,-1,-1,-1,-1,-1,6,1,-1,-1,1598,1,13,9,1,9
2017010052349,1,1,-1,-1,-1,-1,-1,-1,-1,-1,-1,1,6,1,27,6,-1,-1,-1,2,1,2
2017010052349,2,9,-1,-1,-1,-1,-1,-1,-1,-1,-1,-1,6,1,23,5,1496,2,1,2,1,2
2017010052352,1,9,0,9,0,8,0,0,0,0,1,1,2,2,54,8,1598,1,3,1,1,1
2017010052352,2,19,0,18,0,8,0,0,0,0,1,1,1,1,47,8,1560,2,5,1,1,1
2017010052357,1,9,0,7,-1,-1,0,-1,-1,-1,1,-1,6,1,-1,-1,1598,1,15,-1,-1,-1
2017010052358,1,9,0,3,0,1,0,0,0,0,2,1,6,1,50,8,4293,1,13,-1,-1,-1
2017010052358,2,9,0,9,0,1,0,0,0,0,1,1,6,3,-1,-1,5998,1,6,-1,-1,-1
2017010052363,1,9,0,18,0,1,0,0,0,0,3,1,6,2,52,8,1995,1,10,2,1,2
2017010052363,2,9,0,13,0,1,0,0,0,0,4,1,6,1,-1,-1,-1,-1,-1,-1,-1,-1
2017010052366,1,9,-1,1,9,0,-1,-1,-1,-1,-1,-1,6,2,-1,-1,1968,2,9,-1,-1,-1
2017010052368,1,9,0,18,0,0,0,0,0,0,2,-1,6,1,57,9,1598,2,7,2,1,2
2017010052368,2,9,0,18,0,0,0,0,0,0,1,-1,6,3,-1,-1,998,1,11,-1,-1,-1
2017010052373,1,9,0,7,0,1,0,0,0,0,-1,-1,6,1,-1,-1,1598,2,6,-1,-1,-1
2017010052373,2,1,0,18,0,1,0,0,0,0,1,1,6,1,29,6,-1,-1,-1,9,1,9
2017010052382,1,9,0,17,0,4,0,0,0,0,3,1,6,2,23,5,1124,1,12,3,1,3
2017010052382,2,9,0,17,0,3,0,0,0,0,1,1,6,2,77,11,998,1,6,10,1,10
2017010052385,1,11,0,4,0,1,0,0,0,0,0,1,1,1,49,8,-1,-1,-1,2,1,2
2017010052387,1,1,-1,18,-1,0,-1,0,0,0,-1,1,6,1,44,7,-1,-1,-1,3,1,3
2017010052388,1,9,0,7,0,6,0,0,0,0,3,1,2,2,22,5,1198,1,6,1,1,1
2017010052388,2,5,0,18,0,1,5,0,0,0,1,1,2,1,40,7,-1,-1,-1,6,3,6
2017010052395,1,9,0,3,0,1,0,0,0,0,0,1,1,1,23,5,1995,2,11,7,1,7
2017010052395,2,1,0,18,0,1,0,0,3,10,0,1,6,2,83,11,-1,-1,-1,3,1,3
2017010052396,1,11,0,5,0,1,0,0,0,0,0,1,1,1,38,7,4500,2,-1,2,1,2
2017010052397,1,5,0,16,0,0,0,0,0,0,1,1,6,1,60,9,798,1,2,7,1,7
2017010052397,2,1,0,16,0,0,0,0,0,0,1,1,6,1,-1,-1,-1,-1,-1,3,1,3
2017010052398,1,9,0,18,0,1,0,0,0,0,2,-1,6,1,73,10,1364,2,9,5,1,5
2017010052398,2,9,0,18,0,1,0,0,0,0,1,1,6,1,-1,-1,998,1,1,-1,-1,-1
2017010052403,1,9,0,3,0,0,0,0,0,0,3,1,3,2,33,6,1998,1,11,3,1,3
2017010052403,2,9,0,1,0,0,0,0,0,0,2,1,6,2,-1,-1,1197,1,1,-1,-1,-1
2017010052406,1,3,0,18,0,1,5,0,0,0,3,1,1,1,30,6,125,1,-1,4,1,4
2017010052406,2,9,0,13,0,5,0,-1,0,0,4,1,6,1,27,6,2000,2,6,2,1,2
2017010052408,1,11,0,5,0,2,0,0,0,0,0,1,1,1,57,9,9000,2,8,-1,-1,-1
2017010052408,2,9,0,18,0,1,0,0,0,0,0,1,6,3,-1,-1,-1,-1,-1,-1,-1,-1
2017010052414,1,9,0,18,0,0,0,-1,-1,-1,-1,-1,6,1,32,6,1595,1,-1,5,1,5
2017010052417,1,9,0,18,0,1,0,0,0,0,4,1,6,1,44,7,1497,8,10,2,1,2
2017010052417,2,9,0,18,0,1,0,0,0,0,3,1,6,2,-1,-1,1995,2,3,-1,-1,-1
2017010052418,1,9,0,3,0,1,0,0,0,0,1,1,6,2,33,6,1386,1,13,5,1,5
2017010052418,2,19,0,18,0,1,0,0,0,0,2,1,1,1,48,8,1560,2,3,3,1,3
2017010052425,1,9,0,10,0,6,0,0,0,0,4,1,6,1,54,8,1596,1,11,6,1,6
2017010052427,1,9,0,18,-1,0,0,0,0,0,2,1,6,2,39,7,1598,1,8,6,1,6
2017010052427,2,9,0,18,0,0,0,0,0,0,1,1,6,3,-1,-1,2993,2,5,-1,-1,-1
2017010052428,1,9,0,18,0,1,0,-1,0,0,1,1,6,1,27,6,-1,-1,-1,5,1,5
2017010052428,2,1,0,18,0,1,0,0,0,0,-1,1,6,2,-1,-1,-1,-1,-1,-1,-1,-1
2017010052432,1,1,0,18,0,0,0,0,0,0,1,1,6,1,41,7,-1,-1,-1,10,1,10
2017010052432,2,19,0,-1,0,0,0,0,0,0,1,-1,6,1,-1,-1,4500,2,-1,3,3,3
2017010052434,1,9,-1,18,0,1,-1,0,0,0,2,-1,6,1,37,7,1968,2,1,7,1,7
2017010052434,2,9,-1,18,0,1,-1,0,0,0,1,-1,6,1,-1,-1,-1,-1,-1,-1,-1,-1
2017010052437,1,19,0,18,0,1,0,0,0,0,0,1,1,1,24,5,2143,2,2,7,1,7
2017010052440,1,3,0,18,0,1,0,0,0,0,1,1,6,1,30,6,-1,-1,-1,4,1,4
2017010052440,2,9,0,-1,0,1,0,0,0,0,1,-1,6,1,-1,-1,1956,2,2,2,1,2
2017010052443,1,1,0,18,0,8,1,0,0,0,1,1,6,1,33,6,-1,-1,-1,3,1,3
2017010052445,1,9,0,10,0,1,0,0,0,0,2,-1,6,1,27,6,1999,1,-1,-1,-1,-1
2017010052445,2,9,0,18,0,1,0,0,0,0,1,-1,6,2,-1,-1,1896,2,14,-1,-1,-1
2017010052446,1,11,0,3,0,1,0,0,0,0,0,1,1,1,50,8,-1,-1,-1,5,1,5
2017010052455,1,9,0,5,0,6,0,0,0,0,1,1,6,2,43,7,1398,1,6,6,1,6
2017010052457,1,19,0,18,0,2,0,0,0,0,3,1,1,1,40,7,2198,2,5,3,1,3
2017010052459,1,9,0,8,0,1,0,0,0,0,2,-1,6,2,67,10,998,1,8,8,1,8
2017010052459,2,9,0,18,0,1,-1,0,0,0,1,-1,6,1,-1,-1,1560,2,6,7,3,7
2017010052463,1,9,0,3,0,0,0,0,0,0,2,-1,6,1,45,7,2996,1,6,-1,-1,-1
2017010052463,2,1,-1,18,0,0,-1,0,0,0,1,1,6,1,-1,-1,-1,-1,-1,8,1,8
2017010052465,1,19,0,18,0,0,0,0,0,0,4,1,6,3,-1,-1,-1,-1,-1,-1,-1,-1
2017010052467,1,9,0,4,0,1,0,0,0,0,3,1,6,1,40,7,2494,1,15,5,1,5
2017010052467,2,3,0,15,0,1,0,4,0,0,4,1,6,1,25,5,125,1,5,3,1,3
2017010052470,1,9,0,11,0,0,5,0,0,0,2,1,6,1,-1,-1,1596,1,2,-1,-1,-1
2017010052470,2,9,0,11,0,0,0,0,0,0,2,1,6,1,27,6,1973,1,16,2,1,2
2017010052470,3,9,0,18,0,0,0,0,0,0,2,1,6,2,46,8,1598,1,7,2,1,2
2017010052471,1,11,0,18,0,0,0,0,0,0,0,1,1,1,-1,-1,7300,2,13,-1,-1,-1
2017010052474,1,9,0,4,0,0,0,0,0,0,2,1,2,1,45,7,1598,1,8,2,1,2
2017010052474,2,5,0,18,0,0,0,0,0,0,1,1,1,1,52,8,649,1,1,6,3,6
2017010052476,1,9,0,7,0,1,0,0,0,0,1,1,6,1,67,10,1339,1,11,1,1,1
2017010052476,2,3,0,9,0,1,1,0,0,0,3,1,6,1,19,4,599,1,14,1,1,1
2017010052478,1,9,0,3,0,1,0,0,0,0,2,1,1,1,29,6,1968,2,3,10,1,10
2017010052478,2,9,0,3,0,1,0,0,0,0,2,1,6,1,40,7,2191,2,4,3,1,3
2017010052478,3,9,0,18,0,1,0,0,0,0,1,1,6,1,40,7,-1,-1,-1,5,1,5
2017010052479,1,9,0,4,0,8,0,0,0,0,4,1,1,1,49,8,1560,2,4,3,1,3
2017010052480,1,5,0,4,0,1,0,0,0,0,1,1,6,1,37,7,745,1,3,10,2,10
2017010052481,1,21,1,4,0,0,0,0,0,0,1,1,1,1,65,9,11967,2,4,6,1,6
2017010052481,2,19,0,4,0,0,0,0,0,0,2,1,1,1,59,9,-1,3,2,2,1,2
2017010052481,3,8,0,4,0,0,0,0,0,0,2,1,1,1,50,8,1497,8,8,4,1,4
2017010052482,1,90,0,18,0,8,0,0,0,0,4,1,1,1,36,7,-1,-1,-1,2,1,2
2017010052482,2,1,0,9,0,5,0,0,0,0,3,1,2,1,22,5,-1,-1,-1,1,1,1
2017010052483,1,3,0,18,9,0,0,0,0,0,1,1,6,3,-1,-1,-1,-1,-1,-1,-1,-1
2017010052484,1,19,0,9,0,2,0,0,0,0,3,1,6,1,42,7,1998,2,13,3,1,3
2017010052484,2,3,0,13,0,2,0,0,0,0,1,1,1,1,28,6,108,1,1,3,1,3
2017010052485,1,9,0,1,9,6,0,0,0,0,2,1,6,2,27,6,-1,-1,-1,-1,-1,-1
2017010052487,1,19,0,9,0,2,0,0,0,0,1,1,6,3,-1,-1,1499,2,1,-1,-1,-1
2017010052488,1,9,0,4,0,1,0,0,0,0,2,1,6,2,22,5,1229,1,2,3,1,3
2017010052488,2,9,0,4,0,1,0,0,0,0,1,1,6,2,19,4,1240,1,13,4,1,4
2017010052489,1,9,0,10,0,1,0,0,0,0,1,1,6,2,43,7,-1,-1,-1,3,1,3
2017010052489,2,1,0,18,0,1,0,0,0,0,1,1,2,1,34,6,-1,-1,-1,3,1,3
2017010052489,3,9,0,3,0,1,0,0,0,0,0,1,1,1,37,7,1997,2,3,2,1,2
2017010052490,1,9,0,18,0,2,0,0,0,0,1,1,6,1,21,5,1595,1,4,2,1,2
2017010052490,2,9,0,6,0,2,1,0,0,0,1,1,6,1,42,7,999,1,1,2,1,2
2017010052491,1,9,0,9,0,6,0,0,0,0,2,1,6,2,43,7,1582,2,9,3,1,3
2017010052491,2,1,0,9,0,5,0,0,0,0,2,1,6,1,25,5,-1,-1,-1,4,1,4
2017010052492,1,3,0,18,0,1,0,0,0,0,1,1,2,1,34,6,124,1,15,5,1,5
2017010052492,2,9,0,9,0,1,0,0,0,0,3,1,6,1,33,6,1997,1,5,7,1,7
2017010052493,1,8,0,4,0,2,0,0,0,0,2,1,1,1,36,7,1997,2,4,2,1,2
2017010052493,2,9,0,4,0,1,0,0,0,0,1,1,2,1,60,9,1598,1,5,7,1,7
2017010052494,1,9,0,9,0,8,0,0,0,0,4,1,1,1,21,5,1898,1,17,3,1,3
2017010052494,2,5,0,18,0,8,0,0,0,0,1,1,6,1,68,10,583,1,23,3,1,3
2017010052496,1,9,0,6,0,2,0,0,0,0,4,1,6,2,31,6,1368,1,7,6,1,6
2017010052496,2,5,0,18,0,1,5,0,0,0,1,1,6,1,57,9,999,1,5,5,1,5
2017010052497,1,9,0,3,0,1,0,0,0,0,2,1,6,1,32,6,-1,-1,-1,1,1,1
2017010052497,2,9,0,4,0,1,0,4,0,0,1,1,6,1,31,6,1968,2,6,3,1,3
2017010052498,1,3,0,15,0,5,0,0,0,0,4,1,2,1,27,6,125,1,6,3,1,3
2017010052498,2,3,0,9,0,5,0,0,0,0,3,1,6,3,-1,-1,125,1,5,-1,-1,-1
2017010052499,1,3,0,4,0,1,0,11,0,0,1,1,2,1,32,6,124,1,4,8,1,8
2017010052500,1,9,0,9,0,1,0,0,0,0,1,1,2,1,64,9,1339,1,6,5,1,5
2017010052500,2,3,0,18,0,1,0,0,0,0,1,1,2,1,45,7,125,1,-1,1,1,1
2017010052502,1,9,0,18,0,6,0,0,3,0,1,1,2,1,53,8,1596,1,14,5,1,5
2017010052502,2,1,0,18,0,8,0,0,2,2,2,1,6,1,19,4,-1,-1,-1,-1,-1,-1
2017010052506,1,9,0,7,0,5,0,0,0,0,3,1,6,1,23,5,1596,1,12,3,1,3
2017010052506,2,9,0,18,0,1,0,0,0,0,4,1,6,1,19,4,1984,1,3,2,1,2
2017010052510,1,1,-1,18,0,-1,-1,-1,-1,-1,-1,1,6,2,35,6,-1,-1,-1,-1,-1,-1
2017010052510,2,9,-1,-1,0,-1,-1,-1,-1,-1,-1,-1,6,2,-1,-1,1124,1,15,-1,-1,-1
2017010052511,1,9,0,18,0,0,0,0,0,0,4,-1,6,1,39,7,1598,1,1,1,1,1
2017010052511,2,9,-1,18,0,0,-1,0,0,0,4,-1,6,1,59,9,1461,2,-1,3,1,3
2017010052513,1,9,0,18,0,8,1,0,0,0,4,-1,6,1,31,6,1998,2,11,1,1,1
2017010052513,2,9,0,18,0,6,-1,-1,0,0,1,-1,6,3,-1,-1,1598,1,10,-1,-1,-1
2017010052514,1,9,-1,-1,0,0,-1,-1,-1,-1,-1,-1,6,2,21,5,1349,1,10,8,1,8
2017010052514,2,9,-1,-1,0,0,-1,-1,-1,-1,-1,-1,6,1,34,6,1390,1,11,5,1,5
2017010052524,1,1,0,18,0,0,0,0,0,0,2,1,6,1,26,6,-1,-1,-1,-1,-1,-1
2017010052524,2,9,0,-1,0,0,0,0,0,0,4,1,6,1,39,7,1598,2,-1,1,1,1
2017010052525,1,9,0,4,0,1,0,0,0,0,4,1,2,1,37,7,1398,2,14,4,1,4
2017010052525,2,1,0,18,9,1,1,0,0,0,1,1,6,1,35,6,-1,-1,-1,4,1,4
2017010052526,1,1,-1,-1,-1,-1,-1,-1,-1,-1,-1,1,6,1,-1,-1,-1,-1,-1,-1,-1,-1
2017010052538,1,5,0,18,0,8,0,0,0,0,3,1,6,1,44,7,1250,1,9,-1,-1,-1
2017010052538,2,9,0,18,0,8,0,0,0,0,4,1,6,1,20,4,1229,1,7,3,1,3
2017010052538,3,9,0,2,0,1,0,0,0,0,3,1,6,3,-1,-1,1968,2,4,-1,-1,-1
2017010052544,1,9,0,9,0,1,0,0,0,0,3,1,6,1,41,7,1582,2,1,-1,-1,-1
2017010052544,2,3,0,18,0,1,0,0,0,0,1,1,2,1,37,7,125,1,1,3,1,3
2017010052550,1,9,0,9,0,1,0,0,0,0,2,1,6,1,20,4,1198,1,7,3,1,3
2017010052550,2,9,0,7,0,1,0,0,0,0,1,1,6,1,-1,-1,647,8,2,-1,-1,-1
2017010052556,1,9,0,5,0,8,0,0,0,0,4,1,6,2,35,6,1560,2,6,5,1,5
2017010052556,2,9,0,18,0,8,-1,0,0,0,3,1,6,1,-1,-1,1999,1,9,-1,-1,-1
2017010052558,1,5,0,18,0,8,0,0,0,0,4,1,6,1,32,6,1299,1,15,-1,-1,-1
2017010052560,1,9,-1,18,0,1,0,0,0,0,4,-1,6,1,51,8,1998,1,15,3,1,3
2017010052561,1,9,0,18,0,1,-1,0,0,0,2,-1,6,2,41,7,1598,2,1,5,1,5
2017010052561,2,9,0,18,0,1,-1,0,0,0,1,-1,6,1,-1,-1,1596,1,11,2,1,2
2017010052564,1,9,0,-1,0,1,0,0,0,0,1,1,6,3,-1,-1,-1,-1,-1,-1,-1,-1
2017010052565,1,9,-1,-1,-1,-1,-1,-1,-1,-1,-1,-1,6,2,26,6,1499,1,3,2,1,2
2017010052565,2,9,-1,-1,-1,-1,-1,-1,-1,-1,1,-1,6,1,-1,-1,1560,2,8,3,1,3
2017010052567,1,9,0,18,0,0,0,0,0,0,1,1,6,2,30,6,1796,1,5,7,1,7
2017010052567,2,19,0,2,0,0,0,0,0,0,2,1,6,3,-1,-1,-1,-1,-1,-1,-1,-1
2017010052570,1,9,0,4,0,0,0,0,0,0,2,-1,6,1,19,4,2143,2,4,6,1,6
2017010052570,2,9,0,18,0,0,0,0,0,0,1,-1,6,3,-1,-1,1995,2,5,-1,-1,-1
2017010052575,1,9,0,18,0,0,0,0,0,0,2,-1,6,1,31,6,1598,1,4,4,1,4
2017010052577,1,1,0,18,4,1,0,0,0,0,1,1,6,1,39,7,-1,-1,-1,9,1,9
2017010052577,2,19,0,7,0,1,0,0,0,0,4,-1,6,3,-1,-1,1998,2,15,-1,-1,-1
2017010052578,1,19,0,18,0,1,0,0,0,0,1,-1,6,1,-1,-1,1560,2,3,-1,-1,-1
2017010052580,1,1,0,-1,0,1,0,0,0,0,0,1,6,1,56,9,-1,-1,-1,4,1,4
2017010052583,1,2,-1,3,-1,0,-1,0,-1,0,-1,1,6,1,35,6,49,1,2,5,1,5
2017010052584,1,1,-1,18,-1,1,-1,0,0,0,1,1,6,1,46,8,-1,-1,-1,9,1,9
2017010052586,1,1,0,18,0,8,0,0,0,0,1,1,6,1,50,8,-1,-1,-1,4,1,4
2017010052592,1,9,-1,3,-1,1,-1,0,0,0,2,-1,6,2,30,6,2143,2,-1,6,1,6
2017010052592,2,9,-1,18,0,1,0,0,0,0,1,-1,6,1,-1,-1,-1,-1,-1,-1,-1,-1
2017010052594,1,9,-1,18,0,8,0,0,0,0,4,-1,6,1,35,6,1797,8,5,-1,-1,-1
2017010052594,2,19,-1,15,0,8,0,0,0,0,3,-1,6,3,-1,-1,2143,2,1,-1,-1,-1
2017010052599,1,9,0,7,0,1,0,0,0,0,1,1,2,2,57,9,1229,1,12,7,1,7
2017010052599,2,9,0,18,0,1,0,0,0,0,1,1,2,2,63,9,1149,1,10,3,1,3
2017010052600,1,1,0,18,0,0,0,-1,0,0,-1,1,6,2,-1,-1,-1,-1,-1,-1,-1,-1
2017010052600,2,1,0,18,0,0,2,0,0,0,0,1,2,2,40,7,-1,-1,-1,9,1,9
2017010052601,1,5,-1,18,-1,1,-1,0,0,0,1,1,6,1,43,7,1200,1,10,7,1,7
2017010052606,1,1,0,18,0,8,0,0,0,0,3,1,6,1,51,8,-1,-1,-1,3,1,3
2017010052606,2,19,0,18,0,1,0,0,0,0,1,-1,6,1,47,8,2402,2,14,6,1,6
2017010052608,1,9,0,18,0,1,0,7,0,0,3,1,1,1,32,6,-1,-1,-1,1,1,1
2017010052608,2,9,0,18,0,1,0,0,0,0,1,1,6,2,72,10,998,1,7,1,1,1
2017010052615,1,2,0,18,0,0,0,0,0,0,1,1,6,1,47,8,49,1,18,4,1,4
2017010052615,2,9,0,5,8,0,0,0,0,0,3,1,1,1,60,9,1560,2,3,8,1,8
2017010052617,1,11,0,5,2,0,0,0,0,0,0,1,1,2,51,8,5132,2,2,2,1,2
2017010052620,1,9,0,10,0,8,0,0,0,0,3,1,2,1,41,7,1124,1,12,3,1,3
2017010052620,2,9,0,18,0,1,0,0,0,0,4,1,2,1,21,5,1364,1,11,4,1,4
2017010052623,1,9,0,17,0,1,0,0,0,0,4,1,6,2,54,8,1997,2,9,2,1,2
2017010052623,2,9,0,7,0,6,0,0,0,0,1,1,6,3,-1,-1,1998,1,14,-1,-1,-1
2017010052627,1,11,0,3,0,1,0,0,0,0,0,1,1,1,44,7,4500,2,2,-1,-1,-1
2017010052631,1,9,-1,-1,-1,-1,-1,-1,-1,-1,-1,-1,6,1,49,8,-1,-1,-1,1,1,1
2017010052631,2,9,-1,-1,-1,-1,-1,-1,-1,-1,-1,-1,6,1,-1,-1,1364,1,-1,-1,-1,-1
2017010052632,1,11,0,18,3,0,0,0,0,0,1,1,6,3,-1,-1,-1,-1,-1,-1,-1,-1
2017010052637,1,11,0,5,3,1,0,0,0,0,0,1,1,1,48,8,4500,2,6,-1,-1,-1
2017010052642,1,9,0,9,0,5,0,0,0,0,3,-1,6,1,49,8,2000,2,6,-1,-1,-1
2017010052642,2,3,0,13,0,1,2,0,0,0,1,1,6,1,-1,-1,125,1,12,-1,-1,-1
2017010052643,1,9,0,18,-1,-1,0,0,0,0,-1,1,6,1,25,5,1149,1,12,1,1,1
2017010052648,1,9,0,18,0,3,1,0,0,0,3,1,6,1,21,5,1242,1,4,4,1,4
2017010052648,2,9,0,13,0,3,0,0,0,0,2,1,6,3,-1,-1,2231,2,10,-1,-1,-1
2017010052653,1,9,0,1,0,-1,0,0,-1,0,2,-1,6,3,-1,-1,-1,-1,-1,-1,-1,-1
2017010052661,1,11,0,18,2,1,0,0,0,0,0,1,1,1,36,7,7300,2,12,5,1,5
2017010052661,2,19,0,18,2,1,0,0,0,0,0,1,6,3,-1,-1,-1,-1,-1,-1,-1,-1
2017010052667,1,1,0,18,0,1,0,0,0,0,1,1,6,1,51,8,-1,-1,-1,9,1,9
2017010052667,2,9,0,18,0,1,0,0,0,0,3,-1,6,3,-1,-1,1229,1,11,-1,-1,-1
2017010052668,1,9,0,18,0,-1,0,0,0,0,3,1,6,1,37,7,1951,2,11,7,1,7
2017010052668,2,19,0,-1,0,-1,0,0,0,0,-1,1,6,3,-1,-1,2402,2,8,-1,-1,-1
2017010052674,1,9,-1,3,0,0,-1,0,0,0,3,-1,6,2,50,8,998,1,3,7,1,7
2017010052674,2,1,-1,18,0,0,-1,0,0,0,1,1,6,2,-1,-1,-1,-1,-1,-1,-1,-1
2017010052675,1,19,0,4,0,8,1,0,0,0,1,1,6,1,-1,-1,2198,2,8,-1,-1,-1
2017010052675,2,9,0,3,0,8,0,0,0,0,2,1,6,2,18,4,1364,2,3,2,1,2
2017010052676,1,19,-1,17,0,-1,-1,-1,0,0,1,-1,6,3,-1,-1,-1,-1,-1,-1,-1,-1
2017010052676,2,1,0,17,0,-1,1,0,-1,-1,2,1,6,2,30,6,-1,-1,-1,1,1,1
2017010052682,1,11,0,4,2,1,0,0,0,0,0,1,1,1,58,9,-1,-1,-1,8,1,8
2017010052689,1,9,0,18,0,1,0,0,0,0,1,-1,6,2,44,7,1582,2,2,-1,-1,-1
2017010052696,1,19,0,9,0,8,0,0,0,0,4,1,1,1,42,7,1598,2,2,4,1,4
2017010052696,2,4,0,18,0,1,1,0,0,0,1,1,6,1,31,6,125,1,1,3,1,3
2017010052697,1,9,0,18,0,0,0,0,0,0,1,1,6,1,21,5,1999,1,15,7,1,7
2017010052697,2,9,0,18,0,0,0,0,0,0,2,1,2,1,36,7,-1,-1,-1,4,1,4
2017010052697,3,9,0,18,0,0,0,0,0,0,2,1,2,2,64,9,1598,1,4,10,1,10
2017010052698,1,9,0,3,0,1,0,0,0,0,2,-1,6,2,28,6,1242,1,9,7,1,7
2017010052698,2,9,-1,18,0,1,0,0,0,0,1,-1,6,3,-1,-1,1796,1,11,-1,-1,-1
2017010052701,1,2,0,14,0,1,0,0,0,0,1,1,2,1,35,6,108,1,3,3,1,3
2017010052701,2,9,0,9,0,6,0,0,0,0,3,1,6,1,77,11,1796,1,14,6,1,6
2017010052702,1,19,0,1,9,0,0,0,0,0,2,1,6,1,16,4,-1,-1,-1,-1,-1,-1
2017010052703,1,9,0,18,0,8,2,7,1,10,1,1,6,1,31,6,1988,1,19,5,1,5
2017010052705,1,9,0,3,0,2,0,0,0,0,4,1,6,2,58,9,2902,2,13,5,1,5
2017010052705,2,1,0,4,4,1,0,0,0,0,3,1,6,1,21,5,-1,-1,-1,8,1,8
2017010052706,1,3,0,4,0,8,0,0,0,0,1,1,2,1,19,4,125,1,-1,2,1,2
2017010052707,1,9,0,9,0,2,0,0,0,0,1,1,6,1,44,7,1798,8,4,2,1,2
2017010052707,2,3,0,13,0,8,0,0,0,0,4,1,6,1,59,9,124,1,6,3,1,3