Accident_Index,Vehicle_Reference,Vehicle_Type,Towing_and_Articulation,Vehicle_Manoeuvre,Vehicle_Location-Restricted_Lane,Junction_Location,Skidding_and_Overturning,Hit_Object_in_Carriageway,Vehicle_Leaving_Carriageway,Hit_Object_off_Carriageway,1st_Point_of_Impact,Was_Vehicle_Left_Hand_Drive?,Journey_Purpose_of_Driver,Sex_of_Driver,Age_of_Driver,Age_Band_of_Driver,Engine_Capacity_(CC),Propulsion_Code,Age_of_Vehicle,Driver_IMD_Decile,Driver_Home_Area_Type,Vehicle_IMD_Decile
2017010053803,1,9,0,18,0,1,1,0,0,0,1,2,6,1,39,7,1332,1,20,4,1,4
2017010053805,1,9,0,18,0,8,0,0,0,0,1,1,1,1,24,5,-1,-1,-1,8,1,8
2017010053805,2,1,0,9,0,8,0,0,0,0,1,1,1,1,26,6,-1,-1,-1,3,1,3
2017010053809,1,1,-1,18,0,1,-1,0,0,0,2,1,6,1,34,6,-1,-1,-1,3,1,3
2017010053809,2,9,-1,18,0,1,-1,0,0,0,1,-1,6,1,22,5,1598,1,11,3,1,3
2017010053812,1,9,0,-1,0,0,0,0,0,0,2,-1,6,2,56,9,1686,2,6,1,1,1
2017010053812,2,9,0,-1,0,0,0,0,0,0,1,-1,6,2,-1,-1,2204,2,9,5,1,5
2017010053816,1,1,0,18,0,1,0,0,0,0,1,1,2,1,22,5,-1,-1,-1,1,1,1
2017010053816,2,9,0,18,0,1,0,0,0,0,1,-1,6,1,-1,-1,1998,2,11,1,1,1
2017010053819,1,3,0,18,2,5,0,0,0,0,1,1,2,1,48,8,278,1,-1,5,1,5
2017010053830,1,9,0,5,0,1,0,0,0,0,0,1,1,1,42,7,2979,1,13,-1,-1,-1
2017010053830,2,1,0,15,0,1,0,0,0,0,1,1,2,1,67,10,-1,-1,-1,9,1,9
2017010053830,3,1,0,15,0,1,0,0,0,0,4,1,2,1,28,6,-1,-1,-1,10,1,10
2017010053832,1,9,0,9,0,8,0,0,0,0,3,1,6,1,20,4,-1,-1,-1,5,1,5
2017010053832,2,3,0,13,0,1,2,0,0,0,1,1,2,1,23,5,125,1,5,7,1,7
2017010053834,1,9,0,18,0,2,0,0,0,0,4,1,6,3,-1,-1,-1,-1,-1,-1,-1,-1
2017010053838,1,9,0,9,0,2,0,0,0,0,0,1,6,3,-1,-1,-1,-1,-1,-1,-1,-1
2017010053838,2,3,0,18,0,1,0,0,1,1,1,1,2,1,48,8,125,1,-1,5,1,5
2017010053839,1,9,0,10,0,1,0,0,0,0,2,-1,6,1,33,6,2143,2,5,4,1,4
2017010053839,2,9,0,18,0,1,0,0,0,0,1,-1,6,2,20,4,1199,1,15,-1,-1,-1
2017010053842,1,9,0,9,0,5,0,0,0,0,1,1,6,1,40,7,1995,2,7,4,1,4
2017010053842,2,1,0,18,0,8,5,0,0,0,1,1,2,1,45,7,-1,-1,-1,8,1,8
2017010053844,1,9,0,4,0,3,0,0,0,0,2,1,6,2,31,6,1998,1,8,-1,-1,-1
2017010053844,2,9,0,18,0,3,0,0,0,0,1,1,6,2,-1,-1,1999,1,10,-1,-1,-1
2017010053846,1,9,0,9,0,5,0,0,0,0,3,1,6,1,37,7,1461,2,5,9,1,9
2017010053846,2,5,0,13,0,1,0,0,0,0,1,1,6,1,24,5,689,1,2,5,1,5
2017010053848,1,9,0,-1,0,0,0,-1,0,0,2,-1,6,2,55,8,1242,1,-1,3,1,3
2017010053848,2,9,0,-1,0,0,0,-1,0,0,1,-1,6,1,-1,-1,1339,1,15,3,1,3
2017010053853,1,19,0,7,0,8,0,0,0,0,1,-1,1,1,63,9,1997,2,12,5,3,5
2017010053856,1,9,0,7,0,5,0,0,0,0,4,1,6,1,46,8,1999,1,5,8,1,8
2017010053856,2,1,0,18,2,1,0,0,0,0,1,1,2,2,31,6,-1,-1,-1,5,1,5
2017010053860,1,90,0,7,0,1,0,0,0,0,4,1,1,1,52,8,-1,-1,-1,6,1,6
2017010053860,2,1,0,18,4,1,0,0,0,0,1,1,6,1,34,6,-1,-1,-1,4,1,4
2017010053861,1,9,0,9,0,5,0,0,0,0,3,1,6,1,41,7,1998,1,15,3,1,3
2017010053861,2,1,0,18,0,8,2,0,0,0,1,1,6,1,43,7,-1,-1,-1,6,1,6
2017010053864,1,19,0,10,0,2,0,0,0,0,2,1,6,1,64,9,1995,2,10,2,1,2
2017010053864,2,90,0,18,0,1,0,0,0,0,1,1,1,1,34,6,6370,2,5,3,1,3
2017010053868,1,3,0,18,0,1,0,0,0,0,1,1,6,1,18,4,124,1,4,6,1,6
2017010053868,2,21,0,2,0,1,0,0,0,0,2,1,6,3,-1,-1,4250,2,10,-1,-1,-1
2017010053869,1,9,0,-1,0,0,0,0,0,0,3,-1,6,1,38,7,1950,2,1,-1,-1,-1
2017010053869,2,9,0,-1,0,0,0,-1,0,0,1,-1,6,3,-1,-1,1984,1,1,-1,-1,-1
2017010053870,1,9,0,18,0,1,0,0,0,0,1,-1,6,3,-1,-1,-1,-1,-1,-1,-1,-1
2017010053871,1,3,0,14,0,0,0,0,0,0,4,1,2,1,31,6,-1,-1,-1,5,1,5
2017010053871,2,9,0,9,0,0,0,0,0,0,3,1,2,1,19,4,1198,1,14,2,1,2
2017010053874,1,8,0,18,0,2,0,0,0,0,1,1,1,1,50,8,1995,2,5,6,1,6
2017010053879,1,9,0,18,0,0,5,4,0,0,1,1,1,1,31,6,1968,2,4,3,1,3
2017010053879,2,8,0,2,0,0,0,0,0,0,2,1,6,3,-1,-1,1797,8,6,-1,-1,-1
2017010053881,1,19,0,10,0,1,0,0,0,0,1,2,6,1,39,7,1968,2,1,10,1,10
2017010053882,1,9,0,9,0,8,0,0,0,0,4,1,6,1,73,10,1390,1,7,1,1,1
2017010053882,2,9,0,18,0,1,0,0,0,0,1,1,6,2,30,6,1198,1,6,5,1,5
2017010053883,1,1,-1,18,-1,-1,-1,-1,-1,-1,-1,1,6,2,50,8,-1,-1,-1,2,1,2
2017010053889,1,1,0,18,0,1,0,0,0,0,2,1,2,1,43,7,-1,-1,-1,10,1,10
2017010053889,2,9,-1,18,0,1,0,0,0,0,1,-1,6,1,-1,-1,-1,-1,-1,-1,-1,-1
2017010053893,1,5,0,18,0,8,1,0,0,0,4,1,6,1,27,6,689,1,-1,7,1,7
2017010053893,2,9,0,5,0,8,0,0,0,0,1,-1,1,1,-1,-1,1390,1,15,7,1,7
2017010053899,1,3,0,18,0,8,0,0,0,0,1,1,6,1,21,5,125,1,1,-1,-1,-1
2017010053899,2,19,0,18,0,8,0,0,0,0,-1,-1,6,3,-1,-1,2148,2,9,-1,-1,-1
2017010053902,1,9,0,3,0,8,0,0,0,0,2,1,6,1,54,8,1598,1,7,8,1,8
2017010053902,2,4,0,5,0,8,0,4,0,0,1,1,6,1,27,6,125,1,9,2,1,2
2017010053908,1,9,0,3,0,0,0,0,0,0,2,1,6,2,29,6,1000,1,2,5,1,5
2017010053908,2,9,0,18,0,0,0,0,0,0,1,1,2,2,24,5,1398,1,4,8,1,8
2017010053913,1,21,4,5,0,0,0,0,0,0,4,1,1,1,55,8,12777,2,1,5,1,5
2017010053913,2,9,0,2,0,0,0,0,0,0,3,1,6,3,-1,-1,1386,1,12,-1,-1,-1
2017010053917,1,3,0,10,0,8,0,0,0,0,4,1,6,1,21,5,125,1,4,2,1,2
2017010053917,2,9,0,9,0,8,0,0,0,0,3,1,6,2,36,7,2993,2,5,6,1,6
2017010053921,1,1,0,15,0,1,0,0,0,0,1,1,6,1,20,4,-1,-1,-1,3,1,3
2017010053922,1,9,0,18,0,0,0,0,0,0,1,2,6,1,36,7,1598,1,14,9,1,9
2017010053923,1,19,0,9,0,5,0,0,0,0,0,1,1,1,39,7,1560,2,5,4,1,4
2017010053923,2,1,0,18,0,8,0,0,0,0,0,1,1,2,44,7,-1,-1,-1,2,1,2
2017010053924,1,3,0,18,0,1,0,0,0,0,4,1,6,1,24,5,124,1,4,4,1,4
2017010053924,2,9,0,9,0,1,0,0,0,0,3,1,6,1,38,7,1390,1,7,8,1,8
2017010053925,1,9,0,5,0,1,0,0,0,0,1,1,6,2,41,7,1398,1,1,1,1,1
2017010053926,1,5,0,9,0,8,5,0,0,0,4,1,1,1,36,7,670,1,5,3,1,3
2017010053926,2,19,0,18,0,1,0,0,0,0,4,1,1,1,27,6,2198,2,2,7,1,7
2017010053927,1,11,0,17,0,3,0,0,0,0,0,1,6,1,44,7,4500,2,7,4,1,4
2017010053928,1,9,0,9,0,2,0,0,0,0,1,1,6,1,59,9,1798,1,4,2,1,2
2017010053928,2,1,0,18,0,1,0,0,0,0,1,1,6,1,54,8,-1,-1,-1,3,1,3
2017010053929,1,3,0,14,0,1,1,0,0,0,1,1,6,1,25,5,124,1,3,10,1,10
2017010053929,2,9,0,6,0,1,0,0,0,0,1,1,6,1,40,7,1984,1,17,8,1,8
2017010053930,1,9,0,18,0,2,0,0,0,0,1,1,6,3,-1,-1,-1,-1,-1,-1,-1,-1
2017010053931,1,21,1,18,0,2,0,0,0,0,4,2,1,1,58,9,-1,-1,-1,4,1,4
2017010053931,2,1,0,18,0,2,0,0,1,0,4,1,6,2,41,7,-1,-1,-1,8,1,8
2017010053932,1,11,0,7,0,2,0,0,0,0,4,1,1,1,32,6,6700,2,5,2,1,2
2017010053932,2,19,0,3,0,2,0,0,0,0,2,1,1,1,36,7,2198,2,1,1,1,1
2017010053935,1,11,0,7,0,8,0,0,0,0,0,1,1,1,37,7,9360,2,8,4,1,4
2017010053936,1,3,0,18,0,2,0,0,0,0,3,1,6,1,27,6,599,1,9,-1,-1,-1
2017010053936,2,9,0,2,0,6,0,0,0,0,3,1,6,3,-1,-1,1598,1,17,-1,-1,-1
2017010053937,1,9,0,13,0,8,0,0,0,0,3,1,6,3,-1,-1,-1,-1,-1,-1,-1,-1
2017010053940,1,11,0,4,0,0,0,0,0,0,0,1,1,1,47,8,4500,2,7,6,1,6
2017010053941,1,9,0,18,0,0,0,0,1,10,1,1,6,1,39,7,2143,2,3,4,1,4
2017010053943,1,9,0,7,0,2,0,0,0,0,1,1,6,2,50,8,2720,2,10,-1,3,-1
2017010053944,1,9,0,9,0,5,0,0,0,0,2,2,6,1,56,9,1598,1,5,3,1,3
2017010053944,2,3,0,18,0,8,0,0,0,0,1,1,1,1,37,7,108,1,3,1,1,1
2017010053946,1,9,0,10,0,6,0,0,0,0,1,1,6,1,60,9,1368,1,1,7,3,7
2017010053946,2,3,0,18,0,1,0,0,0,0,1,1,1,1,25,5,645,1,-1,9,1,9
2017010053947,1,9,0,7,0,8,0,0,0,0,1,1,6,2,42,7,1197,1,2,6,1,6
2017010053947,2,1,0,18,0,8,2,0,0,0,2,1,6,2,24,5,-1,-1,-1,-1,-1,-1
2017010053948,1,4,0,18,0,2,0,0,0,0,3,1,6,1,45,7,250,1,2,7,1,7
2017010053948,2,9,0,9,0,8,0,0,0,0,4,1,6,2,36,7,1590,1,14,3,1,3
2017010053949,1,3,0,5,0,0,0,0,0,0,2,1,2,1,51,8,124,1,6,4,1,4
2017010053949,2,9,0,5,0,0,0,0,0,0,1,1,6,3,-1,-1,4197,1,10,-1,-1,-1
2017010053951,1,9,0,9,0,1,0,0,0,0,1,1,6,2,35,6,1968,2,1,4,1,4
2017010053951,2,19,0,7,0,1,0,0,0,0,1,1,6,1,35,6,2198,2,2,2,1,2
2017010053952,1,8,0,18,0,8,0,0,0,0,3,1,2,1,42,7,1560,2,3,2,1,2
2017010053952,2,9,0,9,0,8,0,0,0,0,1,1,6,1,36,7,2204,2,9,5,1,5
2017010053953,1,5,0,18,0,0,0,0,0,0,1,1,6,1,28,6,998,1,7,2,1,2
2017010053953,2,9,0,9,0,0,0,0,0,0,1,1,6,2,36,7,1390,1,18,8,1,8
2017010053954,1,9,0,6,0,5,0,0,0,0,3,1,6,1,35,6,1956,2,2,4,1,4
2017010053954,2,3,0,3,0,2,0,0,0,0,1,1,6,1,35,6,108,1,1,2,1,2
2017010053955,1,9,0,9,0,6,0,0,0,0,1,1,6,1,43,7,1995,2,11,4,1,4
2017010053955,2,5,0,17,0,1,1,0,0,0,1,1,2,2,56,9,1198,1,20,3,1,3
2017010053956,1,9,4,18,0,1,4,4,0,0,3,1,6,1,17,4,1364,1,9,2,1,2
2017010053956,2,9,5,2,0,1,0,0,0,0,3,1,6,3,-1,-1,1461,2,12,-1,-1,-1
2017010053958,1,5,0,16,0,4,1,9,7,10,1,1,6,1,44,7,998,1,6,4,1,4
2017010053959,1,9,0,9,0,5,0,0,0,0,3,1,6,1,24,5,1796,2,3,7,1,7
2017010053959,2,1,0,18,0,1,0,0,0,0,1,1,6,1,52,8,-1,-1,-1,8,1,8
2017010053961,1,5,0,18,0,5,0,0,0,0,1,1,6,1,42,7,636,1,11,5,1,5
2017010053963,1,9,0,5,0,0,0,0,0,0,1,1,6,2,26,6,1596,1,12,3,1,3
2017010053964,1,8,0,7,0,1,0,0,0,0,4,1,1,1,60,9,1997,2,3,2,1,2
2017010053964,2,1,0,18,0,1,0,0,0,0,4,1,2,1,23,5,-1,-1,-1,6,1,6
2017010053966,1,1,0,18,0,4,0,0,0,0,3,1,2,1,37,7,-1,-1,-1,1,1,1
2017010053966,2,9,0,18,0,4,0,0,0,0,4,1,2,1,57,9,-1,-1,-1,3,1,3
2017010053971,1,9,0,4,0,2,0,0,0,0,1,1,6,1,45,7,1461,2,-1,9,1,9
2017010053971,2,1,0,9,0,2,5,0,0,0,2,1,6,1,36,7,-1,-1,-1,2,1,2
2017010053972,1,11,0,4,2,1,0,0,0,0,0,1,1,1,44,7,4500,2,1,2,1,2
2017010053974,1,9,0,18,0,8,0,0,0,0,1,1,6,1,57,9,1686,2,3,2,1,2
2017010053974,2,9,0,10,0,8,0,0,0,0,1,1,6,1,20,4,998,1,1,2,1,2
2017010053977,1,3,0,18,0,0,1,-1,0,0,0,1,6,1,40,7,120,1,16,5,1,5
2017010053978,1,9,0,9,0,6,0,0,0,0,1,1,6,2,46,8,1595,1,15,9,1,9
2017010053978,2,9,0,18,0,8,0,0,0,0,1,1,6,1,22,5,1598,2,2,8,1,8
2017010053980,1,3,0,18,0,1,5,0,0,0,1,1,1,1,25,5,125,1,10,5,1,5
2017010053980,2,9,0,18,0,1,0,0,0,0,1,-1,6,3,-1,-1,-1,-1,-1,-1,-1,-1
2017010053982,1,1,0,17,0,8,0,0,0,0,1,1,6,1,46,8,-1,-1,-1,5,1,5
2017010053982,2,19,0,18,0,8,0,0,0,0,1,-1,6,3,-1,-1,1598,2,2,-1,-1,-1
2017010053983,1,3,0,18,0,1,-1,0,0,0,2,1,6,1,23,5,108,1,1,1,1,1
2017010053983,2,19,0,1,0,1,0,0,0,0,2,-1,6,1,-1,-1,2402,2,7,-1,-1,-1
2017010053984,1,9,0,-1,0,-1,0,0,0,0,1,-1,6,3,-1,-1,1497,8,10,-1,-1,-1
2017010053984,2,1,0,18,0,-1,0,0,0,0,1,1,6,1,19,4,-1,-1,-1,1,1,1
2017010053986,1,1,0,18,0,1,0,0,0,0,2,1,6,1,38,7,-1,-1,-1,3,1,3
2017010053986,2,19,-1,-1,0,1,-1,0,0,0,1,-1,6,1,-1,-1,1248,2,12,-1,-1,-1
2017010053992,1,9,0,18,0,3,0,0,0,0,1,1,6,1,64,9,1986,1,2,8,1,8
2017010053992,2,1,0,18,0,3,0,0,0,0,2,1,6,1,28,6,-1,-1,-1,-1,-1,-1
2017010053995,1,2,0,18,0,2,0,-1,0,0,-1,1,6,1,-1,-1,124,1,13,3,1,3
2017010053996,1,9,-1,3,0,-1,-1,-1,0,0,2,-1,6,2,22,5,1242,1,10,3,1,3
2017010053997,1,5,0,18,0,0,5,0,0,0,1,1,2,1,22,5,125,1,12,4,1,4
2017010053997,2,9,0,3,0,0,0,0,0,0,4,1,6,1,56,9,2926,2,13,6,1,6
2017010053997,3,9,0,3,0,0,0,0,0,0,4,1,2,2,50,8,1390,1,16,5,1,5
2017010053999,1,1,0,15,0,0,0,0,0,0,1,1,6,1,39,7,-1,-1,-1,5,1,5
2017010053999,2,9,0,2,0,0,0,0,0,0,-1,-1,6,3,-1,-1,1797,8,8,-1,-1,-1
2017010054005,1,9,-1,4,0,1,0,0,0,0,2,-1,2,2,33,6,2143,2,2,8,1,8
2017010054005,2,9,-1,18,0,1,0,0,0,0,1,-1,6,3,-1,-1,1995,2,8,-1,-1,-1
2017010054010,1,3,0,18,0,2,0,0,0,0,1,1,6,3,-1,-1,125,1,-1,-1,-1,-1
2017010054014,1,3,0,18,0,1,1,0,0,0,3,1,6,1,29,6,124,1,-1,5,1,5
2017010054015,1,1,0,10,0,1,-1,0,0,0,1,1,6,2,25,5,-1,-1,-1,3,1,3
2017010054015,2,9,-1,-1,-1,-1,-1,0,0,0,-1,-1,6,3,-1,-1,-1,-1,-1,-1,-1,-1
2017010054017,1,1,0,18,0,-1,0,0,0,0,3,1,6,1,36,7,-1,-1,-1,4,1,4
2017010054017,2,19,0,18,0,-1,0,0,0,0,4,1,1,1,-1,-1,1560,2,5,-1,-1,-1
2017010054022,1,9,0,7,0,3,0,0,0,0,4,1,2,2,47,8,-1,-1,-1,4,1,4
2017010054022,2,9,0,4,0,3,0,0,0,0,1,2,1,1,25,5,1997,2,3,-1,-1,-1
2017010054024,1,19,0,9,0,1,0,0,0,0,4,1,2,1,58,9,-1,-1,-1,5,1,5
2017010054024,2,90,0,18,0,1,0,0,0,0,1,1,6,1,47,8,-1,-1,-1,4,1,4
2017010054027,1,1,-1,18,0,1,-1,0,0,0,-1,1,6,1,48,8,-1,-1,-1,4,1,4
2017010054027,2,9,-1,-1,0,1,-1,0,0,0,-1,-1,6,1,-1,-1,-1,-1,-1,-1,-1,-1
2017010054028,1,1,0,18,0,1,0,0,0,0,4,1,2,1,38,7,-1,-1,-1,3,1,3
2017010054028,2,19,0,9,0,1,0,0,0,0,4,-1,1,1,-1,-1,-1,-1,-1,-1,-1,-1
2017010054031,1,9,0,-1,0,-1,-1,0,-1,0,-1,-1,1,1,-1,-1,1497,8,8,5,1,5
2017010054031,2,9,-1,-1,0,-1,0,0,0,0,-1,-1,6,3,-1,-1,998,1,2,-1,-1,-1
2017010054032,1,9,0,18,0,8,0,0,0,0,3,1,1,1,34,6,-1,-1,-1,2,1,2
2017010054032,2,9,0,10,0,1,0,0,0,0,1,1,6,3,-1,-1,-1,-1,-1,-1,-1,-1
2017010054035,1,9,0,-1,0,1,0,0,0,0,2,-1,6,2,39,7,2000,1,12,-1,-1,-1
2017010054035,2,9,0,-1,0,1,0,0,0,0,1,-1,6,3,-1,-1,1405,1,12,-1,-1,-1
2017010054037,1,4,0,18,0,2,0,11,0,0,1,1,2,1,55,8,279,1,10,3,1,3
2017010054043,1,1,0,18,0,8,5,0,0,0,1,1,2,1,46,8,-1,-1,-1,2,1,2
2017010054044,1,9,0,18,0,1,0,0,0,0,3,-1,6,1,43,7,2967,2,10,5,1,5
2017010054044,2,9,0,14,0,1,0,0,0,0,-1,-1,6,3,-1,-1,1598,2,1,-1,-1,-1
2017010054046,1,3,0,18,0,1,0,0,0,0,4,1,1,1,29,6,124,1,5,3,1,3
2017010054052,1,19,0,18,0,0,0,0,0,0,1,1,1,1,53,8,1560,2,3,1,1,1
2017010054052,2,19,0,4,0,0,0,0,0,0,2,1,1,1,35,6,1995,2,-1,1,1,1
2017010054052,3,9,0,18,0,0,0,0,0,0,2,1,6,1,40,7,1598,1,5,3,1,3
2017010054054,1,5,0,13,0,0,0,0,0,0,1,1,1,1,48,8,745,1,8,7,1,7
2017010054056,1,3,-1,18,0,-1,-1,-1,-1,-1,-1,1,6,1,45,7,125,1,9,8,1,8
2017010054056,2,8,-1,6,-1,-1,-1,-1,-1,-1,-1,-1,6,1,40,7,2499,2,5,5,1,5
2017010054058,1,9,0,4,0,1,0,8,0,0,3,1,6,1,39,7,1798,8,5,7,1,7
2017010054059,1,9,0,10,0,8,0,0,0,0,4,1,1,2,25,5,-1,-1,-1,3,1,3
2017010054059,2,1,0,15,0,8,0,0,0,0,1,1,2,1,25,5,-1,-1,-1,4,1,4
2017010054061,1,90,0,4,0,1,0,0,0,0,4,1,6,1,86,11,-1,-1,-1,10,1,10
2017010054066,1,9,0,5,0,1,0,0,0,0,1,1,6,2,41,7,1999,2,1,4,1,4
2017010054068,1,1,0,18,0,6,0,0,0,0,1,1,6,1,58,9,-1,-1,-1,2,1,2
2017010054069,1,9,0,4,0,2,0,0,0,0,3,1,6,1,52,8,2993,2,-1,5,1,5
2017010054069,2,11,0,13,0,2,0,0,0,0,4,1,1,1,43,7,4500,2,3,3,1,3
2017010054073,1,11,0,18,0,1,0,0,0,0,0,1,1,1,57,9,4500,2,8,7,1,7
2017010054073,2,9,0,11,0,1,0,0,0,0,0,1,6,3,-1,-1,-1,-1,-1,-1,-1,-1
2017010054074,1,9,0,18,0,0,0,0,0,0,2,-1,6,2,57,9,1395,1,2,-1,-1,-1
2017010054075,1,11,0,5,2,0,0,0,0,0,0,1,1,1,46,8,6692,2,6,1,1,1
2017010054076,1,9,0,18,0,1,0,0,0,0,1,1,6,1,38,7,1598,1,16,3,1,3
2017010054076,2,9,0,18,0,1,0,0,0,0,2,1,6,2,57,9,-1,-1,-1,6,1,6
2017010054077,1,3,0,9,0,1,0,0,0,0,0,1,2,1,31,6,125,1,7,2,1,2
2017010054077,2,1,0,18,0,8,0,0,0,0,0,1,2,1,25,5,-1,-1,-1,3,1,3
2017010054078,1,9,0,9,0,1,0,4,0,0,1,1,6,1,54,8,1984,2,4,8,2,8
2017010054078,2,5,0,18,0,1,0,0,0,0,1,1,6,1,27,6,992,1,13,4,1,4
2017010054081,1,9,0,7,0,8,0,0,0,0,4,1,1,1,64,9,1969,2,2,4,1,4
2017010054081,2,3,0,18,0,8,0,0,0,0,1,1,6,1,25,5,125,1,10,5,1,5
2017010054083,1,1,0,18,0,8,-1,0,0,0,1,1,2,1,44,7,-1,-1,-1,6,1,6
2017010054083,2,9,-1,9,0,5,0,0,0,0,3,-1,6,3,-1,-1,-1,-1,-1,-1,-1,-1
2017010054097,1,9,-1,-1,-1,-1,-1,-1,-1,-1,-1,-1,6,1,-1,-1,1995,2,6,-1,-1,-1
2017010054097,2,9,-1,-1,-1,-1,-1,-1,-1,-1,-1,-1,6,2,37,7,1968,2,-1,-1,-1,-1
2017010054105,1,1,0,18,0,8,0,0,0,0,1,1,6,2,21,5,-1,-1,-1,9,1,9
2017010054105,2,9,0,9,0,8,0,0,0,0,3,1,6,2,72,10,1598,1,4,6,1,6
2017010054112,1,19,0,5,0,4,0,0,0,0,1,1,1,1,71,10,1998,2,13,10,1,10
2017010054112,2,1,0,9,0,3,0,0,0,0,1,1,2,2,27,6,-1,-1,-1,8,1,8
2017010054113,1,1,0,18,0,0,0,0,0,0,0,1,6,1,54,8,-1,-1,-1,6,1,6
2017010054115,1,11,0,18,0,0,0,0,0,0,1,1,1,1,36,7,9200,2,12,6,1,6
2017010054115,2,9,0,9,0,0,0,0,0,0,4,1,6,2,39,7,2979,1,15,4,1,4
2017010054116,1,3,0,9,4,8,0,0,0,0,4,1,6,1,28,6,108,1,1,2,1,2
2017010054116,2,1,0,18,4,8,0,0,0,0,1,1,2,1,37,7,-1,-1,-1,3,1,3
2017010054117,1,9,0,9,0,2,0,0,0,0,1,1,2,1,29,6,1968,2,3,4,1,4
2017010054118,1,9,0,8,4,8,0,0,0,0,1,1,2,1,31,6,2995,8,5,-1,-1,-1
2017010054118,2,1,0,18,4,8,0,0,7,1,4,1,2,2,26,6,-1,-1,-1,4,1,4
2017010054120,1,9,0,9,0,6,0,0,0,0,1,1,6,2,72,10,1600,1,12,7,1,7
2017010054120,2,5,0,13,0,1,0,0,0,0,1,1,6,1,81,11,1000,1,-1,4,1,4
2017010054122,1,90,0,18,0,2,0,11,0,0,1,1,2,2,46,8,-1,-1,-1,5,1,5
2017010054124,1,9,0,2,0,1,0,0,0,0,0,1,6,3,-1,-1,2143,2,3,-1,-1,-1
2017010054124,2,9,0,18,0,1,1,4,0,0,1,1,6,2,42,7,1389,1,12,5,1,5
2017010054125,1,9,0,18,0,8,0,0,0,0,1,1,6,1,45,7,2000,2,7,5,1,5
2017010054125,2,9,0,9,0,8,0,0,7,0,4,1,6,1,23,5,2148,2,13,1,1,1
2017010054126,1,8,0,18,0,0,0,0,7,10,1,1,1,1,29,6,1798,8,5,6,1,6
2017010054128,1,9,0,10,0,3,0,0,0,0,0,1,6,1,41,7,1685,2,2,8,1,8
2017010054128,2,5,0,18,0,1,1,10,0,0,0,1,2,1,28,6,647,1,19,2,1,2
2017010054129,1,9,0,18,0,0,0,0,0,0,1,1,2,1,32,6,-1,-1,-1,-1,-1,-1
2017010054130,1,11,0,3,0,2,0,0,0,0,0,1,6,1,61,9,4250,2,5,8,1,8
2017010054131,1,5,0,13,0,2,0,0,0,0,3,1,2,1,27,6,690,1,-1,7,1,7
2017010054131,2,9,0,18,0,2,0,0,0,0,4,1,6,3,-1,-1,-1,-1,-1,-1,-1,-1
2017010054133,1,8,0,5,0,0,0,0,0,0,3,1,1,1,50,8,2143,2,3,6,1,6
2017010054134,1,9,0,7,0,8,0,0,0,0,4,1,6,3,-1,-1,1598,1,14,-1,-1,-1
2017010054135,1,9,0,17,0,4,0,0,0,0,3,1,6,1,37,7,2926,2,15,2,1,2
2017010054135,2,5,0,7,0,3,0,0,0,0,4,1,6,1,23,5,600,1,11,2,1,2
2017010054136,1,9,0,18,0,0,5,0,1,2,1,1,2,1,51,8,1598,1,15,6,1,6
2017010054139,1,9,0,7,0,1,0,0,0,0,1,1,6,1,36,7,1587,1,12,3,1,3
2017010054140,1,9,0,18,0,0,0,0,2,10,1,1,6,1,39,7,1796,1,14,3,1,3
2017010054142,1,9,0,18,0,1,0,0,0,0,4,1,6,2,29,6,998,1,10,3,1,3
2017010054142,2,9,0,18,0,1,0,0,0,0,1,1,6,2,36,7,1461,2,8,3,1,3
2017010054143,1,9,0,18,9,0,1,0,0,0,1,1,6,2,32,6,1598,2,3,3,1,3
2017010054144,1,9,0,16,0,0,0,0,0,0,4,1,6,1,27,6,1499,1,1,7,1,7
2017010054144,2,4,0,16,0,0,5,0,0,0,3,1,6,1,44,7,459,1,15,2,1,2
2017010054145,1,9,0,3,0,0,0,0,0,0,2,1,2,1,40,7,1796,1,6,7,1,7
2017010054145,2,9,0,18,0,0,1,0,0,0,1,1,6,1,28,6,1595,1,1,5,1,5
2017010054149,1,9,0,18,0,8,0,4,0,0,1,1,6,1,19,4,1422,2,3,2,1,2
2017010054149,2,21,1,2,0,8,0,0,0,0,2,2,6,3,-1,-1,-1,-1,-1,-1,-1,-1
2017010054150,1,9,0,18,0,1,2,4,0,0,1,1,6,1,32,6,1598,2,-1,-1,-1,-1
2017010054150,2,9,0,2,0,1,0,0,0,0,0,1,6,3,-1,-1,1198,1,11,-1,-1,-1
2017010054150,3,9,0,2,0,1,0,0,0,0,0,1,6,3,-1,-1,2435,1,12,-1,-1,-1
2017010054152,1,9,0,18,0,0,1,0,0,0,1,1,6,1,50,8,1896,2,11,8,1,8
2017010054152,2,9,0,18,0,0,0,0,0,0,1,1,6,1,-1,-1,1596,1,10,-1,-1,-1
2017010054153,1,9,0,18,0,1,0,0,0,0,1,1,6,1,20,4,1598,2,4,8,1,8
2017010054153,2,3,0,9,0,2,0,0,0,0,4,1,6,1,51,8,124,1,4,9,1,9
2017010054154,1,9,0,18,0,8,5,10,1,2,1,1,6,1,23,5,1229,1,5,6,1,6
2017010054155,1,1,0,18,-1,0,-1,-1,0,0,-1,1,6,1,31,6,-1,-1,-1,9,1,9
2017010054155,2,9,-1,12,0,0,-1,-1,0,0,-1,-1,6,1,-1,-1,1995,2,7,3,1,3
2017010054158,1,9,0,18,0,1,0,0,0,0,2,1,2,1,30,6,1995,1,9,1,1,1
2017010054158,2,9,-1,18,0,1,0,0,0,0,1,-1,6,1,29,6,-1,-1,-1,2,1,2