Accident_Index,Vehicle_Reference,Vehicle_Type,Towing_and_Articulation,Vehicle_Manoeuvre,Vehicle_Location-Restricted_Lane,Junction_Location,Skidding_and_Overturning,Hit_Object_in_Carriageway,Vehicle_Leaving_Carriageway,Hit_Object_off_Carriageway,1st_Point_of_Impact,Was_Vehicle_Left_Hand_Drive?,Journey_Purpose_of_Driver,Sex_of_Driver,Age_of_Driver,Age_Band_of_Driver,Engine_Capacity_(CC),Propulsion_Code,Age_of_Vehicle,Driver_IMD_Decile,Driver_Home_Area_Type,Vehicle_IMD_Decile
2017010054551,1,9,0,18,9,0,0,0,1,10,1,1,6,1,37,7,1995,2,10,-1,-1,-1
2017010054556,1,8,0,17,5,1,0,0,0,0,2,1,1,1,41,7,1497,8,9,2,1,2
2017010054556,2,9,0,18,0,1,0,0,0,0,1,1,6,1,28,6,1995,2,8,1,1,1
2017010054557,1,11,0,18,0,0,0,0,0,0,0,1,1,1,48,8,6700,2,5,9,1,9
2017010054558,1,9,0,4,0,0,0,0,0,0,1,1,6,2,57,9,1598,1,4,1,1,1
2017010054558,2,9,0,18,0,0,0,0,0,0,1,1,6,1,21,5,1461,2,6,6,1,6
2017010054578,1,9,0,5,0,4,0,0,0,0,4,-1,6,2,30,6,1461,2,-1,4,1,4
2017010054578,2,1,0,16,0,1,0,0,0,0,1,1,6,1,-1,-1,-1,-1,-1,-1,-1,-1
2017010054579,1,9,-1,-1,-1,0,-1,-1,-1,-1,-1,-1,6,3,-1,-1,-1,-1,-1,-1,-1,-1
2017010054580,1,1,-1,-1,-1,-1,-1,-1,-1,-1,-1,1,6,1,47,8,-1,-1,-1,5,1,5
2017010054580,2,9,-1,-1,-1,-1,-1,-1,-1,-1,-1,-1,6,3,-1,-1,-1,-1,-1,-1,-1,-1
2017010054601,1,19,0,18,0,8,0,0,0,0,1,1,1,1,41,7,-1,-1,-1,8,1,8
2017010054612,1,1,0,18,0,0,0,0,0,0,1,1,6,1,41,7,-1,-1,-1,6,1,6
2017010054612,2,9,0,18,0,0,0,0,0,0,-1,-1,6,3,-1,-1,-1,-1,-1,-1,-1,-1
2017010054616,1,1,0,-1,0,0,1,-1,0,0,-1,1,6,1,32,6,-1,-1,-1,10,2,10
2017010054616,2,8,-1,-1,-1,0,-1,-1,0,0,-1,-1,6,1,-1,-1,-1,-1,-1,-1,-1,-1
2017010054617,1,9,-1,-1,0,0,-1,-1,-1,-1,2,-1,6,1,49,8,2143,2,4,10,1,10
2017010054617,2,9,-1,-1,-1,0,-1,-1,-1,-1,-1,-1,6,3,-1,-1,-1,-1,-1,-1,-1,-1
2017010054624,1,9,0,18,0,1,0,0,0,0,1,1,6,1,22,5,1995,2,11,6,1,6
2017010054624,2,9,0,9,0,1,0,0,0,0,4,1,6,1,18,4,1398,1,14,8,1,8
2017010054636,1,9,0,18,0,0,0,0,0,0,2,-1,6,2,40,7,1998,1,16,5,1,5
2017010054636,2,9,0,-1,0,0,0,0,0,0,1,-1,6,1,-1,-1,1896,2,9,1,1,1
2017010054639,1,9,0,18,0,3,0,0,5,-1,-1,-1,6,2,24,5,1229,1,13,6,1,6
2017010054639,2,9,0,15,0,3,0,0,2,-1,-1,-1,6,3,-1,-1,1598,2,1,-1,-1,-1
2017010054644,1,9,0,10,0,0,0,0,0,0,2,1,6,1,70,10,2496,1,11,5,1,5
2017010054644,2,11,0,18,0,0,1,0,0,0,1,1,6,1,34,6,4500,2,3,10,1,10
2017010054659,1,9,0,9,0,6,0,0,0,0,1,1,6,1,27,6,1598,1,8,5,1,5
2017010054659,2,3,0,18,0,1,0,0,0,0,1,1,6,1,46,8,125,1,10,4,1,4
2017010054670,1,9,-1,18,0,8,-1,-1,-1,-1,4,-1,6,1,17,4,1149,1,12,7,2,7
2017010054682,1,9,-1,-1,-1,-1,-1,-1,-1,-1,-1,-1,6,2,51,8,2987,2,2,3,1,3
2017010054682,2,9,-1,-1,-1,-1,-1,-1,-1,-1,-1,-1,6,3,-1,-1,2143,2,4,-1,-1,-1
2017010054686,1,9,-1,-1,-1,-1,-1,-1,-1,-1,-1,2,6,1,40,7,1796,1,11,2,1,2
2017010054687,1,9,-1,10,0,1,0,-1,-1,-1,-1,-1,6,2,49,8,1596,1,11,5,1,5
2017010054687,2,9,0,18,-1,1,-1,0,0,0,1,-1,6,2,-1,-1,-1,-1,-1,-1,-1,-1
2017010054721,1,9,-1,3,0,1,-1,0,0,0,2,-1,1,1,-1,-1,-1,-1,-1,-1,-1,-1
2017010054760,1,3,0,-1,-1,0,-1,-1,-1,-1,-1,1,6,1,48,8,124,1,10,5,1,5
2017010054760,2,9,-1,-1,-1,0,-1,-1,-1,-1,-1,-1,6,1,48,8,1198,1,3,5,1,5
2017010054773,1,5,0,-1,0,0,0,-1,0,0,-1,1,6,1,22,5,660,1,10,4,1,4
2017010054773,2,9,-1,-1,-1,0,-1,-1,-1,0,-1,-1,6,1,-1,-1,1598,1,15,-1,-1,-1
2017010054774,1,9,0,9,0,3,0,0,1,2,1,1,2,1,29,6,999,1,1,5,1,5
2017010054783,1,9,-1,4,-1,-1,-1,-1,-1,-1,-1,-1,6,1,30,6,2687,1,9,5,1,5
2017010054803,1,9,0,-1,0,0,0,0,0,0,4,-1,6,1,62,9,1910,2,10,3,1,3
2017010054803,2,9,0,-1,0,0,0,-1,-1,0,-1,-1,6,3,-1,-1,-1,-1,-1,-1,-1,-1
2017010054805,1,9,0,-1,-1,-1,0,-1,-1,-1,-1,1,6,3,-1,-1,-1,-1,-1,-1,-1,-1
2017010054807,1,9,0,3,0,-1,0,0,0,0,2,-1,6,1,41,7,1798,1,1,4,1,4
2017010054807,2,9,0,-1,0,-1,0,0,0,0,1,-1,6,3,-1,-1,-1,-1,-1,-1,-1,-1
2017010054813,1,9,0,4,6,0,0,0,0,0,2,1,1,1,38,7,1956,2,2,6,1,6
2017010054813,2,19,0,18,6,0,0,0,0,0,1,1,1,1,32,6,2143,2,4,3,1,3
2017010054830,1,8,-1,-1,0,-1,-1,-1,-1,0,-1,-1,6,1,-1,-1,-1,-1,-1,-1,-1,-1
2017010054841,1,1,-1,18,0,1,0,-1,5,-1,1,1,6,2,25,5,-1,-1,-1,2,1,2
2017010054879,1,1,0,18,-1,0,-1,0,0,0,1,1,1,1,29,6,-1,-1,-1,7,1,7
2017010054901,1,9,0,18,0,1,0,0,0,0,3,-1,6,2,29,6,1499,1,-1,4,1,4
2017010054901,2,9,0,9,0,6,0,0,0,0,1,-1,6,1,-1,-1,1988,1,15,-1,-1,-1
2017010054902,1,9,-1,18,0,5,-1,-1,0,0,4,-1,6,1,37,7,2987,2,10,9,1,9
2017010054903,1,9,0,3,0,0,0,0,0,0,1,-1,6,1,42,7,1781,1,16,6,1,6
2017010054903,2,9,0,1,0,0,0,0,0,0,2,-1,6,3,-1,-1,1997,2,-1,-1,-1,-1
2017010054910,1,9,-1,-1,-1,0,-1,-1,-1,-1,-1,-1,6,3,-1,-1,-1,-1,-1,-1,-1,-1
2017010054917,1,11,0,18,0,8,0,0,0,0,0,1,6,3,-1,-1,-1,-1,-1,-1,-1,-1
2017010054926,1,1,-1,18,0,0,0,0,0,0,1,1,6,1,-1,-1,-1,-1,-1,-1,-1,-1
2017010054934,1,1,-1,-1,-1,0,-1,-1,-1,-1,-1,1,6,1,28,6,-1,-1,-1,2,1,2
2017010054944,1,1,-1,18,-1,-1,-1,-1,-1,-1,-1,1,6,2,27,6,-1,-1,-1,6,1,6
2017010054944,2,9,-1,-1,-1,-1,-1,-1,-1,-1,-1,-1,6,1,-1,-1,2993,2,10,9,1,9
2017010054968,1,9,-1,-1,-1,-1,-1,-1,-1,-1,-1,-1,6,3,-1,-1,-1,-1,-1,-1,-1,-1
2017010054973,1,9,-1,-1,0,-1,0,-1,-1,0,-1,-1,6,2,73,10,998,1,13,5,1,5
2017010054974,1,9,0,-1,0,-1,0,0,0,0,1,-1,2,2,18,4,1242,1,6,4,1,4
2017010054983,1,9,0,18,0,2,0,0,0,0,3,1,1,1,41,7,1997,2,2,2,1,2
2017010054983,2,9,0,13,0,2,0,0,0,0,4,1,6,3,-1,-1,1685,2,2,-1,-1,-1
2017010055048,1,9,0,17,0,1,0,0,0,0,3,-1,6,1,40,7,1560,2,2,4,1,4
2017010055048,2,9,0,13,0,1,0,0,0,0,4,-1,6,3,-1,-1,1198,1,6,-1,-1,-1
2017010055062,1,9,0,18,0,1,0,0,0,0,2,1,6,2,36,7,1598,1,10,5,1,5
2017010055062,2,9,0,18,0,1,0,0,0,0,2,1,6,2,57,9,2143,2,7,-1,-1,-1
2017010055062,3,19,0,4,0,1,0,0,0,0,1,1,6,1,45,7,2151,2,15,4,1,4
2017010055063,1,9,0,4,0,2,0,0,0,0,2,1,1,1,40,7,2993,2,9,4,1,4
2017010055063,2,9,0,4,0,2,0,0,0,0,2,1,6,2,32,6,1390,1,5,3,1,3
2017010055063,3,9,0,4,0,2,0,0,0,0,1,1,2,1,31,6,-1,-1,-1,7,1,7
2017010055063,4,19,0,4,0,2,0,0,0,0,1,1,1,1,34,6,2299,2,2,4,1,4
2017010055064,1,1,0,16,0,1,0,0,0,0,1,1,6,2,44,7,-1,-1,-1,1,1,1
2017010055064,2,9,0,9,0,1,0,0,0,0,4,1,6,1,18,4,1364,1,-1,-1,-1,-1
2017010055065,1,9,0,1,0,2,0,0,0,0,2,1,6,1,52,8,1124,1,13,7,1,7
2017010055067,1,5,0,17,0,8,1,0,0,0,1,1,6,1,26,6,599,1,6,9,2,9
2017010055067,2,9,0,10,0,6,0,0,0,0,3,1,6,1,27,6,998,1,11,6,1,6
2017010055068,1,9,0,11,0,0,0,0,0,0,2,1,6,1,59,9,2497,2,13,5,1,5
2017010055068,2,4,0,12,0,0,5,0,0,0,1,1,6,1,23,5,-1,-1,-1,4,1,4
2017010055069,1,9,0,7,0,0,0,10,3,4,1,1,6,1,86,11,1998,1,15,3,1,3
2017010055069,2,9,0,5,0,0,0,0,0,0,1,1,6,1,24,5,1686,2,7,2,1,2
2017010055070,1,9,0,18,0,0,0,0,0,0,1,1,6,2,22,5,1364,1,8,3,1,3
2017010055070,2,9,0,18,0,0,0,0,0,0,3,1,6,2,22,5,1499,1,1,9,1,9
2017010055070,3,9,0,18,0,0,0,0,0,0,2,1,6,1,28,6,1598,1,19,2,1,2
2017010055071,1,9,0,18,0,1,0,0,0,0,1,1,6,1,24,5,1956,2,6,3,1,3
2017010055071,2,9,0,9,0,7,0,0,0,0,3,1,6,1,23,5,1390,1,6,8,1,8
2017010055072,1,9,0,4,0,1,0,0,0,0,1,1,1,1,47,8,1797,8,6,4,1,4
2017010055073,1,9,0,6,0,2,0,11,0,0,1,1,6,2,74,10,1995,2,2,10,1,10
2017010055077,1,11,0,18,0,4,0,0,0,0,0,1,1,1,22,5,4500,2,-1,3,1,3
2017010055078,1,9,0,5,0,1,0,0,0,0,1,1,6,3,-1,-1,1496,2,-1,-1,-1,-1
2017010055080,1,1,0,11,0,2,0,0,0,0,2,1,6,1,13,3,-1,-1,-1,7,1,7
2017010055080,2,8,0,18,0,2,0,0,0,0,1,1,1,1,66,10,2499,2,3,7,1,7
2017010055084,1,3,0,18,0,8,1,0,0,0,1,1,6,1,19,4,124,1,13,1,1,1
2017010055085,1,9,0,16,0,1,0,0,0,0,1,1,6,1,36,7,2987,2,10,3,1,3
2017010055085,2,9,0,4,0,1,0,0,0,0,2,1,6,2,61,9,1198,1,4,9,1,9
2017010055086,1,11,0,18,0,8,0,0,0,0,1,1,1,1,25,5,4500,2,9,7,1,7
2017010055086,2,9,0,7,0,6,0,0,0,0,1,1,6,2,46,8,1997,2,7,1,1,1
2017010055087,1,9,0,9,0,5,0,0,0,0,1,1,2,2,21,5,1499,1,-1,8,2,8
2017010055088,1,9,0,1,0,6,0,0,0,0,2,1,6,1,25,5,2993,2,10,3,1,3
2017010055088,2,10,0,18,0,1,0,0,0,0,3,1,2,1,61,9,-1,-1,-1,5,1,5
2017010055089,1,9,0,5,0,1,0,11,0,0,4,1,6,3,-1,-1,1497,8,10,-1,-1,-1
2017010055090,1,9,0,18,0,0,0,0,0,0,3,1,6,2,47,8,1248,1,8,9,1,9
2017010055091,1,9,0,18,0,0,0,0,0,0,4,1,6,1,58,9,1339,1,8,4,1,4
2017010055092,1,11,0,18,2,1,0,0,0,0,0,1,1,1,47,8,5132,2,1,8,2,8
2017010055092,2,9,0,13,0,1,0,0,0,0,0,1,6,1,-1,-1,999,1,6,-1,-1,-1
2017010055093,1,11,0,18,0,0,0,0,0,0,0,1,6,1,53,8,4500,2,5,3,1,3
2017010055095,1,9,0,18,0,1,0,0,0,0,3,1,6,1,19,4,1395,1,1,8,1,8
2017010055095,2,9,0,7,0,5,0,0,0,0,4,1,1,1,26,6,1499,1,-1,7,1,7
2017010055096,1,19,0,18,0,5,0,0,0,0,4,1,1,1,35,6,1598,2,1,4,1,4
2017010055097,1,9,0,18,0,0,0,0,0,0,1,1,6,2,40,7,2995,1,-1,7,1,7
2017010055098,1,9,0,9,0,5,0,0,0,0,3,1,6,1,19,4,1242,1,12,2,1,2
2017010055098,2,5,0,13,0,8,0,0,0,0,1,1,6,1,48,8,998,1,8,3,1,3
2017010055099,1,3,0,18,0,0,0,0,0,0,1,1,6,1,18,4,-1,-1,-1,1,1,1
2017010055099,2,9,0,18,0,0,0,0,0,0,0,1,6,1,51,8,2967,2,9,5,1,5
2017010055099,3,9,0,18,0,0,0,0,0,0,0,1,6,2,50,8,1360,1,14,2,1,2
2017010055099,4,9,0,18,0,0,0,0,0,0,0,1,6,2,24,5,1242,1,6,10,1,10
2017010055100,1,11,0,5,0,8,0,0,0,0,0,1,1,1,58,9,5132,2,2,5,1,5
2017010055102,1,11,0,18,0,1,0,0,0,0,0,1,1,1,21,5,9000,2,10,1,1,1
2017010055103,1,5,0,13,0,0,2,4,0,0,1,1,6,1,31,6,599,1,15,7,1,7
2017010055103,2,9,0,2,0,0,0,0,0,0,2,1,6,3,-1,-1,2995,8,2,-1,-1,-1
2017010055104,1,9,0,18,0,8,1,0,0,0,1,1,6,2,40,7,998,1,4,7,1,7
2017010055104,2,90,0,18,0,8,0,0,0,0,3,1,6,1,53,8,2686,2,11,10,1,10
2017010055105,1,4,0,18,0,1,1,0,1,0,1,1,6,1,19,4,278,1,8,1,1,1
2017010055107,1,9,0,18,0,1,0,0,0,0,3,2,6,1,47,8,2958,2,14,6,1,6
2017010055108,1,3,0,18,0,0,0,0,0,0,3,1,6,1,40,7,124,1,1,4,1,4
2017010055108,2,9,0,5,0,0,0,0,0,0,4,1,6,2,43,7,-1,-1,-1,3,1,3
2017010055109,1,9,0,18,0,8,0,0,0,0,1,1,6,1,25,5,1360,1,13,2,1,2
2017010055109,2,9,0,13,0,8,0,0,0,0,1,1,6,1,23,5,1198,1,15,2,1,2
2017010055109,3,9,0,18,0,8,0,0,0,0,2,1,6,1,75,10,1896,2,15,5,3,5
2017010055112,1,8,0,18,0,1,0,0,0,0,3,1,1,1,50,8,1956,2,3,1,1,1
2017010055113,1,9,0,18,0,0,0,0,0,0,3,1,6,1,64,9,2967,1,11,9,1,9
2017010055113,2,3,0,13,0,0,0,0,0,0,1,1,6,1,27,6,124,1,3,2,1,2
2017010055114,1,3,0,18,0,1,0,4,0,0,1,1,6,1,27,6,124,1,3,3,1,3
2017010055114,2,9,0,4,0,1,0,0,0,0,2,1,6,1,69,10,1368,1,9,7,1,7
2017010055116,1,5,0,3,0,8,0,0,0,0,3,1,2,1,47,8,649,1,-1,6,1,6
2017010055116,2,8,0,5,0,8,0,0,0,0,1,1,1,1,48,8,2402,2,15,3,1,3
2017010055118,1,9,0,9,9,0,0,0,0,0,1,1,6,1,61,9,1598,1,-1,2,1,2
2017010055120,1,9,0,3,0,1,0,0,0,0,2,1,1,2,39,7,1596,1,13,7,1,7
2017010055120,2,19,0,18,0,1,0,0,0,0,1,1,6,3,-1,-1,-1,-1,-1,-1,-1,-1
2017010055121,1,9,0,18,0,8,0,0,0,0,2,1,1,1,27,6,-1,-1,-1,-1,-1,-1
2017010055121,2,9,0,9,0,7,0,0,0,0,1,1,2,1,44,7,1339,1,7,2,1,2
2017010055122,1,3,0,18,0,1,1,0,0,0,4,1,1,1,30,6,108,1,2,6,1,6
2017010055122,2,19,0,7,0,5,0,0,0,0,3,1,1,1,31,6,2461,2,10,8,1,8
2017010055127,1,9,0,13,0,2,0,0,0,0,3,2,6,1,42,7,-1,-1,-1,-1,-1,-1
2017010055127,2,9,0,18,0,1,0,0,0,0,3,1,1,1,39,7,1968,2,1,6,1,6
2017010055128,1,8,0,18,0,1,0,0,0,0,1,1,1,1,41,7,2143,2,4,2,1,2
2017010055129,1,9,0,18,0,1,0,0,0,0,1,1,6,3,-1,-1,-1,-1,-1,-1,-1,-1
2017010055132,1,8,0,5,0,8,0,0,0,0,3,1,1,1,40,7,2499,2,9,6,1,6
2017010055132,2,1,0,18,0,8,0,0,0,0,1,1,2,1,27,6,-1,-1,-1,4,1,4
2017010055134,1,9,0,4,0,2,0,0,0,0,1,1,6,1,23,5,1397,1,9,7,1,7
2017010055134,2,8,0,4,0,2,0,0,0,0,2,1,1,1,39,7,1797,8,5,6,1,6
2017010055134,3,9,0,4,0,2,0,0,0,0,2,1,6,1,30,6,2987,2,9,4,1,4
2017010055135,1,1,0,18,0,1,0,0,0,0,3,1,6,1,50,8,-1,-1,-1,-1,-1,-1
2017010055138,1,9,0,3,0,1,0,0,0,0,1,1,1,1,47,8,1798,8,3,2,1,2
2017010055139,1,9,0,18,0,2,0,0,0,0,1,1,6,1,33,6,1968,2,-1,9,1,9
2017010055142,1,3,0,18,0,1,0,0,0,0,3,1,6,1,37,7,124,1,-1,3,1,3
2017010055143,1,9,5,16,0,8,1,7,1,10,1,1,6,1,26,6,998,1,-1,2,1,2
2017010055145,1,11,0,5,0,0,0,0,0,0,0,1,1,2,60,9,5883,2,15,9,1,9
2017010055147,1,9,0,1,0,1,0,0,0,0,2,1,6,1,39,7,1968,2,6,3,1,3
2017010055147,2,19,0,1,0,2,0,0,0,0,2,1,6,1,40,7,-1,-1,-1,3,1,3
2017010055150,1,9,0,18,0,0,1,4,0,0,4,1,6,2,28,6,2354,1,12,1,1,1
2017010055150,2,9,0,2,9,0,0,0,0,0,3,1,6,3,-1,-1,1599,1,13,-1,-1,-1
2017010055150,3,9,0,2,9,0,0,4,0,0,3,1,6,3,-1,-1,2776,2,9,-1,-1,-1
2017010055150,4,9,0,2,9,0,0,4,0,0,3,1,6,3,-1,-1,1600,1,11,-1,-1,-1
2017010055152,1,90,0,4,0,0,0,0,0,0,2,1,1,2,31,6,2143,2,6,3,1,3
2017010055152,2,2,0,18,0,0,0,0,0,0,1,1,6,1,17,4,49,1,2,1,1,1
2017010055154,1,9,0,9,0,1,0,0,0,0,4,1,2,1,20,4,1598,2,3,1,1,1
2017010055154,2,1,0,18,0,8,0,0,1,0,1,1,6,1,48,8,-1,-1,-1,4,1,4
2017010055155,1,9,0,4,0,3,0,0,0,0,2,1,6,2,19,4,1360,1,20,4,1,4
2017010055155,2,9,0,4,0,3,0,0,0,0,2,1,6,1,22,5,1499,1,1,4,1,4
2017010055155,3,9,0,18,0,3,0,0,0,0,1,1,6,2,26,6,1386,1,10,4,1,4
2017010055156,1,9,0,9,0,6,0,0,0,0,1,1,6,1,22,5,1896,2,12,4,1,4
2017010055156,2,9,0,18,0,2,1,7,0,0,3,1,2,1,21,5,1296,1,9,4,1,4
2017010055156,3,11,0,18,0,1,0,0,0,0,3,1,1,1,40,7,5132,2,1,3,1,3
2017010055157,1,9,0,9,0,2,0,0,0,0,4,1,6,1,29,6,1596,1,10,5,1,5
2017010055157,2,1,0,18,0,1,1,0,0,0,1,1,6,1,62,9,-1,-1,-1,-1,-1,-1
2017010055159,1,2,0,18,0,0,0,0,0,0,1,1,6,1,25,5,-1,-1,-1,3,1,3
2017010055159,2,9,0,18,0,0,0,0,0,0,1,1,6,2,65,9,998,1,13,-1,-1,-1
2017010055160,1,1,0,18,0,0,0,0,0,0,1,1,6,1,37,7,-1,-1,-1,5,1,5
2017010055164,1,9,0,18,0,8,0,0,0,0,1,1,6,1,34,6,1769,1,15,5,1,5
2017010055164,2,9,0,9,0,8,0,0,0,0,1,1,6,1,24,5,1596,1,10,3,1,3
2017010055165,1,9,0,3,0,0,0,4,0,0,1,1,6,1,37,7,-1,-1,-1,4,1,4
2017010055165,2,9,0,3,0,0,0,0,0,0,2,1,6,1,40,7,1900,2,11,6,1,6
2017010055166,1,9,0,16,0,4,0,10,0,0,1,1,6,1,57,9,1461,2,-1,4,1,4
2017010055167,1,9,0,7,0,5,0,0,0,0,4,1,6,1,59,9,1998,1,16,9,1,9
2017010055167,2,1,0,18,0,5,1,0,0,0,3,1,6,1,49,8,-1,-1,-1,3,1,3
2017010055168,1,9,0,18,0,4,0,0,0,0,2,1,6,1,61,9,1968,2,9,4,1,4
2017010055168,2,19,0,18,0,4,0,0,0,0,1,1,6,3,-1,-1,2500,2,12,-1,-1,-1
2017010055169,1,3,0,18,0,8,0,0,0,0,2,1,6,1,35,6,125,1,5,3,1,3
2017010055169,2,9,0,9,0,8,0,0,0,0,1,1,6,1,20,4,1197,1,2,7,1,7
2017010055170,1,9,0,5,0,0,0,0,0,0,0,1,6,2,91,11,1390,1,6,8,1,8
2017010055172,1,9,0,5,0,0,0,0,0,0,1,1,6,2,39,7,1991,8,1,9,1,9
2017010055175,1,9,0,5,0,6,0,0,0,0,3,1,6,2,77,11,1299,1,17,8,1,8
2017010055175,2,5,0,18,0,1,0,0,0,0,1,1,6,1,39,7,999,1,5,4,1,4
2017010055177,1,9,0,16,0,2,0,0,0,0,2,1,6,2,18,4,1198,1,6,5,1,5
2017010055177,2,9,0,17,0,1,0,0,0,0,1,1,6,2,54,8,1339,1,6,7,1,7
2017010055177,3,9,0,16,0,1,0,0,0,0,1,1,6,3,-1,-1,1686,2,7,-1,-1,-1
2017010055178,1,3,0,5,0,2,0,0,0,0,1,1,2,1,25,5,124,1,-1,3,1,3
2017010055178,2,9,0,9,0,6,0,0,0,0,1,1,6,1,27,6,1197,1,5,7,1,7
2017010055180,1,9,0,18,0,1,0,0,0,0,1,1,2,1,26,6,998,1,7,4,1,4
2017010055180,2,8,0,18,0,1,0,0,0,0,1,1,1,1,38,7,1968,2,1,3,1,3
2017010055180,3,8,0,18,0,2,0,0,1,10,3,1,1,1,42,7,-1,-1,-1,5,1,5
2017010055181,1,9,0,9,0,8,0,0,0,0,4,1,6,1,48,8,1968,2,6,6,1,6
2017010055181,2,9,0,5,0,8,0,0,0,0,1,1,6,2,19,4,2231,2,11,4,1,4
2017010055182,1,9,0,18,0,6,0,0,0,0,1,1,6,2,29,6,1995,2,5,8,1,8
2017010055183,1,9,0,11,0,1,2,0,0,0,4,1,6,1,28,6,1390,1,8,-1,-1,-1
2017010055183,2,9,0,18,0,1,0,0,0,0,4,1,6,1,23,5,1229,1,13,3,1,3
2017010055183,3,9,0,18,0,1,0,0,0,0,3,1,6,1,67,10,1198,1,4,5,3,5
2017010055185,1,9,0,18,0,0,0,0,1,10,1,1,6,1,26,6,-1,-1,-1,4,1,4
2017010055185,2,9,0,2,9,0,0,0,0,0,1,1,6,3,-1,-1,1596,1,12,-1,-1,-1
2017010055187,1,9,0,5,0,6,0,0,0,0,4,1,6,2,76,11,1598,1,2,3,1,3
2017010055187,2,1,0,18,0,1,0,0,0,0,1,1,6,2,23,5,-1,-1,-1,4,1,4
2017010055188,1,9,0,4,0,1,0,0,0,0,2,1,6,1,24,5,1368,1,10,5,2,5
2017010055188,2,19,0,3,0,1,0,0,0,0,1,1,6,1,29,6,2402,2,14,2,1,2
2017010055189,1,3,0,18,0,8,1,10,0,0,1,1,6,1,26,6,125,1,8,5,1,5
2017010055190,1,11,0,18,0,2,0,0,0,0,1,1,1,1,31,6,4760,2,6,2,1,2
2017010055191,1,9,0,3,0,1,0,0,0,0,2,1,6,2,30,6,1560,2,7,3,1,3
2017010055191,2,9,0,3,0,1,0,0,0,0,1,1,6,1,37,7,1242,1,13,1,1,1
2017010055192,1,9,0,18,0,3,0,0,0,0,3,1,6,1,52,8,1797,8,7,3,1,3
2017010055192,2,21,0,18,0,3,0,0,0,0,3,1,6,1,24,5,10837,2,1,4,1,4
2017010055193,1,9,0,9,0,8,0,0,0,0,1,1,6,1,38,7,1598,1,13,5,1,5
2017010055193,2,11,1,18,0,8,0,0,0,0,1,1,1,1,44,7,4500,2,5,5,1,5
2017010055195,1,9,0,18,0,1,0,0,0,0,3,1,6,3,-1,-1,-1,-1,-1,-1,-1,-1
2017010055195,2,9,0,12,0,1,1,0,1,7,4,1,6,1,22,5,1388,1,10,5,1,5
2017010055195,3,9,0,18,0,1,0,0,0,0,1,1,6,1,56,9,2987,2,4,9,1,9
2017010055200,1,21,0,9,0,1,0,0,0,0,1,1,2,1,54,8,11967,2,5,4,1,4
2017010055200,2,9,0,18,0,1,0,0,0,0,3,1,1,1,44,7,1910,2,7,3,1,3
2017010055207,1,9,0,4,0,0,0,0,0,0,1,1,6,1,25,5,1598,2,5,1,1,1
2017010055207,2,9,0,4,0,0,0,12,0,0,3,1,6,1,31,6,2143,2,4,2,1,2
2017010055209,1,1,0,18,0,0,0,0,0,0,2,1,6,2,39,7,-1,-1,-1,5,1,5
2017010055212,1,1,0,-1,0,0,0,0,0,0,-1,1,2,1,47,8,-1,-1,-1,8,1,8
2017010055212,2,9,0,-1,0,0,0,0,0,0,-1,-1,6,1,-1,-1,1797,8,5,3,1,3
2017010055213,1,19,0,2,0,2,0,0,0,0,3,1,6,3,-1,-1,2143,2,7,-1,-1,-1
2017010055213,2,1,0,18,0,2,1,4,0,0,1,1,6,2,28,6,-1,-1,-1,5,1,5
2017010055214,1,2,0,18,0,1,0,0,0,0,1,1,6,1,33,6,124,1,13,6,1,6
2017010055214,2,1,0,9,0,2,0,0,0,0,3,1,6,2,-1,-1,-1,-1,-1,4,1,4
2017010055219,1,9,-1,-1,-1,-1,-1,-1,-1,-1,-1,-1,6,3,-1,-1,1686,2,14,-1,-1,-1
2017010055222,1,9,-1,6,0,8,-1,-1,0,0,2,-1,6,1,25,5,1995,2,-1,3,1,3
2017010055222,2,19,-1,6,0,8,0,-1,0,0,1,-1,6,1,38,7,1598,2,2,3,1,3
2017010055226,1,1,-1,18,-1,-1,-1,-1,-1,-1,-1,1,6,2,51,8,-1,-1,-1,8,1,8
2017010055226,2,9,-1,3,-1,-1,-1,-1,-1,-1,-1,-1,6,2,40,7,2143,2,1,7,1,7
2017010055238,1,1,0,-1,0,-1,0,0,0,0,-1,1,6,1,12,3,-1,-1,-1,5,1,5
2017010055238,2,9,0,-1,0,-1,0,0,0,0,-1,-1,6,1,-1,-1,1598,1,12,-1,-1,-1
2017010055242,1,9,0,4,0,8,1,0,0,0,2,1,2,1,24,5,1560,2,2,2,1,2
2017010055242,2,1,0,4,0,8,0,0,0,0,1,1,6,2,27,6,-1,-1,-1,6,1,6
2017010055248,1,1,0,18,0,1,0,0,0,0,1,1,6,2,46,8,-1,-1,-1,2,1,2
2017010055248,2,9,0,7,0,1,0,0,0,0,4,-1,6,1,50,8,1999,2,-1,8,1,8
2017010055257,1,5,0,5,0,0,0,0,0,0,0,1,6,1,30,6,-1,-1,-1,2,1,2
2017010055258,1,9,0,18,0,1,0,0,0,0,1,1,6,1,18,4,1397,1,13,6,1,6
2017010055258,2,9,0,18,0,1,0,0,0,0,1,1,6,2,51,8,2995,1,20,6,1,6
2017010055258,3,9,0,2,0,2,0,0,0,0,2,1,6,3,-1,-1,1497,8,4,-1,-1,-1
2017010055261,1,9,-1,18,0,2,-1,-1,-1,-1,2,-1,6,2,34,6,1896,2,15,5,1,5
2017010055261,2,9,-1,18,0,1,-1,-1,-1,-1,1,-1,6,2,-1,-1,2494,8,1,10,1,10
2017010055266,1,9,0,18,0,1,0,0,0,0,3,1,6,3,-1,-1,-1,-1,-1,-1,-1,-1