Accident_Index,Vehicle_Reference,Vehicle_Type,Towing_and_Articulation,Vehicle_Manoeuvre,Vehicle_Location-Restricted_Lane,Junction_Location,Skidding_and_Overturning,Hit_Object_in_Carriageway,Vehicle_Leaving_Carriageway,Hit_Object_off_Carriageway,1st_Point_of_Impact,Was_Vehicle_Left_Hand_Drive?,Journey_Purpose_of_Driver,Sex_of_Driver,Age_of_Driver,Age_Band_of_Driver,Engine_Capacity_(CC),Propulsion_Code,Age_of_Vehicle,Driver_IMD_Decile,Driver_Home_Area_Type,Vehicle_IMD_Decile
2017010055636,1,9,0,18,9,1,0,7,7,10,1,1,6,1,-1,-1,1499,1,-1,9,1,9
2017010055637,1,1,0,18,4,7,0,0,0,0,4,1,1,2,34,6,-1,-1,-1,4,1,4
2017010055641,1,9,0,9,0,8,0,0,0,0,3,1,6,2,63,9,1390,1,16,3,1,3
2017010055641,2,9,0,18,0,8,0,0,0,0,1,1,6,1,33,6,1796,2,10,5,1,5
2017010055642,1,9,0,9,0,1,0,0,0,0,1,1,2,1,44,7,2685,2,13,3,1,3
2017010055642,2,1,0,18,0,1,0,0,0,0,1,1,2,1,34,6,-1,-1,-1,4,1,4
2017010055643,1,9,0,18,0,2,0,0,0,0,3,1,6,1,19,4,1598,2,2,-1,-1,-1
2017010055643,2,9,0,7,0,2,0,0,0,0,3,1,6,1,25,5,998,1,13,9,1,9
2017010055644,1,9,0,6,0,0,0,0,0,0,3,1,2,1,26,6,1598,2,5,2,1,2
2017010055644,2,3,0,14,0,0,0,0,0,0,1,1,1,1,31,6,125,1,1,3,1,3
2017010055645,1,9,0,18,0,2,0,0,0,0,1,1,6,2,-1,-1,1995,2,3,-1,-1,-1
2017010055646,1,3,0,14,0,1,0,0,0,0,1,1,6,1,19,4,125,1,2,3,1,3
2017010055646,2,9,4,9,0,1,0,0,0,0,1,1,2,1,21,5,1391,1,22,2,1,2
2017010055647,1,9,0,18,0,2,0,0,0,0,1,1,6,1,46,8,1598,1,13,5,1,5
2017010055648,1,9,0,9,0,8,0,0,0,0,3,1,2,2,55,8,1997,2,1,7,1,7
2017010055648,2,1,0,13,0,8,0,0,0,0,3,1,2,1,35,6,-1,-1,-1,6,1,6
2017010055650,1,9,0,14,0,1,0,0,0,0,3,1,2,1,25,5,1999,1,11,7,1,7
2017010055652,1,9,0,7,0,8,0,0,0,0,0,1,6,2,52,8,1497,8,10,5,1,5
2017010055653,1,9,0,4,0,1,0,0,0,0,2,1,6,2,61,9,1582,2,3,9,1,9
2017010055653,2,9,0,18,0,1,0,0,0,0,1,1,6,1,20,4,1596,1,9,4,1,4
2017010055655,1,3,0,15,0,1,0,0,0,0,3,1,1,1,42,7,125,1,10,4,1,4
2017010055655,2,9,0,7,0,1,0,0,0,0,4,1,2,1,23,5,1798,8,2,1,1,1
2017010055656,1,9,0,18,0,0,0,0,0,0,1,1,6,1,20,4,1590,1,12,3,1,3
2017010055656,2,9,0,18,0,0,0,0,0,0,2,1,6,2,27,6,1242,1,7,6,1,6
2017010055656,3,9,0,18,0,0,0,0,0,0,2,1,6,2,24,5,1995,2,2,3,1,3
2017010055658,1,2,0,18,0,1,1,0,0,0,3,1,6,1,20,4,125,1,4,3,1,3
2017010055658,2,9,0,9,0,1,0,0,0,0,1,1,6,3,-1,-1,1797,8,6,-1,-1,-1
2017010055659,1,9,0,18,0,2,1,4,0,0,1,1,2,1,57,9,1364,1,12,4,1,4
2017010055659,2,9,0,2,0,2,0,4,0,0,3,1,6,3,-1,-1,1400,1,11,-1,-1,-1
2017010055659,3,9,0,2,0,2,0,4,0,0,2,1,6,3,-1,-1,1499,1,2,-1,-1,-1
2017010055663,1,3,0,18,0,8,0,0,0,0,0,1,6,1,-1,-1,124,1,15,5,1,5
2017010055664,1,9,0,18,0,0,0,0,0,0,3,1,6,1,24,5,1398,1,3,2,1,2
2017010055665,1,9,0,10,0,6,0,0,0,0,1,1,6,2,24,5,1332,1,12,10,1,10
2017010055666,1,19,0,1,0,1,0,0,0,0,2,2,1,1,51,8,-1,-1,-1,2,1,2
2017010055671,1,9,0,18,0,1,0,0,0,0,2,1,1,1,27,6,1499,2,1,-1,-1,-1
2017010055671,2,9,0,18,0,1,0,0,0,0,1,1,2,1,37,7,1995,1,11,-1,-1,-1
2017010055672,1,1,-1,18,0,8,-1,-1,0,0,-1,1,6,1,26,6,-1,-1,-1,1,1,1
2017010055690,1,1,0,18,0,8,0,0,0,0,4,1,6,1,21,5,-1,-1,-1,-1,-1,-1
2017010055690,2,19,0,7,0,8,0,0,0,0,1,-1,6,1,-1,-1,2143,2,1,-1,-1,-1
2017010055701,1,9,0,-1,0,0,0,0,0,0,4,-1,6,1,25,5,1796,1,11,1,1,1
2017010055701,2,5,0,15,0,0,0,0,0,0,4,1,6,1,-1,-1,-1,-1,-1,-1,-1,-1
2017010055703,1,9,0,18,0,0,0,0,0,0,1,1,6,3,-1,-1,-1,-1,-1,-1,-1,-1
2017010055703,2,1,0,18,0,0,0,0,0,0,2,1,1,1,18,4,-1,-1,-1,1,1,1
2017010055715,1,9,0,9,0,8,0,0,0,0,4,1,2,2,37,7,1398,1,6,2,1,2
2017010055715,2,1,0,15,4,1,0,0,0,0,1,1,2,1,29,6,-1,-1,-1,5,1,5
2017010055717,1,9,0,5,0,4,0,0,0,0,1,1,2,2,17,4,1229,1,11,7,1,7
2017010055717,2,1,0,5,0,1,0,0,0,0,1,1,2,1,39,7,-1,-1,-1,9,1,9
2017010055724,1,10,0,3,0,2,0,0,0,0,3,1,1,1,52,8,-1,-1,-1,3,3,3
2017010055724,2,5,0,14,0,2,0,10,0,0,4,1,2,1,40,7,599,1,17,9,1,9
2017010055729,1,9,-1,18,-1,0,-1,-1,-1,-1,-1,-1,6,1,33,6,-1,-1,-1,2,1,2
2017010055729,2,11,-1,18,-1,0,-1,-1,-1,-1,-1,-1,6,3,-1,-1,-1,-1,-1,-1,-1,-1
2017010055732,1,9,0,-1,9,8,0,0,-1,-1,0,-1,6,3,-1,-1,1956,2,3,-1,-1,-1
2017010055736,1,9,0,7,0,5,0,0,0,0,4,1,6,1,43,7,1910,2,9,7,1,7
2017010055736,2,1,0,18,0,4,0,0,0,0,1,1,6,1,24,5,-1,-1,-1,5,1,5
2017010055737,1,9,0,18,0,3,0,0,0,0,2,-1,6,2,44,7,2179,2,5,5,1,5
2017010055737,2,3,3,18,0,3,0,0,0,0,1,1,6,3,-1,-1,-1,-1,-1,-1,-1,-1
2017010055749,1,1,0,18,0,1,-1,-1,-1,-1,-1,1,6,2,29,6,-1,-1,-1,3,1,3
2017010055749,2,9,-1,-1,-1,-1,-1,-1,-1,-1,-1,-1,6,1,45,7,-1,-1,-1,2,1,2
2017010055751,1,3,0,18,0,1,0,0,0,0,1,1,2,1,45,7,124,1,2,6,1,6
2017010055751,2,8,0,7,0,5,0,0,0,0,4,1,1,1,30,6,1997,2,6,4,1,4
2017010055762,1,9,0,10,0,1,0,0,0,0,-1,1,6,1,42,7,1997,2,1,10,1,10
2017010055762,2,9,-1,18,0,1,0,0,0,0,2,-1,6,1,-1,-1,1398,1,1,-1,-1,-1
2017010055766,1,1,0,18,0,0,0,0,0,0,1,1,6,1,29,6,-1,-1,-1,2,1,2
2017010055766,2,9,0,11,0,0,0,0,0,0,4,-1,6,2,-1,-1,1086,1,11,8,1,8
2017010055778,1,9,-1,9,0,2,0,0,0,0,1,-1,6,3,-1,-1,-1,-1,-1,-1,-1,-1
2017010055783,1,9,0,4,0,0,0,0,0,0,2,1,6,1,51,8,1797,8,6,4,1,4
2017010055783,2,9,0,18,0,0,0,0,0,0,1,1,6,2,29,6,1995,1,11,8,1,8
2017010055786,1,9,0,9,0,6,0,10,0,0,1,1,6,2,60,9,1997,2,5,3,1,3
2017010055788,1,9,0,-1,0,0,0,-1,0,0,-1,-1,6,1,21,5,1242,1,2,4,1,4
2017010055789,1,8,0,4,0,3,0,0,0,0,1,1,1,1,66,10,1968,2,4,7,1,7
2017010055789,2,9,0,4,0,3,0,0,0,0,2,1,6,2,38,7,1390,1,7,1,1,1
2017010055792,1,11,0,3,2,2,0,0,0,0,2,1,1,1,56,9,4500,2,6,4,1,4
2017010055792,2,10,0,18,0,2,0,0,0,0,1,1,6,2,37,7,2198,2,4,-1,-1,-1
2017010055794,1,5,0,18,0,1,1,0,0,0,0,1,6,1,61,9,996,1,15,3,1,3
2017010055795,1,9,-1,18,-1,0,-1,-1,-1,-1,-1,1,6,1,19,4,1198,1,3,8,1,8
2017010055795,2,1,-1,18,-1,0,-1,-1,-1,-1,-1,1,6,1,51,8,-1,-1,-1,9,1,9
2017010055798,1,9,0,18,0,0,0,0,0,0,3,1,6,1,32,6,1900,2,13,3,1,3
2017010055798,2,9,0,18,0,0,1,0,0,0,1,1,2,1,26,6,1598,2,-1,5,1,5
2017010055798,3,9,0,2,6,0,0,0,0,0,2,1,6,3,-1,-1,1198,1,5,-1,-1,-1
2017010055799,1,9,0,18,0,5,0,0,0,0,1,1,6,1,28,6,1248,2,1,3,1,3
2017010055799,2,9,0,18,0,6,0,0,0,0,3,1,6,2,29,6,1995,2,5,7,1,7
2017010055801,1,3,0,18,-1,1,0,-1,-1,-1,-1,1,6,1,41,7,125,1,8,2,1,2
2017010055803,1,9,0,7,0,1,0,0,0,0,4,2,2,2,28,6,998,1,15,7,1,7
2017010055807,1,9,0,4,0,1,0,0,0,0,2,1,2,2,32,6,1299,1,13,1,1,1
2017010055807,2,9,0,18,0,1,0,0,0,0,1,1,2,1,21,5,1242,1,2,3,1,3
2017010055810,1,3,0,18,0,-1,0,0,0,0,2,1,6,1,42,7,108,1,6,2,1,2
2017010055812,1,5,0,18,0,0,0,-1,0,0,4,1,6,1,34,6,1170,1,-1,2,1,2
2017010055812,2,9,0,18,0,0,0,0,0,0,3,-1,6,1,-1,-1,698,1,10,5,1,5
2017010055814,1,8,0,9,0,8,0,0,0,0,1,1,2,1,47,8,1997,2,6,8,1,8
2017010055814,2,1,0,18,0,8,0,0,0,0,1,1,2,1,49,8,-1,-1,-1,10,1,10
2017010055816,1,9,0,9,0,2,0,0,0,0,1,1,6,1,37,7,1149,1,12,2,1,2
2017010055818,1,4,0,18,0,8,0,0,0,0,4,1,1,1,30,6,125,1,11,3,1,3
2017010055818,2,9,0,5,0,7,0,0,0,0,1,1,6,1,62,9,2996,1,10,6,1,6
2017010055820,1,19,0,1,0,0,0,0,0,0,2,1,6,1,57,9,1598,2,10,6,1,6
2017010055821,1,9,0,18,0,0,0,0,0,0,4,-1,6,2,51,8,1499,2,2,2,1,2
2017010055825,1,3,0,18,0,0,5,0,0,0,4,1,2,2,23,5,124,1,6,8,3,8
2017010055825,2,9,-1,9,-1,0,-1,0,0,0,1,-1,6,2,29,6,1791,8,6,2,1,2
2017010055826,1,9,0,7,0,6,0,0,0,0,1,1,1,1,49,8,1956,2,6,3,1,3
2017010055826,2,1,0,18,0,1,0,0,0,0,1,1,6,1,73,10,-1,-1,-1,2,1,2
2017010055829,1,1,0,18,4,0,0,0,0,0,3,1,6,1,72,10,-1,-1,-1,6,1,6
2017010055829,2,11,0,18,0,0,0,0,0,0,4,1,6,3,-1,-1,-1,-1,-1,-1,-1,-1
2017010055834,1,4,0,14,0,1,0,0,0,0,1,1,2,1,53,8,395,1,5,9,1,9
2017010055834,2,19,0,9,0,6,0,0,0,0,1,1,1,1,47,8,2198,2,3,7,1,7
2017010055837,1,9,0,16,0,1,0,0,0,0,4,1,6,1,53,8,2148,2,9,4,1,4
2017010055837,2,9,0,9,0,1,0,0,0,0,1,1,6,1,25,5,1950,2,-1,4,1,4
2017010055839,1,3,0,13,0,0,0,0,0,0,1,1,6,1,14,3,125,1,15,3,1,3
2017010055839,2,11,0,18,0,0,0,0,0,0,1,1,1,1,60,9,4500,2,1,3,1,3
2017010055839,3,9,0,18,0,0,0,0,0,0,0,1,6,1,43,7,-1,-1,-1,8,1,8
2017010055842,1,9,-1,-1,-1,0,-1,-1,-1,-1,-1,-1,6,1,49,8,1762,1,20,-1,-1,-1
2017010055842,2,9,-1,18,0,0,-1,-1,-1,-1,-1,-1,6,3,-1,-1,999,1,-1,-1,-1,-1
2017010055843,1,9,0,13,0,2,0,0,0,0,4,1,6,1,42,7,1560,2,4,4,1,4
2017010055843,2,20,1,18,0,1,0,0,0,0,3,2,1,1,27,6,-1,-1,-1,-1,-1,-1
2017010055844,1,2,0,18,0,-1,0,0,0,0,1,1,2,1,27,6,124,1,15,6,1,6
2017010055844,2,9,0,9,0,-1,0,0,0,0,4,1,6,1,-1,-1,-1,-1,-1,-1,-1,-1
2017010055847,1,9,0,9,0,1,0,0,0,0,4,1,6,1,20,4,1995,2,6,1,1,1
2017010055847,2,9,0,18,0,1,0,0,0,0,1,1,6,1,30,6,1956,2,3,2,1,2
2017010055854,1,9,0,-1,0,3,0,0,0,0,2,1,6,2,27,6,1598,1,6,5,1,5
2017010055854,2,9,0,-1,0,3,0,0,0,0,1,1,6,2,-1,-1,2499,1,10,4,1,4
2017010055857,1,9,0,15,0,0,-1,-1,0,0,4,-1,6,3,-1,-1,-1,-1,-1,-1,-1,-1
2017010055865,1,8,0,3,0,1,0,0,0,0,2,1,1,1,33,6,2987,2,2,4,1,4
2017010055865,2,1,0,18,9,1,0,4,0,0,2,1,6,1,29,6,-1,-1,-1,3,1,3
2017010055867,1,9,0,18,0,8,5,4,0,0,1,1,6,1,62,9,973,1,14,1,1,1
2017010055867,2,90,0,2,0,8,0,0,0,0,4,2,6,3,-1,-1,4300,1,22,-1,-1,-1
2017010055867,3,9,0,2,0,8,0,0,0,0,4,1,6,3,-1,-1,3222,2,13,-1,-1,-1
2017010055867,4,9,0,2,0,8,0,0,0,0,2,1,6,3,-1,-1,1753,2,9,-1,-1,-1
2017010055869,1,19,0,18,0,1,0,0,0,0,1,2,1,1,20,4,2143,2,1,-1,-1,-1
2017010055869,2,9,0,3,0,1,0,0,0,0,2,2,6,1,42,7,1799,1,11,8,1,8
2017010055869,3,19,0,3,0,1,0,0,0,0,2,2,1,1,53,8,1995,2,8,1,1,1
2017010055869,4,19,0,3,0,1,0,0,0,0,2,2,1,1,31,6,2298,2,-1,3,1,3
2017010055871,1,9,0,9,0,0,0,0,0,0,3,1,6,1,28,6,1995,2,3,3,1,3
2017010055871,2,9,0,18,0,0,0,0,0,0,1,1,6,1,20,4,1296,1,11,8,1,8
2017010055874,1,9,0,4,0,6,0,0,0,0,1,1,6,1,71,10,1498,1,1,4,1,4
2017010055874,2,9,0,4,0,6,0,0,0,0,2,1,6,1,40,7,2148,2,12,3,1,3
2017010055875,1,9,0,9,0,5,0,0,0,0,2,1,1,1,46,8,1598,1,5,4,1,4
2017010055875,2,4,0,13,0,1,0,0,0,0,1,1,6,1,46,8,649,1,3,3,1,3
2017010055876,1,11,0,18,0,1,0,0,0,0,0,1,1,1,53,8,4500,2,6,5,1,5
2017010055877,1,21,0,4,0,1,0,0,0,0,1,1,1,1,32,6,5880,2,10,2,1,2
2017010055877,2,9,0,3,0,1,0,0,0,0,2,1,6,2,41,7,2171,1,14,5,1,5
2017010055877,3,9,0,3,0,1,0,0,0,0,2,1,6,2,33,6,1197,1,3,6,1,6
2017010055878,1,9,0,9,0,8,0,0,0,0,3,1,1,1,48,8,1870,2,14,4,1,4
2017010055878,2,1,0,18,0,1,0,0,0,0,1,1,2,1,29,6,-1,-1,-1,4,1,4
2017010055879,1,9,0,5,0,1,0,0,0,0,1,1,1,1,56,9,1797,8,6,2,1,2
2017010055880,1,4,0,7,0,6,2,0,0,0,0,1,6,1,24,5,125,1,13,1,1,1
2017010055881,1,3,0,14,0,0,0,0,0,0,1,1,2,1,21,5,108,1,1,7,1,7
2017010055881,2,8,0,3,0,0,0,8,0,0,3,1,1,1,52,8,1797,8,3,1,1,1
2017010055882,1,9,0,9,0,2,0,0,0,0,1,1,6,1,52,8,1910,2,10,2,1,2
2017010055884,1,9,0,7,0,1,1,0,0,0,2,1,6,1,25,5,1229,1,11,2,1,2
2017010055884,2,9,0,18,0,8,0,0,0,0,1,1,6,3,-1,-1,1796,1,14,-1,-1,-1
2017010055886,1,9,0,18,0,1,0,0,0,0,1,1,6,1,68,10,1598,1,9,4,1,4
2017010055886,2,1,0,18,0,8,0,0,0,0,1,1,6,1,15,3,-1,-1,-1,3,1,3
2017010055887,1,5,0,18,0,0,0,0,0,0,1,1,6,1,25,5,-1,-1,-1,7,1,7
2017010055889,1,9,0,9,0,0,0,0,0,0,1,1,6,1,46,8,1956,2,8,2,1,2
2017010055890,1,9,0,4,0,1,0,0,0,0,3,1,6,1,37,7,2143,12,3,1,1,1
2017010055890,2,4,0,13,0,1,0,0,0,0,4,1,6,1,36,7,955,1,18,5,1,5
2017010055892,1,9,0,18,0,8,0,0,0,0,4,1,6,2,54,8,1986,1,7,10,1,10
2017010055892,2,9,0,7,0,4,0,0,0,0,1,2,6,1,23,5,-1,-1,-1,-1,-1,-1
2017010055893,1,8,0,11,0,1,0,0,0,0,1,1,2,1,54,8,2143,2,5,7,1,7
2017010055893,2,1,0,4,0,1,0,0,0,0,2,1,2,1,27,6,-1,-1,-1,2,1,2
2017010055894,1,4,0,13,0,0,0,0,1,0,3,1,2,1,23,5,125,1,7,1,1,1
2017010055894,2,9,0,4,0,0,0,0,0,0,4,1,6,1,52,8,1968,2,11,1,1,1
2017010055896,1,1,0,9,0,8,0,0,0,0,2,1,6,2,32,6,-1,-1,-1,2,1,2
2017010055896,2,8,0,9,0,8,0,0,0,0,1,1,1,1,53,8,1339,8,6,2,1,2
2017010055897,1,9,0,9,0,4,0,0,0,0,1,1,1,1,33,6,1364,2,7,4,1,4
2017010055897,2,3,0,9,0,4,2,0,0,0,1,1,1,1,23,5,108,1,2,2,1,2
2017010055899,1,9,0,18,0,0,0,0,0,0,1,1,6,1,18,4,1968,2,6,7,1,7
2017010055899,2,9,0,4,0,0,0,0,0,0,2,1,6,1,34,6,-1,-1,-1,3,1,3
2017010055902,1,1,0,4,9,1,5,0,0,0,0,1,6,2,27,6,-1,-1,-1,2,1,2
2017010055903,1,5,0,18,0,1,1,0,1,10,1,1,6,1,30,6,998,1,4,3,1,3
2017010055903,2,9,0,9,0,1,0,0,0,0,4,1,6,1,33,6,1598,1,12,3,1,3
2017010055905,1,9,0,16,0,8,0,10,0,0,1,1,6,1,21,5,1796,1,12,3,1,3
2017010055908,1,9,0,3,0,0,0,0,0,0,2,1,6,2,40,7,1242,1,7,2,1,2
2017010055908,2,9,0,18,0,0,0,0,0,0,1,1,1,1,51,8,1198,1,4,2,1,2
2017010055909,1,1,0,18,0,1,0,0,0,0,4,1,6,1,30,6,-1,-1,-1,2,1,2
2017010055909,2,9,0,6,0,1,0,0,0,0,1,-1,6,1,50,8,1240,1,12,3,1,3
2017010055910,1,9,0,3,0,6,0,0,0,0,4,1,6,1,37,7,1360,1,11,7,1,7
2017010055911,1,9,0,18,0,1,0,0,0,0,3,1,1,1,57,9,1560,2,9,3,1,3
2017010055911,2,3,0,18,0,1,5,7,0,0,1,1,1,1,41,7,125,1,3,3,1,3
2017010055915,1,9,0,18,0,8,0,0,0,0,1,1,2,1,33,6,1242,1,11,3,1,3
2017010055915,2,9,0,18,0,8,0,0,0,0,1,1,2,1,59,9,1198,1,12,4,1,4
2017010055918,1,90,0,2,0,1,0,0,0,0,3,1,6,3,-1,-1,6370,2,10,-1,-1,-1
2017010055918,2,1,0,14,0,1,0,0,0,0,3,1,6,1,58,9,-1,-1,-1,7,1,7
2017010055927,1,19,0,3,5,2,0,0,0,0,0,1,1,1,55,8,2461,2,7,-1,-1,-1
2017010055927,2,1,0,18,5,1,0,0,0,0,1,1,6,1,24,5,-1,-1,-1,1,1,1
2017010055927,3,1,0,18,4,1,0,0,0,0,1,1,6,1,52,8,-1,-1,-1,4,1,4
2017010055931,1,3,0,9,0,8,1,-1,0,0,1,1,1,1,30,6,125,1,2,5,1,5
2017010055931,2,9,-1,7,0,8,0,-1,0,0,1,-1,6,1,48,8,2960,1,27,4,3,4
2017010055934,1,3,0,9,0,5,0,0,0,0,1,1,1,1,24,5,125,1,-1,1,1,1
2017010055934,2,1,0,18,0,1,0,0,0,0,1,1,1,1,26,6,-1,-1,-1,5,1,5
2017010055937,1,19,0,9,0,1,0,0,0,0,3,1,1,1,23,5,2198,2,1,-1,1,-1
2017010055937,2,4,0,13,0,1,5,0,0,0,1,1,2,1,27,6,599,1,9,7,1,7
2017010055937,3,9,0,2,0,1,0,0,0,0,3,1,6,3,-1,-1,1598,2,1,-1,-1,-1
2017010055940,1,9,-1,4,0,-1,0,-1,0,0,2,-1,6,1,24,5,1398,1,1,5,1,5
2017010055940,2,9,-1,4,0,-1,0,-1,0,0,1,-1,6,1,-1,-1,1798,1,7,-1,-1,-1
2017010055941,1,9,-1,18,0,1,-1,-1,-1,-1,2,-1,2,2,43,7,999,2,2,6,1,6
2017010055941,2,11,-1,-1,0,1,-1,-1,-1,-1,-1,1,1,1,28,6,-1,-1,-1,6,1,6
2017010055942,1,9,0,6,0,0,0,0,0,0,4,1,6,2,27,6,1560,2,4,-1,1,-1
2017010055942,2,4,0,18,0,0,5,0,0,0,1,1,6,1,39,7,599,1,14,1,1,1
2017010055944,1,9,0,3,0,1,0,0,0,0,2,1,1,2,34,6,2179,2,4,5,1,5
2017010055944,2,9,0,18,0,1,0,0,0,0,1,1,6,1,20,4,1339,1,8,5,1,5
2017010055945,1,4,0,18,0,0,0,0,0,0,1,1,1,1,26,6,124,1,2,9,1,9
2017010055945,2,9,0,9,0,0,0,0,0,0,3,1,1,2,29,6,998,1,4,2,1,2
2017010055946,1,9,-1,-1,-1,-1,-1,-1,-1,-1,-1,1,6,2,32,6,1794,1,10,3,1,3
2017010055946,2,9,-1,-1,-1,-1,-1,-1,-1,-1,-1,1,6,3,-1,-1,2987,2,1,-1,-1,-1
2017010055949,1,9,0,4,0,0,0,0,0,0,2,1,6,1,54,8,1797,8,8,8,1,8
2017010055950,1,9,0,-1,-1,-1,0,-1,-1,-1,-1,-1,6,1,28,6,1360,1,13,10,1,10
2017010055953,1,9,0,4,0,1,0,0,0,0,1,1,6,2,29,6,1388,1,7,2,1,2
2017010055953,2,1,0,18,9,1,1,0,0,0,3,1,2,1,21,5,-1,-1,-1,2,1,2
2017010055954,1,21,1,5,0,1,0,0,0,0,1,1,1,1,59,9,12809,2,2,9,2,9
2017010055954,2,3,0,7,0,6,5,0,0,0,2,1,6,1,36,7,125,1,1,6,1,6
2017010055955,1,9,0,9,0,1,0,0,0,0,1,1,1,2,39,7,1995,2,12,6,1,6
2017010055956,1,21,1,17,0,4,1,0,0,0,1,1,1,1,65,9,12777,2,4,7,1,7
2017010055956,2,9,0,12,0,4,0,0,7,1,2,1,6,1,36,7,2143,2,2,2,1,2
2017010055957,1,9,0,3,0,0,0,0,0,0,2,1,6,1,60,9,4660,1,13,5,1,5
2017010055957,2,21,0,5,0,0,0,4,0,0,1,1,1,1,30,6,-1,-1,-1,6,1,6
2017010055958,1,11,0,18,0,0,0,0,0,0,1,1,1,1,20,4,-1,-1,-1,6,1,6
2017010055960,1,9,0,18,0,0,1,0,0,0,1,1,2,1,55,8,1198,1,2,7,1,7
2017010055962,1,9,-1,-1,-1,0,-1,-1,-1,-1,-1,-1,6,2,36,7,1498,1,8,-1,-1,-1
2017010055962,2,19,-1,18,-1,0,-1,-1,-1,-1,-1,-1,6,1,-1,-1,2198,2,10,-1,-1,-1
2017010055964,1,9,0,18,0,6,0,0,0,0,1,1,6,1,26,6,998,1,11,1,1,1
2017010055966,1,11,0,16,0,8,0,0,0,0,3,1,1,1,63,9,3900,2,12,3,3,3
2017010055973,1,1,0,18,0,8,0,0,0,0,2,1,2,2,48,8,-1,-1,-1,3,1,3
2017010055973,2,9,0,7,0,8,0,0,0,0,1,-1,6,1,-1,-1,1598,1,9,-1,-1,-1
2017010055974,1,9,0,18,0,0,0,0,0,0,3,1,6,2,28,6,1598,1,12,6,1,6
2017010055974,2,9,0,7,0,0,0,0,0,0,4,1,6,1,29,6,2143,2,4,3,1,3
2017010055979,1,9,0,9,0,0,0,0,0,0,4,1,6,2,50,8,1395,1,3,9,1,9
2017010055979,2,3,0,18,0,0,0,0,0,0,1,1,6,1,19,4,125,1,-1,5,1,5
2017010055980,1,9,0,9,0,5,0,0,0,0,1,1,6,1,77,11,1956,2,6,10,2,10
2017010055986,1,9,0,3,0,0,0,0,0,0,3,1,6,1,32,6,-1,-1,-1,5,1,5
2017010055986,2,9,0,18,0,0,0,0,0,0,1,1,6,2,50,8,1398,1,2,3,1,3
2017010055988,1,9,0,18,0,2,0,0,0,0,4,1,6,1,48,8,-1,-1,-1,7,1,7
2017010055990,1,9,0,18,0,3,1,0,1,0,2,1,6,2,44,7,1360,1,9,3,1,3
2017010055990,2,9,0,8,0,4,0,0,0,0,1,1,6,2,31,6,1689,2,14,4,1,4
2017010055992,1,5,0,16,2,5,0,0,1,0,1,1,1,1,27,6,749,1,5,4,1,4
2017010055992,2,8,0,7,7,5,0,0,1,0,2,1,1,1,61,9,1796,1,3,2,1,2
2017010056000,1,90,0,18,0,1,0,0,0,0,1,1,6,3,-1,-1,-1,-1,-1,-1,-1,-1
2017010056001,1,8,0,18,0,2,0,0,0,0,1,1,1,1,36,7,1797,8,6,3,1,3
2017010056001,2,1,0,18,0,1,0,0,0,0,3,1,6,1,46,8,-1,-1,-1,7,1,7
2017010056002,1,9,-1,-1,-1,0,0,-1,-1,-1,-1,-1,6,1,-1,-1,2793,1,19,3,1,3
2017010056002,2,1,0,18,4,0,0,-1,-1,-1,-1,1,2,1,31,6,-1,-1,-1,6,1,6
2017010056003,1,9,0,5,0,0,0,0,0,0,1,1,6,2,69,10,999,1,4,7,2,7
2017010056008,1,19,0,7,0,1,0,0,0,0,3,1,6,3,-1,-1,2402,2,6,-1,-1,-1
2017010056010,1,11,0,7,0,2,0,0,0,0,0,1,1,1,38,7,-1,-1,-1,4,1,4
2017010056012,1,9,0,18,0,0,0,0,0,0,1,1,2,1,53,8,1995,1,7,8,1,8
2017010056013,1,9,0,3,0,2,0,0,0,0,2,1,2,2,52,8,1598,1,5,3,1,3
2017010056013,2,9,0,18,0,2,0,0,0,0,1,1,6,1,17,4,1390,1,14,9,1,9
2017010056015,1,9,0,10,0,1,0,0,0,0,3,1,6,1,40,7,2967,2,2,7,1,7
2017010056015,2,5,0,14,0,1,0,4,0,0,1,1,6,1,43,7,649,1,2,3,1,3
2017010056016,1,9,0,4,0,0,0,0,0,0,2,1,6,2,40,7,1598,1,15,3,1,3
2017010056016,2,9,0,4,0,0,0,0,0,0,0,1,6,1,51,8,998,1,12,2,1,2
2017010056016,3,9,0,4,0,0,0,0,0,0,2,1,1,1,48,8,1798,8,3,7,1,7
2017010056016,4,9,0,4,0,0,0,0,0,0,0,1,6,1,43,7,1797,8,7,3,1,3
2017010056017,1,19,0,18,0,1,0,0,0,0,1,1,2,1,34,6,1461,2,9,9,1,9
2017010056017,2,9,0,9,0,1,0,0,0,0,3,1,6,1,38,7,1896,2,15,7,1,7
2017010056018,1,9,0,18,0,2,0,0,0,0,4,1,6,1,41,7,2099,1,14,9,1,9
2017010056019,1,9,0,4,0,2,0,0,0,0,1,1,6,2,34,6,1598,2,3,9,1,9
2017010056019,2,3,0,18,0,1,0,0,0,0,1,1,6,1,39,7,125,1,3,7,1,7
2017010056020,1,5,0,15,0,1,5,0,0,0,1,1,6,1,28,6,600,1,3,3,1,3
2017010056020,2,9,0,7,0,1,0,0,0,0,2,1,2,1,58,9,2143,2,4,2,1,2
2017010056021,1,3,0,18,0,0,0,0,0,0,1,1,6,1,20,4,124,1,1,2,1,2
2017010056021,2,9,0,18,0,0,0,0,0,0,2,1,6,1,37,7,-1,-1,-1,-1,-1,-1
2017010056022,1,4,0,14,0,0,0,0,0,0,1,1,6,1,16,4,-1,-1,-1,-1,-1,-1