Accident_Index,Vehicle_Reference,Vehicle_Type,Towing_and_Articulation,Vehicle_Manoeuvre,Vehicle_Location-Restricted_Lane,Junction_Location,Skidding_and_Overturning,Hit_Object_in_Carriageway,Vehicle_Leaving_Carriageway,Hit_Object_off_Carriageway,1st_Point_of_Impact,Was_Vehicle_Left_Hand_Drive?,Journey_Purpose_of_Driver,Sex_of_Driver,Age_of_Driver,Age_Band_of_Driver,Engine_Capacity_(CC),Propulsion_Code,Age_of_Vehicle,Driver_IMD_Decile,Driver_Home_Area_Type,Vehicle_IMD_Decile
2017010056560,1,3,0,18,2,1,0,0,0,0,2,1,6,1,46,8,124,1,13,3,1,3
2017010056560,2,9,0,18,0,1,0,0,0,0,1,1,6,1,55,8,1560,2,12,2,1,2
2017010056562,1,9,0,18,0,1,0,0,0,0,1,1,6,2,44,7,1240,1,9,6,1,6
2017010056562,2,1,0,9,0,1,0,-1,-1,-1,-1,1,6,1,24,5,-1,-1,-1,2,1,2
2017010056564,1,9,0,4,0,2,0,0,0,0,2,1,6,1,28,6,1229,1,4,6,1,6
2017010056564,2,9,0,18,0,2,0,0,0,0,2,1,6,1,29,6,-1,-1,-1,7,1,7
2017010056564,3,9,0,18,0,2,0,0,0,0,1,2,6,1,48,8,2967,2,6,2,1,2
2017010056565,1,19,0,3,0,1,0,0,0,0,2,1,1,1,30,6,1998,2,12,2,1,2
2017010056565,2,9,0,5,0,1,0,0,0,0,1,1,2,2,43,7,1997,2,7,2,1,2
2017010056567,1,9,0,18,0,1,0,0,0,0,4,1,1,1,30,6,-1,3,1,7,1,7
2017010056567,2,3,0,18,0,1,0,0,0,0,3,1,1,1,44,7,124,1,2,4,1,4
2017010056570,1,9,0,3,0,1,0,0,0,0,2,1,6,1,21,5,1598,1,15,6,1,6
2017010056573,1,11,-1,-1,0,-1,0,0,0,0,-1,1,1,1,-1,-1,6692,2,7,-1,-1,-1
2017010056582,1,8,0,5,0,8,0,0,0,0,4,1,1,1,58,9,-1,-1,-1,4,1,4
2017010056589,1,9,0,18,0,0,0,0,0,0,1,1,6,3,-1,-1,1598,1,11,-1,-1,-1
2017010056590,1,9,0,1,0,1,0,0,0,0,2,-1,6,1,-1,-1,898,1,1,-1,-1,-1
2017010056593,1,9,0,18,0,8,1,0,0,0,1,-1,6,2,30,6,1200,1,1,-1,-1,-1
2017010056593,2,9,-1,4,0,8,-1,0,-1,-1,2,-1,6,1,-1,-1,1598,1,7,-1,-1,-1
2017010056593,3,9,-1,-1,0,8,-1,-1,-1,-1,-1,-1,6,2,-1,-1,1496,2,1,-1,-1,-1
2017010056596,1,9,-1,-1,-1,-1,-1,-1,-1,-1,1,-1,6,1,49,8,1686,2,10,1,1,1
2017010056596,2,9,-1,-1,-1,-1,-1,12,-1,0,-1,-1,6,3,-1,-1,1984,1,9,-1,-1,-1
2017010056597,1,2,0,18,0,1,5,0,0,0,1,1,1,1,18,4,109,1,2,2,1,2
2017010056597,2,9,0,18,0,1,0,0,0,0,4,1,6,1,38,7,1390,1,14,3,1,3
2017010056597,3,1,0,18,0,1,5,0,0,0,2,1,6,1,57,9,-1,-1,-1,2,1,2
2017010056597,4,9,0,18,0,1,0,0,0,0,0,1,6,3,-1,-1,1798,8,5,-1,-1,-1
2017010056603,1,9,0,18,0,1,0,0,0,0,1,-1,6,1,29,6,2496,2,14,1,1,1
2017010056603,2,9,0,18,0,2,0,0,0,0,1,-1,6,2,-1,-1,1956,2,2,4,1,4
2017010056606,1,9,0,2,0,1,0,0,0,0,2,-1,6,3,-1,-1,1798,8,4,-1,-1,-1
2017010056606,2,9,0,18,0,5,0,0,0,0,1,-1,6,1,-1,-1,2926,2,15,-1,-1,-1
2017010056611,1,8,0,16,0,3,0,0,0,0,1,1,1,1,64,9,1896,2,9,4,1,4
2017010056611,2,9,0,9,0,6,0,0,0,0,4,1,2,1,37,7,1997,1,7,4,1,4
2017010056612,1,21,0,3,0,2,0,0,0,0,4,1,1,1,34,6,5900,2,15,2,1,2
2017010056612,2,1,0,15,4,2,2,8,1,0,1,1,2,1,35,6,-1,-1,-1,10,1,10
2017010056629,1,9,0,4,0,1,0,0,0,0,2,1,6,2,40,7,1560,2,7,-1,-1,-1
2017010056629,2,9,0,4,0,1,0,0,0,0,1,1,6,2,-1,-1,1598,1,9,8,1,8
2017010056630,1,2,0,18,0,1,0,0,0,0,1,1,2,2,67,10,-1,-1,-1,2,1,2
2017010056630,2,9,0,9,0,1,0,0,0,0,1,1,2,1,55,8,1595,1,15,5,1,5
2017010056641,1,9,0,4,0,1,0,0,0,0,2,1,6,2,34,6,998,1,17,3,1,3
2017010056641,2,9,0,4,0,1,0,-1,0,0,1,-1,6,2,-1,-1,1596,1,6,6,1,6
2017010056643,1,9,-1,-1,-1,-1,-1,-1,-1,-1,-1,-1,6,1,21,5,1242,1,4,-1,-1,-1
2017010056647,1,9,0,9,0,6,0,0,0,0,4,1,6,3,-1,-1,1197,1,1,-1,-1,-1
2017010056650,1,9,0,18,0,1,0,0,0,0,3,1,6,1,66,10,2231,2,10,3,1,3
2017010056650,2,3,0,13,0,1,0,0,0,0,1,1,6,2,51,8,125,1,5,2,1,2
2017010056651,1,19,0,18,0,1,0,0,0,0,1,1,1,1,49,8,1560,2,1,3,1,3
2017010056652,1,9,0,9,0,1,0,0,0,0,1,1,6,2,49,8,1329,1,4,3,1,3
2017010056654,1,9,0,18,0,1,0,0,0,0,1,1,6,1,29,6,998,1,1,4,1,4
2017010056655,1,19,0,18,0,0,0,0,0,0,1,1,1,1,47,8,1995,2,4,3,1,3
2017010056655,2,9,0,18,0,0,0,0,0,0,2,1,6,2,61,9,1461,2,1,2,1,2
2017010056656,1,9,0,4,0,4,0,0,0,0,3,1,6,2,25,5,1997,2,3,4,1,4
2017010056656,2,9,0,9,0,4,0,0,0,0,1,1,6,3,-1,-1,1124,1,13,-1,-1,-1
2017010056658,1,9,-1,-1,0,0,-1,-1,-1,-1,1,-1,6,2,81,11,1968,2,12,9,1,9
2017010056660,1,9,0,18,0,8,1,0,0,0,1,1,6,2,21,5,998,1,2,4,1,4
2017010056660,2,90,0,18,0,8,2,0,0,0,4,1,1,1,49,8,2987,2,2,5,1,5
2017010056661,1,19,0,18,4,1,0,0,0,0,1,1,6,1,39,7,1560,2,2,3,1,3
2017010056661,2,1,0,18,4,1,0,0,1,0,3,1,6,1,26,6,-1,-1,-1,5,1,5
2017010056662,1,9,-1,-1,-1,-1,-1,-1,-1,-1,-1,-1,6,2,49,8,1997,1,1,4,1,4
2017010056669,1,9,0,18,0,1,0,4,0,0,1,1,6,1,14,3,1896,2,14,2,1,2
2017010056669,2,9,0,2,0,2,0,4,0,0,2,1,6,3,-1,-1,1242,1,11,-1,-1,-1
2017010056669,3,9,0,2,0,2,0,0,0,0,2,1,6,3,-1,-1,1796,1,9,-1,-1,-1
2017010056672,1,1,0,-1,0,2,-1,0,0,0,0,1,6,1,-1,-1,-1,-1,-1,-1,-1,-1
2017010056673,1,9,0,-1,-1,0,0,-1,-1,-1,-1,-1,6,1,34,6,1798,1,11,6,1,6
2017010056673,2,19,0,-1,-1,0,0,-1,-1,-1,-1,-1,6,1,50,8,2402,2,14,7,1,7
2017010056675,1,19,0,17,9,1,0,0,1,10,4,1,2,1,37,7,1753,2,11,2,1,2
2017010056677,1,9,0,9,0,6,0,0,0,0,1,1,6,2,44,7,1339,1,8,1,1,1
2017010056682,1,19,-1,-1,0,0,-1,-1,-1,-1,-1,-1,6,3,-1,-1,1998,2,11,-1,-1,-1
2017010056687,1,1,0,9,0,8,0,11,0,0,1,1,6,1,19,4,-1,-1,-1,3,1,3
2017010056691,1,9,0,5,0,8,0,0,0,0,4,1,1,1,48,8,1598,2,1,-1,-1,-1
2017010056691,2,9,0,18,0,4,0,0,0,0,3,1,6,1,24,5,1995,1,7,4,1,4
2017010056696,1,9,0,3,0,4,0,0,0,0,2,-1,6,2,41,7,1855,1,18,6,1,6
2017010056696,2,9,-1,18,0,4,-1,0,0,0,1,-1,1,1,-1,-1,1791,8,6,5,1,5
2017010056697,1,9,0,9,0,6,0,0,0,0,1,1,6,1,74,10,-1,-1,-1,5,1,5
2017010056697,2,4,0,18,0,8,0,0,0,0,3,1,1,1,24,5,125,1,2,5,1,5
2017010056698,1,11,0,4,6,0,0,0,0,0,0,1,1,2,24,5,4500,2,-1,3,1,3
2017010056700,1,3,0,18,0,1,2,0,0,0,3,1,1,1,43,7,124,1,12,5,1,5
2017010056700,2,9,0,18,0,2,0,0,0,0,3,1,1,1,30,6,-1,-1,-1,-1,-1,-1
2017010056701,1,8,0,18,0,-1,0,-1,-1,0,-1,1,6,1,61,9,2499,2,10,7,1,7
2017010056701,2,1,0,18,0,-1,0,0,-1,0,2,1,6,1,-1,-1,-1,-1,-1,-1,-1,-1
2017010056704,1,9,0,9,0,6,0,0,0,0,1,1,1,1,51,8,1995,2,4,5,1,5
2017010056704,2,3,0,17,0,8,1,0,0,0,1,1,6,1,28,6,125,1,2,5,1,5
2017010056707,1,9,0,18,0,0,0,0,0,0,3,1,6,1,72,10,1995,2,5,9,1,9
2017010056707,2,9,0,18,0,0,0,0,0,0,3,1,6,2,49,8,2295,1,14,9,1,9
2017010056707,3,9,0,18,0,0,0,0,0,0,1,1,6,2,49,8,1598,1,9,6,1,6
2017010056710,1,9,0,9,0,5,0,0,0,0,4,1,6,1,-1,-1,1956,2,1,2,1,2
2017010056710,2,1,0,18,0,8,2,0,0,0,1,1,6,2,40,7,-1,-1,-1,6,1,6
2017010056711,1,2,0,18,0,0,0,0,1,0,1,1,6,1,23,5,108,1,8,3,1,3
2017010056713,1,9,0,9,0,1,0,0,0,0,3,1,6,1,39,7,1596,1,14,2,1,2
2017010056713,2,3,0,18,0,1,0,0,0,0,1,1,6,1,28,6,124,1,6,3,1,3
2017010056715,1,11,0,4,0,8,0,0,0,0,0,1,1,1,48,8,8268,2,14,4,1,4
2017010056718,1,9,0,16,0,2,0,0,0,0,1,1,1,1,41,7,1598,2,2,4,1,4
2017010056718,2,9,0,16,0,2,0,0,0,0,2,1,6,2,23,5,1956,2,5,-1,-1,-1
2017010056726,1,9,0,15,0,0,0,0,0,0,1,1,6,1,40,7,1388,1,14,5,1,5
2017010056728,1,9,0,9,0,5,0,0,0,0,4,2,6,2,42,7,1339,1,10,5,1,5
2017010056728,2,3,0,18,0,1,5,0,0,0,1,1,6,1,39,7,108,1,5,8,1,8
2017010056732,1,3,0,18,0,1,5,0,0,0,4,1,1,1,23,5,108,1,4,3,1,3
2017010056732,2,8,0,9,0,2,0,0,0,0,1,1,1,1,28,6,1797,8,6,-1,-1,-1
2017010056732,3,9,0,4,0,1,0,0,0,0,1,1,1,1,41,7,1798,8,3,3,1,3
2017010056734,1,9,0,18,0,2,0,0,0,0,1,2,6,1,69,10,1390,1,16,9,1,9
2017010056734,2,11,0,18,0,2,0,0,0,0,1,1,1,1,30,6,4500,2,6,3,1,3
2017010056736,1,9,0,3,0,1,0,0,0,0,1,1,6,1,46,8,1995,2,8,-1,-1,-1
2017010056736,2,9,0,3,0,1,0,0,0,0,2,1,6,1,32,6,1396,2,5,5,1,5
2017010056738,1,3,0,18,0,4,1,9,0,0,1,1,6,2,35,6,89,1,34,-1,-1,-1
2017010056738,2,9,0,18,0,4,0,0,0,0,1,1,6,1,55,8,2967,2,5,9,1,9
2017010056739,1,9,0,4,0,4,0,0,0,0,1,1,6,1,37,7,1395,1,2,5,1,5
2017010056739,2,9,0,4,0,4,0,0,0,0,2,1,6,1,57,9,1598,2,7,5,1,5
2017010056739,3,9,0,3,0,4,0,0,0,0,2,1,6,2,48,8,998,1,14,3,1,3
2017010056740,1,9,0,4,0,1,0,0,0,0,1,1,6,1,41,7,-1,-1,-1,4,1,4
2017010056740,2,19,0,18,0,1,0,0,0,0,1,1,6,1,69,10,2143,2,5,3,1,3
2017010056742,1,90,0,4,2,0,0,0,0,0,0,1,6,1,26,6,-1,-1,-1,2,1,2
2017010056742,2,9,0,11,2,0,0,0,0,0,0,2,6,1,33,6,1991,1,2,-1,-1,-1
2017010056743,1,9,0,5,9,6,0,4,0,0,1,1,6,2,44,7,1388,1,10,3,1,3
2017010056744,1,9,0,9,0,8,0,0,0,0,1,1,6,1,22,5,1985,1,18,10,1,10
2017010056744,2,9,0,18,0,8,0,0,0,0,1,1,6,1,28,6,1781,1,12,3,1,3
2017010056747,1,8,0,18,0,8,0,0,0,0,3,1,1,1,53,8,2499,2,2,3,1,3
2017010056748,1,9,0,5,0,1,1,0,2,2,3,1,1,1,33,6,1797,8,6,2,1,2
2017010056748,2,9,0,7,0,2,1,0,0,0,1,1,6,1,20,4,1598,1,12,3,1,3
2017010056749,1,9,0,9,0,1,0,0,0,0,3,1,6,1,20,4,1388,1,13,1,1,1
2017010056749,2,4,0,18,0,1,0,0,0,0,1,1,1,1,20,4,-1,-1,-1,4,1,4
2017010056751,1,11,0,3,0,8,0,0,0,0,1,1,1,1,37,7,4500,2,2,2,1,2
2017010056751,2,3,0,3,0,8,0,0,0,0,2,1,6,1,28,6,124,1,1,2,1,2
2017010056752,1,9,0,18,0,4,1,0,1,10,1,1,1,1,51,8,2993,2,1,3,1,3
2017010056753,1,2,0,18,0,1,0,0,0,0,3,1,1,1,36,7,108,1,4,2,1,2
2017010056753,2,9,0,18,0,2,0,0,0,0,1,1,6,3,-1,-1,-1,-1,-1,-1,-1,-1
2017010056755,1,4,0,18,0,2,0,0,1,0,2,1,6,1,48,8,-1,-1,-1,5,1,5
2017010056755,2,9,0,18,0,2,0,0,0,0,1,1,6,3,-1,-1,-1,-1,-1,-1,-1,-1
2017010056756,1,9,0,16,0,2,0,0,0,0,1,1,6,1,44,7,1984,1,6,4,1,4
2017010056757,1,9,0,18,0,0,0,0,0,0,0,1,6,1,61,9,1242,1,7,4,1,4
2017010056757,2,19,0,18,0,0,0,0,0,0,0,1,1,1,40,7,2198,2,1,5,2,5
2017010056758,1,9,0,9,0,5,0,0,1,1,3,1,6,1,42,7,1753,2,11,2,1,2
2017010056758,2,5,0,14,0,1,0,0,0,0,1,1,2,1,31,6,656,1,8,4,1,4
2017010056761,1,9,0,18,0,2,0,0,0,0,1,1,1,1,27,6,1582,2,4,6,1,6
2017010056761,2,9,0,18,0,2,0,0,0,0,2,1,6,1,47,8,1995,1,7,-1,-1,-1
2017010056770,1,9,0,3,0,0,0,0,0,0,2,1,6,1,30,6,998,1,6,3,1,3
2017010056770,2,9,0,5,0,0,0,0,0,0,1,1,6,3,-1,-1,-1,-1,-1,-1,-1,-1
2017010056771,1,1,-1,-1,-1,-1,-1,-1,-1,-1,-1,1,6,1,49,8,-1,-1,-1,10,1,10
2017010056773,1,9,0,9,0,1,0,4,0,0,1,-1,6,1,18,4,998,1,12,-1,-1,-1
2017010056784,1,8,0,9,0,2,0,0,0,0,1,1,1,1,45,7,1790,8,4,2,1,2
2017010056784,2,9,0,18,0,1,0,0,0,0,4,1,2,2,50,8,1339,8,8,1,1,1
2017010056789,1,1,-1,-1,-1,-1,-1,-1,-1,-1,-1,1,6,2,30,6,-1,-1,-1,4,1,4
2017010056789,2,9,-1,-1,-1,-1,-1,-1,-1,-1,-1,-1,6,3,-1,-1,3123,1,11,-1,-1,-1
2017010056792,1,1,0,18,0,-1,0,0,0,0,-1,1,6,1,42,7,-1,-1,-1,10,1,10
2017010056797,1,9,-1,6,0,0,0,0,0,0,2,-1,6,1,31,6,1390,1,16,-1,-1,-1
2017010056797,2,3,0,13,0,0,-1,0,0,0,-1,1,6,1,56,9,124,1,5,6,1,6
2017010056799,1,3,-1,18,-1,-1,-1,-1,-1,-1,-1,1,6,1,24,5,125,1,1,2,1,2
2017010056799,2,9,-1,18,-1,-1,-1,-1,-1,-1,-1,-1,6,1,-1,-1,1910,2,9,-1,-1,-1
2017010056805,1,19,-1,2,0,0,-1,-1,0,0,3,-1,6,3,-1,-1,1360,1,8,-1,-1,-1
2017010056805,2,19,-1,18,0,0,-1,-1,0,0,-1,-1,6,3,-1,-1,-1,-1,-1,-1,-1,-1
2017010056811,1,9,-1,18,-1,-1,-1,-1,-1,-1,-1,-1,6,1,57,9,1900,2,11,8,1,8
2017010056811,2,9,-1,18,-1,-1,-1,-1,-1,-1,-1,-1,6,3,-1,-1,2987,2,3,-1,-1,-1
2017010056814,1,1,0,18,0,1,0,0,0,0,1,1,2,1,25,5,-1,-1,-1,3,1,3
2017010056814,2,9,0,18,0,1,0,0,0,0,3,-1,6,2,-1,-1,-1,-1,-1,2,1,2
2017010056819,1,9,0,9,0,8,0,0,0,0,4,-1,6,1,50,8,1794,1,13,2,1,2
2017010056819,2,9,-1,18,0,8,-1,0,0,0,1,-1,6,3,-1,-1,-1,-1,-1,-1,-1,-1
2017010056824,1,9,0,5,0,0,0,0,0,0,3,1,6,2,86,11,1329,1,8,9,1,9
2017010056825,1,3,-1,-1,-1,-1,-1,-1,-1,-1,-1,1,6,3,-1,-1,-1,-1,-1,-1,-1,-1
2017010056826,1,9,0,9,0,1,0,0,0,0,1,1,6,1,27,6,-1,-1,-1,1,1,1
2017010056826,2,19,0,3,0,1,0,0,0,0,4,1,2,1,-1,-1,-1,-1,-1,7,1,7
2017010056826,3,20,1,3,0,1,0,0,0,0,1,1,2,1,56,9,6700,2,-1,10,1,10
2017010056828,1,9,0,18,0,0,0,7,0,0,1,1,6,1,44,7,1618,1,-1,-1,-1,-1
2017010056829,1,9,0,11,0,7,5,0,0,0,0,1,2,1,40,7,-1,-1,-1,1,1,1
2017010056831,1,90,0,9,0,0,0,0,0,0,1,1,6,1,32,6,-1,-1,-1,8,1,8
2017010056833,1,9,-1,18,-1,0,0,0,0,0,1,-1,6,1,34,6,1968,2,1,2,1,2
2017010056833,2,9,-1,-1,-1,0,-1,-1,-1,-1,-1,-1,6,3,-1,-1,1390,1,18,-1,-1,-1
2017010056835,1,3,0,18,0,1,2,0,0,0,1,1,1,1,29,6,124,1,8,-1,-1,-1
2017010056835,2,1,0,9,0,1,2,0,0,0,3,1,2,1,31,6,-1,-1,-1,3,1,3
2017010056836,1,9,5,4,0,2,0,0,0,0,2,1,6,2,39,7,1798,8,-1,3,1,3
2017010056836,2,9,0,4,0,2,0,0,0,0,1,1,6,2,39,7,2993,2,4,5,1,5
2017010056840,1,9,-1,-1,-1,0,-1,-1,-1,-1,-1,-1,6,2,23,5,996,1,3,10,1,10
2017010056840,2,19,-1,-1,-1,0,-1,-1,-1,-1,-1,-1,6,1,23,5,2402,2,10,-1,-1,-1
2017010056841,1,19,0,18,0,1,0,0,0,0,2,1,1,1,44,7,-1,-1,-1,2,1,2
2017010056841,2,5,0,12,0,1,5,0,0,0,1,1,2,1,43,7,748,1,20,8,1,8
2017010056842,1,9,0,9,0,5,0,0,0,0,3,1,6,1,49,8,1598,1,9,3,1,3
2017010056842,2,1,0,18,4,1,0,0,0,0,1,1,2,1,28,6,-1,-1,-1,10,1,10
2017010056843,1,9,0,3,0,2,0,0,0,0,3,1,2,1,70,10,2494,8,1,10,2,10
2017010056843,2,1,0,3,0,2,0,0,0,0,3,1,2,1,31,6,-1,-1,-1,2,1,2
2017010056845,1,9,0,1,0,0,0,0,0,0,2,1,2,1,29,6,1248,1,6,4,1,4
2017010056847,1,9,0,3,0,1,0,0,0,0,4,1,6,3,-1,-1,-1,-1,-1,-1,-1,-1
2017010056848,1,9,0,9,0,1,0,0,0,0,1,1,2,1,42,7,1968,2,-1,1,1,1
2017010056848,2,1,0,18,0,1,5,0,0,0,1,1,2,1,45,7,-1,-1,-1,5,1,5
2017010056849,1,9,0,18,0,2,0,0,0,0,1,2,6,1,22,5,1364,1,12,3,1,3
2017010056850,1,9,-1,-1,-1,-1,-1,-1,-1,-1,-1,-1,6,1,37,7,1598,1,5,7,1,7
2017010056850,2,9,-1,18,-1,-1,-1,-1,-1,-1,-1,-1,6,3,-1,-1,1390,1,12,-1,-1,-1
2017010056853,1,9,0,5,9,1,0,0,7,4,1,1,6,2,82,11,1796,1,12,9,1,9
2017010056854,1,9,0,3,0,1,0,0,0,0,3,1,6,1,36,7,1595,1,12,4,1,4
2017010056854,2,3,0,13,0,1,0,0,0,0,1,1,6,1,24,5,125,1,-1,8,1,8
2017010056855,1,1,0,18,4,2,2,0,0,0,1,1,2,1,27,6,-1,-1,-1,2,1,2
2017010056859,1,19,0,5,0,0,0,0,0,0,3,1,1,1,58,9,2198,2,2,8,1,8
2017010056865,1,9,0,18,0,0,0,0,0,0,2,1,6,1,25,5,1796,1,11,8,1,8
2017010056865,2,5,0,18,0,0,2,0,0,0,1,1,6,1,34,6,-1,-1,-1,2,1,2
2017010056871,1,9,0,7,0,3,0,0,0,0,4,1,6,1,76,11,1997,1,4,6,1,6
2017010056871,2,1,0,17,0,8,0,0,0,0,3,1,1,1,30,6,-1,-1,-1,3,1,3
2017010056874,1,9,-1,-1,-1,0,-1,-1,-1,-1,-1,-1,6,3,-1,-1,1798,8,4,-1,-1,-1
2017010056877,1,9,0,4,0,1,0,0,0,0,2,1,6,2,43,7,1390,1,7,8,1,8
2017010056877,2,9,0,4,0,1,0,0,0,0,2,1,2,2,44,7,2996,1,7,8,1,8
2017010056877,3,19,0,4,0,1,0,0,0,0,2,1,2,1,41,7,1968,2,1,7,1,7
2017010056877,4,9,0,4,0,1,0,0,0,0,1,1,2,1,41,7,2143,2,3,4,1,4
2017010056878,1,9,0,9,0,5,0,0,0,0,4,1,6,1,64,9,1364,1,1,8,1,8
2017010056878,2,5,0,18,0,1,2,0,0,0,1,1,6,1,44,7,781,1,16,10,1,10
2017010056879,1,9,5,-1,-1,-1,-1,-1,-1,-1,-1,-1,6,3,-1,-1,-1,-1,-1,-1,-1,-1
2017010056882,1,9,0,5,0,1,0,0,0,0,1,1,2,1,47,8,1998,2,10,3,1,3
2017010056882,2,9,0,16,0,2,0,0,0,0,1,1,6,1,20,4,999,1,9,2,1,2
2017010056886,1,19,0,18,0,8,1,0,0,0,1,1,1,1,44,7,2198,2,8,9,1,9
2017010056886,2,9,0,18,0,4,0,0,0,0,2,1,6,1,42,7,1242,1,21,2,1,2
2017010056888,1,9,0,18,0,1,5,7,0,0,3,1,6,1,74,10,1390,1,15,9,1,9
2017010056889,1,9,0,12,0,1,0,0,0,0,2,1,6,1,28,6,-1,-1,-1,6,1,6
2017010056889,2,3,0,4,0,1,5,10,0,0,1,1,6,1,39,7,125,1,6,-1,-1,-1
2017010056890,1,1,0,18,0,1,0,0,0,0,1,1,6,3,-1,-1,-1,-1,-1,-1,-1,-1
2017010056893,1,9,0,18,0,0,0,0,0,0,1,1,6,1,25,5,1999,2,-1,4,1,4
2017010056893,2,9,0,5,0,0,1,0,0,0,3,1,6,1,21,5,1968,2,6,4,1,4
2017010056894,1,5,0,18,0,1,0,0,0,0,0,1,6,1,48,8,1000,1,10,8,1,8
2017010056895,1,9,0,18,0,2,0,0,0,0,3,1,6,1,41,7,1560,2,4,2,1,2
2017010056895,2,9,0,9,0,8,0,0,0,0,4,1,1,2,27,6,1498,1,8,4,1,4
2017010056897,1,9,0,5,0,0,0,0,0,0,1,1,6,1,62,9,2198,2,8,3,1,3
2017010056897,2,1,0,5,0,0,0,0,0,0,1,1,2,1,45,7,-1,-1,-1,4,1,4
2017010056898,1,9,0,18,0,0,0,0,0,0,1,1,6,1,26,6,1362,1,5,3,1,3
2017010056899,1,9,0,9,0,3,0,0,0,0,3,1,2,1,45,7,-1,-1,-1,2,1,2
2017010056899,2,4,0,18,0,4,0,0,0,0,1,1,6,3,-1,-1,125,1,6,-1,-1,-1
2017010056900,1,9,0,9,0,8,0,0,0,0,1,1,1,1,51,8,-1,-1,-1,10,1,10
2017010056900,2,5,0,18,0,8,0,0,0,0,3,1,2,1,43,7,998,1,15,4,1,4
2017010056901,1,9,0,5,0,1,0,0,0,0,1,1,6,1,34,6,1984,1,8,2,1,2
2017010056901,2,5,0,5,0,1,0,0,0,0,2,1,6,1,33,6,649,1,2,5,3,5
2017010056902,1,3,0,9,0,2,0,0,0,0,1,1,6,1,26,6,125,1,3,3,1,3
2017010056902,2,9,0,18,0,1,0,0,0,0,1,1,2,1,51,8,1596,1,12,2,1,2
2017010056904,1,9,0,6,0,1,0,0,0,0,1,1,2,1,63,9,2000,2,13,2,1,2
2017010056904,2,2,0,4,0,1,0,0,0,0,1,1,1,1,34,6,125,1,1,-1,-1,-1
2017010056905,1,9,0,9,0,8,0,0,0,0,1,1,6,1,33,6,1598,2,4,5,1,5
2017010056907,1,9,0,18,0,8,0,0,0,0,2,1,2,2,59,9,1422,2,13,3,1,3
2017010056907,2,19,0,18,0,4,0,0,0,0,1,1,1,1,26,6,1995,2,7,5,1,5
2017010056908,1,3,0,18,0,1,0,0,0,0,1,1,1,1,40,7,108,1,1,3,1,3
2017010056908,2,9,0,7,0,5,0,0,0,0,4,1,6,3,-1,-1,-1,-1,-1,-1,-1,-1
2017010056910,1,11,0,3,2,0,0,0,0,0,0,1,6,1,54,8,4461,2,4,3,1,3
2017010056911,1,9,0,18,0,0,0,0,0,0,4,1,6,1,29,6,2143,2,2,6,1,6
2017010056912,1,9,0,18,0,2,2,0,1,4,3,1,6,1,24,5,2967,2,3,3,1,3
2017010056912,2,9,0,13,0,2,0,0,1,4,4,1,6,3,-1,-1,1796,1,11,3,1,3
2017010056913,1,9,0,12,0,8,0,0,0,0,2,1,6,2,37,7,1240,1,8,4,1,4
2017010056913,2,5,0,12,0,8,0,0,0,0,1,1,6,1,26,6,599,1,5,9,1,9
2017010056915,1,9,0,1,0,0,0,0,0,0,4,1,6,1,20,4,1499,1,-1,2,1,2
2017010056915,2,19,0,2,0,0,0,0,0,0,1,1,6,3,-1,-1,2198,2,7,-1,-1,-1
2017010056915,3,3,0,15,0,0,0,0,0,0,4,1,6,1,20,4,-1,-1,-1,3,1,3
2017010056916,1,11,0,18,0,1,0,0,3,0,0,1,1,2,53,8,4461,2,3,1,1,1
2017010056916,2,9,0,11,0,6,0,0,1,0,0,1,2,1,33,6,2171,1,16,7,1,7
2017010056917,1,3,0,18,0,8,5,0,0,0,1,1,1,1,23,5,108,1,4,1,1,1
2017010056917,2,9,0,9,0,1,0,0,0,0,1,1,6,3,-1,-1,-1,-1,-1,-1,-1,-1
2017010056919,1,9,0,18,0,1,0,0,0,0,1,1,6,2,24,5,1198,1,2,3,1,3
2017010056919,2,9,0,18,0,1,0,0,0,0,1,1,6,1,35,6,1586,1,6,8,1,8
2017010056920,1,3,0,5,0,8,1,0,0,0,0,1,1,1,31,6,114,1,3,4,1,4
2017010056920,2,9,0,18,0,8,0,0,0,0,0,1,6,3,-1,-1,-1,-1,-1,-1,-1,-1
2017010056922,1,9,0,9,0,1,0,10,0,0,4,1,6,2,52,8,998,1,14,4,1,4
2017010056922,2,9,0,18,0,1,0,0,0,0,1,1,6,1,48,8,1995,2,14,6,1,6
2017010056925,1,9,0,9,0,8,0,0,0,0,1,1,6,1,57,9,1598,1,12,2,1,2
2017010056926,1,9,0,6,0,8,0,0,0,0,3,1,6,2,28,6,1560,2,6,9,1,9
2017010056927,1,9,0,18,0,2,0,0,0,0,1,1,6,1,25,5,1968,2,11,8,1,8
2017010056927,2,9,0,18,0,1,1,0,7,10,1,1,6,1,23,5,1598,1,5,8,1,8
2017010056927,3,9,0,9,0,5,0,0,0,0,2,1,6,2,70,10,1390,1,10,6,1,6
2017010056929,1,9,0,18,0,1,0,10,1,2,1,2,6,2,40,7,1498,1,16,1,1,1
2017010056931,1,5,0,18,0,8,5,0,0,0,0,1,6,1,21,5,599,1,19,7,1,7
2017010056933,1,5,0,13,9,1,1,0,7,10,1,1,2,1,26,6,649,1,2,3,1,3
2017010056933,2,11,0,9,0,1,0,0,0,0,3,1,1,1,23,5,-1,-1,-1,1,1,1
2017010056934,1,19,0,7,0,1,0,0,0,0,1,1,6,1,69,10,2198,2,6,8,1,8