Accident_Index,Vehicle_Reference,Vehicle_Type,Towing_and_Articulation,Vehicle_Manoeuvre,Vehicle_Location-Restricted_Lane,Junction_Location,Skidding_and_Overturning,Hit_Object_in_Carriageway,Vehicle_Leaving_Carriageway,Hit_Object_off_Carriageway,1st_Point_of_Impact,Was_Vehicle_Left_Hand_Drive?,Journey_Purpose_of_Driver,Sex_of_Driver,Age_of_Driver,Age_Band_of_Driver,Engine_Capacity_(CC),Propulsion_Code,Age_of_Vehicle,Driver_IMD_Decile,Driver_Home_Area_Type,Vehicle_IMD_Decile
2017010056934,2,1,0,18,0,1,0,0,0,0,1,1,6,2,41,7,-1,-1,-1,6,1,6
2017010056935,1,9,0,7,0,6,0,0,0,0,1,1,6,2,64,9,1598,1,7,5,1,5
2017010056937,1,9,0,9,0,5,0,0,0,0,4,1,6,2,35,6,-1,-1,-1,4,1,4
2017010056937,2,3,0,18,0,1,0,0,0,0,1,1,6,1,28,6,-1,-1,-1,7,1,7
2017010056938,1,8,0,5,0,1,0,0,0,0,1,2,1,1,56,9,1968,2,1,4,1,4
2017010056939,1,9,0,9,0,1,0,0,0,0,1,1,6,1,73,10,3199,1,17,6,1,6
2017010056940,1,9,0,7,0,5,0,0,0,0,1,1,6,1,47,8,1896,2,13,6,1,6
2017010056941,1,3,0,18,0,6,5,0,0,0,1,1,1,1,20,4,125,1,4,4,1,4
2017010056941,2,9,0,18,0,6,0,0,0,0,0,1,6,1,32,6,-1,-1,-1,2,1,2
2017010056943,1,9,0,9,0,6,0,0,0,0,3,1,6,1,19,4,1390,1,16,7,1,7
2017010056943,2,5,0,18,0,1,0,0,0,0,1,1,6,1,45,7,999,1,10,7,1,7
2017010056944,1,9,0,18,0,8,1,10,2,7,4,1,6,1,45,7,4951,1,1,5,1,5
2017010056945,1,5,0,17,0,0,5,4,0,0,1,1,1,1,30,6,-1,-1,-1,3,1,3
2017010056945,2,9,0,2,0,0,0,0,0,0,0,1,6,3,-1,-1,999,1,5,-1,-1,-1
2017010056947,1,9,0,4,0,2,0,0,0,0,3,1,6,1,24,5,999,1,1,6,1,6
2017010056947,2,3,0,18,0,2,0,0,0,0,1,1,6,1,48,8,125,1,5,4,1,4
2017010056949,1,3,0,13,0,1,0,0,0,0,3,1,6,1,22,5,125,1,2,3,1,3
2017010056949,2,9,0,9,0,5,0,0,0,0,3,1,6,1,35,6,1995,1,11,4,1,4
2017010056951,1,9,0,4,0,4,0,0,0,0,2,1,6,1,35,6,-1,-1,-1,6,1,6
2017010056952,1,1,0,9,0,1,0,0,0,0,4,1,6,1,36,7,-1,-1,-1,2,1,2
2017010056952,2,4,0,13,0,1,0,0,0,0,1,1,2,1,26,6,124,1,5,5,1,5
2017010056953,1,9,0,4,0,1,0,0,0,0,4,1,6,1,36,7,1461,2,2,3,1,3
2017010056953,2,1,0,15,0,1,0,8,0,0,3,1,6,1,54,8,-1,-1,-1,3,1,3
2017010056954,1,11,0,18,0,2,0,0,0,0,1,1,1,1,49,8,4500,2,3,2,1,2
2017010056955,1,9,0,18,0,0,0,0,0,0,1,1,2,1,20,4,-1,-1,-1,9,1,9
2017010056956,1,9,0,9,0,8,0,0,0,0,4,1,6,1,26,6,1998,1,3,10,1,10
2017010056956,2,9,0,18,0,8,0,0,0,0,1,1,6,3,-1,-1,-1,-1,-1,-1,-1,-1
2017010056957,1,9,0,3,0,0,0,0,0,0,2,1,6,2,47,8,1997,2,12,5,1,5
2017010056957,2,19,0,4,0,0,0,0,0,0,1,1,6,1,47,8,-1,-1,-1,-1,-1,-1
2017010056957,3,90,0,3,0,0,0,0,0,0,2,1,6,1,47,8,-1,-1,-1,-1,-1,-1
2017010056958,1,9,0,8,9,1,0,0,0,0,3,1,1,1,49,8,-1,-1,-1,1,1,1
2017010056958,2,1,0,18,0,1,0,0,0,0,1,1,6,1,32,6,-1,-1,-1,7,1,7
2017010056959,1,9,0,6,0,0,0,0,0,0,1,1,6,2,44,7,1991,1,3,4,1,4
2017010056959,2,3,0,14,0,0,0,0,0,0,1,1,6,1,33,6,125,1,9,2,1,2
2017010056960,1,9,0,4,0,1,0,0,1,0,3,1,6,1,32,6,2993,2,12,3,1,3
2017010056960,2,9,0,7,0,5,1,0,1,0,1,1,6,3,-1,-1,1596,1,6,-1,-1,-1
2017010056961,1,9,0,18,0,1,0,0,0,0,3,1,6,1,33,6,1995,2,5,2,1,2
2017010056962,1,3,0,18,0,2,0,0,0,0,1,1,6,3,-1,-1,-1,-1,-1,-1,-1,-1
2017010056963,1,9,0,3,2,0,0,0,0,0,3,1,6,1,-1,-1,2143,12,2,2,1,2
2017010056963,2,1,0,18,0,0,0,4,0,0,3,1,6,2,35,6,-1,-1,-1,4,1,4
2017010056964,1,5,0,17,0,3,1,0,1,10,4,1,6,1,38,7,998,1,10,5,1,5
2017010056965,1,8,0,9,0,5,0,0,0,0,3,1,6,1,46,8,1686,2,6,2,1,2
2017010056965,2,9,0,7,0,5,0,0,0,0,1,1,6,1,29,6,2143,2,5,2,1,2
2017010056968,1,8,0,1,0,2,0,10,0,0,3,1,1,2,52,8,1997,2,2,2,1,2
2017010056969,1,9,0,3,0,2,0,0,0,0,2,1,1,1,45,7,1995,2,2,6,1,6
2017010056969,2,9,0,18,0,2,0,4,0,0,1,1,6,3,-1,-1,1392,1,25,-1,-1,-1
2017010056969,3,9,0,18,0,2,1,0,0,0,1,1,6,3,-1,-1,-1,-1,-1,-1,-1,-1
2017010056970,1,9,0,9,0,1,0,0,0,0,1,1,6,1,21,5,1968,2,11,2,1,2
2017010056970,2,3,0,18,0,8,0,0,0,0,3,1,6,1,27,6,125,1,8,2,1,2
2017010056972,1,8,0,7,0,1,0,0,0,0,4,1,6,1,42,7,1296,1,10,2,1,2
2017010056972,2,1,0,18,0,1,0,4,0,0,1,1,6,2,34,6,-1,-1,-1,2,1,2
2017010056973,1,1,0,4,4,1,0,0,0,0,2,1,6,1,48,8,-1,-1,-1,6,1,6
2017010056973,2,90,0,9,0,1,0,0,0,0,1,1,6,1,18,4,-1,-1,-1,5,1,5
2017010056974,1,9,0,9,0,1,0,0,0,0,1,1,6,2,40,7,1590,1,13,5,1,5
2017010056974,2,9,0,17,0,1,0,0,1,0,3,1,6,1,29,6,1590,1,14,2,1,2
2017010056976,1,3,0,18,0,1,2,0,0,0,1,1,2,1,25,5,124,1,3,6,1,6
2017010056976,2,9,0,9,0,1,0,0,0,0,3,1,6,1,19,4,1390,1,7,6,1,6
2017010056977,1,9,0,4,0,1,0,0,0,0,2,1,6,1,43,7,2148,2,8,4,1,4
2017010056977,2,9,0,4,0,1,0,0,0,0,1,1,6,2,45,7,-1,-1,-1,3,1,3
2017010056980,1,9,0,9,0,6,0,0,0,0,1,1,6,1,43,7,1798,8,1,5,1,5
2017010056980,2,5,0,18,0,1,0,0,0,0,4,1,6,1,39,7,1237,1,7,6,1,6
2017010056983,1,9,0,9,0,5,0,0,0,0,3,1,6,1,36,7,1968,2,1,6,1,6
2017010056983,2,4,0,13,0,1,0,0,7,0,4,1,1,1,32,6,124,1,9,4,1,4
2017010056986,1,9,0,10,0,1,0,0,0,0,2,2,6,1,31,6,1968,2,5,-1,-1,-1
2017010056986,2,9,0,3,0,1,0,0,0,0,2,2,6,1,24,5,1995,2,13,4,1,4
2017010056986,3,9,0,18,0,1,0,0,0,0,1,2,2,1,36,7,1997,2,10,2,1,2
2017010056987,1,19,0,9,0,5,0,0,0,0,1,1,1,1,38,7,2148,2,11,5,1,5
2017010056989,1,9,0,9,0,1,0,0,0,0,1,1,6,1,25,5,-1,-1,-1,9,1,9
2017010056989,2,9,0,18,0,1,0,0,0,0,1,1,1,1,63,9,2993,2,2,8,1,8
2017010056990,1,9,0,5,0,8,0,0,0,0,4,1,6,1,27,6,1499,2,-1,1,1,1
2017010056990,2,9,0,9,0,1,0,0,0,0,4,1,6,1,49,8,1598,1,16,2,1,2
2017010056991,1,9,0,18,0,0,0,4,0,0,1,1,6,1,31,6,1242,1,13,4,1,4
2017010056991,2,9,0,3,0,0,0,0,0,0,2,1,1,1,36,7,1797,8,7,4,1,4
2017010056992,1,9,0,18,0,1,5,4,0,0,3,1,6,2,22,5,1796,1,9,6,1,6
2017010056994,1,1,0,4,0,6,0,0,0,0,2,1,6,1,17,4,-1,-1,-1,4,1,4
2017010056994,2,9,0,18,0,6,0,4,1,0,1,1,6,1,-1,-1,-1,-1,-1,-1,-1,-1
2017010056995,1,9,0,4,0,4,0,0,0,0,1,1,6,1,40,7,1596,1,12,5,1,5
2017010056995,2,9,0,9,0,3,0,9,1,10,4,1,1,1,57,9,1560,2,3,6,1,6
2017010056996,1,9,0,18,0,1,0,0,0,0,1,1,6,1,32,6,1396,1,18,5,1,5
2017010056997,1,8,0,18,0,1,0,0,0,0,4,1,2,1,58,9,1798,8,4,3,1,3
2017010056997,2,9,0,9,0,6,0,0,0,0,1,1,6,2,20,4,1461,2,3,1,1,1
2017010056998,1,4,0,18,0,0,0,0,0,0,3,1,6,1,24,5,125,1,1,3,1,3
2017010056998,2,9,0,2,0,0,0,0,0,0,4,1,6,3,-1,-1,1499,1,1,-1,-1,-1
2017010057000,1,9,0,5,0,3,0,0,0,0,3,1,1,1,27,6,1595,1,6,4,1,4
2017010057000,2,2,0,18,0,3,2,0,0,0,1,1,1,1,33,6,124,1,6,4,1,4
2017010057002,1,9,0,3,0,2,0,0,0,0,2,1,2,1,36,7,-1,-1,-1,3,1,3
2017010057003,1,9,0,18,0,0,0,10,0,0,1,1,6,2,64,9,1242,1,8,3,1,3
2017010057004,1,9,0,17,0,2,0,0,0,0,4,1,6,1,28,6,998,1,1,8,2,8
2017010057004,2,9,0,18,0,1,0,0,0,0,4,1,6,2,56,9,-1,-1,-1,4,1,4
2017010057005,1,9,0,9,0,4,0,0,0,0,2,1,1,1,47,8,1997,2,4,2,1,2
2017010057005,2,9,0,18,0,4,0,0,0,0,1,1,6,3,-1,-1,1995,2,5,-1,-1,-1
2017010057007,1,9,0,9,0,6,0,0,0,0,1,1,6,2,50,8,1995,2,7,7,1,7
2017010057008,1,9,0,18,0,8,0,0,0,0,1,1,2,1,19,4,1242,1,13,3,1,3
2017010057008,2,9,0,18,0,8,0,0,0,0,2,1,6,2,25,5,2143,2,2,4,1,4
2017010057011,1,9,0,2,0,1,0,0,0,0,0,1,6,3,-1,-1,1900,2,11,-1,-1,-1
2017010057011,2,1,0,14,0,1,0,8,0,0,4,1,6,1,77,11,-1,-1,-1,6,1,6
2017010057012,1,9,0,18,0,0,0,0,0,0,1,1,2,1,51,8,1968,2,10,2,1,2
2017010057012,2,1,0,18,0,0,5,0,0,0,2,1,6,1,47,8,-1,-1,-1,5,1,5
2017010057013,1,9,0,18,9,0,0,7,1,2,1,1,2,2,27,6,1794,1,12,2,1,2
2017010057015,1,9,0,18,0,2,1,0,0,0,1,1,6,1,22,5,1248,2,9,4,1,4
2017010057015,2,9,0,18,0,2,0,0,0,0,1,1,6,2,31,6,1389,1,16,6,1,6
2017010057015,3,9,0,18,0,2,0,0,0,0,1,1,6,1,46,8,1560,2,11,5,1,5
2017010057016,1,9,0,7,0,1,0,0,0,0,2,1,6,1,41,7,1995,2,10,3,1,3
2017010057016,2,9,0,18,0,1,0,0,0,0,1,1,6,2,24,5,1360,1,15,1,1,1
2017010057018,1,19,0,5,6,5,0,0,0,0,3,1,1,1,63,9,-1,-1,-1,-1,-1,-1
2017010057020,1,9,0,5,0,8,0,0,0,0,4,1,2,2,53,8,1798,8,2,6,1,6
2017010057020,2,9,0,18,0,8,0,0,0,0,1,1,6,1,39,7,1995,2,8,6,1,6
2017010057021,1,9,0,4,0,1,0,0,0,0,1,1,1,1,29,6,2993,2,7,3,1,3
2017010057021,2,9,0,9,0,2,0,0,0,0,1,1,6,2,59,9,1598,1,9,9,1,9
2017010057022,1,11,0,9,0,1,0,0,0,0,0,1,6,1,42,7,-1,-1,-1,4,1,4
2017010057023,1,9,0,3,0,1,0,0,0,0,2,1,6,1,39,7,1598,1,12,3,1,3
2017010057023,2,19,0,4,0,1,0,0,0,0,1,1,6,1,49,8,2198,2,5,4,1,4
2017010057024,1,9,0,15,0,0,0,0,0,0,3,1,6,1,20,4,1242,1,8,4,1,4
2017010057025,1,3,0,18,0,5,0,0,0,0,3,1,6,1,29,6,108,1,-1,3,1,3
2017010057025,2,9,0,1,0,2,0,0,0,0,2,1,6,1,43,7,2400,2,6,4,1,4
2017010057028,1,1,0,18,0,0,2,0,0,0,3,1,6,1,22,5,-1,-1,-1,6,1,6
2017010057028,2,9,0,18,0,0,0,0,0,0,4,1,6,3,-1,-1,-1,-1,-1,-1,-1,-1
2017010057031,1,9,0,18,0,0,0,0,7,10,4,1,6,2,77,11,1499,1,-1,8,1,8
2017010057031,2,9,0,18,0,0,0,0,1,10,3,1,6,1,48,8,1797,8,7,7,1,7
2017010057032,1,9,0,9,0,8,0,0,0,0,4,1,6,1,80,11,1999,2,2,-1,-1,-1
2017010057032,2,9,0,18,0,8,0,0,0,0,1,1,6,1,43,7,1988,1,17,4,1,4
2017010057033,1,3,0,14,0,1,0,0,0,0,1,1,6,1,20,4,125,1,5,2,1,2
2017010057033,2,9,0,9,0,8,0,0,0,0,1,1,6,1,60,9,2184,2,24,3,1,3
2017010057034,1,9,0,15,2,0,0,0,0,0,1,1,6,1,29,6,2494,8,3,5,1,5
2017010057035,1,3,0,18,0,1,2,0,0,0,0,1,6,1,28,6,124,1,5,2,1,2
2017010057035,2,9,0,9,0,1,0,0,0,0,0,1,6,3,-1,-1,1497,1,16,-1,-1,-1
2017010057036,1,9,0,4,0,1,0,0,0,0,1,1,6,1,19,4,999,1,13,6,1,6
2017010057036,2,1,0,5,0,1,0,0,0,0,2,1,6,1,12,3,-1,-1,-1,-1,-1,-1
2017010057037,1,9,0,18,0,1,1,0,0,0,1,1,6,1,21,5,2000,1,8,2,1,2
2017010057037,2,9,0,9,0,6,0,0,0,0,1,1,6,1,40,7,1870,2,11,2,1,2
2017010057038,1,9,0,9,0,6,0,0,0,0,1,1,6,1,59,9,1150,1,10,6,1,6
2017010057038,2,1,0,13,0,1,0,0,0,0,1,1,6,1,33,6,-1,-1,-1,5,1,5
2017010057039,1,1,0,16,0,1,0,0,0,0,1,1,6,1,17,4,-1,-1,-1,5,1,5
2017010057039,2,9,0,18,0,2,0,0,0,0,4,1,6,1,25,5,2143,2,1,1,1,1
2017010057041,1,9,0,18,0,0,0,0,0,0,1,1,6,3,-1,-1,-1,-1,-1,-1,-1,-1
2017010057043,1,9,0,4,0,2,0,0,0,0,2,1,6,2,25,5,1796,1,13,7,1,7
2017010057043,2,9,0,4,0,2,0,0,0,0,2,1,6,1,31,6,1753,2,12,5,1,5
2017010057043,3,10,0,18,0,2,0,0,0,0,1,1,6,1,34,6,-1,-1,-1,3,1,3
2017010057044,1,3,0,7,0,4,0,0,0,0,0,1,1,1,19,4,125,1,4,4,1,4
2017010057044,2,9,0,18,0,4,0,0,0,0,1,1,6,3,-1,-1,-1,-1,-1,-1,-1,-1
2017010057045,1,9,0,18,0,1,0,0,0,0,1,1,2,2,23,5,1598,1,11,8,1,8
2017010057045,2,9,0,18,0,2,2,0,0,0,1,1,1,1,18,4,-1,-1,-1,10,1,10
2017010057046,1,9,0,18,0,1,0,0,0,0,1,1,6,1,24,5,999,1,5,6,1,6
2017010057046,2,9,0,3,0,1,0,0,0,0,2,1,6,2,42,7,1896,2,15,3,1,3
2017010057046,3,9,0,3,0,1,0,0,0,0,2,1,1,1,29,6,1995,2,-1,4,1,4
2017010057046,4,9,0,3,0,1,0,0,0,0,2,1,1,1,24,5,999,1,-1,5,1,5
2017010057047,1,11,0,18,0,4,0,0,0,0,3,1,1,1,55,8,5132,2,1,5,1,5
2017010057047,2,9,0,9,0,3,0,0,0,0,3,1,6,1,60,9,1198,1,12,4,1,4
2017010057048,1,9,0,4,0,1,0,0,0,0,2,1,2,2,43,7,1364,1,12,3,1,3
2017010057048,2,9,0,18,0,1,0,0,0,0,1,1,6,2,35,6,1390,1,13,2,1,2
2017010057051,1,3,0,18,0,8,5,0,0,0,1,1,1,1,22,5,109,1,2,3,1,3
2017010057051,2,9,0,9,0,5,0,0,0,0,4,1,6,1,21,5,1598,1,7,4,1,4
2017010057059,1,9,0,18,9,1,0,0,1,2,1,1,1,1,42,7,1242,1,14,2,1,2
2017010057061,1,9,0,18,0,4,0,0,0,0,1,1,6,1,33,6,1590,1,14,5,1,5
2017010057062,1,8,0,1,0,1,0,0,0,0,2,1,1,1,46,8,1797,8,6,2,1,2
2017010057064,1,9,0,18,9,0,1,0,1,10,3,1,6,1,35,6,1360,1,12,8,1,8
2017010057064,2,9,0,2,6,0,0,0,0,0,0,1,6,3,-1,-1,2143,2,2,-1,-1,-1
2017010057065,1,9,0,18,0,0,0,0,0,0,1,1,6,1,49,8,2497,2,12,3,1,3
2017010057065,2,19,0,18,0,0,0,0,0,0,1,2,6,1,25,5,-1,-1,-1,-1,-1,-1
2017010057067,1,9,0,18,0,0,1,10,0,0,4,1,6,1,28,6,5204,1,4,8,1,8
2017010057068,1,9,0,18,0,0,0,0,0,0,1,1,6,1,23,5,2179,2,2,4,1,4
2017010057068,2,9,0,3,0,0,0,0,0,0,2,1,6,2,70,10,1598,1,2,5,2,5
2017010057068,3,9,0,3,0,0,0,0,0,0,2,1,6,1,25,5,2521,1,11,9,1,9
2017010057068,4,9,0,3,0,0,0,0,0,0,2,1,6,1,43,7,1995,2,4,10,1,10
2017010057069,1,9,0,18,0,1,0,0,0,0,1,1,2,1,19,4,1596,1,10,4,1,4
2017010057069,2,11,0,4,0,1,0,0,0,0,2,1,1,1,35,6,6692,2,6,3,1,3
2017010057078,1,1,-1,18,-1,-1,-1,-1,-1,-1,-1,1,6,1,29,6,-1,-1,-1,6,1,6
2017010057078,2,9,-1,-1,-1,-1,-1,-1,-1,-1,-1,-1,6,3,-1,-1,2993,2,1,-1,-1,-1
2017010057084,1,9,0,1,0,-1,0,0,0,0,2,-1,6,3,-1,-1,1796,1,11,-1,-1,-1
2017010057111,1,9,0,7,2,5,0,0,0,0,2,1,6,1,43,7,2000,2,11,5,1,5
2017010057111,2,1,0,18,2,1,0,0,0,0,1,1,2,1,54,8,-1,-1,-1,5,1,5
2017010057112,1,9,0,9,0,5,0,0,0,0,3,1,2,2,32,6,1997,2,3,1,1,1
2017010057112,2,3,0,14,0,1,2,0,0,0,4,1,1,1,47,8,124,1,12,4,1,4
2017010057116,1,9,0,9,0,5,0,0,0,0,0,2,1,2,48,8,1368,1,-1,7,1,7
2017010057116,2,9,0,18,0,1,0,0,0,0,4,1,6,1,25,5,4196,1,10,-1,-1,-1
2017010057118,1,3,0,13,0,2,0,0,0,0,3,1,1,1,25,5,125,1,1,6,1,6
2017010057118,2,19,0,18,0,8,0,0,0,0,1,1,1,1,35,6,2198,2,10,2,1,2
2017010057123,1,19,0,15,0,1,0,0,0,0,4,2,1,1,27,6,2198,2,7,5,1,5
2017010057123,2,1,0,18,0,1,0,10,0,0,3,1,1,1,43,7,-1,-1,-1,6,1,6
2017010057125,1,5,-1,18,0,1,1,0,0,0,2,1,6,1,38,7,645,1,11,10,1,10
2017010057125,2,9,-1,18,0,1,0,0,-1,0,1,-1,6,3,-1,-1,1968,2,4,-1,-1,-1
2017010057127,1,9,-1,6,9,0,0,-1,1,0,1,-1,6,3,-1,-1,-1,-1,-1,-1,-1,-1
2017010057133,1,10,0,-1,-1,-1,-1,-1,-1,-1,-1,1,1,1,51,8,-1,-1,-1,1,1,1
2017010057135,1,19,-1,3,0,1,0,0,0,0,2,-1,6,1,44,7,2463,2,13,6,2,6
2017010057135,2,9,-1,18,0,1,-1,0,0,0,1,-1,6,3,-1,-1,1596,1,9,-1,-1,-1
2017010057135,3,19,-1,-1,-1,-1,-1,-1,-1,-1,2,-1,6,3,-1,-1,2402,2,11,-1,-1,-1
2017010057139,1,21,0,18,0,2,0,0,0,0,0,2,1,1,28,6,12902,2,4,4,1,4
2017010057143,1,9,0,10,0,0,0,0,0,0,3,1,6,1,33,6,1598,1,10,6,1,6
2017010057143,2,5,0,14,0,0,0,0,0,0,1,1,6,1,38,7,675,1,8,8,1,8
2017010057147,1,9,0,18,0,0,0,0,0,0,3,-1,6,1,44,7,1686,2,3,2,1,2
2017010057148,1,9,0,4,0,1,0,0,0,0,2,2,2,1,25,5,1995,2,9,6,1,6
2017010057148,2,9,0,5,0,1,0,0,0,0,1,2,2,1,63,9,998,1,22,3,1,3
2017010057153,1,9,0,18,0,0,0,0,0,0,2,1,6,2,31,6,1598,1,13,2,1,2
2017010057153,2,19,0,18,0,0,0,0,0,0,1,1,6,1,25,5,2198,2,5,5,1,5
2017010057158,1,9,0,5,0,2,0,0,0,0,1,-1,6,3,-1,-1,1596,1,11,-1,-1,-1
2017010057158,2,1,0,5,0,2,0,0,0,0,2,1,6,1,23,5,-1,-1,-1,7,1,7
2017010057167,1,9,0,18,0,1,0,0,0,0,4,1,6,1,34,6,1968,2,8,7,1,7
2017010057167,2,4,0,12,0,1,1,0,0,0,3,1,6,1,28,6,-1,-1,-1,1,1,1
2017010057170,1,9,0,18,0,1,0,0,0,0,3,-1,6,2,52,8,1997,1,15,7,1,7
2017010057170,2,9,0,9,0,6,0,0,0,0,1,-1,6,1,-1,-1,1598,1,7,-1,-1,-1
2017010057172,1,9,0,5,0,6,0,0,0,0,1,2,6,1,41,7,2143,2,3,4,1,4
2017010057182,1,1,0,18,0,0,-1,12,0,0,1,1,6,2,-1,-1,-1,-1,-1,2,1,2
2017010057183,1,3,0,-1,0,-1,0,0,0,0,2,1,6,1,37,7,124,1,6,6,2,6
2017010057183,2,3,0,-1,0,-1,0,-1,0,0,1,1,6,1,-1,-1,125,1,7,3,1,3
2017010057186,1,1,0,18,0,1,0,0,0,0,1,1,2,1,30,6,-1,-1,-1,4,1,4
2017010057186,2,9,-1,18,0,1,-1,0,0,0,1,-1,6,1,-1,-1,1598,2,6,2,1,2
2017010057187,1,9,0,18,0,1,0,0,0,0,3,-1,6,2,31,6,1364,1,10,3,1,3
2017010057187,2,9,0,18,0,1,0,0,0,0,4,-1,6,2,-1,-1,1956,2,3,3,1,3
2017010057188,1,1,0,18,4,-1,0,0,0,0,1,1,2,1,40,7,-1,-1,-1,3,1,3
2017010057191,1,9,0,-1,-1,-1,-1,-1,0,0,-1,-1,6,1,23,5,1968,2,1,2,1,2
2017010057191,2,9,-1,-1,-1,-1,-1,-1,-1,-1,-1,-1,6,1,-1,-1,1991,1,1,-1,-1,-1
2017010057194,1,1,0,18,0,0,0,0,0,0,1,1,6,1,-1,-1,-1,-1,-1,-1,-1,-1
2017010057195,1,11,0,4,2,1,0,0,0,0,0,1,1,1,45,7,5132,2,2,4,1,4
2017010057196,1,9,0,10,0,0,0,0,0,0,1,1,6,1,63,9,1386,1,10,1,1,1
2017010057196,2,9,0,3,0,0,0,1,0,0,1,1,6,2,36,7,-1,-1,-1,4,1,4
2017010057197,1,9,0,5,9,0,0,0,1,0,1,1,6,1,-1,-1,1598,1,14,-1,-1,-1
2017010057200,1,9,0,4,0,0,0,0,0,0,4,1,6,2,60,9,1197,1,2,6,1,6
2017010057201,1,11,0,9,0,6,0,0,0,0,0,1,1,1,24,5,5132,2,3,3,1,3
2017010057202,1,5,0,7,2,1,0,0,0,0,4,1,6,1,37,7,670,1,3,1,1,1
2017010057202,2,3,0,18,0,1,0,0,0,0,1,1,6,1,46,8,125,1,1,6,1,6
2017010057203,1,20,0,18,0,6,0,0,0,0,3,1,1,1,59,9,4461,2,6,2,1,2
2017010057204,1,1,0,9,0,7,0,0,0,0,1,1,6,1,24,5,-1,-1,-1,2,1,2
2017010057205,1,4,0,4,0,1,5,0,0,0,0,1,1,1,36,7,124,1,7,2,1,2
2017010057205,2,11,0,9,0,1,0,0,1,0,0,1,6,3,-1,-1,-1,-1,-1,-1,-1,-1
2017010057206,1,9,0,5,0,6,0,0,0,0,1,1,6,2,58,9,1360,1,10,8,1,8
2017010057206,2,1,0,9,0,6,0,0,0,0,1,1,6,1,28,6,-1,-1,-1,5,1,5
2017010057207,1,9,0,9,0,6,0,0,0,0,2,1,2,2,18,4,1242,1,5,5,3,5
2017010057207,2,1,0,18,0,1,5,0,0,0,1,1,6,1,25,5,-1,-1,-1,4,1,4
2017010057209,1,9,0,9,0,7,0,0,0,0,1,1,1,1,36,7,1685,2,1,5,1,5
2017010057209,2,9,0,5,0,8,0,0,7,10,3,1,6,1,29,6,1598,2,-1,9,1,9
2017010057210,1,9,0,7,1,8,0,0,3,0,1,1,6,2,29,6,1598,1,9,2,1,2
2017010057211,1,9,0,3,0,0,0,0,0,0,3,1,6,1,41,7,1968,2,2,7,1,7
2017010057211,2,1,0,17,0,0,0,0,0,0,1,1,6,2,28,6,-1,-1,-1,2,1,2
2017010057213,1,1,0,18,0,0,0,0,0,0,1,1,2,1,34,6,-1,-1,-1,-1,-1,-1
2017010057213,2,9,0,3,0,0,0,0,0,0,3,1,6,1,38,7,-1,-1,-1,8,3,8
2017010057214,1,9,0,18,0,0,0,0,0,0,1,1,6,1,22,5,1398,1,2,4,1,4
2017010057214,2,9,0,18,0,0,0,0,0,0,2,1,2,1,39,7,1798,8,1,2,1,2
2017010057215,1,3,0,18,0,1,0,0,0,0,1,1,1,1,47,8,124,1,8,6,1,6
2017010057215,2,9,0,17,0,6,0,0,0,0,3,1,6,3,-1,-1,1995,2,5,-1,-1,-1
2017010057216,1,9,0,7,0,6,0,0,0,0,4,1,1,2,21,5,1590,1,12,3,1,3
2017010057217,1,9,0,9,0,8,0,4,0,0,1,1,2,1,63,9,3498,1,6,10,1,10
2017010057217,2,1,0,18,6,8,5,4,0,0,1,1,6,1,28,6,-1,-1,-1,7,1,7
2017010057218,1,19,0,3,0,2,0,0,0,0,2,1,6,1,27,6,2287,2,2,3,1,3
2017010057218,2,9,0,18,0,2,0,4,0,0,1,1,6,2,44,7,999,1,5,9,1,9
2017010057219,1,9,0,9,0,5,0,0,0,0,1,1,6,2,28,6,1598,1,3,3,1,3
2017010057220,1,9,0,4,0,1,0,0,0,0,2,1,1,1,35,6,1797,8,6,3,1,3
2017010057220,2,9,0,4,0,1,0,0,0,0,1,1,6,2,68,10,1061,1,14,3,1,3
2017010057221,1,9,0,9,0,1,0,0,0,0,1,1,2,1,33,6,1995,2,12,6,1,6
2017010057221,2,2,0,18,0,2,0,0,0,0,3,1,1,1,17,4,124,1,11,3,1,3
2017010057223,1,9,0,2,0,0,0,0,0,0,2,1,6,3,-1,-1,-1,-1,-1,-1,-1,-1
2017010057223,2,1,0,18,0,0,0,4,0,0,1,1,6,1,19,4,-1,-1,-1,2,1,2
2017010057224,1,9,0,15,0,0,0,0,0,0,4,1,6,1,27,6,1799,1,9,5,2,5
2017010057225,1,19,0,9,0,6,0,0,0,0,1,1,1,1,28,6,1753,2,6,7,1,7
2017010057225,2,2,0,14,0,1,2,0,0,0,1,1,6,1,35,6,125,1,3,8,1,8
2017010057226,1,19,0,5,0,2,0,0,0,0,1,1,2,1,23,5,1598,2,1,2,1,2
2017010057227,1,9,0,18,0,4,0,4,0,0,1,1,1,2,38,7,1399,1,7,2,1,2
2017010057227,2,9,0,4,0,4,0,0,0,0,2,1,6,1,24,5,-1,-1,-1,3,1,3
2017010057229,1,9,0,18,0,0,0,0,0,0,1,1,6,1,54,8,1240,1,10,1,1,1
2017010057229,2,9,0,2,0,0,0,0,0,0,1,1,6,3,-1,-1,1999,1,11,-1,-1,-1
2017010057229,3,9,0,2,0,0,0,0,0,0,3,1,6,3,-1,-1,1995,2,1,-1,-1,-1
2017010057230,1,3,0,18,0,1,0,0,0,0,1,1,6,1,25,5,125,1,2,7,1,7
2017010057230,2,9,0,9,0,1,0,0,0,0,1,1,6,1,82,11,1896,2,15,6,1,6