Accident_Index,Vehicle_Reference,Vehicle_Type,Towing_and_Articulation,Vehicle_Manoeuvre,Vehicle_Location-Restricted_Lane,Junction_Location,Skidding_and_Overturning,Hit_Object_in_Carriageway,Vehicle_Leaving_Carriageway,Hit_Object_off_Carriageway,1st_Point_of_Impact,Was_Vehicle_Left_Hand_Drive?,Journey_Purpose_of_Driver,Sex_of_Driver,Age_of_Driver,Age_Band_of_Driver,Engine_Capacity_(CC),Propulsion_Code,Age_of_Vehicle,Driver_IMD_Decile,Driver_Home_Area_Type,Vehicle_IMD_Decile
2017010057662,2,5,0,18,0,1,1,0,0,0,1,1,6,1,37,7,645,1,4,7,1,7
2017010057663,1,4,0,18,0,8,0,0,1,0,3,1,2,1,24,5,124,1,-1,2,1,2
2017010057663,2,9,0,5,0,8,0,0,0,0,0,1,3,1,47,8,-1,3,3,5,1,5
2017010057665,1,9,0,5,0,1,0,0,0,0,2,1,6,2,53,8,1587,1,14,8,1,8
2017010057665,2,9,0,18,0,1,0,0,0,0,1,1,6,2,25,5,1199,1,14,5,1,5
2017010057666,1,2,0,18,9,-1,0,0,1,0,1,1,6,3,-1,-1,-1,-1,-1,-1,-1,-1
2017010057667,1,9,0,18,0,0,0,0,0,0,3,1,6,1,61,9,1240,1,8,3,1,3
2017010057667,2,9,0,18,0,0,0,0,0,0,1,1,6,1,44,7,1797,8,6,3,1,3
2017010057667,3,9,0,2,0,0,0,0,0,0,2,1,6,3,-1,-1,2993,2,7,-1,-1,-1
2017010057667,4,9,0,18,0,0,0,0,0,0,0,1,6,3,-1,-1,-1,-1,-1,-1,-1,-1
2017010057668,1,11,0,18,0,0,0,0,0,0,1,1,1,1,37,7,4500,2,3,6,1,6
2017010057669,1,9,0,18,9,5,0,0,7,0,1,1,6,3,-1,-1,-1,-1,-1,-1,-1,-1
2017010057670,1,11,0,18,0,1,0,0,0,0,0,1,1,1,-1,-1,4500,2,2,-1,-1,-1
2017010057674,1,19,0,10,0,1,0,0,0,0,1,1,1,1,49,8,1560,2,9,4,1,4
2017010057674,2,2,0,9,0,1,5,0,0,0,4,1,2,1,51,8,-1,-1,-1,5,1,5
2017010057675,1,3,0,3,0,1,0,0,0,0,1,1,2,1,32,6,124,1,4,9,1,9
2017010057675,2,9,0,3,0,1,0,0,0,0,2,1,2,1,40,7,1968,2,5,8,1,8
2017010057676,1,9,0,18,0,1,0,0,0,0,1,1,1,1,55,8,1497,8,2,2,1,2
2017010057677,1,9,0,4,0,1,0,0,0,0,1,1,1,1,24,5,-1,-1,-1,1,1,1
2017010057677,2,11,0,4,0,1,0,0,0,0,2,1,1,1,65,9,4500,2,7,3,1,3
2017010057680,1,8,0,5,0,1,0,0,0,0,3,1,1,1,43,7,2499,2,2,2,1,2
2017010057680,2,1,0,18,0,1,5,0,0,0,1,1,6,1,29,6,-1,-1,-1,2,1,2
2017010057681,1,3,0,18,0,8,0,0,0,0,1,1,6,1,20,4,125,1,6,3,1,3
2017010057681,2,9,0,18,0,8,0,0,0,0,3,1,6,1,35,6,1461,2,3,7,1,7
2017010057681,3,9,0,18,0,8,0,0,0,0,0,1,1,1,39,7,2993,2,2,-1,-1,-1
2017010057681,4,9,0,18,0,8,0,0,0,0,0,1,1,1,43,7,2993,2,2,4,1,4
2017010057682,1,11,0,4,2,2,0,0,0,0,0,1,1,1,29,6,6700,2,5,3,1,3
2017010057683,1,11,0,18,0,1,0,0,0,0,0,1,1,1,39,7,4500,2,-1,7,1,7
2017010057684,1,8,0,4,0,0,0,4,0,0,1,1,2,1,46,8,1997,2,4,4,1,4
2017010057684,2,9,0,4,0,0,0,4,0,0,2,1,6,2,47,8,2179,2,9,2,1,2
2017010057684,3,9,0,4,0,0,0,4,0,0,2,1,6,1,27,6,1499,2,1,6,1,6
2017010057684,4,9,0,4,0,0,0,4,0,0,2,1,6,1,39,7,2143,2,3,3,1,3
2017010057686,1,4,0,13,0,8,0,0,0,0,1,1,6,1,54,8,124,1,-1,2,1,2
2017010057686,2,9,0,9,0,1,0,0,0,0,1,1,6,2,19,4,998,1,10,4,1,4
2017010057687,1,3,0,12,0,0,5,0,0,0,3,1,6,2,32,6,125,1,9,7,1,7
2017010057688,1,9,0,18,0,1,0,4,0,0,1,1,6,1,16,4,1399,1,10,2,1,2
2017010057688,2,9,0,3,0,1,0,0,0,0,2,1,6,2,38,7,1796,1,15,6,1,6
2017010057688,3,90,0,18,0,1,0,0,0,0,0,1,6,1,29,6,-1,-1,-1,4,1,4
2017010057690,1,3,0,14,0,1,0,0,0,0,1,1,6,1,23,5,124,1,-1,2,1,2
2017010057690,2,19,0,9,0,2,0,0,0,0,3,1,1,1,54,8,2287,2,7,4,1,4
2017010057691,1,1,0,18,0,0,0,0,0,0,1,1,6,1,46,8,-1,-1,-1,3,1,3
2017010057691,2,9,-1,15,-1,0,-1,-1,-1,-1,-1,1,6,3,-1,-1,1968,2,11,-1,-1,-1
2017010057693,1,3,0,18,-1,-1,-1,-1,0,0,-1,1,6,1,35,6,-1,-1,-1,2,1,2
2017010057693,2,9,0,9,-1,-1,-1,-1,0,0,-1,-1,6,1,-1,-1,2143,2,4,2,1,2
2017010057719,1,9,0,18,0,1,1,0,0,0,1,1,2,1,56,9,1242,1,11,-1,-1,-1
2017010057719,2,9,0,18,0,1,0,0,0,0,2,1,1,1,42,7,-1,-1,-1,5,1,5
2017010057719,3,9,0,18,0,1,0,0,0,0,0,1,1,1,41,7,1995,2,3,9,1,9
2017010057719,4,9,0,9,0,8,0,0,0,0,1,1,6,3,-1,-1,1956,2,5,-1,-1,-1
2017010057722,1,1,-1,4,0,1,-1,-1,-1,-1,3,1,6,2,31,6,-1,-1,-1,2,1,2
2017010057722,2,9,-1,18,0,1,-1,-1,-1,-1,3,-1,6,3,-1,-1,1364,1,1,-1,-1,-1
2017010057726,1,1,0,18,0,1,0,0,0,0,1,1,6,1,29,6,-1,-1,-1,8,1,8
2017010057726,2,8,0,18,0,2,0,0,0,0,1,-1,1,1,-1,-1,2499,2,3,-1,-1,-1
2017010057727,1,11,0,17,0,8,0,0,0,0,0,1,1,1,41,7,-1,-1,-1,-1,-1,-1
2017010057730,1,19,0,9,0,1,0,0,0,0,4,1,1,1,54,8,2299,2,2,4,1,4
2017010057730,2,3,0,15,0,1,0,0,0,0,3,1,1,1,42,7,125,1,10,1,1,1
2017010057731,1,9,-1,18,-1,-1,-1,-1,-1,-1,-1,-1,6,1,43,7,1560,2,9,-1,-1,-1
2017010057731,2,9,-1,18,-1,-1,-1,-1,-1,-1,-1,-1,6,1,-1,-1,1242,1,3,-1,-1,-1
2017010057735,1,1,0,18,0,1,0,0,0,0,1,1,2,1,46,8,-1,-1,-1,1,1,1
2017010057735,2,9,0,7,0,1,0,0,0,0,1,-1,6,1,-1,-1,-1,-1,-1,-1,-1,-1
2017010057736,1,9,0,18,0,1,0,0,0,0,2,-1,6,2,27,6,2179,2,2,8,1,8
2017010057736,2,9,0,18,0,1,0,0,-1,0,1,-1,6,1,-1,-1,2143,2,2,-1,-1,-1
2017010057741,1,3,0,18,0,0,0,0,0,0,1,1,2,1,47,8,125,1,10,5,1,5
2017010057741,2,9,0,12,0,0,0,0,0,0,3,1,6,1,41,7,4398,1,19,-1,-1,-1
2017010057742,1,9,0,18,0,1,0,0,0,0,3,1,6,1,45,7,2295,1,17,-1,-1,-1
2017010057742,2,21,-1,18,0,1,0,0,0,0,4,-1,6,3,-1,-1,5193,2,1,-1,-1,-1
2017010057743,1,1,-1,-1,-1,-1,-1,-1,-1,0,-1,1,6,1,30,6,-1,-1,-1,5,1,5
2017010057743,2,20,-1,-1,0,-1,-1,0,-1,0,-1,-1,6,1,27,6,2198,2,4,5,1,5
2017010057745,1,11,-1,18,-1,-1,-1,-1,-1,-1,-1,1,6,1,46,8,-1,-1,-1,1,1,1
2017010057752,1,9,-1,18,0,1,0,0,0,0,2,-1,6,2,25,5,1364,1,2,2,1,2
2017010057752,2,9,-1,18,0,1,0,0,0,0,1,-1,6,3,-1,-1,2179,2,4,-1,-1,-1
2017010057758,1,3,0,18,0,1,0,0,0,0,3,1,6,1,26,6,125,1,3,3,1,3
2017010057758,2,19,0,9,0,1,0,0,0,0,1,-1,6,1,-1,-1,-1,-1,-1,-1,-1,-1
2017010057761,1,1,0,18,0,8,0,-1,0,0,-1,1,6,1,31,6,-1,-1,-1,7,1,7
2017010057761,2,9,0,18,0,8,0,0,0,0,-1,-1,6,1,-1,-1,1389,1,14,-1,-1,-1
2017010057761,3,9,0,18,0,8,0,0,0,0,-1,-1,6,1,-1,-1,1995,1,10,-1,-1,-1
2017010057764,1,1,-1,18,0,1,-1,0,0,0,3,1,6,1,34,6,-1,-1,-1,3,1,3
2017010057764,2,11,0,13,0,1,0,0,0,0,4,1,1,1,52,8,4500,2,2,4,1,4
2017010057765,1,5,0,18,0,8,1,0,0,0,1,1,2,1,24,5,998,1,17,4,1,4
2017010057767,1,9,0,14,0,8,0,0,0,0,3,1,6,1,40,7,1598,1,3,2,1,2
2017010057767,2,2,0,13,0,8,0,0,0,0,1,1,6,2,36,7,125,1,1,8,1,8
2017010057771,1,8,0,18,0,1,0,0,0,0,1,1,6,1,46,8,2148,2,9,1,1,1
2017010057771,2,9,0,18,0,1,0,0,0,0,4,1,6,2,32,6,1997,2,-1,2,1,2
2017010057777,1,9,-1,6,0,-1,0,0,0,0,-1,-1,6,3,-1,-1,-1,-1,-1,-1,-1,-1
2017010057777,2,1,0,18,0,-1,0,-1,0,0,1,1,6,1,36,7,-1,-1,-1,4,1,4
2017010057779,1,9,0,5,0,1,0,0,0,0,1,1,6,2,75,10,1598,1,2,10,1,10
2017010057779,2,9,0,5,0,1,0,0,0,0,2,1,6,2,58,9,1390,1,9,-1,-1,-1
2017010057781,1,9,0,18,0,2,0,0,0,0,1,1,1,1,42,7,2395,8,5,6,1,6
2017010057781,2,9,0,18,0,2,0,0,0,0,2,1,2,1,21,5,2143,2,5,5,1,5
2017010057781,3,9,0,18,0,2,0,0,0,0,4,1,2,1,31,6,998,1,-1,1,1,1
2017010057782,1,5,0,18,0,3,0,0,0,0,0,1,6,1,53,8,997,1,13,7,1,7
2017010057785,1,9,0,4,0,1,0,0,0,0,1,1,6,2,49,8,1248,1,1,3,1,3
2017010057785,2,9,0,1,0,6,0,0,0,0,2,1,6,2,23,5,-1,-1,-1,5,1,5
2017010057786,1,9,0,18,0,0,0,0,0,0,3,1,2,2,24,5,1242,1,13,2,1,2
2017010057786,2,9,0,11,0,0,0,0,0,0,3,1,3,2,53,8,2204,2,9,2,1,2
2017010057789,1,9,0,7,2,6,0,0,0,0,4,1,6,1,32,6,1968,2,6,9,1,9
2017010057789,2,11,0,18,2,1,0,0,0,0,1,1,1,1,46,8,6696,2,4,2,1,2
2017010057791,1,9,0,10,0,1,0,0,0,0,3,1,6,2,41,7,1598,2,7,6,1,6
2017010057791,2,9,0,18,0,1,0,0,0,0,1,1,6,1,88,11,1329,1,5,3,1,3
2017010057792,1,9,0,3,0,0,0,0,0,0,2,-1,6,1,18,4,1560,2,8,5,1,5
2017010057792,2,9,0,18,0,0,0,0,0,0,1,-1,6,1,-1,-1,-1,-1,-1,-1,-1,-1
2017010057794,1,11,0,18,9,2,0,0,0,0,1,1,6,1,61,9,7300,2,12,5,1,5
2017010057795,1,9,0,18,0,0,0,0,0,0,1,1,6,2,73,10,1364,1,10,5,1,5
2017010057795,2,9,0,18,0,0,0,0,0,0,1,1,2,2,46,8,1598,1,4,6,1,6
2017010057799,1,9,0,1,9,6,0,0,0,0,2,1,6,1,34,6,5379,1,19,6,1,6
2017010057799,2,3,0,18,0,1,0,0,0,0,4,1,6,1,34,6,125,1,8,7,1,7
2017010057805,1,11,0,18,0,2,0,0,0,0,0,1,1,2,38,7,9360,2,6,2,1,2
2017010057806,1,11,0,18,0,-1,0,-1,0,0,-1,1,6,1,-1,-1,6700,2,11,-1,-1,-1
2017010057810,1,11,0,5,2,6,0,0,0,0,0,1,1,1,38,7,4500,2,2,3,1,3
2017010057813,1,1,-1,18,0,1,-1,-1,0,0,4,1,6,2,28,6,-1,-1,-1,7,1,7
2017010057814,1,9,0,4,0,0,0,0,0,0,2,1,6,2,53,8,1598,1,11,2,1,2
2017010057815,1,9,-1,-1,-1,-1,-1,-1,-1,-1,-1,-1,6,1,35,6,1339,8,9,6,1,6
2017010057816,1,9,0,10,0,6,0,0,0,0,4,1,3,2,35,6,1149,1,3,5,1,5
2017010057816,2,3,0,4,0,8,0,0,0,0,3,1,6,1,47,8,124,1,4,4,1,4
2017010057817,1,19,0,11,0,2,0,0,2,7,2,1,2,1,29,6,1753,2,11,5,1,5
2017010057817,2,5,0,15,0,2,0,10,0,0,1,1,2,1,20,4,599,1,12,3,1,3
2017010057818,1,3,0,15,2,1,0,0,0,0,1,1,2,1,32,6,-1,-1,-1,3,1,3
2017010057818,2,9,0,9,0,8,0,0,0,0,4,1,6,2,21,5,1389,1,19,3,1,3
2017010057818,3,9,0,3,0,1,0,0,0,0,0,1,6,1,68,10,2460,2,12,5,1,5
2017010057819,1,9,0,3,0,0,0,0,0,0,1,1,6,2,31,6,2656,1,9,7,1,7
2017010057819,2,9,0,10,0,0,0,0,0,0,2,1,3,2,54,8,1794,1,12,5,1,5
2017010057820,1,9,0,18,0,1,0,0,0,0,1,1,6,1,88,11,1596,1,16,7,1,7
2017010057821,1,11,0,17,0,8,0,0,0,0,1,1,1,1,54,8,6700,2,10,8,1,8
2017010057821,2,9,0,3,0,8,0,0,0,0,2,1,6,1,27,6,1339,1,10,3,1,3
2017010057821,3,19,0,3,0,8,0,0,0,0,2,1,1,1,46,8,2198,2,5,-1,-1,-1
2017010057822,1,11,0,5,0,1,0,0,0,0,0,1,1,1,59,9,5132,2,1,6,1,6
2017010057823,1,9,0,4,0,0,5,0,0,0,1,1,6,2,67,10,1397,1,8,3,1,3
2017010057823,2,9,0,2,9,0,0,4,0,0,4,1,6,3,-1,-1,1595,1,4,-1,-1,-1
2017010057824,1,9,0,10,0,0,0,0,0,0,1,1,6,2,43,7,1200,1,1,2,1,2
2017010057824,2,1,0,14,0,0,5,0,0,0,1,1,2,1,59,9,-1,-1,-1,3,1,3
2017010057825,1,3,0,18,0,1,0,0,0,0,4,1,2,1,57,9,108,1,5,9,1,9
2017010057825,2,9,0,10,0,6,0,0,0,0,1,1,3,2,36,7,1769,1,12,5,1,5
2017010057828,1,9,0,5,0,0,0,4,0,0,3,1,6,1,48,8,1796,1,11,-1,-1,-1
2017010057828,2,9,0,2,6,0,0,0,0,0,4,1,6,3,-1,-1,1395,1,4,-1,-1,-1
2017010057830,1,9,0,9,0,2,0,0,0,0,3,1,1,1,27,6,2429,1,11,4,1,4
2017010057830,2,9,0,1,0,1,0,0,0,0,2,1,6,1,23,5,999,1,-1,1,1,1
2017010057831,1,8,0,18,0,1,0,0,0,0,1,1,2,1,34,6,2499,2,8,6,1,6
2017010057832,1,9,0,3,0,1,0,0,0,0,4,1,6,1,28,6,1598,1,4,3,1,3
2017010057832,2,3,0,12,0,1,0,0,0,0,1,1,6,1,16,4,-1,-1,-1,4,1,4
2017010057833,1,9,0,6,0,2,0,0,0,0,1,1,6,1,80,11,1560,2,-1,4,3,4
2017010057833,2,3,0,5,0,2,0,0,0,0,4,1,1,1,18,4,125,1,9,6,1,6
2017010057834,1,9,0,18,0,1,0,0,0,0,0,1,6,1,21,5,1364,1,11,1,1,1
2017010057835,1,1,0,14,0,2,0,0,0,0,1,1,2,2,29,6,-1,-1,-1,2,1,2
2017010057835,2,9,0,9,0,1,0,0,0,0,1,2,6,1,17,4,2143,2,3,5,1,5
2017010057836,1,3,0,18,0,1,5,0,0,0,1,1,1,2,23,5,125,1,1,6,1,6
2017010057836,2,9,0,4,0,1,0,0,0,0,2,1,6,1,28,6,1686,2,12,8,1,8
2017010057838,1,9,0,9,0,1,0,0,0,0,3,1,6,2,24,5,1991,2,7,3,1,3
2017010057838,2,4,0,13,0,1,2,0,0,0,1,1,2,1,27,6,124,1,6,5,1,5
2017010057839,1,9,0,18,0,2,0,0,0,0,1,1,6,1,73,10,1339,1,11,3,1,3
2017010057841,1,19,0,18,0,2,0,0,0,0,3,1,2,1,36,7,-1,-1,-1,4,1,4
2017010057842,1,9,0,18,0,0,0,0,0,0,2,1,6,1,49,8,2143,2,7,5,1,5
2017010057842,2,4,0,18,0,0,0,0,0,0,1,1,6,1,-1,-1,124,1,4,-1,-1,-1
2017010057844,1,9,0,18,0,0,0,0,0,0,1,1,6,1,56,9,1299,1,12,4,1,4
2017010057844,2,3,0,18,0,0,0,0,0,0,1,1,6,1,17,4,124,1,3,-1,-1,-1
2017010057846,1,9,0,18,0,1,1,0,0,0,1,1,6,2,22,5,1598,2,7,8,1,8
2017010057846,2,9,0,9,0,6,0,0,0,0,3,1,6,2,28,6,1598,1,7,3,1,3
2017010057847,1,9,0,9,0,8,1,0,3,0,3,1,6,1,29,6,1798,8,1,6,1,6
2017010057847,2,9,0,18,0,1,1,0,0,0,1,1,6,1,19,4,2198,1,15,2,1,2
2017010057848,1,9,0,4,0,0,0,0,0,0,0,1,6,1,34,6,1910,2,9,3,1,3
2017010057850,1,9,0,18,0,0,2,7,0,0,1,1,6,1,58,9,998,1,7,3,1,3
2017010057850,2,9,0,2,0,0,0,0,1,2,2,1,6,3,-1,-1,1149,1,6,-1,-1,-1
2017010057851,1,9,0,9,0,8,0,0,0,0,1,1,6,1,27,6,1596,1,12,7,1,7
2017010057851,2,1,0,18,0,8,0,0,0,0,1,1,6,1,26,6,-1,-1,-1,4,1,4
2017010057854,1,9,0,18,0,0,0,4,0,0,1,2,6,1,25,5,2926,2,15,2,1,2
2017010057854,2,9,0,2,0,0,0,0,0,0,2,1,6,3,-1,-1,-1,-1,-1,-1,-1,-1
2017010057854,3,9,0,2,0,0,0,0,0,0,2,1,6,3,-1,-1,1999,1,12,-1,-1,-1
2017010057854,4,9,0,2,0,0,0,0,0,0,2,1,6,3,-1,-1,1598,1,12,-1,-1,-1
2017010057854,5,9,0,2,0,0,0,0,0,0,2,1,6,3,-1,-1,1781,1,12,-1,-1,-1
2017010057854,6,9,0,2,0,0,0,0,0,0,2,1,6,3,-1,-1,1364,1,10,-1,-1,-1
2017010057855,1,1,0,18,0,1,0,0,0,0,4,1,6,1,18,4,-1,-1,-1,7,1,7
2017010057856,1,9,0,18,0,1,0,0,1,2,3,1,6,1,19,4,1390,1,6,9,1,9
2017010057857,1,9,0,18,0,1,0,0,0,0,1,1,6,1,58,9,1731,1,20,5,1,5
2017010057857,2,9,0,7,0,6,0,0,0,0,1,1,6,2,19,4,1796,1,10,-1,-1,-1
2017010057861,1,8,0,18,0,2,0,7,0,0,1,1,1,1,58,9,2402,2,12,9,1,9
2017010057862,1,11,0,5,0,0,0,0,0,0,0,1,1,1,41,7,6700,2,1,6,1,6
2017010057863,1,5,0,18,0,8,2,0,0,0,1,1,2,1,34,6,749,1,8,2,1,2
2017010057863,2,90,0,16,0,8,5,0,0,0,4,1,2,1,27,6,-1,-1,-1,1,1,1
2017010057868,1,9,0,3,0,2,0,0,0,0,1,-1,6,1,44,7,2198,2,2,10,1,10
2017010057868,2,19,0,12,2,2,0,0,0,0,2,-1,1,1,30,6,2148,2,10,7,1,7
2017010057873,1,9,0,7,-1,0,0,0,0,0,1,1,2,2,34,6,1339,8,6,3,1,3
2017010057873,2,1,-1,18,0,0,0,0,0,0,1,1,6,2,-1,-1,-1,-1,-1,-1,-1,-1
2017010057875,1,2,0,18,0,8,0,0,0,0,1,1,6,1,17,4,49,1,10,5,1,5
2017010057882,1,9,0,5,0,1,0,0,0,0,2,1,3,1,31,6,2494,1,15,4,1,4
2017010057882,2,9,0,5,0,1,0,0,0,0,1,1,6,3,-1,-1,1968,2,1,-1,-1,-1
2017010057883,1,1,-1,18,0,-1,0,0,-1,0,-1,1,1,1,30,6,-1,-1,-1,2,1,2
2017010057883,2,19,0,18,0,-1,0,-1,-1,0,1,-1,1,1,-1,-1,1968,2,4,-1,-1,-1
2017010057893,1,19,-1,-1,-1,-1,-1,-1,-1,-1,-1,-1,6,1,47,8,2198,2,3,3,1,3
2017010057893,2,9,-1,-1,-1,-1,-1,-1,-1,-1,-1,-1,6,1,-1,-1,-1,-1,-1,-1,-1,-1
2017010057897,1,1,0,18,-1,0,5,0,0,0,1,1,6,2,34,6,-1,-1,-1,5,1,5
2017010057897,2,9,0,-1,-1,0,0,0,0,0,3,-1,6,1,-1,-1,-1,-1,-1,-1,-1,-1
2017010057898,1,9,0,18,0,5,0,0,0,0,0,1,1,1,23,5,-1,-1,-1,7,1,7
2017010057898,2,1,0,13,0,5,0,0,1,0,3,1,2,1,30,6,-1,-1,-1,1,1,1
2017010057900,1,9,0,18,0,0,0,4,0,0,1,1,3,2,35,6,1200,1,4,5,1,5
2017010057900,2,9,0,1,0,0,0,4,0,0,2,1,6,1,36,7,1596,1,7,5,1,5
2017010057900,3,9,0,2,0,0,0,0,0,0,1,1,6,3,-1,-1,1299,1,14,-1,-1,-1
2017010057904,1,1,0,18,0,1,0,0,0,0,1,1,2,2,26,6,-1,-1,-1,2,1,2
2017010057904,2,9,0,7,0,1,0,0,0,0,4,1,6,2,-1,-1,2143,2,-1,1,1,1
2017010057911,1,9,0,3,0,0,0,0,0,0,2,1,1,2,50,8,1390,1,12,10,1,10
2017010057911,2,9,0,18,0,0,0,0,0,0,1,1,3,1,25,5,1390,1,14,1,1,1
2017010057916,1,1,0,18,0,8,0,0,0,0,1,1,2,1,23,5,-1,-1,-1,3,1,3
2017010057916,2,9,0,7,0,8,0,0,0,0,4,-1,6,1,33,6,1797,8,5,4,1,4
2017010057917,1,9,0,18,0,8,0,0,0,0,3,1,1,1,-1,-1,2143,2,2,4,1,4
2017010057917,2,9,0,9,0,8,0,0,0,0,1,-1,6,1,-1,-1,1598,1,7,-1,-1,-1
2017010057930,1,9,0,18,0,8,0,0,0,0,0,1,6,2,45,7,1582,2,5,-1,-1,-1
2017010057930,2,9,0,-1,0,8,0,0,0,0,0,-1,6,2,-1,-1,996,1,5,-1,-1,-1
2017010057932,1,11,-1,-1,-1,-1,-1,-1,-1,-1,-1,-1,6,3,-1,-1,-1,-1,-1,-1,-1,-1
2017010057934,1,9,0,9,0,5,0,0,0,0,3,2,1,2,47,8,1797,8,4,-1,-1,-1
2017010057934,2,1,0,18,0,1,0,0,0,0,1,1,2,2,26,6,-1,-1,-1,1,1,1
2017010057935,1,19,0,6,0,1,0,0,0,0,3,1,1,1,56,9,2198,2,4,2,1,2
2017010057935,2,5,0,18,0,1,0,0,0,0,1,1,2,1,53,8,599,1,19,10,1,10
2017010057937,1,9,0,7,8,0,1,11,1,4,1,1,1,1,17,4,2494,1,19,7,1,7
2017010057939,1,4,0,18,0,1,5,0,0,0,1,1,6,1,18,4,125,1,8,2,1,2
2017010057939,2,9,0,9,0,8,0,0,0,0,4,1,6,1,37,7,1850,1,17,4,1,4
2017010057940,1,9,0,18,0,2,0,0,0,0,0,1,3,1,36,7,2967,2,-1,6,1,6
2017010057940,2,4,0,18,0,1,2,0,0,0,0,1,2,1,39,7,123,1,1,2,1,2
2017010057946,1,9,0,8,0,1,0,0,0,0,4,1,6,1,43,7,1968,2,6,9,1,9
2017010057946,2,1,0,18,5,1,0,0,0,0,1,1,2,2,37,7,-1,-1,-1,5,1,5
2017010057948,1,3,0,18,0,1,1,0,0,0,1,1,1,2,35,6,124,1,6,3,1,3
2017010057948,2,9,0,3,0,1,0,0,0,0,0,1,6,2,27,6,-1,-1,-1,-1,-1,-1
2017010057950,1,9,0,18,0,8,0,0,0,0,2,1,6,2,77,11,-1,-1,-1,6,1,6
2017010057950,2,3,0,18,0,8,0,4,0,0,1,1,6,2,41,7,124,1,17,2,1,2
2017010057952,1,9,0,-1,0,-1,0,-1,-1,-1,-1,-1,6,2,40,7,1198,1,5,2,1,2
2017010057952,2,19,0,18,0,-1,0,0,0,0,1,-1,1,1,49,8,1995,2,-1,3,1,3
2017010057956,1,9,0,4,0,0,0,0,0,0,3,1,2,2,37,7,1229,1,8,3,1,3
2017010057956,2,8,0,4,0,0,0,0,0,0,2,1,1,1,38,7,1797,8,7,9,1,9
2017010057956,3,9,0,4,0,0,0,0,0,0,1,1,2,1,52,8,1246,1,12,9,1,9
2017010057958,1,11,0,17,0,0,0,0,0,0,0,1,1,1,26,6,9000,2,11,2,1,2
2017010057959,1,9,0,4,0,1,0,0,0,0,1,1,6,1,65,9,1339,1,15,2,1,2
2017010057959,2,9,0,4,0,1,0,0,0,0,0,1,6,2,39,7,1242,1,8,2,1,2
2017010057959,3,2,0,9,0,1,0,0,0,0,1,1,2,1,26,6,124,1,12,2,1,2
2017010057961,1,8,0,9,0,6,0,0,0,0,1,1,1,1,42,7,1798,8,1,5,1,5
2017010057961,2,3,0,18,0,8,0,0,0,0,1,1,6,1,33,6,125,1,8,7,1,7
2017010057962,1,9,0,3,0,-1,0,0,0,0,2,-1,6,1,79,11,2967,2,7,8,3,8
2017010057962,2,9,0,-1,0,-1,0,0,0,0,1,-1,6,3,-1,-1,2143,2,-1,-1,-1,-1
2017010057967,1,9,0,9,0,8,0,0,0,0,4,1,3,2,34,6,1461,2,10,3,1,3
2017010057967,2,3,0,15,0,8,0,0,0,0,1,1,6,1,17,4,124,1,12,9,1,9
2017010057969,1,19,0,3,0,1,0,0,0,0,3,1,1,1,62,9,2198,2,1,1,1,1
2017010057969,2,1,5,18,4,1,5,8,0,0,4,1,6,1,44,7,-1,-1,-1,5,1,5
2017010057970,1,9,0,9,0,0,0,0,0,0,1,1,6,1,80,11,1799,1,10,6,2,6
2017010057973,1,8,0,18,0,2,0,0,0,0,1,1,6,1,26,6,-1,-1,-1,5,1,5
2017010057973,2,9,0,18,0,1,0,0,0,0,1,1,6,2,61,9,1388,1,14,4,1,4
2017010057974,1,2,0,13,0,6,0,0,0,0,4,1,2,1,38,7,114,1,2,5,1,5
2017010057974,2,19,0,6,0,6,0,0,0,0,4,1,1,1,34,6,1560,2,5,-1,-1,-1
2017010057978,1,9,0,18,0,1,0,0,0,0,1,1,6,1,30,6,1398,1,4,1,1,1
2017010057978,2,19,0,9,0,5,0,0,0,0,2,1,1,1,32,6,-1,-1,-1,6,1,6
2017010057980,1,8,0,17,0,8,0,0,0,0,3,1,6,1,33,6,2143,2,5,5,1,5
2017010057980,2,9,0,17,0,8,0,0,0,0,4,1,6,1,53,8,1896,2,15,1,1,1
2017010057981,1,9,0,9,0,5,0,0,0,0,3,1,2,1,31,6,-1,-1,-1,6,1,6
2017010057981,2,5,0,13,0,1,0,0,0,0,1,1,6,1,31,6,599,1,14,7,1,7
2017010057983,1,1,0,18,0,8,0,0,0,0,4,1,6,2,29,6,-1,-1,-1,7,1,7
2017010057983,2,8,0,18,0,6,0,0,0,0,1,1,1,1,-1,-1,2499,2,2,8,1,8
2017010057984,1,3,0,14,0,0,0,4,0,0,1,1,6,1,32,6,125,1,1,5,1,5
2017010057984,2,9,0,3,0,0,0,0,0,0,4,2,1,1,22,5,2143,12,3,3,1,3
2017010057985,1,9,0,18,0,8,0,0,0,0,1,1,4,2,48,8,2231,2,11,7,1,7
2017010057985,2,9,0,18,0,8,0,0,0,0,1,1,6,1,26,6,1360,1,15,6,1,6
2017010057987,1,2,0,14,0,1,0,0,0,0,1,1,1,1,27,6,125,1,4,3,1,3
2017010057988,1,3,0,18,0,2,0,0,0,0,1,1,2,1,22,5,-1,-1,-1,6,1,6
2017010057992,1,8,0,15,0,0,0,0,0,0,4,1,1,1,64,9,1753,2,7,6,1,6
2017010057994,1,9,0,8,0,1,0,0,0,0,3,1,1,1,45,7,1968,2,3,7,1,7
2017010057994,2,20,0,7,0,1,0,0,1,0,1,1,6,1,47,8,-1,-1,-1,1,1,1