Accident_Index,Vehicle_Reference,Vehicle_Type,Towing_and_Articulation,Vehicle_Manoeuvre,Vehicle_Location-Restricted_Lane,Junction_Location,Skidding_and_Overturning,Hit_Object_in_Carriageway,Vehicle_Leaving_Carriageway,Hit_Object_off_Carriageway,1st_Point_of_Impact,Was_Vehicle_Left_Hand_Drive?,Journey_Purpose_of_Driver,Sex_of_Driver,Age_of_Driver,Age_Band_of_Driver,Engine_Capacity_(CC),Propulsion_Code,Age_of_Vehicle,Driver_IMD_Decile,Driver_Home_Area_Type,Vehicle_IMD_Decile
2017010057996,1,9,0,1,0,0,0,0,0,0,2,1,1,1,27,6,1499,2,1,-1,-1,-1
2017010057999,1,4,0,13,0,2,0,0,7,10,1,1,2,1,55,8,124,1,4,2,1,2
2017010057999,2,9,0,18,0,1,0,0,0,0,3,1,2,1,26,6,1461,2,4,8,1,8
2017010058001,1,9,0,18,0,1,0,0,0,0,4,1,6,2,85,11,1796,1,19,1,1,1
2017010058003,1,1,0,18,4,0,0,0,0,0,1,1,6,1,60,9,-1,-1,-1,8,1,8
2017010058003,2,9,-1,-1,4,0,0,0,0,0,1,-1,6,1,-1,-1,2979,1,1,-1,-1,-1
2017010058004,1,1,0,18,0,8,0,0,0,0,3,1,2,2,54,8,-1,-1,-1,5,1,5
2017010058004,2,9,0,7,0,8,0,0,0,0,4,1,6,1,44,7,1598,1,7,7,1,7
2017010058005,1,9,0,4,0,1,0,0,0,0,1,1,2,2,28,6,1197,1,1,4,1,4
2017010058006,1,9,0,18,0,1,0,0,0,0,1,1,6,1,22,5,1598,2,4,3,1,3
2017010058008,1,1,0,5,2,6,0,0,0,0,2,1,2,2,34,6,-1,-1,-1,8,1,8
2017010058008,2,9,0,4,0,8,0,0,0,0,1,1,6,1,27,6,-1,-1,-1,1,1,1
2017010058011,1,3,0,4,0,0,2,0,0,0,1,1,6,1,19,4,125,1,14,4,1,4
2017010058011,2,9,0,3,0,0,0,0,0,0,2,1,6,1,69,10,1598,1,10,7,1,7
2017010058012,1,9,0,9,0,6,0,0,0,0,1,1,6,1,39,7,1498,1,8,9,1,9
2017010058012,2,3,0,13,0,2,0,0,0,0,1,1,1,1,30,6,125,1,-1,1,1,1
2017010058012,3,9,0,2,0,2,0,0,0,0,3,1,6,3,-1,-1,-1,-1,-1,-1,-1,-1
2017010058013,1,9,0,16,0,0,0,0,0,0,1,1,2,1,65,9,1600,1,2,3,1,3
2017010058013,2,9,0,17,0,0,0,0,0,0,1,1,3,2,48,8,1296,1,10,2,1,2
2017010058014,1,9,0,18,0,0,1,0,1,7,1,1,1,1,24,5,1198,1,3,1,1,1
2017010058015,1,4,0,18,0,1,0,0,0,0,3,1,1,1,29,6,125,1,2,7,1,7
2017010058015,2,9,0,18,0,1,0,0,0,0,3,1,6,2,33,6,5462,1,10,5,1,5
2017010058016,1,19,0,18,0,1,0,0,0,0,1,1,1,1,57,9,-1,-1,-1,2,1,2
2017010058017,1,9,0,18,0,1,0,0,0,0,1,1,6,1,24,5,1229,1,3,-1,-1,-1
2017010058017,2,9,0,18,0,1,0,0,0,0,1,1,6,1,67,10,1199,1,13,-1,-1,-1
2017010058019,1,9,0,4,0,0,0,0,0,0,2,1,6,1,67,10,1242,1,4,5,1,5
2017010058019,2,9,0,18,0,0,0,0,0,0,1,1,1,1,49,8,1390,1,12,2,1,2
2017010058020,1,9,0,10,0,2,0,4,0,0,3,1,3,2,50,8,1399,2,7,10,1,10
2017010058020,2,9,0,15,2,1,0,0,0,0,1,1,6,3,-1,-1,1396,1,14,-1,-1,-1
2017010058020,3,9,0,8,0,1,0,0,0,0,3,1,6,2,62,9,1198,1,7,3,1,3
2017010058022,1,8,0,6,0,0,0,0,0,0,0,1,6,1,56,9,1997,2,2,3,1,3
2017010058022,2,2,0,15,0,0,1,0,0,0,0,1,1,1,20,4,108,1,2,6,1,6
2017010058023,1,3,0,18,0,1,5,0,0,0,1,1,6,1,46,8,124,1,7,2,1,2
2017010058023,2,9,0,9,0,8,0,0,0,0,3,1,6,2,42,7,1997,2,1,2,1,2
2017010058024,1,9,0,4,0,1,0,0,0,0,4,1,6,2,37,7,1598,1,3,1,1,1
2017010058024,2,19,0,18,0,1,0,0,0,0,1,1,6,3,-1,-1,1998,2,12,-1,-1,-1
2017010058025,1,3,0,18,0,0,0,0,3,0,1,1,1,1,27,6,124,1,5,2,1,2
2017010058026,1,9,0,9,0,8,0,0,0,0,3,1,3,1,74,10,1240,1,9,10,1,10
2017010058028,1,9,0,1,9,2,0,11,0,0,2,1,6,1,41,7,1976,1,7,8,1,8
2017010058028,2,9,0,2,9,2,0,4,0,0,1,1,6,3,-1,-1,1560,2,4,-1,-1,-1
2017010058030,1,4,0,4,0,1,0,0,0,0,4,1,6,1,26,6,125,1,4,1,1,1
2017010058030,2,9,0,4,0,1,0,0,0,0,3,1,6,3,-1,-1,-1,-1,-1,-1,-1,-1
2017010058031,1,4,0,18,0,1,0,0,0,0,1,1,1,1,26,6,125,1,7,2,1,2
2017010058031,2,9,0,5,0,6,0,0,0,0,3,1,6,3,-1,-1,-1,-1,-1,-1,-1,-1
2017010058032,1,3,0,12,0,8,0,0,0,0,2,1,1,1,20,4,108,1,3,1,1,1
2017010058032,2,9,0,18,0,8,0,0,0,0,1,1,6,1,27,6,-1,-1,-1,2,1,2
2017010058033,1,9,0,18,0,1,0,11,0,0,1,1,6,2,29,6,1995,2,7,2,1,2
2017010058034,1,3,0,9,0,1,0,0,0,0,1,1,1,1,28,6,125,1,6,2,1,2
2017010058034,2,9,0,9,0,1,0,0,0,0,3,1,6,2,44,7,2179,2,4,7,1,7
2017010058035,1,8,0,9,0,8,0,0,0,0,1,1,1,1,52,8,1797,8,6,6,1,6
2017010058035,2,3,0,18,9,1,0,0,0,0,1,1,6,1,22,5,124,1,16,7,1,7
2017010058036,1,3,0,4,0,1,0,10,0,0,4,1,1,1,40,7,108,1,2,2,1,2
2017010058036,2,9,0,2,0,1,0,0,0,0,0,1,6,3,-1,-1,2354,1,14,-1,-1,-1
2017010058037,1,19,0,7,0,1,0,0,0,0,3,1,6,1,52,8,1248,2,4,2,1,2
2017010058039,1,9,0,18,0,0,0,0,0,0,1,1,6,1,30,6,1956,2,4,5,1,5
2017010058039,2,5,0,18,0,0,0,0,0,0,2,1,1,1,48,8,1043,1,2,4,1,4
2017010058040,1,9,0,18,0,1,0,0,0,0,1,1,6,3,-1,-1,-1,-1,-1,-1,-1,-1
2017010058042,1,9,0,18,0,0,0,0,0,0,1,1,6,1,44,7,1362,1,4,6,1,6
2017010058042,2,9,0,2,0,0,0,0,1,0,1,1,6,3,-1,-1,1396,1,7,-1,-1,-1
2017010058045,1,9,0,5,0,6,0,7,0,0,3,1,6,1,24,5,1390,1,5,6,1,6
2017010058045,2,9,0,18,0,1,0,0,0,0,1,1,6,1,31,6,4395,1,4,6,1,6
2017010058046,1,9,0,18,0,1,1,4,0,0,1,2,6,1,-1,-1,-1,-1,-1,-1,-1,-1
2017010058046,2,9,0,2,0,1,0,0,0,0,3,1,6,3,-1,-1,1598,2,4,-1,-1,-1
2017010058046,3,11,0,18,0,1,0,0,0,0,1,1,1,1,55,8,4500,2,9,2,1,2
2017010058048,1,8,0,18,0,0,0,0,1,2,1,1,6,1,37,7,1997,2,2,4,1,4
2017010058049,1,11,0,5,0,1,0,0,0,0,0,1,1,2,64,9,6692,2,6,1,1,1
2017010058049,2,1,0,13,0,2,0,0,0,0,0,1,6,3,-1,-1,-1,-1,-1,-1,-1,-1
2017010058053,1,11,0,5,0,2,0,0,0,0,1,1,1,1,50,8,4461,2,3,7,1,7
2017010058055,1,9,0,18,9,0,5,10,1,7,1,1,6,1,38,7,1870,2,12,2,1,2
2017010058056,1,9,0,18,0,1,5,0,0,0,1,1,6,1,46,8,1598,2,1,1,1,1
2017010058056,2,9,0,9,0,1,0,0,0,0,1,1,6,2,60,9,1388,1,12,6,1,6
2017010058057,1,2,0,18,0,8,0,0,0,0,0,1,2,1,59,9,109,1,3,2,1,2
2017010058058,1,1,0,7,0,3,0,0,0,0,2,1,2,1,45,7,-1,-1,-1,1,1,1
2017010058058,2,9,0,18,0,8,0,0,0,0,1,1,6,3,-1,-1,-1,-1,-1,-1,-1,-1
2017010058060,1,11,0,7,0,3,0,0,0,0,1,1,1,1,61,9,5132,2,1,8,1,8
2017010058060,2,9,0,5,0,3,0,0,0,0,4,1,2,1,24,5,998,1,8,7,1,7
2017010058061,1,9,0,18,0,3,1,10,1,10,4,1,6,1,34,6,2496,1,13,2,1,2
2017010058061,2,21,1,9,0,8,0,0,0,0,3,2,1,1,30,6,-1,-1,-1,-1,-1,-1
2017010058062,1,9,0,9,0,3,0,0,0,0,1,1,6,2,30,6,2494,8,2,-1,-1,-1
2017010058062,2,9,0,18,0,4,0,0,0,0,3,1,6,2,43,7,1796,1,11,2,1,2
2017010058063,1,9,0,1,0,6,0,0,0,0,4,1,6,2,21,5,998,1,6,7,1,7
2017010058065,1,9,0,18,0,1,0,10,7,10,1,1,6,2,43,7,1490,1,11,2,1,2
2017010058066,1,9,0,7,0,0,0,0,0,0,4,1,6,2,34,6,1995,1,8,5,1,5
2017010058066,2,3,0,18,0,0,0,0,0,0,1,1,1,1,27,6,125,1,1,5,1,5
2017010058068,1,2,0,18,0,8,0,0,0,0,2,1,6,1,34,6,125,1,2,7,1,7
2017010058068,2,9,0,9,0,2,0,0,0,0,1,1,6,2,32,6,1995,2,12,4,1,4
2017010058071,1,3,0,11,0,0,5,0,0,0,4,1,6,1,28,6,125,1,5,2,1,2
2017010058071,2,9,0,12,0,0,0,0,0,0,3,1,6,1,38,7,1598,1,5,9,1,9
2017010058072,1,9,0,18,0,8,0,0,0,0,1,1,6,2,26,6,1984,1,16,7,1,7
2017010058073,1,9,0,18,0,0,0,0,0,0,1,1,1,1,31,6,1968,2,5,2,1,2
2017010058073,2,10,0,18,0,0,0,0,0,0,2,1,1,1,26,6,2143,2,-1,3,1,3
2017010058075,1,19,0,18,0,5,0,0,1,0,1,1,6,1,21,5,1560,2,7,3,1,3
2017010058075,2,9,0,2,0,6,0,0,0,0,1,1,6,3,-1,-1,1995,2,12,-1,-1,-1
2017010058076,1,9,0,18,0,2,0,0,0,0,1,1,6,2,50,8,1598,1,7,5,1,5
2017010058077,1,8,0,18,0,1,0,0,0,0,1,1,1,1,55,8,2499,2,6,7,1,7
2017010058078,1,9,0,18,0,1,0,0,0,0,3,1,6,1,27,6,1968,2,4,2,1,2
2017010058078,2,9,0,3,0,1,0,0,0,0,4,1,6,1,44,7,2231,2,10,4,1,4
2017010058079,1,11,0,7,0,8,0,0,0,0,0,1,1,1,51,8,8268,2,15,7,1,7
2017010058080,1,9,0,4,0,3,0,0,0,0,2,1,6,1,22,5,1794,1,17,2,1,2
2017010058080,2,9,0,4,0,3,0,0,0,0,1,1,6,1,23,5,1248,1,1,2,1,2
2017010058082,1,8,0,18,0,1,0,0,0,0,1,1,1,1,32,6,1798,8,5,1,1,1
2017010058083,1,9,0,18,0,5,0,0,0,0,1,1,6,1,55,8,1798,8,5,3,1,3
2017010058083,2,9,0,5,0,8,0,0,0,0,2,1,6,1,27,6,1796,1,11,2,1,2
2017010058083,3,9,0,5,0,8,0,0,0,0,3,1,6,1,65,9,2143,2,-1,4,1,4
2017010058084,1,9,0,14,0,1,0,0,0,0,1,1,6,3,-1,-1,1329,1,8,-1,-1,-1
2017010058086,1,9,0,9,0,1,0,0,0,0,1,1,6,3,-1,-1,-1,-1,-1,-1,-1,-1
2017010058089,1,9,0,18,0,3,0,0,0,0,4,1,1,1,71,10,-1,-1,-1,6,1,6
2017010058089,2,1,0,18,0,3,0,0,0,0,2,1,6,1,30,6,-1,-1,-1,4,1,4
2017010058090,1,9,0,9,0,5,0,0,0,0,3,1,6,1,45,7,1796,1,13,-1,-1,-1
2017010058090,2,3,0,18,0,5,0,0,0,0,1,1,6,1,24,5,124,1,5,6,1,6
2017010058091,1,3,0,5,0,6,5,0,0,0,2,1,6,1,79,11,124,1,17,6,1,6
2017010058091,2,9,0,6,0,8,0,0,0,0,1,1,6,2,38,7,1798,1,1,6,1,6
2017010058092,1,9,0,4,0,0,0,0,0,0,3,1,6,1,47,8,2987,2,7,8,1,8
2017010058092,2,9,0,3,0,0,0,0,0,0,1,1,1,1,56,9,-1,-1,-1,-1,-1,-1
2017010058093,1,3,0,4,2,6,1,0,0,0,1,1,2,1,25,5,124,1,5,6,1,6
2017010058093,2,9,0,6,0,6,0,0,0,0,3,1,1,1,31,6,6592,1,-1,5,1,5
2017010058094,1,9,0,18,0,8,0,0,0,0,4,1,6,1,56,9,1796,1,8,6,1,6
2017010058094,2,9,0,4,0,1,0,0,0,0,1,1,6,2,21,5,1596,1,10,3,1,3
2017010058096,1,8,0,18,0,8,0,0,0,0,4,1,6,1,34,6,1968,2,5,2,1,2
2017010058096,2,9,0,9,0,8,0,0,0,0,4,1,1,1,24,5,1998,1,2,2,1,2
2017010058097,1,11,0,18,0,1,0,0,0,0,0,1,6,1,51,8,4500,2,5,3,1,3
2017010058097,2,9,0,11,0,1,0,0,0,0,0,1,6,3,-1,-1,-1,-1,-1,-1,-1,-1
2017010058098,1,8,0,18,0,1,0,0,0,0,0,1,1,1,51,8,2143,2,5,4,1,4
2017010058099,1,8,0,18,0,1,0,4,0,0,1,1,1,1,25,5,2993,2,5,2,1,2
2017010058099,2,9,0,2,0,1,0,0,0,0,2,1,6,3,-1,-1,1242,1,5,-1,-1,-1
2017010058100,1,9,0,18,0,0,2,4,0,0,1,1,6,2,27,6,1390,1,5,7,1,7
2017010058100,2,9,0,2,0,0,0,0,0,0,3,1,6,3,-1,-1,999,1,3,-1,-1,-1
2017010058101,1,9,0,3,0,2,0,0,0,0,1,1,2,1,50,8,1998,2,7,2,1,2
2017010058101,2,9,0,1,0,2,0,0,0,0,2,1,6,1,40,7,1339,8,6,4,1,4
2017010058102,1,9,0,18,0,0,0,0,0,0,2,1,6,1,27,6,2143,2,-1,4,1,4
2017010058102,2,9,0,5,0,0,0,0,0,0,1,1,6,2,31,6,-1,-1,-1,-1,-1,-1
2017010058103,1,9,0,18,0,8,0,0,0,0,2,1,6,1,32,6,1686,2,3,-1,-1,-1
2017010058103,2,9,0,18,0,8,0,0,0,0,1,1,6,1,17,4,1598,1,13,-1,-1,-1
2017010058104,1,11,0,3,2,8,0,0,0,0,3,1,1,1,49,8,4500,2,5,1,1,1
2017010058104,2,11,0,5,2,8,0,0,0,0,1,1,1,2,39,7,4500,2,1,2,1,2
2017010058106,1,9,0,18,0,2,1,4,0,0,1,1,6,1,37,7,1461,2,4,4,1,4
2017010058107,1,9,-1,18,-1,-1,-1,-1,-1,-1,-1,1,6,2,24,5,1395,1,1,7,1,7
2017010058108,1,3,0,18,0,2,0,0,0,0,1,1,6,1,32,6,108,1,6,2,1,2
2017010058108,2,9,0,4,0,2,0,0,0,0,2,1,6,1,69,10,1597,2,4,6,1,6
2017010058109,1,9,0,18,0,8,0,0,0,0,1,1,6,1,70,10,-1,-1,-1,5,1,5
2017010058109,2,9,0,9,0,8,0,0,3,0,4,1,6,1,46,8,2143,2,-1,5,1,5
2017010058110,1,9,0,9,5,1,0,11,7,1,1,1,6,2,48,8,1299,1,14,7,1,7
2017010058111,1,9,0,9,0,6,0,0,0,0,1,1,6,1,40,7,2967,2,5,2,1,2
2017010058111,2,1,0,18,0,8,0,0,0,0,1,1,6,1,20,4,-1,-1,-1,3,1,3
2017010058113,1,9,0,8,0,1,0,0,0,0,1,1,6,1,47,8,1596,1,5,2,1,2
2017010058113,2,9,0,7,0,1,0,0,0,0,2,1,6,1,41,7,1598,2,2,3,1,3
2017010058114,1,9,0,18,0,8,0,0,0,0,1,1,6,1,39,7,2987,2,9,6,1,6
2017010058114,2,1,0,18,0,8,0,0,0,0,3,1,6,1,14,3,-1,-1,-1,4,1,4
2017010058115,1,9,0,4,0,0,0,0,0,0,2,1,6,1,27,6,1968,2,8,-1,-1,-1
2017010058115,2,3,0,18,0,0,1,0,0,0,1,1,6,1,24,5,125,1,4,2,1,2
2017010058118,1,9,0,16,0,1,0,0,0,0,1,1,6,1,65,9,1596,1,11,8,1,8
2017010058118,2,9,0,18,0,2,0,0,0,0,1,1,6,1,27,6,2143,2,-1,-1,-1,-1
2017010058119,1,9,0,18,0,0,0,0,0,0,1,1,6,1,61,9,1461,2,2,6,1,6
2017010058119,2,9,0,18,0,0,1,0,0,0,1,1,6,3,-1,-1,1390,1,9,-1,-1,-1
2017010058120,1,9,0,10,0,8,0,0,0,0,1,1,6,2,52,8,1461,2,3,7,1,7
2017010058120,2,1,0,18,0,8,0,0,0,0,1,1,6,1,24,5,-1,-1,-1,4,1,4
2017010058121,1,9,0,9,0,0,0,0,0,0,3,1,6,2,52,8,1198,1,12,6,1,6
2017010058121,2,3,0,18,0,0,1,0,0,0,1,1,6,1,28,6,108,1,1,5,1,5
2017010058122,1,9,0,3,0,1,0,0,0,0,1,1,6,1,37,7,1896,2,14,4,1,4
2017010058123,1,9,0,14,0,1,0,0,0,0,1,1,2,1,34,6,2993,2,2,4,1,4
2017010058124,1,9,0,4,0,1,1,0,0,0,1,1,6,1,35,6,3456,8,-1,9,1,9
2017010058124,2,9,0,3,0,1,0,0,0,0,2,1,6,1,42,7,1968,2,3,6,1,6
2017010058127,1,9,0,18,0,8,0,0,0,0,3,1,6,2,36,7,2179,2,3,1,1,1
2017010058127,2,9,0,18,0,8,0,0,0,0,1,1,6,1,49,8,2143,2,2,1,1,1
2017010058129,1,3,0,13,0,1,0,0,0,0,1,1,1,1,29,6,108,1,1,4,1,4
2017010058129,2,9,0,9,0,2,0,0,0,0,1,1,6,1,18,4,998,1,12,7,1,7
2017010058131,1,4,0,18,0,2,0,0,0,0,4,1,1,1,25,5,125,1,2,5,1,5
2017010058131,2,4,0,18,0,2,0,0,0,0,1,1,6,3,-1,-1,124,1,6,-1,-1,-1
2017010058132,1,9,0,4,0,0,0,0,0,0,2,1,6,1,38,7,2967,2,9,4,1,4
2017010058132,2,9,0,4,0,0,0,0,0,0,1,1,6,1,45,7,2350,1,17,6,1,6
2017010058133,1,8,0,9,0,8,0,0,0,0,0,1,6,3,-1,-1,2143,2,6,-1,-1,-1
2017010058133,2,9,0,18,0,8,0,0,0,0,1,1,6,1,21,5,1598,1,6,-1,-1,-1
2017010058133,3,9,0,18,0,8,0,0,0,0,1,1,6,1,18,4,1198,1,10,4,1,4
2017010058133,4,9,0,10,0,8,0,0,0,0,1,1,6,1,25,5,1995,1,10,3,1,3
2017010058136,1,9,0,16,0,2,0,0,0,0,1,1,6,2,35,6,1390,1,6,1,1,1
2017010058136,2,9,0,17,0,1,0,0,0,0,1,1,6,1,37,7,1597,2,1,10,1,10
2017010058137,1,11,0,18,0,0,0,0,0,0,1,1,1,1,38,7,12902,2,1,2,1,2
2017010058137,2,9,0,18,0,0,0,0,0,0,2,1,6,2,34,6,1997,2,7,9,3,9
2017010058137,3,8,0,18,0,0,0,0,0,0,2,1,1,1,27,6,2148,2,8,2,1,2
2017010058142,1,11,0,9,0,6,0,0,0,0,0,1,1,1,44,7,4500,2,1,3,1,3
2017010058143,1,1,0,18,0,2,2,0,0,0,0,1,6,1,38,7,-1,-1,-1,-1,-1,-1
2017010058148,1,9,0,18,0,6,0,0,0,0,2,1,2,2,22,5,999,1,-1,2,1,2
2017010058148,2,9,0,18,0,8,0,0,0,0,1,1,6,3,-1,-1,-1,-1,-1,-1,-1,-1
2017010058149,1,9,0,1,0,0,0,0,0,0,2,1,6,1,33,6,1598,1,8,1,1,1
2017010058151,1,9,0,18,0,0,0,0,1,9,1,1,6,1,30,6,999,1,-1,5,1,5
2017010058151,2,9,0,18,0,0,0,0,0,0,2,1,2,1,40,7,998,1,2,4,1,4
2017010058151,3,9,0,18,0,0,0,0,0,0,1,1,6,3,-1,-1,-1,-1,-1,-1,-1,-1
2017010058152,1,9,0,18,0,8,0,0,0,0,1,1,6,1,29,6,1499,1,-1,2,1,2
2017010058152,2,1,0,5,0,1,0,0,0,0,4,1,6,1,50,8,-1,-1,-1,2,1,2
2017010058153,1,9,0,5,0,1,0,0,0,0,3,1,6,1,71,10,1198,1,1,3,1,3
2017010058155,1,9,0,5,0,1,0,0,0,0,1,1,6,1,50,8,1242,1,9,5,1,5
2017010058155,2,1,0,18,0,2,0,0,0,0,1,1,6,1,28,6,-1,-1,-1,3,1,3
2017010058157,1,9,-1,3,-1,-1,-1,0,0,0,4,1,6,1,69,10,1798,1,12,8,1,8
2017010058158,1,11,0,18,0,4,0,0,3,0,0,1,6,1,41,7,4500,2,1,4,1,4
2017010058158,2,19,0,9,0,4,0,0,7,0,0,1,6,3,-1,-1,-1,-1,-1,-1,-1,-1
2017010058159,1,9,0,14,9,1,0,11,1,10,1,1,6,1,80,11,998,1,3,2,1,2
2017010058160,1,9,0,14,0,1,0,0,0,0,1,1,6,1,25,5,1461,2,-1,5,1,5
2017010058160,2,11,0,4,0,2,0,0,0,0,1,2,1,1,38,7,4500,2,-1,1,1,1
2017010058161,1,4,0,5,0,5,0,0,0,0,4,1,6,1,22,5,125,1,1,2,1,2
2017010058161,2,9,0,7,0,5,0,0,0,0,3,1,6,1,21,5,1582,2,4,7,1,7
2017010058162,1,9,0,9,0,8,0,0,0,0,4,1,6,1,26,6,1398,2,8,4,1,4
2017010058163,1,11,0,18,0,2,0,0,0,0,0,1,1,1,30,6,-1,-1,-1,2,1,2
2017010058163,2,9,0,13,0,2,0,0,0,0,0,1,6,3,-1,-1,-1,-1,-1,-1,-1,-1
2017010058164,1,9,0,18,0,8,0,0,1,0,1,1,6,1,19,4,1229,1,8,1,1,1
2017010058164,2,9,0,9,0,8,0,0,0,0,1,1,6,2,53,8,1339,1,10,10,1,10
2017010058168,1,9,0,4,0,0,0,0,0,0,3,1,6,1,40,7,1686,2,4,4,1,4
2017010058168,2,9,0,18,0,0,0,0,0,0,3,1,6,1,27,6,1995,2,5,1,1,1
2017010058168,3,9,0,2,0,0,0,4,0,0,2,2,6,3,-1,-1,1598,1,-1,-1,-1,-1
2017010058168,4,9,0,2,0,0,0,4,0,0,2,1,6,3,-1,-1,1198,1,7,-1,-1,-1
2017010058168,5,9,0,2,0,0,0,0,0,0,1,1,6,3,-1,-1,-1,-1,-1,-1,-1,-1
2017010058168,6,9,0,2,0,0,0,0,0,0,4,1,6,3,-1,-1,1798,1,6,-1,-1,-1
2017010058170,1,1,0,18,0,5,0,0,0,0,3,1,6,1,24,5,-1,-1,-1,1,1,1
2017010058170,2,8,0,9,0,5,0,0,0,0,1,1,6,1,23,5,1598,2,6,-1,-1,-1
2017010058171,1,9,0,17,0,0,0,11,0,0,1,1,6,2,72,10,998,1,11,7,1,7
2017010058173,1,5,0,4,0,1,0,0,0,0,1,1,6,1,34,6,999,1,8,4,1,4
2017010058173,2,9,0,4,0,2,0,0,0,0,3,1,6,1,68,10,-1,-1,-1,5,1,5
2017010058174,1,9,0,18,0,4,0,0,0,0,1,1,6,1,55,8,2497,2,11,-1,-1,-1
2017010058174,2,1,0,18,0,3,5,0,0,0,4,1,2,2,33,6,-1,-1,-1,7,1,7
2017010058176,1,5,0,3,0,1,0,0,-1,0,1,1,6,1,21,5,649,1,10,2,1,2
2017010058176,2,8,0,9,0,1,0,0,0,0,2,1,6,1,55,8,1997,2,6,4,1,4
2017010058177,1,3,0,4,0,1,2,0,0,0,1,1,1,1,19,4,108,1,2,1,1,1
2017010058177,2,9,0,4,0,1,0,0,0,0,2,1,6,1,34,6,1364,1,10,5,1,5
2017010058178,1,9,0,9,0,6,0,0,0,0,1,2,6,1,70,10,1339,1,15,8,1,8
2017010058178,2,3,0,18,0,8,0,0,0,0,4,1,1,1,26,6,125,1,-1,5,1,5
2017010058179,1,9,0,6,0,1,0,0,0,0,3,1,6,1,17,4,1229,1,3,4,1,4
2017010058179,2,9,0,18,0,1,0,0,0,0,4,1,6,1,19,4,1600,1,13,2,1,2
2017010058180,1,3,0,18,0,8,0,0,0,0,1,1,1,1,24,5,125,1,-1,2,1,2
2017010058180,2,9,0,7,0,6,0,0,0,0,1,1,6,1,22,5,1242,1,20,2,1,2
2017010058181,1,9,0,15,0,1,0,0,0,0,3,1,6,2,27,6,1560,2,1,2,1,2
2017010058181,2,9,0,9,0,5,0,0,0,0,1,1,6,2,18,4,1497,8,2,4,1,4
2017010058182,1,9,0,5,0,4,0,0,0,0,1,1,6,1,29,6,1560,2,1,2,1,2
2017010058182,2,1,0,7,0,3,2,0,0,0,2,1,6,2,28,6,-1,-1,-1,4,1,4
2017010058183,1,11,0,4,0,1,0,0,0,0,0,1,1,2,36,7,4500,2,-1,-1,-1,-1
2017010058186,1,3,0,18,0,8,0,0,0,0,1,1,1,1,43,7,108,1,3,3,1,3
2017010058186,2,9,0,9,0,5,0,0,0,0,1,1,6,2,21,5,1399,2,5,3,1,3
2017010058187,1,19,0,18,0,1,0,0,0,0,1,1,6,1,43,7,1753,2,10,6,1,6
2017010058187,2,9,0,7,0,8,0,0,0,0,4,1,6,1,50,8,2967,2,8,5,1,5
2017010058188,1,2,0,18,0,2,0,10,0,0,1,1,6,1,18,4,49,1,10,2,1,2
2017010058188,2,2,0,6,0,2,0,0,0,0,4,1,1,1,17,4,108,1,-1,3,1,3
2017010058189,1,2,0,18,7,4,2,0,1,0,0,1,6,1,17,4,125,1,7,1,1,1
2017010058191,1,9,0,18,0,2,0,0,0,0,1,1,6,1,57,9,1598,1,17,3,1,3
2017010058192,1,9,0,9,0,5,0,0,0,0,3,1,6,3,-1,-1,-1,-1,-1,-1,-1,-1
2017010058193,1,9,0,11,0,0,0,0,0,0,1,1,6,1,26,6,1984,1,1,3,1,3
2017010058193,2,9,0,18,0,0,0,0,1,10,2,1,1,1,52,8,1497,8,9,2,1,2
2017010058193,3,19,0,18,0,0,0,0,0,0,4,1,2,1,45,7,2143,2,6,5,1,5
2017010058195,1,19,0,18,0,0,0,0,1,1,1,1,1,1,49,8,2198,2,1,3,1,3
2017010058196,1,1,0,5,0,0,0,0,0,0,0,1,2,1,36,7,-1,-1,-1,-1,-1,-1
2017010058197,1,9,0,16,0,1,0,0,0,0,3,1,6,1,31,6,2000,2,13,4,1,4
2017010058197,2,9,0,7,0,6,0,0,0,0,1,1,6,1,42,7,1197,1,-1,4,1,4
2017010058198,1,9,0,18,0,1,1,0,0,0,3,1,6,1,25,5,1997,1,10,7,2,7
2017010058198,2,9,0,18,0,6,1,0,0,0,1,1,6,1,25,5,1598,2,-1,1,1,1
2017010058200,1,9,0,7,0,1,0,0,0,0,2,1,6,1,19,4,1248,2,10,7,1,7
2017010058200,2,9,0,18,0,1,0,0,0,0,1,1,6,1,25,5,1461,2,2,3,1,3
2017010058201,1,11,0,7,0,3,0,0,0,0,4,1,6,1,42,7,5132,2,1,10,1,10
2017010058201,2,9,0,5,0,3,1,0,0,0,1,1,2,1,34,6,1999,1,14,4,1,4
2017010058202,1,11,0,18,0,0,0,0,0,0,0,1,1,1,44,7,-1,-1,-1,-1,-1,-1
2017010058207,1,5,0,18,0,1,0,0,0,0,1,1,6,1,25,5,599,1,14,2,1,2
2017010058207,2,9,0,10,0,1,0,0,0,0,4,1,6,1,80,11,1783,1,21,7,1,7
2017010058208,1,9,0,18,0,-1,0,-1,0,0,-1,1,6,2,51,8,998,1,3,-1,-1,-1
2017010058208,2,19,0,-1,0,-1,0,-1,-1,-1,-1,1,6,1,-1,-1,-1,-1,-1,-1,-1,-1
2017010058211,1,9,0,-1,0,1,0,0,0,0,2,-1,6,2,54,8,1998,1,10,7,3,7
2017010058211,2,9,-1,-1,0,1,-1,-1,0,0,1,-1,6,3,-1,-1,1995,2,7,-1,-1,-1
2017010058221,1,1,-1,-1,-1,-1,-1,-1,-1,-1,1,1,6,1,25,5,-1,-1,-1,9,1,9