Accident_Index,Vehicle_Reference,Vehicle_Type,Towing_and_Articulation,Vehicle_Manoeuvre,Vehicle_Location-Restricted_Lane,Junction_Location,Skidding_and_Overturning,Hit_Object_in_Carriageway,Vehicle_Leaving_Carriageway,Hit_Object_off_Carriageway,1st_Point_of_Impact,Was_Vehicle_Left_Hand_Drive?,Journey_Purpose_of_Driver,Sex_of_Driver,Age_of_Driver,Age_Band_of_Driver,Engine_Capacity_(CC),Propulsion_Code,Age_of_Vehicle,Driver_IMD_Decile,Driver_Home_Area_Type,Vehicle_IMD_Decile
2017010058221,2,9,-1,-1,-1,-1,-1,-1,-1,-1,1,-1,6,1,-1,-1,-1,-1,-1,-1,-1,-1
2017010058227,1,9,0,3,0,-1,0,-1,0,0,-1,1,6,2,33,6,998,1,-1,3,1,3
2017010058227,2,9,0,18,0,-1,0,-1,0,0,-1,-1,6,1,-1,-1,1796,1,8,2,1,2
2017010058228,1,9,0,18,0,1,0,0,0,0,2,-1,6,2,-1,-1,2494,8,2,8,1,8
2017010058228,2,9,0,18,0,1,0,0,0,0,1,-1,6,1,-1,-1,-1,-1,-1,-1,-1,-1
2017010058230,1,1,0,18,0,0,-1,0,0,0,1,1,6,1,43,7,-1,-1,-1,8,1,8
2017010058230,2,9,0,1,0,0,-1,0,0,0,2,-1,6,3,-1,-1,1598,1,9,-1,-1,-1
2017010058240,1,1,0,5,0,8,0,0,0,0,1,1,2,1,31,6,-1,-1,-1,5,1,5
2017010058240,2,19,0,18,0,8,0,0,0,0,2,1,6,3,-1,-1,-1,-1,-1,-1,-1,-1
2017010058245,1,9,0,18,0,0,0,0,0,0,2,1,6,2,36,7,1796,1,5,5,1,5
2017010058245,2,9,0,11,0,0,1,0,0,0,1,1,6,1,42,7,1199,1,16,3,1,3
2017010058247,1,1,0,18,5,1,0,0,0,0,1,1,6,3,-1,-1,-1,-1,-1,-1,-1,-1
2017010058253,1,3,0,5,0,6,0,0,1,0,1,1,1,1,37,7,108,1,2,3,1,3
2017010058253,2,9,0,18,0,6,0,0,0,0,1,1,6,3,-1,-1,-1,-1,-1,-1,-1,-1
2017010058264,1,9,0,7,0,0,0,0,0,0,1,-1,6,1,22,5,999,1,-1,1,1,1
2017010058264,2,9,0,18,0,0,0,0,-1,0,3,-1,6,3,-1,-1,1596,1,15,-1,-1,-1
2017010058265,1,9,0,9,0,6,0,0,0,0,1,1,6,1,42,7,1998,1,1,2,1,2
2017010058265,2,5,0,14,0,1,0,0,0,0,1,1,2,1,38,7,883,1,26,2,1,2
2017010058268,1,9,0,18,0,1,0,0,0,0,1,1,2,2,22,5,-1,3,3,2,1,2
2017010058268,2,9,0,5,0,1,0,0,0,0,1,1,3,2,44,7,1198,1,14,2,1,2
2017010058272,1,19,0,18,0,0,0,4,0,0,1,1,1,2,56,9,1686,2,15,2,1,2
2017010058274,1,4,0,18,0,8,0,0,0,0,1,1,6,1,30,6,471,1,1,10,1,10
2017010058274,2,9,0,18,0,8,0,0,0,0,3,-1,6,1,-1,-1,2987,2,8,2,1,2
2017010058275,1,3,0,18,0,8,1,0,0,0,1,1,6,1,39,7,125,1,1,6,1,6
2017010058275,2,3,0,5,0,6,0,0,0,0,3,1,6,3,-1,-1,-1,-1,-1,-1,-1,-1
2017010058277,1,9,0,18,0,8,0,0,0,0,1,2,6,3,-1,-1,3999,1,14,-1,-1,-1
2017010058277,2,9,0,3,0,1,0,0,0,0,3,1,1,2,48,8,1499,2,1,2,1,2
2017010058277,3,9,0,18,0,1,0,0,0,0,1,1,6,1,59,9,1560,2,3,3,1,3
2017010058278,1,9,0,9,0,8,0,0,0,0,4,1,6,1,75,10,1686,2,2,8,1,8
2017010058278,2,9,0,18,0,8,0,0,0,0,1,1,6,1,-1,-1,3222,2,13,7,1,7
2017010058280,1,9,0,9,0,5,0,0,0,0,1,1,3,2,36,7,1685,2,1,7,1,7
2017010058280,2,9,0,18,0,8,0,0,0,0,3,1,6,1,30,6,1399,1,1,3,1,3
2017010058284,1,9,0,18,0,0,0,0,0,0,3,1,6,1,25,5,-1,-1,-1,9,1,9
2017010058294,1,9,0,1,0,2,0,0,0,0,2,1,6,1,30,6,1984,1,16,2,1,2
2017010058296,1,19,0,5,0,1,0,0,0,0,1,1,1,1,33,6,2198,2,1,6,1,6
2017010058296,2,8,0,18,0,8,0,0,0,0,4,1,1,1,-1,-1,-1,-1,-1,3,1,3
2017010058298,1,11,0,18,3,0,0,0,0,0,0,1,1,1,44,7,6696,2,4,9,1,9
2017010058298,2,9,0,7,0,0,0,0,0,0,0,1,6,3,-1,-1,-1,-1,-1,-1,-1,-1
2017010058306,1,19,0,16,0,0,0,0,0,0,1,1,1,1,55,8,2148,2,9,7,1,7
2017010058306,2,5,0,18,0,0,0,0,0,0,1,1,6,1,54,8,599,1,4,10,1,10
2017010058313,1,1,-1,18,0,1,-1,0,0,0,-1,1,6,2,38,7,-1,-1,-1,2,1,2
2017010058313,2,9,-1,7,0,1,-1,0,0,0,-1,-1,6,1,-1,-1,1198,1,12,2,1,2
2017010058320,1,9,0,12,0,8,0,0,0,0,1,1,6,1,50,8,1598,2,5,-1,-1,-1
2017010058320,2,9,0,13,0,8,0,0,0,0,1,1,6,3,-1,-1,1598,2,3,-1,-1,-1
2017010058324,1,9,0,18,0,1,0,0,0,0,3,1,1,2,52,8,2597,1,15,6,1,6
2017010058324,2,5,0,15,0,1,0,0,7,0,4,1,6,1,23,5,599,1,27,7,1,7
2017010058325,1,9,-1,18,0,1,0,0,0,0,1,-1,6,3,-1,-1,-1,-1,-1,-1,-1,-1
2017010058327,1,9,0,3,0,1,0,0,0,0,3,1,6,1,29,6,1498,1,2,9,1,9
2017010058327,2,9,0,5,0,1,0,0,0,0,1,1,6,3,-1,-1,-1,-1,-1,-1,-1,-1
2017010058328,1,9,0,7,0,3,0,0,0,0,4,1,6,1,60,9,1497,8,1,7,1,7
2017010058328,2,9,0,7,0,3,0,0,0,0,3,1,6,1,30,6,2143,2,7,2,1,2
2017010058329,1,9,0,18,0,8,0,0,8,10,1,1,6,2,24,5,1596,1,7,4,1,4
2017010058329,2,9,0,18,0,8,0,0,0,0,3,1,6,1,60,9,2494,8,-1,3,1,3
2017010058330,1,1,0,5,0,1,0,0,0,0,2,1,6,2,30,6,-1,-1,-1,6,1,6
2017010058330,2,8,0,5,0,1,0,0,0,0,1,-1,6,1,-1,-1,-1,-1,-1,-1,-1,-1
2017010058335,1,9,0,4,0,1,0,0,0,0,1,1,6,2,29,6,1596,1,12,2,1,2
2017010058335,2,9,0,3,0,1,0,0,0,0,2,1,6,2,29,6,-1,-1,-1,3,1,3
2017010058336,1,9,0,18,0,1,0,0,0,0,4,1,4,1,42,7,1395,1,1,6,1,6
2017010058336,2,9,0,9,0,6,0,0,1,0,1,1,6,1,-1,-1,1794,1,16,-1,-1,-1
2017010058337,1,9,0,4,0,0,0,0,0,0,2,1,6,1,30,6,1364,1,11,5,1,5
2017010058337,2,3,0,18,0,0,0,0,0,0,1,1,6,1,30,6,125,1,4,8,1,8
2017010058341,1,5,0,18,0,0,0,0,4,0,2,1,6,1,48,8,-1,-1,-1,-1,-1,-1
2017010058341,2,19,0,18,0,0,0,0,0,0,1,1,6,1,24,5,1248,2,4,6,1,6
2017010058342,1,19,0,3,0,1,0,0,0,0,2,1,6,1,45,7,1560,2,3,5,1,5
2017010058342,2,8,0,4,0,1,0,0,0,0,2,1,6,1,52,8,1497,8,8,3,1,3
2017010058342,3,9,0,5,0,8,0,0,0,0,1,1,6,3,-1,-1,-1,-1,-1,-1,-1,-1
2017010058343,1,9,0,18,0,6,0,0,0,0,1,1,6,1,69,10,1242,1,10,5,1,5
2017010058343,2,9,0,13,0,2,5,0,0,0,4,1,6,1,26,6,1598,2,4,6,1,6
2017010058345,1,9,0,3,0,1,0,0,0,0,2,1,6,1,31,6,1386,1,10,2,1,2
2017010058345,2,19,0,3,0,2,0,0,0,0,2,1,1,1,48,8,2198,2,2,2,1,2
2017010058345,3,8,0,18,0,1,0,0,0,0,1,1,1,1,58,9,2499,2,11,4,1,4
2017010058346,1,9,0,18,0,0,0,0,0,0,3,1,3,1,52,8,2360,1,16,-1,-1,-1
2017010058347,1,20,4,8,0,4,0,0,0,0,1,1,1,1,28,6,3920,2,4,2,1,2
2017010058347,2,9,0,7,0,4,0,0,0,0,2,1,6,1,45,7,1339,1,5,3,1,3
2017010058348,1,9,0,18,2,0,0,0,0,0,1,1,6,1,28,6,1398,1,-1,6,1,6
2017010058348,2,1,0,7,0,0,0,0,0,0,1,1,4,1,13,3,-1,-1,-1,5,1,5
2017010058349,1,9,0,2,0,0,0,0,0,0,3,1,6,3,-1,-1,1461,2,-1,-1,-1,-1
2017010058349,2,21,0,18,0,0,0,0,0,0,4,1,1,1,35,6,10518,2,2,8,1,8
2017010058350,1,4,0,13,0,8,2,0,0,0,1,1,6,1,40,7,124,1,2,3,1,3
2017010058352,1,8,0,18,0,1,0,0,0,0,1,1,1,1,47,8,-1,3,3,8,1,8
2017010058352,2,1,0,5,0,1,0,0,0,0,1,1,2,1,40,7,-1,-1,-1,5,1,5
2017010058355,1,1,0,18,4,1,0,0,0,0,1,1,2,2,27,6,-1,-1,-1,3,1,3
2017010058355,2,9,0,9,4,5,0,0,0,0,1,1,6,2,37,7,998,1,1,3,1,3
2017010058356,1,5,0,7,0,1,0,0,0,0,3,1,1,1,42,7,600,1,4,3,1,3
2017010058356,2,9,0,7,0,5,0,0,0,0,1,1,3,2,45,7,1995,2,12,3,1,3
2017010058357,1,9,0,6,0,0,0,0,0,0,3,1,6,2,54,8,1248,1,7,9,1,9
2017010058357,2,9,0,18,0,0,1,0,0,0,1,1,6,2,22,5,2148,2,10,6,1,6
2017010058357,3,9,0,2,0,0,0,0,0,0,3,1,6,3,-1,-1,-1,-1,-1,-1,-1,-1
2017010058359,1,9,0,8,0,1,0,0,0,0,0,1,6,1,57,9,1599,1,11,-1,-1,-1
2017010058359,2,1,0,18,0,1,1,11,0,0,0,1,2,2,29,6,-1,-1,-1,9,1,9
2017010058360,1,9,0,7,4,8,0,0,0,0,1,1,2,1,45,7,1956,2,4,4,1,4
2017010058360,2,1,0,18,4,1,0,0,0,0,2,1,2,2,25,5,-1,-1,-1,8,1,8
2017010058361,1,9,0,18,0,8,0,0,0,0,1,1,6,2,80,11,998,1,15,6,1,6
2017010058361,2,8,0,18,0,8,0,0,0,0,1,1,1,1,49,8,1798,8,-1,5,1,5
2017010058364,1,11,0,5,0,0,0,0,0,0,4,1,1,1,49,8,4500,2,5,8,1,8
2017010058365,1,9,0,18,0,3,0,0,0,0,1,1,6,1,28,6,1596,1,3,3,1,3
2017010058365,2,9,0,18,0,3,0,0,0,0,2,1,6,1,43,7,1794,1,14,2,1,2
2017010058366,1,19,0,18,0,1,0,0,0,0,1,1,1,1,48,8,2402,2,12,3,1,3
2017010058366,2,9,0,18,0,1,0,0,0,0,1,1,6,1,53,8,1747,1,14,9,1,9
2017010058367,1,9,0,18,0,2,0,0,0,0,3,1,6,2,27,6,1968,2,-1,2,1,2
2017010058368,1,9,0,3,0,0,0,0,0,0,2,1,2,2,29,6,1242,1,10,5,1,5
2017010058368,2,19,0,3,0,0,0,0,0,0,2,1,1,1,27,6,1753,2,10,3,1,3
2017010058368,3,9,0,4,0,0,0,0,0,0,1,1,3,2,40,7,4164,2,12,7,1,7
2017010058369,1,9,0,18,0,2,0,0,0,0,4,1,6,2,42,7,1339,8,6,3,1,3
2017010058370,1,9,0,5,0,0,0,4,0,0,2,1,6,1,39,7,1498,1,11,5,1,5
2017010058370,2,21,4,18,0,0,0,0,0,0,1,1,1,1,25,5,11967,2,7,4,1,4
2017010058370,3,9,0,2,2,0,0,0,0,0,2,1,6,3,-1,-1,2993,2,2,-1,-1,-1
2017010058372,1,11,0,18,0,1,0,0,0,0,0,1,1,1,30,6,4500,2,2,2,1,2
2017010058374,1,3,0,18,0,1,1,0,0,0,1,1,6,1,18,4,124,1,13,6,1,6
2017010058375,1,9,0,4,0,0,0,0,0,0,1,1,6,2,57,9,1390,1,10,7,1,7
2017010058376,1,19,0,18,0,0,0,0,0,0,1,1,6,1,33,6,1598,2,-1,8,1,8
2017010058379,1,9,0,7,0,6,0,0,0,0,1,1,2,1,48,8,1910,2,7,3,1,3
2017010058379,2,1,0,18,0,8,0,0,0,0,3,1,6,1,30,6,-1,-1,-1,8,1,8
2017010058381,1,9,0,18,0,8,0,0,0,0,3,1,2,1,53,8,1798,8,3,8,1,8
2017010058381,2,5,0,18,0,8,1,0,0,0,4,1,6,1,68,10,1690,1,2,-1,-1,-1
2017010058395,1,1,-1,-1,-1,-1,-1,-1,-1,-1,-1,1,6,1,44,7,-1,-1,-1,2,1,2
2017010058395,2,9,-1,-1,-1,-1,-1,-1,-1,-1,-1,-1,6,1,-1,-1,-1,-1,-1,-1,-1,-1
2017010058399,1,5,0,18,0,1,1,0,0,0,3,1,2,1,26,6,675,1,17,10,1,10
2017010058399,2,21,0,18,0,1,0,0,0,0,3,1,1,1,33,6,4461,2,6,5,1,5
2017010058399,3,21,0,18,0,1,0,0,0,0,0,1,1,1,53,8,4500,2,2,4,1,4
2017010058402,1,9,-1,-1,-1,-1,-1,-1,-1,-1,-1,-1,6,1,39,7,1399,1,-1,1,1,1
2017010058402,2,9,-1,-1,-1,-1,-1,-1,-1,-1,-1,-1,6,1,-1,-1,1896,2,13,-1,-1,-1
2017010058406,1,9,0,3,0,1,0,0,0,0,2,-1,6,1,38,7,2777,2,9,2,1,2
2017010058406,2,9,0,18,0,1,0,0,-1,0,-1,-1,6,3,-1,-1,1596,1,3,-1,-1,-1
2017010058414,1,9,0,18,0,1,0,0,0,0,1,1,6,2,29,6,2720,2,13,2,1,2
2017010058417,1,9,0,18,-1,0,-1,-1,-1,-1,2,-1,6,1,40,7,1798,8,2,2,1,2
2017010058417,2,9,0,18,-1,0,-1,-1,-1,-1,1,-1,6,1,-1,-1,-1,-1,-1,-1,-1,-1
2017010058419,1,9,0,18,0,0,0,0,0,0,2,-1,6,1,24,5,1995,1,7,4,1,4
2017010058419,2,9,0,18,0,0,0,0,0,0,1,-1,6,3,-1,-1,-1,-1,-1,-1,-1,-1
2017010058420,1,9,-1,18,0,6,-1,0,0,0,1,1,6,1,36,7,1968,2,1,6,1,6
2017010058421,1,9,0,7,0,2,0,0,0,0,1,1,6,2,23,5,1242,1,6,-1,-1,-1
2017010058431,1,3,0,18,0,0,0,0,0,0,1,1,1,2,43,7,-1,-1,-1,5,1,5
2017010058435,1,19,5,4,0,1,0,0,0,0,3,1,1,1,42,7,1995,2,4,1,1,1
2017010058436,1,9,0,18,0,2,0,0,0,0,2,1,6,1,26,6,1997,1,6,-1,-1,-1
2017010058437,1,19,0,7,0,1,0,0,0,0,1,1,1,1,29,6,1995,2,3,3,1,3
2017010058437,2,1,0,18,0,8,1,0,0,0,1,1,1,1,27,6,-1,-1,-1,7,1,7
2017010058438,1,3,0,18,0,8,0,0,0,0,4,1,6,3,-1,-1,-1,-1,-1,-1,-1,-1
2017010058439,1,9,0,18,0,2,0,0,0,0,2,1,6,1,42,7,2993,2,9,6,1,6
2017010058439,2,9,0,18,0,2,0,0,0,0,1,1,6,2,-1,-1,-1,-1,-1,-1,-1,-1
2017010058446,1,9,0,18,0,0,0,0,0,0,1,1,2,2,42,7,999,1,-1,6,1,6
2017010058448,1,1,0,18,0,-1,-1,-1,-1,-1,-1,1,6,1,28,6,-1,-1,-1,3,1,3
2017010058448,2,9,0,-1,0,-1,-1,-1,-1,-1,3,-1,6,3,-1,-1,-1,-1,-1,-1,-1,-1
2017010058451,1,11,0,3,0,1,0,0,0,0,0,1,1,1,-1,-1,9100,2,6,3,1,3
2017010058460,1,3,0,15,4,1,0,0,0,0,1,1,2,1,53,8,-1,-1,-1,6,1,6
2017010058461,1,9,0,18,0,2,0,0,0,0,1,1,6,1,75,10,999,1,2,2,1,2
2017010058468,1,9,0,18,0,1,0,0,0,0,1,1,2,2,28,6,1390,1,6,4,1,4
2017010058468,2,9,0,9,0,1,0,0,1,2,1,1,2,2,51,8,1598,1,8,7,1,7
2017010058471,1,8,0,17,0,8,0,0,0,0,1,1,1,1,46,8,1797,8,5,6,1,6
2017010058471,2,1,0,18,0,6,5,0,0,0,2,1,6,1,25,5,-1,-1,-1,3,1,3
2017010058474,1,1,-1,18,-1,-1,-1,-1,-1,-1,2,1,6,1,15,3,-1,-1,-1,4,1,4
2017010058474,2,9,-1,18,-1,-1,-1,-1,-1,-1,1,-1,6,3,-1,-1,-1,-1,-1,-1,-1,-1
2017010058477,1,5,0,13,0,1,2,0,0,0,1,1,2,1,48,8,599,1,18,10,1,10
2017010058477,2,19,0,9,0,5,0,0,0,0,3,1,1,1,52,8,1995,2,5,8,1,8
2017010058480,1,1,0,18,0,1,0,8,0,0,1,1,6,1,33,6,-1,-1,-1,5,1,5
2017010058481,1,8,0,3,4,1,0,8,0,0,2,1,1,1,46,8,1598,2,5,6,1,6
2017010058481,2,1,0,4,4,1,0,0,0,0,1,1,6,2,47,8,-1,-1,-1,3,1,3
2017010058482,1,1,-1,-1,-1,0,-1,-1,-1,-1,-1,1,6,1,32,6,-1,-1,-1,-1,-1,-1
2017010058482,2,9,-1,-1,-1,0,-1,-1,-1,-1,-1,-1,6,3,-1,-1,1598,1,5,-1,-1,-1
2017010058484,1,9,0,8,0,4,0,0,0,0,2,-1,6,2,53,8,2990,1,15,2,1,2
2017010058484,2,9,0,18,0,5,0,0,0,0,1,-1,6,2,-1,-1,1388,1,10,7,1,7
2017010058485,1,9,0,7,0,1,0,0,0,0,1,1,6,2,56,9,1995,2,7,7,1,7
2017010058485,2,1,0,18,0,1,0,0,0,0,2,1,6,1,76,11,-1,-1,-1,9,1,9
2017010058486,1,1,0,18,0,8,0,0,0,0,2,1,6,2,61,9,-1,-1,-1,4,1,4
2017010058486,2,9,0,7,0,8,0,0,0,0,1,1,6,2,-1,-1,1596,1,12,-1,-1,-1
2017010058490,1,17,0,7,0,8,0,0,0,0,2,1,1,1,42,7,-1,-1,-1,5,1,5
2017010058490,2,9,0,3,0,8,0,0,0,0,3,1,2,2,36,7,1400,1,12,5,1,5
2017010058490,3,9,0,2,0,2,0,0,0,0,1,2,6,3,-1,-1,-1,-1,-1,-1,-1,-1
2017010058501,1,9,0,18,0,0,0,0,0,0,2,-1,6,1,55,8,1598,2,2,4,1,4
2017010058501,2,9,0,18,0,0,0,0,0,0,1,-1,6,1,-1,-1,1995,2,6,5,1,5
2017010058501,3,9,0,18,0,0,0,0,0,0,0,-1,6,3,-1,-1,1968,2,4,-1,-1,-1
2017010058504,1,11,0,18,0,5,0,0,0,0,1,1,4,1,46,8,9360,2,4,5,1,5
2017010058506,1,9,0,-1,-1,0,0,-1,-1,-1,-1,-1,6,1,27,6,3189,1,9,4,1,4
2017010058506,2,9,0,-1,-1,0,0,-1,-1,-1,-1,-1,6,3,-1,-1,2993,2,7,-1,-1,-1
2017010058513,1,9,-1,18,0,0,0,0,0,0,4,-1,6,1,21,5,1598,1,9,-1,-1,-1
2017010058516,1,9,0,7,0,1,0,0,0,0,2,1,2,2,23,5,1598,1,4,9,1,9
2017010058516,2,1,0,4,0,1,0,0,0,0,1,1,6,2,45,7,-1,-1,-1,7,1,7
2017010058519,1,9,0,18,0,1,0,0,0,0,2,1,6,1,36,7,1797,8,3,2,1,2
2017010058519,2,9,0,-1,0,2,0,0,0,0,1,-1,6,3,-1,-1,1796,7,14,-1,-1,-1
2017010058521,1,19,0,3,0,8,0,0,0,0,1,1,1,1,25,5,1461,2,2,-1,-1,-1
2017010058521,2,21,1,1,0,8,0,0,0,0,2,1,1,1,-1,-1,4250,2,7,-1,-1,-1
2017010058525,1,9,0,15,0,8,0,4,1,0,1,1,6,1,24,5,1598,1,16,1,1,1
2017010058525,2,9,0,3,0,8,0,0,0,0,2,1,6,1,34,6,1995,2,5,3,1,3
2017010058525,3,9,0,3,0,8,0,0,0,0,2,1,6,1,33,6,1596,1,3,4,1,4
2017010058528,1,9,0,18,0,2,0,0,0,0,1,1,6,1,33,6,1968,2,5,2,1,2
2017010058528,2,1,0,18,0,1,0,0,1,0,1,1,2,2,42,7,-1,-1,-1,6,1,6
2017010058532,1,19,0,5,0,8,0,0,0,0,4,1,1,1,47,8,1995,2,-1,4,1,4
2017010058533,1,9,0,1,0,1,0,0,0,0,2,-1,6,1,44,7,1798,8,2,2,1,2
2017010058537,1,9,-1,-1,0,-1,0,-1,0,0,-1,-1,6,2,31,6,1197,1,5,-1,-1,-1
2017010058537,2,9,0,18,0,-1,0,-1,7,0,-1,-1,6,1,-1,-1,-1,-1,-1,-1,-1,-1
2017010058545,1,9,0,6,0,1,0,0,0,0,1,1,1,1,26,6,2143,2,4,7,1,7
2017010058545,2,3,0,14,0,1,0,0,0,0,1,1,6,1,21,5,125,1,11,3,1,3
2017010058546,1,9,0,9,0,6,0,0,0,0,1,1,6,1,70,10,1999,1,9,4,1,4
2017010058546,2,9,0,9,0,5,0,0,0,0,3,1,6,2,56,9,1400,1,10,7,1,7
2017010058548,1,9,0,5,0,6,0,0,0,0,3,1,6,1,35,6,1995,2,5,5,1,5
2017010058548,2,9,0,18,0,1,0,0,0,0,1,1,6,1,27,6,2979,1,2,2,1,2
2017010058549,1,1,0,-1,-1,-1,0,-1,0,0,3,1,6,1,40,7,-1,-1,-1,8,1,8
2017010058549,2,9,-1,-1,-1,-1,0,0,-1,0,4,-1,6,3,-1,-1,-1,-1,-1,-1,-1,-1
2017010058551,1,9,0,3,0,4,0,0,0,0,4,1,6,1,52,8,1910,2,11,-1,-1,-1
2017010058551,2,20,0,18,-1,4,0,0,0,0,3,-1,6,1,-1,-1,-1,-1,-1,-1,-1,-1
2017010058558,1,9,0,18,0,0,0,0,0,0,3,1,6,1,43,7,1997,2,8,7,1,7
2017010058565,1,9,0,9,0,1,0,0,0,0,4,1,6,1,49,8,1498,1,3,2,1,2
2017010058565,2,1,0,18,0,1,0,0,0,0,1,1,6,1,42,7,-1,-1,-1,2,1,2
2017010058566,1,1,0,18,0,1,0,0,0,0,2,1,6,1,28,6,-1,-1,-1,3,1,3
2017010058567,1,19,0,18,0,0,0,8,0,0,3,1,1,1,39,7,-1,-1,-1,4,1,4
2017010058567,2,1,0,18,0,0,0,0,0,0,3,1,6,1,24,5,-1,-1,-1,2,1,2
2017010058568,1,9,0,18,0,0,1,0,0,0,1,1,6,1,23,5,1461,2,3,3,1,3
2017010058568,2,3,0,9,0,0,0,0,0,0,1,1,6,1,22,5,125,1,2,3,1,3
2017010058568,3,9,0,2,0,0,0,0,0,0,3,1,6,3,-1,-1,1797,8,3,-1,-1,-1
2017010058569,1,9,0,18,0,1,0,0,0,0,3,2,6,2,54,8,-1,-1,-1,8,1,8
2017010058571,1,9,0,18,0,2,0,0,0,0,4,1,3,2,33,6,1798,8,5,6,1,6
2017010058571,2,1,0,15,0,2,5,0,0,0,4,1,6,1,51,8,-1,-1,-1,4,1,4
2017010058572,1,5,0,7,0,4,0,0,0,0,0,1,2,1,51,8,745,1,1,4,1,4
2017010058573,1,9,0,18,0,1,0,0,0,0,1,1,1,1,32,6,-1,-1,-1,-1,-1,-1
2017010058574,1,3,0,4,0,1,0,0,0,0,0,1,1,1,21,5,108,1,3,3,1,3
2017010058575,1,1,0,18,0,0,0,0,0,0,3,1,6,1,25,5,-1,-1,-1,2,1,2
2017010058575,2,9,0,13,0,0,0,0,0,0,4,1,6,1,56,9,1968,2,3,4,1,4
2017010058577,1,8,0,5,0,6,0,0,0,0,1,1,1,1,46,8,1997,2,1,4,1,4
2017010058578,1,9,0,9,0,1,0,0,0,0,3,1,6,1,49,8,1794,1,12,4,1,4
2017010058578,2,1,0,18,0,1,0,0,0,0,3,1,6,1,34,6,-1,-1,-1,6,1,6
2017010058579,1,1,0,18,0,2,0,0,0,0,1,1,2,1,30,6,-1,-1,-1,3,1,3
2017010058580,1,19,0,9,0,0,0,0,0,0,3,2,1,1,49,8,-1,-1,-1,4,1,4
2017010058580,2,3,0,18,0,0,0,0,0,0,1,1,6,1,20,4,125,1,3,1,1,1
2017010058581,1,9,0,4,0,0,0,0,0,0,1,1,6,1,37,7,2148,2,11,3,1,3
2017010058581,2,9,0,4,0,0,0,0,0,0,2,1,6,1,40,7,1497,8,9,2,1,2
2017010058582,1,9,0,18,0,7,0,0,0,0,2,1,6,2,43,7,1596,1,15,8,1,8
2017010058582,2,9,0,18,0,7,0,0,0,0,2,1,6,1,38,7,1560,2,11,3,1,3
2017010058582,3,10,0,18,0,7,0,0,0,0,1,1,2,1,56,9,2143,2,2,3,1,3
2017010058584,1,3,0,7,0,8,0,0,0,0,4,1,1,1,49,8,125,1,2,-1,-1,-1
2017010058584,2,9,0,9,0,6,0,0,0,0,4,1,6,3,-1,-1,1598,1,4,-1,-1,-1
2017010058586,1,9,0,4,0,0,0,0,0,0,2,1,6,1,24,5,1995,2,5,1,1,1
2017010058586,2,11,0,18,0,0,0,0,0,0,1,1,1,1,22,5,5132,2,2,2,1,2
2017010058587,1,9,0,9,0,8,0,0,0,0,1,1,6,2,43,7,1968,2,2,-1,-1,-1
2017010058588,1,9,0,18,0,8,0,0,0,0,1,1,6,1,64,9,1497,1,17,6,1,6
2017010058588,2,1,0,18,0,8,0,0,0,0,4,1,6,1,14,3,-1,-1,-1,5,1,5
2017010058589,1,19,0,7,0,5,0,0,0,0,1,1,6,3,-1,-1,1753,2,12,-1,-1,-1
2017010058590,1,11,0,5,0,0,0,0,0,0,2,1,1,1,51,8,4461,2,5,-1,-1,-1
2017010058591,1,11,0,18,0,3,0,0,0,0,1,1,6,1,51,8,9360,2,6,6,1,6
2017010058591,2,9,0,13,0,3,1,0,0,0,3,1,2,1,29,6,1242,1,9,3,1,3
2017010058595,1,9,0,4,0,2,0,0,0,0,2,1,6,1,33,6,1596,1,12,1,1,1
2017010058595,2,9,0,18,0,1,0,0,0,0,1,1,6,3,-1,-1,1560,2,10,-1,-1,-1
2017010058596,1,9,0,5,0,0,0,0,0,0,3,1,6,1,24,5,1995,2,4,2,1,2
2017010058599,1,9,0,1,9,0,0,0,1,10,2,1,6,1,40,7,2401,2,13,4,1,4
2017010058602,1,9,0,18,0,1,0,0,0,0,1,1,6,2,21,5,-1,-1,-1,2,1,2
2017010058602,2,9,0,18,0,2,0,0,0,0,1,1,6,1,29,6,2143,2,4,-1,-1,-1
2017010058603,1,5,0,18,0,0,2,0,0,0,3,1,2,1,63,9,599,1,15,2,1,2
2017010058605,1,9,0,18,0,1,0,7,0,0,1,1,6,1,23,5,1395,1,-1,2,1,2
2017010058606,1,9,0,18,0,1,0,0,0,0,4,1,2,1,20,4,1560,2,12,4,1,4
2017010058606,2,9,0,18,0,1,0,0,0,0,1,1,6,1,23,5,1995,1,11,1,1,1
2017010058613,1,9,0,4,0,1,0,0,0,0,1,1,6,1,38,7,1783,1,15,2,1,2
2017010058613,2,9,0,4,0,1,0,0,0,0,2,1,6,1,39,7,2143,2,6,5,1,5
2017010058615,1,5,0,18,0,7,1,0,0,0,1,1,2,1,23,5,599,1,12,9,2,9
2017010058615,2,21,1,4,0,7,0,0,0,0,0,1,1,1,62,9,11967,2,6,2,1,2
2017010058616,1,19,0,10,0,6,0,0,0,0,2,1,1,1,55,8,1995,2,-1,3,1,3
2017010058616,2,4,0,14,0,6,1,0,0,0,1,1,6,1,27,6,1050,1,10,9,1,9
2017010058617,1,9,0,18,0,8,0,0,0,0,1,1,6,3,-1,-1,-1,-1,-1,-1,-1,-1
2017010058621,1,1,0,18,0,1,0,0,0,0,2,1,6,1,28,6,-1,-1,-1,1,1,1
2017010058633,1,9,0,3,-1,2,0,0,0,0,2,-1,6,2,44,7,1796,1,7,3,1,3
2017010058636,1,8,0,18,0,2,0,0,0,0,3,1,1,1,47,8,1968,2,5,6,1,6
2017010058638,1,1,0,18,4,1,1,0,0,0,3,1,6,1,37,7,-1,-1,-1,-1,-1,-1