Accident_Index,Vehicle_Reference,Vehicle_Type,Towing_and_Articulation,Vehicle_Manoeuvre,Vehicle_Location-Restricted_Lane,Junction_Location,Skidding_and_Overturning,Hit_Object_in_Carriageway,Vehicle_Leaving_Carriageway,Hit_Object_off_Carriageway,1st_Point_of_Impact,Was_Vehicle_Left_Hand_Drive?,Journey_Purpose_of_Driver,Sex_of_Driver,Age_of_Driver,Age_Band_of_Driver,Engine_Capacity_(CC),Propulsion_Code,Age_of_Vehicle,Driver_IMD_Decile,Driver_Home_Area_Type,Vehicle_IMD_Decile
2017010058638,2,19,0,18,0,1,0,0,0,0,4,-1,6,3,-1,-1,1968,2,6,-1,-1,-1
2017010058643,1,9,0,18,0,6,0,0,0,0,4,1,3,1,34,6,1796,1,10,4,1,4
2017010058645,1,9,0,9,0,3,0,0,0,0,1,1,6,2,44,7,2148,2,9,2,1,2
2017010058647,1,9,-1,-1,-1,-1,-1,-1,-1,-1,-1,-1,6,2,-1,-1,-1,-1,-1,1,1,1
2017010058651,1,9,0,10,0,1,0,0,0,0,1,-1,2,2,48,8,999,1,1,7,1,7
2017010058657,1,9,0,18,0,1,0,0,0,0,-1,1,6,1,39,7,2143,2,2,4,1,4
2017010058657,2,9,0,18,0,1,0,0,0,0,1,1,6,1,20,4,1995,2,3,4,1,4
2017010058666,1,3,0,14,0,0,0,0,0,0,1,1,6,1,43,7,124,1,3,-1,-1,-1
2017010058666,2,9,0,4,0,0,0,0,0,0,3,1,6,1,30,6,1798,8,4,5,1,5
2017010058670,1,8,0,9,0,7,0,0,7,0,4,1,6,3,-1,-1,2499,2,5,-1,-1,-1
2017010058672,1,3,0,18,0,-1,0,10,1,10,0,1,6,1,23,5,124,1,7,-1,-1,-1
2017010058675,1,19,0,-1,0,0,0,0,0,0,3,-1,6,1,38,7,1995,2,10,4,1,4
2017010058675,2,9,-1,-1,-1,0,-1,0,0,0,1,-1,6,3,-1,-1,2993,2,3,-1,-1,-1
2017010058677,1,1,-1,-1,-1,-1,-1,-1,-1,-1,-1,1,6,1,38,7,-1,-1,-1,5,1,5
2017010058678,1,8,0,6,0,2,0,0,0,0,2,-1,1,1,50,8,2499,2,7,7,1,7
2017010058678,2,9,0,13,0,2,0,0,0,0,4,-1,6,1,-1,-1,1242,1,7,4,1,4
2017010058682,1,1,-1,-1,-1,-1,-1,-1,-1,-1,-1,1,6,1,30,6,-1,-1,-1,6,1,6
2017010058682,2,9,-1,-1,-1,-1,-1,-1,-1,-1,-1,-1,6,3,-1,-1,1596,1,9,-1,-1,-1
2017010058685,1,9,-1,-1,-1,-1,-1,-1,-1,-1,-1,-1,6,1,17,4,1248,1,8,7,1,7
2017010058685,2,9,-1,-1,-1,-1,-1,-1,-1,-1,-1,-1,6,3,-1,-1,1597,1,1,-1,-1,-1
2017010058686,1,5,0,18,0,0,1,10,1,0,3,1,6,1,28,6,599,1,4,5,1,5
2017010058686,2,9,0,11,0,0,0,0,0,0,4,2,6,2,48,8,647,8,1,5,1,5
2017010058692,1,5,0,18,0,1,0,0,0,0,1,1,1,1,38,7,1237,1,6,1,1,1
2017010058696,1,9,-1,-1,0,0,-1,0,-1,0,1,-1,6,2,40,7,-1,-1,-1,2,1,2
2017010058696,2,9,-1,1,0,0,-1,0,-1,0,2,-1,6,1,-1,-1,-1,-1,-1,-1,-1,-1
2017010058698,1,9,0,18,0,3,1,0,0,0,4,1,2,2,37,7,-1,3,2,2,1,2
2017010058698,2,1,-1,18,-1,-1,-1,-1,-1,-1,-1,1,6,1,36,7,-1,-1,-1,9,1,9
2017010058699,1,11,0,5,2,1,0,0,0,0,3,1,6,1,49,8,5132,2,3,2,1,2
2017010058705,1,9,0,18,0,0,0,0,0,0,2,-1,6,2,36,7,1339,1,14,4,1,4
2017010058705,2,90,0,18,0,0,0,0,0,0,1,-1,6,1,-1,-1,-1,-1,-1,4,2,4
2017010058712,1,9,0,9,0,5,0,0,0,0,1,1,6,2,44,7,1997,2,10,4,1,4
2017010058712,2,1,0,18,0,8,0,0,0,0,4,1,6,2,28,6,-1,-1,-1,2,1,2
2017010058713,1,9,0,18,0,1,0,0,0,0,4,1,6,2,64,9,999,1,-1,4,1,4
2017010058715,1,19,0,18,0,1,0,0,0,0,1,1,1,1,51,8,1997,2,-1,4,1,4
2017010058715,2,9,0,9,0,1,0,0,0,0,2,1,6,1,41,7,1997,1,14,6,1,6
2017010058716,1,9,0,3,0,1,1,10,1,0,4,1,6,1,18,4,1396,1,13,5,1,5
2017010058716,2,9,0,3,0,1,1,10,0,0,4,1,2,1,24,5,1995,2,9,3,1,3
2017010058720,1,1,0,18,0,0,0,0,0,0,3,1,6,1,34,6,-1,-1,-1,6,1,6
2017010058720,2,9,0,18,0,0,0,0,0,0,3,-1,6,1,-1,-1,1995,2,5,-1,-1,-1
2017010058726,1,9,0,5,0,2,0,0,0,0,1,-1,6,1,34,6,4398,1,20,5,1,5
2017010058726,2,9,0,5,0,2,0,0,0,0,1,-1,6,2,-1,-1,1229,1,9,3,1,3
2017010058727,1,19,0,3,0,1,0,0,0,0,2,1,1,1,40,7,1753,2,10,2,1,2
2017010058727,2,9,0,18,0,1,0,0,0,0,1,1,6,1,44,7,1896,2,15,4,1,4
2017010058734,1,9,0,7,0,1,0,0,0,0,3,1,2,1,35,6,1390,1,11,8,1,8
2017010058734,2,1,0,18,0,1,0,0,0,0,3,1,2,2,30,6,-1,-1,-1,7,1,7
2017010058735,1,9,0,11,0,1,0,0,0,0,2,1,2,1,30,6,1598,1,5,3,1,3
2017010058735,2,5,0,15,0,1,0,0,0,0,1,1,2,1,31,6,645,1,17,3,1,3
2017010058738,1,9,0,9,0,8,0,0,0,0,4,1,1,1,37,7,1995,1,15,3,1,3
2017010058738,2,9,0,18,0,1,0,0,0,0,1,1,2,1,44,7,2926,2,16,3,1,3
2017010058738,3,9,0,8,0,1,0,0,0,0,1,1,6,1,30,6,-1,-1,-1,10,3,10
2017010058742,1,19,0,18,0,8,0,0,0,0,1,1,1,1,32,6,2494,2,9,-1,-1,-1
2017010058742,2,8,0,9,0,8,0,0,0,0,4,1,1,1,32,6,1798,8,5,2,1,2
2017010058746,1,1,0,18,0,3,0,0,0,0,0,1,1,1,39,7,-1,-1,-1,4,1,4
2017010058748,1,3,0,18,0,0,0,0,0,0,1,1,6,1,17,4,125,1,-1,6,1,6
2017010058748,2,9,0,4,0,0,0,0,0,0,2,1,1,1,24,5,-1,-1,-1,-1,-1,-1
2017010058749,1,9,0,9,0,8,0,0,0,0,3,1,6,1,20,4,1229,1,4,1,1,1
2017010058749,2,9,0,7,0,1,0,0,0,0,4,1,6,2,27,6,2698,2,9,3,1,3
2017010058758,1,19,0,1,0,1,0,0,0,0,2,1,1,1,49,8,1598,2,9,5,1,5
2017010058762,1,19,0,9,4,8,0,0,0,0,1,1,2,1,32,6,2198,2,5,2,1,2
2017010058762,2,1,0,18,0,8,0,0,0,0,1,1,1,1,48,8,-1,-1,-1,4,1,4
2017010058764,1,9,0,18,0,1,0,-1,0,0,1,-1,6,2,60,9,899,1,4,9,1,9
2017010058764,2,9,0,18,0,1,0,0,0,0,1,-1,6,1,-1,-1,1596,1,11,5,1,5
2017010058765,1,9,0,18,0,1,0,0,0,0,1,1,6,3,-1,-1,-1,-1,-1,-1,-1,-1
2017010058766,1,9,0,18,0,1,0,0,0,0,4,-1,6,1,45,7,1997,1,5,3,1,3
2017010058766,2,8,0,-1,0,-1,0,0,0,0,3,-1,6,1,-1,-1,2402,2,15,7,1,7
2017010058771,1,9,0,7,0,6,0,0,0,0,1,1,6,1,31,6,1398,1,7,3,1,3
2017010058771,2,9,0,18,0,2,1,0,1,4,4,1,6,2,38,7,1124,1,15,2,1,2
2017010058773,1,4,0,16,0,0,0,0,0,0,4,1,1,1,58,9,125,1,2,10,1,10
2017010058777,1,9,0,10,0,1,0,10,0,0,4,1,2,1,35,6,1595,1,16,4,3,4
2017010058777,2,5,0,4,0,1,2,0,3,0,4,1,6,1,32,6,649,1,3,5,1,5
2017010058781,1,9,-1,18,0,0,0,-1,-1,-1,-1,-1,6,3,-1,-1,-1,-1,-1,-1,-1,-1
2017010058782,1,9,0,7,0,1,0,0,0,0,1,1,6,3,-1,-1,2143,2,1,-1,-1,-1
2017010058782,2,11,0,18,0,1,0,0,0,0,1,1,1,1,48,8,4500,2,10,2,1,2
2017010058782,3,90,0,7,0,1,0,0,0,0,0,1,1,1,34,6,-1,-1,-1,-1,-1,-1
2017010058786,1,2,0,18,0,0,0,0,0,0,3,1,6,1,27,6,125,1,11,4,1,4
2017010058786,2,9,-1,18,-1,0,-1,0,0,0,4,-1,6,2,63,9,-1,-1,-1,2,1,2
2017010058797,1,1,0,18,2,0,5,0,0,0,1,1,6,1,21,5,-1,-1,-1,4,1,4
2017010058800,1,9,0,9,0,6,0,0,0,0,1,1,2,2,24,5,1299,1,9,3,1,3
2017010058800,2,9,0,17,0,1,0,0,0,0,4,1,6,2,19,4,1598,1,13,4,1,4
2017010058801,1,4,0,13,0,8,0,0,7,10,1,1,6,1,22,5,125,1,5,2,1,2
2017010058801,2,19,0,9,0,8,0,0,0,0,3,1,1,1,23,5,2143,2,-1,5,1,5
2017010058802,1,3,0,14,0,1,0,0,0,0,1,1,6,1,34,6,125,1,2,4,1,4
2017010058804,1,9,0,11,2,1,0,0,0,0,1,1,6,1,18,4,1229,1,12,2,1,2
2017010058804,2,5,0,18,2,1,5,0,0,0,3,1,6,1,42,7,821,1,3,4,1,4
2017010058805,1,3,0,5,0,0,5,0,0,0,1,1,1,1,28,6,125,1,1,3,1,3
2017010058805,2,9,0,6,0,0,0,0,0,0,1,1,1,1,46,8,1798,8,3,4,1,4
2017010058807,1,3,0,18,0,0,5,0,0,0,1,1,6,1,25,5,125,1,2,2,1,2
2017010058808,1,2,0,13,0,1,0,0,0,0,1,1,1,1,29,6,108,1,5,3,1,3
2017010058808,2,9,0,5,0,6,0,0,0,0,1,1,6,2,33,6,2993,2,4,2,1,2
2017010058809,1,8,0,9,0,8,0,0,0,0,1,1,1,1,46,8,1997,2,1,3,1,3
2017010058809,2,9,0,18,0,8,0,0,0,0,3,1,6,1,23,5,2179,2,4,2,1,2
2017010058810,1,11,0,4,2,1,0,0,0,0,0,1,1,1,63,9,6700,2,6,8,1,8
2017010058811,1,9,0,9,0,1,0,0,0,0,1,1,2,1,48,8,1597,1,25,6,1,6
2017010058811,2,1,0,15,0,1,5,0,0,0,3,1,1,2,26,6,-1,-1,-1,8,1,8
2017010058812,1,3,0,7,0,8,2,0,0,0,0,1,1,1,46,8,108,1,4,4,1,4
2017010058813,1,9,0,7,0,6,0,0,0,0,3,1,3,2,26,6,1968,2,5,8,1,8
2017010058813,2,9,0,5,0,1,0,0,0,0,4,1,3,2,45,7,1296,1,9,4,1,4
2017010058814,1,9,0,18,0,8,0,0,0,0,1,1,6,1,49,8,2000,2,6,3,1,3
2017010058814,2,9,0,9,0,8,0,0,0,0,4,1,6,1,44,7,1781,1,14,2,1,2
2017010058815,1,3,0,4,0,1,0,0,0,0,1,1,2,1,50,8,125,1,3,8,1,8
2017010058816,1,9,0,18,0,1,0,0,0,0,3,1,6,1,45,7,1390,1,11,6,1,6
2017010058816,2,9,0,9,0,1,0,0,0,0,1,1,6,1,39,7,1997,2,7,1,1,1
2017010058817,1,9,0,3,0,1,0,0,0,0,2,1,6,2,45,7,1997,2,8,10,1,10
2017010058817,2,9,0,18,0,1,0,0,0,0,1,1,6,2,55,8,1896,2,9,4,1,4
2017010058818,1,9,0,4,0,2,0,0,0,0,1,1,3,2,33,6,1339,8,9,8,1,8
2017010058819,1,5,0,18,0,3,5,10,0,0,3,1,2,1,35,6,1170,1,2,7,2,7
2017010058820,1,9,0,18,0,2,0,0,0,0,3,1,6,2,29,6,-1,-1,-1,1,1,1
2017010058820,2,9,0,5,0,8,0,0,0,0,4,1,6,1,24,5,1598,1,10,2,1,2
2017010058821,1,21,0,18,0,0,1,0,0,0,1,1,1,1,66,10,9290,2,6,4,1,4
2017010058822,1,9,0,3,0,1,0,0,0,0,2,1,3,2,55,8,1596,1,12,1,1,1
2017010058822,2,19,0,18,0,1,0,0,0,0,1,1,6,3,-1,-1,2500,2,10,-1,-1,-1
2017010058824,1,9,0,9,0,2,0,0,0,0,4,1,6,1,30,6,1968,2,4,1,1,1
2017010058825,1,9,0,5,0,8,0,0,0,0,1,1,6,2,81,11,1339,1,9,3,1,3
2017010058825,2,1,0,15,0,8,0,0,0,0,1,1,2,1,22,5,-1,-1,-1,3,1,3
2017010058827,1,9,0,18,0,1,0,0,0,0,2,1,6,1,29,6,-1,-1,-1,-1,-1,-1
2017010058827,2,9,0,18,0,1,0,0,0,0,2,2,6,2,44,7,1360,1,12,6,1,6
2017010058828,1,9,0,18,0,5,0,0,0,0,2,1,6,2,27,6,1598,1,12,4,1,4
2017010058829,1,4,0,18,2,1,1,0,0,0,1,1,6,1,32,6,125,1,4,6,1,6
2017010058829,2,8,0,9,0,1,0,0,0,0,1,1,1,1,54,8,1896,2,9,6,1,6
2017010058832,1,8,0,18,0,1,0,0,0,0,3,1,1,1,50,8,1339,8,7,2,1,2
2017010058832,2,1,0,18,0,1,0,0,0,0,4,1,6,2,31,6,-1,-1,-1,3,1,3
2017010058834,1,9,0,9,0,5,0,0,1,10,4,1,6,1,66,10,1461,2,10,5,1,5
2017010058834,2,1,0,18,0,8,0,0,0,0,1,1,6,1,18,4,-1,-1,-1,9,1,9
2017010058835,1,9,0,17,0,1,0,0,0,0,1,1,6,1,62,9,1299,1,14,6,1,6
2017010058835,2,3,0,9,0,1,5,0,0,0,2,1,6,1,21,5,125,1,-1,-1,-1,-1
2017010058836,1,3,0,5,0,2,0,0,0,0,1,1,2,1,30,6,125,1,2,4,1,4
2017010058836,2,9,0,6,0,1,0,0,0,0,1,2,1,1,23,5,-1,-1,-1,8,1,8
2017010058837,1,9,0,9,0,1,0,0,0,0,1,1,2,2,36,7,1242,1,2,5,1,5
2017010058837,2,3,0,18,0,8,0,0,0,0,1,1,6,1,26,6,125,1,2,5,1,5
2017010058839,1,8,0,18,0,1,0,0,0,0,1,1,1,1,46,8,2148,2,6,6,1,6
2017010058843,1,9,0,7,0,6,0,0,0,0,1,1,6,1,39,7,2319,1,16,4,1,4
2017010058843,2,9,0,18,0,1,0,0,0,0,2,1,6,2,35,6,998,1,7,6,1,6
2017010058844,1,9,0,18,0,8,1,7,1,2,2,1,2,1,40,7,1968,2,4,2,1,2
2017010058844,2,90,0,18,0,1,0,0,0,0,1,1,6,3,-1,-1,-1,-1,-1,-1,-1,-1
2017010058846,1,9,0,5,0,1,0,0,0,0,4,1,2,1,33,6,3999,1,4,8,1,8
2017010058848,1,9,-1,-1,-1,-1,-1,-1,0,0,3,-1,6,3,-1,-1,-1,-1,-1,-1,-1,-1
2017010058850,1,9,0,4,0,1,0,0,0,0,1,1,6,2,18,4,1461,2,3,6,2,6
2017010058850,2,9,0,15,0,1,0,0,0,0,1,1,6,1,64,9,1689,2,15,9,1,9
2017010058853,1,9,0,18,0,0,0,0,0,0,1,1,2,1,28,6,2204,2,10,2,1,2
2017010058853,2,9,0,18,0,0,0,0,0,0,2,1,2,1,26,6,1496,2,-1,2,1,2
2017010058860,1,19,0,3,0,1,0,0,0,0,2,1,6,1,36,7,1968,2,-1,1,1,1
2017010058860,2,9,0,18,0,1,0,0,0,0,1,-1,6,1,-1,-1,1984,1,2,1,1,1
2017010058861,1,9,-1,18,0,0,-1,0,0,0,2,-1,6,1,28,6,1598,1,9,3,1,3
2017010058861,2,9,0,18,0,0,-1,0,0,0,1,-1,6,3,-1,-1,1461,2,-1,-1,-1,-1
2017010058863,1,9,-1,-1,-1,-1,-1,-1,-1,-1,-1,-1,6,2,41,7,998,1,1,6,1,6
2017010058863,2,9,-1,-1,-1,-1,-1,-1,-1,-1,-1,-1,6,1,-1,-1,1587,1,12,-1,-1,-1
2017010058872,1,4,0,18,0,0,0,0,0,0,1,1,2,1,60,9,385,1,18,7,1,7
2017010058876,1,9,0,18,0,0,-1,-1,0,0,1,-1,6,1,-1,-1,1685,2,3,10,1,10
2017010058877,1,9,0,9,0,2,0,0,0,0,4,-1,6,1,-1,-1,1560,2,-1,-1,-1,-1
2017010058877,2,1,0,18,0,2,0,0,0,0,1,1,1,1,28,6,-1,-1,-1,10,2,10
2017010058884,1,9,0,5,0,0,0,0,0,0,1,1,6,2,24,5,1461,2,6,4,1,4
2017010058886,1,9,0,11,0,0,0,0,0,0,2,1,2,1,34,6,1997,1,5,2,1,2
2017010058886,2,3,0,18,0,0,0,0,0,0,1,1,2,1,28,6,124,1,2,2,1,2
2017010058888,1,9,-1,3,0,1,-1,0,0,0,2,-1,6,2,44,7,1149,1,2,3,1,3
2017010058888,2,9,-1,18,0,1,-1,0,0,0,1,-1,6,1,-1,-1,1997,2,2,9,3,9
2017010058907,1,9,-1,-1,-1,-1,-1,-1,-1,-1,-1,-1,6,2,34,6,1197,1,2,4,1,4
2017010058916,1,1,0,18,5,2,0,0,0,0,1,1,2,2,31,6,-1,-1,-1,-1,-1,-1
2017010058916,2,1,0,4,5,2,0,0,0,0,2,1,2,1,27,6,-1,-1,-1,-1,-1,-1
2017010058917,1,9,5,-1,0,-1,0,-1,-1,0,-1,-1,6,2,27,6,1395,1,-1,-1,-1,-1
2017010058917,2,9,0,18,0,-1,0,-1,0,0,-1,-1,6,1,-1,-1,-1,-1,-1,-1,-1,-1
2017010058923,1,3,0,18,0,0,1,0,0,0,1,1,2,1,21,5,124,1,-1,9,1,9
2017010058923,2,9,0,18,0,0,0,0,0,0,2,1,2,1,31,6,2967,2,3,4,2,4
2017010058924,1,9,0,9,0,4,0,0,0,0,4,1,3,2,43,7,1796,1,10,3,1,3
2017010058924,2,8,0,5,0,4,0,0,0,0,1,1,1,1,54,8,1910,2,7,2,1,2
2017010058928,1,1,0,18,0,1,0,0,0,0,1,1,6,1,48,8,-1,-1,-1,7,1,7
2017010058928,2,9,0,9,0,1,0,0,0,0,4,-1,6,1,-1,-1,1968,2,4,-1,-1,-1
2017010058931,1,9,0,5,0,2,0,0,0,0,3,1,2,1,58,9,1560,2,9,4,1,4
2017010058931,2,1,0,18,0,8,0,0,0,0,1,1,2,2,33,6,-1,-1,-1,3,1,3
2017010058935,1,9,0,18,0,2,0,0,0,0,3,1,2,2,42,7,1598,1,7,4,1,4
2017010058936,1,1,0,18,0,-1,-1,0,0,0,1,1,6,2,27,6,-1,-1,-1,5,1,5
2017010058936,2,9,0,-1,0,1,0,0,0,0,-1,-1,6,1,-1,-1,1497,8,10,-1,-1,-1
2017010058938,1,5,-1,18,0,1,0,0,0,0,4,1,6,1,42,7,-1,-1,-1,10,1,10
2017010058945,1,9,0,4,6,1,0,0,0,0,3,1,6,1,35,6,1686,2,6,6,1,6
2017010058945,2,1,0,18,0,1,0,0,0,0,1,1,6,1,50,8,-1,-1,-1,6,1,6
2017010058949,1,9,0,3,0,0,0,0,0,0,2,1,2,2,44,7,1364,1,12,-1,-1,-1
2017010058949,2,9,0,3,0,0,0,0,0,0,0,1,3,2,48,8,1699,1,8,10,1,10
2017010058956,1,9,0,3,0,2,0,0,0,0,0,-1,6,1,49,8,1997,1,15,8,1,8
2017010058956,2,9,0,18,0,2,0,0,0,0,1,-1,6,2,-1,-1,1910,2,11,4,1,4
2017010058957,1,5,0,18,0,0,0,0,0,0,4,1,2,1,46,8,599,1,2,6,1,6
2017010058958,1,19,0,9,0,8,0,0,0,0,1,1,1,1,61,9,2148,2,7,2,1,2
2017010058958,2,1,0,18,0,8,0,0,0,0,1,1,2,1,52,8,-1,-1,-1,2,1,2
2017010058961,1,9,0,18,0,1,0,0,0,0,3,1,6,2,61,9,1242,1,15,3,1,3
2017010058961,2,19,0,1,0,8,0,0,0,0,4,1,1,1,62,9,1560,2,6,5,1,5
2017010058965,1,1,-1,18,-1,8,-1,0,0,0,4,1,6,1,36,7,-1,-1,-1,4,1,4
2017010058965,2,19,-1,18,0,4,-1,0,0,0,1,-1,1,1,36,7,1248,2,1,-1,-1,-1
2017010058970,1,9,0,5,0,1,0,0,0,0,1,-1,6,3,-1,-1,-1,-1,-1,-1,-1,-1
2017010058971,1,1,0,12,0,0,0,0,0,0,2,1,6,1,56,9,-1,-1,-1,3,1,3
2017010058971,2,9,0,18,0,0,0,0,0,0,1,-1,6,1,-1,-1,1560,2,5,-1,-1,-1
2017010058972,1,11,0,18,2,0,0,10,2,1,3,-1,1,2,47,8,9360,2,6,5,1,5
2017010058972,2,9,0,11,0,0,0,0,0,0,4,-1,6,1,22,5,1596,1,11,2,1,2
2017010058979,1,90,0,17,0,8,0,10,7,3,1,1,1,1,47,8,-1,-1,-1,6,1,6
2017010058980,1,9,0,18,0,6,0,0,0,0,1,1,6,2,24,5,1984,1,9,3,1,3
2017010058980,2,9,0,3,0,1,0,0,0,0,2,1,2,2,48,8,1598,1,6,3,1,3
2017010058992,1,9,0,9,0,1,0,0,0,0,3,1,6,2,48,8,1600,1,18,7,1,7
2017010058992,2,4,0,18,0,1,0,0,0,0,4,1,1,1,43,7,125,1,2,3,1,3
2017010058996,1,9,0,18,0,0,0,0,0,0,4,1,2,2,27,6,1198,1,1,5,1,5
2017010058998,1,9,0,5,0,7,0,0,0,0,1,1,6,2,41,7,1598,1,6,6,1,6
2017010059000,1,9,-1,-1,-1,0,-1,-1,-1,-1,-1,-1,6,1,44,7,1796,1,15,-1,-1,-1
2017010059000,2,9,-1,-1,-1,0,-1,-1,-1,-1,-1,-1,6,1,-1,-1,998,1,10,-1,-1,-1
2017010059005,1,9,0,3,0,0,0,0,0,0,2,1,2,1,56,9,1799,1,9,5,1,5
2017010059005,2,5,0,18,0,0,0,0,0,0,1,1,2,1,44,7,599,1,6,4,1,4
2017010059007,1,9,0,9,0,8,0,0,0,0,4,1,2,1,26,6,2143,2,1,7,3,7
2017010059007,2,2,0,18,0,8,2,0,0,0,1,1,2,2,31,6,108,1,-1,6,1,6
2017010059008,1,9,0,5,0,1,0,0,0,0,1,1,3,2,39,7,1461,2,3,6,1,6
2017010059008,2,9,0,7,0,8,0,0,0,0,1,1,6,2,58,9,2143,2,8,7,1,7
2017010059011,1,9,0,6,0,0,0,0,0,0,3,1,6,1,38,7,2993,2,12,4,1,4
2017010059011,2,5,0,15,0,0,0,0,0,0,1,1,6,1,25,5,599,1,7,-1,-1,-1
2017010059014,1,9,0,18,0,2,0,0,0,0,2,-1,6,1,26,6,1598,2,6,3,1,3
2017010059014,2,9,0,18,0,2,0,0,0,0,1,1,6,1,-1,-1,1600,1,19,-1,-1,-1
2017010059017,1,9,0,3,0,0,0,-1,0,0,-1,-1,6,2,25,5,1339,1,15,3,1,3
2017010059017,2,9,0,18,0,0,0,-1,0,0,-1,-1,6,1,29,6,1998,2,12,3,1,3
2017010059020,1,9,-1,-1,-1,-1,-1,-1,-1,-1,-1,-1,6,1,56,9,1968,2,5,6,1,6
2017010059021,1,8,0,9,0,5,0,0,0,0,1,1,1,1,42,7,1797,8,4,1,1,1
2017010059021,2,1,0,13,0,8,0,0,0,0,1,1,1,1,51,8,-1,-1,-1,2,1,2
2017010059022,1,9,-1,-1,-1,-1,-1,-1,-1,-1,-1,1,6,1,35,6,2401,2,13,4,1,4
2017010059022,2,9,0,-1,-1,-1,0,-1,-1,-1,-1,1,6,1,-1,-1,2496,2,13,3,1,3
2017010059023,1,9,0,4,0,1,0,0,0,0,1,1,6,2,75,10,1896,2,15,10,1,10
2017010059023,2,19,0,4,0,1,0,0,0,0,2,1,1,1,36,7,2488,2,12,5,1,5
2017010059025,1,9,0,18,0,-1,0,0,0,0,2,1,6,1,50,8,1762,1,21,-1,-1,-1
2017010059025,2,9,0,18,0,-1,0,-1,-1,0,2,-1,6,1,-1,-1,1398,1,10,-1,-1,-1
2017010059029,1,9,0,5,0,6,0,0,0,0,2,1,6,1,59,9,1598,1,14,3,1,3
2017010059029,2,5,0,18,0,2,0,0,0,0,1,1,6,1,39,7,636,1,13,8,1,8
2017010059035,1,9,-1,18,0,0,0,-1,0,0,-1,-1,6,3,-1,-1,-1,-1,-1,-1,-1,-1
2017010059037,1,90,0,13,2,1,0,0,7,2,1,1,1,1,37,7,6370,2,10,-1,2,-1
2017010059037,2,9,0,9,0,1,1,0,0,0,1,1,6,1,42,7,1598,2,3,8,1,8
2017010059038,1,9,-1,-1,0,0,0,0,0,0,1,-1,6,3,-1,-1,-1,-1,-1,-1,-1,-1
2017010059039,1,19,0,3,0,1,0,0,0,0,2,1,2,1,45,7,2402,2,11,10,1,10
2017010059039,2,4,0,13,0,1,0,0,0,0,1,1,6,1,49,8,1199,1,15,7,1,7
2017010059039,3,9,0,3,0,1,0,0,0,0,2,1,2,1,33,6,2148,2,10,8,1,8
2017010059040,1,9,0,18,0,1,0,0,0,0,1,1,1,1,48,8,2143,2,1,3,1,3
2017010059041,1,5,0,17,0,8,1,0,0,0,0,1,1,1,36,7,-1,-1,-1,4,1,4
2017010059043,1,5,0,13,0,1,0,0,0,0,4,1,6,1,47,8,599,1,8,2,2,2
2017010059043,2,19,0,9,0,1,0,0,0,0,3,1,1,1,30,6,1560,2,-1,5,1,5
2017010059044,1,11,0,9,0,6,0,0,0,0,0,1,1,1,30,6,4500,2,10,2,1,2
2017010059045,1,19,0,9,0,1,0,0,0,0,1,1,2,1,35,6,1995,2,8,8,1,8
2017010059045,2,3,0,18,2,1,0,0,0,0,3,1,1,1,29,6,-1,-1,-1,2,1,2
2017010059046,1,9,0,5,0,0,0,0,0,0,4,1,6,1,57,9,1591,1,4,8,1,8
2017010059046,2,19,0,18,0,0,0,0,0,0,1,1,1,1,57,9,4580,2,1,10,2,10
2017010059046,3,9,0,2,0,0,0,0,0,0,2,1,6,3,-1,-1,3189,1,13,-1,-1,-1
2017010059046,4,9,0,2,0,0,0,0,0,0,2,1,6,3,-1,-1,1339,1,8,-1,-1,-1
2017010059047,1,11,0,5,0,8,0,0,0,0,0,1,1,1,52,8,5132,2,-1,-1,-1,-1
2017010059048,1,21,1,11,0,0,0,0,0,0,1,1,1,1,41,7,12902,2,4,5,2,5
2017010059048,2,9,0,18,0,0,0,0,0,0,3,1,6,1,43,7,1339,1,10,10,1,10
2017010059049,1,9,0,18,0,0,0,0,0,0,2,1,6,1,31,6,1997,2,4,3,1,3
2017010059049,2,9,3,18,0,0,0,0,0,0,2,1,6,2,28,6,-1,-1,-1,2,1,2
2017010059049,3,21,0,18,0,0,0,0,0,0,1,1,6,1,34,6,4485,2,2,5,1,5
2017010059050,1,9,0,15,0,8,1,0,0,0,1,1,6,1,28,6,1229,1,10,9,1,9
2017010059050,2,9,0,9,0,8,0,0,0,0,2,1,6,2,34,6,1360,1,7,7,1,7
2017010059051,1,9,0,7,0,1,0,0,0,0,4,1,6,1,46,8,4395,1,1,6,1,6
2017010059051,2,1,0,15,0,1,0,0,0,0,1,1,2,1,34,6,-1,-1,-1,7,1,7
2017010059053,1,9,0,1,0,0,0,0,0,0,2,1,6,2,38,7,1198,1,12,2,1,2
2017010059054,1,2,0,5,0,4,0,0,0,0,1,1,6,3,-1,-1,-1,-1,-1,-1,-1,-1
2017010059056,1,9,0,18,0,2,0,0,0,0,3,1,6,2,63,9,1995,2,8,8,1,8
2017010059057,1,9,0,9,0,5,0,0,0,0,1,2,6,1,44,7,-1,-1,-1,2,1,2
2017010059057,2,1,0,18,0,1,0,0,0,0,1,1,6,2,22,5,-1,-1,-1,6,1,6
2017010059058,1,9,0,18,0,1,0,0,0,0,4,1,6,1,25,5,1997,2,7,2,1,2
2017010059059,1,9,0,9,0,5,0,0,0,0,1,1,6,2,55,8,1461,2,13,4,1,4
2017010059059,2,9,0,13,0,8,0,0,0,0,1,1,6,3,-1,-1,1796,1,10,-1,-1,-1