Accident_Index,Vehicle_Reference,Vehicle_Type,Towing_and_Articulation,Vehicle_Manoeuvre,Vehicle_Location-Restricted_Lane,Junction_Location,Skidding_and_Overturning,Hit_Object_in_Carriageway,Vehicle_Leaving_Carriageway,Hit_Object_off_Carriageway,1st_Point_of_Impact,Was_Vehicle_Left_Hand_Drive?,Journey_Purpose_of_Driver,Sex_of_Driver,Age_of_Driver,Age_Band_of_Driver,Engine_Capacity_(CC),Propulsion_Code,Age_of_Vehicle,Driver_IMD_Decile,Driver_Home_Area_Type,Vehicle_IMD_Decile
2017010059060,1,21,0,7,0,0,0,0,0,0,0,2,6,3,-1,-1,-1,-1,-1,-1,-1,-1
2017010059060,2,5,0,18,0,0,0,0,1,0,4,1,6,1,36,7,998,1,5,3,2,3
2017010059061,1,9,0,18,0,1,0,0,0,0,1,1,6,3,-1,-1,-1,-1,-1,-1,-1,-1
2017010059062,1,9,0,13,0,8,0,0,0,0,1,1,6,2,-1,-1,3628,2,11,4,1,4
2017010059062,2,3,0,16,0,8,1,0,0,0,1,1,1,1,20,4,108,1,5,6,1,6
2017010059063,1,9,0,18,0,1,1,0,0,0,1,1,6,1,35,6,1800,1,17,4,1,4
2017010059063,2,9,0,9,0,5,0,0,0,0,1,1,6,1,67,10,-1,-1,-1,8,1,8
2017010059064,1,4,0,18,0,2,0,0,0,0,1,1,6,1,41,7,471,1,2,3,1,3
2017010059065,1,9,0,5,0,8,0,0,0,0,1,1,6,1,42,7,1560,2,9,3,1,3
2017010059065,2,9,0,4,0,8,0,0,0,0,2,1,1,2,24,5,998,1,1,2,1,2
2017010059066,1,9,0,4,0,1,0,0,0,0,1,2,6,1,64,9,-1,-1,-1,9,1,9
2017010059066,2,9,0,3,0,1,0,0,0,0,2,2,6,2,31,6,1900,2,12,8,1,8
2017010059067,1,1,0,18,9,1,0,0,1,0,1,1,6,1,22,5,-1,-1,-1,2,1,2
2017010059068,1,8,0,9,0,5,0,0,0,0,2,1,1,1,49,8,1598,1,8,4,1,4
2017010059068,2,1,0,18,0,1,0,0,0,0,1,1,6,1,51,8,-1,-1,-1,6,1,6
2017010059075,1,1,-1,18,-1,-1,-1,-1,-1,-1,-1,1,6,1,35,6,-1,-1,-1,3,1,3
2017010059075,2,9,-1,18,-1,-1,-1,-1,-1,-1,-1,-1,6,1,30,6,1995,2,7,2,1,2
2017010059082,1,8,0,18,0,0,0,0,0,0,0,1,1,1,57,9,2148,2,7,5,1,5
2017010059082,2,9,0,5,0,0,0,0,0,0,0,-1,6,1,29,6,1339,1,14,3,1,3
2017010059084,1,5,0,17,0,6,0,0,0,0,3,1,6,1,50,8,998,1,8,4,1,4
2017010059084,2,9,0,9,0,6,0,0,0,0,0,1,3,2,41,7,1560,2,4,9,1,9
2017010059094,1,9,0,9,0,1,0,0,0,0,4,1,6,1,19,4,1395,1,3,3,1,3
2017010059099,1,9,0,18,0,0,0,0,0,0,1,1,6,1,30,6,998,1,4,1,1,1
2017010059099,2,9,0,12,0,0,0,0,0,0,3,1,6,1,-1,-1,1998,2,5,-1,-1,-1
2017010059108,1,20,-1,18,-1,0,-1,-1,-1,-1,-1,-1,6,3,-1,-1,-1,-1,-1,-1,-1,-1
2017010059108,2,9,-1,-1,-1,0,-1,-1,-1,-1,-1,-1,6,1,28,6,1598,1,5,3,1,3
2017010059113,1,9,0,18,0,1,0,0,0,0,1,1,1,2,28,6,1598,1,12,3,1,3
2017010059115,1,11,0,-1,-1,0,0,0,-1,-1,0,1,1,1,-1,-1,9000,2,11,-1,-1,-1
2017010059132,1,9,0,18,0,1,0,-1,0,0,4,-1,6,1,20,4,1598,1,7,1,1,1
2017010059133,1,19,0,18,0,0,0,0,0,0,1,1,2,1,49,8,-1,-1,-1,3,2,3
2017010059136,1,8,0,18,0,-1,0,-1,0,0,1,-1,6,1,-1,-1,2143,2,6,-1,-1,-1
2017010059137,1,9,0,18,0,1,5,0,2,4,1,1,3,2,28,6,1299,1,14,5,1,5
2017010059137,2,9,0,5,0,6,0,0,0,0,1,1,3,2,35,6,1794,1,11,5,1,5
2017010059137,3,9,0,2,0,1,0,0,0,0,1,1,6,3,-1,-1,2494,1,18,-1,-1,-1
2017010059140,1,19,0,18,0,2,0,0,0,0,4,1,1,1,43,7,1598,2,6,2,1,2
2017010059140,2,4,0,18,0,2,0,0,0,0,3,1,2,1,22,5,124,1,1,4,1,4
2017010059143,1,8,0,4,0,1,0,0,0,0,1,2,6,1,46,8,-1,-1,-1,1,1,1
2017010059145,1,9,0,9,0,1,0,0,0,0,1,1,6,2,26,6,1995,2,12,2,1,2
2017010059145,2,2,0,18,0,1,0,0,0,0,4,1,2,1,25,5,125,1,4,2,1,2
2017010059150,1,9,0,9,0,6,0,0,0,0,2,-1,6,2,43,7,999,1,1,8,1,8
2017010059150,2,9,0,9,0,6,0,0,0,0,1,-1,6,1,-1,-1,998,1,13,-1,-1,-1
2017010059152,1,20,0,18,0,0,0,0,0,0,1,1,1,1,56,9,5193,2,8,9,1,9
2017010059152,2,9,0,16,0,0,0,0,7,4,1,1,6,1,36,7,1997,2,17,5,1,5
2017010059154,1,19,0,1,0,8,0,0,0,0,2,1,1,1,29,6,2143,2,3,2,1,2
2017010059155,1,9,0,1,0,0,0,0,0,0,2,1,6,1,55,8,1797,8,4,1,1,1
2017010059157,1,9,0,9,0,5,0,0,0,0,3,1,6,1,29,6,1686,2,10,9,1,9
2017010059157,2,3,0,13,0,1,0,0,0,0,1,1,6,1,18,4,125,1,10,5,1,5
2017010059159,1,9,0,5,0,6,0,0,0,0,3,1,6,1,22,5,1600,2,7,5,1,5
2017010059159,2,1,0,18,0,1,0,0,0,0,1,1,2,2,33,6,-1,-1,-1,6,1,6
2017010059160,1,11,0,5,8,1,0,0,0,0,0,1,6,1,54,8,9000,2,8,2,1,2
2017010059164,1,9,0,-1,0,1,0,-1,-1,-1,-1,-1,6,1,32,6,1339,8,8,-1,-1,-1
2017010059164,2,11,-1,-1,-1,-1,-1,-1,-1,-1,-1,-1,6,3,-1,-1,9000,2,8,-1,-1,-1
2017010059166,1,9,0,10,0,8,0,0,0,0,4,1,1,1,57,9,-1,-1,-1,7,1,7
2017010059166,2,9,0,10,0,6,0,10,0,0,3,1,1,1,56,9,1598,1,13,4,1,4
2017010059167,1,19,0,9,0,1,0,0,7,0,1,1,6,1,37,7,1968,2,2,6,1,6
2017010059167,2,1,0,18,0,1,0,0,0,0,2,1,2,1,50,8,-1,-1,-1,3,1,3
2017010059169,1,8,0,5,5,1,0,0,0,0,2,1,1,1,42,7,1997,2,7,4,1,4
2017010059171,1,9,0,8,0,6,0,0,0,0,2,1,6,1,83,11,1595,1,17,3,1,3
2017010059171,2,1,0,18,0,1,0,0,0,0,1,1,2,1,56,9,-1,-1,-1,8,1,8
2017010059175,1,9,0,9,0,0,0,0,0,0,4,1,6,2,40,7,1149,1,4,9,1,9
2017010059175,2,9,0,1,0,0,0,0,0,0,1,1,6,1,64,9,1198,1,2,3,1,3
2017010059177,1,9,0,9,0,5,0,0,0,0,4,1,2,1,52,8,2496,1,12,6,1,6
2017010059177,2,1,0,15,0,1,0,0,0,0,4,1,6,1,24,5,-1,-1,-1,3,1,3
2017010059178,1,11,0,11,2,1,0,0,0,0,0,1,1,1,35,6,4500,2,2,1,1,1
2017010059179,1,9,0,5,0,0,0,0,0,0,1,1,6,2,49,8,1339,8,5,4,1,4
2017010059180,1,8,0,12,0,0,0,0,0,0,3,1,1,1,41,7,1798,8,2,6,1,6
2017010059180,2,9,0,18,0,0,0,0,0,0,4,1,6,1,31,6,1360,1,14,2,1,2
2017010059180,3,9,0,18,0,0,0,0,0,0,4,1,6,1,27,6,1995,2,-1,1,1,1
2017010059181,1,11,0,5,2,1,0,0,0,0,0,1,1,1,59,9,4500,2,2,3,1,3
2017010059185,1,1,-1,18,0,8,-1,-1,-1,-1,-1,1,6,1,36,7,-1,-1,-1,5,1,5
2017010059185,2,9,-1,18,0,4,-1,-1,-1,-1,-1,-1,6,1,41,7,1390,1,14,3,1,3
2017010059187,1,9,0,4,0,8,0,0,0,0,2,1,1,1,28,6,-1,-1,-1,7,1,7
2017010059187,2,9,0,4,0,8,0,0,0,0,1,1,6,2,49,8,996,1,8,4,2,4
2017010059188,1,9,0,18,0,1,0,0,0,0,1,1,2,1,47,8,1298,1,14,6,1,6
2017010059189,1,9,0,2,0,-1,0,0,0,0,2,-1,6,3,-1,-1,1997,2,9,-1,-1,-1
2017010059189,2,9,0,1,0,-1,0,0,0,0,2,1,6,3,-1,-1,2987,2,7,-1,-1,-1
2017010059191,1,9,0,9,0,8,0,0,0,0,3,1,6,2,39,7,1590,1,12,2,1,2
2017010059192,1,9,-1,-1,-1,0,-1,-1,-1,-1,-1,-1,6,1,29,6,1364,1,9,3,1,3
2017010059195,1,4,0,10,0,2,0,0,0,0,1,1,6,1,25,5,124,1,-1,2,1,2
2017010059195,2,9,0,-1,0,2,0,0,0,0,1,-1,6,1,-1,-1,1598,1,-1,7,1,7
2017010059196,1,5,0,18,0,8,0,0,0,0,3,1,6,1,30,6,636,1,-1,3,1,3
2017010059196,2,9,0,5,0,8,0,0,0,0,1,1,6,1,44,7,3999,1,4,4,1,4
2017010059197,1,9,0,18,0,0,0,0,0,0,4,-1,6,1,47,8,1798,8,1,2,1,2
2017010059197,2,9,0,12,0,0,0,0,0,0,3,-1,6,3,-1,-1,1461,2,2,-1,-1,-1
2017010059199,1,9,0,9,0,5,0,0,0,0,1,1,2,1,58,9,1995,2,4,7,1,7
2017010059199,2,4,0,18,0,2,0,0,0,0,3,1,6,1,62,9,385,1,18,4,1,4
2017010059200,1,9,0,18,0,4,0,0,0,0,1,1,3,2,48,8,1995,2,5,6,1,6
2017010059200,2,1,0,9,0,3,0,0,0,0,4,1,6,1,74,10,-1,-1,-1,5,1,5
2017010059201,1,9,0,18,0,2,0,0,0,0,1,1,6,2,35,6,1499,1,1,6,1,6
2017010059201,2,9,0,18,0,2,0,0,0,0,2,1,6,1,29,6,2143,2,1,2,1,2
2017010059203,1,9,0,8,0,4,0,0,0,0,3,1,6,1,53,8,1686,2,4,2,1,2
2017010059203,2,20,0,11,0,4,0,0,0,0,4,2,1,1,59,9,-1,-1,-1,7,1,7
2017010059204,1,9,-1,18,0,-1,-1,-1,-1,-1,1,-1,6,3,-1,-1,-1,-1,-1,-1,-1,-1
2017010059206,1,19,0,18,0,1,1,0,0,0,3,1,6,1,25,5,1598,2,-1,7,1,7
2017010059206,2,9,0,18,0,6,0,0,0,0,4,1,6,2,39,7,1198,1,4,8,1,8
2017010059208,1,9,0,5,0,0,0,0,0,0,1,1,6,1,27,6,1499,1,1,2,1,2
2017010059210,1,3,0,18,0,1,0,0,0,0,1,1,2,1,29,6,125,1,8,4,1,4
2017010059210,2,9,0,9,0,1,0,0,0,0,1,1,6,1,71,10,1242,1,3,4,1,4
2017010059213,1,9,-1,4,0,1,-1,0,0,0,2,-1,6,2,35,6,973,1,15,3,1,3
2017010059214,1,8,0,5,0,4,0,0,0,0,1,1,1,1,28,6,2143,2,4,9,1,9
2017010059214,2,1,0,13,0,8,0,0,0,0,4,1,2,1,21,5,-1,-1,-1,2,1,2
2017010059215,1,1,0,18,0,1,0,0,0,0,4,1,6,1,28,6,-1,-1,-1,1,1,1
2017010059215,2,9,0,9,0,6,0,0,0,0,1,1,6,1,50,8,1339,8,5,1,1,1
2017010059217,1,9,-1,-1,-1,-1,-1,-1,-1,-1,-1,-1,6,3,-1,-1,1995,2,1,-1,-1,-1
2017010059219,1,9,0,18,0,0,0,0,0,0,1,1,6,3,-1,-1,1364,1,12,-1,-1,-1
2017010059222,1,19,0,3,0,1,0,0,0,0,4,1,2,1,57,9,1868,2,12,1,1,1
2017010059222,2,9,0,9,0,1,0,0,0,0,1,1,6,1,74,10,1364,1,-1,5,1,5
2017010059223,1,1,0,18,0,8,1,0,0,0,1,1,2,1,50,8,-1,-1,-1,4,1,4
2017010059223,2,8,0,7,0,8,0,0,0,0,4,1,1,1,38,7,2143,2,2,3,1,3
2017010059224,1,11,0,5,0,1,0,0,0,0,0,1,1,1,56,9,5132,2,1,6,1,6
2017010059225,1,9,0,7,0,1,0,0,0,0,3,1,6,2,60,9,2597,1,15,1,1,1
2017010059225,2,2,0,13,0,1,5,0,0,0,4,1,1,1,22,5,49,1,7,3,1,3
2017010059227,1,9,0,18,0,4,0,0,0,0,1,1,6,1,62,9,1598,1,9,4,1,4
2017010059227,2,9,0,3,0,4,0,0,0,0,2,1,6,1,55,8,-1,-1,-1,4,1,4
2017010059228,1,9,0,18,0,1,0,0,0,0,1,1,6,1,20,4,1229,1,4,10,1,10
2017010059228,2,1,0,9,9,1,5,0,1,0,1,1,6,1,31,6,-1,-1,-1,9,1,9
2017010059229,1,19,0,4,0,5,0,8,0,0,4,1,2,1,37,7,-1,-1,-1,3,1,3
2017010059229,2,1,0,15,0,8,0,8,0,0,1,1,2,1,37,7,-1,-1,-1,3,1,3
2017010059230,1,9,0,18,0,0,5,10,1,2,1,1,6,1,-1,-1,1560,2,3,-1,-1,-1
2017010059231,1,9,0,4,0,6,0,0,0,0,2,1,6,1,22,5,1229,1,10,2,1,2
2017010059231,2,9,0,4,0,6,0,0,0,0,1,1,6,1,24,5,1598,1,10,4,1,4
2017010059232,1,1,0,18,0,2,2,0,0,0,1,1,6,1,34,6,-1,-1,-1,2,1,2
2017010059234,1,9,0,18,0,4,5,10,1,10,0,1,6,1,54,8,1896,2,11,5,1,5
2017010059235,1,2,0,5,0,1,0,0,0,0,1,1,6,1,18,4,49,1,13,2,1,2
2017010059235,2,9,0,9,0,5,0,0,0,0,3,1,3,2,48,8,1598,1,9,6,1,6
2017010059238,1,1,0,5,0,8,0,0,0,0,2,1,6,1,49,8,-1,-1,-1,4,1,4
2017010059239,1,9,0,9,0,5,0,0,0,0,1,1,6,1,74,10,2179,2,4,5,1,5
2017010059239,2,9,0,18,0,8,0,0,0,0,4,1,6,2,25,5,1242,1,3,3,1,3
2017010059240,1,9,0,8,0,1,0,0,1,0,0,1,6,1,30,6,1968,2,6,3,1,3
2017010059240,2,3,0,9,0,8,2,0,0,0,0,1,6,1,42,7,125,1,-1,1,1,1
2017010059241,1,1,0,18,4,6,1,0,0,0,4,1,6,1,30,6,-1,-1,-1,2,1,2
2017010059243,1,9,0,18,0,8,0,4,0,0,1,1,6,3,-1,-1,1197,1,-1,-1,-1,-1
2017010059243,2,9,0,3,9,1,0,0,0,0,1,2,6,1,21,5,1686,2,4,10,3,10
2017010059243,3,8,0,18,0,4,0,0,0,0,2,2,1,1,47,8,2499,2,9,10,1,10
2017010059245,1,9,0,9,0,8,0,0,0,0,4,1,6,1,74,10,1997,8,-1,7,1,7
2017010059246,1,1,0,4,0,0,0,0,0,0,2,1,1,1,39,7,-1,-1,-1,-1,-1,-1
2017010059247,1,1,0,18,0,0,0,0,0,0,2,1,6,1,11,3,-1,-1,-1,1,1,1
2017010059247,2,9,0,1,0,0,0,0,0,0,2,1,6,1,23,5,2996,1,10,8,1,8
2017010059248,1,9,0,10,0,1,0,0,0,0,2,1,6,1,26,6,1995,2,-1,1,1,1
2017010059248,2,9,0,15,0,1,0,0,0,0,1,1,6,3,-1,-1,1796,1,12,-1,-1,-1
2017010059249,1,9,0,5,0,8,0,0,0,0,1,1,6,1,36,7,3197,1,9,2,1,2
2017010059250,1,9,0,5,0,8,0,0,0,0,1,1,6,2,26,6,1598,1,12,2,1,2
2017010059250,2,9,0,18,0,1,1,0,0,0,1,1,6,1,78,11,1399,1,-1,3,1,3
2017010059251,1,3,0,18,0,1,0,0,1,0,0,1,6,1,35,6,124,1,4,2,1,2
2017010059255,1,9,0,4,0,1,0,0,0,0,1,1,6,1,61,9,1896,2,12,5,1,5
2017010059257,1,9,0,17,0,8,1,4,0,0,1,1,6,1,23,5,998,1,10,3,1,3
2017010059257,2,9,0,2,0,8,0,0,0,0,4,1,6,3,-1,-1,-1,-1,-1,-1,-1,-1
2017010059257,3,9,0,2,0,8,0,4,0,0,4,1,6,3,-1,-1,1997,1,9,-1,-1,-1
2017010059257,4,9,0,2,0,8,0,0,0,0,1,1,6,3,-1,-1,998,1,8,-1,-1,-1
2017010059258,1,1,0,18,0,8,0,0,0,0,1,1,2,2,33,6,-1,-1,-1,-1,-1,-1
2017010059258,2,19,0,7,0,1,0,0,0,0,2,1,1,1,29,6,2198,2,10,5,2,5
2017010059261,1,9,0,18,0,0,0,0,0,0,3,1,6,1,24,5,2497,2,12,3,1,3
2017010059262,1,2,0,15,0,1,1,0,0,0,1,1,6,1,19,4,49,1,10,5,1,5
2017010059262,2,11,0,9,0,1,0,0,0,0,1,1,1,1,40,7,4500,2,8,5,1,5
2017010059274,1,3,0,18,0,8,1,0,0,0,0,1,1,1,28,6,108,1,1,6,1,6
2017010059275,1,9,0,18,0,8,0,0,0,0,1,1,6,1,28,6,799,2,7,5,1,5
2017010059275,2,8,0,6,0,8,0,0,0,0,3,1,1,1,63,9,1997,2,-1,7,1,7
2017010059276,1,9,0,18,0,1,0,0,0,0,1,1,1,1,29,6,-1,-1,-1,4,1,4
2017010059276,2,9,0,9,0,1,0,0,0,0,1,1,6,2,28,6,1242,1,2,7,1,7
2017010059277,1,9,0,18,0,1,0,0,0,0,1,1,1,2,56,9,1598,2,1,4,1,4
2017010059277,2,1,0,4,0,1,0,0,0,0,2,1,2,2,27,6,-1,-1,-1,10,1,10
2017010059279,1,9,0,18,0,1,0,0,0,0,1,1,2,2,40,7,1461,2,3,1,1,1
2017010059279,2,3,5,18,0,6,0,0,0,0,1,1,2,1,23,5,125,1,4,2,1,2
2017010059279,3,9,0,2,0,1,0,0,0,0,3,1,6,3,-1,-1,1398,1,2,-1,-1,-1
2017010059281,1,9,0,18,0,1,0,0,0,0,4,1,6,1,42,7,-1,-1,-1,9,1,9
2017010059281,2,9,0,9,0,6,0,0,0,0,1,1,6,2,34,6,2993,2,4,6,1,6
2017010059283,1,19,0,18,0,0,0,0,0,0,1,1,1,1,34,6,1499,2,1,9,1,9
2017010059284,1,9,0,1,0,2,0,0,0,0,3,1,6,1,38,7,2987,2,3,7,1,7
2017010059285,1,8,0,9,0,1,0,0,0,0,1,1,6,1,48,8,-1,-1,-1,9,1,9
2017010059285,2,3,0,16,0,2,0,0,0,0,1,1,2,1,21,5,-1,-1,-1,8,1,8
2017010059286,1,11,0,5,0,2,0,0,0,0,0,1,6,1,52,8,4500,2,1,-1,-1,-1
2017010059288,1,2,0,18,0,1,1,0,0,0,1,1,6,1,22,5,125,1,4,3,1,3
2017010059288,2,9,0,9,0,1,0,0,0,0,1,1,2,1,47,8,3248,1,16,7,1,7
2017010059290,1,9,0,4,0,0,0,0,0,0,2,1,6,2,69,10,1995,1,11,5,1,5
2017010059290,2,9,0,4,0,0,0,0,0,0,2,1,6,2,32,6,1997,2,5,10,1,10
2017010059290,3,9,0,18,0,0,0,0,0,0,1,1,6,1,24,5,1796,1,8,3,1,3
2017010059291,1,9,0,1,6,1,0,0,1,0,4,1,6,1,46,8,1398,1,-1,5,1,5
2017010059293,1,9,0,4,0,0,0,0,0,0,2,1,6,1,43,7,1598,1,13,1,1,1
2017010059293,2,9,0,18,0,0,1,0,0,0,1,1,6,1,53,8,2362,7,16,4,1,4
2017010059294,1,9,0,18,0,0,0,0,0,0,4,1,6,2,41,7,1995,2,6,6,1,6
2017010059295,1,5,0,18,0,1,5,0,0,0,1,1,2,1,44,7,670,1,5,2,1,2
2017010059297,1,11,0,18,0,1,0,0,0,0,0,1,1,1,56,9,-1,-1,-1,4,1,4
2017010059298,1,9,0,9,0,3,0,0,2,10,1,1,6,2,26,6,1248,2,10,3,1,3
2017010059300,1,9,0,9,0,1,0,0,0,0,1,1,6,2,58,9,1198,1,2,2,1,2
2017010059300,2,3,0,18,0,1,5,0,0,0,1,1,2,1,36,7,124,1,3,-1,-1,-1
2017010059301,1,3,0,18,0,1,0,0,0,0,3,1,6,1,17,4,100,1,12,2,1,2
2017010059301,2,9,0,18,0,1,0,0,0,0,4,1,6,1,42,7,1984,1,7,8,1,8
2017010059302,1,9,0,14,0,8,0,0,0,0,1,1,6,1,52,8,1998,1,17,3,1,3
2017010059302,2,3,0,18,0,8,2,0,0,0,4,1,6,1,31,6,125,1,1,1,1,1
2017010059303,1,19,0,18,0,1,0,0,0,0,1,1,1,1,23,5,2143,2,2,7,1,7
2017010059303,2,9,0,18,0,8,1,7,2,7,2,1,6,1,62,9,1587,1,12,2,1,2
2017010059307,1,21,0,18,0,1,0,0,0,0,1,1,1,1,60,9,10837,2,-1,8,1,8
2017010059307,2,9,0,10,0,1,0,0,0,0,1,1,6,2,40,7,1995,2,4,10,1,10
2017010059308,1,9,0,9,0,0,0,0,0,0,2,1,6,1,49,8,1997,1,3,9,1,9
2017010059308,2,9,0,3,0,0,0,0,0,0,1,1,6,1,40,7,1598,1,12,10,1,10
2017010059308,3,9,0,3,0,0,0,0,0,0,1,1,6,2,25,5,1242,1,3,10,1,10
2017010059310,1,9,0,9,0,6,1,0,0,0,3,1,2,2,25,5,1360,1,12,4,1,4
2017010059310,2,5,0,18,0,1,2,0,0,0,1,1,2,1,48,8,1293,1,6,10,1,10
2017010059311,1,19,0,18,0,1,0,0,0,0,4,1,1,1,35,6,2143,2,2,3,1,3
2017010059312,1,9,0,18,0,2,0,0,0,0,1,1,6,2,57,9,-1,-1,-1,-1,-1,-1
2017010059313,1,9,0,5,0,0,0,0,0,0,1,1,6,1,38,7,2204,2,13,4,1,4
2017010059313,2,9,0,5,0,0,0,0,0,0,1,1,6,1,33,6,2993,2,2,9,1,9
2017010059313,3,8,0,5,0,0,0,0,0,0,1,1,6,1,31,6,1968,2,3,2,1,2
2017010059313,4,8,0,5,0,0,0,0,0,0,3,1,6,1,44,7,1797,8,7,2,1,2
2017010059313,5,11,0,5,0,0,0,0,0,0,1,1,6,1,64,9,4500,2,1,4,1,4
2017010059313,6,8,0,5,0,0,0,0,0,0,1,1,6,1,48,8,-1,-1,-1,3,1,3
2017010059313,7,16,5,18,0,0,0,0,0,0,1,1,6,2,35,6,-1,-1,-1,2,1,2
2017010059316,1,9,0,5,0,1,0,0,0,0,1,1,6,2,39,7,998,1,1,7,1,7
2017010059316,2,1,0,18,5,1,5,0,0,0,4,1,6,1,21,5,-1,-1,-1,3,1,3
2017010059319,1,9,0,18,0,0,1,0,1,1,1,1,6,1,80,11,1596,1,15,3,1,3
2017010059321,1,9,0,1,0,2,0,0,0,0,2,1,6,1,48,8,2179,2,11,7,1,7
2017010059322,1,5,0,18,0,8,2,0,0,0,3,1,6,1,28,6,599,1,6,4,1,4
2017010059322,2,9,0,18,0,8,0,0,0,0,3,1,6,2,33,6,1242,1,7,3,1,3
2017010059322,3,9,0,18,0,8,0,0,0,0,4,1,6,3,-1,-1,-1,-1,-1,-1,-1,-1
2017010059324,1,9,0,18,0,1,0,0,0,0,1,1,6,1,93,11,1198,1,3,8,1,8
2017010059328,1,9,0,16,0,0,0,0,0,0,1,1,6,3,-1,-1,-1,-1,-1,-1,-1,-1
2017010059328,2,9,0,17,0,0,0,0,0,0,3,1,1,1,37,7,2993,2,-1,6,1,6
2017010059329,1,9,0,4,0,0,1,0,1,0,2,1,6,1,60,9,2926,2,14,4,1,4
2017010059329,2,19,0,4,0,0,0,0,1,0,1,1,1,1,25,5,1399,2,6,4,1,4
2017010059330,1,9,0,4,0,0,0,0,0,0,2,1,6,2,40,7,1598,1,12,6,1,6
2017010059330,2,9,0,5,0,0,0,0,0,0,1,1,6,1,36,7,-1,-1,-1,10,1,10
2017010059331,1,9,0,4,0,1,0,0,0,0,2,1,6,1,29,6,-1,-1,-1,7,1,7
2017010059331,2,2,0,4,0,1,0,0,0,0,1,1,1,1,30,6,108,1,2,8,1,8
2017010059331,3,9,0,18,0,1,0,0,0,0,0,1,1,1,40,7,1499,1,-1,6,1,6
2017010059333,1,9,0,9,0,8,0,0,0,0,1,1,6,2,30,6,1598,2,4,8,1,8
2017010059333,2,9,0,18,0,8,0,0,0,0,3,1,6,1,28,6,1229,1,4,6,1,6
2017010059336,1,9,0,4,0,1,0,0,0,0,2,1,1,1,30,6,1998,1,11,2,1,2
2017010059336,2,19,0,5,0,1,0,0,0,0,1,1,1,1,23,5,1461,2,2,2,1,2
2017010059337,1,8,0,18,6,0,0,0,0,0,3,1,6,1,29,6,1798,8,5,4,1,4
2017010059339,1,5,0,18,0,1,0,0,0,0,1,1,6,1,56,9,748,1,17,7,1,7
2017010059339,2,9,0,18,0,1,0,0,0,0,2,1,6,1,31,6,1498,1,10,2,1,2
2017010059340,1,9,0,7,0,5,0,0,0,0,4,1,6,2,19,4,1229,1,5,5,1,5
2017010059340,2,1,0,18,2,1,0,0,0,0,1,1,6,1,70,10,-1,-1,-1,9,1,9
2017010059341,1,9,0,9,0,8,0,0,0,0,3,1,6,2,27,6,1598,2,4,4,1,4
2017010059341,2,4,0,13,0,1,0,0,0,0,4,1,6,1,22,5,-1,-1,-1,1,1,1
2017010059343,1,4,0,4,0,2,0,0,0,0,1,1,6,1,27,6,745,1,10,4,1,4
2017010059343,2,9,0,5,0,1,0,0,0,0,1,1,6,1,25,5,1794,1,10,2,1,2
2017010059344,1,9,0,18,0,8,0,0,0,0,4,1,6,1,22,5,1198,1,10,9,1,9
2017010059344,2,1,0,5,0,6,0,0,0,0,1,1,6,2,14,3,-1,-1,-1,3,1,3
2017010059345,1,9,0,18,0,0,0,0,0,0,1,1,6,1,38,7,2401,2,14,1,1,1
2017010059345,2,9,0,12,0,0,0,0,0,0,2,1,6,2,56,9,1997,12,4,7,1,7
2017010059346,1,9,0,5,0,6,0,0,0,0,4,1,6,1,24,5,1598,1,5,5,1,5
2017010059347,1,9,0,18,0,8,0,0,0,0,1,1,6,2,25,5,1598,1,4,1,1,1
2017010059347,2,1,0,18,0,8,0,0,0,0,1,1,2,1,32,6,-1,-1,-1,-1,-1,-1
2017010059349,1,9,0,5,0,4,0,0,0,0,1,1,6,1,39,7,1968,2,6,7,1,7
2017010059349,2,9,0,18,0,3,0,0,0,0,1,1,6,1,25,5,1598,1,11,9,1,9
2017010059351,1,11,0,4,2,0,0,0,0,0,1,1,1,1,52,8,6700,2,5,7,1,7
2017010059352,1,9,0,18,0,1,0,0,0,0,2,1,6,1,51,8,1796,1,14,1,1,1
2017010059352,2,9,0,3,0,1,0,0,0,0,2,1,6,1,28,6,1229,1,11,1,1,1
2017010059352,3,9,0,18,0,1,0,0,0,0,1,1,6,1,35,6,1995,2,10,7,1,7
2017010059355,1,9,0,18,4,1,0,0,0,0,1,1,6,3,-1,-1,1796,1,7,-1,-1,-1
2017010059355,2,1,0,10,4,1,0,0,0,0,4,1,6,1,32,6,-1,-1,-1,2,1,2
2017010059358,1,9,0,18,6,8,0,0,4,1,1,1,6,2,18,4,1198,1,12,9,1,9
2017010059358,2,9,0,18,6,8,0,0,4,1,1,1,6,2,22,5,1490,1,10,7,1,7
2017010059359,1,9,0,18,0,0,2,0,6,0,3,1,6,1,33,6,2993,2,5,10,1,10
2017010059359,2,19,0,18,0,0,0,0,0,0,3,1,1,1,41,7,-1,-1,-1,3,1,3
2017010059360,1,9,0,18,0,8,0,0,0,0,4,1,6,2,48,8,1796,1,9,9,1,9
2017010059360,2,9,0,18,0,8,0,0,0,0,1,1,6,3,-1,-1,1995,2,2,-1,-1,-1
2017010059361,1,9,0,18,0,1,0,0,0,0,1,1,1,2,40,7,2993,2,1,-1,-1,-1
2017010059361,2,9,0,18,0,8,0,0,0,0,3,1,6,1,33,6,1596,1,12,3,1,3
2017010059361,3,19,0,5,0,2,0,0,0,0,1,1,6,1,66,10,-1,-1,-1,2,1,2
2017010059365,1,9,0,4,0,1,0,0,0,0,1,1,6,1,54,8,1998,1,15,3,1,3