Accident_Index,Vehicle_Reference,Vehicle_Type,Towing_and_Articulation,Vehicle_Manoeuvre,Vehicle_Location-Restricted_Lane,Junction_Location,Skidding_and_Overturning,Hit_Object_in_Carriageway,Vehicle_Leaving_Carriageway,Hit_Object_off_Carriageway,1st_Point_of_Impact,Was_Vehicle_Left_Hand_Drive?,Journey_Purpose_of_Driver,Sex_of_Driver,Age_of_Driver,Age_Band_of_Driver,Engine_Capacity_(CC),Propulsion_Code,Age_of_Vehicle,Driver_IMD_Decile,Driver_Home_Area_Type,Vehicle_IMD_Decile
2017010059365,2,9,0,18,0,1,5,0,0,0,4,1,6,1,25,5,1499,1,2,6,1,6
2017010059367,1,3,0,5,5,2,0,7,0,0,1,1,1,1,44,7,125,1,1,1,1,1
2017010059368,1,9,0,18,0,8,0,0,0,0,1,1,6,1,70,10,1242,1,19,5,1,5
2017010059368,2,9,0,9,0,8,0,0,0,0,1,1,6,1,37,7,2979,1,1,1,1,1
2017010059369,1,9,0,6,0,0,0,0,0,0,4,1,6,1,41,7,1499,2,2,-1,-1,-1
2017010059369,2,1,0,18,0,0,0,0,0,0,1,1,6,1,62,9,-1,-1,-1,4,1,4
2017010059372,1,9,-1,-1,-1,-1,-1,-1,-1,-1,-1,-1,6,3,-1,-1,-1,-1,-1,-1,-1,-1
2017010059373,1,9,0,5,0,1,0,0,0,0,4,1,6,1,43,7,1896,2,12,6,1,6
2017010059373,2,11,0,5,0,1,0,0,0,0,0,1,1,1,59,9,9360,2,8,3,1,3
2017010059373,3,3,0,13,0,1,1,0,0,0,1,1,6,1,17,4,125,1,2,5,1,5
2017010059377,1,19,0,18,0,4,0,0,0,0,1,2,1,1,30,6,1995,2,7,4,1,4
2017010059377,2,9,0,7,0,4,0,0,0,0,3,1,6,2,27,6,1596,1,9,2,1,2
2017010059379,1,9,0,18,0,0,0,4,0,0,1,1,6,1,22,5,1598,1,11,2,1,2
2017010059379,2,9,0,2,0,0,0,0,0,0,2,1,6,3,-1,-1,1796,1,14,-1,-1,-1
2017010059380,1,9,0,9,0,8,0,0,0,0,4,1,6,2,34,6,1794,1,11,3,1,3
2017010059380,2,5,0,18,0,1,0,0,0,0,1,1,6,1,28,6,675,1,-1,4,2,4
2017010059380,3,9,0,18,9,1,0,1,1,1,1,1,6,1,30,6,1360,1,16,3,1,3
2017010059383,1,9,0,18,0,1,0,0,0,0,1,1,6,2,68,10,1686,2,13,4,1,4
2017010059385,1,9,0,7,0,3,5,0,0,0,4,1,1,1,64,9,998,1,-1,4,1,4
2017010059386,1,9,0,5,0,7,0,0,0,0,2,1,6,1,45,7,1390,1,6,3,1,3
2017010059386,2,9,0,3,0,7,0,0,0,0,1,1,6,1,35,6,1397,1,9,5,1,5
2017010059387,1,9,0,5,9,6,0,0,1,0,0,1,6,2,27,6,-1,-1,-1,-1,-1,-1
2017010059388,1,90,0,5,0,2,0,0,0,0,1,1,1,1,27,6,-1,-1,-1,2,1,2
2017010059389,1,9,0,3,0,1,0,0,0,0,2,1,2,1,56,9,1461,2,1,8,1,8
2017010059389,2,9,0,3,0,8,0,4,0,0,2,1,2,1,36,7,1896,2,14,2,1,2
2017010059389,3,9,0,18,0,1,0,4,0,0,1,1,6,3,-1,-1,1900,2,12,-1,-1,-1
2017010059390,1,9,0,9,0,1,0,0,0,0,0,1,6,1,34,6,1797,8,6,3,1,3
2017010059390,2,1,0,18,0,1,0,0,0,0,0,1,6,1,30,6,-1,-1,-1,2,1,2
2017010059392,1,11,0,18,0,2,0,0,0,0,4,1,1,1,40,7,9360,2,6,10,1,10
2017010059393,1,9,0,9,0,5,0,0,0,0,3,1,6,1,42,7,1390,1,16,2,1,2
2017010059393,2,3,0,13,0,1,0,0,0,0,3,1,1,1,21,5,108,1,4,2,1,2
2017010059394,1,9,0,18,0,8,0,0,0,0,1,1,6,1,33,6,-1,-1,-1,9,1,9
2017010059395,1,9,0,4,0,0,0,0,0,0,3,1,6,1,45,7,-1,-1,-1,4,1,4
2017010059397,1,3,0,3,0,2,0,0,0,0,4,1,1,1,28,6,124,1,5,4,1,4
2017010059397,2,9,0,6,0,2,0,0,1,10,3,1,6,1,42,7,3724,1,14,4,1,4
2017010059400,1,9,0,18,0,2,0,10,1,2,1,1,6,2,68,10,1998,1,16,9,1,9
2017010059401,1,11,0,4,0,1,0,0,0,0,0,1,6,1,51,8,6700,2,7,3,1,3
2017010059401,2,9,0,11,0,1,0,0,0,0,0,1,6,3,-1,-1,1997,1,13,-1,-1,-1
2017010059402,1,9,0,18,0,1,0,0,0,0,1,1,6,1,50,8,2435,1,14,-1,-1,-1
2017010059402,2,8,0,18,0,1,0,0,0,0,2,1,1,1,45,7,1997,2,3,-1,-1,-1
2017010059402,3,9,0,18,0,1,0,0,0,0,2,1,6,1,20,4,1362,1,4,-1,-1,-1
2017010059404,1,9,0,18,0,8,0,0,0,0,3,1,6,1,36,7,2143,2,6,3,1,3
2017010059404,2,9,0,18,0,8,0,0,0,0,4,1,6,1,55,8,2362,1,13,3,1,3
2017010059405,1,3,0,17,0,1,0,0,0,0,0,1,6,1,35,6,-1,-1,-1,3,1,3
2017010059408,1,9,0,5,0,1,0,0,0,0,1,1,6,2,23,5,1596,1,13,8,1,8
2017010059411,1,9,0,3,0,1,0,0,0,0,1,1,6,3,-1,-1,1596,1,15,-1,-1,-1
2017010059414,1,9,0,3,0,1,0,0,0,0,1,1,6,1,34,6,1364,2,8,2,1,2
2017010059414,2,9,0,1,0,1,0,0,0,0,1,1,6,1,37,7,1995,2,1,10,2,10
2017010059415,1,9,0,18,0,1,0,0,0,0,1,1,6,2,26,6,1587,1,12,2,1,2
2017010059415,2,9,0,18,0,8,0,0,0,0,3,1,6,2,36,7,1598,1,11,3,1,3
2017010059416,1,9,0,9,0,8,0,0,0,0,1,1,6,2,18,4,999,1,2,6,1,6
2017010059416,2,3,0,18,0,8,0,0,0,0,3,1,1,1,20,4,125,1,1,3,1,3
2017010059417,1,9,0,18,0,8,0,0,0,0,1,1,1,1,44,7,5998,1,5,6,1,6
2017010059417,2,9,0,4,0,8,0,0,0,0,2,1,1,1,38,7,1798,8,4,5,1,5
2017010059417,3,9,0,4,0,8,0,0,0,0,2,1,6,2,26,6,1968,2,12,2,1,2
2017010059417,4,90,0,9,0,8,0,0,0,0,0,2,1,1,35,6,-1,-1,-1,3,1,3
2017010059418,1,9,0,18,0,2,0,0,0,0,0,1,6,1,45,7,1998,2,10,5,1,5
2017010059419,1,4,0,18,0,0,5,8,0,0,1,1,6,1,20,4,125,1,3,2,1,2
2017010059419,2,9,0,4,0,0,0,0,0,0,3,1,6,1,46,8,1400,2,12,1,1,1
2017010059420,1,5,0,18,0,1,5,0,0,0,1,1,6,1,31,6,599,1,16,3,1,3
2017010059420,2,9,0,4,0,1,0,0,0,0,2,1,6,1,54,8,1998,1,13,3,1,3
2017010059421,1,9,0,4,0,0,0,0,0,0,2,1,6,1,31,6,1968,2,2,1,1,1
2017010059421,2,2,0,18,0,0,0,0,0,0,1,1,1,1,20,4,108,1,1,2,1,2
2017010059425,1,8,0,18,0,2,0,0,0,0,4,1,1,1,31,6,2143,2,-1,3,1,3
2017010059425,2,9,0,7,0,2,0,0,0,0,1,1,6,3,-1,-1,2987,2,5,-1,-1,-1
2017010059427,1,9,0,18,0,8,0,0,0,0,1,1,6,2,37,7,1242,1,6,7,1,7
2017010059427,2,9,0,6,0,8,0,0,0,0,1,1,6,1,22,5,2967,2,5,5,1,5
2017010059429,1,9,0,12,0,0,0,0,0,0,3,1,1,1,48,8,2143,2,-1,-1,-1,-1
2017010059429,2,19,0,11,0,0,1,0,1,7,4,1,1,1,32,6,1968,2,2,1,1,1
2017010059430,1,9,0,9,0,8,0,0,0,0,1,1,6,1,28,6,1769,1,11,10,1,10
2017010059430,2,3,0,13,0,8,0,0,0,0,1,1,6,1,39,7,125,1,3,1,1,1
2017010059431,1,9,0,18,0,1,0,0,0,0,1,1,1,1,60,9,1995,2,1,2,1,2
2017010059431,2,3,0,18,0,1,0,0,0,0,4,1,6,1,-1,-1,124,1,10,2,1,2
2017010059434,1,9,0,17,0,4,0,7,0,0,1,1,2,1,25,5,2979,1,4,8,1,8
2017010059435,1,9,0,18,0,1,2,4,0,0,1,1,6,1,28,6,2996,1,7,5,1,5
2017010059435,2,9,0,2,0,1,0,0,0,0,3,1,6,3,-1,-1,1598,1,8,-1,-1,-1
2017010059436,1,9,0,18,0,1,0,0,0,0,1,1,6,1,36,7,1493,2,15,5,1,5
2017010059439,1,9,0,18,0,1,2,7,0,0,4,1,6,1,31,6,1240,1,9,5,1,5
2017010059443,1,3,0,18,0,0,0,0,0,0,1,1,6,1,31,6,125,1,-1,-1,-1,-1
2017010059443,2,9,0,18,0,0,0,0,0,0,1,1,6,2,-1,-1,1229,1,6,-1,-1,-1
2017010059445,1,9,-1,4,0,1,1,0,0,0,-1,-1,6,1,26,6,1242,1,13,6,1,6
2017010059445,2,9,-1,18,0,1,1,0,0,0,-1,-1,6,1,-1,-1,-1,-1,-1,-1,-1,-1
2017010059448,1,2,0,18,0,1,2,0,0,0,0,1,2,2,39,7,49,1,2,3,1,3
2017010059449,1,9,0,18,0,0,0,4,2,10,4,1,6,2,23,5,1796,1,9,2,1,2
2017010059449,2,9,0,2,0,0,0,0,0,0,3,1,6,3,-1,-1,1461,2,2,-1,-1,-1
2017010059450,1,1,-1,18,-1,-1,-1,-1,-1,-1,-1,1,2,1,24,5,-1,-1,-1,10,1,10
2017010059450,2,19,-1,-1,-1,-1,-1,-1,-1,-1,-1,-1,6,3,-1,-1,-1,-1,-1,-1,-1,-1
2017010059452,1,9,0,18,0,1,0,0,0,0,3,1,6,1,52,8,1198,1,1,7,1,7
2017010059453,1,9,0,-1,0,0,0,0,0,0,2,-1,6,1,40,7,1798,8,2,6,1,6
2017010059453,2,9,0,-1,0,0,0,0,0,0,1,-1,6,1,-1,-1,1998,1,-1,3,1,3
2017010059466,1,1,0,18,2,1,0,0,0,0,2,1,2,1,40,7,-1,-1,-1,-1,-1,-1
2017010059466,2,9,0,9,0,8,0,0,0,0,3,1,6,1,52,8,1956,2,4,3,1,3
2017010059468,1,9,0,3,0,1,0,0,0,0,2,1,6,1,27,6,1229,1,10,4,1,4
2017010059468,2,9,0,5,0,1,0,0,0,0,1,1,6,2,42,7,1461,2,3,3,1,3
2017010059468,3,9,0,3,0,4,0,0,0,0,2,1,6,2,33,6,1229,1,4,10,1,10
2017010059471,1,19,0,15,0,5,0,0,0,0,3,1,1,1,53,8,2298,2,5,8,2,8
2017010059471,2,5,0,18,0,5,0,0,0,0,1,1,2,1,42,7,659,1,13,3,1,3
2017010059473,1,9,0,-1,-1,-1,0,-1,-1,-1,-1,-1,6,1,31,6,1229,1,3,3,1,3
2017010059473,2,9,0,-1,-1,-1,0,-1,-1,-1,-1,-1,6,3,-1,-1,1198,1,7,-1,-1,-1
2017010059477,1,9,0,4,0,0,1,0,0,0,2,-1,6,2,40,7,1598,2,1,10,1,10
2017010059477,2,9,-1,18,0,0,0,0,0,0,1,-1,6,3,-1,-1,1997,2,-1,-1,-1,-1
2017010059480,1,9,-1,-1,-1,-1,-1,-1,-1,0,-1,-1,6,3,-1,-1,-1,-1,-1,-1,-1,-1
2017010059482,1,9,0,-1,-1,-1,0,-1,-1,0,-1,-1,6,1,45,7,1995,2,1,2,1,2
2017010059485,1,1,0,18,0,1,0,0,0,0,2,1,6,1,29,6,-1,-1,-1,1,1,1
2017010059485,2,9,0,18,0,1,0,0,0,0,0,1,6,2,43,7,-1,-1,-1,1,1,1
2017010059486,1,11,0,9,0,0,0,0,0,0,0,1,1,1,31,6,4760,2,6,2,1,2
2017010059490,1,9,0,18,0,1,0,0,0,0,1,1,2,2,52,8,1870,2,7,9,1,9
2017010059490,2,9,0,9,0,6,0,0,0,0,3,1,1,2,44,7,1368,1,4,10,1,10
2017010059491,1,9,0,18,0,1,0,0,0,0,3,1,6,1,72,10,1997,2,13,8,1,8
2017010059491,2,9,0,18,0,1,0,0,0,0,1,1,1,1,55,8,1968,2,1,6,1,6
2017010059491,3,9,0,6,8,1,0,0,0,0,2,1,6,1,69,10,1968,2,11,4,1,4
2017010059493,1,9,0,10,0,1,0,0,0,0,1,1,6,3,-1,-1,-1,-1,-1,-1,-1,-1
2017010059494,1,9,0,4,0,1,0,7,0,0,1,1,6,1,24,5,1984,1,6,4,1,4
2017010059494,2,9,0,3,0,1,0,0,0,0,0,1,2,1,44,7,-1,-1,-1,5,1,5
2017010059495,1,3,-1,-1,-1,-1,-1,-1,-1,-1,-1,1,6,1,31,6,108,1,-1,2,1,2
2017010059496,1,9,0,18,0,8,0,0,0,0,4,-1,6,2,41,7,998,1,2,2,1,2
2017010059497,1,9,0,3,0,1,0,0,0,0,2,1,6,1,38,7,1364,1,9,-1,-1,-1
2017010059497,2,9,0,18,0,1,0,0,0,0,1,-1,6,3,-1,-1,2993,2,3,-1,-1,-1
2017010059499,1,1,0,15,0,0,-1,0,0,0,1,1,1,1,52,8,-1,-1,-1,2,1,2
2017010059499,2,9,0,3,0,0,0,0,0,0,4,-1,6,1,42,7,2143,2,2,2,1,2
2017010059506,1,9,0,3,0,0,0,0,1,0,3,2,6,2,40,7,1968,2,3,4,1,4
2017010059506,2,21,1,15,0,0,0,0,0,0,1,1,1,1,50,8,12419,2,4,5,2,5
2017010059508,1,9,0,18,4,1,0,0,0,0,4,1,6,3,-1,-1,-1,-1,-1,-1,-1,-1
2017010059508,2,1,0,3,0,1,0,4,0,0,1,1,2,1,36,7,-1,-1,-1,8,1,8
2017010059509,1,9,0,18,0,1,0,0,0,0,1,-1,6,1,62,9,1560,2,8,5,1,5
2017010059509,2,9,0,18,0,1,0,0,0,0,1,-1,6,1,49,8,1896,2,7,5,1,5
2017010059510,1,90,0,18,0,1,0,0,0,0,1,1,1,1,63,9,6370,2,5,5,1,5
2017010059510,2,9,0,10,0,6,0,0,0,0,1,1,1,2,50,8,1197,1,1,2,1,2
2017010059511,1,3,0,18,0,1,0,0,0,0,1,1,6,1,18,4,125,1,8,1,1,1
2017010059511,2,9,0,10,0,5,0,0,0,0,2,1,6,1,58,9,2438,1,17,3,1,3
2017010059513,1,5,0,12,0,2,0,0,0,0,3,1,2,2,37,7,689,1,-1,6,1,6
2017010059513,2,9,0,4,0,2,0,0,0,0,1,1,6,3,-1,-1,-1,-1,-1,-1,-1,-1
2017010059516,1,9,-1,-1,-1,-1,-1,-1,-1,-1,-1,-1,6,2,53,8,1497,8,1,5,1,5
2017010059516,2,9,-1,-1,-1,-1,-1,-1,-1,-1,-1,-1,6,3,-1,-1,1791,8,5,-1,-1,-1
2017010059518,1,11,0,4,2,2,0,0,0,0,0,1,1,1,56,9,4500,2,2,5,1,5
2017010059519,1,9,0,18,0,0,0,0,0,0,0,1,1,1,-1,-1,-1,-1,-1,10,1,10
2017010059519,2,3,0,18,0,0,0,0,0,0,1,1,6,1,38,7,900,1,17,4,1,4
2017010059519,3,9,0,18,0,0,0,0,0,0,2,1,6,1,37,7,1685,2,-1,6,1,6
2017010059519,4,19,0,18,-1,0,0,0,0,0,1,1,6,1,-1,-1,2300,2,14,5,3,5
2017010059520,1,5,0,-1,-1,0,-1,-1,-1,-1,-1,1,6,1,37,7,645,1,15,8,1,8
2017010059520,2,9,0,-1,-1,0,0,-1,-1,-1,-1,-1,6,1,24,5,999,1,-1,10,1,10
2017010059521,1,9,0,-1,-1,-1,0,-1,-1,-1,-1,-1,6,3,-1,-1,-1,-1,-1,-1,-1,-1
2017010059521,2,1,0,18,-1,-1,0,-1,-1,-1,-1,1,2,1,25,5,-1,-1,-1,3,1,3
2017010059522,1,9,0,18,0,2,0,0,0,0,3,1,6,1,32,6,1995,2,7,9,1,9
2017010059522,2,19,0,7,0,8,0,0,0,0,2,1,1,1,56,9,-1,2,11,3,1,3
2017010059525,1,5,0,18,0,1,0,0,0,0,1,1,2,1,30,6,599,1,11,3,1,3
2017010059525,2,9,0,9,0,6,0,0,0,0,3,2,6,2,48,8,-1,-1,-1,2,1,2
2017010059526,1,19,0,18,2,0,0,0,0,0,0,1,6,1,29,6,2143,2,2,9,1,9
2017010059526,2,19,0,18,2,0,0,0,0,0,1,1,6,1,61,9,4461,2,6,7,1,7
2017010059526,3,2,0,18,2,0,0,0,0,0,3,1,6,1,38,7,125,1,-1,3,1,3
2017010059527,1,9,0,1,0,1,0,0,0,0,2,1,6,2,43,7,1796,1,9,3,1,3
2017010059529,1,3,0,18,0,8,2,0,0,0,1,1,1,1,30,6,-1,-1,-1,3,1,3
2017010059529,2,19,0,18,0,6,0,0,0,0,1,1,6,1,26,6,1560,2,5,2,1,2
2017010059533,1,11,0,5,0,1,0,10,0,0,1,1,1,1,38,7,4461,2,4,8,1,8
2017010059533,2,19,0,10,0,1,0,0,0,0,4,1,1,1,30,6,1560,2,-1,2,1,2
2017010059536,1,9,0,4,0,2,0,0,0,0,2,1,2,1,25,5,1198,1,7,1,1,1
2017010059536,2,9,0,18,0,2,0,0,0,0,1,1,1,1,41,7,1968,2,3,8,1,8
2017010059537,1,9,0,18,0,1,0,0,4,0,2,1,6,1,44,7,-1,-1,-1,4,1,4
2017010059538,1,2,0,18,0,-1,0,0,0,0,-1,1,6,1,47,8,124,1,-1,3,1,3
2017010059538,2,19,0,18,0,-1,0,0,0,0,-1,-1,6,1,-1,-1,-1,-1,-1,-1,-1,-1
2017010059540,1,20,4,18,0,8,0,0,0,0,4,1,1,1,49,8,9200,2,9,4,1,4
2017010059540,2,1,0,7,0,6,0,0,0,0,1,1,1,1,37,7,-1,-1,-1,1,1,1
2017010059548,1,9,0,9,0,5,0,0,0,0,3,1,6,2,63,9,1242,1,7,5,3,5
2017010059548,2,3,0,4,0,1,0,0,0,0,1,1,6,2,80,11,108,1,1,2,1,2
2017010059551,1,9,0,9,0,8,0,0,0,0,1,1,6,2,36,7,1797,8,7,-1,-1,-1
2017010059551,2,9,0,18,0,8,0,0,0,0,1,1,6,2,-1,-1,1560,2,5,-1,-1,-1
2017010059554,1,19,0,18,0,0,0,0,0,0,1,1,6,3,-1,-1,-1,-1,-1,-1,-1,-1
2017010059560,1,1,-1,-1,-1,-1,-1,-1,-1,-1,-1,1,6,2,47,8,-1,-1,-1,1,1,1
2017010059560,2,20,-1,-1,-1,-1,-1,-1,-1,-1,-1,-1,6,1,-1,-1,2198,2,1,4,1,4
2017010059562,1,9,0,18,0,0,0,4,1,10,1,1,6,2,55,8,1997,1,7,2,1,2
2017010059562,2,9,0,2,0,0,0,4,0,0,1,1,6,3,-1,-1,1753,2,9,-1,-1,-1
2017010059562,3,9,0,2,0,0,0,4,0,0,1,1,6,3,-1,-1,1242,1,12,-1,-1,-1
2017010059562,4,9,0,2,0,0,0,0,0,0,0,1,6,3,-1,-1,998,1,8,-1,-1,-1
2017010059570,1,1,0,18,4,0,0,0,0,0,1,1,2,2,33,6,-1,-1,-1,-1,-1,-1
2017010059570,2,9,0,11,4,0,0,0,0,0,1,-1,6,1,-1,-1,1781,1,17,-1,-1,-1
2017010059571,1,9,0,3,0,8,0,0,0,0,2,1,6,1,32,6,1198,1,9,4,1,4
2017010059571,2,9,0,18,0,8,0,0,0,0,1,1,6,3,-1,-1,-1,-1,-1,-1,-1,-1
2017010059571,3,9,0,3,0,8,0,0,0,0,1,1,6,3,-1,-1,1587,1,11,-1,-1,-1
2017010059578,1,9,0,3,0,0,0,0,0,0,1,-1,6,1,30,6,1598,1,11,2,1,2
2017010059578,2,9,0,1,0,0,0,0,0,0,2,-1,6,2,-1,-1,1596,1,11,1,1,1
2017010059579,1,5,-1,9,-1,-1,-1,-1,-1,-1,-1,1,6,1,57,9,1050,1,3,6,1,6
2017010059579,2,9,-1,6,-1,-1,-1,-1,-1,-1,-1,-1,6,1,36,7,1598,1,3,-1,-1,-1
2017010059583,1,11,0,5,2,1,0,0,0,0,0,1,1,1,67,10,6700,2,7,5,1,5
2017010059585,1,9,0,3,0,0,0,0,0,0,2,1,6,2,31,6,1995,2,6,-1,-1,-1
2017010059585,2,9,0,3,0,0,0,0,0,0,1,1,6,1,-1,-1,1995,2,6,-1,-1,-1
2017010059585,3,9,0,18,0,0,0,0,0,0,1,1,6,3,-1,-1,-1,-1,-1,-1,-1,-1
2017010059586,1,21,0,18,0,1,0,0,0,0,1,1,1,1,44,7,6871,2,4,3,1,3
2017010059590,1,9,0,18,0,1,0,11,0,0,1,1,6,2,17,4,1398,1,2,9,1,9
2017010059592,1,4,0,3,0,1,5,10,0,0,3,1,6,1,24,5,600,1,17,7,1,7
2017010059592,2,9,0,18,0,1,0,0,0,0,4,1,6,3,-1,-1,-1,-1,-1,-1,-1,-1
2017010059593,1,4,0,3,0,1,0,0,0,0,1,1,6,1,29,6,125,1,11,2,1,2
2017010059593,2,19,0,1,0,1,0,0,0,0,2,1,1,1,53,8,2143,2,7,2,1,2
2017010059595,1,11,0,4,0,8,0,0,0,0,2,1,1,1,53,8,9000,2,10,5,1,5
2017010059595,2,9,0,5,0,8,0,0,0,0,1,1,6,2,46,8,1796,1,9,3,1,3
2017010059596,1,9,0,2,6,2,0,0,0,0,4,1,6,3,-1,-1,1497,8,2,-1,-1,-1
2017010059596,2,19,0,18,0,6,0,0,0,0,1,1,6,3,-1,-1,1997,2,1,-1,-1,-1
2017010059597,1,5,0,18,0,1,0,0,0,0,1,1,2,1,28,6,599,1,11,4,1,4
2017010059598,1,1,0,14,0,8,0,0,0,0,3,1,6,1,56,9,-1,-1,-1,9,1,9
2017010059599,1,11,0,14,0,2,0,0,0,0,1,1,1,1,42,7,5132,2,-1,2,1,2
2017010059600,1,9,0,18,0,2,0,0,3,0,1,1,6,1,32,6,1896,2,14,3,1,3
2017010059600,2,9,0,18,0,5,0,0,0,0,4,1,6,1,32,6,2198,1,11,5,1,5
2017010059601,1,9,0,5,0,1,0,0,0,0,1,1,6,2,24,5,-1,-1,-1,2,1,2
2017010059601,2,1,0,18,0,5,0,0,0,0,2,1,1,1,48,8,-1,-1,-1,2,1,2
2017010059603,1,11,0,4,0,1,0,0,0,0,0,1,1,1,33,6,9000,2,7,-1,-1,-1
2017010059604,1,11,0,5,6,0,0,0,0,0,0,1,1,1,58,9,4500,2,6,8,1,8
2017010059605,1,4,0,18,0,1,0,0,0,0,1,1,2,1,18,4,798,1,5,1,1,1
2017010059605,2,9,0,5,0,2,0,0,0,0,1,1,6,3,-1,-1,1364,1,9,-1,-1,-1
2017010059606,1,9,0,3,0,2,0,0,0,0,2,1,6,2,31,6,1686,2,2,4,1,4
2017010059606,2,3,0,18,0,2,0,0,0,0,2,1,6,1,37,7,124,1,9,9,1,9
2017010059607,1,9,0,18,0,2,0,10,7,10,1,1,6,2,60,9,1896,2,14,10,1,10
2017010059608,1,9,0,3,0,1,0,0,0,0,2,1,6,1,24,5,1596,1,10,1,1,1
2017010059608,2,9,0,11,0,1,1,0,1,10,1,1,6,1,26,6,1995,2,2,1,1,1
2017010059609,1,9,0,15,0,1,0,0,0,0,3,1,6,3,-1,-1,1998,1,12,-1,-1,-1
2017010059610,1,9,0,4,0,1,0,0,0,0,0,1,2,2,39,7,1499,1,1,9,1,9
2017010059610,2,9,0,18,0,1,0,0,0,0,2,1,2,1,23,5,1590,1,12,6,1,6
2017010059611,1,4,0,17,0,2,1,0,0,0,0,1,6,1,57,9,249,1,11,5,1,5
2017010059611,2,9,0,17,0,2,0,0,0,0,0,1,6,1,45,7,1796,1,15,4,1,4
2017010059612,1,11,0,16,0,8,0,0,0,0,3,1,1,1,45,7,-1,-1,-1,2,1,2
2017010059612,2,19,0,7,0,8,0,0,0,0,1,1,6,3,-1,-1,-1,-1,-1,-1,-1,-1
2017010059613,1,9,0,18,0,1,0,0,0,0,1,1,2,1,42,7,1796,1,10,4,1,4
2017010059613,2,9,0,9,0,6,0,0,0,0,3,1,6,1,23,5,1390,1,13,2,1,2
2017010059614,1,8,0,18,0,2,0,0,0,0,3,1,1,1,41,7,2402,2,12,7,1,7
2017010059617,1,9,0,5,0,8,0,0,0,0,1,1,6,2,54,8,1595,2,7,9,1,9
2017010059618,1,8,0,4,0,0,0,0,0,0,2,1,1,1,54,8,1968,2,2,-1,1,-1
2017010059618,2,1,0,18,0,0,0,0,0,0,1,1,2,1,24,5,-1,-1,-1,4,1,4
2017010059621,1,11,0,18,0,1,0,0,0,0,3,1,1,1,50,8,-1,-1,-1,3,1,3
2017010059621,2,9,0,3,0,1,0,0,0,0,2,1,6,2,22,5,1229,1,5,1,1,1
2017010059622,1,9,0,4,0,1,0,0,0,0,1,1,6,1,83,11,998,1,11,10,1,10
2017010059622,2,1,0,4,0,1,0,0,0,0,1,1,6,1,46,8,-1,-1,-1,8,1,8
2017010059623,1,9,0,18,0,1,1,0,0,0,1,1,6,2,18,4,1598,1,4,2,1,2
2017010059623,2,8,0,18,0,6,1,0,0,0,4,1,6,1,31,6,1798,8,3,2,1,2
2017010059625,1,9,0,2,2,0,0,0,0,0,3,1,6,3,-1,-1,1499,1,-1,-1,-1,-1
2017010059625,2,9,0,18,0,0,0,0,0,0,4,1,6,1,30,6,1995,2,5,3,1,3
2017010059627,1,9,0,18,0,1,0,0,0,0,1,1,6,3,-1,-1,-1,-1,-1,-1,-1,-1
2017010059627,2,1,0,10,0,1,0,0,0,0,3,1,6,2,25,5,-1,-1,-1,1,1,1
2017010059628,1,4,0,18,0,8,5,0,0,0,3,1,6,1,34,6,530,1,2,5,1,5
2017010059628,2,9,0,9,0,6,0,0,0,0,4,1,6,1,25,5,1364,1,10,3,1,3
2017010059629,1,3,0,18,0,0,0,0,0,0,1,1,6,1,20,4,124,1,10,3,1,3
2017010059629,2,1,0,18,9,0,0,0,0,0,2,1,6,1,33,6,-1,-1,-1,6,1,6
2017010059631,1,9,0,5,0,0,0,0,0,0,4,1,1,1,68,10,1796,1,4,4,1,4
2017010059642,1,1,0,18,0,1,0,0,0,0,1,1,6,1,28,6,-1,-1,-1,8,1,8
2017010059642,2,9,-1,18,0,1,0,0,0,0,1,-1,6,1,-1,-1,1598,2,1,9,1,9
2017010059651,1,90,-1,18,0,1,0,0,0,0,1,-1,6,1,-1,-1,-1,-1,-1,1,3,1
2017010059655,1,1,0,18,0,-1,0,-1,-1,-1,-1,1,6,2,32,6,-1,-1,-1,4,1,4
2017010059655,2,10,0,3,0,-1,0,-1,-1,-1,-1,-1,6,1,-1,-1,2400,2,13,5,1,5
2017010059657,1,9,0,13,0,1,1,0,0,0,1,2,1,1,33,6,1329,1,8,3,1,3
2017010059657,2,9,0,10,0,2,0,0,0,0,3,1,1,1,62,9,1395,1,1,3,1,3
2017010059658,1,1,0,18,0,0,0,0,0,0,1,1,6,1,36,7,-1,-1,-1,8,1,8
2017010059658,2,11,0,-1,0,0,0,-1,0,0,-1,1,6,3,-1,-1,6700,2,7,-1,-1,-1
2017010059660,1,3,0,13,0,8,0,0,0,0,4,1,1,1,28,6,125,1,1,8,1,8
2017010059660,2,8,0,9,0,8,0,0,0,0,4,1,1,1,55,8,1997,2,5,2,1,2
2017010059663,1,9,-1,7,0,6,-1,0,0,0,-1,-1,6,3,-1,-1,1560,2,7,-1,-1,-1
2017010059663,2,1,-1,18,0,1,0,0,0,0,1,1,6,1,38,7,-1,-1,-1,10,1,10
2017010059682,1,9,0,15,2,8,0,0,0,0,2,1,2,1,48,8,1598,1,4,4,1,4
2017010059682,2,1,0,18,2,8,0,0,0,0,1,1,2,1,33,6,-1,-1,-1,4,1,4
2017010059688,1,9,0,18,0,0,0,0,0,0,2,-1,6,1,48,8,1797,8,6,5,1,5
2017010059688,2,9,0,18,0,0,0,0,0,0,1,-1,6,3,-1,-1,2295,1,18,-1,-1,-1
2017010059692,1,9,0,18,0,2,0,0,0,0,1,1,6,1,28,6,1900,2,12,9,1,9
2017010059693,1,3,-1,-1,0,0,-1,-1,-1,-1,-1,1,6,2,41,7,114,1,3,2,1,2