Accident_Index,Vehicle_Reference,Vehicle_Type,Towing_and_Articulation,Vehicle_Manoeuvre,Vehicle_Location-Restricted_Lane,Junction_Location,Skidding_and_Overturning,Hit_Object_in_Carriageway,Vehicle_Leaving_Carriageway,Hit_Object_off_Carriageway,1st_Point_of_Impact,Was_Vehicle_Left_Hand_Drive?,Journey_Purpose_of_Driver,Sex_of_Driver,Age_of_Driver,Age_Band_of_Driver,Engine_Capacity_(CC),Propulsion_Code,Age_of_Vehicle,Driver_IMD_Decile,Driver_Home_Area_Type,Vehicle_IMD_Decile
2017010059693,2,20,-1,-1,-1,0,-1,-1,-1,-1,-1,-1,6,3,-1,-1,6692,2,9,-1,-1,-1
2017010059700,1,9,0,18,0,8,0,0,0,0,0,1,6,1,49,8,1798,8,1,5,1,5
2017010059700,2,9,0,9,0,8,0,0,0,0,0,-1,6,3,-1,-1,1998,1,16,-1,-1,-1
2017010059718,1,9,0,18,0,1,0,4,0,0,3,1,1,1,24,5,1229,1,10,-1,-1,-1
2017010059718,2,9,0,2,0,1,0,4,0,0,2,1,6,3,-1,-1,-1,-1,-1,-1,-1,-1
2017010059718,3,9,0,2,0,1,0,4,0,0,2,1,6,3,-1,-1,1560,2,5,-1,-1,-1
2017010059723,1,1,0,18,0,4,0,0,0,0,4,1,6,1,60,9,-1,-1,-1,9,1,9
2017010059723,2,9,-1,18,-1,-1,-1,-1,-1,-1,-1,-1,6,2,-1,-1,1339,1,6,5,1,5
2017010059726,1,9,0,4,0,1,0,0,0,0,2,1,2,2,32,6,999,1,-1,-1,-1,-1
2017010059726,2,9,0,18,0,1,0,0,0,0,1,1,6,3,-1,-1,-1,-1,-1,-1,-1,-1
2017010059738,1,1,-1,18,-1,-1,-1,-1,-1,-1,-1,1,6,1,42,7,-1,-1,-1,5,1,5
2017010059739,1,9,0,18,0,1,0,0,0,0,4,1,6,1,22,5,1968,2,4,4,1,4
2017010059739,2,9,0,9,0,1,0,0,0,0,4,1,6,1,28,6,1560,2,8,3,1,3
2017010059742,1,19,0,7,0,5,0,0,0,0,3,1,1,1,50,8,1968,2,-1,7,1,7
2017010059742,2,1,0,18,2,1,0,0,0,0,1,1,6,1,46,8,-1,-1,-1,4,1,4
2017010059743,1,11,0,4,0,0,0,0,0,0,0,1,1,1,56,9,4500,2,1,3,1,3
2017010059744,1,1,-1,14,-1,-1,-1,-1,0,0,-1,1,6,1,37,7,-1,-1,-1,3,1,3
2017010059744,2,19,-1,-1,-1,-1,-1,-1,-1,-1,-1,-1,6,3,-1,-1,1968,2,-1,-1,-1,-1
2017010059747,1,3,0,10,0,1,0,0,0,0,2,1,6,1,46,8,125,1,7,3,1,3
2017010059747,2,9,0,18,0,1,0,0,0,0,1,1,1,2,20,4,1668,1,15,7,1,7
2017010059748,1,9,0,9,0,5,0,0,0,0,3,1,1,1,63,9,1997,2,7,5,1,5
2017010059748,2,1,0,15,4,1,5,0,0,0,1,1,6,1,20,4,-1,-1,-1,9,1,9
2017010059749,1,3,0,13,0,0,0,0,0,0,4,1,1,1,57,9,124,1,-1,3,1,3
2017010059749,2,8,0,6,0,0,0,0,0,0,4,1,1,1,50,8,1797,8,5,3,1,3
2017010059757,1,9,0,4,0,2,0,0,0,0,1,1,3,1,56,9,2360,1,11,7,1,7
2017010059758,1,9,0,18,0,8,0,0,0,0,2,1,6,1,20,4,1349,1,3,3,1,3
2017010059758,2,9,0,18,0,-1,0,0,0,0,1,1,6,1,-1,-1,1896,2,13,-1,-1,-1
2017010059770,1,3,0,14,0,1,0,0,0,0,4,1,6,1,26,6,125,1,1,3,1,3
2017010059783,1,9,0,2,0,0,0,0,0,0,2,1,6,3,-1,-1,1598,1,16,-1,-1,-1
2017010059783,2,1,0,14,0,0,0,0,0,0,1,1,6,1,21,5,-1,-1,-1,9,1,9
2017010059801,1,9,0,4,0,2,0,0,0,0,1,1,6,2,41,7,1398,1,1,2,1,2
2017010059801,2,3,0,18,0,1,1,0,0,0,1,1,6,1,16,4,-1,-1,-1,6,1,6
2017010059801,3,9,0,2,0,1,0,0,0,0,1,1,6,3,-1,-1,1796,1,13,-1,-1,-1
2017010059802,1,5,0,18,0,1,0,0,0,0,1,1,6,1,48,8,656,1,10,-1,-1,-1
2017010059804,1,3,0,18,0,8,0,0,0,0,1,1,6,1,19,4,108,1,2,1,1,1
2017010059804,2,9,0,5,0,8,0,0,0,0,1,1,6,2,51,8,2000,1,17,2,1,2
2017010059805,1,9,0,9,0,8,0,0,0,0,2,1,6,1,41,7,1590,1,15,2,1,2
2017010059805,2,1,0,18,0,8,0,0,0,0,1,1,6,1,33,6,-1,-1,-1,2,1,2
2017010059806,1,21,1,18,0,8,0,0,0,0,3,2,1,1,36,7,-1,-1,-1,-1,-1,-1
2017010059806,2,9,0,7,0,6,0,0,0,0,3,1,6,2,36,7,1400,1,10,7,1,7
2017010059807,1,2,0,18,0,2,0,0,0,0,1,1,1,1,29,6,108,1,3,4,1,4
2017010059807,2,19,0,18,0,2,0,0,0,0,2,1,6,1,63,9,1461,2,2,3,1,3
2017010059808,1,9,0,18,0,1,0,0,0,0,4,1,6,1,38,7,1560,2,3,7,1,7
2017010059808,2,3,0,18,0,1,0,0,0,0,1,1,1,1,25,5,-1,-1,-1,1,1,1
2017010059809,1,9,0,18,0,8,0,10,1,2,4,1,6,1,36,7,1950,2,-1,4,1,4
2017010059809,2,9,0,10,0,6,0,0,0,0,1,1,2,2,51,8,1598,1,10,5,1,5
2017010059811,1,9,0,6,0,7,0,0,0,0,1,1,2,1,33,6,-1,-1,-1,3,1,3
2017010059812,1,9,0,10,0,6,0,0,0,0,1,1,6,2,48,8,1834,1,14,5,1,5
2017010059812,2,5,0,18,0,1,0,0,0,0,1,1,1,1,50,8,649,1,2,3,1,3
2017010059813,1,9,0,18,0,2,0,0,0,0,4,1,6,1,35,6,1595,1,12,2,1,2
2017010059814,1,9,0,2,0,2,0,0,0,0,3,1,6,3,-1,-1,2143,2,-1,-1,-1,-1
2017010059814,2,9,0,18,0,3,0,0,0,0,4,1,6,2,45,7,1598,1,6,6,1,6
2017010059815,1,9,0,6,0,8,0,0,0,0,4,1,2,1,74,10,1598,2,1,3,1,3
2017010059815,2,4,0,18,0,8,0,0,0,0,1,1,6,1,34,6,125,1,1,5,1,5
2017010059816,1,9,0,4,0,0,0,0,0,0,1,1,6,1,35,6,1248,1,4,4,1,4
2017010059816,2,9,0,4,0,0,0,0,0,0,2,1,6,2,59,9,1586,1,10,5,1,5
2017010059817,1,9,0,18,0,4,1,0,0,0,1,1,2,1,26,6,1598,2,4,2,1,2
2017010059817,2,9,0,18,0,4,0,0,0,0,3,1,6,2,34,6,1596,1,12,9,1,9
2017010059818,1,19,0,18,0,0,0,0,0,0,1,1,1,1,38,7,2198,2,5,3,1,3
2017010059818,2,9,0,4,0,0,0,0,0,0,2,1,6,2,62,9,998,1,5,7,1,7
2017010059818,3,8,0,4,0,0,0,0,0,0,2,1,1,1,33,6,1598,2,3,5,1,5
2017010059820,1,9,0,18,0,8,2,4,0,0,1,1,6,2,24,5,1360,1,11,3,1,3
2017010059820,2,9,0,2,0,8,0,0,0,0,3,1,6,3,-1,-1,2497,2,20,-1,-1,-1
2017010059823,1,11,0,5,2,1,0,0,0,0,1,1,6,2,39,7,4500,2,6,6,1,6
2017010059823,2,9,0,13,0,1,0,0,0,0,3,1,6,1,26,6,1995,2,11,1,1,1
2017010059824,1,9,0,18,0,0,0,0,0,0,2,1,1,1,58,9,1240,1,11,3,1,3
2017010059824,2,9,0,18,0,0,0,0,0,0,0,1,1,1,29,6,1896,2,14,8,2,8
2017010059825,1,9,0,9,0,8,0,0,0,0,3,1,2,2,55,8,1798,8,2,8,1,8
2017010059825,2,8,0,18,0,1,0,0,0,0,1,1,2,1,36,7,1997,2,7,6,1,6
2017010059830,1,19,0,1,0,-1,0,0,0,0,2,1,1,1,29,6,2287,2,2,6,1,6
2017010059830,2,9,0,3,0,-1,0,0,0,0,1,1,6,1,49,8,1984,1,10,5,1,5
2017010059831,1,9,0,18,0,2,1,0,0,0,2,1,6,1,30,6,-1,-1,-1,2,1,2
2017010059831,2,8,0,18,0,8,0,0,0,0,1,1,6,1,38,7,1798,8,5,3,1,3
2017010059831,3,9,0,13,9,2,1,7,0,0,1,1,6,1,27,6,2967,1,13,-1,-1,-1
2017010059832,1,9,0,18,0,8,0,0,0,0,1,1,6,1,52,8,1197,1,-1,7,1,7
2017010059832,2,19,0,18,0,5,0,0,8,10,4,1,6,2,34,6,-1,-1,-1,8,1,8
2017010059833,1,19,0,9,0,5,0,0,0,0,2,1,1,1,30,6,1298,1,12,2,1,2
2017010059833,2,1,0,18,0,8,0,0,0,0,1,1,2,1,38,7,-1,-1,-1,-1,-1,-1
2017010059834,1,9,0,9,0,1,0,0,0,0,1,1,6,1,52,8,1796,1,11,4,1,4
2017010059834,2,3,0,4,0,1,0,0,0,0,2,1,6,1,45,7,125,1,10,5,1,5
2017010059836,1,8,0,11,0,2,0,0,0,0,2,1,1,1,66,10,1798,8,1,4,1,4
2017010059836,2,19,0,12,0,2,0,0,0,0,1,1,1,1,21,5,2143,2,1,10,1,10
2017010059837,1,19,0,18,0,1,0,0,1,10,1,1,2,1,47,8,1598,2,2,3,1,3
2017010059838,1,9,0,18,9,1,0,4,1,10,1,1,6,1,23,5,2143,2,4,3,1,3
2017010059838,2,9,0,2,0,1,0,0,0,0,1,1,6,3,-1,-1,1686,2,7,-1,-1,-1
2017010059839,1,4,0,7,0,8,0,0,1,0,2,1,6,2,42,7,124,1,7,1,1,1
2017010059839,2,1,0,5,0,1,0,0,1,0,4,1,2,2,30,6,-1,-1,-1,4,1,4
2017010059840,1,9,0,9,0,8,0,0,0,0,4,1,6,1,23,5,1560,2,5,4,1,4
2017010059840,2,3,0,13,0,8,0,0,0,0,1,1,6,1,22,5,124,1,6,1,1,1
2017010059842,1,5,0,18,0,8,5,0,0,0,1,1,2,1,26,6,798,1,1,-1,-1,-1
2017010059842,2,8,0,9,0,8,0,0,0,0,2,1,1,1,54,8,1798,8,1,10,1,10
2017010059845,1,8,0,7,0,4,0,0,0,0,3,1,6,1,39,7,1950,2,1,2,1,2
2017010059845,2,1,0,18,0,4,5,0,0,0,4,1,2,2,26,6,-1,-1,-1,4,1,4
2017010059847,1,9,0,4,0,0,0,0,0,0,2,1,6,2,37,7,2979,1,9,2,1,2
2017010059847,2,9,0,18,0,0,0,0,0,0,1,1,2,1,27,6,1598,1,9,6,1,6
2017010059849,1,4,0,18,0,2,2,0,0,0,4,1,6,1,48,8,124,1,12,6,1,6
2017010059850,1,11,0,7,0,6,0,0,0,0,1,1,6,1,42,7,7300,2,11,3,1,3
2017010059851,1,3,0,18,0,1,0,4,0,0,1,1,6,1,17,4,-1,-1,-1,2,1,2
2017010059853,1,9,0,18,0,8,0,10,3,2,1,1,6,1,28,6,1596,1,10,3,1,3
2017010059854,1,9,0,9,0,2,0,0,0,0,1,1,6,1,30,6,1388,1,13,4,1,4
2017010059854,2,5,0,15,0,1,0,0,0,0,4,1,6,1,44,7,1000,1,2,3,1,3
2017010059857,1,5,0,18,0,6,0,0,0,0,4,1,6,1,59,9,865,1,9,5,1,5
2017010059857,2,9,0,18,0,7,0,0,0,0,3,1,6,2,24,5,1388,1,15,9,1,9
2017010059864,1,9,0,18,0,0,1,4,0,0,2,1,6,2,25,5,1398,1,1,2,1,2
2017010059864,2,9,0,2,0,0,0,0,0,0,1,1,6,3,-1,-1,1995,1,12,-1,-1,-1
2017010059864,3,9,0,2,0,0,0,0,0,0,1,1,6,3,-1,-1,1597,1,9,-1,-1,-1
2017010059867,1,9,-1,18,-1,-1,-1,-1,-1,-1,-1,-1,6,1,39,7,1339,1,11,5,1,5
2017010059867,2,9,-1,18,-1,-1,-1,-1,-1,-1,-1,-1,6,1,-1,-1,1997,2,8,-1,-1,-1
2017010059867,3,9,-1,18,-1,-1,-1,-1,-1,10,-1,-1,6,1,-1,-1,1896,2,13,-1,-1,-1
2017010059867,4,9,-1,18,-1,-1,-1,-1,-1,-1,-1,-1,6,1,-1,-1,998,1,17,-1,-1,-1
2017010059868,1,9,0,9,0,8,0,0,0,0,4,1,1,1,43,7,-1,-1,-1,10,2,10
2017010059868,2,1,0,18,0,1,0,0,0,0,1,1,2,2,40,7,-1,-1,-1,4,1,4
2017010059872,1,9,-1,-1,-1,-1,-1,-1,-1,-1,-1,-1,6,1,-1,-1,-1,-1,-1,-1,-1,-1
2017010059874,1,9,0,3,0,-1,0,-1,-1,-1,2,-1,6,1,66,10,1596,1,10,-1,-1,-1
2017010059874,2,9,-1,-1,-1,-1,0,-1,-1,-1,-1,-1,6,1,-1,-1,1997,2,10,-1,-1,-1
2017010059874,3,9,-1,-1,0,-1,0,-1,8,-1,-1,-1,6,1,-1,-1,2143,2,3,-1,-1,-1
2017010059876,1,9,0,-1,-1,0,0,-1,-1,-1,-1,-1,6,1,51,8,1796,1,8,-1,-1,-1
2017010059876,2,9,0,-1,-1,0,0,-1,-1,-1,-1,-1,6,3,-1,-1,1395,1,-1,-1,-1,-1
2017010059877,1,9,0,-1,0,-1,0,0,0,0,4,-1,6,1,44,7,1968,2,7,4,1,4
2017010059878,1,1,0,-1,0,1,0,0,0,0,1,1,1,1,28,6,-1,-1,-1,2,1,2
2017010059878,2,9,0,-1,0,1,0,0,0,0,2,-1,6,1,-1,-1,-1,-1,-1,-1,-1,-1
2017010059879,1,19,0,7,0,5,0,0,0,0,1,1,1,1,53,8,1598,2,5,9,1,9
2017010059879,2,1,0,15,0,1,2,0,0,0,1,1,6,1,24,5,-1,-1,-1,1,1,1
2017010059881,1,1,0,18,0,1,0,0,0,0,1,1,6,1,34,6,-1,-1,-1,6,1,6
2017010059881,2,9,0,9,0,8,0,0,0,0,1,-1,6,1,-1,-1,2979,1,12,3,1,3
2017010059894,1,3,0,18,0,8,1,0,0,0,1,1,2,1,50,8,125,1,-1,7,1,7
2017010059894,2,9,0,9,0,8,0,0,0,0,3,1,2,1,50,8,1796,1,13,6,1,6
2017010059898,1,9,0,8,0,1,0,0,0,0,2,-1,6,2,46,8,1968,2,1,4,1,4
2017010059898,2,9,-1,-1,0,1,-1,0,0,0,1,-1,6,3,-1,-1,2295,1,16,-1,-1,-1
2017010059900,1,19,0,1,-1,0,0,0,0,0,2,1,6,3,-1,-1,1896,2,8,-1,-1,-1
2017010059902,1,9,0,9,0,0,0,0,0,0,1,1,2,1,55,8,1596,1,20,6,1,6
2017010059902,2,8,0,18,2,0,0,0,1,1,1,1,2,1,46,8,-1,-1,-1,1,1,1
2017010059903,1,1,-1,18,0,0,-1,0,0,0,1,1,6,1,26,6,-1,-1,-1,6,1,6
2017010059903,2,9,-1,2,0,0,-1,0,0,0,-1,-1,6,3,-1,-1,-1,-1,-1,-1,-1,-1
2017010059905,1,9,-1,-1,-1,2,-1,-1,-1,-1,2,-1,6,2,53,8,1796,1,7,6,1,6
2017010059905,2,9,-1,-1,-1,2,-1,-1,-1,-1,-1,-1,6,3,-1,-1,1598,1,12,-1,-1,-1
2017010059912,1,8,0,18,9,1,0,0,0,0,1,1,1,1,53,8,1791,8,6,2,1,2
2017010059912,2,9,0,2,9,1,0,0,0,0,0,1,6,3,-1,-1,1461,2,4,-1,-1,-1
2017010059914,1,1,0,18,4,1,0,0,0,0,4,1,2,2,24,5,-1,-1,-1,3,1,3
2017010059914,2,9,0,9,0,1,0,0,0,0,1,1,6,2,30,6,1598,1,7,6,1,6
2017010059915,1,9,-1,18,0,8,0,0,0,0,4,-1,6,2,34,6,1968,2,9,8,1,8
2017010059915,2,3,-1,-1,0,1,1,0,0,0,1,1,6,1,24,5,108,1,3,-1,-1,-1
2017010059918,1,1,0,-1,-1,-1,-1,-1,-1,-1,-1,1,6,2,41,7,-1,-1,-1,2,1,2
2017010059918,2,9,-1,-1,-1,-1,-1,-1,-1,-1,-1,-1,6,1,-1,-1,2204,2,13,3,1,3
2017010059919,1,21,1,12,0,0,0,0,0,0,1,2,1,1,56,9,-1,-1,-1,-1,-1,-1
2017010059919,2,3,0,18,0,0,5,0,0,0,2,1,6,1,46,8,108,1,2,8,2,8
2017010059926,1,1,0,14,0,0,0,-1,0,0,-1,1,6,2,48,8,-1,-1,-1,9,1,9
2017010059927,1,9,0,18,0,8,0,0,0,0,3,1,6,2,31,6,1997,1,10,9,1,9
2017010059927,2,9,0,9,0,6,0,0,0,0,1,1,6,3,-1,-1,-1,-1,-1,-1,-1,-1
2017010059929,1,9,0,18,0,0,0,0,0,0,-1,-1,6,3,-1,-1,-1,-1,-1,-1,-1,-1
2017010059931,1,9,0,9,0,1,0,0,0,0,2,1,6,1,58,9,-1,-1,-1,9,1,9
2017010059931,2,20,-1,9,0,1,0,0,0,0,1,1,1,1,-1,-1,-1,-1,-1,3,1,3
2017010059932,1,1,-1,18,0,0,-1,0,0,0,1,1,6,1,51,8,-1,-1,-1,9,1,9
2017010059932,2,9,-1,18,0,0,0,0,0,0,3,-1,6,1,-1,-1,1968,2,6,-1,-1,-1
2017010059933,1,19,0,1,0,2,0,0,0,0,2,1,1,1,38,7,1968,2,-1,2,1,2
2017010059934,1,1,0,-1,-1,-1,-1,-1,-1,-1,-1,1,6,1,56,9,-1,-1,-1,5,1,5
2017010059936,1,1,-1,3,0,1,-1,-1,-1,-1,1,1,6,1,28,6,-1,-1,-1,2,1,2
2017010059936,2,9,-1,-1,-1,1,-1,-1,-1,-1,-1,-1,6,3,-1,-1,2494,1,15,-1,-1,-1
2017010059940,1,19,0,18,0,2,0,0,0,0,1,1,1,1,35,6,2198,2,2,5,1,5
2017010059942,1,9,0,7,0,6,0,0,0,0,0,1,6,2,19,4,1598,1,5,5,1,5
2017010059942,2,1,0,18,0,1,0,0,0,0,0,1,2,1,30,6,-1,-1,-1,5,1,5
2017010059943,1,9,0,18,0,4,0,0,0,0,1,1,6,1,-1,-1,1798,8,1,-1,-1,-1
2017010059943,2,1,0,18,0,8,0,0,0,0,4,1,2,1,28,6,-1,-1,-1,4,1,4
2017010059944,1,9,0,18,0,0,0,0,0,0,2,1,1,1,54,8,1956,2,1,2,1,2
2017010059946,1,9,0,9,0,8,0,0,0,0,4,1,6,1,36,7,1596,1,9,3,1,3
2017010059946,2,1,0,18,0,8,0,0,0,0,1,1,6,1,30,6,-1,-1,-1,3,1,3
2017010059948,1,1,-1,5,4,1,-1,-1,0,0,1,1,2,1,32,6,-1,-1,-1,1,1,1
2017010059948,2,9,-1,7,4,1,-1,0,0,0,-1,-1,6,1,-1,-1,1968,2,2,-1,-1,-1
2017010059949,1,1,0,-1,-1,-1,-1,-1,-1,-1,-1,1,6,2,46,8,-1,-1,-1,3,1,3
2017010059949,2,9,-1,-1,-1,-1,-1,-1,-1,-1,-1,-1,6,1,-1,-1,1398,1,11,3,1,3
2017010059954,1,9,0,3,0,4,0,0,0,0,1,1,1,1,45,7,-1,-1,-1,-1,-1,-1
2017010059956,1,3,0,18,0,1,0,0,0,0,4,1,6,1,69,10,125,1,6,2,1,2
2017010059956,2,9,0,10,0,1,0,8,0,0,4,1,6,1,39,7,1984,1,11,2,1,2
2017010059959,1,11,0,18,2,2,0,0,0,0,1,1,1,1,45,7,-1,3,1,2,1,2
2017010059965,1,19,0,7,9,6,0,10,1,10,3,1,6,1,72,10,1995,2,1,-1,-1,-1
2017010059965,2,21,0,9,0,5,0,0,0,0,4,1,1,1,38,7,-1,-1,-1,-1,-1,-1
2017010059966,1,9,0,16,0,1,0,0,0,0,1,1,6,1,31,6,2497,1,9,6,1,6
2017010059966,2,9,0,9,0,6,0,0,0,0,3,1,6,2,38,7,2967,2,3,9,1,9
2017010059967,1,19,0,1,8,1,0,0,0,0,2,1,1,1,29,6,2402,2,6,4,1,4
2017010059969,1,9,0,6,0,1,0,10,7,10,1,1,6,2,34,6,1389,1,12,4,1,4
2017010059970,1,90,0,18,0,1,0,4,0,0,3,1,6,3,-1,-1,-1,-1,-1,-1,-1,-1
2017010059972,1,9,0,18,0,4,0,0,0,0,1,1,6,2,31,6,1364,1,2,2,1,2
2017010059972,2,9,0,9,0,4,0,0,0,0,0,1,6,1,59,9,2987,2,5,7,1,7
2017010059973,1,9,0,4,0,1,0,7,0,0,2,1,6,2,51,8,2993,2,3,3,1,3
2017010059973,2,20,0,18,0,1,0,0,0,0,1,1,1,1,51,8,12777,2,8,1,1,1
2017010059976,1,9,0,5,0,1,0,0,0,0,1,1,6,1,60,9,2995,1,2,3,1,3
2017010059977,1,9,0,9,0,6,0,0,0,0,1,1,2,2,58,9,1197,1,2,6,1,6
2017010059977,2,8,0,18,0,1,0,0,0,0,3,1,1,1,29,6,2143,2,-1,4,1,4
2017010059978,1,8,0,10,0,8,0,0,0,0,1,2,6,1,45,7,2402,2,14,5,2,5
2017010059978,2,3,0,18,0,8,5,0,0,0,1,1,6,1,-1,-1,124,1,5,4,1,4
2017010059983,1,1,0,18,0,4,0,0,0,0,4,1,3,1,49,8,-1,-1,-1,9,1,9
2017010059983,2,9,0,7,0,4,0,0,0,0,1,1,6,2,-1,-1,1598,1,8,-1,-1,-1
2017010059984,1,3,0,18,0,1,0,0,0,0,-1,1,6,1,27,6,124,1,6,8,1,8
2017010059984,2,9,0,18,0,1,0,0,0,0,4,-1,6,3,-1,-1,-1,-1,-1,-1,-1,-1
2017010059989,1,11,0,18,0,2,0,0,0,0,0,1,1,1,37,7,-1,-1,-1,2,1,2
2017010059999,1,9,0,18,0,0,0,0,0,0,1,1,1,1,20,4,-1,-1,-1,4,1,4
2017010059999,2,9,0,9,0,0,0,0,0,0,0,1,6,2,47,8,1997,1,5,8,1,8
2017010060002,1,11,0,5,2,2,0,0,0,0,3,1,1,1,53,8,4500,2,2,-1,-1,-1
2017010060003,1,9,0,18,0,8,0,0,0,0,1,1,6,1,18,4,-1,-1,-1,3,1,3
2017010060003,2,9,0,18,0,8,0,0,0,0,4,1,6,2,42,7,1329,1,3,2,1,2
2017010060004,1,9,0,3,0,0,0,0,0,0,2,1,3,2,35,6,1600,1,13,1,1,1
2017010060004,2,9,0,5,0,0,0,4,0,0,1,1,6,2,53,8,1968,2,5,5,1,5
2017010060006,1,9,0,18,0,6,0,0,0,0,1,1,2,1,71,10,4164,2,19,8,1,8
2017010060008,1,4,0,13,0,2,0,0,0,0,3,1,6,1,40,7,124,1,4,2,1,2
2017010060008,2,9,0,4,0,2,0,0,0,0,2,1,6,1,59,9,2993,2,6,2,1,2
2017010060008,3,11,0,3,2,2,0,0,0,0,3,1,6,1,22,5,5132,2,2,7,1,7
2017010060009,1,9,0,9,0,5,0,0,0,0,1,1,2,1,26,6,1598,1,7,7,1,7
2017010060010,1,9,0,18,0,6,0,0,0,0,1,1,6,1,47,8,1360,1,10,1,1,1
2017010060011,1,8,0,7,0,5,0,0,0,0,4,1,6,3,-1,-1,-1,-1,-1,-1,-1,-1
2017010060011,2,1,0,18,0,1,0,0,0,0,3,1,2,2,34,6,-1,-1,-1,3,1,3
2017010060012,1,1,0,18,9,1,0,0,0,0,1,1,2,1,26,6,-1,-1,-1,1,1,1
2017010060013,1,8,0,9,0,1,0,0,0,0,2,1,1,1,47,8,1797,8,7,3,1,3
2017010060013,2,1,0,18,0,4,0,0,0,0,1,1,2,2,33,6,-1,-1,-1,3,1,3
2017010060014,1,9,0,9,0,6,0,0,0,0,1,1,3,2,30,6,1596,1,13,7,1,7
2017010060014,2,9,0,18,0,1,0,0,0,0,4,1,6,1,92,11,1596,1,10,3,1,3
2017010060014,3,9,0,18,0,1,0,0,0,0,1,1,6,1,36,7,-1,-1,-1,4,1,4
2017010060015,1,9,0,7,0,3,0,0,0,0,4,1,6,2,23,5,1496,2,-1,-1,-1,-1
2017010060015,2,1,0,18,0,8,0,0,0,0,1,1,2,1,33,6,-1,-1,-1,7,1,7
2017010060016,1,9,0,9,0,1,0,0,0,0,1,1,3,2,40,7,2987,2,4,3,1,3
2017010060016,2,9,0,18,0,1,0,0,0,0,1,1,6,1,31,6,1598,1,14,4,1,4
2017010060017,1,9,0,4,0,0,0,0,1,0,2,1,6,1,56,9,1968,2,4,2,1,2
2017010060017,2,19,0,18,0,0,0,0,0,0,1,1,6,1,49,8,2261,1,8,2,1,2
2017010060018,1,3,0,18,0,1,0,0,0,0,1,1,2,1,34,6,125,1,1,2,1,2
2017010060019,1,9,0,18,0,0,0,0,0,0,1,1,1,1,27,6,1797,8,4,5,1,5
2017010060020,1,11,0,18,0,2,0,0,0,0,1,1,1,1,59,9,3900,2,14,1,1,1
2017010060021,1,9,0,7,0,5,1,4,1,0,1,1,6,1,19,4,1910,2,13,4,1,4
2017010060021,2,8,0,10,0,6,0,0,7,0,3,1,2,1,52,8,2499,2,8,1,1,1
2017010060021,3,9,0,18,0,8,0,0,0,0,0,1,6,1,32,6,1560,2,2,-1,-1,-1
2017010060022,1,5,0,15,0,1,0,0,0,0,4,1,2,2,40,7,599,1,8,9,1,9
2017010060022,2,9,0,9,0,6,0,0,0,0,1,1,6,2,48,8,999,1,-1,4,1,4
2017010060025,1,3,0,9,0,6,0,0,0,0,1,1,6,1,18,4,125,1,7,4,1,4
2017010060025,2,9,0,18,0,8,0,0,0,0,1,2,1,1,41,7,2191,2,3,1,1,1
2017010060026,1,19,0,9,0,1,0,0,0,0,1,1,1,1,50,8,2198,2,9,5,1,5
2017010060026,2,1,0,18,0,1,0,0,0,0,1,1,6,1,25,5,-1,-1,-1,5,1,5
2017010060027,1,9,0,7,0,8,0,0,0,0,0,1,6,1,43,7,1587,1,20,-1,-1,-1
2017010060027,2,4,0,18,0,8,5,0,0,0,1,1,6,3,-1,-1,125,1,2,-1,-1,-1
2017010060029,1,9,0,17,0,0,5,10,8,10,1,1,6,1,26,6,1984,1,2,3,1,3
2017010060031,1,9,0,1,0,1,0,0,0,0,2,1,6,1,21,5,1395,1,1,5,1,5
2017010060032,1,9,0,7,0,3,0,0,0,0,1,1,6,1,-1,-1,-1,-1,-1,-1,-1,-1
2017010060033,1,19,0,9,0,2,0,0,0,0,3,1,6,1,33,6,2198,2,1,4,1,4
2017010060033,2,5,0,14,0,2,0,4,0,0,1,1,6,1,56,9,999,1,1,4,1,4
2017010060033,3,9,0,2,0,1,0,0,0,0,2,1,6,3,-1,-1,1461,2,6,-1,-1,-1
2017010060036,1,9,0,16,0,1,0,0,1,0,1,1,6,1,19,4,2179,2,6,1,1,1
2017010060036,2,1,0,18,0,1,0,0,1,0,2,1,1,1,36,7,-1,-1,-1,-1,-1,-1
2017010060037,1,1,0,14,0,1,0,0,0,0,3,1,6,1,27,6,-1,-1,-1,2,1,2
2017010060037,2,21,1,3,0,1,0,0,0,0,0,1,1,1,25,5,7698,2,3,7,1,7
2017010060037,3,9,0,13,0,1,0,0,0,0,1,1,6,3,-1,-1,-1,-1,-1,-1,-1,-1
2017010060040,1,9,0,9,0,5,0,0,0,0,4,1,1,1,48,8,-1,-1,-1,5,1,5
2017010060040,2,1,0,18,0,2,5,0,0,0,1,1,2,1,32,6,-1,-1,-1,5,1,5
2017010060041,1,9,0,18,0,1,0,0,0,0,4,1,2,1,27,6,1388,1,11,10,1,10
2017010060044,1,9,-1,-1,-1,0,-1,-1,-1,-1,-1,-1,6,2,37,7,1997,2,17,6,1,6
2017010060048,1,9,-1,18,0,0,0,-1,-1,-1,-1,-1,1,1,28,6,1229,1,3,1,1,1
2017010060048,2,19,-1,15,-1,0,-1,-1,-1,-1,-1,-1,6,3,-1,-1,2151,2,15,-1,-1,-1
2017010060055,1,1,0,9,0,-1,0,-1,0,0,2,1,2,1,29,6,-1,-1,-1,2,1,2
2017010060055,2,9,0,13,0,-1,0,-1,-1,-1,-1,-1,6,2,-1,-1,1390,1,10,3,1,3
2017010060062,1,4,0,18,0,0,1,0,0,0,1,1,6,1,64,9,249,1,8,7,1,7
2017010060064,1,9,0,6,0,0,0,0,0,0,3,1,2,1,38,7,1596,1,10,3,1,3