Accident_Index,Vehicle_Reference,Vehicle_Type,Towing_and_Articulation,Vehicle_Manoeuvre,Vehicle_Location-Restricted_Lane,Junction_Location,Skidding_and_Overturning,Hit_Object_in_Carriageway,Vehicle_Leaving_Carriageway,Hit_Object_off_Carriageway,1st_Point_of_Impact,Was_Vehicle_Left_Hand_Drive?,Journey_Purpose_of_Driver,Sex_of_Driver,Age_of_Driver,Age_Band_of_Driver,Engine_Capacity_(CC),Propulsion_Code,Age_of_Vehicle,Driver_IMD_Decile,Driver_Home_Area_Type,Vehicle_IMD_Decile
2017010060064,2,1,0,14,0,0,0,0,0,0,1,1,2,1,30,6,-1,-1,-1,3,1,3
2017010060068,1,19,0,18,0,0,0,0,0,0,2,-1,2,1,65,9,1998,2,13,10,1,10
2017010060068,2,9,0,18,0,0,0,0,0,0,1,1,6,2,-1,-1,2179,2,3,7,1,7
2017010060072,1,2,0,13,0,8,0,0,0,0,1,1,6,1,34,6,108,1,6,2,1,2
2017010060072,2,11,0,4,0,8,0,0,0,0,0,1,1,1,56,9,3900,2,14,-1,-1,-1
2017010060072,3,1,0,9,0,5,0,0,0,0,3,1,2,1,37,7,-1,-1,-1,2,1,2
2017010060077,1,5,0,4,0,3,0,0,0,0,2,1,6,1,46,8,1130,1,18,7,1,7
2017010060077,2,8,0,18,0,3,0,0,0,0,1,1,1,1,56,9,1598,1,7,1,1,1
2017010060080,1,9,0,-1,-1,0,-1,-1,-1,-1,-1,-1,6,1,32,6,1390,1,12,4,1,4
2017010060080,2,9,-1,-1,-1,0,-1,-1,-1,-1,-1,-1,6,3,-1,-1,1995,2,1,-1,-1,-1
2017010060081,1,5,0,14,0,8,0,0,0,0,0,1,2,1,43,7,1170,1,1,10,1,10
2017010060081,2,19,0,3,0,8,0,0,0,0,0,1,1,1,20,4,2300,2,12,2,1,2
2017010060083,1,9,0,18,0,-1,0,0,0,0,2,1,6,1,49,8,1364,1,8,2,1,2
2017010060083,2,9,0,18,0,-1,0,0,0,0,1,1,6,2,25,5,1198,1,4,6,1,6
2017010060084,1,2,-1,-1,-1,0,0,-1,-1,0,-1,1,6,1,29,6,125,1,2,1,1,1
2017010060084,2,9,-1,-1,-1,0,-1,-1,-1,-1,-1,-1,6,3,-1,-1,2499,1,10,-1,-1,-1
2017010060092,1,9,-1,-1,0,0,0,0,0,0,-1,-1,2,2,28,6,1968,2,2,4,1,4
2017010060092,2,9,-1,-1,-1,0,-1,-1,-1,0,-1,-1,6,2,-1,-1,1598,1,7,-1,-1,-1
2017010060093,1,3,0,18,0,2,0,10,0,0,1,1,6,1,29,6,-1,-1,-1,2,1,2
2017010060098,1,3,0,13,0,8,0,0,0,0,1,1,1,1,51,8,125,1,4,3,1,3
2017010060098,2,9,0,18,0,8,0,0,0,0,0,1,1,1,36,7,1798,8,1,2,1,2
2017010060100,1,9,0,18,0,1,0,0,0,0,4,1,2,1,33,6,998,1,1,6,1,6
2017010060108,1,21,0,7,0,1,0,0,0,0,4,1,1,1,62,9,11967,2,4,4,1,4
2017010060108,2,1,0,18,0,1,0,0,0,0,3,1,6,2,31,6,-1,-1,-1,1,1,1
2017010060113,1,9,0,6,0,0,0,0,0,0,1,1,1,2,29,6,-1,-1,-1,7,1,7
2017010060113,2,3,0,18,0,0,0,0,0,0,4,1,2,1,42,7,125,1,8,7,1,7
2017010060115,1,9,0,4,0,0,0,0,0,0,2,1,6,2,47,8,2231,2,7,5,1,5
2017010060115,2,9,0,18,0,0,0,0,0,0,1,1,6,1,72,10,1598,1,8,6,1,6
2017010060120,1,19,0,4,2,5,0,0,0,0,4,1,1,1,33,6,2402,2,9,4,1,4
2017010060120,2,1,0,18,0,5,0,0,0,0,1,1,6,1,52,8,-1,-1,-1,-1,-1,-1
2017010060123,1,3,0,-1,-1,-1,0,-1,-1,-1,-1,1,6,1,40,7,124,1,-1,-1,-1,-1
2017010060123,2,9,0,18,-1,-1,0,-1,-1,-1,-1,-1,6,3,-1,-1,1910,2,9,-1,-1,-1
2017010060124,1,9,0,2,0,1,0,0,0,0,2,1,6,3,-1,-1,1991,2,6,-1,-1,-1
2017010060124,2,9,0,18,0,1,1,0,0,0,4,1,6,1,23,5,-1,-1,-1,5,3,5
2017010060124,3,9,0,2,0,1,0,0,0,0,4,1,6,3,-1,-1,1798,8,4,-1,-1,-1
2017010060124,4,9,0,2,0,1,0,0,0,0,1,1,6,3,-1,-1,1598,1,9,-1,-1,-1
2017010060124,5,9,0,2,0,1,0,0,0,0,3,1,6,3,-1,-1,1781,1,14,-1,-1,-1
2017010060124,6,9,0,2,0,1,0,0,0,0,1,1,6,3,-1,-1,2685,2,13,-1,-1,-1
2017010060124,7,9,0,2,9,1,1,0,1,0,1,1,6,3,-1,-1,1198,1,8,-1,-1,-1
2017010060125,1,8,-1,3,-1,0,-1,-1,-1,-1,2,-1,1,1,-1,-1,2143,2,6,-1,-1,-1
2017010060128,1,9,0,9,0,3,0,0,0,0,1,1,1,1,53,8,-1,-1,-1,3,1,3
2017010060128,2,3,0,18,0,4,0,0,0,0,1,1,6,1,23,5,125,1,2,3,1,3
2017010060130,1,9,0,18,0,0,0,0,0,0,2,1,6,1,38,7,2143,2,5,8,1,8
2017010060131,1,9,0,18,0,1,0,0,0,0,1,1,6,3,-1,-1,1242,1,14,-1,-1,-1
2017010060132,1,9,0,18,0,1,0,0,0,0,3,1,6,3,-1,-1,-1,-1,-1,-1,-1,-1
2017010060134,1,9,0,-1,-1,-1,0,-1,-1,-1,-1,-1,6,3,-1,-1,1796,1,14,-1,-1,-1
2017010060134,2,1,0,-1,-1,-1,0,-1,-1,-1,-1,1,6,2,20,4,-1,-1,-1,4,1,4
2017010060135,1,20,0,9,0,8,0,0,0,0,1,1,1,1,50,8,5880,2,6,10,1,10
2017010060135,2,9,0,18,0,1,0,0,0,0,4,1,3,2,36,7,1998,1,16,8,1,8
2017010060138,1,9,0,9,0,0,0,0,0,0,1,2,2,1,47,8,1797,8,7,2,1,2
2017010060138,2,4,0,13,0,0,0,0,0,0,1,1,2,1,35,6,125,1,4,2,1,2
2017010060141,1,11,0,4,0,2,0,0,0,0,0,1,6,1,33,6,9000,2,8,4,1,4
2017010060144,1,9,0,18,0,8,0,0,0,0,1,1,6,2,25,5,1198,1,7,6,1,6
2017010060144,2,9,0,18,0,8,0,0,0,0,1,1,3,2,30,6,1242,1,10,10,1,10
2017010060145,1,9,0,11,0,0,1,0,0,0,2,-1,1,1,25,5,1329,1,3,9,1,9
2017010060145,2,21,1,18,0,0,-1,0,0,0,1,-1,6,1,-1,-1,-1,-1,-1,-1,-1,-1
2017010060146,1,9,-1,18,-1,-1,-1,-1,-1,-1,-1,-1,6,2,28,6,1598,2,4,-1,-1,-1
2017010060148,1,19,0,3,0,1,0,0,0,0,2,1,1,1,27,6,2198,2,1,4,1,4
2017010060148,2,9,0,3,0,1,0,4,0,0,2,1,3,2,38,7,1598,1,7,3,1,3
2017010060148,3,19,0,5,0,1,0,0,0,0,1,1,6,1,54,8,1968,2,5,4,1,4
2017010060150,1,9,0,9,0,0,0,0,0,0,3,1,1,2,36,7,1984,1,10,2,1,2
2017010060150,2,2,0,5,0,0,0,0,0,0,1,1,1,1,47,8,108,1,-1,5,1,5
2017010060151,1,9,0,18,0,1,0,0,0,0,1,1,6,1,56,9,1587,1,11,2,1,2
2017010060153,1,11,0,5,0,1,0,0,0,0,1,1,1,1,30,6,4250,2,9,4,1,4
2017010060154,1,19,0,3,0,4,0,0,0,0,1,1,1,1,36,7,1598,2,1,2,1,2
2017010060154,2,1,0,9,0,4,0,0,0,0,2,1,6,2,33,6,-1,-1,-1,3,1,3
2017010060160,1,9,0,5,0,4,0,0,0,0,1,-1,6,1,36,7,1968,2,6,1,1,1
2017010060160,2,9,0,5,0,-1,0,0,0,0,4,-1,6,2,-1,-1,1598,1,4,2,1,2
2017010060163,1,9,0,18,0,-1,0,0,0,0,1,1,6,2,27,6,1598,1,12,9,1,9
2017010060163,2,9,0,18,0,-1,0,0,0,0,2,1,6,3,-1,-1,2143,2,6,-1,-1,-1
2017010060164,1,8,0,18,0,8,0,0,0,0,1,1,1,1,44,7,1798,8,5,2,1,2
2017010060164,2,1,0,18,0,4,5,0,0,0,3,1,2,1,31,6,-1,-1,-1,1,1,1
2017010060165,1,1,0,18,0,1,2,0,0,0,1,1,6,1,42,7,-1,-1,-1,8,1,8
2017010060172,1,3,0,-1,-1,-1,0,-1,-1,-1,-1,1,6,1,37,7,124,1,1,4,1,4
2017010060175,1,9,0,5,0,8,0,0,0,0,4,1,3,2,35,6,1796,1,14,4,1,4
2017010060175,2,1,0,18,0,1,0,0,0,0,1,1,2,1,33,6,-1,-1,-1,4,1,4
2017010060189,1,1,0,18,0,1,0,0,0,0,4,1,6,1,41,7,-1,-1,-1,1,1,1
2017010060189,2,9,0,18,0,1,0,0,0,0,1,-1,6,1,-1,-1,1798,8,4,-1,-1,-1
2017010060198,1,9,0,7,0,2,0,10,0,0,1,1,6,1,24,5,1248,2,6,4,1,4
2017010060198,2,9,0,4,0,1,0,0,0,0,2,1,3,1,32,6,1598,1,9,1,1,1
2017010060203,1,1,0,5,0,2,0,0,0,0,1,1,6,1,30,6,-1,-1,-1,4,1,4
2017010060204,1,9,0,18,0,2,0,0,0,0,4,1,6,2,23,5,1796,1,10,1,1,1
2017010060204,2,4,0,18,0,1,0,8,0,0,3,1,6,1,21,5,125,1,-1,6,1,6
2017010060204,3,9,0,2,6,1,0,0,0,0,2,1,6,3,-1,-1,1968,2,8,-1,-1,-1
2017010060205,1,4,0,4,0,0,1,0,0,0,0,1,6,1,18,4,124,1,7,3,1,3
2017010060206,1,21,0,16,0,2,0,0,0,0,4,1,1,1,54,8,5132,2,-1,7,1,7
2017010060206,2,9,0,12,0,2,0,0,0,0,3,1,6,1,64,9,1388,1,13,6,2,6
2017010060207,1,11,0,3,0,1,0,0,0,0,4,1,1,1,57,9,-1,2,16,2,1,2
2017010060207,2,11,0,18,0,1,0,10,1,5,3,1,1,1,49,8,4500,2,2,2,1,2
2017010060208,1,9,0,18,0,1,0,0,0,0,1,1,2,1,53,8,1499,2,2,2,1,2
2017010060208,2,1,0,18,0,1,0,0,0,0,2,1,2,1,34,6,-1,-1,-1,2,1,2
2017010060209,1,1,0,18,0,1,0,0,0,0,0,1,2,1,56,9,-1,-1,-1,5,1,5
2017010060211,1,19,0,18,0,8,0,0,0,0,0,1,1,1,60,9,1995,2,5,2,1,2
2017010060212,1,5,0,13,0,2,0,0,0,0,1,1,6,1,39,7,598,1,19,5,1,5
2017010060212,2,9,0,9,0,2,0,0,0,0,3,1,6,2,61,9,1396,1,20,6,1,6
2017010060213,1,21,1,9,0,5,0,0,0,0,3,1,1,1,31,6,10837,2,5,6,2,6
2017010060213,2,9,0,18,0,1,0,0,0,0,1,1,6,2,40,7,1200,1,14,4,1,4
2017010060215,1,9,0,9,0,5,0,0,0,0,0,1,2,1,33,6,998,1,4,2,1,2
2017010060215,2,1,0,18,0,1,0,0,0,0,1,1,2,1,33,6,-1,-1,-1,5,1,5
2017010060216,1,9,0,4,0,1,1,0,0,0,1,1,6,1,32,6,999,1,-1,5,1,5
2017010060216,2,9,0,9,0,2,0,0,0,0,1,1,6,1,22,5,999,1,3,6,1,6
2017010060217,1,9,0,18,0,3,0,0,0,0,3,2,6,1,21,5,-1,-1,-1,4,1,4
2017010060217,2,3,0,18,0,4,0,0,0,0,1,1,6,1,24,5,125,1,1,5,1,5
2017010060218,1,9,0,9,0,8,0,0,0,0,1,1,1,1,66,10,1997,2,3,3,1,3
2017010060218,2,1,0,5,0,8,2,0,0,0,2,1,6,1,51,8,-1,-1,-1,5,1,5
2017010060220,1,9,0,4,0,0,0,0,0,0,2,1,6,2,31,6,2179,2,3,-1,-1,-1
2017010060220,2,9,0,4,0,0,1,0,0,0,1,1,6,1,27,6,1968,2,6,5,1,5
2017010060220,3,19,0,4,0,0,0,0,0,0,1,1,1,1,29,6,2143,2,5,3,1,3
2017010060220,4,9,0,4,0,0,0,0,0,0,1,1,6,3,-1,-1,1995,2,12,-1,-1,-1
2017010060221,1,9,0,4,0,8,0,0,0,0,1,1,6,1,26,6,1995,2,4,1,1,1
2017010060222,1,9,0,18,0,8,0,0,0,0,1,1,6,1,58,9,1968,2,5,3,1,3
2017010060222,2,9,0,9,0,8,0,0,0,0,4,1,6,2,32,6,1388,1,10,5,1,5
2017010060225,1,9,0,10,0,1,0,0,0,0,0,1,6,1,34,6,1870,2,12,2,1,2
2017010060225,2,2,0,18,0,1,0,0,0,0,0,1,6,1,36,7,108,1,2,2,1,2
2017010060226,1,3,0,18,0,0,0,0,0,0,1,1,6,3,-1,-1,124,1,13,-1,-1,-1
2017010060227,1,9,0,13,0,1,1,0,0,0,1,1,6,1,19,4,1396,1,13,-1,-1,-1
2017010060227,2,9,0,7,0,2,0,0,0,0,1,1,6,2,26,6,1390,1,7,-1,-1,-1
2017010060227,3,9,0,3,0,2,0,0,0,0,2,1,2,1,50,8,2143,2,3,-1,-1,-1
2017010060228,1,3,0,18,0,0,2,0,0,0,1,1,6,2,19,4,124,1,3,7,1,7
2017010060228,2,9,0,18,0,0,0,0,0,0,3,1,6,2,48,8,999,1,1,10,1,10
2017010060229,1,9,0,9,0,1,0,0,0,0,1,1,2,1,30,6,2993,2,3,2,1,2
2017010060229,2,1,0,18,4,1,0,0,0,0,4,1,2,2,27,6,-1,-1,-1,2,1,2
2017010060230,1,9,0,18,0,1,0,0,0,0,1,1,6,1,25,5,998,1,22,4,1,4
2017010060230,2,9,0,9,0,6,0,0,0,0,1,1,6,2,35,6,-1,-1,-1,2,1,2
2017010060231,1,9,0,9,0,1,0,0,0,0,1,1,6,1,22,5,1995,2,11,3,1,3
2017010060231,2,4,0,13,0,1,0,0,0,0,1,1,6,1,21,5,286,1,3,2,1,2
2017010060232,1,9,0,18,0,4,0,7,0,0,3,1,3,2,47,8,1299,1,18,5,1,5
2017010060232,2,9,0,18,0,4,0,0,0,0,1,1,2,1,34,6,1339,1,10,2,1,2
2017010060235,1,4,0,18,0,0,0,0,0,0,1,1,6,1,25,5,124,1,8,10,1,10
2017010060235,2,19,0,7,0,0,0,0,0,0,2,1,6,1,33,6,-1,-1,-1,6,1,6
2017010060236,1,8,0,9,0,6,0,0,0,0,1,1,6,1,66,10,-1,-1,-1,2,1,2
2017010060237,1,9,0,4,0,1,0,0,0,0,4,1,6,1,35,6,1968,2,2,3,1,3
2017010060238,1,19,0,2,6,1,0,0,0,0,3,1,6,3,-1,-1,2402,2,10,-1,-1,-1
2017010060238,2,1,0,18,0,1,0,4,0,0,3,1,2,1,58,9,-1,-1,-1,5,1,5
2017010060240,1,10,0,5,0,0,0,11,0,0,3,1,1,1,32,6,-1,-1,-1,2,1,2
2017010060241,1,9,0,18,9,0,0,0,8,10,1,1,2,1,38,7,2378,1,12,6,1,6
2017010060241,2,9,0,2,9,0,0,0,0,0,0,1,6,3,-1,-1,2987,2,11,-1,-1,-1
2017010060242,1,8,0,18,0,1,0,0,0,0,1,1,6,1,56,9,1461,2,-1,2,1,2
2017010060244,1,9,0,9,0,8,0,0,0,0,4,1,6,2,46,8,1598,1,7,1,1,1
2017010060249,1,8,0,4,0,0,0,0,0,0,0,1,6,1,43,7,1998,2,7,4,1,4
2017010060251,1,8,0,3,0,0,0,0,0,0,1,1,1,1,55,8,1997,2,8,2,1,2
2017010060253,1,9,0,9,0,1,0,0,0,0,3,1,1,1,33,6,1496,2,2,1,1,1
2017010060253,2,3,0,5,0,1,0,0,0,0,1,1,2,1,31,6,125,1,3,3,1,3
2017010060255,1,4,0,17,0,0,2,0,1,0,1,1,6,3,-1,-1,1340,1,2,-1,-1,-1
2017010060255,2,19,0,2,0,0,0,0,0,0,1,1,6,3,-1,-1,-1,-1,-1,-1,-1,-1
2017010060261,1,1,0,-1,0,-1,0,-1,-1,-1,-1,1,6,1,21,5,-1,-1,-1,4,1,4
2017010060263,1,9,0,4,0,0,0,0,0,0,2,2,6,1,52,8,1598,1,11,4,1,4
2017010060263,2,19,0,18,0,0,0,0,0,0,1,2,1,1,32,6,2998,2,5,5,1,5
2017010060275,1,1,-1,-1,0,4,-1,-1,-1,-1,1,1,6,1,25,5,-1,-1,-1,6,1,6
2017010060276,1,4,0,6,0,1,0,0,0,0,0,1,6,1,16,4,125,1,11,-1,-1,-1
2017010060276,2,9,0,4,0,1,0,0,0,0,1,2,1,1,44,7,1560,2,3,4,1,4
2017010060287,1,9,-1,-1,-1,-1,-1,-1,-1,-1,-1,-1,6,3,-1,-1,-1,-1,-1,-1,-1,-1
2017010060291,1,9,0,18,0,1,0,-1,0,0,1,-1,6,3,-1,-1,1600,1,43,-1,-1,-1
2017010060294,1,9,-1,-1,-1,-1,-1,-1,-1,-1,-1,-1,6,3,-1,-1,-1,-1,-1,-1,-1,-1
2017010060294,2,9,-1,-1,-1,-1,-1,-1,-1,-1,-1,1,6,2,53,8,1497,8,10,4,1,4
2017010060295,1,3,-1,18,0,-1,0,-1,0,0,1,1,6,3,-1,-1,-1,-1,-1,-1,-1,-1
2017010060298,1,5,0,13,0,1,0,10,1,2,1,1,6,1,27,6,644,1,9,3,1,3
2017010060298,2,19,0,13,0,1,0,0,0,0,4,1,2,1,30,6,1753,2,11,6,1,6
2017010060299,1,11,0,3,2,8,0,0,0,0,0,1,1,1,36,7,4500,2,3,3,1,3
2017010060300,1,9,0,2,-1,0,0,0,0,0,-1,1,6,3,-1,-1,2438,1,23,-1,-1,-1
2017010060300,2,1,0,18,0,0,0,8,0,0,1,1,6,1,46,8,-1,-1,-1,2,1,2
2017010060303,1,5,0,18,0,0,0,0,0,0,1,1,6,1,35,6,599,1,4,2,1,2
2017010060303,2,3,0,18,0,0,0,0,0,0,1,1,6,3,-1,-1,125,1,5,-1,-1,-1
2017010060303,3,9,0,2,0,0,0,0,0,0,3,1,6,3,-1,-1,1910,2,10,-1,-1,-1
2017010060303,4,9,0,2,0,0,0,0,0,0,1,1,6,3,-1,-1,898,1,3,-1,-1,-1
2017010060304,1,11,-1,-1,-1,-1,-1,-1,-1,-1,-1,1,1,1,32,6,4500,2,1,2,1,2
2017010060307,1,19,0,1,0,2,0,0,0,0,2,1,1,1,52,8,2143,2,1,7,1,7
2017010060311,1,9,0,4,0,0,0,0,0,0,1,1,6,1,43,7,3189,1,13,4,1,4
2017010060311,2,9,0,3,0,0,0,0,0,0,2,1,6,1,38,7,1995,1,8,3,1,3
2017010060315,1,9,0,17,0,8,0,0,0,0,1,1,6,2,49,8,1197,1,1,9,1,9
2017010060317,1,9,0,3,0,-1,0,0,0,0,4,-1,6,2,31,6,1995,2,5,3,1,3
2017010060317,2,11,0,18,0,-1,0,0,0,0,1,1,6,3,-1,-1,8268,2,14,-1,-1,-1
2017010060329,1,1,-1,18,4,1,-1,0,-1,-1,1,1,6,2,26,6,-1,-1,-1,1,1,1
2017010060329,2,19,-1,7,0,-1,-1,0,-1,-1,4,-1,6,3,-1,-1,2198,2,2,-1,-1,-1
2017010060330,1,9,0,5,0,2,0,0,0,0,1,1,3,2,48,8,1197,1,2,3,1,3
2017010060330,2,5,0,4,0,1,0,0,0,0,1,1,1,1,73,10,599,1,14,5,1,5
2017010060335,1,1,0,-1,4,1,0,-1,-1,-1,-1,1,2,1,22,5,-1,-1,-1,9,3,9
2017010060335,2,8,-1,7,-1,-1,-1,-1,-1,-1,-1,-1,6,3,58,9,2499,2,3,3,1,3
2017010060343,1,90,0,18,0,8,0,0,0,0,3,1,1,1,26,6,-1,-1,-1,2,1,2
2017010060343,2,1,0,18,0,8,0,0,0,0,1,1,1,1,51,8,-1,-1,-1,8,1,8
2017010060344,1,9,-1,-1,-1,-1,-1,-1,-1,-1,-1,-1,6,3,-1,-1,-1,-1,-1,-1,-1,-1
2017010060344,2,1,-1,-1,-1,8,-1,-1,-1,-1,-1,1,6,1,25,5,-1,-1,-1,3,1,3
2017010060351,1,9,0,18,0,1,0,-1,-1,-1,-1,-1,6,1,25,5,2143,2,6,3,1,3
2017010060351,2,90,-1,-1,-1,1,-1,-1,-1,-1,-1,-1,6,1,-1,-1,-1,-1,-1,6,1,6
2017010060354,1,19,-1,18,-1,-1,-1,-1,-1,-1,-1,-1,6,3,-1,-1,2198,2,3,-1,-1,-1
2017010060354,2,1,-1,-1,-1,-1,-1,-1,-1,-1,-1,1,6,1,43,7,-1,-1,-1,9,1,9
2017010060356,1,9,0,6,-1,-1,-1,-1,-1,-1,-1,-1,6,2,34,6,1796,1,11,3,1,3
2017010060356,2,9,-1,6,-1,-1,-1,-1,-1,-1,-1,-1,6,3,-1,-1,1797,8,7,-1,-1,-1
2017010060361,1,9,0,1,0,1,0,0,0,0,2,1,6,2,27,6,1364,1,7,4,1,4
2017010060372,1,9,0,18,0,2,0,0,0,0,2,-1,6,2,68,10,1896,2,9,10,2,10
2017010060372,2,9,0,18,0,2,0,0,0,0,1,-1,6,3,-1,-1,2688,2,14,-1,-1,-1
2017010060377,1,9,0,18,0,0,1,0,0,0,1,1,6,1,57,9,1984,1,1,10,1,10
2017010060377,2,9,0,18,0,0,0,0,0,0,2,1,6,2,40,7,1995,2,10,5,1,5
2017010060377,3,9,0,18,0,0,0,0,0,0,2,1,1,2,38,7,1461,2,2,8,1,8
2017010060378,1,1,-1,-1,-1,-1,-1,-1,-1,-1,-1,1,6,1,71,10,-1,-1,-1,-1,-1,-1
2017010060380,1,9,0,5,0,2,0,0,0,0,1,1,1,1,29,6,999,1,2,10,3,10
2017010060380,2,3,0,14,0,1,5,0,0,0,1,1,6,1,16,4,125,1,10,2,1,2
2017010060384,1,1,0,18,-1,-1,-1,-1,-1,-1,-1,1,6,1,25,5,-1,-1,-1,5,1,5
2017010060384,2,19,-1,7,-1,-1,-1,-1,-1,-1,-1,-1,6,1,-1,-1,-1,-1,-1,-1,-1,-1
2017010060389,1,9,0,5,0,1,0,0,0,0,1,1,1,1,47,8,-1,-1,-1,4,1,4
2017010060389,2,9,0,8,0,1,0,10,0,0,3,1,6,2,64,9,1560,2,3,7,1,7
2017010060393,1,9,-1,-1,-1,-1,-1,-1,-1,-1,-1,-1,6,1,29,6,1461,2,1,2,1,2
2017010060393,2,9,-1,-1,-1,-1,-1,-1,-1,-1,-1,-1,6,3,-1,-1,1997,2,8,-1,-1,-1
2017010060394,1,9,0,-1,0,-1,0,-1,0,0,-1,-1,1,1,45,7,1950,2,1,3,1,3
2017010060397,1,8,0,9,0,8,0,0,0,0,1,1,1,1,34,6,2993,2,2,3,1,3
2017010060398,1,19,0,18,0,1,0,0,0,0,1,1,1,1,38,7,2402,2,9,3,1,3
2017010060398,2,19,0,3,0,1,0,0,0,0,2,1,1,1,32,6,2198,2,2,4,1,4
2017010060402,1,9,0,18,0,3,0,0,0,0,1,1,6,1,64,9,1124,1,12,8,1,8
2017010060405,1,9,0,14,0,0,0,0,0,0,1,1,1,1,50,8,-1,-1,-1,7,1,7
2017010060407,1,3,0,18,0,0,0,10,0,0,4,1,1,1,56,9,108,1,1,7,1,7
2017010060408,1,9,0,5,0,1,0,0,1,10,3,1,2,1,53,8,-1,-1,-1,4,1,4
2017010060408,2,9,0,18,0,8,0,0,0,0,1,1,6,2,39,7,1997,1,5,7,1,7
2017010060410,1,9,-1,7,0,5,-1,0,0,0,-1,-1,6,2,46,8,1339,1,10,2,1,2
2017010060413,1,19,0,18,0,0,0,0,0,0,1,1,1,1,48,8,2143,2,4,9,1,9
2017010060413,2,9,0,9,0,0,0,0,0,0,1,1,1,1,29,6,2179,2,4,1,1,1
2017010060417,1,8,0,18,0,2,0,11,0,0,1,1,6,1,51,8,1797,8,6,4,1,4
2017010060419,1,9,0,2,0,0,0,7,0,0,1,1,6,3,-1,-1,1339,1,13,-1,-1,-1
2017010060419,2,9,0,4,0,0,0,1,0,0,1,1,6,1,18,4,999,1,-1,10,1,10
2017010060421,1,1,0,18,0,8,0,0,0,0,1,1,6,2,24,5,-1,-1,-1,5,1,5
2017010060421,2,9,0,9,0,8,0,0,0,0,4,-1,6,2,-1,-1,-1,-1,-1,-1,-1,-1
2017010060422,1,9,0,4,0,8,0,0,0,0,1,1,6,1,30,6,1968,2,10,8,1,8
2017010060422,2,9,0,3,0,1,0,0,0,0,2,1,6,1,19,4,1199,2,6,4,1,4
2017010060422,3,9,0,4,0,1,0,0,0,0,2,1,6,1,42,7,2148,2,11,2,1,2
2017010060426,1,9,0,18,0,1,1,4,0,0,1,1,2,1,22,5,1910,2,12,3,1,3
2017010060431,1,9,0,18,0,1,0,0,0,0,4,1,6,1,48,8,1796,1,13,1,1,1
2017010060431,2,19,0,10,0,2,0,0,0,0,1,1,1,1,30,6,1560,2,1,2,1,2
2017010060433,1,9,-1,18,0,0,0,0,0,0,1,-1,6,1,22,5,998,1,-1,-1,-1,-1
2017010060433,2,9,0,18,0,0,0,0,0,0,2,-1,6,1,-1,-1,2143,2,1,-1,-1,-1
2017010060437,1,21,0,18,0,1,0,0,0,0,4,1,1,1,29,6,5132,2,1,7,1,7
2017010060439,1,19,0,3,0,1,0,0,0,0,2,1,1,1,21,5,1560,2,2,9,1,9
2017010060439,2,9,0,4,0,1,0,0,0,0,3,1,6,2,45,7,1560,2,3,8,3,8
2017010060439,3,21,1,3,0,1,0,0,0,0,2,1,1,1,40,7,12809,2,2,5,1,5
2017010060439,4,19,0,18,0,1,0,0,0,0,1,1,6,1,57,9,2953,2,11,5,1,5
2017010060446,1,1,0,14,0,-1,0,0,0,0,1,1,6,2,20,4,-1,-1,-1,7,1,7
2017010060446,2,9,0,14,0,-1,0,0,0,0,1,-1,6,1,-1,-1,-1,-1,-1,-1,-1,-1
2017010060449,1,9,0,18,9,1,0,0,1,10,1,1,6,1,28,6,2143,2,6,5,1,5
2017010060465,1,5,0,13,0,0,0,0,0,0,1,1,6,1,42,7,599,1,4,2,1,2
2017010060465,2,9,0,6,0,0,0,0,0,0,2,1,6,1,-1,-1,1968,2,9,-1,-1,-1
2017010060467,1,19,0,9,7,5,0,0,0,0,4,1,6,1,38,7,2148,2,8,6,1,6
2017010060467,2,1,0,9,7,5,0,0,0,0,1,1,2,1,50,8,-1,-1,-1,3,1,3
2017010060468,1,5,0,-1,0,0,0,0,0,0,4,1,6,1,49,8,1470,1,20,5,1,5
2017010060468,2,9,0,3,0,0,0,0,0,0,1,-1,6,1,-1,-1,-1,-1,-1,-1,-1,-1
2017010060469,1,9,0,3,0,0,0,0,0,0,2,1,6,2,39,7,1968,2,13,4,1,4
2017010060469,2,9,0,1,0,0,0,0,0,0,2,1,6,1,-1,-1,-1,-1,-1,2,1,2
2017010060471,1,9,0,18,0,1,0,0,0,0,4,1,1,1,27,6,2993,2,1,-1,-1,-1
2017010060472,1,8,-1,-1,-1,-1,-1,-1,-1,-1,-1,-1,6,3,-1,-1,-1,-1,-1,-1,-1,-1
2017010060474,1,9,0,9,0,1,0,0,0,0,3,1,6,1,25,5,1968,2,9,3,1,3
2017010060474,2,5,0,6,0,1,5,0,0,0,1,1,6,1,68,10,-1,-1,-1,4,1,4
2017010060476,1,9,0,10,0,8,0,0,0,0,3,1,2,1,54,8,1999,1,15,7,1,7
2017010060476,2,9,0,18,0,8,0,0,0,0,1,1,6,1,79,11,1395,1,-1,8,1,8
2017010060477,1,9,0,5,0,6,0,0,0,0,1,1,6,2,66,10,1995,2,8,9,1,9
2017010060477,2,1,0,18,0,8,5,0,0,0,3,1,6,1,49,8,-1,-1,-1,4,1,4
2017010060480,1,9,0,18,0,2,0,0,0,0,2,1,3,2,47,8,1461,2,13,2,1,2
2017010060480,2,9,0,18,0,2,0,0,0,0,1,1,6,3,-1,-1,2979,1,14,-1,-1,-1
2017010060481,1,3,0,14,0,8,0,0,0,0,1,1,6,1,24,5,124,1,9,2,1,2
2017010060481,2,9,0,9,0,7,0,0,0,0,3,1,1,1,51,8,1797,8,6,2,1,2
2017010060482,1,3,0,18,0,3,0,0,0,0,3,1,1,1,38,7,125,1,-1,3,1,3