Accident_Index,Vehicle_Reference,Vehicle_Type,Towing_and_Articulation,Vehicle_Manoeuvre,Vehicle_Location-Restricted_Lane,Junction_Location,Skidding_and_Overturning,Hit_Object_in_Carriageway,Vehicle_Leaving_Carriageway,Hit_Object_off_Carriageway,1st_Point_of_Impact,Was_Vehicle_Left_Hand_Drive?,Journey_Purpose_of_Driver,Sex_of_Driver,Age_of_Driver,Age_Band_of_Driver,Engine_Capacity_(CC),Propulsion_Code,Age_of_Vehicle,Driver_IMD_Decile,Driver_Home_Area_Type,Vehicle_IMD_Decile
2017010060482,2,9,0,7,0,4,0,0,0,0,3,1,6,1,37,7,1229,1,7,-1,-1,-1
2017010060483,1,11,0,18,0,1,0,0,0,0,0,1,1,1,58,9,9000,2,8,6,1,6
2017010060484,1,21,0,11,0,0,0,0,0,0,4,1,1,1,29,6,10518,2,6,2,1,2
2017010060484,2,8,0,18,0,0,1,0,0,0,3,1,6,1,58,9,2402,2,15,9,1,9
2017010060484,3,19,0,18,0,0,0,0,0,0,4,1,2,1,59,9,2143,2,7,6,1,6
2017010060484,4,9,0,13,0,0,0,0,2,6,4,1,2,1,50,8,2987,2,9,3,1,3
2017010060485,1,9,0,9,0,1,0,0,0,0,3,1,6,2,39,7,1968,2,10,4,1,4
2017010060485,2,2,0,18,0,1,1,0,0,0,1,1,6,1,47,8,124,1,7,8,1,8
2017010060487,1,9,0,18,0,1,0,0,0,0,1,1,6,1,32,6,1242,1,14,-1,-1,-1
2017010060487,2,9,0,18,0,4,0,0,0,0,4,1,6,1,43,7,1587,1,12,-1,-1,-1
2017010060489,1,5,0,14,0,1,0,0,0,0,1,1,2,1,44,7,847,1,-1,6,1,6
2017010060490,1,9,0,9,0,5,0,0,0,0,2,1,6,1,34,6,1598,2,-1,6,1,6
2017010060490,2,5,0,18,0,1,5,0,0,0,1,1,6,1,29,6,800,1,3,4,1,4
2017010060491,1,8,0,9,0,6,0,0,0,0,1,1,6,1,29,6,1956,2,5,2,1,2
2017010060491,2,1,0,18,0,6,0,0,0,0,1,1,6,2,60,9,-1,-1,-1,2,1,2
2017010060492,1,19,0,18,0,8,0,0,0,0,1,2,1,1,32,6,2143,2,4,2,1,2
2017010060493,1,9,0,18,0,0,0,0,0,0,1,1,6,1,23,5,998,1,20,9,1,9
2017010060494,1,4,0,18,0,0,0,7,0,0,1,1,6,2,22,5,296,1,2,7,1,7
2017010060494,2,20,0,18,0,0,0,0,0,0,3,1,6,3,-1,-1,-1,-1,-1,-1,-1,-1
2017010060495,1,11,0,5,0,8,0,0,0,0,0,1,6,2,17,4,-1,-1,-1,-1,-1,-1
2017010060496,1,5,0,18,0,0,0,0,0,0,1,1,6,1,-1,-1,-1,-1,-1,-1,-1,-1
2017010060497,1,9,0,8,6,7,0,0,0,0,0,1,6,1,31,6,-1,-1,-1,4,1,4
2017010060498,1,9,0,4,0,2,0,0,0,0,2,1,6,2,56,9,1197,1,-1,2,1,2
2017010060498,2,9,0,4,0,2,0,0,0,0,1,1,6,1,26,6,1229,1,11,4,1,4
2017010060498,3,9,0,5,0,1,0,0,0,0,1,1,6,1,56,9,1749,1,12,8,1,8
2017010060499,1,2,0,18,0,2,0,0,0,0,1,1,1,1,29,6,108,1,1,4,1,4
2017010060499,2,9,0,7,0,5,0,0,0,0,4,1,6,1,33,6,1998,1,2,2,1,2
2017010060500,1,3,0,18,0,1,0,0,0,0,2,1,1,1,38,7,-1,-1,-1,2,1,2
2017010060500,2,9,0,9,0,1,0,0,0,0,3,1,6,1,25,5,1995,2,-1,4,1,4
2017010060501,1,5,0,18,0,0,0,10,0,0,1,1,2,1,41,7,636,1,15,2,1,2
2017010060501,2,9,0,18,0,0,0,0,0,0,2,1,2,2,25,5,1339,1,10,4,1,4
2017010060502,1,5,0,18,0,2,0,0,0,0,1,1,6,1,44,7,675,1,5,8,1,8
2017010060502,2,9,0,6,0,1,0,0,0,0,4,1,6,1,-1,-1,1248,1,5,2,1,2
2017010060503,1,9,0,4,0,1,0,0,0,0,2,1,6,1,49,8,1596,1,14,4,1,4
2017010060503,2,11,0,17,0,1,0,0,0,0,1,1,1,1,45,7,6700,2,6,3,1,3
2017010060504,1,9,0,15,0,1,0,0,0,0,3,1,1,2,28,6,999,1,1,-1,-1,-1
2017010060504,2,9,0,4,0,2,0,0,0,0,3,1,6,2,49,8,1399,2,9,4,1,4
2017010060505,1,5,5,18,2,1,0,0,0,0,1,1,2,1,51,8,-1,-1,-1,8,1,8
2017010060505,2,9,0,9,0,1,0,0,0,0,4,1,6,2,30,6,998,1,10,3,1,3
2017010060506,1,9,0,18,9,8,0,0,7,10,4,1,6,1,25,5,1598,2,3,6,1,6
2017010060506,2,9,0,18,0,8,1,0,0,0,1,1,6,1,27,6,1984,5,14,4,1,4
2017010060507,1,9,0,2,0,1,0,4,0,0,1,1,6,3,-1,-1,1360,1,13,-1,-1,-1
2017010060507,2,21,0,3,0,1,0,4,0,0,1,1,1,1,52,8,6870,2,4,1,1,1
2017010060508,1,3,0,18,0,8,0,0,0,0,1,1,2,1,33,6,124,1,3,3,1,3
2017010060508,2,9,0,18,0,8,0,0,0,0,1,1,6,3,-1,-1,-1,-1,-1,-1,-1,-1
2017010060509,1,3,0,4,0,0,0,0,0,0,2,1,2,1,31,6,125,1,9,5,1,5
2017010060509,2,9,0,4,0,0,0,0,0,0,1,1,2,2,48,8,1997,2,4,7,1,7
2017010060509,3,9,0,15,0,0,0,0,0,0,0,1,6,3,-1,-1,-1,-1,-1,-1,-1,-1
2017010060510,1,8,0,18,0,6,0,0,0,0,3,1,6,1,44,7,1956,2,5,1,1,1
2017010060510,2,8,0,18,0,1,0,0,0,0,1,1,1,1,51,8,1798,8,2,3,1,3
2017010060512,1,9,0,18,0,1,0,0,0,0,1,1,6,2,54,8,1498,1,7,8,1,8
2017010060517,1,9,0,18,0,0,5,0,0,0,1,1,2,1,32,6,1598,1,17,7,1,7
2017010060517,2,9,0,2,0,0,0,0,0,0,2,1,6,3,-1,-1,1199,1,14,-1,-1,-1
2017010060518,1,9,0,18,0,2,0,0,0,0,1,1,6,1,28,6,999,1,9,5,1,5
2017010060518,2,3,0,5,0,1,0,0,0,0,1,1,1,1,16,4,-1,-1,-1,1,1,1
2017010060519,1,3,0,9,0,8,1,10,0,0,1,1,2,1,22,5,108,1,4,5,1,5
2017010060519,2,9,0,9,0,6,0,0,0,0,3,1,6,1,46,8,1390,1,8,2,1,2
2017010060520,1,9,0,9,0,1,0,4,0,0,1,1,6,1,45,7,1798,8,2,4,1,4
2017010060520,2,90,0,5,0,1,2,4,0,0,4,1,1,1,20,4,-1,-1,-1,1,1,1
2017010060522,1,9,0,18,0,1,0,0,0,0,4,1,1,1,41,7,1796,1,3,2,1,2
2017010060523,1,9,0,18,0,0,0,0,0,0,1,1,6,1,21,5,1398,1,2,3,1,3
2017010060528,1,9,0,18,0,0,0,0,0,0,1,1,6,3,-1,-1,-1,-1,-1,-1,-1,-1
2017010060529,1,9,0,18,0,4,1,0,0,0,1,1,6,1,36,7,1794,1,10,8,1,8
2017010060529,2,9,0,18,0,4,2,0,0,0,4,1,6,1,22,5,1364,1,11,-1,-1,-1
2017010060533,1,9,0,11,0,8,0,0,0,0,0,1,2,2,28,6,1598,1,11,1,1,1
2017010060533,2,1,0,18,0,8,0,10,0,0,0,1,2,1,42,7,-1,-1,-1,1,1,1
2017010060534,1,11,0,18,2,0,0,0,0,0,1,1,1,1,59,9,4500,2,-1,2,1,2
2017010060535,1,19,0,2,0,1,0,0,0,0,1,1,6,3,-1,-1,2198,2,6,-1,-1,-1
2017010060535,2,9,0,18,0,1,5,0,0,0,1,1,6,2,18,4,998,1,3,10,1,10
2017010060536,1,5,0,7,0,6,0,7,0,0,1,1,6,1,27,6,649,1,2,10,1,10
2017010060537,1,11,0,5,0,1,0,0,0,0,0,1,1,1,42,7,4760,2,4,1,1,1
2017010060538,1,9,0,18,0,8,0,0,0,0,3,1,6,1,31,6,2993,2,-1,1,1,1
2017010060538,2,1,0,18,0,8,0,0,0,0,1,1,2,1,32,6,-1,-1,-1,1,1,1
2017010060539,1,9,0,18,0,2,0,0,0,0,1,1,6,1,34,6,1995,2,2,1,1,1
2017010060539,2,9,0,18,0,2,0,0,0,0,4,1,6,1,51,8,-1,-1,-1,9,1,9
2017010060540,1,11,0,5,0,8,0,0,0,0,0,1,1,1,37,7,-1,-1,-1,2,1,2
2017010060541,1,19,0,10,0,1,0,0,0,0,3,1,1,1,46,8,-1,-1,-1,5,1,5
2017010060541,2,3,0,13,0,1,1,0,0,0,3,1,6,1,24,5,-1,-1,-1,1,1,1
2017010060542,1,9,0,5,0,8,0,0,0,0,1,1,6,2,52,8,1590,1,12,4,1,4
2017010060543,1,9,0,18,0,1,0,0,0,0,4,1,6,1,31,6,1910,2,7,2,1,2
2017010060543,2,9,0,9,0,6,0,0,0,0,1,1,6,2,22,5,1199,1,14,4,1,4
2017010060544,1,2,0,18,0,0,0,0,0,0,1,1,1,1,30,6,125,1,3,4,1,4
2017010060544,2,19,0,9,0,0,0,0,0,0,0,2,1,1,55,8,1598,2,3,2,1,2
2017010060545,1,9,0,4,0,1,0,0,0,0,2,1,2,1,40,7,1598,2,2,5,1,5
2017010060545,2,8,0,4,0,1,0,0,0,0,1,1,1,1,54,8,1794,1,10,3,1,3
2017010060546,1,9,0,5,0,0,0,11,0,0,1,1,6,2,33,6,1598,1,12,2,1,2
2017010060548,1,9,0,18,0,0,0,0,0,0,1,1,6,1,39,7,4197,1,12,2,1,2
2017010060548,2,9,0,18,0,0,1,0,0,0,1,1,6,1,61,9,1596,1,16,3,1,3
2017010060549,1,1,0,18,9,1,0,0,0,0,1,1,6,3,-1,-1,-1,-1,-1,-1,-1,-1
2017010060550,1,9,0,5,9,0,0,0,7,10,1,1,3,2,33,6,1389,1,16,9,1,9
2017010060550,2,9,0,2,0,0,0,0,0,0,2,1,6,3,-1,-1,1995,2,15,-1,-1,-1
2017010060551,1,9,0,18,0,0,0,10,0,0,4,1,6,1,21,5,1461,2,1,10,1,10
2017010060552,1,9,0,7,0,6,0,0,0,0,1,1,6,2,21,5,-1,-1,-1,5,1,5
2017010060552,2,1,0,18,0,8,0,0,0,0,4,1,6,1,54,8,-1,-1,-1,2,1,2
2017010060554,1,9,0,14,0,1,0,0,0,0,4,1,6,1,23,5,1598,1,11,6,1,6
2017010060554,2,9,0,18,0,1,0,0,0,0,3,1,6,1,40,7,1461,2,2,3,1,3
2017010060554,3,9,0,2,0,1,0,0,0,0,0,1,6,3,-1,-1,1398,2,8,-1,-1,-1
2017010060554,4,9,0,2,0,1,0,0,0,0,3,1,6,3,-1,-1,1339,1,5,-1,-1,-1
2017010060554,5,19,0,2,0,1,0,0,0,0,3,1,6,3,-1,-1,1560,2,9,-1,-1,-1
2017010060554,6,19,0,2,0,1,0,0,0,0,4,1,6,3,-1,-1,-1,-1,-1,-1,-1,-1
2017010060554,7,9,0,2,0,1,0,0,0,0,1,1,6,3,-1,-1,-1,-1,-1,-1,-1,-1
2017010060556,1,9,0,18,0,0,0,0,0,0,3,1,6,1,31,6,2987,2,-1,2,1,2
2017010060557,1,9,0,11,0,0,0,0,0,0,1,1,6,1,21,5,2143,2,6,7,1,7
2017010060557,2,9,0,3,0,0,0,0,0,0,2,1,6,1,32,6,1796,1,12,5,1,5
2017010060557,3,9,0,3,0,0,0,0,0,0,0,1,6,1,21,5,1499,2,1,4,1,4
2017010060560,1,9,0,8,0,6,0,0,0,0,1,1,6,1,37,7,1999,1,11,8,1,8
2017010060561,1,8,0,18,0,0,0,0,0,0,3,1,6,1,67,10,-1,-1,-1,-1,-1,-1
2017010060563,1,9,0,18,0,3,0,0,0,0,1,1,6,1,19,4,1995,2,4,1,1,1
2017010060563,2,8,0,18,0,3,0,0,0,0,3,1,1,1,48,8,2143,2,4,2,1,2
2017010060564,1,11,0,4,0,2,0,0,0,0,0,1,1,1,43,7,4461,2,3,2,1,2
2017010060565,1,11,0,5,0,0,0,0,0,0,0,1,1,1,60,9,6700,2,9,2,1,2
2017010060567,1,9,0,5,0,4,0,0,0,0,1,1,6,1,46,8,2179,2,4,3,1,3
2017010060567,2,1,0,18,0,3,0,0,0,0,4,1,6,1,37,7,-1,-1,-1,3,1,3
2017010060568,1,9,0,9,0,5,0,0,0,0,1,1,6,1,42,7,1598,1,4,8,1,8
2017010060568,2,5,0,18,0,1,0,0,0,0,1,1,6,1,57,9,750,1,39,3,1,3
2017010060569,1,9,0,1,0,0,0,0,0,0,2,1,2,2,19,4,-1,-1,-1,3,3,3
2017010060569,2,4,0,18,0,0,0,0,0,0,4,1,1,1,32,6,-1,-1,-1,3,1,3
2017010060570,1,11,0,5,0,1,0,0,0,0,0,1,1,1,37,7,4500,2,5,5,1,5
2017010060573,1,9,0,18,0,1,0,0,0,0,1,1,6,1,33,6,1399,2,6,5,1,5
2017010060573,2,19,0,9,0,1,0,0,0,0,1,1,6,3,-1,-1,2198,2,2,-1,-1,-1
2017010060574,1,11,0,5,2,0,0,0,0,0,0,1,6,1,41,7,4500,2,6,2,1,2
2017010060575,1,20,0,18,0,0,0,0,0,0,2,1,6,3,-1,-1,-1,-1,-1,-1,-1,-1
2017010060575,2,90,0,18,0,0,2,0,0,0,1,1,6,1,-1,-1,-1,-1,-1,-1,-1,-1
2017010060576,1,4,0,18,0,1,1,7,0,0,4,1,6,1,16,4,-1,-1,-1,-1,-1,-1
2017010060576,2,9,0,18,0,1,0,0,0,0,3,1,1,1,-1,-1,2993,2,2,4,1,4
2017010060577,1,9,0,18,0,0,0,0,0,0,1,1,6,1,34,6,2204,2,9,1,1,1
2017010060577,2,9,0,3,0,0,0,0,0,0,2,1,6,1,67,10,1229,1,10,4,1,4
2017010060578,1,3,0,18,0,1,0,0,0,0,1,1,6,1,21,5,125,1,1,-1,-1,-1
2017010060578,2,8,0,5,0,1,0,0,0,0,1,1,1,1,40,7,1997,2,6,7,1,7
2017010060580,1,9,0,9,0,1,0,0,0,0,3,1,6,1,55,8,1998,1,14,3,1,3
2017010060580,2,9,0,13,0,1,0,0,7,10,1,1,6,2,53,8,1598,1,11,2,1,2
2017010060581,1,3,0,18,0,0,0,0,0,0,1,1,6,1,19,4,-1,-1,-1,-1,-1,-1
2017010060581,2,9,0,18,0,0,0,0,0,0,4,1,6,1,52,8,1596,1,8,5,1,5
2017010060581,3,9,0,2,0,0,0,0,0,0,3,1,6,3,-1,-1,1995,2,12,-1,-1,-1
2017010060584,1,1,0,18,0,6,0,0,0,0,1,1,6,1,67,10,-1,-1,-1,6,1,6
2017010060584,2,19,0,9,0,6,0,0,0,0,1,1,1,1,26,6,1995,2,-1,9,1,9
2017010060587,1,9,0,17,9,0,1,10,7,10,1,1,6,1,23,5,1999,1,12,1,1,1
2017010060588,1,9,0,18,0,1,0,0,0,0,1,1,6,1,28,6,1398,1,7,6,1,6
2017010060589,1,9,0,18,0,2,1,0,0,0,1,1,6,1,32,6,1598,1,10,5,1,5
2017010060589,2,8,0,3,2,1,0,0,1,0,2,1,1,1,33,6,1796,1,4,4,1,4
2017010060591,1,8,0,3,0,2,0,0,0,0,2,1,1,1,55,8,1798,8,1,7,1,7
2017010060591,2,9,0,18,0,1,0,0,0,0,1,1,6,1,37,7,2401,2,14,7,1,7
2017010060592,1,9,0,15,0,8,0,0,0,0,2,1,6,1,22,5,1968,2,4,7,1,7
2017010060592,2,9,0,11,0,8,0,0,0,0,1,1,6,1,23,5,1499,1,1,7,1,7
2017010060594,1,9,0,18,0,8,0,0,0,0,1,1,6,3,-1,-1,-1,-1,-1,-1,-1,-1
2017010060595,1,9,0,18,0,0,5,4,0,0,1,1,6,2,77,11,998,1,21,8,1,8
2017010060595,2,9,0,2,0,0,0,0,0,0,1,1,6,3,-1,-1,1589,1,19,-1,-1,-1
2017010060597,1,9,0,18,0,0,0,0,0,0,0,1,6,1,60,9,1229,1,8,4,1,4
2017010060597,2,9,0,18,0,0,0,0,0,0,3,1,6,2,44,7,1798,1,10,8,2,8
2017010060597,3,9,0,18,0,0,0,0,0,0,1,1,6,2,52,8,2179,2,6,9,3,9
2017010060598,1,9,0,18,0,8,0,0,0,0,4,1,6,1,25,5,2143,2,4,2,1,2
2017010060599,1,9,0,9,0,8,0,0,0,0,1,1,6,1,22,5,-1,-1,-1,6,1,6
2017010060599,2,1,0,18,0,1,0,0,0,0,1,1,2,1,33,6,-1,-1,-1,1,1,1
2017010060600,1,9,0,18,0,0,0,0,0,0,1,1,6,1,18,4,1596,1,13,2,1,2
2017010060600,2,9,0,18,0,0,0,0,0,0,1,1,1,1,36,7,1797,8,3,2,1,2
2017010060602,1,9,0,18,0,1,0,0,0,0,1,1,2,2,18,4,1596,1,12,7,1,7
2017010060602,2,8,0,18,9,1,0,0,1,0,1,1,1,1,53,8,1598,2,2,4,1,4
2017010060604,1,8,0,15,0,0,0,4,0,0,4,1,1,1,32,6,1797,8,7,2,1,2
2017010060604,2,9,0,2,0,0,0,0,0,0,4,1,6,3,-1,-1,2488,1,8,-1,-1,-1
2017010060606,1,9,0,18,0,1,0,7,3,10,1,1,6,2,45,7,1596,1,12,-1,-1,-1
2017010060607,1,8,0,3,0,2,0,0,0,0,2,1,1,1,43,7,1956,2,6,2,1,2
2017010060607,2,9,0,18,0,1,0,4,0,0,1,1,6,3,-1,-1,1783,1,14,-1,-1,-1
2017010060612,1,9,0,18,0,2,0,0,0,0,4,1,6,1,27,6,2497,1,10,8,1,8
2017010060613,1,9,0,9,0,6,0,0,0,0,3,1,6,2,23,5,998,1,12,7,1,7
2017010060613,2,9,0,18,0,1,0,0,0,0,4,1,6,2,32,6,1240,1,9,5,1,5
2017010060615,1,9,0,10,0,5,0,0,0,0,1,1,2,2,39,7,996,1,7,4,1,4
2017010060615,2,9,0,18,0,1,0,0,0,0,4,1,2,1,43,7,1198,1,7,6,1,6
2017010060616,1,11,0,17,0,4,0,0,0,0,0,1,6,2,52,8,4820,2,2,7,1,7
2017010060618,1,9,0,5,0,8,0,0,0,0,1,1,6,2,54,8,1910,2,8,10,1,10
2017010060618,2,4,0,13,0,8,0,0,0,0,1,1,6,1,-1,-1,-1,-1,-1,-1,-1,-1
2017010060620,1,9,0,18,0,1,0,0,0,0,4,1,6,1,27,6,1956,2,8,4,1,4
2017010060620,2,1,0,12,0,1,0,0,0,0,3,1,6,2,38,7,-1,-1,-1,6,1,6
2017010060622,1,9,0,18,0,1,0,0,0,0,1,1,6,1,38,7,1598,1,3,7,3,7
2017010060622,2,9,0,3,0,1,0,0,0,0,2,1,6,1,37,7,1798,8,1,2,1,2
2017010060623,1,9,0,9,0,3,1,0,0,0,2,1,2,2,30,6,-1,-1,-1,3,1,3
2017010060623,2,9,0,18,0,1,0,0,0,0,1,1,6,2,33,6,2148,2,8,4,1,4
2017010060624,1,9,0,10,0,1,0,0,0,0,1,1,6,1,22,5,1596,1,5,3,1,3
2017010060624,2,4,0,18,0,1,0,0,0,0,1,1,6,1,33,6,-1,-1,-1,3,1,3
2017010060624,3,5,0,18,0,1,0,0,0,0,3,1,6,1,32,6,-1,-1,-1,8,1,8
2017010060625,1,1,0,5,0,2,0,0,0,0,1,1,6,1,22,5,-1,-1,-1,2,1,2
2017010060627,1,9,0,10,0,6,0,0,0,0,1,1,6,2,24,5,1388,1,6,8,1,8
2017010060627,2,9,0,17,0,1,0,0,0,0,1,1,6,2,58,9,1596,1,11,10,1,10
2017010060628,1,9,0,1,0,2,0,0,0,0,2,1,6,1,-1,-1,1600,2,7,-1,-1,-1
2017010060629,1,9,0,18,0,6,0,4,0,0,1,1,2,1,27,6,1995,1,12,1,1,1
2017010060629,2,9,0,4,0,6,0,0,0,0,2,1,6,1,42,7,4197,1,10,4,1,4
2017010060631,1,9,0,9,0,6,0,0,0,0,4,1,6,1,67,10,2993,2,7,3,1,3
2017010060631,2,9,0,18,0,8,0,0,0,0,3,1,6,1,59,9,1997,2,1,6,1,6
2017010060632,1,9,0,9,0,2,0,0,0,0,1,1,6,1,31,6,1791,8,6,3,1,3
2017010060633,1,9,0,15,0,8,0,0,0,0,3,1,6,1,27,6,1968,2,3,3,1,3
2017010060633,2,9,0,9,0,8,0,0,0,0,1,1,6,1,47,8,1997,2,8,6,1,6
2017010060634,1,9,0,5,0,0,0,0,0,0,1,1,6,2,87,11,1275,1,24,1,1,1
2017010060634,2,9,0,2,0,0,0,0,0,0,1,1,6,3,-1,-1,998,1,1,-1,-1,-1
2017010060635,1,9,0,5,0,0,0,0,0,0,1,1,6,2,45,7,998,1,16,1,1,1
2017010060635,2,9,0,5,0,0,0,0,3,3,1,1,6,2,30,6,1229,1,4,7,1,7
2017010060636,1,19,0,7,0,6,0,0,0,0,1,1,1,1,36,7,1968,2,1,4,1,4
2017010060636,2,9,0,18,0,2,1,7,0,0,1,1,6,2,36,7,998,1,17,3,1,3
2017010060637,1,11,0,18,0,2,0,4,0,0,1,1,1,1,46,8,6700,2,8,5,1,5
2017010060637,2,9,0,4,0,1,0,0,0,0,1,1,6,1,31,6,-1,-1,-1,3,1,3
2017010060638,1,8,0,18,0,0,0,0,0,0,3,2,1,1,46,8,1598,1,4,3,1,3
2017010060639,1,9,0,18,0,0,0,4,0,0,1,1,6,2,22,5,1398,1,4,5,1,5
2017010060639,2,19,0,18,0,0,0,0,0,0,1,1,6,1,33,6,2198,2,2,6,1,6
2017010060639,3,9,0,2,0,0,0,0,0,0,0,1,6,3,-1,-1,1390,1,12,-1,-1,-1
2017010060639,4,9,0,2,0,0,0,0,0,0,3,1,6,3,-1,-1,1998,2,14,-1,-1,-1
2017010060640,1,9,0,9,0,5,0,0,0,0,3,1,6,1,72,10,1242,1,3,7,1,7
2017010060640,2,5,0,13,0,1,0,0,0,0,1,1,6,1,29,6,1801,1,-1,7,1,7
2017010060641,1,9,0,17,0,5,1,11,0,0,1,1,6,2,63,9,1197,1,2,8,1,8
2017010060641,2,9,0,18,0,5,1,11,0,0,1,1,6,1,34,6,1968,2,10,5,1,5
2017010060644,1,9,0,5,0,8,0,0,0,0,1,1,6,1,25,5,1395,1,1,3,1,3
2017010060646,1,1,0,9,9,6,0,0,0,0,0,1,6,1,39,7,-1,-1,-1,2,1,2
2017010060647,1,9,0,14,0,0,0,0,0,0,1,1,6,1,21,5,1995,2,8,3,1,3
2017010060648,1,9,0,4,0,1,0,0,0,0,1,1,6,1,37,7,1997,2,8,-1,-1,-1
2017010060649,1,9,0,2,0,1,0,0,0,0,3,1,6,3,-1,-1,5000,1,5,-1,-1,-1
2017010060649,2,9,0,7,0,1,0,0,0,0,1,1,6,2,35,6,1598,1,8,6,1,6
2017010060651,1,9,0,18,0,8,0,0,0,0,1,1,6,1,32,6,-1,-1,-1,7,1,7
2017010060651,2,9,0,3,0,8,0,0,0,0,2,1,6,1,20,4,1388,1,10,3,1,3
2017010060654,1,9,0,3,0,2,0,0,0,0,4,1,6,1,64,9,1596,1,14,6,1,6
2017010060654,2,1,0,5,0,2,0,0,0,0,1,1,6,1,-1,-1,-1,-1,-1,5,1,5
2017010060655,1,3,0,18,0,8,0,0,0,0,1,1,6,1,17,4,125,1,2,4,1,4
2017010060656,1,3,0,4,0,1,1,0,0,0,4,1,2,1,43,7,125,1,2,3,1,3
2017010060658,1,9,0,18,0,0,0,0,0,0,1,1,6,2,20,4,1499,1,1,9,1,9
2017010060658,2,9,0,4,0,0,0,0,0,0,3,1,1,1,39,7,1364,2,3,7,1,7
2017010060659,1,9,0,4,0,1,0,0,0,0,3,1,6,1,34,6,2993,2,1,4,1,4
2017010060659,2,9,0,18,0,1,0,0,0,0,0,1,6,1,42,7,2993,2,2,4,1,4
2017010060659,3,9,0,18,0,1,0,0,0,0,0,1,6,1,48,8,2993,2,1,4,1,4
2017010060659,4,4,0,18,0,1,0,0,1,0,0,1,6,1,19,4,330,1,5,-1,-1,-1
2017010060660,1,9,0,18,0,8,0,0,0,0,1,1,6,2,24,5,1229,1,8,3,1,3
2017010060661,1,9,0,9,0,3,1,0,2,2,1,1,6,1,18,4,998,1,13,7,1,7
2017010060662,1,9,0,5,0,8,0,0,0,0,3,1,6,1,34,6,1240,1,12,3,1,3
2017010060662,2,9,0,9,0,8,0,0,0,0,1,1,6,1,70,10,-1,-1,-1,-1,2,-1
2017010060667,1,3,0,14,0,-1,0,0,0,0,2,1,1,1,32,6,108,1,2,2,1,2
2017010060667,2,9,0,18,0,-1,0,0,0,0,1,-1,6,1,-1,-1,1242,1,4,-1,-1,-1
2017010060669,1,9,0,18,0,8,0,0,0,0,1,1,6,2,57,9,1595,1,15,9,1,9
2017010060669,2,9,0,18,0,8,0,0,0,0,2,1,6,1,42,7,1596,1,12,4,1,4
2017010060669,3,9,0,18,0,4,0,0,0,0,0,1,6,1,47,8,1995,2,2,-1,-1,-1
2017010060672,1,9,0,18,0,0,0,0,0,0,1,1,1,1,30,6,1753,2,8,2,1,2
2017010060672,2,9,0,18,0,0,0,0,0,0,2,1,1,2,52,8,999,1,4,3,1,3
2017010060672,3,9,0,18,0,0,0,0,0,0,2,1,1,2,43,7,1686,2,6,2,1,2
2017010060674,1,1,0,9,0,4,0,0,0,0,4,1,6,2,40,7,-1,-1,-1,9,1,9
2017010060674,2,9,0,8,0,4,0,0,0,0,1,-1,6,1,-1,-1,1200,1,4,-1,-1,-1
2017010060682,1,9,0,18,0,0,0,0,0,0,-1,-1,2,1,36,7,1968,2,10,2,1,2
2017010060682,2,19,-1,-1,-1,0,-1,0,-1,-1,-1,-1,6,3,-1,-1,2143,2,6,-1,-1,-1
2017010060685,1,9,0,4,0,0,0,0,0,0,2,-1,6,2,34,6,2179,2,6,8,1,8
2017010060685,2,9,0,-1,0,0,0,0,0,0,1,-1,6,1,21,5,-1,-1,-1,8,1,8
2017010060691,1,9,0,5,0,8,0,0,0,0,1,1,6,1,78,11,1995,2,4,8,1,8
2017010060691,2,9,0,18,0,1,0,0,0,0,1,1,6,1,25,5,999,1,-1,4,1,4
2017010060691,3,9,0,3,0,1,0,0,0,0,3,1,3,2,35,6,1968,2,6,6,1,6
2017010060694,1,9,0,18,0,0,0,0,0,0,2,-1,6,1,30,6,1995,2,7,5,1,5
2017010060694,2,9,0,18,0,0,0,0,0,0,1,-1,6,1,25,5,1400,1,10,2,1,2
2017010060696,1,9,-1,3,0,1,-1,-1,-1,-1,-1,-1,6,1,56,9,1598,1,5,5,1,5
2017010060696,2,9,-1,-1,-1,1,-1,-1,-1,-1,-1,-1,6,3,-1,-1,1796,1,10,-1,-1,-1
2017010060697,1,9,-1,18,-1,-1,-1,0,0,0,-1,-1,6,3,-1,-1,1956,2,2,-1,-1,-1
2017010060697,2,1,0,-1,0,2,0,0,0,0,-1,1,6,1,33,6,-1,-1,-1,5,1,5
2017010060700,1,1,0,9,0,1,-1,-1,0,0,-1,1,6,2,30,6,-1,-1,-1,3,1,3
2017010060700,2,9,0,-1,0,-1,0,-1,0,0,-1,-1,6,1,17,4,1248,1,1,9,1,9
2017010060702,1,1,-1,-1,-1,-1,-1,-1,-1,-1,-1,1,6,3,-1,-1,-1,-1,-1,-1,-1,-1
2017010060703,1,3,0,14,0,8,0,0,0,0,4,1,2,2,25,5,124,1,11,6,1,6
2017010060703,2,9,0,9,0,8,0,0,0,0,3,1,2,1,53,8,2494,8,2,4,1,4
2017010060703,3,19,0,3,0,1,0,0,0,0,0,1,1,1,36,7,6374,2,4,3,1,3
2017010060704,1,9,0,4,0,1,0,10,0,0,1,1,6,1,40,7,2148,2,13,7,1,7
2017010060718,1,5,0,18,0,1,0,0,0,0,1,1,2,1,75,10,599,1,13,10,2,10
2017010060724,1,9,-1,3,0,0,0,0,0,0,2,-1,6,2,36,7,1984,1,17,2,1,2
2017010060724,2,9,-1,18,0,0,0,0,0,0,1,-1,6,1,39,7,1598,1,2,1,1,1