Accident_Index,Vehicle_Reference,Vehicle_Type,Towing_and_Articulation,Vehicle_Manoeuvre,Vehicle_Location-Restricted_Lane,Junction_Location,Skidding_and_Overturning,Hit_Object_in_Carriageway,Vehicle_Leaving_Carriageway,Hit_Object_off_Carriageway,1st_Point_of_Impact,Was_Vehicle_Left_Hand_Drive?,Journey_Purpose_of_Driver,Sex_of_Driver,Age_of_Driver,Age_Band_of_Driver,Engine_Capacity_(CC),Propulsion_Code,Age_of_Vehicle,Driver_IMD_Decile,Driver_Home_Area_Type,Vehicle_IMD_Decile
2017010060730,1,1,-1,18,9,-1,-1,-1,-1,-1,1,1,6,1,-1,-1,-1,-1,-1,-1,-1,-1
2017010060732,1,9,0,18,-1,-1,0,-1,-1,-1,-1,-1,6,1,40,7,1598,1,9,2,1,2
2017010060732,2,9,-1,-1,0,-1,-1,-1,-1,-1,-1,-1,6,1,-1,-1,999,1,-1,-1,-1,-1
2017010060734,1,9,0,18,0,0,0,0,0,0,0,1,3,2,35,6,2148,2,13,9,1,9
2017010060738,1,8,0,10,0,1,0,0,0,0,1,1,1,1,67,10,2143,2,4,6,1,6
2017010060738,2,9,0,18,0,1,0,0,0,0,1,1,6,1,78,11,1599,1,12,7,1,7
2017010060738,3,9,0,18,0,8,0,0,0,0,1,1,6,1,58,9,-1,-1,-1,4,1,4
2017010060742,1,1,0,18,0,1,0,0,0,0,1,1,6,2,-1,-1,-1,-1,-1,-1,-1,-1
2017010060743,1,19,-1,-1,-1,-1,-1,-1,-1,-1,-1,-1,6,1,47,8,2402,2,13,4,1,4
2017010060748,1,1,0,18,0,0,-1,0,0,0,1,1,6,1,44,7,-1,-1,-1,4,1,4
2017010060749,1,3,-1,18,0,0,-1,0,0,0,3,1,6,2,33,6,125,1,3,2,1,2
2017010060749,2,9,0,13,0,0,0,0,0,0,-1,-1,6,3,-1,-1,2720,2,9,-1,-1,-1
2017010060752,1,9,0,6,0,0,0,0,0,0,4,-1,6,2,26,6,1968,2,2,2,1,2
2017010060752,2,9,-1,-1,0,0,0,-1,0,0,-1,-1,6,3,-1,-1,1364,1,9,-1,-1,-1
2017010060753,1,9,0,9,0,6,0,0,0,0,1,1,1,1,54,8,1598,1,3,3,1,3
2017010060753,2,9,0,18,0,6,0,0,0,0,4,1,6,2,53,8,2987,2,7,8,1,8
2017010060754,1,11,0,18,0,2,0,0,0,0,0,1,1,1,54,8,5132,2,3,2,1,2
2017010060755,1,9,-1,-1,0,0,-1,0,-1,0,2,-1,6,2,50,8,1976,1,7,6,1,6
2017010060755,2,1,-1,-1,-1,0,-1,-1,-1,0,1,1,6,1,-1,-1,-1,-1,-1,-1,-1,-1
2017010060756,1,1,-1,-1,-1,-1,-1,-1,-1,-1,-1,1,6,1,49,8,-1,-1,-1,4,1,4
2017010060756,2,9,0,-1,-1,-1,0,-1,-1,-1,-1,-1,6,1,49,8,2295,1,13,3,1,3
2017010060759,1,1,-1,18,-1,4,-1,-1,-1,-1,-1,1,6,1,44,7,-1,-1,-1,5,1,5
2017010060759,2,9,-1,18,-1,4,-1,-1,-1,-1,-1,-1,6,2,-1,-1,1796,1,7,-1,-1,-1
2017010060762,1,9,0,8,0,2,0,0,0,0,2,-1,6,2,28,6,1596,1,7,2,1,2
2017010060762,2,3,-1,18,-1,1,-1,0,0,0,1,1,6,3,-1,-1,689,1,1,-1,-1,-1
2017010060770,1,9,0,9,0,1,0,0,0,0,1,1,6,2,32,6,2000,2,13,1,1,1
2017010060770,2,4,0,18,2,1,0,0,0,0,4,1,6,1,34,6,124,1,8,4,1,4
2017010060772,1,3,0,15,0,2,5,0,0,0,2,1,6,2,24,5,-1,-1,-1,7,1,7
2017010060772,2,21,1,16,0,2,0,0,0,0,4,1,1,1,55,8,6700,2,1,6,1,6
2017010060774,1,9,-1,18,0,0,0,0,0,0,2,-1,6,1,38,7,-1,3,-1,7,1,7
2017010060774,2,9,0,3,0,0,0,0,0,0,1,1,6,1,-1,-1,1390,1,13,4,1,4
2017010060775,1,4,0,18,0,1,0,0,0,0,1,1,6,1,47,8,847,1,1,4,1,4
2017010060775,2,9,-1,9,-1,-1,-1,-1,-1,0,-1,-1,6,1,-1,-1,1560,2,-1,10,1,10
2017010060779,1,3,0,18,0,1,0,0,0,0,4,1,1,1,37,7,125,1,4,3,1,3
2017010060779,2,19,0,18,0,1,0,0,0,0,1,1,6,3,-1,-1,1560,2,3,-1,-1,-1
2017010060779,3,19,0,2,0,1,0,0,0,0,1,1,6,3,-1,-1,-1,-1,-1,-1,-1,-1
2017010060780,1,9,0,5,0,1,0,0,0,0,1,1,6,2,38,7,2926,2,15,9,1,9
2017010060780,2,3,0,18,0,1,0,0,0,0,1,1,6,2,53,8,124,1,2,6,1,6
2017010060788,1,9,-1,3,0,0,-1,-1,-1,-1,-1,-1,6,2,49,8,2179,2,9,-1,-1,-1
2017010060788,2,19,-1,-1,0,0,-1,-1,0,0,1,-1,6,2,-1,-1,1995,2,7,-1,-1,-1
2017010060790,1,8,0,3,2,1,0,0,0,0,4,1,1,1,35,6,1560,2,5,10,1,10
2017010060790,2,5,0,15,2,1,0,0,0,0,4,1,2,1,32,6,649,1,9,4,1,4
2017010060793,1,3,0,18,0,2,0,0,0,0,1,1,1,1,41,7,125,1,10,5,1,5
2017010060793,2,1,0,9,0,1,0,0,0,0,2,1,6,1,43,7,-1,-1,-1,8,1,8
2017010060797,1,9,0,18,0,0,0,0,0,0,4,1,6,2,56,9,1339,1,12,5,1,5
2017010060798,1,9,-1,-1,-1,-1,-1,-1,-1,-1,-1,-1,6,1,45,7,1798,8,1,5,1,5
2017010060799,1,1,-1,18,0,-1,-1,0,0,0,1,1,6,1,33,6,-1,-1,-1,9,1,9
2017010060799,2,9,-1,17,0,-1,-1,0,0,0,3,-1,6,1,-1,-1,1124,1,10,-1,-1,-1
2017010060800,1,19,0,9,0,5,0,0,0,0,3,1,6,3,-1,-1,-1,-1,-1,-1,-1,-1
2017010060800,2,3,0,13,0,2,0,0,0,0,4,1,6,1,42,7,125,1,1,1,1,1
2017010060801,1,5,0,18,2,8,0,0,0,0,1,1,6,1,56,9,782,1,-1,4,1,4
2017010060801,2,9,0,7,2,5,0,0,0,0,4,1,6,2,52,8,996,1,7,10,1,10
2017010060802,1,9,0,6,0,0,0,0,0,0,3,1,6,1,35,6,1896,2,15,6,1,6
2017010060802,2,5,0,18,0,0,0,0,0,0,1,1,6,1,24,5,645,1,18,7,1,7
2017010060811,1,9,0,9,0,0,0,0,0,0,3,2,6,1,42,7,1598,1,13,3,1,3
2017010060811,2,8,0,18,6,0,0,0,0,0,1,2,6,1,30,6,1797,8,6,1,1,1
2017010060811,3,4,0,13,0,0,1,0,0,0,1,1,6,1,-1,-1,499,1,9,-1,-1,-1
2017010060815,1,1,0,18,0,6,0,0,0,0,1,1,1,1,51,8,-1,-1,-1,3,1,3
2017010060815,2,19,0,9,0,6,0,0,0,0,1,1,1,1,47,8,2198,2,7,3,1,3
2017010060820,1,1,0,3,-1,-1,-1,0,-1,-1,2,1,6,1,23,5,-1,-1,-1,7,1,7
2017010060820,2,9,0,-1,0,1,0,0,0,0,1,-1,6,1,-1,-1,1968,2,5,-1,-1,-1
2017010060824,1,9,0,18,0,6,0,-1,0,0,1,-1,6,1,44,7,2494,1,19,3,1,3
2017010060833,1,9,0,18,0,0,0,0,0,0,3,1,1,1,34,6,-1,-1,-1,9,1,9
2017010060833,2,9,0,18,0,0,0,0,0,0,3,1,2,1,35,6,1198,1,8,4,1,4
2017010060833,3,9,0,2,0,0,0,0,0,0,3,2,6,3,-1,-1,1598,1,10,-1,-1,-1
2017010060845,1,9,0,18,0,1,0,0,0,0,0,1,6,1,37,7,1796,1,13,2,1,2
2017010060845,2,3,0,5,0,1,0,0,0,0,1,1,6,1,18,4,125,1,1,1,1,1
2017010060846,1,9,0,3,0,2,0,0,0,0,2,1,6,1,42,7,1596,1,14,1,1,1
2017010060846,2,9,0,18,0,2,0,0,0,0,1,1,6,3,-1,-1,1598,1,11,-1,-1,-1
2017010060847,1,9,0,18,0,3,0,0,0,0,4,1,6,2,24,5,1595,1,3,3,1,3
2017010060847,2,9,0,9,0,4,0,0,0,0,1,1,6,1,25,5,1461,2,5,9,1,9
2017010060848,1,20,1,3,0,0,0,0,0,0,3,2,1,1,30,6,-1,-1,-1,-1,-1,-1
2017010060848,2,8,0,5,0,0,0,0,0,0,2,1,6,1,61,9,2402,2,14,4,1,4
2017010060849,1,9,0,18,0,1,0,0,0,0,1,1,3,2,30,6,1995,2,12,5,1,5
2017010060849,2,9,4,18,0,1,0,0,1,0,1,1,6,2,67,10,-1,-1,-1,7,1,7
2017010060849,3,9,0,2,0,1,0,0,0,0,2,1,6,3,-1,-1,1984,1,12,-1,-1,-1
2017010060850,1,11,0,7,0,5,0,0,0,0,4,1,1,1,49,8,4500,2,9,6,1,6
2017010060850,2,1,0,18,0,8,0,0,0,0,3,1,6,1,19,4,-1,-1,-1,8,1,8
2017010060851,1,4,0,18,0,8,0,0,0,0,4,1,6,1,29,6,645,1,10,-1,-1,-1
2017010060851,2,9,0,9,0,8,0,0,0,0,1,1,6,1,36,7,1598,2,4,5,1,5
2017010060852,1,9,0,18,0,0,0,0,0,0,1,1,6,1,34,6,1997,2,14,8,1,8
2017010060853,1,9,0,18,0,1,0,0,0,0,1,1,6,1,56,9,1997,1,14,4,1,4
2017010060853,2,9,0,18,0,1,0,0,0,0,4,1,6,3,-1,-1,-1,-1,-1,-1,-1,-1
2017010060854,1,19,0,5,0,1,0,0,0,0,4,1,6,1,49,8,2442,2,1,3,1,3
2017010060854,2,1,0,5,0,1,0,0,0,0,3,1,2,1,50,8,-1,-1,-1,5,3,5
2017010060855,1,11,0,9,0,6,0,0,0,0,0,1,1,1,56,9,9000,2,8,4,1,4
2017010060856,1,3,0,18,0,1,1,0,0,0,4,1,1,1,31,6,125,1,8,5,1,5
2017010060856,2,9,0,9,0,6,0,0,0,0,2,1,6,1,43,7,1798,8,4,8,1,8
2017010060857,1,9,0,18,0,8,0,0,0,0,3,1,6,2,40,7,999,1,1,5,1,5
2017010060857,2,9,0,9,0,8,0,0,0,0,1,1,6,2,59,9,2143,2,1,3,1,3
2017010060858,1,8,0,3,0,1,0,0,0,0,2,1,1,1,38,7,1968,2,4,2,1,2
2017010060858,2,8,0,3,0,1,0,0,0,0,2,1,1,1,25,5,1997,2,5,3,1,3
2017010060858,3,8,0,3,0,1,0,0,0,0,2,1,1,1,35,6,2499,2,8,9,1,9
2017010060858,4,11,0,9,0,1,0,11,1,10,2,1,1,1,58,9,4461,2,3,-1,-1,-1
2017010060860,1,9,0,5,0,8,0,0,0,0,1,1,6,1,63,9,1248,1,8,4,1,4
2017010060860,2,1,0,18,0,8,0,0,0,0,3,1,6,1,45,7,-1,-1,-1,3,1,3
2017010060862,1,19,0,9,0,5,0,0,0,0,3,1,2,1,25,5,1560,2,2,8,1,8
2017010060862,2,4,0,13,0,8,0,0,0,0,1,1,6,1,30,6,124,1,5,3,1,3
2017010060863,1,8,0,17,9,8,0,0,1,4,1,1,1,1,59,9,1797,8,7,4,1,4
2017010060863,2,9,0,2,0,8,0,0,0,0,1,1,6,3,-1,-1,1390,1,14,-1,-1,-1
2017010060865,1,9,0,18,0,0,0,0,0,0,1,1,6,3,-1,-1,-1,-1,-1,-1,-1,-1
2017010060867,1,3,0,14,0,1,0,0,0,0,1,1,1,1,18,4,125,1,-1,7,1,7
2017010060867,2,9,0,9,0,1,0,0,0,0,1,1,1,2,63,9,1248,1,7,4,1,4
2017010060868,1,9,0,18,0,8,0,7,0,0,1,1,2,2,37,7,1896,2,9,10,2,10
2017010060871,1,11,0,3,2,2,0,0,0,0,2,1,6,1,45,7,4500,2,5,1,1,1
2017010060871,2,3,0,16,2,2,0,4,0,0,1,1,6,1,31,6,124,1,2,2,1,2
2017010060873,1,9,0,11,0,1,0,0,0,0,0,1,6,1,57,9,1997,2,8,3,1,3
2017010060873,2,1,0,5,0,1,0,0,0,0,0,1,6,1,30,6,-1,-1,-1,3,1,3
2017010060874,1,9,0,18,0,1,1,7,0,0,1,1,6,1,38,7,-1,-1,-1,3,1,3
2017010060874,2,9,0,9,9,6,0,4,3,10,1,1,6,1,77,11,-1,3,-1,5,1,5
2017010060874,3,9,0,2,9,2,0,0,0,0,1,1,6,3,-1,-1,1968,2,-1,-1,-1,-1
2017010060875,1,8,0,18,9,5,0,0,0,0,3,1,1,1,55,8,1798,8,3,2,1,2
2017010060876,1,9,0,18,0,0,0,0,0,0,2,1,6,1,33,6,-1,-1,-1,4,1,4
2017010060876,2,19,0,9,0,0,0,0,0,0,1,1,6,1,43,7,2402,2,7,1,1,1
2017010060877,1,9,0,9,0,1,1,0,0,0,1,1,2,1,29,6,-1,-1,-1,8,1,8
2017010060877,2,9,0,4,0,1,0,0,0,0,1,1,2,1,56,9,1399,2,7,6,1,6
2017010060879,1,3,0,18,0,8,5,0,0,0,1,1,2,1,44,7,125,1,3,5,1,5
2017010060879,2,9,0,18,0,8,1,0,0,0,1,1,6,3,-1,-1,-1,-1,-1,-1,-1,-1
2017010060881,1,9,0,18,0,1,0,0,0,0,4,1,6,1,66,10,3222,2,12,10,1,10
2017010060881,2,9,0,5,0,6,0,0,0,0,1,1,6,2,36,7,1560,2,8,3,1,3
2017010060882,1,9,0,18,9,0,1,0,1,10,1,1,6,1,30,6,2979,1,2,4,1,4
2017010060882,2,9,0,2,9,0,0,0,0,0,4,1,6,3,-1,-1,1299,1,14,-1,-1,-1
2017010060882,3,9,0,2,9,0,0,0,0,0,3,1,6,3,-1,-1,1781,1,25,-1,-1,-1
2017010060883,1,1,-1,-1,-1,-1,-1,-1,-1,-1,-1,1,6,2,31,6,-1,-1,-1,2,1,2
2017010060885,1,9,-1,-1,-1,-1,-1,-1,-1,-1,-1,-1,6,2,46,8,1598,1,3,3,1,3
2017010060885,2,9,-1,-1,-1,-1,-1,-1,-1,-1,-1,-1,6,1,41,7,1598,2,4,2,1,2
2017010060885,3,9,-1,-1,-1,-1,-1,-1,-1,-1,-1,-1,6,1,-1,-1,-1,-1,-1,2,1,2
2017010060889,1,9,0,18,0,1,0,0,0,0,1,-1,6,1,37,7,2967,2,4,-1,-1,-1
2017010060889,2,9,0,18,0,-1,0,-1,-1,-1,-1,-1,6,2,62,9,1796,1,14,10,2,10
2017010060893,1,19,0,5,0,0,0,0,0,0,4,1,1,1,26,6,1598,2,1,1,1,1
2017010060893,2,3,0,18,0,0,2,10,1,10,1,1,1,1,32,6,-1,-1,-1,4,1,4
2017010060900,1,5,0,18,0,1,1,0,0,0,1,1,2,1,20,4,689,1,1,9,1,9
2017010060900,2,19,0,12,0,1,0,0,0,0,2,1,2,1,32,6,1598,2,3,8,1,8
2017010060908,1,1,0,7,0,2,0,0,0,0,1,1,6,3,-1,-1,-1,-1,-1,-1,-1,-1
2017010060910,1,3,0,5,0,1,5,0,0,0,1,1,6,1,38,7,124,1,9,2,1,2
2017010060910,2,19,0,5,0,2,0,0,0,0,2,1,1,1,50,8,1598,2,2,3,1,3
2017010060911,1,9,0,18,0,4,0,0,0,0,1,1,6,1,-1,-1,1968,2,7,-1,-1,-1
2017010060911,2,1,0,18,0,8,0,0,0,0,4,1,6,1,54,8,-1,-1,-1,10,1,10
2017010060918,1,1,0,18,0,-1,-1,-1,-1,-1,-1,1,6,1,25,5,-1,-1,-1,7,1,7
2017010060918,2,9,-1,-1,-1,-1,-1,-1,-1,-1,-1,-1,6,3,-1,-1,-1,-1,-1,-1,-1,-1
2017010060922,1,5,0,18,0,1,0,0,0,0,1,1,1,1,38,7,1247,1,2,6,1,6
2017010060933,1,9,0,9,0,8,0,0,0,0,1,1,6,1,25,5,2987,2,8,8,1,8
2017010060933,2,1,0,18,0,8,5,0,3,0,1,1,2,1,40,7,-1,-1,-1,8,1,8
2017010060944,1,9,0,9,0,5,0,0,0,0,4,1,2,1,46,8,-1,-1,-1,5,2,5
2017010060944,2,1,0,15,0,1,5,0,0,0,1,1,6,1,54,8,-1,-1,-1,10,1,10
2017010060946,1,9,0,17,0,1,0,0,1,10,1,1,6,1,21,5,1598,1,14,4,1,4
2017010060947,1,9,0,7,0,2,0,0,0,0,1,1,3,1,46,8,1400,1,11,5,1,5
2017010060948,1,9,0,1,0,8,0,0,0,0,2,1,3,1,43,7,2987,2,10,1,1,1
2017010060951,1,3,0,7,0,-1,-1,-1,-1,-1,-1,1,6,1,38,7,125,1,-1,-1,-1,-1
2017010060951,2,90,-1,-1,-1,-1,-1,-1,-1,-1,-1,-1,6,1,47,8,-1,-1,-1,1,1,1
2017010060954,1,9,0,10,0,0,0,0,0,0,3,1,2,1,18,4,999,1,12,7,1,7
2017010060954,2,3,0,14,0,0,0,0,0,0,4,1,2,1,35,6,124,1,5,6,1,6
2017010060960,1,9,0,9,0,2,0,0,0,0,1,1,6,1,23,5,1200,1,5,8,1,8
2017010060961,1,9,0,3,0,2,0,0,0,0,2,-1,2,1,52,8,1998,1,12,2,1,2
2017010060961,2,9,0,5,0,1,0,0,0,0,1,-1,6,3,-1,-1,1461,2,8,-1,-1,-1
2017010060963,1,3,-1,18,-1,-1,-1,0,0,0,-1,1,6,1,35,6,125,1,1,3,1,3
2017010060963,2,9,-1,-1,-1,-1,-1,-1,-1,-1,-1,-1,6,3,-1,-1,1200,1,-1,-1,-1,-1
2017010060967,1,9,0,4,0,0,0,0,0,0,2,1,6,1,62,9,1461,2,-1,5,1,5
2017010060967,2,9,0,16,0,0,0,0,0,0,1,1,2,1,32,6,-1,-1,-1,7,3,7
2017010060969,1,5,0,11,0,1,0,10,1,1,1,1,2,1,58,9,998,1,6,2,1,2
2017010060969,2,9,0,9,0,1,0,0,0,0,4,1,2,1,32,6,2979,1,4,-1,-1,-1
2017010060970,1,1,0,18,0,1,0,0,0,0,4,1,6,1,23,5,-1,-1,-1,3,1,3
2017010060971,1,9,0,4,0,8,0,0,0,0,3,1,6,1,27,6,2967,2,3,6,1,6
2017010060971,2,19,0,2,0,1,0,0,0,0,0,1,6,3,-1,-1,-1,-1,-1,-1,-1,-1
2017010060977,1,9,0,18,0,1,-1,0,0,0,1,-1,6,1,57,9,1596,1,14,2,1,2
2017010060982,1,19,0,7,0,5,0,0,0,0,4,1,6,1,28,6,-1,-1,-1,2,1,2
2017010060988,1,9,0,-1,0,1,0,0,0,0,1,-1,6,1,27,6,1229,1,8,-1,-1,-1
2017010060989,1,4,0,18,0,5,0,0,0,0,1,1,6,1,-1,-1,249,1,6,-1,-1,-1
2017010060992,1,9,0,18,0,1,0,0,0,0,1,1,1,1,42,7,2521,1,12,4,1,4
2017010060992,2,9,0,3,0,1,0,0,0,0,2,1,2,2,33,6,1995,2,2,3,1,3
2017010060992,3,9,0,3,0,1,0,0,0,0,2,1,6,1,34,6,1984,1,14,3,1,3
2017010060992,4,9,0,3,0,1,0,0,0,0,2,1,1,1,49,8,2198,1,13,1,1,1
2017010060994,1,9,0,7,0,0,0,0,0,0,1,1,6,2,44,7,1386,1,11,2,1,2
2017010060998,1,3,0,18,2,2,0,0,0,0,1,1,2,1,22,5,124,1,3,5,1,5
2017010060999,1,9,0,10,0,2,0,0,0,0,4,1,2,1,28,6,1461,2,4,4,1,4
2017010060999,2,9,0,18,0,1,0,0,0,0,3,1,2,2,49,8,1242,1,-1,9,1,9
2017010061000,1,9,0,11,0,1,0,0,0,0,3,1,1,1,54,8,-1,-1,-1,2,1,2
2017010061000,2,4,0,18,0,1,0,4,0,0,4,1,6,1,42,7,125,1,2,3,1,3
2017010061000,3,9,0,2,0,1,0,0,0,0,4,1,6,3,-1,-1,1197,1,2,-1,-1,-1
2017010061001,1,9,0,4,0,1,0,11,0,0,1,1,6,1,51,8,2143,2,5,4,1,4
2017010061011,1,8,0,9,0,5,0,0,0,0,3,1,1,1,60,9,1997,2,3,5,1,5
2017010061011,2,1,0,14,0,1,0,0,0,0,1,1,1,1,36,7,-1,-1,-1,3,1,3
2017010061013,1,11,0,18,0,2,0,0,0,0,0,1,1,1,33,6,5132,2,2,9,1,9
2017010061015,1,9,0,18,0,2,0,4,8,10,1,1,6,2,68,10,1339,8,3,4,1,4
2017010061015,2,9,0,2,0,2,0,0,0,0,1,1,6,3,-1,-1,1497,1,16,-1,-1,-1
2017010061020,1,1,0,18,0,8,-1,0,0,0,1,1,6,1,21,5,-1,-1,-1,4,1,4
2017010061020,2,9,0,7,0,8,-1,0,0,0,1,-1,6,1,27,6,-1,-1,-1,3,1,3
2017010061022,1,3,0,18,0,1,1,0,0,0,1,1,2,1,46,8,125,1,1,7,1,7
2017010061022,2,9,0,10,0,2,0,0,0,0,3,1,2,1,27,6,999,1,6,3,1,3
2017010061025,1,3,-1,-1,-1,-1,-1,-1,-1,-1,-1,1,6,1,41,7,900,1,1,6,1,6
2017010061025,2,19,-1,-1,-1,-1,-1,-1,-1,-1,-1,-1,6,1,-1,-1,2499,2,2,9,1,9
2017010061026,1,3,0,18,0,-1,0,0,0,0,2,1,6,1,57,9,125,1,1,4,1,4
2017010061026,2,9,0,11,0,-1,0,0,0,0,1,1,6,1,-1,-1,1997,2,5,-1,-1,-1
2017010061027,1,1,0,18,0,0,0,0,0,0,4,1,6,1,28,6,-1,-1,-1,5,1,5
2017010061027,2,9,0,6,0,0,0,0,0,0,3,-1,6,1,-1,-1,-1,-1,-1,-1,-1,-1
2017010061028,1,1,0,18,0,8,-1,0,0,0,3,1,2,1,31,6,-1,-1,-1,5,1,5
2017010061028,2,9,-1,9,0,8,-1,0,0,0,1,-1,6,3,-1,-1,1200,1,3,-1,-1,-1
2017010061032,1,9,0,18,0,1,0,0,0,0,3,-1,6,2,59,9,3456,8,8,10,1,10
2017010061032,2,9,0,18,0,1,0,0,0,0,1,-1,6,2,-1,-1,2987,2,1,7,1,7
2017010061034,1,3,0,13,0,1,1,0,1,0,1,1,4,1,16,4,-1,-1,-1,2,1,2
2017010061036,1,8,0,18,0,0,0,-1,-1,0,2,-1,6,1,26,6,1995,2,7,4,1,4
2017010061036,2,9,0,18,0,0,0,-1,0,0,1,-1,6,3,-1,-1,1598,1,5,-1,-1,-1
2017010061037,1,19,0,1,0,2,0,0,0,0,2,1,1,1,44,7,2298,2,1,6,1,6
2017010061040,1,11,0,4,0,0,0,0,0,0,1,1,1,1,43,7,4500,2,1,2,1,2
2017010061040,2,9,0,4,0,0,0,0,0,0,2,1,1,1,31,6,1968,2,3,7,1,7
2017010061040,3,90,0,4,0,0,0,0,0,0,2,1,1,1,50,8,2463,2,11,6,1,6
2017010061040,4,9,0,4,0,0,0,0,0,0,2,1,1,1,37,7,-1,-1,-1,6,1,6
2017010061040,5,9,0,4,0,0,0,0,0,0,2,1,1,1,31,6,-1,-1,-1,9,1,9
2017010061040,6,9,0,3,0,0,0,0,0,0,2,1,1,2,37,7,-1,-1,-1,3,1,3
2017010061042,1,1,0,18,0,1,0,0,0,0,2,1,6,2,27,6,-1,-1,-1,4,1,4
2017010061042,2,9,0,18,0,1,0,0,0,0,1,-1,6,1,-1,-1,1598,1,5,-1,-1,-1
2017010061044,1,3,0,5,0,1,1,0,0,0,2,1,6,1,30,6,124,1,5,2,1,2
2017010061044,2,9,0,18,0,8,0,0,0,0,1,1,6,3,-1,-1,-1,-1,-1,-1,-1,-1
2017010061046,1,9,0,5,0,0,0,0,0,0,4,1,6,2,24,5,1390,1,10,3,1,3
2017010061046,2,8,0,18,0,0,0,0,0,0,4,1,1,1,47,8,2499,2,4,1,1,1
2017010061050,1,9,0,18,0,0,0,0,0,0,1,-1,6,1,22,5,1398,1,1,3,1,3
2017010061051,1,9,0,13,0,1,0,0,0,0,1,1,6,1,53,8,1595,1,15,4,2,4
2017010061051,2,9,0,5,0,2,0,0,0,0,1,1,6,1,45,7,1999,1,9,2,1,2
2017010061052,1,1,0,4,0,-1,0,0,0,0,0,1,6,1,27,6,-1,-1,-1,6,1,6
2017010061052,2,9,0,18,0,-1,0,0,0,0,2,-1,6,2,-1,-1,998,1,3,-1,-1,-1
2017010061055,1,9,0,18,0,0,0,0,0,0,1,1,6,3,-1,-1,2979,1,14,-1,-1,-1
2017010061058,1,9,0,7,2,8,0,0,0,0,4,1,2,1,47,8,-1,-1,-1,3,1,3
2017010061060,1,19,0,9,0,2,0,0,0,0,0,1,1,1,27,6,1968,2,-1,1,1,1
2017010061060,2,3,0,18,0,1,1,0,0,0,0,1,1,1,27,6,125,1,-1,7,1,7
2017010061061,1,9,0,7,0,2,0,0,0,0,3,1,6,2,30,6,1995,2,13,2,1,2
2017010061062,1,19,0,3,0,0,0,0,0,0,3,1,1,1,28,6,1560,2,1,4,1,4
2017010061062,2,1,0,15,0,0,0,4,0,0,1,1,2,1,50,8,-1,-1,-1,8,1,8
2017010061066,1,9,0,18,0,0,0,0,0,0,1,1,6,1,44,7,1596,1,13,5,1,5
2017010061066,2,9,0,3,0,0,0,0,0,0,2,1,2,1,47,8,1796,2,5,1,1,1
2017010061067,1,9,0,18,0,1,0,11,0,0,1,1,6,1,38,7,2993,2,-1,-1,-1,-1
2017010061067,2,9,0,18,0,1,0,0,0,0,1,1,6,1,40,7,2993,2,-1,-1,-1,-1
2017010061067,3,9,0,18,0,1,0,0,0,0,1,1,6,1,37,7,2993,2,2,1,1,1
2017010061068,1,9,0,18,0,1,0,0,0,0,3,1,6,3,-1,-1,-1,-1,-1,-1,-1,-1
2017010061069,1,9,0,12,9,5,0,10,7,10,1,1,6,1,84,11,1390,1,8,8,1,8
2017010061070,1,9,0,7,0,2,0,0,0,0,2,1,6,2,45,7,-1,-1,-1,3,1,3
2017010061070,2,8,0,7,0,6,0,0,0,0,2,1,1,1,37,7,1798,8,4,2,1,2
2017010061070,3,11,0,7,0,6,0,4,0,0,1,1,1,1,61,9,4500,2,5,5,1,5
2017010061070,4,19,0,13,0,4,0,0,0,0,0,1,1,1,30,6,2198,2,1,3,1,3
2017010061071,1,9,0,9,0,6,0,0,0,0,3,1,1,1,25,5,-1,-1,-1,5,1,5
2017010061072,1,9,0,9,0,1,0,0,0,0,1,1,6,1,38,7,1598,1,15,4,1,4
2017010061072,2,3,0,13,0,1,0,0,0,0,1,1,6,1,31,6,125,1,5,6,1,6
2017010061073,1,9,0,4,9,0,0,0,0,0,4,1,2,2,59,9,1461,2,2,7,1,7
2017010061074,1,3,0,18,0,0,0,0,0,0,1,1,1,1,19,4,108,1,2,6,1,6
2017010061074,2,9,0,2,0,0,0,0,0,0,4,1,6,3,-1,-1,3800,1,9,-1,-1,-1
2017010061075,1,2,0,5,0,2,0,0,0,0,3,1,2,1,29,6,108,1,2,9,1,9
2017010061075,2,1,0,18,0,2,0,0,0,0,1,1,2,1,22,5,-1,-1,-1,-1,-1,-1
2017010061076,1,3,0,18,0,0,0,0,0,0,0,1,6,3,-1,-1,-1,-1,-1,-1,-1,-1
2017010061078,1,3,0,14,0,2,0,0,0,0,1,1,2,1,21,5,124,1,2,2,1,2
2017010061081,1,9,0,18,0,1,0,0,0,0,1,1,2,2,32,6,998,1,6,4,1,4
2017010061081,2,9,0,10,0,1,0,0,0,0,2,1,6,2,30,6,2967,2,6,4,1,4
2017010061082,1,11,0,3,0,0,0,0,0,0,1,1,1,1,47,8,-1,-1,-1,3,1,3
2017010061082,2,9,0,18,0,0,0,0,0,0,1,1,6,2,32,6,1995,1,10,6,1,6
2017010061082,3,9,0,15,0,0,0,0,0,0,1,1,2,2,31,6,1497,8,2,5,1,5
2017010061083,1,9,0,18,0,3,0,0,0,0,4,1,6,1,23,5,998,1,15,3,1,3
2017010061083,2,9,0,7,0,4,0,0,0,0,3,1,6,2,43,7,1229,1,11,5,1,5
2017010061084,1,1,0,18,0,8,0,0,0,0,1,1,6,3,-1,-1,-1,-1,-1,-1,-1,-1
2017010061085,1,9,0,18,0,1,0,0,0,0,1,1,6,2,75,10,1796,1,9,4,1,4
2017010061089,1,9,0,18,0,0,5,0,0,0,1,1,6,2,17,4,1229,1,8,2,1,2