Accident_Index,Vehicle_Reference,Vehicle_Type,Towing_and_Articulation,Vehicle_Manoeuvre,Vehicle_Location-Restricted_Lane,Junction_Location,Skidding_and_Overturning,Hit_Object_in_Carriageway,Vehicle_Leaving_Carriageway,Hit_Object_off_Carriageway,1st_Point_of_Impact,Was_Vehicle_Left_Hand_Drive?,Journey_Purpose_of_Driver,Sex_of_Driver,Age_of_Driver,Age_Band_of_Driver,Engine_Capacity_(CC),Propulsion_Code,Age_of_Vehicle,Driver_IMD_Decile,Driver_Home_Area_Type,Vehicle_IMD_Decile
2017010061089,2,9,0,18,0,0,0,0,0,0,1,1,6,1,29,6,1995,2,9,3,1,3
2017010061090,1,9,0,18,0,0,0,4,0,0,1,1,6,2,41,7,1461,2,4,1,1,1
2017010061090,2,9,0,2,0,0,0,0,0,0,2,1,6,3,-1,-1,1995,2,4,-1,-1,-1
2017010061097,1,9,0,18,0,1,1,0,0,0,1,1,6,1,21,5,1968,2,3,3,1,3
2017010061097,2,9,0,3,0,2,1,0,0,0,2,1,6,1,31,6,2967,2,4,5,1,5
2017010061099,1,9,0,2,0,1,0,0,0,0,1,2,6,3,-1,-1,1995,2,4,-1,-1,-1
2017010061099,2,9,0,18,0,3,0,4,0,0,1,2,6,1,29,6,2698,2,9,9,1,9
2017010061109,1,9,0,18,0,1,0,0,0,0,2,-1,6,2,22,5,1364,1,8,5,1,5
2017010061109,2,9,0,18,0,1,0,-1,0,0,1,-1,6,3,-1,-1,1796,1,12,-1,-1,-1
2017010061112,1,9,-1,3,0,0,0,0,0,0,2,-1,6,1,33,6,1598,2,6,2,1,2
2017010061112,2,19,-1,18,0,0,0,0,0,0,1,-1,6,3,-1,-1,2464,2,10,-1,-1,-1
2017010061114,1,9,0,18,0,8,0,0,0,0,1,1,6,1,26,6,2148,2,8,2,1,2
2017010061114,2,90,0,18,0,1,0,0,0,0,0,1,6,1,16,4,-1,-1,-1,6,1,6
2017010061116,1,9,0,9,0,6,0,0,0,0,4,1,6,1,70,10,1995,1,14,4,1,4
2017010061116,2,9,0,18,0,8,0,0,0,0,1,1,2,1,35,6,1368,1,8,8,3,8
2017010061122,1,1,0,18,0,1,0,0,0,0,1,1,2,1,36,7,-1,-1,-1,4,1,4
2017010061122,2,9,0,9,0,1,0,0,0,0,1,-1,6,1,-1,-1,-1,-1,-1,-1,-1,-1
2017010061123,1,1,-1,-1,0,-1,-1,0,0,0,-1,1,6,3,-1,-1,-1,-1,-1,-1,-1,-1
2017010061128,1,20,0,4,0,8,0,0,0,0,1,1,1,1,38,7,4580,2,11,7,2,7
2017010061128,2,9,0,18,0,8,0,0,0,0,1,1,6,2,39,7,1998,1,14,3,1,3
2017010061130,1,9,0,3,0,1,0,0,0,0,1,-1,6,1,-1,-1,1995,2,12,3,1,3
2017010061133,1,1,0,18,0,-1,0,-1,-1,-1,-1,1,6,1,26,6,-1,-1,-1,2,1,2
2017010061133,2,9,-1,-1,-1,-1,-1,-1,-1,-1,-1,-1,6,1,-1,-1,-1,-1,-1,-1,-1,-1
2017010061138,1,21,0,7,0,1,0,0,0,0,1,1,1,1,42,7,12900,2,9,2,1,2
2017010061138,2,1,0,18,0,2,0,0,0,0,2,1,6,2,36,7,-1,-1,-1,4,1,4
2017010061142,1,9,0,9,0,6,0,11,0,0,1,-1,6,2,31,6,998,1,3,2,1,2
2017010061160,1,9,0,4,0,1,0,0,0,0,2,-1,6,2,45,7,1229,1,5,9,1,9
2017010061160,2,9,0,18,0,1,0,0,0,0,1,-1,6,1,24,5,2972,1,18,1,1,1
2017010061161,1,1,0,18,0,-1,0,0,-1,-1,-1,1,2,1,35,6,-1,-1,-1,5,1,5
2017010061161,2,9,0,7,0,-1,-1,-1,-1,-1,-1,-1,6,3,-1,-1,-1,-1,-1,-1,-1,-1
2017010061163,1,1,0,18,0,1,0,0,0,0,2,1,6,1,29,6,-1,-1,-1,5,1,5
2017010061163,2,9,0,18,0,8,0,0,0,0,1,-1,6,1,-1,-1,-1,-1,-1,-1,-1,-1
2017010061164,1,1,-1,-1,0,0,-1,-1,-1,-1,-1,1,6,2,40,7,-1,-1,-1,5,1,5
2017010061165,1,9,0,9,0,6,0,0,0,0,1,1,3,1,31,6,1968,2,6,2,1,2
2017010061165,2,5,0,18,0,1,2,0,0,0,1,1,6,1,58,9,1157,1,16,5,1,5
2017010061168,1,9,0,3,0,0,0,0,0,0,2,1,6,1,41,7,1910,2,9,7,3,7
2017010061168,2,9,0,-1,-1,0,-1,0,-1,-1,-1,-1,6,3,-1,-1,1796,1,12,-1,-1,-1
2017010061174,1,9,0,3,0,-1,0,0,0,0,2,-1,6,1,64,9,2597,1,15,-1,-1,-1
2017010061174,2,9,0,18,0,-1,0,0,0,0,1,-1,6,1,-1,-1,-1,-1,-1,-1,-1,-1
2017010061175,1,9,0,3,9,1,0,0,0,0,4,1,6,1,19,4,1598,2,4,-1,-1,-1
2017010061175,2,9,0,3,9,1,0,0,0,0,4,1,6,1,28,6,1753,2,15,-1,-1,-1
2017010061175,3,9,0,3,9,1,0,0,0,0,4,1,1,2,38,7,-1,-1,-1,10,1,10
2017010061175,4,3,0,5,9,1,0,4,0,0,3,1,6,1,17,4,125,1,2,4,1,4
2017010061177,1,3,0,18,0,1,0,0,1,0,1,1,2,2,29,6,50,1,1,5,1,5
2017010061179,1,9,0,9,0,5,0,0,0,0,4,1,6,2,46,8,1595,1,16,3,1,3
2017010061179,2,9,0,4,0,1,0,0,0,0,0,1,6,1,28,6,1995,2,6,3,1,3
2017010061180,1,9,0,1,0,1,0,0,0,0,2,1,6,3,-1,-1,-1,-1,-1,-1,-1,-1
2017010061181,1,9,0,9,0,5,0,0,0,0,3,1,1,1,47,8,1948,1,17,6,1,6
2017010061181,2,1,0,18,0,8,0,0,0,0,1,1,1,1,31,6,-1,-1,-1,6,1,6
2017010061182,1,1,-1,-1,-1,-1,-1,-1,-1,-1,-1,1,6,2,38,7,-1,-1,-1,1,1,1
2017010061183,1,4,0,-1,0,1,0,0,0,0,1,1,6,1,25,5,675,1,4,9,1,9
2017010061183,2,9,0,-1,0,1,0,0,0,0,-1,-1,6,2,-1,-1,1200,1,2,3,1,3
2017010061186,1,9,0,17,0,1,0,0,0,0,3,-1,6,2,41,7,1596,1,8,4,1,4
2017010061186,2,9,0,18,0,2,0,0,0,0,-1,-1,6,3,-1,-1,1797,8,6,-1,-1,-1
2017010061187,1,9,0,9,0,8,0,0,0,0,1,1,2,1,55,8,1781,1,16,6,1,6
2017010061187,2,4,0,14,0,8,0,0,0,0,1,1,6,2,57,9,487,1,17,2,1,2
2017010061189,1,9,0,9,0,2,0,0,0,0,1,1,1,1,38,7,2143,2,3,3,1,3
2017010061189,2,5,0,5,0,2,1,0,1,10,1,1,2,1,32,6,649,1,1,4,1,4
2017010061196,1,9,0,18,0,1,0,0,0,0,1,1,6,2,35,6,1560,2,3,2,1,2
2017010061196,2,9,0,3,0,1,0,0,0,0,1,1,6,1,32,6,1329,1,5,2,1,2
2017010061198,1,4,0,18,6,7,0,7,0,0,1,1,2,1,48,8,330,1,1,8,1,8
2017010061198,2,9,0,3,0,6,0,0,0,0,4,1,2,1,35,6,-1,-1,-1,3,1,3
2017010061199,1,4,0,18,0,5,0,10,0,0,1,1,6,2,23,5,124,1,1,2,1,2
2017010061207,1,9,-1,3,0,-1,0,-1,-1,-1,-1,1,6,2,36,7,1596,1,11,3,1,3
2017010061207,2,9,-1,18,-1,-1,0,0,-1,-1,1,-1,6,3,-1,-1,1995,2,11,-1,-1,-1
2017010061208,1,21,0,1,0,8,0,0,0,0,4,1,1,1,43,7,-1,-1,-1,4,1,4
2017010061211,1,5,0,7,0,6,0,0,0,0,3,1,6,1,40,7,1000,1,-1,9,1,9
2017010061211,2,9,0,9,0,8,0,0,0,0,1,1,6,1,30,6,1995,2,13,8,1,8
2017010061215,1,9,0,3,0,8,0,0,0,0,2,1,6,1,41,7,875,1,1,9,1,9
2017010061215,2,9,0,18,0,8,0,0,0,0,1,1,6,1,62,9,2495,1,16,7,1,7
2017010061216,1,9,0,8,0,1,0,0,0,0,1,1,3,2,34,6,1598,1,5,3,1,3
2017010061216,2,9,0,8,0,1,0,0,0,0,2,1,6,2,44,7,1951,2,16,3,1,3
2017010061218,1,3,0,18,0,0,0,0,0,0,1,1,2,1,52,8,125,1,5,3,1,3
2017010061218,2,9,0,6,0,0,0,0,0,0,3,1,2,1,44,7,1968,2,7,3,1,3
2017010061219,1,9,0,5,0,7,0,0,0,0,1,1,2,1,25,5,-1,-1,-1,-1,-1,-1
2017010061219,2,1,0,18,0,2,5,0,0,0,3,1,2,1,34,6,-1,-1,-1,1,1,1
2017010061221,1,9,0,18,0,1,0,-1,0,0,-1,1,6,2,43,7,1598,2,5,8,1,8
2017010061221,2,19,0,-1,0,1,0,-1,-1,-1,-1,1,6,1,-1,-1,2198,2,3,-1,-1,-1
2017010061223,1,9,0,3,0,4,0,0,0,0,2,1,1,1,34,6,1969,2,1,3,1,3
2017010061223,2,9,0,3,0,1,0,0,0,0,1,1,1,2,40,7,1329,1,5,2,1,2
2017010061225,1,1,-1,-1,0,1,0,0,0,0,1,1,6,2,26,6,-1,-1,-1,9,1,9
2017010061225,2,9,0,-1,0,1,0,-1,0,0,-1,-1,6,1,-1,-1,1796,1,17,-1,-1,-1
2017010061228,1,9,0,18,0,1,0,0,0,0,4,1,6,2,35,6,1598,1,5,5,1,5
2017010061228,2,5,0,9,0,6,0,0,0,0,3,1,2,1,45,7,1237,1,4,2,1,2
2017010061232,1,9,0,3,0,1,0,0,0,0,1,1,6,1,23,5,1197,1,2,2,1,2
2017010061232,2,9,0,1,0,1,0,0,0,0,2,1,1,1,24,5,1968,2,6,-1,-1,-1
2017010061236,1,9,0,9,0,5,0,0,0,0,3,1,2,2,54,8,1242,1,1,3,1,3
2017010061236,2,9,0,9,0,6,0,0,0,0,1,1,6,1,62,9,1400,1,12,8,1,8
2017010061237,1,5,0,18,0,1,0,10,7,10,1,1,2,1,50,8,918,1,18,-1,-1,-1
2017010061237,2,9,0,9,0,1,0,0,0,0,3,1,6,1,30,6,1798,8,1,6,1,6
2017010061241,1,9,0,7,0,8,0,0,0,0,4,1,3,2,32,6,1997,2,1,3,1,3
2017010061241,2,1,0,18,0,8,5,0,0,0,3,1,2,2,45,7,-1,-1,-1,5,1,5
2017010061242,1,3,0,9,0,8,0,0,0,0,1,1,6,1,22,5,108,1,1,1,1,1
2017010061242,2,8,0,9,0,8,0,0,0,0,3,1,1,1,43,7,1798,8,1,2,1,2
2017010061243,1,1,0,-1,0,-1,0,0,0,0,1,1,6,1,25,5,-1,-1,-1,1,1,1
2017010061243,2,9,0,-1,0,-1,0,-1,0,0,-1,-1,6,3,-1,-1,-1,-1,-1,-1,-1,-1
2017010061246,1,9,0,18,0,8,0,0,0,0,1,1,6,2,65,9,1461,2,-1,4,1,4
2017010061247,1,9,0,7,0,2,0,11,0,0,0,1,6,1,76,11,2993,2,3,9,1,9
2017010061249,1,1,0,-1,-1,-1,0,-1,-1,-1,-1,1,6,1,25,5,-1,-1,-1,3,1,3
2017010061252,1,11,0,18,0,1,0,0,0,0,0,1,1,1,56,9,4760,2,6,1,1,1
2017010061253,1,19,0,3,0,1,0,0,0,0,3,1,6,1,44,7,1998,2,12,1,1,1
2017010061253,2,1,0,18,0,1,0,0,0,0,4,1,1,1,34,6,-1,-1,-1,3,1,3
2017010061257,1,9,0,5,0,0,0,0,0,0,4,1,6,1,61,9,1332,1,20,2,1,2
2017010061259,1,9,0,5,0,8,0,0,0,0,1,1,6,1,50,8,1298,1,18,2,1,2
2017010061262,1,11,0,18,0,0,0,0,0,0,0,1,1,1,59,9,4500,2,8,8,1,8
2017010061263,1,9,-1,-1,-1,0,-1,-1,-1,-1,-1,-1,6,3,-1,-1,-1,-1,-1,-1,-1,-1
2017010061265,1,9,0,18,0,8,0,0,0,0,3,-1,6,2,33,6,1598,2,-1,5,1,5
2017010061265,2,9,-1,18,0,8,0,0,0,0,3,-1,6,1,-1,-1,1086,1,11,-1,-1,-1
2017010061266,1,9,0,18,0,0,0,0,0,0,1,1,6,2,51,8,1596,1,13,4,1,4
2017010061267,1,9,0,5,0,2,0,0,0,0,2,1,6,1,26,6,1910,2,12,5,1,5
2017010061267,2,9,0,5,0,2,0,4,0,0,1,1,6,2,50,8,1910,2,12,3,1,3
2017010061269,1,90,0,1,0,0,0,0,0,0,2,1,6,1,52,8,-1,-1,-1,4,1,4
2017010061270,1,1,0,18,0,0,0,0,0,0,1,1,6,1,54,8,-1,-1,-1,6,1,6
2017010061270,2,9,0,5,0,0,0,0,0,0,1,-1,6,2,-1,-1,1595,2,7,3,1,3
2017010061274,1,9,0,18,0,1,0,0,0,0,2,1,6,2,28,6,998,1,-1,2,1,2
2017010061274,2,9,0,18,0,1,0,0,0,0,1,1,6,3,-1,-1,1595,1,14,-1,-1,-1
2017010061275,1,9,0,5,0,8,0,0,0,0,3,1,6,1,58,9,1560,2,3,4,1,4
2017010061275,2,9,0,5,0,8,0,0,0,0,4,1,6,2,24,5,1398,1,7,5,1,5
2017010061276,1,9,-1,7,0,-1,-1,-1,1,-1,4,2,6,1,67,10,6752,1,1,-1,-1,-1
2017010061276,2,1,-1,7,4,-1,-1,-1,1,-1,1,1,6,2,21,5,-1,-1,-1,1,1,1
2017010061277,1,5,0,4,0,8,1,0,0,0,0,1,6,1,73,10,998,1,18,2,1,2
2017010061277,2,1,0,18,0,8,5,0,0,0,0,1,6,1,53,8,-1,-1,-1,5,1,5
2017010061278,1,9,0,3,0,0,0,0,0,0,1,1,2,2,35,6,1587,1,10,8,1,8
2017010061278,2,19,0,3,0,0,0,0,0,0,2,1,2,1,55,8,2198,2,5,6,1,6
2017010061279,1,9,0,9,0,8,0,0,0,0,4,1,6,1,25,5,5935,1,6,9,1,9
2017010061279,2,1,0,18,0,8,0,0,0,0,1,1,1,1,50,8,-1,-1,-1,9,2,9
2017010061281,1,9,0,3,0,8,0,0,0,0,2,1,2,1,27,6,1995,2,7,6,1,6
2017010061281,2,9,0,3,0,8,0,0,0,0,1,1,6,3,-1,-1,1461,2,4,-1,-1,-1
2017010061282,1,5,0,14,0,8,0,0,0,0,1,1,2,1,40,7,645,1,1,4,1,4
2017010061284,1,9,0,1,9,1,0,0,0,0,2,1,6,2,70,10,1791,8,6,9,1,9
2017010061285,1,3,0,13,0,0,0,0,0,0,1,1,2,1,19,4,124,1,4,7,1,7
2017010061286,1,9,0,18,0,2,0,0,0,0,1,1,6,3,-1,-1,1753,2,11,-1,-1,-1
2017010061287,1,9,0,5,0,4,0,0,0,0,1,1,6,2,63,9,1596,1,2,7,1,7
2017010061289,1,3,0,18,0,1,0,0,0,0,4,1,6,1,52,8,125,1,3,8,1,8
2017010061289,2,9,0,9,0,6,0,0,0,0,1,1,6,1,41,7,1895,1,16,6,1,6
2017010061290,1,8,0,9,0,5,0,0,0,0,3,1,1,1,59,9,1968,2,2,3,1,3
2017010061290,2,1,0,18,0,5,0,0,0,0,3,1,6,1,50,8,-1,-1,-1,4,1,4
2017010061291,1,9,0,3,0,1,0,0,0,0,2,1,6,1,25,5,1968,2,6,2,1,2
2017010061291,2,8,0,3,0,1,0,4,0,0,2,1,2,1,43,7,-1,-1,-1,3,1,3
2017010061292,1,1,0,18,0,1,5,0,0,0,1,1,6,3,-1,-1,-1,-1,-1,-1,-1,-1
2017010061293,1,9,0,4,0,0,0,0,0,0,0,1,6,1,69,10,2496,1,14,7,1,7
2017010061294,1,3,0,18,0,1,0,0,0,0,1,1,6,1,-1,-1,-1,-1,-1,-1,-1,-1
2017010061295,1,9,0,18,2,0,1,0,0,0,1,1,6,1,26,6,-1,-1,-1,3,1,3
2017010061295,2,9,0,9,0,0,0,0,0,0,1,1,6,1,28,6,1198,1,13,5,1,5
2017010061296,1,1,0,4,0,1,0,0,0,0,0,1,6,1,27,6,-1,-1,-1,-1,-1,-1
2017010061297,1,9,0,-1,0,-1,-1,0,0,0,-1,-1,6,3,-1,-1,-1,-1,-1,-1,-1,-1
2017010061298,1,11,0,3,0,8,0,0,0,0,2,1,1,1,25,5,-1,-1,-1,6,1,6
2017010061298,2,9,0,18,0,8,0,0,0,0,1,1,1,1,26,6,-1,-1,-1,6,1,6
2017010061299,1,11,0,4,0,2,0,0,0,0,0,1,1,1,47,8,6700,2,11,7,1,7
2017010061300,1,9,0,9,0,8,0,0,0,0,4,1,6,1,32,6,3628,2,7,9,1,9
2017010061300,2,1,0,18,0,8,0,0,0,0,3,1,6,2,23,5,-1,-1,-1,8,1,8
2017010061301,1,9,0,9,0,8,0,0,0,0,1,1,6,1,29,6,1339,8,5,1,1,1
2017010061302,1,9,0,16,0,8,0,0,0,0,0,1,6,2,34,6,1796,1,10,4,1,4
2017010061303,1,9,0,18,0,1,0,0,0,0,1,1,6,1,30,6,1360,1,10,3,1,3
2017010061303,2,2,0,9,0,2,0,0,0,0,3,1,2,1,40,7,49,1,8,4,1,4
2017010061304,1,9,0,4,0,0,0,0,0,0,2,1,6,2,30,6,998,1,11,6,1,6
2017010061304,2,3,0,4,0,0,1,0,0,0,1,1,1,1,19,4,125,1,5,3,1,3
2017010061306,1,8,0,3,0,1,0,0,0,0,4,1,6,1,41,7,1968,2,3,3,1,3
2017010061306,2,1,0,18,0,1,0,0,0,0,1,1,6,2,32,6,-1,-1,-1,2,1,2
2017010061307,1,3,0,18,0,1,0,0,0,0,1,1,1,1,21,5,125,1,1,-1,-1,-1
2017010061307,2,9,0,9,0,1,0,0,0,0,3,1,6,2,37,7,1386,1,9,1,1,1
2017010061308,1,9,0,18,0,1,0,0,0,0,0,1,6,1,46,8,-1,-1,-1,10,1,10
2017010061308,2,1,0,18,4,1,1,0,0,0,0,1,2,1,49,8,-1,-1,-1,8,1,8
2017010061310,1,9,0,4,0,1,0,0,0,0,2,1,6,1,19,4,1999,1,12,2,1,2
2017010061310,2,9,0,18,0,8,0,0,0,0,1,1,6,1,23,5,1796,1,9,2,1,2
2017010061312,1,9,0,9,0,2,0,0,0,0,1,1,6,1,28,6,2497,1,11,9,2,9
2017010061312,2,9,0,18,0,2,0,0,0,0,1,1,6,1,48,8,1587,1,12,4,1,4
2017010061312,3,9,0,18,0,1,0,0,0,0,3,1,6,2,52,8,1497,8,1,7,1,7
2017010061313,1,3,0,18,0,1,1,0,0,0,1,1,2,1,48,8,-1,-1,-1,-1,-1,-1
2017010061313,2,9,0,7,0,6,0,0,0,0,3,1,2,1,23,5,1798,8,-1,4,1,4
2017010061314,1,9,0,7,8,3,2,10,0,0,3,1,6,1,89,11,1339,1,10,7,1,7
2017010061316,1,11,0,9,0,8,0,0,0,0,3,1,1,1,44,7,6692,2,6,1,1,1
2017010061316,2,4,0,10,0,6,0,0,0,0,1,1,2,1,57,9,798,1,8,7,1,7
2017010061317,1,9,0,10,0,1,0,0,0,0,4,1,6,1,38,7,1598,1,9,2,1,2
2017010061317,2,9,0,18,0,2,0,0,0,0,1,1,6,1,64,9,2967,2,6,9,1,9
2017010061319,1,9,0,15,0,0,1,0,1,5,1,1,6,1,27,6,2979,1,1,3,1,3
2017010061320,1,9,0,17,0,1,1,0,0,0,1,1,6,1,34,6,1968,2,8,5,1,5
2017010061320,2,9,0,3,0,1,0,0,0,0,2,1,6,2,35,6,998,1,1,8,1,8
2017010061322,1,9,0,18,0,1,1,0,0,0,1,1,6,1,28,6,1968,2,9,4,1,4
2017010061322,2,9,0,18,0,2,0,0,7,0,3,1,6,2,30,6,1197,1,1,9,1,9
2017010061323,1,8,0,18,0,8,0,0,0,0,1,1,1,1,34,6,1753,2,9,3,1,3
2017010061324,1,21,1,5,7,0,0,0,0,0,2,1,1,1,38,7,12777,2,2,2,1,2
2017010061324,2,90,0,18,6,0,0,0,0,0,1,1,1,1,65,9,-1,-1,-1,-1,-1,-1
2017010061324,3,21,1,2,6,0,0,0,0,0,4,1,6,3,-1,-1,-1,-1,-1,-1,-1,-1
2017010061327,1,9,0,18,0,4,0,0,0,0,1,1,6,2,25,5,1242,1,12,6,1,6
2017010061328,1,3,5,18,0,1,0,0,0,0,3,1,2,1,26,6,108,1,5,4,1,4
2017010061328,2,9,0,9,0,1,0,0,0,0,3,1,1,1,41,7,1797,8,5,4,1,4
2017010061329,1,9,0,18,0,0,1,10,1,10,1,1,6,1,29,6,-1,-1,-1,4,1,4
2017010061330,1,9,0,17,0,4,0,0,0,0,1,1,6,1,27,6,2148,2,9,4,1,4
2017010061330,2,9,0,18,0,4,0,0,0,0,1,1,6,1,31,6,1948,1,18,3,1,3
2017010061332,1,11,0,18,0,6,0,0,0,0,4,1,1,1,65,9,4500,2,5,3,1,3
2017010061332,2,9,0,5,0,6,0,0,0,0,1,1,6,2,24,5,1242,1,1,1,1,1
2017010061333,1,9,0,18,0,8,1,10,7,2,1,1,6,1,22,5,1995,2,7,2,1,2
2017010061334,1,9,0,18,0,0,0,0,0,0,4,1,6,2,28,6,1995,1,7,5,1,5
2017010061344,1,9,0,9,0,5,0,0,0,0,4,1,2,1,67,10,1560,2,2,9,1,9
2017010061344,2,1,0,18,0,8,0,0,0,0,3,1,2,1,43,7,-1,-1,-1,8,1,8
2017010061345,1,9,0,14,0,0,5,4,0,0,1,1,6,2,47,8,1595,1,19,5,1,5
2017010061345,2,9,0,2,0,0,0,0,0,0,1,1,6,3,-1,-1,1995,1,14,-1,-1,-1
2017010061355,1,9,0,18,0,1,0,0,0,0,2,2,6,1,26,6,1388,1,14,3,1,3
2017010061355,2,9,0,18,0,1,0,0,0,0,1,-1,6,1,-1,-1,1798,1,13,3,1,3
2017010061361,1,3,-1,18,0,-1,2,-1,-1,-1,-1,1,6,1,55,8,125,1,7,4,1,4
2017010061361,2,9,-1,-1,-1,-1,-1,-1,-1,-1,-1,-1,6,1,-1,-1,2198,2,4,-1,-1,-1
2017010061364,1,9,0,3,0,1,0,0,0,0,2,1,2,2,39,7,2198,2,11,3,1,3
2017010061364,2,9,0,5,0,1,0,0,0,0,1,1,6,1,18,4,1796,1,11,2,1,2
2017010061366,1,9,-1,-1,-1,-1,-1,-1,-1,-1,-1,-1,6,2,56,9,1998,1,12,-1,-1,-1
2017010061366,2,20,-1,-1,-1,-1,-1,-1,-1,-1,-1,-1,6,1,-1,-1,-1,-1,-1,5,2,5
2017010061371,1,9,-1,18,0,1,0,0,0,0,4,-1,6,1,35,6,1998,1,12,5,1,5
2017010061371,2,9,-1,9,0,1,-1,0,0,0,1,-1,6,3,-1,-1,998,1,-1,-1,-1,-1
2017010061374,1,8,0,5,0,0,0,0,0,0,1,1,1,1,48,8,1797,8,7,3,1,3
2017010061385,1,9,0,4,0,1,0,0,-1,0,2,1,6,2,69,10,1329,1,5,7,1,7
2017010061385,2,9,0,-1,0,8,0,0,-1,0,2,-1,6,1,-1,-1,-1,-1,-1,-1,-1,-1
2017010061388,1,9,-1,-1,-1,0,-1,-1,-1,-1,-1,-1,6,1,-1,-1,1753,2,14,-1,-1,-1
2017010061389,1,9,0,10,-1,8,0,0,0,0,4,-1,6,2,49,8,1360,1,13,4,3,4
2017010061389,2,9,0,18,0,2,0,0,0,0,-1,-1,6,1,46,8,1796,1,22,5,1,5
2017010061390,1,9,-1,-1,-1,-1,-1,-1,-1,-1,-1,-1,6,2,46,8,1797,1,2,5,1,5
2017010061395,1,9,0,4,0,1,0,0,0,0,1,1,2,1,25,5,1596,1,16,8,1,8
2017010061396,1,9,0,18,0,4,0,0,7,0,1,1,6,2,33,6,1198,1,11,3,1,3
2017010061396,2,9,0,18,0,4,0,0,0,0,1,1,6,1,32,6,1499,1,-1,4,1,4
2017010061397,1,1,0,18,4,8,-1,0,0,0,1,1,2,1,27,6,-1,-1,-1,-1,-1,-1
2017010061397,2,19,0,4,0,1,-1,0,0,0,1,1,1,1,30,6,-1,-1,-1,3,1,3
2017010061398,1,9,0,9,0,0,0,0,0,0,3,1,2,2,29,6,1598,1,3,7,1,7
2017010061398,2,3,0,14,0,0,0,0,0,0,1,1,2,1,23,5,124,1,9,3,1,3
2017010061404,1,9,-1,-1,0,-1,0,0,0,0,0,-1,6,3,-1,-1,-1,-1,-1,-1,-1,-1
2017010061413,1,9,-1,18,-1,0,-1,-1,0,0,-1,-1,6,2,-1,-1,999,1,3,3,1,3
2017010061419,1,9,0,-1,0,1,0,-1,-1,-1,-1,-1,6,1,47,8,1791,8,6,5,1,5
2017010061423,1,9,-1,-1,0,-1,-1,0,0,0,-1,-1,1,1,35,6,1968,2,8,3,1,3
2017010061423,2,9,-1,-1,-1,-1,-1,-1,-1,-1,-1,-1,6,3,-1,-1,-1,3,1,-1,-1,-1
2017010061425,1,9,0,18,0,-1,0,0,0,0,4,1,6,1,71,10,1199,1,16,-1,-1,-1
2017010061426,1,9,-1,18,0,0,-1,12,-1,-1,-1,-1,6,1,21,5,1396,1,13,-1,-1,-1
2017010061426,2,9,-1,18,-1,0,-1,-1,-1,-1,-1,-1,6,3,-1,-1,-1,-1,-1,-1,-1,-1
2017010061428,1,11,0,18,0,2,0,5,0,0,1,1,6,1,52,8,4500,2,3,1,1,1
2017010061429,1,5,0,9,0,1,0,0,0,0,1,1,2,1,59,9,738,1,28,5,1,5
2017010061429,2,9,0,9,0,1,0,0,0,0,2,-1,6,1,40,7,1797,8,7,3,1,3
2017010061434,1,5,-1,18,0,8,-1,-1,-1,-1,-1,1,6,1,37,7,645,1,16,6,1,6
2017010061434,2,8,-1,6,0,1,-1,-1,-1,-1,-1,-1,6,3,-1,-1,2143,2,-1,-1,-1,-1
2017010061438,1,1,0,18,0,0,1,-1,0,0,-1,1,6,1,44,7,-1,-1,-1,8,1,8
2017010061438,2,9,0,18,0,0,1,-1,0,0,-1,-1,6,1,-1,-1,1248,2,11,8,1,8
2017010061442,1,9,-1,-1,-1,0,-1,-1,-1,-1,-1,-1,6,2,44,7,1998,1,11,3,1,3
2017010061445,1,11,0,18,0,0,0,0,0,0,0,1,1,1,-1,-1,6700,2,1,-1,-1,-1
2017010061459,1,1,-1,-1,-1,-1,-1,-1,-1,-1,-1,1,6,1,-1,-1,-1,-1,-1,5,1,5
2017010061460,1,9,0,9,0,8,0,0,0,0,4,1,2,1,36,7,1198,1,13,-1,-1,-1
2017010061460,2,9,-1,18,-1,-1,1,0,0,0,-1,1,6,1,-1,-1,1596,1,11,-1,-1,-1
2017010061461,1,9,0,18,0,8,1,0,0,0,1,1,2,1,24,5,1400,1,19,6,1,6
2017010061461,2,9,0,5,0,6,0,0,0,0,1,1,2,2,49,8,1197,1,2,8,1,8
2017010061462,1,2,0,18,0,-1,5,0,0,0,-1,1,1,1,44,7,109,1,2,4,1,4
2017010061462,2,9,0,6,0,-1,0,0,0,0,-1,-1,6,1,-1,-1,1968,2,4,-1,-1,-1
2017010061464,1,9,5,-1,-1,0,-1,-1,-1,-1,4,-1,6,1,42,7,1242,1,2,7,1,7
2017010061464,2,9,-1,-1,-1,0,-1,-1,-1,-1,-1,-1,6,2,-1,-1,1968,2,6,-1,-1,-1
2017010061465,1,9,-1,-1,-1,0,-1,-1,-1,-1,2,-1,6,2,28,6,2143,2,4,6,1,6
2017010061476,1,11,0,7,0,3,0,0,0,0,4,1,1,1,56,9,4249,2,10,4,1,4
2017010061482,1,8,0,5,0,1,0,0,0,0,3,1,6,1,52,8,1598,1,1,3,1,3
2017010061486,1,9,0,4,0,1,0,0,0,0,1,1,1,1,49,8,-1,-1,-1,4,1,4
2017010061486,2,9,0,4,0,1,0,0,0,0,2,1,1,1,53,8,1896,2,8,6,1,6
2017010061487,1,9,0,-1,0,-1,0,0,0,0,4,-1,6,3,-1,-1,1329,1,1,-1,-1,-1
2017010061487,2,9,-1,-1,-1,-1,-1,-1,-1,0,-1,-1,6,1,22,5,1598,1,14,-1,-1,-1
2017010061488,1,11,0,3,2,0,0,0,0,0,0,1,1,1,48,8,4760,2,6,2,1,2
2017010061491,1,3,0,18,0,2,1,0,0,0,1,1,2,1,55,8,125,1,2,8,1,8