Accident_Index,Vehicle_Reference,Vehicle_Type,Towing_and_Articulation,Vehicle_Manoeuvre,Vehicle_Location-Restricted_Lane,Junction_Location,Skidding_and_Overturning,Hit_Object_in_Carriageway,Vehicle_Leaving_Carriageway,Hit_Object_off_Carriageway,1st_Point_of_Impact,Was_Vehicle_Left_Hand_Drive?,Journey_Purpose_of_Driver,Sex_of_Driver,Age_of_Driver,Age_Band_of_Driver,Engine_Capacity_(CC),Propulsion_Code,Age_of_Vehicle,Driver_IMD_Decile,Driver_Home_Area_Type,Vehicle_IMD_Decile
2017010062151,2,2,0,18,0,1,0,0,0,0,1,1,2,1,47,8,108,1,9,4,1,4
2017010062153,1,9,0,18,0,1,0,0,0,0,1,1,2,1,50,8,1968,2,2,5,1,5
2017010062153,2,19,0,3,0,1,0,0,0,0,2,1,2,1,48,8,1248,2,10,4,1,4
2017010062154,1,9,0,18,0,1,0,0,0,0,1,1,6,1,46,8,2143,2,1,5,1,5
2017010062154,2,9,0,18,0,2,0,0,0,0,1,1,6,2,35,6,1390,1,13,5,1,5
2017010062155,1,11,0,4,0,8,0,0,0,0,1,1,1,1,42,7,9360,2,5,3,1,3
2017010062155,2,1,0,5,0,8,1,0,1,0,1,1,6,1,8,2,-1,-1,-1,2,1,2
2017010062156,1,9,0,5,0,8,0,0,0,0,1,1,6,1,36,7,1995,2,5,3,1,3
2017010062156,2,3,0,14,0,8,0,0,0,0,4,1,6,1,27,6,125,1,2,2,1,2
2017010062159,1,3,0,3,0,8,1,0,0,0,0,1,1,1,18,4,108,1,1,4,1,4
2017010062162,1,9,0,16,0,2,0,0,0,0,1,1,6,1,29,6,5461,1,3,6,1,6
2017010062163,1,4,0,18,0,1,1,0,0,0,1,1,1,1,23,5,125,1,8,3,1,3
2017010062163,2,19,0,9,0,1,0,0,3,0,1,2,6,1,56,9,1968,2,-1,7,1,7
2017010062165,1,9,0,18,0,1,0,7,0,0,1,1,6,1,34,6,1598,1,1,9,1,9
2017010062167,1,11,0,2,2,2,0,0,0,0,1,1,6,3,-1,-1,450,2,3,-1,-1,-1
2017010062167,2,3,0,7,2,2,0,4,0,0,1,1,6,1,24,5,124,1,5,4,1,4
2017010062168,1,9,0,18,0,8,0,0,4,6,1,1,6,1,30,6,5998,1,6,4,1,4
2017010062168,2,9,0,7,0,8,5,0,0,0,1,1,6,1,42,7,1398,1,1,3,1,3
2017010062168,3,9,0,13,0,8,0,0,0,0,0,1,6,2,23,5,1991,1,-1,-1,-1,-1
2017010062170,1,9,0,17,0,1,0,4,0,0,1,1,6,1,44,7,-1,-1,-1,3,1,3
2017010062170,2,9,0,18,0,1,0,0,0,0,1,1,6,1,27,6,2685,2,13,4,1,4
2017010062170,3,9,0,2,0,1,0,4,0,0,2,1,6,3,-1,-1,-1,-1,-1,-1,-1,-1
2017010062170,4,9,0,2,0,1,0,4,0,0,2,1,6,3,-1,-1,1596,1,15,-1,-1,-1
2017010062171,1,3,0,18,0,1,0,0,0,0,4,1,6,1,22,5,124,1,10,7,1,7
2017010062171,2,8,0,9,0,1,0,0,0,0,3,1,2,1,45,7,1997,2,6,3,1,3
2017010062172,1,19,0,5,0,0,0,0,0,0,1,1,1,1,42,7,1598,2,3,5,1,5
2017010062172,2,3,0,18,0,0,0,0,0,0,1,1,1,1,30,6,125,1,7,4,1,4
2017010062173,1,9,0,4,0,0,0,0,0,0,1,1,2,1,44,7,1598,1,4,3,1,3
2017010062173,2,19,0,4,0,0,0,0,0,0,2,1,1,1,33,6,1560,2,3,4,1,4
2017010062175,1,8,0,18,0,1,0,0,0,0,1,1,6,1,37,7,1797,8,6,2,1,2
2017010062177,1,9,0,7,0,6,0,0,0,0,4,1,6,2,38,7,1461,2,6,7,1,7
2017010062196,1,9,0,18,0,8,-1,0,0,0,1,-1,6,3,-1,-1,1984,1,9,-1,-1,-1
2017010062200,1,9,0,18,0,8,0,0,0,0,1,1,6,1,23,5,1242,1,3,3,1,3
2017010062200,2,1,0,18,0,8,0,0,0,0,1,1,2,2,33,6,-1,-1,-1,5,1,5
2017010062204,1,4,-1,-1,-1,-1,-1,-1,-1,-1,-1,1,6,1,26,6,124,1,3,1,1,1
2017010062204,2,9,-1,-1,-1,-1,-1,-1,-1,-1,-1,-1,6,1,40,7,1497,8,9,2,1,2
2017010062208,1,9,0,9,0,6,0,0,0,0,1,1,6,2,55,8,3499,1,14,8,1,8
2017010062208,2,8,0,18,0,8,0,0,0,0,4,1,6,1,62,9,1797,8,7,5,1,5
2017010062215,1,9,0,18,0,1,0,0,0,0,4,1,6,1,60,9,1794,1,10,10,1,10
2017010062215,2,2,0,18,0,1,1,0,0,0,3,1,6,1,40,7,49,1,5,8,1,8
2017010062221,1,1,0,18,4,-1,-1,-1,-1,-1,-1,1,6,1,39,7,-1,-1,-1,7,1,7
2017010062224,1,9,0,5,0,1,0,0,0,0,3,1,6,2,24,5,1995,2,6,4,1,4
2017010062224,2,1,0,18,9,1,0,4,1,0,1,1,4,1,13,3,-1,-1,-1,5,1,5
2017010062225,1,9,-1,7,0,1,0,0,0,0,1,-1,6,1,78,11,2283,2,22,-1,-1,-1
2017010062225,2,9,-1,18,0,8,0,0,0,0,1,-1,6,3,-1,-1,1753,2,10,-1,-1,-1
2017010062230,1,9,-1,18,0,-1,-1,-1,-1,-1,-1,-1,6,1,-1,-1,1198,1,3,-1,-1,-1
2017010062234,1,9,0,18,0,1,0,0,0,0,1,1,1,1,40,7,2143,2,3,1,1,1
2017010062239,1,1,0,5,0,1,0,0,0,0,4,1,6,1,47,8,-1,-1,-1,3,1,3
2017010062239,2,9,0,7,0,6,0,0,7,0,1,1,6,1,47,8,3179,1,14,4,1,4
2017010062240,1,9,0,3,0,1,0,0,0,0,1,-1,6,1,41,7,2143,2,3,3,1,3
2017010062240,2,9,0,5,0,1,0,0,0,0,2,-1,6,3,-1,-1,1596,1,10,-1,-1,-1
2017010062241,1,19,0,18,0,0,0,0,0,0,2,1,1,1,43,7,-1,-1,-1,5,1,5
2017010062241,2,4,0,13,0,0,0,0,0,0,1,1,6,1,53,8,645,1,1,3,1,3
2017010062242,1,3,0,4,0,2,0,0,0,0,1,1,2,1,24,5,125,1,3,3,1,3
2017010062246,1,9,0,9,0,1,0,0,0,0,1,1,2,1,35,6,3387,1,11,9,1,9
2017010062246,2,5,0,3,0,2,0,0,0,0,1,1,6,1,43,7,599,1,16,1,1,1
2017010062248,1,11,0,18,0,6,0,0,0,0,1,1,1,1,57,9,9360,2,5,4,1,4
2017010062248,2,9,0,9,0,6,0,0,0,0,4,1,6,1,25,5,1600,1,17,3,1,3
2017010062250,1,19,0,9,0,1,0,0,0,0,1,1,1,1,30,6,2402,2,11,6,1,6
2017010062250,2,1,0,18,0,1,0,0,0,0,1,1,1,1,21,5,-1,-1,-1,8,1,8
2017010062252,1,9,0,-1,-1,-1,0,4,0,0,2,-1,6,1,39,7,1995,2,-1,9,1,9
2017010062252,2,9,-1,-1,-1,-1,-1,-1,-1,-1,-1,-1,6,1,-1,-1,1598,1,17,8,1,8
2017010062253,1,9,0,7,0,6,0,0,0,0,1,1,6,2,25,5,1795,8,5,2,1,2
2017010062253,2,3,0,18,0,8,0,0,0,0,4,1,6,1,34,6,125,1,1,4,1,4
2017010062255,1,8,0,9,0,8,0,0,0,0,1,1,2,1,69,10,1986,2,8,4,1,4
2017010062255,2,3,0,13,0,1,1,10,0,0,1,1,2,1,25,5,124,1,-1,5,1,5
2017010062256,1,9,0,5,0,4,0,0,0,0,1,1,6,2,77,11,2987,2,11,8,1,8
2017010062256,2,9,0,17,0,4,0,0,0,0,3,1,6,1,48,8,1968,2,4,2,1,2
2017010062259,1,11,0,5,0,2,0,0,0,0,0,1,1,1,34,6,9360,2,4,2,1,2
2017010062262,1,19,-1,-1,-1,-1,-1,-1,-1,-1,-1,-1,6,3,-1,-1,-1,-1,-1,-1,-1,-1
2017010062264,1,9,0,18,0,1,0,0,0,0,1,1,6,3,-1,-1,-1,-1,-1,-1,-1,-1
2017010062265,1,9,0,4,0,0,0,0,0,0,2,1,6,1,56,9,1461,2,4,4,1,4
2017010062265,2,9,0,4,0,0,0,0,0,0,2,1,1,1,41,7,2143,2,2,9,1,9
2017010062265,3,9,0,18,0,0,0,0,0,0,1,1,6,1,44,7,1798,8,5,9,1,9
2017010062266,1,11,0,18,2,0,0,0,0,0,3,1,1,2,24,5,4500,2,-1,1,1,1
2017010062266,2,19,0,11,2,0,0,0,0,0,1,1,1,1,20,4,1560,2,4,4,2,4
2017010062269,1,9,0,3,0,0,0,0,0,0,3,-1,6,1,33,6,1997,2,5,3,1,3
2017010062269,2,9,0,13,0,0,0,0,0,0,4,-1,6,1,-1,-1,1896,2,13,-1,-1,-1
2017010062270,1,11,0,7,2,6,0,0,0,0,4,1,1,1,58,9,4500,2,5,2,1,2
2017010062271,1,9,0,9,0,0,0,0,0,0,1,1,6,2,25,5,1229,1,13,3,1,3
2017010062271,2,3,0,14,0,0,0,0,0,0,1,1,1,1,23,5,125,1,3,4,1,4
2017010062272,1,9,0,18,0,8,0,0,0,0,3,1,6,1,34,6,1796,1,15,5,1,5
2017010062272,2,9,0,9,0,8,0,0,0,0,3,1,1,1,38,7,1560,2,-1,3,1,3
2017010062275,1,19,0,18,0,2,0,0,0,0,1,1,1,1,40,7,1968,2,2,2,1,2
2017010062277,1,11,0,5,2,6,0,0,0,0,0,1,6,1,48,8,4461,2,4,-1,-1,-1
2017010062281,1,9,0,9,0,5,0,0,0,0,4,1,6,1,49,8,3311,8,11,5,1,5
2017010062281,2,1,0,18,0,5,2,0,0,0,1,1,6,2,28,6,-1,-1,-1,5,1,5
2017010062282,1,1,0,18,0,0,0,0,0,0,4,1,6,2,48,8,-1,-1,-1,6,1,6
2017010062282,2,9,0,-1,0,0,-1,0,0,0,-1,1,6,2,20,4,1388,1,6,4,1,4
2017010062282,3,1,0,18,-1,0,0,-1,-1,-1,-1,1,6,1,25,5,-1,-1,-1,5,1,5
2017010062283,1,9,0,18,0,-1,0,-1,0,0,-1,-1,6,1,39,7,1587,1,12,-1,-1,-1
2017010062283,2,9,0,18,0,-1,0,0,-1,-1,1,-1,6,2,39,7,2143,2,4,4,1,4
2017010062287,1,1,0,18,5,0,0,0,0,0,1,1,2,1,40,7,-1,-1,-1,5,1,5
2017010062287,2,1,0,18,5,0,0,0,0,0,1,1,2,2,32,6,-1,-1,-1,2,1,2
2017010062299,1,9,0,18,0,8,0,0,1,0,4,1,6,1,79,11,2148,2,8,6,1,6
2017010062303,1,9,0,11,0,1,0,0,0,0,4,-1,2,1,39,7,1596,1,11,5,1,5
2017010062303,2,3,0,-1,0,1,-1,0,0,0,3,1,6,1,-1,-1,125,1,6,-1,-1,-1
2017010062305,1,8,0,7,0,1,0,0,0,0,1,1,2,1,28,6,1997,2,7,8,1,8
2017010062305,2,3,0,15,0,1,0,0,0,0,1,1,1,1,21,5,125,1,10,4,1,4
2017010062309,1,9,0,11,0,1,0,0,0,0,4,1,2,2,29,6,1198,1,8,9,1,9
2017010062309,2,3,0,18,0,1,0,0,0,0,1,1,2,1,31,6,125,1,1,3,1,3
2017010062315,1,1,0,-1,-1,-1,0,-1,-1,-1,-1,1,6,1,30,6,-1,-1,-1,2,1,2
2017010062317,1,9,0,18,0,8,0,0,0,0,1,1,6,1,49,8,1598,1,12,6,2,6
2017010062317,2,9,0,18,0,8,0,0,0,0,3,1,6,1,40,7,1797,8,6,6,1,6
2017010062318,1,3,0,18,0,5,0,0,0,0,1,1,6,1,23,5,125,1,3,2,1,2
2017010062318,2,9,0,18,0,6,0,0,0,0,1,1,6,2,49,8,1596,1,17,4,1,4
2017010062318,3,9,0,18,0,4,0,0,0,0,2,1,6,1,52,8,-1,-1,-1,2,1,2
2017010062319,1,9,0,7,0,6,0,0,0,0,4,1,6,2,38,7,-1,-1,-1,2,1,2
2017010062323,1,19,0,18,0,0,0,0,0,0,4,1,6,1,29,6,2143,2,1,4,1,4
2017010062328,1,9,0,3,0,0,0,0,0,0,1,2,6,2,40,7,2993,2,2,7,1,7
2017010062328,2,1,0,14,0,0,0,0,0,0,1,1,6,1,26,6,-1,-1,-1,7,1,7
2017010062328,3,1,0,14,0,0,0,0,0,0,1,1,6,1,41,7,-1,-1,-1,2,1,2
2017010062335,1,9,-1,-1,-1,0,-1,-1,-1,-1,-1,-1,6,1,-1,-1,-1,-1,-1,-1,-1,-1
2017010062336,1,11,0,4,0,1,0,0,0,0,0,1,1,1,44,7,6700,2,5,1,1,1
2017010062337,1,9,-1,-1,-1,0,-1,-1,-1,0,-1,-1,6,2,27,6,1598,2,1,10,1,10
2017010062337,2,9,-1,-1,-1,0,5,0,-1,-1,-1,-1,6,1,59,9,1395,1,-1,10,1,10
2017010062339,1,2,0,18,0,7,0,0,0,0,1,1,2,1,46,8,48,1,8,7,1,7
2017010062339,2,9,-1,4,0,7,0,0,0,0,2,-1,6,3,-1,-1,2199,1,24,-1,-1,-1
2017010062349,1,9,0,14,0,8,0,0,0,0,3,1,6,1,48,8,1598,1,10,2,1,2
2017010062350,1,3,0,18,2,1,0,0,0,0,1,1,6,2,26,6,124,1,9,3,1,3
2017010062350,2,9,0,9,0,8,0,0,0,0,2,1,6,2,27,6,1598,2,-1,2,1,2
2017010062351,1,11,0,18,0,1,0,0,0,0,4,1,6,1,44,7,7300,2,12,2,1,2
2017010062351,2,8,0,7,0,1,0,0,0,0,2,1,6,1,32,6,997,1,18,8,1,8
2017010062354,1,11,0,9,0,5,0,0,0,0,0,1,1,1,56,9,4500,2,8,9,1,9
2017010062355,1,8,0,9,0,8,0,0,0,0,1,1,1,1,50,8,1997,2,4,1,1,1
2017010062355,2,3,0,18,0,8,0,0,0,0,1,1,1,1,40,7,125,1,2,2,1,2
2017010062356,1,9,0,9,0,1,0,0,0,0,1,1,6,2,36,7,1229,1,9,7,1,7
2017010062356,2,9,0,9,0,1,0,0,0,0,2,1,6,2,22,5,1242,1,2,3,1,3
2017010062358,1,9,0,1,9,0,0,0,0,0,2,1,6,2,41,7,1781,1,15,5,1,5
2017010062359,1,3,0,14,0,0,0,0,0,0,4,1,6,1,30,6,125,1,6,2,1,2
2017010062359,2,9,0,5,0,0,0,0,0,0,1,1,3,1,24,5,1229,1,9,7,1,7
2017010062360,1,9,0,18,0,0,0,0,0,0,1,1,6,1,71,10,1796,1,13,5,1,5
2017010062361,1,4,0,14,0,1,0,0,0,0,1,1,6,2,24,5,675,1,2,10,1,10
2017010062361,2,9,0,9,0,1,0,0,0,0,1,1,6,2,31,6,1199,1,14,8,1,8
2017010062362,1,9,0,6,0,8,0,0,0,0,1,1,3,2,44,7,1991,2,7,2,1,2
2017010062362,2,1,0,18,0,8,0,0,0,0,1,1,6,1,16,4,-1,-1,-1,4,1,4
2017010062363,1,90,0,18,0,8,0,0,0,0,0,1,1,1,33,6,-1,-1,-1,5,1,5
2017010062363,2,3,0,18,0,8,0,0,0,0,1,1,6,1,20,4,125,1,9,5,1,5
2017010062365,1,3,0,13,0,0,0,0,7,0,1,1,1,1,22,5,124,1,3,3,1,3
2017010062365,2,9,0,9,0,0,0,0,0,0,3,1,6,1,22,5,999,1,10,7,1,7
2017010062366,1,9,0,18,0,1,0,0,0,0,4,1,1,1,32,6,-1,-1,-1,2,1,2
2017010062367,1,1,0,18,0,0,1,0,0,0,1,1,2,2,56,9,-1,-1,-1,8,1,8
2017010062368,1,1,0,18,0,0,0,0,0,0,1,1,6,1,53,8,-1,-1,-1,2,1,2
2017010062369,1,9,0,9,0,8,0,0,0,0,1,1,6,2,35,6,1240,1,11,3,1,3
2017010062369,2,19,0,18,0,1,0,0,0,0,4,1,6,1,34,6,2198,2,7,8,1,8
2017010062370,1,9,0,18,0,1,0,0,0,0,1,1,2,1,55,8,1587,1,10,3,1,3
2017010062371,1,9,0,18,0,0,1,10,0,0,1,1,2,1,22,5,1956,2,5,1,1,1
2017010062371,2,9,0,2,0,0,0,10,0,0,3,1,6,3,-1,-1,1598,1,5,-1,-1,-1
2017010062371,3,9,0,2,0,0,0,0,0,0,2,1,6,3,-1,-1,1198,1,15,-1,-1,-1
2017010062372,1,9,0,18,0,2,0,0,0,0,1,1,6,2,69,10,1598,1,19,2,1,2
2017010062373,1,9,0,9,0,1,0,0,0,0,1,1,6,1,26,6,2993,2,-1,6,1,6
2017010062373,2,5,0,18,0,1,0,0,0,0,1,1,6,1,31,6,919,1,14,6,1,6
2017010062374,1,8,0,18,0,0,0,0,0,0,1,1,6,1,44,7,2402,2,12,6,1,6
2017010062376,1,9,0,6,0,0,0,0,0,0,3,1,6,1,37,7,1997,1,6,2,1,2
2017010062376,2,5,0,18,0,0,0,0,0,0,3,1,2,1,29,6,599,1,9,2,1,2
2017010062377,1,9,0,18,0,0,0,4,0,0,1,1,6,1,51,8,2295,1,15,4,1,4
2017010062377,2,9,0,3,0,0,0,0,0,0,3,1,6,1,44,7,2995,1,-1,5,1,5
2017010062377,3,9,0,5,0,0,0,0,0,0,3,1,6,1,29,6,1461,2,6,6,1,6
2017010062378,1,9,0,5,0,1,1,0,0,0,2,1,6,1,37,7,1998,2,9,7,1,7
2017010062378,2,9,0,5,0,1,0,0,0,0,1,1,6,2,38,7,1598,1,1,7,1,7
2017010062378,3,9,0,5,0,1,0,0,0,0,1,1,6,1,32,6,1199,2,5,7,2,7
2017010062379,1,9,0,16,0,8,0,0,0,0,1,1,6,2,76,11,998,1,1,9,1,9
2017010062379,2,9,0,7,0,5,1,0,0,0,4,1,6,3,-1,-1,-1,-1,-1,-1,-1,-1
2017010062381,1,9,0,18,0,1,0,0,0,0,3,2,4,2,17,4,1242,1,-1,9,1,9
2017010062381,2,9,0,18,0,1,0,0,0,0,1,1,1,1,44,7,2157,1,18,3,1,3
2017010062382,1,8,0,5,0,1,0,0,0,0,2,1,1,1,55,8,2143,2,5,6,1,6
2017010062382,2,9,0,18,0,2,0,0,0,0,1,1,6,1,21,5,2993,2,6,1,1,1
2017010062383,1,9,0,3,0,0,0,0,0,0,1,1,6,2,32,6,2143,2,1,2,1,2
2017010062383,2,9,0,18,0,0,0,0,0,0,2,1,1,1,39,7,1798,8,2,5,3,5
2017010062385,1,8,0,5,0,1,0,0,0,0,1,1,1,1,51,8,2776,2,2,5,1,5
2017010062394,1,9,-1,18,0,4,0,0,0,0,1,1,6,1,-1,-1,2993,2,12,-1,-1,-1
2017010062394,2,1,0,18,-1,-1,-1,-1,-1,-1,-1,1,6,1,39,7,-1,-1,-1,9,1,9
2017010062401,1,9,0,18,0,0,0,4,1,10,1,1,2,1,27,6,1968,2,3,4,1,4
2017010062401,2,9,0,2,0,0,0,0,0,0,3,1,6,3,-1,-1,1596,1,7,-1,-1,-1
2017010062401,3,9,0,2,0,0,0,0,0,0,3,1,6,3,-1,-1,1995,2,2,-1,-1,-1
2017010062401,4,9,0,2,0,0,0,0,0,0,0,1,6,3,-1,-1,1991,1,1,-1,-1,-1
2017010062403,1,9,-1,-1,-1,-1,-1,-1,-1,-1,-1,-1,6,1,27,6,1397,1,15,-1,-1,-1
2017010062407,1,9,0,9,0,8,0,0,0,0,3,1,6,1,42,7,1798,8,3,6,3,6
2017010062407,2,3,0,18,0,8,0,0,0,0,1,1,6,1,60,9,125,1,7,9,1,9
2017010062409,1,9,0,18,0,4,0,0,0,0,1,-1,6,3,-1,-1,2000,2,11,-1,-1,-1
2017010062409,2,1,0,9,0,8,0,0,0,0,4,1,6,1,28,6,-1,-1,-1,3,1,3
2017010062410,1,19,0,1,0,-1,0,-1,0,0,2,1,1,1,-1,-1,-1,-1,-1,-1,-1,-1
2017010062415,1,9,0,4,0,0,0,0,0,0,2,-1,6,2,27,6,1360,1,10,2,1,2
2017010062415,2,9,0,-1,0,0,0,0,0,0,1,-1,6,3,-1,-1,998,1,18,-1,-1,-1
2017010062419,1,19,0,10,4,6,0,0,0,0,1,1,1,1,74,10,1248,2,1,4,1,4
2017010062419,2,1,0,18,4,1,0,0,0,0,1,1,2,1,33,6,-1,-1,-1,10,1,10
2017010062420,1,4,0,11,0,1,0,0,0,0,2,1,6,3,-1,-1,125,1,1,-1,-1,-1
2017010062420,2,5,0,18,0,1,1,0,1,0,1,1,2,1,34,6,599,1,10,2,1,2
2017010062432,1,9,-1,-1,-1,-1,-1,-1,-1,-1,-1,-1,6,2,45,7,1598,1,8,-1,-1,-1
2017010062432,2,9,-1,-1,-1,-1,-1,-1,-1,-1,-1,-1,6,1,-1,-1,-1,-1,-1,-1,-1,-1
2017010062440,1,5,0,18,0,0,0,10,0,0,4,1,2,1,28,6,645,1,13,3,1,3
2017010062440,2,9,0,18,0,0,0,0,0,0,1,1,6,3,-1,-1,-1,-1,-1,-1,-1,-1
2017010062441,1,19,-1,-1,-1,-1,-1,-1,-1,-1,-1,-1,6,1,32,6,1995,2,3,3,1,3
2017010062441,2,9,-1,-1,-1,-1,-1,-1,-1,-1,-1,-1,6,1,-1,-1,1596,1,13,-1,-1,-1
2017010062452,1,9,-1,-1,-1,-1,-1,-1,-1,-1,-1,-1,6,1,55,8,1798,8,4,8,1,8
2017010062453,1,1,0,13,0,8,0,0,0,0,4,1,6,1,31,6,-1,-1,-1,3,1,3
2017010062453,2,9,0,9,0,8,0,0,0,0,3,-1,6,1,27,6,1598,1,8,1,1,1
2017010062459,1,9,-1,18,0,8,0,-1,0,0,2,-1,6,2,43,7,1461,2,2,3,1,3
2017010062461,1,9,-1,3,0,1,-1,0,0,0,4,-1,6,1,28,6,1461,2,3,2,1,2
2017010062461,2,9,-1,-1,-1,-1,-1,-1,-1,-1,-1,-1,6,3,-1,-1,2494,1,16,-1,-1,-1
2017010062465,1,1,0,-1,0,0,0,-1,-1,0,-1,1,6,2,31,6,-1,-1,-1,2,1,2
2017010062465,2,20,-1,-1,0,0,0,-1,-1,0,-1,-1,6,1,-1,-1,-1,-1,-1,-1,-1,-1
2017010062467,1,9,0,4,0,2,0,0,0,0,1,1,3,2,49,8,1596,1,5,8,1,8
2017010062467,2,9,0,4,0,2,0,0,0,0,2,1,2,1,62,9,1598,1,12,4,1,4
2017010062471,1,9,-1,-1,-1,-1,-1,-1,-1,-1,-1,-1,6,2,19,4,1149,1,15,-1,-1,-1
2017010062471,2,9,-1,-1,-1,-1,-1,-1,-1,-1,-1,-1,6,1,-1,-1,1796,1,10,-1,-1,-1
2017010062475,1,1,0,18,0,1,5,0,0,0,4,1,6,2,28,6,-1,-1,-1,4,1,4
2017010062475,2,8,-1,3,0,-1,-1,-1,0,0,-1,-1,1,1,35,6,1598,2,6,5,1,5
2017010062482,1,9,0,18,0,0,0,0,0,0,2,1,3,2,46,8,1796,1,11,6,1,6
2017010062485,1,1,0,18,0,2,0,0,0,0,0,1,6,2,58,9,-1,-1,-1,5,1,5
2017010062485,2,9,-1,18,-1,-1,-1,0,0,0,0,1,6,1,-1,-1,-1,-1,-1,-1,-1,-1
2017010062495,1,19,0,1,0,2,0,0,0,0,2,1,1,1,30,6,1995,2,-1,1,1,1
2017010062497,1,9,0,9,4,6,0,0,0,0,1,2,6,2,39,7,1799,1,10,6,1,6
2017010062497,2,1,0,18,0,8,0,0,0,0,4,1,6,1,25,5,-1,-1,-1,3,1,3
2017010062500,1,1,0,18,0,8,5,0,0,0,0,1,6,2,25,5,-1,-1,-1,6,1,6
2017010062504,1,9,0,12,0,0,0,0,0,0,2,1,1,1,34,6,1798,8,2,4,1,4
2017010062504,2,21,0,18,0,0,0,0,0,0,1,1,1,1,55,8,12900,2,6,8,1,8
2017010062504,3,21,1,18,0,0,1,0,0,0,1,1,1,1,42,7,11705,2,8,10,2,10
2017010062508,1,4,0,7,0,3,0,0,0,0,1,1,6,1,42,7,847,1,-1,9,1,9
2017010062508,2,9,0,18,0,8,0,0,0,0,4,-1,6,2,40,7,1497,8,12,4,1,4
2017010062509,1,1,0,-1,-1,-1,-1,-1,-1,-1,-1,1,6,1,27,6,-1,-1,-1,5,1,5
2017010062509,2,9,-1,-1,-1,-1,-1,-1,-1,-1,-1,-1,6,1,-1,-1,1582,2,3,6,2,6
2017010062511,1,21,1,18,0,1,0,0,0,0,1,1,1,1,37,7,5880,2,4,2,1,2
2017010062512,1,9,0,7,0,1,0,0,0,0,0,1,1,1,42,7,-1,-1,-1,3,1,3
2017010062512,2,5,0,14,0,8,0,0,0,0,1,1,6,1,28,6,883,1,2,9,3,9
2017010062513,1,11,0,5,0,0,0,0,0,0,0,1,1,1,37,7,4500,2,3,9,1,9
2017010062522,1,1,0,15,0,1,0,0,0,0,1,1,6,1,27,6,-1,-1,-1,5,1,5
2017010062522,2,9,-1,9,0,5,0,0,0,0,-1,-1,6,1,-1,-1,-1,-1,-1,-1,-1,-1
2017010062524,1,9,0,3,0,0,0,0,0,0,2,-1,6,1,37,7,1798,8,4,5,1,5
2017010062524,2,9,0,-1,0,0,0,0,0,0,1,-1,6,1,-1,-1,1497,8,9,-1,-1,-1
2017010062525,1,19,0,15,0,0,0,0,0,0,4,1,1,1,25,5,2198,2,10,4,1,4
2017010062529,1,9,0,18,0,0,0,0,0,0,3,1,6,2,48,8,1240,1,13,5,1,5
2017010062529,2,19,0,17,0,0,0,0,0,0,-1,-1,6,3,-1,-1,-1,-1,-1,-1,-1,-1
2017010062531,1,1,0,18,0,1,0,-1,0,0,3,1,6,2,37,7,-1,-1,-1,7,1,7
2017010062531,2,3,0,-1,0,1,0,-1,0,0,-1,1,6,3,-1,-1,-1,-1,-1,-1,-1,-1
2017010062533,1,9,0,15,0,0,0,0,0,0,1,1,6,1,52,8,1769,1,17,5,1,5
2017010062540,1,9,0,8,0,4,0,0,0,0,3,-1,6,1,35,6,1991,2,8,6,1,6
2017010062540,2,19,-1,-1,-1,-1,-1,-1,-1,-1,-1,-1,6,3,-1,-1,1997,2,9,-1,-1,-1
2017010062542,1,3,0,18,0,2,0,0,0,0,1,1,1,1,22,5,108,1,9,3,1,3
2017010062542,2,9,0,9,0,1,0,0,0,0,2,1,6,2,32,6,1997,2,2,2,1,2
2017010062553,1,3,0,14,0,0,0,4,0,0,1,1,6,1,20,4,125,1,9,3,1,3
2017010062553,2,19,0,2,0,0,0,0,0,0,3,1,6,3,-1,-1,-1,-1,-1,-1,-1,-1
2017010062557,1,9,0,1,6,1,0,0,0,0,2,1,2,1,62,9,2967,2,1,10,1,10
2017010062558,1,1,0,-1,-1,-1,-1,-1,-1,-1,-1,1,6,1,36,7,-1,-1,-1,3,1,3
2017010062559,1,9,0,18,0,0,0,0,0,0,2,1,6,1,27,6,1396,1,12,2,1,2
2017010062559,2,9,0,18,0,0,0,0,0,0,1,1,6,3,-1,-1,-1,-1,-1,-1,-1,-1
2017010062559,3,9,0,18,0,0,0,0,0,0,2,1,6,1,57,9,1200,1,1,4,1,4
2017010062560,1,8,0,6,9,0,0,10,1,10,1,1,1,1,44,7,2148,2,8,2,1,2
2017010062562,1,19,0,9,0,8,0,0,0,0,4,1,6,1,51,8,1753,2,9,7,1,7
2017010062562,2,3,0,15,0,8,0,0,0,0,1,1,6,1,29,6,125,1,1,1,1,1
2017010062566,1,1,-1,-1,0,8,5,-1,-1,-1,2,1,2,1,34,6,-1,-1,-1,5,1,5
2017010062566,2,9,0,-1,0,4,0,0,0,0,1,-1,6,1,-1,-1,-1,-1,-1,4,1,4
2017010062567,1,8,0,4,0,0,0,0,0,0,2,1,1,1,46,8,1798,8,1,1,1,1
2017010062567,2,1,0,18,0,0,0,0,0,0,1,1,6,1,54,8,-1,-1,-1,2,1,2
2017010062568,1,9,0,3,0,0,0,0,0,0,2,-1,6,2,32,6,1390,1,10,3,1,3
2017010062568,2,9,0,18,0,0,0,0,0,0,1,-1,6,3,-1,-1,1395,1,1,-1,-1,-1
2017010062573,1,3,0,18,2,0,-1,4,0,0,3,1,6,1,40,7,125,1,2,3,1,3
2017010062573,2,9,0,9,2,0,0,0,0,0,4,-1,6,1,-1,-1,1998,2,8,-1,-1,-1