Accident_Index,Vehicle_Reference,Vehicle_Type,Towing_and_Articulation,Vehicle_Manoeuvre,Vehicle_Location-Restricted_Lane,Junction_Location,Skidding_and_Overturning,Hit_Object_in_Carriageway,Vehicle_Leaving_Carriageway,Hit_Object_off_Carriageway,1st_Point_of_Impact,Was_Vehicle_Left_Hand_Drive?,Journey_Purpose_of_Driver,Sex_of_Driver,Age_of_Driver,Age_Band_of_Driver,Engine_Capacity_(CC),Propulsion_Code,Age_of_Vehicle,Driver_IMD_Decile,Driver_Home_Area_Type,Vehicle_IMD_Decile
2017010063152,1,9,0,5,0,1,0,0,0,0,1,1,6,2,27,6,1995,1,13,9,1,9
2017010063154,1,9,0,14,0,0,0,0,0,0,4,1,6,3,-1,-1,-1,-1,-1,-1,-1,-1
2017010063157,1,8,0,4,6,0,0,0,0,0,3,1,1,1,56,9,2143,2,4,2,1,2
2017010063158,1,9,0,18,0,1,0,0,0,0,1,1,6,1,69,10,1596,1,4,2,1,2
2017010063158,2,9,0,9,0,8,0,0,0,0,4,1,2,1,17,4,998,1,2,3,1,3
2017010063159,1,9,0,18,0,8,1,7,0,0,1,1,6,1,23,5,998,1,2,4,1,4
2017010063159,2,9,0,12,0,8,0,0,0,0,1,1,6,1,58,9,2143,2,4,5,1,5
2017010063159,3,9,0,18,0,8,0,0,0,0,2,1,6,2,36,7,-1,-1,-1,3,1,3
2017010063160,1,9,0,4,0,2,0,0,0,0,2,1,1,1,28,6,1560,2,3,2,1,2
2017010063160,2,9,0,4,0,2,0,4,0,0,1,1,1,1,26,6,1598,2,2,2,1,2
2017010063161,1,9,0,2,0,1,0,4,0,0,1,1,6,3,-1,-1,1595,1,1,-1,-1,-1
2017010063161,2,9,0,18,0,1,5,4,0,0,1,1,6,1,23,5,1299,1,15,3,1,3
2017010063162,1,9,0,18,0,8,0,0,0,0,4,1,6,1,57,9,1995,2,8,10,1,10
2017010063162,2,1,0,17,0,1,0,0,0,0,1,1,6,2,49,8,-1,-1,-1,8,1,8
2017010063163,1,3,0,18,2,0,0,0,0,0,1,1,2,1,28,6,125,1,3,2,1,2
2017010063163,2,9,0,9,2,0,0,0,0,0,1,2,6,1,42,7,2496,1,13,10,1,10
2017010063164,1,9,0,5,0,6,0,0,0,0,3,1,1,1,27,6,1499,1,1,2,1,2
2017010063164,2,1,0,18,0,1,5,0,0,0,1,1,6,1,30,6,-1,-1,-1,-1,-1,-1
2017010063167,1,9,0,4,0,8,5,0,0,0,3,1,6,1,30,6,1390,1,7,1,1,1
2017010063167,2,9,0,18,0,8,0,0,0,0,1,1,6,1,41,7,-1,3,-1,3,1,3
2017010063168,1,19,0,15,0,2,0,0,0,0,4,1,6,1,25,5,1560,2,8,10,1,10
2017010063168,2,1,0,18,0,2,2,0,0,0,3,1,6,1,45,7,-1,-1,-1,10,1,10
2017010063171,1,9,0,5,0,6,0,0,0,0,1,1,6,1,39,7,1798,1,5,7,1,7
2017010063171,2,1,0,18,0,6,0,0,0,0,3,1,6,1,49,8,-1,-1,-1,3,1,3
2017010063172,1,9,0,18,0,1,0,0,0,0,4,1,6,2,19,4,998,1,4,9,1,9
2017010063172,2,9,0,2,0,1,1,0,0,0,3,1,6,3,-1,-1,1229,1,3,-1,-1,-1
2017010063172,3,9,0,5,0,6,0,0,0,0,3,1,6,1,23,5,1397,1,9,6,1,6
2017010063173,1,9,0,5,0,1,0,0,0,0,1,1,6,1,37,7,2993,2,6,6,1,6
2017010063174,1,9,0,9,0,8,0,0,0,0,1,1,6,1,31,6,1997,2,4,6,1,6
2017010063174,2,9,0,18,0,8,0,0,0,0,1,1,6,1,26,6,1229,1,5,1,1,1
2017010063174,3,9,0,8,0,1,0,0,0,0,1,1,6,1,64,9,1591,1,-1,9,1,9
2017010063175,1,9,0,13,0,2,0,0,0,0,1,1,6,1,44,7,1969,2,2,7,1,7
2017010063176,1,9,0,18,0,1,0,0,0,0,1,1,2,1,36,7,-1,-1,-1,2,1,2
2017010063177,1,9,0,4,0,1,0,0,0,0,2,1,6,1,56,9,1997,1,10,5,1,5
2017010063177,2,9,0,4,0,1,0,0,0,0,2,1,6,1,53,8,1998,1,15,2,1,2
2017010063177,3,9,0,18,0,1,0,0,0,0,1,1,6,1,45,7,1339,1,9,10,1,10
2017010063178,1,9,0,3,0,0,0,0,0,0,2,1,6,1,40,7,1364,1,1,9,1,9
2017010063178,2,9,0,3,0,0,0,0,0,0,2,1,6,1,48,8,1796,1,18,5,1,5
2017010063178,3,9,0,3,0,0,0,0,0,0,2,1,6,1,44,7,1797,8,4,5,1,5
2017010063178,4,19,0,18,0,0,0,0,0,0,1,1,6,1,37,7,2198,2,4,2,1,2
2017010063181,1,11,0,18,0,1,0,0,0,0,1,1,1,1,25,5,4500,2,1,3,1,3
2017010063181,2,8,0,7,0,1,0,0,0,0,2,1,2,1,42,7,1686,2,3,6,1,6
2017010063182,1,3,0,18,0,1,0,0,0,0,3,1,6,1,44,7,125,1,2,1,1,1
2017010063182,2,9,0,7,0,1,0,0,0,0,1,1,6,1,67,10,-1,-1,-1,2,1,2
2017010063183,1,3,0,4,0,0,1,0,0,0,0,1,2,1,21,5,124,1,10,5,1,5
2017010063183,2,9,0,18,0,0,0,0,0,0,1,1,6,3,-1,-1,-1,-1,-1,-1,-1,-1
2017010063184,1,9,0,18,0,0,0,4,0,0,1,1,6,2,19,4,1968,2,3,5,1,5
2017010063184,2,9,0,2,0,0,0,0,0,0,1,1,6,3,-1,-1,1685,2,-1,-1,-1,-1
2017010063185,1,9,0,9,0,1,0,0,7,9,1,1,6,2,45,7,1497,8,-1,1,1,1
2017010063185,2,3,0,13,0,8,0,0,0,0,4,1,6,2,17,4,125,1,2,3,1,3
2017010063186,1,8,0,6,0,0,0,0,0,0,3,1,1,1,41,7,1560,2,5,1,1,1
2017010063186,2,4,0,18,0,0,0,0,0,0,1,1,2,1,29,6,125,1,9,2,1,2
2017010063187,1,11,0,4,2,0,0,0,0,0,4,1,1,2,51,8,6700,2,7,3,1,3
2017010063189,1,9,0,18,0,8,0,0,0,0,4,1,6,1,28,6,1956,2,5,7,1,7
2017010063189,2,19,0,18,0,8,0,0,0,0,1,1,6,1,69,10,1870,2,13,9,1,9
2017010063190,1,3,0,13,0,0,0,0,0,0,0,1,6,1,22,5,124,1,6,4,1,4
2017010063190,2,9,0,10,0,0,0,0,0,0,0,1,6,2,38,7,1598,1,6,6,1,6
2017010063193,1,9,0,18,0,0,0,0,0,0,2,1,6,2,49,8,-1,-1,-1,5,1,5
2017010063193,2,9,0,18,0,0,0,0,0,0,1,1,6,1,57,9,1968,2,2,5,1,5
2017010063194,1,3,0,18,0,8,0,0,0,0,3,1,1,1,33,6,125,1,1,2,1,2
2017010063194,2,9,0,9,0,8,0,0,0,0,3,1,6,1,35,6,1969,2,2,4,1,4
2017010063195,1,5,0,15,0,1,0,0,1,0,1,1,6,1,-1,-1,636,1,12,-1,-1,-1
2017010063196,1,8,0,18,0,1,0,0,0,0,3,1,1,1,66,10,1497,8,10,2,1,2
2017010063197,1,8,0,9,0,8,0,0,0,0,1,1,1,1,37,7,1598,2,2,9,1,9
2017010063198,1,9,0,2,6,1,0,4,0,0,3,1,6,3,-1,-1,-1,-1,-1,-1,-1,-1
2017010063198,2,1,0,18,0,1,0,4,0,0,1,1,6,1,68,10,-1,-1,-1,5,1,5
2017010063199,1,90,0,18,0,1,0,0,0,0,2,1,6,3,-1,-1,-1,-1,-1,-1,-1,-1
2017010063199,2,1,0,18,0,1,0,0,1,0,2,1,6,2,32,6,-1,-1,-1,-1,-1,-1
2017010063200,1,9,0,9,0,2,0,0,0,0,3,1,6,2,18,4,1200,1,1,5,1,5
2017010063200,2,9,0,17,0,2,0,0,0,0,1,1,6,1,32,6,995,1,11,8,1,8
2017010063204,1,9,0,18,0,8,5,0,0,0,4,1,6,1,22,5,1598,1,13,-1,-1,-1
2017010063204,2,9,0,18,0,8,0,0,0,0,1,1,6,2,57,9,1586,1,11,2,1,2
2017010063204,3,9,0,2,0,2,0,4,0,0,1,1,6,3,-1,-1,2993,2,9,-1,-1,-1
2017010063204,4,9,0,2,0,2,0,0,0,0,1,1,6,3,-1,-1,1988,1,24,-1,-1,-1
2017010063205,1,9,0,4,0,7,0,0,0,0,2,1,6,2,32,6,1956,2,5,2,1,2
2017010063205,2,9,0,18,0,7,0,0,0,0,1,2,2,1,25,5,-1,-1,-1,4,1,4
2017010063207,1,3,0,18,0,1,0,0,0,0,4,1,6,1,26,6,124,1,7,2,1,2
2017010063207,2,9,0,5,0,6,0,0,0,0,1,1,6,3,-1,-1,-1,-1,-1,-1,-1,-1
2017010063209,1,9,0,4,0,1,0,0,0,0,2,1,6,1,62,9,2143,2,2,6,1,6
2017010063209,2,9,0,4,0,1,0,0,0,0,1,1,6,1,35,6,-1,-1,-1,1,1,1
2017010063210,1,9,0,18,0,1,0,0,0,0,3,1,2,2,35,6,1598,1,-1,4,1,4
2017010063210,2,1,0,9,0,1,0,0,0,0,1,1,6,1,34,6,-1,-1,-1,4,1,4
2017010063211,1,9,0,9,0,8,0,0,0,0,1,1,6,2,43,7,1598,1,10,5,1,5
2017010063211,2,9,0,18,0,8,0,0,3,2,1,1,6,1,25,5,1560,2,5,6,1,6
2017010063213,1,9,0,18,0,3,1,7,0,0,1,1,6,2,39,7,1797,8,3,-1,-1,-1
2017010063213,2,9,0,13,0,3,0,0,0,0,1,1,6,1,20,4,2401,2,10,2,1,2
2017010063214,1,11,0,18,0,1,0,0,0,0,1,1,1,1,54,8,6700,2,5,2,1,2
2017010063218,1,9,0,18,0,2,1,0,0,0,3,1,6,1,26,6,3246,1,15,1,1,1
2017010063218,2,9,0,18,0,2,0,0,0,0,1,1,6,1,27,6,2987,2,11,3,1,3
2017010063219,1,9,0,4,0,4,0,0,0,0,4,1,6,1,24,5,2987,2,2,2,1,2
2017010063219,2,9,0,3,0,4,0,0,0,0,2,1,1,2,31,6,2401,2,13,6,1,6
2017010063219,3,9,0,18,0,4,0,0,0,0,4,1,6,3,-1,-1,-1,-1,-1,-1,-1,-1
2017010063222,1,19,0,18,0,8,0,0,0,0,4,1,1,1,54,8,6700,2,1,7,1,7
2017010063223,1,9,0,9,0,8,0,0,0,0,4,1,6,1,49,8,2000,2,8,5,1,5
2017010063223,2,2,0,18,0,1,0,0,0,0,4,1,6,1,45,7,49,1,3,4,1,4
2017010063225,1,9,0,18,0,0,0,4,0,0,1,1,6,1,22,5,1995,2,9,3,1,3
2017010063225,2,9,0,2,0,0,0,0,0,0,3,1,6,3,-1,-1,1598,1,17,-1,-1,-1
2017010063225,3,9,0,2,0,0,0,0,0,0,3,1,6,3,-1,-1,1598,1,12,-1,-1,-1
2017010063225,4,9,0,2,0,0,0,0,0,0,3,1,6,3,-1,-1,1390,1,5,-1,-1,-1
2017010063229,1,5,0,15,0,3,2,0,0,0,4,1,2,1,58,9,1077,1,2,6,1,6
2017010063231,1,9,0,5,0,2,0,0,0,0,2,-1,6,1,37,7,1598,1,1,3,1,3
2017010063231,2,9,0,5,0,2,0,0,0,0,1,-1,6,2,-1,-1,1197,1,5,4,1,4
2017010063238,1,90,0,4,0,2,0,0,0,0,2,1,2,1,25,5,-1,-1,-1,3,1,3
2017010063238,2,9,0,4,0,6,0,4,0,0,2,1,2,1,25,5,1896,2,12,7,1,7
2017010063238,3,90,0,4,0,6,0,4,0,0,2,1,2,1,46,8,-1,-1,-1,7,1,7
2017010063238,4,9,0,4,0,6,0,4,0,0,2,1,6,1,36,7,1997,1,9,4,1,4
2017010063238,5,90,0,18,0,6,0,4,0,0,1,1,1,1,59,9,-1,-1,-1,8,3,8
2017010063243,1,9,0,18,0,1,0,0,0,0,1,-1,6,2,33,6,2967,2,10,2,1,2
2017010063243,2,1,0,18,0,1,0,0,0,0,1,1,6,1,-1,-1,-1,-1,-1,2,1,2
2017010063247,1,9,0,4,0,0,0,0,0,0,2,1,6,2,48,8,1596,1,7,1,1,1
2017010063247,2,9,0,18,0,0,0,0,0,0,1,-1,6,1,-1,-1,1390,1,7,2,1,2
2017010063253,1,9,-1,-1,-1,-1,-1,-1,-1,-1,-1,-1,6,2,41,7,1598,1,8,6,1,6
2017010063253,2,19,-1,-1,-1,-1,-1,-1,-1,-1,-1,-1,6,1,-1,-1,1399,2,7,-1,-1,-1
2017010063255,1,1,0,18,0,0,0,0,0,0,-1,1,6,1,-1,-1,-1,-1,-1,-1,-1,-1
2017010063256,1,1,0,18,0,-1,-1,-1,0,0,-1,1,6,1,31,6,-1,-1,-1,4,1,4
2017010063256,2,9,-1,7,0,-1,0,-1,-1,-1,-1,-1,6,3,-1,-1,1596,1,15,-1,-1,-1
2017010063263,1,9,0,-1,-1,0,-1,8,-1,-1,-1,-1,6,1,-1,-1,1596,1,9,-1,-1,-1
2017010063263,2,1,-1,-1,4,0,-1,-1,-1,-1,1,1,2,1,49,8,-1,-1,-1,-1,-1,-1
2017010063267,1,9,-1,-1,-1,-1,-1,-1,-1,-1,-1,-1,6,1,34,6,1390,1,10,5,1,5
2017010063267,2,9,-1,-1,-1,-1,-1,-1,-1,-1,-1,-1,6,1,-1,-1,2993,2,3,-1,-1,-1
2017010063273,1,3,0,3,0,2,0,0,0,0,1,1,6,1,47,8,900,1,1,6,1,6
2017010063275,1,9,0,4,0,0,0,0,0,0,1,1,3,2,43,7,1997,1,9,4,1,4
2017010063275,2,9,0,16,0,0,0,0,0,0,2,1,3,2,43,7,998,1,16,4,1,4
2017010063280,1,1,0,18,0,1,0,0,0,0,1,1,2,2,47,8,-1,-1,-1,5,1,5
2017010063280,2,9,0,7,0,1,0,0,0,0,1,1,6,3,-1,-1,1461,2,4,4,1,4
2017010063283,1,9,0,18,0,0,0,0,0,0,1,-1,6,1,64,9,1596,1,12,5,1,5
2017010063284,1,1,0,18,0,3,0,0,0,0,-1,1,6,1,-1,-1,-1,-1,-1,-1,-1,-1
2017010063285,1,9,0,9,0,4,0,0,0,0,3,1,2,1,44,7,1984,1,6,7,3,7
2017010063285,2,3,0,9,0,4,2,0,0,0,4,1,2,1,20,4,125,1,3,1,1,1
2017010063288,1,9,0,18,0,1,0,0,0,0,1,1,6,3,-1,-1,-1,-1,-1,-1,-1,-1
2017010063288,2,1,0,18,0,1,0,0,0,0,4,1,6,1,16,4,-1,-1,-1,8,1,8
2017010063290,1,1,0,11,0,7,0,10,7,0,1,1,6,1,24,5,-1,-1,-1,4,1,4
2017010063297,1,9,0,2,0,1,0,0,0,0,0,1,6,3,-1,-1,998,1,7,-1,-1,-1
2017010063297,2,1,0,18,0,2,0,0,0,0,0,1,6,1,34,6,-1,-1,-1,7,1,7
2017010063307,1,9,0,18,0,2,0,0,0,0,3,-1,6,2,24,5,1395,1,-1,2,1,2
2017010063307,2,19,0,18,0,2,0,0,0,0,4,-1,6,1,-1,-1,6700,2,2,-1,-1,-1
2017010063311,1,9,-1,-1,-1,-1,-1,-1,-1,-1,-1,-1,6,2,22,5,998,1,5,-1,-1,-1
2017010063312,1,1,0,18,0,1,0,0,0,0,1,1,2,2,50,8,-1,-1,-1,2,1,2
2017010063312,2,19,0,6,0,1,0,0,0,0,4,-1,1,1,23,5,2143,2,2,6,1,6
2017010063314,1,9,-1,-1,-1,-1,-1,-1,-1,-1,-1,-1,6,2,49,8,1197,1,2,-1,-1,-1
2017010063319,1,9,0,18,-1,-1,0,0,0,0,2,1,6,1,26,6,1968,2,4,2,1,2
2017010063324,1,9,0,5,0,1,0,0,0,0,1,1,3,2,50,8,2316,1,29,8,1,8
2017010063326,1,1,-1,-1,0,0,-1,0,0,0,-1,1,6,2,34,6,-1,-1,-1,4,1,4
2017010063326,2,19,-1,-1,-1,0,0,-1,-1,0,-1,-1,6,1,-1,-1,1560,2,8,5,1,5
2017010063331,1,3,0,-1,-1,0,-1,0,0,0,-1,1,6,1,30,6,125,1,6,2,1,2
2017010063341,1,9,0,-1,0,-1,0,-1,0,0,-1,-1,6,1,30,6,2967,2,9,-1,-1,-1
2017010063341,2,3,-1,-1,0,-1,0,0,-1,0,-1,1,6,1,-1,-1,125,1,-1,-1,-1,-1
2017010063345,1,9,0,9,0,1,0,0,0,0,1,1,3,2,38,7,2993,2,3,6,1,6
2017010063359,1,9,0,4,0,1,0,0,0,0,0,1,1,2,20,4,1598,2,2,2,1,2
2017010063359,2,3,0,4,0,1,1,0,0,0,0,1,6,1,55,8,125,1,4,6,1,6
2017010063364,1,9,0,17,0,0,0,0,0,0,3,1,6,1,41,7,2967,2,4,5,1,5
2017010063364,2,9,0,16,0,0,0,0,0,0,3,1,6,1,40,7,2179,2,2,5,1,5
2017010063367,1,8,0,9,0,2,0,0,0,0,1,1,1,1,36,7,1686,2,7,2,1,2
2017010063371,1,3,0,15,0,8,0,0,0,0,1,1,1,1,25,5,125,1,8,5,1,5
2017010063371,2,9,0,9,0,6,0,0,0,0,1,1,1,1,40,7,1461,2,3,7,3,7
2017010063375,1,1,-1,-1,0,0,-1,0,-1,-1,-1,1,6,3,-1,-1,-1,-1,-1,-1,-1,-1
2017010063378,1,19,0,1,8,0,0,0,0,0,2,2,1,1,31,6,1560,2,3,6,1,6
2017010063381,1,1,-1,18,-1,-1,-1,-1,-1,-1,-1,1,2,1,24,5,-1,-1,-1,3,1,3
2017010063381,2,9,-1,6,-1,-1,-1,-1,-1,-1,-1,-1,6,3,-1,-1,1956,2,2,-1,-1,-1
2017010063382,1,9,0,1,0,5,0,0,0,0,2,1,6,1,48,8,1956,2,7,6,1,6
2017010063383,1,9,0,18,0,1,0,0,0,0,3,1,1,1,61,9,1560,2,3,1,1,1
2017010063383,2,3,0,18,0,1,0,0,0,0,1,1,2,1,30,6,125,1,1,4,1,4
2017010063384,1,2,0,18,0,0,0,0,0,0,1,1,6,1,17,4,49,1,5,7,1,7
2017010063385,1,9,0,18,0,1,0,0,0,0,1,1,6,1,55,8,1769,1,14,4,1,4
2017010063391,1,9,0,4,0,8,0,0,0,0,1,1,6,2,23,5,1198,1,7,5,1,5
2017010063391,2,8,0,3,0,8,0,0,0,0,2,1,6,1,39,7,1968,2,-1,3,1,3
2017010063392,1,9,0,18,0,0,0,0,0,0,4,1,6,2,45,7,1969,2,3,8,1,8
2017010063393,1,9,0,18,0,2,0,0,0,0,3,1,6,2,36,7,1596,1,11,2,1,2
2017010063393,2,9,0,1,0,1,0,0,0,0,2,1,6,1,20,4,2143,2,5,2,1,2
2017010063394,1,20,1,18,0,1,0,0,0,0,1,1,1,1,60,9,-1,-1,-1,8,1,8
2017010063394,2,9,0,12,0,2,0,0,0,0,2,1,6,2,32,6,1995,2,10,6,1,6
2017010063395,1,9,0,14,0,1,0,0,0,0,1,1,6,2,30,6,1992,2,10,3,1,3
2017010063397,1,3,0,18,0,1,0,0,0,0,1,1,6,3,-1,-1,-1,-1,-1,-1,-1,-1
2017010063398,1,9,0,18,0,1,0,0,0,0,0,1,6,1,37,7,1560,2,3,2,1,2
2017010063398,2,9,0,4,0,1,0,0,0,0,1,1,6,1,21,5,1598,1,4,4,1,4
2017010063398,3,9,0,18,0,6,0,0,0,0,1,1,3,1,16,4,1997,2,3,2,1,2
2017010063399,1,19,0,5,0,8,0,0,0,0,1,1,6,3,-1,-1,1686,2,11,-1,-1,-1
2017010063399,2,3,0,5,0,8,0,0,0,0,0,1,6,1,41,7,124,1,11,8,1,8
2017010063400,1,8,0,18,0,1,0,0,0,0,1,1,1,1,48,8,2499,2,6,6,1,6
2017010063400,2,1,0,18,0,1,0,0,0,0,2,1,2,1,32,6,-1,-1,-1,3,1,3
2017010063401,1,5,5,13,0,0,5,0,0,0,4,1,6,1,24,5,599,1,3,3,1,3
2017010063401,2,9,0,13,0,0,0,0,0,0,3,1,6,3,-1,-1,1124,1,15,-1,-1,-1
2017010063402,1,11,0,4,0,1,0,0,0,0,0,1,1,2,46,8,3900,2,14,2,1,2
2017010063405,1,1,0,18,0,1,5,0,0,0,0,1,2,1,18,4,-1,-1,-1,7,1,7
2017010063405,2,9,0,10,0,1,0,0,0,0,0,1,6,1,57,9,1598,1,14,5,1,5
2017010063407,1,1,0,18,0,8,0,0,0,0,1,1,2,1,32,6,-1,-1,-1,3,1,3
2017010063407,2,9,0,18,0,8,0,0,0,0,1,1,6,1,62,9,3200,1,17,1,1,1
2017010063409,1,9,0,9,0,8,0,0,0,0,3,1,6,1,50,8,1198,1,6,3,1,3
2017010063409,2,1,0,18,0,8,0,0,0,0,1,1,6,1,45,7,-1,-1,-1,-1,-1,-1
2017010063410,1,1,0,4,0,2,0,8,0,0,1,1,2,1,53,8,-1,-1,-1,3,1,3
2017010063410,2,9,0,3,0,2,0,0,0,0,4,1,6,3,-1,-1,1598,1,3,-1,-1,-1
2017010063411,1,9,0,9,0,6,0,0,0,0,3,1,6,2,67,10,998,1,13,2,1,2
2017010063411,2,3,0,18,0,1,0,0,0,0,1,1,6,1,23,5,108,1,-1,2,1,2
2017010063412,1,3,0,18,9,1,0,0,7,0,2,1,6,1,16,4,-1,-1,-1,-1,-1,-1
2017010063413,1,9,0,9,0,8,0,0,0,0,1,1,6,3,-1,-1,-1,-1,-1,-1,-1,-1
2017010063413,2,1,0,18,0,1,0,0,0,0,1,1,6,1,25,5,-1,-1,-1,4,1,4
2017010063414,1,1,0,18,0,1,0,0,0,0,0,1,2,1,21,5,-1,-1,-1,-1,-1,-1
2017010063418,1,9,0,18,0,1,0,0,0,0,1,1,6,3,-1,-1,-1,-1,-1,-1,-1,-1
2017010063421,1,9,0,3,0,1,0,0,0,0,1,1,6,2,35,6,1995,2,-1,3,1,3
2017010063421,2,9,0,3,0,1,0,0,0,0,1,1,6,2,60,9,1998,1,14,7,1,7
2017010063421,3,9,0,3,0,1,0,0,0,0,1,1,6,1,38,7,2143,2,2,6,1,6
2017010063422,1,9,0,9,0,1,0,0,0,0,2,1,6,1,52,8,-1,-1,-1,1,1,1
2017010063422,2,4,0,13,0,1,0,0,0,0,1,1,6,1,29,6,599,1,12,1,1,1
2017010063426,1,9,0,18,0,0,2,4,0,0,4,1,6,1,21,5,-1,-1,-1,4,1,4
2017010063426,2,9,0,2,0,0,0,4,0,0,1,1,6,3,-1,-1,1242,1,7,-1,-1,-1
2017010063426,3,9,0,2,0,0,0,0,0,0,1,1,6,3,-1,-1,1995,1,11,-1,-1,-1
2017010063428,1,9,0,18,0,7,0,0,0,0,0,1,1,1,43,7,-1,-1,-1,4,1,4
2017010063428,2,9,0,18,0,1,0,0,0,0,1,1,1,1,45,7,1560,2,3,4,1,4
2017010063428,3,9,0,1,0,8,0,0,0,0,2,1,6,2,25,5,1461,2,-1,8,1,8
2017010063429,1,19,0,6,0,0,0,0,0,0,3,2,6,1,75,10,2143,2,1,6,1,6
2017010063429,2,1,0,18,0,0,0,0,0,0,1,1,6,1,69,10,-1,-1,-1,8,1,8
2017010063430,1,9,0,16,0,4,0,7,0,0,4,1,6,1,25,5,1339,1,13,2,1,2
2017010063431,1,9,-1,-1,-1,-1,-1,-1,-1,-1,-1,-1,6,1,29,6,2000,2,6,7,1,7
2017010063431,2,9,-1,-1,-1,-1,-1,-1,-1,-1,-1,2,6,1,-1,-1,2979,1,3,-1,-1,-1
2017010063433,1,8,0,9,0,4,0,0,0,0,3,1,1,1,44,7,1997,2,9,6,1,6
2017010063433,2,1,0,18,0,4,0,0,0,0,1,1,1,1,36,7,-1,-1,-1,-1,-1,-1
2017010063439,1,5,0,18,0,2,0,0,0,0,1,1,6,1,33,6,948,1,-1,5,1,5
2017010063439,2,1,0,18,5,1,0,0,0,0,1,1,2,2,23,5,-1,-1,-1,6,1,6
2017010063469,1,19,0,18,0,1,0,0,0,0,1,1,1,1,44,7,2143,2,5,5,1,5
2017010063470,1,3,-1,-1,-1,0,-1,-1,-1,-1,-1,1,6,1,39,7,125,1,3,2,1,2
2017010063470,2,9,-1,-1,-1,0,-1,-1,-1,-1,-1,-1,6,3,-1,-1,1598,1,11,-1,-1,-1
2017010063471,1,1,0,18,0,8,0,0,0,0,1,1,6,1,30,6,-1,-1,-1,7,1,7
2017010063471,2,9,0,9,0,8,0,0,0,0,4,1,6,3,-1,-1,-1,-1,-1,-1,-1,-1
2017010063474,1,9,0,4,0,2,1,0,0,0,1,1,2,2,66,10,1149,1,7,6,1,6
2017010063474,2,9,0,3,0,2,0,0,0,0,2,1,2,2,40,7,1197,1,1,7,1,7
2017010063482,1,4,0,18,0,0,1,0,0,0,1,1,6,1,30,6,125,1,6,2,1,2
2017010063482,2,9,0,7,0,0,0,0,0,0,3,1,6,1,42,7,998,1,18,2,1,2
2017010063484,1,3,0,18,0,1,1,0,0,0,3,1,2,2,42,7,-1,-1,-1,8,1,8
2017010063487,1,9,-1,1,0,0,0,-1,0,0,2,-1,6,2,38,7,-1,-1,-1,5,1,5
2017010063489,1,90,0,18,9,0,0,0,0,0,1,1,6,3,-1,-1,-1,-1,-1,-1,-1,-1
2017010063491,1,9,0,9,0,8,0,0,0,0,4,-1,6,2,38,7,1198,1,10,8,1,8
2017010063491,2,9,-1,4,-1,1,-1,0,0,0,1,-1,6,3,-1,-1,1388,1,8,-1,-1,-1
2017010063507,1,21,1,18,0,0,0,0,0,0,1,1,1,1,61,9,12777,2,7,6,2,6
2017010063507,2,9,0,18,0,0,0,0,0,0,2,1,2,2,51,8,1784,1,8,8,1,8
2017010063507,3,9,0,18,0,0,0,0,0,0,2,1,2,1,42,7,1596,1,7,4,1,4
2017010063508,1,9,-1,-1,0,0,-1,0,0,0,-1,-1,6,2,34,6,1149,1,17,5,1,5
2017010063508,2,9,0,-1,0,0,-1,0,0,0,1,-1,6,3,-1,-1,1598,1,10,-1,-1,-1
2017010063510,1,9,0,18,0,2,0,0,0,0,4,1,2,1,34,6,998,1,1,3,1,3
2017010063510,2,1,0,15,0,2,0,0,0,0,3,1,2,1,56,9,-1,-1,-1,7,1,7
2017010063512,1,9,0,3,0,1,0,0,0,0,2,1,6,2,48,8,1910,2,7,3,1,3
2017010063512,2,9,0,18,0,1,0,0,0,0,1,1,6,2,28,6,1995,2,9,7,1,7
2017010063522,1,9,0,18,0,0,0,0,0,0,2,-1,6,2,49,8,1390,1,10,5,1,5
2017010063522,2,9,0,5,0,0,0,0,0,0,1,-1,6,1,-1,-1,1390,1,12,-1,-1,-1
2017010063527,1,9,0,9,0,6,0,0,0,0,3,1,3,2,37,7,3456,8,7,3,1,3
2017010063527,2,1,0,18,0,5,0,0,0,0,1,1,2,1,44,7,-1,-1,-1,4,1,4
2017010063528,1,19,0,18,0,5,0,0,0,0,4,1,2,2,51,8,2402,2,7,3,1,3
2017010063528,2,1,0,18,2,1,1,0,0,0,4,1,2,1,38,7,-1,-1,-1,8,1,8
2017010063531,1,11,0,5,0,6,0,0,0,0,0,1,6,1,32,6,9400,2,12,7,1,7
2017010063537,1,11,0,9,0,2,0,0,0,0,0,1,1,1,37,7,6692,2,6,4,1,4
2017010063537,2,4,0,14,0,8,0,0,0,0,0,1,6,3,-1,-1,-1,-1,-1,-1,-1,-1
2017010063538,1,9,0,18,0,8,0,0,0,0,1,1,1,1,24,5,999,1,2,3,1,3
2017010063543,1,1,0,18,0,1,0,0,0,0,1,1,6,2,40,7,-1,-1,-1,9,1,9
2017010063548,1,9,0,18,0,3,0,0,0,0,3,1,2,2,26,6,1598,1,14,1,1,1
2017010063548,2,21,0,18,0,3,0,0,0,0,1,1,1,1,62,9,12900,2,5,3,1,3
2017010063552,1,10,0,18,0,1,0,0,0,0,4,1,1,1,46,8,-1,-1,-1,3,1,3
2017010063552,2,9,0,6,0,1,0,0,0,0,3,1,6,3,-1,-1,1242,1,5,-1,-1,-1
2017010063554,1,4,0,18,0,1,1,0,0,0,0,1,6,1,23,5,125,1,12,3,1,3
2017010063554,2,8,0,16,0,1,0,0,0,0,2,1,1,1,37,7,1798,8,5,4,1,4
2017010063555,1,9,-1,18,0,8,0,0,0,0,3,-1,6,1,-1,-1,998,1,11,3,1,3