Accident_Index,Vehicle_Reference,Vehicle_Type,Towing_and_Articulation,Vehicle_Manoeuvre,Vehicle_Location-Restricted_Lane,Junction_Location,Skidding_and_Overturning,Hit_Object_in_Carriageway,Vehicle_Leaving_Carriageway,Hit_Object_off_Carriageway,1st_Point_of_Impact,Was_Vehicle_Left_Hand_Drive?,Journey_Purpose_of_Driver,Sex_of_Driver,Age_of_Driver,Age_Band_of_Driver,Engine_Capacity_(CC),Propulsion_Code,Age_of_Vehicle,Driver_IMD_Decile,Driver_Home_Area_Type,Vehicle_IMD_Decile
2017010063555,2,1,-1,18,0,8,0,0,0,0,-1,1,6,1,37,7,-1,-1,-1,7,1,7
2017010063559,1,9,0,6,0,1,0,0,0,0,1,-1,6,3,-1,-1,1997,1,10,-1,-1,-1
2017010063561,1,3,0,13,0,0,0,0,0,0,1,1,6,1,46,8,124,1,1,2,1,2
2017010063561,2,9,0,9,0,0,0,0,0,0,4,2,6,1,43,7,1956,2,2,4,1,4
2017010063565,1,19,0,18,0,1,5,10,0,0,1,1,6,1,53,8,2198,2,9,2,1,2
2017010063565,2,9,0,9,0,1,0,0,0,0,4,2,6,1,24,5,-1,-1,-1,2,1,2
2017010063572,1,19,0,9,0,8,0,0,0,0,1,1,1,1,53,8,2151,2,14,2,1,2
2017010063572,2,9,0,5,9,8,0,0,1,10,3,1,6,2,68,10,1229,1,7,10,1,10
2017010063575,1,11,0,14,0,1,0,8,0,0,3,1,6,1,43,7,4500,2,7,3,1,3
2017010063575,2,9,0,18,0,1,0,0,0,0,4,1,6,2,38,7,1396,2,6,1,1,1
2017010063577,1,8,0,9,0,2,0,0,0,0,1,1,6,1,58,9,2499,2,10,4,1,4
2017010063577,2,1,0,18,0,1,0,0,0,0,4,1,6,2,21,5,-1,-1,-1,6,1,6
2017010063581,1,9,0,9,0,5,0,0,0,0,1,1,6,2,25,5,2497,1,10,3,1,3
2017010063583,1,4,-1,5,0,0,0,0,0,0,2,1,6,1,26,6,125,1,6,8,1,8
2017010063583,2,9,-1,18,0,0,0,0,0,0,1,-1,6,2,-1,-1,1596,1,5,-1,-1,-1
2017010063588,1,11,0,4,0,1,0,0,0,0,0,1,1,1,58,9,7700,2,1,4,1,4
2017010063589,1,9,0,9,0,6,0,0,0,0,1,-1,6,1,-1,-1,1797,8,4,-1,-1,-1
2017010063598,1,19,0,9,0,6,0,0,0,0,4,1,1,1,27,6,1968,2,-1,3,1,3
2017010063598,2,1,0,18,4,1,0,0,0,0,4,1,6,1,37,7,-1,-1,-1,5,1,5
2017010063611,1,9,0,4,0,1,0,0,0,0,2,1,6,1,22,5,1598,2,1,3,1,3
2017010063611,2,9,0,4,0,1,0,0,0,0,1,1,6,3,-1,-1,1229,1,12,-1,-1,-1
2017010063613,1,9,0,18,0,0,0,0,7,1,1,1,6,1,22,5,1995,2,8,5,1,5
2017010063614,1,9,-1,-1,-1,-1,-1,-1,-1,-1,-1,1,6,2,49,8,1560,2,7,6,1,6
2017010063621,1,9,0,18,0,0,0,0,1,2,1,1,6,2,65,9,1197,1,-1,4,1,4
2017010063622,1,3,0,18,0,0,0,0,0,0,3,1,4,1,18,4,125,1,7,2,1,2
2017010063622,2,9,0,7,0,0,0,0,0,0,1,1,1,1,54,8,1968,2,3,9,1,9
2017010063625,1,3,0,18,0,0,0,0,0,0,1,1,1,1,36,7,108,1,3,4,1,4
2017010063625,2,9,0,9,0,0,0,0,0,0,1,1,1,1,26,6,-1,-1,-1,8,1,8
2017010063626,1,11,0,4,0,1,0,0,0,0,0,1,1,1,40,7,5132,2,2,4,1,4
2017010063627,1,9,0,18,0,1,0,11,0,0,1,1,6,2,22,5,998,1,11,3,1,3
2017010063628,1,9,0,5,0,6,0,0,0,0,1,1,6,1,23,5,2698,2,9,5,1,5
2017010063628,2,9,0,18,0,6,0,0,0,0,4,1,6,2,37,7,2362,1,17,7,1,7
2017010063629,1,9,0,3,0,2,0,0,0,0,1,1,6,2,36,7,1596,1,11,6,1,6
2017010063629,2,9,0,4,0,2,0,0,0,0,2,1,6,2,21,5,1390,1,3,2,1,2
2017010063631,1,9,0,18,0,0,0,0,0,0,1,1,6,1,28,6,2987,2,6,7,1,7
2017010063631,2,19,0,9,0,0,0,0,0,0,1,1,6,1,45,7,2998,2,9,7,2,7
2017010063632,1,9,0,5,0,1,0,0,0,0,1,1,6,1,32,6,1596,1,12,6,1,6
2017010063632,2,9,0,4,0,1,0,0,0,0,2,1,1,1,68,10,-1,-1,-1,8,1,8
2017010063633,1,9,0,7,0,6,0,0,0,0,1,1,6,1,37,7,1596,1,11,5,1,5
2017010063633,2,11,0,18,0,2,0,0,0,0,4,1,1,2,36,7,-1,-1,-1,5,1,5
2017010063634,1,9,0,5,0,2,0,0,7,0,3,1,6,2,50,8,1240,1,11,3,1,3
2017010063634,2,9,0,18,0,2,0,0,7,0,1,1,6,1,28,6,1995,2,7,2,1,2
2017010063635,1,9,0,9,0,5,0,0,0,0,0,1,6,1,59,9,1995,2,6,8,1,8
2017010063635,2,1,0,18,0,1,0,0,0,0,0,1,6,2,28,6,-1,-1,-1,2,1,2
2017010063636,1,3,0,18,0,1,5,0,0,0,1,1,2,1,64,9,745,1,2,10,1,10
2017010063637,1,8,0,9,0,5,0,0,0,0,1,1,6,1,38,7,1997,2,7,3,1,3
2017010063637,2,4,0,18,0,1,1,0,0,0,1,1,2,1,42,7,124,1,5,2,1,2
2017010063638,1,9,0,9,0,3,0,0,0,0,1,1,1,1,52,8,1984,2,8,6,1,6
2017010063638,2,1,0,18,0,4,0,0,0,0,1,1,4,1,13,3,-1,-1,-1,7,1,7
2017010063639,1,9,0,9,0,1,0,0,0,0,1,1,3,2,26,6,1364,1,8,5,1,5
2017010063640,1,3,0,18,0,8,0,0,0,0,3,1,6,1,20,4,125,1,1,6,1,6
2017010063640,2,9,0,9,0,8,0,0,0,0,1,1,6,2,39,7,1997,1,6,10,1,10
2017010063641,1,9,0,4,0,0,0,0,0,0,2,1,6,1,48,8,1896,2,12,3,1,3
2017010063641,2,9,0,4,0,0,0,0,0,0,1,1,6,1,42,7,1796,1,6,2,1,2
2017010063642,1,9,0,3,0,1,0,0,0,0,2,1,6,2,32,6,1991,8,1,6,1,6
2017010063642,2,9,0,4,0,1,0,0,0,0,1,1,6,1,40,7,-1,-1,-1,2,1,2
2017010063643,1,1,0,18,9,0,0,0,1,0,1,1,6,1,31,6,-1,-1,-1,3,1,3
2017010063645,1,8,0,3,0,1,0,0,0,0,1,1,1,1,32,6,1956,2,2,1,1,1
2017010063646,1,5,0,18,0,0,0,10,0,0,3,1,6,1,56,9,996,1,6,5,1,5
2017010063647,1,9,0,9,0,1,0,0,0,0,3,1,6,2,46,8,1339,1,9,2,1,2
2017010063647,2,9,0,13,0,1,0,0,0,0,1,1,1,1,52,8,1499,1,-1,6,1,6
2017010063648,1,11,0,3,0,0,0,0,0,0,0,1,1,1,21,5,-1,-1,-1,5,1,5
2017010063649,1,1,0,18,0,1,1,0,0,0,1,1,6,1,60,9,-1,-1,-1,1,1,1
2017010063649,2,9,0,5,0,6,0,0,0,0,3,1,6,3,-1,-1,-1,-1,-1,-1,-1,-1
2017010063650,1,11,0,18,0,3,0,0,0,0,0,1,1,1,51,8,9360,2,6,9,1,9
2017010063652,1,8,0,6,0,0,0,0,0,0,1,1,1,1,56,9,2499,2,10,1,1,1
2017010063652,2,1,0,18,0,0,5,10,0,0,3,1,6,1,33,6,-1,-1,-1,1,1,1
2017010063653,1,4,0,10,0,5,1,0,0,0,1,1,2,2,37,7,125,1,2,-1,-1,-1
2017010063653,2,1,0,4,0,8,2,10,0,0,1,1,6,1,23,5,-1,-1,-1,6,1,6
2017010063654,1,9,0,9,0,5,0,0,0,0,1,1,3,2,33,6,1496,2,1,4,1,4
2017010063654,2,9,0,18,0,1,0,0,0,0,1,1,2,2,33,6,1999,1,12,3,1,3
2017010063657,1,9,0,18,0,2,0,0,0,0,2,1,6,1,37,7,1968,2,4,10,1,10
2017010063657,2,1,0,18,0,2,0,0,0,0,1,1,6,1,27,6,-1,-1,-1,-1,-1,-1
2017010063660,1,9,0,16,0,1,0,0,1,0,0,1,6,3,-1,-1,-1,-1,-1,-1,-1,-1
2017010063661,1,3,-1,-1,-1,-1,1,-1,-1,-1,-1,1,6,3,-1,-1,-1,-1,-1,-1,-1,-1
2017010063663,1,3,0,18,0,2,0,0,0,0,1,1,2,1,47,8,125,1,4,2,1,2
2017010063664,1,9,0,18,0,0,0,0,0,0,1,1,6,1,47,8,2143,2,4,4,1,4
2017010063665,1,8,0,7,0,6,0,0,0,0,1,1,6,1,36,7,1997,2,6,6,1,6
2017010063666,1,9,0,7,0,0,0,0,1,0,1,1,2,1,30,6,-1,-1,-1,5,1,5
2017010063666,2,3,0,18,4,0,0,0,0,0,1,1,1,1,20,4,108,1,-1,4,1,4
2017010063669,1,9,0,18,0,1,0,10,0,0,1,1,6,1,19,4,1997,2,10,3,1,3
2017010063669,2,9,0,18,0,1,0,0,0,0,0,1,1,1,44,7,2993,2,2,4,1,4
2017010063669,3,19,0,2,9,1,0,0,0,0,0,1,6,3,-1,-1,2402,2,9,-1,-1,-1
2017010063671,1,9,0,18,0,0,1,0,0,0,1,1,6,2,48,8,1796,1,10,5,1,5
2017010063671,2,9,0,18,0,0,0,0,7,10,1,1,6,1,17,4,998,1,10,2,1,2
2017010063672,1,5,0,15,0,1,0,0,0,0,1,1,2,1,26,6,599,1,15,3,1,3
2017010063672,2,9,0,11,0,1,0,0,0,0,2,1,6,1,59,9,1598,1,6,5,1,5
2017010063673,1,10,0,9,0,1,0,0,0,0,3,1,1,1,56,9,2143,2,5,4,1,4
2017010063673,2,1,0,10,0,1,0,0,0,0,1,1,6,1,54,8,-1,-1,-1,9,1,9
2017010063675,1,3,0,10,0,1,0,0,0,0,2,1,6,1,50,8,125,1,4,3,1,3
2017010063675,2,9,0,18,0,1,0,0,0,0,1,1,6,2,42,7,2987,2,11,5,1,5
2017010063682,1,9,-1,18,0,2,0,0,0,0,1,-1,6,3,-1,-1,-1,-1,-1,-1,-1,-1
2017010063688,1,9,0,10,0,8,0,0,0,0,1,1,6,2,50,8,1991,1,1,-1,-1,-1
2017010063688,2,3,0,18,0,8,0,0,0,0,1,1,6,1,42,7,125,1,10,3,1,3
2017010063690,1,11,-1,18,0,-1,0,0,0,0,-1,-1,6,3,-1,-1,-1,-1,-1,-1,-1,-1
2017010063693,1,5,0,14,0,0,0,0,0,0,4,1,2,1,34,6,999,1,6,9,1,9
2017010063693,2,9,0,18,0,0,0,0,0,0,3,-1,6,2,-1,-1,1598,1,6,-1,-1,-1
2017010063701,1,9,-1,-1,-1,-1,-1,-1,-1,-1,-1,-1,6,1,37,7,-1,-1,-1,7,1,7
2017010063701,2,9,-1,-1,-1,-1,-1,-1,-1,-1,-1,-1,6,1,-1,-1,-1,-1,-1,2,1,2
2017010063704,1,9,-1,3,0,1,-1,0,0,0,1,-1,6,2,33,6,1984,1,-1,4,1,4
2017010063704,2,9,-1,1,0,-1,-1,-1,-1,0,-1,-1,6,1,-1,-1,1797,8,3,-1,-1,-1
2017010063707,1,1,0,18,0,0,0,-1,-1,-1,-1,1,6,2,26,6,-1,-1,-1,5,1,5
2017010063707,2,9,-1,-1,0,0,-1,-1,-1,-1,-1,-1,6,1,59,9,1984,1,16,2,1,2
2017010063714,1,9,0,5,0,1,0,0,0,0,1,1,3,1,42,7,1197,1,7,5,1,5
2017010063717,1,9,-1,18,0,0,0,-1,0,0,1,-1,6,1,-1,-1,1498,1,7,-1,-1,-1
2017010063718,1,9,-1,18,0,1,-1,-1,0,0,3,1,6,1,47,8,1950,2,-1,2,1,2
2017010063718,2,9,-1,-1,0,1,-1,-1,0,0,-1,-1,6,3,-1,-1,1587,1,13,-1,-1,-1
2017010063719,1,1,-1,18,-1,3,-1,-1,-1,-1,-1,1,6,2,22,5,-1,-1,-1,6,1,6
2017010063719,2,9,-1,-1,-1,-1,-1,-1,-1,-1,-1,-1,6,3,-1,-1,1796,1,10,-1,-1,-1
2017010063731,1,9,-1,-1,-1,-1,-1,-1,-1,-1,-1,-1,6,1,54,8,2993,2,13,4,1,4
2017010063731,2,9,-1,-1,-1,-1,-1,-1,-1,-1,-1,-1,6,1,-1,-1,1896,2,15,2,1,2
2017010063737,1,1,0,18,0,1,-1,0,0,0,1,1,6,1,28,6,-1,-1,-1,3,1,3
2017010063741,1,1,-1,-1,4,-1,-1,-1,-1,-1,-1,1,6,1,34,6,-1,-1,-1,5,1,5
2017010063742,1,90,0,14,0,1,0,0,0,0,1,1,6,1,25,5,278,1,3,3,1,3
2017010063742,2,9,0,9,0,6,0,0,0,0,1,1,2,1,45,7,1995,2,6,4,1,4
2017010063742,3,19,0,10,0,1,0,0,0,0,3,1,1,1,40,7,1995,2,4,8,1,8
2017010063743,1,9,-1,18,-1,-1,-1,-1,-1,-1,4,-1,6,3,-1,-1,1388,1,7,-1,-1,-1
2017010063743,2,1,-1,18,-1,-1,-1,-1,-1,-1,-1,1,6,2,34,6,-1,-1,-1,2,1,2
2017010063747,1,9,0,12,0,-1,0,0,0,0,4,-1,6,2,49,8,1598,1,-1,4,1,4
2017010063748,1,9,0,18,0,8,0,0,0,0,2,-1,6,1,56,9,1395,1,-1,2,1,2
2017010063748,2,19,0,18,0,8,0,0,0,0,1,-1,6,3,-1,-1,2148,2,10,-1,-1,-1
2017010063751,1,90,0,18,0,8,0,0,0,0,3,-1,1,1,49,8,-1,-1,-1,5,1,5
2017010063753,1,19,-1,-1,0,0,0,-1,0,0,-1,-1,6,1,36,7,2143,2,4,5,1,5
2017010063753,2,9,-1,-1,0,0,0,0,0,0,-1,-1,6,1,-1,-1,1798,8,-1,3,1,3
2017010063758,1,2,0,18,0,0,1,4,0,0,1,1,6,1,17,4,124,1,7,3,1,3
2017010063758,2,19,0,9,0,0,0,0,0,0,0,1,1,1,52,8,2300,2,11,5,1,5
2017010063763,1,9,0,2,0,0,0,0,0,0,4,-1,6,3,-1,-1,1798,8,2,-1,-1,-1
2017010063763,2,1,0,17,0,0,0,0,0,0,1,1,6,1,22,5,-1,-1,-1,5,1,5
2017010063766,1,11,0,18,0,1,0,0,0,0,1,1,1,1,64,9,9360,2,5,3,1,3
2017010063766,2,9,0,3,0,1,0,0,0,0,2,1,3,2,32,6,-1,-1,-1,7,1,7
2017010063771,1,19,0,18,0,1,0,0,0,0,3,1,1,1,58,9,2198,2,1,7,1,7
2017010063771,2,1,0,18,0,1,0,0,0,0,4,1,6,1,25,5,-1,-1,-1,4,1,4
2017010063774,1,9,-1,-1,0,2,-1,-1,-1,-1,4,-1,6,1,25,5,1395,1,-1,4,1,4
2017010063774,2,9,-1,-1,-1,-1,-1,-1,-1,-1,-1,-1,6,3,-1,-1,1796,1,11,-1,-1,-1
2017010063776,1,8,0,9,0,6,0,0,0,0,1,1,3,1,67,10,1598,1,10,4,1,4
2017010063776,2,3,0,14,0,1,0,0,0,0,1,1,2,1,23,5,124,1,12,9,1,9
2017010063781,1,9,0,6,0,1,-1,0,0,0,3,1,2,2,19,4,1229,1,8,8,1,8
2017010063781,2,9,-1,18,0,1,0,0,0,0,1,1,6,1,25,5,1400,1,10,2,1,2
2017010063782,1,9,0,4,0,0,0,-1,-1,-1,-1,-1,6,2,50,8,2993,2,5,2,1,2
2017010063782,2,9,-1,-1,0,0,-1,-1,-1,-1,-1,-1,6,3,-1,-1,1997,2,9,-1,-1,-1
2017010063783,1,9,-1,3,0,1,0,0,0,0,2,-1,6,1,28,6,2143,12,3,1,1,1
2017010063783,2,4,-1,13,0,1,-1,0,0,0,-1,1,6,3,-1,-1,249,1,5,-1,-1,-1
2017010063784,1,20,0,5,0,4,0,0,0,0,1,1,6,3,-1,-1,-1,-1,-1,-1,-1,-1
2017010063787,1,9,0,3,0,8,0,0,0,0,3,1,6,1,33,6,1497,8,10,2,1,2
2017010063787,2,9,0,14,0,8,-1,0,0,0,4,-1,6,3,-1,-1,1596,1,15,-1,-1,-1
2017010063793,1,1,0,18,0,8,0,0,0,0,1,1,6,1,24,5,-1,-1,-1,8,1,8
2017010063803,1,9,0,18,0,0,0,0,0,0,3,1,6,2,50,8,1461,2,4,1,1,1
2017010063809,1,9,0,9,0,6,0,0,0,0,1,-1,6,1,53,8,1461,2,-1,3,1,3
2017010063809,2,2,0,18,0,8,0,0,0,0,1,1,6,1,-1,-1,125,1,4,3,1,3
2017010063810,1,19,0,18,0,8,0,0,0,0,4,1,1,1,26,6,2143,2,4,5,1,5
2017010063814,1,8,0,9,0,5,0,0,0,0,1,1,1,1,48,8,1798,8,2,2,1,2
2017010063814,2,4,0,18,0,1,5,0,0,0,1,1,2,1,19,4,373,1,3,7,1,7
2017010063815,1,9,0,3,0,1,0,0,0,0,2,1,6,1,24,5,1995,1,13,8,1,8
2017010063815,2,9,0,18,0,1,0,0,0,0,1,1,6,2,64,9,1388,1,15,7,1,7
2017010063817,1,1,0,18,0,2,0,0,0,0,2,1,6,1,23,5,-1,-1,-1,3,1,3
2017010063817,2,9,0,9,0,2,0,0,0,0,1,1,6,1,-1,-1,1797,8,6,-1,-1,-1
2017010063819,1,3,0,13,0,8,1,0,0,0,4,1,2,1,18,4,-1,-1,-1,4,1,4
2017010063819,2,9,0,7,0,1,0,0,0,0,0,1,6,2,22,5,1398,1,2,3,1,3
2017010063820,1,9,0,9,0,1,0,0,0,0,0,1,6,2,56,9,1598,1,15,9,1,9
2017010063820,2,1,0,18,0,1,1,0,0,0,0,1,6,1,25,5,-1,-1,-1,8,1,8
2017010063822,1,9,0,16,0,5,0,0,0,0,4,1,6,2,36,7,1598,2,2,2,1,2
2017010063822,2,4,0,16,0,5,0,0,0,0,4,1,6,1,53,8,249,1,7,6,1,6
2017010063823,1,19,0,11,0,0,5,0,0,0,0,1,2,1,59,9,2198,2,9,5,1,5
2017010063823,2,1,0,3,0,0,5,0,0,0,0,1,2,1,25,5,-1,-1,-1,7,1,7
2017010063826,1,9,0,18,0,-1,0,-1,-1,-1,-1,-1,6,1,60,9,1499,1,-1,3,1,3
2017010063826,2,9,-1,-1,-1,-1,-1,-1,-1,-1,-1,-1,6,3,-1,-1,1560,2,11,-1,-1,-1
2017010063829,1,9,0,14,0,0,0,0,0,0,3,1,2,2,42,7,1591,1,1,7,1,7
2017010063830,1,9,0,3,0,1,-1,0,0,0,4,-1,6,1,23,5,1349,1,4,-1,-1,-1
2017010063831,1,9,0,18,0,0,0,0,0,0,1,1,6,2,76,11,1240,1,10,5,1,5
2017010063831,2,9,0,18,0,0,0,0,0,0,2,1,6,1,63,9,2179,2,2,4,1,4
2017010063840,1,8,0,18,0,8,0,0,0,0,0,1,2,1,49,8,1968,2,5,3,1,3
2017010063840,2,1,0,18,0,8,0,0,0,0,0,1,6,1,35,6,-1,-1,-1,-1,-1,-1
2017010063841,1,19,0,3,0,0,0,0,0,0,2,-1,6,1,41,7,1560,2,3,1,1,1
2017010063841,2,19,0,18,0,0,0,0,0,0,1,-1,6,3,-1,-1,2689,2,14,-1,-1,-1
2017010063846,1,9,0,5,0,1,0,0,0,0,3,-1,6,1,54,8,1968,2,9,3,1,3
2017010063846,2,9,-1,11,0,1,1,0,0,0,4,-1,6,3,-1,-1,-1,-1,-1,-1,-1,-1
2017010063850,1,9,0,18,2,0,0,0,0,0,3,1,2,2,43,7,2148,2,12,5,1,5
2017010063850,2,9,0,18,0,0,0,0,0,0,4,1,2,1,47,8,2143,2,4,3,1,3
2017010063851,1,9,0,3,0,0,0,0,0,0,-1,-1,6,1,26,6,1595,1,3,4,1,4
2017010063851,2,19,-1,4,0,0,0,0,0,0,-1,-1,6,1,67,10,-1,-1,-1,4,3,4
2017010063853,1,9,0,6,0,0,0,0,0,0,1,1,1,1,35,6,2143,2,2,1,1,1
2017010063853,2,3,0,18,0,0,0,0,0,0,1,1,1,1,25,5,-1,-1,-1,3,1,3
2017010063860,1,9,0,18,0,0,0,0,0,0,1,2,1,1,-1,-1,1798,8,4,6,1,6
2017010063861,1,9,-1,3,-1,0,-1,-1,-1,-1,-1,-1,6,1,33,6,1798,8,2,4,1,4
2017010063861,2,9,-1,-1,-1,0,-1,-1,-1,-1,1,-1,6,1,-1,-1,1798,8,1,-1,-1,-1
2017010063863,1,19,-1,-1,-1,-1,-1,-1,-1,-1,-1,-1,6,1,-1,-1,4500,2,3,5,1,5
2017010063863,2,2,-1,-1,-1,-1,-1,-1,-1,-1,-1,1,6,1,44,7,-1,-1,-1,10,2,10
2017010063869,1,2,-1,-1,-1,-1,-1,-1,-1,-1,-1,1,6,1,30,6,-1,-1,-1,6,1,6
2017010063869,2,8,-1,-1,-1,-1,-1,-1,-1,-1,-1,-1,6,1,-1,-1,-1,-1,-1,-1,-1,-1
2017010063872,1,9,0,5,9,1,0,0,-1,0,4,1,1,1,37,7,1560,2,3,3,1,3
2017010063874,1,8,0,18,0,4,0,0,0,0,2,1,1,2,22,5,-1,-1,-1,8,3,8
2017010063874,2,9,0,18,0,4,0,0,0,0,0,1,6,1,49,8,1968,2,2,-1,2,-1
2017010063874,3,8,0,18,0,4,0,0,0,0,0,1,1,1,28,6,1995,2,5,6,1,6
2017010063874,4,9,0,18,0,4,0,0,0,0,1,1,2,2,29,6,1598,2,2,8,1,8
2017010063878,1,9,0,18,0,2,0,0,0,0,3,-1,6,2,21,5,1390,1,5,2,1,2
2017010063878,2,9,0,18,0,2,0,0,0,0,1,2,6,3,-1,-1,1791,8,6,-1,-1,-1
2017010063880,1,9,0,-1,0,-1,0,0,0,0,1,-1,6,1,-1,-1,-1,-1,-1,-1,-1,-1
2017010063880,2,2,0,18,0,-1,0,-1,-1,0,-1,1,6,1,30,6,-1,-1,-1,4,1,4
2017010063882,1,9,0,18,0,0,0,0,0,0,1,1,6,2,28,6,1200,1,1,3,1,3
2017010063882,2,19,0,1,0,0,0,0,0,0,3,1,1,1,22,5,1995,2,-1,5,1,5
2017010063883,1,9,0,5,0,4,0,0,0,0,1,1,6,2,62,9,1108,1,7,4,1,4
2017010063883,2,1,0,5,0,4,0,0,0,0,2,1,6,1,46,8,-1,-1,-1,8,1,8
2017010063886,1,19,0,5,0,0,0,0,0,0,4,1,6,1,46,8,2286,2,14,-1,-1,-1
2017010063888,1,9,0,7,0,1,0,0,0,0,0,1,6,1,58,9,1896,2,15,5,1,5
2017010063888,2,3,0,15,2,6,0,0,0,0,0,1,6,1,33,6,108,1,8,4,1,4
2017010063896,1,11,0,18,2,0,0,0,0,0,0,1,1,1,51,8,-1,-1,-1,6,1,6
2017010063897,1,9,5,4,0,0,0,4,0,0,2,2,2,1,-1,-1,2199,2,3,3,1,3
2017010063897,2,9,0,18,0,0,0,4,0,0,1,1,6,2,73,10,1999,1,2,6,3,6
2017010063900,1,9,0,9,0,1,0,0,0,0,1,1,3,2,19,4,1398,1,5,4,1,4
2017010063900,2,1,0,18,0,1,0,0,0,0,1,1,6,1,30,6,-1,-1,-1,5,1,5
2017010063902,1,9,0,7,0,5,0,0,0,0,2,1,6,1,57,9,2179,2,3,3,1,3
2017010063902,2,1,0,18,4,1,0,0,0,0,1,1,6,1,27,6,-1,-1,-1,3,1,3
2017010063905,1,9,0,7,4,0,0,0,0,0,4,1,6,1,57,9,1796,1,13,1,1,1
2017010063905,2,1,0,18,4,0,0,0,0,0,1,1,6,1,50,8,-1,-1,-1,2,1,2
2017010063906,1,9,0,18,0,1,0,0,0,0,2,1,6,2,45,7,1969,2,2,7,1,7
2017010063906,2,1,0,18,0,1,0,0,0,0,1,1,6,1,27,6,-1,-1,-1,4,1,4
2017010063910,1,9,0,18,0,0,0,0,0,0,3,1,2,1,36,7,1995,2,3,3,1,3
2017010063911,1,9,0,10,0,8,0,0,0,0,1,1,6,1,37,7,998,1,17,7,1,7
2017010063911,2,5,0,18,0,1,1,0,0,0,1,1,6,1,29,6,660,1,12,5,1,5
2017010063912,1,9,0,9,0,6,0,0,0,0,1,1,2,1,36,7,1968,2,8,2,1,2
2017010063912,2,8,0,18,0,6,0,0,0,0,1,1,1,1,46,8,1497,8,8,4,1,4
2017010063913,1,1,0,9,3,6,0,0,0,0,4,1,6,2,25,5,-1,-1,-1,2,1,2
2017010063913,2,5,0,18,0,8,0,0,0,0,1,1,6,1,-1,-1,636,1,12,2,1,2
2017010063914,1,9,0,18,0,2,0,0,0,0,1,1,6,1,52,8,1598,1,10,1,1,1
2017010063914,2,9,0,4,0,2,0,0,0,0,2,1,6,2,29,6,1395,1,-1,7,1,7
2017010063914,3,19,0,4,0,2,0,0,0,0,2,1,1,1,60,9,1995,2,-1,7,3,7
2017010063914,4,19,0,4,0,2,0,0,0,0,2,1,1,1,41,7,1598,2,5,9,1,9
2017010063915,1,9,0,7,0,1,0,0,0,0,1,2,3,1,43,7,1595,1,-1,6,1,6
2017010063915,2,3,0,15,0,1,0,0,0,0,3,1,1,1,18,4,108,1,4,2,1,2
2017010063916,1,4,0,7,0,5,0,0,0,0,3,1,6,1,39,7,125,1,2,3,1,3
2017010063916,2,9,0,7,0,5,0,0,0,0,4,1,6,1,29,6,2143,2,-1,2,1,2
2017010063917,1,9,0,18,0,1,0,0,0,0,1,1,2,2,36,7,1598,1,16,1,1,1
2017010063917,2,5,0,3,0,1,0,0,0,0,2,1,6,1,38,7,-1,-1,-1,7,1,7
2017010063918,1,11,0,18,0,0,0,0,0,0,0,1,1,1,45,7,7300,2,15,2,1,2
2017010063919,1,8,0,16,0,1,0,0,0,0,3,1,1,1,43,7,1790,8,5,3,1,3
2017010063919,2,9,0,9,0,6,0,0,0,0,1,1,6,2,34,6,1596,1,5,1,1,1
2017010063920,1,9,0,4,0,0,1,0,0,0,2,1,1,2,32,6,999,1,1,3,1,3
2017010063920,2,19,0,18,0,0,0,0,0,0,1,1,6,1,65,9,3920,2,13,2,1,2
2017010063920,3,9,0,18,0,0,0,0,0,0,2,1,6,1,45,7,-1,-1,-1,3,1,3
2017010063921,1,8,0,18,0,8,0,0,0,0,4,1,1,1,28,6,1797,8,6,6,1,6
2017010063921,2,8,0,7,0,6,0,0,0,0,1,1,1,1,29,6,1797,8,6,3,1,3
2017010063923,1,9,0,18,0,3,0,0,0,0,1,1,6,1,37,7,1598,1,13,6,1,6
2017010063923,2,9,0,18,0,3,0,0,0,0,2,1,2,1,42,7,2993,2,4,5,1,5
2017010063925,1,9,0,9,0,8,0,0,0,0,1,1,6,1,33,6,1596,1,12,6,1,6
2017010063925,2,9,0,18,0,8,0,0,0,0,1,1,6,2,29,6,1598,1,6,3,1,3
2017010063926,1,9,0,9,2,1,0,0,0,0,1,1,1,1,35,6,1197,1,1,6,1,6
2017010063926,2,3,0,18,2,8,0,0,0,0,1,1,6,1,22,5,124,1,5,4,1,4
2017010063928,1,9,0,18,0,0,0,0,0,0,3,1,6,1,29,6,1995,1,7,2,1,2
2017010063928,2,9,0,2,0,0,0,0,0,0,2,1,6,3,-1,-1,1997,2,3,-1,-1,-1
2017010063928,3,9,0,18,0,0,0,0,0,0,1,1,6,1,19,4,1798,1,10,4,1,4
2017010063929,1,9,0,7,0,5,0,0,0,0,2,1,6,1,28,6,698,1,13,6,1,6
2017010063929,2,1,0,15,0,1,0,0,0,0,1,1,6,1,31,6,-1,-1,-1,2,1,2
2017010063930,1,9,0,18,9,3,0,0,0,0,1,1,6,1,47,8,2143,2,3,4,1,4
2017010063930,2,1,0,17,9,3,0,0,0,0,2,1,6,1,47,8,-1,-1,-1,4,1,4
2017010063931,1,9,0,18,0,1,0,0,0,0,1,1,6,1,67,10,1797,8,7,4,1,4
2017010063932,1,9,0,18,0,2,0,0,0,0,1,1,2,1,19,4,1198,1,11,6,1,6
2017010063933,1,9,0,18,0,8,0,0,0,0,1,1,6,1,28,6,1598,1,11,7,1,7
2017010063933,2,9,0,9,0,8,0,0,0,0,1,1,6,2,68,10,1124,1,7,10,1,10
2017010063934,1,1,0,5,0,0,0,0,0,0,1,1,6,1,43,7,-1,-1,-1,10,1,10