Accident_Index,Vehicle_Reference,Vehicle_Type,Towing_and_Articulation,Vehicle_Manoeuvre,Vehicle_Location-Restricted_Lane,Junction_Location,Skidding_and_Overturning,Hit_Object_in_Carriageway,Vehicle_Leaving_Carriageway,Hit_Object_off_Carriageway,1st_Point_of_Impact,Was_Vehicle_Left_Hand_Drive?,Journey_Purpose_of_Driver,Sex_of_Driver,Age_of_Driver,Age_Band_of_Driver,Engine_Capacity_(CC),Propulsion_Code,Age_of_Vehicle,Driver_IMD_Decile,Driver_Home_Area_Type,Vehicle_IMD_Decile
2017010063935,1,11,0,18,2,6,0,0,0,0,1,1,1,1,36,7,-1,-1,-1,2,1,2
2017010063936,1,9,0,18,0,1,0,7,0,0,1,1,6,1,32,6,1392,1,18,3,1,3
2017010063936,2,9,0,18,0,1,0,0,0,0,1,1,1,1,43,7,1995,2,2,5,1,5
2017010063937,1,9,0,5,0,2,0,0,0,0,1,1,6,1,55,8,2967,2,2,2,1,2
2017010063938,1,9,0,18,0,0,0,4,0,0,1,1,6,2,74,10,1240,1,8,4,1,4
2017010063938,2,9,0,2,0,0,0,0,0,0,1,1,6,3,-1,-1,1598,2,3,-1,-1,-1
2017010063939,1,9,0,5,0,1,0,0,0,0,2,1,6,1,57,9,1796,1,10,2,1,2
2017010063939,2,9,0,5,0,1,0,0,0,0,0,1,6,1,54,8,1951,2,14,3,1,3
2017010063941,1,9,0,18,0,8,0,0,0,0,1,1,6,1,61,9,1242,1,3,7,1,7
2017010063941,2,9,0,18,0,8,0,0,0,0,3,1,6,1,60,9,1388,1,8,10,1,10
2017010063942,1,3,0,17,0,1,1,10,0,0,0,1,6,1,21,5,124,1,14,6,1,6
2017010063942,2,9,0,7,0,6,0,0,0,0,0,1,6,1,68,10,2792,1,8,9,1,9
2017010063944,1,4,0,18,0,1,0,0,0,0,0,1,6,1,36,7,108,1,8,5,1,5
2017010063944,2,8,0,18,0,8,0,0,0,0,1,1,6,3,-1,-1,-1,-1,-1,-1,-1,-1
2017010063945,1,1,0,18,0,0,0,0,0,0,3,1,6,1,55,8,-1,-1,-1,-1,-1,-1
2017010063945,2,19,0,13,0,0,0,0,0,0,4,1,6,3,-1,-1,-1,-1,-1,-1,-1,-1
2017010063948,1,3,0,18,0,0,1,4,0,0,1,1,1,1,32,6,108,1,3,1,1,1
2017010063948,2,9,0,2,0,0,0,0,0,0,2,1,6,3,-1,-1,1997,1,18,-1,-1,-1
2017010063949,1,9,0,18,0,8,0,0,0,0,4,1,6,1,20,4,1149,1,10,5,1,5
2017010063951,1,11,0,7,0,5,0,0,0,0,2,1,1,1,55,8,5132,2,2,7,1,7
2017010063951,2,11,0,18,0,8,0,0,0,0,4,1,1,1,60,9,6700,2,6,3,1,3
2017010063952,1,9,0,18,0,0,0,0,0,0,1,1,6,1,-1,-1,998,1,17,5,1,5
2017010063952,2,9,0,18,0,0,0,0,0,0,3,1,6,2,28,6,2148,2,10,3,1,3
2017010063953,1,11,0,5,0,1,0,0,0,0,0,1,6,2,17,4,6692,2,4,4,1,4
2017010063955,1,5,0,18,0,1,0,0,0,0,1,1,6,1,36,7,645,1,11,4,1,4
2017010063956,1,9,0,17,0,0,0,0,1,0,3,1,6,1,27,6,1595,1,8,2,1,2
2017010063956,2,9,0,14,0,0,0,0,0,0,3,2,6,1,46,8,2987,2,1,7,1,7
2017010063956,3,9,0,3,0,0,0,0,0,0,3,1,6,1,46,8,2993,2,-1,6,1,6
2017010063957,1,9,0,7,0,2,0,0,0,0,1,1,6,1,62,9,1390,1,13,4,1,4
2017010063960,1,19,0,10,0,8,0,0,0,0,1,1,1,1,41,7,2198,2,2,10,1,10
2017010063960,2,9,0,18,0,8,0,0,0,0,3,1,2,2,30,6,1598,1,11,3,1,3
2017010063962,1,1,-1,-1,-1,-1,-1,-1,-1,-1,-1,1,6,1,57,9,-1,-1,-1,8,1,8
2017010063962,2,9,-1,-1,-1,-1,-1,-1,-1,-1,-1,-1,6,1,27,6,1398,1,16,2,1,2
2017010063963,1,8,0,3,0,0,0,0,0,0,2,1,2,1,57,9,2143,2,3,9,2,9
2017010063963,2,8,0,3,0,0,0,0,0,0,2,1,1,1,56,9,2143,2,2,3,1,3
2017010063963,3,21,1,3,0,0,0,0,0,0,2,1,1,1,55,8,12777,2,10,5,1,5
2017010063963,4,21,1,4,0,0,0,0,0,0,1,1,6,1,47,8,5880,2,9,3,1,3
2017010063964,1,3,0,4,0,2,0,4,0,0,1,1,2,1,38,7,113,1,1,-1,-1,-1
2017010063965,1,9,0,10,0,5,0,0,0,0,3,1,6,1,42,7,2204,2,8,6,1,6
2017010063965,2,3,0,13,0,1,1,0,0,0,4,1,6,1,22,5,125,1,1,7,1,7
2017010063966,1,9,0,9,0,6,0,0,0,0,0,1,6,2,37,7,1968,2,11,2,1,2
2017010063966,2,5,0,18,0,1,0,0,0,0,0,1,6,1,51,8,499,1,18,9,1,9
2017010063969,1,1,0,18,0,0,0,0,0,0,4,1,6,1,47,8,-1,-1,-1,6,1,6
2017010063970,1,3,0,18,0,1,5,0,0,0,-1,1,6,1,63,9,-1,-1,-1,3,1,3
2017010063970,2,9,-1,18,0,1,0,0,0,0,-1,-1,6,1,-1,-1,1388,1,15,3,1,3
2017010063972,1,9,0,18,0,8,0,0,0,0,1,1,2,1,47,8,1997,2,6,5,1,5
2017010063972,2,9,0,7,0,6,0,0,0,0,1,1,2,1,44,7,1871,2,13,3,1,3
2017010063977,1,9,0,3,0,1,0,0,0,0,2,-1,6,1,23,5,1388,1,13,2,1,2
2017010063977,2,9,-1,4,0,1,0,0,0,0,1,-1,6,1,-1,-1,1197,1,1,-1,-1,-1
2017010063983,1,1,-1,3,0,-1,0,0,0,0,2,1,6,2,29,6,-1,-1,-1,2,1,2
2017010063986,1,4,0,18,0,0,0,0,0,0,4,1,6,1,59,9,249,1,2,7,1,7
2017010063986,2,9,0,18,0,0,0,0,0,0,-1,1,6,1,-1,-1,1796,1,11,2,1,2
2017010063987,1,1,0,18,0,1,0,-1,-1,0,1,1,6,2,28,6,-1,-1,-1,4,1,4
2017010063989,1,1,0,18,4,-1,5,-1,-1,-1,-1,1,6,1,-1,-1,-1,-1,-1,3,1,3
2017010063991,1,4,-1,-1,-1,0,-1,-1,-1,-1,4,1,6,1,35,6,125,1,6,3,1,3
2017010063992,1,9,0,4,0,7,0,0,0,0,2,-1,6,1,45,7,2179,2,9,2,1,2
2017010063992,2,9,-1,16,-1,7,-1,0,0,0,1,-1,6,3,-1,-1,1995,2,8,-1,-1,-1
2017010063995,1,3,-1,6,-1,-1,-1,-1,-1,-1,-1,1,6,1,39,7,599,1,9,4,1,4
2017010063995,2,9,-1,18,-1,-1,-1,-1,-1,-1,-1,-1,6,2,-1,-1,1398,1,5,-1,-1,-1
2017010063999,1,9,-1,-1,0,8,0,-1,-1,-1,-1,-1,6,2,37,7,1199,1,14,3,1,3
2017010063999,2,1,0,18,0,-1,-1,-1,-1,-1,-1,1,6,1,-1,-1,-1,-1,-1,3,1,3
2017010064007,1,3,0,18,0,-1,0,0,0,0,4,1,6,1,40,7,125,1,11,3,1,3
2017010064007,2,19,0,18,0,-1,0,0,0,0,-1,1,1,1,32,6,2402,2,11,3,1,3
2017010064014,1,19,0,3,0,0,0,0,0,0,2,1,1,1,38,7,1598,2,-1,4,1,4
2017010064014,2,2,0,14,0,0,1,0,0,0,3,1,6,1,39,7,49,1,6,2,1,2
2017010064014,3,19,0,3,0,0,0,0,0,0,4,1,1,1,39,7,-1,-1,-1,3,3,3
2017010064019,1,9,0,18,0,0,0,0,0,0,4,-1,6,1,72,10,1388,1,14,8,1,8
2017010064019,2,9,0,18,0,0,0,0,0,0,3,2,6,2,48,8,2497,1,11,2,1,2
2017010064023,1,2,0,18,0,-1,0,0,0,0,4,1,6,1,29,6,-1,-1,-1,4,1,4
2017010064023,2,9,0,18,0,-1,0,0,0,0,4,-1,6,1,-1,-1,-1,-1,-1,6,1,6
2017010064025,1,1,0,18,-1,-1,-1,-1,-1,-1,-1,1,6,1,26,6,-1,-1,-1,3,1,3
2017010064032,1,9,-1,18,0,0,-1,-1,-1,-1,1,-1,6,1,31,6,1229,1,5,2,1,2
2017010064032,2,2,-1,18,-1,0,-1,-1,-1,-1,-1,1,6,3,-1,-1,124,1,13,-1,-1,-1
2017010064036,1,1,-1,18,0,-1,-1,-1,-1,-1,-1,1,6,1,32,6,-1,-1,-1,4,1,4
2017010064036,2,9,-1,-1,0,-1,-1,-1,-1,-1,-1,-1,6,3,-1,-1,1272,1,29,-1,-1,-1
2017010064038,1,11,0,3,0,1,0,0,0,0,0,1,1,2,44,7,4500,2,1,5,1,5
2017010064046,1,19,-1,18,0,8,-1,0,0,0,3,-1,6,1,38,7,1686,2,4,7,1,7
2017010064046,2,9,-1,18,0,8,-1,0,0,0,1,-1,6,1,-1,-1,2967,1,12,5,1,5
2017010064054,1,11,0,5,0,1,0,0,0,0,0,1,1,1,37,7,6692,2,4,3,1,3
2017010064056,1,9,0,18,0,0,0,4,0,0,1,1,3,1,36,7,1794,1,10,3,1,3
2017010064056,2,9,0,4,0,0,0,4,0,0,2,1,2,2,33,6,1995,2,4,3,1,3
2017010064056,3,9,0,4,0,0,0,0,0,0,2,1,1,1,47,8,1242,1,-1,10,1,10
2017010064061,1,9,0,3,0,3,0,0,0,0,2,1,6,2,37,7,1596,1,3,4,1,4
2017010064061,2,19,0,4,0,3,0,0,0,0,1,1,6,1,27,6,1560,2,1,3,3,3
2017010064063,1,9,0,5,0,2,0,0,0,0,1,1,6,1,25,5,1968,2,4,8,1,8
2017010064064,1,9,0,10,0,1,0,0,0,0,2,1,1,2,41,7,1499,2,1,7,1,7
2017010064064,2,9,0,11,0,1,0,0,0,0,1,1,1,1,33,6,-1,-1,-1,5,1,5
2017010064067,1,19,0,11,0,2,0,0,0,0,1,1,1,1,35,6,2143,2,1,2,1,2
2017010064067,2,9,0,3,0,2,0,0,0,0,3,1,6,2,67,10,1360,1,14,2,1,2
2017010064068,1,5,0,18,0,4,1,0,0,0,1,1,6,1,36,7,1157,1,12,5,1,5
2017010064068,2,9,0,18,9,3,0,0,0,0,1,1,6,2,66,10,2401,2,12,9,1,9
2017010064070,1,19,4,5,0,0,0,0,0,0,1,1,1,1,33,6,12809,2,3,5,2,5
2017010064072,1,9,0,7,0,5,0,0,0,0,4,1,6,2,46,8,1248,2,4,3,1,3
2017010064072,2,1,0,3,0,1,0,0,0,0,1,1,6,1,53,8,-1,-1,-1,4,1,4
2017010064073,1,9,0,9,0,6,0,0,0,0,4,1,6,2,30,6,1998,1,2,4,1,4
2017010064073,2,9,0,18,0,1,0,0,0,0,1,1,1,1,22,5,2143,2,4,4,1,4
2017010064075,1,9,0,7,0,8,0,0,0,0,1,1,6,1,42,7,2180,2,21,6,1,6
2017010064076,1,11,0,18,0,1,0,0,0,0,1,1,1,1,50,8,7300,2,11,3,1,3
2017010064089,1,9,0,15,0,0,0,7,0,0,1,1,6,1,32,6,1240,1,7,5,1,5
2017010064095,1,19,0,9,0,1,0,0,0,0,2,1,6,1,-1,-1,-1,-1,-1,-1,-1,-1
2017010064095,2,1,0,18,9,1,0,0,0,0,1,1,2,2,24,5,-1,-1,-1,8,1,8
2017010064100,1,9,-1,-1,-1,0,-1,-1,-1,-1,-1,-1,6,2,20,4,1229,1,3,3,1,3
2017010064103,1,9,-1,-1,-1,0,-1,-1,-1,-1,-1,-1,6,1,36,7,1997,2,9,4,1,4
2017010064103,2,9,-1,-1,-1,0,-1,-1,-1,-1,-1,-1,6,1,-1,-1,1364,1,-1,-1,-1,-1
2017010064105,1,21,1,5,0,1,0,0,0,0,1,1,1,1,51,8,7698,2,2,5,1,5
2017010064108,1,9,0,9,0,8,0,0,0,0,4,1,6,2,72,10,1242,1,12,3,1,3
2017010064108,2,9,0,5,0,1,0,0,0,0,3,1,6,2,64,9,1995,2,-1,5,1,5
2017010064108,3,9,0,5,0,1,0,0,0,0,3,1,6,1,39,7,998,1,15,6,1,6
2017010064111,1,1,0,-1,-1,-1,0,-1,-1,-1,-1,1,6,1,28,6,-1,-1,-1,8,1,8
2017010064117,1,9,-1,3,0,0,-1,0,0,0,2,-1,6,2,40,7,1995,2,3,9,1,9
2017010064117,2,1,-1,18,0,0,0,0,0,0,1,1,6,1,-1,-1,-1,-1,-1,9,1,9
2017010064118,1,9,0,18,0,-1,0,0,0,0,2,-1,6,1,47,8,1796,1,11,2,1,2
2017010064118,2,9,-1,18,0,-1,0,0,3,0,1,-1,6,3,-1,-1,-1,-1,-1,-1,-1,-1
2017010064120,1,9,0,18,0,0,0,0,0,0,1,1,2,1,61,9,1229,1,11,3,1,3
2017010064126,1,9,-1,7,0,0,-1,0,0,0,1,-1,6,3,-1,-1,1797,8,6,-1,-1,-1
2017010064132,1,9,0,18,0,2,0,0,0,0,4,-1,6,2,23,5,998,1,5,-1,-1,-1
2017010064132,2,11,0,18,0,1,0,0,0,0,-1,1,6,3,-1,-1,4500,2,5,-1,-1,-1
2017010064135,1,1,0,13,0,0,0,0,0,0,0,1,6,1,13,3,-1,-1,-1,6,1,6
2017010064137,1,20,1,11,0,1,0,0,0,0,4,1,1,1,45,7,-1,-1,-1,7,3,7
2017010064137,2,1,0,18,0,1,0,0,0,0,1,1,6,2,51,8,-1,-1,-1,2,1,2
2017010064142,1,9,0,4,0,5,0,0,0,0,2,-1,6,1,33,6,1598,1,13,5,1,5
2017010064142,2,9,0,18,0,5,0,0,0,0,1,-1,6,1,-1,-1,2148,2,12,-1,-1,-1
2017010064144,1,5,0,18,0,1,0,0,0,0,1,1,6,1,20,4,645,1,13,3,1,3
2017010064144,2,9,0,9,0,5,0,0,0,0,3,1,6,1,31,6,1598,1,14,4,1,4
2017010064146,1,3,0,18,0,1,-1,-1,0,0,-1,1,6,3,-1,-1,675,1,6,-1,-1,-1
2017010064150,1,2,0,18,9,2,0,0,0,0,1,1,6,1,20,4,-1,-1,-1,3,1,3
2017010064160,1,5,0,18,0,2,0,0,0,0,1,1,6,1,32,6,1301,1,1,7,1,7
2017010064161,1,11,0,9,0,0,0,0,0,0,3,1,6,1,39,7,6500,2,51,5,1,5
2017010064161,2,9,0,17,0,0,1,0,0,0,3,1,6,2,48,8,1587,1,10,9,1,9
2017010064162,1,5,0,18,0,0,0,0,0,0,1,1,6,1,23,5,636,1,12,5,1,5
2017010064162,2,8,0,18,0,0,0,0,0,0,2,1,6,1,63,9,1797,8,6,2,1,2
2017010064163,1,9,0,9,0,8,0,0,0,0,1,1,2,1,49,8,3498,1,19,10,1,10
2017010064163,2,1,0,18,0,8,0,0,0,0,4,1,2,2,40,7,-1,-1,-1,6,1,6
2017010064164,1,9,0,18,0,8,0,0,0,0,1,1,6,2,52,8,1149,1,14,2,1,2
2017010064164,2,1,0,9,0,8,0,0,0,0,1,1,1,2,46,8,-1,-1,-1,2,1,2
2017010064165,1,8,0,7,2,1,0,0,0,0,2,1,1,1,42,7,1798,8,1,3,1,3
2017010064165,2,11,0,5,2,1,0,0,0,0,4,1,1,1,63,9,6700,2,5,9,1,9
2017010064166,1,9,0,18,0,8,0,0,0,0,1,1,6,3,-1,-1,-1,-1,-1,-1,-1,-1
2017010064167,1,3,0,17,0,0,0,0,0,0,1,1,6,1,22,5,125,1,10,3,1,3
2017010064167,2,9,0,17,0,0,0,0,0,0,1,1,6,3,-1,-1,1598,1,10,-1,-1,-1
2017010064168,1,9,0,9,0,1,0,0,0,0,2,1,2,1,58,9,1796,1,23,4,1,4
2017010064168,2,9,0,7,0,1,0,0,0,0,1,1,2,2,61,9,2496,1,13,10,1,10
2017010064168,3,11,0,3,0,1,0,0,0,0,3,1,1,1,51,8,7300,2,11,4,1,4
2017010064169,1,19,0,9,0,8,0,0,0,0,4,1,2,1,25,5,1995,2,-1,3,1,3
2017010064169,2,1,0,18,0,1,0,0,0,0,0,1,6,1,16,4,-1,-1,-1,9,1,9
2017010064170,1,9,0,18,0,0,0,0,0,0,1,1,6,1,19,4,1995,2,4,3,1,3
2017010064171,1,11,0,5,2,0,0,0,0,0,0,1,6,1,42,7,9360,2,6,3,1,3
2017010064172,1,8,0,2,0,1,0,0,0,0,1,1,6,3,-1,-1,1598,2,5,-1,-1,-1
2017010064172,2,9,0,1,0,6,0,0,0,0,2,1,6,3,-1,-1,2143,2,3,-1,-1,-1
2017010064173,1,9,0,10,0,1,0,0,0,0,1,1,6,2,22,5,1299,1,14,9,1,9
2017010064173,2,9,0,18,0,1,1,0,0,0,1,1,6,1,21,5,1781,1,13,6,1,6
2017010064173,3,9,0,2,0,1,0,4,0,0,2,1,6,3,-1,-1,1796,1,11,-1,-1,-1
2017010064173,4,9,0,2,0,1,0,0,0,0,2,1,6,3,-1,-1,1390,1,9,-1,-1,-1
2017010064174,1,9,0,18,0,1,0,0,0,0,4,1,6,1,30,6,1998,1,-1,-1,-1,-1
2017010064175,1,9,0,18,0,0,0,0,0,0,4,1,6,3,-1,-1,-1,-1,-1,-1,-1,-1
2017010064176,1,1,0,18,0,5,0,0,0,0,1,1,6,1,23,5,-1,-1,-1,3,1,3
2017010064177,1,9,0,9,0,0,0,0,0,0,1,1,3,2,35,6,1296,1,11,5,1,5
2017010064177,2,1,0,9,0,0,0,0,0,0,1,1,6,1,12,3,-1,-1,-1,3,1,3
2017010064180,1,9,0,5,0,8,0,0,0,0,4,1,2,2,20,4,998,1,8,5,1,5
2017010064180,2,3,0,5,0,8,0,0,0,0,1,1,2,1,25,5,125,1,5,4,1,4
2017010064182,1,9,0,4,0,0,0,0,0,0,1,1,6,1,37,7,1596,1,12,3,1,3
2017010064183,1,9,0,18,0,0,0,0,0,0,1,1,6,1,35,6,2143,2,4,3,1,3
2017010064183,2,9,0,4,0,0,0,0,0,0,2,1,6,2,40,7,3456,8,-1,5,1,5
2017010064183,3,19,0,4,0,0,0,0,0,0,2,1,6,1,25,5,2402,2,13,-1,-1,-1
2017010064183,4,19,0,18,0,0,0,0,0,0,3,1,6,1,24,5,1560,2,10,1,1,1
2017010064184,1,3,0,18,0,8,0,0,0,0,4,1,6,1,18,4,-1,-1,-1,9,1,9
2017010064184,2,9,0,18,0,8,0,0,0,0,1,1,6,1,33,6,2148,2,12,6,1,6
2017010064185,1,9,0,18,0,3,0,0,0,0,4,1,6,3,-1,-1,-1,-1,-1,-1,-1,-1
2017010064185,2,1,0,5,0,2,0,0,0,0,4,1,6,2,47,8,-1,-1,-1,4,1,4
2017010064188,1,9,0,7,0,1,0,0,0,0,4,1,6,1,20,4,1998,1,-1,1,1,1
2017010064189,1,3,-1,9,-1,6,-1,-1,-1,-1,3,1,6,1,27,6,125,1,8,5,1,5
2017010064190,1,9,0,18,0,1,0,0,1,1,1,1,6,2,26,6,1995,2,2,2,1,2
2017010064190,2,9,0,9,0,1,0,0,0,0,1,1,6,1,22,5,1596,1,10,2,1,2
2017010064191,1,9,0,18,0,8,0,0,0,0,4,1,6,1,27,6,1995,2,10,2,1,2
2017010064191,2,3,0,18,0,8,0,0,0,0,3,1,6,1,23,5,124,1,11,2,1,2
2017010064192,1,9,0,9,0,8,0,0,0,0,1,1,6,2,26,6,1598,2,-1,4,1,4
2017010064192,2,9,0,18,0,8,0,0,0,0,1,1,6,2,45,7,1686,2,12,3,1,3
2017010064193,1,9,0,3,0,4,0,0,0,0,3,1,2,1,46,8,1896,2,9,6,1,6
2017010064193,2,9,0,4,0,4,0,0,0,0,4,1,2,2,37,7,1798,1,6,5,1,5
2017010064193,3,19,0,3,0,4,0,0,0,0,0,1,1,1,51,8,1598,2,5,3,1,3
2017010064193,4,9,0,3,0,4,0,0,0,0,4,1,1,2,68,10,1598,1,6,8,1,8
2017010064193,5,5,0,18,0,4,0,0,0,0,4,1,6,1,32,6,599,1,16,6,1,6
2017010064194,1,9,0,4,0,0,0,0,0,0,2,1,1,2,54,8,1995,2,15,1,1,1
2017010064194,2,9,0,4,0,0,0,0,0,0,1,1,6,1,40,7,2993,2,10,4,1,4
2017010064195,1,9,0,18,0,8,0,0,0,0,1,1,2,1,48,8,1781,1,12,9,1,9
2017010064198,1,21,1,5,0,2,0,0,0,0,1,2,1,1,54,8,-1,-1,-1,-1,-1,-1
2017010064198,2,9,0,5,0,2,1,0,1,1,2,1,6,2,25,5,1242,1,4,4,1,4
2017010064200,1,9,0,9,0,1,0,0,0,0,3,1,6,2,55,8,1598,1,7,8,1,8
2017010064200,2,3,0,18,0,1,1,0,0,0,1,1,6,1,18,4,124,1,7,7,1,7
2017010064202,1,9,0,8,0,6,0,0,0,0,1,1,6,1,40,7,2494,1,14,6,1,6
2017010064202,2,9,0,18,0,8,0,0,0,0,4,1,6,1,31,6,1968,2,7,2,1,2
2017010064202,3,9,0,15,0,8,0,0,0,0,1,1,6,1,-1,-1,2967,1,18,3,1,3
2017010064203,1,9,0,9,0,1,0,0,0,0,0,1,2,1,35,6,2188,2,11,8,1,8
2017010064203,2,3,0,14,0,1,0,0,0,0,0,1,6,1,22,5,125,1,1,5,1,5
2017010064204,1,9,0,7,0,1,0,0,0,0,4,1,6,1,31,6,1997,2,-1,6,1,6
2017010064204,2,4,0,18,0,1,0,0,0,0,3,1,6,1,30,6,108,1,4,3,1,3
2017010064205,1,3,-1,-1,-1,-1,-1,-1,-1,-1,-1,1,6,1,-1,-1,125,1,7,2,1,2
2017010064205,2,9,-1,-1,-1,-1,-1,-1,-1,-1,-1,-1,6,3,-1,-1,1149,1,14,-1,-1,-1
2017010064206,1,9,0,18,0,8,0,0,0,0,3,1,6,1,22,5,1596,1,14,1,1,1
2017010064208,1,9,0,7,0,1,0,0,0,0,1,1,6,3,16,4,-1,-1,-1,-1,-1,-1
2017010064210,1,20,0,3,6,0,0,0,0,0,2,1,1,1,53,8,-1,-1,-1,5,2,5
2017010064210,2,9,0,18,0,0,0,4,0,0,1,1,1,1,53,8,1968,2,-1,3,1,3
2017010064213,1,9,0,18,0,0,5,0,0,0,1,2,6,2,81,11,1597,1,7,9,1,9
2017010064217,1,1,0,-1,0,0,0,-1,0,0,-1,1,6,1,51,8,-1,-1,-1,4,1,4
2017010064217,2,9,-1,-1,-1,0,-1,-1,-1,-1,-1,-1,6,2,19,4,1686,2,10,2,1,2
2017010064219,1,9,0,5,0,3,0,0,0,0,1,1,1,1,38,7,2143,2,2,1,1,1
2017010064222,1,19,0,5,0,0,0,0,0,0,3,1,1,1,50,8,2143,2,1,3,1,3
2017010064222,2,3,0,4,0,0,0,4,0,0,4,1,2,1,38,7,125,1,6,8,1,8
2017010064222,3,9,0,2,0,0,0,0,0,0,3,1,6,3,-1,-1,1598,1,7,-1,-1,-1
2017010064235,1,3,0,18,0,0,0,0,0,0,4,1,6,1,34,6,-1,-1,-1,3,1,3
2017010064235,2,9,0,6,0,0,0,0,0,0,3,-1,6,3,-1,-1,1198,1,7,-1,-1,-1
2017010064247,1,1,0,18,0,-1,0,0,0,0,1,1,2,1,47,8,-1,-1,-1,8,1,8
2017010064247,2,9,0,-1,0,-1,0,0,0,0,3,-1,6,3,-1,-1,-1,-1,-1,-1,-1,-1
2017010064258,1,9,0,18,0,1,0,0,0,0,2,-1,6,2,42,7,1596,1,11,3,1,3
2017010064258,2,9,0,-1,0,1,0,0,0,0,1,-1,6,1,36,7,2902,2,8,8,1,8
2017010064260,1,10,0,9,0,1,0,0,0,0,3,1,6,1,57,9,-1,-1,-1,-1,-1,-1
2017010064260,2,1,0,10,0,1,0,0,0,0,1,1,6,2,72,10,-1,-1,-1,5,1,5
2017010064263,1,9,0,9,0,5,0,0,0,0,0,1,6,1,25,5,1386,1,9,7,1,7
2017010064263,2,1,0,4,0,1,0,0,0,0,3,1,6,2,28,6,-1,-1,-1,8,1,8
2017010064266,1,9,-1,-1,-1,-1,-1,-1,-1,-1,-1,-1,6,1,33,6,1797,8,4,4,1,4
2017010064271,1,11,0,4,3,5,0,0,0,0,0,1,6,1,45,7,6700,2,8,4,1,4
2017010064274,1,9,0,18,0,0,0,0,0,0,3,1,6,1,23,5,1598,2,5,4,1,4
2017010064274,2,9,0,18,0,0,0,0,0,0,4,1,6,2,28,6,1198,1,5,10,1,10
2017010064276,1,8,0,9,0,1,0,0,0,0,1,1,1,1,47,8,1797,8,7,4,1,4
2017010064276,2,9,0,18,0,1,0,0,1,0,1,1,6,1,38,7,1229,1,7,4,1,4
2017010064279,1,1,0,18,0,0,0,0,0,0,1,1,6,1,41,7,-1,-1,-1,4,1,4
2017010064281,1,3,-1,-1,-1,-1,-1,-1,-1,-1,-1,1,6,1,36,7,-1,-1,-1,5,1,5
2017010064281,2,8,-1,-1,-1,-1,-1,-1,-1,-1,-1,-1,6,1,53,8,1798,8,3,3,1,3
2017010064282,1,3,0,18,0,0,0,0,0,0,4,1,2,2,32,6,124,1,9,5,1,5
2017010064284,1,9,0,18,0,1,0,0,0,0,3,-1,6,1,24,5,1396,1,7,-1,-1,-1
2017010064284,2,9,0,11,0,1,0,0,0,0,4,-1,6,3,-1,-1,1461,2,-1,-1,-1,-1
2017010064303,1,11,0,18,0,8,0,0,0,0,0,1,1,1,30,6,4500,2,1,2,1,2
2017010064308,1,1,-1,-1,-1,0,-1,-1,-1,0,-1,1,2,1,50,8,-1,-1,-1,2,1,2
2017010064308,2,9,-1,-1,0,0,0,0,0,0,-1,-1,6,3,-1,-1,2148,2,10,2,1,2
2017010064311,1,9,0,18,0,0,0,0,1,2,1,1,6,2,29,6,1896,2,15,5,1,5
2017010064311,2,9,0,18,0,0,0,0,0,0,1,1,6,3,-1,-1,-1,-1,-1,-1,-1,-1
2017010064314,1,21,1,18,0,7,0,0,0,0,4,1,1,1,38,7,-1,-1,-1,3,1,3
2017010064314,2,9,0,18,0,7,1,7,0,0,3,1,1,1,45,7,-1,-1,-1,4,1,4
2017010064320,1,1,-1,-1,-1,-1,-1,-1,-1,-1,1,1,6,1,-1,-1,-1,-1,-1,5,1,5
2017010064321,1,3,0,18,0,0,5,0,0,0,4,1,6,1,20,4,108,1,1,4,1,4
2017010064321,2,9,0,-1,0,0,0,0,0,0,1,-1,6,2,29,6,1364,1,9,3,1,3
2017010064324,1,8,0,14,0,8,0,0,0,0,1,1,1,1,46,8,1791,8,6,2,1,2
2017010064324,2,9,0,18,0,8,0,0,0,0,1,1,6,2,28,6,875,1,6,2,1,2
2017010064331,1,9,-1,-1,-1,-1,-1,-1,-1,-1,-1,-1,6,1,55,8,1598,1,12,5,1,5
2017010064331,2,19,-1,-1,-1,-1,-1,-1,-1,-1,-1,-1,6,1,30,6,2179,2,13,4,1,4
2017010064332,1,9,0,4,0,1,0,0,0,0,2,1,6,2,51,8,2179,2,3,2,1,2
2017010064332,2,9,0,4,0,1,0,0,0,0,2,1,3,2,39,7,1560,2,2,4,1,4
2017010064332,3,9,0,4,0,1,0,0,0,0,1,1,6,1,23,5,1599,1,9,3,1,3
2017010064333,1,9,-1,-1,-1,-1,-1,-1,-1,-1,-1,-1,6,2,29,6,1197,1,-1,2,1,2
2017010064336,1,1,0,18,0,8,0,0,0,0,2,1,6,1,21,5,-1,-1,-1,3,1,3
2017010064336,2,9,0,18,0,8,0,0,0,0,1,-1,6,1,-1,-1,1590,1,12,2,1,2
2017010064340,1,9,-1,-1,-1,0,0,-1,-1,-1,-1,-1,6,1,62,9,1997,2,16,2,1,2
2017010064340,2,9,0,-1,-1,0,0,-1,-1,-1,-1,-1,6,2,22,5,1998,1,-1,5,1,5
2017010064344,1,9,0,18,-1,-1,-1,0,0,0,2,-1,6,2,32,6,1799,1,7,6,1,6
2017010064344,2,9,0,-1,-1,-1,-1,0,0,0,1,-1,6,1,-1,-1,1560,2,11,-1,-1,-1
2017010064345,1,9,0,3,0,4,0,0,0,0,2,-1,6,1,26,6,1968,2,3,3,1,3
2017010064345,2,9,0,18,0,4,0,0,0,0,1,-1,6,3,-1,-1,1997,2,10,-1,-1,-1