Accident_Index,Vehicle_Reference,Vehicle_Type,Towing_and_Articulation,Vehicle_Manoeuvre,Vehicle_Location-Restricted_Lane,Junction_Location,Skidding_and_Overturning,Hit_Object_in_Carriageway,Vehicle_Leaving_Carriageway,Hit_Object_off_Carriageway,1st_Point_of_Impact,Was_Vehicle_Left_Hand_Drive?,Journey_Purpose_of_Driver,Sex_of_Driver,Age_of_Driver,Age_Band_of_Driver,Engine_Capacity_(CC),Propulsion_Code,Age_of_Vehicle,Driver_IMD_Decile,Driver_Home_Area_Type,Vehicle_IMD_Decile
2017010064960,2,1,0,18,0,8,5,0,0,0,1,1,6,1,37,7,-1,-1,-1,6,1,6
2017010064961,1,3,-1,-1,-1,-1,-1,-1,-1,-1,-1,1,6,1,51,8,124,1,2,3,1,3
2017010064967,1,9,0,5,0,6,0,0,0,0,1,1,3,1,41,7,2996,1,-1,-1,-1,-1
2017010064967,2,1,0,18,0,1,0,0,0,0,1,1,2,1,31,6,-1,-1,-1,7,1,7
2017010064970,1,11,0,4,0,6,0,0,0,0,0,1,1,1,43,7,5132,2,-1,6,1,6
2017010064971,1,19,0,18,0,1,0,11,0,0,1,1,1,1,35,6,1560,2,2,1,1,1
2017010064975,1,3,0,18,0,1,0,0,0,0,4,1,6,1,42,7,125,1,9,4,1,4
2017010064975,2,9,0,18,0,1,0,0,0,0,1,1,6,1,-1,-1,2993,2,3,-1,-1,-1
2017010064978,1,19,0,1,0,2,0,0,0,0,2,-1,6,3,-1,-1,2402,2,6,-1,-1,-1
2017010064981,1,9,0,18,0,0,0,0,0,0,1,1,6,1,29,6,1598,2,7,-1,-1,-1
2017010064981,2,9,0,13,0,0,0,0,0,0,1,1,6,3,-1,-1,1395,1,-1,-1,-1,-1
2017010064984,1,9,0,10,0,-1,0,0,-1,0,4,-1,6,2,-1,-1,1499,2,3,3,1,3
2017010064984,2,19,-1,-1,0,-1,0,0,-1,-1,-1,-1,1,1,40,7,2198,2,2,4,1,4
2017010064991,1,9,0,3,0,-1,0,0,0,0,2,1,6,1,29,6,1598,2,4,7,1,7
2017010064991,2,9,0,1,0,-1,0,0,0,0,2,-1,6,1,-1,-1,1797,8,7,-1,-1,-1
2017010064992,1,9,-1,-1,-1,-1,-1,-1,-1,-1,-1,-1,6,1,37,7,2143,2,3,4,1,4
2017010064992,2,9,-1,-1,-1,-1,-1,-1,-1,-1,-1,-1,6,1,-1,-1,1499,2,-1,6,1,6
2017010064993,1,5,0,18,0,8,5,0,0,0,1,1,6,1,28,6,998,1,7,10,1,10
2017010064993,2,1,0,18,0,8,5,0,0,0,3,1,6,2,31,6,-1,-1,-1,5,1,5
2017010064994,1,19,0,18,0,1,0,0,0,0,1,1,1,1,44,7,1998,2,15,2,1,2
2017010064994,2,9,0,8,0,1,0,0,0,0,2,1,6,2,22,5,1197,1,2,-1,-1,-1
2017010064996,1,3,0,-1,-1,-1,0,-1,-1,0,-1,1,6,1,43,7,125,1,1,2,1,2
2017010064996,2,9,0,1,-1,-1,0,-1,0,0,-1,-1,6,1,-1,-1,2993,2,2,-1,-1,-1
2017010065000,1,19,0,3,6,6,0,0,0,0,3,1,1,1,26,6,1870,2,11,7,3,7
2017010065000,2,1,0,14,0,1,0,0,0,0,4,1,6,2,29,6,-1,-1,-1,2,1,2
2017010065004,1,11,0,5,0,2,0,0,0,0,0,1,1,1,46,8,4500,2,1,2,1,2
2017010065005,1,9,0,5,0,4,0,0,0,0,1,1,6,1,54,8,1461,2,5,5,1,5
2017010065005,2,9,0,9,0,4,0,0,0,0,1,1,6,1,37,7,1461,2,4,7,1,7
2017010065006,1,8,0,9,0,2,0,0,0,0,1,1,6,1,42,7,1797,8,5,5,1,5
2017010065008,1,4,0,18,0,2,0,0,0,0,1,1,2,1,44,7,124,1,8,2,1,2
2017010065009,1,5,0,18,0,8,0,0,0,0,1,1,6,1,36,7,645,1,10,4,1,4
2017010065009,2,8,0,9,0,8,0,0,0,0,3,1,6,1,35,6,2143,2,-1,1,1,1
2017010065010,1,9,0,9,0,5,0,0,0,0,1,1,3,2,29,6,1956,2,1,6,1,6
2017010065012,1,5,0,18,0,8,0,0,0,0,1,1,2,1,32,6,649,1,2,8,1,8
2017010065012,2,9,0,12,0,8,0,0,0,0,2,1,6,1,20,4,1596,1,15,3,1,3
2017010065014,1,9,0,9,0,2,0,0,0,0,3,1,6,1,21,5,1796,1,15,2,1,2
2017010065014,2,4,0,18,0,1,2,0,0,0,1,1,1,1,24,5,-1,-1,-1,-1,-1,-1
2017010065015,1,90,0,18,0,8,0,0,1,0,3,1,2,1,54,8,-1,-1,-1,5,1,5
2017010065015,2,8,0,3,0,6,0,0,0,0,1,1,2,1,51,8,1798,8,5,4,1,4
2017010065016,1,9,0,18,0,1,0,0,0,0,4,1,6,2,47,8,1998,1,12,10,1,10
2017010065018,1,9,0,9,0,1,0,0,0,0,1,1,2,1,51,8,1997,2,2,3,2,3
2017010065018,2,9,0,18,0,1,0,0,0,0,1,1,6,2,36,7,1685,2,5,4,1,4
2017010065019,1,9,0,18,0,1,0,0,0,0,1,1,6,1,55,8,1998,1,23,6,1,6
2017010065020,1,9,0,18,0,0,1,0,1,4,4,1,6,1,18,4,1390,1,15,7,1,7
2017010065021,1,19,0,7,0,5,0,0,0,0,1,1,1,2,73,10,-1,-1,-1,7,1,7
2017010065022,1,11,0,18,0,1,0,0,0,0,4,1,1,1,49,8,-1,-1,-1,-1,-1,-1
2017010065022,2,1,0,18,0,1,0,0,0,0,0,1,2,1,40,7,-1,-1,-1,2,1,2
2017010065023,1,11,0,2,0,0,0,0,0,0,3,1,6,3,-1,-1,3900,2,12,-1,-1,-1
2017010065023,2,21,1,14,0,0,0,4,0,0,4,2,6,1,60,9,12900,2,5,4,1,4
2017010065026,1,9,0,9,0,5,0,0,0,0,1,1,1,1,51,8,1560,2,4,-1,-1,-1
2017010065026,2,1,0,18,2,1,0,0,0,0,1,1,6,2,23,5,-1,-1,-1,4,1,4
2017010065028,1,8,0,4,0,1,0,0,0,0,4,1,1,1,60,9,1997,2,3,3,1,3
2017010065028,2,1,0,18,0,1,0,0,0,0,3,1,6,1,56,9,-1,-1,-1,4,1,4
2017010065029,1,21,1,16,0,0,0,0,0,0,1,1,1,1,73,10,12900,2,8,8,3,8
2017010065029,2,9,0,18,0,0,1,0,0,0,1,1,6,1,51,8,998,1,5,3,1,3
2017010065029,3,9,0,18,0,0,0,0,0,0,4,1,6,1,57,9,1951,2,14,1,1,1
2017010065030,1,5,0,14,0,0,0,0,0,0,1,1,2,1,54,8,599,1,4,8,1,8
2017010065032,1,9,0,18,0,1,0,0,0,0,1,1,6,1,26,6,1498,1,10,3,1,3
2017010065032,2,9,0,15,0,1,0,0,0,0,1,1,6,1,22,5,2143,2,-1,-1,-1,-1
2017010065033,1,8,0,18,0,8,0,0,0,0,1,1,1,1,43,7,1798,8,-1,7,1,7
2017010065033,2,3,0,18,0,8,0,0,0,0,3,1,1,1,23,5,125,1,-1,2,1,2
2017010065034,1,9,0,18,0,6,0,0,0,0,3,1,6,1,53,8,2231,2,10,8,1,8
2017010065034,2,1,0,18,0,1,0,0,0,0,1,1,6,1,33,6,-1,-1,-1,6,1,6
2017010065035,1,9,0,18,0,3,0,4,0,0,1,1,6,1,52,8,-1,-1,-1,8,1,8
2017010065035,2,9,0,2,0,3,0,0,0,0,2,1,6,3,-1,-1,898,1,1,-1,-1,-1
2017010065035,3,9,0,2,0,3,0,0,0,0,2,1,6,3,-1,-1,1796,1,14,-1,-1,-1
2017010065037,1,9,0,17,0,0,0,0,0,0,1,1,1,1,64,9,1986,2,10,8,1,8
2017010065038,1,8,0,9,0,1,0,0,0,0,1,1,1,1,47,8,1956,2,5,6,1,6
2017010065039,1,9,0,6,0,1,0,0,0,0,1,1,6,1,28,6,1240,1,14,4,2,4
2017010065039,2,3,0,18,0,1,0,0,0,0,1,1,1,1,52,8,-1,-1,-1,3,1,3
2017010065040,1,4,0,18,0,1,0,0,0,0,1,1,1,1,26,6,124,1,4,3,1,3
2017010065040,2,9,0,18,0,1,0,0,0,0,1,1,6,1,-1,-1,-1,-1,-1,3,1,3
2017010065041,1,2,0,4,0,1,0,0,0,0,0,1,1,1,35,6,125,1,1,5,1,5
2017010065041,2,9,0,4,0,1,0,0,0,0,4,1,6,3,-1,-1,1596,1,11,-1,-1,-1
2017010065042,1,19,0,9,0,5,0,0,0,0,1,1,6,3,-1,-1,-1,-1,-1,-1,-1,-1
2017010065042,2,3,0,18,0,8,5,0,0,0,1,1,1,1,27,6,125,1,11,1,1,1
2017010065046,1,8,0,18,0,6,0,0,0,0,1,1,1,1,29,6,1798,8,4,9,1,9
2017010065047,1,1,0,18,0,2,0,0,0,0,4,1,6,2,44,7,-1,-1,-1,2,1,2
2017010065048,1,11,0,9,0,1,0,0,0,0,0,1,6,1,44,7,4500,2,5,2,1,2
2017010065049,1,9,0,18,0,6,0,0,0,0,1,1,6,2,49,8,1596,1,13,4,1,4
2017010065049,2,9,0,17,0,2,0,0,0,0,4,1,6,2,39,7,1968,2,9,9,1,9
2017010065052,1,9,0,18,0,1,0,0,0,0,1,1,6,1,44,7,1968,2,2,3,1,3
2017010065052,2,3,0,9,0,1,0,0,0,0,1,1,6,1,19,4,125,1,10,2,1,2
2017010065053,1,9,0,18,0,2,0,0,0,0,4,1,6,1,37,7,1968,2,1,4,1,4
2017010065055,1,9,0,18,0,1,0,0,0,0,0,1,1,1,32,6,2993,2,1,2,1,2
2017010065055,2,9,0,18,0,1,0,0,0,0,1,1,6,3,-1,-1,1388,1,11,-1,-1,-1
2017010065055,3,9,0,18,0,8,0,0,0,0,1,1,6,1,51,8,1997,2,2,2,1,2
2017010065056,1,19,0,4,0,1,0,0,0,0,3,1,1,1,81,11,2494,2,10,10,1,10
2017010065058,1,11,0,18,0,1,0,0,0,0,0,1,1,1,56,9,6700,2,5,4,1,4
2017010065061,1,9,0,4,0,0,0,0,0,0,2,1,2,1,30,6,1595,1,8,7,1,7
2017010065061,2,9,0,18,0,0,0,4,0,0,1,1,2,1,49,8,3498,1,6,6,1,6
2017010065069,1,9,0,18,0,0,0,0,0,0,3,1,6,2,17,4,1329,1,8,8,1,8
2017010065069,2,19,-1,18,0,0,0,0,0,0,1,1,6,1,-1,-1,1870,2,14,-1,-1,-1
2017010065076,1,5,-1,-1,-1,0,-1,-1,-1,-1,-1,1,6,1,62,9,847,1,-1,-1,-1,-1
2017010065076,2,9,-1,-1,-1,0,-1,-1,-1,-1,-1,-1,6,1,-1,-1,2143,12,-1,-1,-1,-1
2017010065078,1,9,0,18,0,0,0,0,0,0,2,-1,6,1,30,6,1968,2,7,2,1,2
2017010065078,2,9,0,18,0,0,0,0,0,0,1,-1,6,1,-1,-1,1796,1,10,-1,-1,-1
2017010065083,1,3,0,18,0,0,-1,0,0,0,4,1,1,1,23,5,125,1,3,2,1,2
2017010065085,1,1,-1,-1,-1,0,-1,-1,-1,-1,-1,1,6,1,41,7,-1,-1,-1,3,1,3
2017010065090,1,9,-1,-1,-1,-1,-1,-1,-1,-1,-1,-1,6,1,51,8,1240,1,8,8,1,8
2017010065090,2,9,-1,-1,-1,-1,-1,-1,-1,-1,-1,-1,6,1,-1,-1,1341,1,13,-1,-1,-1
2017010065093,1,1,-1,-1,-1,-1,-1,-1,-1,-1,-1,1,6,1,43,7,-1,-1,-1,7,1,7
2017010065093,2,9,-1,-1,-1,-1,-1,-1,-1,-1,-1,-1,6,3,-1,-1,3824,1,11,-1,-1,-1
2017010065098,1,9,-1,-1,-1,-1,-1,-1,-1,-1,-1,-1,6,3,-1,-1,-1,-1,-1,-1,-1,-1
2017010065101,1,1,0,18,-1,-1,-1,-1,-1,-1,1,1,6,2,32,6,-1,-1,-1,3,1,3
2017010065101,2,1,-1,18,-1,-1,-1,-1,-1,-1,-1,1,6,2,-1,-1,-1,-1,-1,-1,-1,-1
2017010065106,1,1,0,18,0,2,0,0,0,0,4,1,6,1,71,10,-1,-1,-1,8,1,8
2017010065106,2,9,0,9,0,2,0,0,0,0,3,1,6,2,60,9,1798,1,5,10,1,10
2017010065119,1,9,-1,4,-1,0,-1,-1,-1,-1,2,-1,6,2,35,6,1598,1,11,4,1,4
2017010065119,2,9,-1,18,-1,0,-1,-1,-1,-1,1,-1,6,1,-1,-1,1596,1,12,-1,-1,-1
2017010065123,1,5,0,17,0,8,0,0,0,0,1,1,1,1,44,7,636,1,12,1,1,1
2017010065123,2,1,0,16,0,8,5,0,0,0,1,1,6,1,53,8,-1,-1,-1,4,1,4
2017010065124,1,3,-1,18,0,-1,-1,-1,0,0,-1,1,6,1,28,6,125,1,6,3,1,3
2017010065124,2,9,-1,9,0,-1,-1,-1,-1,-1,3,-1,6,3,-1,-1,2171,1,12,-1,-1,-1
2017010065126,1,9,0,5,0,1,0,0,0,0,1,1,6,2,22,5,1296,1,11,1,1,1
2017010065126,2,1,0,18,0,3,0,0,0,0,1,1,6,1,49,8,-1,-1,-1,6,1,6
2017010065127,1,9,0,18,0,1,0,0,0,0,1,1,2,1,20,4,1991,1,-1,1,1,1
2017010065141,1,9,0,18,0,1,0,0,0,0,1,1,6,3,-1,-1,-1,-1,-1,-1,-1,-1
2017010065150,1,9,-1,-1,-1,-1,-1,-1,-1,-1,-1,-1,6,3,-1,-1,2993,2,9,-1,-1,-1
2017010065153,1,1,0,18,0,1,0,0,0,0,1,1,6,1,31,6,-1,-1,-1,8,1,8
2017010065153,2,19,0,18,0,1,0,0,0,0,1,-1,6,3,-1,-1,1598,2,2,-1,-1,-1
2017010065168,1,9,0,18,0,6,0,0,0,0,2,1,6,1,-1,-1,1461,2,2,-1,-1,-1
2017010065170,1,3,0,5,0,1,0,0,0,0,3,1,1,1,28,6,108,1,-1,5,1,5
2017010065170,2,9,0,5,0,1,0,0,0,0,1,1,6,3,-1,-1,-1,-1,-1,-1,-1,-1
2017010065172,1,9,0,18,0,4,-1,-1,0,0,-1,-1,6,2,31,6,1296,1,9,3,1,3
2017010065172,2,9,-1,18,0,4,0,-1,0,0,-1,-1,6,3,-1,-1,1598,1,6,-1,-1,-1
2017010065173,1,1,0,18,0,1,1,0,0,0,1,1,6,1,51,8,-1,-1,-1,7,1,7
2017010065173,2,19,-1,18,-1,-1,-1,-1,-1,-1,-1,-1,6,3,-1,-1,2198,2,4,-1,-1,-1
2017010065177,1,9,0,18,0,0,0,0,0,0,1,1,6,1,32,6,2993,2,1,3,1,3
2017010065177,2,9,-1,1,0,0,0,0,0,0,2,-1,6,1,-1,-1,1198,1,4,5,1,5
2017010065181,1,19,0,5,0,1,0,0,0,0,1,2,1,1,61,9,1399,2,7,3,1,3
2017010065181,2,1,0,18,0,6,0,0,0,0,1,1,6,1,31,6,-1,-1,-1,9,1,9
2017010065184,1,9,0,7,0,1,0,0,0,0,4,1,6,2,19,4,1197,1,5,4,1,4
2017010065184,2,1,0,18,0,1,0,0,0,0,1,1,6,1,38,7,-1,-1,-1,5,1,5
2017010065188,1,9,0,18,0,8,0,0,0,0,0,-1,6,1,30,6,2143,2,1,2,1,2
2017010065188,2,11,0,7,0,8,0,0,0,0,1,-1,6,3,-1,-1,12400,2,3,-1,-1,-1
2017010065190,1,1,0,18,0,1,0,0,0,0,-1,1,6,1,39,7,-1,-1,-1,4,1,4
2017010065193,1,9,0,4,0,0,-1,-1,-1,-1,2,-1,6,1,34,6,2400,2,7,-1,-1,-1
2017010065193,2,9,0,18,0,0,-1,-1,-1,-1,1,-1,6,3,-1,-1,1796,2,4,-1,-1,-1
2017010065195,1,9,0,13,0,0,0,0,0,0,1,1,2,2,39,7,998,1,13,4,1,4
2017010065195,2,9,0,2,0,0,0,0,0,0,2,1,6,3,-1,-1,1598,1,10,-1,-1,-1
2017010065201,1,11,0,4,0,1,0,0,0,0,1,1,1,1,58,9,8300,2,11,5,1,5
2017010065203,1,11,0,18,0,1,0,0,0,0,0,1,1,3,-1,-1,4760,2,5,-1,-1,-1
2017010065205,1,9,0,16,0,0,0,0,0,0,1,1,2,1,41,7,1910,2,10,5,1,5
2017010065205,2,5,0,17,0,0,0,0,0,0,1,1,2,1,20,4,645,1,10,3,1,3
2017010065206,1,9,0,18,0,0,0,-1,0,0,-1,-1,6,1,44,7,1896,2,7,4,1,4
2017010065206,2,9,0,18,0,0,0,-1,0,0,-1,-1,6,3,-1,-1,3400,1,16,-1,-1,-1
2017010065207,1,1,0,18,0,0,0,0,0,0,1,1,6,2,28,6,-1,-1,-1,-1,-1,-1
2017010065207,2,1,0,18,0,0,0,0,0,0,2,1,6,1,30,6,-1,-1,-1,2,1,2
2017010065208,1,9,0,10,0,1,0,0,0,0,2,1,6,1,20,4,-1,-1,-1,4,1,4
2017010065211,1,11,0,4,2,0,0,0,0,0,0,1,6,1,45,7,4500,2,2,4,1,4
2017010065212,1,1,0,18,0,1,0,0,0,0,-1,1,6,1,51,8,-1,-1,-1,5,1,5
2017010065213,1,3,0,18,0,1,0,0,0,0,1,1,6,1,70,10,680,1,9,8,3,8
2017010065214,1,9,0,5,0,8,0,0,0,0,0,1,6,1,71,10,1490,1,12,1,1,1
2017010065215,1,9,0,9,0,8,0,0,0,0,1,1,6,3,-1,-1,-1,-1,-1,-1,-1,-1
2017010065218,1,1,0,18,0,2,0,0,0,0,1,1,6,1,26,6,-1,-1,-1,9,1,9
2017010065220,1,3,0,4,2,0,2,0,0,0,1,1,2,1,57,9,125,1,2,4,1,4
2017010065221,1,5,0,17,0,8,0,0,0,0,1,1,6,1,28,6,998,1,14,5,1,5
2017010065222,1,2,-1,-1,-1,-1,-1,-1,-1,0,2,1,6,1,44,7,-1,-1,-1,5,1,5
2017010065222,2,8,-1,-1,-1,-1,-1,-1,-1,-1,-1,-1,6,1,-1,-1,2402,2,11,-1,-1,-1
2017010065223,1,9,0,4,0,3,0,0,0,0,2,1,6,1,46,8,2148,2,7,2,1,2
2017010065223,2,9,0,5,0,3,0,0,0,0,1,1,6,1,28,6,-1,-1,-1,9,1,9
2017010065224,1,9,0,-1,-1,0,0,-1,-1,-1,-1,-1,6,2,21,5,1150,1,14,-1,-1,-1
2017010065224,2,9,0,-1,-1,0,0,-1,-1,-1,-1,-1,6,2,-1,-1,4999,1,13,-1,-1,-1
2017010065225,1,3,0,13,0,0,0,0,0,0,1,1,2,1,47,8,125,1,1,8,1,8
2017010065227,1,9,-1,3,0,4,0,-1,0,0,3,-1,6,1,59,9,2179,2,2,6,1,6
2017010065227,2,9,-1,1,0,4,0,-1,0,0,2,-1,6,1,43,7,1968,2,2,3,1,3
2017010065232,1,11,0,4,0,8,0,0,0,0,0,1,1,1,39,7,9360,2,7,7,1,7
2017010065237,1,9,0,9,0,8,0,0,0,0,4,1,6,1,59,9,3222,2,12,6,1,6
2017010065237,2,2,0,18,0,8,0,0,0,0,1,1,1,1,26,6,108,1,3,6,1,6
2017010065240,1,9,-1,18,0,0,0,0,-1,0,1,-1,6,3,-1,-1,-1,-1,-1,-1,-1,-1
2017010065244,1,19,0,14,0,1,0,0,0,0,1,1,1,1,29,6,2998,2,5,10,1,10
2017010065244,2,9,0,18,0,1,1,0,0,0,1,1,6,1,26,6,1598,1,12,9,1,9
2017010065245,1,9,0,3,0,1,1,0,0,0,2,1,6,1,65,9,1991,2,9,3,1,3
2017010065245,2,90,0,18,0,1,1,0,0,0,1,1,6,1,54,8,-1,-1,-1,1,1,1
2017010065245,3,9,0,3,0,2,1,0,0,0,2,1,6,1,58,9,1968,2,2,2,1,2
2017010065249,1,9,0,18,0,1,0,0,0,0,1,1,6,3,-1,-1,-1,-1,-1,-1,-1,-1
2017010065250,1,3,0,18,0,2,0,0,0,0,1,1,6,1,44,7,125,1,10,2,1,2
2017010065254,1,9,-1,10,0,1,-1,0,0,0,2,-1,6,2,57,9,1339,1,7,6,3,6
2017010065259,1,9,0,18,0,0,1,0,0,0,1,1,1,1,43,7,1796,1,9,3,1,3
2017010065263,1,3,0,13,0,1,5,0,0,0,1,1,6,1,17,4,125,1,1,4,1,4
2017010065263,2,9,0,9,0,8,0,0,0,0,1,1,1,1,52,8,2143,2,3,9,1,9
2017010065264,1,9,0,2,0,2,0,0,0,0,3,1,6,3,-1,-1,-1,-1,-1,-1,-1,-1
2017010065264,2,9,0,2,0,2,0,0,0,0,3,1,6,3,-1,-1,1197,1,-1,-1,-1,-1
2017010065264,3,9,0,2,0,2,0,0,0,0,4,1,6,3,-1,-1,1598,1,2,-1,-1,-1
2017010065264,4,9,0,18,0,2,0,10,0,0,3,1,6,1,53,8,1395,1,-1,1,1,1
2017010065265,1,21,0,18,0,0,0,0,0,0,0,1,1,1,38,7,5900,2,10,5,1,5
2017010065265,2,3,0,18,0,0,0,0,0,0,0,1,6,1,46,8,108,1,3,6,1,6
2017010065267,1,9,0,5,-1,0,0,0,0,0,2,-1,6,1,46,8,1798,1,-1,2,1,2
2017010065267,2,9,-1,18,-1,0,0,0,0,0,-1,-1,6,3,-1,-1,-1,-1,-1,-1,-1,-1
2017010065269,1,9,0,17,0,5,0,0,0,0,1,1,6,2,39,7,1497,8,10,2,1,2
2017010065274,1,4,0,14,0,0,0,0,0,0,1,1,2,2,30,6,-1,-1,-1,2,1,2
2017010065275,1,1,0,18,0,2,0,0,0,0,1,1,6,1,-1,-1,-1,-1,-1,-1,-1,-1
2017010065278,1,3,0,13,0,1,1,0,0,0,1,1,2,2,32,6,124,1,3,2,1,2
2017010065282,1,9,0,9,0,8,0,0,0,0,4,1,6,2,44,7,1318,1,-1,3,1,3
2017010065282,2,3,0,15,2,1,0,0,0,0,1,1,6,1,22,5,124,1,9,2,1,2
2017010065284,1,9,0,14,0,1,0,0,0,0,4,1,3,2,36,7,1997,2,2,4,1,4
2017010065286,1,9,0,18,0,0,0,0,0,0,1,1,6,2,33,6,1560,2,8,3,1,3
2017010065286,2,2,0,18,0,0,0,0,0,0,1,1,6,1,19,4,108,1,1,7,1,7
2017010065291,1,9,0,9,0,1,0,0,0,0,4,1,2,2,58,9,1229,1,4,4,1,4
2017010065291,2,9,0,18,0,1,0,0,0,0,1,1,2,2,-1,-1,999,1,10,6,1,6
2017010065292,1,9,0,7,9,2,2,0,1,4,1,1,6,1,31,6,-1,-1,-1,7,1,7
2017010065292,2,9,0,18,0,1,0,0,0,0,1,1,6,2,60,9,2997,1,7,3,1,3
2017010065293,1,9,0,6,0,0,0,0,0,0,1,2,6,2,50,8,1598,2,3,6,1,6
2017010065293,2,9,0,18,0,0,0,0,0,0,4,1,6,1,73,10,1582,2,8,6,1,6
2017010065294,1,9,0,6,0,1,0,0,0,0,1,1,6,2,53,8,1998,1,13,6,1,6
2017010065294,2,3,0,14,0,1,0,0,0,0,1,1,1,1,19,4,108,1,3,6,1,6
2017010065295,1,9,0,14,0,2,0,0,0,0,3,1,2,1,35,6,2204,2,11,6,1,6
2017010065298,1,9,0,18,0,1,0,0,0,0,1,2,6,2,54,8,-1,-1,-1,2,1,2
2017010065298,2,9,0,3,0,1,0,0,0,0,2,2,4,1,58,9,1596,1,14,2,1,2
2017010065298,3,9,0,7,0,2,0,0,0,0,0,2,6,3,-1,-1,1968,2,4,5,1,5
2017010065299,1,19,0,9,0,2,0,0,0,0,1,1,2,1,32,6,1461,2,1,9,1,9
2017010065299,2,1,0,18,0,2,2,0,0,0,1,1,6,1,34,6,-1,-1,-1,4,1,4
2017010065300,1,9,0,3,0,1,0,0,0,0,2,1,2,1,32,6,1198,1,13,4,1,4
2017010065300,2,90,0,18,0,1,0,0,0,0,1,1,6,3,-1,-1,-1,-1,-1,-1,-1,-1
2017010065301,1,9,0,6,0,1,0,0,0,0,3,1,1,1,54,8,2143,2,3,7,1,7
2017010065301,2,5,0,14,0,1,2,0,0,0,1,1,1,1,35,6,998,1,10,2,1,2
2017010065302,1,9,0,9,0,1,0,0,0,0,4,1,2,1,33,6,2993,2,10,1,1,1
2017010065302,2,9,0,9,0,2,0,0,0,0,1,1,2,2,37,7,1197,1,2,5,1,5
2017010065303,1,9,0,5,0,2,0,0,0,0,1,1,6,1,30,6,1560,2,7,2,1,2
2017010065303,2,1,0,5,0,2,0,0,0,0,1,1,6,2,21,5,-1,-1,-1,4,1,4
2017010065305,1,9,0,9,0,8,0,0,0,0,1,1,6,1,32,6,1769,1,14,7,1,7
2017010065305,2,3,0,18,0,8,1,0,0,0,4,1,6,1,26,6,125,1,-1,3,1,3
2017010065305,3,9,0,2,0,2,0,0,0,0,1,1,6,3,-1,-1,-1,-1,-1,-1,-1,-1
2017010065306,1,9,0,4,0,2,0,0,0,0,1,1,2,1,50,8,1398,2,14,2,1,2
2017010065307,1,2,0,4,0,1,0,0,0,0,1,1,1,1,20,4,49,1,-1,9,1,9
2017010065307,2,9,0,1,0,1,0,0,0,0,2,1,6,1,37,7,1968,2,5,2,1,2
2017010065309,1,9,0,9,0,8,0,0,0,0,1,1,6,1,63,9,1368,1,2,8,1,8
2017010065309,2,9,0,9,0,8,0,0,0,0,2,1,6,2,41,7,998,1,5,6,1,6
2017010065309,3,9,0,18,0,1,0,0,0,0,0,1,1,1,37,7,1995,2,3,-1,-1,-1
2017010065310,1,9,0,2,4,1,0,0,0,0,3,1,6,3,-1,-1,1995,2,-1,-1,-1,-1
2017010065310,2,1,0,18,4,1,0,0,0,0,1,1,2,2,52,8,-1,-1,-1,1,1,1
2017010065311,1,9,0,5,8,6,0,0,0,0,3,1,6,2,58,9,1242,1,3,3,1,3
2017010065311,2,9,0,15,0,1,0,0,0,0,1,1,6,2,76,11,1240,1,12,-1,-1,-1
2017010065313,1,9,0,18,0,1,0,0,0,0,1,1,6,1,20,4,1995,2,9,9,1,9
2017010065313,2,9,0,9,0,8,0,0,0,0,1,1,6,1,43,7,2191,2,3,10,1,10
2017010065313,3,9,0,2,0,8,0,0,0,0,3,1,6,3,-1,-1,1364,1,8,-1,-1,-1
2017010065313,4,9,0,2,0,8,0,0,0,0,2,1,6,3,-1,-1,1968,2,-1,-1,-1,-1
2017010065314,1,9,0,7,0,1,0,0,0,0,2,1,1,1,40,7,1797,8,6,5,1,5
2017010065314,2,11,0,18,0,1,0,0,0,0,1,1,1,1,38,7,5132,2,1,5,1,5
2017010065316,1,9,0,9,0,1,0,0,0,0,1,1,2,1,26,6,1395,1,3,1,1,1
2017010065316,2,1,0,11,0,1,0,0,0,0,1,1,6,2,34,6,-1,-1,-1,-1,-1,-1
2017010065318,1,9,0,18,0,8,0,0,0,0,1,1,2,1,56,9,1386,1,10,1,1,1
2017010065319,1,9,0,18,0,0,0,0,0,0,4,1,6,1,47,8,-1,-1,-1,-1,-1,-1
2017010065320,1,9,0,18,0,2,0,4,0,0,1,1,6,2,22,5,1242,1,11,7,1,7
2017010065320,2,9,0,2,0,2,0,0,0,0,3,1,6,3,-1,-1,3500,1,12,-1,-1,-1
2017010065320,3,9,0,2,0,2,0,0,0,0,4,1,6,3,-1,-1,2143,2,6,-1,-1,-1
2017010065320,4,9,0,2,0,2,0,0,0,0,1,1,6,3,-1,-1,996,1,5,-1,-1,-1
2017010065321,1,11,0,5,0,1,0,0,0,0,4,1,6,3,-1,-1,-1,-1,-1,-1,-1,-1
2017010065322,1,4,0,13,0,8,5,11,0,0,1,1,6,1,18,4,124,1,9,3,1,3
2017010065322,2,9,0,18,0,8,0,11,0,0,3,1,6,1,53,8,2261,1,12,4,1,4
2017010065322,3,9,0,18,0,8,0,0,0,0,2,1,6,2,22,5,1596,1,11,-1,-1,-1
2017010065323,1,9,0,9,0,8,0,0,0,0,1,1,1,1,30,6,1598,1,12,6,1,6
2017010065323,2,1,0,3,0,1,0,0,0,0,1,1,6,1,54,8,-1,-1,-1,2,1,2
2017010065328,1,9,0,18,0,1,0,-1,0,0,2,-1,6,1,42,7,1598,2,1,2,1,2
2017010065328,2,1,0,18,0,1,0,0,0,0,1,1,6,1,-1,-1,-1,-1,-1,-1,-1,-1
2017010065331,1,9,-1,3,0,0,-1,-1,-1,-1,2,-1,6,1,23,5,1896,2,9,1,1,1