Accident_Index,Vehicle_Reference,Vehicle_Type,Towing_and_Articulation,Vehicle_Manoeuvre,Vehicle_Location-Restricted_Lane,Junction_Location,Skidding_and_Overturning,Hit_Object_in_Carriageway,Vehicle_Leaving_Carriageway,Hit_Object_off_Carriageway,1st_Point_of_Impact,Was_Vehicle_Left_Hand_Drive?,Journey_Purpose_of_Driver,Sex_of_Driver,Age_of_Driver,Age_Band_of_Driver,Engine_Capacity_(CC),Propulsion_Code,Age_of_Vehicle,Driver_IMD_Decile,Driver_Home_Area_Type,Vehicle_IMD_Decile
2017010065331,2,9,-1,18,0,0,-1,-1,-1,-1,1,-1,6,3,-1,-1,-1,-1,-1,-1,-1,-1
2017010065338,1,9,-1,-1,-1,0,-1,-1,-1,-1,-1,-1,6,1,34,6,1598,1,2,-1,-1,-1
2017010065338,2,9,-1,-1,-1,0,-1,-1,-1,-1,-1,-1,6,1,-1,-1,1995,2,3,10,1,10
2017010065339,1,9,0,9,0,1,0,0,0,0,4,1,2,2,43,7,1368,1,3,5,1,5
2017010065339,2,9,0,18,0,1,1,0,0,0,3,1,6,1,32,6,4999,1,12,6,1,6
2017010065340,1,9,-1,-1,-1,-1,-1,-1,-1,-1,-1,-1,6,1,37,7,1199,1,17,3,1,3
2017010065341,1,3,-1,-1,-1,1,-1,-1,-1,-1,-1,1,6,1,26,6,125,1,1,1,1,1
2017010065341,2,9,-1,18,-1,1,-1,-1,-1,-1,-1,-1,6,3,-1,-1,1995,2,-1,-1,-1,-1
2017010065344,1,1,-1,-1,-1,-1,-1,-1,-1,-1,-1,1,6,3,-1,-1,-1,-1,-1,-1,-1,-1
2017010065345,1,21,0,3,0,2,0,0,0,0,0,1,1,1,55,8,6700,2,1,6,1,6
2017010065345,2,9,0,3,0,2,0,0,0,0,2,1,6,1,36,7,2143,2,6,5,1,5
2017010065345,3,2,0,14,0,2,1,4,0,0,1,1,2,1,38,7,124,1,8,4,1,4
2017010065349,1,9,0,-1,-1,-1,-1,-1,-1,-1,-1,-1,6,1,29,6,1598,1,11,3,1,3
2017010065349,2,19,-1,7,-1,-1,-1,-1,-1,-1,-1,-1,6,3,-1,-1,1598,2,-1,-1,-1,-1
2017010065350,1,5,0,18,0,0,-1,0,0,0,1,1,6,1,26,6,599,1,13,7,1,7
2017010065350,2,9,-1,5,0,0,1,-1,-1,-1,-1,-1,6,2,25,5,1598,2,4,2,1,2
2017010065353,1,9,0,18,0,0,0,-1,0,0,-1,-1,6,1,21,5,1686,2,4,5,1,5
2017010065353,2,9,0,18,0,0,0,-1,0,0,-1,-1,6,1,-1,-1,1796,1,13,10,1,10
2017010065357,1,9,0,-1,0,0,0,0,0,0,1,-1,1,2,27,6,1329,1,6,7,1,7
2017010065357,2,9,0,1,0,0,0,0,0,0,2,-1,6,3,-1,-1,-1,-1,-1,-1,-1,-1
2017010065363,1,9,0,2,0,1,0,0,0,0,0,-1,6,3,-1,-1,1995,2,1,-1,-1,-1
2017010065363,2,9,0,18,0,8,0,4,0,0,1,-1,6,3,-1,-1,1398,2,2,-1,-1,-1
2017010065369,1,9,-1,18,-1,0,-1,-1,-1,10,-1,-1,6,2,42,7,1598,1,3,4,1,4
2017010065369,2,1,5,18,-1,0,-1,-1,-1,-1,-1,1,6,1,17,4,-1,-1,-1,3,1,3
2017010065374,1,9,0,4,0,1,0,0,0,0,3,1,2,2,30,6,1596,1,8,1,1,1
2017010065374,2,19,5,18,0,1,0,0,0,0,1,1,6,3,-1,-1,2477,2,7,-1,-1,-1
2017010065381,1,3,-1,-1,-1,0,-1,-1,-1,0,1,1,6,1,30,6,124,1,-1,6,1,6
2017010065381,2,9,-1,-1,0,0,-1,-1,-1,-1,-1,-1,6,1,-1,-1,1984,1,1,8,1,8
2017010065385,1,3,0,18,0,2,0,0,0,0,3,1,2,1,26,6,125,1,4,3,1,3
2017010065385,2,9,0,11,0,2,0,0,0,0,4,-1,6,1,-1,-1,647,8,1,8,1,8
2017010065387,1,1,-1,18,0,1,0,0,0,0,1,1,6,1,33,6,-1,-1,-1,6,1,6
2017010065387,2,19,-1,9,0,5,0,0,0,0,1,-1,6,1,-1,-1,1560,2,2,2,1,2
2017010065388,1,9,0,5,0,4,0,11,0,0,3,1,6,1,69,10,1991,1,25,7,1,7
2017010065388,2,1,0,5,0,4,0,11,0,0,1,1,6,1,24,5,-1,-1,-1,7,1,7
2017010065389,1,9,0,7,0,6,0,0,0,0,3,2,6,2,43,7,1998,2,10,3,1,3
2017010065392,1,9,0,9,0,6,0,0,0,0,1,1,2,2,33,6,1461,2,1,4,1,4
2017010065392,2,1,0,18,0,1,5,0,0,0,4,1,6,1,76,11,-1,-1,-1,-1,-1,-1
2017010065393,1,9,0,18,0,1,0,0,0,0,2,-1,6,2,38,7,1689,2,15,2,1,2
2017010065393,2,9,0,18,0,1,0,0,0,0,1,-1,6,1,-1,-1,2143,2,8,-1,-1,-1
2017010065396,1,9,0,18,0,-1,-1,0,0,0,1,-1,6,2,55,8,1598,1,6,8,1,8
2017010065398,1,9,0,18,0,0,0,0,0,0,2,1,1,1,38,7,1798,8,5,7,1,7
2017010065398,2,9,0,18,0,0,0,0,0,0,1,1,6,3,-1,-1,1390,1,16,-1,-1,-1
2017010065399,1,11,0,18,0,2,0,0,0,0,3,1,1,2,33,6,4500,2,7,-1,-1,-1
2017010065399,2,5,0,18,0,2,0,0,0,0,3,1,1,1,40,7,1050,1,10,7,1,7
2017010065399,3,21,0,18,0,2,0,0,0,0,4,1,1,1,39,7,12580,2,11,4,1,4
2017010065401,1,9,-1,-1,-1,-1,-1,-1,-1,0,-1,-1,6,1,39,7,1388,1,14,8,2,8
2017010065401,2,90,-1,-1,-1,-1,-1,-1,-1,0,-1,-1,6,1,-1,-1,-1,-1,-1,-1,-1,-1
2017010065402,1,1,0,18,0,-1,0,0,0,0,1,1,6,1,44,7,-1,-1,-1,7,1,7
2017010065404,1,3,0,18,0,1,-1,-1,0,0,1,1,6,1,28,6,125,1,2,10,1,10
2017010065404,2,9,-1,9,0,8,-1,-1,0,0,3,-1,6,1,-1,-1,-1,-1,-1,-1,-1,-1
2017010065410,1,9,0,3,0,0,-1,0,0,0,2,-1,6,2,41,7,998,1,1,3,1,3
2017010065410,2,9,-1,18,0,0,-1,-1,-1,-1,1,-1,6,1,-1,-1,2143,2,6,6,1,6
2017010065411,1,5,0,18,0,8,-1,0,0,0,1,1,6,1,56,9,998,1,17,2,1,2
2017010065411,2,9,0,6,0,8,0,0,0,0,3,-1,6,3,-1,-1,1995,2,10,-1,-1,-1
2017010065413,1,5,0,18,0,-1,0,0,0,0,2,1,1,1,25,5,745,1,3,5,1,5
2017010065414,1,9,0,8,0,1,0,0,0,0,2,-1,6,1,48,8,1598,1,12,6,1,6
2017010065414,2,9,0,1,0,1,0,0,0,0,2,-1,6,1,-1,-1,1461,2,13,4,1,4
2017010065417,1,1,-1,18,-1,-1,-1,0,0,0,1,1,6,1,30,6,-1,-1,-1,4,1,4
2017010065418,1,1,-1,-1,4,0,-1,-1,0,0,-1,1,6,1,46,8,-1,-1,-1,3,1,3
2017010065418,2,9,-1,-1,-1,0,0,-1,0,0,-1,-1,6,3,-1,-1,2993,2,7,-1,-1,-1
2017010065421,1,9,0,5,0,3,0,0,0,0,2,1,6,1,45,7,1329,1,2,1,1,1
2017010065421,2,9,0,18,0,3,0,0,0,0,1,1,6,3,-1,-1,1998,1,2,-1,-1,-1
2017010065422,1,90,0,18,9,1,0,0,0,0,1,1,6,1,86,11,-1,-1,-1,4,1,4
2017010065424,1,9,0,18,0,0,0,0,0,0,2,-1,6,1,26,6,1499,2,1,6,1,6
2017010065424,2,9,0,18,0,0,0,0,0,0,1,-1,6,1,-1,-1,2987,2,10,-1,-1,-1
2017010065424,3,9,-1,18,0,0,-1,0,0,0,1,-1,6,1,-1,-1,2993,2,6,-1,-1,-1
2017010065426,1,9,0,18,0,-1,0,0,0,0,2,1,6,1,53,8,1997,2,5,-1,-1,-1
2017010065426,2,11,0,18,0,-1,0,0,0,0,1,1,1,1,-1,-1,4500,2,6,-1,-1,-1
2017010065427,1,3,0,13,0,0,2,0,0,0,4,1,6,1,32,6,124,1,4,9,1,9
2017010065427,2,19,0,18,0,0,0,0,0,0,4,1,6,1,39,7,2198,2,11,3,1,3
2017010065428,1,9,0,18,0,0,0,0,0,0,1,1,1,2,59,9,2143,12,2,5,1,5
2017010065428,2,5,0,13,0,0,0,0,0,0,1,1,2,1,28,6,-1,-1,-1,9,1,9
2017010065430,1,1,0,18,0,-1,0,0,0,0,4,1,6,1,30,6,-1,-1,-1,6,1,6
2017010065432,1,1,-1,18,0,1,-1,-1,-1,-1,1,1,6,1,47,8,-1,-1,-1,5,1,5
2017010065432,2,9,-1,-1,-1,1,-1,-1,-1,-1,-1,-1,6,1,-1,-1,1896,2,13,-1,-1,-1
2017010065433,1,3,0,18,0,-1,0,-1,-1,-1,-1,1,6,2,25,5,124,1,6,7,1,7
2017010065441,1,9,0,18,0,2,0,0,0,0,1,1,6,1,19,4,1986,1,6,4,1,4
2017010065441,2,9,0,4,0,2,0,0,0,0,2,1,6,1,41,7,1199,1,14,6,1,6
2017010065443,1,1,0,18,1,0,0,11,0,0,1,1,6,1,41,7,-1,-1,-1,4,1,4
2017010065448,1,9,-1,5,0,6,0,0,0,0,1,-1,6,1,27,6,1388,1,10,-1,-1,-1
2017010065448,2,1,0,18,9,8,0,0,0,0,3,1,6,2,22,5,-1,-1,-1,2,1,2
2017010065449,1,19,0,18,0,8,0,0,0,0,1,1,1,1,33,6,1560,2,-1,5,1,5
2017010065450,1,9,0,3,0,8,0,0,0,0,2,2,6,2,60,9,1399,2,11,4,1,4
2017010065450,2,9,0,5,0,1,0,0,0,0,1,1,6,1,78,11,1596,1,13,10,2,10
2017010065457,1,2,0,18,0,0,1,0,0,0,0,1,6,1,43,7,125,1,2,5,1,5
2017010065457,2,9,0,6,0,0,0,0,0,0,0,1,6,2,48,8,1995,2,4,1,1,1
2017010065459,1,1,0,18,0,0,0,-1,0,0,-1,1,6,2,42,7,-1,-1,-1,3,1,3
2017010065459,2,9,0,18,-1,0,0,-1,0,0,0,-1,6,2,-1,-1,1598,1,9,-1,-1,-1
2017010065461,1,9,0,6,0,1,0,0,0,0,3,1,1,1,32,6,-1,-1,-1,-1,-1,-1
2017010065461,2,3,0,13,0,1,0,0,0,0,1,1,2,1,20,4,125,1,1,8,1,8
2017010065462,1,3,0,18,0,1,0,0,0,0,1,1,6,3,-1,-1,-1,-1,-1,-1,-1,-1
2017010065463,1,9,0,5,0,6,0,0,0,0,1,1,6,1,29,6,1995,2,-1,4,1,4
2017010065463,2,21,0,18,0,1,0,0,0,0,1,1,1,1,21,5,2998,2,4,5,2,5
2017010065466,1,19,0,13,0,0,0,0,0,0,1,1,1,1,24,5,2143,2,2,6,1,6
2017010065468,1,9,0,16,0,1,0,0,0,0,1,1,6,2,44,7,1360,1,9,5,1,5
2017010065468,2,9,0,17,0,2,0,0,0,0,1,1,6,1,38,7,1999,1,10,5,1,5
2017010065469,1,9,0,18,0,1,0,0,0,0,1,1,6,3,-1,-1,1896,2,11,-1,-1,-1
2017010065470,1,5,-1,18,0,0,-1,-1,-1,-1,-1,1,6,1,-1,-1,1293,1,4,-1,-1,-1
2017010065473,1,19,0,11,0,0,0,0,0,0,4,1,6,1,53,8,1870,2,15,3,1,3
2017010065473,2,3,0,18,0,0,0,0,0,0,0,1,2,2,28,6,125,1,1,4,1,4
2017010065475,1,9,0,9,0,4,0,0,0,0,1,1,6,1,56,9,1796,1,13,1,1,1
2017010065475,2,1,0,4,4,4,0,0,0,0,1,1,6,1,36,7,-1,-1,-1,5,1,5
2017010065478,1,2,-1,-1,-1,-1,-1,-1,-1,-1,-1,1,6,2,54,8,-1,-1,-1,8,1,8
2017010065478,2,9,-1,-1,-1,-1,-1,-1,-1,-1,-1,-1,6,1,49,8,1798,8,5,-1,-1,-1
2017010065479,1,9,0,10,0,-1,0,0,0,0,1,-1,6,2,28,6,2993,2,13,3,1,3
2017010065479,2,9,-1,1,0,-1,0,0,0,0,2,-1,6,3,-1,-1,-1,-1,-1,-1,-1,-1
2017010065480,1,9,0,10,0,1,0,0,0,0,3,1,6,2,47,8,1999,2,2,6,1,6
2017010065480,2,20,-1,9,0,1,0,0,0,0,4,-1,6,3,-1,-1,7698,2,-1,-1,-1,-1
2017010065483,1,8,0,18,0,0,0,0,0,0,2,-1,6,1,37,7,1388,1,7,3,1,3
2017010065483,2,9,0,18,0,0,0,0,0,0,1,-1,6,1,-1,-1,1997,2,12,6,1,6
2017010065484,1,1,0,4,0,0,0,0,0,0,1,1,6,2,30,6,-1,-1,-1,9,1,9
2017010065485,1,9,0,9,0,2,0,0,0,0,1,1,6,1,19,4,1590,1,13,2,1,2
2017010065485,2,9,0,7,0,1,0,0,0,0,1,1,6,2,30,6,1499,2,1,2,1,2
2017010065488,1,3,0,15,0,0,0,0,0,0,1,1,1,1,40,7,125,1,2,4,1,4
2017010065488,2,9,0,7,0,0,0,0,0,0,2,1,1,1,38,7,1995,2,9,9,1,9
2017010065489,1,1,0,-1,-1,-1,-1,-1,-1,-1,-1,1,6,1,24,5,-1,-1,-1,1,1,1
2017010065489,2,9,-1,18,-1,-1,-1,-1,-1,-1,-1,-1,6,3,-1,-1,1299,1,14,-1,-1,-1
2017010065493,1,9,0,5,0,2,0,0,0,0,2,1,6,1,40,7,1968,2,11,3,1,3
2017010065493,2,9,0,5,0,1,0,0,0,0,2,1,6,1,36,7,5935,1,11,9,1,9
2017010065493,3,9,0,18,0,8,0,0,0,0,1,1,6,3,-1,-1,-1,-1,-1,-1,-1,-1
2017010065495,1,11,0,5,2,0,0,0,0,0,0,1,6,2,51,8,9000,2,8,4,1,4
2017010065497,1,9,0,18,0,-1,0,0,0,0,2,1,6,2,40,7,2148,2,12,5,1,5
2017010065497,2,9,0,18,0,-1,0,0,0,0,1,1,6,2,-1,-1,1968,2,1,5,1,5
2017010065498,1,11,0,18,0,1,0,0,0,0,0,1,1,1,44,7,6692,2,4,2,1,2
2017010065507,1,21,4,4,0,0,0,0,1,0,0,1,1,1,54,8,4462,2,4,1,1,1
2017010065507,2,9,0,3,0,0,0,0,0,0,1,1,6,1,76,11,1753,2,10,2,1,2
2017010065510,1,9,0,13,0,0,0,0,0,0,4,1,2,1,25,5,2000,2,6,3,1,3
2017010065510,2,5,0,6,0,0,2,0,0,0,3,1,1,1,56,9,1170,1,5,-1,-1,-1
2017010065513,1,9,0,9,0,1,0,0,0,0,1,1,6,1,20,4,998,1,2,4,1,4
2017010065513,2,9,0,18,0,2,0,0,0,0,3,1,6,1,60,9,1587,1,16,3,1,3
2017010065513,3,9,0,18,0,2,0,0,0,0,0,1,6,2,39,7,1796,1,13,3,1,3
2017010065514,1,3,0,18,0,8,2,0,0,0,1,1,6,1,47,8,124,1,5,5,1,5
2017010065514,2,9,0,5,0,6,0,0,0,0,1,1,2,1,40,7,1984,2,4,7,1,7
2017010065515,1,9,0,18,0,1,0,0,0,0,1,1,6,3,-1,-1,-1,-1,-1,-1,-1,-1
2017010065516,1,11,0,18,0,1,0,0,0,0,0,1,1,1,42,7,6700,2,5,2,1,2
2017010065516,2,9,0,18,0,1,0,0,0,0,0,1,6,1,-1,-1,2179,2,3,10,1,10
2017010065517,1,3,0,18,0,0,5,0,0,0,1,1,2,1,39,7,125,1,-1,6,1,6
2017010065517,2,9,0,6,0,0,0,0,0,0,3,1,6,2,43,7,1686,2,6,7,3,7
2017010065519,1,19,0,18,0,8,0,0,0,0,1,1,1,1,66,10,1997,2,-1,4,1,4
2017010065519,2,9,0,18,0,8,0,0,0,0,1,1,6,1,-1,-1,1497,1,14,4,1,4
2017010065520,1,1,0,18,5,1,0,0,0,0,1,1,6,1,47,8,-1,-1,-1,-1,-1,-1
2017010065521,1,9,0,18,0,1,0,0,0,0,0,1,6,3,-1,-1,-1,-1,-1,-1,-1,-1
2017010065522,1,9,0,4,0,0,0,0,0,0,2,1,6,1,22,5,1198,1,11,5,1,5
2017010065522,2,5,0,13,0,0,0,0,0,0,1,1,6,1,-1,-1,1352,1,5,-1,-1,-1
2017010065523,1,9,0,18,0,1,0,0,0,0,1,1,2,1,55,8,2290,1,19,1,1,1
2017010065523,2,4,0,18,0,1,0,0,0,0,2,1,2,1,36,7,125,1,2,2,1,2
2017010065525,1,4,0,15,0,1,0,0,0,0,1,1,6,1,17,4,125,1,3,3,1,3
2017010065526,1,3,0,18,0,0,0,4,7,3,4,1,6,1,17,4,-1,-1,-1,6,1,6
2017010065526,2,9,0,2,0,0,0,0,0,0,4,1,6,3,-1,-1,2198,1,13,-1,-1,-1
2017010065527,1,9,0,18,0,0,0,0,0,0,3,1,6,2,58,9,1998,1,-1,3,1,3
2017010065527,2,17,0,18,0,0,0,0,0,0,2,1,1,1,34,6,-1,-1,-1,2,1,2
2017010065527,3,3,0,18,0,0,0,0,0,0,1,1,2,1,59,9,125,1,2,3,1,3
2017010065528,1,11,0,3,3,0,0,0,0,0,4,1,1,1,34,6,4500,2,1,4,1,4
2017010065529,1,9,0,9,0,5,0,0,0,0,1,1,6,1,29,6,1198,1,6,5,1,5
2017010065531,1,9,0,5,0,6,0,0,0,0,4,1,6,2,27,6,1390,1,7,2,1,2
2017010065531,2,9,0,18,0,8,0,0,0,0,1,1,6,1,26,6,1200,1,2,2,1,2
2017010065532,1,9,0,5,0,4,0,0,0,0,1,1,2,1,27,6,1598,1,11,4,1,4
2017010065532,2,9,0,18,0,4,1,0,0,0,1,1,2,2,43,7,1910,2,10,5,1,5
2017010065534,1,9,0,5,0,1,0,0,0,0,1,1,6,1,29,6,1995,2,-1,8,1,8
2017010065534,2,9,0,18,0,1,0,0,0,0,1,1,6,2,52,8,1461,2,3,9,1,9
2017010065535,1,9,0,7,0,6,0,0,7,10,4,2,6,1,35,6,1600,1,17,4,1,4
2017010065537,1,9,0,4,0,8,0,0,0,0,2,1,1,1,35,6,1498,1,-1,2,1,2
2017010065537,2,9,0,18,0,2,0,0,0,0,1,1,6,1,22,5,1461,2,3,5,1,5
2017010065538,1,2,0,18,0,1,2,0,0,0,0,1,1,1,23,5,125,1,9,3,1,3
2017010065540,1,19,0,7,0,3,0,0,0,0,4,1,1,1,32,6,1598,2,1,5,1,5
2017010065540,2,9,0,9,0,3,0,0,0,0,4,1,6,1,68,10,1390,1,4,6,1,6
2017010065541,1,9,0,5,0,0,0,0,0,0,2,1,2,2,18,4,1240,1,13,4,1,4
2017010065541,2,9,0,5,0,0,0,0,0,0,2,1,6,1,38,7,1422,2,14,6,1,6
2017010065541,3,9,0,18,0,0,0,0,0,0,1,1,6,1,36,7,1229,1,12,7,1,7
2017010065543,1,9,0,5,9,0,0,0,1,0,1,1,2,1,58,9,998,1,17,2,1,2
2017010065543,2,9,0,18,0,0,0,0,0,0,1,1,6,3,-1,-1,-1,-1,-1,-1,-1,-1
2017010065544,1,9,0,5,0,6,0,0,0,0,2,1,6,2,25,5,1595,1,-1,3,1,3
2017010065544,2,9,0,18,0,6,0,0,0,0,1,1,6,1,45,7,1769,1,16,2,1,2
2017010065544,3,9,0,18,0,6,0,0,0,0,1,1,6,2,49,8,1598,1,14,5,1,5
2017010065544,4,9,0,18,0,6,0,0,0,0,1,1,6,1,20,4,1246,1,12,5,1,5
2017010065545,1,9,0,9,0,8,0,0,0,0,1,1,2,1,38,7,1197,1,-1,10,1,10
2017010065545,2,9,0,18,0,8,0,0,0,0,1,1,6,1,40,7,998,1,4,4,1,4
2017010065546,1,9,0,18,0,1,0,0,0,0,4,1,6,3,-1,-1,-1,-1,-1,-1,-1,-1
2017010065546,2,1,0,9,0,1,0,0,0,0,3,1,6,1,49,8,-1,-1,-1,8,1,8
2017010065548,1,8,0,9,0,2,0,0,0,0,1,1,1,1,42,7,1798,8,1,3,1,3
2017010065549,1,9,0,5,0,6,0,0,0,0,3,1,2,1,53,8,998,1,3,4,1,4
2017010065549,2,3,0,18,0,1,2,0,0,0,1,1,2,1,23,5,124,1,2,4,1,4
2017010065551,1,8,0,18,0,2,1,0,0,0,1,1,1,1,52,8,2402,2,12,3,1,3
2017010065552,1,4,0,13,0,0,0,0,0,0,1,1,6,1,19,4,600,1,16,1,1,1
2017010065552,2,9,0,9,0,0,0,0,0,0,2,1,6,1,84,11,-1,-1,-1,9,1,9
2017010065553,1,2,0,18,0,1,0,0,0,0,1,1,1,1,23,5,-1,-1,-1,7,1,7
2017010065554,1,19,0,5,0,1,0,0,0,0,1,1,1,1,31,6,2198,2,1,3,1,3
2017010065554,2,1,0,18,0,8,0,0,0,0,2,1,6,1,40,7,-1,-1,-1,2,1,2
2017010065555,1,9,0,7,0,8,0,0,0,0,4,1,6,1,33,6,1461,2,7,3,1,3
2017010065555,2,1,0,18,0,8,0,0,0,0,1,1,6,1,46,8,-1,-1,-1,7,1,7
2017010065556,1,8,0,3,0,1,0,0,0,0,2,1,1,1,61,9,1997,2,2,2,1,2
2017010065556,2,90,0,4,0,1,0,0,0,0,1,1,1,1,37,7,-1,-1,-1,8,1,8
2017010065557,1,3,0,3,0,0,0,0,0,0,2,1,6,1,38,7,125,1,9,4,1,4
2017010065557,2,9,0,3,0,0,0,0,0,0,2,1,6,1,28,6,2143,2,6,4,1,4
2017010065557,3,9,0,18,0,0,0,0,0,0,1,1,6,2,33,6,1590,1,16,6,1,6
2017010065558,1,9,0,15,2,2,0,0,0,0,1,1,6,3,-1,-1,1995,1,15,-1,-1,-1
2017010065558,2,19,0,18,0,2,0,0,0,0,4,1,6,1,47,8,-1,-1,-1,3,1,3
2017010065558,3,9,0,2,2,2,0,0,0,0,2,1,6,3,-1,-1,1794,1,8,-1,-1,-1
2017010065559,1,9,0,9,0,6,0,0,0,0,3,1,6,1,41,7,1332,1,5,5,1,5
2017010065559,2,3,0,18,0,1,0,0,0,0,4,1,6,2,41,7,-1,-1,-1,9,1,9
2017010065561,1,3,0,3,0,2,0,0,0,0,2,1,6,1,43,7,125,1,2,-1,-1,-1
2017010065561,2,9,0,18,0,2,0,0,0,0,1,1,2,1,50,8,1988,1,14,3,1,3
2017010065563,1,9,-1,10,0,-1,0,0,0,0,-1,-1,6,2,28,6,1242,1,9,2,1,2
2017010065563,2,9,-1,18,0,-1,-1,-1,0,0,-1,-1,6,1,32,6,1798,1,6,4,1,4
2017010065564,1,9,0,9,0,2,0,0,0,0,4,1,2,1,44,7,1598,1,13,2,1,2
2017010065564,2,1,0,18,9,8,0,0,0,0,1,1,6,1,25,5,-1,-1,-1,1,1,1
2017010065566,1,2,-1,-1,-1,-1,-1,-1,-1,-1,-1,1,6,1,37,7,-1,-1,-1,3,1,3
2017010065566,2,2,-1,-1,-1,-1,-1,-1,-1,-1,-1,1,6,1,32,6,125,1,3,2,1,2
2017010065572,1,9,0,18,0,2,0,0,0,0,4,-1,6,1,49,8,1970,1,15,4,1,4
2017010065572,2,9,0,18,0,1,0,0,0,0,1,-1,6,3,-1,-1,1229,1,4,-1,-1,-1
2017010065575,1,9,0,2,0,1,0,0,0,0,3,-1,6,3,-1,-1,1598,1,12,-1,-1,-1
2017010065576,1,1,-1,-1,0,-1,-1,-1,0,0,3,1,6,2,35,6,-1,-1,-1,5,1,5
2017010065576,2,9,-1,-1,-1,-1,0,-1,0,0,-1,-1,6,3,-1,-1,1995,2,3,-1,-1,-1
2017010065577,1,1,-1,-1,-1,0,-1,-1,-1,-1,-1,1,6,1,36,7,-1,-1,-1,3,1,3
2017010065577,2,9,-1,-1,-1,0,-1,-1,-1,-1,-1,-1,6,1,-1,-1,-1,-1,-1,-1,-1,-1
2017010065582,1,8,0,4,0,1,0,0,0,0,2,-1,1,1,38,7,1798,8,5,4,1,4
2017010065587,1,4,0,5,0,1,1,0,0,0,1,1,6,1,25,5,125,1,-1,2,1,2
2017010065588,1,9,0,18,0,1,0,0,0,0,2,1,6,2,-1,-1,1600,1,6,-1,-1,-1
2017010065588,2,9,0,18,0,1,0,0,0,0,1,1,6,3,-1,-1,1124,1,14,-1,-1,-1
2017010065589,1,9,-1,12,0,4,-1,0,0,0,2,-1,6,2,25,5,1390,1,7,9,1,9
2017010065589,2,11,0,18,0,4,0,0,0,0,1,-1,1,1,-1,-1,9000,2,11,-1,-1,-1
2017010065590,1,9,0,18,0,0,0,0,0,0,3,-1,2,1,38,7,1999,1,4,5,1,5
2017010065590,2,9,0,-1,0,0,0,0,0,0,4,-1,6,1,-1,-1,1364,1,10,-1,-1,-1
2017010065596,1,9,-1,-1,-1,0,-1,-1,-1,-1,1,-1,6,1,54,8,998,1,11,-1,-1,-1
2017010065596,2,9,-1,-1,-1,0,-1,-1,-1,-1,1,-1,6,1,-1,-1,1995,2,12,-1,-1,-1
2017010065598,1,4,5,13,0,1,2,0,0,0,4,1,6,1,45,7,125,1,9,8,1,8
2017010065598,2,9,0,9,0,5,0,0,0,0,3,1,6,2,35,6,1598,1,16,7,1,7
2017010065606,1,9,0,18,0,1,0,0,0,0,4,1,6,1,53,8,-1,-1,-1,-1,1,-1
2017010065606,2,1,0,18,0,1,2,0,0,0,3,1,2,1,47,8,-1,-1,-1,8,1,8
2017010065611,1,9,0,4,0,0,0,0,0,0,1,-1,6,1,35,6,2143,2,5,4,1,4
2017010065611,2,9,0,3,0,0,0,0,0,0,2,-1,6,2,38,7,1598,1,2,4,1,4
2017010065614,1,9,-1,-1,-1,-1,-1,-1,-1,-1,-1,1,6,1,24,5,-1,-1,-1,1,1,1
2017010065614,2,9,-1,-1,-1,-1,-1,-1,-1,-1,-1,-1,6,3,-1,-1,-1,-1,-1,-1,-1,-1
2017010065620,1,9,-1,4,-1,-1,-1,0,0,0,-1,-1,6,1,51,8,1598,1,-1,3,1,3
2017010065620,2,9,-1,12,-1,-1,-1,0,0,0,-1,-1,6,3,-1,-1,1229,1,2,-1,-1,-1
2017010065620,3,9,-1,-1,0,1,-1,0,0,0,2,-1,6,2,25,5,1995,2,4,3,1,3
2017010065622,1,9,0,5,0,6,0,0,0,0,1,1,1,2,45,7,1796,1,13,3,1,3
2017010065622,2,1,0,17,0,1,0,0,0,0,3,1,2,1,36,7,-1,-1,-1,-1,-1,-1
2017010065625,1,9,0,9,0,6,0,0,0,0,3,1,6,3,-1,-1,1395,1,-1,-1,-1,-1
2017010065626,1,9,0,18,0,3,0,0,0,0,3,-1,6,1,35,6,1498,1,12,6,1,6
2017010065626,2,9,0,18,0,3,0,0,0,0,1,-1,6,2,-1,-1,1598,2,-1,-1,-1,-1
2017010065631,1,5,0,18,0,2,0,0,0,0,1,1,2,1,48,8,649,1,3,6,1,6
2017010065631,2,8,0,6,0,1,0,0,0,0,3,1,1,1,48,8,2143,2,5,9,1,9
2017010065637,1,9,0,18,0,0,0,0,0,0,4,1,3,2,47,8,1598,1,14,2,1,2
2017010065639,1,9,-1,-1,0,0,-1,-1,-1,-1,2,-1,6,1,43,7,1998,1,21,-1,-1,-1
2017010065640,1,9,0,7,0,8,0,0,0,0,1,1,1,1,19,4,1198,1,6,3,1,3
2017010065640,2,1,0,18,0,2,0,0,0,0,1,1,6,1,27,6,-1,-1,-1,8,1,8
2017010065644,1,9,-1,-1,0,0,-1,-1,-1,-1,-1,-1,6,2,24,5,1364,1,8,1,1,1
2017010065644,2,9,-1,-1,-1,0,-1,-1,-1,-1,-1,-1,6,3,-1,-1,-1,-1,-1,-1,-1,-1
2017010065645,1,9,0,5,0,5,0,0,0,0,1,1,6,1,46,8,2720,2,12,-1,-1,-1
2017010065645,2,3,0,3,0,5,0,0,0,0,2,1,6,1,45,7,125,1,3,1,1,1
2017010065650,1,9,0,9,0,6,0,0,0,0,1,1,6,1,84,11,1598,1,6,5,1,5
2017010065650,2,9,0,18,0,8,0,0,0,0,1,1,6,2,29,6,-1,-1,-1,2,1,2
2017010065653,1,9,0,11,0,3,1,2,8,7,3,1,3,1,43,7,2457,1,10,5,3,5
2017010065657,1,9,0,4,0,1,0,4,0,0,2,1,1,1,36,7,1560,2,3,9,1,9