Accident_Index,Vehicle_Reference,Vehicle_Type,Towing_and_Articulation,Vehicle_Manoeuvre,Vehicle_Location-Restricted_Lane,Junction_Location,Skidding_and_Overturning,Hit_Object_in_Carriageway,Vehicle_Leaving_Carriageway,Hit_Object_off_Carriageway,1st_Point_of_Impact,Was_Vehicle_Left_Hand_Drive?,Journey_Purpose_of_Driver,Sex_of_Driver,Age_of_Driver,Age_Band_of_Driver,Engine_Capacity_(CC),Propulsion_Code,Age_of_Vehicle,Driver_IMD_Decile,Driver_Home_Area_Type,Vehicle_IMD_Decile
2017010065657,2,9,0,4,0,1,0,4,0,0,1,1,6,1,29,6,2967,2,1,6,2,6
2017010065657,3,9,0,4,0,1,0,0,0,0,2,1,6,2,58,9,998,1,2,5,1,5
2017010065659,1,9,0,18,0,1,0,0,0,0,1,1,6,2,73,10,2497,2,22,4,1,4
2017010065659,2,9,0,16,0,3,0,0,0,0,1,1,6,3,16,4,1968,2,8,-1,-1,-1
2017010065661,1,3,0,14,0,1,0,0,0,0,1,1,6,3,-1,-1,-1,-1,-1,-1,-1,-1
2017010065662,1,19,0,6,0,1,0,0,0,0,3,1,1,1,57,9,2402,2,7,7,1,7
2017010065662,2,4,0,6,0,1,0,0,0,0,4,1,1,1,36,7,249,1,8,8,1,8
2017010065664,1,9,-1,-1,-1,-1,-1,-1,-1,-1,-1,-1,6,1,27,6,493,1,1,3,1,3
2017010065664,2,9,-1,-1,-1,-1,-1,-1,-1,-1,-1,-1,6,1,-1,-1,1598,1,9,5,1,5
2017010065667,1,3,0,14,0,1,2,0,0,0,1,1,2,1,28,6,-1,-1,-1,7,1,7
2017010065672,1,9,0,1,0,0,0,0,1,10,2,1,6,2,85,11,1388,1,20,4,1,4
2017010065673,1,8,0,18,0,1,0,0,0,0,0,1,1,1,-1,-1,-1,-1,-1,-1,-1,-1
2017010065678,1,9,-1,6,0,0,0,0,-1,0,2,-1,6,2,33,6,1968,2,7,9,1,9
2017010065678,2,9,-1,18,0,0,0,0,0,0,1,-1,6,3,-1,-1,-1,-1,-1,-1,-1,-1
2017010065679,1,9,-1,-1,-1,-1,-1,-1,-1,-1,-1,-1,6,1,43,7,2143,2,5,4,1,4
2017010065679,2,9,-1,-1,-1,-1,-1,-1,-1,-1,-1,-1,6,1,-1,-1,2993,2,2,-1,-1,-1
2017010065680,1,9,0,18,9,0,5,0,1,10,1,1,6,1,27,6,1197,1,-1,-1,-1,-1
2017010065681,1,1,0,18,4,1,0,0,0,0,4,1,6,2,26,6,-1,-1,-1,5,1,5
2017010065683,1,1,0,18,0,1,2,0,0,0,1,1,6,1,22,5,-1,-1,-1,3,1,3
2017010065684,1,4,-1,-1,-1,0,-1,-1,-1,-1,-1,1,6,1,26,6,249,1,11,5,1,5
2017010065685,1,19,0,18,0,1,0,0,0,0,4,1,2,1,29,6,2148,2,9,7,1,7
2017010065686,1,9,0,6,0,0,0,0,0,0,3,1,6,2,29,6,1124,1,17,5,1,5
2017010065686,2,3,0,13,0,0,0,0,0,0,4,1,6,1,44,7,125,1,2,2,1,2
2017010065687,1,9,0,4,0,0,0,0,0,0,1,1,6,2,63,9,1769,1,15,4,1,4
2017010065688,1,4,0,3,0,0,0,0,0,0,4,1,2,1,36,7,125,1,1,4,1,4
2017010065688,2,1,0,9,0,0,0,0,0,0,1,1,6,1,24,5,-1,-1,-1,2,1,2
2017010065689,1,19,0,3,0,7,0,0,0,0,4,1,1,1,45,7,1753,2,9,-1,-1,-1
2017010065689,2,19,0,18,0,7,0,8,0,0,3,1,1,1,25,5,1598,2,3,2,1,2
2017010065690,1,11,0,17,0,0,0,0,0,0,0,1,1,1,36,7,4500,2,9,2,1,2
2017010065691,1,9,0,9,0,1,0,0,0,0,1,1,6,2,29,6,1398,1,1,5,1,5
2017010065693,1,9,0,4,0,0,0,0,0,0,2,1,6,1,28,6,1388,1,8,2,1,2
2017010065693,2,9,0,18,0,0,0,0,0,0,1,1,6,1,33,6,-1,-1,-1,2,1,2
2017010065693,3,9,0,18,0,0,0,0,0,0,1,1,6,2,54,8,1781,1,14,3,1,3
2017010065694,1,19,0,18,0,1,0,0,0,0,1,1,1,1,21,5,2461,2,10,4,1,4
2017010065694,2,9,0,18,0,1,0,0,0,0,2,1,6,2,22,5,1968,2,3,2,1,2
2017010065694,3,9,0,18,0,1,0,0,0,0,2,1,6,1,39,7,2143,2,4,5,1,5
2017010065695,1,9,0,18,0,8,1,7,0,0,3,1,6,1,23,5,1590,1,13,8,1,8
2017010065695,2,19,0,9,0,8,0,0,0,0,1,1,6,1,21,5,1870,2,13,7,1,7
2017010065696,1,3,0,5,0,7,0,0,0,0,1,1,6,1,23,5,125,1,9,3,1,3
2017010065696,2,9,0,18,0,1,0,0,0,0,1,1,6,2,20,4,1395,1,1,1,1,1
2017010065697,1,11,0,18,0,8,0,0,0,0,3,1,1,1,47,8,4500,2,6,3,1,3
2017010065697,2,9,5,9,0,8,0,0,0,0,3,1,6,2,72,10,1598,2,7,8,1,8
2017010065698,1,9,0,10,0,8,0,0,0,0,1,1,1,2,39,7,1988,1,15,3,1,3
2017010065698,2,9,0,18,0,8,0,0,0,0,1,1,3,1,42,7,1968,2,1,5,1,5
2017010065699,1,2,0,18,0,0,0,0,0,0,1,1,1,1,17,4,108,1,4,4,1,4
2017010065701,1,9,0,18,0,0,0,0,0,0,1,1,6,1,32,6,-1,-1,-1,-1,-1,-1
2017010065702,1,1,0,18,0,2,5,0,0,0,1,1,1,1,32,6,-1,-1,-1,3,1,3
2017010065703,1,9,0,4,0,3,0,0,0,0,2,1,1,1,31,6,1995,2,9,6,1,6
2017010065703,2,8,0,3,0,3,0,0,0,0,1,1,1,1,24,5,1598,2,4,5,1,5
2017010065704,1,3,0,18,0,1,0,0,3,10,3,1,2,1,41,7,124,1,-1,5,1,5
2017010065704,2,9,0,18,0,6,0,0,3,0,3,1,6,1,-1,-1,2494,1,18,2,1,2
2017010065705,1,9,0,6,0,1,0,0,0,0,3,1,2,1,46,8,1968,2,2,6,1,6
2017010065705,2,9,0,18,0,1,0,0,0,0,1,1,2,1,38,7,-1,-1,-1,6,1,6
2017010065706,1,9,0,18,0,8,0,0,0,0,1,1,6,2,60,9,1364,1,13,3,1,3
2017010065706,2,9,0,18,0,8,0,0,0,0,1,1,6,1,22,5,1796,2,3,2,1,2
2017010065708,1,9,0,18,0,8,0,0,1,10,4,1,6,1,31,6,1995,1,13,3,1,3
2017010065708,2,9,0,10,0,8,0,0,0,0,0,1,6,1,46,8,2497,1,1,2,1,2
2017010065709,1,9,0,18,0,0,0,0,0,0,4,1,6,1,63,9,1493,1,19,3,1,3
2017010065711,1,9,0,9,4,5,0,0,0,0,1,1,6,1,51,8,1685,2,-1,-1,-1,-1
2017010065711,2,1,0,18,4,1,0,0,0,0,3,1,6,2,21,5,-1,-1,-1,4,1,4
2017010065712,1,9,0,3,0,1,0,0,0,0,2,1,2,1,42,7,2143,2,4,2,1,2
2017010065712,2,9,0,18,0,1,0,0,0,0,1,1,6,2,-1,-1,-1,-1,-1,-1,-1,-1
2017010065713,1,3,0,9,0,8,0,0,0,0,4,1,1,1,28,6,49,1,8,3,1,3
2017010065713,2,1,0,18,0,8,0,0,0,0,1,1,6,1,30,6,-1,-1,-1,3,1,3
2017010065714,1,11,0,18,0,1,0,0,0,0,0,1,1,1,45,7,4500,2,11,2,1,2
2017010065714,2,1,0,13,0,8,0,0,0,0,0,1,6,3,37,7,-1,-1,-1,-1,-1,-1
2017010065716,1,9,0,3,0,1,0,0,0,0,2,2,2,1,24,5,-1,-1,-1,-1,-1,-1
2017010065716,2,9,0,18,0,1,0,0,0,0,1,1,6,1,55,8,1995,1,15,6,1,6
2017010065718,1,9,0,9,0,8,0,0,0,0,2,1,6,2,53,8,1198,1,2,2,1,2
2017010065718,2,19,0,18,0,8,0,0,0,0,1,1,2,1,45,7,2198,2,7,4,1,4
2017010065722,1,21,1,12,0,0,0,0,0,0,3,2,1,1,52,8,-1,-1,-1,-1,-1,-1
2017010065722,2,9,0,18,0,0,1,0,0,0,4,1,6,2,63,9,1398,1,2,7,2,7
2017010065722,3,19,0,18,0,0,1,0,0,0,1,1,1,1,29,6,2402,2,13,3,1,3
2017010065722,4,21,1,18,0,0,0,0,0,0,1,1,1,1,55,8,12419,2,4,6,3,6
2017010065723,1,9,0,4,0,1,1,0,0,0,2,1,6,2,41,7,999,1,8,9,1,9
2017010065723,2,9,0,4,0,1,1,0,0,0,1,1,2,1,21,5,1198,1,5,9,1,9
2017010065723,3,9,0,4,0,1,0,0,0,0,4,1,2,2,39,7,1360,1,8,5,1,5
2017010065724,1,9,0,11,0,1,0,0,1,0,1,1,6,1,28,6,998,1,2,3,1,3
2017010065725,1,9,0,16,0,0,0,0,0,0,4,1,2,1,43,7,1910,2,8,9,1,9
2017010065726,1,9,0,5,0,2,0,0,0,0,1,2,2,1,38,7,1798,8,3,1,1,1
2017010065726,2,4,0,5,0,2,5,0,0,0,3,1,1,1,26,6,124,1,6,-1,-1,-1
2017010065727,1,9,0,18,0,2,0,0,0,0,1,1,1,1,49,8,-1,-1,-1,5,1,5
2017010065729,1,11,0,4,0,1,0,0,0,0,0,1,1,1,48,8,4500,2,5,-1,-1,-1
2017010065730,1,2,0,18,0,0,0,0,0,0,3,1,6,1,45,7,125,1,4,9,1,9
2017010065730,2,9,0,9,0,0,0,0,0,0,1,2,6,1,62,9,-1,-1,-1,-1,-1,-1
2017010065733,1,8,0,4,0,1,0,0,0,0,4,1,1,1,50,8,1797,8,5,4,1,4
2017010065734,1,9,0,1,9,6,0,0,0,0,4,1,6,1,39,7,998,1,13,2,1,2
2017010065735,1,9,0,18,9,2,0,10,7,10,1,1,6,1,44,7,2987,2,2,2,1,2
2017010065735,2,9,0,18,0,2,0,0,0,0,2,1,6,1,34,6,1386,1,5,4,1,4
2017010065738,1,9,0,3,2,1,0,0,0,0,2,2,6,1,35,6,1560,2,3,9,1,9
2017010065738,2,3,0,4,2,1,0,0,0,0,1,1,2,1,41,7,124,1,3,4,1,4
2017010065739,1,9,0,16,0,0,0,0,0,0,1,1,2,1,21,5,-1,-1,-1,5,1,5
2017010065739,2,9,0,2,0,0,0,0,0,0,2,1,6,3,-1,-1,-1,-1,-1,-1,-1,-1
2017010065740,1,8,0,10,0,1,0,0,0,0,2,1,1,1,44,7,1968,2,4,2,1,2
2017010065740,2,9,0,4,0,1,0,0,0,0,1,1,6,3,-1,-1,1997,2,12,-1,-1,-1
2017010065741,1,21,1,18,0,1,0,0,0,0,1,2,1,1,46,8,-1,-1,-1,-1,-1,-1
2017010065741,2,9,0,5,0,2,0,0,0,0,4,1,6,1,56,9,2401,2,11,8,1,8
2017010065742,1,9,0,9,0,1,0,0,0,0,2,1,6,1,29,6,1595,1,13,3,1,3
2017010065742,2,9,0,4,0,1,0,0,0,0,2,1,6,1,24,5,1995,2,6,2,1,2
2017010065742,3,9,0,18,0,1,0,0,0,0,2,1,6,2,61,9,1685,2,7,9,1,9
2017010065742,4,19,0,18,0,1,0,0,0,0,1,1,6,1,53,8,2143,2,-1,-1,-1,-1
2017010065744,1,8,0,5,9,0,0,0,0,0,2,1,1,1,34,6,1797,8,6,3,1,3
2017010065744,2,9,0,3,0,0,0,0,1,0,1,1,6,3,-1,-1,1753,2,11,-1,-1,-1
2017010065745,1,9,0,10,0,3,0,0,0,0,4,1,6,1,20,4,1995,1,6,2,1,2
2017010065745,2,9,0,18,0,4,0,0,0,0,1,1,6,1,22,5,1968,2,6,3,1,3
2017010065747,1,9,0,16,0,0,0,0,0,0,1,1,6,1,23,5,2143,2,3,2,1,2
2017010065747,2,9,0,18,0,0,0,0,0,0,1,1,6,1,26,6,2143,2,1,5,1,5
2017010065747,3,9,0,18,0,0,0,0,0,0,2,1,6,3,-1,-1,1991,1,1,-1,-1,-1
2017010065748,1,8,0,18,0,0,0,0,0,0,4,1,2,1,48,8,1968,2,4,3,1,3
2017010065749,1,9,0,18,0,0,0,0,0,0,1,1,6,2,51,8,1598,2,-1,2,1,2
2017010065749,2,19,0,2,0,0,0,0,0,0,1,1,6,3,-1,-1,2198,2,1,-1,-1,-1
2017010065749,3,9,0,2,0,0,0,0,0,0,1,1,6,3,-1,-1,2720,2,11,-1,-1,-1
2017010065750,1,9,0,18,0,2,0,0,0,0,1,1,2,1,40,7,2979,1,14,4,1,4
2017010065752,1,11,0,4,0,1,0,0,0,0,1,1,1,1,62,9,5132,2,2,1,1,1
2017010065752,2,1,0,4,9,1,0,0,0,0,2,1,2,1,39,7,-1,-1,-1,3,1,3
2017010065754,1,9,0,18,0,1,0,4,0,0,1,1,6,1,30,6,1598,1,11,4,1,4
2017010065754,2,10,0,18,0,1,0,0,0,0,4,1,1,2,-1,-1,-1,-1,-1,3,1,3
2017010065755,1,9,0,9,0,0,5,10,0,0,4,1,6,1,75,10,1986,1,4,1,3,1
2017010065758,1,9,0,18,0,2,0,0,0,0,1,1,6,3,-1,-1,-1,-1,-1,-1,-1,-1
2017010065759,1,19,0,3,0,2,0,0,0,0,2,1,6,1,32,6,2143,2,3,1,1,1
2017010065759,2,9,0,18,0,1,0,0,0,0,1,1,6,1,27,6,-1,-1,-1,2,1,2
2017010065760,1,9,0,9,0,5,0,0,0,0,1,1,2,2,18,4,1398,1,6,4,1,4
2017010065760,2,8,0,18,0,8,0,0,1,7,1,1,1,1,45,7,2000,2,6,4,1,4
2017010065763,1,11,0,4,0,0,0,0,0,0,0,1,1,1,40,7,4500,2,5,-1,-1,-1
2017010065766,1,9,0,8,0,5,0,0,0,0,1,1,6,1,26,6,1242,1,13,7,1,7
2017010065766,2,1,0,18,0,6,0,0,0,0,4,1,6,1,76,11,-1,-1,-1,5,1,5
2017010065767,1,8,0,9,0,4,1,0,0,0,3,1,1,1,43,7,1798,8,1,8,1,8
2017010065767,2,19,0,18,0,4,0,0,0,0,1,1,1,1,27,6,1995,2,8,8,1,8
2017010065768,1,11,0,4,0,1,0,0,0,0,0,1,1,1,54,8,4500,2,1,6,1,6
2017010065769,1,9,0,4,0,1,0,0,0,0,1,1,6,1,43,7,2401,2,12,3,1,3
2017010065769,2,9,0,8,0,8,0,0,0,0,2,1,6,2,21,5,1398,1,4,2,1,2
2017010065772,1,9,0,18,0,1,0,0,0,0,1,-1,6,3,-1,-1,-1,-1,-1,-1,-1,-1
2017010065773,1,9,0,9,0,8,0,0,0,0,1,1,6,2,62,9,1598,1,7,5,1,5
2017010065773,2,9,0,18,0,8,0,0,0,0,1,1,6,1,29,6,1368,1,14,5,1,5
2017010065774,1,3,0,18,2,8,1,0,0,0,1,1,2,1,17,4,124,1,9,6,1,6
2017010065774,2,9,0,11,2,8,0,0,0,0,2,1,6,2,45,7,1390,1,15,5,1,5
2017010065775,1,1,0,9,0,1,0,0,0,0,2,1,6,1,61,9,-1,-1,-1,9,1,9
2017010065776,1,8,0,4,0,0,0,0,0,0,2,1,1,1,31,6,1798,8,3,2,1,2
2017010065776,2,3,0,5,0,0,0,0,0,0,1,1,6,1,24,5,125,1,5,9,1,9
2017010065777,1,9,0,4,0,8,0,0,0,0,2,1,6,1,-1,-1,-1,-1,-1,-1,-1,-1
2017010065777,2,1,0,18,0,8,0,0,0,0,1,1,6,2,26,6,-1,-1,-1,2,1,2
2017010065779,1,11,0,5,0,0,0,0,0,0,4,1,1,1,43,7,4500,2,1,2,1,2
2017010065780,1,21,1,18,0,0,0,0,0,0,1,1,1,1,29,6,15607,2,14,2,1,2
2017010065780,2,9,0,4,0,0,0,0,0,0,2,1,6,1,31,6,1461,2,2,10,1,10
2017010065780,3,9,0,4,0,0,0,0,0,0,2,1,6,1,44,7,1998,8,1,6,1,6
2017010065780,4,9,0,18,0,0,0,0,0,0,2,1,6,1,46,8,1198,1,1,2,1,2
2017010065781,1,9,0,18,0,0,0,0,0,0,1,1,2,2,30,6,1995,2,2,8,1,8
2017010065781,2,9,0,9,0,0,0,0,0,0,3,1,6,2,28,6,-1,-1,-1,1,1,1
2017010065782,1,8,0,18,0,1,0,0,0,0,4,1,6,3,-1,-1,-1,-1,-1,-1,-1,-1
2017010065784,1,9,0,17,0,1,0,0,0,0,1,1,2,1,49,8,1598,1,13,3,1,3
2017010065784,2,9,0,4,0,1,0,0,0,0,2,1,6,2,48,8,1396,1,7,2,1,2
2017010065785,1,4,0,13,0,1,0,0,0,0,1,1,6,1,21,5,125,1,2,5,1,5
2017010065785,2,9,0,9,0,1,0,0,0,0,3,1,6,1,21,5,1197,1,-1,5,1,5
2017010065786,1,9,0,5,0,0,0,0,0,0,1,1,6,1,28,6,1995,1,9,8,1,8
2017010065786,2,2,0,14,0,0,0,0,0,0,4,1,6,2,45,7,-1,-1,-1,-1,-1,-1
2017010065787,1,9,0,18,0,0,0,0,0,0,4,1,6,2,75,10,1596,1,6,8,1,8
2017010065788,1,9,0,18,0,2,0,0,0,0,4,1,1,1,53,8,1968,2,5,1,1,1
2017010065788,2,9,0,18,0,1,0,0,0,0,1,1,3,2,49,8,2793,1,19,8,1,8
2017010065789,1,9,0,4,0,1,0,0,0,0,2,1,6,1,41,7,1798,1,4,2,1,2
2017010065789,2,9,0,10,0,1,0,0,0,0,2,1,6,2,69,10,1796,1,10,2,1,2
2017010065789,3,9,0,4,0,1,0,0,0,0,1,1,6,2,23,5,1390,1,11,1,1,1
2017010065790,1,4,0,18,0,0,0,0,0,0,1,1,6,1,28,6,125,1,5,2,1,2
2017010065790,2,9,0,5,0,0,0,0,0,0,1,1,6,1,61,9,1796,1,14,1,1,1
2017010065791,1,11,-1,18,-1,-1,-1,-1,-1,-1,-1,1,1,3,-1,-1,-1,-1,-1,-1,-1,-1
2017010065794,1,9,0,5,0,2,0,11,0,0,1,1,6,2,23,5,1198,1,7,9,1,9
2017010065795,1,9,0,9,0,6,0,0,0,0,3,1,6,1,61,9,1618,1,2,9,2,9
2017010065795,2,3,0,18,0,1,0,0,0,0,1,1,1,1,37,7,124,1,5,5,1,5
2017010065796,1,9,0,18,0,8,0,0,0,0,1,1,6,2,27,6,-1,-1,-1,-1,-1,-1
2017010065797,1,9,0,12,0,0,0,0,0,0,2,1,6,2,24,5,-1,-1,-1,8,1,8
2017010065797,2,5,0,18,0,0,0,0,0,0,1,1,6,1,22,5,803,1,7,4,1,4
2017010065798,1,9,0,9,0,6,0,0,0,0,3,1,1,1,26,6,-1,-1,-1,10,1,10
2017010065798,2,2,0,18,0,1,0,0,0,0,1,1,1,1,20,4,125,1,6,6,1,6
2017010065799,1,1,0,18,5,1,0,0,0,0,3,1,6,1,30,6,-1,-1,-1,4,1,4
2017010065799,2,3,0,17,0,8,0,0,0,0,1,1,6,1,44,7,108,1,8,3,1,3
2017010065800,1,9,0,10,0,1,0,0,0,0,3,1,6,2,26,6,1956,2,6,4,1,4
2017010065800,2,10,0,18,0,1,0,0,0,0,0,1,1,2,38,7,-1,-1,-1,4,1,4
2017010065800,3,9,0,9,0,6,0,0,0,0,1,1,6,1,17,4,1598,2,6,7,1,7
2017010065801,1,2,0,18,0,0,0,0,0,0,1,1,6,1,33,6,49,1,2,3,1,3
2017010065802,1,9,0,10,0,8,0,0,0,0,1,1,6,2,40,7,1299,1,12,2,1,2
2017010065802,2,1,0,18,0,8,5,0,0,0,1,1,6,1,53,8,-1,-1,-1,3,1,3
2017010065803,1,9,0,10,0,1,0,0,0,0,1,1,1,1,28,6,1998,1,13,2,1,2
2017010065803,2,1,0,15,0,8,0,0,0,0,1,1,6,1,54,8,-1,-1,-1,1,1,1
2017010065804,1,9,0,18,0,1,0,0,0,0,1,1,6,2,31,6,1240,1,14,2,1,2
2017010065806,1,9,0,18,0,1,0,0,0,0,1,1,6,2,31,6,1498,1,9,5,1,5
2017010065806,2,9,0,9,0,8,0,0,0,0,1,1,6,2,41,7,1997,2,3,7,1,7
2017010065809,1,8,0,4,0,0,0,0,0,0,1,1,1,1,28,6,-1,-1,-1,9,1,9
2017010065809,2,9,0,3,0,0,0,0,0,0,2,1,6,2,32,6,1598,1,11,1,1,1
2017010065809,3,9,0,3,0,0,0,0,0,0,2,1,6,1,38,7,1248,1,2,7,1,7
2017010065809,4,9,0,3,0,0,0,0,0,0,2,1,6,1,47,8,1461,2,3,2,1,2
2017010065812,1,9,0,3,0,1,0,0,0,0,2,1,6,2,23,5,1086,1,13,3,1,3
2017010065812,2,9,0,3,0,1,0,0,0,0,1,1,6,1,50,8,-1,3,2,4,1,4
2017010065814,1,9,0,9,0,6,0,0,0,0,1,2,6,1,49,8,1390,1,15,1,1,1
2017010065814,2,11,0,18,0,1,0,0,0,0,1,1,1,1,44,7,6700,2,5,1,1,1
2017010065815,1,9,0,18,0,2,0,0,0,0,1,1,6,2,81,11,875,1,6,9,1,9
2017010065816,1,9,0,2,0,0,0,0,0,0,3,1,6,3,-1,-1,2148,2,8,-1,-1,-1
2017010065816,2,3,0,4,0,0,1,0,0,0,1,1,1,1,34,6,-1,-1,-1,-1,-1,-1
2017010065817,1,9,0,17,0,0,1,10,1,10,3,1,6,1,24,5,1206,1,7,5,1,5
2017010065818,1,4,0,15,0,5,0,0,1,0,4,1,1,1,39,7,108,1,4,-1,-1,-1
2017010065819,1,9,0,16,0,0,1,6,0,0,1,1,6,1,35,6,-1,-1,-1,-1,-1,-1
2017010065820,1,9,0,18,0,0,0,0,0,0,1,1,6,1,54,8,1998,8,2,7,1,7
2017010065821,1,9,0,18,0,2,0,0,0,0,4,1,6,1,63,9,1560,2,1,3,1,3
2017010065821,2,4,0,18,0,2,0,0,0,0,1,1,6,1,23,5,125,1,5,1,1,1
2017010065822,1,9,0,18,0,8,0,0,0,0,1,1,6,1,38,7,1598,2,5,-1,-1,-1
2017010065822,2,3,0,9,0,8,0,0,0,0,2,1,6,1,24,5,125,1,1,-1,-1,-1
2017010065825,1,2,0,8,0,1,0,0,0,0,1,1,1,1,30,6,108,1,8,6,1,6
2017010065825,2,9,0,9,0,1,0,0,0,0,1,1,1,1,25,5,1995,1,7,2,1,2
2017010065827,1,9,0,18,0,0,0,0,0,0,1,1,6,1,41,7,2143,2,1,7,1,7
2017010065828,1,11,0,4,0,1,0,0,0,0,0,1,1,1,31,6,4461,2,3,5,1,5
2017010065828,2,8,0,4,0,1,0,0,0,0,0,1,1,1,51,8,2402,2,15,9,1,9
2017010065831,1,9,0,18,0,1,0,0,0,0,1,1,2,1,23,5,-1,-1,-1,2,1,2
2017010065831,2,9,0,9,0,5,0,0,0,0,4,1,6,1,24,5,1596,1,-1,3,1,3
2017010065834,1,8,0,10,0,1,0,0,0,0,1,1,6,1,24,5,1598,2,4,3,1,3
2017010065834,2,8,0,10,0,1,0,0,0,0,2,1,6,1,29,6,1798,8,4,2,1,2
2017010065834,3,8,0,8,0,1,0,0,0,0,2,1,6,1,39,7,1797,8,7,3,1,3
2017010065834,4,8,0,10,0,1,0,0,0,0,1,1,6,1,51,8,1956,2,3,6,1,6
2017010065837,1,9,0,18,0,5,0,0,0,0,1,1,6,1,42,7,2179,2,4,6,1,6
2017010065838,1,9,0,16,0,3,0,0,1,10,4,1,2,1,73,10,1968,2,1,5,1,5
2017010065839,1,9,0,15,0,0,0,0,0,0,3,1,6,1,37,7,1794,1,12,3,1,3
2017010065839,2,3,0,15,0,0,5,0,0,0,4,1,1,1,18,4,108,1,2,4,1,4
2017010065844,1,9,0,18,0,2,0,0,0,0,1,1,6,1,60,9,2143,2,3,3,1,3
2017010065844,2,9,0,18,0,1,0,0,1,0,1,1,6,1,31,6,-1,-1,-1,-1,-1,-1
2017010065846,1,9,0,9,0,8,0,0,0,0,1,1,6,1,25,5,2143,2,2,3,1,3
2017010065846,2,9,0,18,0,1,0,0,0,0,1,1,6,1,32,6,1995,2,5,3,1,3
2017010065847,1,19,0,18,0,0,0,0,0,0,1,1,1,1,38,7,1968,2,1,3,1,3
2017010065847,2,9,0,18,0,0,0,0,0,0,1,1,6,1,24,5,998,1,3,2,1,2
2017010065847,3,9,0,18,0,0,0,0,0,0,2,1,6,2,31,6,1582,2,4,3,1,3
2017010065849,1,3,0,13,0,1,0,0,0,0,1,1,6,1,41,7,125,1,1,1,1,1
2017010065849,2,8,0,18,0,2,0,0,0,0,3,2,2,1,46,8,2143,2,3,2,1,2
2017010065851,1,19,0,18,0,8,5,0,0,0,4,1,2,1,34,6,1995,2,-1,4,1,4
2017010065851,2,9,0,4,0,4,0,0,0,0,1,1,2,2,42,7,1984,1,15,3,1,3
2017010065853,1,9,0,18,0,1,0,0,0,0,1,1,6,1,27,6,1560,2,2,3,1,3
2017010065854,1,9,0,2,0,0,0,0,0,0,1,1,6,3,-1,-1,2996,1,12,-1,-1,-1
2017010065854,2,1,0,18,0,0,0,0,0,0,1,1,6,1,19,4,-1,-1,-1,2,1,2
2017010065855,1,3,0,8,0,1,0,0,0,0,2,1,1,1,30,6,113,1,2,-1,-1,-1
2017010065855,2,9,0,4,0,1,0,0,0,0,1,1,6,1,25,5,1124,1,15,2,1,2
2017010065860,1,3,0,18,0,1,1,7,1,2,1,1,2,1,18,4,125,1,6,4,1,4
2017010065862,1,9,0,18,0,1,0,0,0,0,3,1,6,1,45,7,1995,2,7,4,1,4
2017010065862,2,5,0,18,0,8,2,0,0,0,1,1,6,1,22,5,645,1,13,2,1,2
2017010065865,1,9,0,18,0,0,1,0,1,10,1,1,6,1,22,5,4691,1,4,4,1,4
2017010065865,2,9,0,18,0,0,0,0,0,0,0,1,6,1,39,7,2993,2,4,-1,-1,-1
2017010065866,1,9,0,18,0,1,1,0,0,0,1,1,6,1,48,8,1968,2,10,3,1,3
2017010065866,2,9,0,9,0,1,0,0,0,0,4,1,6,1,48,8,1598,1,11,3,1,3
2017010065870,1,9,0,3,0,1,0,0,0,0,2,1,6,1,44,7,1497,8,10,2,1,2
2017010065870,2,9,0,18,0,1,0,0,0,0,1,1,6,2,31,6,1395,1,1,10,1,10
2017010065871,1,5,0,13,0,1,1,7,0,0,1,1,6,1,40,7,-1,-1,-1,3,1,3
2017010065871,2,9,0,9,0,5,0,0,0,0,4,1,6,1,34,6,1999,1,10,1,1,1
2017010065872,1,8,0,5,0,4,0,10,0,0,1,1,1,1,26,6,1798,8,2,6,1,6
2017010065875,1,1,0,9,0,5,0,0,0,0,1,1,6,1,41,7,-1,-1,-1,3,1,3
2017010065878,1,20,0,18,0,1,0,9,2,1,1,1,1,1,64,9,4500,2,1,5,1,5
2017010065878,2,9,0,3,0,8,0,0,3,0,2,1,6,2,49,8,1995,2,4,2,1,2
2017010065878,3,8,0,18,0,8,0,0,0,0,1,1,6,1,42,7,1997,2,3,2,1,2
2017010065878,4,90,0,17,0,8,0,0,7,0,2,1,6,1,49,8,-1,-1,-1,7,1,7
2017010065878,5,9,0,16,0,8,0,0,0,0,4,1,6,1,41,7,1781,1,14,-1,-1,-1
2017010065878,6,9,0,16,0,8,0,0,0,0,3,1,6,1,30,6,2771,1,16,2,1,2
2017010065878,7,9,0,5,0,8,0,0,0,0,4,1,6,1,27,6,1364,1,12,1,1,1
2017010065879,1,9,0,5,0,1,0,0,0,0,1,1,6,2,45,7,2171,1,14,2,1,2
2017010065880,1,11,0,7,0,0,0,0,0,0,0,1,1,1,39,7,9360,2,7,1,1,1
2017010065882,1,3,0,18,0,1,1,0,0,0,1,1,1,1,25,5,108,1,1,7,1,7
2017010065882,2,9,0,5,0,1,0,0,0,0,1,1,6,1,30,6,1796,1,13,4,1,4
2017010065883,1,11,0,18,2,2,0,0,0,0,4,1,1,1,51,8,5132,2,1,7,1,7
2017010065884,1,9,0,5,0,1,0,0,0,0,4,1,6,2,43,7,1390,1,12,2,1,2
2017010065887,1,9,0,18,0,1,0,0,0,0,1,2,6,1,25,5,1598,2,3,4,1,4
2017010065887,2,9,0,4,0,1,0,0,0,0,2,1,6,1,47,8,2148,2,9,3,1,3