Accident_Index,Vehicle_Reference,Vehicle_Type,Towing_and_Articulation,Vehicle_Manoeuvre,Vehicle_Location-Restricted_Lane,Junction_Location,Skidding_and_Overturning,Hit_Object_in_Carriageway,Vehicle_Leaving_Carriageway,Hit_Object_off_Carriageway,1st_Point_of_Impact,Was_Vehicle_Left_Hand_Drive?,Journey_Purpose_of_Driver,Sex_of_Driver,Age_of_Driver,Age_Band_of_Driver,Engine_Capacity_(CC),Propulsion_Code,Age_of_Vehicle,Driver_IMD_Decile,Driver_Home_Area_Type,Vehicle_IMD_Decile
2017010066676,1,9,0,18,0,1,0,0,0,0,2,1,2,2,64,9,-1,-1,-1,7,1,7
2017010066676,2,9,0,18,0,1,1,0,0,0,1,1,6,2,80,11,1229,1,10,4,1,4
2017010066677,1,5,0,18,0,1,0,0,0,0,1,1,6,1,27,6,782,1,12,8,1,8
2017010066677,2,19,0,3,0,8,0,0,0,0,1,1,6,1,31,6,1968,2,7,7,1,7
2017010066678,1,2,0,5,0,1,0,0,0,0,1,1,1,1,42,7,-1,-1,-1,3,1,3
2017010066679,1,8,0,18,0,1,0,0,0,0,1,1,1,1,45,7,2499,2,6,4,1,4
2017010066679,2,9,0,9,0,6,0,0,0,0,3,1,2,1,41,7,1587,1,10,-1,-1,-1
2017010066680,1,5,0,5,0,8,0,0,0,0,3,1,6,1,36,7,1198,1,3,8,1,8
2017010066683,1,9,0,18,0,1,0,0,0,0,1,1,6,1,57,9,1950,2,-1,8,1,8
2017010066684,1,9,0,3,0,0,0,0,0,0,3,1,6,1,40,7,1797,8,8,1,1,1
2017010066684,2,5,0,14,0,0,0,0,0,0,4,1,6,1,48,8,1293,1,4,5,1,5
2017010066685,1,11,0,18,2,1,0,0,0,0,0,1,1,1,29,6,4500,2,2,-1,-1,-1
2017010066686,1,9,0,18,0,1,1,7,2,6,2,1,6,1,60,9,2494,8,1,9,1,9
2017010066686,2,9,0,18,0,1,1,0,0,0,2,1,6,2,22,5,1956,2,8,3,1,3
2017010066686,3,9,0,18,0,1,0,0,0,0,0,1,2,2,32,6,1598,2,3,9,1,9
2017010066687,1,9,0,18,0,1,0,0,0,0,1,1,6,2,41,7,1668,1,13,5,1,5
2017010066687,2,9,0,9,0,1,0,0,0,0,4,1,6,2,25,5,1242,1,1,10,1,10
2017010066688,1,8,0,5,0,1,0,0,0,0,1,1,6,1,52,8,2143,2,-1,1,1,1
2017010066689,1,3,0,9,0,5,0,0,0,0,3,1,1,2,39,7,125,1,3,2,1,2
2017010066689,2,1,0,18,0,1,0,0,0,0,1,1,2,1,39,7,-1,-1,-1,2,1,2
2017010066690,1,9,0,18,0,1,1,11,1,2,1,1,6,1,-1,-1,1598,1,9,-1,-1,-1
2017010066691,1,9,0,16,0,0,0,0,0,0,4,1,2,1,32,6,-1,-1,-1,5,1,5
2017010066692,1,9,0,9,0,5,0,0,0,0,3,1,6,2,51,8,2378,7,13,2,1,2
2017010066692,2,1,0,18,0,1,0,0,0,0,2,1,6,1,43,7,-1,-1,-1,8,1,8
2017010066695,1,9,0,3,0,1,0,0,0,0,2,1,6,2,34,6,1390,1,11,5,1,5
2017010066695,2,9,0,3,0,1,0,0,0,0,1,1,6,1,20,4,1149,1,14,2,1,2
2017010066696,1,3,0,7,0,5,1,0,0,0,0,1,6,1,46,8,125,1,11,2,1,2
2017010066697,1,9,0,7,0,4,0,0,0,0,1,1,6,2,70,10,-1,-1,-1,10,1,10
2017010066697,2,9,0,18,0,8,0,0,0,0,4,1,6,2,29,6,1242,1,12,2,1,2
2017010066699,1,4,0,13,0,0,0,0,7,10,1,1,6,1,32,6,498,1,23,2,1,2
2017010066699,2,9,0,9,0,0,0,0,0,0,3,1,2,2,32,6,1910,2,10,9,1,9
2017010066700,1,3,0,17,0,1,1,0,0,0,0,1,6,1,49,8,124,1,22,8,1,8
2017010066700,2,9,0,9,0,1,0,0,0,0,0,1,6,1,26,6,1798,1,36,6,1,6
2017010066702,1,9,0,18,0,0,0,0,-1,0,4,1,2,1,62,9,1796,1,11,5,1,5
2017010066703,1,9,0,4,0,1,0,0,0,0,0,1,1,1,37,7,1997,2,4,8,1,8
2017010066703,2,9,0,5,0,6,1,0,0,10,1,1,6,3,-1,-1,1388,1,8,-1,-1,-1
2017010066704,1,19,0,18,0,1,0,0,0,0,2,1,6,3,-1,-1,2261,1,7,-1,-1,-1
2017010066706,1,9,0,1,0,6,0,0,0,0,3,1,6,1,25,5,1598,1,4,4,1,4
2017010066706,2,1,0,18,0,1,0,0,0,0,4,1,6,1,25,5,-1,-1,-1,1,1,1
2017010066707,1,9,0,17,0,8,0,0,0,0,1,1,6,1,53,8,1198,1,6,7,1,7
2017010066707,2,9,0,18,0,8,0,0,0,0,1,1,6,1,43,7,-1,-1,-1,5,1,5
2017010066708,1,9,0,9,0,1,0,0,3,0,2,1,1,1,21,5,1362,1,4,3,1,3
2017010066708,2,3,0,13,0,1,0,0,0,0,3,1,1,1,18,4,108,1,3,-1,-1,-1
2017010066710,1,3,0,18,0,1,0,0,0,0,1,1,6,1,28,6,125,1,3,4,1,4
2017010066712,1,3,0,18,2,1,2,0,0,0,3,1,2,1,30,6,125,1,12,5,1,5
2017010066712,2,8,0,11,2,1,0,0,0,0,4,1,1,1,73,10,2499,2,10,10,1,10
2017010066715,1,9,0,18,0,8,0,0,0,0,1,1,6,1,46,8,1197,1,-1,9,1,9
2017010066715,2,8,0,18,0,8,0,0,0,0,4,1,2,1,38,7,1339,8,5,1,1,1
2017010066717,1,1,0,3,0,1,0,0,0,0,4,1,6,1,24,5,-1,-1,-1,3,1,3
2017010066717,2,9,0,9,0,1,0,0,0,0,1,1,6,1,47,8,999,1,1,9,1,9
2017010066719,1,4,0,18,6,1,1,0,0,0,1,1,6,1,22,5,124,1,5,5,1,5
2017010066719,2,9,0,9,6,5,0,0,0,0,1,1,6,2,46,8,1399,2,5,2,1,2
2017010066721,1,8,0,4,0,1,0,0,0,0,2,1,1,1,42,7,2499,2,2,2,1,2
2017010066721,2,8,0,4,0,1,0,0,0,0,1,1,1,1,35,6,1798,8,2,2,1,2
2017010066725,1,1,0,18,0,1,0,0,0,0,3,1,6,2,22,5,-1,-1,-1,4,1,4
2017010066725,2,2,0,18,0,1,0,-1,0,0,4,1,6,1,-1,-1,-1,-1,-1,-1,-1,-1
2017010066728,1,9,-1,-1,-1,-1,-1,-1,-1,-1,-1,-1,6,2,41,7,1598,1,6,2,1,2
2017010066735,1,9,0,3,0,0,0,0,0,0,2,1,6,2,25,5,1198,1,-1,2,1,2
2017010066735,2,9,0,18,0,0,0,0,0,0,1,-1,6,1,35,6,1995,2,12,8,1,8
2017010066738,1,9,0,3,0,1,0,-1,0,0,-1,-1,6,2,48,8,2494,1,17,2,1,2
2017010066740,1,9,0,10,0,0,0,0,0,0,4,-1,6,2,24,5,898,1,1,2,1,2
2017010066740,2,9,0,12,0,0,0,0,0,0,3,-1,6,3,-1,-1,1796,1,10,-1,-1,-1
2017010066746,1,9,0,5,0,0,0,0,0,0,2,-1,6,1,37,7,1339,8,5,2,1,2
2017010066746,2,9,0,18,0,0,0,0,0,0,1,-1,6,2,-1,-1,1124,1,15,3,1,3
2017010066748,1,9,-1,-1,-1,0,-1,-1,-1,-1,-1,-1,6,2,44,7,1229,1,13,3,1,3
2017010066753,1,9,0,18,0,8,0,-1,0,0,2,-1,6,1,50,8,2000,2,6,3,1,3
2017010066753,2,9,0,18,0,8,0,-1,0,0,0,-1,6,1,-1,-1,-1,-1,-1,4,1,4
2017010066754,1,19,0,9,0,1,0,0,0,0,4,1,2,1,21,5,1995,2,9,5,1,5
2017010066754,2,19,0,3,0,1,0,0,0,0,0,1,6,1,24,5,2402,2,7,5,1,5
2017010066754,3,5,0,14,2,1,0,0,0,0,1,1,6,1,38,7,599,1,13,3,1,3
2017010066757,1,9,0,-1,-1,-1,0,-1,-1,-1,-1,1,6,1,44,7,-1,-1,-1,8,1,8
2017010066757,2,1,-1,-1,-1,-1,-1,-1,-1,-1,-1,1,6,1,50,8,-1,-1,-1,-1,-1,-1
2017010066758,1,19,0,7,0,5,0,0,0,0,4,1,1,1,54,8,2143,2,1,3,1,3
2017010066758,2,1,0,18,4,1,0,0,0,0,1,1,6,1,40,7,-1,-1,-1,5,1,5
2017010066760,1,1,-1,-1,-1,-1,-1,-1,-1,-1,-1,1,6,2,26,6,-1,-1,-1,1,1,1
2017010066761,1,9,0,18,0,1,0,0,0,0,2,1,2,1,25,5,998,1,12,4,1,4
2017010066761,2,9,0,9,0,1,0,0,0,0,1,1,6,1,26,6,1560,2,4,3,1,3
2017010066787,1,9,-1,-1,-1,-1,-1,-1,-1,-1,-1,-1,6,1,33,6,2143,2,3,8,1,8
2017010066787,2,9,-1,-1,-1,-1,-1,-1,-1,-1,-1,-1,6,3,-1,-1,1969,2,-1,-1,-1,-1
2017010066789,1,3,0,7,0,1,0,0,0,0,2,1,1,1,45,7,125,1,-1,1,1,1
2017010066794,1,9,0,-1,-1,-1,0,0,0,0,2,-1,6,1,33,6,2143,2,2,-1,-1,-1
2017010066794,2,9,-1,-1,-1,-1,-1,-1,-1,-1,-1,-1,6,3,-1,-1,1968,2,2,-1,-1,-1
2017010066795,1,8,0,5,0,8,0,0,0,0,1,1,1,2,35,6,1798,8,-1,2,1,2
2017010066795,2,19,0,18,0,2,0,0,0,0,1,1,1,1,44,7,1598,2,2,7,2,7
2017010066797,1,2,0,18,0,1,1,0,0,0,0,1,1,1,36,7,-1,-1,-1,4,1,4
2017010066797,2,9,0,1,0,2,0,0,0,0,0,1,6,1,60,9,1798,1,18,5,1,5
2017010066798,1,3,0,13,0,1,0,0,0,0,4,1,2,1,23,5,125,1,2,2,1,2
2017010066798,2,9,0,13,0,1,0,0,0,0,3,1,6,1,39,7,1968,2,5,2,1,2
2017010066799,1,9,0,1,0,1,0,0,0,0,0,1,6,1,75,10,1598,1,11,3,1,3
2017010066800,1,3,0,14,2,2,0,0,0,0,1,1,6,1,17,4,125,1,-1,9,1,9
2017010066800,2,8,0,10,0,1,0,0,0,0,3,2,6,1,50,8,1998,2,6,2,1,2
2017010066803,1,1,0,18,0,2,0,0,0,0,1,1,6,1,38,7,-1,-1,-1,5,1,5
2017010066806,1,19,-1,3,-1,-1,-1,-1,0,0,2,1,6,1,40,7,1499,2,1,-1,-1,-1
2017010066806,2,19,0,18,0,-1,0,-1,-1,0,1,-1,6,1,40,7,1968,2,2,10,1,10
2017010066809,1,9,0,9,0,1,0,0,0,0,1,1,6,2,43,7,1595,1,4,2,1,2
2017010066809,2,4,0,18,0,1,0,0,0,0,1,1,6,1,28,6,125,1,9,5,1,5
2017010066812,1,9,0,5,0,4,0,0,0,0,1,1,6,1,46,8,2995,1,13,7,1,7
2017010066812,2,1,0,18,0,8,0,0,0,0,4,1,2,1,78,11,-1,-1,-1,4,1,4
2017010066821,1,19,0,9,0,6,0,0,0,0,1,1,1,1,28,6,2198,2,6,7,1,7
2017010066821,2,1,0,18,0,1,0,0,0,0,1,1,6,2,21,5,-1,-1,-1,8,1,8
2017010066822,1,9,0,18,0,1,0,0,0,0,3,1,6,2,35,6,1197,1,1,3,1,3
2017010066826,1,11,0,18,0,0,0,0,0,0,1,1,1,1,47,8,4500,2,3,2,1,2
2017010066827,1,9,0,18,0,0,0,10,0,0,1,1,6,1,54,8,1349,1,16,2,1,2
2017010066827,2,9,0,18,0,0,1,0,0,0,1,1,6,3,-1,-1,-1,-1,-1,-1,-1,-1
2017010066829,1,9,0,6,0,1,0,0,0,0,3,1,6,2,26,6,1197,1,5,3,1,3
2017010066829,2,3,0,18,0,1,0,0,0,0,1,1,1,1,23,5,125,1,6,2,1,2
2017010066831,1,9,0,18,2,0,0,0,0,0,2,1,6,1,44,7,1984,1,-1,2,1,2
2017010066831,2,9,0,18,0,0,0,0,0,0,1,1,6,2,46,8,2204,2,10,3,1,3
2017010066832,1,9,0,4,0,1,0,0,0,0,1,1,6,2,30,6,-1,-1,-1,-1,-1,-1
2017010066835,1,19,0,4,0,1,0,0,0,0,1,1,1,1,19,4,1560,2,3,3,1,3
2017010066842,1,9,0,18,0,8,0,0,0,0,1,1,6,2,55,8,1598,1,12,6,1,6
2017010066844,1,1,0,18,0,0,0,0,0,0,1,1,6,1,25,5,-1,-1,-1,5,1,5
2017010066844,2,9,-1,5,0,0,0,0,0,0,1,-1,6,1,-1,-1,-1,-1,-1,-1,-1,-1
2017010066845,1,1,0,18,0,0,0,0,0,0,1,1,6,1,55,8,-1,-1,-1,1,1,1
2017010066845,2,9,0,-1,0,0,0,0,0,0,3,1,6,3,-1,-1,1898,1,16,-1,-1,-1
2017010066847,1,9,0,7,0,1,0,0,0,0,4,1,6,1,37,7,999,1,1,10,1,10
2017010066847,2,5,0,18,0,1,0,0,0,0,3,1,1,1,62,9,1255,1,6,1,1,1
2017010066848,1,9,0,18,-1,0,0,-1,-1,-1,-1,-1,6,2,29,6,1587,1,12,3,1,3
2017010066848,2,90,-1,11,-1,0,0,-1,-1,-1,-1,-1,1,1,-1,-1,-1,-1,-1,3,1,3
2017010066849,1,3,0,18,0,8,0,0,0,0,1,1,1,1,30,6,125,1,1,2,1,2
2017010066849,2,3,0,18,0,8,0,0,0,0,1,1,1,1,33,6,108,1,3,2,1,2
2017010066854,1,1,0,-1,-1,-1,-1,-1,-1,-1,-1,1,6,1,32,6,-1,-1,-1,5,1,5
2017010066856,1,9,0,9,0,1,0,0,0,0,1,1,6,1,29,6,-1,-1,-1,2,1,2
2017010066856,2,1,0,4,0,1,1,0,0,0,1,1,6,1,24,5,-1,-1,-1,2,1,2
2017010066856,3,9,0,4,0,1,0,0,0,0,3,1,6,1,44,7,1896,2,8,10,3,10
2017010066858,1,9,-1,18,-1,0,-1,-1,-1,-1,-1,-1,6,3,-1,-1,1797,8,4,-1,-1,-1
2017010066862,1,9,0,18,0,0,0,0,0,0,1,2,6,2,40,7,999,1,9,5,3,5
2017010066862,2,5,0,13,0,0,2,0,0,0,1,1,6,1,23,5,600,1,4,2,1,2
2017010066862,3,9,0,18,0,0,0,0,0,0,0,2,6,2,28,6,1499,1,2,5,1,5
2017010066862,4,19,0,18,0,0,0,0,0,0,0,2,6,1,59,9,1870,2,12,9,1,9
2017010066862,5,19,0,18,0,0,0,0,0,0,0,2,6,1,46,8,2198,2,2,2,1,2
2017010066865,1,19,0,18,-1,0,0,0,-1,0,3,-1,6,1,45,7,1968,2,-1,9,1,9
2017010066867,1,3,0,14,0,1,0,0,0,0,1,1,6,1,38,7,124,1,2,4,1,4
2017010066869,1,9,0,18,0,0,0,0,0,0,2,1,6,1,49,8,1986,2,8,7,1,7
2017010066869,2,19,0,18,0,0,0,0,0,0,1,1,6,1,-1,-1,2143,2,-1,4,1,4
2017010066870,1,11,0,18,0,2,0,0,0,0,0,1,6,1,43,7,4500,2,5,3,1,3
2017010066872,1,9,0,3,0,8,0,0,0,0,2,-1,6,1,68,10,1332,1,20,10,1,10
2017010066872,2,19,0,18,0,8,0,0,0,0,1,-1,6,1,-1,-1,2287,2,2,8,1,8
2017010066873,1,19,0,7,0,6,0,0,0,0,1,1,1,1,26,6,1968,2,3,6,1,6
2017010066873,2,1,0,18,9,1,0,0,0,0,1,1,6,1,58,9,-1,-1,-1,7,1,7
2017010066875,1,1,-1,-1,-1,-1,-1,-1,-1,-1,-1,1,6,1,40,7,-1,-1,-1,3,1,3
2017010066876,1,9,-1,-1,-1,-1,-1,-1,-1,-1,-1,-1,6,3,-1,-1,-1,-1,-1,-1,-1,-1
2017010066876,2,1,-1,-1,-1,-1,-1,-1,-1,-1,-1,1,6,1,23,5,-1,-1,-1,6,1,6
2017010066877,1,9,-1,-1,-1,0,-1,-1,-1,-1,-1,-1,6,3,-1,-1,-1,-1,-1,-1,-1,-1
2017010066878,1,11,0,18,0,1,0,0,0,0,1,1,6,1,51,8,4500,2,2,1,1,1
2017010066878,2,9,0,11,0,1,0,0,0,0,1,1,6,1,35,6,1598,1,8,3,1,3
2017010066879,1,5,0,13,0,1,0,0,0,0,3,1,6,1,59,9,-1,-1,-1,3,1,3
2017010066879,2,9,0,12,0,1,0,0,0,0,1,1,6,3,-1,-1,-1,-1,-1,-1,-1,-1
2017010066882,1,9,0,18,0,1,0,0,0,0,1,1,6,3,-1,-1,-1,-1,-1,-1,-1,-1
2017010066882,2,1,0,18,0,1,0,0,0,0,2,1,6,1,13,3,-1,-1,-1,10,1,10
2017010066884,1,9,0,3,0,2,1,0,0,0,1,1,6,1,20,4,-1,-1,-1,-1,-1,-1
2017010066884,2,1,0,18,0,2,0,0,0,0,1,1,1,1,20,4,-1,-1,-1,2,1,2
2017010066885,1,11,0,5,0,2,0,0,0,0,0,1,1,1,53,8,6700,2,5,4,1,4
2017010066888,1,4,0,18,0,1,5,0,0,0,1,1,6,1,25,5,124,1,11,6,1,6
2017010066889,1,11,0,15,0,2,0,0,0,0,1,1,1,1,56,9,4500,2,-1,2,1,2
2017010066890,1,9,0,3,0,1,0,0,0,0,2,1,6,2,30,6,1240,1,9,1,1,1
2017010066890,2,4,0,10,0,1,0,0,0,0,1,1,6,1,47,8,321,1,1,3,1,3
2017010066892,1,9,0,18,0,0,0,0,0,0,1,1,6,1,48,8,995,1,7,9,2,9
2017010066892,2,9,0,18,0,0,0,0,0,0,1,1,6,3,16,4,-1,-1,-1,-1,-1,-1
2017010066893,1,9,0,18,0,1,0,0,3,0,1,1,6,1,18,4,1197,1,2,9,1,9
2017010066893,2,9,0,18,0,1,0,0,0,0,3,1,6,2,63,9,1598,1,14,4,1,4
2017010066894,1,9,0,5,0,8,0,0,0,0,1,1,6,2,58,9,2967,2,1,10,1,10
2017010066894,2,2,0,3,0,8,0,0,0,0,2,1,6,1,38,7,108,1,8,9,1,9
2017010066895,1,8,0,18,0,0,1,0,0,0,1,1,1,1,59,9,1686,2,6,3,1,3
2017010066895,2,9,0,3,0,0,0,0,0,0,3,1,6,2,37,7,1598,1,8,2,1,2
2017010066895,3,9,0,4,0,0,0,0,0,0,4,1,1,1,52,8,-1,-1,-1,9,3,9
2017010066896,1,11,0,11,0,2,0,0,0,0,4,1,1,1,54,8,6700,2,8,4,1,4
2017010066896,2,1,0,15,0,2,0,0,0,0,3,1,6,1,40,7,-1,-1,-1,8,1,8
2017010066897,1,2,0,14,0,1,0,0,0,0,4,1,6,1,-1,-1,745,1,3,8,1,8
2017010066899,1,9,0,6,0,0,0,0,0,0,1,1,6,2,60,9,1995,2,-1,4,1,4
2017010066899,2,3,0,18,0,0,0,0,0,0,4,1,6,1,27,6,125,1,6,2,1,2
2017010066901,1,9,0,4,0,0,0,0,0,0,1,1,6,1,37,7,2776,2,12,2,1,2
2017010066901,2,19,0,18,0,0,0,0,0,0,2,1,6,1,41,7,2402,2,16,5,1,5
2017010066902,1,11,0,5,0,8,0,0,0,0,0,1,1,1,57,9,5132,2,2,10,1,10
2017010066903,1,21,1,11,0,0,0,0,0,0,1,1,1,1,43,7,12900,2,10,9,2,9
2017010066903,2,9,0,18,0,0,0,0,0,0,3,1,6,1,18,4,1590,1,16,4,1,4
2017010066904,1,9,0,18,0,0,0,0,0,0,2,1,6,1,27,6,2967,2,8,6,1,6
2017010066904,2,5,0,14,0,0,2,0,0,0,3,1,6,1,33,6,599,1,12,6,1,6
2017010066907,1,9,0,18,0,1,0,0,0,0,1,1,6,2,20,4,999,1,1,10,1,10
2017010066907,2,90,0,18,0,1,0,0,0,0,4,1,6,2,57,9,-1,-1,-1,5,1,5
2017010066908,1,1,0,15,0,0,0,0,0,0,1,1,6,1,65,9,-1,-1,-1,2,1,2
2017010066910,1,9,0,14,0,2,0,0,0,0,1,1,1,1,54,8,1995,2,2,-1,-1,-1
2017010066910,2,9,0,3,0,2,0,0,0,0,4,1,6,2,52,8,1197,1,2,7,1,7
2017010066910,3,9,0,3,0,2,0,0,0,0,2,1,6,1,58,9,1360,1,16,7,1,7
2017010066911,1,9,0,18,0,0,0,8,0,0,4,2,6,2,29,6,1398,1,6,2,1,2
2017010066911,2,9,0,5,0,0,0,0,0,0,3,2,6,1,49,8,3199,1,18,3,1,3
2017010066912,1,9,0,9,0,0,0,0,0,0,2,1,2,1,59,9,2993,2,8,4,1,4
2017010066912,2,1,0,15,0,0,0,0,0,0,1,1,2,1,48,8,-1,-1,-1,3,1,3
2017010066913,1,9,0,1,0,8,0,0,1,1,2,1,6,2,49,8,1497,8,1,2,1,2
2017010066913,2,9,0,3,0,1,0,10,0,0,3,1,6,2,45,7,1598,1,17,1,1,1
2017010066913,3,8,0,3,0,1,0,0,0,0,2,1,6,1,44,7,1798,8,4,-1,-1,-1
2017010066913,4,9,0,2,9,1,0,0,0,0,4,1,6,3,-1,-1,2499,1,10,-1,-1,-1
2017010066913,5,19,0,2,9,1,0,0,0,0,4,1,6,3,-1,-1,-1,-1,-1,-1,-1,-1
2017010066915,1,9,0,13,0,8,0,0,0,0,1,1,6,1,26,6,1461,2,-1,3,1,3
2017010066915,2,1,0,18,0,8,0,0,0,0,1,1,6,1,53,8,-1,-1,-1,-1,-1,-1
2017010066916,1,9,0,18,0,8,0,0,0,0,4,1,6,1,29,6,1199,1,14,9,1,9
2017010066918,1,5,0,5,0,1,5,0,0,0,4,1,6,1,39,7,599,1,8,5,1,5
2017010066918,2,9,0,9,0,5,0,0,0,0,0,1,6,1,28,6,998,1,13,2,1,2
2017010066919,1,3,0,18,0,0,1,0,7,4,1,1,6,1,61,9,125,1,9,2,1,2
2017010066922,1,19,0,5,0,8,0,0,0,0,1,1,2,1,32,6,1968,2,1,9,1,9
2017010066924,1,9,0,18,0,0,0,0,0,0,1,1,6,2,32,6,2148,2,7,5,1,5
2017010066924,2,9,0,18,0,0,0,0,1,0,1,1,6,2,36,7,1796,1,13,1,1,1
2017010066925,1,9,0,18,9,1,1,0,1,4,1,1,6,1,26,6,6752,1,2,1,1,1
2017010066925,2,8,0,6,0,1,0,0,0,0,4,1,1,1,37,7,1598,2,1,1,1,1
2017010066926,1,9,0,18,0,1,0,4,0,0,1,1,1,1,46,8,1797,8,3,6,1,6
2017010066926,2,9,0,2,0,1,0,7,0,0,2,1,6,3,-1,-1,1999,1,15,-1,-1,-1
2017010066927,1,9,0,14,0,1,0,0,0,0,1,1,1,1,42,7,-1,-1,-1,8,1,8
2017010066927,2,9,0,2,0,1,0,0,0,0,3,1,6,3,-1,-1,1598,2,6,-1,-1,-1
2017010066929,1,9,0,18,0,1,0,0,0,0,1,1,6,3,-1,-1,1797,8,7,-1,-1,-1
2017010066931,1,9,0,5,0,1,0,4,0,0,4,1,1,1,41,7,2967,2,5,5,1,5
2017010066931,2,5,0,5,0,1,0,0,0,0,4,1,1,1,50,8,999,1,6,8,1,8
2017010066932,1,9,0,9,0,4,0,7,1,10,1,1,6,1,80,11,1242,1,7,9,1,9
2017010066934,1,9,0,18,0,0,0,0,0,0,1,1,1,1,39,7,1956,2,6,2,1,2
2017010066935,1,2,0,18,0,0,0,0,0,0,4,1,2,1,36,7,-1,-1,-1,-1,-1,-1
2017010066935,2,19,0,18,0,0,0,0,0,0,1,-1,6,1,21,5,1598,2,-1,2,1,2
2017010066936,1,9,0,18,0,1,0,0,0,0,3,1,2,1,52,8,1998,1,18,6,1,6
2017010066936,2,20,0,7,0,1,0,0,0,0,4,1,1,1,-1,-1,8867,2,9,2,1,2
2017010066938,1,9,0,18,0,0,0,0,0,0,4,1,6,1,39,7,1997,1,3,8,1,8
2017010066940,1,9,0,7,0,1,0,0,0,0,1,1,6,2,66,10,1997,2,2,9,1,9
2017010066940,2,9,0,18,2,1,5,0,0,0,3,1,2,1,30,6,-1,-1,-1,2,1,2
2017010066941,1,5,0,13,0,1,0,0,4,7,1,1,6,1,46,8,1078,1,8,4,1,4
2017010066941,2,9,0,6,0,1,0,0,0,0,4,1,6,1,38,7,1499,2,-1,4,1,4
2017010066942,1,8,0,5,0,6,0,0,0,0,1,1,6,1,46,8,1798,8,3,6,1,6
2017010066942,2,1,0,18,0,2,0,0,0,0,3,1,2,1,16,4,-1,-1,-1,2,1,2
2017010066943,1,2,0,18,0,1,0,0,0,0,3,1,1,1,41,7,125,1,17,2,1,2
2017010066943,2,4,0,18,0,1,0,0,0,0,4,1,1,1,34,6,865,1,10,9,1,9
2017010066944,1,11,0,18,0,4,0,0,0,0,0,1,6,1,54,8,6700,2,7,3,1,3
2017010066945,1,9,0,18,0,0,0,4,0,0,1,1,6,1,30,6,1783,1,15,-1,-1,-1
2017010066945,2,9,0,2,0,0,0,4,0,0,3,1,6,3,-1,-1,2000,2,6,-1,-1,-1
2017010066945,3,9,0,2,0,0,0,0,0,0,4,1,6,3,-1,-1,1596,1,1,-1,-1,-1
2017010066946,1,11,0,5,0,1,0,0,0,0,0,1,1,1,46,8,4461,2,4,8,2,8
2017010066946,2,9,0,15,0,8,0,0,0,0,0,1,6,3,-1,-1,-1,-1,-1,-1,-1,-1
2017010066947,1,9,0,3,0,7,0,0,0,0,2,1,6,2,38,7,1364,1,10,-1,-1,-1
2017010066947,2,9,0,12,0,7,0,0,0,0,1,1,6,1,27,6,1229,1,6,6,1,6
2017010066948,1,3,0,18,0,1,0,0,0,0,1,1,6,2,21,5,108,1,4,3,1,3
2017010066948,2,3,0,9,0,1,0,0,0,0,1,1,6,1,38,7,-1,-1,-1,9,1,9
2017010066951,1,1,0,18,0,8,0,0,0,0,1,1,6,2,22,5,-1,-1,-1,2,1,2
2017010066951,2,9,0,5,0,8,0,0,0,0,3,1,6,3,-1,-1,-1,-1,-1,-1,-1,-1
2017010066952,1,3,0,5,0,8,0,0,0,0,1,1,1,1,16,4,108,1,1,3,1,3
2017010066952,2,9,0,9,0,8,0,0,0,0,3,1,1,1,59,9,1791,8,6,3,1,3
2017010066953,1,9,0,4,0,1,0,0,0,0,1,1,6,1,28,6,1999,1,7,9,1,9
2017010066953,2,9,0,3,0,2,0,0,0,0,2,1,6,2,27,6,1598,1,14,-1,3,-1
2017010066953,3,9,0,3,0,2,0,0,0,0,2,1,6,1,63,9,3798,1,5,6,1,6
2017010066955,1,9,0,18,0,0,0,0,0,0,4,1,6,2,40,7,1984,1,-1,5,1,5
2017010066955,2,9,-1,-1,-1,0,-1,-1,-1,0,-1,-1,6,3,-1,-1,1498,1,1,-1,-1,-1
2017010066957,1,9,0,3,0,1,0,0,0,0,2,1,6,2,59,9,1598,1,8,2,1,2
2017010066957,2,9,0,4,0,1,0,0,0,0,1,1,6,1,47,8,1598,2,6,1,1,1
2017010066958,1,9,0,18,0,0,0,0,0,0,1,1,6,1,16,4,1364,1,-1,2,1,2
2017010066959,1,9,0,9,0,8,0,0,0,0,4,1,6,1,72,10,1198,1,8,9,3,9
2017010066959,2,4,0,9,0,1,5,0,0,0,4,1,1,1,25,5,125,1,2,1,1,1
2017010066961,1,9,0,18,0,1,0,4,0,0,1,1,6,2,25,5,999,1,3,6,1,6
2017010066961,2,9,0,3,0,1,0,4,0,0,1,1,6,1,24,5,998,1,4,3,1,3
2017010066961,3,9,0,3,0,1,0,0,0,0,0,1,6,2,48,8,1796,1,3,5,3,5
2017010066962,1,9,0,18,0,0,0,0,0,0,4,1,6,3,-1,-1,1248,1,-1,-1,-1,-1
2017010066962,2,1,0,18,5,0,0,0,0,0,3,1,1,1,34,6,-1,-1,-1,1,1,1
2017010066963,1,5,0,18,0,0,0,0,0,0,1,1,6,1,29,6,998,1,10,-1,-1,-1
2017010066963,2,9,0,7,0,0,0,0,0,0,3,1,6,2,49,8,-1,-1,-1,5,1,5
2017010066963,3,9,0,18,0,0,0,0,0,0,1,1,6,1,44,7,1998,2,13,4,1,4
2017010066964,1,9,0,9,0,1,0,0,0,0,3,1,6,2,61,9,1242,1,2,2,1,2
2017010066965,1,9,0,4,0,2,0,0,0,0,1,1,3,1,43,7,1598,2,1,3,1,3