Accident_Index,Vehicle_Reference,Vehicle_Type,Towing_and_Articulation,Vehicle_Manoeuvre,Vehicle_Location-Restricted_Lane,Junction_Location,Skidding_and_Overturning,Hit_Object_in_Carriageway,Vehicle_Leaving_Carriageway,Hit_Object_off_Carriageway,1st_Point_of_Impact,Was_Vehicle_Left_Hand_Drive?,Journey_Purpose_of_Driver,Sex_of_Driver,Age_of_Driver,Age_Band_of_Driver,Engine_Capacity_(CC),Propulsion_Code,Age_of_Vehicle,Driver_IMD_Decile,Driver_Home_Area_Type,Vehicle_IMD_Decile
2017010067259,1,9,0,9,0,5,0,0,0,0,1,1,6,2,22,5,1679,1,18,-1,-1,-1
2017010067259,2,2,0,18,0,8,0,0,0,0,4,1,2,1,50,8,49,1,9,1,1,1
2017010067260,1,11,0,4,0,1,0,0,0,0,0,1,1,1,50,8,4500,2,6,2,1,2
2017010067265,1,9,0,3,0,0,0,0,0,0,2,1,6,1,28,6,1596,1,10,1,1,1
2017010067265,2,9,0,18,0,0,0,0,0,0,1,1,6,1,-1,-1,2143,2,4,2,1,2
2017010067265,3,9,0,3,0,0,0,0,0,0,1,1,6,2,-1,-1,1595,1,4,3,1,3
2017010067266,1,1,0,-1,-1,-1,-1,-1,-1,-1,1,1,6,1,44,7,-1,-1,-1,9,1,9
2017010067266,2,9,-1,-1,-1,-1,-1,-1,-1,-1,-1,-1,6,2,56,9,-1,-1,-1,7,1,7
2017010067270,1,9,-1,-1,0,0,-1,-1,-1,-1,-1,-1,6,1,-1,-1,1400,1,12,-1,-1,-1
2017010067271,1,5,0,18,0,8,0,0,0,0,1,1,2,1,24,5,645,1,9,4,1,4
2017010067271,2,20,0,9,0,5,0,0,0,0,1,2,1,1,39,7,-1,-1,-1,7,1,7
2017010067273,1,1,-1,-1,0,1,-1,0,0,0,1,1,6,1,20,4,-1,-1,-1,4,1,4
2017010067273,2,9,-1,-1,0,1,-1,0,0,0,2,-1,6,3,-1,-1,-1,-1,-1,-1,-1,-1
2017010067274,1,9,-1,18,-1,-1,-1,-1,-1,-1,-1,-1,6,1,41,7,1797,8,2,7,1,7
2017010067274,2,1,-1,18,-1,-1,-1,-1,-1,-1,-1,1,6,1,26,6,-1,-1,-1,10,1,10
2017010067278,1,1,0,18,0,0,0,0,0,0,4,1,6,1,29,6,-1,-1,-1,2,1,2
2017010067286,1,9,0,7,4,3,0,0,0,0,4,1,1,1,49,8,1999,1,12,9,1,9
2017010067286,2,1,0,18,4,8,5,0,1,0,3,1,6,1,23,5,-1,-1,-1,3,1,3
2017010067288,1,9,0,18,0,1,0,0,0,0,4,1,6,1,73,10,1896,2,8,2,1,2
2017010067288,2,9,0,-1,0,1,0,0,0,0,1,1,6,1,-1,-1,2979,1,15,3,1,3
2017010067289,1,9,0,5,0,0,0,0,0,0,4,1,6,3,-1,-1,-1,-1,-1,-1,-1,-1
2017010067290,1,9,-1,3,-1,0,-1,-1,-1,-1,-1,-1,6,2,41,7,998,1,1,3,1,3
2017010067290,2,9,-1,-1,-1,0,-1,-1,-1,-1,-1,-1,6,1,21,5,1198,1,6,2,1,2
2017010067294,1,9,0,3,0,0,0,0,0,0,2,-1,2,2,31,6,1400,1,12,3,1,3
2017010067294,2,9,0,18,0,0,0,-1,-1,-1,1,-1,6,3,-1,-1,2993,2,13,-1,-1,-1
2017010067302,1,9,0,-1,0,-1,0,0,0,0,-1,-1,6,1,29,6,2143,2,4,2,1,2
2017010067302,2,9,0,-1,0,-1,0,0,0,0,-1,-1,6,3,-1,-1,1995,1,15,3,1,3
2017010067304,1,9,-1,3,-1,0,-1,-1,-1,-1,-1,-1,6,1,48,8,2493,8,4,5,1,5
2017010067304,2,9,-1,-1,-1,0,-1,-1,-1,-1,-1,-1,6,1,-1,-1,1796,1,13,-1,-1,-1
2017010067307,1,1,0,-1,-1,0,-1,-1,0,0,-1,1,6,1,53,8,-1,-1,-1,4,1,4
2017010067307,2,9,-1,-1,0,0,-1,-1,0,0,-1,-1,6,3,35,6,1598,1,5,5,1,5
2017010067308,1,8,0,4,0,8,0,0,0,0,4,1,1,1,51,8,1497,8,9,2,1,2
2017010067308,2,90,0,18,0,8,0,0,0,0,1,2,2,2,27,6,-1,-1,-1,7,1,7
2017010067310,1,9,0,5,0,0,0,0,0,0,3,1,2,1,39,7,1968,2,2,3,1,3
2017010067312,1,9,0,18,0,8,0,0,0,0,1,1,2,1,27,6,1461,2,1,7,1,7
2017010067312,2,1,0,18,0,8,0,0,0,0,1,1,2,1,33,6,-1,-1,-1,9,1,9
2017010067313,1,3,0,4,0,1,0,-1,0,0,3,1,1,1,21,5,125,1,12,3,1,3
2017010067313,2,11,0,4,0,1,0,-1,0,0,4,-1,6,1,-1,-1,11967,2,5,-1,-1,-1
2017010067314,1,9,0,9,0,1,0,0,0,0,1,1,6,1,84,11,1596,1,16,4,1,4
2017010067314,2,1,0,18,0,1,0,0,0,0,1,1,6,2,55,8,-1,-1,-1,5,1,5
2017010067316,1,9,-1,-1,0,-1,-1,0,0,0,1,-1,6,1,-1,-1,1797,8,7,3,1,3
2017010067320,1,9,-1,-1,0,0,-1,-1,0,0,-1,-1,6,1,28,6,1493,2,9,3,1,3
2017010067320,2,19,-1,-1,0,0,-1,-1,0,0,-1,-1,6,1,-1,-1,2198,2,2,-1,-1,-1
2017010067320,3,9,-1,-1,0,0,-1,0,0,0,-1,-1,6,1,-1,-1,-1,-1,-1,-1,-1,-1
2017010067324,1,9,0,18,0,4,0,0,0,0,3,1,1,2,31,6,1242,1,1,10,2,10
2017010067324,2,3,0,9,0,4,0,0,0,0,1,1,6,1,25,5,-1,-1,-1,5,1,5
2017010067325,1,9,-1,-1,-1,-1,-1,-1,-1,-1,-1,-1,6,1,62,9,1896,2,11,-1,-1,-1
2017010067325,2,9,-1,-1,-1,-1,-1,-1,-1,-1,-1,-1,6,1,-1,-1,2401,2,15,-1,-1,-1
2017010067329,1,9,0,4,0,1,0,0,0,0,3,2,1,1,28,6,1560,2,3,7,1,7
2017010067329,2,3,0,18,0,2,2,8,0,0,1,1,6,1,17,4,108,1,5,3,1,3
2017010067329,3,9,0,2,9,1,0,0,0,0,4,1,6,3,-1,-1,1995,2,5,-1,-1,-1
2017010067329,4,9,0,2,9,1,0,0,0,0,2,2,6,3,-1,-1,1590,1,14,-1,-1,-1
2017010067332,1,3,0,16,0,1,0,0,0,0,1,1,6,1,45,7,124,1,5,-1,-1,-1
2017010067332,2,9,0,17,0,1,0,0,0,0,1,1,6,1,38,7,2149,2,10,2,1,2
2017010067333,1,9,0,9,0,2,0,0,0,0,1,1,2,1,42,7,1339,1,8,3,1,3
2017010067335,1,4,0,18,0,0,1,10,6,0,1,1,6,1,20,4,125,1,2,-1,-1,-1
2017010067335,2,8,0,4,0,0,0,0,0,0,1,1,1,1,42,7,1968,2,3,2,1,2
2017010067338,1,3,0,14,0,0,2,0,0,0,3,1,1,1,50,8,249,1,6,3,1,3
2017010067338,2,11,0,3,2,0,0,0,0,0,0,1,2,1,33,6,6700,2,6,5,1,5
2017010067339,1,9,0,18,0,8,0,0,0,0,3,-1,1,1,55,8,1968,2,4,2,1,2
2017010067339,2,3,0,18,0,8,0,0,-1,0,1,1,6,1,-1,-1,125,1,6,3,1,3
2017010067340,1,9,0,18,0,0,5,4,0,0,1,1,1,2,22,5,1242,1,5,3,1,3
2017010067340,2,19,0,9,0,0,0,4,0,0,1,1,1,1,34,6,1461,2,6,8,3,8
2017010067340,3,9,0,18,0,0,0,1,0,0,1,1,6,1,37,7,1769,1,15,2,1,2
2017010067340,4,9,0,18,0,0,0,1,0,0,3,1,6,2,46,8,1386,1,14,4,1,4
2017010067341,1,11,0,5,0,8,0,0,0,0,0,1,1,1,28,6,5132,2,-1,1,1,1
2017010067346,1,9,-1,-1,-1,-1,-1,-1,-1,-1,-1,-1,6,2,45,7,1399,2,13,2,1,2
2017010067346,2,9,-1,-1,-1,-1,-1,-1,-1,-1,-1,-1,6,3,-1,-1,1997,2,7,-1,-1,-1
2017010067347,1,9,0,4,0,8,0,0,0,0,3,1,2,2,46,8,1199,1,13,4,1,4
2017010067347,2,1,0,18,0,8,0,4,0,0,1,1,6,1,52,8,-1,-1,-1,7,1,7
2017010067350,1,11,0,18,0,1,0,0,0,0,1,1,1,1,55,8,4500,2,3,3,1,3
2017010067350,2,9,0,7,0,1,0,0,0,0,4,1,6,1,27,6,1995,2,4,5,1,5
2017010067352,1,9,0,18,0,2,-1,0,0,0,4,2,6,1,45,7,1910,2,10,-1,-1,-1
2017010067352,2,9,-1,18,0,1,-1,-1,0,0,1,-1,6,3,-1,-1,-1,-1,-1,-1,-1,-1
2017010067353,1,3,0,10,0,6,0,0,0,0,3,1,1,2,32,6,124,1,1,2,1,2
2017010067353,2,9,0,18,0,2,0,0,0,0,1,1,1,1,29,6,998,1,5,1,1,1
2017010067355,1,9,0,4,0,4,0,0,0,0,3,1,6,1,24,5,1995,2,3,3,1,3
2017010067355,2,19,3,5,0,4,0,0,0,0,1,1,6,1,32,6,-1,-1,-1,-1,-1,-1
2017010067356,1,9,0,1,8,0,0,11,0,0,2,1,6,1,29,6,1242,1,6,3,1,3
2017010067358,1,8,0,18,0,8,0,0,0,0,1,1,3,1,41,7,1998,2,5,2,1,2
2017010067360,1,9,0,-1,0,1,0,0,0,0,2,-1,6,1,38,7,1461,2,2,6,1,6
2017010067360,2,9,0,-1,0,1,0,0,0,0,1,-1,6,1,-1,-1,1490,1,11,-1,-1,-1
2017010067365,1,9,-1,18,0,2,-1,-1,0,0,1,-1,6,3,-1,-1,-1,-1,-1,-1,-1,-1
2017010067366,1,11,0,18,0,8,0,0,0,0,0,1,1,1,53,8,4500,2,-1,4,1,4
2017010067366,2,1,0,18,0,8,0,0,0,0,0,1,6,1,-1,-1,-1,-1,-1,-1,-1,-1
2017010067367,1,9,0,18,0,-1,0,0,0,0,2,-1,6,1,38,7,2184,2,11,1,1,1
2017010067367,2,9,-1,18,-1,-1,-1,0,0,0,1,-1,6,1,-1,-1,1997,2,3,-1,-1,-1
2017010067370,1,4,0,18,0,1,0,0,0,0,1,1,2,1,29,6,499,1,6,1,1,1
2017010067371,1,3,0,-1,0,0,0,-1,0,0,-1,1,6,1,26,6,125,1,4,2,1,2
2017010067372,1,3,0,18,0,0,0,0,0,0,4,1,6,1,26,6,108,1,2,4,1,4
2017010067373,1,9,0,9,0,8,0,0,0,0,4,1,6,3,-1,-1,1308,1,14,-1,-1,-1
2017010067373,2,1,0,18,0,8,1,0,0,0,3,1,6,1,28,6,-1,-1,-1,8,1,8
2017010067377,1,9,0,1,0,0,0,0,0,0,2,1,6,3,-1,-1,-1,-1,-1,-1,-1,-1
2017010067379,1,1,0,18,0,8,5,-1,1,-1,1,1,6,1,47,8,-1,-1,-1,8,1,8
2017010067383,1,2,0,18,0,2,0,0,0,0,3,1,2,1,26,6,-1,-1,-1,4,1,4
2017010067383,2,9,0,13,0,2,0,0,0,0,4,-1,6,3,-1,-1,1248,1,7,-1,-1,-1
2017010067384,1,9,0,1,0,2,0,0,0,0,3,-1,6,1,-1,-1,1798,1,8,3,1,3
2017010067384,2,8,0,13,0,2,0,0,0,0,2,-1,1,1,79,11,2499,2,3,5,1,5
2017010067385,1,8,0,18,0,2,0,7,4,10,3,2,1,1,51,8,2776,2,1,10,1,10
2017010067385,2,9,0,18,0,2,1,0,0,0,1,1,6,1,37,7,3222,2,13,10,1,10
2017010067386,1,90,0,2,0,2,0,0,0,0,3,1,6,3,-1,-1,-1,-1,-1,-1,-1,-1
2017010067386,2,9,0,18,0,3,0,0,0,0,1,1,6,1,56,9,1149,1,16,2,1,2
2017010067387,1,4,0,13,0,8,2,11,0,0,3,1,2,1,54,8,125,1,9,3,1,3
2017010067387,2,19,0,1,0,1,0,0,0,0,0,1,1,1,34,6,1995,2,3,4,1,4
2017010067389,1,11,0,18,0,1,0,0,0,0,1,1,1,1,27,6,9000,2,9,7,1,7
2017010067389,2,9,0,17,0,1,0,0,0,0,4,1,2,1,40,7,1997,2,14,4,1,4
2017010067390,1,4,0,4,0,8,1,0,0,0,1,1,6,1,22,5,599,1,18,6,3,6
2017010067390,2,9,0,9,0,8,0,0,0,0,1,1,6,1,60,9,2993,2,10,6,1,6
2017010067393,1,21,0,5,0,2,0,0,0,0,3,1,1,1,41,7,10677,2,1,9,1,9
2017010067394,1,3,0,18,0,1,0,0,0,0,1,1,6,1,25,5,124,1,2,6,1,6
2017010067394,2,9,0,9,0,8,0,0,1,10,1,1,6,1,56,9,1598,1,9,4,1,4
2017010067394,3,1,0,4,9,1,0,0,1,0,1,1,6,1,29,6,-1,-1,-1,4,1,4
2017010067395,1,19,0,18,0,2,0,0,0,0,1,1,2,1,56,9,2198,2,6,2,1,2
2017010067395,2,9,0,9,0,6,0,0,0,0,4,1,6,2,23,5,1388,1,14,2,1,2
2017010067395,3,9,0,5,0,2,0,0,0,0,4,1,2,1,23,5,1240,1,10,5,1,5
2017010067396,1,19,0,18,0,8,0,0,0,0,3,1,1,1,62,9,1998,2,13,5,1,5
2017010067397,1,8,0,9,0,8,0,0,0,0,3,1,1,1,45,7,1797,8,6,2,1,2
2017010067397,2,3,0,18,0,8,1,0,0,0,4,1,6,1,24,5,125,1,2,4,1,4
2017010067398,1,1,0,14,0,0,0,0,0,0,4,1,6,1,37,7,-1,-1,-1,-1,-1,-1
2017010067398,2,19,0,5,0,0,0,0,0,0,3,1,6,1,58,9,2198,2,6,9,1,9
2017010067399,1,19,0,7,0,1,0,0,0,0,4,1,2,1,30,6,2198,2,1,4,1,4
2017010067399,2,1,0,4,0,1,5,0,0,0,1,1,6,2,44,7,-1,-1,-1,6,1,6
2017010067400,1,9,0,18,8,3,0,0,0,0,2,1,6,1,58,9,1598,1,21,6,1,6
2017010067400,2,1,0,5,0,3,0,0,0,0,2,1,6,1,50,8,-1,-1,-1,7,1,7
2017010067401,1,9,0,4,0,2,0,0,0,0,1,1,6,2,62,9,1896,2,8,2,1,2
2017010067401,2,9,0,18,0,2,0,0,0,0,1,1,6,1,67,10,1998,1,17,5,1,5
2017010067402,1,9,0,5,0,6,0,0,0,0,3,1,6,1,18,4,998,1,-1,2,1,2
2017010067402,2,9,0,18,0,1,1,0,0,0,3,1,6,1,40,7,2993,2,11,5,1,5
2017010067402,3,9,0,2,0,2,0,0,0,0,2,1,6,3,-1,-1,1499,1,9,-1,-1,-1
2017010067403,1,11,0,1,0,1,0,0,0,0,2,1,1,1,60,9,9000,2,7,3,1,3
2017010067403,2,1,0,18,0,1,0,0,0,0,1,1,6,2,55,8,-1,-1,-1,4,1,4
2017010067405,1,9,0,18,0,0,0,10,1,10,1,1,6,1,27,6,1596,1,11,4,1,4
2017010067406,1,3,0,18,0,6,0,0,0,0,1,1,1,1,21,5,124,1,9,6,1,6
2017010067406,2,9,0,5,0,6,0,0,0,0,3,1,2,1,25,5,1968,2,3,3,1,3
2017010067409,1,8,0,18,0,0,0,0,0,0,1,1,1,1,42,7,1797,8,3,1,1,1
2017010067410,1,9,0,5,0,6,0,0,0,0,1,1,6,2,45,7,1796,1,18,4,1,4
2017010067410,2,8,0,18,0,2,0,0,0,0,3,1,1,1,45,7,1997,2,5,1,1,1
2017010067411,1,2,0,18,0,8,0,0,0,0,1,1,2,1,22,5,49,1,1,2,1,2
2017010067411,2,9,0,10,0,8,0,0,0,0,3,1,2,2,34,6,1995,2,4,1,1,1
2017010067412,1,9,0,3,0,1,0,0,3,10,3,1,6,2,26,6,1388,1,8,3,1,3
2017010067412,2,9,0,18,0,2,2,0,0,0,1,1,6,2,74,10,-1,-1,-1,8,1,8
2017010067413,1,9,0,9,0,8,0,0,0,0,3,1,1,1,38,7,1395,1,1,2,1,2
2017010067413,2,3,0,13,0,8,0,0,0,0,1,1,1,1,27,6,125,1,1,8,1,8
2017010067414,1,8,0,18,0,0,0,0,0,0,2,1,6,1,25,5,1997,2,5,1,1,1
2017010067414,2,5,0,11,0,0,0,0,0,0,1,1,2,1,25,5,649,1,7,4,1,4
2017010067415,1,3,0,18,0,8,0,0,0,0,1,1,6,3,-1,-1,-1,-1,-1,-1,-1,-1
2017010067416,1,9,0,18,0,0,0,0,0,0,1,1,6,2,24,5,1997,2,2,3,1,3
2017010067416,2,9,0,5,8,0,0,0,0,0,3,1,6,1,53,8,2191,2,4,3,1,3
2017010067417,1,9,0,3,0,4,0,0,0,0,2,1,6,1,36,7,1299,1,15,9,1,9
2017010067417,2,9,0,5,0,4,0,0,0,0,1,1,6,2,17,4,1395,1,-1,-1,-1,-1
2017010067420,1,9,0,16,0,3,0,7,0,0,1,1,6,1,40,7,1560,2,3,6,1,6
2017010067422,1,9,0,1,9,8,0,0,0,0,2,1,6,1,50,8,2148,2,12,5,1,5
2017010067423,1,9,0,18,0,1,0,0,0,0,1,1,6,1,68,10,1298,1,15,2,1,2
2017010067425,1,4,0,11,2,1,0,0,0,0,2,1,6,1,44,7,125,1,8,2,1,2
2017010067425,2,11,0,11,2,1,0,0,0,0,1,1,6,1,41,7,4500,2,1,3,1,3
2017010067426,1,9,0,18,0,2,0,0,0,0,2,1,6,1,31,6,2979,1,14,4,1,4
2017010067426,2,9,0,18,0,1,0,0,0,0,2,1,6,1,19,4,1896,2,14,7,1,7
2017010067426,3,9,0,18,0,1,0,0,0,0,1,1,6,1,27,6,1595,1,4,3,1,3
2017010067428,1,9,0,5,0,7,0,0,0,0,3,1,6,2,23,5,1198,1,14,6,1,6
2017010067428,2,9,0,2,0,1,0,4,0,0,4,1,6,3,-1,-1,1995,2,7,-1,-1,-1
2017010067429,1,11,0,4,0,1,0,0,0,0,0,1,1,1,52,8,5132,2,-1,-1,-1,-1
2017010067430,1,9,0,10,0,8,0,0,0,0,1,1,6,1,49,8,1968,2,10,1,1,1
2017010067430,2,4,0,5,0,1,0,0,0,0,1,1,6,1,22,5,125,1,-1,5,1,5
2017010067431,1,9,0,9,0,6,0,0,0,0,1,1,6,2,28,6,1591,1,5,3,1,3
2017010067433,1,9,0,18,0,0,0,0,0,0,2,1,2,1,30,6,1395,8,1,3,1,3
2017010067433,2,9,0,18,0,0,0,0,0,0,1,1,6,1,26,6,1339,8,7,4,1,4
2017010067437,1,8,0,18,0,2,0,0,0,0,1,1,1,1,24,5,1797,8,8,-1,-1,-1
2017010067438,1,5,0,18,0,2,0,0,0,0,1,1,6,1,23,5,803,1,4,5,1,5
2017010067438,2,9,0,12,0,2,0,0,0,0,3,2,6,1,26,6,2143,2,3,3,1,3
2017010067441,1,9,-1,-1,-1,-1,-1,-1,-1,-1,-1,-1,6,2,32,6,2499,1,9,1,1,1
2017010067441,2,19,-1,-1,-1,-1,-1,-1,-1,-1,-1,-1,6,1,-1,-1,2402,2,12,1,1,1
2017010067445,1,9,-1,3,0,8,0,0,0,0,2,-1,1,1,55,8,2231,2,8,3,1,3
2017010067445,2,9,0,13,0,8,0,0,0,0,-1,-1,6,3,-1,-1,1995,2,6,-1,-1,-1
2017010067446,1,1,-1,-1,-1,-1,-1,-1,-1,-1,1,1,6,2,33,6,-1,-1,-1,4,1,4
2017010067446,2,9,-1,-1,-1,-1,-1,-1,-1,-1,1,-1,6,1,-1,-1,1969,2,-1,-1,-1,-1
2017010067447,1,9,-1,18,0,-1,-1,-1,-1,-1,-1,-1,6,1,-1,-1,-1,-1,-1,-1,-1,-1
2017010067448,1,9,0,-1,0,7,0,0,0,0,4,-1,6,2,52,8,1998,1,12,6,1,6
2017010067448,2,9,0,-1,0,7,0,0,0,0,-1,-1,6,3,-1,-1,1896,2,9,-1,-1,-1
2017010067449,1,9,0,5,0,6,0,0,0,0,1,1,6,1,53,8,1389,1,19,1,1,1
2017010067449,2,3,0,4,0,1,0,0,0,0,4,1,2,1,22,5,125,1,2,1,1,1
2017010067451,1,1,0,18,0,1,0,0,0,0,2,1,6,1,36,7,-1,-1,-1,8,1,8
2017010067451,2,9,0,18,0,1,0,0,0,0,1,-1,6,1,-1,-1,1598,2,-1,-1,-1,-1
2017010067455,1,1,0,18,0,8,-1,0,0,0,3,1,6,1,33,6,-1,-1,-1,8,1,8
2017010067455,2,9,0,15,0,8,-1,0,0,0,4,1,6,2,27,6,1596,1,13,-1,-1,-1
2017010067456,1,2,-1,18,0,-1,-1,0,0,0,2,1,6,2,45,7,-1,-1,-1,6,1,6
2017010067456,2,19,-1,-1,0,-1,0,-1,0,0,-1,-1,6,1,50,8,1996,2,3,-1,-1,-1
2017010067457,1,9,0,-1,-1,-1,-1,-1,-1,-1,-1,-1,6,1,43,7,1242,1,8,3,1,3
2017010067458,1,19,0,9,0,6,0,0,0,0,1,1,1,1,28,6,2143,2,2,4,1,4
2017010067458,2,5,0,14,0,1,0,10,0,0,1,1,6,1,32,6,471,1,2,9,1,9
2017010067461,1,9,-1,-1,-1,0,-1,-1,-1,-1,-1,-1,6,2,33,6,-1,-1,-1,5,1,5
2017010067461,2,9,-1,-1,-1,0,-1,-1,-1,-1,-1,-1,6,1,-1,-1,-1,-1,-1,-1,-1,-1
2017010067465,1,11,0,5,0,1,0,0,0,0,3,1,1,1,50,8,4461,2,4,2,1,2
2017010067465,2,9,0,18,0,1,1,4,0,0,1,1,6,3,-1,-1,-1,-1,-1,-1,-1,-1
2017010067474,1,9,0,3,0,1,0,0,0,0,2,-1,6,2,27,6,1598,1,12,2,1,2
2017010067474,2,9,-1,-1,-1,-1,-1,-1,-1,-1,1,-1,6,3,-1,-1,2200,1,16,-1,-1,-1
2017010067480,1,19,-1,-1,-1,-1,-1,-1,-1,-1,-1,-1,6,1,33,6,2143,2,3,5,1,5
2017010067480,2,19,-1,-1,-1,-1,-1,-1,-1,-1,-1,-1,6,1,23,5,1997,2,-1,5,1,5
2017010067484,1,9,0,18,0,2,0,0,0,0,1,1,2,2,29,6,1198,1,8,3,1,3
2017010067484,2,19,0,18,0,1,0,0,0,0,3,1,1,1,45,7,1968,2,13,3,1,3
2017010067491,1,9,-1,18,0,1,0,0,0,0,4,-1,6,2,31,6,1329,1,3,1,1,1
2017010067491,2,9,-1,18,0,1,0,0,0,0,-1,-1,6,3,-1,-1,1997,2,5,-1,-1,-1
2017010067493,1,90,0,18,0,1,0,0,0,0,1,1,6,1,34,6,-1,-1,-1,2,1,2
2017010067498,1,9,-1,18,-1,-1,-1,0,0,0,1,-1,6,2,44,7,1968,2,5,9,1,9
2017010067498,2,9,-1,3,-1,-1,-1,0,0,0,2,-1,6,2,-1,-1,1598,1,9,-1,-1,-1
2017010067499,1,9,-1,-1,-1,0,-1,-1,-1,-1,-1,-1,6,1,27,6,1229,1,8,6,1,6
2017010067499,2,9,-1,-1,-1,0,-1,-1,-1,-1,-1,-1,6,1,-1,-1,993,1,20,-1,-1,-1
2017010067500,1,9,-1,18,0,-1,0,-1,0,0,-1,-1,6,2,-1,-1,998,1,1,-1,-1,-1
2017010067507,1,9,-1,9,0,8,-1,-1,-1,-1,2,1,1,1,44,7,1968,2,6,4,1,4
2017010067507,2,9,-1,18,0,8,-1,-1,-1,-1,-1,-1,6,3,-1,-1,1896,2,10,-1,-1,-1
2017010067512,1,9,0,18,0,0,0,0,0,0,3,-1,6,1,50,8,1497,1,13,3,1,3
2017010067512,2,9,0,13,0,0,0,0,0,0,4,-1,6,1,-1,-1,3628,2,7,-1,-1,-1
2017010067513,1,9,-1,-1,-1,2,-1,-1,-1,-1,1,-1,6,2,25,5,1995,2,7,-1,-1,-1
2017010067513,2,9,-1,-1,-1,2,-1,-1,-1,-1,1,-1,6,1,27,6,1560,2,5,5,1,5
2017010067517,1,1,0,18,-1,-1,-1,-1,-1,-1,-1,1,6,1,25,5,-1,-1,-1,5,1,5
2017010067517,2,8,-1,18,-1,-1,-1,-1,-1,-1,-1,-1,6,1,-1,-1,2402,2,15,3,1,3
2017010067519,1,9,0,5,0,8,0,0,0,0,1,1,3,2,25,5,2993,2,7,8,1,8
2017010067519,2,9,0,18,0,2,2,0,1,10,1,1,6,1,26,6,1956,2,2,10,1,10
2017010067519,3,9,0,4,0,2,0,0,0,0,1,1,2,1,55,8,1598,1,8,10,1,10
2017010067521,1,9,5,18,0,8,0,7,1,7,3,1,6,2,28,6,1968,2,4,5,2,5
2017010067521,2,9,0,7,0,8,0,0,1,2,4,1,6,2,36,7,2497,2,5,2,1,2
2017010067523,1,9,-1,2,0,0,-1,0,0,0,2,-1,6,3,-1,-1,1389,1,13,-1,-1,-1
2017010067523,2,9,-1,-1,0,0,-1,0,0,0,-1,-1,6,3,-1,-1,-1,-1,-1,-1,-1,-1
2017010067525,1,11,0,18,0,1,0,0,0,0,0,1,1,2,63,9,6692,2,7,3,1,3
2017010067527,1,9,0,9,0,8,0,0,0,0,3,1,1,2,44,7,1997,1,13,5,1,5
2017010067527,2,1,0,18,0,1,5,0,0,0,3,1,6,1,37,7,-1,-1,-1,6,1,6
2017010067529,1,3,0,18,0,0,0,0,0,0,4,1,1,1,22,5,108,1,-1,3,1,3
2017010067530,1,8,0,5,9,0,0,0,0,0,0,1,6,1,50,8,1997,2,6,5,1,5
2017010067533,1,9,0,18,0,0,0,0,0,0,1,1,1,1,46,8,1798,8,5,5,1,5
2017010067533,2,1,0,18,0,0,0,0,0,0,1,1,2,2,30,6,-1,-1,-1,5,1,5
2017010067537,1,9,0,3,0,0,0,0,0,0,2,1,6,2,77,11,1598,1,10,3,1,3
2017010067537,2,9,0,3,0,0,0,0,0,0,1,1,6,1,25,5,1598,2,7,3,1,3
2017010067538,1,9,0,3,0,0,0,0,0,0,1,1,6,1,32,6,-1,-1,-1,7,1,7
2017010067538,2,9,0,6,0,0,0,0,0,0,4,1,6,2,45,7,2179,2,6,6,1,6
2017010067539,1,9,0,9,0,5,0,0,2,5,1,1,6,2,45,7,2143,2,5,2,1,2
2017010067542,1,1,0,5,0,8,0,0,0,0,2,1,4,1,14,3,-1,-1,-1,9,1,9
2017010067542,2,1,0,5,0,8,0,0,0,0,3,1,4,1,14,3,-1,-1,-1,2,1,2
2017010067542,3,9,0,18,0,8,0,0,0,0,1,1,6,3,-1,-1,-1,-1,-1,-1,-1,-1
2017010067543,1,9,0,18,0,0,0,0,0,0,4,1,6,2,20,4,1390,1,3,6,1,6
2017010067545,1,9,0,7,0,8,1,0,0,0,3,1,6,2,22,5,1199,2,4,2,1,2
2017010067545,2,19,5,16,0,8,0,0,0,0,1,1,1,1,38,7,-1,-1,-1,1,1,1
2017010067546,1,11,0,18,2,1,0,0,0,0,0,1,1,1,59,9,5132,2,3,2,1,2
2017010067546,2,9,0,7,2,1,0,0,0,0,0,1,6,3,-1,-1,1995,2,4,-1,-1,-1
2017010067548,1,9,0,18,0,1,-1,0,0,0,2,-1,6,1,38,7,1242,1,11,3,1,3
2017010067548,2,9,0,18,0,6,-1,0,0,0,1,-1,6,3,-1,-1,1364,1,8,-1,-1,-1
2017010067550,1,9,0,18,0,0,0,0,0,0,2,-1,2,2,33,6,1497,8,12,9,3,9
2017010067550,2,9,0,18,0,0,0,0,0,0,1,-1,6,3,-1,-1,1797,8,4,-1,-1,-1
2017010067551,1,9,0,18,0,0,0,10,1,10,1,1,6,2,72,10,1318,1,2,6,1,6
2017010067551,2,9,0,2,9,0,0,0,0,0,0,1,6,3,-1,-1,1390,1,13,-1,-1,-1
2017010067552,1,3,0,3,0,4,0,-1,0,0,2,1,6,1,31,6,108,1,-1,2,1,2
2017010067552,2,9,-1,18,0,4,0,-1,0,0,1,-1,6,3,-1,-1,2143,2,2,-1,-1,-1
2017010067554,1,19,0,15,0,0,0,0,0,0,1,1,6,3,-1,-1,2198,2,3,-1,-1,-1
2017010067555,1,9,0,18,0,1,0,0,0,0,4,1,6,1,28,6,1299,1,9,3,1,3
2017010067555,2,9,0,7,0,6,0,0,0,0,1,1,1,1,32,6,-1,3,-1,7,1,7
2017010067559,1,9,0,9,0,8,0,0,0,0,1,1,2,1,37,7,1995,2,6,3,1,3
2017010067559,2,1,0,18,0,1,0,0,0,0,4,1,6,1,51,8,-1,-1,-1,-1,-1,-1