Accident_Index,Vehicle_Reference,Vehicle_Type,Towing_and_Articulation,Vehicle_Manoeuvre,Vehicle_Location-Restricted_Lane,Junction_Location,Skidding_and_Overturning,Hit_Object_in_Carriageway,Vehicle_Leaving_Carriageway,Hit_Object_off_Carriageway,1st_Point_of_Impact,Was_Vehicle_Left_Hand_Drive?,Journey_Purpose_of_Driver,Sex_of_Driver,Age_of_Driver,Age_Band_of_Driver,Engine_Capacity_(CC),Propulsion_Code,Age_of_Vehicle,Driver_IMD_Decile,Driver_Home_Area_Type,Vehicle_IMD_Decile
2017010067561,1,9,0,7,0,5,0,0,0,0,2,1,6,3,-1,-1,-1,-1,-1,-1,-1,-1
2017010067561,2,90,0,18,0,6,0,0,0,0,1,1,2,1,47,8,-1,-1,-1,2,1,2
2017010067563,1,9,0,5,0,6,0,0,0,0,4,1,6,1,53,8,1386,1,13,3,1,3
2017010067563,2,3,0,17,0,1,0,0,0,0,4,1,6,1,64,9,124,1,6,3,1,3
2017010067567,1,19,0,9,7,1,0,0,0,0,1,1,3,1,37,7,-1,-1,-1,3,1,3
2017010067567,2,1,0,7,0,8,0,0,0,0,0,1,2,2,31,6,-1,-1,-1,2,1,2
2017010067568,1,2,0,7,0,3,1,0,0,0,4,1,6,1,24,5,49,1,16,9,3,9
2017010067573,1,9,-1,9,0,0,0,7,0,0,1,-1,6,1,-1,-1,-1,-1,-1,-1,-1,-1
2017010067574,1,8,0,8,0,5,0,0,0,0,4,1,3,1,62,9,1896,2,10,2,1,2
2017010067574,2,1,0,18,0,5,0,0,0,0,1,1,6,1,33,6,-1,-1,-1,4,1,4
2017010067576,1,11,0,18,0,0,0,0,0,0,1,1,1,1,34,6,9000,2,7,5,1,5
2017010067576,2,11,0,9,0,0,0,0,0,0,2,1,2,1,29,6,-1,-1,-1,3,1,3
2017010067577,1,9,0,18,0,8,-1,0,0,0,4,-1,6,1,41,7,1797,8,5,3,1,3
2017010067577,2,9,0,18,0,4,-1,0,0,0,1,-1,6,3,-1,-1,1995,2,3,-1,-1,-1
2017010067579,1,9,0,3,0,2,0,0,0,0,2,1,6,2,40,7,1896,2,10,4,1,4
2017010067579,2,9,0,3,0,2,0,0,0,0,2,1,6,1,52,8,1997,2,2,2,1,2
2017010067579,3,9,0,18,0,8,0,0,0,0,1,1,6,2,38,7,2179,2,2,2,1,2
2017010067581,1,9,0,-1,0,-1,0,0,0,0,-1,1,6,1,62,9,1968,2,4,7,3,7
2017010067581,2,1,0,18,0,-1,0,0,0,0,1,1,6,1,35,6,-1,-1,-1,5,1,5
2017010067587,1,19,0,5,0,8,0,0,0,0,1,1,1,1,37,7,1995,2,-1,1,1,1
2017010067587,2,9,0,18,0,8,0,4,1,10,1,1,6,1,23,5,1364,1,8,4,1,4
2017010067590,1,9,0,3,0,1,0,0,0,0,2,-1,6,2,56,9,1995,2,15,4,1,4
2017010067590,2,9,0,18,0,1,0,0,0,0,1,-1,6,2,-1,-1,2993,2,7,-1,-1,-1
2017010067591,1,9,0,18,0,0,0,0,0,0,3,-1,6,2,26,6,1329,1,4,4,1,4
2017010067591,2,9,0,-1,0,0,0,0,0,0,1,-1,6,3,-1,-1,1587,1,12,-1,-1,-1
2017010067594,1,1,0,18,0,1,0,0,0,0,1,1,6,1,25,5,-1,-1,-1,7,1,7
2017010067595,1,9,0,18,0,0,0,0,0,0,1,1,6,3,-1,-1,-1,-1,-1,-1,-1,-1
2017010067596,1,19,0,9,0,8,0,0,0,0,1,1,1,2,43,7,2198,2,2,1,1,1
2017010067596,2,3,0,18,0,8,0,0,1,0,1,1,2,1,34,6,125,1,9,-1,-1,-1
2017010067597,1,11,0,5,2,1,0,4,0,0,4,1,1,1,35,6,9360,2,6,4,1,4
2017010067598,1,9,0,3,0,0,0,0,0,0,4,1,6,1,78,11,1596,1,11,5,1,5
2017010067598,2,3,0,15,0,0,0,0,7,0,1,1,6,3,-1,-1,-1,-1,-1,-1,-1,-1
2017010067599,1,9,0,5,0,0,0,4,0,0,2,1,6,2,33,6,1598,1,8,3,1,3
2017010067599,2,9,0,2,0,0,0,0,0,0,3,1,6,3,-1,-1,1299,1,15,-1,-1,-1
2017010067600,1,5,0,4,0,1,0,0,0,0,1,1,2,1,49,8,1050,1,7,5,1,5
2017010067601,1,19,0,5,0,1,0,0,0,0,1,1,2,1,55,8,2148,2,12,7,1,7
2017010067604,1,19,0,9,0,1,0,0,0,0,1,1,2,1,26,6,1995,2,-1,7,1,7
2017010067604,2,3,0,13,0,1,1,0,0,0,1,1,6,1,57,9,249,1,5,8,1,8
2017010067606,1,19,0,9,0,1,0,0,0,0,1,1,1,1,25,5,2287,2,2,3,1,3
2017010067606,2,3,0,18,9,8,0,0,1,10,1,1,6,1,30,6,124,1,9,6,1,6
2017010067607,1,1,0,18,4,2,1,0,0,0,1,1,2,2,26,6,-1,-1,-1,3,1,3
2017010067608,1,8,0,5,9,1,0,11,1,2,1,1,1,1,51,8,2499,2,9,2,1,2
2017010067608,2,8,5,5,0,2,0,0,0,0,0,1,6,1,31,6,2148,2,6,-1,-1,-1
2017010067608,3,19,0,18,0,1,0,0,0,0,4,1,1,1,34,6,1995,2,-1,-1,-1,-1
2017010067609,1,11,0,5,2,0,0,0,0,0,0,1,1,1,28,6,6700,2,7,3,1,3
2017010067611,1,9,0,18,0,0,0,0,0,0,1,1,6,1,61,9,1598,1,7,2,1,2
2017010067611,2,9,0,9,0,0,0,0,0,0,1,1,6,1,16,4,1995,2,4,-1,-1,-1
2017010067612,1,4,0,13,0,3,0,0,0,0,1,1,2,1,51,8,125,1,3,8,1,8
2017010067613,1,11,0,18,0,8,0,0,0,0,0,1,1,2,65,9,9000,2,8,2,1,2
2017010067614,1,9,0,18,9,1,0,11,7,0,1,1,6,2,30,6,2143,2,-1,3,1,3
2017010067615,1,9,0,18,0,8,0,0,0,0,1,1,6,1,23,5,1984,2,1,10,1,10
2017010067615,2,8,0,4,0,8,0,0,0,0,2,1,1,1,55,8,2402,2,14,2,1,2
2017010067615,3,9,0,3,0,8,0,0,0,0,2,1,6,2,26,6,1242,1,5,7,1,7
2017010067616,1,8,0,12,0,8,0,0,0,0,3,1,1,1,29,6,2143,2,2,6,1,6
2017010067616,2,3,0,18,0,8,0,0,0,0,4,1,1,1,43,7,125,1,1,1,1,1
2017010067617,1,9,0,18,0,0,0,11,0,0,1,1,6,1,27,6,1388,1,10,7,1,7
2017010067618,1,9,0,3,0,5,0,0,0,0,1,1,1,1,34,6,1598,2,2,4,1,4
2017010067618,2,9,0,3,0,1,0,0,0,0,2,1,1,1,41,7,1296,1,10,5,1,5
2017010067620,1,9,0,5,0,8,0,0,0,0,1,1,6,1,80,11,1997,1,16,5,1,5
2017010067620,2,1,0,18,4,8,0,0,0,0,1,1,6,2,19,4,-1,-1,-1,4,1,4
2017010067621,1,3,0,18,0,1,0,0,0,0,1,1,6,1,26,6,125,1,1,2,1,2
2017010067621,2,9,0,3,0,1,0,0,0,0,2,1,6,1,51,8,1896,2,7,3,1,3
2017010067622,1,19,0,9,0,8,0,0,0,0,1,1,1,1,40,7,2143,2,4,2,1,2
2017010067622,2,4,0,18,0,8,0,0,0,0,1,1,1,1,24,5,108,1,-1,4,1,4
2017010067623,1,9,0,4,0,0,0,0,0,0,1,1,6,1,37,7,1995,2,1,5,1,5
2017010067624,1,9,0,18,0,0,0,0,0,0,1,1,6,2,32,6,1598,1,9,5,1,5
2017010067624,2,9,0,3,0,0,0,0,0,0,2,1,6,1,25,5,1796,1,15,2,1,2
2017010067626,1,9,0,18,0,1,0,0,0,0,2,1,6,2,43,7,1995,1,9,1,1,1
2017010067626,2,9,0,18,0,1,0,0,0,0,2,1,2,1,42,7,1968,2,10,3,1,3
2017010067626,3,9,0,18,0,1,0,0,0,0,1,1,2,2,27,6,1998,8,1,6,1,6
2017010067628,1,9,0,18,0,0,0,10,1,2,1,1,1,1,51,8,1798,8,1,4,1,4
2017010067631,1,9,0,18,0,1,0,0,0,0,1,1,6,2,54,8,-1,-1,-1,9,1,9
2017010067632,1,9,0,9,8,1,0,0,0,0,1,1,6,2,25,5,1395,1,2,3,1,3
2017010067632,2,3,0,5,0,1,0,0,0,0,1,1,6,1,31,6,125,1,7,7,1,7
2017010067633,1,3,0,12,0,0,0,0,0,0,1,1,6,1,27,6,-1,-1,-1,1,1,1
2017010067634,1,9,0,9,0,5,0,0,0,0,3,1,6,1,25,5,1598,1,10,1,1,1
2017010067634,2,5,0,18,0,8,0,0,0,0,1,1,2,2,36,7,599,1,18,3,1,3
2017010067635,1,3,0,5,4,1,0,0,0,0,0,1,6,3,-1,-1,-1,-1,-1,-1,-1,-1
2017010067635,2,1,0,4,4,1,5,0,0,0,1,1,6,2,26,6,-1,-1,-1,6,1,6
2017010067638,1,9,0,5,0,1,0,0,0,0,1,1,6,1,38,7,1299,1,12,3,1,3
2017010067638,2,1,0,18,0,1,0,0,0,0,3,1,6,1,24,5,-1,-1,-1,1,1,1
2017010067639,1,9,0,4,0,1,0,0,0,0,1,1,6,2,72,10,1968,2,4,4,1,4
2017010067639,2,5,0,3,0,1,0,0,0,0,2,1,6,1,34,6,745,1,-1,5,1,5
2017010067640,1,4,0,18,0,0,1,0,0,0,1,1,2,1,24,5,125,1,2,6,1,6
2017010067642,1,19,0,18,0,0,0,0,1,2,1,1,1,1,37,7,-1,-1,-1,3,1,3
2017010067644,1,9,0,5,0,1,0,0,0,0,1,1,6,2,71,10,999,1,2,8,1,8
2017010067644,2,9,0,4,0,1,0,0,0,0,2,1,6,2,49,8,-1,-1,-1,6,1,6
2017010067645,1,9,0,4,0,8,0,0,0,0,2,1,6,1,35,6,1968,2,2,8,1,8
2017010067645,2,1,0,3,0,8,0,0,0,0,1,1,1,1,27,6,-1,-1,-1,4,1,4
2017010067650,1,9,-1,18,0,0,0,0,0,0,2,-1,6,2,39,7,2993,2,2,8,1,8
2017010067650,2,19,-1,18,0,0,0,0,0,0,1,-1,1,2,-1,-1,2143,2,1,-1,-1,-1
2017010067651,1,9,-1,18,-1,-1,-1,-1,-1,-1,-1,-1,6,1,40,7,1596,1,14,2,1,2
2017010067651,2,3,-1,-1,-1,-1,-1,-1,-1,-1,-1,1,6,3,-1,-1,-1,-1,-1,-1,-1,-1
2017010067657,1,9,-1,-1,-1,-1,-1,-1,0,0,-1,-1,6,3,-1,-1,1798,8,1,-1,-1,-1
2017010067658,1,5,0,13,0,0,0,0,0,0,3,1,2,1,64,9,652,1,6,4,1,4
2017010067658,2,8,0,6,0,0,0,0,0,0,1,1,6,1,40,7,1956,2,2,3,1,3
2017010067663,1,9,0,18,0,0,0,0,0,0,4,1,6,1,65,9,698,1,12,7,1,7
2017010067663,2,11,0,3,0,0,0,0,0,0,0,1,1,1,37,7,-1,-1,-1,5,1,5
2017010067666,1,19,0,7,0,1,0,0,1,0,2,1,6,1,55,8,-1,-1,-1,3,1,3
2017010067666,2,1,0,18,0,1,0,0,0,0,0,1,6,2,25,5,-1,-1,-1,2,1,2
2017010067667,1,9,0,18,0,1,0,0,0,0,1,-1,6,3,-1,-1,-1,-1,-1,-1,-1,-1
2017010067672,1,3,0,-1,0,0,0,0,0,0,1,1,6,2,32,6,108,1,5,3,1,3
2017010067672,2,9,0,1,0,0,0,0,0,0,2,1,6,1,-1,-1,-1,-1,-1,8,3,8
2017010067676,1,9,0,18,0,1,0,0,0,0,1,1,6,2,24,5,1461,2,6,2,1,2
2017010067676,2,9,0,9,0,8,0,0,0,0,1,2,1,1,50,8,1597,1,32,8,1,8
2017010067677,1,1,-1,18,0,0,-1,0,0,0,3,1,6,2,38,7,-1,-1,-1,3,1,3
2017010067677,2,9,-1,-1,0,0,-1,0,0,0,4,-1,6,3,-1,-1,-1,-1,-1,-1,-1,-1
2017010067679,1,1,-1,-1,-1,-1,-1,-1,-1,-1,-1,1,6,1,25,5,-1,-1,-1,3,1,3
2017010067679,2,9,-1,-1,-1,-1,-1,-1,-1,-1,-1,-1,6,1,-1,-1,-1,-1,-1,-1,-1,-1
2017010067680,1,3,-1,-1,0,0,-1,-1,-1,-1,-1,1,6,1,-1,-1,125,1,1,-1,-1,-1
2017010067683,1,9,0,4,0,7,0,0,0,0,2,1,6,1,18,4,1598,1,12,5,1,5
2017010067683,2,19,0,4,0,8,0,0,0,0,1,1,6,1,28,6,1968,2,4,8,1,8
2017010067683,3,9,0,4,0,8,0,0,0,0,1,1,6,1,29,6,1200,1,-1,2,1,2
2017010067684,1,9,0,18,0,2,0,0,0,0,4,1,6,2,32,6,1560,2,10,6,1,6
2017010067684,2,9,0,5,0,1,0,0,0,0,1,2,6,1,20,4,-1,-1,-1,-1,-1,-1
2017010067689,1,1,0,18,0,0,0,0,0,0,3,1,2,2,30,6,-1,-1,-1,2,1,2
2017010067689,2,9,-1,-1,0,0,-1,0,0,0,4,1,6,1,-1,-1,-1,-1,-1,-1,-1,-1
2017010067690,1,1,-1,18,0,8,-1,0,0,0,1,1,2,2,37,7,-1,-1,-1,5,1,5
2017010067690,2,8,0,7,0,8,-1,0,0,0,3,1,1,1,-1,-1,2499,2,4,-1,-1,-1
2017010067691,1,1,0,18,0,1,0,0,0,0,1,1,6,1,-1,-1,-1,-1,-1,-1,-1,-1
2017010067693,1,9,-1,1,0,0,0,0,0,0,2,-1,6,3,-1,-1,1796,1,3,2,1,2
2017010067693,2,9,-1,2,0,0,0,0,0,0,4,-1,6,3,-1,-1,1598,1,8,-1,-1,-1
2017010067700,1,1,-1,-1,-1,-1,-1,-1,-1,-1,-1,1,6,1,29,6,-1,-1,-1,5,1,5
2017010067700,2,9,-1,-1,-1,-1,-1,-1,-1,-1,-1,-1,6,3,47,8,1497,8,9,3,1,3
2017010067701,1,9,0,5,9,1,0,0,0,0,1,1,2,1,34,6,1390,1,14,4,1,4
2017010067701,2,2,0,18,0,1,2,0,0,0,1,1,2,1,32,6,125,1,3,6,1,6
2017010067702,1,9,-1,3,0,1,-1,0,0,0,2,1,6,2,34,6,2179,2,5,-1,-1,-1
2017010067702,2,9,0,18,0,1,-1,0,0,0,1,-1,6,3,-1,-1,1388,1,13,-1,-1,-1
2017010067703,1,1,0,18,0,0,0,0,0,0,1,1,1,1,31,6,-1,-1,-1,6,1,6
2017010067714,1,9,0,14,0,0,0,0,0,0,-1,1,6,1,31,6,1596,1,6,1,1,1
2017010067714,2,3,0,-1,0,0,0,0,0,0,4,1,6,1,-1,-1,124,1,4,-1,-1,-1
2017010067720,1,1,0,7,0,8,0,0,0,0,1,1,6,1,54,8,-1,-1,-1,3,1,3
2017010067720,2,9,0,7,0,8,0,0,0,0,3,1,6,2,33,6,1796,1,13,5,1,5
2017010067722,1,20,-1,18,0,-1,-1,0,0,0,1,-1,6,1,44,7,4461,2,6,4,1,4
2017010067722,2,19,-1,12,0,-1,-1,-1,0,0,1,-1,6,1,62,9,2299,2,3,7,1,7
2017010067724,1,9,-1,3,-1,0,-1,-1,-1,-1,-1,-1,6,2,43,7,599,1,14,7,1,7
2017010067724,2,9,-1,18,-1,0,-1,-1,-1,-1,1,-1,6,1,-1,-1,2268,2,2,9,1,9
2017010067728,1,9,0,9,0,6,0,0,0,0,0,-1,6,2,-1,-1,1598,1,5,-1,-1,-1
2017010067729,1,19,0,7,0,1,0,0,0,0,4,1,1,1,62,9,2198,2,4,2,1,2
2017010067729,2,1,0,18,4,1,1,0,0,0,1,1,6,1,27,6,-1,-1,-1,5,1,5
2017010067730,1,9,0,18,0,4,-1,-1,-1,-1,2,-1,6,2,34,6,1598,1,5,8,1,8
2017010067730,2,9,0,18,0,4,-1,-1,0,0,1,-1,6,3,-1,-1,-1,-1,-1,-1,-1,-1
2017010067740,1,5,0,18,0,0,0,0,0,0,1,1,6,1,49,8,-1,-1,-1,2,1,2
2017010067741,1,9,-1,-1,-1,-1,0,0,-1,0,3,1,6,1,38,7,2143,2,3,1,1,1
2017010067741,2,9,-1,18,-1,-1,-1,0,-1,0,1,1,6,3,-1,-1,1896,2,13,-1,-1,-1
2017010067747,1,9,0,3,0,1,0,0,0,0,2,1,6,1,28,6,1995,2,3,-1,-1,-1
2017010067748,1,8,0,14,0,1,0,0,0,0,4,1,1,1,58,9,2499,2,9,10,1,10
2017010067749,1,4,0,18,0,8,-1,0,0,0,1,1,6,1,31,6,-1,-1,-1,2,1,2
2017010067749,2,9,0,9,-1,8,-1,0,0,0,3,-1,6,3,-1,-1,-1,-1,-1,-1,-1,-1
2017010067750,1,1,0,-1,2,0,-1,-1,-1,-1,4,1,6,1,35,6,-1,-1,-1,7,1,7
2017010067752,1,9,0,9,0,0,0,0,0,0,1,1,6,2,60,9,1364,1,9,-1,-1,-1
2017010067752,2,1,0,18,0,0,0,0,0,0,1,1,6,1,41,7,-1,-1,-1,8,1,8
2017010067757,1,9,0,11,0,0,0,0,0,0,0,1,2,1,29,6,1596,1,14,3,1,3
2017010067757,2,3,0,18,0,0,0,0,0,0,0,1,2,1,41,7,124,1,17,3,1,3
2017010067758,1,5,0,18,0,0,0,0,0,0,4,1,2,1,45,7,1084,1,15,10,1,10
2017010067758,2,9,0,12,0,0,0,0,0,0,3,1,6,2,33,6,2993,2,3,5,3,5
2017010067762,1,3,0,18,0,0,0,0,0,0,3,1,2,1,40,7,125,1,4,2,1,2
2017010067762,2,9,-1,-1,-1,0,-1,-1,0,0,-1,-1,6,3,-1,-1,1598,1,10,-1,-1,-1
2017010067762,3,9,-1,-1,-1,0,-1,-1,0,0,-1,-1,6,3,-1,-1,-1,-1,-1,-1,-1,-1
2017010067766,1,9,-1,-1,-1,0,-1,-1,-1,-1,2,-1,6,2,43,7,2000,2,6,8,1,8
2017010067768,1,11,-1,18,0,-1,0,0,0,0,-1,1,6,3,-1,-1,-1,-1,-1,-1,-1,-1
2017010067769,1,19,0,9,0,1,0,0,0,0,1,1,2,1,27,6,2143,2,3,7,1,7
2017010067769,2,3,0,7,0,1,5,0,0,0,1,1,1,1,61,9,745,1,1,7,1,7
2017010067774,1,9,0,5,0,4,0,0,0,0,1,1,2,2,46,8,1998,1,15,6,1,6
2017010067774,2,1,0,9,0,3,-1,0,0,0,4,1,2,2,44,7,-1,-1,-1,4,1,4
2017010067786,1,9,0,3,0,0,0,0,0,0,2,-1,6,1,51,8,1968,2,3,6,1,6
2017010067786,2,1,0,18,0,0,0,0,0,0,1,1,6,1,-1,-1,-1,-1,-1,-1,-1,-1
2017010067790,1,1,-1,-1,0,0,-1,-1,0,0,-1,1,6,2,45,7,-1,-1,-1,7,1,7
2017010067793,1,9,0,17,0,6,0,0,0,0,1,1,6,2,46,8,1598,1,9,4,1,4
2017010067795,1,9,0,5,0,1,0,0,0,0,1,1,6,2,22,5,1596,1,10,2,1,2
2017010067795,2,9,0,18,0,1,0,0,0,0,1,1,6,2,27,6,1796,1,8,1,1,1
2017010067796,1,4,0,18,0,2,1,0,0,0,1,1,2,1,47,8,499,1,22,5,1,5
2017010067797,1,9,0,9,0,5,0,0,0,0,1,1,3,1,35,6,2987,2,3,-1,-1,-1
2017010067797,2,1,0,18,4,8,0,0,0,0,1,1,6,1,46,8,-1,-1,-1,4,1,4
2017010067802,1,9,0,3,0,1,0,0,0,0,2,1,1,1,66,10,-1,-1,-1,2,1,2
2017010067802,2,9,0,3,0,1,0,0,0,0,1,1,6,1,31,6,-1,-1,-1,4,1,4
2017010067803,1,9,0,3,0,8,-1,0,0,0,1,-1,6,1,41,7,1995,2,4,-1,-1,-1
2017010067803,2,9,0,1,0,8,0,0,0,0,2,-1,6,3,-1,-1,1598,1,12,-1,-1,-1
2017010067808,1,9,0,7,0,5,0,0,0,0,4,1,6,1,25,5,1968,2,5,3,1,3
2017010067808,2,1,0,15,0,1,0,0,0,0,1,1,6,1,69,10,-1,-1,-1,3,1,3
2017010067809,1,2,0,18,0,1,0,0,0,0,1,1,6,1,45,7,125,1,-1,1,1,1
2017010067809,2,2,0,18,0,1,0,0,0,0,2,1,2,1,37,7,125,1,2,4,1,4
2017010067811,1,9,-1,-1,-1,0,-1,-1,-1,-1,-1,-1,6,3,-1,-1,-1,-1,-1,-1,-1,-1
2017010067811,2,1,-1,3,-1,0,-1,-1,-1,-1,-1,1,6,1,38,7,-1,-1,-1,2,1,2
2017010067813,1,3,0,18,0,-1,0,0,0,0,-1,1,6,3,-1,-1,108,1,2,-1,-1,-1
2017010067819,1,9,0,3,0,0,0,0,0,0,2,1,1,1,36,7,-1,-1,-1,9,1,9
2017010067819,2,9,0,3,0,0,0,0,0,0,2,1,1,1,27,6,998,1,2,4,1,4
2017010067819,3,9,0,11,0,0,0,0,0,0,2,1,6,1,33,6,1598,2,6,2,1,2
2017010067819,4,9,0,18,0,0,0,0,0,0,1,1,1,1,40,7,-1,-1,-1,2,1,2
2017010067821,1,1,-1,-1,-1,0,-1,-1,0,0,-1,1,6,2,42,7,-1,-1,-1,5,1,5
2017010067821,2,9,-1,-1,-1,0,-1,-1,0,0,-1,-1,6,3,-1,-1,-1,-1,-1,-1,-1,-1
2017010067824,1,5,0,9,0,6,0,0,7,10,1,1,6,1,23,5,998,1,9,3,1,3
2017010067824,2,9,0,9,0,6,0,0,0,0,3,1,6,1,67,10,1598,1,12,4,1,4
2017010067825,1,9,0,5,0,6,0,0,0,0,1,1,6,1,25,5,1590,1,12,3,1,3
2017010067825,2,1,0,18,0,1,0,0,0,0,1,1,6,1,16,4,-1,-1,-1,2,1,2
2017010067827,1,9,0,3,0,4,0,0,0,0,2,1,6,2,17,4,1197,1,2,7,1,7
2017010067827,2,9,0,18,0,4,-1,0,0,0,1,-1,6,3,-1,-1,-1,-1,-1,-1,-1,-1
2017010067830,1,2,0,18,0,8,0,0,0,0,3,1,6,2,48,8,-1,-1,-1,7,1,7
2017010067830,2,9,-1,18,0,1,0,0,0,0,1,-1,6,1,-1,-1,-1,-1,-1,-1,-1,-1
2017010067838,1,19,0,4,0,1,0,0,0,0,2,1,1,1,27,6,1560,2,4,4,1,4
2017010067838,2,5,0,18,0,1,2,0,1,0,1,1,6,1,37,7,847,1,-1,2,1,2
2017010067841,1,19,0,7,0,1,0,0,0,0,1,1,1,1,24,5,1995,2,-1,7,3,7
2017010067841,2,9,0,18,0,8,0,0,0,0,3,2,6,1,46,8,1598,1,13,9,1,9
2017010067845,1,9,0,4,-1,-1,-1,-1,-1,-1,2,-1,6,2,51,8,-1,-1,-1,2,1,2
2017010067845,2,9,-1,-1,-1,1,-1,-1,-1,0,1,-1,6,1,-1,-1,-1,-1,-1,-1,-1,-1
2017010067854,1,9,0,4,0,0,0,0,0,0,0,-1,6,1,30,6,1598,1,7,6,1,6
2017010067854,2,9,0,18,0,0,0,0,0,0,1,-1,6,1,-1,-1,1598,1,12,3,1,3
2017010067865,1,9,-1,-1,-1,-1,-1,-1,-1,-1,-1,-1,6,1,27,6,2143,2,3,7,1,7
2017010067865,2,9,-1,-1,-1,-1,-1,-1,-1,-1,-1,-1,6,3,-1,-1,1598,2,5,-1,-1,-1
2017010067869,1,9,0,18,0,0,0,0,0,0,1,1,6,2,-1,-1,1598,2,3,-1,-1,-1
2017010067869,2,9,0,3,0,0,0,0,0,0,2,1,1,1,36,7,1956,2,7,6,1,6
2017010067870,1,9,0,18,0,2,0,0,0,0,3,-1,6,1,25,5,1984,1,3,4,1,4
2017010067870,2,19,0,13,0,2,0,0,0,0,4,-1,6,3,-1,-1,1995,2,-1,-1,-1,-1
2017010067871,1,9,0,12,0,3,0,0,0,0,3,1,6,1,45,7,1197,1,-1,-1,-1,-1
2017010067871,2,9,0,5,0,4,0,0,0,0,1,1,1,1,26,6,2967,2,9,6,1,6
2017010067876,1,9,0,18,0,0,0,0,0,0,2,-1,2,2,58,9,1339,1,10,7,1,7
2017010067876,2,11,0,-1,0,0,0,-1,-1,-1,-1,1,1,3,-1,-1,6700,2,10,-1,-1,-1
2017010067880,1,3,0,18,0,0,0,0,0,0,1,1,1,2,26,6,124,1,13,9,1,9
2017010067880,2,9,0,18,0,0,0,0,0,0,1,1,6,1,36,7,2231,2,9,4,1,4
2017010067882,1,9,0,18,0,0,0,0,0,0,1,1,6,1,25,5,1900,2,12,5,1,5
2017010067882,2,9,0,2,0,0,0,0,0,0,3,1,6,3,-1,-1,2987,2,1,-1,-1,-1
2017010067882,3,9,0,2,0,0,0,0,0,0,4,1,6,3,-1,-1,1998,1,15,-1,-1,-1
2017010067883,1,9,0,18,0,0,0,11,0,0,3,1,6,2,49,8,1229,1,11,2,1,2
2017010067883,2,1,0,18,0,0,0,0,0,0,3,1,6,2,38,7,-1,-1,-1,3,1,3
2017010067884,1,1,0,18,0,8,0,0,0,0,1,1,6,2,43,7,-1,-1,-1,4,1,4
2017010067884,2,9,0,5,0,4,0,0,0,0,1,1,6,1,24,5,1499,1,2,3,1,3
2017010067885,1,1,0,18,5,0,0,0,0,0,1,1,6,1,12,3,-1,-1,-1,3,1,3
2017010067885,2,90,0,7,0,0,0,0,0,0,3,1,1,1,53,8,-1,-1,-1,2,1,2
2017010067886,1,1,0,18,0,0,0,0,0,0,1,1,2,1,27,6,-1,-1,-1,5,1,5
2017010067888,1,19,0,9,0,5,0,0,0,0,1,1,1,1,55,8,1499,2,1,4,1,4
2017010067888,2,1,0,18,0,1,0,0,0,0,1,1,1,1,25,5,-1,-1,-1,6,1,6
2017010067889,1,3,0,14,0,8,0,0,0,0,1,1,2,1,37,7,124,1,8,3,1,3
2017010067890,1,9,0,9,0,1,0,0,0,0,1,1,6,1,49,8,1797,8,5,7,1,7
2017010067890,2,1,0,18,0,1,0,0,0,0,1,1,6,2,30,6,-1,-1,-1,3,1,3
2017010067891,1,5,0,18,0,0,1,0,0,0,1,1,6,1,26,6,599,1,11,-1,-1,-1
2017010067891,2,19,0,11,0,0,0,0,0,0,2,1,2,1,47,8,1598,2,9,7,1,7
2017010067892,1,9,0,18,0,2,0,0,0,0,1,1,6,1,20,4,1595,1,7,5,1,5
2017010067892,2,9,0,4,0,2,0,0,0,0,2,1,6,1,40,7,1997,2,7,2,1,2
2017010067892,3,9,0,3,0,2,0,0,0,0,2,1,6,2,58,9,2597,1,13,2,1,2
2017010067893,1,4,0,18,0,1,2,0,0,0,1,1,6,1,18,4,124,1,11,-1,-1,-1
2017010067893,2,9,0,10,0,6,0,0,0,0,1,1,6,2,27,6,1240,1,7,2,1,2
2017010067893,3,9,0,3,0,1,0,0,0,0,1,1,6,1,34,6,1598,1,13,-1,-1,-1
2017010067894,1,9,0,9,0,6,0,0,0,0,1,1,6,1,65,9,1956,2,4,9,1,9
2017010067895,1,8,0,6,0,8,0,0,0,0,4,1,1,1,42,7,2499,2,5,10,3,10
2017010067895,2,3,0,15,0,8,0,0,0,0,4,1,1,1,31,6,108,1,4,2,1,2
2017010067896,1,9,0,18,0,1,0,0,2,7,1,1,6,1,22,5,1596,1,16,3,1,3
2017010067897,1,9,0,10,0,8,0,0,0,0,1,1,6,1,21,5,1390,1,13,2,1,2
2017010067897,2,1,0,18,0,8,0,0,0,0,3,1,6,1,56,9,-1,-1,-1,9,1,9
2017010067898,1,9,0,18,0,8,0,0,0,0,1,1,6,2,41,7,1995,2,9,9,1,9
2017010067898,2,9,0,5,0,8,0,0,0,0,4,1,6,1,19,4,-1,-1,-1,6,1,6
2017010067899,1,9,-1,7,-1,1,-1,0,0,0,4,-1,6,1,26,6,-1,-1,-1,6,1,6
2017010067899,2,1,0,18,2,1,0,0,0,0,3,1,6,2,31,6,-1,-1,-1,2,1,2
2017010067901,1,5,0,5,0,0,0,0,1,0,3,1,6,1,35,6,998,1,15,2,1,2
2017010067902,1,9,0,16,0,1,0,0,0,0,1,1,6,2,32,6,1339,8,8,4,1,4
2017010067902,2,4,0,18,0,1,0,0,0,0,1,1,6,1,33,6,125,1,7,4,1,4
2017010067904,1,8,0,18,0,4,0,0,0,0,1,1,1,1,51,8,2402,2,13,5,1,5
2017010067904,2,90,0,18,0,3,5,0,0,0,1,1,2,1,24,5,-1,-1,-1,5,1,5
2017010067905,1,9,0,7,0,4,0,0,1,0,3,1,2,1,62,9,1560,2,8,4,1,4
2017010067905,2,1,0,5,0,3,0,0,0,0,1,1,6,1,46,8,-1,-1,-1,9,1,9