Accident_Index,Vehicle_Reference,Vehicle_Type,Towing_and_Articulation,Vehicle_Manoeuvre,Vehicle_Location-Restricted_Lane,Junction_Location,Skidding_and_Overturning,Hit_Object_in_Carriageway,Vehicle_Leaving_Carriageway,Hit_Object_off_Carriageway,1st_Point_of_Impact,Was_Vehicle_Left_Hand_Drive?,Journey_Purpose_of_Driver,Sex_of_Driver,Age_of_Driver,Age_Band_of_Driver,Engine_Capacity_(CC),Propulsion_Code,Age_of_Vehicle,Driver_IMD_Decile,Driver_Home_Area_Type,Vehicle_IMD_Decile
2017010068827,2,9,0,18,0,0,0,0,0,0,1,-1,6,1,-1,-1,2143,2,1,-1,-1,-1
2017010068845,1,1,0,18,0,0,0,0,0,0,3,1,6,1,46,8,-1,-1,-1,8,2,8
2017010068845,2,9,0,18,0,0,0,0,0,0,4,1,6,2,-1,-1,1461,2,12,-1,-1,-1
2017010068854,1,9,0,18,0,1,0,0,0,0,1,1,2,1,61,9,-1,-1,-1,2,1,2
2017010068854,2,9,0,18,0,1,0,0,1,4,3,1,2,1,32,6,998,1,7,3,1,3
2017010068856,1,9,0,3,0,1,0,0,0,0,2,1,2,2,35,6,2688,2,13,8,1,8
2017010068856,2,9,0,3,0,1,1,0,0,0,1,1,2,2,40,7,2995,1,9,4,1,4
2017010068857,1,9,0,7,0,6,0,0,0,0,3,1,3,1,47,8,1339,8,7,6,1,6
2017010068857,2,1,0,18,0,8,0,0,0,0,3,1,6,2,29,6,-1,-1,-1,1,1,1
2017010068859,1,9,-1,3,0,0,-1,-1,-1,-1,-1,-1,6,1,55,8,2143,2,1,3,1,3
2017010068859,2,9,-1,-1,-1,0,-1,-1,-1,-1,-1,-1,6,1,-1,-1,1229,1,3,-1,-1,-1
2017010068862,1,9,0,12,0,0,0,0,0,0,2,1,6,2,25,5,1598,2,4,2,1,2
2017010068862,2,9,0,18,0,0,0,0,0,0,1,1,6,1,27,6,1461,2,1,2,1,2
2017010068866,1,11,0,18,0,1,0,0,0,0,0,1,1,1,-1,-1,9000,2,8,2,1,2
2017010068871,1,9,0,5,0,8,0,0,0,0,1,1,6,1,27,6,1596,1,9,4,1,4
2017010068871,2,9,0,18,0,8,0,0,0,0,3,1,6,2,44,7,1084,1,-1,4,1,4
2017010068872,1,9,0,18,0,0,0,0,1,1,1,1,6,1,72,10,1598,2,1,10,1,10
2017010068872,2,9,0,11,0,0,0,0,0,0,1,1,6,1,87,11,2500,1,16,10,1,10
2017010068875,1,5,0,18,0,0,2,0,0,0,4,1,2,1,22,5,749,1,1,2,1,2
2017010068875,2,9,0,2,0,0,0,0,0,0,1,1,6,3,-1,-1,1499,2,-1,-1,-1,-1
2017010068876,1,5,0,16,2,0,5,0,0,0,3,1,6,1,29,6,599,1,11,2,1,2
2017010068876,2,9,0,18,2,0,0,0,0,0,4,1,6,3,-1,-1,-1,-1,-1,-1,-1,-1
2017010068879,1,9,-1,-1,0,-1,-1,-1,-1,-1,-1,-1,1,1,37,7,1968,2,2,3,1,3
2017010068879,2,9,-1,-1,-1,-1,-1,-1,-1,-1,-1,-1,6,1,-1,-1,999,1,-1,-1,-1,-1
2017010068883,1,11,0,4,0,0,0,0,0,0,0,1,1,2,42,7,4461,2,3,2,1,2
2017010068885,1,9,0,9,0,6,0,0,0,0,1,1,2,1,28,6,1910,2,10,2,1,2
2017010068885,2,1,0,18,0,1,0,0,0,0,1,1,6,2,33,6,-1,-1,-1,5,1,5
2017010068886,1,11,0,4,2,0,0,0,0,0,1,1,1,1,47,8,5132,2,1,3,1,3
2017010068887,1,9,0,18,0,2,0,0,0,0,1,1,6,1,24,5,599,1,14,7,1,7
2017010068889,1,3,0,18,0,0,0,0,0,0,1,1,6,3,-1,-1,-1,-1,-1,-1,-1,-1
2017010068892,1,9,-1,1,0,0,0,-1,0,0,2,-1,6,2,24,5,1995,2,7,6,1,6
2017010068893,1,5,0,18,0,1,0,0,0,0,1,1,6,1,34,6,998,1,12,3,1,3
2017010068895,1,5,0,13,0,1,0,0,0,0,1,1,6,1,53,8,1050,1,11,4,1,4
2017010068895,2,19,0,9,0,5,0,0,0,0,3,1,1,1,38,7,-1,-1,-1,2,1,2
2017010068896,1,11,0,4,0,0,0,0,0,0,0,1,6,1,58,9,9000,2,9,8,1,8
2017010068899,1,9,-1,3,0,-1,0,-1,0,0,2,-1,6,1,19,4,698,1,12,6,1,6
2017010068899,2,9,-1,18,0,-1,0,-1,0,0,1,-1,6,3,-1,-1,1596,1,15,-1,-1,-1
2017010068905,1,9,0,4,0,2,0,0,0,0,4,1,6,2,44,7,1299,1,9,6,1,6
2017010068906,1,9,-1,-1,-1,0,-1,-1,-1,-1,-1,-1,6,1,29,6,1560,2,4,3,1,3
2017010068906,2,9,-1,-1,-1,0,-1,-1,-1,-1,-1,-1,6,1,-1,-1,1197,1,2,-1,-1,-1
2017010068914,1,8,0,5,0,8,0,0,0,0,1,1,2,1,46,8,1997,2,3,8,1,8
2017010068914,2,1,0,18,0,1,0,0,0,0,1,1,6,1,49,8,-1,-1,-1,-1,-1,-1
2017010068922,1,3,0,18,0,1,0,0,0,0,1,1,6,1,17,4,124,1,17,1,1,1
2017010068927,1,1,0,18,9,1,-1,0,-1,0,1,1,4,1,9,2,-1,-1,-1,6,1,6
2017010068927,2,9,-1,18,9,1,0,0,-1,0,1,-1,6,1,37,7,2993,2,9,7,1,7
2017010068928,1,9,0,7,0,1,0,0,0,0,4,-1,6,1,40,7,1984,1,8,2,1,2
2017010068928,2,9,0,7,0,1,0,0,0,0,3,-1,6,1,-1,-1,2987,2,8,-1,-1,-1
2017010068930,1,11,0,18,0,0,0,0,0,0,0,1,1,1,44,7,8268,2,15,2,1,2
2017010068932,1,9,0,15,0,8,0,4,0,0,1,1,1,1,38,7,5981,1,10,4,1,4
2017010068932,2,9,0,3,0,2,0,0,0,0,2,1,6,2,69,10,2967,1,14,7,1,7
2017010068932,3,90,0,3,0,2,0,0,0,0,2,1,6,1,35,6,-1,-1,-1,6,1,6
2017010068934,1,11,0,5,2,1,0,0,7,0,0,1,1,1,54,8,4500,2,-1,8,1,8
2017010068936,1,3,0,15,0,0,2,0,0,0,1,1,6,1,19,4,125,1,2,3,1,3
2017010068939,1,1,0,18,5,0,0,0,0,0,1,1,6,2,40,7,-1,-1,-1,2,1,2
2017010068939,2,9,0,7,5,0,0,0,0,0,4,1,2,2,53,8,1229,1,5,4,1,4
2017010068940,1,9,0,18,0,1,0,0,0,0,1,1,6,2,30,6,-1,-1,-1,5,1,5
2017010068940,2,9,0,5,9,2,1,0,1,0,4,1,6,2,26,6,1598,1,10,2,1,2
2017010068941,1,9,0,18,0,0,0,0,1,10,1,1,6,1,77,11,1390,1,5,9,1,9
2017010068941,2,9,0,18,0,0,0,0,0,0,4,1,6,2,28,6,1910,2,9,7,1,7
2017010068942,1,9,0,18,0,0,0,0,0,0,1,1,6,2,27,6,1364,1,13,1,1,1
2017010068943,1,19,0,9,0,1,0,0,0,0,1,1,1,1,39,7,2143,2,5,3,1,3
2017010068943,2,1,0,18,0,1,0,0,0,0,2,1,6,2,42,7,-1,-1,-1,9,1,9
2017010068944,1,11,0,18,0,0,0,0,0,0,4,1,1,1,40,7,3900,2,12,7,1,7
2017010068951,1,11,0,5,0,2,0,0,0,0,0,1,1,1,37,7,9360,2,8,4,1,4
2017010068952,1,9,0,9,0,2,0,0,0,0,1,1,2,1,30,6,1995,2,1,5,1,5
2017010068954,1,3,0,18,0,0,2,0,0,0,1,1,2,1,38,7,108,1,2,3,1,3
2017010068954,2,9,0,1,0,0,0,0,0,0,2,1,2,1,44,7,-1,-1,-1,3,1,3
2017010068955,1,19,0,9,0,1,0,0,0,0,1,1,6,1,46,8,1598,2,5,7,3,7
2017010068956,1,1,0,18,0,1,0,0,0,0,4,1,6,1,26,6,-1,-1,-1,2,1,2
2017010068956,2,1,0,18,0,1,0,0,0,0,4,1,6,1,19,4,-1,-1,-1,8,1,8
2017010068957,1,9,0,18,0,1,0,0,0,0,1,1,6,1,32,6,1590,1,13,5,1,5
2017010068957,2,9,0,18,0,1,0,0,0,0,4,1,6,1,29,6,-1,-1,-1,3,1,3
2017010068958,1,9,0,3,0,1,1,0,0,0,2,1,6,2,49,8,1398,1,15,3,1,3
2017010068958,2,10,0,5,0,1,0,4,0,0,1,1,1,1,43,7,-1,-1,-1,4,1,4
2017010068959,1,21,0,5,0,1,0,0,0,0,1,1,1,1,52,8,6692,2,6,5,1,5
2017010068960,1,9,0,9,0,5,0,0,0,0,1,1,6,1,31,6,1956,2,4,3,1,3
2017010068960,2,1,0,18,0,8,0,0,0,0,1,1,6,2,35,6,-1,-1,-1,9,1,9
2017010068961,1,9,0,9,0,1,0,0,0,0,3,1,1,1,64,9,2148,2,8,5,1,5
2017010068961,2,3,0,7,0,2,0,0,0,0,3,1,1,1,35,6,125,1,9,3,1,3
2017010068962,1,9,0,3,0,1,0,0,0,0,4,1,6,1,57,9,1560,2,6,8,1,8
2017010068962,2,2,0,18,0,1,0,0,0,0,3,1,6,1,42,7,-1,-1,-1,3,1,3
2017010068963,1,8,0,9,0,1,0,0,0,0,1,1,1,1,39,7,1997,2,-1,5,1,5
2017010068964,1,5,0,5,0,0,0,0,0,0,1,1,2,1,32,6,745,1,-1,3,1,3
2017010068965,1,9,0,9,0,8,0,0,0,0,1,1,6,1,73,10,1395,1,4,2,1,2
2017010068965,2,3,0,18,0,8,5,0,0,0,3,1,1,1,35,6,125,1,12,5,1,5
2017010068966,1,9,0,18,0,8,0,0,0,0,0,1,6,2,46,8,1591,1,8,7,1,7
2017010068966,2,1,0,18,0,8,0,0,0,0,0,1,6,1,54,8,-1,-1,-1,2,1,2
2017010068968,1,90,0,15,0,8,0,7,1,10,3,1,2,1,47,8,-1,-1,-1,9,1,9
2017010068968,2,9,0,18,0,2,0,0,0,0,1,1,6,1,46,8,2993,2,3,8,1,8
2017010068969,1,9,0,7,0,1,0,0,0,0,1,1,6,3,-1,-1,1796,1,13,-1,-1,-1
2017010068970,1,9,0,13,0,0,0,4,0,0,1,1,6,1,17,4,1950,2,1,-1,-1,-1
2017010068970,2,9,0,3,0,0,0,0,0,0,3,1,6,1,33,6,1197,1,5,4,1,4
2017010068970,3,9,0,18,0,0,0,0,0,0,3,1,6,1,41,7,1999,1,9,9,1,9
2017010068970,4,9,0,3,0,0,0,0,0,0,3,1,6,1,29,6,1968,2,3,3,1,3
2017010068970,5,90,0,18,0,0,0,0,0,0,0,1,1,1,27,6,-1,-1,-1,2,1,2
2017010068971,1,9,0,9,0,5,0,0,0,0,1,1,6,1,64,9,1995,2,14,5,1,5
2017010068971,2,1,0,18,0,8,0,0,0,0,3,1,6,1,15,3,-1,-1,-1,3,1,3
2017010068972,1,8,0,18,0,1,0,0,0,0,0,1,1,1,58,9,2499,2,7,6,1,6
2017010068972,2,8,0,7,0,2,0,0,0,0,0,1,1,1,56,9,1997,2,5,1,1,1
2017010068973,1,3,0,18,0,0,0,0,0,0,1,1,6,1,32,6,125,1,2,3,1,3
2017010068975,1,2,0,18,0,1,0,0,0,0,4,1,1,1,39,7,108,1,2,-1,-1,-1
2017010068975,2,9,0,5,0,1,0,0,0,0,1,1,6,2,51,8,-1,-1,-1,4,1,4
2017010068978,1,9,4,18,0,6,0,0,0,0,1,1,6,1,27,6,1248,2,1,9,1,9
2017010068978,2,9,4,17,0,6,5,0,0,0,4,1,6,2,33,6,1398,1,1,1,1,1
2017010068979,1,19,0,18,0,1,0,0,0,0,4,2,1,1,51,8,-1,-1,-1,-1,-1,-1
2017010068979,2,9,0,12,0,1,0,0,0,0,3,1,6,1,23,5,2143,2,-1,1,1,1
2017010068979,3,9,0,18,0,1,0,0,0,0,2,1,6,1,25,5,1390,1,15,9,1,9
2017010068980,1,9,0,7,0,1,0,0,0,0,4,1,6,3,-1,-1,2494,1,17,-1,-1,-1
2017010068980,2,1,0,18,0,1,5,0,0,0,1,1,6,1,25,5,-1,-1,-1,1,1,1
2017010068982,1,9,0,17,0,2,0,0,0,0,4,1,1,1,58,9,796,1,8,7,1,7
2017010068989,1,1,0,18,0,-1,0,0,0,0,3,1,6,1,38,7,-1,-1,-1,4,1,4
2017010068989,2,9,0,7,0,-1,0,0,0,0,4,1,6,2,-1,-1,1396,1,13,3,1,3
2017010068991,1,9,0,3,0,1,0,-1,0,0,-1,-1,6,1,45,7,1988,1,17,3,1,3
2017010068998,1,9,0,18,0,1,0,4,0,0,1,1,6,1,32,6,1998,1,14,2,1,2
2017010068998,2,21,0,4,0,1,0,0,0,0,2,1,1,1,39,7,6700,2,1,2,1,2
2017010068998,3,11,0,4,0,1,0,0,0,0,3,1,1,1,59,9,4500,2,3,3,1,3
2017010068999,1,9,0,-1,0,8,0,0,0,0,2,-1,1,1,-1,-1,1798,8,1,-1,-1,-1
2017010069008,1,19,0,8,0,1,0,0,0,0,3,1,1,1,48,8,2461,2,11,9,1,9
2017010069008,2,3,0,3,0,1,0,0,0,0,0,1,2,1,46,8,125,1,6,3,1,3
2017010069009,1,9,0,18,0,1,-1,0,0,0,3,-1,6,1,35,6,2993,2,3,3,1,3
2017010069009,2,9,0,15,0,1,-1,0,0,0,3,-1,6,3,-1,-1,1995,2,5,-1,-1,-1
2017010069013,1,1,-1,18,0,-1,-1,0,-1,-1,-1,1,6,1,45,7,-1,-1,-1,5,1,5
2017010069013,2,9,-1,-1,-1,-1,-1,0,0,0,-1,-1,6,2,-1,-1,-1,-1,-1,-1,-1,-1
2017010069024,1,4,0,13,0,0,2,0,0,0,3,1,6,1,37,7,781,1,15,5,1,5
2017010069024,2,19,0,18,0,0,0,0,0,0,4,-1,1,1,51,8,-1,-1,-1,6,1,6
2017010069025,1,9,0,3,0,1,-1,0,0,0,2,1,6,2,21,5,875,1,3,3,1,3
2017010069025,2,9,0,18,0,1,-1,0,0,0,1,-1,6,2,27,6,-1,-1,-1,-1,-1,-1
2017010069026,1,9,-1,18,0,0,-1,0,0,0,-1,-1,2,1,28,6,1896,2,10,-1,-1,-1
2017010069026,2,9,-1,-1,0,0,-1,0,0,0,-1,-1,6,1,-1,-1,2993,2,3,-1,-1,-1
2017010069026,3,9,-1,18,0,0,-1,0,0,0,-1,-1,6,3,-1,-1,-1,-1,-1,-1,-1,-1
2017010069027,1,9,-1,9,0,1,-1,0,0,0,1,1,6,2,27,6,-1,-1,-1,3,1,3
2017010069027,2,1,0,18,2,1,0,0,0,0,1,1,6,2,29,6,-1,-1,-1,4,1,4
2017010069032,1,9,-1,-1,-1,-1,-1,-1,-1,-1,-1,-1,6,2,-1,-1,1363,2,15,1,1,1
2017010069034,1,11,0,18,0,2,0,0,0,0,0,1,1,1,49,8,9000,2,8,8,1,8
2017010069037,1,9,0,7,0,8,0,0,0,0,1,1,6,3,-1,-1,-1,-1,-1,-1,-1,-1
2017010069037,2,1,0,5,0,1,0,0,0,0,3,1,6,2,50,8,-1,-1,-1,9,1,9
2017010069038,1,1,0,18,0,1,0,0,0,0,3,1,6,1,52,8,-1,-1,-1,2,1,2
2017010069038,2,9,0,18,0,1,0,0,0,0,4,-1,6,1,-1,-1,1968,2,3,2,1,2
2017010069041,1,9,0,18,0,1,1,0,1,0,3,1,2,1,60,9,1388,1,10,4,1,4
2017010069041,2,21,1,18,0,1,0,0,0,0,1,1,1,1,39,7,12740,2,4,-1,-1,-1
2017010069042,1,3,0,18,0,1,2,0,0,0,0,1,2,2,38,7,124,1,4,7,1,7
2017010069043,1,2,-1,18,0,0,-1,-1,0,0,-1,1,6,2,25,5,49,1,5,7,1,7
2017010069043,2,9,-1,5,0,0,-1,-1,0,0,-1,-1,6,1,-1,-1,-1,-1,-1,-1,-1,-1
2017010069044,1,19,0,7,0,5,0,0,0,0,4,1,1,1,39,7,1499,2,1,7,3,7
2017010069044,2,5,0,18,2,1,2,10,0,0,1,1,1,1,37,7,745,1,2,3,1,3
2017010069048,1,1,0,4,0,1,0,-1,0,0,4,1,6,1,42,7,-1,-1,-1,5,1,5
2017010069048,2,5,-1,-1,-1,-1,-1,-1,-1,-1,-1,1,6,3,-1,-1,998,1,6,7,1,7
2017010069049,1,11,0,18,0,6,0,0,0,0,0,1,1,1,38,7,4760,2,5,-1,-1,-1
2017010069050,1,9,0,18,0,1,0,0,0,0,2,-1,6,1,46,8,3000,1,12,3,1,3
2017010069050,2,9,0,18,0,1,0,0,0,0,1,1,6,3,-1,-1,1995,2,4,-1,-1,-1
2017010069050,3,9,0,2,0,1,0,0,0,0,-1,-1,6,3,-1,-1,2987,2,8,-1,-1,-1
2017010069050,4,9,0,18,0,1,0,0,0,0,-1,1,6,3,-1,-1,1364,1,6,-1,-1,-1
2017010069051,1,9,0,18,0,1,-1,0,0,0,2,-1,6,1,46,8,1339,8,7,3,1,3
2017010069051,2,19,0,18,0,1,-1,0,0,0,1,-1,6,3,-1,-1,2198,2,3,-1,-1,-1
2017010069062,1,9,0,7,0,1,0,0,0,0,4,1,6,1,63,9,1956,2,6,4,1,4
2017010069062,2,3,0,15,0,8,0,0,0,0,3,1,6,1,37,7,125,1,4,5,1,5
2017010069064,1,9,0,18,0,1,0,0,0,0,0,-1,6,2,48,8,1598,1,4,1,1,1
2017010069064,2,9,0,18,0,1,0,0,0,0,2,-1,6,3,-1,-1,1968,2,10,-1,-1,-1
2017010069067,1,9,0,3,0,0,0,0,0,0,3,-1,6,2,38,7,1200,1,-1,1,1,1
2017010069067,2,9,0,18,0,0,0,0,0,0,4,-1,6,2,-1,-1,1595,1,14,2,1,2
2017010069070,1,9,-1,-1,-1,0,5,-1,-1,-1,-1,-1,6,3,-1,-1,-1,-1,-1,-1,-1,-1
2017010069074,1,9,-1,-1,0,8,-1,0,0,0,1,-1,6,2,59,9,999,1,-1,3,1,3
2017010069074,2,9,-1,-1,0,8,-1,0,0,0,-1,-1,6,3,-1,-1,-1,-1,-1,-1,-1,-1
2017010069075,1,9,0,18,0,4,0,0,0,0,4,1,6,1,26,6,1400,1,12,-1,-1,-1
2017010069075,2,9,0,18,0,4,1,0,0,0,1,1,6,1,49,8,1499,2,-1,-1,-1,-1
2017010069077,1,9,0,18,0,8,0,0,0,0,2,-1,6,2,33,6,1242,1,8,1,1,1
2017010069077,2,9,0,18,0,8,0,0,0,0,1,-1,6,3,-1,-1,1590,1,18,-1,-1,-1
2017010069079,1,9,0,18,0,0,0,0,0,0,4,1,6,3,22,5,-1,-1,-1,-1,-1,-1
2017010069079,2,19,0,4,0,0,0,0,0,0,4,1,1,1,48,8,2198,2,8,3,1,3
2017010069087,1,9,0,5,0,1,0,0,0,0,1,1,6,1,41,7,1390,1,4,4,1,4
2017010069087,2,9,0,18,0,8,0,0,0,0,4,1,6,2,42,7,1197,1,3,4,1,4
2017010069090,1,9,-1,-1,-1,0,-1,-1,-1,0,-1,-1,6,3,-1,-1,1800,8,6,-1,-1,-1
2017010069095,1,9,-1,-1,0,0,-1,0,0,0,2,-1,6,1,34,6,1998,1,16,5,1,5
2017010069095,2,9,-1,18,-1,0,-1,-1,-1,-1,-1,-1,6,3,-1,-1,1390,1,16,-1,-1,-1
2017010069096,1,1,-1,18,-1,0,-1,-1,-1,-1,-1,1,6,2,26,6,-1,-1,-1,3,1,3
2017010069096,2,9,-1,-1,-1,0,-1,-1,-1,-1,-1,-1,6,1,-1,-1,-1,-1,-1,-1,-1,-1
2017010069097,1,11,0,11,0,2,0,0,0,0,0,1,1,1,43,7,-1,-1,-1,4,1,4
2017010069098,1,5,0,4,0,0,5,0,-1,0,1,1,6,1,32,6,625,1,12,1,1,1
2017010069098,2,9,-1,6,0,0,0,0,0,0,-1,-1,6,2,30,6,1598,2,4,3,1,3
2017010069099,1,9,0,9,0,1,0,-1,0,0,-1,-1,6,1,23,5,1198,1,14,4,1,4
2017010069099,2,9,0,-1,0,1,0,-1,0,0,3,-1,6,1,-1,-1,2183,2,5,-1,-1,-1
2017010069100,1,11,0,4,0,0,0,0,0,0,1,1,1,1,43,7,4500,2,7,5,1,5
2017010069102,1,11,0,5,2,6,0,0,0,0,1,1,6,3,-1,-1,-1,-1,-1,-1,-1,-1
2017010069103,1,9,0,18,0,8,0,0,0,0,1,-1,6,3,-1,-1,-1,-1,-1,-1,-1,-1
2017010069109,1,9,0,5,0,0,0,0,0,0,1,1,6,2,69,10,998,1,16,5,1,5
2017010069110,1,19,0,9,0,0,0,0,0,0,1,1,1,1,55,8,2143,2,1,5,1,5
2017010069110,2,2,0,18,2,0,0,0,0,0,1,1,1,1,27,6,125,1,4,3,1,3
2017010069111,1,5,0,-1,-1,-1,0,-1,0,0,-1,1,6,1,51,8,652,1,4,-1,-1,-1
2017010069111,2,3,0,-1,-1,-1,0,-1,-1,-1,-1,1,6,1,-1,-1,124,1,-1,-1,-1,-1
2017010069114,1,9,0,18,0,2,0,0,0,0,4,1,6,1,71,10,1597,1,8,6,1,6
2017010069115,1,11,0,5,0,0,0,0,0,0,3,1,1,2,42,7,5132,2,-1,1,1,1
2017010069115,2,11,0,5,0,0,0,4,0,0,1,1,6,3,-1,-1,-1,-1,-1,-1,-1,-1
2017010069116,1,9,0,9,0,5,-1,0,0,0,4,-1,6,1,45,7,2987,2,9,4,1,4
2017010069116,2,9,0,9,0,5,-1,0,0,0,-1,-1,6,3,-1,-1,-1,-1,-1,-1,-1,-1
2017010069117,1,9,0,18,0,1,0,0,0,0,1,1,2,2,66,10,1197,1,1,4,1,4
2017010069117,2,1,0,18,0,1,0,0,0,0,4,1,6,2,21,5,-1,-1,-1,5,1,5
2017010069124,1,1,-1,-1,-1,-1,-1,-1,-1,-1,-1,1,6,1,50,8,-1,-1,-1,6,1,6
2017010069124,2,9,0,-1,0,-1,-1,-1,-1,-1,-1,-1,6,1,-1,-1,-1,-1,-1,-1,-1,-1
2017010069126,1,9,0,18,0,4,1,0,0,0,4,-1,2,2,21,5,1242,1,2,5,1,5
2017010069126,2,9,0,-1,0,4,0,0,1,0,-1,-1,6,3,-1,-1,6750,1,30,-1,-1,-1
2017010069130,1,9,0,-1,-1,-1,0,-1,-1,-1,-1,-1,6,1,74,10,973,1,18,-1,-1,-1
2017010069130,2,1,0,6,-1,-1,0,-1,-1,-1,-1,1,6,1,-1,-1,-1,-1,-1,-1,-1,-1
2017010069132,1,8,0,18,0,1,0,0,0,0,4,1,6,1,37,7,1998,2,7,3,1,3
2017010069132,2,9,0,9,6,6,0,0,0,0,1,1,6,1,35,6,1596,1,6,3,1,3
2017010069133,1,9,0,18,0,8,0,0,0,0,1,1,3,1,34,6,1597,1,10,4,1,4
2017010069133,2,9,0,9,0,6,0,0,0,0,1,1,3,1,48,8,1596,1,13,6,1,6
2017010069135,1,9,0,9,0,6,0,0,0,0,4,1,6,3,27,6,1242,1,3,-1,-1,-1
2017010069135,2,9,0,18,0,8,0,0,0,0,3,1,6,1,51,8,2993,2,-1,8,1,8
2017010069135,3,9,0,18,0,8,0,0,0,0,3,1,1,1,36,7,-1,-1,-1,3,1,3
2017010069136,1,1,-1,-1,0,-1,-1,-1,-1,-1,-1,1,6,1,15,3,-1,-1,-1,1,1,1
2017010069136,2,9,-1,-1,-1,-1,-1,-1,-1,-1,-1,-1,6,2,-1,-1,-1,-1,-1,-1,-1,-1
2017010069138,1,9,0,5,0,5,0,0,0,0,4,1,6,1,72,10,1497,8,1,8,1,8
2017010069140,1,19,0,3,0,2,0,0,0,0,2,1,3,1,55,8,1870,2,14,3,1,3
2017010069140,2,9,-1,18,0,2,0,0,0,0,1,-1,6,3,-1,-1,-1,-1,-1,-1,-1,-1
2017010069142,1,9,0,4,0,1,0,-1,-1,0,0,-1,2,2,31,6,1999,2,2,2,1,2
2017010069142,2,9,-1,6,0,4,0,0,0,0,4,-1,6,1,-1,-1,2231,2,9,-1,-1,-1
2017010069143,1,8,0,3,0,2,0,0,0,0,2,1,1,1,39,7,1686,2,4,2,1,2
2017010069143,2,11,0,18,0,2,0,0,0,0,1,1,1,1,29,6,4461,2,3,2,1,2
2017010069144,1,3,0,18,9,0,2,10,7,10,1,1,6,1,17,4,125,1,3,-1,-1,-1
2017010069144,2,9,0,18,0,0,0,0,0,0,1,1,6,1,20,4,1398,1,-1,2,1,2
2017010069147,1,10,0,5,0,1,0,0,0,0,1,1,1,1,39,7,-1,-1,-1,8,1,8
2017010069147,2,9,0,5,0,1,0,0,0,0,1,1,6,2,23,5,898,1,-1,5,1,5
2017010069148,1,9,0,5,0,8,0,0,0,0,1,1,6,1,65,9,1984,1,16,7,1,7
2017010069149,1,9,0,7,0,5,0,0,0,0,1,1,6,1,25,5,1388,1,8,2,1,2
2017010069150,1,9,0,9,0,8,0,0,0,0,1,1,1,2,21,5,1364,1,3,5,3,5
2017010069153,1,9,0,18,0,0,5,4,0,0,1,1,6,2,48,8,-1,-1,-1,9,1,9
2017010069153,2,9,0,2,0,0,0,0,0,0,2,1,6,3,-1,-1,1368,1,4,-1,-1,-1
2017010069153,3,9,0,2,0,0,0,0,0,0,1,1,6,3,-1,-1,1984,1,1,-1,-1,-1
2017010069154,1,3,0,14,0,8,1,0,0,0,1,1,1,1,19,4,125,1,-1,1,1,1
2017010069154,2,9,0,9,0,1,0,0,0,0,3,1,2,1,31,6,1389,1,19,3,1,3
2017010069156,1,9,0,18,0,2,0,0,0,0,1,1,6,1,49,8,2143,2,2,6,1,6
2017010069157,1,19,0,18,0,1,0,0,0,0,1,1,2,1,29,6,2198,2,11,3,1,3
2017010069157,2,9,0,18,0,8,0,0,0,0,4,1,6,1,34,6,2171,1,14,2,1,2
2017010069158,1,9,0,5,0,0,0,0,0,0,3,1,1,1,29,6,1956,2,2,2,1,2
2017010069158,2,3,0,18,0,0,0,0,0,0,1,1,2,1,17,4,124,1,1,2,1,2
2017010069159,1,9,0,18,0,1,0,0,0,0,4,1,6,2,76,11,1798,8,3,5,1,5
2017010069160,1,11,0,10,0,1,0,0,0,0,3,1,1,1,62,9,4461,2,3,4,1,4
2017010069160,2,9,0,3,0,1,0,0,0,0,2,1,2,1,41,7,1968,2,4,2,1,2
2017010069160,3,9,0,3,0,1,0,0,0,0,2,1,2,1,57,9,1999,1,16,3,1,3
2017010069160,4,9,0,3,0,1,0,0,0,0,2,1,2,2,36,7,2995,1,14,1,1,1
2017010069160,5,9,0,3,0,1,0,0,0,0,2,2,6,2,29,6,1995,2,8,1,1,1
2017010069160,6,9,0,3,0,1,0,0,0,0,2,1,2,1,63,9,2148,2,15,3,1,3
2017010069160,7,9,0,3,0,1,0,0,0,0,2,2,2,1,47,8,1968,2,1,2,1,2
2017010069161,1,9,0,9,0,5,0,0,0,0,0,1,6,1,22,5,1598,1,9,6,1,6
2017010069161,2,3,0,18,0,8,1,0,0,0,1,1,6,1,21,5,125,1,2,4,1,4
2017010069163,1,9,0,14,0,0,1,0,0,0,1,1,6,1,39,7,1499,2,2,5,1,5
2017010069164,1,11,0,5,0,0,0,0,0,0,4,1,1,2,55,8,4500,2,10,5,1,5
2017010069165,1,9,0,4,0,1,0,0,0,0,1,2,2,1,19,4,1124,1,13,2,1,2
2017010069165,2,19,0,7,0,7,0,0,0,0,1,2,1,1,25,5,2143,2,-1,5,1,5
2017010069166,1,9,5,18,0,1,0,0,0,0,2,1,6,1,22,5,-1,-1,-1,7,1,7
2017010069166,2,9,0,9,0,1,0,0,0,0,0,1,6,1,67,10,1998,1,18,1,1,1
2017010069166,3,5,0,18,0,1,0,4,0,0,1,1,6,1,48,8,599,1,16,5,1,5
2017010069167,1,19,0,11,0,0,0,0,0,0,2,1,1,1,40,7,2198,2,2,8,1,8
2017010069167,2,9,0,18,0,0,0,0,0,0,1,1,6,1,21,5,2987,2,-1,1,1,1
2017010069168,1,9,0,18,0,0,0,4,0,0,1,1,6,2,19,4,998,1,12,7,1,7
2017010069168,2,19,0,2,0,0,0,4,0,0,2,1,6,3,-1,-1,2461,2,15,-1,-1,-1
2017010069168,3,9,0,2,0,0,0,0,0,0,2,1,6,3,-1,-1,1598,2,3,-1,-1,-1