Accident_Index,Vehicle_Reference,Vehicle_Type,Towing_and_Articulation,Vehicle_Manoeuvre,Vehicle_Location-Restricted_Lane,Junction_Location,Skidding_and_Overturning,Hit_Object_in_Carriageway,Vehicle_Leaving_Carriageway,Hit_Object_off_Carriageway,1st_Point_of_Impact,Was_Vehicle_Left_Hand_Drive?,Journey_Purpose_of_Driver,Sex_of_Driver,Age_of_Driver,Age_Band_of_Driver,Engine_Capacity_(CC),Propulsion_Code,Age_of_Vehicle,Driver_IMD_Decile,Driver_Home_Area_Type,Vehicle_IMD_Decile
2017010069170,1,9,0,9,0,2,0,0,0,0,1,1,2,1,54,8,2987,2,7,7,1,7
2017010069170,2,3,0,18,0,2,2,0,0,0,1,1,2,1,25,5,124,1,10,5,1,5
2017010069172,1,3,0,18,0,1,0,0,0,0,1,1,1,1,32,6,125,1,-1,3,1,3
2017010069173,1,4,0,13,0,0,1,0,0,0,4,1,6,1,19,4,-1,-1,-1,6,1,6
2017010069173,2,9,0,18,0,0,0,0,0,0,3,1,6,1,-1,-1,1794,1,14,10,1,10
2017010069175,1,9,0,9,0,5,0,0,0,0,4,1,1,1,36,7,1995,2,4,7,1,7
2017010069175,2,1,0,4,4,1,0,0,0,0,1,1,6,2,32,6,-1,-1,-1,2,1,2
2017010069176,1,9,0,9,0,0,0,0,0,0,1,1,6,2,33,6,1968,2,-1,5,1,5
2017010069176,2,2,0,14,0,0,1,0,0,0,1,1,6,1,22,5,108,1,-1,6,1,6
2017010069177,1,9,0,3,0,7,0,0,0,0,1,1,2,1,46,8,1968,2,10,2,1,2
2017010069177,2,5,0,3,0,7,0,0,0,0,2,1,2,1,40,7,599,1,11,1,1,1
2017010069178,1,9,0,9,0,6,0,0,0,0,1,1,6,2,39,7,1197,1,1,6,1,6
2017010069178,2,1,0,18,0,1,0,0,0,0,4,1,6,1,47,8,-1,-1,-1,3,1,3
2017010069180,1,19,0,18,0,1,0,0,0,0,1,1,1,1,42,7,1968,2,6,3,1,3
2017010069181,1,10,0,18,0,8,0,0,0,0,3,1,6,2,52,8,2287,2,6,2,1,2
2017010069181,2,9,0,18,0,8,0,0,0,0,1,1,6,3,-1,-1,1910,2,12,-1,-1,-1
2017010069182,1,1,0,18,0,1,2,0,0,0,1,1,6,2,53,8,-1,-1,-1,3,1,3
2017010069182,2,9,0,9,0,1,0,0,0,0,1,1,6,3,-1,-1,-1,-1,-1,-1,-1,-1
2017010069183,1,9,0,18,0,1,0,0,0,0,0,1,1,1,29,6,2993,2,-1,-1,-1,-1
2017010069183,2,9,0,16,0,3,0,0,0,0,2,1,6,2,62,9,998,1,6,10,1,10
2017010069183,3,9,0,18,0,3,0,0,0,0,1,1,6,2,46,8,2143,2,2,10,1,10
2017010069185,1,9,0,4,0,1,0,0,0,0,2,1,6,1,38,7,1995,2,4,-1,-1,-1
2017010069185,2,5,0,4,0,1,0,0,0,0,2,1,6,1,39,7,-1,-1,-1,6,1,6
2017010069185,3,9,0,18,0,1,0,0,0,0,1,1,6,1,29,6,1339,1,11,7,1,7
2017010069186,1,3,0,17,0,8,0,0,0,0,1,1,6,1,35,6,125,1,-1,2,1,2
2017010069186,2,9,0,17,0,8,0,0,0,0,1,1,6,2,33,6,-1,-1,-1,5,1,5
2017010069187,1,9,0,7,0,6,0,0,0,0,3,1,6,2,47,8,1598,1,7,6,1,6
2017010069187,2,1,0,18,0,8,2,0,0,0,1,1,6,2,37,7,-1,-1,-1,4,1,4
2017010069189,1,1,0,18,0,0,0,0,0,0,2,1,6,1,21,5,-1,-1,-1,5,1,5
2017010069189,2,9,0,18,0,0,0,0,0,0,1,1,6,3,-1,-1,-1,-1,-1,-1,-1,-1
2017010069190,1,9,0,18,0,2,0,0,0,0,1,1,6,1,24,5,998,1,11,2,1,2
2017010069190,2,1,0,18,0,2,0,0,0,0,3,1,6,1,28,6,-1,-1,-1,5,1,5
2017010069192,1,19,0,9,0,5,0,0,0,0,3,1,2,1,71,10,1968,2,8,4,1,4
2017010069192,2,3,0,13,0,1,0,0,3,0,1,1,6,1,25,5,125,1,1,3,1,3
2017010069193,1,9,0,17,0,0,0,0,1,2,2,1,6,2,45,7,1598,1,3,6,1,6
2017010069193,2,9,0,18,0,0,0,0,0,0,1,1,6,1,31,6,1596,1,7,5,1,5
2017010069195,1,1,0,4,0,2,0,0,0,0,4,1,6,1,27,6,-1,-1,-1,2,1,2
2017010069196,1,9,0,18,0,3,0,0,0,0,1,1,1,1,39,7,-1,-1,-1,4,1,4
2017010069196,2,1,0,17,0,8,0,0,0,0,2,1,6,1,55,8,-1,-1,-1,8,1,8
2017010069199,1,9,0,5,0,8,0,0,0,0,3,1,2,1,27,6,1496,2,3,6,1,6
2017010069199,2,5,0,5,0,8,0,0,0,0,1,1,6,1,38,7,599,1,5,2,1,2
2017010069206,1,9,0,18,0,-1,0,0,0,0,4,1,6,2,43,7,2979,1,14,-1,-1,-1
2017010069206,2,90,0,18,0,-1,0,0,0,0,1,1,1,1,-1,-1,4233,2,8,3,1,3
2017010069207,1,1,0,17,0,3,2,0,0,0,-1,1,6,1,26,6,-1,-1,-1,2,1,2
2017010069207,2,9,0,15,0,3,0,-1,0,0,-1,-1,6,1,-1,-1,2268,2,2,4,1,4
2017010069209,1,9,0,3,0,0,0,0,0,0,2,-1,6,1,34,6,1149,1,6,2,1,2
2017010069209,2,9,0,18,0,0,0,0,0,0,1,-1,6,1,-1,-1,1968,2,11,3,1,3
2017010069212,1,9,-1,7,0,8,-1,-1,0,0,-1,-1,6,2,31,6,1395,1,-1,2,1,2
2017010069212,2,9,-1,15,0,8,-1,-1,-1,-1,-1,-1,6,3,-1,-1,1497,8,9,-1,-1,-1
2017010069215,1,3,0,3,0,0,0,0,0,0,1,1,6,1,37,7,125,1,-1,-1,-1,-1
2017010069215,2,9,0,1,0,0,0,0,0,0,2,-1,6,1,38,7,2993,2,1,-1,-1,-1
2017010069223,1,90,0,3,0,0,0,0,0,0,2,-1,6,1,27,6,-1,-1,-1,6,1,6
2017010069223,2,90,0,18,0,0,0,0,0,0,1,-1,6,1,-1,-1,-1,-1,-1,-1,-1,-1
2017010069225,1,1,0,18,0,-1,-1,-1,-1,-1,-1,1,6,1,24,5,-1,-1,-1,2,1,2
2017010069225,2,9,-1,-1,-1,-1,-1,-1,-1,-1,-1,-1,6,3,-1,-1,1968,2,1,-1,-1,-1
2017010069230,1,9,0,10,0,1,0,0,0,0,1,1,6,1,29,6,1598,1,10,2,1,2
2017010069230,2,9,0,18,0,1,0,0,0,0,1,1,6,3,-1,-1,1242,1,14,-1,-1,-1
2017010069233,1,1,0,18,0,0,5,0,0,0,0,1,6,1,46,8,-1,-1,-1,8,1,8
2017010069233,2,19,5,18,0,0,0,0,0,0,0,-1,6,1,-1,-1,1598,2,2,-1,-1,-1
2017010069233,3,19,0,18,0,0,0,0,0,0,0,-1,6,1,-1,-1,-1,-1,-1,-1,-1,-1
2017010069237,1,9,0,18,0,-1,0,0,0,0,-1,-1,6,3,-1,-1,-1,-1,-1,-1,-1,-1
2017010069244,1,9,0,5,0,1,0,0,0,0,1,-1,6,3,-1,-1,1149,1,3,-1,-1,-1
2017010069251,1,21,1,3,0,1,0,0,0,0,1,1,1,1,43,7,11967,2,4,4,1,4
2017010069251,2,1,0,15,0,6,5,0,0,0,3,1,6,1,78,11,-1,-1,-1,-1,-1,-1
2017010069252,1,1,0,18,0,1,0,0,0,0,2,1,6,1,26,6,-1,-1,-1,8,1,8
2017010069252,2,9,0,11,0,1,0,0,0,0,1,1,6,1,-1,-1,1995,1,11,-1,-1,-1
2017010069254,1,9,0,9,0,1,0,0,0,0,1,1,2,1,34,6,1587,1,16,4,1,4
2017010069254,2,4,0,18,0,1,0,0,0,0,4,1,6,1,37,7,-1,-1,-1,-1,-1,-1
2017010069257,1,5,0,15,0,4,0,0,0,0,2,1,2,1,63,9,1300,1,2,10,1,10
2017010069257,2,21,0,11,0,4,0,0,0,0,1,1,6,3,-1,-1,-1,-1,-1,-1,-1,-1
2017010069263,1,3,0,14,0,1,0,0,0,0,1,1,1,1,37,7,125,1,-1,5,3,5
2017010069263,2,9,0,10,0,1,0,0,0,0,3,1,6,1,59,9,2494,1,15,1,1,1
2017010069267,1,1,0,18,0,4,5,0,0,0,3,1,6,1,35,6,-1,-1,-1,9,1,9
2017010069267,2,9,-1,9,0,8,-1,0,0,0,1,-1,6,1,33,6,1995,2,1,10,1,10
2017010069281,1,9,0,5,0,6,0,0,0,0,1,1,2,1,47,8,-1,-1,-1,9,1,9
2017010069281,2,1,0,18,0,1,0,0,0,0,1,1,6,2,27,6,-1,-1,-1,2,1,2
2017010069283,1,9,-1,-1,-1,0,-1,-1,-1,-1,1,-1,6,1,23,5,1798,8,5,4,1,4
2017010069283,2,19,-1,-1,-1,0,-1,-1,-1,-1,-1,-1,6,3,-1,-1,2198,2,2,-1,-1,-1
2017010069297,1,9,0,18,0,1,0,4,0,0,1,1,6,2,72,10,1498,1,12,8,1,8
2017010069297,2,9,0,2,0,1,0,0,0,0,1,1,6,3,-1,-1,1368,1,9,-1,-1,-1
2017010069297,3,90,4,2,0,1,0,0,0,0,2,1,6,3,-1,-1,-1,-1,-1,-1,-1,-1
2017010069298,1,9,0,18,0,2,0,0,0,0,1,1,6,1,30,6,1686,2,9,4,1,4
2017010069305,1,19,0,5,0,8,0,0,0,0,3,1,2,1,39,7,2148,2,12,8,1,8
2017010069305,2,1,0,18,0,8,0,0,0,0,1,1,6,1,51,8,-1,-1,-1,7,1,7
2017010069306,1,1,-1,-1,-1,0,-1,-1,-1,-1,-1,1,6,2,58,9,-1,-1,-1,5,1,5
2017010069306,2,9,-1,-1,-1,0,-1,-1,-1,-1,-1,-1,6,3,-1,-1,-1,-1,-1,-1,-1,-1
2017010069309,1,9,0,18,0,1,0,0,0,0,1,1,1,1,24,5,1560,2,4,2,1,2
2017010069309,2,9,0,18,9,1,0,0,0,0,1,1,6,1,85,11,2499,1,8,10,1,10
2017010069312,1,90,0,18,0,7,0,0,0,0,2,-1,6,1,37,7,-1,-1,-1,5,1,5
2017010069312,2,90,0,18,0,7,0,0,0,0,1,-1,6,1,-1,-1,-1,-1,-1,-1,-1,-1
2017010069312,3,9,0,18,0,7,0,0,0,0,0,-1,6,1,-1,-1,1461,2,3,-1,-1,-1
2017010069317,1,9,0,7,4,1,0,0,1,0,2,1,6,1,19,4,1200,1,-1,8,1,8
2017010069317,2,1,0,18,4,1,0,0,0,0,2,1,6,2,28,6,-1,-1,-1,2,1,2
2017010069318,1,9,-1,-1,-1,-1,-1,-1,1,10,1,-1,6,1,18,4,999,1,3,9,1,9
2017010069318,2,9,-1,-1,-1,-1,-1,-1,-1,-1,4,-1,6,2,46,8,1618,1,2,2,1,2
2017010069322,1,1,0,18,0,0,1,0,0,0,0,1,6,2,51,8,-1,-1,-1,5,1,5
2017010069322,2,19,0,13,0,0,0,0,0,0,0,1,6,3,-1,-1,-1,-1,-1,-1,-1,-1
2017010069323,1,9,0,9,0,5,0,0,7,0,3,1,6,1,25,5,1984,1,11,3,1,3
2017010069323,2,1,0,18,0,8,0,0,0,0,1,1,6,1,33,6,-1,-1,-1,4,1,4
2017010069325,1,9,-1,18,-1,-1,-1,0,0,0,-1,-1,6,1,26,6,1984,1,2,7,1,7
2017010069326,1,9,0,6,0,1,0,0,0,0,3,1,6,2,42,7,1997,1,12,4,1,4
2017010069326,2,5,0,4,0,2,0,0,0,0,1,1,6,3,-1,-1,998,1,13,-1,-1,-1
2017010069327,1,9,0,9,0,1,0,0,0,0,1,1,6,1,-1,-1,-1,-1,-1,-1,-1,-1
2017010069327,2,1,0,18,0,1,0,0,0,0,1,1,6,1,22,5,-1,-1,-1,5,1,5
2017010069332,1,9,0,18,0,0,-1,0,0,0,1,-1,6,1,27,6,999,1,1,9,1,9
2017010069332,2,9,-1,18,0,0,-1,0,0,0,2,-1,6,1,-1,-1,1995,2,7,-1,-1,-1
2017010069334,1,21,1,12,0,0,0,0,0,0,1,1,1,1,38,7,-1,-1,-1,-1,-1,-1
2017010069334,2,9,0,18,0,0,1,0,1,10,3,1,6,1,45,7,1422,2,13,10,1,10
2017010069336,1,8,0,9,0,1,0,0,0,0,1,1,1,1,45,7,1798,8,5,9,1,9
2017010069336,2,3,0,18,0,1,0,0,0,0,4,1,1,1,34,6,108,1,2,5,1,5
2017010069338,1,9,0,9,0,8,0,0,0,0,1,1,6,1,88,11,2179,2,8,6,1,6
2017010069338,2,9,0,16,0,8,0,10,1,2,3,1,6,1,25,5,6208,1,6,8,1,8
2017010069340,1,1,-1,-1,0,0,-1,-1,0,0,-1,1,6,1,22,5,-1,-1,-1,2,1,2
2017010069341,1,21,0,11,0,0,0,0,0,0,4,1,1,1,22,5,-1,-1,-1,3,1,3
2017010069341,2,9,0,18,0,0,1,0,0,0,3,1,2,2,42,7,-1,-1,-1,10,1,10
2017010069343,1,3,0,18,0,1,1,0,0,0,0,1,2,1,22,5,124,1,10,7,1,7
2017010069345,1,9,0,18,0,1,0,0,0,0,1,-1,6,3,-1,-1,1797,8,6,-1,-1,-1
2017010069348,1,9,0,10,0,5,0,0,0,0,3,1,3,2,46,8,2995,1,12,10,1,10
2017010069348,2,3,0,13,0,8,0,0,0,0,1,1,1,1,20,4,125,1,-1,4,1,4
2017010069350,1,9,0,18,-1,-1,0,0,0,0,2,-1,6,2,46,8,-1,-1,-1,9,1,9
2017010069350,2,19,0,-1,-1,-1,0,-1,-1,-1,-1,-1,6,3,-1,-1,2198,2,11,-1,-1,-1
2017010069352,1,9,0,11,0,3,0,0,0,0,3,1,6,2,58,9,1968,2,4,5,1,5
2017010069352,2,1,0,11,0,3,0,0,0,0,4,1,1,1,46,8,-1,-1,-1,7,1,7
2017010069353,1,1,0,18,0,8,0,0,0,0,1,1,6,1,48,8,-1,-1,-1,3,1,3
2017010069353,2,9,-1,-1,-1,-1,-1,-1,-1,-1,-1,-1,6,2,-1,-1,2698,2,9,8,1,8
2017010069359,1,9,0,18,0,1,0,0,3,0,1,1,6,1,-1,-1,1598,1,11,6,1,6
2017010069359,2,9,0,3,0,1,0,4,0,0,2,1,2,1,27,6,1461,2,-1,2,1,2
2017010069359,3,9,0,3,0,8,0,0,0,0,2,1,6,2,47,8,2996,1,10,6,1,6
2017010069363,1,9,-1,18,-1,-1,0,0,0,0,-1,-1,6,2,-1,-1,2143,2,2,-1,-1,-1
2017010069366,1,9,0,5,0,1,0,0,0,0,3,1,6,3,53,8,1498,1,-1,3,1,3
2017010069366,2,5,0,4,0,1,1,0,0,0,4,1,2,1,46,8,998,1,2,5,1,5
2017010069367,1,9,0,16,9,1,0,0,1,0,0,1,6,1,39,7,1595,1,4,-1,-1,-1
2017010069368,1,1,0,18,0,0,5,0,0,0,1,1,6,1,49,8,-1,-1,-1,4,1,4
2017010069369,1,9,0,3,0,1,0,0,0,0,3,1,6,2,65,9,898,1,3,6,1,6
2017010069369,2,9,0,3,0,1,0,4,0,0,2,1,6,1,37,7,-1,-1,-1,-1,-1,-1
2017010069369,3,9,0,18,0,8,0,0,0,0,1,1,6,3,-1,-1,-1,-1,-1,-1,-1,-1
2017010069370,1,9,0,4,0,2,0,0,0,0,1,1,6,1,27,6,4999,1,1,4,1,4
2017010069372,1,9,0,18,0,3,0,0,0,0,1,1,1,2,27,6,1248,2,4,7,1,7
2017010069372,2,3,0,18,0,4,0,0,0,0,1,1,6,1,25,5,124,1,2,7,1,7
2017010069373,1,11,0,5,0,1,0,0,0,0,1,1,1,2,50,8,4500,2,7,2,1,2
2017010069374,1,9,0,9,0,5,0,0,0,0,4,1,6,1,34,6,1598,1,13,3,1,3
2017010069375,1,9,0,9,0,5,0,0,0,0,4,1,2,1,52,8,-1,-1,-1,10,1,10
2017010069375,2,4,0,18,0,1,0,0,0,0,4,1,2,1,23,5,125,1,6,4,1,4
2017010069376,1,11,0,7,0,2,0,0,0,0,4,1,1,1,62,9,9360,2,6,3,1,3
2017010069378,1,9,5,7,0,0,0,0,0,0,4,1,6,1,27,6,1364,1,10,3,1,3
2017010069378,2,11,0,18,2,0,0,0,0,0,3,1,1,1,23,5,6700,2,6,5,1,5
2017010069380,1,19,0,9,0,2,0,0,0,0,1,1,6,1,27,6,1461,2,-1,7,1,7
2017010069381,1,1,0,17,4,0,1,0,0,0,1,1,6,1,26,6,-1,-1,-1,3,1,3
2017010069382,1,8,0,9,0,2,0,0,0,0,1,1,1,1,45,7,2143,2,3,3,1,3
2017010069382,2,3,0,18,0,1,1,0,0,0,4,1,6,1,33,6,124,1,10,7,1,7
2017010069383,1,3,0,15,4,0,1,0,0,0,1,1,1,1,42,7,125,1,1,3,1,3
2017010069383,2,9,0,4,0,0,0,0,0,0,2,1,2,2,54,8,1498,1,10,3,1,3
2017010069384,1,9,0,9,0,1,0,0,0,0,1,1,6,2,51,8,1686,2,7,3,1,3
2017010069385,1,5,0,14,0,1,0,0,0,0,4,1,2,1,55,8,1649,1,2,9,1,9
2017010069385,2,9,0,9,0,5,0,0,0,0,3,1,6,3,-1,-1,-1,-1,-1,-1,-1,-1
2017010069386,1,9,0,2,0,0,0,0,0,0,1,1,6,3,-1,-1,2143,2,2,-1,-1,-1
2017010069386,2,9,0,18,0,0,0,0,0,0,1,1,6,1,21,5,698,1,13,6,1,6
2017010069388,1,9,0,18,0,5,0,0,0,0,1,1,2,1,36,7,-1,-1,-1,10,1,10
2017010069389,1,9,0,9,0,8,0,0,0,0,1,1,6,1,55,8,-1,-1,-1,5,1,5
2017010069394,1,9,0,4,0,2,0,0,0,0,1,1,6,1,44,7,-1,-1,-1,6,1,6
2017010069394,2,3,0,9,0,1,0,0,0,0,1,1,6,2,22,5,124,1,4,7,1,7
2017010069395,1,9,0,5,0,1,1,0,0,0,1,1,2,1,28,6,2967,2,2,9,1,9
2017010069395,2,9,0,3,0,1,0,0,0,0,2,1,2,1,53,8,1995,2,2,10,1,10
2017010069396,1,9,0,5,0,1,0,0,0,0,1,1,1,1,29,6,1991,1,1,8,1,8
2017010069396,2,3,0,18,0,1,0,0,0,0,4,1,2,1,32,6,125,1,1,4,1,4
2017010069397,1,9,0,16,0,3,0,0,0,0,2,1,6,1,48,8,1598,1,11,4,1,4
2017010069397,2,9,0,16,0,3,0,0,0,0,1,1,6,3,-1,-1,1399,2,11,-1,-1,-1
2017010069398,1,9,0,18,0,0,0,0,1,5,1,1,6,1,53,8,2656,1,13,2,1,2
2017010069398,2,9,0,18,0,0,0,0,0,0,1,1,6,2,51,8,1840,1,18,6,1,6
2017010069399,1,9,0,18,0,0,0,0,0,0,4,1,6,1,53,8,1598,1,5,8,1,8
2017010069399,2,21,1,12,0,0,0,0,0,0,3,2,1,1,37,7,-1,-1,-1,-1,-1,-1
2017010069400,1,3,0,18,0,3,0,0,0,0,0,1,1,1,40,7,124,1,1,5,1,5
2017010069401,1,8,0,9,0,6,0,0,0,0,1,1,6,3,-1,-1,-1,-1,-1,-1,-1,-1
2017010069402,1,4,0,5,0,2,5,0,0,0,1,1,2,1,40,7,471,1,2,3,1,3
2017010069402,2,11,0,5,2,1,0,0,0,0,1,1,1,1,47,8,6696,2,4,4,1,4
2017010069403,1,9,0,9,0,5,0,0,0,0,4,1,2,1,33,6,1598,2,2,8,1,8
2017010069403,2,3,0,18,0,1,0,0,0,0,1,1,6,1,21,5,125,1,2,2,1,2
2017010069404,1,9,0,9,0,5,0,0,0,0,1,1,1,1,66,10,1998,1,15,4,1,4
2017010069404,2,3,0,4,0,1,0,0,0,0,1,1,2,2,21,5,124,1,4,8,1,8
2017010069405,1,3,0,18,0,1,0,0,0,0,4,1,6,1,25,5,-1,-1,-1,7,1,7
2017010069405,2,9,0,18,0,8,0,0,0,0,1,1,6,2,22,5,998,1,13,7,1,7
2017010069406,1,11,0,3,0,0,0,0,0,0,0,1,6,1,43,7,5132,2,1,5,1,5
2017010069407,1,9,0,9,0,2,0,0,0,0,1,1,6,2,62,9,-1,-1,-1,4,1,4
2017010069407,2,3,0,18,0,1,0,0,0,0,4,1,6,1,19,4,125,1,4,3,1,3
2017010069409,1,9,0,3,0,1,0,0,0,0,2,1,6,1,43,7,-1,-1,-1,4,1,4
2017010069409,2,9,0,18,0,1,0,0,0,0,1,1,6,3,-1,-1,2143,2,7,-1,-1,-1
2017010069410,1,9,0,9,0,6,0,0,0,0,3,1,6,2,34,6,1596,1,2,6,1,6
2017010069410,2,9,0,10,0,1,0,0,0,0,1,1,6,2,56,9,1242,1,3,9,1,9
2017010069410,3,5,0,18,0,8,1,10,0,0,1,1,6,1,30,6,599,1,17,7,1,7
2017010069411,1,11,0,5,0,8,0,0,0,0,3,1,1,2,60,9,4500,2,1,7,1,7
2017010069411,2,9,0,18,0,1,1,0,0,0,1,1,6,1,41,7,2148,2,9,6,1,6
2017010069412,1,4,0,14,0,1,0,0,0,0,1,1,2,1,18,4,124,1,5,4,1,4
2017010069413,1,4,0,17,0,8,0,0,0,0,4,1,2,1,26,6,125,1,1,3,1,3
2017010069413,2,8,0,18,0,1,0,0,0,0,4,1,1,1,28,6,1560,2,5,10,1,10
2017010069414,1,3,0,18,0,1,1,0,0,0,1,1,1,1,19,4,125,1,2,2,1,2
2017010069414,2,9,0,9,0,6,0,0,0,0,0,1,6,2,25,5,1598,1,11,-1,-1,-1
2017010069417,1,9,0,18,2,0,0,0,0,0,1,1,1,1,33,6,2993,2,1,-1,-1,-1
2017010069418,1,8,0,4,0,1,0,8,0,0,3,2,1,1,38,7,-1,-1,-1,4,1,4
2017010069418,2,1,0,18,0,1,0,4,0,0,1,1,6,1,40,7,-1,-1,-1,1,1,1
2017010069419,1,2,0,3,0,1,0,0,0,0,4,1,6,1,28,6,125,1,-1,2,1,2
2017010069419,2,9,0,6,0,1,0,0,0,0,3,1,6,2,35,6,1296,1,11,2,1,2
2017010069420,1,4,0,13,0,1,0,0,0,0,4,1,1,1,50,8,1000,1,6,9,1,9
2017010069420,2,9,0,9,0,1,0,0,0,0,3,1,6,2,32,6,1999,2,-1,3,1,3
2017010069421,1,9,0,7,0,6,0,0,0,0,3,1,6,1,43,7,1497,8,8,1,1,1
2017010069421,2,3,0,18,0,1,0,0,0,0,1,1,6,1,37,7,125,1,1,2,1,2
2017010069422,1,8,0,3,0,4,0,0,0,0,2,1,1,1,43,7,1791,8,5,-1,-1,-1
2017010069422,2,9,0,3,0,1,0,0,0,0,1,1,6,1,44,7,1598,2,1,2,1,2
2017010069424,1,9,0,5,8,6,0,0,0,0,1,2,6,1,24,5,-1,-1,-1,3,1,3
2017010069424,2,8,0,18,0,8,0,0,0,0,1,1,6,1,43,7,1797,8,4,2,1,2
2017010069425,1,9,0,9,0,6,0,0,0,0,1,1,6,2,31,6,1896,2,12,-1,-1,-1
2017010069425,2,9,0,7,0,6,0,0,0,0,1,1,6,3,17,4,1399,1,-1,-1,-1,-1
2017010069427,1,9,0,9,0,2,1,0,4,6,1,1,1,1,33,6,1968,2,3,3,1,3
2017010069427,2,9,0,18,0,2,0,0,0,0,3,1,6,1,22,5,2143,2,-1,4,1,4
2017010069428,1,9,0,18,0,0,0,0,0,0,2,1,6,1,27,6,1368,1,-1,3,1,3
2017010069428,2,9,0,18,0,0,0,0,0,0,1,2,6,2,43,7,1598,1,6,1,1,1
2017010069429,1,9,0,1,0,1,0,0,0,0,2,1,6,3,-1,-1,-1,-1,-1,-1,-1,-1
2017010069429,2,1,0,4,0,1,5,0,0,0,4,1,2,2,42,7,-1,-1,-1,4,1,4
2017010069432,1,8,0,3,0,8,0,0,0,0,3,1,1,1,55,8,1798,8,4,3,1,3
2017010069432,2,1,0,4,0,1,0,0,0,0,4,1,6,1,34,6,-1,-1,-1,1,1,1
2017010069433,1,9,0,18,0,8,0,0,0,0,1,1,6,1,27,6,2993,2,4,3,1,3
2017010069433,2,9,0,13,0,8,0,0,0,0,1,1,6,2,30,6,1598,1,8,4,1,4
2017010069434,1,9,0,4,0,1,0,0,0,0,1,1,6,2,24,5,1242,1,6,6,1,6
2017010069434,2,9,0,4,0,1,0,0,0,0,0,1,6,2,23,5,1229,1,5,2,1,2
2017010069435,1,9,0,18,0,8,0,0,0,0,1,1,6,2,28,6,1595,1,8,4,1,4
2017010069436,1,8,0,18,0,2,0,0,0,0,1,1,1,1,62,9,2143,2,5,1,1,1
2017010069436,2,9,0,18,0,8,1,0,1,10,1,1,6,2,23,5,1598,1,12,3,1,3
2017010069437,1,9,0,18,0,1,0,0,0,0,4,1,6,1,21,5,-1,-1,-1,8,1,8
2017010069437,2,9,0,18,0,1,0,0,0,0,1,1,6,3,-1,-1,1560,2,5,-1,-1,-1
2017010069438,1,9,0,18,0,0,1,0,7,4,1,1,6,1,26,6,1590,1,12,2,1,2
2017010069439,1,9,0,18,0,0,0,0,0,0,2,1,2,1,22,5,1299,1,15,2,1,2
2017010069439,2,9,0,16,0,0,0,0,0,0,1,1,6,3,-1,-1,1995,2,5,-1,-1,-1
2017010069441,1,8,0,3,0,8,0,0,0,0,3,1,6,1,40,7,1797,8,5,3,1,3
2017010069444,1,2,0,18,0,8,0,0,0,0,1,1,6,1,29,6,125,1,14,4,1,4
2017010069444,2,9,0,7,0,1,0,0,0,0,1,1,6,1,32,6,2995,1,7,3,1,3
2017010069445,1,9,0,18,0,8,0,0,0,0,3,1,6,1,47,8,1797,8,6,4,1,4
2017010069445,2,9,0,9,0,8,0,0,0,0,1,1,6,3,-1,-1,3222,2,14,-1,-1,-1
2017010069446,1,8,0,3,0,8,0,0,0,0,2,1,1,1,40,7,-1,-1,-1,4,1,4
2017010069446,2,9,0,18,0,1,0,0,0,0,1,1,6,1,-1,-1,1800,8,4,-1,-1,-1
2017010069453,1,9,0,3,0,1,0,0,0,0,2,1,6,1,40,7,1596,1,11,3,1,3
2017010069453,2,19,0,4,0,1,0,0,0,0,1,1,6,1,57,9,2402,2,6,4,2,4
2017010069454,1,4,0,14,0,1,0,0,0,0,1,1,6,1,32,6,900,1,1,-1,-1,-1
2017010069455,1,9,0,5,0,8,0,0,0,0,4,1,1,2,28,6,2179,2,4,3,1,3
2017010069455,2,9,0,18,0,8,0,0,0,0,1,1,1,2,48,8,1850,1,17,8,1,8
2017010069458,1,11,0,18,0,6,0,0,0,0,4,1,1,2,38,7,6700,2,6,3,1,3
2017010069459,1,9,0,3,0,1,0,0,0,0,2,1,6,2,33,6,1149,1,7,-1,1,-1
2017010069459,2,8,0,3,0,1,0,0,0,0,2,1,1,1,33,6,1956,2,3,5,1,5
2017010069459,3,8,0,3,0,1,0,0,0,0,2,1,1,1,42,7,1997,2,1,1,1,1
2017010069459,4,9,0,3,0,1,0,0,0,0,2,1,1,1,51,8,-1,-1,-1,3,1,3
2017010069459,5,9,0,18,0,1,0,0,0,0,1,1,6,1,42,7,1995,1,10,2,1,2
2017010069460,1,19,0,18,0,2,1,0,0,0,1,1,1,1,60,9,-1,-1,-1,2,1,2
2017010069460,2,9,0,10,0,5,0,0,0,0,2,1,6,1,43,7,1598,1,14,8,1,8
2017010069460,3,9,0,18,0,1,0,0,0,0,1,1,6,1,39,7,1388,1,13,9,1,9
2017010069461,1,5,0,18,0,6,0,0,0,0,3,1,6,1,34,6,-1,-1,-1,2,1,2
2017010069461,2,9,0,7,0,6,0,0,0,0,1,1,6,1,28,6,1995,1,10,9,1,9
2017010069463,1,9,0,18,0,1,0,0,0,0,1,1,6,1,39,7,3311,8,10,7,1,7
2017010069463,2,3,0,12,0,1,0,0,0,0,3,1,1,1,33,6,108,1,1,4,1,4
2017010069463,3,8,0,18,0,1,0,0,0,0,2,1,1,1,55,8,1461,2,5,3,1,3
2017010069464,1,9,0,18,0,0,0,10,1,0,1,1,6,2,17,4,1364,1,12,-1,-1,-1
2017010069464,2,9,0,2,9,0,0,0,1,10,2,1,6,3,-1,-1,-1,-1,-1,-1,-1,-1
2017010069464,3,9,0,2,9,0,0,4,0,0,2,1,6,3,-1,-1,-1,-1,-1,-1,-1,-1