Accident_Index,Vehicle_Reference,Vehicle_Type,Towing_and_Articulation,Vehicle_Manoeuvre,Vehicle_Location-Restricted_Lane,Junction_Location,Skidding_and_Overturning,Hit_Object_in_Carriageway,Vehicle_Leaving_Carriageway,Hit_Object_off_Carriageway,1st_Point_of_Impact,Was_Vehicle_Left_Hand_Drive?,Journey_Purpose_of_Driver,Sex_of_Driver,Age_of_Driver,Age_Band_of_Driver,Engine_Capacity_(CC),Propulsion_Code,Age_of_Vehicle,Driver_IMD_Decile,Driver_Home_Area_Type,Vehicle_IMD_Decile
2017010070654,1,9,0,7,0,1,0,0,0,0,4,1,6,2,29,6,1360,1,13,6,1,6
2017010070654,2,3,0,18,2,1,0,0,0,0,1,1,2,1,57,9,125,1,2,4,1,4
2017010070656,1,9,0,9,0,8,0,0,0,0,3,1,6,1,34,6,1584,1,14,4,1,4
2017010070656,2,3,0,18,0,8,0,0,0,0,4,1,6,1,33,6,124,1,6,4,1,4
2017010070658,1,9,0,7,0,6,0,0,0,0,0,1,1,1,55,8,1598,2,2,2,1,2
2017010070658,2,9,0,7,9,7,0,7,2,10,3,1,6,3,17,4,2494,1,17,-1,-1,-1
2017010070661,1,9,0,10,0,1,0,0,0,0,1,1,1,1,52,8,1991,2,7,2,1,2
2017010070661,2,3,0,18,2,1,2,0,0,0,1,1,6,1,22,5,125,1,1,2,1,2
2017010070661,3,9,0,8,0,1,0,0,0,0,0,1,6,1,53,8,1560,2,4,2,1,2
2017010070662,1,9,0,-1,-1,0,-1,-1,-1,-1,2,-1,6,2,27,6,999,1,1,2,1,2
2017010070662,2,9,0,-1,-1,0,-1,-1,-1,-1,1,-1,6,1,63,9,2148,2,10,8,1,8
2017010070664,1,9,0,9,0,1,0,0,0,0,1,1,2,1,61,9,2199,2,7,6,1,6
2017010070665,1,9,0,9,0,8,0,0,0,0,1,1,2,1,42,7,998,1,4,3,1,3
2017010070665,2,9,0,18,0,8,0,0,0,0,4,1,6,2,42,7,1968,2,12,2,1,2
2017010070666,1,1,0,18,0,1,0,0,0,0,3,1,2,2,28,6,-1,-1,-1,7,1,7
2017010070666,2,19,0,-1,-1,-1,-1,-1,-1,-1,1,-1,6,1,-1,-1,-1,-1,-1,-1,-1,-1
2017010070667,1,19,0,9,0,8,0,0,0,0,3,1,1,1,25,5,1560,2,4,3,1,3
2017010070667,2,1,0,14,0,1,5,0,0,0,1,1,6,2,39,7,-1,-1,-1,3,1,3
2017010070668,1,19,0,3,0,4,0,0,0,0,1,1,1,1,49,8,1598,2,1,10,2,10
2017010070668,2,3,0,3,0,4,0,0,0,0,2,1,6,1,48,8,124,1,4,4,1,4
2017010070670,1,9,0,9,0,8,0,0,0,0,1,1,6,1,36,7,3628,2,10,10,1,10
2017010070670,2,9,0,18,0,8,0,0,0,0,1,1,6,2,26,6,1598,1,10,6,1,6
2017010070679,1,9,0,9,0,8,0,0,0,0,1,1,6,2,56,9,2295,1,14,6,1,6
2017010070679,2,1,0,7,0,5,0,0,0,0,3,1,6,2,39,7,-1,-1,-1,6,1,6
2017010070680,1,2,0,14,0,0,0,0,0,0,1,1,6,1,41,7,49,1,8,4,1,4
2017010070680,2,9,0,5,0,0,0,0,0,0,3,1,3,2,34,6,1400,1,12,4,1,4
2017010070682,1,9,0,18,0,1,0,0,0,0,1,1,6,3,-1,-1,1299,1,13,-1,-1,-1
2017010070683,1,9,0,-1,-1,-1,-1,-1,-1,-1,0,-1,6,3,-1,-1,-1,-1,-1,-1,-1,-1
2017010070684,1,9,0,-1,-1,-1,-1,-1,-1,-1,1,-1,6,1,-1,-1,1364,1,3,-1,-1,-1
2017010070685,1,9,0,3,0,0,0,0,0,0,2,1,6,2,24,5,1229,1,6,2,1,2
2017010070685,2,9,0,18,0,0,1,0,0,0,1,1,6,2,29,6,1968,2,5,7,1,7
2017010070685,3,9,0,3,0,0,0,0,0,0,2,1,6,1,71,10,1299,1,15,10,1,10
2017010070686,1,9,0,7,0,1,0,0,0,0,4,2,6,1,30,6,1499,8,3,5,1,5
2017010070686,2,2,0,15,0,1,0,0,0,0,3,1,6,1,53,8,125,1,8,2,1,2
2017010070689,1,19,0,18,0,0,0,0,0,0,1,1,1,1,35,6,-1,3,4,2,1,2
2017010070690,1,9,0,16,0,0,0,4,1,4,1,1,6,1,37,7,1970,1,18,8,1,8
2017010070690,2,9,0,2,0,0,0,0,0,0,2,1,6,3,-1,-1,1349,1,13,-1,-1,-1
2017010070691,1,3,0,3,0,0,0,-1,0,0,2,1,6,1,24,5,125,1,-1,3,1,3
2017010070691,2,9,0,4,0,0,0,-1,0,0,1,1,6,1,-1,-1,3199,1,14,-1,-1,-1
2017010070692,1,9,0,18,0,1,0,4,0,0,4,1,6,2,74,10,1598,1,9,8,1,8
2017010070692,2,19,0,7,0,1,0,0,0,0,1,1,6,2,-1,-1,1753,2,10,8,1,8
2017010070692,3,9,0,2,0,2,0,4,0,0,2,1,6,3,-1,-1,2401,2,11,-1,-1,-1
2017010070692,4,9,0,2,0,2,0,4,0,0,2,1,6,3,-1,-1,698,1,11,-1,-1,-1
2017010070692,5,9,0,2,0,2,0,4,0,0,2,1,6,3,-1,-1,1364,1,9,-1,-1,-1
2017010070692,6,9,0,2,0,2,0,4,0,0,2,1,6,3,-1,-1,1560,2,5,-1,-1,-1
2017010070693,1,3,0,18,0,2,0,0,0,0,4,1,6,1,23,5,108,1,4,6,1,6
2017010070693,2,9,0,12,0,2,0,0,0,0,3,2,6,1,21,5,1956,2,4,3,1,3
2017010070706,1,9,0,18,0,1,0,0,0,0,1,1,6,3,-1,-1,1995,2,3,-1,-1,-1
2017010070710,1,9,-1,18,0,0,-1,0,0,0,2,-1,6,1,45,7,1798,8,2,2,1,2
2017010070710,2,9,-1,18,0,0,0,-1,-1,0,1,-1,6,1,-1,-1,1950,2,1,-1,-1,-1
2017010070710,3,9,-1,18,0,0,-1,0,0,0,1,-1,6,1,-1,-1,1968,2,1,-1,-1,-1
2017010070712,1,5,0,18,0,8,2,0,0,0,3,1,2,1,34,6,773,1,3,3,1,3
2017010070712,2,19,0,11,0,8,0,0,0,0,4,1,1,1,32,6,2198,2,5,5,1,5
2017010070715,1,19,0,-1,-1,0,-1,-1,-1,-1,0,-1,2,1,49,8,1560,2,3,1,1,1
2017010070716,1,1,-1,18,0,1,-1,0,0,0,4,1,6,1,42,7,-1,-1,-1,3,1,3
2017010070718,1,19,0,9,0,1,0,0,0,0,3,1,6,1,34,6,1997,2,1,6,1,6
2017010070718,2,1,0,15,0,1,0,0,0,0,1,1,6,1,39,7,-1,-1,-1,1,1,1
2017010070720,1,9,-1,-1,-1,-1,-1,-1,-1,-1,-1,-1,6,1,57,9,1988,2,12,9,1,9
2017010070722,1,1,0,18,0,5,0,0,0,0,-1,1,6,1,55,8,-1,-1,-1,3,1,3
2017010070723,1,9,0,4,0,0,0,0,0,0,2,-1,6,2,20,4,1398,1,1,-1,-1,-1
2017010070723,2,9,0,18,0,0,0,0,0,0,1,-1,6,2,38,7,1968,2,2,8,1,8
2017010070725,1,19,0,18,0,8,0,0,0,0,1,1,1,1,24,5,1598,2,1,1,1,1
2017010070725,2,9,0,18,0,6,0,0,0,0,1,1,6,1,25,5,698,1,12,2,1,2
2017010070728,1,8,0,18,0,8,0,0,0,0,0,1,6,1,37,7,1968,2,6,2,1,2
2017010070731,1,9,0,10,0,0,0,0,0,0,3,1,6,1,52,8,1968,2,9,4,1,4
2017010070731,2,3,0,13,0,0,1,0,0,0,1,1,1,1,21,5,124,1,14,6,1,6
2017010070731,3,9,0,2,0,0,0,0,0,0,2,1,6,3,-1,-1,1599,1,9,-1,-1,-1
2017010070732,1,9,0,9,0,8,0,0,0,0,1,1,1,1,19,4,1198,1,15,6,1,6
2017010070732,2,1,0,18,0,8,0,0,0,0,2,1,6,1,-1,-1,-1,-1,-1,5,1,5
2017010070735,1,1,0,18,4,8,0,0,0,0,3,1,6,1,31,6,-1,-1,-1,1,1,1
2017010070735,2,21,0,7,0,8,0,0,0,0,4,1,6,3,-1,-1,-1,-1,-1,-1,-1,-1
2017010070739,1,19,0,18,0,1,0,0,0,0,3,1,2,1,37,7,1598,1,1,7,1,7
2017010070743,1,9,0,3,0,8,-1,0,0,0,2,-1,6,1,36,7,1796,1,8,-1,-1,-1
2017010070743,2,9,0,18,0,8,-1,0,0,0,1,-1,6,3,-1,-1,1999,1,12,-1,-1,-1
2017010070751,1,9,0,9,4,5,0,0,0,0,4,1,3,2,39,7,2979,1,13,9,1,9
2017010070751,2,1,0,18,4,1,0,0,0,0,1,1,6,2,47,8,-1,-1,-1,6,1,6
2017010070753,1,9,0,-1,-1,-1,-1,0,0,0,1,-1,1,1,41,7,1798,8,3,2,1,2
2017010070753,2,9,0,-1,-1,-1,-1,-1,-1,-1,-1,-1,6,2,21,5,1364,1,3,3,1,3
2017010070755,1,1,0,18,0,8,0,-1,-1,-1,-1,1,6,1,43,7,-1,-1,-1,2,1,2
2017010070755,2,9,0,18,0,8,0,-1,0,0,-1,-1,6,1,-1,-1,-1,-1,-1,9,2,9
2017010070756,1,9,0,18,0,8,0,0,0,0,1,1,6,2,37,7,1797,8,4,9,1,9
2017010070762,1,9,0,18,0,0,0,0,0,0,2,-1,6,1,41,7,1968,2,4,9,1,9
2017010070762,2,9,0,18,0,0,0,0,0,0,-1,-1,6,1,-1,-1,1598,1,11,2,1,2
2017010070762,3,9,0,18,0,0,0,0,0,0,-1,-1,6,1,-1,-1,1968,2,9,-1,-1,-1
2017010070763,1,9,0,1,-1,-1,-1,-1,-1,-1,2,-1,6,3,-1,-1,-1,-1,-1,-1,-1,-1
2017010070765,1,9,0,16,0,1,0,0,0,0,1,1,2,1,24,5,1598,2,4,3,1,3
2017010070765,2,3,0,4,0,1,0,0,0,0,2,1,2,1,20,4,124,1,2,4,1,4
2017010070766,1,19,0,3,0,0,0,0,0,0,2,1,1,1,48,8,1598,2,1,8,1,8
2017010070766,2,9,0,3,0,0,0,0,0,0,2,1,6,1,54,8,1560,2,2,7,1,7
2017010070766,3,9,0,18,0,0,0,0,0,0,1,1,6,1,57,9,1796,1,12,2,1,2
2017010070769,1,9,0,18,0,3,0,0,0,0,3,1,3,1,34,6,1798,1,14,6,1,6
2017010070771,1,9,-1,-1,-1,-1,-1,-1,-1,-1,-1,-1,6,1,42,7,1598,2,4,9,1,9
2017010070773,1,8,0,17,0,2,0,0,0,0,3,1,1,1,45,7,1968,2,2,8,1,8
2017010070773,2,9,0,5,0,2,0,0,0,0,1,1,6,2,53,8,1794,1,9,10,1,10
2017010070775,1,9,0,9,0,8,0,0,0,0,3,1,6,2,32,6,1796,1,13,7,1,7
2017010070775,2,9,0,18,0,8,0,0,0,0,1,1,6,1,48,8,1998,1,17,8,1,8
2017010070782,1,4,0,4,9,1,0,0,0,0,0,1,2,1,27,6,599,1,14,1,1,1
2017010070782,2,9,0,9,0,8,0,0,0,0,0,1,1,1,34,6,-1,-1,-1,2,1,2
2017010070784,1,9,0,4,0,0,0,0,0,0,2,1,6,1,47,8,1997,2,-1,5,1,5
2017010070784,2,19,0,4,0,0,0,0,0,0,1,1,6,1,46,8,2402,2,12,-1,-1,-1
2017010070784,3,9,0,4,0,0,0,0,0,0,4,1,6,1,36,7,1997,2,3,8,3,8
2017010070784,4,19,0,4,0,0,0,0,0,0,4,1,6,1,56,9,1995,2,-1,3,1,3
2017010070789,1,1,0,18,0,8,0,0,0,0,1,1,6,2,27,6,-1,-1,-1,-1,-1,-1
2017010070791,1,1,0,14,2,2,2,0,0,0,1,1,6,2,23,5,-1,-1,-1,2,1,2
2017010070791,2,19,0,4,2,8,0,0,0,0,3,1,1,1,26,6,1598,2,1,2,1,2
2017010070792,1,1,-1,18,-1,-1,-1,-1,-1,-1,-1,1,6,1,26,6,-1,-1,-1,6,1,6
2017010070792,2,90,0,-1,-1,-1,-1,-1,-1,-1,-1,-1,6,1,59,9,-1,-1,-1,10,1,10
2017010070794,1,9,0,5,0,3,0,0,0,0,1,1,6,1,59,9,-1,-1,-1,3,1,3
2017010070794,2,9,0,7,0,3,0,0,1,10,4,1,6,1,55,8,1998,1,15,6,1,6
2017010070800,1,9,0,4,0,8,0,0,0,0,1,1,6,1,47,8,2982,2,15,8,1,8
2017010070800,2,3,0,4,0,1,0,0,0,0,1,1,1,1,45,7,-1,-1,-1,4,1,4
2017010070801,1,3,0,18,0,1,1,0,0,0,4,1,6,1,30,6,125,1,6,2,1,2
2017010070802,1,9,0,3,0,1,0,0,0,0,4,1,1,1,32,6,1399,1,1,3,1,3
2017010070802,2,1,0,15,0,1,0,8,1,0,4,1,6,1,39,7,-1,-1,-1,5,1,5
2017010070804,1,1,-1,-1,-1,-1,-1,-1,-1,-1,-1,1,2,2,51,8,-1,-1,-1,5,1,5
2017010070804,2,8,0,-1,-1,-1,-1,-1,-1,-1,1,-1,6,1,-1,-1,1798,8,5,7,1,7
2017010070806,1,9,0,9,0,6,0,0,0,0,4,1,3,2,30,6,2685,2,13,2,1,2
2017010070807,1,9,0,5,0,6,0,0,0,0,1,1,6,1,38,7,1796,1,10,5,1,5
2017010070807,2,1,0,18,0,1,0,0,0,0,1,1,6,1,47,8,-1,-1,-1,2,1,2
2017010070809,1,9,0,13,0,1,0,4,0,0,1,1,6,1,59,9,1896,2,9,2,1,2
2017010070809,2,9,0,18,0,1,0,0,0,0,4,1,6,2,30,6,1968,2,9,2,1,2
2017010070813,1,1,0,18,0,1,-1,0,0,0,1,1,6,1,42,7,-1,-1,-1,4,1,4
2017010070815,1,9,0,6,0,8,0,0,0,0,3,1,1,1,26,6,1560,2,2,3,1,3
2017010070815,2,3,0,18,0,1,0,0,0,0,1,1,2,1,23,5,-1,-1,-1,9,1,9
2017010070818,1,9,0,4,-1,-1,-1,-1,-1,-1,1,-1,6,1,30,6,1995,2,5,4,1,4
2017010070825,1,1,0,18,0,0,-1,0,-1,-1,-1,1,6,1,36,7,-1,-1,-1,9,1,9
2017010070825,2,8,-1,-1,-1,0,-1,0,-1,-1,-1,-1,6,3,-1,-1,2402,2,13,-1,-1,-1
2017010070830,1,9,0,9,0,6,0,0,0,0,1,1,6,2,57,9,1360,1,11,5,1,5
2017010070836,1,9,-1,-1,-1,-1,-1,-1,-1,-1,1,-1,6,2,23,5,1242,1,5,2,1,2
2017010070837,1,11,0,18,0,0,0,0,0,0,4,1,1,1,39,7,4500,2,2,2,1,2
2017010070837,2,8,0,2,0,0,0,0,0,0,0,1,6,3,-1,-1,1968,2,3,-1,-1,-1
2017010070839,1,1,-1,-1,-1,0,-1,-1,-1,-1,0,1,6,1,24,5,-1,-1,-1,8,1,8
2017010070839,2,8,0,-1,-1,0,-1,-1,-1,-1,-1,-1,6,3,-1,-1,1997,2,2,-1,-1,-1
2017010070848,1,11,0,5,0,1,0,0,0,0,1,1,1,1,48,8,-1,-1,-1,2,1,2
2017010070849,1,11,0,5,0,1,0,0,0,0,0,1,6,1,25,5,-1,-1,-1,2,1,2
2017010070849,2,9,0,9,0,8,0,0,0,0,0,1,6,1,25,5,1587,1,12,3,1,3
2017010070851,1,9,0,3,0,4,0,0,0,0,2,1,6,2,37,7,1299,1,17,4,1,4
2017010070851,2,9,0,5,0,1,0,0,0,0,1,1,6,1,54,8,1896,2,11,4,1,4
2017010070853,1,9,0,18,-1,0,-1,-1,-1,-1,4,-1,6,2,36,7,1388,1,13,2,1,2
2017010070855,1,9,0,4,0,1,0,0,0,0,1,1,6,1,88,11,-1,-1,-1,-1,-1,-1
2017010070855,2,3,0,18,0,1,0,0,0,0,1,1,6,1,30,6,125,1,1,1,1,1
2017010070856,1,9,0,9,0,1,0,0,0,0,1,1,6,1,60,9,1497,8,4,5,1,5
2017010070856,2,3,0,18,0,1,0,0,0,0,3,1,6,1,28,6,125,1,1,3,1,3
2017010070857,1,3,0,18,0,0,0,0,0,0,1,1,2,1,25,5,125,1,2,4,1,4
2017010070862,1,5,0,-1,-1,-1,-1,-1,-1,-1,-1,1,2,1,38,7,745,1,1,3,1,3
2017010070862,2,9,0,-1,-1,-1,-1,-1,-1,-1,1,-1,6,1,30,6,999,1,7,3,1,3
2017010070863,1,5,0,14,0,8,0,0,0,0,1,1,2,1,25,5,649,1,1,7,1,7
2017010070863,2,9,0,9,0,8,0,0,0,0,1,1,6,2,41,7,1364,1,2,3,1,3
2017010070866,1,9,0,18,0,6,0,0,0,0,3,1,6,2,60,9,1995,2,8,3,1,3
2017010070866,2,1,0,18,0,8,0,0,0,0,1,1,6,1,37,7,-1,-1,-1,2,1,2
2017010070867,1,9,0,6,0,0,0,0,0,0,4,1,3,2,33,6,1498,1,-1,6,1,6
2017010070867,2,3,0,15,0,0,1,0,0,0,4,1,6,1,57,9,125,1,8,4,1,4
2017010070869,1,3,0,18,0,8,0,0,1,9,1,1,2,1,22,5,125,1,16,2,1,2
2017010070869,2,9,0,7,0,2,0,0,0,0,3,1,6,3,-1,-1,-1,-1,-1,-1,-1,-1
2017010070871,1,9,0,18,0,2,0,0,0,0,4,1,2,1,32,6,1598,1,12,5,1,5
2017010070871,2,9,0,18,0,2,0,0,0,0,1,1,6,2,51,8,1398,1,6,2,1,2
2017010070872,1,90,0,-1,-1,-1,-1,-1,-1,-1,2,-1,6,1,26,6,-1,-1,-1,-1,-1,-1
2017010070874,1,11,0,5,0,1,0,0,0,0,3,1,1,1,30,6,4461,2,3,3,1,3
2017010070874,2,19,0,8,0,1,0,0,0,0,4,1,1,1,58,9,2143,2,2,9,1,9
2017010070876,1,9,0,5,0,6,0,0,0,0,4,1,6,1,42,7,1598,1,10,3,1,3
2017010070876,2,4,0,18,0,8,0,0,0,0,1,1,1,1,27,6,125,1,2,4,1,4
2017010070877,1,8,5,4,0,0,0,7,0,0,1,1,1,1,31,6,2143,2,2,-1,-1,-1
2017010070878,1,8,0,1,0,1,0,0,0,0,2,1,6,1,52,8,-1,-1,-1,2,1,2
2017010070881,1,4,0,-1,-1,-1,-1,-1,-1,-1,2,1,2,1,35,6,125,1,4,3,1,3
2017010070881,2,9,0,-1,-1,-1,-1,-1,-1,-1,2,-1,6,1,-1,-1,1364,2,11,3,1,3
2017010070885,1,9,0,9,0,1,0,0,0,0,4,1,6,1,42,7,2143,2,5,2,1,2
2017010070885,2,4,0,15,0,1,5,0,0,0,1,1,6,1,28,6,883,1,3,6,1,6
2017010070888,1,5,0,14,0,0,0,0,0,0,1,1,6,2,44,7,599,1,15,5,2,5
2017010070890,1,11,0,4,0,1,0,0,0,0,0,1,1,1,35,6,4500,2,-1,4,1,4
2017010070892,1,9,0,-1,-1,2,-1,-1,-1,-1,2,-1,6,2,33,6,1984,1,10,8,1,8
2017010070892,2,9,0,-1,-1,2,-1,-1,-1,-1,-1,-1,6,1,-1,-1,-1,-1,-1,-1,-1,-1
2017010070893,1,9,0,18,0,8,0,0,0,0,2,1,6,1,35,6,1242,1,1,10,1,10
2017010070893,2,2,0,18,0,8,5,0,0,0,1,1,1,1,19,4,49,1,6,5,1,5
2017010070894,1,9,0,18,0,6,0,0,0,0,3,1,6,1,73,10,1973,1,18,2,1,2
2017010070894,2,9,0,18,0,8,0,0,0,0,1,1,6,2,31,6,1560,2,11,-1,-1,-1
2017010070896,1,9,0,11,0,0,0,0,0,0,4,1,6,2,58,9,1590,1,14,2,1,2
2017010070896,2,9,0,18,0,0,0,0,0,0,3,1,6,1,28,6,2191,2,1,2,1,2
2017010070896,3,8,0,4,0,0,0,0,0,0,1,1,1,1,60,9,1598,1,5,3,1,3
2017010070898,1,9,0,16,0,1,0,0,0,0,1,1,6,1,63,9,2967,1,11,5,1,5
2017010070899,1,11,0,4,2,1,0,0,0,0,0,1,1,1,57,9,9360,2,8,9,1,9
2017010070902,1,9,0,4,0,0,0,0,0,0,2,1,6,1,60,9,1368,1,4,9,1,9
2017010070902,2,9,0,4,0,0,0,0,0,0,1,1,2,1,21,5,1198,1,12,5,1,5
2017010070905,1,9,0,9,0,5,0,0,0,0,1,1,6,2,55,8,1798,1,13,2,1,2
2017010070905,2,1,0,18,4,1,0,0,0,0,1,1,2,1,44,7,-1,-1,-1,5,1,5
2017010070909,1,9,0,4,0,2,0,0,0,0,1,1,6,2,45,7,1399,2,15,-1,-1,-1
2017010070909,2,9,0,4,0,2,0,0,0,0,2,1,6,2,28,6,1149,1,10,6,1,6
2017010070912,1,9,0,4,9,0,0,0,1,10,2,1,1,2,26,6,1248,1,-1,3,1,3
2017010070914,1,19,0,18,0,0,0,0,0,0,1,1,6,1,31,6,2143,2,-1,3,1,3
2017010070914,2,19,0,18,0,0,0,10,0,0,2,2,1,1,49,8,1560,2,-1,9,1,9
2017010070914,3,21,0,4,0,0,0,0,0,0,1,1,1,1,44,7,6692,2,5,2,1,2
2017010070918,1,9,0,18,0,8,0,0,0,0,1,1,6,3,-1,-1,-1,-1,-1,-1,-1,-1
2017010070921,1,9,0,18,0,2,0,0,0,0,1,1,3,1,38,7,2400,2,2,8,1,8
2017010070921,2,9,0,18,0,2,0,0,0,0,1,1,6,1,56,9,1798,1,42,4,1,4
2017010070923,1,8,0,18,0,1,0,0,7,1,3,1,2,1,29,6,1798,8,1,6,1,6
2017010070923,2,9,0,9,0,1,0,0,0,0,1,1,6,2,23,5,2000,1,17,3,1,3
2017010070924,1,9,0,9,0,5,0,0,0,0,4,1,6,1,28,6,1598,2,2,8,1,8
2017010070924,2,3,0,18,0,1,5,0,0,0,1,1,1,1,25,5,124,1,8,1,1,1
2017010070926,1,9,0,-1,-1,0,-1,-1,-1,-1,3,-1,6,2,24,5,1197,1,-1,2,1,2
2017010070926,2,11,0,-1,-1,0,-1,-1,-1,-1,2,-1,6,3,27,6,-1,-1,-1,-1,-1,-1
2017010070927,1,9,0,18,0,3,1,0,0,0,1,1,6,1,25,5,1596,1,2,4,3,4
2017010070929,1,9,0,14,0,1,0,4,0,0,1,1,6,1,29,6,2204,2,10,5,1,5
2017010070929,2,5,0,10,0,1,2,0,7,0,2,1,6,1,41,7,656,1,11,4,1,4
2017010070930,1,9,0,15,0,0,0,0,0,0,1,1,6,1,19,4,2993,2,8,3,1,3
2017010070930,2,9,0,5,0,0,0,0,0,0,2,1,6,1,20,4,1596,1,13,7,1,7
2017010070933,1,9,0,4,0,0,0,0,0,0,1,1,6,1,27,6,2993,2,11,-1,-1,-1
2017010070933,2,9,0,1,0,0,0,0,0,0,4,1,6,1,54,8,1995,2,4,2,1,2
2017010070936,1,9,0,18,0,1,0,0,0,0,1,1,6,1,24,5,1781,1,13,3,1,3
2017010070937,1,9,0,10,0,1,0,0,0,0,2,1,6,1,48,8,1796,1,10,3,1,3
2017010070937,2,9,0,18,0,1,0,0,0,0,1,1,6,3,-1,-1,2143,2,-1,-1,-1,-1
2017010070940,1,11,0,5,0,0,0,0,0,0,0,1,6,3,-1,-1,4461,2,4,-1,-1,-1
2017010070941,1,8,0,18,0,2,0,0,0,0,1,1,1,1,69,10,-1,-1,-1,4,1,4
2017010070942,1,11,0,18,0,0,0,0,0,0,4,1,1,1,64,9,7300,2,13,6,1,6
2017010070943,1,9,0,18,0,0,0,4,0,0,1,1,6,1,26,6,1798,8,2,2,1,2
2017010070943,2,9,0,2,0,0,0,0,0,0,3,1,6,3,-1,-1,3999,1,7,-1,-1,-1
2017010070943,3,9,0,2,0,0,0,0,0,0,1,1,6,3,-1,-1,2993,2,6,-1,-1,-1
2017010070944,1,8,0,18,0,1,0,0,0,0,1,1,1,1,58,9,1797,8,7,5,1,5
2017010070945,1,3,0,18,0,1,0,0,0,0,1,1,1,1,18,4,108,1,1,2,1,2
2017010070945,2,9,0,3,0,1,0,0,0,0,0,1,1,2,28,6,1596,1,16,6,1,6
2017010070947,1,8,0,18,0,3,0,0,0,0,2,1,1,1,26,6,1797,8,7,2,1,2
2017010070947,2,9,0,18,0,8,1,0,0,0,1,1,6,3,-1,-1,-1,-1,-1,-1,-1,-1
2017010070948,1,9,0,2,0,0,0,0,0,0,3,2,6,3,-1,-1,1364,1,3,-1,-1,-1
2017010070948,2,1,0,18,0,0,0,4,0,0,3,1,2,1,31,6,-1,-1,-1,2,1,2
2017010070949,1,5,0,14,0,1,0,0,0,0,1,1,1,1,50,8,652,1,5,-1,-1,-1
2017010070950,1,9,0,18,0,1,0,0,0,0,1,1,6,2,30,6,1242,1,9,2,1,2
2017010070951,1,9,0,9,0,6,0,0,0,0,1,1,6,1,17,4,1596,1,10,-1,-1,-1
2017010070951,2,9,0,18,0,1,0,0,0,0,1,1,2,1,22,5,-1,-1,-1,1,1,1
2017010070952,1,9,0,18,0,0,0,0,0,0,1,2,6,2,73,10,1398,1,6,9,1,9
2017010070952,2,9,3,18,0,0,0,0,0,0,1,1,6,2,-1,-1,1598,1,1,9,3,9
2017010070953,1,9,0,5,9,2,0,4,1,0,1,1,6,1,74,10,1798,8,1,8,1,8
2017010070953,2,9,0,2,0,2,0,0,0,0,2,1,6,3,-1,-1,1896,2,11,-1,-1,-1
2017010070953,3,9,0,2,0,1,0,0,0,0,1,1,6,3,-1,-1,1149,1,14,-1,-1,-1
2017010070954,1,9,0,-1,-1,0,-1,-1,-1,-1,-1,-1,6,1,31,6,1796,1,16,3,1,3
2017010070954,2,9,0,-1,-1,0,-1,-1,-1,-1,-1,-1,6,2,-1,-1,-1,-1,-1,-1,-1,-1
2017010070955,1,9,0,10,0,1,0,0,0,0,0,1,1,1,24,5,1560,2,2,3,1,3
2017010070955,2,2,0,18,0,1,1,0,0,0,0,1,1,1,25,5,108,1,3,1,1,1
2017010070958,1,8,0,18,0,0,0,0,0,0,1,1,1,1,59,9,2499,2,6,2,1,2
2017010070959,1,9,0,7,0,8,-1,-1,0,0,3,-1,6,3,-1,-1,-1,-1,-1,-1,-1,-1
2017010070959,2,1,0,18,0,8,0,0,0,0,1,1,2,2,30,6,-1,-1,-1,-1,-1,-1
2017010070960,1,9,0,1,0,1,0,0,0,0,2,2,6,1,44,7,-1,-1,-1,4,1,4
2017010070960,2,5,0,10,0,1,0,0,0,0,1,1,2,1,33,6,847,1,-1,10,1,10
2017010070961,1,9,0,18,0,5,0,0,3,0,1,1,6,1,65,9,1596,1,14,7,1,7
2017010070963,1,9,0,10,0,1,0,0,0,0,2,1,6,2,47,8,999,1,-1,-1,-1,-1
2017010070963,2,19,0,3,0,1,0,0,0,0,1,1,2,1,30,6,2200,2,6,3,1,3
2017010070966,1,11,0,18,0,2,0,0,0,0,1,1,1,1,51,8,4461,2,4,2,1,2
2017010070967,1,5,0,18,0,0,0,0,0,0,4,1,6,1,56,9,1000,1,8,10,1,10
2017010070968,1,11,0,5,0,1,0,0,0,0,0,1,1,1,38,7,9360,2,6,3,1,3
2017010070970,1,8,0,18,0,0,0,0,0,0,1,1,6,3,-1,-1,2499,2,11,2,1,2
2017010070971,1,8,0,18,0,1,0,0,0,0,1,1,1,1,56,9,1798,8,1,3,1,3
2017010070971,2,3,0,18,0,2,0,0,7,0,4,1,2,1,28,6,124,1,5,3,1,3
2017010070971,3,9,0,2,0,1,0,0,0,0,1,1,6,3,-1,-1,1242,1,5,-1,-1,-1
2017010070973,1,1,0,18,0,8,0,0,0,0,1,1,6,1,24,5,-1,-1,-1,4,1,4
2017010070973,2,9,0,7,0,5,0,0,0,0,3,1,6,2,21,5,1461,2,1,3,1,3
2017010070974,1,9,0,9,0,4,0,0,0,0,3,1,6,2,28,6,998,1,-1,2,1,2
2017010070974,2,4,0,18,0,8,5,0,0,0,1,1,6,1,19,4,125,1,5,4,1,4
2017010070976,1,9,0,18,0,0,0,10,0,0,1,1,6,3,-1,-1,1598,1,13,-1,-1,-1
2017010070977,1,9,0,3,0,1,0,11,0,0,1,1,6,1,19,4,1598,1,13,7,1,7
2017010070977,2,1,0,5,0,1,0,2,0,0,2,1,6,1,42,7,-1,-1,-1,10,1,10
2017010070981,1,9,0,9,0,6,0,0,0,0,1,1,3,2,39,7,2199,2,7,3,1,3