Accident_Index,Vehicle_Reference,Vehicle_Type,Towing_and_Articulation,Vehicle_Manoeuvre,Vehicle_Location-Restricted_Lane,Junction_Location,Skidding_and_Overturning,Hit_Object_in_Carriageway,Vehicle_Leaving_Carriageway,Hit_Object_off_Carriageway,1st_Point_of_Impact,Was_Vehicle_Left_Hand_Drive?,Journey_Purpose_of_Driver,Sex_of_Driver,Age_of_Driver,Age_Band_of_Driver,Engine_Capacity_(CC),Propulsion_Code,Age_of_Vehicle,Driver_IMD_Decile,Driver_Home_Area_Type,Vehicle_IMD_Decile
2017010070981,2,4,0,18,0,1,2,0,0,0,3,1,6,1,64,9,647,1,15,9,2,9
2017010070982,1,9,0,14,0,0,0,0,0,0,1,1,6,1,75,10,1968,2,6,9,1,9
2017010070983,1,9,0,5,0,0,0,0,0,0,3,1,6,1,47,8,1910,2,12,9,1,9
2017010070983,2,1,0,18,0,0,0,0,0,0,1,1,6,1,37,7,-1,-1,-1,3,1,3
2017010070984,1,19,0,18,0,1,0,0,0,0,3,1,6,3,27,6,2402,2,6,-1,-1,-1
2017010070988,1,9,0,9,0,2,0,0,0,0,3,1,6,1,22,5,1598,2,5,2,1,2
2017010070988,2,4,0,18,0,1,0,0,0,0,1,1,6,1,45,7,124,1,5,-1,-1,-1
2017010070989,1,9,0,5,0,1,0,0,0,0,1,1,6,2,51,8,1299,1,16,1,1,1
2017010070989,2,9,0,18,0,1,0,0,0,0,3,1,6,1,28,6,-1,3,-1,1,1,1
2017010070989,3,9,0,2,0,2,0,0,0,0,2,1,6,3,-1,-1,1390,1,11,-1,-1,-1
2017010070991,1,9,0,9,0,1,0,0,0,0,1,1,6,2,34,6,-1,-1,-1,6,1,6
2017010070991,2,1,0,18,0,8,0,0,0,0,2,1,6,2,31,6,-1,-1,-1,-1,-1,-1
2017010070992,1,11,0,18,0,1,0,0,0,0,0,1,1,1,49,8,4500,2,1,-1,-1,-1
2017010070994,1,5,0,-1,-1,-1,-1,-1,-1,-1,1,1,2,1,38,7,1100,1,20,2,1,2
2017010070994,2,8,0,-1,-1,-1,-1,-1,-1,-1,1,-1,6,1,-1,-1,1797,8,8,-1,-1,-1
2017010070995,1,9,5,9,0,1,0,0,0,0,3,1,6,1,47,8,1995,2,2,4,1,4
2017010070995,2,3,0,18,0,2,0,0,0,0,1,1,6,1,35,6,-1,-1,-1,5,1,5
2017010070996,1,8,0,17,0,0,0,0,0,0,4,1,1,1,51,8,2499,2,5,6,1,6
2017010070999,1,9,0,1,0,2,0,0,0,0,2,1,6,2,53,8,2400,2,-1,6,1,6
2017010071000,1,9,0,18,0,1,0,0,0,0,0,1,6,2,29,6,1197,1,3,3,1,3
2017010071000,2,9,0,5,0,1,0,0,0,0,4,1,6,3,-1,-1,1998,1,11,-1,-1,-1
2017010071003,1,9,0,1,0,8,0,0,0,0,4,1,6,2,56,9,1598,1,11,4,1,4
2017010071004,1,9,0,15,0,2,0,0,0,0,1,1,6,2,46,8,1395,1,-1,7,1,7
2017010071009,1,9,0,18,0,8,0,0,0,0,1,1,6,1,38,7,1598,1,10,-1,-1,-1
2017010071015,1,9,0,-1,0,1,-1,0,0,0,2,-1,6,1,63,9,1984,1,11,6,3,6
2017010071015,2,9,0,18,0,1,-1,0,0,0,1,-1,6,3,-1,-1,1587,1,12,-1,-1,-1
2017010071017,1,9,0,5,0,8,0,0,0,0,4,2,6,1,29,6,2993,2,7,2,1,2
2017010071017,2,9,0,9,0,8,0,0,0,0,3,2,6,2,38,7,1360,1,13,3,1,3
2017010071018,1,9,0,5,0,6,0,0,7,10,2,1,6,1,26,6,1395,1,1,1,1,1
2017010071018,2,9,0,18,0,1,0,0,0,0,1,1,6,1,-1,-1,5461,1,3,-1,-1,-1
2017010071019,1,3,0,15,0,1,0,0,0,0,3,1,2,1,23,5,124,1,-1,1,1,1
2017010071019,2,9,0,9,0,8,0,0,0,0,1,1,6,3,-1,-1,1598,1,15,-1,-1,-1
2017010071020,1,11,0,5,0,8,0,0,0,0,0,1,1,2,49,8,6700,2,8,5,1,5
2017010071021,1,8,0,5,0,5,0,0,0,0,1,1,6,1,50,8,1968,2,1,2,1,2
2017010071025,1,9,0,-1,-1,-1,-1,-1,-1,-1,3,-1,6,1,45,7,2987,2,8,5,1,5
2017010071025,2,9,0,-1,-1,-1,-1,-1,-1,-1,1,-1,6,3,-1,-1,1796,1,17,-1,-1,-1
2017010071027,1,9,0,18,0,2,0,0,0,0,1,1,6,2,74,10,1996,1,23,9,1,9
2017010071028,1,9,0,9,0,1,0,0,0,0,1,1,6,2,44,7,2993,2,13,7,1,7
2017010071028,2,9,0,9,8,6,0,0,0,0,1,1,6,1,37,7,1368,1,13,5,1,5
2017010071031,1,9,0,6,0,0,0,0,0,0,3,1,6,1,48,8,1685,2,3,6,1,6
2017010071031,2,9,0,18,0,0,0,0,0,0,1,1,6,2,56,9,1596,1,13,7,3,7
2017010071032,1,8,0,18,2,8,0,0,0,0,1,1,1,1,69,10,2499,2,4,6,3,6
2017010071032,2,9,0,7,0,8,0,0,0,0,2,1,6,2,31,6,1598,1,7,8,1,8
2017010071034,1,9,0,9,0,5,0,0,0,0,2,1,6,1,67,10,1248,1,8,5,1,5
2017010071034,2,1,0,18,0,2,0,0,0,0,1,1,2,1,32,6,-1,-1,-1,3,1,3
2017010071035,1,9,0,-1,-1,-1,-1,-1,-1,-1,3,-1,6,3,-1,-1,-1,-1,-1,-1,-1,-1
2017010071036,1,3,0,4,0,1,0,0,0,0,0,1,6,1,30,6,124,1,2,4,1,4
2017010071036,2,9,0,17,0,2,0,0,0,0,0,1,6,2,42,7,1968,2,8,4,1,4
2017010071037,1,8,0,6,0,2,0,0,0,0,3,1,6,1,42,7,2993,2,2,1,1,1
2017010071037,2,3,0,14,0,1,0,0,0,0,4,1,2,1,47,8,-1,-1,-1,5,1,5
2017010071038,1,9,0,18,0,8,1,0,0,0,1,1,6,1,47,8,2987,2,6,3,1,3
2017010071039,1,9,0,5,0,2,0,0,0,0,1,1,6,1,27,6,1984,1,10,-1,-1,-1
2017010071039,2,1,0,4,0,1,0,0,0,0,1,1,6,1,31,6,-1,-1,-1,4,1,4
2017010071040,1,9,0,5,0,1,0,0,0,0,1,1,6,1,27,6,2143,2,5,3,1,3
2017010071042,1,9,0,5,0,0,0,0,0,0,4,1,6,2,26,6,1968,2,7,6,1,6
2017010071042,2,9,0,18,0,0,0,0,0,0,1,1,6,2,48,8,1998,1,17,7,1,7
2017010071043,1,9,0,-1,-1,0,-1,-1,-1,-1,2,-1,6,1,26,6,1598,1,7,3,1,3
2017010071043,2,20,4,-1,-1,0,-1,-1,-1,-1,2,-1,6,3,-1,-1,-1,-1,-1,-1,-1,-1
2017010071044,1,9,0,18,0,1,0,0,0,0,0,1,6,2,37,7,1598,2,6,3,1,3
2017010071044,2,1,0,18,0,8,0,0,0,0,0,1,6,1,59,9,-1,-1,-1,6,1,6
2017010071044,3,9,0,2,0,1,0,0,0,0,3,1,6,3,-1,-1,1968,2,9,-1,-1,-1
2017010071045,1,21,1,7,0,2,0,0,0,0,4,1,1,1,46,8,12809,2,1,-1,-1,-1
2017010071045,2,1,0,18,0,4,0,0,0,0,1,1,6,1,33,6,-1,-1,-1,3,1,3
2017010071046,1,3,0,4,0,1,0,0,0,0,1,1,6,1,45,7,125,1,-1,4,1,4
2017010071046,2,9,0,10,0,5,0,0,0,0,1,1,6,1,26,6,1497,8,-1,2,1,2
2017010071050,1,9,0,18,0,8,0,0,0,0,1,1,6,1,82,11,1332,1,20,3,1,3
2017010071051,1,9,0,9,0,1,0,0,0,0,1,1,6,2,62,9,1390,1,14,2,1,2
2017010071051,2,3,0,18,0,1,2,0,0,0,1,1,1,1,22,5,125,1,9,7,1,7
2017010071052,1,9,0,6,0,0,0,0,0,0,1,1,6,2,63,9,2143,2,7,10,1,10
2017010071052,2,9,0,18,0,0,0,0,0,0,1,1,6,1,67,10,1969,2,1,8,1,8
2017010071055,1,3,0,13,0,1,1,0,0,0,0,1,1,1,20,4,125,1,12,8,1,8
2017010071057,1,9,0,8,0,1,0,0,0,0,1,1,6,2,38,7,1242,1,2,3,1,3
2017010071058,1,21,0,17,0,4,2,0,0,0,4,1,1,1,47,8,12777,2,3,4,1,4
2017010071059,1,11,0,3,0,1,0,0,0,0,1,1,1,1,38,7,6700,2,7,5,1,5
2017010071060,1,9,0,9,0,0,0,0,0,0,0,1,6,1,48,8,2793,1,21,3,1,3
2017010071063,1,9,0,18,0,1,0,0,0,0,1,1,6,1,40,7,1968,2,4,-1,-1,-1
2017010071063,2,9,0,9,0,6,0,0,7,10,4,1,6,2,69,10,1242,1,19,6,1,6
2017010071063,3,9,0,2,9,2,0,0,0,0,0,1,6,3,-1,-1,1796,1,6,-1,-1,-1
2017010071064,1,9,0,-1,-1,8,-1,-1,-1,-1,1,-1,6,2,31,6,1360,1,11,3,1,3
2017010071064,2,9,0,-1,-1,-1,-1,-1,-1,-1,1,-1,6,2,-1,-1,998,1,7,9,1,9
2017010071066,1,9,0,18,0,1,0,0,0,0,3,1,6,1,47,8,2143,2,4,5,1,5
2017010071066,2,9,0,5,0,6,0,0,0,0,1,1,6,2,56,9,1986,2,10,-1,-1,-1
2017010071068,1,19,0,6,0,0,0,0,0,0,2,1,1,1,26,6,2198,2,1,7,1,7
2017010071068,2,3,0,18,0,0,0,0,0,0,1,1,1,1,-1,-1,124,1,7,4,1,4
2017010071069,1,8,0,17,0,0,0,0,0,0,3,2,1,1,44,7,1798,8,2,5,1,5
2017010071069,2,9,0,11,0,0,0,0,0,0,4,1,6,3,-1,-1,-1,-1,-1,-1,-1,-1
2017010071073,1,19,0,9,0,5,0,0,0,0,1,1,2,1,50,8,-1,-1,-1,4,1,4
2017010071074,1,9,0,-1,-1,2,-1,-1,-1,-1,-1,-1,6,2,42,7,1796,1,13,9,1,9
2017010071074,2,19,0,-1,-1,2,-1,-1,-1,-1,-1,-1,6,1,-1,-1,2198,2,1,-1,-1,-1
2017010071076,1,9,0,5,0,1,0,0,0,0,1,1,6,3,-1,-1,1796,1,9,-1,-1,-1
2017010071076,2,1,0,4,0,1,0,0,0,0,1,1,6,1,33,6,-1,-1,-1,-1,-1,-1
2017010071077,1,9,0,-1,-1,-1,-1,-1,-1,-1,1,-1,6,2,32,6,2295,1,13,-1,-1,-1
2017010071083,1,3,0,-1,-1,-1,-1,-1,-1,-1,-1,1,6,1,29,6,125,1,1,3,1,3
2017010071083,2,9,-1,-1,-1,-1,-1,-1,-1,-1,-1,-1,6,3,-1,-1,-1,-1,-1,-1,-1,-1
2017010071085,1,8,0,13,0,0,0,0,7,10,1,1,1,1,59,9,2402,2,15,2,1,2
2017010071085,2,9,0,10,0,0,0,0,0,0,3,1,6,1,27,6,1999,2,-1,4,2,4
2017010071086,1,9,0,18,0,8,0,0,1,2,2,1,6,1,75,10,3471,1,9,10,1,10
2017010071086,2,11,0,18,0,8,0,0,0,0,0,1,1,2,44,7,6692,2,7,1,1,1
2017010071087,1,9,0,9,0,6,1,0,0,0,3,1,6,2,32,6,1896,2,15,2,1,2
2017010071087,2,3,0,15,0,1,2,4,0,0,1,1,1,1,26,6,108,1,5,2,1,2
2017010071090,1,9,0,9,0,0,0,0,0,0,4,1,6,1,77,11,1598,1,6,5,1,5
2017010071095,1,11,0,18,0,1,0,0,0,0,4,1,1,1,66,10,-1,2,9,5,1,5
2017010071101,1,9,0,18,0,8,0,0,0,0,1,1,1,1,50,8,-1,-1,-1,2,1,2
2017010071103,1,9,0,4,0,0,0,0,0,0,4,1,6,1,22,5,1197,1,-1,3,1,3
2017010071103,2,9,0,18,0,0,0,0,0,0,4,1,6,2,40,7,1399,1,1,7,1,7
2017010071103,3,9,0,9,0,0,0,0,0,0,3,1,1,1,29,6,2993,2,-1,-1,-1,-1
2017010071103,4,9,0,18,0,0,0,0,0,0,1,1,1,1,46,8,2993,2,1,3,1,3
2017010071103,5,9,0,18,0,0,0,0,0,0,1,1,1,1,48,8,2993,2,1,3,1,3
2017010071103,6,9,0,18,0,0,0,0,0,0,0,1,1,1,47,8,1995,2,2,3,1,3
2017010071103,7,9,0,18,0,0,0,0,0,0,2,1,6,1,50,8,2990,1,20,7,1,7
2017010071105,1,3,0,18,0,1,0,0,0,0,1,1,6,1,29,6,-1,-1,-1,3,1,3
2017010071105,2,9,0,10,0,1,0,0,0,0,3,1,6,1,40,7,1968,2,1,1,1,1
2017010071106,1,9,0,18,0,1,0,0,3,0,1,1,6,1,24,5,1798,1,16,4,1,4
2017010071106,2,9,0,18,0,1,0,0,0,0,1,1,6,1,37,7,1598,1,12,3,1,3
2017010071107,1,9,0,18,0,6,5,0,0,0,1,1,1,1,30,6,-1,-1,-1,6,1,6
2017010071107,2,9,0,18,0,8,0,0,0,0,3,1,6,2,27,6,1364,1,11,10,1,10
2017010071109,1,9,0,18,0,0,5,0,0,0,1,1,6,1,20,4,1900,2,13,4,1,4
2017010071109,2,9,0,18,0,0,0,0,0,0,4,1,6,1,30,6,1995,2,7,5,1,5
2017010071110,1,11,0,5,2,2,0,0,0,0,0,1,1,1,30,6,6700,2,6,3,1,3
2017010071111,1,9,0,18,0,8,0,4,0,0,1,1,6,1,17,4,2967,2,6,5,1,5
2017010071111,2,8,0,18,0,8,0,0,0,0,1,1,2,1,43,7,1798,8,3,5,1,5
2017010071111,3,9,0,2,0,1,0,0,0,0,3,1,6,3,-1,-1,1497,8,9,-1,-1,-1
2017010071116,1,9,0,5,0,2,0,0,0,0,1,1,6,2,55,8,1796,1,13,5,1,5
2017010071116,2,19,0,18,0,2,0,0,0,0,1,1,1,1,48,8,2460,2,10,9,1,9
2017010071119,1,9,0,18,0,6,0,0,0,0,2,1,6,1,31,6,1796,1,8,2,1,2
2017010071119,2,9,0,18,0,6,0,0,0,0,1,1,6,1,38,7,1686,2,9,2,1,2
2017010071122,1,9,0,18,0,2,0,0,0,0,4,1,6,1,51,8,2993,2,8,1,1,1
2017010071122,2,9,0,18,0,1,0,0,0,0,1,1,6,3,24,5,1796,1,9,2,1,2
2017010071123,1,9,0,9,0,5,0,0,0,0,1,1,1,1,23,5,998,1,14,2,1,2
2017010071123,2,3,0,18,0,1,1,0,0,0,0,1,6,1,27,6,125,1,1,3,1,3
2017010071127,1,9,0,17,0,0,1,4,0,0,2,1,6,2,28,6,1600,1,5,2,1,2
2017010071127,2,11,0,2,2,0,0,0,0,0,2,1,6,3,-1,-1,5132,2,2,-1,-1,-1
2017010071130,1,9,0,13,0,1,0,0,0,0,1,1,6,3,-1,-1,-1,-1,-1,-1,-1,-1
2017010071130,2,1,0,4,0,1,2,0,0,0,2,1,6,1,20,4,-1,-1,-1,2,1,2
2017010071131,1,9,0,18,0,1,0,0,0,0,4,1,2,1,42,7,2000,1,8,3,1,3
2017010071136,1,9,0,13,0,0,1,7,1,7,1,1,6,1,19,4,1995,2,13,9,1,9
2017010071136,2,8,0,18,0,0,1,0,0,0,2,1,2,1,31,6,1798,8,1,3,1,3
2017010071137,1,9,0,18,0,0,0,0,0,0,0,1,6,1,51,8,1798,8,-1,-1,-1,-1
2017010071138,1,9,0,7,0,5,0,0,0,0,2,1,6,1,26,6,1796,1,13,5,1,5
2017010071138,2,9,0,18,0,8,0,0,0,0,1,1,6,3,-1,-1,-1,-1,-1,-1,-1,-1
2017010071139,1,9,0,9,0,6,0,0,0,0,1,1,6,1,37,7,1399,1,1,5,1,5
2017010071139,2,19,0,18,0,1,0,0,0,0,1,1,1,1,49,8,2198,2,5,9,1,9
2017010071142,1,9,0,18,0,1,0,0,0,0,1,1,6,1,32,6,2996,1,9,-1,-1,-1
2017010071142,2,9,0,9,0,1,0,0,0,0,4,1,6,2,18,4,1229,1,10,6,1,6
2017010071146,1,9,-1,-1,-1,-1,-1,-1,-1,-1,-1,-1,6,2,29,6,1461,2,-1,7,1,7
2017010071146,2,9,0,-1,-1,-1,-1,-1,-1,-1,2,-1,6,3,73,10,2499,1,11,7,1,7
2017010071148,1,8,0,4,0,8,0,0,0,0,1,2,6,1,26,6,1797,8,7,3,1,3
2017010071152,1,9,0,18,0,0,0,0,0,0,1,1,2,1,44,7,1998,1,12,7,1,7
2017010071156,1,9,0,10,0,1,0,0,0,0,1,1,6,2,39,7,1997,1,10,2,1,2
2017010071157,1,9,0,3,4,1,0,8,0,0,3,1,6,1,37,7,3311,8,11,-1,-1,-1
2017010071157,2,1,0,18,4,1,0,8,0,0,1,1,2,2,31,6,-1,-1,-1,5,1,5
2017010071158,1,9,0,18,0,3,0,0,0,0,1,1,6,1,39,7,1995,2,14,7,1,7
2017010071158,2,9,0,3,0,4,0,0,0,0,1,1,6,1,68,10,1498,1,7,5,1,5
2017010071160,1,9,0,18,0,4,0,0,0,0,1,1,1,1,50,8,-1,-1,-1,4,1,4
2017010071160,2,1,0,7,0,8,1,0,0,0,4,1,6,2,40,7,-1,-1,-1,3,1,3
2017010071161,1,5,0,18,0,8,0,0,0,0,1,1,6,1,-1,-1,998,1,9,2,1,2
2017010071161,2,9,0,9,0,5,0,0,0,0,1,1,6,2,59,9,1364,1,3,-1,-1,-1
2017010071164,1,9,0,18,0,8,0,0,0,0,1,1,6,2,45,7,1896,2,14,4,1,4
2017010071164,2,9,0,18,0,8,0,0,0,0,1,1,6,2,49,8,1299,1,12,2,1,2
2017010071165,1,19,0,18,0,0,0,0,0,0,3,1,6,2,49,8,2300,2,11,2,1,2
2017010071166,1,9,0,5,0,8,0,0,0,0,1,1,6,1,22,5,1995,2,3,1,1,1
2017010071166,2,2,0,18,0,8,0,0,0,0,1,1,6,1,26,6,125,1,-1,1,1,1
2017010071169,1,9,0,18,0,0,0,0,0,0,2,1,6,1,49,8,2143,2,4,9,2,9
2017010071169,2,9,0,18,0,0,0,4,0,0,2,1,6,1,72,10,1596,1,8,10,1,10
2017010071169,3,9,0,18,0,0,0,0,0,0,1,1,6,2,34,6,1995,2,13,1,1,1
2017010071173,1,9,0,18,0,4,0,0,0,0,1,1,6,1,64,9,1799,1,10,2,1,2
2017010071173,2,9,0,9,0,4,0,0,0,0,4,1,6,1,35,6,1968,2,5,4,1,4
2017010071174,1,1,-1,-1,-1,-1,-1,-1,-1,-1,-1,1,6,2,26,6,-1,-1,-1,2,1,2
2017010071174,2,9,0,-1,-1,-1,-1,-1,-1,-1,-1,-1,6,1,-1,-1,-1,-1,-1,-1,-1,-1
2017010071175,1,9,0,3,0,1,0,0,0,0,0,1,1,1,27,6,-1,-1,-1,3,1,3
2017010071175,2,3,0,18,9,2,2,0,3,10,1,1,6,1,11,3,108,1,9,-1,-1,-1
2017010071175,3,3,0,3,0,1,5,0,0,0,4,1,6,1,13,3,125,1,9,-1,-1,-1
2017010071176,1,11,0,5,2,1,0,0,0,0,0,1,6,1,53,8,4500,2,2,3,1,3
2017010071179,1,3,0,13,0,1,0,0,0,0,1,1,6,1,53,8,124,1,3,3,1,3
2017010071181,1,9,0,6,0,0,0,0,0,0,2,2,2,1,21,5,1461,2,-1,2,1,2
2017010071181,2,9,0,5,0,0,0,0,0,0,3,2,6,2,36,7,1497,8,2,2,1,2
2017010071184,1,9,0,-1,-1,-1,-1,-1,-1,-1,2,-1,6,2,42,7,1198,1,6,4,1,4
2017010071190,1,9,0,9,0,1,0,0,0,0,1,1,6,2,30,6,1968,2,-1,9,1,9
2017010071195,1,11,0,4,0,0,0,0,0,0,0,1,1,2,58,9,6692,2,8,-1,-1,-1
2017010071196,1,3,0,13,0,0,0,0,7,0,4,1,6,1,22,5,124,1,13,-1,-1,-1
2017010071196,2,9,0,9,0,0,0,0,0,0,3,1,6,1,56,9,2148,2,11,2,1,2
2017010071197,1,9,0,-1,-1,-1,-1,-1,-1,-1,-1,-1,2,2,37,7,1968,2,2,5,1,5
2017010071197,2,9,0,-1,-1,-1,-1,-1,-1,-1,-1,-1,6,2,-1,-1,1973,1,16,-1,-1,-1
2017010071198,1,11,0,16,0,0,0,0,0,0,4,1,1,1,52,8,6692,2,6,3,1,3
2017010071198,2,9,0,16,0,0,0,0,0,0,4,1,1,1,30,6,1798,8,5,1,1,1
2017010071201,1,2,-1,-1,-1,0,-1,-1,-1,-1,-1,1,6,1,36,7,-1,-1,-1,3,1,3
2017010071201,2,8,0,-1,-1,0,-1,-1,-1,-1,-1,-1,6,1,-1,-1,2987,2,3,-1,-1,-1
2017010071202,1,9,0,4,0,0,0,0,0,0,0,1,6,1,36,7,2179,2,2,5,1,5
2017010071202,2,9,0,15,0,0,0,0,0,0,1,1,6,1,62,9,3628,2,10,4,1,4
2017010071210,1,9,0,18,-1,1,-1,0,0,0,2,1,6,2,34,6,-1,-1,-1,8,1,8
2017010071210,2,9,0,18,0,1,0,0,0,0,1,1,6,3,-1,-1,-1,-1,-1,-1,-1,-1
2017010071211,1,11,0,5,0,1,0,0,0,0,0,1,6,2,39,7,9360,2,7,5,1,5
2017010071213,1,9,0,9,0,1,0,0,0,0,4,1,6,2,53,8,1198,1,11,5,1,5
2017010071213,2,1,0,18,0,1,0,0,0,0,1,1,6,1,72,10,-1,-1,-1,7,1,7
2017010071220,1,9,0,13,0,0,0,0,0,0,1,1,6,2,29,6,2143,2,-1,3,1,3
2017010071221,1,1,0,17,0,0,0,0,0,0,0,1,6,1,20,4,-1,-1,-1,1,1,1
2017010071222,1,9,0,9,0,1,0,0,0,0,1,1,6,1,65,9,-1,-1,-1,4,1,4
2017010071222,2,3,0,18,0,8,5,0,0,0,1,1,6,1,34,6,124,1,7,7,1,7
2017010071224,1,11,0,18,0,1,0,0,0,0,0,1,1,1,22,5,9360,2,6,1,1,1
2017010071225,1,9,0,18,0,0,0,0,0,0,2,1,6,1,49,8,1197,1,2,5,1,5
2017010071225,2,9,0,18,0,0,0,0,0,0,1,2,6,2,41,7,1197,1,1,-1,1,-1
2017010071226,1,9,0,9,0,6,0,11,0,0,3,1,6,2,38,7,1598,2,2,6,1,6
2017010071229,1,9,0,9,0,1,0,0,0,0,3,1,6,1,23,5,1995,2,3,2,1,2
2017010071229,2,9,0,18,0,1,0,0,0,0,4,1,1,1,51,8,1969,2,1,9,3,9
2017010071230,1,9,0,18,0,0,0,0,1,0,4,1,6,1,48,8,898,1,2,4,1,4
2017010071232,1,19,0,5,0,6,0,0,0,0,1,1,1,1,54,8,2287,2,5,8,1,8
2017010071232,2,8,0,18,0,1,0,0,0,0,3,1,1,1,38,7,1798,8,-1,5,1,5
2017010071239,1,9,0,18,0,0,0,0,0,0,2,1,6,1,31,6,1461,2,-1,2,1,2
2017010071239,2,3,0,18,0,0,1,0,0,0,1,1,1,1,21,5,108,1,1,3,1,3
2017010071240,1,9,0,18,0,0,0,0,0,0,1,1,2,1,39,7,1968,2,10,3,1,3
2017010071240,2,9,0,2,9,0,0,4,0,0,1,1,6,3,-1,-1,3982,1,-1,-1,-1,-1
2017010071243,1,9,0,18,0,1,0,0,0,0,1,1,6,3,-1,-1,1598,1,7,-1,-1,-1
2017010071243,2,9,0,18,0,1,0,0,7,10,4,1,1,1,27,6,1598,2,2,6,1,6
2017010071244,1,9,0,18,0,8,0,0,0,0,3,1,6,2,22,5,1587,1,10,9,1,9
2017010071244,2,9,0,7,0,8,0,0,0,0,1,1,6,1,22,5,1896,2,10,6,1,6
2017010071244,3,19,0,2,0,2,0,0,0,0,2,1,6,3,-1,-1,1364,7,10,-1,-1,-1
2017010071245,1,1,0,18,0,8,0,0,0,0,0,1,6,1,54,8,-1,-1,-1,-1,-1,-1
2017010071245,2,8,0,7,0,8,0,0,0,0,0,1,6,3,-1,-1,-1,-1,-1,-1,-1,-1
2017010071250,1,21,1,18,0,1,0,0,0,0,1,1,1,1,37,7,12882,2,10,5,3,5
2017010071250,2,19,0,3,0,1,0,0,0,0,2,1,1,1,31,6,1995,2,-1,-1,-1,-1
2017010071250,3,19,0,3,0,1,0,0,0,0,2,1,1,1,25,5,1995,2,-1,5,1,5
2017010071251,1,9,0,18,0,6,0,0,0,0,1,1,1,1,44,7,1798,8,5,1,1,1
2017010071251,2,9,0,3,0,7,0,0,0,0,1,1,1,1,26,6,1198,1,2,4,1,4
2017010071252,1,9,0,9,0,6,0,0,0,0,4,1,2,1,62,9,-1,-1,-1,4,1,4
2017010071256,1,9,0,18,0,1,0,0,0,0,0,1,6,3,-1,-1,-1,-1,-1,-1,-1,-1
2017010071257,1,9,0,9,0,1,0,0,0,0,1,1,6,1,33,6,1753,2,10,7,1,7
2017010071257,2,9,0,18,0,1,0,0,0,0,1,1,6,2,24,5,1242,1,6,5,1,5
2017010071265,1,8,0,7,0,6,0,0,0,0,1,1,1,1,41,7,1968,2,2,2,1,2
2017010071265,2,19,0,18,0,1,0,0,0,0,1,1,1,1,29,6,1499,2,-1,3,1,3
2017010071267,1,1,-1,18,0,1,-1,-1,-1,-1,-1,1,6,1,29,6,-1,-1,-1,3,1,3
2017010071267,2,9,-1,9,0,1,-1,-1,-1,-1,-1,-1,6,1,34,6,2143,2,4,8,1,8
2017010071276,1,8,0,18,0,1,0,0,0,0,1,1,6,3,-1,-1,-1,-1,-1,-1,-1,-1
2017010071276,2,1,0,9,0,2,0,0,0,0,2,1,6,2,40,7,-1,-1,-1,6,1,6
2017010071277,1,5,-1,3,-1,-1,-1,-1,-1,-1,-1,1,6,1,35,6,636,1,4,2,1,2
2017010071277,2,9,-1,-1,0,-1,-1,-1,-1,-1,-1,-1,6,1,-1,-1,2400,2,1,-1,-1,-1
2017010071279,1,9,-1,3,-1,-1,-1,-1,-1,-1,-1,-1,6,2,34,6,1149,1,9,4,1,4
2017010071279,2,9,-1,-1,-1,-1,-1,-1,-1,-1,-1,-1,6,3,-1,-1,-1,-1,-1,-1,-1,-1
2017010071285,1,4,0,18,0,1,0,0,0,0,1,1,3,1,44,7,782,1,8,4,1,4
2017010071285,2,9,0,5,0,6,0,0,0,0,3,1,2,1,51,8,1998,1,12,-1,-1,-1
2017010071288,1,8,0,14,0,0,0,0,0,0,4,1,1,1,51,8,1798,8,4,3,1,3
2017010071296,1,9,0,9,0,8,0,0,0,0,1,1,2,1,34,6,1968,2,6,3,1,3
2017010071296,2,1,0,18,0,8,0,0,0,0,1,1,6,1,35,6,-1,-1,-1,6,1,6
2017010071297,1,9,0,18,0,0,-1,0,0,0,2,-1,6,3,-1,-1,-1,-1,-1,-1,-1,-1
2017010071297,2,9,-1,18,0,0,0,0,0,0,2,-1,1,2,21,5,1242,1,7,2,1,2
2017010071297,3,9,-1,18,0,0,-1,0,0,0,2,-1,1,1,25,5,1598,1,10,7,1,7
2017010071297,4,9,0,18,0,0,-1,0,0,0,2,-1,1,2,22,5,999,1,3,10,1,10
2017010071297,5,9,0,18,0,0,0,0,0,0,1,-1,2,1,27,6,2616,1,9,6,2,6
2017010071300,1,19,0,1,0,0,0,0,0,0,2,1,2,1,30,6,1968,2,7,8,1,8
2017010071300,2,5,0,3,0,0,5,0,0,0,1,1,2,1,51,8,599,1,17,4,1,4
2017010071302,1,1,0,14,0,1,1,0,0,0,1,1,2,1,27,6,-1,-1,-1,3,1,3
2017010071302,2,19,0,18,0,8,0,0,0,0,3,1,1,1,46,8,2999,2,-1,7,1,7
2017010071309,1,8,0,3,0,1,0,0,0,0,2,1,1,1,32,6,1798,8,-1,3,1,3
2017010071309,2,3,0,18,0,1,0,0,0,0,1,1,6,1,32,6,124,1,5,2,1,2
2017010071312,1,9,0,18,0,1,0,0,0,0,3,1,3,1,33,6,1598,1,5,2,1,2
2017010071319,1,9,0,-1,6,0,0,0,0,0,3,-1,6,1,51,8,1399,2,12,2,1,2
2017010071319,2,11,0,14,0,0,0,0,0,0,4,1,1,1,-1,-1,6692,2,8,-1,-1,-1
2017010071320,1,9,0,5,0,4,0,0,0,0,1,2,6,1,43,7,-1,-1,-1,2,1,2
2017010071320,2,5,0,9,0,3,0,0,0,0,3,1,6,1,57,9,656,1,2,-1,-1,-1