Accident_Index,Vehicle_Reference,Vehicle_Type,Towing_and_Articulation,Vehicle_Manoeuvre,Vehicle_Location-Restricted_Lane,Junction_Location,Skidding_and_Overturning,Hit_Object_in_Carriageway,Vehicle_Leaving_Carriageway,Hit_Object_off_Carriageway,1st_Point_of_Impact,Was_Vehicle_Left_Hand_Drive?,Journey_Purpose_of_Driver,Sex_of_Driver,Age_of_Driver,Age_Band_of_Driver,Engine_Capacity_(CC),Propulsion_Code,Age_of_Vehicle,Driver_IMD_Decile,Driver_Home_Area_Type,Vehicle_IMD_Decile
2017010072284,2,11,0,18,0,1,0,0,0,0,3,1,1,1,52,8,9360,2,8,4,1,4
2017010072284,3,1,0,18,9,1,5,0,0,0,1,1,6,1,25,5,-1,-1,-1,5,1,5
2017010072286,1,1,-1,-1,-1,-1,-1,-1,-1,-1,2,1,6,1,35,6,-1,-1,-1,2,1,2
2017010072286,2,9,0,-1,-1,-1,-1,-1,-1,-1,2,-1,6,1,-1,-1,1598,1,11,-1,-1,-1
2017010072288,1,9,0,6,0,8,0,0,0,0,1,1,6,1,49,8,1390,1,16,2,1,2
2017010072288,2,1,0,18,0,8,0,0,0,0,1,1,6,1,36,7,-1,-1,-1,7,1,7
2017010072292,1,9,0,3,0,0,0,0,0,0,2,1,2,1,49,8,2967,2,4,7,3,7
2017010072292,2,19,0,4,0,0,0,0,0,0,1,2,2,1,35,6,-1,-1,-1,5,1,5
2017010072292,3,9,0,3,0,0,0,0,0,0,2,1,2,2,39,7,1598,1,16,7,1,7
2017010072295,1,11,0,9,0,6,0,0,0,0,1,1,1,1,34,6,6700,2,5,1,1,1
2017010072295,2,9,0,18,0,8,0,0,0,0,4,1,1,1,53,8,-1,-1,-1,1,1,1
2017010072296,1,9,0,3,0,3,0,0,0,0,4,1,2,2,39,7,999,1,1,3,1,3
2017010072296,2,21,1,3,0,3,0,0,0,0,3,2,1,1,30,6,-1,-1,-1,-1,-1,-1
2017010072297,1,9,0,18,0,1,0,0,0,0,1,1,2,2,31,6,1598,2,1,4,1,4
2017010072297,2,9,0,18,0,1,0,0,1,2,3,1,6,1,59,9,1910,2,14,3,1,3
2017010072298,1,1,0,15,0,1,0,0,0,0,1,1,6,1,43,7,-1,-1,-1,1,1,1
2017010072304,1,11,0,5,2,1,0,0,0,0,0,1,1,1,36,7,6700,2,7,6,1,6
2017010072305,1,3,0,18,0,1,0,0,0,0,1,1,1,1,34,6,-1,-1,-1,3,1,3
2017010072305,2,9,0,5,0,2,0,0,0,0,1,1,6,2,70,10,1390,1,10,9,1,9
2017010072306,1,1,-1,-1,-1,-1,-1,-1,-1,-1,-1,1,6,1,46,8,-1,-1,-1,3,1,3
2017010072306,2,9,0,-1,-1,-1,-1,-1,-1,-1,-1,-1,6,2,-1,-1,1991,1,13,8,1,8
2017010072308,1,9,0,5,0,0,0,0,0,0,1,1,6,1,28,6,1600,1,5,9,1,9
2017010072308,2,3,0,15,0,0,1,0,0,0,1,1,6,2,41,7,124,1,3,3,1,3
2017010072310,1,9,0,6,0,8,0,0,1,0,1,1,6,1,58,9,1997,1,13,2,1,2
2017010072310,2,1,0,13,0,8,0,0,0,0,1,1,6,1,43,7,-1,-1,-1,2,1,2
2017010072311,1,9,0,17,0,2,0,0,0,0,1,1,6,1,72,10,1388,1,7,3,1,3
2017010072312,1,19,0,18,0,8,0,0,0,0,1,1,6,3,-1,-1,1753,2,5,-1,-1,-1
2017010072316,1,9,0,18,0,2,0,0,0,0,4,1,6,2,70,10,1200,1,4,2,1,2
2017010072316,2,9,0,3,0,2,0,0,0,0,3,1,6,1,48,8,1796,1,7,4,1,4
2017010072321,1,9,0,9,0,8,0,0,0,0,3,1,6,1,21,5,973,1,15,6,1,6
2017010072321,2,3,0,13,0,1,1,0,0,0,4,1,1,1,22,5,124,1,6,4,1,4
2017010072322,1,9,0,3,0,0,0,0,0,0,1,1,6,2,42,7,1200,1,1,3,1,3
2017010072322,2,9,0,18,0,0,0,0,0,0,2,1,6,1,47,8,1686,2,6,3,1,3
2017010072322,3,9,0,18,0,0,0,0,0,0,1,1,6,2,38,7,-1,-1,-1,9,1,9
2017010072323,1,2,0,18,0,1,2,0,0,0,1,1,2,1,43,7,49,1,10,2,1,2
2017010072323,2,9,0,9,0,5,0,0,0,0,1,2,6,1,63,9,1396,1,16,5,1,5
2017010072323,3,1,0,18,0,1,5,0,0,0,1,1,6,1,25,5,-1,-1,-1,2,1,2
2017010072324,1,3,0,18,0,0,0,0,0,0,1,1,1,1,18,4,108,1,-1,2,1,2
2017010072324,2,9,0,2,0,0,0,0,0,0,2,1,6,3,-1,-1,-1,-1,-1,-1,-1,-1
2017010072325,1,9,0,18,0,1,0,0,0,0,1,1,6,1,27,6,-1,-1,-1,3,1,3
2017010072325,2,9,0,16,0,8,1,0,0,0,2,1,6,1,20,4,1598,1,11,1,1,1
2017010072325,3,11,0,16,0,8,0,0,0,0,1,1,1,1,56,9,-1,-1,-1,6,1,6
2017010072327,1,9,0,5,0,0,0,0,0,0,3,1,6,1,40,7,1968,2,10,8,1,8
2017010072327,2,3,0,18,0,0,0,0,0,0,1,1,1,1,34,6,125,1,7,3,1,3
2017010072328,1,9,0,5,0,8,0,0,0,0,1,1,6,2,50,8,1395,1,2,-1,-1,-1
2017010072328,2,2,0,16,0,8,5,0,0,0,4,1,1,2,20,4,124,1,1,4,1,4
2017010072329,1,9,0,7,0,2,0,0,0,0,1,1,6,2,63,9,1997,1,10,-1,-1,-1
2017010072331,1,9,0,2,0,1,0,0,0,0,2,1,6,3,-1,-1,1995,2,11,-1,-1,-1
2017010072331,2,9,0,5,9,1,1,0,7,10,1,1,6,2,70,10,1598,1,11,9,1,9
2017010072333,1,8,0,18,0,1,0,2,1,0,1,1,1,1,49,8,1950,2,1,2,1,2
2017010072339,1,8,0,6,0,0,0,0,0,0,3,1,1,1,48,8,2143,2,5,5,1,5
2017010072339,2,1,0,18,0,0,0,0,0,0,1,1,6,1,31,6,-1,-1,-1,3,1,3
2017010072340,1,11,0,5,0,1,0,0,0,0,1,1,1,1,44,7,6692,2,4,4,1,4
2017010072340,2,1,0,5,0,1,0,0,0,0,0,1,6,2,51,8,-1,-1,-1,2,1,2
2017010072342,1,9,0,1,0,0,0,0,0,0,2,1,6,1,40,7,2099,1,14,2,1,2
2017010072343,1,9,0,9,0,1,0,0,0,0,1,1,2,2,32,6,1595,1,10,4,1,4
2017010072343,2,1,0,18,0,8,0,0,0,0,4,1,2,1,50,8,-1,-1,-1,3,1,3
2017010072344,1,9,0,5,0,1,0,0,0,0,1,1,6,1,67,10,1349,1,7,10,1,10
2017010072344,2,3,0,18,0,8,0,0,0,0,1,1,6,1,44,7,124,1,1,4,1,4
2017010072346,1,9,-1,18,0,4,0,-1,0,0,1,1,6,1,43,7,2143,2,2,8,1,8
2017010072357,1,19,0,7,0,6,0,0,0,0,1,1,2,1,41,7,2198,2,8,3,1,3
2017010072357,2,1,0,18,0,8,0,0,0,0,4,1,2,1,44,7,-1,-1,-1,4,1,4
2017010072363,1,8,0,18,0,2,0,0,0,0,4,1,1,1,46,8,2499,2,6,-1,-1,-1
2017010072363,2,8,0,18,0,2,0,0,0,0,1,1,1,1,53,8,1798,8,5,4,1,4
2017010072366,1,9,0,18,0,-1,0,0,0,0,4,1,1,1,31,6,1389,1,13,3,1,3
2017010072366,2,9,0,18,0,-1,0,0,0,0,3,1,1,1,-1,-1,1797,8,8,4,1,4
2017010072382,1,9,0,3,0,0,0,0,-1,0,4,1,6,3,30,6,1685,2,1,4,1,4
2017010072382,2,1,0,18,-1,0,0,0,0,0,3,1,1,1,42,7,-1,-1,-1,2,1,2
2017010072388,1,9,0,-1,-1,0,-1,-1,-1,-1,2,-1,2,2,30,6,1395,1,1,8,1,8
2017010072388,2,9,0,-1,-1,0,-1,-1,-1,-1,1,-1,6,1,70,10,1390,1,12,10,1,10
2017010072392,1,9,0,-1,-1,-1,-1,-1,-1,-1,1,-1,6,3,-1,-1,-1,-1,-1,-1,-1,-1
2017010072394,1,5,0,5,0,1,0,0,0,0,1,1,2,1,33,6,599,1,10,8,1,8
2017010072394,2,19,0,10,0,8,0,0,0,0,0,1,1,1,33,6,2198,2,1,-1,-1,-1
2017010072396,1,1,-1,-1,-1,-1,-1,-1,-1,-1,-1,1,6,1,28,6,-1,-1,-1,3,1,3
2017010072396,2,9,0,-1,-1,-1,-1,-1,-1,-1,-1,-1,6,3,53,8,1461,2,5,3,1,3
2017010072398,1,9,0,5,0,6,0,0,0,0,0,1,2,1,22,5,1598,2,5,3,1,3
2017010072398,2,5,0,5,0,6,5,0,0,0,0,1,2,1,55,8,919,1,13,8,1,8
2017010072400,1,8,0,18,0,0,0,0,0,0,1,1,1,1,39,7,1797,8,7,5,1,5
2017010072402,1,1,0,18,-1,0,-1,0,0,0,3,1,6,1,43,7,-1,-1,-1,6,1,6
2017010072404,1,9,0,18,0,8,0,0,0,0,1,-1,6,1,-1,-1,1999,2,-1,-1,-1,-1
2017010072404,2,1,0,18,0,8,0,0,0,0,4,1,6,1,33,6,-1,-1,-1,1,1,1
2017010072411,1,9,0,18,0,1,0,0,7,1,1,1,1,1,39,7,1910,2,11,6,1,6
2017010072411,2,9,0,5,0,1,0,0,2,10,1,1,1,2,51,8,1149,1,10,5,1,5
2017010072418,1,11,0,18,0,1,0,0,0,0,1,1,6,3,-1,-1,-1,-1,-1,-1,-1,-1
2017010072418,2,1,0,18,2,1,1,0,1,0,2,1,6,1,24,5,-1,-1,-1,3,1,3
2017010072420,1,11,0,18,0,0,0,-1,0,0,-1,1,6,3,-1,-1,-1,-1,-1,-1,-1,-1
2017010072422,1,8,0,18,0,1,0,0,0,0,3,1,6,1,59,9,2402,7,12,10,1,10
2017010072422,2,9,0,18,0,1,0,0,0,0,1,1,6,1,23,5,1600,7,12,3,1,3
2017010072422,3,9,0,18,0,2,0,0,0,0,1,1,6,1,27,6,-1,-1,-1,2,1,2
2017010072434,1,9,0,18,0,0,0,11,0,0,4,1,3,2,27,6,1560,2,7,5,1,5
2017010072447,1,90,0,1,0,1,0,0,0,0,2,-1,6,3,-1,-1,-1,3,-1,-1,-1,-1
2017010072457,1,9,0,7,0,6,0,0,0,0,3,1,6,1,29,6,1997,1,2,2,1,2
2017010072457,2,1,0,13,0,1,0,0,0,0,4,1,6,1,53,8,-1,-1,-1,3,1,3
2017010072460,1,9,-1,-1,-1,0,-1,-1,-1,-1,-1,1,6,3,-1,-1,-1,-1,-1,-1,-1,-1
2017010072461,1,19,0,6,0,0,0,0,0,0,1,2,1,1,55,8,-1,-1,-1,3,1,3
2017010072461,2,2,0,18,0,0,2,0,0,0,1,1,6,1,26,6,124,1,1,9,1,9
2017010072463,1,1,-1,-1,-1,-1,-1,-1,-1,-1,-1,1,2,1,25,5,-1,-1,-1,6,1,6
2017010072463,2,8,0,-1,-1,-1,-1,-1,-1,-1,1,-1,6,1,-1,-1,1560,2,2,9,1,9
2017010072464,1,9,0,1,-1,-1,0,0,0,0,2,-1,6,2,-1,-1,1796,1,2,-1,-1,-1
2017010072471,1,9,0,18,0,4,0,0,0,0,0,1,6,1,25,5,2979,1,13,10,1,10
2017010072471,2,1,0,7,0,3,0,0,0,0,2,1,6,1,45,7,-1,-1,-1,10,1,10
2017010072473,1,19,0,-1,-1,-1,-1,-1,-1,-1,1,-1,6,1,43,7,1995,2,9,2,1,2
2017010072476,1,3,0,11,0,1,0,0,0,0,4,1,1,1,41,7,125,1,2,4,1,4
2017010072476,2,9,0,18,0,1,0,0,0,0,3,1,1,1,27,6,1598,2,-1,2,1,2
2017010072485,1,9,0,18,0,0,0,0,0,0,1,-1,6,2,45,7,3189,1,9,5,1,5
2017010072485,2,9,0,1,0,0,0,0,0,0,2,-1,6,1,-1,-1,2993,2,12,3,1,3
2017010072486,1,11,0,5,8,0,0,0,0,0,0,1,1,1,52,8,8300,2,10,8,1,8
2017010072491,1,9,0,18,0,8,0,0,0,0,3,1,6,2,35,6,1390,1,11,2,1,2
2017010072491,2,9,0,9,0,6,0,0,0,0,3,1,1,1,22,5,1984,1,2,5,1,5
2017010072493,1,9,0,4,0,1,0,0,0,0,1,1,6,1,75,10,505,1,10,4,1,4
2017010072494,1,9,0,5,0,6,0,0,0,0,1,1,3,1,61,9,1497,8,9,6,1,6
2017010072494,2,5,0,18,0,1,0,0,0,0,4,1,2,1,47,8,649,1,2,5,1,5
2017010072498,1,8,0,18,0,8,0,0,0,0,1,1,1,1,52,8,1798,8,1,2,1,2
2017010072498,2,1,0,18,0,8,0,0,0,0,4,1,6,1,16,4,-1,-1,-1,3,1,3
2017010072501,1,1,-1,-1,-1,0,-1,-1,-1,-1,0,1,6,1,26,6,-1,-1,-1,6,1,6
2017010072501,2,9,0,-1,-1,0,-1,-1,-1,-1,-1,-1,6,2,-1,-1,1390,1,8,-1,-1,-1
2017010072504,1,9,0,18,0,0,0,0,0,0,3,2,6,1,43,7,3311,8,9,2,1,2
2017010072504,2,5,0,18,0,0,1,0,0,0,1,1,1,1,53,8,999,1,7,2,1,2
2017010072508,1,4,-1,3,0,-1,5,0,0,0,1,1,1,1,48,8,125,1,7,5,1,5
2017010072508,2,9,0,1,0,-1,0,0,0,0,2,-1,6,3,-1,-1,-1,-1,-1,-1,-1,-1
2017010072512,1,9,-1,-1,-1,-1,-1,-1,-1,-1,-1,-1,6,2,36,7,1596,1,4,2,1,2
2017010072512,2,9,-1,-1,-1,-1,-1,-1,-1,-1,-1,-1,6,2,-1,-1,1397,1,15,3,1,3
2017010072518,1,19,0,9,0,5,0,0,0,0,1,1,6,1,-1,-1,2148,2,11,1,1,1
2017010072520,1,19,0,18,0,-1,0,0,0,0,-1,1,6,3,-1,-1,2151,2,14,-1,-1,-1
2017010072523,1,9,0,4,0,0,0,0,0,0,1,1,6,1,63,9,1997,2,5,7,1,7
2017010072523,2,9,0,4,0,0,0,0,0,0,2,1,6,1,54,8,-1,-1,-1,7,1,7
2017010072526,1,5,0,15,0,0,0,0,0,0,4,1,2,1,46,8,745,1,2,-1,-1,-1
2017010072526,2,9,0,18,0,0,0,0,0,0,0,-1,6,3,-1,-1,-1,-1,-1,-1,-1,-1
2017010072526,3,9,0,18,0,0,0,0,0,0,3,-1,6,3,-1,-1,-1,-1,-1,-1,-1,-1
2017010072540,1,8,0,9,0,6,0,0,7,10,3,1,1,1,56,9,1798,8,1,4,1,4
2017010072540,2,19,0,18,0,1,0,0,1,4,1,2,2,1,58,9,1995,2,-1,4,1,4
2017010072542,1,8,0,4,0,3,0,0,0,0,2,1,1,1,36,7,1797,8,6,2,1,2
2017010072542,2,9,0,18,0,3,0,0,0,0,1,1,2,1,27,6,1968,2,3,5,1,5
2017010072543,1,11,0,-1,-1,0,-1,-1,-1,-1,-1,-1,6,3,-1,-1,-1,-1,-1,-1,-1,-1
2017010072545,1,9,0,-1,-1,0,-1,-1,-1,-1,-1,-1,6,3,27,6,1995,1,10,-1,-1,-1
2017010072546,1,9,0,18,0,-1,0,0,-1,0,1,-1,6,3,-1,-1,1995,2,7,-1,-1,-1
2017010072550,1,9,0,-1,-1,-1,-1,-1,-1,-1,2,-1,6,1,29,6,1200,1,-1,3,1,3
2017010072550,2,9,0,-1,-1,-1,-1,-1,-1,-1,1,-1,6,2,-1,-1,-1,-1,-1,4,1,4
2017010072554,1,11,0,5,0,1,0,0,0,0,0,1,1,1,55,8,5132,2,1,6,1,6
2017010072555,1,9,0,2,0,1,0,0,0,0,0,1,6,3,-1,-1,2000,2,6,-1,-1,-1
2017010072555,2,1,0,18,0,1,0,0,0,0,1,1,2,1,42,7,-1,-1,-1,5,1,5
2017010072556,1,3,0,18,0,1,0,0,0,0,1,1,1,1,20,4,125,1,2,8,1,8
2017010072556,2,8,0,18,0,1,0,0,0,0,2,1,1,1,36,7,1798,8,1,7,1,7
2017010072560,1,11,0,18,2,2,0,0,0,0,1,1,1,1,57,9,5132,2,1,2,1,2
2017010072561,1,19,0,12,0,0,0,0,0,0,3,1,1,1,41,7,2461,2,13,4,1,4
2017010072561,2,3,0,18,0,0,0,0,0,0,4,1,2,1,37,7,125,1,6,3,1,3
2017010072570,1,9,0,9,0,6,0,0,0,0,1,1,6,1,43,7,2993,2,5,7,1,7
2017010072571,1,9,0,18,0,2,0,0,0,0,1,1,6,1,40,7,898,1,-1,6,1,6
2017010072571,2,1,0,5,0,6,0,4,0,0,3,1,6,1,43,7,-1,-1,-1,4,1,4
2017010072571,3,9,0,2,0,2,0,0,0,0,2,2,6,3,-1,-1,998,1,17,-1,-1,-1
2017010072574,1,9,0,9,0,1,0,0,0,0,1,1,6,1,46,8,1769,1,15,3,1,3
2017010072574,2,4,0,18,0,6,0,0,0,0,1,1,6,1,25,5,108,1,9,3,1,3
2017010072575,1,1,-1,18,-1,0,-1,-1,-1,-1,1,1,2,2,39,7,-1,-1,-1,8,1,8
2017010072575,2,9,0,-1,-1,0,-1,-1,-1,-1,3,-1,6,3,-1,-1,-1,-1,-1,-1,-1,-1
2017010072576,1,8,0,18,0,1,0,0,0,0,3,1,2,1,69,10,2499,2,3,3,1,3
2017010072576,2,3,0,18,0,2,5,0,0,0,1,1,1,1,25,5,-1,-1,-1,4,1,4
2017010072581,1,9,0,18,0,0,0,0,0,0,2,1,6,3,-1,-1,-1,-1,-1,-1,-1,-1
2017010072581,2,9,0,18,0,0,0,0,0,0,1,1,6,2,31,6,1596,1,13,3,1,3
2017010072581,3,9,0,18,0,0,1,0,0,0,1,1,6,1,23,5,1956,2,7,2,1,2
2017010072581,4,9,0,18,0,0,0,0,0,0,0,1,6,2,41,7,-1,-1,-1,6,1,6
2017010072583,1,1,0,14,0,0,0,0,0,0,0,1,2,2,52,8,-1,-1,-1,7,1,7
2017010072583,2,20,0,7,0,0,0,0,0,0,4,-1,6,3,-1,-1,-1,-1,-1,-1,-1,-1
2017010072584,1,9,0,2,6,1,0,0,0,0,3,1,6,3,-1,-1,2993,2,1,-1,-1,-1
2017010072584,2,9,0,18,0,1,0,0,0,0,4,1,2,1,41,7,1956,2,2,5,1,5
2017010072585,1,1,-1,-1,-1,-1,-1,-1,-1,-1,0,1,2,1,30,6,-1,-1,-1,2,1,2
2017010072585,2,9,0,-1,-1,-1,-1,-1,-1,-1,0,-1,6,1,-1,-1,-1,-1,-1,-1,-1,-1
2017010072587,1,9,0,13,0,0,0,0,0,0,4,1,2,1,45,7,3199,1,17,4,1,4
2017010072587,2,1,0,18,0,0,0,0,0,0,2,1,6,1,45,7,-1,-1,-1,5,1,5
2017010072588,1,5,0,18,0,0,0,10,0,0,4,1,2,1,42,7,999,1,6,3,1,3
2017010072589,1,9,0,4,0,0,0,0,0,0,0,1,2,2,54,8,999,1,2,-1,-1,-1
2017010072589,2,9,0,4,0,0,1,0,0,0,0,1,6,1,21,5,1198,1,14,6,1,6
2017010072589,3,9,0,4,0,0,1,0,0,0,1,1,6,1,19,4,1496,2,1,6,1,6
2017010072589,4,9,0,4,0,0,1,0,0,0,1,1,6,1,24,5,1200,1,1,8,3,8
2017010072593,1,9,0,3,0,0,0,0,0,0,2,1,6,1,37,7,1493,1,20,6,1,6
2017010072593,2,9,0,4,0,0,0,0,0,0,1,1,6,1,57,9,-1,-1,-1,-1,-1,-1
2017010072595,1,9,0,4,0,8,0,0,0,0,1,1,6,1,40,7,1997,2,6,1,1,1
2017010072595,2,9,0,4,0,8,0,0,0,0,2,1,6,1,36,7,2967,2,6,4,1,4
2017010072597,1,8,0,5,0,8,0,0,0,0,3,1,1,1,64,9,1791,8,5,5,1,5
2017010072597,2,9,0,9,0,8,0,0,0,0,1,1,6,2,72,10,1997,2,2,5,1,5
2017010072599,1,9,0,18,0,0,5,0,1,0,1,1,6,1,29,6,1598,1,4,3,1,3
2017010072599,2,9,0,2,0,0,0,0,0,0,2,1,6,3,-1,-1,1598,1,12,-1,-1,-1
2017010072599,3,9,0,2,0,0,0,0,0,0,1,1,6,3,-1,-1,1598,1,4,-1,-1,-1
2017010072599,4,9,0,2,0,0,0,0,0,0,4,1,6,3,-1,-1,1995,1,12,-1,-1,-1
2017010072600,1,1,0,18,0,2,0,0,0,0,1,1,1,1,24,5,-1,-1,-1,-1,-1,-1
2017010072600,2,9,0,9,0,1,0,0,0,0,1,1,6,1,27,6,998,1,15,2,1,2
2017010072602,1,9,0,16,0,1,0,0,0,0,1,1,6,2,21,5,1240,1,14,4,1,4
2017010072602,2,9,0,17,0,2,0,0,0,0,1,1,6,3,-1,-1,998,1,16,-1,-1,-1
2017010072602,3,9,0,2,0,2,0,0,0,0,3,1,6,3,-1,-1,1499,1,-1,-1,-1,-1
2017010072603,1,9,0,11,0,0,1,0,0,0,4,1,6,1,25,5,2993,2,4,2,1,2
2017010072603,2,9,0,18,0,0,1,0,0,0,3,1,6,1,19,4,1995,2,6,4,1,4
2017010072605,1,9,0,18,0,0,5,4,7,0,4,1,6,1,24,5,1390,1,14,8,1,8
2017010072608,1,8,0,11,2,8,0,0,0,0,2,1,1,1,43,7,1598,2,6,4,1,4
2017010072608,2,9,0,18,2,8,0,0,0,0,1,1,6,1,24,5,2993,2,3,2,1,2
2017010072610,1,9,0,18,0,0,0,0,0,0,2,1,6,1,27,6,1995,2,9,4,1,4
2017010072610,2,19,0,18,0,0,0,0,0,0,1,1,2,1,41,7,1870,2,11,3,1,3
2017010072611,1,3,0,18,0,1,0,0,0,0,1,1,6,1,17,4,124,1,14,2,1,2
2017010072611,2,9,0,9,0,8,0,0,0,0,1,1,6,3,-1,-1,-1,-1,-1,-1,-1,-1
2017010072613,1,4,0,14,0,2,0,7,0,0,3,1,6,1,30,6,125,1,2,9,1,9
2017010072614,1,8,0,3,0,1,0,0,0,0,2,1,2,1,50,8,1797,8,7,3,1,3
2017010072614,2,9,0,5,0,1,0,4,0,0,1,1,6,3,-1,-1,1364,1,11,-1,-1,-1
2017010072617,1,1,0,18,0,2,0,0,0,0,1,1,2,1,30,6,-1,-1,-1,2,1,2
2017010072620,1,3,0,18,0,1,2,0,0,0,1,1,6,3,-1,-1,125,1,3,-1,-1,-1
2017010072622,1,1,-1,-1,-1,-1,-1,-1,-1,-1,-1,1,2,2,37,7,-1,-1,-1,6,1,6
2017010072622,2,9,0,18,-1,-1,-1,-1,-1,-1,3,-1,6,2,-1,-1,1797,8,8,-1,-1,-1
2017010072623,1,9,0,4,0,0,0,0,0,0,2,1,6,2,23,5,1598,2,4,9,1,9
2017010072623,2,19,0,4,0,0,0,0,0,0,1,1,1,1,38,7,2198,2,3,2,1,2
2017010072626,1,9,0,18,0,2,0,0,0,0,1,1,6,3,27,6,1950,2,1,-1,-1,-1
2017010072626,2,3,0,18,0,1,2,0,0,0,0,1,6,1,18,4,124,1,2,2,1,2
2017010072629,1,9,0,-1,-1,-1,-1,-1,-1,-1,-1,-1,6,2,27,6,1598,1,4,4,1,4
2017010072629,2,9,0,-1,-1,-1,-1,-1,-1,-1,-1,-1,6,1,-1,-1,1796,1,15,-1,-1,-1
2017010072630,1,9,0,10,0,0,0,0,0,0,4,1,6,1,33,6,1968,2,8,2,1,2
2017010072630,2,9,0,18,0,0,0,0,0,0,1,1,6,1,59,9,1596,1,17,2,1,2
2017010072633,1,9,0,18,0,1,0,0,0,0,1,1,6,2,21,5,1995,1,10,6,1,6
2017010072633,2,9,0,4,0,1,0,0,0,0,2,1,6,1,33,6,1560,2,8,2,1,2
2017010072634,1,11,0,18,0,0,0,0,0,0,3,1,1,1,36,7,4500,2,6,1,1,1
2017010072635,1,19,0,14,0,1,0,0,0,0,3,1,2,1,62,9,1248,2,8,3,1,3
2017010072635,2,5,0,13,0,1,5,0,0,0,1,1,2,1,53,8,1250,1,17,3,1,3
2017010072636,1,9,0,9,0,0,0,0,0,0,4,1,2,1,36,7,1061,1,11,4,1,4
2017010072636,2,3,0,18,0,0,0,0,0,0,1,1,1,1,18,4,108,1,2,4,1,4
2017010072637,1,9,0,18,0,2,0,0,0,0,0,1,1,1,37,7,2993,2,1,9,1,9
2017010072637,2,3,0,18,0,5,0,11,0,0,0,1,6,1,14,3,125,1,3,2,1,2
2017010072638,1,9,0,18,0,1,0,0,0,0,0,1,6,3,-1,-1,-1,-1,-1,-1,-1,-1
2017010072639,1,9,0,13,0,0,0,0,1,0,1,2,6,1,31,6,1997,2,12,-1,1,-1
2017010072639,2,11,0,4,0,0,0,0,0,0,3,2,1,1,30,6,4500,2,8,3,1,3
2017010072641,1,9,0,18,0,3,0,0,0,0,3,1,6,2,21,5,1598,1,7,3,1,3
2017010072641,2,9,0,9,0,3,0,0,0,0,1,1,6,2,40,7,1360,1,10,9,1,9
2017010072642,1,9,0,18,0,6,0,4,0,0,3,1,6,2,33,6,1242,1,1,5,1,5
2017010072642,2,9,0,2,0,1,0,0,0,0,3,1,6,3,-1,-1,2290,1,8,-1,-1,-1
2017010072645,1,9,0,18,0,2,0,0,7,10,3,1,6,1,51,8,2497,2,12,7,1,7
2017010072645,2,9,0,18,0,8,0,0,0,0,1,1,6,1,16,4,1598,1,13,-1,-1,-1
2017010072647,1,20,0,18,0,8,0,0,0,0,0,1,1,1,32,6,-1,-1,-1,4,1,4
2017010072649,1,9,0,18,0,1,0,0,0,0,1,1,6,1,38,7,-1,-1,-1,3,1,3
2017010072651,1,9,0,18,0,0,0,0,0,0,1,1,6,3,-1,-1,1198,1,6,-1,-1,-1
2017010072652,1,8,0,18,0,0,0,0,0,0,1,1,1,1,34,6,1997,2,6,1,1,1
2017010072654,1,9,0,18,0,0,0,7,0,0,1,1,6,2,38,7,998,1,4,3,1,3
2017010072655,1,9,0,18,0,6,0,7,0,0,1,1,6,2,41,7,1796,1,13,9,1,9
2017010072656,1,19,0,18,0,0,0,0,0,0,1,1,6,1,22,5,-1,-1,-1,-1,-1,-1
2017010072657,1,9,0,18,0,8,1,7,0,0,3,1,6,1,38,7,1798,1,7,7,1,7
2017010072658,1,9,0,5,0,8,1,0,0,0,1,1,6,1,32,6,-1,-1,-1,1,1,1
2017010072658,2,9,0,9,0,5,0,7,0,0,3,1,6,1,36,7,-1,-1,-1,2,1,2
2017010072662,1,9,0,18,0,2,0,0,0,0,4,1,2,1,33,6,1968,2,6,1,1,1
2017010072662,2,1,0,18,0,8,0,0,0,0,4,1,6,1,27,6,-1,-1,-1,2,1,2
2017010072664,1,9,0,-1,-1,-1,-1,-1,-1,-1,3,-1,6,2,21,5,1229,1,8,8,1,8
2017010072664,2,9,0,-1,-1,-1,-1,-1,-1,-1,-1,-1,6,1,-1,-1,1124,1,13,3,1,3
2017010072666,1,9,0,-1,-1,0,-1,-1,-1,-1,3,-1,6,1,29,6,1968,2,3,3,1,3
2017010072666,2,9,0,-1,-1,0,-1,-1,-1,-1,1,-1,6,1,-1,-1,2993,2,3,-1,-1,-1
2017010072667,1,9,0,18,0,0,5,0,0,0,3,1,6,2,35,6,2402,2,6,2,1,2
2017010072667,2,9,0,18,0,0,0,0,0,0,4,1,6,1,24,5,1329,1,6,2,1,2
2017010072670,1,9,0,18,0,8,0,0,0,0,3,1,6,1,40,7,3628,2,7,6,1,6
2017010072670,2,1,0,18,0,8,0,0,0,0,1,1,1,2,48,8,-1,-1,-1,10,1,10
2017010072673,1,9,0,7,0,0,0,0,0,0,1,1,1,1,46,8,-1,-1,-1,7,1,7
2017010072674,1,9,-1,-1,-1,-1,-1,-1,-1,-1,-1,-1,6,2,30,6,1229,1,6,9,1,9
2017010072674,2,9,0,-1,-1,-1,-1,-1,-1,-1,1,-1,6,2,-1,-1,1596,1,11,4,1,4
2017010072675,1,9,0,18,0,0,0,0,0,0,0,1,6,1,53,8,999,1,2,3,1,3
2017010072679,1,11,0,18,2,1,0,0,0,0,0,1,1,2,47,8,4500,2,1,4,1,4
2017010072679,2,19,0,7,7,1,0,0,0,0,0,1,6,1,28,6,2148,2,8,5,1,5
2017010072690,1,9,0,5,0,0,0,0,0,0,3,1,6,1,61,9,1587,1,15,1,1,1
2017010072690,2,9,0,18,0,0,0,0,0,0,1,1,6,1,34,6,2148,2,12,3,1,3