Accident_Index,Vehicle_Reference,Vehicle_Type,Towing_and_Articulation,Vehicle_Manoeuvre,Vehicle_Location-Restricted_Lane,Junction_Location,Skidding_and_Overturning,Hit_Object_in_Carriageway,Vehicle_Leaving_Carriageway,Hit_Object_off_Carriageway,1st_Point_of_Impact,Was_Vehicle_Left_Hand_Drive?,Journey_Purpose_of_Driver,Sex_of_Driver,Age_of_Driver,Age_Band_of_Driver,Engine_Capacity_(CC),Propulsion_Code,Age_of_Vehicle,Driver_IMD_Decile,Driver_Home_Area_Type,Vehicle_IMD_Decile
2017010073062,1,9,0,-1,-1,-1,-1,-1,-1,-1,1,-1,6,2,24,5,1242,1,5,1,1,1
2017010073062,2,20,0,-1,-1,-1,-1,-1,-1,-1,2,-1,6,1,47,8,2143,2,6,5,1,5
2017010073072,1,5,0,16,0,6,2,0,0,0,1,1,6,1,57,9,599,1,20,4,1,4
2017010073084,1,4,0,13,0,8,1,0,0,0,1,1,2,1,24,5,125,1,-1,7,1,7
2017010073084,2,9,0,9,0,8,0,0,0,0,3,1,2,2,55,8,1984,1,1,5,1,5
2017010073087,1,9,-1,-1,-1,-1,-1,-1,-1,-1,-1,-1,6,1,29,6,-1,-1,-1,7,1,7
2017010073087,2,9,-1,-1,-1,-1,-1,-1,-1,-1,-1,-1,6,3,27,6,1398,1,6,-1,-1,-1
2017010073093,1,9,0,9,0,1,0,0,0,0,3,1,6,2,49,8,1796,1,9,2,1,2
2017010073093,2,1,0,18,4,2,0,0,1,0,3,1,1,1,28,6,-1,-1,-1,1,1,1
2017010073095,1,9,0,4,0,1,0,0,0,0,2,1,2,2,43,7,1596,1,14,5,1,5
2017010073095,2,9,0,4,0,1,1,0,0,0,1,1,6,1,61,9,1968,2,3,10,2,10
2017010073097,1,11,0,7,0,5,0,0,0,0,4,2,1,1,65,9,-1,-1,-1,-1,-1,-1
2017010073097,2,4,0,15,0,8,2,0,0,0,1,1,2,1,29,6,124,1,6,8,1,8
2017010073101,1,3,0,-1,0,1,-1,-1,-1,-1,-1,1,2,1,38,7,124,1,5,7,1,7
2017010073101,2,19,0,-1,0,1,-1,-1,-1,-1,-1,-1,6,1,-1,-1,-1,-1,-1,-1,-1,-1
2017010073103,1,19,0,9,0,5,0,0,0,0,1,1,6,3,-1,-1,2148,2,10,-1,-1,-1
2017010073103,2,1,0,18,2,1,0,0,1,2,1,1,6,1,20,4,-1,-1,-1,3,1,3
2017010073118,1,4,0,18,0,0,2,0,0,0,4,1,2,1,35,6,124,1,8,5,1,5
2017010073120,1,9,0,18,0,1,0,0,0,0,2,1,6,2,42,7,898,1,-1,-1,-1,-1
2017010073120,2,19,0,18,0,1,0,0,0,0,1,1,6,3,-1,-1,2143,2,7,-1,-1,-1
2017010073122,1,9,0,16,0,2,0,0,0,0,2,1,6,2,35,6,1328,1,13,8,1,8
2017010073122,2,9,0,18,0,4,0,4,0,0,1,1,6,3,-1,-1,-1,-1,-1,-1,-1,-1
2017010073124,1,1,-1,-1,0,8,0,0,0,0,1,1,2,1,26,6,-1,-1,-1,6,1,6
2017010073124,2,8,0,-1,0,8,0,0,0,0,1,-1,6,1,-1,-1,2987,2,1,4,1,4
2017010073125,1,9,0,10,0,8,0,0,0,0,2,1,1,1,46,8,1339,8,6,4,1,4
2017010073125,2,19,0,18,0,8,0,0,1,10,1,1,1,1,64,9,1560,2,2,9,1,9
2017010073125,3,9,0,18,0,8,0,0,0,0,1,1,6,3,-1,-1,-1,-1,-1,-1,-1,-1
2017010073126,1,1,-1,-1,-1,-1,-1,-1,-1,-1,1,1,6,1,55,8,-1,-1,-1,7,1,7
2017010073126,2,9,0,-1,-1,-1,-1,-1,-1,-1,1,-1,6,1,-1,-1,1560,2,4,7,1,7
2017010073133,1,9,0,3,0,2,0,0,0,0,2,1,2,2,38,7,1364,1,-1,5,1,5
2017010073133,2,19,0,4,0,1,1,0,0,0,1,1,2,2,35,6,1560,2,5,2,1,2
2017010073134,1,8,0,15,0,2,0,0,0,0,1,1,6,3,-1,-1,-1,-1,-1,-1,-1,-1
2017010073134,2,1,0,18,0,2,0,0,0,0,2,1,6,1,22,5,-1,-1,-1,4,1,4
2017010073135,1,2,0,18,0,2,1,0,0,0,3,1,2,1,25,5,125,1,1,5,1,5
2017010073135,2,9,0,18,0,2,0,0,0,0,2,1,6,1,29,6,-1,-1,-1,8,1,8
2017010073142,1,1,0,18,9,2,0,0,0,0,1,1,6,1,30,6,-1,-1,-1,4,1,4
2017010073143,1,9,0,18,0,0,0,10,1,10,1,1,2,1,28,6,2967,2,5,1,1,1
2017010073149,1,9,0,10,0,1,0,0,0,0,2,1,6,2,37,7,1968,2,2,-1,-1,-1
2017010073149,2,9,0,13,0,1,1,0,0,0,1,1,6,1,26,6,1395,1,1,4,1,4
2017010073149,3,9,0,8,0,1,0,0,0,0,1,1,6,1,47,8,1498,1,11,-1,-1,-1
2017010073151,1,9,0,18,0,8,1,0,0,0,1,1,1,1,30,6,999,1,-1,4,1,4
2017010073151,2,9,0,2,0,2,0,0,0,0,2,1,6,3,-1,-1,2993,2,7,-1,-1,-1
2017010073151,3,9,0,9,0,8,0,0,0,0,1,1,2,2,43,7,1364,1,9,4,1,4
2017010073151,4,9,0,3,0,1,0,0,0,0,1,1,6,1,39,7,2967,2,10,4,1,4
2017010073153,1,8,0,9,0,5,0,0,0,0,3,1,1,1,53,8,2499,2,8,5,1,5
2017010073156,1,19,0,9,0,5,0,0,0,0,2,1,6,3,-1,-1,-1,-1,-1,-1,-1,-1
2017010073156,2,1,0,4,0,1,2,0,0,0,1,1,6,1,21,5,-1,-1,-1,2,1,2
2017010073166,1,3,0,-1,-1,-1,-1,-1,-1,-1,-1,1,6,2,28,6,125,1,3,-1,-1,-1
2017010073166,2,8,0,-1,-1,-1,-1,-1,-1,-1,-1,-1,6,1,-1,-1,-1,-1,-1,-1,-1,-1
2017010073173,1,1,-1,-1,-1,-1,-1,-1,-1,-1,-1,1,6,1,27,6,-1,-1,-1,-1,-1,-1
2017010073181,1,8,0,18,0,0,0,0,0,0,1,2,6,1,43,7,1598,2,5,2,1,2
2017010073190,1,19,0,9,0,5,0,0,0,0,1,1,1,1,46,8,-1,-1,-1,2,1,2
2017010073191,1,9,0,4,0,1,0,0,0,0,2,1,6,1,59,9,998,1,1,8,1,8
2017010073191,2,9,0,3,0,1,0,0,0,0,1,1,6,3,-1,-1,2993,2,4,-1,-1,-1
2017010073193,1,4,0,5,2,1,0,10,0,0,4,1,2,1,36,7,125,1,4,3,1,3
2017010073193,2,1,0,18,0,2,0,0,0,0,1,1,6,1,39,7,-1,-1,-1,1,1,1
2017010073195,1,19,-1,-1,-1,-1,-1,-1,-1,-1,1,-1,6,1,-1,-1,2151,2,15,4,1,4
2017010073199,1,11,0,4,0,0,0,0,0,0,0,1,1,1,61,9,4250,2,5,8,1,8
2017010073202,1,3,0,18,0,1,0,0,0,0,4,1,6,1,59,9,-1,-1,-1,8,1,8
2017010073202,2,8,0,5,0,6,0,0,0,0,4,1,6,1,45,7,1997,2,6,3,1,3
2017010073206,1,5,0,18,0,0,0,0,0,0,1,1,2,1,-1,-1,749,1,8,3,1,3
2017010073208,1,19,0,18,0,2,0,0,0,0,4,1,6,1,45,7,-1,-1,-1,4,1,4
2017010073209,1,9,0,18,0,8,0,0,7,10,1,1,2,2,25,5,-1,-1,-1,3,1,3
2017010073209,2,9,0,9,0,6,0,0,0,0,0,1,2,2,23,5,1149,1,13,10,1,10
2017010073209,3,9,0,2,9,1,0,0,0,0,3,1,6,3,-1,-1,999,1,2,-1,-1,-1
2017010073210,1,9,0,9,0,6,0,0,0,0,4,1,6,1,37,7,1797,8,7,1,1,1
2017010073210,2,5,0,3,0,1,0,0,0,0,1,1,6,2,30,6,-1,-1,-1,5,1,5
2017010073211,1,9,0,9,0,6,0,10,0,0,4,1,6,1,24,5,998,1,13,4,1,4
2017010073211,2,8,0,18,0,1,0,0,0,0,1,1,6,1,44,7,-1,-1,-1,5,1,5
2017010073217,1,9,0,18,0,1,0,0,0,0,1,1,6,3,-1,-1,-1,-1,-1,-1,-1,-1
2017010073219,1,9,0,18,6,7,0,0,0,0,1,1,6,1,41,7,1240,1,11,3,1,3
2017010073221,1,3,0,3,0,1,0,0,0,0,2,1,6,1,33,6,125,1,-1,2,1,2
2017010073221,2,9,0,5,0,1,0,0,0,0,1,1,6,1,33,6,1229,1,10,2,1,2
2017010073224,1,3,0,4,0,1,1,0,0,0,0,1,2,1,43,7,155,1,6,5,1,5
2017010073225,1,8,0,5,0,8,0,0,0,0,1,1,1,1,57,9,1797,8,6,7,1,7
2017010073232,1,9,0,9,0,8,0,0,0,0,3,1,6,2,34,6,1798,8,2,2,1,2
2017010073232,2,3,0,18,0,1,2,0,0,0,1,1,6,1,33,6,124,1,6,7,1,7
2017010073235,1,9,0,18,0,0,0,0,0,0,1,1,6,3,-1,-1,-1,-1,-1,-1,-1,-1
2017010073236,1,3,0,14,0,1,1,0,0,0,1,1,2,1,21,5,-1,-1,-1,4,1,4
2017010073242,1,9,0,18,0,1,0,0,0,0,1,1,6,3,-1,-1,-1,-1,-1,-1,-1,-1
2017010073243,1,9,0,4,0,1,0,0,0,0,3,1,6,1,38,7,1995,2,13,6,1,6
2017010073247,1,9,0,18,0,0,0,0,0,0,1,1,2,1,45,7,998,1,4,10,1,10
2017010073247,2,9,0,18,0,0,0,0,0,0,1,1,6,1,52,8,1329,1,1,8,1,8
2017010073249,1,9,0,4,0,1,0,0,0,0,1,1,6,1,52,8,1797,8,7,4,1,4
2017010073249,2,1,0,18,5,1,0,0,0,0,3,1,6,1,22,5,-1,-1,-1,4,1,4
2017010073250,1,19,0,18,0,5,0,0,0,0,1,1,2,1,24,5,1560,2,1,9,1,9
2017010073250,2,3,0,15,0,8,0,0,0,0,1,1,2,1,24,5,125,1,1,2,1,2
2017010073251,1,9,0,1,9,6,0,0,1,0,2,1,6,1,17,4,1388,1,12,8,1,8
2017010073251,2,9,0,18,0,2,0,0,0,0,1,1,6,2,62,9,1995,2,6,8,1,8
2017010073252,1,9,0,9,0,8,0,0,0,0,1,1,6,2,38,7,-1,-1,-1,2,1,2
2017010073253,1,9,0,16,0,0,0,0,0,0,1,1,6,1,25,5,1781,1,13,3,1,3
2017010073253,2,9,0,17,0,0,0,0,0,0,1,1,6,2,25,5,1598,1,-1,1,1,1
2017010073257,1,9,0,9,0,4,0,0,0,0,1,1,6,2,45,7,1499,1,13,2,1,2
2017010073257,2,9,0,18,0,4,0,0,0,0,1,1,6,2,48,8,1368,1,9,8,1,8
2017010073262,1,9,0,18,0,8,0,0,0,0,4,1,6,1,54,8,1951,2,13,-1,-1,-1
2017010073263,1,9,0,7,0,2,0,0,0,0,1,1,6,2,48,8,1339,1,10,-1,-1,-1
2017010073263,2,1,0,18,4,1,0,0,0,0,4,1,2,1,55,8,-1,-1,-1,-1,-1,-1
2017010073264,1,9,0,9,0,5,0,0,0,0,1,1,6,2,44,7,2199,2,6,6,1,6
2017010073264,2,9,0,18,0,1,0,0,0,0,1,1,6,2,36,7,1388,1,14,2,1,2
2017010073269,1,9,0,9,0,0,0,0,0,0,3,1,6,1,47,8,1332,1,18,1,1,1
2017010073269,2,4,0,13,0,0,0,0,0,0,1,1,2,1,34,6,278,1,1,4,1,4
2017010073272,1,3,0,13,0,1,0,0,0,0,3,1,1,1,22,5,125,1,2,3,1,3
2017010073272,2,9,0,9,0,8,0,0,0,0,1,1,6,1,20,4,1248,2,9,2,1,2
2017010073273,1,8,0,9,0,5,0,0,0,0,4,1,1,1,36,7,-1,-1,-1,3,1,3
2017010073273,2,1,0,18,0,1,0,0,0,0,1,1,1,2,25,5,-1,-1,-1,4,1,4
2017010073274,1,9,0,7,0,5,0,0,0,0,1,1,6,1,23,5,1198,1,7,1,1,1
2017010073274,2,4,0,18,0,8,0,0,0,0,3,1,6,1,24,5,599,1,9,2,1,2
2017010073276,1,9,0,18,0,0,0,0,0,0,1,1,2,1,51,8,998,1,17,5,1,5
2017010073277,1,1,0,18,0,8,5,10,1,0,1,1,6,1,18,4,-1,-1,-1,4,1,4
2017010073280,1,9,0,-1,-1,-1,-1,-1,-1,-1,-1,-1,2,2,25,5,1388,1,5,5,1,5
2017010073280,2,9,-1,-1,-1,-1,-1,-1,-1,-1,-1,-1,6,3,-1,-1,-1,-1,-1,-1,-1,-1
2017010073284,1,9,0,9,0,8,0,0,0,0,1,1,6,3,-1,-1,-1,-1,-1,-1,-1,-1
2017010073290,1,9,0,18,0,2,0,0,0,0,1,1,2,1,32,6,1197,1,4,1,1,1
2017010073290,2,4,0,18,0,1,0,0,0,0,1,1,6,1,-1,-1,278,1,4,-1,-1,-1
2017010073290,3,9,0,18,0,1,0,0,0,0,0,1,1,1,-1,-1,2993,2,2,9,1,9
2017010073291,1,9,0,4,0,1,0,0,0,0,1,1,6,1,18,4,1400,1,17,3,1,3
2017010073291,2,9,0,3,0,1,0,0,0,0,2,1,6,2,38,7,1461,2,-1,9,1,9
2017010073292,1,3,0,4,0,2,2,10,0,0,1,1,2,1,29,6,125,1,1,3,1,3
2017010073292,2,9,0,4,0,2,0,0,0,0,2,1,6,1,52,8,2143,2,3,6,1,6
2017010073293,1,9,0,7,0,5,0,0,0,0,1,1,6,3,-1,-1,-1,-1,-1,-1,-1,-1
2017010073294,1,9,0,-1,-1,-1,-1,-1,-1,-1,2,-1,6,1,35,6,1598,1,11,4,1,4
2017010073294,2,9,0,-1,-1,-1,-1,-1,-1,-1,1,-1,6,3,-1,-1,-1,-1,-1,-1,-1,-1
2017010073296,1,19,0,9,0,0,0,0,0,0,1,1,6,1,51,8,2198,2,7,7,1,7
2017010073296,2,1,0,18,0,0,0,0,0,0,3,1,6,1,28,6,-1,-1,-1,9,1,9
2017010073297,1,9,5,-1,-1,-1,-1,-1,8,-1,-1,2,6,3,-1,-1,-1,-1,-1,-1,-1,-1
2017010073304,1,8,0,-1,-1,0,-1,-1,-1,-1,1,-1,6,1,48,8,1798,8,4,5,1,5
2017010073304,2,9,-1,-1,-1,0,-1,-1,-1,-1,-1,-1,6,3,-1,-1,-1,-1,-1,-1,-1,-1
2017010073311,1,9,-1,18,-1,-1,-1,-1,-1,-1,-1,-1,6,1,30,6,-1,-1,-1,4,1,4
2017010073312,1,1,-1,18,0,8,-1,0,-1,-1,1,1,6,1,-1,-1,-1,-1,-1,6,1,6
2017010073323,1,9,0,18,0,0,0,0,0,0,2,1,2,2,46,8,998,1,15,3,1,3
2017010073323,2,10,0,18,0,0,0,0,0,0,1,1,6,3,-1,-1,2143,2,-1,-1,-1,-1
2017010073328,1,5,0,18,0,2,0,0,0,0,1,1,2,1,44,7,1285,1,1,4,1,4
2017010073330,1,3,0,18,0,1,0,0,0,0,1,1,1,1,-1,-1,125,1,4,-1,-1,-1
2017010073330,2,9,0,18,0,1,0,0,0,0,1,-1,6,1,-1,-1,1968,2,-1,2,1,2
2017010073335,1,1,0,18,0,8,0,0,0,0,1,1,6,1,38,7,-1,-1,-1,7,1,7
2017010073335,2,9,0,9,0,8,0,0,0,0,1,1,6,1,30,6,2494,1,11,1,1,1
2017010073345,1,3,-1,18,0,0,-1,-1,0,0,-1,1,6,3,-1,-1,645,1,5,-1,-1,-1
2017010073347,1,3,0,17,0,8,0,0,0,0,2,1,6,1,30,6,124,1,9,2,1,2
2017010073347,2,9,0,17,0,8,0,0,0,0,1,1,6,2,58,9,1598,1,14,5,1,5
2017010073352,1,5,0,-1,-1,-1,-1,-1,-1,-1,-1,1,2,1,35,6,1140,1,4,4,1,4
2017010073352,2,90,0,-1,-1,-1,-1,-1,-1,-1,1,-1,2,1,35,6,-1,-1,-1,4,1,4
2017010073354,1,9,-1,4,0,0,0,0,0,0,1,-1,6,1,35,6,1582,2,-1,8,1,8
2017010073354,2,1,-1,4,0,0,0,0,0,0,2,1,6,2,24,5,-1,-1,-1,10,1,10
2017010073364,1,9,0,7,0,1,0,0,0,0,1,1,6,2,36,7,1560,2,10,7,1,7
2017010073364,2,9,0,9,0,1,0,0,0,0,1,1,3,2,33,6,2198,1,12,3,1,3
2017010073368,1,9,0,18,-1,0,0,0,0,0,1,-1,3,1,40,7,1229,1,11,8,1,8
2017010073373,1,5,0,-1,-1,-1,-1,-1,-1,-1,2,1,2,1,33,6,803,1,2,9,2,9
2017010073373,2,9,0,-1,-1,-1,-1,-1,-1,-1,1,-1,6,3,-1,-1,3199,1,15,8,1,8
2017010073375,1,4,0,18,2,0,0,0,0,0,1,1,1,1,41,7,599,1,7,9,1,9
2017010073379,1,9,-1,-1,-1,-1,-1,-1,-1,-1,-1,-1,6,3,-1,-1,2616,1,10,-1,-1,-1
2017010073381,1,3,-1,14,-1,-1,-1,-1,-1,-1,-1,1,6,1,33,6,124,1,11,9,1,9
2017010073381,2,9,-1,9,-1,-1,-1,-1,-1,-1,-1,-1,6,3,-1,-1,4999,1,11,-1,-1,-1
2017010073383,1,19,0,2,0,0,0,0,0,0,0,1,6,3,-1,-1,2198,2,6,-1,-1,-1
2017010073386,1,9,-1,-1,-1,-1,-1,-1,-1,-1,-1,-1,6,2,31,6,1598,1,8,-1,-1,-1
2017010073386,2,9,-1,-1,-1,-1,-1,-1,-1,-1,-1,-1,6,3,-1,-1,1998,1,14,1,1,1
2017010073388,1,19,0,10,0,6,0,0,0,0,1,1,2,1,65,9,2400,2,15,8,1,8
2017010073393,1,9,0,-1,-1,-1,-1,-1,-1,-1,2,-1,6,1,41,7,1968,2,1,8,1,8
2017010073393,2,19,0,-1,-1,-1,-1,-1,-1,-1,1,-1,6,3,-1,-1,1598,2,5,-1,-1,-1
2017010073400,1,11,0,18,0,1,0,4,0,0,4,1,1,1,60,9,4500,2,8,2,1,2
2017010073400,2,9,0,2,0,2,0,0,0,0,3,1,6,3,-1,-1,1299,1,16,-1,-1,-1
2017010073401,1,19,0,18,0,0,0,0,0,0,0,1,1,2,44,7,-1,-1,-1,3,1,3
2017010073401,2,21,0,18,0,0,0,0,0,0,2,1,1,1,30,6,10837,2,3,4,1,4
2017010073401,3,19,0,18,0,0,0,0,0,0,1,1,1,1,33,6,2198,2,6,2,1,2
2017010073402,1,9,0,9,0,4,0,0,0,0,3,2,3,2,62,9,-1,-1,-1,7,1,7
2017010073402,2,9,0,18,0,1,0,0,0,0,1,1,2,1,35,6,-1,-1,-1,3,1,3
2017010073404,1,9,0,18,0,0,0,0,0,0,3,1,6,1,30,6,1995,2,5,-1,-1,-1
2017010073404,2,9,0,2,0,0,0,0,0,0,2,1,6,3,-1,-1,1398,1,-1,-1,-1,-1
2017010073408,1,3,0,-1,-1,-1,-1,-1,-1,-1,1,1,6,1,49,8,124,1,10,5,1,5
2017010073408,2,9,0,-1,-1,-1,-1,-1,-1,-1,1,-1,6,2,36,7,1796,1,8,6,1,6
2017010073410,1,19,0,7,0,2,0,0,0,0,1,1,2,1,29,6,2198,2,1,-1,1,-1
2017010073410,2,5,0,13,0,1,1,0,0,0,1,1,2,1,33,6,645,1,12,9,1,9
2017010073419,1,9,0,18,0,2,0,10,3,10,1,1,6,2,42,7,1240,1,12,3,1,3
2017010073420,1,9,0,18,0,1,0,8,0,0,1,1,6,1,36,7,1998,8,-1,10,1,10
2017010073420,2,9,0,3,0,2,0,0,0,0,3,1,1,1,35,6,-1,-1,-1,3,1,3
2017010073420,3,9,0,3,0,1,0,0,0,0,3,1,1,1,47,8,-1,-1,-1,-1,-1,-1
2017010073420,4,9,0,2,0,2,0,0,0,0,1,1,6,3,-1,-1,-1,-1,-1,-1,-1,-1
2017010073420,5,9,0,2,0,1,0,0,0,0,3,1,6,3,-1,-1,1339,1,8,-1,-1,-1
2017010073420,6,9,0,2,0,1,0,0,0,0,3,1,6,3,-1,-1,1364,1,3,-1,-1,-1
2017010073420,7,9,0,2,0,1,0,0,0,0,3,1,6,3,-1,-1,2996,1,6,-1,-1,-1
2017010073420,8,9,0,2,0,1,0,0,0,0,4,1,6,3,-1,-1,1598,2,1,-1,-1,-1
2017010073425,1,19,0,4,0,1,0,0,0,0,2,1,1,1,52,8,1560,2,2,9,1,9
2017010073428,1,9,0,16,0,1,0,0,0,0,2,1,6,2,25,5,998,1,4,4,1,4
2017010073428,2,19,0,5,0,1,0,0,0,0,1,1,6,3,-1,-1,2143,2,6,-1,-1,-1
2017010073431,1,19,0,11,2,1,0,0,0,0,4,1,1,2,20,4,1995,2,-1,7,1,7
2017010073431,2,2,0,18,2,1,0,0,0,0,1,1,2,2,37,7,125,1,3,4,1,4
2017010073435,1,9,0,3,0,0,0,0,0,0,2,-1,6,1,49,8,1497,8,8,9,1,9
2017010073435,2,9,0,18,0,0,0,-1,0,0,2,-1,6,1,36,7,1995,2,3,-1,-1,-1
2017010073436,1,9,0,5,0,6,0,0,0,0,1,1,6,1,49,8,2204,2,7,6,1,6
2017010073436,2,1,0,18,0,1,0,0,0,0,1,1,2,1,53,8,-1,-1,-1,5,1,5
2017010073437,1,9,0,18,0,1,0,0,0,0,1,1,6,2,54,8,1329,1,5,10,1,10
2017010073437,2,9,0,6,0,8,0,0,0,0,3,1,6,2,45,7,796,1,10,2,1,2
2017010073441,1,9,0,-1,-1,-1,-1,-1,-1,-1,2,-1,6,1,28,6,1968,2,-1,6,1,6
2017010073441,2,9,0,-1,-1,-1,-1,-1,-1,-1,1,-1,6,1,-1,-1,2143,2,2,-1,-1,-1
2017010073441,3,9,0,-1,-1,-1,-1,-1,-1,-1,0,-1,6,1,-1,-1,-1,-1,-1,-1,-1,-1
2017010073442,1,1,-1,18,-1,0,5,-1,-1,-1,-1,1,6,1,39,7,-1,-1,-1,2,1,2
2017010073445,1,3,0,18,0,1,0,0,0,0,1,1,1,1,35,6,125,1,12,5,1,5
2017010073445,2,9,0,9,0,1,0,0,0,0,0,1,6,2,65,9,-1,3,4,10,1,10
2017010073448,1,5,0,18,0,8,0,0,0,0,3,1,1,1,64,9,1170,1,7,3,1,3
2017010073448,2,9,0,10,0,8,0,0,0,0,1,1,1,1,29,6,-1,-1,-1,2,1,2
2017010073452,1,20,1,4,0,1,0,0,0,0,4,1,6,3,-1,-1,-1,-1,-1,-1,-1,-1
2017010073454,1,1,0,18,0,1,0,0,0,0,1,1,2,2,29,6,-1,-1,-1,3,1,3
2017010073454,2,1,-1,-1,0,-1,-1,-1,-1,-1,1,1,2,2,29,6,-1,-1,-1,3,1,3
2017010073454,3,9,0,2,0,-1,0,8,0,0,3,1,6,3,-1,-1,1299,1,13,-1,-1,-1
2017010073461,1,9,0,18,0,2,0,0,0,0,1,1,1,1,39,7,1997,2,5,3,1,3
2017010073469,1,9,0,7,0,1,0,-1,0,0,1,-1,6,3,-1,-1,-1,-1,-1,-1,-1,-1
2017010073470,1,19,0,6,0,5,0,0,0,0,3,1,1,1,28,6,2287,2,2,2,1,2
2017010073470,2,3,0,13,0,5,0,0,0,0,1,1,6,1,33,6,125,1,7,1,1,1
2017010073475,1,11,0,18,0,1,0,0,0,0,0,1,1,1,29,6,4500,2,1,2,1,2
2017010073478,1,11,0,7,0,3,0,0,0,0,1,1,1,1,52,8,4760,2,4,2,1,2
2017010073482,1,2,0,-1,-1,-1,-1,-1,-1,-1,-1,1,6,3,-1,-1,-1,-1,-1,-1,-1,-1
2017010073484,1,3,0,18,0,1,0,0,0,0,4,1,6,1,24,5,124,1,4,4,1,4
2017010073484,2,19,0,9,0,1,0,0,0,0,3,1,1,1,60,9,2198,2,1,8,1,8
2017010073490,1,9,0,18,0,8,0,0,0,0,1,1,6,1,71,10,1200,1,2,2,1,2
2017010073490,2,9,0,7,0,8,0,0,0,0,1,1,3,2,39,7,1998,1,2,2,1,2
2017010073493,1,8,0,5,0,1,0,0,0,0,2,1,6,1,32,6,1798,8,1,3,1,3
2017010073493,2,5,0,15,0,1,0,0,0,0,1,1,2,1,34,6,675,1,2,8,1,8
2017010073497,1,9,0,18,0,1,0,0,0,0,1,1,1,1,69,10,1596,1,10,4,1,4
2017010073501,1,9,0,6,0,2,0,0,0,0,3,1,6,2,33,6,1388,1,8,3,1,3
2017010073501,2,4,0,18,0,1,0,0,0,0,1,1,6,1,59,9,244,1,8,6,1,6
2017010073503,1,3,0,8,0,6,0,0,0,0,4,1,1,1,47,8,108,1,1,2,1,2
2017010073503,2,9,0,9,0,2,0,0,0,0,1,1,6,1,34,6,-1,-1,-1,2,1,2
2017010073504,1,9,0,3,0,0,0,0,0,0,2,1,6,2,51,8,1496,2,3,8,1,8
2017010073504,2,4,0,15,0,0,1,0,5,6,1,1,2,1,36,7,125,1,1,1,1,1
2017010073504,3,19,0,4,0,0,0,0,0,0,0,1,6,1,37,7,1598,2,3,6,1,6
2017010073507,1,9,0,7,0,6,0,0,0,0,1,1,6,2,54,8,1990,1,15,4,1,4
2017010073507,2,3,0,18,0,8,0,0,0,0,1,1,1,1,24,5,125,1,8,5,1,5
2017010073508,1,9,0,18,0,1,0,0,0,0,1,1,6,1,84,11,1598,1,16,8,1,8
2017010073509,1,9,0,4,0,0,0,0,0,0,1,1,6,2,34,6,-1,-1,-1,5,1,5
2017010073511,1,9,0,9,0,6,0,0,0,0,1,1,6,2,27,6,2616,1,14,-1,-1,-1
2017010073512,1,9,0,9,0,8,0,0,0,0,3,2,6,2,20,4,1388,1,6,2,1,2
2017010073512,2,9,0,17,0,8,0,0,0,0,3,2,6,2,36,7,1997,1,5,2,1,2
2017010073514,1,9,0,-1,-1,-1,-1,-1,-1,-1,2,-1,6,3,-1,-1,1998,1,10,-1,-1,-1
2017010073514,2,90,0,-1,-1,-1,-1,-1,-1,-1,-1,-1,6,3,-1,-1,6871,2,2,9,1,9
2017010073516,1,9,4,18,0,8,0,0,0,0,1,1,1,1,67,10,2972,1,22,6,1,6
2017010073516,2,1,0,18,0,8,0,0,0,0,1,1,2,1,24,5,-1,-1,-1,5,1,5
2017010073517,1,9,0,18,0,2,0,0,0,0,4,1,1,1,81,11,1496,1,-1,9,1,9
2017010073519,1,11,0,7,0,5,0,0,0,0,4,1,1,1,60,9,6700,2,5,5,1,5
2017010073519,2,1,0,18,0,8,0,0,0,0,1,1,6,1,28,6,-1,-1,-1,8,1,8
2017010073521,1,3,0,14,0,8,0,0,0,0,0,1,2,2,22,5,125,1,-1,5,1,5
2017010073522,1,4,0,18,0,0,0,11,0,0,1,1,6,1,33,6,749,1,17,4,1,4
2017010073523,1,2,0,18,0,8,0,0,0,0,4,1,6,1,21,5,125,1,11,2,1,2
2017010073523,2,9,0,9,0,8,0,0,0,0,1,1,6,3,-1,-1,-1,-1,-1,-1,-1,-1
2017010073524,1,9,0,11,2,0,0,0,0,0,3,1,6,2,28,6,999,1,-1,-1,-1,-1
2017010073526,1,11,0,4,0,1,0,0,0,0,0,1,1,1,39,7,6700,2,7,4,1,4
2017010073527,1,9,0,4,0,0,0,0,0,0,3,1,6,1,58,9,1598,1,8,2,1,2
2017010073528,1,9,0,4,0,4,0,0,0,0,1,1,6,1,30,6,2993,2,8,2,1,2
2017010073528,2,9,0,18,0,3,0,0,0,0,1,1,2,1,41,7,2099,1,13,4,1,4
2017010073529,1,9,0,-1,-1,0,-1,-1,-1,-1,1,-1,6,2,-1,-1,1197,1,1,4,1,4
2017010073530,1,9,0,16,0,0,0,0,0,0,1,1,6,1,69,10,1390,1,13,10,1,10
2017010073531,1,3,0,15,0,8,0,0,0,0,1,1,6,1,18,4,125,1,1,1,1,1
2017010073531,2,9,0,7,0,8,0,0,0,0,4,1,1,1,44,7,1968,2,2,3,1,3
2017010073534,1,21,4,9,0,3,0,4,0,0,4,2,1,1,27,6,-1,-1,-1,-1,-1,-1
2017010073534,2,9,0,7,0,4,0,4,0,0,3,1,3,2,49,8,1796,2,4,-1,-1,-1
2017010073536,1,9,0,13,0,0,0,0,0,0,1,1,6,1,42,7,1968,2,12,3,1,3
2017010073536,2,5,0,18,0,0,0,0,0,0,1,1,2,1,44,7,883,1,2,4,1,4
2017010073537,1,2,0,3,0,1,0,0,0,0,1,1,1,1,33,6,108,1,4,7,1,7
2017010073537,2,8,0,1,0,1,0,0,0,0,2,1,6,3,-1,-1,1798,8,2,-1,-1,-1