Accident_Index,Vehicle_Reference,Vehicle_Type,Towing_and_Articulation,Vehicle_Manoeuvre,Vehicle_Location-Restricted_Lane,Junction_Location,Skidding_and_Overturning,Hit_Object_in_Carriageway,Vehicle_Leaving_Carriageway,Hit_Object_off_Carriageway,1st_Point_of_Impact,Was_Vehicle_Left_Hand_Drive?,Journey_Purpose_of_Driver,Sex_of_Driver,Age_of_Driver,Age_Band_of_Driver,Engine_Capacity_(CC),Propulsion_Code,Age_of_Vehicle,Driver_IMD_Decile,Driver_Home_Area_Type,Vehicle_IMD_Decile
2017010073538,1,3,0,18,0,0,0,0,0,0,1,1,4,1,16,4,-1,-1,-1,2,1,2
2017010073542,1,11,0,4,0,1,0,0,0,0,2,1,1,1,31,6,-1,-1,-1,5,1,5
2017010073542,2,21,1,18,0,1,0,0,0,0,1,1,1,1,54,8,12777,2,-1,6,1,6
2017010073547,1,3,0,18,0,1,0,0,0,0,1,1,1,1,31,6,108,1,5,3,1,3
2017010073547,2,19,0,1,0,1,0,0,0,0,2,1,6,1,42,7,2402,2,7,4,1,4
2017010073549,1,9,-1,-1,-1,0,-1,-1,-1,-1,-1,-1,6,1,28,6,1149,1,12,7,1,7
2017010073549,2,9,0,-1,-1,0,-1,-1,-1,-1,-1,-1,6,1,-1,-1,-1,-1,-1,-1,-1,-1
2017010073549,3,11,0,-1,-1,0,-1,-1,-1,-1,2,-1,6,1,-1,-1,4500,2,3,-1,-1,-1
2017010073551,1,4,0,13,0,0,1,0,0,0,1,1,2,1,49,8,1050,1,7,5,1,5
2017010073551,2,9,0,12,0,0,0,0,0,0,3,1,2,2,48,8,1598,1,11,9,2,9
2017010073553,1,9,0,-1,-1,-1,-1,-1,-1,-1,1,-1,6,2,27,6,1198,1,11,6,1,6
2017010073553,2,9,0,-1,-1,-1,-1,-1,-1,-1,-1,-1,6,3,-1,-1,-1,-1,-1,-1,-1,-1
2017010073555,1,90,0,-1,-1,0,-1,-1,-1,-1,-1,-1,6,1,43,7,-1,-1,-1,4,1,4
2017010073556,1,1,-1,-1,-1,-1,-1,-1,-1,-1,-1,1,6,1,41,7,-1,-1,-1,2,1,2
2017010073556,2,9,0,-1,-1,-1,-1,-1,-1,-1,1,-1,6,2,38,7,1242,1,13,2,1,2
2017010073557,1,9,0,-1,-1,-1,-1,-1,-1,-1,1,-1,6,1,-1,-1,1339,1,4,-1,-1,-1
2017010073558,1,9,0,6,0,2,0,0,0,0,4,1,6,1,27,6,1896,2,18,-1,-1,-1
2017010073558,2,3,0,15,0,2,0,0,0,0,1,1,6,1,29,6,125,1,8,3,1,3
2017010073559,1,21,1,11,0,1,0,0,0,0,4,1,1,1,40,7,12740,2,6,4,1,4
2017010073559,2,9,0,15,0,1,2,10,1,10,3,1,2,1,50,8,998,1,16,2,1,2
2017010073561,1,4,0,17,0,0,0,10,0,0,1,1,6,1,19,4,125,1,-1,-1,-1,-1
2017010073561,2,9,0,18,0,0,0,0,0,0,0,1,1,1,40,7,2993,2,2,4,1,4
2017010073562,1,9,0,9,0,8,0,0,0,0,3,1,6,3,-1,-1,1339,1,3,-1,-1,-1
2017010073563,1,3,0,16,0,0,2,4,7,10,1,1,2,1,27,6,125,1,-1,6,1,6
2017010073563,2,9,0,2,0,0,0,0,0,0,1,1,6,3,-1,-1,1598,1,11,-1,-1,-1
2017010073564,1,11,0,9,0,1,0,0,0,0,0,1,6,2,26,6,6692,2,7,1,1,1
2017010073565,1,8,0,18,0,8,1,4,0,0,1,1,1,2,51,8,1598,1,6,3,1,3
2017010073565,2,19,0,3,0,1,0,0,0,0,2,1,1,1,55,8,2198,2,2,2,1,2
2017010073566,1,11,0,18,2,1,0,0,0,0,1,1,6,3,-1,-1,-1,-1,-1,-1,-1,-1
2017010073567,1,9,0,6,0,2,0,0,0,0,3,1,6,1,62,9,1499,1,-1,3,1,3
2017010073567,2,3,0,18,0,2,2,0,0,0,1,1,6,1,23,5,124,1,11,3,1,3
2017010073568,1,9,0,18,0,0,0,0,0,0,3,1,3,2,48,8,1598,1,10,2,1,2
2017010073568,2,1,0,18,0,0,0,0,0,0,1,1,4,1,12,3,-1,-1,-1,5,1,5
2017010073576,1,1,-1,-1,-1,0,-1,-1,-1,-1,-1,1,6,2,25,5,-1,-1,-1,6,1,6
2017010073576,2,9,0,-1,-1,0,-1,-1,-1,-1,1,-1,6,2,-1,-1,-1,-1,-1,8,1,8
2017010073584,1,3,0,10,0,0,0,-1,0,0,2,1,1,1,21,5,-1,-1,-1,4,1,4
2017010073593,1,1,0,18,0,0,0,0,0,0,4,1,2,2,46,8,-1,-1,-1,10,1,10
2017010073593,2,9,0,-1,-1,0,-1,-1,-1,-1,1,-1,6,1,-1,-1,1397,1,5,-1,-1,-1
2017010073594,1,9,0,18,0,0,0,-1,0,0,4,-1,2,1,41,7,1997,2,4,2,1,2
2017010073594,2,9,0,-1,-1,0,-1,-1,-1,-1,-1,-1,6,1,-1,-1,1560,2,7,-1,-1,-1
2017010073595,1,9,0,9,0,1,0,0,0,0,3,1,6,2,59,9,1591,1,3,3,1,3
2017010073601,1,9,-1,-1,-1,0,-1,-1,-1,-1,-1,-1,6,1,41,7,1229,1,11,3,1,3
2017010073601,2,9,-1,-1,-1,0,-1,-1,-1,-1,-1,-1,6,3,-1,-1,1461,2,3,-1,-1,-1
2017010073602,1,9,0,18,0,1,0,0,0,0,2,-1,6,1,51,8,1399,2,12,2,1,2
2017010073602,2,9,0,18,0,-1,0,0,0,0,1,-1,6,1,-1,-1,1360,1,11,-1,-1,-1
2017010073613,1,19,-1,-1,-1,-1,-1,-1,-1,-1,-1,-1,6,1,55,8,1499,2,-1,2,1,2
2017010073613,2,19,-1,-1,-1,-1,-1,-1,-1,-1,-1,-1,6,1,-1,-1,2298,2,7,-1,-1,-1
2017010073621,1,3,0,18,0,0,0,0,1,0,1,1,2,1,20,4,124,1,7,1,1,1
2017010073621,2,19,0,9,0,0,0,0,0,0,1,1,1,1,46,8,1995,2,-1,3,1,3
2017010073624,1,9,0,9,0,0,0,0,0,0,4,1,2,1,28,6,-1,-1,-1,2,1,2
2017010073624,2,2,0,18,0,0,5,0,0,0,1,1,6,1,45,7,-1,-1,-1,4,1,4
2017010073625,1,1,0,18,4,2,0,0,0,0,1,1,2,1,31,6,-1,-1,-1,8,1,8
2017010073627,1,9,0,7,0,0,0,0,-1,0,3,-1,6,1,23,5,1362,1,4,2,1,2
2017010073627,2,9,0,5,0,0,0,-1,0,0,-1,-1,6,2,33,6,2967,2,2,6,1,6
2017010073628,1,8,0,12,0,2,0,0,0,0,3,1,1,1,48,8,2143,12,3,2,1,2
2017010073628,2,3,0,18,0,2,0,0,0,0,4,1,6,1,37,7,124,1,8,2,1,2
2017010073632,1,9,0,18,-1,-1,-1,0,-1,0,2,-1,6,2,37,7,1597,2,2,2,1,2
2017010073632,2,9,-1,18,-1,-1,-1,-1,-1,-1,1,-1,6,3,-1,-1,-1,-1,-1,-1,-1,-1
2017010073640,1,9,-1,-1,-1,-1,-1,-1,-1,-1,-1,-1,6,2,41,7,1198,1,3,-1,-1,-1
2017010073642,1,9,-1,-1,-1,0,-1,0,-1,-1,-1,1,6,3,-1,-1,2148,2,11,-1,-1,-1
2017010073645,1,1,0,18,0,1,0,0,0,0,3,1,6,1,56,9,-1,-1,-1,1,1,1
2017010073645,2,9,0,15,0,1,0,-1,0,0,4,-1,6,3,42,7,-1,-1,-1,-1,-1,-1
2017010073647,1,9,-1,18,0,2,-1,-1,-1,-1,1,-1,6,3,-1,-1,-1,-1,-1,-1,-1,-1
2017010073648,1,9,-1,-1,-1,-1,-1,-1,-1,10,-1,-1,6,1,55,8,1995,2,-1,8,1,8
2017010073648,2,9,-1,-1,-1,-1,5,-1,-1,-1,-1,-1,6,3,-1,-1,1582,2,5,-1,-1,-1
2017010073659,1,5,-1,18,0,0,-1,0,0,0,4,1,6,1,30,6,1170,1,11,8,1,8
2017010073659,2,9,-1,18,0,0,-1,0,0,0,3,-1,6,2,-1,-1,1390,1,14,7,1,7
2017010073661,1,9,3,5,0,1,0,0,0,0,1,1,1,1,74,10,1388,1,11,4,1,4
2017010073661,2,9,0,18,0,2,0,0,0,0,4,1,2,1,31,6,2171,1,14,4,1,4
2017010073662,1,9,0,9,0,8,0,0,0,0,4,1,6,3,-1,-1,1596,1,13,-1,-1,-1
2017010073662,2,1,0,-1,0,-1,0,0,0,0,-1,1,6,1,48,8,-1,-1,-1,3,1,3
2017010073668,1,9,0,16,0,3,0,0,0,0,1,1,6,2,28,6,2401,2,11,9,1,9
2017010073668,2,9,0,15,0,8,0,0,0,0,2,1,6,2,39,7,1395,1,-1,2,1,2
2017010073670,1,5,0,14,0,1,0,0,0,0,4,1,1,1,39,7,1170,1,3,6,1,6
2017010073670,2,9,0,3,0,1,0,0,0,0,3,1,3,1,37,7,1339,8,9,3,1,3
2017010073675,1,11,0,18,0,-1,0,0,0,0,0,1,6,3,-1,-1,-1,-1,-1,-1,-1,-1
2017010073676,1,9,0,18,0,1,0,4,0,0,1,1,6,3,-1,-1,1199,1,13,-1,-1,-1
2017010073676,2,9,0,4,0,1,0,0,0,0,0,1,3,2,36,7,1242,1,3,2,1,2
2017010073681,1,9,0,13,0,6,0,0,0,0,2,1,2,2,40,7,1086,1,13,4,1,4
2017010073681,2,9,0,15,0,2,0,0,0,0,1,2,2,1,24,5,-1,-1,-1,6,1,6
2017010073696,1,9,0,18,0,6,0,0,0,0,1,1,6,1,55,8,1299,1,13,1,1,1
2017010073697,1,21,1,7,0,1,0,0,0,0,4,1,1,1,64,9,12740,2,6,4,1,4
2017010073697,2,1,0,18,0,1,1,0,0,0,2,1,6,1,27,6,-1,-1,-1,5,1,5
2017010073708,1,9,-1,-1,-1,-1,-1,-1,-1,-1,-1,-1,6,3,-1,-1,-1,-1,-1,-1,-1,-1
2017010073715,1,5,0,18,-1,0,-1,-1,-1,-1,-1,1,6,1,66,10,-1,-1,-1,6,1,6
2017010073715,2,8,0,-1,-1,0,-1,0,0,0,3,-1,6,1,-1,-1,3498,8,3,-1,-1,-1
2017010073716,1,19,0,-1,-1,0,-1,-1,-1,-1,1,-1,6,3,-1,-1,2143,2,4,-1,-1,-1
2017010073726,1,9,0,18,0,0,1,4,7,10,1,1,6,1,17,4,1796,1,6,-1,-1,-1
2017010073726,2,9,0,2,0,0,0,0,0,0,1,1,6,3,-1,-1,1599,1,13,-1,-1,-1
2017010073726,3,9,0,10,0,0,0,0,0,0,1,1,2,1,48,8,998,1,15,10,1,10
2017010073732,1,11,0,10,0,4,0,0,0,0,1,1,1,1,38,7,4461,2,4,3,1,3
2017010073732,2,1,0,18,0,8,0,0,0,0,1,1,6,2,84,11,-1,-1,-1,7,1,7
2017010073737,1,9,0,18,0,8,-1,0,0,0,4,-1,6,3,-1,-1,-1,-1,-1,-1,-1,-1
2017010073740,1,9,-1,-1,-1,-1,-1,-1,-1,-1,-1,-1,6,3,-1,-1,-1,-1,-1,-1,-1,-1
2017010073742,1,11,0,18,0,8,0,0,0,0,0,-1,6,3,-1,-1,-1,-1,-1,-1,-1,-1
2017010073754,1,9,-1,18,-1,-1,-1,-1,-1,-1,-1,1,6,1,51,8,1582,2,2,4,1,4
2017010073754,2,9,-1,18,0,-1,-1,-1,-1,0,1,1,6,3,-1,-1,1598,1,3,-1,-1,-1
2017010073765,1,9,0,18,0,2,0,0,0,0,1,1,6,1,45,7,1124,1,12,10,1,10
2017010073771,1,8,0,4,0,1,0,0,0,0,1,1,6,1,48,8,1797,8,7,-1,-1,-1
2017010073771,2,9,0,18,0,1,0,0,0,0,0,1,6,1,27,6,1956,2,6,-1,-1,-1
2017010073771,3,9,0,7,0,8,0,0,0,0,1,1,6,1,32,6,1248,1,2,-1,-1,-1
2017010073772,1,2,0,-1,-1,0,-1,-1,-1,-1,-1,1,6,1,54,8,49,1,14,1,1,1
2017010073772,2,3,0,-1,-1,0,-1,-1,-1,-1,-1,1,6,2,-1,-1,-1,-1,-1,-1,-1,-1
2017010073774,1,9,0,-1,-1,0,-1,-1,-1,-1,2,-1,6,1,33,6,1995,2,5,2,1,2
2017010073774,2,9,-1,-1,-1,0,0,-1,-1,-1,-1,-1,6,1,31,6,1598,2,-1,3,1,3
2017010073780,1,9,0,9,0,1,0,0,0,0,3,1,6,1,37,7,1798,8,3,2,1,2
2017010073780,2,3,0,18,0,1,0,0,0,0,1,1,6,1,-1,-1,124,1,7,-1,-1,-1
2017010073781,1,9,0,-1,-1,0,-1,-1,-1,-1,1,-1,6,2,-1,-1,1598,1,9,-1,-1,-1
2017010073785,1,9,0,18,0,1,0,0,0,0,1,1,6,3,-1,-1,1598,2,2,-1,-1,-1
2017010073790,1,9,0,4,0,0,0,0,0,0,2,1,6,2,25,5,1242,1,2,6,1,6
2017010073790,2,9,0,18,-1,0,-1,0,0,0,1,1,6,1,-1,-1,1794,1,10,-1,-1,-1
2017010073791,1,9,0,-1,-1,-1,-1,-1,-1,-1,3,-1,2,1,52,8,1598,1,8,3,1,3
2017010073791,2,9,-1,-1,-1,-1,-1,-1,-1,-1,1,-1,6,3,-1,-1,1242,1,10,-1,-1,-1
2017010073796,1,11,0,4,0,1,0,0,0,0,0,1,1,1,56,9,9000,2,8,3,1,3
2017010073797,1,9,0,3,0,0,0,0,0,0,2,1,6,2,46,8,1596,1,10,4,1,4
2017010073797,2,8,0,4,0,0,0,0,0,0,2,1,1,1,49,8,1686,2,5,4,1,4
2017010073797,3,9,0,4,0,0,0,0,0,0,1,1,6,2,69,10,1240,1,8,3,1,3
2017010073798,1,9,0,9,0,1,0,0,0,0,3,1,2,1,59,9,1868,2,16,6,1,6
2017010073798,2,1,0,18,0,1,0,0,0,0,1,1,2,1,46,8,-1,-1,-1,9,1,9
2017010073799,1,5,0,14,0,1,0,0,0,0,4,1,1,1,45,7,798,1,1,6,1,6
2017010073799,2,8,0,8,0,1,0,0,0,0,3,1,1,1,60,9,2148,2,9,4,1,4
2017010073803,1,5,0,18,0,8,0,0,0,0,1,1,6,1,22,5,600,1,15,6,1,6
2017010073803,2,9,0,9,0,8,0,0,0,0,4,1,1,1,60,9,2143,2,3,3,1,3
2017010073806,1,9,0,5,0,0,0,0,0,0,3,1,2,1,33,6,1596,1,10,-1,-1,-1
2017010073806,2,19,4,5,0,0,0,0,0,0,4,1,1,1,45,7,-1,-1,-1,6,2,6
2017010073815,1,9,0,4,0,0,0,0,0,0,1,1,6,1,23,5,1339,8,7,2,1,2
2017010073815,2,9,0,6,0,0,0,0,0,0,2,1,6,2,19,4,1197,1,1,3,1,3
2017010073816,1,11,0,18,0,2,0,0,0,0,4,1,1,1,38,7,6696,2,4,5,1,5
2017010073819,1,3,0,16,0,3,1,0,0,0,1,1,6,1,18,4,124,1,12,4,1,4
2017010073819,2,9,0,3,0,1,0,0,0,0,1,1,6,1,68,10,1490,1,8,7,1,7
2017010073822,1,3,0,14,0,0,0,0,3,0,1,1,2,1,24,5,125,1,-1,-1,-1,-1
2017010073822,2,9,0,6,0,0,0,0,0,0,3,1,2,1,25,5,1997,2,2,3,1,3
2017010073825,1,5,0,18,0,1,0,0,0,0,4,1,2,1,54,8,998,1,12,5,1,5
2017010073826,1,3,0,14,9,0,2,4,7,0,1,1,6,1,19,4,125,1,-1,2,1,2
2017010073827,1,9,0,5,0,1,0,0,0,0,1,1,6,1,51,8,2967,2,4,3,1,3
2017010073828,1,19,4,18,0,0,0,0,0,0,3,1,6,1,59,9,2488,2,3,-1,-1,-1
2017010073829,1,9,0,7,0,5,0,0,0,0,3,1,6,2,52,8,1197,1,-1,2,1,2
2017010073829,2,4,0,3,0,8,2,0,0,0,1,1,1,1,29,6,125,1,1,3,1,3
2017010073830,1,9,0,18,0,0,0,0,0,0,1,1,6,1,26,6,1499,8,1,5,1,5
2017010073831,1,9,0,7,0,5,0,0,0,0,4,1,6,1,58,9,1999,2,-1,10,1,10
2017010073833,1,3,0,18,0,8,0,0,0,0,4,1,2,2,28,6,-1,-1,-1,-1,-1,-1
2017010073833,2,90,0,9,0,1,0,0,0,0,4,2,6,1,47,8,-1,-1,-1,1,1,1
2017010073834,1,9,0,6,0,1,0,0,0,0,3,1,6,1,30,6,2143,2,-1,2,1,2
2017010073834,2,1,0,18,0,1,0,0,0,0,1,1,6,2,26,6,-1,-1,-1,5,1,5
2017010073836,1,5,0,18,0,0,0,0,0,0,1,1,1,1,35,6,599,1,9,2,1,2
2017010073840,1,9,0,-1,-1,-1,-1,-1,-1,-1,-1,-1,6,3,-1,-1,-1,-1,-1,-1,-1,-1
2017010073842,1,9,0,14,0,0,0,0,0,0,1,1,6,1,39,7,1386,1,9,4,1,4
2017010073843,1,3,0,13,0,1,1,0,0,0,1,1,6,1,29,6,124,1,5,2,1,2
2017010073843,2,9,0,9,0,1,0,0,0,0,3,1,6,1,29,6,998,1,14,4,1,4
2017010073845,1,9,0,9,0,1,0,0,0,0,1,1,2,2,62,9,1197,1,1,4,1,4
2017010073845,2,4,0,18,0,1,0,0,0,0,1,1,6,1,58,9,1170,1,5,3,3,3
2017010073850,1,9,0,18,0,1,0,0,0,0,1,1,6,1,49,8,1998,2,13,2,1,2
2017010073850,2,9,0,18,0,1,0,0,0,0,2,1,6,2,29,6,2993,2,9,6,1,6
2017010073851,1,3,0,18,0,1,0,0,0,0,4,1,6,1,25,5,125,1,-1,2,1,2
2017010073851,2,9,0,9,0,2,0,0,0,0,4,1,6,1,44,7,2993,2,4,10,1,10
2017010073852,1,5,0,18,0,8,0,0,0,0,2,1,2,1,38,7,1801,1,-1,2,1,2
2017010073852,2,9,0,9,0,6,0,0,0,0,1,1,3,2,27,6,2143,2,1,4,1,4
2017010073853,1,9,0,9,0,6,0,0,0,0,1,1,6,2,17,4,1198,1,8,3,1,3
2017010073853,2,3,0,18,0,1,0,0,0,0,1,1,1,1,57,9,108,1,2,2,1,2
2017010073855,1,9,0,18,0,4,0,0,0,0,1,1,1,1,26,6,-1,-1,-1,10,1,10
2017010073855,2,1,0,18,0,8,1,0,0,0,1,1,2,1,40,7,-1,-1,-1,9,1,9
2017010073856,1,9,0,18,0,8,0,0,0,0,2,1,6,1,36,7,-1,-1,-1,4,1,4
2017010073856,2,9,0,18,0,8,0,0,0,0,1,1,6,1,18,4,2000,1,8,4,1,4
2017010073857,1,3,0,13,0,2,0,0,0,0,1,1,6,1,31,6,125,1,1,8,1,8
2017010073857,2,9,0,18,0,1,0,0,0,0,1,1,6,1,77,11,999,1,17,8,1,8
2017010073858,1,90,0,-1,-1,-1,-1,-1,-1,-1,-1,-1,6,1,27,6,-1,-1,-1,3,1,3
2017010073858,2,9,0,-1,-1,-1,-1,-1,-1,-1,-1,-1,6,1,27,6,-1,-1,-1,4,1,4
2017010073859,1,9,0,5,0,8,0,0,0,0,3,1,6,1,37,7,1497,8,-1,2,1,2
2017010073859,2,9,0,18,0,8,0,0,0,0,3,1,6,1,36,7,2521,1,11,3,1,3
2017010073860,1,9,0,3,0,0,0,0,0,0,2,1,6,1,44,7,3311,8,9,3,1,3
2017010073860,2,9,0,4,0,0,0,0,0,0,2,1,2,2,46,8,1398,1,-1,3,1,3
2017010073860,3,9,0,18,0,0,0,0,0,0,1,1,6,1,58,9,1995,2,3,9,1,9
2017010073862,1,8,0,5,0,2,0,0,0,0,1,1,1,1,40,7,1997,2,5,5,1,5
2017010073862,2,9,0,9,0,2,0,0,0,0,4,1,6,1,43,7,1560,2,10,3,1,3
2017010073864,1,9,0,18,0,0,0,0,0,0,1,1,6,1,33,6,-1,-1,-1,3,1,3
2017010073864,2,9,0,5,0,0,0,0,0,0,3,1,2,1,43,7,1975,1,9,5,1,5
2017010073866,1,19,0,9,0,2,0,0,0,0,0,1,2,1,-1,-1,1461,2,6,2,1,2
2017010073869,1,9,0,5,0,8,0,7,0,0,1,1,6,1,82,11,1998,1,11,8,1,8
2017010073870,1,1,-1,-1,-1,0,-1,-1,-1,-1,-1,1,2,2,32,6,-1,-1,-1,7,1,7
2017010073870,2,90,4,-1,-1,0,-1,-1,-1,-1,1,-1,6,1,-1,-1,-1,-1,-1,-1,-1,-1
2017010073871,1,9,0,18,0,8,0,0,0,0,1,1,6,1,67,10,1997,2,5,1,1,1
2017010073879,1,9,0,18,0,1,0,0,0,0,1,1,6,1,63,9,1796,2,5,9,1,9
2017010073880,1,1,-1,-1,0,0,-1,-1,-1,-1,2,1,6,2,31,6,-1,-1,-1,3,1,3
2017010073880,2,9,0,-1,-1,0,-1,-1,-1,-1,1,-1,6,1,-1,-1,1461,2,4,-1,-1,-1
2017010073881,1,1,-1,-1,-1,-1,-1,-1,-1,-1,-1,1,6,1,21,5,-1,-1,-1,3,1,3
2017010073881,2,9,0,-1,-1,-1,-1,-1,-1,-1,1,-1,6,1,-1,-1,1596,1,13,-1,-1,-1
2017010073882,1,11,1,3,2,2,0,0,0,0,2,1,1,1,55,8,4500,2,6,3,1,3
2017010073882,2,11,1,3,2,2,0,0,0,0,0,1,1,1,42,7,9000,2,11,7,1,7
2017010073883,1,9,0,18,0,1,5,10,0,0,1,1,6,1,40,7,1339,1,11,2,1,2
2017010073888,1,11,0,16,0,1,0,0,0,0,0,1,1,1,61,9,4500,2,2,8,1,8
2017010073889,1,8,0,1,0,0,0,0,0,0,2,-1,6,3,-1,-1,1797,8,6,-1,-1,-1
2017010073891,1,9,0,18,0,1,5,0,0,0,1,1,2,1,51,8,1196,1,20,5,1,5
2017010073891,2,9,0,7,0,7,0,0,0,0,3,1,6,1,77,11,1798,8,5,8,1,8
2017010073892,1,9,0,4,0,0,0,0,0,0,1,1,6,1,56,9,2179,2,4,8,1,8
2017010073893,1,1,0,18,0,0,5,0,0,0,1,1,2,1,19,4,-1,-1,-1,7,1,7
2017010073893,2,10,0,2,0,0,0,0,0,0,2,1,6,3,-1,-1,-1,-1,-1,-1,-1,-1
2017010073893,3,11,0,18,0,0,0,0,0,0,4,1,6,3,-1,-1,4500,2,1,-1,-1,-1
2017010073898,1,9,0,9,0,0,0,0,0,0,1,1,6,1,26,6,1390,1,15,7,1,7
2017010073898,2,4,0,15,0,0,0,0,0,0,1,1,6,1,20,4,-1,-1,-1,-1,-1,-1
2017010073900,1,9,0,18,0,0,0,0,0,0,1,1,6,1,47,8,1796,1,22,3,1,3
2017010073900,2,9,0,18,0,0,0,0,0,0,1,1,6,2,62,9,1995,1,12,2,1,2
2017010073917,1,9,0,18,0,1,0,0,0,0,3,-1,6,1,34,6,1950,2,-1,6,1,6
2017010073922,1,9,-1,-1,-1,-1,-1,-1,-1,-1,-1,-1,6,2,54,8,1910,2,10,-1,-1,-1
2017010073922,2,9,-1,-1,-1,-1,-1,-1,-1,-1,-1,-1,6,1,-1,-1,2148,2,17,4,1,4
2017010073924,1,9,0,5,0,4,0,0,0,0,3,1,6,3,-1,-1,-1,-1,-1,-1,-1,-1
2017010073924,2,1,0,17,0,8,0,0,0,0,4,1,2,1,36,7,-1,-1,-1,8,1,8
2017010073925,1,9,0,9,0,4,0,0,0,0,3,1,6,1,40,7,1796,1,9,5,1,5
2017010073925,2,1,0,18,0,8,0,0,0,0,4,1,2,1,24,5,-1,-1,-1,3,1,3
2017010073926,1,9,-1,-1,-1,0,-1,-1,-1,-1,-1,-1,6,1,-1,-1,-1,-1,-1,-1,-1,-1
2017010073935,1,9,-1,-1,-1,0,-1,-1,-1,-1,-1,1,6,1,52,8,1968,2,7,3,1,3
2017010073935,2,9,0,-1,-1,0,0,-1,-1,-1,-1,1,6,3,-1,-1,1240,1,14,-1,-1,-1
2017010073941,1,9,0,18,0,1,0,0,0,0,4,1,3,2,51,8,2987,2,11,5,1,5
2017010073941,2,1,0,12,0,1,0,0,0,0,3,1,4,1,13,3,-1,-1,-1,5,1,5
2017010073943,1,1,-1,-1,-1,-1,-1,-1,-1,-1,-1,1,6,2,29,6,-1,-1,-1,5,1,5
2017010073945,1,9,0,3,0,1,0,0,0,0,2,1,6,2,52,8,1199,1,13,2,1,2
2017010073945,2,90,0,18,0,1,0,0,0,0,1,1,6,1,30,6,-1,-1,-1,3,1,3
2017010073957,1,90,-1,-1,-1,-1,-1,-1,-1,-1,-1,-1,6,3,-1,-1,-1,-1,-1,-1,-1,-1
2017010073961,1,9,0,14,0,1,0,0,0,0,4,1,6,3,-1,-1,-1,-1,-1,-1,-1,-1
2017010073969,1,4,0,18,0,1,5,0,0,0,4,1,6,1,36,7,471,1,-1,4,1,4
2017010073969,2,19,0,9,0,6,0,0,0,0,1,1,6,1,44,7,1598,2,4,2,1,2
2017010073971,1,9,0,7,0,0,0,0,0,0,1,1,3,2,22,5,1229,1,13,7,1,7
2017010073971,2,9,0,18,0,0,0,0,0,0,1,1,3,2,40,7,1995,2,10,8,1,8
2017010073988,1,9,0,18,0,0,5,4,0,0,1,1,2,1,23,5,1200,1,3,8,1,8
2017010073988,2,9,0,2,0,0,0,0,0,0,1,1,6,3,-1,-1,1596,1,10,-1,-1,-1
2017010073997,1,3,-1,18,0,0,-1,0,0,0,1,1,1,1,32,6,-1,-1,-1,4,1,4
2017010073998,1,3,0,7,0,1,0,0,0,0,1,1,2,1,33,6,124,1,5,5,1,5
2017010073998,2,9,0,4,0,1,0,0,0,0,1,1,6,2,34,6,1797,8,6,2,1,2
2017010074004,1,1,-1,-1,-1,0,-1,-1,-1,-1,2,1,2,2,29,6,-1,-1,-1,2,1,2
2017010074004,2,9,0,-1,-1,0,-1,-1,-1,-1,1,-1,6,1,30,6,1497,8,9,3,1,3
2017010074009,1,19,0,6,0,1,0,0,0,0,3,1,1,1,31,6,1598,2,1,1,1,1
2017010074009,2,3,0,18,0,1,0,0,0,0,1,1,1,1,43,7,125,1,-1,2,1,2
2017010074012,1,2,-1,-1,-1,-1,-1,-1,-1,-1,1,1,6,3,-1,-1,-1,-1,-1,-1,-1,-1
2017010074012,2,19,0,-1,-1,-1,-1,-1,-1,-1,-1,-1,6,1,54,8,2198,2,3,3,1,3
2017010074014,1,9,0,9,0,1,0,0,0,0,3,1,6,1,26,6,1791,8,6,1,1,1
2017010074014,2,21,1,3,0,1,0,0,0,0,4,1,1,1,53,8,12900,2,3,9,1,9
2017010074018,1,9,0,10,0,1,0,0,0,0,3,1,6,1,33,6,1397,1,6,-1,-1,-1
2017010074018,2,19,0,14,0,1,0,0,7,10,3,1,6,1,48,8,2198,2,1,8,1,8
2017010074020,1,9,0,9,0,1,0,0,0,0,4,1,6,2,43,7,998,1,8,3,1,3
2017010074020,2,1,0,18,4,1,0,0,0,0,1,1,6,1,22,5,-1,-1,-1,9,1,9
2017010074022,1,19,0,4,0,2,0,0,0,0,2,1,1,1,48,8,1598,2,1,6,1,6
2017010074022,2,9,0,4,0,2,1,4,0,0,3,1,2,1,21,5,1242,1,5,4,1,4
2017010074271,1,19,0,9,0,1,0,0,7,0,0,1,1,1,47,8,2143,2,6,5,1,5
2017010074271,2,1,0,18,0,8,0,0,7,0,1,1,6,1,31,6,-1,-1,-1,-1,-1,-1
2017010074282,1,9,0,5,0,8,0,0,0,0,4,-1,6,1,-1,-1,-1,-1,-1,-1,-1,-1
2017010074291,1,9,-1,-1,-1,-1,-1,-1,-1,-1,-1,-1,6,1,29,6,-1,-1,-1,4,1,4
2017010074291,2,9,-1,-1,-1,-1,-1,-1,-1,-1,-1,-1,6,3,-1,-1,1397,1,10,-1,-1,-1
2017010074293,1,1,-1,-1,-1,-1,-1,-1,-1,-1,-1,1,2,1,56,9,-1,-1,-1,7,1,7
2017010074293,2,8,0,-1,-1,-1,-1,-1,-1,-1,1,-1,6,1,-1,-1,1798,8,1,-1,-1,-1
2017010074294,1,1,-1,-1,-1,-1,-1,-1,-1,-1,1,1,2,1,32,6,-1,-1,-1,6,1,6
2017010074294,2,19,0,-1,-1,-1,-1,-1,-1,-1,4,-1,6,1,31,6,1598,2,-1,3,1,3
2017010074297,1,11,0,18,0,2,0,0,0,0,1,1,1,1,60,9,6700,2,7,4,1,4
2017010074304,1,9,0,18,0,0,0,0,0,0,3,1,1,1,32,6,-1,-1,-1,2,1,2
2017010074304,2,9,0,5,0,0,0,0,0,0,1,1,6,1,61,9,998,1,14,5,1,5