Accident_Index,Vehicle_Reference,Vehicle_Type,Towing_and_Articulation,Vehicle_Manoeuvre,Vehicle_Location-Restricted_Lane,Junction_Location,Skidding_and_Overturning,Hit_Object_in_Carriageway,Vehicle_Leaving_Carriageway,Hit_Object_off_Carriageway,1st_Point_of_Impact,Was_Vehicle_Left_Hand_Drive?,Journey_Purpose_of_Driver,Sex_of_Driver,Age_of_Driver,Age_Band_of_Driver,Engine_Capacity_(CC),Propulsion_Code,Age_of_Vehicle,Driver_IMD_Decile,Driver_Home_Area_Type,Vehicle_IMD_Decile
2017010074304,3,9,0,2,0,0,0,0,1,0,3,1,6,3,-1,-1,2792,1,14,-1,-1,-1
2017010074304,4,9,0,2,0,0,0,0,0,0,2,1,6,3,-1,-1,1796,1,19,-1,-1,-1
2017010074304,5,9,0,2,0,0,0,0,0,0,1,1,6,3,-1,-1,1679,1,16,-1,-1,-1
2017010074305,1,9,0,1,0,0,0,0,0,0,2,1,2,1,30,6,2148,2,12,3,1,3
2017010074307,1,3,0,18,0,2,5,0,0,0,3,1,6,1,17,4,125,1,1,3,1,3
2017010074311,1,9,0,3,0,1,0,0,0,0,1,1,6,2,25,5,1968,2,4,1,1,1
2017010074311,2,1,0,18,0,1,0,0,0,0,1,1,6,2,57,9,-1,-1,-1,2,1,2
2017010074313,1,3,0,14,0,1,0,0,0,0,1,1,1,1,-1,-1,108,1,4,9,1,9
2017010074313,2,8,0,9,0,6,0,0,0,0,1,1,1,2,47,8,1798,8,2,4,1,4
2017010074316,1,9,0,3,0,0,0,0,0,0,2,1,2,2,20,4,1248,2,2,10,3,10
2017010074316,2,9,0,3,0,0,0,0,0,0,2,1,2,1,44,7,1560,2,5,6,1,6
2017010074316,3,9,0,18,0,0,0,0,0,0,1,1,6,1,50,8,2497,2,9,4,1,4
2017010074325,1,9,0,18,0,2,0,0,0,0,1,1,6,2,45,7,1400,1,11,2,1,2
2017010074326,1,1,0,14,0,8,5,0,0,0,4,1,6,1,57,9,-1,-1,-1,9,1,9
2017010074326,2,4,0,18,0,8,0,0,0,0,1,1,6,3,-1,-1,-1,-1,-1,-1,-1,-1
2017010074327,1,8,0,-1,-1,-1,-1,-1,-1,-1,-1,-1,6,1,43,7,2499,2,10,2,1,2
2017010074327,2,9,0,-1,-1,-1,-1,-1,-1,-1,-1,-1,6,2,-1,-1,1995,1,10,-1,-1,-1
2017010074328,1,9,0,3,0,2,0,0,0,0,4,1,2,2,59,9,1995,2,11,4,1,4
2017010074328,2,1,0,18,0,1,0,0,0,0,1,1,2,1,29,6,-1,-1,-1,4,1,4
2017010074329,1,9,0,18,0,0,0,0,0,0,1,1,6,1,70,10,1499,1,1,8,1,8
2017010074329,2,9,0,18,0,0,2,0,0,0,2,1,6,1,22,5,1598,2,5,10,1,10
2017010074329,3,9,0,2,0,0,0,0,1,0,2,1,6,3,-1,-1,1699,1,11,-1,-1,-1
2017010074330,1,19,0,4,0,1,0,0,0,0,2,1,1,1,56,9,-1,-1,-1,3,1,3
2017010074330,2,9,0,18,0,1,0,0,0,0,1,1,1,1,22,5,1794,1,14,7,1,7
2017010074333,1,1,0,18,0,-1,5,0,0,0,1,1,2,1,41,7,-1,-1,-1,10,1,10
2017010074333,2,9,0,9,0,-1,0,-1,0,0,4,-1,2,2,-1,-1,1798,1,10,-1,-1,-1
2017010074334,1,19,0,18,0,1,0,0,0,0,1,1,1,1,27,6,2402,2,17,6,1,6
2017010074334,2,9,0,5,0,6,0,0,0,0,4,1,6,2,70,10,1598,2,2,10,1,10
2017010074335,1,9,0,9,0,8,0,0,0,0,1,1,6,2,61,9,1300,1,12,5,1,5
2017010074335,2,2,0,18,0,8,0,0,0,0,1,1,6,2,18,4,49,1,14,3,1,3
2017010074336,1,9,0,5,0,8,0,10,0,0,1,1,2,2,43,7,1388,1,6,4,1,4
2017010074348,1,9,-1,-1,-1,0,-1,-1,-1,-1,-1,-1,6,2,43,7,1248,2,11,2,1,2
2017010074348,2,9,-1,-1,-1,0,-1,-1,-1,-1,-1,-1,6,3,-1,-1,1598,1,8,-1,-1,-1
2017010074350,1,1,-1,15,-1,0,-1,-1,-1,-1,1,1,6,1,21,5,-1,-1,-1,9,1,9
2017010074350,2,9,0,3,0,0,0,-1,0,0,4,1,6,1,-1,-1,1496,2,1,2,1,2
2017010074355,1,3,0,18,0,0,0,0,0,0,1,1,1,2,42,7,125,1,1,1,1,1
2017010074359,1,9,0,-1,0,8,0,-1,0,0,1,-1,6,1,-1,-1,1560,2,10,-1,-1,-1
2017010074361,1,9,0,-1,-1,0,-1,-1,-1,-1,-1,-1,6,2,27,6,2143,2,-1,3,1,3
2017010074361,2,9,0,-1,-1,0,-1,-1,-1,-1,1,-1,6,1,-1,-1,1364,1,11,2,1,2
2017010074362,1,9,0,-1,-1,0,-1,-1,-1,-1,2,-1,6,1,35,6,1995,1,7,8,1,8
2017010074366,1,1,0,16,0,8,2,0,0,0,2,1,2,2,53,8,-1,-1,-1,2,1,2
2017010074366,2,3,-1,13,-1,-1,-1,-1,-1,-1,-1,1,6,1,56,9,-1,-1,-1,2,1,2
2017010074367,1,11,0,5,0,1,0,0,0,0,0,1,1,1,33,6,6700,2,10,5,1,5
2017010074371,1,3,0,9,0,8,1,0,0,0,2,1,6,1,29,6,125,1,4,2,1,2
2017010074371,2,19,0,18,0,8,0,0,0,0,1,1,6,1,43,7,1968,2,4,8,1,8
2017010074374,1,8,0,-1,-1,0,-1,-1,-1,-1,1,-1,6,1,32,6,1797,8,7,1,1,1
2017010074374,2,9,-1,18,0,0,0,0,0,0,-1,-1,6,1,-1,-1,1600,1,13,3,1,3
2017010074376,1,9,0,18,0,1,0,0,0,0,1,1,6,1,71,10,1998,1,16,4,1,4
2017010074381,1,9,0,3,0,1,0,0,0,0,2,2,6,2,47,8,2967,2,6,8,1,8
2017010074381,2,3,0,18,0,1,0,0,0,0,1,1,6,1,40,7,125,1,9,3,1,3
2017010074386,1,3,0,18,0,1,0,0,0,0,0,1,6,1,-1,-1,125,1,7,-1,-1,-1
2017010074389,1,9,0,17,0,1,0,0,0,0,4,1,6,1,74,10,1229,1,12,5,1,5
2017010074393,1,3,0,4,0,8,2,0,0,0,1,1,6,1,17,4,108,1,5,6,1,6
2017010074393,2,9,0,4,0,8,0,0,0,0,2,1,6,1,34,6,-1,-1,-1,7,1,7
2017010074394,1,9,0,5,0,1,0,4,0,0,1,1,6,1,43,7,1685,2,1,5,1,5
2017010074394,2,9,0,10,0,1,0,0,0,0,2,1,2,1,37,7,999,1,1,8,1,8
2017010074396,1,9,0,9,0,6,0,0,0,0,3,1,1,1,30,6,1968,2,-1,1,1,1
2017010074396,2,9,0,18,0,8,0,0,0,0,1,1,6,3,-1,-1,-1,-1,-1,-1,-1,-1
2017010074397,1,9,0,2,6,2,0,0,0,0,3,1,6,3,-1,-1,1798,8,-1,-1,-1,-1
2017010074397,2,9,0,18,0,1,0,0,0,0,3,1,6,3,-1,-1,3227,2,15,-1,-1,-1
2017010074399,1,9,0,9,0,8,0,0,0,0,1,1,6,1,28,6,1796,1,14,2,1,2
2017010074399,2,9,0,4,0,2,0,0,0,0,0,1,6,1,22,5,1997,1,13,7,1,7
2017010074400,1,9,0,18,0,2,0,4,0,0,1,1,6,1,39,7,1910,2,9,3,1,3
2017010074401,1,9,0,18,0,0,0,0,0,0,1,1,6,2,23,5,599,1,15,2,1,2
2017010074401,2,19,0,3,0,0,0,0,0,0,0,1,1,1,28,6,2402,2,13,1,1,1
2017010074402,1,9,0,3,0,0,0,0,0,0,3,1,6,1,22,5,1398,1,5,7,1,7
2017010074402,2,9,0,1,0,0,0,0,0,0,-1,-1,6,1,21,5,-1,-1,-1,5,1,5
2017010074405,1,3,0,5,0,6,0,0,0,0,3,1,1,1,24,5,125,1,3,1,1,1
2017010074405,2,9,0,5,0,1,0,0,0,0,3,2,6,2,-1,-1,1596,1,10,1,1,1
2017010074406,1,19,0,7,0,6,0,0,0,0,1,1,2,1,29,6,-1,3,-1,-1,-1,-1
2017010074406,2,1,0,18,0,1,0,0,0,0,2,1,6,1,37,7,-1,-1,-1,2,1,2
2017010074407,1,9,0,18,0,0,0,0,0,0,4,1,6,3,-1,-1,-1,-1,-1,-1,-1,-1
2017010074408,1,11,0,18,2,8,0,0,0,0,0,1,1,1,32,6,8268,2,14,2,1,2
2017010074409,1,9,0,18,0,0,0,4,0,0,1,1,6,1,21,5,1598,2,6,3,1,3
2017010074409,2,9,0,2,0,0,0,4,0,0,2,1,6,3,-1,-1,1598,2,6,-1,-1,-1
2017010074409,3,9,0,2,0,0,0,0,0,0,2,1,6,3,-1,-1,3123,1,10,-1,-1,-1
2017010074411,1,9,0,5,0,1,0,0,0,0,3,1,6,2,32,6,1229,1,5,4,1,4
2017010074413,1,9,0,9,0,0,0,10,1,9,4,1,3,2,42,7,1984,1,-1,7,3,7
2017010074413,2,9,0,18,0,0,1,10,1,9,1,1,2,1,29,6,2979,1,10,8,1,8
2017010074414,1,9,0,18,0,0,0,0,0,0,1,1,1,1,40,7,-1,-1,-1,3,1,3
2017010074414,2,90,0,2,0,0,0,0,0,0,2,1,6,3,-1,-1,-1,-1,-1,-1,-1,-1
2017010074416,1,9,0,18,0,4,0,0,0,0,1,1,6,2,47,8,1984,2,4,4,1,4
2017010074416,2,9,0,9,0,3,0,0,0,0,1,1,6,2,18,4,1968,2,3,4,1,4
2017010074418,1,3,0,13,0,1,0,0,0,0,1,1,1,1,21,5,108,1,-1,4,1,4
2017010074418,2,9,0,9,0,1,0,0,0,0,3,1,6,1,25,5,2143,2,3,10,2,10
2017010074419,1,9,0,18,0,2,0,0,0,0,3,1,6,3,-1,-1,-1,-1,-1,-1,-1,-1
2017010074421,1,1,-1,-1,-1,-1,-1,-1,-1,-1,-1,1,2,2,41,7,-1,-1,-1,6,1,6
2017010074421,2,9,0,-1,-1,-1,-1,-1,-1,-1,1,-1,6,1,-1,-1,1896,2,12,-1,-1,-1
2017010074422,1,4,0,7,0,3,0,7,0,0,0,1,6,1,30,6,249,1,5,3,1,3
2017010074424,1,1,-1,-1,-1,-1,-1,-1,-1,-1,-1,1,2,1,26,6,-1,-1,-1,5,1,5
2017010074424,2,9,0,-1,-1,-1,-1,-1,-1,-1,1,-1,6,1,-1,-1,1870,2,16,3,1,3
2017010074425,1,9,0,18,0,0,0,0,0,0,1,1,6,1,47,8,-1,3,2,7,3,7
2017010074426,1,11,0,-1,-1,-1,-1,-1,-1,-1,-1,-1,6,3,-1,-1,4500,2,1,-1,-1,-1
2017010074427,1,8,0,14,9,2,0,0,7,10,1,1,1,1,27,6,1798,8,1,2,1,2
2017010074427,2,9,0,10,0,2,0,0,0,0,3,1,1,2,27,6,1998,1,-1,2,1,2
2017010074430,1,9,0,3,0,8,0,0,0,0,3,1,6,2,28,6,1390,1,14,1,1,1
2017010074430,2,21,1,7,0,8,0,0,0,0,3,1,1,1,36,7,12882,2,2,8,3,8
2017010074433,1,9,0,-1,-1,-1,-1,-1,-1,-1,2,-1,6,2,50,8,1995,1,8,5,1,5
2017010074433,2,9,0,-1,-1,-1,-1,-1,-1,-1,1,-1,6,1,-1,-1,1461,2,2,8,1,8
2017010074435,1,3,0,18,0,1,0,0,0,0,1,1,1,1,51,8,124,1,10,2,1,2
2017010074435,2,9,0,5,0,1,0,0,0,0,1,1,6,1,34,6,1395,1,2,5,1,5
2017010074439,1,1,0,4,0,8,0,0,0,0,3,1,6,1,27,6,-1,-1,-1,3,1,3
2017010074439,2,8,0,9,0,5,0,0,0,0,1,1,6,1,37,7,-1,-1,-1,1,1,1
2017010074440,1,9,0,18,0,1,0,0,0,0,1,2,6,3,-1,-1,1988,1,15,-1,-1,-1
2017010074440,2,9,0,3,0,1,0,0,0,0,2,2,6,1,26,6,2494,1,18,9,1,9
2017010074441,1,9,0,13,0,0,0,0,0,0,1,1,6,1,21,5,1995,2,9,3,1,3
2017010074441,2,9,0,18,0,0,0,0,0,0,0,1,6,1,36,7,1968,2,7,-1,-1,-1
2017010074443,1,9,0,18,0,1,0,4,0,0,4,1,6,1,15,3,1998,1,10,7,1,7
2017010074443,2,9,0,2,0,1,0,0,0,0,4,1,6,3,-1,-1,1591,1,7,-1,-1,-1
2017010074445,1,9,0,18,0,0,0,0,0,0,1,1,6,1,60,9,1997,2,17,2,1,2
2017010074445,2,1,0,18,9,0,0,0,0,0,2,1,6,1,42,7,-1,-1,-1,3,1,3
2017010074453,1,9,-1,15,-1,0,-1,-1,-1,-1,-1,-1,6,3,-1,-1,1560,2,-1,-1,-1,-1
2017010074459,1,9,-1,18,0,0,0,0,0,0,1,-1,6,3,-1,-1,-1,-1,-1,-1,-1,-1
2017010074463,1,9,0,18,0,8,0,0,0,0,1,1,6,3,-1,-1,-1,-1,-1,-1,-1,-1
2017010074476,1,1,0,7,4,4,0,0,-1,0,-1,1,6,1,55,8,-1,-1,-1,2,1,2
2017010074491,1,9,0,2,0,-1,0,-1,0,0,3,-1,6,3,-1,-1,1598,2,2,-1,-1,-1
2017010074491,2,9,0,18,0,-1,0,-1,0,0,1,-1,6,3,-1,-1,-1,-1,-1,-1,-1,-1
2017010074492,1,9,0,-1,0,1,0,0,0,0,1,-1,6,3,-1,-1,-1,-1,-1,-1,-1,-1
2017010074495,1,9,0,18,0,1,0,0,0,0,0,1,2,1,68,10,1600,1,13,8,1,8
2017010074497,1,9,0,9,0,6,0,0,0,0,1,1,6,1,37,7,1910,2,10,1,1,1
2017010074497,2,9,0,9,0,5,0,0,0,0,0,1,6,2,-1,-1,1242,1,6,5,1,5
2017010074500,1,8,0,18,0,2,0,0,0,0,0,1,1,1,52,8,1968,2,3,5,1,5
2017010074500,2,9,0,18,0,1,0,0,0,0,0,1,3,2,18,4,1498,1,1,4,1,4
2017010074505,1,19,0,18,0,2,0,4,0,0,1,1,6,1,32,6,2143,2,4,-1,-1,-1
2017010074505,2,19,0,2,0,1,0,4,0,0,2,1,6,3,-1,-1,2299,2,2,-1,-1,-1
2017010074505,3,9,0,2,0,1,0,4,0,0,1,1,6,3,-1,-1,1248,1,-1,-1,-1,-1
2017010074505,4,9,0,2,0,1,0,0,0,0,2,1,6,3,-1,-1,1910,2,12,-1,-1,-1
2017010074507,1,9,0,16,0,1,0,0,0,0,2,-1,6,1,37,7,1968,2,2,1,1,1
2017010074514,1,9,0,7,0,3,0,0,0,0,1,1,2,1,62,9,-1,-1,-1,6,1,6
2017010074515,1,9,0,18,0,0,0,0,0,0,1,1,6,2,62,9,1560,2,3,2,1,2
2017010074521,1,8,0,18,0,1,0,0,0,0,2,1,1,1,55,8,2499,2,4,9,1,9
2017010074525,1,9,-1,-1,-1,-1,-1,-1,-1,-1,-1,-1,6,3,-1,-1,1950,2,-1,-1,-1,-1
2017010074537,1,9,0,4,0,0,0,0,0,0,2,-1,2,1,28,6,1995,2,7,1,1,1
2017010074537,2,9,-1,-1,0,0,0,0,0,0,-1,-1,6,1,-1,-1,1995,1,15,-1,-1,-1
2017010074540,1,9,0,9,0,8,0,0,0,0,4,1,1,1,33,6,1956,2,6,4,1,4
2017010074540,2,5,0,5,0,8,0,0,0,0,1,1,2,1,37,7,750,1,5,5,1,5
2017010074543,1,21,0,18,0,2,0,0,0,0,4,1,1,1,30,6,7146,2,8,3,1,3
2017010074552,1,9,0,10,0,1,-1,0,0,0,2,-1,6,1,46,8,2143,2,3,6,1,6
2017010074557,1,9,0,1,0,1,0,0,0,0,2,1,1,1,35,6,998,1,1,4,1,4
2017010074560,1,9,0,18,0,1,0,0,0,0,1,1,6,1,31,6,2198,1,15,6,1,6
2017010074563,1,9,0,9,0,6,0,0,0,0,1,1,2,1,27,6,1995,1,11,3,1,3
2017010074563,2,4,0,18,0,1,0,0,0,0,4,1,2,1,25,5,-1,-1,-1,8,1,8
2017010074566,1,20,0,3,0,1,0,8,0,0,3,1,1,1,29,6,-1,2,15,3,1,3
2017010074566,2,1,0,13,0,1,0,8,0,0,1,1,6,1,39,7,-1,-1,-1,3,1,3
2017010074567,1,5,0,9,0,8,0,0,0,0,1,1,2,1,32,6,645,1,17,2,1,2
2017010074567,2,1,0,18,0,8,0,0,0,0,0,1,6,1,35,6,-1,-1,-1,3,1,3
2017010074574,1,9,0,9,0,5,0,0,0,0,1,1,6,1,56,9,1956,2,1,4,1,4
2017010074575,1,4,0,-1,-1,-1,-1,-1,-1,-1,-1,1,6,1,58,9,-1,-1,-1,7,1,7
2017010074575,2,9,0,-1,-1,-1,-1,-1,-1,-1,-1,-1,6,3,-1,-1,-1,-1,-1,-1,-1,-1
2017010074577,1,5,0,18,0,1,2,0,0,0,3,1,6,1,35,6,1200,1,16,2,1,2
2017010074577,2,9,0,7,0,5,0,0,0,0,4,1,6,1,29,6,1798,8,-1,6,1,6
2017010074581,1,9,0,18,0,0,0,0,0,0,1,1,6,2,52,8,1395,1,-1,9,1,9
2017010074589,1,11,0,3,2,0,0,0,0,0,0,1,1,2,54,8,6700,2,5,8,1,8
2017010074593,1,9,0,5,0,0,0,0,0,0,1,1,1,1,52,8,2494,2,6,3,1,3
2017010074595,1,19,0,7,0,8,0,0,0,0,3,1,1,1,32,6,2198,2,3,4,1,4
2017010074595,2,1,0,18,0,8,0,0,0,0,1,1,1,1,26,6,-1,-1,-1,2,1,2
2017010074601,1,9,0,9,0,8,0,0,0,0,1,1,6,2,47,8,1395,1,-1,4,1,4
2017010074601,2,1,0,18,0,8,0,0,1,0,1,1,6,1,35,6,-1,-1,-1,-1,-1,-1
2017010074603,1,8,0,18,0,8,0,0,0,0,4,1,1,1,49,8,1896,2,8,3,1,3
2017010074603,2,19,0,5,0,1,0,0,0,0,3,1,1,1,26,6,1569,2,-1,2,1,2
2017010074603,3,9,0,2,0,8,0,0,0,0,2,1,6,3,-1,-1,1560,2,13,-1,-1,-1
2017010074605,1,21,0,5,0,8,0,0,0,0,2,1,1,1,59,9,-1,-1,-1,2,1,2
2017010074607,1,11,0,5,0,1,0,0,0,0,1,1,1,1,50,8,4500,2,10,10,1,10
2017010074615,1,11,0,4,0,1,0,0,0,0,0,1,1,1,32,6,4461,2,4,8,1,8
2017010074617,1,9,0,18,0,2,0,0,0,0,0,1,6,2,36,7,-1,-1,-1,3,1,3
2017010074617,2,9,0,9,0,6,0,0,0,0,0,1,6,2,-1,-1,-1,-1,-1,-1,-1,-1
2017010074620,1,5,0,18,0,1,0,0,0,0,3,1,2,1,43,7,955,1,17,9,1,9
2017010074620,2,9,0,18,0,8,0,0,0,0,4,1,6,3,-1,-1,-1,-1,-1,-1,-1,-1
2017010074624,1,11,0,18,0,0,0,0,0,0,1,1,1,1,48,8,4500,2,2,5,1,5
2017010074627,1,9,0,9,0,1,0,0,0,0,1,1,6,1,41,7,-1,-1,-1,2,1,2
2017010074627,2,9,0,18,0,1,0,0,0,0,1,1,1,1,55,8,1896,2,9,3,1,3
2017010074628,1,9,0,11,0,2,1,0,0,0,2,1,6,1,47,8,1598,1,11,2,1,2
2017010074628,2,21,0,18,0,2,0,0,0,0,1,1,1,1,58,9,6700,2,1,8,1,8
2017010074630,1,9,0,9,0,8,0,0,0,0,4,1,1,1,49,8,-1,-1,-1,4,1,4
2017010074630,2,19,0,18,0,8,0,0,6,6,3,1,2,1,19,4,1598,2,3,-1,-1,-1
2017010074635,1,9,0,10,0,1,0,0,0,0,2,1,6,2,37,7,1386,1,11,2,1,2
2017010074635,2,9,0,18,0,1,0,0,0,0,2,1,2,2,24,5,1198,1,11,7,1,7
2017010074635,3,9,0,18,0,1,0,0,0,0,1,1,2,1,25,5,1968,2,10,4,1,4
2017010074636,1,8,0,9,0,8,0,0,0,0,1,1,1,1,49,8,1998,2,8,5,1,5
2017010074636,2,1,0,9,0,8,0,0,0,0,1,1,6,1,28,6,-1,-1,-1,-1,-1,-1
2017010074645,1,9,0,9,0,0,0,0,0,0,1,1,6,1,39,7,1560,2,3,2,1,2
2017010074648,1,19,0,-1,-1,-1,-1,-1,-1,-1,2,-1,6,1,33,6,2198,2,3,8,1,8
2017010074648,2,9,-1,-1,-1,-1,-1,-1,-1,-1,-1,-1,6,3,-1,-1,1991,2,7,-1,-1,-1
2017010074650,1,1,-1,-1,-1,-1,-1,-1,-1,-1,-1,1,2,1,32,6,-1,-1,-1,2,1,2
2017010074650,2,9,0,-1,-1,-1,-1,-1,-1,-1,-1,-1,6,3,-1,-1,1598,2,3,-1,-1,-1
2017010074655,1,1,-1,-1,-1,-1,-1,-1,-1,-1,1,1,2,2,28,6,-1,-1,-1,3,1,3
2017010074655,2,9,0,-1,-1,-1,-1,-1,-1,-1,-1,-1,6,1,-1,-1,-1,-1,-1,5,1,5
2017010074656,1,5,0,18,0,1,0,0,0,0,1,1,1,1,49,8,781,1,15,7,3,7
2017010074656,2,1,0,18,0,1,0,0,0,0,3,1,6,1,28,6,-1,-1,-1,5,1,5
2017010074657,1,1,-1,-1,-1,8,-1,-1,-1,-1,3,1,2,2,25,5,-1,-1,-1,5,1,5
2017010074657,2,9,0,9,-1,5,-1,-1,-1,-1,1,-1,6,1,-1,-1,1796,1,8,6,1,6
2017010074661,1,9,0,18,0,1,0,0,0,0,1,1,6,2,41,7,1968,2,6,2,1,2
2017010074661,2,9,0,9,0,8,0,0,0,0,4,1,6,1,21,5,1596,1,9,7,1,7
2017010074662,1,3,0,-1,-1,0,-1,-1,-1,-1,-1,1,6,2,24,5,124,1,6,3,1,3
2017010074662,2,9,0,-1,-1,0,-1,-1,-1,-1,-1,-1,6,1,34,6,1598,1,13,4,1,4
2017010074664,1,9,-1,-1,-1,0,-1,-1,-1,-1,-1,-1,6,3,-1,-1,-1,-1,-1,-1,-1,-1
2017010074665,1,3,0,-1,-1,-1,-1,-1,-1,-1,1,1,2,2,33,6,-1,-1,-1,3,1,3
2017010074665,2,9,0,-1,-1,-1,-1,-1,-1,-1,1,-1,6,2,-1,-1,-1,-1,-1,-1,-1,-1
2017010074668,1,9,0,-1,-1,0,-1,-1,-1,-1,2,-1,6,2,66,10,1596,1,4,10,1,10
2017010074668,2,9,0,-1,-1,0,-1,-1,-1,-1,1,-1,6,1,-1,-1,1896,2,13,7,1,7
2017010074670,1,9,0,-1,-1,-1,-1,-1,-1,-1,-1,-1,6,2,40,7,1796,1,18,3,1,3
2017010074670,2,9,0,-1,-1,-1,-1,-1,-1,-1,-1,-1,6,1,-1,-1,-1,-1,-1,-1,-1,-1
2017010074680,1,19,0,-1,-1,-1,-1,-1,-1,-1,0,-1,6,1,-1,-1,2198,2,1,9,1,9
2017010074680,2,19,-1,-1,-1,-1,-1,-1,-1,-1,-1,-1,6,3,-1,-1,-1,-1,-1,-1,-1,-1
2017010074683,1,9,0,10,0,1,0,0,0,0,1,1,2,1,26,6,1798,1,6,6,1,6
2017010074683,2,3,0,18,0,1,0,0,0,0,1,1,6,1,21,5,124,1,1,6,1,6
2017010074684,1,9,0,18,-1,1,-1,-1,-1,-1,-1,-1,6,3,36,7,1995,2,4,7,1,7
2017010074685,1,9,0,-1,-1,0,-1,-1,-1,-1,-1,-1,6,2,53,8,1595,1,16,7,1,7
2017010074685,2,9,0,18,0,0,0,0,0,0,4,-1,6,2,74,10,1590,1,12,9,1,9
2017010074699,1,11,0,18,0,1,0,0,0,0,0,1,1,1,63,9,5132,2,-1,2,1,2
2017010074700,1,11,0,3,3,1,0,0,0,0,0,1,6,1,53,8,8268,2,14,4,1,4
2017010074701,1,9,0,4,0,0,0,0,0,0,1,1,6,1,42,7,1995,2,4,7,1,7
2017010074701,2,8,0,12,0,0,0,0,0,0,0,1,6,1,47,8,1339,8,6,-1,-1,-1
2017010074701,3,9,0,4,0,0,0,0,0,0,2,1,6,2,30,6,1598,1,3,3,1,3
2017010074703,1,19,0,1,0,0,0,0,0,0,2,1,6,1,39,7,1996,2,7,6,1,6
2017010074703,2,3,0,18,0,0,0,0,0,0,1,1,1,1,45,7,125,1,3,10,1,10
2017010074704,1,19,0,2,2,8,0,0,0,0,3,1,6,3,-1,-1,1598,2,2,-1,-1,-1
2017010074704,2,3,0,15,2,8,5,8,0,0,4,1,2,1,23,5,108,1,2,4,1,4
2017010074704,3,8,0,3,0,8,0,0,0,0,4,1,1,1,28,6,1968,2,2,8,1,8
2017010074709,1,11,0,5,0,2,0,0,0,0,0,1,1,1,33,6,4461,2,4,2,1,2
2017010074716,1,9,0,4,0,0,0,0,0,0,2,1,6,1,31,6,-1,-1,-1,3,1,3
2017010074716,2,9,0,4,0,0,0,0,0,0,1,1,6,1,19,4,1397,1,13,-1,-1,-1
2017010074717,1,9,0,9,0,8,0,0,0,0,4,1,6,1,83,11,1590,1,17,8,1,8
2017010074717,2,9,0,18,0,8,0,0,0,0,1,1,6,1,37,7,2987,2,4,4,1,4
2017010074718,1,9,0,6,0,0,0,0,0,0,2,1,2,1,23,5,1229,1,8,2,1,2
2017010074718,2,3,0,18,0,0,1,0,0,0,1,1,2,1,36,7,125,1,12,2,1,2
2017010074723,1,9,0,-1,-1,-1,-1,-1,-1,-1,4,-1,6,1,-1,-1,1390,1,14,-1,-1,-1
2017010074723,2,9,0,-1,-1,-1,-1,-1,-1,-1,1,-1,6,3,-1,-1,1596,1,15,-1,-1,-1
2017010074725,1,9,0,2,0,1,0,0,0,0,4,1,6,3,-1,-1,1797,8,6,-1,-1,-1
2017010074725,2,9,0,2,0,1,0,0,0,0,4,1,6,3,-1,-1,1796,1,13,-1,-1,-1
2017010074725,3,9,0,3,0,1,0,0,0,0,3,1,6,1,48,8,1598,1,4,2,1,2
2017010074725,4,9,0,1,0,1,0,4,0,10,2,1,6,3,-1,-1,-1,-1,-1,-1,-1,-1
2017010074725,5,9,0,18,0,1,0,4,0,0,1,1,6,3,-1,-1,-1,-1,-1,-1,-1,-1
2017010074729,1,9,0,10,0,5,0,0,0,0,1,1,2,1,54,8,1591,1,4,4,1,4
2017010074729,2,1,0,3,0,8,0,0,0,0,3,1,6,1,38,7,-1,-1,-1,2,1,2
2017010074730,1,9,0,18,0,2,0,0,0,0,3,1,6,1,59,9,2979,1,12,3,1,3
2017010074731,1,21,0,7,0,2,0,0,0,0,4,1,1,1,35,6,10837,2,1,3,1,3
2017010074736,1,9,0,18,0,6,0,0,0,0,3,1,6,3,37,7,-1,-1,-1,-1,-1,-1
2017010074736,2,4,0,18,0,8,1,0,0,0,1,1,6,1,31,6,125,1,1,-1,-1,-1
2017010074737,1,1,-1,-1,-1,0,-1,-1,-1,-1,2,1,6,2,40,7,-1,-1,-1,6,1,6
2017010074737,2,9,0,-1,-1,0,-1,-1,-1,-1,-1,1,6,2,-1,-1,1749,1,13,8,1,8
2017010074739,1,9,0,16,0,0,0,0,0,0,1,1,6,1,45,7,-1,-1,-1,5,1,5
2017010074739,2,9,0,17,0,0,0,0,0,0,1,1,6,1,53,8,1399,1,-1,4,1,4
2017010074742,1,9,0,9,0,2,0,0,0,0,1,1,6,2,24,5,1242,1,4,3,1,3
2017010074742,2,4,0,18,0,8,0,0,0,0,2,1,6,1,36,7,279,1,-1,2,1,2
2017010074743,1,19,0,18,0,1,0,0,0,0,1,1,6,3,-1,-1,-1,-1,-1,-1,-1,-1
2017010074745,1,9,0,4,0,0,0,0,0,0,3,1,6,2,73,10,-1,-1,-1,7,1,7
2017010074745,2,9,0,1,0,0,0,0,0,0,2,1,6,1,56,9,1968,2,6,9,1,9
2017010074746,1,9,0,18,0,8,0,0,0,0,1,1,2,1,26,6,1598,1,11,3,1,3
2017010074746,2,19,0,18,0,1,0,0,0,0,1,1,2,1,57,9,1753,2,16,7,1,7
2017010074746,3,9,0,9,0,1,0,0,0,0,1,1,6,3,-1,-1,-1,-1,-1,-1,-1,-1
2017010074749,1,3,0,18,0,1,0,0,0,0,1,1,1,1,25,5,108,1,9,3,1,3
2017010074749,2,9,0,9,0,6,0,0,0,0,3,1,1,2,49,8,1998,1,9,2,1,2
2017010074750,1,9,0,6,0,2,0,0,0,0,2,1,6,1,38,7,1560,2,7,10,1,10
2017010074750,2,9,0,18,0,2,0,0,0,0,1,1,2,1,52,8,1597,1,20,7,1,7