Accident_Index,Vehicle_Reference,Vehicle_Type,Towing_and_Articulation,Vehicle_Manoeuvre,Vehicle_Location-Restricted_Lane,Junction_Location,Skidding_and_Overturning,Hit_Object_in_Carriageway,Vehicle_Leaving_Carriageway,Hit_Object_off_Carriageway,1st_Point_of_Impact,Was_Vehicle_Left_Hand_Drive?,Journey_Purpose_of_Driver,Sex_of_Driver,Age_of_Driver,Age_Band_of_Driver,Engine_Capacity_(CC),Propulsion_Code,Age_of_Vehicle,Driver_IMD_Decile,Driver_Home_Area_Type,Vehicle_IMD_Decile
2017010074751,1,5,0,5,0,8,2,0,0,0,3,1,1,1,47,8,-1,-1,-1,10,1,10
2017010074751,2,9,0,5,0,8,0,0,0,0,1,1,1,2,36,7,1596,1,13,3,1,3
2017010074751,3,2,0,5,0,8,2,0,0,0,3,1,6,1,-1,-1,998,1,8,-1,-1,-1
2017010074753,1,5,0,4,0,0,0,0,0,0,1,1,2,1,54,8,798,1,8,7,1,7
2017010074754,1,9,0,18,0,1,0,0,0,0,2,1,6,1,49,8,1598,2,-1,9,1,9
2017010074754,2,2,0,18,0,1,1,0,0,0,1,1,1,1,25,5,-1,-1,-1,6,1,6
2017010074756,1,4,0,18,0,0,0,0,0,0,1,1,2,2,42,7,471,1,1,7,1,7
2017010074756,2,9,0,6,0,0,0,0,0,0,1,1,6,2,32,6,1596,1,15,7,1,7
2017010074757,1,9,0,3,0,0,0,0,1,10,4,1,6,1,85,11,1591,1,3,8,1,8
2017010074758,1,2,0,18,0,0,5,0,0,0,1,1,6,3,-1,-1,-1,-1,-1,-1,-1,-1
2017010074760,1,9,0,3,0,8,0,0,0,0,1,1,1,1,35,6,1956,2,8,7,1,7
2017010074760,2,9,0,7,0,6,0,0,0,0,4,1,6,2,72,10,-1,-1,-1,5,1,5
2017010074762,1,1,0,18,0,2,5,4,0,0,3,1,1,1,49,8,-1,-1,-1,3,1,3
2017010074762,2,9,0,3,0,1,0,0,0,0,3,1,1,1,47,8,2993,2,2,3,1,3
2017010074763,1,11,0,17,7,1,0,0,0,0,1,1,6,1,29,6,6700,2,5,4,1,4
2017010074763,2,9,0,18,0,2,0,0,0,0,1,1,6,1,43,7,1794,1,9,2,1,2
2017010074765,1,9,0,3,0,1,0,0,0,0,0,1,3,2,48,8,1685,2,5,4,1,4
2017010074765,2,3,0,18,0,1,0,0,0,0,1,1,6,1,22,5,108,1,5,1,1,1
2017010074767,1,9,0,10,0,5,0,0,0,0,1,1,6,2,27,6,1229,1,7,5,1,5
2017010074767,2,9,0,18,0,1,0,0,0,0,1,1,1,1,40,7,998,1,3,2,1,2
2017010074771,1,9,0,18,0,0,0,0,0,0,1,1,6,2,34,6,2993,2,6,2,1,2
2017010074772,1,9,0,2,0,0,0,0,0,0,2,1,6,3,-1,-1,-1,-1,-1,-1,-1,-1
2017010074772,2,1,0,18,0,0,0,4,0,0,1,1,2,1,56,9,-1,-1,-1,10,1,10
2017010074773,1,9,0,9,0,8,0,0,0,0,3,1,6,1,39,7,1998,2,2,4,1,4
2017010074778,1,5,0,-1,-1,-1,-1,-1,-1,-1,1,1,2,1,59,9,865,1,12,-1,-1,-1
2017010074778,2,9,0,-1,-1,-1,-1,-1,-1,-1,0,-1,6,3,-1,-1,-1,-1,-1,-1,-1,-1
2017010074779,1,3,0,18,0,2,2,10,2,1,1,1,6,1,29,6,125,1,17,2,1,2
2017010074780,1,9,0,7,0,5,0,0,7,10,1,1,6,1,25,5,1798,1,10,-1,-1,-1
2017010074782,1,9,0,18,9,0,0,2,0,0,1,1,6,1,37,7,1997,2,7,4,1,4
2017010074784,1,9,0,18,0,0,0,0,0,0,1,1,6,2,53,8,-1,-1,-1,8,1,8
2017010074785,1,19,0,18,0,0,0,0,0,0,2,1,2,1,27,6,1560,2,1,2,1,2
2017010074785,2,8,0,2,0,0,0,4,0,0,3,1,6,3,-1,-1,1997,2,-1,-1,-1,-1
2017010074785,3,19,0,2,0,0,0,0,0,0,3,1,6,3,-1,-1,1995,2,1,-1,-1,-1
2017010074786,1,8,0,4,0,3,0,0,0,0,3,1,1,1,31,6,1997,2,7,4,1,4
2017010074786,2,1,0,9,0,1,0,0,0,0,1,1,6,1,33,6,-1,-1,-1,3,1,3
2017010074787,1,9,0,2,6,0,1,11,1,0,1,1,6,3,-1,-1,1149,1,10,-1,-1,-1
2017010074787,2,9,0,18,0,0,0,4,0,0,1,1,6,2,22,5,1388,1,6,2,1,2
2017010074787,3,9,0,18,0,0,0,0,0,0,4,1,1,1,52,8,1798,8,5,2,1,2
2017010074789,1,9,0,1,0,1,0,0,0,0,2,1,1,2,28,6,1560,2,7,7,1,7
2017010074790,1,9,0,18,0,8,0,7,0,0,3,1,6,1,35,6,1910,2,12,6,1,6
2017010074798,1,9,0,16,0,3,1,10,1,10,1,1,6,2,23,5,1390,1,16,3,1,3
2017010074801,1,9,0,18,9,3,1,7,1,10,4,2,6,1,27,6,2979,1,3,-1,-1,-1
2017010074803,1,11,0,2,0,0,0,0,0,0,2,1,6,3,-1,-1,6370,2,5,-1,-1,-1
2017010074803,2,9,0,18,0,0,0,0,0,0,1,1,6,1,30,6,1598,1,14,-1,-1,-1
2017010074810,1,9,0,18,0,3,1,0,1,4,1,1,6,1,24,5,2793,1,20,3,1,3
2017010074812,1,9,0,-1,-1,0,-1,-1,-1,-1,1,-1,6,2,29,6,1591,1,1,5,1,5
2017010074813,1,9,0,-1,-1,-1,-1,-1,-1,-1,1,-1,6,1,37,7,1798,8,1,5,1,5
2017010074815,1,9,0,8,0,1,1,0,1,4,1,1,6,1,24,5,1595,1,-1,4,1,4
2017010074821,1,11,0,18,0,1,0,0,0,0,0,1,1,1,42,7,5132,2,1,3,1,3
2017010074821,2,9,0,9,0,5,0,0,0,0,0,1,6,3,-1,-1,-1,-1,-1,-1,-1,-1
2017010074824,1,9,0,-1,-1,-1,-1,-1,-1,-1,2,-1,6,2,39,7,1995,2,9,2,1,2
2017010074824,2,9,0,-1,-1,-1,-1,-1,-1,-1,1,-1,6,1,-1,-1,1995,2,10,-1,-1,-1
2017010074825,1,1,-1,-1,-1,-1,-1,-1,-1,-1,1,1,2,2,31,6,-1,-1,-1,4,1,4
2017010074825,2,19,0,-1,-1,-1,-1,-1,-1,-1,3,-1,6,3,-1,-1,1968,2,1,-1,-1,-1
2017010074827,1,1,-1,-1,-1,0,-1,-1,-1,-1,-1,1,2,1,24,5,-1,-1,-1,2,1,2
2017010074827,2,9,0,-1,-1,0,-1,-1,-1,-1,1,-1,6,3,-1,-1,1598,2,-1,-1,-1,-1
2017010074830,1,9,-1,-1,-1,0,-1,-1,-1,-1,-1,-1,6,3,-1,-1,-1,-1,-1,-1,-1,-1
2017010074833,1,9,0,-1,-1,-1,-1,-1,-1,-1,-1,-1,6,2,52,8,1124,1,17,5,1,5
2017010074833,2,9,0,-1,-1,-1,-1,-1,-1,-1,-1,-1,6,1,-1,-1,-1,-1,-1,-1,-1,-1
2017010074835,1,9,0,9,0,1,0,0,0,0,1,1,2,2,63,9,1598,1,8,4,1,4
2017010074838,1,9,0,18,9,5,0,0,1,4,3,1,6,1,27,6,1596,1,9,1,1,1
2017010074840,1,9,0,7,0,8,0,0,0,0,1,1,6,3,-1,-1,-1,-1,-1,-1,-1,-1
2017010074840,2,1,0,7,0,8,0,0,0,0,3,1,6,1,60,9,-1,-1,-1,2,1,2
2017010074841,1,9,0,5,0,1,0,0,0,0,4,1,6,1,25,5,2261,1,1,7,1,7
2017010074843,1,19,0,1,0,0,0,0,0,0,2,1,6,1,42,7,1995,2,10,5,1,5
2017010074844,1,9,-1,-1,-1,-1,-1,-1,-1,-1,-1,-1,6,3,-1,-1,-1,-1,-1,-1,-1,-1
2017010074846,1,19,0,4,0,1,0,0,0,0,2,1,6,1,55,8,1896,2,9,8,1,8
2017010074846,2,9,0,18,0,1,0,0,0,0,1,1,6,2,34,6,1595,1,12,6,1,6
2017010074847,1,19,0,-1,-1,-1,-1,-1,-1,-1,2,-1,6,1,35,6,2198,2,2,5,1,5
2017010074849,1,9,0,18,0,2,0,0,0,0,2,1,6,1,59,9,1970,1,9,8,1,8
2017010074849,2,9,0,18,0,2,0,0,0,0,2,1,6,1,32,6,2979,1,13,4,1,4
2017010074849,3,9,0,18,0,2,0,0,0,0,1,1,6,2,25,5,1198,1,4,6,1,6
2017010074851,1,19,0,3,0,1,0,0,0,0,3,1,1,1,38,7,2198,2,2,2,1,2
2017010074851,2,4,0,9,0,1,0,0,0,0,1,1,6,1,43,7,-1,-1,-1,2,1,2
2017010074854,1,9,0,18,0,0,0,0,0,0,1,1,6,1,64,9,1329,1,6,6,1,6
2017010074858,1,19,0,16,0,0,0,0,0,0,1,1,6,1,23,5,2198,2,2,6,1,6
2017010074858,2,9,0,17,0,0,0,0,0,0,1,1,6,1,18,4,998,1,3,6,1,6
2017010074860,1,19,0,18,0,8,0,0,0,0,1,1,1,1,26,6,-1,3,3,2,1,2
2017010074860,2,8,0,18,0,8,0,0,0,0,3,1,1,1,54,8,2143,2,7,2,1,2
2017010074861,1,4,0,18,0,1,0,0,0,0,1,1,6,1,31,6,123,1,10,3,1,3
2017010074861,2,9,0,9,0,6,0,0,0,0,4,1,6,2,55,8,1242,1,17,3,1,3
2017010074861,3,9,0,8,0,1,0,0,0,0,0,1,6,1,67,10,1242,1,3,3,1,3
2017010074864,1,9,0,3,9,2,0,0,0,0,0,1,6,1,35,6,2143,2,6,10,1,10
2017010074864,2,9,0,18,0,2,0,0,0,0,1,1,6,3,-1,-1,1794,1,11,-1,-1,-1
2017010074865,1,9,0,4,0,0,0,0,0,0,0,1,6,2,66,10,1339,1,12,10,1,10
2017010074865,2,1,0,18,0,0,0,0,0,0,0,1,6,1,63,9,-1,-1,-1,10,1,10
2017010074867,1,1,-1,-1,-1,0,-1,-1,-1,-1,1,1,6,2,44,7,-1,-1,-1,6,1,6
2017010074867,2,8,0,-1,-1,0,-1,-1,-1,-1,0,-1,6,1,47,8,1997,2,6,4,1,4
2017010074874,1,9,0,-1,-1,-1,-1,-1,-1,-1,-1,-1,6,1,34,6,1197,1,-1,6,1,6
2017010074874,2,9,0,-1,-1,-1,-1,-1,-1,-1,1,-1,6,3,-1,-1,-1,-1,-1,-1,-1,-1
2017010074879,1,9,0,18,0,0,0,0,0,0,4,1,6,1,61,9,1395,1,2,10,1,10
2017010074879,2,9,0,5,0,0,0,8,0,0,3,1,6,1,24,5,2996,1,9,8,1,8
2017010074879,3,1,0,18,0,0,0,8,0,0,1,1,6,1,29,6,-1,-1,-1,10,1,10
2017010074886,1,1,0,18,0,1,0,0,0,0,1,1,6,2,46,8,-1,-1,-1,8,1,8
2017010074887,1,3,0,-1,-1,-1,-1,-1,-1,-1,-1,1,6,1,50,8,124,1,11,6,1,6
2017010074887,2,19,0,-1,-1,-1,-1,-1,-1,-1,0,-1,6,1,-1,-1,-1,-1,-1,5,1,5
2017010074896,1,3,0,5,0,6,0,0,0,0,2,1,1,1,43,7,108,1,-1,2,1,2
2017010074896,2,9,0,5,0,6,0,0,0,0,1,1,6,1,34,6,1988,1,13,3,1,3
2017010074898,1,9,0,-1,-1,-1,-1,-1,-1,-1,-1,-1,6,1,44,7,1618,1,1,6,1,6
2017010074898,2,9,0,-1,-1,-1,-1,-1,-1,-1,-1,-1,6,2,-1,-1,1686,2,12,-1,-1,-1
2017010074901,1,90,0,-1,-1,-1,-1,-1,-1,-1,1,-1,6,3,-1,-1,-1,-1,-1,-1,-1,-1
2017010074901,2,2,-1,18,-1,-1,0,0,-1,0,1,1,6,3,-1,-1,-1,-1,-1,-1,-1,-1
2017010074902,1,9,0,-1,-1,0,-1,-1,-1,-1,-1,-1,6,1,34,6,1390,1,17,5,1,5
2017010074902,2,9,0,-1,-1,0,-1,-1,-1,-1,-1,-1,6,1,54,8,1997,2,6,10,1,10
2017010074907,1,1,0,18,0,8,0,0,0,0,1,1,2,2,32,6,-1,-1,-1,2,1,2
2017010074907,2,9,0,7,0,8,0,0,0,0,4,1,6,3,-1,-1,-1,-1,-1,-1,-1,-1
2017010074908,1,11,0,4,2,1,0,0,0,0,0,1,1,1,50,8,9000,2,8,9,1,9
2017010074908,2,9,0,7,0,1,0,0,0,0,0,1,6,2,45,7,1242,1,2,2,1,2
2017010074909,1,11,0,4,2,2,0,0,0,0,0,1,1,1,42,7,4500,2,1,4,1,4
2017010074912,1,8,0,1,0,8,0,0,0,0,2,1,1,1,32,6,1956,2,2,4,1,4
2017010074912,2,9,0,3,0,1,0,0,0,0,1,1,6,1,59,9,2000,1,12,2,1,2
2017010074913,1,9,0,18,0,0,0,0,0,0,1,1,6,1,36,7,2000,2,6,-1,-1,-1
2017010074914,1,11,0,18,0,6,0,0,0,0,0,2,1,1,63,9,-1,-1,-1,6,1,6
2017010074914,2,90,0,18,0,6,0,0,0,0,0,1,6,3,-1,-1,-1,-1,-1,-1,-1,-1
2017010074915,1,90,0,18,0,1,0,0,0,0,4,1,1,1,50,8,2299,2,2,5,1,5
2017010074918,1,9,0,-1,-1,-1,-1,-1,-1,-1,2,-1,6,1,28,6,1596,1,12,9,1,9
2017010074920,1,3,0,13,0,1,1,7,0,0,4,1,6,1,29,6,125,1,2,2,1,2
2017010074920,2,11,0,5,0,1,0,0,0,0,3,1,1,1,53,8,4500,2,2,3,1,3
2017010074921,1,11,0,18,0,0,0,0,0,0,0,1,6,1,59,9,4500,2,1,2,1,2
2017010074921,2,9,0,18,0,0,0,0,0,0,0,1,6,3,-1,-1,-1,-1,-1,-1,-1,-1
2017010074922,1,9,0,7,0,3,0,0,0,0,1,1,6,3,-1,-1,-1,-1,-1,-1,-1,-1
2017010074923,1,9,0,18,0,0,0,4,0,0,1,1,6,1,63,9,1399,1,-1,6,1,6
2017010074923,2,9,0,2,0,0,0,0,0,0,2,2,6,3,-1,-1,1368,1,4,-1,-1,-1
2017010074923,3,9,0,2,0,0,0,0,0,0,2,1,6,3,-1,-1,1910,2,10,-1,-1,-1
2017010074923,4,9,0,2,0,0,0,0,0,0,2,1,6,3,-1,-1,1598,1,9,-1,-1,-1
2017010074924,1,9,0,7,0,0,0,0,0,0,2,1,6,1,46,8,1796,1,13,6,1,6
2017010074924,2,8,0,18,0,0,0,0,0,0,1,1,1,1,52,8,1797,8,6,3,1,3
2017010074925,1,9,0,7,0,1,0,0,0,0,1,1,6,3,-1,-1,1242,1,6,-1,-1,-1
2017010074925,2,1,0,18,0,1,0,0,0,0,4,1,6,1,23,5,-1,-1,-1,2,1,2
2017010074926,1,11,0,4,0,1,0,0,0,0,0,1,1,1,27,6,4500,2,5,1,1,1
2017010074927,1,9,0,4,0,8,0,0,0,0,1,1,6,1,24,5,1995,2,5,8,1,8
2017010074927,2,9,0,10,0,8,0,0,0,0,1,1,6,1,61,9,1998,2,5,9,1,9
2017010074930,1,9,0,16,0,6,0,4,0,0,1,1,6,1,45,7,1794,1,12,6,1,6
2017010074930,2,9,0,3,0,6,0,7,0,0,4,1,6,1,51,8,2987,2,-1,6,1,6
2017010074935,1,9,0,4,0,0,0,4,0,0,3,1,1,1,43,7,1956,2,5,6,1,6
2017010074935,2,9,0,5,9,0,0,0,0,0,4,1,6,3,-1,-1,1995,1,13,-1,-1,-1
2017010074935,3,9,0,2,9,0,0,0,0,0,3,1,6,3,-1,-1,1242,1,2,-1,-1,-1
2017010074936,1,4,0,18,0,0,0,0,0,0,1,1,6,1,17,4,125,1,-1,4,1,4
2017010074940,1,9,0,9,0,8,0,0,0,0,4,1,6,2,58,9,1461,2,5,2,1,2
2017010074940,2,5,0,17,0,8,0,0,0,0,1,1,6,1,40,7,750,1,-1,-1,-1,-1
2017010074941,1,9,0,10,0,1,0,0,0,0,2,1,2,2,51,8,1360,1,14,5,1,5
2017010074941,2,9,0,18,0,8,0,0,0,0,1,1,6,3,-1,-1,1995,1,7,-1,-1,-1
2017010074945,1,9,0,9,0,8,0,0,0,0,1,1,6,2,55,8,1296,1,9,4,1,4
2017010074945,2,19,0,18,0,4,0,0,0,0,4,1,6,1,24,5,1248,2,7,2,1,2
2017010074948,1,11,0,5,2,1,0,0,0,0,1,1,1,1,57,9,7300,2,13,5,1,5
2017010074956,1,9,0,18,0,1,0,0,0,0,1,1,2,1,31,6,1794,1,16,3,1,3
2017010074956,2,9,0,9,0,6,0,0,0,0,3,1,6,1,36,7,2143,2,4,2,1,2
2017010074957,1,11,0,5,0,8,0,0,0,0,1,1,1,1,49,8,6700,2,8,5,1,5
2017010074959,1,9,0,7,0,1,0,0,0,0,4,1,6,1,52,8,2497,2,15,2,1,2
2017010074959,2,9,0,18,0,1,0,0,0,0,1,1,6,1,27,6,1896,2,13,4,1,4
2017010074960,1,9,3,3,0,4,0,0,0,0,2,1,6,1,36,7,4691,1,6,2,1,2
2017010074960,2,9,0,4,0,4,0,0,0,0,1,1,2,1,33,6,1995,1,6,5,1,5
2017010074964,1,8,0,16,0,2,0,0,0,0,1,1,1,1,36,7,2402,2,13,2,1,2
2017010074968,1,8,0,5,0,0,0,0,0,0,1,1,1,1,42,7,1797,8,7,3,1,3
2017010074968,2,1,0,14,0,0,0,0,0,0,2,1,2,1,28,6,-1,-1,-1,1,1,1
2017010074970,1,9,0,18,0,0,0,0,0,0,2,1,6,1,49,8,1596,1,10,2,1,2
2017010074970,2,9,0,18,0,0,0,0,0,0,2,1,6,2,58,9,1198,1,-1,10,1,10
2017010074970,3,19,0,18,0,0,0,0,0,0,1,1,6,1,50,8,1461,2,2,7,3,7
2017010074972,1,9,0,7,0,8,0,0,0,0,4,1,6,1,37,7,1968,2,5,7,1,7
2017010074972,2,9,0,15,0,8,0,11,0,0,1,1,6,1,50,8,-1,-1,-1,5,1,5
2017010074974,1,9,0,18,0,1,0,0,0,0,1,1,6,1,42,7,1995,1,7,2,1,2
2017010074974,2,9,0,10,0,1,0,0,0,0,4,1,6,1,29,6,2143,2,-1,2,1,2
2017010074975,1,9,0,18,0,0,0,0,2,10,1,1,6,2,24,5,2143,2,1,4,1,4
2017010074978,1,9,0,4,6,0,0,0,0,0,3,1,2,1,25,5,1390,1,8,1,1,1
2017010074978,2,9,0,2,6,0,0,0,0,0,2,1,6,3,-1,-1,1242,1,-1,-1,-1,-1
2017010074978,3,9,0,14,0,0,0,4,0,0,1,1,6,3,-1,-1,-1,-1,-1,-1,-1,-1
2017010074981,1,9,-1,10,-1,5,1,0,-1,0,-1,2,6,1,32,6,2179,2,5,-1,-1,-1
2017010074981,2,3,0,10,-1,-1,1,-1,-1,-1,2,1,6,1,41,7,108,1,5,-1,-1,-1
2017010074983,1,9,0,9,0,1,1,0,0,0,1,1,6,1,44,7,1799,1,10,3,1,3
2017010074983,2,11,0,18,0,1,0,0,0,0,1,1,1,1,49,8,8268,2,13,2,1,2
2017010074987,1,9,0,-1,-1,-1,-1,-1,-1,-1,2,-1,6,2,20,4,998,1,2,5,1,5
2017010074987,2,9,0,-1,-1,-1,-1,-1,-1,-1,1,-1,6,1,-1,-1,1598,1,8,-1,-1,-1
2017010074989,1,9,0,-1,-1,0,-1,-1,-1,-1,2,-1,6,1,34,6,1968,2,10,8,1,8
2017010074993,1,9,0,-1,0,-1,0,-1,0,0,1,-1,6,2,53,8,1796,1,14,6,1,6
2017010074993,2,9,0,-1,0,-1,0,-1,0,0,2,-1,6,2,21,5,1124,1,13,2,1,2
2017010074995,1,9,0,-1,-1,-1,-1,-1,-1,-1,-1,-1,6,1,32,6,1198,1,11,1,1,1
2017010075003,1,9,0,4,0,2,0,0,0,0,2,2,6,1,49,8,1968,2,4,4,1,4
2017010075003,2,9,0,4,0,2,0,0,0,0,1,2,6,1,27,6,2993,2,8,4,1,4
2017010075005,1,8,0,9,0,6,0,0,0,0,3,1,1,1,54,8,2499,2,10,4,3,4
2017010075012,1,9,0,9,0,8,0,0,0,0,3,1,6,2,63,9,1360,1,13,5,1,5
2017010075012,2,9,0,5,0,1,0,0,0,0,1,1,6,2,55,8,1796,1,13,5,1,5
2017010075013,1,9,0,18,0,4,0,0,0,0,1,1,6,1,50,8,1598,1,4,6,1,6
2017010075013,2,1,0,18,0,8,0,0,7,0,4,1,6,1,25,5,-1,-1,-1,6,1,6
2017010075017,1,19,0,-1,-1,0,-1,-1,-1,-1,1,-1,6,1,-1,-1,-1,-1,-1,-1,-1,-1
2017010075019,1,9,0,-1,-1,-1,-1,-1,-1,-1,2,-1,6,1,33,6,1997,1,10,7,1,7
2017010075019,2,9,0,-1,-1,-1,-1,-1,-1,-1,1,-1,6,1,-1,-1,1599,1,11,5,1,5
2017010075021,1,3,0,-1,-1,-1,-1,-1,-1,-1,-1,1,6,1,25,5,125,1,-1,2,1,2
2017010075029,1,9,0,9,0,8,0,0,0,0,1,1,6,2,48,8,1997,2,12,2,1,2
2017010075029,2,9,0,18,0,8,0,0,1,7,3,1,6,2,27,6,1200,1,1,3,1,3
2017010075032,1,9,0,18,0,0,0,4,0,0,1,1,6,1,18,4,1598,1,12,2,1,2
2017010075032,2,9,0,2,0,0,0,0,0,0,2,1,6,3,-1,-1,1560,2,1,-1,-1,-1
2017010075032,3,9,0,2,0,0,0,0,0,0,2,1,6,3,-1,-1,1968,2,6,-1,-1,-1
2017010075039,1,1,-1,-1,-1,-1,-1,-1,-1,-1,-1,1,6,1,26,6,-1,-1,-1,2,1,2
2017010075039,2,9,0,-1,-1,-1,-1,-1,-1,-1,1,-1,6,1,-1,-1,1598,1,8,6,1,6
2017010075041,1,3,0,18,0,1,0,0,0,0,1,1,1,1,34,6,125,1,4,4,1,4
2017010075041,2,9,0,9,0,2,0,0,0,0,1,1,1,1,31,6,1995,2,8,9,1,9
2017010075042,1,9,0,18,0,8,0,0,0,0,1,1,6,1,30,6,1997,2,5,3,1,3
2017010075042,2,1,0,18,0,8,0,0,0,0,1,1,6,2,17,4,-1,-1,-1,5,1,5
2017010075046,1,1,0,5,0,6,0,0,0,0,1,1,6,1,32,6,-1,-1,-1,4,1,4
2017010075046,2,9,0,6,0,8,0,0,0,0,1,1,6,1,27,6,1200,1,15,-1,-1,-1
2017010075048,1,9,4,-1,-1,0,-1,-1,-1,-1,4,-1,6,1,28,6,1198,1,13,2,1,2
2017010075048,2,20,-1,-1,-1,0,-1,-1,-1,-1,-1,-1,6,3,-1,-1,2402,2,13,-1,-1,-1
2017010075056,1,9,0,9,0,1,0,0,0,0,1,1,6,1,31,6,1390,1,13,3,1,3
2017010075056,2,3,0,18,0,1,0,0,0,0,1,1,6,1,29,6,124,1,7,5,1,5
2017010075057,1,3,0,18,0,1,1,0,0,0,0,1,1,1,31,6,125,1,-1,4,1,4
2017010075060,1,4,0,18,0,1,0,0,0,0,1,1,6,1,24,5,125,1,-1,1,1,1
2017010075060,2,9,0,5,0,6,0,0,0,0,3,1,6,2,63,9,1400,1,12,5,1,5
2017010075063,1,9,0,9,0,6,0,0,0,0,1,1,6,1,39,7,1198,1,10,6,1,6
2017010075063,2,3,0,18,0,1,2,0,0,0,1,1,6,1,23,5,125,1,8,7,1,7
2017010075065,1,9,0,7,0,1,0,0,0,0,1,1,6,2,37,7,1598,1,13,2,1,2
2017010075065,2,1,0,18,4,1,5,0,0,0,2,1,6,1,36,7,-1,-1,-1,3,1,3
2017010075066,1,9,0,18,0,0,0,4,0,0,3,1,6,1,83,11,1196,1,20,3,1,3
2017010075066,2,9,0,4,0,0,0,0,0,0,3,1,6,2,31,6,1497,8,-1,3,1,3
2017010075066,3,9,0,3,0,0,0,0,0,0,3,1,6,1,35,6,1598,2,3,4,1,4
2017010075070,1,9,0,7,0,1,0,0,0,0,2,1,6,2,26,6,1397,1,10,8,1,8
2017010075070,2,3,0,18,0,1,0,0,0,0,1,1,1,1,25,5,125,1,4,2,1,2
2017010075073,1,9,0,9,0,6,0,0,7,0,1,1,6,3,-1,-1,-1,-1,-1,-1,-1,-1
2017010075076,1,9,0,18,0,0,0,0,0,0,1,1,6,1,21,5,1390,1,15,4,1,4
2017010075080,1,9,0,9,0,5,0,0,0,0,4,1,2,1,27,6,1395,1,2,10,1,10
2017010075080,2,2,0,18,0,8,2,0,0,0,1,1,1,1,19,4,124,1,5,6,1,6
2017010075084,1,19,0,18,-1,1,-1,0,0,0,1,1,2,1,34,6,2198,2,7,5,1,5
2017010075084,2,9,0,18,0,1,0,0,0,0,3,1,6,2,-1,-1,1598,1,13,-1,-1,-1
2017010075090,1,8,0,18,0,1,0,0,0,0,1,1,1,1,49,8,1497,8,8,6,1,6
2017010075095,1,19,0,9,0,1,0,0,0,0,2,1,1,1,54,8,4250,2,16,4,1,4
2017010075095,2,3,0,13,0,1,5,0,0,0,1,1,6,1,20,4,124,1,7,3,1,3
2017010075096,1,9,0,16,0,3,0,0,0,0,2,1,6,1,37,7,1596,1,11,3,1,3
2017010075096,2,3,0,16,0,3,0,0,0,0,1,1,6,1,20,4,124,1,5,2,1,2
2017010075098,1,9,0,18,0,6,0,0,0,0,1,1,6,1,25,5,1968,2,-1,3,1,3
2017010075098,2,9,0,5,0,2,0,0,0,0,4,1,6,1,37,7,2204,2,10,-1,-1,-1
2017010075101,1,19,0,18,0,2,1,0,0,0,1,1,1,1,16,4,2198,2,3,-1,-1,-1
2017010075102,1,9,0,4,0,1,0,0,0,0,1,1,2,1,40,7,2143,2,4,-1,-1,-1
2017010075102,2,9,0,9,0,8,0,0,0,0,4,1,6,1,49,8,2143,2,1,6,1,6
2017010075102,3,9,0,18,0,1,0,0,0,0,0,1,1,1,59,9,1997,2,-1,6,1,6
2017010075103,1,9,0,18,0,1,0,0,0,0,1,1,1,1,33,6,1498,1,-1,3,1,3
2017010075103,2,3,0,6,0,1,1,0,0,0,0,1,6,1,21,5,125,1,1,-1,-1,-1
2017010075104,1,9,0,18,2,8,1,0,0,0,3,1,6,1,25,5,1149,1,9,5,1,5
2017010075104,2,9,0,7,0,5,0,0,1,0,3,1,6,1,46,8,-1,-1,-1,3,1,3
2017010075106,1,9,0,3,0,1,0,0,0,0,2,1,6,1,33,6,1595,1,4,10,1,10
2017010075106,2,9,0,3,0,1,0,0,0,0,2,1,6,1,45,7,1390,1,8,3,1,3
2017010075106,3,9,0,18,0,1,0,0,0,0,1,1,6,1,57,9,1995,2,1,2,1,2
2017010075125,1,9,0,-1,-1,-1,-1,-1,-1,-1,-1,-1,6,2,29,6,1149,1,14,4,1,4
2017010075125,2,90,0,-1,-1,-1,-1,-1,-1,-1,-1,-1,6,3,-1,-1,-1,-1,-1,-1,-1,-1
2017010075127,1,9,0,13,0,1,0,11,1,10,0,1,2,1,28,6,1398,1,4,4,1,4
2017010075127,2,9,0,18,0,1,0,0,0,0,1,1,6,1,58,9,1598,2,2,4,1,4
2017010075129,1,1,-1,-1,-1,-1,-1,-1,-1,-1,-1,1,6,1,25,5,-1,-1,-1,4,1,4
2017010075136,1,3,0,-1,-1,-1,-1,-1,-1,-1,-1,1,2,1,26,6,124,1,7,3,1,3
2017010075136,2,9,0,-1,-1,-1,-1,-1,-1,-1,1,-1,6,2,-1,-1,1995,1,9,3,1,3
2017010075139,1,9,0,18,0,1,1,0,0,0,1,1,2,1,21,5,1242,1,6,8,1,8
2017010075146,1,9,0,18,0,1,0,0,0,0,1,1,3,2,40,7,2199,2,2,8,1,8
2017010075168,1,9,0,18,0,1,0,0,0,0,4,1,3,1,45,7,2179,2,3,5,1,5
2017010075172,1,1,-1,-1,-1,0,-1,-1,-1,-1,1,1,2,1,35,6,-1,-1,-1,6,1,6
2017010075172,2,8,-1,-1,-1,0,-1,-1,-1,-1,-1,-1,6,3,-1,-1,-1,-1,-1,-1,-1,-1
2017010075174,1,1,0,9,0,2,0,0,0,0,3,1,1,2,38,7,-1,-1,-1,7,1,7
2017010075174,2,19,3,7,0,2,0,0,0,0,3,1,6,3,-1,-1,2198,2,3,-1,-1,-1
2017010075175,1,9,0,-1,-1,-1,-1,-1,-1,-1,2,-1,6,2,44,7,1995,2,-1,4,1,4
2017010075182,1,9,0,18,0,1,0,0,0,0,1,1,6,3,-1,-1,-1,-1,-1,-1,-1,-1