Accident_Index,Vehicle_Reference,Vehicle_Type,Towing_and_Articulation,Vehicle_Manoeuvre,Vehicle_Location-Restricted_Lane,Junction_Location,Skidding_and_Overturning,Hit_Object_in_Carriageway,Vehicle_Leaving_Carriageway,Hit_Object_off_Carriageway,1st_Point_of_Impact,Was_Vehicle_Left_Hand_Drive?,Journey_Purpose_of_Driver,Sex_of_Driver,Age_of_Driver,Age_Band_of_Driver,Engine_Capacity_(CC),Propulsion_Code,Age_of_Vehicle,Driver_IMD_Decile,Driver_Home_Area_Type,Vehicle_IMD_Decile
2017010075186,1,19,0,18,0,0,1,0,0,0,1,1,1,2,54,8,1499,2,2,7,1,7
2017010075186,2,19,0,4,0,0,0,0,0,0,2,1,2,1,27,6,2198,2,4,3,1,3
2017010075194,1,11,0,5,0,1,0,0,0,0,0,1,6,1,56,9,4500,2,1,9,3,9
2017010075195,1,9,0,4,0,0,0,0,0,0,2,1,6,1,56,9,999,1,4,-1,-1,-1
2017010075195,2,9,0,18,0,0,0,0,0,0,1,1,6,1,24,5,1984,1,13,3,1,3
2017010075197,1,9,0,18,0,2,0,0,0,0,1,1,1,1,44,7,1499,2,2,4,1,4
2017010075199,1,9,0,-1,-1,0,-1,-1,-1,-1,1,-1,6,2,-1,-1,2400,2,7,9,1,9
2017010075202,1,3,-1,18,0,8,-1,0,0,0,2,1,6,1,28,6,125,1,2,5,1,5
2017010075203,1,9,-1,18,0,1,-1,0,0,0,2,-1,6,1,35,6,1598,2,-1,1,1,1
2017010075203,2,9,-1,18,0,1,-1,0,0,0,1,-1,6,3,-1,-1,1248,1,6,-1,-1,-1
2017010075206,1,9,0,-1,-1,0,-1,-1,-1,-1,4,-1,6,3,-1,-1,-1,-1,-1,-1,-1,-1
2017010075210,1,8,0,10,0,1,0,0,0,0,1,1,6,1,40,7,2402,2,11,9,1,9
2017010075210,2,1,0,18,0,2,0,0,0,0,1,1,6,1,-1,-1,-1,-1,-1,-1,-1,-1
2017010075218,1,11,0,5,0,0,0,0,0,0,0,1,1,1,43,7,6700,2,9,6,1,6
2017010075221,1,3,0,13,0,1,0,0,0,0,4,1,1,1,26,6,125,1,6,1,1,1
2017010075221,2,9,0,8,0,5,0,0,0,0,3,1,6,1,51,8,1618,1,2,3,1,3
2017010075223,1,9,-1,18,0,0,0,0,0,0,1,-1,6,3,-1,-1,-1,-1,-1,-1,-1,-1
2017010075225,1,9,0,18,-1,1,0,0,0,0,4,1,6,3,-1,-1,-1,-1,-1,-1,-1,-1
2017010075228,1,19,0,4,0,8,1,0,0,0,1,2,1,1,26,6,2198,2,1,5,1,5
2017010075228,2,8,0,4,0,8,0,0,0,0,2,2,1,1,35,6,-1,-1,-1,3,1,3
2017010075230,1,9,0,4,0,1,0,0,0,0,2,2,6,2,33,6,1598,1,8,3,1,3
2017010075230,2,9,0,15,0,1,0,0,0,0,1,1,6,3,-1,-1,-1,-1,-1,-1,-1,-1
2017010075232,1,3,0,14,0,8,0,0,0,0,1,1,6,1,18,4,125,1,3,4,1,4
2017010075238,1,9,0,-1,-1,-1,-1,-1,-1,-1,-1,-1,6,2,26,6,1242,1,11,8,1,8
2017010075241,1,11,0,12,2,0,0,0,0,0,3,1,1,1,51,8,9360,2,7,3,1,3
2017010075241,2,9,0,18,0,0,0,0,0,0,1,1,6,1,39,7,1364,1,8,2,1,2
2017010075243,1,9,0,3,0,8,0,0,0,0,2,1,6,1,59,9,2995,1,13,6,1,6
2017010075243,2,9,0,3,0,8,0,0,0,0,2,1,6,2,42,7,1242,1,5,5,1,5
2017010075243,3,9,0,3,0,8,0,0,0,0,2,1,6,1,29,6,2698,2,6,2,1,2
2017010075243,4,9,0,18,0,8,0,0,0,0,1,1,6,1,31,6,2143,2,1,2,1,2
2017010075245,1,9,0,3,0,-1,0,0,0,0,2,1,6,2,30,6,1242,1,5,7,1,7
2017010075245,2,9,-1,-1,0,-1,-1,0,0,0,1,-1,6,1,27,6,1968,2,4,-1,-1,-1
2017010075247,1,9,0,17,0,2,0,0,0,0,1,1,3,2,41,7,1797,8,4,5,1,5
2017010075252,1,1,-1,-1,-1,0,-1,-1,-1,-1,1,1,6,1,26,6,-1,-1,-1,3,1,3
2017010075252,2,9,0,-1,-1,0,-1,-1,-1,-1,0,-1,6,1,-1,-1,1086,1,11,-1,-1,-1
2017010075254,1,9,0,-1,-1,-1,-1,-1,-1,-1,-1,-1,6,2,57,9,1339,8,7,2,1,2
2017010075254,2,3,0,-1,-1,-1,-1,-1,-1,-1,1,1,6,1,-1,-1,124,1,27,-1,-1,-1
2017010075255,1,3,0,4,0,8,1,0,0,0,0,1,6,1,17,4,124,1,12,-1,-1,-1
2017010075256,1,3,0,18,0,8,0,0,0,0,1,1,6,1,22,5,124,1,1,2,1,2
2017010075256,2,11,0,9,0,8,0,0,0,0,1,1,3,1,62,9,-1,-1,-1,5,1,5
2017010075258,1,9,0,-1,-1,-1,-1,-1,-1,-1,2,-1,2,1,33,6,2993,2,2,4,1,4
2017010075258,2,9,0,-1,-1,-1,-1,-1,-1,-1,1,-1,6,1,-1,-1,1968,2,7,-1,-1,-1
2017010075263,1,19,0,18,0,1,0,0,0,0,4,1,1,1,26,6,1995,2,7,7,1,7
2017010075268,1,9,0,16,0,6,0,0,1,0,1,1,2,1,28,6,-1,-1,-1,4,1,4
2017010075268,2,19,0,5,0,2,0,0,3,0,1,1,2,1,19,4,1995,2,-1,10,1,10
2017010075272,1,9,0,5,0,1,0,0,0,0,0,1,6,1,47,8,1995,2,16,5,1,5
2017010075272,2,3,0,5,0,8,0,0,0,0,0,1,1,1,27,6,-1,-1,-1,-1,-1,-1
2017010075276,1,9,0,5,0,2,0,0,0,0,4,1,6,1,35,6,898,1,-1,2,1,2
2017010075278,1,9,0,9,0,5,0,0,0,0,3,1,6,1,-1,-1,1968,2,5,7,1,7
2017010075278,2,3,0,18,0,1,0,0,1,0,1,1,1,1,44,7,125,1,4,3,1,3
2017010075280,1,3,0,13,0,1,0,0,0,0,1,1,6,1,22,5,124,1,12,4,1,4
2017010075280,2,9,0,9,0,8,0,0,0,0,3,1,6,1,60,9,1461,2,3,-1,-1,-1
2017010075280,3,9,0,7,0,6,0,0,0,0,0,1,6,1,44,7,1797,8,4,5,1,5
2017010075282,1,2,0,18,0,1,0,0,0,0,1,1,6,1,34,6,124,1,13,4,1,4
2017010075282,2,19,0,9,0,1,0,0,0,0,4,1,6,1,58,9,2446,2,19,8,1,8
2017010075284,1,8,0,5,0,3,0,0,0,0,3,1,1,1,68,10,1950,2,-1,7,1,7
2017010075284,2,3,0,3,0,3,0,0,0,0,2,1,2,2,53,8,124,1,4,3,1,3
2017010075287,1,9,0,9,0,8,0,0,0,0,3,1,6,2,46,8,1587,1,12,6,1,6
2017010075287,2,3,0,13,0,4,0,0,0,0,1,1,6,1,32,6,125,1,1,7,1,7
2017010075289,1,3,0,18,0,8,1,10,2,7,1,1,6,1,29,6,125,1,4,3,1,3
2017010075290,1,3,0,18,0,1,5,0,0,0,4,1,2,2,48,8,124,1,7,3,1,3
2017010075294,1,9,0,3,0,7,0,0,0,0,1,1,6,2,43,7,1968,2,2,3,1,3
2017010075294,2,3,0,3,0,7,0,0,0,0,2,1,6,1,31,6,108,1,2,-1,-1,-1
2017010075295,1,1,0,4,0,1,0,0,0,0,1,1,2,1,21,5,-1,-1,-1,10,3,10
2017010075297,1,9,0,-1,-1,-1,-1,-1,-1,-1,2,-1,2,2,48,8,-1,-1,-1,10,1,10
2017010075297,2,9,0,-1,-1,-1,-1,-1,-1,-1,2,-1,6,3,-1,-1,-1,-1,-1,-1,-1,-1
2017010075298,1,8,0,18,0,2,0,0,0,0,1,1,1,1,30,6,1598,2,5,2,1,2
2017010075298,2,9,0,9,0,2,0,0,0,0,1,1,6,3,-1,-1,-1,-1,-1,-1,-1,-1
2017010075299,1,19,0,18,0,0,0,0,0,0,2,1,1,1,48,8,1995,2,-1,7,1,7
2017010075299,2,9,0,12,0,0,5,0,0,0,4,1,6,1,17,4,999,1,-1,4,1,4
2017010075300,1,19,4,3,0,1,0,0,0,0,2,1,1,1,40,7,2143,2,1,3,1,3
2017010075301,1,9,0,9,0,3,0,0,0,0,1,1,2,2,28,6,2148,2,8,5,3,5
2017010075301,2,9,0,18,0,4,0,0,0,0,1,1,6,1,20,4,1598,1,15,2,1,2
2017010075303,1,1,-1,-1,-1,-1,-1,-1,-1,-1,-1,1,2,2,40,7,-1,-1,-1,7,1,7
2017010075304,1,3,0,5,0,1,0,0,0,0,4,1,1,1,18,4,125,1,-1,7,1,7
2017010075304,2,9,0,1,0,1,0,4,0,0,2,1,6,3,-1,-1,-1,-1,-1,-1,-1,-1
2017010075306,1,9,0,9,0,6,0,0,0,0,3,1,2,2,24,5,1198,1,12,1,1,1
2017010075306,2,5,0,9,0,1,0,0,0,0,3,1,2,1,28,6,749,1,1,7,1,7
2017010075307,1,8,0,5,0,8,0,0,0,0,1,1,1,1,51,8,1798,8,4,3,1,3
2017010075307,2,9,0,18,0,8,0,0,0,0,1,1,6,2,64,9,998,1,-1,2,1,2
2017010075310,1,9,0,18,0,0,0,0,5,6,4,1,6,2,34,6,1796,1,3,7,1,7
2017010075310,2,21,1,12,0,0,0,0,0,0,3,2,1,1,56,9,-1,-1,-1,-1,-1,-1
2017010075312,1,9,0,5,0,4,0,0,0,0,2,1,6,2,21,5,1242,1,2,6,3,6
2017010075312,2,4,0,18,0,3,0,0,0,0,1,1,6,1,28,6,690,1,2,4,1,4
2017010075316,1,9,0,9,0,6,0,0,0,0,3,1,1,1,53,8,1968,2,1,5,1,5
2017010075320,1,9,0,18,0,1,5,4,0,0,1,1,6,1,70,10,1198,1,9,-1,-1,-1
2017010075320,2,9,0,2,9,1,0,0,0,0,1,1,6,3,-1,-1,1591,1,4,-1,-1,-1
2017010075320,3,9,0,2,0,1,0,0,0,0,1,1,6,3,-1,-1,999,1,-1,-1,-1,-1
2017010075321,1,9,0,18,0,1,0,0,0,0,1,1,6,2,23,5,-1,-1,-1,6,1,6
2017010075321,2,9,0,5,0,6,0,0,0,0,1,1,6,1,72,10,1339,1,12,9,1,9
2017010075322,1,21,1,18,0,1,0,0,0,0,4,1,1,1,37,7,12777,2,2,2,1,2
2017010075322,2,1,0,18,0,1,0,0,1,0,3,1,2,2,31,6,-1,-1,-1,2,1,2
2017010075326,1,9,0,4,0,0,0,0,0,0,3,1,6,1,78,11,-1,-1,-1,-1,-1,-1
2017010075326,2,9,0,18,0,0,0,4,1,0,1,1,6,1,-1,-1,2143,2,2,-1,-1,-1
2017010075326,3,9,0,2,0,0,0,0,1,10,1,1,6,3,-1,-1,-1,-1,-1,-1,-1,-1
2017010075328,1,3,0,-1,-1,-1,-1,-1,-1,-1,2,1,6,1,32,6,125,1,13,1,1,1
2017010075328,2,9,-1,-1,-1,-1,-1,-1,-1,-1,0,-1,6,3,-1,-1,1995,2,-1,-1,-1,-1
2017010075332,1,3,0,18,0,8,0,0,0,0,1,1,6,1,49,8,124,1,1,2,1,2
2017010075332,2,9,0,9,0,8,0,0,0,0,4,1,6,1,24,5,1999,1,8,6,1,6
2017010075334,1,9,0,4,0,1,0,0,0,0,2,1,6,1,41,7,1984,1,7,10,1,10
2017010075334,2,9,0,18,0,1,0,0,0,0,1,1,2,1,63,9,-1,-1,-1,6,1,6
2017010075335,1,9,0,5,0,8,0,0,7,0,1,1,6,1,27,6,1753,2,10,1,1,1
2017010075335,2,9,0,5,0,3,0,0,0,0,1,1,6,3,27,6,3189,1,12,-1,-1,-1
2017010075335,3,9,0,5,0,3,0,0,0,0,0,1,1,1,39,7,1995,2,1,4,1,4
2017010075335,4,90,0,2,0,8,0,0,0,0,0,1,6,3,-1,-1,-1,-1,-1,-1,-1,-1
2017010075336,1,9,0,9,0,8,0,0,0,0,1,1,6,1,31,6,2143,2,5,8,1,8
2017010075336,2,9,0,5,0,1,0,0,0,0,1,1,6,2,20,4,2143,2,5,8,1,8
2017010075338,1,3,0,9,0,0,0,0,0,0,4,1,6,1,26,6,125,1,7,2,1,2
2017010075342,1,9,0,18,0,2,0,0,0,0,4,1,6,1,52,8,2987,2,-1,4,1,4
2017010075342,2,9,0,15,0,2,0,0,0,0,1,1,6,3,-1,-1,-1,-1,-1,-1,-1,-1
2017010075344,1,9,0,18,0,0,0,0,0,0,1,1,6,1,52,8,1360,1,11,1,1,1
2017010075344,2,9,0,18,0,0,0,0,0,0,2,1,6,1,23,5,1598,1,11,8,1,8
2017010075347,1,8,0,18,0,2,0,0,0,0,3,1,1,1,45,7,1968,2,-1,3,1,3
2017010075360,1,1,-1,-1,-1,0,-1,-1,-1,-1,-1,1,2,2,25,5,-1,-1,-1,2,1,2
2017010075360,2,20,0,-1,-1,0,-1,-1,-1,-1,-1,-1,6,1,44,7,-1,-1,-1,1,1,1
2017010075362,1,3,0,18,0,0,0,0,0,0,-1,1,6,1,23,5,125,1,4,3,1,3
2017010075362,2,9,0,11,0,0,0,0,0,0,-1,-1,6,1,-1,-1,1461,2,-1,-1,-1,-1
2017010075367,1,21,1,5,0,0,0,0,0,0,1,1,1,1,45,7,12777,2,10,2,1,2
2017010075371,1,9,0,11,0,2,0,0,0,0,4,1,2,1,19,4,1560,2,6,-1,-1,-1
2017010075371,2,5,0,18,0,2,0,0,0,0,3,1,2,1,30,6,883,1,8,5,1,5
2017010075375,1,1,-1,-1,-1,-1,-1,-1,-1,-1,-1,1,2,2,45,7,-1,-1,-1,1,1,1
2017010075375,2,9,0,-1,-1,-1,-1,-1,-1,-1,1,-1,6,1,-1,-1,-1,-1,-1,-1,-1,-1
2017010075376,1,11,0,18,0,1,1,0,0,0,0,1,6,1,30,6,4461,2,3,2,1,2
2017010075376,2,9,0,7,0,1,0,0,0,0,4,1,6,1,-1,-1,1560,2,10,2,1,2
2017010075377,1,9,-1,-1,-1,-1,-1,-1,-1,-1,-1,-1,6,1,-1,-1,1197,1,4,-1,-1,-1
2017010075379,1,20,-1,18,0,-1,0,-1,0,0,1,-1,6,1,-1,-1,2402,2,14,-1,-1,-1
2017010075380,1,2,-1,13,-1,-1,1,-1,-1,-1,2,1,6,1,33,6,-1,-1,-1,-1,-1,-1
2017010075380,2,3,-1,14,-1,-1,-1,-1,-1,-1,-1,1,6,3,-1,-1,-1,-1,-1,-1,-1,-1
2017010075382,1,9,0,4,0,0,0,0,0,0,0,1,2,1,52,8,1995,2,4,6,1,6
2017010075382,2,9,0,4,0,0,0,0,0,0,2,1,2,2,45,7,1598,1,1,9,1,9
2017010075382,3,19,0,4,0,0,0,0,0,0,1,2,2,1,24,5,2143,2,-1,7,1,7
2017010075382,4,9,0,4,0,0,0,0,0,0,1,1,2,2,46,8,1950,2,1,10,1,10
2017010075382,5,9,0,18,0,0,0,0,0,0,1,1,2,1,32,6,1197,1,1,6,1,6
2017010075389,1,8,0,18,0,1,0,0,0,0,3,1,3,1,49,8,-1,-1,-1,10,1,10
2017010075389,2,9,0,18,0,1,0,0,0,0,1,1,6,2,44,7,1149,1,10,2,1,2
2017010075397,1,11,0,18,0,2,0,0,0,0,0,1,6,1,49,8,4500,2,6,4,1,4
2017010075398,1,9,0,4,0,0,0,0,0,0,2,-1,6,2,58,9,1598,1,10,4,1,4
2017010075398,2,9,0,13,0,0,0,0,0,0,1,-1,6,3,-1,-1,1968,2,6,-1,-1,-1
2017010075401,1,9,0,13,0,1,0,0,0,0,1,1,3,1,51,8,1399,1,-1,7,1,7
2017010075401,2,1,0,18,0,1,0,0,0,0,2,1,2,1,19,4,-1,-1,-1,4,1,4
2017010075409,1,21,0,1,0,5,0,4,0,0,2,1,1,1,42,7,4462,2,4,5,1,5
2017010075409,2,19,0,2,0,5,0,0,0,0,1,1,6,3,-1,-1,2143,2,4,-1,-1,-1
2017010075411,1,9,0,4,0,0,0,0,0,0,2,1,2,1,42,7,1598,2,1,5,1,5
2017010075411,2,9,0,4,0,0,0,0,0,0,1,1,2,2,40,7,1560,2,6,9,1,9
2017010075415,1,9,0,18,0,0,0,0,0,0,4,1,6,1,52,8,1798,8,2,4,1,4
2017010075415,2,21,1,4,0,0,0,0,0,0,3,1,1,1,47,8,10837,2,6,-1,-1,-1
2017010075415,3,9,0,3,0,0,0,7,0,0,2,1,2,1,36,7,1582,2,-1,4,1,4
2017010075416,1,21,0,3,0,0,0,0,0,0,2,1,1,1,60,9,6700,2,1,7,1,7
2017010075416,2,9,0,18,0,0,0,0,0,0,1,1,6,1,74,10,1598,1,16,3,1,3
2017010075420,1,9,0,15,2,1,0,0,0,0,1,1,2,1,22,5,1796,1,10,3,1,3
2017010075421,1,9,0,18,0,0,0,0,0,0,4,1,6,1,-1,-1,1248,1,1,4,1,4
2017010075421,2,5,0,18,0,0,0,0,0,0,3,1,2,1,35,6,600,1,15,6,1,6
2017010075429,1,11,0,-1,-1,-1,-1,-1,-1,-1,0,-1,6,1,28,6,9000,2,8,2,1,2
2017010075435,1,9,0,18,0,1,0,0,0,0,1,1,6,2,27,6,998,1,1,2,1,2
2017010075436,1,9,0,18,0,1,0,0,0,0,1,1,6,1,40,7,1995,2,3,-1,-1,-1
2017010075436,2,1,0,12,0,1,0,0,0,0,3,1,6,1,40,7,-1,-1,-1,3,1,3
2017010075438,1,1,-1,18,0,8,-1,-1,0,0,3,1,6,1,31,6,-1,-1,-1,2,1,2
2017010075438,2,9,0,-1,0,8,-1,0,0,0,1,1,6,1,-1,-1,-1,-1,-1,-1,-1,-1
2017010075440,1,9,0,9,2,0,0,0,0,0,4,1,1,1,50,8,1598,1,12,3,1,3
2017010075440,2,4,0,15,2,0,0,0,0,0,1,1,1,1,41,7,897,1,14,8,1,8
2017010075441,1,9,-1,-1,0,-1,-1,-1,0,0,-1,-1,6,1,28,6,1798,1,5,10,1,10
2017010075441,2,9,-1,-1,0,-1,0,-1,0,0,-1,-1,6,3,-1,-1,998,1,4,-1,-1,-1
2017010075453,1,9,0,18,0,1,0,0,0,0,3,1,1,1,59,9,-1,-1,-1,4,1,4
2017010075454,1,9,0,4,0,0,0,0,0,0,2,1,2,2,32,6,1598,1,5,3,1,3
2017010075454,2,9,0,4,0,0,0,0,0,0,1,1,4,2,17,4,1242,1,10,2,1,2
2017010075458,1,9,0,9,2,5,0,0,0,0,1,1,1,1,34,6,2982,2,10,8,1,8
2017010075458,2,1,0,18,2,1,0,0,1,0,3,1,2,2,32,6,-1,-1,-1,4,1,4
2017010075459,1,3,0,18,0,1,2,0,0,0,4,1,2,1,21,5,124,1,-1,3,1,3
2017010075459,2,9,0,10,0,1,0,0,0,0,3,1,6,1,44,7,1598,1,11,3,1,3
2017010075462,1,19,4,18,0,1,0,11,0,0,4,1,1,1,27,6,9290,2,1,4,1,4
2017010075471,1,1,-1,-1,-1,-1,-1,-1,-1,-1,-1,1,6,1,21,5,-1,-1,-1,2,1,2
2017010075471,2,9,0,-1,-1,-1,-1,-1,-1,-1,1,-1,6,1,-1,-1,1598,1,11,-1,-1,-1
2017010075473,1,8,0,3,0,1,0,0,0,0,4,1,6,3,-1,-1,1797,8,7,-1,-1,-1
2017010075473,2,1,0,14,0,1,0,0,0,0,1,1,2,1,23,5,-1,-1,-1,4,1,4
2017010075476,1,9,0,18,0,1,0,0,0,0,1,1,1,1,34,6,799,2,7,5,1,5
2017010075476,2,9,0,9,0,2,0,0,0,0,3,1,6,2,46,8,1598,1,8,2,1,2
2017010075480,1,9,0,-1,-1,0,-1,-1,-1,-1,2,-1,2,1,31,6,1398,1,7,2,1,2
2017010075480,2,9,0,-1,-1,0,-1,-1,-1,-1,1,-1,6,1,-1,-1,-1,-1,-1,-1,-1,-1
2017010075482,1,9,0,9,0,8,0,0,0,0,1,1,6,2,60,9,1240,1,8,9,1,9
2017010075482,2,21,0,18,0,8,5,0,6,1,3,1,1,1,35,6,7698,2,2,5,1,5
2017010075482,3,9,0,3,0,1,0,0,0,0,1,1,6,2,58,9,1497,8,3,8,1,8
2017010075482,4,9,0,3,0,1,0,0,0,0,1,1,6,2,28,6,1248,1,3,-1,-1,-1
2017010075486,1,9,0,-1,-1,-1,-1,-1,-1,-1,-1,-1,6,2,23,5,1248,2,10,3,1,3
2017010075488,1,8,0,18,0,1,0,0,0,0,1,1,1,1,58,9,2776,2,1,9,1,9
2017010075488,2,3,0,18,0,1,0,0,0,0,1,1,1,1,29,6,125,1,2,3,1,3
2017010075497,1,3,0,-1,-1,-1,-1,-1,-1,-1,1,1,6,1,32,6,125,1,-1,2,1,2
2017010075497,2,9,0,-1,-1,-1,-1,-1,-1,-1,-1,-1,6,3,-1,-1,1896,2,16,-1,-1,-1
2017010075500,1,9,0,9,0,0,0,0,0,0,3,1,6,2,51,8,3199,1,13,7,1,7
2017010075500,2,3,0,13,0,0,0,0,0,0,1,1,1,1,24,5,124,1,4,5,1,5
2017010075501,1,1,-1,-1,-1,0,-1,-1,-1,-1,1,1,6,1,52,8,-1,-1,-1,9,1,9
2017010075501,2,1,-1,-1,-1,0,-1,-1,-1,-1,-1,1,6,1,30,6,-1,-1,-1,2,1,2
2017010075501,3,9,0,-1,-1,0,-1,-1,-1,-1,3,-1,6,1,-1,-1,1968,2,2,-1,-1,-1
2017010075503,1,1,0,18,0,8,0,0,0,0,4,1,2,1,40,7,-1,-1,-1,9,1,9
2017010075503,2,9,0,-1,-1,-1,-1,-1,-1,-1,1,-1,6,1,-1,-1,1686,2,2,-1,-1,-1
2017010075504,1,9,0,18,0,-1,0,0,0,0,2,1,6,1,53,8,1598,1,12,8,1,8
2017010075504,2,9,0,-1,0,-1,0,0,0,0,1,-1,6,3,38,7,1968,2,10,3,1,3
2017010075506,1,1,-1,-1,-1,-1,-1,-1,-1,-1,-1,1,6,2,27,6,-1,-1,-1,6,1,6
2017010075506,2,9,0,-1,-1,-1,-1,-1,-1,-1,1,-1,6,2,-1,-1,-1,-1,-1,-1,-1,-1
2017010075507,1,3,0,18,9,0,0,0,1,0,3,1,6,1,21,5,125,1,4,5,1,5
2017010075507,2,8,0,3,0,0,0,0,0,0,4,1,1,1,47,8,1560,2,4,3,1,3
2017010075508,1,3,0,14,0,1,0,0,0,0,1,1,2,2,36,7,125,1,5,7,1,7
2017010075512,1,9,0,-1,-1,0,-1,-1,-1,-1,1,-1,6,2,24,5,1360,1,13,1,1,1
2017010075515,1,5,0,18,0,0,0,0,0,0,1,1,6,1,56,9,1255,1,3,3,1,3
2017010075531,1,3,0,15,0,1,0,0,0,0,3,1,6,1,27,6,125,1,-1,4,1,4
2017010075531,2,9,0,7,0,1,0,0,0,0,4,1,6,2,24,5,1395,1,4,4,1,4
2017010075532,1,1,-1,-1,-1,-1,-1,-1,-1,-1,1,1,6,2,32,6,-1,-1,-1,4,1,4
2017010075534,1,9,0,4,9,0,0,0,0,0,1,1,6,1,31,6,2179,2,5,6,1,6
2017010075534,2,9,0,4,0,0,0,0,0,0,2,1,6,2,30,6,1995,2,6,6,1,6
2017010075535,1,9,0,10,0,1,0,0,0,0,1,1,6,1,57,9,1781,1,16,2,1,2
2017010075535,2,3,0,18,0,1,2,0,0,0,1,1,6,1,25,5,125,1,-1,3,1,3
2017010075539,1,9,0,9,0,1,0,0,0,0,4,1,6,1,27,6,3628,2,10,8,1,8
2017010075539,2,5,0,18,0,1,2,0,0,0,1,1,2,1,25,5,847,1,-1,5,1,5
2017010075541,1,9,0,18,9,0,0,7,4,1,1,1,6,1,76,11,2495,2,14,4,1,4
2017010075542,1,3,0,18,0,1,0,0,0,0,1,1,6,1,23,5,124,1,14,1,1,1
2017010075542,2,8,0,9,0,1,0,0,0,0,1,1,1,1,50,8,1560,2,3,3,1,3
2017010075544,1,9,0,3,0,8,0,0,0,0,1,1,6,1,63,9,1590,1,16,7,1,7
2017010075544,2,1,0,13,0,8,0,0,0,0,1,1,6,1,38,7,-1,-1,-1,6,1,6
2017010075549,1,19,0,13,0,1,1,0,0,0,3,1,1,1,58,9,1560,2,1,5,1,5
2017010075549,2,11,0,5,6,6,0,0,0,0,1,1,1,1,36,7,-1,-1,-1,5,1,5
2017010075550,1,1,-1,-1,-1,0,-1,-1,-1,-1,1,1,2,1,46,8,-1,-1,-1,5,1,5
2017010075550,2,9,0,-1,-1,0,-1,-1,-1,-1,1,-1,6,3,-1,-1,1422,2,9,-1,-1,-1
2017010075551,1,9,0,-1,-1,-1,-1,-1,-1,-1,-1,-1,2,1,35,6,999,1,2,3,1,3
2017010075551,2,9,0,-1,-1,-1,-1,-1,-1,-1,-1,-1,6,1,-1,-1,3700,1,14,-1,-1,-1
2017010075552,1,3,0,14,0,0,5,0,0,0,0,1,6,1,27,6,125,1,-1,2,1,2
2017010075553,1,9,0,18,0,8,0,0,0,0,1,1,6,3,-1,-1,-1,-1,-1,-1,-1,-1
2017010075554,1,1,-1,-1,-1,-1,-1,-1,-1,-1,-1,1,6,2,43,7,-1,-1,-1,8,1,8
2017010075554,2,9,0,-1,-1,-1,-1,-1,-1,-1,4,-1,6,2,-1,-1,1598,1,11,-1,-1,-1
2017010075555,1,11,0,5,0,8,0,0,0,0,0,1,1,1,59,9,4500,2,1,5,1,5
2017010075556,1,9,0,9,0,5,0,0,0,0,3,1,6,1,44,7,1595,1,15,2,1,2
2017010075556,2,5,0,4,0,1,0,0,0,0,1,1,6,1,39,7,599,1,13,10,1,10
2017010075559,1,9,0,9,0,0,0,0,0,0,2,1,6,1,30,6,2698,2,9,-1,-1,-1
2017010075559,2,4,0,13,0,0,0,0,0,0,1,1,1,1,29,6,124,1,15,1,1,1
2017010075560,1,9,0,18,0,1,0,0,0,0,1,1,6,3,-1,-1,998,1,-1,-1,-1,-1
2017010075560,2,90,0,18,0,1,0,0,0,0,3,1,2,1,60,9,-1,-1,-1,4,1,4
2017010075561,1,9,0,9,0,1,0,0,0,0,1,1,6,1,46,8,2996,1,11,8,1,8
2017010075561,2,9,0,18,0,1,0,0,0,0,1,1,6,2,50,8,1590,1,14,9,1,9
2017010075565,1,9,0,18,0,8,0,0,0,0,4,1,6,1,52,8,1997,2,10,3,1,3
2017010075565,2,9,0,9,0,6,0,0,0,0,1,1,6,1,30,6,-1,-1,-1,6,1,6
2017010075566,1,9,0,10,0,1,0,0,0,0,1,1,6,2,30,6,1995,2,4,3,1,3
2017010075566,2,4,0,13,0,8,0,0,0,0,1,1,6,1,53,8,198,1,11,9,1,9
2017010075569,1,5,0,18,0,0,1,2,0,0,1,1,1,1,37,7,-1,-1,-1,3,1,3
2017010075570,1,9,0,4,0,0,0,4,0,0,1,1,6,2,37,7,1590,1,13,2,1,2
2017010075570,2,9,0,2,0,0,0,0,0,0,4,1,6,3,-1,-1,-1,-1,-1,-1,-1,-1
2017010075570,3,9,0,2,0,0,0,0,0,0,1,1,6,3,-1,-1,1998,2,16,-1,-1,-1
2017010075571,1,9,0,18,0,2,0,0,0,0,2,1,6,2,32,6,1968,2,8,8,1,8
2017010075571,2,9,0,18,0,2,0,0,0,0,1,1,2,1,24,5,1229,1,8,10,1,10
2017010075575,1,9,0,5,0,0,0,0,0,0,0,1,6,3,-1,-1,-1,-1,-1,-1,-1,-1
2017010075575,2,9,0,4,0,0,0,0,0,0,0,1,6,1,30,6,5204,1,1,9,1,9
2017010075576,1,9,0,9,0,6,1,0,0,0,1,1,6,1,22,5,1398,1,7,1,1,1
2017010075576,2,9,0,18,0,1,1,0,0,0,1,1,1,1,30,6,1984,2,5,4,1,4
2017010075576,3,9,0,3,0,1,0,0,0,0,1,1,6,1,26,6,1560,2,6,3,1,3
2017010075579,1,9,0,5,0,0,0,10,0,0,1,1,6,1,39,7,1364,1,10,6,1,6
2017010075581,1,9,0,-1,-1,-1,-1,-1,-1,-1,2,-1,6,2,48,8,3311,8,12,6,1,6
2017010075581,2,9,0,-1,-1,-1,-1,-1,-1,-1,2,-1,6,3,-1,-1,2993,2,5,-1,-1,-1
2017010075584,1,3,0,18,0,2,0,0,0,0,1,1,6,1,32,6,125,1,8,2,1,2
2017010075584,2,9,0,18,0,2,0,0,0,0,2,1,6,2,34,6,1968,2,4,6,1,6