Accident_Index,Vehicle_Reference,Vehicle_Type,Towing_and_Articulation,Vehicle_Manoeuvre,Vehicle_Location-Restricted_Lane,Junction_Location,Skidding_and_Overturning,Hit_Object_in_Carriageway,Vehicle_Leaving_Carriageway,Hit_Object_off_Carriageway,1st_Point_of_Impact,Was_Vehicle_Left_Hand_Drive?,Journey_Purpose_of_Driver,Sex_of_Driver,Age_of_Driver,Age_Band_of_Driver,Engine_Capacity_(CC),Propulsion_Code,Age_of_Vehicle,Driver_IMD_Decile,Driver_Home_Area_Type,Vehicle_IMD_Decile
2017010075585,1,9,0,9,0,8,0,0,0,0,3,1,1,1,38,7,1997,2,6,2,1,2
2017010075585,2,3,0,13,0,8,0,0,0,0,1,1,6,1,33,6,125,1,-1,2,1,2
2017010075587,1,3,0,18,0,8,0,0,0,0,1,1,2,1,36,7,125,1,1,3,1,3
2017010075587,2,9,0,18,0,2,0,0,0,0,3,1,6,3,-1,-1,-1,-1,-1,-1,-1,-1
2017010075588,1,8,0,18,0,0,0,0,0,0,1,1,6,1,38,7,1339,8,6,1,1,1
2017010075590,1,9,0,1,0,0,0,0,7,0,2,1,6,1,20,4,1399,2,5,6,1,6
2017010075591,1,11,0,18,0,0,0,0,0,0,0,1,6,1,31,6,-1,-1,-1,-1,-1,-1
2017010075593,1,4,0,15,2,1,2,10,1,0,3,1,2,1,19,4,125,1,1,7,1,7
2017010075593,2,9,0,11,2,1,0,0,0,0,4,1,6,3,27,6,-1,-1,-1,-1,-1,-1
2017010075594,1,3,0,18,0,0,0,0,0,0,2,1,6,1,21,5,108,1,4,1,1,1
2017010075594,2,9,0,18,0,0,0,0,0,0,1,1,6,3,-1,-1,-1,-1,-1,-1,-1,-1
2017010075597,1,1,0,-1,-1,-1,0,-1,-1,-1,1,1,6,1,-1,-1,-1,-1,-1,-1,-1,-1
2017010075609,1,9,-1,-1,-1,0,-1,-1,-1,-1,-1,-1,6,1,33,6,1995,2,5,-1,-1,-1
2017010075609,2,9,-1,-1,-1,0,-1,-1,-1,-1,-1,-1,6,3,-1,-1,1596,1,11,-1,-1,-1
2017010075610,1,9,0,5,0,5,0,0,0,0,1,1,2,2,24,5,1598,2,6,3,1,3
2017010075611,1,8,0,2,4,0,0,0,0,0,0,1,6,3,-1,-1,-1,-1,-1,-1,-1,-1
2017010075611,2,1,0,18,4,0,0,4,0,0,1,1,1,1,29,6,-1,-1,-1,2,1,2
2017010075612,1,9,0,8,0,8,0,0,0,0,3,1,1,2,24,5,999,1,7,1,1,1
2017010075612,2,9,0,18,0,8,0,0,0,0,1,1,6,1,30,6,1995,2,10,2,1,2
2017010075623,1,21,1,18,0,0,1,0,0,0,1,2,1,1,67,10,-1,-1,-1,-1,-1,-1
2017010075623,2,11,0,18,0,0,0,0,0,0,2,1,1,1,49,8,8268,2,15,5,1,5
2017010075630,1,5,0,-1,-1,-1,-1,-1,-1,-1,-1,1,2,1,55,8,1340,1,7,9,1,9
2017010075633,1,9,0,17,9,0,0,10,1,1,1,1,1,2,49,8,1798,8,1,2,1,2
2017010075637,1,9,0,1,0,8,0,0,0,0,2,1,1,1,54,8,1598,1,16,9,1,9
2017010075641,1,90,0,9,-1,-1,0,0,-1,0,-1,-1,6,3,-1,-1,-1,-1,-1,-1,-1,-1
2017010075643,1,19,0,4,0,1,0,0,0,0,3,1,1,1,35,6,-1,-1,-1,2,1,2
2017010075643,2,19,0,5,0,1,0,0,0,0,1,1,1,1,56,9,-1,-1,-1,4,1,4
2017010075643,3,5,0,18,0,1,2,0,0,0,3,1,2,1,62,9,1600,1,4,8,3,8
2017010075644,1,11,0,5,0,8,0,0,0,0,0,1,1,1,53,8,4500,2,2,2,1,2
2017010075650,1,9,0,18,0,1,0,0,0,0,3,1,6,1,32,6,1368,1,7,6,1,6
2017010075650,2,9,0,14,0,2,0,0,0,0,3,1,6,2,26,6,1618,1,1,6,1,6
2017010075654,1,9,0,18,0,1,0,0,0,0,1,-1,6,1,28,6,898,1,2,2,1,2
2017010075654,2,9,0,4,0,1,0,0,0,0,0,1,6,1,-1,-1,1368,1,7,7,1,7
2017010075663,1,9,0,9,0,6,0,0,0,0,1,1,2,1,46,8,1769,1,12,3,1,3
2017010075663,2,5,0,18,0,1,0,0,0,0,1,1,2,1,37,7,654,1,9,4,1,4
2017010075664,1,19,0,4,0,1,0,0,0,0,0,1,6,3,22,5,-1,-1,-1,-1,-1,-1
2017010075664,2,1,0,4,0,1,0,4,0,0,1,1,1,1,48,8,-1,-1,-1,7,1,7
2017010075669,1,11,0,18,0,2,0,0,0,0,0,1,6,2,26,6,9000,2,8,-1,-1,-1
2017010075670,1,9,0,18,9,0,0,0,0,0,1,1,2,1,25,5,1598,2,-1,10,1,10
2017010075676,1,9,0,10,0,1,0,0,0,0,0,1,1,1,37,7,-1,-1,-1,9,1,9
2017010075676,2,9,0,3,0,1,0,0,0,0,0,1,2,1,37,7,2179,2,4,7,1,7
2017010075676,3,19,0,18,0,1,0,0,0,0,1,1,1,1,31,6,-1,-1,-1,9,2,9
2017010075677,1,1,-1,-1,-1,-1,-1,-1,-1,-1,2,1,2,1,50,8,-1,-1,-1,5,1,5
2017010075677,2,9,0,-1,-1,-1,-1,-1,-1,-1,-1,-1,6,1,27,6,1985,1,18,-1,-1,-1
2017010075680,1,8,0,4,0,1,0,0,0,0,0,1,6,3,-1,-1,-1,-1,-1,-1,-1,-1
2017010075689,1,9,0,9,0,8,0,0,0,0,4,1,2,1,30,6,1984,1,-1,2,1,2
2017010075689,2,1,0,18,0,8,0,0,0,0,4,1,2,2,55,8,-1,-1,-1,9,1,9
2017010075690,1,11,5,18,0,0,0,0,0,0,0,1,1,1,54,8,4500,2,6,3,1,3
2017010075690,2,9,0,9,0,0,0,0,0,0,0,1,6,3,-1,-1,-1,-1,-1,-1,-1,-1
2017010075691,1,9,-1,1,0,1,0,0,0,0,2,-1,6,3,-1,-1,1896,2,8,-1,-1,-1
2017010075691,2,9,0,18,0,1,0,0,0,0,1,-1,6,2,28,6,1364,1,-1,2,1,2
2017010075696,1,11,0,18,0,1,0,0,0,0,0,1,1,1,51,8,9360,2,6,2,1,2
2017010075698,1,9,0,18,0,0,0,0,0,0,1,1,1,1,47,8,1686,2,7,2,1,2
2017010075702,1,9,0,3,0,2,0,0,0,0,2,1,2,2,28,6,1400,2,10,2,1,2
2017010075702,2,3,0,18,0,2,5,0,0,0,1,1,1,1,42,7,49,1,1,4,1,4
2017010075703,1,3,0,18,9,1,0,0,0,0,1,1,6,3,-1,-1,278,1,3,-1,-1,-1
2017010075709,1,4,0,7,0,1,0,0,0,0,3,1,6,1,34,6,125,1,3,5,1,5
2017010075709,2,19,0,7,0,1,0,0,0,0,0,1,1,2,34,6,2198,2,3,10,1,10
2017010075710,1,9,5,-1,-1,-1,-1,-1,-1,-1,-1,-1,6,1,44,7,1598,1,5,3,1,3
2017010075711,1,9,0,5,0,1,0,0,0,0,1,1,6,1,54,8,1598,1,11,6,1,6
2017010075711,2,9,0,16,0,1,0,0,0,0,1,1,6,1,37,7,1388,1,9,6,1,6
2017010075713,1,1,0,18,0,8,2,0,0,0,1,1,6,1,30,6,-1,-1,-1,1,1,1
2017010075717,1,9,0,18,0,2,0,4,0,0,1,1,6,2,73,10,1360,1,15,8,1,8
2017010075717,2,9,0,2,0,1,0,0,0,0,0,1,6,3,-1,-1,1328,1,12,-1,-1,-1
2017010075717,3,9,0,2,0,1,0,0,0,0,0,1,6,3,-1,-1,2179,2,6,-1,-1,-1
2017010075719,1,9,-1,5,-1,-1,-1,-1,-1,-1,-1,-1,6,3,-1,-1,-1,-1,-1,-1,-1,-1
2017010075721,1,2,-1,-1,0,-1,-1,-1,-1,-1,-1,1,6,1,32,6,-1,-1,-1,2,1,2
2017010075723,1,4,0,15,4,1,0,0,0,0,1,1,1,1,59,9,278,1,4,3,1,3
2017010075723,2,8,0,4,4,1,0,0,0,0,4,1,1,1,50,8,2499,2,5,3,1,3
2017010075725,1,9,0,18,0,1,0,0,0,0,1,1,6,2,38,7,1596,1,15,9,1,9
2017010075733,1,4,0,18,0,1,0,0,0,0,1,1,1,1,32,6,279,1,9,4,1,4
2017010075747,1,9,0,18,0,0,0,0,0,0,1,1,6,1,28,6,-1,-1,-1,10,1,10
2017010075747,2,9,0,18,0,0,0,0,0,0,2,1,6,2,70,10,1107,1,41,6,1,6
2017010075747,3,9,0,18,0,0,0,0,0,0,2,1,6,1,37,7,2179,2,4,4,1,4
2017010075754,1,9,-1,-1,-1,-1,-1,-1,-1,-1,-1,-1,6,1,20,4,1596,1,10,9,1,9
2017010075759,1,9,0,9,0,6,0,0,0,0,1,1,6,1,25,5,1596,1,11,2,1,2
2017010075760,1,9,0,9,0,5,0,0,0,0,1,1,6,2,46,8,1796,1,10,4,1,4
2017010075761,1,8,-1,-1,4,-1,-1,0,0,0,-1,-1,6,3,-1,-1,-1,-1,-1,-1,-1,-1
2017010075762,1,9,0,14,0,2,0,0,1,0,1,1,2,1,32,6,1995,2,8,5,1,5
2017010075762,2,9,0,2,0,2,0,0,1,0,2,1,6,3,-1,-1,2967,1,16,-1,-1,-1
2017010075772,1,9,0,-1,0,0,0,-1,0,0,3,1,6,2,36,7,2993,2,4,9,1,9
2017010075772,2,9,0,-1,0,0,0,-1,0,0,1,1,6,2,-1,-1,1198,1,1,-1,-1,-1
2017010075777,1,9,0,7,0,6,0,0,0,0,4,1,6,3,-1,-1,-1,-1,-1,-1,-1,-1
2017010075779,1,9,0,9,0,6,0,0,0,0,1,1,6,3,-1,-1,-1,-1,-1,-1,-1,-1
2017010075779,2,1,0,5,0,2,0,0,0,0,4,1,6,1,19,4,-1,-1,-1,5,1,5
2017010075782,1,9,0,9,0,8,0,0,0,0,4,1,6,2,31,6,1598,1,10,2,1,2
2017010075782,2,3,0,18,0,1,0,0,0,0,1,1,6,1,23,5,124,1,9,1,1,1
2017010075786,1,9,0,-1,-1,0,-1,-1,-1,-1,-1,-1,6,2,34,6,1461,2,6,5,1,5
2017010075786,2,9,0,-1,-1,0,-1,-1,-1,-1,-1,-1,6,1,-1,-1,-1,-1,-1,-1,-1,-1
2017010075788,1,19,0,7,0,5,0,0,0,0,4,1,2,1,57,9,1598,2,2,3,1,3
2017010075788,2,1,0,5,0,6,0,0,0,0,4,1,4,1,13,3,-1,-1,-1,3,1,3
2017010075792,1,9,0,-1,-1,-1,-1,-1,-1,-1,-1,-1,6,1,29,6,1364,1,1,3,1,3
2017010075792,2,9,0,-1,-1,-1,-1,-1,-1,-1,1,-1,6,1,-1,-1,1595,1,-1,-1,-1,-1
2017010075793,1,9,0,9,0,6,0,0,0,0,1,1,6,1,90,11,998,1,16,6,1,6
2017010075793,2,3,0,18,0,1,0,0,0,0,1,1,6,1,34,6,124,1,6,4,1,4
2017010075794,1,1,-1,-1,-1,0,-1,-1,-1,-1,1,1,2,1,34,6,-1,-1,-1,4,1,4
2017010075794,2,1,-1,-1,-1,0,-1,-1,-1,-1,-1,1,2,1,34,6,-1,-1,-1,4,1,4
2017010075796,1,11,0,18,2,0,0,0,0,0,0,1,6,1,56,9,4500,2,-1,2,1,2
2017010075798,1,19,4,-1,-1,-1,-1,-1,-1,-1,2,-1,2,1,33,6,1560,2,3,5,1,5
2017010075799,1,5,0,5,0,0,0,0,0,0,4,1,2,1,26,6,999,1,4,4,1,4
2017010075801,1,4,0,18,0,1,5,0,0,0,1,1,6,1,25,5,124,1,6,2,1,2
2017010075801,2,9,0,9,0,6,0,0,0,0,1,1,6,3,17,4,-1,-1,-1,-1,-1,-1
2017010075803,1,1,-1,-1,-1,0,-1,-1,-1,-1,-1,1,2,1,-1,-1,-1,-1,-1,4,1,4
2017010075803,2,8,0,-1,-1,0,-1,-1,-1,-1,1,-1,6,1,-1,-1,-1,-1,-1,3,1,3
2017010075806,1,4,0,7,0,8,2,0,0,0,1,1,2,1,30,6,-1,-1,-1,8,1,8
2017010075806,2,19,0,9,0,8,0,0,0,0,2,1,1,1,40,7,2198,2,2,7,1,7
2017010075807,1,9,0,3,0,1,0,0,0,0,4,1,1,2,-1,-1,1598,1,7,2,1,2
2017010075807,2,3,0,10,0,1,0,0,0,0,3,1,2,1,36,7,108,1,4,9,1,9
2017010075813,1,8,0,3,0,2,0,0,0,0,4,1,1,1,34,6,1797,8,6,1,1,1
2017010075813,2,1,0,15,0,2,0,8,0,0,1,1,2,1,23,5,-1,-1,-1,6,1,6
2017010075815,1,9,0,18,0,0,0,0,0,0,1,1,6,2,47,8,1390,1,6,10,1,10
2017010075815,2,19,0,2,0,0,0,0,0,0,0,1,6,3,-1,-1,1598,2,1,-1,-1,-1
2017010075816,1,1,-1,-1,-1,-1,-1,-1,-1,-1,1,1,2,1,23,5,-1,-1,-1,5,1,5
2017010075816,2,19,0,-1,-1,-1,-1,-1,-1,-1,2,-1,6,1,34,6,1968,2,3,5,1,5
2017010075819,1,9,0,18,0,0,0,0,0,0,1,1,6,2,46,8,2204,2,8,6,1,6
2017010075819,2,9,0,4,0,0,0,0,0,0,2,1,1,1,44,7,1797,8,8,2,1,2
2017010075822,1,5,0,18,0,1,0,0,0,0,1,1,2,1,29,6,599,1,13,8,1,8
2017010075822,2,9,0,5,0,6,0,0,0,0,1,1,6,1,63,9,1679,1,20,10,1,10
2017010075823,1,19,0,9,0,1,0,0,0,0,3,2,1,1,44,7,1753,2,9,2,1,2
2017010075824,1,9,0,7,0,1,0,0,0,0,4,1,6,2,42,7,1896,2,13,2,1,2
2017010075824,2,1,0,18,0,1,0,0,0,0,1,1,6,1,35,6,-1,-1,-1,3,1,3
2017010075826,1,1,-1,-1,-1,-1,-1,-1,-1,-1,-1,1,2,1,50,8,-1,-1,-1,4,1,4
2017010075827,1,9,0,5,0,1,0,0,0,0,4,1,6,2,19,4,1198,1,1,10,2,10
2017010075827,2,3,0,18,0,2,0,0,0,0,1,1,1,1,51,8,249,1,6,3,1,3
2017010075828,1,9,0,18,0,0,0,0,0,0,1,1,6,1,21,5,1598,2,4,1,1,1
2017010075828,2,9,0,18,0,0,0,0,0,0,1,1,6,3,-1,-1,1368,1,13,-1,-1,-1
2017010075835,1,9,0,18,0,0,0,0,0,0,1,1,6,1,60,9,1968,1,10,6,1,6
2017010075836,1,8,0,3,0,8,0,0,0,0,3,1,1,1,60,9,2499,2,5,9,1,9
2017010075836,2,1,0,9,0,8,0,0,0,0,1,1,2,1,32,6,-1,-1,-1,9,1,9
2017010075839,1,9,0,9,0,1,0,0,0,0,4,1,6,2,56,9,1400,1,12,6,1,6
2017010075839,2,4,0,18,0,8,0,0,0,0,1,1,2,1,48,8,498,1,14,10,1,10
2017010075840,1,9,0,7,0,2,0,0,0,0,3,1,6,1,18,4,-1,-1,-1,3,1,3
2017010075840,2,1,0,18,0,1,0,0,0,0,1,1,6,1,14,3,-1,-1,-1,4,1,4
2017010075843,1,9,0,4,0,1,0,0,0,0,3,1,6,2,47,8,1198,1,3,2,1,2
2017010075847,1,3,0,5,0,4,0,0,0,0,4,1,2,1,33,6,125,1,4,8,1,8
2017010075847,2,9,0,5,0,4,0,0,0,0,1,1,6,1,37,7,1360,1,11,4,1,4
2017010075849,1,9,0,-1,-1,-1,-1,-1,-1,-1,2,-1,6,1,30,6,1796,1,8,5,1,5
2017010075851,1,9,0,18,0,0,0,0,0,0,3,1,2,1,31,6,-1,-1,-1,1,1,1
2017010075851,2,9,0,18,0,0,0,0,1,10,2,1,6,2,44,7,1896,2,10,3,1,3
2017010075851,3,9,0,18,0,0,0,0,0,0,4,1,1,2,18,4,-1,-1,-1,5,1,5
2017010075853,1,9,0,-1,-1,-1,-1,-1,-1,-1,2,-1,2,2,32,6,1995,1,11,2,1,2
2017010075855,1,19,0,18,0,0,0,4,0,0,4,1,1,1,22,5,2287,2,2,4,1,4
2017010075855,2,9,0,2,0,0,0,0,0,0,3,1,6,3,-1,-1,1986,2,8,-1,-1,-1
2017010075855,3,1,0,18,0,0,0,0,0,0,2,1,2,1,36,7,-1,-1,-1,4,1,4
2017010075856,1,9,0,9,0,2,0,0,0,0,3,1,6,3,-1,-1,-1,-1,-1,-1,-1,-1
2017010075857,1,19,0,18,0,0,0,0,0,0,1,1,6,1,28,6,1560,2,1,8,1,8
2017010075860,1,2,0,18,0,2,5,0,0,0,1,1,6,1,33,6,125,1,9,2,1,2
2017010075860,2,9,0,9,0,1,0,0,0,0,1,2,1,1,28,6,1995,2,3,2,1,2
2017010075861,1,9,0,-1,-1,-1,-1,-1,-1,-1,2,-1,6,1,25,5,1995,2,16,3,1,3
2017010075861,2,9,0,-1,-1,-1,-1,-1,-1,-1,-1,-1,6,3,-1,-1,1598,1,4,-1,-1,-1
2017010075864,1,9,0,16,0,2,0,0,0,0,4,1,6,2,61,9,2993,2,3,6,1,6
2017010075870,1,21,1,4,0,1,0,0,0,0,2,1,1,2,54,8,12902,2,4,-1,1,-1
2017010075870,2,21,1,18,0,1,0,0,0,0,1,1,1,1,45,7,12777,2,2,9,1,9
2017010075871,1,19,0,18,0,2,0,0,0,0,2,1,1,1,32,6,2287,2,6,3,1,3
2017010075871,2,9,0,18,0,2,0,0,0,0,2,1,1,1,45,7,1797,8,5,4,1,4
2017010075871,3,19,0,5,0,2,0,0,0,0,1,1,1,1,35,6,1995,2,4,4,1,4
2017010075887,1,9,0,3,0,4,0,0,0,0,2,-1,2,2,20,4,1229,1,10,9,1,9
2017010075887,2,9,0,18,0,-1,0,0,0,0,1,-1,6,1,26,6,1595,1,13,3,1,3
2017010075889,1,11,0,13,2,0,0,0,0,0,4,1,6,1,51,8,6700,2,8,7,1,7
2017010075889,2,1,0,18,2,0,0,0,0,0,2,1,6,1,48,8,-1,-1,-1,6,1,6
2017010075897,1,9,0,7,-1,5,-1,0,0,0,3,1,6,1,30,6,1390,1,13,-1,-1,-1
2017010075897,2,1,0,18,0,1,0,0,0,0,1,1,6,1,28,6,-1,-1,-1,2,1,2
2017010075914,1,1,-1,-1,-1,1,-1,-1,-1,-1,-1,1,2,2,53,8,-1,-1,-1,7,1,7
2017010075914,2,9,0,-1,-1,1,-1,-1,-1,-1,-1,-1,6,2,20,4,-1,-1,-1,9,1,9
2017010075923,1,3,0,18,0,8,0,0,0,0,1,1,6,3,-1,-1,-1,-1,-1,-1,-1,-1
2017010075924,1,90,1,18,0,1,0,0,0,0,3,1,2,1,45,7,-1,-1,-1,8,1,8
2017010075931,1,5,0,18,0,8,0,0,0,0,4,1,1,1,31,6,600,1,17,-1,-1,-1
2017010075932,1,9,0,1,0,8,0,0,0,0,2,-1,6,3,-1,-1,1686,2,5,-1,-1,-1
2017010075932,2,1,0,3,0,8,0,0,0,0,1,1,6,1,41,7,-1,-1,-1,4,1,4
2017010075939,1,2,0,18,0,2,0,0,0,0,1,1,6,3,-1,-1,-1,-1,-1,-1,-1,-1
2017010075944,1,9,0,18,0,0,0,0,0,0,1,1,6,3,-1,-1,-1,-1,-1,-1,-1,-1
2017010075945,1,1,0,18,0,2,0,0,0,0,4,1,6,2,17,4,-1,-1,-1,2,1,2
2017010075945,2,9,0,2,0,2,0,0,0,0,1,1,6,3,-1,-1,-1,-1,-1,-1,-1,-1
2017010075953,1,9,0,9,0,1,0,0,0,0,4,1,3,2,21,5,1686,2,14,8,1,8
2017010075953,2,4,0,18,0,1,0,0,0,0,1,1,1,1,27,6,-1,-1,-1,8,1,8
2017010075954,1,9,0,5,0,2,0,0,0,0,1,1,2,1,48,8,1596,1,16,1,1,1
2017010075961,1,3,0,15,0,2,0,10,1,0,1,1,2,1,29,6,124,1,2,5,1,5
2017010075962,1,8,0,9,0,1,0,0,0,0,1,1,6,1,40,7,1388,1,21,6,1,6
2017010075962,2,1,0,18,0,1,0,0,0,0,1,1,6,2,31,6,-1,-1,-1,4,1,4
2017010075963,1,9,0,18,0,2,0,0,0,0,1,1,3,2,34,6,2143,2,5,3,1,3
2017010075967,1,9,0,18,0,-1,0,0,0,0,1,1,6,1,27,6,1950,2,-1,9,1,9
2017010075973,1,9,0,4,0,8,0,0,0,0,1,1,3,2,34,6,1998,2,9,-1,-1,-1
2017010075980,1,9,0,5,9,1,0,0,0,0,1,1,6,2,29,6,1598,2,5,2,1,2
2017010075981,1,9,0,18,-1,-1,0,0,0,0,3,1,6,1,31,6,1560,2,5,-1,-1,-1
2017010075981,2,9,0,1,-1,-1,0,0,-1,0,2,-1,6,3,-1,-1,1598,1,15,-1,-1,-1
2017010076000,1,1,-1,-1,-1,-1,-1,-1,-1,-1,-1,1,2,1,27,6,-1,-1,-1,3,1,3
2017010076000,2,9,0,-1,-1,-1,-1,-1,-1,-1,1,-1,6,1,-1,-1,-1,-1,-1,-1,-1,-1
2017010076001,1,90,0,18,0,0,0,0,0,0,2,1,1,1,57,9,-1,-1,-1,6,1,6
2017010076001,2,4,0,18,0,0,5,0,0,0,1,1,6,1,34,6,125,1,5,3,1,3
2017010076003,1,9,0,18,0,1,5,7,0,0,1,1,6,1,18,4,1364,1,12,2,1,2
2017010076004,1,9,0,7,0,1,0,0,0,0,1,2,1,1,29,6,1197,1,2,3,1,3
2017010076004,2,1,0,18,0,1,5,0,0,0,4,1,6,1,26,6,-1,-1,-1,5,1,5
2017010076005,1,9,0,-1,-1,0,-1,-1,-1,-1,4,-1,6,2,34,6,1598,1,3,5,1,5
2017010076005,2,1,-1,-1,-1,0,-1,-1,-1,-1,-1,1,6,1,-1,-1,-1,-1,-1,-1,-1,-1
2017010076006,1,9,0,3,0,8,0,0,0,0,4,1,2,2,52,8,2179,2,4,2,1,2
2017010076006,2,9,0,7,0,6,0,0,0,0,1,1,6,3,-1,-1,-1,-1,-1,-1,-1,-1
2017010076007,1,1,-1,-1,-1,0,-1,-1,-1,-1,-1,1,2,2,25,5,-1,-1,-1,3,1,3
2017010076011,1,9,0,-1,-1,0,-1,-1,-1,-1,2,-1,6,1,44,7,1968,2,8,5,1,5
2017010076011,2,19,0,-1,-1,0,-1,-1,-1,-1,1,-1,6,1,-1,-1,2198,2,9,6,1,6
2017010076013,1,9,0,4,0,2,0,0,0,0,2,1,1,2,39,7,1956,2,5,8,2,8
2017010076013,2,9,0,18,0,2,0,0,0,0,1,1,6,1,29,6,1968,2,10,7,1,7
2017010076022,1,9,0,4,0,4,0,0,0,0,1,1,2,1,52,8,1594,1,16,1,1,1
2017010076022,2,9,0,5,0,4,0,0,0,0,1,1,2,1,37,7,1124,1,17,5,1,5
2017010076029,1,3,0,10,0,6,0,0,1,0,4,1,6,1,29,6,125,1,1,3,1,3
2017010076029,2,5,0,14,0,8,0,0,0,0,1,1,6,1,28,6,649,1,-1,3,1,3
2017010076042,1,1,-1,-1,-1,0,-1,-1,-1,-1,1,1,2,2,29,6,-1,-1,-1,3,1,3
2017010076042,2,9,0,-1,-1,0,-1,-1,-1,-1,-1,-1,6,3,-1,-1,1499,1,2,-1,-1,-1
2017010076045,1,9,0,-1,-1,0,-1,-1,-1,-1,1,-1,6,1,-1,-1,2143,2,1,10,1,10
2017010076045,2,90,-1,-1,-1,0,-1,-1,-1,-1,-1,-1,6,3,-1,-1,-1,-1,-1,-1,-1,-1
2017010076047,1,9,0,9,0,5,0,0,0,0,1,1,6,3,-1,-1,1910,2,9,-1,-1,-1
2017010076047,2,3,0,18,0,1,2,0,0,0,1,1,6,1,62,9,125,1,12,2,1,2
2017010076050,1,4,0,18,0,8,0,0,0,0,4,1,2,1,36,7,599,1,9,2,1,2
2017010076050,2,9,0,9,0,8,0,0,0,0,0,1,6,1,36,7,1999,2,1,7,1,7
2017010076064,1,9,0,9,0,1,0,0,0,0,4,1,6,1,29,6,1797,8,7,3,1,3
2017010076064,2,1,0,18,2,1,0,0,0,0,3,1,6,2,24,5,-1,-1,-1,10,1,10
2017010076065,1,8,0,9,0,6,0,0,0,0,4,1,1,1,55,8,1896,2,9,3,1,3
2017010076065,2,5,0,18,0,8,1,0,0,0,1,1,6,1,50,8,645,1,18,8,1,8
2017010076066,1,9,0,18,0,1,0,0,0,0,1,-1,6,1,-1,-1,1685,2,1,7,1,7
2017010076066,2,9,0,18,0,1,0,0,0,0,2,-1,6,2,64,9,2902,2,13,10,1,10
2017010076071,1,9,0,18,0,1,0,0,0,0,2,1,6,1,32,6,1900,2,11,-1,-1,-1
2017010076081,1,9,0,11,0,8,0,0,0,0,4,1,6,1,84,11,1596,1,4,8,1,8
2017010076081,2,8,0,18,2,8,0,0,0,0,3,1,1,1,40,7,2402,2,12,3,1,3
2017010076097,1,9,0,18,0,0,0,0,0,0,4,1,6,2,55,8,1390,1,16,4,1,4
2017010076097,2,20,0,18,0,0,0,0,0,0,0,1,1,1,51,8,-1,-1,-1,-1,-1,-1
2017010076098,1,9,0,11,0,1,0,0,0,0,1,1,2,1,42,7,998,1,-1,7,1,7
2017010076098,2,9,0,10,0,5,0,0,0,0,2,1,2,1,40,7,1995,2,10,4,1,4
2017010076102,1,9,0,9,0,8,0,0,0,0,1,1,2,1,23,5,-1,-1,-1,1,1,1
2017010076102,2,1,0,18,0,1,0,0,0,0,1,1,6,1,35,6,-1,-1,-1,7,1,7
2017010076106,1,19,0,4,0,7,1,0,0,0,1,1,1,1,44,7,2300,2,12,3,1,3
2017010076106,2,19,0,4,0,7,0,0,0,0,2,1,1,1,26,6,1995,2,-1,4,1,4
2017010076110,1,11,0,18,0,0,0,0,0,0,0,1,1,1,29,6,-1,-1,-1,4,1,4
2017010076111,1,1,-1,-1,-1,-1,-1,-1,-1,-1,1,1,6,1,18,4,-1,-1,-1,6,1,6
2017010076111,2,9,0,-1,-1,-1,-1,-1,-1,-1,-1,-1,6,3,-1,-1,1360,1,11,-1,-1,-1
2017010076113,1,9,0,18,0,2,0,0,0,0,0,1,1,1,36,7,-1,-1,-1,6,1,6
2017010076113,2,9,0,18,0,2,0,0,0,0,1,1,6,2,77,11,1339,8,5,4,1,4
2017010076114,1,11,0,3,0,1,0,0,0,0,0,1,6,1,49,8,6700,2,7,4,1,4
2017010076115,1,9,0,6,2,0,0,0,0,0,1,1,6,1,19,4,1910,2,10,3,1,3
2017010076115,2,4,0,18,0,0,0,0,0,0,1,1,1,1,37,7,125,1,12,6,1,6
2017010076117,1,11,0,7,0,8,0,0,0,0,0,1,6,1,20,4,5132,2,1,2,1,2
2017010076120,1,9,0,18,0,1,0,10,0,0,1,1,6,2,73,10,1995,1,8,7,3,7
2017010076120,2,9,0,2,0,1,0,0,0,0,2,1,6,3,-1,-1,1461,2,-1,-1,-1,-1
2017010076126,1,1,-1,-1,-1,-1,-1,-1,-1,-1,-1,1,2,1,52,8,-1,-1,-1,7,3,7
2017010076126,2,5,0,-1,-1,-1,-1,-1,-1,-1,-1,1,6,1,-1,-1,-1,-1,-1,-1,-1,-1
2017010076128,1,9,0,18,0,1,0,0,0,0,1,1,6,3,-1,-1,-1,-1,-1,-1,-1,-1
2017010076134,1,9,0,6,0,0,0,0,0,0,1,1,6,2,36,7,1388,1,12,2,1,2
2017010076134,2,3,0,18,0,0,0,0,0,0,1,1,6,1,23,5,-1,-1,-1,3,1,3
2017010076136,1,9,0,9,0,2,0,0,0,0,1,1,6,1,78,11,1998,1,18,8,1,8
2017010076136,2,9,0,18,0,2,0,0,2,2,4,1,1,2,34,6,1498,1,11,2,1,2
2017010076142,1,19,0,-1,-1,-1,-1,-1,-1,-1,2,-1,6,1,64,9,1560,2,7,3,1,3
2017010076145,1,9,0,-1,-1,-1,-1,-1,-1,-1,2,-1,6,1,44,7,1398,1,13,4,1,4
2017010076145,2,9,0,-1,-1,-1,-1,-1,-1,-1,-1,-1,6,2,27,6,1339,1,8,-1,-1,-1
2017010076149,1,9,0,5,0,3,0,0,0,0,3,1,6,1,72,10,1198,1,5,2,1,2
2017010076149,2,3,0,18,0,4,0,0,0,0,3,1,6,2,53,8,125,1,8,3,1,3
2017010076154,1,9,0,18,0,0,0,0,0,0,1,1,6,2,32,6,2000,2,12,2,1,2
2017010076154,2,19,0,18,0,0,0,0,0,0,1,1,6,1,-1,-1,2151,2,14,2,1,2
2017010076156,1,9,0,5,0,6,0,0,0,0,3,1,6,1,22,5,1197,1,4,10,1,10