Accident_Index,Vehicle_Reference,Vehicle_Type,Towing_and_Articulation,Vehicle_Manoeuvre,Vehicle_Location-Restricted_Lane,Junction_Location,Skidding_and_Overturning,Hit_Object_in_Carriageway,Vehicle_Leaving_Carriageway,Hit_Object_off_Carriageway,1st_Point_of_Impact,Was_Vehicle_Left_Hand_Drive?,Journey_Purpose_of_Driver,Sex_of_Driver,Age_of_Driver,Age_Band_of_Driver,Engine_Capacity_(CC),Propulsion_Code,Age_of_Vehicle,Driver_IMD_Decile,Driver_Home_Area_Type,Vehicle_IMD_Decile
2017010076156,2,9,0,18,0,8,0,0,0,0,1,1,6,1,73,10,1995,2,7,-1,1,-1
2017010076157,1,11,0,18,0,1,0,0,0,0,1,1,6,1,34,6,4500,2,1,2,1,2
2017010076159,1,9,0,9,0,8,0,0,0,0,4,1,1,1,40,7,1797,8,8,4,1,4
2017010076160,1,9,0,18,0,0,0,0,0,0,1,1,6,3,-1,-1,-1,-1,-1,-1,-1,-1
2017010076164,1,5,0,18,0,0,0,0,0,0,4,1,6,1,51,8,-1,-1,-1,9,1,9
2017010076168,1,2,0,15,0,2,0,0,0,0,1,1,1,1,20,4,49,1,2,3,1,3
2017010076168,2,9,0,18,0,5,0,0,0,0,4,1,6,1,24,5,1598,1,7,-1,-1,-1
2017010076170,1,9,0,-1,-1,0,-1,-1,-1,-1,-1,-1,2,1,60,9,1895,1,17,5,1,5
2017010076171,1,1,0,18,0,1,0,0,0,0,1,1,6,1,24,5,-1,-1,-1,6,1,6
2017010076172,1,9,0,12,0,0,0,0,0,0,3,1,6,1,56,9,1586,1,13,2,1,2
2017010076172,2,4,0,18,0,0,0,0,0,0,4,1,2,1,36,7,471,1,-1,4,1,4
2017010076173,1,9,0,5,0,1,0,0,0,0,3,1,6,3,-1,-1,1995,2,11,-1,-1,-1
2017010076174,1,1,-1,-1,-1,-1,-1,-1,-1,-1,-1,1,6,1,50,8,-1,-1,-1,6,1,6
2017010076174,2,9,0,-1,-1,-1,-1,-1,-1,-1,-1,-1,6,3,-1,-1,-1,-1,-1,-1,-1,-1
2017010076175,1,3,0,13,0,2,0,0,0,0,1,1,6,1,53,8,125,1,3,4,1,4
2017010076175,2,9,0,4,0,2,0,0,0,0,2,1,6,3,-1,-1,1794,1,12,2,1,2
2017010076178,1,9,0,1,0,1,0,0,0,0,2,1,6,1,37,7,1798,1,13,2,1,2
2017010076181,1,9,0,5,9,8,0,0,1,10,1,1,2,1,23,5,1596,1,12,3,1,3
2017010076181,2,9,0,18,0,8,0,0,0,0,3,1,2,1,60,9,1497,8,10,10,1,10
2017010076182,1,11,0,18,0,2,0,0,0,0,4,1,1,1,41,7,4461,2,4,2,1,2
2017010076183,1,11,0,18,0,2,0,0,0,0,4,1,1,1,62,9,4500,2,6,7,1,7
2017010076183,2,1,0,18,0,2,0,0,0,0,1,1,4,1,17,4,-1,-1,-1,7,1,7
2017010076184,1,9,0,18,0,1,0,0,0,0,1,1,6,2,55,8,1400,1,17,3,1,3
2017010076184,2,9,0,3,0,1,0,0,0,0,2,1,6,1,53,8,1598,1,13,4,1,4
2017010076186,1,2,0,9,0,0,0,0,0,0,2,1,6,2,59,9,49,1,-1,5,1,5
2017010076186,2,19,0,5,0,0,0,0,0,0,1,1,1,1,38,7,2298,2,-1,4,1,4
2017010076189,1,3,0,18,0,0,0,0,0,0,1,1,2,1,27,6,125,1,-1,-1,-1,-1
2017010076192,1,9,0,-1,-1,-1,-1,-1,-1,-1,-1,-1,6,2,72,10,1598,1,4,9,1,9
2017010076192,2,1,-1,-1,-1,-1,-1,-1,-1,-1,-1,1,6,2,-1,-1,-1,-1,-1,-1,-1,-1
2017010076193,1,8,0,9,0,2,0,0,0,0,4,1,1,1,40,7,1968,2,5,2,1,2
2017010076193,2,9,0,15,0,1,0,0,0,0,3,1,6,1,57,9,-1,-1,-1,10,1,10
2017010076196,1,8,0,9,0,8,0,0,0,0,1,1,1,1,34,6,2499,2,6,5,1,5
2017010076196,2,9,0,18,0,8,0,0,0,0,1,1,6,1,35,6,1560,2,-1,3,1,3
2017010076200,1,9,0,9,0,8,0,0,0,0,1,1,6,1,37,7,1596,1,19,8,1,8
2017010076200,2,1,0,18,0,2,0,0,0,0,2,1,2,1,48,8,-1,-1,-1,4,1,4
2017010076201,1,9,0,-1,-1,-1,-1,-1,-1,-1,4,-1,6,1,28,6,1995,2,5,1,1,1
2017010076201,2,9,0,-1,-1,-1,-1,-1,-1,-1,3,-1,6,3,-1,-1,1596,1,5,-1,-1,-1
2017010076203,1,5,0,18,0,8,0,7,0,0,1,1,2,1,42,7,599,1,8,4,1,4
2017010076203,2,8,0,9,0,8,0,0,0,0,3,1,1,1,32,6,1956,2,3,1,1,1
2017010076204,1,9,0,18,0,1,0,0,0,0,1,1,6,1,21,5,1995,1,10,1,1,1
2017010076204,2,8,0,18,0,1,0,0,0,0,2,1,1,1,51,8,2143,2,2,4,1,4
2017010076205,1,9,0,16,0,3,0,0,0,0,2,1,6,2,38,7,1896,2,14,5,1,5
2017010076205,2,9,0,16,0,3,0,0,0,0,1,1,1,1,45,7,1798,8,2,4,1,4
2017010076208,1,11,0,3,0,1,0,0,0,0,0,1,6,1,35,6,6370,2,8,-1,-1,-1
2017010076209,1,3,0,7,5,5,5,10,1,0,1,1,6,1,25,5,-1,-1,-1,4,1,4
2017010076210,1,9,0,18,0,8,0,0,0,0,1,-1,6,1,43,7,1968,2,4,3,1,3
2017010076210,2,3,0,18,0,8,0,0,0,0,1,1,6,3,-1,-1,125,1,9,-1,-1,-1
2017010076210,3,8,-1,18,-1,-1,-1,-1,-1,0,-1,-1,6,1,56,9,2402,2,11,2,1,2
2017010076218,1,9,-1,-1,-1,-1,-1,-1,-1,-1,-1,-1,6,1,38,7,1396,1,12,1,1,1
2017010076218,2,9,-1,-1,-1,-1,-1,-1,-1,-1,-1,-1,6,3,-1,-1,2967,2,2,-1,-1,-1
2017010076231,1,11,0,18,0,0,0,0,0,0,0,1,6,3,-1,-1,-1,-1,-1,-1,-1,-1
2017010076237,1,1,-1,5,-1,1,-1,0,0,0,0,1,6,2,45,7,-1,-1,-1,-1,-1,-1
2017010076237,2,9,-1,5,0,1,-1,0,-1,-1,0,-1,6,3,-1,-1,1968,2,3,-1,-1,-1
2017010076242,1,1,0,12,0,1,0,0,0,0,2,1,6,2,51,8,-1,-1,-1,5,1,5
2017010076242,2,9,0,18,0,1,0,0,0,0,1,1,6,1,85,11,1299,1,13,3,1,3
2017010076246,1,3,-1,-1,0,0,0,0,0,0,-1,1,6,3,-1,-1,-1,-1,-1,-1,-1,-1
2017010076254,1,1,-1,18,0,1,-1,0,0,0,-1,1,6,1,26,6,-1,-1,-1,8,1,8
2017010076262,1,9,0,8,0,1,0,0,0,0,1,1,3,1,29,6,1339,8,5,-1,-1,-1
2017010076262,2,11,0,18,0,1,0,0,0,0,1,1,1,1,60,9,6700,2,8,6,1,6
2017010076266,1,1,-1,-1,-1,-1,-1,-1,-1,-1,1,1,6,2,26,6,-1,-1,-1,2,1,2
2017010076266,2,9,0,-1,-1,-1,-1,-1,-1,-1,1,-1,6,3,-1,-1,1995,2,4,-1,-1,-1
2017010076267,1,9,0,16,0,0,1,0,2,10,1,1,1,1,28,6,1596,1,13,2,1,2
2017010076267,2,9,0,18,0,0,0,0,1,0,1,1,3,2,49,8,2497,2,11,5,1,5
2017010076271,1,3,0,4,0,1,1,0,0,0,0,1,2,1,25,5,125,1,13,-1,-1,-1
2017010076273,1,3,-1,3,0,1,-1,0,0,0,1,1,6,1,28,6,125,1,2,3,1,3
2017010076273,2,9,-1,-1,0,1,-1,0,0,0,1,-1,6,3,-1,-1,1797,8,3,-1,-1,-1
2017010076275,1,9,0,18,0,0,0,4,0,0,1,1,2,2,42,7,1395,1,1,8,1,8
2017010076275,2,9,0,2,0,0,0,0,0,0,2,1,6,3,-1,-1,1242,1,5,-1,-1,-1
2017010076276,1,1,0,18,0,0,0,0,0,0,1,1,2,1,43,7,-1,-1,-1,6,1,6
2017010076277,1,9,0,4,-1,0,-1,-1,-1,-1,2,-1,6,2,27,6,1591,1,9,6,2,6
2017010076285,1,19,0,5,0,8,0,0,0,0,1,1,1,1,46,8,2298,2,2,3,1,3
2017010076285,2,9,0,18,0,8,0,0,1,0,1,1,6,1,63,9,1299,1,15,10,1,10
2017010076290,1,9,0,-1,-1,0,-1,-1,-1,-1,-1,-1,6,1,70,10,4966,1,16,9,1,9
2017010076293,1,9,0,9,0,1,0,0,0,0,1,1,6,1,27,6,1461,2,7,2,1,2
2017010076293,2,3,0,18,0,1,0,0,0,0,1,1,6,1,27,6,124,1,-1,3,1,3
2017010076294,1,1,0,18,0,1,0,8,0,0,1,1,6,1,29,6,-1,-1,-1,2,1,2
2017010076295,1,3,0,13,0,0,2,4,0,0,1,1,6,1,21,5,125,1,5,3,1,3
2017010076295,2,9,0,2,9,0,0,0,0,0,4,1,6,3,-1,-1,1598,1,6,-1,-1,-1
2017010076295,3,11,0,3,0,0,0,0,0,0,3,1,1,1,64,9,4760,2,6,2,1,2
2017010076295,4,3,0,18,0,0,0,0,0,0,1,1,1,1,33,6,125,1,1,4,1,4
2017010076296,1,9,0,11,0,0,0,0,0,0,1,1,6,1,67,10,2400,2,5,6,1,6
2017010076296,2,9,0,18,0,0,0,0,0,0,2,1,6,1,22,5,1390,1,8,6,1,6
2017010076299,1,19,0,3,0,1,0,0,0,0,2,1,6,1,-1,-1,1461,2,7,-1,-1,-1
2017010076299,2,9,0,3,0,1,0,0,0,0,2,1,6,2,30,6,1197,1,1,5,1,5
2017010076299,3,9,0,18,0,1,0,0,0,0,1,1,6,1,-1,-1,1797,8,7,-1,-1,-1
2017010076301,1,3,0,18,0,1,0,0,0,0,3,1,1,1,21,5,109,1,3,2,1,2
2017010076301,2,9,0,6,0,1,0,0,0,0,1,1,6,1,37,7,1900,2,11,-1,-1,-1
2017010076303,1,9,0,18,0,2,0,0,0,0,2,1,6,1,22,5,1995,2,7,2,1,2
2017010076303,2,9,0,18,0,2,0,0,0,0,0,1,6,3,-1,-1,1968,2,6,-1,-1,-1
2017010076309,1,11,0,4,0,8,0,0,0,0,0,1,1,1,65,9,4500,2,-1,4,1,4
2017010076314,1,9,0,-1,-1,-1,-1,-1,-1,-1,-1,-1,6,1,39,7,1997,2,4,4,1,4
2017010076314,2,9,0,-1,-1,-1,-1,-1,-1,-1,-1,-1,6,2,-1,-1,1596,1,8,-1,-1,-1
2017010076320,1,9,-1,-1,-1,-1,-1,-1,-1,-1,-1,-1,6,2,47,8,1098,1,-1,2,1,2
2017010076320,2,9,-1,-1,-1,-1,-1,-1,-1,-1,-1,-1,6,3,-1,-1,1560,2,2,-1,-1,-1
2017010076321,1,9,0,-1,-1,-1,-1,-1,-1,-1,1,-1,6,1,-1,-1,-1,-1,-1,-1,-1,-1
2017010076324,1,9,0,3,0,8,0,0,0,0,2,1,6,1,37,7,1798,1,10,2,1,2
2017010076324,2,9,0,18,0,8,0,0,0,0,1,1,6,3,-1,-1,1560,2,6,-1,-1,-1
2017010076327,1,8,0,-1,-1,0,-1,-1,-1,-1,-1,-1,6,3,-1,-1,-1,-1,-1,-1,-1,-1
2017010076329,1,9,0,9,-1,8,-1,0,0,0,2,1,6,2,23,5,1242,1,2,2,1,2
2017010076329,2,9,0,7,0,8,0,0,0,0,1,1,6,1,-1,-1,1339,1,6,-1,-1,-1
2017010076333,1,9,0,5,0,1,0,0,0,0,1,1,6,2,32,6,-1,-1,-1,10,1,10
2017010076335,1,1,0,18,0,2,0,0,0,0,4,1,6,2,35,6,-1,-1,-1,5,1,5
2017010076335,2,19,0,5,0,2,0,0,0,0,3,1,6,1,-1,-1,-1,-1,-1,-1,-1,-1
2017010076336,1,9,0,-1,-1,0,-1,-1,-1,-1,0,-1,6,3,-1,-1,-1,-1,-1,7,1,7
2017010076339,1,9,0,18,0,1,0,0,0,0,3,1,6,1,33,6,1598,2,4,4,1,4
2017010076339,2,9,0,18,0,1,1,0,0,0,3,1,6,1,28,6,1995,2,11,3,1,3
2017010076346,1,8,0,18,0,1,0,0,0,0,4,1,2,1,55,8,1997,2,-1,2,1,2
2017010076346,2,1,0,18,0,1,0,0,0,0,1,1,6,1,47,8,-1,-1,-1,5,1,5
2017010076348,1,9,0,-1,-1,-1,-1,-1,-1,-1,2,-1,6,2,29,6,1229,1,11,5,1,5
2017010076351,1,19,0,18,0,1,0,0,0,0,1,1,1,1,61,9,2148,2,9,4,1,4
2017010076361,1,3,0,-1,-1,2,-1,-1,-1,-1,-1,1,6,1,-1,-1,-1,-1,-1,-1,-1,-1
2017010076364,1,9,0,18,0,5,0,0,0,0,1,1,6,2,55,8,1061,1,13,4,1,4
2017010076364,2,9,0,2,0,1,0,0,0,0,2,1,6,3,-1,-1,1596,1,16,-1,-1,-1
2017010076364,3,9,0,2,0,1,0,0,0,0,2,1,6,3,-1,-1,1360,1,10,-1,-1,-1
2017010076366,1,9,0,7,7,7,0,0,3,10,1,1,6,2,86,11,1995,2,5,7,1,7
2017010076367,1,19,0,6,0,1,0,0,0,0,3,1,1,1,46,8,2198,2,4,7,3,7
2017010076367,2,3,0,13,0,1,0,0,0,0,1,1,1,1,29,6,125,1,2,2,1,2
2017010076369,1,11,0,14,0,1,0,0,0,0,0,1,1,1,58,9,7300,2,11,4,1,4
2017010076369,2,9,0,5,0,1,0,0,0,0,0,1,6,3,-1,-1,1998,1,-1,-1,-1,-1
2017010076370,1,19,0,1,0,0,0,0,0,0,2,1,6,1,58,9,2198,2,3,5,1,5
2017010076374,1,9,0,5,0,7,0,0,0,0,1,1,6,1,44,7,1796,1,13,5,1,5
2017010076375,1,9,0,12,0,0,0,0,0,0,1,1,2,1,41,7,1461,2,2,5,1,5
2017010076375,2,19,0,5,0,0,0,0,0,0,4,1,6,1,18,4,-1,-1,-1,2,1,2
2017010076375,3,11,0,4,0,0,0,0,0,0,2,1,1,1,57,9,6700,2,7,2,1,2
2017010076376,1,3,0,18,0,1,0,0,0,0,1,1,1,1,30,6,-1,-1,-1,4,1,4
2017010076379,1,9,0,9,0,2,0,0,0,0,3,1,6,1,40,7,1999,2,-1,4,1,4
2017010076380,1,90,0,9,0,5,1,0,7,0,4,1,1,1,25,5,-1,-1,-1,2,1,2
2017010076380,2,9,0,18,0,1,0,0,0,0,1,1,6,1,44,7,1685,2,2,2,1,2
2017010076383,1,3,0,18,2,1,0,0,0,0,1,1,1,1,39,7,124,1,1,6,1,6
2017010076387,1,1,-1,-1,-1,0,-1,-1,-1,-1,1,1,6,1,48,8,-1,-1,-1,3,1,3
2017010076387,2,9,0,-1,-1,0,-1,-1,-1,-1,1,-1,6,3,-1,-1,-1,-1,-1,-1,-1,-1
2017010076389,1,9,0,5,0,2,0,0,0,0,1,1,6,1,42,7,1796,1,12,2,1,2
2017010076389,2,3,0,13,0,1,0,0,0,0,3,1,6,1,27,6,124,1,8,1,1,1
2017010076392,1,4,0,14,0,0,0,0,0,0,4,1,6,1,41,7,-1,-1,-1,2,1,2
2017010076393,1,9,0,7,0,6,0,0,0,0,4,1,6,1,82,11,1397,1,13,8,1,8
2017010076395,1,9,0,18,0,0,0,0,0,0,3,1,1,2,38,7,1461,2,6,-1,-1,-1
2017010076395,2,9,0,16,0,0,1,0,7,10,1,1,6,1,25,5,-1,-1,-1,6,1,6
2017010076396,1,9,0,9,0,6,0,0,0,0,1,1,6,1,26,6,998,1,11,4,1,4
2017010076396,2,1,0,18,0,1,0,0,0,0,1,1,6,2,23,5,-1,-1,-1,8,1,8
2017010076397,1,11,0,4,2,0,0,0,0,0,4,1,1,1,45,7,5132,2,1,8,1,8
2017010076398,1,3,0,18,0,0,0,0,0,0,1,1,6,1,24,5,125,1,1,3,1,3
2017010076398,2,9,0,4,0,0,0,0,0,0,3,1,6,1,54,8,1199,1,14,4,1,4
2017010076400,1,1,-1,-1,-1,-1,-1,-1,-1,-1,1,1,2,1,24,5,-1,-1,-1,2,1,2
2017010076400,2,20,0,-1,-1,-1,-1,-1,-1,-1,-1,1,6,1,-1,-1,8867,2,9,-1,-1,-1
2017010076400,3,1,-1,-1,-1,-1,-1,-1,-1,-1,2,1,6,1,-1,-1,-1,-1,-1,-1,-1,-1
2017010076403,1,9,0,9,0,5,0,0,0,0,1,1,2,1,54,8,2295,1,16,4,1,4
2017010076404,1,9,0,18,0,1,0,0,0,0,1,1,6,2,55,8,1390,1,6,5,1,5
2017010076404,2,9,0,2,0,8,0,0,0,0,2,1,6,3,-1,-1,2494,2,5,-1,-1,-1
2017010076404,3,4,0,9,0,1,0,0,0,0,4,1,2,1,45,7,124,1,5,5,1,5
2017010076409,1,11,0,18,0,2,0,0,0,0,1,1,1,1,49,8,-1,-1,-1,3,1,3
2017010076412,1,1,-1,-1,-1,-1,-1,-1,-1,-1,-1,1,2,2,37,7,-1,-1,-1,8,1,8
2017010076412,2,90,0,-1,-1,-1,-1,-1,-1,-1,1,-1,6,1,22,5,-1,-1,-1,7,1,7
2017010076414,1,9,0,18,0,2,0,7,0,0,1,1,6,2,56,9,1390,1,11,3,1,3
2017010076418,1,8,0,3,0,2,0,0,0,0,2,1,1,1,55,8,1598,1,7,2,1,2
2017010076418,2,19,0,5,0,1,0,0,0,0,1,1,6,2,56,9,2198,2,2,2,1,2
2017010076419,1,3,0,18,2,0,1,4,0,0,1,1,2,1,47,8,108,1,2,4,1,4
2017010076419,2,11,0,4,2,0,0,0,0,0,2,1,1,1,44,7,6700,2,8,-1,-1,-1
2017010076420,1,3,0,14,0,0,0,0,0,0,0,1,1,1,29,6,108,1,4,3,1,3
2017010076421,1,9,-1,18,-1,0,-1,-1,-1,-1,-1,-1,6,3,-1,-1,-1,-1,-1,-1,-1,-1
2017010076422,1,9,-1,-1,-1,-1,-1,-1,-1,-1,-1,-1,6,3,-1,-1,1364,1,-1,-1,-1,-1
2017010076423,1,9,0,18,0,0,0,11,0,0,1,1,6,1,25,5,2261,1,1,-1,-1,-1
2017010076426,1,9,0,12,0,1,0,0,0,0,3,1,1,1,38,7,1969,2,-1,1,1,1
2017010076426,2,1,0,5,0,1,0,0,0,0,1,1,6,1,33,6,-1,-1,-1,2,1,2
2017010076432,1,8,0,-1,-1,0,-1,-1,-1,-1,-1,-1,6,1,34,6,1910,2,9,1,1,1
2017010076434,1,9,0,17,0,0,2,4,0,0,1,1,6,1,22,5,1296,1,9,2,1,2
2017010076434,2,9,0,2,0,0,0,0,0,0,3,1,6,3,-1,-1,1598,1,10,-1,-1,-1
2017010076436,1,8,0,5,0,8,0,0,0,0,1,1,1,1,47,8,1339,1,5,2,1,2
2017010076438,1,9,0,18,0,1,5,0,0,0,4,1,6,1,26,6,1896,2,17,10,1,10
2017010076441,1,9,0,18,0,1,0,0,8,2,1,1,6,1,26,6,1598,2,2,1,1,1
2017010076441,2,9,0,5,0,1,0,0,7,10,2,2,1,1,38,7,1797,8,6,1,1,1
2017010076442,1,8,0,18,0,1,0,0,0,0,1,1,6,1,20,4,1596,1,3,2,1,2
2017010076445,1,9,0,18,0,0,1,10,0,0,4,1,6,2,23,5,1398,1,1,-1,-1,-1
2017010076446,1,9,0,18,9,1,0,0,1,10,1,1,6,1,29,6,-1,-1,-1,3,1,3
2017010076446,2,9,0,5,0,1,0,0,1,10,4,1,6,1,80,11,1396,1,2,9,1,9
2017010076449,1,9,0,5,0,1,0,0,0,0,1,1,1,2,33,6,1498,1,11,6,3,6
2017010076451,1,9,0,3,0,2,0,0,0,0,1,1,6,1,19,4,1229,1,11,2,1,2
2017010076451,2,9,0,1,0,1,0,0,0,0,2,1,6,2,-1,-1,1461,2,3,-1,-1,-1
2017010076452,1,9,0,18,0,0,0,0,0,0,1,1,6,3,-1,-1,2171,1,14,-1,-1,-1
2017010076452,2,9,0,18,0,0,1,0,0,0,1,1,6,1,51,8,2148,2,15,7,1,7
2017010076454,1,8,0,18,0,0,0,0,0,0,1,1,1,1,44,7,1798,8,1,2,1,2
2017010076455,1,8,0,18,0,2,0,0,0,0,2,1,6,1,35,6,2143,2,6,6,1,6
2017010076455,2,9,0,18,0,2,0,0,0,0,1,1,6,1,-1,-1,-1,-1,-1,1,1,1
2017010076460,1,9,0,1,0,5,0,10,0,0,2,1,6,1,28,6,2967,2,2,1,1,1
2017010076466,1,4,0,-1,-1,-1,-1,-1,-1,-1,1,1,6,1,32,6,399,1,7,-1,-1,-1
2017010076466,2,9,0,-1,-1,-1,-1,-1,-1,-1,-1,-1,6,1,-1,-1,998,1,8,-1,-1,-1
2017010076467,1,9,0,2,0,0,0,0,0,0,2,1,6,3,-1,-1,1598,1,14,-1,-1,-1
2017010076467,2,9,0,18,0,0,0,4,0,0,1,1,6,2,80,11,1398,1,4,9,1,9
2017010076469,1,9,0,5,0,2,0,0,0,0,3,1,1,1,61,9,-1,-1,-1,5,1,5
2017010076469,2,9,0,5,0,2,0,0,0,0,4,1,1,1,45,7,1968,2,-1,6,1,6
2017010076476,1,9,0,18,0,0,0,4,0,0,1,1,6,1,21,5,1781,1,15,-1,-1,-1
2017010076476,2,9,0,2,6,0,0,0,0,0,0,1,6,3,-1,-1,2497,2,-1,-1,-1,-1
2017010076476,3,9,0,2,6,0,0,0,0,0,0,1,6,3,-1,-1,2993,2,5,-1,-1,-1
2017010076478,1,9,0,18,0,2,0,4,0,0,1,1,6,1,79,11,1388,1,14,4,1,4
2017010076478,2,9,0,2,0,2,0,0,0,0,0,1,6,3,-1,-1,1968,2,12,-1,-1,-1
2017010076481,1,9,0,9,0,8,0,0,0,0,4,1,6,1,55,8,1753,2,15,1,1,1
2017010076481,2,1,0,18,0,8,0,0,0,0,1,1,6,1,41,7,-1,-1,-1,2,1,2
2017010076482,1,9,0,5,0,0,0,0,0,0,3,1,3,2,39,7,2143,2,3,5,1,5
2017010076482,2,3,0,14,0,0,0,0,0,0,1,1,6,1,22,5,125,1,7,-1,-1,-1
2017010076486,1,9,0,18,0,0,0,0,0,0,2,1,1,1,65,9,1560,2,-1,6,1,6
2017010076486,2,9,0,18,0,0,0,0,0,0,1,1,6,1,25,5,998,1,-1,4,1,4
2017010076488,1,8,0,7,0,8,0,0,0,0,1,1,1,2,48,8,1798,8,4,5,1,5
2017010076489,1,9,-1,-1,-1,-1,-1,-1,-1,-1,-1,-1,6,3,-1,-1,-1,-1,-1,-1,-1,-1
2017010076494,1,9,0,18,0,3,0,0,0,0,1,1,6,2,57,9,1799,1,10,7,1,7
2017010076496,1,1,-1,-1,-1,-1,-1,-1,-1,-1,1,1,6,2,26,6,-1,-1,-1,8,1,8
2017010076496,2,9,0,-1,-1,-1,-1,-1,-1,-1,1,-1,6,2,-1,-1,-1,-1,-1,5,1,5
2017010076503,1,9,0,-1,-1,0,-1,-1,-1,-1,-1,-1,6,3,-1,-1,-1,-1,-1,-1,-1,-1
2017010076505,1,3,0,17,0,0,1,0,0,0,0,1,1,1,31,6,125,1,2,2,1,2
2017010076505,2,9,0,16,0,0,0,0,0,0,0,1,6,1,42,7,1339,1,13,1,1,1
2017010076505,3,9,0,18,0,0,0,0,0,0,0,1,1,2,46,8,1560,2,3,2,1,2
2017010076508,1,9,0,-1,-1,-1,-1,-1,-1,-1,2,-1,6,1,24,5,2979,1,12,4,1,4
2017010076508,2,9,0,-1,-1,-1,-1,-1,-1,-1,1,-1,6,1,-1,-1,1783,1,16,-1,-1,-1
2017010076517,1,9,0,18,0,2,0,0,0,0,1,1,6,1,82,11,999,1,5,8,1,8
2017010076517,2,9,0,18,0,1,0,0,0,0,1,1,6,1,47,8,2993,2,6,9,1,9
2017010076518,1,9,0,1,9,0,0,0,1,10,2,1,6,2,63,9,1799,1,9,1,1,1
2017010076518,2,9,0,2,0,0,0,0,0,0,2,1,6,3,-1,-1,1995,2,-1,-1,-1,-1
2017010076518,3,9,0,2,0,0,0,0,0,0,2,1,6,3,-1,-1,1242,1,3,-1,-1,-1
2017010076518,4,9,0,2,0,0,0,0,0,0,2,1,6,3,-1,-1,999,1,7,-1,-1,-1
2017010076519,1,9,0,7,0,3,0,0,0,0,1,1,6,1,26,6,2993,2,7,2,1,2
2017010076519,2,3,0,12,0,3,0,0,0,0,2,1,6,1,54,8,108,1,4,6,1,6
2017010076522,1,9,0,18,0,0,0,0,0,0,1,1,2,1,58,9,1898,1,17,-1,-1,-1
2017010076522,2,9,0,5,0,0,0,0,0,0,3,1,6,1,20,4,-1,-1,-1,8,1,8
2017010076523,1,11,0,15,2,1,0,0,0,0,0,1,1,1,30,6,-1,-1,-1,2,1,2
2017010076524,1,4,0,5,0,4,0,0,0,0,4,1,6,2,44,7,125,1,-1,10,1,10
2017010076527,1,9,0,18,0,8,0,0,0,0,1,1,6,2,25,5,1991,1,1,3,1,3
2017010076530,1,9,0,9,0,1,0,0,0,0,1,1,6,1,47,8,2143,2,3,9,1,9
2017010076530,2,3,0,18,2,1,0,0,0,0,1,1,6,1,21,5,125,1,2,1,1,1
2017010076531,1,9,0,5,0,1,0,0,0,0,2,1,6,2,31,6,973,1,14,1,1,1
2017010076531,2,9,0,18,0,3,0,0,0,0,1,2,6,1,33,6,-1,-1,-1,4,1,4
2017010076534,1,9,0,18,0,0,0,0,0,0,1,1,6,2,30,6,1984,1,-1,5,1,5
2017010076534,2,9,0,18,0,0,0,0,0,0,2,1,6,1,23,5,1997,2,2,4,1,4
2017010076538,1,11,0,-1,0,1,0,0,0,0,0,-1,6,1,-1,-1,-1,-1,-1,-1,-1,-1
2017010076541,1,1,0,-1,-1,-1,0,-1,0,0,2,1,2,1,25,5,-1,-1,-1,3,1,3
2017010076541,2,9,0,-1,-1,8,-1,-1,0,0,-1,-1,6,3,-1,-1,999,1,-1,-1,-1,-1
2017010076547,1,8,0,18,0,8,0,0,0,0,1,1,1,2,42,7,1797,8,3,5,1,5
2017010076547,2,8,0,18,0,8,0,0,0,0,1,1,1,1,52,8,1791,8,5,5,1,5
2017010076547,3,9,0,9,0,8,0,0,0,0,4,1,6,2,27,6,1332,1,8,7,1,7
2017010076551,1,9,0,17,0,8,0,0,0,0,3,1,6,1,41,7,1600,1,13,7,1,7
2017010076551,2,9,0,17,0,8,0,0,0,0,1,1,6,1,37,7,1998,8,1,5,1,5
2017010076554,1,9,0,16,0,0,0,0,0,0,1,1,6,1,63,9,-1,-1,-1,9,1,9
2017010076554,2,9,0,17,0,0,0,0,0,0,1,1,6,1,59,9,4197,1,11,9,1,9
2017010076555,1,9,0,-1,0,4,0,0,-1,0,1,-1,6,1,55,8,1360,1,14,4,1,4
2017010076555,2,9,0,-1,-1,-1,-1,-1,-1,-1,1,-1,6,2,-1,-1,1497,1,12,2,1,2
2017010076562,1,11,0,5,2,1,0,0,0,0,1,1,1,1,39,7,4461,2,4,7,1,7
2017010076563,1,9,0,18,0,6,0,0,0,0,4,1,1,2,32,6,1596,1,6,3,1,3
2017010076563,2,9,0,18,0,8,0,0,0,0,1,1,6,1,53,8,1598,1,18,9,1,9
2017010076566,1,9,0,18,0,0,0,0,7,0,1,1,6,3,-1,-1,1968,2,1,-1,-1,-1
2017010076566,2,2,0,18,0,0,0,0,0,0,2,1,6,1,60,9,-1,-1,-1,2,1,2
2017010076566,3,9,0,18,0,0,0,0,0,0,3,1,6,2,23,5,1968,2,4,4,1,4
2017010076568,1,9,0,9,0,8,0,0,0,0,1,1,6,2,27,6,-1,-1,-1,1,1,1
2017010076568,2,9,0,18,0,8,0,0,0,0,1,1,6,1,29,6,996,1,8,9,1,9
2017010076571,1,8,0,18,0,0,0,0,0,0,2,1,1,1,48,8,1560,2,4,10,1,10
2017010076571,2,9,0,18,0,0,0,0,0,0,1,2,6,1,32,6,3628,2,8,-1,-1,-1
2017010076572,1,9,0,18,0,0,0,0,0,0,1,1,2,2,37,7,2993,2,4,9,1,9
2017010076574,1,9,0,15,0,1,0,0,0,0,1,1,6,1,21,5,1984,1,-1,4,1,4
2017010076574,2,19,0,2,0,1,0,0,0,0,1,1,6,3,-1,-1,2402,2,6,-1,-1,-1