Accident_Index,Vehicle_Reference,Vehicle_Type,Towing_and_Articulation,Vehicle_Manoeuvre,Vehicle_Location-Restricted_Lane,Junction_Location,Skidding_and_Overturning,Hit_Object_in_Carriageway,Vehicle_Leaving_Carriageway,Hit_Object_off_Carriageway,1st_Point_of_Impact,Was_Vehicle_Left_Hand_Drive?,Journey_Purpose_of_Driver,Sex_of_Driver,Age_of_Driver,Age_Band_of_Driver,Engine_Capacity_(CC),Propulsion_Code,Age_of_Vehicle,Driver_IMD_Decile,Driver_Home_Area_Type,Vehicle_IMD_Decile
2017010076575,1,9,0,-1,-1,-1,-1,-1,-1,-1,3,-1,6,2,39,7,1796,1,9,5,1,5
2017010076576,1,9,0,9,0,6,0,0,0,0,4,1,6,2,37,7,1598,1,11,8,1,8
2017010076576,2,3,0,18,0,1,0,0,0,0,0,1,6,1,39,7,125,1,4,2,1,2
2017010076584,1,9,0,9,5,0,0,0,0,0,0,1,6,1,55,8,1794,1,12,1,1,1
2017010076586,1,8,0,3,0,1,0,0,0,0,2,1,1,1,56,9,1968,2,3,2,1,2
2017010076586,2,19,0,18,0,8,0,0,0,0,1,1,6,1,34,6,1248,2,4,7,1,7
2017010076590,1,9,0,-1,-1,-1,-1,-1,-1,-1,-1,-1,6,1,49,8,1796,1,14,5,1,5
2017010076590,2,9,0,-1,-1,-1,-1,-1,-1,-1,-1,-1,6,1,-1,-1,1595,1,4,-1,-1,-1
2017010076595,1,1,-1,-1,-1,0,-1,-1,-1,-1,2,1,6,1,33,6,-1,-1,-1,3,1,3
2017010076596,1,9,0,-1,-1,0,-1,-1,-1,-1,2,-1,6,1,32,6,1685,2,5,6,1,6
2017010076596,2,90,0,-1,-1,0,-1,-1,-1,-1,-1,-1,6,1,-1,-1,-1,-1,-1,3,1,3
2017010076597,1,11,0,18,0,0,0,0,0,0,0,1,6,2,30,6,4500,2,3,4,1,4
2017010076600,1,9,0,3,0,1,0,0,0,0,1,1,2,1,35,6,998,1,1,4,1,4
2017010076600,2,3,0,18,0,1,0,0,0,0,1,1,1,1,32,6,125,1,2,2,1,2
2017010076601,1,9,0,5,0,1,0,0,0,0,1,1,6,1,67,10,2179,2,4,5,1,5
2017010076603,1,2,0,18,0,1,0,0,0,0,3,1,1,1,21,5,125,1,-1,4,1,4
2017010076603,2,9,0,18,0,1,0,0,0,0,1,1,6,3,-1,-1,1796,1,15,-1,-1,-1
2017010076612,1,9,0,4,0,2,0,0,0,0,2,1,2,1,53,8,1598,2,3,3,1,3
2017010076612,2,20,0,4,0,2,0,0,0,0,1,2,1,1,27,6,-1,-1,-1,-1,-1,-1
2017010076612,3,3,0,4,0,2,0,0,0,0,2,1,6,1,43,7,125,1,-1,2,1,2
2017010076617,1,3,0,18,0,1,0,0,0,0,1,1,6,3,-1,-1,-1,-1,-1,-1,-1,-1
2017010076621,1,9,0,9,0,6,0,0,3,10,1,1,6,1,19,4,1499,2,3,3,1,3
2017010076622,1,8,0,18,0,8,0,0,7,0,1,1,1,1,29,6,1598,2,1,4,1,4
2017010076622,2,9,0,18,0,8,0,0,7,0,3,1,6,3,47,8,999,1,-1,-1,-1,-1
2017010076624,1,9,0,7,0,8,0,0,0,0,1,1,6,2,48,8,1398,1,15,9,1,9
2017010076624,2,3,0,7,0,2,5,0,0,0,2,1,6,1,29,6,124,1,2,4,1,4
2017010076626,1,9,0,4,0,1,0,0,1,0,1,1,2,2,41,7,1587,1,10,4,1,4
2017010076627,1,1,-1,-1,-1,-1,-1,-1,-1,-1,-1,1,2,2,27,6,-1,-1,-1,-1,-1,-1
2017010076627,2,9,0,-1,-1,-1,-1,-1,-1,-1,-1,-1,6,2,-1,-1,1998,1,8,-1,-1,-1
2017010076628,1,8,0,4,0,0,0,0,0,0,2,2,1,1,38,7,1798,8,5,1,1,1
2017010076628,2,9,0,4,0,0,0,0,0,0,2,2,6,2,55,8,1590,1,12,7,1,7
2017010076628,3,8,0,18,0,0,0,0,0,0,1,2,6,3,-1,-1,1956,2,6,5,1,5
2017010076631,1,1,0,-1,0,1,0,11,0,0,1,1,6,1,20,4,-1,-1,-1,-1,-1,-1
2017010076632,1,11,0,4,0,1,0,0,0,0,0,1,1,1,44,7,6700,2,6,-1,-1,-1
2017010076634,1,9,0,5,0,6,0,0,0,0,1,1,6,1,42,7,1796,1,15,6,1,6
2017010076636,1,3,0,3,0,1,0,10,0,0,2,1,6,1,21,5,124,1,8,2,1,2
2017010076636,2,9,0,18,0,1,0,0,0,0,1,1,6,3,-1,-1,-1,-1,-1,-1,-1,-1
2017010076637,1,8,0,5,0,0,0,0,0,0,4,1,1,1,47,8,1998,2,4,4,1,4
2017010076640,1,9,0,18,9,8,0,0,1,7,1,1,6,1,21,5,1229,1,12,3,1,3
2017010076641,1,9,0,18,0,8,0,0,0,0,1,1,1,1,61,9,1797,8,7,2,1,2
2017010076643,1,9,0,9,0,1,0,0,0,0,3,1,6,1,41,7,2979,1,14,4,1,4
2017010076643,2,9,0,18,0,8,0,0,0,0,1,1,6,2,24,5,2143,2,1,2,1,2
2017010076644,1,11,0,5,0,1,0,0,0,0,0,1,1,1,66,10,4500,2,6,5,1,5
2017010076647,1,8,0,18,0,8,0,0,0,0,1,1,1,1,48,8,-1,-1,-1,5,1,5
2017010076652,1,9,0,18,0,4,0,0,0,0,1,1,6,2,18,4,1248,2,6,8,1,8
2017010076652,2,9,0,18,0,3,0,0,0,0,4,1,6,2,51,8,-1,-1,-1,2,1,2
2017010076653,1,9,0,-1,-1,0,-1,-1,-1,-1,-1,-1,2,1,36,7,1595,1,10,6,1,6
2017010076653,2,9,0,-1,-1,0,-1,-1,-1,-1,-1,-1,6,1,-1,-1,-1,-1,-1,-1,-1,-1
2017010076655,1,3,0,18,0,0,1,10,0,0,1,1,6,1,39,7,125,1,3,2,1,2
2017010076655,2,19,0,2,9,0,0,0,0,0,2,1,6,3,-1,-1,1686,2,13,-1,-1,-1
2017010076656,1,9,0,18,0,0,5,10,1,2,1,1,2,1,49,8,1242,1,3,2,1,2
2017010076658,1,9,0,18,0,1,0,4,0,0,1,1,6,1,27,6,1995,2,12,3,1,3
2017010076658,2,20,0,3,0,1,0,0,0,0,2,1,6,1,37,7,-1,-1,-1,7,1,7
2017010076667,1,9,0,-1,-1,-1,-1,-1,-1,-1,-1,-1,6,2,32,6,998,1,6,9,1,9
2017010076667,2,9,0,-1,-1,-1,-1,-1,-1,-1,-1,-1,6,3,-1,-1,-1,-1,-1,-1,-1,-1
2017010076669,1,8,0,-1,-1,0,-1,-1,-1,-1,2,-1,6,1,57,9,-1,-1,-1,4,1,4
2017010076669,2,9,0,-1,-1,0,-1,-1,-1,-1,-1,-1,6,1,-1,-1,1364,1,8,-1,-1,-1
2017010076672,1,9,0,-1,-1,-1,-1,-1,-1,-1,1,-1,6,1,20,4,1390,1,12,5,1,5
2017010076672,2,9,0,-1,-1,-1,-1,-1,-1,-1,2,-1,6,2,-1,-1,2199,2,5,-1,-1,-1
2017010076672,3,9,0,-1,-1,-1,-1,-1,-1,-1,1,-1,6,1,-1,-1,-1,-1,-1,-1,-1,-1
2017010076678,1,9,0,5,0,0,1,4,0,0,2,1,6,1,46,8,1796,1,12,-1,-1,-1
2017010076678,2,9,0,3,0,0,0,0,0,0,1,1,6,1,23,5,1995,2,1,2,1,2
2017010076680,1,8,0,-1,-1,-1,-1,-1,-1,-1,-1,-1,6,1,44,7,1797,8,8,1,1,1
2017010076683,1,9,0,18,0,0,1,4,0,0,1,1,1,1,33,6,1590,1,13,8,1,8
2017010076683,2,19,0,2,0,0,0,0,0,0,3,1,6,3,-1,-1,-1,-1,-1,-1,-1,-1
2017010076683,3,9,0,2,0,0,0,0,0,0,2,1,6,3,-1,-1,1995,2,5,-1,-1,-1
2017010076684,1,9,0,4,0,8,0,0,0,0,2,1,2,1,20,4,1956,2,3,3,1,3
2017010076684,2,2,0,18,0,8,0,0,0,0,2,1,2,1,28,6,125,1,7,4,1,4
2017010076685,1,9,0,9,9,8,0,10,3,0,1,1,6,1,59,9,1198,1,13,7,1,7
2017010076686,1,8,0,18,2,1,0,0,1,1,1,1,1,1,34,6,2143,2,-1,4,1,4
2017010076686,2,9,0,9,0,7,0,0,0,0,1,1,6,1,60,9,1968,2,7,10,1,10
2017010076689,1,9,0,3,0,0,0,0,0,0,2,1,6,2,36,7,1685,2,-1,4,1,4
2017010076689,2,9,0,4,0,0,1,4,0,0,1,1,6,2,23,5,998,1,9,4,1,4
2017010076692,1,9,0,2,0,0,0,0,0,0,4,1,6,3,-1,-1,1988,1,13,-1,-1,-1
2017010076692,2,9,-1,18,0,0,-1,-1,-1,0,4,1,6,1,86,11,996,1,8,2,1,2
2017010076697,1,9,0,-1,-1,-1,-1,-1,-1,-1,2,-1,6,1,44,7,1997,2,7,2,1,2
2017010076697,2,9,0,-1,-1,-1,-1,-1,-1,-1,2,-1,6,3,-1,-1,1798,1,15,-1,-1,-1
2017010076699,1,11,0,4,2,1,0,0,0,0,0,1,1,1,25,5,4500,2,-1,3,1,3
2017010076700,1,8,0,18,0,1,0,0,1,2,4,1,6,1,37,7,1997,2,4,3,1,3
2017010076700,2,9,0,4,0,1,1,0,0,0,1,1,6,1,34,6,1598,1,12,2,1,2
2017010076701,1,9,0,-1,-1,-1,-1,-1,-1,-1,2,-1,6,1,50,8,1598,1,12,7,1,7
2017010076701,2,9,-1,-1,-1,-1,-1,-1,-1,-1,-1,-1,6,1,25,5,1598,1,11,9,1,9
2017010076702,1,9,0,16,0,0,0,0,0,0,1,1,2,1,36,7,1783,1,13,3,1,3
2017010076702,2,9,0,17,0,0,0,0,0,0,3,1,6,2,44,7,999,1,-1,5,1,5
2017010076707,1,9,0,-1,-1,-1,-1,-1,-1,-1,2,-1,6,2,48,8,1598,1,5,6,1,6
2017010076707,2,9,0,-1,-1,-1,-1,-1,-1,-1,1,-1,6,1,-1,-1,1753,2,8,-1,-1,-1
2017010076713,1,1,-1,-1,-1,-1,-1,-1,-1,-1,-1,1,6,1,27,6,-1,-1,-1,6,1,6
2017010076713,2,9,0,-1,-1,-1,-1,-1,-1,-1,1,-1,6,1,-1,-1,2179,2,4,-1,-1,-1
2017010076720,1,9,0,-1,-1,0,-1,-1,-1,-1,2,-1,6,2,70,10,1595,1,3,8,1,8
2017010076720,2,9,0,-1,-1,0,-1,-1,-1,-1,1,-1,6,1,53,8,3628,2,8,9,1,9
2017010076728,1,8,0,4,0,0,0,0,0,0,2,1,1,1,65,9,2987,2,2,2,1,2
2017010076728,2,9,0,4,0,0,0,0,0,0,2,1,2,1,39,7,1197,1,6,6,1,6
2017010076728,3,8,0,18,0,0,0,0,0,0,1,1,1,1,60,9,2143,2,1,4,1,4
2017010076729,1,9,0,5,0,0,-1,0,0,0,1,-1,6,3,-1,-1,-1,-1,-1,-1,-1,-1
2017010076732,1,9,0,-1,-1,-1,-1,-1,-1,-1,3,-1,6,2,19,4,998,1,9,3,1,3
2017010076732,2,9,0,-1,-1,-1,-1,-1,-1,-1,-1,-1,6,3,59,9,1753,2,7,3,1,3
2017010076740,1,19,0,18,0,0,0,0,0,0,0,1,2,1,34,6,1560,2,6,4,1,4
2017010076744,1,9,0,18,0,0,1,0,1,0,4,1,6,2,28,6,1956,2,5,7,1,7
2017010076744,2,9,0,18,0,0,0,0,0,0,0,1,6,1,63,9,1390,1,8,-1,-1,-1
2017010076750,1,8,0,18,0,1,0,0,0,0,1,1,6,1,63,9,1956,2,1,3,1,3
2017010076758,1,9,0,9,0,1,0,0,0,0,4,1,6,1,61,9,1968,2,11,7,1,7
2017010076758,2,9,0,18,0,1,0,0,0,0,1,1,6,2,26,6,1229,1,11,2,1,2
2017010076763,1,8,0,9,0,5,0,0,0,0,3,1,1,1,58,9,2402,2,12,3,1,3
2017010076763,2,3,0,18,0,1,2,0,0,0,1,1,1,1,28,6,124,1,5,3,1,3
2017010076765,1,9,0,-1,-1,0,-1,-1,-1,-1,2,-1,6,1,47,8,1999,1,7,3,1,3
2017010076765,2,9,0,-1,-1,0,-1,-1,-1,-1,1,-1,6,3,-1,-1,-1,-1,-1,-1,-1,-1
2017010076767,1,9,0,18,0,0,0,0,7,0,4,1,6,1,45,7,-1,-1,-1,4,1,4
2017010076767,2,9,0,16,0,0,0,0,7,10,1,1,6,1,24,5,998,1,-1,10,1,10
2017010076772,1,3,0,18,0,0,0,0,0,0,1,1,6,1,30,6,125,1,6,1,1,1
2017010076773,1,9,0,4,0,1,0,0,0,0,4,1,6,2,28,6,1240,1,11,3,1,3
2017010076773,2,8,0,18,0,1,0,0,4,10,1,1,2,1,56,9,1968,2,1,1,1,1
2017010076775,1,9,0,16,0,1,0,10,7,7,1,1,6,1,53,8,1796,1,9,4,1,4
2017010076778,1,8,0,-1,-1,-1,-1,-1,-1,-1,2,-1,6,1,43,7,1956,2,7,5,1,5
2017010076778,2,9,0,-1,-1,-1,-1,-1,-1,-1,1,-1,6,3,-1,-1,-1,-1,-1,-1,-1,-1
2017010076779,1,9,0,18,0,6,0,0,0,0,1,1,6,2,-1,-1,996,1,4,2,1,2
2017010076779,2,9,0,18,0,1,0,0,0,0,4,1,6,1,-1,-1,1968,2,1,3,1,3
2017010076789,1,9,0,14,0,1,5,7,0,0,1,1,6,1,24,5,2149,2,10,10,1,10
2017010076790,1,9,0,18,0,1,0,0,0,0,1,1,6,1,25,5,1364,1,12,3,1,3
2017010076790,2,9,0,18,0,5,0,0,0,0,1,1,6,1,30,6,1968,2,-1,2,1,2
2017010076792,1,9,-1,-1,-1,-1,-1,-1,-1,-1,-1,-1,6,1,27,6,1497,8,3,2,1,2
2017010076792,2,9,0,-1,-1,-1,-1,-1,-1,-1,1,-1,6,3,-1,-1,1198,1,11,-1,-1,-1
2017010076793,1,3,0,18,0,1,0,0,0,0,0,1,6,3,-1,-1,124,1,14,-1,-1,-1
2017010076799,1,9,0,2,6,0,0,0,0,0,3,1,6,3,-1,-1,1598,1,2,-1,-1,-1
2017010076799,2,9,0,18,0,0,0,0,1,0,1,1,6,1,-1,-1,2996,1,9,-1,-1,-1
2017010076799,3,9,0,2,6,0,0,0,0,0,2,1,6,3,-1,-1,1587,1,10,-1,-1,-1
2017010076799,4,19,0,2,6,0,0,0,0,0,2,1,6,3,-1,-1,1560,2,-1,-1,-1,-1
2017010076801,1,8,0,7,0,5,0,0,0,0,1,1,6,3,-1,-1,-1,-1,-1,-1,-1,-1
2017010076802,1,9,0,5,0,1,0,0,0,0,4,1,6,1,29,6,1995,2,7,4,1,4
2017010076802,2,9,0,18,0,1,0,0,0,0,1,1,6,3,-1,-1,-1,-1,-1,-1,-1,-1
2017010076804,1,9,0,18,0,4,1,7,0,0,4,1,1,1,23,5,1968,2,4,4,1,4
2017010076804,2,9,0,18,0,3,0,0,0,0,1,1,6,2,61,9,1339,1,13,7,1,7
2017010076811,1,4,0,7,0,1,2,0,0,0,0,1,2,1,51,8,125,1,4,2,1,2
2017010076811,2,10,0,4,0,1,0,0,0,0,0,1,1,1,32,6,-1,-1,-1,3,1,3
2017010076836,1,9,0,5,0,4,0,0,0,0,1,1,2,1,56,9,-1,-1,-1,7,1,7
2017010076836,2,1,0,5,0,3,0,0,0,0,4,1,1,1,45,7,-1,-1,-1,4,1,4
2017010076838,1,9,0,9,0,0,0,0,0,0,2,-1,6,1,63,9,1149,1,7,2,1,2
2017010076838,2,9,0,5,0,0,0,0,0,0,1,-1,6,2,47,8,1364,1,1,2,1,2
2017010076843,1,9,-1,18,-1,-1,-1,-1,-1,-1,-1,-1,6,1,38,7,-1,-1,-1,5,1,5
2017010076850,1,9,0,10,0,1,0,0,0,0,2,1,2,1,37,7,1910,2,11,3,1,3
2017010076850,2,3,0,18,0,1,0,0,0,0,1,1,2,2,21,5,125,1,3,5,1,5
2017010076851,1,9,0,18,0,2,0,0,0,0,1,1,2,1,24,5,1796,1,13,4,1,4
2017010076854,1,9,0,-1,-1,-1,-1,-1,-1,-1,1,-1,6,1,22,5,1386,1,11,3,1,3
2017010076857,1,9,0,18,0,0,1,0,1,4,1,1,6,1,30,6,2993,2,1,2,1,2
2017010076875,1,9,0,9,0,8,1,0,0,0,1,1,1,1,31,6,1461,2,3,4,1,4
2017010076879,1,9,-1,18,0,0,0,-1,-1,-1,-1,-1,6,1,28,6,1248,1,4,3,1,3
2017010076881,1,1,0,-1,0,8,0,0,0,0,1,1,6,3,-1,-1,-1,-1,-1,-1,-1,-1
2017010076882,1,9,0,-1,-1,0,-1,-1,-1,-1,-1,-1,6,1,32,6,1395,1,3,3,1,3
2017010076882,2,9,0,-1,-1,0,-1,-1,-1,-1,-1,-1,6,1,22,5,2148,2,11,3,1,3
2017010076883,1,3,0,18,0,2,0,0,0,0,1,1,6,1,23,5,124,1,1,1,1,1
2017010076893,1,3,-1,-1,-1,-1,-1,-1,-1,-1,-1,1,6,1,19,4,124,1,13,2,1,2
2017010076907,1,9,0,4,0,0,0,0,0,0,1,1,6,2,44,7,2993,2,9,3,1,3
2017010076907,2,19,0,3,0,0,0,0,0,0,2,1,1,2,41,7,1598,2,-1,5,2,5
2017010076907,3,9,0,3,0,0,0,0,0,0,2,2,6,1,36,7,1598,2,-1,1,1,1
2017010076916,1,9,0,1,0,2,0,0,0,0,2,1,6,1,37,7,2084,1,15,-1,-1,-1
2017010076916,2,9,0,3,0,1,0,0,0,0,1,2,6,1,30,6,1582,2,4,3,1,3
2017010076917,1,1,-1,-1,-1,-1,-1,-1,-1,0,1,1,2,1,26,6,-1,-1,-1,1,1,1
2017010076917,2,19,0,-1,-1,-1,-1,-1,-1,-1,-1,-1,6,1,26,6,2261,1,10,5,1,5
2017010076921,1,3,-1,-1,-1,-1,-1,-1,-1,-1,-1,1,6,1,32,6,125,1,-1,6,1,6
2017010076921,2,9,-1,-1,-1,-1,-1,-1,-1,-1,-1,-1,6,2,-1,-1,1390,1,16,-1,-1,-1
2017010076922,1,11,0,9,0,2,0,0,0,0,0,1,1,2,55,8,-1,-1,-1,8,1,8
2017010076922,2,9,0,4,0,1,0,0,0,0,0,1,6,3,-1,-1,-1,-1,-1,-1,-1,-1
2017010076925,1,9,0,-1,-1,-1,-1,-1,-1,-1,2,-1,6,2,35,6,1591,1,6,2,1,2
2017010076925,2,9,-1,18,0,1,-1,0,0,0,1,-1,6,1,-1,-1,1997,2,8,2,1,2
2017010076926,1,1,-1,-1,-1,0,-1,-1,-1,-1,1,1,2,1,36,7,-1,-1,-1,5,1,5
2017010076926,2,9,0,-1,-1,0,-1,-1,-1,-1,1,-1,6,1,-1,-1,1560,2,10,-1,-1,-1
2017010076934,1,19,0,-1,-1,-1,-1,-1,-1,-1,1,-1,6,1,43,7,1598,2,2,5,1,5
2017010076934,2,9,0,-1,-1,-1,-1,-1,-1,-1,-1,-1,6,3,-1,-1,-1,-1,-1,-1,-1,-1
2017010076935,1,9,-1,18,0,0,0,0,0,0,2,-1,3,2,36,7,1242,1,4,4,1,4
2017010076935,2,9,-1,18,0,0,0,0,0,0,1,-1,6,2,-1,-1,1399,2,5,-1,-1,-1
2017010076944,1,9,0,-1,0,-1,0,-1,0,0,2,-1,2,1,38,7,1995,2,13,7,1,7
2017010076944,2,9,0,-1,0,-1,0,-1,0,0,1,-1,6,2,-1,-1,1598,1,5,-1,-1,-1
2017010076956,1,9,-1,-1,-1,0,-1,-1,-1,-1,-1,-1,6,2,40,7,1598,1,8,6,1,6
2017010076956,2,3,-1,-1,-1,0,-1,-1,-1,-1,-1,1,6,1,-1,-1,125,1,5,-1,-1,-1
2017010076958,1,3,0,-1,-1,0,-1,-1,-1,-1,1,1,6,1,46,8,125,1,11,4,1,4
2017010076958,2,9,0,-1,-1,0,-1,-1,-1,-1,-1,-1,6,1,-1,-1,1995,1,10,-1,-1,-1
2017010076963,1,5,0,18,0,1,0,0,0,0,1,1,6,1,26,6,645,1,9,-1,-1,-1
2017010076963,2,9,0,5,0,6,0,0,0,0,3,1,6,2,-1,-1,1197,1,5,-1,-1,-1
2017010076977,1,9,0,-1,-1,-1,-1,-1,-1,-1,3,-1,6,1,35,6,1956,2,7,6,1,6
2017010076977,2,9,0,-1,-1,-1,-1,-1,-1,-1,3,-1,6,1,-1,-1,1390,1,10,-1,-1,-1
2017010076986,1,9,0,-1,-1,-1,-1,-1,-1,-1,1,-1,6,1,20,4,1397,1,13,6,1,6
2017010076986,2,9,0,-1,-1,-1,-1,-1,-1,-1,2,-1,6,1,-1,-1,1388,1,11,-1,-1,-1
2017010076986,3,9,0,-1,-1,-1,-1,-1,-1,-1,2,-1,6,1,-1,-1,1968,2,13,-1,-1,-1
2017010076992,1,9,0,-1,-1,-1,-1,-1,-1,-1,1,-1,6,1,40,7,1796,1,8,3,1,3
2017010076992,2,9,0,-1,-1,-1,-1,-1,-1,-1,2,-1,6,3,-1,-1,2792,1,16,-1,-1,-1
2017010076993,1,9,0,18,0,1,1,0,0,0,3,1,6,1,55,8,1998,1,16,5,1,5
2017010076994,1,9,0,18,0,8,0,0,0,0,1,1,6,2,34,6,1968,2,1,3,1,3
2017010076994,2,19,0,18,0,8,0,0,0,0,3,1,1,1,48,8,1560,2,1,4,1,4
2017010076997,1,8,0,9,0,8,0,0,0,0,1,1,1,1,48,8,2497,2,5,2,1,2
2017010077004,1,9,0,18,-1,-1,-1,-1,-1,-1,2,1,6,1,30,6,1995,2,4,5,1,5
2017010077004,2,9,0,18,0,-1,0,0,0,0,1,1,6,3,-1,-1,1796,2,3,-1,-1,-1
2017010077007,1,4,0,18,0,8,0,0,0,0,1,1,6,2,41,7,125,1,6,2,1,2
2017010077007,2,8,0,9,0,8,0,0,0,0,1,1,1,1,57,9,1956,2,1,4,1,4
2017010077008,1,9,0,-1,-1,-1,-1,-1,-1,-1,1,-1,6,1,25,5,1995,2,6,2,1,2
2017010077008,2,9,0,-1,-1,-1,-1,-1,-1,-1,2,-1,6,2,18,4,1229,1,10,4,1,4
2017010077008,3,9,0,-1,-1,-1,-1,-1,-1,-1,1,-1,6,3,-1,-1,1364,1,10,-1,-1,-1
2017010077009,1,9,0,10,0,6,0,0,0,0,1,1,6,1,26,6,1596,1,10,-1,-1,-1
2017010077010,1,9,0,9,0,0,0,0,0,0,2,1,6,1,30,6,1600,1,12,5,1,5
2017010077010,2,3,0,13,0,0,0,0,0,0,1,1,2,1,37,7,125,1,3,2,1,2
2017010077011,1,5,0,18,0,8,0,0,0,0,1,1,6,1,48,8,599,1,10,4,1,4
2017010077014,1,9,0,17,0,5,0,0,7,0,1,1,6,1,59,9,4196,1,29,9,1,9
2017010077016,1,9,-1,2,4,-1,0,0,0,0,0,1,6,3,-1,-1,-1,-1,-1,-1,-1,-1
2017010077016,2,1,0,18,0,1,0,0,0,0,1,1,6,1,47,8,-1,-1,-1,2,1,2
2017010077017,1,3,0,3,0,8,0,0,0,0,1,1,6,1,51,8,125,1,-1,2,1,2
2017010077017,2,9,0,1,0,2,0,0,0,0,2,1,2,2,64,9,2179,2,10,8,1,8
2017010077018,1,1,-1,-1,-1,-1,-1,-1,-1,-1,-1,1,2,2,38,7,-1,-1,-1,4,1,4
2017010077018,2,8,0,-1,-1,-1,-1,-1,-1,-1,1,-1,6,1,-1,-1,1797,8,5,5,1,5
2017010077024,1,9,0,9,0,0,0,0,0,0,1,1,6,1,60,9,-1,-1,-1,4,1,4
2017010077024,2,1,0,17,0,0,0,0,1,0,2,1,6,2,30,6,-1,-1,-1,4,1,4
2017010077025,1,9,0,10,0,1,0,0,0,0,4,1,6,2,42,7,3456,8,1,8,1,8
2017010077025,2,1,0,18,2,1,0,0,0,0,0,1,6,1,36,7,-1,-1,-1,2,1,2
2017010077029,1,8,0,-1,-1,-1,-1,-1,-1,-1,1,-1,6,1,-1,-1,1686,2,8,-1,-1,-1
2017010077030,1,9,0,18,0,6,0,0,0,0,1,1,6,3,-1,-1,1329,1,3,-1,-1,-1
2017010077030,2,1,0,18,0,1,5,0,0,0,1,1,6,1,31,6,-1,-1,-1,4,1,4
2017010077032,1,9,-1,-1,9,0,-1,-1,-1,-1,-1,-1,6,1,52,8,1497,8,9,3,1,3
2017010077036,1,9,-1,-1,-1,-1,-1,-1,-1,-1,-1,-1,6,3,-1,-1,-1,-1,-1,-1,-1,-1
2017010077037,1,11,0,9,0,3,0,0,0,0,0,1,1,1,52,8,4416,2,3,3,1,3
2017010077039,1,9,0,9,0,2,0,0,0,0,1,1,6,2,43,7,1796,1,18,7,1,7
2017010077041,1,3,0,13,0,8,0,0,0,0,0,1,6,1,18,4,125,1,6,1,1,1
2017010077041,2,9,0,18,0,8,0,0,0,0,0,1,6,1,47,8,4395,1,7,3,1,3
2017010077044,1,11,0,18,0,8,0,0,0,0,1,1,1,1,49,8,6700,2,10,1,1,1
2017010077044,2,9,0,18,0,8,0,0,0,0,3,1,6,1,68,10,1497,8,10,3,1,3
2017010077045,1,9,0,18,0,1,1,0,0,0,1,1,3,1,29,6,1242,1,1,5,1,5
2017010077048,1,9,0,5,0,8,5,10,8,10,1,1,6,1,21,5,1296,1,11,2,1,2
2017010077048,2,9,0,18,0,1,1,0,0,0,1,1,6,1,46,8,1596,1,17,3,1,3
2017010077051,1,9,0,3,0,4,0,0,0,0,1,1,3,1,36,7,2494,8,-1,7,1,7
2017010077051,2,3,0,5,0,4,0,0,0,0,4,1,2,1,25,5,125,1,6,8,1,8
2017010077052,1,8,0,3,0,1,0,0,0,0,4,1,1,1,50,8,1968,2,4,3,1,3
2017010077052,2,3,0,15,4,1,0,8,0,0,1,1,1,1,19,4,125,1,7,3,1,3
2017010077053,1,9,0,9,0,8,1,0,0,0,3,1,6,2,62,9,1240,1,12,3,1,3
2017010077053,2,9,0,18,0,8,0,0,0,0,1,1,6,1,21,5,1968,2,12,3,1,3
2017010077054,1,8,0,14,9,2,0,0,7,0,1,1,1,1,47,8,1968,2,4,5,1,5
2017010077055,1,8,-1,-1,-1,0,-1,-1,-1,-1,-1,-1,6,3,-1,-1,1798,8,2,-1,-1,-1
2017010077058,1,9,0,16,0,6,0,0,0,0,2,2,6,1,19,4,1229,1,2,2,1,2
2017010077058,2,9,0,16,0,6,0,0,0,0,1,1,6,1,23,5,1596,1,2,4,1,4
2017010077060,1,9,0,9,0,4,0,0,0,0,3,1,6,2,17,4,1229,1,9,7,1,7
2017010077060,2,9,0,18,0,4,0,0,0,0,1,1,6,1,41,7,1598,1,9,9,1,9
2017010077061,1,9,0,5,0,1,0,0,0,0,2,1,2,1,53,8,1948,1,13,2,1,2
2017010077061,2,9,0,5,0,1,0,0,0,0,1,1,6,2,29,6,599,1,15,4,1,4
2017010077065,1,9,0,5,0,1,0,0,0,0,1,1,6,2,48,8,2148,2,12,3,1,3
2017010077065,2,9,0,5,0,1,0,0,0,0,2,1,1,1,44,7,1329,1,5,4,1,4
2017010077067,1,9,0,18,0,1,0,0,0,0,1,1,6,3,-1,-1,-1,-1,-1,-1,-1,-1
2017010077070,1,3,0,18,0,2,5,0,1,0,1,1,2,1,43,7,125,1,2,3,1,3
2017010077070,2,9,0,9,0,6,0,0,0,0,2,1,6,1,32,6,1798,1,10,5,1,5
2017010077072,1,8,0,4,0,1,0,0,0,0,2,1,6,1,38,7,1797,8,3,3,1,3
2017010077072,2,10,0,18,0,1,0,0,0,0,1,1,2,1,27,6,2198,2,3,4,1,4
2017010077073,1,8,0,13,0,0,0,0,0,0,4,1,1,1,23,5,1800,8,5,3,1,3
2017010077073,2,8,0,6,0,0,0,0,0,0,3,1,1,1,32,6,-1,-1,-1,3,1,3
2017010077075,1,9,0,17,0,8,0,0,0,0,1,1,6,1,48,8,1390,1,9,2,1,2
2017010077078,1,9,0,18,0,8,0,0,0,0,1,1,6,2,39,7,1364,1,9,9,1,9
2017010077078,2,9,0,18,0,8,0,0,0,0,1,1,6,1,30,6,2993,2,3,3,1,3
2017010077079,1,9,0,18,0,8,1,4,0,0,1,1,6,1,36,7,-1,-1,-1,8,1,8
2017010077079,2,9,0,2,0,8,0,0,0,0,1,1,6,3,-1,-1,1596,1,6,-1,-1,-1
2017010077082,1,21,1,11,0,0,0,0,0,0,4,1,1,1,26,6,10800,2,3,1,1,1