Accident_Index,Vehicle_Reference,Vehicle_Type,Towing_and_Articulation,Vehicle_Manoeuvre,Vehicle_Location-Restricted_Lane,Junction_Location,Skidding_and_Overturning,Hit_Object_in_Carriageway,Vehicle_Leaving_Carriageway,Hit_Object_off_Carriageway,1st_Point_of_Impact,Was_Vehicle_Left_Hand_Drive?,Journey_Purpose_of_Driver,Sex_of_Driver,Age_of_Driver,Age_Band_of_Driver,Engine_Capacity_(CC),Propulsion_Code,Age_of_Vehicle,Driver_IMD_Decile,Driver_Home_Area_Type,Vehicle_IMD_Decile
2017010077677,1,5,0,18,0,8,0,0,0,0,1,1,1,1,30,6,599,1,11,4,1,4
2017010077677,2,9,0,5,0,8,0,0,0,0,1,1,6,1,23,5,998,1,1,7,1,7
2017010077679,1,9,0,5,0,1,0,0,0,0,3,1,6,1,82,11,1598,1,16,5,1,5
2017010077680,1,9,0,7,0,2,0,0,0,0,1,1,1,1,28,6,1499,2,1,3,1,3
2017010077680,2,11,0,18,0,1,0,0,0,0,1,1,1,1,64,9,7300,2,11,2,1,2
2017010077683,1,9,0,4,5,0,0,0,0,0,1,1,6,2,46,8,1499,8,-1,5,1,5
2017010077683,2,1,0,18,5,0,0,0,0,0,3,1,6,1,38,7,-1,-1,-1,3,1,3
2017010077687,1,9,-1,-1,-1,-1,-1,-1,-1,-1,-1,-1,6,1,45,7,1910,2,7,8,1,8
2017010077687,2,9,-1,-1,-1,-1,-1,-1,-1,-1,-1,-1,6,3,-1,-1,1988,1,17,-1,-1,-1
2017010077692,1,9,0,9,0,5,0,0,0,0,0,1,6,1,31,6,1968,2,-1,1,1,1
2017010077692,2,5,0,18,0,1,0,0,0,0,1,1,6,1,47,8,1170,1,5,6,3,6
2017010077694,1,3,0,18,0,1,0,0,0,0,1,1,6,3,-1,-1,-1,-1,-1,-1,-1,-1
2017010077695,1,3,0,18,0,1,0,0,0,0,1,1,6,3,-1,-1,198,1,13,-1,-1,-1
2017010077698,1,9,0,-1,-1,0,-1,-1,-1,-1,-1,-1,2,2,65,9,1968,2,2,5,1,5
2017010077698,2,1,-1,-1,-1,0,-1,-1,-1,-1,1,1,6,2,-1,-1,-1,-1,-1,-1,-1,-1
2017010077700,1,11,0,5,0,1,0,0,0,0,0,1,1,1,48,8,4500,2,8,3,1,3
2017010077701,1,1,-1,-1,-1,-1,-1,-1,-1,-1,-1,1,2,2,25,5,-1,-1,-1,3,1,3
2017010077701,2,9,0,-1,-1,-1,-1,-1,-1,-1,4,-1,6,1,51,8,1596,1,2,1,1,1
2017010077702,1,9,0,17,0,1,0,0,0,0,0,1,6,1,-1,-1,2993,2,2,4,1,4
2017010077702,2,9,0,18,0,4,0,0,0,0,0,1,1,1,27,6,-1,-1,-1,5,1,5
2017010077702,3,9,0,18,0,4,0,0,0,0,1,1,6,1,67,10,1498,1,1,7,3,7
2017010077702,4,9,0,18,0,4,1,0,0,0,1,1,6,1,46,8,1997,2,7,5,1,5
2017010077706,1,9,0,7,0,2,0,0,0,0,1,1,2,1,65,9,995,1,10,6,1,6
2017010077706,2,9,0,18,0,1,0,0,0,0,1,1,6,2,36,7,1400,1,17,2,1,2
2017010077706,3,9,0,2,9,1,0,0,0,0,3,1,6,3,-1,-1,1796,1,10,-1,-1,-1
2017010077707,1,9,0,18,0,0,0,0,0,0,1,1,6,2,48,8,998,1,-1,8,1,8
2017010077708,1,1,-1,-1,-1,-1,-1,-1,-1,-1,2,1,2,1,35,6,-1,-1,-1,1,1,1
2017010077709,1,9,0,-1,-1,-1,-1,-1,-1,-1,2,-1,2,1,27,6,1332,1,19,10,1,10
2017010077709,2,9,0,-1,-1,-1,-1,-1,-1,-1,1,-1,6,3,-1,-1,-1,-1,-1,-1,-1,-1
2017010077710,1,5,0,18,0,8,5,0,0,0,1,1,2,1,36,7,649,1,2,7,1,7
2017010077711,1,5,0,-1,-1,-1,-1,-1,-1,-1,-1,1,2,1,38,7,919,1,13,5,1,5
2017010077711,2,9,0,-1,-1,-1,-1,-1,-1,-1,-1,-1,6,1,-1,-1,2993,2,12,-1,-1,-1
2017010077712,1,9,0,-1,-1,-1,-1,-1,-1,-1,-1,-1,6,1,-1,-1,1124,1,8,-1,-1,-1
2017010077713,1,9,0,18,0,8,0,0,0,0,1,1,6,2,52,8,1397,1,9,2,1,2
2017010077714,1,9,0,14,0,1,0,0,0,0,1,1,6,2,33,6,1910,2,10,2,1,2
2017010077718,1,19,0,5,0,4,0,0,0,0,1,1,1,1,51,8,2287,2,1,6,1,6
2017010077718,2,2,0,8,0,4,0,0,0,0,2,1,2,1,44,7,49,1,19,6,1,6
2017010077719,1,19,0,13,0,2,0,0,0,0,4,1,6,3,-1,-1,-1,-1,-1,-1,-1,-1
2017010077719,2,1,0,18,0,2,0,0,0,0,3,1,2,1,30,6,-1,-1,-1,4,1,4
2017010077724,1,9,0,-1,-1,-1,-1,-1,-1,-1,-1,-1,6,1,-1,-1,-1,-1,-1,-1,-1,-1
2017010077725,1,9,0,7,0,1,0,0,0,0,1,1,6,1,18,4,-1,-1,-1,-1,-1,-1
2017010077729,1,8,0,9,0,1,0,0,0,0,3,1,1,1,44,7,1798,8,1,3,1,3
2017010077729,2,3,0,14,0,8,0,0,0,0,1,1,1,1,20,4,125,1,1,1,1,1
2017010077733,1,8,0,-1,-1,0,-1,-1,-1,-1,2,-1,6,1,25,5,1798,8,-1,2,1,2
2017010077734,1,4,0,13,0,8,0,0,0,0,1,1,6,1,34,6,296,1,4,2,1,2
2017010077734,2,9,0,9,0,5,0,0,0,0,3,1,6,1,41,7,1560,2,6,10,2,10
2017010077736,1,9,0,-1,-1,0,-1,-1,-1,-1,1,-1,6,1,-1,-1,1368,1,1,-1,-1,-1
2017010077737,1,9,0,18,0,6,0,0,3,0,1,1,6,1,32,6,1995,2,10,7,1,7
2017010077737,2,9,0,18,0,6,0,0,0,0,4,1,6,1,55,8,1598,1,8,1,1,1
2017010077742,1,11,0,18,0,8,0,0,0,0,1,1,1,1,69,10,4760,2,4,3,1,3
2017010077744,1,9,0,18,0,0,0,4,7,10,1,1,6,1,27,6,2143,2,1,-1,-1,-1
2017010077744,2,9,0,2,0,0,0,0,7,1,2,1,6,3,-1,-1,1242,1,13,-1,-1,-1
2017010077746,1,9,0,18,0,1,0,0,0,0,2,1,6,1,37,7,898,1,2,7,1,7
2017010077746,2,9,0,18,0,1,0,0,0,0,1,1,6,2,24,5,-1,-1,-1,9,1,9
2017010077749,1,8,0,-1,-1,-1,-1,-1,-1,-1,-1,-1,6,1,54,8,1798,8,-1,2,1,2
2017010077749,2,9,0,-1,-1,-1,-1,-1,-1,-1,-1,-1,6,1,-1,-1,-1,-1,-1,-1,-1,-1
2017010077750,1,3,0,4,2,0,1,0,0,0,4,1,6,2,31,6,125,1,5,4,1,4
2017010077750,2,9,0,3,0,0,0,0,0,0,3,1,6,2,47,8,2143,2,5,2,1,2
2017010077754,1,9,0,9,0,8,0,0,0,0,1,1,6,1,35,6,1598,1,4,4,1,4
2017010077754,2,3,0,14,0,1,0,0,0,0,4,1,2,1,47,8,125,1,5,3,1,3
2017010077758,1,9,0,9,0,8,0,0,0,0,3,1,6,2,27,6,1398,1,11,3,1,3
2017010077758,2,9,0,9,0,8,0,0,0,0,1,1,6,1,-1,-1,1598,1,16,4,1,4
2017010077761,1,9,0,18,0,8,-1,0,0,0,3,-1,6,1,33,6,1390,1,7,5,1,5
2017010077761,2,9,0,11,0,8,-1,0,0,0,4,-1,6,3,-1,-1,-1,-1,-1,-1,-1,-1
2017010077762,1,21,0,9,0,1,0,0,0,0,3,1,1,1,49,8,2999,2,-1,4,1,4
2017010077762,2,8,0,9,0,8,0,0,0,0,3,1,1,1,52,8,1956,2,5,2,1,2
2017010077762,3,21,0,9,0,1,0,0,0,0,3,1,1,1,25,5,6370,2,6,5,2,5
2017010077762,4,9,0,9,0,8,0,0,0,0,1,1,6,1,34,6,1598,2,-1,5,1,5
2017010077768,1,9,0,3,0,0,0,0,0,0,2,-1,6,2,34,6,1395,1,-1,2,1,2
2017010077768,2,9,0,18,0,0,0,0,0,0,1,-1,6,1,-1,-1,1242,1,3,-1,-1,-1
2017010077774,1,9,0,3,0,6,0,0,0,0,2,-1,6,1,49,8,1790,1,9,5,1,5
2017010077774,2,9,0,18,0,5,0,-1,0,0,1,-1,6,1,32,6,1560,2,3,2,1,2
2017010077775,1,9,-1,9,0,5,0,0,0,0,3,-1,2,1,29,6,1998,2,9,2,1,2
2017010077775,2,9,-1,9,0,6,0,0,0,0,1,-1,6,3,-1,-1,1598,1,11,-1,-1,-1
2017010077787,1,9,0,5,0,0,0,0,0,0,1,1,2,2,52,8,1997,1,6,2,1,2
2017010077795,1,9,0,18,0,1,0,0,0,0,2,1,1,1,52,8,999,1,-1,9,1,9
2017010077795,2,9,0,18,0,1,0,0,0,0,2,1,2,1,28,6,1956,2,7,9,1,9
2017010077795,3,9,0,18,0,1,0,0,0,0,2,1,2,2,24,5,1242,1,-1,6,1,6
2017010077795,4,19,0,18,0,1,1,0,0,0,1,1,1,1,36,7,2500,2,11,9,1,9
2017010077800,1,9,0,7,0,2,0,0,0,0,3,1,3,2,29,6,1995,2,1,3,1,3
2017010077800,2,1,0,18,0,1,0,0,0,0,1,1,6,2,44,7,-1,-1,-1,6,1,6
2017010077811,1,9,0,3,0,0,0,0,0,0,2,1,3,1,61,9,1596,1,14,2,1,2
2017010077811,2,9,0,3,0,0,0,0,0,0,2,1,2,1,30,6,-1,-1,-1,-1,-1,-1
2017010077811,3,9,0,4,0,0,0,0,0,0,1,1,2,1,42,7,1560,2,7,1,1,1
2017010077814,1,9,0,-1,0,-1,0,-1,-1,0,-1,-1,6,3,-1,-1,-1,-1,-1,-1,-1,-1
2017010077819,1,1,0,-1,0,8,0,0,0,0,1,1,2,2,28,6,-1,-1,-1,6,1,6
2017010077819,2,9,0,9,0,8,0,0,0,0,1,1,6,2,65,9,-1,-1,-1,5,1,5
2017010077822,1,9,0,18,0,8,0,0,0,0,-1,-1,2,1,56,9,2993,2,7,3,1,3
2017010077822,2,9,0,7,0,8,0,0,0,0,-1,-1,6,3,-1,-1,1968,2,4,-1,-1,-1
2017010077823,1,8,0,18,0,0,0,0,0,0,1,1,1,1,39,7,2143,2,6,5,1,5
2017010077826,1,9,0,-1,-1,0,-1,-1,-1,-1,0,-1,6,2,29,6,2967,2,1,10,1,10
2017010077826,2,1,-1,-1,-1,0,-1,-1,-1,-1,-1,1,6,1,-1,-1,-1,-1,-1,-1,-1,-1
2017010077827,1,3,0,-1,-1,0,-1,-1,-1,-1,-1,1,2,1,28,6,-1,-1,-1,3,1,3
2017010077827,2,19,0,-1,-1,0,-1,-1,-1,-1,-1,-1,6,1,-1,-1,-1,-1,-1,-1,-1,-1
2017010077828,1,9,0,18,9,8,0,0,7,4,1,1,2,2,49,8,1390,1,21,6,2,6
2017010077829,1,9,-1,3,-1,-1,-1,-1,-1,-1,-1,-1,6,2,36,7,1248,1,7,5,1,5
2017010077829,2,9,-1,18,-1,-1,-1,-1,-1,-1,-1,-1,6,2,-1,-1,898,1,1,5,1,5
2017010077830,1,9,0,4,0,-1,0,0,0,0,2,-1,1,1,-1,-1,1339,8,5,6,1,6
2017010077830,2,9,-1,18,0,-1,0,0,0,0,1,-1,6,3,-1,-1,1595,1,-1,-1,-1,-1
2017010077837,1,1,-1,16,-1,0,-1,-1,-1,-1,-1,1,6,1,28,6,-1,-1,-1,2,1,2
2017010077837,2,9,-1,-1,-1,0,-1,-1,-1,-1,-1,-1,6,1,-1,-1,1598,2,8,-1,-1,-1
2017010077838,1,9,0,3,0,0,0,0,0,0,2,1,2,2,21,5,999,1,5,3,1,3
2017010077838,2,21,1,4,0,0,0,0,0,0,1,1,1,1,44,7,15607,2,7,7,1,7
2017010077839,1,9,0,18,0,1,0,0,0,0,2,-1,6,1,35,6,1590,1,12,2,1,2
2017010077839,2,9,0,18,0,1,0,0,0,0,1,-1,6,1,-1,-1,1995,2,10,3,1,3
2017010077844,1,9,0,18,0,0,0,0,0,0,1,1,3,1,52,8,1339,8,9,7,1,7
2017010077848,1,9,-1,-1,-1,-1,-1,-1,-1,-1,-1,-1,6,3,-1,-1,-1,-1,-1,-1,-1,-1
2017010077854,1,19,0,18,0,0,0,0,0,0,3,1,1,1,36,7,1998,2,12,7,1,7
2017010077856,1,9,0,-1,-1,-1,-1,-1,-1,-1,3,-1,6,1,33,6,1794,1,12,5,1,5
2017010077856,2,9,0,-1,-1,-1,-1,-1,-1,-1,1,-1,6,2,-1,-1,-1,-1,-1,-1,-1,-1
2017010077858,1,3,0,5,0,6,0,0,0,0,3,1,1,1,30,6,125,1,1,5,1,5
2017010077858,2,9,0,3,0,2,0,0,0,0,3,1,6,1,41,7,1997,2,5,7,1,7
2017010077858,3,11,0,18,0,1,0,0,0,0,3,1,1,1,46,8,-1,-1,-1,-1,-1,-1
2017010077864,1,90,0,15,0,8,0,0,0,0,4,1,6,1,71,10,-1,-1,-1,-1,-1,-1
2017010077864,2,1,0,18,0,8,0,0,0,0,3,1,2,2,26,6,-1,-1,-1,7,1,7
2017010077867,1,9,0,7,0,1,0,-1,-1,0,-1,-1,6,2,33,6,1968,2,5,-1,-1,-1
2017010077867,2,8,0,-1,0,1,0,0,0,0,0,1,6,1,-1,-1,2402,2,12,-1,-1,-1
2017010077869,1,9,0,9,0,1,0,0,0,0,1,1,6,1,32,6,1781,1,17,2,1,2
2017010077869,2,11,0,18,0,1,0,0,0,0,1,1,6,1,51,8,9000,2,9,2,1,2
2017010077869,3,9,0,18,0,1,0,0,0,0,0,1,1,1,43,7,1997,2,3,2,1,2
2017010077870,1,9,0,-1,-1,-1,-1,-1,-1,-1,2,-1,2,1,31,6,1595,1,9,8,3,8
2017010077870,2,9,0,-1,-1,-1,-1,-1,-1,-1,1,-1,6,1,-1,-1,1398,1,-1,-1,-1,-1
2017010077873,1,9,0,18,0,0,0,0,0,0,2,1,6,2,31,6,1598,1,4,10,1,10
2017010077873,2,9,0,18,0,0,0,0,0,0,1,1,6,2,-1,-1,-1,-1,-1,8,1,8
2017010077873,3,9,0,18,0,0,0,0,0,0,2,1,6,1,-1,-1,1248,1,3,-1,-1,-1
2017010077875,1,1,-1,-1,-1,-1,-1,-1,-1,-1,-1,1,2,1,22,5,-1,-1,-1,5,1,5
2017010077875,2,9,0,-1,-1,-1,-1,-1,-1,-1,1,-1,6,1,-1,-1,-1,-1,-1,-1,-1,-1
2017010077878,1,9,0,5,0,1,0,0,0,0,0,1,6,2,42,7,2996,8,-1,7,1,7
2017010077878,2,9,0,3,0,1,0,0,0,0,0,1,2,1,22,5,-1,-1,-1,6,1,6
2017010077882,1,9,0,18,0,1,0,0,0,0,4,1,6,2,68,10,999,1,4,5,1,5
2017010077891,1,9,0,-1,-1,-1,0,-1,-1,-1,-1,-1,6,3,-1,-1,3189,1,11,-1,-1,-1
2017010077892,1,9,0,-1,-1,0,-1,-1,-1,-1,1,-1,6,2,40,7,2926,2,14,3,1,3
2017010077892,2,9,0,-1,-1,0,-1,-1,-1,-1,2,-1,6,1,-1,-1,-1,-1,-1,-1,-1,-1
2017010077895,1,9,0,8,-1,1,0,-1,-1,-1,4,-1,6,2,57,9,-1,-1,-1,9,2,9
2017010077895,2,1,-1,18,9,-1,-1,-1,-1,-1,-1,1,6,1,-1,-1,-1,-1,-1,3,1,3
2017010077896,1,11,0,5,0,0,0,0,0,0,0,1,1,1,58,9,5132,2,-1,3,1,3
2017010077900,1,5,0,18,0,1,1,10,7,1,1,1,2,1,45,7,1130,1,17,5,1,5
2017010077900,2,9,0,18,0,1,0,10,0,0,4,1,1,1,58,9,1968,2,5,3,1,3
2017010077903,1,21,1,7,0,8,0,0,0,0,1,1,1,1,55,8,12777,2,-1,9,3,9
2017010077903,2,9,0,9,0,8,0,0,0,0,3,1,6,2,24,5,998,1,5,2,1,2
2017010077907,1,11,0,7,2,2,0,0,0,0,4,1,1,1,47,8,4500,2,5,7,1,7
2017010077917,1,11,0,18,2,6,0,0,0,0,0,1,1,1,32,6,4500,2,1,4,1,4
2017010077927,1,9,0,18,0,8,0,0,0,0,3,1,6,1,25,5,1339,8,5,2,1,2
2017010077927,2,9,0,13,0,8,0,0,0,0,4,1,6,3,-1,-1,-1,-1,-1,-1,-1,-1
2017010077944,1,4,0,3,0,6,0,-1,-1,-1,-1,1,6,1,40,7,-1,-1,-1,5,1,5
2017010077945,1,9,0,5,0,2,0,0,0,0,0,2,6,1,66,10,1229,1,12,6,1,6
2017010077947,1,9,0,3,0,2,0,0,0,0,2,1,6,1,40,7,1300,1,23,2,1,2
2017010077947,2,9,0,18,0,2,0,0,0,0,1,1,6,1,-1,-1,1598,1,5,2,1,2
2017010077952,1,1,-1,-1,-1,-1,-1,-1,-1,-1,2,1,2,1,48,8,-1,-1,-1,3,1,3
2017010077952,2,90,0,-1,-1,-1,-1,-1,-1,-1,2,-1,6,3,-1,-1,-1,-1,-1,3,1,3
2017010077956,1,1,0,13,0,0,0,0,0,0,4,1,2,1,43,7,-1,-1,-1,5,1,5
2017010077956,2,9,0,6,0,0,0,0,0,0,1,1,6,1,-1,-1,1598,1,12,-1,-1,-1
2017010077958,1,21,1,18,0,4,0,0,0,0,3,1,6,1,38,7,10837,2,4,4,1,4
2017010077958,2,9,0,18,0,4,0,0,0,0,4,1,6,2,21,5,1499,1,2,3,1,3
2017010077959,1,3,0,9,0,8,2,0,0,0,3,1,6,1,74,10,125,1,8,2,1,2
2017010077961,1,9,0,4,0,1,0,0,0,0,4,1,6,1,19,4,1149,1,7,2,1,2
2017010077963,1,19,0,7,0,2,0,12,0,0,1,2,2,1,36,7,2198,2,2,4,2,4
2017010077965,1,9,0,16,0,2,0,0,0,0,1,1,6,1,22,5,2000,2,8,1,1,1
2017010077965,2,9,0,16,0,2,0,0,0,0,2,1,6,1,70,10,1388,1,6,1,1,1
2017010077967,1,9,0,4,0,0,0,0,0,0,2,1,6,2,54,8,3200,2,6,7,1,7
2017010077967,2,9,0,4,0,0,0,0,0,0,2,1,6,2,23,5,1900,2,10,6,1,6
2017010077967,3,9,0,4,0,0,0,0,0,0,2,1,6,1,27,6,2993,2,12,4,1,4
2017010077969,1,9,0,7,0,6,0,0,0,0,1,2,1,1,76,11,1799,1,20,8,1,8
2017010077969,2,90,0,4,0,6,0,0,0,0,2,1,6,2,53,8,-1,-1,-1,6,3,6
2017010077970,1,8,0,-1,-1,-1,-1,-1,-1,-1,2,-1,6,3,-1,-1,2499,2,2,-1,-1,-1
2017010077972,1,9,0,9,0,1,0,0,0,0,3,1,2,1,33,6,-1,-1,-1,6,1,6
2017010077972,2,9,0,10,0,1,0,0,0,0,2,1,6,1,27,6,1986,2,9,-1,-1,-1
2017010077973,1,90,0,-1,-1,-1,-1,-1,-1,-1,1,-1,6,1,45,7,-1,-1,-1,2,1,2
2017010077973,2,90,0,-1,-1,-1,-1,-1,-1,-1,2,-1,6,1,-1,-1,-1,-1,-1,-1,-1,-1
2017010077973,3,90,0,-1,-1,-1,-1,-1,-1,-1,2,-1,6,1,-1,-1,-1,-1,-1,-1,-1,-1
2017010077974,1,1,-1,-1,-1,-1,-1,-1,-1,-1,-1,1,2,1,31,6,-1,-1,-1,4,1,4
2017010077974,2,9,0,-1,-1,-1,-1,-1,-1,-1,1,-1,6,1,-1,-1,-1,-1,-1,8,2,8
2017010077975,1,1,0,18,0,1,0,0,0,0,1,1,6,1,17,4,-1,-1,-1,-1,-1,-1
2017010077981,1,9,0,18,0,8,0,0,0,0,3,1,6,1,78,11,1275,1,19,9,1,9
2017010077982,1,1,0,18,0,8,0,0,0,0,1,1,6,2,33,6,-1,-1,-1,2,1,2
2017010077982,2,9,0,-1,0,8,0,0,0,0,1,-1,6,1,50,8,1985,1,14,5,1,5
2017010077984,1,9,0,18,0,1,0,0,0,0,4,1,2,1,44,7,1598,1,14,4,1,4
2017010077986,1,3,0,18,0,8,0,0,0,0,1,1,1,1,19,4,125,1,-1,8,1,8
2017010077986,2,8,0,9,0,8,0,0,0,0,3,1,1,1,40,7,1995,2,3,3,1,3
2017010077988,1,9,0,3,7,0,0,0,0,0,1,1,1,1,50,8,2400,2,4,10,2,10
2017010077998,1,2,0,18,0,1,0,0,0,0,1,1,1,1,42,7,125,1,-1,8,1,8
2017010078001,1,9,0,18,0,2,0,0,0,0,1,1,1,2,39,7,1781,1,14,6,1,6
2017010078002,1,9,0,9,0,5,0,0,0,0,1,1,6,1,67,10,1984,2,4,8,1,8
2017010078002,2,3,0,18,0,1,0,0,0,0,4,1,6,1,34,6,125,1,-1,5,3,5
2017010078004,1,9,-1,18,0,0,0,0,0,0,1,1,6,1,40,7,2400,2,7,8,1,8
2017010078006,1,3,0,13,0,1,0,0,0,0,1,1,1,1,23,5,125,1,-1,3,1,3
2017010078006,2,9,0,9,0,8,0,0,0,0,2,1,6,2,47,8,2402,2,7,9,1,9
2017010078008,1,9,0,18,0,6,0,0,0,0,1,2,6,1,47,8,1997,1,13,3,1,3
2017010078010,1,9,0,9,0,2,0,0,0,0,3,1,6,1,32,6,1995,1,10,5,1,5
2017010078011,1,3,0,-1,-1,-1,-1,-1,-1,-1,-1,1,2,1,65,9,125,1,1,3,1,3
2017010078011,2,9,0,-1,-1,-1,-1,-1,-1,-1,-1,-1,6,2,24,5,1198,1,2,6,1,6
2017010078014,1,9,0,18,0,0,0,0,0,0,1,1,6,1,22,5,-1,-1,-1,2,1,2
2017010078015,1,21,0,18,0,0,0,0,0,0,4,1,1,1,32,6,6692,2,9,7,1,7
2017010078015,2,9,0,5,0,0,0,0,0,0,3,1,3,2,38,7,1240,1,7,4,1,4
2017010078016,1,9,0,9,0,1,0,0,0,0,1,1,6,1,30,6,1910,2,7,3,1,3
2017010078016,2,9,0,18,0,1,0,0,0,0,1,1,6,1,27,6,1248,2,7,7,1,7
2017010078018,1,9,0,18,0,2,0,0,0,0,1,1,2,1,40,7,1997,2,7,2,1,2
2017010078020,1,9,0,-1,-1,-1,-1,-1,-1,-1,2,-1,6,2,51,8,1598,1,5,3,1,3
2017010078022,1,8,0,4,0,0,0,0,0,0,4,1,1,1,34,6,1797,8,4,3,1,3
2017010078022,2,3,0,18,0,0,0,0,0,0,3,1,1,1,27,6,125,1,-1,4,1,4
2017010078024,1,1,0,18,0,1,0,4,0,0,1,1,6,1,36,7,-1,-1,-1,4,1,4
2017010078024,2,9,0,3,0,1,0,0,0,0,2,1,2,1,47,8,1395,1,2,8,1,8
2017010078028,1,9,0,18,0,1,0,0,0,0,1,1,6,1,23,5,2000,2,11,2,1,2
2017010078028,2,9,0,9,0,1,0,0,0,0,1,1,6,1,20,4,1398,1,1,5,1,5
2017010078029,1,9,0,16,0,8,0,0,0,0,2,1,2,1,32,6,2143,2,3,4,1,4
2017010078029,2,9,0,3,0,8,0,0,0,0,2,1,1,1,31,6,1995,2,2,4,1,4
2017010078032,1,9,0,18,0,4,0,0,0,0,4,1,6,1,35,6,2148,2,14,1,1,1
2017010078032,2,9,0,18,0,1,0,0,0,0,1,1,6,1,43,7,2987,2,2,3,1,3
2017010078035,1,9,0,18,0,2,0,0,0,0,3,2,6,1,52,8,1596,1,11,1,1,1
2017010078035,2,1,0,18,0,1,0,0,0,0,3,1,6,1,46,8,-1,-1,-1,4,1,4
2017010078036,1,9,0,9,0,1,0,0,0,0,1,1,6,1,20,4,1995,2,12,10,1,10
2017010078036,2,3,0,18,0,1,0,0,0,0,1,1,6,1,29,6,-1,-1,-1,5,1,5
2017010078037,1,4,0,11,0,1,0,0,0,0,0,1,2,1,52,8,279,1,-1,3,1,3
2017010078037,2,3,0,15,0,1,0,0,0,0,0,1,2,1,31,6,125,1,4,7,1,7
2017010078041,1,9,0,18,0,2,0,0,0,0,1,1,6,1,-1,-1,1968,2,1,2,1,2
2017010078041,2,9,0,3,0,2,0,0,0,0,2,1,6,2,40,7,1341,1,14,1,1,1
2017010078041,3,9,0,18,0,2,0,0,0,0,2,1,6,1,29,6,2198,2,1,1,1,1
2017010078043,1,9,0,17,0,0,0,0,0,0,1,1,2,1,44,7,2993,2,10,2,1,2
2017010078043,2,9,0,16,0,0,0,0,0,0,1,1,2,1,43,7,1796,1,8,3,1,3
2017010078044,1,9,0,18,0,2,0,0,0,0,1,1,6,3,-1,-1,-1,-1,-1,-1,-1,-1
2017010078045,1,4,0,18,0,8,0,0,0,0,1,1,6,1,31,6,279,1,-1,5,1,5
2017010078045,2,9,0,9,0,8,0,0,0,0,1,1,6,1,16,4,1582,2,6,-1,-1,-1
2017010078046,1,4,0,18,0,1,0,0,0,0,1,1,6,1,22,5,125,1,11,7,1,7
2017010078046,2,9,0,7,0,2,0,0,0,0,1,1,6,2,19,4,1299,1,15,-1,-1,-1
2017010078048,1,3,0,18,0,0,5,0,0,0,1,1,6,1,30,6,124,1,8,2,1,2
2017010078049,1,9,0,18,0,3,1,0,7,0,4,1,6,2,29,6,1598,1,8,7,1,7
2017010078049,2,9,0,18,0,4,1,0,0,0,1,1,6,3,-1,-1,1248,2,10,-1,-1,-1
2017010078050,1,9,0,18,0,1,0,0,0,0,1,1,6,1,35,6,1753,2,17,3,1,3
2017010078050,2,9,0,3,0,1,0,0,0,0,2,1,6,1,39,7,1997,2,2,-1,-1,-1
2017010078050,3,9,0,3,0,1,0,0,0,0,2,1,6,1,30,6,1896,2,10,6,1,6
2017010078053,1,9,0,18,0,2,0,4,1,10,1,1,6,1,22,5,1596,1,11,7,1,7
2017010078053,2,9,0,2,0,2,0,0,1,4,1,1,6,3,-1,-1,1498,1,9,-1,-1,-1
2017010078053,3,9,0,2,0,2,0,0,0,0,1,1,6,3,-1,-1,998,1,-1,-1,-1,-1
2017010078053,4,19,0,2,0,2,0,0,0,0,1,1,6,3,-1,-1,1248,2,10,-1,-1,-1
2017010078053,5,19,0,2,0,2,0,0,0,0,1,1,6,3,-1,-1,2402,2,10,-1,-1,-1
2017010078054,1,9,0,18,0,2,0,0,0,0,1,1,6,1,35,6,1896,2,11,4,1,4
2017010078054,2,9,0,18,0,2,0,0,0,0,1,1,6,1,35,6,1968,2,1,6,2,6
2017010078055,1,8,0,17,0,8,0,0,0,0,4,1,1,1,36,7,2184,2,7,4,1,4
2017010078056,1,9,0,18,0,3,0,0,0,0,1,1,6,2,62,9,999,1,2,7,1,7
2017010078056,2,1,0,18,0,1,0,0,0,0,4,1,6,1,9,2,-1,-1,-1,5,1,5
2017010078057,1,9,0,5,0,8,0,0,0,0,2,1,1,1,47,8,2143,2,2,5,1,5
2017010078057,2,9,0,5,0,8,0,0,0,0,1,1,1,1,28,6,1390,1,6,4,1,4
2017010078058,1,8,0,3,0,1,0,0,0,0,2,1,1,1,63,9,1598,1,5,1,1,1
2017010078058,2,9,0,7,0,2,0,0,0,0,1,1,6,1,31,6,1975,1,12,5,1,5
2017010078059,1,9,-1,18,0,-1,0,0,-1,0,1,-1,6,3,-1,-1,-1,-1,-1,-1,-1,-1
2017010078060,1,9,0,16,0,1,1,0,3,10,1,1,6,2,37,7,1229,1,10,7,1,7
2017010078063,1,9,0,9,0,2,1,10,1,10,1,2,6,1,21,5,2143,2,1,2,1,2
2017010078066,1,3,-1,18,-1,0,0,-1,-1,0,0,1,6,1,32,6,125,1,12,1,1,1
2017010078068,1,9,0,-1,-1,0,0,-1,-1,-1,-1,-1,6,1,59,9,1997,2,3,3,1,3
2017010078075,1,5,0,18,0,1,0,10,1,0,1,1,2,1,27,6,1000,1,16,8,1,8
2017010078098,1,9,0,3,0,-1,0,-1,0,0,2,-1,6,1,66,10,1086,1,10,5,1,5
2017010078098,2,9,-1,18,0,-1,0,-1,0,0,1,-1,6,3,-1,-1,-1,-1,-1,-1,-1,-1
2017010078100,1,9,0,5,0,8,0,10,3,0,4,1,6,1,31,6,1968,2,6,3,1,3
2017010078100,2,8,0,5,0,8,0,0,0,0,4,1,1,1,38,7,1968,2,9,3,1,3
2017010078100,3,9,0,18,0,8,0,0,0,0,1,1,6,1,29,6,2204,2,9,2,1,2