Accident_Index,Vehicle_Reference,Vehicle_Type,Towing_and_Articulation,Vehicle_Manoeuvre,Vehicle_Location-Restricted_Lane,Junction_Location,Skidding_and_Overturning,Hit_Object_in_Carriageway,Vehicle_Leaving_Carriageway,Hit_Object_off_Carriageway,1st_Point_of_Impact,Was_Vehicle_Left_Hand_Drive?,Journey_Purpose_of_Driver,Sex_of_Driver,Age_of_Driver,Age_Band_of_Driver,Engine_Capacity_(CC),Propulsion_Code,Age_of_Vehicle,Driver_IMD_Decile,Driver_Home_Area_Type,Vehicle_IMD_Decile
2017010078101,1,9,0,18,0,8,0,0,0,0,1,1,2,1,42,7,1386,1,11,3,1,3
2017010078104,1,11,0,3,2,0,0,0,0,0,4,1,1,1,28,6,4500,2,1,5,1,5
2017010078107,1,9,0,-1,-1,0,-1,-1,-1,-1,2,-1,6,1,40,7,1339,1,12,6,1,6
2017010078107,2,9,0,-1,-1,0,-1,-1,-1,-1,2,-1,6,3,-1,-1,2179,2,9,-1,-1,-1
2017010078115,1,9,-1,-1,-1,-1,-1,-1,-1,-1,-1,-1,6,1,33,6,-1,-1,-1,6,1,6
2017010078115,2,9,-1,-1,-1,-1,-1,-1,-1,-1,-1,-1,6,3,-1,-1,2171,1,15,-1,-1,-1
2017010078119,1,1,0,18,0,8,5,0,0,0,1,1,6,1,-1,-1,-1,-1,-1,1,1,1
2017010078119,2,9,-1,6,0,8,0,0,0,0,-1,-1,6,3,-1,-1,1242,1,11,-1,-1,-1
2017010078123,1,3,0,-1,-1,-1,-1,-1,-1,-1,2,1,2,2,29,6,124,1,21,7,1,7
2017010078123,2,9,0,-1,-1,-1,-1,-1,-1,-1,2,-1,6,3,-1,-1,-1,-1,-1,-1,-1,-1
2017010078128,1,19,0,3,0,3,0,0,0,0,2,1,6,1,24,5,3920,2,4,8,1,8
2017010078128,2,9,0,16,0,3,1,0,0,0,1,1,6,1,45,7,1995,2,4,9,1,9
2017010078129,1,9,0,18,0,1,1,10,2,10,1,1,6,3,-1,-1,-1,-1,-1,-1,-1,-1
2017010078131,1,9,0,9,0,0,0,0,0,0,4,1,2,2,65,9,1339,1,5,7,1,7
2017010078131,2,3,0,13,0,0,0,0,0,0,1,1,2,1,21,5,108,1,-1,9,1,9
2017010078132,1,1,-1,-1,-1,-1,-1,-1,-1,-1,1,1,2,1,54,8,-1,-1,-1,6,1,6
2017010078132,2,9,0,-1,-1,-1,-1,-1,-1,-1,1,-1,6,3,-1,-1,-1,-1,-1,-1,-1,-1
2017010078137,1,9,0,3,0,6,0,0,0,0,2,1,2,1,69,10,-1,-1,-1,5,1,5
2017010078137,2,9,0,7,0,6,0,0,0,0,1,1,6,3,-1,-1,1995,2,11,-1,-1,-1
2017010078140,1,9,0,18,0,1,0,0,0,0,1,1,2,1,57,9,1392,1,20,2,1,2
2017010078145,1,19,0,5,0,1,0,0,0,0,1,1,2,1,-1,-1,1995,2,1,6,3,6
2017010078145,2,1,0,18,0,1,0,0,0,0,1,1,6,2,36,7,-1,-1,-1,3,1,3
2017010078149,1,9,0,18,0,3,0,0,0,0,3,1,6,2,46,8,1995,2,1,9,1,9
2017010078149,2,9,0,16,0,3,0,0,0,0,3,1,6,2,22,5,1229,1,3,5,1,5
2017010078151,1,90,0,-1,-1,0,-1,-1,-1,-1,1,-1,2,1,33,6,-1,-1,-1,6,1,6
2017010078151,2,9,-1,1,0,0,-1,0,0,0,2,-1,6,1,67,10,1598,1,10,5,1,5
2017010078153,1,9,0,18,0,0,0,0,1,0,1,1,1,2,35,6,1598,1,12,6,1,6
2017010078153,2,9,0,18,0,0,0,0,0,0,1,1,1,1,25,5,1896,2,13,4,1,4
2017010078157,1,21,0,7,0,5,0,0,0,0,4,1,1,1,28,6,10837,2,-1,4,1,4
2017010078157,2,19,0,18,0,1,0,0,0,0,1,1,1,1,29,6,2143,2,-1,1,1,1
2017010078164,1,8,0,18,0,8,0,0,0,0,3,1,1,1,38,7,1797,8,7,6,1,6
2017010078164,2,9,0,7,0,8,0,0,0,0,1,1,2,1,50,8,1497,8,12,6,1,6
2017010078166,1,4,0,-1,-1,0,-1,-1,-1,-1,1,1,6,1,32,6,471,1,1,3,1,3
2017010078166,2,19,0,-1,-1,0,-1,-1,-1,-1,2,-1,6,1,-1,-1,2198,2,7,-1,-1,-1
2017010078168,1,19,0,9,0,2,0,0,0,0,1,1,1,1,36,7,1560,2,2,2,1,2
2017010078175,1,11,0,18,0,1,0,0,0,0,0,1,1,1,33,6,4500,2,1,3,1,3
2017010078176,1,19,0,18,0,0,0,0,0,0,2,1,1,1,44,7,2999,2,1,6,1,6
2017010078176,2,9,0,18,0,0,1,0,0,0,1,1,2,1,38,7,1248,2,9,3,1,3
2017010078181,1,9,0,3,0,1,0,0,0,0,2,1,2,1,65,9,998,1,15,6,1,6
2017010078181,2,1,0,4,0,1,0,0,0,0,2,1,2,1,33,6,-1,-1,-1,3,1,3
2017010078185,1,11,0,18,0,1,0,0,0,0,0,1,1,1,51,8,6700,2,-1,7,1,7
2017010078189,1,9,0,7,0,-1,0,-1,0,0,4,-1,6,1,38,7,1242,1,12,4,1,4
2017010078189,2,9,-1,18,0,-1,0,-1,0,0,1,-1,6,3,-1,-1,2179,2,3,-1,-1,-1
2017010078196,1,9,0,-1,-1,-1,-1,-1,-1,-1,-1,-1,6,2,54,8,1598,1,8,9,1,9
2017010078196,2,9,0,-1,-1,-1,-1,-1,-1,-1,2,-1,6,1,-1,-1,1390,1,9,-1,-1,-1
2017010078210,1,19,0,-1,-1,-1,-1,-1,-1,-1,2,-1,6,1,33,6,2198,2,6,4,1,4
2017010078210,2,9,0,-1,-1,-1,-1,-1,-1,-1,1,-1,6,3,-1,-1,1397,1,9,-1,-1,-1
2017010078211,1,11,0,18,0,2,0,0,0,0,1,1,1,1,41,7,4500,2,8,3,1,3
2017010078211,2,11,0,2,0,2,0,0,0,0,0,1,6,3,-1,-1,4500,2,5,-1,-1,-1
2017010078212,1,9,0,5,0,1,0,0,0,0,1,1,6,2,44,7,1598,1,7,5,1,5
2017010078213,1,9,0,18,0,1,0,0,0,0,1,1,3,2,30,6,1956,2,2,3,1,3
2017010078215,1,1,-1,-1,0,1,0,0,0,0,1,1,2,1,54,8,-1,-1,-1,5,1,5
2017010078215,2,8,0,-1,-1,1,-1,-1,-1,-1,1,-1,6,1,40,7,1950,2,-1,3,1,3
2017010078216,1,9,0,9,0,6,0,0,0,0,1,1,2,1,37,7,-1,-1,-1,-1,-1,-1
2017010078216,2,3,0,13,0,1,1,0,0,0,1,1,2,1,34,6,125,1,2,4,1,4
2017010078218,1,1,0,-1,0,-1,0,0,0,0,1,1,2,1,41,7,-1,-1,-1,9,1,9
2017010078218,2,90,0,-1,-1,-1,-1,-1,-1,-1,-1,-1,6,1,-1,-1,-1,-1,-1,3,1,3
2017010078220,1,3,0,18,0,8,0,0,0,0,1,1,6,1,22,5,125,1,2,4,1,4
2017010078220,2,9,0,9,0,2,0,0,0,0,3,1,6,1,82,11,999,1,-1,1,1,1
2017010078221,1,9,0,18,0,0,0,0,0,0,1,1,6,1,39,7,2993,2,9,4,1,4
2017010078222,1,3,0,18,0,1,0,0,0,0,0,1,1,1,18,4,108,1,1,2,1,2
2017010078230,1,9,0,18,0,4,0,0,0,0,3,1,6,1,47,8,1968,2,-1,3,1,3
2017010078230,2,1,0,18,0,4,0,0,0,0,3,1,6,1,42,7,-1,-1,-1,2,1,2
2017010078231,1,9,0,7,0,6,0,0,0,0,1,1,6,1,26,6,1995,2,-1,9,1,9
2017010078235,1,9,0,11,0,0,0,0,0,0,4,1,6,1,39,7,2993,2,-1,7,1,7
2017010078235,2,3,0,18,0,0,5,0,0,0,3,1,2,1,38,7,125,1,5,3,1,3
2017010078236,1,11,0,9,2,2,0,0,0,0,0,1,1,1,30,6,4500,2,5,2,1,2
2017010078238,1,9,0,9,0,5,0,0,0,0,1,1,6,1,65,9,2143,2,5,8,1,8
2017010078239,1,5,0,13,0,0,0,0,0,0,1,1,6,1,62,9,1157,1,13,7,1,7
2017010078239,2,9,0,4,0,0,0,0,0,0,2,2,6,1,46,8,4163,1,9,2,1,2
2017010078240,1,9,0,18,0,1,0,0,0,0,1,1,6,1,46,8,1995,2,12,3,1,3
2017010078241,1,9,0,10,0,3,0,0,0,0,3,1,6,1,25,5,-1,-1,-1,4,1,4
2017010078241,2,1,0,5,0,4,0,0,0,0,1,1,6,1,45,7,-1,-1,-1,3,1,3
2017010078242,1,9,0,9,0,6,0,0,0,0,1,1,6,1,39,7,1797,8,7,7,1,7
2017010078244,1,8,0,7,0,2,0,0,0,0,1,1,1,1,57,9,1950,2,1,1,1,1
2017010078246,1,11,0,5,0,1,0,0,0,0,0,1,1,1,36,7,4500,2,2,2,1,2
2017010078247,1,9,0,18,0,0,0,0,0,0,1,1,3,2,31,6,1997,1,8,2,1,2
2017010078248,1,9,0,-1,-1,-1,-1,-1,-1,-1,1,-1,6,2,-1,-1,-1,-1,-1,9,1,9
2017010078249,1,9,0,-1,-1,-1,-1,-1,-1,-1,-1,-1,6,2,28,6,998,1,1,2,1,2
2017010078249,2,9,0,-1,-1,-1,-1,-1,-1,-1,-1,-1,6,3,-1,-1,-1,-1,-1,-1,-1,-1
2017010078250,1,3,0,18,0,2,0,4,0,0,4,1,6,1,37,7,124,1,-1,2,1,2
2017010078250,2,9,0,14,0,1,0,0,0,0,0,2,6,1,32,6,1360,1,11,3,1,3
2017010078252,1,3,0,4,0,3,2,0,0,0,1,1,6,1,31,6,108,1,2,5,1,5
2017010078252,2,9,0,3,0,3,0,0,0,0,2,1,6,1,29,6,2685,2,15,9,1,9
2017010078256,1,8,0,9,0,6,0,0,0,0,1,1,1,1,39,7,1598,2,5,8,1,8
2017010078256,2,4,0,18,0,8,0,0,0,0,3,1,6,1,30,6,279,1,3,4,1,4
2017010078260,1,3,0,18,0,2,0,0,0,0,1,1,1,1,32,6,108,1,-1,4,1,4
2017010078261,1,9,0,18,0,1,0,0,0,0,1,1,6,1,53,8,2494,8,-1,-1,-1,-1
2017010078262,1,9,0,18,0,2,0,0,0,0,2,1,6,1,43,7,1590,1,13,5,1,5
2017010078262,2,9,0,18,0,2,0,0,0,0,1,1,6,1,69,10,1422,2,9,3,1,3
2017010078263,1,9,0,4,0,1,0,0,0,0,2,2,6,2,39,7,1560,2,2,4,1,4
2017010078263,2,9,0,4,0,1,0,0,0,0,1,1,6,3,-1,-1,-1,-1,-1,-1,-1,-1
2017010078264,1,9,0,5,0,6,0,0,0,0,3,1,6,1,18,4,1360,1,13,3,1,3
2017010078264,2,9,0,18,0,1,0,0,0,0,1,1,6,1,20,4,1582,2,6,7,1,7
2017010078265,1,9,0,-1,-1,-1,-1,-1,-1,-1,-1,-1,6,2,54,8,1229,1,6,4,1,4
2017010078265,2,9,0,-1,-1,-1,-1,-1,-1,-1,2,-1,6,1,50,8,1956,2,3,7,1,7
2017010078266,1,9,0,-1,-1,0,-1,-1,-1,-1,-1,-1,6,2,46,8,1598,1,13,9,1,9
2017010078267,1,3,0,9,0,2,0,0,0,0,0,1,1,1,33,6,108,1,-1,2,1,2
2017010078272,1,9,0,4,0,2,0,0,0,0,2,1,6,2,48,8,1197,1,-1,4,1,4
2017010078272,2,9,0,4,0,2,0,0,0,0,2,1,6,2,50,8,1386,1,4,4,1,4
2017010078272,3,9,0,18,0,2,0,0,0,0,1,1,6,3,-1,-1,1389,1,15,-1,-1,-1
2017010078276,1,9,0,18,0,1,0,0,0,0,1,1,6,2,55,8,1498,1,9,9,1,9
2017010078276,2,3,0,18,0,1,1,0,0,0,1,1,6,1,21,5,125,1,5,4,1,4
2017010078276,3,9,0,18,0,1,0,0,0,0,3,1,6,1,48,8,1248,1,4,2,1,2
2017010078287,1,3,0,-1,-1,-1,-1,-1,-1,-1,-1,1,6,1,25,5,108,1,6,2,1,2
2017010078287,2,9,0,-1,-1,-1,-1,-1,-1,-1,-1,-1,6,2,-1,-1,1995,1,12,-1,-1,-1
2017010078290,1,3,-1,-1,-1,-1,-1,-1,-1,-1,-1,1,6,3,-1,-1,-1,-1,-1,-1,-1,-1
2017010078293,1,9,0,4,0,0,0,0,0,0,1,1,3,2,20,4,1086,1,8,3,1,3
2017010078293,2,3,0,3,0,0,5,0,0,0,2,1,6,2,32,6,125,1,-1,2,1,2
2017010078293,3,9,0,3,0,0,0,0,0,0,2,1,6,1,53,8,1896,2,15,7,1,7
2017010078295,1,8,0,18,0,8,0,0,7,0,4,1,1,1,32,6,1798,8,2,4,1,4
2017010078295,2,9,0,7,0,6,0,0,0,0,1,1,6,1,36,7,1598,1,13,1,1,1
2017010078297,1,9,0,18,0,0,0,0,0,0,4,1,6,2,38,7,2378,1,12,4,1,4
2017010078297,2,19,0,18,0,0,0,0,0,0,1,1,6,1,-1,-1,1686,2,13,-1,-1,-1
2017010078299,1,11,0,18,0,8,0,0,0,0,0,1,1,1,51,8,4500,2,6,4,1,4
2017010078300,1,9,0,18,9,5,1,0,1,3,4,1,6,2,-1,-1,1390,1,5,2,1,2
2017010078303,1,9,0,18,0,5,0,0,0,0,2,1,6,1,48,8,2720,2,9,-1,-1,-1
2017010078303,2,9,0,18,0,5,0,0,0,0,1,1,6,1,43,7,1422,2,7,3,1,3
2017010078304,1,9,0,6,0,5,0,0,0,0,1,1,6,2,25,5,1999,2,1,3,1,3
2017010078304,2,3,0,18,0,4,0,0,0,0,4,1,1,1,38,7,125,1,1,2,1,2
2017010078306,1,1,0,18,0,1,0,10,1,10,1,1,2,1,30,6,-1,-1,-1,3,1,3
2017010078306,2,4,0,18,0,1,0,0,0,0,0,1,6,3,-1,-1,-1,-1,-1,-1,-1,-1
2017010078312,1,9,0,18,0,6,0,0,0,0,3,1,1,1,55,8,1997,2,6,3,1,3
2017010078312,2,1,0,5,0,5,0,0,0,0,1,1,6,1,35,6,-1,-1,-1,2,1,2
2017010078316,1,19,0,9,0,5,0,0,0,0,3,1,1,1,52,8,2143,2,-1,8,1,8
2017010078316,2,5,0,18,0,8,0,0,0,0,1,1,6,1,43,7,955,1,11,8,1,8
2017010078319,1,9,0,18,0,1,0,0,0,0,1,1,6,3,-1,-1,1560,2,8,-1,-1,-1
2017010078320,1,1,0,18,0,8,0,0,0,0,3,1,2,1,25,5,-1,-1,-1,2,1,2
2017010078320,2,9,0,18,0,8,0,0,0,0,4,1,6,3,-1,-1,-1,-1,-1,-1,-1,-1
2017010078321,1,4,0,5,0,0,0,0,0,0,1,1,6,1,53,8,124,1,-1,6,1,6
2017010078325,1,9,0,-1,-1,-1,-1,-1,-1,-1,0,-1,6,2,-1,-1,1796,1,15,8,1,8
2017010078335,1,9,0,18,0,0,0,0,0,0,2,1,6,1,45,7,1598,1,6,3,1,3
2017010078335,2,9,0,18,0,0,0,0,0,0,1,1,6,1,18,4,1390,1,3,7,3,7
2017010078342,1,9,0,18,0,1,0,0,0,0,4,1,6,2,26,6,1149,1,9,6,1,6
2017010078342,2,9,0,9,0,1,0,0,0,0,4,1,6,2,49,8,1796,1,10,2,1,2
2017010078347,1,9,0,18,0,0,0,0,0,0,1,1,6,2,46,8,-1,-1,-1,6,1,6
2017010078364,1,9,0,18,0,8,0,0,0,0,3,1,6,1,23,5,1388,1,7,3,1,3
2017010078364,2,9,0,5,0,8,0,0,0,0,1,1,6,1,30,6,-1,-1,-1,2,1,2
2017010078365,1,4,0,13,0,0,0,0,0,0,1,1,2,1,39,7,125,1,4,8,1,8
2017010078365,2,8,0,13,0,0,0,0,0,0,3,1,1,1,28,6,1791,8,5,2,1,2
2017010078367,1,8,0,9,0,1,0,0,0,0,1,1,1,1,51,8,2402,2,15,1,1,1
2017010078367,2,4,0,18,0,2,1,0,0,0,2,1,1,1,39,7,279,1,1,7,1,7
2017010078369,1,8,0,-1,-1,-1,-1,-1,-1,-1,3,-1,6,1,51,8,1968,2,4,5,1,5
2017010078369,2,9,0,11,0,2,0,0,0,0,4,-1,6,1,58,9,1796,1,11,-1,-1,-1
2017010078371,1,11,0,4,0,0,0,0,0,0,0,1,1,1,52,8,4500,2,8,4,1,4
2017010078374,1,11,0,4,2,2,0,0,0,0,0,1,1,1,35,6,-1,-1,-1,4,1,4
2017010078376,1,3,0,13,0,8,1,0,0,0,4,1,6,1,39,7,125,1,1,1,1,1
2017010078376,2,9,0,9,0,8,0,0,0,0,1,1,6,2,42,7,1791,8,5,3,1,3
2017010078377,1,9,0,18,0,1,0,0,0,0,4,1,6,3,-1,-1,-1,-1,-1,-1,-1,-1
2017010078378,1,9,0,18,0,0,0,0,0,0,1,1,6,3,-1,-1,1753,2,11,-1,-1,-1
2017010078378,2,9,0,4,0,0,0,0,0,0,2,1,6,2,33,6,1598,1,11,7,1,7
2017010078378,3,9,0,4,0,0,0,0,0,0,2,1,6,1,36,7,2148,2,13,5,1,5
2017010078379,1,9,0,3,0,1,0,0,0,0,1,1,2,1,58,9,1299,1,15,2,1,2
2017010078379,2,1,0,3,0,1,0,0,0,0,2,1,2,2,40,7,-1,-1,-1,3,1,3
2017010078381,1,9,0,5,0,6,0,0,0,0,2,1,6,1,55,8,1598,1,5,3,1,3
2017010078381,2,9,0,17,0,1,0,0,0,0,1,1,6,1,30,6,1598,2,-1,4,1,4
2017010078382,1,11,0,4,2,1,0,0,0,0,0,1,6,1,60,9,4500,2,2,4,1,4
2017010078383,1,9,0,5,0,6,0,0,0,0,4,1,6,1,44,7,1968,2,1,-1,-1,-1
2017010078383,2,9,0,5,0,1,0,0,0,0,1,2,6,1,58,9,1490,1,9,4,1,4
2017010078384,1,9,0,7,0,6,0,0,1,0,2,1,6,1,57,9,1242,1,7,7,1,7
2017010078384,2,9,0,8,0,6,0,0,1,0,1,1,6,1,36,7,4951,1,1,7,1,7
2017010078388,1,4,0,18,0,0,0,0,0,0,0,1,1,1,26,6,125,1,5,6,1,6
2017010078388,2,9,0,18,0,0,0,0,0,0,1,1,6,1,48,8,2143,2,6,10,1,10
2017010078388,3,9,0,18,0,0,0,0,0,0,1,1,6,2,49,8,1229,1,9,3,1,3
2017010078389,1,9,0,7,0,1,0,0,0,0,0,1,6,1,33,6,1896,2,18,6,1,6
2017010078389,2,3,0,18,0,1,0,0,0,0,0,1,6,1,51,8,125,1,13,5,1,5
2017010078394,1,19,0,7,2,0,0,0,0,0,2,1,1,1,50,8,2198,2,2,6,1,6
2017010078394,2,11,0,18,2,0,0,0,0,0,1,1,1,1,18,4,4760,2,4,4,1,4
2017010078398,1,9,0,4,0,1,0,10,7,2,1,1,6,2,68,10,1798,8,1,3,1,3
2017010078399,1,9,0,-1,-1,-1,-1,-1,-1,-1,3,-1,6,2,29,6,999,1,1,7,1,7
2017010078399,2,9,0,-1,-1,-1,-1,-1,-1,-1,1,-1,6,1,-1,-1,-1,-1,-1,-1,-1,-1
2017010078403,1,8,0,18,0,0,0,0,0,0,1,1,6,3,-1,-1,1598,2,5,-1,-1,-1
2017010078406,1,90,0,-1,-1,-1,-1,-1,-1,-1,-1,-1,6,2,40,7,-1,-1,-1,2,1,2
2017010078406,2,1,-1,-1,-1,-1,-1,-1,-1,-1,-1,1,6,3,-1,-1,-1,-1,-1,-1,-1,-1
2017010078407,1,9,0,18,0,0,0,0,0,0,2,1,2,1,56,9,1598,2,4,3,1,3
2017010078407,2,9,0,18,0,0,0,0,0,0,1,1,1,1,37,7,1956,2,1,3,1,3
2017010078408,1,11,0,4,0,0,0,0,0,0,3,1,6,1,61,9,-1,-1,-1,2,1,2
2017010078410,1,11,0,-1,-1,-1,-1,-1,-1,-1,-1,-1,6,3,-1,-1,-1,-1,-1,-1,-1,-1
2017010078413,1,1,-1,-1,-1,-1,-1,-1,-1,-1,-1,1,6,2,24,5,-1,-1,-1,2,1,2
2017010078413,2,9,0,-1,0,-1,0,0,0,0,-1,-1,6,3,-1,-1,-1,-1,-1,-1,-1,-1
2017010078415,1,9,0,18,0,1,0,0,0,0,4,1,6,2,45,7,1598,1,7,6,1,6
2017010078415,2,1,0,18,5,1,0,0,0,0,1,1,6,2,56,9,-1,-1,-1,10,1,10
2017010078425,1,3,0,18,0,1,1,0,0,0,0,1,1,1,28,6,125,1,-1,4,1,4
2017010078425,2,9,0,9,0,5,0,0,0,0,0,1,6,1,35,6,2143,2,3,4,1,4
2017010078428,1,9,0,1,0,2,0,0,0,0,2,1,6,2,40,7,2231,2,11,6,1,6
2017010078432,1,9,0,9,0,1,0,0,0,0,1,1,6,1,47,8,1197,1,1,10,1,10
2017010078435,1,90,0,-1,-1,0,-1,-1,-1,-1,-1,-1,6,1,44,7,-1,-1,-1,3,1,3
2017010078436,1,9,0,9,0,8,0,0,0,0,1,1,6,1,76,11,1968,2,-1,5,1,5
2017010078437,1,9,0,3,0,0,0,0,0,0,2,1,6,1,58,9,2993,2,4,1,1,1
2017010078437,2,9,0,5,0,0,0,0,0,0,1,1,2,1,22,5,1799,1,9,2,1,2
2017010078439,1,3,0,18,0,8,0,0,0,0,1,1,6,1,29,6,125,1,6,7,1,7
2017010078439,2,9,0,5,0,6,0,0,0,0,1,1,6,1,29,6,1753,2,11,4,1,4
2017010078440,1,3,0,15,2,1,2,0,0,0,4,1,1,1,36,7,108,1,-1,6,1,6
2017010078440,2,9,0,5,0,1,0,0,0,0,3,1,1,1,40,7,1797,8,8,3,1,3
2017010078441,1,9,0,3,0,8,0,0,0,0,2,1,6,1,35,6,1968,2,8,2,1,2
2017010078441,2,9,0,18,0,8,0,0,0,0,1,1,6,3,-1,-1,2987,2,8,-1,-1,-1
2017010078442,1,9,0,18,0,0,0,0,0,0,3,1,6,2,26,6,1299,1,9,5,1,5
2017010078442,2,90,5,11,0,0,0,0,0,0,4,1,1,1,37,7,-1,-1,-1,-1,-1,-1
2017010078444,1,9,0,18,0,4,0,0,0,0,1,1,6,2,37,7,1796,1,14,5,1,5
2017010078445,1,8,0,18,0,0,0,0,0,0,4,1,1,1,73,10,2402,2,11,5,1,5
2017010078447,1,8,0,9,0,1,0,0,0,0,4,2,6,1,52,8,1339,8,6,2,1,2
2017010078447,2,9,0,18,0,1,0,0,0,0,1,2,6,1,32,6,1998,1,15,-1,-1,-1
2017010078450,1,9,0,18,0,8,0,0,7,1,4,1,6,1,64,9,1598,1,13,6,1,6
2017010078450,2,19,0,18,0,8,0,0,0,0,1,1,6,1,49,8,2198,2,1,2,1,2
2017010078451,1,9,0,5,0,2,0,0,0,0,1,1,6,3,-1,-1,-1,-1,-1,-1,-1,-1
2017010078453,1,11,0,18,0,0,0,0,0,0,0,1,1,1,37,7,6700,2,5,-1,-1,-1
2017010078454,1,9,0,18,0,0,0,0,0,0,1,1,6,1,32,6,6208,1,5,2,1,2
2017010078454,2,9,0,18,0,0,0,0,0,0,1,1,6,1,31,6,1686,2,7,2,1,2
2017010078454,3,9,0,18,0,0,0,0,0,0,2,1,1,1,62,9,1598,2,3,2,1,2
2017010078455,1,1,-1,-1,-1,0,-1,-1,-1,-1,1,1,2,2,45,7,-1,-1,-1,2,1,2
2017010078455,2,9,0,-1,-1,0,-1,-1,-1,-1,1,-1,6,3,42,7,1798,8,2,2,1,2
2017010078459,1,9,0,6,0,1,0,0,0,0,1,1,6,1,67,10,1422,2,14,1,1,1
2017010078459,2,3,0,18,0,1,0,0,0,0,1,1,1,1,23,5,125,1,6,9,1,9
2017010078460,1,9,0,18,0,7,0,0,0,0,1,1,6,3,-1,-1,-1,-1,-1,-1,-1,-1
2017010078461,1,9,0,5,0,8,0,0,0,0,1,1,6,1,22,5,-1,-1,-1,7,1,7
2017010078461,2,1,0,9,0,8,0,0,0,0,2,1,6,1,22,5,-1,-1,-1,2,1,2
2017010078463,1,9,0,7,0,6,0,0,0,0,1,1,1,1,61,9,1461,2,1,3,1,3
2017010078464,1,19,0,18,0,0,0,0,0,0,1,1,2,1,65,9,2402,2,9,4,1,4
2017010078465,1,9,0,18,0,8,0,0,0,0,0,1,6,2,61,9,1229,1,6,2,1,2
2017010078466,1,9,0,18,0,0,1,0,0,0,1,1,6,2,42,7,1399,2,9,4,1,4
2017010078466,2,9,0,6,0,0,0,0,0,0,3,1,6,1,26,6,1242,1,10,2,1,2
2017010078467,1,11,0,18,0,0,0,0,0,0,1,1,1,1,58,9,7300,2,11,6,2,6
2017010078471,1,9,0,-1,-1,-1,-1,-1,-1,-1,2,-1,6,2,37,7,998,1,18,4,1,4
2017010078473,1,9,0,1,0,1,0,0,0,0,4,1,6,1,26,6,1997,2,9,7,1,7
2017010078473,2,9,0,2,0,2,0,0,0,0,3,1,6,3,-1,-1,1798,1,8,-1,-1,-1
2017010078475,1,8,0,5,0,8,0,0,0,0,1,1,1,1,37,7,2143,2,-1,3,1,3
2017010078479,1,9,0,18,0,1,0,0,0,0,3,1,6,2,28,6,1086,1,13,5,1,5
2017010078484,1,19,4,9,0,8,2,0,0,0,3,1,1,1,30,6,2198,2,9,6,1,6
2017010078484,2,9,0,18,0,8,0,0,0,0,1,1,6,1,21,5,1995,1,11,2,1,2
2017010078485,1,9,0,3,0,1,0,0,0,0,2,1,6,1,26,6,1910,2,10,2,1,2
2017010078485,2,5,0,3,0,1,0,0,0,0,2,1,6,1,22,5,471,1,1,10,1,10
2017010078485,3,9,0,18,0,1,0,10,0,0,1,1,6,1,39,7,1422,2,14,-1,-1,-1
2017010078487,1,9,0,14,0,2,0,0,0,0,1,1,6,1,45,7,1364,1,1,5,1,5
2017010078488,1,9,0,10,0,1,0,0,0,0,2,1,6,2,30,6,1248,2,9,-1,-1,-1
2017010078489,1,9,0,9,0,5,0,0,0,0,1,1,6,2,44,7,1390,1,9,5,1,5
2017010078489,2,3,0,18,2,8,1,0,0,0,1,1,6,1,27,6,124,1,-1,3,1,3
2017010078494,1,11,0,4,0,1,0,0,0,0,0,1,1,1,58,9,4500,2,1,5,1,5
2017010078497,1,8,0,18,0,2,0,0,0,0,1,1,6,1,16,4,1997,2,4,1,1,1
2017010078498,1,8,0,3,0,1,0,0,0,0,2,1,6,1,51,8,1956,2,4,4,1,4
2017010078498,2,9,0,18,0,1,0,0,0,0,1,1,6,1,30,6,-1,-1,-1,-1,-1,-1
2017010078501,1,3,0,18,0,0,2,0,0,0,1,1,2,1,19,4,125,1,4,2,1,2
2017010078507,1,9,0,16,0,1,0,0,0,0,1,2,6,3,-1,-1,1995,2,-1,-1,-1,-1
2017010078509,1,9,0,18,0,0,0,11,0,0,0,1,6,1,43,7,2231,2,9,3,1,3
2017010078512,1,8,0,18,0,8,0,0,0,0,1,1,1,1,42,7,1797,8,7,6,1,6
2017010078512,2,9,0,9,0,8,0,0,0,0,4,1,6,1,19,4,2698,2,9,1,1,1
2017010078513,1,9,0,18,0,8,0,0,0,0,1,1,6,2,24,5,1598,1,16,6,1,6
2017010078513,2,8,0,4,0,8,0,0,0,0,2,1,1,1,48,8,1598,1,7,4,1,4
2017010078515,1,9,0,16,9,1,0,10,1,10,1,1,6,1,51,8,2987,2,1,9,3,9
2017010078515,2,9,0,2,9,1,0,0,0,0,3,1,6,3,-1,-1,1388,1,8,-1,-1,-1
2017010078519,1,1,-1,-1,-1,-1,-1,-1,-1,-1,1,1,6,2,-1,-1,-1,-1,-1,-1,-1,-1
2017010078519,2,9,-1,-1,0,1,0,0,-1,-1,-1,-1,6,1,44,7,-1,-1,-1,8,1,8
2017010078534,1,9,-1,-1,-1,0,-1,-1,-1,-1,-1,-1,6,2,24,5,1995,2,5,7,3,7
2017010078534,2,9,-1,-1,-1,0,-1,-1,-1,-1,-1,-1,6,3,-1,-1,2993,2,8,-1,-1,-1
2017010078539,1,9,0,12,0,4,0,0,0,0,1,1,6,1,39,7,2497,2,13,2,1,2
2017010078539,2,9,0,4,0,1,0,0,0,0,1,1,6,1,71,10,1997,2,12,1,1,1
2017010078543,1,9,0,5,0,1,0,0,0,0,0,1,6,2,54,8,1999,2,1,3,1,3
2017010078543,2,4,0,18,0,1,2,0,0,0,0,1,1,1,55,8,124,1,5,5,1,5