Accident_Index,Vehicle_Reference,Vehicle_Type,Towing_and_Articulation,Vehicle_Manoeuvre,Vehicle_Location-Restricted_Lane,Junction_Location,Skidding_and_Overturning,Hit_Object_in_Carriageway,Vehicle_Leaving_Carriageway,Hit_Object_off_Carriageway,1st_Point_of_Impact,Was_Vehicle_Left_Hand_Drive?,Journey_Purpose_of_Driver,Sex_of_Driver,Age_of_Driver,Age_Band_of_Driver,Engine_Capacity_(CC),Propulsion_Code,Age_of_Vehicle,Driver_IMD_Decile,Driver_Home_Area_Type,Vehicle_IMD_Decile
2017010078550,1,11,0,4,0,1,0,0,0,0,0,1,1,1,52,8,7300,2,13,5,1,5
2017010078550,2,8,0,9,0,6,0,0,0,0,0,1,6,1,-1,-1,2143,2,3,-1,-1,-1
2017010078554,1,9,0,2,0,0,0,0,0,0,4,1,6,3,-1,-1,1598,1,5,-1,-1,-1
2017010078554,2,9,0,18,0,0,5,4,0,0,4,1,6,1,89,11,1797,8,5,9,1,9
2017010078555,1,9,0,5,0,8,0,0,0,0,4,1,6,1,50,8,1968,2,3,7,1,7
2017010078557,1,11,0,3,2,1,0,0,0,0,0,1,2,2,54,8,4500,2,2,3,1,3
2017010078558,1,9,0,18,2,8,0,0,0,0,1,1,6,2,29,6,1229,1,2,2,1,2
2017010078558,2,19,0,3,0,8,0,0,0,0,2,1,6,1,39,7,1995,2,10,3,1,3
2017010078558,3,9,0,9,0,7,0,0,0,0,1,1,6,2,52,8,1390,1,13,3,1,3
2017010078563,1,8,0,2,0,2,0,0,0,0,3,1,6,3,-1,-1,1997,2,5,-1,-1,-1
2017010078563,2,3,0,18,0,2,0,8,0,0,1,1,1,1,29,6,108,1,3,-1,-1,-1
2017010078566,1,9,0,3,-1,8,-1,0,0,0,2,1,2,2,53,8,1799,1,11,7,1,7
2017010078566,2,19,0,-1,-1,-1,-1,-1,-1,-1,1,2,6,1,-1,-1,-1,-1,-1,-1,-1,-1
2017010078568,1,9,0,-1,-1,0,-1,-1,-1,-1,1,-1,6,1,38,7,1997,2,7,2,1,2
2017010078568,2,9,0,-1,-1,0,-1,-1,-1,-1,2,-1,6,1,-1,-1,1797,8,5,-1,-1,-1
2017010078569,1,9,0,18,0,0,0,0,0,0,2,1,6,2,30,6,1395,1,2,2,1,2
2017010078569,2,9,-1,-1,-1,0,-1,-1,0,0,-1,-1,6,3,-1,-1,-1,-1,-1,-1,-1,-1
2017010078574,1,9,0,-1,-1,-1,-1,-1,-1,-1,2,-1,6,1,29,6,1968,2,7,3,1,3
2017010078574,2,9,-1,-1,-1,-1,-1,-1,-1,-1,-1,-1,6,3,-1,-1,1995,1,10,-1,-1,-1
2017010078578,1,9,0,18,0,0,0,10,0,0,2,1,6,2,41,7,1242,1,6,2,1,2
2017010078578,2,9,0,18,0,0,0,0,0,0,1,1,6,1,29,6,1956,2,7,4,1,4
2017010078582,1,9,0,4,0,0,0,0,0,0,2,1,1,1,47,8,-1,-1,-1,3,1,3
2017010078582,2,9,0,18,0,0,0,0,0,0,1,1,6,2,41,7,898,1,-1,6,1,6
2017010078588,1,1,-1,-1,-1,-1,-1,-1,-1,-1,-1,1,6,1,35,6,-1,-1,-1,4,1,4
2017010078588,2,9,0,-1,-1,-1,-1,-1,-1,-1,1,-1,6,1,-1,-1,3378,1,19,3,1,3
2017010078594,1,9,0,7,0,5,0,0,0,0,2,1,6,1,25,5,1598,1,5,8,1,8
2017010078594,2,5,0,15,2,1,0,0,0,0,1,1,6,1,35,6,599,1,10,1,1,1
2017010078599,1,11,-1,-1,-1,-1,-1,-1,-1,-1,-1,-1,6,2,55,8,6700,2,6,2,1,2
2017010078601,1,9,0,9,0,1,0,0,1,0,0,1,6,3,-1,-1,-1,-1,-1,-1,-1,-1
2017010078601,2,3,0,18,2,1,0,0,0,0,0,1,6,1,29,6,125,1,5,5,1,5
2017010078603,1,1,-1,-1,-1,-1,-1,-1,-1,-1,-1,1,6,1,24,5,-1,-1,-1,7,1,7
2017010078603,2,9,0,-1,-1,-1,-1,-1,-1,-1,-1,-1,6,1,-1,-1,-1,-1,-1,-1,-1,-1
2017010078607,1,9,0,5,0,8,0,0,1,0,1,1,6,2,48,8,1984,1,6,7,1,7
2017010078607,2,9,0,18,0,8,0,0,1,0,1,1,6,2,31,6,1995,2,5,6,1,6
2017010078610,1,11,0,5,0,1,0,0,0,0,0,1,6,1,46,8,9360,2,8,4,1,4
2017010078611,1,9,0,4,0,1,0,0,0,0,4,1,6,1,60,9,2143,2,3,10,1,10
2017010078612,1,19,0,9,0,8,0,0,0,0,1,1,6,1,33,6,2198,2,3,4,1,4
2017010078612,2,9,0,18,0,2,0,0,0,0,1,1,6,1,68,10,1364,1,11,7,1,7
2017010078614,1,9,0,18,0,8,0,0,0,0,1,1,1,1,50,8,-1,-1,-1,-1,-1,-1
2017010078614,2,9,0,5,0,6,0,0,0,0,1,1,6,3,-1,-1,-1,-1,-1,-1,-1,-1
2017010078618,1,9,0,3,0,0,0,0,0,0,4,1,6,1,22,5,2143,2,-1,10,1,10
2017010078618,2,3,0,14,0,0,2,0,0,0,4,1,6,1,52,8,124,1,11,5,1,5
2017010078621,1,9,0,18,0,1,0,0,0,0,1,1,6,1,38,7,1995,2,12,2,1,2
2017010078637,1,19,0,7,0,5,0,0,0,0,4,1,2,1,59,9,2402,2,9,4,1,4
2017010078637,2,1,0,18,0,8,5,0,0,0,3,1,6,1,29,6,-1,-1,-1,5,1,5
2017010078638,1,9,0,9,0,1,0,0,0,0,3,1,6,1,40,7,1968,2,9,5,1,5
2017010078638,2,1,0,15,0,1,1,0,0,0,1,1,6,1,27,6,-1,-1,-1,6,1,6
2017010078647,1,9,0,18,0,0,0,0,0,0,3,1,6,2,25,5,-1,-1,-1,6,3,6
2017010078647,2,9,0,18,0,0,0,0,0,0,1,1,6,3,-1,-1,-1,-1,-1,-1,-1,-1
2017010078648,1,9,0,11,0,2,0,0,0,0,4,1,1,1,48,8,1968,2,6,5,1,5
2017010078648,2,4,0,18,0,2,0,0,0,0,3,1,6,1,51,8,125,1,9,4,1,4
2017010078649,1,9,0,5,0,1,0,0,0,0,1,1,6,1,57,9,1598,1,8,5,1,5
2017010078649,2,2,0,14,0,2,1,0,0,0,1,1,6,1,14,3,108,1,2,-1,-1,-1
2017010078653,1,9,0,-1,-1,0,-1,-1,-1,-1,1,-1,6,1,21,5,1595,1,12,4,1,4
2017010078654,1,9,0,2,0,0,0,0,0,0,0,1,6,3,-1,-1,1995,2,5,-1,-1,-1
2017010078654,2,9,0,2,6,0,0,0,0,0,0,1,6,3,-1,-1,1339,1,11,-1,-1,-1
2017010078654,3,9,0,4,0,0,0,0,0,0,2,1,6,1,24,5,1461,2,2,8,1,8
2017010078654,4,9,0,4,0,0,0,0,0,0,1,1,6,1,35,6,-1,3,-1,5,1,5
2017010078654,5,9,0,18,0,0,0,0,0,0,1,1,6,1,40,7,1968,2,6,4,1,4
2017010078654,6,9,0,18,0,0,0,0,0,0,1,1,6,1,31,6,2148,2,11,2,1,2
2017010078655,1,9,0,18,0,0,0,4,0,0,1,1,6,1,86,11,998,1,2,4,1,4
2017010078655,2,9,0,2,0,0,0,0,0,0,2,1,6,3,-1,-1,1598,1,10,-1,-1,-1
2017010078656,1,9,0,18,0,6,0,0,0,0,1,1,6,3,-1,-1,-1,-1,-1,-1,-1,-1
2017010078657,1,8,0,-1,-1,0,-1,-1,-1,-1,-1,-1,6,1,-1,-1,-1,-1,-1,-1,-1,-1
2017010078658,1,9,0,-1,-1,0,-1,-1,-1,-1,1,-1,6,1,18,4,1229,1,11,6,1,6
2017010078658,2,9,0,-1,-1,0,-1,-1,-1,-1,2,-1,6,3,-1,-1,1968,2,2,-1,-1,-1
2017010078659,1,9,0,18,0,1,0,0,0,0,3,1,1,2,29,6,1997,2,3,2,1,2
2017010078659,2,9,0,11,0,1,0,0,0,0,3,1,6,1,21,5,1896,2,16,2,1,2
2017010078661,1,8,0,18,2,8,0,0,0,0,1,1,1,1,42,7,1598,1,8,2,1,2
2017010078662,1,8,0,5,0,1,0,0,0,0,1,1,1,1,41,7,1798,8,-1,4,1,4
2017010078665,1,9,5,16,0,1,1,0,0,0,3,1,6,1,50,8,1596,1,4,3,1,3
2017010078665,2,9,5,16,0,1,0,0,0,0,1,1,6,1,27,6,1388,1,8,2,1,2
2017010078666,1,9,0,18,0,8,0,0,0,0,1,1,6,1,31,6,1598,1,4,1,1,1
2017010078666,2,9,0,18,0,4,0,0,0,0,4,1,1,1,55,8,-1,-1,-1,9,2,9
2017010078667,1,9,0,4,0,1,0,0,0,0,1,1,6,1,30,6,1995,2,10,5,1,5
2017010078669,1,11,1,18,0,2,0,0,1,1,1,1,1,1,64,9,4500,2,1,2,1,2
2017010078669,2,2,0,7,0,2,0,0,0,0,3,1,2,1,38,7,124,1,13,2,1,2
2017010078670,1,9,0,10,0,6,0,0,0,0,1,1,6,2,48,8,1398,1,3,6,1,6
2017010078670,2,1,0,10,0,6,0,0,0,0,2,1,6,2,32,6,-1,-1,-1,9,1,9
2017010078674,1,9,0,18,0,1,0,0,0,0,1,1,1,1,30,6,2993,2,12,2,1,2
2017010078674,2,9,0,7,0,1,0,0,5,6,2,1,2,2,57,9,1198,1,14,9,1,9
2017010078676,1,8,-1,18,0,8,0,0,0,0,4,-1,1,3,-1,-1,-1,-1,-1,-1,-1,-1
2017010078679,1,9,0,18,0,1,0,0,0,0,1,1,6,3,-1,-1,1796,1,7,-1,-1,-1
2017010078679,2,9,0,4,0,1,0,0,0,0,1,1,2,2,58,9,2435,1,11,4,2,4
2017010078679,3,9,0,4,0,1,0,0,0,0,3,1,2,2,60,9,980,1,26,8,1,8
2017010078680,1,3,0,9,0,8,0,0,0,0,0,1,2,1,51,8,124,1,2,4,1,4
2017010078680,2,1,0,18,0,8,0,0,0,0,0,1,6,1,27,6,-1,-1,-1,6,1,6
2017010078685,1,9,0,3,0,2,0,0,0,0,2,1,6,2,52,8,1149,1,9,2,1,2
2017010078685,2,9,0,18,0,2,0,0,0,0,1,1,6,2,25,5,1364,1,9,-1,-1,-1
2017010078699,1,5,-1,18,-1,-1,-1,-1,-1,-1,-1,1,6,1,27,6,748,1,13,3,1,3
2017010078699,2,9,-1,18,-1,-1,-1,-1,-1,-1,-1,-1,6,3,-1,-1,-1,-1,-1,-1,-1,-1
2017010078700,1,9,0,18,0,0,0,0,0,0,1,1,6,1,60,9,2488,1,11,4,1,4
2017010078700,2,9,0,18,0,0,0,0,0,0,2,1,6,2,35,6,1498,1,6,7,1,7
2017010078700,3,9,0,18,0,0,0,0,0,0,2,1,6,2,18,4,1229,1,-1,-1,-1,-1
2017010078700,4,9,0,18,0,0,0,0,0,0,2,1,6,1,43,7,1364,1,9,8,1,8
2017010078700,5,9,0,18,0,0,0,0,0,0,2,1,6,1,34,6,2979,1,15,5,1,5
2017010078704,1,9,0,5,0,0,0,0,0,0,1,1,1,1,36,7,698,1,11,4,1,4
2017010078704,2,8,0,18,0,0,0,0,0,0,1,1,6,1,50,8,1797,8,8,3,1,3
2017010078716,1,1,-1,-1,-1,-1,-1,-1,-1,-1,1,1,2,2,31,6,-1,-1,-1,5,1,5
2017010078716,2,9,0,-1,-1,-1,-1,-1,-1,-1,-1,-1,6,1,-1,-1,2143,2,2,-1,-1,-1
2017010078719,1,11,0,18,2,0,0,0,0,0,0,1,6,1,57,9,-1,-1,-1,6,1,6
2017010078724,1,9,0,9,0,8,0,0,0,0,1,1,2,2,34,6,1560,2,8,4,1,4
2017010078724,2,9,0,4,0,1,0,0,0,0,3,1,2,2,47,8,1598,1,5,3,1,3
2017010078724,3,9,0,18,0,1,0,0,0,0,3,1,3,2,31,6,1998,2,6,6,1,6
2017010078729,1,9,-1,-1,-1,0,-1,-1,-1,-1,-1,1,6,3,-1,-1,-1,-1,-1,-1,-1,-1
2017010078740,1,9,0,18,0,2,0,0,0,0,1,1,6,2,57,9,1496,2,1,10,2,10
2017010078740,2,19,0,10,0,1,0,0,0,0,2,1,1,1,56,9,1560,2,2,7,1,7
2017010078740,3,9,0,13,0,8,0,0,0,0,1,1,6,3,-1,-1,1596,1,9,-1,-1,-1
2017010078748,1,19,0,18,0,2,0,0,0,0,1,1,2,1,26,6,1968,2,3,8,1,8
2017010078753,1,9,0,18,0,0,0,0,0,0,1,1,2,2,42,7,1598,1,5,2,1,2
2017010078755,1,9,0,18,0,1,0,0,0,0,2,1,6,1,38,7,1968,2,5,5,1,5
2017010078755,2,19,3,12,0,1,0,0,0,0,1,1,1,1,21,5,2143,2,1,5,1,5
2017010078757,1,9,0,4,0,0,0,0,0,0,3,1,6,2,46,8,1598,1,10,8,1,8
2017010078757,2,1,0,18,0,0,0,0,0,0,4,1,6,1,70,10,-1,-1,-1,7,1,7
2017010078763,1,9,0,3,0,1,0,0,0,0,2,1,1,2,48,8,1499,2,2,4,1,4
2017010078763,2,9,0,3,0,1,0,0,0,0,2,1,1,1,48,8,1798,8,4,5,1,5
2017010078763,3,19,0,3,0,1,0,0,0,0,1,1,1,1,34,6,1598,2,2,2,1,2
2017010078767,1,19,0,18,0,1,0,0,0,0,4,1,1,1,29,6,1995,2,3,6,1,6
2017010078767,2,9,0,18,0,1,0,0,0,0,1,1,6,2,88,11,1399,1,13,10,1,10
2017010078782,1,11,0,5,0,0,0,0,0,0,0,1,1,2,33,6,9000,2,7,5,1,5
2017010078786,1,9,0,2,0,0,0,0,0,0,3,1,6,3,-1,-1,1390,1,6,-1,-1,-1
2017010078786,2,1,0,18,0,0,0,4,0,0,1,1,2,2,45,7,-1,-1,-1,5,1,5
2017010078787,1,9,0,7,0,8,0,0,0,0,1,1,6,1,22,5,1995,2,1,2,1,2
2017010078791,1,9,-1,-1,-1,-1,-1,-1,-1,-1,-1,-1,6,3,-1,-1,1598,2,1,-1,-1,-1
2017010078793,1,9,0,9,0,8,1,0,0,0,4,1,6,1,18,4,1199,1,2,8,1,8
2017010078793,2,9,0,18,0,8,0,0,0,0,1,1,2,1,52,8,2143,2,5,10,3,10
2017010078798,1,9,0,4,0,2,0,0,3,0,3,1,6,2,22,5,1389,1,16,4,1,4
2017010078798,2,9,0,18,0,8,0,0,0,0,4,1,6,2,27,6,1997,2,16,8,1,8
2017010078799,1,19,0,18,0,1,0,0,0,0,1,1,6,3,-1,-1,-1,-1,-1,-1,-1,-1
2017010078800,1,9,0,18,0,1,0,0,0,0,1,2,6,2,22,5,-1,-1,-1,3,1,3
2017010078800,2,9,3,-1,-1,1,-1,-1,-1,-1,2,-1,6,1,-1,-1,-1,-1,-1,-1,-1,-1
2017010078802,1,9,0,9,0,8,0,0,0,0,1,1,6,1,58,9,2261,1,1,8,1,8
2017010078805,1,9,-1,18,0,0,-1,-1,0,0,-1,-1,6,3,-1,-1,-1,-1,-1,-1,-1,-1
2017010078809,1,9,0,-1,-1,-1,-1,-1,-1,-1,2,-1,6,1,50,8,1995,2,15,9,1,9
2017010078809,2,9,0,-1,-1,-1,-1,-1,-1,-1,1,-1,6,1,-1,-1,-1,-1,-1,-1,-1,-1
2017010078815,1,9,0,7,0,2,0,0,0,0,4,1,6,1,22,5,-1,-1,-1,2,1,2
2017010078815,2,2,0,15,0,1,0,0,0,0,1,1,6,1,31,6,125,1,1,2,1,2
2017010078817,1,1,0,15,0,1,0,0,0,0,1,1,2,1,41,7,-1,-1,-1,1,1,1
2017010078822,1,21,0,18,0,0,0,0,0,0,2,1,1,1,35,6,10837,2,1,5,1,5
2017010078822,2,5,0,13,0,0,1,0,0,0,1,1,1,1,43,7,745,1,3,5,1,5
2017010078823,1,5,0,18,2,1,0,0,0,0,4,1,2,1,40,7,649,1,2,9,1,9
2017010078828,1,5,0,18,0,1,0,0,0,0,3,1,6,3,-1,-1,-1,-1,-1,-1,-1,-1
2017010078831,1,1,-1,-1,-1,-1,-1,-1,-1,-1,2,1,6,1,36,7,-1,-1,-1,5,1,5
2017010078831,2,9,0,-1,-1,-1,-1,-1,-1,-1,-1,-1,6,3,48,8,1598,1,8,5,1,5
2017010078835,1,11,0,3,0,2,0,0,0,0,0,1,1,1,57,9,-1,-1,-1,4,1,4
2017010078836,1,3,0,3,0,1,5,0,0,0,3,1,1,1,43,7,125,1,10,3,1,3
2017010078836,2,9,0,3,0,1,0,0,0,0,3,1,6,2,45,7,1968,2,1,1,1,1
2017010078838,1,21,1,3,0,1,0,0,0,0,4,1,1,1,32,6,10677,2,2,3,1,3
2017010078838,2,9,0,3,0,1,0,0,0,0,1,1,2,1,37,7,1598,2,1,-1,-1,-1
2017010078838,3,9,0,9,0,8,0,0,0,0,4,1,6,1,51,8,1242,1,-1,7,1,7
2017010078840,1,9,0,7,0,1,0,0,0,0,1,1,6,1,51,8,1997,2,15,7,1,7
2017010078840,2,9,0,10,0,1,1,0,0,0,2,1,6,2,57,9,1329,1,6,5,1,5
2017010078840,3,9,0,14,0,1,0,0,0,0,1,1,6,1,16,4,1396,1,17,3,1,3
2017010078840,4,9,0,2,0,1,0,0,0,0,4,1,6,3,-1,-1,1596,1,14,-1,-1,-1
2017010078841,1,9,0,4,0,1,0,0,0,0,1,1,6,2,51,8,2199,2,5,2,1,2
2017010078841,2,11,0,3,0,8,0,0,0,0,0,1,1,1,45,7,4500,2,3,-1,-1,-1
2017010078842,1,19,0,9,0,2,0,0,0,0,1,1,1,1,28,6,1461,2,3,8,1,8
2017010078843,1,8,0,10,0,1,0,0,0,0,2,1,6,1,61,9,1560,2,1,4,1,4
2017010078843,2,9,0,18,0,1,0,0,0,0,1,1,6,3,-1,-1,1991,1,-1,-1,-1,-1
2017010078851,1,9,0,4,0,0,0,0,0,0,2,1,6,1,51,8,1896,2,10,2,1,2
2017010078851,2,9,0,4,0,0,0,0,0,0,2,1,6,1,21,5,1598,1,6,6,1,6
2017010078851,3,10,0,18,0,0,0,0,0,0,1,1,1,1,41,7,-1,-1,-1,10,1,10
2017010078854,1,9,0,4,0,0,0,0,0,0,2,1,6,2,64,9,1595,1,3,5,1,5
2017010078854,2,9,0,4,0,0,0,0,0,0,1,1,2,1,44,7,2199,2,1,6,1,6
2017010078855,1,9,0,4,0,0,0,0,0,0,2,1,2,1,47,8,1598,2,1,-1,-1,-1
2017010078855,2,9,0,4,0,0,0,0,0,0,2,1,6,1,37,7,1995,2,6,3,1,3
2017010078858,1,5,0,18,0,0,1,0,0,0,4,1,6,1,28,6,599,1,9,7,1,7
2017010078859,1,19,0,18,0,1,0,0,0,0,1,1,6,3,-1,-1,-1,-1,-1,-1,-1,-1
2017010078860,1,9,0,18,0,1,1,4,0,0,4,1,1,1,36,7,1498,1,-1,5,1,5
2017010078860,2,9,0,9,0,2,1,10,1,0,4,1,6,1,25,5,1598,2,4,3,1,3
2017010078861,1,3,0,18,0,0,1,0,0,0,1,1,2,2,57,9,124,1,6,1,1,1
2017010078864,1,9,0,5,0,2,0,0,0,0,1,1,6,2,45,7,1796,1,7,2,1,2
2017010078866,1,9,0,5,0,0,0,0,0,0,1,1,2,1,32,6,1798,1,9,7,1,7
2017010078867,1,9,0,5,0,1,0,0,0,0,3,1,2,2,55,8,1995,2,10,4,1,4
2017010078867,2,3,0,5,0,1,0,0,0,0,1,1,1,1,20,4,125,1,4,2,1,2
2017010078871,1,9,0,9,0,6,0,0,0,0,0,1,6,3,-1,-1,-1,-1,-1,-1,-1,-1
2017010078871,2,9,0,18,0,2,0,0,0,0,1,1,6,1,30,6,998,1,14,2,1,2
2017010078871,3,9,0,18,0,2,0,0,0,0,2,1,1,2,34,6,1598,2,2,-1,-1,-1
2017010078873,1,9,0,18,0,0,0,4,0,0,1,1,6,1,57,9,1197,1,2,5,1,5
2017010078873,2,9,0,2,0,0,0,0,0,0,3,1,6,3,-1,-1,1998,1,-1,-1,-1,-1
2017010078876,1,9,0,-1,-1,0,-1,-1,-1,-1,-1,-1,6,2,49,8,1200,1,-1,5,1,5
2017010078877,1,9,0,1,0,2,0,0,0,0,1,1,2,1,48,8,1598,1,9,3,1,3
2017010078878,1,19,0,5,0,0,0,0,0,0,1,1,6,1,67,10,-1,-1,-1,-1,-1,-1
2017010078880,1,9,0,10,0,1,0,0,0,0,1,1,6,3,-1,-1,1591,1,5,-1,-1,-1
2017010078880,2,1,0,7,0,1,0,0,0,0,1,1,6,1,52,8,-1,-1,-1,4,1,4
2017010078883,1,9,0,-1,-1,-1,-1,-1,-1,-1,1,-1,6,2,-1,-1,-1,-1,-1,-1,-1,-1
2017010078884,1,9,0,-1,-1,0,-1,-1,-1,-1,2,-1,2,2,39,7,1598,2,6,4,1,4
2017010078884,2,9,0,-1,-1,0,-1,-1,-1,-1,-1,-1,6,1,-1,-1,1124,1,13,-1,-1,-1
2017010078885,1,9,0,9,0,1,0,0,0,0,1,1,3,2,42,7,1149,1,15,3,1,3
2017010078886,1,2,0,18,0,8,1,0,1,0,1,1,6,3,17,4,-1,-1,-1,-1,-1,-1
2017010078888,1,9,0,18,0,1,0,0,0,0,2,1,6,2,24,5,1587,1,14,3,1,3
2017010078888,2,9,0,7,0,8,0,0,0,0,1,1,6,3,-1,-1,1298,1,15,-1,-1,-1
2017010078889,1,19,0,18,0,2,0,0,0,0,1,1,6,3,-1,-1,1399,2,6,-1,-1,-1
2017010078889,2,1,0,18,0,1,0,0,1,0,2,1,6,1,13,3,-1,-1,-1,10,1,10
2017010078890,1,9,0,18,0,0,0,0,0,0,4,1,6,1,30,6,1984,1,10,1,1,1
2017010078893,1,9,-1,-1,0,3,0,-1,0,0,3,-1,6,2,41,7,1596,1,9,7,1,7
2017010078893,2,9,-1,-1,0,5,0,-1,0,0,1,-1,6,1,-1,-1,-1,-1,-1,-1,-1,-1
2017010078895,1,9,0,4,0,0,0,0,0,0,2,1,1,1,29,6,-1,-1,-1,5,1,5
2017010078895,2,3,0,15,0,0,2,0,0,0,1,1,6,1,24,5,124,1,7,2,1,2
2017010078895,3,9,0,3,0,0,0,0,0,0,1,1,6,1,53,8,2495,1,11,1,1,1
2017010078898,1,3,0,-1,-1,-1,-1,-1,-1,-1,-1,1,2,1,33,6,125,1,6,2,1,2
2017010078898,2,9,0,-1,-1,-1,-1,-1,-1,-1,0,-1,6,1,-1,-1,2993,2,7,-1,-1,-1
2017010078902,1,9,0,4,0,0,0,0,0,0,2,1,6,1,67,10,1397,1,9,8,1,8
2017010078902,2,9,0,4,0,0,0,0,0,0,2,1,6,1,38,7,998,1,2,8,1,8
2017010078902,3,19,0,4,0,0,0,0,0,0,1,1,6,1,41,7,1995,2,9,2,1,2
2017010078902,4,9,0,15,0,0,0,0,0,0,1,1,6,3,-1,-1,-1,-1,-1,-1,-1,-1
2017010078906,1,9,0,18,0,8,0,4,0,0,2,1,6,1,21,5,1598,1,1,2,1,2
2017010078906,2,9,0,18,0,8,0,0,1,3,1,1,6,1,34,6,2000,2,12,1,1,1
2017010078906,3,9,0,18,0,8,0,0,0,0,0,1,1,1,34,6,1995,2,3,4,1,4
2017010078906,4,9,0,3,0,1,0,0,0,0,1,1,6,2,21,5,1598,2,5,2,1,2
2017010078907,1,19,0,9,0,4,0,0,0,0,3,1,1,1,42,7,1995,2,-1,3,1,3
2017010078907,2,4,0,18,0,4,0,0,0,0,1,1,6,1,27,6,600,1,6,-1,-1,-1
2017010078909,1,9,-1,18,0,0,-1,0,0,0,1,-1,6,3,-1,-1,1364,1,3,-1,-1,-1
2017010078911,1,9,0,2,0,1,0,0,0,0,1,1,6,3,-1,-1,1242,1,5,-1,-1,-1
2017010078911,2,9,0,18,0,1,0,0,0,0,1,1,6,1,24,5,1598,1,6,5,1,5
2017010078914,1,9,0,9,0,8,0,0,0,0,1,1,6,1,31,6,1364,1,1,5,1,5
2017010078914,2,2,0,18,0,8,0,10,0,0,1,1,6,1,42,7,49,1,5,4,1,4
2017010078916,1,19,0,18,0,1,0,0,0,0,4,1,6,3,-1,-1,-1,-1,-1,-1,-1,-1
2017010078917,1,3,0,7,0,1,1,0,0,0,0,1,6,1,37,7,-1,-1,-1,2,1,2
2017010078921,1,5,0,18,-1,-1,-1,-1,-1,-1,-1,1,2,1,41,7,765,1,-1,8,3,8
2017010078921,2,9,0,-1,0,-1,0,0,0,0,-1,-1,6,3,-1,-1,1497,1,12,-1,-1,-1
2017010078922,1,9,0,6,0,2,0,0,0,0,3,1,6,1,40,7,1360,1,12,4,1,4
2017010078922,2,9,0,18,0,2,0,0,0,0,4,1,6,1,30,6,1995,2,5,7,1,7
2017010078923,1,9,0,18,0,1,0,0,0,0,1,1,2,1,49,8,1598,1,7,8,1,8
2017010078923,2,8,0,4,0,1,0,0,0,0,2,1,2,1,47,8,1896,2,8,3,1,3
2017010078924,1,19,0,2,0,0,0,0,0,0,2,1,6,3,-1,-1,2143,2,-1,-1,-1,-1
2017010078924,2,2,0,16,0,0,0,4,0,0,1,1,2,1,33,6,108,1,5,5,1,5
2017010078925,1,3,0,18,0,0,0,0,0,0,1,1,2,2,51,8,-1,-1,-1,4,1,4
2017010078925,2,9,0,10,0,0,0,0,0,0,1,1,6,1,56,9,5998,1,10,2,1,2
2017010078926,1,9,0,18,0,0,0,0,4,6,1,1,2,1,28,6,1388,1,13,8,1,8
2017010078926,2,19,0,11,0,0,0,0,0,0,0,1,6,3,-1,-1,-1,-1,-1,-1,-1,-1
2017010078933,1,19,0,14,0,1,0,0,0,0,1,1,6,3,-1,-1,-1,-1,-1,-1,-1,-1
2017010078947,1,19,0,18,0,0,0,0,0,0,2,1,1,1,63,9,2198,2,7,6,1,6
2017010078947,2,9,0,18,0,0,0,0,0,0,1,1,1,1,35,6,1968,2,3,2,1,2
2017010078952,1,9,0,9,0,5,0,0,0,0,4,1,2,2,34,6,1995,2,1,2,1,2
2017010078952,2,1,0,18,0,8,0,0,0,0,1,1,6,2,28,6,-1,-1,-1,4,1,4
2017010078958,1,9,0,-1,-1,0,-1,-1,-1,-1,2,-1,2,1,34,6,1968,2,2,4,1,4
2017010078958,2,9,0,-1,-1,0,-1,-1,-1,-1,1,-1,6,2,-1,-1,1560,2,4,-1,-1,-1
2017010078968,1,19,0,18,0,0,0,0,0,0,1,1,1,1,43,7,2402,2,11,2,1,2
2017010078968,2,9,0,4,0,0,0,0,0,0,2,1,6,1,62,9,2902,2,12,3,1,3
2017010078968,3,9,0,18,0,0,0,0,0,0,2,1,1,1,41,7,1560,2,5,6,1,6
2017010078972,1,1,-1,-1,-1,0,-1,-1,-1,-1,-1,1,2,1,50,8,-1,-1,-1,6,1,6
2017010078972,2,9,0,-1,-1,0,-1,-1,-1,-1,4,-1,6,1,-1,-1,-1,-1,-1,-1,-1,-1
2017010078982,1,9,-1,9,0,8,0,0,0,0,4,-1,6,1,53,8,2148,2,9,2,1,2
2017010078993,1,9,0,18,0,1,1,0,0,0,1,1,2,1,21,5,1390,1,17,6,1,6
2017010078993,2,9,0,2,0,8,0,10,1,0,2,1,6,3,-1,-1,1390,1,12,-1,-1,-1
2017010078995,1,1,0,18,0,1,0,0,0,0,1,1,2,1,29,6,-1,-1,-1,2,1,2
2017010078999,1,11,0,3,0,1,0,0,0,0,0,1,6,1,60,9,6692,2,7,-1,-1,-1
2017010079006,1,9,0,15,0,1,1,0,0,0,1,1,6,1,21,5,1596,1,14,6,1,6
2017010079006,2,90,5,4,0,1,0,0,0,0,4,1,6,3,-1,-1,-1,-1,-1,-1,-1,-1
2017010079006,3,9,0,2,0,3,0,0,0,0,2,1,6,3,-1,-1,1995,1,10,-1,-1,-1
2017010079007,1,9,0,18,0,8,0,0,0,0,4,1,1,1,35,6,-1,-1,-1,5,1,5
2017010079007,2,11,0,7,0,6,0,0,0,0,1,1,1,1,53,8,4250,2,8,4,1,4
2017010079013,1,9,0,4,0,0,0,0,0,0,4,1,2,2,55,8,1596,1,18,4,1,4
2017010079017,1,9,0,1,9,5,0,12,0,0,2,1,2,1,27,6,2993,2,10,-1,-1,-1
2017010079018,1,9,-1,-1,-1,-1,-1,-1,-1,-1,-1,-1,6,1,27,6,1595,1,5,-1,-1,-1
2017010079020,1,1,0,18,0,0,0,0,0,0,1,1,6,2,43,7,-1,-1,-1,5,1,5