Accident_Index,Vehicle_Reference,Vehicle_Type,Towing_and_Articulation,Vehicle_Manoeuvre,Vehicle_Location-Restricted_Lane,Junction_Location,Skidding_and_Overturning,Hit_Object_in_Carriageway,Vehicle_Leaving_Carriageway,Hit_Object_off_Carriageway,1st_Point_of_Impact,Was_Vehicle_Left_Hand_Drive?,Journey_Purpose_of_Driver,Sex_of_Driver,Age_of_Driver,Age_Band_of_Driver,Engine_Capacity_(CC),Propulsion_Code,Age_of_Vehicle,Driver_IMD_Decile,Driver_Home_Area_Type,Vehicle_IMD_Decile
2017010080236,2,9,0,-1,-1,-1,-1,-1,-1,-1,-1,-1,6,2,-1,-1,-1,-1,-1,-1,-1,-1
2017010080242,1,9,0,18,0,0,0,0,1,2,1,1,6,2,72,10,1968,2,7,9,1,9
2017010080243,1,9,0,18,0,8,0,10,0,0,1,1,6,2,57,9,1339,1,6,2,1,2
2017010080243,2,9,0,17,0,4,0,0,0,0,1,1,6,1,61,9,1797,8,7,10,1,10
2017010080244,1,9,0,18,0,0,0,0,0,0,1,1,6,1,28,6,1398,1,7,2,1,2
2017010080244,2,5,0,13,0,0,2,7,0,0,1,1,6,1,22,5,599,1,9,2,1,2
2017010080244,3,8,0,18,0,0,0,0,0,0,3,1,1,1,53,8,2499,2,10,3,1,3
2017010080249,1,9,0,18,0,1,0,0,0,0,3,1,6,2,43,7,2497,1,10,9,1,9
2017010080249,2,9,0,18,0,2,0,0,0,0,1,2,6,1,22,5,1968,2,3,3,1,3
2017010080252,1,9,0,18,0,1,1,0,0,0,1,1,6,1,34,6,1796,1,13,2,1,2
2017010080252,2,9,0,6,0,1,1,10,0,0,1,1,6,2,67,10,1395,1,1,6,2,6
2017010080253,1,3,0,18,0,8,0,0,0,0,1,1,6,1,37,7,125,1,-1,-1,-1,-1
2017010080253,2,90,0,9,0,8,0,0,0,0,1,1,6,1,56,9,-1,-1,-1,2,1,2
2017010080256,1,9,0,1,0,1,0,0,0,0,2,1,6,1,30,6,2204,2,7,4,1,4
2017010080257,1,9,0,18,0,0,0,0,1,1,1,1,6,2,36,7,1390,1,13,4,1,4
2017010080257,2,9,0,3,0,0,0,0,0,0,2,1,6,1,28,6,1596,1,17,3,1,3
2017010080257,3,11,0,18,0,0,5,0,0,0,2,1,1,1,34,6,4500,2,6,2,1,2
2017010080258,1,9,0,5,0,8,0,0,0,0,1,2,6,2,28,6,998,1,14,4,1,4
2017010080258,2,9,0,5,0,1,0,0,0,0,1,2,6,2,48,8,1968,2,2,2,1,2
2017010080263,1,11,0,5,2,1,0,0,0,0,1,1,1,1,44,7,4500,2,1,3,1,3
2017010080263,2,9,0,7,0,1,0,0,0,0,4,1,6,3,-1,-1,-1,-1,-1,-1,-1,-1
2017010080267,1,9,0,18,0,0,0,0,0,0,1,1,6,1,20,4,1596,1,5,3,1,3
2017010080269,1,9,0,-1,-1,0,-1,0,0,0,2,-1,6,1,29,6,1388,1,12,8,1,8
2017010080269,2,9,-1,3,0,0,0,0,0,0,1,-1,6,3,-1,-1,1368,1,9,-1,-1,-1
2017010080270,1,9,0,18,0,2,0,0,0,0,1,1,1,1,-1,-1,1560,2,3,2,1,2
2017010080272,1,9,0,18,0,8,5,4,0,0,1,1,6,2,34,6,1586,1,-1,1,1,1
2017010080272,2,9,0,2,0,8,0,0,0,0,0,1,6,3,-1,-1,-1,-1,-1,-1,-1,-1
2017010080276,1,9,0,4,0,0,0,0,0,0,2,1,6,1,57,9,1560,2,8,2,1,2
2017010080276,2,9,0,4,0,0,0,0,0,0,1,1,6,1,23,5,1900,2,17,3,1,3
2017010080277,1,8,0,18,0,4,0,0,0,0,1,1,6,1,40,7,1896,2,9,4,1,4
2017010080277,2,8,0,18,0,4,0,0,0,0,3,1,6,1,48,8,1998,2,5,2,1,2
2017010080278,1,9,0,18,0,1,0,0,0,0,1,1,6,1,23,5,-1,-1,-1,4,1,4
2017010080278,2,9,0,2,0,1,0,0,0,0,3,1,6,3,-1,-1,1598,2,4,-1,-1,-1
2017010080281,1,8,0,7,0,1,0,0,0,0,1,1,6,1,41,7,1997,2,6,4,1,4
2017010080281,2,9,0,18,0,1,0,0,0,0,1,1,2,2,43,7,-1,-1,-1,5,1,5
2017010080281,3,9,0,2,0,8,0,0,0,0,3,1,6,3,-1,-1,1799,1,10,-1,-1,-1
2017010080283,1,9,0,16,0,4,0,0,0,0,1,1,6,1,27,6,1149,1,9,2,1,2
2017010080286,1,8,0,18,0,2,0,0,0,0,4,1,1,1,55,8,2499,2,10,6,1,6
2017010080289,1,9,0,3,0,1,0,0,0,0,2,1,6,2,34,6,1199,1,18,-1,-1,-1
2017010080289,2,9,0,18,0,1,0,0,0,0,1,1,6,1,-1,-1,1399,2,9,-1,-1,-1
2017010080290,1,9,0,3,0,1,0,0,0,0,2,1,6,2,47,8,1299,1,14,5,1,5
2017010080292,1,8,0,-1,0,-1,0,-1,-1,-1,-1,-1,6,1,-1,-1,2499,2,7,-1,-1,-1
2017010080292,2,9,-1,18,0,-1,-1,-1,-1,-1,-1,-1,6,1,-1,-1,1388,1,10,-1,-1,-1
2017010080294,1,9,0,-1,0,-1,0,0,0,0,2,-1,6,2,-1,-1,1598,2,2,3,1,3
2017010080294,2,9,0,-1,0,-1,0,0,0,0,1,-1,6,2,-1,-1,1968,2,10,-1,-1,-1
2017010080298,1,9,0,9,0,8,0,0,0,0,0,1,2,1,36,7,1596,1,6,8,1,8
2017010080298,2,1,0,7,0,8,2,0,0,0,0,1,6,1,49,8,-1,-1,-1,9,1,9
2017010080300,1,9,0,-1,0,1,0,0,0,0,3,-1,6,1,57,9,2967,2,1,-1,-1,-1
2017010080300,2,8,0,-1,0,1,0,0,0,0,2,-1,6,1,23,5,2143,2,3,4,1,4
2017010080313,1,19,0,5,0,2,0,0,0,0,1,1,1,1,46,8,2143,2,3,8,2,8
2017010080313,2,9,0,18,0,1,0,0,0,0,2,1,2,1,47,8,1995,2,1,3,1,3
2017010080317,1,2,0,8,0,1,0,0,1,0,1,1,6,1,27,6,-1,-1,-1,-1,-1,-1
2017010080318,1,9,3,9,0,5,0,0,0,0,1,1,6,1,31,6,1985,1,16,5,1,5
2017010080318,2,9,0,18,0,1,0,0,0,0,1,1,6,2,46,8,1242,1,14,3,1,3
2017010080325,1,9,0,4,0,0,0,0,0,0,1,2,1,2,20,4,-1,-1,-1,3,1,3
2017010080325,2,9,0,4,0,0,0,0,0,0,2,1,2,2,43,7,1497,8,1,1,1,1
2017010080331,1,1,0,-1,0,-1,0,0,0,0,-1,1,6,1,43,7,-1,-1,-1,1,1,1
2017010080332,1,9,0,17,0,8,0,0,0,0,2,1,6,1,31,6,1242,1,6,9,1,9
2017010080332,2,9,0,18,0,8,0,0,0,0,1,1,6,1,32,6,1968,2,-1,9,1,9
2017010080335,1,9,0,13,0,1,1,7,0,0,1,1,6,1,20,4,1596,1,6,-1,-1,-1
2017010080335,2,9,0,18,0,1,1,7,0,0,2,1,6,2,52,8,1596,1,10,10,1,10
2017010080339,1,11,0,5,0,-1,0,0,0,0,0,1,1,1,-1,-1,-1,-1,-1,-1,-1,-1
2017010080346,1,9,0,-1,-1,-1,-1,-1,-1,-1,-1,-1,6,1,40,7,1497,8,-1,4,1,4
2017010080346,2,19,0,-1,-1,-1,-1,-1,-1,-1,-1,-1,6,3,-1,-1,1560,2,6,-1,-1,-1
2017010080347,1,1,0,18,2,8,0,0,0,0,2,1,6,1,13,3,-1,-1,-1,4,1,4
2017010080347,2,9,0,15,2,8,0,0,0,0,0,1,1,1,34,6,2987,2,6,3,1,3
2017010080350,1,9,0,18,0,1,0,0,0,0,2,1,6,1,79,11,1584,1,11,5,1,5
2017010080350,2,9,0,18,0,2,1,9,0,0,1,1,6,1,32,6,1598,1,4,3,1,3
2017010080351,1,9,0,18,0,2,0,0,0,0,3,1,6,1,23,5,1598,1,14,7,1,7
2017010080354,1,8,0,15,0,8,0,0,0,0,1,1,1,1,52,8,2402,2,11,-1,-1,-1
2017010080354,2,1,0,9,0,8,0,0,1,0,4,1,2,1,33,6,-1,-1,-1,4,1,4
2017010080360,1,9,0,18,0,1,0,0,0,0,1,1,6,3,-1,-1,-1,-1,-1,-1,-1,-1
2017010080361,1,9,0,-1,-1,0,-1,-1,-1,-1,2,-1,6,1,43,7,2143,2,1,5,1,5
2017010080364,1,9,0,-1,-1,0,-1,-1,-1,-1,1,-1,6,1,66,10,998,1,2,8,1,8
2017010080367,1,11,0,18,2,1,0,0,0,0,4,1,1,1,28,6,-1,-1,-1,5,1,5
2017010080378,1,9,0,18,0,1,0,0,0,0,1,1,6,1,54,8,1368,1,9,7,1,7
2017010080383,1,11,0,4,2,1,0,0,0,0,4,1,1,1,42,7,-1,-1,-1,9,1,9
2017010080383,2,19,0,11,0,2,0,0,0,0,3,1,6,3,-1,-1,-1,-1,-1,-1,-1,-1
2017010080384,1,9,0,-1,-1,-1,-1,-1,-1,-1,2,-1,6,2,41,7,1596,1,9,7,1,7
2017010080385,1,11,0,18,0,1,0,0,0,0,0,1,1,1,27,6,6700,2,6,3,1,3
2017010080387,1,9,0,18,0,2,0,0,0,0,3,1,6,2,24,5,1598,1,7,2,1,2
2017010080389,1,9,-1,18,-1,-1,-1,0,0,0,-1,-1,6,3,-1,-1,-1,-1,-1,-1,-1,-1
2017010080393,1,9,0,10,9,6,0,0,0,0,4,2,6,1,79,11,1598,1,5,10,1,10
2017010080394,1,19,0,9,0,8,0,11,0,0,1,2,1,1,38,7,2143,2,2,1,1,1
2017010080395,1,11,0,18,2,0,0,0,0,0,0,1,1,1,51,8,5132,2,-1,-1,-1,-1
2017010080396,1,9,0,18,0,2,5,0,0,0,1,1,6,1,33,6,2183,2,7,2,1,2
2017010080396,2,9,0,2,0,2,0,0,0,0,3,1,6,3,-1,-1,2496,1,12,-1,-1,-1
2017010080397,1,9,0,18,0,1,0,0,0,0,1,1,1,1,38,7,1598,2,2,-1,-1,-1
2017010080397,2,4,0,18,0,6,0,0,0,0,1,1,6,1,16,4,499,1,8,10,1,10
2017010080398,1,11,0,18,2,1,0,0,0,0,4,1,1,1,32,6,6692,2,4,4,1,4
2017010080398,2,8,0,7,0,7,0,0,0,0,1,1,1,1,-1,-1,1797,8,6,2,1,2
2017010080399,1,9,0,7,0,1,0,0,0,0,4,1,6,1,23,5,1968,2,1,1,1,1
2017010080399,2,9,0,5,0,1,0,0,0,0,1,1,2,1,24,5,1229,1,6,1,1,1
2017010080404,1,8,0,18,0,2,0,0,0,0,1,1,1,1,32,6,2143,2,-1,5,1,5
2017010080406,1,9,0,-1,-1,0,-1,-1,-1,-1,1,-1,2,1,27,6,999,1,6,3,1,3
2017010080406,2,9,0,-1,-1,0,-1,-1,-1,-1,-1,-1,6,3,-1,-1,1400,1,10,-1,-1,-1
2017010080407,1,9,0,-1,0,7,0,0,0,0,2,-1,2,1,45,7,1587,1,11,3,1,3
2017010080407,2,9,0,-1,-1,-1,-1,-1,-1,-1,1,-1,6,1,-1,-1,1794,1,9,-1,-1,-1
2017010080410,1,9,0,18,0,0,0,0,0,0,1,1,6,2,31,6,1339,1,12,6,1,6
2017010080414,1,9,0,-1,-1,-1,-1,-1,-1,-1,2,-1,6,1,28,6,1560,2,6,8,1,8
2017010080414,2,9,0,-1,-1,-1,-1,-1,-1,-1,1,-1,6,3,-1,-1,-1,-1,-1,-1,-1,-1
2017010080415,1,9,0,7,0,5,0,0,0,0,3,1,2,1,32,6,1761,1,19,2,1,2
2017010080415,2,2,0,13,0,5,0,0,0,0,1,1,2,1,39,7,109,1,3,6,1,6
2017010080416,1,19,0,7,0,8,0,0,0,0,1,2,6,1,40,7,2300,2,11,9,1,9
2017010080418,1,5,0,14,0,2,0,0,0,0,1,1,2,1,26,6,1690,1,-1,6,1,6
2017010080418,2,3,0,5,0,2,0,0,0,0,4,1,1,1,19,4,108,1,3,7,1,7
2017010080419,1,3,0,4,0,2,0,0,0,0,3,1,6,1,25,5,998,1,-1,9,1,9
2017010080421,1,3,0,18,0,1,1,0,0,0,0,1,6,1,36,7,-1,-1,-1,4,1,4
2017010080421,2,9,0,3,0,2,0,0,0,0,1,1,6,1,42,7,2000,2,6,2,1,2
2017010080421,3,9,0,5,0,1,0,0,0,0,0,1,6,1,67,10,2143,2,7,4,1,4
2017010080422,1,9,0,4,0,1,0,0,0,0,2,1,6,1,37,7,1497,8,11,2,1,2
2017010080422,2,9,0,4,0,1,0,0,0,0,1,1,2,1,20,4,1797,8,4,8,1,8
2017010080424,1,1,-1,-1,-1,-1,-1,-1,-1,-1,2,1,6,1,33,6,-1,-1,-1,2,1,2
2017010080424,2,19,0,-1,-1,-1,-1,-1,-1,-1,1,-1,6,1,-1,-1,1248,2,3,5,1,5
2017010080425,1,3,0,8,0,1,0,0,0,0,1,1,6,1,33,6,108,1,9,2,1,2
2017010080425,2,9,0,9,0,2,0,0,0,0,1,1,6,1,21,5,1995,2,4,4,1,4
2017010080427,1,9,0,7,0,2,0,0,0,0,3,1,6,1,22,5,1299,1,15,1,1,1
2017010080428,1,9,0,18,0,2,0,0,0,0,1,1,6,1,76,11,1596,1,13,7,1,7
2017010080431,1,9,0,-1,-1,-1,-1,-1,-1,-1,4,-1,6,2,45,7,1395,1,3,5,1,5
2017010080431,2,19,0,-1,-1,-1,-1,-1,-1,-1,2,-1,6,3,-1,-1,1686,2,14,-1,-1,-1
2017010080434,1,9,0,9,0,6,0,0,0,0,3,1,6,1,29,6,1390,1,14,6,1,6
2017010080434,2,3,0,18,0,1,0,0,0,0,1,1,6,1,27,6,108,1,1,10,1,10
2017010080436,1,9,0,16,9,1,1,7,6,1,1,1,6,2,36,7,1596,1,10,-1,-1,-1
2017010080438,1,9,0,18,0,0,1,4,0,0,1,1,6,1,54,8,1796,1,15,4,1,4
2017010080438,2,9,0,2,0,0,0,0,7,0,2,1,6,3,-1,-1,-1,-1,-1,-1,-1,-1
2017010080444,1,9,0,18,0,0,0,0,0,0,1,1,2,1,34,6,1597,1,8,2,1,2
2017010080444,2,9,0,18,0,0,0,0,0,0,1,1,6,2,38,7,973,1,17,1,1,1
2017010080449,1,9,0,9,0,8,0,0,0,0,0,1,6,2,25,5,1242,1,5,-1,-1,-1
2017010080449,2,1,0,9,0,8,2,11,0,0,1,1,2,1,31,6,-1,-1,-1,4,1,4
2017010080451,1,9,0,9,0,3,0,0,0,0,1,1,6,2,36,7,2967,2,-1,8,1,8
2017010080451,2,9,0,9,0,2,0,0,0,0,3,1,6,2,68,10,1397,1,8,10,1,10
2017010080451,3,19,0,9,0,1,0,0,0,0,1,1,6,1,45,7,1753,2,11,5,1,5
2017010080458,1,9,0,18,0,5,1,0,0,0,1,1,6,2,31,6,1330,1,12,1,1,1
2017010080458,2,9,0,18,0,3,1,0,0,0,1,1,2,2,50,8,1395,1,-1,4,1,4
2017010080471,1,19,0,18,0,2,0,0,0,0,1,1,1,2,28,6,1997,2,-1,4,1,4
2017010080475,1,9,-1,18,0,1,0,0,0,0,1,-1,6,2,-1,-1,1997,2,4,2,1,2
2017010080477,1,9,-1,-1,-1,-1,-1,-1,-1,-1,-1,-1,6,1,38,7,1798,8,4,2,1,2
2017010080477,2,9,-1,1,-1,-1,-1,-1,-1,-1,-1,-1,6,2,-1,-1,2958,2,13,-1,1,-1
2017010080490,1,3,0,-1,-1,0,-1,-1,-1,-1,-1,1,6,2,29,6,125,1,2,6,1,6
2017010080490,2,9,0,-1,-1,0,-1,-1,-1,-1,1,-1,6,1,-1,-1,-1,-1,-1,6,1,6
2017010080496,1,9,0,5,0,1,0,0,0,0,1,1,6,1,23,5,1242,1,6,-1,-1,-1
2017010080505,1,9,0,18,0,8,0,0,0,0,1,1,1,1,51,8,1686,2,7,5,1,5
2017010080505,2,9,0,8,0,8,0,0,0,0,1,1,6,1,33,6,1598,1,12,7,1,7
2017010080506,1,90,0,18,0,2,1,0,0,0,1,1,6,1,-1,-1,-1,-1,-1,2,1,2
2017010080507,1,5,0,15,0,0,0,0,0,0,1,1,1,1,28,6,645,1,9,2,1,2
2017010080507,2,9,0,18,0,0,0,0,0,0,4,1,6,1,48,8,1499,1,-1,5,1,5
2017010080510,1,9,0,9,0,1,0,0,0,0,3,1,6,1,39,7,2143,2,4,6,1,6
2017010080510,2,9,0,18,0,1,0,0,0,0,4,1,6,2,46,8,1596,1,3,4,1,4
2017010080514,1,11,0,15,0,1,0,0,0,0,1,1,1,1,31,6,9360,2,6,4,1,4
2017010080514,2,1,0,9,0,1,0,0,0,0,2,1,6,1,18,4,-1,-1,-1,6,1,6
2017010080515,1,1,-1,-1,-1,-1,-1,-1,-1,-1,-1,1,2,1,24,5,-1,-1,-1,5,1,5
2017010080515,2,9,0,-1,-1,-1,-1,-1,-1,-1,-1,-1,6,1,27,6,2362,1,10,5,1,5
2017010080517,1,9,0,7,0,6,0,0,0,0,2,1,6,1,22,5,1560,2,6,2,1,2
2017010080517,2,9,0,7,0,6,0,0,0,0,1,2,6,1,48,8,2199,2,1,-1,-1,-1
2017010080518,1,9,0,4,0,0,0,0,0,0,1,1,6,2,32,6,2987,2,2,3,1,3
2017010080518,2,9,0,4,0,0,0,0,0,0,2,1,6,1,25,5,1240,1,7,6,1,6
2017010080526,1,21,1,11,0,0,0,0,0,0,4,1,1,1,53,8,12809,2,1,3,1,3
2017010080526,2,9,0,18,0,0,0,0,0,0,3,1,6,1,37,7,1781,1,12,6,1,6
2017010080529,1,11,0,18,0,0,0,0,0,0,4,1,1,1,51,8,6700,2,5,4,1,4
2017010080530,1,9,0,-1,-1,0,-1,-1,-1,-1,2,-1,6,1,39,7,1798,1,16,4,1,4
2017010080530,2,9,-1,18,0,0,-1,0,0,0,1,-1,6,2,37,7,1596,1,6,3,1,3
2017010080534,1,11,0,5,3,1,0,0,0,0,0,1,1,1,54,8,6700,2,7,6,1,6
2017010080534,2,9,0,13,0,1,0,0,0,0,0,1,6,3,-1,-1,-1,-1,-1,-1,-1,-1
2017010080535,1,9,0,17,0,2,0,0,0,0,1,1,1,1,45,7,1997,2,3,3,1,3
2017010080536,1,9,0,9,0,8,0,0,0,0,1,1,1,1,31,6,2143,2,2,2,1,2
2017010080536,2,3,0,18,0,8,0,0,0,0,1,1,1,1,30,6,125,1,3,1,1,1
2017010080538,1,11,0,18,0,4,0,0,0,0,1,1,1,2,51,8,6700,2,6,5,1,5
2017010080538,2,9,0,18,0,4,0,0,0,0,2,1,6,2,22,5,1197,1,2,7,3,7
2017010080541,1,8,0,5,0,3,0,0,0,0,1,1,6,1,39,7,1910,2,9,2,1,2
2017010080541,2,9,0,5,0,3,0,0,0,0,4,1,6,1,30,6,2993,2,9,3,1,3
2017010080545,1,9,0,18,0,0,0,0,0,0,1,1,6,1,59,9,1595,1,17,1,1,1
2017010080547,1,9,0,-1,-1,0,-1,-1,-1,-1,1,-1,6,1,31,6,1988,1,14,6,1,6
2017010080547,2,9,0,-1,-1,0,-1,-1,-1,-1,-1,-1,6,1,-1,-1,1995,1,10,5,1,5
2017010080552,1,9,0,18,0,7,0,0,0,0,3,1,6,1,31,6,2000,2,7,2,1,2
2017010080552,2,19,0,4,0,6,0,0,1,0,3,1,1,1,58,9,2198,2,5,2,1,2
2017010080555,1,9,0,18,0,8,0,0,0,0,3,1,6,1,39,7,1560,2,4,8,1,8
2017010080555,2,9,0,18,0,8,0,0,0,0,1,1,6,1,23,5,1995,2,3,2,1,2
2017010080557,1,1,-1,-1,0,-1,-1,-1,0,0,-1,1,6,3,-1,-1,-1,-1,-1,-1,-1,-1
2017010080558,1,9,0,9,0,8,0,0,0,0,1,1,6,1,21,5,1686,2,6,6,1,6
2017010080558,2,4,0,18,0,1,0,0,0,0,1,1,6,1,17,4,125,1,7,7,1,7
2017010080561,1,9,0,7,0,4,0,0,0,0,1,1,6,1,67,10,1497,8,9,4,1,4
2017010080561,2,1,0,7,0,1,0,0,0,0,1,1,6,1,42,7,-1,-1,-1,5,1,5
2017010080562,1,3,0,5,0,8,0,0,0,0,3,1,1,1,-1,-1,125,1,12,2,1,2
2017010080562,2,3,0,13,0,8,1,0,0,0,1,1,6,1,-1,-1,125,1,1,2,1,2
2017010080563,1,9,0,9,0,5,0,0,0,0,4,1,6,2,22,5,1240,1,8,3,1,3
2017010080563,2,3,0,18,0,1,0,0,0,0,1,1,6,1,33,6,125,1,2,4,1,4
2017010080564,1,9,0,18,0,1,0,0,0,0,4,1,1,1,55,8,1997,2,4,3,1,3
2017010080564,2,19,0,10,0,8,0,0,0,0,3,1,6,1,59,9,2500,2,10,3,1,3
2017010080565,1,9,0,18,0,8,1,0,8,2,4,1,6,1,21,5,1796,1,10,3,1,3
2017010080565,2,9,0,9,0,8,0,0,0,0,1,1,6,1,51,8,1198,1,2,2,1,2
2017010080567,1,9,0,-1,-1,-1,-1,-1,-1,-1,2,-1,6,1,47,8,-1,-1,-1,4,1,4
2017010080568,1,9,0,3,0,2,0,0,0,0,2,1,6,2,68,10,1791,8,6,7,1,7
2017010080568,2,9,0,18,0,1,0,0,0,0,1,1,6,2,69,10,1339,1,9,5,1,5
2017010080569,1,9,0,10,0,6,0,0,0,0,3,1,6,1,31,6,999,1,-1,1,1,1
2017010080569,2,3,0,14,0,1,0,0,0,0,1,1,1,1,27,6,125,1,12,8,1,8
2017010080574,1,9,0,18,0,8,0,0,0,0,1,1,6,2,25,5,999,1,8,4,1,4
2017010080574,2,9,0,9,0,5,0,0,1,0,3,1,6,2,56,9,1595,1,14,2,1,2
2017010080575,1,9,0,9,0,1,0,0,0,0,3,1,1,1,40,7,1997,2,5,2,1,2
2017010080575,2,9,0,5,0,1,0,0,0,0,1,1,6,3,-1,-1,1598,2,1,-1,-1,-1
2017010080578,1,9,0,7,0,6,0,0,0,0,4,1,1,1,29,6,-1,-1,-1,7,1,7
2017010080578,2,3,0,18,0,1,0,0,0,0,1,1,6,1,28,6,125,1,7,5,1,5
2017010080579,1,9,0,3,0,1,0,0,0,0,2,1,6,2,42,7,-1,-1,-1,3,1,3
2017010080579,2,9,0,4,0,1,0,0,0,0,1,1,6,2,35,6,1596,1,11,-1,-1,-1
2017010080581,1,9,0,18,0,8,0,7,0,0,2,1,6,1,25,5,1968,2,1,3,1,3
2017010080581,2,9,0,9,0,6,0,0,0,0,1,1,6,2,21,5,-1,-1,-1,1,1,1
2017010080582,1,9,0,18,0,2,1,4,0,0,1,1,6,1,33,6,2987,2,7,5,1,5
2017010080582,2,9,0,2,0,2,1,0,0,0,1,1,6,3,-1,-1,1995,2,-1,-1,-1,-1
2017010080582,3,9,0,2,0,2,0,0,0,0,2,1,6,3,-1,-1,1242,1,15,-1,-1,-1
2017010080582,4,9,0,2,0,2,0,0,0,0,2,1,6,3,-1,-1,1339,1,12,-1,-1,-1
2017010080582,5,9,0,2,0,2,0,0,0,0,3,1,6,3,-1,-1,1968,2,12,-1,-1,-1
2017010080585,1,9,0,-1,-1,-1,-1,-1,-1,-1,-1,-1,6,1,39,7,-1,3,4,2,1,2
2017010080585,2,9,0,-1,-1,-1,-1,-1,-1,-1,-1,-1,6,1,-1,-1,1390,1,7,-1,-1,-1
2017010080586,1,9,0,13,0,0,0,11,0,0,1,1,6,1,27,6,1995,2,1,2,1,2
2017010080587,1,1,-1,-1,-1,-1,-1,-1,-1,-1,1,1,2,1,41,7,-1,-1,-1,2,1,2
2017010080587,2,8,0,-1,-1,-1,-1,-1,-1,-1,0,-1,6,1,-1,-1,2499,2,10,9,1,9
2017010080589,1,9,0,9,0,2,0,0,0,0,3,1,6,2,27,6,1197,1,5,6,1,6
2017010080589,2,3,0,18,0,1,5,0,0,0,1,1,6,1,22,5,108,1,3,7,1,7
2017010080593,1,3,0,18,0,0,1,0,0,0,0,1,1,1,28,6,108,1,2,5,1,5
2017010080593,2,9,0,6,0,0,0,0,0,0,0,1,6,3,-1,-1,1997,2,2,-1,-1,-1
2017010080597,1,9,0,18,0,0,1,4,0,0,1,1,6,1,24,5,1397,1,6,-1,-1,-1
2017010080597,2,9,0,2,6,0,0,4,1,1,2,1,6,3,-1,-1,3189,1,15,-1,-1,-1
2017010080599,1,9,0,6,0,6,0,0,0,0,3,1,6,1,44,7,1998,2,2,2,1,2
2017010080599,2,9,0,18,0,8,0,0,0,0,1,1,1,1,46,8,1498,1,-1,3,1,3
2017010080602,1,9,0,18,0,0,0,4,0,0,1,1,6,1,25,5,1968,2,1,6,1,6
2017010080602,2,9,0,2,0,0,0,4,0,0,2,1,6,3,-1,-1,1560,2,6,-1,-1,-1
2017010080602,3,19,0,2,0,0,0,0,0,0,2,1,6,3,-1,-1,1560,2,1,-1,-1,-1
2017010080613,1,9,-1,18,0,0,-1,0,0,0,2,-1,6,1,37,7,2148,2,12,1,1,1
2017010080613,2,9,-1,18,0,0,-1,0,0,0,1,-1,6,1,-1,-1,2993,2,7,7,1,7
2017010080616,1,9,0,3,-1,0,0,0,-1,0,-1,-1,6,1,24,5,1797,8,4,3,1,3
2017010080616,2,90,0,-1,-1,0,0,0,-1,0,-1,-1,6,3,-1,-1,-1,-1,-1,-1,-1,-1
2017010080624,1,5,0,-1,-1,-1,-1,-1,-1,-1,2,1,6,1,42,7,656,1,8,4,1,4
2017010080624,2,9,0,-1,-1,-1,-1,-1,-1,-1,1,-1,6,1,-1,-1,2143,2,2,-1,-1,-1
2017010080625,1,1,-1,-1,-1,0,-1,-1,-1,-1,1,1,2,1,57,9,-1,-1,-1,3,1,3
2017010080626,1,9,0,-1,-1,-1,-1,-1,-1,-1,-1,-1,6,2,53,8,998,1,10,6,1,6
2017010080626,2,9,-1,-1,-1,-1,-1,-1,-1,-1,-1,-1,1,1,51,8,-1,-1,-1,5,1,5
2017010080630,1,9,0,18,0,8,0,0,0,0,1,1,2,2,48,8,1598,1,13,2,1,2
2017010080630,2,9,0,18,0,1,0,0,0,0,1,1,6,2,25,5,1499,1,-1,8,1,8
2017010080631,1,1,0,16,9,0,0,0,0,0,1,1,6,2,45,7,-1,-1,-1,1,1,1
2017010080631,2,1,0,17,9,0,0,0,0,0,1,1,6,1,34,6,-1,-1,-1,2,1,2
2017010080635,1,9,-1,-1,-1,-1,-1,-1,-1,-1,-1,-1,6,1,20,4,1968,2,7,10,1,10
2017010080635,2,9,-1,-1,-1,-1,-1,-1,-1,-1,-1,-1,6,1,-1,-1,1590,1,12,-1,-1,-1
2017010080636,1,9,0,18,0,1,0,0,0,0,1,1,6,1,21,5,1595,1,4,7,1,7
2017010080637,1,3,0,18,0,0,0,-1,0,0,2,1,6,1,33,6,124,1,10,4,1,4
2017010080637,2,3,0,18,0,0,0,-1,0,0,1,1,6,1,-1,-1,125,1,4,-1,-1,-1
2017010080643,1,9,0,-1,-1,-1,-1,-1,-1,-1,2,-1,6,2,34,6,1199,1,14,1,1,1
2017010080643,2,9,0,-1,-1,-1,-1,-1,-1,-1,-1,-1,6,3,-1,-1,1997,1,4,-1,-1,-1
2017010080645,1,2,0,18,0,0,2,0,0,0,1,1,6,1,25,5,125,1,7,-1,-1,-1
2017010080645,2,9,0,6,0,0,0,0,0,0,3,1,6,3,-1,-1,-1,-1,-1,-1,-1,-1
2017010080653,1,1,0,18,0,0,0,0,0,0,0,1,6,2,36,7,-1,-1,-1,2,1,2
2017010080653,2,9,0,18,0,0,0,0,0,0,0,-1,6,3,-1,-1,1975,1,11,-1,-1,-1
2017010080654,1,1,0,18,0,8,0,0,0,0,1,1,6,1,21,5,-1,-1,-1,4,1,4
2017010080656,1,8,0,18,0,8,0,0,0,0,1,1,1,1,53,8,2143,2,-1,7,1,7
2017010080660,1,2,0,18,0,0,1,0,0,0,0,1,2,1,55,8,108,1,-1,-1,-1,-1
2017010080665,1,9,0,18,0,0,0,0,0,0,1,1,6,1,23,5,1498,1,7,3,1,3
2017010080665,2,9,0,4,0,0,0,0,0,0,2,1,6,2,55,8,1598,1,18,3,1,3
2017010080673,1,9,0,9,0,5,0,0,0,0,3,1,6,1,51,8,1910,2,10,10,1,10
2017010080673,2,3,0,13,0,8,0,0,0,0,1,1,6,1,25,5,125,1,2,7,1,7