Accident_Index,Vehicle_Reference,Vehicle_Type,Towing_and_Articulation,Vehicle_Manoeuvre,Vehicle_Location-Restricted_Lane,Junction_Location,Skidding_and_Overturning,Hit_Object_in_Carriageway,Vehicle_Leaving_Carriageway,Hit_Object_off_Carriageway,1st_Point_of_Impact,Was_Vehicle_Left_Hand_Drive?,Journey_Purpose_of_Driver,Sex_of_Driver,Age_of_Driver,Age_Band_of_Driver,Engine_Capacity_(CC),Propulsion_Code,Age_of_Vehicle,Driver_IMD_Decile,Driver_Home_Area_Type,Vehicle_IMD_Decile
2017010080675,1,5,0,18,0,0,2,0,0,0,0,1,6,1,31,6,999,1,8,5,1,5
2017010080676,1,11,0,10,0,2,0,0,0,0,3,2,1,1,61,9,4500,2,3,6,1,6
2017010080676,2,9,0,13,0,1,0,0,0,0,1,1,6,1,19,4,1968,2,7,3,1,3
2017010080697,1,11,0,5,0,1,0,0,0,0,0,1,1,1,54,8,4461,2,3,2,1,2
2017010080699,1,9,0,-1,-1,-1,-1,-1,-1,-1,2,-1,6,1,24,5,1794,1,14,7,1,7
2017010080699,2,9,0,-1,-1,-1,-1,-1,-1,-1,1,-1,6,1,-1,-1,1388,1,12,6,1,6
2017010080708,1,9,-1,-1,-1,-1,-1,-1,-1,-1,-1,-1,6,3,-1,-1,-1,-1,-1,-1,-1,-1
2017010080709,1,9,0,9,0,1,0,0,0,0,2,1,6,1,25,5,1368,1,1,4,1,4
2017010080709,2,9,0,9,0,1,0,0,0,0,1,1,6,1,16,4,-1,-1,-1,-1,-1,-1
2017010080713,1,9,-1,18,-1,1,0,0,0,0,1,-1,6,3,-1,-1,1595,1,10,-1,-1,-1
2017010080714,1,8,0,18,0,1,0,0,0,0,0,1,6,1,44,7,1968,2,2,3,1,3
2017010080716,1,9,0,4,0,1,0,0,0,0,1,1,6,1,28,6,999,1,8,2,1,2
2017010080716,2,2,0,4,0,1,0,0,0,0,2,1,1,1,39,7,108,1,4,3,1,3
2017010080717,1,9,0,6,0,8,0,0,0,0,2,1,6,2,29,6,1242,1,7,3,1,3
2017010080717,2,9,0,5,0,8,0,0,0,0,1,1,6,1,42,7,2697,2,11,5,1,5
2017010080718,1,3,0,18,0,1,5,0,0,0,1,1,6,1,34,6,125,1,20,3,1,3
2017010080718,2,9,0,9,0,5,0,0,0,0,1,1,6,3,-1,-1,-1,-1,-1,-1,-1,-1
2017010080721,1,9,0,7,0,2,0,0,0,0,1,1,6,2,36,7,1246,1,13,2,1,2
2017010080721,2,3,0,13,0,1,0,4,0,0,1,1,6,1,17,4,-1,-1,-1,-1,-1,-1
2017010080725,1,9,0,18,0,8,0,0,0,0,2,1,6,1,58,9,1998,1,17,4,1,4
2017010080725,2,11,0,18,0,8,0,0,0,0,1,1,6,1,57,9,4500,2,10,2,1,2
2017010080729,1,3,0,18,0,8,0,0,0,0,1,1,6,1,19,4,125,1,4,8,1,8
2017010080729,2,9,0,9,0,6,0,0,0,0,1,1,6,2,55,8,1995,2,7,9,3,9
2017010080731,1,9,0,10,0,4,0,0,0,0,2,1,6,1,45,7,1995,2,13,2,1,2
2017010080731,2,9,0,10,0,4,0,0,0,0,1,1,6,2,22,5,1242,1,11,2,1,2
2017010080735,1,9,0,-1,-1,0,-1,-1,-1,-1,-1,-1,6,2,41,7,1968,2,6,6,1,6
2017010080735,2,9,-1,-1,-1,0,-1,-1,-1,-1,-1,-1,6,3,-1,-1,1598,1,19,-1,-1,-1
2017010080743,1,9,0,7,0,5,0,0,0,0,0,1,6,1,26,6,1598,2,-1,3,1,3
2017010080746,1,9,0,-1,-1,-1,-1,-1,-1,-1,1,-1,6,1,27,6,1363,2,13,8,1,8
2017010080746,2,9,0,-1,-1,-1,-1,-1,-1,-1,3,-1,6,2,41,7,-1,-1,-1,6,1,6
2017010080748,1,9,0,18,0,8,0,7,6,1,1,1,6,1,37,7,2499,1,11,-1,-1,-1
2017010080748,2,9,0,18,0,8,0,0,0,0,1,1,6,1,19,4,1598,2,2,-1,-1,-1
2017010080748,3,8,0,18,0,2,0,0,0,0,2,1,1,1,33,6,1956,2,6,1,1,1
2017010080750,1,9,0,18,0,8,0,0,0,0,3,1,6,2,24,5,1229,1,6,2,1,2
2017010080750,2,9,3,18,0,8,0,0,0,0,4,1,1,1,27,6,999,1,-1,7,1,7
2017010080753,1,9,0,18,0,1,0,0,0,0,1,1,6,1,81,11,1796,1,18,6,1,6
2017010080753,2,9,0,18,0,1,0,0,0,0,3,1,6,2,56,9,1400,1,11,-1,-1,-1
2017010080754,1,9,0,18,0,2,0,0,0,0,3,1,6,2,51,8,1240,1,13,2,1,2
2017010080754,2,3,0,13,0,2,0,0,0,0,4,1,6,1,27,6,125,1,3,1,1,1
2017010080755,1,9,0,18,0,1,0,0,0,0,1,1,1,1,33,6,2143,12,3,4,1,4
2017010080756,1,9,0,18,0,2,0,0,0,0,1,1,6,2,48,8,1364,1,-1,9,1,9
2017010080758,1,8,0,18,0,2,0,0,0,0,4,1,1,1,47,8,2143,12,4,5,1,5
2017010080759,1,9,0,9,0,5,0,0,0,0,1,1,6,1,30,6,1598,1,8,5,1,5
2017010080759,2,3,0,18,0,1,0,0,0,0,1,1,1,1,41,7,108,1,-1,1,1,1
2017010080760,1,5,0,5,0,4,0,0,0,0,2,1,6,1,29,6,649,1,11,8,1,8
2017010080760,2,21,1,18,0,4,0,0,0,0,1,2,1,1,33,6,-1,-1,-1,-1,-1,-1
2017010080761,1,9,0,7,0,6,0,0,0,0,3,1,6,1,23,5,1395,1,3,1,1,1
2017010080761,2,9,0,18,0,1,0,0,0,0,1,1,6,1,29,6,1995,2,13,3,1,3
2017010080762,1,5,0,18,0,0,1,12,0,0,1,1,2,1,47,8,656,1,10,7,1,7
2017010080763,1,3,0,5,0,1,0,0,0,0,2,1,1,1,45,7,108,1,2,2,1,2
2017010080763,2,9,0,18,0,1,0,0,0,0,1,1,6,3,-1,-1,-1,-1,-1,-1,-1,-1
2017010080764,1,9,0,18,0,0,0,4,1,1,3,1,6,3,-1,-1,1995,2,9,-1,-1,-1
2017010080764,2,9,0,2,6,0,0,0,0,0,1,1,6,3,-1,-1,1995,2,8,-1,-1,-1
2017010080764,3,9,0,2,6,0,0,0,0,0,2,1,6,3,-1,-1,1968,2,4,-1,-1,-1
2017010080767,1,9,0,18,0,6,0,0,0,0,1,1,6,2,22,5,1389,1,13,2,1,2
2017010080767,2,9,0,18,0,8,0,0,0,0,1,1,1,2,32,6,1560,2,3,-1,-1,-1
2017010080768,1,1,-1,-1,-1,0,-1,-1,-1,-1,-1,1,2,2,44,7,-1,-1,-1,4,1,4
2017010080768,2,9,0,-1,-1,0,-1,-1,-1,-1,-1,-1,6,3,-1,-1,1997,2,11,3,1,3
2017010080777,1,19,0,9,0,6,0,0,0,0,1,1,1,1,37,7,-1,-1,-1,9,1,9
2017010080777,2,1,0,18,9,1,0,0,0,0,1,1,6,1,25,5,-1,-1,-1,3,1,3
2017010080779,1,9,0,-1,-1,-1,-1,-1,-1,-1,-1,-1,6,2,25,5,1598,1,3,2,1,2
2017010080780,1,3,0,-1,-1,0,-1,-1,-1,-1,-1,1,2,1,41,7,125,1,3,7,1,7
2017010080780,2,9,0,18,0,0,0,0,0,0,1,1,6,3,-1,-1,1197,1,5,-1,-1,-1
2017010080781,1,8,0,18,0,8,0,0,0,0,4,1,1,1,54,8,2499,2,2,10,1,10
2017010080781,2,8,0,18,0,8,0,0,0,0,1,1,1,1,56,9,2143,2,4,4,1,4
2017010080784,1,9,0,18,0,2,0,0,0,0,0,1,6,3,-1,-1,-1,-1,-1,-1,-1,-1
2017010080784,2,4,0,18,0,2,0,0,0,0,0,1,6,1,49,8,689,1,2,8,1,8
2017010080791,1,9,0,7,9,2,0,0,1,0,1,1,1,2,26,6,1686,2,9,5,1,5
2017010080792,1,9,0,18,0,1,0,0,0,0,4,1,6,1,25,5,1968,2,-1,6,1,6
2017010080792,2,1,0,9,0,1,0,4,0,0,1,1,6,1,27,6,-1,-1,-1,4,1,4
2017010080793,1,3,0,5,0,1,0,0,0,0,1,1,6,1,26,6,125,1,1,3,1,3
2017010080797,1,3,0,16,0,0,1,0,0,0,1,1,6,1,30,6,102,1,1,4,1,4
2017010080797,2,9,0,17,0,0,0,0,0,0,1,1,6,1,24,5,1995,2,3,3,1,3
2017010080798,1,9,0,5,0,6,0,0,0,0,1,1,6,1,35,6,2143,2,6,2,1,2
2017010080798,2,19,0,18,0,1,0,0,0,0,4,2,6,1,37,7,-1,-1,-1,4,1,4
2017010080799,1,9,0,5,0,8,0,0,0,0,1,1,6,1,34,6,2993,2,6,2,1,2
2017010080799,2,9,0,5,0,8,0,0,0,0,3,1,1,2,25,5,1596,1,13,2,1,2
2017010080805,1,11,0,5,0,8,0,0,0,0,0,1,1,1,56,9,4500,2,8,2,1,2
2017010080812,1,1,0,18,0,1,0,0,0,0,1,1,6,1,45,7,-1,-1,-1,5,1,5
2017010080821,1,19,0,9,0,8,0,0,0,0,3,1,1,1,40,7,-1,-1,-1,6,1,6
2017010080821,2,1,0,18,0,8,0,0,0,0,3,1,6,1,31,6,-1,-1,-1,6,1,6
2017010080828,1,9,0,18,0,6,0,0,0,0,1,1,6,1,24,5,1968,2,-1,5,1,5
2017010080829,1,9,0,7,0,2,0,0,0,0,1,1,6,1,51,8,1968,2,9,4,1,4
2017010080829,2,1,0,18,0,1,5,0,0,0,1,1,6,2,28,6,-1,-1,-1,6,1,6
2017010080830,1,9,0,5,0,4,0,0,0,0,1,1,2,2,33,6,998,1,-1,6,1,6
2017010080830,2,1,0,18,0,4,0,0,0,0,2,1,6,1,36,7,-1,-1,-1,8,1,8
2017010080831,1,9,0,9,0,8,0,0,0,0,1,1,6,1,78,11,1398,1,3,4,1,4
2017010080831,2,3,0,10,0,8,0,0,0,0,1,1,6,1,37,7,125,1,2,3,1,3
2017010080832,1,5,0,18,0,0,0,0,0,0,4,1,6,1,31,6,645,1,4,5,1,5
2017010080833,1,9,0,17,0,2,0,0,0,0,1,1,1,2,44,7,1995,2,7,3,1,3
2017010080837,1,9,0,18,0,4,0,0,0,0,1,1,6,1,33,6,1598,1,13,2,1,2
2017010080837,2,5,0,18,0,4,5,0,0,0,2,1,6,1,32,6,1255,1,7,7,1,7
2017010080838,1,9,0,18,0,0,0,0,0,0,1,1,6,1,55,8,1596,1,11,4,1,4
2017010080838,2,9,0,4,0,0,0,0,0,0,2,1,6,1,32,6,2987,2,10,5,1,5
2017010080838,3,9,0,4,0,0,0,0,0,0,2,1,6,1,30,6,2143,12,2,5,1,5
2017010080842,1,8,0,9,0,0,0,0,0,0,4,1,6,3,-1,-1,-1,-1,-1,-1,-1,-1
2017010080844,1,21,0,18,0,8,0,0,0,0,1,1,1,1,52,8,-1,-1,-1,7,1,7
2017010080847,1,9,0,10,0,1,0,0,0,0,3,1,6,2,28,6,1396,1,6,3,1,3
2017010080847,2,90,0,5,0,6,0,0,0,0,1,1,1,1,38,7,-1,-1,-1,2,1,2
2017010080848,1,9,0,18,0,1,0,0,1,4,1,1,2,1,81,11,1984,1,16,3,1,3
2017010080851,1,9,0,9,0,6,0,0,0,0,1,1,6,1,28,6,1984,1,7,7,1,7
2017010080851,2,4,0,17,0,8,0,0,0,0,1,1,6,1,21,5,471,1,-1,8,1,8
2017010080852,1,5,0,18,0,8,0,0,0,0,1,1,6,1,30,6,948,1,-1,7,1,7
2017010080852,2,9,0,9,0,6,0,0,0,0,3,1,6,2,19,4,1242,1,6,3,1,3
2017010080854,1,9,0,18,0,8,0,0,0,0,2,1,6,2,33,6,1598,1,9,4,1,4
2017010080854,2,9,0,18,0,8,0,0,0,0,1,1,6,2,27,6,2231,2,10,-1,-1,-1
2017010080856,1,9,0,18,0,1,0,0,0,0,1,1,6,2,44,7,1388,1,6,4,1,4
2017010080857,1,9,0,18,0,1,0,0,0,0,1,1,2,1,55,8,-1,-1,-1,3,1,3
2017010080859,1,90,0,18,0,0,0,0,0,0,1,1,1,1,60,9,6370,2,6,3,1,3
2017010080859,2,8,0,18,0,0,0,0,0,0,2,1,1,1,31,6,2400,8,3,3,1,3
2017010080859,3,8,0,18,0,0,0,0,0,0,2,1,1,1,48,8,2499,2,2,3,1,3
2017010080859,4,9,0,3,0,0,0,0,0,0,2,1,6,1,34,6,1794,1,14,7,1,7
2017010080862,1,9,0,1,0,0,0,0,0,0,2,1,6,1,86,11,1596,1,11,6,1,6
2017010080866,1,9,0,16,0,4,0,0,0,0,1,1,6,2,38,7,1998,1,11,4,1,4
2017010080866,2,1,0,18,0,8,5,0,0,0,4,1,6,1,51,8,-1,-1,-1,3,1,3
2017010080867,1,9,0,18,0,8,1,0,1,10,3,1,6,1,30,6,1995,1,10,4,1,4
2017010080867,2,9,0,18,0,6,0,0,0,0,4,1,6,1,41,7,1951,2,14,4,1,4
2017010080870,1,9,0,18,0,0,0,0,0,0,0,1,6,2,62,9,1497,8,12,7,1,7
2017010080873,1,9,0,17,0,4,2,9,0,0,1,1,6,1,21,5,1395,1,1,8,1,8
2017010080875,1,8,0,18,0,1,0,0,0,0,1,1,1,1,43,7,1339,8,6,3,1,3
2017010080878,1,9,0,14,0,1,0,0,0,0,3,1,1,1,32,6,999,1,6,2,1,2
2017010080878,2,9,0,6,0,2,0,0,0,0,3,1,6,2,32,6,1598,2,2,2,1,2
2017010080879,1,9,0,5,0,1,0,0,0,0,1,1,6,1,69,10,3301,1,21,2,1,2
2017010080880,1,9,0,9,0,4,0,0,0,0,1,1,6,2,18,4,999,1,4,8,1,8
2017010080880,2,8,0,7,0,4,0,0,0,0,3,1,6,1,52,8,2198,2,5,5,1,5
2017010080881,1,9,0,18,0,1,0,0,0,0,1,1,6,1,22,5,2000,1,13,2,1,2
2017010080881,2,9,0,5,0,2,0,0,0,0,4,1,6,1,52,8,2143,2,4,2,1,2
2017010080882,1,9,0,5,0,1,0,0,1,1,1,1,1,1,44,7,1956,2,7,2,1,2
2017010080882,2,9,0,9,0,1,0,0,0,0,1,1,1,1,40,7,2497,2,12,10,1,10
2017010080885,1,9,0,18,0,1,0,0,0,0,1,1,6,1,26,6,1997,2,2,3,1,3
2017010080885,2,9,0,18,0,8,0,0,0,0,1,1,6,1,37,7,1796,1,11,2,1,2
2017010080888,1,8,0,18,0,1,0,0,0,0,1,1,1,1,57,9,2143,2,5,2,1,2
2017010080889,1,9,0,18,0,0,0,0,0,0,1,1,6,1,25,5,1499,1,3,1,1,1
2017010080889,2,8,0,18,0,0,0,0,0,0,1,1,1,1,72,10,2143,2,6,5,1,5
2017010080894,1,9,0,18,0,5,1,10,0,0,1,1,6,1,27,6,1124,1,17,5,1,5
2017010080894,2,9,0,18,0,1,0,0,0,0,0,1,6,3,-1,-1,-1,-1,-1,-1,-1,-1
2017010080901,1,19,0,4,0,0,0,0,0,0,3,1,1,1,35,6,2198,2,2,3,1,3
2017010080901,2,1,0,15,0,0,0,4,0,0,1,1,6,1,46,8,-1,-1,-1,5,1,5
2017010080904,1,9,0,18,0,1,5,10,0,0,3,1,2,1,32,6,-1,-1,-1,6,1,6
2017010080905,1,11,0,4,3,1,0,0,0,0,0,1,1,2,24,5,4461,2,5,7,1,7
2017010080908,1,9,0,9,0,2,0,0,0,0,4,1,6,1,27,6,1686,2,10,10,1,10
2017010080908,2,3,0,18,0,2,0,0,0,0,1,1,1,1,32,6,125,1,-1,-1,-1,-1
2017010080910,1,11,0,9,0,2,0,0,0,0,0,1,6,1,60,9,4500,2,7,-1,-1,-1
2017010080911,1,9,0,18,0,2,0,0,0,0,1,1,6,1,56,9,1686,2,9,8,1,8
2017010080911,2,1,0,18,0,2,0,0,0,0,4,1,6,1,59,9,-1,-1,-1,4,1,4
2017010080914,1,9,0,18,0,0,0,0,0,0,1,1,2,1,52,8,1998,8,2,6,1,6
2017010080914,2,9,0,6,0,0,0,4,7,0,1,1,2,1,69,10,1198,1,4,5,1,5
2017010080914,3,9,0,2,9,0,0,0,0,0,2,1,6,3,-1,-1,1496,2,3,-1,-1,-1
2017010080927,1,8,0,18,0,2,0,10,1,4,1,1,1,1,41,7,2499,2,8,8,1,8
2017010080932,1,9,0,9,0,8,0,0,0,0,1,1,6,2,34,6,1598,1,12,1,1,1
2017010080932,2,9,0,18,0,8,0,0,0,0,1,1,6,1,34,6,1598,1,4,1,1,1
2017010080934,1,9,0,-1,-1,0,-1,-1,-1,-1,1,-1,6,1,41,7,2231,2,10,5,1,5
2017010080934,2,9,0,-1,-1,0,-1,-1,-1,-1,2,-1,6,1,-1,-1,-1,-1,-1,6,1,6
2017010080937,1,9,-1,-1,-1,-1,-1,-1,-1,-1,-1,-1,6,3,-1,-1,-1,-1,-1,-1,-1,-1
2017010080940,1,9,0,18,0,2,0,0,0,0,2,1,2,1,37,7,1360,1,8,2,1,2
2017010080940,2,9,0,18,0,2,0,0,0,0,1,1,6,2,55,8,1399,2,9,3,1,3
2017010080942,1,9,0,18,0,0,0,0,0,0,1,1,6,2,32,6,1984,1,15,4,1,4
2017010080946,1,11,0,5,0,0,0,0,0,0,0,1,1,1,44,7,9000,2,10,5,3,5
2017010080947,1,9,0,-1,-1,-1,-1,-1,-1,0,3,-1,6,1,21,5,998,1,4,2,1,2
2017010080947,2,9,0,-1,-1,-1,-1,-1,-1,-1,1,-1,6,3,-1,-1,-1,-1,-1,-1,-1,-1
2017010080950,1,11,0,5,2,1,0,0,0,0,0,1,1,1,34,6,4500,2,2,3,1,3
2017010080950,2,9,0,7,0,5,0,0,0,0,0,1,6,3,-1,-1,-1,-1,-1,-1,-1,-1
2017010080952,1,9,0,18,0,8,0,0,0,0,1,-1,6,2,34,6,999,1,11,10,1,10
2017010080952,2,9,0,9,0,8,0,0,0,0,1,1,6,1,-1,-1,998,1,12,-1,-1,-1
2017010080953,1,9,0,18,0,0,0,0,0,0,1,1,6,2,30,6,2979,1,12,2,1,2
2017010080954,1,9,-1,-1,0,-1,0,-1,0,0,2,-1,6,1,32,6,2993,2,7,4,1,4
2017010080956,1,3,0,18,0,0,0,0,0,0,1,1,6,1,22,5,125,1,3,6,1,6
2017010080958,1,9,0,9,0,8,0,0,0,0,1,1,6,2,39,7,2148,2,11,8,1,8
2017010080958,2,9,0,18,0,8,0,0,0,0,1,1,1,1,46,8,1560,2,7,3,1,3
2017010080959,1,8,0,9,0,8,0,0,0,0,1,1,1,1,49,8,1798,8,-1,3,1,3
2017010080959,2,3,0,18,0,6,0,0,0,0,3,1,1,1,24,5,124,1,6,5,1,5
2017010080962,1,4,0,4,0,2,0,0,0,0,2,1,2,1,33,6,125,1,3,3,1,3
2017010080962,2,9,0,18,0,1,0,0,0,0,1,1,6,1,40,7,1339,1,14,3,1,3
2017010080963,1,9,0,17,0,1,5,0,0,0,1,1,6,1,32,6,1991,1,20,4,1,4
2017010080966,1,9,0,18,0,8,0,0,0,0,3,1,6,1,53,8,1598,1,8,5,1,5
2017010080966,2,9,0,9,0,8,0,0,0,0,1,2,6,2,19,4,1360,1,9,9,1,9
2017010080975,1,8,0,18,0,1,0,0,0,0,2,1,1,1,51,8,1798,8,5,3,1,3
2017010080975,2,8,0,18,0,1,0,0,0,0,1,1,1,1,56,9,1798,8,6,-1,-1,-1
2017010080978,1,4,0,18,0,8,0,4,0,0,1,1,6,1,30,6,125,1,5,4,1,4
2017010080978,2,8,0,10,0,8,0,0,0,0,3,1,1,1,41,7,-1,-1,-1,4,1,4
2017010080984,1,8,0,5,0,5,0,0,0,0,1,1,1,1,45,7,1798,8,3,1,1,1
2017010080984,2,8,0,8,0,1,0,0,1,0,1,1,6,1,46,8,2499,2,7,5,1,5
2017010081015,1,9,-1,-1,-1,0,-1,-1,-1,-1,-1,-1,6,3,-1,-1,-1,-1,-1,-1,-1,-1
2017010081015,2,9,0,-1,-1,0,-1,-1,-1,-1,2,-1,6,2,-1,-1,-1,-1,-1,-1,-1,-1
2017010081019,1,9,0,-1,-1,-1,-1,-1,-1,-1,3,-1,6,2,-1,-1,1200,1,5,9,1,9
2017010081019,2,9,0,-1,-1,-1,-1,-1,-1,-1,1,-1,6,1,-1,-1,1197,1,6,10,1,10
2017010081041,1,1,0,18,0,1,0,0,0,0,1,1,1,1,28,6,-1,-1,-1,3,1,3
2017010081047,1,8,0,-1,-1,-1,-1,-1,-1,-1,1,-1,6,1,27,6,1796,1,3,-1,-1,-1
2017010081047,2,9,0,18,0,8,-1,0,0,0,1,-1,6,3,-1,-1,1997,2,1,-1,-1,-1
2017010081049,1,9,0,18,0,2,0,4,0,0,1,1,6,1,58,9,1749,1,14,9,1,9
2017010081049,2,9,0,2,0,2,0,4,0,0,2,1,6,3,-1,-1,1595,1,7,-1,-1,-1
2017010081049,3,9,0,2,0,2,0,0,0,0,2,1,6,3,-1,-1,1395,1,2,-1,-1,-1
2017010081050,1,1,-1,-1,-1,-1,-1,-1,-1,-1,1,1,2,1,35,6,-1,-1,-1,4,1,4
2017010081050,2,9,0,-1,-1,-1,-1,-1,-1,-1,3,-1,6,1,-1,-1,1388,1,14,-1,-1,-1
2017010081055,1,1,-1,-1,-1,-1,-1,-1,-1,-1,-1,1,6,1,53,8,-1,-1,-1,4,1,4
2017010081055,2,9,0,-1,-1,-1,-1,-1,-1,-1,-1,-1,6,2,-1,-1,1995,2,11,-1,-1,-1
2017010081058,1,3,-1,-1,-1,0,-1,-1,-1,-1,-1,1,6,2,28,6,108,1,-1,2,1,2
2017010081058,2,9,0,-1,-1,0,-1,-1,-1,-1,1,-1,6,1,-1,-1,1997,2,4,-1,-1,-1
2017010081085,1,9,0,15,0,0,0,0,0,0,1,1,6,1,33,6,1390,1,6,2,1,2
2017010081085,2,8,0,18,0,0,0,0,0,0,1,1,1,1,51,8,1598,2,4,4,1,4
2017010081117,1,9,-1,-1,-1,-1,-1,-1,-1,-1,-1,-1,6,3,-1,-1,-1,-1,-1,-1,-1,-1
2017010081126,1,1,-1,-1,-1,-1,-1,-1,-1,-1,-1,1,6,2,28,6,-1,-1,-1,-1,-1,-1
2017010081126,2,90,0,7,0,-1,-1,-1,-1,-1,-1,-1,1,2,30,6,-1,-1,-1,7,1,7
2017010081127,1,8,-1,18,0,1,-1,0,0,0,1,-1,6,3,-1,-1,-1,-1,-1,-1,-1,-1
2017010081154,1,9,0,-1,-1,-1,-1,-1,-1,-1,-1,-1,6,1,30,6,2143,2,7,10,2,10
2017010081154,2,9,-1,1,-1,-1,-1,0,-1,-1,-1,-1,6,3,-1,-1,1998,1,14,-1,-1,-1
2017010081156,1,3,0,-1,-1,-1,-1,-1,-1,-1,1,1,6,1,35,6,125,1,9,3,1,3
2017010081156,2,9,0,-1,-1,-1,-1,-1,-1,-1,-1,-1,6,1,-1,-1,1800,1,21,3,1,3
2017010081186,1,9,0,18,0,1,0,0,0,0,1,1,6,1,26,6,1395,1,2,5,1,5
2017010081186,2,1,0,18,0,6,0,0,0,0,3,1,6,1,46,8,-1,-1,-1,3,1,3
2017010081212,1,9,0,18,0,0,0,4,0,0,1,1,6,1,48,8,1318,1,-1,5,1,5
2017010081212,2,9,0,2,0,0,0,0,0,0,1,1,6,3,-1,-1,1386,1,11,-1,-1,-1
2017010081224,1,4,0,18,0,8,0,0,0,0,1,1,6,1,52,8,279,1,-1,3,1,3
2017010081224,2,9,0,7,0,8,0,0,0,0,4,1,6,2,-1,-1,1497,1,14,3,1,3
2017010081226,1,2,0,-1,0,1,0,0,0,0,1,1,6,1,-1,-1,49,1,2,2,1,2
2017010081248,1,9,-1,18,0,1,-1,-1,-1,-1,2,-1,6,1,20,4,1395,1,3,-1,-1,-1
2017010081248,2,9,-1,18,0,1,-1,-1,-1,-1,-1,-1,6,1,41,7,1794,1,13,2,1,2
2017010081285,1,9,0,18,0,1,0,0,0,0,1,1,6,1,-1,-1,1997,2,5,10,3,10
2017010081300,1,9,-1,18,0,5,0,0,0,0,1,-1,6,3,-1,-1,-1,-1,-1,-1,-1,-1
2017010081307,1,90,-1,18,0,0,0,0,0,0,0,-1,1,1,-1,-1,2198,2,1,-1,-1,-1
2017010081327,1,3,0,-1,0,8,0,0,0,0,4,1,6,1,35,6,125,1,3,1,1,1
2017010081342,1,8,0,-1,-1,-1,-1,-1,-1,-1,1,-1,6,1,47,8,1995,2,4,4,1,4
2017010081342,2,90,0,-1,-1,-1,-1,-1,-1,-1,1,-1,6,1,-1,-1,-1,-1,-1,5,1,5
2017010081360,1,9,0,18,-1,-1,-1,0,0,0,-1,1,6,2,46,8,1988,1,14,6,1,6
2017010081360,2,19,0,18,-1,-1,-1,-1,-1,-1,1,1,6,1,-1,-1,2198,2,10,-1,-1,-1
2017010081394,1,9,0,18,0,0,5,7,0,0,1,1,6,1,30,6,1995,2,10,4,1,4
2017010081394,2,19,0,2,0,0,0,0,0,0,2,1,6,3,-1,-1,1560,2,4,-1,-1,-1
2017010081407,1,11,-1,-1,-1,-1,-1,-1,-1,-1,-1,1,6,1,-1,-1,-1,-1,-1,5,3,5
2017010081418,1,9,0,4,0,0,0,0,0,0,2,1,6,2,46,8,1386,1,6,3,1,3
2017010081418,2,9,-1,18,-1,0,-1,0,0,0,1,-1,6,3,-1,-1,1796,2,5,-1,-1,-1
2017010081419,1,9,0,18,0,8,0,0,0,0,2,1,6,1,50,8,3199,1,16,6,1,6
2017010081419,2,9,-1,9,0,8,-1,0,0,0,1,-1,6,2,-1,-1,1997,2,2,-1,-1,-1
2017010081440,1,9,0,18,-1,0,-1,-1,-1,-1,-1,-1,6,1,53,8,1991,2,9,5,1,5
2017010081440,2,9,-1,-1,-1,0,-1,-1,0,0,-1,-1,6,1,-1,-1,2231,2,6,-1,-1,-1
2017010081449,1,19,0,5,0,0,0,0,0,0,1,-1,6,3,-1,-1,1248,2,3,-1,-1,-1
2017010081467,1,9,-1,-1,-1,-1,-1,-1,-1,-1,-1,-1,6,1,31,6,1968,2,6,3,1,3
2017010081467,2,9,-1,-1,-1,-1,-1,-1,-1,-1,-1,-1,6,3,-1,-1,2179,2,5,2,1,2
2017010081472,1,3,-1,18,-1,0,-1,0,0,0,1,1,6,1,37,7,124,1,4,5,1,5
2017010081472,2,9,-1,6,0,0,-1,0,0,0,3,-1,6,3,-1,-1,-1,-1,-1,-1,-1,-1
2017010081513,1,9,0,18,0,0,0,0,0,0,1,1,6,2,-1,-1,-1,-1,-1,-1,-1,-1
2017010081531,1,9,-1,7,0,8,0,0,0,0,0,-1,6,2,22,5,1461,2,2,2,1,2
2017010081531,2,1,0,18,0,1,0,0,0,0,1,1,2,2,29,6,-1,-1,-1,5,1,5
2017010081543,1,3,0,18,0,1,0,0,0,0,2,1,6,1,36,7,125,1,9,5,1,5
2017010081543,2,9,0,18,0,5,0,0,0,0,1,1,6,1,34,6,1248,2,7,2,1,2
2017010081557,1,9,-1,-1,-1,-1,-1,-1,-1,-1,-1,-1,6,1,31,6,1995,2,2,3,1,3
2017010081557,2,19,-1,-1,-1,-1,-1,-1,-1,-1,-1,-1,6,1,-1,-1,-1,-1,-1,3,1,3
2017010081584,1,9,0,-1,-1,-1,-1,-1,-1,-1,1,-1,6,1,-1,-1,998,1,-1,-1,-1,-1
2017010081635,1,9,0,18,0,0,0,0,0,0,4,-1,2,2,30,6,1595,1,11,7,1,7
2017010081635,2,9,0,12,0,0,0,0,0,0,3,-1,6,3,-1,-1,1997,2,4,-1,-1,-1
2017010081638,1,9,0,1,-1,0,0,0,0,0,2,-1,6,2,46,8,1995,2,2,2,1,2
2017010081648,1,9,0,4,0,2,0,-1,-1,-1,-1,-1,6,1,50,8,1197,1,6,4,1,4
2017010081648,2,9,-1,18,-1,-1,-1,-1,-1,-1,-1,-1,6,3,-1,-1,1956,2,3,-1,-1,-1
2017010081652,1,20,-1,-1,-1,-1,-1,0,-1,0,2,1,6,1,58,9,-1,-1,-1,2,1,2
2017010081658,1,8,0,3,0,1,0,-1,0,0,3,1,1,1,40,7,1968,2,8,3,1,3
2017010081658,2,9,-1,18,0,1,-1,-1,0,0,4,-1,6,3,-1,-1,2987,2,-1,-1,-1,-1