Accident_Index,Vehicle_Reference,Vehicle_Type,Towing_and_Articulation,Vehicle_Manoeuvre,Vehicle_Location-Restricted_Lane,Junction_Location,Skidding_and_Overturning,Hit_Object_in_Carriageway,Vehicle_Leaving_Carriageway,Hit_Object_off_Carriageway,1st_Point_of_Impact,Was_Vehicle_Left_Hand_Drive?,Journey_Purpose_of_Driver,Sex_of_Driver,Age_of_Driver,Age_Band_of_Driver,Engine_Capacity_(CC),Propulsion_Code,Age_of_Vehicle,Driver_IMD_Decile,Driver_Home_Area_Type,Vehicle_IMD_Decile
2017010081684,1,9,-1,-1,-1,-1,-1,-1,-1,-1,-1,-1,6,3,-1,-1,-1,-1,-1,-1,-1,-1
2017010081687,1,9,-1,3,-1,0,-1,-1,-1,-1,3,-1,6,1,40,7,1998,1,12,-1,-1,-1
2017010081687,2,19,-1,14,-1,0,-1,-1,-1,-1,-1,-1,6,3,-1,-1,-1,-1,-1,-1,-1,-1
2017010081710,1,9,0,3,0,4,0,0,0,0,2,-1,6,1,62,9,1386,1,10,5,1,5
2017010081710,2,9,-1,18,0,4,-1,0,0,0,2,-1,6,3,36,7,1968,2,4,5,1,5
2017010081710,3,9,-1,18,0,4,-1,0,0,0,1,-1,6,3,-1,-1,-1,-1,-1,-1,-1,-1
2017010081712,1,9,0,-1,-1,-1,-1,-1,-1,-1,2,-1,6,1,27,6,875,1,4,-1,-1,-1
2017010081712,2,9,0,-1,-1,-1,-1,-1,-1,-1,2,-1,6,2,-1,-1,1968,2,1,-1,-1,-1
2017010081712,3,9,0,-1,-1,-1,-1,-1,-1,-1,1,-1,6,3,-1,-1,-1,-1,-1,-1,-1,-1
2017010081801,1,9,0,3,0,-1,0,0,0,0,1,1,6,2,39,7,1496,2,2,8,1,8
2017010081801,2,9,0,1,0,8,0,0,0,0,2,1,6,3,-1,-1,-1,-1,-1,-1,-1,-1
2017010082102,1,9,-1,18,0,0,0,-1,0,0,3,1,6,1,44,7,1686,2,4,5,1,5
2017010082102,2,90,-1,18,0,0,0,-1,0,0,-1,1,6,3,-1,-1,-1,-1,-1,-1,-1,-1
2017010082104,1,20,0,3,0,-1,0,0,0,0,2,-1,1,1,43,7,-1,-1,-1,6,1,6
2017010082104,2,9,0,18,0,-1,0,0,0,0,1,-1,6,1,-1,-1,2148,2,15,-1,-1,-1
2017010082115,1,8,0,5,0,0,0,0,0,0,1,1,1,1,45,7,1995,2,-1,8,1,8
2017010082131,1,11,-1,-1,-1,-1,-1,0,-1,0,-1,1,6,1,-1,-1,-1,-1,-1,-1,-1,-1
2017010082141,1,9,-1,-1,-1,-1,-1,-1,0,0,0,-1,6,1,51,8,-1,-1,-1,4,1,4
2017010082141,2,9,-1,18,-1,-1,-1,-1,-1,-1,-1,-1,6,3,-1,-1,1968,2,3,-1,-1,-1
2017010082161,1,9,-1,-1,-1,-1,-1,-1,-1,-1,-1,-1,6,1,47,8,1956,2,4,2,1,2
2017010082161,2,9,-1,-1,-1,-1,-1,-1,-1,-1,-1,-1,6,3,-1,-1,2143,2,3,-1,-1,-1
2017010082178,1,9,0,18,0,0,0,0,0,0,2,-1,6,1,31,6,-1,-1,-1,3,1,3
2017010082178,2,9,-1,-1,0,0,0,0,0,0,1,-1,6,3,-1,-1,-1,-1,-1,-1,-1,-1
2017010082179,1,8,0,3,0,1,0,0,0,0,4,-1,6,1,32,6,1984,1,6,6,1,6
2017010082179,2,1,0,18,0,1,0,0,2,-1,1,1,6,1,-1,-1,-1,-1,-1,4,1,4
2017010082201,1,9,0,-1,-1,-1,-1,-1,-1,-1,2,-1,6,2,60,9,1198,1,13,7,1,7
2017010082201,2,9,0,-1,-1,-1,-1,-1,-1,-1,1,-1,6,3,-1,-1,1242,1,16,-1,-1,-1
2017010082216,1,1,-1,-1,-1,0,-1,-1,-1,-1,1,1,2,2,37,7,-1,-1,-1,3,1,3
2017010082245,1,8,0,-1,-1,-1,-1,-1,-1,-1,-1,-1,6,1,39,7,1798,8,1,1,1,1
2017010082245,2,8,0,-1,-1,-1,-1,-1,-1,-1,-1,-1,6,1,-1,-1,1997,2,4,-1,-1,-1
2017010082258,1,9,0,18,2,8,0,0,0,0,1,1,6,1,23,5,1398,1,-1,8,1,8
2017010082264,1,1,0,18,0,2,0,0,0,0,1,1,2,1,51,8,-1,-1,-1,9,1,9
2017010082295,1,9,0,18,0,0,0,0,0,0,3,1,6,2,23,5,1395,1,1,4,1,4
2017010082295,2,9,0,18,0,0,0,0,0,0,4,1,6,3,-1,-1,1995,2,5,-1,-1,-1
2017010082305,1,9,0,18,0,8,0,0,0,0,1,1,6,3,-1,-1,-1,-1,-1,-1,-1,-1
2017010082323,1,3,0,14,0,8,1,0,0,0,1,1,6,1,40,7,125,1,2,6,1,6
2017010082362,1,9,0,9,0,8,0,0,0,0,1,1,6,3,-1,-1,1990,1,25,-1,-1,-1
2017010082386,1,8,0,-1,-1,-1,-1,-1,-1,-1,2,-1,6,1,-1,-1,1560,2,7,-1,-1,-1
2017010082386,2,9,0,-1,-1,-1,-1,-1,-1,-1,1,-1,6,1,-1,-1,-1,-1,-1,-1,-1,-1
2017010082393,1,1,-1,18,0,8,0,0,0,0,3,1,6,1,29,6,-1,-1,-1,7,1,7
2017010082393,2,9,-1,18,-1,1,-1,-1,-1,-1,-1,-1,6,1,-1,-1,1995,1,7,6,1,6
2017010082401,1,3,0,-1,0,-1,1,-1,-1,-1,-1,1,6,1,29,6,125,1,10,3,1,3
2017010082401,2,9,-1,-1,-1,-1,-1,-1,-1,-1,-1,-1,6,3,-1,-1,2995,1,4,-1,-1,-1
2017010082409,1,1,0,-1,-1,-1,2,-1,-1,0,1,1,6,1,55,8,-1,-1,-1,8,1,8
2017010082409,2,9,0,-1,-1,-1,0,0,0,0,-1,-1,6,1,-1,-1,1798,8,5,4,1,4
2017010082443,1,9,0,18,0,8,0,0,0,0,2,1,6,1,53,8,2362,8,4,9,1,9
2017010082443,2,19,0,18,0,8,0,0,0,0,1,1,6,1,-1,-1,2198,2,4,5,1,5
2017010082459,1,90,-1,-1,-1,-1,-1,-1,-1,-1,-1,-1,6,3,-1,-1,-1,-1,-1,-1,-1,-1
2017010082488,1,9,0,-1,-1,-1,-1,-1,-1,-1,2,-1,6,1,37,7,999,1,10,3,1,3
2017010082488,2,9,0,-1,-1,-1,-1,-1,-1,-1,2,-1,6,1,27,6,2993,2,12,-1,-1,-1
2017010082531,1,9,0,-1,-1,-1,-1,-1,-1,-1,2,-1,6,2,26,6,1598,2,4,3,1,3
2017010082561,1,9,0,18,0,2,0,0,0,0,-1,1,6,1,52,8,1995,2,3,6,1,6
2017010082575,1,9,0,-1,0,1,0,0,0,0,0,-1,6,1,33,6,1399,2,5,-1,-1,-1
2017010082575,2,9,-1,-1,-1,-1,-1,-1,-1,-1,-1,-1,6,3,-1,-1,-1,-1,-1,-1,-1,-1
2017010082607,1,1,0,18,-1,-1,0,-1,-1,-1,1,1,1,2,62,9,-1,-1,-1,9,1,9
2017010082607,2,9,0,7,-1,-1,0,-1,-1,-1,-1,-1,6,2,-1,-1,1499,1,1,10,1,10
2017010082710,1,9,0,18,0,2,0,0,0,0,3,-1,6,2,41,7,3199,1,16,7,1,7
2017010082710,2,9,0,18,0,8,0,0,0,0,1,-1,6,2,-1,-1,2987,2,-1,-1,-1,-1
2017010082713,1,3,0,-1,-1,0,-1,-1,-1,-1,-1,1,6,1,48,8,125,1,2,-1,-1,-1
2017010082713,2,19,0,-1,-1,0,-1,-1,-1,-1,-1,-1,6,3,-1,-1,-1,-1,-1,-1,-1,-1
2017010082743,1,9,0,-1,-1,-1,-1,-1,-1,-1,2,-1,6,2,42,7,1998,1,20,3,1,3
2017010082743,2,9,0,-1,-1,-1,-1,-1,-1,-1,1,-1,6,1,-1,-1,1598,1,16,-1,-1,-1
2017010082746,1,9,-1,-1,-1,-1,-1,-1,-1,-1,-1,-1,6,3,-1,-1,-1,-1,-1,-1,-1,-1
2017010082831,1,9,-1,-1,-1,-1,-1,-1,-1,0,-1,-1,6,1,38,7,-1,-1,-1,7,1,7
2017010082831,2,9,-1,-1,-1,-1,-1,0,0,0,-1,-1,6,3,22,5,2148,2,8,9,1,9
2017010082832,1,8,-1,-1,-1,0,-1,-1,-1,-1,-1,-1,6,3,-1,-1,-1,-1,-1,-1,-1,-1
2017010082903,1,9,0,7,0,1,0,0,0,0,-1,-1,6,3,-1,-1,-1,-1,-1,-1,-1,-1
2017010082905,1,9,0,18,0,8,0,0,0,0,1,-1,6,3,-1,-1,-1,-1,-1,-1,-1,-1
2017010082907,1,9,-1,2,-1,0,-1,-1,-1,-1,4,-1,6,3,-1,-1,1995,2,5,-1,-1,-1
2017010082907,2,9,-1,-1,-1,0,-1,-1,-1,-1,-1,-1,6,3,-1,-1,1598,1,12,-1,-1,-1
2017010082924,1,3,0,18,0,8,0,-1,0,0,1,1,6,3,-1,-1,-1,-1,-1,-1,-1,-1
2017010082941,1,9,-1,-1,-1,-1,-1,-1,-1,-1,-1,-1,6,1,-1,-1,-1,-1,-1,-1,-1,-1
2017010082951,1,9,0,18,0,3,0,0,0,0,4,1,6,2,56,9,1498,1,6,5,1,5
2017010082951,2,9,0,18,0,3,0,0,0,0,4,1,6,1,-1,-1,1598,2,2,-1,-1,-1
2017010082956,1,9,0,18,0,8,0,-1,0,0,-1,-1,6,2,-1,-1,1995,2,1,8,1,8
2017010082961,1,9,0,-1,-1,0,-1,-1,-1,-1,-1,-1,6,2,29,6,1497,8,12,4,1,4
2017010082961,2,9,0,-1,-1,0,-1,-1,-1,-1,-1,-1,6,2,-1,-1,1296,1,11,4,1,4
2017010083075,1,11,0,18,0,1,0,0,0,0,0,1,1,1,60,9,6370,2,5,2,1,2
2017010083090,1,8,-1,-1,-1,-1,-1,-1,-1,-1,-1,-1,6,3,-1,-1,-1,-1,-1,-1,-1,-1
2017010083112,1,9,0,18,0,-1,0,0,0,0,2,1,6,1,53,8,998,1,-1,2,1,2
2017010083112,2,9,0,18,0,-1,0,0,0,0,1,1,6,1,-1,-1,2996,1,11,-1,-1,-1
2017010083124,1,10,-1,-1,-1,-1,-1,-1,-1,-1,-1,-1,6,1,-1,-1,2198,2,8,5,1,5
2017010083124,2,1,-1,-1,-1,-1,-1,-1,-1,-1,-1,1,6,1,40,7,-1,-1,-1,4,1,4
2017010083131,1,9,0,18,0,0,0,0,0,0,4,-1,6,2,22,5,999,1,-1,7,1,7
2017010083131,2,9,-1,18,-1,0,-1,0,0,0,-1,-1,6,3,-1,-1,-1,-1,-1,-1,-1,-1
2017010083226,1,9,0,-1,-1,0,-1,-1,-1,-1,2,-1,6,1,36,7,-1,-1,-1,1,1,1
2017010083326,1,9,0,-1,-1,-1,-1,-1,-1,-1,-1,-1,6,1,40,7,2143,2,5,3,1,3
2017010083326,2,9,0,-1,-1,-1,-1,-1,-1,-1,2,-1,6,1,42,7,1995,1,9,1,1,1
2017010083354,1,9,0,3,0,8,0,0,0,0,2,1,6,1,39,7,1580,8,-1,5,1,5
2017010083354,2,9,0,18,0,1,0,0,0,0,1,1,6,1,44,7,1995,2,14,1,1,1
2017010083494,1,1,-1,-1,-1,-1,-1,-1,-1,-1,-1,1,6,1,24,5,-1,-1,-1,6,1,6
2017010083494,2,9,0,-1,-1,-1,-1,-1,-1,-1,1,-1,6,1,-1,-1,-1,-1,-1,-1,-1,-1
2017010083532,1,9,0,-1,-1,-1,-1,-1,-1,-1,-1,-1,6,1,37,7,2204,2,9,4,1,4
2017010083532,2,8,0,-1,-1,-1,-1,-1,-1,-1,1,-1,6,1,-1,-1,1997,2,10,2,1,2
2017010083584,1,9,-1,-1,0,-1,-1,-1,-1,-1,-1,-1,6,1,58,9,1896,2,13,2,1,2
2017010083584,2,9,-1,13,0,-1,-1,-1,-1,-1,-1,-1,6,3,-1,-1,1598,2,3,-1,-1,-1
2017010083669,1,3,0,18,0,1,0,0,0,0,3,1,1,1,18,4,-1,-1,-1,7,1,7
2017010083669,2,9,0,9,0,1,0,0,0,0,1,-1,6,3,-1,-1,-1,-1,-1,-1,-1,-1
2017010083683,1,90,-1,18,-1,5,-1,0,0,0,1,-1,1,1,-1,-1,-1,-1,-1,-1,-1,-1
2017010083683,2,9,0,2,0,-1,0,0,0,0,-1,-1,6,3,-1,-1,-1,-1,-1,-1,-1,-1
2017010083787,1,9,-1,3,-1,0,-1,-1,-1,-1,-1,-1,6,2,44,7,1560,2,5,1,1,1
2017010083787,2,9,-1,18,0,0,-1,-1,-1,-1,-1,-1,6,2,-1,-1,1299,1,15,-1,-1,-1
2017010083789,1,9,0,3,0,1,0,0,0,0,2,1,6,1,35,6,1368,1,-1,6,3,6
2017010083789,2,9,0,4,0,1,0,0,0,0,1,-1,6,2,-1,-1,1242,1,8,-1,-1,-1
2017010083796,1,9,-1,-1,0,0,-1,0,0,0,3,1,6,2,30,6,1796,1,15,-1,-1,-1
2017010083812,1,9,0,18,0,1,0,0,0,0,4,-1,6,1,25,5,1999,1,6,5,1,5
2017010083842,1,9,0,6,0,8,0,0,0,0,0,1,1,2,62,9,1527,2,19,1,1,1
2017010083842,2,9,0,18,0,4,0,0,0,0,0,1,1,1,50,8,1598,2,1,10,1,10
2017010083850,1,9,0,4,0,1,0,0,0,0,2,-1,6,2,21,5,998,1,9,1,1,1
2017010084055,1,9,0,-1,-1,-1,-1,-1,-1,-1,1,-1,6,1,22,5,1686,2,12,2,1,2
2017010084055,2,9,-1,-1,0,-1,0,0,1,0,2,-1,6,3,-1,-1,2976,1,14,-1,-1,-1
2017010084060,1,8,0,-1,-1,-1,-1,-1,-1,-1,1,-1,6,1,-1,-1,-1,-1,-1,-1,-1,-1
2017010084128,1,9,0,12,0,8,0,0,0,0,1,-1,3,2,47,8,1242,1,16,-1,-1,-1
2017010084128,2,90,0,12,0,8,0,0,0,0,1,-1,1,1,-1,-1,9290,2,5,-1,-1,-1
2017010084268,1,3,0,18,0,8,1,0,0,0,4,1,6,1,49,8,125,1,-1,6,1,6
2017010084268,2,9,0,-1,0,8,0,0,0,0,3,-1,6,3,-1,-1,-1,-1,-1,-1,-1,-1
2017010084278,1,9,0,8,0,0,0,0,-1,0,4,1,6,1,20,4,-1,-1,-1,9,1,9
2017010084278,2,9,-1,11,-1,0,-1,-1,-1,-1,4,1,6,3,-1,-1,2967,2,2,-1,-1,-1
2017010084288,1,9,0,3,-1,-1,0,-1,-1,0,2,1,6,1,29,6,1995,1,10,7,1,7
2017010084288,2,9,0,3,-1,-1,0,0,-1,0,1,1,6,1,27,6,2776,2,10,-1,-1,-1
2017010084378,1,9,0,3,0,4,0,0,0,0,2,-1,1,1,39,7,1797,8,7,10,1,10
2017010084378,2,9,0,-1,0,4,0,0,0,0,-1,-1,6,3,-1,-1,2143,2,2,-1,-1,-1
2017010084522,1,9,-1,-1,-1,-1,-1,-1,-1,-1,-1,1,6,3,-1,-1,-1,-1,-1,-1,-1,-1
2017010084522,2,9,-1,-1,-1,-1,-1,-1,-1,-1,-1,-1,6,3,-1,-1,-1,-1,-1,-1,-1,-1
2017010084779,1,4,0,18,9,0,0,0,1,0,2,1,6,3,-1,-1,125,1,1,-1,-1,-1
2017010085010,1,9,-1,18,0,8,-1,-1,-1,-1,-1,-1,6,1,33,6,2497,2,13,5,1,5
2017010085010,2,9,-1,18,0,8,-1,-1,-1,-1,1,-1,6,1,-1,-1,1997,2,9,5,1,5
2017010085035,1,9,-1,18,0,1,0,-1,0,0,2,-1,6,1,28,6,1796,2,3,9,1,9
2017010085035,2,9,-1,18,0,1,0,-1,0,0,1,-1,6,3,-1,-1,1582,2,2,-1,-1,-1
2017010085101,1,9,-1,3,0,8,-1,0,0,0,1,-1,6,2,48,8,1968,2,2,3,1,3
2017010085101,2,9,0,1,0,8,0,0,0,0,2,-1,6,1,-1,-1,1968,2,8,-1,-1,-1
2017010085354,1,1,-1,-1,-1,-1,-1,-1,-1,-1,-1,1,2,2,28,6,-1,-1,-1,4,1,4
2017010085354,2,9,0,-1,-1,-1,-1,-1,-1,-1,1,-1,6,2,-1,-1,-1,-1,-1,-1,-1,-1
2017010085458,1,1,-1,-1,-1,-1,-1,-1,-1,-1,-1,1,6,1,43,7,-1,-1,-1,3,1,3
2017010085458,2,3,-1,-1,-1,-1,-1,-1,-1,-1,-1,1,6,1,-1,-1,-1,-1,-1,4,1,4
2017010085462,1,9,-1,-1,-1,-1,-1,-1,-1,-1,-1,-1,6,2,36,7,-1,-1,-1,2,1,2
2017010085462,2,9,-1,-1,-1,-1,-1,-1,-1,-1,-1,-1,6,3,-1,-1,1498,1,11,-1,-1,-1
2017010085501,1,1,0,-1,0,-1,0,-1,0,0,-1,1,6,1,21,5,-1,-1,-1,3,1,3
2017010085501,2,9,-1,-1,0,-1,0,-1,-1,-1,-1,-1,6,2,-1,-1,1598,1,4,-1,-1,-1
2017010085526,1,9,-1,-1,-1,0,-1,-1,-1,-1,-1,-1,6,1,52,8,1246,1,11,1,1,1
2017010085540,1,9,-1,18,0,1,-1,-1,-1,-1,-1,-1,6,3,-1,-1,-1,-1,-1,-1,-1,-1
2017010085633,1,9,0,-1,-1,0,-1,-1,-1,-1,2,-1,6,1,34,6,1395,1,3,6,1,6
2017010085633,2,9,0,-1,-1,0,-1,-1,-1,-1,1,-1,6,2,-1,-1,1496,2,1,-1,-1,-1
2017010085712,1,8,-1,5,-1,-1,-1,-1,-1,-1,-1,1,6,3,-1,-1,-1,-1,-1,-1,-1,-1
2017010085743,1,9,0,-1,-1,-1,-1,-1,-1,-1,-1,-1,2,1,40,7,1968,2,2,3,1,3
2017010085773,1,9,0,10,0,-1,0,-1,-1,-1,-1,1,6,1,19,4,1390,1,8,7,1,7
2017010085782,1,9,0,-1,-1,-1,0,-1,-1,-1,-1,-1,6,3,-1,-1,2184,2,12,-1,-1,-1
2017010085782,2,1,0,-1,-1,-1,0,-1,-1,-1,-1,1,6,1,-1,-1,-1,-1,-1,-1,-1,-1
2017010085820,1,9,-1,4,0,0,-1,-1,-1,-1,-1,-1,6,1,51,8,1797,8,4,2,1,2
2017010085820,2,9,-1,-1,0,0,-1,-1,-1,-1,-1,-1,6,3,-1,-1,1998,1,12,-1,-1,-1
2017010085943,1,1,0,3,0,1,0,0,0,0,2,1,6,2,25,5,-1,-1,-1,3,1,3
2017010085943,2,9,0,8,0,1,0,0,0,0,1,1,6,3,-1,-1,2143,2,1,-1,-1,-1
2017010085948,1,9,0,5,0,4,0,0,0,0,1,-1,6,1,26,6,1968,2,2,2,1,2
2017010085948,2,9,-1,5,0,4,0,0,0,0,1,-1,6,3,-1,-1,2993,2,9,-1,-1,-1
2017010086439,1,9,0,-1,-1,-1,-1,-1,-1,-1,2,-1,6,1,24,5,1499,2,2,4,1,4
2017010086439,2,9,-1,-1,-1,-1,-1,-1,-1,-1,1,-1,6,1,-1,-1,-1,-1,-1,-1,-1,-1
2017010086444,1,1,-1,-1,-1,-1,-1,-1,-1,0,-1,1,6,2,54,8,-1,-1,-1,4,1,4
2017010086444,2,9,-1,18,0,-1,-1,-1,-1,0,-1,-1,6,3,-1,-1,1798,8,-1,-1,-1,-1
2017010086665,1,3,-1,-1,-1,0,-1,-1,-1,-1,-1,1,6,3,-1,-1,108,1,2,-1,-1,-1
2017010086800,1,1,0,5,0,4,0,0,0,0,1,1,6,1,75,10,-1,-1,-1,10,1,10
2017010086800,2,19,0,5,0,4,0,0,0,0,3,1,2,1,41,7,-1,3,1,7,1,7
2017010086842,1,1,0,18,0,8,0,0,0,0,1,1,6,1,29,6,-1,-1,-1,5,1,5
2017010086842,2,9,0,7,0,8,0,0,0,0,1,1,6,1,-1,-1,1968,2,10,4,1,4
2017010086926,1,1,0,18,0,0,0,0,0,0,1,1,2,2,27,6,-1,-1,-1,2,1,2
2017010087103,1,9,-1,18,0,-1,-1,0,0,0,0,-1,6,1,28,6,1200,1,2,3,1,3
2017010087186,1,9,0,16,0,0,0,0,0,0,-1,-1,6,1,22,5,1984,1,-1,7,1,7
2017010087191,1,9,-1,6,-1,-1,-1,0,0,0,1,-1,6,2,-1,-1,-1,-1,-1,-1,-1,-1
2017010087202,1,1,-1,-1,-1,0,-1,-1,-1,-1,1,1,2,2,30,6,-1,-1,-1,4,1,4
2017010087202,2,8,-1,-1,-1,0,-1,-1,-1,-1,-1,-1,6,3,-1,-1,-1,-1,-1,-1,-1,-1
2017010087202,3,8,0,-1,-1,0,-1,-1,-1,-1,-1,-1,6,3,-1,-1,-1,-1,-1,-1,-1,-1
2017010087562,1,9,-1,-1,-1,-1,-1,-1,-1,-1,-1,-1,6,2,52,8,-1,-1,-1,-1,-1,-1
2017010087631,1,19,-1,18,0,0,-1,0,0,0,-1,-1,6,3,-1,-1,-1,-1,-1,-1,-1,-1
2017010087665,1,3,-1,18,0,-1,1,4,0,0,1,1,6,1,39,7,125,1,10,-1,-1,-1
2017010087694,1,11,-1,-1,-1,-1,-1,-1,-1,-1,-1,1,6,3,-1,-1,-1,-1,-1,-1,-1,-1
2017010087735,1,9,-1,-1,-1,0,-1,-1,-1,-1,-1,-1,6,1,-1,-1,-1,-1,-1,-1,-1,-1
2017010087753,1,9,-1,18,-1,2,-1,-1,-1,0,3,-1,6,1,50,8,2400,2,2,1,1,1
2017010087753,2,9,-1,-1,0,2,0,-1,-1,-1,-1,-1,6,3,-1,-1,1997,2,5,-1,-1,-1
2017010088304,1,9,0,-1,-1,-1,-1,-1,-1,-1,1,-1,6,2,-1,-1,-1,-1,-1,-1,-1,-1
2017010088360,1,9,0,-1,0,0,0,0,0,0,3,-1,6,1,56,9,1560,2,3,6,1,6
2017010088360,2,11,0,-1,0,0,0,-1,0,0,1,-1,6,1,-1,-1,-1,-1,-1,-1,-1,-1
2017010088535,1,3,0,18,0,0,0,0,0,0,3,1,6,1,42,7,125,1,1,3,1,3
2017010088535,2,9,0,18,0,0,0,0,0,0,4,-1,6,3,-1,-1,-1,-1,-1,-1,-1,-1
2017010088548,1,9,-1,-1,-1,-1,-1,-1,-1,-1,-1,-1,6,1,56,9,1390,1,14,8,1,8
2017010088548,2,9,-1,-1,-1,-1,-1,-1,0,0,-1,-1,6,3,-1,-1,-1,-1,-1,-1,-1,-1
2017010089575,1,9,-1,18,0,1,0,0,0,0,-1,-1,6,3,-1,-1,1461,2,3,-1,-1,-1
2017010089585,1,9,-1,-1,-1,-1,-1,0,-1,0,1,-1,6,1,42,7,1461,2,7,4,1,4
2017010089585,2,9,0,1,-1,-1,0,0,-1,0,2,-1,6,1,-1,-1,999,1,-1,-1,-1,-1
2017010089700,1,1,-1,-1,-1,-1,-1,-1,-1,-1,1,1,2,1,44,7,-1,-1,-1,-1,-1,-1
2017010089700,2,9,0,-1,-1,-1,-1,-1,-1,-1,4,-1,6,1,-1,-1,1200,1,-1,-1,-1,-1
2017010089823,1,9,-1,18,0,0,0,-1,0,0,-1,-1,6,1,47,8,1598,1,9,4,1,4
2017010089864,1,19,0,-1,0,0,0,0,0,0,4,-1,6,1,36,7,-1,-1,-1,2,1,2
2017010089864,2,9,0,15,0,0,0,0,0,0,3,-1,6,3,-1,-1,2979,1,16,-1,-1,-1
2017010089876,1,9,0,3,0,1,0,0,0,0,2,-1,6,1,27,6,-1,-1,-1,4,1,4
2017010089876,2,9,-1,18,0,1,0,0,0,0,1,-1,6,2,-1,-1,2777,2,6,-1,-1,-1
2017010090066,1,9,0,10,0,1,0,-1,0,0,1,-1,6,2,30,6,875,1,5,3,1,3
2017010090066,2,9,0,1,0,1,0,-1,0,0,-1,-1,6,3,-1,-1,1598,1,11,-1,-1,-1
2017010090296,1,1,0,4,0,1,5,0,0,0,2,1,6,1,30,6,-1,-1,-1,1,1,1
2017010090296,2,9,0,18,0,1,0,0,0,0,1,-1,6,1,48,8,1349,1,8,6,1,6
2017010090353,1,9,-1,-1,-1,-1,-1,-1,-1,-1,-1,-1,6,1,52,8,1968,2,-1,2,1,2
2017010090353,2,9,-1,-1,-1,-1,-1,-1,-1,-1,-1,-1,6,1,-1,-1,1997,1,10,8,1,8
2017010090360,1,9,0,5,0,4,0,0,0,0,1,-1,6,2,-1,-1,1598,1,9,-1,-1,-1
2017010090398,1,9,0,4,-1,-1,0,-1,-1,0,-1,-1,6,2,48,8,1582,2,4,3,1,3
2017010090570,1,9,0,7,0,-1,-1,-1,-1,-1,1,2,6,1,-1,-1,-1,-1,-1,-1,-1,-1
2017010090570,2,1,0,15,-1,-1,0,-1,0,0,4,1,6,1,24,5,-1,-1,-1,1,1,1
2017010090666,1,19,0,-1,-1,-1,-1,-1,-1,-1,2,-1,6,1,43,7,1248,2,2,2,1,2
2017010090666,2,9,0,-1,-1,-1,-1,-1,-1,-1,1,-1,6,1,-1,-1,1598,1,12,2,1,2
2017010091096,1,9,-1,-1,-1,-1,-1,-1,-1,-1,-1,-1,6,1,22,5,1560,2,6,2,1,2
2017010091096,2,9,-1,-1,-1,-1,-1,-1,-1,-1,-1,-1,6,3,-1,-1,1796,1,12,-1,-1,-1
2017010091107,1,9,0,18,0,0,0,0,0,0,2,-1,6,1,55,8,2488,1,9,4,1,4
2017010091107,2,9,0,18,0,0,0,0,0,0,1,-1,6,1,-1,-1,1461,2,-1,-1,-1,-1
2017010091143,1,9,0,-1,-1,0,-1,-1,-1,-1,-1,-1,6,1,-1,-1,-1,-1,-1,-1,-1,-1
2017010091331,1,9,-1,-1,-1,-1,-1,-1,-1,-1,-1,-1,6,1,36,7,1798,8,2,4,1,4
2017010091331,2,9,-1,-1,-1,-1,-1,-1,-1,-1,-1,-1,6,1,-1,-1,1388,1,11,1,1,1
2017010091368,1,9,-1,18,0,0,0,0,0,0,1,-1,6,3,-1,-1,-1,-1,-1,-1,-1,-1
2017010091392,1,9,0,7,0,8,0,0,0,0,1,1,6,3,-1,-1,-1,-1,-1,-1,-1,-1
2017010091488,1,9,0,-1,-1,-1,-1,-1,-1,-1,-1,-1,6,1,26,6,1197,1,1,2,1,2
2017010091580,1,9,-1,6,-1,-1,-1,-1,-1,-1,-1,-1,6,2,38,7,1499,2,-1,4,1,4
2017010091580,2,9,-1,-1,-1,-1,-1,-1,-1,-1,-1,-1,6,2,-1,-1,1598,1,4,-1,-1,-1
2017010091608,1,2,-1,-1,-1,-1,-1,-1,-1,-1,-1,1,6,1,53,8,125,1,14,4,1,4
2017010091608,2,9,-1,-1,-1,-1,-1,-1,-1,-1,-1,-1,6,1,-1,-1,1968,2,2,-1,-1,-1
2017010092692,1,9,0,-1,-1,0,-1,-1,-1,-1,-1,-1,6,1,49,8,999,1,1,9,1,9
2017010092692,2,90,1,-1,-1,0,-1,-1,-1,-1,-1,-1,6,1,-1,-1,-1,-1,-1,-1,-1,-1
2017010092793,1,9,0,18,0,4,0,0,0,0,2,-1,2,1,49,8,1598,2,4,5,1,5
2017010092793,2,9,-1,18,0,4,0,0,0,0,1,-1,6,1,-1,-1,1598,1,9,-1,-1,-1
2017010093366,1,3,0,18,0,-1,2,0,0,0,1,1,6,1,31,6,-1,-1,-1,2,1,2
2017010093366,2,19,0,6,0,-1,0,0,0,0,3,-1,6,1,-1,-1,1868,2,14,2,1,2
2017010093568,1,9,0,18,0,0,0,0,0,0,0,1,6,1,24,5,1200,1,1,3,1,3
2017010093568,2,4,0,18,0,0,0,0,0,0,0,1,6,1,29,6,125,1,5,4,1,4
2017010093576,1,3,0,18,0,1,0,0,0,0,0,1,6,2,-1,-1,-1,-1,-1,-1,-1,-1
2017010093576,2,9,0,9,0,1,0,0,0,0,0,-1,6,3,-1,-1,1781,1,17,-1,-1,-1
2017010093581,1,1,0,18,0,2,2,0,0,0,3,1,2,1,29,6,-1,-1,-1,9,1,9
2017010093581,2,5,-1,18,0,2,-1,0,0,0,4,1,6,1,-1,-1,998,1,11,-1,-1,-1
2017010093586,1,1,0,18,0,8,2,0,0,0,1,1,2,2,35,6,-1,-1,-1,8,1,8
2017010093586,2,9,-1,9,0,8,0,0,0,0,4,-1,6,2,-1,-1,-1,-1,-1,-1,-1,-1
2017010093591,1,3,-1,18,0,1,0,0,0,0,4,1,6,1,33,6,125,1,1,2,1,2
2017010093591,2,9,0,9,0,1,0,0,0,0,3,-1,6,3,-1,-1,-1,-1,-1,-1,-1,-1
2017010094054,1,9,0,18,0,8,0,0,0,0,3,-1,6,1,44,7,1797,8,7,2,1,2
2017010094054,2,9,0,9,0,8,0,0,0,0,1,-1,6,3,-1,-1,1995,2,5,-1,-1,-1
2017010094062,1,1,0,18,0,8,0,0,0,0,1,1,2,1,55,8,-1,-1,-1,10,1,10
2017010094062,2,9,0,7,0,5,0,0,0,0,4,-1,6,2,-1,-1,1753,2,11,4,1,4
2017010094069,1,1,0,18,0,8,0,0,0,0,1,1,6,1,32,6,-1,-1,-1,5,1,5