Accident_Index,Vehicle_Reference,Vehicle_Type,Towing_and_Articulation,Vehicle_Manoeuvre,Vehicle_Location-Restricted_Lane,Junction_Location,Skidding_and_Overturning,Hit_Object_in_Carriageway,Vehicle_Leaving_Carriageway,Hit_Object_off_Carriageway,1st_Point_of_Impact,Was_Vehicle_Left_Hand_Drive?,Journey_Purpose_of_Driver,Sex_of_Driver,Age_of_Driver,Age_Band_of_Driver,Engine_Capacity_(CC),Propulsion_Code,Age_of_Vehicle,Driver_IMD_Decile,Driver_Home_Area_Type,Vehicle_IMD_Decile
2017030178113,2,9,0,18,0,7,0,0,1,0,2,1,5,1,53,8,1242,1,14,8,3,8
2017030178127,1,5,0,17,0,0,0,0,0,0,1,1,5,1,36,7,996,1,14,8,2,8
2017030178355,1,9,0,9,0,8,0,0,0,0,4,1,6,1,17,4,1248,2,9,3,2,3
2017030178355,2,9,0,18,0,8,0,0,0,0,1,1,6,1,51,8,-1,-1,-1,2,2,2
2017030178395,1,9,0,5,0,0,0,0,0,0,1,1,6,2,77,11,1496,1,-1,2,1,2
2017030178395,2,9,0,18,0,0,0,0,0,0,3,1,6,1,26,6,1368,1,8,2,1,2
2017030178678,1,9,0,18,9,0,1,10,1,2,3,1,5,1,23,5,1796,1,13,4,1,4
2017030178691,1,9,0,5,0,0,0,4,0,0,1,1,5,1,23,5,1499,2,3,3,1,3
2017030178691,2,9,0,3,0,0,0,0,0,0,2,1,5,2,50,8,2199,2,5,4,3,4
2017030178724,1,9,0,18,0,8,0,0,0,0,1,1,6,1,85,11,1598,1,13,9,1,9
2017030178724,2,9,0,18,0,8,5,0,0,0,4,1,6,2,69,10,1769,1,12,3,2,3
2017030178786,1,1,0,18,0,0,0,0,1,0,1,1,6,1,21,5,-1,-1,-1,10,2,10
2017030178805,1,19,0,4,0,0,0,0,0,0,1,1,1,1,37,7,2287,2,1,5,3,5
2017030178805,2,9,0,4,0,0,0,0,0,0,2,1,6,2,66,10,1761,1,17,5,1,5
2017030178850,1,9,0,17,0,0,1,12,7,11,1,1,2,2,39,7,1998,2,12,7,2,7
2017030178868,1,9,0,18,0,0,1,0,7,9,1,1,5,2,32,6,1248,2,8,4,1,4
2017030178899,1,9,0,18,0,0,0,0,0,0,0,1,6,2,-1,-1,1598,1,6,1,1,1
2017030178899,2,1,0,18,0,0,0,0,0,0,0,1,6,2,45,7,-1,-1,-1,-1,-1,-1
2017030178899,3,1,0,18,0,0,0,0,0,0,0,1,6,2,-1,-1,-1,-1,-1,-1,-1,-1
2017030180142,1,9,0,18,0,0,0,0,0,0,4,1,5,2,61,9,1560,2,2,8,1,8
2017030180186,1,9,0,7,0,6,0,0,0,0,1,1,5,3,-1,-1,1796,1,13,-1,-1,-1
2017030180186,2,9,0,7,0,8,0,0,0,0,1,1,5,1,52,8,1086,1,14,1,1,1
2017030180235,1,9,0,17,0,0,2,0,2,10,1,1,6,2,28,6,1149,1,16,3,3,3
2017030180256,1,9,0,18,0,0,1,0,0,0,1,1,6,2,20,4,998,1,1,1,1,1
2017030180256,2,9,0,3,0,0,0,0,0,0,2,1,6,2,53,8,998,1,1,3,1,3
2017030180283,1,9,0,6,0,0,0,0,0,0,0,1,6,3,-1,-1,-1,-1,-1,-1,-1,-1
2017030180283,2,9,0,18,0,0,0,0,0,0,0,1,5,3,-1,-1,1968,2,9,-1,-1,-1
2017030180283,3,5,0,18,0,0,2,0,0,0,1,1,5,1,72,10,748,1,21,4,1,4
2017030180283,4,5,0,18,0,0,0,0,0,0,0,1,5,1,-1,-1,918,1,20,3,1,3
2017030180296,1,1,0,18,0,0,0,0,0,0,1,1,6,1,46,8,-1,-1,-1,7,3,7
2017030180320,1,9,0,18,0,0,1,0,2,11,3,1,5,1,37,7,1769,1,26,6,3,6
2017030180320,2,9,0,18,0,0,0,0,0,0,3,1,5,1,23,5,1496,2,1,7,3,7
2017030180325,1,9,0,17,0,0,0,0,0,0,1,1,6,1,-1,-1,2143,2,5,-1,-1,-1
2017030180325,2,9,0,16,0,0,0,0,0,0,1,1,5,1,33,6,1868,2,15,1,1,1
2017030180330,1,9,0,18,0,0,0,0,0,0,1,1,6,1,18,4,1198,1,10,5,3,5
2017030180330,2,9,0,18,0,0,0,0,0,0,1,1,6,1,17,4,1388,1,10,-1,-1,-1
2017030180371,1,9,0,4,0,1,0,0,0,0,1,1,5,2,73,10,1997,2,15,8,1,8
2017030180371,2,9,0,3,0,1,0,0,0,0,2,1,5,2,29,6,1984,1,3,8,1,8
2017030180371,3,9,0,3,0,1,0,0,0,0,2,1,1,2,60,9,1242,1,2,7,3,7
2017030180430,1,-1,-1,18,0,0,0,0,0,0,1,1,6,3,-1,-1,-1,-1,-1,-1,-1,-1
2017030180430,2,9,0,18,0,0,0,0,0,0,3,1,1,2,27,6,1956,2,4,7,2,7
2017030180608,1,9,0,13,0,8,1,0,0,0,1,1,5,1,18,4,998,1,15,9,2,9
2017030180608,2,9,0,9,0,5,0,0,0,0,3,1,5,2,17,4,999,1,7,6,3,6
2017030180639,1,-1,-1,7,0,2,0,0,0,0,1,1,6,3,-1,-1,-1,-1,-1,-1,-1,-1
2017030180660,1,9,0,1,0,0,0,0,0,0,2,1,6,1,54,8,1461,2,5,2,1,2
2017030180660,2,1,0,3,0,0,0,0,0,0,1,1,6,1,28,6,-1,-1,-1,2,1,2
2017030180689,1,9,0,18,0,0,0,0,0,0,1,1,6,2,29,6,1598,2,4,5,3,5
2017030180689,2,9,0,18,0,0,0,0,0,0,1,1,6,1,41,7,2000,2,13,10,1,10
2017030180689,3,9,0,18,0,0,0,0,0,0,2,1,6,2,46,8,1390,2,14,4,1,4
2017030180693,1,9,0,18,0,0,0,0,0,0,1,1,5,1,72,10,2401,2,15,5,3,5
2017030180693,2,9,0,18,0,0,0,0,2,11,1,1,2,1,36,7,2495,1,16,-1,-1,-1
2017030180731,1,1,0,18,0,0,0,0,0,0,1,1,6,1,35,6,-1,-1,-1,5,3,5
2017030180754,1,9,0,18,0,0,2,4,0,0,1,1,6,1,30,6,1588,1,13,3,1,3
2017030180754,2,19,0,2,0,0,0,0,0,0,4,1,6,3,-1,-1,2198,2,4,-1,-1,-1
2017030180757,1,9,0,9,0,0,0,0,0,0,3,1,1,2,49,8,1388,1,10,6,3,6
2017030180757,2,1,0,18,5,0,0,0,0,0,1,1,6,2,29,6,-1,-1,-1,3,1,3
2017030180785,1,9,0,18,0,0,5,0,1,0,1,1,5,1,46,8,-1,-1,-1,7,3,7
2017030180789,1,9,0,18,9,0,0,0,1,1,2,1,2,2,23,5,1242,1,2,3,1,3
2017030180894,1,9,0,4,0,0,0,0,0,0,4,1,6,1,60,9,-1,-1,-1,7,1,7
2017030180894,2,1,0,4,0,0,0,0,0,0,1,1,6,1,47,8,-1,-1,-1,-1,-1,-1
2017030181121,1,9,0,7,0,0,0,0,1,0,4,1,1,2,-1,-1,1398,1,7,1,1,1
2017030181121,2,1,0,18,4,0,0,0,0,0,3,1,6,1,25,5,-1,-1,-1,4,1,4
2017030181153,1,9,0,17,0,0,2,0,1,4,1,1,5,1,52,8,2967,1,15,2,2,2
2017030181164,1,9,0,9,0,8,0,0,0,0,3,1,5,1,77,11,1461,2,4,-1,-1,-1
2017030181164,2,1,0,18,0,1,0,0,0,0,1,1,5,1,16,4,-1,-1,-1,-1,-1,-1
2017030181539,1,9,0,11,0,0,0,0,0,0,1,1,5,2,59,9,1956,2,1,-1,-1,-1
2017030181539,2,9,0,18,0,0,5,0,4,6,2,1,5,2,47,8,1598,1,17,2,1,2
2017030181539,3,21,0,18,0,0,0,0,0,0,2,1,1,1,56,9,6870,2,5,10,1,10
2017030181629,1,1,0,18,0,0,0,0,0,0,1,1,1,1,50,8,-1,-1,-1,1,1,1
2017030181629,2,19,0,18,0,0,0,0,0,0,1,1,1,1,37,7,2496,2,17,5,1,5
2017030181658,1,9,0,5,0,0,0,0,0,0,1,1,5,1,70,10,1596,1,8,10,1,10
2017030181660,1,9,0,9,0,5,0,0,0,0,4,1,6,2,45,7,1956,2,8,3,3,3
2017030181660,2,5,0,18,0,1,5,0,0,0,1,1,6,1,43,7,1170,1,1,5,1,5
2017030181660,3,9,0,8,0,1,0,0,0,0,0,1,6,2,37,7,1984,1,-1,5,3,5
2017030181683,1,9,0,18,0,0,0,0,8,3,1,1,1,1,41,7,1598,1,16,-1,-1,-1
2017030181736,1,9,0,18,0,1,0,0,0,0,1,1,5,1,49,8,998,1,4,1,1,1
2017030181740,1,1,0,18,0,0,0,0,0,0,1,1,6,1,-1,-1,-1,-1,-1,-1,-1,-1
2017030182117,1,9,0,9,4,0,0,0,0,0,4,1,2,1,27,6,-1,-1,-1,6,1,6
2017030182117,2,1,0,17,4,0,0,0,0,0,1,1,2,1,49,8,-1,-1,-1,6,3,6
2017030182141,1,9,0,9,0,0,0,0,0,0,1,1,2,1,20,4,1896,2,10,6,2,6
2017030182166,1,9,0,18,0,0,0,0,0,0,1,1,5,2,28,6,-1,-1,-1,9,1,9
2017030182215,1,9,0,18,0,6,0,0,0,0,1,1,6,2,-1,-1,1598,2,1,-1,-1,-1
2017030182215,2,9,0,9,0,6,0,0,0,0,1,1,6,2,25,5,1200,1,1,6,2,6
2017030182228,1,9,0,7,0,2,0,0,0,0,1,1,5,1,48,8,1399,1,7,9,1,9
2017030182228,2,9,0,18,0,1,0,0,0,0,2,1,6,2,18,4,1493,2,10,8,3,8
2017030182393,1,9,0,18,0,8,0,0,0,0,3,1,1,1,57,9,1499,2,1,8,1,8
2017030182393,2,9,0,18,0,8,0,0,0,0,1,1,5,2,60,9,1240,1,11,3,1,3
2017030182432,1,9,0,7,0,8,0,0,0,0,3,1,6,3,-1,-1,-1,-1,-1,-1,-1,-1
2017030182432,2,1,0,18,9,1,0,0,0,0,1,1,4,1,14,3,-1,-1,-1,1,1,1
2017030182474,1,9,0,18,0,8,0,0,0,0,4,1,5,2,17,4,1197,1,5,6,3,6
2017030182474,2,5,0,18,0,8,0,0,0,0,1,1,5,1,-1,-1,600,1,-1,3,1,3
2017030182556,1,9,0,18,0,1,0,0,0,0,1,1,6,1,-1,-1,2495,2,14,2,1,2
2017030182556,2,9,0,3,0,1,0,0,0,0,2,1,6,2,40,7,875,1,1,6,3,6
2017030182556,3,9,0,3,0,1,0,0,0,0,2,1,6,2,44,7,1582,2,8,6,3,6
2017030182556,4,9,0,18,0,1,0,0,0,0,3,1,6,1,48,8,2199,2,5,6,2,6
2017030182556,5,9,0,18,0,1,0,0,0,0,1,1,6,1,28,6,1596,1,2,9,1,9
2017030182602,1,98,0,13,0,0,0,0,0,0,4,1,6,3,-1,-1,-1,-1,-1,-1,-1,-1
2017030182602,2,1,0,18,0,0,0,0,0,0,3,1,5,2,37,7,-1,-1,-1,2,1,2
2017030182615,1,-1,-1,16,0,0,0,0,0,0,0,1,6,3,-1,-1,-1,-1,-1,-1,-1,-1
2017030182615,2,5,0,17,0,0,0,0,2,0,3,1,5,1,61,9,798,1,1,10,1,10
2017030182667,1,9,0,9,0,5,0,0,0,0,1,1,2,1,45,7,2499,1,6,4,2,4
2017030182667,2,9,0,18,0,8,0,0,0,0,1,1,1,1,40,7,1598,2,3,1,1,1
2017030182697,1,9,0,7,4,1,0,0,0,0,4,1,6,1,21,5,1598,1,12,2,1,2
2017030182697,2,1,0,15,4,1,0,0,0,0,1,1,6,2,45,7,-1,-1,-1,6,3,6
2017030182724,1,9,0,18,0,0,0,0,7,11,3,1,5,2,31,6,1242,1,8,6,3,6
2017030183144,1,9,0,18,0,0,0,0,0,0,4,1,2,1,51,8,1360,1,8,5,1,5
2017030183157,1,9,0,18,0,0,0,0,0,0,1,1,5,1,41,7,1956,2,5,1,1,1
2017030183180,1,1,0,18,0,0,0,0,0,0,1,1,5,1,76,11,-1,-1,-1,-1,-1,-1
2017030183180,2,9,0,18,0,0,0,0,0,0,2,1,5,1,21,5,1124,1,14,4,2,4
2017030183273,1,1,0,18,4,8,5,0,0,0,3,1,4,1,8,2,-1,-1,-1,-1,-1,-1
2017030183273,2,9,0,18,0,1,0,0,0,0,1,1,5,2,43,7,1998,2,13,2,1,2
2017030183289,1,9,0,18,0,0,0,0,1,0,1,1,5,2,64,9,1299,1,14,6,3,6
2017030183289,2,21,1,18,0,0,0,0,1,0,1,1,1,1,53,8,10677,2,2,-1,3,-1
2017030183289,3,9,0,18,0,0,0,0,1,0,1,1,5,1,23,5,-1,-1,-1,7,3,7
2017030183322,1,9,0,18,0,8,0,0,2,2,1,1,6,2,48,8,1598,1,7,7,3,7
2017030183549,1,9,0,18,0,0,0,0,0,0,2,1,5,1,33,6,1796,1,14,3,3,3
2017030183549,2,9,0,18,0,0,0,0,0,0,2,1,5,1,23,5,999,1,2,9,2,9
2017030183569,1,9,0,8,0,0,0,0,0,0,1,1,6,1,27,6,1968,2,12,3,3,3
2017030183569,2,9,0,18,0,0,1,0,0,0,1,1,6,1,23,5,-1,-1,-1,6,1,6
2017030183591,1,9,0,16,0,0,1,10,7,11,4,1,6,1,18,4,1198,1,10,5,3,5
2017030183615,1,9,0,5,0,0,0,0,0,0,1,1,1,1,68,10,-1,-1,-1,7,3,7
2017030183615,2,9,0,18,0,0,0,0,1,0,4,1,6,2,85,11,1242,1,9,9,3,9
2017030184388,1,9,0,5,0,0,0,0,0,0,1,1,6,2,22,5,1956,2,7,6,3,6
2017030184388,2,1,0,18,0,0,0,0,7,0,4,1,5,1,43,7,-1,-1,-1,9,2,9
2017030184435,1,9,0,9,0,5,0,0,0,0,1,1,6,2,74,10,-1,-1,-1,7,3,7
2017030184435,2,9,0,18,0,1,1,0,1,0,1,1,3,2,44,7,1796,1,15,5,3,5
2017030184466,1,9,0,18,0,6,0,0,0,0,1,1,5,1,22,5,1560,2,6,4,2,4
2017030184466,2,19,0,18,0,8,1,0,1,0,1,1,3,1,28,6,1560,2,4,2,1,2
2017030184516,1,9,0,9,0,1,0,0,0,0,1,1,5,1,18,4,1242,1,14,3,3,3
2017030184516,2,19,0,18,0,1,0,0,0,0,1,1,1,1,50,8,5193,2,9,2,1,2
2017030184563,1,9,0,9,0,1,0,0,0,0,1,1,5,1,69,10,2143,2,-1,-1,-1,-1
2017030184563,2,9,0,18,0,8,0,0,0,0,1,1,5,2,-1,-1,1240,1,12,-1,1,-1
2017030184590,1,9,0,18,0,0,1,0,0,0,1,1,5,1,25,5,1995,2,15,3,1,3
2017030184590,2,90,0,18,0,0,0,0,0,0,1,1,5,1,61,9,-1,-1,-1,10,1,10
2017030184592,1,9,0,18,0,3,0,10,0,0,1,1,6,2,41,7,1560,2,3,9,1,9
2017030184592,2,9,0,18,0,4,1,10,0,0,2,1,6,1,51,8,1998,2,4,9,3,9
2017030184646,1,9,0,18,0,0,0,0,0,0,1,1,6,1,27,6,1248,2,9,7,1,7
2017030184646,2,21,0,9,0,0,0,0,0,0,0,1,1,1,68,10,8970,2,10,4,1,4
2017030184668,1,9,0,18,0,1,0,0,0,0,1,1,1,2,23,5,1968,2,2,-1,-1,-1
2017030184668,2,9,0,4,0,1,0,0,0,0,2,1,1,1,25,5,-1,-1,-1,4,1,4
2017030184767,1,1,0,9,0,0,0,0,0,0,1,1,2,1,19,4,-1,-1,-1,1,2,1
2017030184767,2,9,0,9,0,0,0,0,0,0,0,1,2,1,-1,-1,-1,-1,-1,-1,-1,-1
2017030184773,1,9,0,18,0,8,0,0,0,0,3,1,6,2,67,10,1997,1,14,1,1,1
2017030184773,2,3,0,18,0,8,0,0,0,0,1,1,6,1,19,4,124,1,1,1,1,1
2017030184821,1,21,0,11,0,0,0,0,0,0,4,1,1,1,56,9,10800,2,3,8,1,8
2017030184821,2,9,0,18,0,0,0,0,0,0,3,1,6,2,57,9,1248,1,4,2,1,2
2017030184837,1,19,0,18,0,0,0,0,0,0,1,1,1,1,50,8,1968,2,1,7,1,7
2017030184837,2,9,0,18,0,0,0,0,0,0,2,1,1,2,29,6,1329,1,7,10,1,10
2017030184837,3,9,0,18,0,0,0,0,0,0,2,1,1,2,46,8,1388,1,7,8,1,8
2017030184837,4,9,0,18,0,0,0,0,0,0,2,1,1,1,35,6,1995,2,14,6,3,6
2017030184847,1,9,0,18,0,8,1,0,0,0,1,1,5,2,18,4,1399,2,7,10,1,10
2017030184917,1,9,0,18,0,0,0,0,0,0,1,1,5,2,52,8,1198,1,2,5,1,5
2017030184938,1,9,0,16,0,0,0,0,1,1,1,1,6,2,61,9,1339,1,9,8,1,8
2017030184980,1,9,0,18,0,0,0,0,0,0,1,1,6,1,-1,-1,1796,1,7,9,1,9
2017030184980,2,9,0,18,0,0,0,0,0,0,2,1,6,2,27,6,1242,1,8,5,2,5
2017030184991,1,9,0,18,0,0,0,0,0,0,1,1,6,1,20,4,1499,1,2,5,1,5
2017030184991,2,9,0,18,0,0,0,0,0,0,4,1,6,1,20,4,998,1,1,1,1,1
2017030185031,1,9,0,7,0,6,0,0,0,0,3,1,2,2,38,7,998,1,12,6,1,6
2017030185031,2,1,0,18,0,8,0,0,0,0,3,1,2,1,56,9,-1,-1,-1,6,3,6
2017030185133,1,9,0,9,0,0,0,0,0,0,0,1,5,2,35,6,1560,2,7,6,2,6
2017030185133,2,1,0,15,0,0,0,0,0,0,0,1,5,1,64,9,-1,-1,-1,3,1,3
2017030185192,1,1,0,9,0,1,0,0,0,0,1,1,6,1,45,7,-1,-1,-1,1,1,1
2017030185192,2,9,0,18,0,2,0,0,0,0,2,1,6,3,-1,-1,-1,-1,-1,-1,-1,-1
2017030185214,1,9,0,4,0,0,0,0,0,0,2,1,5,2,41,7,1598,1,8,1,1,1
2017030185214,2,1,0,18,0,0,0,0,0,0,2,1,5,1,55,8,-1,-1,-1,3,2,3
2017030185230,1,9,0,18,0,8,0,0,0,0,1,1,5,1,18,4,1360,1,10,3,1,3
2017030185250,1,9,0,18,0,0,0,0,0,0,4,1,2,1,50,8,1388,1,14,3,1,3
2017030185250,2,9,0,18,0,0,1,0,1,0,1,1,5,1,17,4,1896,2,11,5,3,5
2017030185312,1,9,0,9,0,0,0,0,-1,0,0,1,6,3,-1,-1,-1,-1,-1,-1,-1,-1
2017030185312,2,11,0,18,0,0,0,0,-1,0,0,1,3,1,27,6,-1,-1,-1,5,1,5
2017030185317,1,9,0,18,0,0,0,0,0,0,1,1,6,1,72,10,2401,2,11,5,1,5
2017030185317,2,9,0,18,0,0,0,0,0,0,2,1,6,1,52,8,1388,1,12,6,2,6
2017030185317,3,9,0,18,0,0,0,0,0,0,2,1,6,2,27,6,1461,2,3,3,2,3
2017030185334,1,5,0,17,0,0,2,0,1,0,4,1,5,1,36,7,675,1,7,3,1,3
2017030185336,1,9,0,6,8,0,0,0,0,0,1,1,1,2,18,4,1197,1,2,3,2,3
2017030185336,2,9,0,17,0,0,0,0,0,0,2,1,5,2,67,10,1984,1,10,9,3,9
2017030185651,1,9,0,18,0,0,0,0,0,0,1,1,5,1,48,8,1796,1,16,8,3,8
2017030185651,2,19,0,18,0,0,0,0,0,0,1,1,1,1,28,6,1598,2,2,-1,-1,-1
2017030185681,1,9,0,18,0,0,0,0,0,0,1,1,6,1,39,7,1596,1,13,6,1,6
2017030185681,2,1,0,18,0,0,0,0,0,0,2,1,6,1,61,9,-1,-1,-1,1,1,1
2017030185692,1,9,0,13,0,0,0,0,0,0,1,1,5,2,31,6,1991,2,9,3,1,3
2017030185692,2,19,0,5,0,0,0,0,0,0,1,1,1,1,34,6,1560,2,-1,1,1,1
2017030186192,1,9,0,3,0,0,0,0,0,0,1,1,2,2,54,8,2993,2,3,7,3,7
2017030186207,1,9,0,18,0,0,0,0,0,0,1,1,3,2,42,7,1896,2,8,8,1,8
2017030186207,2,9,0,18,0,0,0,0,0,0,2,1,2,2,38,7,1998,2,13,5,1,5
2017030186219,1,9,0,17,0,0,0,0,0,0,3,1,5,1,23,5,1968,2,4,7,1,7
2017030186219,2,9,0,2,0,0,0,0,0,0,3,1,2,1,20,4,2198,2,2,7,3,7
2017030186222,1,9,0,16,0,0,0,0,0,0,1,1,5,1,25,5,1364,1,6,2,1,2
2017030186222,2,1,0,17,0,0,5,0,0,0,1,1,5,1,53,8,-1,-1,-1,6,3,6
2017030186271,1,9,0,11,0,1,0,0,0,0,4,1,6,1,22,5,-1,-1,-1,5,2,5
2017030186277,1,9,0,16,0,0,5,0,0,0,4,1,5,2,26,6,1149,1,12,5,2,5
2017030186286,1,8,0,18,0,0,0,0,0,0,4,1,1,1,42,7,1753,2,7,3,3,3
2017030186323,1,1,0,16,0,0,5,0,7,10,1,1,5,2,53,8,-1,-1,-1,8,1,8
2017030186352,1,9,0,11,0,0,0,0,0,0,4,1,5,1,-1,-1,998,1,17,7,2,7
2017030186352,2,9,0,18,0,0,0,0,1,0,3,1,5,1,19,4,1248,2,9,1,1,1
2017030186358,1,9,0,9,0,0,0,0,0,0,1,1,2,2,24,5,1600,2,8,3,1,3
2017030186358,2,5,0,18,0,0,2,0,1,2,3,1,2,1,25,5,-1,-1,-1,2,1,2
2017030186371,1,9,0,18,0,0,0,0,0,0,0,1,6,3,-1,-1,-1,-1,-1,-1,-1,-1
2017030186371,2,9,0,16,0,0,0,10,1,1,1,1,5,1,21,5,1248,2,7,5,3,5
2017030186396,1,9,0,18,0,0,5,0,1,0,1,1,5,1,24,5,1360,1,14,7,3,7
2017030186424,1,11,0,4,0,0,0,0,0,0,1,1,1,1,41,7,6871,2,8,2,1,2
2017030186459,1,9,4,9,0,0,0,0,0,0,3,1,2,1,-1,-1,-1,-1,-1,6,2,6
2017030186459,2,1,0,18,0,0,0,0,0,0,1,1,6,1,50,8,-1,-1,-1,1,2,1
2017030186462,1,9,0,16,0,0,0,0,0,0,1,1,6,1,55,8,1988,1,16,1,1,1
2017030186462,2,9,0,17,0,0,0,0,0,0,1,1,5,2,49,8,1968,2,1,5,1,5
2017030186485,1,9,0,18,0,0,0,0,0,0,4,1,1,1,61,9,1796,1,2,8,1,8
2017030186497,1,9,0,18,0,0,0,0,0,0,1,1,6,1,70,10,1329,1,5,5,2,5
2017030186497,2,9,0,18,0,0,0,0,0,0,1,1,6,1,27,6,1598,1,10,3,2,3
2017030186516,1,5,0,18,0,0,0,0,0,0,1,1,5,1,32,6,998,1,10,-1,-1,-1
2017030186547,1,17,0,18,0,0,0,0,0,0,0,1,1,1,23,5,-1,-1,-1,6,3,6
2017030186547,2,9,0,18,0,0,1,0,1,0,4,1,5,1,50,8,-1,-1,-1,5,3,5
2017030186565,1,1,0,13,0,0,0,0,0,0,1,1,5,2,81,11,-1,-1,-1,10,3,10
2017030186565,2,9,0,3,0,0,0,0,0,0,3,1,5,2,32,6,1598,1,11,1,1,1
2017030186585,1,9,0,6,0,0,0,0,7,0,1,1,6,1,77,11,1298,1,17,4,2,4
2017030186585,2,9,0,18,0,0,0,0,0,0,1,1,6,1,21,5,1560,2,7,6,3,6
2017030186611,1,5,0,13,0,0,0,0,7,0,1,1,5,1,53,8,781,1,15,7,2,7
2017030186611,2,19,0,18,0,0,0,0,0,0,3,1,1,1,-1,-1,1560,2,1,6,1,6
2017030186723,1,5,0,17,0,0,0,0,1,0,1,1,6,1,42,7,998,1,1,7,3,7
2017030186723,2,9,0,16,0,0,0,0,0,0,3,1,1,1,41,7,1995,2,-1,10,2,10
2017030186869,1,9,0,18,0,2,0,0,0,0,1,1,6,1,77,11,2987,2,6,8,3,8
2017030186886,1,9,0,2,0,0,0,0,0,0,3,1,5,1,60,9,1598,1,4,8,1,8
2017030186886,2,1,0,18,0,0,0,0,0,0,1,1,5,2,40,7,-1,-1,-1,8,1,8
2017030186908,1,9,0,9,0,0,0,0,0,0,0,1,1,2,28,6,1968,2,13,4,2,4
2017030186908,2,4,0,18,0,0,1,0,1,0,2,1,6,1,51,8,749,1,6,6,1,6
2017030187051,1,97,0,18,0,0,0,0,0,0,0,1,6,3,-1,-1,-1,-1,-1,-1,-1,-1
2017030187051,2,16,0,18,0,0,0,0,0,0,0,1,6,2,46,8,-1,-1,-1,5,3,5
2017030187078,1,9,0,18,0,0,0,0,0,0,4,1,5,1,41,7,1600,1,18,4,2,4
2017030187184,1,9,0,4,0,0,0,0,1,0,0,1,6,1,48,8,1997,1,13,3,1,3
2017030187184,2,9,0,9,0,0,0,0,0,0,0,1,6,2,-1,-1,1248,1,5,4,1,4
2017030187184,3,9,0,18,0,0,0,0,0,0,1,1,6,2,66,10,1248,2,2,9,3,9
2017030187727,1,9,0,16,0,0,0,0,7,11,1,1,5,2,26,6,1560,2,4,3,1,3
2017030187751,1,9,0,18,0,0,0,0,0,0,3,1,5,1,67,10,998,1,-1,1,1,1
2017030187795,1,9,0,18,0,0,0,0,0,0,1,1,6,2,-1,-1,-1,-1,-1,-1,-1,-1
2017030187829,1,9,0,18,0,1,0,0,0,0,0,1,5,1,42,7,-1,-1,-1,4,3,4
2017030187829,2,9,0,10,0,2,0,0,0,0,0,1,5,1,85,11,1798,8,1,4,3,4
2017030187846,1,9,0,9,0,0,0,0,0,0,4,1,6,1,60,9,1968,2,3,7,2,7
2017030187846,2,9,0,18,0,0,0,0,0,0,1,1,6,1,78,11,1388,1,6,7,3,7
2017030188079,1,9,0,9,0,6,0,0,0,0,3,1,5,1,89,11,1596,1,5,10,2,10
2017030188079,2,1,0,17,0,1,1,0,0,0,1,1,5,1,46,8,-1,-1,-1,6,2,6
2017030188107,1,9,0,18,0,1,0,0,0,0,1,1,1,1,21,5,1242,1,16,2,1,2
2017030188107,2,9,0,10,0,1,0,0,0,0,0,1,1,2,60,9,1998,1,10,7,3,7
2017030188144,1,11,0,4,0,0,0,0,0,0,0,1,1,1,-1,-1,-1,-1,-1,-1,-1,-1
2017030188182,1,9,0,16,0,0,2,0,0,0,1,1,6,1,23,5,3200,1,10,8,2,8
2017030188196,1,5,0,18,0,0,1,0,0,0,1,1,5,1,-1,-1,599,1,12,8,3,8
2017030188212,1,9,0,9,0,6,0,0,0,0,1,1,5,1,46,8,1995,2,5,3,1,3
2017030188212,2,9,0,18,0,8,0,0,0,0,3,1,5,2,33,6,1396,2,7,6,1,6
2017030188215,1,9,0,3,0,0,0,0,0,0,2,1,5,1,78,11,1598,1,8,9,1,9
2017030188215,2,1,0,18,0,0,0,0,0,0,1,1,5,1,16,4,-1,-1,-1,10,1,10
2017030188224,1,9,0,18,0,4,0,0,0,0,1,1,5,2,56,9,1242,1,10,3,1,3
2017030188224,2,1,0,18,0,4,0,0,0,0,1,1,5,1,36,7,-1,-1,-1,4,1,4
2017030188234,1,9,0,18,0,0,2,0,1,0,2,1,1,1,58,9,1910,2,7,4,1,4
2017030188234,2,9,0,18,0,0,0,0,0,0,1,1,5,1,29,6,2143,2,1,10,1,10
2017030188361,1,9,0,18,0,0,1,0,1,0,3,1,1,2,60,9,1229,1,6,6,3,6
2017030188361,2,19,0,18,0,0,1,0,1,0,1,1,1,1,53,8,2298,2,3,8,3,8
2017030188415,1,1,0,9,0,0,0,0,0,0,1,1,5,1,87,11,-1,-1,-1,5,3,5
2017030188415,2,9,0,18,0,0,0,0,0,0,4,1,5,1,74,10,1997,2,1,6,3,6
2017030188543,1,9,0,9,0,6,0,0,0,0,3,1,2,1,35,6,1390,1,10,6,2,6
2017030188543,2,9,0,18,0,8,0,0,0,0,1,1,5,1,61,9,1995,2,-1,5,3,5
2017030188561,1,9,0,5,0,6,0,0,0,0,4,1,6,3,-1,-1,-1,-1,-1,-1,-1,-1
2017030188561,2,5,0,18,0,1,0,0,0,0,1,1,5,1,55,8,649,1,11,5,2,5
2017030188568,1,-1,-1,18,0,1,0,0,0,0,4,1,6,3,-1,-1,-1,-1,-1,-1,-1,-1
2017030188579,1,3,0,16,0,3,0,0,0,0,0,1,5,1,23,5,124,1,3,3,2,3