Accident_Index,Vehicle_Reference,Vehicle_Type,Towing_and_Articulation,Vehicle_Manoeuvre,Vehicle_Location-Restricted_Lane,Junction_Location,Skidding_and_Overturning,Hit_Object_in_Carriageway,Vehicle_Leaving_Carriageway,Hit_Object_off_Carriageway,1st_Point_of_Impact,Was_Vehicle_Left_Hand_Drive?,Journey_Purpose_of_Driver,Sex_of_Driver,Age_of_Driver,Age_Band_of_Driver,Engine_Capacity_(CC),Propulsion_Code,Age_of_Vehicle,Driver_IMD_Decile,Driver_Home_Area_Type,Vehicle_IMD_Decile
2017030188586,1,11,0,18,0,0,0,0,0,0,4,1,6,3,-1,-1,-1,-1,-1,-1,-1,-1
2017030188609,1,9,0,3,0,1,0,0,0,0,3,1,6,2,63,9,-1,-1,-1,5,1,5
2017030188609,2,9,0,3,0,1,0,0,0,0,1,1,6,1,73,10,1200,1,2,8,3,8
2017030188650,1,9,0,18,0,1,0,0,0,0,1,1,6,3,-1,-1,-1,-1,-1,-1,-1,-1
2017030188650,2,1,0,9,0,8,0,0,0,0,3,1,5,1,60,9,-1,-1,-1,5,3,5
2017030188839,1,9,0,18,0,0,0,0,1,11,3,1,5,2,25,5,1360,1,13,6,1,6
2017030188875,1,9,0,16,0,1,0,0,0,0,1,1,5,1,50,8,1753,2,14,2,1,2
2017030188875,2,9,0,17,0,1,0,0,0,0,1,1,5,1,68,10,1997,2,3,2,1,2
2017030188977,1,8,0,17,0,0,0,0,0,0,3,1,1,1,-1,-1,-1,-1,-1,-1,-1,-1
2017030189009,1,9,0,16,0,0,5,0,2,10,1,1,5,1,84,11,1086,1,13,-1,-1,-1
2017030189026,1,9,0,17,0,0,1,0,0,0,1,1,5,2,42,7,1598,1,16,1,1,1
2017030189089,1,9,0,18,0,0,0,0,0,0,1,1,5,2,-1,-1,1968,2,3,6,2,6
2017030189089,2,9,0,18,0,0,0,0,0,0,1,1,5,1,41,7,1997,2,7,2,1,2
2017030189089,3,9,0,18,0,0,0,0,0,0,2,1,5,2,41,7,1360,1,12,4,2,4
2017030189425,1,9,0,18,0,1,0,0,0,0,2,1,5,3,-1,-1,-1,-1,-1,-1,-1,-1
2017030189425,2,9,0,18,0,1,0,0,0,0,1,1,6,2,39,7,1198,1,11,8,2,8
2017030189431,1,5,0,18,0,0,5,0,5,6,1,1,5,1,30,6,999,1,6,3,1,3
2017030189443,1,9,0,16,0,0,0,0,0,0,1,1,6,1,-1,-1,-1,-1,-1,8,3,8
2017030189443,2,9,0,17,0,0,0,0,0,0,1,1,6,2,30,6,1598,2,1,1,1,1
2017030189456,1,9,0,18,0,0,0,0,0,0,1,1,5,2,60,9,1198,1,3,3,1,3
2017030189471,1,9,0,18,0,0,0,0,0,0,0,1,5,1,57,9,1499,2,-1,7,3,7
2017030189486,1,9,0,15,0,0,0,0,0,0,1,1,5,2,60,9,1461,2,5,5,1,5
2017030189486,2,98,0,15,0,0,0,0,0,0,1,1,5,1,22,5,-1,-1,-1,1,1,1
2017030189486,3,21,0,18,0,0,0,0,0,0,2,1,1,1,48,8,12913,2,4,8,2,8
2017030189777,1,19,0,18,0,1,0,0,0,0,3,1,1,1,35,6,2143,2,3,1,1,1
2017030189777,2,9,0,9,0,6,0,0,0,0,4,1,5,2,83,11,1339,1,11,7,2,7
2017030189820,1,9,0,1,0,8,1,0,0,0,3,1,2,2,26,6,1560,2,3,8,1,8
2017030189820,2,9,0,1,0,8,0,0,0,0,3,1,5,2,70,10,999,1,2,7,3,7
2017030190153,1,19,0,4,0,0,0,0,0,0,1,1,1,1,38,7,1499,2,-1,1,1,1
2017030190153,2,9,0,4,0,0,0,0,0,0,2,1,6,2,55,8,1398,1,2,9,1,9
2017030190153,3,9,0,4,0,0,0,0,0,0,2,1,6,2,58,9,1596,1,4,6,1,6
2017030190217,1,21,1,18,0,0,2,7,4,6,1,1,1,1,82,11,4580,2,12,6,3,6
2017030190250,1,9,0,5,0,2,0,0,0,0,1,1,6,3,-1,-1,1951,2,14,-1,-1,-1
2017030190285,1,9,0,7,0,0,1,0,0,0,1,1,5,1,-1,-1,1329,1,2,6,1,6
2017030190285,2,9,0,18,0,0,0,0,7,11,3,1,5,2,53,8,1685,2,3,7,1,7
2017030190333,1,9,0,18,0,0,0,0,0,0,4,1,6,3,-1,-1,-1,-1,-1,-1,-1,-1
2017030190405,1,9,0,1,5,0,0,0,0,0,2,1,5,2,38,7,1390,1,13,1,1,1
2017030190484,1,9,0,13,-1,0,1,10,8,0,1,1,6,3,-1,-1,1968,2,3,-1,-1,-1
2017030190484,2,9,0,10,0,0,0,0,0,0,1,1,5,2,49,8,2184,2,11,1,1,1
2017030190717,1,9,0,18,0,0,0,0,0,0,2,1,6,1,39,7,-1,-1,-1,6,3,6
2017030190778,1,19,0,18,0,0,5,0,5,0,1,1,1,1,33,6,-1,-1,-1,-1,-1,-1
2017030190778,2,19,0,18,0,0,0,0,0,0,0,1,1,1,-1,-1,2198,2,3,7,2,7
2017030190845,1,19,0,18,0,0,0,0,0,0,4,1,1,1,31,6,1560,2,3,5,1,5
2017030190845,2,1,0,18,0,0,0,0,0,0,2,1,2,1,43,7,-1,-1,-1,5,1,5
2017030190857,1,3,0,16,0,0,0,0,0,0,0,1,6,1,34,6,125,1,5,1,1,1
2017030190867,1,9,0,18,0,0,0,0,0,0,1,1,5,2,35,6,1997,2,13,2,1,2
2017030190867,2,9,0,18,0,0,0,0,0,0,1,1,1,1,53,8,-1,-1,-1,4,3,4
2017030190902,1,9,0,16,0,2,1,0,0,0,1,1,1,1,42,7,-1,-1,-1,-1,-1,-1
2017030190902,2,9,0,2,6,1,0,4,0,0,2,1,5,1,50,8,2188,2,12,-1,-1,-1
2017030190902,3,19,0,2,6,1,0,4,0,0,1,1,5,1,-1,-1,2998,2,8,9,3,9
2017030191255,1,5,0,18,0,5,0,0,0,0,1,1,6,1,-1,-1,599,1,16,-1,-1,-1
2017030191255,2,9,0,9,0,2,0,0,0,0,3,1,6,2,18,4,1229,1,1,4,3,4
2017030191404,1,9,0,9,0,6,0,0,0,0,4,1,6,3,-1,-1,3222,2,13,-1,-1,-1
2017030191404,2,9,0,18,0,8,0,0,0,0,1,1,6,2,29,6,1560,2,9,5,3,5
2017030191578,1,9,0,18,0,0,0,0,0,0,4,1,6,3,-1,-1,-1,-1,-1,-1,-1,-1
2017030191611,1,19,0,9,0,6,0,0,0,0,1,1,6,1,38,7,2460,2,9,7,2,7
2017030191638,1,9,0,9,0,0,0,0,0,0,4,1,6,2,82,11,1388,1,14,6,3,6
2017030191638,2,1,0,18,0,0,0,0,0,0,1,1,2,1,18,4,-1,-1,-1,4,1,4
2017030191676,1,9,0,18,0,0,0,0,0,0,3,1,6,2,20,4,1364,2,7,6,3,6
2017030192147,1,9,0,16,0,0,0,7,0,0,1,1,5,1,82,11,1598,2,7,6,3,6
2017030192196,1,9,0,18,0,0,0,0,0,0,0,1,5,3,-1,-1,-1,-1,-1,-1,-1,-1
2017030192196,2,9,0,2,0,0,0,0,0,0,1,1,6,2,26,6,1598,1,8,-1,-1,-1
2017030192475,1,17,4,17,0,0,5,0,0,0,4,1,6,1,43,7,-1,-1,-1,-1,-1,-1
2017030192493,1,9,0,17,0,0,0,0,7,11,4,1,5,1,37,7,-1,-1,-1,6,3,6
2017030192548,1,9,0,18,0,0,1,0,1,0,1,1,6,2,19,4,1242,1,13,4,3,4
2017030192548,2,9,0,9,8,0,0,0,0,0,0,1,6,2,64,9,1242,1,4,7,1,7
2017030192588,1,9,0,17,0,0,2,0,7,11,4,1,5,1,19,4,1360,1,13,6,3,6
2017030192610,1,9,0,16,0,0,1,10,0,0,1,1,5,2,64,9,996,1,6,6,3,6
2017030192610,2,9,0,17,0,0,1,10,0,0,1,1,1,1,45,7,2171,1,15,3,3,3
2017030192668,1,9,0,17,0,0,2,10,8,5,1,1,5,1,35,6,1998,1,13,5,2,5
2017030192678,1,5,0,16,0,0,1,0,0,0,1,1,6,1,40,7,1198,1,3,8,1,8
2017030192696,1,9,0,5,7,0,0,0,0,0,1,1,5,2,56,9,1596,1,13,3,2,3
2017030192696,2,9,0,18,0,0,0,0,0,0,1,1,5,1,60,9,1586,1,1,8,2,8
2017030192733,1,9,0,6,0,0,0,0,2,0,3,1,5,1,32,6,1582,2,3,1,1,1
2017030192733,2,9,0,18,0,0,0,0,0,0,1,1,5,2,55,8,1198,1,5,5,1,5
2017030192742,1,3,0,18,0,0,1,0,0,0,1,1,2,1,18,4,125,1,12,5,1,5
2017030192742,2,9,0,3,0,0,0,0,0,0,2,1,5,1,71,10,1798,8,2,-1,-1,-1
2017030192759,1,8,0,4,0,0,0,10,0,0,0,1,1,1,61,9,1968,2,9,9,1,9
2017030192759,2,1,0,2,9,0,0,0,0,0,0,1,6,1,20,4,-1,-1,-1,1,1,1
2017030192828,1,9,0,7,0,4,0,0,0,0,3,1,6,1,-1,-1,-1,-1,-1,-1,-1,-1
2017030192828,2,1,0,18,0,1,0,0,0,0,0,1,5,1,15,3,-1,-1,-1,2,1,2
2017030192916,1,21,0,4,0,0,0,0,0,0,1,1,6,1,52,8,12900,2,9,-1,-1,-1
2017030192916,2,9,0,4,0,0,0,0,0,0,2,1,6,1,45,7,1995,2,9,7,1,7
2017030192961,1,9,0,9,0,0,0,0,0,0,1,1,1,1,28,6,1299,1,12,3,1,3
2017030192961,2,9,0,18,0,0,0,0,0,0,1,1,1,1,57,9,2987,2,10,2,1,2
2017030193012,1,9,0,18,0,0,2,0,2,0,1,1,6,2,23,5,1360,1,12,3,2,3
2017030193361,1,9,0,4,0,1,0,0,0,0,1,1,1,1,41,7,1598,2,5,-1,-1,-1
2017030193361,2,9,0,18,0,3,0,0,0,0,4,1,5,2,49,8,1364,2,7,2,1,2
2017030193504,1,9,0,18,0,0,0,0,0,0,3,1,5,1,59,9,2179,2,3,9,1,9
2017030193504,2,1,0,18,0,0,0,0,0,0,3,1,5,1,18,4,-1,-1,-1,5,3,5
2017030194258,1,9,0,8,0,1,0,0,0,0,1,1,1,1,40,7,1399,1,-1,1,1,1
2017030194258,2,9,0,8,0,1,0,0,0,0,2,1,1,1,47,8,998,1,1,6,2,6
2017030194315,1,9,0,18,0,0,0,0,0,0,2,1,6,2,63,9,1968,2,6,8,3,8
2017030194315,2,9,0,18,0,0,0,0,0,0,2,1,6,1,22,5,1398,1,2,1,1,1
2017030194392,1,9,0,12,0,1,0,0,0,0,2,1,6,2,68,10,1242,1,1,1,1,1
2017030194392,2,5,0,14,0,1,1,0,0,0,1,1,6,1,21,5,599,1,20,5,3,5
2017030194461,1,9,0,18,0,0,0,0,0,0,0,1,6,2,44,7,1686,2,8,6,1,6
2017030194461,2,21,1,18,0,0,0,0,0,0,0,1,1,1,42,7,12740,2,2,5,1,5
2017030194988,1,9,0,18,0,0,0,0,0,0,1,1,6,2,68,10,1968,2,-1,-1,-1,-1
2017030194988,2,21,1,18,0,0,0,0,0,0,0,1,1,1,45,7,15607,2,10,-1,3,-1
2017030194988,3,9,0,18,0,0,0,0,0,0,1,1,6,2,55,8,1560,2,5,1,1,1
2017030195010,1,17,0,13,0,0,0,0,0,0,1,1,5,1,22,5,-1,2,4,-1,-1,-1
2017030195010,2,9,0,4,0,0,0,0,1,0,1,1,6,1,35,6,-1,-1,-1,4,1,4
2017030195026,1,11,0,18,0,0,0,0,0,0,0,1,1,1,63,9,9000,2,2,4,3,4
2017030195026,2,1,0,18,0,0,0,0,0,0,3,1,6,1,65,9,-1,-1,-1,-1,-1,-1
2017030195032,1,9,0,18,0,0,0,0,1,0,1,1,5,1,31,6,1598,1,10,4,2,4
2017030195054,1,9,0,18,0,0,0,4,1,0,1,1,6,1,24,5,2993,2,3,5,1,5
2017030195054,2,9,0,2,0,0,0,0,0,0,1,1,6,3,-1,-1,-1,-1,-1,-1,-1,-1
2017030195054,3,9,0,2,0,0,0,0,0,0,1,1,6,3,-1,-1,-1,-1,-1,-1,-1,-1
2017030195054,4,9,0,2,0,0,0,0,0,0,1,1,6,3,-1,-1,-1,-1,-1,-1,-1,-1
2017030195076,1,9,0,18,0,0,0,0,0,0,1,1,5,1,46,8,1997,2,12,6,3,6
2017030195085,1,9,0,12,0,0,0,0,0,0,1,1,5,1,77,11,899,1,3,-1,1,-1
2017030195085,2,21,1,18,0,0,0,0,0,0,2,1,1,1,64,9,12740,2,4,9,2,9
2017030195188,1,9,0,4,0,0,0,0,0,0,1,1,6,2,17,4,1149,1,14,5,3,5
2017030195188,2,9,0,4,0,0,0,0,0,0,2,1,6,2,47,8,-1,-1,-1,4,3,4
2017030195232,1,19,0,16,0,0,0,0,0,0,0,1,1,1,33,6,2402,2,6,4,1,4
2017030195232,2,98,0,17,0,0,0,0,1,0,1,1,6,1,44,7,-1,-1,-1,10,1,10
2017030195417,1,9,0,6,0,0,0,0,0,0,1,1,6,1,65,9,1997,2,6,7,1,7
2017030195417,2,5,0,18,0,0,0,0,0,0,3,1,6,1,28,6,988,1,14,2,1,2
2017030195463,1,9,0,9,0,5,0,0,0,0,1,1,5,1,81,11,1598,1,6,5,3,5
2017030195463,2,9,0,18,0,8,0,0,0,0,1,1,5,1,60,9,996,1,3,-1,-1,-1
2017030195659,1,9,0,18,0,0,0,0,0,0,1,1,6,1,18,4,1753,2,16,3,3,3
2017030195659,2,9,0,7,0,0,0,0,0,0,0,1,6,1,48,8,998,1,11,4,1,4
2017030195695,1,9,0,2,0,0,0,0,0,0,0,1,5,1,54,8,1597,2,1,3,1,3
2017030195695,2,1,0,18,0,0,0,0,0,0,4,1,5,1,67,10,-1,-1,-1,3,1,3
2017030195758,1,20,0,18,0,0,0,0,0,0,1,1,6,1,35,6,-1,-1,-1,-1,-1,-1
2017030195758,2,9,0,2,0,0,0,0,0,0,0,1,6,1,-1,-1,1368,1,1,-1,-1,-1
2017030195779,1,9,0,9,0,6,0,0,0,0,2,1,2,2,20,4,1560,2,3,5,3,5
2017030195779,2,21,0,16,0,1,0,0,0,0,1,1,1,1,47,8,-1,-1,-1,6,3,6
2017030195792,1,9,0,18,0,4,1,0,0,0,0,1,2,1,60,9,2777,2,9,5,2,5
2017030195792,2,9,0,4,0,4,1,0,0,0,2,1,2,1,60,9,999,1,4,1,1,1
2017030195832,1,9,0,18,0,1,0,0,0,0,1,1,5,1,23,5,1149,1,14,4,3,4
2017030195832,2,9,0,18,0,1,0,0,0,0,2,1,5,1,55,8,1598,1,6,4,3,4
2017030195838,1,9,0,18,0,0,1,0,0,0,1,1,6,1,42,7,1388,1,15,1,2,1
2017030195838,2,9,0,18,0,0,1,0,0,0,1,1,2,2,60,9,1995,2,1,5,3,5
2017030195946,1,9,0,18,0,1,0,0,0,0,1,1,6,1,74,10,1498,1,1,9,1,9
2017030195946,2,9,0,3,0,1,0,0,0,0,0,1,6,1,67,10,1984,2,5,-1,-1,-1
2017030195988,1,9,0,5,0,0,0,0,0,0,1,1,6,2,61,9,1348,1,16,4,1,4
2017030195988,2,9,0,2,0,0,0,0,0,0,0,1,6,2,43,7,1461,2,11,4,1,4
2017030196061,1,9,0,5,0,0,0,0,0,0,1,1,6,2,55,8,1328,1,1,-1,-1,-1
2017030196108,1,1,0,16,0,0,0,0,0,0,1,1,5,1,60,9,-1,-1,-1,-1,-1,-1
2017030196108,2,19,4,17,0,0,0,0,0,0,3,1,5,1,38,7,1995,2,10,8,1,8
2017030196121,1,9,3,15,0,0,0,0,0,0,3,1,6,3,-1,-1,-1,-1,-1,-1,-1,-1
2017030196121,2,1,0,18,0,0,0,0,0,0,0,1,6,1,54,8,-1,-1,-1,8,3,8
2017030196547,1,9,0,16,0,0,0,0,0,0,1,1,5,1,73,10,1493,2,8,5,3,5
2017030196547,2,9,0,17,0,0,0,0,0,0,1,1,5,2,38,7,1956,2,2,4,2,4
2017030196587,1,9,0,13,0,0,0,0,7,0,1,1,5,1,33,6,-1,-1,-1,-1,1,-1
2017030196587,2,20,1,18,0,0,0,0,0,0,0,1,1,1,36,7,-1,-1,-1,2,1,2
2017030196587,3,9,0,18,0,0,0,0,0,0,1,1,5,1,84,11,1298,1,15,6,3,6
2017030196597,1,9,0,18,0,0,0,0,0,0,0,1,6,3,-1,-1,-1,-1,-1,-1,-1,-1
2017030196597,2,9,0,18,0,0,0,0,0,0,1,1,1,1,41,7,998,1,-1,1,1,1
2017030196597,3,9,0,18,0,0,0,0,0,0,2,1,5,1,19,4,1390,1,14,3,1,3
2017030196597,4,9,0,18,0,0,0,0,0,0,2,1,5,1,50,8,1995,2,2,9,1,9
2017030196617,1,9,0,2,0,0,0,0,0,0,0,1,1,1,33,6,1753,2,7,8,1,8
2017030196617,2,3,0,18,0,0,0,8,0,0,1,1,5,1,19,4,124,1,12,1,1,1
2017030196623,1,11,0,18,0,1,0,0,0,0,0,1,5,1,36,7,12000,2,14,4,1,4
2017030196921,1,19,0,5,0,6,0,0,0,0,3,1,1,1,32,6,1998,2,14,-1,-1,-1
2017030196921,2,9,0,18,0,8,0,0,0,0,4,1,1,2,32,6,1598,1,9,6,2,6
2017030196952,1,9,0,17,0,0,0,11,0,0,4,1,5,1,35,6,1950,2,-1,-1,-1,-1
2017030196983,1,9,0,18,0,0,1,0,0,0,3,1,5,1,89,11,1497,1,12,5,3,5
2017030196983,2,9,0,18,0,0,1,0,0,0,3,1,5,1,75,10,2143,2,3,6,3,6
2017030196983,3,9,0,18,0,0,0,0,0,0,3,1,5,1,70,10,2230,1,12,6,3,6
2017030197126,1,9,0,18,0,0,0,0,0,0,1,1,5,1,43,7,1598,1,6,5,1,5
2017030197126,2,9,0,2,0,0,0,0,0,0,2,1,5,1,28,6,1388,1,7,2,1,2
2017030197271,1,19,0,9,0,0,0,0,0,0,1,1,1,1,29,6,2999,2,9,-1,-1,-1
2017030197271,2,9,0,18,0,0,0,0,0,0,1,1,5,2,40,7,1197,1,1,7,3,7
2017030197328,1,9,0,18,0,0,0,0,0,0,1,1,5,1,72,10,2400,2,-1,-1,-1,-1
2017030197328,2,20,1,18,0,0,0,0,0,0,1,1,6,1,-1,-1,-1,-1,-1,2,1,2
2017030197328,3,9,0,18,0,0,0,0,0,0,4,1,6,1,-1,-1,1896,2,15,8,3,8
2017030197345,1,17,5,17,0,0,0,0,0,0,3,1,1,1,20,4,6728,2,4,4,3,4
2017030197345,2,9,0,17,0,0,0,0,0,0,1,1,5,2,23,5,1242,1,9,-1,-1,-1
2017030197391,1,9,0,18,0,0,0,4,1,2,1,1,6,2,33,6,1461,2,7,-1,-1,-1
2017030197391,2,19,0,2,0,0,0,0,0,0,1,1,5,1,48,8,2402,2,12,-1,-1,-1
2017030197433,1,21,0,18,0,8,0,0,0,0,1,1,1,3,-1,-1,4461,2,7,-1,-1,-1
2017030197717,1,9,0,7,0,0,0,0,0,0,1,1,5,1,21,5,1242,1,6,1,1,1
2017030197717,2,9,0,8,0,0,0,0,0,0,3,1,5,1,46,8,1398,1,3,1,1,1
2017030197792,1,4,0,18,0,3,1,10,0,0,4,1,1,1,28,6,649,1,-1,-1,-1,-1
2017030197816,1,19,0,17,0,0,0,0,0,0,1,1,1,1,35,6,-1,2,13,6,3,6
2017030197816,2,9,0,16,0,0,0,0,1,0,1,1,5,1,72,10,1997,1,3,-1,3,-1
2017030197875,1,9,0,18,0,0,1,0,1,10,1,1,5,1,17,4,-1,-1,-1,5,2,5
2017030197902,1,9,0,17,0,0,0,0,1,11,1,1,6,1,36,7,1390,1,16,8,2,8
2017030198163,1,9,0,18,0,0,0,0,0,0,0,1,6,1,-1,-1,1560,2,7,-1,-1,-1
2017030198163,2,16,0,18,0,0,0,0,0,0,0,1,6,2,30,6,-1,-1,-1,5,3,5
2017030198221,1,9,0,18,0,0,5,4,0,0,1,1,1,1,21,5,1197,1,-1,2,2,2
2017030198221,2,9,0,2,0,0,0,0,7,11,1,1,5,2,34,6,1390,1,3,5,2,5
2017030198221,3,9,0,2,0,0,0,0,0,0,0,1,5,1,34,6,4951,1,-1,5,2,5
2017030198271,1,2,0,18,0,0,1,0,0,0,4,1,1,1,41,7,123,1,4,9,3,9
2017030198288,1,1,0,3,9,1,0,0,0,0,0,1,5,2,70,10,-1,-1,-1,-1,-1,-1
2017030198448,1,9,0,18,0,1,0,0,0,0,1,1,1,1,23,5,1994,2,14,-1,-1,-1
2017030198448,2,9,0,18,0,1,0,0,0,0,2,1,1,2,56,9,1598,2,-1,-1,-1,-1
2017030198448,3,9,0,10,0,1,0,0,0,0,0,1,1,2,21,5,2179,2,4,-1,-1,-1
2017030198810,1,9,0,2,9,0,0,0,0,0,3,1,5,2,61,9,1598,1,6,8,1,8
2017030198810,2,9,0,2,9,0,0,0,0,0,4,1,5,2,44,7,1461,2,-1,7,3,7
2017030198902,1,9,0,7,0,0,0,0,0,0,1,1,6,2,30,6,2143,2,4,9,1,9
2017030198902,2,9,0,3,0,0,0,0,0,0,1,1,6,2,56,9,1200,1,3,4,1,4
2017030198902,3,9,0,3,0,0,0,0,0,0,2,1,6,1,64,9,1396,1,-1,-1,-1,-1
2017030199166,1,9,0,12,0,0,0,0,0,0,1,1,5,1,68,10,1956,2,5,-1,-1,-1
2017030199166,2,9,0,5,0,0,0,0,0,0,4,1,2,2,56,9,1496,1,1,-1,-1,-1
2017030199166,3,10,0,18,0,0,0,0,0,0,0,1,5,3,-1,-1,-1,-1,-1,-1,-1,-1
2017030199260,1,5,0,18,0,0,5,10,7,0,3,1,6,1,57,9,865,1,2,10,1,10
2017030199260,2,9,0,18,0,0,0,0,0,0,0,1,2,2,58,9,1597,2,-1,5,3,5
2017030199346,1,10,4,18,0,0,0,0,0,0,0,1,1,1,34,6,-1,-1,-1,8,1,8
2017030199384,1,9,0,18,0,0,0,7,0,0,3,1,6,2,39,7,2148,2,13,5,2,5
2017030199654,1,9,0,8,0,1,0,0,0,0,0,1,6,1,71,10,1360,1,15,5,1,5
2017030199654,2,9,0,18,0,1,0,0,0,0,1,1,6,1,54,8,1461,2,6,6,2,6
2017030199680,1,22,0,18,0,0,0,0,0,0,1,1,6,3,-1,-1,-1,-1,-1,-1,-1,-1
2017030199721,1,9,0,9,0,5,1,0,1,11,1,1,5,1,27,6,1598,1,13,5,3,5
2017030199737,1,19,0,17,0,0,0,0,0,0,1,1,1,1,27,6,7146,2,10,6,2,6
2017030199737,2,9,0,16,0,0,0,0,0,0,1,1,6,2,46,8,-1,-1,-1,5,3,5
2017030199754,1,19,0,9,0,1,0,0,0,0,4,1,5,3,-1,-1,1686,2,15,-1,-1,-1
2017030199754,2,9,0,17,0,6,1,0,0,0,1,1,6,2,63,9,998,1,14,1,1,1
2017030199767,1,9,0,15,0,0,0,0,1,7,1,1,6,1,70,10,1995,2,4,6,1,6
2017030199767,2,9,0,13,0,0,0,0,1,7,2,1,6,1,65,9,1595,1,7,8,1,8
2017030199848,1,9,0,16,0,3,0,0,0,0,4,1,6,1,59,9,2993,2,1,5,3,5
2017030199955,1,9,0,17,0,0,1,0,1,11,1,1,6,1,22,5,1896,2,16,5,3,5
2017030199996,1,9,0,18,0,4,0,0,0,0,1,1,1,1,57,9,1995,2,3,-1,-1,-1
2017030199996,2,9,0,18,0,4,0,0,0,0,3,1,1,2,56,9,1997,1,-1,-1,-1,-1
2017030200044,1,21,0,9,0,0,0,0,0,0,4,1,1,1,56,9,6370,2,11,-1,-1,-1
2017030200112,1,9,0,9,0,5,0,0,0,0,2,1,5,1,78,11,1229,1,11,-1,-1,-1
2017030200112,2,9,0,18,0,8,0,0,0,0,1,1,5,1,46,8,-1,-1,-1,-1,-1,-1
2017030201061,1,9,0,18,0,4,0,0,0,0,1,1,5,1,62,9,1396,2,5,5,1,5
2017030201061,2,1,0,18,0,4,0,0,0,0,2,1,5,1,58,9,-1,-1,-1,3,1,3
2017030201071,1,9,0,15,0,8,0,0,0,0,1,1,1,1,27,6,-1,-1,-1,4,1,4
2017030201071,2,9,0,7,0,8,0,0,0,0,1,1,5,2,34,6,1796,1,11,3,1,3
2017030201083,1,19,0,18,0,0,0,0,0,0,1,1,1,1,36,7,2298,2,-1,-1,-1,-1
2017030201083,2,1,0,18,0,0,0,0,0,0,2,1,5,2,57,9,-1,-1,-1,8,2,8
2017030201098,1,21,0,4,0,0,0,0,0,0,1,1,1,1,-1,-1,6370,2,5,-1,-1,-1
2017030201098,2,9,0,4,0,0,0,0,0,0,2,1,2,2,62,9,1242,1,5,8,3,8
2017030201114,1,9,0,18,0,0,0,0,0,0,1,1,5,1,75,10,1968,2,4,8,1,8
2017030201114,2,9,0,18,0,0,0,0,1,0,1,1,5,1,45,7,1198,1,1,-1,1,-1
2017030201530,1,9,0,7,0,0,0,0,0,0,1,1,5,2,19,4,1124,1,12,8,1,8
2017030201530,2,1,0,18,9,0,0,0,0,0,1,1,4,1,16,4,-1,-1,-1,-1,-1,-1
2017030201539,1,9,0,10,0,1,0,0,0,0,1,1,2,2,54,8,1598,1,4,6,3,6
2017030201539,2,9,0,18,0,1,1,0,0,0,4,1,2,2,40,7,1398,1,5,7,1,7
2017030201561,1,9,0,4,0,1,0,0,0,0,1,1,2,2,52,8,1968,2,1,9,1,9
2017030201561,2,9,0,18,0,8,0,0,0,0,4,1,2,1,26,6,1242,1,3,5,1,5
2017030201769,1,9,0,9,0,6,0,0,0,0,3,1,3,2,42,7,2987,2,-1,-1,-1,-1
2017030201769,2,21,1,18,0,8,1,0,0,0,1,1,1,1,51,8,12777,2,1,-1,-1,-1
2017030201838,1,9,0,16,0,0,0,0,0,0,1,1,6,1,65,9,2402,2,7,3,2,3
2017030201838,2,9,0,17,0,0,0,0,0,0,2,1,6,2,48,8,1360,1,11,-1,-1,-1
2017030201894,1,9,0,16,0,0,1,0,0,0,4,1,6,2,18,4,998,1,15,-1,-1,-1
2017030201894,2,9,0,17,0,0,0,0,0,0,1,1,6,1,51,8,-1,-1,-1,4,3,4
2017030201895,1,9,0,18,0,0,0,0,0,0,1,1,5,1,44,7,1896,2,17,2,1,2
2017030201902,1,9,0,18,0,0,0,0,7,10,1,1,6,2,74,10,1995,2,12,-1,-1,-1
2017030201916,1,9,0,15,0,0,0,0,0,0,1,1,5,2,19,4,1197,1,6,9,1,9
2017030201916,2,1,0,7,0,0,0,0,0,0,2,1,5,2,52,8,-1,-1,-1,8,1,8
2017030201923,1,9,0,9,0,0,0,0,0,0,1,1,6,1,33,6,2204,2,12,1,1,1
2017030201923,2,9,0,18,0,0,0,0,0,0,1,1,6,1,45,7,2993,2,4,9,3,9
2017030201933,1,9,0,18,9,0,0,0,1,0,1,1,6,1,25,5,-1,-1,-1,-1,-1,-1
2017030201933,2,1,0,18,9,0,0,0,0,0,2,1,5,1,25,5,-1,-1,-1,1,1,1
2017030201934,1,9,0,18,0,0,2,0,2,10,1,1,5,1,44,7,-1,-1,-1,-1,-1,-1
2017030201971,1,11,0,18,0,1,0,0,0,0,0,1,1,1,24,5,9000,2,4,-1,-1,-1
2017030202021,1,9,0,7,0,8,0,0,0,0,1,1,6,3,-1,-1,-1,-1,-1,-1,-1,-1
2017030202021,2,1,0,18,9,8,0,0,0,0,1,1,6,1,27,6,-1,-1,-1,-1,-1,-1
2017030202155,1,1,0,18,9,0,0,0,0,0,4,1,3,1,11,3,-1,-1,-1,-1,-1,-1
2017030202155,2,9,0,4,0,0,0,0,0,0,1,1,2,2,40,7,1000,1,3,5,1,5
2017030202209,1,9,0,18,0,0,1,0,1,7,1,1,5,1,45,7,1598,1,15,1,1,1
2017030202611,1,9,0,18,0,5,0,0,0,0,1,1,6,1,47,8,1560,2,1,2,1,2
2017030202611,2,9,0,18,0,1,0,0,0,0,2,1,6,1,41,7,2204,2,8,3,1,3
2017030202611,3,9,0,18,0,1,0,0,0,0,1,1,6,1,66,10,1956,2,3,2,1,2