Accident_Index,Vehicle_Reference,Vehicle_Type,Towing_and_Articulation,Vehicle_Manoeuvre,Vehicle_Location-Restricted_Lane,Junction_Location,Skidding_and_Overturning,Hit_Object_in_Carriageway,Vehicle_Leaving_Carriageway,Hit_Object_off_Carriageway,1st_Point_of_Impact,Was_Vehicle_Left_Hand_Drive?,Journey_Purpose_of_Driver,Sex_of_Driver,Age_of_Driver,Age_Band_of_Driver,Engine_Capacity_(CC),Propulsion_Code,Age_of_Vehicle,Driver_IMD_Decile,Driver_Home_Area_Type,Vehicle_IMD_Decile
2017030226421,1,9,0,18,0,1,0,0,2,0,1,1,5,1,62,9,998,1,-1,7,3,7
2017030226421,2,9,0,10,0,1,0,0,7,0,0,1,5,1,64,9,1999,1,1,5,3,5
2017030226433,1,1,0,18,0,0,1,0,0,0,1,1,2,1,24,5,-1,-1,-1,-1,-1,-1
2017030226442,1,98,0,18,0,0,0,0,0,0,4,1,1,1,26,6,-1,-1,-1,2,1,2
2017030226447,1,9,0,12,0,0,0,0,0,0,3,1,2,1,52,8,2993,2,-1,9,3,9
2017030226447,2,3,0,18,0,0,0,0,0,0,4,1,6,1,22,5,124,1,1,2,1,2
2017030226458,1,9,0,18,0,3,0,0,0,0,4,1,1,1,56,9,1584,1,12,1,1,1
2017030226458,2,1,0,18,4,2,0,0,0,0,3,1,1,1,54,8,-1,-1,-1,5,1,5
2017030228083,1,9,0,16,0,0,1,0,7,10,1,1,5,2,24,5,1229,1,6,-1,-1,-1
2017030228144,1,9,0,18,0,0,2,0,1,11,1,1,5,1,27,6,1388,1,18,-1,-1,-1
2017030228190,1,9,0,3,0,0,0,0,1,0,1,1,5,1,48,8,1998,1,14,-1,-1,-1
2017030228190,2,9,0,16,0,0,0,0,1,0,2,1,5,2,26,6,1198,1,6,-1,-1,-1
2017030228260,1,9,0,13,0,8,0,0,0,0,1,1,5,2,48,8,1388,1,7,-1,-1,-1
2017030228260,2,17,0,9,0,5,0,0,0,0,2,1,1,1,24,5,-1,2,14,5,3,5
2017030228335,1,9,0,16,0,0,1,0,0,0,1,1,5,1,22,5,-1,-1,-1,-1,-1,-1
2017030228335,2,19,0,17,0,0,0,0,0,0,1,1,5,1,55,8,1753,2,9,6,3,6
2017030228371,1,9,0,18,0,0,1,0,0,0,1,1,5,1,23,5,1242,1,11,-1,-1,-1
2017030228639,1,21,1,5,0,0,0,0,0,0,1,1,1,1,59,9,10518,2,8,-1,-1,-1
2017030228639,2,9,0,3,0,0,0,0,0,0,1,1,6,1,26,6,1997,1,1,-1,-1,-1
2017030228639,3,9,0,3,0,0,0,0,0,0,2,1,1,1,52,8,1598,2,-1,-1,-1,-1
2017030228797,1,20,0,1,0,2,0,0,0,0,2,1,6,1,24,5,-1,-1,-1,8,3,8
2017030228799,1,1,0,9,0,1,0,0,0,0,1,1,5,1,12,3,-1,-1,-1,1,1,1
2017030228799,2,9,0,18,0,1,0,0,0,0,4,1,5,2,45,7,2496,1,16,9,1,9
2017030228829,1,9,0,9,0,1,0,0,0,0,2,1,5,1,61,9,2496,2,15,10,1,10
2017030228829,2,9,0,18,0,1,1,0,0,0,1,1,5,2,31,6,1997,2,9,3,1,3
2017030228840,1,19,0,5,9,0,0,0,0,0,4,1,1,1,41,7,1399,2,7,5,3,5
2017030228861,1,1,0,18,0,1,0,0,0,0,2,1,5,1,15,3,-1,-1,-1,-1,-1,-1
2017030228861,2,9,0,18,0,1,0,0,0,0,1,1,5,2,30,6,1339,1,6,9,1,9
2017030228868,1,9,0,2,0,0,0,4,0,0,2,1,1,1,63,9,1984,2,5,-1,-1,-1
2017030228868,2,19,0,18,0,0,1,0,0,0,1,1,1,1,39,7,2287,2,4,-1,-1,-1
2017030228868,3,9,0,18,0,0,1,0,0,0,1,1,5,1,81,11,1329,1,6,-1,-1,-1
2017030228883,1,9,0,18,0,0,0,0,0,0,1,1,6,2,44,7,1229,1,10,2,1,2
2017030228883,2,9,0,18,0,0,0,0,0,0,2,1,6,1,55,8,1995,2,-1,9,1,9
2017030228891,1,9,0,18,0,0,0,0,0,0,1,1,6,1,81,11,1598,1,2,10,2,10
2017030228907,1,9,0,18,0,0,0,0,0,0,3,1,6,1,19,4,1390,1,2,9,1,9
2017030228907,2,9,0,18,0,0,0,0,0,0,2,1,6,2,19,4,1390,1,6,9,1,9
2017030229228,1,9,0,18,0,2,0,0,0,0,2,1,5,1,18,4,1229,1,10,6,1,6
2017030229228,2,9,0,18,0,2,0,0,0,0,1,1,5,1,54,8,1997,1,14,7,3,7
2017030229247,1,19,0,18,0,0,0,0,0,0,1,1,6,1,23,5,2198,2,1,5,3,5
2017030229247,2,19,0,18,0,0,0,0,0,0,1,1,6,1,61,9,2198,2,6,6,3,6
2017030229281,1,9,0,18,0,0,0,0,0,0,1,1,6,1,33,6,1398,1,1,-1,-1,-1
2017030229281,2,1,0,18,0,0,0,0,0,0,1,1,6,1,12,3,-1,-1,-1,4,1,4
2017030229298,1,9,0,9,0,6,0,0,0,0,3,1,1,1,37,7,-1,-1,-1,7,3,7
2017030229298,2,9,0,18,0,1,1,0,0,0,4,1,5,1,73,10,1796,1,14,6,1,6
2017030229315,1,19,0,18,0,6,0,0,0,0,1,1,6,1,-1,-1,2402,2,8,-1,-1,-1
2017030229315,2,1,0,18,0,5,0,0,0,0,1,1,6,2,78,11,-1,-1,-1,7,3,7
2017030229333,1,9,0,18,0,0,0,0,0,0,2,1,6,2,37,7,1560,2,6,-1,-1,-1
2017030229333,2,9,0,18,0,0,0,0,0,0,2,1,6,1,29,6,1896,2,14,1,2,1
2017030229535,1,2,0,17,0,0,1,0,0,0,0,1,2,2,22,5,49,1,-1,3,1,3
2017030229556,1,9,0,16,0,0,0,0,0,0,0,1,6,1,35,6,1686,2,4,-1,-1,-1
2017030229556,2,21,1,16,0,0,0,0,0,0,0,1,1,1,45,7,12740,2,-1,2,1,2
2017030229711,1,9,0,18,0,0,0,0,0,0,1,1,2,1,29,6,1461,2,3,-1,2,-1
2017030229711,2,9,0,3,0,0,0,0,0,0,2,1,2,2,33,6,1200,1,2,-1,3,-1
2017030230132,1,9,0,8,0,1,0,0,0,0,1,1,6,1,18,4,1229,1,3,2,2,2
2017030230132,2,9,0,8,0,1,0,0,0,0,2,1,1,1,47,8,1596,1,8,2,1,2
2017030230178,1,9,0,9,0,1,0,0,0,0,4,1,5,1,60,9,1587,1,13,2,1,2
2017030230205,1,9,0,5,0,0,0,0,0,0,0,1,6,3,-1,-1,-1,-1,-1,-1,-1,-1
2017030230205,2,9,0,18,0,0,0,0,0,0,2,1,5,2,48,8,1997,1,12,-1,-1,-1
2017030230205,3,9,0,18,0,0,0,0,0,0,1,1,5,2,73,10,998,1,5,8,1,8
2017030230205,4,9,0,18,0,0,0,0,0,0,0,1,6,3,-1,-1,-1,-1,-1,-1,-1,-1
2017030230389,1,5,0,18,0,0,0,0,0,0,1,1,5,1,56,9,1050,1,6,6,1,6
2017030230453,1,19,0,18,0,0,0,0,0,0,1,1,1,1,63,9,1560,2,4,5,3,5
2017030230453,2,9,0,18,0,0,0,0,0,0,2,1,5,1,37,7,1461,2,12,2,1,2
2017030230453,3,9,0,5,0,0,0,0,0,0,0,1,6,3,-1,-1,-1,-1,-1,-1,-1,-1
2017030230466,1,9,0,18,0,0,0,0,0,0,0,1,6,3,-1,-1,-1,-1,-1,-1,-1,-1
2017030230466,2,1,0,18,0,0,0,0,1,0,4,1,6,1,16,4,-1,-1,-1,7,3,7
2017030230481,1,9,0,18,0,0,0,0,1,1,1,1,2,2,53,8,1398,1,-1,2,1,2
2017030230503,1,9,0,18,0,1,0,0,0,0,1,1,6,3,-1,-1,-1,-1,-1,-1,-1,-1
2017030230503,2,9,0,18,0,2,0,0,0,0,2,1,5,1,57,9,-1,-1,-1,1,1,1
2017030230522,1,1,0,18,0,0,1,10,0,0,1,1,5,1,58,9,-1,-1,-1,-1,-1,-1
2017030230531,1,9,0,9,0,6,0,0,0,0,3,1,2,1,24,5,1781,1,13,-1,-1,-1
2017030230531,2,3,0,13,0,8,5,0,0,0,1,1,2,1,27,6,124,1,7,-1,-1,-1
2017030230536,1,9,0,17,0,0,1,0,2,11,4,1,5,2,67,10,1360,1,12,-1,-1,-1
2017030230538,1,9,0,17,0,0,0,0,0,0,0,1,6,3,-1,-1,-1,-1,-1,-1,-1,-1
2017030230538,2,5,0,16,0,0,1,0,1,0,0,1,2,1,51,8,599,1,17,5,3,5
2017030230550,1,9,0,18,0,0,1,10,1,4,1,1,5,1,20,4,998,1,2,6,2,6
2017030230559,1,5,0,17,0,0,0,10,0,0,1,1,5,1,49,8,998,1,12,-1,-1,-1
2017030230568,1,9,0,3,0,0,0,0,0,0,2,1,1,1,37,7,1753,2,7,-1,-1,-1
2017030230568,2,9,0,18,0,0,0,0,0,0,1,1,6,1,20,4,1242,1,14,-1,-1,-1
2017030230591,1,4,0,18,0,0,0,0,0,0,4,1,6,1,17,4,49,1,4,-1,-1,-1
2017030230595,1,9,0,13,0,2,5,0,1,4,1,1,5,1,18,4,1362,1,3,6,3,6
2017030230595,2,9,0,18,0,2,0,0,1,0,3,1,5,1,17,4,1598,1,11,-1,-1,-1
2017030230595,3,9,0,18,0,1,0,0,0,0,0,1,5,2,18,4,1299,1,8,-1,-1,-1
2017030230603,1,9,0,9,0,1,0,0,0,0,3,1,5,1,36,7,1796,1,10,2,1,2
2017030230603,2,1,0,18,0,1,0,0,0,0,1,1,5,1,53,8,-1,-1,-1,-1,-1,-1
2017030230620,1,9,0,18,0,0,1,0,0,0,2,1,2,1,40,7,1998,1,15,2,1,2
2017030230633,1,19,0,18,0,1,1,0,0,0,1,1,5,1,34,6,1753,2,11,5,2,5
2017030230633,2,9,0,18,0,2,0,0,0,0,1,1,5,2,34,6,1399,2,9,-1,-1,-1
2017030230723,1,9,0,18,0,0,0,0,0,0,4,1,6,2,30,6,1999,2,15,1,1,1
2017030230723,2,1,0,18,4,0,0,0,0,0,4,1,6,1,37,7,-1,-1,-1,1,1,1
2017030230727,1,9,0,16,0,0,1,0,0,0,1,1,6,1,34,6,1995,2,15,-1,-1,-1
2017030230727,2,21,0,17,0,0,0,0,0,0,3,1,1,1,54,8,12130,2,13,-1,-1,-1
2017030230737,1,9,0,1,0,0,0,0,0,0,1,1,6,3,-1,-1,-1,-1,-1,-1,-1,-1
2017030230744,1,9,0,18,0,1,0,0,0,0,1,1,6,2,27,6,1685,2,7,8,2,8
2017030231176,1,3,0,18,0,0,0,0,0,0,4,1,5,1,29,6,124,1,1,-1,-1,-1
2017030231181,1,9,0,9,0,8,5,0,7,0,4,1,5,2,21,5,1328,1,14,1,1,1
2017030231197,1,9,0,18,0,1,0,0,0,0,1,1,5,1,84,11,998,1,2,9,1,9
2017030231197,2,9,0,9,0,5,0,0,0,0,1,1,5,2,41,7,1596,1,11,7,2,7
2017030231363,1,9,0,18,0,0,1,0,4,6,1,1,6,1,64,9,1798,1,14,7,1,7
2017030231363,2,19,0,18,0,0,1,0,4,6,1,1,6,1,50,8,2143,2,1,-1,1,-1
2017030231373,1,2,0,18,0,0,2,4,0,0,1,1,6,1,16,4,-1,-1,-1,1,1,1
2017030231373,2,9,0,2,0,0,0,0,0,0,1,1,6,1,62,9,1560,2,4,7,3,7
2017030231373,3,9,0,2,0,0,0,0,0,0,1,1,6,3,-1,-1,-1,-1,-1,-1,-1,-1
2017030231381,1,9,0,18,0,0,0,0,0,0,1,1,6,2,-1,-1,-1,-1,-1,-1,-1,-1
2017030231381,2,9,0,18,0,0,0,0,0,0,2,1,6,2,31,6,998,1,11,6,3,6
2017030231390,1,9,0,18,0,0,0,0,0,0,1,1,5,1,17,4,998,1,-1,7,3,7
2017030231844,1,9,0,9,0,0,0,0,0,0,3,1,6,1,56,9,2231,2,3,7,3,7
2017030231844,2,9,0,18,0,0,0,0,0,0,3,1,3,1,56,9,1798,1,4,1,2,1
2017030231872,1,9,0,18,0,6,0,0,0,0,1,1,6,2,29,6,1686,2,12,8,2,8
2017030231872,2,9,0,5,0,6,0,0,0,0,4,1,2,1,40,7,1560,2,-1,1,1,1
2017030231904,1,9,0,18,0,4,0,0,0,0,1,1,5,1,70,10,1761,1,17,-1,-1,-1
2017030231904,2,9,0,18,0,3,0,0,0,0,1,1,5,1,66,10,1596,1,14,1,1,1
2017030231947,1,3,0,18,0,0,1,0,0,0,3,1,6,1,20,4,125,1,-1,-1,-1,-1
2017030231947,2,9,0,5,0,0,0,0,0,0,4,1,6,1,20,4,1248,2,7,-1,-1,-1
2017030232470,1,9,0,18,0,0,0,0,1,4,1,1,6,1,23,5,1242,1,7,6,2,6
2017030232837,1,9,0,18,0,2,0,0,0,0,3,1,5,1,39,7,1896,2,15,4,1,4
2017030232837,2,1,0,18,0,2,0,0,0,0,4,1,5,1,11,3,-1,-1,-1,9,1,9
2017030232861,1,9,0,18,0,0,0,0,0,0,1,1,6,1,53,8,1398,2,7,3,2,3
2017030232908,1,9,0,1,0,0,0,0,0,0,2,1,1,3,-1,-1,-1,-1,-1,-1,-1,-1
2017030232908,2,9,0,2,0,0,0,0,0,0,1,1,1,1,50,8,1461,2,6,1,2,1
2017030232917,1,9,0,18,0,1,0,0,0,0,3,1,5,1,54,8,1242,1,9,1,1,1
2017030232917,2,9,0,18,0,1,1,0,0,0,1,1,5,1,20,4,1598,2,3,1,1,1
2017030232965,1,9,0,18,0,0,0,0,0,0,3,1,5,2,22,5,1360,1,5,8,3,8
2017030232965,2,9,0,18,0,0,0,0,0,0,3,1,5,1,70,10,1398,2,15,6,3,6
2017030232981,1,9,0,18,0,0,0,0,0,0,1,1,6,2,39,7,1598,1,9,6,1,6
2017030232981,2,1,0,18,0,0,0,0,0,0,3,1,6,1,9,2,-1,-1,-1,-1,-1,-1
2017030232995,1,9,0,18,0,4,0,0,0,0,3,1,5,2,28,6,1968,2,6,3,1,3
2017030232995,2,1,0,18,0,3,0,0,0,0,4,1,5,1,64,9,-1,-1,-1,9,1,9
2017030233040,1,9,0,18,0,0,0,0,0,0,4,1,6,1,47,8,-1,-1,-1,5,1,5
2017030233170,1,9,0,1,0,0,0,0,0,0,0,1,6,3,-1,-1,1999,1,10,-1,-1,-1
2017030233170,2,9,0,18,0,0,0,0,0,0,0,1,5,1,33,6,1956,2,2,3,1,3
2017030233189,1,9,0,18,0,2,5,0,1,11,1,1,5,2,20,4,1390,1,11,4,3,4
2017030233241,1,9,0,18,0,0,0,4,0,0,0,1,5,1,84,11,1396,1,15,7,1,7
2017030233241,2,9,0,2,0,0,0,0,0,0,1,1,6,3,-1,-1,-1,-1,-1,-1,-1,-1
2017030233241,3,9,0,2,0,0,0,0,0,0,0,1,6,3,-1,-1,-1,-1,-1,-1,-1,-1
2017030233300,1,9,0,16,0,0,0,0,0,0,3,1,6,3,-1,-1,-1,-1,-1,-1,-1,-1
2017030233300,2,9,0,17,0,0,0,0,0,0,3,1,5,2,26,6,1598,1,7,1,1,1
2017030233300,3,98,0,2,0,0,0,0,0,0,0,1,6,3,-1,-1,-1,-1,-1,-1,-1,-1
2017030233353,1,9,0,18,0,0,0,0,0,0,1,1,6,1,56,9,-1,-1,-1,-1,-1,-1
2017030233353,2,9,0,18,0,0,0,0,0,0,2,1,6,1,57,9,1364,1,10,7,1,7
2017030233368,1,9,0,18,0,8,0,0,0,0,1,1,1,1,49,8,1998,2,13,2,2,2
2017030233460,1,9,0,4,0,0,0,0,0,0,1,1,6,2,61,9,1596,1,11,6,1,6
2017030233460,2,9,0,18,0,0,0,0,0,0,2,1,6,2,29,6,1490,1,10,3,1,3
2017030233460,3,9,0,18,0,0,0,0,0,0,2,1,6,3,-1,-1,-1,-1,-1,-1,-1,-1
2017030233471,1,9,0,18,0,0,0,0,0,0,0,1,6,3,-1,-1,-1,-1,-1,-1,-1,-1
2017030233479,1,9,0,18,0,0,0,0,0,0,1,1,5,2,-1,-1,1598,1,16,4,3,4
2017030233479,2,9,0,18,0,0,0,0,0,0,1,1,5,2,37,7,1242,1,11,7,3,7
2017030233488,1,9,0,18,0,0,0,0,0,0,1,1,5,1,-1,-1,1390,1,7,-1,-1,-1
2017030233488,2,9,0,18,0,0,0,0,0,0,2,1,5,1,50,8,1995,2,13,2,1,2
2017030233495,1,9,0,17,0,0,0,0,0,0,0,1,6,3,-1,-1,-1,-1,-1,-1,-1,-1
2017030233495,2,9,0,16,0,0,0,0,1,4,1,1,2,2,17,4,1587,1,9,6,3,6
2017030233500,1,9,0,13,0,0,0,0,0,0,1,1,1,1,-1,-1,-1,-1,-1,-1,-1,-1
2017030233500,2,9,0,10,0,0,0,0,0,0,2,1,6,1,78,11,1998,2,8,-1,-1,-1
2017030233505,1,9,0,12,0,0,0,0,0,0,3,1,5,2,67,10,1799,1,11,-1,3,-1
2017030233505,2,21,1,18,0,0,0,0,0,0,4,1,1,1,36,7,12900,2,6,6,1,6
2017030233559,1,9,0,18,0,5,0,0,0,0,3,1,5,2,43,7,1984,1,9,8,3,8
2017030233559,2,1,0,18,0,8,0,0,0,0,1,1,2,1,48,8,-1,-1,-1,8,3,8
2017030233570,1,9,0,4,0,0,0,0,0,0,3,1,5,1,66,10,2926,2,12,7,2,7
2017030233570,2,1,0,18,0,0,0,0,0,0,3,1,5,1,49,8,-1,-1,-1,-1,-1,-1
2017030233614,1,9,0,7,0,8,0,0,0,0,4,1,2,2,34,6,1968,2,7,3,1,3
2017030233614,2,1,0,18,0,8,0,0,0,0,1,1,6,1,15,3,-1,-1,-1,-1,-1,-1
2017030233644,1,9,0,18,0,8,0,0,0,0,1,1,6,1,86,11,1339,1,8,-1,-1,-1
2017030233671,1,19,0,18,0,4,0,0,0,0,1,1,1,1,38,7,2287,2,5,7,3,7
2017030233671,2,19,0,18,0,4,0,0,0,0,2,1,1,1,55,8,1248,2,3,9,3,9
2017030233684,1,9,0,16,0,0,5,0,0,0,1,1,6,1,29,6,1968,2,8,3,1,3
2017030233775,1,9,0,18,0,0,0,0,0,0,1,1,6,2,42,7,1395,1,3,4,1,4
2017030234550,1,20,1,18,0,0,2,0,2,7,1,1,1,1,43,7,-1,-1,-1,9,1,9
2017030234600,1,9,0,7,6,0,0,0,0,0,1,1,1,2,26,6,-1,-1,-1,9,3,9
2017030234600,2,19,0,1,6,0,0,0,0,0,2,1,1,1,22,5,2287,2,3,2,1,2
2017030234746,1,9,0,18,0,0,1,0,0,0,1,1,6,3,-1,-1,1598,1,10,-1,-1,-1
2017030234746,2,9,0,18,0,0,1,0,0,0,4,1,2,2,47,8,1998,2,10,-1,-1,-1
2017030234756,1,9,0,13,0,1,1,0,0,0,1,1,5,1,20,4,1364,1,2,3,1,3
2017030234756,2,9,0,9,0,6,0,0,0,0,3,1,5,2,66,10,1968,2,5,9,2,9
2017030235317,1,9,0,18,0,2,0,0,0,0,1,1,6,1,-1,-1,2521,1,8,7,2,7
2017030235317,2,9,0,18,0,2,0,0,0,0,2,1,6,2,47,8,1995,2,1,7,3,7
2017030235340,1,9,0,18,0,0,0,0,0,0,0,1,5,1,60,9,-1,-1,-1,5,3,5
2017030235355,1,9,0,18,0,0,0,0,0,0,3,1,5,1,62,9,1685,2,1,-1,-1,-1
2017030235355,2,9,0,18,0,0,0,0,0,0,3,1,5,1,52,8,1598,2,-1,-1,-1,-1
2017030235355,3,9,0,18,0,0,0,0,0,0,3,1,5,1,70,10,2198,2,2,7,2,7
2017030235355,4,9,0,10,0,0,0,0,0,0,3,1,5,3,-1,-1,-1,-1,-1,-1,-1,-1
2017030235394,1,9,0,18,0,0,0,0,0,0,1,1,5,1,27,6,-1,-1,-1,-1,-1,-1
2017030235394,2,9,0,4,0,0,0,0,0,0,2,1,5,1,50,8,1587,1,12,-1,-1,-1
2017030235415,1,9,0,2,0,0,0,0,0,0,2,1,6,1,77,11,899,1,4,5,3,5
2017030235415,2,11,0,6,0,0,0,0,0,0,3,1,3,2,43,7,4250,2,16,4,1,4
2017030236780,1,5,0,18,0,0,0,0,7,0,1,1,1,1,54,8,1198,1,2,9,3,9
2017030236780,2,20,0,7,0,0,0,0,0,0,1,1,5,1,32,6,-1,-1,-1,3,1,3
2017030236804,1,8,0,17,0,0,5,0,2,11,1,1,1,1,61,9,1560,2,4,2,1,2
2017030236875,1,9,0,17,0,8,0,0,0,0,4,1,5,1,27,6,1362,1,4,7,2,7
2017030237143,1,9,0,18,0,0,0,0,0,0,1,1,5,1,26,6,998,1,9,-1,-1,-1
2017030237143,2,9,0,10,0,0,0,0,0,0,2,1,5,1,42,7,1390,1,4,8,1,8
2017030237143,3,98,0,18,0,0,0,0,0,0,1,1,5,2,37,7,-1,-1,-1,2,1,2
2017030237228,1,19,0,18,0,0,0,0,0,0,4,1,5,1,-1,-1,1995,2,6,-1,-1,-1
2017030237270,1,9,0,17,0,0,2,0,2,11,1,1,5,1,18,4,1781,1,12,10,1,10
2017030237366,1,9,0,1,0,0,0,0,0,0,2,1,5,1,51,8,1461,2,3,-1,-1,-1
2017030237429,1,9,0,18,0,2,0,0,0,0,4,1,6,1,-1,-1,-1,-1,-1,-1,-1,-1
2017030237577,1,9,0,18,0,0,0,0,1,0,1,1,6,3,-1,-1,1299,1,17,-1,-1,-1
2017030237608,1,9,0,18,0,0,0,0,0,0,3,1,6,3,-1,-1,-1,-1,-1,-1,-1,-1
2017030237629,1,9,0,18,0,0,0,0,0,0,0,1,2,2,26,6,1997,2,3,-1,-1,-1
2017030237629,2,9,0,18,0,0,0,0,0,0,2,1,1,1,53,8,-1,-1,-1,-1,-1,-1
2017030237629,3,9,0,18,0,0,0,0,0,0,1,1,1,2,40,7,1461,2,1,1,1,1
2017030237649,1,9,0,5,0,4,0,0,0,0,1,1,2,2,44,7,1598,1,2,-1,-1,-1
2017030237649,2,1,0,17,0,8,0,0,0,0,3,1,2,1,19,4,-1,-1,-1,-1,-1,-1
2017030237664,1,9,0,16,0,0,2,0,8,11,1,1,5,1,19,4,1598,1,6,-1,-1,-1
2017030237701,1,9,0,18,0,0,1,0,1,0,1,1,5,1,18,4,1229,1,4,-1,3,-1
2017030237759,1,9,0,18,0,0,0,0,0,0,1,1,1,1,67,10,-1,-1,-1,-1,-1,-1
2017030239148,1,9,0,5,0,8,0,0,0,0,1,1,6,2,51,8,1399,2,8,9,1,9
2017030239148,2,3,0,18,0,2,5,0,0,0,1,1,6,1,48,8,98,1,23,-1,-1,-1
2017030239189,1,9,0,4,0,0,0,0,0,0,1,1,5,1,52,8,1896,2,11,-1,-1,-1
2017030239189,2,9,0,3,0,0,0,0,0,0,2,1,5,1,81,11,1197,1,-1,-1,-1,-1
2017030239189,3,9,0,3,0,0,0,0,0,0,2,1,5,1,37,7,1995,2,1,-1,-1,-1
2017030239441,1,9,0,9,0,6,0,0,0,0,1,1,5,1,80,11,1124,1,13,-1,-1,-1
2017030239466,1,9,0,18,0,0,0,0,0,0,1,1,5,2,56,9,2143,2,3,-1,3,-1
2017030239466,2,9,0,3,0,0,0,0,0,0,2,1,5,1,36,7,1995,2,3,-1,-1,-1
2017030239466,3,9,0,3,0,0,0,0,0,0,0,1,5,1,45,7,1896,2,14,-1,-1,-1
2017030239649,1,9,0,18,0,1,0,0,0,0,1,1,6,1,29,6,1149,1,13,-1,-1,-1
2017030239649,2,9,0,18,0,2,0,0,0,0,1,1,6,1,55,8,1200,1,4,-1,-1,-1
2017030239695,1,9,0,16,0,0,1,0,7,4,1,1,6,1,22,5,1997,2,9,-1,-1,-1
2017030239723,1,4,0,9,0,6,0,0,0,0,3,1,5,1,70,10,487,1,16,-1,-1,-1
2017030239749,1,9,0,18,0,0,1,0,0,0,1,1,6,1,-1,-1,1242,1,10,4,3,4
2017030239749,2,9,4,18,0,0,0,0,0,0,3,1,1,1,52,8,-1,-1,-1,4,3,4
2017030239758,1,9,0,9,0,6,0,0,0,0,1,1,2,1,48,8,1999,2,1,7,2,7
2017030239758,2,4,0,18,0,8,2,0,0,0,3,1,2,1,52,8,1170,1,10,5,1,5
2017030239857,1,9,0,5,0,0,0,0,0,0,1,1,2,1,27,6,1598,1,7,1,1,1
2017030239997,1,9,0,18,0,0,0,0,0,0,0,1,5,1,42,7,1398,2,13,5,3,5
2017030239997,2,19,0,2,0,0,0,0,0,0,1,1,6,3,-1,-1,-1,-1,-1,-1,-1,-1
2017030239997,3,9,0,2,6,0,0,0,0,0,1,1,5,1,84,11,1497,1,13,-1,-1,-1
2017030240022,1,9,0,18,0,0,0,0,0,0,1,1,5,1,39,7,-1,-1,-1,-1,-1,-1
2017030240022,2,9,0,2,9,0,0,0,0,0,0,1,5,1,37,7,2184,2,8,5,3,5
2017030241511,1,9,0,3,0,7,0,0,0,0,2,1,5,2,34,6,1497,8,1,8,1,8
2017030241511,2,9,0,18,0,7,0,0,0,0,1,1,5,1,42,7,2497,2,15,5,1,5
2017030241736,1,1,0,16,0,0,0,0,0,0,1,1,1,1,53,8,-1,-1,-1,-1,-1,-1
2017030241736,2,97,0,17,0,0,0,0,0,0,1,1,1,1,25,5,-1,-1,-1,-1,-1,-1
2017030241778,1,9,0,14,0,0,0,0,0,0,1,1,6,1,48,8,-1,-1,-1,-1,-1,-1
2017030241778,2,9,0,18,0,0,0,0,0,0,1,1,6,1,34,6,1422,2,2,-1,-1,-1
2017030241913,1,3,0,18,0,0,0,4,0,0,1,1,6,1,-1,-1,102,1,13,-1,-1,-1
2017030241913,2,9,0,2,0,0,0,0,0,0,2,1,6,2,26,6,1598,2,2,-1,-1,-1
2017030241982,1,19,0,18,0,8,0,0,3,4,1,1,1,1,35,6,1560,2,-1,-1,-1,-1
2017030242033,1,9,0,13,0,0,0,0,0,0,4,1,6,1,63,9,1968,2,3,-1,-1,-1
2017030242033,2,1,0,18,0,0,0,0,0,0,3,1,6,2,78,11,-1,-1,-1,-1,-1,-1
2017030242044,1,9,0,17,0,0,1,0,7,11,1,1,6,2,49,8,1686,2,11,-1,-1,-1
2017030242044,2,9,0,2,0,0,0,0,0,0,3,1,6,3,-1,-1,-1,-1,-1,-1,-1,-1
2017030242301,1,1,0,18,0,0,0,0,0,0,1,1,5,1,53,8,-1,-1,-1,-1,-1,-1
2017030242301,2,9,0,18,0,0,0,0,0,0,2,1,5,1,60,9,2967,2,1,-1,-1,-1
2017030242320,1,19,0,4,0,0,0,0,0,0,1,1,5,1,30,6,2198,2,6,3,2,3
2017030242320,2,9,0,4,0,0,0,0,0,0,2,1,1,2,30,6,1461,2,2,6,3,6
2017030242364,1,9,0,17,0,0,1,0,1,11,4,1,6,1,56,9,1398,2,6,4,3,4
2017030242387,1,9,0,18,0,0,0,0,0,0,1,1,5,1,56,9,1753,2,10,3,3,3
2017030242397,1,9,0,16,0,0,0,0,0,0,1,1,6,2,-1,-1,1197,1,7,6,3,6
2017030242397,2,9,0,17,0,0,0,0,1,0,3,1,2,1,22,5,1998,1,8,7,3,7
2017030242430,1,9,0,18,0,0,0,0,0,0,1,1,1,1,37,7,1896,2,15,1,1,1
2017030242442,1,19,0,2,9,0,0,0,0,0,4,1,1,2,51,8,2198,2,11,6,1,6
2017030242459,1,9,0,9,0,0,0,0,0,0,3,1,5,2,72,10,2993,2,7,6,3,6
2017030242459,2,9,0,18,0,0,0,0,0,0,1,1,5,1,25,5,1600,2,7,7,2,7
2017030242478,1,9,0,18,0,1,0,0,0,0,1,1,5,2,70,10,1198,1,3,-1,-1,-1
2017030242489,1,9,0,18,0,0,0,0,0,0,3,1,5,2,63,9,1798,1,7,5,3,5
2017030242489,2,9,0,18,0,0,0,0,0,0,4,1,5,1,69,10,1999,1,15,3,2,3
2017030242591,1,19,0,7,0,0,0,0,0,0,1,1,1,1,73,10,2143,2,1,3,1,3
2017030242591,2,9,0,6,0,0,0,0,0,0,2,1,2,2,30,6,1242,1,7,6,3,6