Accident_Index,Vehicle_Reference,Vehicle_Type,Towing_and_Articulation,Vehicle_Manoeuvre,Vehicle_Location-Restricted_Lane,Junction_Location,Skidding_and_Overturning,Hit_Object_in_Carriageway,Vehicle_Leaving_Carriageway,Hit_Object_off_Carriageway,1st_Point_of_Impact,Was_Vehicle_Left_Hand_Drive?,Journey_Purpose_of_Driver,Sex_of_Driver,Age_of_Driver,Age_Band_of_Driver,Engine_Capacity_(CC),Propulsion_Code,Age_of_Vehicle,Driver_IMD_Decile,Driver_Home_Area_Type,Vehicle_IMD_Decile
2017030242636,1,9,0,18,0,0,0,0,0,0,1,1,2,1,-1,-1,1242,1,11,-1,-1,-1
2017030242636,2,9,0,18,0,0,0,0,0,0,1,1,4,2,27,6,998,1,5,3,3,3
2017030242636,3,9,0,18,0,0,0,0,0,0,1,1,2,1,17,4,1896,2,9,7,3,7
2017030242636,4,9,0,18,0,0,0,0,0,0,2,1,3,2,46,8,2987,2,6,3,3,3
2017030242636,5,9,0,18,0,0,0,0,0,0,0,1,6,3,-1,-1,-1,-1,-1,-1,-1,-1
2017030242685,1,9,0,4,0,1,0,0,0,0,1,1,5,1,18,4,659,1,19,5,2,5
2017030242729,1,3,0,13,0,2,1,0,0,0,1,1,5,1,17,4,124,1,8,-1,-1,-1
2017030242729,2,9,0,14,0,2,0,0,0,0,3,1,2,1,47,8,1997,2,13,-1,-1,-1
2017030242745,1,9,0,18,0,1,0,0,0,0,1,1,1,1,22,5,-1,-1,-1,-1,-1,-1
2017030242745,2,9,0,9,0,5,0,0,0,0,2,1,1,1,52,8,1596,1,8,1,2,1
2017030242773,1,9,0,18,0,1,0,0,0,0,4,1,6,1,22,5,1598,2,5,-1,-1,-1
2017030242792,1,9,0,18,0,0,1,0,7,4,3,1,5,2,22,5,1229,1,10,-1,-1,-1
2017030242799,1,9,0,7,0,1,0,0,0,0,1,1,1,1,55,8,1560,2,10,-1,-1,-1
2017030242799,2,9,0,18,0,1,1,0,0,0,1,1,1,1,36,7,-1,-1,-1,-1,-1,-1
2017030242812,1,9,0,17,0,6,0,0,0,0,1,1,5,2,57,9,1796,1,10,5,3,5
2017030242812,2,9,0,2,0,2,0,0,0,0,2,1,5,2,36,7,2231,2,5,2,1,2
2017030242833,1,9,0,18,0,0,5,0,1,0,1,1,5,1,18,4,1229,1,3,-1,-1,-1
2017030242855,1,9,0,9,0,5,0,0,0,0,4,1,6,1,64,9,-1,-1,-1,-1,-1,-1
2017030242855,2,4,0,18,0,8,0,0,0,0,1,1,1,1,34,6,498,1,12,-1,-1,-1
2017030242910,1,1,0,18,0,2,0,0,0,0,1,1,6,2,16,4,-1,-1,-1,-1,-1,-1
2017030242910,2,9,0,18,0,2,0,0,0,0,1,1,6,1,67,10,1951,2,15,-1,-1,-1
2017030243200,1,9,0,13,0,0,5,0,1,0,3,1,5,1,18,4,1896,2,10,-1,-1,-1
2017030243200,2,9,0,18,0,0,0,0,1,0,1,1,5,1,68,10,1968,2,10,6,3,6
2017030243200,3,9,0,18,0,0,0,0,0,0,4,1,5,2,45,7,1968,2,5,6,3,6
2017030243243,1,9,0,9,0,5,0,0,0,0,1,1,6,2,36,7,998,1,3,-1,-1,-1
2017030243265,1,9,0,16,0,1,0,0,0,0,1,1,2,1,44,7,1560,2,7,-1,-1,-1
2017030243265,2,9,0,17,0,1,0,0,0,0,3,1,2,1,35,6,1968,2,5,-1,-1,-1
2017030243265,3,9,0,17,0,1,0,0,0,0,3,1,2,2,46,8,1984,1,-1,-1,-1,-1
2017030243290,1,9,0,9,0,6,0,0,0,0,1,1,5,2,42,7,2982,2,9,-1,-1,-1
2017030243290,2,9,0,18,0,8,0,0,0,0,1,1,5,1,42,7,1900,2,13,-1,-1,-1
2017030243312,1,19,0,9,0,6,0,0,0,0,1,1,1,1,37,7,1598,2,3,-1,-1,-1
2017030243312,2,9,0,18,0,8,0,0,0,0,3,1,5,2,79,11,999,1,3,-1,-1,-1
2017030243329,1,9,0,18,0,0,2,0,1,11,1,1,6,1,22,5,1597,1,9,-1,-1,-1
2017030243349,1,9,0,18,0,0,0,0,0,0,1,1,5,2,44,7,1360,1,8,-1,-1,-1
2017030243642,1,9,0,18,0,0,0,0,0,0,4,1,6,1,21,5,998,1,17,-1,-1,-1
2017030243687,1,9,0,7,0,6,0,0,0,0,1,1,5,1,50,8,1896,2,10,-1,-1,-1
2017030243687,2,1,0,18,0,1,0,0,0,0,1,1,1,1,42,7,-1,-1,-1,-1,-1,-1
2017030243703,1,9,0,2,0,0,0,8,0,0,4,1,6,1,-1,-1,1910,2,10,-1,-1,-1
2017030243703,2,1,0,18,0,0,5,0,0,0,1,1,5,1,14,3,-1,-1,-1,5,1,5
2017030243730,1,9,0,18,0,0,0,10,0,0,3,1,6,3,-1,-1,-1,-1,-1,-1,-1,-1
2017030243739,1,9,0,18,0,0,5,0,1,0,1,1,6,1,46,8,3200,2,16,5,3,5
2017030243762,1,1,0,18,0,0,0,0,0,0,4,1,5,2,50,8,-1,-1,-1,8,2,8
2017030243762,2,9,0,18,0,0,0,0,0,0,0,1,3,2,48,8,2199,2,7,7,3,7
2017030244151,1,9,0,18,0,1,1,0,4,6,1,1,2,1,37,7,1910,2,11,-1,-1,-1
2017030244151,2,9,0,18,0,1,0,0,0,0,0,1,2,1,27,6,1248,2,10,6,1,6
2017030244151,3,9,0,18,0,1,0,0,0,0,1,1,2,1,50,8,1560,2,4,-1,-1,-1
2017030244151,4,9,0,18,0,1,0,0,0,0,3,1,2,1,47,8,1995,2,3,-1,-1,-1
2017030244151,5,9,0,18,0,1,0,0,0,0,1,1,2,1,41,7,-1,-1,-1,-1,-1,-1
2017030244213,1,1,0,18,0,6,0,0,0,0,1,1,5,1,13,3,-1,-1,-1,-1,-1,-1
2017030244213,2,9,0,18,0,8,0,0,0,0,1,1,5,2,46,8,1798,1,8,-1,-1,-1
2017030244224,1,98,1,14,0,0,0,0,7,0,1,1,1,1,43,7,-1,-1,-1,-1,-1,-1
2017030244224,2,9,0,18,0,0,0,0,1,0,1,1,6,2,86,11,1242,1,3,8,3,8
2017030244224,3,9,0,10,0,0,0,0,0,0,0,1,6,1,19,4,-1,-1,-1,-1,-1,-1
2017030244238,1,98,0,18,0,0,0,0,0,0,1,1,1,1,26,6,-1,-1,-1,4,2,4
2017030244238,2,9,0,18,0,0,0,0,0,0,2,1,5,1,54,8,1461,2,-1,9,2,9
2017030244238,3,9,0,18,0,0,0,0,0,0,2,1,1,1,33,6,-1,-1,-1,9,3,9
2017030244296,1,9,0,18,0,8,0,0,7,0,1,1,5,1,45,7,2993,2,-1,6,3,6
2017030244296,2,9,0,18,0,8,0,0,0,0,3,1,6,1,53,8,-1,-1,-1,-1,-1,-1
2017030244393,1,9,0,16,0,0,0,4,2,11,1,1,6,2,48,8,1968,2,1,-1,-1,-1
2017030244393,2,9,0,2,0,0,0,0,0,0,2,1,6,1,68,10,2204,2,8,-1,-1,-1
2017030244412,1,9,0,18,0,0,1,0,1,0,1,1,6,1,26,6,1590,1,15,-1,-1,-1
2017030244412,2,98,0,18,0,0,0,0,0,0,0,1,1,1,29,6,-1,-1,-1,3,1,3
2017030244457,1,9,0,18,0,0,0,0,2,10,1,1,6,1,73,10,1598,1,4,4,3,4
2017030244518,1,9,0,18,0,3,1,0,1,0,1,1,6,1,78,11,1986,2,9,2,1,2
2017030244547,1,9,0,8,0,2,0,0,0,0,2,1,5,2,79,11,1968,2,8,-1,-1,-1
2017030244547,2,9,0,8,0,1,0,0,0,0,1,1,2,1,38,7,1896,2,13,6,3,6
2017030244571,1,9,0,9,0,1,0,0,0,0,1,1,6,1,69,10,2993,2,4,5,2,5
2017030244571,2,9,0,9,0,1,0,0,0,0,3,1,6,1,-1,-1,1997,2,9,2,1,2
2017030244593,1,9,0,18,4,1,0,0,0,0,1,1,6,1,41,7,1997,2,14,-1,-1,-1
2017030244593,2,1,0,18,4,1,0,0,0,0,4,1,6,1,-1,-1,-1,-1,-1,2,1,2
2017030244617,1,9,0,18,0,0,0,0,0,0,1,1,6,1,58,9,-1,-1,-1,-1,-1,-1
2017030244617,2,9,0,18,0,0,0,0,0,0,2,1,6,1,64,9,-1,-1,-1,5,3,5
2017030244640,1,20,0,18,0,0,0,0,0,0,1,1,1,1,43,7,-1,-1,-1,1,1,1
2017030244640,2,9,0,18,0,0,0,0,0,0,2,1,6,2,44,7,998,1,3,4,1,4
2017030244867,1,9,0,18,0,0,0,0,0,0,1,1,6,1,44,7,1686,2,12,3,1,3
2017030244867,2,98,1,2,0,0,0,0,0,0,2,1,6,3,-1,-1,-1,-1,-1,-1,-1,-1
2017030244902,1,9,0,4,0,0,0,0,0,0,2,1,6,3,-1,-1,-1,-1,-1,-1,-1,-1
2017030244902,2,9,0,4,0,0,0,0,0,0,0,1,5,2,38,7,1398,1,1,1,1,1
2017030244958,1,9,0,18,0,8,0,0,0,0,1,1,1,1,41,7,1598,1,14,9,3,9
2017030244983,1,9,0,18,0,0,2,0,0,0,1,1,5,1,21,5,-1,-1,-1,6,3,6
2017030245004,1,9,3,18,0,0,1,0,0,0,1,1,5,1,60,9,-1,-1,-1,5,3,5
2017030245008,1,9,0,18,0,0,0,0,0,0,1,1,6,1,54,8,1598,2,3,3,1,3
2017030245023,1,9,0,18,0,0,0,0,0,0,1,1,5,2,24,5,1587,1,12,5,3,5
2017030245037,1,19,0,17,0,0,1,0,7,9,1,1,6,1,37,7,2198,2,2,5,1,5
2017030245336,1,9,0,7,0,6,0,0,0,0,1,1,6,2,46,8,1149,1,11,-1,-1,-1
2017030245336,2,1,0,18,0,8,0,0,0,0,1,1,5,1,13,3,-1,-1,-1,-1,-1,-1
2017030245362,1,9,0,9,0,5,0,0,0,0,4,1,5,1,46,8,1596,1,8,-1,-1,-1
2017030245362,2,9,0,18,0,8,0,0,0,0,1,1,5,1,22,5,1390,1,14,-1,-1,-1
2017030245371,1,9,0,17,0,2,1,0,1,0,1,1,5,2,44,7,1590,1,10,7,3,7
2017030245386,1,9,0,18,0,0,0,0,0,0,1,1,6,1,26,6,1390,1,7,-1,-1,-1
2017030245386,2,9,0,3,0,0,0,0,0,0,2,1,6,1,17,4,1368,1,8,-1,-1,-1
2017030245386,3,9,0,3,0,0,0,0,0,0,2,1,6,2,31,6,1461,2,2,-1,-1,-1
2017030245386,4,9,0,3,0,0,0,0,0,0,2,1,6,1,50,8,1896,2,13,-1,-1,-1
2017030245392,1,9,0,18,0,0,0,0,0,0,1,1,5,1,23,5,1984,1,4,8,1,8
2017030245392,2,9,4,18,0,0,0,0,0,0,4,1,1,1,31,6,-1,-1,-1,5,3,5
2017030245407,1,1,0,18,0,0,0,0,0,0,1,1,5,1,58,9,-1,-1,-1,6,3,6
2017030245447,1,9,0,9,0,6,0,0,0,0,3,1,2,2,21,5,998,1,16,-1,-1,-1
2017030245447,2,9,0,18,0,8,0,0,0,0,3,1,5,1,42,7,2993,2,12,-1,-1,-1
2017030245455,1,9,0,18,0,0,0,0,0,0,1,1,6,2,24,5,1235,1,25,-1,-1,-1
2017030245455,2,9,0,18,0,0,0,0,0,0,1,1,6,2,34,6,1197,1,3,-1,-1,-1
2017030245470,1,9,0,18,0,1,1,0,0,0,1,1,6,1,52,8,1598,2,1,-1,-1,-1
2017030245470,2,9,0,3,0,1,0,0,0,0,2,1,6,1,25,5,-1,-1,-1,-1,-1,-1
2017030245489,1,1,0,18,0,1,1,0,0,0,1,1,6,2,31,6,-1,-1,-1,-1,-1,-1
2017030246199,1,9,0,18,0,1,0,0,0,0,4,1,6,3,-1,-1,-1,-1,-1,-1,-1,-1
2017030246199,2,1,0,18,0,1,0,0,0,0,2,1,6,2,20,4,-1,-1,-1,-1,-1,-1
2017030246203,1,9,0,5,0,4,0,0,0,0,1,1,6,2,56,9,1598,1,4,8,2,8
2017030246203,2,1,0,18,0,2,0,0,0,0,0,1,6,2,28,6,-1,-1,-1,5,1,5
2017030246232,1,9,0,9,0,0,0,0,0,0,1,1,5,1,35,6,1598,1,10,-1,-1,-1
2017030246232,2,9,0,18,0,0,0,0,0,0,4,1,5,1,21,5,1360,1,9,-1,-1,-1
2017030246265,1,9,0,6,8,0,0,0,0,0,3,1,2,2,33,6,1396,1,9,-1,-1,-1
2017030246265,2,9,0,18,0,0,0,0,0,0,4,1,2,1,71,10,4134,2,6,8,3,8
2017030246331,1,9,0,9,0,5,0,0,0,0,1,1,6,1,71,10,1560,2,1,-1,-1,-1
2017030246331,2,5,0,18,0,8,0,0,0,0,1,1,6,1,50,8,647,1,11,-1,-1,-1
2017030246358,1,9,0,18,0,0,2,0,0,0,4,1,2,1,22,5,998,1,6,5,1,5
2017030246387,1,9,0,9,0,5,0,0,0,0,2,1,6,1,34,6,1968,2,3,-1,-1,-1
2017030246387,2,5,0,18,0,8,0,0,0,0,1,1,6,1,56,9,1215,1,1,-1,-1,-1
2017030246434,1,9,0,18,0,0,0,0,0,0,1,1,6,3,-1,-1,-1,-1,-1,-1,-1,-1
2017030246434,2,1,0,18,0,0,0,0,0,0,0,1,6,2,54,8,-1,-1,-1,8,1,8
2017030246441,1,9,0,18,0,2,0,0,0,0,1,1,5,1,19,4,1242,1,4,6,3,6
2017030246441,2,9,0,2,0,1,0,0,0,0,2,1,5,1,-1,-1,2497,2,12,-1,-1,-1
2017030246455,1,9,0,17,0,0,1,0,7,10,1,1,2,2,32,6,1368,1,2,10,3,10
2017030246475,1,11,0,5,2,0,0,0,0,0,4,1,5,3,-1,-1,-1,-1,-1,-1,-1,-1
2017030246495,1,19,0,18,0,1,1,0,0,0,1,1,1,1,26,6,1956,2,-1,-1,-1,-1
2017030246495,2,9,0,3,0,1,0,0,0,0,2,1,6,1,50,8,1396,1,5,-1,-1,-1
2017030246495,3,9,0,9,0,5,0,0,0,0,0,1,6,3,-1,-1,-1,-1,-1,-1,-1,-1
2017030246531,1,9,0,17,0,0,1,0,2,11,1,1,5,1,31,6,1794,1,11,-1,-1,-1
2017030246531,2,9,0,16,0,0,0,0,7,11,1,1,5,1,39,7,1560,2,8,7,2,7
2017030246592,1,9,0,18,0,0,0,0,0,0,1,1,5,2,57,9,1198,1,9,4,2,4
2017030246600,1,9,0,18,0,0,0,0,0,0,1,1,5,1,72,10,1197,1,-1,-1,-1,-1
2017030246604,1,9,0,18,0,4,0,0,0,0,1,1,5,1,37,7,1910,2,10,3,1,3
2017030246604,2,9,0,18,0,4,0,0,0,0,2,1,5,1,50,8,1497,1,13,-1,1,-1
2017030248016,1,9,0,7,0,6,0,0,0,0,3,1,6,2,30,6,-1,-1,-1,-1,-1,-1
2017030248016,2,1,0,18,0,8,0,0,0,0,1,1,6,1,46,8,-1,-1,-1,-1,-1,-1
2017030248062,1,98,0,4,0,1,0,0,0,0,1,1,1,1,29,6,-1,-1,-1,-1,-1,-1
2017030248062,2,19,0,4,0,1,0,0,0,0,2,1,6,1,47,8,1968,2,3,-1,-1,-1
2017030248116,1,9,0,18,0,0,0,0,1,10,1,1,6,2,26,6,1242,1,5,-1,-1,-1
2017030248182,1,9,0,1,0,0,0,0,0,0,2,1,6,2,58,9,998,1,-1,5,1,5
2017030248182,2,9,0,18,0,0,0,0,0,0,4,1,5,2,26,6,1242,1,2,-1,-1,-1
2017030248452,1,5,0,18,0,0,0,0,0,0,1,1,2,1,61,9,647,1,14,-1,-1,-1
2017030248545,1,9,0,17,0,0,2,0,1,3,1,1,5,2,21,5,1596,1,12,-1,-1,-1
2017030248651,1,9,0,9,0,6,0,0,0,0,3,1,2,1,-1,-1,1753,2,10,-1,-1,-1
2017030248651,2,9,0,17,0,8,0,0,0,0,4,1,5,1,35,6,1339,1,12,-1,-1,-1
2017030248695,1,97,0,18,0,0,0,0,1,10,1,1,6,1,14,3,-1,-1,-1,-1,-1,-1
2017030248719,1,9,0,17,0,0,1,0,0,0,2,1,5,1,36,7,1796,1,16,-1,-1,-1
2017030248719,2,9,0,17,0,0,0,0,1,0,1,1,6,2,49,8,999,1,2,7,3,7
2017030248752,1,9,0,9,0,6,0,0,0,0,2,1,6,1,79,11,1248,1,3,5,2,5
2017030248752,2,9,0,18,0,8,0,0,0,0,3,1,6,1,60,9,2143,2,-1,3,2,3
2017030248807,1,9,0,18,0,2,0,4,1,10,1,1,5,2,81,11,1360,1,7,6,2,6
2017030248807,2,9,0,2,0,2,0,0,0,0,4,1,5,3,-1,-1,1200,1,-1,-1,-1,-1
2017030248839,1,19,0,18,0,0,0,0,0,0,1,1,1,1,36,7,2298,2,3,4,1,4
2017030248839,2,21,0,3,0,0,0,0,0,0,2,1,1,1,50,8,6728,2,1,-1,-1,-1
2017030248885,1,9,0,18,0,1,1,0,1,1,1,1,5,1,19,4,1198,1,4,-1,-1,-1
2017030249153,1,9,0,16,0,0,1,0,1,11,1,1,6,1,47,8,1984,1,10,-1,-1,-1
2017030249174,1,9,0,18,0,5,0,0,0,0,1,1,6,2,49,8,1896,2,12,-1,-1,-1
2017030249174,2,9,0,18,0,1,0,0,0,0,1,1,2,1,22,5,1248,1,4,-1,-1,-1
2017030249331,1,5,0,18,0,0,1,0,0,0,1,1,5,1,19,4,649,1,-1,9,1,9
2017030249331,2,9,0,18,0,0,0,0,0,0,2,1,1,1,38,7,1798,8,4,4,1,4
2017030250774,1,9,0,18,0,0,0,0,0,0,1,1,6,3,-1,-1,-1,-1,-1,-1,-1,-1
2017030250839,1,21,1,18,0,0,2,0,1,0,1,1,1,1,27,6,12740,2,1,-1,-1,-1
2017030250904,1,9,0,18,0,0,0,0,8,0,1,1,2,1,20,4,1242,1,3,-1,-1,-1
2017030250904,2,9,0,18,0,0,0,0,0,0,4,1,5,2,72,10,2765,2,23,6,3,6
2017030250923,1,98,1,18,0,0,0,0,0,0,1,1,6,3,50,8,-1,-1,-1,-1,-1,-1
2017030250953,1,9,0,9,0,3,0,0,0,0,1,1,1,1,66,10,-1,-1,-1,-1,-1,-1
2017030250969,1,9,0,18,0,0,0,0,0,0,1,1,5,1,59,9,1197,1,-1,-1,-1,-1
2017030251026,1,9,0,18,0,0,1,0,1,0,1,1,6,1,92,11,1994,1,9,6,2,6
2017030251026,2,21,1,18,0,0,0,0,0,0,3,1,1,1,46,8,12777,2,-1,-1,-1,-1
2017030251044,1,9,0,18,0,1,0,0,0,0,1,1,1,1,45,7,1896,2,13,-1,-1,-1
2017030251044,2,9,0,10,0,1,0,0,0,0,2,1,1,2,28,6,1242,1,7,-1,-1,-1
2017030251095,1,9,0,7,0,2,1,0,7,11,1,1,5,1,48,8,1461,2,3,8,1,8
2017030251116,1,9,0,18,0,0,1,0,1,11,1,1,5,1,18,4,1229,1,2,6,3,6
2017030253530,1,9,0,18,0,0,0,4,0,0,3,1,6,3,-1,-1,-1,-1,-1,-1,-1,-1
2017030253530,2,9,0,2,0,0,0,0,0,0,4,1,6,2,29,6,1398,1,4,-1,-1,-1
2017030253561,1,5,0,18,0,0,0,10,0,0,3,1,6,1,41,7,599,1,16,1,1,1
2017030253574,1,9,0,18,0,0,0,0,0,0,1,1,6,2,37,7,1339,1,3,-1,-1,-1
2017030253621,1,9,0,9,0,8,0,0,0,0,1,1,5,2,30,6,1360,1,12,-1,-1,-1
2017030253627,1,20,1,18,0,0,1,0,0,0,3,1,1,1,54,8,-1,-1,-1,1,1,1
2017030253641,1,9,0,14,0,0,0,7,0,0,1,1,5,1,67,10,1997,1,10,2,1,2
2017030253654,1,1,0,18,9,0,0,0,0,0,1,1,6,3,-1,-1,-1,-1,-1,-1,-1,-1
2017030253681,1,9,0,17,0,0,1,0,1,4,4,1,6,1,23,5,998,1,15,-1,-1,-1
2017030253697,1,9,0,18,0,0,0,0,0,0,1,1,5,1,72,10,1461,2,-1,-1,-1,-1
2017030253714,1,9,0,16,0,0,0,0,0,0,1,1,5,2,60,9,1598,2,3,-1,-1,-1
2017030253714,2,21,0,17,0,0,0,0,0,0,3,1,5,1,22,5,12777,2,9,-1,-1,-1
2017030253714,3,9,0,17,0,0,0,0,1,7,1,1,5,2,43,7,1600,1,4,8,3,8
2017030253714,4,9,0,17,0,0,0,0,0,0,1,1,5,1,59,9,1999,2,2,8,2,8
2017030253716,1,9,0,17,0,0,0,0,1,0,1,1,5,2,85,11,1396,1,6,6,3,6
2017030253772,1,9,0,18,0,1,0,0,0,0,1,1,1,1,78,11,1995,2,1,5,3,5
2017030253772,2,9,0,7,0,5,0,0,0,0,2,1,1,2,40,7,1598,1,7,-1,-1,-1
2017030253796,1,9,0,18,0,0,0,0,0,0,1,1,6,1,18,4,1400,1,17,-1,-1,-1
2017030253796,2,9,0,2,0,0,0,0,0,0,0,1,6,1,49,8,1968,2,3,5,3,5
2017030253812,1,9,0,9,0,0,0,0,0,0,1,1,6,1,51,8,-1,-1,-1,6,2,6
2017030253812,2,9,0,18,0,0,0,0,1,11,4,1,6,2,18,4,1229,1,11,9,1,9
2017030254480,1,9,-1,14,0,0,0,0,0,0,3,1,6,1,53,8,1248,2,8,-1,-1,-1
2017030254480,2,3,-1,-1,-1,0,-1,-1,-1,0,-1,1,6,1,33,6,125,1,11,-1,-1,-1
2017030254589,1,9,0,18,0,1,0,0,0,0,1,1,6,1,29,6,1796,1,8,-1,-1,-1
2017030254589,2,9,0,18,0,1,0,0,0,0,2,1,1,1,35,6,-1,-1,-1,5,3,5
2017030255060,1,9,0,14,0,0,0,0,0,0,1,1,5,1,25,5,1975,1,11,2,2,2
2017030255060,2,11,0,2,0,0,0,0,0,0,3,1,1,1,58,9,6700,2,6,-1,-1,-1
2017030255138,1,9,0,13,0,2,0,0,1,4,2,1,5,1,28,6,3696,1,5,-1,3,-1
2017030255138,2,21,1,18,0,2,0,0,0,0,1,1,1,1,32,6,10677,2,2,-1,-1,-1
2017030255222,1,19,0,18,0,2,0,0,0,0,1,1,1,1,47,8,1997,2,4,-1,-1,-1
2017030255222,2,9,0,18,0,2,0,0,0,0,2,1,5,1,48,8,1685,2,2,-1,-1,-1
2017030255287,1,9,0,18,0,0,1,0,1,10,1,1,5,1,21,5,998,1,14,-1,-1,-1
2017030255568,1,9,0,16,0,0,1,0,7,10,1,1,5,2,30,6,1461,2,7,5,3,5
2017030255568,2,9,0,16,0,0,1,0,0,0,1,1,5,1,31,6,-1,-1,-1,-1,-1,-1
2017030255634,1,9,0,7,0,6,0,0,0,0,1,1,6,1,85,11,1197,1,5,4,3,4
2017030255634,2,9,0,18,0,1,0,0,0,0,1,1,5,1,34,6,1686,2,7,-1,-1,-1
2017030255839,1,9,0,18,0,0,0,0,0,0,1,1,6,1,42,7,1299,1,13,-1,-1,-1
2017030255839,2,9,0,18,0,0,0,0,0,0,1,1,5,1,28,6,1796,1,9,3,2,3
2017030255839,3,11,0,18,0,0,0,0,0,0,1,1,1,1,52,8,12000,2,10,-1,-1,-1
2017030255891,1,9,0,18,0,0,2,0,0,0,1,1,6,1,24,5,1598,2,6,3,1,3
2017030256112,1,9,0,18,0,0,0,0,1,7,3,1,5,2,73,10,1995,1,8,-1,-1,-1
2017030256118,1,21,1,18,0,0,0,0,0,0,1,1,1,1,35,6,15607,2,3,-1,-1,-1
2017030256118,2,9,0,3,0,0,0,0,0,0,2,1,5,2,39,7,1999,2,-1,-1,-1,-1
2017030256118,3,9,0,3,0,0,0,0,0,0,2,1,5,1,17,4,1461,2,2,-1,-1,-1
2017030256130,1,9,0,18,0,0,5,0,8,11,1,1,5,2,86,11,1398,1,3,-1,-1,-1
2017030256170,1,9,0,18,0,1,0,0,0,0,1,1,5,2,71,10,1686,2,16,-1,-1,-1
2017030256170,2,9,0,10,0,5,0,0,0,0,2,1,5,1,20,4,1390,1,4,-1,-1,-1
2017030256194,1,9,0,18,0,2,0,0,1,2,1,1,6,1,29,6,1364,2,9,3,1,3
2017030256238,1,9,0,8,0,1,0,0,0,0,3,1,5,1,24,5,2261,1,-1,-1,-1,-1
2017030256238,2,9,0,18,0,1,0,0,0,0,0,1,5,2,67,10,1461,2,2,-1,-1,-1
2017030256311,1,9,0,9,0,6,0,0,0,0,1,1,5,2,70,10,1248,1,2,-1,-1,-1
2017030256311,2,1,0,18,0,8,0,0,0,0,4,1,5,1,52,8,-1,-1,-1,-1,-1,-1
2017030256385,1,9,0,18,0,0,0,0,0,0,0,1,5,2,41,7,1598,2,1,-1,-1,-1
2017030256417,1,9,0,7,0,0,0,0,0,0,1,1,6,1,-1,-1,1595,1,13,-1,-1,-1
2017030256570,1,9,0,10,0,1,0,0,0,0,1,1,5,1,57,9,996,1,5,3,1,3
2017030256570,2,5,0,18,0,1,0,0,0,0,1,1,5,1,44,7,649,1,6,9,1,9
2017030256693,1,9,0,2,0,0,0,0,0,0,1,1,6,1,27,6,2521,1,7,2,1,2
2017030256693,2,9,0,2,0,0,0,0,0,0,1,1,6,1,-1,-1,1997,2,3,-1,-1,-1
2017030256693,3,9,0,2,0,0,0,0,0,0,0,1,6,1,-1,-1,2179,2,4,5,3,5
2017030256815,1,9,0,17,9,0,1,0,2,11,1,1,5,1,22,5,1896,2,7,5,2,5
2017030256815,2,8,0,2,6,0,0,0,0,0,3,1,1,2,41,7,1686,2,8,2,1,2
2017030256921,1,19,0,18,0,0,1,0,7,0,1,1,1,1,27,6,2143,2,1,-1,-1,-1
2017030257142,1,9,0,13,0,0,0,0,0,0,1,1,6,3,-1,-1,-1,-1,-1,-1,-1,-1
2017030257142,2,2,0,18,0,0,1,0,0,0,2,1,2,1,51,8,125,1,6,-1,-1,-1
2017030257241,1,9,0,4,0,0,0,0,0,0,2,1,6,2,26,6,1200,1,2,7,2,7
2017030257241,2,9,0,4,0,0,0,0,0,0,2,1,6,1,47,8,2401,2,12,7,2,7
2017030257301,1,9,0,18,0,1,5,0,0,0,4,1,6,2,72,10,1198,1,15,5,3,5
2017030257301,2,9,0,2,0,2,0,0,0,0,3,1,6,2,-1,-1,1198,1,4,8,3,8
2017030257301,3,9,0,2,0,2,0,0,0,0,2,1,6,2,48,8,1794,1,16,-1,-1,-1
2017030257330,1,8,0,9,0,8,0,0,0,0,3,1,1,1,51,8,1598,1,4,-1,-1,-1
2017030257348,1,9,0,1,0,0,1,0,0,0,2,1,5,1,56,9,1999,2,-1,9,1,9
2017030257798,1,9,0,7,0,5,0,0,0,0,1,1,6,3,-1,-1,1598,1,15,-1,-1,-1
2017030257798,2,9,0,10,0,6,0,0,0,0,3,1,5,2,34,6,1998,1,12,-1,-1,-1
2017030257984,1,9,0,18,0,0,2,0,4,0,1,1,2,2,31,6,1499,2,1,-1,-1,-1
2017030260738,1,9,0,18,0,0,2,0,7,0,3,1,5,1,74,10,1997,1,1,4,3,4
2017030261453,1,19,0,12,0,0,0,0,0,0,1,1,1,1,38,7,2198,2,4,9,1,9
2017030261453,2,9,0,18,0,0,0,0,0,0,4,1,2,2,17,4,998,1,6,4,1,4
2017030261682,1,19,0,1,0,0,0,0,0,0,2,1,2,1,18,4,-1,-1,-1,-1,-1,-1
2017030261682,2,9,0,18,0,0,0,0,0,0,4,1,5,2,34,6,1997,2,7,-1,-1,-1
2017030261727,1,19,0,18,0,0,2,0,1,4,1,1,5,1,28,6,1896,2,13,-1,-1,-1
2017030262953,1,9,0,9,0,1,0,0,0,0,3,1,5,1,34,6,2198,2,12,6,1,6
2017030262953,2,9,0,18,0,1,0,0,0,0,1,1,5,1,28,6,1596,1,2,6,1,6
2017030262975,1,5,0,14,0,0,0,4,0,0,1,1,5,1,23,5,-1,-1,-1,1,1,1
2017030262975,2,17,4,2,0,0,0,0,0,0,3,1,1,1,45,7,6728,2,-1,-1,-1,-1
2017030262975,3,20,0,18,0,0,0,0,0,0,3,1,1,1,63,9,5480,2,11,2,2,2
2017030263155,1,9,0,18,0,0,0,0,0,0,3,1,6,3,-1,-1,-1,-1,-1,-1,-1,-1