Accident_Index,Vehicle_Reference,Vehicle_Type,Towing_and_Articulation,Vehicle_Manoeuvre,Vehicle_Location-Restricted_Lane,Junction_Location,Skidding_and_Overturning,Hit_Object_in_Carriageway,Vehicle_Leaving_Carriageway,Hit_Object_off_Carriageway,1st_Point_of_Impact,Was_Vehicle_Left_Hand_Drive?,Journey_Purpose_of_Driver,Sex_of_Driver,Age_of_Driver,Age_Band_of_Driver,Engine_Capacity_(CC),Propulsion_Code,Age_of_Vehicle,Driver_IMD_Decile,Driver_Home_Area_Type,Vehicle_IMD_Decile
201704ED17096,2,9,0,18,0,1,0,0,0,0,2,1,6,2,26,6,1995,2,11,-1,-1,-1
201704ED17096,3,9,0,18,0,1,0,0,0,0,2,1,6,1,67,10,1497,8,9,7,1,7
201704ED17096,4,9,0,18,0,1,0,0,0,0,2,1,6,2,19,4,1242,1,3,1,1,1
201704ED17097,1,9,0,2,0,2,0,0,0,0,0,1,6,3,-1,-1,1995,2,4,-1,-1,-1
201704ED17097,2,9,0,9,0,6,0,0,0,0,1,1,6,2,21,5,1598,1,3,3,1,3
201704ED17097,3,3,0,18,0,1,0,0,0,0,4,1,6,1,17,4,125,1,2,2,1,2
201704ED17098,1,9,0,18,0,6,0,0,7,0,4,1,6,1,19,4,1598,2,2,3,1,3
201704ED17098,2,9,0,18,0,1,0,0,1,0,1,1,6,1,26,6,1686,2,13,2,1,2
201704ED17099,1,9,0,4,0,1,0,0,0,0,1,1,1,1,39,7,1997,2,2,4,1,4
201704ED17099,2,9,0,4,0,1,0,0,0,0,2,1,6,1,42,7,1229,1,4,1,1,1
201704ED17100,1,9,0,18,0,0,0,0,0,0,1,1,6,1,41,7,1896,2,13,3,1,3
201704ED17100,2,9,0,14,0,0,0,0,0,0,1,1,6,1,49,8,1794,1,12,3,1,3
201704ED17100,3,9,0,2,0,0,0,0,0,0,3,1,6,3,-1,-1,2148,2,16,-1,-1,-1
201704ED17101,1,9,0,18,0,0,0,0,0,0,1,1,1,2,24,5,1339,1,15,-1,-1,-1
201704ED17101,2,9,0,2,0,0,0,0,0,0,2,1,6,3,-1,-1,1910,2,10,-1,-1,-1
201704ED17102,1,5,0,14,0,1,0,0,0,0,4,1,6,1,35,6,599,1,19,4,1,4
201704ED17103,1,3,0,13,0,2,0,0,0,0,1,1,2,1,17,4,125,1,1,9,1,9
201704ED17103,2,8,0,6,0,2,0,0,0,0,3,1,1,1,33,6,1995,2,9,-1,-1,-1
201704ED17104,1,9,0,17,0,0,1,0,1,0,1,1,6,1,18,4,1753,2,14,2,1,2
201704ED17105,1,9,0,9,0,1,0,0,0,0,1,1,6,1,18,4,1229,1,9,4,1,4
201704ED17105,2,9,0,18,0,1,0,0,0,0,1,1,6,1,56,9,2290,1,10,6,1,6
201704ED17106,1,9,0,18,0,0,1,0,0,0,3,1,6,2,18,4,1360,1,14,4,1,4
201704ED17106,2,9,0,18,0,0,1,0,1,7,1,1,6,1,40,7,2184,2,13,7,1,7
201704ED17106,3,9,0,18,0,0,1,0,0,0,1,1,6,1,79,11,998,1,2,4,2,4
201704ED17106,4,9,0,18,0,0,0,0,0,0,2,1,6,2,34,6,1995,2,4,2,1,2
201704ED17107,1,5,0,18,0,0,0,0,0,0,0,1,6,2,56,9,1170,1,10,10,2,10
201704ED17107,2,9,0,10,0,0,0,0,0,0,0,1,6,1,23,5,1200,1,1,1,1,1
201704ED17108,1,9,0,8,0,1,0,0,0,0,2,1,6,1,74,10,2199,2,2,8,1,8
201704ED17108,2,9,0,18,0,1,0,4,0,0,1,1,6,1,44,7,2231,2,10,1,1,1
201704ED17109,1,9,0,18,0,0,0,0,0,0,1,1,6,1,20,4,1229,1,2,-1,-1,-1
201704ED17110,1,9,0,1,0,0,0,0,0,0,2,1,3,2,-1,-1,1910,2,8,-1,-1,-1
201704ED17111,1,9,0,18,0,1,0,0,0,0,1,1,6,1,25,5,1398,1,2,-1,-1,-1
201704ED17111,2,9,0,3,0,1,0,0,0,0,2,1,1,2,51,8,1149,1,14,1,1,1
201704ED17112,1,9,0,18,0,1,0,0,0,0,4,1,6,2,51,8,1329,1,1,9,1,9
201704ED17112,2,9,0,18,0,3,0,0,0,0,2,1,6,1,70,10,1560,2,9,2,1,2
201704ED17113,1,9,0,9,0,2,0,0,0,0,1,1,6,1,70,10,1339,1,2,3,1,3
201704ED17113,2,9,0,18,0,1,0,0,0,0,1,1,6,1,34,6,1197,1,2,2,1,2
201704ED17114,1,9,0,4,0,1,0,0,0,0,1,1,6,2,41,7,1198,1,4,-1,-1,-1
201704ED17114,2,1,0,18,9,1,0,0,0,0,1,1,6,1,61,9,-1,-1,-1,10,1,10
201704ED17115,1,9,0,18,0,0,1,0,4,7,1,1,6,2,23,5,1360,1,13,-1,-1,-1
201704ED17116,1,9,0,18,0,8,0,0,0,0,4,1,6,1,45,7,1596,1,12,-1,-1,-1
201704ED17116,2,8,0,18,0,8,0,0,0,0,1,1,1,1,35,6,1896,2,8,3,1,3
201704ED17117,1,9,0,17,0,8,0,0,1,2,1,1,6,2,50,8,-1,-1,-1,2,1,2
201704ED17119,1,9,0,18,0,1,0,0,0,0,1,1,6,2,30,6,1598,2,1,2,1,2
201704ED17119,2,9,0,18,0,1,0,0,0,0,3,1,6,2,59,9,1896,2,13,-1,-1,-1
201704ED17120,1,9,0,16,0,2,2,4,0,0,1,1,6,1,21,5,1590,1,16,1,1,1
201704ED17120,2,9,0,2,0,2,0,0,1,0,2,1,6,3,-1,-1,1560,2,8,-1,-1,-1
201704ED17121,1,9,0,7,0,8,0,0,1,0,4,1,6,2,35,6,1398,1,6,1,1,1
201704ED17122,1,8,0,1,0,0,0,0,0,0,2,1,1,1,65,9,1910,2,10,3,1,3
201704ED17123,1,9,0,18,0,1,0,0,0,0,1,1,6,1,31,6,1798,1,7,4,1,4
201704ED17123,2,9,0,4,0,1,0,0,0,0,2,1,6,1,22,5,1242,1,9,1,1,1
201704ED17124,1,9,0,18,0,0,0,0,0,0,1,1,6,3,-1,-1,-1,-1,-1,-1,-1,-1
201704ED17124,2,9,0,18,0,0,0,0,0,0,1,1,6,1,21,5,1390,1,10,-1,-1,-1
201704ED17127,1,9,0,18,0,8,0,0,0,0,1,1,6,1,70,10,1461,2,1,6,3,6
201704ED17127,2,9,0,18,0,8,0,0,0,0,3,1,6,1,22,5,1390,1,8,2,1,2
201704ED17128,1,9,0,9,0,6,0,0,0,0,1,1,6,2,28,6,1896,2,12,9,1,9
201704ED17128,2,5,0,18,0,8,0,0,0,0,4,1,6,1,62,9,599,1,15,10,2,10
201704ED17129,1,9,0,18,0,1,0,0,0,0,1,1,6,2,26,6,2179,2,3,4,1,4
201704ED17130,1,9,0,17,0,0,0,0,1,0,1,1,2,1,47,8,996,1,8,4,1,4
201704ED17131,1,9,0,18,0,1,0,0,0,0,4,1,6,3,-1,-1,-1,-1,-1,-1,-1,-1
201704ED17132,1,9,0,9,0,8,0,0,0,0,4,1,6,1,51,8,1998,1,18,1,1,1
201704ED17132,2,9,0,18,0,8,0,0,0,0,1,1,6,1,34,6,1242,1,13,1,1,1
201704ED17133,1,9,0,5,2,6,0,0,0,0,2,1,3,3,-1,-1,-1,-1,-1,-1,-1,-1
201704ED17134,1,9,0,2,0,0,0,0,0,0,4,1,6,1,17,4,1242,1,4,-1,-1,-1
201704ED17135,1,9,0,18,0,0,0,0,0,0,1,1,6,2,21,5,998,1,2,-1,-1,-1
201704ED17136,1,9,0,9,0,1,0,0,0,0,1,1,6,1,23,5,1968,2,4,-1,1,-1
201704ED17137,1,9,0,4,0,1,0,0,0,1,1,1,6,3,-1,-1,1390,1,9,-1,-1,-1
201704ED17137,2,9,0,3,0,1,0,0,0,0,2,1,6,1,28,6,1598,1,14,4,1,4
201704ED17138,1,9,0,17,0,0,0,0,2,0,1,1,6,2,25,5,1200,1,1,7,1,7
201704ED17138,2,17,0,16,0,0,0,0,0,0,1,1,6,1,26,6,-1,2,2,4,2,4
201704ED17139,1,9,0,17,0,0,1,0,7,0,1,1,6,3,-1,-1,2000,2,12,-1,-1,-1
201704ED17139,2,9,0,18,0,0,0,0,1,0,1,1,6,2,38,7,1896,2,15,8,1,8
201704ED17140,1,9,0,7,4,1,0,0,0,0,4,1,1,1,28,6,1968,2,9,4,1,4
201704ED17140,2,1,0,18,4,1,0,0,0,0,1,1,2,1,22,5,-1,-1,-1,7,1,7
201704ED17141,1,8,0,18,0,4,0,0,0,0,1,1,6,1,45,7,2231,2,11,-1,-1,-1
201704ED17141,2,9,0,3,0,1,0,0,0,0,2,1,6,1,72,10,2967,1,17,-1,-1,-1
201704ED17141,3,9,0,3,0,1,0,0,0,0,2,1,6,2,59,9,1240,1,13,-1,-1,-1
201704ED17142,1,9,0,18,0,0,0,0,4,0,2,1,6,2,20,4,1197,1,1,10,1,10
201704ED17142,2,8,0,18,0,0,0,0,0,0,1,1,1,1,47,8,1598,2,4,1,1,1
201704ED17143,1,9,0,18,0,0,0,0,0,0,1,1,2,1,75,10,1995,2,9,-1,-1,-1
201704ED17143,2,9,0,3,0,0,0,0,0,0,2,1,2,1,30,6,1999,2,1,6,1,6
201704ED17143,3,9,0,4,0,0,0,0,0,0,2,1,2,2,55,8,1398,2,14,1,1,1
201704ED17143,4,19,0,4,0,0,0,0,0,0,2,1,1,1,25,5,1598,2,-1,9,1,9
201704ED17144,1,9,0,18,0,1,0,0,0,0,1,1,2,2,43,7,1995,2,15,5,1,5
201704ED17144,2,9,0,4,0,1,0,0,0,0,2,1,6,1,48,8,1794,1,12,4,1,4
201704ED17145,1,9,0,18,0,0,0,0,0,0,1,1,6,2,27,6,1368,1,8,3,1,3
201704ED17146,1,9,0,16,0,8,1,0,7,0,1,1,6,1,23,5,-1,-1,-1,2,1,2
201704ED17146,2,9,0,18,0,1,0,0,0,0,1,1,6,1,24,5,1242,1,13,3,1,3
201704ED17147,1,9,0,12,0,3,0,7,7,1,3,1,6,1,88,11,1390,1,8,9,2,9
201704ED17147,2,9,0,18,0,3,0,0,0,0,4,1,6,2,51,8,1198,1,3,3,1,3
201704ED17148,1,9,0,9,0,6,0,0,0,0,0,1,6,3,-1,-1,-1,-1,-1,-1,-1,-1
201704ED17148,2,9,0,18,0,1,0,0,0,0,1,1,1,1,31,6,698,1,14,4,1,4
201704ED17148,3,9,0,2,0,1,0,0,1,0,2,1,6,3,-1,-1,1242,1,5,-1,-1,-1
201704ED17149,1,9,0,18,0,1,0,0,1,10,1,1,6,1,81,11,1298,1,22,4,1,4
201704ED17150,1,9,0,18,0,1,0,0,0,0,1,1,3,1,37,7,1229,1,5,1,1,1
201704ED17151,1,9,0,18,0,1,0,0,0,0,1,1,6,1,21,5,-1,-1,-1,4,1,4
201704ED17151,2,9,0,18,0,2,0,0,0,0,4,1,6,1,45,7,1318,1,2,9,1,9
201704ED17151,3,9,0,18,0,2,0,0,0,0,3,1,6,2,34,6,1200,1,2,1,1,1
201704ED17152,1,9,0,18,0,8,0,0,0,0,1,1,6,2,59,9,-1,-1,-1,8,2,8
201704ED17152,2,8,0,18,0,8,0,0,1,0,1,1,1,1,41,7,1896,2,11,1,1,1
201704ED17153,1,8,0,6,0,0,0,0,0,0,0,1,1,3,-1,-1,-1,-1,-1,-1,-1,-1
201704ED17154,1,19,0,17,0,0,2,0,1,0,1,1,6,1,34,6,2198,2,6,8,3,8
201704ED17155,1,9,0,9,0,8,0,0,0,0,4,1,6,1,70,10,1198,1,14,5,1,5
201704ED17155,2,9,0,18,0,8,0,0,0,0,1,1,6,2,58,9,1896,2,9,-1,-1,-1
201704ED17156,1,9,0,9,0,8,0,0,0,0,3,1,6,1,26,6,2143,2,4,5,1,5
201704ED17156,2,9,0,17,0,8,0,10,1,10,1,1,6,1,35,6,-1,-1,-1,5,1,5
201704ED17157,1,19,0,1,0,0,0,0,1,0,2,1,6,3,-1,-1,2299,2,3,-1,-1,-1
201704ED17158,1,8,0,18,0,0,0,0,0,0,1,1,1,1,52,8,1686,2,5,1,1,1
201704ED17159,1,9,0,3,0,1,0,0,0,0,1,1,6,2,39,7,1360,1,11,7,1,7
201704ED17159,2,1,0,18,0,8,0,0,0,0,4,1,6,1,41,7,-1,-1,-1,6,1,6
201704ED17160,1,9,0,16,0,0,0,0,0,0,1,1,6,2,27,6,1198,1,2,1,1,1
201704ED17160,2,9,0,17,0,0,0,0,0,0,1,1,6,1,48,8,1900,2,15,1,1,1
201704ED17161,1,9,0,18,0,2,0,0,0,0,4,1,2,2,31,6,1198,1,11,1,1,1
201704ED17161,2,9,0,18,0,1,0,0,0,0,3,1,2,2,24,5,1397,1,10,1,1,1
201704ED17162,1,9,0,10,0,1,0,0,0,0,2,1,6,2,27,6,1197,1,2,-1,-1,-1
201704ED17162,2,9,0,14,0,1,0,0,0,0,1,1,6,1,39,7,1900,2,13,-1,-1,-1
201704ED17163,1,3,0,18,0,0,2,0,0,0,0,1,6,1,49,8,125,1,2,4,1,4
201704ED17163,2,2,0,18,0,0,2,0,0,0,0,1,6,2,55,8,123,1,2,3,1,3
201704ED17164,1,9,0,18,0,1,0,0,0,0,1,1,2,2,49,8,1598,1,7,4,1,4
201704ED17164,2,9,0,9,0,1,0,0,0,0,2,1,2,1,41,7,1248,2,13,1,1,1
201704ED17165,1,3,0,18,0,0,0,0,0,0,1,1,2,1,41,7,125,1,1,8,1,8
201704ED17165,2,9,0,7,0,0,0,0,0,0,3,1,6,1,62,9,1497,8,13,1,1,1
201704ED17166,1,9,0,18,0,0,1,4,2,10,3,1,6,1,18,4,998,1,19,1,1,1
201704ED17166,2,9,0,2,0,0,0,0,0,0,2,1,6,3,-1,-1,1461,2,10,-1,-1,-1
201704ED17167,1,3,0,4,0,0,1,0,0,0,4,1,2,1,20,4,125,1,1,1,1,1
201704ED17168,1,9,0,9,0,8,0,0,0,0,1,1,6,1,75,10,1398,1,5,7,1,7
201704ED17168,2,19,0,18,0,1,0,0,0,0,1,1,1,1,59,9,-1,-1,-1,7,1,7
201704ED17168,3,9,0,18,0,1,0,0,0,1,0,1,2,1,34,6,1560,2,3,3,1,3
201704ED17169,1,9,0,18,0,0,0,0,0,0,1,1,6,3,-1,-1,-1,-1,-1,-1,-1,-1
201704ED17169,2,8,0,18,0,0,0,0,0,0,1,1,1,1,45,7,1686,2,12,1,1,1
201704ED17169,3,9,0,2,9,0,0,0,0,0,3,1,6,3,-1,-1,1398,2,7,-1,-1,-1
201704ED17169,4,9,0,2,9,0,0,0,0,0,4,1,6,3,-1,-1,1560,2,4,-1,-1,-1
201704ED17170,1,9,0,5,0,1,0,0,0,0,1,1,6,1,29,6,1995,2,14,1,1,1
201704ED17170,2,9,0,5,0,1,0,0,0,0,2,1,6,2,28,6,1686,2,12,4,2,4
201704ED17171,1,9,0,18,0,0,0,0,0,0,0,1,6,3,-1,-1,-1,-1,-1,-1,-1,-1
201704ED17171,2,9,0,18,0,0,1,0,0,6,3,1,6,2,21,5,1229,1,5,2,1,2
201704ED17172,1,2,0,16,0,0,1,4,0,0,3,1,6,1,31,6,-1,-1,-1,2,1,2
201704ED17172,2,9,0,2,0,0,0,0,0,0,4,1,6,3,-1,-1,1198,1,2,-1,-1,-1
201704ED17173,1,9,0,18,0,8,0,0,0,0,1,1,6,1,22,5,1398,1,4,5,1,5
201704ED17174,1,9,0,18,2,1,0,0,0,0,1,1,6,1,49,8,1397,1,9,3,1,3
201704ED17174,2,9,0,3,0,1,0,0,0,0,2,1,6,1,33,6,2495,1,15,1,1,1
201704ED17175,1,9,0,18,0,0,0,0,0,0,1,1,6,1,33,6,1686,2,15,-1,-1,-1
201704ED17175,2,9,0,18,0,0,0,0,0,0,2,1,6,2,38,7,1598,1,6,1,1,1
201704ED17175,3,9,0,18,0,0,0,0,0,0,2,1,6,2,25,5,1390,1,4,1,1,1
201704ED17176,1,9,0,9,0,8,0,0,1,0,4,1,6,2,30,6,1149,1,11,2,1,2
201704ED17176,2,9,0,18,0,8,0,0,0,0,1,1,6,1,45,7,1910,2,7,8,3,8
201704ED17177,1,19,0,11,0,0,0,0,0,0,2,1,6,1,43,7,1753,2,10,3,1,3
201704ED17177,2,19,0,4,0,0,0,0,0,0,1,1,6,1,34,6,1868,2,11,2,1,2
201704ED17177,3,9,0,18,0,0,0,0,0,0,2,1,2,1,45,7,1984,1,1,10,2,10
201704ED17178,1,9,0,15,0,0,0,0,0,0,4,1,6,1,80,11,1984,2,4,8,3,8
201704ED17178,2,1,0,18,0,0,0,0,0,0,1,1,6,1,15,3,-1,-1,-1,10,1,10
201704ED17179,1,9,0,18,0,8,0,0,0,0,1,1,6,1,25,5,-1,-1,-1,-1,-1,-1
201704ED17179,2,9,0,9,0,8,0,0,0,0,3,1,6,2,36,7,1896,2,12,3,1,3
201704ED17180,1,9,0,9,0,1,0,0,0,0,1,1,2,1,37,7,1560,2,7,8,1,8
201704ED17180,2,4,0,18,0,8,0,0,0,0,4,1,6,1,72,10,500,1,-1,3,1,3
201704ED17181,1,9,0,5,0,0,0,0,0,0,1,1,6,2,19,4,-1,-1,-1,-1,-1,-1
201704ED17182,1,8,0,5,8,0,0,0,0,0,4,1,1,1,38,7,1686,2,11,-1,-1,-1
201704ED17182,2,90,0,4,0,0,0,0,0,0,1,1,6,1,22,5,-1,-1,-1,1,1,1
201704ED17183,1,9,0,9,0,3,0,0,0,0,3,1,2,2,45,7,2993,2,11,2,1,2
201704ED17184,1,90,0,17,0,2,0,0,0,0,1,1,1,1,31,6,-1,-1,-1,-1,-1,-1
201704ED17185,1,9,0,4,0,0,0,0,0,0,1,1,6,1,19,4,1998,1,14,-1,-1,-1
201704ED17186,1,9,0,5,0,1,0,2,0,0,1,1,6,2,79,11,1797,8,6,-1,-1,-1
201704ED17187,1,3,0,18,0,1,5,0,0,0,1,1,2,1,41,7,124,1,7,8,1,8
201704ED17187,2,9,0,5,0,2,0,0,0,0,1,1,6,1,69,10,1596,1,4,9,1,9
201704ED17188,1,9,0,5,0,2,0,0,0,0,1,1,1,1,57,9,1956,2,2,7,1,7
201704ED17188,2,1,0,5,0,2,0,0,0,0,2,1,6,1,47,8,-1,-1,-1,9,1,9
201704ED17189,1,9,0,18,0,0,0,0,0,0,1,1,6,2,26,6,1995,2,5,4,1,4
201704ED17190,1,9,0,7,0,6,1,0,0,0,1,1,6,3,-1,-1,1598,2,2,-1,-1,-1
201704ED17190,2,9,0,18,0,8,0,0,0,0,3,1,6,2,23,5,999,1,-1,1,1,1
201704ED17190,3,9,0,18,0,1,0,0,0,0,0,1,1,1,50,8,2993,2,1,8,1,8
201704ED17190,4,9,0,2,0,1,0,0,0,0,3,1,6,3,-1,-1,1896,2,14,-1,-1,-1
201704ED17191,1,9,0,3,0,1,0,0,0,0,0,1,2,2,25,5,1229,1,12,1,1,1
201704ED17191,2,9,0,5,0,1,0,0,0,0,1,1,6,3,-1,-1,1984,1,15,-1,-1,-1
201704ED17192,1,9,0,3,0,1,0,0,0,0,2,1,6,2,59,9,1598,1,1,2,1,2
201704ED17192,2,9,0,18,0,1,0,0,0,0,1,1,1,1,22,5,1199,1,16,2,1,2
201704ED17193,1,9,0,18,0,2,0,0,0,0,1,1,6,2,21,5,998,1,1,1,1,1
201704ED17193,2,9,0,18,0,2,0,0,0,0,2,1,6,1,42,7,1995,2,3,7,1,7
201704ED17194,1,21,0,11,0,0,0,0,0,0,1,1,1,1,41,7,4500,2,2,2,1,2
201704ED17194,2,9,0,18,0,0,0,7,0,0,3,1,2,1,21,5,-1,-1,-1,6,1,6
201704ED17195,1,9,0,18,0,0,1,10,7,10,1,1,6,3,-1,-1,1995,2,4,-1,-1,-1
201704ED17196,1,90,4,14,0,1,0,0,0,0,4,1,1,3,-1,-1,-1,-1,-1,-1,-1,-1
201704ED17196,2,1,0,18,0,1,0,0,0,0,3,1,2,1,51,8,-1,-1,-1,4,1,4
201704ED17197,1,9,0,18,0,0,0,0,0,0,3,1,6,2,56,9,1200,1,2,8,1,8
201704ED17197,2,9,0,18,0,0,0,0,0,0,3,1,6,1,74,10,1242,1,1,8,1,8
201704ED17197,3,9,0,18,0,0,0,0,0,0,1,1,6,1,42,7,2188,2,8,9,1,9
201704ED17198,1,9,0,18,0,8,0,0,0,0,1,1,6,1,21,5,1598,2,3,2,1,2
201704ED17198,2,9,0,4,0,3,0,0,0,0,2,1,6,2,21,5,999,1,1,3,1,3
201704ED17199,1,9,0,9,0,6,0,0,0,0,3,2,6,2,26,6,1598,1,6,1,1,1
201704ED17199,2,9,0,18,0,8,0,0,0,0,1,1,6,1,46,8,2967,2,3,10,1,10
201704ED17200,1,1,0,18,0,0,0,0,0,0,1,1,6,1,15,3,-1,-1,-1,1,1,1
201704ED17200,2,9,0,18,0,0,0,0,0,0,3,1,6,2,55,8,-1,-1,-1,4,1,4
201704ED17201,1,9,0,1,0,0,0,0,0,0,2,1,6,3,-1,-1,-1,-1,-1,-1,-1,-1
201704ED17202,1,9,0,18,0,2,0,0,0,0,1,1,6,1,22,5,1968,2,11,9,1,9
201704ED17202,2,9,0,4,0,2,0,0,0,0,2,1,6,1,26,6,1995,2,11,4,1,4
201704ED17202,3,9,0,3,0,2,0,0,0,0,2,1,6,1,34,6,1595,2,7,5,1,5
201704ED17203,1,9,0,1,0,5,0,4,0,0,2,1,6,3,-1,-1,2696,2,5,-1,-1,-1
201704ED17203,2,9,0,2,0,5,0,0,0,0,1,1,6,3,-1,-1,2995,1,1,-1,-1,-1
201704ED17204,1,9,0,5,0,3,0,0,0,0,1,1,1,1,23,5,999,1,3,1,1,1
201704ED17204,2,1,0,18,0,3,0,0,0,0,1,1,6,1,47,8,-1,-1,-1,1,1,1
201704ED17205,1,9,0,9,0,6,0,0,0,0,3,1,6,1,38,7,1896,2,13,2,1,2
201704ED17205,2,9,0,18,0,1,0,0,0,0,1,1,2,1,31,6,1968,2,11,1,1,1
201704ED17206,1,9,0,15,0,0,1,0,0,0,1,1,6,1,27,6,1598,1,15,-1,-1,-1
201704ED17206,2,1,0,18,0,0,0,0,0,0,1,1,6,1,27,6,-1,-1,-1,-1,-1,-1
201704ED17207,1,9,0,18,9,0,0,0,7,0,1,1,6,1,28,6,1991,1,13,2,1,2
201704ED17208,1,9,0,18,0,1,1,0,0,0,1,1,6,1,30,6,1995,2,1,2,1,2
201704ED17208,2,9,0,3,0,1,0,0,0,0,2,1,6,2,25,5,1461,2,2,8,1,8
201704ED17208,3,9,0,18,0,8,0,0,0,0,4,1,6,1,67,10,1791,8,6,8,3,8
201704ED17209,1,9,0,9,0,1,0,0,0,0,1,1,6,1,23,5,1363,2,12,1,1,1
201704ED17209,2,9,0,18,0,1,0,0,0,0,1,1,6,1,50,8,1598,1,10,2,1,2
201704ED17210,1,5,0,4,0,1,0,0,0,0,1,1,6,1,33,6,599,1,14,-1,-1,-1
201704ED17210,2,9,0,3,0,2,0,0,0,0,2,1,6,1,23,5,1390,1,11,2,1,2
201704ED17211,1,9,0,18,0,0,0,0,0,0,1,1,6,1,89,11,1991,2,9,3,1,3
201704ED17212,1,19,0,4,0,1,0,0,0,0,1,1,1,1,54,8,6370,2,9,5,1,5
201704ED17212,2,9,0,3,0,1,0,0,0,0,2,1,1,1,42,7,1600,1,12,1,1,1
201704ED17213,1,9,0,18,0,0,0,0,0,0,4,1,6,1,83,11,1999,1,14,1,1,1
201704ED17214,1,9,0,4,0,1,0,0,0,0,1,1,6,1,31,6,1968,2,2,-1,-1,-1
201704ED17214,2,9,0,4,0,1,0,0,0,0,2,1,6,2,40,7,1398,1,6,1,1,1
201704ED17215,1,1,0,18,9,1,0,0,0,0,1,1,6,1,25,5,-1,-1,-1,2,1,2
201704ED17215,2,19,0,4,0,4,0,0,0,0,4,1,1,1,30,6,2402,2,12,7,3,7
201704ED17216,1,9,0,16,0,0,1,0,7,10,1,1,6,1,19,4,1242,1,15,4,1,4
201704ED17217,1,9,0,2,9,1,0,0,0,0,4,1,6,3,-1,-1,1398,1,1,-1,-1,-1
201704ED17218,1,1,0,5,0,1,0,0,0,0,1,1,6,2,21,5,-1,-1,-1,1,1,1
201704ED17218,2,9,0,18,0,1,0,0,7,0,1,1,6,2,54,8,1364,1,12,-1,-1,-1
201704ED17219,1,9,0,18,0,1,0,0,0,0,1,1,6,3,-1,-1,2295,1,20,-1,-1,-1
201704ED17219,2,19,0,18,0,1,0,0,0,0,2,1,6,1,45,7,2798,2,18,3,1,3
201704ED17220,1,9,0,17,0,0,1,0,1,0,1,1,6,1,16,4,1396,1,17,-1,-1,-1
201704ED17221,1,9,0,7,0,1,0,0,0,0,4,1,6,2,52,8,1598,1,10,7,1,7
201704ED17221,2,1,0,7,0,1,0,0,1,0,1,1,2,1,56,9,-1,-1,-1,4,1,4
201704ED17222,1,9,0,9,0,6,0,0,0,0,1,1,6,3,-1,-1,1910,2,12,-1,-1,-1
201704ED17222,2,9,0,18,0,1,0,0,0,0,3,1,6,1,77,11,1339,1,9,10,2,10
201704ED17222,3,9,0,18,0,1,0,0,0,0,3,1,6,1,34,6,2987,2,11,9,1,9
201704ED17223,1,9,0,5,0,4,0,0,0,0,1,1,6,3,-1,-1,1149,1,10,-1,-1,-1
201704ED17223,2,9,0,5,0,3,0,0,0,0,4,1,6,2,51,8,2993,2,12,-1,-1,-1
201704ED17224,1,9,0,18,0,0,0,4,0,0,1,1,6,1,75,10,1999,1,11,5,3,5
201704ED17224,2,9,0,2,0,0,0,4,0,0,2,1,6,3,-1,-1,2494,1,24,-1,-1,-1
201704ED17224,3,9,0,2,0,0,0,0,0,0,2,1,6,3,-1,-1,-1,-1,-1,-1,-1,-1
201704ED17225,1,9,0,18,0,1,1,0,0,0,1,1,6,1,32,6,1598,1,13,1,1,1
201704ED17225,2,9,0,3,0,2,0,0,0,0,1,1,6,1,26,6,1461,2,1,1,1,1
201704ED17225,3,9,0,2,0,1,0,0,0,0,1,1,6,3,-1,-1,2902,2,12,-1,-1,-1
201704ED17225,4,9,0,2,0,1,0,0,0,0,1,1,6,3,-1,-1,1364,1,9,-1,-1,-1
201704ED17226,1,9,0,18,0,0,0,0,0,0,1,1,6,2,38,7,1598,1,14,2,1,2
201704ED17226,2,9,0,18,0,0,0,0,0,0,1,1,6,1,49,8,1896,2,11,4,1,4
201704ED17227,1,5,0,17,0,0,1,0,1,0,1,1,6,1,27,6,645,1,2,2,1,2
201704ED17228,1,9,0,16,0,0,1,0,7,10,3,1,6,2,29,6,-1,-1,-1,3,1,3
201704ED17229,1,9,0,18,0,0,0,0,0,0,1,1,6,2,43,7,1796,1,11,5,1,5
201704ED17229,2,9,0,18,0,0,0,0,0,0,1,1,1,2,74,10,1364,2,4,2,1,2
201704ED17229,3,9,0,18,0,0,0,0,0,0,1,1,2,1,51,8,1596,1,11,9,1,9
201704ED17230,1,9,0,18,0,2,0,0,0,0,0,1,6,1,21,5,1299,1,13,1,1,1
201704ED17231,1,5,0,4,0,0,1,0,0,0,4,1,6,1,71,10,1165,1,15,-1,-1,-1
201704ED17231,2,9,0,4,0,0,0,0,0,0,2,1,6,2,64,9,1560,2,4,5,1,5
201704ED17232,1,9,0,9,0,8,0,0,0,0,1,1,6,2,28,6,1299,1,14,1,1,1
201704ED17232,2,9,0,18,0,8,0,0,0,0,3,1,6,2,43,7,1332,1,20,2,1,2
201704ED17233,1,5,0,16,0,0,5,0,7,0,0,1,6,1,47,8,645,1,2,3,1,3
201704ED17234,1,9,0,18,0,0,0,0,7,4,1,1,6,2,70,10,1596,1,15,10,1,10
201704ED17235,1,9,0,11,0,0,0,0,0,0,4,1,6,1,56,9,1598,2,1,1,1,1
201704ED17235,2,19,0,18,0,0,2,0,2,0,1,1,6,1,53,8,2494,2,13,3,1,3
201704ED17236,1,9,0,18,0,0,0,0,0,0,1,1,6,1,34,6,1560,2,7,5,1,5
201704ED17237,1,9,0,18,0,0,0,0,0,0,4,1,6,3,-1,-1,-1,-1,-1,-1,-1,-1
201704ED17237,2,1,0,18,0,0,0,0,1,0,3,1,2,1,15,3,-1,-1,-1,9,2,9
201704ED17238,1,9,0,9,0,8,0,0,0,0,4,1,6,2,20,4,1199,1,14,-1,-1,-1