Accident_Index,Vehicle_Reference,Vehicle_Type,Towing_and_Articulation,Vehicle_Manoeuvre,Vehicle_Location-Restricted_Lane,Junction_Location,Skidding_and_Overturning,Hit_Object_in_Carriageway,Vehicle_Leaving_Carriageway,Hit_Object_off_Carriageway,1st_Point_of_Impact,Was_Vehicle_Left_Hand_Drive?,Journey_Purpose_of_Driver,Sex_of_Driver,Age_of_Driver,Age_Band_of_Driver,Engine_Capacity_(CC),Propulsion_Code,Age_of_Vehicle,Driver_IMD_Decile,Driver_Home_Area_Type,Vehicle_IMD_Decile
201704ED17382,1,9,0,1,0,1,0,0,0,2,0,1,1,1,60,9,1497,1,12,1,1,1
201704ED17383,1,9,0,5,0,0,0,0,0,0,1,1,6,3,-1,-1,1360,1,14,-1,-1,-1
201704ED17384,1,9,0,18,0,1,0,10,8,2,1,1,6,1,27,6,1198,1,2,6,1,6
201704ED17384,2,9,0,10,0,1,0,0,0,0,2,1,6,2,51,8,1598,1,11,3,1,3
201704ED17385,1,9,0,5,0,0,0,0,0,0,4,1,6,1,33,6,1896,2,11,2,1,2
201704ED17385,2,8,0,18,0,0,0,0,0,0,4,1,1,1,58,9,2700,2,13,1,1,1
201704ED17386,1,9,0,9,0,8,0,0,0,0,4,1,6,1,52,8,-1,-1,-1,9,1,9
201704ED17386,2,5,0,17,0,1,0,0,0,0,1,1,6,1,53,8,599,1,16,3,1,3
201704ED17387,1,9,0,18,0,0,0,0,0,0,3,1,6,2,18,4,1240,1,11,9,2,9
201704ED17388,1,9,0,18,0,1,0,0,0,0,4,1,6,1,36,7,1461,2,4,3,1,3
201704ED17389,1,9,0,14,0,0,0,4,0,0,1,1,6,1,16,4,1896,2,10,-1,-1,-1
201704ED17389,2,9,0,2,0,0,0,0,0,0,1,1,6,3,-1,-1,1598,1,15,-1,-1,-1
201704ED17389,3,9,0,2,0,0,0,0,0,0,1,1,6,3,-1,-1,1242,1,12,-1,-1,-1
201704ED17390,1,9,0,18,0,8,0,0,0,0,1,1,3,1,64,9,1560,2,3,2,1,2
201704ED17391,1,21,1,9,0,8,0,0,0,0,1,1,1,1,72,10,12600,2,14,4,1,4
201704ED17391,2,1,0,18,0,8,0,0,0,0,1,1,2,1,30,6,-1,-1,-1,10,1,10
201704ED17392,1,9,0,18,0,1,0,0,0,0,4,1,6,1,23,5,-1,-1,-1,5,1,5
201704ED17393,1,8,0,5,0,1,0,0,0,0,4,1,1,1,37,7,1582,2,3,1,1,1
201704ED17394,1,9,0,1,0,0,0,0,0,0,1,1,6,1,57,9,1598,1,9,3,1,3
201704ED17394,2,9,0,4,0,0,0,0,0,0,1,1,1,1,49,8,1582,2,3,-1,-1,-1
201704ED17394,3,9,0,4,0,0,0,0,0,0,4,1,1,1,34,6,2993,2,1,-1,-1,-1
201704ED17395,1,9,0,17,0,0,2,10,1,2,1,1,6,2,44,7,1560,2,8,3,1,3
201704ED17396,1,9,0,9,0,0,0,0,0,0,1,1,6,1,37,7,1360,1,11,7,1,7
201704ED17396,2,5,0,18,0,0,1,0,0,0,1,1,6,1,53,8,1157,1,13,7,1,7
201704ED17397,1,9,0,18,0,1,0,0,7,0,1,1,6,1,31,6,1753,2,10,3,1,3
201704ED17397,2,9,0,9,0,6,0,0,0,0,0,1,6,3,-1,-1,1968,2,12,-1,-1,-1
201704ED17397,3,9,0,2,0,1,0,0,0,0,1,1,6,3,-1,-1,1086,1,11,-1,-1,-1
201704ED17397,4,9,0,2,0,1,0,0,0,0,2,1,6,3,-1,-1,-1,-1,-1,-1,-1,-1
201704ED17398,1,9,0,18,0,0,0,4,0,0,2,1,6,1,28,6,1399,2,14,2,1,2
201704ED17398,2,9,0,2,0,0,0,0,0,0,2,1,6,3,-1,-1,-1,-1,-1,-1,-1,-1
201704ED17398,3,9,0,2,9,0,0,0,0,0,2,1,6,3,-1,-1,998,1,5,-1,-1,-1
201704ED17399,1,9,0,4,0,0,0,0,0,0,1,1,6,3,-1,-1,-1,-1,-1,-1,-1,-1
201704ED17400,1,9,0,17,0,1,0,0,3,1,1,1,6,2,86,11,1229,1,1,2,1,2
201704ED17401,1,9,0,9,0,8,0,0,1,10,1,1,6,1,21,5,998,1,11,2,1,2
201704ED17401,2,9,0,18,0,8,0,0,1,10,1,1,6,1,36,7,1995,2,5,1,1,1
201704ED17402,1,90,0,5,0,4,0,0,0,0,3,2,1,1,62,9,6000,2,25,9,3,9
201704ED17402,2,9,0,5,0,4,0,0,0,0,4,1,2,1,37,7,2993,2,9,8,3,8
201704ED17403,1,9,0,18,0,0,0,0,0,0,1,1,6,1,86,11,998,1,6,2,1,2
201704ED17403,2,9,0,2,0,0,0,0,0,0,2,1,6,2,30,6,1598,1,8,2,1,2
201704ED17404,1,9,0,9,0,8,0,0,0,0,1,1,6,2,19,4,1242,1,10,2,2,2
201704ED17404,2,9,0,18,0,8,0,0,0,0,1,1,6,1,20,4,1910,2,8,7,1,7
201704ED17405,1,9,0,4,0,1,0,0,0,0,2,1,2,2,29,6,-1,-1,-1,1,1,1
201704ED17405,2,9,0,7,0,8,0,0,0,0,1,1,6,3,-1,-1,2143,2,2,-1,-1,-1
201704ED17406,1,9,0,18,0,1,0,0,0,0,1,1,6,2,75,10,1229,1,3,7,1,7
201704ED17407,1,9,0,9,0,1,0,0,0,0,1,1,6,2,59,9,1329,1,3,2,1,2
201704ED17407,2,9,0,18,0,1,0,0,0,0,1,1,6,1,32,6,1248,2,10,1,1,1
201704ED17408,1,9,0,5,0,1,0,0,0,0,1,1,2,1,22,5,1796,1,15,-1,-1,-1
201704ED17408,2,9,0,18,0,1,0,0,0,0,4,1,6,1,44,7,1794,1,10,3,1,3
201704ED17408,3,9,0,2,0,2,0,0,0,0,2,1,6,3,-1,-1,1995,2,-1,-1,-1,-1
201704ED17408,4,9,0,2,0,2,0,0,0,0,2,1,6,3,-1,-1,1968,2,10,-1,-1,-1
201704ED17409,1,9,0,18,0,0,1,0,0,0,1,1,6,1,49,8,2157,2,1,1,1,1
201704ED17409,2,9,0,1,9,0,0,0,0,0,2,1,6,1,-1,-1,1598,2,3,1,1,1
201704ED17410,1,9,0,18,0,0,0,0,0,0,1,1,6,1,29,6,1995,1,11,9,1,9
201704ED17410,2,9,0,18,0,0,0,0,0,0,1,1,1,2,30,6,1596,1,8,3,1,3
201704ED17411,1,4,0,18,0,8,1,0,0,0,1,1,6,1,25,5,124,1,8,1,1,1
201704ED17411,2,17,0,5,0,2,0,0,0,0,1,1,1,1,64,9,-1,2,26,-1,-1,-1
201704ED17412,1,9,0,18,0,0,0,0,0,0,1,1,6,2,37,7,1197,1,3,2,1,2
201704ED17413,1,9,0,4,0,1,1,0,0,0,1,1,6,2,25,5,1124,1,13,2,1,2
201704ED17413,2,9,0,3,0,1,0,0,0,0,2,1,6,2,34,6,2231,2,6,4,1,4
201704ED17413,3,9,0,3,0,1,0,0,0,0,2,1,6,1,43,7,1591,1,1,10,1,10
201704ED17414,1,3,0,13,0,1,0,0,0,0,4,1,6,1,25,5,125,1,2,2,1,2
201704ED17414,2,9,0,5,0,2,0,0,0,0,1,1,6,2,25,5,1499,2,2,-1,-1,-1
201704ED17415,1,9,0,18,0,1,0,0,0,2,1,1,6,2,36,7,1124,1,13,2,1,2
201704ED17415,2,9,0,16,0,1,0,0,0,0,0,1,6,1,49,8,-1,-1,-1,5,1,5
201704ED17416,1,9,0,4,0,1,0,0,0,0,1,1,6,1,45,7,2776,2,10,8,3,8
201704ED17416,2,9,0,4,0,1,0,0,0,0,2,1,6,1,41,7,-1,-1,-1,1,1,1
201704ED17416,3,9,0,5,0,6,0,0,0,0,3,1,6,2,58,9,1299,1,14,2,1,2
201704ED17417,1,8,0,18,0,6,0,0,0,0,1,1,1,1,57,9,1910,2,10,1,1,1
201704ED17418,1,9,0,9,0,6,0,0,0,0,1,1,6,1,25,5,2000,2,13,2,1,2
201704ED17418,2,9,0,14,0,1,0,0,0,0,1,1,6,2,45,7,2495,2,16,-1,-1,-1
201704ED17419,1,9,0,18,0,0,0,0,7,2,2,1,6,1,59,9,2148,2,10,1,1,1
201704ED17420,1,9,0,18,0,1,0,0,0,0,4,1,6,3,-1,-1,-1,-1,-1,-1,-1,-1
201704ED17421,1,9,0,18,0,0,0,0,0,0,1,1,6,1,63,9,1999,2,1,9,1,9
201704ED17422,1,19,0,4,0,0,0,0,0,0,4,1,1,1,33,6,1598,2,2,2,1,2
201704ED17422,2,5,0,18,0,0,0,0,0,0,1,1,6,1,28,6,599,1,12,-1,-1,-1
201704ED17423,1,9,0,18,0,0,1,0,0,0,1,1,6,2,38,7,1598,2,6,8,2,8
201704ED17423,2,9,0,18,0,0,0,0,0,0,1,1,6,2,41,7,1560,2,1,9,2,9
201704ED17425,1,9,0,12,0,0,0,0,0,0,0,1,6,3,-1,-1,-1,-1,-1,-1,-1,-1
201704ED17425,2,9,0,4,0,0,0,0,0,0,0,1,6,2,27,6,2000,2,8,5,1,5
201704ED17425,3,9,0,4,0,0,1,0,0,0,3,1,6,2,29,6,1968,2,9,1,1,1
201704ED17425,4,19,0,4,0,0,0,0,0,0,4,1,6,1,64,9,1870,2,12,5,1,5
201704ED17426,1,9,0,18,0,0,0,0,0,0,1,1,6,1,26,6,1388,1,9,3,1,3
201704ED17426,2,9,0,4,0,0,0,0,0,0,2,1,6,2,32,6,1242,1,3,6,1,6
201704ED17426,3,9,0,3,0,0,0,0,0,0,2,1,6,1,60,9,1598,2,7,4,1,4
201704ED17427,1,9,0,16,0,2,0,0,1,4,3,1,6,1,30,6,1199,1,13,3,1,3
201704ED17428,1,9,0,18,0,0,0,0,0,0,1,1,6,1,24,5,1910,2,10,1,1,1
201704ED17428,2,1,0,18,0,0,5,0,0,0,3,1,6,1,10,2,-1,-1,-1,-1,-1,-1
201704ED17429,1,9,0,18,0,1,0,0,0,0,1,1,6,2,61,9,1197,1,2,1,1,1
201704ED17430,1,9,0,17,0,0,1,0,1,0,4,1,6,3,-1,-1,-1,-1,-1,-1,-1,-1
201704ED17430,2,9,0,18,0,0,0,0,0,0,0,1,1,1,31,6,2993,2,1,-1,-1,-1
201704ED17431,1,9,0,9,0,4,0,0,0,0,2,1,6,3,-1,-1,-1,-1,-1,-1,-1,-1
201704ED17431,2,9,0,9,0,3,0,0,0,0,1,1,6,1,29,6,2698,2,7,3,1,3
201704ED17432,1,9,0,18,0,1,0,0,0,0,1,1,1,1,38,7,1968,2,6,3,1,3
201704ED17433,1,9,0,18,0,8,0,0,0,0,1,1,6,2,45,7,998,1,11,1,1,1
201704ED17434,1,9,0,17,0,0,1,0,0,0,1,1,6,1,25,5,1364,1,11,1,1,1
201704ED17434,2,9,0,16,0,0,0,0,0,0,3,2,6,1,39,7,1968,2,3,1,1,1
201704ED17435,1,9,0,7,0,1,0,0,0,0,3,1,6,1,31,6,2987,2,9,-1,-1,-1
201704ED17435,2,9,0,9,0,3,0,0,0,0,3,1,6,2,39,7,1296,1,11,2,1,2
201704ED17436,1,9,0,18,0,2,0,0,0,0,3,1,6,1,19,4,1598,1,10,3,1,3
201704ED17436,2,9,0,18,0,1,0,0,0,0,1,1,6,2,56,9,998,1,-1,3,1,3
201704ED17437,1,9,0,7,0,2,0,0,0,0,1,1,2,1,27,6,1422,2,13,5,1,5
201704ED17437,2,1,0,18,0,1,0,0,0,0,2,1,2,1,50,8,-1,-1,-1,9,1,9
201704ED17438,1,9,0,7,0,3,0,0,0,0,1,1,3,2,48,8,1329,1,8,2,1,2
201704ED17438,2,9,0,3,0,1,0,0,0,0,3,1,3,2,48,8,1796,1,17,3,1,3
201704ED17439,1,9,0,18,0,0,0,0,0,0,1,1,6,1,47,8,-1,-1,-1,8,2,8
201704ED17440,1,19,0,18,0,0,0,0,0,0,1,1,1,1,53,8,2143,2,1,1,1,1
201704ED17440,2,21,0,18,0,0,0,0,0,0,1,1,1,1,46,8,10837,2,-1,1,1,1
201704ED17441,1,9,0,9,0,8,0,0,0,0,4,1,2,1,27,6,1596,1,6,2,1,2
201704ED17441,2,9,0,10,0,1,0,0,0,0,1,1,2,1,40,7,2183,2,7,9,1,9
201704ED17442,1,9,0,18,0,1,0,0,0,0,1,1,6,1,38,7,1349,1,13,1,1,1
201704ED17442,2,9,0,10,0,1,0,0,0,0,2,1,6,2,55,8,1398,2,5,9,1,9
201704ED17443,1,9,0,7,0,4,0,0,0,0,3,1,1,1,34,6,2993,2,3,8,1,8
201704ED17443,2,1,0,18,0,2,0,0,0,0,4,1,2,1,44,7,-1,-1,-1,1,1,1
201704ED17444,1,9,0,4,0,1,0,0,0,0,2,1,6,1,34,6,999,1,2,5,1,5
201704ED17444,2,9,0,18,0,1,0,0,0,0,2,1,6,1,41,7,1998,2,13,1,1,1
201704ED17445,1,9,0,18,0,0,0,0,0,0,1,1,1,1,26,6,1968,2,7,-1,-1,-1
201704ED17445,2,9,0,18,0,0,0,0,0,0,3,1,1,1,61,9,3200,2,11,-1,-1,-1
201704ED17446,1,9,0,7,0,1,1,0,3,2,1,1,2,2,18,4,1399,2,8,1,1,1
201704ED17447,1,9,0,4,0,8,0,0,0,0,1,1,6,2,30,6,1560,2,5,-1,-1,-1
201704ED17447,2,9,0,3,2,8,0,0,0,0,2,1,6,1,52,8,1598,1,13,-1,-1,-1
201704ED17448,1,9,0,3,0,0,0,0,0,0,2,1,2,1,49,8,1399,2,14,3,2,3
201704ED17448,2,9,0,4,0,0,0,0,0,0,1,1,2,2,39,7,1910,2,11,3,1,3
201704ED17449,1,9,0,18,0,0,0,0,0,0,1,1,6,1,33,6,1896,2,13,1,1,1
201704ED17449,2,9,0,2,0,0,0,0,0,0,2,1,6,3,-1,-1,1995,1,9,-1,-1,-1
201704ED17449,3,9,0,2,0,0,0,0,0,0,2,1,6,3,-1,-1,1598,1,11,-1,-1,-1
201704ED17450,1,9,0,3,0,1,0,0,0,0,1,1,6,1,20,4,1198,1,10,2,2,2
201704ED17450,2,9,0,3,0,1,0,0,0,0,2,1,6,1,20,4,1598,1,13,9,2,9
201704ED17450,3,9,0,3,0,1,0,0,0,0,2,1,6,1,37,7,1686,2,7,-1,-1,-1
201704ED17450,4,9,0,3,0,1,0,0,0,0,2,1,6,1,56,9,1686,2,16,3,1,3
201704ED17451,1,19,0,18,0,0,2,0,0,0,1,1,2,1,55,8,1560,2,9,-1,-1,-1
201704ED17451,2,9,0,4,0,0,0,0,1,7,2,1,2,2,22,5,1242,1,4,5,2,5
201704ED17451,3,9,0,18,0,0,0,0,0,0,4,1,6,1,60,9,1998,1,11,5,1,5
201704ED17451,4,9,0,18,0,0,0,0,0,0,2,1,6,1,30,6,1364,1,10,2,1,2
201704ED17451,5,9,0,18,0,0,0,0,0,0,0,1,6,2,25,5,998,1,6,7,1,7
201704ED17452,1,9,0,18,0,1,0,0,0,0,1,1,6,2,36,7,1560,2,7,1,1,1
201704ED17452,2,9,0,18,0,1,0,0,0,0,1,1,6,1,19,4,973,1,16,6,1,6
201704ED17453,1,9,0,7,0,5,0,0,1,1,1,1,6,1,70,10,1596,1,8,10,1,10
201704ED17454,1,3,0,7,0,1,0,0,0,7,4,1,6,1,23,5,125,1,-1,2,1,2
201704ED17455,1,9,0,18,0,0,0,0,0,0,1,1,6,1,32,6,2980,2,20,1,1,1
201704ED17456,1,9,0,9,0,1,0,0,0,0,2,1,3,1,32,6,1968,2,8,1,1,1
201704ED17456,2,1,0,12,0,1,0,0,0,0,1,1,6,1,34,6,-1,-1,-1,-1,-1,-1
201704ED17457,1,9,0,3,0,0,1,0,0,0,2,1,2,2,29,6,2000,1,12,-1,-1,-1
201704ED17457,2,9,0,3,0,0,1,0,0,0,2,1,6,2,20,4,1200,1,2,-1,-1,-1
201704ED17458,1,9,0,16,0,0,1,0,0,0,1,1,6,1,24,5,1363,2,12,1,1,1
201704ED17458,2,9,0,18,0,0,0,0,0,0,1,1,6,2,20,4,998,1,6,9,1,9
201704ED17459,1,9,0,18,0,0,0,0,0,0,1,1,6,1,55,8,1598,1,15,1,1,1
201704ED17460,1,9,0,18,0,1,1,0,3,10,1,1,6,1,27,6,2148,2,15,1,1,1
201704ED17461,1,9,0,17,0,0,0,4,0,0,1,1,2,1,36,7,1991,8,-1,10,3,10
201704ED17461,2,20,0,2,0,0,0,0,0,0,2,1,1,1,36,7,2999,2,5,2,1,2
201704ED17462,1,9,0,16,0,0,0,0,0,0,1,1,1,1,29,6,1332,1,19,1,1,1
201704ED17462,2,9,0,18,0,0,0,0,0,0,1,1,2,1,67,10,-1,-1,-1,4,3,4
201704ED17463,1,8,0,3,0,0,0,0,0,1,2,1,1,1,42,7,1598,1,7,6,1,6
201704ED17463,2,9,0,4,0,0,1,0,0,0,1,1,2,1,23,5,998,1,2,1,1,1
201704ED17464,1,9,0,5,0,1,0,0,0,0,1,1,6,2,62,9,1364,1,2,1,1,1
201704ED17464,2,1,0,18,0,1,0,0,0,0,1,1,6,1,18,4,-1,-1,-1,5,1,5
201704ED17465,1,9,0,7,0,8,0,0,0,0,1,1,1,1,53,8,1598,2,1,4,1,4
201704ED17466,1,9,0,16,0,0,1,0,2,0,1,1,3,2,36,7,1242,1,13,1,1,1
201704ED17467,1,9,0,9,0,6,0,0,0,0,1,1,6,1,36,7,1896,2,15,-1,-1,-1
201704ED17468,1,9,0,18,0,0,1,0,0,0,4,1,6,1,44,7,1560,2,13,-1,-1,-1
201704ED17468,2,9,0,4,0,0,0,0,2,0,3,1,6,2,54,8,1499,1,3,-1,-1,-1
201704ED17468,3,9,0,4,0,0,0,0,0,0,2,1,6,1,40,7,1598,1,11,-1,-1,-1
201704ED17469,1,9,0,1,0,0,0,0,0,10,3,1,6,1,78,11,-1,-1,-1,3,1,3
201704ED17470,1,9,0,3,0,1,0,0,1,0,2,1,6,1,60,9,1910,2,8,3,1,3
201704ED17470,2,9,0,3,0,1,0,0,0,0,1,1,6,1,44,7,2720,2,11,10,2,10
201704ED17471,1,9,0,3,0,1,0,0,0,0,3,1,6,1,32,6,1968,2,8,1,1,1
201704ED17471,2,9,0,1,0,6,0,0,0,0,4,1,6,2,62,9,1364,1,11,1,1,1
201704ED17472,1,9,0,5,0,0,0,0,0,0,1,1,6,1,75,10,1248,1,1,5,1,5
201704ED17473,1,9,0,18,0,0,0,7,0,0,1,1,6,1,78,11,1896,1,18,2,1,2
201704ED17475,1,9,0,18,0,0,0,0,7,10,3,1,6,1,67,10,1598,1,-1,4,1,4
201704ED17476,1,9,0,4,0,0,0,0,0,0,1,1,2,1,33,6,2967,1,7,8,1,8
201704ED17477,1,9,0,9,0,8,0,0,0,0,1,1,6,2,25,5,1397,1,10,-1,-1,-1
201704ED17477,2,9,0,18,0,8,0,0,0,0,1,1,6,2,24,5,1229,1,9,-1,-1,-1
201704ED17478,1,9,0,5,0,1,0,0,0,0,1,1,6,3,-1,-1,-1,-1,-1,-1,-1,-1
201704ED17479,1,9,0,18,0,7,0,0,0,0,1,1,6,1,33,6,-1,-1,-1,4,1,4
201704ED17479,2,9,0,4,0,1,0,0,0,0,2,1,6,2,46,8,1968,2,8,10,3,10
201704ED17480,1,9,0,12,0,0,0,0,0,0,0,1,6,1,23,5,1968,2,-1,10,2,10
201704ED17480,2,9,0,18,0,0,0,10,0,10,3,1,2,1,36,7,2993,2,9,7,1,7
201704ED17481,1,9,0,5,0,8,0,0,0,0,1,1,2,1,30,6,1242,1,8,7,1,7
201704ED17482,1,8,0,4,0,0,0,0,0,0,1,1,1,1,24,5,1995,2,7,1,1,1
201704ED17483,1,9,0,5,0,0,0,0,0,0,1,1,6,1,25,5,2143,2,7,1,1,1
201704ED17483,2,9,0,18,0,0,0,0,0,0,1,1,6,2,19,4,1595,2,7,3,1,3
201704ED17484,1,9,0,5,0,2,0,0,0,0,1,1,2,1,38,7,2100,2,11,5,1,5
201704ED17485,1,9,0,18,0,1,0,0,0,0,4,1,6,2,29,6,999,1,1,5,1,5
201704ED17486,1,9,0,17,0,0,0,10,8,10,4,1,6,1,19,4,1995,1,14,-1,-1,-1
201704ED17487,1,10,0,4,0,3,0,0,0,0,1,1,3,1,40,7,-1,-1,-1,4,1,4
201704ED17487,2,9,0,4,0,3,0,0,0,0,2,1,6,2,36,7,1598,1,10,-1,-1,-1
201704ED17488,1,9,0,18,0,0,1,0,0,0,0,1,6,1,67,10,1590,1,15,1,1,1
201704ED17489,1,8,0,15,0,0,0,4,0,0,1,1,6,1,31,6,1896,2,12,-1,-1,-1
201704ED17489,2,19,0,2,0,0,0,0,0,0,2,1,6,3,-1,-1,2198,2,7,-1,-1,-1
201704ED17490,1,9,0,5,0,0,0,0,0,0,0,1,6,1,68,10,1997,2,15,3,1,3
201704ED17491,1,9,0,9,0,1,0,0,0,0,3,1,6,1,27,6,1582,2,2,2,1,2
201704ED17491,2,3,0,14,0,1,0,0,0,0,1,1,6,1,27,6,125,1,-1,7,1,7
201704ED17492,1,9,0,18,0,0,1,0,0,0,3,1,6,3,-1,-1,1061,1,12,-1,-1,-1
201704ED17492,2,9,0,3,0,0,0,0,0,0,3,1,6,1,61,9,2720,2,9,-1,-1,-1
201704ED17493,1,9,0,7,0,3,0,0,0,0,1,1,1,1,35,6,1248,1,8,-1,-1,-1
201704ED17494,1,9,0,16,0,8,0,0,0,0,4,1,6,3,-1,-1,2200,2,23,-1,-1,-1
201704ED17494,2,9,0,9,0,8,0,0,0,0,2,1,6,2,38,7,1956,2,3,1,1,1
201704ED17495,1,9,0,9,0,8,0,0,0,0,1,1,6,1,50,8,1968,2,11,-1,-1,-1
201704ED17495,2,9,0,18,0,8,0,0,0,0,1,1,1,1,40,7,999,1,1,-1,-1,-1
201704ED17496,1,9,0,9,0,2,0,0,0,0,0,1,6,2,25,5,1248,2,11,2,1,2
201704ED17497,1,3,0,18,0,1,0,0,0,0,1,1,6,2,28,6,124,1,13,1,1,1
201704ED17497,2,9,0,9,0,2,0,0,0,0,3,1,2,1,51,8,1796,1,7,9,1,9
201704ED17498,1,9,0,18,0,0,1,0,1,7,1,1,1,1,31,6,-1,-1,-1,1,1,1
201704ED17499,1,8,0,18,0,1,0,0,0,0,1,1,1,1,75,10,1997,2,14,1,1,1
201704ED17499,2,8,0,9,0,1,0,0,0,0,1,1,1,1,62,9,1956,2,2,1,1,1
201704ED17500,1,9,0,9,0,6,0,0,0,0,1,1,6,1,-1,-1,1199,1,14,-1,-1,-1
201704ED17500,2,9,0,9,0,1,0,0,0,0,0,1,1,1,46,8,2993,2,3,-1,-1,-1
201704ED17500,3,9,0,18,0,8,0,0,0,0,1,1,6,1,54,8,999,1,-1,-1,-1,-1
201704ED17501,1,9,0,14,0,1,0,0,0,0,1,1,2,1,33,6,1329,1,7,8,1,8
201704ED17501,2,9,0,3,0,1,0,0,0,0,0,1,2,2,27,6,1596,1,10,3,1,3
201704ED17501,3,9,0,7,0,2,0,0,0,0,1,1,6,2,39,7,998,1,16,2,1,2
201704ED17502,1,9,0,18,0,0,1,0,0,0,1,1,6,1,26,6,2099,2,10,1,1,1
201704ED17502,2,9,0,4,0,0,1,0,0,0,2,1,6,2,18,4,1000,1,4,5,1,5
201704ED17503,1,9,0,3,0,1,0,0,0,0,2,1,3,1,52,8,999,1,-1,4,1,4
201704ED17503,2,9,0,4,0,1,0,0,0,0,1,1,6,2,26,6,1198,1,10,6,1,6
201704ED17504,1,9,0,16,0,0,0,0,0,0,1,1,6,3,-1,-1,1800,1,17,-1,-1,-1
201704ED17504,2,9,0,18,0,0,0,0,0,0,3,1,6,1,29,6,1995,1,9,1,1,1
201704ED17505,1,9,0,18,0,1,1,0,0,0,1,1,6,1,27,6,1896,2,15,1,1,1
201704ED17505,2,9,0,3,0,1,0,0,0,0,2,1,6,2,36,7,1995,2,10,1,1,1
201704ED17506,1,9,0,18,0,0,0,0,0,0,1,1,6,1,40,7,1560,2,6,7,1,7
201704ED17506,2,9,0,18,0,0,0,0,0,0,2,1,6,1,47,8,1686,2,5,3,1,3
201704ED17507,1,9,0,9,0,1,0,0,0,0,1,1,6,1,39,7,1896,2,14,-1,-1,-1
201704ED17508,1,9,0,18,0,0,0,0,0,0,1,1,6,2,51,8,1968,2,6,5,1,5
201704ED17508,2,19,0,18,0,0,0,0,1,0,1,1,1,1,52,8,1399,2,6,2,2,2
201704ED17509,1,19,0,18,0,0,0,0,0,0,4,1,2,3,-1,-1,2148,2,8,-1,-1,-1
201704ED17509,2,9,0,18,0,0,0,0,0,0,3,1,2,2,45,7,1995,2,12,8,2,8
201704ED17510,1,9,0,9,0,4,0,0,0,0,1,1,6,2,26,6,998,1,6,1,1,1
201704ED17510,2,9,0,18,0,1,0,0,0,0,3,1,6,1,50,8,1596,1,10,4,1,4
201704ED17511,1,9,0,9,0,8,0,0,0,0,1,1,6,3,-1,-1,-1,-1,-1,-1,-1,-1
201704ED17512,1,9,0,5,0,6,0,0,0,0,1,1,6,1,65,9,1328,1,11,-1,-1,-1
201704ED17512,2,9,0,18,0,8,0,0,0,0,2,1,6,1,29,6,1995,2,8,-1,-1,-1
201704ED17512,3,90,0,18,0,8,0,0,0,0,3,1,1,1,48,8,-1,-1,-1,-1,-1,-1
201704ED17513,1,9,0,18,0,8,0,0,0,0,1,1,6,1,31,6,1199,1,14,1,1,1
201704ED17513,2,9,0,18,0,1,0,0,0,0,0,1,1,1,46,8,2993,2,3,-1,-1,-1
201704ED17514,1,9,0,8,0,1,0,0,0,0,1,1,6,3,-1,-1,2616,1,13,-1,-1,-1
201704ED17514,2,8,0,7,0,5,0,0,0,0,1,1,6,1,62,9,1995,2,13,-1,-1,-1
201704ED17515,1,2,0,17,0,0,1,0,0,0,3,1,6,1,22,5,125,1,1,-1,-1,-1
201704ED17516,1,9,0,9,0,1,0,0,0,0,4,1,6,1,77,11,1997,1,4,10,1,10
201704ED17516,2,9,0,18,0,1,0,0,0,0,1,1,6,2,27,6,1685,2,3,6,1,6
201704ED17517,1,9,0,18,0,4,0,0,0,0,1,1,6,1,24,5,1598,2,1,-1,-1,-1
201704ED17517,2,9,0,9,0,3,0,0,0,1,3,1,6,2,44,7,1995,2,9,4,1,4
201704ED17518,1,9,0,1,0,8,0,0,0,0,2,1,6,3,-1,-1,-1,-1,-1,-1,-1,-1
201704ED17518,2,9,0,2,0,1,0,0,0,0,1,1,1,1,-1,-1,2993,2,2,-1,-1,-1
201704ED17519,1,9,0,18,0,1,0,0,0,0,1,1,6,1,74,10,1242,1,3,-1,-1,-1
201704ED17519,2,1,0,18,0,1,0,0,0,0,1,1,6,1,15,3,-1,-1,-1,-1,-1,-1
201704ED17520,1,9,0,18,0,1,0,0,0,0,1,1,6,3,-1,-1,-1,-1,-1,-1,-1,-1
201704ED17521,1,9,0,1,0,0,0,0,0,0,2,1,6,1,38,7,2926,2,14,8,1,8
201704ED17522,1,9,0,9,0,1,0,0,0,0,1,1,1,1,51,8,1794,1,14,-1,-1,-1
201704ED17522,2,1,0,10,0,1,0,0,0,0,4,1,2,1,52,8,-1,-1,-1,5,1,5
201704ED17523,1,9,0,17,0,0,1,0,0,0,1,1,2,1,29,6,998,1,7,1,1,1
201704ED17523,2,9,0,16,0,0,0,0,1,0,1,1,6,1,29,6,1995,1,11,4,1,4
201704ED17524,1,9,0,10,0,0,0,0,0,0,1,1,1,3,-1,-1,-1,-1,-1,-1,-1,-1
201704ED17524,2,9,0,3,0,0,0,0,0,0,1,1,6,3,-1,-1,-1,-1,-1,-1,-1,-1
201704ED17525,1,19,0,5,0,6,0,0,0,0,3,1,1,1,48,8,1560,2,2,8,1,8
201704ED17526,1,9,0,18,0,0,1,0,0,0,1,1,2,2,27,6,1229,1,8,2,1,2
201704ED17526,2,21,1,2,6,0,0,0,0,0,2,1,1,1,-1,-1,10518,2,11,-1,-1,-1
201704ED17527,1,9,0,18,0,1,0,0,0,0,1,1,6,1,21,5,1598,2,-1,1,1,1
201704ED17527,2,9,0,18,0,1,0,0,0,0,2,1,6,2,-1,-1,1339,1,11,4,1,4
201704ED17528,1,10,0,1,0,1,0,0,0,0,2,1,1,1,41,7,1998,2,11,1,1,1
201704ED17529,1,9,0,18,0,4,0,0,0,0,0,1,6,1,48,8,1995,2,7,-1,-1,-1
201704ED17529,2,9,0,5,0,4,0,0,0,0,1,1,6,1,30,6,1968,2,2,-1,-1,-1