Accident_Index,Vehicle_Reference,Vehicle_Type,Towing_and_Articulation,Vehicle_Manoeuvre,Vehicle_Location-Restricted_Lane,Junction_Location,Skidding_and_Overturning,Hit_Object_in_Carriageway,Vehicle_Leaving_Carriageway,Hit_Object_off_Carriageway,1st_Point_of_Impact,Was_Vehicle_Left_Hand_Drive?,Journey_Purpose_of_Driver,Sex_of_Driver,Age_of_Driver,Age_Band_of_Driver,Engine_Capacity_(CC),Propulsion_Code,Age_of_Vehicle,Driver_IMD_Decile,Driver_Home_Area_Type,Vehicle_IMD_Decile
201704ED17530,1,9,0,5,0,1,0,0,3,0,1,1,6,2,81,11,1497,1,16,-1,-1,-1
201704ED17530,2,9,0,17,0,1,0,0,0,0,1,1,6,2,48,8,1461,2,1,9,1,9
201704ED17531,1,11,0,18,0,0,0,0,0,0,1,1,3,1,66,10,-1,-1,-1,1,1,1
201704ED17531,2,9,0,18,0,0,0,0,0,0,2,1,6,3,-1,-1,-1,-1,-1,-1,-1,-1
201704ED17533,1,9,0,18,0,2,0,0,0,0,1,1,1,3,66,10,1896,2,14,-1,-1,-1
201704ED17533,2,9,0,18,0,8,0,0,0,0,3,1,6,2,37,7,1242,1,5,-1,-1,-1
201704ED17534,1,9,0,5,0,1,0,0,0,0,4,1,6,1,66,10,1242,1,14,3,1,3
201704ED17534,2,9,0,5,0,1,0,0,0,0,3,1,6,1,43,7,1910,2,10,-1,-1,-1
201704EF17001,1,9,0,16,0,0,0,0,0,0,1,1,6,1,26,6,1998,1,19,6,3,6
201704EF17001,2,9,0,18,0,0,0,0,0,0,3,1,6,1,49,8,1388,1,11,7,2,7
201704EF17002,1,9,0,17,0,8,0,0,0,0,1,1,6,1,86,11,1991,2,11,4,1,4
201704EF17002,2,9,0,3,0,8,0,0,0,0,2,1,6,1,47,8,1339,1,12,8,1,8
201704EF17003,1,9,0,18,0,3,0,0,0,0,4,1,2,2,28,6,1242,1,12,1,1,1
201704EF17003,2,9,0,18,0,4,0,0,0,0,1,1,1,1,60,9,1968,2,5,1,1,1
201704EF17004,1,5,0,18,0,4,2,0,7,0,1,1,6,1,30,6,645,1,13,5,1,5
201704EF17005,1,3,0,5,0,6,1,0,0,0,1,1,6,1,18,4,124,1,5,5,3,5
201704EF17005,2,9,0,5,8,6,0,0,0,0,3,1,6,3,-1,-1,1995,2,3,-1,-1,-1
201704EF17006,1,9,0,18,0,4,1,0,5,0,1,1,6,2,43,7,1956,2,7,1,1,1
201704EF17006,2,9,0,18,0,4,0,0,7,0,4,1,6,1,20,4,1598,2,1,1,1,1
201704EF17007,1,9,0,18,0,0,0,0,4,6,1,1,6,1,26,6,1398,1,14,2,1,2
201704EF17008,1,9,0,18,0,1,1,0,0,0,1,1,2,1,26,6,1242,1,11,10,1,10
201704EF17008,2,9,0,4,0,1,0,0,0,0,2,1,2,1,51,8,1998,8,1,9,1,9
201704EF17009,1,9,0,18,0,8,0,0,0,0,1,1,1,2,21,5,1360,1,10,3,1,3
201704EF17009,2,9,0,18,0,8,0,0,0,0,3,1,6,2,26,6,998,1,2,1,1,1
201704EF17010,1,9,0,18,0,0,0,0,0,0,2,1,6,2,58,9,1798,1,12,1,1,1
201704EF17010,2,9,0,18,0,0,0,0,0,0,1,1,6,3,-1,-1,-1,-1,-1,-1,-1,-1
201704EF17011,1,9,0,17,0,8,0,7,1,7,1,1,6,1,37,7,1997,1,5,1,1,1
201704EF17011,2,9,0,17,0,8,0,0,7,0,4,1,6,1,38,7,1896,2,8,4,2,4
201704EF17012,1,9,0,18,0,1,0,0,0,0,3,1,6,1,44,7,998,1,2,5,1,5
201704EF17012,2,9,0,17,0,1,0,0,0,0,3,1,6,2,62,9,1598,2,6,7,3,7
201704EF17013,1,9,0,9,0,5,0,0,0,0,1,1,6,1,64,9,1386,1,9,3,1,3
201704EF17014,1,20,0,18,0,0,0,0,0,0,2,1,2,1,60,9,-1,-1,-1,-1,-1,-1
201704EF17014,2,9,0,18,0,0,0,0,0,0,1,1,6,2,22,5,1242,1,10,7,1,7
201704EF17015,1,9,0,9,0,8,0,0,0,0,3,1,6,2,57,9,1798,1,5,2,1,2
201704EF17015,2,9,0,18,0,8,0,0,0,0,1,1,6,2,46,8,999,1,2,2,1,2
201704EF17016,1,9,0,5,0,1,0,0,0,0,1,1,6,1,28,6,1910,2,10,1,1,1
201704EF17018,1,9,0,5,0,1,0,0,0,0,2,1,2,2,58,9,1339,1,6,9,1,9
201704EF17018,2,1,0,18,0,1,5,0,0,0,1,1,6,1,25,5,-1,-1,-1,-1,-1,-1
201704EF17019,1,9,0,18,0,8,1,9,7,10,1,1,6,1,34,6,2497,2,18,1,1,1
201704EF17019,2,9,0,18,0,1,0,0,0,0,1,1,6,1,53,8,2400,2,5,9,3,9
201704EF17021,1,90,0,6,0,0,0,0,0,0,4,1,1,1,33,6,-1,-1,-1,3,1,3
201704EF17021,2,9,0,18,0,0,0,0,0,0,4,1,6,1,57,9,1248,7,4,6,1,6
201704EF17022,1,9,0,5,0,6,0,0,0,0,1,1,6,2,18,4,-1,-1,-1,3,1,3
201704EF17022,2,21,0,18,0,8,0,0,0,0,0,1,1,1,56,9,10518,2,4,4,1,4
201704EF17023,1,9,0,9,0,8,1,0,0,0,1,1,2,1,24,5,-1,-1,-1,2,1,2
201704EF17024,1,9,0,9,0,2,0,0,0,0,3,1,2,1,25,5,1198,1,14,1,1,1
201704EF17024,2,9,0,18,0,8,0,0,0,0,0,1,6,1,27,6,1995,2,8,3,1,3
201704EF17025,1,9,0,16,0,2,1,0,0,0,1,1,6,1,21,5,1124,1,14,10,2,10
201704EF17025,2,9,0,18,0,1,0,0,0,0,1,1,6,1,28,6,1149,1,15,-1,-1,-1
201704EF17026,1,1,0,14,0,8,1,0,0,0,1,1,6,1,29,6,-1,-1,-1,-1,-1,-1
201704EF17026,2,9,0,4,0,1,0,0,0,0,4,1,6,2,55,8,1390,1,7,7,2,7
201704EF17027,1,8,0,6,0,8,0,0,0,0,1,1,1,1,34,6,1896,2,9,1,1,1
201704EF17027,2,9,0,18,0,4,0,0,0,0,1,1,6,1,29,6,1397,1,8,6,3,6
201704EF17028,1,9,0,9,0,8,0,0,0,1,1,1,6,2,26,6,1796,1,11,3,1,3
201704EF17029,1,9,0,5,0,2,0,0,0,0,0,1,2,1,63,9,1596,1,9,7,1,7
201704EF17030,1,19,0,5,0,0,0,4,0,0,1,1,6,3,-1,-1,-1,-1,-1,-1,-1,-1
201704EF17030,2,9,0,18,0,0,0,4,0,1,1,1,6,3,-1,-1,1896,2,13,-1,-1,-1
201704EF17030,3,9,0,2,9,0,1,0,0,0,4,1,6,3,-1,-1,1968,2,8,-1,-1,-1
201704EF17031,1,9,0,9,0,8,0,0,0,0,1,1,2,2,21,5,1198,1,8,6,3,6
201704EF17031,2,5,0,18,0,8,0,0,0,0,1,1,6,1,19,4,599,1,9,3,1,3
201704EF17032,1,9,0,18,0,0,1,0,0,0,1,1,6,1,46,8,1598,2,3,1,1,1
201704EF17032,2,9,0,3,0,0,0,0,0,0,2,1,1,2,19,4,1910,2,9,3,1,3
201704EF17032,3,9,0,3,0,0,0,0,0,0,2,1,6,1,33,6,1995,2,14,-1,-1,-1
201704EF17033,1,9,0,4,0,0,2,0,1,9,1,1,6,2,50,8,1328,1,12,7,1,7
201704EF17034,1,9,0,18,0,3,0,0,0,0,4,1,6,2,21,5,1388,1,14,2,1,2
201704EF17034,2,9,0,18,0,4,0,0,0,0,1,1,6,1,38,7,1998,1,15,1,1,1
201704EF17035,1,9,0,3,0,0,0,0,0,0,2,1,6,1,29,6,1984,1,8,8,1,8
201704EF17035,2,9,0,3,0,0,0,0,0,0,2,1,6,2,43,7,1995,2,9,3,1,3
201704EF17035,3,9,0,3,0,0,0,0,0,0,2,1,6,1,41,7,2199,2,6,3,1,3
201704EF17036,1,8,0,5,0,1,0,0,0,0,1,1,1,1,47,8,1896,2,8,1,1,1
201704EF17037,1,8,0,5,0,0,0,0,7,0,1,1,1,1,35,6,1598,2,4,1,1,1
201704EF17037,2,9,0,16,0,0,0,0,0,0,1,1,2,1,21,5,1298,1,14,1,1,1
201704EF17038,1,9,0,17,0,1,5,0,6,0,1,1,6,1,63,9,1796,1,11,2,1,2
201704EF17038,2,9,0,18,0,2,0,0,0,0,1,1,6,2,49,8,1490,1,8,5,1,5
201704EF17039,1,9,0,18,0,0,1,0,4,6,1,1,6,1,30,6,1796,1,13,1,1,1
201704EF17040,1,19,0,18,0,8,0,0,0,0,1,1,1,1,75,10,1598,2,4,9,1,9
201704EF17040,2,19,0,18,0,8,2,0,0,0,4,1,1,1,44,7,1996,2,10,1,1,1
201704EF17040,3,9,0,2,0,1,0,0,0,0,3,1,6,3,-1,-1,1686,2,13,-1,-1,-1
201704EF17041,1,9,0,18,0,0,2,0,1,4,1,1,6,1,36,7,1598,1,16,2,1,2
201704EF17042,1,9,0,18,0,2,0,0,0,0,1,1,1,1,29,6,1298,1,14,-1,-1,-1
201704EF17043,1,9,0,18,0,0,0,0,0,0,1,1,1,1,27,6,998,1,12,5,1,5
201704EF17044,1,9,0,18,0,1,0,0,0,0,1,1,6,1,63,9,1598,1,4,1,1,1
201704EF17044,2,9,0,4,0,1,0,0,0,0,3,1,6,2,24,5,998,1,17,1,1,1
201704EF17044,3,9,0,3,0,1,0,0,0,0,2,1,6,1,45,7,1910,2,10,1,1,1
201704EF17045,1,9,0,18,0,1,0,0,0,1,1,1,6,1,27,6,1149,1,8,3,1,3
201704EF17045,2,9,0,4,0,1,0,0,0,0,2,1,2,2,45,7,1388,1,13,2,1,2
201704EF17045,3,9,0,18,0,1,0,0,0,0,2,1,6,2,47,8,1995,2,12,1,1,1
201704EF17046,1,9,0,14,0,6,0,0,0,0,1,1,6,1,77,11,1560,2,10,3,1,3
201704EF17046,2,9,0,2,0,8,0,0,0,0,3,1,6,3,-1,-1,2993,2,3,-1,-1,-1
201704EF17047,1,19,0,5,0,1,0,0,0,0,0,1,6,1,52,8,-1,-1,-1,9,1,9
201704EF17048,1,9,0,17,0,0,1,11,1,10,1,1,6,2,29,6,1598,1,11,4,1,4
201704EF17048,2,9,0,18,0,0,0,11,0,0,1,1,6,1,46,8,1870,2,14,9,1,9
201704EF17049,1,9,0,16,0,0,0,0,4,0,3,1,6,1,20,4,1200,1,-1,4,1,4
201704EF17050,1,9,0,9,0,6,0,0,0,0,1,1,6,1,49,8,1995,2,13,5,1,5
201704EF17051,1,9,0,5,0,0,0,0,0,0,1,1,6,1,-1,-1,-1,-1,-1,-1,-1,-1
201704EF17052,1,9,0,17,0,0,0,0,0,0,3,1,6,1,21,5,1396,1,7,-1,-1,-1
201704EF17052,2,9,0,17,0,0,0,0,0,0,3,1,6,1,35,6,1332,1,18,3,1,3
201704EF17053,1,9,0,18,0,1,0,0,0,0,1,1,6,2,19,4,999,1,1,1,1,1
201704EF17053,2,9,0,10,0,1,0,0,0,0,2,1,6,2,56,9,1840,1,15,6,3,6
201704EF17053,3,9,0,2,0,2,0,0,0,0,3,1,6,3,-1,-1,1968,2,6,-1,-1,-1
201704EF17054,1,9,0,18,0,0,0,0,0,0,1,2,6,1,59,9,1598,1,7,4,1,4
201704EF17054,2,9,0,2,0,0,0,0,0,0,3,1,6,3,-1,-1,1968,2,5,-1,-1,-1
201704EF17055,1,9,0,5,0,4,0,0,0,0,1,1,6,2,34,6,1229,1,11,1,1,1
201704EF17055,2,9,0,3,0,4,0,0,0,0,0,1,6,2,20,4,998,1,2,4,1,4
201704EF17056,1,9,0,18,0,1,0,0,0,0,1,1,6,1,34,6,1248,2,4,7,1,7
201704EF17056,2,8,0,18,0,1,0,0,0,0,2,1,2,1,49,8,1995,2,11,2,1,2
201704EF17057,1,9,0,9,0,0,0,0,0,0,1,1,2,1,53,8,1598,1,12,2,1,2
201704EF17058,1,9,0,17,0,0,1,0,7,0,1,1,2,2,62,9,1328,1,5,7,3,7
201704EF17059,1,9,0,2,0,1,0,0,0,0,2,1,6,2,68,10,1198,1,3,1,1,1
201704EF17059,2,9,0,4,0,1,0,0,0,0,1,1,6,1,56,9,2982,2,20,4,1,4
201704EF17060,1,9,0,7,0,8,0,0,0,0,4,1,6,1,28,6,998,1,12,3,1,3
201704EF17060,2,1,0,18,0,8,5,0,0,0,1,1,6,1,20,4,-1,-1,-1,-1,-1,-1
201704EF17061,1,9,0,9,0,8,0,0,0,0,3,1,6,1,59,9,999,1,2,4,1,4
201704EF17061,2,8,0,18,0,8,0,0,0,0,1,1,1,1,59,9,1896,2,8,-1,-1,-1
201704EF17061,3,9,0,8,0,2,0,0,0,0,3,1,6,1,20,4,1149,1,10,-1,-1,-1
201704EF17062,1,9,0,18,0,1,0,0,0,0,1,1,6,2,70,10,2231,2,6,-1,-1,-1
201704EF17063,1,9,0,18,0,0,0,0,0,0,1,1,6,1,38,7,1461,2,2,-1,-1,-1
201704EF17063,2,9,0,2,0,0,0,0,0,0,1,1,6,3,-1,-1,-1,-1,-1,-1,-1,-1
201704EF17064,1,11,0,2,0,0,0,0,0,0,0,1,1,2,55,8,7300,2,8,10,2,10
201704EF17066,1,9,0,4,0,1,0,0,0,0,1,1,6,2,19,4,1229,1,8,7,1,7
201704EF17066,2,9,0,3,0,1,0,0,0,0,2,1,6,1,28,6,1596,1,9,5,1,5
201704EF17067,1,9,0,9,0,8,0,0,3,0,1,1,6,2,73,10,1796,1,10,5,1,5
201704EF17067,2,19,0,18,0,1,0,0,0,0,4,1,1,1,52,8,2198,2,7,-1,-1,-1
201704EF17068,1,9,0,18,0,0,0,0,0,0,1,1,2,1,30,6,1896,2,13,5,1,5
201704EF17068,2,9,0,3,0,0,0,0,0,0,2,1,2,2,52,8,1598,1,4,3,1,3
201704EF17069,1,90,0,17,0,0,0,0,8,0,1,1,1,1,27,6,-1,-1,-1,7,1,7
201704EF17070,1,9,0,18,0,0,1,0,0,0,1,1,6,1,26,6,1968,2,3,2,1,2
201704EF17070,2,9,0,18,0,0,1,0,0,0,3,1,6,2,25,5,998,1,10,1,1,1
201704EF17071,1,9,0,9,0,1,0,0,0,0,1,1,2,2,45,7,1956,2,2,6,3,6
201704EF17073,1,9,0,18,0,1,0,0,0,0,1,1,3,2,75,10,1598,1,4,-1,-1,-1
201704EF17074,1,8,0,18,0,1,0,0,0,0,1,1,1,1,56,9,1598,2,3,1,1,1
201704EF17074,2,9,0,18,0,8,0,0,0,0,1,1,1,2,36,7,998,1,4,-1,-1,-1
201704EF17075,1,9,0,7,0,0,0,0,0,0,1,1,6,1,60,9,1995,2,1,-1,-1,-1
201704EF17075,2,4,0,18,0,0,0,0,0,0,4,1,6,1,24,5,124,1,8,3,1,3
201704EF17076,1,3,0,18,0,1,2,0,0,0,1,1,6,1,18,4,125,1,2,1,1,1
201704EF17076,2,9,0,18,0,8,0,0,0,0,0,1,6,2,63,9,1390,1,19,1,1,1
201704EF17077,1,5,0,13,0,0,0,0,0,0,1,1,1,1,28,6,599,1,9,3,3,3
201704EF17077,2,9,0,18,0,0,0,0,0,0,1,1,6,1,54,8,3000,2,18,9,1,9
201704EF17077,3,9,0,18,0,0,0,0,0,0,1,1,1,1,17,4,1242,1,4,-1,-1,-1
201704EF17078,1,9,0,18,0,0,5,0,0,0,1,1,6,1,87,11,1997,1,6,1,1,1
201704EF17078,2,9,0,2,0,0,0,0,0,0,2,1,6,3,-1,-1,998,1,1,-1,-1,-1
201704EF17078,3,9,0,2,0,0,0,0,0,0,2,1,6,3,-1,-1,1198,1,3,-1,-1,-1
201704EF17079,1,9,0,18,0,0,0,0,0,0,0,1,6,1,58,9,1998,1,2,8,1,8
201704EF17079,2,1,0,18,0,0,2,0,0,0,1,1,6,1,36,7,-1,-1,-1,3,1,3
201704EF17079,3,1,0,18,0,0,0,0,0,0,3,1,6,1,59,9,-1,-1,-1,4,1,4
201704EF17079,4,1,0,18,0,0,0,0,0,0,1,1,6,1,42,7,-1,-1,-1,1,1,1
201704EF17079,5,1,0,18,0,0,2,0,0,0,1,1,6,1,55,8,-1,-1,-1,-1,-1,-1
201704EF17080,1,9,0,7,0,2,0,0,0,0,1,1,6,2,29,6,1560,2,1,-1,-1,-1
201704EF17080,2,9,0,18,0,1,0,0,0,0,1,1,6,2,68,10,1242,1,6,4,1,4
201704EF17081,1,8,0,5,0,0,0,0,0,0,0,1,1,1,60,9,1686,2,5,1,1,1
201704EF17082,1,9,0,7,0,6,0,0,0,0,3,1,6,2,35,6,1598,2,3,3,1,3
201704EF17082,2,9,0,18,0,8,0,0,0,0,1,1,6,2,18,4,998,1,2,9,1,9
201704EF17083,1,9,0,9,0,8,0,0,0,0,4,1,6,1,52,8,1997,2,9,8,1,8
201704EF17083,2,4,0,18,0,8,0,0,0,0,1,1,6,1,33,6,125,1,4,-1,-1,-1
201704EF17084,1,9,0,18,0,0,0,0,1,10,1,1,6,1,49,8,2401,2,15,2,1,2
201704EF17085,1,9,0,7,0,5,0,0,0,0,4,1,6,1,75,10,1686,2,5,4,1,4
201704EF17085,2,1,0,18,0,2,0,0,0,0,1,1,6,1,64,9,-1,-1,-1,4,3,4
201704EF17086,1,1,0,18,0,8,0,0,0,0,3,1,6,1,5,1,-1,-1,-1,4,3,4
201704EF17086,2,9,0,18,0,1,1,0,0,0,1,1,6,2,60,9,1332,1,10,3,1,3
201704EF17087,1,9,0,4,0,0,0,0,0,0,2,1,3,2,45,7,999,1,1,4,1,4
201704EF17087,2,1,0,18,0,0,0,0,0,0,1,1,2,1,48,8,-1,-1,-1,5,1,5
201704EF17088,1,9,0,18,0,4,0,0,0,0,1,1,2,1,27,6,1995,2,7,2,1,2
201704EF17088,2,9,0,3,0,1,0,0,0,0,2,1,6,1,56,9,1229,1,4,1,1,1
201704EF17089,1,3,0,18,0,1,1,0,0,0,1,1,2,1,17,4,125,1,2,-1,-1,-1
201704EF17089,2,9,0,3,0,1,0,0,0,0,2,1,6,2,65,9,1200,1,1,3,1,3
201704EF17090,1,9,0,2,0,0,0,0,0,0,1,1,6,2,34,6,1997,2,15,-1,-1,-1
201704EF17090,2,9,0,2,0,0,0,0,0,0,2,1,6,3,-1,-1,998,1,8,-1,-1,-1
201704EF17091,1,9,0,4,0,0,1,0,0,0,1,1,6,1,31,6,1896,2,14,-1,-1,-1
201704EF17091,2,9,0,3,0,0,0,0,0,0,1,1,6,1,59,9,1870,2,15,7,1,7
201704EF17093,1,9,0,18,0,0,1,0,0,0,1,1,2,1,42,7,1794,1,17,1,1,1
201704EF17093,2,9,0,18,0,0,0,0,5,0,2,1,2,1,38,7,1956,2,3,8,1,8
201704EF17094,1,9,0,4,0,0,0,0,0,0,1,1,2,1,26,6,1242,1,4,5,1,5
201704EF17094,2,9,0,4,0,0,0,0,0,0,2,1,2,2,39,7,998,1,3,-1,-1,-1
201704EF17094,3,9,0,4,0,0,0,0,0,0,1,1,6,2,22,5,1422,2,10,4,1,4
201704EF17094,4,9,0,4,0,0,0,0,0,0,1,1,2,2,26,6,1422,2,9,-1,-1,-1
201704EF17094,5,9,0,4,0,0,0,0,0,0,1,1,6,2,51,8,1242,1,6,9,1,9
201704EF17094,6,9,0,4,0,0,0,0,0,0,1,1,2,2,23,5,2204,2,11,1,1,1
201704EF17094,7,10,0,4,0,0,0,0,0,0,1,1,3,1,-1,-1,2402,2,9,4,1,4
201704EF17095,1,9,0,5,0,0,0,0,0,0,1,1,6,1,31,6,1998,1,13,1,1,1
201704EF17095,2,8,0,18,0,0,0,0,0,0,1,1,1,1,32,6,1995,2,6,-1,-1,-1
201704EF17096,1,9,0,18,0,1,0,0,0,0,1,1,6,2,25,5,1997,2,1,1,1,1
201704EF17096,2,90,0,18,0,1,0,0,0,0,1,1,6,1,6,2,-1,-1,-1,-1,-1,-1
201704EF17097,1,9,0,9,0,5,0,0,0,0,3,1,6,2,74,10,1248,1,2,9,3,9
201704EF17097,2,9,0,16,0,1,0,0,0,0,1,1,2,1,44,7,1598,1,12,5,1,5
201704EF17098,1,11,0,11,0,8,0,0,0,0,1,1,1,1,52,8,9000,2,11,1,1,1
201704EF17098,2,9,0,12,0,8,0,0,0,0,2,1,2,2,37,7,1598,2,1,-1,-1,-1
201704EF17099,1,9,0,16,0,0,1,0,1,10,1,1,6,1,18,4,1242,1,11,3,3,3
201704EF17100,1,9,0,18,0,0,0,4,1,10,1,1,6,2,72,10,1364,1,-1,8,1,8
201704EF17100,2,9,0,2,0,0,0,0,0,0,3,1,6,3,-1,-1,1910,2,9,-1,-1,-1
201704EF17100,3,9,0,2,0,0,0,0,0,0,3,1,6,3,-1,-1,1560,2,11,-1,-1,-1
201704EF17100,4,9,0,2,0,0,0,0,0,0,1,1,6,2,24,5,-1,-1,-1,1,1,1
201704EF17100,5,9,0,2,0,0,0,0,0,0,2,1,6,3,-1,-1,2143,2,5,-1,-1,-1
201704EF17101,1,9,0,18,0,0,0,0,0,0,1,1,6,1,76,11,1242,1,13,-1,-1,-1
201704EF17101,2,9,0,2,0,0,0,0,0,0,0,1,6,3,-1,-1,1968,2,1,-1,-1,-1
201704EF17102,1,9,0,9,0,5,0,0,0,0,4,1,6,2,33,6,1229,1,-1,3,1,3
201704EF17102,2,1,0,18,0,8,0,0,0,0,1,1,6,1,24,5,-1,-1,-1,-1,-1,-1
201704EF17103,1,21,1,7,0,1,0,0,0,0,1,1,1,1,48,8,-1,-1,-1,9,1,9
201704EF17103,2,9,0,7,0,1,0,0,0,0,2,1,2,2,33,6,1998,2,10,2,1,2
201704EF17104,1,9,0,1,0,0,0,0,0,0,4,1,6,3,23,5,1998,1,14,3,1,3
201704EF17105,1,1,0,18,0,0,5,0,0,0,4,1,6,2,41,7,-1,-1,-1,-1,-1,-1
201704EF17105,2,9,0,3,0,0,0,0,0,0,4,1,2,1,46,8,1461,2,3,-1,-1,-1
201704EF17106,1,11,0,5,0,0,0,0,0,0,0,1,1,1,55,8,7300,2,13,2,1,2
201704EF17107,1,9,0,9,0,1,0,0,0,0,1,1,6,2,46,8,1497,8,2,-1,-1,-1
201704EF17107,2,1,0,18,0,1,0,0,0,0,1,1,6,1,51,8,-1,-1,-1,-1,-1,-1
201704EF17108,1,9,0,7,0,8,0,0,1,0,1,1,6,1,30,6,998,1,4,1,1,1
201704EF17108,2,1,0,18,0,8,0,0,0,0,3,1,6,1,44,7,-1,-1,-1,4,1,4
201704EF17109,1,9,0,18,0,8,0,0,0,0,1,1,6,3,-1,-1,-1,-1,-1,-1,-1,-1
201704EF17109,2,3,0,18,0,8,0,0,0,0,1,1,2,1,26,6,125,1,10,-1,-1,-1
201704EF17110,1,9,0,17,0,8,1,0,4,2,4,1,6,1,22,5,1840,1,14,3,1,3
201704EF17110,2,9,0,18,0,8,0,0,0,0,1,1,6,2,47,8,1360,1,10,3,1,3
201704EF17111,1,1,0,18,9,0,0,0,0,0,0,1,6,3,-1,-1,-1,-1,-1,-1,-1,-1
201704EF17112,1,9,0,18,0,0,0,0,0,0,4,1,1,2,58,9,1242,1,10,1,1,1
201704EF17113,1,8,0,3,0,0,0,0,0,0,2,1,1,1,38,7,1364,2,12,1,1,1
201704EF17113,2,9,0,4,0,0,0,0,0,0,1,1,2,1,32,6,-1,-1,-1,9,1,9
201704EF17114,1,9,0,5,0,0,0,0,0,0,1,1,1,2,49,8,-1,-1,-1,3,1,3
201704EF17114,2,9,0,3,0,0,0,0,0,0,2,1,6,2,66,10,-1,-1,-1,4,1,4
201704EF17114,3,9,0,18,0,0,0,0,0,0,2,1,1,1,48,8,-1,-1,-1,7,2,7
201704EF17115,1,9,0,5,0,6,0,0,0,0,1,1,3,2,24,5,1398,1,6,5,1,5
201704EF17115,2,9,0,18,0,8,0,0,0,0,4,1,3,2,25,5,1598,1,11,3,1,3
201704EF17116,1,9,0,18,0,0,0,0,8,0,1,1,1,1,18,4,1995,2,11,2,1,2
201704EF17117,1,9,0,18,0,0,0,0,0,0,1,1,6,2,34,6,1461,2,-1,5,3,5
201704EF17117,2,19,0,18,0,0,0,0,0,0,3,1,2,1,45,7,1998,2,13,2,1,2
201704EF17118,1,9,0,9,0,6,0,0,0,0,3,1,6,2,50,8,2999,2,17,1,1,1
201704EF17118,2,2,0,18,0,1,1,0,0,0,1,1,6,1,24,5,49,1,4,1,1,1
201704EF17119,1,9,0,5,0,2,0,0,0,1,1,1,6,1,26,6,1149,1,12,2,1,2
201704EF17119,2,3,0,5,0,8,0,0,0,0,2,1,6,2,32,6,125,1,1,1,1,1
201704EF17120,1,8,0,18,0,0,0,0,1,0,1,1,1,1,63,9,-1,-1,-1,1,1,1
201704EF17121,1,9,0,4,0,1,0,0,0,0,1,1,6,1,24,5,2995,1,1,2,1,2
201704EF17121,2,9,0,4,0,1,0,0,0,0,2,1,6,2,28,6,1368,1,7,3,1,3
201704EF17121,3,9,0,4,0,1,0,0,0,0,2,1,6,2,39,7,1968,2,3,6,1,6
201704EF17121,4,9,0,4,0,1,0,0,0,0,3,1,6,1,34,6,1997,2,10,3,1,3
201704EF17122,1,9,0,1,0,0,0,0,0,0,1,1,6,2,29,6,1198,1,-1,3,1,3
201704EF17122,2,9,0,18,0,0,0,0,0,0,1,1,6,2,75,10,996,1,3,9,1,9
201704EF17122,3,9,0,8,9,0,0,0,0,0,3,1,6,1,-1,-1,1388,1,15,3,1,3
201704EF17123,1,1,0,18,0,1,0,0,0,0,0,1,6,1,60,9,-1,-1,-1,4,1,4
201704EF17123,2,9,0,4,0,4,0,0,0,0,0,1,6,2,36,7,1398,2,7,5,3,5
201704EF17124,1,9,0,4,0,1,0,0,0,0,2,1,6,1,74,10,1910,2,10,3,1,3
201704EF17124,2,2,0,4,0,1,0,0,0,0,1,1,6,1,57,9,49,1,16,3,1,3
201704EF17125,1,9,0,1,0,0,0,0,0,0,0,1,6,1,58,9,1229,1,2,-1,-1,-1
201704EF17126,1,9,0,18,0,2,0,0,0,0,1,1,6,2,30,6,1598,1,16,1,1,1
201704EF17127,1,9,0,18,0,4,1,0,3,1,1,1,6,2,32,6,1149,1,10,6,1,6
201704EF17128,1,9,0,7,0,1,0,0,0,0,1,1,1,3,-1,-1,-1,-1,-1,-1,-1,-1
201704EF17128,2,1,0,5,0,1,0,0,0,0,4,1,1,2,40,7,-1,-1,-1,-1,-1,-1
201704EF17129,1,9,0,9,0,5,0,0,0,0,1,1,6,1,30,6,1994,1,16,4,1,4
201704EF17129,2,5,0,18,0,1,0,0,0,0,1,1,6,1,60,9,999,1,5,3,1,3
201704EF17130,1,11,0,18,0,1,0,0,0,0,0,1,1,1,60,9,9600,2,16,3,1,3
201704EF17131,1,9,0,9,0,8,0,0,0,0,1,1,6,2,20,4,1328,1,16,7,3,7
201704EF17133,1,9,0,18,0,0,2,0,7,0,1,1,6,2,18,4,1349,1,8,3,1,3
201704EF17134,1,9,0,18,0,1,0,0,0,0,1,1,2,2,37,7,1242,1,11,1,1,1
201704EF17134,2,9,0,5,0,6,0,0,0,0,3,1,6,2,36,7,1956,2,7,2,1,2
201704EF17135,1,90,0,18,0,0,1,4,1,10,3,1,1,1,41,7,-1,-1,-1,8,1,8
201704EF17135,2,90,0,2,0,0,0,0,0,0,3,1,1,2,30,6,-1,-1,-1,-1,-1,-1
201704EF17136,1,9,0,18,0,1,1,0,2,10,4,1,6,1,22,5,2295,1,15,1,1,1
201704EF17136,2,9,0,18,0,1,0,0,0,0,0,1,1,1,48,8,1582,2,3,-1,-1,-1
201704EF17137,1,9,0,6,0,8,0,0,0,0,3,1,6,1,29,6,1368,1,9,5,1,5
201704EF17137,2,9,0,18,0,8,0,0,0,0,1,1,6,2,22,5,1598,2,4,9,1,9
201704EF17137,3,9,0,2,0,8,0,0,0,0,1,1,6,3,-1,-1,1395,1,2,-1,-1,-1
201704EF17138,1,90,0,7,0,1,0,0,0,0,4,1,6,3,-1,-1,-1,-1,-1,-1,-1,-1
201704EF17139,1,9,0,18,0,0,0,0,0,0,1,1,6,1,24,5,1198,1,3,-1,-1,-1
201704EF17139,2,9,0,18,0,0,0,0,0,0,2,1,6,1,25,5,1199,1,14,2,1,2
201704EF17140,1,9,0,18,0,0,0,0,0,0,1,1,6,1,42,7,1595,1,4,1,1,1
201704EF17140,2,9,0,18,0,0,0,0,0,0,2,1,6,1,50,8,1896,2,8,1,1,1