Accident_Index,Vehicle_Reference,Vehicle_Type,Towing_and_Articulation,Vehicle_Manoeuvre,Vehicle_Location-Restricted_Lane,Junction_Location,Skidding_and_Overturning,Hit_Object_in_Carriageway,Vehicle_Leaving_Carriageway,Hit_Object_off_Carriageway,1st_Point_of_Impact,Was_Vehicle_Left_Hand_Drive?,Journey_Purpose_of_Driver,Sex_of_Driver,Age_of_Driver,Age_Band_of_Driver,Engine_Capacity_(CC),Propulsion_Code,Age_of_Vehicle,Driver_IMD_Decile,Driver_Home_Area_Type,Vehicle_IMD_Decile
201704EG17155,1,8,0,18,0,4,0,0,0,0,1,1,1,1,35,6,1686,2,5,-1,-1,-1
201704EG17155,2,9,0,18,0,4,0,0,0,0,1,1,1,1,41,7,1995,2,4,-1,-1,-1
201704EG17156,1,9,0,18,0,0,0,0,1,0,1,1,2,2,58,9,1997,2,12,-1,-1,-1
201704EG17156,2,9,0,18,0,0,0,0,0,0,2,1,6,2,43,7,-1,-1,-1,-1,-1,-1
201704EG17157,1,9,0,5,0,0,1,0,1,4,3,1,6,1,73,10,4997,1,22,8,3,8
201704EG17158,1,9,0,5,0,6,0,0,0,0,1,1,6,1,74,10,1995,2,1,3,1,3
201704EG17158,2,9,0,18,0,1,0,0,0,0,1,1,6,2,23,5,1900,2,12,-1,-1,-1
201704EG17159,1,9,0,5,0,6,0,0,0,0,4,1,6,1,33,6,1198,1,12,2,1,2
201704EG17159,2,9,0,18,0,8,0,0,0,0,1,1,1,2,22,5,998,1,13,1,1,1
201704EG17160,1,9,0,7,0,8,0,0,0,0,1,1,6,1,50,8,1560,2,7,2,1,2
201704EG17160,2,21,0,4,0,8,0,0,0,0,3,1,1,1,44,7,9364,2,13,8,2,8
201704EG17161,1,9,0,18,0,1,0,0,0,0,1,1,6,1,34,6,1596,1,10,2,1,2
201704EG17162,1,9,0,1,0,0,0,0,0,0,2,1,6,1,17,4,1461,2,3,9,1,9
201704EG17163,1,5,0,13,0,8,1,0,0,0,0,1,6,1,52,8,1170,1,10,10,1,10
201704EG17163,2,9,0,13,0,1,0,0,0,0,0,1,6,1,78,11,998,1,4,6,1,6
201704EG17164,1,9,0,9,0,8,0,0,0,0,1,1,2,1,21,5,1390,1,6,9,1,9
201704EG17164,2,9,0,4,0,1,0,0,0,0,1,1,2,2,23,5,1198,1,3,7,3,7
201704EG17165,1,1,0,18,0,6,0,0,0,0,3,1,6,1,15,3,-1,-1,-1,2,1,2
201704EG17165,2,9,0,18,0,1,0,0,0,0,1,1,6,1,27,6,1598,1,14,1,1,1
201704EG17166,1,3,0,17,0,0,1,0,1,0,4,1,6,1,17,4,125,1,-1,6,2,6
201704EG17167,1,9,0,5,0,4,0,0,0,0,1,1,6,2,29,6,1986,2,10,1,1,1
201704EG17167,2,9,0,5,0,4,0,0,0,0,4,1,6,1,49,8,1598,2,5,1,1,1
201704EG17168,1,9,0,18,0,8,0,0,0,0,1,1,6,1,67,10,1499,2,2,-1,-1,-1
201704EG17168,2,9,0,18,0,8,0,0,0,0,3,1,6,2,69,10,1240,1,11,8,1,8
201704EG17169,1,9,0,17,0,0,0,0,7,10,1,1,2,1,53,8,1598,2,5,8,3,8
201704EG17169,2,9,0,17,0,0,0,0,0,0,1,1,6,1,42,7,1968,2,6,1,1,1
201704EG17170,1,9,0,5,0,8,0,0,0,0,1,1,6,1,20,4,1388,1,8,8,1,8
201704EG17170,2,9,0,18,0,8,0,0,7,10,4,1,6,2,48,8,1598,1,3,4,1,4
201704EG17170,3,9,0,2,0,1,0,0,0,0,1,1,6,3,-1,-1,1988,2,13,-1,-1,-1
201704EG17171,1,9,0,3,0,1,0,0,0,0,1,1,6,1,-1,-1,1896,2,12,4,1,4
201704EG17171,2,9,0,4,0,1,0,0,0,0,2,1,6,2,26,6,1364,2,9,-1,-1,-1
201704EG17172,1,9,0,16,0,0,0,0,0,0,1,1,6,1,81,11,1598,2,3,7,3,7
201704EG17172,2,9,0,3,0,0,0,0,0,0,2,1,6,1,27,6,1968,2,8,10,1,10
201704EG17172,3,9,0,10,0,0,0,0,0,0,2,1,6,1,31,6,1997,1,14,6,3,6
201704EG17173,1,9,0,18,0,8,0,0,0,0,3,1,6,2,22,5,999,1,5,2,1,2
201704EG17173,2,9,0,18,0,1,0,0,0,0,1,1,6,2,56,9,1560,2,1,7,1,7
201704EG17173,3,9,0,18,0,1,0,0,0,0,1,1,6,2,17,4,998,1,4,-1,-1,-1
201704EG17174,1,9,0,17,0,0,1,0,1,0,3,1,6,1,24,5,973,1,14,2,1,2
201704EG17174,2,9,0,16,0,0,0,0,0,0,1,1,6,1,21,5,1242,1,13,6,2,6
201704EG17175,1,9,0,18,0,0,0,0,0,0,1,1,6,1,61,9,1590,1,15,-1,-1,-1
201704EG17176,1,9,0,7,0,2,0,0,0,0,0,1,6,1,18,4,998,1,-1,5,1,5
201704EG17176,2,9,0,13,0,8,0,0,0,0,1,1,1,1,66,10,1968,2,2,3,1,3
201704EG17176,3,9,0,3,0,1,0,0,0,0,3,1,1,1,66,10,1560,2,3,2,1,2
201704EG17177,1,9,0,16,0,0,0,0,0,0,4,1,6,2,19,4,1398,1,2,8,1,8
201704EG17178,1,9,0,7,0,1,0,7,1,0,2,1,2,2,27,6,1242,1,4,4,1,4
201704EG17178,2,20,1,18,0,1,0,0,0,0,0,1,1,1,54,8,-1,-1,-1,6,2,6
201704EG17180,1,9,0,18,0,0,0,0,0,0,1,1,6,2,32,6,1560,2,1,1,1,1
201704EG17181,1,9,0,18,0,8,0,0,0,0,4,1,6,2,34,6,1995,1,11,8,2,8
201704EG17181,2,9,0,18,0,8,0,0,0,0,4,1,6,2,35,6,2996,1,9,6,1,6
201704EG17181,3,9,0,2,0,2,0,0,0,0,2,1,6,3,-1,-1,1199,1,14,-1,-1,-1
201704EG17182,1,8,0,1,0,5,0,0,0,0,2,1,6,1,26,6,1968,2,7,2,1,2
201704EG17182,2,9,0,2,0,5,0,0,0,0,1,1,6,2,22,5,1399,2,11,2,1,2
201704EG17183,1,9,0,17,0,0,1,0,7,2,2,1,6,1,17,4,1596,1,11,9,2,9
201704EG17184,1,9,0,18,0,0,0,0,0,0,1,1,6,1,33,6,1995,2,14,9,2,9
201704EG17184,2,8,0,18,0,0,0,0,0,0,3,1,1,1,55,8,2987,2,2,1,1,1
201704EG17185,1,9,0,5,0,2,0,0,0,0,1,1,6,1,53,8,1587,1,13,6,1,6
201704EG17186,1,9,0,9,0,8,0,0,0,0,1,1,6,1,61,9,2204,2,11,-1,-1,-1
201704EG17186,2,19,0,18,0,2,0,0,0,0,1,1,1,1,48,8,2198,2,5,8,1,8
201704EG17187,1,9,0,4,0,6,0,0,1,0,1,1,6,2,27,6,1598,1,9,-1,-1,-1
201704EG17188,1,9,0,5,0,1,0,0,0,0,1,1,6,2,66,10,1329,1,7,3,1,3
201704EG17188,2,9,0,16,0,1,0,0,0,0,1,1,6,1,51,8,1389,1,18,5,2,5
201704EG17189,1,9,0,5,0,4,0,0,0,0,4,1,6,1,66,10,1388,1,11,-1,-1,-1
201704EG17189,2,9,0,7,0,3,0,0,0,0,4,1,6,1,66,10,1686,2,13,-1,-1,-1
201704EG17190,1,9,0,9,0,4,0,0,0,0,2,1,6,1,71,10,1956,2,2,-1,-1,-1
201704EG17190,2,8,0,18,0,3,0,0,0,0,2,1,1,1,32,6,1597,2,4,-1,-1,-1
201704EG17191,1,9,0,18,0,1,0,0,0,0,1,1,6,1,42,7,1200,1,-1,1,1,1
201704EG17191,2,1,0,18,0,1,0,0,0,0,1,1,6,1,15,3,-1,-1,-1,1,1,1
201704EG17192,1,9,0,18,0,0,0,0,4,0,3,1,2,1,20,4,1229,1,1,3,1,3
201704EG17193,1,9,0,17,0,1,1,0,0,0,1,2,6,3,-1,-1,1242,1,10,-1,-1,-1
201704EG17193,2,9,0,18,0,1,1,0,0,0,1,1,6,1,57,9,1997,2,3,1,1,1
201704EG17194,1,9,0,18,0,0,1,12,7,0,1,1,6,1,19,4,998,1,1,10,1,10
201704EG17195,1,4,0,18,0,0,5,0,0,0,1,1,6,1,56,9,198,1,17,2,1,2
201704EG17196,1,5,0,16,0,0,1,0,7,0,3,1,6,2,57,9,649,1,5,7,1,7
201704EG17197,1,9,0,9,0,4,0,0,0,0,3,1,6,1,77,11,2499,2,13,10,3,10
201704EG17197,2,11,0,18,0,4,0,0,0,0,1,1,1,1,23,5,6871,2,16,3,1,3
201704EG17198,1,9,0,18,0,0,0,0,0,0,1,1,6,1,17,4,1598,2,7,5,1,5
201704EG17198,2,9,0,18,0,0,0,0,0,0,2,1,6,2,47,8,1360,1,7,5,3,5
201704EG17199,1,9,0,3,0,1,1,4,0,0,1,1,2,1,38,7,1339,1,14,8,1,8
201704EG17199,2,9,0,3,0,1,0,0,0,0,2,1,6,2,76,11,1339,1,6,3,1,3
201704EG17200,1,9,0,9,0,2,0,0,1,10,1,1,2,1,45,7,1997,2,12,9,3,9
201704EG17200,2,21,0,18,0,1,1,0,0,0,1,1,1,1,45,7,6692,2,8,3,1,3
201704EG17200,3,9,0,18,0,1,0,0,0,0,1,1,2,2,36,7,1596,1,9,9,2,9
201704EG17201,1,9,0,7,0,2,0,4,1,1,1,1,6,2,88,11,1197,1,6,10,1,10
201704EG17201,2,9,0,2,6,2,0,0,0,0,2,1,6,3,-1,-1,1198,1,4,-1,-1,-1
201704EG17202,1,9,0,18,0,0,0,0,0,0,1,1,6,1,21,5,1598,2,3,9,2,9
201704EG17202,2,90,0,4,0,0,0,0,0,0,1,1,6,1,38,7,-1,-1,-1,8,2,8
201704EG17202,3,9,0,2,0,0,0,0,0,0,1,1,6,3,-1,-1,1910,2,9,-1,-1,-1
201704EG17202,4,9,0,2,0,0,0,0,0,0,1,1,6,3,-1,-1,1968,2,2,-1,-1,-1
201704EG17203,1,9,0,18,0,0,0,0,0,0,4,1,6,1,70,10,1994,2,12,9,2,9
201704EG17203,2,1,0,18,0,0,0,0,0,0,1,1,6,2,51,8,-1,-1,-1,2,1,2
201704EG17204,1,9,0,18,0,1,0,0,0,0,4,1,6,3,-1,-1,-1,-1,-1,-1,-1,-1
201704EG17205,1,9,0,18,0,0,0,0,1,10,2,1,6,1,86,11,998,1,3,8,3,8
201704EG17206,1,3,0,5,0,0,1,0,0,0,1,1,2,1,36,7,123,1,1,4,1,4
201704EG17206,2,9,0,3,0,0,0,0,0,0,2,1,1,2,57,9,1422,2,9,7,1,7
201704EG17207,1,9,0,18,0,0,0,0,0,0,1,1,6,2,80,11,1149,1,13,7,1,7
201704EG17208,1,1,0,16,0,0,1,0,0,0,1,1,6,1,29,6,-1,-1,-1,6,2,6
201704EG17208,2,9,0,5,0,0,0,0,0,0,3,1,6,1,62,9,1968,2,9,8,3,8
201704EG17209,1,9,0,16,0,0,1,0,1,10,4,1,6,1,34,6,1999,1,12,2,1,2
201704EG17210,1,9,0,4,0,0,0,0,0,0,1,1,6,1,34,6,1995,2,11,1,1,1
201704EG17210,2,9,0,4,0,0,0,0,0,0,2,1,6,2,52,8,1360,1,10,3,1,3
201704EG17210,3,9,0,4,0,0,0,0,0,0,2,1,6,1,57,9,1896,2,15,4,1,4
201704EG17211,1,9,0,9,0,6,0,0,0,0,1,1,6,2,55,8,1598,1,6,4,1,4
201704EG17211,2,2,0,18,0,1,0,0,0,0,4,1,6,1,16,4,50,1,1,5,3,5
201704EG17212,1,9,0,18,0,1,0,0,0,0,1,1,6,1,25,5,1598,1,12,1,1,1
201704EG17212,2,9,0,18,0,1,0,0,0,0,1,1,2,1,36,7,1956,2,6,-1,-1,-1
201704EG17212,3,9,0,3,0,1,0,0,0,0,1,1,2,2,43,7,1461,2,4,3,1,3
201704EG17213,1,9,0,9,0,8,0,0,0,0,1,1,2,2,44,7,1968,2,8,8,1,8
201704EG17213,2,9,0,18,0,1,0,0,1,0,1,1,2,2,54,8,1969,2,-1,9,2,9
201704EG17214,1,9,0,16,0,0,0,10,0,0,1,1,6,1,36,7,1149,1,10,1,1,1
201704EG17215,1,19,0,3,0,8,0,0,0,0,3,1,1,1,29,6,-1,-1,-1,6,2,6
201704EG17215,2,9,0,18,0,3,0,0,0,0,1,1,6,2,70,10,1329,1,2,9,2,9
201704EG17216,1,9,0,18,0,0,1,0,1,0,1,1,2,2,38,7,1582,2,9,7,1,7
201704EG17216,2,19,0,18,0,0,0,0,0,0,1,1,2,1,37,7,2198,2,9,5,1,5
201704EG17217,1,9,0,5,0,1,0,0,0,0,0,1,6,1,35,6,1598,1,16,-1,-1,-1
201704EG17218,1,9,0,5,0,6,0,0,0,0,1,1,6,1,48,8,1197,1,-1,6,1,6
201704EG17218,2,1,0,18,0,1,5,0,0,0,3,1,6,1,54,8,-1,-1,-1,10,1,10
201704EG17219,1,9,0,18,0,4,0,0,0,0,3,1,1,2,25,5,1461,2,2,7,1,7
201704EG17219,2,5,0,18,0,4,0,0,0,0,4,1,2,1,29,6,1215,1,3,6,1,6
201704EG17220,1,9,0,17,0,0,0,10,1,10,1,1,6,1,18,4,1360,1,7,-1,-1,-1
201704EG17221,1,9,0,18,0,1,0,0,0,0,1,1,2,2,36,7,1388,1,15,4,3,4
201704EG17221,2,9,0,18,0,1,0,0,0,0,2,1,6,1,34,6,1896,2,14,1,1,1
201704EG17222,1,9,0,18,0,5,5,0,3,10,1,1,6,1,94,11,1296,1,9,1,1,1
201704EG17223,1,9,0,16,0,0,0,0,0,0,1,1,6,1,26,6,1997,2,-1,9,1,9
201704EG17223,2,90,0,18,0,0,0,0,0,0,1,1,6,1,75,10,-1,-1,-1,10,3,10
201704EG17224,1,5,0,18,0,1,0,7,0,1,3,1,6,1,42,7,598,1,21,1,1,1
201704EG17225,1,9,0,3,0,3,0,0,0,0,2,1,6,3,-1,-1,-1,-1,-1,-1,-1,-1
201704EG17225,2,9,0,3,0,4,0,0,0,0,2,1,6,1,64,9,-1,-1,-1,4,1,4
201704EG17226,1,9,0,18,0,3,0,0,0,0,4,1,2,1,32,6,1995,2,12,-1,-1,-1
201704EG17226,2,1,0,18,0,4,0,0,0,0,1,1,2,1,18,4,-1,-1,-1,-1,-1,-1
201704EG17227,1,9,0,16,0,0,5,11,7,9,1,1,1,1,53,8,2198,2,2,8,3,8
201704EG17228,1,9,0,9,0,6,0,0,0,0,3,1,6,2,62,9,1999,1,4,9,2,9
201704EG17228,2,9,0,18,0,1,0,0,0,0,1,1,1,2,44,7,1598,1,12,1,1,1
201704EG17229,1,9,0,18,0,0,0,0,0,0,0,1,6,1,79,11,1956,2,3,4,1,4
201704EG17229,2,1,0,18,0,0,0,0,0,0,0,1,6,1,71,10,-1,-1,-1,4,1,4
201704EG17230,1,9,0,5,0,1,0,0,7,0,1,1,6,1,87,11,1248,1,5,9,2,9
201704EG17230,2,9,0,18,0,1,0,0,1,1,1,1,6,1,56,9,1761,1,18,3,1,3
201704EG17231,1,9,0,9,0,0,0,0,7,0,2,1,6,2,32,6,1598,2,1,6,1,6
201704EG17231,2,9,0,18,0,0,0,0,1,0,1,1,6,1,61,9,1997,2,11,6,1,6
201704EG17232,1,9,0,5,0,1,0,0,0,0,1,1,6,1,75,10,1461,2,2,8,1,8
201704EG17233,1,19,0,18,0,0,0,0,0,10,0,1,1,1,41,7,-1,-1,-1,6,3,6
201704EG17234,1,9,0,18,0,2,0,0,0,0,1,1,6,2,50,8,2792,1,12,3,1,3
201704EG17235,1,9,0,18,0,4,0,0,0,0,1,1,6,1,32,6,1560,2,4,3,1,3
201704EG17236,1,19,0,4,0,0,1,0,0,0,1,1,2,1,26,6,2198,2,2,7,2,7
201704EG17236,2,9,0,4,0,0,0,0,0,0,2,1,2,1,58,9,1956,2,5,5,3,5
201704EG17237,1,9,0,18,0,0,0,0,0,0,1,1,6,3,-1,-1,-1,-1,-1,-1,-1,-1
201704EG17237,2,9,0,18,0,0,0,0,1,0,2,1,6,2,54,8,1796,1,13,7,1,7
201704EG17238,1,9,0,18,0,0,0,0,0,0,1,1,1,2,40,7,-1,-1,-1,10,3,10
201704EG17238,2,9,0,18,0,0,0,0,1,0,1,1,1,2,33,6,1560,2,4,3,1,3
201704EG17239,1,9,0,18,0,1,0,0,0,0,1,1,1,1,45,7,-1,-1,-1,6,2,6
201704EG17239,2,3,0,10,0,1,0,0,0,0,2,1,2,1,18,4,-1,-1,-1,7,2,7
201704EG17240,1,1,0,18,0,8,0,0,0,0,1,1,6,1,12,3,-1,-1,-1,-1,-1,-1
201704EG17240,2,9,0,18,0,8,0,0,0,0,3,1,6,1,46,8,-1,-1,-1,-1,-1,-1
201704EG17241,1,9,0,16,0,0,0,0,7,4,1,1,6,1,62,9,1794,1,17,6,1,6
201704EG17242,1,90,0,18,0,8,0,0,0,0,1,1,1,1,55,8,-1,-1,-1,9,1,9
201704EG17242,2,90,0,7,0,5,5,0,1,10,1,1,1,1,71,10,-1,-1,-1,8,3,8
201704EG17243,1,8,0,18,0,3,0,0,7,0,4,1,6,1,48,8,1896,2,8,-1,-1,-1
201704EG17243,2,9,0,7,0,4,0,0,0,0,1,1,1,1,31,6,1598,1,5,-1,-1,-1
201704EG17244,1,9,0,5,0,2,0,0,0,0,1,1,6,1,24,5,1242,1,5,6,1,6
201704EG17244,2,9,0,18,0,8,0,0,0,0,1,1,6,2,31,6,998,1,5,-1,1,-1
201704EG17245,1,9,0,5,0,8,0,0,0,0,1,1,2,1,30,6,1796,1,11,2,1,2
201704EG17246,1,9,4,9,0,6,0,0,0,0,3,1,6,1,70,10,1686,2,6,9,1,9
201704EG17246,2,19,0,18,0,1,0,0,0,0,1,1,6,2,41,7,1968,2,4,9,1,9
201704EG17247,1,9,0,9,0,1,0,0,0,0,1,1,6,1,33,6,1956,2,1,1,1,1
201704EG17247,2,9,0,18,0,1,0,0,0,0,1,1,6,1,24,5,1198,1,10,1,1,1
201704EG17248,1,9,0,9,0,6,0,0,0,0,4,1,6,1,31,6,2000,2,12,5,1,5
201704EG17248,2,5,0,18,0,8,0,0,0,0,1,1,6,1,46,8,599,1,19,-1,-1,-1
201704EG17248,3,9,0,2,0,1,0,0,0,0,2,1,6,3,-1,-1,1598,2,5,-1,-1,-1
201704EG17249,1,9,0,18,0,0,0,0,0,0,1,1,1,1,26,6,1968,2,1,4,1,4
201704EG17249,2,9,0,4,0,0,0,0,0,0,2,1,6,2,35,6,1229,1,6,8,1,8
201704EG17249,3,9,0,9,0,0,0,0,0,0,2,1,6,2,42,7,1560,2,10,-1,-1,-1
201704EG17250,1,19,0,18,0,8,1,0,1,0,1,1,6,1,59,9,2143,2,3,-1,-1,-1
201704EG17250,2,9,0,5,0,6,0,0,0,0,1,1,6,1,70,10,2500,2,17,10,3,10
201704EG17251,1,9,0,9,0,8,0,0,0,0,1,1,6,2,17,4,1198,1,10,5,1,5
201704EG17251,2,9,0,18,0,8,0,0,0,0,3,1,6,2,30,6,1998,1,10,-1,1,-1
201704EG17252,1,9,0,7,0,1,0,0,0,0,3,1,3,2,51,8,-1,-1,-1,-1,-1,-1
201704EG17252,2,8,0,9,0,1,0,0,0,0,4,1,1,1,-1,-1,1995,2,10,1,1,1
201704EG17253,1,9,0,18,0,1,0,0,0,0,1,1,6,1,80,11,1499,1,2,3,1,3
201704EG17253,2,9,0,18,0,2,0,0,0,0,1,1,6,2,69,10,1598,1,10,7,1,7
201704EG17255,1,9,0,16,0,0,0,0,8,0,1,1,6,2,69,10,1298,1,9,8,3,8
201704EG17256,1,9,0,18,0,0,0,0,0,0,1,1,6,3,-1,-1,-1,-1,-1,-1,-1,-1
201704EG17257,1,9,0,4,0,1,1,0,0,0,1,1,6,1,22,5,1995,2,7,-1,-1,-1
201704EG17257,2,9,0,3,0,1,0,0,0,0,2,1,6,1,22,5,1149,1,2,1,1,1
201704EG17258,1,9,0,4,9,0,1,10,0,10,1,1,3,2,61,9,998,1,7,5,1,5
201704EG17259,1,1,0,18,0,1,1,0,0,0,1,1,6,1,56,9,-1,-1,-1,7,1,7
201704EG17260,1,11,0,4,0,1,0,0,0,0,0,1,6,1,55,8,8268,2,12,2,1,2
201704EG17262,1,9,0,18,0,0,0,0,0,0,1,1,3,1,45,7,1896,2,13,1,1,1
201704EG17263,1,90,0,9,0,8,2,0,3,0,1,1,6,1,35,6,-1,-1,-1,-1,-1,-1
201704EG17264,1,9,0,1,0,1,0,0,0,0,2,1,6,2,49,8,1598,1,6,10,1,10
201704EG17265,1,11,0,5,2,0,0,0,0,0,0,1,6,3,-1,-1,-1,-1,-1,-1,-1,-1
201704EG17266,1,9,0,5,0,6,0,0,0,0,1,1,6,1,85,11,1590,1,12,8,1,8
201704EG17267,1,9,0,4,0,0,0,0,0,0,1,1,6,3,-1,-1,-1,-1,-1,-1,-1,-1
201704EG17267,2,9,0,3,0,0,0,0,0,0,2,1,2,2,26,6,1328,1,13,9,2,9
201704EG17268,1,9,0,17,0,8,0,0,0,0,2,1,6,3,-1,-1,-1,-1,-1,-1,-1,-1
201704EG17268,2,9,0,17,0,1,0,0,0,0,1,1,6,1,20,4,1461,2,-1,1,1,1
201704EG17269,1,9,0,15,0,0,0,0,0,0,1,1,1,2,17,4,1398,1,3,-1,-1,-1
201704EG17269,2,90,0,18,0,0,0,0,0,0,1,1,1,1,41,7,4400,2,2,-1,-1,-1
201704SA17001,1,9,0,9,0,8,0,0,0,0,4,1,6,2,28,6,1590,1,14,-1,-1,-1
201704SA17001,2,9,0,18,0,1,0,0,0,0,1,1,6,1,22,5,1229,1,5,9,1,9
201704SA17002,1,9,0,18,0,0,1,4,0,0,1,1,6,2,70,10,2179,2,7,10,1,10
201704SA17002,2,9,0,2,0,0,0,0,0,0,2,1,6,3,-1,-1,1910,2,10,-1,-1,-1
201704SA17003,1,10,0,9,0,0,0,0,0,0,1,1,6,1,34,6,-1,-1,-1,5,1,5
201704SA17003,2,9,0,18,0,0,0,0,0,0,3,1,1,1,62,9,1499,2,1,3,1,3
201704SA17004,1,9,0,18,0,8,0,0,0,0,1,1,6,1,34,6,1388,1,7,1,1,1
201704SA17006,1,9,0,18,0,4,0,7,0,0,1,1,6,1,81,11,1296,1,10,10,2,10
201704SA17006,2,19,0,9,0,8,0,0,0,0,2,1,6,1,55,8,1995,2,9,7,1,7
201704SA17007,1,9,0,17,0,0,1,0,1,4,1,1,2,1,19,4,998,1,9,3,1,3
201704SA17008,1,9,0,16,0,0,1,0,7,5,1,1,6,1,22,5,1968,2,12,2,1,2
201704SA17009,1,9,0,18,0,0,0,0,0,0,1,1,6,1,56,9,1956,2,2,1,1,1
201704SA17009,2,9,0,4,0,0,0,0,0,0,2,1,6,2,25,5,1560,2,1,9,1,9
201704SA17010,1,19,0,18,0,6,0,0,0,0,1,1,1,1,31,6,2198,2,1,2,1,2
201704SA17010,2,9,0,18,0,8,0,0,0,0,4,1,6,2,25,5,998,1,5,8,1,8
201704SA17011,1,9,0,7,0,1,0,0,0,0,0,1,2,1,51,8,1461,2,3,7,1,7
201704SA17011,2,1,0,18,0,2,0,0,0,0,0,1,6,1,23,5,-1,-1,-1,-1,-1,-1
201704SA17013,1,19,0,5,0,1,0,0,0,0,1,1,1,1,35,6,1896,2,10,-1,-1,-1
201704SA17014,1,9,0,13,0,0,1,0,0,0,2,1,6,1,62,9,-1,-1,-1,-1,3,-1
201704SA17014,2,21,4,18,0,0,0,0,0,0,1,1,1,1,48,8,12740,2,1,3,1,3
201704SA17014,3,21,0,18,0,0,0,0,0,0,1,1,1,1,52,8,12419,2,2,-1,1,-1
201704SA17015,1,21,1,7,0,4,0,0,0,0,1,1,1,2,37,7,10837,2,1,4,2,4
201704SA17015,2,10,0,18,0,8,0,0,0,0,4,1,2,1,74,10,-1,-1,-1,6,1,6
201704SA17016,1,9,0,9,0,8,0,0,0,0,1,1,6,1,20,4,1200,1,4,1,1,1
201704SA17016,2,9,0,18,0,8,0,0,0,0,1,1,6,2,30,6,2967,2,7,9,1,9
201704SA17017,1,90,0,5,0,3,0,0,0,0,3,1,1,1,50,8,-1,-1,-1,2,1,2
201704SA17017,2,9,0,18,0,8,0,0,1,0,3,1,6,2,50,8,1198,1,3,1,1,1
201704SA17018,1,9,0,18,0,0,0,0,1,0,1,1,6,1,60,9,1598,2,2,7,3,7
201704SA17019,1,9,0,17,0,0,1,0,1,9,1,1,6,1,38,7,1390,1,9,-1,-1,-1
201704SA17019,2,9,0,17,0,0,0,0,0,0,0,1,1,1,43,7,1582,2,3,2,1,2
201704SA17020,1,10,0,18,0,0,0,0,0,0,3,1,3,1,53,8,-1,-1,-1,9,1,9
201704SA17021,1,9,0,18,0,0,0,0,0,0,1,1,2,2,19,4,1598,1,13,9,1,9
201704SA17022,1,9,0,9,0,8,0,0,0,0,4,1,2,2,18,4,1598,2,4,5,1,5
201704SA17022,2,9,0,18,0,8,0,0,0,0,1,1,2,1,22,5,1968,2,5,1,1,1
201704SA17023,1,21,0,18,0,4,0,0,0,0,0,1,1,1,32,6,8710,2,2,-1,-1,-1
201704SA17023,2,9,0,18,0,8,1,11,1,0,1,1,1,2,38,7,999,1,3,-1,-1,-1
201704SA17024,1,9,0,18,0,0,0,0,0,0,1,1,6,1,46,8,1149,1,7,3,1,3
201704SA17024,2,9,0,18,0,0,0,0,0,0,2,1,6,1,45,7,1968,2,2,1,1,1
201704SA17024,3,21,1,18,0,0,0,0,0,0,1,1,1,1,52,8,12777,2,4,-1,2,-1
201704SA17025,1,9,0,18,0,1,0,0,0,0,1,1,6,1,83,11,1339,1,8,3,1,3
201704SA17025,2,9,0,4,0,1,0,0,0,0,2,1,6,2,22,5,-1,-1,-1,4,1,4
201704SA17025,3,9,0,4,0,1,0,0,0,0,2,1,6,1,59,9,1968,2,8,10,3,10
201704SA17026,1,9,0,18,0,0,0,0,0,0,4,1,6,1,75,10,2188,2,10,9,1,9
201704SA17027,1,9,0,18,0,0,0,0,0,0,1,1,6,1,82,11,1298,1,6,3,3,3
201704SA17028,1,9,0,18,0,8,1,0,0,0,1,1,1,1,59,9,1796,1,17,9,3,9
201704SA17029,1,9,0,18,0,0,1,0,6,0,1,1,2,2,26,6,2495,2,23,8,3,8
201704SA17029,2,90,0,18,0,0,0,0,0,1,3,1,6,1,54,8,5675,2,21,-1,-1,-1
201704SA17029,3,9,0,18,0,0,0,0,0,0,1,1,6,1,34,6,1997,2,6,6,1,6
201704SA17029,4,9,0,18,0,0,0,0,0,0,1,1,6,2,59,9,1242,1,11,8,1,8
201704SA17029,5,9,0,18,0,0,0,0,0,0,1,1,6,2,20,4,1299,1,13,8,1,8
201704SA17029,6,9,0,12,0,0,0,0,0,0,2,1,6,1,32,6,1968,2,8,2,1,2
201704SA17029,7,19,0,18,0,0,0,0,0,0,1,1,1,1,64,9,2143,2,2,1,1,1
201704SA17030,1,9,0,3,0,8,0,0,0,0,2,1,6,2,69,10,1968,2,1,8,1,8
201704SA17030,2,9,0,3,0,1,0,0,0,0,2,1,6,2,23,5,1560,2,9,4,1,4
201704SA17031,1,9,0,18,0,1,0,4,0,0,2,1,6,2,61,9,1299,1,12,4,1,4
201704SA17031,2,9,0,3,0,1,0,4,0,0,2,1,1,1,-1,-1,1461,2,3,-1,-1,-1
201704SA17031,3,9,0,3,0,1,0,0,0,0,2,1,2,2,53,8,1968,2,4,-1,-1,-1
201704SA17032,1,9,0,18,0,1,0,0,0,0,1,1,6,1,63,9,1686,2,13,7,2,7
201704SA17032,2,1,0,18,0,1,0,0,0,0,1,1,6,1,56,9,-1,-1,-1,10,1,10
201704SA17033,1,9,0,9,0,6,0,0,0,0,1,1,6,1,22,5,1896,2,11,3,1,3
201704SA17033,2,19,0,18,0,1,0,4,0,0,1,1,1,1,30,6,1560,2,5,9,1,9
201704SA17033,3,90,0,2,0,1,0,0,0,0,3,1,6,3,-1,-1,-1,-1,-1,-1,-1,-1
201704SA17034,1,9,0,4,0,1,0,0,1,2,1,1,1,2,54,8,1422,2,1,9,1,9
201704SA17034,2,9,0,4,0,1,0,0,0,0,2,1,2,2,33,6,2148,2,8,8,3,8
201704SA17034,3,9,0,4,0,1,0,0,0,0,1,1,2,1,50,8,-1,-1,-1,9,3,9