Accident_Index,Vehicle_Reference,Vehicle_Type,Towing_and_Articulation,Vehicle_Manoeuvre,Vehicle_Location-Restricted_Lane,Junction_Location,Skidding_and_Overturning,Hit_Object_in_Carriageway,Vehicle_Leaving_Carriageway,Hit_Object_off_Carriageway,1st_Point_of_Impact,Was_Vehicle_Left_Hand_Drive?,Journey_Purpose_of_Driver,Sex_of_Driver,Age_of_Driver,Age_Band_of_Driver,Engine_Capacity_(CC),Propulsion_Code,Age_of_Vehicle,Driver_IMD_Decile,Driver_Home_Area_Type,Vehicle_IMD_Decile
201704SA17035,1,9,0,18,0,1,0,0,0,0,0,1,6,3,-1,-1,-1,-1,-1,-1,-1,-1
201704SA17035,2,9,0,18,0,1,1,0,0,0,1,1,1,2,40,7,-1,-1,-1,6,1,6
201704SA17035,3,21,0,18,0,1,0,0,0,0,3,1,1,1,56,9,11705,2,19,7,3,7
201704SA17036,1,9,0,18,0,0,0,0,0,2,1,1,6,1,78,11,1388,1,9,10,1,10
201704SA17037,1,9,0,18,0,1,0,0,0,0,1,1,6,1,24,5,1368,1,11,2,1,2
201704SA17037,2,9,0,18,0,1,0,0,0,0,2,1,6,1,49,8,1390,1,8,2,1,2
201704SA17038,1,9,0,7,0,8,0,0,1,0,4,1,6,3,-1,-1,-1,-1,-1,-1,-1,-1
201704SA17038,2,9,0,5,0,8,0,0,3,0,3,1,6,2,40,7,1686,2,6,2,1,2
201704SA17039,1,9,0,18,0,1,0,0,0,0,2,1,6,3,-1,-1,999,1,1,-1,-1,-1
201704SA17039,2,9,0,4,0,1,0,0,0,0,1,1,6,1,21,5,1968,2,3,10,1,10
201704SA17041,1,9,0,5,0,4,0,0,0,0,3,1,2,2,40,7,1499,1,2,7,1,7
201704SA17041,2,4,0,17,0,8,2,0,0,0,1,1,2,1,25,5,385,1,17,1,1,1
201704SA17042,1,9,0,9,0,8,0,0,0,0,4,1,6,1,46,8,1598,1,12,2,1,2
201704SA17042,2,9,0,18,0,8,0,0,0,0,1,1,2,1,28,6,1896,2,16,8,1,8
201704SA17043,1,9,0,18,0,0,0,0,0,0,1,1,6,1,28,6,1598,2,4,1,1,1
201704SA17043,2,9,0,10,0,0,0,0,0,0,2,1,1,1,37,7,1995,2,2,4,1,4
201704SA17043,3,19,0,18,0,0,0,0,0,0,1,1,1,1,48,8,2198,2,8,3,1,3
201704SA17044,1,9,0,5,0,6,0,0,0,0,1,1,6,2,28,6,1560,2,5,9,1,9
201704SA17044,2,2,0,18,0,1,2,0,0,0,4,1,6,1,16,4,50,1,1,7,3,7
201704SA17045,1,9,0,18,0,8,0,0,0,0,3,1,6,3,-1,-1,-1,-1,-1,-1,-1,-1
201704SA17045,2,1,0,18,0,1,0,0,0,0,1,1,4,1,14,3,-1,-1,-1,1,1,1
201704SA17046,1,9,0,9,0,6,0,0,0,0,3,1,6,2,34,6,1598,1,10,2,1,2
201704SA17046,2,9,0,18,0,1,0,0,0,0,1,1,6,1,25,5,1398,1,16,2,1,2
201704SA17047,1,9,0,7,0,2,0,0,0,0,3,1,6,1,28,6,1461,2,14,-1,-1,-1
201704SA17047,2,9,0,18,0,8,0,0,0,0,4,1,1,2,47,8,1597,2,2,2,1,2
201704SA17048,1,9,0,18,0,0,0,0,0,0,2,1,6,1,20,4,1968,2,-1,3,1,3
201704SA17048,2,9,0,18,0,0,0,0,0,0,1,2,2,1,27,6,-1,-1,-1,1,1,1
201704SA17049,1,1,0,11,4,0,2,0,0,0,4,1,6,1,54,8,-1,-1,-1,9,1,9
201704SA17050,1,90,0,2,0,0,0,0,0,0,3,1,6,3,-1,-1,-1,-1,-1,-1,-1,-1
201704SA17050,2,1,0,18,0,0,0,0,0,0,1,1,6,1,19,4,-1,-1,-1,3,1,3
201704SA17051,1,9,0,11,0,0,0,0,0,0,0,1,6,3,-1,-1,-1,-1,-1,-1,-1,-1
201704SA17051,2,9,0,18,0,0,0,0,0,0,1,1,6,1,39,7,1896,2,15,-1,-1,-1
201704SA17052,1,9,0,9,0,1,0,0,0,0,0,1,6,2,26,6,1368,1,9,2,1,2
201704SA17053,1,9,0,18,0,0,0,4,0,0,1,1,6,2,27,6,2979,1,16,1,1,1
201704SA17053,2,9,0,3,0,0,0,0,0,0,2,1,6,2,34,6,1242,1,14,-1,-1,-1
201704SA17054,1,9,0,18,0,0,1,0,0,0,4,1,2,1,26,6,1498,1,6,5,1,5
201704SA17055,1,19,4,18,0,0,0,0,0,0,1,1,1,1,29,6,2198,2,2,7,1,7
201704SA17055,2,19,0,3,0,0,0,0,0,0,2,1,1,1,42,7,1995,2,1,2,1,2
201704SA17055,3,9,0,18,0,0,0,0,0,0,2,1,2,1,41,7,1398,2,5,4,1,4
201704SA17055,4,9,0,18,0,0,0,0,0,0,2,1,6,1,27,6,1364,2,5,1,1,1
201704SA17056,1,9,0,18,0,8,0,0,0,0,4,1,6,2,22,5,1598,2,2,1,1,1
201704SA17056,2,9,0,18,0,8,0,0,0,0,1,1,6,2,29,6,1598,2,2,10,1,10
201704SA17057,1,10,0,16,0,0,0,0,0,0,1,1,6,3,-1,-1,-1,-1,-1,-1,-1,-1
201704SA17058,1,19,0,3,0,0,0,0,0,0,1,1,6,3,-1,-1,-1,-1,-1,-1,-1,-1
201704SA17059,1,9,0,17,0,0,1,0,2,7,1,1,1,1,32,6,1995,2,2,9,2,9
201704SA17060,1,9,0,7,0,1,0,0,0,0,4,1,6,1,-1,-1,1598,2,7,5,1,5
201704SA17060,2,9,0,7,0,1,0,0,0,0,3,1,2,1,58,9,1753,2,14,9,3,9
201704SA17061,1,9,0,18,0,0,5,4,0,0,1,1,6,1,75,10,1896,2,12,3,1,3
201704SA17061,2,9,0,2,0,0,0,0,1,0,2,1,6,3,-1,-1,1360,1,6,-1,-1,-1
201704SA17062,1,9,0,9,0,6,0,0,0,0,1,1,6,3,-1,-1,-1,-1,-1,-1,-1,-1
201704SA17062,2,1,0,18,0,8,0,0,0,0,4,1,6,1,15,3,-1,-1,-1,8,1,8
201704SA17063,1,19,0,18,0,0,1,0,0,0,1,1,1,1,36,7,2402,2,6,3,1,3
201704SA17063,2,9,0,4,0,0,0,0,0,0,2,1,6,2,23,5,1496,2,1,3,1,3
201704SA17064,1,9,0,18,0,1,0,0,0,0,1,1,6,1,69,10,1598,1,1,2,1,2
201704SA17064,2,9,0,10,0,1,0,11,0,0,2,1,1,1,58,9,1598,2,1,5,1,5
201704SA17065,1,9,0,13,0,0,0,0,0,0,1,1,2,1,17,4,-1,-1,-1,6,3,6
201704SA17065,2,20,1,18,0,0,1,0,1,0,1,1,1,1,55,8,9290,2,7,2,1,2
201704SA17066,1,9,0,18,0,0,0,0,0,0,1,1,6,1,79,11,1399,1,8,6,1,6
201704SA17066,2,9,0,2,0,0,0,0,0,0,4,1,6,3,-1,-1,1560,2,8,-1,-1,-1
201704SA17067,1,9,0,5,0,4,0,0,0,0,4,1,6,3,-1,-1,-1,-1,-1,-1,-1,-1
201704SA17067,2,9,0,18,0,3,0,0,0,0,2,1,6,2,20,4,1364,1,8,2,1,2
201704SA17068,1,9,0,9,0,1,0,0,0,0,0,1,6,1,53,8,1950,2,1,3,1,3
201704SA17068,2,11,0,18,0,1,0,0,0,0,0,1,1,1,31,6,4580,2,8,3,1,3
201704SA17069,1,9,0,5,0,8,0,0,0,0,1,1,1,2,42,7,1560,2,2,8,3,8
201704SA17069,2,9,0,3,0,1,0,0,0,0,2,1,6,1,44,7,1968,2,7,8,3,8
201704SA17070,1,90,0,7,0,0,1,0,0,0,3,1,6,1,33,6,-1,-1,-1,4,1,4
201704SA17070,2,9,0,18,0,0,1,0,0,0,3,1,6,2,53,8,1389,1,13,9,1,9
201704SA17071,1,19,0,18,0,8,1,0,0,0,3,1,1,1,24,5,2198,2,5,1,1,1
201704SA17071,2,9,0,18,0,8,1,0,0,0,1,1,6,2,25,5,1198,1,13,3,1,3
201704SA17072,1,9,0,4,7,0,0,4,1,1,1,1,6,2,73,10,1497,8,2,9,1,9
201704SA17072,2,9,0,2,6,0,0,0,0,0,4,1,6,2,63,9,1395,1,1,-1,-1,-1
201704SA17072,3,9,0,2,6,0,0,0,0,0,4,1,6,1,85,11,1398,1,3,-1,-1,-1
201704SA17073,1,90,0,18,0,0,0,0,0,0,0,1,6,3,-1,-1,-1,-1,-1,-1,-1,-1
201704SA17073,2,9,0,18,6,0,0,0,7,4,1,1,6,1,38,7,2495,2,19,3,3,3
201704SA17074,1,9,0,18,0,8,0,0,0,0,1,1,6,1,48,8,1197,1,2,2,1,2
201704SA17074,2,9,0,9,0,8,0,0,1,1,3,1,6,1,76,11,2993,2,8,8,2,8
201704SA17075,1,1,0,18,0,6,0,0,0,0,1,1,6,1,66,10,-1,-1,-1,6,1,6
201704SA17075,2,9,0,17,0,1,0,0,0,0,4,1,6,2,43,7,1398,1,6,7,1,7
201704SA17076,1,9,0,9,0,1,0,0,0,0,3,1,6,2,39,7,1753,2,8,8,1,8
201704SA17076,2,9,0,15,0,1,0,0,0,0,1,1,6,2,23,5,1242,1,4,3,1,3
201704SA17077,1,9,0,3,0,0,0,0,0,0,2,1,2,2,23,5,998,1,4,6,1,6
201704SA17077,2,9,0,18,0,0,0,0,0,0,1,1,6,1,66,10,1360,1,14,-1,-1,-1
201704SA17078,1,9,0,9,0,6,0,0,0,0,1,1,6,1,26,6,1587,1,12,2,1,2
201704SA17078,2,9,0,3,0,1,0,0,0,0,1,1,1,1,44,7,-1,-1,-1,8,1,8
201704SA17078,3,9,0,18,0,1,0,0,0,0,1,1,1,1,25,5,1398,1,5,1,1,1
201704SA17079,1,9,0,7,0,6,0,0,0,0,1,1,6,2,19,4,999,1,2,3,1,3
201704SA17079,2,9,0,18,0,8,1,0,1,1,1,1,6,2,21,5,-1,-1,-1,8,2,8
201704SA17080,1,9,0,18,0,0,0,0,0,0,1,1,2,2,53,8,1596,1,8,9,1,9
201704SA17081,1,90,0,5,0,1,0,0,0,0,3,1,6,3,-1,-1,-1,-1,-1,-1,-1,-1
201704SA17081,2,1,0,3,0,2,0,0,0,0,3,1,6,2,48,8,-1,-1,-1,2,1,2
201704SA17082,1,9,0,15,0,8,0,0,0,0,1,1,6,1,19,4,1596,1,1,6,1,6
201704SA17082,2,9,0,7,0,8,0,0,0,0,2,1,6,1,65,9,1998,1,1,8,1,8
201704SA17083,1,9,0,18,0,6,0,0,0,0,1,1,6,1,65,9,1796,1,15,4,1,4
201704SA17083,2,9,0,18,0,1,0,0,0,0,3,1,6,2,49,8,1400,2,13,8,1,8
201704SA17084,1,9,0,9,0,3,0,0,0,0,4,1,6,1,75,10,973,1,15,8,1,8
201704SA17084,2,9,0,18,0,8,0,0,0,0,1,1,6,2,49,8,1560,2,3,2,1,2
201704SA17085,1,9,0,18,0,2,0,0,0,0,1,1,6,1,42,7,1497,1,15,1,1,1
201704SA17085,2,9,0,4,0,2,0,0,0,0,2,1,6,2,51,8,1796,1,14,2,1,2
201704SA17085,3,9,0,4,0,2,0,0,0,0,2,1,6,1,33,6,1600,2,7,2,1,2
201704SA17086,1,9,0,18,0,8,0,0,0,0,3,1,6,1,23,5,1968,2,10,1,1,1
201704SA17087,1,9,0,18,0,0,0,0,0,0,0,1,6,3,-1,-1,-1,-1,-1,-1,-1,-1
201704SA17088,1,9,0,18,0,8,0,0,0,0,1,1,6,2,20,4,1197,1,6,8,1,8
201704SA17088,2,9,0,18,0,8,0,0,0,0,4,1,6,1,43,7,2231,2,12,2,1,2
201704SA17089,1,9,0,5,0,1,0,0,0,0,1,1,6,2,43,7,998,1,13,-1,-1,-1
201704SA17089,2,1,0,18,0,1,0,0,0,0,1,1,6,1,26,6,-1,-1,-1,-1,-1,-1
201704SA17090,1,90,0,9,0,6,0,0,0,0,1,1,2,1,25,5,-1,-1,-1,6,1,6
201704SA17090,2,1,0,18,0,8,0,0,0,0,1,1,6,1,39,7,-1,-1,-1,7,1,7
201704SA17091,1,9,0,18,0,1,0,0,0,0,1,1,6,1,48,8,1360,1,13,1,1,1
201704SA17091,2,9,0,18,0,1,0,0,0,0,1,1,6,2,26,6,1796,7,4,-1,-1,-1
201704SA17092,1,19,0,6,0,6,0,0,0,0,3,1,1,1,20,4,2198,2,3,1,1,1
201704SA17092,2,5,0,17,0,1,2,0,0,0,1,1,2,1,51,8,599,1,14,7,3,7
201704SA17092,3,19,0,4,0,1,0,0,0,0,0,1,1,1,57,9,2198,2,2,5,1,5
201704SA17093,1,9,0,13,0,0,0,0,0,0,1,1,6,1,66,10,2987,2,6,7,1,7
201704SA17093,2,90,0,18,0,0,0,0,0,0,0,1,6,1,78,11,2200,2,1,2,1,2
201704SA17094,1,9,0,9,0,5,0,0,0,0,0,1,6,1,24,5,1598,1,4,10,1,10
201704SA17094,2,1,0,18,0,1,0,0,0,0,1,1,6,1,25,5,-1,-1,-1,8,1,8
201704SA17095,1,9,0,5,0,6,0,0,0,0,3,1,6,3,-1,-1,1242,1,10,-1,-1,-1
201704SA17095,2,9,0,18,0,1,0,0,0,0,3,1,6,2,43,7,1951,2,15,9,1,9
201704SA17096,1,1,0,4,0,0,0,0,0,0,1,1,6,1,32,6,-1,-1,-1,7,1,7
201704SA17096,2,9,0,4,0,0,0,0,0,0,2,1,6,2,37,7,1461,2,2,4,1,4
201704SA17097,1,9,0,13,0,0,0,0,0,0,0,1,6,2,43,7,1197,1,2,9,1,9
201704SA17097,2,1,0,14,0,0,0,0,0,0,4,1,4,1,15,3,-1,-1,-1,-1,-1,-1
201704SA17098,1,9,0,1,0,6,0,0,0,0,2,1,6,2,40,7,1598,1,9,2,1,2
201704SA17098,2,9,0,3,0,1,0,0,0,0,1,1,6,2,32,6,1956,2,3,2,1,2
201704SA17099,1,9,0,18,0,1,0,0,0,0,1,1,6,1,25,5,1198,1,14,5,1,5
201704SA17100,1,9,0,1,0,0,0,0,0,0,2,1,6,1,27,6,1390,1,14,1,1,1
201704SA17100,2,9,0,2,0,0,0,0,0,0,0,1,6,1,28,6,-1,-1,-1,5,1,5
201704SA17101,1,9,0,18,0,4,0,0,0,0,1,1,6,1,32,6,2143,2,4,8,1,8
201704SA17101,2,9,0,3,0,4,0,0,0,0,2,1,6,2,25,5,1248,2,2,2,1,2
201704SA17102,1,9,0,4,0,0,0,0,0,1,1,1,6,1,-1,-1,1461,2,2,-1,-1,-1
201704SA17102,2,9,0,3,0,0,0,0,0,0,2,1,2,1,69,10,1368,1,7,9,1,9
201704SA17103,1,9,0,18,0,1,0,0,0,0,0,1,6,1,64,9,1582,2,2,10,1,10
201704SA17104,1,9,0,9,0,6,0,0,0,0,0,1,1,2,38,7,1242,1,2,6,1,6
201704SA17105,1,9,0,17,0,8,0,0,0,0,1,1,1,1,49,8,1910,2,7,1,1,1
201704SA17105,2,9,0,2,0,8,0,0,0,0,2,1,6,1,65,9,2993,2,7,-1,-1,-1
201704SA17106,1,9,0,5,0,2,0,0,0,0,1,1,1,2,34,6,1560,2,10,2,1,2
201704SA17106,2,9,0,9,0,8,0,0,0,0,1,1,6,1,24,5,1390,1,15,4,1,4
201704SA17107,1,19,0,18,0,0,0,0,0,0,1,1,1,1,28,6,1461,2,3,10,1,10
201704SA17107,2,9,0,18,0,0,0,0,0,0,2,1,2,1,42,7,998,1,1,2,1,2
201704SA17108,1,9,0,9,0,1,0,0,0,0,1,1,6,1,20,4,998,1,4,2,1,2
201704SA17108,2,9,0,18,0,1,0,0,0,0,1,1,6,1,56,9,1685,2,2,-1,-1,-1
201704SA17109,1,9,0,18,0,1,0,0,0,0,1,1,6,1,61,9,1895,1,18,2,1,2
201704SA17109,2,9,0,3,0,1,0,0,0,0,2,1,6,1,41,7,1349,1,9,9,1,9
201704SA17110,1,9,0,18,0,0,0,0,0,0,3,1,6,3,-1,-1,-1,-1,-1,-1,-1,-1
201704SA17110,2,1,0,7,0,0,0,0,0,0,4,1,6,1,47,8,-1,-1,-1,2,1,2
201704SA17112,1,9,0,7,0,5,0,0,0,0,4,1,3,1,56,9,2498,1,19,10,1,10
201704SA17112,2,1,0,18,4,1,0,0,0,0,1,1,2,2,52,8,-1,-1,-1,10,1,10
201704SA17113,1,9,0,18,0,1,0,0,0,0,1,1,6,3,-1,-1,998,1,3,-1,-1,-1
201704SA17113,2,8,0,18,0,1,0,0,0,0,2,1,1,1,30,6,1896,2,12,2,1,2
201704SA17114,1,9,0,9,0,8,0,0,0,0,4,1,6,2,46,8,1598,1,12,10,1,10
201704SA17114,2,1,0,18,4,1,0,0,0,0,1,1,2,2,52,8,-1,-1,-1,10,1,10
201704SA17114,3,1,0,18,4,1,0,0,0,0,1,1,4,1,12,3,-1,-1,-1,9,1,9
201704SA17115,1,9,0,18,0,1,0,0,0,0,1,1,1,1,50,8,-1,-1,-1,9,2,9
201704SA17115,2,9,0,18,0,1,0,0,0,0,2,1,6,2,35,6,1598,1,6,10,1,10
201704SA17115,3,9,0,18,0,1,0,0,0,0,2,1,6,1,66,10,1461,2,2,10,3,10
201704SA17115,4,9,0,9,0,1,0,0,0,0,0,1,6,1,62,9,6750,1,15,8,1,8
201704SA17116,1,9,0,9,0,0,0,0,0,0,1,1,6,2,49,8,1296,1,10,8,1,8
201704SA17116,2,5,0,13,0,0,0,0,7,0,1,1,6,1,21,5,599,1,19,5,1,5
201704SA17117,1,9,0,18,0,0,0,0,0,0,1,1,1,1,48,8,1995,2,2,7,3,7
201704SA17117,2,9,0,3,0,0,0,0,0,0,2,1,6,2,45,7,1198,1,11,1,1,1
201704SA17118,1,9,0,18,0,0,0,0,0,0,1,1,6,2,18,4,1242,1,7,9,2,9
201704SA17118,2,9,0,4,0,0,0,0,0,0,2,1,6,1,29,6,1497,8,9,9,1,9
201704SA17120,1,9,0,18,0,0,1,0,1,10,1,1,6,1,23,5,1461,2,8,-1,-1,-1
201704SA17121,1,9,0,16,0,1,0,0,0,0,1,1,6,2,33,6,1560,2,10,5,1,5
201704SA17121,2,9,0,16,0,1,0,0,0,0,2,1,6,2,55,8,1560,2,3,2,1,2
201704SA17122,1,9,0,4,0,0,0,0,0,0,1,1,2,2,19,4,998,1,1,8,1,8
201704SA17123,1,9,4,3,0,1,0,4,0,0,1,1,6,1,30,6,-1,-1,-1,4,1,4
201704SA17123,2,9,0,3,0,1,0,0,0,0,2,1,2,2,53,8,1198,1,11,8,1,8
201704SA17124,1,9,0,4,0,8,0,0,0,0,1,1,1,1,64,9,-1,-1,-1,7,1,7
201704SA17124,2,9,0,3,0,1,0,0,0,0,2,1,2,1,57,9,1995,2,14,-1,-1,-1
201704SA17125,1,9,0,18,0,1,0,0,0,0,1,1,6,1,45,7,1997,2,9,1,1,1
201704SA17125,2,19,0,2,0,1,0,0,0,0,2,1,1,1,52,8,1995,2,1,-1,-1,-1
201704SA17126,1,9,0,9,0,8,0,0,0,1,0,1,6,3,-1,-1,-1,-1,-1,-1,-1,-1
201704SA17126,2,2,0,18,0,1,2,0,0,0,0,1,6,1,16,4,49,1,7,4,1,4
201704SA17127,1,9,0,18,0,1,0,0,0,0,4,1,2,1,36,7,1998,2,7,2,1,2
201704SA17128,1,19,0,9,0,8,0,0,0,0,3,1,1,1,51,8,1998,2,15,1,1,1
201704SA17128,2,3,0,14,0,1,1,0,0,0,3,1,2,1,20,4,124,1,2,2,1,2
201704SA17129,1,9,0,18,0,4,0,0,0,0,1,1,6,1,33,6,1560,2,2,2,1,2
201704SA17129,2,9,0,18,0,8,0,0,0,0,2,1,6,2,28,6,1596,1,6,10,1,10
201704SA17130,1,9,0,7,0,8,0,0,0,0,4,1,6,1,45,7,1997,2,9,1,1,1
201704SA17130,2,9,0,3,0,1,0,0,0,0,3,1,1,2,23,5,1399,1,1,7,1,7
201704SA17131,1,9,0,18,0,8,0,0,0,0,1,1,6,2,77,11,1198,1,-1,8,2,8
201704SA17131,2,9,0,5,0,8,0,0,0,0,1,1,6,2,49,8,3311,8,9,4,1,4
201704SA17132,1,9,0,13,0,0,0,0,0,1,1,1,6,1,32,6,1995,2,10,3,1,3
201704SA17132,2,9,0,9,0,0,0,0,0,0,3,1,6,1,25,5,1364,1,2,3,1,3
201704SA17133,1,2,0,18,0,6,2,0,0,0,3,1,6,3,-1,-1,49,1,2,-1,-1,-1
201704SA17133,2,11,0,18,0,1,0,0,0,0,1,1,1,1,53,8,4250,2,11,8,3,8
201704SA17134,1,9,0,7,0,2,1,0,1,10,1,1,6,1,-1,-1,2959,2,11,-1,-1,-1
201704SA17134,2,9,0,9,0,4,0,0,0,0,4,1,6,1,66,10,2720,2,12,7,3,7
201704SA17135,1,9,0,14,0,1,0,0,0,0,4,1,6,1,65,9,1364,1,10,8,1,8
201704SA17136,1,9,0,18,0,8,0,0,0,0,1,1,6,2,19,4,1242,1,11,10,2,10
201704SA17136,2,90,0,3,0,2,0,0,0,0,2,1,6,1,17,4,-1,-1,-1,9,1,9
201704SA17137,1,9,0,5,0,0,0,4,7,10,1,1,6,1,64,9,2496,2,15,3,1,3
201704SA17137,2,9,0,2,0,0,0,0,0,0,2,1,6,3,-1,-1,1560,2,11,-1,-1,-1
201704SA17137,3,9,0,2,0,0,0,0,0,0,3,1,6,3,-1,-1,2143,2,7,-1,-1,-1
201704SA17138,1,9,0,9,0,6,0,0,0,0,1,1,6,3,-1,-1,998,1,-1,-1,-1,-1
201704SA17138,2,1,0,18,0,1,5,0,0,0,1,1,6,1,21,5,-1,-1,-1,1,1,1
201704SA17139,1,9,0,12,0,4,0,0,0,0,3,1,6,2,61,9,-1,-1,-1,6,3,6
201704SA17139,2,9,0,18,0,3,0,0,0,0,3,1,6,2,18,4,1390,1,14,-1,-1,-1
201704SA17140,1,9,0,4,0,1,0,0,0,0,1,1,6,1,38,7,1598,2,5,4,1,4
201704SA17140,2,9,0,3,0,1,0,0,0,0,2,1,6,1,37,7,1994,2,14,5,1,5
201704SA17141,1,2,0,7,0,1,1,10,1,0,4,1,6,1,16,4,50,1,2,2,1,2
201704SA17142,1,9,0,5,0,8,0,0,0,0,0,1,6,2,31,6,1753,2,11,5,1,5
201704SA17142,2,11,0,18,2,1,0,0,0,0,0,1,1,1,46,8,6696,2,4,4,1,4
201704SA17143,1,9,0,4,0,0,0,0,0,0,4,1,6,1,17,4,1242,1,5,10,1,10
201704SA17144,1,9,0,18,0,8,0,0,0,0,1,1,6,1,37,7,1595,1,15,-1,-1,-1
201704SA17144,2,9,0,18,0,8,0,0,0,0,1,1,6,2,53,8,1275,1,18,4,1,4
201704SA17145,1,9,0,4,0,1,0,0,0,0,1,1,1,1,28,6,1998,1,-1,5,1,5
201704SA17145,2,1,0,18,0,8,5,0,0,0,3,1,2,1,49,8,-1,-1,-1,5,1,5
201704SA17146,1,8,0,18,0,0,0,0,0,10,1,1,6,1,49,8,2664,2,18,5,1,5
201704SA17147,1,9,0,5,0,1,0,0,0,0,4,1,1,1,33,6,1200,1,4,9,1,9
201704SA17148,1,9,0,18,0,8,1,0,1,0,3,1,6,1,21,5,1242,1,13,10,2,10
201704SA17149,1,9,0,1,0,0,0,0,0,0,2,1,6,2,19,4,998,1,3,6,1,6
201704SA17149,2,9,0,1,0,0,0,0,0,0,2,1,6,2,40,7,1198,1,12,6,1,6
201704SA17150,1,9,0,4,0,1,0,0,0,0,1,1,1,1,68,10,2494,1,17,5,1,5
201704SA17150,2,9,0,4,0,1,0,0,0,0,2,1,6,1,25,5,1199,1,16,-1,-1,-1
201704SA17151,1,11,0,7,0,1,0,0,0,0,4,1,1,1,39,7,8268,2,12,5,1,5
201704SA17151,2,1,0,4,0,1,0,0,1,0,3,1,6,1,63,9,-1,-1,-1,8,1,8
201704SA17152,1,8,0,18,0,8,0,0,0,0,4,1,2,1,50,8,1997,2,11,3,1,3
201704SA17153,1,4,0,13,0,1,0,0,0,0,4,1,2,1,76,11,330,1,5,5,1,5
201704SA17153,2,9,0,5,0,1,0,0,0,0,3,1,6,2,22,5,1560,2,9,4,1,4
201704SA17154,1,9,0,18,0,8,0,0,0,0,4,1,2,1,53,8,2902,2,13,2,1,2
201704SA17154,2,9,0,18,0,4,0,0,0,0,1,1,2,1,27,6,1968,2,8,8,1,8
201704SA17155,1,9,0,9,0,5,0,0,0,0,1,1,1,1,38,7,1896,2,10,3,1,3
201704SA17156,1,9,0,18,0,1,0,0,0,0,1,1,6,2,22,5,1596,1,15,5,1,5
201704SA17157,1,9,0,9,0,8,0,0,0,0,4,1,2,1,44,7,1499,2,2,9,3,9
201704SA17157,2,9,0,18,0,8,1,0,1,0,1,1,2,1,27,6,2204,2,10,2,1,2
201704SA17157,3,9,0,4,0,1,0,0,0,0,1,1,6,1,61,9,1598,2,1,8,3,8
201704SA17158,1,20,0,3,0,2,0,0,0,0,1,1,1,1,43,7,5193,2,2,4,1,4
201704SA17158,2,9,0,3,0,3,0,0,0,0,2,1,1,1,33,6,1596,1,13,3,3,3
201704SA17159,1,9,0,18,0,4,0,0,0,0,1,1,6,2,86,11,998,1,8,6,1,6
201704SA17159,2,9,0,18,0,4,0,0,0,0,2,1,6,1,33,6,1796,1,11,2,1,2
201704SA17160,1,9,0,18,0,0,0,0,0,0,1,1,6,1,27,6,1596,1,14,4,1,4
201704SA17160,2,10,0,18,0,0,0,0,0,0,1,1,1,1,63,9,2400,2,6,8,1,8
201704SA17161,1,8,0,5,0,6,0,0,0,0,1,1,6,1,28,6,1497,8,9,3,1,3
201704SA17161,2,9,0,17,0,1,0,0,0,0,1,1,6,2,41,7,1995,2,6,10,1,10
201704SA17162,1,9,0,7,0,1,0,0,0,0,1,1,2,2,22,5,1396,1,3,4,2,4
201704SA17162,2,9,0,7,0,8,0,0,0,0,2,1,2,1,42,7,1398,2,3,4,1,4
201704SA17163,1,3,0,18,0,1,0,0,0,0,1,1,6,1,21,5,125,1,13,5,1,5
201704SA17164,1,9,0,9,0,5,0,0,0,0,1,1,2,1,60,9,1997,2,7,2,1,2
201704SA17164,2,1,0,18,0,1,0,0,0,0,3,1,2,1,44,7,-1,-1,-1,1,1,1
201704SA17165,1,3,0,18,0,8,0,0,0,0,1,1,6,1,16,4,124,1,1,4,1,4
201704SA17165,2,1,0,9,0,6,0,0,0,0,3,1,6,2,37,7,-1,-1,-1,7,1,7
201704SA17166,1,9,0,3,0,1,0,4,0,0,4,1,6,1,40,7,-1,-1,-1,10,1,10
201704SA17166,2,5,0,4,0,1,0,0,0,0,4,1,6,1,49,8,1700,1,9,9,1,9
201704SA17167,1,9,0,18,9,1,0,0,4,1,1,1,6,1,33,6,2998,1,-1,9,1,9
201704SA17168,1,19,0,13,0,2,0,0,0,0,1,1,2,1,56,9,1560,2,6,4,2,4
201704SA17168,2,9,0,18,0,2,0,0,0,0,0,1,2,1,51,8,1598,2,1,8,1,8
201704SA17169,1,9,0,7,0,1,0,0,0,0,4,1,2,1,31,6,1229,1,12,1,1,1
201704SA17169,2,1,0,18,0,8,0,0,0,0,3,1,6,1,43,7,-1,-1,-1,7,1,7
201704SA17170,1,10,0,18,0,0,0,0,0,0,0,1,1,3,-1,-1,-1,-1,-1,-1,-1,-1
201704SA17171,1,9,0,9,0,1,0,0,0,0,3,1,2,1,19,4,1197,1,1,1,1,1
201704SA17172,1,9,0,4,0,1,0,0,0,0,1,1,6,2,93,11,998,1,16,5,1,5
201704SA17172,2,9,0,3,0,1,0,0,0,0,2,1,6,1,69,10,1498,1,-1,-1,-1,-1
201704SA17173,1,9,0,18,0,1,0,0,0,0,1,1,1,1,28,6,1560,2,2,8,1,8
201704SA17173,2,9,0,3,0,1,0,0,0,0,2,1,6,1,88,11,1598,1,3,7,1,7
201704SA17174,1,11,0,9,0,8,0,0,0,0,0,1,1,1,54,8,4250,2,11,4,1,4
201704SA17175,1,9,0,16,0,8,1,7,1,7,1,1,2,1,63,9,998,1,16,2,1,2
201704SA17176,1,9,0,18,0,4,0,0,0,0,1,1,6,2,25,5,1398,1,1,5,1,5
201704SA17176,2,1,0,18,0,8,0,0,0,0,4,1,6,1,85,11,-1,-1,-1,4,1,4
201704SA17177,1,19,0,4,0,0,0,0,0,0,1,1,1,1,52,8,2198,2,7,7,3,7
201704SA17177,2,9,0,4,0,0,0,0,0,1,2,1,1,1,34,6,-1,-1,-1,1,1,1
201704SA17177,3,9,0,4,0,0,0,0,0,0,2,1,6,2,28,6,1390,1,22,-1,-1,-1