Accident_Index,Vehicle_Reference,Vehicle_Type,Towing_and_Articulation,Vehicle_Manoeuvre,Vehicle_Location-Restricted_Lane,Junction_Location,Skidding_and_Overturning,Hit_Object_in_Carriageway,Vehicle_Leaving_Carriageway,Hit_Object_off_Carriageway,1st_Point_of_Impact,Was_Vehicle_Left_Hand_Drive?,Journey_Purpose_of_Driver,Sex_of_Driver,Age_of_Driver,Age_Band_of_Driver,Engine_Capacity_(CC),Propulsion_Code,Age_of_Vehicle,Driver_IMD_Decile,Driver_Home_Area_Type,Vehicle_IMD_Decile
201704SA17327,2,9,0,2,6,0,0,0,0,0,2,1,6,3,-1,-1,1973,1,16,-1,-1,-1
201704SA17328,1,21,1,11,0,0,0,0,0,0,1,1,1,1,30,6,12902,2,2,10,2,10
201704SA17328,2,9,0,18,0,0,1,0,0,0,3,1,6,1,51,8,1388,1,17,3,1,3
201704SA17329,1,9,0,16,0,3,1,0,0,0,1,1,6,1,18,4,1198,1,-1,3,1,3
201704SA17329,2,9,0,4,0,1,0,0,0,0,1,1,2,1,41,7,1390,1,11,5,1,5
201704SA17330,1,9,0,4,0,1,0,0,0,0,1,1,6,2,29,6,1968,2,10,8,3,8
201704SA17330,2,9,0,4,0,1,0,0,0,0,2,1,2,2,41,7,1560,2,6,7,1,7
201704SA17331,1,8,0,18,0,0,0,0,0,0,1,1,1,1,52,8,1997,2,10,7,1,7
201704SA17332,1,9,0,1,0,0,0,0,0,0,3,1,6,1,66,10,1686,2,11,2,1,2
201704SA17333,1,9,0,18,0,0,0,0,1,10,1,1,6,1,28,6,1582,2,7,1,1,1
201704SA17334,1,9,0,18,0,1,0,0,5,7,1,1,6,1,68,10,1686,2,5,2,1,2
201704SA17334,2,90,0,6,7,7,0,0,0,0,1,1,1,1,25,5,-1,-1,-1,2,1,2
201704SA17335,1,9,0,18,0,0,0,0,0,0,3,1,1,1,43,7,1992,2,11,2,1,2
201704SA17336,1,3,0,18,0,0,0,0,0,0,1,1,6,1,19,4,124,1,4,6,1,6
201704SA17336,2,9,0,18,0,0,0,0,0,0,1,1,6,3,-1,-1,-1,-1,-1,-1,-1,-1
201704SA17337,1,9,0,18,0,0,0,0,0,0,4,1,6,2,51,8,-1,-1,-1,7,1,7
201704SA17338,1,9,0,5,0,4,0,0,0,0,3,1,1,2,45,7,1242,1,4,3,1,3
201704SA17338,2,1,0,18,0,4,0,0,0,0,2,1,6,1,49,8,-1,-1,-1,-1,-1,-1
201704SA17339,1,9,0,18,0,1,0,0,0,0,1,1,6,1,30,6,1968,2,11,-1,-1,-1
201704SA17339,2,9,0,18,0,1,0,0,0,0,2,1,6,2,47,8,1396,1,2,9,1,9
201704SA17340,1,19,0,18,0,1,0,0,0,0,1,1,1,1,52,8,2298,2,2,8,3,8
201704SA17340,2,9,0,18,0,1,0,0,0,0,2,1,6,1,34,6,1598,2,1,10,2,10
201704SA17340,3,9,0,18,0,1,0,0,0,0,2,1,6,2,19,4,1198,1,6,10,3,10
201704SA17341,1,11,0,18,0,0,0,0,0,0,0,1,1,1,48,8,-1,-1,-1,-1,-1,-1
201704SA17342,1,9,0,1,0,1,0,0,0,0,2,1,6,3,-1,-1,1998,1,15,-1,-1,-1
201704SA17342,2,9,0,4,0,1,0,0,0,0,4,1,6,1,34,6,1968,2,9,2,1,2
201704SA17343,1,9,0,18,0,0,0,0,0,0,0,1,6,2,29,6,1461,2,6,2,1,2
201704SA17344,1,9,0,5,0,4,0,0,0,0,3,1,2,1,34,6,1596,1,10,8,1,8
201704SA17344,2,1,0,9,0,8,2,0,0,0,1,1,2,1,44,7,-1,-1,-1,7,3,7
201704SA17345,1,9,0,5,0,6,0,0,0,0,1,1,6,1,72,10,-1,-1,-1,10,2,10
201704SA17345,2,21,0,18,0,1,0,0,1,4,4,1,1,1,49,8,6370,2,9,6,2,6
201704SA17346,1,9,0,18,0,0,0,0,0,0,1,1,6,1,55,8,1896,2,24,3,1,3
201704SA17346,2,9,0,18,0,0,0,0,0,0,2,1,1,1,56,9,1956,2,4,7,2,7
201704SA17346,3,9,0,18,0,0,0,0,0,0,2,1,6,1,65,9,1995,1,5,8,1,8
201704SA17346,4,90,0,2,0,0,0,0,1,0,0,1,2,3,-1,-1,-1,-1,-1,-1,-1,-1
201704SA17347,1,9,0,4,0,1,0,0,0,0,2,1,6,1,22,5,1596,1,10,4,1,4
201704SA17347,2,9,0,4,0,1,0,0,0,0,2,1,6,2,32,6,1198,1,4,-1,-1,-1
201704SA17348,1,9,0,18,0,1,0,0,0,0,1,1,6,2,25,5,1388,1,14,7,3,7
201704SA17348,2,9,0,18,0,1,0,0,0,0,2,1,6,2,25,5,2188,2,12,4,1,4
201704SA17349,1,9,0,18,0,1,0,0,0,0,1,1,2,1,42,7,1781,1,21,-1,-1,-1
201704SA17349,2,90,0,18,0,1,0,0,0,0,1,1,6,1,55,8,-1,-1,-1,-1,-1,-1
201704SA17350,1,1,0,18,0,0,0,0,0,0,3,1,6,1,15,3,-1,-1,-1,2,1,2
201704SA17350,2,9,0,18,0,0,0,0,0,0,1,1,6,2,61,9,1497,1,15,1,1,1
201704SA17351,1,21,0,11,0,8,1,0,0,0,4,1,1,1,43,7,12902,2,3,8,1,8
201704SA17351,2,9,0,18,0,1,0,0,1,7,3,1,6,2,40,7,1364,1,1,2,1,2
201704SA17352,1,9,0,14,0,1,0,0,0,0,1,1,2,1,23,5,1496,2,1,9,1,9
201704SA17352,2,90,0,18,0,1,0,0,0,0,1,1,1,1,52,8,2800,2,4,1,1,1
201704SA17353,1,9,0,4,0,0,0,0,0,0,1,1,1,1,35,6,1497,1,15,2,1,2
201704SA17353,2,9,0,3,0,0,0,0,0,0,2,1,6,1,27,6,1498,1,-1,2,1,2
201704SA17354,1,9,0,18,0,1,0,0,0,0,1,1,6,2,39,7,1600,2,8,1,1,1
201704SA17354,2,9,0,3,0,1,0,0,0,0,2,1,1,1,29,6,1968,2,1,9,1,9
201704SA17355,1,19,0,18,0,0,1,0,0,0,1,1,1,1,33,6,2299,2,1,3,1,3
201704SA17355,2,9,0,4,0,0,0,0,0,0,2,1,2,1,46,8,2993,2,-1,7,1,7
201704SA17356,1,9,0,4,0,1,0,0,0,0,1,1,1,3,-1,-1,-1,-1,-1,-1,-1,-1
201704SA17356,2,9,0,3,0,1,0,0,0,0,2,1,6,1,32,6,2148,2,10,-1,-1,-1
201704SA17357,1,1,0,18,0,2,5,0,0,0,4,1,2,1,27,6,-1,-1,-1,5,1,5
201704SA17357,2,9,0,2,0,2,0,0,0,0,3,1,6,3,-1,-1,1242,1,2,-1,-1,-1
201704SA17358,1,9,0,18,0,1,0,0,0,0,1,1,6,1,29,6,1968,2,2,1,1,1
201704SA17358,2,9,0,2,0,1,0,0,0,0,2,1,6,1,80,11,1248,2,12,7,1,7
201704SA17359,1,2,0,9,0,1,0,0,0,0,1,1,6,1,16,4,49,1,3,6,1,6
201704SA17359,2,9,0,18,2,1,0,0,0,0,1,1,6,2,32,6,1461,2,6,6,2,6
201704SA17360,1,9,0,18,0,8,0,0,0,0,2,1,6,3,66,10,-1,-1,-1,-1,-1,-1
201704SA17361,1,9,0,9,0,0,0,0,0,0,3,1,1,2,31,6,1296,1,10,-1,-1,-1
201704SA17361,2,2,0,14,0,0,0,0,0,0,4,1,6,1,18,4,125,1,1,9,1,9
201704SA17362,1,3,0,9,0,8,0,0,0,0,3,1,6,1,64,9,125,1,55,8,2,8
201704SA17363,1,9,0,17,0,1,0,0,0,0,1,1,6,2,17,4,1240,1,7,6,1,6
201704SA17363,2,9,0,9,0,1,0,0,0,0,2,1,1,2,25,5,1598,2,2,8,2,8
201704SA17364,1,9,0,4,0,0,0,0,0,0,1,1,2,1,66,10,1299,1,15,-1,-1,-1
201704SA17364,2,9,0,4,0,0,0,0,0,0,2,1,2,2,25,5,1598,2,6,-1,-1,-1
201704SA17365,1,9,0,18,0,8,0,0,0,0,1,1,6,1,38,7,2993,2,2,-1,-1,-1
201704SA17366,1,19,0,18,0,0,0,0,0,0,1,1,1,1,48,8,2151,2,13,2,1,2
201704SA17366,2,9,0,18,0,0,0,0,0,0,1,1,3,2,44,7,1995,2,3,10,1,10
201704SA17367,1,9,0,18,0,0,0,0,0,0,1,1,6,1,23,5,1499,2,-1,10,2,10
201704SA17367,2,9,0,18,0,0,0,0,0,0,2,1,6,2,60,9,1598,1,12,4,1,4
201704SA17368,1,9,0,1,0,1,0,0,0,0,2,1,6,1,74,10,1995,2,12,2,1,2
201704SA17368,2,9,0,4,0,6,0,0,0,0,4,1,3,2,37,7,1398,1,13,1,1,1
201704SA17369,1,21,1,12,0,0,0,0,0,0,1,1,1,1,50,8,12740,2,7,9,1,9
201704SA17369,2,9,0,13,0,0,0,0,0,0,4,1,6,1,82,11,1968,2,1,8,2,8
201704SA17370,1,90,0,4,0,1,0,0,0,0,1,1,1,1,27,6,-1,-1,-1,-1,-1,-1
201704SA17370,2,1,0,18,0,1,0,0,0,0,1,1,4,2,16,4,-1,-1,-1,-1,-1,-1
201704SA17371,1,9,0,9,0,5,0,0,0,0,1,1,6,2,37,7,1560,2,4,6,1,6
201704SA17371,2,5,0,18,0,1,0,0,0,7,1,1,6,1,73,10,1100,1,19,9,1,9
201704SA17372,1,9,0,9,0,5,0,0,0,0,4,1,6,2,32,6,1956,2,4,4,1,4
201704SA17372,2,1,0,18,0,1,0,0,0,0,1,1,6,1,41,7,-1,-1,-1,2,1,2
201704SA17373,1,9,0,18,0,1,0,0,0,0,4,1,6,1,25,5,1968,2,8,1,1,1
201704SA17374,1,9,0,18,0,0,0,0,0,0,1,1,6,1,54,8,1781,1,18,5,1,5
201704SA17374,2,9,0,10,0,0,0,0,0,0,2,1,6,1,25,5,1796,1,12,8,1,8
201704SA17375,1,9,0,18,8,8,0,0,0,0,1,1,2,2,28,6,1598,1,13,1,1,1
201704SA17375,2,9,0,5,0,4,0,0,0,0,3,1,2,2,54,8,1461,2,7,6,1,6
201704SA17376,1,8,0,18,0,0,0,0,0,0,1,1,1,1,55,8,-1,-1,-1,2,1,2
201704SA17377,1,9,0,13,0,0,1,0,7,4,3,1,6,1,31,6,1396,1,13,1,1,1
201704SA17377,2,9,0,4,0,0,0,0,0,0,0,1,1,3,47,8,2993,2,-1,9,1,9
201704SA17378,1,9,0,9,0,8,0,0,7,0,1,1,6,2,32,6,1398,1,2,5,1,5
201704SA17378,2,9,0,18,0,8,0,0,0,0,1,1,2,1,23,5,1198,1,13,1,1,1
201704SA17379,1,9,0,9,0,8,0,0,0,0,1,1,1,1,27,6,-1,-1,-1,1,1,1
201704SA17379,2,9,0,18,0,8,0,0,0,0,4,1,6,1,72,10,1399,2,10,9,1,9
201704SA17380,1,9,0,16,0,1,0,0,0,0,1,1,6,1,32,6,1598,2,5,-1,-1,-1
201704SA17380,2,9,0,5,0,8,0,0,0,0,1,1,6,2,27,6,2143,2,3,5,1,5
201704SA17381,1,9,0,9,0,8,0,0,0,0,1,1,6,1,71,10,998,1,16,5,1,5
201704SA17382,1,1,0,18,0,1,0,0,0,0,1,1,6,1,56,9,-1,-1,-1,5,1,5
201704SA17382,2,9,0,5,0,6,0,0,0,0,3,1,6,1,32,6,-1,-1,-1,6,1,6
201704SA17383,1,9,0,9,0,8,0,0,0,0,1,1,6,1,23,5,1399,2,10,2,1,2
201704SA17383,2,9,0,18,0,8,0,0,0,0,1,1,6,1,41,7,-1,-1,-1,9,1,9
201704SA17384,1,9,0,18,0,4,5,0,3,1,1,1,6,2,62,9,1598,1,12,6,1,6
201704SA17384,2,9,0,18,0,8,0,0,0,0,4,1,1,2,35,6,1968,2,1,-1,-1,-1
201704SA17384,3,9,0,3,0,1,0,0,0,0,3,1,6,1,41,7,1598,2,1,4,1,4
201704SA17385,1,21,1,11,0,0,0,0,0,0,4,1,1,1,63,9,12740,2,1,7,3,7
201704SA17385,2,9,0,18,0,0,1,0,0,0,3,1,6,2,52,8,1199,2,3,8,3,8
201704SA17385,3,9,0,18,0,0,1,0,0,0,1,1,1,2,50,8,1499,2,-1,-1,1,-1
201704SA17386,1,11,0,7,0,6,0,0,0,0,3,1,3,1,51,8,-1,2,17,1,1,1
201704SA17386,2,19,0,18,0,1,0,0,1,0,3,1,1,1,35,6,1995,2,-1,5,1,5
201704SA17387,1,9,0,14,0,0,0,0,0,0,4,1,6,2,76,11,1298,1,11,2,1,2
201704SA17387,2,9,0,2,0,0,0,0,0,0,4,1,6,3,-1,-1,1995,2,7,-1,-1,-1
201704SA17388,1,9,0,13,0,0,1,0,2,7,1,1,2,2,29,6,1496,2,1,8,1,8
201704SA17388,2,21,1,18,0,0,1,0,0,0,1,1,1,1,31,6,12902,2,2,6,3,6
201704SA17389,1,9,0,17,0,0,1,0,0,10,4,1,2,1,25,5,1399,2,6,10,2,10
201704SA17391,1,9,0,18,0,1,0,0,0,0,2,1,6,3,-1,-1,-1,-1,-1,-1,-1,-1
201704SA17391,2,9,0,3,0,1,0,0,0,0,2,1,6,2,27,6,-1,-1,-1,6,1,6
201704SA17392,1,9,0,4,0,1,0,0,0,0,3,1,6,2,33,6,1598,1,4,9,1,9
201704SA17393,1,9,0,4,0,0,0,0,0,0,2,1,6,1,23,5,1398,1,-1,2,1,2
201704SA17393,2,9,0,4,0,0,0,0,0,0,1,1,2,2,28,6,1968,2,3,1,1,1
201704SA17393,3,9,0,4,0,0,0,0,0,0,2,1,6,1,39,7,1199,2,5,4,1,4
201704SA17393,4,9,0,18,0,0,0,0,0,0,1,1,6,1,30,6,2000,2,7,9,3,9
201704SA17394,1,9,0,18,0,8,0,0,3,0,4,1,2,1,53,8,1984,2,6,9,1,9
201704SA17394,2,9,0,18,0,8,0,0,0,0,1,1,6,2,54,8,2204,2,12,9,1,9
201704SA17394,3,9,0,4,0,1,0,0,0,0,1,1,2,2,22,5,1242,1,6,7,1,7
201704SA17395,1,9,0,18,0,8,2,0,3,0,1,1,6,2,24,5,1360,1,10,1,1,1
201704SA17396,1,5,0,15,0,0,2,0,0,0,1,1,6,1,21,5,599,1,13,-1,-1,-1
201704SA17396,2,9,0,18,0,0,0,0,0,0,0,1,2,2,51,8,1086,1,13,5,1,5
201704SA17396,3,9,0,18,0,0,0,0,0,0,1,1,6,1,36,7,1968,2,9,10,1,10
201704SA17397,1,9,0,3,0,1,0,0,0,0,3,1,6,1,51,8,1328,1,15,10,1,10
201704SA17397,2,9,0,3,0,1,0,0,0,0,2,1,6,1,41,7,1229,1,8,5,1,5
201704SA17398,1,9,0,1,0,0,0,0,0,0,2,1,6,1,32,6,1976,1,7,9,3,9
201704SA17399,1,9,0,10,0,1,0,0,0,0,1,1,6,1,88,11,1596,1,15,4,1,4
201704SA17399,2,90,0,18,0,1,0,0,0,0,3,1,1,1,48,8,-1,-1,-1,-1,-1,-1
201704SA17400,1,9,0,5,0,1,0,0,0,0,1,1,6,3,-1,-1,-1,-1,-1,-1,-1,-1
201704SA17400,2,8,0,18,0,8,0,0,0,0,1,1,2,1,21,5,1497,8,9,3,1,3
201704SA17401,1,9,0,9,0,0,0,0,0,0,2,1,6,1,32,6,1997,2,17,2,1,2
201704SA17401,2,9,0,13,0,0,0,0,0,0,2,1,6,1,92,11,1596,1,12,4,1,4
201704SA17402,1,9,0,3,0,1,0,0,1,0,4,1,6,2,72,10,1398,1,5,4,1,4
201704SA17402,2,1,0,18,0,1,0,0,0,0,3,1,6,1,40,7,-1,-1,-1,10,1,10
201704SA17403,1,9,0,5,0,8,0,0,0,0,1,1,6,2,18,4,1149,1,13,9,1,9
201704SA17404,1,9,0,12,0,0,0,0,0,0,3,1,6,3,-1,-1,4367,2,-1,-1,-1,-1
201704SA17404,2,9,0,18,0,0,0,0,0,0,4,1,6,1,31,6,1798,1,2,7,1,7
201704SA17405,1,9,4,3,0,1,0,0,0,0,3,1,6,3,-1,-1,2495,2,13,-1,-1,-1
201704SA17405,2,5,0,3,0,1,0,0,0,0,4,1,6,1,30,6,599,1,20,2,1,2
201704SA17406,1,9,0,18,0,0,1,0,1,0,3,1,6,1,26,6,3498,1,12,7,1,7
201704SA17407,1,1,0,9,0,1,0,0,0,0,3,1,6,1,38,7,-1,-1,-1,10,1,10
201704SA17407,2,9,0,9,0,5,0,0,0,0,1,1,1,2,41,7,1339,1,12,10,1,10
201704SA17408,1,19,0,4,0,2,1,0,0,0,1,1,2,1,31,6,2402,2,16,2,1,2
201704SA17408,2,9,0,3,0,1,0,0,0,0,0,1,6,1,47,8,1248,2,8,3,1,3
201704SA17409,1,9,0,9,0,8,0,0,0,0,1,1,6,1,60,9,2496,1,12,7,1,7
201704SA17409,2,9,0,18,0,8,0,0,0,0,1,1,6,2,33,6,1390,1,13,2,1,2
201704SA17410,1,9,0,18,0,0,0,0,0,0,1,1,2,1,45,7,998,1,4,-1,-1,-1
201704SA17410,2,9,0,4,0,0,0,0,0,0,2,1,6,1,52,8,1560,2,3,2,1,2
201704SA17410,3,9,0,4,0,0,0,0,0,0,2,1,2,1,53,8,1998,2,7,3,1,3
201704SA17411,1,9,0,16,0,0,2,0,7,4,1,1,6,2,21,5,1560,2,8,9,3,9
201704SA17412,1,9,0,4,0,0,0,0,0,0,1,1,2,1,50,8,1248,2,6,4,1,4
201704SA17412,2,9,0,4,0,0,0,0,0,0,1,1,6,1,32,6,1496,2,2,8,1,8
201704SA17412,3,9,0,4,0,0,0,0,0,0,2,1,2,2,42,7,1598,1,11,9,2,9
201704SA17412,4,19,0,4,0,0,0,0,0,0,2,1,1,1,43,7,1598,2,3,10,1,10
201704SA17413,1,9,0,5,0,0,0,0,0,0,0,1,6,1,20,4,1560,2,-1,4,1,4
201704SA17413,2,9,0,2,0,0,0,0,0,0,0,1,1,1,53,8,1798,1,6,4,1,4
201704SA17414,1,11,0,5,0,4,0,0,0,0,1,1,3,1,33,6,6871,2,8,2,1,2
201704SA17414,2,9,0,18,0,3,1,0,0,0,4,1,2,1,29,6,1995,2,5,6,1,6
201704SA17415,1,9,0,3,0,1,1,0,8,6,2,1,2,1,27,6,2204,2,10,2,1,2
201704SA17415,2,21,1,18,0,1,1,0,0,0,3,1,1,1,55,8,12777,2,2,-1,1,-1
201704SA17415,3,19,0,18,0,1,0,1,0,0,1,1,1,1,42,7,2143,2,2,1,1,1
201704SA17415,4,21,1,11,0,1,0,1,0,0,1,1,1,1,29,6,12900,2,6,-1,1,-1
201704SA17415,5,9,0,18,0,1,1,1,0,0,1,1,6,1,47,8,1461,2,5,-1,1,-1
201704SA17415,6,10,0,18,0,1,0,0,0,0,0,1,1,1,42,7,-1,-1,-1,3,1,3
201704SA17415,7,21,1,18,0,1,0,0,0,0,0,1,1,1,52,8,12419,2,4,-1,1,-1
201704SA17416,1,9,0,13,0,1,0,0,0,0,1,1,1,1,49,8,2993,2,1,2,1,2
201704SA17416,2,9,0,9,0,1,0,0,0,0,1,1,6,1,50,8,1686,2,6,10,1,10
201704SA17417,1,9,0,18,0,1,0,0,0,0,1,1,6,2,48,8,1783,1,13,7,3,7
201704SA17417,2,9,0,18,0,8,0,0,0,0,3,1,6,1,19,4,1399,2,13,-1,-1,-1
201704SA17418,1,9,0,18,0,1,1,0,1,10,1,1,6,1,18,4,1242,1,9,9,3,9
201704SA17418,2,9,0,9,0,8,1,0,1,0,1,1,6,1,25,5,1896,2,15,8,3,8
201704SA17419,1,9,0,18,0,3,0,0,0,0,1,1,6,1,71,10,1998,2,15,4,1,4
201704SA17419,2,9,0,4,0,1,0,0,0,0,2,1,6,1,78,11,1149,1,6,7,1,7
201704SA17419,3,9,0,7,0,1,0,0,0,0,2,1,6,2,49,8,2184,2,13,8,1,8
201704SA17420,1,9,0,5,0,1,0,0,0,0,4,1,6,2,57,9,2987,2,10,9,1,9
201704SA17421,1,8,0,18,0,6,0,0,0,0,4,1,1,1,47,8,1497,8,9,1,1,1
201704SA17421,2,8,0,18,0,8,0,0,0,0,1,1,1,1,49,8,1870,2,15,8,1,8
201704SA17422,1,9,0,18,0,0,1,6,0,0,1,1,6,3,-1,-1,1686,2,11,-1,-1,-1
201704SA17423,1,9,0,15,0,0,0,0,0,0,4,1,6,3,-1,-1,1781,1,14,-1,-1,-1
201704SA17423,2,9,0,2,0,0,0,0,0,0,2,1,3,3,-1,-1,1968,2,-1,-1,-1,-1
201704SA17424,1,9,0,9,0,8,0,0,0,0,1,1,6,2,68,10,1984,1,10,10,1,10
201704SA17424,2,1,0,18,0,8,0,0,0,0,1,1,6,1,28,6,-1,-1,-1,5,1,5
201704SA17425,1,1,0,18,0,6,0,0,0,0,1,1,6,1,23,5,-1,-1,-1,-1,-1,-1
201704SA17425,2,9,0,18,0,1,0,0,0,0,1,1,2,2,28,6,1242,1,9,4,1,4
201704SA17426,1,9,0,1,0,0,0,0,0,0,2,1,6,2,26,6,2143,2,1,1,1,1
201704SA17426,2,11,0,18,0,0,0,0,0,0,4,1,6,1,45,7,5132,2,1,6,2,6
201704SA17427,1,9,0,17,0,1,0,0,3,2,1,1,6,1,26,6,1242,1,13,9,1,9
201704SA17428,1,5,0,7,0,1,1,0,1,10,1,1,6,1,22,5,599,1,18,6,3,6
201704SA17429,1,9,0,9,0,8,0,0,0,0,1,1,3,2,26,6,1798,1,10,2,1,2
201704SA17431,1,9,0,18,0,1,0,0,0,0,1,1,6,1,31,6,-1,-1,-1,1,1,1
201704SA17431,2,19,0,10,0,1,0,0,0,0,2,1,1,1,45,7,1499,2,-1,8,1,8
201704SA17431,3,9,0,18,0,1,0,0,0,0,1,1,1,1,44,7,-1,-1,-1,9,3,9
201704SA17431,4,9,0,10,0,1,0,0,0,0,1,1,6,2,47,8,1598,1,7,10,1,10
201704SA17432,1,9,0,9,0,8,0,0,0,0,1,1,2,1,19,4,1598,2,5,10,1,10
201704SA17432,2,9,0,18,0,8,0,0,0,0,1,1,6,1,28,6,1560,2,7,2,1,2
201704SA17433,1,9,0,9,0,3,0,0,3,0,1,1,2,2,45,7,1388,1,14,6,1,6
201704SA17433,2,9,0,18,0,4,0,0,7,0,1,1,6,3,-1,-1,-1,-1,-1,-1,-1,-1
201704SA17434,1,9,0,7,0,1,0,0,0,0,1,1,2,2,25,5,1398,1,2,3,1,3
201704SA17435,1,9,0,7,0,8,0,0,0,0,3,1,6,2,20,4,1242,1,4,10,1,10
201704SA17435,2,4,0,18,0,1,2,0,0,0,1,1,6,1,19,4,296,1,2,8,1,8
201704SA17436,1,9,0,5,0,6,0,0,0,0,4,1,6,1,38,7,1794,7,12,1,1,1
201704SA17436,2,8,0,18,0,1,0,0,0,0,1,1,6,1,62,9,1956,2,3,5,1,5
201704SA17437,1,8,0,18,0,8,0,0,0,0,1,1,1,1,48,8,-1,-1,-1,-1,-1,-1
201704SA17437,2,20,0,18,0,8,0,0,0,0,1,1,6,3,-1,-1,-1,-1,-1,-1,-1,-1
201704SA17438,1,11,0,4,0,1,0,0,0,0,0,1,6,1,67,10,8268,2,15,3,1,3
201704SA17439,1,1,0,7,0,2,0,0,0,0,1,1,6,1,13,3,-1,-1,-1,-1,-1,-1
201704SA17439,2,9,0,18,0,1,0,0,0,0,1,1,6,1,36,7,1968,2,12,1,1,1
201704SA17440,1,9,0,4,0,0,0,0,0,0,1,1,2,1,19,4,1242,1,13,9,2,9
201704SA17440,2,9,0,4,0,0,0,0,0,0,2,1,2,2,22,5,1686,2,6,6,1,6
201704SA17441,1,10,0,18,0,1,0,0,0,0,0,1,1,1,69,10,2198,2,5,5,1,5
201704SA17442,1,9,0,18,0,0,0,0,0,0,1,1,6,1,53,8,998,1,6,5,1,5
201704SA17442,2,21,0,18,0,0,0,0,0,0,3,1,1,1,44,7,6692,2,6,9,1,9
201704SA17442,3,9,0,2,0,0,0,0,0,0,3,1,6,3,-1,-1,1598,1,11,-1,-1,-1
201704SA17443,1,5,0,18,0,1,1,4,7,0,1,1,6,1,34,6,599,1,15,1,1,1
201704SA17443,2,9,0,2,0,1,0,0,0,0,1,1,6,3,-1,-1,1229,1,7,-1,-1,-1
201704SA17443,3,9,0,2,0,1,0,0,0,0,4,1,6,3,-1,-1,1199,1,15,-1,-1,-1
201704SA17443,4,9,0,2,0,1,0,0,0,0,3,1,6,3,-1,-1,1248,1,6,-1,-1,-1
201704SA17444,1,9,0,18,0,1,0,0,0,0,1,1,2,2,25,5,1560,2,4,-1,-1,-1
201704SA17444,2,9,0,4,0,1,0,0,0,0,3,1,1,1,53,8,1497,8,10,-1,-1,-1
201704SA17445,1,9,0,17,0,4,0,0,0,10,1,1,6,1,34,6,1686,2,10,2,1,2
201704SA17445,2,9,0,17,0,4,0,0,0,0,1,1,1,1,29,6,1969,2,-1,4,1,4
201704SA17446,1,1,0,18,0,0,0,0,0,0,1,1,6,1,23,5,-1,-1,-1,7,1,7
201704SA17447,1,9,0,18,0,0,0,0,0,0,0,1,6,3,-1,-1,1360,1,13,-1,-1,-1
201704SA17447,2,9,0,18,0,0,0,0,0,0,0,1,6,1,37,7,1560,2,8,4,2,4
201704SA17448,1,9,0,8,0,1,0,0,0,0,2,1,6,2,40,7,2979,1,7,6,1,6
201704SA17448,2,9,5,16,0,1,0,0,0,0,1,1,6,2,44,7,1968,2,3,8,1,8
201704SA17449,1,9,0,1,0,1,0,0,0,0,2,1,2,2,47,8,1998,1,10,-1,-1,-1
201704SA17450,1,3,0,4,0,0,0,0,0,0,1,1,6,3,-1,-1,-1,-1,-1,-1,-1,-1
201704SA17451,1,3,0,16,0,4,1,0,3,1,1,1,1,1,58,9,124,1,4,-1,-1,-1
201704SA17452,1,2,0,18,0,0,1,0,0,0,4,1,1,2,22,5,49,1,10,3,1,3
201704SA17453,1,9,0,3,0,0,0,0,0,0,2,1,6,1,41,7,-1,-1,-1,1,1,1
201704SA17453,2,9,0,3,0,0,0,0,0,0,1,1,6,1,31,6,1998,2,10,2,1,2
201704SA17454,1,9,0,6,0,0,0,0,0,0,3,2,6,1,30,6,1596,1,6,10,1,10
201704SA17455,1,9,0,7,0,5,0,0,0,0,3,1,6,1,44,7,998,1,16,3,1,3
201704SA17455,2,9,0,4,0,1,0,0,0,0,3,1,6,2,35,6,1956,2,4,1,1,1
201704SA17456,1,9,0,5,0,2,0,0,2,0,1,1,2,2,44,7,996,1,5,-1,-1,-1
201704SA17456,2,1,0,18,0,1,0,0,0,0,1,1,6,1,37,7,-1,-1,-1,1,1,1
201704SA17457,1,9,0,9,0,8,0,0,0,0,1,1,1,1,31,6,-1,-1,-1,7,1,7
201704SA17457,2,1,0,18,0,8,0,0,0,0,3,1,2,1,42,7,-1,-1,-1,1,1,1
201704SA17458,1,9,0,11,0,0,0,0,0,0,4,1,2,1,48,8,1296,1,10,4,1,4
201704SA17458,2,1,0,18,0,0,0,0,0,0,2,1,6,2,50,8,-1,-1,-1,10,1,10
201704SA17459,1,9,0,18,0,0,0,0,0,0,1,1,6,1,32,6,1598,2,7,8,1,8
201704SA17459,2,9,0,18,0,0,0,0,0,0,2,1,6,2,21,5,1149,1,7,9,1,9
201704SA17460,1,8,0,9,0,8,0,0,0,0,0,1,1,1,42,7,2148,2,7,4,1,4
201704SA17461,1,9,0,5,0,8,0,0,0,0,1,1,2,1,60,9,2184,2,13,10,1,10
201704SA17461,2,9,0,18,0,8,0,0,0,0,1,1,6,1,64,9,1590,1,13,6,1,6
201704SA17462,1,9,0,5,0,1,0,0,0,0,0,1,6,3,-1,-1,-1,-1,-1,-1,-1,-1
201704SA17462,2,11,0,4,0,1,0,0,0,0,0,1,1,1,51,8,9000,2,8,2,1,2
201704SA17463,1,9,0,18,9,2,0,0,1,1,1,1,6,2,76,11,1968,2,4,10,3,10
201704SA17464,1,9,0,9,0,4,0,0,0,0,1,1,6,1,67,10,1390,1,5,9,1,9
201704SA17464,2,1,0,9,0,4,0,0,0,0,4,1,6,1,64,9,-1,-1,-1,-1,-1,-1
201704SA17465,1,9,0,5,0,1,0,0,0,0,1,1,6,1,54,8,1896,2,13,7,1,7
201704SA17465,2,1,0,5,0,1,0,0,0,0,1,1,6,2,51,8,-1,-1,-1,-1,-1,-1
201704SA17466,1,9,0,18,0,2,0,0,0,0,4,1,6,1,47,8,1910,2,9,1,1,1