Accident_Index,Vehicle_Reference,Vehicle_Type,Towing_and_Articulation,Vehicle_Manoeuvre,Vehicle_Location-Restricted_Lane,Junction_Location,Skidding_and_Overturning,Hit_Object_in_Carriageway,Vehicle_Leaving_Carriageway,Hit_Object_off_Carriageway,1st_Point_of_Impact,Was_Vehicle_Left_Hand_Drive?,Journey_Purpose_of_Driver,Sex_of_Driver,Age_of_Driver,Age_Band_of_Driver,Engine_Capacity_(CC),Propulsion_Code,Age_of_Vehicle,Driver_IMD_Decile,Driver_Home_Area_Type,Vehicle_IMD_Decile
201704SA17467,1,9,0,17,0,1,0,0,0,0,1,1,6,1,39,7,1390,1,12,1,1,1
201704SA17467,2,90,0,18,0,1,0,0,0,0,2,1,6,3,-1,-1,-1,-1,-1,-1,-1,-1
201704SA17468,1,9,0,6,0,1,0,0,0,0,1,1,6,3,-1,-1,-1,-1,-1,-1,-1,-1
201704SA17468,2,4,0,14,0,1,1,0,0,0,4,1,6,1,17,4,-1,-1,-1,4,1,4
201704SA17469,1,5,0,16,0,0,1,0,0,0,3,1,6,1,55,8,748,1,25,3,1,3
201704SA17470,1,9,0,9,0,6,0,0,0,0,1,1,2,2,26,6,1598,2,7,3,1,3
201704SA17470,2,19,0,18,0,8,0,0,0,0,4,1,1,1,52,8,2198,2,10,10,2,10
201704SA17471,1,9,0,9,0,5,0,0,0,0,3,1,6,2,41,7,4921,2,13,4,2,4
201704SA17471,2,9,0,18,0,8,0,0,0,0,4,1,6,2,29,6,1388,1,13,9,1,9
201704SA17472,1,9,0,18,0,4,0,0,0,0,1,1,6,1,33,6,1796,1,11,2,1,2
201704SA17472,2,1,0,18,0,8,0,0,0,0,1,1,6,1,38,7,-1,-1,-1,5,1,5
201704SA17473,1,9,0,2,0,0,0,0,0,0,3,1,1,2,45,7,1390,1,3,5,1,5
201704SA17473,2,1,0,18,0,0,0,0,0,0,1,1,2,1,29,6,-1,-1,-1,-1,-1,-1
201704SA17474,1,1,0,18,0,8,0,0,0,0,4,1,6,2,10,2,-1,-1,-1,3,1,3
201704SA17474,2,9,0,18,0,1,0,0,0,0,1,1,1,1,55,8,998,1,16,2,1,2
201704SA17475,1,9,0,4,0,0,0,0,0,0,2,1,3,1,34,6,1956,2,-1,3,1,3
201704SA17475,2,9,0,18,0,0,0,4,0,0,1,1,6,2,29,6,998,1,1,9,1,9
201704SA17476,1,9,0,9,0,0,0,0,0,0,1,1,1,1,30,6,998,1,-1,1,1,1
201704SA17476,2,3,0,18,0,0,5,0,0,0,1,1,6,1,21,5,124,1,-1,7,1,7
201704SA17477,1,9,0,9,0,8,0,0,0,0,4,1,6,2,31,6,1461,2,4,4,1,4
201704SA17477,2,9,0,18,0,1,0,0,0,0,1,1,6,1,69,10,2143,2,8,-1,-1,-1
201704SA17477,3,9,0,2,0,1,0,0,0,0,1,1,6,2,23,5,1242,1,3,9,1,9
201704SA17478,1,9,0,9,0,6,0,0,0,0,1,2,6,2,25,5,-1,-1,-1,7,1,7
201704SA17478,2,3,0,18,0,1,5,0,0,0,1,1,6,1,28,6,124,1,5,4,1,4
201704SA17479,1,90,0,7,0,8,0,0,0,0,3,1,2,1,32,6,-1,-1,-1,8,1,8
201704SA17479,2,90,0,17,0,1,2,0,0,1,4,1,2,1,53,8,-1,-1,-1,4,1,4
201704SA17480,1,9,0,4,0,0,0,0,1,0,2,1,6,1,48,8,1598,1,7,7,2,7
201704SA17480,2,9,0,18,0,0,0,4,0,0,4,1,6,1,58,9,5998,1,12,-1,3,-1
201704SA17480,3,9,0,12,0,0,0,0,0,0,4,1,6,1,76,11,2143,2,6,8,1,8
201704SA17481,1,4,0,13,0,3,0,0,0,0,2,1,2,1,43,7,125,1,2,8,1,8
201704SA17481,2,8,0,5,0,3,0,0,0,0,2,1,1,1,41,7,1997,2,9,1,1,1
201704SA17482,1,9,0,18,0,0,0,0,0,0,1,1,6,1,43,7,1248,2,11,1,1,1
201704SA17482,2,9,0,4,0,0,0,0,0,0,2,1,6,1,62,9,1348,1,15,1,1,1
201704SA17483,1,9,0,18,0,4,0,0,0,0,1,1,2,2,53,8,1396,1,8,10,3,10
201704SA17483,2,3,0,9,0,3,0,0,0,0,4,1,1,2,32,6,125,1,-1,2,1,2
201704SA17484,1,9,0,12,0,0,0,0,0,0,0,1,6,2,29,6,1248,2,8,3,1,3
201704SA17484,2,9,0,18,0,0,0,0,0,6,4,1,2,1,50,8,1997,2,3,9,1,9
201704SA17484,3,19,0,3,0,0,0,0,0,0,3,1,1,1,43,7,1560,2,7,-1,-1,-1
201704SA17485,1,9,0,4,0,1,0,0,0,0,3,1,2,1,30,6,1341,1,14,2,1,2
201704SA17486,1,9,0,18,0,0,0,0,0,0,1,1,2,2,22,5,1229,1,5,8,2,8
201704SA17486,2,9,0,18,0,0,0,0,0,0,1,1,2,2,60,9,1496,1,2,6,1,6
201704SA17487,1,9,0,5,0,1,0,0,0,0,1,1,6,1,33,6,1360,1,13,1,1,1
201704SA17487,2,9,0,18,0,1,0,0,0,0,3,1,6,2,42,7,1398,1,16,4,1,4
201704SA17488,1,9,0,4,0,0,0,0,0,0,1,1,6,1,43,7,-1,-1,-1,5,1,5
201704SA17488,2,9,0,3,0,0,0,0,0,0,2,1,1,1,34,6,1242,1,4,8,2,8
201704SA17489,1,9,0,9,0,1,0,0,0,0,1,1,1,2,28,6,1422,2,15,1,1,1
201704SA17489,2,9,0,18,0,8,0,0,0,0,1,1,1,1,20,4,1396,1,17,2,1,2
201704SA17490,1,9,0,3,0,1,0,0,0,0,2,1,6,2,35,6,1598,2,1,10,1,10
201704SA17490,2,9,0,4,0,1,0,0,0,0,1,1,6,2,31,6,1242,1,5,6,1,6
201704SA17491,1,9,0,18,0,2,0,0,0,0,1,1,2,1,61,9,1796,1,13,10,1,10
201704SA17492,1,9,0,18,0,0,0,0,2,0,4,1,6,2,45,7,1968,2,3,2,1,2
201704SA17493,1,9,0,9,0,5,0,0,0,1,1,1,6,1,52,8,2993,2,6,8,1,8
201704SA17493,2,1,0,5,0,1,0,0,0,1,1,1,2,2,55,8,-1,-1,-1,10,2,10
201704SA17494,1,9,0,5,0,6,0,0,1,0,0,1,6,2,35,6,1388,1,6,-1,-1,-1
201704SA17495,1,19,0,18,0,8,1,0,1,0,1,1,1,1,34,6,2402,2,9,3,1,3
201704SA17495,2,21,0,3,0,8,0,0,0,0,3,1,1,1,60,9,-1,-1,-1,2,1,2
201704SA17496,1,9,0,9,0,5,0,0,0,0,0,1,6,1,48,8,1198,1,2,-1,-1,-1
201704SA17496,2,1,0,18,0,1,0,0,0,0,1,1,6,1,38,7,-1,-1,-1,-1,-1,-1
201704SA17497,1,9,0,9,0,5,0,0,0,0,1,1,6,1,25,5,1984,1,9,-1,-1,-1
201704SA17498,1,9,0,7,0,4,0,0,0,0,0,1,6,2,57,9,1781,1,14,4,1,4
201704SA17498,2,3,0,18,0,4,2,0,0,0,3,1,6,1,41,7,125,1,1,2,1,2
201704SA17499,1,9,0,18,0,1,0,0,0,0,1,1,2,1,63,9,1339,1,5,2,1,2
201704SA17500,1,9,0,5,0,8,0,0,0,0,1,1,6,2,40,7,1998,1,15,-1,-1,-1
201704SA17500,2,1,0,18,0,8,2,0,0,0,1,1,6,1,46,8,-1,-1,-1,-1,-1,-1
201704SA17501,1,8,0,5,0,6,0,0,0,0,1,1,1,1,51,8,1797,8,7,1,1,1
201704SA17501,2,9,0,1,0,8,5,0,0,1,1,1,6,2,82,11,1598,1,14,10,1,10
201704SA17502,1,9,0,18,0,0,0,0,0,0,1,1,6,3,-1,-1,1896,2,11,-1,-1,-1
201704SA17502,2,9,0,18,0,0,0,0,0,0,2,1,6,1,22,5,1975,1,10,3,1,3
201704SA17503,1,90,0,4,0,0,0,0,0,0,1,1,6,1,26,6,-1,-1,-1,3,1,3
201704SA17503,2,9,0,2,0,0,0,0,0,0,0,1,6,2,17,4,1242,1,6,-1,-1,-1
201704SA17504,1,90,0,1,0,1,0,0,0,0,2,1,1,1,53,8,-1,-1,-1,-1,-1,-1
201704SA17505,1,9,0,4,0,1,1,0,0,1,1,1,1,1,44,7,1968,2,7,10,1,10
201704SA17506,1,9,0,18,0,8,1,0,0,0,1,1,6,2,22,5,1596,1,7,1,1,1
201704SA17506,2,90,0,18,0,8,0,0,0,0,2,1,1,1,37,7,6871,2,9,8,1,8
201704SA17507,1,9,0,9,0,6,0,0,0,0,3,1,2,2,58,9,1390,1,6,9,1,9
201704SA17507,2,1,0,17,0,8,0,0,0,0,1,1,6,2,56,9,-1,-1,-1,-1,-1,-1
201704SA17508,1,9,0,18,0,8,0,0,0,0,1,1,6,2,23,5,998,1,4,-1,-1,-1
201704SA17509,1,9,0,18,0,0,0,0,0,0,0,1,6,3,-1,-1,-1,-1,-1,-1,-1,-1
201704SA17509,2,9,0,18,0,0,0,0,0,0,2,1,6,1,36,7,1386,1,8,4,1,4
201704SA17509,3,19,0,18,0,0,0,0,0,10,1,1,1,1,28,6,2143,2,2,2,1,2
201704SA17509,4,9,0,18,0,0,0,0,0,0,0,1,6,2,32,6,1968,2,6,1,1,1
201704SA17510,1,21,0,18,0,0,0,0,1,7,1,1,1,1,26,6,12777,2,9,10,1,10
201704SA17510,2,19,0,3,0,0,0,0,0,0,2,1,6,1,27,6,2148,2,8,10,1,10
201704SA17510,3,9,0,3,0,0,0,0,0,0,2,1,6,1,39,7,1995,2,11,8,1,8
201704SA17510,4,9,0,3,0,0,0,0,0,0,2,1,2,2,34,6,1596,1,6,8,1,8
201704SA17510,5,8,0,18,0,0,0,0,0,0,4,1,1,1,36,7,1798,8,1,1,1,1
201704SA17510,6,9,0,18,0,0,0,0,0,0,4,1,6,2,28,6,1149,1,4,-1,-1,-1
201704SA17511,1,9,0,9,0,1,0,0,0,0,1,1,6,1,59,9,1598,1,10,3,1,3
201704SA17511,2,1,0,3,0,1,0,0,0,0,1,1,1,1,32,6,-1,-1,-1,2,1,2
201704SA17512,1,9,0,18,0,0,0,4,0,0,1,1,6,2,78,11,1242,1,5,9,1,9
201704SA17512,2,90,0,2,0,0,0,0,0,0,2,1,1,1,47,8,-1,-1,-1,10,1,10
201704SA17513,1,9,0,18,0,2,0,0,0,0,4,1,6,1,47,8,2148,2,12,9,1,9
201704SA17514,1,9,0,18,0,1,0,0,0,0,1,1,6,1,26,6,1560,2,2,4,1,4
201704SA17515,1,9,0,18,0,1,0,0,0,0,1,1,6,2,34,6,1998,1,-1,9,1,9
201704SA17515,2,1,0,18,0,1,0,0,0,0,2,1,2,1,58,9,-1,-1,-1,7,1,7
201704SA17516,1,9,0,18,0,1,0,0,6,4,1,1,6,1,49,8,1388,1,10,-1,-1,-1
201704SA17516,2,9,0,18,0,1,0,0,0,0,2,1,6,2,45,7,1618,1,2,-1,-1,-1
201704SA17517,1,90,0,5,0,8,0,0,0,0,1,1,2,1,52,8,-1,-1,-1,9,1,9
201704SA17517,2,1,0,18,0,1,0,0,0,0,4,1,2,1,38,7,-1,-1,-1,1,1,1
201704SA17518,1,9,0,16,0,0,0,0,7,10,1,1,6,1,19,4,1242,1,13,1,1,1
201704SA17519,1,9,0,5,0,4,0,0,0,0,1,1,6,1,45,7,1360,1,11,4,1,4
201704SA17519,2,1,0,18,0,8,0,0,0,0,4,1,2,1,48,8,-1,-1,-1,9,3,9
201704SA17520,1,9,0,15,0,0,0,0,0,0,4,1,6,2,78,11,1796,1,10,6,1,6
201704SA17520,2,1,0,18,0,0,0,0,0,0,1,1,6,1,54,8,-1,-1,-1,7,1,7
201704SA17521,1,21,0,5,0,1,0,0,0,0,1,1,1,1,55,8,12419,2,6,5,1,5
201704SA17521,2,9,0,3,0,1,0,0,0,0,2,1,2,2,24,5,1398,1,2,1,1,1
201704SA17522,1,8,0,4,0,1,0,0,0,0,2,1,1,1,59,9,2402,2,13,1,1,1
201704SA17522,2,9,0,4,0,1,0,0,0,0,2,1,2,1,39,7,1910,2,15,4,1,4
201704SA17523,1,9,0,5,0,6,0,0,0,0,4,1,6,1,31,6,1995,1,6,1,1,1
201704SA17523,2,5,0,18,0,1,2,0,0,0,1,1,6,1,50,8,1312,1,12,8,1,8
201704SA17524,1,9,0,18,0,0,0,0,0,0,1,1,6,2,52,8,1242,1,14,1,1,1
201704SA17525,1,9,0,18,0,8,0,0,0,0,1,1,6,1,39,7,1560,2,4,9,1,9
201704SA17526,1,9,0,18,0,0,1,0,0,6,1,1,6,2,68,10,1397,1,6,5,1,5
201704SA17527,1,2,0,4,0,1,2,0,0,0,0,1,6,2,49,8,49,1,2,5,1,5
201704SA17528,1,10,0,4,0,1,0,0,0,0,4,1,6,2,27,6,-1,-1,-1,-1,-1,-1
201704SA17528,2,9,0,5,0,1,0,0,0,0,1,1,6,3,-1,-1,998,1,14,-1,-1,-1
201704SA17529,1,9,0,5,0,1,0,0,0,0,1,1,6,3,-1,-1,-1,-1,-1,-1,-1,-1
201704SA17529,2,1,0,18,0,1,0,0,0,0,3,1,6,1,19,4,-1,-1,-1,7,2,7
201704SA17530,1,9,0,7,0,1,0,0,0,0,3,1,6,1,80,11,1199,1,13,9,1,9
201704SA17530,2,9,0,18,0,1,5,0,0,0,4,1,6,1,29,6,1149,1,18,10,3,10
201704SA17531,1,9,0,18,0,4,0,0,0,0,3,1,6,1,21,5,1499,2,-1,8,1,8
201704SA17531,2,9,0,18,0,8,0,0,0,0,1,1,6,1,80,11,1299,1,17,8,1,8
201704SA17532,1,8,0,5,0,0,0,0,0,0,1,1,1,3,-1,-1,1896,2,12,-1,-1,-1
201704SA17533,1,9,0,18,0,0,0,0,0,0,1,1,6,3,-1,-1,-1,-1,-1,-1,-1,-1
201704SA17533,2,9,0,18,0,0,0,0,0,0,2,1,6,2,56,9,1796,1,6,8,1,8
201704SA17534,1,9,0,18,0,8,0,0,0,0,1,1,1,2,21,5,1364,2,4,1,1,1
201704SA17534,2,9,0,7,0,8,0,0,0,0,3,1,3,2,35,6,1896,2,9,1,1,1
201704SA17535,1,9,0,18,0,1,0,0,0,0,3,1,6,1,61,9,2496,1,15,10,1,10
201704SA17536,1,90,0,18,0,4,0,0,0,0,3,1,1,1,34,6,-1,-1,-1,1,1,1
201704SA17536,2,3,0,18,0,4,0,0,1,1,1,1,6,1,22,5,125,1,2,6,2,6
201704SA17537,1,9,0,11,0,0,0,0,0,0,3,1,6,1,54,8,1995,2,7,9,1,9
201704SA17537,2,9,0,18,0,0,0,0,0,0,3,1,2,2,62,9,1968,2,10,7,1,7
201704SA17538,1,9,5,18,0,0,0,4,1,0,1,1,6,2,48,8,1794,1,13,8,3,8
201704SA17538,2,90,0,2,0,0,0,0,0,10,2,1,6,3,-1,-1,-1,-1,-1,-1,-1,-1
201704SA17539,1,9,0,18,0,8,0,0,0,0,3,1,1,2,30,6,1582,2,5,-1,-1,-1
201704SA17539,2,9,0,18,0,8,0,0,0,0,1,1,6,1,56,9,2776,2,11,1,1,1
201704SA17540,1,9,0,18,0,0,0,0,0,0,1,1,6,1,22,5,1364,1,8,-1,-1,-1
201704SA17540,2,8,0,18,0,0,0,0,0,0,2,1,1,1,63,9,1596,1,6,5,1,5
201704SA17541,1,9,0,18,0,1,0,0,0,0,1,1,2,1,47,8,1364,1,10,8,1,8
201704SA17542,1,9,0,18,0,8,0,0,0,0,4,1,2,1,49,8,2231,2,7,9,1,9
201704SA17542,2,1,0,17,0,8,2,0,0,0,3,1,2,1,40,7,-1,-1,-1,1,1,1
201704SA17543,1,9,0,9,0,6,0,0,0,0,1,1,6,2,78,11,999,1,1,9,2,9
201704SA17544,1,9,0,18,0,1,0,0,0,0,1,1,2,3,-1,-1,1686,2,13,-1,-1,-1
201704SA17544,2,9,0,18,0,8,0,0,0,0,3,1,2,1,30,6,1598,1,7,-1,-1,-1
201704SA17545,1,9,0,7,0,4,0,0,0,0,3,1,2,1,67,10,1560,2,7,4,1,4
201704SA17545,2,9,0,5,0,4,0,0,0,0,3,1,6,1,32,6,1910,2,9,2,1,2
201704SA17546,1,9,0,18,0,2,0,0,0,0,1,1,6,2,28,6,998,1,2,1,1,1
201704SA17547,1,9,0,6,0,0,0,0,0,0,3,1,2,1,53,8,1240,1,13,2,1,2
201704SA17547,2,5,0,13,0,0,0,0,0,0,4,1,2,1,41,7,1255,1,2,1,1,1
201704SA17548,1,9,0,4,0,1,0,0,0,0,1,1,1,1,44,7,2993,2,1,6,1,6
201704SA17548,2,9,0,5,0,1,0,0,4,1,1,1,6,1,17,4,-1,-1,-1,-1,-1,-1
201704SA17549,1,19,0,4,0,0,0,0,0,0,1,1,1,1,26,6,2198,2,4,7,1,7
201704SA17549,2,19,0,4,0,0,0,0,0,0,2,1,1,1,26,6,2198,2,5,2,1,2
201704SA17549,3,19,0,18,0,0,0,0,0,0,3,1,1,1,58,9,2198,2,3,5,1,5
201704SA17549,4,19,0,4,0,0,0,0,0,0,3,1,1,1,32,6,2298,2,1,-1,-1,-1
201704SA17550,1,9,0,16,5,0,0,0,0,0,4,1,6,2,31,6,1796,1,9,1,1,1
201704SA17550,2,21,1,16,0,0,0,0,7,0,3,1,1,1,42,7,12740,2,-1,5,1,5
201704SA17551,1,9,0,18,0,1,0,0,0,0,1,1,6,1,66,10,1386,1,8,1,1,1
201704SA17551,2,9,0,18,0,8,0,0,0,0,4,1,6,2,33,6,1197,1,1,8,1,8
201704SA17553,1,9,0,18,0,8,0,0,0,0,1,1,6,3,-1,-1,-1,-1,-1,-1,-1,-1
201704SA17554,1,9,0,9,0,2,0,0,0,0,3,1,1,1,38,7,1797,8,8,2,1,2
201704SA17554,2,9,0,18,0,1,0,0,0,0,4,1,2,1,33,6,1398,1,17,1,1,1
201704SA17555,1,9,0,9,0,2,0,4,0,0,3,1,6,2,26,6,1796,1,13,9,1,9
201704SA17555,2,9,0,18,0,1,0,0,0,0,1,1,6,1,81,11,1497,8,3,10,1,10
201704SA17555,3,9,0,2,0,2,0,0,0,0,3,1,6,3,-1,-1,1360,1,12,-1,-1,-1
201704SA17556,1,19,0,18,0,1,0,0,0,0,1,1,1,1,32,6,1995,2,-1,2,1,2
201704SA17556,2,9,0,9,0,1,0,0,0,0,2,1,6,1,28,6,2993,2,-1,6,3,6
201704SA17557,1,9,0,3,0,1,0,0,0,0,2,1,6,1,31,6,-1,-1,-1,-1,-1,-1
201704SA17557,2,9,0,18,0,1,0,0,0,0,1,1,6,1,31,6,1910,2,10,3,1,3
201704SA17558,1,9,0,18,0,8,0,0,0,0,1,1,6,1,57,9,1796,1,14,8,1,8
201704SA17558,2,9,0,7,0,8,0,0,0,0,3,1,6,1,30,6,1984,2,3,1,1,1
201704SA17558,3,10,0,3,0,1,0,0,0,0,1,1,6,1,66,10,2198,2,4,10,1,10
201704SA17559,1,90,0,5,0,1,0,0,0,0,1,1,1,1,66,10,-1,-1,-1,6,3,6
201704SA17560,1,9,0,16,0,0,1,0,8,10,3,1,6,2,37,7,1299,1,16,2,1,2
201704SA17560,2,9,0,18,0,0,0,0,7,0,4,1,6,1,41,7,1997,2,10,2,1,2
201704SA17561,1,20,0,5,0,6,0,0,0,0,1,1,6,1,72,10,-1,-1,-1,9,1,9
201704SA17561,2,19,0,18,0,8,0,0,0,0,3,1,2,1,54,8,1896,2,12,9,1,9
201704SA17562,1,9,0,18,0,0,0,12,0,0,1,1,6,1,30,6,1360,1,10,3,1,3
201704SA17562,2,9,0,18,0,0,0,12,0,0,1,1,6,1,46,8,2143,2,2,10,1,10
201704SA17562,3,9,0,18,0,0,0,11,0,0,1,1,6,2,29,6,1360,1,14,3,1,3
201704SA17563,1,9,0,18,0,0,0,0,0,0,4,1,6,1,25,5,1197,1,6,5,1,5
201704SA17563,2,9,0,18,0,0,0,0,0,0,1,1,6,1,39,7,2993,2,1,9,1,9
201704SA17564,1,9,0,18,0,0,0,0,4,6,3,1,6,1,47,8,1896,2,15,6,1,6
201704SA17565,1,9,0,12,0,0,0,0,0,0,1,1,2,1,26,6,1499,2,-1,10,2,10
201704SA17565,2,9,0,18,0,0,0,0,1,0,2,1,6,1,68,10,1834,1,17,3,1,3
201704SA17566,1,9,0,4,0,0,1,0,0,0,1,1,6,1,28,6,1598,1,9,3,1,3
201704SA17566,2,9,0,4,0,0,0,0,0,0,2,1,6,1,66,10,1995,2,4,7,3,7
201704SA17567,1,9,0,4,0,0,0,0,0,0,1,1,6,3,-1,-1,-1,-1,-1,-1,-1,-1
201704SA17568,1,9,0,18,0,1,0,0,0,0,1,1,6,3,-1,-1,-1,-1,-1,-1,-1,-1
201704SA17569,1,9,0,1,9,0,0,0,0,0,4,1,2,1,60,9,2191,2,3,-1,-1,-1
201704SA17569,2,1,0,18,0,0,0,0,0,0,1,1,4,1,11,3,-1,-1,-1,-1,-1,-1
201704SA17570,1,9,0,5,0,0,0,0,0,0,2,1,3,2,68,10,1956,2,3,6,1,6
201704SA17570,2,9,0,3,0,0,0,0,0,0,2,1,2,2,55,8,1398,2,6,-1,-1,-1
201704SA17570,3,9,0,3,0,0,0,0,0,0,2,1,2,2,23,5,1499,1,2,8,1,8
201704SA17571,1,9,0,1,9,0,0,0,0,0,2,1,6,1,23,5,2494,1,18,-1,-1,-1
201704SA17572,1,9,0,18,0,0,1,0,1,0,3,1,2,1,74,10,998,1,11,1,1,1
201704SA17572,2,19,0,11,0,0,0,0,0,0,4,1,1,1,43,7,-1,-1,-1,4,1,4
201704SA17573,1,11,0,1,2,1,0,0,0,1,2,1,1,1,51,8,-1,2,17,-1,-1,-1
201704SA17574,1,90,0,18,0,1,0,0,0,0,1,1,6,3,-1,-1,-1,-1,-1,-1,-1,-1
201704SA17574,2,9,0,18,0,1,0,0,0,0,2,1,6,2,44,7,1398,2,3,10,1,10
201704SA17575,1,9,0,5,0,2,0,0,0,0,1,1,2,2,35,6,1200,1,2,2,1,2
201704SA17576,1,9,0,18,0,0,0,0,0,0,1,1,6,3,-1,-1,2179,2,2,-1,-1,-1
201704SA17577,1,9,0,5,0,7,0,0,0,0,1,1,6,1,23,5,1995,2,4,4,1,4
201704SA17580,1,9,0,18,0,1,0,0,0,0,1,1,6,3,-1,-1,1398,2,15,-1,-1,-1
201704SA17580,2,90,0,18,0,1,0,0,0,0,1,1,6,1,13,3,-1,-1,-1,7,1,7
201704SA17581,1,9,0,16,0,4,0,0,0,0,1,1,6,2,-1,-1,1969,2,1,-1,-1,-1
201704SA17581,2,9,0,16,0,3,0,0,0,0,4,1,6,2,19,4,998,1,9,3,1,3
201704SA17582,1,19,0,18,0,1,0,0,0,0,1,1,6,3,-1,-1,2287,2,4,-1,-1,-1
201704SA17582,2,9,0,4,0,1,0,0,0,0,2,1,6,2,24,5,1242,1,5,7,1,7
201704SA17583,1,9,0,18,0,1,0,0,0,0,4,1,6,1,72,10,1398,2,4,2,1,2
201704SA17583,2,11,0,18,0,1,0,0,0,0,0,1,1,1,41,7,4760,2,4,7,1,7
201704SB17001,1,8,0,9,0,8,0,0,0,0,3,1,6,3,-1,-1,-1,-1,-1,-1,-1,-1
201704SB17002,1,1,0,18,0,2,0,0,0,0,1,1,6,1,49,8,-1,-1,-1,2,2,2
201704SB17002,2,9,0,18,0,2,0,0,0,0,1,1,6,2,53,8,1794,1,12,5,1,5
201704SB17003,1,1,0,14,0,0,5,0,0,0,4,1,6,1,49,8,-1,-1,-1,9,1,9
201704SB17003,2,1,0,14,0,0,0,0,0,0,1,1,6,1,63,9,-1,-1,-1,3,1,3
201704SB17003,3,1,0,14,0,0,0,0,0,0,1,1,6,2,29,6,-1,-1,-1,5,1,5
201704SB17003,4,1,0,14,0,0,0,0,0,0,3,1,6,1,54,8,-1,-1,-1,10,1,10
201704SB17003,5,9,0,18,0,0,0,0,0,0,1,1,6,1,47,8,-1,-1,-1,8,3,8
201704SB17003,6,1,0,14,0,0,5,0,0,0,3,1,6,2,30,6,-1,-1,-1,9,3,9
201704SB17004,1,21,1,9,0,8,0,0,0,0,3,1,1,1,40,7,12809,2,3,9,2,9
201704SB17004,2,9,0,18,0,1,0,0,0,0,1,1,1,1,48,8,-1,-1,-1,9,1,9
201704SB17005,1,8,0,16,0,8,0,0,0,0,3,1,1,3,-1,-1,-1,-1,-1,-1,-1,-1
201704SB17005,2,1,0,16,0,8,5,0,0,0,1,1,6,1,20,4,-1,-1,-1,5,1,5
201704SB17006,1,9,0,16,0,0,2,0,8,10,4,1,2,2,19,4,1390,1,6,5,1,5
201704SB17007,1,9,0,18,0,0,0,0,4,0,1,1,6,1,52,8,2993,2,2,10,1,10
201704SB17007,2,9,0,18,0,0,1,0,1,4,1,1,6,2,34,6,1461,2,2,-1,-1,-1
201704SB17008,1,1,0,18,0,4,0,0,0,0,1,1,2,1,43,7,-1,-1,-1,8,1,8
201704SB17008,2,1,0,18,0,3,0,0,0,0,4,1,6,1,45,7,-1,-1,-1,1,1,1
201704SB17009,1,9,0,13,0,0,0,0,0,6,3,1,1,1,68,10,2993,2,6,5,2,5
201704SB17009,2,19,0,18,0,0,0,0,0,0,3,1,1,1,25,5,1998,2,11,5,1,5
201704SB17010,1,9,0,5,0,4,0,0,1,0,3,1,2,2,43,7,1598,2,3,5,1,5
201704SB17010,2,9,0,18,0,8,0,0,0,0,4,1,6,1,27,6,1968,2,7,1,1,1
201704SB17011,1,9,0,18,0,0,1,0,0,0,1,1,6,2,34,6,1598,1,4,-1,-1,-1
201704SB17011,2,19,0,18,0,0,0,0,0,0,0,1,1,1,26,6,2198,2,1,-1,-1,-1
201704SB17012,1,9,0,9,0,5,0,0,0,0,4,1,6,1,56,9,1598,1,5,9,1,9
201704SB17013,1,9,0,16,0,0,1,0,0,0,1,1,6,2,24,5,1968,2,12,4,1,4
201704SB17013,2,17,5,15,0,0,0,0,0,0,1,1,1,1,65,9,6728,2,1,-1,-1,-1
201704SB17014,1,9,0,18,0,1,1,0,1,1,1,1,1,2,37,7,1951,2,14,-1,-1,-1
201704SB17015,1,9,0,17,0,0,0,0,1,10,1,1,6,3,-1,-1,-1,-1,-1,-1,-1,-1
201704SB17015,2,1,0,18,0,0,0,0,0,0,3,1,6,1,26,6,-1,-1,-1,2,1,2
201704SB17016,1,9,0,18,0,4,0,0,1,0,1,1,6,2,63,9,1242,1,4,6,3,6
201704SB17016,2,9,0,18,0,1,0,0,0,0,1,1,6,1,62,9,2148,2,12,5,1,5
201704SB17017,1,9,0,4,0,1,0,0,0,0,1,1,6,1,27,6,1587,1,11,5,2,5
201704SB17017,2,9,0,4,0,1,0,0,0,0,2,1,6,2,38,7,2967,2,6,-1,-1,-1
201704SB17018,1,9,0,18,0,0,0,4,0,0,1,1,6,2,61,9,-1,-1,-1,7,1,7
201704SB17018,2,17,4,2,0,0,0,0,0,0,2,1,1,1,41,7,-1,2,5,9,1,9
201704SB17019,1,9,0,16,0,0,0,0,1,0,1,1,2,2,18,4,998,1,3,9,1,9
201704SB17019,2,9,0,17,0,0,0,0,1,2,1,1,2,1,47,8,-1,-1,-1,4,1,4
201704SB17020,1,9,0,7,0,1,0,0,0,0,1,1,6,2,71,10,2171,2,19,5,3,5
201704SB17020,2,9,0,7,0,1,0,0,0,0,2,1,6,2,45,7,2143,2,4,5,3,5
201704SB17021,1,9,0,18,0,8,0,0,1,9,1,1,1,1,48,8,1896,2,15,5,1,5
201704SB17022,1,19,0,18,0,0,1,0,0,0,1,1,6,1,54,8,1998,2,12,9,2,9
201704SB17022,2,21,1,18,0,0,1,0,0,3,1,1,1,1,61,9,12777,2,-1,9,2,9
201704SB17023,1,9,0,9,0,6,0,0,0,0,3,1,6,2,18,4,1229,1,4,7,3,7
201704SB17023,2,9,0,18,0,1,0,0,0,1,1,1,2,1,32,6,1242,1,3,7,3,7
201704SB17024,1,9,0,9,0,6,0,0,0,0,1,1,1,1,37,7,1753,2,11,9,3,9
201704SB17024,2,9,0,18,0,8,0,0,0,0,4,1,2,1,73,10,1198,1,3,7,2,7
201704SB17025,1,9,0,16,0,0,5,0,7,0,0,1,2,2,23,5,1242,1,4,8,1,8
201704SB17026,1,9,0,6,0,1,0,0,0,0,1,1,6,1,81,11,1560,2,5,-1,-1,-1
201704SB17026,2,9,0,17,0,1,0,0,0,0,1,1,6,1,68,10,1956,2,6,2,1,2