Accident_Index,Vehicle_Reference,Vehicle_Type,Towing_and_Articulation,Vehicle_Manoeuvre,Vehicle_Location-Restricted_Lane,Junction_Location,Skidding_and_Overturning,Hit_Object_in_Carriageway,Vehicle_Leaving_Carriageway,Hit_Object_off_Carriageway,1st_Point_of_Impact,Was_Vehicle_Left_Hand_Drive?,Journey_Purpose_of_Driver,Sex_of_Driver,Age_of_Driver,Age_Band_of_Driver,Engine_Capacity_(CC),Propulsion_Code,Age_of_Vehicle,Driver_IMD_Decile,Driver_Home_Area_Type,Vehicle_IMD_Decile
201704SB17026,3,9,0,18,0,1,0,0,0,0,1,1,6,2,68,10,1349,1,8,3,1,3
201704SB17026,4,9,0,18,0,1,0,0,0,0,2,1,6,1,28,6,998,1,3,1,1,1
201704SB17027,1,9,0,16,0,0,0,0,1,4,1,1,6,1,79,11,1596,1,10,6,1,6
201704SB17028,1,9,0,5,0,2,0,0,0,0,4,1,6,1,43,7,1968,2,1,7,1,7
201704SB17028,2,1,0,18,0,1,0,0,0,0,3,1,6,1,49,8,-1,-1,-1,-1,-1,-1
201704SB17029,1,9,0,18,0,8,0,0,0,0,2,1,6,1,25,5,1975,1,10,6,1,6
201704SB17029,2,9,0,18,0,8,0,0,0,0,1,1,6,1,47,8,1422,2,3,6,1,6
201704SB17030,1,9,0,13,0,0,0,0,7,0,1,1,6,1,30,6,1229,1,9,1,1,1
201704SB17030,2,9,0,18,0,0,0,0,1,0,1,1,2,1,53,8,898,1,1,7,3,7
201704SB17030,3,9,0,18,0,0,0,0,1,0,3,1,2,2,48,8,1360,1,7,10,3,10
201704SB17030,4,9,0,18,0,0,0,0,1,0,4,1,6,1,40,7,1597,2,4,10,2,10
201704SB17031,1,3,0,4,0,1,0,0,0,0,0,1,1,2,23,5,124,1,1,4,3,4
201704SB17032,1,1,0,18,0,0,0,0,0,0,1,1,6,1,56,9,-1,-1,-1,2,1,2
201704SB17032,2,9,0,4,0,0,0,0,0,0,2,1,6,1,80,11,1198,1,3,1,1,1
201704SB17033,1,19,0,18,0,5,0,0,7,1,4,1,2,1,50,8,1998,2,13,5,1,5
201704SB17033,2,9,0,18,0,1,0,0,0,0,1,1,2,2,32,6,2496,2,14,8,1,8
201704SB17034,1,9,0,18,0,0,0,0,0,0,1,1,6,2,60,9,1248,2,5,5,1,5
201704SB17035,1,9,0,18,0,6,0,0,0,0,1,1,6,2,26,6,1390,1,6,9,1,9
201704SB17035,2,9,0,18,0,8,1,0,1,0,3,1,6,2,63,9,1995,1,9,9,2,9
201704SB17036,1,9,0,18,0,0,0,11,0,4,1,1,6,2,67,10,1339,1,4,7,3,7
201704SB17037,1,9,0,17,0,0,1,0,1,4,4,1,6,2,17,4,1968,2,7,-1,-1,-1
201704SB17038,1,9,0,18,0,0,0,0,0,1,1,1,6,1,75,10,1398,1,2,-1,-1,-1
201704SB17038,2,9,0,18,0,0,0,0,1,0,1,1,2,2,40,7,1497,8,2,9,1,9
201704SB17039,1,9,0,9,0,4,0,0,1,0,3,1,6,2,29,6,1229,1,10,1,1,1
201704SB17039,2,8,0,18,0,4,0,0,0,0,3,1,1,1,64,9,1686,2,11,1,1,1
201704SB17040,1,9,0,18,0,0,0,0,1,0,4,1,6,1,59,9,2972,1,17,2,1,2
201704SB17041,1,9,0,13,0,0,0,0,1,0,4,1,6,1,63,9,2295,1,15,1,1,1
201704SB17041,2,9,0,12,0,0,1,10,2,0,3,1,6,1,35,6,1796,1,14,10,1,10
201704SB17041,3,9,0,18,0,0,1,10,1,2,3,1,6,1,39,7,-1,-1,-1,1,1,1
201704SB17042,1,9,0,7,0,4,0,0,0,0,0,1,2,2,51,8,1598,2,3,2,1,2
201704SB17043,1,19,0,9,0,8,0,0,0,0,0,1,6,3,-1,-1,-1,-1,-1,-1,-1,-1
201704SB17043,2,9,0,17,0,8,0,0,1,9,1,1,3,2,32,6,1998,1,12,9,2,9
201704SB17044,1,9,0,5,0,0,0,0,0,0,1,1,6,1,40,7,2993,2,6,10,1,10
201704SB17044,2,9,0,17,0,0,0,0,0,0,1,1,2,1,61,9,1997,2,16,9,1,9
201704SB17045,1,9,0,7,0,8,0,0,0,0,1,1,2,2,26,6,1398,1,2,5,1,5
201704SB17045,2,1,0,18,0,8,0,0,0,0,2,1,2,1,49,8,-1,-1,-1,2,1,2
201704SB17046,1,9,0,18,0,0,0,0,0,0,1,1,6,3,-1,-1,-1,-1,-1,-1,-1,-1
201704SB17047,1,9,0,9,0,6,0,0,0,0,1,1,6,2,66,10,1242,1,3,1,1,1
201704SB17047,2,1,0,7,0,1,0,0,0,0,2,1,6,2,55,8,-1,-1,-1,-1,-1,-1
201704SB17047,3,1,0,7,0,1,0,0,0,0,1,1,6,1,64,9,-1,-1,-1,-1,-1,-1
201704SB17048,1,9,0,9,0,6,0,0,0,0,1,1,6,2,39,7,1598,1,1,6,3,6
201704SB17048,2,9,0,18,0,8,1,0,1,0,4,1,6,1,73,10,1587,1,17,9,3,9
201704SB17049,1,9,0,9,0,5,0,0,0,0,4,1,6,1,76,11,1999,1,15,4,3,4
201704SB17049,2,5,0,18,0,1,1,0,0,0,1,1,6,1,45,7,999,1,2,7,1,7
201704SB17050,1,9,0,9,0,1,0,0,0,0,1,1,6,1,18,4,-1,-1,-1,6,1,6
201704SB17050,2,9,0,18,0,1,0,0,0,0,1,1,6,1,57,9,1999,1,12,3,1,3
201704SB17051,1,9,0,9,0,2,0,0,0,0,1,1,6,3,-1,-1,-1,-1,-1,-1,-1,-1
201704SB17052,1,9,0,18,0,0,0,10,1,2,3,1,6,1,31,6,1993,1,57,5,1,5
201704SB17053,1,9,0,13,0,0,0,0,0,0,4,1,2,1,36,7,2143,2,-1,10,1,10
201704SB17053,2,19,0,18,0,0,0,0,0,0,3,1,2,1,39,7,1753,2,13,1,1,1
201704SB17053,3,9,0,18,0,0,0,0,1,0,1,1,2,2,22,5,-1,-1,-1,5,3,5
201704SB17054,1,90,0,18,0,1,0,0,0,0,2,1,1,1,36,7,-1,-1,-1,1,1,1
201704SB17054,2,9,0,18,0,1,0,0,0,0,2,1,2,1,67,10,1798,1,2,1,1,1
201704SB17054,3,9,0,18,0,1,0,0,0,0,1,1,1,2,54,8,1200,1,2,9,1,9
201704SB17055,1,9,0,9,0,8,0,0,0,0,3,1,2,1,45,7,1798,1,4,7,1,7
201704SB17055,2,9,0,18,0,1,0,0,0,0,4,1,6,1,19,4,1198,1,6,6,2,6
201704SB17056,1,9,0,7,0,4,0,0,0,0,1,1,6,2,38,7,1596,1,11,5,2,5
201704SB17057,1,9,0,5,0,1,0,0,0,0,1,1,3,1,29,6,999,1,2,9,1,9
201704SB17057,2,9,0,5,0,4,0,0,0,0,2,1,3,2,32,6,1242,1,7,2,1,2
201704SB17058,1,9,0,18,0,1,0,0,0,0,1,1,6,2,41,7,1149,1,4,3,1,3
201704SB17058,2,9,0,18,0,1,0,0,0,0,1,1,3,1,45,7,2494,8,1,3,1,3
201704SB17059,1,9,0,18,0,2,0,0,0,0,0,1,6,2,55,8,1360,1,11,4,1,4
201704SB17060,1,9,0,9,0,1,0,0,0,0,3,1,1,1,50,8,1198,1,1,7,1,7
201704SB17060,2,9,0,18,0,1,0,0,0,0,4,1,2,2,39,7,1596,1,9,4,1,4
201704SB17061,1,9,0,17,0,1,0,0,0,10,1,1,6,1,29,6,1968,2,5,1,1,1
201704SB17062,1,9,0,18,0,0,0,0,0,0,1,1,6,1,34,6,1598,2,3,2,1,2
201704SB17062,2,9,0,9,0,0,0,0,0,0,2,1,1,2,27,6,1598,2,1,6,1,6
201704SB17063,1,9,0,18,0,0,0,0,0,0,1,1,6,2,45,7,1197,1,4,9,1,9
201704SB17063,2,5,0,3,0,0,0,0,0,0,2,1,6,2,45,7,648,1,20,4,1,4
201704SB17064,1,9,0,18,0,0,0,0,0,0,1,1,6,1,54,8,1598,2,4,6,1,6
201704SB17064,2,9,0,3,0,0,0,0,0,0,2,1,6,1,68,10,-1,-1,-1,9,3,9
201704SB17064,3,9,0,3,0,0,0,0,0,0,2,1,6,1,33,6,1598,1,9,-1,-1,-1
201704SB17065,1,9,0,18,0,0,0,0,0,0,1,1,1,1,67,10,1968,2,6,6,1,6
201704SB17066,1,9,0,3,0,1,0,0,0,0,1,1,6,3,-1,-1,-1,-1,-1,-1,-1,-1
201704SB17067,1,9,0,18,0,1,0,0,0,0,1,1,3,1,31,6,1598,2,2,7,3,7
201704SB17067,2,9,0,10,0,1,0,0,0,0,2,1,2,1,41,7,1753,2,7,8,2,8
201704SB17068,1,9,0,18,0,0,0,0,0,0,1,1,6,3,-1,-1,-1,-1,-1,-1,-1,-1
201704SB17068,2,3,0,18,0,0,5,0,1,2,1,1,6,1,20,4,125,1,-1,-1,-1,-1
201704SB17069,1,9,0,17,0,0,2,0,7,10,3,1,6,1,18,4,1299,1,12,1,1,1
201704SB17070,1,9,0,5,0,6,0,0,0,0,4,1,6,2,64,9,998,1,6,10,1,10
201704SB17070,2,5,0,18,0,1,0,0,0,0,1,1,6,1,31,6,748,1,14,7,1,7
201704SB17071,1,9,0,5,0,2,0,0,0,0,1,1,6,1,31,6,1229,1,12,3,1,3
201704SB17071,2,9,0,18,0,1,0,0,0,0,3,1,6,1,55,8,2099,2,10,8,1,8
201704SB17072,1,9,0,4,9,0,0,0,0,0,0,1,6,2,75,10,1242,1,9,3,1,3
201704SB17073,1,9,0,18,0,8,2,0,7,0,3,1,6,1,27,6,2979,1,3,4,1,4
201704SB17073,2,9,0,9,0,8,2,0,0,0,3,1,6,1,62,9,1798,1,1,9,2,9
201704SB17073,3,9,0,18,0,2,0,0,0,0,3,1,6,2,62,9,998,1,7,5,1,5
201704SB17074,1,9,0,18,0,1,0,0,0,0,1,1,1,1,51,8,2967,2,4,7,3,7
201704SB17074,2,9,0,18,0,1,0,0,0,0,2,1,6,1,47,8,1998,1,2,-1,-1,-1
201704SB17075,1,9,0,3,0,1,0,0,0,0,1,1,6,1,73,10,2143,2,8,1,1,1
201704SB17075,2,9,0,8,0,1,0,0,0,0,2,1,6,1,17,4,1248,2,8,7,3,7
201704SB17076,1,9,0,18,0,0,0,0,1,0,1,1,2,1,27,6,1590,1,14,8,1,8
201704SB17076,2,9,0,18,0,0,1,0,1,0,3,1,2,1,31,6,1560,2,3,3,1,3
201704SB17076,3,9,0,18,0,0,0,0,2,0,3,1,2,1,57,9,1560,2,6,8,1,8
201704SB17077,1,9,0,14,0,0,0,0,0,0,4,1,6,3,-1,-1,-1,-1,-1,-1,-1,-1
201704SB17077,2,9,0,9,0,0,0,0,0,0,3,1,6,2,37,7,998,1,2,-1,-1,-1
201704SB17078,1,9,0,9,0,1,0,0,0,0,1,1,6,1,25,5,1499,2,1,5,1,5
201704SB17078,2,9,0,7,0,3,0,0,0,0,1,1,6,2,27,6,1461,2,9,5,1,5
201704SB17079,1,9,0,5,0,0,0,0,0,0,4,1,6,1,80,11,1968,2,1,-1,-1,-1
201704SB17079,2,9,0,18,0,0,0,0,0,0,1,1,6,1,23,5,1590,1,13,-1,-1,-1
201704SB17080,1,1,0,18,0,0,1,0,0,0,0,1,6,1,64,9,-1,-1,-1,10,2,10
201704SB17080,2,19,0,4,9,0,0,0,0,0,0,1,1,1,64,9,-1,-1,-1,7,2,7
201704SB17081,1,19,0,18,0,4,0,0,0,0,1,1,1,1,30,6,2143,2,1,-1,-1,-1
201704SB17081,2,9,0,8,0,4,0,0,0,0,2,1,2,2,36,7,998,1,3,9,1,9
201704SB17082,1,4,0,17,0,0,1,10,0,0,3,1,6,1,43,7,1043,1,2,3,1,3
201704SB17083,1,9,0,5,0,6,0,0,0,0,1,1,1,1,28,6,1598,2,2,6,3,6
201704SB17084,1,3,0,17,0,0,0,0,2,0,1,1,6,2,32,6,124,1,11,-1,-1,-1
201704SB17085,1,9,0,18,0,4,0,0,0,0,1,1,6,1,82,11,2143,2,4,5,1,5
201704SB17085,2,9,0,9,0,8,5,0,0,0,4,1,6,1,63,9,1198,1,12,10,1,10
201704SB17086,1,9,0,18,0,1,0,0,0,0,1,1,6,1,85,11,1496,1,2,9,1,9
201704SB17086,2,9,0,7,0,1,0,0,0,0,2,1,6,2,52,8,1995,2,4,8,1,8
201704SB17087,1,9,0,18,0,0,0,0,4,6,1,1,6,1,21,5,1149,1,7,2,1,2
201704SB17088,1,1,0,9,0,1,0,0,0,0,3,1,6,2,58,9,-1,-1,-1,8,1,8
201704SB17088,2,9,0,18,0,1,0,0,0,0,4,1,6,1,22,5,1598,1,5,9,1,9
201704SB17089,1,9,0,18,0,8,0,0,0,0,1,1,6,1,50,8,2143,2,1,9,2,9
201704SB17089,2,5,0,18,0,8,2,0,0,0,3,1,6,1,57,9,1520,1,27,4,1,4
201704SB17089,3,9,0,3,0,1,0,0,0,0,3,1,6,1,28,6,2143,2,2,9,3,9
201704SB17090,1,5,0,18,0,0,2,0,1,0,4,1,6,1,24,5,998,1,18,6,1,6
201704SB17091,1,9,0,6,0,0,0,0,0,0,3,1,6,2,19,4,1242,1,6,8,1,8
201704SB17091,2,5,0,18,0,0,1,10,1,0,1,1,6,1,31,6,750,1,1,1,1,1
201704SB17092,1,9,0,17,0,0,1,0,1,0,1,1,2,1,52,8,3200,1,11,8,1,8
201704SB17092,2,9,0,4,0,0,0,0,1,0,1,1,6,2,35,6,1299,1,16,4,3,4
201704SB17093,1,9,0,5,0,8,0,0,0,0,4,1,6,1,17,4,1242,1,5,7,1,7
201704SB17093,2,9,0,18,0,1,0,0,0,0,1,1,6,1,21,5,1910,2,7,-1,-1,-1
201704SB17094,1,9,0,4,0,1,0,0,0,0,1,1,6,1,81,11,999,1,4,9,1,9
201704SB17094,2,9,0,3,0,1,0,0,0,0,2,1,2,2,49,8,998,1,4,9,1,9
201704SB17095,1,9,0,9,0,5,0,0,0,0,0,1,2,1,51,8,1398,1,1,2,1,2
201704SB17095,2,1,0,18,0,1,0,0,0,0,0,1,6,1,46,8,-1,-1,-1,10,1,10
201704SB17096,1,2,0,17,0,0,5,0,1,4,1,1,6,1,15,3,-1,-1,-1,7,2,7
201704SB17097,1,9,0,17,0,0,1,0,7,4,1,1,6,1,23,5,1360,1,14,2,1,2
201704SB17098,1,9,0,5,9,0,0,0,0,0,1,1,6,2,28,6,1968,2,4,10,1,10
201704SB17098,2,1,0,18,9,0,0,0,0,0,1,1,6,1,69,10,-1,-1,-1,2,1,2
201704SB17099,1,9,0,17,0,0,0,0,0,0,1,1,2,1,27,6,1398,2,5,8,1,8
201704SB17099,2,9,0,16,0,0,0,0,0,0,1,1,2,1,45,7,1796,1,13,7,1,7
201704SB17100,1,9,0,9,0,8,0,0,0,0,4,1,6,2,83,11,1499,2,-1,1,1,1
201704SB17100,2,9,0,18,0,8,2,0,4,6,1,1,6,2,63,9,1200,1,-1,9,1,9
201704SB17101,1,9,0,18,0,0,0,0,1,10,4,1,3,2,75,10,999,1,-1,9,1,9
201704SB17102,1,9,0,1,0,1,0,0,0,0,2,1,6,1,63,9,1598,2,7,2,1,2
201704SB17102,2,9,0,1,0,1,0,0,0,0,1,1,6,2,29,6,1461,2,6,5,1,5
201704SB17103,1,9,0,18,0,0,0,4,0,0,4,1,6,2,70,10,1998,1,15,6,1,6
201704SB17103,2,9,0,2,0,0,0,0,0,0,4,1,3,2,28,6,1995,2,5,7,1,7
201704SB17104,1,9,0,3,0,2,0,0,0,0,1,1,1,1,40,7,2993,2,3,8,3,8
201704SB17104,2,1,0,18,0,1,5,0,0,0,1,1,6,1,73,10,-1,-1,-1,9,2,9
201704SB17105,1,3,0,13,0,0,0,0,0,0,1,1,2,1,18,4,124,1,2,7,3,7
201704SB17105,2,9,0,10,0,0,0,0,0,0,2,1,6,1,30,6,1242,1,1,-1,-1,-1
201704SB17106,1,5,0,18,0,0,5,0,0,0,1,1,6,1,21,5,689,1,3,2,1,2
201704SB17107,1,9,0,5,0,6,0,0,0,0,3,1,6,1,45,7,1399,2,8,3,1,3
201704SB17108,1,21,0,18,0,2,0,0,0,0,4,1,1,1,38,7,10518,2,1,8,1,8
201704SB17109,1,90,0,9,0,2,0,0,0,0,1,1,1,1,60,9,2970,2,5,8,1,8
201704SB17109,2,1,0,10,0,1,5,0,0,0,1,1,1,1,51,8,-1,-1,-1,7,1,7
201704SB17110,1,9,0,18,0,1,0,0,0,0,1,1,6,1,86,11,1587,1,10,5,3,5
201704SB17110,2,9,0,3,0,1,0,0,0,0,1,1,6,1,47,8,2231,2,10,1,1,1
201704SB17111,1,1,0,9,0,8,0,0,0,0,4,1,6,1,49,8,-1,-1,-1,5,1,5
201704SB17111,2,9,0,18,0,1,1,0,0,0,1,1,6,1,31,6,1896,2,15,2,1,2
201704SB17112,1,9,0,9,0,4,0,0,0,0,3,1,1,1,24,5,-1,-1,-1,3,1,3
201704SB17112,2,9,0,18,0,8,0,0,0,0,1,1,2,2,20,4,998,1,11,7,2,7
201704SB17113,1,9,0,18,0,0,0,0,0,0,4,1,6,2,30,6,998,1,1,5,1,5
201704SB17113,2,1,0,18,0,0,0,0,0,0,0,1,6,1,60,9,-1,-1,-1,7,2,7
201704SB17114,1,3,0,18,0,1,1,0,0,0,1,1,6,1,30,6,124,1,2,5,1,5
201704SB17114,2,9,0,9,0,1,0,0,0,0,2,1,6,1,23,5,996,1,5,7,1,7
201704SB17115,1,90,0,16,0,0,0,0,0,0,3,1,1,1,36,7,-1,-1,-1,5,2,5
201704SB17115,2,4,0,17,0,0,0,0,1,0,3,1,6,1,28,6,999,1,10,1,1,1
201704SB17116,1,90,0,9,0,0,0,0,0,0,3,1,6,1,62,9,-1,-1,-1,6,1,6
201704SB17116,2,1,0,16,0,0,0,0,0,0,3,1,6,1,61,9,-1,-1,-1,6,1,6
201704SB17117,1,9,0,18,0,0,0,0,1,2,1,1,6,1,57,9,1598,1,9,6,1,6
201704SB17117,2,9,0,18,0,0,0,0,0,0,2,1,6,1,42,7,1451,2,12,2,1,2
201704SB17118,1,3,0,17,0,0,5,0,7,4,1,1,6,1,26,6,125,1,-1,8,1,8
201704SB17119,1,9,0,9,0,8,0,0,0,0,3,1,6,1,71,10,1997,1,17,-1,-1,-1
201704SB17119,2,5,0,18,0,8,1,0,0,0,1,1,6,1,23,5,918,1,17,10,1,10
201704SB17120,1,9,0,18,0,8,0,0,0,0,0,1,6,3,-1,-1,-1,-1,-1,-1,-1,-1
201704SB17121,1,1,0,18,0,0,0,4,0,0,1,1,6,1,68,10,-1,-1,-1,10,1,10
201704SB17121,2,9,0,2,0,0,0,0,0,0,1,1,6,3,-1,-1,1229,1,10,-1,-1,-1
201704SB17122,1,9,0,17,0,0,0,0,0,0,4,1,6,3,-1,-1,-1,-1,-1,-1,-1,-1
201704SB17123,1,9,0,18,0,8,0,0,0,0,1,1,6,2,19,4,998,1,2,7,2,7
201704SB17123,2,9,0,10,0,5,0,0,0,0,2,1,2,2,44,7,1997,2,2,8,2,8
201704SB17124,1,9,0,5,0,6,0,0,0,0,1,1,6,1,43,7,1998,1,10,1,1,1
201704SB17124,2,1,0,5,0,2,0,0,0,0,2,1,6,1,52,8,-1,-1,-1,1,1,1
201704SB17125,1,9,0,4,0,0,0,0,0,0,1,1,6,1,45,7,2926,2,15,-1,-1,-1
201704SB17125,2,1,0,18,0,0,0,0,0,0,1,1,6,1,17,4,-1,-1,-1,-1,-1,-1
201704SB17126,1,1,0,18,0,6,0,0,0,0,2,1,6,1,19,4,-1,-1,-1,5,1,5
201704SB17126,2,9,0,18,0,8,0,0,0,0,1,1,6,2,47,8,1956,2,3,-1,-1,-1
201704SB17127,1,5,0,17,0,0,1,0,0,0,4,1,6,1,25,5,656,1,10,9,2,9
201704SB17128,1,9,0,5,0,1,1,0,0,0,1,1,6,1,27,6,1560,2,5,1,1,1
201704SB17128,2,9,0,17,0,8,1,0,0,0,4,1,6,1,25,5,1198,1,6,4,2,4
201704SB17129,1,9,0,7,0,6,0,0,0,0,1,1,6,2,72,10,1686,2,9,6,3,6
201704SB17130,1,9,0,16,0,8,0,0,0,0,1,1,6,3,-1,-1,2401,2,13,-1,-1,-1
201704SB17130,2,9,0,4,0,1,1,0,1,0,3,1,6,2,61,9,1598,1,4,5,3,5
201704SB17131,1,9,0,9,0,6,0,0,0,0,3,1,6,1,69,10,2143,2,-1,7,2,7
201704SB17131,2,9,0,18,0,8,0,0,0,0,1,1,6,2,80,11,1242,1,13,9,1,9
201704SB17132,1,3,0,18,0,1,0,0,0,0,1,1,2,1,17,4,124,1,7,3,1,3
201704SB17132,2,9,0,10,0,1,0,0,0,0,2,1,6,2,32,6,1910,2,12,2,1,2
201704SB17133,1,9,0,16,0,0,0,0,0,0,1,1,6,1,17,4,1999,2,1,2,2,2
201704SB17133,2,9,0,18,0,0,0,0,0,0,1,1,6,1,34,6,1598,2,1,2,1,2
201704SB17134,1,20,2,18,0,0,0,0,1,3,1,1,1,1,48,8,5958,2,23,6,2,6
201704SB17135,1,5,0,13,0,0,0,0,0,0,1,1,6,1,29,6,599,1,6,1,1,1
201704SB17135,2,9,0,7,0,0,0,0,0,0,4,1,6,1,46,8,2995,1,2,9,1,9
201704SB17136,1,9,0,7,0,0,0,0,0,0,1,1,1,1,43,7,-1,-1,-1,1,1,1
201704SB17136,2,9,0,17,0,0,0,0,7,0,1,1,6,2,27,6,1461,2,1,4,1,4
201704SB17136,3,90,0,2,0,0,0,0,0,0,4,1,1,1,38,7,-1,-1,-1,1,1,1
201704SB17137,1,9,4,4,0,0,1,10,7,0,1,1,2,1,48,8,1685,2,5,4,1,4
201704SB17137,2,9,0,4,0,0,1,0,1,10,2,1,6,2,68,10,1587,1,12,8,1,8
201704SB17138,1,9,0,5,0,1,0,0,0,0,1,1,6,1,19,4,1998,2,9,6,3,6
201704SB17138,2,9,0,18,0,1,0,0,0,0,1,1,1,1,56,9,-1,-1,-1,6,1,6
201704SB17139,1,9,0,7,0,6,0,0,0,0,3,1,6,1,82,11,2143,2,2,10,2,10
201704SB17139,2,5,0,18,0,1,0,0,7,1,4,1,6,1,29,6,998,1,1,6,1,6
201704SB17140,1,8,0,5,0,4,0,0,0,0,3,1,1,1,76,11,1956,2,4,2,1,2
201704SB17140,2,1,0,18,0,8,0,0,0,0,0,1,6,1,60,9,-1,-1,-1,9,1,9
201704SB17141,1,3,0,18,0,0,0,4,1,1,1,1,6,1,28,6,124,1,9,1,1,1
201704SB17141,2,9,0,2,0,0,0,0,1,0,3,1,6,3,-1,-1,1896,2,14,-1,-1,-1
201704SB17142,1,9,0,18,0,8,5,4,0,0,4,1,6,2,47,8,1597,2,2,5,3,5
201704SB17142,2,9,0,18,0,1,0,0,0,0,1,1,6,1,74,10,1968,2,1,10,2,10
201704SB17142,3,9,0,8,0,1,0,0,0,0,3,1,6,1,52,8,1242,1,19,9,3,9
201704SB17143,1,19,0,12,0,3,0,0,0,0,1,1,6,1,45,7,1686,2,13,1,1,1
201704SB17143,2,9,0,18,0,3,0,0,0,0,4,1,6,2,29,6,1364,1,2,1,1,1
201704SB17144,1,9,0,18,0,0,0,0,0,0,1,1,6,1,78,11,998,1,1,9,1,9
201704SB17144,2,9,0,18,0,0,0,0,0,0,1,1,6,1,63,9,1598,1,7,7,1,7
201704SB17145,1,2,0,7,0,3,0,0,0,0,4,1,6,1,16,4,49,1,1,6,3,6
201704SB17145,2,9,0,5,0,4,0,0,0,0,4,1,6,2,57,9,1560,2,2,5,1,5
201704SB17146,1,9,0,17,0,0,0,0,2,0,1,1,6,1,18,4,1598,1,8,7,1,7
201704SB17147,1,9,0,9,0,8,0,0,0,0,1,1,6,1,20,4,998,1,2,9,1,9
201704SB17147,2,5,0,18,0,1,0,0,0,0,1,1,6,1,35,6,750,1,7,-1,-1,-1
201704SB17148,1,9,0,18,0,0,0,0,0,0,1,1,6,1,32,6,1229,1,4,5,2,5
201704SB17148,2,9,0,4,0,0,0,0,0,0,2,1,6,2,51,8,1968,2,4,10,1,10
201704SB17149,1,9,0,18,0,1,0,0,0,0,4,1,2,1,33,6,1398,2,5,8,1,8
201704SB17149,2,1,0,18,0,1,0,0,1,0,3,1,6,2,44,7,-1,-1,-1,8,2,8
201704SB17150,1,9,0,5,0,2,0,0,0,0,1,1,6,1,71,10,1598,1,2,10,1,10
201704SB17150,2,9,0,17,0,1,0,0,0,1,3,1,6,2,31,6,1995,2,7,9,1,9
201704SB17151,1,9,0,7,0,5,0,0,0,0,1,1,6,3,-1,-1,1595,1,9,-1,-1,-1
201704SB17151,2,1,0,7,0,5,0,0,0,0,3,1,6,1,77,11,-1,-1,-1,-1,-1,-1
201704SB17152,1,9,0,7,0,8,1,0,7,10,1,1,1,1,22,5,1598,2,6,6,2,6
201704SB17153,1,9,0,18,0,2,0,0,0,0,4,1,2,1,37,7,1753,2,14,10,1,10
201704SB17153,2,1,0,18,0,2,0,0,0,0,3,1,6,1,27,6,-1,-1,-1,9,1,9
201704SB17154,1,9,0,14,0,0,0,0,0,0,2,1,6,2,44,7,1896,2,8,1,1,1
201704SB17154,2,9,0,15,0,0,0,0,0,0,1,1,6,3,-1,-1,-1,-1,-1,-1,-1,-1
201704SB17155,1,9,0,18,0,4,0,0,0,0,0,1,6,3,-1,-1,-1,-1,-1,-1,-1,-1
201704SB17155,2,8,0,9,0,4,0,0,0,0,0,1,1,3,-1,-1,-1,-1,-1,-1,-1,-1
201704SB17156,1,17,0,18,0,0,0,0,0,0,3,1,1,1,38,7,-1,2,-1,10,2,10
201704SB17156,2,9,0,18,0,0,0,0,0,0,3,1,6,2,26,6,999,1,3,-1,-1,-1
201704SB17157,1,9,0,9,0,6,0,0,0,0,1,1,6,2,33,6,1388,1,15,5,1,5
201704SB17157,2,9,0,18,0,1,0,0,0,0,4,1,6,1,51,8,1794,1,14,1,1,1
201704SB17158,1,9,0,1,9,0,0,0,0,0,3,1,6,3,-1,-1,-1,-1,-1,-1,-1,-1
201704SB17159,1,9,0,15,0,0,0,0,0,0,3,1,6,1,82,11,1497,8,5,1,1,1
201704SB17159,2,1,0,18,0,0,0,0,0,0,3,1,6,1,72,10,-1,-1,-1,5,1,5
201704SB17160,1,9,0,18,0,4,0,0,0,0,0,1,1,3,-1,-1,-1,-1,-1,-1,-1,-1
201704SB17160,2,3,0,3,0,4,0,0,0,0,2,1,6,2,55,8,385,1,18,-1,-1,-1
201704SB17161,1,9,0,18,0,0,0,0,0,0,2,1,1,2,23,5,1995,2,7,8,3,8
201704SB17161,2,9,0,3,0,0,0,0,0,0,2,1,3,2,58,9,1968,2,9,9,3,9
201704SB17162,1,20,1,5,0,4,0,0,0,0,2,1,1,1,52,8,4500,2,-1,1,1,1
201704SB17162,2,9,0,18,0,8,0,0,1,0,2,1,2,2,43,7,1596,1,12,3,1,3
201704SB17163,1,9,0,5,0,0,0,0,0,0,1,1,3,2,29,6,1598,1,13,3,1,3
201704SB17163,2,1,0,18,0,0,1,0,0,0,4,1,4,1,12,3,-1,-1,-1,3,1,3
201704SB17165,1,9,0,9,0,8,0,0,0,0,4,1,6,2,19,4,1299,1,16,10,1,10
201704SB17165,2,9,0,18,0,8,0,0,0,0,1,1,6,1,75,10,1591,1,1,9,1,9
201704SB17167,1,9,0,18,0,8,1,0,0,0,1,1,6,1,43,7,1461,2,5,1,1,1
201704SB17167,2,9,0,18,0,1,1,0,1,0,4,1,1,1,44,7,-1,-1,-1,8,1,8
201704SB17168,1,9,0,4,0,1,0,0,0,0,1,1,6,1,21,5,-1,-1,-1,2,1,2
201704SB17168,2,9,0,3,0,1,0,0,0,0,0,1,6,2,21,5,1242,1,3,9,3,9
201704SB17169,1,8,0,5,0,0,0,0,0,0,3,1,1,1,43,7,2143,2,6,3,1,3
201704SB17170,1,19,0,18,0,0,0,0,0,0,4,1,6,1,-1,-1,-1,-1,-1,-1,-1,-1
201704SB17170,2,1,0,18,0,0,0,0,0,0,3,1,6,1,66,10,-1,-1,-1,8,1,8
201704SB17171,1,9,0,5,0,3,0,0,1,0,1,2,2,1,26,6,-1,-1,-1,1,1,1
201704SB17172,1,9,0,18,0,0,0,0,0,0,4,1,6,1,48,8,1796,1,3,1,1,1
201704SB17173,1,9,0,5,0,8,0,0,0,0,1,1,3,2,53,8,1461,2,2,6,1,6