Accident_Index,Vehicle_Reference,Vehicle_Type,Towing_and_Articulation,Vehicle_Manoeuvre,Vehicle_Location-Restricted_Lane,Junction_Location,Skidding_and_Overturning,Hit_Object_in_Carriageway,Vehicle_Leaving_Carriageway,Hit_Object_off_Carriageway,1st_Point_of_Impact,Was_Vehicle_Left_Hand_Drive?,Journey_Purpose_of_Driver,Sex_of_Driver,Age_of_Driver,Age_Band_of_Driver,Engine_Capacity_(CC),Propulsion_Code,Age_of_Vehicle,Driver_IMD_Decile,Driver_Home_Area_Type,Vehicle_IMD_Decile
201704SB17173,2,9,0,18,0,8,0,0,8,2,3,1,6,2,43,7,998,1,3,6,1,6
201704SB17173,3,9,0,3,0,1,0,0,0,0,1,1,2,2,40,7,996,1,2,3,1,3
201704SB17173,4,9,0,3,0,1,0,0,0,0,4,1,2,2,24,5,1388,1,14,6,1,6
201704SB17174,1,9,0,1,0,0,0,0,0,0,2,1,6,1,19,4,1198,1,13,2,1,2
201704SB17174,2,9,0,4,0,0,0,0,0,0,1,1,6,2,31,6,1598,1,6,5,1,5
201704SB17175,1,9,0,17,0,0,0,0,0,0,3,1,1,1,77,11,-1,-1,-1,6,3,6
201704SB17175,2,3,0,16,0,0,0,0,1,0,1,1,6,2,19,4,125,1,1,7,1,7
201704SB17176,1,9,0,16,0,1,0,0,0,0,1,1,6,2,25,5,1598,1,7,2,1,2
201704SB17176,2,9,0,17,0,2,0,0,0,0,1,1,6,2,26,6,1242,1,11,2,1,2
201704SB17177,1,21,0,18,0,0,5,0,1,0,0,1,1,1,32,6,-1,-1,-1,7,2,7
201704SB17178,1,9,0,3,0,0,0,0,0,0,2,1,6,1,40,7,2000,2,8,7,2,7
201704SB17178,2,9,0,18,0,0,0,0,0,0,1,1,6,1,66,10,1497,1,14,6,1,6
201704SB17179,1,9,0,9,0,8,0,0,0,0,1,1,6,1,18,4,1242,1,9,-1,-1,-1
201704SB17179,2,9,0,18,0,2,0,0,0,0,3,1,6,1,54,8,998,1,4,9,1,9
201704SB17180,1,9,0,4,0,0,0,0,0,0,1,1,1,1,38,7,1968,2,8,4,1,4
201704SB17180,2,9,0,4,0,0,0,0,0,0,2,1,1,1,51,8,2231,2,11,6,1,6
201704SB17181,1,9,0,9,0,8,0,0,0,0,3,1,6,1,62,9,2143,2,5,3,1,3
201704SB17181,2,9,0,18,0,8,0,0,0,0,1,1,6,2,36,7,1461,2,2,1,1,1
201704SB17182,1,9,0,5,0,3,0,0,7,0,1,1,6,1,18,4,1229,1,8,6,2,6
201704SB17182,2,9,0,4,0,1,0,0,1,0,1,2,2,2,36,7,999,1,4,8,2,8
201704SB17183,1,9,0,7,0,2,0,0,1,10,3,1,6,1,31,6,1149,1,5,2,1,2
201704SB17184,1,9,0,17,0,0,0,0,0,0,4,2,6,2,33,6,-1,-1,-1,1,1,1
201704SB17184,2,1,0,18,9,0,0,0,0,0,1,1,6,1,13,3,-1,-1,-1,1,1,1
201704SB17186,1,9,0,4,0,0,0,4,0,0,1,1,6,1,85,11,1318,1,1,10,1,10
201704SB17186,2,9,0,2,0,0,0,4,0,0,1,1,6,3,-1,-1,1229,1,8,-1,-1,-1
201704SB17186,3,90,0,2,0,0,0,0,0,0,4,1,1,3,-1,-1,-1,-1,-1,-1,-1,-1
201704SB17187,1,9,0,5,0,1,0,0,0,0,1,1,6,1,28,6,1997,2,12,2,2,2
201704SB17187,2,1,0,18,0,1,0,0,0,0,4,1,1,1,54,8,-1,-1,-1,2,1,2
201704SB17188,1,9,0,18,0,0,0,0,0,0,4,1,6,1,51,8,-1,-1,-1,7,2,7
201704SB17189,1,9,0,18,0,4,1,0,0,0,1,1,6,1,20,4,1496,2,2,2,1,2
201704SB17189,2,9,0,18,0,8,0,0,0,0,4,1,6,2,67,10,1339,1,7,3,1,3
201704SB17190,1,9,0,17,0,0,0,0,7,4,1,1,6,1,18,4,1149,1,13,4,1,4
201704SB17190,2,9,0,18,0,0,0,0,0,0,1,1,2,2,32,6,1388,1,7,9,1,9
201704SB17191,1,9,0,18,0,0,0,0,0,0,1,1,6,1,23,5,2188,2,12,7,1,7
201704SB17191,2,9,0,2,0,0,0,0,1,10,2,1,6,2,59,9,1390,1,6,9,1,9
201704SB17192,1,9,0,12,0,2,0,0,7,10,3,1,6,2,43,7,1598,1,7,9,1,9
201704SB17192,2,9,0,13,0,2,1,0,7,0,4,1,2,2,20,4,1398,1,2,9,2,9
201704SB17193,1,9,0,18,0,0,0,0,0,0,1,1,6,2,44,7,2967,2,2,-1,-1,-1
201704SB17193,2,9,0,18,0,0,0,0,0,0,2,1,6,2,24,5,-1,-1,-1,7,3,7
201704SB17194,1,90,0,18,0,1,0,0,0,0,4,1,1,1,24,5,-1,-1,-1,1,1,1
201704SB17194,2,9,0,9,0,1,0,0,0,0,3,1,1,1,34,6,1596,1,9,9,1,9
201704SB17195,1,9,0,4,0,0,0,0,0,0,2,1,2,1,53,8,1598,1,14,9,3,9
201704SB17195,2,9,0,18,0,0,0,0,0,0,1,1,1,1,25,5,1968,2,1,7,1,7
201704SB17196,1,9,0,18,0,0,5,0,7,0,3,1,6,1,19,4,1461,2,10,8,3,8
201704SB17197,1,9,0,18,0,2,0,0,0,0,1,1,6,2,69,10,1997,2,11,4,1,4
201704SB17197,2,9,0,18,0,1,0,11,1,2,3,1,6,2,25,5,2199,2,7,-1,-1,-1
201704SB17198,1,9,0,18,0,0,0,0,0,0,1,1,6,2,75,10,1299,1,16,10,1,10
201704SB17198,2,9,0,18,0,0,0,0,0,0,1,1,6,2,67,10,1995,2,2,9,1,9
201704SB17199,1,90,3,18,0,0,0,0,0,0,0,1,6,1,62,9,2198,2,6,3,1,3
201704SB17200,1,9,0,3,0,0,0,0,0,0,2,1,1,2,47,8,1242,1,7,4,1,4
201704SB17200,2,9,0,4,0,0,0,0,0,0,1,1,2,3,-1,-1,1149,1,7,-1,-1,-1
201704SB17201,1,3,0,15,0,1,5,0,0,0,1,1,6,1,24,5,125,1,3,2,1,2
201704SB17201,2,9,0,10,0,1,0,0,0,0,1,1,6,2,21,5,1197,1,6,10,1,10
201704SB17202,1,90,0,5,0,6,0,0,0,0,1,1,6,1,79,11,-1,-1,-1,8,1,8
201704SB17202,2,9,0,17,0,1,0,0,0,0,1,1,6,2,52,8,999,1,1,8,1,8
201704SB17203,1,9,0,18,0,0,0,0,0,0,1,1,1,1,33,6,1598,2,3,1,1,1
201704SB17204,1,9,0,18,0,1,1,0,1,0,1,1,1,1,44,7,2993,2,-1,5,1,5
201704SB17205,1,9,0,18,0,0,0,4,0,0,1,1,6,2,19,4,1781,1,9,-1,1,-1
201704SB17205,2,9,0,1,0,0,0,0,0,0,1,1,6,1,53,8,4196,1,14,-1,-1,-1
201704SB17206,1,90,0,18,0,0,1,0,1,0,3,1,1,1,29,6,-1,-1,-1,3,1,3
201704SB17207,1,9,0,18,0,5,0,0,0,0,0,1,6,1,41,7,-1,-1,-1,3,1,3
201704SB17208,1,3,0,18,0,8,0,0,0,0,1,1,4,1,18,4,-1,-1,-1,4,2,4
201704SB17208,2,9,0,9,0,8,0,0,0,0,1,1,6,2,28,6,1360,1,8,4,2,4
201704SB17209,1,9,0,18,0,0,2,0,7,9,4,1,6,2,31,6,1598,1,13,1,1,1
201704SB17210,1,21,1,18,0,8,0,0,0,0,1,1,1,1,23,5,11967,2,7,2,1,2
201704SB17210,2,9,0,18,0,8,0,0,3,7,3,1,2,1,69,10,1995,2,2,5,3,5
201704SB17211,1,9,0,17,0,0,0,0,0,0,1,1,6,2,67,10,996,1,6,9,1,9
201704SB17211,2,9,0,18,0,0,0,0,1,0,3,1,6,1,38,7,1598,2,1,1,1,1
201704SB17212,1,9,0,9,0,0,0,0,0,0,4,1,6,1,65,9,1968,2,2,5,3,5
201704SB17212,2,9,0,13,0,0,0,0,0,0,1,1,6,1,20,4,1149,1,3,4,1,4
201704SB17213,1,20,0,15,0,0,0,0,0,0,4,1,1,1,28,6,6692,2,5,3,1,3
201704SB17213,2,1,0,15,0,0,0,0,0,0,1,1,6,2,18,4,-1,-1,-1,2,1,2
201704SB17214,1,9,0,5,0,0,0,0,0,0,1,1,6,3,-1,-1,-1,-1,-1,-1,-1,-1
201704SB17215,1,9,0,9,0,6,0,0,0,0,1,1,6,2,76,11,1598,1,7,9,1,9
201704SB17215,2,9,0,18,0,8,0,0,0,0,1,1,6,1,22,5,1206,1,6,2,1,2
201704SB17216,1,9,0,3,0,1,0,0,0,0,2,1,6,2,25,5,1229,1,8,-1,-1,-1
201704SB17216,2,9,0,5,0,1,0,0,0,0,1,1,6,2,25,5,1598,1,15,-1,-1,-1
201704SB17217,1,9,0,5,0,2,0,0,0,0,1,1,6,1,74,10,1798,8,1,9,1,9
201704SB17218,1,9,0,4,0,1,0,0,0,0,1,1,6,2,52,8,1598,1,6,4,1,4
201704SB17218,2,9,0,4,0,4,0,0,0,0,2,1,6,2,22,5,1396,2,2,6,1,6
201704SB17219,1,9,0,18,0,0,0,4,0,0,1,1,6,1,61,9,1997,1,7,-1,3,-1
201704SB17219,2,9,0,2,0,0,0,0,0,0,2,1,6,3,-1,-1,2993,2,1,-1,-1,-1
201704SB17220,1,9,0,18,0,0,1,7,1,4,1,1,6,1,78,11,1598,1,2,7,1,7
201704SB17221,1,9,0,16,0,0,1,0,2,0,4,1,6,2,41,7,1796,1,9,1,1,1
201704SB17221,2,9,0,16,0,0,1,0,0,0,3,1,6,1,32,6,1364,1,10,1,1,1
201704SB17221,3,9,0,4,0,0,0,0,0,0,1,1,6,2,48,8,998,1,7,3,1,3
201704SB17222,1,4,0,18,0,0,0,0,0,0,1,1,6,1,24,5,124,1,7,9,2,9
201704SB17222,2,19,0,18,0,0,0,0,0,0,0,1,1,3,-1,-1,1248,2,4,-1,-1,-1
201704SB17223,1,9,0,9,0,8,0,0,0,0,3,1,6,1,79,11,1200,1,4,10,1,10
201704SB17223,2,9,0,18,0,1,0,0,0,0,1,1,6,2,77,11,999,1,1,6,3,6
201704SB17224,1,5,0,18,0,0,1,0,0,0,4,1,6,1,48,8,1000,1,9,-1,-1,-1
201704SB17225,1,9,0,18,0,0,0,4,7,3,1,1,6,1,31,6,1968,2,4,4,1,4
201704SB17225,2,9,0,18,0,0,0,0,0,0,1,1,6,2,72,10,1596,1,12,-1,-1,-1
201704SB17226,1,9,0,16,0,0,0,0,0,0,3,1,6,3,-1,-1,-1,-1,-1,-1,-1,-1
201704SB17226,2,9,0,16,0,0,0,0,0,0,3,1,6,1,77,11,1599,1,12,8,1,8
201704SB17227,1,9,0,5,0,1,0,10,0,0,1,1,6,1,20,4,1198,1,6,9,1,9
201704SB17227,2,9,0,18,0,1,0,0,0,0,1,1,6,1,50,8,1995,2,2,4,1,4
201704SB17228,1,9,0,3,0,4,0,0,0,2,2,1,2,2,43,7,1598,1,10,8,1,8
201704SB17228,2,19,0,4,0,4,0,0,0,0,1,1,2,1,66,10,1995,2,3,5,1,5
201704SB17229,1,20,1,16,0,1,0,0,0,0,0,1,1,1,66,10,-1,-1,-1,-1,-1,-1
201704SB17229,2,1,0,18,0,1,0,0,0,0,0,1,6,1,49,8,-1,-1,-1,4,1,4
201704SC17001,1,9,0,16,0,0,0,0,0,0,1,1,6,1,34,6,1686,2,15,9,1,9
201704SC17001,2,10,0,17,0,0,0,0,0,0,1,1,1,1,30,6,2198,2,9,7,3,7
201704SC17002,1,9,0,18,0,8,1,0,5,7,1,1,6,1,27,6,-1,-1,-1,-1,-1,-1
201704SC17003,1,9,0,18,0,8,1,0,1,0,4,1,6,3,-1,-1,1364,1,13,-1,-1,-1
201704SC17004,1,9,0,18,0,0,0,0,1,0,1,1,6,1,31,6,1686,2,7,8,1,8
201704SC17005,1,9,0,18,0,0,0,0,1,0,1,1,6,1,21,5,2393,2,-1,4,3,4
201704SC17005,2,9,0,18,0,0,0,0,1,0,3,1,6,2,61,9,2000,1,12,9,1,9
201704SC17006,1,19,0,18,0,0,0,0,0,0,1,1,2,1,56,9,2198,2,6,9,1,9
201704SC17006,2,9,0,3,0,0,0,0,0,0,2,1,6,1,36,7,1499,1,2,-1,-1,-1
201704SC17006,3,9,0,18,0,0,0,0,0,0,0,1,2,2,29,6,1329,1,6,9,2,9
201704SC17006,4,9,0,3,0,0,0,0,0,0,2,1,6,1,55,8,999,1,2,9,1,9
201704SC17006,5,9,0,3,0,0,0,0,0,0,2,1,2,1,28,6,2993,2,2,7,3,7
201704SC17007,1,9,0,18,0,2,0,0,0,0,1,1,6,1,67,10,1587,1,13,10,1,10
201704SC17008,1,21,0,9,0,6,1,0,0,0,4,1,1,1,52,8,4462,2,4,2,1,2
201704SC17008,2,1,0,18,0,8,0,0,0,0,1,1,6,1,73,10,-1,-1,-1,8,1,8
201704SC17009,1,9,0,18,0,8,0,0,0,0,1,1,1,1,48,8,2183,2,5,6,1,6
201704SC17009,2,9,0,18,0,8,0,0,0,0,2,1,2,2,18,4,1598,2,7,9,1,9
201704SC17009,3,9,0,18,0,8,0,0,0,0,2,1,6,1,33,6,-1,-1,-1,-1,3,-1
201704SC17010,1,9,0,5,0,4,0,0,1,7,1,1,1,1,52,8,998,1,11,1,1,1
201704SC17010,2,9,0,18,0,8,2,0,2,10,4,1,6,1,18,4,1229,1,11,1,1,1
201704SC17011,1,9,0,5,0,4,0,0,0,0,1,1,2,1,22,5,2000,1,11,4,1,4
201704SC17011,2,2,0,18,0,8,0,0,0,0,1,1,2,2,17,4,49,1,1,8,1,8
201704SC17012,1,9,0,5,0,1,0,0,0,0,1,1,6,2,28,6,1461,2,5,4,2,4
201704SC17012,2,9,0,4,0,1,0,0,0,0,2,1,6,2,45,7,1999,1,10,8,3,8
201704SC17013,1,9,0,3,0,1,0,0,0,0,1,1,6,1,58,9,1796,1,11,10,1,10
201704SC17013,2,9,0,18,0,1,0,0,0,0,2,1,2,1,52,8,2362,1,15,-1,-1,-1
201704SC17014,1,9,0,18,0,1,1,0,0,0,3,1,6,2,47,8,1968,2,13,9,2,9
201704SC17014,2,9,0,18,0,1,0,0,0,0,3,1,6,1,52,8,1951,2,13,2,1,2
201704SC17014,3,9,0,18,0,1,0,0,0,0,3,1,6,1,29,6,1956,2,6,-1,-1,-1
201704SC17015,1,9,0,18,0,6,0,0,0,6,3,1,1,2,55,8,2099,1,14,1,1,1
201704SC17015,2,9,0,18,0,7,0,0,0,0,1,1,6,1,33,6,1461,2,4,7,1,7
201704SC17016,1,9,0,9,0,8,0,0,0,0,1,1,6,3,-1,-1,-1,-1,-1,-1,-1,-1
201704SC17017,1,9,0,12,0,0,2,0,0,0,1,1,6,2,21,5,998,1,5,4,1,4
201704SC17018,1,9,0,18,0,4,0,0,0,0,0,1,6,2,32,6,2993,2,8,2,1,2
201704SC17018,2,1,0,18,0,8,1,0,0,0,3,1,6,1,23,5,-1,-1,-1,4,2,4
201704SC17019,1,1,0,18,9,0,0,0,0,0,4,1,4,1,14,3,-1,-1,-1,6,1,6
201704SC17019,2,9,0,18,0,0,0,0,0,0,1,1,3,1,54,8,-1,-1,-1,9,1,9
201704SC17020,1,9,0,18,0,0,0,0,0,0,1,1,6,1,17,4,1242,1,11,5,3,5
201704SC17021,1,9,0,9,0,1,0,0,0,0,3,1,6,1,85,11,1339,1,13,7,3,7
201704SC17021,2,9,0,18,0,1,0,0,0,0,1,2,6,1,54,8,1995,2,12,10,1,10
201704SC17022,1,9,0,18,0,8,0,7,1,1,1,1,1,1,36,7,1560,2,4,5,1,5
201704SC17022,2,9,0,18,0,8,0,0,0,0,1,1,6,1,56,9,998,1,4,5,2,5
201704SC17023,1,9,0,9,0,8,0,0,0,0,1,1,6,1,87,11,1951,2,13,8,2,8
201704SC17023,2,9,0,18,0,1,0,0,0,0,1,1,6,2,26,6,998,1,11,4,1,4
201704SC17024,1,9,0,18,0,0,0,0,0,0,1,1,6,2,53,8,1995,2,7,10,1,10
201704SC17024,2,9,0,18,0,0,0,0,0,0,1,1,6,1,69,10,1968,2,-1,5,1,5
201704SC17024,3,9,0,18,0,0,0,0,0,0,2,1,6,1,68,10,1398,1,3,8,1,8
201704SC17024,4,9,0,18,0,0,0,0,0,0,2,1,6,1,23,5,1461,2,5,5,1,5
201704SC17026,1,11,0,4,0,0,0,0,0,0,0,1,6,1,66,10,-1,-1,-1,2,1,2
201704SC17027,1,19,0,4,0,0,0,0,0,0,1,1,1,1,36,7,1598,2,3,2,1,2
201704SC17027,2,9,0,4,0,0,0,0,0,0,2,1,2,3,31,6,1560,2,1,1,1,1
201704SC17027,3,9,0,4,0,0,0,0,0,0,2,1,6,2,40,7,1995,2,4,6,1,6
201704SC17027,4,9,0,4,0,0,0,0,0,0,2,1,6,1,45,7,1995,2,-1,5,1,5
201704SC17028,1,9,0,7,0,6,0,0,0,0,3,1,6,1,21,5,1388,1,11,7,1,7
201704SC17028,2,2,0,18,0,1,0,0,0,0,4,1,6,1,16,4,49,1,5,5,1,5
201704SC17029,1,9,0,18,0,1,0,0,0,0,1,1,6,1,38,7,2184,2,8,10,1,10
201704SC17029,2,19,0,10,0,1,0,0,0,0,1,1,1,1,33,6,2198,2,1,1,1,1
201704SC17030,1,9,0,3,0,1,0,0,0,0,2,1,6,2,33,6,1984,1,-1,-1,-1,-1
201704SC17030,2,9,0,3,0,1,0,0,0,0,1,1,6,2,49,8,1596,1,10,-1,-1,-1
201704SC17031,1,9,0,18,0,0,1,0,7,0,1,1,6,1,74,10,1956,2,3,4,1,4
201704SC17032,1,9,0,4,0,1,0,0,0,0,3,1,6,1,36,7,1910,2,11,2,1,2
201704SC17033,1,9,5,18,0,1,1,0,0,0,1,1,2,1,25,5,-1,-1,-1,-1,-1,-1
201704SC17033,2,9,0,4,0,1,0,0,0,0,2,1,6,1,67,10,1587,1,7,4,1,4
201704SC17034,1,9,0,9,0,1,0,0,0,0,3,1,6,2,51,8,1360,1,19,2,1,2
201704SC17034,2,9,0,5,0,6,0,0,0,0,4,1,6,2,47,8,998,1,2,3,1,3
201704SC17035,1,9,0,16,0,0,2,0,2,0,4,1,6,2,17,4,995,1,5,9,2,9
201704SC17036,1,9,0,18,0,1,0,0,0,0,1,1,6,1,40,7,1461,2,7,8,1,8
201704SC17036,2,9,0,18,0,1,0,0,0,0,3,1,6,2,78,11,1390,1,13,-1,-1,-1
201704SC17037,1,9,0,4,0,4,0,0,0,0,1,1,3,2,78,11,1686,2,3,3,1,3
201704SC17037,2,9,0,9,0,3,0,0,0,0,4,1,1,2,54,8,998,1,3,5,1,5
201704SC17038,1,9,0,4,0,1,0,0,0,0,1,1,6,1,19,4,1598,1,18,1,1,1
201704SC17038,2,9,0,4,0,8,0,0,0,0,2,1,6,3,-1,-1,1560,2,4,-1,-1,-1
201704SC17038,3,9,0,9,0,8,0,0,0,0,0,1,6,3,-1,-1,1986,1,26,-1,-1,-1
201704SC17039,1,9,0,18,0,0,0,10,1,4,1,1,6,1,38,7,1598,1,12,6,1,6
201704SC17040,1,9,0,18,0,2,0,0,0,0,1,1,1,2,65,9,1997,1,8,9,3,9
201704SC17040,2,9,0,2,0,2,0,0,0,0,3,1,1,1,71,10,1400,2,10,-1,-1,-1
201704SC17041,1,9,0,5,0,0,0,0,0,0,1,1,3,1,48,8,1994,2,20,2,1,2
201704SC17041,2,9,0,18,0,0,0,0,0,0,4,1,6,2,47,8,1398,2,13,6,3,6
201704SC17041,3,21,0,2,2,0,0,0,0,0,3,1,1,1,51,8,12419,2,1,7,1,7
201704SC17042,1,9,0,14,0,1,0,0,0,0,4,1,6,3,-1,-1,-1,-1,-1,-1,-1,-1
201704SC17043,1,9,0,9,0,4,0,0,1,10,1,1,6,1,20,4,1299,1,16,5,1,5
201704SC17044,1,4,0,18,0,1,0,0,0,0,3,1,6,1,40,7,599,1,6,-1,-1,-1
201704SC17044,2,9,0,10,0,1,0,0,0,0,2,1,1,1,36,7,1596,1,12,-1,-1,-1
201704SC17045,1,21,1,18,0,1,0,0,0,0,2,1,6,1,48,8,10677,2,3,7,2,7
201704SC17045,2,9,0,4,0,1,0,0,0,7,2,1,6,2,30,6,1388,1,13,2,1,2
201704SC17045,3,21,1,12,0,7,0,0,0,0,2,1,6,1,36,7,11705,2,4,4,1,4
201704SC17046,1,90,0,18,0,1,0,0,0,0,1,1,2,1,65,9,-1,-1,-1,9,3,9
201704SC17047,1,9,0,9,0,2,0,0,0,0,3,1,2,2,31,6,2199,2,5,6,1,6
201704SC17047,2,1,0,18,0,1,0,0,0,0,4,1,2,1,24,5,-1,-1,-1,4,1,4
201704SC17048,1,90,0,18,0,0,0,0,0,0,4,1,6,3,-1,-1,-1,-1,-1,-1,-1,-1
201704SC17048,2,1,0,18,0,0,0,0,0,0,1,1,6,1,48,8,-1,-1,-1,8,1,8
201704SC17049,1,9,0,18,0,8,0,11,0,0,1,1,2,1,35,6,-1,-1,-1,8,1,8
201704SC17050,1,9,0,16,0,0,1,0,0,0,1,1,6,1,21,5,1368,1,8,8,1,8
201704SC17050,2,9,0,17,0,0,0,0,0,0,1,1,6,2,33,6,1461,2,3,4,2,4
201704SC17051,1,9,0,4,0,1,0,0,0,0,1,1,2,1,38,7,1998,2,13,1,1,1
201704SC17051,2,9,0,3,0,1,0,0,0,0,2,1,2,2,40,7,1956,2,3,6,2,6
201704SC17052,1,9,0,18,0,0,1,4,0,0,4,1,6,1,23,5,1798,1,2,8,2,8
201704SC17052,2,9,0,2,0,0,0,0,0,0,2,1,6,1,22,5,1995,1,8,8,1,8
201704SC17052,3,9,0,18,0,0,0,0,0,0,1,1,6,1,39,7,1598,2,1,5,1,5
201704SC17053,1,1,0,18,0,0,2,0,0,0,1,1,6,2,9,2,-1,-1,-1,8,3,8
201704SC17053,2,9,0,18,0,0,0,0,0,0,1,1,6,2,40,7,1389,1,19,4,2,4
201704SC17054,1,11,0,2,0,2,0,0,0,0,0,1,1,1,46,8,-1,-1,-1,1,1,1
201704SC17055,1,11,0,4,0,0,1,0,0,0,1,1,1,1,65,9,-1,-1,-1,8,1,8
201704SC17055,2,9,0,4,0,0,0,0,0,0,1,1,3,2,61,9,1560,2,12,2,1,2
201704SC17055,3,9,0,4,0,0,0,0,0,0,2,1,3,2,33,6,2967,2,1,8,1,8
201704SC17057,1,9,0,16,0,0,1,0,0,0,1,1,2,1,26,6,1800,1,17,8,1,8
201704SC17057,2,9,4,18,0,0,0,0,7,0,1,1,1,1,75,10,2993,2,4,6,3,6
201704SC17057,3,9,0,18,0,0,0,0,0,0,1,1,1,3,42,7,1598,1,4,-1,-1,-1
201704SC17058,1,9,0,18,0,1,0,0,0,0,1,1,1,1,35,6,1995,2,2,8,1,8
201704SC17058,2,9,0,3,0,1,0,0,0,0,2,1,2,1,54,8,1956,2,3,5,2,5
201704SC17059,1,9,0,7,0,8,0,0,0,0,4,1,6,3,-1,-1,-1,-1,-1,-1,-1,-1
201704SC17059,2,1,0,7,0,8,0,0,0,0,3,1,1,1,62,9,-1,-1,-1,5,1,5
201704SC17060,1,9,0,18,0,0,1,0,7,9,3,1,6,1,18,4,1198,1,6,5,1,5
201704SC17061,1,9,0,15,0,1,0,0,0,0,4,1,6,1,76,11,1995,2,7,7,1,7
201704SC17061,2,9,0,9,0,6,0,0,0,0,4,1,6,1,25,5,1199,1,15,-1,-1,-1
201704SC17062,1,9,0,9,0,5,0,0,0,0,1,1,6,2,23,5,998,1,4,9,1,9
201704SC17062,2,9,0,18,0,8,0,0,0,0,1,1,6,1,81,11,1598,1,4,7,1,7
201704SC17063,1,5,0,17,0,0,2,0,0,1,4,1,6,1,55,8,599,1,17,10,2,10
201704SC17064,1,9,0,18,0,1,0,0,1,0,1,1,6,1,32,6,1198,1,10,6,1,6
201704SC17064,2,1,0,18,0,6,0,0,0,0,3,1,6,1,55,8,-1,-1,-1,6,3,6
201704SC17065,1,9,0,9,0,6,0,0,0,0,1,1,3,1,42,7,4134,2,5,8,1,8
201704SC17065,2,4,0,14,0,1,0,0,0,0,1,1,6,1,53,8,234,1,17,9,2,9
201704SC17065,3,9,0,18,0,1,0,0,0,0,0,1,6,2,48,8,1242,1,3,5,1,5
201704SC17066,1,9,0,5,0,6,0,0,0,0,1,1,6,1,34,6,1968,2,-1,10,1,10
201704SC17066,2,9,0,18,0,1,0,0,0,0,1,1,6,1,67,10,1799,1,11,4,1,4
201704SC17067,1,9,0,7,9,6,0,0,0,0,2,1,6,1,61,9,996,1,3,4,1,4
201704SC17068,1,9,0,18,0,1,0,0,0,0,1,1,6,1,61,9,1998,1,3,2,1,2
201704SC17068,2,9,0,3,0,1,0,0,0,0,2,1,6,2,38,7,1240,1,10,1,1,1
201704SC17069,1,21,0,16,0,0,0,0,0,0,4,1,1,1,54,8,6692,2,5,9,1,9
201704SC17069,2,1,0,16,0,0,0,0,0,0,3,1,6,1,52,8,-1,-1,-1,2,1,2
201704SC17070,1,9,0,18,0,0,1,0,4,6,1,1,2,1,30,6,1399,1,10,4,1,4
201704SC17071,1,9,0,16,0,0,1,0,1,4,1,1,6,1,25,5,1968,2,7,2,2,2
201704SC17072,1,9,0,5,0,1,0,0,1,2,1,1,6,2,28,6,1086,1,14,5,1,5
201704SC17072,2,9,0,18,0,1,0,0,0,0,1,1,6,3,-1,-1,-1,-1,-1,-1,-1,-1
201704SC17073,1,9,0,3,0,1,0,0,0,0,3,1,1,2,60,9,-1,-1,-1,9,1,9
201704SC17073,2,9,0,3,0,1,0,0,0,0,2,1,6,1,32,6,999,1,2,-1,-1,-1
201704SC17073,3,9,0,4,0,1,1,0,0,0,1,1,6,2,79,11,1396,1,22,6,1,6
201704SC17074,1,9,0,18,0,0,0,0,0,0,1,1,6,1,18,4,1149,1,10,10,1,10
201704SC17074,2,9,0,18,0,0,0,0,0,0,2,1,1,2,21,5,1198,1,5,7,3,7
201704SC17075,1,9,0,18,0,4,0,0,0,0,1,1,6,2,80,11,1968,2,5,8,1,8
201704SC17075,2,9,3,9,0,4,0,0,0,0,1,1,6,1,42,7,2664,2,13,3,1,3
201704SC17076,1,9,0,18,0,8,0,0,7,0,1,1,6,1,20,4,999,1,1,-1,-1,-1
201704SC17077,1,21,1,11,0,8,0,0,0,0,3,1,1,1,48,8,12777,2,3,8,1,8
201704SC17077,2,9,0,8,0,5,0,0,0,0,2,1,1,1,37,7,1834,1,18,5,1,5
201704SC17077,3,9,0,18,0,5,0,0,1,7,3,1,2,1,50,8,2993,2,5,6,1,6
201704SC17077,4,9,0,8,0,5,0,0,7,0,2,1,6,2,41,7,1461,2,3,8,1,8
201704SC17077,5,19,0,7,0,5,0,0,0,0,2,1,1,1,56,9,1560,2,2,8,3,8
201704SC17077,6,9,0,7,0,5,0,0,0,0,2,1,6,1,52,8,1364,1,5,2,1,2
201704SC17077,7,9,0,7,0,5,0,0,0,0,2,1,6,1,42,7,1197,1,1,10,1,10
201704SC17077,8,9,0,7,0,5,0,0,0,0,3,1,6,1,46,8,1598,1,11,-1,-1,-1
201704SC17077,9,9,0,8,0,5,0,0,0,0,2,1,6,1,24,5,1798,1,2,8,1,8
201704SC17077,10,9,0,7,0,5,0,0,0,0,3,1,1,1,25,5,-1,-1,-1,4,1,4
201704SC17078,1,9,0,9,0,8,0,0,0,0,1,1,6,1,22,5,1896,2,8,7,2,7
201704SC17078,2,9,0,18,0,8,0,0,0,0,1,1,6,1,18,4,1242,1,13,6,1,6
201704SC17079,1,5,0,18,0,8,0,0,0,0,1,1,6,1,29,6,1050,1,7,1,1,1
201704SC17079,2,9,0,18,0,8,0,0,0,0,3,1,6,1,68,10,1242,1,11,8,2,8
201704SC17080,1,9,0,1,0,0,0,0,0,0,1,1,6,3,-1,-1,-1,-1,-1,-1,-1,-1
201704SC17080,2,9,0,2,0,0,0,0,0,0,1,1,6,2,34,6,1390,1,12,-1,-1,-1
201704SC17081,1,9,0,5,0,4,0,0,0,0,1,1,2,1,36,7,1968,2,8,6,1,6
201704SC17081,2,9,0,11,0,4,0,0,0,0,2,1,6,1,37,7,1999,2,1,-1,-1,-1
201704SC17082,1,9,0,18,0,0,5,0,7,0,1,1,6,2,21,5,1229,1,10,3,1,3