Accident_Index,Vehicle_Reference,Vehicle_Type,Towing_and_Articulation,Vehicle_Manoeuvre,Vehicle_Location-Restricted_Lane,Junction_Location,Skidding_and_Overturning,Hit_Object_in_Carriageway,Vehicle_Leaving_Carriageway,Hit_Object_off_Carriageway,1st_Point_of_Impact,Was_Vehicle_Left_Hand_Drive?,Journey_Purpose_of_Driver,Sex_of_Driver,Age_of_Driver,Age_Band_of_Driver,Engine_Capacity_(CC),Propulsion_Code,Age_of_Vehicle,Driver_IMD_Decile,Driver_Home_Area_Type,Vehicle_IMD_Decile
201704SC17083,1,1,0,18,0,0,0,0,0,0,3,1,6,1,54,8,-1,-1,-1,-1,-1,-1
201704SC17083,2,9,0,18,0,0,0,0,0,0,0,1,1,1,69,10,1896,2,14,2,1,2
201704SC17084,1,19,0,18,0,0,0,0,0,0,1,1,6,3,-1,-1,-1,-1,-1,-1,-1,-1
201704SC17084,2,9,0,3,0,0,0,0,0,0,2,1,6,1,55,8,1390,1,13,3,1,3
201704SC17085,1,9,0,5,0,2,0,0,0,0,1,1,6,1,19,4,1242,1,11,5,2,5
201704SC17085,2,9,0,18,0,8,0,0,0,0,1,1,2,2,18,4,998,1,8,9,2,9
201704SC17086,1,1,0,9,0,0,0,0,0,0,0,1,6,3,-1,-1,-1,-1,-1,-1,-1,-1
201704SC17086,2,9,0,17,0,0,0,0,0,1,1,1,6,1,23,5,1995,2,2,5,1,5
201704SC17088,1,9,0,18,0,1,0,0,0,0,1,1,6,2,21,5,1124,1,14,-1,-1,-1
201704SC17088,2,9,0,5,0,1,0,0,0,0,1,1,6,1,-1,-1,1590,1,15,-1,-1,-1
201704SC17089,1,9,0,18,9,0,0,0,1,2,1,1,6,1,80,11,698,1,13,5,1,5
201704SC17090,1,9,0,4,0,1,0,0,0,0,4,1,6,1,43,7,1399,2,11,-1,-1,-1
201704SC17091,1,9,0,18,0,0,2,0,1,0,3,1,6,1,35,6,1598,1,12,2,1,2
201704SC17092,1,9,0,18,8,0,2,0,1,0,0,1,6,1,19,4,1390,1,12,6,1,6
201704SC17093,1,9,0,18,0,0,0,0,0,0,1,1,1,2,55,8,1596,1,12,8,1,8
201704SC17093,2,9,0,2,0,0,0,0,0,0,1,1,6,3,-1,-1,2000,2,11,-1,-1,-1
201704SC17094,1,19,0,18,0,8,0,0,0,0,1,1,1,1,45,7,2287,2,1,2,1,2
201704SC17094,2,9,0,4,0,8,0,0,0,0,2,1,2,2,50,8,1496,2,1,6,1,6
201704SC17095,1,9,0,9,0,6,0,0,0,0,4,1,6,1,52,8,1560,2,10,3,1,3
201704SC17095,2,3,0,17,0,1,1,0,1,4,3,1,6,1,19,4,124,1,1,2,1,2
201704SC17096,1,1,0,18,0,0,2,0,0,0,0,1,6,1,76,11,-1,-1,-1,-1,-1,-1
201704SC17096,2,9,0,13,0,0,0,0,0,0,0,1,6,3,-1,-1,2688,2,16,-1,-1,-1
201704SC17097,1,9,0,18,0,3,0,0,0,10,4,1,6,1,41,7,1956,2,2,1,1,1
201704SC17097,2,9,0,18,0,4,0,0,0,0,1,1,2,1,37,7,2993,2,10,1,1,1
201704SC17098,1,9,0,5,9,0,0,0,0,0,1,1,6,3,-1,-1,1900,2,18,-1,-1,-1
201704SC17099,1,9,0,9,0,1,0,0,0,0,4,1,6,2,64,9,1598,1,4,7,1,7
201704SC17101,1,5,0,13,0,0,2,0,0,0,4,1,2,1,46,8,-1,-1,-1,5,1,5
201704SC17102,1,90,0,9,0,3,0,0,0,0,1,1,1,1,66,10,-1,-1,-1,6,1,6
201704SC17102,2,9,0,3,0,2,0,0,0,0,2,1,6,2,44,7,998,1,5,7,1,7
201704SC17103,1,9,0,18,0,0,0,0,0,0,3,1,6,2,47,8,-1,-1,-1,-1,-1,-1
201704SC17104,1,9,0,5,0,1,0,0,0,0,2,1,6,1,69,10,1995,2,15,9,3,9
201704SC17104,2,9,0,3,0,1,0,0,0,0,2,1,2,2,21,5,999,1,-1,1,1,1
201704SC17105,1,5,0,17,0,0,1,0,0,10,1,1,6,1,58,9,1251,1,2,-1,-1,-1
201704SC17106,1,9,0,13,0,8,0,0,0,0,4,1,6,3,-1,-1,-1,-1,-1,-1,-1,-1
201704SC17106,2,1,0,18,0,8,0,0,1,0,3,1,6,2,30,6,-1,-1,-1,2,1,2
201704SC17107,1,9,0,17,0,0,2,0,7,0,1,1,6,2,33,6,1124,1,15,1,1,1
201704SC17108,1,11,0,18,0,1,0,0,0,0,0,1,1,1,41,7,6696,2,3,-1,-1,-1
201704SC17108,2,9,0,18,0,8,0,0,0,0,0,1,6,3,-1,-1,1199,1,13,-1,-1,-1
201704SC17109,1,9,0,18,0,0,0,4,7,0,1,1,6,2,26,6,875,1,2,3,1,3
201704SC17109,2,9,0,2,0,0,0,0,1,0,2,1,6,3,-1,-1,1461,2,4,-1,-1,-1
201704SC17110,1,9,0,14,0,4,0,0,0,0,1,1,6,3,-1,-1,1229,1,12,-1,-1,-1
201704SC17111,1,9,0,6,0,0,0,0,0,0,1,1,6,3,-1,-1,1560,2,9,-1,-1,-1
201704SC17111,2,9,0,15,0,0,0,0,0,0,4,1,6,2,22,5,1910,2,12,2,1,2
201704SC17112,1,9,0,18,0,0,0,0,0,0,1,1,6,1,31,6,998,1,1,4,2,4
201704SC17112,2,9,0,18,0,0,0,0,1,0,1,1,6,2,48,8,1461,2,6,1,1,1
201704SC17113,1,9,0,9,0,8,1,0,3,4,1,1,6,1,18,4,1242,1,14,10,1,10
201704SC17113,2,9,0,18,0,1,0,0,0,0,0,1,1,1,40,7,2993,2,1,2,1,2
201704SC17114,1,9,0,18,0,8,0,0,1,4,1,1,6,2,40,7,1299,1,14,1,1,1
201704SC17115,1,9,0,18,0,0,5,0,0,0,1,1,6,1,29,6,1968,2,10,9,2,9
201704SC17116,1,9,0,18,0,0,0,0,0,0,1,1,6,1,69,10,3311,8,10,8,1,8
201704SC17116,2,9,0,2,0,0,0,0,0,0,3,1,6,3,-1,-1,1686,2,5,-1,-1,-1
201704SC17117,1,5,0,5,0,1,1,0,1,0,3,1,2,1,23,5,599,1,19,-1,-1,-1
201704SC17117,2,9,0,7,0,5,0,0,0,0,4,1,2,2,57,9,1582,2,2,-1,-1,-1
201704SC17118,1,9,0,18,0,0,0,0,0,0,4,1,6,1,31,6,1956,2,5,-1,-1,-1
201704SC17118,2,1,0,18,0,0,0,0,0,0,1,1,6,1,15,3,-1,-1,-1,-1,-1,-1
201704SC17119,1,9,0,1,0,1,0,0,0,0,2,1,6,2,36,7,998,1,-1,-1,-1,-1
201704SC17120,1,9,0,13,0,0,0,0,0,0,1,1,6,1,21,5,1398,1,17,1,1,1
201704SC17120,2,9,0,3,0,0,0,0,0,0,1,1,6,1,23,5,1242,1,2,2,1,2
201704SC17120,3,5,0,18,0,0,0,0,0,0,0,1,6,1,20,4,-1,-1,-1,7,1,7
201704SC17121,1,90,0,18,0,0,0,0,0,0,1,1,6,1,16,4,-1,-1,-1,6,2,6
201704SC17121,2,9,0,18,0,0,1,0,0,0,1,1,6,1,50,8,1598,1,9,8,3,8
201704SC17122,1,19,0,1,0,0,0,0,0,0,1,1,6,1,29,6,2494,2,13,-1,-1,-1
201704SC17122,2,4,0,18,0,0,2,0,0,0,1,1,6,1,60,9,181,1,1,7,1,7
201704SC17123,1,9,0,4,0,1,1,0,0,0,1,1,6,1,26,6,-1,-1,-1,8,1,8
201704SC17123,2,90,0,18,0,2,0,0,0,0,1,1,2,1,35,6,-1,-1,-1,8,1,8
201704SC17124,1,1,0,17,0,1,2,0,0,0,1,1,6,2,45,7,-1,-1,-1,9,1,9
201704SC17124,2,1,0,17,0,1,2,0,0,0,1,1,6,1,46,8,-1,-1,-1,9,1,9
201704SC17125,1,5,0,15,0,0,5,0,0,0,1,1,6,1,54,8,749,1,21,8,1,8
201704SC17125,2,17,0,17,0,0,0,0,0,0,1,1,1,1,18,4,-1,2,3,10,2,10
201704SC17126,1,9,0,17,0,0,5,0,1,9,4,1,6,1,17,4,1368,1,9,9,1,9
201704SC17127,1,19,0,18,0,1,0,0,0,0,1,1,6,1,44,7,1686,2,13,3,1,3
201704SC17127,2,1,0,18,0,1,0,0,0,1,2,1,6,1,13,3,-1,-1,-1,4,1,4
201704SC17128,1,8,0,18,0,0,0,0,0,0,4,1,1,1,48,8,1995,2,12,5,1,5
201704SC17129,1,9,0,18,0,1,0,0,0,0,1,1,6,1,89,11,1598,1,11,8,2,8
201704SC17129,2,9,0,3,0,1,0,0,0,0,2,1,6,2,45,7,1398,1,2,9,1,9
201704SC17130,1,5,0,17,0,0,0,7,1,10,1,1,6,1,27,6,599,1,6,2,1,2
201704SC17131,1,9,0,16,0,1,1,10,7,0,1,1,6,2,38,7,2179,2,3,6,1,6
201704SC17131,2,9,0,18,0,8,0,0,0,0,1,1,6,1,39,7,1995,2,4,-1,-1,-1
201704SC17132,1,9,0,18,0,8,0,0,0,0,3,1,6,2,77,11,1598,1,3,4,1,4
201704SC17132,2,1,0,18,0,8,5,0,0,0,1,1,6,1,34,6,-1,-1,-1,5,1,5
201704SC17133,1,21,1,9,0,8,5,0,1,2,4,1,1,1,26,6,12777,2,11,9,2,9
201704SC17134,1,9,0,9,0,2,0,0,0,0,4,1,6,1,35,6,2720,2,11,4,2,4
201704SC17134,2,3,0,18,0,1,5,0,7,0,1,1,6,1,28,6,125,1,1,1,1,1
201704SC17135,1,9,0,9,0,6,0,0,1,0,3,1,6,1,27,6,3200,1,9,9,2,9
201704SC17135,2,9,0,18,0,1,1,0,0,0,1,1,6,1,35,6,1997,2,11,1,1,1
201704SC17136,1,9,0,18,0,0,0,0,0,0,1,1,6,1,19,4,1242,1,10,8,1,8
201704SC17136,2,9,0,3,0,0,0,0,0,0,2,1,6,1,24,5,2000,1,12,2,1,2
201704SC17136,3,9,0,3,0,0,0,0,0,0,2,1,6,2,63,9,1998,2,12,9,1,9
201704SC17137,1,9,0,9,0,5,0,0,7,10,4,1,6,2,76,11,998,1,17,2,1,2
201704SC17137,2,19,0,18,0,8,0,0,0,0,1,1,1,1,29,6,2198,2,2,-1,-1,-1
201704SC17138,1,9,0,16,0,0,5,0,7,0,1,1,6,2,18,4,998,1,14,9,2,9
201704SC17139,1,9,0,18,0,0,0,0,1,0,1,1,2,2,18,4,998,1,8,2,1,2
201704SC17139,2,9,0,9,0,0,0,0,0,0,1,1,2,1,30,6,-1,-1,-1,8,1,8
201704SC17140,1,90,0,1,0,0,0,0,0,0,2,1,1,1,35,6,-1,-1,-1,8,3,8
201704SC17141,1,9,0,18,0,0,5,0,0,0,4,1,6,2,27,6,1197,1,2,10,1,10
201704SC17142,1,9,0,5,0,6,0,0,0,0,4,1,6,2,85,11,1299,1,14,6,1,6
201704SC17142,2,3,0,18,0,1,0,0,0,0,1,1,6,1,32,6,124,1,3,4,1,4
201704SC17143,1,9,0,9,0,1,0,0,0,0,4,1,6,1,34,6,1598,1,4,6,1,6
201704SC17143,2,1,0,18,0,1,0,0,0,0,1,1,2,1,23,5,-1,-1,-1,6,1,6
201704SC17144,1,9,0,17,0,2,1,0,0,0,1,1,6,1,18,4,1598,1,9,8,1,8
201704SC17145,1,19,0,18,0,4,0,0,0,0,3,1,1,1,33,6,2198,2,3,10,2,10
201704SC17145,2,1,0,9,0,8,0,0,0,0,1,1,2,1,34,6,-1,-1,-1,9,1,9
201704SC17146,1,9,0,7,0,1,0,0,0,0,0,1,6,2,26,6,1242,1,13,4,1,4
201704SC17146,2,1,0,18,0,1,5,0,0,0,1,1,6,2,36,7,-1,-1,-1,9,1,9
201704SC17147,1,9,0,18,0,4,0,0,0,0,1,1,1,2,26,6,1598,2,2,8,3,8
201704SC17147,2,9,0,3,0,1,0,0,0,0,2,1,1,2,61,9,1997,12,5,8,2,8
201704SC17148,1,9,0,18,0,1,0,0,0,0,1,1,6,3,-1,-1,1598,1,9,-1,-1,-1
201704SC17148,2,1,0,18,0,2,0,0,0,0,2,1,6,2,13,3,-1,-1,-1,-1,-1,-1
201704SC17149,1,9,0,18,0,1,1,0,0,0,1,1,6,3,-1,-1,-1,-1,-1,-1,-1,-1
201704SC17149,2,9,0,3,0,1,0,0,0,0,2,1,6,1,53,8,1968,2,1,10,1,10
201704SC17150,1,9,0,18,0,0,0,0,0,0,1,1,1,2,45,7,1956,2,5,4,1,4
201704SC17150,2,9,0,18,0,0,0,0,0,0,1,1,1,1,20,4,1246,1,9,3,1,3
201704SC17150,3,9,0,18,0,0,0,0,0,0,2,1,1,1,32,6,2000,2,6,8,1,8
201704SC17151,1,9,0,18,0,1,1,0,0,0,1,1,6,2,50,8,1242,1,12,4,1,4
201704SC17151,2,9,0,3,0,1,0,0,0,0,2,1,6,2,31,6,1956,2,3,6,1,6
201704SC17151,3,21,1,18,0,2,1,0,0,1,1,1,1,1,55,8,12419,2,1,5,1,5
201704SC17151,4,19,0,10,0,1,0,0,0,0,3,1,1,1,31,6,1461,2,3,1,1,1
201704SC17152,1,9,0,18,0,0,0,0,0,0,1,1,2,1,23,5,1896,2,9,7,1,7
201704SC17152,2,9,0,18,0,0,0,0,0,1,2,1,2,2,33,6,1124,1,7,9,1,9
201704SC17152,3,9,0,3,0,0,0,0,0,0,2,1,2,2,51,8,1796,2,5,9,3,9
201704SC17153,1,3,0,4,0,1,0,0,0,0,3,1,6,1,58,9,124,1,2,8,1,8
201704SC17154,1,9,0,5,0,1,0,0,0,0,1,1,6,1,68,10,1796,1,8,6,1,6
201704SC17154,2,9,0,18,0,1,0,0,0,0,2,1,6,2,39,7,1560,2,8,7,1,7
201704SC17155,1,9,0,9,0,6,0,0,0,0,3,1,1,1,31,6,1910,2,9,4,1,4
201704SC17155,2,1,0,18,0,8,0,0,0,0,1,1,2,1,59,9,-1,-1,-1,8,1,8
201704SC17156,1,9,0,9,0,8,0,0,1,1,1,1,6,1,54,8,1364,1,12,3,1,3
201704SC17157,1,9,0,9,0,5,0,0,0,0,1,1,6,3,-1,-1,1229,1,12,-1,-1,-1
201704SC17157,2,9,0,18,0,1,0,0,0,0,1,1,6,1,68,10,1461,2,3,9,1,9
201704SC17158,1,1,0,12,0,0,0,0,0,0,3,1,6,1,13,3,-1,-1,-1,-1,-1,-1
201704SC17158,2,9,0,18,0,0,0,0,0,0,1,1,6,2,28,6,1598,1,14,6,1,6
201704SC17159,1,9,0,18,0,8,0,0,0,0,1,1,6,2,31,6,1339,1,9,6,1,6
201704SC17159,2,9,0,18,0,8,0,0,0,0,2,1,6,2,82,11,1108,1,13,-1,-1,-1
201704SC17159,3,9,0,18,0,8,0,0,0,0,2,1,6,1,21,5,1242,1,8,4,1,4
201704SC17160,1,9,0,5,0,0,0,0,0,0,3,1,6,2,48,8,1995,2,7,8,1,8
201704SC17161,1,9,0,9,0,6,0,0,0,0,3,1,6,2,27,6,1596,1,14,9,1,9
201704SC17161,2,19,0,18,0,1,0,0,0,0,1,1,2,1,30,6,2198,2,1,3,1,3
201704SC17162,1,9,0,7,0,8,0,0,0,0,0,1,6,1,33,6,-1,-1,-1,5,1,5
201704SC17162,2,9,0,18,0,8,1,0,0,0,0,1,6,2,29,6,1598,1,-1,5,1,5
201704SC17163,1,9,0,9,0,1,0,0,0,0,1,1,6,1,38,7,1597,1,6,-1,-1,-1
201704SC17163,2,1,0,18,0,1,0,0,0,0,2,1,6,1,22,5,-1,-1,-1,-1,-1,-1
201704SC17164,1,9,0,11,0,3,0,0,0,0,4,1,6,1,57,9,1997,2,1,3,1,3
201704SC17164,2,9,0,18,0,3,0,0,0,0,3,1,6,2,27,6,1896,2,10,8,1,8
201704SC17165,1,9,0,5,0,0,0,0,0,0,1,1,1,2,27,6,1995,2,3,-1,-1,-1
201704SC17165,2,9,0,18,0,0,0,0,0,0,1,1,6,1,71,10,1398,2,12,-1,-1,-1
201704SC17166,1,90,0,18,0,0,0,0,0,0,4,1,6,2,87,11,-1,-1,-1,9,3,9
201704SC17166,2,1,0,18,0,0,0,0,0,0,3,1,6,1,46,8,-1,-1,-1,-1,-1,-1
201704SC17167,1,9,0,4,0,1,0,0,0,0,1,1,6,1,47,8,2521,1,10,8,1,8
201704SC17167,2,19,0,3,0,1,0,0,0,0,2,1,1,1,33,6,1870,2,14,-1,-1,-1
201704SC17167,3,9,0,3,0,1,0,0,0,0,2,1,6,2,72,10,-1,-1,-1,9,1,9
201704SC17168,1,9,0,7,0,0,0,0,1,0,4,2,6,2,36,7,1997,2,12,8,1,8
201704SC17168,2,1,0,5,0,0,0,0,0,0,1,1,6,1,50,8,-1,-1,-1,-1,-1,-1
201704SC17169,1,9,0,18,0,0,0,0,0,0,0,1,6,2,32,6,-1,-1,-1,5,1,5
201704SC17170,1,9,0,7,0,8,1,0,0,0,4,1,6,2,20,4,-1,-1,-1,4,1,4
201704SC17170,2,9,0,9,0,8,0,0,0,0,1,1,6,1,58,9,2149,2,9,2,1,2
201704SC17171,1,9,0,18,0,0,0,0,1,3,3,1,1,1,20,4,1198,1,12,4,2,4
201704SC17172,1,9,0,18,0,0,2,0,2,7,1,1,6,1,24,5,1368,1,9,9,2,9
201704SC17173,1,9,0,4,0,2,0,0,0,0,1,1,6,2,84,11,1240,1,7,-1,-1,-1
201704SC17173,2,9,0,4,0,1,0,0,0,0,2,1,6,2,73,10,1598,1,14,-1,-1,-1
201704SC17173,3,9,0,4,0,2,0,0,0,0,1,1,6,1,22,5,1124,1,13,-1,-1,-1
201704SC17174,1,9,0,18,0,1,0,0,0,0,1,1,2,1,59,9,1368,1,1,7,1,7
201704SC17174,2,19,0,3,0,1,0,0,0,0,2,1,1,1,49,8,1968,2,1,8,1,8
201704SC17174,3,21,0,3,0,1,0,0,0,0,2,1,1,1,57,9,7698,2,1,1,1,1
201704SC17175,1,9,0,16,0,0,0,0,0,0,3,1,6,2,32,6,1998,1,9,-1,-1,-1
201704SC17175,2,9,0,17,0,0,0,0,0,0,3,1,6,2,65,9,1399,2,12,6,3,6
201704SC17176,1,21,0,9,0,1,0,0,0,0,1,1,1,1,30,6,12900,2,4,1,1,1
201704SC17176,2,9,0,18,0,1,0,0,0,0,1,1,6,2,54,8,1596,1,11,5,1,5
201704SC17177,1,9,0,1,9,0,0,0,0,0,0,1,6,2,62,9,1596,1,4,7,2,7
201704SC17178,1,9,0,5,0,0,0,0,0,0,4,1,6,1,18,4,1248,2,5,2,1,2
201704SC17179,1,21,1,18,0,8,0,0,0,0,1,1,1,1,44,7,10837,2,5,2,1,2
201704SC17179,2,21,1,18,0,8,0,0,0,0,1,1,1,1,23,5,12809,2,1,6,1,6
201704SC17179,3,9,0,18,0,8,0,0,0,0,2,1,6,1,23,5,1560,2,3,5,1,5
201704SC17180,1,2,0,18,0,0,5,0,0,0,1,1,6,1,37,7,125,1,1,7,1,7
201704SC17180,2,9,0,18,0,0,0,0,0,0,1,1,1,2,42,7,2143,2,1,4,1,4
201704SC17181,1,9,0,3,0,4,0,0,0,0,2,1,6,2,39,7,1598,2,4,-1,-1,-1
201704SC17181,2,9,0,3,0,4,0,0,0,0,1,1,6,1,34,6,1968,2,8,3,1,3
201704SC17182,1,9,0,18,0,8,0,0,0,0,1,1,6,1,46,8,1994,2,14,-1,-1,-1
201704SC17182,2,8,0,18,0,8,0,0,0,0,4,1,1,1,47,8,-1,-1,-1,2,1,2
201704SC17183,1,9,0,7,0,1,0,0,0,1,4,1,6,1,19,4,999,1,1,7,1,7
201704SC17183,2,9,0,9,0,1,0,0,0,0,1,1,6,2,72,10,1339,1,6,10,1,10
201704SC17184,1,9,0,18,0,0,0,0,0,0,4,1,6,1,33,6,1988,1,16,-1,-1,-1
201704SC17185,1,19,0,7,0,2,0,0,0,0,1,1,1,1,45,7,2143,2,1,3,1,3
201704SC17185,2,1,0,18,0,8,2,0,0,0,4,1,2,2,52,8,-1,-1,-1,6,1,6
201704SC17186,1,9,0,16,5,0,1,0,0,7,4,1,6,1,41,7,1400,1,19,2,1,2
201704SC17187,1,90,0,7,0,0,2,0,0,0,1,1,6,1,9,2,-1,-1,-1,-1,-1,-1
201704SC17187,2,9,0,4,0,0,0,0,0,0,1,1,2,2,23,5,1360,1,13,8,1,8
201704SC17188,1,1,0,9,0,5,2,0,0,0,1,1,2,1,36,7,-1,-1,-1,-1,-1,-1
201704SC17188,2,9,0,4,0,1,0,0,0,0,1,1,6,2,24,5,1242,1,8,9,1,9
201704SC17189,1,9,0,18,0,1,0,0,0,0,1,1,6,3,-1,-1,-1,-1,-1,-1,-1,-1
201704SC17190,1,9,0,5,6,0,0,0,0,0,0,1,6,2,50,8,1560,2,5,9,2,9
201704SC17190,2,21,0,18,0,0,0,0,0,0,0,1,1,1,39,7,-1,-1,-1,8,1,8
201704SC17191,1,9,0,5,9,6,0,0,0,0,1,1,6,2,45,7,1248,1,8,8,2,8
201704SC17192,1,9,0,18,0,0,0,0,0,0,1,1,6,1,22,5,1995,2,11,8,1,8
201704SC17192,2,1,0,18,0,0,0,0,0,0,3,1,6,1,13,3,-1,-1,-1,8,1,8
201704SC17193,1,9,0,9,0,0,1,0,0,0,2,1,6,1,28,6,1150,1,9,-1,-1,-1
201704SC17193,2,9,0,2,0,0,0,0,0,0,3,1,6,3,-1,-1,1242,1,11,-1,-1,-1
201704SC17193,3,9,0,2,0,0,0,0,0,0,3,1,6,3,-1,-1,1896,2,14,-1,-1,-1
201704SC17194,1,9,0,16,0,3,1,8,4,0,1,1,1,1,21,5,-1,-1,-1,10,2,10
201704SC17194,2,9,0,4,0,1,0,0,0,0,3,1,1,2,45,7,1598,2,6,9,1,9
201704SC17195,1,9,0,1,9,6,0,0,0,0,2,1,2,1,43,7,1995,2,8,4,1,4
201704SC17196,1,9,0,5,0,0,0,0,0,0,1,1,6,1,36,7,1299,1,14,4,1,4
201704SC17197,1,9,0,7,0,6,0,0,0,0,1,1,6,2,53,8,1395,1,2,-1,-1,-1
201704SC17197,2,9,0,18,0,2,1,0,1,10,4,1,6,1,80,11,1997,2,13,-1,-1,-1
201704SC17197,3,9,0,2,0,2,0,0,0,0,2,1,6,3,-1,-1,1596,1,15,-1,-1,-1
201704SC17198,1,3,0,18,0,0,5,0,1,0,1,1,6,1,53,8,349,1,5,1,1,1
201704SC17199,1,9,0,18,0,0,0,0,0,0,1,1,2,1,53,8,1995,1,9,5,2,5
201704SC17199,2,8,0,18,0,0,0,0,0,0,2,1,1,2,57,9,1896,2,8,10,2,10
201704SC17199,3,9,0,18,0,0,0,0,0,0,2,1,6,1,64,9,1998,1,15,1,1,1
201704SC17199,4,9,0,18,0,0,0,0,0,0,2,1,1,1,24,5,1596,1,9,10,1,10
201704SC17200,1,9,0,13,0,0,5,0,0,0,1,1,6,1,29,6,1796,1,12,6,1,6
201704SC17200,2,21,1,18,0,0,0,0,0,0,3,1,1,1,40,7,12742,2,-1,7,1,7
201704SC17201,1,9,0,9,0,5,0,0,0,0,4,1,6,1,27,6,1229,1,4,8,2,8
201704SC17201,2,9,0,18,0,1,0,0,0,0,1,1,6,1,49,8,1975,1,8,3,1,3
201704SC17202,1,9,0,16,0,1,0,0,0,0,2,1,6,2,22,5,1461,2,7,9,1,9
201704SC17202,2,9,0,16,0,1,0,0,0,0,0,1,6,2,27,6,1597,2,2,2,2,2
201704SC17203,1,9,0,18,0,0,0,0,1,0,3,1,6,3,-1,-1,-1,-1,-1,-1,-1,-1
201704SC17204,1,9,0,9,0,6,0,0,0,0,1,1,6,1,78,11,2720,2,12,9,1,9
201704SC17204,2,9,0,18,0,8,2,0,0,0,4,1,2,1,34,6,1598,2,3,5,1,5
201704SC17205,1,9,0,9,0,8,0,0,0,0,1,1,6,1,30,6,2496,2,15,3,1,3
201704SC17205,2,9,0,10,0,1,0,0,0,0,2,1,6,2,60,9,998,1,11,4,2,4
201704SC17206,1,9,0,15,0,0,0,0,0,0,0,1,6,1,76,11,505,1,5,8,1,8
201704SC17207,1,9,0,9,0,1,0,0,0,0,3,1,6,1,70,10,1461,2,1,10,1,10
201704SC17207,2,1,0,14,0,1,0,0,0,0,1,1,6,1,57,9,-1,-1,-1,6,1,6
201704SC17208,1,5,0,13,0,0,0,0,0,0,0,1,6,3,-1,-1,-1,-1,-1,-1,-1,-1
201704SC17208,2,1,0,1,0,0,0,0,1,0,0,1,6,1,36,7,-1,-1,-1,3,1,3
201704SC17209,1,9,0,16,0,0,1,4,0,0,1,1,6,1,30,6,1596,1,12,-1,-1,-1
201704SC17209,2,19,0,2,0,0,0,0,0,0,1,1,6,1,43,7,1753,2,9,6,1,6
201704SC17210,1,9,0,18,0,0,0,0,1,4,1,1,6,2,18,4,1198,1,15,6,1,6
201704SC17211,1,9,0,18,0,0,0,0,7,4,1,1,6,2,46,8,3996,1,17,10,1,10
201704SC17212,1,1,0,18,0,1,0,0,0,0,1,1,6,1,17,4,-1,-1,-1,4,1,4
201704SC17212,2,9,0,18,0,8,0,0,0,0,3,1,6,2,75,10,1591,1,3,8,1,8
201704SC17213,1,9,0,4,0,1,0,0,0,0,1,1,6,2,46,8,2143,2,4,8,1,8
201704SC17213,2,9,0,2,0,1,0,0,0,0,2,1,6,2,28,6,1598,2,1,3,1,3
201704SC17214,1,9,0,18,0,0,0,0,0,0,1,1,6,2,66,10,-1,-1,-1,-1,-1,-1
201704SC17214,2,1,0,18,0,0,0,0,0,0,3,1,6,1,52,8,-1,-1,-1,8,1,8
201704SC17215,1,9,0,18,0,0,0,0,0,0,1,1,6,3,-1,-1,-1,-1,-1,-1,-1,-1
201704SC17216,1,9,0,4,0,0,1,0,0,0,1,1,6,1,40,7,2179,2,4,-1,-1,-1
201704SC17216,2,9,0,4,0,0,1,0,0,0,3,1,6,1,25,5,1968,2,8,1,1,1
201704SC17217,1,9,0,5,0,4,0,0,0,0,1,1,6,2,44,7,998,1,-1,10,2,10
201704SC17217,2,1,0,9,0,3,0,0,0,0,4,1,2,1,60,9,-1,-1,-1,9,1,9
201704SC17218,1,9,0,18,0,0,0,0,0,0,1,1,2,1,49,8,-1,-1,-1,-1,-1,-1
201704SC17219,1,9,0,10,0,1,0,0,1,0,4,1,6,1,49,8,1995,2,5,5,1,5
201704SC17219,2,10,0,18,0,1,0,0,0,0,1,1,6,2,70,10,-1,-1,-1,5,1,5
201704SC17221,1,9,0,4,0,1,0,0,1,0,1,1,6,1,69,10,1582,2,10,2,1,2
201704SC17221,2,9,0,3,0,1,0,0,0,0,2,1,6,2,76,11,1997,2,14,4,1,4
201704SC17222,1,9,0,5,0,8,0,0,0,0,1,1,2,1,18,4,1598,1,3,4,2,4
201704SC17222,2,9,0,3,0,8,0,0,0,0,2,1,2,1,33,6,999,1,2,6,1,6
201704SC17222,3,9,0,3,0,8,0,0,0,0,2,1,2,2,52,8,1560,2,9,-1,-1,-1
201704SC17223,1,9,0,5,0,4,0,0,0,0,3,1,2,1,50,8,1461,2,9,1,1,1
201704SC17223,2,1,0,18,0,1,0,0,0,0,0,1,6,1,47,8,-1,-1,-1,8,2,8
201704SC17224,1,1,0,18,0,1,0,0,0,0,4,1,4,1,12,3,-1,-1,-1,-1,-1,-1
201704SC17224,2,9,0,18,0,1,0,0,0,0,1,1,2,1,28,6,1686,2,10,9,3,9
201704SC17225,1,9,0,18,0,2,0,0,7,0,1,1,3,2,18,4,1242,1,5,8,2,8
201704SC17225,2,9,0,18,0,2,0,0,1,0,2,1,1,1,42,7,998,1,12,6,2,6
201704SC17226,1,9,0,7,0,4,0,0,0,0,1,1,6,3,-1,-1,-1,-1,-1,-1,-1,-1
201704SC17227,1,9,0,17,0,0,0,0,0,0,1,1,6,2,24,5,1596,1,5,5,1,5
201704SC17227,2,19,0,16,0,0,0,0,0,0,3,1,1,1,60,9,2198,2,4,9,1,9
201704SC17228,1,9,0,18,0,1,0,0,0,0,1,1,6,1,24,5,1229,1,4,1,1,1
201704SC17228,2,9,0,9,0,1,0,0,0,0,1,1,6,1,81,11,996,1,7,-1,-1,-1
201704SC17229,1,9,0,18,0,0,5,0,1,7,1,1,6,1,36,7,1368,1,10,2,1,2
201704SC17230,1,9,0,5,0,2,0,0,0,0,1,1,3,2,31,6,1598,2,4,9,1,9
201704SC17230,2,5,0,18,0,1,5,0,0,0,1,1,1,1,49,8,1237,1,2,4,1,4