Accident_Index,Vehicle_Reference,Vehicle_Type,Towing_and_Articulation,Vehicle_Manoeuvre,Vehicle_Location-Restricted_Lane,Junction_Location,Skidding_and_Overturning,Hit_Object_in_Carriageway,Vehicle_Leaving_Carriageway,Hit_Object_off_Carriageway,1st_Point_of_Impact,Was_Vehicle_Left_Hand_Drive?,Journey_Purpose_of_Driver,Sex_of_Driver,Age_of_Driver,Age_Band_of_Driver,Engine_Capacity_(CC),Propulsion_Code,Age_of_Vehicle,Driver_IMD_Decile,Driver_Home_Area_Type,Vehicle_IMD_Decile
201704SC17231,1,9,0,4,9,1,0,0,0,0,1,1,6,2,71,10,998,1,1,6,1,6
201704SC17232,1,9,0,6,0,0,0,0,0,0,3,1,6,1,71,10,-1,-1,-1,-1,-1,-1
201704SC17232,2,3,0,14,0,0,0,0,0,0,1,1,6,1,19,4,125,1,9,4,2,4
201704SC17233,1,9,0,18,0,0,0,0,0,0,1,1,6,1,26,6,1364,1,11,9,1,9
201704SC17234,1,9,0,14,0,0,0,8,0,0,4,1,6,1,22,5,998,1,1,6,1,6
201704SC17234,2,9,0,2,0,0,0,0,0,0,3,1,6,2,39,7,1995,2,14,7,1,7
201704SC17235,1,9,0,9,0,2,0,0,0,0,1,1,1,1,33,6,1988,1,12,6,1,6
201704SC17236,1,9,0,10,0,8,0,0,0,0,1,1,6,1,26,6,1198,1,3,7,2,7
201704SC17236,2,9,0,18,0,6,0,0,1,1,1,1,6,2,62,9,898,1,1,5,1,5
201704SC17237,1,2,0,18,0,6,0,0,0,0,1,1,6,3,-1,-1,-1,-1,-1,-1,-1,-1
201704SC17238,1,9,0,17,0,1,0,0,0,0,1,1,1,1,44,7,1598,2,3,6,2,6
201704SC17239,1,9,0,4,0,8,0,0,0,0,3,1,6,2,23,5,1229,1,5,7,1,7
201704SC17239,2,9,0,18,0,8,0,0,0,0,1,1,6,1,44,7,1461,2,1,9,1,9
201704SC17240,1,9,0,3,0,1,0,0,0,0,1,1,6,1,79,11,1599,1,14,5,1,5
201704SC17240,2,9,0,9,0,4,0,0,0,0,1,1,6,2,36,7,1390,1,12,-1,-1,-1
201704SC17241,1,9,0,17,0,0,1,10,4,1,4,1,6,1,25,5,1796,1,12,1,1,1
201704SC17242,1,9,0,4,0,0,0,0,0,0,1,1,6,1,20,4,1198,1,12,8,1,8
201704SC17242,2,9,0,5,0,0,0,0,0,0,2,1,6,1,31,6,1598,1,11,1,1,1
201704SC17243,1,9,0,18,0,1,0,0,0,0,2,1,6,1,32,6,998,1,5,-1,-1,-1
201704SC17243,2,9,0,5,0,1,0,0,0,0,3,1,6,1,30,6,1560,2,11,-1,-1,-1
201704SC17244,1,9,4,18,0,1,4,0,0,0,4,1,1,1,58,9,2495,2,14,7,1,7
201704SC17245,1,2,0,4,0,0,1,0,0,0,1,1,2,2,19,4,125,1,1,8,2,8
201704SC17245,2,9,0,4,0,0,0,0,0,0,2,1,2,1,57,9,1596,1,16,7,1,7
201704SC17246,1,9,0,4,0,1,0,0,0,0,1,1,6,1,33,6,998,1,11,1,1,1
201704SC17246,2,9,0,3,0,1,0,0,0,0,2,1,6,1,28,6,1490,1,14,5,1,5
201704SC17247,1,9,0,9,0,8,0,0,0,0,1,1,6,1,65,9,1999,1,7,9,2,9
201704SC17247,2,9,0,18,0,8,0,0,1,1,1,1,6,1,25,5,1984,1,14,10,1,10
201704SC17248,1,9,0,1,0,0,0,0,0,0,2,1,1,1,47,8,-1,-1,-1,4,1,4
201704SC17248,2,9,0,2,0,0,0,0,0,0,1,1,6,2,24,5,1248,2,6,8,2,8
201704SC17249,1,9,0,7,0,8,0,0,0,0,1,1,6,1,30,6,-1,-1,-1,7,3,7
201704SC17249,2,21,0,18,0,1,0,0,0,0,1,1,1,1,60,9,10518,2,2,3,2,3
201704SC17250,1,9,0,9,0,1,0,0,0,0,1,1,6,2,39,7,1968,2,3,10,1,10
201704SC17250,2,9,0,9,8,1,0,0,0,0,4,1,6,3,-1,-1,1461,2,7,-1,-1,-1
201704SC17251,1,9,0,3,0,1,0,0,0,0,1,1,3,2,44,7,1149,1,13,5,1,5
201704SC17251,2,9,0,3,0,1,0,0,0,0,2,1,1,1,21,5,998,1,4,9,1,9
201704SC17251,3,9,0,3,0,1,0,0,0,0,2,1,1,1,30,6,1598,1,9,4,1,4
201704SC17252,1,9,0,7,0,4,0,0,0,0,3,1,6,2,71,10,1199,1,15,9,3,9
201704SC17252,2,1,0,18,0,4,0,0,0,0,2,1,6,1,62,9,-1,-1,-1,-1,-1,-1
201704SC17253,1,1,0,18,0,0,0,0,0,0,1,1,1,1,36,7,-1,-1,-1,-1,-1,-1
201704SC17254,1,9,0,18,0,4,0,0,0,0,1,1,6,1,23,5,1242,1,4,6,1,6
201704SC17254,2,9,0,18,0,4,0,0,0,0,1,1,6,2,23,5,1796,1,9,4,1,4
201704SC17255,1,9,0,18,0,1,1,0,0,0,1,1,2,1,28,6,-1,-1,-1,-1,-1,-1
201704SC17255,2,8,0,3,0,1,0,0,0,0,2,1,1,1,32,6,1997,2,5,-1,-1,-1
201704SC17255,3,9,0,10,0,1,0,0,0,0,2,1,2,2,25,5,1997,1,11,-1,-1,-1
201704SC17256,1,90,0,3,0,0,0,0,0,0,1,1,6,1,51,8,-1,-1,-1,-1,-1,-1
201704SC17256,2,9,0,5,0,0,0,0,0,0,3,1,6,1,47,8,1364,2,3,-1,-1,-1
201704SC17257,1,9,0,1,0,3,0,0,0,0,2,1,1,1,21,5,1995,2,2,3,1,3
201704SC17258,1,9,0,9,0,2,0,0,0,0,1,1,6,2,28,6,1364,1,11,-1,-1,-1
201704SC17258,2,9,0,18,0,8,0,0,0,0,4,1,1,2,58,9,1229,1,2,6,1,6
201704SC17259,1,9,0,4,0,0,0,0,0,0,1,1,6,1,29,6,1995,2,9,1,1,1
201704SC17259,2,9,0,4,0,0,0,0,0,0,2,1,6,1,22,5,1582,2,2,8,1,8
201704SC17259,3,9,0,4,0,0,0,0,0,0,2,1,6,2,27,6,1248,2,5,1,1,1
201704SC17259,4,9,0,4,0,0,0,0,0,0,2,1,1,1,43,7,1968,2,4,3,1,3
201704SC17260,1,9,0,4,0,1,0,0,0,0,0,1,4,2,30,6,1896,2,11,1,1,1
201704SC17260,2,3,0,15,0,1,0,10,1,0,0,1,2,1,43,7,124,1,5,9,3,9
201704SC17261,1,4,0,18,0,0,1,0,0,0,1,1,6,1,53,8,125,1,5,3,1,3
201704SC17262,1,9,0,18,0,1,0,0,0,0,1,1,6,3,-1,-1,-1,-1,-1,-1,-1,-1
201704SC17262,2,9,0,3,0,1,0,0,0,0,2,1,6,2,49,8,1199,1,1,5,1,5
201704SC17263,1,1,0,5,0,1,0,0,0,0,1,1,6,1,25,5,-1,-1,-1,-1,-1,-1
201704SC17263,2,9,0,5,0,8,0,0,0,0,4,1,6,2,42,7,2982,2,14,5,1,5
201704SC17264,1,9,0,6,0,0,0,0,0,0,4,1,6,1,45,7,1390,1,8,1,1,1
201704SC17264,2,3,0,18,0,0,0,0,1,0,1,1,6,2,43,7,124,1,3,4,1,4
201704SC17265,1,9,0,7,0,8,0,0,7,10,1,1,6,2,16,4,1229,1,6,4,2,4
201704SC17265,2,9,0,5,0,1,0,0,0,0,0,1,6,3,-1,-1,-1,-1,-1,-1,-1,-1
201704SC17266,1,9,0,16,0,0,1,0,7,0,1,1,6,1,18,4,1968,2,7,2,1,2
201704SC17267,1,9,0,18,0,0,0,4,0,0,1,1,6,1,82,11,1339,1,13,1,1,1
201704SC17267,2,9,0,2,0,0,0,0,0,0,3,1,6,3,-1,-1,1969,2,1,-1,-1,-1
201704SC17268,1,9,0,16,0,0,0,0,0,0,1,1,6,2,50,8,1984,1,10,8,3,8
201704SC17268,2,9,0,17,0,0,0,0,0,0,3,1,6,1,71,10,1582,2,2,8,1,8
201704SC17269,1,9,0,18,0,0,0,0,0,0,1,1,1,1,54,8,1582,2,2,2,1,2
201704SC17270,1,2,0,5,0,6,0,0,0,0,1,1,6,1,16,4,50,1,1,4,1,4
201704SC17270,2,9,0,18,0,1,0,0,0,0,4,1,6,3,-1,-1,-1,-1,-1,-1,-1,-1
201704SC17271,1,9,0,7,0,1,0,0,0,0,3,1,6,3,-1,-1,-1,-1,-1,-1,-1,-1
201704SC17271,2,1,0,18,0,1,0,0,0,0,1,1,6,1,26,6,-1,-1,-1,2,1,2
201704SC17272,1,90,0,4,0,1,0,0,0,0,2,1,1,1,26,6,-1,-1,-1,2,1,2
201704SC17272,2,90,0,4,0,1,0,0,0,0,1,1,1,3,-1,-1,-1,-1,-1,-1,-1,-1
201704SC17273,1,9,0,8,0,1,0,0,0,0,3,1,6,2,39,7,-1,-1,-1,5,3,5
201704SC17273,2,9,0,18,0,2,0,0,0,0,3,1,3,2,47,8,1598,1,9,4,3,4
201704SC17274,1,9,0,18,0,0,0,0,0,0,1,1,6,1,63,9,1197,1,1,7,1,7
201704SC17274,2,9,0,18,0,0,0,1,0,0,2,1,6,1,31,6,1968,2,1,4,1,4
201704SC17275,1,9,0,5,0,1,0,0,0,0,1,1,6,1,39,7,1461,2,2,2,1,2
201704SC17275,2,9,0,3,0,1,0,0,0,0,2,1,6,1,66,10,1400,2,8,3,1,3
201704SC17276,1,5,0,13,0,0,2,0,5,0,1,1,2,1,19,4,645,1,16,8,2,8
201704SC17276,2,9,0,18,0,0,0,0,0,0,2,1,2,1,29,6,-1,-1,-1,10,1,10
201704SC17276,3,9,0,18,0,0,0,0,0,0,0,1,2,2,49,8,1197,1,2,8,1,8
201704SC17277,1,9,0,10,0,1,0,0,0,0,1,1,6,3,-1,-1,-1,-1,-1,-1,-1,-1
201704SC17277,2,3,0,18,0,1,0,0,1,1,3,1,6,1,22,5,124,1,8,1,1,1
201704SC17278,1,9,0,4,0,2,0,0,0,0,1,1,6,2,27,6,2521,1,9,8,1,8
201704SC17278,2,9,0,4,0,2,0,0,0,0,2,1,6,2,29,6,2993,2,5,9,1,9
201704SC17278,3,9,0,3,0,2,0,0,0,0,2,1,6,1,49,8,1242,1,13,5,1,5
201704SC17279,1,9,0,4,0,1,0,0,0,0,1,1,6,2,61,9,1197,1,-1,9,1,9
201704SC17279,2,9,0,4,0,1,0,0,0,0,2,1,6,2,45,7,1969,2,2,10,1,10
201704SC17280,1,5,0,13,0,0,2,0,0,0,1,1,6,1,35,6,903,1,1,4,1,4
201704SC17281,1,3,0,14,0,1,0,0,0,0,1,1,6,1,26,6,124,1,1,6,1,6
201704SC17281,2,9,0,9,0,8,0,0,0,0,3,1,6,1,30,6,2993,2,2,5,1,5
201704SC17282,1,9,0,18,0,0,0,0,0,0,2,1,6,2,43,7,1587,1,11,1,1,1
201704SC17282,2,9,0,18,0,0,1,0,0,0,1,1,6,1,74,10,998,1,4,9,1,9
201704SC17283,1,9,0,9,0,8,0,0,0,0,4,1,6,1,87,11,1560,2,10,-1,-1,-1
201704SC17283,2,1,0,18,4,1,0,0,0,0,3,1,6,1,68,10,-1,-1,-1,4,1,4
201704SC17284,1,9,0,9,0,5,0,0,0,0,1,1,6,2,60,9,1618,1,1,10,1,10
201704SC17285,1,9,0,4,0,0,0,0,0,0,2,1,6,2,29,6,1598,2,5,8,1,8
201704SC17285,2,9,0,3,0,0,1,0,0,0,1,1,1,1,64,9,-1,-1,-1,3,1,3
201704SC17285,3,9,0,4,0,0,1,0,0,0,0,1,1,2,38,7,1461,2,1,9,1,9
201704SC17286,1,9,0,17,0,0,1,0,1,0,3,1,6,1,18,4,999,1,5,8,1,8
201704SC17286,2,9,0,11,0,0,1,0,1,0,1,1,6,1,30,6,-1,-1,-1,8,2,8
201704SC17287,1,9,0,18,0,0,1,0,0,0,1,1,6,1,29,6,1242,1,7,3,1,3
201704SC17287,2,9,0,18,0,0,0,0,1,0,1,1,6,1,65,9,-1,-1,-1,5,1,5
201704SC17288,1,9,0,18,0,0,0,4,0,0,1,1,2,2,22,5,1388,1,6,10,2,10
201704SC17288,2,9,0,2,0,0,0,0,0,10,2,1,6,2,-1,-1,2143,2,3,9,3,9
201704SC17289,1,19,0,16,0,0,2,0,0,0,3,1,1,1,27,6,2143,2,1,2,1,2
201704SC17290,1,9,0,18,8,1,0,0,3,0,3,1,6,1,49,8,2979,1,14,5,1,5
201704SC17290,2,9,0,18,0,1,0,0,0,0,2,1,6,2,30,6,-1,-1,-1,6,1,6
201704SC17290,3,9,0,18,0,1,0,0,0,0,1,1,6,2,49,8,1149,1,12,-1,-1,-1
201704SC17291,1,9,0,18,0,0,0,0,4,0,1,1,6,2,25,5,1197,1,-1,3,1,3
201704SC17291,2,9,0,3,0,0,0,0,0,0,2,1,6,1,53,8,1956,2,6,10,1,10
201704SC17292,1,9,0,9,0,4,0,0,0,0,3,1,3,2,51,8,1390,1,5,8,2,8
201704SC17292,2,9,0,5,0,3,0,0,0,0,4,1,2,1,23,5,-1,-1,-1,9,1,9
201704SC17293,1,19,0,9,0,0,0,0,0,0,1,1,6,1,31,6,1995,2,8,5,1,5
201704SC17293,2,9,0,18,0,0,0,0,0,0,3,1,6,2,17,4,1200,1,14,6,1,6
201704SC17294,1,9,0,4,0,1,0,0,0,0,1,1,2,1,19,4,1242,1,8,8,1,8
201704SC17294,2,9,0,9,0,1,0,0,0,0,2,1,2,1,54,8,1364,1,7,4,1,4
201704SC17295,1,9,0,18,0,0,1,0,0,0,1,1,6,1,27,6,1686,2,9,8,1,8
201704SC17295,2,9,0,3,0,0,0,0,0,0,2,1,6,2,45,7,1560,2,3,8,3,8
201704SC17296,1,9,0,16,0,0,1,0,1,4,1,1,6,1,18,4,1229,1,11,-1,-1,-1
201704SC17297,1,9,0,18,0,0,0,4,0,0,1,1,2,2,57,9,998,1,8,7,2,7
201704SC17297,2,9,0,2,0,0,0,0,0,0,2,1,6,3,-1,-1,1242,1,5,-1,-1,-1
201704SC17297,3,9,0,2,0,0,0,4,0,0,2,1,6,3,-1,-1,1242,1,9,-1,-1,-1
201704SC17297,4,9,0,2,0,0,0,4,0,0,2,1,6,3,-1,-1,1753,2,10,-1,-1,-1
201704SC17297,5,9,0,2,0,0,0,4,0,0,2,1,6,3,-1,-1,1598,2,5,-1,-1,-1
201704SC17298,1,9,0,18,0,0,0,0,0,0,1,1,1,1,22,5,999,1,-1,1,1,1
201704SC17298,2,9,0,2,0,0,0,0,0,0,2,1,6,3,-1,-1,-1,-1,-1,-1,-1,-1
201704SC17299,1,9,0,13,0,0,0,0,0,0,4,1,6,3,-1,-1,-1,-1,-1,-1,-1,-1
201704SC17299,2,1,0,18,0,0,2,0,1,0,3,1,6,1,26,6,-1,-1,-1,9,1,9
201704SC17300,1,9,0,5,0,0,0,0,0,0,3,1,6,2,26,6,1896,2,15,8,1,8
201704SC17300,2,9,0,14,0,0,0,0,0,0,1,1,6,1,46,8,1198,1,11,8,1,8
201704SC17301,1,9,0,18,0,0,0,0,4,6,1,1,2,2,46,8,1248,2,5,5,1,5
201704SC17301,2,9,0,4,0,0,0,0,0,0,2,1,6,2,51,8,1995,2,6,-1,2,-1
201704SC17301,3,9,0,18,0,0,1,1,0,0,1,1,1,1,57,9,1753,2,8,2,1,2
201704SC17302,1,9,0,4,0,0,1,0,0,0,1,1,6,1,28,6,2497,1,20,6,1,6
201704SC17302,2,9,0,4,0,0,0,0,0,0,2,1,6,1,62,9,1499,2,1,-1,-1,-1
201704SC17302,3,9,0,4,0,0,0,0,0,0,2,1,2,2,63,9,1461,2,6,9,1,9
201704SC17303,1,9,0,18,0,0,0,0,0,0,1,1,6,3,-1,-1,-1,-1,-1,-1,-1,-1
201704SC17303,2,1,0,18,0,0,0,0,0,0,1,1,6,2,38,7,-1,-1,-1,3,1,3
201704SC17304,1,9,0,18,0,0,0,0,0,0,4,1,6,2,68,10,-1,-1,-1,10,1,10
201704SC17305,1,90,0,18,0,1,1,0,0,0,1,1,1,1,24,5,-1,-1,-1,6,1,6
201704SC17305,2,9,0,3,0,8,1,0,0,0,2,1,1,1,37,7,-1,-1,-1,-1,-1,-1
201704SC17305,3,9,0,3,0,8,0,0,0,0,2,1,6,1,49,8,-1,-1,-1,9,1,9
201704SC17306,1,90,0,5,0,6,0,0,0,0,1,1,6,2,27,6,-1,-1,-1,9,1,9
201704SC17306,2,9,0,18,0,1,0,0,0,0,1,1,6,1,43,7,4367,2,6,9,1,9
201704SC17307,1,9,0,11,0,1,1,11,1,1,1,1,2,1,51,8,1498,1,5,4,1,4
201704SC17307,2,9,0,18,0,2,1,11,0,0,2,1,6,1,26,6,1999,1,10,5,1,5
201704SC17307,3,21,1,18,0,1,0,11,0,1,2,1,1,1,48,8,12902,2,2,5,1,5
201704SC17307,4,9,0,18,0,2,1,11,0,6,2,1,6,1,72,10,999,1,-1,-1,-1,-1
201704SC17307,5,10,0,18,0,2,0,0,1,1,4,1,2,2,23,5,-1,-1,-1,9,3,9
201704SC17308,1,1,0,9,0,2,0,0,0,0,3,1,1,1,14,3,-1,-1,-1,1,1,1
201704SC17308,2,9,0,18,0,2,0,0,0,0,1,1,6,2,46,8,796,1,14,8,1,8
201704SC17309,1,9,0,18,0,0,0,0,0,0,1,1,6,2,24,5,1084,1,-1,3,2,3
201704SC17309,2,9,0,4,0,0,0,0,0,0,2,1,6,1,62,9,1968,2,3,7,1,7
201704SC17310,1,9,0,18,0,2,0,0,0,0,1,1,6,1,-1,-1,-1,-1,-1,-1,-1,-1
201704SC17310,2,8,0,4,0,2,0,0,0,0,2,1,1,3,-1,-1,-1,-1,-1,-1,-1,-1
201704SC17311,1,21,0,17,0,0,0,0,0,0,0,1,1,1,68,10,5900,2,14,6,3,6
201704SC17311,2,9,0,17,0,0,0,11,0,0,1,1,1,2,57,9,1597,2,1,8,1,8
201704SC17312,1,5,0,18,0,1,0,0,0,0,4,1,6,1,37,7,998,1,13,2,1,2
201704SC17313,1,9,0,18,0,0,0,0,0,0,1,1,6,2,23,5,1597,2,1,5,1,5
201704SC17313,2,9,0,3,0,0,0,0,0,0,2,1,6,2,22,5,1229,1,2,9,1,9
201704SC17314,1,9,0,4,0,0,0,0,0,0,1,1,6,2,25,5,1229,1,5,3,1,3
201704SC17314,2,9,0,4,0,0,0,0,0,0,2,1,6,2,37,7,1248,1,4,6,1,6
201704SC17315,1,9,0,9,0,2,0,0,0,0,3,1,2,1,23,5,1199,1,16,1,1,1
201704SC17316,1,9,0,9,0,8,0,0,0,0,4,1,6,2,21,5,1200,1,-1,8,1,8
201704SC17317,1,9,0,18,0,0,1,0,1,7,1,1,6,2,36,7,1395,1,2,3,1,3
201704SC17318,1,9,0,12,0,3,0,0,0,0,1,1,6,1,80,11,1598,1,2,4,1,4
201704SC17318,2,9,0,3,0,2,0,0,0,0,2,1,6,1,24,5,1461,2,1,4,1,4
201704SC17319,1,9,0,18,0,0,1,0,5,0,3,1,6,2,27,6,1399,2,5,2,1,2
201704SC17319,2,9,0,18,0,0,0,0,0,0,3,1,6,1,24,5,2967,2,1,7,1,7
201704SC17320,1,9,0,5,0,2,0,0,0,0,1,1,6,3,-1,-1,1560,2,2,-1,-1,-1
201704SC17320,2,9,0,5,0,2,0,0,0,0,3,1,6,2,27,6,1994,2,10,5,1,5
201704SC17321,1,21,0,5,0,3,0,0,0,0,4,1,1,1,57,9,12809,2,2,7,1,7
201704SC17322,1,9,0,18,0,0,0,0,0,0,1,1,6,1,30,6,998,1,15,5,1,5
201704SC17322,2,20,0,2,6,0,0,0,0,0,2,1,1,1,54,8,2987,2,6,4,1,4
201704WA17001,1,9,0,18,0,8,0,0,0,0,3,1,6,1,65,9,1910,2,12,7,1,7
201704WA17001,2,8,0,18,0,8,0,0,0,0,1,1,1,1,68,10,1968,2,7,5,1,5
201704WA17002,1,9,0,18,0,0,0,0,0,0,4,1,6,1,37,7,1896,2,9,1,1,1
201704WA17003,1,9,0,18,0,8,0,0,0,0,1,1,6,1,27,6,1560,2,13,1,1,1
201704WA17003,2,90,0,2,0,8,0,0,0,0,0,1,6,3,-1,-1,-1,-1,-1,-1,-1,-1
201704WA17004,1,9,0,18,0,1,0,0,0,0,1,1,6,2,59,9,1229,1,4,1,1,1
201704WA17004,2,9,0,10,0,1,0,0,0,0,2,1,1,2,54,8,1496,1,-1,3,1,3
201704WA17005,1,9,0,18,0,8,0,0,0,0,1,1,6,2,20,4,998,1,15,1,1,1
201704WA17005,2,9,0,18,0,8,0,0,0,0,1,1,6,1,52,8,1598,1,11,2,1,2
201704WA17006,1,9,0,18,0,8,0,0,1,0,1,1,6,1,44,7,1968,2,7,5,1,5
201704WA17007,1,9,0,18,0,1,0,0,0,0,1,1,6,1,-1,-1,2188,2,11,4,1,4
201704WA17007,2,1,0,2,0,1,0,0,0,0,4,1,6,1,53,8,-1,-1,-1,7,2,7
201704WA17008,1,9,0,18,0,0,1,0,5,6,3,1,6,1,55,8,1997,2,12,4,1,4
201704WA17009,1,1,0,18,0,2,0,0,0,0,4,1,6,1,37,7,-1,-1,-1,1,1,1
201704WA17009,2,9,0,18,0,6,0,0,0,0,3,1,6,1,44,7,1997,2,11,4,1,4
201704WA17010,1,9,0,9,0,8,0,0,0,0,1,1,6,2,45,7,1910,2,12,1,1,1
201704WA17010,2,1,0,18,0,1,0,0,0,0,1,1,6,1,46,8,-1,-1,-1,2,1,2
201704WA17011,1,9,0,5,9,6,0,0,0,0,2,1,3,2,33,6,1396,1,8,1,1,1
201704WA17012,1,9,0,4,0,0,0,0,0,0,1,1,2,2,26,6,998,1,7,5,1,5
201704WA17012,2,20,0,3,0,0,0,0,0,0,2,1,1,1,41,7,6693,2,4,4,1,4
201704WA17013,1,11,0,18,0,8,0,0,0,0,1,1,1,1,53,8,8268,2,15,1,1,1
201704WA17014,1,9,0,18,0,0,1,0,0,0,1,1,6,1,50,8,1998,2,13,-1,-1,-1
201704WA17014,2,9,0,3,0,0,0,0,0,0,1,1,6,1,41,7,2429,1,14,9,1,9
201704WA17015,1,9,0,18,0,0,0,0,0,0,1,1,6,3,-1,-1,2993,2,10,-1,-1,-1
201704WA17015,2,3,0,18,0,0,0,0,0,0,2,1,6,1,19,4,125,1,11,5,1,5
201704WA17016,1,9,0,18,0,1,1,4,0,0,1,1,2,1,32,6,1796,1,13,3,1,3
201704WA17016,2,9,0,2,0,8,0,0,0,0,2,1,6,3,-1,-1,1896,2,16,-1,-1,-1
201704WA17017,1,9,0,18,0,0,1,0,0,0,3,1,6,1,45,7,2993,2,11,6,3,6
201704WA17018,1,9,0,18,0,1,1,0,2,2,1,1,6,3,-1,-1,1598,1,14,-1,-1,-1
201704WA17018,2,9,0,18,0,1,0,0,1,1,3,1,6,1,30,6,1995,1,10,2,1,2
201704WA17019,1,9,0,13,0,0,2,0,0,0,1,1,2,2,28,6,1598,1,6,1,1,1
201704WA17019,2,9,0,4,0,0,0,0,0,0,2,1,6,2,28,6,1242,1,1,4,1,4
201704WA17020,1,9,0,18,0,2,0,0,0,0,4,1,6,1,21,5,1388,1,10,-1,-1,-1
201704WA17020,2,9,0,3,0,1,0,0,0,0,4,1,3,2,30,6,1397,1,15,2,1,2
201704WA17021,1,9,0,18,0,0,0,0,0,0,1,1,6,2,30,6,1242,1,6,2,1,2
201704WA17021,2,9,0,3,0,0,0,0,0,0,2,1,6,3,-1,-1,-1,-1,-1,-1,-1,-1
201704WA17022,1,9,0,4,0,1,0,0,0,0,1,1,6,1,17,4,1364,1,13,10,1,10
201704WA17022,2,9,0,3,0,1,0,0,0,0,2,1,6,1,41,7,1968,2,3,1,1,1
201704WA17023,1,9,0,18,0,2,0,0,0,0,4,1,6,2,75,10,1968,2,12,9,1,9
201704WA17023,2,9,0,18,0,2,0,0,0,0,1,1,6,2,39,7,1896,2,8,5,1,5
201704WA17024,1,9,0,3,0,1,0,0,0,0,2,1,6,2,55,8,1997,2,3,7,3,7
201704WA17024,2,9,0,3,0,1,0,0,0,0,1,1,6,2,28,6,-1,-1,-1,5,1,5
201704WA17025,1,9,0,9,0,6,0,0,0,0,2,1,6,1,18,4,1596,1,10,2,1,2
201704WA17025,2,9,0,3,0,2,0,0,0,0,2,1,6,1,31,6,1896,2,9,1,1,1
201704WA17026,1,9,0,18,0,0,0,0,0,0,1,1,2,2,23,5,1248,2,6,5,2,5
201704WA17026,2,9,0,3,0,0,0,0,0,0,2,1,6,1,21,5,1995,2,6,4,1,4
201704WA17027,1,90,0,15,9,0,0,0,1,0,4,1,6,1,74,10,-1,-1,-1,5,1,5
201704WA17028,1,9,0,7,0,2,0,0,0,0,1,1,6,3,-1,-1,-1,-1,-1,-1,-1,-1
201704WA17028,2,1,0,18,0,8,0,0,0,0,4,1,6,1,29,6,-1,-1,-1,2,1,2
201704WA17029,1,9,0,5,0,3,0,0,0,0,1,1,6,3,-1,-1,-1,-1,-1,-1,-1,-1
201704WA17029,2,1,0,18,0,3,0,0,0,0,1,1,6,2,19,4,-1,-1,-1,5,1,5
201704WA17030,1,9,0,18,0,0,0,0,0,0,4,1,2,1,32,6,1997,1,2,5,1,5
201704WA17032,1,9,0,15,0,3,0,0,0,0,2,1,6,3,-1,-1,-1,-1,-1,-1,-1,-1
201704WA17032,2,1,0,18,0,8,0,0,0,0,0,1,1,1,49,8,-1,-1,-1,9,1,9
201704WA17033,1,9,0,18,0,0,0,0,7,0,1,1,6,1,78,11,1390,1,11,8,1,8
201704WA17033,2,11,0,18,0,0,0,0,0,0,4,1,6,1,51,8,8300,2,17,1,1,1
201704WA17034,1,9,0,18,0,0,1,0,0,0,0,1,6,1,22,5,1368,1,8,2,1,2
201704WA17034,2,9,0,18,0,0,0,0,0,0,0,1,6,3,-1,-1,-1,-1,-1,-1,-1,-1
201704WA17035,1,9,0,7,0,5,0,0,0,0,1,1,6,1,44,7,1598,1,12,1,1,1
201704WA17036,1,2,0,4,0,0,1,0,0,0,0,1,6,1,16,4,49,1,3,8,1,8
201704WA17037,1,3,0,18,0,0,0,0,0,0,1,1,6,1,28,6,125,1,3,1,1,1
201704WA17037,2,3,0,18,0,0,0,0,0,0,1,1,6,1,28,6,-1,-1,-1,5,1,5
201704WA17038,1,9,0,18,0,4,0,0,0,0,1,1,6,1,24,5,1900,2,18,-1,-1,-1
201704WA17038,2,9,0,18,0,8,0,0,1,2,4,1,6,1,62,9,1984,2,6,-1,-1,-1
201704WA17038,3,9,0,4,0,4,0,0,0,0,0,1,1,1,32,6,2993,2,1,-1,-1,-1
201704WA17039,1,9,0,2,0,0,0,0,0,0,3,1,1,1,55,8,-1,-1,-1,1,1,1
201704WA17039,2,1,0,14,0,0,0,0,0,0,1,1,6,1,67,10,-1,-1,-1,3,1,3
201704WA17040,1,9,0,5,0,6,0,0,0,0,1,1,6,2,67,10,1995,2,1,8,3,8
201704WA17040,2,5,0,10,0,5,0,0,0,0,4,1,6,1,21,5,600,1,17,-1,-1,-1
201704WA17041,1,1,0,18,9,0,0,0,0,0,4,1,1,1,28,6,-1,-1,-1,4,1,4
201704WA17041,2,9,0,5,9,0,0,0,0,0,1,1,6,1,83,11,998,1,1,4,1,4
201704WA17042,1,9,0,5,0,4,0,0,0,0,1,1,2,1,51,8,1956,2,3,9,1,9
201704WA17042,2,9,0,3,0,4,0,0,0,0,2,1,1,2,30,6,998,1,6,9,1,9
201704WA17043,1,11,0,5,2,0,0,0,0,0,4,1,1,1,63,9,-1,-1,-1,3,1,3
201704WA17044,1,9,0,18,0,4,0,0,1,1,1,1,6,2,28,6,1388,1,7,4,1,4
201704WA17044,2,9,0,18,0,4,0,0,1,1,4,1,6,1,59,9,1368,1,-1,8,2,8
201704WA17045,1,9,0,18,0,1,0,0,0,0,1,1,6,2,18,4,998,1,1,8,1,8
201704WA17045,2,9,0,7,0,8,0,0,0,0,2,1,6,1,17,4,1206,1,5,10,2,10
201704WA17046,1,9,0,18,0,1,0,0,0,0,0,1,6,3,66,10,-1,-1,-1,-1,-1,-1
201704WA17046,2,3,0,18,0,3,1,0,0,0,0,1,6,1,49,8,124,1,4,7,1,7
201704WA17047,1,2,0,18,0,2,0,0,0,0,1,1,6,1,35,6,49,1,15,1,1,1
201704WA17047,2,9,0,4,0,2,0,0,0,0,2,1,6,2,35,6,1360,1,14,2,1,2
201704WA17047,3,1,0,2,0,2,0,0,0,0,0,1,6,3,-1,-1,-1,-1,-1,-1,-1,-1
201704WA17049,1,1,0,18,0,0,2,0,0,0,3,1,6,1,52,8,-1,-1,-1,2,1,2