Accident_Index,Vehicle_Reference,Vehicle_Type,Towing_and_Articulation,Vehicle_Manoeuvre,Vehicle_Location-Restricted_Lane,Junction_Location,Skidding_and_Overturning,Hit_Object_in_Carriageway,Vehicle_Leaving_Carriageway,Hit_Object_off_Carriageway,1st_Point_of_Impact,Was_Vehicle_Left_Hand_Drive?,Journey_Purpose_of_Driver,Sex_of_Driver,Age_of_Driver,Age_Band_of_Driver,Engine_Capacity_(CC),Propulsion_Code,Age_of_Vehicle,Driver_IMD_Decile,Driver_Home_Area_Type,Vehicle_IMD_Decile
201704WA17050,1,5,0,9,0,8,0,0,0,0,4,1,6,3,-1,-1,-1,-1,-1,-1,-1,-1
201704WA17050,2,1,0,18,0,8,0,0,0,0,1,1,2,1,34,6,-1,-1,-1,1,1,1
201704WA17051,1,9,0,16,0,3,0,10,8,1,1,1,2,2,55,8,1242,1,12,5,1,5
201704WA17052,1,9,0,18,0,0,0,0,0,0,1,1,6,2,34,6,1560,2,12,5,1,5
201704WA17052,2,9,0,4,0,0,0,0,0,0,2,1,6,1,28,6,1598,2,1,4,1,4
201704WA17052,3,21,0,3,0,0,0,0,0,0,0,1,1,1,32,6,10837,2,1,7,3,7
201704WA17053,1,9,0,9,0,8,0,0,0,0,1,1,2,1,55,8,3200,2,6,8,3,8
201704WA17054,1,9,0,7,0,8,0,0,0,0,1,1,6,3,-1,-1,-1,-1,-1,-1,-1,-1
201704WA17054,2,1,0,18,0,8,0,0,0,0,2,1,6,1,27,6,-1,-1,-1,1,1,1
201704WA17055,1,9,0,18,0,0,0,0,0,0,1,1,6,1,40,7,1997,1,12,1,1,1
201704WA17056,1,9,0,18,0,0,0,0,0,0,1,1,2,1,22,5,1299,1,15,10,2,10
201704WA17056,2,1,0,18,4,0,0,0,0,0,2,1,6,1,58,9,-1,-1,-1,6,1,6
201704WA17057,1,9,0,17,0,3,0,10,0,0,1,1,6,2,22,5,998,1,5,9,2,9
201704WA17057,2,9,0,17,0,3,0,0,0,0,4,1,6,1,40,7,1896,2,15,2,1,2
201704WA17058,1,9,0,9,0,8,0,0,0,0,1,1,6,3,-1,-1,-1,-1,-1,-1,-1,-1
201704WA17059,1,9,0,9,0,1,0,0,0,0,1,1,6,1,37,7,1199,1,14,1,1,1
201704WA17059,2,3,0,18,0,1,0,0,0,0,1,1,6,1,35,6,125,1,1,3,1,3
201704WA17060,1,9,0,18,0,2,0,0,0,0,1,1,6,3,-1,-1,-1,-1,-1,-1,-1,-1
201704WA17061,1,9,0,18,0,0,5,0,1,0,1,1,6,1,83,11,1598,2,1,1,1,1
201704WA17062,1,9,0,18,0,0,5,0,0,0,1,1,6,2,88,11,1360,1,14,2,1,2
201704WA17062,2,9,0,2,0,0,0,0,0,0,1,1,6,3,-1,-1,1997,2,14,-1,-1,-1
201704WA17063,1,9,0,5,0,6,0,0,0,0,1,1,6,1,52,8,-1,-1,-1,4,1,4
201704WA17063,2,3,0,18,0,1,2,0,0,0,0,1,6,2,37,7,102,1,13,1,1,1
201704WA17064,1,9,0,17,0,0,0,0,7,0,1,1,6,2,58,9,1598,2,6,1,1,1
201704WA17065,1,9,0,9,0,0,0,0,7,0,2,1,6,1,26,6,1997,2,13,1,1,1
201704WA17065,2,9,0,18,0,0,0,0,0,0,1,1,6,1,36,7,2204,2,10,6,1,6
201704WA17066,1,19,0,4,0,1,0,0,0,0,1,1,1,1,31,6,-1,-1,-1,6,1,6
201704WA17066,2,9,0,18,0,1,0,0,0,0,2,1,6,1,40,7,1686,2,6,5,1,5
201704WA17067,1,3,0,18,0,1,1,0,0,0,0,1,6,1,40,7,123,1,6,3,1,3
201704WA17067,2,9,0,18,0,8,0,0,0,0,0,1,6,2,33,6,1598,1,11,1,1,1
201704WA17068,1,9,0,5,0,5,0,0,0,0,3,1,6,2,79,11,1398,1,6,10,1,10
201704WA17068,2,3,0,13,0,1,0,0,0,0,1,1,2,1,51,8,125,1,6,8,1,8
201704WA17069,1,9,0,9,0,8,0,0,0,0,4,1,6,1,29,6,1598,1,14,1,1,1
201704WA17069,2,1,0,18,0,8,0,0,0,0,1,1,6,1,29,6,-1,-1,-1,7,1,7
201704WA17070,1,9,0,18,0,0,1,0,7,10,1,1,6,1,26,6,2494,1,17,7,1,7
201704WA17071,1,9,0,1,0,2,0,4,0,0,4,1,6,1,30,6,1984,1,15,-1,-1,-1
201704WA17071,2,9,0,2,0,2,0,0,0,0,3,1,6,3,-1,-1,2184,2,13,-1,-1,-1
201704WA17072,1,9,0,7,0,6,0,0,0,0,1,1,6,1,21,5,1199,1,16,5,1,5
201704WA17072,2,5,0,18,0,8,2,0,0,0,4,1,6,1,54,8,598,1,19,5,2,5
201704WA17072,3,9,0,3,0,1,0,0,0,0,1,1,2,1,45,7,1598,2,1,7,2,7
201704WA17073,1,9,0,9,0,8,0,0,0,0,4,1,2,1,33,6,2143,2,3,10,1,10
201704WA17074,1,9,0,18,0,0,0,0,0,0,4,1,6,1,62,9,999,1,1,10,2,10
201704WA17075,1,9,0,18,0,1,0,0,0,0,2,1,1,1,30,6,1799,1,11,2,1,2
201704WA17075,2,9,0,3,0,1,0,0,0,0,2,1,1,1,31,6,2967,1,12,10,1,10
201704WA17075,3,9,0,3,0,1,0,0,0,0,2,1,1,2,49,8,1995,2,9,6,1,6
201704WA17076,1,90,0,18,0,0,0,0,0,0,1,1,2,1,27,6,-1,-1,-1,1,1,1
201704WA17076,2,9,0,4,0,0,0,0,0,0,2,1,6,2,53,8,1598,1,9,3,1,3
201704WA17077,1,9,3,18,0,1,0,0,0,0,0,1,6,1,55,8,1991,2,8,8,2,8
201704WA17078,1,9,0,18,0,0,0,0,1,0,1,1,6,1,54,8,1499,2,2,8,3,8
201704WA17079,1,19,0,1,0,0,0,0,0,0,2,1,1,1,46,8,1998,2,13,2,1,2
201704WA17080,1,9,0,18,0,8,0,0,0,0,3,1,6,1,31,6,995,1,13,1,1,1
201704WA17081,1,9,0,4,0,1,0,0,0,0,1,1,3,1,59,9,1560,2,7,-1,-1,-1
201704WA17081,2,90,0,4,0,1,0,0,0,0,2,1,6,1,49,8,-1,-1,-1,1,1,1
201704WA17082,1,9,0,9,0,8,0,0,0,0,4,1,6,2,20,4,1248,1,4,2,1,2
201704WA17082,2,9,0,17,0,8,0,0,0,0,1,1,6,1,30,6,1560,2,3,2,1,2
201704WA17083,1,9,0,9,0,1,0,0,0,0,4,1,6,2,22,5,1242,1,1,5,2,5
201704WA17083,2,1,0,18,0,1,0,0,0,0,1,1,6,1,24,5,-1,-1,-1,1,1,1
201704WA17084,1,9,0,18,0,1,0,0,0,0,1,1,6,1,40,7,1360,1,13,-1,-1,-1
201704WA17084,2,9,0,3,0,1,0,0,0,0,2,1,6,2,26,6,1124,1,11,-1,-1,-1
201704WA17085,1,9,0,18,0,0,0,0,0,0,4,1,6,2,56,9,2231,2,11,4,1,4
201704WA17086,1,9,0,1,0,2,0,0,0,0,2,1,6,1,68,10,1364,1,2,7,1,7
201704WA17087,1,9,0,5,0,1,0,0,0,0,1,1,2,1,21,5,1248,1,5,-1,-1,-1
201704WA17087,2,9,0,3,0,1,0,0,0,0,2,1,2,2,41,7,1197,1,1,-1,-1,-1
201704WA17088,1,9,0,18,0,8,0,0,0,0,1,1,6,1,37,7,1360,1,11,3,1,3
201704WA17088,2,9,0,5,0,8,0,0,0,0,1,1,6,2,67,10,1318,1,-1,-1,-1,-1
201704WA17089,1,3,0,18,0,8,2,0,0,0,4,1,6,1,27,6,125,1,2,1,1,1
201704WA17090,1,19,0,9,0,2,0,0,0,0,3,1,1,1,42,7,2494,2,13,8,1,8
201704WA17090,2,5,0,18,0,1,0,0,0,0,1,1,2,1,28,6,1284,1,14,7,1,7
201704WA17091,1,1,0,4,0,1,0,0,0,0,1,1,6,1,50,8,-1,-1,-1,9,1,9
201704WA17091,2,9,0,4,0,1,0,0,0,0,2,1,6,2,58,9,1997,1,10,7,1,7
201704WA17092,1,5,0,18,0,0,1,0,0,0,0,1,2,1,36,7,-1,-1,-1,7,2,7
201704WA17093,1,19,0,5,0,0,0,0,0,0,1,1,1,1,26,6,2396,2,13,6,1,6
201704WA17093,2,9,0,3,0,0,0,0,0,0,2,1,6,2,57,9,998,1,4,6,1,6
201704WA17093,3,9,0,3,0,0,0,0,0,0,2,1,6,2,22,5,1396,1,3,8,1,8
201704WA17094,1,9,0,16,0,0,5,0,5,6,3,1,6,1,79,11,1796,1,5,9,2,9
201704WA17095,1,9,0,4,5,5,0,0,0,0,3,1,6,1,21,5,973,1,15,-1,-1,-1
201704WA17095,2,1,0,18,5,1,0,0,0,0,1,1,6,2,25,5,-1,-1,-1,-1,-1,-1
201704WA17096,1,9,0,18,0,8,0,0,0,0,1,1,6,1,86,11,1198,1,-1,6,1,6
201704WA17096,2,9,0,9,0,8,0,0,0,0,1,1,6,2,39,7,1968,2,2,10,1,10
201704WA17097,1,9,0,9,0,8,0,0,0,0,1,1,6,2,52,8,1598,1,12,4,3,4
201704WA17097,2,9,0,18,0,8,0,0,0,0,4,1,6,1,72,10,1339,1,1,3,1,3
201704WA17098,1,11,0,5,0,0,0,0,0,0,0,1,6,1,53,8,9000,2,8,8,1,8
201704WA17099,1,9,0,9,0,6,0,0,0,0,1,1,6,1,81,11,1995,1,7,7,3,7
201704WA17099,2,9,0,9,0,6,0,0,0,0,2,1,3,2,41,7,1390,1,8,10,2,10
201704WA17100,1,9,0,16,0,0,1,0,7,1,1,1,6,1,25,5,1991,1,18,1,1,1
201704WA17101,1,9,0,5,0,0,0,0,0,0,1,1,1,1,23,5,1198,1,13,5,1,5
201704WA17101,2,2,0,18,0,0,0,0,0,0,3,1,6,1,33,6,125,1,2,-1,-1,-1
201704WA17102,1,9,0,18,0,8,0,0,0,0,1,1,6,3,-1,-1,-1,-1,-1,-1,-1,-1
201704WA17102,2,9,0,3,0,1,0,0,0,0,2,1,6,1,24,5,1149,1,15,1,1,1
201704WA17103,1,9,0,9,0,0,5,0,1,9,1,1,6,1,17,4,1248,1,2,7,2,7
201704WA17104,1,9,0,13,0,1,1,0,0,0,1,1,6,1,26,6,1199,1,15,2,1,2
201704WA17104,2,9,0,9,0,8,1,0,0,0,3,1,6,2,45,7,1242,1,16,2,1,2
201704WA17104,3,9,0,7,0,1,0,0,0,0,0,1,6,3,-1,-1,-1,-1,-1,-1,-1,-1
201704WA17105,1,1,0,18,5,1,0,0,0,0,1,1,6,1,29,6,-1,-1,-1,6,1,6
201704WA17105,2,9,0,3,5,6,0,0,0,0,3,1,6,2,39,7,2143,2,4,7,3,7
201704WA17106,1,9,0,4,0,0,0,0,0,0,1,1,2,2,48,8,1198,1,3,7,3,7
201704WA17106,2,9,0,18,0,0,0,0,0,0,2,1,2,2,49,8,998,1,1,3,1,3
201704WA17107,1,9,0,9,0,1,0,0,0,0,1,1,6,1,16,4,1598,1,16,6,1,6
201704WA17107,2,9,0,7,0,1,0,0,0,0,0,1,6,1,42,7,1896,2,12,5,1,5
201704WA17108,1,4,0,4,0,4,1,10,1,0,4,1,2,1,44,7,124,1,4,-1,-1,-1
201704WA17109,1,1,0,17,0,2,0,0,0,0,1,1,6,1,46,8,-1,-1,-1,2,1,2
201704WA17109,2,9,0,2,0,2,0,0,0,0,2,1,6,3,-1,-1,1242,1,4,-1,-1,-1
201704WA17110,1,9,0,18,0,1,0,0,0,0,1,1,6,1,85,11,2664,2,13,10,1,10
201704WA17110,2,9,0,9,0,1,0,0,0,0,4,1,6,1,18,4,1400,1,14,10,2,10
201704WA17111,1,9,0,13,0,2,0,0,0,0,4,1,6,1,29,6,1397,1,7,-1,-1,-1
201704WA17111,2,9,0,12,0,2,0,0,0,0,3,1,6,1,19,4,1242,1,1,5,1,5
201704WA17111,3,9,0,2,0,1,1,0,0,0,1,1,6,3,-1,-1,1396,1,13,-1,-1,-1
201704WA17111,4,9,0,2,0,2,1,0,0,0,1,1,6,3,-1,-1,2902,2,11,-1,-1,-1
201704WA17111,5,19,0,2,0,1,0,0,0,0,2,1,6,3,-1,-1,1968,2,6,-1,-1,-1
201704WA17112,1,9,0,13,0,0,0,0,0,0,3,1,6,2,27,6,1199,1,15,4,1,4
201704WA17112,2,16,5,18,0,0,0,0,0,0,0,1,6,3,-1,-1,-1,-1,-1,-1,-1,-1
201704WA17112,3,9,0,4,0,0,0,0,0,0,2,1,6,1,21,5,1596,1,3,1,1,1
201704WA17112,4,9,0,4,0,0,0,0,0,0,3,1,2,1,22,5,-1,-1,-1,-1,-1,-1
201704WA17113,1,3,0,17,0,0,0,10,1,7,1,1,6,1,23,5,124,1,8,6,1,6
201704WA17114,1,9,0,5,0,6,0,0,0,0,1,1,2,1,30,6,1596,1,13,4,1,4
201704WA17114,2,9,0,17,0,8,0,0,0,0,1,1,6,1,39,7,2184,2,13,7,3,7
201704WA17115,1,9,0,18,0,2,0,0,1,3,1,1,6,1,39,7,1400,1,19,-1,-1,-1
201704WA17117,1,9,0,16,0,0,1,10,7,10,1,1,6,1,31,6,1390,1,13,2,1,2
201704WA17118,1,9,0,18,0,1,0,0,0,0,1,1,2,2,20,4,998,1,1,5,1,5
201704WA17118,2,9,0,2,0,1,0,0,0,0,2,1,6,3,-1,-1,998,1,4,-1,-1,-1
201704WA17119,1,9,0,18,0,0,5,4,0,0,1,1,6,1,22,5,1598,1,9,4,1,4
201704WA17119,2,9,0,2,0,0,0,0,0,0,3,1,6,3,-1,-1,1598,1,16,-1,-1,-1
201704WA17120,1,9,0,18,0,1,0,0,0,0,1,1,2,2,38,7,1995,2,6,3,1,3
201704WA17120,2,9,0,7,0,5,0,0,0,0,2,1,6,1,73,10,1461,2,-1,9,1,9
201704WA17121,1,9,0,18,0,8,0,0,0,0,1,1,1,1,20,4,1560,2,5,1,1,1
201704WA17121,2,9,0,18,0,8,0,0,0,0,4,1,6,2,28,6,1956,2,4,2,1,2
201704WA17122,1,19,0,18,0,0,0,0,0,0,1,1,6,3,-1,-1,-1,-1,-1,-1,-1,-1
201704WA17123,1,9,0,18,0,8,0,7,0,1,1,1,6,1,79,11,1360,1,5,5,1,5
201704WA17124,1,9,0,18,0,8,0,0,0,0,1,1,1,1,42,7,1596,1,10,7,3,7
201704WA17125,1,9,0,18,0,0,0,0,0,0,1,1,6,1,41,7,1796,1,9,7,3,7
201704WA17125,2,9,0,18,0,0,0,0,0,0,1,1,6,1,44,7,1242,1,1,1,1,1
201704WA17125,3,9,0,18,0,0,0,0,0,0,1,1,6,2,46,8,1242,1,5,1,1,1
201704WA17125,4,9,0,18,0,0,0,0,0,0,3,1,6,2,42,7,2143,2,1,-1,-1,-1
201704WA17126,1,9,0,10,0,0,0,0,0,0,1,1,6,1,39,7,1596,1,8,5,1,5
201704WA17126,2,9,0,18,0,0,0,0,0,0,1,1,2,1,39,7,1969,2,2,-1,-1,-1
201704WA17127,1,9,0,5,0,0,0,0,0,0,4,1,6,2,42,7,-1,-1,-1,4,1,4
201704WA17127,2,9,0,18,0,0,0,0,0,0,1,1,6,1,81,11,1386,1,11,5,1,5
201704WA17127,3,21,0,2,0,0,0,0,0,0,3,1,1,1,32,6,6374,2,4,1,1,1
201704WA17128,1,9,0,5,0,0,0,0,0,0,0,1,6,1,25,5,1995,2,15,7,1,7
201704WA17129,1,9,0,5,0,6,0,0,0,0,1,1,2,1,28,6,1368,1,8,7,1,7
201704WA17129,2,5,0,18,0,1,2,0,0,0,4,1,6,2,59,9,1284,1,11,-1,-1,-1
201704WA17130,1,8,0,18,0,0,0,0,0,0,1,1,1,1,50,8,1997,2,6,2,1,2
201704WA17131,1,9,0,4,0,1,0,0,0,0,1,1,6,1,45,7,1461,2,3,1,1,1
201704WA17132,1,9,0,18,0,1,1,0,1,2,1,1,6,1,60,9,3199,1,19,1,1,1
201704WA17133,1,9,0,9,0,2,0,0,0,0,1,1,6,2,41,7,1360,1,17,1,1,1
201704WA17133,2,9,0,18,0,2,0,0,0,0,4,1,6,1,38,7,1598,2,1,2,1,2
201704WA17134,1,9,0,9,0,8,0,0,0,0,1,1,6,1,35,6,2967,2,5,1,1,1
201704WA17134,2,9,0,18,0,8,0,0,1,0,3,1,6,1,24,5,1995,2,2,3,1,3
201704WA17135,1,9,0,18,0,0,0,0,0,0,1,1,6,1,65,9,2295,1,18,1,1,1
201704WA17135,2,9,0,18,0,0,0,0,0,0,1,1,6,2,30,6,1560,2,12,2,1,2
201704WA17135,3,9,0,18,0,0,0,0,0,0,2,1,6,2,19,4,1242,1,4,3,1,3
201704WA17135,4,9,0,18,0,0,0,0,0,0,2,1,6,1,37,7,1364,1,2,1,1,1
201704WA17136,1,9,0,18,0,0,0,0,0,0,1,1,6,1,48,8,1242,1,11,-1,-1,-1
201704WA17137,1,9,0,5,0,6,0,0,0,0,3,1,6,2,19,4,1242,1,2,7,2,7
201704WA17137,2,3,0,18,0,8,2,0,0,0,1,1,1,1,24,5,125,1,2,7,3,7
201704WA17138,1,19,0,9,0,6,0,0,0,0,3,1,1,1,30,6,2298,2,2,2,1,2
201704WA17138,2,9,0,18,0,1,0,0,0,0,1,1,2,1,20,4,1242,1,12,2,1,2
201704WA17139,1,9,0,18,0,1,0,0,0,0,1,1,6,2,28,6,1149,1,3,4,1,4
201704WA17139,2,9,0,18,0,1,0,0,0,0,2,1,6,1,70,10,-1,-1,-1,5,1,5
201704WA17140,1,90,0,18,0,0,0,0,7,0,1,1,1,1,22,5,-1,-1,-1,3,1,3
201704WA17140,2,9,0,2,0,0,0,0,0,0,2,2,6,2,38,7,1560,2,4,7,1,7
201704WA17141,1,9,0,16,0,0,2,0,1,0,3,1,6,1,19,4,1596,1,9,2,1,2
201704WA17141,2,9,0,17,0,0,0,0,0,0,3,1,6,1,75,10,1999,1,14,10,2,10
201704WA17142,1,9,0,18,0,8,0,0,7,0,4,1,6,2,26,6,1596,1,13,7,1,7
201704WA17142,2,21,0,18,0,1,0,0,0,0,1,1,1,1,49,8,6700,2,3,2,1,2
201704WA17143,1,9,0,18,0,0,0,0,0,0,1,1,2,1,25,5,-1,-1,-1,7,2,7
201704WA17143,2,1,0,18,4,0,0,0,1,0,2,1,2,1,26,6,-1,-1,-1,4,1,4
201704WA17144,1,8,0,9,0,8,0,0,0,0,1,1,1,1,46,8,-1,3,2,3,1,3
201704WA17145,1,9,0,5,0,0,0,0,7,0,1,1,6,1,-1,-1,1124,1,14,-1,-1,-1
201704WA17146,1,9,0,9,0,8,0,0,0,0,1,1,6,2,55,8,1390,1,16,4,1,4
201704WA17146,2,9,0,18,0,1,0,0,0,0,1,1,2,2,29,6,1242,1,3,5,1,5
201704WA17147,1,9,0,9,0,4,0,0,0,0,1,1,6,1,37,7,1229,1,10,2,1,2
201704WA17147,2,9,0,18,0,4,0,0,0,0,1,1,6,2,51,8,1991,2,6,3,1,3
201704WA17148,1,5,0,18,0,8,0,0,0,0,1,1,6,1,24,5,645,1,17,1,1,1
201704WA17148,2,9,0,5,0,2,0,0,0,0,3,1,2,1,27,6,1560,2,4,4,1,4
201704WA17149,1,9,0,18,0,2,0,0,0,0,4,1,6,2,52,8,1390,1,6,6,1,6
201704WA17150,1,2,0,9,0,8,5,0,0,0,1,1,6,1,16,4,49,1,2,5,1,5
201704WA17150,2,9,0,18,0,8,0,0,0,0,1,1,6,1,54,8,1329,1,3,8,1,8
201704WA17151,1,9,0,18,0,8,0,0,0,0,1,1,6,1,62,9,-1,-1,-1,1,1,1
201704WA17151,2,9,0,2,0,1,0,0,1,0,1,1,6,2,51,8,998,1,11,4,1,4
201704WA17152,1,21,1,18,0,1,0,0,0,0,1,1,1,1,34,6,10837,2,5,1,1,1
201704WA17152,2,19,0,3,0,1,0,0,1,4,2,1,1,1,24,5,1968,2,5,9,1,9
201704WA17152,3,9,0,3,0,1,0,0,1,0,2,1,2,1,25,5,1596,1,11,8,2,8
201704WA17152,4,9,0,3,0,1,0,0,0,0,2,1,1,1,53,8,-1,-1,-1,3,1,3
201704WA17152,5,21,0,3,0,1,0,0,0,0,2,1,1,1,51,8,4462,2,4,9,1,9
201704WA17153,1,9,0,18,0,2,0,0,1,4,1,1,6,2,61,9,1248,2,5,-1,-1,-1
201704WA17153,2,9,0,18,0,1,0,0,7,0,1,1,2,1,28,6,1229,1,4,9,1,9
201704WA17154,1,9,0,18,0,6,0,0,0,0,1,1,2,1,18,4,1248,2,5,6,1,6
201704WA17154,2,9,0,18,0,8,0,0,1,0,3,1,6,2,26,6,1499,2,1,5,1,5
201704WA17156,1,9,0,18,0,0,2,0,7,0,1,1,6,1,17,4,1686,2,10,-1,-1,-1
201704WA17157,1,9,0,4,0,1,1,0,0,0,1,1,6,1,35,6,1597,1,17,3,1,3
201704WA17157,2,9,0,3,0,1,0,0,0,0,2,1,6,1,62,9,1598,2,1,1,1,1
201704WA17158,1,9,0,9,0,8,0,0,0,0,1,1,6,3,-1,-1,-1,-1,-1,-1,-1,-1
201704WA17158,2,1,0,18,0,8,0,0,0,0,3,1,6,1,16,4,-1,-1,-1,1,1,1
201704WA17159,1,19,0,4,0,1,0,0,0,0,2,1,1,1,27,6,2402,2,14,-1,-1,-1
201704WA17159,2,9,0,4,0,1,0,0,0,0,2,1,2,2,42,7,1422,2,10,7,3,7
201704WA17159,3,9,0,4,0,8,0,0,0,0,2,1,6,1,58,9,1248,1,3,-1,-1,-1
201704WA17160,1,9,0,4,0,1,0,0,0,0,1,1,6,1,54,8,1560,2,2,2,1,2
201704WA17160,2,8,0,4,0,1,0,0,0,0,2,1,1,1,42,7,2664,2,19,1,1,1
201704WA17161,1,1,0,18,0,1,1,0,0,0,0,1,6,2,18,4,-1,-1,-1,10,1,10
201704WA17161,2,9,0,8,0,2,0,0,0,0,0,1,6,1,29,6,1598,2,4,7,1,7
201704WA17162,1,9,0,5,0,6,0,0,0,0,1,1,6,1,33,6,1560,2,3,-1,-1,-1
201704WA17162,2,9,0,18,0,8,0,0,0,0,4,1,6,2,36,7,1299,1,10,-1,-1,-1
201704WA17163,1,9,0,18,0,4,0,0,0,0,1,1,6,1,51,8,1796,1,10,5,1,5
201704WA17163,2,9,0,18,0,4,0,0,0,0,1,1,6,2,24,5,999,1,16,3,1,3
201704WA17164,1,90,0,4,0,1,0,0,0,0,1,1,1,1,59,9,-1,-1,-1,1,1,1
201704WA17164,2,9,0,3,0,3,0,0,0,0,2,1,2,1,43,7,1956,2,6,3,1,3
201704WA17165,1,9,0,18,0,1,0,0,0,0,1,1,6,2,35,6,1240,1,12,9,1,9
201704WA17166,1,9,0,13,0,1,0,0,0,0,1,1,6,1,38,7,1332,1,20,3,1,3
201704WA17166,2,9,0,18,0,1,0,0,0,0,1,1,6,1,26,6,1998,1,10,4,1,4
201704WA17166,3,9,0,18,0,1,0,0,0,0,0,1,6,1,50,8,998,1,18,1,1,1
201704WA17167,1,9,0,18,0,1,0,0,0,0,1,1,6,1,74,10,1998,1,10,4,1,4
201704WA17167,2,9,0,18,0,2,0,0,0,0,1,1,6,1,64,9,1968,2,8,9,1,9
201704WA17168,1,9,0,18,0,1,0,0,7,0,1,1,6,2,61,9,1598,1,5,2,1,2
201704WA17168,2,9,0,2,0,1,0,0,0,0,2,1,6,3,-1,-1,1229,1,4,-1,-1,-1
201704WA17168,3,9,0,3,0,1,0,0,0,0,4,1,6,1,98,11,1389,1,20,1,1,1
201704WA17169,1,9,0,1,9,0,1,0,0,0,2,1,6,1,77,11,-1,-1,-1,1,1,1
201704WA17170,1,9,0,18,0,1,0,0,0,0,1,1,6,2,87,11,999,1,10,2,1,2
201704WA17170,2,20,0,18,0,1,0,0,0,0,4,1,1,1,53,8,4500,2,3,1,1,1
201704WA17171,1,9,0,18,0,8,2,0,0,0,3,1,6,1,76,11,1386,1,5,-1,-1,-1
201704WA17171,2,9,0,18,0,3,0,0,0,0,1,1,6,1,35,6,1781,1,16,2,1,2
201704WA17172,1,9,0,1,0,8,0,0,1,10,2,1,6,2,94,11,1299,1,13,5,1,5
201704WA17172,2,9,0,4,0,8,0,0,0,0,4,1,6,1,24,5,1995,2,4,-1,-1,-1
201704WA17173,1,9,0,18,0,3,0,0,0,0,1,1,6,1,47,8,1596,1,14,4,1,4
201704WA17173,2,4,0,3,0,3,0,0,0,0,2,1,6,1,51,8,600,1,15,2,1,2
201704WA17174,1,9,0,16,0,0,0,0,0,0,1,1,6,3,-1,-1,-1,-1,-1,-1,-1,-1
201704WA17175,1,19,0,9,0,5,0,0,0,0,1,1,1,1,31,6,2143,2,3,3,1,3
201704WA17175,2,1,0,17,0,8,0,0,0,0,1,1,6,1,64,9,-1,-1,-1,1,1,1
201704WA17176,1,8,0,9,0,1,0,0,0,0,1,1,1,1,49,8,-1,-1,-1,2,1,2
201704WA17177,1,9,0,18,0,0,0,0,0,0,1,1,6,1,23,5,999,1,5,-1,-1,-1
201704WA17178,1,9,0,18,0,0,1,0,0,0,1,1,6,2,63,9,1398,1,13,8,1,8
201704WA17178,2,9,0,18,0,0,0,0,0,0,1,1,6,1,53,8,898,1,2,2,1,2
201704WA17178,3,9,0,18,0,0,0,0,0,0,2,1,6,1,22,5,1598,1,13,5,1,5
201704WA17179,1,10,0,18,0,0,0,0,0,0,1,1,6,1,48,8,-1,-1,-1,1,1,1
201704WA17179,2,9,0,9,0,0,0,0,0,0,3,1,6,2,26,6,1242,1,3,7,1,7
201704WA17180,1,9,0,4,0,1,0,0,0,0,2,1,6,3,-1,-1,2148,2,9,-1,-1,-1
201704WA17180,2,9,0,3,0,1,0,0,0,0,2,1,6,2,69,10,1398,1,4,-1,-1,-1
201704WA17181,1,9,0,18,0,1,0,0,7,10,1,1,6,1,34,6,1998,1,12,1,1,1
201704WA17182,1,90,0,3,0,1,0,0,0,0,2,1,1,1,28,6,-1,-1,-1,5,1,5
201704WA17182,2,9,0,4,0,1,0,0,0,0,1,1,6,2,42,7,998,1,15,1,1,1
201704WA17183,1,9,0,18,0,8,0,0,0,0,1,1,6,1,43,7,1596,1,14,5,1,5
201704WA17183,2,1,0,7,0,1,0,0,0,0,1,1,6,1,14,3,-1,-1,-1,6,3,6
201704WA17184,1,9,0,5,0,1,0,0,0,0,1,1,6,1,49,8,2993,2,6,-1,-1,-1
201704WA17185,1,9,0,9,0,4,1,0,0,0,1,1,6,3,-1,-1,1753,2,16,-1,-1,-1
201704WA17185,2,9,0,9,0,8,0,0,0,0,3,1,6,1,22,5,1395,1,1,2,1,2
201704WA17186,1,9,0,1,0,1,0,0,0,0,2,1,6,1,96,11,1388,1,11,9,1,9
201704WA17187,1,1,0,18,0,8,0,0,0,0,1,1,6,1,14,3,-1,-1,-1,9,1,9
201704WA17187,2,9,0,18,0,1,0,0,0,0,1,1,6,3,-1,-1,-1,-1,-1,-1,-1,-1
201704WA17188,1,9,0,2,0,1,0,0,0,0,0,1,6,2,55,8,1198,1,13,1,1,1
201704WA17188,2,9,0,5,0,1,0,0,0,0,1,1,6,2,27,6,-1,-1,-1,1,1,1
201704WA17189,1,9,0,4,0,0,0,0,0,0,4,1,6,1,24,5,1968,2,3,3,1,3
201704WA17190,1,3,0,18,0,8,0,0,0,3,1,1,6,2,48,8,-1,-1,-1,6,1,6
201704WA17191,1,5,0,18,0,1,1,0,7,10,1,1,6,1,31,6,998,1,15,1,1,1
201704WA17192,1,9,0,9,0,0,0,0,0,0,3,1,6,2,19,4,1229,1,3,7,1,7
201704WA17192,2,9,0,18,0,0,0,0,0,0,1,1,2,1,32,6,1400,1,17,1,1,1
201704WA17193,1,9,0,18,0,0,0,0,0,0,1,1,6,1,28,6,1397,1,14,1,1,1
201704WA17193,2,9,0,18,0,0,0,0,0,0,2,1,6,1,53,8,-1,-1,-1,1,1,1
201704WA17193,3,9,0,18,0,0,0,0,0,0,2,1,6,1,28,6,1896,2,15,1,1,1
201704WA17194,1,9,0,7,0,5,0,0,0,0,4,1,6,2,78,11,2143,2,6,-1,-1,-1
201704WA17194,2,1,0,18,0,1,0,0,0,0,1,1,6,1,55,8,-1,-1,-1,8,1,8
201704WA17195,1,9,0,2,0,0,0,0,0,0,2,1,6,1,60,9,1997,2,13,-1,-1,-1
201704WA17195,2,11,0,2,2,0,0,0,0,0,1,1,1,1,57,9,9000,2,4,-1,-1,-1