Accident_Index,Vehicle_Reference,Vehicle_Type,Towing_and_Articulation,Vehicle_Manoeuvre,Vehicle_Location-Restricted_Lane,Junction_Location,Skidding_and_Overturning,Hit_Object_in_Carriageway,Vehicle_Leaving_Carriageway,Hit_Object_off_Carriageway,1st_Point_of_Impact,Was_Vehicle_Left_Hand_Drive?,Journey_Purpose_of_Driver,Sex_of_Driver,Age_of_Driver,Age_Band_of_Driver,Engine_Capacity_(CC),Propulsion_Code,Age_of_Vehicle,Driver_IMD_Decile,Driver_Home_Area_Type,Vehicle_IMD_Decile
201704WB17232,1,9,0,18,0,0,0,0,0,0,1,1,6,1,-1,-1,1595,1,17,-1,-1,-1
201704WB17233,1,9,0,17,0,0,0,0,0,0,0,1,6,3,-1,-1,-1,-1,-1,-1,-1,-1
201704WB17233,2,16,0,17,0,0,0,0,0,0,0,1,6,2,36,7,-1,-1,-1,1,1,1
201704WB17234,1,9,0,18,0,0,0,0,0,0,1,1,6,3,-1,-1,-1,-1,-1,-1,-1,-1
201704WB17234,2,9,0,18,0,0,0,0,0,0,3,1,6,2,17,4,1368,1,11,1,1,1
201704WB17235,1,3,0,18,0,0,0,0,0,0,1,1,6,1,18,4,125,1,7,1,1,1
201704WB17235,2,9,0,3,0,0,0,0,0,0,2,1,6,2,50,8,1796,1,12,7,1,7
201704WB17236,1,9,0,15,0,0,0,0,3,10,1,1,6,1,28,6,1598,1,18,1,1,1
201704WB17236,2,9,0,18,0,0,0,0,0,0,4,1,1,2,44,7,1598,2,1,7,3,7
201704WB17237,1,9,0,18,0,0,0,0,0,0,3,1,6,2,25,5,1149,1,11,4,1,4
201704WB17238,1,9,0,9,0,8,0,0,0,0,1,1,2,2,23,5,1397,1,10,10,1,10
201704WB17238,2,9,0,18,0,8,0,0,0,0,1,1,6,1,26,6,1360,1,16,1,1,1
201704WB17239,1,9,0,18,0,0,1,0,4,0,1,1,6,1,53,8,1390,1,12,1,1,1
201704WB17240,1,2,0,3,0,1,0,0,0,0,1,1,6,1,16,4,-1,-1,-1,9,3,9
201704WB17240,2,90,0,3,0,1,0,0,0,0,2,1,6,1,33,6,-1,-1,-1,7,2,7
201704WB17241,1,3,0,18,0,4,0,0,0,0,4,1,2,1,27,6,125,1,3,2,1,2
201704WB17242,1,3,0,18,0,0,0,0,0,0,4,1,6,1,17,4,125,1,2,1,1,1
201704WB17242,2,21,0,2,0,0,0,0,0,0,3,1,6,3,-1,-1,12902,2,1,-1,-1,-1
201704WB17242,3,90,0,2,0,0,0,0,0,0,2,1,6,3,-1,-1,2178,2,11,-1,-1,-1
201704WB17243,1,9,0,5,0,0,0,0,0,0,0,1,6,2,28,6,-1,-1,-1,3,1,3
201704WB17244,1,9,0,18,0,1,0,0,3,10,1,1,6,2,64,9,1299,1,13,7,1,7
201704WB17245,1,19,0,9,0,8,0,0,0,1,1,1,6,1,69,10,2198,2,5,9,2,9
201704WB17245,2,9,0,18,0,8,0,0,0,1,1,1,6,2,35,6,1686,2,12,7,1,7
201704WB17246,1,9,0,4,0,5,0,0,0,0,0,1,2,1,22,5,-1,-1,-1,5,2,5
201704WB17246,2,1,0,18,0,1,0,0,0,0,1,1,6,2,22,5,-1,-1,-1,6,1,6
201704WB17247,1,9,0,4,0,1,0,0,0,0,2,1,2,1,48,8,1995,1,7,9,3,9
201704WB17247,2,1,0,14,0,1,0,0,0,0,1,1,6,1,19,4,-1,-1,-1,6,3,6
201704WB17248,1,90,0,18,0,8,0,0,0,0,1,1,1,2,33,6,2987,2,5,-1,-1,-1
201704WB17248,2,9,0,18,0,8,0,0,7,0,4,1,6,1,62,9,1997,2,5,8,2,8
201704WB17249,1,9,0,9,0,8,0,0,0,0,1,1,6,2,20,4,1360,1,11,5,1,5
201704WB17249,2,19,0,18,0,8,0,0,0,0,3,1,1,1,59,9,2464,2,9,3,1,3
201704WB17249,3,9,0,18,0,8,0,0,0,0,3,1,6,1,-1,-1,2183,2,6,-1,-1,-1
201704WB17250,1,9,0,16,0,0,2,0,2,10,4,1,6,1,20,4,-1,-1,-1,7,1,7
201704WB17251,1,9,0,18,0,8,1,0,0,0,1,1,6,2,27,6,1870,2,11,8,1,8
201704WB17251,2,9,0,4,0,8,0,0,0,0,2,1,1,2,30,6,1496,1,-1,6,1,6
201704WB17252,1,9,0,18,0,0,0,0,0,0,0,1,6,3,-1,-1,-1,-1,-1,-1,-1,-1
201704WB17252,2,1,0,18,0,0,0,10,0,0,3,1,6,1,24,5,-1,-1,-1,8,1,8
201704WB17253,1,9,0,5,0,6,0,0,0,0,1,1,6,1,26,6,4400,1,7,9,1,9
201704WB17253,2,9,0,18,0,1,0,0,0,0,4,1,6,2,30,6,998,1,1,10,1,10
201704WB17254,1,8,0,9,0,8,0,0,0,0,0,1,1,1,58,9,-1,-1,-1,7,1,7
201704WB17255,1,9,0,9,0,0,0,0,0,0,0,1,6,3,-1,-1,1995,2,3,-1,-1,-1
201704WB17255,2,1,0,18,0,0,0,0,0,0,0,1,6,1,47,8,-1,-1,-1,10,1,10
201704WB17256,1,9,0,18,0,0,0,0,0,0,1,1,6,3,-1,-1,-1,-1,-1,-1,-1,-1
201704WB17256,2,9,0,18,0,0,1,0,4,7,2,1,6,2,58,9,1248,2,3,-1,1,-1
201704WB17257,1,11,0,18,2,6,0,0,0,0,0,1,1,1,26,6,5900,2,10,1,1,1
201704WB17258,1,9,0,16,0,0,0,0,1,0,1,1,6,1,67,10,1329,1,7,6,1,6
201704WB17258,2,9,0,17,0,0,0,0,0,0,3,1,6,2,52,8,998,1,6,9,2,9
201704WB17258,3,9,0,17,0,0,0,0,0,0,3,1,6,2,56,9,1900,2,11,-1,-1,-1
201704WB17259,1,10,0,9,0,1,0,0,0,0,3,1,6,2,68,10,-1,-1,-1,-1,-1,-1
201704WB17260,1,11,0,5,0,1,0,0,0,0,1,1,6,1,25,5,4250,2,3,2,1,2
201704WB17260,2,90,0,3,0,1,0,0,0,0,2,1,6,1,70,10,-1,-1,-1,7,1,7
201704WB17261,1,19,0,1,0,0,0,0,0,0,2,1,1,1,38,7,2143,2,2,4,1,4
201704WB17262,1,9,0,18,0,1,0,0,0,0,1,1,2,2,37,7,1399,2,6,1,1,1
201704WB17262,2,9,0,18,0,1,0,0,0,0,2,1,6,1,55,8,1598,2,3,1,1,1
201704WB17263,1,1,0,18,4,1,0,0,0,0,2,1,6,2,45,7,-1,-1,-1,8,2,8
201704WB17263,2,9,0,2,0,1,0,4,0,0,0,1,6,1,56,9,1896,2,14,8,1,8
201704WB17264,1,19,0,9,0,6,0,0,0,0,1,1,6,1,49,8,1560,2,1,6,2,6
201704WB17265,1,10,0,18,0,0,0,0,0,0,0,2,6,1,48,8,-1,-1,-1,-1,-1,-1
201704WB17266,1,9,0,14,0,0,0,0,0,0,3,1,6,2,25,5,1422,2,3,5,1,5
201704WB17266,2,9,0,4,0,0,0,0,0,0,3,1,6,2,32,6,1399,2,8,4,1,4
201704WB17267,1,1,0,18,9,1,0,0,0,0,1,1,4,1,10,2,-1,-1,-1,2,1,2
201704WB17267,2,9,0,3,0,1,0,0,0,0,3,1,6,2,25,5,998,1,5,3,1,3
201704WB17268,1,9,0,17,0,0,1,0,1,4,1,1,6,1,18,4,1399,1,8,6,3,6
201704WB17269,1,9,0,1,0,8,0,0,0,0,2,1,6,1,62,9,1598,2,6,9,2,9
201704WB17270,1,11,0,3,0,0,0,0,0,0,0,1,1,1,45,7,6871,2,8,10,2,10
201704WB17271,1,9,0,18,0,0,0,0,0,0,1,1,6,1,22,5,1999,1,6,7,1,7
201704WB17271,2,9,0,18,0,0,0,0,4,0,2,1,6,2,42,7,1598,1,17,6,3,6
201704WB17272,1,9,0,18,0,0,1,0,5,0,3,1,6,2,35,6,1600,1,6,4,1,4
201704WB17272,2,9,0,18,0,0,1,0,0,0,1,1,6,3,66,10,1200,1,1,-1,-1,-1
201704WB17272,3,9,0,18,0,0,0,0,0,0,4,1,6,2,57,9,2987,2,-1,5,3,5
201704WB17273,1,9,0,9,0,1,0,0,0,0,2,1,6,1,35,6,1969,2,1,9,1,9
201704WB17273,2,9,0,4,0,1,0,0,0,0,1,1,6,3,-1,-1,-1,-1,-1,-1,-1,-1
201704WB17274,1,9,0,6,0,0,0,0,0,0,0,1,6,3,-1,-1,-1,-1,-1,-1,-1,-1
201704WB17274,2,9,0,4,0,0,0,0,0,0,1,1,6,1,21,5,1399,2,11,5,1,5
201704WB17274,3,9,0,3,0,0,0,0,0,0,2,1,6,1,31,6,1995,2,7,2,1,2
201704WB17275,1,9,0,18,0,1,0,0,0,0,1,1,6,2,35,6,999,1,2,1,1,1
201704WB17276,1,9,0,17,0,0,2,0,1,10,1,1,2,2,47,8,1868,2,16,-1,-1,-1
201704WB17277,1,5,0,16,0,1,1,0,0,0,4,1,6,1,60,9,749,1,31,3,1,3
201704WB17277,2,8,0,17,0,1,0,0,0,3,3,1,1,2,47,8,1560,2,9,1,1,1
201704WB17278,1,9,0,9,0,1,0,0,0,0,4,1,6,1,46,8,1587,1,13,4,3,4
201704WB17278,2,1,0,9,0,1,0,0,0,0,1,1,6,1,65,9,-1,-1,-1,-1,-1,-1
201704WB17279,1,9,0,4,0,0,0,0,0,0,1,1,6,1,26,6,1390,1,10,3,1,3
201704WB17279,2,9,0,4,0,0,0,0,0,0,2,1,6,2,51,8,998,1,5,6,1,6
201704WB17280,1,9,0,18,0,0,0,0,0,0,3,1,2,2,35,6,999,1,-1,9,2,9
201704WB17281,1,9,0,18,0,0,0,0,1,2,1,1,6,1,56,9,1968,2,1,7,2,7
201704WB17283,1,9,0,18,0,1,0,4,0,0,2,1,2,2,32,6,1242,1,12,7,1,7
201704WB17283,2,9,0,2,0,1,0,0,0,0,2,1,6,2,25,5,1497,8,-1,1,1,1
201704WB17284,1,9,0,5,0,1,0,0,0,0,1,1,6,2,34,6,1242,1,3,8,2,8
201704WB17284,2,11,0,9,0,1,0,0,0,0,3,1,6,1,31,6,8268,2,12,-1,-1,-1
201704WB17285,1,9,0,18,0,1,0,0,0,0,4,1,6,2,27,6,1198,1,12,7,1,7
201704WB17285,2,1,0,18,4,1,0,0,1,0,1,1,6,1,25,5,-1,-1,-1,8,2,8
201704WB17286,1,9,0,7,0,8,0,0,0,0,4,1,1,1,47,8,4164,2,16,4,1,4
201704WB17287,1,9,0,18,0,1,0,0,0,0,1,1,2,1,38,7,1598,1,12,8,3,8
201704WB17288,1,2,0,18,0,8,0,0,0,0,1,1,6,1,16,4,49,1,3,9,1,9
201704WB17288,2,9,0,5,0,6,0,0,0,0,1,1,6,2,30,6,2231,2,5,-1,-1,-1
201704WB17289,1,9,0,1,0,5,0,0,0,0,2,1,6,1,74,10,1598,1,12,-1,-1,-1
201704WB17290,1,3,0,4,0,0,1,0,0,0,4,1,6,1,48,8,125,1,13,4,1,4
201704WB17291,1,21,1,18,0,0,0,0,1,7,1,1,1,1,42,7,10677,2,3,-1,-1,-1
201704WB17292,1,9,0,4,0,0,0,0,0,0,3,1,6,2,88,11,1299,1,15,8,3,8
201704WB17292,2,21,4,4,0,0,0,0,0,0,3,1,1,1,56,9,5880,2,5,6,3,6
201704WB17293,1,5,0,18,0,0,0,12,0,0,1,1,6,2,36,7,652,1,13,7,1,7
201704WB17294,1,9,0,9,0,8,0,0,0,0,1,1,6,1,36,7,1956,2,6,6,1,6
201704WB17294,2,9,0,18,0,8,0,0,0,1,3,1,6,2,49,8,1242,1,12,2,1,2
201704WB17295,1,9,0,18,0,0,5,4,0,0,4,1,6,2,60,9,1248,1,5,-1,-1,-1
201704WB17296,1,5,0,18,0,2,0,0,0,0,4,1,6,1,27,6,745,1,4,2,1,2
201704WB17297,1,9,0,9,0,5,0,0,0,0,1,1,6,2,47,8,1956,2,6,-1,-1,-1
201704WB17297,2,1,0,3,0,1,0,0,0,0,1,1,6,1,44,7,-1,-1,-1,6,2,6
201704WB17298,1,9,0,18,0,1,0,0,0,0,1,1,2,1,32,6,995,1,9,4,1,4
201704WB17298,2,9,0,4,0,1,0,0,0,0,2,1,6,2,37,7,-1,-1,-1,-1,-1,-1
201704WB17299,1,9,0,18,0,0,0,0,7,10,1,1,6,1,80,11,1968,2,2,9,2,9
201704WB17300,1,9,0,3,0,0,0,0,0,0,2,1,6,2,44,7,1997,2,11,1,1,1
201704WB17300,2,90,0,4,0,0,0,0,0,0,1,1,6,3,-1,-1,-1,-1,-1,-1,-1,-1
201704WB17301,1,3,0,9,0,8,0,0,0,0,4,1,6,1,17,4,125,1,-1,3,1,3
201704WB17302,1,1,0,18,0,0,0,0,0,0,1,1,6,1,42,7,-1,-1,-1,10,1,10
201704WB17302,2,9,0,4,0,0,0,0,0,0,2,1,2,2,61,9,1994,1,18,4,1,4
201704WB17302,3,9,0,4,0,0,0,0,0,0,0,1,2,2,52,8,1975,1,11,5,1,5
201704WB17303,1,9,0,1,0,0,0,0,0,0,2,1,6,1,35,6,1998,8,1,5,1,5
201704WB17303,2,9,0,18,0,0,0,0,0,0,3,1,6,2,27,6,-1,-1,-1,2,1,2
201704WB17304,1,21,0,4,0,1,0,0,0,1,1,1,1,1,39,7,7146,2,6,2,1,2
201704WB17304,2,9,0,4,0,1,0,0,0,0,2,1,6,2,42,7,998,1,8,3,1,3
201704WB17304,3,90,0,3,0,4,0,0,0,0,2,1,1,1,48,8,-1,-1,-1,7,1,7
201704WB17305,1,9,0,18,0,0,0,0,0,0,1,1,6,2,38,7,1598,1,11,2,1,2
201704WB17305,2,21,1,18,0,0,0,0,0,0,2,1,1,3,66,10,-1,-1,-1,-1,-1,-1
201704WB17306,1,2,0,9,0,8,1,0,0,0,3,1,6,1,40,7,-1,-1,-1,-1,-1,-1
201704WB17306,2,9,0,4,0,1,0,0,0,0,0,1,1,1,42,7,-1,-1,-1,-1,-1,-1
201704WB17307,1,9,0,9,0,8,0,0,0,0,1,1,6,3,-1,-1,-1,-1,-1,-1,-1,-1
201704WB17307,2,9,0,18,0,8,0,0,0,0,4,1,6,1,41,7,1796,1,15,5,1,5
201704WB17307,3,9,0,18,0,1,0,0,0,0,0,1,1,1,36,7,2993,2,-1,4,1,4
201704WB17308,1,9,0,18,0,1,0,0,0,0,1,1,6,2,26,6,1598,1,8,7,3,7
201704WB17308,2,9,0,2,0,1,0,0,1,0,1,1,6,3,-1,-1,-1,-1,-1,-1,-1,-1
201704WB17308,3,9,0,2,0,1,0,0,0,0,0,1,6,3,-1,-1,1591,1,3,-1,-1,-1
201704WB17309,1,11,0,4,0,1,0,0,0,0,0,1,6,1,-1,-1,-1,-1,-1,-1,-1,-1
201704WB17309,2,9,0,5,0,1,0,0,0,0,0,1,6,3,-1,-1,-1,-1,-1,-1,-1,-1
201704WB17310,1,9,0,18,0,0,0,0,0,0,1,1,6,2,87,11,999,1,4,7,1,7
201704WB17310,2,9,0,18,0,0,0,0,1,0,1,1,6,2,63,9,1339,1,9,10,2,10
201704WB17311,1,9,0,7,0,0,0,0,0,0,3,1,6,1,55,8,-1,-1,-1,2,1,2
201704WB17311,2,9,0,16,0,0,0,0,1,0,3,1,6,2,36,7,1596,1,15,8,2,8
201704WB17312,1,9,0,9,0,6,0,0,0,0,1,1,6,3,-1,-1,-1,-1,-1,-1,-1,-1
201704WB17312,2,1,0,9,0,5,0,0,0,0,3,1,4,1,13,3,-1,-1,-1,4,1,4
201704WB17313,1,9,0,9,0,5,0,0,0,0,3,1,6,2,63,9,1248,1,1,2,1,2
201704WB17313,2,1,0,18,0,1,0,0,0,0,1,1,6,1,12,3,-1,-1,-1,10,1,10
201704WB17314,1,9,0,4,0,1,0,0,0,0,1,1,6,2,71,10,1968,2,4,9,2,9
201704WB17314,2,9,0,4,0,1,0,0,0,0,2,1,6,1,76,11,1596,1,9,2,1,2
201704WB17314,3,9,0,4,0,1,0,0,0,0,1,1,6,2,33,6,1798,1,8,-1,-1,-1
201704WB17315,1,1,0,18,0,1,0,0,0,0,1,1,2,1,19,4,-1,-1,-1,8,3,8
201704WB17315,2,8,0,3,0,2,0,0,0,0,1,1,1,1,55,8,3222,2,13,6,1,6
201704WB17316,1,9,0,3,0,0,0,0,0,0,2,1,6,1,50,8,1299,1,12,7,1,7
201704WB17316,2,9,0,3,0,0,0,0,0,0,1,1,6,2,32,6,1388,1,11,-1,-1,-1
201704WB17316,3,9,0,18,0,0,0,0,0,0,0,1,6,1,29,6,1796,1,13,6,1,6
201704WB17317,1,9,0,16,0,8,2,0,1,9,1,1,6,1,28,6,1560,2,13,7,2,7
201704WB17318,1,20,1,18,0,2,0,0,0,0,4,1,1,1,48,8,-1,-1,-1,6,2,6
201704WB17319,1,1,0,18,0,3,0,0,0,0,2,1,6,1,39,7,-1,-1,-1,-1,-1,-1
201704WB17319,2,9,0,4,0,3,0,0,0,0,2,1,6,1,48,8,1248,1,5,4,1,4
201704WB17320,1,9,0,18,0,2,1,7,0,0,3,1,6,2,29,6,1685,2,2,-1,3,-1
201704WB17321,1,19,0,6,0,0,0,0,2,0,3,1,1,1,52,8,1868,2,11,1,1,1
201704WB17321,2,5,0,18,0,0,1,0,0,0,1,1,6,1,23,5,599,1,17,3,1,3
201704WB17322,1,2,0,17,0,1,2,0,0,0,4,1,6,1,21,5,50,1,-1,4,1,4
201704WB17323,1,9,0,9,0,5,0,0,0,0,3,1,6,2,45,7,2204,2,9,8,3,8
201704WB17323,2,1,0,13,0,8,1,0,0,0,1,1,6,1,53,8,-1,-1,-1,2,1,2
201704WB17324,1,8,0,18,0,0,0,0,7,0,4,1,1,1,68,10,1560,2,9,4,1,4
201704WB17324,2,9,0,2,0,0,0,0,0,0,2,1,6,3,-1,-1,1587,1,13,-1,-1,-1
201704WB17325,1,1,0,18,0,8,0,0,0,0,1,1,6,3,-1,-1,-1,-1,-1,-1,-1,-1
201704WB17326,1,9,0,17,0,8,1,0,7,1,2,1,6,2,41,7,1229,1,8,1,1,1
201704WB17327,1,9,0,9,0,4,0,0,0,0,1,1,6,3,-1,-1,-1,-1,-1,-1,-1,-1
201704WB17327,2,9,0,18,0,1,0,0,0,0,3,1,6,2,24,5,1364,1,11,7,1,7
201704WB17328,1,9,0,18,0,1,0,0,0,0,1,1,6,1,29,6,1461,2,1,9,1,9
201704WB17328,2,9,0,3,0,1,0,0,0,0,2,1,1,1,29,6,-1,-1,-1,8,1,8
201704WB17329,1,9,0,18,0,8,0,0,0,0,4,1,6,1,20,4,1390,1,10,5,1,5
201704WB17329,2,9,0,18,0,6,0,0,0,0,4,1,6,1,50,8,2498,1,-1,8,3,8
201704WB17330,1,21,1,2,9,0,0,0,0,0,3,1,1,1,47,8,12900,2,5,3,1,3
201704WB17330,2,21,5,2,9,0,0,0,0,0,4,1,1,1,50,8,9290,2,-1,3,1,3
201704WB17331,1,9,0,9,0,8,0,0,0,0,1,1,6,2,42,7,1798,8,1,1,1,1
201704WB17332,1,9,0,9,0,8,0,0,0,0,1,1,6,1,52,8,1396,1,18,3,1,3
201704WB17332,2,9,0,9,0,8,0,0,0,0,3,1,6,1,25,5,1796,1,3,2,1,2
201704WB17333,1,9,0,18,0,1,0,0,0,0,1,1,1,1,19,4,-1,-1,-1,-1,-1,-1
201704WB17333,2,9,0,18,0,8,0,0,0,0,4,1,1,1,47,8,1997,2,5,5,1,5
201704WB17334,1,9,0,13,0,0,0,0,0,0,1,1,6,2,30,6,1242,1,2,6,1,6
201704WB17334,2,9,0,18,0,0,0,0,0,0,1,1,6,2,26,6,1499,1,-1,6,2,6
201704WB17334,3,9,0,18,0,0,0,0,0,0,3,1,6,1,73,10,1248,2,8,7,2,7
201704WB17335,1,9,0,18,0,0,1,0,8,10,1,1,6,1,18,4,1149,1,12,8,3,8
201704WB17335,2,9,0,18,0,0,0,0,0,0,2,1,6,2,37,7,998,1,12,1,1,1
201704WB17336,1,9,0,18,0,1,0,0,0,0,1,1,6,1,66,10,-1,-1,-1,-1,-1,-1
201704WB17337,1,9,0,7,0,6,0,0,0,0,3,1,6,1,41,7,1956,2,6,3,1,3
201704WB17337,2,9,0,18,0,8,0,0,0,0,4,1,6,2,32,6,1998,1,9,2,1,2
201704WB17338,1,9,0,18,4,1,0,0,0,0,2,1,6,2,37,7,1968,2,11,5,1,5
201704WB17338,2,1,0,18,4,1,0,0,0,0,1,1,2,2,26,6,-1,-1,-1,4,1,4
201704WB17339,1,9,0,7,0,8,0,0,1,4,1,1,6,1,20,4,1328,1,10,8,1,8
201704WB17340,1,9,0,5,0,2,0,0,0,0,1,1,6,1,38,7,1461,2,1,9,2,9
201704WB17340,2,9,0,12,0,1,0,0,0,0,3,1,6,2,36,7,1968,2,9,7,3,7
201704WB17341,1,9,0,9,0,2,0,0,0,0,4,1,6,2,42,7,1995,2,2,9,3,9
201704WB17341,2,9,0,9,0,2,0,0,0,0,3,1,2,2,43,7,1461,2,-1,4,1,4
201704WB17342,1,9,0,18,0,0,0,0,1,4,3,1,1,2,51,8,1248,2,5,-1,-1,-1
201704WB17343,1,9,0,18,0,0,0,0,0,0,1,1,6,2,25,5,999,1,1,7,1,7
201704WB17343,2,9,0,3,0,0,0,0,0,0,2,1,6,2,52,8,1560,2,7,4,3,4
201704WB17344,1,9,0,18,0,0,0,0,1,4,1,1,6,1,47,8,1796,1,10,-1,-1,-1
201704WB17345,1,9,0,16,0,8,0,0,7,10,1,1,6,2,19,4,1368,1,11,6,1,6
201704WB17346,1,1,0,18,0,1,0,0,0,0,3,1,6,1,23,5,-1,-1,-1,7,1,7
201704WB17346,2,9,0,18,0,1,0,0,0,0,0,1,2,1,30,6,-1,-1,-1,7,2,7
201704WB17347,1,5,0,14,0,1,0,0,0,0,4,1,6,1,54,8,1170,1,9,6,1,6
201704WB17347,2,9,0,9,0,1,0,0,0,10,1,1,6,2,46,8,1398,1,2,7,1,7
201704WB17348,1,9,0,18,0,8,0,0,7,0,4,1,2,1,48,8,1995,2,3,7,3,7
201704WB17348,2,9,0,18,0,1,0,0,1,1,1,1,6,1,43,7,1198,1,11,7,3,7
201704WB17349,1,9,0,18,0,0,0,0,0,0,4,1,6,2,29,6,1198,1,9,7,1,7
201704WB17350,1,4,0,14,0,0,0,0,0,0,1,1,2,1,26,6,883,1,1,-1,-1,-1
201704WB17350,2,9,0,9,0,0,0,0,0,0,1,1,6,1,48,8,1956,2,2,7,1,7
201704WB17351,1,9,0,18,0,8,0,0,0,0,1,1,1,2,17,4,1242,1,10,6,1,6
201704WB17351,2,9,0,18,0,8,0,0,0,0,3,1,6,2,58,9,1360,1,6,8,1,8
201704WB17352,1,9,0,11,0,0,1,0,5,7,1,1,6,1,76,11,2191,2,1,-1,-1,-1
201704WB17352,2,9,0,12,0,0,0,0,0,0,0,1,6,3,-1,-1,-1,-1,-1,-1,-1,-1
201704WB17353,1,9,0,4,0,0,0,0,0,0,1,1,6,2,56,9,973,1,14,-1,-1,-1
201704WB17353,2,9,0,4,0,0,0,0,0,0,2,1,6,1,66,10,1248,2,4,2,1,2
201704WB17353,3,19,0,4,0,0,0,0,0,0,2,1,6,1,57,9,1560,2,6,7,1,7
201704WB17354,1,9,0,17,0,0,1,0,0,0,1,1,6,1,52,8,2495,2,20,8,2,8
201704WB17354,2,19,0,16,0,0,0,0,1,0,1,1,1,1,46,8,1968,2,3,7,2,7
201704WB17355,1,3,0,3,0,1,0,0,0,0,2,1,2,1,22,5,125,1,11,2,1,2
201704WB17355,2,9,0,18,0,1,0,0,0,0,1,1,6,1,36,7,1988,1,14,5,1,5
201704WB17356,1,9,0,3,0,0,0,0,0,0,2,1,2,1,48,8,1968,2,7,3,1,3
201704WB17356,2,9,0,3,0,0,0,0,0,0,1,1,6,2,45,7,999,1,13,2,1,2
201704WB17357,1,5,0,17,0,0,2,0,7,9,1,1,6,1,46,8,599,1,8,2,1,2
201704WB17357,2,9,0,17,0,0,0,0,0,0,1,1,6,1,48,8,1781,1,15,7,2,7
201704WB17358,1,9,0,18,0,1,0,0,0,0,4,1,2,1,28,6,1364,1,12,5,1,5
201704WB17359,1,5,0,17,0,8,1,0,1,0,0,1,6,1,60,9,1250,1,8,4,2,4
201704WB17360,1,9,0,4,0,1,0,0,0,0,1,1,6,2,64,9,1364,2,9,2,1,2
201704WB17360,2,9,0,3,0,1,0,0,0,0,2,1,6,2,43,7,1598,1,8,2,1,2
201704WB17361,1,1,0,18,0,1,0,0,0,0,1,1,6,1,19,4,-1,-1,-1,10,1,10
201704WB17361,2,9,0,4,0,8,0,0,0,0,2,1,6,1,21,5,1198,1,5,9,3,9
201704WB17362,1,9,0,9,0,1,0,0,0,0,3,1,2,1,54,8,-1,-1,-1,4,1,4
201704WB17362,2,5,0,18,0,1,0,0,0,0,1,1,2,1,52,8,-1,-1,-1,6,1,6
201704WB17363,1,9,0,18,0,0,0,0,0,6,4,1,6,2,21,5,1299,1,12,9,1,9
201704WB17363,2,19,0,9,0,0,0,0,1,4,1,1,1,1,70,10,1598,2,11,1,1,1
201704WB17364,1,9,0,13,0,0,0,2,0,0,3,1,6,1,70,10,2184,2,3,-1,-1,-1
201704WB17364,2,90,0,18,0,0,0,0,1,0,3,1,1,1,42,7,-1,-1,-1,8,3,8
201704WB17365,1,9,0,18,0,0,1,0,5,6,1,1,2,1,32,6,1364,1,9,1,1,1
201704WB17365,2,90,0,18,0,0,1,0,1,0,3,1,1,1,31,6,-1,-1,-1,1,1,1
201704WB17366,1,9,0,11,0,7,1,0,1,1,2,1,6,1,41,7,1242,1,7,-1,-1,-1
201704WB17367,1,9,0,12,0,0,0,0,7,0,3,1,6,2,23,5,1398,1,1,1,1,1
201704WB17367,2,9,0,18,0,0,0,0,7,10,1,1,6,2,65,9,998,1,-1,8,2,8
201704WB17368,1,11,0,18,0,1,0,0,0,0,1,1,6,1,35,6,9000,2,7,1,1,1
201704WB17368,2,9,0,4,0,1,0,0,1,10,2,1,6,2,20,4,998,1,6,-1,-1,-1
201704WB17369,1,9,0,18,0,0,2,11,1,0,0,1,6,1,27,6,1587,1,23,6,3,6
201704WB17370,1,9,0,9,0,1,0,0,0,0,4,1,6,3,-1,-1,-1,-1,-1,-1,-1,-1
201704WB17370,2,1,0,18,0,8,0,0,0,0,1,1,6,1,46,8,-1,-1,-1,-1,-1,-1
201704WB17370,3,9,0,9,0,1,0,0,0,0,1,1,6,1,57,9,1956,2,2,5,1,5
201704WB17371,1,19,0,18,0,0,0,0,0,0,4,1,1,1,33,6,2143,2,2,1,1,1
201704WB17372,1,9,0,9,0,8,0,0,0,0,4,1,2,1,45,7,1461,2,-1,3,1,3
201704WB17372,2,1,0,18,0,1,0,0,0,0,4,1,6,1,59,9,-1,-1,-1,9,1,9
201704WB17373,1,9,0,9,0,5,0,0,0,0,1,1,6,1,59,9,2499,2,15,8,3,8
201704WB17373,2,3,0,18,0,1,0,0,0,0,1,1,2,1,45,7,249,1,6,1,1,1
201704WB17374,1,9,0,13,0,0,1,0,1,10,1,1,6,1,80,11,1339,1,4,7,3,7
201704WB17374,2,17,0,9,0,0,0,0,0,0,4,1,1,2,22,5,3600,2,-1,6,3,6
201704WB17375,1,9,0,6,0,0,0,0,0,0,3,1,1,2,56,9,2967,1,14,7,3,7
201704WB17375,2,1,0,18,0,0,0,0,0,0,4,1,6,1,61,9,-1,-1,-1,7,1,7
201704WB17376,1,9,0,18,0,0,0,0,0,4,4,1,6,1,84,11,1596,1,6,6,2,6
201704WB17377,1,9,0,12,0,2,0,0,0,0,3,1,6,1,59,9,-1,-1,-1,-1,-1,-1
201704WB17377,2,9,0,3,0,2,0,0,0,0,1,1,6,2,56,9,1198,1,4,-1,-1,-1
201704WB17377,3,8,0,3,0,2,0,0,0,0,1,1,1,1,36,7,1560,2,10,-1,-1,-1
201704WB17378,1,9,0,18,0,0,0,0,0,0,1,1,6,3,-1,-1,-1,-1,-1,-1,-1,-1
201704WB17378,2,9,0,3,0,0,0,0,0,0,2,1,6,1,54,8,1560,2,-1,7,2,7
201704WB17379,1,9,0,5,0,1,0,0,0,0,1,1,6,2,56,9,1598,1,8,-1,-1,-1
201704WB17379,2,9,0,4,0,1,0,0,0,0,1,1,6,1,56,9,2720,2,10,-1,-1,-1
201704WB17380,1,9,0,17,0,0,2,0,1,4,1,1,6,2,40,7,998,1,11,2,1,2