Accident_Index,Vehicle_Reference,Vehicle_Type,Towing_and_Articulation,Vehicle_Manoeuvre,Vehicle_Location-Restricted_Lane,Junction_Location,Skidding_and_Overturning,Hit_Object_in_Carriageway,Vehicle_Leaving_Carriageway,Hit_Object_off_Carriageway,1st_Point_of_Impact,Was_Vehicle_Left_Hand_Drive?,Journey_Purpose_of_Driver,Sex_of_Driver,Age_of_Driver,Age_Band_of_Driver,Engine_Capacity_(CC),Propulsion_Code,Age_of_Vehicle,Driver_IMD_Decile,Driver_Home_Area_Type,Vehicle_IMD_Decile
2017051700046,2,1,0,18,0,1,0,0,0,0,1,1,2,1,46,8,-1,-1,-1,4,1,4
2017051700047,1,9,0,18,0,0,0,0,0,0,3,1,6,1,54,8,1596,1,3,1,1,1
2017051700049,1,97,0,15,0,0,0,0,0,0,1,1,6,3,-1,-1,-1,-1,-1,-1,-1,-1
2017051700049,2,1,0,15,0,0,0,0,0,0,3,1,6,1,62,9,-1,-1,-1,9,1,9
2017051700050,1,9,0,18,0,0,0,0,0,0,1,1,6,1,45,7,1360,1,8,3,3,3
2017051700052,1,9,0,18,0,4,0,0,0,0,1,1,6,1,50,8,-1,-1,-1,5,1,5
2017051700052,2,1,0,18,0,8,0,0,0,0,4,1,6,1,26,6,-1,-1,-1,1,1,1
2017051700053,1,9,0,18,0,0,2,0,0,0,4,1,6,3,-1,-1,-1,-1,-1,-1,-1,-1
2017051700053,2,9,0,2,0,0,0,0,0,0,4,1,6,3,-1,-1,999,1,1,-1,-1,-1
2017051700054,1,9,0,13,0,0,2,0,0,0,4,1,6,1,24,5,1596,1,13,7,1,7
2017051700054,2,9,0,18,0,0,0,0,0,0,3,1,6,2,36,7,1968,2,2,8,1,8
2017051700054,3,9,0,18,0,0,0,0,0,0,1,1,2,2,42,7,1398,2,11,2,1,2
2017051700057,1,11,0,18,0,8,0,0,0,0,1,1,1,1,41,7,6696,2,2,1,1,1
2017051700057,2,11,0,7,0,5,0,0,0,0,2,1,1,1,44,7,6700,2,8,1,1,1
2017051700058,1,9,0,18,0,0,0,0,0,0,0,1,6,3,-1,-1,-1,-1,-1,-1,-1,-1
2017051700058,2,9,0,3,0,0,0,0,0,0,2,1,2,1,23,5,-1,-1,-1,1,1,1
2017051700061,1,9,0,18,0,0,0,0,0,0,1,1,2,1,39,7,1360,1,12,5,1,5
2017051700062,1,9,0,4,0,1,0,0,0,0,3,1,6,1,28,6,1968,2,7,1,1,1
2017051700062,2,1,0,18,0,1,0,0,0,0,1,1,6,1,49,8,-1,-1,-1,1,1,1
2017051700063,1,3,0,18,0,8,0,0,0,0,1,1,6,1,19,4,124,1,1,1,1,1
2017051700064,1,9,0,7,0,6,0,0,0,0,3,1,6,1,73,10,1461,2,2,5,1,5
2017051700064,2,9,0,18,0,8,0,0,0,0,1,1,2,2,34,6,1461,2,8,1,1,1
2017051700065,1,9,0,7,0,8,0,0,0,0,1,1,6,1,31,6,1997,2,2,3,1,3
2017051700066,1,9,0,18,0,0,0,0,0,0,1,1,6,1,48,8,1956,2,4,1,1,1
2017051700066,2,9,0,18,0,0,0,0,0,0,1,1,6,1,39,7,2993,2,2,8,1,8
2017051700069,1,9,0,9,0,2,0,0,0,0,1,1,2,1,30,6,1332,1,11,5,1,5
2017051700070,1,9,0,9,0,5,0,0,0,0,4,1,6,3,-1,-1,-1,-1,-1,-1,-1,-1
2017051700071,1,8,0,5,0,1,0,0,0,0,0,1,1,1,40,7,1997,2,5,1,1,1
2017051700072,1,9,0,18,0,0,0,0,0,0,4,1,6,2,43,7,1490,1,10,7,1,7
2017051700075,1,9,0,16,0,0,1,0,0,0,3,1,2,2,60,9,1242,1,14,2,1,2
2017051700075,2,9,0,17,0,0,1,0,0,0,3,1,6,1,35,6,1997,2,3,4,1,4
2017051700081,1,9,0,18,0,0,0,0,0,0,1,1,6,2,92,11,998,1,20,6,1,6
2017051700081,2,9,0,2,0,0,0,0,0,0,2,1,6,3,-1,-1,1910,2,10,-1,-1,-1
2017051700082,1,8,0,18,0,6,0,0,0,0,1,1,1,1,48,8,-1,-1,-1,1,1,1
2017051700082,2,1,0,18,0,1,0,0,0,0,3,1,6,1,61,9,-1,-1,-1,1,1,1
2017051700083,1,9,0,3,0,0,0,0,0,0,3,1,6,1,65,9,1364,1,11,1,1,1
2017051700084,1,2,0,17,0,0,1,10,1,2,4,1,6,3,-1,-1,-1,-1,-1,-1,-1,-1
2017051700086,1,9,0,18,0,0,0,0,0,0,1,1,6,3,-1,-1,-1,-1,-1,-1,-1,-1
2017051700088,1,9,0,4,0,0,0,0,0,0,1,1,6,3,-1,-1,-1,-1,-1,-1,-1,-1
2017051700088,2,9,0,4,0,0,0,0,0,0,0,1,6,1,38,7,-1,-1,-1,1,1,1
2017051700090,1,9,0,18,0,6,0,0,0,0,3,1,6,1,35,6,1995,2,13,1,1,1
2017051700090,2,8,0,18,0,8,0,0,0,0,1,1,1,1,39,7,2499,2,10,5,1,5
2017051700091,1,9,0,18,0,8,0,0,0,0,4,1,6,2,27,6,999,1,1,1,1,1
2017051700091,2,9,0,18,0,8,0,0,0,0,1,1,6,2,21,5,1560,2,4,1,1,1
2017051700092,1,9,0,16,0,0,0,0,0,0,3,1,6,2,30,6,2967,2,11,4,1,4
2017051700092,2,9,0,18,0,0,0,0,0,0,1,1,6,1,66,10,-1,-1,-1,2,1,2
2017051700092,3,9,0,18,0,0,0,0,0,0,1,1,6,1,54,8,1984,1,2,9,1,9
2017051700093,1,9,0,18,0,8,0,0,0,0,4,1,6,1,44,7,2400,2,6,4,3,4
2017051700093,2,3,0,18,0,6,0,0,0,0,1,1,6,1,13,3,-1,-1,-1,5,1,5
2017051700094,1,9,0,18,0,0,0,0,0,0,1,1,6,1,57,9,1339,1,5,2,1,2
2017051700094,2,9,0,18,0,0,0,0,0,0,2,1,6,1,35,6,-1,-1,-1,8,1,8
2017051700095,1,9,0,7,0,8,0,0,0,0,1,1,6,3,-1,-1,-1,-1,-1,-1,-1,-1
2017051700095,2,1,0,17,0,8,0,0,0,0,3,1,2,1,43,7,-1,-1,-1,1,1,1
2017051700096,1,9,0,18,0,0,0,0,0,0,1,1,6,2,55,8,1997,2,3,1,1,1
2017051700096,2,9,0,18,0,0,0,0,0,0,1,1,6,1,84,11,1997,2,3,5,1,5
2017051700096,3,9,0,18,0,0,0,0,0,0,1,1,6,2,60,9,1240,1,7,9,1,9
2017051700098,1,11,0,4,0,1,1,0,0,0,1,1,1,1,55,8,4250,2,13,2,1,2
2017051700098,2,11,0,4,0,1,0,0,0,0,2,1,6,1,62,9,8300,2,11,5,1,5
2017051700100,1,9,0,18,0,4,0,0,0,0,1,1,6,3,-1,-1,-1,-1,-1,-1,-1,-1
2017051700100,2,1,0,18,0,8,0,0,0,0,4,1,6,1,42,7,-1,-1,-1,6,1,6
2017051700102,1,9,0,17,0,0,0,0,2,3,1,1,3,2,45,7,1124,1,11,1,1,1
2017051700102,2,9,0,18,0,0,0,0,0,0,1,1,6,1,81,11,1398,1,6,6,1,6
2017051700106,1,9,0,11,0,0,0,0,0,0,4,1,6,3,-1,-1,-1,-1,-1,-1,-1,-1
2017051700106,2,9,0,18,0,0,0,0,0,0,3,1,6,1,21,5,1984,1,11,10,1,10
2017051700112,1,9,0,5,0,1,0,0,0,0,1,1,6,1,78,11,1461,2,1,-1,1,-1
2017051700115,1,2,0,18,0,1,0,0,0,0,1,1,6,1,-1,-1,-1,-1,-1,-1,-1,-1
2017051700115,2,9,0,9,0,1,0,0,0,0,3,1,3,1,36,7,-1,-1,-1,9,1,9
2017051700116,1,9,0,9,0,1,0,0,0,0,1,1,6,1,20,4,1368,1,4,1,1,1
2017051700116,2,9,0,18,0,1,0,0,0,0,1,1,6,1,32,6,1968,2,2,4,1,4
2017051700117,1,9,0,3,0,6,0,0,0,0,1,1,6,1,38,7,1598,1,11,1,1,1
2017051700117,2,1,0,18,0,1,0,0,0,0,4,1,6,1,30,6,-1,-1,-1,-1,1,-1
2017051700121,1,8,0,9,0,6,0,0,0,0,1,1,1,1,36,7,-1,-1,-1,3,1,3
2017051700122,1,4,0,18,0,1,0,0,0,0,1,1,6,1,28,6,-1,-1,-1,1,1,1
2017051700122,2,9,0,9,0,5,0,0,0,0,1,1,6,1,34,6,1870,2,13,4,1,4
2017051700123,1,1,0,18,0,0,0,0,0,0,4,1,2,1,24,5,-1,-1,-1,4,1,4
2017051700123,2,19,0,18,0,0,0,0,0,0,1,1,1,1,53,8,1995,2,9,8,1,8
2017051700124,1,9,0,4,0,0,0,0,0,0,1,1,6,1,27,6,1956,2,7,2,1,2
2017051700125,1,9,0,18,0,2,0,0,0,0,1,1,6,1,64,9,-1,-1,-1,4,1,4
2017051700126,1,9,0,9,0,6,0,0,0,0,1,1,1,1,53,8,1149,1,11,3,1,3
2017051700126,2,9,0,18,0,8,0,0,1,0,1,1,6,1,25,5,1229,1,12,7,1,7
2017051700127,1,9,0,18,0,1,0,0,0,0,4,1,6,3,-1,-1,-1,-1,-1,-1,-1,-1
2017051700130,1,9,0,9,0,1,0,0,0,0,1,1,6,3,-1,-1,-1,-1,-1,-1,-1,-1
2017051700130,2,1,0,18,0,8,0,0,0,0,2,1,2,2,23,5,-1,-1,-1,3,1,3
2017051700131,1,9,0,18,0,0,0,0,0,0,1,1,6,1,77,11,1598,1,10,1,1,1
2017051700133,1,9,0,3,0,1,0,0,0,0,1,1,6,1,71,10,1396,1,4,4,1,4
2017051700134,1,9,0,18,0,0,0,0,0,0,1,1,2,1,39,7,-1,-1,-1,7,1,7
2017051700135,1,19,0,4,0,0,0,0,0,0,1,1,6,1,61,9,1560,2,5,9,1,9
2017051700138,1,3,0,18,0,0,0,11,1,11,1,1,6,1,12,3,-1,-1,-1,1,1,1
2017051700139,1,9,0,18,0,0,0,0,0,0,1,1,2,1,38,7,1596,1,13,1,1,1
2017051700141,1,9,0,18,0,0,0,0,0,0,1,1,6,3,-1,-1,-1,-1,-1,-1,-1,-1
2017051700142,1,9,0,9,0,8,0,0,0,0,3,1,1,1,49,8,1797,8,7,6,1,6
2017051700142,2,9,0,18,0,8,0,0,0,0,4,1,6,2,28,6,1242,1,5,1,1,1
2017051700143,1,5,0,18,0,8,0,0,0,0,1,1,6,1,54,8,750,1,26,2,1,2
2017051700143,2,9,0,9,0,8,0,0,0,0,3,1,6,2,38,7,1388,1,9,6,1,6
2017051700144,1,9,0,4,0,1,0,0,0,0,1,1,6,1,24,5,1796,1,9,2,1,2
2017051700144,2,9,0,4,0,1,0,0,0,0,2,1,6,1,33,6,2179,2,4,1,1,1
2017051700145,1,9,0,9,0,2,0,0,0,0,1,1,6,1,38,7,1753,2,9,1,1,1
2017051700146,1,9,0,15,0,8,0,0,0,0,3,1,1,1,52,8,1560,2,1,1,1,1
2017051700146,2,9,0,11,0,8,0,0,0,0,1,1,6,2,73,10,1998,1,20,2,1,2
2017051700147,1,9,0,18,0,8,0,0,0,0,4,1,6,2,39,7,1398,1,7,1,1,1
2017051700147,2,9,0,18,0,8,0,0,0,0,1,1,6,1,21,5,1242,1,1,1,1,1
2017051700148,1,9,0,18,0,8,0,0,0,0,1,1,6,1,25,5,1242,1,3,5,1,5
2017051700148,2,9,0,18,0,8,0,0,0,0,4,1,6,1,57,9,1896,2,15,2,1,2
2017051700149,1,9,0,9,0,1,0,0,0,0,4,1,6,2,30,6,999,1,1,2,1,2
2017051700149,2,9,0,18,0,1,0,0,0,0,1,1,6,1,21,5,1995,1,6,2,1,2
2017051700149,3,9,0,10,0,1,0,0,0,0,1,1,6,2,57,9,1398,1,3,7,1,7
2017051700150,1,9,0,9,0,6,0,0,0,0,3,1,6,1,25,5,1242,1,15,1,1,1
2017051700150,2,9,0,18,0,8,0,0,0,0,1,1,2,1,30,6,1597,2,4,4,1,4
2017051700151,1,9,0,5,0,2,0,0,0,0,1,1,6,1,33,6,-1,-1,-1,7,1,7
2017051700151,2,9,0,9,0,2,0,0,0,0,3,1,6,2,34,6,998,1,2,1,1,1
2017051700152,1,9,0,18,0,0,0,0,0,0,1,1,6,2,44,7,1686,2,9,2,1,2
2017051700152,2,9,0,17,0,0,0,0,0,0,2,1,6,2,43,7,1896,2,13,1,1,1
2017051700153,1,9,0,5,0,6,0,0,0,0,1,1,2,1,29,6,-1,-1,-1,2,1,2
2017051700153,2,1,0,18,0,8,0,0,0,0,4,1,2,1,38,7,-1,-1,-1,6,1,6
2017051700156,1,19,0,14,0,0,0,0,7,0,1,1,6,3,-1,-1,-1,-1,-1,-1,-1,-1
2017051700156,2,9,0,17,0,0,0,0,1,1,3,1,6,2,57,9,1242,1,9,4,1,4
2017051700157,1,9,0,18,0,8,0,0,0,0,1,1,2,1,62,9,1388,1,9,1,1,1
2017051700157,2,3,0,18,0,8,0,0,0,0,1,1,6,1,24,5,125,1,2,1,1,1
2017051700158,1,9,0,9,0,8,0,0,0,0,1,1,6,1,24,5,1910,2,12,2,1,2
2017051700158,2,9,0,18,0,8,0,0,0,0,1,1,6,1,39,7,1753,2,10,6,1,6
2017051700159,1,9,0,9,0,2,0,0,2,10,1,2,3,1,34,6,1796,1,4,1,1,1
2017051700160,1,9,0,18,0,0,0,0,0,0,1,1,6,1,25,5,1360,1,12,4,1,4
2017051700160,2,1,0,18,0,0,0,0,0,0,1,1,2,1,23,5,-1,-1,-1,1,1,1
2017051700161,1,9,0,7,0,5,0,0,0,0,1,1,6,1,20,4,1461,2,2,-1,-1,-1
2017051700164,1,9,0,9,0,5,0,0,2,11,1,1,6,1,83,11,1197,1,2,4,1,4
2017051700165,1,8,0,18,0,8,0,0,0,0,1,1,6,1,37,7,2664,2,17,1,1,1
2017051700165,2,9,0,9,0,8,0,0,0,0,4,1,6,1,26,6,1499,2,1,1,1,1
2017051700166,1,9,0,18,0,2,0,0,0,0,1,1,6,1,26,6,1198,1,14,1,1,1
2017051700166,2,9,0,18,0,1,0,0,0,0,3,1,2,2,29,6,1997,1,5,2,1,2
2017051700168,1,5,0,18,0,4,0,9,0,0,1,1,6,1,26,6,899,1,19,4,1,4
2017051700170,1,9,0,18,0,0,1,0,1,4,3,1,2,2,27,6,1398,1,7,4,1,4
2017051700172,1,9,0,18,0,1,0,0,0,0,1,1,6,3,-1,-1,-1,-1,-1,-1,-1,-1
2017051700172,2,4,0,18,0,1,0,0,0,0,2,1,6,1,31,6,125,1,3,2,1,2
2017051700174,1,9,0,18,0,0,0,0,0,0,1,1,6,3,-1,-1,-1,-1,-1,-1,-1,-1
2017051700175,1,19,0,5,0,2,0,0,0,0,1,1,6,1,51,8,-1,-1,-1,2,1,2
2017051700175,2,1,0,18,0,8,0,0,0,0,2,1,2,1,27,6,-1,-1,-1,7,1,7
2017051700176,1,9,0,18,0,1,0,0,1,0,1,1,6,1,20,4,-1,-1,-1,6,3,6
2017051700176,2,9,0,3,0,1,0,0,0,0,2,1,6,1,38,7,1560,2,2,5,1,5
2017051700177,1,8,0,9,0,8,0,0,0,0,1,1,1,1,43,7,1997,2,7,1,1,1
2017051700178,1,9,0,17,0,0,0,0,0,0,1,1,6,1,54,8,1598,1,11,2,1,2
2017051700178,2,1,0,18,0,0,0,0,0,0,4,1,1,1,19,4,-1,-1,-1,8,1,8
2017051700179,1,9,0,18,0,1,0,0,1,1,1,1,6,1,84,11,1910,2,10,1,1,1
2017051700180,1,9,0,18,0,8,0,0,0,0,1,1,6,1,20,4,1397,1,8,2,1,2
2017051700180,2,9,0,18,0,8,0,0,0,0,1,1,2,1,34,6,998,1,1,1,1,1
2017051700181,1,3,0,18,0,8,0,0,0,0,1,1,6,1,27,6,124,1,7,1,1,1
2017051700181,2,9,0,9,0,8,0,0,0,0,3,1,6,1,59,9,1200,1,4,1,1,1
2017051700182,1,9,0,7,0,5,0,0,1,0,3,1,2,2,-1,-1,-1,-1,-1,-1,-1,-1
2017051700182,2,1,0,18,0,1,0,0,0,0,1,1,2,1,33,6,-1,-1,-1,1,1,1
2017051700183,1,9,0,5,0,8,0,0,0,0,1,1,2,2,39,7,1598,1,4,10,1,10
2017051700183,2,1,0,18,0,1,0,0,0,0,1,1,2,1,25,5,-1,-1,-1,9,1,9
2017051700184,1,19,0,1,0,0,0,0,0,0,2,1,6,1,51,8,2402,2,15,5,1,5
2017051700184,2,19,0,2,0,0,0,0,0,0,2,1,1,1,34,6,1598,2,1,4,2,4
2017051700187,1,9,0,18,0,0,0,0,0,0,4,1,6,2,45,7,998,1,5,1,1,1
2017051700189,1,9,0,5,0,2,0,0,0,0,1,1,6,3,-1,-1,-1,-1,-1,-1,-1,-1
2017051700189,2,9,0,2,0,2,0,0,0,0,1,1,1,3,-1,-1,-1,-1,-1,-1,-1,-1
2017051700190,1,9,0,9,0,8,0,0,0,0,1,1,6,1,25,5,1398,1,1,2,1,2
2017051700190,2,9,0,18,0,8,0,0,0,0,3,1,2,2,60,9,1199,1,15,1,1,1
2017051700191,1,8,0,5,0,6,0,0,0,0,1,1,1,1,56,9,1997,2,6,4,1,4
2017051700191,2,10,0,18,0,1,0,0,0,0,4,1,1,1,45,7,2198,2,6,4,1,4
2017051700192,1,9,0,18,0,8,0,0,1,2,1,1,3,2,42,7,1998,1,9,1,1,1
2017051700193,1,9,0,5,0,0,0,0,0,0,4,2,6,1,45,7,4554,1,16,1,1,1
2017051700194,1,9,0,18,0,0,0,0,0,0,3,1,2,2,40,7,1242,1,10,1,1,1
2017051700195,1,9,0,18,0,8,0,0,0,0,1,1,2,2,42,7,1395,1,2,6,1,6
2017051700195,2,19,0,18,0,8,0,0,0,0,1,1,6,2,39,7,1968,2,6,2,3,2
2017051700198,1,9,0,1,0,1,0,0,0,0,1,1,1,1,42,7,1753,2,8,1,1,1
2017051700198,2,11,0,18,0,1,0,0,0,0,2,1,1,1,62,9,6700,2,8,4,1,4
2017051700199,1,9,0,18,0,0,0,0,0,0,3,1,6,3,-1,-1,-1,-1,-1,-1,-1,-1
2017051700199,2,9,0,18,0,0,0,0,0,0,3,1,6,2,53,8,-1,-1,-1,8,1,8
2017051700200,1,11,0,18,0,0,0,0,0,0,1,1,1,1,58,9,-1,-1,-1,1,1,1
2017051700201,1,9,0,18,0,0,0,0,0,0,1,1,3,2,40,7,1797,8,7,5,1,5
2017051700202,1,9,0,18,0,8,0,0,1,0,1,1,6,1,27,6,-1,-1,-1,1,1,1
2017051700202,2,9,0,18,0,8,1,0,1,10,4,1,6,2,56,9,1598,1,2,5,1,5
2017051700203,1,9,0,5,0,8,0,0,0,0,1,1,6,1,35,6,1497,1,12,1,1,1
2017051700203,2,9,0,5,0,8,0,7,2,1,3,1,6,2,70,10,1598,1,7,1,1,1
2017051700204,1,9,0,9,0,8,0,0,0,0,1,1,6,2,18,4,1086,1,8,2,1,2
2017051700204,2,9,0,18,0,8,0,0,0,0,1,1,6,1,28,6,1299,1,17,8,1,8
2017051700209,1,9,0,6,0,0,0,0,0,0,3,1,2,1,42,7,1596,1,10,5,1,5
2017051700209,2,3,0,18,0,0,0,0,0,0,1,1,2,1,31,6,124,1,11,2,1,2
2017051700210,1,9,0,10,0,6,0,0,0,0,3,1,2,1,46,8,1461,2,6,9,1,9
2017051700210,2,9,0,18,0,8,1,0,1,0,1,1,6,1,22,5,1995,2,5,4,1,4
2017051700211,1,9,0,7,0,1,0,0,0,0,1,1,2,2,58,9,1242,1,7,1,1,1
2017051700213,1,9,0,18,0,1,0,0,0,0,1,1,6,2,29,6,1242,1,5,5,1,5
2017051700219,1,9,0,18,0,4,0,0,0,0,1,1,6,3,-1,-1,-1,-1,-1,-1,-1,-1
2017051700219,2,9,0,3,0,1,0,0,0,0,2,1,6,1,51,8,1753,2,9,1,1,1
2017051700220,1,9,0,7,0,5,0,0,0,0,4,1,6,1,42,7,1686,2,5,4,1,4
2017051700221,1,9,0,1,0,2,0,0,0,0,2,1,6,3,-1,-1,-1,-1,-1,-1,-1,-1
2017051700221,2,9,0,5,0,1,0,0,0,0,4,1,6,1,21,5,-1,-1,-1,1,1,1
2017051700221,3,8,0,9,0,5,0,0,0,0,3,1,1,1,55,8,-1,-1,-1,1,1,1
2017051700222,1,9,0,18,0,0,0,0,0,0,1,1,6,3,-1,-1,-1,-1,-1,-1,-1,-1
2017051700223,1,9,0,9,0,8,0,0,1,0,1,1,6,2,26,6,1242,1,1,1,1,1
2017051700224,1,9,0,18,0,0,0,0,0,0,1,1,6,2,51,8,1998,1,1,6,3,6
2017051700225,1,9,0,18,0,1,0,0,0,0,3,1,6,2,22,5,1242,1,1,4,1,4
2017051700225,2,5,0,18,0,1,0,0,0,0,1,1,6,1,24,5,656,1,6,1,1,1
2017051700226,1,9,0,18,0,0,0,0,0,0,1,1,6,1,33,6,2143,2,2,8,1,8
2017051700227,1,9,0,18,0,2,0,0,0,0,3,1,6,1,49,8,-1,-1,-1,10,1,10
2017051700227,2,9,0,5,0,2,0,0,0,0,1,1,6,2,51,8,1242,1,8,1,1,1
2017051700228,1,9,0,18,0,1,0,0,0,0,3,1,6,1,47,8,1329,1,1,2,1,2
2017051700229,1,9,0,18,0,0,0,0,3,10,1,1,6,3,-1,-1,-1,-1,-1,-1,-1,-1
2017051700230,1,9,0,18,0,0,0,0,0,0,1,1,6,2,20,4,1398,1,1,7,1,7
2017051700230,2,9,0,3,0,0,0,0,0,0,2,1,6,1,53,8,1329,1,6,8,1,8
2017051700232,1,9,0,17,0,2,0,0,0,0,1,1,6,2,55,8,1597,2,1,9,1,9
2017051700233,1,8,0,12,0,0,0,0,0,0,4,2,1,1,39,7,1598,2,8,6,1,6
2017051700233,2,4,0,13,0,0,0,0,0,0,3,1,6,1,70,10,-1,-1,-1,8,1,8
2017051700234,1,9,0,18,0,1,0,0,0,0,4,1,6,1,90,11,1595,1,11,8,1,8
2017051700234,2,9,0,2,0,1,0,0,0,0,3,1,6,3,-1,-1,1686,2,12,-1,-1,-1
2017051700236,1,9,0,18,0,1,0,0,0,0,1,1,6,1,75,10,1896,2,11,6,1,6
2017051700236,2,8,0,5,0,1,0,0,0,0,2,1,6,1,32,6,-1,-1,-1,3,1,3
2017051700237,1,9,0,18,0,4,0,0,0,0,3,1,6,2,27,6,998,1,12,1,1,1
2017051700237,2,9,0,5,0,4,0,0,0,0,1,1,6,1,60,9,1461,2,2,4,1,4
2017051700238,1,97,0,18,0,0,0,0,0,0,1,1,6,3,-1,-1,-1,-1,-1,-1,-1,-1
2017051700239,1,9,0,18,0,8,0,0,0,0,4,1,6,1,-1,-1,-1,-1,-1,-1,-1,-1
2017051700240,1,9,0,9,0,1,0,0,0,0,1,1,6,2,25,5,1995,2,4,1,1,1
2017051700240,2,9,0,15,0,1,0,0,0,0,1,1,6,1,23,5,1242,1,2,3,1,3
2017051700241,1,19,0,18,0,1,0,0,0,0,1,1,6,3,-1,-1,-1,-1,-1,-1,-1,-1
2017051700241,2,1,0,3,0,8,0,0,0,0,3,1,6,1,12,3,-1,-1,-1,1,1,1
2017051700242,1,9,0,3,0,0,0,0,0,0,2,1,2,1,45,7,2179,2,5,4,1,4
2017051700242,2,8,0,4,0,0,0,0,0,0,1,1,1,1,65,9,2402,2,12,7,1,7
2017051700243,1,9,0,5,0,1,0,7,0,0,1,1,6,2,34,6,1398,2,7,2,1,2
2017051700243,2,9,0,18,0,1,0,7,7,11,1,1,6,2,24,5,1997,2,10,5,1,5
2017051700245,1,2,0,3,0,1,0,0,0,0,1,1,6,1,46,8,49,1,23,5,1,5
2017051700245,2,9,0,7,0,8,0,0,0,0,2,1,6,1,71,10,1242,1,3,6,1,6
2017051700246,1,9,0,5,0,0,0,0,0,0,1,1,6,3,-1,-1,-1,-1,-1,-1,-1,-1
2017051700247,1,9,0,9,0,6,0,0,0,0,1,1,6,1,22,5,1995,2,5,1,1,1
2017051700247,2,9,0,18,0,8,0,0,0,0,4,1,6,1,21,5,1596,1,8,1,1,1
2017051700248,1,1,0,18,0,4,0,0,0,0,1,1,6,1,23,5,-1,-1,-1,1,1,1
2017051700248,2,8,0,18,0,4,1,0,0,0,1,1,1,1,24,5,1596,1,10,6,1,6
2017051700249,1,9,0,5,0,8,0,0,0,0,1,1,6,1,19,4,998,1,5,9,2,9
2017051700249,2,9,0,17,0,8,0,0,0,0,1,1,6,1,30,6,1461,2,2,2,1,2
2017051700255,1,9,0,3,0,1,0,4,0,0,1,1,6,3,-1,-1,-1,-1,-1,-1,-1,-1
2017051700255,2,9,0,2,0,1,0,0,0,0,2,1,6,1,42,7,-1,-1,-1,9,1,9
2017051700256,1,9,0,9,0,5,0,0,0,0,1,1,6,1,31,6,1364,1,2,6,1,6
2017051700256,2,9,0,18,0,8,0,0,0,0,1,1,6,1,55,8,1390,1,17,7,2,7
2017051700257,1,9,0,14,0,0,0,0,0,0,1,1,2,1,52,8,1910,2,11,1,1,1
2017051700258,1,9,0,17,0,0,0,0,0,0,1,1,6,2,53,8,1910,2,9,1,1,1
2017051700259,1,9,0,5,0,0,0,0,0,0,0,1,6,2,58,9,1598,1,4,3,1,3
2017051700259,2,9,0,18,0,0,0,0,0,0,0,1,6,1,-1,-1,-1,-1,-1,-1,-1,-1
2017051700260,1,9,0,7,0,1,0,0,0,0,1,1,6,3,-1,-1,-1,-1,-1,-1,-1,-1
2017051700260,2,8,0,10,0,1,0,0,0,0,1,1,1,1,53,8,-1,-1,-1,2,1,2
2017051700261,1,9,0,17,0,4,0,0,0,0,1,1,2,2,50,8,1200,1,1,5,3,5
2017051700261,2,1,0,17,0,4,0,0,0,0,4,1,2,1,32,6,-1,-1,-1,7,1,7
2017051700262,1,9,0,18,0,0,0,0,0,0,1,1,2,1,68,10,875,1,3,1,1,1
2017051700263,1,9,0,17,0,0,0,10,6,7,1,1,6,1,51,8,1598,1,16,2,1,2
2017051700264,1,9,0,18,0,2,0,7,7,11,1,1,2,1,49,8,1598,1,16,1,1,1
2017051700270,1,19,0,18,0,0,0,0,0,0,4,1,6,1,40,7,1998,2,14,1,1,1
2017051700272,1,9,0,5,0,6,0,0,0,0,1,1,2,1,40,7,1686,2,4,3,1,3
2017051700272,2,9,0,18,0,8,1,0,4,0,3,1,2,2,49,8,1995,2,4,5,1,5
2017051700273,1,3,0,18,0,0,0,0,0,0,1,1,6,1,28,6,781,1,19,3,1,3
2017051700274,1,9,0,17,0,0,1,0,1,7,1,1,2,2,42,7,1229,1,6,5,1,5
2017051700275,1,19,0,7,0,1,0,0,0,0,3,1,6,1,64,9,-1,-1,-1,3,1,3
2017051700277,1,9,0,18,0,6,0,0,0,0,4,1,6,2,29,6,1598,1,1,1,1,1
2017051700277,2,9,0,18,0,8,0,0,0,0,1,1,6,2,23,5,998,1,3,6,1,6
2017051700278,1,9,0,4,0,8,0,0,0,0,2,1,6,1,47,8,1198,1,1,8,1,8
2017051700278,2,1,0,18,0,8,0,0,0,0,1,1,2,1,43,7,-1,-1,-1,9,1,9
2017051700281,1,9,0,18,0,1,1,0,0,0,1,1,3,1,37,7,1598,1,15,1,1,1
2017051700281,2,9,0,3,0,1,0,0,0,0,2,1,3,1,34,6,2993,2,6,1,1,1
2017051700282,1,9,0,18,0,6,0,0,7,0,4,1,1,1,36,7,1422,2,1,-1,1,-1
2017051700282,2,9,0,18,0,8,0,0,1,11,1,1,6,1,72,10,1910,2,10,2,1,2
2017051700283,1,19,0,5,0,1,0,0,0,0,1,1,6,1,55,8,2298,2,1,1,1,1
2017051700283,2,1,0,9,0,8,0,0,0,0,4,1,2,1,59,9,-1,-1,-1,1,1,1
2017051700285,1,9,0,9,0,5,0,7,0,0,3,1,6,1,25,5,2143,2,2,-1,-1,-1
2017051700285,2,9,0,5,0,6,0,0,0,0,1,1,6,1,26,6,1242,1,2,5,1,5
2017051700287,1,9,0,18,0,1,0,0,0,0,1,1,6,3,-1,-1,-1,-1,-1,-1,-1,-1
2017051700287,2,1,0,18,0,8,0,0,0,0,3,1,6,1,16,4,-1,-1,-1,1,1,1