Accident_Index,Vehicle_Reference,Vehicle_Type,Towing_and_Articulation,Vehicle_Manoeuvre,Vehicle_Location-Restricted_Lane,Junction_Location,Skidding_and_Overturning,Hit_Object_in_Carriageway,Vehicle_Leaving_Carriageway,Hit_Object_off_Carriageway,1st_Point_of_Impact,Was_Vehicle_Left_Hand_Drive?,Journey_Purpose_of_Driver,Sex_of_Driver,Age_of_Driver,Age_Band_of_Driver,Engine_Capacity_(CC),Propulsion_Code,Age_of_Vehicle,Driver_IMD_Decile,Driver_Home_Area_Type,Vehicle_IMD_Decile
2017051700288,1,3,0,18,0,1,0,0,2,1,1,1,6,1,28,6,100,1,9,5,1,5
2017051700289,1,11,0,18,0,0,0,0,0,0,1,1,1,1,44,7,9600,2,16,2,1,2
2017051700290,1,9,0,5,0,0,0,0,0,0,1,1,6,2,23,5,1398,2,8,7,1,7
2017051700290,2,9,0,18,0,0,0,0,0,0,4,1,6,2,33,6,698,1,14,9,1,9
2017051700296,1,8,0,2,0,0,0,0,0,0,0,1,1,2,-1,-1,2402,2,12,1,1,1
2017051700297,1,9,0,18,0,1,0,0,0,0,1,1,6,1,31,6,1596,1,5,1,1,1
2017051700297,2,9,0,18,0,1,0,0,0,0,2,1,6,1,51,8,1999,2,1,1,1,1
2017051700298,1,8,0,5,0,0,0,0,0,0,4,1,1,1,45,7,2402,2,12,1,1,1
2017051700299,1,9,0,13,0,0,0,0,1,0,4,1,6,3,-1,-1,-1,-1,-1,-1,-1,-1
2017051700299,2,1,0,18,0,0,1,0,0,0,3,1,6,1,31,6,-1,-1,-1,3,1,3
2017051700302,1,9,0,18,0,0,0,0,0,0,4,1,6,1,58,9,2494,8,-1,8,2,8
2017051700304,1,11,0,5,0,4,0,0,0,0,1,2,1,1,41,7,3900,2,12,7,1,7
2017051700304,2,19,0,4,0,4,0,0,0,0,2,2,1,1,59,9,-1,-1,-1,1,1,1
2017051700305,1,19,0,1,0,1,0,0,0,0,2,1,6,1,31,6,1598,2,2,5,1,5
2017051700307,1,19,0,5,0,8,0,0,0,0,4,2,6,1,51,8,1598,2,1,1,1,1
2017051700307,2,1,0,18,0,1,0,0,0,0,1,1,1,2,27,6,-1,-1,-1,8,1,8
2017051700308,1,9,0,1,0,0,0,0,0,0,3,1,6,2,45,7,1956,2,2,-1,-1,-1
2017051700308,2,9,0,18,0,0,2,0,0,0,1,1,6,1,82,11,1149,1,13,9,1,9
2017051700308,3,9,0,18,0,0,0,0,0,0,3,1,6,1,38,7,1560,2,2,4,1,4
2017051700310,1,9,0,5,0,1,0,0,0,0,1,1,6,3,-1,-1,-1,-1,-1,-1,-1,-1
2017051700310,2,1,0,18,0,8,0,0,0,0,1,1,6,2,26,6,-1,-1,-1,5,1,5
2017051700312,1,9,0,7,0,8,0,0,0,0,1,1,2,2,50,8,1398,1,5,5,1,5
2017051700312,2,1,0,18,0,3,0,0,0,0,3,1,2,2,38,7,-1,-1,-1,1,1,1
2017051700313,1,9,0,4,0,0,0,0,0,0,1,1,6,3,-1,-1,-1,-1,-1,-1,-1,-1
2017051700313,2,9,0,3,0,0,0,0,0,0,2,1,2,2,20,4,-1,-1,-1,7,1,7
2017051700314,1,9,0,18,0,0,0,7,7,10,1,1,6,1,43,7,1242,1,13,5,1,5
2017051700315,1,8,0,7,0,6,0,0,0,0,3,1,6,1,51,8,1598,2,1,1,1,1
2017051700315,2,1,0,17,0,1,0,0,0,0,1,1,2,1,61,9,-1,-1,-1,3,1,3
2017051700317,1,9,0,18,0,1,0,0,0,0,1,1,6,1,72,10,1248,1,6,5,1,5
2017051700317,2,9,0,18,0,1,0,0,0,0,2,1,6,1,58,9,1968,2,4,10,1,10
2017051700318,1,9,0,18,0,0,0,0,1,11,1,1,3,1,50,8,2993,2,6,3,1,3
2017051700319,1,9,0,18,0,0,0,0,0,0,1,1,6,2,39,7,1242,1,3,1,1,1
2017051700320,1,9,0,18,0,8,1,0,0,0,1,1,6,1,31,6,1596,1,12,8,1,8
2017051700320,2,9,0,18,0,8,1,10,4,1,4,1,6,1,55,8,1998,1,11,4,1,4
2017051700321,1,9,0,18,0,0,0,0,0,0,1,1,6,1,31,6,-1,-1,-1,6,1,6
2017051700321,2,9,0,4,0,0,0,0,0,0,2,1,6,1,45,7,1999,2,2,2,1,2
2017051700322,1,9,0,9,0,1,0,0,0,0,1,1,6,1,32,6,1597,1,9,7,1,7
2017051700322,2,9,0,18,0,1,0,0,0,0,1,1,6,1,21,5,1499,2,2,3,1,3
2017051700323,1,8,0,8,0,1,0,0,0,0,1,1,1,1,57,9,1997,2,10,3,1,3
2017051700323,2,9,0,3,0,1,0,0,0,0,2,1,2,2,44,7,1229,1,3,-1,-1,-1
2017051700325,1,9,0,18,0,0,0,0,0,0,2,1,6,2,71,10,-1,-1,-1,-1,-1,-1
2017051700327,1,1,0,18,0,0,1,0,0,0,0,1,6,1,68,10,-1,-1,-1,3,1,3
2017051700330,1,9,0,18,0,1,0,0,0,0,1,1,6,1,30,6,1598,2,5,2,1,2
2017051700332,1,9,0,18,0,4,0,0,0,0,1,1,2,1,34,6,-1,-1,-1,6,1,6
2017051700332,2,4,0,18,0,3,0,0,0,0,1,1,2,1,30,6,675,1,8,7,1,7
2017051700333,1,9,0,18,0,0,0,0,0,0,3,1,6,1,-1,-1,-1,-1,-1,-1,-1,-1
2017051700334,1,1,0,18,0,1,0,0,0,0,3,1,4,1,10,2,-1,-1,-1,-1,-1,-1
2017051700334,2,9,0,10,0,1,0,0,0,0,1,1,6,2,44,7,1248,2,5,5,1,5
2017051700335,1,9,0,9,0,8,0,0,0,0,1,1,6,2,24,5,1199,1,3,9,1,9
2017051700335,2,9,0,18,0,2,0,0,0,0,1,1,6,2,34,6,2204,2,9,9,1,9
2017051700336,1,9,0,13,0,1,0,0,0,0,3,1,6,1,20,4,1398,1,2,4,1,4
2017051700336,2,5,0,18,0,1,0,0,0,0,1,1,6,1,24,5,1255,1,7,1,1,1
2017051700336,3,19,0,18,0,1,0,0,0,0,1,1,6,1,31,6,2400,2,14,2,1,2
2017051700337,1,9,0,9,0,1,0,0,0,0,1,1,1,1,57,9,1997,2,15,2,1,2
2017051700338,1,9,0,18,0,0,0,0,0,0,4,1,6,3,-1,-1,-1,-1,-1,-1,-1,-1
2017051700339,1,9,0,18,0,0,0,0,0,0,4,1,6,2,27,6,1242,1,7,4,1,4
2017051700343,1,9,0,18,0,1,0,0,0,0,1,1,6,2,66,10,1248,1,8,1,1,1
2017051700344,1,9,0,18,0,2,0,0,0,0,1,1,6,1,74,10,1596,1,2,5,1,5
2017051700351,1,9,0,18,0,4,0,0,1,2,1,1,6,1,46,8,-1,-1,-1,6,1,6
2017051700351,2,9,0,18,0,3,0,0,7,4,4,1,6,2,28,6,-1,-1,-1,5,1,5
2017051700353,1,9,0,15,0,0,1,0,0,0,1,1,2,2,19,4,898,1,2,5,1,5
2017051700353,2,11,0,13,0,0,1,0,1,0,1,1,1,1,61,9,10837,2,1,9,1,9
2017051700355,1,9,0,18,0,0,0,0,0,0,0,1,1,2,35,6,2993,2,5,-1,-1,-1
2017051700355,2,5,0,18,0,0,1,4,0,0,1,1,6,1,34,6,998,1,10,3,1,3
2017051700355,3,9,0,2,0,0,0,0,0,0,4,1,6,3,-1,-1,999,1,7,-1,-1,-1
2017051700363,1,19,0,1,0,8,0,0,0,0,2,1,2,1,49,8,1997,2,1,5,1,5
2017051700363,2,9,0,18,0,1,0,0,0,0,4,1,3,2,58,9,1389,1,12,4,1,4
2017051700366,1,9,0,9,0,8,0,0,0,0,1,1,6,2,29,6,1598,2,2,2,1,2
2017051700366,2,9,0,3,0,8,0,0,0,0,1,1,1,2,46,8,1499,2,2,3,1,3
2017051700368,1,9,0,18,0,4,0,0,3,0,3,1,6,1,-1,-1,1598,1,1,10,1,10
2017051700368,2,1,0,18,0,4,0,0,0,0,1,1,6,1,29,6,-1,-1,-1,2,1,2
2017051700369,1,9,0,5,0,0,0,0,0,0,3,1,6,2,22,5,875,1,2,8,1,8
2017051700369,2,5,0,18,0,0,1,0,0,0,4,1,6,1,26,6,645,1,14,-1,-1,-1
2017051700370,1,9,0,18,0,0,0,0,0,0,1,1,6,2,67,10,1198,1,2,7,1,7
2017051700370,2,9,0,3,0,0,0,0,0,0,2,1,6,2,26,6,1560,2,6,7,1,7
2017051700370,3,9,0,3,0,0,0,0,0,0,2,1,6,1,38,7,-1,-1,-1,2,1,2
2017051700371,1,9,0,18,0,3,0,0,0,0,1,1,2,1,61,9,1398,1,7,1,1,1
2017051700372,1,9,0,5,0,0,0,0,0,0,1,1,6,2,53,8,1596,1,3,3,1,3
2017051700373,1,9,0,5,0,4,0,0,0,0,3,1,2,1,32,6,1798,8,1,5,1,5
2017051700373,2,3,0,18,0,8,0,0,7,0,2,1,2,1,22,5,125,1,3,8,1,8
2017051700374,1,9,0,18,0,0,0,7,0,0,1,1,6,1,24,5,1390,1,4,1,1,1
2017051700376,1,1,0,9,0,2,0,0,0,0,4,1,6,1,57,9,-1,-1,-1,7,1,7
2017051700376,2,9,0,5,0,1,0,0,0,0,1,1,6,3,-1,-1,-1,-1,-1,-1,-1,-1
2017051700377,1,9,0,18,0,3,0,0,0,0,3,1,6,2,71,10,1560,2,1,1,1,1
2017051700377,2,9,0,18,0,3,0,0,0,0,1,1,6,2,54,8,2295,1,17,2,1,2
2017051700378,1,21,0,18,0,1,0,0,0,0,1,1,1,1,41,7,5193,2,3,2,1,2
2017051700378,2,9,0,3,0,1,0,0,0,0,2,1,6,1,48,8,998,1,4,8,1,8
2017051700379,1,9,0,4,0,1,0,0,0,0,1,1,6,1,49,8,1596,1,10,1,1,1
2017051700381,1,9,0,5,0,8,0,0,0,0,1,1,1,1,53,8,1582,2,6,9,1,9
2017051700381,2,9,0,18,0,8,0,0,0,0,3,1,2,1,32,6,1461,2,10,10,1,10
2017051700382,1,8,0,9,0,5,0,0,0,0,1,1,1,1,27,6,1753,2,11,1,1,1
2017051700383,1,9,0,5,0,0,0,0,0,0,3,1,6,1,37,7,2967,2,1,1,1,1
2017051700383,2,9,0,18,0,0,0,0,0,0,1,1,6,2,58,9,1229,1,5,1,1,1
2017051700384,1,9,0,18,0,1,0,0,0,0,1,2,6,3,-1,-1,-1,-1,-1,-1,-1,-1
2017051700386,1,9,0,2,0,1,0,0,0,0,3,1,6,1,34,6,1242,1,13,2,1,2
2017051700386,2,1,0,14,0,1,0,0,0,0,3,1,6,1,62,9,-1,-1,-1,2,1,2
2017051700386,3,11,0,18,0,1,0,0,0,0,4,1,6,1,44,7,6700,2,7,1,1,1
2017051700387,1,9,0,9,0,6,0,0,0,0,1,1,6,1,30,6,1956,2,8,10,1,10
2017051700387,2,9,0,18,0,8,0,0,7,2,3,1,6,1,53,8,1988,2,13,1,1,1
2017051700388,1,9,0,9,0,1,0,0,0,0,1,1,6,2,28,6,1240,1,13,9,1,9
2017051700388,2,9,0,18,0,1,0,0,0,0,3,1,6,1,58,9,2143,2,2,4,1,4
2017051700389,1,9,0,5,0,0,0,0,0,0,0,2,6,1,49,8,-1,-1,-1,1,1,1
2017051700389,2,9,0,18,0,0,2,0,0,0,0,1,2,2,40,7,1598,1,9,2,1,2
2017051700391,1,9,0,18,0,8,0,0,0,0,1,1,6,1,37,7,1560,2,11,6,1,6
2017051700391,2,1,0,18,0,8,0,0,0,0,4,1,6,1,22,5,-1,-1,-1,-1,1,-1
2017051700394,1,9,0,5,0,1,0,0,0,0,1,1,6,3,-1,-1,-1,-1,-1,-1,-1,-1
2017051700394,2,1,0,18,0,8,0,0,0,0,1,1,6,1,29,6,-1,-1,-1,1,1,1
2017051700395,1,9,0,9,0,8,0,0,0,0,1,2,6,1,30,6,1781,1,14,4,1,4
2017051700395,2,9,0,18,0,8,0,0,0,0,1,1,6,2,31,6,1242,1,9,1,1,1
2017051700396,1,9,0,18,0,1,0,0,0,0,1,1,6,2,50,8,1598,1,12,8,1,8
2017051700396,2,9,0,18,0,1,0,0,0,0,1,1,6,2,64,9,1396,1,13,6,1,6
2017051700397,1,1,0,5,0,0,0,0,0,0,3,1,6,2,32,6,-1,-1,-1,1,1,1
2017051700397,2,9,0,18,0,0,0,0,0,0,1,1,6,1,51,8,1197,1,1,1,1,1
2017051700399,1,4,0,9,0,1,0,0,0,0,2,1,6,1,21,5,-1,-1,-1,1,1,1
2017051700401,1,9,0,7,0,6,0,0,0,0,1,1,6,1,32,6,-1,-1,-1,1,1,1
2017051700401,2,3,0,18,0,8,0,0,0,0,4,1,6,1,21,5,124,1,4,1,1,1
2017051700402,1,9,0,7,0,1,0,0,0,0,4,1,6,2,23,5,998,1,4,7,2,7
2017051700402,2,1,0,18,0,1,0,0,0,0,1,1,6,1,59,9,-1,-1,-1,1,1,1
2017051700404,1,8,0,18,0,0,0,0,0,0,1,1,1,1,48,8,1753,2,9,4,1,4
2017051700405,1,3,0,18,0,8,0,0,0,0,1,1,6,1,28,6,124,1,5,2,1,2
2017051700405,2,9,0,10,0,8,0,0,0,0,1,1,6,1,74,10,2184,2,1,7,1,7
2017051700406,1,9,0,18,0,0,1,0,2,4,4,1,6,3,-1,-1,1956,2,4,-1,-1,-1
2017051700406,2,9,0,18,0,0,0,0,0,0,1,1,6,2,49,8,1796,1,6,8,1,8
2017051700407,1,9,0,10,0,1,0,0,0,0,2,1,6,1,18,4,1229,1,4,4,1,4
2017051700407,2,9,0,18,0,1,0,0,0,0,1,1,1,1,44,7,1997,2,7,1,1,1
2017051700409,1,8,0,9,0,6,0,0,0,0,1,1,6,1,-1,-1,-1,-1,-1,-1,-1,-1
2017051700410,1,9,0,17,0,0,1,0,4,6,1,1,1,2,28,6,1598,1,11,1,1,1
2017051700411,1,9,0,18,0,0,0,0,0,0,1,1,6,3,-1,-1,-1,-1,-1,-1,-1,-1
2017051700412,1,9,0,18,0,0,0,0,0,0,3,1,6,1,58,9,1398,1,1,7,1,7
2017051700415,1,9,0,18,0,1,0,0,0,0,1,1,6,1,65,9,1995,2,3,9,1,9
2017051700415,2,9,0,3,0,1,0,0,0,0,2,1,6,1,28,6,1248,2,5,10,1,10
2017051700415,3,9,0,3,0,1,0,0,0,0,2,1,6,2,55,8,1997,1,3,6,1,6
2017051700418,1,9,0,18,0,1,0,0,0,0,1,1,6,1,37,7,1248,2,10,1,1,1
2017051700418,2,9,0,4,0,1,0,0,0,0,2,1,1,1,47,8,1753,2,9,1,1,1
2017051700419,1,9,0,18,0,8,0,0,0,0,1,1,6,1,80,11,1598,1,10,7,1,7
2017051700419,2,9,0,18,0,8,0,0,0,0,4,1,6,2,28,6,1598,1,1,8,1,8
2017051700419,3,9,0,18,0,8,0,0,0,0,1,1,6,1,39,7,1968,2,1,1,1,1
2017051700420,1,9,0,18,0,0,0,0,0,0,1,1,6,1,73,10,1389,1,14,2,1,2
2017051700420,2,11,0,4,0,0,0,0,0,0,2,1,1,1,50,8,4500,2,5,1,1,1
2017051700421,1,9,0,7,0,8,0,0,0,0,1,2,3,2,34,6,-1,-1,-1,-1,-1,-1
2017051700423,1,10,0,9,0,8,0,0,0,0,1,1,1,1,47,8,-1,-1,-1,-1,-1,-1
2017051700423,2,1,0,9,0,8,1,0,0,0,2,1,6,1,20,4,-1,-1,-1,1,1,1
2017051700424,1,9,0,18,0,0,0,0,0,0,1,1,2,1,69,10,1242,1,12,6,1,6
2017051700424,2,9,0,18,0,0,0,0,0,0,1,1,6,1,31,6,2000,2,6,1,1,1
2017051700425,1,21,1,18,0,2,0,0,0,0,1,1,1,1,34,6,12777,2,2,2,1,2
2017051700425,2,1,0,18,0,2,0,0,1,0,2,1,2,1,42,7,-1,-1,-1,1,1,1
2017051700427,1,9,0,5,0,0,0,0,0,0,1,1,6,1,29,6,2143,2,2,10,3,10
2017051700427,2,8,0,18,0,0,0,0,0,0,1,1,1,1,39,7,1997,2,4,2,1,2
2017051700428,1,9,0,9,0,8,0,0,1,1,1,1,6,2,48,8,1399,2,6,3,1,3
2017051700428,2,9,0,18,0,1,0,0,1,7,1,1,1,2,43,7,2143,2,1,6,1,6
2017051700429,1,9,0,18,0,1,0,0,0,0,1,1,6,1,48,8,2979,1,14,7,1,7
2017051700429,2,9,0,9,0,1,0,0,0,0,2,1,2,2,24,5,1197,1,2,2,1,2
2017051700430,1,1,0,18,0,8,0,0,0,0,4,1,2,1,20,4,-1,-1,-1,5,1,5
2017051700430,2,8,0,9,0,8,0,0,0,0,1,1,1,1,22,5,1499,2,1,6,3,6
2017051700431,1,9,0,18,0,0,0,0,0,0,1,1,1,1,42,7,1560,2,6,2,1,2
2017051700436,1,9,0,9,0,8,0,0,0,0,4,1,6,2,20,4,-1,-1,-1,4,1,4
2017051700436,2,1,0,18,0,1,0,0,0,0,1,1,1,1,24,5,-1,-1,-1,2,1,2
2017051700437,1,9,0,18,0,4,0,0,0,0,1,1,6,1,30,6,1339,8,10,1,1,1
2017051700437,2,1,0,18,0,4,0,0,0,0,2,1,6,1,16,4,-1,-1,-1,10,1,10
2017051700439,1,8,0,18,0,0,0,0,0,0,1,1,1,1,24,5,-1,-1,-1,4,1,4
2017051700442,1,9,0,7,0,6,0,0,0,0,1,1,6,1,30,6,-1,-1,-1,1,1,1
2017051700442,2,9,0,18,0,6,0,0,0,0,4,1,6,2,19,4,875,1,5,5,1,5
2017051700444,1,9,0,18,0,4,0,0,0,0,1,1,2,2,30,6,1242,1,6,9,1,9
2017051700444,2,1,0,18,0,3,0,0,0,0,4,1,6,1,60,9,-1,-1,-1,2,1,2
2017051700445,1,9,0,18,0,0,0,0,0,0,1,1,6,1,23,5,-1,-1,-1,5,1,5
2017051700446,1,9,0,18,0,1,0,0,0,0,4,1,6,1,53,8,1797,8,4,10,1,10
2017051700446,2,9,0,2,0,1,0,0,0,0,4,1,6,3,-1,-1,1994,2,9,-1,-1,-1
2017051700447,1,11,0,18,0,0,0,0,0,0,1,1,6,1,67,10,-1,-1,-1,2,1,2
2017051700447,2,9,0,3,0,0,0,0,0,0,1,1,6,2,34,6,-1,-1,-1,5,1,5
2017051700448,1,9,0,5,0,2,0,0,0,0,1,1,2,1,32,6,1399,2,13,3,1,3
2017051700448,2,1,0,18,0,1,0,0,0,0,1,1,2,1,32,6,-1,-1,-1,1,1,1
2017051700452,1,9,0,18,0,1,0,0,1,11,1,1,6,3,-1,-1,-1,-1,-1,-1,-1,-1
2017051700452,2,9,0,5,0,6,0,0,0,0,1,1,6,1,42,7,-1,-1,-1,1,1,1
2017051700461,1,1,0,18,0,8,0,0,0,0,1,1,1,1,20,4,-1,-1,-1,1,1,1
2017051700461,2,9,0,18,0,8,0,0,0,0,3,1,1,1,59,9,-1,-1,-1,8,1,8
2017051700463,1,98,4,16,0,0,0,0,0,0,0,1,6,3,-1,-1,-1,-1,-1,-1,-1,-1
2017051700463,2,1,0,18,0,0,0,0,0,0,0,1,2,1,48,8,-1,-1,-1,4,1,4
2017051700464,1,8,0,5,0,2,0,0,0,0,4,2,6,1,47,8,1956,2,3,6,1,6
2017051700465,1,9,0,9,0,6,0,0,0,0,1,1,6,1,35,6,1560,2,4,6,2,6
2017051700465,2,9,0,18,0,8,1,0,1,0,4,1,6,1,21,5,2993,2,1,3,1,3
2017051700466,1,11,0,18,0,2,0,0,0,0,1,1,1,1,48,8,6700,2,9,1,1,1
2017051700466,2,9,0,3,0,1,0,0,0,0,1,1,6,1,29,6,1560,2,4,1,1,1
2017051700466,3,11,0,3,0,1,0,0,0,0,1,1,1,1,61,9,6700,2,6,1,1,1
2017051700466,4,11,0,3,0,1,0,0,0,0,1,1,1,1,52,8,9000,2,17,1,1,1
2017051700466,5,9,0,2,0,1,0,0,0,0,1,1,6,3,-1,-1,1461,2,3,-1,-1,-1
2017051700466,6,9,0,3,0,1,0,0,0,0,1,1,6,2,56,9,1997,2,1,7,1,7
2017051700466,7,9,0,3,0,1,0,0,0,0,1,1,6,1,76,11,1364,1,11,1,1,1
2017051700466,8,9,0,3,0,1,0,0,0,0,1,1,6,1,68,10,1796,1,15,3,1,3
2017051700466,9,19,0,3,0,1,0,0,0,0,0,1,1,3,-1,-1,2998,2,5,-1,-1,-1
2017051700472,1,19,0,18,0,0,0,0,0,0,1,1,1,1,50,8,2143,2,1,3,1,3
2017051700472,2,9,0,18,0,0,1,0,0,0,2,1,2,2,43,7,2000,2,12,3,1,3
2017051700472,3,9,0,18,0,0,1,0,1,0,4,1,2,2,49,8,1461,2,7,8,1,8
2017051700473,1,9,0,18,0,0,0,0,0,0,1,1,6,2,26,6,1149,1,4,4,1,4
2017051700474,1,9,0,18,0,8,0,0,0,0,1,1,6,1,43,7,1596,1,10,1,1,1
2017051700474,2,9,0,18,0,8,0,0,0,0,1,1,6,1,77,11,1197,1,1,9,1,9
2017051700477,1,9,0,18,0,1,0,0,0,0,1,1,6,2,52,8,1388,1,12,2,1,2
2017051700478,1,9,0,5,0,6,0,0,0,0,1,2,6,2,47,8,998,1,2,6,1,6
2017051700478,2,9,0,18,0,1,0,0,0,0,3,2,6,2,58,9,1798,8,5,8,1,8
2017051700481,1,19,0,10,0,1,0,0,0,0,1,1,1,1,27,6,2198,2,4,4,1,4
2017051700481,2,9,0,18,0,1,1,0,0,0,3,1,6,2,33,6,1198,1,6,6,1,6
2017051700482,1,9,0,5,0,8,0,0,0,0,4,1,6,2,83,11,1968,2,3,5,1,5
2017051700482,2,9,0,18,0,1,0,0,0,0,1,1,6,2,39,7,1796,1,10,7,1,7
2017051700483,1,9,0,9,0,6,0,0,0,0,1,1,6,3,-1,-1,-1,-1,-1,-1,-1,-1
2017051700483,2,2,0,9,0,5,0,0,0,0,4,1,6,1,22,5,-1,-1,-1,1,1,1
2017051700484,1,9,0,18,0,0,0,0,0,0,0,1,1,1,33,6,1560,2,2,-1,-1,-1
2017051700484,2,9,0,18,0,0,0,0,0,0,0,1,1,1,31,6,1582,2,4,-1,-1,-1
2017051700484,3,9,0,18,0,0,0,0,0,0,1,1,6,1,35,6,-1,-1,-1,1,1,1
2017051700484,4,9,0,18,0,0,1,0,0,0,2,1,6,1,58,9,-1,-1,-1,9,1,9
2017051700489,1,9,0,9,0,8,0,0,0,0,4,1,6,2,29,6,1560,2,4,3,1,3
2017051700489,2,9,0,18,0,8,1,0,0,0,1,1,6,1,74,10,1905,2,21,1,1,1
2017051700490,1,9,0,18,0,1,0,0,0,0,4,1,6,3,-1,-1,-1,-1,-1,-1,-1,-1
2017051700491,1,9,0,18,0,0,0,6,1,11,1,1,6,1,23,5,998,1,5,7,1,7
2017051700492,1,9,0,18,0,0,0,0,0,0,1,1,6,2,87,11,999,1,2,9,1,9
2017051700493,1,9,0,18,0,8,0,0,0,0,1,1,6,2,60,9,1595,1,10,5,1,5
2017051700493,2,19,0,18,0,8,0,0,0,0,3,1,1,1,74,10,2402,2,10,6,1,6
2017051700494,1,22,0,5,0,8,0,0,1,0,1,1,6,1,82,11,-1,-1,-1,3,1,3
2017051700494,2,10,0,5,0,1,0,0,0,0,4,1,1,1,30,6,2461,2,12,1,1,1
2017051700497,1,9,0,18,0,1,0,0,0,0,1,1,6,2,27,6,1598,1,4,8,1,8
2017051700497,2,9,0,18,0,2,0,0,0,0,4,1,6,2,35,6,1242,1,7,5,1,5
2017051700498,1,8,0,9,0,5,0,0,0,0,1,1,1,1,33,6,1997,2,7,3,1,3
2017051700498,2,3,0,18,0,8,0,0,0,0,1,1,2,1,21,5,123,1,1,1,1,1
2017051700499,1,1,0,5,0,1,0,0,0,0,1,1,6,1,12,3,-1,-1,-1,1,1,1
2017051700499,2,9,0,18,0,1,0,0,0,0,4,1,6,2,26,6,998,1,4,4,1,4
2017051700500,1,21,1,18,0,0,1,0,0,0,1,1,1,1,41,7,15607,2,13,1,1,1
2017051700501,1,8,0,9,0,1,0,0,0,0,4,1,1,1,28,6,1896,2,8,1,1,1
2017051700501,2,9,0,18,0,1,0,0,0,0,1,1,6,2,37,7,1329,1,8,10,1,10
2017051700502,1,9,0,6,0,1,0,0,0,0,3,1,6,1,25,5,1388,1,9,1,1,1
2017051700502,2,9,0,18,0,1,0,0,0,0,1,1,1,1,38,7,1598,2,2,3,1,3
2017051700508,1,19,0,18,0,8,0,0,0,0,1,1,6,3,-1,-1,-1,-1,-1,-1,-1,-1
2017051700508,2,1,0,18,0,8,0,0,0,0,2,1,6,1,12,3,-1,-1,-1,7,1,7
2017051700509,1,9,0,9,0,8,0,0,0,0,1,1,6,2,23,5,999,1,1,1,1,1
2017051700509,2,3,0,18,0,8,0,0,0,0,1,1,6,1,36,7,124,1,4,7,1,7
2017051700511,1,9,0,18,0,0,0,0,0,0,1,1,1,2,56,9,796,1,15,6,1,6
2017051700511,2,9,0,5,0,0,0,0,0,0,3,1,6,1,56,9,1753,2,12,1,1,1
2017051700512,1,3,0,18,0,5,0,0,3,0,1,1,6,3,-1,-1,-1,-1,-1,-1,-1,-1
2017051700514,1,9,0,18,0,0,0,0,0,0,1,1,6,1,88,11,1149,1,12,1,1,1
2017051700514,2,19,0,3,0,0,0,0,0,0,2,1,6,1,51,8,2198,2,10,1,1,1
2017051700515,1,9,0,10,0,1,0,0,0,0,2,1,2,2,25,5,1560,2,2,5,1,5
2017051700515,2,9,0,18,0,1,0,0,0,0,1,1,6,1,58,9,-1,-1,-1,1,1,1
2017051700517,1,9,0,9,0,8,0,0,0,0,1,1,6,1,25,5,1197,1,4,-1,-1,-1
2017051700517,2,9,0,18,0,8,0,0,0,0,1,1,6,1,56,9,1364,1,9,1,1,1
2017051700518,1,9,0,18,0,0,1,0,1,2,1,1,6,2,19,4,1388,1,15,5,2,5
2017051700519,1,9,0,5,0,0,0,0,0,0,1,1,6,1,59,9,-1,-1,-1,5,2,5
2017051700520,1,19,0,18,0,2,0,0,7,3,1,1,6,1,49,8,1461,2,1,2,1,2
2017051700521,1,21,0,18,0,6,0,0,0,0,1,1,1,1,39,7,4116,2,13,2,1,2
2017051700521,2,19,0,18,0,8,5,0,7,0,4,1,6,1,65,9,1298,1,14,5,1,5
2017051700523,1,1,0,18,0,1,0,0,0,0,3,1,2,2,22,5,-1,-1,-1,5,1,5
2017051700523,2,9,0,9,0,5,0,0,0,0,4,1,6,1,-1,-1,1398,1,13,-1,-1,-1
2017051700524,1,9,0,18,0,1,0,0,0,0,1,1,6,2,50,8,1229,1,4,2,1,2
2017051700524,2,1,0,9,0,1,0,0,0,0,1,1,6,1,35,6,-1,-1,-1,1,1,1
2017051700525,1,9,0,3,0,1,0,0,3,0,1,1,6,3,-1,-1,-1,-1,-1,-1,-1,-1
2017051700526,1,9,0,5,0,4,0,0,0,0,1,2,6,1,66,10,1596,1,6,9,1,9
2017051700526,2,22,0,18,0,8,5,0,0,0,3,1,6,2,82,11,-1,-1,-1,3,1,3
2017051700527,1,9,0,18,0,0,0,0,0,0,1,1,2,1,58,9,1685,2,2,1,1,1
2017051700528,1,9,0,18,0,0,0,0,0,0,4,1,6,2,43,7,1598,1,1,1,1,1
2017051700529,1,9,0,18,0,0,0,0,0,0,1,1,6,3,-1,-1,-1,-1,-1,-1,-1,-1
2017051700530,1,19,0,7,0,5,0,0,1,0,4,2,2,1,50,8,-1,-1,-1,2,1,2
2017051700530,2,1,0,18,0,1,0,0,0,0,3,1,2,1,49,8,-1,-1,-1,1,1,1
2017051700531,1,9,0,18,0,1,0,0,0,0,1,1,6,3,-1,-1,-1,-1,-1,-1,-1,-1
2017051700531,2,9,0,18,0,1,0,0,1,2,3,1,6,2,27,6,1229,1,7,1,1,1
2017051700532,1,9,0,4,0,0,0,0,0,0,2,1,1,1,63,9,1560,2,12,3,1,3
2017051700532,2,9,0,4,0,0,0,0,0,0,2,1,2,1,42,7,1995,2,1,10,1,10
2017051700532,3,9,0,4,0,0,0,0,0,0,2,1,1,2,54,8,1248,1,1,6,1,6