Accident_Index,Vehicle_Reference,Vehicle_Type,Towing_and_Articulation,Vehicle_Manoeuvre,Vehicle_Location-Restricted_Lane,Junction_Location,Skidding_and_Overturning,Hit_Object_in_Carriageway,Vehicle_Leaving_Carriageway,Hit_Object_off_Carriageway,1st_Point_of_Impact,Was_Vehicle_Left_Hand_Drive?,Journey_Purpose_of_Driver,Sex_of_Driver,Age_of_Driver,Age_Band_of_Driver,Engine_Capacity_(CC),Propulsion_Code,Age_of_Vehicle,Driver_IMD_Decile,Driver_Home_Area_Type,Vehicle_IMD_Decile
2017051700532,4,19,0,18,0,0,0,0,0,0,1,1,1,1,46,8,1461,2,6,6,1,6
2017051700532,5,9,0,18,0,0,0,0,0,0,1,1,2,2,45,7,1598,1,4,10,1,10
2017051700533,1,9,0,3,0,1,0,0,0,0,2,1,1,2,20,4,-1,-1,-1,6,1,6
2017051700533,2,10,0,18,0,1,0,0,0,0,1,2,6,1,62,9,2402,2,14,8,1,8
2017051700534,1,9,0,12,0,0,0,0,0,0,1,1,6,1,39,7,2143,2,4,9,1,9
2017051700534,2,9,0,3,0,0,0,0,0,0,1,1,6,2,47,8,1498,1,2,4,1,4
2017051700542,1,1,0,18,0,0,0,0,0,0,1,1,4,1,15,3,-1,-1,-1,1,1,1
2017051700542,2,9,0,18,0,0,0,0,0,0,1,1,2,2,46,8,2720,2,12,1,1,1
2017051700544,1,9,0,18,0,0,0,0,0,0,2,1,1,1,34,6,1399,1,9,2,1,2
2017051700544,2,21,1,18,0,0,1,0,0,0,1,1,1,1,59,9,12900,2,9,8,1,8
2017051700544,3,9,0,18,0,0,0,0,0,0,2,1,1,1,45,7,2143,2,3,-1,-1,-1
2017051700545,1,9,0,11,0,8,0,0,0,0,1,1,6,2,32,6,1595,1,1,2,1,2
2017051700545,2,9,0,18,0,8,1,0,0,0,3,1,6,2,32,6,1198,1,13,1,1,1
2017051700546,1,9,0,18,0,8,0,0,0,0,-1,-1,6,3,-1,-1,-1,-1,-1,-1,-1,-1
2017051700550,1,9,0,18,0,4,0,0,0,0,1,1,6,2,39,7,1968,2,3,2,1,2
2017051700550,2,9,0,18,0,4,0,0,7,10,2,1,2,2,41,7,1560,2,6,1,1,1
2017051700550,3,9,0,18,0,4,1,0,0,0,1,1,6,1,44,7,998,1,2,1,1,1
2017051700551,1,9,0,5,0,6,0,0,0,0,1,1,6,1,55,8,1995,2,1,6,1,6
2017051700551,2,1,0,18,0,8,0,0,0,0,1,1,6,1,39,7,-1,-1,-1,4,1,4
2017051700552,1,1,0,18,0,0,0,0,0,0,0,1,6,1,66,10,-1,-1,-1,9,1,9
2017051700553,1,9,0,17,0,0,2,0,2,6,1,1,6,2,33,6,1198,1,9,4,1,4
2017051700554,1,9,0,18,0,0,0,0,0,0,1,1,6,3,-1,-1,-1,-1,-1,-1,-1,-1
2017051700555,1,19,0,18,0,8,0,0,0,0,1,1,1,1,55,8,2198,2,1,7,1,7
2017051700556,1,11,0,4,0,0,0,0,0,0,0,1,1,1,57,9,6696,2,4,2,1,2
2017051700557,1,9,0,18,0,1,0,0,0,0,1,1,6,2,37,7,-1,-1,-1,1,1,1
2017051700557,2,1,0,18,0,1,0,0,0,0,2,1,6,1,16,4,-1,-1,-1,3,1,3
2017051700558,1,9,0,9,0,1,0,0,0,0,1,1,1,1,40,7,1798,8,1,1,1,1
2017051700558,2,9,0,18,0,1,0,0,0,0,1,1,1,1,35,6,1798,8,8,1,1,1
2017051700558,3,9,0,4,0,1,0,0,0,0,1,1,6,1,50,8,-1,-1,-1,1,1,1
2017051700558,4,9,0,4,0,1,0,0,0,0,1,1,6,2,64,9,1587,1,9,6,1,6
2017051700559,1,9,0,9,0,1,0,0,0,0,3,1,6,1,74,10,1896,2,7,6,1,6
2017051700559,2,3,0,18,0,1,0,0,0,0,1,1,6,1,30,6,124,1,2,1,1,1
2017051700560,1,9,0,4,0,0,0,0,0,0,1,1,6,1,52,8,-1,-1,-1,7,1,7
2017051700561,1,9,0,18,0,0,0,0,0,0,1,1,6,1,77,11,1398,1,6,5,1,5
2017051700562,1,9,0,5,0,6,0,0,0,0,3,1,2,2,22,5,1395,1,2,1,1,1
2017051700562,2,9,0,18,0,8,0,0,0,0,1,1,6,1,65,9,1596,1,10,2,1,2
2017051700563,1,9,0,18,0,1,0,0,0,0,1,1,6,1,36,7,2494,8,2,4,1,4
2017051700563,2,3,0,18,0,1,0,0,1,0,1,1,6,1,28,6,124,1,9,1,1,1
2017051700565,1,19,0,9,0,8,0,0,0,0,4,1,1,1,30,6,1995,2,4,1,1,1
2017051700565,2,9,0,18,0,8,0,0,1,1,1,1,6,2,27,6,1910,2,9,3,1,3
2017051700566,1,9,0,2,0,1,0,0,0,0,4,1,6,1,26,6,1360,1,9,1,1,1
2017051700566,2,8,0,18,0,1,0,0,0,0,4,1,1,1,34,6,1560,2,5,5,1,5
2017051700567,1,3,0,18,0,0,0,0,3,11,1,1,2,1,23,5,124,1,6,1,1,1
2017051700568,1,9,0,18,0,0,0,0,0,0,1,1,6,1,46,8,1339,1,9,1,1,1
2017051700570,1,9,0,3,0,6,0,0,0,0,1,1,6,2,30,6,1229,1,9,5,1,5
2017051700570,2,1,0,18,0,6,0,0,0,0,3,1,6,1,76,11,-1,-1,-1,10,1,10
2017051700572,1,19,0,5,0,0,0,0,0,0,1,1,6,3,-1,-1,-1,-1,-1,-1,-1,-1
2017051700573,1,9,0,18,0,0,0,0,0,0,3,1,2,2,38,7,1598,1,9,8,1,8
2017051700574,1,9,0,18,0,0,0,0,0,0,1,1,2,1,46,8,1364,1,6,1,1,1
2017051700575,1,3,0,4,0,0,1,0,0,0,0,1,6,1,17,4,125,1,1,1,1,1
2017051700576,1,19,0,9,0,8,0,0,0,0,3,1,1,1,22,5,1598,2,4,2,1,2
2017051700576,2,9,0,18,0,8,0,0,0,0,4,1,6,2,54,8,1229,1,12,7,1,7
2017051700576,3,9,0,7,0,8,0,0,0,0,0,1,6,3,-1,-1,-1,-1,-1,-1,-1,-1
2017051700577,1,9,0,5,0,4,0,0,0,0,1,1,6,3,-1,-1,-1,-1,-1,-1,-1,-1
2017051700578,1,9,0,16,0,0,1,0,0,0,1,1,6,2,25,5,1360,1,10,4,3,4
2017051700578,2,9,0,2,0,0,0,0,0,0,0,1,6,3,-1,-1,1360,1,10,-1,-1,-1
2017051700580,1,9,0,3,0,1,0,0,0,0,0,1,1,1,38,7,1984,2,2,-1,-1,-1
2017051700580,2,9,0,9,0,8,0,0,0,0,1,1,1,2,49,8,1198,1,1,1,1,1
2017051700580,3,19,0,18,0,8,0,0,2,1,1,1,6,1,40,7,2402,2,12,1,1,1
2017051700580,4,19,0,3,0,1,0,0,0,0,1,1,6,1,65,9,1248,2,9,6,1,6
2017051700581,1,9,0,14,0,5,0,0,0,0,1,1,1,1,31,6,1598,2,4,1,1,1
2017051700581,2,2,0,7,0,6,0,0,0,0,3,1,6,1,31,6,49,1,1,1,1,1
2017051700584,1,9,0,18,0,0,5,4,0,0,1,1,6,1,75,10,899,1,22,8,1,8
2017051700584,2,9,0,2,0,0,0,10,1,0,2,1,2,3,-1,-1,998,1,1,-1,-1,-1
2017051700585,1,9,0,17,0,6,0,0,0,0,1,1,6,2,71,10,1242,1,3,1,1,1
2017051700586,1,9,0,18,0,0,0,0,0,0,1,1,6,1,41,7,1246,1,10,5,1,5
2017051700588,1,9,0,18,0,1,0,0,0,0,1,1,6,2,20,4,999,1,3,2,1,2
2017051700588,2,9,0,3,0,1,0,0,0,0,2,1,6,1,19,4,-1,-1,-1,9,1,9
2017051700591,1,9,0,9,0,8,0,0,0,0,1,1,1,2,22,5,1686,2,12,1,1,1
2017051700591,2,1,0,18,0,8,0,0,0,0,1,1,2,1,43,7,-1,-1,-1,7,1,7
2017051700592,1,9,0,9,0,8,0,0,0,0,1,1,6,2,53,8,1386,1,9,4,1,4
2017051700592,2,9,0,18,0,1,0,0,0,0,1,1,6,2,24,5,998,1,5,4,1,4
2017051700594,1,9,0,1,0,0,0,0,0,0,2,1,6,1,41,7,1798,1,10,1,1,1
2017051700595,1,9,0,5,0,0,0,0,0,0,1,1,6,1,69,10,1198,1,1,3,1,3
2017051700595,2,9,0,2,0,0,0,0,0,0,1,1,6,1,27,6,1397,1,7,2,1,2
2017051700596,1,8,0,18,0,0,0,0,0,0,1,1,6,3,-1,-1,-1,-1,-1,-1,-1,-1
2017051700597,1,9,0,18,0,0,0,0,0,0,1,1,6,1,24,5,1242,1,11,4,1,4
2017051700597,2,19,0,1,0,0,0,0,0,0,0,1,1,1,55,8,1995,2,3,5,1,5
2017051700598,1,19,0,18,0,0,0,0,0,0,1,1,6,1,60,9,2198,2,3,3,1,3
2017051700599,1,9,0,2,0,0,0,0,0,0,4,1,6,1,49,8,1390,1,13,1,1,1
2017051700599,2,1,0,18,0,0,0,0,0,0,1,1,6,1,22,5,-1,-1,-1,3,1,3
2017051700600,1,19,0,11,0,2,0,0,0,0,4,1,1,1,58,9,1998,2,12,2,1,2
2017051700600,2,10,0,18,0,1,0,0,0,0,3,1,1,1,46,8,-1,-1,-1,1,1,1
2017051700601,1,9,0,18,0,0,0,0,0,0,0,1,1,1,-1,-1,-1,-1,-1,-1,-1,-1
2017051700601,2,11,0,18,0,0,0,0,0,0,0,1,1,3,-1,-1,-1,-1,-1,-1,-1,-1
2017051700602,1,8,0,18,0,1,0,0,0,0,1,1,1,1,66,10,2402,2,13,2,1,2
2017051700602,2,9,0,10,0,1,0,0,0,0,2,1,2,1,55,8,1497,1,14,2,1,2
2017051700603,1,9,0,5,0,4,0,0,0,0,1,1,1,1,58,9,1753,2,8,1,1,1
2017051700603,2,1,0,18,0,3,0,0,0,0,4,1,6,2,56,9,-1,-1,-1,4,1,4
2017051700604,1,1,0,18,0,0,0,0,0,0,1,1,6,2,51,8,-1,-1,-1,6,1,6
2017051700604,2,19,0,3,0,0,0,0,0,0,3,1,1,1,49,8,2198,2,2,2,1,2
2017051700605,1,9,0,1,0,0,0,0,0,0,2,1,6,3,-1,-1,-1,-1,-1,-1,-1,-1
2017051700606,1,9,0,9,0,1,0,0,0,0,3,1,6,1,91,11,1364,1,8,5,1,5
2017051700606,2,5,0,18,0,1,0,0,0,0,1,1,6,1,22,5,649,1,6,8,1,8
2017051700607,1,1,0,18,0,6,0,0,0,0,3,1,4,1,11,3,-1,-1,-1,1,1,1
2017051700607,2,9,0,9,0,5,0,0,0,0,1,1,2,2,47,8,1242,1,3,9,1,9
2017051700611,1,19,0,9,0,6,0,0,0,0,1,1,1,1,27,6,-1,-1,-1,1,1,1
2017051700611,2,9,0,14,0,1,0,0,0,0,4,1,2,2,62,9,1242,1,8,1,1,1
2017051700612,1,9,0,18,0,0,0,0,0,0,1,1,2,1,29,6,1995,2,1,1,1,1
2017051700612,2,9,0,4,0,0,0,0,0,0,2,1,6,2,39,7,1198,1,4,7,1,7
2017051700614,1,9,0,18,0,8,0,0,0,0,1,1,6,3,-1,-1,-1,-1,-1,-1,-1,-1
2017051700614,2,9,0,9,0,8,0,0,0,0,3,1,6,1,51,8,1968,2,2,6,1,6
2017051700617,1,9,4,5,0,2,0,0,0,0,1,1,1,1,52,8,-1,-1,-1,2,1,2
2017051700618,1,9,0,9,0,5,0,0,0,0,0,1,6,2,29,6,1124,1,11,5,1,5
2017051700618,2,11,0,18,0,8,0,0,0,0,0,1,6,1,-1,-1,6700,2,7,5,1,5
2017051700621,1,9,0,5,0,6,0,0,0,0,1,2,6,2,60,9,998,1,1,8,1,8
2017051700623,1,9,0,4,0,1,0,0,0,0,2,1,2,2,49,8,-1,-1,-1,6,1,6
2017051700625,1,9,0,18,0,0,0,0,7,11,3,1,6,2,70,10,1388,1,13,3,1,3
2017051700625,2,9,0,17,0,0,0,0,7,0,3,1,6,2,31,6,1386,1,9,8,1,8
2017051700626,1,19,0,18,0,1,0,0,0,0,1,1,6,1,48,8,-1,-1,-1,1,1,1
2017051700627,1,9,0,5,0,6,0,0,0,0,3,1,6,1,19,4,-1,-1,-1,7,2,7
2017051700627,2,5,0,5,0,1,0,0,0,0,1,1,6,1,27,6,689,1,1,1,1,1
2017051700628,1,4,0,18,0,1,0,0,0,0,1,1,6,1,-1,-1,-1,-1,-1,-1,-1,-1
2017051700629,1,8,0,18,0,0,0,0,0,0,1,1,1,1,-1,-1,-1,-1,-1,-1,-1,-1
2017051700629,2,9,0,2,0,0,0,0,0,0,4,1,6,2,-1,-1,-1,-1,-1,-1,-1,-1
2017051700632,1,9,0,17,0,0,2,0,1,7,1,1,6,1,27,6,1956,2,2,3,1,3
2017051700633,1,19,0,18,0,1,0,0,0,0,1,1,6,1,39,7,1753,2,13,2,1,2
2017051700633,2,9,0,18,0,1,0,0,0,0,1,1,6,1,55,8,-1,-1,-1,3,1,3
2017051700635,1,9,0,16,0,0,0,0,0,0,1,1,6,2,-1,-1,-1,-1,-1,-1,-1,-1
2017051700635,2,1,0,18,0,0,0,0,0,0,3,1,6,1,13,3,-1,-1,-1,1,1,1
2017051700637,1,9,0,9,0,1,0,0,0,0,4,1,6,2,44,7,2993,2,1,5,1,5
2017051700637,2,5,0,18,0,1,0,0,0,0,1,1,6,1,48,8,750,1,11,3,1,3
2017051700638,1,9,0,17,0,0,0,0,0,0,1,1,6,2,34,6,1796,1,8,1,1,1
2017051700641,1,9,0,18,0,0,0,0,0,0,1,1,6,3,-1,-1,-1,-1,-1,-1,-1,-1
2017051700642,1,9,0,18,0,1,1,0,0,0,1,1,6,2,35,6,1596,1,16,1,1,1
2017051700643,1,9,0,6,0,8,0,0,0,0,1,1,6,1,21,5,1149,1,14,1,1,1
2017051700644,1,9,0,9,0,6,0,0,0,0,1,1,6,2,22,5,998,1,3,5,1,5
2017051700644,2,9,0,18,0,1,0,0,0,0,1,1,6,2,63,9,1398,2,4,5,1,5
2017051700645,1,9,0,1,0,2,0,0,0,0,3,1,6,2,56,9,-1,-1,-1,4,1,4
2017051700645,2,9,0,18,0,1,0,0,0,0,1,1,6,2,29,6,1598,1,5,1,1,1
2017051700646,1,9,0,18,0,0,0,0,1,11,1,1,6,1,47,8,1598,1,12,3,1,3
2017051700647,1,3,0,18,0,0,1,0,0,0,1,1,6,1,23,5,124,1,1,1,1,1
2017051700647,2,9,0,4,0,0,0,0,0,0,2,1,6,2,18,4,1242,1,4,5,1,5
2017051700648,1,9,0,18,0,0,0,0,0,0,1,1,6,2,49,8,1499,2,2,1,1,1
2017051700650,1,8,0,9,0,1,0,0,0,0,1,1,6,3,-1,-1,-1,-1,-1,-1,-1,-1
2017051700651,1,19,0,18,0,0,0,0,0,0,4,1,1,1,38,7,2402,2,9,1,1,1
2017051700653,1,9,0,18,0,0,0,0,0,0,1,1,6,3,-1,-1,-1,-1,-1,-1,-1,-1
2017051700655,1,22,0,18,0,4,5,0,0,0,1,1,6,1,76,11,-1,-1,-1,2,1,2
2017051700655,2,9,0,18,0,4,0,0,0,0,4,1,6,1,70,10,1296,1,11,4,1,4
2017051700656,1,9,0,3,0,0,0,0,0,0,2,1,6,1,39,7,1499,2,3,3,1,3
2017051700657,1,9,0,9,0,8,0,0,0,0,1,1,6,2,72,10,1318,1,1,10,1,10
2017051700657,2,9,0,18,0,8,0,0,0,0,1,1,2,1,33,6,1596,1,3,6,1,6
2017051700659,1,9,0,18,0,0,1,0,7,4,1,1,6,1,40,7,1598,1,12,1,1,1
2017051700660,1,9,0,18,0,0,0,0,0,0,4,1,1,2,46,8,1206,1,6,4,1,4
2017051700661,1,97,0,18,0,0,1,4,0,0,1,1,6,3,-1,-1,-1,-1,-1,-1,-1,-1
2017051700661,2,9,0,2,0,0,0,0,0,0,2,1,6,3,-1,-1,1560,2,10,-1,-1,-1
2017051700662,1,9,0,2,0,2,0,0,0,0,3,1,1,3,-1,-1,1995,2,6,-1,-1,-1
2017051700662,2,1,0,18,0,2,0,4,0,0,1,1,1,1,26,6,-1,-1,-1,3,1,3
2017051700663,1,9,0,12,0,0,0,0,0,0,4,1,6,1,20,4,-1,-1,-1,4,1,4
2017051700663,2,9,0,18,0,0,0,0,0,0,1,1,6,1,56,9,1798,1,11,6,1,6
2017051700663,3,9,0,3,0,0,0,0,0,0,1,1,6,2,37,7,1995,2,5,2,1,2
2017051700664,1,4,0,13,0,1,0,0,0,0,1,1,6,1,16,4,-1,-1,-1,9,1,9
2017051700664,2,9,0,10,0,1,0,0,0,0,3,1,2,3,-1,-1,-1,-1,-1,-1,-1,-1
2017051700665,1,9,0,1,0,0,0,0,0,0,2,1,2,2,24,5,1229,1,3,5,1,5
2017051700665,2,9,0,18,0,0,0,0,0,0,1,1,2,1,20,4,1910,2,13,-1,1,-1
2017051700665,3,9,0,2,0,0,0,0,0,0,2,1,6,3,-1,-1,1206,1,8,-1,-1,-1
2017051700665,4,8,0,2,0,0,0,0,0,0,1,1,6,3,-1,-1,1560,2,5,-1,-1,-1
2017051700666,1,9,0,6,0,0,0,0,0,0,3,1,6,2,28,6,1598,1,4,2,1,2
2017051700666,2,5,0,14,0,0,0,0,0,0,4,1,2,1,61,9,1100,1,16,9,1,9
2017051700668,1,1,0,17,0,1,0,0,0,0,1,1,2,1,57,9,-1,-1,-1,1,1,1
2017051700668,2,9,0,5,0,8,0,0,0,0,3,1,2,2,36,7,1995,2,4,5,1,5
2017051700671,1,9,0,6,0,8,0,0,0,0,1,1,2,2,33,6,1390,1,4,6,1,6
2017051700671,2,9,0,15,0,6,0,0,0,0,1,1,1,1,55,8,-1,-1,-1,4,3,4
2017051700672,1,9,0,18,0,2,0,0,0,0,4,1,2,2,-1,-1,-1,-1,-1,-1,-1,-1
2017051700674,1,8,0,7,0,1,0,0,0,0,0,1,1,3,-1,-1,2664,2,13,-1,-1,-1
2017051700675,1,9,0,1,0,1,0,0,0,0,2,1,6,2,-1,-1,-1,-1,-1,-1,-1,-1
2017051700676,1,11,0,18,0,8,0,0,0,0,1,1,1,1,50,8,6696,2,3,1,1,1
2017051700677,1,19,0,18,0,0,0,0,0,0,1,1,1,1,54,8,1998,2,11,-1,-1,-1
2017051700678,1,8,0,5,0,6,0,0,0,0,1,1,6,1,34,6,1560,2,5,5,1,5
2017051700678,2,1,0,18,0,1,0,0,0,0,4,1,6,2,56,9,-1,-1,-1,6,1,6
2017051700679,1,9,0,18,0,0,0,0,0,0,1,1,6,2,35,6,1598,1,14,7,1,7
2017051700679,2,9,0,4,0,0,0,0,0,0,2,1,6,2,26,6,1560,2,7,3,1,3
2017051700680,1,9,0,6,0,0,0,0,0,0,3,1,6,2,57,9,998,1,5,7,1,7
2017051700680,2,3,0,18,0,0,0,0,0,0,1,1,6,1,32,6,124,1,7,2,1,2
2017051700683,1,90,0,10,0,1,0,0,0,0,1,1,1,1,48,8,420,1,7,-1,-1,-1
2017051700683,2,90,0,10,0,1,0,0,0,0,2,1,1,1,36,7,420,1,8,-1,-1,-1
2017051700684,1,8,0,9,0,6,0,0,0,0,1,1,1,1,49,8,1753,2,13,5,1,5
2017051700686,1,9,0,7,0,8,0,0,0,0,4,1,6,2,34,6,-1,-1,-1,2,1,2
2017051700686,2,1,0,18,0,8,0,0,0,0,3,1,6,2,60,9,-1,-1,-1,3,1,3
2017051700687,1,19,0,18,0,0,1,0,7,4,1,1,6,1,23,5,1461,2,3,1,1,1
2017051700688,1,19,0,18,0,0,0,0,0,0,2,1,6,1,28,6,2402,2,6,3,1,3
2017051700688,2,5,0,18,0,0,1,0,0,0,1,1,6,1,31,6,1000,1,1,5,1,5
2017051700689,1,9,0,18,0,8,0,0,0,0,1,1,2,1,25,5,1560,2,6,1,1,1
2017051700689,2,9,0,9,0,8,0,0,0,0,2,1,2,1,47,8,1796,1,9,2,1,2
2017051700690,1,9,0,9,0,1,0,0,0,0,3,1,2,1,29,6,1984,1,1,5,1,5
2017051700690,2,4,0,18,0,1,0,0,0,0,1,1,2,1,24,5,599,1,11,6,1,6
2017051700691,1,21,0,9,0,8,0,0,0,0,4,1,1,2,41,7,4500,2,2,1,1,1
2017051700691,2,3,0,18,0,1,0,0,0,0,1,1,2,1,25,5,124,1,9,2,1,2
2017051700693,1,9,0,5,0,0,0,0,0,0,1,1,2,2,53,8,1329,1,7,3,1,3
2017051700693,2,1,0,18,0,0,0,0,0,0,3,1,2,1,48,8,-1,-1,-1,6,1,6
2017051700695,1,9,0,9,0,2,0,0,0,0,0,1,6,1,50,8,-1,-1,-1,3,1,3
2017051700695,2,3,0,18,0,1,0,0,0,0,4,1,2,1,48,8,123,1,6,8,1,8
2017051700698,1,9,0,18,0,0,0,0,7,0,1,1,2,1,41,7,1968,2,2,9,1,9
2017051700698,2,9,0,18,0,0,0,0,0,0,3,1,6,2,43,7,1199,1,15,10,1,10
2017051700698,3,9,0,18,0,0,0,0,0,0,4,1,6,2,44,7,1598,2,2,8,3,8
2017051700699,1,8,0,3,0,0,0,0,0,0,2,1,2,1,55,8,1753,2,10,1,1,1
2017051700699,2,9,0,18,0,0,0,0,0,0,1,1,6,1,38,7,1299,1,17,1,1,1
2017051700701,1,9,0,18,0,0,0,0,0,0,1,1,1,1,31,6,998,1,4,1,1,1
2017051700702,1,9,0,5,0,4,0,0,0,0,1,1,2,2,47,8,1242,1,5,1,1,1
2017051700702,2,1,0,18,0,8,0,0,0,0,4,1,6,1,13,3,-1,-1,-1,1,1,1
2017051700703,1,9,0,7,0,2,0,0,0,0,1,1,6,1,63,9,1242,1,9,8,1,8
2017051700704,1,9,0,7,0,5,0,0,0,0,1,-1,6,3,-1,-1,-1,-1,-1,-1,-1,-1
2017051700704,2,1,0,18,0,1,0,0,0,0,3,1,2,1,33,6,-1,-1,-1,2,1,2
2017051700707,1,9,0,18,0,1,0,0,1,0,1,1,6,2,27,6,1398,1,15,2,1,2
2017051700707,2,19,0,18,0,1,0,0,0,0,1,1,1,1,29,6,1995,2,9,6,1,6
2017051700707,3,9,0,18,0,1,0,0,0,0,1,1,6,1,62,9,1968,2,10,10,1,10
2017051700708,1,9,0,14,0,0,0,0,0,0,1,1,6,1,-1,-1,-1,-1,-1,-1,-1,-1
2017051700708,2,9,0,3,0,0,0,0,0,0,3,1,6,2,32,6,1999,1,2,1,1,1
2017051700709,1,9,0,6,0,0,0,0,0,0,3,1,6,1,62,9,998,1,5,5,1,5
2017051700709,2,9,0,18,0,0,0,0,0,0,1,1,6,1,40,7,1910,2,11,1,1,1
2017051700710,1,9,0,3,0,0,0,0,0,0,2,1,6,1,24,5,2521,1,8,3,1,3
2017051700710,2,3,0,3,0,0,0,0,0,0,1,1,6,1,24,5,-1,-1,-1,1,1,1
2017051700712,1,9,0,5,0,4,0,0,0,0,3,1,6,1,25,5,1997,2,9,2,1,2
2017051700712,2,1,0,9,0,8,0,0,0,0,1,1,6,1,54,8,-1,-1,-1,8,1,8
2017051700713,1,3,0,18,0,8,0,0,0,0,3,1,6,1,34,6,124,1,3,1,1,1
2017051700713,2,9,0,18,0,8,0,0,0,0,4,1,6,1,26,6,1956,2,7,5,1,5
2017051700714,1,4,0,18,0,2,1,0,0,0,4,1,6,1,23,5,449,1,10,4,2,4
2017051700715,1,9,0,18,0,0,0,0,0,0,4,1,6,1,27,6,1598,2,6,1,1,1
2017051700716,1,9,0,5,0,4,0,0,0,0,3,1,1,2,56,9,1598,1,7,6,1,6
2017051700716,2,1,0,18,0,8,0,0,0,0,1,1,6,1,80,11,-1,-1,-1,7,1,7
2017051700717,1,11,0,18,0,1,0,0,0,0,0,1,1,1,38,7,6696,2,2,2,1,2
2017051700718,1,9,0,18,0,0,0,0,0,0,4,1,6,2,40,7,998,1,2,2,1,2
2017051700719,1,9,0,18,0,0,0,0,0,0,4,1,1,3,-1,-1,-1,-1,-1,-1,-1,-1
2017051700720,1,9,0,5,0,8,0,0,0,0,3,1,6,2,39,7,1968,2,-1,7,1,7
2017051700720,2,3,0,18,0,8,0,0,0,0,1,1,6,1,49,8,124,1,17,4,1,4
2017051700724,1,9,0,18,0,6,0,0,0,0,3,1,6,1,52,8,1995,2,7,7,1,7
2017051700724,2,4,0,18,0,8,0,0,0,0,1,1,6,1,26,6,124,1,9,1,1,1
2017051700725,1,9,0,18,0,0,0,0,0,0,1,1,6,3,-1,-1,-1,-1,-1,-1,-1,-1
2017051700725,2,9,0,3,0,0,0,0,0,0,2,1,6,2,34,6,1596,1,14,6,1,6
2017051700726,1,90,0,18,0,1,0,0,0,0,1,1,1,1,46,8,2143,2,6,1,1,1
2017051700726,2,5,0,18,0,1,0,0,0,0,1,1,6,1,45,7,599,1,15,3,1,3
2017051700728,1,5,0,18,0,1,1,0,0,0,3,1,6,1,35,6,749,1,8,1,1,1
2017051700728,2,9,0,18,0,1,1,0,0,0,3,1,6,1,51,8,2438,1,23,3,1,3
2017051700729,1,9,0,18,0,1,0,0,0,0,1,1,2,2,31,6,1242,1,5,5,1,5
2017051700730,1,11,0,5,0,0,0,0,0,0,0,1,1,1,56,9,6700,2,-1,1,1,1
2017051700732,1,9,0,9,0,8,0,0,1,0,3,1,6,3,-1,-1,-1,-1,-1,-1,-1,-1
2017051700732,2,9,0,18,0,1,0,0,0,0,1,1,6,2,29,6,1685,2,4,4,1,4
2017051700733,1,2,0,18,0,0,0,0,0,0,1,1,6,1,-1,-1,-1,-1,-1,-1,-1,-1
2017051700737,1,9,0,7,0,1,1,0,1,2,4,1,6,2,36,7,1598,2,3,4,1,4
2017051700737,2,9,0,18,0,1,0,0,1,1,1,1,6,1,75,10,1598,1,10,2,1,2
2017051700738,1,9,0,7,0,1,0,0,0,0,4,1,6,1,23,5,1395,1,1,1,1,1
2017051700738,2,9,0,5,0,1,0,0,0,0,3,1,6,2,47,8,1910,2,11,4,1,4
2017051700739,1,1,0,5,0,1,0,0,0,0,1,1,6,2,29,6,-1,-1,-1,3,1,3
2017051700739,2,9,0,7,0,1,0,0,0,0,4,2,6,1,40,7,1753,2,8,6,1,6
2017051700741,1,9,0,9,0,1,0,0,0,0,1,1,1,1,45,7,1997,2,6,1,1,1
2017051700741,2,2,0,18,0,1,0,0,0,0,1,1,6,1,34,6,124,1,9,1,1,1
2017051700742,1,9,0,18,0,0,0,0,0,0,1,1,6,3,-1,-1,-1,-1,-1,-1,-1,-1
2017051700742,2,11,0,18,0,0,0,0,0,0,2,1,1,1,25,5,4250,2,11,2,1,2
2017051700744,1,2,0,7,0,1,1,0,0,0,1,1,6,1,-1,-1,-1,-1,-1,-1,-1,-1
2017051700744,2,9,0,18,0,1,0,0,0,0,3,1,3,2,33,6,1598,1,12,3,1,3
2017051700745,1,9,0,7,0,8,0,0,0,0,1,1,3,2,29,6,999,1,1,1,1,1
2017051700745,2,1,0,4,0,1,0,0,0,0,4,1,4,1,13,3,-1,-1,-1,1,1,1
2017051700746,1,8,0,18,0,0,1,0,0,0,0,1,1,1,25,5,-1,-1,-1,-1,-1,-1
2017051700747,1,8,0,18,0,1,0,0,0,0,1,1,1,3,-1,-1,1753,2,9,-1,-1,-1
2017051700747,2,9,0,18,0,1,0,0,1,4,1,1,6,1,82,11,1796,1,17,5,1,5
2017051700748,1,8,0,9,0,8,0,0,0,0,1,1,1,1,41,7,1956,2,8,6,1,6
2017051700748,2,9,0,18,0,8,0,0,0,0,3,1,6,2,77,11,1240,1,8,7,1,7
2017051700749,1,9,0,18,0,8,0,0,0,0,1,1,1,1,57,9,1598,2,6,10,1,10
2017051700749,2,9,0,4,0,6,0,0,0,0,1,1,6,2,68,10,1386,1,10,9,2,9
2017051700749,3,9,0,8,0,8,0,0,0,0,2,1,6,2,36,7,1598,1,5,5,1,5
2017051700750,1,9,0,1,0,0,0,0,0,0,2,1,6,2,57,9,1398,1,6,9,1,9
2017051700756,1,11,0,18,0,8,0,0,0,0,1,1,1,1,53,8,6696,2,2,1,1,1
2017051700756,2,8,0,7,0,8,0,0,0,0,2,1,1,1,56,9,2402,2,14,2,1,2