Accident_Index,Vehicle_Reference,Vehicle_Type,Towing_and_Articulation,Vehicle_Manoeuvre,Vehicle_Location-Restricted_Lane,Junction_Location,Skidding_and_Overturning,Hit_Object_in_Carriageway,Vehicle_Leaving_Carriageway,Hit_Object_off_Carriageway,1st_Point_of_Impact,Was_Vehicle_Left_Hand_Drive?,Journey_Purpose_of_Driver,Sex_of_Driver,Age_of_Driver,Age_Band_of_Driver,Engine_Capacity_(CC),Propulsion_Code,Age_of_Vehicle,Driver_IMD_Decile,Driver_Home_Area_Type,Vehicle_IMD_Decile
2017051700756,3,9,0,3,0,2,0,0,0,0,2,1,6,1,40,7,-1,-1,-1,1,1,1
2017051700757,1,9,0,18,0,1,0,0,7,10,1,1,6,1,69,10,-1,-1,-1,2,1,2
2017051700758,1,9,0,18,0,4,0,0,0,0,1,1,6,2,84,11,1339,1,9,5,1,5
2017051700758,2,19,0,9,0,3,0,0,0,0,4,1,1,1,30,6,1968,2,1,5,1,5
2017051700759,1,9,0,9,0,1,0,0,0,0,1,1,6,2,-1,-1,-1,-1,-1,-1,-1,-1
2017051700759,2,1,0,18,0,1,0,0,0,0,3,1,4,1,14,3,-1,-1,-1,2,1,2
2017051700760,1,21,1,4,0,0,1,0,0,0,1,1,1,1,35,6,11705,2,12,1,1,1
2017051700760,2,9,0,3,0,0,0,0,0,0,2,1,6,1,49,8,2231,2,3,1,1,1
2017051700760,3,9,0,3,0,0,1,0,0,0,2,1,6,1,21,5,1000,1,17,1,1,1
2017051700760,4,9,0,4,0,0,0,0,0,0,2,1,6,2,53,8,-1,-1,-1,6,1,6
2017051700761,1,9,0,8,0,6,0,0,0,0,1,1,6,2,58,9,-1,-1,-1,9,2,9
2017051700761,2,1,0,18,0,1,0,0,0,0,3,1,6,1,24,5,-1,-1,-1,7,1,7
2017051700762,1,9,0,1,0,0,0,0,0,0,2,1,6,1,68,10,1596,1,12,4,1,4
2017051700763,1,9,0,18,0,0,0,0,0,0,1,1,6,3,-1,-1,-1,-1,-1,-1,-1,-1
2017051700764,1,8,0,9,0,8,0,0,0,0,1,1,1,1,47,8,1560,2,5,1,1,1
2017051700764,2,3,0,18,0,8,0,0,0,0,1,1,2,1,47,8,108,1,8,3,1,3
2017051700765,1,19,0,5,0,4,0,0,0,0,1,1,6,1,44,7,1461,2,6,1,1,1
2017051700765,2,1,0,18,0,4,0,0,0,0,1,1,2,1,45,7,-1,-1,-1,1,1,1
2017051700766,1,8,0,1,0,0,0,0,0,0,2,1,1,1,-1,-1,-1,-1,-1,-1,-1,-1
2017051700766,2,9,0,2,0,0,0,0,0,0,1,1,6,1,24,5,1984,1,2,3,1,3
2017051700767,1,11,0,5,0,0,0,0,0,0,0,1,1,1,-1,-1,-1,-1,-1,-1,-1,-1
2017051700768,1,9,0,4,0,0,0,0,0,0,1,1,2,1,20,4,1229,1,7,6,1,6
2017051700768,2,9,0,4,0,0,0,0,0,0,2,1,6,2,56,9,1461,2,2,7,1,7
2017051700768,3,9,0,4,0,0,0,0,0,0,2,1,1,1,34,6,1968,2,1,10,1,10
2017051700769,1,9,0,18,0,5,2,11,1,11,1,1,6,1,72,10,2393,1,18,7,1,7
2017051700770,1,9,0,16,0,1,1,0,2,2,1,1,6,3,-1,-1,-1,-1,-1,-1,-1,-1
2017051700770,2,9,0,16,0,1,0,0,0,0,0,1,1,1,49,8,1968,2,4,-1,-1,-1
2017051700771,1,9,0,3,0,1,0,0,0,0,1,1,1,2,18,4,998,1,2,7,1,7
2017051700771,2,1,0,18,0,1,0,0,0,0,1,1,4,1,15,3,-1,-1,-1,3,1,3
2017051700772,1,1,0,16,0,4,0,0,0,0,3,1,6,1,81,11,-1,-1,-1,5,1,5
2017051700772,2,11,0,18,0,4,0,0,0,0,1,1,1,1,49,8,6700,2,6,2,1,2
2017051700773,1,9,0,18,0,0,0,0,0,0,3,1,6,1,24,5,1242,1,12,10,3,10
2017051700773,2,9,0,18,0,0,0,0,0,0,3,1,6,1,81,11,1398,1,1,4,1,4
2017051700773,3,9,0,2,0,0,0,0,0,0,3,1,6,2,58,9,1499,2,3,6,1,6
2017051700775,1,9,0,18,0,1,0,0,0,0,1,1,6,1,80,11,1596,1,5,9,1,9
2017051700777,1,9,0,10,0,1,0,0,0,0,1,1,6,2,29,6,1560,2,4,2,1,2
2017051700777,2,1,0,18,0,1,0,0,0,0,4,1,6,1,36,7,-1,-1,-1,7,1,7
2017051700779,1,9,0,18,0,8,0,0,0,0,1,1,6,2,25,5,998,1,13,1,1,1
2017051700779,2,9,0,18,0,8,0,0,0,0,4,1,6,1,55,8,1364,1,3,1,1,1
2017051700780,1,9,0,5,0,0,0,0,0,0,1,1,6,1,29,6,1248,2,8,1,1,1
2017051700780,2,9,0,4,0,0,0,0,0,0,3,1,6,1,36,7,1896,2,17,1,1,1
2017051700781,1,9,0,18,0,0,0,0,0,0,1,1,6,1,27,6,2698,2,6,2,1,2
2017051700783,1,9,0,9,0,1,0,0,0,0,1,1,1,1,55,8,1968,2,7,1,1,1
2017051700786,1,9,0,18,0,0,0,0,0,0,1,1,6,1,75,10,1798,1,9,3,1,3
2017051700787,1,8,0,18,0,2,0,0,0,0,1,1,1,1,26,6,2499,2,8,1,1,1
2017051700788,1,9,0,18,0,0,0,0,0,0,1,1,2,2,20,4,1360,1,13,1,1,1
2017051700789,1,9,0,18,0,2,0,0,0,0,1,1,2,1,50,8,2143,2,3,3,1,3
2017051700791,1,9,0,17,0,3,2,10,6,0,1,1,6,1,19,4,1360,1,13,2,1,2
2017051700792,1,9,0,18,0,0,0,0,0,0,1,1,3,2,46,8,1248,1,5,8,1,8
2017051700795,1,9,0,18,0,0,0,0,1,2,1,1,6,1,82,11,1997,1,4,4,1,4
2017051700796,1,19,0,7,0,8,0,0,0,0,4,1,6,3,-1,-1,-1,-1,-1,-1,-1,-1
2017051700796,2,1,0,18,0,8,0,0,0,0,3,1,6,1,12,3,-1,-1,-1,4,1,4
2017051700797,1,9,0,7,0,4,0,0,0,0,1,1,6,1,-1,-1,-1,-1,-1,-1,-1,-1
2017051700797,2,9,0,7,0,3,0,0,0,0,2,1,6,2,35,6,1240,1,11,5,1,5
2017051700798,1,9,0,18,0,0,0,0,0,0,1,1,2,3,-1,-1,-1,-1,-1,-1,-1,-1
2017051700799,1,19,0,5,0,8,0,0,0,0,3,1,1,2,64,9,2143,2,4,6,1,6
2017051700799,2,1,0,18,0,1,0,0,0,0,1,1,6,2,39,7,-1,-1,-1,5,1,5
2017051700800,1,19,0,18,0,2,0,0,0,0,1,1,6,1,36,7,1248,2,9,2,1,2
2017051700801,1,9,0,18,0,8,0,0,0,0,1,1,6,2,58,9,1242,1,6,1,1,1
2017051700801,2,9,0,9,0,8,0,0,0,0,4,1,1,1,46,8,1968,2,5,1,1,1
2017051700802,1,9,0,18,0,0,0,10,1,11,1,1,6,1,28,6,1242,1,11,1,1,1
2017051700804,1,9,0,1,0,0,0,0,0,0,2,1,1,1,-1,-1,1560,2,2,7,3,7
2017051700805,1,9,0,4,0,1,0,0,0,0,2,1,6,1,25,5,1796,1,11,1,1,1
2017051700805,2,9,0,4,0,1,0,0,0,0,1,1,6,1,66,10,1997,2,7,8,1,8
2017051700808,1,9,0,1,0,0,0,0,0,0,2,1,6,3,-1,-1,-1,-1,-1,-1,-1,-1
2017051700810,1,9,0,18,0,1,0,0,0,0,1,1,6,2,25,5,1560,2,4,1,1,1
2017051700810,2,9,0,9,0,1,0,0,0,0,1,1,6,1,61,9,-1,-1,-1,8,1,8
2017051700811,1,9,0,18,0,0,5,10,1,4,4,1,6,1,20,4,1149,1,14,4,1,4
2017051700812,1,9,0,18,0,0,0,0,0,0,1,1,6,3,-1,-1,998,1,1,-1,-1,-1
2017051700813,1,9,0,18,0,0,0,0,0,0,3,1,6,2,29,6,996,1,7,6,1,6
2017051700813,2,1,0,5,0,0,0,0,0,0,1,1,6,1,14,3,-1,-1,-1,2,1,2
2017051700815,1,9,0,18,0,0,0,0,0,0,1,1,6,2,52,8,1386,1,9,7,1,7
2017051700815,2,9,0,3,0,0,0,0,1,0,2,1,6,2,41,7,1685,2,1,1,1,1
2017051700816,1,9,0,7,0,8,0,9,7,1,1,1,6,1,40,7,1242,1,9,4,1,4
2017051700816,2,9,0,9,0,8,0,0,7,1,4,1,6,2,46,8,1598,1,5,2,1,2
2017051700817,1,9,0,18,0,4,0,0,0,0,1,1,6,1,32,6,1388,1,12,1,1,1
2017051700817,2,9,0,18,0,4,0,0,0,0,2,1,6,1,51,8,1997,2,14,5,1,5
2017051700818,1,9,0,18,0,0,0,0,0,0,1,1,6,1,51,8,1596,1,13,1,1,1
2017051700819,1,9,0,18,0,1,0,0,0,0,1,1,6,1,28,6,1461,2,4,1,1,1
2017051700819,2,9,0,18,0,1,0,0,0,0,4,1,6,2,31,6,1968,2,10,9,1,9
2017051700819,3,9,0,18,0,1,0,0,0,0,3,1,6,1,65,9,1991,1,-1,8,1,8
2017051700820,1,1,0,18,0,6,0,0,0,0,4,1,6,1,71,10,-1,-1,-1,8,1,8
2017051700820,2,9,0,18,0,6,0,0,0,0,1,1,6,1,44,7,1870,2,7,2,1,2
2017051700821,1,11,0,18,0,1,0,0,0,0,0,1,1,1,35,6,6700,2,6,1,1,1
2017051700822,1,9,0,18,0,0,0,0,0,0,1,1,2,2,22,5,1397,1,8,10,1,10
2017051700822,2,9,0,4,0,0,0,0,0,0,2,1,6,2,36,7,-1,-1,-1,6,1,6
2017051700823,1,9,0,7,0,1,0,0,0,0,1,1,2,1,55,8,998,1,7,1,1,1
2017051700823,2,1,0,18,0,1,0,0,0,0,3,1,2,1,23,5,-1,-1,-1,8,1,8
2017051700825,1,9,0,13,0,8,0,0,0,0,1,1,6,2,72,10,-1,-1,-1,10,1,10
2017051700825,2,9,0,9,0,8,1,0,7,0,2,1,6,1,68,10,1587,1,10,8,1,8
2017051700826,1,9,0,18,0,0,0,0,0,0,1,1,6,3,-1,-1,1498,1,12,-1,-1,-1
2017051700826,2,9,0,18,0,0,0,0,0,0,1,1,6,1,38,7,1999,1,14,3,1,3
2017051700828,1,9,0,18,0,0,0,0,0,0,3,1,6,2,57,9,-1,-1,-1,9,1,9
2017051700829,1,9,0,18,0,0,0,0,0,0,1,1,6,3,-1,-1,-1,-1,-1,-1,-1,-1
2017051700830,1,9,0,18,0,0,0,0,0,0,1,1,6,1,57,9,999,1,2,3,1,3
2017051700830,2,9,0,18,0,0,0,0,0,0,2,1,6,1,35,6,1582,2,5,1,1,1
2017051700831,1,9,0,18,0,0,0,0,1,11,1,1,6,1,25,5,-1,-1,-1,5,1,5
2017051700832,1,9,0,18,0,0,0,7,0,0,1,1,1,1,46,8,2993,2,5,-1,-1,-1
2017051700832,2,9,0,5,0,0,0,0,0,0,3,1,6,1,37,7,1499,2,3,4,1,4
2017051700832,3,9,0,2,0,0,0,0,0,0,3,1,1,3,-1,-1,1242,1,-1,-1,-1,-1
2017051700834,1,9,0,17,0,0,0,10,2,4,1,1,6,2,27,6,1242,1,9,9,1,9
2017051700835,1,9,0,4,0,8,0,0,0,0,4,1,6,1,20,4,1364,1,3,1,1,1
2017051700835,2,9,0,18,0,1,0,0,0,0,1,1,6,1,55,8,1229,1,10,1,1,1
2017051700836,1,19,0,18,0,6,0,0,0,0,3,1,6,1,-1,-1,1995,2,1,2,1,2
2017051700836,2,1,0,18,0,1,0,0,0,0,1,1,2,1,35,6,-1,-1,-1,4,1,4
2017051700837,1,9,0,18,0,1,0,0,0,0,1,1,6,2,70,10,1246,1,10,8,1,8
2017051700837,2,9,0,18,0,1,0,0,0,0,1,1,6,2,36,7,1198,1,8,10,1,10
2017051700838,1,2,0,18,0,0,1,4,0,0,1,1,6,1,20,4,49,1,15,1,1,1
2017051700838,2,9,0,2,0,0,0,0,0,0,1,1,6,3,-1,-1,1781,1,12,-1,-1,-1
2017051700839,1,9,0,18,0,0,0,0,0,0,1,1,6,2,26,6,1598,2,2,3,1,3
2017051700839,2,9,0,18,0,0,0,0,0,0,2,1,6,1,47,8,1229,1,7,3,1,3
2017051700839,3,9,0,18,0,0,0,0,0,0,2,1,6,1,70,10,1598,1,4,6,1,6
2017051700840,1,5,0,18,0,0,0,0,0,0,1,1,6,3,-1,-1,-1,-1,-1,-1,-1,-1
2017051700841,1,9,0,18,0,0,5,0,0,0,3,1,6,1,35,6,2987,2,3,5,1,5
2017051700844,1,9,0,18,0,1,0,0,0,0,1,1,6,3,-1,-1,-1,-1,-1,-1,-1,-1
2017051700844,2,9,0,3,0,1,0,0,0,0,1,1,6,2,38,7,-1,-1,-1,2,1,2
2017051700845,1,8,0,18,0,0,0,0,0,0,1,1,1,1,57,9,2499,2,7,4,1,4
2017051700847,1,3,0,5,0,8,0,0,0,0,1,1,6,1,29,6,125,1,10,1,1,1
2017051700847,2,9,0,18,0,1,0,0,0,0,1,1,6,2,27,6,1499,2,2,1,1,1
2017051700848,1,19,0,18,0,1,0,0,0,0,1,1,2,1,49,8,1753,2,13,1,1,1
2017051700851,1,9,0,18,0,0,0,0,0,0,1,1,2,1,25,5,1399,2,7,8,1,8
2017051700852,1,9,0,18,0,0,0,0,0,0,1,1,6,2,35,6,1240,1,12,3,1,3
2017051700852,2,9,0,18,0,0,0,0,0,0,1,1,6,2,41,7,1461,2,6,2,1,2
2017051700854,1,9,0,18,0,4,0,0,0,0,3,1,6,1,30,6,1896,2,14,9,1,9
2017051700854,2,1,0,18,0,3,0,0,0,0,4,1,6,1,69,10,-1,-1,-1,6,1,6
2017051700855,1,9,0,18,0,0,0,0,0,0,1,1,6,1,26,6,-1,-1,-1,5,1,5
2017051700855,2,9,0,4,0,0,0,0,0,0,2,1,6,1,45,7,1364,1,2,1,1,1
2017051700855,3,9,0,4,0,0,0,0,0,0,2,1,6,1,26,6,1870,2,10,2,1,2
2017051700856,1,1,0,18,0,0,0,0,0,0,3,1,6,1,14,3,-1,-1,-1,7,1,7
2017051700856,2,9,0,18,0,0,0,0,0,0,1,1,6,1,20,4,1598,1,4,1,1,1
2017051700857,1,9,0,18,0,0,1,4,0,0,1,1,2,1,17,4,1242,1,7,2,1,2
2017051700857,2,9,0,2,0,0,0,0,0,0,2,1,6,3,-1,-1,1686,2,10,-1,-1,-1
2017051700858,1,9,0,18,0,1,0,0,0,0,1,1,6,1,29,6,1242,1,11,5,1,5
2017051700858,2,1,0,18,0,8,0,0,0,0,2,1,6,1,24,5,-1,-1,-1,4,1,4
2017051700859,1,9,0,16,0,0,0,0,0,0,1,1,6,3,-1,-1,-1,-1,-1,-1,-1,-1
2017051700859,2,9,0,18,0,0,0,0,0,0,1,1,6,1,24,5,1997,2,4,7,1,7
2017051700861,1,9,0,18,0,8,0,0,0,0,3,1,6,1,77,11,-1,-1,-1,7,1,7
2017051700861,2,19,0,18,0,8,0,0,0,0,1,1,1,1,56,9,4462,2,4,6,1,6
2017051700862,1,9,0,18,0,0,0,0,0,0,1,1,6,2,34,6,1598,1,6,8,1,8
2017051700863,1,9,0,4,0,0,0,0,0,0,1,1,6,1,-1,-1,-1,-1,-1,-1,-1,-1
2017051700863,2,1,0,5,0,0,0,0,0,0,1,1,6,1,15,3,-1,-1,-1,1,1,1
2017051700864,1,9,0,9,0,6,0,0,0,0,1,1,6,2,41,7,1796,7,9,1,1,1
2017051700864,2,9,0,18,0,1,0,0,0,0,3,1,6,2,87,11,1296,1,11,5,1,5
2017051700864,3,9,0,18,0,1,0,0,0,0,1,1,6,1,68,10,1598,2,1,5,1,5
2017051700865,1,9,0,5,0,2,0,0,0,0,1,1,6,1,73,10,1596,1,8,8,1,8
2017051700865,2,1,0,18,0,8,0,0,0,0,1,1,6,1,16,4,-1,-1,-1,6,1,6
2017051700867,1,9,0,1,0,0,0,0,0,0,2,1,6,2,36,7,-1,-1,-1,9,1,9
2017051700868,1,9,0,9,0,8,0,0,0,0,4,1,6,3,-1,-1,998,1,7,-1,-1,-1
2017051700868,2,9,0,18,0,8,0,0,0,0,1,1,6,2,45,7,998,1,11,2,1,2
2017051700869,1,19,0,18,0,0,0,0,0,0,3,1,1,1,47,8,2287,2,11,1,1,1
2017051700870,1,9,0,9,0,3,0,0,7,0,1,1,6,2,83,11,999,1,1,9,1,9
2017051700872,1,9,0,9,0,8,0,0,0,0,4,1,6,3,-1,-1,-1,-1,-1,-1,-1,-1
2017051700872,2,1,0,18,0,8,0,0,0,0,1,1,6,1,17,4,-1,-1,-1,5,1,5
2017051700875,1,1,0,18,0,4,0,0,0,0,1,1,6,1,49,8,-1,-1,-1,3,1,3
2017051700875,2,9,0,5,0,4,0,0,0,0,1,1,6,3,-1,-1,-1,-1,-1,-1,-1,-1
2017051700877,1,9,0,9,0,6,0,0,0,0,1,1,6,3,-1,-1,-1,-1,-1,-1,-1,-1
2017051700877,2,9,0,18,0,1,0,0,0,0,1,1,6,1,78,11,1598,1,10,3,1,3
2017051700878,1,9,0,1,0,0,0,0,0,0,2,1,6,1,-1,-1,-1,-1,-1,-1,-1,-1
2017051700880,1,9,0,18,0,0,0,0,0,0,3,1,2,2,20,4,1496,2,-1,1,1,1
2017051700881,1,11,0,5,0,3,0,0,0,0,1,1,1,1,53,8,6696,2,2,1,1,1
2017051700881,2,9,0,5,0,3,0,0,0,0,2,1,6,1,54,8,1560,2,1,2,1,2
2017051700885,1,9,0,5,0,0,0,0,0,0,1,1,6,1,-1,-1,-1,-1,-1,-1,-1,-1
2017051700885,2,9,0,5,0,0,0,0,0,0,2,1,6,1,22,5,1248,2,-1,8,1,8
2017051700888,1,9,0,18,0,0,0,0,0,0,1,1,6,1,62,9,1769,1,13,1,1,1
2017051700889,1,9,0,4,0,0,0,0,0,0,2,1,6,1,73,10,1461,2,2,1,1,1
2017051700889,2,1,0,18,0,0,0,0,0,0,1,1,6,1,17,4,-1,-1,-1,4,1,4
2017051700890,1,8,0,6,0,0,0,0,0,0,3,1,1,1,65,9,2499,2,10,7,1,7
2017051700890,2,1,0,18,0,0,0,0,0,0,1,1,6,1,33,6,-1,-1,-1,5,1,5
2017051700891,1,9,0,18,0,4,0,0,0,0,1,1,6,1,30,6,1995,2,12,6,1,6
2017051700891,2,9,0,18,0,3,0,0,0,0,4,1,6,2,30,6,1242,1,4,2,1,2
2017051700893,1,19,0,18,0,0,0,0,0,0,4,1,6,1,-1,-1,-1,-1,-1,7,1,7
2017051700893,2,1,0,18,0,0,0,0,0,0,3,1,6,2,63,9,-1,-1,-1,8,1,8
2017051700894,1,11,0,18,0,0,0,0,0,0,1,1,1,1,45,7,6696,2,4,1,1,1
2017051700895,1,9,0,4,0,0,0,0,0,0,1,1,6,1,37,7,1910,2,9,1,1,1
2017051700895,2,9,0,4,0,0,0,0,0,0,2,1,6,1,24,5,1995,2,11,10,1,10
2017051700896,1,9,0,18,0,0,0,0,0,0,4,1,6,2,41,7,2490,2,20,5,1,5
2017051700897,1,9,0,18,0,8,5,0,1,7,1,1,6,2,31,6,998,1,19,-1,3,-1
2017051700897,2,21,1,18,0,8,0,0,0,0,1,1,1,1,49,8,12809,2,2,7,2,7
2017051700898,1,9,-1,-1,0,5,-1,-1,0,0,-1,-1,6,3,-1,-1,-1,-1,-1,-1,-1,-1
2017051700899,1,3,0,18,0,0,0,0,0,0,1,1,6,1,63,9,-1,-1,-1,1,1,1
2017051700903,1,9,0,9,0,1,0,0,0,0,1,1,2,1,65,9,1598,1,7,6,1,6
2017051700903,2,9,0,18,0,1,0,0,0,0,1,1,2,2,23,5,1598,1,13,9,1,9
2017051700904,1,9,0,7,0,2,0,0,0,0,1,1,6,3,-1,-1,-1,-1,-1,-1,-1,-1
2017051700904,2,9,0,18,0,8,0,0,0,0,1,1,6,1,51,8,1896,2,13,8,1,8
2017051700905,1,9,0,7,0,8,0,0,0,0,4,1,6,2,60,9,1197,1,1,5,1,5
2017051700906,1,1,0,12,0,0,0,0,0,0,3,1,6,1,38,7,-1,-1,-1,1,1,1
2017051700906,2,9,0,18,0,0,0,0,0,0,1,1,6,1,35,6,2967,2,9,1,1,1
2017051700907,1,9,0,9,0,8,0,0,0,0,1,1,6,1,43,7,-1,-1,-1,2,1,2
2017051700907,2,9,0,18,0,8,0,0,0,0,1,1,6,1,19,4,999,1,4,3,1,3
2017051700909,1,9,0,15,0,0,0,0,0,0,1,1,6,3,-1,-1,1560,2,2,-1,-1,-1
2017051700909,2,9,0,11,0,0,0,0,0,0,4,1,6,1,26,6,1197,1,1,8,1,8
2017051700910,1,9,0,18,0,0,0,0,1,0,4,1,6,1,43,7,1994,2,8,10,2,10
2017051700911,1,8,0,18,0,8,0,0,0,0,4,1,1,1,50,8,1598,2,3,3,1,3
2017051700911,2,8,0,18,0,8,0,0,0,0,3,1,1,1,63,9,1997,2,10,3,1,3
2017051700912,1,9,0,9,0,6,0,0,0,0,3,1,6,2,28,6,998,1,5,8,1,8
2017051700912,2,5,0,18,0,8,0,0,0,0,1,1,6,1,43,7,1157,1,12,8,1,8
2017051700913,1,9,0,17,0,0,0,0,0,0,1,1,6,2,71,10,1248,1,2,5,1,5
2017051700913,2,1,0,18,0,0,0,0,0,0,3,1,6,1,12,3,-1,-1,-1,3,1,3
2017051700914,1,11,0,18,0,1,0,0,0,0,1,1,1,1,21,5,3900,2,10,2,1,2
2017051700914,2,9,0,3,0,1,0,0,0,0,2,1,6,1,39,7,1248,2,9,4,1,4
2017051700914,3,9,0,9,0,8,0,0,0,0,2,1,6,2,69,10,1246,1,9,4,1,4
2017051700915,1,9,0,9,0,1,0,0,0,0,4,1,6,1,73,10,1149,1,13,1,1,1
2017051700915,2,2,0,18,0,1,0,0,0,0,1,1,6,2,44,7,49,1,4,1,1,1
2017051700916,1,5,0,18,0,0,0,0,0,0,1,1,6,1,59,9,565,1,1,6,1,6
2017051700918,1,8,0,5,0,6,0,0,0,0,3,1,6,1,38,7,1997,2,5,6,1,6
2017051700918,2,3,0,18,0,1,0,0,0,0,4,1,6,1,30,6,124,1,1,6,1,6
2017051700919,1,9,0,5,0,0,0,0,0,0,1,1,6,1,46,8,1956,2,3,1,1,1
2017051700919,2,9,0,5,0,0,0,0,0,0,2,1,6,1,55,8,1796,1,10,1,1,1
2017051700920,1,3,0,18,0,1,0,0,0,0,1,1,1,1,16,4,124,1,1,1,1,1
2017051700920,2,9,0,18,0,1,0,0,0,0,1,1,2,1,53,8,1995,2,5,5,1,5
2017051700921,1,19,0,18,0,0,0,0,0,0,1,1,6,1,33,6,1995,2,7,1,1,1
2017051700922,1,5,0,18,0,0,1,0,0,0,1,1,6,3,-1,-1,-1,-1,-1,-1,-1,-1
2017051700922,2,9,0,18,0,0,0,0,0,0,1,1,6,2,44,7,1798,1,8,7,1,7
2017051700923,1,9,0,18,0,0,0,0,0,0,4,1,6,2,37,7,1364,1,7,2,1,2
2017051700924,1,8,0,18,0,0,0,0,0,0,4,1,1,1,30,6,1798,8,2,3,1,3
2017051700925,1,9,0,9,0,8,0,0,0,0,1,1,2,2,52,8,1499,2,1,2,1,2
2017051700925,2,9,0,18,0,8,0,0,1,1,3,1,2,2,40,7,1984,1,10,1,1,1
2017051700926,1,9,0,18,0,8,0,0,0,0,1,1,6,2,49,8,1461,2,4,1,1,1
2017051700926,2,9,0,4,0,8,0,0,0,0,2,1,6,1,46,8,999,1,1,5,1,5
2017051700926,3,9,0,4,0,8,0,0,0,0,2,1,6,1,42,7,1984,1,16,8,1,8
2017051700926,4,8,0,3,0,8,0,0,0,0,2,1,6,1,55,8,2664,2,17,1,1,1
2017051700927,1,9,0,18,0,0,0,0,7,2,1,1,6,1,37,7,-1,-1,-1,3,1,3
2017051700928,1,9,0,5,0,1,0,0,0,0,1,1,6,2,29,6,999,1,1,3,1,3
2017051700928,2,3,0,18,0,1,0,0,0,0,1,1,6,1,19,4,125,1,2,1,1,1
2017051700930,1,9,0,16,0,0,2,10,0,0,1,1,6,2,20,4,1242,1,13,1,1,1
2017051700931,1,9,0,18,0,8,0,0,0,0,3,1,6,1,42,7,1364,1,11,2,1,2
2017051700931,2,9,0,18,0,8,0,0,0,0,1,1,6,2,52,8,1086,1,14,2,1,2
2017051700933,1,9,0,18,0,8,1,0,0,0,1,1,6,2,32,6,1275,1,18,6,1,6
2017051700933,2,1,0,18,0,8,0,0,0,0,2,1,6,1,15,3,-1,-1,-1,6,1,6
2017051700936,1,9,0,9,0,8,0,0,0,0,4,1,6,2,37,7,1398,1,1,4,1,4
2017051700936,2,3,0,4,0,1,0,0,0,0,1,1,6,1,35,6,125,1,1,1,1,1
2017051700941,1,19,0,9,0,8,0,0,0,0,1,1,1,1,45,7,2198,2,3,4,1,4
2017051700941,2,9,0,18,0,8,0,0,0,0,1,1,1,1,29,6,898,1,3,6,1,6
2017051700943,1,9,0,18,0,8,5,0,1,2,1,1,6,2,92,11,1198,1,4,7,1,7
2017051700944,1,9,0,12,0,0,0,0,0,0,3,1,2,1,29,6,1995,2,4,3,1,3
2017051700944,2,5,0,12,0,0,0,0,0,0,1,1,6,1,33,6,-1,-1,-1,5,1,5
2017051700947,1,9,0,9,0,5,0,0,0,0,3,1,6,2,64,9,-1,-1,-1,1,1,1
2017051700947,2,3,0,18,0,1,0,0,0,0,1,1,6,1,-1,-1,-1,-1,-1,-1,-1,-1
2017051700950,1,9,0,3,0,1,0,0,0,0,1,1,6,3,-1,-1,-1,-1,-1,-1,-1,-1
2017051700950,2,9,0,18,0,1,0,0,0,0,2,1,6,1,36,7,-1,-1,-1,1,1,1
2017051700951,1,9,0,18,0,0,5,4,0,0,4,1,6,1,87,11,1461,2,15,8,1,8
2017051700951,2,9,0,2,0,0,0,0,0,0,3,1,6,3,-1,-1,1398,1,11,-1,-1,-1
2017051700951,3,9,0,2,0,0,0,0,0,0,2,1,6,3,-1,-1,1900,2,11,-1,-1,-1
2017051700957,1,9,0,5,0,1,0,0,0,0,3,1,6,2,49,8,2143,2,2,6,1,6
2017051700957,2,9,0,18,0,1,0,0,0,0,1,1,6,3,-1,-1,-1,-1,-1,-1,-1,-1
2017051700958,1,9,0,9,0,8,0,0,0,0,1,1,2,2,46,8,1598,1,13,5,1,5
2017051700958,2,9,0,18,0,8,0,0,0,0,1,1,6,2,29,6,1596,1,9,2,1,2
2017051700962,1,5,0,13,0,0,0,0,7,2,1,1,6,1,27,6,847,1,-1,6,1,6
2017051700962,2,9,0,17,0,0,0,0,0,0,3,1,6,1,69,10,2544,1,18,4,1,4
2017051700963,1,21,1,16,0,0,0,0,0,0,3,1,1,1,34,6,10677,2,1,1,1,1
2017051700963,2,9,0,2,0,0,0,0,0,0,4,1,6,3,-1,-1,1197,1,2,-1,-1,-1
2017051700964,1,3,0,18,0,1,0,0,0,0,1,1,6,1,22,5,125,1,-1,2,1,2
2017051700964,2,98,1,18,0,1,0,0,0,0,2,1,1,1,59,9,-1,-1,-1,7,2,7
2017051700965,1,1,0,4,0,0,0,0,0,0,2,1,6,2,11,3,-1,-1,-1,1,1,1
2017051700966,1,9,0,18,0,0,0,0,0,0,0,1,6,3,-1,-1,-1,-1,-1,-1,-1,-1
2017051700966,2,11,0,18,0,0,0,0,0,0,0,1,1,1,25,5,-1,-1,-1,1,1,1
2017051700969,1,9,0,18,0,0,0,0,0,0,1,1,6,2,60,9,1242,1,6,1,1,1
2017051700970,1,9,0,9,0,1,0,0,0,0,4,1,6,1,53,8,-1,-1,-1,1,1,1
2017051700970,2,19,0,17,0,1,0,0,0,0,1,1,6,3,-1,-1,-1,-1,-1,-1,-1,-1
2017051700970,3,9,0,8,0,1,0,0,0,0,3,1,6,1,38,7,1956,2,1,8,1,8
2017051700971,1,21,0,5,0,1,0,0,0,0,1,1,1,1,58,9,-1,-1,-1,4,1,4
2017051700971,2,9,0,8,0,1,0,0,0,0,2,1,6,2,36,7,2231,2,7,1,1,1
2017051700972,1,21,0,5,0,6,0,0,0,0,1,1,1,1,50,8,4249,2,4,2,1,2