Accident_Index,Vehicle_Reference,Vehicle_Type,Towing_and_Articulation,Vehicle_Manoeuvre,Vehicle_Location-Restricted_Lane,Junction_Location,Skidding_and_Overturning,Hit_Object_in_Carriageway,Vehicle_Leaving_Carriageway,Hit_Object_off_Carriageway,1st_Point_of_Impact,Was_Vehicle_Left_Hand_Drive?,Journey_Purpose_of_Driver,Sex_of_Driver,Age_of_Driver,Age_Band_of_Driver,Engine_Capacity_(CC),Propulsion_Code,Age_of_Vehicle,Driver_IMD_Decile,Driver_Home_Area_Type,Vehicle_IMD_Decile
2017051701185,1,9,0,18,0,0,0,0,0,0,1,1,6,2,76,11,1560,2,3,10,1,10
2017051701185,2,19,0,18,0,0,0,0,0,0,1,1,1,1,23,5,2463,2,13,4,1,4
2017051701186,1,9,0,18,0,1,0,0,0,0,1,1,6,2,87,11,1124,1,13,5,1,5
2017051701186,2,9,0,18,0,1,0,0,0,0,4,1,6,2,56,9,1598,2,1,6,1,6
2017051701187,1,9,0,9,0,6,0,0,0,0,3,1,6,1,83,11,1753,2,16,4,3,4
2017051701187,2,1,0,18,0,8,0,0,0,0,1,1,6,2,49,8,-1,-1,-1,8,1,8
2017051701189,1,9,0,5,0,6,0,0,0,0,3,1,2,1,61,9,1685,2,-1,3,1,3
2017051701191,1,9,0,18,0,1,0,0,0,0,4,1,6,3,-1,-1,-1,-1,-1,-1,-1,-1
2017051701193,1,9,0,9,0,6,0,0,0,0,1,1,6,2,39,7,1461,2,3,5,1,5
2017051701193,2,9,0,18,0,1,0,0,0,0,1,1,6,2,49,8,1598,1,8,1,1,1
2017051701193,3,9,0,4,0,1,0,0,0,0,1,1,6,1,37,7,1299,1,9,1,1,1
2017051701195,1,9,0,17,0,0,1,4,0,0,1,1,2,1,27,6,-1,-1,-1,8,3,8
2017051701196,1,8,0,18,0,0,0,0,0,0,4,1,1,1,27,6,1686,2,7,1,1,1
2017051701197,1,9,0,18,0,0,0,0,0,0,1,1,6,2,46,8,1364,1,9,8,1,8
2017051701198,1,8,0,9,0,8,0,0,8,10,1,1,1,1,70,10,1686,2,5,2,1,2
2017051701199,1,9,0,5,0,2,0,0,0,0,1,1,6,1,45,7,-1,-1,-1,4,1,4
2017051701200,1,1,0,18,0,0,0,0,1,0,1,1,6,1,13,3,-1,-1,-1,3,1,3
2017051701200,2,9,0,18,0,0,0,0,0,0,0,1,2,1,20,4,1596,1,6,5,1,5
2017051701202,1,21,1,18,0,0,1,0,0,0,1,1,1,1,41,7,15607,2,10,-1,-1,-1
2017051701203,1,11,0,18,0,0,0,0,0,0,0,1,1,1,40,7,4250,2,1,4,1,4
2017051701204,1,90,0,17,0,0,0,0,0,0,0,1,1,1,31,6,-1,-1,-1,2,1,2
2017051701204,2,9,0,17,0,0,0,10,1,2,1,1,6,1,27,6,-1,-1,-1,1,1,1
2017051701205,1,9,0,18,0,0,0,0,0,0,1,1,6,3,-1,-1,-1,-1,-1,-1,-1,-1
2017051701207,1,9,0,4,0,0,0,0,0,0,0,1,1,1,33,6,1560,2,-1,2,1,2
2017051701207,2,9,0,6,0,0,0,0,6,0,1,1,6,3,-1,-1,-1,-1,-1,-1,-1,-1
2017051701207,3,3,0,3,0,0,0,0,0,0,2,1,1,1,40,7,125,1,1,1,1,1
2017051701207,4,9,0,3,0,0,0,0,0,0,2,1,2,2,43,7,1386,1,7,2,1,2
2017051701208,1,9,0,9,0,8,0,0,0,0,1,1,2,2,46,8,998,1,1,10,1,10
2017051701208,2,9,0,9,0,8,0,0,0,0,2,1,6,2,55,8,1498,1,1,1,1,1
2017051701208,3,9,0,9,0,8,0,0,0,0,2,1,6,2,49,8,1461,2,8,8,1,8
2017051701209,1,9,0,9,0,1,0,0,0,0,1,1,2,1,46,8,1998,1,11,5,1,5
2017051701209,2,19,0,16,0,8,0,0,0,0,1,1,2,1,55,8,2198,2,2,5,1,5
2017051701211,1,9,0,9,0,8,0,0,0,0,4,1,6,1,19,4,1242,1,10,1,1,1
2017051701211,2,19,0,18,0,8,0,0,0,0,1,1,6,1,28,6,1560,2,8,1,1,1
2017051701212,1,9,0,18,0,0,0,0,0,0,1,1,6,3,-1,-1,-1,-1,-1,-1,-1,-1
2017051701213,1,19,0,18,0,0,0,0,0,0,1,1,1,1,42,7,2299,2,2,3,1,3
2017051701213,2,9,0,18,0,0,0,0,0,0,2,1,6,1,40,7,1560,2,3,2,1,2
2017051701215,1,9,0,18,0,0,0,0,0,0,1,1,6,2,72,10,-1,-1,-1,5,1,5
2017051701215,2,1,0,18,0,0,0,0,0,0,1,1,6,2,9,2,-1,-1,-1,5,1,5
2017051701217,1,9,0,18,0,2,0,0,1,10,1,1,6,3,-1,-1,-1,-1,-1,-1,-1,-1
2017051701217,2,1,0,18,0,1,0,0,0,0,4,1,6,1,17,4,-1,-1,-1,1,1,1
2017051701218,1,9,0,18,0,6,0,0,0,0,1,1,3,1,44,7,1388,1,12,9,1,9
2017051701218,2,9,0,18,0,8,0,0,0,0,3,1,6,1,53,8,1598,2,-1,10,1,10
2017051701219,1,9,0,9,0,6,0,0,0,0,3,1,6,1,21,5,-1,-1,-1,1,1,1
2017051701222,1,8,0,18,0,1,0,0,0,0,3,1,6,3,-1,-1,-1,-1,-1,-1,-1,-1
2017051701222,2,1,0,17,0,8,0,0,0,0,4,1,6,2,40,7,-1,-1,-1,5,1,5
2017051701223,1,9,0,16,0,0,0,7,0,0,1,1,6,1,29,6,1596,1,15,9,1,9
2017051701223,2,9,0,17,0,0,0,0,0,0,1,1,6,1,29,6,1997,2,2,6,1,6
2017051701224,1,9,0,5,0,4,0,0,0,0,1,1,6,1,47,8,1596,1,9,1,1,1
2017051701224,2,9,0,9,0,8,0,10,1,1,1,1,6,2,60,9,1396,1,6,1,1,1
2017051701225,1,9,0,4,0,0,0,0,0,0,1,1,6,1,82,11,2099,1,15,8,1,8
2017051701227,1,19,0,9,0,1,0,0,0,0,1,2,1,1,52,8,-1,-1,-1,-1,-1,-1
2017051701227,2,9,0,18,0,1,2,0,1,5,4,1,6,2,26,6,1149,1,6,2,1,2
2017051701231,1,9,0,18,0,1,0,0,0,0,1,1,6,3,-1,-1,-1,-1,-1,-1,-1,-1
2017051701231,2,1,0,12,0,1,0,0,0,0,2,1,6,1,53,8,-1,-1,-1,2,1,2
2017051701233,1,9,0,7,0,5,0,0,0,0,2,1,6,3,-1,-1,-1,-1,-1,-1,-1,-1
2017051701233,2,1,0,18,0,1,0,0,0,0,1,1,6,1,19,4,-1,-1,-1,9,3,9
2017051701234,1,9,0,18,0,8,0,0,0,0,1,1,6,1,54,8,2148,2,12,8,1,8
2017051701235,1,9,0,9,0,6,0,0,0,0,3,1,2,1,38,7,1995,2,3,3,1,3
2017051701235,2,9,0,18,0,8,0,0,0,0,1,1,6,1,49,8,1598,1,6,8,1,8
2017051701236,1,8,0,5,0,0,0,0,0,0,1,1,1,1,35,6,1560,2,2,5,1,5
2017051701237,1,9,0,18,0,0,0,0,0,0,3,1,6,3,-1,-1,-1,-1,-1,-1,-1,-1
2017051701239,1,9,0,7,0,8,0,0,0,0,1,1,6,3,-1,-1,-1,-1,-1,-1,-1,-1
2017051701243,1,9,0,9,0,6,0,0,0,0,0,1,6,2,38,7,1995,2,12,-1,-1,-1
2017051701243,2,3,0,18,0,8,0,0,0,0,1,1,6,1,51,8,125,1,1,1,1,1
2017051701244,1,9,0,1,0,0,0,0,0,0,2,1,6,2,32,6,998,1,1,1,1,1
2017051701244,2,9,0,2,0,0,0,0,0,0,1,1,6,3,-1,-1,1968,2,1,-1,-1,-1
2017051701245,1,9,0,18,0,0,0,0,0,0,1,1,6,2,24,5,999,1,2,1,1,1
2017051701245,2,9,0,18,0,0,0,0,0,0,2,1,6,1,34,6,1994,1,9,2,1,2
2017051701246,1,9,0,18,0,0,0,0,0,0,1,1,6,1,32,6,-1,-1,-1,1,1,1
2017051701247,1,9,0,18,0,0,1,0,0,0,1,1,6,2,50,8,1242,1,2,9,1,9
2017051701247,2,9,0,4,0,0,0,0,0,0,2,1,6,2,43,7,-1,-1,-1,2,1,2
2017051701248,1,9,0,4,0,1,0,0,0,0,0,1,6,3,-1,-1,-1,-1,-1,-1,-1,-1
2017051701248,2,11,0,5,0,1,0,0,0,0,0,1,1,1,45,7,6692,2,6,1,1,1
2017051701250,1,9,0,18,0,8,0,0,0,0,1,1,6,1,28,6,-1,-1,-1,5,1,5
2017051701250,2,9,0,4,0,8,0,0,0,0,2,1,6,2,36,7,1390,1,6,1,1,1
2017051701250,3,9,0,18,0,8,0,0,0,0,0,1,1,1,46,8,-1,-1,-1,5,1,5
2017051701251,1,9,0,4,0,8,0,0,0,0,4,1,1,1,37,7,1582,2,3,-1,-1,-1
2017051701251,2,1,0,18,0,8,0,0,0,0,1,1,6,1,20,4,-1,-1,-1,1,1,1
2017051701252,1,9,0,17,0,0,0,0,0,0,3,1,3,1,66,10,-1,-1,-1,3,1,3
2017051701253,1,2,0,18,0,0,0,0,1,11,1,1,6,3,-1,-1,-1,-1,-1,-1,-1,-1
2017051701254,1,19,0,18,0,8,0,0,0,0,4,1,1,1,35,6,2499,2,2,6,1,6
2017051701254,2,1,0,18,0,8,0,0,1,0,1,1,6,1,58,9,-1,-1,-1,1,1,1
2017051701256,1,9,0,1,0,0,0,0,0,0,2,1,6,3,-1,-1,-1,-1,-1,-1,-1,-1
2017051701257,1,9,0,9,0,8,0,0,0,0,1,1,6,2,60,9,1242,1,8,4,1,4
2017051701257,2,9,0,17,0,8,0,0,0,0,4,1,2,1,30,6,1108,1,7,2,1,2
2017051701258,1,9,0,18,0,1,0,0,7,0,1,1,6,1,25,5,-1,-1,-1,1,1,1
2017051701260,1,9,0,5,0,4,1,0,1,4,1,1,1,1,67,10,-1,-1,-1,6,1,6
2017051701261,1,9,0,2,0,0,0,0,0,0,1,1,1,1,36,7,1582,2,3,7,1,7
2017051701261,2,9,0,5,0,0,0,0,1,4,1,1,6,3,-1,-1,-1,-1,-1,-1,-1,-1
2017051701263,1,9,0,1,0,8,0,0,0,0,2,1,1,2,51,8,1339,1,7,3,1,3
2017051701264,1,19,0,18,0,0,0,0,0,0,4,1,1,1,45,7,2402,2,15,2,1,2
2017051701269,1,9,0,8,0,2,0,0,0,0,4,1,2,1,35,6,1242,1,9,5,1,5
2017051701270,1,9,0,18,0,5,0,0,0,0,1,1,6,1,93,11,1896,2,13,2,1,2
2017051701270,2,9,0,3,0,5,0,0,0,0,2,1,6,2,47,8,1598,2,6,9,1,9
2017051701270,3,9,0,3,0,5,0,0,0,0,2,1,6,2,34,6,1461,2,6,7,1,7
2017051701271,1,5,0,18,0,1,0,0,0,0,1,1,6,1,62,9,-1,-1,-1,-1,-1,-1
2017051701271,2,9,0,9,0,6,0,0,0,0,3,1,6,1,65,9,-1,-1,-1,6,1,6
2017051701272,1,9,0,18,0,0,0,0,0,0,1,1,6,2,49,8,1390,1,3,4,1,4
2017051701272,2,8,0,18,0,0,0,0,0,0,1,1,1,1,57,9,1598,2,3,2,1,2
2017051701272,3,8,0,18,0,0,0,0,0,0,2,1,1,1,45,7,1995,2,5,1,1,1
2017051701273,1,1,0,18,0,8,0,0,0,0,2,1,6,1,11,3,-1,-1,-1,3,1,3
2017051701273,2,8,0,15,0,1,0,0,0,0,1,1,2,1,24,5,2143,2,3,3,1,3
2017051701276,1,9,0,5,0,6,0,0,0,0,0,1,6,2,33,6,1596,1,12,1,1,1
2017051701276,2,1,0,18,0,1,0,0,0,0,0,1,6,2,44,7,-1,-1,-1,3,1,3
2017051701277,1,9,0,1,0,0,0,0,0,0,2,1,6,2,60,9,1461,2,1,9,1,9
2017051701277,2,9,0,18,0,0,0,0,0,0,3,1,6,2,47,8,1999,1,11,8,1,8
2017051701278,1,9,0,9,0,8,0,0,0,0,1,1,6,1,30,6,998,1,1,1,1,1
2017051701278,2,9,0,18,0,8,0,0,0,0,1,1,6,1,22,5,998,1,4,6,1,6
2017051701280,1,9,0,18,0,8,0,0,0,0,1,1,6,2,25,5,999,1,3,2,1,2
2017051701280,2,9,0,18,0,8,0,10,4,1,4,1,2,1,52,8,1956,2,4,6,1,6
2017051701280,3,9,0,18,0,8,0,0,0,0,1,1,6,2,19,4,1397,1,15,5,1,5
2017051701281,1,9,0,18,0,0,0,0,0,0,1,1,6,2,39,7,1560,2,3,5,1,5
2017051701281,2,1,0,18,0,0,0,0,0,0,1,1,6,1,12,3,-1,-1,-1,5,1,5
2017051701282,1,9,0,7,0,1,0,0,0,0,1,1,6,2,68,10,1200,1,1,1,1,1
2017051701282,2,4,0,18,0,1,0,0,0,0,4,1,6,1,34,6,675,1,2,5,1,5
2017051701283,1,1,0,18,0,8,0,0,0,0,1,1,2,1,32,6,-1,-1,-1,1,1,1
2017051701283,2,9,0,18,0,8,0,0,0,0,4,1,6,1,28,6,1984,1,6,3,1,3
2017051701285,1,8,0,18,0,0,0,0,0,0,1,1,1,1,59,9,2499,2,8,2,1,2
2017051701286,1,9,0,9,0,1,0,0,0,0,1,1,6,1,74,10,1396,1,16,8,1,8
2017051701286,2,9,0,18,0,8,2,0,0,0,4,1,2,1,69,10,-1,-1,-1,1,1,1
2017051701287,1,4,0,18,0,6,1,0,0,0,1,1,6,1,19,4,-1,-1,-1,1,1,1
2017051701287,2,9,0,18,0,8,0,0,0,0,3,1,6,1,39,7,1968,2,1,1,1,1
2017051701288,1,9,0,18,0,8,0,0,0,0,0,1,6,3,-1,-1,-1,-1,-1,-1,-1,-1
2017051701288,2,9,0,18,0,8,0,0,0,0,1,1,6,2,23,5,999,1,-1,1,1,1
2017051701288,3,9,0,18,0,8,0,0,0,0,1,1,6,1,47,8,1796,1,7,1,1,1
2017051701292,1,1,0,18,0,6,0,0,0,0,3,1,6,1,26,6,-1,-1,-1,5,1,5
2017051701292,2,9,0,10,0,6,0,0,0,0,1,1,6,3,-1,-1,2494,8,-1,-1,-1,-1
2017051701293,1,9,0,9,0,6,0,0,0,0,3,1,6,1,21,5,1248,2,8,2,1,2
2017051701295,1,9,0,7,0,8,0,0,0,0,1,1,6,3,-1,-1,-1,-1,-1,-1,-1,-1
2017051701299,1,9,0,18,0,8,5,0,0,0,4,1,6,1,33,6,1796,1,7,5,1,5
2017051701299,2,9,0,18,0,8,0,0,0,0,1,1,6,1,30,6,-1,-1,-1,10,2,10
2017051701300,1,1,0,18,0,0,0,0,0,0,1,1,6,1,40,7,-1,-1,-1,1,1,1
2017051701300,2,21,1,18,0,0,0,0,0,0,3,1,1,1,29,6,12809,2,2,1,1,1
2017051701302,1,9,0,1,0,0,0,0,0,0,2,1,6,2,-1,-1,-1,-1,-1,-1,-1,-1
2017051701304,1,9,0,18,0,0,0,0,0,0,4,1,2,1,57,9,-1,-1,-1,1,1,1
2017051701304,2,1,0,18,0,0,0,0,0,0,2,1,2,1,41,7,-1,-1,-1,1,1,1
2017051701305,1,9,0,5,0,6,0,0,0,0,0,1,6,1,64,9,2231,2,4,3,1,3
2017051701305,2,3,0,18,0,8,0,0,0,0,0,1,6,1,23,5,125,1,1,1,1,1
2017051701306,1,9,0,18,0,0,0,0,0,0,1,1,6,1,15,3,-1,-1,-1,1,1,1
2017051701306,2,8,0,18,0,0,0,0,0,0,2,1,1,1,45,7,2402,2,14,1,1,1
2017051701306,3,8,0,18,0,0,0,0,0,0,2,1,1,1,54,8,-1,-1,-1,1,1,1
2017051701307,1,9,0,4,0,0,0,0,0,0,4,1,1,2,48,8,1198,1,5,1,1,1
2017051701308,1,9,0,17,0,0,0,0,0,0,1,1,6,1,34,6,-1,-1,-1,3,1,3
2017051701308,2,9,0,2,0,0,0,0,0,0,1,2,6,3,-1,-1,-1,-1,-1,-1,-1,-1
2017051701308,3,9,0,2,0,0,0,0,0,0,2,1,6,3,-1,-1,1197,1,1,-1,-1,-1
2017051701308,4,9,0,2,0,0,0,0,0,0,2,1,6,3,-1,-1,1398,2,8,-1,-1,-1
2017051701308,5,9,0,2,0,0,0,0,0,0,1,1,6,3,-1,-1,-1,-1,-1,-1,-1,-1
2017051701309,1,9,0,18,0,0,0,0,0,0,1,1,2,1,62,9,-1,-1,-1,9,1,9
2017051701309,2,9,0,18,0,0,0,0,0,0,0,1,2,3,-1,-1,2143,2,2,-1,-1,-1
2017051701309,3,9,0,18,0,0,0,0,0,0,0,1,6,3,-1,-1,1997,2,3,-1,-1,-1
2017051701310,1,9,0,18,0,8,0,0,0,0,1,1,6,2,51,8,2149,2,10,7,1,7
2017051701311,1,9,0,14,0,0,0,0,0,0,1,1,2,2,19,4,999,1,-1,1,1,1
2017051701315,1,9,0,18,0,8,0,0,0,0,1,1,6,3,-1,-1,1398,1,5,-1,-1,-1
2017051701315,2,9,0,18,0,8,0,0,0,0,4,1,2,2,75,10,796,1,8,2,1,2
2017051701316,1,4,0,18,0,0,0,0,1,11,1,1,2,1,22,5,124,1,9,1,1,1
2017051701317,1,9,0,9,0,8,0,0,0,0,4,1,6,2,57,9,1560,2,8,1,1,1
2017051701317,2,1,0,18,0,8,0,0,0,0,1,1,6,1,32,6,-1,-1,-1,1,1,1
2017051701318,1,9,0,6,0,8,0,0,0,0,1,1,6,1,54,8,1399,1,-1,3,1,3
2017051701318,2,9,0,18,0,8,5,0,0,0,4,1,6,1,47,8,1598,2,1,1,1,1
2017051701319,1,5,0,11,0,0,0,0,0,0,2,1,6,1,51,8,1215,1,5,10,1,10
2017051701319,2,9,0,18,0,0,0,0,0,0,1,1,6,1,34,6,2435,1,11,7,1,7
2017051701320,1,9,0,18,0,8,0,0,0,0,3,1,6,2,42,7,1685,2,1,2,1,2
2017051701320,2,9,0,9,0,8,0,0,0,0,1,1,6,2,35,6,1596,1,13,1,1,1
2017051701321,1,9,0,9,0,1,0,0,0,0,3,1,6,2,-1,-1,-1,-1,-1,-1,-1,-1
2017051701321,2,3,0,14,0,1,1,0,0,0,4,1,2,1,17,4,124,1,8,3,1,3
2017051701322,1,9,0,18,0,1,0,0,0,0,1,1,1,1,29,6,1598,2,2,1,1,1
2017051701322,2,1,0,7,0,6,0,0,0,0,1,1,6,3,-1,-1,-1,-1,-1,-1,-1,-1
2017051701323,1,1,0,18,0,8,1,0,0,0,1,1,6,1,42,7,-1,-1,-1,1,1,1
2017051701323,2,9,0,18,0,8,0,0,0,0,4,1,1,2,42,7,1582,2,4,-1,-1,-1
2017051701326,1,9,0,9,0,6,0,0,0,0,1,1,6,2,22,5,-1,-1,-1,6,1,6
2017051701326,2,3,0,18,0,1,0,0,7,4,1,1,2,1,29,6,125,1,7,2,1,2
2017051701327,1,9,0,18,0,0,0,0,1,2,1,1,6,2,25,5,898,1,2,1,1,1
2017051701328,1,8,0,18,0,1,0,0,0,0,1,1,6,3,-1,-1,-1,-1,-1,-1,-1,-1
2017051701328,2,2,0,9,0,1,0,0,0,0,1,1,6,1,16,4,50,1,2,3,1,3
2017051701329,1,8,0,5,0,4,0,0,0,0,1,1,1,1,74,10,-1,-1,-1,1,1,1
2017051701329,2,1,0,5,0,4,0,0,0,0,2,1,6,1,78,11,-1,-1,-1,6,1,6
2017051701332,1,19,0,14,0,1,0,0,0,0,1,1,6,1,30,6,-1,-1,-1,1,1,1
2017051701332,2,9,0,8,0,1,0,0,0,0,2,1,6,2,23,5,1398,2,9,9,1,9
2017051701333,1,9,0,18,0,6,1,0,1,11,1,1,6,2,26,6,1388,1,13,1,1,1
2017051701333,2,8,0,18,0,8,0,0,0,0,3,1,1,1,63,9,1753,2,8,4,1,4
2017051701334,1,9,0,1,0,0,0,0,7,11,1,1,1,1,39,7,-1,-1,-1,-1,-1,-1
2017051701334,2,9,0,1,0,0,0,0,0,0,2,1,6,3,-1,-1,-1,-1,-1,-1,-1,-1
2017051701335,1,19,0,1,0,0,0,0,0,0,2,1,6,1,-1,-1,-1,-1,-1,-1,-1,-1
2017051701336,1,9,0,5,0,4,0,0,0,0,3,1,6,1,53,8,1197,1,3,3,1,3
2017051701336,2,9,0,18,0,3,0,0,0,0,1,1,1,2,29,6,1968,2,12,1,1,1
2017051701337,1,19,0,5,0,8,0,0,1,7,4,1,1,1,65,9,1461,2,2,5,1,5
2017051701337,2,9,0,18,0,1,0,0,1,7,1,1,6,2,26,6,1388,1,14,1,1,1
2017051701343,1,9,0,10,0,1,0,0,0,0,1,1,6,1,54,8,2198,2,9,1,1,1
2017051701343,2,9,0,10,0,1,0,0,0,0,2,1,6,2,34,6,1560,2,1,7,1,7
2017051701344,1,9,0,18,0,0,0,0,5,6,3,1,6,1,63,9,1396,1,16,3,1,3
2017051701344,2,9,0,18,0,0,0,0,1,4,1,1,6,1,45,7,1248,2,10,1,1,1
2017051701347,1,9,0,18,0,0,1,0,0,0,1,1,6,2,43,7,1086,1,9,2,1,2
2017051701347,2,9,0,18,0,0,0,0,1,11,3,1,6,1,72,10,1596,1,3,1,1,1
2017051701347,3,9,0,18,0,0,0,0,0,0,4,1,6,2,42,7,999,1,-1,1,1,1
2017051701348,1,9,0,18,0,0,0,0,0,0,1,1,2,2,50,8,1360,1,14,3,1,3
2017051701349,1,9,0,7,0,2,0,0,0,0,3,1,2,1,55,8,1242,1,10,1,1,1
2017051701350,1,11,0,18,0,8,0,0,0,0,1,1,1,1,63,9,6692,2,6,3,1,3
2017051701351,1,21,0,11,0,0,0,0,0,0,4,1,1,1,24,5,12900,2,9,2,1,2
2017051701351,2,9,0,18,0,0,0,0,0,0,3,1,2,1,58,9,1229,1,5,4,1,4
2017051701352,1,9,0,9,0,5,0,0,0,0,4,1,6,1,58,9,1390,1,15,1,1,1
2017051701352,2,1,0,18,0,8,0,0,0,0,1,1,6,1,51,8,-1,-1,-1,8,1,8
2017051701352,3,1,0,18,0,1,0,0,0,0,1,1,6,1,51,8,-1,-1,-1,7,2,7
2017051701353,1,5,0,16,0,0,0,0,0,0,1,1,6,1,37,7,998,1,-1,1,1,1
2017051701353,2,9,0,17,0,0,0,0,0,0,0,1,6,2,56,9,2191,2,-1,2,1,2
2017051701353,3,8,0,17,0,0,0,0,0,0,3,1,6,1,42,7,1560,2,6,6,1,6
2017051701354,1,9,0,9,0,1,0,0,0,0,3,2,1,1,37,7,998,1,3,1,1,1
2017051701354,2,19,0,7,0,2,0,0,0,0,1,2,6,1,53,8,2187,2,14,1,1,1
2017051701355,1,9,0,4,0,0,0,0,0,0,1,1,2,1,31,6,1388,1,14,4,1,4
2017051701355,2,9,0,4,0,0,0,0,0,0,2,1,3,2,43,7,2494,8,2,4,1,4
2017051701355,3,9,0,4,0,0,0,0,0,0,2,1,6,2,64,9,1598,2,6,8,1,8
2017051701355,4,9,0,4,0,0,0,0,0,0,2,1,3,2,36,7,2993,2,-1,10,3,10
2017051701357,1,9,0,11,0,0,0,0,0,0,4,1,6,1,28,6,1896,2,15,-1,1,-1
2017051701357,2,3,0,18,0,0,0,0,1,0,3,1,2,1,34,6,125,1,12,1,1,1
2017051701359,1,1,0,18,0,0,1,0,0,0,0,1,3,1,12,3,-1,-1,-1,2,1,2
2017051701360,1,9,0,18,0,0,0,0,7,0,3,1,6,3,-1,-1,-1,-1,-1,-1,-1,-1
2017051701361,1,9,0,18,0,0,0,0,0,0,1,1,6,1,40,7,2143,2,3,7,1,7
2017051701362,1,9,0,18,0,8,0,0,0,0,1,1,6,1,29,6,1984,1,3,1,1,1
2017051701362,2,9,0,18,0,8,5,0,0,0,4,1,6,1,52,8,1390,1,12,3,1,3
2017051701364,1,9,0,18,0,0,0,0,0,0,1,1,6,1,59,9,1560,2,2,1,1,1
2017051701365,1,9,0,8,0,1,0,0,0,0,0,1,1,1,34,6,2993,2,6,2,1,2
2017051701365,2,9,0,7,0,1,1,0,1,11,1,1,6,3,-1,-1,-1,-1,-1,-1,-1,-1
2017051701365,3,9,0,10,0,1,0,0,1,11,3,1,6,1,65,9,1956,2,4,9,1,9
2017051701365,4,9,0,3,0,1,0,0,0,0,3,1,2,2,26,6,1461,2,6,5,1,5
2017051701365,5,9,0,3,0,1,0,0,0,0,3,1,2,2,26,6,1000,1,1,10,1,10
2017051701366,1,9,0,18,0,6,0,0,0,0,1,1,6,2,28,6,1997,2,2,1,1,1
2017051701366,2,9,0,18,0,8,0,0,0,0,1,1,6,1,39,7,1995,2,2,2,1,2
2017051701368,1,9,0,17,0,0,0,10,1,11,1,1,1,1,34,6,2993,2,6,2,1,2
2017051701370,1,9,0,18,0,8,0,0,0,0,1,1,1,1,28,6,1560,2,-1,-1,-1,-1
2017051701370,2,9,0,18,0,8,0,0,0,0,1,1,6,1,58,9,1596,1,3,4,1,4
2017051701375,1,5,0,13,0,8,0,0,0,0,1,1,6,1,76,11,1284,1,8,8,1,8
2017051701375,2,9,0,9,0,8,0,0,0,0,3,1,6,2,50,8,1086,1,9,4,1,4
2017051701376,1,9,0,18,0,0,0,0,0,0,1,1,3,2,20,4,998,1,4,1,1,1
2017051701378,1,9,0,18,0,0,0,0,0,0,1,1,6,3,-1,-1,-1,-1,-1,-1,-1,-1
2017051701378,2,9,0,18,0,0,0,0,0,0,2,1,6,1,54,8,1995,2,3,7,1,7
2017051701380,1,9,0,5,0,4,0,0,0,0,3,1,6,1,74,10,1318,1,1,5,1,5
2017051701380,2,3,0,18,0,8,0,0,0,0,4,1,6,1,80,11,125,1,3,6,1,6
2017051701381,1,9,0,18,0,4,0,0,0,0,1,1,6,3,-1,-1,-1,-1,-1,-1,-1,-1
2017051701381,2,9,0,18,0,4,0,0,0,0,3,1,6,2,49,8,-1,-1,-1,7,1,7
2017051701382,1,9,0,18,0,0,0,0,0,0,1,1,6,1,51,8,-1,-1,-1,6,1,6
2017051701382,2,1,0,18,0,0,0,0,0,0,3,1,2,1,48,8,-1,-1,-1,8,1,8
2017051701383,1,21,1,18,0,0,0,0,0,0,1,1,1,3,-1,-1,-1,-1,-1,-1,-1,-1
2017051701383,2,9,0,18,0,0,1,0,5,6,4,1,1,1,70,10,1995,2,2,1,1,1
2017051701384,1,9,0,18,0,1,0,0,0,0,4,1,6,2,49,8,2993,2,8,10,1,10
2017051701385,1,3,0,13,0,0,1,0,0,0,1,1,6,1,44,7,124,1,4,-1,-1,-1
2017051701385,2,9,0,6,0,0,0,0,0,0,3,1,1,1,30,6,1461,2,-1,7,1,7
2017051701387,1,9,0,18,0,0,2,0,1,4,1,1,6,1,20,4,1149,1,13,5,1,5
2017051701388,1,9,0,18,0,0,5,0,8,4,1,1,6,1,28,6,-1,-1,-1,1,1,1
2017051701390,1,9,0,13,0,8,1,0,0,0,4,1,6,3,-1,-1,-1,-1,-1,-1,-1,-1
2017051701390,2,9,0,18,0,1,0,0,0,0,3,1,6,1,26,6,898,1,2,6,1,6
2017051701390,3,8,0,18,0,8,0,0,0,0,3,1,1,1,58,9,2499,2,10,6,1,6
2017051701393,1,9,0,18,0,0,0,0,0,0,4,1,6,2,-1,-1,-1,-1,-1,-1,-1,-1
2017051701394,1,9,0,18,0,0,0,0,1,0,4,1,6,3,-1,-1,-1,-1,-1,-1,-1,-1
2017051701394,2,1,0,18,0,0,0,0,0,0,2,1,6,1,37,7,-1,-1,-1,9,1,9
2017051701395,1,9,0,18,0,8,0,0,0,0,0,1,2,1,61,9,1769,1,14,5,1,5
2017051701397,1,9,0,18,0,0,0,0,0,0,4,1,6,2,18,4,1560,2,7,10,1,10
2017051701398,1,9,0,18,0,0,0,0,0,0,4,1,3,2,26,6,1242,1,8,5,1,5
2017051701399,1,9,0,18,0,0,0,0,0,0,1,1,6,1,18,4,1399,2,6,7,1,7
2017051701399,2,9,0,2,0,0,1,0,0,0,2,1,6,3,-1,-1,1686,2,7,-1,-1,-1
2017051701401,1,9,0,18,0,1,0,0,0,0,1,1,6,2,25,5,1242,1,6,1,1,1
2017051701401,2,19,0,4,0,1,0,0,0,0,2,1,1,2,30,6,1753,2,7,-1,-1,-1
2017051701402,1,1,0,18,0,0,0,0,0,0,3,1,2,1,34,6,-1,-1,-1,1,1,1