Accident_Index,Vehicle_Reference,Vehicle_Type,Towing_and_Articulation,Vehicle_Manoeuvre,Vehicle_Location-Restricted_Lane,Junction_Location,Skidding_and_Overturning,Hit_Object_in_Carriageway,Vehicle_Leaving_Carriageway,Hit_Object_off_Carriageway,1st_Point_of_Impact,Was_Vehicle_Left_Hand_Drive?,Journey_Purpose_of_Driver,Sex_of_Driver,Age_of_Driver,Age_Band_of_Driver,Engine_Capacity_(CC),Propulsion_Code,Age_of_Vehicle,Driver_IMD_Decile,Driver_Home_Area_Type,Vehicle_IMD_Decile
2017051701625,1,1,0,7,0,3,1,0,0,0,0,1,6,1,68,10,-1,-1,-1,7,1,7
2017051701626,1,9,0,18,0,0,0,0,0,0,1,1,2,1,60,9,1997,2,15,8,1,8
2017051701634,1,5,0,7,0,1,1,0,0,0,2,1,6,1,25,5,998,1,14,7,1,7
2017051701635,1,9,0,18,0,0,0,0,0,0,1,1,6,1,84,11,1388,1,8,3,1,3
2017051701636,1,19,0,18,0,0,0,0,0,0,3,1,1,1,61,9,1461,2,2,1,1,1
2017051701637,1,9,0,18,0,4,0,0,0,0,1,1,1,1,46,8,1560,2,9,7,1,7
2017051701638,1,9,0,18,0,0,0,0,0,0,1,1,2,2,34,6,1399,2,5,1,1,1
2017051701638,2,9,0,3,0,0,0,0,0,0,2,1,6,2,29,6,998,1,10,1,1,1
2017051701638,3,19,0,3,0,0,0,0,0,0,2,1,1,1,76,11,2461,2,11,6,3,6
2017051701639,1,9,0,1,0,0,0,0,0,0,2,1,6,3,-1,-1,-1,-1,-1,-1,-1,-1
2017051701639,2,1,0,2,0,0,0,0,0,0,1,1,6,1,14,3,-1,-1,-1,1,1,1
2017051701640,1,9,0,9,0,5,0,0,0,0,1,1,6,2,44,7,998,1,10,1,1,1
2017051701640,2,9,0,18,0,8,0,0,0,0,1,1,6,2,29,6,1388,1,14,1,1,1
2017051701641,1,8,0,3,0,8,0,0,0,0,1,1,1,1,25,5,1753,2,8,1,1,1
2017051701641,2,9,0,18,0,8,0,0,0,0,1,1,6,2,43,7,1997,2,7,1,1,1
2017051701645,1,9,0,8,0,6,0,0,0,0,1,1,6,1,39,7,1896,2,12,1,1,1
2017051701645,2,9,0,18,0,1,0,0,0,0,1,1,6,3,-1,-1,-1,-1,-1,-1,-1,-1
2017051701645,3,9,0,18,0,1,0,0,0,0,0,1,6,3,-1,-1,-1,-1,-1,-1,-1,-1
2017051701646,1,9,0,18,0,1,0,0,0,0,0,1,1,1,38,7,2993,2,4,2,1,2
2017051701646,2,9,0,18,0,1,1,0,0,0,1,1,6,3,-1,-1,-1,-1,-1,-1,-1,-1
2017051701646,3,9,0,18,0,1,0,0,0,0,1,1,6,1,48,8,1200,1,1,4,1,4
2017051701648,1,9,0,7,0,2,0,0,0,0,4,1,6,1,25,5,1997,2,5,2,1,2
2017051701648,2,9,0,2,0,2,0,0,0,0,3,1,6,1,31,6,1582,2,7,1,1,1
2017051701649,1,9,0,18,0,0,0,0,0,0,1,-1,2,2,29,6,1499,1,-1,3,1,3
2017051701649,2,1,0,5,0,0,0,0,0,0,2,1,2,1,38,7,-1,-1,-1,2,1,2
2017051701653,1,97,0,18,0,1,0,0,1,11,1,1,6,1,22,5,-1,-1,-1,2,1,2
2017051701654,1,9,0,9,0,8,0,0,0,0,4,1,6,1,19,4,1497,8,6,9,2,9
2017051701654,2,9,0,18,0,1,0,0,1,0,1,1,6,2,37,7,1388,1,14,6,1,6
2017051701655,1,19,0,9,0,6,0,0,0,0,3,1,1,1,63,9,2198,2,2,1,1,1
2017051701655,2,9,0,18,0,8,0,0,0,0,1,1,6,1,27,6,1968,2,7,6,1,6
2017051701655,3,11,0,4,0,1,0,0,0,0,3,1,1,1,58,9,6700,2,8,1,1,1
2017051701657,1,9,0,18,0,0,0,0,0,0,4,1,2,1,57,9,1597,1,20,2,1,2
2017051701658,1,5,0,9,0,6,0,0,0,0,3,1,6,3,-1,-1,-1,-1,-1,-1,-1,-1
2017051701658,2,9,0,18,0,8,0,0,0,0,1,1,6,1,32,6,1560,2,8,1,1,1
2017051701659,1,19,0,5,0,4,0,0,0,0,1,1,1,1,36,7,2143,2,1,4,1,4
2017051701659,2,1,0,18,0,8,0,0,0,0,4,1,2,1,54,8,-1,-1,-1,2,1,2
2017051701663,1,9,0,9,0,2,0,0,0,0,1,1,6,2,39,7,1461,2,10,7,1,7
2017051701664,1,9,0,9,0,1,0,0,0,0,3,1,6,1,39,7,1968,2,2,1,1,1
2017051701665,1,9,0,18,0,0,0,0,0,0,1,1,6,1,86,11,1299,1,12,2,1,2
2017051701665,2,1,0,18,0,0,0,0,0,0,1,1,2,1,28,6,-1,-1,-1,7,1,7
2017051701666,1,9,0,9,0,1,0,0,0,0,1,1,6,3,-1,-1,-1,-1,-1,-1,-1,-1
2017051701666,2,3,0,7,0,1,1,0,0,0,1,1,2,1,20,4,-1,-1,-1,3,1,3
2017051701667,1,9,0,18,0,2,0,0,0,0,1,1,6,1,29,6,2995,1,-1,6,1,6
2017051701668,1,9,0,9,0,6,0,0,0,0,3,1,6,1,22,5,1399,1,1,-1,-1,-1
2017051701668,2,19,0,18,0,8,0,0,7,0,1,1,6,1,54,8,1995,2,4,8,1,8
2017051701670,1,5,0,13,0,8,0,4,0,0,4,1,6,1,31,6,-1,-1,-1,3,1,3
2017051701670,2,9,0,9,0,5,0,0,0,0,3,1,2,1,29,6,1968,2,4,3,1,3
2017051701670,3,9,0,2,0,1,0,0,0,0,1,1,6,3,-1,-1,1229,1,7,-1,-1,-1
2017051701671,1,5,0,18,0,0,1,0,0,0,0,1,6,1,57,9,-1,-1,-1,1,1,1
2017051701672,1,9,0,18,0,6,0,0,0,0,1,1,6,2,75,10,1364,1,11,6,1,6
2017051701672,2,9,0,18,0,1,0,0,1,11,3,1,2,2,67,10,-1,-1,-1,8,1,8
2017051701673,1,9,0,9,0,2,0,0,0,0,3,1,6,2,82,11,1598,1,13,5,1,5
2017051701673,2,4,0,16,0,1,1,0,0,0,1,1,1,1,51,8,200,1,42,9,1,9
2017051701674,1,9,0,9,0,6,0,0,0,0,1,1,6,2,81,11,1388,1,7,9,1,9
2017051701674,2,9,0,18,0,8,0,0,0,0,4,1,1,1,32,6,-1,-1,-1,7,1,7
2017051701675,1,3,0,4,0,1,0,0,0,0,4,1,2,2,20,4,124,1,3,1,1,1
2017051701677,1,9,0,18,0,1,0,0,0,0,1,1,1,1,28,6,999,1,1,1,1,1
2017051701677,2,9,0,3,0,1,0,0,0,0,2,1,6,1,75,10,998,1,1,1,1,1
2017051701677,3,9,0,3,0,1,0,0,0,0,2,1,6,2,37,7,1339,1,11,1,1,1
2017051701677,4,9,0,3,0,1,0,0,0,0,2,1,6,1,50,8,1242,1,1,1,1,1
2017051701677,5,9,0,3,0,1,0,0,0,0,2,1,6,1,66,10,1896,2,12,1,1,1
2017051701678,1,9,0,7,0,6,0,0,0,0,1,1,1,1,25,5,1300,2,9,1,1,1
2017051701678,2,9,0,18,0,1,0,0,0,0,1,1,6,1,35,6,1896,2,13,1,1,1
2017051701679,1,9,0,9,0,6,0,0,0,0,1,1,6,1,28,6,1598,2,-1,1,1,1
2017051701679,2,9,0,18,0,1,0,0,0,0,4,1,6,1,72,10,1598,2,1,1,1,1
2017051701680,1,9,0,6,0,0,0,0,0,0,3,1,6,2,70,10,1328,1,14,1,1,1
2017051701680,2,9,0,18,0,0,0,0,0,0,1,1,6,1,27,6,2401,2,15,3,1,3
2017051701680,3,9,0,2,0,0,0,0,0,0,1,1,6,3,-1,-1,1995,2,3,-1,-1,-1
2017051701681,1,9,0,5,0,1,0,0,0,0,1,1,6,2,81,11,1242,1,15,5,1,5
2017051701681,2,3,0,18,0,1,0,0,0,0,1,1,6,1,28,6,124,1,14,1,1,1
2017051701682,1,9,0,4,0,0,1,0,0,0,1,1,6,2,49,8,1997,2,11,6,1,6
2017051701682,2,9,0,4,0,0,0,0,0,0,2,1,6,1,75,10,1388,1,9,1,1,1
2017051701683,1,5,0,18,0,0,0,0,7,0,1,1,6,1,24,5,510,1,5,-1,-1,-1
2017051701683,2,9,0,18,0,0,0,0,0,0,1,1,6,2,67,10,1229,1,3,3,1,3
2017051701684,1,1,0,18,0,0,0,0,0,0,1,1,6,1,9,2,-1,-1,-1,7,1,7
2017051701684,2,8,0,18,0,0,0,0,0,0,3,1,1,1,62,9,1997,2,6,2,1,2
2017051701685,1,9,0,18,0,8,0,0,0,0,4,1,6,1,49,8,1910,2,11,1,1,1
2017051701685,2,9,0,18,0,1,0,0,0,0,1,1,6,1,53,8,1984,2,4,1,1,1
2017051701686,1,9,0,13,0,0,0,0,0,0,1,1,6,3,-1,-1,-1,-1,-1,-1,-1,-1
2017051701686,2,11,0,18,0,0,0,0,0,0,3,1,1,1,28,6,6696,2,3,1,1,1
2017051701686,3,9,0,16,0,0,0,0,0,0,1,1,6,1,43,7,1598,1,10,2,1,2
2017051701687,1,9,0,9,0,6,0,0,0,0,3,1,6,1,68,10,1598,1,8,2,1,2
2017051701687,2,11,0,18,0,1,0,0,0,0,1,1,1,1,38,7,6700,2,6,1,1,1
2017051701688,1,9,0,13,0,0,5,0,0,0,1,1,2,1,33,6,1560,2,7,1,1,1
2017051701688,2,9,0,17,0,0,0,0,0,0,3,1,6,1,61,9,1388,1,8,6,1,6
2017051701691,1,9,0,18,0,0,0,0,0,0,0,1,1,1,39,7,2993,2,-1,-1,-1,-1
2017051701691,2,9,0,18,0,0,0,0,0,0,0,1,6,3,-1,-1,-1,-1,-1,-1,-1,-1
2017051701691,3,9,0,18,0,0,0,0,0,0,0,1,6,3,-1,-1,-1,-1,-1,-1,-1,-1
2017051701691,4,11,0,18,0,0,0,0,0,0,0,1,1,1,56,9,6700,2,7,1,1,1
2017051701692,1,9,0,11,0,0,0,0,0,0,2,2,6,1,30,6,2926,2,15,2,1,2
2017051701692,2,4,0,18,0,0,1,0,0,0,1,1,6,1,21,5,125,1,16,3,1,3
2017051701693,1,9,0,4,0,1,0,0,0,0,1,1,1,1,54,8,1560,2,8,1,1,1
2017051701693,2,9,0,8,0,1,0,0,0,0,2,1,6,2,65,9,1242,1,10,2,1,2
2017051701694,1,9,0,10,0,1,0,0,0,0,1,1,6,1,19,4,1999,1,6,5,1,5
2017051701695,1,9,0,11,0,1,0,0,0,0,1,1,6,2,79,11,1596,1,4,7,1,7
2017051701695,2,9,0,3,0,1,0,0,0,0,2,1,6,1,58,9,2143,2,2,8,1,8
2017051701696,1,9,0,4,0,1,0,0,0,0,4,1,6,1,79,11,1198,1,3,3,1,3
2017051701696,2,1,0,18,0,1,0,0,0,0,2,1,2,1,40,7,-1,-1,-1,1,1,1
2017051701698,1,9,0,18,0,1,0,0,0,0,-1,2,3,3,-1,-1,-1,-1,-1,-1,-1,-1
2017051701698,2,1,0,18,0,1,0,0,0,0,2,1,6,1,24,5,-1,-1,-1,1,1,1
2017051701699,1,3,0,18,0,8,0,0,0,0,1,1,6,1,16,4,109,1,1,2,1,2
2017051701699,2,9,0,18,0,8,0,0,0,0,3,1,6,2,58,9,-1,-1,-1,1,1,1
2017051701703,1,9,0,7,0,5,0,0,0,0,1,1,6,1,85,11,1598,1,14,1,1,1
2017051701703,2,1,0,5,0,8,0,0,0,0,3,1,6,1,12,3,-1,-1,-1,1,1,1
2017051701704,1,1,0,18,0,6,0,0,0,0,1,1,6,1,19,4,-1,-1,-1,2,1,2
2017051701704,2,9,0,18,0,8,0,0,0,0,1,1,6,2,80,11,1242,1,10,3,1,3
2017051701705,1,9,0,18,0,0,0,0,0,0,0,1,1,1,39,7,1560,2,1,-1,-1,-1
2017051701705,2,9,0,18,0,0,1,0,2,2,1,1,6,1,25,5,-1,-1,-1,1,1,1
2017051701707,1,3,0,18,0,0,1,0,0,0,1,1,6,1,18,4,125,1,-1,1,1,1
2017051701711,1,11,0,18,0,0,0,0,0,0,4,1,1,1,45,7,-1,-1,-1,-1,-1,-1
2017051701711,2,1,0,18,0,0,0,0,0,0,3,1,6,2,53,8,-1,-1,-1,8,1,8
2017051701713,1,9,0,1,0,0,0,0,0,0,2,1,6,3,-1,-1,-1,-1,-1,-1,-1,-1
2017051701713,2,3,0,18,0,0,1,0,0,0,1,1,2,2,16,4,-1,-1,-1,1,1,1
2017051701715,1,9,0,1,0,0,0,0,0,0,2,1,6,1,-1,-1,-1,-1,-1,-1,-1,-1
2017051701717,1,9,0,17,0,0,1,10,7,2,4,1,6,1,21,5,1948,1,17,9,1,9
2017051701719,1,9,0,6,0,0,0,0,0,0,0,1,1,1,31,6,-1,-1,-1,1,1,1
2017051701720,1,9,0,7,0,5,0,0,0,0,0,1,6,1,51,8,1197,1,-1,1,1,1
2017051701721,1,21,0,7,0,1,0,0,0,0,4,1,1,1,34,6,-1,-1,-1,3,1,3
2017051701722,1,11,0,18,0,8,0,0,0,0,0,1,1,1,-1,-1,4760,2,4,-1,-1,-1
2017051701722,2,1,0,5,0,6,0,0,0,0,0,1,6,3,-1,-1,-1,-1,-1,1,1,1
2017051701724,1,3,0,18,0,0,0,0,7,11,1,1,6,1,20,4,124,1,9,1,1,1
2017051701726,1,9,0,2,0,0,0,8,0,0,3,2,6,3,-1,-1,-1,-1,-1,-1,-1,-1
2017051701726,2,1,0,18,0,0,0,0,0,0,1,1,6,1,22,5,-1,-1,-1,4,1,4
2017051701727,1,9,0,9,0,6,0,0,0,0,1,1,6,1,35,6,1398,1,3,3,1,3
2017051701728,1,9,0,5,0,0,0,0,0,0,4,1,6,2,45,7,875,1,5,3,1,3
2017051701728,2,4,0,15,0,0,0,0,0,0,3,1,6,1,48,8,805,1,16,2,1,2
2017051701729,1,9,0,18,0,6,0,0,0,0,1,1,6,1,55,8,1461,2,1,-1,-1,-1
2017051701729,2,9,0,18,0,1,0,0,0,0,1,1,6,2,71,10,1995,2,6,8,1,8
2017051701730,1,5,0,13,0,0,0,0,0,0,0,1,6,1,22,5,599,1,15,5,1,5
2017051701730,2,9,0,12,0,0,0,0,0,0,3,1,6,2,22,5,1242,1,4,3,1,3
2017051701731,1,9,0,18,0,8,0,0,0,0,3,1,6,1,53,8,1796,1,7,9,1,9
2017051701731,2,1,0,18,0,4,0,0,0,0,2,1,6,1,32,6,-1,-1,-1,7,1,7
2017051701735,1,9,0,18,0,8,0,0,0,0,1,1,6,1,56,9,-1,-1,-1,3,1,3
2017051701735,2,1,0,18,0,8,0,0,0,0,2,1,6,1,23,5,-1,-1,-1,1,1,1
2017051701737,1,1,0,18,0,4,0,0,0,0,1,1,6,1,32,6,-1,-1,-1,1,1,1
2017051701737,2,9,0,18,0,3,0,0,0,0,3,1,6,2,45,7,1796,1,10,3,1,3
2017051701739,1,9,0,18,0,8,0,0,0,0,1,1,6,1,25,5,1991,1,3,3,1,3
2017051701739,2,1,0,18,0,8,0,0,0,0,4,1,6,1,23,5,-1,-1,-1,1,1,1
2017051701740,1,9,0,18,0,0,0,0,0,0,1,1,2,1,47,8,1870,2,11,2,1,2
2017051701740,2,9,0,17,0,0,0,0,7,11,3,1,6,2,34,6,2496,1,16,3,1,3
2017051701743,1,9,0,18,0,4,0,0,0,0,1,1,6,2,32,6,1364,1,-1,1,1,1
2017051701743,2,1,0,18,0,8,0,0,0,0,4,1,6,1,72,10,-1,-1,-1,5,1,5
2017051701744,1,9,0,18,0,2,0,0,0,0,1,1,6,2,35,6,1598,1,1,4,1,4
2017051701744,2,9,0,18,0,2,0,0,0,0,3,1,2,2,50,8,998,1,3,1,1,1
2017051701744,3,9,0,18,0,1,0,0,0,0,1,1,6,1,65,9,1242,1,9,10,1,10
2017051701745,1,9,0,18,0,1,0,0,4,6,3,1,6,1,77,11,1197,1,-1,9,2,9
2017051701745,2,9,0,18,0,2,0,0,0,0,1,1,6,1,65,9,1995,2,1,5,2,5
2017051701746,1,9,0,9,0,8,0,0,0,0,1,1,6,1,17,4,1360,1,11,5,1,5
2017051701746,2,9,0,18,0,8,0,0,0,0,1,1,6,1,29,6,1798,1,10,2,1,2
2017051701747,1,9,0,4,0,1,0,0,0,0,1,1,6,1,33,6,973,1,16,9,1,9
2017051701747,2,11,0,18,0,1,0,0,0,0,1,1,1,1,52,8,6696,2,2,4,1,4
2017051701747,3,9,0,2,0,1,0,0,0,0,1,1,6,3,-1,-1,1587,1,12,-1,-1,-1
2017051701749,1,8,0,18,0,0,0,0,0,0,1,1,1,1,41,7,1582,2,2,2,1,2
2017051701750,1,9,0,18,0,3,0,0,0,0,3,1,6,3,-1,-1,-1,-1,-1,-1,-1,-1
2017051701751,1,21,0,17,0,0,5,0,1,11,4,1,1,1,53,8,11116,2,13,4,1,4
2017051701752,1,22,0,18,0,0,5,0,0,0,3,1,6,2,67,10,-1,-1,-1,1,1,1
2017051701752,2,9,0,18,0,0,0,0,0,0,1,1,6,1,60,9,1597,2,2,7,1,7
2017051701753,1,9,0,8,0,1,0,0,0,0,3,1,2,1,20,4,1329,1,3,9,2,9
2017051701753,2,9,0,18,0,2,0,0,0,0,1,1,6,1,31,6,1360,1,13,7,1,7
2017051701756,1,21,0,5,0,8,0,0,0,0,1,1,1,1,47,8,-1,-1,-1,6,1,6
2017051701757,1,1,0,18,0,0,0,0,0,0,1,1,6,1,29,6,-1,-1,-1,1,1,1
2017051701757,2,9,0,4,0,0,0,0,0,0,1,1,6,2,58,9,1198,1,2,3,1,3
2017051701758,1,3,0,9,0,8,0,0,0,0,1,1,6,1,26,6,125,1,-1,6,1,6
2017051701758,2,9,0,18,0,8,0,0,0,0,3,1,6,1,30,6,1560,2,6,2,1,2
2017051701762,1,9,0,4,0,1,0,0,1,4,4,2,6,1,20,4,1499,2,-1,8,1,8
2017051701762,2,17,0,18,0,1,0,0,0,0,1,2,1,1,50,8,-1,-1,-1,3,1,3
2017051701764,1,9,0,18,0,0,0,0,0,0,1,1,6,1,74,10,-1,-1,-1,10,1,10
2017051701765,1,9,0,18,0,0,0,0,0,0,1,1,2,2,60,9,1197,1,6,2,1,2
2017051701766,1,98,1,7,0,2,0,0,0,0,3,2,1,1,51,8,-1,-1,-1,-1,-1,-1
2017051701766,2,9,0,3,0,1,0,0,0,0,4,1,1,2,31,6,1499,2,-1,8,1,8
2017051701767,1,1,0,18,0,0,0,0,0,0,4,1,4,1,12,3,-1,-1,-1,2,1,2
2017051701767,2,9,0,18,0,0,0,0,0,0,1,1,6,1,68,10,1560,2,6,8,1,8
2017051701768,1,9,0,18,0,1,1,0,0,0,1,1,2,1,39,7,1968,2,7,-1,1,-1
2017051701769,1,9,0,9,0,5,0,0,0,0,1,1,6,2,59,9,1995,2,3,8,1,8
2017051701770,1,11,0,5,0,2,0,0,0,0,0,1,1,1,55,8,6700,2,7,3,1,3
2017051701771,1,1,0,18,0,4,0,0,0,0,1,1,6,2,60,9,-1,-1,-1,1,1,1
2017051701771,2,9,0,18,0,8,0,0,0,0,4,1,6,1,69,10,-1,-1,-1,1,1,1
2017051701772,1,9,0,9,0,2,0,0,0,0,1,1,2,1,48,8,1461,2,3,1,1,1
2017051701772,2,1,0,18,0,1,0,0,0,0,1,1,6,1,40,7,-1,-1,-1,6,1,6
2017051701773,1,9,0,18,0,0,0,0,0,0,0,1,6,3,-1,-1,-1,-1,-1,-1,-1,-1
2017051701773,2,8,0,18,0,0,0,0,0,0,1,1,1,1,51,8,2499,2,11,1,1,1
2017051701773,3,9,0,18,0,0,0,0,0,0,2,1,6,2,29,6,1598,2,4,2,1,2
2017051701775,1,11,0,18,0,8,0,0,0,0,1,1,1,1,57,9,5900,2,11,5,1,5
2017051701777,1,9,0,17,0,8,0,0,0,0,3,1,6,2,39,7,-1,-1,-1,7,1,7
2017051701777,2,1,0,10,0,8,0,0,0,0,1,1,6,1,60,9,-1,-1,-1,10,1,10
2017051701778,1,19,0,18,0,0,0,0,0,0,1,1,2,1,61,9,2151,2,13,2,1,2
2017051701779,1,1,0,18,0,8,0,0,0,0,1,1,6,1,16,4,-1,-1,-1,6,1,6
2017051701779,2,9,0,5,0,1,0,0,0,0,4,1,6,1,25,5,1600,1,18,3,1,3
2017051701781,1,9,0,18,0,8,0,0,0,0,1,1,6,1,59,9,1951,2,14,8,1,8
2017051701781,2,9,0,18,0,8,0,2,0,0,3,1,6,2,21,5,998,1,3,1,1,1
2017051701782,1,9,0,18,0,0,1,0,5,6,1,1,2,2,33,6,1598,2,-1,2,1,2
2017051701782,2,9,0,4,0,0,0,0,0,0,2,1,2,2,37,7,1461,2,3,4,1,4
2017051701782,3,9,0,4,0,0,0,0,0,0,1,1,2,3,-1,-1,1896,2,13,6,1,6
2017051701782,4,9,0,4,0,0,0,0,0,0,2,1,2,1,49,8,1560,2,3,6,1,6
2017051701782,5,9,0,4,0,0,0,0,0,0,1,1,6,1,29,6,1242,1,4,9,2,9
2017051701783,1,9,0,16,0,0,0,0,0,0,1,1,1,1,-1,-1,-1,-1,-1,5,1,5
2017051701783,2,1,0,18,0,0,0,0,0,0,1,1,6,2,44,7,-1,-1,-1,3,1,3
2017051701784,1,9,0,18,0,0,0,0,0,0,1,1,6,1,27,6,1582,2,-1,1,1,1
2017051701784,2,11,0,3,0,0,0,0,0,0,2,1,1,1,58,9,6700,2,6,2,1,2
2017051701786,1,9,0,18,0,0,0,0,0,0,4,1,6,3,-1,-1,-1,-1,-1,-1,-1,-1
2017051701787,1,19,0,18,0,1,0,0,1,1,1,1,1,1,28,6,1248,2,1,4,1,4
2017051701787,2,9,0,18,0,1,0,0,0,0,4,1,6,1,53,8,1364,1,2,5,1,5
2017051701787,3,9,0,18,0,1,0,0,0,0,4,1,6,1,66,10,1997,2,2,2,1,2
2017051701788,1,9,0,4,0,1,0,0,0,0,1,1,6,2,55,8,1997,2,1,3,1,3
2017051701788,2,9,0,4,0,1,0,0,0,0,2,1,6,2,46,8,1796,1,8,6,1,6
2017051701789,1,9,0,18,0,0,0,0,0,0,1,1,6,1,26,6,1998,1,1,7,1,7
2017051701789,2,9,0,18,0,0,0,0,0,0,1,1,6,2,53,8,1242,1,8,3,1,3
2017051701789,3,9,0,18,0,0,0,0,0,0,2,1,6,2,39,7,1582,2,8,3,1,3
2017051701790,1,9,0,9,0,1,0,0,0,0,1,1,6,1,57,9,1796,1,15,1,1,1
2017051701790,2,9,0,18,0,1,0,0,0,0,1,1,6,1,43,7,1995,2,3,4,1,4
2017051701791,1,9,0,18,0,8,0,0,3,11,3,1,6,1,45,7,1582,2,8,1,1,1
2017051701791,2,9,0,18,0,8,0,0,0,0,1,1,6,1,23,5,1991,2,9,1,1,1
2017051701792,1,9,0,18,0,0,0,0,0,0,4,1,6,2,53,8,1599,1,9,7,1,7
2017051701793,1,9,0,16,0,0,0,10,0,0,1,1,6,1,42,7,1598,2,5,10,1,10
2017051701793,2,9,0,17,0,0,0,0,0,0,1,1,6,1,67,10,1798,1,41,4,1,4
2017051701794,1,9,0,18,0,0,0,0,0,0,1,1,6,2,50,8,1587,1,13,2,1,2
2017051701794,2,9,0,18,0,0,0,0,0,0,1,1,1,1,54,8,1969,2,2,7,2,7
2017051701795,1,4,0,18,0,1,0,0,0,0,1,1,6,1,31,6,125,1,14,1,1,1
2017051701795,2,9,0,9,0,8,0,0,0,0,1,1,6,2,59,9,1399,1,1,3,1,3
2017051701797,1,9,0,18,0,0,0,0,0,0,1,-1,1,3,-1,-1,-1,-1,-1,-1,-1,-1
2017051701797,2,5,0,18,0,0,0,0,0,0,2,-1,1,3,-1,-1,-1,-1,-1,-1,-1,-1
2017051701799,1,9,0,5,0,0,0,0,0,0,1,1,6,1,-1,-1,1499,2,1,-1,-1,-1
2017051701799,2,1,0,18,0,0,0,0,0,0,4,1,2,1,36,7,-1,-1,-1,8,1,8
2017051701800,1,9,0,18,0,0,0,0,0,0,1,1,2,2,38,7,998,1,13,5,1,5
2017051701802,1,3,0,11,0,0,0,0,0,0,1,1,6,1,47,8,-1,-1,-1,1,1,1
2017051701802,2,9,0,18,0,0,0,0,0,0,2,1,6,1,59,9,1242,1,5,9,1,9
2017051701803,1,1,0,18,0,0,0,0,0,0,1,1,6,1,11,3,-1,-1,-1,1,1,1
2017051701803,2,9,0,18,0,0,0,0,0,0,4,1,6,2,76,11,1596,1,13,9,1,9
2017051701804,1,9,0,18,0,0,0,0,0,0,1,1,6,3,-1,-1,-1,-1,-1,-1,-1,-1
2017051701804,2,9,0,3,0,0,0,0,0,0,2,1,6,1,28,6,1598,1,2,1,1,1
2017051701805,1,9,0,5,0,6,0,0,0,0,1,1,2,1,30,6,2143,2,2,10,1,10
2017051701805,2,9,0,5,0,6,0,0,0,0,4,1,6,1,64,9,1596,1,13,5,1,5
2017051701806,1,8,0,10,0,8,0,0,0,0,1,1,1,1,30,6,1686,2,7,1,1,1
2017051701806,2,9,0,18,0,1,0,0,0,0,1,1,6,1,56,9,1390,1,20,3,1,3
2017051701807,1,9,0,9,0,8,0,0,0,0,1,1,1,2,28,6,1398,2,4,1,1,1
2017051701807,2,1,0,18,0,8,0,0,0,0,1,1,6,1,27,6,-1,-1,-1,4,1,4
2017051701808,1,19,0,5,0,8,0,0,0,0,1,1,1,1,40,7,2402,2,10,1,1,1
2017051701808,2,8,0,18,0,8,1,0,7,11,4,1,6,1,38,7,2143,2,3,1,1,1
2017051701808,3,9,0,18,0,8,1,0,0,0,1,1,2,2,53,8,1991,2,11,1,1,1
2017051701808,4,9,0,2,0,8,0,4,0,0,2,1,6,3,-1,-1,1390,1,17,-1,-1,-1
2017051701809,1,9,0,16,0,0,1,0,1,3,1,1,6,2,24,5,1397,1,10,4,3,4
2017051701810,1,9,0,18,0,0,0,4,0,0,1,1,6,3,-1,-1,-1,-1,-1,-1,-1,-1
2017051701810,2,9,0,2,0,0,0,0,0,0,1,1,6,1,47,8,2799,1,19,8,1,8
2017051701811,1,9,0,18,0,7,0,0,0,0,1,1,6,3,-1,-1,-1,-1,-1,-1,-1,-1
2017051701811,2,1,0,18,0,1,0,0,0,0,1,1,6,1,15,3,-1,-1,-1,1,1,1
2017051701811,3,1,0,18,0,1,0,0,0,0,2,1,6,1,15,3,-1,-1,-1,1,1,1
2017051701812,1,3,0,18,0,0,0,0,0,0,1,1,6,1,49,8,124,1,10,2,1,2
2017051701812,2,19,0,6,0,0,0,0,0,0,3,1,1,1,31,6,1870,2,11,3,1,3
2017051701813,1,9,0,9,0,6,0,0,0,0,1,1,2,2,34,6,998,1,14,2,1,2
2017051701813,2,3,0,18,0,8,0,0,0,0,1,1,6,1,33,6,124,1,3,1,1,1
2017051701814,1,19,0,9,0,5,0,0,0,0,2,1,1,1,21,5,2488,2,7,4,1,4
2017051701814,2,1,0,18,0,8,0,0,0,0,1,1,2,1,57,9,-1,-1,-1,3,1,3
2017051701815,1,9,0,18,0,0,1,0,2,7,1,1,6,1,32,6,1248,2,10,1,1,1
2017051701815,2,9,0,16,0,0,1,0,4,6,1,1,2,1,24,5,1398,1,6,2,1,2
2017051701816,1,9,0,18,0,0,0,0,0,0,1,1,6,1,26,6,1364,2,9,1,1,1
2017051701816,2,9,0,18,0,0,0,0,0,0,1,1,6,1,53,8,1597,1,10,1,1,1
2017051701817,1,8,0,9,0,5,0,0,0,0,1,1,1,1,28,6,1560,2,9,6,1,6
2017051701817,2,1,0,18,0,2,0,0,0,0,1,1,6,1,58,9,-1,-1,-1,1,1,1
2017051701818,1,9,0,9,0,5,0,0,0,0,3,1,6,1,55,8,1598,1,4,7,1,7
2017051701818,2,19,0,18,0,8,0,0,0,0,1,1,1,1,56,9,1248,2,6,-1,3,-1
2017051701820,1,9,0,7,0,5,0,0,0,0,3,2,6,3,-1,-1,-1,-1,-1,-1,-1,-1
2017051701820,2,1,0,18,0,4,0,0,0,0,3,1,2,1,17,4,-1,-1,-1,2,1,2