Accident_Index,Vehicle_Reference,Vehicle_Type,Towing_and_Articulation,Vehicle_Manoeuvre,Vehicle_Location-Restricted_Lane,Junction_Location,Skidding_and_Overturning,Hit_Object_in_Carriageway,Vehicle_Leaving_Carriageway,Hit_Object_off_Carriageway,1st_Point_of_Impact,Was_Vehicle_Left_Hand_Drive?,Journey_Purpose_of_Driver,Sex_of_Driver,Age_of_Driver,Age_Band_of_Driver,Engine_Capacity_(CC),Propulsion_Code,Age_of_Vehicle,Driver_IMD_Decile,Driver_Home_Area_Type,Vehicle_IMD_Decile
2017051701822,1,9,0,9,0,8,0,0,0,0,1,1,6,2,77,11,1591,1,4,-1,-1,-1
2017051701822,2,9,0,18,0,8,0,0,0,0,1,1,2,2,59,9,1388,1,10,8,1,8
2017051701823,1,3,0,7,0,3,0,0,0,0,0,1,1,1,29,6,124,1,3,2,1,2
2017051701824,1,8,0,18,0,8,0,0,0,0,1,1,1,1,62,9,2402,2,15,2,1,2
2017051701824,2,9,0,7,0,8,0,7,0,0,4,1,2,1,33,6,1598,1,4,1,1,1
2017051701825,1,9,0,18,0,8,0,0,0,0,4,1,2,1,-1,-1,1999,2,1,9,1,9
2017051701825,2,9,0,18,0,8,0,0,0,0,1,1,2,2,22,5,1199,1,16,1,1,1
2017051701826,1,9,0,18,0,0,1,0,7,0,1,1,6,1,29,6,1560,2,10,1,1,1
2017051701827,1,9,0,7,0,8,0,0,1,7,1,1,6,1,77,11,1198,1,1,2,1,2
2017051701829,1,9,0,18,0,1,0,0,0,0,4,1,6,1,45,7,1956,2,5,4,1,4
2017051701830,1,8,0,12,0,1,0,0,0,0,1,1,1,1,48,8,2499,2,6,2,1,2
2017051701832,1,9,0,5,0,8,1,0,0,0,4,1,6,1,48,8,1968,2,1,6,1,6
2017051701832,2,8,0,18,0,8,0,0,0,0,1,1,1,1,54,8,2664,2,15,5,1,5
2017051701833,1,9,0,18,0,2,0,0,0,0,3,1,6,1,36,7,1968,2,1,3,1,3
2017051701833,2,9,0,18,0,1,0,0,7,0,3,1,6,1,22,5,1968,2,2,9,1,9
2017051701834,1,9,0,9,0,8,0,0,0,0,1,1,6,1,59,9,2148,2,11,3,1,3
2017051701834,2,9,0,18,0,8,0,0,0,0,1,1,6,1,69,10,1598,1,10,2,1,2
2017051701835,1,9,0,18,0,2,0,0,0,0,1,1,6,1,48,8,1560,2,10,3,1,3
2017051701835,2,1,0,18,0,2,0,0,0,0,3,1,6,1,13,3,-1,-1,-1,5,1,5
2017051701839,1,9,0,5,0,6,0,0,0,0,1,1,6,1,25,5,1910,2,12,1,1,1
2017051701839,2,9,0,5,0,1,0,0,0,0,1,1,2,2,42,7,1997,2,5,3,1,3
2017051701841,1,9,0,4,0,4,0,0,0,0,1,1,6,3,-1,-1,-1,-1,-1,-1,-1,-1
2017051701841,2,9,0,4,0,4,0,0,0,0,2,1,6,1,38,7,-1,-1,-1,2,1,2
2017051701842,1,3,0,13,0,8,0,0,0,0,4,1,6,1,24,5,125,1,-1,1,1,1
2017051701842,2,19,0,9,0,8,0,0,0,0,3,1,1,1,40,7,1560,2,2,-1,1,-1
2017051701843,1,9,0,18,0,0,0,0,0,0,1,1,6,3,-1,-1,-1,-1,-1,-1,-1,-1
2017051701843,2,1,0,18,0,0,0,0,0,0,4,1,6,1,13,3,-1,-1,-1,6,1,6
2017051701846,1,17,4,9,0,6,0,0,0,0,3,1,1,1,64,9,6728,2,2,4,1,4
2017051701846,2,1,0,18,0,8,0,0,0,0,0,1,6,1,45,7,-1,-1,-1,10,1,10
2017051701847,1,11,0,5,0,0,0,0,0,0,4,1,1,1,60,9,-1,-1,-1,-1,-1,-1
2017051701852,1,19,0,4,0,1,0,0,0,0,1,1,1,1,40,7,2143,2,4,8,1,8
2017051701852,2,9,0,4,0,1,0,0,0,0,2,1,2,1,35,6,1399,2,15,1,1,1
2017051701853,1,9,0,18,0,0,0,0,0,0,1,1,6,2,20,4,1200,1,1,1,1,1
2017051701853,2,9,0,18,0,0,0,0,0,0,2,1,6,2,43,7,1242,1,9,1,1,1
2017051701854,1,9,0,18,0,0,0,0,0,0,1,1,6,1,25,5,1461,2,3,1,1,1
2017051701855,1,9,0,7,0,2,0,0,0,0,1,1,6,2,65,9,1461,2,6,1,1,1
2017051701855,2,1,0,18,0,1,0,0,0,0,1,1,6,1,33,6,-1,-1,-1,1,1,1
2017051701856,1,4,0,18,0,8,0,0,0,0,1,1,2,1,17,4,124,1,16,4,1,4
2017051701856,2,8,0,18,0,8,0,0,0,0,2,1,1,1,69,10,2664,2,19,6,1,6
2017051701857,1,9,0,18,0,8,0,0,0,0,3,1,6,1,18,4,1560,2,9,1,1,1
2017051701857,2,9,0,18,0,8,0,0,0,0,1,1,6,2,48,8,1198,1,3,1,1,1
2017051701858,1,9,0,9,0,8,0,0,0,0,1,1,6,2,23,5,1390,1,13,1,1,1
2017051701858,2,9,0,18,0,8,0,0,0,0,1,1,6,2,25,5,1200,1,-1,8,2,8
2017051701863,1,9,0,18,0,0,0,0,0,0,1,1,6,2,39,7,-1,-1,-1,8,1,8
2017051701863,2,9,0,18,0,0,0,0,0,0,3,1,6,2,19,4,1000,1,4,9,1,9
2017051701865,1,9,0,18,0,0,0,0,0,0,1,1,2,2,38,7,1198,1,3,1,1,1
2017051701867,1,9,0,18,0,8,0,0,1,11,1,1,6,1,27,6,1968,2,1,1,1,1
2017051701867,2,8,0,9,0,8,0,0,0,0,1,1,1,1,63,9,1560,2,5,1,1,1
2017051701868,1,19,0,18,0,0,0,0,0,0,4,1,6,3,-1,-1,-1,-1,-1,-1,-1,-1
2017051701869,1,9,0,18,0,1,0,11,0,0,1,1,2,2,57,9,1198,1,3,8,1,8
2017051701869,2,9,0,2,0,1,0,0,0,0,3,1,6,3,-1,-1,-1,-1,-1,-1,-1,-1
2017051701871,1,19,0,18,0,6,0,0,0,0,1,1,6,3,-1,-1,-1,-1,-1,-1,-1,-1
2017051701871,2,3,0,18,0,8,0,0,0,0,1,1,6,1,18,4,125,1,6,2,1,2
2017051701872,1,9,0,5,0,6,0,0,0,0,1,1,6,2,39,7,1685,2,6,5,1,5
2017051701872,2,1,0,18,0,8,0,0,0,0,1,1,6,1,55,8,-1,-1,-1,5,1,5
2017051701873,1,9,0,18,0,0,0,0,0,0,1,2,1,1,50,8,998,1,-1,9,1,9
2017051701873,2,9,0,2,0,0,0,0,0,0,2,2,1,1,28,6,1560,2,1,-1,-1,-1
2017051701874,1,5,0,16,0,0,1,0,1,11,1,1,6,1,48,8,1255,1,7,7,1,7
2017051701876,1,9,0,18,0,0,0,0,0,0,3,1,6,1,69,10,-1,-1,-1,3,1,3
2017051701877,1,19,0,18,0,0,0,0,0,0,2,1,6,1,-1,-1,1560,2,1,1,1,1
2017051701877,2,9,0,18,0,0,0,0,0,0,1,1,6,2,29,6,998,1,4,1,1,1
2017051701879,1,-1,-1,-1,0,-1,-1,-1,0,0,-1,-1,6,3,-1,-1,-1,-1,-1,-1,-1,-1
2017051701881,1,1,0,11,0,0,0,0,0,0,2,1,6,1,35,6,-1,-1,-1,1,1,1
2017051701881,2,9,0,2,0,0,0,0,0,0,2,2,6,3,-1,-1,1560,2,1,-1,-1,-1
2017051701883,1,9,0,2,0,0,0,0,0,0,3,1,6,1,67,10,1910,2,8,4,1,4
2017051701883,2,1,0,18,0,0,0,4,0,0,4,1,6,1,44,7,-1,-1,-1,4,1,4
2017051701887,1,1,0,18,0,0,0,0,0,0,3,1,6,1,7,2,-1,-1,-1,1,1,1
2017051701887,2,9,0,18,0,0,0,0,0,0,4,1,2,1,63,9,1398,1,4,6,3,6
2017051701888,1,9,0,16,0,0,1,0,1,10,1,1,6,1,21,5,1995,1,16,6,1,6
2017051701889,1,9,0,5,0,0,0,0,0,0,1,1,6,1,35,6,1364,1,2,2,1,2
2017051701890,1,8,0,18,0,8,0,0,0,0,1,1,1,1,31,6,1753,2,10,4,1,4
2017051701890,2,8,0,18,0,8,0,11,4,6,4,1,1,1,56,9,1910,2,9,2,1,2
2017051701894,1,9,0,18,0,1,0,0,0,0,1,1,6,2,-1,-1,999,1,2,-1,-1,-1
2017051701894,2,9,0,8,0,1,0,0,0,0,2,1,2,2,55,8,1197,1,1,4,3,4
2017051701895,1,9,0,16,0,0,0,0,0,0,1,1,6,2,51,8,1242,1,3,-1,-1,-1
2017051701895,2,9,0,3,0,0,0,0,0,0,2,1,6,1,21,5,1598,1,10,4,1,4
2017051701895,3,9,0,3,0,0,0,0,0,0,2,1,6,1,47,8,1798,1,17,9,1,9
2017051701896,1,9,0,9,0,8,0,0,0,0,4,1,6,1,29,6,1596,1,11,2,1,2
2017051701896,2,9,0,18,0,8,0,0,0,0,1,1,6,2,67,10,1368,1,5,4,1,4
2017051701898,1,8,0,18,0,0,0,0,0,0,1,1,1,3,-1,-1,1997,2,3,-1,-1,-1
2017051701900,1,9,0,18,0,0,0,0,0,0,4,1,6,2,88,11,998,1,-1,4,1,4
2017051701902,1,9,0,18,0,0,5,0,0,0,1,1,6,2,67,10,998,1,-1,9,1,9
2017051701902,2,9,0,2,0,0,0,0,0,0,1,1,6,3,-1,-1,-1,-1,-1,-1,-1,-1
2017051701903,1,9,0,5,0,0,0,0,0,0,3,1,6,2,34,6,998,1,16,5,1,5
2017051701903,2,19,0,14,0,0,1,0,0,0,4,1,6,1,27,6,1868,2,14,3,1,3
2017051701904,1,9,0,18,0,0,0,0,0,0,1,1,6,3,-1,-1,-1,-1,-1,-1,-1,-1
2017051701905,1,9,0,18,0,1,0,0,0,0,1,1,6,2,36,7,1364,1,12,4,1,4
2017051701905,2,9,0,4,0,1,0,0,0,0,2,1,6,1,70,10,1596,1,11,6,1,6
2017051701906,1,4,0,16,0,0,1,0,1,0,1,1,6,1,35,6,883,1,-1,8,1,8
2017051701906,2,9,0,17,0,0,0,0,0,0,1,1,6,2,19,4,996,1,4,1,1,1
2017051701907,1,9,0,16,0,0,2,0,8,4,1,1,6,1,21,5,2720,2,10,7,1,7
2017051701908,1,8,0,18,0,8,0,0,0,0,1,1,1,1,53,8,1686,2,7,1,1,1
2017051701909,1,8,0,18,0,8,0,0,0,0,1,1,1,1,55,8,1997,2,6,1,1,1
2017051701909,2,9,0,18,0,8,0,0,0,0,3,1,6,2,63,9,1598,1,-1,1,1,1
2017051701910,1,9,0,18,0,0,0,0,0,0,1,1,6,3,-1,-1,-1,-1,-1,-1,-1,-1
2017051701912,1,9,0,18,0,1,0,0,0,0,1,1,6,1,34,6,-1,-1,-1,-1,2,-1
2017051701913,1,4,0,18,0,1,0,0,0,0,1,1,6,3,-1,-1,-1,-1,-1,-1,-1,-1
2017051701915,1,19,0,18,0,0,0,0,0,0,1,1,1,1,21,5,1753,2,13,8,1,8
2017051701915,2,9,0,18,0,0,0,0,0,0,2,1,6,2,50,8,1299,1,10,5,1,5
2017051701916,1,9,0,5,0,0,0,0,0,0,4,1,6,2,53,8,1461,2,1,1,1,1
2017051701916,2,11,0,18,0,0,0,0,0,0,3,1,1,2,50,8,8268,2,14,1,1,1
2017051701918,1,4,0,18,0,0,1,0,0,0,0,1,2,1,25,5,125,1,-1,6,1,6
2017051701919,1,9,4,18,0,8,0,0,0,0,0,1,6,1,40,7,2720,2,10,9,1,9
2017051701919,2,9,0,3,0,1,0,0,0,0,2,1,6,2,21,5,1598,1,4,9,2,9
2017051701920,1,9,0,18,0,0,0,0,0,0,1,1,6,1,29,6,1242,1,1,8,2,8
2017051701920,2,9,0,18,0,0,0,0,0,0,2,1,6,1,53,8,-1,-1,-1,5,1,5
2017051701921,1,9,0,9,0,6,0,0,0,0,3,1,6,1,29,6,1956,2,6,2,1,2
2017051701921,2,5,0,14,0,1,0,0,0,0,1,1,6,1,51,8,-1,-1,-1,4,1,4
2017051701923,1,9,0,5,0,3,0,0,0,0,0,1,6,1,35,6,-1,-1,-1,1,1,1
2017051701923,2,1,0,3,0,3,0,10,0,0,0,1,2,1,16,4,-1,-1,-1,2,1,2
2017051701925,1,1,0,18,0,0,0,0,0,0,1,1,6,1,6,2,-1,-1,-1,7,1,7
2017051701925,2,9,0,18,0,0,0,0,0,0,3,1,6,2,43,7,1598,1,13,2,1,2
2017051701926,1,9,0,18,0,8,1,0,3,6,3,1,6,1,40,7,1242,1,8,5,1,5
2017051701926,2,9,0,18,0,8,0,0,0,0,1,1,6,2,76,11,1388,1,9,1,1,1
2017051701927,1,9,0,18,0,0,0,0,0,0,0,1,1,1,31,6,2993,2,1,-1,-1,-1
2017051701927,2,2,0,18,0,0,0,10,1,0,0,1,6,1,20,4,49,1,3,2,1,2
2017051701929,1,9,0,2,0,1,0,0,0,0,4,1,6,1,51,8,1598,1,-1,3,1,3
2017051701929,2,1,0,18,0,1,0,0,0,0,1,1,6,2,23,5,-1,-1,-1,-1,-1,-1
2017051701932,1,1,0,18,0,1,0,0,0,0,3,1,6,1,43,7,-1,-1,-1,1,1,1
2017051701932,2,9,0,18,0,1,0,0,0,0,4,1,2,1,68,10,1596,1,4,1,1,1
2017051701933,1,19,0,18,0,2,0,0,0,0,3,1,1,1,55,8,1598,2,2,4,1,4
2017051701934,1,9,0,18,0,0,0,0,0,0,4,1,6,1,-1,-1,-1,-1,-1,-1,-1,-1
2017051701934,2,1,0,18,0,0,0,0,0,0,3,1,6,1,13,3,-1,-1,-1,1,1,1
2017051701935,1,21,1,7,0,1,0,0,0,0,4,1,1,1,58,9,12777,2,4,4,1,4
2017051701935,2,9,0,8,0,1,0,0,0,0,3,1,6,1,40,7,1497,1,13,8,1,8
2017051701936,1,9,0,18,0,8,0,0,1,0,4,1,1,2,24,5,1598,1,9,5,1,5
2017051701936,2,19,0,18,0,8,0,0,1,11,1,1,1,1,32,6,1870,2,12,10,1,10
2017051701937,1,19,0,18,0,2,0,0,0,0,4,1,6,1,-1,-1,-1,-1,-1,-1,-1,-1
2017051701937,2,11,0,12,0,2,0,0,0,0,3,1,1,1,40,7,6696,2,2,3,1,3
2017051701938,1,9,0,18,0,0,1,0,1,11,1,1,6,1,46,8,1995,1,9,1,1,1
2017051701939,1,9,0,9,0,8,0,0,4,0,3,1,6,2,54,8,1598,1,8,1,1,1
2017051701939,2,19,0,18,0,8,0,0,4,0,1,1,1,1,31,6,2198,2,1,2,1,2
2017051701940,1,9,0,4,0,1,0,0,0,0,1,1,2,2,27,6,998,1,11,3,1,3
2017051701941,1,11,0,18,0,1,0,0,0,0,0,1,1,1,62,9,6692,2,6,1,1,1
2017051701942,1,1,0,18,0,1,0,0,0,0,1,1,6,1,44,7,-1,-1,-1,5,1,5
2017051701942,2,9,0,18,0,1,0,0,0,0,1,1,6,1,20,4,1598,1,12,8,1,8
2017051701943,1,9,0,16,0,1,0,0,0,0,2,1,6,2,60,9,-1,-1,-1,5,1,5
2017051701943,2,9,0,18,0,1,0,0,0,0,1,1,6,3,-1,-1,-1,-1,-1,-1,-1,-1
2017051701945,1,9,0,4,0,1,0,0,0,0,1,1,6,3,-1,-1,-1,-1,-1,-1,-1,-1
2017051701946,1,9,0,9,0,8,0,0,0,0,1,1,6,1,43,7,1587,1,13,2,1,2
2017051701946,2,9,0,18,0,8,0,0,0,0,1,1,6,2,69,10,1461,2,4,8,1,8
2017051701948,1,9,0,18,0,8,0,0,1,11,1,1,6,1,49,8,1995,2,1,-1,-1,-1
2017051701948,2,9,0,5,0,1,0,0,0,0,1,1,6,2,57,9,1795,1,14,1,1,1
2017051701949,1,9,0,18,0,0,0,0,0,0,1,1,2,1,54,8,1991,2,12,5,1,5
2017051701949,2,9,0,18,0,0,0,0,0,0,2,1,2,1,63,9,1686,2,3,7,1,7
2017051701950,1,9,0,5,0,1,0,0,0,0,3,1,6,2,40,7,1397,1,8,2,1,2
2017051701950,2,1,0,18,0,1,0,0,0,0,1,1,6,1,64,9,-1,-1,-1,5,1,5
2017051701951,1,9,0,18,0,1,0,0,0,0,3,1,6,1,60,9,-1,-1,-1,6,1,6
2017051701951,2,3,0,18,0,1,0,0,0,0,1,1,6,1,24,5,-1,-1,-1,3,1,3
2017051701952,1,9,0,18,0,0,2,0,1,4,3,1,6,1,20,4,998,1,5,3,1,3
2017051701953,1,9,0,18,0,6,0,0,0,0,1,1,6,1,24,5,1596,1,11,3,1,3
2017051701953,2,9,0,18,0,1,0,0,0,0,1,1,6,1,35,6,1598,2,5,7,1,7
2017051701956,1,19,0,18,0,8,1,0,0,0,1,1,1,1,53,8,2991,2,3,9,1,9
2017051701956,2,9,0,18,0,8,0,0,0,0,2,1,2,1,23,5,1368,1,7,2,1,2
2017051701956,3,9,0,18,0,8,0,0,0,0,2,1,6,2,35,6,1598,1,3,4,1,4
2017051701957,1,9,0,18,0,1,0,0,0,0,1,1,2,1,35,6,1910,2,8,4,1,4
2017051701957,2,9,0,10,0,1,0,0,0,0,2,1,6,1,47,8,1998,1,11,7,1,7
2017051701959,1,9,0,18,0,0,0,0,0,0,0,1,6,1,63,9,-1,-1,-1,2,1,2
2017051701960,1,9,0,9,0,8,0,0,0,0,1,1,6,1,19,4,1398,1,1,3,1,3
2017051701960,2,9,0,18,0,8,0,0,0,0,1,1,6,2,72,10,1591,1,4,3,1,3
2017051701962,1,9,0,4,0,1,0,0,0,0,0,1,1,1,48,8,1560,2,1,-1,-1,-1
2017051701962,2,9,0,18,0,1,5,0,1,1,3,1,6,3,-1,-1,-1,-1,-1,-1,-1,-1
2017051701963,1,1,0,18,0,2,0,0,0,0,1,1,6,1,67,10,-1,-1,-1,8,1,8
2017051701963,2,9,0,18,0,1,0,0,0,0,1,1,6,2,52,8,1199,1,15,10,1,10
2017051701964,1,9,0,18,0,0,0,0,0,0,1,1,6,1,30,6,-1,-1,-1,5,1,5
2017051701964,2,9,0,4,0,0,0,0,0,0,2,1,6,1,27,6,1968,2,-1,1,1,1
2017051701964,3,9,0,18,0,0,0,0,0,0,3,1,2,1,33,6,1461,2,8,9,1,9
2017051701965,1,9,0,18,0,0,2,0,7,0,1,1,2,2,23,5,1242,1,3,1,1,1
2017051701965,2,9,0,3,0,0,0,0,0,0,2,1,6,1,36,7,1242,1,12,1,1,1
2017051701968,1,3,0,9,0,8,0,0,0,0,4,1,6,1,43,7,1200,1,12,1,1,1
2017051701968,2,9,0,9,0,8,0,0,0,0,3,1,6,1,20,4,1199,1,14,2,1,2
2017051701970,1,9,0,18,0,1,0,0,0,0,0,1,1,1,38,7,2993,2,4,2,1,2
2017051701970,2,5,0,18,0,1,1,10,1,0,4,1,6,1,18,4,689,1,-1,1,1,1
2017051701974,1,1,0,7,0,0,1,0,0,0,1,1,2,1,50,8,-1,-1,-1,1,1,1
2017051701975,1,9,0,7,0,6,0,0,0,0,1,1,6,3,-1,-1,998,1,2,-1,-1,-1
2017051701975,2,19,0,18,0,2,0,0,0,0,4,1,1,1,70,10,2198,2,2,7,1,7
2017051701977,1,9,0,9,0,6,0,0,0,0,1,1,6,3,-1,-1,-1,-1,-1,-1,-1,-1
2017051701977,2,9,0,18,0,6,0,0,0,0,4,1,2,1,65,9,1910,2,8,1,1,1
2017051701978,1,9,0,18,0,0,0,0,0,0,3,1,6,1,40,7,1997,1,9,8,1,8
2017051701979,1,9,0,7,0,6,0,0,0,0,4,1,6,1,22,5,1560,2,3,4,1,4
2017051701979,2,1,0,18,0,7,0,0,0,0,1,1,6,1,54,8,-1,-1,-1,2,1,2
2017051701981,1,9,0,9,0,6,0,0,0,0,1,1,6,2,55,8,1596,1,4,5,1,5
2017051701981,2,1,0,18,0,8,0,0,0,0,4,1,6,1,14,3,-1,-1,-1,3,1,3
2017051701982,1,2,0,9,0,1,0,0,0,0,1,1,6,1,17,4,-1,-1,-1,3,1,3
2017051701982,2,9,0,7,0,1,0,0,0,0,1,1,2,2,42,7,1870,2,6,2,1,2
2017051701983,1,9,0,7,0,1,0,0,0,0,1,1,6,3,-1,-1,-1,-1,-1,-1,-1,-1
2017051701983,2,8,0,8,0,1,0,0,0,0,2,1,1,1,33,6,1598,2,2,1,1,1
2017051701986,1,9,0,9,0,8,5,10,0,0,1,1,6,1,21,5,-1,-1,-1,2,1,2
2017051701987,1,9,0,9,0,4,0,0,0,0,1,1,6,3,-1,-1,-1,-1,-1,-1,-1,-1
2017051701987,2,1,0,9,0,4,0,0,0,0,2,1,6,1,53,8,-1,-1,-1,1,1,1
2017051701989,1,9,0,9,0,6,0,0,0,0,1,1,6,2,64,9,1242,1,6,1,1,1
2017051701989,2,8,0,18,0,8,0,0,1,10,3,1,1,1,38,7,1753,2,9,1,1,1
2017051701990,1,9,0,18,0,1,0,0,0,0,1,1,6,1,22,5,1991,1,2,6,1,6
2017051701990,2,9,0,18,0,1,0,0,0,0,1,1,6,2,55,8,1999,1,10,8,1,8
2017051701993,1,19,0,18,0,0,0,0,0,0,1,1,6,1,35,6,2198,2,1,1,1,1
2017051701994,1,8,0,18,0,0,0,0,0,0,1,1,2,1,60,9,1560,2,6,2,1,2
2017051701994,2,8,0,3,0,0,0,0,0,0,2,1,1,1,29,6,1686,2,6,2,1,2
2017051701995,1,9,0,14,0,1,0,0,0,0,3,1,6,1,53,8,2993,2,9,8,3,8
2017051701995,2,1,0,7,0,8,1,0,0,0,3,1,6,1,26,6,-1,-1,-1,6,1,6
2017051701996,1,9,0,9,0,2,0,0,1,1,1,2,6,2,70,10,1395,1,1,4,1,4
2017051701996,2,9,0,5,0,1,0,0,1,1,4,2,1,2,50,8,1798,8,-1,9,3,9
2017051701997,1,9,0,9,0,8,0,0,0,0,4,1,6,2,59,9,1299,1,18,1,1,1
2017051701997,2,9,0,18,0,8,0,7,0,0,1,1,6,2,71,10,-1,-1,-1,2,1,2
2017051701998,1,9,0,9,0,2,0,0,0,0,1,1,2,1,27,6,1364,1,11,2,1,2
2017051701998,2,9,0,18,0,1,0,0,0,0,1,1,6,1,27,6,1598,2,5,6,2,6
2017051702002,1,9,0,18,0,0,0,0,0,0,1,1,6,1,25,5,1368,1,11,7,1,7
2017051702002,2,9,0,18,0,0,0,0,0,0,2,1,6,1,70,10,1390,1,15,1,1,1
2017051702004,1,9,0,18,0,8,0,0,0,0,3,1,6,1,42,7,1339,1,5,6,1,6
2017051702005,1,9,0,7,0,4,0,0,0,0,1,1,6,1,25,5,999,1,3,6,1,6
2017051702005,2,9,0,9,0,8,0,0,0,0,4,1,6,2,30,6,1598,2,6,4,1,4
2017051702006,1,9,0,18,0,8,0,0,0,0,1,1,1,2,29,6,1560,2,2,1,1,1
2017051702006,2,9,0,18,0,8,0,0,1,10,1,1,6,1,40,7,1598,1,11,1,1,1
2017051702007,1,9,0,9,0,8,0,0,1,1,1,1,6,1,25,5,1461,2,2,8,1,8
2017051702008,1,9,0,17,0,0,0,0,0,0,3,1,6,1,40,7,-1,-1,-1,5,1,5
2017051702008,2,9,0,18,0,0,0,0,0,0,3,1,6,1,46,8,2497,2,11,5,1,5
2017051702010,1,1,0,18,0,1,1,0,0,0,1,1,6,1,26,6,-1,-1,-1,1,1,1
2017051702010,2,10,0,9,0,8,0,0,0,0,4,1,1,1,29,6,2198,2,4,1,1,1
2017051702011,1,3,0,18,0,0,1,4,0,0,1,1,6,1,18,4,124,1,9,5,1,5
2017051702011,2,3,0,4,0,0,0,0,0,0,2,1,6,1,17,4,124,1,12,3,1,3
2017051702012,1,9,0,5,0,0,0,0,0,0,3,1,6,2,73,10,-1,-1,-1,6,1,6
2017051702012,2,9,0,14,0,0,0,0,0,0,1,1,6,2,27,6,998,1,3,1,1,1
2017051702015,1,9,0,18,0,8,0,0,0,0,1,1,6,2,28,6,1398,1,1,3,1,3
2017051702015,2,9,0,18,0,8,0,0,0,0,4,1,6,2,20,4,1242,1,10,2,1,2
2017051702017,1,9,0,16,0,8,1,0,0,0,1,1,6,1,30,6,1910,2,9,2,1,2
2017051702017,2,11,0,18,0,8,0,0,1,11,3,1,1,1,54,8,9600,2,16,3,1,3
2017051702018,1,9,0,9,0,8,0,0,0,0,1,1,6,2,50,8,898,1,2,1,1,1
2017051702018,2,9,0,18,0,8,0,0,1,0,1,1,6,1,27,6,1390,1,11,1,1,1
2017051702018,3,9,0,2,0,8,0,0,0,0,1,1,6,3,-1,-1,-1,-1,-1,-1,-1,-1
2017051702018,4,9,0,2,0,8,0,0,0,0,2,1,6,3,-1,-1,1968,2,6,-1,-1,-1
2017051702019,1,3,0,18,0,0,1,0,0,0,1,1,6,1,15,3,124,1,4,1,1,1
2017051702020,1,1,0,18,0,8,0,0,0,0,3,1,6,1,17,4,-1,-1,-1,3,1,3
2017051702020,2,9,0,4,0,1,0,0,0,0,1,1,6,1,25,5,1598,1,10,1,1,1
2017051702021,1,9,0,18,0,8,0,0,0,0,1,1,2,2,35,6,1461,2,1,1,1,1
2017051702021,2,9,0,18,0,8,0,0,0,0,1,1,2,2,23,5,998,1,1,8,1,8
2017051702024,1,8,0,5,0,0,0,0,0,0,0,1,6,3,-1,-1,-1,-1,-1,-1,-1,-1
2017051702025,1,19,0,4,0,1,0,0,0,0,0,1,6,1,45,7,2800,2,19,1,1,1
2017051702025,2,9,0,18,0,1,1,0,0,0,3,1,6,2,76,11,1398,1,1,10,1,10
2017051702027,1,9,0,10,0,1,0,0,0,0,1,1,6,3,-1,-1,-1,-1,-1,-1,-1,-1
2017051702027,2,9,0,18,0,1,0,0,0,0,2,1,6,2,38,7,1796,1,13,7,1,7
2017051702029,1,9,0,18,0,5,0,0,0,0,1,1,6,1,29,6,1390,1,10,7,2,7
2017051702029,2,9,0,18,0,8,0,0,0,0,1,1,6,1,37,7,2495,2,16,1,1,1
2017051702030,1,9,0,1,0,0,0,0,0,0,2,1,6,2,38,7,1198,1,10,1,1,1
2017051702031,1,9,0,3,0,1,0,0,0,0,1,1,2,2,22,5,1598,2,5,1,1,1
2017051702031,2,9,0,3,0,1,1,0,0,0,2,1,6,2,41,7,1968,2,8,10,1,10
2017051702032,1,9,0,18,0,0,0,0,0,0,1,1,6,1,25,5,1242,1,8,1,1,1
2017051702033,1,3,0,18,0,0,1,7,0,0,1,1,1,1,36,7,670,1,3,5,1,5
2017051702034,1,9,0,18,0,0,0,0,0,0,1,1,6,3,-1,-1,-1,-1,-1,-1,-1,-1
2017051702035,1,9,0,18,0,0,0,0,0,0,1,1,1,1,42,7,1797,8,3,8,1,8
2017051702036,1,9,0,18,0,8,0,0,1,2,1,1,6,1,18,4,-1,-1,-1,6,1,6
2017051702037,1,9,0,9,0,6,0,0,0,0,3,1,6,2,32,6,-1,-1,-1,9,1,9
2017051702038,1,9,0,18,0,1,0,0,0,0,4,1,6,1,23,5,1229,1,11,1,1,1
2017051702038,2,11,0,18,0,1,0,0,0,0,1,1,1,1,52,8,6696,2,2,1,1,1
2017051702039,1,9,0,17,0,2,0,0,0,0,3,1,6,2,40,7,1461,2,11,-1,-1,-1
2017051702040,1,9,0,1,0,0,0,0,0,0,2,1,6,3,-1,-1,1796,1,10,-1,-1,-1
2017051702041,1,9,0,18,0,8,0,0,0,0,4,1,6,2,31,6,1997,2,8,1,1,1
2017051702041,2,9,0,18,0,8,0,0,0,0,1,1,6,2,26,6,1248,1,2,5,1,5
2017051702042,1,19,0,7,0,6,0,0,0,0,1,1,6,1,49,8,2148,2,10,1,1,1
2017051702042,2,1,0,18,0,8,0,0,0,0,4,1,6,1,56,9,-1,-1,-1,3,1,3
2017051702044,1,19,0,9,0,1,0,0,0,0,1,1,1,1,46,8,2143,2,7,2,1,2
2017051702044,2,9,0,7,0,1,0,0,0,0,4,1,6,2,36,7,998,1,4,1,1,1
2017051702046,1,9,0,18,0,1,0,0,0,0,1,1,6,3,-1,-1,-1,-1,-1,-1,-1,-1
2017051702046,2,1,0,16,0,6,0,0,0,0,3,1,6,1,14,3,-1,-1,-1,2,1,2
2017051702047,1,11,0,18,0,2,0,0,1,2,1,1,1,1,53,8,4250,2,4,1,1,1