Accident_Index,Vehicle_Reference,Vehicle_Type,Towing_and_Articulation,Vehicle_Manoeuvre,Vehicle_Location-Restricted_Lane,Junction_Location,Skidding_and_Overturning,Hit_Object_in_Carriageway,Vehicle_Leaving_Carriageway,Hit_Object_off_Carriageway,1st_Point_of_Impact,Was_Vehicle_Left_Hand_Drive?,Journey_Purpose_of_Driver,Sex_of_Driver,Age_of_Driver,Age_Band_of_Driver,Engine_Capacity_(CC),Propulsion_Code,Age_of_Vehicle,Driver_IMD_Decile,Driver_Home_Area_Type,Vehicle_IMD_Decile
2017051702508,2,9,0,18,0,1,0,0,0,0,3,1,3,2,48,8,1124,1,12,3,1,3
2017051702509,1,9,0,5,0,0,0,0,0,0,4,1,6,3,-1,-1,-1,-1,-1,-1,-1,-1
2017051702511,1,9,0,18,0,0,5,4,0,0,1,1,6,1,74,10,1590,1,14,1,1,1
2017051702511,2,9,0,2,0,0,0,0,0,0,1,1,6,3,-1,-1,1799,1,10,-1,-1,-1
2017051702511,3,9,0,2,0,0,0,0,0,0,3,1,6,3,-1,-1,1240,1,13,-1,-1,-1
2017051702513,1,9,0,9,0,1,0,0,0,0,4,1,6,2,67,10,1299,1,13,6,1,6
2017051702513,2,1,0,18,0,1,0,0,0,0,1,1,2,2,38,7,-1,-1,-1,1,1,1
2017051702515,1,97,0,18,0,0,0,0,0,0,1,1,6,3,-1,-1,-1,-1,-1,-1,-1,-1
2017051702516,1,9,0,9,0,8,0,0,0,0,1,1,1,2,41,7,898,1,3,7,1,7
2017051702516,2,1,0,18,0,8,0,0,0,0,1,1,6,1,41,7,-1,-1,-1,1,1,1
2017051702517,1,8,0,6,0,1,0,0,0,0,3,1,1,1,31,6,1598,2,4,1,1,1
2017051702517,2,9,0,18,0,1,0,0,0,0,1,1,6,1,20,4,1242,1,1,6,1,6
2017051702518,1,9,0,9,0,5,0,0,7,11,4,1,6,1,56,9,1364,1,-1,7,1,7
2017051702518,2,5,0,18,0,8,1,0,0,0,1,1,6,1,26,6,599,1,14,2,1,2
2017051702519,1,9,0,18,0,8,0,0,0,0,4,1,2,2,67,10,1339,1,3,2,1,2
2017051702519,2,1,0,18,0,2,0,0,0,0,3,1,6,1,68,10,-1,-1,-1,9,1,9
2017051702520,1,20,1,14,0,0,0,0,0,0,1,1,6,1,-1,-1,-1,-1,-1,-1,-1,-1
2017051702520,2,11,0,2,0,0,0,0,0,0,1,1,1,1,33,6,4500,2,5,6,1,6
2017051702521,1,19,0,9,0,8,0,0,0,0,0,1,6,1,36,7,-1,-1,-1,1,1,1
2017051702521,2,9,0,18,0,8,0,10,1,0,0,1,6,2,31,6,1995,2,6,4,1,4
2017051702522,1,9,0,18,0,0,0,0,0,0,1,1,6,2,26,6,1198,1,14,5,1,5
2017051702525,1,9,0,9,0,5,0,0,0,0,1,1,6,2,41,7,1229,1,12,2,1,2
2017051702525,2,9,0,17,0,8,0,0,0,0,1,1,6,1,25,5,1329,1,8,7,1,7
2017051702527,1,9,0,18,0,8,0,0,0,0,1,1,6,3,-1,-1,-1,-1,-1,-1,-1,-1
2017051702527,2,9,0,9,0,8,0,0,7,0,4,1,6,2,28,6,-1,-1,-1,4,1,4
2017051702528,1,8,0,18,0,1,0,0,0,0,1,1,1,1,45,7,1997,2,7,1,1,1
2017051702529,1,9,0,9,0,8,0,0,0,0,1,1,6,2,66,10,1242,1,7,1,1,1
2017051702530,1,9,0,17,0,8,0,0,0,0,1,1,6,1,71,10,1598,2,-1,9,1,9
2017051702530,2,9,0,17,0,8,0,0,0,0,2,1,6,1,74,10,1598,1,13,1,1,1
2017051702530,3,9,0,17,0,8,0,0,0,0,2,1,6,1,46,8,1995,2,4,4,1,4
2017051702531,1,1,0,18,0,6,0,0,0,0,1,1,6,2,70,10,-1,-1,-1,4,1,4
2017051702531,2,9,0,7,0,5,0,0,0,0,4,1,6,2,59,9,1388,1,12,2,1,2
2017051702532,1,9,0,7,0,2,0,0,0,0,1,1,6,1,60,9,1997,2,1,7,2,7
2017051702532,2,1,0,18,0,8,0,0,0,0,2,1,6,1,44,7,-1,-1,-1,7,2,7
2017051702534,1,9,0,9,0,2,0,0,0,0,1,1,6,2,62,9,1149,1,1,1,1,1
2017051702534,2,1,0,18,0,1,0,0,0,0,1,1,6,1,46,8,-1,-1,-1,2,1,2
2017051702535,1,9,0,18,0,8,0,0,0,0,4,1,6,3,-1,-1,1586,1,2,-1,-1,-1
2017051702535,2,9,0,18,0,1,0,0,0,0,1,1,6,1,73,10,1248,1,5,10,1,10
2017051702536,1,9,0,18,0,1,0,0,0,0,1,1,6,2,82,11,-1,-1,-1,9,1,9
2017051702536,2,9,0,18,0,1,0,0,0,0,3,1,2,2,19,4,1242,1,8,3,1,3
2017051702540,1,9,0,9,0,6,0,0,0,0,1,1,6,2,83,11,1386,1,13,5,1,5
2017051702540,2,9,0,18,0,8,0,0,0,0,1,1,6,2,21,5,998,1,5,8,1,8
2017051702540,3,9,0,2,0,1,0,0,0,0,4,1,6,1,36,7,998,1,6,4,1,4
2017051702541,1,9,0,18,0,1,0,0,0,0,1,1,6,1,51,8,1248,2,1,7,1,7
2017051702541,2,8,0,18,0,1,0,0,0,0,4,1,1,1,70,10,2402,2,13,8,1,8
2017051702542,1,8,0,9,0,4,0,0,0,0,1,1,1,1,47,8,1753,2,10,1,1,1
2017051702542,2,2,0,18,0,8,0,0,0,0,1,1,2,1,27,6,49,1,8,4,1,4
2017051702543,1,9,0,9,0,5,0,0,0,0,4,1,1,1,55,8,1896,2,12,-1,-1,-1
2017051702543,2,3,0,18,0,8,0,0,0,0,1,1,2,1,17,4,125,1,5,9,2,9
2017051702544,1,9,0,9,0,5,0,0,0,0,4,1,1,1,46,8,1753,2,9,1,1,1
2017051702544,2,5,0,18,0,8,0,0,0,0,1,1,2,1,39,7,798,1,3,-1,-1,-1
2017051702545,1,9,0,7,0,5,0,0,0,0,4,1,6,3,-1,-1,-1,-1,-1,-1,-1,-1
2017051702546,1,19,0,1,0,0,0,0,0,0,2,1,6,1,29,6,-1,-1,-1,1,1,1
2017051702546,2,9,0,2,0,0,0,0,0,0,1,1,1,1,46,8,2400,2,3,-1,-1,-1
2017051702547,1,9,0,1,0,0,0,0,0,0,2,1,2,2,29,6,1956,2,7,5,1,5
2017051702547,2,1,0,18,0,0,0,0,0,0,1,1,4,1,11,3,-1,-1,-1,3,1,3
2017051702548,1,9,0,18,0,1,0,0,0,0,1,2,6,1,38,7,2204,2,11,1,1,1
2017051702548,2,9,0,3,0,1,0,0,0,0,2,2,6,2,23,5,1242,1,7,5,1,5
2017051702548,3,8,0,3,0,1,0,0,0,0,2,2,6,1,44,7,1560,2,4,1,1,1
2017051702549,1,-1,0,18,0,6,0,0,0,0,1,1,6,3,-1,-1,-1,-1,-1,-1,-1,-1
2017051702549,2,9,0,18,0,1,0,0,0,0,4,1,2,1,34,6,1198,1,1,1,1,1
2017051702550,1,9,0,18,0,0,0,0,0,0,1,1,1,1,48,8,1686,2,3,6,1,6
2017051702550,2,9,0,3,0,0,1,0,0,0,1,1,6,1,63,9,1995,2,5,4,1,4
2017051702550,3,9,0,3,0,0,0,0,0,0,2,1,6,2,40,7,998,1,2,10,1,10
2017051702552,1,9,0,9,0,6,0,0,0,0,1,1,6,1,84,11,1364,1,8,8,1,8
2017051702552,2,1,0,18,0,8,0,0,0,0,1,1,6,1,41,7,-1,-1,-1,10,1,10
2017051702553,1,9,0,9,0,8,0,0,0,0,1,1,6,2,24,5,1242,1,5,3,1,3
2017051702554,1,9,0,9,0,5,0,0,0,0,3,1,6,1,86,11,1956,2,7,4,1,4
2017051702555,1,9,0,9,0,8,0,0,0,0,4,1,6,1,19,4,1229,1,12,3,1,3
2017051702555,2,4,0,18,0,8,0,0,0,0,1,1,6,1,19,4,498,1,18,4,1,4
2017051702556,1,9,0,9,0,8,0,0,0,0,1,1,6,2,39,7,1200,1,3,6,1,6
2017051702556,2,9,0,7,0,8,0,0,0,0,3,1,6,1,80,11,1332,1,19,9,2,9
2017051702557,1,9,0,1,0,0,0,0,0,0,2,1,6,1,-1,-1,-1,-1,-1,-1,-1,-1
2017051702557,2,1,0,18,0,0,0,0,0,0,1,1,2,1,11,3,-1,-1,-1,4,1,4
2017051702561,1,8,0,7,0,6,1,0,0,0,1,1,6,1,32,6,1685,2,1,1,1,1
2017051702561,2,1,0,18,0,8,0,0,0,0,4,1,2,2,29,6,-1,-1,-1,1,1,1
2017051702562,1,11,0,18,0,0,0,0,0,0,0,1,1,1,60,9,5883,2,15,7,1,7
2017051702564,1,9,0,1,0,6,0,0,0,0,2,1,2,1,23,5,1197,1,4,6,1,6
2017051702564,2,3,0,18,0,1,0,0,0,0,1,1,6,1,21,5,124,1,-1,2,1,2
2017051702566,1,9,0,12,0,0,0,0,0,0,4,1,6,1,71,10,2494,8,-1,3,1,3
2017051702566,2,5,0,18,0,0,0,0,0,0,1,1,6,1,31,6,599,1,14,1,1,1
2017051702567,1,9,0,13,0,0,0,0,1,0,4,1,6,3,-1,-1,-1,-1,-1,-1,-1,-1
2017051702567,2,1,0,18,0,0,0,0,0,0,3,1,2,1,23,5,-1,-1,-1,1,1,1
2017051702568,1,9,0,12,0,1,0,0,0,0,0,1,6,1,-1,-1,-1,-1,-1,-1,-1,-1
2017051702568,2,21,1,18,0,1,0,0,0,0,0,1,1,1,50,8,9364,2,11,1,1,1
2017051702568,3,9,0,18,0,1,1,0,0,0,1,1,6,1,32,6,1968,2,3,1,1,1
2017051702568,4,9,0,18,0,1,0,0,0,0,2,1,6,1,52,8,1197,1,2,3,1,3
2017051702569,1,1,0,16,0,1,0,0,0,0,1,1,6,1,45,7,-1,-1,-1,1,1,1
2017051702569,2,8,0,17,0,1,0,0,0,0,1,1,1,1,34,6,1560,2,4,1,1,1
2017051702570,1,9,0,9,0,8,0,0,0,0,1,1,6,2,64,9,1242,1,7,6,1,6
2017051702570,2,5,0,9,0,8,0,0,0,0,1,1,6,1,60,9,645,1,1,1,1,1
2017051702571,1,9,0,9,0,8,0,0,0,0,1,1,6,2,37,7,1590,1,20,3,1,3
2017051702571,2,9,0,18,0,8,0,0,1,0,1,1,2,1,22,5,1995,2,11,3,1,3
2017051702572,1,9,0,9,0,8,0,0,0,0,1,1,6,1,45,7,1598,1,14,1,1,1
2017051702572,2,9,0,18,0,8,0,0,0,0,1,1,6,1,35,6,1598,2,-1,5,1,5
2017051702573,1,9,0,9,0,6,0,0,0,0,1,1,6,1,21,5,1329,1,3,2,1,2
2017051702573,2,19,0,18,0,8,0,0,0,0,4,1,1,2,48,8,-1,-1,-1,8,1,8
2017051702574,1,9,0,18,0,1,0,0,0,0,1,1,6,1,32,6,1398,1,3,9,1,9
2017051702574,2,9,0,18,0,1,0,0,0,0,2,1,6,1,36,7,1799,1,7,3,1,3
2017051702574,3,9,0,18,0,1,0,0,0,0,2,1,2,2,23,5,1242,1,4,3,1,3
2017051702574,4,9,0,18,0,1,0,0,0,0,2,1,2,1,58,9,1796,1,12,8,1,8
2017051702577,1,9,0,18,0,1,0,0,0,0,1,1,6,3,-1,-1,-1,-1,-1,-1,-1,-1
2017051702577,2,1,0,18,0,1,0,0,0,0,2,1,6,1,25,5,-1,-1,-1,1,1,1
2017051702578,1,9,0,9,0,8,0,0,0,0,3,1,6,1,60,9,1995,2,1,9,1,9
2017051702578,2,9,0,9,0,8,0,0,0,0,1,1,6,1,33,6,1973,1,19,4,1,4
2017051702579,1,11,0,7,0,8,0,0,0,0,3,1,1,1,53,8,-1,-1,-1,2,1,2
2017051702579,2,1,0,18,0,8,0,0,0,0,4,1,6,1,36,7,-1,-1,-1,8,1,8
2017051702580,1,9,0,18,0,0,1,0,0,0,1,1,2,1,39,7,1956,2,5,4,1,4
2017051702580,2,9,0,18,0,0,1,0,1,4,1,1,6,1,59,9,998,1,1,-1,-1,-1
2017051702581,1,9,0,18,0,0,0,0,7,11,1,1,6,2,44,7,2143,2,-1,2,1,2
2017051702582,1,9,0,4,0,1,0,0,0,0,1,1,6,1,26,6,-1,-1,-1,3,1,3
2017051702582,2,8,0,10,0,1,0,0,0,0,2,1,2,1,38,7,2664,2,15,1,1,1
2017051702584,1,9,0,18,0,6,0,0,0,0,3,1,6,3,-1,-1,-1,-1,-1,-1,-1,-1
2017051702584,2,1,0,18,0,1,0,0,0,0,1,1,6,1,46,8,-1,-1,-1,6,1,6
2017051702585,1,19,0,18,0,8,0,0,0,0,1,1,6,1,46,8,1598,2,2,1,1,1
2017051702585,2,9,0,3,0,8,0,0,0,0,2,1,6,2,22,5,1329,1,6,7,3,7
2017051702587,1,9,0,18,0,1,0,0,0,0,1,1,6,1,75,10,1596,1,11,1,1,1
2017051702587,2,19,0,18,0,1,0,0,0,0,2,1,2,1,49,8,1248,2,3,1,1,1
2017051702587,3,19,0,18,0,1,0,0,0,0,2,1,2,1,24,5,1997,2,7,7,1,7
2017051702589,1,9,0,18,0,0,0,0,0,0,1,1,6,1,69,10,1997,2,10,3,1,3
2017051702590,1,9,0,18,0,4,0,0,0,0,1,1,2,2,31,6,1124,1,15,1,1,1
2017051702590,2,3,0,18,0,4,0,0,0,0,4,1,2,1,19,4,125,1,1,4,1,4
2017051702591,1,19,0,9,0,8,0,0,0,0,3,1,6,1,77,11,1998,2,13,1,1,1
2017051702591,2,1,0,18,0,8,0,0,0,0,1,1,6,1,29,6,-1,-1,-1,4,2,4
2017051702592,1,9,0,11,0,0,0,0,0,0,1,1,6,2,86,11,1560,2,11,6,1,6
2017051702593,1,5,0,18,0,0,0,0,5,6,3,1,6,1,21,5,847,1,2,1,1,1
2017051702593,2,9,0,18,0,0,0,0,0,0,1,1,6,3,-1,-1,1242,1,2,-1,-1,-1
2017051702593,3,9,0,18,0,0,0,0,0,0,1,1,6,1,48,8,1461,2,7,1,1,1
2017051702595,1,9,0,18,0,1,0,0,0,0,0,1,6,3,-1,-1,-1,-1,-1,-1,-1,-1
2017051702595,2,3,0,18,0,1,0,0,0,0,0,1,1,1,29,6,124,1,4,2,1,2
2017051702596,1,9,0,9,0,8,0,0,0,0,0,1,6,1,59,9,2497,2,19,1,1,1
2017051702597,1,9,0,1,0,8,0,0,0,0,2,1,1,1,51,8,1390,1,14,2,1,2
2017051702598,1,9,0,14,0,8,0,0,0,0,4,1,6,2,31,6,1560,2,6,2,1,2
2017051702598,2,9,0,13,0,8,0,0,0,0,3,1,6,1,46,8,1998,1,14,4,1,4
2017051702598,3,9,0,18,0,8,0,0,0,0,1,1,6,1,44,7,1986,2,10,4,1,4
2017051702599,1,9,0,7,0,8,0,0,0,0,0,1,6,3,-1,-1,-1,-1,-1,-1,-1,-1
2017051702601,1,8,0,5,0,4,0,0,0,0,0,1,6,1,36,7,-1,-1,-1,2,1,2
2017051702601,2,5,0,18,0,8,0,0,0,0,0,1,6,1,50,8,-1,-1,-1,1,1,1
2017051702602,1,9,0,18,0,8,0,0,0,0,1,1,6,2,33,6,1598,2,1,3,1,3
2017051702603,1,9,0,18,0,0,0,0,0,0,2,1,6,2,47,8,1198,1,5,6,3,6
2017051702603,2,9,0,17,0,0,0,0,0,0,1,1,6,2,20,4,1200,1,1,2,1,2
2017051702604,1,90,0,1,0,0,0,0,0,0,2,1,6,1,-1,-1,-1,-1,-1,-1,-1,-1
2017051702604,2,9,0,4,0,0,0,0,0,0,1,1,1,1,34,6,2993,2,6,2,1,2
2017051702605,1,9,0,14,0,0,0,0,0,0,3,1,6,1,18,4,1598,1,9,7,1,7
2017051702605,2,3,0,14,0,0,0,0,0,0,4,1,6,1,17,4,125,1,2,3,1,3
2017051702607,1,9,0,18,0,0,0,0,0,0,1,1,6,2,31,6,1498,1,10,5,1,5
2017051702608,1,9,0,18,0,0,1,0,0,0,1,1,6,1,43,7,1596,1,12,1,1,1
2017051702608,2,9,0,4,0,0,0,0,0,0,2,1,6,2,41,7,1396,1,16,5,1,5
2017051702608,3,9,0,3,0,0,0,0,0,0,2,1,6,1,40,7,1968,2,1,7,1,7
2017051702609,1,1,0,18,0,8,0,0,0,0,1,1,6,1,12,3,-1,-1,-1,2,1,2
2017051702609,2,9,0,9,0,5,0,0,0,0,4,1,6,1,50,8,1499,2,-1,5,1,5
2017051702610,1,5,0,17,0,0,0,0,1,0,1,1,6,1,29,6,649,1,7,7,1,7
2017051702611,1,9,0,18,0,0,0,0,0,0,3,1,6,2,36,7,-1,-1,-1,4,1,4
2017051702612,1,9,0,18,0,0,0,0,0,0,1,1,6,3,-1,-1,-1,-1,-1,-1,-1,-1
2017051702612,2,1,0,18,0,0,0,0,0,0,2,1,6,1,18,4,-1,-1,-1,1,1,1
2017051702614,1,9,0,18,0,0,0,0,0,0,2,1,6,1,30,6,-1,-1,-1,4,1,4
2017051702614,2,9,0,18,0,0,0,0,0,0,2,1,6,2,62,9,998,1,5,4,1,4
2017051702616,1,9,0,9,0,6,0,0,0,0,1,1,6,1,37,7,1796,1,13,1,1,1
2017051702616,2,9,0,18,0,8,0,0,0,0,4,1,6,2,48,8,-1,-1,-1,5,1,5
2017051702616,3,9,0,18,0,8,0,0,0,0,3,1,6,1,52,8,1461,2,-1,3,1,3
2017051702619,1,9,0,18,0,8,0,0,0,0,4,1,6,2,47,8,1390,1,10,8,1,8
2017051702620,1,9,0,18,0,8,1,0,0,0,1,1,6,1,34,6,-1,-1,-1,9,1,9
2017051702620,2,9,0,18,0,8,1,0,1,1,1,1,2,2,43,7,1998,8,1,10,1,10
2017051702621,1,9,0,18,0,2,0,0,0,0,3,1,6,3,-1,-1,-1,-1,-1,-1,-1,-1
2017051702622,1,19,0,2,0,0,0,0,0,0,3,1,1,1,45,7,2689,2,14,-1,-1,-1
2017051702622,2,9,0,1,0,0,0,0,0,0,3,1,6,1,-1,-1,-1,-1,-1,-1,-1,-1
2017051702622,3,19,0,2,0,0,0,0,0,0,2,1,1,3,-1,-1,1997,2,8,-1,-1,-1
2017051702623,1,9,0,18,0,2,0,0,0,0,1,1,6,1,87,11,1364,1,7,5,1,5
2017051702624,1,3,0,18,0,8,0,0,0,0,1,1,6,1,55,8,125,1,2,2,1,2
2017051702624,2,9,0,15,0,8,0,0,0,0,1,1,6,1,74,10,1999,1,7,3,1,3
2017051702625,1,9,0,18,0,0,0,0,0,0,1,1,6,2,24,5,998,1,3,1,1,1
2017051702625,2,19,0,2,0,0,0,0,0,0,2,1,1,3,-1,-1,-1,-1,-1,-1,-1,-1
2017051702627,1,19,0,15,0,0,0,0,0,0,4,1,6,1,51,8,-1,-1,-1,2,1,2
2017051702627,2,1,0,18,0,0,0,0,0,0,3,1,6,1,62,9,-1,-1,-1,1,1,1
2017051702628,1,9,0,9,0,6,0,0,0,0,2,1,6,1,21,5,1995,2,-1,7,1,7
2017051702628,2,9,0,18,0,8,0,0,0,0,1,1,6,1,33,6,1598,2,2,7,1,7
2017051702631,1,9,0,9,0,2,0,0,0,0,1,1,6,1,54,8,1397,1,15,10,1,10
2017051702633,1,9,0,18,0,0,0,0,0,0,1,1,6,2,31,6,1596,1,9,1,1,1
2017051702633,2,9,0,18,0,0,0,0,0,0,2,1,6,2,22,5,998,1,2,7,1,7
2017051702635,1,9,0,18,0,0,0,0,0,0,1,1,6,2,41,7,999,1,15,1,1,1
2017051702635,2,8,0,2,0,0,0,0,0,0,1,1,6,3,-1,-1,2231,2,9,-1,-1,-1
2017051702637,1,9,0,17,0,8,0,0,0,0,1,1,6,1,62,9,1599,1,12,-1,-1,-1
2017051702637,2,19,0,18,0,8,0,0,0,0,1,1,6,1,48,8,1968,2,2,3,1,3
2017051702638,1,9,0,18,0,8,0,4,0,0,1,1,6,1,37,7,1390,1,18,1,1,1
2017051702638,2,9,0,2,0,8,0,4,0,0,0,1,6,3,-1,-1,2099,1,15,-1,-1,-1
2017051702638,3,9,0,2,0,8,0,0,1,2,0,1,6,3,-1,-1,1199,1,15,-1,-1,-1
2017051702640,1,9,0,18,0,1,0,0,0,0,1,1,6,1,23,5,-1,-1,-1,1,1,1
2017051702640,2,9,0,18,0,2,0,0,0,0,1,1,1,1,37,7,2993,2,4,-1,-1,-1
2017051702641,1,5,0,18,0,8,0,0,0,0,4,1,6,1,61,9,649,1,1,1,1,1
2017051702641,2,9,0,9,0,8,0,0,0,0,3,1,6,1,53,8,1968,2,3,8,1,8
2017051702642,1,9,0,7,0,1,0,0,0,0,1,1,6,1,34,6,1399,2,11,1,1,1
2017051702642,2,9,0,18,0,8,0,0,0,0,1,1,6,1,38,7,1898,2,15,1,1,1
2017051702644,1,9,0,9,0,6,0,0,0,0,1,1,6,1,28,6,1956,2,6,1,1,1
2017051702644,2,8,0,18,0,8,0,0,1,0,4,1,1,1,59,9,2499,2,9,3,1,3
2017051702645,1,9,0,18,0,0,0,0,0,0,3,1,6,2,27,6,2143,2,1,2,1,2
2017051702647,1,9,0,18,0,1,0,0,0,0,1,1,6,1,-1,-1,-1,-1,-1,-1,-1,-1
2017051702647,2,9,0,8,0,1,0,0,0,0,2,1,6,1,39,7,1396,1,5,-1,-1,-1
2017051702648,1,9,0,18,0,0,0,0,0,0,3,1,6,2,18,4,998,1,3,3,1,3
2017051702648,2,9,0,18,0,0,0,0,0,0,1,1,6,1,53,8,1461,2,8,2,1,2
2017051702649,1,9,0,18,0,1,0,0,0,0,1,1,6,2,64,9,1398,1,13,3,1,3
2017051702650,1,9,0,18,0,2,0,0,0,0,4,1,6,1,28,6,1598,2,5,9,1,9
2017051702652,1,9,0,18,0,0,0,0,7,0,3,1,6,3,-1,-1,-1,-1,-1,-1,-1,-1
2017051702653,1,9,0,9,0,4,0,0,0,0,1,1,6,2,53,8,1799,1,9,1,1,1
2017051702653,2,1,0,9,0,3,0,0,0,0,2,1,6,2,55,8,-1,-1,-1,1,1,1
2017051702654,1,9,0,18,0,0,0,0,0,0,1,1,6,1,33,6,1596,1,14,4,1,4
2017051702655,1,5,0,18,0,0,0,0,0,0,4,1,2,1,29,6,1050,1,3,4,1,4
2017051702656,1,9,0,18,0,0,0,0,1,2,1,2,6,1,87,11,1598,1,3,5,1,5
2017051702657,1,9,0,18,0,1,0,0,0,0,4,1,2,1,24,5,1586,1,12,1,1,1
2017051702657,2,9,0,18,0,8,0,0,0,0,1,1,6,2,39,7,1197,1,6,4,1,4
2017051702658,1,1,0,18,0,8,0,0,0,0,1,1,6,1,40,7,-1,-1,-1,1,1,1
2017051702658,2,9,0,18,0,4,0,0,0,0,1,1,2,1,25,5,1197,1,1,-1,-1,-1
2017051702659,1,9,0,9,0,8,0,0,0,0,4,1,6,2,50,8,999,1,1,5,1,5
2017051702659,2,9,0,18,0,8,0,0,0,0,1,1,6,1,71,10,1769,1,13,1,1,1
2017051702660,1,9,0,9,0,1,0,0,0,0,4,1,6,1,17,4,1398,1,2,8,1,8
2017051702660,2,9,0,18,0,1,0,0,0,0,1,1,1,1,50,8,1796,1,3,1,1,1
2017051702661,1,9,0,7,0,5,0,0,0,0,1,1,6,3,-1,-1,-1,-1,-1,-1,-1,-1
2017051702662,1,9,0,18,0,2,0,0,0,0,1,1,2,2,21,5,1242,1,5,1,1,1
2017051702663,1,9,0,9,0,1,0,0,0,0,1,1,1,2,31,6,1242,1,5,1,1,1
2017051702664,1,9,0,18,0,3,0,0,0,0,1,1,6,1,-1,-1,-1,-1,-1,-1,-1,-1
2017051702664,2,9,0,18,0,3,0,0,0,0,4,1,2,1,34,6,1497,1,16,3,1,3
2017051702667,1,2,0,18,0,1,0,0,0,0,1,1,6,1,17,4,49,1,9,8,1,8
2017051702667,2,9,0,4,0,1,0,0,0,0,2,1,6,2,60,9,1461,2,1,10,1,10
2017051702668,1,9,0,18,0,0,0,0,0,0,1,1,6,1,77,11,1560,2,11,2,1,2
2017051702668,2,9,0,4,0,0,0,0,0,0,2,1,6,1,24,5,998,1,12,3,1,3
2017051702668,3,5,0,18,0,0,0,0,0,0,0,1,1,1,33,6,1170,1,6,1,1,1
2017051702670,1,9,0,9,0,5,0,0,0,0,1,1,6,2,73,10,1197,1,-1,8,1,8
2017051702670,2,9,0,18,0,8,0,0,0,0,3,1,6,1,28,6,998,1,4,10,1,10
2017051702671,1,9,0,16,0,0,1,0,0,0,1,1,2,2,31,6,1598,1,12,1,1,1
2017051702671,2,9,0,17,0,0,0,10,1,11,3,1,2,2,36,7,1598,1,4,7,1,7
2017051702672,1,9,0,7,0,1,0,0,0,0,1,1,6,1,26,6,1596,1,10,1,1,1
2017051702672,2,9,0,8,0,1,0,0,0,0,2,1,6,2,53,8,998,1,3,9,1,9
2017051702673,1,19,0,18,0,0,0,0,0,0,1,1,1,1,56,9,2198,2,2,2,1,2
2017051702673,2,9,0,2,0,0,0,0,1,0,2,1,6,2,78,11,999,1,-1,5,2,5
2017051702674,1,-1,0,-1,0,8,0,0,0,0,-1,1,6,3,-1,-1,-1,-1,-1,-1,-1,-1
2017051702674,2,8,0,18,0,8,0,0,0,0,-1,1,1,1,63,9,1997,2,9,1,1,1
2017051702675,1,11,0,18,0,1,0,0,0,0,0,1,1,2,39,7,5132,2,-1,1,1,1
2017051702676,1,9,0,18,0,0,0,0,0,0,4,1,6,1,60,9,1242,1,18,1,1,1
2017051702677,1,9,0,18,0,8,0,0,1,7,4,1,6,2,38,7,1390,1,9,9,2,9
2017051702678,1,9,0,6,0,0,2,0,0,0,3,1,2,1,19,4,1198,1,12,1,1,1
2017051702678,2,9,0,18,0,0,0,0,0,0,0,1,2,2,29,6,1396,1,15,5,1,5
2017051702680,1,9,0,18,0,0,0,0,0,0,1,2,6,3,-1,-1,-1,-1,-1,-1,-1,-1
2017051702680,2,9,0,18,0,0,0,0,0,0,0,2,6,3,-1,-1,-1,-1,-1,-1,-1,-1
2017051702680,3,9,0,18,0,0,0,0,1,10,2,2,1,1,34,6,1560,2,1,-1,-1,-1
2017051702681,1,9,0,1,0,0,0,0,0,0,2,1,6,3,-1,-1,-1,-1,-1,-1,-1,-1
2017051702682,1,9,0,18,0,1,0,0,0,0,0,1,6,2,40,7,1968,2,2,1,1,1
2017051702683,1,9,0,18,0,0,0,0,4,6,1,1,6,1,-1,-1,-1,-1,-1,-1,-1,-1
2017051702683,2,9,0,18,0,0,0,0,0,0,1,1,6,1,52,8,1398,2,11,10,1,10
2017051702684,1,9,0,18,0,0,0,0,0,0,1,1,6,1,84,11,1388,1,2,6,1,6
2017051702684,2,1,0,18,0,0,0,0,0,0,1,1,1,2,36,7,-1,-1,-1,2,1,2
2017051702687,1,9,0,18,0,0,0,10,7,2,1,1,6,1,48,8,1598,1,15,1,1,1
2017051702688,1,9,0,18,0,8,0,0,0,0,1,1,6,3,-1,-1,-1,-1,-1,-1,-1,-1
2017051702688,2,1,0,18,0,8,0,0,0,0,4,1,2,1,41,7,-1,-1,-1,1,1,1
2017051702689,1,9,0,5,0,4,0,0,0,0,1,1,1,3,-1,-1,1596,1,12,-1,-1,-1
2017051702689,2,19,0,18,0,8,0,0,0,0,4,1,3,1,54,8,1870,2,11,8,1,8
2017051702690,1,19,0,18,0,6,0,0,0,0,4,1,1,1,29,6,1998,2,14,1,1,1
2017051702690,2,9,0,18,0,8,0,0,0,0,1,1,6,2,65,9,1497,1,12,4,1,4
2017051702691,1,21,1,7,0,8,0,2,1,1,4,1,1,3,-1,-1,-1,-1,-1,-1,-1,-1
2017051702693,1,9,0,9,0,6,0,0,0,0,0,1,6,1,47,8,1685,2,4,8,1,8
2017051702693,2,9,0,18,0,1,0,0,1,11,0,1,6,1,21,5,-1,-1,-1,9,1,9
2017051702694,1,9,0,9,0,5,0,0,0,0,1,1,6,1,18,4,1086,1,12,1,1,1
2017051702694,2,1,0,18,0,1,0,0,0,0,1,1,6,1,33,6,-1,-1,-1,2,1,2
2017051702695,1,9,0,18,0,1,0,0,0,0,4,1,1,1,34,6,1753,2,9,1,1,1