Accident_Index,Vehicle_Reference,Vehicle_Type,Towing_and_Articulation,Vehicle_Manoeuvre,Vehicle_Location-Restricted_Lane,Junction_Location,Skidding_and_Overturning,Hit_Object_in_Carriageway,Vehicle_Leaving_Carriageway,Hit_Object_off_Carriageway,1st_Point_of_Impact,Was_Vehicle_Left_Hand_Drive?,Journey_Purpose_of_Driver,Sex_of_Driver,Age_of_Driver,Age_Band_of_Driver,Engine_Capacity_(CC),Propulsion_Code,Age_of_Vehicle,Driver_IMD_Decile,Driver_Home_Area_Type,Vehicle_IMD_Decile
2017051702893,1,9,0,9,0,1,0,0,0,0,1,1,6,2,42,7,1388,1,10,1,1,1
2017051702893,2,9,0,18,0,1,0,0,0,0,1,1,6,2,78,11,998,1,7,3,1,3
2017051702894,1,1,0,18,0,0,1,0,0,0,3,1,6,1,10,2,-1,-1,-1,2,1,2
2017051702894,2,9,0,18,0,0,1,0,0,0,1,1,6,1,59,9,1248,2,9,1,1,1
2017051702895,1,17,0,5,0,0,0,0,0,0,3,1,1,1,29,6,-1,-1,-1,1,1,1
2017051702895,2,9,0,18,0,0,0,0,0,0,1,1,6,1,34,6,1149,1,5,1,1,1
2017051702898,1,9,0,5,0,2,0,0,1,2,1,2,6,1,36,7,1956,2,5,5,1,5
2017051702898,2,11,0,18,0,1,0,0,0,0,4,2,1,1,49,8,6696,2,3,3,1,3
2017051702899,1,9,0,3,0,0,0,0,0,0,1,1,6,1,72,10,998,1,6,5,1,5
2017051702899,2,4,0,18,0,0,1,0,0,0,1,1,6,1,44,7,498,1,21,1,1,1
2017051702900,1,19,5,-1,0,0,0,0,0,0,0,1,1,1,31,6,-1,-1,-1,1,1,1
2017051702903,1,9,0,9,0,8,0,0,0,0,1,1,6,1,36,7,1242,1,4,1,1,1
2017051702904,1,9,0,18,0,0,0,0,0,0,1,1,2,1,56,9,1598,2,3,7,1,7
2017051702904,2,9,0,4,0,0,0,0,0,0,2,1,6,2,45,7,1995,2,3,9,1,9
2017051702904,3,9,0,18,0,0,0,1,0,0,1,1,6,1,71,10,1596,1,13,1,1,1
2017051702905,1,9,0,18,0,0,0,0,0,0,1,1,6,3,-1,-1,1598,1,12,-1,-1,-1
2017051702907,1,9,0,6,0,0,0,0,0,0,4,1,6,3,-1,-1,-1,-1,-1,-1,-1,-1
2017051702907,2,9,0,18,0,0,0,0,0,0,1,1,6,1,49,8,998,1,4,5,1,5
2017051702909,1,9,0,9,0,8,0,0,0,0,1,1,6,1,25,5,-1,-1,-1,7,1,7
2017051702909,2,3,0,18,0,1,0,0,0,0,1,1,6,1,26,6,124,1,12,1,1,1
2017051702910,1,9,0,18,0,0,1,0,0,0,1,1,6,2,32,6,1968,2,8,3,1,3
2017051702910,2,9,0,18,0,0,0,0,0,0,1,1,6,1,24,5,1242,1,8,7,1,7
2017051702910,3,9,0,18,0,0,0,0,0,0,1,1,6,1,22,5,-1,-1,-1,9,1,9
2017051702911,1,9,0,18,0,8,0,0,0,0,1,1,6,1,48,8,-1,-1,-1,1,1,1
2017051702911,2,8,0,18,0,8,0,0,0,0,3,1,1,1,52,8,2664,2,11,5,1,5
2017051702912,1,9,0,18,0,0,0,0,0,0,1,1,1,1,55,8,1956,2,3,3,1,3
2017051702912,2,9,0,3,0,0,0,0,0,0,2,1,1,1,73,10,2400,2,1,-1,1,-1
2017051702913,1,9,0,18,0,0,0,0,0,0,1,1,6,2,33,6,-1,-1,-1,4,1,4
2017051702913,2,9,0,3,0,0,0,0,0,0,2,1,1,2,31,6,1242,1,10,6,1,6
2017051702914,1,9,0,4,0,0,1,0,0,0,1,1,6,2,25,5,999,1,2,7,1,7
2017051702914,2,19,0,18,0,0,0,10,0,0,3,1,6,1,61,9,1870,2,13,6,1,6
2017051702915,1,9,0,18,0,8,0,0,0,0,1,1,6,2,40,7,1206,1,8,7,1,7
2017051702915,2,9,0,18,0,8,0,0,0,0,3,1,6,1,84,11,1299,1,13,7,1,7
2017051702916,1,9,0,5,0,1,0,0,0,0,1,1,6,1,55,8,-1,-1,-1,5,1,5
2017051702917,1,9,0,18,0,0,0,0,0,0,4,1,6,1,32,6,898,1,1,1,1,1
2017051702918,1,9,0,1,0,0,0,0,0,0,2,1,6,2,-1,-1,1390,1,10,1,1,1
2017051702918,2,9,0,2,0,0,0,0,0,0,1,1,3,1,31,6,2295,1,16,1,1,1
2017051702919,1,9,0,14,0,0,0,0,0,0,0,1,6,3,-1,-1,-1,-1,-1,-1,-1,-1
2017051702919,2,3,0,18,0,0,0,0,1,0,4,1,6,1,23,5,124,1,5,1,1,1
2017051702920,1,9,0,18,0,0,0,0,1,9,1,1,6,1,51,8,2967,2,1,9,1,9
2017051702921,1,9,0,5,0,2,0,0,0,0,1,1,6,2,73,10,-1,-1,-1,7,1,7
2017051702921,2,1,0,18,0,2,0,0,0,0,4,1,6,1,53,8,-1,-1,-1,7,1,7
2017051702922,1,9,0,9,0,8,0,0,0,0,1,1,6,1,76,11,1997,2,10,8,1,8
2017051702922,2,1,0,18,0,8,0,0,0,0,1,1,6,1,47,8,-1,-1,-1,5,1,5
2017051702923,1,9,0,17,0,0,0,0,0,0,1,1,6,1,42,7,1998,2,10,1,1,1
2017051702925,1,9,0,5,0,1,0,0,0,0,1,1,6,1,50,8,-1,-1,-1,2,1,2
2017051702925,2,1,0,18,0,1,0,0,0,0,1,1,6,1,22,5,-1,-1,-1,1,1,1
2017051702926,1,9,0,6,0,0,0,0,0,0,1,1,1,1,53,8,1910,2,10,8,1,8
2017051702926,2,5,0,18,0,0,0,0,0,0,1,1,2,1,22,5,847,1,2,8,1,8
2017051702927,1,9,0,18,0,8,0,0,0,0,1,1,2,2,25,5,1198,1,-1,5,1,5
2017051702927,2,19,0,18,0,8,0,0,0,0,4,1,2,1,28,6,1995,2,6,2,1,2
2017051702928,1,9,-1,1,0,0,0,0,0,0,2,1,6,3,-1,-1,-1,-1,-1,-1,-1,-1
2017051702929,1,9,0,18,0,1,0,0,0,0,3,1,6,3,-1,-1,-1,-1,-1,-1,-1,-1
2017051702930,1,9,0,9,0,5,0,0,0,0,1,1,6,2,71,10,-1,-1,-1,9,1,9
2017051702931,1,9,0,2,0,0,0,0,0,0,3,1,6,2,83,11,1242,1,10,9,1,9
2017051702932,1,9,0,18,0,1,0,0,8,11,1,1,6,3,-1,-1,-1,-1,-1,-1,-1,-1
2017051702932,2,9,0,5,0,2,1,4,0,0,3,1,6,2,42,7,1398,1,6,3,1,3
2017051702932,3,9,0,2,0,2,0,0,0,0,2,1,6,2,43,7,1997,2,5,7,1,7
2017051702932,4,9,0,2,0,1,0,4,0,0,2,1,6,3,-1,-1,999,1,3,-1,-1,-1
2017051702932,5,9,0,2,0,1,0,0,0,0,2,1,6,3,-1,-1,999,1,-1,-1,-1,-1
2017051702934,1,9,0,3,0,8,0,0,0,0,4,1,3,2,44,7,1395,1,1,3,1,3
2017051702934,2,11,0,3,0,8,0,0,0,0,3,1,1,1,26,6,6692,2,6,7,1,7
2017051702937,1,9,0,1,0,0,0,0,0,0,2,1,6,2,37,7,1388,1,14,2,1,2
2017051702938,1,19,0,6,0,0,0,0,0,0,0,1,1,1,28,6,2148,2,8,5,1,5
2017051702940,1,97,0,18,0,8,1,0,0,0,4,1,2,1,32,6,-1,-1,-1,5,1,5
2017051702940,2,9,0,6,0,8,0,0,0,0,0,1,6,3,-1,-1,-1,-1,-1,-1,-1,-1
2017051702941,1,9,0,18,0,5,0,0,0,0,1,1,6,3,-1,-1,-1,-1,-1,-1,-1,-1
2017051702942,2,9,0,9,0,4,0,0,0,0,4,1,6,2,34,6,1499,2,1,7,1,7
2017051702943,1,9,0,9,0,8,0,0,0,0,1,1,6,2,60,9,998,1,10,7,3,7
2017051702943,2,9,0,18,0,8,0,0,0,0,3,1,6,2,58,9,1200,1,1,4,1,4
2017051702944,1,8,0,18,0,0,0,0,0,0,4,1,1,1,45,7,2664,2,15,1,1,1
2017051702945,1,9,0,9,0,5,0,0,0,0,4,1,6,2,55,8,1400,1,12,3,3,3
2017051702945,2,9,0,18,0,8,0,0,0,0,1,1,6,1,62,9,1595,1,16,5,1,5
2017051702947,1,9,0,18,0,0,0,0,0,0,1,1,6,1,47,8,2494,2,2,3,1,3
2017051702947,2,9,0,18,0,0,0,0,0,0,2,1,6,1,47,8,1229,1,6,4,1,4
2017051702947,3,9,0,18,0,0,0,0,0,0,2,1,6,2,39,7,1386,1,9,6,2,6
2017051702947,4,9,0,18,0,0,0,0,0,0,2,1,6,1,41,7,1499,2,1,5,1,5
2017051702948,1,19,0,9,0,1,0,0,0,0,1,1,1,1,53,8,1968,2,3,7,1,7
2017051702948,2,9,0,18,0,1,0,10,1,0,1,1,1,1,22,5,1560,2,-1,-1,-1,-1
2017051702949,1,9,-1,-1,0,0,0,0,0,0,1,1,6,1,29,6,1596,1,4,1,1,1
2017051702950,1,9,0,18,0,0,0,0,0,0,3,1,6,1,-1,-1,-1,-1,-1,-1,-1,-1
2017051702953,1,9,0,18,0,0,0,0,1,2,4,1,2,1,54,8,1600,2,8,8,1,8
2017051702954,1,9,0,18,0,3,0,0,0,0,4,1,6,1,67,10,2148,2,9,5,1,5
2017051702954,2,9,0,18,0,3,0,0,0,0,3,1,6,1,31,6,1796,1,13,1,1,1
2017051702956,1,19,0,17,0,1,0,0,0,0,1,1,1,1,54,8,1560,2,4,1,1,1
2017051702956,2,1,0,4,0,1,0,0,0,0,3,1,1,1,23,5,-1,-1,-1,1,1,1
2017051702957,1,9,0,17,0,8,0,0,1,2,1,1,1,1,33,6,1968,2,9,1,1,1
2017051702957,2,9,0,9,0,8,0,0,0,0,1,1,6,1,46,8,-1,-1,-1,-1,2,-1
2017051702959,1,9,0,4,0,1,0,0,0,0,1,1,6,2,-1,-1,-1,-1,-1,-1,-1,-1
2017051702962,1,9,0,18,0,0,2,0,2,4,1,1,1,2,19,4,1598,1,5,-1,-1,-1
2017051702963,1,9,0,18,0,1,0,0,0,0,1,1,6,1,47,8,1598,1,9,3,1,3
2017051702963,2,9,0,10,0,8,0,0,0,0,2,1,6,2,28,6,1398,1,-1,1,1,1
2017051702964,1,9,0,7,0,1,0,0,0,0,1,1,1,1,43,7,2993,2,-1,1,1,1
2017051702964,2,9,0,7,0,1,0,0,0,0,4,1,6,1,25,5,-1,-1,-1,4,1,4
2017051702965,1,9,0,18,0,0,0,0,0,0,1,1,1,1,32,6,2993,2,-1,-1,-1,-1
2017051702965,2,8,0,1,0,0,0,0,0,0,2,1,6,1,29,6,1997,2,4,1,1,1
2017051702967,1,9,0,9,0,2,0,0,0,0,1,1,6,2,30,6,1598,1,3,8,1,8
2017051702968,1,9,0,9,0,1,0,0,0,0,1,1,6,2,64,9,998,1,13,6,1,6
2017051702968,2,9,0,18,0,1,0,0,0,0,1,1,6,2,46,8,1560,2,9,-1,-1,-1
2017051702969,1,8,0,18,0,8,0,0,0,0,4,1,1,1,39,7,1686,2,3,1,1,1
2017051702969,2,1,0,18,0,8,0,0,0,0,1,1,6,1,23,5,-1,-1,-1,1,1,1
2017051702970,1,9,0,9,0,6,0,0,0,0,3,1,2,1,33,6,1995,2,1,7,1,7
2017051702970,2,3,0,13,0,1,0,0,0,0,1,1,6,1,21,5,124,1,12,9,1,9
2017051702971,1,9,0,9,0,8,0,0,0,0,1,1,6,1,22,5,1560,2,9,3,2,3
2017051702971,2,9,0,18,0,8,0,0,0,0,1,1,6,2,53,8,1149,1,9,7,1,7
2017051702972,1,2,0,18,0,8,0,0,0,0,1,1,6,1,-1,-1,-1,-1,-1,-1,-1,-1
2017051702972,2,9,0,18,0,8,0,0,0,0,3,1,6,2,39,7,-1,-1,-1,1,1,1
2017051702973,1,9,0,7,0,8,0,0,0,0,1,1,2,1,20,4,1149,1,10,8,1,8
2017051702973,2,9,0,18,0,8,0,0,0,0,1,1,2,1,32,6,1997,2,9,3,1,3
2017051702974,1,9,0,16,0,1,1,0,3,11,1,1,6,1,31,6,2000,1,12,1,1,1
2017051702975,1,8,0,18,0,0,0,0,0,0,1,1,1,1,46,8,1753,2,10,2,1,2
2017051702976,1,19,0,18,0,3,0,0,0,0,1,1,1,1,33,6,2143,2,2,2,1,2
2017051702976,2,9,0,18,0,3,1,0,1,7,4,1,2,1,45,7,1968,2,-1,6,1,6
2017051702978,1,9,0,9,0,8,0,0,0,0,1,1,2,1,58,9,2143,2,2,5,1,5
2017051702978,2,9,0,18,0,8,0,0,1,7,1,1,6,1,25,5,1598,1,4,2,1,2
2017051702979,1,9,0,18,0,0,0,0,0,0,1,1,6,2,62,9,1396,1,21,6,1,6
2017051702979,2,9,0,18,0,0,0,0,0,0,1,1,6,2,66,10,1598,2,5,3,1,3
2017051702979,3,9,0,2,0,0,0,0,0,0,3,1,6,3,-1,-1,1796,1,11,-1,-1,-1
2017051702981,1,19,0,9,0,5,0,0,0,0,3,1,6,3,-1,-1,-1,-1,-1,-1,-1,-1
2017051702981,2,9,0,7,0,6,0,0,0,0,3,1,6,2,37,7,1461,2,1,1,1,1
2017051702982,1,11,0,11,0,8,0,0,0,0,4,1,1,1,54,8,6696,2,3,2,1,2
2017051702982,2,9,0,18,0,8,0,0,0,0,3,1,2,1,28,6,999,1,1,1,1,1
2017051702983,1,9,0,18,0,1,0,0,0,0,1,1,6,2,62,9,998,1,18,1,1,1
2017051702983,2,9,0,10,0,1,0,0,0,0,2,1,6,2,54,8,1598,1,9,1,1,1
2017051702985,1,9,0,4,0,0,0,0,0,0,1,1,6,2,46,8,1995,2,3,5,1,5
2017051702985,2,9,0,3,0,0,0,0,0,0,2,1,6,2,42,7,2231,2,5,2,1,2
2017051702986,1,9,0,18,0,1,0,0,0,0,1,1,6,1,24,5,999,1,-1,2,1,2
2017051702986,2,8,0,18,0,1,0,0,1,2,3,1,1,1,38,7,2231,2,8,5,1,5
2017051702987,1,9,0,18,0,0,0,0,0,0,1,1,2,3,-1,-1,1397,1,10,-1,-1,-1
2017051702989,1,3,0,18,0,0,1,0,0,0,1,1,6,3,-1,-1,-1,-1,-1,-1,-1,-1
2017051702991,1,9,0,9,0,8,0,0,1,11,3,1,6,1,79,11,1399,1,1,1,1,1
2017051702991,2,11,0,18,0,8,0,0,0,0,1,1,1,1,33,6,6700,2,8,1,1,1
2017051702992,1,9,0,18,0,0,0,0,0,0,1,1,6,3,-1,-1,1999,2,1,-1,-1,-1
2017051702993,1,9,0,18,0,0,0,0,0,0,1,1,6,1,52,8,1242,1,2,7,1,7
2017051702994,1,8,0,14,0,0,0,0,0,0,0,1,6,3,-1,-1,-1,-1,-1,-1,-1,-1
2017051702995,1,3,0,18,0,0,1,0,0,0,1,1,6,1,25,5,-1,-1,-1,1,1,1
2017051702995,2,21,0,18,0,0,0,0,0,0,1,1,1,1,43,7,10837,2,2,2,1,2
2017051702996,1,1,0,18,0,4,0,0,0,0,1,1,6,1,15,3,-1,-1,-1,1,1,1
2017051702996,2,9,0,5,0,4,0,0,0,0,4,1,6,1,60,9,-1,-1,-1,5,1,5
2017051702997,1,9,0,7,0,6,0,0,0,0,1,1,6,2,40,7,1560,2,1,1,1,1
2017051702997,2,9,0,18,0,8,0,0,0,0,4,1,6,1,20,4,1685,2,-1,6,1,6
2017051702998,1,9,0,9,0,5,0,0,0,0,3,1,6,2,50,8,1560,2,5,6,1,6
2017051702999,1,9,0,18,0,0,0,0,0,0,3,1,2,1,35,6,1242,1,12,1,1,1
2017051703001,1,3,0,18,0,8,0,0,0,0,1,1,2,1,29,6,124,1,3,1,1,1
2017051703001,2,9,0,18,0,8,0,0,0,0,2,1,2,1,29,6,1956,2,5,10,1,10
2017051703002,1,9,0,9,0,8,0,0,0,0,2,1,6,2,79,11,998,1,2,4,1,4
2017051703002,2,9,0,18,0,8,0,0,0,0,1,1,6,1,43,7,1596,1,17,3,1,3
2017051703003,1,19,0,9,0,1,0,0,0,0,3,1,6,1,28,6,1995,2,6,1,1,1
2017051703005,1,9,0,18,0,8,0,0,0,0,3,1,6,2,63,9,1991,1,-1,6,1,6
2017051703005,2,9,0,18,0,8,1,0,0,0,3,1,6,2,67,10,1598,1,5,7,1,7
2017051703007,1,9,0,15,0,0,0,0,0,0,1,1,6,1,83,11,-1,-1,-1,3,1,3
2017051703007,2,9,0,2,0,0,0,0,0,0,2,1,6,1,67,10,-1,-1,-1,7,1,7
2017051703010,1,21,1,5,0,1,0,0,0,0,1,1,1,2,30,6,10837,2,2,2,1,2
2017051703010,2,21,1,5,0,1,0,0,0,0,0,1,1,1,49,8,12902,2,4,7,1,7
2017051703011,1,9,0,18,0,1,0,0,0,0,1,1,6,3,-1,-1,-1,-1,-1,-1,-1,-1
2017051703011,2,9,0,3,0,1,0,0,0,0,2,1,6,2,48,8,1124,1,16,1,1,1
2017051703011,3,9,0,3,0,1,0,0,0,0,2,1,6,2,23,5,1598,2,4,-1,-1,-1
2017051703011,4,19,0,3,0,1,0,0,0,0,2,1,2,2,24,5,1248,2,4,7,1,7
2017051703011,5,8,0,18,0,8,0,0,0,0,1,1,1,1,35,6,1968,2,6,6,1,6
2017051703012,1,9,0,9,0,8,0,0,1,2,1,1,6,2,19,4,1242,1,8,3,1,3
2017051703014,1,9,0,1,0,0,0,0,0,0,2,1,3,2,35,6,796,1,16,6,1,6
2017051703015,1,9,0,18,0,0,0,0,0,0,1,1,6,1,29,6,1998,2,10,1,1,1
2017051703015,2,8,0,18,0,0,0,0,1,0,2,1,1,1,55,8,2499,2,10,7,1,7
2017051703017,1,9,0,9,0,6,0,0,0,0,1,1,6,2,74,10,1329,1,1,10,2,10
2017051703017,2,11,0,18,0,1,0,0,0,0,1,1,1,1,61,9,5900,2,11,1,1,1
2017051703018,1,9,0,9,0,3,0,0,0,0,1,1,6,1,91,11,1197,1,3,9,1,9
2017051703019,1,3,0,18,0,0,0,10,0,0,1,1,6,1,85,11,109,1,5,8,1,8
2017051703020,1,9,0,18,0,2,0,0,0,0,1,1,6,1,30,6,1596,1,15,3,1,3
2017051703021,1,5,0,18,0,0,1,0,1,0,1,1,6,1,23,5,847,1,-1,1,1,1
2017051703021,2,9,0,2,0,0,0,0,0,0,2,1,6,3,-1,-1,1197,1,-1,-1,-1,-1
2017051703022,1,9,0,18,0,8,0,0,0,0,1,1,1,1,51,8,1998,2,9,1,1,1
2017051703022,2,1,0,18,0,8,0,0,0,0,3,1,6,1,48,8,-1,-1,-1,1,1,1
2017051703023,1,9,0,18,0,0,2,0,1,0,1,1,1,2,41,7,1149,1,8,1,1,1
2017051703023,2,9,0,18,0,0,0,0,0,0,0,1,1,2,30,6,1596,1,11,-1,1,-1
2017051703025,1,9,0,18,0,8,0,0,0,0,1,1,6,3,-1,-1,-1,-1,-1,-1,-1,-1
2017051703025,2,19,0,18,0,8,0,0,0,0,3,1,2,1,54,8,1968,2,1,7,1,7
2017051703026,1,9,0,18,0,1,1,0,0,0,1,1,2,2,52,8,1399,1,1,1,1,1
2017051703026,2,9,0,18,0,1,0,0,0,0,2,1,2,2,22,5,1956,2,2,1,1,1
2017051703026,3,9,0,18,0,1,0,0,0,0,2,1,1,2,37,7,1596,1,11,1,1,1
2017051703027,1,9,0,12,0,5,0,0,0,0,1,1,2,2,41,7,1999,2,2,-1,-1,-1
2017051703032,1,9,0,9,0,6,0,0,0,0,1,1,6,2,58,9,1364,1,-1,1,1,1
2017051703032,2,9,0,9,0,8,0,0,0,0,3,1,6,2,28,6,1149,1,8,1,1,1
2017051703036,1,9,0,18,0,4,0,0,0,0,1,1,1,1,25,5,1560,2,-1,1,1,1
2017051703037,1,9,0,18,0,0,1,0,0,0,1,1,1,1,31,6,2967,1,14,7,1,7
2017051703037,2,9,0,18,0,0,0,0,0,0,1,1,1,1,52,8,-1,-1,-1,-1,-1,-1
2017051703037,3,19,0,18,0,0,0,0,0,0,1,1,1,1,55,8,1248,2,3,4,1,4
2017051703037,4,9,0,18,0,0,0,0,0,0,3,1,1,2,27,6,1560,2,3,1,1,1
2017051703039,1,9,0,18,0,8,0,0,0,0,1,1,6,1,67,10,2231,2,11,1,1,1
2017051703040,1,1,0,18,0,8,0,0,0,0,1,1,6,1,55,8,-1,-1,-1,2,1,2
2017051703040,2,8,0,18,0,8,0,0,0,0,3,1,1,1,46,8,1997,2,6,1,1,1
2017051703041,1,9,0,9,0,1,0,0,0,0,1,1,6,2,44,7,1499,2,-1,1,1,1
2017051703042,1,9,0,9,0,6,0,0,0,0,1,1,6,1,53,8,1364,1,8,1,1,1
2017051703042,2,9,0,4,0,1,0,0,0,0,3,1,6,1,53,8,1986,2,11,5,1,5
2017051703043,1,9,0,18,0,0,1,0,1,4,3,1,6,1,31,6,1991,1,-1,9,1,9
2017051703044,1,3,0,18,0,3,0,0,0,0,1,1,1,1,30,6,124,1,3,1,1,1
2017051703045,1,9,0,4,0,0,0,0,0,0,1,1,6,1,21,5,1229,1,3,10,1,10
2017051703045,2,9,-1,4,0,0,0,0,0,0,2,1,6,1,64,9,1598,2,7,2,1,2
2017051703046,2,1,0,18,0,8,0,0,0,0,1,1,6,1,22,5,-1,-1,-1,1,1,1
2017051703047,1,9,0,18,0,0,0,7,0,0,1,1,1,1,52,8,1998,2,13,8,1,8
2017051703049,1,9,0,10,0,8,0,0,0,0,1,1,6,1,20,4,1242,1,5,3,1,3
2017051703049,2,9,0,18,0,1,0,0,0,0,1,1,6,2,28,6,2143,2,6,3,1,3
2017051703050,1,9,0,5,0,8,0,0,0,0,1,1,2,2,20,4,1398,1,4,-1,-1,-1
2017051703051,1,9,0,9,0,8,0,0,0,0,3,1,6,1,61,9,1598,2,-1,2,1,2
2017051703051,2,3,0,18,0,8,0,0,0,0,1,1,2,1,23,5,124,1,1,1,1,1
2017051703052,1,4,0,16,0,8,1,0,0,0,4,1,6,1,22,5,296,1,4,8,1,8
2017051703053,1,-1,0,18,0,8,0,0,0,0,4,1,6,3,-1,-1,-1,-1,-1,-1,-1,-1
2017051703054,1,8,0,5,0,0,0,0,0,0,0,1,6,1,60,9,1991,2,9,1,1,1
2017051703054,2,3,0,18,0,0,1,4,0,0,1,1,6,1,19,4,-1,-1,-1,1,1,1
2017051703054,3,9,0,2,0,0,0,0,0,0,1,1,6,3,-1,-1,-1,-1,-1,-1,-1,-1
2017051703055,1,9,0,18,0,8,0,0,0,0,1,1,3,2,49,8,998,1,-1,7,1,7
2017051703055,2,8,0,18,0,8,0,0,7,0,4,1,1,1,55,8,1896,2,7,1,1,1
2017051703056,1,9,0,3,0,1,0,0,0,0,1,1,2,1,61,9,1499,2,2,7,1,7
2017051703056,2,1,0,18,0,8,0,0,0,0,4,1,1,2,33,6,-1,-1,-1,3,1,3
2017051703057,1,21,1,18,0,0,0,0,0,0,1,1,1,1,62,9,10677,2,-1,8,1,8
2017051703057,2,9,0,18,0,0,1,0,0,0,3,1,6,1,29,6,1560,2,3,4,3,4
2017051703058,1,9,0,5,0,6,0,0,0,0,1,1,6,1,31,6,1999,2,15,6,1,6
2017051703058,2,4,0,18,0,1,0,0,0,0,1,1,6,1,24,5,-1,-1,-1,1,1,1
2017051703059,1,8,0,5,0,0,0,0,0,0,3,2,1,1,34,6,1497,8,10,1,1,1
2017051703059,2,1,0,18,0,0,0,0,0,0,1,1,6,1,29,6,-1,-1,-1,1,1,1
2017051703060,1,11,0,5,0,0,0,0,0,0,0,1,1,1,57,9,6696,2,2,2,1,2
2017051703062,1,9,0,18,0,0,0,0,0,0,1,1,6,3,-1,-1,-1,-1,-1,-1,-1,-1
2017051703062,2,9,0,18,0,0,0,0,0,0,2,1,6,1,59,9,2199,2,8,9,1,9
2017051703063,1,19,0,18,0,1,0,0,0,0,1,1,6,3,-1,-1,-1,-1,-1,-1,-1,-1
2017051703063,2,1,0,18,0,1,0,0,0,0,4,1,6,1,24,5,-1,-1,-1,2,1,2
2017051703064,1,9,0,18,0,1,0,0,0,0,1,1,6,1,75,10,998,1,4,7,2,7
2017051703064,2,9,0,3,0,1,0,0,0,0,2,1,6,1,47,8,1299,1,13,4,1,4
2017051703066,1,19,0,5,0,0,0,0,0,0,3,1,1,1,55,8,1560,2,-1,1,1,1
2017051703066,2,3,0,18,0,0,0,0,0,0,4,1,2,1,53,8,125,1,1,2,1,2
2017051703067,1,9,0,7,0,1,0,0,0,0,3,1,6,3,-1,-1,-1,-1,-1,-1,-1,-1
2017051703067,2,22,0,18,0,8,0,0,0,0,3,1,6,1,73,10,-1,-1,-1,1,1,1
2017051703068,1,9,0,18,0,0,0,0,0,0,1,1,6,1,24,5,1242,1,5,1,1,1
2017051703072,1,9,0,9,0,2,0,0,0,0,1,1,6,1,30,6,-1,-1,-1,1,1,1
2017051703072,2,1,0,18,0,2,0,0,0,0,1,1,2,2,42,7,-1,-1,-1,1,1,1
2017051703074,1,9,0,7,0,5,0,0,0,0,4,1,6,1,26,6,1199,1,15,1,1,1
2017051703074,2,1,0,18,0,1,0,0,0,0,1,1,2,1,20,4,-1,-1,-1,3,1,3
2017051703075,1,9,0,18,0,0,0,0,0,0,1,1,6,1,23,5,999,1,9,6,1,6
2017051703075,2,19,0,2,0,0,0,0,0,0,2,1,6,3,-1,-1,1248,2,12,-1,-1,-1
2017051703078,1,9,0,6,0,1,0,0,0,0,3,1,6,1,38,7,1896,2,9,1,1,1
2017051703078,2,1,0,13,0,1,0,0,0,0,1,1,2,1,27,6,-1,-1,-1,1,1,1
2017051703079,1,9,0,18,0,0,0,0,0,0,4,1,6,1,-1,-1,-1,-1,-1,-1,-1,-1
2017051703080,1,9,0,7,0,2,0,0,0,0,1,1,6,1,48,8,1995,2,3,-1,-1,-1
2017051703082,1,9,0,18,0,0,0,0,0,0,1,1,6,3,-1,-1,-1,-1,-1,-1,-1,-1
2017051703083,1,8,-1,4,0,0,0,0,0,0,1,1,6,3,-1,-1,-1,-1,-1,-1,-1,-1
2017051703083,2,1,0,4,0,0,0,0,0,0,2,1,1,1,29,6,-1,-1,-1,1,1,1
2017051703085,1,9,0,18,0,0,1,0,0,0,1,1,2,1,24,5,1229,1,8,6,1,6
2017051703085,2,5,0,18,0,0,0,0,0,0,0,1,6,1,49,8,955,1,18,5,1,5
2017051703086,1,8,0,5,0,1,0,0,0,0,1,1,6,1,52,8,-1,-1,-1,1,1,1
2017051703087,1,9,0,18,0,8,0,10,4,1,1,1,6,1,67,10,1968,2,-1,-1,-1,-1
2017051703087,2,9,0,18,0,8,0,0,0,0,3,1,6,1,39,7,1686,2,6,5,1,5
2017051703087,3,19,0,18,0,8,0,0,0,0,1,1,1,1,27,6,-1,-1,-1,9,1,9
2017051703089,1,9,0,2,0,0,0,0,0,0,3,1,2,3,-1,-1,998,1,8,-1,-1,-1
2017051703090,1,8,0,7,0,6,0,0,3,11,4,1,6,1,54,8,1896,2,13,7,1,7
2017051703090,2,9,0,18,0,8,0,0,0,0,1,1,6,1,30,6,999,1,1,-1,-1,-1
2017051703091,1,8,0,18,0,0,0,0,0,0,1,1,1,1,26,6,2401,2,9,1,1,1
2017051703094,1,9,0,9,0,5,0,0,0,0,1,1,2,2,63,9,1197,1,2,2,1,2
2017051703095,1,8,0,5,0,1,0,0,0,0,3,1,1,1,44,7,1499,2,1,4,1,4
2017051703095,2,10,0,18,0,1,0,0,0,0,1,1,1,1,47,8,-1,-1,-1,1,1,1
2017051703097,1,9,0,18,0,1,0,0,0,0,1,1,2,1,48,8,-1,-1,-1,1,1,1
2017051703097,2,9,0,9,0,1,0,0,0,0,0,1,3,1,32,6,1968,2,5,1,1,1
2017051703100,1,9,0,18,0,1,0,0,0,0,1,1,6,1,-1,-1,-1,-1,-1,-1,-1,-1
2017051703102,1,9,0,18,0,1,0,0,0,0,1,1,1,1,32,6,1753,2,10,4,1,4
2017051703102,2,9,0,18,0,1,0,0,0,0,4,1,6,1,73,10,1248,1,6,1,1,1