Accident_Index,Vehicle_Reference,Vehicle_Type,Towing_and_Articulation,Vehicle_Manoeuvre,Vehicle_Location-Restricted_Lane,Junction_Location,Skidding_and_Overturning,Hit_Object_in_Carriageway,Vehicle_Leaving_Carriageway,Hit_Object_off_Carriageway,1st_Point_of_Impact,Was_Vehicle_Left_Hand_Drive?,Journey_Purpose_of_Driver,Sex_of_Driver,Age_of_Driver,Age_Band_of_Driver,Engine_Capacity_(CC),Propulsion_Code,Age_of_Vehicle,Driver_IMD_Decile,Driver_Home_Area_Type,Vehicle_IMD_Decile
2017051703104,1,9,0,7,0,4,0,0,0,0,1,1,6,1,25,5,1995,2,-1,5,1,5
2017051703104,2,1,0,18,0,4,0,0,0,0,1,1,6,1,18,4,-1,-1,-1,3,1,3
2017051703108,1,9,0,9,0,8,0,0,0,0,4,1,6,2,20,4,996,1,3,7,1,7
2017051703108,2,8,0,18,0,8,0,0,0,0,1,1,1,1,23,5,1560,2,6,1,1,1
2017051703109,1,19,0,18,0,8,0,0,0,0,1,1,2,1,62,9,1248,2,10,1,1,1
2017051703109,2,19,0,18,0,8,0,0,7,11,4,1,1,1,55,8,2143,2,3,1,1,1
2017051703110,1,9,0,9,0,8,0,0,0,0,3,1,6,3,-1,-1,-1,-1,-1,-1,-1,-1
2017051703110,2,1,0,18,0,8,0,0,0,0,1,1,6,1,59,9,-1,-1,-1,2,1,2
2017051703111,1,9,0,18,0,8,0,0,0,0,4,1,6,1,53,8,1398,2,14,4,1,4
2017051703111,2,1,0,18,0,8,0,0,0,0,4,1,2,1,32,6,-1,-1,-1,3,1,3
2017051703112,1,9,0,1,0,0,0,0,0,0,2,2,6,3,-1,-1,-1,-1,-1,-1,-1,-1
2017051703112,2,9,0,18,0,0,0,0,0,0,1,2,1,1,38,7,1560,2,-1,-1,-1,-1
2017051703113,1,9,0,9,0,8,0,0,4,0,1,1,6,2,26,6,1395,1,2,1,1,1
2017051703113,2,19,0,18,0,8,0,0,0,0,1,1,2,1,36,7,1753,2,7,1,1,1
2017051703114,1,9,0,18,0,0,0,0,0,0,1,1,2,2,65,9,1388,1,8,5,2,5
2017051703114,2,9,0,18,0,0,0,0,0,0,2,1,2,2,34,6,2987,2,10,6,2,6
2017051703117,1,9,0,18,0,8,0,0,0,0,1,1,6,1,42,7,2143,2,2,4,1,4
2017051703117,2,19,0,18,0,8,0,0,0,0,1,1,6,1,45,7,1753,2,17,1,1,1
2017051703119,1,8,0,7,0,1,0,0,0,0,3,1,6,3,-1,-1,-1,-1,-1,-1,-1,-1
2017051703120,1,9,0,18,0,0,0,0,0,0,1,1,6,1,29,6,1968,2,9,8,1,8
2017051703122,1,9,0,18,0,2,0,4,0,0,1,1,6,1,83,11,1398,1,3,3,1,3
2017051703122,2,9,0,2,0,1,0,0,0,0,2,1,1,1,64,9,999,1,-1,1,1,1
2017051703123,1,9,0,15,0,1,0,0,0,0,1,1,6,1,21,5,1598,2,1,1,1,1
2017051703124,1,8,0,5,0,0,0,0,0,0,0,1,1,1,46,8,2143,2,-1,1,1,1
2017051703125,1,9,0,9,0,1,0,0,0,0,1,1,6,1,55,8,1984,2,2,4,2,4
2017051703125,2,1,0,18,0,1,0,0,0,0,3,1,6,2,36,7,-1,-1,-1,1,1,1
2017051703127,1,9,0,9,0,6,0,0,0,0,1,1,1,1,55,8,1388,1,13,1,1,1
2017051703127,2,8,0,18,0,8,0,0,0,0,1,1,1,1,31,6,1995,2,3,1,1,1
2017051703128,1,9,0,16,0,0,0,0,7,0,1,1,6,1,82,11,2480,1,1,7,1,7
2017051703128,2,9,0,17,0,0,1,0,1,0,1,1,6,1,42,7,1995,2,-1,7,1,7
2017051703130,1,9,0,18,0,0,0,0,0,0,4,1,1,2,29,6,998,1,4,1,1,1
2017051703131,1,9,0,18,0,0,0,0,0,0,1,1,6,3,-1,-1,-1,-1,-1,-1,-1,-1
2017051703132,1,9,0,18,0,0,0,0,0,0,1,1,6,3,30,6,-1,-1,-1,-1,-1,-1
2017051703132,2,9,0,2,0,0,0,0,0,0,2,1,1,1,38,7,-1,-1,-1,1,1,1
2017051703132,3,19,0,2,0,0,0,0,0,0,2,1,6,3,-1,-1,1870,2,12,-1,-1,-1
2017051703133,1,9,0,1,0,0,0,0,0,0,2,1,6,1,55,8,1753,2,10,3,1,3
2017051703133,2,3,0,18,0,0,0,0,0,0,1,1,6,1,31,6,124,1,5,1,1,1
2017051703134,1,1,0,18,0,0,0,0,0,0,1,1,6,1,11,3,-1,-1,-1,1,1,1
2017051703134,2,9,0,4,0,0,0,0,0,0,4,1,2,1,54,8,1995,2,1,4,1,4
2017051703135,1,9,0,18,0,0,0,0,0,0,1,1,6,1,-1,-1,-1,-1,-1,-1,-1,-1
2017051703136,1,9,0,18,0,0,0,0,0,0,4,1,6,3,-1,-1,-1,-1,-1,-1,-1,-1
2017051703136,2,1,0,18,0,0,0,0,0,0,1,1,6,1,40,7,-1,-1,-1,2,1,2
2017051703138,1,1,0,9,0,8,0,0,0,0,4,1,6,1,20,4,-1,-1,-1,3,1,3
2017051703138,2,9,0,18,0,8,0,0,0,0,1,1,6,2,34,6,1560,2,1,1,1,1
2017051703139,1,9,0,18,0,0,0,0,0,0,4,1,6,3,-1,-1,-1,-1,-1,-1,-1,-1
2017051703140,1,9,0,2,0,0,0,0,0,0,3,1,6,3,-1,-1,1968,2,7,-1,-1,-1
2017051703140,2,1,0,18,0,0,0,4,0,0,1,1,6,2,40,7,-1,-1,-1,3,1,3
2017051703141,1,3,0,18,0,1,1,0,0,0,3,1,2,1,30,6,124,1,5,2,1,2
2017051703143,1,9,0,4,0,1,0,0,0,0,0,1,1,1,25,5,1560,2,1,2,1,2
2017051703143,2,9,0,4,0,1,0,0,0,0,0,1,1,1,27,6,1560,2,-1,-1,-1,-1
2017051703143,3,9,0,18,0,6,0,0,0,0,1,1,6,1,23,5,1796,1,17,4,1,4
2017051703143,4,9,0,18,0,1,0,0,0,0,4,1,6,1,47,8,1591,1,-1,5,1,5
2017051703143,5,9,0,18,0,1,0,0,0,0,1,1,6,1,35,6,-1,-1,-1,3,1,3
2017051703143,6,9,0,18,0,1,0,0,0,0,1,1,6,1,66,10,1796,1,9,1,1,1
2017051703144,1,3,0,18,0,0,0,0,0,0,1,1,1,1,56,9,124,1,1,1,1,1
2017051703145,1,9,0,18,0,0,0,0,0,0,1,1,6,1,-1,-1,-1,-1,-1,-1,-1,-1
2017051703145,2,9,0,4,0,0,0,0,0,0,2,1,6,1,20,4,1229,1,10,2,1,2
2017051703146,1,9,0,9,0,1,0,0,0,0,1,1,6,2,37,7,1339,8,7,1,1,1
2017051703146,2,8,0,18,0,1,0,0,0,0,3,1,1,1,33,6,2499,2,7,1,1,1
2017051703147,1,9,0,18,0,0,0,0,0,0,1,1,6,3,-1,-1,-1,-1,-1,-1,-1,-1
2017051703147,2,9,0,18,0,0,0,0,0,0,2,1,6,1,52,8,1242,1,1,1,1,1
2017051703148,1,9,0,9,0,8,0,0,0,0,1,1,6,1,51,8,1798,1,13,2,1,2
2017051703148,2,9,0,18,0,8,0,0,0,0,1,1,6,1,36,7,1997,2,6,1,1,1
2017051703151,1,19,0,-1,0,8,0,0,0,0,0,1,2,1,27,6,1461,2,9,7,1,7
2017051703151,2,3,0,18,0,1,1,0,0,0,0,1,2,1,48,8,124,1,1,4,1,4
2017051703152,1,19,0,1,0,0,0,0,0,0,2,1,6,1,33,6,1598,1,12,1,1,1
2017051703153,1,9,0,10,0,5,0,0,0,0,1,1,6,1,30,6,2148,2,8,3,1,3
2017051703156,1,3,0,18,0,8,1,0,0,0,1,1,6,3,-1,-1,-1,-1,-1,-1,-1,-1
2017051703157,1,9,0,18,0,1,0,0,0,0,1,1,6,3,-1,-1,-1,-1,-1,-1,-1,-1
2017051703160,1,8,0,9,0,5,0,0,0,0,1,1,1,1,56,9,2499,2,7,2,1,2
2017051703160,2,1,0,10,0,1,0,0,0,0,1,1,6,1,36,7,-1,-1,-1,3,1,3
2017051703161,1,9,0,15,0,0,0,0,0,0,4,1,6,3,-1,-1,-1,-1,-1,-1,-1,-1
2017051703162,1,19,0,18,0,0,0,0,0,0,4,2,6,3,-1,-1,-1,-1,-1,-1,-1,-1
2017051703164,1,9,0,18,0,0,0,0,0,0,3,1,1,1,37,7,2993,2,6,-1,-1,-1
2017051703164,2,21,0,18,0,0,0,0,0,0,4,1,1,1,55,8,12777,2,1,1,1,1
2017051703166,1,9,0,18,0,8,0,0,0,0,1,1,6,1,46,8,1461,2,10,3,1,3
2017051703167,1,9,0,18,0,0,0,0,0,0,1,1,6,1,43,7,1686,2,6,6,1,6
2017051703168,1,9,0,5,0,6,0,0,0,0,1,1,6,2,48,8,1995,2,14,8,1,8
2017051703168,2,9,0,18,0,1,0,0,0,0,1,1,6,1,25,5,2000,2,13,3,1,3
2017051703175,1,9,0,18,0,0,0,0,0,0,4,1,6,1,71,10,2179,2,2,6,1,6
2017051703177,1,9,0,18,0,0,1,4,0,0,1,2,6,2,23,5,1995,2,4,9,1,9
2017051703177,2,19,0,2,0,0,0,0,0,0,2,2,6,3,-1,-1,-1,-1,-1,-1,-1,-1
2017051703179,1,9,0,4,0,0,0,0,0,0,1,1,2,2,27,6,1124,1,5,-1,-1,-1
2017051703181,1,9,0,5,0,0,0,0,0,0,3,1,6,1,63,9,1329,1,4,3,1,3
2017051703181,2,9,0,18,0,0,0,0,0,0,1,1,6,2,57,9,998,1,-1,1,1,1
2017051703182,1,8,0,18,0,1,0,0,0,0,4,1,1,1,65,9,2499,2,9,1,1,1
2017051703183,1,9,0,18,0,8,0,0,0,0,1,1,6,1,66,10,1588,1,13,2,1,2
2017051703184,1,1,0,18,0,0,0,0,0,0,2,1,6,1,37,7,-1,-1,-1,1,1,1
2017051703184,2,9,-1,-1,0,0,-1,-1,-1,-1,-1,-1,6,3,-1,-1,-1,-1,-1,-1,-1,-1
2017051703185,1,1,0,18,0,6,0,0,0,0,1,1,6,1,64,9,-1,-1,-1,10,1,10
2017051703185,2,9,0,18,0,8,0,0,0,0,4,1,6,3,-1,-1,-1,-1,-1,-1,-1,-1
2017051703186,1,9,0,18,0,0,0,0,0,0,1,1,6,1,17,4,1229,1,8,10,1,10
2017051703186,2,9,0,2,0,0,0,0,0,0,2,1,6,3,-1,-1,2993,2,14,-1,-1,-1
2017051703187,1,1,0,18,0,0,0,0,0,0,3,1,2,1,30,6,-1,-1,-1,2,1,2
2017051703188,1,9,0,9,0,0,0,0,0,0,3,1,6,2,61,9,1397,1,5,5,1,5
2017051703188,2,9,0,18,0,0,0,0,0,0,1,1,1,1,46,8,-1,3,1,1,1,1
2017051703188,3,19,0,18,0,0,0,0,0,0,1,1,1,1,37,7,1598,2,5,6,1,6
2017051703189,1,11,0,5,0,6,0,0,0,0,0,1,1,1,-1,-1,-1,-1,-1,-1,-1,-1
2017051703190,1,9,0,18,0,1,0,0,0,0,1,1,2,1,30,6,-1,-1,-1,3,1,3
2017051703191,1,9,0,9,0,1,0,0,0,0,4,1,6,2,27,6,1560,2,4,3,1,3
2017051703191,2,1,0,18,0,8,0,0,0,0,1,1,6,1,41,7,-1,-1,-1,9,1,9
2017051703192,1,9,0,18,0,1,0,0,0,0,1,1,6,2,44,7,1461,2,1,3,1,3
2017051703192,2,9,0,9,0,6,0,0,0,0,3,1,6,2,65,9,1461,2,3,6,1,6
2017051703196,1,19,0,5,0,1,0,0,0,0,1,1,1,1,48,8,1995,2,6,5,1,5
2017051703197,1,9,0,18,0,0,0,0,0,0,1,1,6,1,47,8,1199,1,13,1,1,1
2017051703198,1,9,0,4,0,2,0,0,0,0,1,1,6,1,33,6,1968,2,10,1,1,1
2017051703200,1,9,0,9,0,5,0,0,0,0,4,1,6,1,69,10,1422,2,8,1,1,1
2017051703200,2,1,0,18,0,1,0,0,0,0,1,1,2,1,43,7,-1,-1,-1,7,1,7
2017051703205,1,-1,0,2,0,0,0,0,0,0,1,1,6,3,-1,-1,-1,-1,-1,-1,-1,-1
2017051703206,1,9,0,18,0,0,0,0,0,0,4,1,6,1,67,10,1499,2,2,1,1,1
2017051703206,2,9,0,2,0,0,0,0,0,0,3,1,6,3,-1,-1,998,1,4,-1,-1,-1
2017051703207,1,9,0,18,0,0,0,0,0,0,1,1,6,2,32,6,2967,2,1,3,1,3
2017051703208,1,9,0,18,0,0,0,0,0,0,1,1,6,1,-1,-1,1997,2,-1,-1,-1,-1
2017051703208,2,9,0,2,0,0,0,0,0,0,1,1,1,1,32,6,1582,2,3,6,1,6
2017051703209,1,8,0,18,0,0,0,0,0,0,1,1,1,1,47,8,2499,2,9,1,1,1
2017051703210,1,9,0,18,0,0,0,0,0,0,1,1,6,2,31,6,1799,1,9,2,1,2
2017051703212,1,9,0,7,0,6,0,0,0,0,1,1,6,1,-1,-1,-1,-1,-1,-1,-1,-1
2017051703212,2,1,0,5,0,8,0,0,0,0,3,1,6,1,54,8,-1,-1,-1,-1,-1,-1
2017051703213,1,9,0,18,0,0,0,0,0,0,3,1,6,1,80,11,1198,1,9,9,1,9
2017051703213,2,9,0,18,0,0,0,0,0,0,3,1,6,1,48,8,2993,2,-1,8,1,8
2017051703214,1,9,0,18,0,1,0,0,0,0,0,1,1,1,35,6,2993,2,-1,-1,-1,-1
2017051703214,2,9,0,18,0,1,5,10,1,5,4,1,6,1,23,5,1995,2,10,1,1,1
2017051703215,1,9,0,18,0,1,0,0,0,0,1,1,6,1,20,4,1339,1,10,4,1,4
2017051703215,2,5,0,18,0,1,0,0,0,0,1,1,6,1,41,7,689,1,1,-1,-1,-1
2017051703216,1,9,0,18,0,8,0,0,0,0,3,1,6,2,58,9,998,1,16,1,1,1
2017051703216,2,9,0,18,0,8,0,0,0,0,1,1,6,1,28,6,1596,1,8,1,1,1
2017051703219,1,9,0,18,0,0,0,0,0,0,1,1,6,1,38,7,5998,1,6,5,1,5
2017051703219,2,9,0,2,0,0,0,0,0,0,2,1,6,3,-1,-1,1461,2,3,-1,-1,-1
2017051703219,3,9,0,2,0,0,0,0,0,0,1,1,6,3,-1,-1,996,1,5,-1,-1,-1
2017051703219,4,9,0,2,0,0,0,0,0,0,1,1,6,3,-1,-1,1910,2,10,-1,-1,-1
2017051703219,5,9,0,2,0,0,0,0,0,0,1,1,6,3,-1,-1,1124,1,11,-1,-1,-1
2017051703219,6,9,0,2,0,0,0,0,0,0,2,1,6,3,-1,-1,1124,1,8,-1,-1,-1
2017051703219,7,19,0,2,0,0,0,0,0,0,2,1,6,3,-1,-1,1753,2,11,-1,-1,-1
2017051703219,8,9,0,2,0,0,0,0,0,0,2,1,6,3,-1,-1,1598,1,11,-1,-1,-1
2017051703220,1,11,0,18,0,0,0,0,0,0,1,1,1,1,49,8,8268,2,11,3,1,3
2017051703221,1,19,0,9,0,8,0,0,0,0,4,1,6,1,49,8,2198,2,9,1,1,1
2017051703221,2,3,0,18,0,1,0,0,0,0,1,1,1,1,19,4,125,1,2,1,1,1
2017051703223,1,9,0,7,0,8,0,0,0,0,3,1,6,3,-1,-1,-1,-1,-1,-1,-1,-1
2017051703226,1,9,0,18,0,2,0,0,0,0,1,1,6,1,38,7,2171,1,15,1,1,1
2017051703226,2,9,0,18,0,2,0,0,0,0,2,1,6,2,46,8,1896,2,14,1,1,1
2017051703227,1,9,0,9,0,1,0,0,0,0,1,1,6,2,29,6,1596,1,12,1,1,1
2017051703228,1,9,0,18,0,8,0,0,0,0,1,1,6,1,39,7,1598,2,5,1,1,1
2017051703228,2,1,0,18,0,8,0,0,0,0,3,1,6,1,42,7,-1,-1,-1,1,1,1
2017051703228,3,9,0,8,0,6,0,0,0,0,3,1,6,2,32,6,1461,2,-1,1,1,1
2017051703229,1,9,0,1,0,0,0,0,0,0,2,1,6,2,-1,-1,-1,-1,-1,-1,-1,-1
2017051703230,1,9,0,9,0,6,0,0,0,0,3,1,6,2,70,10,1197,1,-1,3,1,3
2017051703231,1,9,0,18,0,0,0,0,0,0,1,1,6,1,21,5,998,1,8,-1,-1,-1
2017051703232,1,9,0,1,0,0,0,0,1,0,2,1,1,2,-1,-1,1686,2,6,-1,-1,-1
2017051703233,1,9,0,9,0,8,0,0,0,0,1,1,6,1,36,7,-1,-1,-1,-1,-1,-1
2017051703236,1,9,0,18,0,0,0,0,0,0,1,1,6,1,31,6,1339,1,7,1,1,1
2017051703237,1,9,0,4,0,6,1,0,0,0,1,1,6,2,67,10,1956,2,2,9,2,9
2017051703237,2,9,0,18,0,8,0,0,0,0,1,1,6,1,61,9,999,1,4,9,1,9
2017051800001,1,9,0,7,0,2,0,0,0,0,1,1,6,2,73,10,1461,2,2,5,1,5
2017051800003,1,9,0,18,0,0,0,0,0,0,1,1,6,3,-1,-1,-1,-1,-1,-1,-1,-1
2017051800003,2,9,0,2,0,0,0,0,0,0,2,1,1,1,51,8,1968,2,11,3,1,3
2017051800004,1,9,0,2,0,0,0,0,0,0,2,1,6,3,-1,-1,1229,1,8,-1,-1,-1
2017051800004,2,9,0,2,0,0,0,0,0,0,2,1,6,3,-1,-1,1242,1,9,-1,-1,-1
2017051800005,1,9,0,9,0,5,0,0,0,0,1,1,6,3,-1,-1,1896,2,14,-1,-1,-1
2017051800005,2,9,0,18,0,8,0,0,0,0,1,1,2,2,35,6,1496,2,1,-1,-1,-1
2017051800006,1,8,0,9,0,6,0,0,0,0,1,1,1,1,36,7,1968,2,3,1,1,1
2017051800009,1,9,0,18,0,1,0,0,0,0,4,1,6,2,53,8,1896,2,9,1,1,1
2017051800009,2,9,0,9,0,1,0,0,0,0,1,1,6,3,-1,-1,-1,-1,-1,-1,-1,-1
2017051800010,1,9,0,1,0,0,0,0,0,0,2,1,6,1,28,6,1597,2,3,-1,-1,-1
2017051800012,1,9,0,18,0,0,1,0,2,11,1,1,6,1,26,6,2993,2,13,5,1,5
2017051800013,1,9,0,18,0,4,0,0,0,0,1,1,6,1,-1,-1,-1,-1,-1,-1,-1,-1
2017051800013,2,1,0,7,0,8,0,0,0,0,4,1,2,1,28,6,-1,-1,-1,1,1,1
2017051800014,1,9,0,18,0,0,0,0,0,0,1,1,6,3,-1,-1,-1,-1,-1,-1,-1,-1
2017051800015,1,-1,0,-1,0,0,0,-1,0,0,-1,1,6,3,-1,-1,-1,-1,-1,-1,-1,-1
2017051800017,1,9,0,17,0,0,1,0,8,11,1,1,6,1,39,7,1596,1,10,3,1,3
2017051800018,1,9,0,14,0,0,0,0,0,0,1,1,6,2,-1,-1,-1,-1,-1,-1,-1,-1
2017051800019,1,8,0,18,0,0,0,0,0,0,3,-1,1,3,-1,-1,-1,-1,-1,-1,-1,-1
2017051800020,1,4,0,18,0,1,1,0,0,0,1,1,6,1,18,4,-1,-1,-1,2,1,2
2017051800020,2,9,0,18,0,1,0,0,0,0,2,1,6,1,18,4,1199,1,14,3,1,3
2017051800021,1,8,0,18,0,0,0,0,0,0,1,1,1,1,-1,-1,-1,-1,-1,-1,-1,-1
2017051800022,1,9,0,7,0,5,0,0,0,0,1,1,6,1,74,10,-1,-1,-1,8,1,8
2017051800022,2,1,0,9,0,6,0,0,0,0,1,1,6,1,29,6,-1,-1,-1,1,1,1
2017051800025,1,4,0,18,0,0,0,0,0,0,2,1,6,1,22,5,-1,-1,-1,2,1,2
2017051800025,2,19,0,18,0,0,0,0,0,0,1,1,1,1,46,8,1968,2,3,6,1,6
2017051800026,1,9,0,18,0,1,0,0,0,0,1,1,6,2,31,6,1390,1,10,6,1,6
2017051800028,1,9,0,5,0,4,0,0,0,0,1,1,6,1,33,6,1364,1,1,2,1,2
2017051800028,2,9,0,5,0,4,0,0,0,0,2,1,1,2,43,7,1560,2,7,5,1,5
2017051800036,1,9,0,9,0,6,0,0,0,0,1,1,6,3,-1,-1,-1,-1,-1,-1,-1,-1
2017051800036,2,9,0,18,0,1,0,0,0,0,4,1,6,1,23,5,998,1,6,7,1,7
2017051800037,1,9,0,18,0,2,0,0,0,0,4,1,6,2,33,6,1248,2,9,1,1,1
2017051800040,1,9,0,-1,0,0,-1,0,-1,0,-1,-1,6,3,-1,-1,-1,-1,-1,-1,-1,-1
2017051800040,2,1,0,-1,0,0,0,0,-1,0,-1,1,6,1,58,9,-1,-1,-1,1,1,1
2017051800043,1,9,0,18,0,0,0,0,0,0,1,1,2,2,35,6,1995,2,12,1,1,1
2017051800052,1,1,0,18,0,1,0,0,0,0,2,1,2,2,30,6,-1,-1,-1,1,1,1
2017051800052,2,9,0,1,0,1,0,0,0,0,2,1,1,1,-1,-1,-1,-1,-1,1,1,1
2017051800055,1,9,0,17,0,1,0,0,0,0,1,1,1,1,-1,-1,1968,2,3,-1,-1,-1
2017051800056,1,9,0,18,0,0,0,0,0,0,4,1,6,1,79,11,1198,1,8,8,1,8
2017051800057,1,9,0,16,0,8,0,0,7,1,1,1,6,2,32,6,1299,1,16,1,1,1
2017051800063,1,21,0,18,0,0,0,0,0,0,1,1,1,1,45,7,5880,2,11,6,1,6
2017051800063,2,9,0,18,0,0,0,0,0,0,2,1,1,1,51,8,-1,-1,-1,5,1,5
2017051800065,1,9,0,8,0,6,0,0,0,0,1,1,6,3,-1,-1,-1,-1,-1,-1,-1,-1
2017051800065,2,9,0,18,0,8,0,10,7,0,4,1,6,1,45,7,1598,1,18,1,1,1
2017051800065,3,9,0,18,0,8,0,0,0,0,1,1,6,2,24,5,1596,1,10,9,1,9
2017051800066,1,9,0,9,0,8,0,0,0,0,0,1,6,2,76,11,1386,1,9,3,1,3
2017051800066,2,3,0,18,0,1,1,0,0,0,0,1,2,1,31,6,124,1,7,1,1,1
2017051800073,1,10,0,7,0,1,0,0,0,0,1,1,6,1,37,7,-1,-1,-1,1,1,1
2017051800081,1,9,0,18,0,0,0,0,0,0,-1,1,6,3,-1,-1,-1,-1,-1,-1,-1,-1
2017051800085,1,9,0,18,0,1,0,0,0,0,1,1,6,3,-1,-1,-1,-1,-1,-1,-1,-1
2017051800085,2,9,0,3,0,1,0,0,0,0,2,1,6,2,48,8,998,1,-1,6,1,6
2017051800087,1,9,0,7,0,8,0,0,0,0,4,1,6,3,-1,-1,-1,-1,-1,-1,-1,-1
2017051800087,2,4,0,7,0,8,0,0,0,0,1,1,6,1,25,5,125,1,1,5,1,5
2017051800089,1,3,0,18,0,0,0,0,0,0,1,1,6,1,24,5,125,1,1,1,1,1
2017051800090,1,9,0,18,0,0,0,0,0,0,4,1,1,1,-1,-1,1598,2,3,-1,-1,-1
2017051800090,2,9,0,2,0,0,0,0,0,0,3,1,6,3,-1,-1,-1,-1,-1,-1,-1,-1
2017051800091,1,1,0,18,0,8,0,0,0,0,1,1,6,1,28,6,-1,-1,-1,2,1,2
2017051800091,2,9,0,9,0,1,0,0,0,0,4,1,6,1,45,7,1995,2,8,1,1,1
2017051800092,1,9,0,7,0,6,0,0,0,0,3,1,6,2,75,10,1198,1,2,1,1,1
2017051800092,2,9,0,18,0,1,0,0,0,0,1,1,1,1,50,8,-1,-1,-1,3,1,3
2017051800098,1,9,0,9,0,5,0,0,0,0,4,1,6,1,69,10,-1,-1,-1,6,1,6
2017051800105,1,9,0,18,0,0,0,0,0,0,4,1,6,1,73,10,-1,-1,-1,6,1,6
2017051800105,2,1,0,18,0,0,0,0,0,0,3,1,6,1,25,5,-1,-1,-1,8,1,8
2017051800140,1,9,0,18,0,0,0,0,0,0,1,1,6,2,46,8,1968,2,-1,5,1,5
2017051800140,2,19,4,18,0,0,0,0,0,0,1,1,1,1,52,8,1995,2,1,3,1,3
2017051800142,1,9,0,18,0,0,0,0,1,0,1,1,6,2,59,9,1360,1,12,6,1,6
2017051800142,2,9,0,2,0,0,0,0,0,0,2,1,6,3,-1,-1,1242,1,8,-1,-1,-1
2017051800161,1,4,0,18,0,8,0,0,7,0,1,1,6,1,24,5,398,1,9,4,1,4
2017051800161,2,19,0,9,0,8,0,0,0,0,3,1,6,1,57,9,2500,2,16,7,1,7
2017051800174,1,9,0,18,0,1,0,0,0,0,1,1,6,1,46,8,-1,-1,-1,1,1,1
2017051800174,2,9,0,9,0,1,0,0,0,0,3,1,6,2,56,9,1390,1,3,4,1,4
2017051800182,1,9,0,18,0,0,0,0,0,0,3,1,6,2,49,8,1595,1,3,8,1,8
2017051800182,2,9,0,18,0,0,0,0,0,0,4,1,6,1,25,5,-1,-1,-1,7,1,7
2017051800208,1,9,0,7,0,6,0,0,0,0,1,1,6,1,30,6,-1,-1,-1,1,1,1
2017051800208,2,5,0,18,0,1,0,0,0,0,1,1,6,1,25,5,-1,-1,-1,1,1,1
2017051800273,1,9,0,18,0,0,1,0,0,0,1,1,6,1,26,6,1461,2,12,2,1,2
2017051800273,2,9,0,3,0,0,0,0,0,0,2,1,6,1,56,9,1587,1,11,2,1,2
2017051800273,3,21,0,3,0,0,0,0,0,0,2,1,1,1,35,6,-1,-1,-1,2,1,2
2017051800279,1,9,0,4,0,1,0,0,0,0,1,1,2,2,21,5,998,1,4,1,1,1
2017051800279,2,9,0,9,0,1,0,0,0,0,1,1,6,1,-1,-1,1198,1,5,3,1,3
2017051800297,1,1,0,18,0,0,0,0,0,0,1,1,2,1,57,9,-1,-1,-1,2,1,2
2017051800297,2,21,1,2,0,0,0,0,0,0,1,1,1,1,69,10,12419,2,1,2,1,2
2017051800325,1,9,0,18,0,0,0,0,0,0,0,1,1,1,28,6,2993,2,5,1,1,1
2017051800325,2,90,0,18,0,0,5,0,0,0,4,1,6,1,26,6,799,1,6,9,1,9
2017051800325,3,9,0,2,0,0,0,0,0,0,4,1,6,1,32,6,999,1,1,5,1,5
2017051800325,4,9,0,2,0,0,0,0,0,0,3,1,6,3,-1,-1,-1,-1,-1,-1,-1,-1
2017051800325,5,9,0,2,0,0,0,0,0,0,3,1,6,3,-1,-1,1995,2,3,-1,-1,-1
2017051800575,1,5,0,18,0,0,1,0,0,0,1,1,6,1,23,5,998,1,27,2,1,2
2017051800575,2,9,0,6,0,0,0,0,0,0,4,1,6,2,34,6,1685,2,1,5,1,5
2017051800672,1,9,0,18,0,0,0,0,0,0,1,1,6,1,36,7,1796,1,8,-1,-1,-1
2017051800886,1,9,0,18,0,0,0,0,0,0,2,1,2,2,21,5,1229,1,9,9,1,9
2017051801012,1,9,0,18,0,0,0,0,0,0,1,1,6,1,57,9,1598,1,17,3,1,3
2017057233267,1,9,0,15,0,0,1,0,5,6,1,1,6,1,33,6,2993,2,1,8,1,8
2017057234228,1,9,0,17,0,8,5,0,2,7,4,1,6,1,40,7,-1,-1,-1,3,1,3
2017057248410,1,9,0,5,0,0,0,0,0,0,1,2,2,1,-1,-1,-1,-1,-1,-1,-1,-1
2017057248410,2,9,0,5,0,0,0,0,0,0,2,2,2,1,26,6,1339,1,6,6,1,6
2017067103154,1,5,0,18,0,2,0,0,0,0,0,1,6,1,53,8,649,1,5,6,1,6
2017067103154,2,9,0,3,0,2,0,0,0,0,0,1,6,3,-1,-1,-1,-1,-1,-1,-1,-1
2017067158531,1,9,0,5,0,1,0,0,0,0,1,1,6,1,85,11,1560,2,-1,6,1,6
2017067158531,2,9,0,3,0,1,0,0,0,0,2,1,6,2,33,6,1560,2,8,3,1,3
2017067174363,1,1,0,18,0,0,0,0,1,0,4,1,6,1,50,8,-1,-1,-1,6,2,6
2017067174363,2,9,0,13,0,0,0,0,0,0,0,1,6,1,-1,-1,1997,2,9,-1,-1,-1
2017067275779,1,1,0,18,0,0,0,0,0,0,0,1,6,1,64,9,-1,-1,-1,2,1,2
2017067385992,1,9,0,18,0,0,0,0,0,0,1,1,6,1,30,6,1596,1,15,3,1,3
2017067385992,2,9,0,18,0,0,0,0,0,0,2,1,2,2,59,9,4966,1,14,2,1,2
201706A020801,1,19,0,9,0,5,0,0,0,0,1,1,6,1,38,7,-1,-1,-1,-1,-1,-1
201706A021700,1,9,0,1,0,1,0,0,0,0,2,-1,5,1,-1,-1,-1,-1,-1,-1,-1,-1
201706A021700,2,9,0,3,0,1,0,0,0,0,2,1,2,1,21,5,1197,1,6,2,1,2
201706A024723,1,9,0,18,0,2,0,0,0,0,1,1,6,1,28,6,2143,2,1,1,1,1