Accident_Index,Vehicle_Reference,Vehicle_Type,Towing_and_Articulation,Vehicle_Manoeuvre,Vehicle_Location-Restricted_Lane,Junction_Location,Skidding_and_Overturning,Hit_Object_in_Carriageway,Vehicle_Leaving_Carriageway,Hit_Object_off_Carriageway,1st_Point_of_Impact,Was_Vehicle_Left_Hand_Drive?,Journey_Purpose_of_Driver,Sex_of_Driver,Age_of_Driver,Age_Band_of_Driver,Engine_Capacity_(CC),Propulsion_Code,Age_of_Vehicle,Driver_IMD_Decile,Driver_Home_Area_Type,Vehicle_IMD_Decile
201706A025025,1,9,0,18,0,1,0,0,0,0,3,1,6,2,29,6,1329,1,1,2,1,2
201706A025555,1,9,0,18,0,8,0,0,0,0,1,1,6,1,30,6,2720,2,10,-1,-1,-1
201706A025555,2,3,0,18,0,8,0,0,0,0,1,1,2,1,44,7,-1,-1,-1,6,1,6
201706A025618,1,9,0,9,0,8,0,0,0,0,1,1,6,1,25,5,998,1,1,-1,-1,-1
201706A025618,2,9,0,18,0,8,0,0,0,0,1,1,6,2,43,7,1798,1,12,1,1,1
201706A025646,1,9,0,5,0,8,0,0,0,0,1,1,6,1,19,4,1598,1,11,5,1,5
201706A025646,2,9,0,18,0,8,0,0,0,0,3,1,6,1,22,5,1390,1,12,9,1,9
201706A025665,1,9,0,5,0,8,0,0,0,0,1,1,6,2,30,6,1995,2,3,-1,-1,-1
201706A025665,2,9,0,18,0,8,0,0,7,2,4,1,1,1,50,8,1598,2,5,-1,-1,-1
201706A025738,1,9,0,3,0,1,0,0,0,0,1,1,6,1,30,6,1248,1,8,-1,-1,-1
201706A025738,2,9,0,3,0,1,0,0,0,0,2,1,6,1,39,7,1560,2,7,4,1,4
201706A025806,1,9,0,9,0,1,0,0,0,0,1,1,6,2,29,6,1598,1,7,5,1,5
201706A025814,1,9,0,18,0,0,0,0,0,0,1,-1,5,3,-1,-1,-1,-1,-1,-1,-1,-1
201706A025814,2,1,0,18,0,0,0,0,0,0,3,1,6,1,21,5,-1,-1,-1,3,1,3
201706A025816,1,9,0,18,0,1,0,0,0,0,0,1,6,2,60,9,1598,2,3,3,1,3
201706A025823,1,9,0,17,0,2,0,0,2,7,4,1,6,1,22,5,1995,2,9,1,1,1
201706A025825,1,8,0,9,0,5,0,0,0,0,1,1,1,1,32,6,1896,2,7,3,1,3
201706A025825,2,1,0,18,4,8,0,0,0,0,1,1,1,1,21,5,-1,-1,-1,2,1,2
201706A025829,1,9,0,18,0,1,0,0,0,0,2,1,6,2,59,9,1364,1,1,4,1,4
201706A025829,2,8,0,18,0,1,0,0,0,0,1,-1,5,3,-1,-1,-1,-1,-1,-1,-1,-1
201706A025848,1,9,0,16,0,0,0,0,0,0,1,-1,5,3,-1,-1,-1,-1,-1,-1,-1,-1
201706A025848,2,8,0,3,0,0,0,0,0,0,2,1,1,1,42,7,1582,2,5,2,1,2
201706A025873,1,9,0,9,0,8,0,0,0,0,4,1,6,1,36,7,1499,2,4,1,1,1
201706A025873,2,9,0,18,0,8,0,0,0,0,1,1,6,1,29,6,1596,1,14,1,1,1
201706A025882,1,4,0,9,0,8,0,0,0,0,1,1,6,1,16,4,-1,-1,-1,1,1,1
201706A025882,2,9,0,17,0,8,0,0,0,0,1,1,1,1,41,7,1753,2,9,-1,-1,-1
201706A025903,1,9,0,5,0,2,0,0,0,0,1,1,6,1,30,6,1124,1,10,-1,-1,-1
201706A025947,1,19,0,18,0,1,0,0,0,0,1,1,1,1,30,6,2198,2,10,1,1,1
201706A025947,2,9,0,3,0,1,0,0,0,0,2,1,2,2,42,7,1395,1,3,5,1,5
201706A025958,1,9,0,18,0,1,0,0,0,0,1,1,6,1,30,6,-1,-1,-1,-1,-1,-1
201706A025958,2,9,0,3,0,1,0,0,0,0,2,1,1,2,33,6,1749,1,14,5,1,5
201706A025966,1,8,0,18,0,0,0,0,0,0,1,1,1,1,40,7,1560,2,13,1,1,1
201706A025978,1,9,0,18,0,8,0,0,0,0,1,1,2,2,36,7,1968,2,1,7,1,7
201706A026047,1,9,0,9,0,8,0,0,0,0,1,1,6,1,24,5,1395,1,2,3,1,3
201706A026047,2,9,0,18,0,8,0,0,0,0,1,1,6,1,52,8,998,1,1,4,1,4
201706A026063,1,9,0,9,0,8,0,0,0,0,3,1,6,1,30,6,1360,1,14,2,1,2
201706A026063,2,3,0,18,0,8,0,0,0,0,1,1,6,1,48,8,125,1,3,1,1,1
201706A026065,1,9,0,18,0,1,0,0,0,0,1,1,6,1,19,4,1995,2,14,-1,-1,-1
201706A026065,2,9,0,18,0,1,0,0,0,0,2,1,1,1,51,8,2497,2,12,9,1,9
201706A026065,3,9,0,18,0,1,0,0,0,0,0,1,1,1,30,6,1560,2,6,-1,-1,-1
201706A026070,1,9,0,18,0,8,0,0,0,0,1,-1,5,3,-1,-1,-1,-1,-1,-1,-1,-1
201706A026072,1,9,0,9,0,8,0,0,0,0,1,1,1,1,21,5,1685,2,1,7,1,7
201706A026072,2,8,0,18,0,8,0,0,0,0,1,1,1,1,35,6,1598,2,5,-1,-1,-1
201706A026092,1,9,0,18,0,0,0,0,2,10,1,1,6,2,30,6,1398,1,5,-1,-1,-1
201706A026092,2,9,0,3,0,0,0,0,0,0,3,1,6,1,75,10,1968,2,6,1,1,1
201706A026113,1,9,0,18,0,0,0,0,0,0,4,1,6,1,52,8,998,1,17,1,1,1
201706A026137,1,9,0,4,0,8,0,0,0,0,1,1,6,1,33,6,-1,-1,-1,4,1,4
201706A026137,2,9,0,18,0,8,0,0,0,0,2,1,6,1,45,7,1598,1,17,1,1,1
201706A026139,1,9,0,9,0,8,0,0,0,0,3,1,2,2,45,7,1598,1,5,8,1,8
201706A026139,2,1,0,18,0,8,0,0,0,0,4,1,2,1,52,8,-1,-1,-1,3,1,3
201706A026181,1,9,0,18,0,1,0,0,0,0,3,1,6,1,30,6,1896,2,7,-1,-1,-1
201706A026216,1,9,0,16,0,0,0,0,0,0,1,1,2,1,19,4,1364,1,7,1,2,1
201706A026216,2,9,0,3,0,0,0,0,0,0,2,1,2,2,31,6,1242,1,2,2,1,2
201706A026287,1,3,0,18,0,8,0,0,0,0,1,1,6,1,18,4,124,1,10,-1,-1,-1
201706A026287,2,9,0,9,0,8,0,0,0,0,4,1,6,1,30,6,-1,-1,-1,-1,-1,-1
201706A026395,1,9,0,9,0,8,0,0,0,0,1,1,6,2,33,6,1560,2,9,2,1,2
201706A026395,2,9,0,18,0,8,0,0,0,0,3,1,1,1,17,4,1998,1,12,1,1,1
201706A026395,3,9,0,18,0,8,0,0,0,0,1,1,6,1,50,8,1997,2,8,1,1,1
201706A026395,4,9,0,18,0,8,0,0,0,0,1,1,4,1,19,4,1198,1,7,8,1,8
201706A026400,1,9,0,9,0,8,0,0,0,0,1,-1,5,3,-1,-1,-1,-1,-1,-1,-1,-1
201706A026400,2,9,0,9,0,1,0,0,0,0,0,-1,5,3,-1,-1,-1,-1,-1,-1,-1,-1
201706A026400,3,9,0,18,0,8,0,0,0,0,0,1,1,2,50,8,1560,2,5,1,1,1
201706A026419,1,90,0,9,0,6,0,0,1,0,3,1,1,1,30,6,-1,-1,-1,7,1,7
201706A026419,2,1,0,18,2,8,0,0,0,0,3,1,1,1,39,7,-1,-1,-1,1,1,1
201706A026440,1,21,1,18,0,1,0,0,0,0,1,1,1,1,33,6,-1,-1,-1,-1,1,-1
201706A026521,1,8,0,9,0,5,0,0,0,0,4,1,1,1,43,7,-1,-1,-1,1,1,1
201706A026573,1,8,0,5,0,6,0,0,0,0,1,1,1,1,53,8,1995,2,9,-1,-1,-1
201706A026573,2,9,0,18,0,8,0,0,0,0,3,1,6,2,34,6,1598,1,2,1,1,1
201706A026630,1,9,0,1,0,8,0,0,0,0,2,-1,5,3,-1,-1,-1,-1,-1,-1,-1,-1
201706A026630,2,9,0,18,0,8,0,0,0,0,1,1,6,1,56,9,1796,1,13,3,1,3
201706A026799,1,19,0,5,0,8,0,0,0,0,1,1,1,1,23,5,1598,2,1,9,1,9
201706A026935,1,9,0,18,0,0,0,0,0,0,1,1,3,2,29,6,1587,1,12,5,1,5
201706A026935,2,9,0,18,0,0,0,0,0,0,1,1,6,2,34,6,1995,2,8,2,1,2
201706A026955,1,1,0,18,0,1,0,0,0,0,4,1,4,1,14,3,-1,-1,-1,1,1,1
201706A026955,2,9,0,18,0,1,0,0,0,0,1,1,6,1,59,9,1390,1,13,2,1,2
201706A026970,1,1,0,18,0,0,0,10,0,0,3,1,6,1,44,7,-1,-1,-1,1,1,1
201706A026970,2,9,0,18,0,0,0,0,0,0,4,1,6,1,40,7,1598,2,3,9,1,9
201706A026981,1,9,0,18,0,8,0,0,1,0,3,1,3,2,43,7,1598,1,13,2,1,2
201706A026981,2,9,0,9,0,6,0,0,0,0,1,1,2,1,30,6,1753,2,11,-1,-1,-1
201706A027015,1,9,0,18,0,1,0,0,0,0,4,-1,5,3,-1,-1,-1,-1,-1,-1,-1,-1
201706A027015,2,9,0,3,0,1,0,0,0,0,3,1,1,2,18,4,1560,2,1,1,1,1
201706A027022,1,9,0,18,0,8,0,0,0,0,3,-1,5,3,-1,-1,-1,-1,-1,-1,-1,-1
201706A027022,2,9,0,18,0,8,0,0,0,0,3,1,6,1,50,8,999,1,16,1,1,1
201706A027030,1,1,0,18,0,8,0,0,0,0,1,1,6,1,12,3,-1,-1,-1,1,1,1
201706A027030,2,9,0,18,0,8,0,0,0,0,3,1,2,1,41,7,1997,2,2,7,1,7
201706A027062,1,9,0,2,4,0,0,0,0,0,4,1,1,1,30,6,-1,-1,-1,-1,-1,-1
201706A027062,2,1,0,15,4,0,0,0,0,0,1,1,6,1,27,6,-1,-1,-1,4,1,4
201706A027083,1,9,0,1,0,1,0,0,0,0,2,-1,5,1,-1,-1,-1,-1,-1,-1,-1,-1
201706A027083,2,9,0,3,0,1,0,0,0,0,1,1,6,1,24,5,1364,1,4,2,1,2
201706A027084,1,9,0,5,0,8,0,0,0,0,1,1,6,1,23,5,-1,-1,-1,2,1,2
201706A027084,2,9,0,10,0,8,0,0,0,0,2,1,6,2,47,8,1229,1,2,9,1,9
201706A027085,1,9,0,3,0,1,0,0,0,0,2,1,6,2,24,5,1598,2,1,5,1,5
201706A027085,2,9,0,4,0,1,0,0,0,0,1,1,6,2,34,6,1968,2,5,2,1,2
201706A027091,1,9,0,18,0,1,1,0,1,0,1,-1,5,3,-1,-1,-1,-1,-1,-1,-1,-1
201706A027099,1,9,0,9,0,8,0,0,0,0,4,-1,5,3,-1,-1,-1,-1,-1,-1,-1,-1
201706A027099,2,1,0,18,0,8,0,0,0,0,4,1,6,1,47,8,-1,-1,-1,1,1,1
201706A027110,1,9,0,18,0,8,1,0,1,10,1,1,6,1,52,8,1896,2,13,1,1,1
201706A027114,1,19,0,18,0,8,1,0,0,0,1,1,1,1,26,6,1560,2,3,1,1,1
201706A027114,2,9,0,18,0,8,1,0,0,0,1,1,6,1,80,11,1461,2,2,1,1,1
201706A027117,1,9,0,18,0,4,0,0,0,0,2,1,2,2,46,8,1497,8,10,-1,-1,-1
201706A027117,2,9,0,18,0,4,0,0,0,0,1,-1,5,3,-1,-1,-1,-1,-1,-1,-1,-1
201706A027142,1,9,0,9,0,8,0,0,0,0,1,1,6,1,35,6,1229,1,5,-1,-1,-1
201706A027142,2,8,0,18,0,8,0,0,0,0,1,1,1,1,44,7,2499,2,8,1,1,1
201706A027142,3,9,0,9,0,6,0,0,0,0,1,1,1,2,29,6,1796,1,6,1,1,1
201706A027143,1,9,0,18,0,0,0,0,0,0,1,1,6,1,21,5,1229,1,10,1,1,1
201706A027143,2,9,0,18,0,0,0,0,0,0,1,1,6,1,30,6,1796,1,12,1,1,1
201706A027156,1,9,0,7,0,8,0,0,0,0,3,1,6,1,56,9,1364,1,11,2,1,2
201706A027156,2,1,0,18,0,8,0,0,0,0,1,1,6,1,37,7,-1,-1,-1,6,1,6
201706A027162,1,8,0,18,0,8,0,0,0,0,1,1,1,1,59,9,-1,-1,-1,1,1,1
201706A027162,2,9,0,18,0,8,0,0,0,0,3,1,6,1,33,6,1598,1,16,1,1,1
201706A027175,1,9,0,5,0,0,0,0,0,0,1,-1,5,3,-1,-1,-1,-1,-1,-1,-1,-1
201706A027179,1,9,0,1,0,1,0,5,0,0,2,1,6,1,30,6,1999,1,8,-1,-1,-1
201706A027179,2,9,0,2,0,1,0,0,0,0,1,1,6,1,30,6,1956,2,7,4,1,4
201706A027217,1,9,0,18,0,1,0,0,0,0,3,1,6,2,40,7,1364,1,8,1,1,1
201706A027217,2,9,0,9,0,8,0,0,0,0,1,1,6,1,36,7,1398,1,13,2,1,2
201706A027230,1,9,0,18,0,8,0,0,0,0,1,1,1,1,27,6,-1,-1,-1,1,1,1
201706A027230,2,18,2,18,1,8,0,0,0,0,3,1,1,1,46,8,-1,-1,-1,4,1,4
201706A027231,1,9,0,18,0,8,0,0,0,0,1,1,6,1,55,8,998,1,3,3,1,3
201706A027231,2,9,0,4,0,8,0,0,0,0,2,1,6,1,51,8,2993,2,9,8,1,8
201706A027231,3,9,0,10,0,1,0,0,0,0,0,1,1,2,30,6,1968,2,2,-1,-1,-1
201706A027234,1,9,0,13,0,0,0,0,0,0,4,-1,5,3,-1,-1,-1,-1,-1,-1,-1,-1
201706A027234,2,1,0,18,0,0,0,0,0,0,3,1,6,1,21,5,-1,-1,-1,2,1,2
201706A027250,1,9,0,18,0,8,0,0,0,0,1,1,1,1,37,7,1560,2,13,1,1,1
201706A027250,2,9,0,7,0,8,0,0,0,0,3,1,6,1,30,6,1596,1,16,-1,-1,-1
201706A027254,1,9,0,18,0,8,0,10,0,0,4,-1,5,3,-1,-1,2494,1,25,-1,-1,-1
201706A027258,1,9,0,9,0,6,0,0,0,0,1,1,1,2,38,7,1390,1,13,1,1,1
201706A027258,2,9,0,18,0,6,0,0,0,0,4,1,1,2,49,8,1390,1,14,-1,-1,-1
201706A027263,1,9,0,16,0,0,1,10,0,0,1,1,6,1,44,7,1598,2,1,3,1,3
201706A027263,2,9,0,17,0,0,0,0,0,0,1,1,6,1,63,9,1242,1,14,2,1,2
201706A027264,1,9,0,9,0,6,0,0,0,0,1,1,6,2,21,5,1984,1,13,-1,3,-1
201706A027264,2,1,0,18,0,8,0,0,0,0,4,1,6,1,21,5,-1,-1,-1,1,1,1
201706A027267,1,9,0,18,0,0,0,0,0,0,1,-1,5,1,-1,-1,-1,-1,-1,-1,-1,-1
201706A027267,2,9,0,3,0,0,0,0,0,0,2,1,6,1,41,7,1399,2,13,1,1,1
201706A027326,1,9,0,18,0,1,0,0,0,0,1,1,6,1,30,6,-1,-1,-1,-1,-1,-1
201706A027326,2,9,0,3,0,1,0,0,0,0,2,1,1,2,35,6,1339,1,12,2,1,2
201706A027332,1,9,0,18,0,1,0,0,0,0,4,1,6,1,30,6,-1,-1,-1,-1,-1,-1
201706A027499,1,21,1,18,0,0,0,0,0,0,4,1,1,1,61,9,12809,2,3,-1,-1,-1
201706A027506,1,9,0,4,0,1,0,0,0,0,1,-1,5,3,-1,-1,3824,1,10,-1,-1,-1
201706A027509,1,9,0,14,0,1,0,0,0,0,1,-1,5,3,-1,-1,-1,-1,-1,-1,-1,-1
201706A027568,1,10,0,5,0,0,0,0,0,0,3,-1,5,3,-1,-1,-1,-1,-1,-1,-1,-1
201706A027568,2,9,0,18,0,0,0,0,0,0,4,1,1,1,35,6,1598,2,3,1,1,1
201706A027588,1,9,0,18,0,6,0,0,0,0,1,1,6,1,19,4,998,1,2,10,1,10
201706A027588,2,3,0,18,0,8,0,0,0,0,1,1,6,1,26,6,124,1,13,1,1,1
201706A027677,1,9,0,16,0,0,1,0,8,7,1,1,6,1,21,5,1999,1,12,-1,-1,-1
201706A027677,2,9,0,16,0,0,0,0,0,0,0,1,1,1,38,7,2993,2,4,-1,-1,-1
201706A027680,1,9,0,7,0,8,0,0,0,0,1,1,6,1,30,6,1242,1,5,2,1,2
201706A027680,2,1,0,18,0,8,0,0,0,0,4,1,6,1,52,8,-1,-1,-1,3,1,3
201706A027737,1,9,0,4,0,1,1,0,0,0,2,1,1,1,20,4,1229,1,4,6,1,6
201706A027737,2,9,0,4,0,1,0,0,0,0,2,1,1,1,47,8,1587,1,14,5,1,5
201706A027904,1,9,0,18,0,1,0,0,0,0,1,1,6,1,39,7,-1,-1,-1,1,1,1
201706A027904,2,19,0,3,0,1,0,0,0,0,2,1,1,1,27,6,2198,2,3,2,1,2
201706A027975,1,9,0,9,1,8,0,0,0,0,3,1,6,1,30,6,-1,-1,-1,-1,-1,-1
201706A027975,2,1,0,18,0,8,0,0,0,0,1,1,6,1,66,10,-1,-1,-1,3,1,3
201706A028012,1,9,0,9,0,8,0,0,0,0,1,1,6,2,30,6,1968,2,5,1,1,1
201706A028012,2,1,0,18,0,8,0,0,0,0,1,1,6,1,37,7,-1,-1,-1,8,1,8
201706A028102,1,9,0,11,0,2,0,0,0,0,0,-1,5,3,-1,-1,-1,-1,-1,-1,-1,-1
201706A028102,2,11,0,18,0,2,0,0,0,0,0,1,1,1,56,9,6700,2,8,1,1,1
201706A028104,1,9,0,5,0,8,0,0,0,0,3,1,6,2,30,6,1360,1,15,4,1,4
201706A028104,2,1,0,18,0,8,0,0,0,0,1,1,6,1,20,4,-1,-1,-1,1,1,1
201706A028120,1,9,0,7,0,2,0,0,0,0,1,1,6,2,60,9,1396,1,16,3,1,3
201706A028120,2,8,0,9,0,2,0,0,0,0,2,1,1,1,42,7,1597,1,7,4,1,4
201706A028125,1,9,0,4,0,8,0,0,0,10,1,1,2,2,35,6,1364,1,8,3,1,3
201706A028125,2,9,0,18,0,8,0,0,0,0,3,1,2,1,61,9,1781,1,18,1,1,1
201706A028126,1,8,0,6,0,0,0,0,0,0,1,-1,5,3,-1,-1,-1,-1,-1,-1,-1,-1
201706A028126,2,1,0,18,0,0,0,0,0,0,3,1,6,1,45,7,-1,-1,-1,1,1,1
201706A028135,1,9,0,18,0,8,0,0,0,0,4,1,1,1,42,7,1995,2,6,2,1,2
201706A028135,2,9,0,18,0,8,0,0,0,0,1,1,1,1,36,7,-1,-1,-1,4,1,4
201706A028210,1,9,0,18,0,1,0,0,0,0,1,1,6,1,30,6,-1,-1,-1,-1,-1,-1
201706A028210,2,9,0,3,0,1,0,0,0,0,2,1,6,2,30,6,1598,1,15,-1,-1,-1
201706A028210,3,9,0,3,0,1,0,0,0,0,2,1,6,2,45,7,1461,2,2,4,1,4
201706A028213,1,9,0,7,0,5,0,0,0,0,4,-1,5,3,-1,-1,-1,-1,-1,-1,-1,-1
201706A028218,1,9,0,18,0,1,0,0,0,0,3,1,6,1,38,7,1587,1,11,1,1,1
201706A028219,1,9,0,18,0,1,0,0,0,0,1,1,6,1,30,6,1995,2,11,1,1,1
201706A028219,2,9,0,18,0,1,0,0,0,0,2,1,6,1,35,6,1596,1,6,7,1,7
201706A028229,1,5,0,18,0,0,1,0,0,0,1,1,6,1,41,7,1783,1,10,4,1,4
201706A028229,2,8,0,18,0,0,0,0,0,0,2,1,1,1,32,6,1797,8,6,1,1,1
201706A028244,1,9,0,7,0,2,1,0,0,0,1,1,6,1,20,4,1229,1,8,-1,-1,-1
201706A028244,2,9,0,2,9,1,0,0,0,0,1,1,6,2,30,6,1984,1,12,2,1,2
201706A028246,1,9,0,11,0,1,0,0,0,0,1,1,6,2,30,6,-1,-1,-1,-1,-1,-1
201706A028246,2,1,0,18,0,2,0,0,0,0,1,1,6,1,63,9,-1,-1,-1,1,1,1
201706A028334,1,19,0,18,0,0,0,0,0,0,2,1,6,2,35,6,-1,-1,-1,3,1,3
201706A028373,1,9,0,18,0,1,0,0,0,0,4,1,2,1,29,6,1598,1,12,2,1,2
201706A028374,1,8,0,7,0,1,0,0,0,0,3,1,1,1,47,8,2148,2,7,4,1,4
201706A028381,1,90,0,14,0,0,0,0,0,0,1,1,6,1,32,6,-1,-1,-1,5,1,5
201706A028435,1,9,0,18,0,8,0,0,0,0,3,-1,5,3,-1,-1,-1,-1,-1,-1,-1,-1
201706A028435,2,9,0,18,0,8,0,0,0,0,0,1,1,1,30,6,1560,2,3,-1,-1,-1
201706A028452,1,21,0,18,0,1,0,0,0,0,4,1,1,1,37,7,9364,2,11,8,1,8
201706A028452,2,9,0,12,0,1,0,0,1,1,3,1,1,2,24,5,-1,-1,-1,-1,-1,-1
201706A028463,1,1,0,18,0,8,0,0,0,0,1,1,6,1,15,3,-1,-1,-1,2,1,2
201706A028463,2,9,0,18,0,8,0,0,0,0,3,-1,5,3,-1,-1,-1,-1,-1,-1,-1,-1
201706A028476,1,9,0,18,0,1,0,0,0,0,1,1,6,1,49,8,1499,2,3,8,1,8
201706A028476,2,9,0,18,0,1,0,0,0,0,2,1,6,1,54,8,-1,-1,-1,4,1,4
201706A028637,1,9,0,18,0,2,0,0,0,0,1,1,6,1,30,6,1229,1,3,-1,-1,-1
201706A028661,1,9,0,18,0,8,0,0,0,0,1,-1,5,3,-1,-1,-1,-1,-1,-1,-1,-1
201706A028661,2,9,0,18,0,8,0,0,0,0,2,1,6,1,36,7,1560,2,8,1,1,1
201706A028661,3,9,0,18,0,8,0,0,0,0,2,1,6,1,30,6,1840,1,15,-1,-1,-1
201706A028671,1,9,0,15,0,2,0,4,0,0,1,-1,5,3,-1,-1,-1,-1,-1,-1,-1,-1
201706A028671,2,8,0,2,0,2,0,0,0,0,2,1,1,2,63,9,1364,2,1,3,1,3
201706A028680,1,11,0,9,0,8,0,0,0,0,3,1,1,1,52,8,12800,2,3,3,1,3
201706A028687,1,9,0,5,0,5,0,0,0,0,0,1,2,1,23,5,2143,2,1,3,1,3
201706A028780,1,9,0,9,0,8,0,0,0,0,1,1,6,1,30,6,1298,1,15,-1,-1,-1
201706A028780,2,9,0,18,0,8,0,0,0,0,3,1,6,2,30,6,998,1,13,3,1,3
201706A028857,1,90,0,18,0,1,0,0,0,0,3,1,6,1,16,4,-1,-1,-1,1,1,1
201706A028903,1,4,0,18,0,1,0,0,0,0,1,1,6,1,28,6,-1,-1,-1,1,1,1
201706A028903,2,9,0,9,0,2,0,0,0,0,1,1,6,1,32,6,1797,8,2,8,1,8
201706A028904,1,9,0,18,0,2,0,0,0,0,3,1,2,2,63,9,1461,2,1,1,1,1
201706A028905,1,9,0,18,0,1,0,0,0,0,1,1,6,2,20,4,1242,1,5,7,3,7
201706A028905,2,9,0,4,0,1,0,0,0,0,2,1,6,2,52,8,-1,-1,-1,9,1,9
201706A028905,3,9,0,4,0,1,0,0,0,0,2,1,6,1,52,8,-1,-1,-1,1,1,1
201706A028931,1,9,0,7,0,6,0,0,0,0,1,1,6,1,50,8,1999,2,1,8,1,8
201706A028931,2,9,0,18,0,1,0,0,7,0,4,1,6,1,24,5,1598,2,4,6,1,6
201706A028931,3,9,0,18,0,8,0,0,0,0,1,1,6,1,30,6,1061,1,12,3,1,3
201706A028962,1,9,0,9,0,8,0,0,0,0,1,1,2,1,30,6,1968,2,11,2,1,2
201706A028962,2,9,0,18,0,8,1,10,1,0,2,1,2,1,40,7,1229,1,13,8,1,8
201706A029001,1,9,0,9,0,8,0,10,0,0,4,-1,5,3,-1,-1,-1,-1,-1,-1,-1,-1
201706A029001,2,8,0,18,0,1,0,0,0,0,1,1,1,1,38,7,2499,2,10,2,1,2
201706A029006,1,9,0,4,0,0,0,0,0,0,1,1,6,1,30,6,1781,1,16,-1,-1,-1
201706A029006,2,9,0,3,0,0,1,0,0,0,2,1,6,1,28,6,1348,1,9,1,1,1
201706A029026,1,9,0,9,0,8,0,0,0,0,0,1,6,2,26,6,1598,1,7,-1,-1,-1
201706A029026,2,90,0,18,0,8,0,0,1,0,0,1,1,1,58,9,-1,-1,-1,6,3,6
201706A029026,3,90,0,10,0,1,0,0,0,0,1,1,6,2,56,9,-1,-1,-1,4,1,4
201706A029103,1,9,0,18,0,0,0,0,1,1,1,1,6,1,20,4,1368,1,5,3,1,3
201706A029227,1,9,0,7,4,1,1,0,0,0,3,1,6,1,30,6,1798,1,9,-1,-1,-1
201706A029227,2,1,0,18,0,8,1,0,0,0,3,1,6,1,28,6,-1,-1,-1,7,1,7
201706A029260,1,9,0,18,0,2,0,0,0,0,3,1,2,1,44,7,1781,1,13,3,1,3
201706A029281,1,9,0,18,0,0,0,4,0,10,1,1,6,1,33,6,1399,2,11,-1,-1,-1
201706A029281,2,9,0,18,0,0,0,0,0,0,0,1,1,1,34,6,-1,-1,-1,-1,-1,-1
201706A029281,3,9,0,2,0,0,0,0,0,0,1,1,6,3,37,7,1995,2,16,1,1,1
201706A029284,1,9,0,9,0,8,0,0,0,0,4,1,6,2,21,5,-1,-1,-1,9,2,9
201706A029284,2,1,0,18,0,8,0,0,0,0,1,1,6,1,45,7,-1,-1,-1,1,1,1
201706A029306,1,2,0,9,9,8,0,0,0,0,1,1,6,1,30,6,49,1,8,-1,-1,-1
201706A029320,1,9,0,18,0,8,0,0,0,0,1,1,6,1,30,6,1587,1,13,-1,-1,-1
201706A029320,2,9,0,18,0,8,0,0,0,0,1,1,6,1,33,6,1390,1,10,9,1,9
201706A029383,1,3,0,13,0,8,0,4,0,0,4,1,1,1,41,7,-1,-1,-1,-1,-1,-1
201706A029383,2,9,0,9,0,8,0,0,0,0,3,1,6,2,33,6,996,1,3,1,1,1
201706A029387,1,9,0,18,2,8,0,0,0,0,1,1,6,1,30,6,1364,1,7,3,1,3
201706A029387,2,9,0,7,0,8,0,0,0,0,4,1,6,2,24,5,-1,-1,-1,2,1,2
201706A029390,1,9,0,9,0,2,0,0,0,0,1,1,6,1,30,6,-1,-1,-1,-1,-1,-1
201706A029395,1,9,0,18,0,8,0,0,0,0,4,1,6,1,36,7,1199,1,14,2,1,2
201706A029395,2,9,0,9,0,8,0,0,0,0,1,1,6,2,17,4,1242,1,7,3,1,3
201706A029395,3,9,0,2,0,1,0,0,0,0,1,1,1,1,46,8,1598,2,1,1,1,1
201706A029396,1,2,0,15,0,8,1,0,0,0,1,1,1,1,24,5,108,1,8,1,1,1
201706A029396,2,8,0,6,0,8,0,0,0,0,1,1,1,1,63,9,1598,2,6,-1,-1,-1
201706A029404,1,9,0,9,0,2,0,0,0,0,1,1,6,1,30,6,-1,-1,-1,-1,-1,-1
201706A029404,2,9,0,5,0,1,0,0,0,0,3,1,6,2,36,7,1398,1,14,1,1,1
201706A029406,1,9,0,9,0,8,0,0,0,0,1,1,6,1,30,6,-1,-1,-1,4,1,4
201706A029406,2,1,0,18,0,8,0,0,0,0,3,1,2,2,43,7,-1,-1,-1,9,1,9
201706A029417,1,9,0,18,0,1,0,0,0,0,1,1,6,1,24,5,1600,1,13,4,1,4
201706A029434,1,9,0,13,0,8,0,0,0,0,1,1,6,2,30,6,1998,1,16,-1,-1,-1
201706A029434,2,9,0,18,0,8,0,0,0,0,2,1,2,1,39,7,2204,2,11,1,1,1
201706A029435,1,9,0,15,0,0,0,10,0,0,4,-1,1,3,-1,-1,-1,-1,-1,-1,-1,-1
201706A029435,2,1,0,18,0,0,5,0,2,0,3,1,1,1,60,9,-1,-1,-1,1,1,1
201706A029440,1,9,0,9,0,5,0,0,0,1,4,1,6,1,37,7,1951,2,14,1,1,1
201706A029440,2,9,0,18,0,8,0,0,0,0,1,1,6,2,28,6,-1,-1,-1,2,1,2
201706A029443,1,9,0,18,0,8,0,0,0,0,4,1,6,1,22,5,1388,1,13,2,1,2
201706A029443,2,9,0,18,0,8,0,0,0,0,1,1,1,1,23,5,1499,2,-1,2,1,2
201706A029443,3,9,0,2,0,1,0,0,0,0,4,-1,5,3,-1,-1,-1,-1,-1,-1,-1,-1
201706A029455,1,9,0,5,0,8,0,0,0,0,4,1,6,1,30,6,-1,-1,-1,-1,-1,-1
201706A029455,2,9,0,18,0,8,0,0,0,0,3,1,6,1,37,7,2987,2,6,2,1,2
201706A029455,3,9,0,8,0,2,0,10,0,10,3,1,6,2,48,8,-1,-1,-1,1,1,1
201706A029459,1,9,0,17,0,8,0,0,0,0,3,-1,5,3,-1,-1,-1,-1,-1,-1,-1,-1