Accident_Index,Vehicle_Reference,Vehicle_Type,Towing_and_Articulation,Vehicle_Manoeuvre,Vehicle_Location-Restricted_Lane,Junction_Location,Skidding_and_Overturning,Hit_Object_in_Carriageway,Vehicle_Leaving_Carriageway,Hit_Object_off_Carriageway,1st_Point_of_Impact,Was_Vehicle_Left_Hand_Drive?,Journey_Purpose_of_Driver,Sex_of_Driver,Age_of_Driver,Age_Band_of_Driver,Engine_Capacity_(CC),Propulsion_Code,Age_of_Vehicle,Driver_IMD_Decile,Driver_Home_Area_Type,Vehicle_IMD_Decile
201706A033077,1,9,0,3,0,1,0,0,0,0,1,1,6,1,30,6,1753,2,10,-1,-1,-1
201706A033077,2,1,0,18,0,1,0,0,7,0,2,1,2,1,36,7,-1,-1,-1,7,1,7
201706A033116,1,9,0,18,0,8,0,0,0,0,1,1,6,1,30,6,1363,2,15,-1,-1,-1
201706A033116,2,9,0,18,0,1,0,0,0,0,1,1,2,2,30,6,1956,2,7,1,1,1
201706A033116,3,9,0,18,0,1,0,0,0,0,1,1,2,1,58,9,-1,-1,-1,4,1,4
201706A033127,1,3,0,17,0,0,2,0,1,4,1,1,6,1,34,6,124,1,5,1,1,1
201706A033136,1,9,0,5,0,6,0,0,0,0,1,1,6,1,27,6,1686,2,15,-1,3,-1
201706A033136,2,9,0,18,0,8,0,0,0,0,3,1,6,2,39,7,1995,2,1,4,1,4
201706A033245,1,9,0,11,0,1,0,0,0,0,1,1,6,1,20,4,1998,1,14,1,1,1
201706A033245,2,1,0,18,0,1,0,0,0,0,3,1,1,1,47,8,-1,-1,-1,5,1,5
201706A033269,1,9,0,13,0,0,0,0,0,0,1,-1,3,3,-1,-1,-1,-1,-1,-1,-1,-1
201706A033269,2,9,0,18,0,0,0,0,0,0,3,1,6,1,36,7,-1,-1,-1,1,1,1
201706A033290,1,9,0,18,0,1,0,4,4,1,1,1,6,1,50,8,1197,1,1,2,1,2
201706A033290,2,19,0,3,0,1,0,0,0,0,4,1,1,1,46,8,2143,2,7,2,1,2
201706A033290,3,9,0,18,0,8,0,0,0,0,3,1,6,1,52,8,-1,-1,-1,3,1,3
201706A033311,1,9,0,6,0,8,0,0,0,0,1,1,6,1,88,11,-1,-1,-1,-1,-1,-1
201706A033311,2,9,0,18,0,8,0,0,1,4,3,1,6,1,45,7,2792,1,14,3,1,3
201706A033325,1,9,0,7,0,8,0,0,0,0,4,1,6,1,30,6,-1,-1,-1,-1,-1,-1
201706A033325,2,1,0,18,0,8,5,0,0,0,1,1,2,1,34,6,-1,-1,-1,-1,-1,-1
201706A033368,1,9,0,18,0,2,0,0,0,0,1,1,6,1,23,5,998,1,-1,3,1,3
201706A033377,1,9,0,4,0,0,0,4,0,0,1,1,6,1,30,6,2360,1,9,5,1,5
201706A033377,2,8,0,2,0,0,0,0,0,0,2,1,1,1,45,7,1997,2,1,7,1,7
201706A033381,1,8,0,9,0,5,0,0,0,0,1,1,1,1,30,6,-1,-1,-1,-1,-1,-1
201706A033381,2,1,0,3,0,6,5,0,0,0,1,1,6,1,25,5,-1,-1,-1,1,1,1
201706A033435,1,9,0,18,0,1,0,0,0,0,1,-1,5,3,-1,-1,-1,-1,-1,-1,-1,-1
201706A033435,2,9,0,3,0,1,0,0,0,0,2,1,6,2,21,5,1598,1,11,-1,1,-1
201706A033448,1,8,0,5,6,0,0,0,0,10,1,-1,1,3,-1,-1,-1,-1,-1,-1,-1,-1
201706A033448,2,9,0,3,0,0,0,0,0,0,4,1,2,1,55,8,1242,1,4,9,1,9
201706A033451,1,9,0,18,0,1,0,0,0,0,1,1,6,2,30,6,1242,1,1,-1,-1,-1
201706A033451,2,9,0,3,0,1,0,0,0,0,2,1,2,1,28,6,1242,1,4,6,1,6
201706A033482,1,8,0,18,0,8,0,0,0,0,3,1,1,1,30,6,2499,2,8,-1,-1,-1
201706A033482,2,9,0,18,0,8,0,0,0,0,2,1,2,1,32,6,1364,1,8,1,1,1
201706A033509,1,9,0,18,0,1,0,0,0,0,1,-1,5,3,-1,-1,-1,-1,-1,-1,-1,-1
201706A033529,1,9,0,18,0,1,0,0,0,0,4,1,1,1,47,8,1995,2,5,2,1,2
201706A033530,1,8,0,6,0,0,0,4,7,0,1,1,1,1,30,6,2499,2,10,-1,-1,-1
201706A033530,2,8,0,2,0,0,0,0,0,0,2,1,1,1,59,9,2402,2,11,5,1,5
201706A033543,1,9,0,18,0,8,0,0,1,1,4,1,6,1,29,6,1686,2,13,4,1,4
201706A033543,2,9,0,18,0,8,0,0,0,0,1,1,6,1,36,7,2969,2,11,-1,-1,-1
201706A033575,1,9,0,18,0,0,0,0,0,0,1,-1,5,3,-1,-1,-1,-1,-1,-1,-1,-1
201706A033614,1,3,0,18,9,2,2,7,7,2,4,1,6,1,24,5,124,1,15,-1,-1,-1
201706A033614,2,9,0,18,0,1,0,0,0,0,1,1,6,3,30,6,2685,2,14,-1,-1,-1
201706A033614,3,9,0,18,0,1,0,0,0,0,0,1,1,1,30,6,1984,1,1,-1,-1,-1
201706A033633,1,9,0,9,0,5,0,0,0,0,1,1,6,2,55,8,2720,2,11,5,1,5
201706A033633,2,5,0,18,2,8,0,0,0,0,1,1,6,1,44,7,1462,1,3,1,1,1
201706A033671,1,11,0,18,0,1,0,0,0,0,1,1,1,1,54,8,4500,2,7,2,1,2
201706A033680,1,9,0,4,0,1,0,0,0,0,1,1,6,2,30,6,1461,2,3,-1,-1,-1
201706A033680,2,9,0,10,0,1,0,0,0,0,2,1,2,2,56,9,1497,1,14,2,1,2
201706A033705,1,9,0,18,0,8,0,0,0,0,1,1,6,3,30,6,-1,-1,-1,-1,-1,-1
201706A033708,1,9,0,18,0,8,0,0,0,0,4,1,6,1,38,7,1997,1,13,3,1,3
201706A033708,2,8,0,18,0,8,0,0,0,0,1,1,1,1,66,10,2499,2,9,7,1,7
201706A033709,1,9,0,18,0,8,0,0,0,0,4,1,6,2,30,6,1499,1,9,8,2,8
201706A033709,2,1,0,18,0,8,0,0,0,0,1,1,6,1,67,10,-1,-1,-1,7,1,7
201706A033732,1,19,0,18,0,8,1,0,0,0,1,-1,5,3,-1,-1,-1,-1,-1,-1,-1,-1
201706A033732,2,2,0,18,0,8,2,0,0,0,1,1,6,1,19,4,50,1,2,2,1,2
201706A033737,1,9,0,9,0,6,0,0,0,0,4,1,6,2,54,8,1598,1,2,5,1,5
201706A033737,2,9,0,18,0,8,0,0,0,0,3,1,6,2,18,4,875,1,5,8,1,8
201706A033751,1,11,0,16,0,1,0,0,0,0,3,1,6,1,30,6,-1,-1,-1,-1,-1,-1
201706A033751,2,8,0,16,0,1,0,0,0,0,4,1,1,1,52,8,1395,1,4,1,1,1
201706A033780,1,9,0,5,0,6,0,0,2,10,1,1,2,2,27,6,1598,1,11,8,1,8
201706A033780,2,9,0,18,0,8,0,0,0,0,4,1,1,1,45,7,1995,2,3,9,1,9
201706A033819,1,9,0,18,0,0,0,0,0,0,1,1,6,1,30,6,2993,2,9,7,1,7
201706A033937,1,9,0,7,2,5,0,0,0,0,4,1,6,1,34,6,1390,1,15,5,1,5
201706A033937,2,11,0,18,2,8,0,0,0,0,1,1,1,1,44,7,6696,2,4,3,1,3
201706A033958,1,1,0,18,0,1,0,0,0,0,0,1,2,1,35,6,-1,-1,-1,9,2,9
201706A033958,2,8,0,9,0,8,0,0,0,0,0,-1,1,3,-1,-1,-1,-1,-1,-1,-1,-1
201706A034013,1,8,0,18,0,8,0,0,0,0,1,1,1,1,33,6,1995,2,10,3,1,3
201706A034047,1,9,0,18,0,2,0,0,0,0,1,1,6,1,42,7,1461,2,1,1,1,1
201706A034050,1,4,0,18,0,8,0,0,0,0,1,1,6,1,54,8,-1,-1,-1,1,1,1
201706A034050,2,9,0,9,0,8,0,0,0,0,3,1,6,1,28,6,1968,2,6,-1,-1,-1
201706A034088,1,9,0,9,0,6,0,0,0,0,4,1,6,3,30,6,1461,2,9,-1,-1,-1
201706A034088,2,9,0,18,0,8,0,0,0,0,1,1,6,1,30,6,1598,1,10,1,1,1
201706A034119,1,9,0,7,0,5,0,0,0,0,4,1,6,2,30,6,1329,1,3,2,1,2
201706A034119,2,9,0,7,0,5,0,0,0,0,1,1,6,1,32,6,1242,1,18,6,1,6
201706A034152,1,9,0,18,0,0,1,4,0,0,2,1,6,1,30,6,2494,1,15,-1,-1,-1
201706A034152,2,9,0,2,0,0,0,0,0,0,1,1,1,1,30,6,998,1,1,1,1,1
201706A034176,1,9,0,18,0,8,0,0,0,0,1,1,6,1,30,6,2148,2,9,1,1,1
201706A034176,2,9,0,3,0,8,0,0,0,0,1,1,6,2,22,5,1968,2,1,2,1,2
201706A034192,1,9,0,18,0,2,0,0,0,0,1,1,6,1,50,8,-1,-1,-1,1,1,1
201706A034206,1,9,0,5,0,1,0,0,1,0,1,1,6,1,30,6,1968,2,2,-1,-1,-1
201706A034206,2,1,0,18,0,8,0,0,0,0,1,1,6,1,17,4,-1,-1,-1,1,1,1
201706A034249,1,9,0,7,0,5,0,0,0,0,1,1,6,2,36,7,899,1,3,5,1,5
201706A034266,1,9,0,12,0,8,0,0,0,0,1,1,6,2,29,6,1398,1,1,1,1,1
201706A034266,2,8,0,18,0,8,0,0,0,0,4,1,1,1,56,9,1497,8,13,1,1,1
201706A034293,1,9,0,6,0,0,0,0,0,0,3,1,6,1,49,8,1968,2,6,1,1,1
201706A034293,2,2,0,18,0,0,0,0,0,0,1,1,6,1,17,4,-1,-1,-1,2,1,2
201706A034306,1,8,0,18,0,1,0,0,0,0,3,1,1,1,34,6,1598,2,5,4,1,4
201706A034330,1,9,0,18,0,0,0,0,0,0,1,1,6,1,30,6,1200,1,1,-1,-1,-1
201706A034330,2,9,0,4,0,0,0,0,0,0,2,1,2,2,26,6,1329,1,6,1,1,1
201706A034333,1,19,0,7,0,5,0,0,0,0,3,1,1,1,35,6,2198,2,9,-1,-1,-1
201706A034333,2,1,0,18,4,8,0,0,0,0,1,1,6,1,32,6,-1,-1,-1,1,1,1
201706A034333,3,9,0,18,0,1,0,0,0,0,4,1,1,1,37,7,-1,-1,-1,-1,-1,-1
201706A034429,1,9,0,7,0,5,0,0,0,0,4,1,6,1,30,6,2995,1,12,5,1,5
201706A034429,2,1,0,15,0,8,0,0,1,0,1,1,6,1,47,8,-1,-1,-1,9,1,9
201706A034438,1,9,0,7,0,5,0,0,1,10,1,1,6,1,32,6,1598,1,14,1,1,1
201706A034438,2,9,0,4,0,1,0,0,0,0,0,1,1,1,30,6,2993,2,1,1,1,1
201706A034492,1,3,0,18,0,0,0,0,0,0,3,1,6,1,18,4,49,1,10,1,1,1
201706A034492,2,9,0,18,0,0,0,0,0,0,4,1,6,1,31,6,1997,2,-1,2,1,2
201706A034498,1,9,0,9,0,5,0,0,0,0,1,1,6,1,48,8,1242,1,7,1,1,1
201706A034498,2,3,0,18,0,8,0,0,0,0,1,1,6,1,23,5,124,1,1,1,1,1
201706A034562,1,1,0,18,9,8,0,0,0,0,3,1,2,1,30,6,-1,-1,-1,1,1,1
201706A034562,2,9,0,5,0,6,0,0,0,0,1,1,6,2,48,8,1229,1,12,5,1,5
201706A034566,1,9,0,9,0,6,0,0,0,0,1,1,6,1,55,8,1422,2,8,1,1,1
201706A034566,2,9,0,18,0,8,0,0,1,0,4,1,6,2,55,8,1797,8,4,2,1,2
201706A034735,1,9,0,18,0,0,1,0,1,3,3,1,6,1,28,6,1242,1,14,-1,-1,-1
201706A034744,1,9,0,18,0,6,0,0,0,0,4,1,6,1,34,6,1598,1,4,6,1,6
201706A034744,2,3,0,18,0,8,0,0,0,0,1,1,6,1,21,5,125,1,2,2,1,2
201706A034772,1,19,0,18,0,2,0,0,0,0,1,1,6,1,34,6,1968,2,5,2,1,2
201706A034781,1,19,0,18,0,8,0,0,0,0,1,1,1,1,49,8,1968,2,2,4,1,4
201706A034781,2,9,0,18,0,8,0,10,7,10,3,1,6,2,36,7,1598,1,13,1,1,1
201706A034813,1,9,0,18,0,1,0,0,0,0,1,1,6,1,30,6,1395,1,-1,-1,-1,-1
201706A034813,2,8,0,3,0,1,0,0,0,0,2,1,1,1,40,7,1598,2,2,-1,-1,-1
201706A034835,1,9,0,5,0,8,0,0,0,0,4,1,1,2,53,8,999,1,1,-1,-1,-1
201706A034835,2,11,0,18,0,8,0,0,0,0,1,1,1,1,31,6,6700,2,9,2,1,2
201706A034870,1,9,0,2,6,0,0,0,0,0,3,1,6,2,30,6,2143,2,2,1,1,1
201706A034870,2,2,0,18,0,0,0,8,0,0,1,1,1,1,39,7,124,1,-1,2,1,2
201706A034880,1,9,0,18,0,6,0,0,0,0,1,1,6,1,30,6,1598,2,6,2,1,2
201706A034880,2,9,0,18,0,8,0,0,0,0,4,1,6,1,47,8,1587,1,12,1,1,1
201706A034895,1,9,0,9,0,6,0,0,0,0,3,1,2,2,18,4,1242,1,4,3,1,3
201706A034895,2,3,0,18,0,8,0,0,0,0,1,1,2,1,33,6,124,1,5,3,1,3
201706A034964,1,9,0,7,0,5,1,0,8,10,3,1,6,1,22,5,1796,1,14,1,1,1
201706A034964,2,9,0,17,0,1,0,0,0,0,0,1,6,1,30,6,2993,2,1,1,1,1
201706A034964,3,9,0,2,0,1,0,0,0,0,4,1,6,1,37,7,1598,1,12,-1,-1,-1
201706A034974,1,9,0,5,0,8,0,0,0,0,3,1,6,2,34,6,999,1,-1,1,1,1
201706A034974,2,2,0,18,0,8,1,0,0,0,1,1,6,1,37,7,124,1,6,1,1,1
201706A034998,1,9,0,18,0,6,0,0,0,0,1,1,6,1,37,7,1598,1,15,1,1,1
201706A034998,2,9,0,18,0,8,0,10,7,10,4,1,6,2,45,7,2000,2,8,1,1,1
201706A035027,1,9,0,18,0,2,0,0,0,0,1,1,6,1,30,6,-1,-1,-1,-1,-1,-1
201706A035032,1,9,0,18,0,0,1,0,0,0,1,1,6,1,30,6,1598,2,4,-1,-1,-1
201706A035032,2,9,0,4,0,0,0,0,0,0,2,1,2,2,39,7,1796,1,12,2,1,2
201706A035032,3,9,0,4,0,0,0,0,0,0,2,1,6,2,30,6,-1,-1,-1,-1,-1,-1
201706A035032,4,9,0,18,0,0,1,0,0,0,4,-1,5,3,-1,-1,-1,-1,-1,-1,-1,-1
201706A035057,1,9,0,18,0,0,5,0,0,0,1,1,6,1,26,6,1560,2,11,2,1,2
201706A035057,2,9,0,2,0,0,0,0,1,0,2,1,6,2,39,7,1388,1,15,7,1,7
201706A035057,3,9,0,2,0,0,0,0,0,0,1,1,6,2,30,6,1968,2,5,-1,-1,-1
201706A035112,1,9,0,18,0,8,0,0,1,10,3,1,6,1,20,4,1995,2,3,5,1,5
201706A035112,2,9,0,9,0,5,0,0,7,10,4,1,6,1,34,6,1968,2,3,4,1,4
201706A035139,1,9,0,9,0,6,0,0,0,0,1,1,6,1,30,6,1248,2,7,1,1,1
201706A035161,1,1,0,18,9,1,0,0,0,0,4,1,6,1,14,3,-1,-1,-1,1,1,1
201706A035161,2,11,0,7,0,2,0,0,0,0,4,1,1,1,56,9,6700,2,10,-1,-1,-1
201706A035195,1,9,0,6,0,0,0,0,0,0,3,1,6,1,28,6,-1,-1,-1,5,1,5
201706A035195,2,3,0,18,0,0,0,0,0,0,1,1,6,2,27,6,-1,-1,-1,5,1,5
201706A035257,1,9,0,5,0,1,0,0,0,0,1,1,3,1,57,9,1339,1,12,2,1,2
201706A035257,2,9,0,9,0,5,0,0,0,0,1,1,3,2,42,7,1498,1,6,1,1,1
201706A035262,1,9,0,1,0,1,0,0,0,0,2,1,6,1,30,6,-1,-1,-1,-1,-1,-1
201706A035262,2,8,0,2,9,1,0,0,0,0,2,1,1,1,42,7,2499,2,11,2,1,2
201706A035266,1,9,0,12,0,1,0,0,0,0,3,1,6,1,37,7,1198,1,13,2,1,2
201706A035266,2,5,0,12,0,1,0,0,0,0,4,1,6,1,49,8,803,1,2,8,1,8
201706A035269,1,9,0,9,0,6,0,0,0,0,4,1,6,1,52,8,1896,2,15,5,1,5
201706A035269,2,1,0,18,0,8,0,0,0,0,1,1,6,1,24,5,-1,-1,-1,7,1,7
201706A035277,1,9,0,18,0,8,0,0,0,0,4,1,6,1,32,6,1798,1,4,2,1,2
201706A035277,2,9,0,18,0,8,0,0,0,0,4,1,6,2,36,7,1229,1,11,2,1,2
201706A035278,1,9,0,2,0,0,0,0,0,0,3,1,6,1,39,7,2143,2,-1,4,1,4
201706A035278,2,1,0,13,0,0,0,0,0,0,3,1,2,1,33,6,-1,-1,-1,6,1,6
201706A035309,1,9,0,5,0,0,0,0,0,0,1,1,6,1,30,6,2143,2,-1,-1,-1,-1
201706A035309,2,9,0,3,0,0,0,0,0,0,2,1,2,2,43,7,1197,1,1,3,1,3
201706A035325,1,3,0,18,0,1,0,0,0,0,1,1,6,1,30,6,249,1,10,-1,-1,-1
201706A035325,2,9,0,18,0,1,0,0,0,0,3,1,6,2,30,6,2967,2,3,1,1,1
201706A035366,1,9,0,18,0,8,0,0,1,1,3,1,6,1,52,8,2231,2,10,4,1,4
201706A035366,2,9,0,18,0,8,0,0,0,0,4,1,6,1,47,8,1999,1,14,1,1,1
201706A035384,1,9,0,9,0,5,0,7,0,0,4,1,6,1,53,8,1686,2,9,1,1,1
201706A035384,2,9,0,18,0,8,0,0,0,0,1,1,6,2,30,6,1596,1,8,4,1,4
201706A035388,1,9,0,18,0,1,0,0,0,0,4,1,6,1,42,7,1598,1,9,2,1,2
201706A035397,1,9,0,9,0,5,0,0,0,0,3,1,2,1,32,6,1984,1,2,4,1,4
201706A035397,2,4,0,13,0,8,0,0,0,0,4,1,2,1,59,9,179,1,-1,8,1,8
201706A035415,1,9,0,9,0,6,0,0,0,0,1,-1,5,3,-1,-1,-1,-1,-1,-1,-1,-1
201706A035415,2,1,0,18,0,8,0,0,0,0,3,1,2,1,31,6,-1,-1,-1,2,1,2
201706A035429,1,9,0,7,0,8,0,0,0,0,3,1,2,2,21,5,1200,1,-1,1,1,1
201706A035429,2,1,0,9,0,8,0,0,0,0,3,1,6,1,13,3,-1,-1,-1,1,1,1
201706A035430,1,9,0,18,0,1,0,0,0,0,1,1,6,2,69,10,1685,2,1,2,1,2
201706A035430,2,9,0,4,0,1,0,0,0,0,2,1,6,2,44,7,1796,1,9,3,1,3
201706A035446,1,3,0,18,0,8,0,0,0,0,3,1,6,1,34,6,124,1,-1,1,1,1
201706A035446,2,19,0,9,0,5,0,0,0,0,4,1,6,1,34,6,1248,2,6,3,1,3
201706A035510,1,9,0,7,4,5,0,0,0,0,4,1,6,1,30,6,1999,1,8,-1,-1,-1
201706A035510,2,1,0,18,0,8,0,0,1,0,2,1,2,2,30,6,-1,-1,-1,4,1,4
201706A035517,1,9,0,7,0,5,0,0,0,0,4,1,6,1,30,6,1339,1,13,-1,-1,-1
201706A035517,2,1,0,18,2,8,0,0,0,0,1,1,6,1,45,7,-1,-1,-1,7,1,7
201706A035518,1,9,0,11,0,2,0,0,0,0,4,1,6,1,30,6,1197,1,-1,-1,-1,-1
201706A035518,2,8,0,18,0,2,0,0,0,0,0,1,1,1,36,7,1796,1,9,1,1,1
201706A035603,1,1,0,18,0,8,0,0,0,0,3,1,6,1,20,4,-1,-1,-1,1,1,1
201706A035603,2,9,0,7,0,5,0,0,0,0,1,1,6,1,29,6,1349,1,8,2,1,2
201706A035638,1,9,0,18,2,0,0,0,0,0,1,1,6,1,30,6,1598,1,14,4,1,4
201706A035649,1,11,0,18,0,8,0,0,0,0,1,1,1,1,53,8,4500,2,5,10,1,10
201706A035649,2,1,0,18,0,8,0,0,0,0,4,1,6,1,23,5,-1,-1,-1,-1,-1,-1
201706A035659,1,2,0,18,0,8,0,0,0,0,0,-1,5,3,-1,-1,-1,-1,-1,-1,-1,-1
201706A035659,2,9,0,9,0,5,0,0,0,0,0,1,1,1,45,7,1956,2,5,2,1,2
201706A035665,1,19,0,18,0,1,0,0,0,0,1,1,6,1,30,6,-1,-1,-1,-1,-1,-1
201706A035665,2,9,0,3,0,1,0,0,0,0,2,1,2,1,24,5,1398,1,2,1,1,1
201706A035665,3,8,0,10,0,1,0,0,0,0,2,-1,1,3,-1,-1,-1,-1,-1,-1,-1,-1
201706A035694,1,3,0,14,0,8,0,0,0,0,1,1,2,1,30,6,125,1,1,1,1,1
201706A035731,1,9,0,9,0,8,0,0,0,0,1,1,6,1,20,4,1595,1,7,1,1,1
201706A035731,2,1,0,18,0,8,0,0,0,0,1,1,6,1,34,6,-1,-1,-1,7,1,7
201706A035737,1,3,0,18,9,0,0,4,0,0,1,-1,5,3,-1,-1,-1,-1,-1,-1,-1,-1
201706A035737,2,9,0,2,0,0,0,0,0,0,1,1,6,2,30,6,1242,1,11,-1,-1,-1
201706A035759,1,8,0,9,0,5,0,0,0,0,3,1,1,1,40,7,1997,2,2,2,1,2
201706A035759,2,9,0,18,0,8,0,10,0,0,1,1,6,1,42,7,1598,2,1,2,1,2
201706A035793,1,9,0,10,0,5,0,0,0,0,2,1,6,2,26,6,998,1,6,3,1,3
201706A035793,2,3,0,18,0,8,0,0,0,0,1,1,6,1,23,5,124,1,10,2,1,2
201706A035795,1,9,0,9,0,6,0,0,0,0,1,1,6,2,27,6,1582,2,2,2,1,2
201706A035795,2,1,0,10,0,5,0,0,0,0,3,1,6,1,38,7,-1,-1,-1,2,1,2
201706A035801,1,9,0,9,0,5,0,0,7,10,4,1,6,2,44,7,1339,8,9,1,1,1
201706A035801,2,9,0,18,0,8,0,0,0,0,1,1,6,1,64,9,1596,1,7,3,1,3
201706A035812,1,9,0,7,0,8,0,0,0,0,4,1,6,1,33,6,1798,1,5,-1,-1,-1
201706A035812,2,1,0,18,5,8,5,0,0,0,3,1,2,1,40,7,-1,-1,-1,4,1,4
201706A035840,1,8,0,9,0,2,0,0,0,0,1,1,1,1,48,8,1598,2,2,3,1,3
201706A035846,1,11,0,5,0,1,0,0,0,0,0,2,1,1,35,6,-1,-1,-1,2,1,2
201706A035909,1,9,0,9,0,5,0,0,0,0,1,1,6,1,30,6,1498,1,-1,-1,-1,-1
201706A035909,2,1,0,18,0,1,0,0,0,0,1,1,2,1,52,8,-1,-1,-1,3,1,3
201706A035999,1,9,0,18,0,2,0,0,1,10,1,1,6,1,55,8,1999,1,10,8,1,8
201706A036045,1,9,0,5,0,8,0,0,0,0,1,1,6,1,55,8,1796,1,10,1,1,1
201706A036045,2,1,0,18,0,8,0,0,0,0,4,1,6,1,17,4,-1,-1,-1,2,1,2
201706A036048,1,1,0,7,0,3,1,0,0,0,4,1,6,2,27,6,-1,-1,-1,5,1,5
201706A036048,2,9,0,7,0,3,0,0,0,0,1,-1,5,3,-1,-1,-1,-1,-1,-1,-1,-1
201706A036050,1,9,0,18,0,8,0,0,3,10,1,1,6,1,60,9,1329,1,5,2,1,2
201706A036050,2,9,0,18,0,8,0,0,0,0,3,1,6,1,48,8,1956,2,6,6,1,6
201706A036058,1,1,0,18,0,8,0,0,0,0,1,1,4,1,15,3,-1,-1,-1,2,1,2
201706A036058,2,9,0,7,0,6,0,0,0,0,1,1,2,2,27,6,1360,1,14,5,1,5
201706A036059,1,9,0,18,0,0,0,0,0,0,3,1,1,2,55,8,-1,-1,-1,4,1,4
201706A036059,2,4,0,13,0,0,0,0,0,0,1,1,1,1,30,6,-1,-1,-1,4,1,4
201706A036119,1,9,0,7,0,8,0,0,0,0,1,1,6,1,30,6,-1,-1,-1,-1,-1,-1
201706A036119,2,9,0,18,0,8,0,0,0,0,4,1,6,1,26,6,1968,2,3,2,1,2
201706A036132,1,9,0,14,0,0,0,0,0,0,1,1,6,2,30,6,1968,2,5,-1,-1,-1
201706A036132,2,8,0,3,0,0,0,0,0,0,3,1,1,1,38,7,1956,2,5,1,1,1
201706A036204,1,9,0,18,0,0,0,0,1,4,4,1,6,2,31,6,1896,2,10,2,1,2
201706A036239,1,9,0,9,0,2,0,0,0,0,3,1,6,1,30,6,1796,1,14,-1,-1,-1
201706A036264,1,9,0,18,0,1,1,0,0,0,1,1,6,2,30,6,1968,2,-1,-1,-1,-1
201706A036264,2,2,0,8,0,5,0,0,0,0,2,1,6,1,26,6,49,1,6,1,1,1
201706A036275,1,9,0,18,0,1,1,10,0,0,2,-1,5,3,-1,-1,-1,-1,-1,-1,-1,-1
201706A036275,2,9,0,3,0,2,0,0,0,0,3,1,6,2,49,8,1198,1,1,6,1,6
201706A036298,1,8,0,18,0,0,0,0,0,0,4,1,1,1,58,9,2499,2,5,1,1,1
201706A036303,1,8,0,14,0,2,0,0,0,0,4,-1,5,3,-1,-1,-1,-1,-1,-1,-1,-1
201706A036303,2,9,0,3,0,2,0,0,0,0,3,1,6,1,34,6,-1,-1,-1,2,1,2
201706A036315,1,11,0,18,0,0,0,0,0,0,1,1,1,1,42,7,6700,2,9,1,1,1
201706A036329,1,90,0,7,0,5,0,0,0,0,4,1,1,1,49,8,-1,-1,-1,3,1,3
201706A036383,1,9,0,13,0,8,0,10,7,1,1,1,6,1,19,4,1328,1,15,-1,-1,-1
201706A036383,2,9,0,9,0,5,0,0,0,0,3,1,6,2,46,8,-1,-1,-1,2,1,2
201706A036408,1,9,0,18,0,1,0,0,0,0,1,-1,5,3,-1,-1,-1,-1,-1,-1,-1,-1
201706A036460,1,9,0,9,0,2,0,0,0,0,1,-1,5,3,-1,-1,-1,-1,-1,-1,-1,-1
201706A036485,1,9,0,18,0,8,0,0,0,0,1,1,6,2,46,8,1200,1,-1,1,1,1
201706A036485,2,9,0,18,0,8,0,0,0,0,3,1,6,2,48,8,1598,2,3,3,3,3
201706A036485,3,9,0,18,0,8,0,0,0,0,3,1,6,2,27,6,-1,-1,-1,1,1,1
201706A036488,1,9,0,18,0,1,0,0,0,0,1,1,6,1,30,6,-1,-1,-1,-1,-1,-1
201706A036492,1,19,0,5,0,8,0,0,0,0,4,-1,1,3,-1,-1,-1,-1,-1,-1,-1,-1
201706A036492,2,1,0,4,0,8,2,0,0,0,3,1,2,1,37,7,-1,-1,-1,9,1,9
201706A036569,1,9,0,18,0,1,0,0,0,0,3,1,1,2,24,5,1794,1,12,3,1,3
201706A036588,1,9,0,9,0,6,0,0,0,0,1,1,6,1,30,6,-1,-1,-1,-1,-1,-1
201706A036588,2,9,0,18,0,8,1,0,0,0,4,1,2,1,37,7,1390,1,7,3,1,3
201706A036594,1,9,0,9,0,8,0,0,0,0,4,1,6,1,53,8,1341,1,12,2,1,2
201706A036594,2,9,0,18,0,8,0,0,0,0,1,1,6,1,33,6,1798,1,9,3,1,3
201706A036613,1,9,0,9,0,5,0,0,0,0,1,1,6,1,43,7,1995,2,3,-1,-1,-1
201706A036613,2,5,0,18,0,8,1,0,0,0,3,1,6,1,49,8,999,1,12,8,1,8
201706A036634,1,9,0,15,2,0,0,0,0,0,3,1,6,1,30,6,1598,2,6,-1,-1,-1
201706A036634,2,8,0,18,0,0,0,0,0,0,4,1,1,1,37,7,2143,2,4,2,1,2
201706A036648,1,9,0,9,0,5,0,0,0,0,4,1,6,1,70,10,1248,1,8,4,1,4
201706A036648,2,1,0,18,0,8,0,0,0,0,1,1,2,1,35,6,-1,-1,-1,7,1,7
201706A036676,1,8,0,18,0,8,0,0,7,10,3,1,1,1,45,7,1956,2,5,2,1,2
201706A036676,2,8,0,18,0,8,0,0,0,0,1,1,1,1,35,6,1560,2,3,1,1,1
201706A036735,1,9,0,18,0,1,0,0,0,0,1,1,6,1,30,6,1390,1,11,-1,-1,-1
201706A036735,2,9,0,3,0,1,0,0,0,0,2,1,6,1,52,8,-1,-1,-1,1,1,1
201706A036756,1,9,0,18,0,2,0,0,0,0,1,1,6,2,34,6,1364,1,11,2,1,2
201706A036798,1,19,0,12,0,1,0,0,0,0,3,-1,5,3,-1,-1,-1,-1,-1,-1,-1,-1
201706A036798,2,4,0,18,0,1,0,0,0,0,4,1,6,1,47,8,-1,-1,-1,2,1,2