Accident_Index,Vehicle_Reference,Vehicle_Type,Towing_and_Articulation,Vehicle_Manoeuvre,Vehicle_Location-Restricted_Lane,Junction_Location,Skidding_and_Overturning,Hit_Object_in_Carriageway,Vehicle_Leaving_Carriageway,Hit_Object_off_Carriageway,1st_Point_of_Impact,Was_Vehicle_Left_Hand_Drive?,Journey_Purpose_of_Driver,Sex_of_Driver,Age_of_Driver,Age_Band_of_Driver,Engine_Capacity_(CC),Propulsion_Code,Age_of_Vehicle,Driver_IMD_Decile,Driver_Home_Area_Type,Vehicle_IMD_Decile
201706E025922,3,9,0,18,0,1,0,0,0,0,2,1,6,1,25,5,1995,2,8,4,1,4
201706E025928,1,9,0,9,0,8,0,0,0,0,4,-1,5,3,-1,-1,-1,-1,-1,-1,-1,-1
201706E025928,2,1,0,18,0,8,0,0,0,0,1,1,2,1,22,5,-1,-1,-1,3,1,3
201706E025928,3,11,0,3,0,1,0,0,0,0,0,1,1,1,55,8,-1,-1,-1,2,1,2
201706E025948,1,9,0,15,0,0,0,0,0,0,2,1,6,1,38,7,999,1,15,10,1,10
201706E025948,2,9,0,18,0,0,0,0,0,0,1,1,6,2,30,6,1360,1,8,-1,-1,-1
201706E025951,1,9,0,1,0,1,0,0,0,0,2,-1,5,1,-1,-1,-1,-1,-1,-1,-1,-1
201706E025951,2,1,0,18,0,1,0,0,0,0,1,1,4,1,13,3,-1,-1,-1,1,1,1
201706E025967,1,9,0,9,0,8,0,0,0,0,0,1,6,1,60,9,1995,2,15,1,1,1
201706E025967,2,19,0,18,0,1,0,0,0,0,0,-1,5,3,-1,-1,-1,-1,-1,-1,-1,-1
201706E025967,3,1,0,18,0,8,1,0,0,0,0,1,6,1,29,6,-1,-1,-1,-1,-1,-1
201706E026033,1,9,0,18,0,0,0,0,0,0,4,-1,5,3,-1,-1,-1,-1,-1,-1,-1,-1
201706E026042,1,9,0,18,0,0,0,0,0,0,0,1,6,2,24,5,1240,1,11,9,1,9
201706E026042,2,9,0,3,0,0,0,0,0,0,2,1,6,2,50,8,1598,1,4,5,1,5
201706E026042,3,9,0,3,0,0,0,0,0,0,2,1,6,2,29,6,1242,1,1,3,1,3
201706E026050,1,9,0,5,0,1,0,0,0,0,1,-1,5,3,-1,-1,-1,-1,-1,-1,-1,-1
201706E026050,2,1,0,2,0,1,0,0,0,0,2,1,1,1,30,6,-1,-1,-1,-1,-1,-1
201706E026071,1,9,0,7,0,6,0,0,0,0,1,-1,5,3,-1,-1,-1,-1,-1,-1,-1,-1
201706E026071,2,9,0,18,0,8,0,0,0,0,4,1,6,1,43,7,-1,-1,-1,1,1,1
201706E026140,1,9,0,18,0,8,0,0,0,0,1,1,6,1,61,9,1229,1,11,3,1,3
201706E026140,2,1,0,18,0,8,0,0,0,0,2,1,6,1,24,5,-1,-1,-1,6,1,6
201706E026140,3,1,0,18,0,8,0,0,0,0,2,1,6,1,21,5,-1,-1,-1,4,1,4
201706E026145,1,9,0,4,0,1,0,0,0,0,1,1,6,2,40,7,1242,1,4,-1,-1,-1
201706E026145,2,9,0,4,0,1,0,0,0,0,2,1,6,2,40,7,1598,2,2,9,1,9
201706E026182,1,9,0,18,0,0,0,0,0,0,1,1,6,1,25,5,1995,2,6,4,1,4
201706E026183,1,9,0,9,0,6,0,0,0,0,1,-1,5,3,-1,-1,-1,-1,-1,-1,-1,-1
201706E026183,2,1,0,17,0,8,5,0,0,0,1,1,1,1,35,6,-1,-1,-1,2,1,2
201706E026328,1,9,0,7,0,8,0,0,0,0,1,1,2,1,52,8,-1,-1,-1,7,3,7
201706E026328,2,1,0,18,0,8,0,0,0,0,2,1,2,2,68,10,-1,-1,-1,2,1,2
201706E026516,1,9,0,18,0,1,0,0,0,0,4,-1,5,3,-1,-1,-1,-1,-1,-1,-1,-1
201706E026883,1,9,0,1,9,0,0,0,0,0,2,1,1,1,52,8,1595,1,1,8,1,8
201706E026963,1,8,0,9,0,6,0,0,0,0,3,1,1,1,50,8,2402,2,11,1,1,1
201706E026963,2,8,0,18,0,8,0,0,0,0,1,-1,5,1,-1,-1,-1,-1,-1,-1,-1,-1
201706E026977,1,19,0,18,0,0,0,0,0,0,1,1,6,1,61,9,2300,2,11,5,1,5
201706E026977,2,9,0,18,0,0,0,0,0,0,2,1,6,1,60,9,1497,1,12,5,1,5
201706E026988,1,9,0,18,0,8,0,0,0,0,1,1,6,1,30,6,-1,-1,-1,-1,-1,-1
201706E026988,2,9,0,18,0,8,0,0,0,0,4,1,6,1,23,5,1598,2,2,4,1,4
201706E026997,1,8,0,9,0,2,0,0,0,0,1,1,1,1,36,7,-1,-1,-1,4,1,4
201706E027021,1,9,0,9,0,8,0,0,0,0,1,-1,5,3,-1,-1,-1,-1,-1,-1,-1,-1
201706E027021,2,9,0,18,0,8,0,0,0,0,1,1,6,2,38,7,-1,-1,-1,3,1,3
201706E027031,1,9,0,18,0,0,0,0,0,0,3,-1,5,3,-1,-1,-1,-1,-1,-1,-1,-1
201706E027040,1,90,0,9,0,8,0,0,0,0,1,1,6,1,30,6,-1,-1,-1,-1,-1,-1
201706E027040,2,9,0,18,0,8,0,0,0,0,3,1,6,1,46,8,1998,1,12,1,1,1
201706E027047,1,9,0,18,0,8,1,0,1,0,1,1,6,1,29,6,5461,1,4,2,1,2
201706E027047,2,9,0,18,0,8,0,0,0,0,1,1,6,1,68,10,2148,2,9,7,1,7
201706E027047,3,9,0,2,0,1,0,0,0,0,3,1,6,2,30,6,998,1,6,-1,-1,-1
201706E027053,1,9,0,6,0,8,0,0,0,0,3,1,6,1,23,5,1198,1,6,-1,-1,-1
201706E027053,2,5,0,18,0,8,0,0,0,0,1,1,6,1,21,5,1293,1,7,10,1,10
201706E027105,1,9,0,9,0,5,0,0,0,0,3,1,6,1,30,6,2993,2,4,-1,-1,-1
201706E027105,2,5,0,18,0,8,0,0,0,0,3,1,6,1,30,6,599,1,13,2,1,2
201706E027106,1,9,0,7,0,6,0,0,0,0,1,-1,5,2,-1,-1,-1,-1,-1,-1,-1,-1
201706E027112,1,9,0,9,0,5,0,10,0,0,2,1,6,2,33,6,1364,1,11,1,1,1
201706E027112,2,20,0,18,2,8,0,0,0,0,1,1,1,1,30,6,-1,2,14,1,1,1
201706E027123,1,9,0,9,0,5,0,0,0,0,1,1,2,1,23,5,1328,1,11,4,1,4
201706E027123,2,1,0,18,0,1,0,0,0,0,1,1,6,2,22,5,-1,-1,-1,3,1,3
201706E027130,1,8,0,5,0,2,0,0,0,0,1,1,1,1,37,7,1582,2,8,2,1,2
201706E027130,2,1,0,18,0,2,0,0,0,0,1,1,1,1,65,9,-1,-1,-1,7,1,7
201706E027155,1,9,0,18,0,1,0,0,0,0,2,-1,5,3,-1,-1,-1,-1,-1,-1,-1,-1
201706E027155,2,9,0,2,0,1,0,0,0,0,2,1,4,1,52,8,1896,2,11,3,1,3
201706E027166,1,9,0,6,0,0,0,0,0,0,1,1,1,1,39,7,1896,2,14,1,1,1
201706E027166,2,1,0,18,0,0,0,0,0,0,1,1,6,2,30,6,-1,-1,-1,-1,-1,-1
201706E027226,1,9,5,15,0,8,1,0,0,0,4,1,6,1,30,6,2148,2,9,-1,-1,-1
201706E027226,2,9,5,9,0,5,0,0,0,0,4,1,6,1,60,9,1193,1,2,6,1,6
201706E027259,1,9,0,6,0,2,0,0,0,0,3,1,6,1,20,4,1398,1,1,2,1,2
201706E027259,2,4,0,18,0,2,0,0,0,0,1,1,6,1,50,8,-1,3,1,1,1,1
201706E027281,1,9,0,18,0,0,0,4,0,0,1,1,6,2,32,6,1598,2,8,9,1,9
201706E027281,2,9,0,2,0,0,0,0,0,0,2,1,6,2,30,6,1360,1,10,3,1,3
201706E027288,1,9,0,18,0,0,0,0,0,0,1,-1,5,3,-1,-1,-1,-1,-1,-1,-1,-1
201706E027288,2,9,0,18,0,0,0,0,0,0,2,1,6,1,32,6,1149,1,9,1,1,1
201706E027288,3,9,0,2,0,0,0,0,0,0,3,-1,5,3,-1,-1,-1,-1,-1,-1,-1,-1
201706E027318,1,9,0,7,0,8,0,0,0,0,3,1,6,1,45,7,1388,1,14,1,1,1
201706E027318,2,1,0,18,0,8,0,0,0,0,1,1,6,1,51,8,-1,-1,-1,4,1,4
201706E027323,1,9,0,7,0,8,0,0,0,0,1,-1,5,3,-1,-1,-1,-1,-1,-1,-1,-1
201706E027323,2,1,0,18,0,8,0,0,0,0,2,1,6,1,31,6,-1,-1,-1,1,1,1
201706E027328,1,9,0,9,0,8,0,0,0,0,3,1,6,1,32,6,1956,2,6,3,1,3
201706E027328,2,9,0,17,0,8,0,0,0,0,4,1,6,2,69,10,1956,2,2,5,1,5
201706E027329,1,9,0,1,0,8,0,0,0,0,2,1,6,1,32,6,2148,2,11,2,1,2
201706E027329,2,1,0,18,4,8,0,0,0,0,1,1,6,1,36,7,-1,-1,-1,4,1,4
201706E027337,1,9,0,18,0,2,0,0,1,0,1,1,6,1,88,11,998,1,4,1,1,1
201706E027356,1,9,0,4,0,1,0,0,0,0,2,1,6,1,61,9,1796,1,10,10,1,10
201706E027356,2,11,0,18,0,1,0,0,0,0,1,1,1,1,30,6,6700,2,9,-1,-1,-1
201706E027399,1,8,0,5,0,1,0,0,0,0,4,1,1,1,30,6,1598,2,6,-1,-1,-1
201706E027457,1,9,0,3,0,0,0,0,0,0,1,1,6,2,43,7,998,1,11,-1,-1,-1
201706E027457,2,9,0,3,0,0,0,0,0,0,2,1,6,2,53,8,1999,1,13,3,1,3
201706E027541,1,9,0,6,0,8,0,0,0,0,1,1,6,2,30,6,1968,2,10,-1,-1,-1
201706E027541,2,8,0,18,0,8,0,0,0,0,1,1,6,1,30,6,1968,2,10,4,1,4
201706E027587,1,8,0,7,0,5,0,4,0,1,4,1,1,1,38,7,1968,2,1,1,1,1
201706E027587,2,8,0,3,0,1,0,0,0,0,3,1,1,1,38,7,1598,2,5,1,1,1
201706E027595,1,9,0,9,0,8,0,0,0,0,1,1,2,1,50,8,1994,1,11,1,1,1
201706E027595,2,2,0,18,0,8,0,0,0,0,1,1,2,1,43,7,49,1,1,4,1,4
201706E027614,1,9,0,9,0,2,0,0,0,0,2,1,6,2,47,8,1242,1,6,-1,-1,-1
201706E027614,2,3,0,18,0,1,1,0,0,0,3,1,6,1,21,5,124,1,3,1,1,1
201706E027622,1,9,0,18,0,3,0,0,0,0,2,1,6,2,30,6,1560,2,6,5,1,5
201706E027622,2,9,0,18,0,3,0,0,0,0,2,-1,5,3,-1,-1,-1,-1,-1,-1,-1,-1
201706E027684,1,9,0,18,0,1,0,0,0,0,4,-1,5,2,-1,-1,-1,-1,-1,-1,-1,-1
201706E027684,2,1,0,11,0,1,0,0,0,0,1,1,6,1,29,6,-1,-1,-1,6,1,6
201706E027686,1,9,0,18,0,0,0,0,0,0,4,1,2,1,24,5,1496,2,2,3,1,3
201706E027704,1,9,0,11,0,1,0,0,0,0,4,1,6,1,20,4,1499,1,13,10,1,10
201706E027704,2,9,0,7,0,1,0,0,0,0,3,1,6,1,30,6,1991,2,11,-1,-1,-1
201706E027780,1,9,0,18,0,1,0,0,0,0,1,1,1,1,53,8,1995,2,3,10,1,10
201706E027826,1,9,0,16,0,0,1,0,0,0,1,1,6,1,67,10,1242,1,11,4,1,4
201706E027826,2,9,0,18,0,0,0,0,0,0,1,1,6,1,51,8,2902,2,13,2,1,2
201706E027873,1,5,0,13,0,8,0,0,0,0,1,1,6,1,20,4,659,1,5,2,1,2
201706E027873,2,9,0,10,0,6,0,0,0,0,3,1,6,1,75,10,1299,1,18,1,1,1
201706E027938,1,9,0,18,7,0,0,0,0,0,0,1,6,1,30,6,1598,2,5,-1,-1,-1
201706E027938,2,9,0,18,0,0,1,0,7,7,4,1,1,1,23,5,1349,1,4,5,1,5
201706E027991,1,9,0,7,0,2,0,0,0,0,3,1,6,1,40,7,-1,-1,-1,1,1,1
201706E027999,1,9,0,4,0,0,0,0,0,0,0,1,3,2,35,6,1595,1,10,-1,-1,-1
201706E028004,1,9,0,9,0,8,0,0,0,0,1,1,1,2,27,6,1242,1,7,4,1,4
201706E028004,2,9,0,18,0,8,0,0,0,0,1,1,6,1,36,7,2499,2,18,5,1,5
201706E028028,1,1,0,5,0,3,0,0,0,0,4,1,2,1,32,6,-1,-1,-1,3,1,3
201706E028028,2,9,0,18,0,8,0,0,0,0,1,1,2,1,34,6,1900,2,19,1,1,1
201706E028049,1,9,0,18,0,1,0,0,1,0,4,-1,5,3,-1,-1,-1,-1,-1,-1,-1,-1
201706E028049,2,9,0,5,0,1,0,0,2,0,1,1,2,1,39,7,1998,8,-1,6,1,6
201706E028071,1,9,0,9,0,8,0,0,0,0,1,1,6,1,20,4,2922,1,15,-1,-1,-1
201706E028071,2,11,0,18,0,8,0,0,0,0,2,1,1,1,57,9,-1,-1,-1,2,1,2
201706E028071,3,8,0,18,0,8,0,0,0,0,3,1,1,1,35,6,1995,2,6,2,1,2
201706E028071,4,9,0,18,0,8,0,0,0,0,3,1,6,1,35,6,1956,2,5,1,1,1
201706E028071,5,9,0,18,0,8,0,0,0,0,1,1,6,1,36,7,2993,2,3,7,1,7
201706E028071,6,9,0,18,0,8,0,0,0,0,1,-1,5,1,-1,-1,-1,-1,-1,-1,-1,-1
201706E028076,1,9,0,7,0,8,0,0,0,0,1,1,6,2,56,9,1242,1,5,8,3,8
201706E028076,2,5,0,18,0,8,0,0,0,0,1,1,6,2,27,6,-1,-1,-1,7,1,7
201706E028087,1,8,0,9,0,8,0,0,0,0,1,1,1,1,58,9,2143,2,2,4,1,4
201706E028087,2,1,0,16,0,8,0,0,0,0,4,1,2,2,29,6,-1,-1,-1,3,1,3
201706E028090,1,20,0,4,0,0,0,0,0,0,4,1,1,1,45,7,2143,2,3,-1,-1,-1
201706E028106,1,5,0,18,9,2,0,0,0,0,1,1,6,1,30,6,-1,-1,-1,-1,-1,-1
201706E028107,1,9,0,18,0,0,0,0,0,0,3,1,6,2,54,8,1242,1,6,4,1,4
201706E028112,1,9,0,18,0,2,0,0,0,0,1,1,6,1,30,6,-1,-1,-1,-1,-1,-1
201706E028112,2,9,0,2,0,2,0,0,0,0,3,1,6,2,32,6,1229,1,7,5,1,5
201706E028161,1,9,0,18,0,2,0,0,0,0,1,1,2,1,43,7,2982,2,2,1,1,1
201706E028161,2,1,0,18,0,2,0,0,0,0,1,1,6,2,21,5,-1,-1,-1,3,1,3
201706E028163,1,9,0,18,0,1,0,0,0,0,1,1,6,1,30,6,1798,1,14,-1,-1,-1
201706E028163,2,9,0,3,0,1,0,0,0,0,2,1,6,1,30,6,-1,-1,-1,3,1,3
201706E028169,1,9,0,5,0,6,0,0,0,0,4,1,6,2,33,6,1240,1,14,2,1,2
201706E028169,2,9,0,18,0,8,0,0,0,0,1,1,6,1,56,9,2362,7,16,3,1,3
201706E028226,1,9,0,18,0,0,0,0,0,0,1,1,6,1,69,10,1850,1,16,6,1,6
201706E028230,1,9,0,9,0,8,0,0,0,0,1,1,6,1,24,5,1995,2,9,4,1,4
201706E028230,2,9,0,9,0,8,0,0,0,0,2,1,6,1,18,4,998,1,14,1,1,1
201706E028248,1,9,0,4,0,4,0,0,0,0,1,1,3,1,35,6,1398,1,12,1,1,1
201706E028248,2,10,0,3,0,3,0,0,0,0,2,1,1,1,45,7,2800,2,12,10,1,10
201706E028255,1,9,0,13,0,0,0,0,0,0,1,1,6,1,25,5,1798,1,1,3,1,3
201706E028255,2,9,0,18,0,0,0,0,0,0,0,1,1,1,39,7,2993,2,1,-1,-1,-1
201706E028255,3,9,0,18,0,0,0,0,0,0,1,1,1,1,46,8,1598,2,6,1,1,1
201706E028288,1,9,0,18,0,8,0,0,0,0,3,1,6,1,21,5,1598,1,11,1,1,1
201706E028288,2,9,0,2,0,8,0,0,0,0,3,1,6,1,30,6,1598,1,15,9,1,9
201706E028288,3,9,0,2,0,8,0,0,0,0,2,1,6,1,30,6,1390,1,4,4,1,4
201706E028288,4,9,0,2,0,8,0,0,0,0,1,1,6,1,30,6,1590,1,15,4,1,4
201706E028288,5,9,0,2,0,8,0,0,0,0,1,1,6,1,30,6,1198,1,15,1,1,1
201706E028288,6,9,0,18,0,8,0,0,0,0,0,1,1,1,36,7,1396,2,3,-1,-1,-1
201706E028309,1,9,0,9,0,8,0,0,0,0,1,1,6,1,67,10,1588,1,17,2,1,2
201706E028309,2,9,0,18,0,8,0,0,0,0,1,1,6,2,73,10,1339,1,14,3,1,3
201706E028335,1,9,0,13,0,0,0,0,0,0,4,1,6,1,19,4,1461,2,1,3,1,3
201706E028335,2,9,0,18,0,0,0,0,0,0,0,1,1,1,35,6,2993,2,2,-1,-1,-1
201706E028335,3,9,0,18,0,0,0,0,0,0,3,1,6,1,44,7,1896,2,7,-1,-1,-1
201706E028335,4,9,0,18,0,0,0,0,0,0,3,1,6,2,37,7,1991,2,9,3,1,3
201706E028338,1,9,0,5,0,8,0,0,0,0,1,1,6,2,18,4,1229,1,5,6,1,6
201706E028338,2,1,0,18,0,8,0,0,0,0,4,1,6,2,53,8,-1,-1,-1,4,1,4
201706E028367,1,9,0,4,0,4,0,0,0,0,1,1,6,1,59,9,1997,2,12,9,1,9
201706E028367,2,9,0,4,0,4,0,0,0,0,3,1,6,2,40,7,1596,1,13,8,1,8
201706E028376,1,9,0,18,0,8,0,0,0,0,1,1,6,2,38,7,1388,1,6,4,1,4
201706E028376,2,1,0,18,0,8,0,0,0,0,4,1,6,2,52,8,-1,-1,-1,1,1,1
201706E028429,1,9,0,16,0,2,0,0,0,0,1,1,6,1,30,6,1796,1,17,-1,-1,-1
201706E028429,2,9,0,17,0,1,0,0,0,0,2,1,6,1,23,5,-1,-1,-1,3,1,3
201706E028507,1,1,0,18,0,8,0,0,0,0,1,1,6,1,23,5,-1,-1,-1,1,1,1
201706E028507,2,9,0,9,0,5,0,0,0,0,1,1,6,2,43,7,1598,1,14,1,1,1
201706E028746,1,19,0,13,0,0,0,0,0,0,1,1,6,1,30,6,1399,2,7,-1,-1,-1
201706E028746,2,11,0,18,0,0,0,0,0,0,1,1,1,1,50,8,6700,2,1,2,1,2
201706E028746,3,9,0,2,0,0,0,0,0,0,4,-1,5,3,-1,-1,-1,-1,-1,-1,-1,-1
201706E028746,4,9,0,2,0,0,0,0,0,0,4,-1,5,3,-1,-1,-1,-1,-1,-1,-1,-1
201706E028750,1,8,0,9,9,8,0,0,0,0,1,1,6,1,30,6,1461,2,2,-1,-1,-1
201706E028804,1,9,0,7,0,5,0,0,0,0,2,1,6,1,30,6,5461,1,5,-1,-1,-1
201706E028804,2,1,0,18,0,2,0,0,0,0,1,1,6,1,22,5,-1,-1,-1,1,1,1
201706E028820,1,9,0,18,0,6,0,0,0,0,1,1,6,1,20,4,998,1,11,-1,-1,-1
201706E028820,2,9,0,18,0,8,0,0,0,0,1,1,2,2,54,8,1596,1,10,10,1,10
201706E028825,1,9,0,7,0,8,1,10,0,10,1,1,6,1,30,6,1200,1,1,-1,-1,-1
201706E028825,2,9,0,4,0,8,0,0,0,0,1,1,6,2,45,7,1461,2,1,1,1,1
201706E028889,1,9,0,17,0,8,0,0,0,0,1,1,6,1,30,6,-1,-1,-1,-1,-1,-1
201706E028889,2,9,0,16,0,8,0,0,0,0,1,1,6,1,37,7,1397,1,16,1,1,1
201706E028908,1,9,0,6,0,0,0,0,0,0,1,1,6,1,30,6,1339,8,7,-1,-1,-1
201706E028908,2,9,0,18,0,0,0,0,0,0,2,1,6,1,21,5,1390,1,8,1,1,1
201706E028914,1,9,0,18,0,8,0,0,0,0,1,1,6,2,23,5,1560,2,2,2,1,2
201706E028914,2,8,0,18,0,8,0,0,0,0,4,1,1,1,26,6,1560,2,3,1,1,1
201706E028917,1,9,0,18,0,8,0,0,0,0,1,1,6,1,25,5,1598,2,1,-1,-1,-1
201706E028917,2,9,0,18,0,8,0,0,0,0,1,1,1,1,27,6,1896,2,12,1,1,1
201706E028959,1,9,0,5,0,1,0,0,0,0,1,1,6,1,30,6,-1,-1,-1,-1,-1,-1
201706E028959,2,8,0,10,0,8,0,0,0,0,2,1,6,1,41,7,1598,2,7,1,1,1
201706E029010,1,9,0,18,0,1,0,0,0,0,1,1,6,2,30,6,898,1,2,-1,-1,-1
201706E029010,2,1,0,18,0,1,0,0,0,0,1,1,2,1,56,9,-1,-1,-1,10,1,10
201706E029113,1,19,0,18,0,0,0,0,0,0,1,-1,5,3,-1,-1,-1,-1,-1,-1,-1,-1
201706E029113,2,19,0,18,0,0,0,0,0,0,2,1,2,1,28,6,-1,-1,-1,-1,-1,-1
201706E029113,3,9,0,18,0,0,0,0,0,0,2,1,6,2,46,8,-1,-1,-1,-1,-1,-1
201706E029113,4,9,0,18,0,0,0,0,0,0,2,1,6,2,53,8,1598,2,2,1,1,1
201706E029128,1,9,0,18,0,1,0,0,0,0,1,1,6,2,35,6,1124,1,13,5,1,5
201706E029128,2,9,0,3,0,1,0,0,0,0,2,1,6,1,37,7,2148,2,13,4,1,4
201706E029181,1,3,0,9,0,8,0,0,0,0,3,1,6,1,26,6,124,1,4,1,1,1
201706E029181,2,9,0,18,0,8,0,0,0,0,1,1,6,1,53,8,1998,2,14,1,1,1
201706E029186,1,90,0,18,0,2,0,0,0,0,1,1,6,1,25,5,-1,-1,-1,-1,-1,-1
201706E029186,2,9,0,2,0,2,0,0,0,0,2,1,6,3,26,6,1461,2,5,1,1,1
201706E029300,1,9,0,18,0,8,0,0,0,0,4,1,6,1,17,4,-1,-1,-1,-1,-1,-1
201706E029300,2,11,0,18,0,8,0,0,0,0,1,1,1,1,59,9,4461,2,4,1,1,1
201706E029345,1,9,0,18,0,0,0,0,0,0,4,1,1,1,60,9,1598,2,6,1,1,1
201706E029345,2,1,0,18,0,0,0,0,0,0,4,1,6,1,23,5,-1,-1,-1,3,1,3
201706E029388,1,9,0,8,0,1,0,0,0,0,1,1,2,1,53,8,2143,2,2,2,1,2
201706E029388,2,1,0,18,9,1,0,0,0,0,1,1,6,1,23,5,-1,-1,-1,3,1,3
201706E029405,1,8,0,5,0,0,0,0,0,0,3,1,1,1,51,8,1497,8,9,2,1,2
201706E029433,1,9,0,7,0,6,0,0,0,0,1,1,6,1,30,6,-1,-1,-1,-1,-1,-1
201706E029433,2,1,0,18,0,8,0,0,0,0,3,1,2,1,44,7,-1,-1,-1,1,1,1
201706E029467,1,9,0,9,0,8,0,0,0,0,1,1,6,1,30,6,1598,1,14,-1,-1,-1
201706E029467,2,8,0,18,0,8,0,0,0,0,1,1,1,1,47,8,2231,2,7,6,1,6
201706E029480,1,3,0,6,0,8,0,0,0,0,1,1,1,1,26,6,125,1,1,4,1,4
201706E029480,2,9,0,18,0,8,0,0,0,0,3,1,6,2,31,6,1461,2,2,8,1,8
201706E029629,1,9,0,18,0,2,0,0,0,0,1,1,6,1,30,6,-1,-1,-1,-1,-1,-1
201706E029661,1,9,0,9,4,8,0,0,0,0,4,1,2,1,44,7,1149,1,6,3,1,3
201706E029661,2,1,0,18,4,1,0,0,0,0,1,1,6,1,20,4,-1,-1,-1,1,1,1
201706E029663,1,9,0,18,0,0,0,0,0,0,1,1,6,1,21,5,1124,1,12,5,1,5
201706E029663,2,9,0,4,0,0,0,0,0,0,2,1,2,2,25,5,1390,1,9,2,1,2
201706E029663,3,9,0,4,0,0,0,0,0,0,2,1,6,2,25,5,1582,2,4,1,1,1
201706E029759,1,8,0,5,0,1,0,0,0,0,0,1,6,1,51,8,1586,1,7,4,1,4
201706E029803,1,3,0,14,0,8,0,0,0,0,4,1,6,1,18,4,124,1,1,1,1,1
201706E029803,2,9,0,5,0,8,0,0,0,0,4,1,6,1,76,11,1596,1,9,6,1,6
201706E029808,1,9,0,3,0,1,0,0,0,0,1,-1,5,3,-1,-1,-1,-1,-1,-1,-1,-1
201706E029808,2,9,0,3,0,1,0,0,0,0,2,1,6,1,42,7,1248,2,9,1,1,1
201706E029821,1,9,0,9,0,2,0,0,0,0,1,1,6,2,32,6,1299,1,14,1,1,1
201706E029826,1,11,0,18,0,1,0,0,0,0,0,1,6,1,43,7,6700,2,2,-1,-1,-1
201706E029826,2,9,0,18,0,1,0,0,0,0,0,1,6,1,30,6,-1,-1,-1,-1,-1,-1
201706E029842,1,9,0,9,0,8,0,0,0,0,1,1,2,2,40,7,1248,1,3,1,1,1
201706E029842,2,1,0,18,0,8,0,0,0,0,1,1,2,1,40,7,-1,-1,-1,8,1,8
201706E029878,1,9,0,9,0,8,0,0,0,0,4,-1,5,3,-1,-1,-1,-1,-1,-1,-1,-1
201706E029878,2,1,0,9,0,8,0,0,0,0,1,1,6,1,24,5,-1,-1,-1,1,1,1
201706E029894,1,9,0,2,0,0,0,0,0,0,3,1,6,1,30,6,-1,-1,-1,-1,-1,-1
201706E029894,2,1,0,18,0,0,0,0,0,0,1,1,6,1,56,9,-1,-1,-1,1,1,1
201706E029925,1,9,0,18,0,6,0,0,0,0,1,1,6,2,30,6,1896,2,10,8,1,8
201706E029925,2,1,0,18,4,8,5,0,7,10,4,1,6,1,79,11,-1,-1,-1,4,1,4
201706E030012,1,19,0,18,0,1,0,0,0,0,1,1,6,1,30,6,-1,-1,-1,-1,-1,-1
201706E030012,2,9,0,10,0,1,0,0,0,0,1,1,2,2,35,6,1995,2,9,2,1,2
201706E030097,1,19,0,18,0,2,0,4,0,0,1,1,6,1,30,6,-1,-1,-1,-1,-1,-1
201706E030097,2,9,0,2,0,2,0,0,0,0,1,1,1,1,39,7,2199,2,4,4,1,4
201706E030097,3,9,0,3,0,1,0,0,0,0,3,1,1,1,70,10,1242,1,9,1,1,1
201706E030097,4,9,0,2,0,2,0,0,0,0,3,1,6,1,56,9,1386,1,8,1,1,1
201706E030097,5,9,0,3,0,2,0,0,0,0,3,1,6,1,31,6,-1,-1,-1,9,1,9
201706E030097,6,9,0,2,0,2,0,0,0,0,3,1,6,1,50,8,1299,1,11,1,1,1
201706E030097,7,9,0,2,0,2,0,0,0,0,4,1,6,3,28,6,1995,2,4,7,1,7
201706E030097,8,9,0,2,0,2,0,0,0,0,1,1,6,1,66,10,1995,2,12,1,1,1
201706E030097,9,9,0,2,0,2,0,0,0,0,1,1,6,1,35,6,999,1,1,2,1,2
201706E030160,1,9,0,18,0,8,0,0,0,0,1,1,2,1,35,6,3175,1,13,3,1,3
201706E030264,1,9,0,18,0,1,0,0,0,0,1,-1,5,3,-1,-1,-1,-1,-1,-1,-1,-1
201706E030291,1,9,0,1,0,2,0,0,0,0,1,1,6,1,46,8,-1,-1,-1,2,1,2
201706E030300,1,4,0,13,9,8,0,0,3,10,1,1,4,1,16,4,-1,-1,-1,1,1,1
201706E030300,2,9,0,9,0,8,0,0,0,0,0,1,6,2,38,7,-1,-1,-1,-1,-1,-1
201706E030310,1,9,0,18,0,0,0,0,0,0,1,1,6,1,65,9,1560,2,9,4,1,4
201706E030310,2,9,0,18,0,0,0,4,0,2,1,1,6,2,56,9,1198,1,8,7,1,7
201706E030310,3,9,0,2,9,0,0,0,0,0,2,1,6,3,56,9,2143,2,1,-1,-1,-1
201706E030315,1,9,0,6,0,0,0,0,0,0,3,-1,5,3,-1,-1,-1,-1,-1,-1,-1,-1
201706E030315,2,9,0,5,0,0,0,0,0,0,4,1,6,2,40,7,1396,1,16,8,1,8
201706E030397,1,9,0,7,0,8,0,0,0,0,1,1,6,1,30,6,-1,-1,-1,-1,-1,-1
201706E030397,2,1,0,9,0,8,0,0,0,0,1,1,1,2,22,5,-1,-1,-1,1,1,1
201706E030408,1,9,0,2,0,0,0,0,0,0,0,1,6,2,30,6,-1,-1,-1,-1,-1,-1
201706E030408,2,1,0,18,0,0,0,0,0,0,0,1,6,1,30,6,-1,-1,-1,2,1,2
201706E030422,1,9,0,18,0,0,1,7,4,7,1,1,6,1,25,5,2000,1,7,-1,-1,-1
201706E030422,2,9,0,18,0,0,0,0,0,0,0,1,1,1,35,6,1995,2,4,-1,-1,-1
201706E030422,3,9,0,3,0,0,0,7,0,4,3,1,6,1,23,5,1461,2,2,7,1,7