Accident_Index,Vehicle_Reference,Vehicle_Type,Towing_and_Articulation,Vehicle_Manoeuvre,Vehicle_Location-Restricted_Lane,Junction_Location,Skidding_and_Overturning,Hit_Object_in_Carriageway,Vehicle_Leaving_Carriageway,Hit_Object_off_Carriageway,1st_Point_of_Impact,Was_Vehicle_Left_Hand_Drive?,Journey_Purpose_of_Driver,Sex_of_Driver,Age_of_Driver,Age_Band_of_Driver,Engine_Capacity_(CC),Propulsion_Code,Age_of_Vehicle,Driver_IMD_Decile,Driver_Home_Area_Type,Vehicle_IMD_Decile
201706E030441,1,9,0,18,1,1,0,0,0,0,4,1,1,2,61,9,-1,-1,-1,2,1,2
201706E030441,2,18,0,18,0,8,0,0,0,0,3,1,1,1,47,8,-1,-1,-1,2,1,2
201706E030471,1,9,0,9,0,8,0,0,0,0,4,1,6,1,24,5,1248,2,6,10,1,10
201706E030471,2,1,0,18,0,8,0,0,0,0,1,1,6,1,29,6,-1,-1,-1,6,1,6
201706E030522,1,3,0,18,0,8,0,0,0,0,1,-1,5,3,-1,-1,-1,-1,-1,-1,-1,-1
201706E030534,1,3,0,18,0,8,0,0,7,1,4,1,6,1,22,5,124,1,7,1,1,1
201706E030534,2,9,0,10,0,8,0,0,0,0,3,1,6,1,49,8,1991,2,11,1,1,1
201706E030538,1,9,0,11,0,0,0,0,0,0,1,-1,5,3,-1,-1,-1,-1,-1,-1,-1,-1
201706E030538,2,9,0,3,0,0,0,0,0,0,2,1,6,1,30,6,1197,1,2,5,1,5
201706E030538,3,9,0,3,0,0,0,0,0,0,2,1,6,2,30,6,1198,1,1,-1,-1,-1
201706E030549,1,9,0,3,0,8,0,0,0,0,3,1,1,2,50,8,1796,1,8,8,3,8
201706E030549,2,9,0,18,0,6,0,0,0,0,1,1,6,1,21,5,2204,2,10,-1,-1,-1
201706E030594,1,9,0,9,0,8,0,0,0,0,1,1,6,1,19,4,-1,-1,-1,3,1,3
201706E030594,2,3,0,18,0,8,0,0,0,0,1,1,6,1,23,5,124,1,14,2,1,2
201706E030594,3,9,0,2,0,2,0,0,0,0,2,1,6,2,65,9,1396,1,17,3,1,3
201706E030604,1,9,0,18,0,1,0,0,0,0,1,1,6,2,47,8,1599,1,13,2,1,2
201706E030604,2,9,0,18,0,1,0,0,0,0,2,1,6,2,40,7,1248,2,4,2,1,2
201706E030626,1,1,0,9,0,8,0,0,0,0,1,1,6,1,35,6,-1,-1,-1,1,1,1
201706E030626,2,3,0,18,0,8,0,0,0,0,4,1,6,1,19,4,124,1,-1,1,1,1
201706E030641,1,8,0,9,0,2,0,0,1,1,1,1,1,1,49,8,1598,1,9,3,1,3
201706E030647,1,9,0,4,7,7,0,0,0,0,1,1,6,1,30,6,2993,2,2,5,1,5
201706E030647,2,9,0,18,0,8,0,0,4,0,1,1,6,2,71,10,-1,-1,-1,9,1,9
201706E030697,1,9,0,13,0,1,0,0,0,0,2,1,6,2,40,7,1390,1,12,-1,-1,-1
201706E030697,2,9,0,18,0,1,0,0,2,0,1,1,1,2,26,6,1493,2,11,8,1,8
201706E030718,1,8,0,4,0,1,0,0,0,0,2,1,1,1,37,7,1598,1,4,1,1,1
201706E030718,2,9,0,4,0,1,0,0,0,0,1,1,6,1,30,6,1349,1,6,1,1,1
201706E030736,1,9,0,18,0,8,0,0,0,0,1,1,6,1,43,7,1332,1,13,1,1,1
201706E030736,2,9,0,18,0,8,0,0,1,10,1,1,6,1,36,7,1360,1,5,4,1,4
201706E030738,1,9,0,18,0,6,0,0,0,0,1,-1,5,3,-1,-1,-1,-1,-1,-1,-1,-1
201706E030738,2,1,0,18,0,6,0,0,0,0,2,1,1,1,41,7,-1,-1,-1,4,1,4
201706E030845,1,9,0,9,0,5,0,0,0,0,2,1,3,2,30,6,1598,1,7,-1,-1,-1
201706E030845,2,1,0,18,4,8,0,0,0,0,1,1,2,1,23,5,-1,-1,-1,1,1,1
201706E030894,1,19,0,9,0,8,0,0,0,0,1,1,6,1,26,6,2198,2,6,-1,-1,-1
201706E030894,2,9,0,9,0,8,0,0,0,0,0,1,6,2,35,6,-1,-1,-1,-1,-1,-1
201706E030894,3,1,0,18,0,8,0,0,0,0,3,1,6,1,14,3,-1,-1,-1,1,1,1
201706E030910,1,9,0,9,0,8,0,0,0,0,1,1,6,2,36,7,1198,1,8,9,1,9
201706E030910,2,1,0,18,0,8,0,0,0,0,1,1,6,1,19,4,-1,-1,-1,4,1,4
201706E030914,1,8,0,3,0,0,0,0,0,0,2,1,1,1,40,7,1497,8,3,2,1,2
201706E030914,2,4,0,18,0,0,0,0,0,0,1,1,2,1,25,5,124,1,5,10,1,10
201706E030971,1,9,0,18,0,8,0,0,0,0,0,-1,5,3,-1,-1,-1,-1,-1,-1,-1,-1
201706E030971,2,9,0,18,0,8,0,0,0,0,1,1,6,1,26,6,1461,2,2,3,1,3
201706E030971,3,9,0,10,0,1,0,0,0,0,3,1,6,1,49,8,1149,1,8,7,1,7
201706E030991,1,9,0,18,0,1,0,0,0,0,1,1,6,1,47,8,1997,2,7,1,1,1
201706E030991,2,9,0,4,0,1,0,0,0,0,2,1,6,1,37,7,1968,2,12,3,1,3
201706E031116,1,9,0,18,0,0,0,0,0,0,2,1,6,1,73,10,-1,-1,-1,10,1,10
201706E031116,2,9,0,18,0,0,0,0,0,0,1,1,6,2,22,5,1242,1,10,10,3,10
201706E031116,3,8,0,18,0,0,0,0,0,0,1,1,6,1,21,5,-1,-1,-1,2,1,2
201706E031123,1,11,0,18,3,1,0,0,0,0,4,1,1,2,55,8,4461,2,4,-1,-1,-1
201706E031140,1,9,0,18,0,0,1,0,2,2,1,1,6,1,35,6,-1,-1,-1,1,1,1
201706E031168,1,9,0,9,0,8,0,0,0,0,4,1,6,2,44,7,2290,1,12,8,1,8
201706E031168,2,1,0,18,0,8,0,0,0,0,1,1,6,1,37,7,-1,-1,-1,9,1,9
201706E031225,1,9,0,18,0,0,0,0,0,0,3,1,2,1,22,5,999,1,1,10,1,10
201706E031263,1,9,0,13,0,1,0,0,0,0,4,1,2,2,35,6,1246,1,10,6,1,6
201706E031263,2,1,0,9,0,5,2,0,7,0,2,1,2,1,23,5,-1,-1,-1,4,1,4
201706E031287,1,9,0,18,0,0,0,0,0,0,3,1,6,1,30,6,2998,1,-1,-1,-1,-1
201706E031287,2,9,0,18,0,0,0,0,0,0,3,1,6,2,27,6,1388,1,9,7,1,7
201706E031309,1,19,0,2,0,0,0,0,0,0,3,1,1,1,35,6,-1,-1,-1,1,1,1
201706E031309,2,1,0,18,0,0,0,0,0,0,3,1,2,1,44,7,-1,-1,-1,3,1,3
201706E031330,1,9,0,18,0,0,0,0,0,0,1,-1,5,3,-1,-1,-1,-1,-1,-1,-1,-1
201706E031330,2,9,0,2,0,0,1,4,0,0,3,1,6,1,33,6,1398,1,1,1,1,1
201706E031330,3,9,0,2,9,0,0,4,0,0,4,-1,5,3,-1,-1,1905,2,33,-1,-1,-1
201706E031343,1,8,0,7,0,8,0,0,0,0,4,1,6,1,30,6,1956,2,6,-1,-1,-1
201706E031343,2,1,0,18,4,8,0,0,0,0,1,1,2,1,33,6,-1,-1,-1,4,1,4
201706E031346,1,9,0,18,0,0,0,0,0,0,1,1,6,1,20,4,1600,2,8,3,1,3
201706E031346,2,9,0,18,0,0,0,0,0,0,2,1,6,1,64,9,1498,1,8,2,1,2
201706E031346,3,8,0,18,0,0,0,0,0,0,2,1,1,1,45,7,1968,2,4,1,1,1
201706E031346,4,9,0,18,0,0,0,0,0,0,4,1,6,1,30,6,-1,-1,-1,-1,-1,-1
201706E031353,1,2,0,17,0,1,0,0,0,0,1,1,2,1,49,8,49,1,3,2,1,2
201706E031494,1,9,0,18,0,8,0,0,0,0,1,1,6,2,50,8,1998,1,13,10,1,10
201706E031494,2,9,0,5,0,6,0,0,0,0,3,1,6,2,27,6,1493,2,8,1,1,1
201706E031494,3,9,0,11,0,8,0,0,0,0,1,1,6,2,67,10,1198,1,6,1,1,1
201706E031503,1,9,0,4,0,1,0,0,0,0,2,1,6,1,30,6,1968,2,8,1,1,1
201706E031503,2,9,0,18,0,1,1,10,0,0,1,1,6,1,30,6,-1,-1,-1,1,1,1
201706E031540,1,9,0,5,0,1,0,0,0,0,1,-1,5,3,-1,-1,-1,-1,-1,-1,-1,-1
201706E031540,2,9,0,5,0,1,0,0,0,0,1,1,6,1,38,7,1299,1,13,-1,-1,-1
201706E031548,1,9,0,9,0,8,0,0,0,0,3,1,2,1,25,5,1497,1,12,1,1,1
201706E031548,2,1,0,18,0,8,0,0,0,0,1,1,2,1,35,6,-1,-1,-1,10,1,10
201706E031569,1,9,0,18,0,8,0,0,0,0,4,1,1,1,30,6,1497,8,9,2,1,2
201706E031569,2,9,0,18,0,8,0,0,0,0,1,1,6,1,72,10,1560,2,7,3,1,3
201706E031589,1,8,0,18,9,8,0,0,0,10,1,1,1,1,50,8,2499,2,6,2,1,2
201706E031679,1,9,0,2,0,0,0,0,0,0,3,1,6,2,33,6,898,1,1,3,1,3
201706E031679,2,1,0,18,0,0,0,0,0,0,1,1,6,1,62,9,-1,-1,-1,1,1,1
201706E031730,1,9,0,9,0,8,0,0,7,1,1,1,6,2,81,11,2231,2,6,2,1,2
201706E031730,2,1,0,18,0,8,2,0,0,0,1,1,2,2,31,6,-1,-1,-1,7,3,7
201706E031739,1,3,0,18,0,0,1,0,0,0,1,1,6,1,35,6,125,1,1,1,1,1
201706E031739,2,19,0,3,0,0,0,0,0,0,2,1,2,1,35,6,2500,2,9,5,1,5
201706E031743,1,10,0,5,0,0,0,0,0,0,3,1,3,1,51,8,-1,-1,-1,1,1,1
201706E031820,1,9,0,18,0,8,0,0,0,0,4,1,6,2,30,6,1199,1,16,-1,-1,-1
201706E031820,2,9,0,10,0,8,0,0,0,0,3,1,6,2,55,8,1390,1,9,8,1,8
201706E031825,1,11,0,18,0,0,0,0,0,0,3,1,1,1,31,6,4461,2,4,2,1,2
201706E031828,1,9,0,9,0,8,0,0,0,0,4,1,6,1,23,5,2497,1,12,2,1,2
201706E031828,2,9,0,18,0,8,0,0,0,0,1,1,6,1,41,7,1590,1,14,1,1,1
201706E031863,1,9,0,6,0,5,0,0,0,0,3,1,1,1,24,5,1984,1,-1,-1,-1,-1
201706E031863,2,4,0,18,0,8,0,0,0,0,3,1,6,1,19,4,-1,-1,-1,1,1,1
201706E031920,1,9,0,6,0,1,0,0,4,0,3,-1,5,3,-1,-1,-1,-1,-1,-1,-1,-1
201706E031920,2,9,0,18,0,1,2,0,6,0,4,1,6,1,21,5,1198,1,11,3,1,3
201706E031928,1,9,0,18,2,8,0,0,0,0,1,1,1,2,51,8,1595,1,11,1,1,1
201706E031928,2,9,0,18,0,8,0,0,0,0,4,-1,5,3,-1,-1,-1,-1,-1,-1,-1,-1
201706E031928,3,9,0,3,0,2,0,0,0,0,3,1,1,2,44,7,1560,2,8,8,3,8
201706E032006,1,9,0,18,0,8,0,0,0,0,3,1,6,1,42,7,1598,1,13,1,1,1
201706E032006,2,1,0,7,0,6,0,0,0,0,1,1,6,1,13,3,-1,-1,-1,1,1,1
201706E032008,1,9,0,18,0,3,0,0,0,0,3,1,6,1,40,7,1398,1,11,-1,-1,-1
201706E032008,2,9,0,18,0,4,0,0,0,0,1,1,6,2,27,6,1360,1,9,4,1,4
201706E032026,1,9,0,18,0,8,0,0,0,0,4,1,1,1,60,9,1229,1,10,1,1,1
201706E032026,2,9,0,5,0,8,0,0,0,0,1,1,6,2,61,9,1399,2,8,1,1,1
201706E032026,3,1,0,18,0,8,5,0,0,0,0,1,6,1,68,10,-1,-1,-1,7,1,7
201706E032050,1,9,0,18,0,0,0,0,0,0,1,1,6,1,28,6,1596,1,5,8,1,8
201706E032077,1,9,0,9,0,8,1,0,0,0,1,1,6,1,20,4,1329,1,1,7,1,7
201706E032077,2,8,0,18,0,8,1,0,1,0,1,1,6,1,37,7,-1,-1,-1,3,1,3
201706E032090,1,9,0,4,0,0,0,0,0,0,2,1,6,1,45,7,2987,2,7,4,1,4
201706E032090,2,9,0,3,0,0,0,0,0,0,2,1,2,1,58,9,1397,1,6,10,1,10
201706E032090,3,9,0,3,0,0,0,0,0,0,2,1,6,2,31,6,1197,1,-1,4,1,4
201706E032103,1,4,0,6,0,0,1,0,0,0,3,1,6,1,29,6,125,1,1,7,1,7
201706E032103,2,4,0,18,8,0,0,0,0,0,0,1,6,1,24,5,-1,-1,-1,3,1,3
201706E032120,1,9,0,9,0,6,0,0,0,0,1,1,6,2,54,8,1896,2,15,7,1,7
201706E032120,2,19,0,3,0,1,0,0,0,0,0,1,1,1,30,6,-1,-1,-1,-1,-1,-1
201706E032144,1,9,0,7,0,6,0,0,0,0,1,1,6,1,19,4,1988,1,14,3,1,3
201706E032144,2,9,0,18,0,8,0,0,0,0,1,1,6,1,21,5,998,1,14,3,1,3
201706E032150,1,4,0,18,0,8,0,0,0,0,1,1,6,1,27,6,-1,-1,-1,1,1,1
201706E032150,2,9,0,5,0,8,0,0,0,0,4,1,6,2,54,8,1686,2,10,8,3,8
201706E032157,1,9,0,3,0,8,0,0,0,0,4,1,6,1,55,8,-1,-1,-1,3,1,3
201706E032157,2,1,0,14,0,8,0,0,0,0,3,1,6,1,49,8,-1,-1,-1,4,1,4
201706E032180,1,9,0,7,0,5,0,0,0,0,2,-1,5,3,-1,-1,-1,-1,-1,-1,-1,-1
201706E032180,2,1,0,18,4,8,0,0,0,0,2,1,6,2,23,5,-1,-1,-1,1,1,1
201706E032235,1,11,0,18,0,0,0,0,0,0,3,1,1,2,30,6,6700,2,10,-1,-1,-1
201706E032235,2,9,0,18,0,0,0,0,0,0,3,1,2,2,31,6,1248,1,7,4,1,4
201706E032269,1,9,0,1,9,8,0,0,0,0,2,1,6,2,35,6,1229,1,6,1,1,1
201706E032276,1,9,0,9,0,8,0,0,1,0,1,1,6,1,29,6,1398,2,12,2,1,2
201706E032276,2,9,0,18,0,8,0,0,1,2,1,1,6,1,21,5,1984,1,11,2,1,2
201706E032325,1,9,0,15,0,8,0,0,1,0,1,1,6,2,30,6,-1,-1,-1,-1,-1,-1
201706E032325,2,9,0,5,0,8,0,0,0,0,1,1,6,2,49,8,1995,2,12,1,1,1
201706E032352,1,9,0,18,0,8,0,0,1,2,3,-1,5,3,-1,-1,-1,-1,-1,-1,-1,-1
201706E032352,2,8,0,18,0,8,0,0,1,10,1,1,1,1,37,7,1797,8,7,3,1,3
201706E032378,1,9,0,18,0,1,0,0,0,0,1,1,6,1,30,6,1390,1,12,-1,-1,-1
201706E032378,2,9,0,3,0,1,0,0,0,0,2,1,1,1,61,9,1229,1,10,5,1,5
201706E032384,1,9,0,9,0,5,0,0,0,0,2,-1,5,3,-1,-1,-1,-1,-1,-1,-1,-1
201706E032384,2,4,0,18,0,8,0,0,0,0,1,1,6,1,32,6,449,1,1,2,1,2
201706E032409,1,9,0,13,0,1,1,0,0,0,3,1,6,1,36,7,1968,2,1,3,1,3
201706E032409,2,9,0,7,0,6,0,0,0,0,1,1,6,1,23,5,1984,1,5,1,1,1
201706E032409,3,9,0,18,0,1,0,0,1,2,2,1,6,2,33,6,1596,1,6,7,1,7
201706E032411,1,9,0,18,0,2,0,0,0,0,1,1,6,1,26,6,998,1,10,2,1,2
201706E032421,1,9,0,9,0,8,0,0,1,0,4,1,6,1,17,4,2996,1,8,1,1,1
201706E032421,2,9,0,18,0,1,0,0,0,0,0,1,1,1,41,7,1984,1,1,1,1,1
201706E032421,3,9,0,18,0,8,0,0,0,0,1,1,1,1,35,6,1598,1,1,-1,-1,-1
201706E032468,1,9,0,18,0,0,0,4,0,0,1,-1,5,3,-1,-1,-1,-1,-1,-1,-1,-1
201706E032468,2,9,0,18,0,0,0,11,1,1,2,1,6,1,60,9,1794,1,11,1,1,1
201706E032468,3,9,0,2,0,0,0,0,0,0,2,1,6,2,19,4,1242,1,11,5,1,5
201706E032497,1,9,0,18,0,0,0,0,0,0,1,1,6,1,30,6,-1,-1,-1,4,1,4
201706E032497,2,9,0,18,0,0,0,0,0,0,2,1,6,2,56,9,1390,1,15,1,1,1
201706E032497,3,9,0,18,0,0,0,0,0,0,2,1,6,1,30,6,1900,2,11,3,1,3
201706E032498,1,11,0,4,2,0,0,0,0,0,4,1,1,1,54,8,4500,2,7,2,1,2
201706E032498,2,1,0,18,9,0,0,0,0,0,1,1,6,1,79,11,-1,-1,-1,3,1,3
201706E032499,1,8,0,9,0,5,0,0,0,0,1,1,1,1,27,6,1685,2,2,1,1,1
201706E032502,1,9,0,4,0,1,0,0,0,0,1,1,6,2,21,5,998,1,1,1,1,1
201706E032502,2,1,0,18,0,8,0,0,0,0,1,1,6,1,43,7,-1,-1,-1,1,1,1
201706E032551,1,9,0,18,0,0,0,0,0,0,1,-1,5,3,-1,-1,-1,-1,-1,-1,-1,-1
201706E032551,2,2,0,18,0,0,0,0,0,0,2,1,6,1,42,7,125,1,2,1,1,1
201706E032557,1,9,0,18,0,1,0,0,0,0,1,-1,5,3,-1,-1,-1,-1,-1,-1,-1,-1
201706E032557,2,1,0,18,0,8,0,0,0,0,3,1,6,2,13,3,-1,-1,-1,1,1,1
201706E032593,1,1,0,18,0,8,0,0,0,0,2,1,6,1,41,7,-1,-1,-1,1,1,1
201706E032593,2,9,0,18,0,8,0,0,0,0,1,1,6,1,26,6,1397,1,15,1,1,1
201706E032609,1,9,0,5,1,6,0,0,0,0,4,1,6,1,43,7,2231,2,11,3,1,3
201706E032609,2,18,5,18,1,8,0,0,0,0,1,1,1,1,61,9,-1,-1,-1,3,1,3
201706E032684,1,9,0,18,9,6,0,0,0,0,1,1,6,1,60,9,1999,1,13,1,1,1
201706E032684,2,1,0,18,9,8,0,0,0,0,1,-1,4,2,8,2,-1,-1,-1,-1,-1,-1
201706E032763,1,1,0,18,0,0,0,0,0,0,1,-1,5,1,9,2,-1,-1,-1,-1,-1,-1
201706E032763,2,9,0,18,0,0,0,0,0,0,1,1,6,1,58,9,1598,1,5,6,1,6
201706E032780,1,9,0,18,0,2,0,10,1,0,4,-1,5,3,-1,-1,-1,-1,-1,-1,-1,-1
201706E032780,2,9,0,3,0,1,0,0,0,0,4,1,6,1,25,5,1368,1,9,2,1,2
201706E032839,1,9,0,4,0,4,1,10,7,2,1,1,6,1,26,6,2993,2,1,1,1,1
201706E032848,1,11,0,18,0,0,0,0,0,0,1,1,6,1,30,6,-1,-1,-1,-1,-1,-1
201706E032848,2,1,0,18,4,0,0,0,0,0,2,1,6,1,30,6,-1,-1,-1,4,1,4
201706E032881,1,1,0,11,0,0,0,0,0,0,3,1,6,1,14,3,-1,-1,-1,1,1,1
201706E032881,2,9,0,16,0,0,0,0,0,0,1,1,6,1,67,10,898,1,1,2,1,2
201706E032898,1,9,0,18,0,0,0,0,1,10,1,1,6,2,33,6,3000,2,8,1,1,1
201706E032898,2,11,0,5,0,0,0,0,0,0,0,1,1,1,33,6,6700,2,8,-1,-1,-1
201706E032948,1,1,0,18,9,8,0,0,0,0,1,1,4,1,14,3,-1,-1,-1,3,1,3
201706E032948,2,9,0,8,0,1,0,0,0,0,4,1,2,2,33,6,1598,1,11,5,1,5
201706E032959,1,9,0,7,0,6,0,10,0,0,2,-1,5,3,-1,-1,-1,-1,-1,-1,-1,-1
201706E032959,2,1,0,18,0,8,5,0,0,0,1,1,2,1,35,6,-1,-1,-1,6,1,6
201706E033014,1,1,0,18,0,8,2,0,0,0,3,1,2,2,26,6,-1,-1,-1,4,1,4
201706E033014,2,9,0,18,0,6,0,0,0,0,1,1,6,1,48,8,2179,2,5,-1,-1,-1
201706E033033,1,9,0,18,0,8,0,0,0,0,1,-1,5,3,-1,-1,-1,-1,-1,-1,-1,-1
201706E033033,2,1,0,18,0,8,0,0,0,0,4,1,1,1,17,4,-1,-1,-1,2,1,2
201706E033045,1,9,0,5,0,8,0,0,0,0,1,1,6,1,34,6,1798,1,1,1,1,1
201706E033045,2,9,0,18,0,8,0,0,0,0,3,1,6,1,38,7,1560,2,4,2,1,2
201706E033089,1,9,0,18,0,6,0,0,0,0,1,1,6,2,35,6,1582,2,6,3,1,3
201706E033089,2,9,0,18,0,8,0,0,0,0,1,1,6,1,55,8,2987,2,3,1,1,1
201706E033113,1,11,0,13,0,0,0,0,0,0,4,-1,1,3,-1,-1,-1,-1,-1,-1,-1,-1
201706E033113,2,1,0,14,0,0,0,0,0,0,3,1,2,1,55,8,-1,-1,-1,6,1,6
201706E033113,3,11,0,3,0,0,0,0,0,0,0,-1,1,3,-1,-1,-1,-1,-1,-1,-1,-1
201706E033153,1,9,0,15,0,1,0,0,0,0,4,-1,5,3,-1,-1,-1,-1,-1,-1,-1,-1
201706E033153,2,1,0,18,0,1,0,0,0,0,3,1,2,2,46,8,-1,-1,-1,9,1,9
201706E033168,1,9,0,18,0,0,5,10,1,2,1,1,6,1,34,6,4163,1,2,2,1,2
201706E033168,2,9,0,4,0,0,0,0,0,0,1,1,6,1,89,11,1389,1,13,7,1,7
201706E033198,1,9,0,9,0,6,0,0,0,0,1,1,6,1,43,7,-1,-1,-1,3,1,3
201706E033198,2,4,0,14,0,8,0,0,0,0,1,1,6,1,28,6,779,1,6,1,1,1
201706E033229,1,1,0,18,0,8,0,0,0,0,1,1,6,1,38,7,-1,-1,-1,7,1,7
201706E033229,2,9,0,9,0,8,0,0,0,0,4,1,6,1,77,11,1242,1,19,2,1,2
201706E033231,1,9,0,9,0,8,0,0,0,0,4,1,6,1,21,5,1398,1,1,8,3,8
201706E033231,2,5,0,5,0,8,1,0,0,0,3,1,6,1,26,6,1202,1,-1,-1,-1,-1
201706E033252,1,9,0,9,0,8,0,0,0,0,1,1,6,1,43,7,1598,1,6,5,1,5
201706E033252,2,1,0,18,0,8,0,0,0,0,1,1,6,1,33,6,-1,-1,-1,3,1,3
201706E033261,1,20,0,18,0,1,0,0,0,0,3,1,1,1,47,8,12580,2,11,4,1,4
201706E033292,1,9,0,9,0,6,0,0,0,0,1,1,6,1,37,7,1395,1,9,3,1,3
201706E033292,2,9,0,18,0,8,0,0,0,0,3,1,1,1,48,8,1598,2,5,1,1,1
201706E033299,1,9,0,4,0,1,0,0,0,0,1,1,6,1,30,6,1199,1,14,-1,-1,-1
201706E033299,2,9,0,4,0,1,0,0,0,0,1,1,6,1,24,5,1149,1,4,3,1,3
201706E033299,3,9,0,4,0,1,0,0,0,0,2,1,6,2,30,6,1968,2,-1,6,1,6
201706E033406,1,9,0,9,0,5,0,0,0,10,4,1,6,2,45,7,998,1,9,3,1,3
201706E033406,2,9,0,17,0,8,0,0,0,0,1,1,6,1,54,8,2497,2,12,3,1,3
201706E033437,1,9,0,18,0,2,0,0,0,0,1,-1,5,3,-1,-1,-1,-1,-1,-1,-1,-1
201706E033437,2,1,0,18,0,8,0,0,0,0,4,1,6,1,47,8,-1,-1,-1,-1,-1,-1
201706E033465,1,9,0,18,0,2,1,0,0,0,3,1,6,2,30,6,1360,1,10,1,1,1
201706E033465,2,1,0,18,0,8,0,0,0,0,1,1,6,1,11,3,-1,-1,-1,1,1,1
201706E033525,1,9,0,9,0,6,0,0,0,0,1,1,6,1,31,6,2967,2,1,8,1,8
201706E033525,2,9,0,18,0,8,0,0,0,0,1,1,6,1,27,6,1870,2,10,7,1,7
201706E033561,1,1,0,18,0,2,0,0,0,0,3,1,6,1,27,6,-1,-1,-1,1,1,1
201706E033561,2,9,0,18,0,2,0,0,0,0,4,-1,5,3,-1,-1,-1,-1,-1,-1,-1,-1
201706E033566,1,9,0,1,0,8,0,0,0,0,1,1,6,1,32,6,1995,2,12,2,1,2
201706E033566,2,9,0,18,0,8,0,0,0,0,3,1,6,2,33,6,1229,1,10,2,1,2
201706E033584,1,19,0,1,0,0,0,0,0,0,2,1,1,1,30,6,2151,2,13,1,1,1
201706E033584,2,9,0,4,0,0,0,0,0,0,1,1,6,1,25,5,1124,1,11,3,1,3
201706E033631,1,9,0,18,0,0,0,0,0,0,1,1,6,1,20,4,1198,1,7,2,1,2
201706E033631,2,9,0,3,0,0,0,0,0,0,2,1,6,1,21,5,1299,1,15,4,1,4
201706E033634,1,9,0,18,0,8,0,0,0,0,1,1,6,1,25,5,1968,2,1,5,2,5
201706E033634,2,9,0,10,0,8,0,0,0,0,4,1,3,2,38,7,1246,1,12,2,1,2
201706E033634,3,9,0,10,0,8,0,0,0,0,2,1,3,2,35,6,1968,2,7,4,1,4
201706E033750,1,1,0,18,0,0,0,0,0,0,4,1,6,1,16,4,-1,-1,-1,2,1,2
201706E033750,2,9,0,4,0,0,0,0,0,0,1,1,6,1,38,7,1560,2,1,4,1,4
201706E033777,1,9,0,9,0,6,0,0,0,0,4,1,6,2,21,5,1398,1,-1,2,1,2
201706E033777,2,9,0,18,0,8,0,0,0,0,1,1,6,1,20,4,1197,1,1,4,1,4
201706E033824,1,9,0,5,0,0,0,0,0,0,1,1,6,2,54,8,1598,1,10,4,1,4
201706E033824,2,1,0,18,0,0,0,0,0,0,4,-1,5,1,4,1,-1,-1,-1,-1,-1,-1
201706E033897,1,5,0,18,0,1,1,10,0,0,1,1,6,1,16,4,649,1,2,-1,-1,-1
201706E033897,2,9,0,18,0,2,0,0,0,0,0,1,6,2,23,5,1360,1,18,6,1,6
201706E033946,1,1,0,18,0,1,0,0,0,0,1,1,2,1,27,6,-1,-1,-1,1,1,1
201706E033946,2,9,0,18,0,1,0,0,0,0,2,1,6,2,38,7,1197,1,-1,4,1,4
201706E034006,1,9,0,5,6,0,0,0,0,0,1,1,6,1,53,8,1061,1,13,1,1,1
201706E034006,2,9,0,18,0,0,0,0,0,0,4,1,6,2,47,8,1995,2,10,2,1,2
201706E034012,1,9,0,18,0,0,0,6,0,0,1,1,6,1,20,4,-1,-1,-1,2,1,2
201706E034079,1,9,0,18,0,2,0,0,0,0,4,1,6,1,41,7,1598,1,10,3,1,3
201706E034105,1,3,0,9,0,8,0,0,0,0,1,1,6,1,30,6,-1,-1,-1,-1,-1,-1
201706E034105,2,9,0,18,0,8,0,0,0,0,1,1,6,1,21,5,-1,-1,-1,-1,-1,-1
201706E034148,1,8,0,9,0,6,0,0,0,0,4,-1,5,3,-1,-1,-1,-1,-1,-1,-1,-1
201706E034148,2,1,0,18,0,8,0,0,0,0,1,1,6,1,37,7,-1,-1,-1,1,1,1
201706E034159,1,9,0,18,0,1,0,0,0,0,1,1,6,1,30,6,1796,1,11,-1,-1,-1
201706E034159,2,9,0,10,0,1,0,0,0,0,2,1,6,2,35,6,1499,2,2,5,1,5
201706E034223,1,9,0,9,0,1,0,0,0,0,1,1,6,1,30,6,1598,2,1,-1,-1,-1
201706E034225,1,9,0,18,0,0,0,0,0,0,3,1,6,1,30,6,1598,1,11,-1,-1,-1
201706E034225,2,9,0,18,0,0,0,0,0,0,3,1,6,1,70,10,3189,1,12,2,1,2
201706E034255,1,9,0,5,0,1,0,0,0,0,2,1,6,1,44,7,1596,1,11,1,1,1
201706E034255,2,1,0,5,0,8,0,0,0,0,3,1,6,1,12,3,-1,-1,-1,1,1,1
201706E034258,1,9,0,7,0,2,0,0,0,0,1,1,6,1,54,8,1398,1,-1,1,1,1
201706E034258,2,9,0,3,0,1,0,0,0,0,1,1,6,1,32,6,1461,2,7,1,1,1
201706E034291,1,9,0,9,0,8,0,0,0,0,4,1,6,1,34,6,1560,2,1,10,1,10
201706E034291,2,1,0,18,0,8,0,0,0,0,1,1,6,1,52,8,-1,-1,-1,6,1,6
201706E034301,1,2,0,18,0,1,0,0,0,0,1,-1,5,3,-1,-1,49,1,16,-1,-1,-1
201706E034327,1,1,0,9,0,8,0,0,0,0,3,1,6,1,42,7,-1,-1,-1,1,1,1
201706E034327,2,9,0,18,0,8,0,0,0,0,4,1,1,1,29,6,1598,1,11,1,1,1
201706E034331,1,9,0,18,0,1,0,0,0,0,1,1,6,1,30,6,2143,2,-1,-1,-1,-1
201706E034331,2,9,0,8,0,6,0,0,0,0,2,1,2,2,24,5,999,1,1,1,1,1