Accident_Index,Vehicle_Reference,Vehicle_Type,Towing_and_Articulation,Vehicle_Manoeuvre,Vehicle_Location-Restricted_Lane,Junction_Location,Skidding_and_Overturning,Hit_Object_in_Carriageway,Vehicle_Leaving_Carriageway,Hit_Object_off_Carriageway,1st_Point_of_Impact,Was_Vehicle_Left_Hand_Drive?,Journey_Purpose_of_Driver,Sex_of_Driver,Age_of_Driver,Age_Band_of_Driver,Engine_Capacity_(CC),Propulsion_Code,Age_of_Vehicle,Driver_IMD_Decile,Driver_Home_Area_Type,Vehicle_IMD_Decile
201706E037934,3,9,0,4,0,0,0,0,0,0,2,1,6,1,30,6,999,1,1,-1,-1,-1
201706E037982,1,19,0,9,0,6,0,0,0,1,3,1,1,1,34,6,1598,2,3,3,1,3
201706E037982,2,19,0,18,0,8,0,0,0,0,1,1,1,1,42,7,2299,2,-1,3,1,3
201706E037988,1,9,0,9,0,5,0,0,0,0,1,1,6,1,44,7,1339,1,11,8,1,8
201706E037988,2,1,0,18,0,8,0,0,0,0,3,1,2,1,37,7,-1,-1,-1,6,1,6
201706E037989,1,9,0,18,0,0,0,0,0,0,1,-1,5,3,-1,-1,-1,-1,-1,-1,-1,-1
201706E037989,2,9,0,4,0,0,0,0,0,0,2,1,2,1,26,6,1498,1,-1,3,1,3
201706E037991,1,9,0,9,0,5,0,0,0,0,1,1,6,2,67,10,1950,2,-1,8,1,8
201706E037991,2,9,0,18,0,8,0,4,0,0,1,1,6,1,37,7,1995,2,15,1,1,1
201706E037991,3,9,0,2,0,2,0,0,0,0,2,1,6,2,59,9,1598,1,6,1,1,1
201706E038000,1,9,0,6,0,8,0,0,0,0,1,1,1,1,28,6,-1,-1,-1,9,2,9
201706E038000,2,3,0,18,0,8,0,0,0,0,3,1,6,1,24,5,125,1,7,1,1,1
201706E038006,1,9,0,7,0,5,0,0,0,0,4,1,6,1,21,5,1598,2,5,4,1,4
201706E038006,2,9,0,18,0,1,0,0,0,0,0,1,1,1,36,7,1200,1,-1,-1,-1,-1
201706E038010,1,1,0,18,0,8,0,0,1,0,4,1,4,1,13,3,-1,-1,-1,2,1,2
201706E038010,2,9,0,18,0,8,0,0,1,0,1,1,6,2,31,6,-1,-1,-1,4,1,4
201706E038039,1,9,0,7,0,5,0,0,0,0,1,-1,5,3,-1,-1,-1,-1,-1,-1,-1,-1
201706E038039,2,1,0,18,4,8,0,0,0,0,1,1,6,1,26,6,-1,-1,-1,2,1,2
201706E038051,1,9,0,18,0,8,0,0,0,0,3,1,6,2,25,5,-1,-1,-1,1,1,1
201706E038097,1,9,0,18,0,0,0,0,0,0,1,1,6,1,30,6,1968,2,6,-1,-1,-1
201706E038097,2,9,0,10,0,0,0,0,0,0,2,1,6,1,51,8,1461,2,-1,4,1,4
201706E038119,1,9,0,18,0,8,0,0,0,0,1,1,6,1,34,6,1598,1,14,8,1,8
201706E038119,2,9,0,18,0,8,0,0,1,1,3,1,6,1,28,6,998,1,13,10,1,10
201706E038157,1,5,0,13,0,1,1,0,0,0,1,1,6,1,43,7,996,1,18,-1,-1,-1
201706E038157,2,9,0,9,0,5,0,0,0,0,3,1,6,1,49,8,-1,-1,-1,3,1,3
201706E038172,1,9,0,18,0,0,0,0,0,0,1,1,6,2,20,4,1149,1,11,5,3,5
201706E038172,2,9,0,3,0,0,0,0,0,0,2,1,6,2,60,9,-1,-1,-1,7,1,7
201706E038172,3,9,0,3,0,0,0,0,0,0,2,1,6,2,58,9,1360,1,6,1,1,1
201706E038172,4,9,0,3,0,0,0,0,0,0,2,1,6,1,23,5,-1,-1,-1,2,1,2
201706E038177,1,9,0,18,0,8,0,0,0,0,0,-1,5,3,-1,-1,-1,-1,-1,-1,-1,-1
201706E038177,2,9,0,18,0,8,0,0,0,0,0,1,6,1,53,8,999,1,2,1,1,1
201706E038189,1,9,0,1,0,0,0,0,0,0,2,1,6,1,30,6,-1,-1,-1,-1,-1,-1
201706E038202,1,9,0,18,0,2,0,0,0,0,1,1,6,1,30,6,2401,2,13,-1,-1,-1
201706E038202,2,9,0,18,0,2,0,0,0,0,3,1,6,2,33,6,1991,2,9,4,1,4
201706E038281,1,9,0,18,0,4,0,0,0,0,1,1,6,2,30,6,-1,-1,-1,-1,-1,-1
201706E038281,2,1,0,18,0,3,1,0,0,0,4,1,6,2,23,5,-1,-1,-1,4,1,4
201706E038289,1,19,0,7,0,6,0,0,0,0,3,1,6,1,32,6,1399,2,7,5,1,5
201706E038289,2,9,0,18,0,8,0,0,0,0,1,1,6,1,46,8,1910,2,9,1,1,1
201706E038351,1,2,0,9,0,8,5,0,7,0,1,1,6,1,18,4,-1,-1,-1,-1,-1,-1
201706E038351,2,9,0,18,0,8,0,0,0,0,1,1,6,1,32,6,1968,2,8,-1,-1,-1
201706E038354,1,9,0,18,0,5,0,0,0,0,4,1,6,2,43,7,1461,2,6,1,1,1
201706E038354,2,1,0,18,4,8,0,0,0,0,1,1,6,1,25,5,-1,-1,-1,7,1,7
201706E038358,1,9,0,18,0,2,0,0,0,0,1,1,6,1,50,8,1995,1,15,1,1,1
201706E038358,2,9,0,9,0,6,0,0,0,0,0,1,6,1,23,5,1896,2,9,1,1,1
201706E038364,1,9,0,5,0,8,0,0,0,0,3,1,6,2,50,8,1299,1,15,4,1,4
201706E038364,2,9,0,18,0,8,0,0,0,0,1,1,6,1,24,5,1995,2,9,-1,-1,-1
201706E038383,1,9,0,7,0,3,0,10,2,2,1,1,6,1,30,6,998,1,15,1,1,1
201706E038415,1,9,0,18,0,2,0,0,0,0,2,1,3,2,40,7,1798,1,4,2,1,2
201706E038456,1,21,1,18,0,0,0,0,0,0,1,1,1,1,42,7,12740,2,3,3,1,3
201706E038456,2,9,0,4,0,0,0,0,0,0,2,1,2,2,48,8,1997,2,3,-1,-1,-1
201706E038456,3,9,0,4,0,0,0,0,0,0,2,1,6,2,71,10,1242,1,14,8,1,8
201706E038500,1,9,0,18,0,1,0,0,0,0,1,1,6,1,30,6,998,1,6,-1,-1,-1
201706E038500,2,9,0,3,0,1,0,0,0,0,2,1,6,2,41,7,1598,1,7,4,1,4
201706E038536,1,9,0,18,0,8,0,0,0,0,1,1,6,1,30,6,1995,2,6,-1,-1,-1
201706E038536,2,9,0,3,0,8,0,0,0,0,4,1,6,1,71,10,1587,1,15,3,1,3
201706E038549,1,9,0,5,0,8,0,0,0,0,1,1,6,1,36,7,1991,1,-1,1,1,1
201706E038549,2,9,0,18,0,8,0,0,0,0,1,1,6,2,51,8,1299,1,12,1,1,1
201706E038556,1,9,0,18,0,0,0,10,7,10,1,1,6,1,34,6,1388,1,15,1,1,1
201706E038643,1,9,0,18,0,1,0,0,0,0,1,1,6,1,30,6,1596,1,11,-1,-1,-1
201706E038643,2,9,0,4,0,1,0,0,0,0,2,1,6,1,32,6,1360,1,14,1,1,1
201706E038653,1,9,0,9,0,5,0,0,0,0,2,1,1,1,20,4,-1,-1,-1,1,1,1
201706E038653,2,9,0,18,0,8,0,0,0,0,1,1,1,2,35,6,1686,2,10,1,1,1
201706E038661,1,9,0,6,0,6,0,0,0,0,1,-1,5,3,-1,-1,1998,1,25,-1,-1,-1
201706E038661,2,9,0,18,0,8,0,0,0,0,1,1,1,1,58,9,1968,2,5,2,1,2
201706E038678,1,9,0,9,0,5,0,0,0,0,4,1,6,1,30,6,1995,2,6,2,1,2
201706E038678,2,3,0,18,0,8,0,0,0,0,1,1,6,1,26,6,125,1,6,4,1,4
201706E038721,1,9,0,18,0,1,0,0,0,0,1,-1,5,3,-1,-1,1343,1,29,-1,-1,-1
201706E038721,2,9,0,3,0,1,0,0,0,0,2,1,6,1,32,6,1896,2,16,2,1,2
201706E038765,1,19,0,18,0,4,0,0,0,0,1,1,1,1,34,6,1995,2,-1,3,1,3
201706E038765,2,3,0,18,0,3,0,0,0,0,1,1,1,1,29,6,124,1,-1,3,1,3
201706E038769,1,9,0,13,0,8,0,0,0,0,1,1,6,1,26,6,1242,1,6,4,1,4
201706E038769,2,9,0,10,0,5,0,0,0,0,2,1,6,1,30,6,1395,1,-1,10,1,10
201706E038769,3,9,0,10,0,5,0,0,0,0,3,1,6,2,53,8,1349,1,8,3,1,3
201706E038824,1,9,0,18,6,0,0,0,0,0,3,1,6,1,30,6,1341,1,11,-1,-1,-1
201706E038824,2,1,0,18,0,0,0,0,0,0,1,1,2,1,21,5,-1,-1,-1,3,1,3
201706E038881,1,9,0,18,0,8,0,0,0,0,1,1,6,1,30,6,-1,-1,-1,-1,-1,-1
201706E038881,2,1,0,18,0,8,0,0,0,0,2,1,6,1,34,6,-1,-1,-1,2,1,2
201706E038891,1,9,0,18,0,0,0,0,0,0,1,1,6,2,69,10,998,1,12,2,1,2
201706E038897,1,9,0,2,0,2,0,0,0,0,3,1,6,1,60,9,1598,1,9,1,1,1
201706E038897,2,1,0,14,0,2,2,0,0,0,1,1,2,1,38,7,-1,-1,-1,4,1,4
201706E038923,1,9,0,4,2,0,0,0,0,0,0,1,2,2,30,6,1995,2,7,-1,-1,-1
201706E038923,2,1,0,18,0,0,0,0,0,0,0,1,6,1,45,7,-1,-1,-1,3,1,3
201706E038927,1,2,0,18,0,8,0,0,0,0,1,1,1,1,51,8,49,1,14,6,1,6
201706E038927,2,9,0,18,0,8,0,0,0,0,1,1,2,1,30,6,1598,2,3,5,1,5
201706E038938,1,9,0,9,0,5,0,0,0,0,0,1,6,2,30,6,-1,-1,-1,-1,-1,-1
201706E039043,1,9,0,7,0,6,0,0,0,0,4,1,1,1,47,8,1499,2,-1,1,1,1
201706E039043,2,1,0,18,9,1,0,0,0,0,1,1,1,1,11,3,-1,-1,-1,1,1,1
201706E039048,1,9,0,18,0,0,0,0,0,0,1,1,6,1,44,7,973,1,18,1,1,1
201706E039048,2,9,0,4,0,0,0,0,0,0,2,1,6,1,56,9,2993,2,14,8,1,8
201706E039114,1,9,0,5,0,0,0,0,0,0,3,1,6,1,30,6,-1,-1,-1,-1,-1,-1
201706E039265,1,9,0,5,0,1,0,0,0,0,1,1,6,1,30,6,1968,2,7,-1,-1,-1
201706E039265,2,19,0,5,0,1,0,0,0,0,2,1,1,1,52,8,1753,2,11,6,1,6
201706E039402,1,9,0,4,0,1,0,0,0,0,1,1,6,2,30,6,1248,2,8,-1,-1,-1
201706E039402,2,9,0,4,0,1,0,0,0,0,2,1,6,2,25,5,1995,2,11,3,1,3
201706E039646,1,9,0,18,0,8,0,0,0,0,1,1,6,1,30,6,1229,1,10,-1,-1,-1
201706E039646,2,9,0,7,0,8,0,0,0,0,2,1,6,1,51,8,1995,2,4,2,1,2
201706E039697,1,20,0,7,0,5,0,0,0,0,4,1,2,1,52,8,6693,2,4,10,1,10
201706E039697,2,1,0,18,4,8,0,0,0,0,1,1,6,2,78,11,-1,-1,-1,4,1,4
201706E039718,1,9,0,12,0,8,0,0,0,0,4,1,6,2,30,6,1591,1,5,-1,-1,-1
201706E039718,2,9,0,7,0,8,0,0,0,0,3,1,1,2,39,7,1598,2,2,3,1,3
201706E039783,1,19,0,13,0,0,0,0,0,0,1,1,6,1,30,6,-1,-1,-1,-1,-1,-1
201706E039783,2,11,0,4,0,0,0,0,0,0,2,1,1,1,34,6,4461,2,3,7,1,7
201706E039900,1,10,0,18,0,1,0,0,0,0,0,1,1,1,30,6,-1,-1,-1,-1,-1,-1
201706E039900,2,8,0,18,0,2,0,0,0,0,2,1,1,1,52,8,1968,2,2,3,1,3
201706E039900,3,9,0,18,0,2,1,0,0,0,1,1,6,1,30,6,973,1,16,-1,-1,-1
201706E040020,1,9,0,9,0,5,0,0,0,0,4,1,1,2,19,4,998,1,7,3,1,3
201706E040020,2,1,0,18,4,8,0,0,0,0,1,1,6,1,57,9,-1,-1,-1,1,1,1
201706E040393,1,8,0,9,0,6,0,0,0,0,3,1,1,1,30,6,1995,2,3,2,1,2
201706E040393,2,3,0,18,0,8,1,0,0,0,1,1,6,1,35,6,125,1,1,-1,-1,-1
201706E040586,1,9,0,9,0,6,0,0,0,0,3,-1,5,3,-1,-1,-1,-1,-1,-1,-1,-1
201706E040586,2,9,0,18,0,8,0,0,0,0,1,1,6,1,60,9,1299,1,14,3,1,3
201706E041576,1,19,0,2,0,0,0,0,0,0,2,1,6,1,47,8,1997,2,1,-1,-1,-1
201706E041576,2,9,0,18,0,0,0,0,0,0,1,1,6,1,28,6,999,1,-1,-1,-1,-1
201706E041594,1,9,0,5,0,6,0,0,0,0,1,1,6,1,24,5,1598,1,11,1,1,1
201706E041594,2,1,0,18,0,8,0,0,0,0,1,1,6,2,40,7,-1,-1,-1,-1,-1,-1
201706E227151,1,9,0,18,0,8,0,0,0,0,1,1,6,1,30,6,-1,-1,-1,-1,-1,-1
201706E227151,2,9,0,18,0,8,0,0,0,0,1,1,6,1,76,11,1242,1,8,3,1,3
201706E227151,3,19,0,18,0,8,0,0,0,0,1,1,1,1,37,7,-1,-1,-1,3,1,3
201706EJ28181,1,9,0,18,0,8,0,0,0,7,1,1,6,2,54,8,-1,-1,-1,8,1,8
201706EJ28181,2,9,0,18,0,8,0,0,0,0,1,1,2,1,50,8,1999,2,1,9,1,9
201706EM26613,1,9,0,16,0,1,1,0,0,0,1,1,6,2,44,7,1995,2,1,1,1,1
201706EM26613,2,9,0,3,0,1,0,0,0,0,3,1,6,1,36,7,2143,2,2,8,1,8
201706EM29646,1,9,0,18,0,8,0,0,0,0,1,1,6,2,39,7,1598,1,2,2,1,2
201706EM29646,2,1,0,18,0,8,0,0,0,0,1,1,6,1,47,8,-1,-1,-1,1,1,1
201706EM30080,1,9,0,9,0,8,0,0,0,0,1,1,6,1,44,7,1595,1,3,7,1,7
201706EM30080,2,4,0,18,0,8,0,0,0,0,1,1,6,1,18,4,124,1,1,1,1,1
201706EM32229,1,9,0,16,0,0,0,0,0,0,1,1,2,1,44,7,1598,1,15,9,1,9
201706EM32229,2,9,0,17,0,0,0,0,0,0,1,1,2,2,65,9,2967,2,3,5,3,5
201706EM36604,1,9,0,6,0,2,0,0,0,0,3,1,1,1,30,6,2143,2,4,-1,-1,-1
201706EM36604,2,1,0,18,0,1,0,0,0,0,1,1,2,1,35,6,-1,-1,-1,7,1,7
201706F024942,1,9,0,18,0,0,0,0,0,0,1,1,2,2,51,8,1124,1,13,3,1,3
201706F025591,1,9,0,9,0,5,0,0,0,0,1,1,6,2,41,7,1596,1,15,5,1,5
201706F025637,1,9,0,9,0,8,0,0,0,0,1,1,1,1,36,7,-1,-1,-1,1,1,1
201706F025637,2,9,0,5,0,8,0,0,0,0,1,1,1,1,28,6,999,1,2,5,1,5
201706F025908,1,1,0,18,0,1,0,0,0,0,1,1,6,1,24,5,-1,-1,-1,2,1,2
201706F025908,2,10,0,10,0,1,0,0,0,0,1,1,1,1,64,9,-1,-1,-1,5,1,5
201706F025981,1,9,0,9,0,8,0,0,0,0,0,1,6,1,49,8,-1,-1,-1,3,1,3
201706F026002,1,3,0,18,0,0,0,0,0,0,1,1,6,1,25,5,124,1,3,1,1,1
201706F026002,2,9,0,18,0,0,0,0,0,0,2,1,1,1,54,8,1896,2,12,4,2,4
201706F026558,1,9,0,7,2,1,0,0,0,0,4,1,1,2,29,6,1399,2,6,8,1,8
201706F026558,2,11,0,18,2,1,0,0,0,0,1,1,1,1,28,6,5132,2,1,8,1,8
201706F026622,1,9,0,18,0,0,0,0,0,0,1,1,3,2,45,7,999,1,2,4,1,4
201706F026622,2,9,0,2,0,0,0,0,0,0,2,1,6,1,60,9,-1,-1,-1,9,1,9
201706F027016,1,9,0,18,0,8,0,0,0,0,1,1,6,2,37,7,1390,1,11,1,1,1
201706F027016,2,9,0,18,0,8,0,0,0,0,3,1,6,1,27,6,1596,1,12,1,1,1
201706F027017,1,9,0,10,0,1,0,0,0,0,2,1,2,2,44,7,1200,1,2,7,1,7
201706F027017,2,9,0,18,0,1,0,0,0,0,1,1,2,1,39,7,1422,2,16,5,1,5
201706F027017,3,1,0,5,0,1,0,0,0,0,1,1,6,1,17,4,-1,-1,-1,1,1,1
201706F027054,1,19,0,18,0,1,0,0,0,0,2,1,1,1,51,8,-1,-1,-1,-1,-1,-1
201706F027054,2,9,0,18,0,1,0,0,0,0,1,1,6,2,26,6,1339,1,4,2,1,2
201706F027080,1,9,0,9,0,7,0,0,1,0,1,1,2,1,44,7,1560,2,11,5,1,5
201706F027080,2,9,0,18,0,8,0,0,7,0,1,1,2,1,29,6,1896,2,14,1,1,1
201706F027089,1,9,0,18,0,1,0,0,0,0,1,-1,5,3,-1,-1,-1,-1,-1,-1,-1,-1
201706F027089,2,1,0,18,0,2,0,0,0,0,1,1,6,1,21,5,-1,-1,-1,1,1,1
201706F027196,1,9,0,5,0,1,0,0,0,0,1,1,1,1,17,4,1248,2,6,2,1,2
201706F027196,2,9,0,5,0,1,0,0,0,0,2,1,2,1,32,6,1995,2,8,5,1,5
201706F027214,1,9,0,18,0,2,0,0,0,0,1,1,6,1,47,8,-1,-1,-1,-1,-1,-1
201706F027222,1,19,0,9,0,8,0,0,0,0,1,-1,1,1,-1,-1,-1,-1,-1,-1,-1,-1
201706F027222,2,1,0,18,0,8,0,0,0,0,2,1,6,1,32,6,-1,-1,-1,1,1,1
201706F027227,1,9,0,7,7,6,0,0,0,0,1,-1,5,1,-1,-1,-1,-1,-1,-1,-1,-1
201706F027227,2,1,0,18,4,8,0,0,0,0,4,1,2,1,28,6,-1,-1,-1,1,1,1
201706F027232,1,9,0,13,0,0,0,0,0,0,4,-1,5,3,-1,-1,-1,-1,-1,-1,-1,-1
201706F027232,2,9,0,8,0,0,0,0,0,0,4,1,6,1,30,6,1995,2,5,1,1,1
201706F027262,1,9,0,7,0,2,0,0,0,0,1,1,6,1,23,5,1560,2,9,1,1,1
201706F027262,2,9,0,2,0,1,0,0,0,0,1,1,1,1,30,6,1396,2,3,-1,-1,-1
201706F027285,1,9,0,2,0,1,0,0,0,0,3,-1,5,3,-1,-1,-1,-1,-1,-1,-1,-1
201706F027285,2,1,0,18,0,1,0,0,0,0,1,1,2,1,29,6,-1,-1,-1,4,1,4
201706F027320,1,1,0,9,0,8,0,0,0,0,2,1,6,1,22,5,-1,-1,-1,-1,-1,-1
201706F027320,2,9,0,18,0,8,0,0,0,0,1,1,1,2,47,8,998,1,6,7,1,7
201706F027335,1,8,0,18,0,0,0,0,0,0,1,1,1,1,39,7,2148,2,12,1,1,1
201706F027675,1,3,0,18,0,8,1,0,7,0,1,1,6,1,14,3,125,1,3,-1,-1,-1
201706F027675,2,8,0,18,0,8,0,0,0,0,1,1,1,1,42,7,1968,2,8,2,1,2
201706F027824,1,9,0,18,0,8,1,0,0,0,1,1,6,1,41,7,1242,1,11,1,1,1
201706F027824,2,9,0,18,0,8,0,0,0,0,0,1,6,1,34,6,1984,1,2,-1,-1,-1
201706F027824,3,9,0,18,0,8,0,0,0,0,1,1,6,2,36,7,1493,2,11,2,1,2
201706F027824,4,9,0,2,0,8,0,0,0,0,1,1,6,1,40,7,1910,2,10,1,1,1
201706F027827,1,9,0,18,0,8,0,0,0,0,1,1,6,2,20,4,998,1,3,1,1,1
201706F027827,2,9,0,9,0,8,0,0,0,0,4,1,6,1,50,8,-1,-1,-1,9,1,9
201706F027829,1,9,0,9,0,6,0,0,0,0,4,1,1,2,50,8,1798,1,5,4,1,4
201706F027829,2,9,0,18,0,8,0,0,0,0,1,1,1,1,24,5,1968,2,2,-1,-1,-1
201706F027831,1,9,0,18,0,1,0,0,0,0,4,1,2,1,43,7,-1,-1,-1,7,1,7
201706F027933,1,9,0,9,0,8,1,0,7,10,1,1,6,1,30,6,-1,-1,-1,-1,-1,-1
201706F027933,2,9,0,9,0,8,1,0,7,10,1,1,6,1,34,6,1968,2,2,7,1,7
201706F028024,1,9,0,18,0,1,0,0,0,0,1,1,6,2,30,6,-1,-1,-1,-1,-1,-1
201706F028024,2,9,0,18,0,1,0,0,0,0,2,1,6,1,28,6,1499,2,-1,5,1,5
201706F028031,1,1,0,3,4,1,0,0,0,2,0,1,2,2,38,7,-1,-1,-1,-1,-1,-1
201706F028031,2,9,0,18,4,1,0,0,0,0,1,1,1,1,30,6,-1,-1,-1,-1,-1,-1
201706F028085,1,9,0,18,0,8,0,0,0,0,1,1,1,1,38,7,1497,8,9,4,1,4
201706F028085,2,9,0,18,0,8,0,0,0,0,2,1,6,2,26,6,1398,1,3,5,1,5
201706F028085,3,90,0,5,0,8,0,0,0,0,0,1,1,2,37,7,2999,2,4,-1,-1,-1
201706F028114,1,9,0,18,0,0,0,0,0,0,1,1,6,1,30,6,1461,2,8,1,1,1
201706F028114,2,9,0,3,0,0,0,0,0,0,2,1,6,2,26,6,1242,1,6,5,1,5
201706F028119,1,9,0,12,0,0,0,0,0,0,2,1,2,2,39,7,-1,-1,-1,8,1,8
201706F028119,2,9,0,13,0,0,0,0,0,0,1,-1,5,3,-1,-1,-1,-1,-1,-1,-1,-1
201706F028130,1,9,0,4,0,8,0,0,0,0,1,1,6,1,30,6,1364,1,1,1,1,1
201706F028130,2,9,0,18,0,8,0,0,0,0,3,1,6,1,41,7,1796,1,14,1,1,1
201706F028136,1,3,0,9,0,8,0,0,0,0,1,1,6,1,18,4,124,1,11,9,1,9
201706F028136,2,9,0,9,0,8,0,0,0,0,1,1,6,2,39,7,1997,2,1,6,1,6
201706F028173,1,9,0,6,0,0,0,0,0,0,3,1,6,1,20,4,1198,1,2,7,1,7
201706F028173,2,9,0,18,0,0,0,0,0,0,1,1,6,1,53,8,998,1,15,-1,-1,-1
201706F028177,1,90,0,18,0,0,0,0,0,0,3,1,6,1,30,6,-1,-1,-1,-1,-1,-1
201706F028215,1,9,0,9,0,8,0,0,0,0,4,1,6,1,30,6,-1,-1,-1,-1,-1,-1
201706F028215,2,90,0,18,0,8,0,0,0,0,1,1,6,1,58,9,-1,-1,-1,6,1,6
201706F028245,1,90,0,3,0,0,0,0,0,0,1,1,6,1,30,6,-1,-1,-1,-1,-1,-1
201706F028245,2,9,0,3,0,0,0,0,0,0,2,1,6,1,52,8,1995,2,14,7,1,7
201706F028245,3,9,0,3,0,0,0,0,0,0,2,1,6,1,76,11,1997,2,3,7,1,7
201706F028250,1,1,0,18,0,8,0,0,0,0,1,1,6,1,29,6,-1,-1,-1,1,1,1
201706F028250,2,11,0,18,0,8,0,0,0,0,2,1,1,1,48,8,7300,2,8,3,1,3
201706F028253,1,19,0,18,0,8,0,0,0,0,1,1,1,2,33,6,-1,-1,-1,5,1,5
201706F028253,2,9,0,18,0,8,0,0,0,0,1,1,6,2,24,5,1000,1,4,4,1,4
201706F028312,1,5,0,18,0,0,0,0,0,0,1,1,2,1,54,8,-1,-1,-1,2,1,2
201706F028412,1,9,0,9,0,1,0,0,0,0,1,1,1,1,30,6,1910,2,8,-1,-1,-1
201706F028444,1,19,0,1,9,0,0,0,0,0,2,1,1,1,55,8,1995,2,6,3,1,3
201706F028464,1,9,0,18,0,0,0,0,0,0,1,1,1,1,58,9,1242,1,13,1,1,1
201706F028464,2,9,0,18,0,0,0,0,0,0,1,1,6,1,45,7,1910,2,10,2,1,2
201706F028664,1,9,0,18,0,0,0,0,0,0,1,1,6,1,19,4,1390,1,6,2,1,2
201706F028664,2,9,0,2,0,0,0,0,0,0,1,-1,5,3,-1,-1,-1,-1,-1,-1,-1,-1
201706F028664,3,9,0,2,0,0,0,0,0,0,1,-1,5,3,-1,-1,-1,-1,-1,-1,-1,-1
201706F028666,1,9,0,18,0,2,0,0,0,0,1,1,6,1,30,6,1198,1,14,-1,-1,-1
201706F028666,2,9,0,18,0,1,0,0,0,0,1,1,6,1,61,9,1995,2,9,1,1,1
201706F028721,1,19,0,18,0,0,0,0,0,0,3,-1,5,3,-1,-1,-1,-1,-1,-1,-1,-1
201706F028721,2,9,0,18,0,0,0,0,0,0,1,1,6,1,52,8,1248,1,5,2,1,2
201706F028874,1,9,0,7,0,6,0,0,0,0,1,1,6,1,30,6,-1,-1,-1,-1,-1,-1
201706F028874,2,9,0,18,0,8,0,0,0,0,4,1,6,2,17,4,1197,1,1,9,1,9
201706F028899,1,8,0,5,0,8,0,0,0,0,1,1,1,1,40,7,1598,2,4,1,1,1
201706F028899,2,9,0,5,0,8,0,0,0,0,2,1,1,1,32,6,1364,1,2,2,1,2
201706F028936,1,9,0,7,0,1,0,0,0,0,4,1,6,2,24,5,1242,1,6,5,1,5
201706F028936,2,1,0,18,4,1,0,0,0,0,1,1,2,1,46,8,-1,-1,-1,1,1,1
201706F028964,1,9,0,6,8,0,0,0,0,0,3,1,6,2,28,6,1198,1,7,-1,-1,-1
201706F028964,2,8,0,18,0,0,0,0,0,0,1,1,1,1,39,7,-1,-1,-1,1,1,1
201706F029097,1,21,0,7,0,2,0,0,0,0,1,1,1,1,45,7,12740,2,1,4,1,4
201706F029166,1,9,0,9,0,6,0,0,0,0,1,1,6,1,30,6,1242,1,11,-1,-1,-1
201706F029166,2,9,0,18,0,8,0,0,7,0,3,1,1,1,59,9,1608,2,33,-1,-1,-1
201706F029200,1,90,0,18,0,1,1,0,0,0,1,-1,5,3,-1,-1,-1,-1,-1,-1,-1,-1
201706F029200,2,21,0,2,0,8,0,0,0,0,1,1,6,1,46,8,4462,2,4,3,1,3
201706F029220,1,9,0,18,0,0,0,0,0,0,3,1,6,1,30,6,-1,-1,-1,-1,-1,-1
201706F029220,2,9,0,13,0,0,0,0,0,0,3,1,6,1,49,8,1995,2,5,3,1,3
201706F029255,1,11,0,5,2,0,0,0,0,0,3,1,6,1,30,6,6700,2,8,-1,-1,-1
201706F029255,2,9,0,14,0,0,0,0,0,0,4,1,6,1,56,9,1560,2,3,4,1,4
201706F029269,1,9,0,18,0,8,0,0,0,0,1,1,1,1,33,6,1396,2,3,4,1,4
201706F029269,2,9,0,18,0,6,0,0,0,0,4,1,6,1,30,6,998,1,2,3,1,3
201706F029276,1,9,0,16,0,0,0,10,1,10,2,1,6,1,39,7,2143,2,4,3,1,3
201706F029375,1,4,0,18,0,8,0,0,1,0,1,1,6,1,21,5,471,1,3,8,1,8
201706F029375,2,90,0,2,0,1,0,0,0,0,2,1,6,1,54,8,-1,-1,-1,10,1,10
201706F029377,1,9,0,18,0,1,0,0,0,0,1,1,6,1,30,6,-1,-1,-1,-1,-1,-1
201706F029377,2,1,0,18,0,8,0,0,0,0,1,1,6,1,11,3,-1,-1,-1,2,1,2
201706F029382,1,5,0,18,0,0,0,0,0,0,1,1,1,1,23,5,645,1,13,8,1,8
201706F029382,2,9,0,12,0,0,0,0,0,0,2,1,1,2,29,6,1598,1,11,6,1,6
201706F029385,1,9,0,18,0,0,0,0,0,0,4,1,6,1,62,9,1991,2,14,1,1,1
201706F029413,1,21,0,18,0,1,1,0,0,0,1,1,1,1,64,9,9364,2,11,9,3,9
201706F029413,2,9,0,3,0,1,0,0,0,0,2,1,6,2,67,10,1364,2,6,10,1,10
201706F029447,1,9,0,4,0,0,0,0,0,0,1,1,1,1,30,6,-1,-1,-1,4,1,4
201706F029447,2,9,0,11,0,0,0,0,0,0,2,1,6,1,30,6,-1,-1,-1,9,1,9
201706F029484,1,9,0,9,0,8,0,0,0,0,4,1,6,1,47,8,1598,1,15,1,1,1
201706F029484,2,9,0,18,0,8,0,0,0,0,1,1,6,1,32,6,1598,1,10,-1,-1,-1
201706F029563,1,9,0,7,9,2,0,0,1,0,4,1,6,1,30,6,1598,1,8,-1,-1,-1
201706F029570,1,9,0,5,0,4,0,0,0,0,1,1,6,1,40,7,-1,-1,-1,-1,-1,-1
201706F029570,2,1,0,18,0,8,0,0,0,0,2,1,6,2,27,6,-1,-1,-1,9,1,9
201706F029797,1,9,0,13,0,0,2,0,1,4,4,1,6,1,17,4,1149,1,16,-1,-1,-1
201706F029797,2,9,0,18,0,0,1,0,0,0,3,1,6,1,18,4,1998,2,13,1,1,1
201706F029804,1,19,0,18,0,0,0,7,0,0,1,1,1,1,36,7,2143,2,1,6,1,6