Accident_Index,Vehicle_Reference,Vehicle_Type,Towing_and_Articulation,Vehicle_Manoeuvre,Vehicle_Location-Restricted_Lane,Junction_Location,Skidding_and_Overturning,Hit_Object_in_Carriageway,Vehicle_Leaving_Carriageway,Hit_Object_off_Carriageway,1st_Point_of_Impact,Was_Vehicle_Left_Hand_Drive?,Journey_Purpose_of_Driver,Sex_of_Driver,Age_of_Driver,Age_Band_of_Driver,Engine_Capacity_(CC),Propulsion_Code,Age_of_Vehicle,Driver_IMD_Decile,Driver_Home_Area_Type,Vehicle_IMD_Decile
201706F029804,2,9,0,14,0,0,0,7,0,0,1,1,2,1,55,8,1242,1,3,5,1,5
201706F029804,3,9,0,14,0,0,0,10,0,0,1,1,6,2,22,5,1349,1,9,2,1,2
201706F029854,1,9,0,6,9,0,0,0,0,0,1,1,6,1,33,6,1397,1,10,4,1,4
201706F029893,1,9,0,4,0,1,0,0,0,0,4,1,6,1,51,8,2461,2,18,1,1,1
201706F029893,2,9,0,4,0,1,0,0,0,0,3,1,6,1,37,7,1560,2,4,-1,-1,-1
201706F030068,1,9,0,9,0,1,0,0,0,0,4,1,2,1,35,6,1242,1,-1,1,1,1
201706F030068,2,1,0,18,4,1,0,0,0,0,2,1,6,1,29,6,-1,-1,-1,10,1,10
201706F030069,1,9,0,6,0,0,0,0,0,0,3,1,6,1,32,6,1364,1,11,1,1,1
201706F030069,2,1,0,13,0,0,0,0,0,0,1,1,6,1,33,6,-1,-1,-1,1,1,1
201706F030075,1,9,0,18,0,0,0,10,7,0,3,-1,5,3,-1,-1,-1,-1,-1,-1,-1,-1
201706F030075,2,9,0,18,0,0,0,0,0,0,3,1,6,1,58,9,1229,1,7,6,1,6
201706F030075,3,9,0,18,0,0,0,0,0,0,3,1,6,2,19,4,1388,1,10,3,1,3
201706F030086,1,9,0,18,0,1,0,0,0,0,3,1,6,2,30,6,-1,-1,-1,-1,-1,-1
201706F030087,1,4,0,14,0,4,0,0,0,0,1,1,6,1,30,6,-1,-1,-1,-1,-1,-1
201706F030090,1,9,0,4,0,1,0,0,0,0,1,1,2,2,25,5,1400,1,17,5,1,5
201706F030090,2,19,0,3,0,1,0,0,0,0,2,1,1,1,32,6,1248,2,1,3,1,3
201706F030125,1,20,0,18,0,0,0,0,0,0,1,1,1,1,47,8,-1,-1,-1,8,1,8
201706F030127,1,90,0,7,0,2,0,0,0,0,3,1,1,1,24,5,-1,-1,-1,1,1,1
201706F030127,2,9,0,11,0,2,0,0,0,0,4,1,2,2,25,5,-1,-1,-1,3,1,3
201706F030129,1,4,0,4,0,0,0,0,0,0,1,1,1,1,32,6,998,1,1,10,1,10
201706F030133,1,9,0,18,0,8,0,0,0,0,3,1,6,1,29,6,-1,-1,-1,5,1,5
201706F030208,1,90,0,18,0,0,5,4,0,0,1,1,6,1,18,4,-1,-1,-1,2,1,2
201706F030208,2,9,0,2,4,0,0,0,0,0,3,1,6,1,36,7,1199,1,13,1,1,1
201706F030208,3,9,0,2,0,0,0,0,0,0,2,1,6,1,59,9,1984,1,-1,3,1,3
201706F030289,1,9,0,4,0,0,0,0,0,0,1,1,2,1,27,6,1896,2,14,2,1,2
201706F030289,2,9,0,4,0,0,0,0,0,0,2,1,2,2,25,5,998,1,6,2,1,2
201706F030289,3,9,0,4,0,0,0,0,0,0,2,1,2,1,29,6,1998,1,10,5,1,5
201706F030290,1,9,0,18,0,8,0,10,0,0,2,1,6,1,28,6,1598,2,1,1,1,1
201706F030290,2,9,0,10,0,8,0,0,0,0,1,1,6,1,30,6,2149,2,10,2,1,2
201706F030435,1,9,0,7,4,8,0,0,0,0,2,1,6,1,30,6,1240,1,9,-1,-1,-1
201706F030435,2,1,0,18,0,8,0,0,0,0,1,1,2,1,27,6,-1,-1,-1,1,1,1
201706F030444,1,9,0,9,0,8,0,0,0,0,1,1,6,1,49,8,1896,2,17,1,1,1
201706F030444,2,9,0,18,0,8,0,0,0,0,1,1,6,1,29,6,3200,1,11,8,1,8
201706F030546,1,3,0,18,0,1,0,4,0,0,1,1,6,1,15,3,124,1,3,2,1,2
201706F030546,2,9,0,2,0,1,0,0,0,0,2,1,6,2,27,6,1461,2,2,1,1,1
201706F030547,1,9,0,10,0,8,0,0,0,0,2,1,2,1,30,6,-1,-1,-1,-1,-1,-1
201706F030547,2,11,0,18,0,8,0,0,0,0,1,1,1,1,45,7,-1,-1,-1,4,1,4
201706F030555,1,3,0,17,0,0,0,0,0,0,2,1,6,1,39,7,599,1,7,3,1,3
201706F030555,2,9,0,13,0,0,0,0,0,0,3,-1,5,3,-1,-1,-1,-1,-1,-1,-1,-1
201706F030625,1,9,0,7,0,8,0,0,0,0,1,1,6,1,30,6,1968,2,10,-1,-1,-1
201706F030625,2,1,0,7,0,3,0,0,0,0,4,1,6,2,40,7,-1,-1,-1,2,1,2
201706F030640,1,9,0,7,0,5,0,0,0,0,4,-1,5,3,-1,-1,-1,-1,-1,-1,-1,-1
201706F030640,2,4,0,15,0,8,5,0,0,0,1,1,1,1,37,7,-1,-1,-1,3,1,3
201706F030667,1,9,0,18,0,0,0,0,0,0,1,1,1,1,25,5,-1,-1,-1,3,1,3
201706F030667,2,1,0,12,0,0,5,0,0,0,2,1,6,1,48,8,-1,-1,-1,9,1,9
201706F030672,1,9,0,18,0,2,0,0,0,0,0,-1,5,3,-1,-1,-1,-1,-1,-1,-1,-1
201706F030672,2,1,0,18,0,2,0,0,0,0,0,1,6,1,24,5,-1,-1,-1,1,1,1
201706F030675,1,9,0,18,0,1,0,0,0,0,4,1,6,1,73,10,2987,2,10,10,1,10
201706F030696,1,9,0,14,0,0,0,0,0,0,1,1,6,1,58,9,1968,2,4,3,1,3
201706F030729,1,9,0,12,3,1,0,0,0,0,1,1,1,1,34,6,4367,2,1,1,1,1
201706F030729,2,9,0,4,0,1,0,0,0,0,2,1,1,2,41,7,1197,1,3,2,1,2
201706F030729,3,9,0,4,0,1,0,0,0,0,4,1,1,1,37,7,1997,2,14,-1,-1,-1
201706F030729,4,9,0,4,0,1,0,0,0,0,2,1,1,1,35,6,-1,-1,-1,3,1,3
201706F030781,1,5,0,18,0,1,0,0,0,0,3,1,6,1,20,4,649,1,1,4,1,4
201706F030781,2,8,0,18,0,1,0,0,0,0,4,-1,5,3,-1,-1,-1,-1,-1,-1,-1,-1
201706F030835,1,9,0,18,0,0,5,0,0,0,1,1,6,1,41,7,-1,-1,-1,3,1,3
201706F030945,1,9,0,1,0,6,0,0,0,0,2,1,6,1,36,7,1956,2,4,4,1,4
201706F030945,2,1,0,18,0,8,0,0,0,0,4,1,2,1,18,4,-1,-1,-1,-1,-1,-1
201706F031045,1,9,0,7,0,5,0,0,1,10,1,1,6,1,23,5,2000,2,7,4,1,4
201706F031091,1,9,0,18,0,4,0,10,3,10,1,1,6,1,17,4,1368,1,8,2,1,2
201706F031091,2,9,0,18,0,4,0,10,3,10,1,1,6,1,52,8,-1,-1,-1,-1,-1,-1
201706F031102,1,9,0,3,0,2,0,0,0,0,1,1,6,1,30,6,1900,2,13,-1,-1,-1
201706F031102,2,8,0,3,0,2,0,0,0,0,2,1,6,2,44,7,1796,1,7,7,1,7
201706F031106,1,9,0,9,0,2,0,0,0,0,3,1,3,1,28,6,1598,1,4,8,2,8
201706F031155,1,9,0,18,0,1,0,0,0,0,1,1,6,1,30,6,1598,2,4,-1,-1,-1
201706F031155,2,9,0,18,0,1,0,0,0,0,0,1,1,1,30,6,-1,-1,-1,-1,-1,-1
201706F031291,1,9,0,18,0,8,0,0,0,0,4,1,6,1,24,5,1598,1,5,1,1,1
201706F031318,1,1,0,18,0,8,0,0,0,0,1,1,4,1,13,3,-1,-1,-1,10,1,10
201706F031318,2,9,0,18,0,1,0,0,0,0,1,1,1,2,28,6,1390,1,9,9,3,9
201706F031537,1,9,0,12,0,4,0,0,0,0,1,1,2,1,36,7,1395,1,-1,5,1,5
201706F031537,2,3,0,18,0,4,0,0,0,0,4,1,2,1,32,6,124,1,1,1,1,1
201706F031542,1,9,0,5,0,1,0,0,0,0,1,1,6,2,30,6,1994,2,9,2,1,2
201706F031603,1,20,5,18,0,8,0,0,0,0,1,1,1,1,49,8,-1,-1,-1,-1,-1,-1
201706F031603,2,9,0,10,0,8,0,0,0,0,2,1,2,2,32,6,1242,1,10,4,2,4
201706F031603,3,9,0,4,0,8,0,0,0,0,1,1,2,1,47,8,1840,1,18,-1,-1,-1
201706F031603,4,19,0,15,0,8,0,0,0,0,3,1,2,1,49,8,2299,2,1,7,1,7
201706F031605,1,9,0,18,0,0,0,0,0,0,1,1,2,2,21,5,998,1,1,1,1,1
201706F031610,1,20,0,5,0,8,0,0,0,0,1,1,1,1,26,6,-1,-1,-1,3,1,3
201706F031610,2,9,0,9,0,8,0,7,0,1,4,1,6,2,24,5,1560,2,5,2,1,2
201706F031619,1,9,0,4,0,1,0,0,0,0,1,1,1,2,47,8,1590,1,16,6,1,6
201706F031619,2,1,0,18,9,8,0,0,0,0,2,1,6,2,23,5,-1,-1,-1,3,1,3
201706F031653,1,9,0,9,0,8,0,0,0,0,3,1,6,1,70,10,1598,2,1,1,1,1
201706F031733,1,9,0,9,0,6,0,0,0,0,3,1,2,1,18,4,1242,1,-1,4,2,4
201706F031733,2,9,0,18,0,8,0,0,0,0,1,1,6,1,29,6,1242,1,8,4,1,4
201706F031737,1,1,0,18,9,0,0,0,0,0,1,1,6,1,26,6,-1,-1,-1,-1,-1,-1
201706F031737,2,19,0,7,0,0,0,0,0,0,4,1,1,1,54,8,2402,2,6,2,1,2
201706F031742,1,19,0,6,0,0,0,0,0,0,4,1,1,1,47,8,1968,2,2,-1,-1,-1
201706F031742,2,9,0,18,0,0,0,0,0,0,3,1,6,1,27,6,-1,-1,-1,1,1,1
201706F031765,1,9,0,18,0,2,0,0,0,0,2,1,6,1,27,6,1969,2,-1,3,1,3
201706F031808,1,9,0,1,0,1,0,0,0,0,2,-1,5,3,-1,-1,-1,-1,-1,-1,-1,-1
201706F031808,2,9,0,4,0,1,0,0,0,0,1,1,1,1,48,8,2993,2,5,-1,-1,-1
201706F031889,1,9,0,9,0,8,0,0,0,0,4,1,1,1,23,5,1124,1,11,4,1,4
201706F031889,2,11,0,18,0,8,0,0,0,0,1,1,1,1,35,6,-1,-1,-1,4,1,4
201706F031964,1,20,0,16,0,8,0,0,0,0,4,1,1,1,34,6,6700,2,2,1,1,1
201706F031964,2,1,0,16,0,8,0,0,0,0,3,1,6,1,26,6,-1,-1,-1,1,1,1
201706F031973,1,9,0,18,0,1,0,0,0,0,1,1,6,1,30,6,-1,-1,-1,-1,-1,-1
201706F031973,2,9,0,18,0,1,0,0,0,0,2,1,6,1,62,9,-1,-1,-1,1,1,1
201706F031981,1,9,0,9,0,2,2,0,0,0,4,1,6,1,30,6,1198,1,4,-1,-1,-1
201706F031981,2,9,0,3,0,1,0,0,0,0,3,1,2,1,55,8,3199,1,16,1,1,1
201706F031999,1,9,0,5,0,6,0,0,0,0,1,1,3,2,40,7,-1,-1,-1,2,1,2
201706F031999,2,1,0,18,0,8,0,0,0,0,3,1,2,1,57,9,-1,-1,-1,1,1,1
201706F032032,1,9,0,18,0,8,0,0,0,0,1,1,6,2,19,4,999,1,4,6,1,6
201706F032032,2,4,0,9,0,8,0,0,0,0,4,1,6,1,30,6,125,1,2,1,1,1
201706F032100,1,19,0,17,0,8,0,0,0,0,1,1,1,1,26,6,2143,2,2,2,1,2
201706F032100,2,1,0,9,0,8,0,0,0,0,1,1,4,2,13,3,-1,-1,-1,1,1,1
201706F032158,1,9,0,9,0,8,0,0,0,0,1,1,6,1,32,6,2000,2,12,1,1,1
201706F032158,2,8,0,18,0,8,1,0,0,0,3,1,1,1,51,8,1685,2,4,1,1,1
201706F032215,1,9,0,9,0,1,0,0,0,0,1,-1,5,3,-1,-1,-1,-1,-1,-1,-1,-1
201706F032215,2,9,0,9,0,1,0,0,0,0,2,1,6,1,54,8,-1,-1,-1,1,1,1
201706F032239,1,9,0,4,0,0,0,0,0,0,0,1,1,1,49,8,-1,-1,-1,6,1,6
201706F032239,2,1,0,3,0,0,0,0,0,0,0,1,6,1,30,6,-1,-1,-1,-1,-1,-1
201706F032256,1,9,0,18,0,1,0,0,0,0,1,1,6,1,84,11,1398,2,12,6,1,6
201706F032256,2,9,0,18,0,1,0,0,0,0,1,1,6,1,49,8,-1,-1,-1,2,1,2
201706F032256,3,9,0,3,0,1,0,0,0,0,2,1,6,2,34,6,1999,2,-1,8,1,8
201706F032258,1,3,0,18,0,8,0,0,0,0,4,1,6,1,25,5,-1,-1,-1,3,1,3
201706F032258,2,9,0,18,0,8,0,0,0,0,1,1,6,1,28,6,1493,2,10,4,1,4
201706F032281,1,1,0,18,0,8,0,0,0,0,1,1,6,2,29,6,-1,-1,-1,1,1,1
201706F032281,2,9,0,18,0,1,0,0,0,0,4,1,2,2,36,7,1248,2,10,1,1,1
201706F032399,1,9,0,10,0,8,0,0,0,0,4,1,6,2,44,7,1995,2,2,10,1,10
201706F032399,2,9,0,18,0,8,0,0,0,0,1,1,6,1,19,4,-1,-1,-1,8,1,8
201706F032477,1,1,0,18,0,1,0,0,1,7,2,1,6,1,30,6,-1,-1,-1,1,1,1
201706F032477,2,9,0,18,0,1,0,0,0,0,4,1,1,1,34,6,1995,2,11,1,1,1
201706F032482,1,9,0,17,0,1,1,7,2,1,4,-1,5,3,-1,-1,-1,-1,-1,-1,-1,-1
201706F032504,1,9,0,18,0,0,0,0,1,4,1,1,6,1,60,9,3528,1,30,7,1,7
201706F032513,1,9,0,18,0,8,0,0,0,0,1,1,6,1,30,6,1560,2,10,-1,-1,-1
201706F032544,1,9,0,18,0,8,0,0,0,0,2,-1,5,3,-1,-1,-1,-1,-1,-1,-1,-1
201706F032544,2,9,0,4,0,3,0,0,0,0,1,1,1,1,45,7,-1,-1,-1,-1,-1,-1
201706F032563,1,9,0,8,0,1,0,0,4,6,4,1,6,2,71,10,1686,2,7,10,1,10
201706F032563,2,9,0,3,0,1,0,0,0,0,3,1,2,1,52,8,-1,-1,-1,10,1,10
201706F032565,1,9,0,9,0,5,0,0,0,0,1,1,1,1,57,9,1388,1,10,8,2,8
201706F032565,2,1,0,18,0,8,0,0,0,0,1,1,6,1,52,8,-1,-1,-1,7,3,7
201706F032585,1,19,0,7,0,6,0,0,0,0,4,1,6,1,30,6,1997,2,1,6,1,6
201706F032585,2,3,0,18,0,8,0,0,0,0,1,1,6,1,35,6,-1,-1,-1,7,1,7
201706F032618,1,9,0,18,0,1,0,0,0,0,4,1,6,1,36,7,1798,1,12,5,1,5
201706F032656,1,1,0,18,0,8,0,0,0,0,1,1,6,2,58,9,-1,-1,-1,1,1,1
201706F032656,2,9,0,7,0,8,0,0,0,0,3,1,1,1,70,10,-1,-1,-1,9,1,9
201706F032663,1,9,0,7,0,1,0,0,0,0,4,1,6,1,43,7,1197,1,2,1,1,1
201706F032663,2,1,0,18,4,1,0,0,0,0,1,1,6,1,29,6,-1,-1,-1,4,1,4
201706F032799,1,1,0,18,0,8,0,0,0,0,1,1,6,1,21,5,-1,-1,-1,1,1,1
201706F032799,2,9,0,18,0,8,0,0,0,0,1,1,6,1,57,9,-1,-1,-1,10,1,10
201706F032829,1,9,0,18,0,8,0,0,0,0,1,1,6,2,21,5,1229,1,2,7,1,7
201706F032829,2,9,0,9,0,8,0,0,0,0,1,1,6,1,22,5,1360,1,13,8,3,8
201706F032926,1,9,0,2,0,0,0,0,0,0,3,1,2,1,30,6,1390,1,4,-1,-1,-1
201706F032926,2,1,0,18,0,0,0,0,0,0,4,1,6,1,48,8,-1,-1,-1,1,1,1
201706F032979,1,9,0,18,0,8,0,0,0,0,3,1,6,2,45,7,1587,1,10,1,1,1
201706F033092,1,9,0,7,0,8,0,0,0,0,4,1,2,1,35,6,-1,-1,-1,7,1,7
201706F033092,2,1,0,18,2,8,0,0,0,0,1,1,2,1,30,6,-1,-1,-1,5,1,5
201706F033104,1,9,0,18,0,1,2,4,1,10,1,1,6,1,29,6,1248,2,4,5,1,5
201706F033104,2,9,0,2,0,1,5,0,0,0,1,1,6,1,49,8,2953,2,13,2,1,2
201706F033138,1,9,0,1,0,0,0,0,0,0,2,1,6,1,61,9,1995,2,4,4,1,4
201706F033141,1,1,0,12,0,0,0,0,0,0,2,1,1,1,28,6,-1,-1,-1,-1,-1,-1
201706F033141,2,9,0,18,0,0,0,0,0,0,1,1,6,2,27,6,1499,1,-1,7,1,7
201706F033150,1,11,0,5,0,6,0,0,0,0,2,1,1,1,30,6,-1,-1,-1,-1,-1,-1
201706F033150,2,1,0,18,0,8,0,0,0,0,1,1,6,1,13,3,-1,-1,-1,8,1,8
201706F033190,1,9,0,4,0,8,0,0,0,0,0,1,6,1,55,8,1598,1,14,6,1,6
201706F033190,2,9,0,18,0,8,0,0,0,0,2,1,6,2,74,10,1686,2,4,7,1,7
201706F033190,3,1,0,18,0,8,0,0,0,0,1,1,2,1,40,7,-1,-1,-1,8,1,8
201706F033277,1,90,0,1,0,8,0,0,0,0,2,-1,5,3,-1,-1,-1,-1,-1,-1,-1,-1
201706F033277,2,9,0,18,0,8,0,0,0,0,1,1,6,2,31,6,-1,-1,-1,5,1,5
201706F033279,1,9,0,18,0,1,0,0,0,0,1,1,6,2,35,6,-1,-1,-1,4,1,4
201706F033279,2,9,0,18,0,1,0,0,0,0,2,1,6,1,36,7,1984,1,14,1,1,1
201706F033333,1,20,0,18,0,8,0,0,0,0,4,1,1,1,60,9,-1,-1,-1,-1,-1,-1
201706F033359,1,20,0,17,0,2,0,0,0,0,1,1,1,1,45,7,12740,2,1,3,1,3
201706F033387,1,90,0,18,0,8,0,0,0,0,4,1,6,2,57,9,-1,-1,-1,-1,-1,-1
201706F033387,2,9,0,9,0,5,0,0,0,0,1,1,6,1,41,7,1896,2,15,1,1,1
201706F033421,1,9,0,18,0,0,0,0,0,0,1,1,6,1,29,6,1560,2,10,1,1,1
201706F033421,2,9,0,3,0,0,0,0,0,0,2,1,2,2,48,8,1598,2,-1,2,1,2
201706F033421,3,9,0,3,0,0,0,0,0,0,2,1,6,2,52,8,1597,2,-1,7,1,7
201706F033422,1,9,0,9,0,8,0,0,0,0,1,1,6,1,33,6,1598,1,8,2,1,2
201706F033422,2,1,0,18,0,8,0,0,0,0,1,1,6,1,34,6,-1,-1,-1,2,1,2
201706F033481,1,20,4,1,0,8,0,0,0,0,2,1,1,1,54,8,6693,2,4,1,1,1
201706F033481,2,4,0,18,0,8,0,4,0,0,1,1,6,1,19,4,249,1,1,5,1,5
201706F033481,3,9,0,2,0,2,0,0,0,0,3,1,6,1,30,6,1198,1,9,5,1,5
201706F033644,1,9,0,18,0,8,0,0,0,0,1,1,6,2,21,5,1242,1,8,8,1,8
201706F033644,2,1,0,18,0,8,0,0,0,0,1,1,6,1,14,3,-1,-1,-1,5,1,5
201706F033658,1,9,0,17,0,2,5,4,0,0,1,1,6,1,73,10,1197,1,1,2,1,2
201706F033658,2,9,0,2,0,2,0,0,0,0,1,1,6,1,30,6,1998,1,12,2,1,2
201706F033767,1,9,0,5,0,0,0,0,0,0,3,1,6,2,30,6,1390,1,11,-1,-1,-1
201706F033767,2,9,0,14,0,0,0,0,0,0,2,1,2,2,44,7,1242,1,2,1,1,1
201706F033778,1,9,0,9,0,8,0,0,0,0,1,-1,5,3,-1,-1,-1,-1,-1,-1,-1,-1
201706F033778,2,1,0,18,0,8,0,0,0,0,1,1,6,1,40,7,-1,-1,-1,3,1,3
201706F033870,1,9,0,18,0,8,0,0,0,0,1,1,6,1,18,4,1124,1,14,3,1,3
201706F033870,2,9,0,18,0,8,2,10,1,2,3,1,6,1,27,6,1560,2,3,3,1,3
201706F033902,1,90,0,18,0,8,0,0,0,0,1,1,6,1,30,6,-1,-1,-1,-1,-1,-1
201706F033902,2,9,0,9,0,8,0,0,0,0,2,1,6,2,25,5,1124,1,15,2,1,2
201706F033992,1,9,0,6,0,1,0,0,0,0,1,1,6,2,65,9,1120,2,1,4,1,4
201706F033992,2,90,0,13,0,1,0,0,0,0,1,1,1,1,42,7,7146,2,9,-1,-1,-1
201706F034080,1,9,0,18,0,1,0,0,0,0,1,-1,5,3,-1,-1,1598,1,33,-1,-1,-1
201706F034080,2,9,0,3,0,1,0,0,0,0,2,1,1,1,59,9,-1,-1,-1,3,1,3
201706F034081,1,2,0,18,0,1,0,10,1,10,3,1,6,1,16,4,-1,-1,-1,1,1,1
201706F034106,1,8,0,18,0,8,0,0,0,0,3,1,6,1,28,6,1598,2,5,1,1,1
201706F034106,2,9,0,18,0,8,0,0,0,0,1,1,6,1,54,8,1995,2,12,2,1,2
201706F034121,1,9,0,5,0,8,0,0,3,3,3,1,1,2,26,6,-1,-1,-1,3,1,3
201706F034121,2,9,0,18,0,8,0,0,0,0,1,1,6,2,39,7,1498,1,8,10,1,10
201706F034147,1,9,0,18,0,8,0,0,0,0,4,-1,5,3,-1,-1,-1,-1,-1,-1,-1,-1
201706F034256,1,11,0,6,0,8,0,0,0,0,3,1,1,1,51,8,-1,2,9,-1,-1,-1
201706F034256,2,9,0,18,0,8,0,0,0,0,4,1,6,2,50,8,1997,2,14,4,1,4
201706F034309,1,9,0,9,0,0,0,0,0,0,4,1,2,1,72,10,1995,2,1,4,1,4
201706F034309,2,5,0,18,0,0,0,0,0,0,4,1,2,1,32,6,690,1,2,5,1,5
201706F034338,1,19,0,18,0,0,0,0,0,0,4,1,1,1,47,8,1870,2,12,1,1,1
201706F034344,1,9,0,12,0,0,5,0,4,10,2,1,6,2,50,8,998,1,8,1,1,1
201706F034344,2,9,0,18,0,0,0,0,0,0,1,1,6,1,29,6,1686,2,12,2,1,2
201706F034352,1,9,0,14,0,0,0,0,0,0,1,-1,5,3,-1,-1,-1,-1,-1,-1,-1,-1
201706F034352,2,9,0,18,0,0,0,0,0,0,3,1,6,1,32,6,1995,2,6,6,1,6
201706F034466,1,9,0,5,0,4,0,0,0,0,1,1,1,1,55,8,1499,2,1,4,1,4
201706F034466,2,1,0,18,0,3,0,0,0,0,1,1,1,1,35,6,-1,-1,-1,6,1,6
201706F034522,1,9,0,18,0,1,0,0,0,0,1,1,6,2,24,5,-1,-1,-1,4,1,4
201706F034523,1,19,0,18,0,8,0,0,0,0,1,1,6,1,30,6,2198,2,8,-1,-1,-1
201706F034523,2,9,0,1,0,8,0,4,0,0,1,1,1,1,43,7,1984,1,1,-1,-1,-1
201706F034523,3,9,0,2,0,1,0,0,0,0,1,1,6,1,30,6,1896,2,14,-1,-1,-1
201706F034561,1,9,0,18,0,1,0,0,0,0,2,1,6,1,34,6,1598,2,6,6,1,6
201706F034561,2,9,0,7,0,5,0,0,0,0,1,1,6,2,47,8,899,1,2,5,1,5
201706F034582,1,20,0,4,0,1,0,0,0,0,1,1,1,1,28,6,10837,2,1,1,1,1
201706F034582,2,9,0,3,0,1,0,0,0,0,2,1,6,2,52,8,1499,1,2,10,1,10
201706F034586,1,9,0,9,0,8,0,0,0,0,1,1,6,1,36,7,1598,1,17,3,1,3
201706F034586,2,9,0,18,0,8,0,0,0,0,3,1,6,1,53,8,1598,1,10,10,1,10
201706F034660,1,9,0,5,0,0,0,0,0,0,1,1,2,1,51,8,1240,1,7,1,1,1
201706F034670,1,9,0,18,0,6,0,0,0,0,4,1,6,2,30,6,1086,1,12,-1,-1,-1
201706F034670,2,9,0,17,0,8,0,0,0,0,4,1,2,1,48,8,1689,2,13,1,1,1
201706F034673,1,19,0,9,0,5,0,0,0,0,4,1,2,1,39,7,1995,2,1,1,1,1
201706F034673,2,1,0,18,0,8,0,0,0,0,1,1,6,1,33,6,-1,-1,-1,1,1,1
201706F034690,1,9,0,5,0,4,0,0,0,0,1,1,6,1,28,6,1598,1,11,2,1,2
201706F034690,2,9,0,4,0,4,0,0,0,0,2,1,6,2,73,10,1461,2,3,3,1,3
201706F034693,1,9,0,18,0,0,0,0,0,0,3,1,2,1,28,6,1997,1,13,10,1,10
201706F034693,2,9,0,18,0,0,5,0,0,0,4,1,6,1,26,6,1390,1,10,1,1,1
201706F034693,3,9,0,18,0,0,0,0,0,0,3,1,6,2,69,10,1997,1,7,6,1,6
201706F034693,4,9,0,18,0,0,0,0,0,0,2,1,1,2,49,8,1200,1,1,6,1,6
201706F034698,1,3,0,18,0,0,0,4,0,0,2,1,6,1,17,4,124,1,3,1,1,1
201706F034698,2,3,0,18,0,0,0,4,0,0,1,1,6,1,17,4,124,1,1,1,1,1
201706F034698,3,9,0,18,0,0,0,0,0,0,0,1,1,1,48,8,1560,2,3,-1,-1,-1
201706F034698,4,9,0,18,0,0,0,0,0,0,0,1,1,1,30,6,1560,2,3,-1,-1,-1
201706F034698,5,9,0,2,0,0,0,0,0,0,2,1,6,1,73,10,1240,1,9,1,1,1
201706F034761,1,19,0,9,0,6,0,0,0,0,1,1,6,1,24,5,1598,2,5,3,1,3
201706F034761,2,9,0,18,0,8,0,0,0,0,2,1,6,1,65,9,1598,1,1,9,1,9
201706F034824,1,19,0,15,0,3,0,0,0,0,3,-1,5,3,-1,-1,-1,-1,-1,-1,-1,-1
201706F034824,2,9,0,18,0,3,0,0,0,0,4,1,6,1,35,6,1598,2,5,4,1,4
201706F034928,1,9,0,18,0,2,0,0,0,0,1,1,2,2,34,6,-1,-1,-1,1,1,1
201706F034928,2,9,0,9,0,6,0,0,0,0,1,1,2,2,33,6,1360,1,13,2,1,2
201706F034934,1,9,0,14,0,0,0,0,0,0,0,1,6,1,29,6,2148,2,10,6,1,6
201706F034938,1,9,0,18,0,6,0,0,0,0,3,1,6,1,44,7,1497,8,9,1,1,1
201706F034938,2,9,0,18,0,1,0,0,0,0,1,1,1,2,40,7,1497,1,14,3,1,3
201706F034990,1,9,0,18,0,2,0,0,0,0,1,1,6,1,30,6,1896,2,11,4,2,4
201706F035021,1,9,0,14,0,0,0,0,0,0,4,1,6,2,45,7,1198,1,3,4,1,4
201706F035062,1,9,0,16,0,0,0,0,0,0,0,1,6,2,29,6,1598,2,2,2,1,2
201706F035062,2,9,0,4,0,0,0,0,0,0,0,1,6,1,20,4,1364,1,12,2,1,2
201706F035109,1,9,0,16,0,0,0,0,0,0,1,-1,5,3,-1,-1,-1,-1,-1,-1,-1,-1
201706F035109,2,3,0,16,0,0,0,0,0,0,3,1,6,1,26,6,124,1,6,1,1,1
201706F035171,1,1,0,18,0,8,0,0,0,0,1,1,4,1,12,3,-1,-1,-1,1,1,1
201706F035171,2,9,0,7,0,8,0,0,0,0,4,1,2,2,35,6,1198,1,3,4,1,4
201706F035180,1,9,0,18,0,0,0,0,4,0,0,1,6,1,53,8,1796,1,14,1,1,1
201706F035272,1,9,0,2,0,1,0,8,0,0,3,1,6,1,52,8,1995,2,6,5,1,5
201706F035272,2,1,0,18,4,1,0,0,0,0,3,1,6,1,61,9,-1,-1,-1,-1,-1,-1
201706F035409,1,9,0,18,0,1,0,0,0,0,1,1,6,2,30,6,-1,-1,-1,3,3,3
201706F035409,2,9,0,3,0,1,0,0,0,0,2,1,1,1,48,8,2143,2,3,3,1,3
201706F035421,1,21,1,7,0,5,0,0,0,0,4,1,1,1,37,7,12419,2,1,1,1,1
201706F035421,2,1,0,18,0,1,0,0,0,0,3,1,6,2,18,4,-1,-1,-1,3,1,3
201706F035461,1,19,0,12,0,1,0,0,0,0,3,1,1,1,24,5,2143,2,3,6,3,6
201706F035461,2,9,0,18,0,1,0,0,0,0,4,1,6,1,31,6,1968,2,1,3,1,3
201706F035466,1,9,0,18,0,1,0,0,0,0,1,-1,5,3,-1,-1,-1,-1,-1,-1,-1,-1
201706F035487,1,9,0,1,0,0,0,0,0,0,1,1,6,1,30,6,1461,2,7,-1,-1,-1
201706F035487,2,9,0,3,0,0,0,0,0,0,1,1,6,1,39,7,-1,-1,-1,3,1,3
201706F035528,1,9,0,5,0,4,0,0,0,0,1,1,6,2,68,10,1398,1,2,1,1,1