Accident_Index,Vehicle_Reference,Vehicle_Type,Towing_and_Articulation,Vehicle_Manoeuvre,Vehicle_Location-Restricted_Lane,Junction_Location,Skidding_and_Overturning,Hit_Object_in_Carriageway,Vehicle_Leaving_Carriageway,Hit_Object_off_Carriageway,1st_Point_of_Impact,Was_Vehicle_Left_Hand_Drive?,Journey_Purpose_of_Driver,Sex_of_Driver,Age_of_Driver,Age_Band_of_Driver,Engine_Capacity_(CC),Propulsion_Code,Age_of_Vehicle,Driver_IMD_Decile,Driver_Home_Area_Type,Vehicle_IMD_Decile
201706G027224,1,9,0,18,0,1,0,0,0,0,1,-1,5,3,-1,-1,-1,-1,-1,-1,-1,-1
201706G027224,2,9,0,3,0,1,0,0,0,0,2,1,1,2,45,7,1968,2,7,4,1,4
201706G027224,3,11,0,3,0,1,0,0,0,0,2,1,1,1,30,6,6700,2,9,5,1,5
201706G027322,1,19,0,1,0,8,0,0,0,0,2,1,1,1,52,8,2198,2,11,2,1,2
201706G027322,2,9,0,3,0,8,0,0,0,0,1,1,6,2,67,10,1328,1,13,2,1,2
201706G027460,1,9,0,18,0,0,0,0,0,0,1,-1,5,3,-1,-1,-1,-1,-1,-1,-1,-1
201706G027460,2,9,0,3,0,0,0,0,0,0,2,1,2,1,36,7,1560,2,4,4,1,4
201706G027539,1,9,0,5,0,0,0,0,0,0,1,1,6,1,35,6,1798,1,1,1,1,1
201706G027612,1,9,0,7,0,6,0,0,0,0,4,1,6,1,87,11,1248,1,3,8,1,8
201706G027612,2,9,0,18,0,1,0,0,0,0,1,1,6,2,31,6,1246,1,10,1,1,1
201706G027636,1,9,0,18,0,1,0,0,0,0,1,-1,5,3,-1,-1,-1,-1,-1,-1,-1,-1
201706G027636,2,9,0,3,0,1,0,0,0,0,2,1,6,1,52,8,1499,2,1,3,1,3
201706G027645,1,9,0,14,0,2,0,0,0,0,1,1,1,1,34,6,-1,-1,-1,10,1,10
201706G027645,2,9,0,2,0,2,0,0,0,0,2,1,6,1,59,9,1108,1,10,2,1,2
201706G027664,1,9,0,18,0,8,0,0,0,0,1,1,6,1,30,6,1596,1,16,-1,-1,-1
201706G027664,2,3,0,18,0,8,2,0,0,0,3,1,6,1,25,5,124,1,8,4,1,4
201706G027687,1,9,0,18,1,1,0,0,0,1,1,1,6,1,32,6,1248,2,8,1,1,1
201706G027815,1,9,0,14,0,0,0,0,0,0,1,1,6,1,29,6,1339,1,12,1,1,1
201706G027987,1,9,0,18,0,0,0,0,0,0,1,1,6,2,26,6,999,1,1,6,1,6
201706G027998,1,9,0,13,0,0,0,0,0,0,4,1,6,1,28,6,1124,1,16,1,1,1
201706G028018,1,9,0,7,0,2,0,0,0,0,1,1,6,1,56,9,1229,1,5,1,1,1
201706G028058,1,9,0,18,0,6,0,0,0,0,1,-1,5,3,-1,-1,-1,-1,-1,-1,-1,-1
201706G028058,2,9,0,18,0,8,0,0,0,0,3,1,6,2,25,5,1395,1,2,3,1,3
201706G028074,1,9,0,9,0,8,0,0,0,0,1,1,2,1,56,9,-1,-1,-1,-1,-1,-1
201706G028074,2,4,0,18,0,8,2,0,0,0,1,1,2,1,53,8,-1,-1,-1,-1,-1,-1
201706G028133,1,9,0,18,0,1,0,0,0,0,2,1,6,1,30,6,-1,-1,-1,2,1,2
201706G028133,2,9,0,18,0,1,0,0,0,0,1,1,6,2,45,7,2500,1,14,2,1,2
201706G028164,1,90,0,9,0,2,0,0,0,0,1,1,6,1,66,10,-1,-1,-1,3,1,3
201706G028214,1,2,0,16,0,2,1,0,0,0,1,1,6,1,16,4,49,1,17,4,1,4
201706G028214,2,9,0,17,0,1,1,0,0,0,1,1,6,1,36,7,1360,1,12,2,1,2
201706G028235,1,90,0,1,0,0,0,0,0,0,2,1,1,1,28,6,-1,-1,-1,1,1,1
201706G028235,2,9,0,4,0,0,0,0,0,0,1,1,3,2,32,6,1596,1,5,8,1,8
201706G028256,1,9,0,7,0,5,1,0,0,0,1,1,6,1,21,5,1596,1,13,1,1,1
201706G028256,2,9,0,2,0,2,0,0,0,0,2,1,6,1,42,7,1461,2,6,4,1,4
201706G028341,1,9,0,18,0,0,0,0,0,0,1,1,6,1,18,4,1198,1,8,2,1,2
201706G028445,1,9,0,18,0,1,0,0,0,0,1,1,6,1,30,6,1997,1,16,-1,-1,-1
201706G028445,2,9,0,3,0,1,0,0,0,0,2,1,6,2,34,6,-1,-1,-1,2,1,2
201706G028674,1,9,0,9,0,6,0,0,0,0,1,-1,5,3,-1,-1,-1,-1,-1,-1,-1,-1
201706G028863,1,9,0,9,0,5,0,0,0,0,4,1,2,2,22,5,-1,-1,-1,2,1,2
201706G028863,2,5,0,18,0,8,0,0,0,0,1,1,2,1,24,5,-1,-1,-1,-1,-1,-1
201706G029004,1,9,0,9,0,5,0,0,0,0,4,1,6,1,58,9,1229,1,6,2,1,2
201706G029004,2,3,0,18,0,8,0,0,0,0,1,1,2,1,58,9,102,1,12,9,1,9
201706G029096,1,9,0,18,0,8,0,0,0,0,3,1,6,2,30,6,1896,2,12,3,1,3
201706G029096,2,11,0,18,0,8,0,0,0,0,4,1,1,1,54,8,4500,2,5,4,1,4
201706G029151,1,8,0,18,0,1,1,0,0,0,1,1,6,1,30,6,-1,-1,-1,-1,-1,-1
201706G029151,2,3,0,3,0,1,0,0,0,0,2,1,6,1,28,6,-1,-1,-1,2,1,2
201706G029158,1,9,0,7,0,2,0,0,0,0,2,1,6,1,30,6,1995,2,9,-1,-1,-1
201706G029158,2,9,0,18,0,8,0,0,0,0,1,1,1,2,24,5,1229,1,7,4,1,4
201706G029170,1,9,0,13,0,1,0,0,0,0,1,1,6,1,30,6,1388,1,14,-1,-1,-1
201706G029170,2,9,0,9,0,1,0,0,0,0,3,1,1,1,33,6,1598,2,5,2,1,2
201706G029183,1,9,0,13,0,0,0,0,0,0,1,-1,5,3,-1,-1,-1,-1,-1,-1,-1,-1
201706G029183,2,9,0,18,0,0,0,0,0,0,3,1,6,1,38,7,1995,2,2,4,1,4
201706G029312,1,1,0,16,0,8,0,0,0,0,1,1,6,2,45,7,-1,-1,-1,3,1,3
201706G029312,2,9,0,9,0,6,0,0,0,0,3,1,6,2,57,9,1386,1,9,9,2,9
201706G029322,1,9,0,18,0,8,0,0,7,0,1,1,6,2,22,5,1198,1,5,7,1,7
201706G029322,2,9,0,18,0,8,0,0,0,0,2,1,6,2,24,5,-1,-1,-1,7,1,7
201706G029322,3,19,0,18,0,8,0,0,0,0,3,1,1,1,66,10,2874,2,18,3,1,3
201706G029398,1,5,0,17,0,1,0,0,1,0,1,1,6,1,24,5,-1,-1,-1,1,1,1
201706G029431,1,9,0,18,0,8,0,0,0,0,4,1,6,1,44,7,1896,2,14,1,1,1
201706G029431,2,9,0,18,0,8,0,0,0,0,1,1,6,2,45,7,1388,1,7,1,1,1
201706G029486,1,9,0,18,0,0,0,0,0,0,4,1,6,1,49,8,1248,1,1,-1,-1,-1
201706G029486,2,9,0,18,0,0,0,0,0,0,1,1,6,2,55,8,1360,1,15,1,1,1
201706G029521,1,8,0,5,0,0,0,0,0,0,3,1,6,1,30,6,-1,-1,-1,-1,-1,-1
201706G029571,1,9,0,9,0,6,0,0,0,0,1,1,6,1,30,6,1591,1,8,-1,-1,-1
201706G029571,2,9,0,18,0,8,0,0,0,0,3,1,6,2,42,7,1598,1,10,7,1,7
201706G029619,1,1,0,18,0,8,0,0,0,0,0,1,6,1,30,6,-1,-1,-1,-1,-1,-1
201706G029619,2,11,0,18,0,1,0,0,0,0,0,1,1,1,31,6,-1,-1,-1,1,1,1
201706G029750,1,9,0,9,0,6,0,0,0,0,4,1,1,1,22,5,1968,2,1,10,1,10
201706G029750,2,3,0,18,0,8,0,0,0,0,1,1,6,1,30,6,125,1,1,-1,-1,-1
201706G029870,1,9,0,9,0,8,0,0,0,0,4,1,6,1,44,7,-1,-1,-1,1,1,1
201706G029870,2,1,0,18,0,8,0,0,0,0,1,1,1,1,39,7,-1,-1,-1,6,1,6
201706G029886,1,9,0,9,0,8,0,0,0,0,4,1,6,1,55,8,1995,2,7,10,1,10
201706G029886,2,9,0,18,0,8,0,0,0,0,1,1,6,1,31,6,1968,2,9,1,1,1
201706G029912,1,9,0,18,0,8,0,0,0,0,1,1,6,2,84,11,1400,1,11,6,1,6
201706G030004,1,9,0,18,0,8,0,0,0,0,1,1,6,2,47,8,1598,2,2,9,1,9
201706G030004,2,9,0,3,0,8,0,0,0,0,2,1,6,2,48,8,-1,-1,-1,8,1,8
201706G030041,1,9,0,18,0,8,0,0,0,0,1,1,1,1,40,7,998,1,10,5,1,5
201706G030070,1,9,0,9,0,8,0,0,0,0,3,1,6,2,63,9,1396,2,8,1,1,1
201706G030070,2,9,0,18,0,8,0,0,0,0,1,1,6,2,26,6,1560,2,4,6,1,6
201706G030073,1,9,0,18,0,1,0,0,0,0,1,1,6,1,25,5,1229,1,5,1,1,1
201706G030073,2,9,0,9,0,1,0,0,0,0,2,1,6,1,39,7,1781,1,10,5,1,5
201706G030115,1,90,0,17,0,0,1,10,1,2,4,1,6,1,25,5,686,1,11,-1,-1,-1
201706G030299,1,9,0,17,0,2,5,4,0,0,1,1,6,1,45,7,1242,1,10,4,1,4
201706G030299,2,9,0,2,0,1,0,0,0,0,2,1,6,3,61,9,-1,-1,-1,4,1,4
201706G030299,3,9,0,2,0,1,0,0,0,0,1,1,6,3,43,7,1560,2,11,-1,-1,-1
201706G030305,1,9,0,18,0,1,0,0,0,0,4,1,6,1,34,6,-1,-1,-1,3,1,3
201706G030370,1,1,0,18,0,8,0,0,0,0,3,1,6,1,13,3,-1,-1,-1,8,1,8
201706G030370,2,9,0,18,0,8,0,0,0,0,1,1,6,2,31,6,1596,1,15,5,1,5
201706G030380,1,9,0,18,0,0,0,0,0,0,1,1,2,1,41,7,2324,1,14,1,1,1
201706G030380,2,9,0,4,0,0,0,0,0,0,2,1,2,2,56,9,1388,1,6,-1,-1,-1
201706G030380,3,9,0,4,0,0,0,0,0,0,2,1,2,2,43,7,-1,-1,-1,1,1,1
201706G030489,1,9,0,4,0,0,0,0,0,0,1,1,6,1,29,6,1396,1,5,3,1,3
201706G030489,2,9,0,18,0,0,1,0,0,0,1,1,6,1,20,4,2000,1,9,1,1,1
201706G030501,1,9,0,3,0,0,0,0,0,0,2,1,1,1,35,6,-1,-1,-1,5,1,5
201706G030501,2,9,0,3,0,0,0,0,0,0,1,1,2,2,54,8,-1,-1,-1,6,1,6
201706G030501,3,9,0,4,0,0,0,0,0,0,1,1,2,1,59,9,-1,-1,-1,-1,-1,-1
201706G030517,1,9,0,9,0,8,0,0,0,0,1,-1,5,3,-1,-1,-1,-1,-1,-1,-1,-1
201706G030517,2,9,0,18,0,8,0,0,0,0,1,1,6,2,49,8,1242,1,12,2,1,2
201706G030535,1,9,0,9,0,6,0,0,0,0,1,1,6,2,56,9,1598,1,12,9,1,9
201706G030535,2,9,0,18,0,8,5,0,0,0,4,1,6,1,46,8,2402,2,10,9,3,9
201706G030542,1,9,0,18,0,8,0,0,0,0,3,1,6,2,55,8,1364,1,11,6,1,6
201706G030542,2,1,0,18,0,8,0,0,0,0,1,1,6,1,44,7,-1,-1,-1,2,1,2
201706G030557,1,9,0,18,0,0,0,0,0,0,1,1,6,1,18,4,1124,1,15,3,1,3
201706G030557,2,9,0,3,0,0,0,0,0,0,2,1,6,2,22,5,1560,2,5,-1,-1,-1
201706G030605,1,8,0,18,0,8,0,0,0,0,4,1,6,1,37,7,1991,2,9,4,1,4
201706G030605,2,9,0,9,0,6,0,0,0,0,1,1,6,1,30,6,1598,2,6,-1,-1,-1
201706G030632,1,3,0,14,0,1,0,0,0,0,1,1,6,1,14,3,125,1,6,-1,-1,-1
201706G030632,2,9,0,2,0,1,0,0,0,0,4,1,6,1,30,6,1968,2,-1,-1,-1,-1
201706G030664,1,90,0,11,0,1,0,0,0,0,4,1,6,1,60,9,-1,-1,-1,-1,-1,-1
201706G030664,2,1,0,18,0,1,0,0,0,0,1,1,6,1,51,8,-1,-1,-1,2,1,2
201706G030690,1,9,0,7,0,8,0,0,0,0,1,1,6,1,30,6,1299,1,14,-1,-1,-1
201706G030690,2,1,0,18,0,8,0,0,0,0,1,1,6,1,21,5,-1,-1,-1,4,1,4
201706G030732,1,9,0,18,0,0,0,0,0,0,1,1,6,1,56,9,-1,-1,-1,-1,-1,-1
201706G030732,2,1,0,18,0,0,0,0,0,0,2,1,6,1,51,8,-1,-1,-1,2,1,2
201706G030751,1,9,0,18,0,1,0,0,0,0,1,1,6,1,30,6,1596,1,8,2,1,2
201706G030755,1,9,0,18,0,8,0,0,0,0,2,1,1,1,26,6,1461,2,3,5,2,5
201706G030755,2,9,0,18,0,8,0,0,0,0,1,1,6,1,67,10,-1,-1,-1,10,1,10
201706G030755,3,9,0,18,0,8,0,0,0,0,1,1,6,2,18,4,1198,1,6,9,3,9
201706G030761,1,9,0,9,0,8,0,10,0,1,1,1,1,1,20,4,1149,1,-1,4,1,4
201706G030761,2,9,0,18,0,8,0,10,0,1,1,1,6,2,67,10,1242,1,11,5,1,5
201706G030787,1,9,0,18,0,1,0,0,1,0,4,1,6,2,53,8,1248,1,4,2,1,2
201706G030855,1,9,0,7,0,8,0,0,0,0,4,-1,5,3,-1,-1,1289,1,29,-1,-1,-1
201706G030855,2,9,0,18,0,8,0,0,2,0,1,1,6,2,57,9,1598,1,12,3,1,3
201706G030885,1,9,0,18,0,6,0,0,0,0,1,1,6,2,30,6,1229,1,8,-1,-1,-1
201706G030885,2,11,0,18,0,1,0,0,0,0,1,1,1,1,45,7,-1,-1,-1,1,1,1
201706G031084,1,9,0,18,0,8,0,0,0,0,1,1,6,1,33,6,-1,-1,-1,-1,-1,-1
201706G031084,2,9,0,3,0,8,0,0,0,0,2,1,6,1,41,7,1997,2,15,2,1,2
201706G031158,1,9,0,7,0,1,0,0,0,0,1,1,6,1,22,5,1389,1,15,1,1,1
201706G031158,2,10,0,3,0,1,0,0,0,0,2,1,1,2,62,9,2461,2,13,-1,-1,-1
201706G031158,3,9,0,18,0,1,0,0,0,0,0,1,1,1,39,7,2993,2,6,-1,-1,-1
201706G031214,1,9,0,18,0,8,5,0,0,0,3,1,6,1,76,11,1396,1,1,2,1,2
201706G031214,2,9,0,18,0,8,0,0,0,0,1,1,6,1,29,6,1896,2,10,2,1,2
201706G031275,1,9,0,18,0,1,0,0,0,0,1,-1,5,3,-1,-1,-1,-1,-1,-1,-1,-1
201706G031420,1,9,0,9,0,6,1,0,0,0,1,-1,5,3,-1,-1,-1,-1,-1,-1,-1,-1
201706G031420,2,8,0,18,0,8,2,0,0,0,4,1,6,1,71,10,-1,-1,-1,9,1,9
201706G031422,1,8,0,5,0,1,0,0,0,0,0,1,1,1,65,9,2664,2,11,1,1,1
201706G031483,1,9,0,7,0,8,0,0,0,0,1,1,6,1,40,7,1396,2,1,6,1,6
201706G031483,2,1,0,18,0,8,0,0,0,0,1,1,6,1,26,6,-1,-1,-1,1,1,1
201706G031523,1,9,0,1,9,8,0,10,0,0,2,1,6,2,47,8,1598,1,6,3,1,3
201706G031550,1,9,0,18,0,1,0,0,0,0,1,1,6,2,71,10,1242,1,1,3,1,3
201706G031550,2,9,0,2,0,1,0,0,0,0,3,1,6,1,26,6,1591,1,-1,2,1,2
201706G031592,1,9,0,1,0,0,0,4,0,0,2,1,6,1,65,9,1498,1,17,3,1,3
201706G031592,2,9,0,2,0,0,0,4,0,0,1,1,6,3,54,8,1560,2,10,3,1,3
201706G031614,1,9,0,18,0,0,0,0,0,0,4,1,6,1,38,7,-1,-1,-1,-1,-1,-1
201706G031690,1,9,0,18,0,0,1,0,1,10,1,1,6,1,24,5,-1,-1,-1,2,1,2
201706G031690,2,9,0,2,0,0,0,0,0,0,2,1,6,1,32,6,1364,1,3,2,1,2
201706G031690,3,9,0,2,9,0,0,0,0,0,1,1,6,1,32,6,-1,-1,-1,-1,-1,-1
201706G031729,1,9,0,9,0,8,0,0,1,0,3,1,6,2,60,9,1499,2,3,7,1,7
201706G031729,2,18,0,18,1,8,0,0,0,0,1,1,1,1,22,5,-1,-1,-1,4,1,4
201706G031818,1,19,0,18,0,0,0,0,0,0,4,1,2,1,29,6,2198,2,1,1,1,1
201706G031871,1,1,0,18,0,1,0,0,0,0,2,1,6,1,13,3,-1,-1,-1,3,1,3
201706G031871,2,19,0,18,0,1,0,0,0,0,4,-1,5,3,-1,-1,-1,-1,-1,-1,-1,-1
201706G031897,1,9,0,18,0,8,1,10,1,1,1,-1,5,3,-1,-1,-1,-1,-1,-1,-1,-1
201706G031942,1,90,0,18,0,8,0,0,0,0,4,1,6,1,84,11,-1,-1,-1,3,1,3
201706G031942,2,9,0,16,0,1,0,0,0,0,1,1,6,2,23,5,1248,1,1,7,1,7
201706G031980,1,9,0,18,0,1,0,0,0,0,1,1,6,1,22,5,1968,2,8,1,1,1
201706G031980,2,8,0,18,0,1,0,0,0,0,2,1,6,2,49,8,1596,1,15,5,1,5
201706G032003,1,9,0,4,0,0,0,0,0,0,1,1,1,1,26,6,1590,1,14,2,1,2
201706G032005,1,3,0,18,0,8,0,0,0,0,1,1,1,1,24,5,124,1,5,-1,-1,-1
201706G032005,2,9,0,9,0,8,0,0,0,0,4,1,1,1,24,5,1598,1,8,5,1,5
201706G032075,1,19,0,7,0,8,0,0,0,0,1,1,6,1,30,6,2402,2,9,-1,-1,-1
201706G032075,2,9,0,18,0,8,0,0,0,0,4,1,6,2,33,6,1362,1,4,4,1,4
201706G032099,1,4,0,18,0,8,0,0,0,0,4,1,6,1,25,5,599,1,12,3,1,3
201706G032099,2,9,0,7,0,8,0,0,0,0,3,1,6,1,64,9,-1,-1,-1,4,1,4
201706G032099,3,90,0,2,0,2,0,0,0,0,2,1,6,1,64,9,-1,-1,-1,-1,-1,-1
201706G032135,1,9,0,16,0,1,0,0,0,0,2,1,6,2,25,5,1242,1,3,4,1,4
201706G032135,2,9,0,16,0,1,0,10,0,0,1,-1,5,3,-1,-1,-1,-1,-1,-1,-1,-1
201706G032138,1,9,0,5,0,0,0,0,0,0,3,1,6,1,33,6,-1,-1,-1,3,1,3
201706G032138,2,9,0,18,0,0,0,0,0,0,4,1,1,1,30,6,1390,1,5,1,1,1
201706G032185,1,9,0,7,0,8,0,0,0,0,2,1,6,1,30,6,1396,1,15,-1,-1,-1
201706G032185,2,9,0,18,0,1,0,0,0,0,1,1,6,2,29,6,-1,-1,-1,2,1,2
201706G032227,1,10,0,18,0,0,0,0,0,0,3,1,6,1,30,6,-1,-1,-1,-1,-1,-1
201706G032238,1,9,0,9,0,8,0,0,0,0,3,1,2,2,33,6,1968,2,3,10,1,10
201706G032238,2,9,0,18,0,8,0,0,0,0,1,1,2,2,23,5,1242,1,5,8,1,8
201706G032241,1,90,0,18,0,1,0,0,0,0,1,-1,5,3,-1,-1,-1,-1,-1,-1,-1,-1
201706G032243,1,9,0,9,0,6,0,0,0,0,3,1,2,2,28,6,1328,1,16,8,1,8
201706G032243,2,3,0,18,0,8,0,0,0,0,1,1,2,1,17,4,124,1,1,1,1,1
201706G032264,1,9,0,18,0,1,5,0,2,2,1,1,6,1,24,5,1795,1,17,4,3,4
201706G032264,2,9,0,2,9,1,0,0,0,0,1,-1,5,3,-1,-1,-1,-1,-1,-1,-1,-1
201706G032264,3,9,0,2,9,1,0,0,0,0,1,-1,5,3,-1,-1,-1,-1,-1,-1,-1,-1
201706G032264,4,9,0,2,9,1,0,0,0,0,1,-1,5,3,-1,-1,-1,-1,-1,-1,-1,-1
201706G032264,5,9,0,2,0,1,0,0,0,0,0,-1,5,3,-1,-1,-1,-1,-1,-1,-1,-1
201706G032264,6,9,0,2,0,1,0,0,0,0,0,-1,5,3,-1,-1,1198,1,12,-1,-1,-1
201706G032271,1,9,0,18,0,5,0,0,0,0,1,1,2,2,23,5,1242,1,2,4,1,4
201706G032350,1,4,0,18,0,1,0,0,2,0,1,1,6,1,20,4,450,1,11,4,1,4
201706G032350,2,9,0,9,0,1,0,0,0,0,2,1,6,1,60,9,1796,1,12,2,1,2
201706G032350,3,9,0,2,0,1,0,0,0,0,2,1,6,2,30,6,1396,1,5,2,1,2
201706G032351,1,5,0,13,0,0,0,0,8,0,1,1,6,1,30,6,689,1,3,-1,-1,-1
201706G032351,2,19,0,18,0,0,1,0,0,0,1,1,6,1,40,7,2151,2,16,1,1,1
201706G032365,1,9,0,18,0,8,0,0,0,0,3,1,6,2,30,6,-1,-1,-1,-1,-1,-1
201706G032365,2,1,0,18,0,8,0,0,0,0,1,-1,5,1,9,2,-1,-1,-1,-1,-1,-1
201706G032374,1,19,0,9,0,8,0,0,0,0,0,1,1,1,41,7,2143,2,2,5,2,5
201706G032374,2,1,0,18,0,8,2,0,0,0,0,1,6,1,72,10,-1,-1,-1,10,1,10
201706G032452,1,9,0,9,0,8,0,0,0,0,1,1,6,1,42,7,1998,2,10,-1,1,-1
201706G032452,2,9,0,18,0,8,0,0,0,0,1,1,6,1,49,8,1242,1,12,3,1,3
201706G032480,1,9,0,13,0,0,1,0,0,0,1,1,2,2,38,7,1242,1,6,4,1,4
201706G032485,1,9,0,18,0,0,0,0,0,0,1,1,6,1,30,6,-1,-1,-1,-1,-1,-1
201706G032485,2,9,0,18,0,0,0,0,0,0,2,1,6,2,29,6,1339,1,14,6,1,6
201706G032515,1,9,0,9,0,1,0,0,0,0,1,1,6,2,59,9,1499,1,1,1,3,1
201706G032515,2,4,0,13,0,1,0,0,0,0,2,1,1,1,27,6,600,1,15,3,1,3
201706G032519,1,9,0,18,0,0,0,4,0,0,1,1,6,1,71,10,1560,2,6,8,2,8
201706G032519,2,9,0,2,0,0,0,0,0,0,2,1,6,1,30,6,1998,8,2,5,1,5
201706G032519,3,90,0,2,0,0,0,0,0,0,2,1,6,1,30,6,-1,-1,-1,5,1,5
201706G032599,1,4,0,18,0,8,0,0,0,0,1,1,6,1,58,9,599,1,19,3,1,3
201706G032599,2,9,0,7,0,8,0,0,0,0,4,1,6,2,53,8,1596,1,9,3,1,3
201706G032603,1,9,0,7,0,1,0,0,0,0,1,1,1,1,44,7,1360,1,7,4,1,4
201706G032608,1,9,0,18,0,0,0,0,0,0,0,1,6,1,30,6,1796,1,10,-1,-1,-1
201706G032608,2,1,0,18,0,0,0,10,0,0,0,1,6,1,71,10,-1,-1,-1,2,1,2
201706G032626,1,9,0,18,0,2,0,0,0,0,4,-1,5,3,-1,-1,-1,-1,-1,-1,-1,-1
201706G032626,2,90,0,2,0,1,0,0,0,0,3,1,1,1,55,8,-1,-1,-1,2,1,2
201706G032647,1,9,0,9,0,8,0,0,0,0,1,1,2,2,38,7,-1,-1,-1,10,1,10
201706G032647,2,9,0,9,0,8,0,0,0,0,3,1,2,1,37,7,1968,2,-1,3,1,3
201706G032700,1,9,0,18,0,1,0,0,0,0,1,1,6,1,28,6,1984,1,7,1,1,1
201706G032719,1,3,0,18,0,0,1,0,0,0,1,1,6,1,68,10,124,1,-1,3,1,3
201706G032741,1,9,0,18,0,1,0,0,0,0,1,1,6,1,30,6,1598,1,13,-1,-1,-1
201706G032741,2,9,0,3,0,1,0,0,0,0,2,1,6,2,66,10,1332,1,12,8,1,8
201706G032773,1,9,0,17,0,0,0,0,0,0,1,1,2,2,26,6,1242,1,3,5,1,5
201706G032773,2,9,0,16,0,0,0,0,0,0,1,1,2,2,55,8,1329,1,5,8,2,8
201706G032786,1,9,0,18,0,0,0,0,0,0,1,1,6,2,68,10,1968,2,8,-1,-1,-1
201706G032786,2,9,0,18,0,0,0,0,0,0,1,1,6,2,40,7,1995,2,4,9,2,9
201706G032824,1,9,0,9,0,8,0,0,0,0,1,-1,5,3,-1,-1,-1,-1,-1,-1,-1,-1
201706G032824,2,9,0,9,0,8,0,0,0,0,4,1,6,1,65,9,999,1,2,2,1,2
201706G032831,1,9,0,18,0,8,1,0,7,4,1,-1,5,3,-1,-1,-1,-1,-1,-1,-1,-1
201706G032831,2,9,0,9,0,8,0,0,7,4,3,1,1,1,65,9,1360,1,15,4,1,4
201706G032835,1,9,0,9,0,8,0,0,0,0,4,1,6,1,25,5,-1,-1,-1,-1,-1,-1
201706G032835,2,1,0,18,0,8,0,0,0,0,1,1,2,1,42,7,-1,-1,-1,10,1,10
201706G033134,1,9,0,18,0,1,0,0,0,0,1,1,6,1,25,5,-1,-1,-1,-1,-1,-1
201706G033134,2,9,0,3,0,1,0,0,0,0,2,1,6,1,44,7,1390,1,10,5,1,5
201706G033154,1,9,0,3,0,1,0,0,0,0,4,1,6,2,25,5,1197,1,2,8,1,8
201706G033154,2,9,0,18,0,1,0,0,0,0,3,1,6,1,20,4,-1,-1,-1,-1,-1,-1
201706G033334,1,18,0,18,1,0,0,0,0,0,4,1,1,1,45,7,-1,-1,-1,4,1,4
201706G033334,2,20,0,2,0,0,0,4,1,0,3,1,1,1,55,8,3920,2,9,5,1,5
201706G033334,3,9,0,2,0,0,0,0,0,0,1,1,6,1,51,8,1248,2,8,6,1,6
201706G033348,1,4,0,5,0,8,0,0,0,0,1,-1,5,3,-1,-1,-1,-1,-1,-1,-1,-1
201706G033348,2,9,0,9,0,8,0,0,0,0,4,1,1,1,39,7,1995,2,15,3,1,3
201706G033362,1,9,0,4,0,1,0,0,0,0,2,1,6,2,35,6,1769,1,15,2,1,2
201706G033362,2,9,0,4,0,1,0,0,0,0,1,1,6,2,25,5,1200,1,5,1,1,1
201706G033382,1,9,0,18,0,0,0,0,0,0,4,1,6,2,70,10,1995,2,11,6,1,6
201706G033426,1,9,0,17,0,0,0,0,0,0,1,-1,5,3,-1,-1,-1,-1,-1,-1,-1,-1
201706G033426,2,3,0,17,0,0,0,0,0,0,1,1,6,3,30,6,125,1,10,-1,-1,-1
201706G033466,1,9,0,18,0,2,0,0,0,0,1,1,6,1,27,6,1200,1,-1,3,1,3
201706G033479,1,9,0,18,0,0,0,0,0,0,1,1,2,2,53,8,1753,2,15,2,1,2
201706G033500,1,9,0,9,0,8,0,0,0,0,1,1,6,1,68,10,1796,1,13,10,1,10
201706G033500,2,9,0,18,0,8,0,0,0,0,2,1,6,2,22,5,1596,1,15,7,2,7
201706G033500,3,9,0,8,0,1,0,0,0,0,1,1,6,1,39,7,1596,1,6,4,1,4
201706G033562,1,9,0,18,0,8,0,0,0,0,1,-1,5,3,-1,-1,-1,-1,-1,-1,-1,-1
201706G033562,2,9,0,8,0,6,0,0,0,10,3,1,6,2,19,4,998,1,8,7,1,7
201706G033657,1,9,0,9,0,8,0,0,0,0,1,1,6,2,22,5,1197,1,-1,9,3,9
201706G033657,2,1,0,18,0,8,0,0,0,0,1,1,6,1,33,6,-1,-1,-1,1,1,1
201706G033676,1,9,0,5,0,8,0,0,0,0,4,1,6,1,65,9,998,1,-1,1,1,1
201706G033676,2,1,0,18,0,8,0,0,0,0,1,1,6,1,23,5,-1,-1,-1,1,1,1
201706G033685,1,9,0,5,0,5,0,0,0,0,3,1,1,1,64,9,1339,1,11,3,1,3
201706G033685,2,1,0,18,0,8,0,0,0,0,4,1,1,1,25,5,-1,-1,-1,4,1,4
201706G033775,1,9,0,9,0,6,0,0,0,0,1,1,6,1,49,8,1598,1,11,6,1,6
201706G033775,2,9,0,18,0,8,0,0,0,0,1,1,6,2,59,9,1910,2,10,6,1,6
201706G033775,3,20,0,18,0,1,0,0,0,0,1,1,1,1,61,9,4500,2,-1,3,1,3
201706G033839,1,9,0,9,0,8,0,0,0,0,3,1,6,2,47,8,1390,1,17,-1,-1,-1
201706G033839,2,9,0,18,0,8,0,0,0,0,1,1,6,1,34,6,-1,-1,-1,8,1,8
201706G033851,1,9,0,18,0,1,0,0,0,0,1,-1,5,3,-1,-1,-1,-1,-1,-1,-1,-1
201706G033874,1,9,0,18,0,0,0,0,0,0,1,1,6,1,30,6,1242,1,3,4,1,4
201706G033874,2,9,0,18,0,0,0,0,0,0,2,1,6,1,28,6,-1,-1,-1,2,1,2