Accident_Index,Vehicle_Reference,Vehicle_Type,Towing_and_Articulation,Vehicle_Manoeuvre,Vehicle_Location-Restricted_Lane,Junction_Location,Skidding_and_Overturning,Hit_Object_in_Carriageway,Vehicle_Leaving_Carriageway,Hit_Object_off_Carriageway,1st_Point_of_Impact,Was_Vehicle_Left_Hand_Drive?,Journey_Purpose_of_Driver,Sex_of_Driver,Age_of_Driver,Age_Band_of_Driver,Engine_Capacity_(CC),Propulsion_Code,Age_of_Vehicle,Driver_IMD_Decile,Driver_Home_Area_Type,Vehicle_IMD_Decile
201706J026110,2,9,0,18,0,8,0,0,0,0,1,1,2,2,33,6,1000,1,2,10,1,10
201706J026136,1,9,0,9,0,8,0,0,0,0,3,1,2,2,28,6,999,1,3,8,1,8
201706J026136,2,1,0,18,0,8,0,0,0,0,1,1,2,1,25,5,-1,-1,-1,1,1,1
201706J026152,1,9,0,18,0,0,0,0,1,1,1,1,2,2,50,8,1791,8,5,-1,-1,-1
201706J026179,1,9,0,18,0,0,0,0,0,0,1,1,6,2,40,7,-1,-1,-1,2,1,2
201706J026568,1,1,0,18,0,8,0,0,0,0,3,1,6,1,11,3,-1,-1,-1,3,1,3
201706J026568,2,9,0,18,0,1,0,0,0,0,1,1,6,1,39,7,2143,2,2,6,1,6
201706J026571,1,9,0,9,0,8,0,0,0,0,2,1,4,1,17,4,1242,1,2,9,1,9
201706J026571,2,9,0,18,0,8,0,0,0,0,1,1,6,1,30,6,-1,-1,-1,-1,-1,-1
201706J026644,1,9,0,9,0,8,0,0,0,0,4,1,6,2,37,7,999,1,2,6,3,6
201706J026644,2,9,0,18,0,8,0,0,0,0,1,1,6,2,26,6,-1,-1,-1,5,1,5
201706J026850,1,9,0,1,0,8,0,0,0,0,2,-1,5,3,-1,-1,-1,-1,-1,-1,-1,-1
201706J026850,2,9,0,18,0,8,0,0,0,0,4,1,3,2,33,6,1998,2,10,3,1,3
201706J026991,1,11,0,18,0,1,0,0,0,0,0,1,1,1,52,8,4250,2,8,1,1,1
201706J026991,2,9,0,7,0,6,0,0,0,0,0,1,6,2,30,6,1598,1,10,-1,-1,-1
201706J026993,1,9,0,18,0,8,0,0,0,0,1,-1,5,3,-1,-1,-1,-1,-1,-1,-1,-1
201706J026993,2,9,0,18,0,8,0,0,0,0,3,1,6,1,26,6,1796,1,10,1,1,1
201706J027005,1,9,0,18,0,8,0,0,0,0,1,1,1,1,38,7,1598,2,2,-1,-1,-1
201706J027005,2,19,0,18,0,8,0,0,0,0,0,1,6,1,30,6,-1,-1,-1,-1,-1,-1
201706J027019,1,11,0,18,0,1,0,0,0,0,0,1,1,1,38,7,6700,2,1,1,1,1
201706J027027,1,9,0,13,1,1,0,0,0,0,4,1,6,1,32,6,1995,2,1,-1,-1,-1
201706J027027,2,1,0,17,0,1,0,0,0,0,1,1,4,1,15,3,-1,-1,-1,8,1,8
201706J027067,1,9,0,10,0,6,0,0,0,0,4,1,2,1,52,8,1998,1,14,6,1,6
201706J027067,2,9,0,18,0,6,0,7,0,7,1,1,2,1,38,7,1598,1,11,1,1,1
201706J027070,1,9,0,18,0,1,0,0,0,0,1,-1,5,3,-1,-1,-1,-1,-1,-1,-1,-1
201706J027077,1,9,0,18,0,2,0,0,0,0,3,1,6,1,30,6,1590,1,13,-1,-1,-1
201706J027129,1,9,0,18,0,1,0,0,0,0,1,1,2,1,29,6,1490,1,9,2,1,2
201706J027157,1,8,0,18,0,0,0,0,0,0,1,1,1,1,75,10,1956,2,5,3,1,3
201706J027157,2,9,0,18,0,0,0,0,0,0,1,1,6,2,65,9,1399,1,1,3,1,3
201706J027157,3,9,0,18,0,0,0,0,0,0,1,1,6,2,46,8,1991,2,10,7,1,7
201706J027237,1,21,1,18,0,1,0,0,0,0,1,1,1,1,30,6,12740,2,4,6,1,6
201706J027247,1,1,0,18,0,8,0,0,0,0,4,1,2,1,46,8,-1,-1,-1,4,1,4
201706J027247,2,9,0,18,0,8,0,0,0,0,1,1,6,2,30,6,-1,-1,-1,-1,-1,-1
201706J027265,1,9,0,9,0,5,0,0,0,0,1,1,6,1,20,4,1242,1,13,10,1,10
201706J027265,2,9,0,18,0,8,0,0,0,0,1,1,6,1,84,11,1995,2,1,7,1,7
201706J027278,1,9,0,3,0,1,0,0,0,0,1,1,6,1,34,6,2143,2,1,4,1,4
201706J027278,2,9,0,3,0,1,0,0,0,0,1,1,6,1,30,6,-1,-1,-1,-1,-1,-1
201706J027282,1,9,0,18,0,0,0,0,0,0,1,1,2,1,59,9,1582,2,10,4,1,4
201706J027282,2,9,0,2,0,0,0,10,1,0,2,1,1,2,43,7,1595,1,14,1,1,1
201706J027287,1,9,0,7,0,8,0,0,0,0,1,1,1,1,56,9,1493,2,11,1,1,1
201706J027306,1,9,0,9,0,5,0,0,0,0,1,1,6,1,71,10,1999,1,14,1,1,1
201706J027308,1,9,0,9,0,8,0,0,0,0,3,1,6,1,34,6,1598,1,13,6,1,6
201706J027308,2,9,0,18,0,8,0,0,0,0,1,1,6,2,32,6,998,1,3,3,1,3
201706J027327,1,9,0,6,8,0,0,0,0,0,3,-1,5,3,-1,-1,-1,-1,-1,-1,-1,-1
201706J027327,2,9,0,18,0,0,0,0,0,0,4,1,6,1,47,8,1995,2,11,5,1,5
201706J027338,1,9,0,18,0,0,0,0,0,0,1,1,6,1,29,6,-1,-1,-1,-1,-1,-1
201706J027338,2,9,0,2,0,0,0,0,0,0,0,1,6,2,20,4,1198,1,1,10,1,10
201706J027346,1,9,0,18,0,8,0,0,0,0,1,1,6,2,25,5,998,1,12,5,1,5
201706J027346,2,2,0,7,0,6,1,0,0,0,1,1,6,1,30,6,125,1,2,-1,-1,-1
201706J027353,1,4,0,18,0,8,2,0,0,0,1,1,6,1,26,6,-1,-1,-1,9,1,9
201706J027353,2,9,0,9,0,8,0,0,0,0,1,1,6,2,39,7,1198,1,8,1,1,1
201706J027367,1,9,0,7,0,6,0,0,0,0,0,1,6,1,30,6,-1,-1,-1,-1,-1,-1
201706J027367,2,4,0,4,0,8,1,0,0,0,0,1,1,1,52,8,395,1,2,4,1,4
201706J027730,1,9,0,18,0,8,0,0,0,0,1,1,2,2,24,5,1248,1,4,4,1,4
201706J027730,2,9,0,18,0,8,0,0,7,0,1,1,2,1,25,5,1998,1,8,8,1,8
201706J027764,1,9,0,18,0,3,0,0,0,0,1,1,1,1,52,8,1199,1,14,10,1,10
201706J027764,2,1,0,18,0,3,0,0,0,0,2,1,6,1,42,7,-1,-1,-1,5,1,5
201706J027923,1,9,0,9,0,8,0,0,0,0,1,1,6,2,33,6,1984,1,2,-1,-1,-1
201706J027923,2,9,0,18,0,8,0,0,0,0,1,1,6,2,40,7,1685,2,1,-1,-1,-1
201706J027983,1,9,0,18,0,2,0,0,0,0,3,-1,5,2,-1,-1,2987,2,1,-1,-1,-1
201706J028002,1,11,0,5,2,8,0,0,0,0,1,1,6,1,45,7,4461,2,4,4,1,4
201706J028065,1,4,0,18,0,8,0,0,0,0,1,1,6,2,37,7,689,1,1,10,1,10
201706J028065,2,9,0,18,0,8,0,0,0,0,4,1,6,1,35,6,2967,2,3,3,1,3
201706J028108,1,9,0,5,0,2,0,0,0,0,1,-1,5,3,-1,-1,-1,-1,-1,-1,-1,-1
201706J028108,2,9,0,18,0,1,0,0,0,0,1,1,6,2,49,8,2204,2,11,4,1,4
201706J028166,1,1,0,18,0,1,0,0,0,0,1,1,6,1,29,6,-1,-1,-1,-1,-1,-1
201706J028166,2,9,0,18,0,1,0,0,0,0,2,1,2,2,45,7,1108,1,8,1,1,1
201706J028204,1,8,0,3,0,0,0,0,0,0,2,1,1,1,33,6,-1,-1,-1,-1,-1,-1
201706J028204,2,9,0,18,0,0,0,0,0,0,1,1,6,1,63,9,1910,2,12,6,1,6
201706J028205,1,1,0,18,0,8,0,0,0,0,1,1,6,1,44,7,-1,-1,-1,-1,-1,-1
201706J028205,2,9,0,18,0,8,0,0,0,0,1,1,2,1,70,10,1596,1,10,7,1,7
201706J028234,1,9,0,18,0,2,0,0,0,0,1,1,1,1,40,7,1910,2,9,4,1,4
201706J028433,1,9,0,9,0,8,0,0,0,0,1,1,6,1,71,10,998,1,2,10,1,10
201706J028433,2,1,0,18,0,8,0,0,0,0,1,1,6,1,46,8,-1,-1,-1,6,1,6
201706J028837,1,9,0,18,0,8,0,0,0,0,1,1,6,1,30,6,1497,1,16,-1,-1,-1
201706J028837,2,9,0,9,0,6,0,0,0,0,3,1,6,1,85,11,1198,1,4,4,1,4
201706J028930,1,9,0,18,0,0,0,0,0,0,1,1,6,1,30,6,1398,1,3,-1,-1,-1
201706J028930,2,9,0,5,0,0,0,0,0,0,1,1,6,2,58,9,1685,2,3,10,1,10
201706J028988,1,9,0,18,0,8,0,0,0,0,1,1,6,1,30,6,1498,1,10,-1,-1,-1
201706J028988,2,1,0,18,0,6,0,0,0,0,3,1,2,1,16,4,-1,-1,-1,1,1,1
201706J029134,1,9,0,5,0,1,0,0,0,0,1,1,6,1,30,6,2429,1,14,-1,-1,-1
201706J029160,1,9,0,18,0,0,1,10,7,0,1,1,6,1,69,10,1197,1,3,1,1,1
201706J029160,2,9,0,18,0,0,2,0,0,0,4,1,6,1,61,9,1991,2,7,8,1,8
201706J029246,1,19,0,18,0,8,0,10,1,7,1,1,1,1,40,7,-1,-1,-1,-1,-1,-1
201706J029246,2,8,0,18,0,8,0,0,0,0,4,1,1,1,51,8,1598,2,4,8,3,8
201706J029305,1,9,0,7,0,2,0,0,0,0,1,1,6,2,30,6,1596,1,14,-1,-1,-1
201706J029305,2,9,0,18,0,1,0,0,0,0,1,1,6,1,27,6,1149,1,10,2,1,2
201706J029329,1,11,0,18,0,0,0,0,0,0,1,1,1,1,42,7,6700,2,1,5,1,5
201706J029342,1,19,0,9,0,6,0,0,0,0,3,1,6,1,56,9,1560,2,3,3,1,3
201706J029389,1,9,0,9,9,5,0,0,0,0,1,1,6,1,30,6,2099,1,15,-1,-1,-1
201706J029441,1,9,0,18,9,2,0,10,3,10,1,1,6,2,20,4,998,1,3,4,1,4
201706J029497,1,1,0,18,0,8,0,0,0,0,3,1,6,1,32,6,-1,-1,-1,7,1,7
201706J029497,2,9,0,9,0,8,0,0,0,0,1,1,6,2,70,10,-1,-1,-1,5,1,5
201706J029518,1,9,0,7,0,8,0,0,0,0,1,1,6,1,30,6,1598,2,1,-1,-1,-1
201706J029518,2,1,0,17,0,1,0,0,0,0,4,1,1,1,45,7,-1,-1,-1,7,1,7
201706J029606,1,9,0,16,8,1,0,10,1,0,4,-1,5,3,-1,-1,-1,-1,-1,-1,-1,-1
201706J029649,1,9,0,5,0,8,0,0,0,0,1,1,6,1,35,6,2521,1,11,-1,-1,-1
201706J029650,1,9,0,1,0,8,0,0,0,0,2,1,6,1,43,7,1968,2,6,2,1,2
201706J029909,1,9,0,5,0,0,0,0,7,10,1,1,6,1,68,10,-1,-1,-1,4,1,4
201706J029909,2,9,0,18,0,0,0,0,0,0,1,1,6,1,46,8,-1,-1,-1,10,1,10
201706J029919,1,9,0,18,0,8,0,0,0,0,3,1,6,2,46,8,1242,1,1,7,1,7
201706J029919,2,4,0,7,0,8,1,10,1,10,4,1,6,1,39,7,998,1,15,7,1,7
201706J030083,1,9,0,7,0,1,0,0,0,0,4,1,6,1,72,10,1998,1,11,7,1,7
201706J030083,2,1,0,18,0,1,0,0,0,0,1,1,6,2,14,3,-1,-1,-1,4,1,4
201706J030084,1,9,0,18,0,8,0,0,0,0,4,1,6,1,34,6,1968,2,3,3,1,3
201706J030084,2,1,0,9,0,8,0,0,0,0,1,1,6,1,14,3,-1,-1,-1,10,1,10
201706J030088,1,9,0,3,0,2,0,0,0,0,0,1,2,2,55,8,1560,2,2,7,1,7
201706J030091,1,3,0,18,0,8,0,0,0,0,3,1,2,1,49,8,124,1,1,1,1,1
201706J030091,2,9,0,7,0,8,0,0,0,0,4,1,2,2,24,5,1242,1,5,10,1,10
201706J030114,1,20,0,16,0,1,0,0,0,0,1,1,1,1,38,7,5132,2,-1,1,1,1
201706J030114,2,19,0,9,0,1,0,0,0,0,2,1,1,1,43,7,-1,-1,-1,1,1,1
201706J030151,1,9,0,18,0,0,0,0,0,0,2,1,6,1,70,10,-1,-1,-1,5,1,5
201706J030283,1,9,0,18,0,8,0,0,0,0,3,1,6,2,73,10,1395,1,3,10,1,10
201706J030283,2,9,0,5,0,8,0,0,0,0,1,1,6,1,48,8,1299,1,14,2,1,2
201706J030287,1,9,0,7,0,6,0,0,0,0,1,1,6,1,30,6,-1,-1,-1,-1,-1,-1
201706J030373,1,3,0,15,0,8,1,0,1,0,1,1,6,1,30,6,125,1,7,-1,-1,-1
201706J030373,2,9,0,8,0,8,0,0,0,0,4,1,6,1,60,9,1596,1,14,1,1,1
201706J030494,1,9,0,18,0,0,0,0,0,0,1,1,1,1,40,7,-1,-1,-1,3,1,3
201706J030494,2,9,0,18,0,0,0,0,0,0,2,1,6,1,50,8,-1,-1,-1,4,1,4
201706J030494,3,9,0,18,0,0,0,0,0,0,2,1,6,2,25,5,898,1,4,7,1,7
201706J030510,1,3,0,18,0,6,0,0,0,0,1,1,6,1,30,6,125,1,1,-1,-1,-1
201706J030510,2,9,0,6,0,6,0,0,0,0,3,1,1,2,30,6,1968,2,1,10,1,10
201706J030540,1,9,0,18,0,0,0,0,8,10,3,1,6,1,80,11,1348,1,15,3,1,3
201706J030540,2,20,0,18,0,0,0,0,0,0,4,1,1,1,48,8,4249,2,4,10,2,10
201706J030630,1,9,0,17,0,2,0,10,2,2,1,1,6,1,80,11,999,1,7,8,1,8
201706J030698,1,9,0,7,0,6,0,0,0,0,4,1,6,1,50,8,1998,1,12,3,1,3
201706J030743,1,8,0,1,0,8,0,0,0,0,2,1,1,1,30,6,1798,1,7,-1,-1,-1
201706J030743,2,9,0,18,0,8,0,0,0,0,2,1,3,1,71,10,1560,2,4,1,1,1
201706J030790,1,9,0,9,0,8,0,0,0,0,1,1,6,1,24,5,1498,1,-1,6,1,6
201706J030790,2,9,0,5,0,8,0,0,0,0,1,1,6,1,48,8,-1,-1,-1,4,1,4
201706J030806,1,9,0,18,0,1,0,0,0,0,1,1,6,2,46,8,1197,1,-1,7,1,7
201706J030806,2,9,0,18,0,1,0,0,0,0,2,1,6,1,44,7,1598,2,3,7,1,7
201706J030899,1,9,0,7,0,8,0,0,0,0,1,1,6,1,21,5,1598,1,9,1,1,1
201706J030899,2,9,0,18,0,8,0,0,0,0,1,1,2,2,46,8,1769,1,13,1,1,1
201706J030946,1,9,0,9,0,8,0,0,0,0,1,1,6,1,57,9,-1,-1,-1,4,1,4
201706J031076,1,19,0,18,0,4,0,0,0,0,1,1,1,1,30,6,1995,2,-1,-1,-1,-1
201706J031076,2,9,0,18,0,4,2,0,0,0,2,1,6,2,23,5,1461,2,1,5,1,5
201706J031086,1,9,0,18,0,0,1,0,0,0,1,1,6,1,19,4,1395,1,2,9,1,9
201706J031086,2,9,0,18,0,0,1,4,0,0,1,1,6,1,30,6,1590,1,13,6,1,6
201706J031086,3,9,0,2,0,0,0,0,0,0,3,1,6,2,30,6,899,1,2,6,1,6
201706J031094,1,9,0,9,0,8,0,0,0,0,1,1,6,1,18,4,999,1,-1,10,1,10
201706J031094,2,9,0,18,0,8,0,0,0,0,1,1,6,2,38,7,1339,1,11,-1,-1,-1
201706J031094,3,9,0,9,0,1,0,0,0,0,1,1,6,2,30,6,2179,2,3,-1,-1,-1
201706J031098,1,9,0,9,0,8,0,0,0,0,3,1,6,1,86,11,998,1,4,10,1,10
201706J031098,2,9,0,18,0,8,0,0,0,0,1,1,6,1,54,8,2143,2,7,10,1,10
201706J031144,1,9,0,2,0,1,0,0,0,0,3,1,6,2,35,6,1968,2,9,1,1,1
201706J031144,2,1,0,18,0,1,2,0,0,0,4,1,6,2,71,10,-1,-1,-1,-1,-1,-1
201706J031217,1,9,0,5,0,8,0,0,0,0,1,1,6,1,60,9,1499,2,1,10,1,10
201706J031217,2,9,0,1,0,8,0,0,0,0,4,1,6,2,55,8,-1,-1,-1,8,1,8
201706J031305,1,9,0,18,0,1,0,0,0,0,4,1,6,1,83,11,1998,1,12,7,1,7
201706J031351,1,20,0,5,0,2,0,10,0,0,4,1,1,1,58,9,3920,2,6,9,1,9
201706J031448,1,9,0,16,0,0,0,0,0,0,1,1,6,1,26,6,1598,1,13,-1,-1,-1
201706J031448,2,9,0,17,0,0,0,0,0,0,1,1,6,1,66,10,-1,-1,-1,6,1,6
201706J031473,1,9,0,9,0,6,0,0,1,1,2,1,6,1,70,10,998,1,5,6,1,6
201706J031473,2,9,0,18,0,5,0,0,1,1,1,1,6,1,36,7,1969,2,-1,2,1,2
201706J031532,1,9,0,5,0,1,0,0,0,0,1,1,6,2,30,6,1461,2,2,-1,-1,-1
201706J031532,2,1,0,18,4,8,2,0,0,0,3,1,1,2,26,6,-1,-1,-1,8,1,8
201706J031543,1,9,0,5,6,1,0,0,0,0,0,1,6,1,30,6,-1,-1,-1,-1,-1,-1
201706J031543,2,3,0,18,0,1,1,0,0,0,0,1,6,1,40,7,124,1,20,2,1,2
201706J031647,1,9,0,9,0,5,0,0,0,0,3,1,1,2,48,8,1798,1,5,10,1,10
201706J031647,2,3,0,13,0,8,0,0,7,0,1,1,6,1,21,5,125,1,1,-1,-1,-1
201706J031658,1,9,0,14,0,1,0,0,0,0,4,1,2,1,19,4,1124,1,9,8,1,8
201706J031698,1,9,0,18,0,0,1,0,0,0,0,1,6,1,30,6,-1,-1,-1,-1,-1,-1
201706J031698,2,9,0,18,0,0,0,0,0,0,1,1,6,1,23,5,1998,1,10,-1,-1,-1
201706J031704,1,9,0,18,0,4,0,0,0,0,1,1,6,2,41,7,1968,2,9,8,1,8
201706J031704,2,1,0,18,0,8,2,0,0,0,1,1,6,1,28,6,-1,-1,-1,7,1,7
201706J031775,1,9,0,7,0,5,0,0,1,0,4,1,6,1,30,6,-1,-1,-1,-1,-1,-1
201706J031775,2,1,0,18,0,8,0,0,0,0,1,1,2,1,38,7,-1,-1,-1,1,1,1
201706J031824,1,9,0,18,0,2,0,0,8,0,1,1,6,1,25,5,1794,1,13,1,1,1
201706J031824,2,9,0,18,0,1,0,4,0,0,1,1,6,1,59,9,1998,1,14,6,1,6
201706J031824,3,9,0,2,0,1,0,0,0,0,0,1,6,1,58,9,-1,-1,-1,6,1,6
201706J031888,1,9,0,18,0,0,0,0,0,0,1,1,1,2,51,8,1296,1,10,4,1,4
201706J031888,2,9,0,4,0,0,0,0,0,0,2,1,6,2,21,5,1242,1,1,5,1,5
201706J031966,1,9,0,5,0,0,0,0,0,0,4,1,6,2,84,11,1590,1,13,10,1,10
201706J032223,1,9,0,18,0,8,0,0,0,0,4,1,6,1,35,6,1998,1,11,1,1,1
201706J032223,2,1,0,18,0,8,0,0,0,0,1,-1,5,2,8,2,-1,-1,-1,-1,-1,-1
201706J032252,1,9,0,18,0,1,0,4,0,0,1,1,6,2,35,6,1798,1,10,2,1,2
201706J032252,2,9,0,3,0,1,0,0,0,0,2,1,6,2,59,9,1248,2,9,6,1,6
201706J032475,1,9,0,7,0,4,0,0,0,0,4,1,6,1,28,6,-1,-1,-1,1,1,1
201706J032475,2,19,0,7,0,4,0,0,0,0,3,1,1,1,32,6,1997,2,1,7,1,7
201706J032516,1,1,0,16,0,0,0,0,0,0,1,1,6,1,30,6,-1,-1,-1,-1,-1,-1
201706J032516,2,9,0,17,0,0,0,0,0,0,0,1,6,1,49,8,1796,1,6,6,1,6
201706J032566,1,9,0,9,0,8,0,0,0,0,3,1,6,1,55,8,2993,2,8,8,1,8
201706J032566,2,1,0,18,4,8,5,0,0,0,1,1,6,2,55,8,-1,-1,-1,4,1,4
201706J032590,1,3,0,18,0,0,1,0,0,0,1,1,6,1,24,5,125,1,8,1,1,1
201706J032590,2,3,0,4,0,0,0,0,0,0,2,1,6,1,27,6,124,1,3,1,1,1
201706J032664,1,4,0,4,0,0,0,0,0,0,0,1,6,1,30,6,-1,-1,-1,-1,-1,-1
201706J032664,2,9,0,2,0,0,0,0,0,0,0,1,6,1,20,4,1686,2,6,8,1,8
201706J032727,1,9,0,18,0,1,0,0,0,0,1,1,6,2,38,7,2191,2,3,7,1,7
201706J032727,2,9,0,18,0,1,0,0,0,0,2,1,6,1,74,10,1248,1,7,1,1,1
201706J032734,1,9,0,9,0,5,0,0,0,0,1,1,6,2,19,4,1242,1,6,2,1,2
201706J032734,2,1,0,18,4,8,0,0,0,0,0,1,6,1,46,8,-1,-1,-1,4,1,4
201706J032740,1,9,0,9,0,6,0,0,0,0,1,1,2,1,58,9,999,1,2,5,1,5
201706J032740,2,2,0,9,0,8,0,0,0,0,3,1,2,2,47,8,125,1,1,5,1,5
201706J032759,1,1,0,18,0,8,2,0,0,5,4,1,6,1,30,6,-1,-1,-1,1,1,1
201706J032807,1,9,0,18,0,2,0,0,0,0,0,1,6,1,30,6,-1,-1,-1,-1,-1,-1
201706J032807,2,9,0,18,0,2,5,0,1,1,1,1,6,1,21,5,1149,1,12,-1,-1,-1
201706J032807,3,9,0,18,0,2,0,0,0,0,0,1,1,1,30,6,-1,-1,-1,1,1,1
201706J032818,1,9,0,18,0,0,0,10,1,10,1,1,6,1,52,8,1200,1,-1,-1,-1,-1
201706J032854,1,9,0,18,0,8,0,0,0,0,1,1,6,1,59,9,1598,2,-1,10,1,10
201706J032854,2,9,0,9,0,8,0,0,0,0,4,-1,5,3,-1,-1,-1,-1,-1,-1,-1,-1
201706J032887,1,9,0,9,0,2,1,0,1,10,1,1,6,1,28,6,1995,1,13,6,1,6
201706J032952,1,9,0,18,0,1,0,0,0,0,1,1,6,2,30,6,1968,2,6,-1,-1,-1
201706J032952,2,9,0,18,0,1,0,0,0,0,1,1,6,2,30,6,1399,2,8,-1,-1,-1
201706J032952,3,9,0,18,0,1,0,0,0,0,2,1,6,2,30,6,1242,1,2,6,1,6
201706J033013,1,9,0,18,0,0,0,0,0,0,1,1,6,2,45,7,1590,1,16,10,1,10
201706J033049,1,9,0,18,0,8,0,0,0,0,1,1,6,1,75,10,1598,1,17,1,1,1
201706J033049,2,9,0,2,0,8,0,0,0,0,0,1,1,1,38,7,2993,2,4,1,1,1
201706J033129,1,9,0,9,0,8,0,0,0,0,3,1,6,1,30,6,1984,1,16,2,1,2
201706J033129,2,9,0,16,0,8,0,0,0,0,1,1,2,1,47,8,2926,2,14,8,1,8
201706J033184,1,9,0,9,0,8,1,7,0,1,1,1,6,1,18,4,999,1,-1,-1,-1,-1
201706J033184,2,9,0,9,0,8,0,0,0,0,0,1,1,1,50,8,2993,2,3,-1,-1,-1
201706J033184,3,9,0,9,0,8,0,0,0,0,0,1,1,1,35,6,2993,2,3,-1,-1,-1
201706J033184,4,9,0,9,0,8,0,0,0,0,0,1,1,1,49,8,-1,-1,-1,-1,-1,-1
201706J033184,5,9,0,3,0,1,0,0,0,0,1,1,6,2,76,11,-1,-1,-1,8,1,8
201706J033207,1,9,0,18,0,0,0,0,0,0,3,1,6,2,38,7,1149,1,12,3,1,3
201706J033318,1,9,0,18,0,8,0,0,0,0,1,1,3,2,46,8,998,1,12,1,1,1
201706J033318,2,9,0,18,0,8,0,0,0,0,3,1,3,1,48,8,1997,2,16,2,1,2
201706J033370,1,9,0,5,0,6,0,0,0,0,4,-1,5,3,-1,-1,-1,-1,-1,-1,-1,-1
201706J033370,2,19,0,3,0,2,0,0,0,0,2,1,1,1,27,6,2198,2,3,10,1,10
201706J033571,1,9,0,18,0,0,0,10,1,2,1,1,2,2,34,6,1229,1,12,9,1,9
201706J033586,1,9,0,17,0,0,0,4,0,0,1,1,6,2,51,8,1124,1,11,2,1,2
201706J033586,2,9,0,2,0,0,0,0,0,0,2,1,6,1,53,8,-1,-1,-1,9,1,9
201706J033589,1,9,0,5,0,8,0,0,0,0,1,1,2,2,61,9,-1,-1,-1,10,1,10
201706J033589,2,1,0,18,0,3,1,0,0,0,1,1,6,1,24,5,-1,-1,-1,-1,-1,-1
201706J033591,1,19,0,9,0,5,0,0,0,0,0,1,6,1,30,6,1753,2,5,-1,-1,-1
201706J033591,2,3,0,18,0,1,1,0,0,0,0,1,1,1,27,6,124,1,1,1,1,1
201706J033673,1,9,0,5,0,0,0,0,0,0,3,1,6,2,40,7,1997,2,7,10,1,10
201706J033673,2,9,0,18,0,0,0,4,1,10,4,1,6,1,27,6,1349,1,7,10,1,10
201706J033673,3,9,0,2,0,0,0,0,0,0,4,1,6,1,69,10,2995,1,-1,10,1,10
201706J033673,4,9,0,2,0,0,0,0,0,0,4,1,6,2,39,7,999,1,1,8,3,8
201706J033691,1,9,0,4,0,1,0,0,0,0,1,1,6,1,53,8,-1,-1,-1,3,1,3
201706J033815,1,9,0,18,0,0,1,10,1,10,1,1,6,1,41,7,1339,1,15,3,1,3
201706J033922,1,9,0,4,0,1,0,0,0,0,1,1,6,1,30,6,-1,-1,-1,-1,-1,-1
201706J033922,2,9,0,10,0,1,0,0,0,0,2,1,6,1,37,7,1198,1,4,7,1,7
201706J033965,1,21,5,12,0,0,0,0,0,0,3,1,6,1,30,6,-1,-1,-1,-1,-1,-1
201706J033965,2,5,0,18,0,0,0,0,0,0,4,1,1,1,24,5,599,1,8,10,1,10
201706J033985,1,9,0,7,0,3,0,0,0,0,4,1,6,1,55,8,1339,1,11,4,1,4
201706J033985,2,11,0,18,0,3,0,0,0,0,1,1,1,1,40,7,6700,2,1,5,1,5
201706J034164,1,9,0,18,0,8,0,0,0,0,1,1,6,1,27,6,1968,2,11,10,1,10
201706J034164,2,9,0,10,0,5,0,0,0,0,2,1,6,1,30,6,1968,2,2,6,1,6
201706J034198,1,9,0,18,0,1,0,0,0,0,1,1,6,1,30,6,-1,-1,-1,-1,-1,-1
201706J034231,1,9,0,7,0,4,0,0,0,0,1,1,6,1,30,6,-1,-1,-1,-1,-1,-1
201706J034231,2,1,0,18,0,3,2,0,0,0,1,1,2,1,26,6,-1,-1,-1,3,1,3
201706J034232,1,9,0,18,0,0,0,0,0,0,3,1,6,2,23,5,1197,1,3,8,1,8
201706J034276,1,11,0,4,0,1,0,0,0,0,0,1,1,1,50,8,4500,2,5,6,1,6
201706J034323,1,9,0,18,0,2,0,2,0,0,3,1,6,2,30,6,1398,1,12,3,1,3
201706J034323,2,1,0,18,0,1,0,0,0,0,1,1,1,1,27,6,-1,-1,-1,1,1,1
201706J034335,1,9,0,9,0,8,0,0,0,0,0,1,6,1,28,6,-1,-1,-1,1,1,1
201706J034335,2,5,0,18,0,1,1,0,0,0,0,1,1,1,29,6,600,1,13,6,1,6
201706J034390,1,9,0,18,0,0,0,4,7,0,4,1,6,1,20,4,1200,1,-1,1,1,1
201706J034390,2,9,0,2,0,0,0,0,0,0,3,1,6,1,61,9,1596,1,4,1,1,1
201706J034390,3,9,0,2,0,0,0,0,0,0,3,1,6,1,49,8,1796,1,11,1,1,1
201706J034423,1,19,0,5,0,0,0,0,0,0,2,1,1,1,30,6,1686,2,11,-1,-1,-1
201706J034423,2,9,0,3,0,0,0,0,0,0,1,1,6,1,50,8,-1,-1,-1,6,1,6
201706J034526,1,9,0,18,0,8,0,0,0,0,1,1,6,1,52,8,1956,2,2,2,1,2
201706J034526,2,9,0,18,0,8,0,0,0,0,4,1,6,1,67,10,1995,2,11,3,1,3
201706J034548,1,9,0,18,0,0,0,0,0,0,1,1,6,2,30,6,-1,-1,-1,-1,-1,-1
201706J034548,2,1,0,18,5,0,0,0,0,0,1,1,6,2,40,7,-1,-1,-1,4,1,4
201706J034593,1,9,0,1,0,6,0,0,0,0,2,1,1,2,54,8,1461,2,4,8,1,8
201706J034593,2,90,0,18,0,6,0,0,0,0,1,1,6,2,93,11,-1,-1,-1,2,1,2