Accident_Index,Vehicle_Reference,Vehicle_Type,Towing_and_Articulation,Vehicle_Manoeuvre,Vehicle_Location-Restricted_Lane,Junction_Location,Skidding_and_Overturning,Hit_Object_in_Carriageway,Vehicle_Leaving_Carriageway,Hit_Object_off_Carriageway,1st_Point_of_Impact,Was_Vehicle_Left_Hand_Drive?,Journey_Purpose_of_Driver,Sex_of_Driver,Age_of_Driver,Age_Band_of_Driver,Engine_Capacity_(CC),Propulsion_Code,Age_of_Vehicle,Driver_IMD_Decile,Driver_Home_Area_Type,Vehicle_IMD_Decile
201706K027349,2,1,0,18,0,8,0,0,0,0,3,1,6,1,69,10,-1,-1,-1,7,1,7
201706K027380,1,9,0,6,0,2,0,0,0,0,1,1,6,1,63,9,1149,1,14,8,1,8
201706K027380,2,9,0,18,0,1,0,0,0,0,4,1,6,2,71,10,1341,1,15,9,1,9
201706K027444,1,9,0,6,0,8,0,0,0,0,1,1,1,2,43,7,1560,2,3,7,1,7
201706K027516,1,5,0,18,0,8,0,0,0,0,1,1,6,1,39,7,599,1,13,1,1,1
201706K027516,2,9,0,9,0,6,0,0,0,0,3,1,6,1,42,7,1986,2,9,9,1,9
201706K027520,1,8,0,5,0,8,0,0,0,0,1,-1,1,3,-1,-1,2179,2,4,-1,-1,-1
201706K027573,1,9,0,9,0,6,0,0,0,0,1,1,6,2,43,7,995,1,10,4,1,4
201706K027573,2,9,0,18,0,8,0,0,0,0,4,1,6,2,53,8,1461,2,5,3,1,3
201706K027648,1,9,0,4,0,1,0,0,0,0,1,1,1,1,74,10,1368,1,11,3,1,3
201706K027659,1,20,0,11,0,1,0,0,0,0,4,1,1,1,63,9,6870,2,9,-1,-1,-1
201706K027659,2,9,0,4,0,1,0,0,0,0,3,1,3,1,70,10,1398,1,2,2,1,2
201706K027683,1,9,0,9,0,2,0,0,0,0,1,1,1,1,28,6,1398,1,14,3,1,3
201706K027690,1,9,0,4,0,0,0,0,0,0,0,1,1,1,74,10,1998,1,21,2,1,2
201706K027690,2,3,0,18,0,0,0,0,0,0,4,1,6,1,29,6,-1,-1,-1,2,1,2
201706K027692,1,9,0,9,0,8,0,0,0,0,0,1,1,1,24,5,1499,2,2,4,2,4
201706K027692,2,21,1,5,0,8,0,0,0,0,0,1,1,1,45,7,-1,-1,-1,-1,1,-1
201706K027693,1,9,0,5,0,1,0,0,0,0,1,1,6,1,40,7,1124,1,12,1,1,1
201706K027693,2,9,0,5,0,1,1,0,0,0,1,1,6,1,34,6,-1,-1,-1,-1,-1,-1
201706K027740,1,5,0,18,0,1,0,0,0,4,0,1,1,1,30,6,-1,-1,-1,5,1,5
201706K027745,1,9,0,18,0,8,0,0,0,0,1,1,6,1,24,5,-1,-1,-1,3,1,3
201706K027745,2,9,0,18,0,8,0,0,0,0,4,1,6,1,30,6,1797,8,8,-1,-1,-1
201706K027749,1,9,0,1,0,2,0,0,0,0,2,-1,5,1,-1,-1,-1,-1,-1,-1,-1,-1
201706K027749,2,1,0,18,0,2,0,0,0,0,1,1,6,1,38,7,-1,-1,-1,1,1,1
201706K027757,1,9,0,18,0,0,1,0,0,0,1,-1,5,3,-1,-1,-1,-1,-1,-1,-1,-1
201706K027757,2,90,0,18,0,0,0,0,0,0,1,1,6,1,46,8,-1,-1,-1,8,1,8
201706K027949,1,9,0,18,0,3,0,0,0,0,1,1,2,1,43,7,-1,-1,-1,10,1,10
201706K027949,2,9,0,18,0,3,0,0,0,0,2,1,6,1,20,4,2982,2,6,8,2,8
201706K027949,3,9,0,18,0,3,0,0,0,0,2,1,1,2,36,7,999,1,13,8,1,8
201706K027962,1,9,0,4,0,2,0,0,0,0,3,1,3,1,72,10,1389,1,19,1,1,1
201706K027988,1,9,0,18,0,8,0,0,0,0,2,1,6,1,26,6,1590,1,13,-1,-1,-1
201706K027988,2,9,0,7,0,8,0,0,0,0,1,1,6,1,74,10,-1,-1,-1,9,1,9
201706K027989,1,19,0,18,0,1,1,0,0,0,1,1,1,1,31,6,2287,2,1,6,1,6
201706K027989,2,19,0,3,0,1,0,0,0,0,2,1,6,1,63,9,1560,2,3,10,1,10
201706K027989,3,9,0,9,0,5,0,0,0,0,2,1,6,1,49,8,1995,2,1,8,1,8
201706K028003,1,9,0,18,0,0,0,0,0,0,1,1,6,2,45,7,-1,-1,-1,-1,-1,-1
201706K028019,1,9,0,18,0,0,0,0,0,0,1,1,2,1,43,7,1798,1,10,4,1,4
201706K028019,2,9,0,18,0,0,0,0,0,0,2,1,2,2,27,6,1242,1,6,10,1,10
201706K028019,3,9,0,18,0,0,0,0,0,0,2,1,2,2,19,4,1368,1,2,9,1,9
201706K028044,1,9,0,9,0,6,0,0,0,0,1,1,2,2,44,7,998,1,16,2,1,2
201706K028044,2,8,0,18,0,8,1,0,0,0,1,1,1,1,38,7,1798,8,2,1,1,1
201706K028044,3,9,0,3,0,6,0,0,0,0,1,1,2,2,26,6,998,1,9,2,1,2
201706K028067,1,9,0,9,0,8,0,0,0,0,4,-1,5,3,-1,-1,-1,-1,-1,-1,-1,-1
201706K028067,2,1,0,18,0,8,0,0,0,0,1,1,6,1,70,10,-1,-1,-1,9,1,9
201706K028080,1,9,0,18,0,8,0,0,7,0,4,1,6,1,21,5,1349,1,8,8,1,8
201706K028080,2,9,0,9,0,8,0,0,0,0,3,1,6,1,38,7,2231,2,10,2,1,2
201706K028081,1,9,0,17,9,8,0,0,7,0,1,-1,5,3,-1,-1,-1,-1,-1,-1,-1,-1
201706K028081,2,9,0,3,0,1,0,0,0,0,0,-1,5,3,-1,-1,-1,-1,-1,-1,-1,-1
201706K028081,3,9,0,18,0,1,0,0,0,0,0,1,1,1,35,6,1396,2,3,-1,-1,-1
201706K028132,1,9,0,5,0,8,0,0,0,0,1,1,6,1,47,8,3311,8,11,5,1,5
201706K028132,2,9,0,18,0,8,0,0,0,0,4,1,6,1,35,6,1968,2,9,6,1,6
201706K028138,1,9,0,9,0,8,0,0,0,0,3,1,3,2,35,6,1198,1,13,1,1,1
201706K028138,2,9,0,18,0,8,0,0,0,0,3,1,6,1,33,6,998,1,2,8,1,8
201706K028143,1,9,0,1,0,0,0,0,7,2,2,1,6,2,34,6,1199,1,13,2,1,2
201706K028165,1,9,0,9,0,6,0,0,0,0,1,1,6,2,27,6,-1,-1,-1,7,1,7
201706K028165,2,9,0,18,0,8,0,0,0,0,1,1,6,1,44,7,3311,8,9,6,1,6
201706K028180,1,9,0,18,0,0,0,0,0,0,4,1,1,2,56,9,1840,1,14,6,1,6
201706K028190,1,9,0,9,0,5,0,0,0,0,1,1,2,2,28,6,1242,1,6,1,1,1
201706K028190,2,3,0,18,0,8,0,0,0,0,1,1,2,1,41,7,125,1,2,1,1,1
201706K028201,1,9,0,1,9,2,0,0,1,0,2,1,6,1,25,5,-1,-1,-1,-1,-1,-1
201706K028251,1,9,0,4,0,0,0,0,0,0,2,1,6,1,55,8,1998,1,12,1,1,1
201706K028251,2,9,0,18,0,0,0,0,0,0,1,1,6,2,55,8,1896,2,11,10,1,10
201706K028251,3,9,0,18,0,0,0,0,0,0,1,1,6,2,40,7,1396,1,4,10,1,10
201706K028330,1,90,0,6,0,0,0,0,0,0,3,1,6,1,40,7,-1,-1,-1,4,1,4
201706K028330,2,5,0,18,0,0,0,0,0,0,1,1,6,1,23,5,649,1,2,3,1,3
201706K028354,1,9,0,11,0,4,0,0,0,0,1,1,6,2,53,8,1995,2,1,8,1,8
201706K028354,2,1,0,18,0,4,0,0,0,0,4,1,6,1,45,7,-1,-1,-1,6,1,6
201706K028361,1,9,0,18,0,1,0,0,0,0,1,-1,5,1,-1,-1,-1,-1,-1,-1,-1,-1
201706K028361,2,9,0,18,0,1,0,0,0,0,3,1,6,2,60,9,989,1,11,-1,-1,-1
201706K028361,3,9,0,18,0,1,0,0,0,0,3,1,6,2,50,8,1598,1,10,10,1,10
201706K028361,4,9,0,18,0,1,0,0,0,0,3,1,6,1,50,8,1995,2,2,10,1,10
201706K028361,5,9,0,18,0,1,0,0,0,0,3,1,6,1,30,6,-1,-1,-1,-1,-1,-1
201706K028394,1,9,0,11,0,8,0,0,0,0,4,1,6,1,30,6,-1,-1,-1,-1,-1,-1
201706K028394,2,90,0,18,0,8,0,0,0,0,3,1,6,1,35,6,-1,-1,-1,3,1,3
201706K028416,1,9,0,9,0,8,0,0,0,0,1,1,3,1,45,7,1240,1,12,2,1,2
201706K028416,2,1,0,18,0,8,0,0,0,0,1,1,1,1,39,7,-1,-1,-1,2,1,2
201706K028417,1,9,0,18,0,0,0,0,0,0,1,1,6,1,68,10,1798,1,4,10,1,10
201706K028420,1,9,0,18,0,8,0,0,0,0,1,-1,5,3,-1,-1,-1,-1,-1,-1,-1,-1
201706K028421,1,9,0,18,0,1,0,0,0,0,1,1,6,2,30,6,-1,-1,-1,-1,-1,-1
201706K028454,1,8,0,13,0,6,0,0,0,0,4,1,6,1,30,6,1984,1,10,-1,-1,-1
201706K028454,2,5,0,5,0,6,0,0,0,0,1,1,6,1,45,7,806,1,2,2,1,2
201706K028548,1,9,0,18,0,0,0,10,7,4,1,1,6,1,39,7,1388,1,14,-1,-1,-1
201706K028548,2,9,0,2,0,0,0,0,0,0,2,-1,5,3,-1,-1,-1,-1,-1,-1,-1,-1
201706K028668,1,19,0,1,0,8,0,0,0,0,2,1,6,1,30,6,-1,-1,-1,-1,-1,-1
201706K028668,2,9,0,10,0,8,0,0,0,0,3,1,2,2,40,7,1794,1,13,1,1,1
201706K028676,1,9,0,5,0,8,0,0,0,0,1,1,6,1,76,11,1368,1,3,3,1,3
201706K028676,2,3,0,5,0,4,0,0,0,0,4,1,6,1,28,6,125,1,18,1,1,1
201706K028684,1,9,0,9,0,8,0,0,0,0,3,1,6,1,72,10,1242,1,3,10,1,10
201706K028684,2,1,0,18,0,8,0,0,0,0,1,1,6,1,44,7,-1,-1,-1,7,1,7
201706K028689,1,90,0,6,0,1,0,0,0,0,1,1,6,1,27,6,-1,-1,-1,2,1,2
201706K028759,1,9,0,7,0,6,0,0,0,0,3,1,6,1,30,6,1868,2,18,-1,-1,-1
201706K028759,2,9,0,18,0,8,0,0,0,0,1,1,6,1,32,6,1995,2,10,1,1,1
201706K028777,1,9,0,18,0,8,0,0,0,0,1,1,6,2,30,6,1299,1,13,-1,-1,-1
201706K028777,2,9,0,18,0,8,0,0,0,0,2,1,1,1,41,7,1398,1,10,4,1,4
201706K028911,1,9,0,9,0,8,0,0,0,0,1,1,6,1,41,7,1461,2,7,1,1,1
201706K028911,2,9,0,18,0,8,0,0,0,0,4,1,2,1,47,8,1197,1,3,2,1,2
201706K028955,1,9,0,9,0,2,0,0,0,0,1,1,6,1,43,7,1753,2,14,7,1,7
201706K028955,2,9,0,3,0,1,0,0,0,0,1,1,6,2,48,8,-1,-1,-1,10,3,10
201706K028957,1,9,0,18,0,8,0,0,0,0,1,1,6,2,27,6,1560,2,5,9,3,9
201706K028957,2,1,0,18,0,8,0,0,0,0,1,1,6,1,21,5,-1,-1,-1,-1,-1,-1
201706K029015,1,9,0,12,0,8,0,0,0,0,3,-1,5,3,-1,-1,-1,-1,-1,-1,-1,-1
201706K029015,2,9,0,5,0,8,1,0,0,0,4,1,3,1,38,7,1686,2,12,1,1,1
201706K029061,1,90,0,18,0,1,0,0,0,0,1,1,6,1,30,6,-1,-1,-1,-1,-1,-1
201706K029061,2,9,0,3,0,1,0,0,0,0,2,1,1,1,33,6,1896,2,13,1,1,1
201706K029117,1,9,0,9,0,8,0,0,0,0,1,1,6,1,21,5,1796,1,10,1,1,1
201706K029117,2,8,0,18,0,8,0,0,0,0,1,1,6,1,44,7,2231,2,10,2,1,2
201706K029126,1,9,0,11,0,0,0,0,0,0,1,1,6,1,31,6,1995,2,13,1,1,1
201706K029126,2,9,0,18,0,0,0,0,0,0,3,1,6,2,24,5,1968,2,8,8,1,8
201706K029188,1,11,0,18,0,8,0,0,0,0,1,1,1,1,63,9,9000,2,10,2,1,2
201706K029188,2,9,0,9,0,8,0,0,0,0,4,1,6,2,23,5,1598,1,10,1,1,1
201706K029211,1,19,0,18,0,8,0,0,0,0,1,1,6,1,30,6,1248,2,2,-1,-1,-1
201706K029211,2,9,0,10,0,8,0,0,0,0,2,1,6,2,45,7,1461,2,2,7,1,7
201706K029218,1,9,0,9,0,6,0,0,0,0,0,1,6,1,30,6,1900,2,12,-1,-1,-1
201706K029218,2,11,0,18,0,8,0,0,0,0,0,1,1,1,30,6,6700,2,9,2,2,2
201706K029270,1,9,0,18,0,8,0,0,0,0,2,1,6,1,32,6,1120,2,1,3,1,3
201706K029270,2,9,0,18,0,8,0,0,0,0,1,1,2,2,40,7,1248,2,10,1,1,1
201706K029297,1,9,0,18,0,1,0,0,0,0,1,1,6,2,18,4,999,1,-1,1,1,1
201706K029392,1,9,0,9,0,6,0,0,0,0,2,1,6,1,22,5,1598,1,11,-1,-1,-1
201706K029392,2,9,0,18,0,8,0,0,0,0,3,1,6,1,48,8,-1,-1,-1,6,1,6
201706K029400,1,9,0,7,0,8,0,0,0,0,4,1,3,1,62,9,1598,1,8,3,1,3
201706K029401,1,9,0,18,0,1,0,0,0,0,4,1,6,1,20,4,-1,-1,-1,10,2,10
201706K029410,1,9,0,7,0,1,0,0,0,0,4,1,6,1,48,8,2362,8,11,1,1,1
201706K029419,1,9,0,18,0,1,0,0,0,0,1,1,2,1,29,6,1498,1,-1,8,1,8
201706K029491,1,9,0,18,0,8,0,0,0,0,3,1,6,1,25,5,1968,2,3,3,1,3
201706K029491,2,9,0,18,0,8,0,0,7,1,1,1,6,1,53,8,-1,-1,-1,1,1,1
201706K029506,1,90,0,18,0,1,0,0,0,0,1,1,6,1,30,6,-1,-1,-1,1,1,1
201706K029506,2,9,0,8,0,1,0,0,0,0,2,1,2,1,66,10,-1,-1,-1,10,1,10
201706K029529,1,19,0,18,0,1,0,0,1,7,1,1,6,1,23,5,1560,2,10,3,1,3
201706K029573,1,9,0,9,0,6,0,0,0,0,3,1,1,1,48,8,1995,2,5,9,1,9
201706K029573,2,5,0,18,0,8,0,0,0,0,1,1,2,1,51,8,498,1,10,1,1,1
201706K029591,1,9,0,3,0,1,0,0,0,0,2,1,6,2,30,6,1242,1,8,-1,-1,-1
201706K029591,2,9,0,3,0,1,0,0,0,0,1,1,6,1,18,4,998,1,1,2,1,2
201706K029607,1,9,0,9,0,6,0,0,0,0,1,1,6,1,25,5,1995,1,15,-1,-1,-1
201706K029607,2,9,0,18,0,8,0,0,0,0,3,1,6,2,29,6,1791,8,6,1,1,1
201706K029626,1,9,0,18,0,6,0,0,0,0,1,1,6,2,74,10,1386,1,11,10,1,10
201706K029626,2,4,0,18,0,8,0,0,0,0,3,1,6,1,24,5,636,1,3,4,1,4
201706K029655,1,9,0,18,0,1,0,0,0,0,1,1,6,2,66,10,1086,1,13,2,1,2
201706K029680,1,9,0,2,0,1,0,0,0,0,3,1,6,2,45,7,2000,2,12,3,1,3
201706K029680,2,9,0,14,0,1,0,0,0,0,4,1,6,2,48,8,1461,2,10,7,1,7
201706K029762,1,9,0,18,0,0,0,0,0,0,1,1,1,1,30,6,1398,2,10,8,1,8
201706K029763,1,9,0,10,0,5,0,0,0,0,1,1,6,1,30,6,1229,1,5,-1,-1,-1
201706K029853,1,9,0,18,0,1,0,0,0,0,1,1,6,1,23,5,1388,1,13,-1,-1,-1
201706K029853,2,10,0,18,0,2,0,0,0,0,3,1,1,1,48,8,-1,-1,-1,5,1,5
201706K029853,3,9,0,18,0,1,0,0,0,0,1,1,6,2,18,4,1149,1,8,5,1,5
201706K029875,1,19,0,1,0,1,0,0,0,0,2,-1,5,3,-1,-1,-1,-1,-1,-1,-1,-1
201706K029875,2,9,0,4,0,1,0,0,0,0,1,1,1,1,31,6,1200,1,-1,-1,-1,-1
201706K029876,1,9,0,18,0,8,1,0,0,0,1,1,6,1,36,7,2198,2,11,3,1,3
201706K029876,2,90,0,9,0,8,1,0,1,0,4,1,6,1,50,8,-1,-1,-1,9,1,9
201706K029913,1,9,0,18,0,8,0,0,0,0,1,1,1,2,39,7,1598,1,16,1,1,1
201706K029913,2,19,0,18,0,8,0,0,0,0,1,1,6,1,35,6,2143,2,4,3,1,3
201706K029959,1,9,0,3,0,1,0,0,0,0,1,1,6,2,82,11,1299,1,16,9,1,9
201706K029959,2,9,0,3,0,1,0,0,0,0,2,1,6,2,28,6,1598,2,-1,9,1,9
201706K030031,1,9,0,5,9,2,0,0,0,0,1,1,1,1,33,6,-1,-1,-1,1,1,1
201706K030067,1,9,0,9,0,6,0,0,0,0,1,1,6,1,30,6,-1,-1,-1,-1,-1,-1
201706K030067,2,9,0,18,0,8,1,0,0,0,2,1,3,2,28,6,1998,1,14,3,1,3
201706K030095,1,9,0,10,0,1,0,0,0,0,2,1,6,2,35,6,1461,2,12,1,1,1
201706K030095,2,9,0,18,0,1,0,4,0,0,1,1,6,1,30,6,-1,-1,-1,-1,-1,-1
201706K030095,3,9,0,18,0,1,0,0,0,0,0,1,6,1,30,6,-1,-1,-1,-1,-1,-1
201706K030099,1,17,0,5,0,6,0,0,0,0,1,1,1,1,18,4,3769,2,6,9,1,9
201706K030099,2,1,0,18,0,8,0,0,0,0,3,1,1,2,20,4,-1,-1,-1,-1,-1,-1
201706K030126,1,9,0,18,9,1,0,0,1,0,1,-1,5,3,-1,-1,-1,-1,-1,-1,-1,-1
201706K030139,1,9,0,9,0,5,0,0,0,0,1,1,6,2,56,9,1560,2,8,2,1,2
201706K030188,1,9,0,18,0,0,0,0,0,0,1,1,6,1,26,6,-1,-1,-1,-1,-1,-1
201706K030261,1,9,0,8,0,4,0,0,0,0,1,1,6,2,19,4,1242,1,14,3,1,3
201706K030261,2,9,0,8,0,4,0,0,0,0,2,1,6,2,46,8,1360,1,16,4,1,4
201706K030295,1,3,0,18,0,0,5,0,0,0,1,1,6,1,28,6,-1,-1,-1,3,1,3
201706K030295,2,3,0,18,0,0,5,0,0,0,1,1,6,1,24,5,-1,-1,-1,3,1,3
201706K030295,3,9,0,2,0,0,0,0,0,0,4,1,6,1,33,6,2143,2,3,2,1,2
201706K030297,1,9,0,18,0,1,1,0,7,0,1,1,6,1,24,5,998,1,2,7,1,7
201706K030297,2,9,0,18,0,2,1,0,1,0,3,1,1,1,50,8,1794,1,9,2,1,2
201706K030308,1,4,0,16,0,8,0,0,0,0,1,1,1,1,43,7,125,1,6,4,1,4
201706K030420,1,10,0,6,0,0,0,0,0,0,3,1,1,1,51,8,2402,2,12,3,1,3
201706K030420,2,3,0,18,0,0,0,0,0,0,1,1,6,1,19,4,124,1,2,6,1,6
201706K030464,1,9,0,18,0,8,0,0,0,0,1,1,6,1,30,6,-1,-1,-1,-1,-1,-1
201706K030464,2,9,0,18,0,8,0,0,0,0,1,1,6,1,56,9,1598,7,10,2,1,2
201706K030521,1,11,0,18,0,2,0,0,0,0,0,1,1,1,30,6,6700,2,8,-1,-1,-1
201706K030521,2,16,0,18,0,2,0,0,0,0,0,1,6,2,13,3,-1,-1,-1,3,1,3
201706K030525,1,19,0,18,0,1,0,0,0,0,1,1,6,1,30,6,2148,2,11,-1,-1,-1
201706K030525,2,9,0,7,0,1,0,0,0,0,3,1,6,2,72,10,1296,1,9,5,1,5
201706K030554,1,9,0,7,0,6,0,0,0,0,1,1,6,1,30,6,1968,2,2,-1,-1,-1
201706K030554,2,9,0,18,0,8,0,0,0,0,3,1,6,1,33,6,1686,2,12,1,1,1
201706K030568,1,9,0,18,0,0,0,0,0,0,0,1,6,1,37,7,1753,2,14,5,1,5
201706K030568,2,9,0,4,0,0,0,0,0,0,3,1,6,2,43,7,1997,1,15,2,1,2
201706K030576,1,19,0,18,0,6,0,0,0,0,4,1,1,1,47,8,1598,2,2,1,1,1
201706K030578,1,4,0,18,0,8,0,0,0,0,1,1,6,1,20,4,124,1,5,4,1,4
201706K030578,2,8,0,10,0,8,0,0,0,0,2,1,6,2,49,8,1198,1,3,2,1,2
201706K030657,1,9,0,7,0,8,0,0,0,0,1,1,6,1,30,6,1364,1,-1,2,1,2
201706K030657,2,9,0,18,0,8,0,0,0,0,1,1,6,2,60,9,1398,2,8,5,1,5
201706K030665,1,9,0,9,0,8,0,0,0,0,4,-1,5,3,-1,-1,-1,-1,-1,-1,-1,-1
201706K030665,2,1,0,18,0,8,0,0,0,0,1,1,6,1,55,8,-1,-1,-1,7,1,7
201706K030685,1,9,0,18,0,0,0,0,0,0,1,1,2,2,48,8,1242,1,4,3,1,3
201706K030688,1,9,0,9,0,8,0,0,1,0,3,1,6,1,30,6,-1,-1,-1,-1,-1,-1
201706K030688,2,9,0,8,0,8,0,0,0,0,3,1,6,2,36,7,1149,1,7,1,1,1
201706K030712,1,9,0,18,0,8,0,4,0,0,1,1,6,2,63,9,1197,1,1,3,1,3
201706K030712,2,9,0,2,0,8,0,0,0,0,1,1,6,2,30,6,1995,1,14,3,1,3
201706K030712,3,9,0,2,0,1,0,0,0,0,2,1,6,2,30,6,996,1,9,3,1,3
201706K030721,1,9,0,16,0,8,0,0,0,0,1,1,6,1,30,6,1360,1,7,-1,-1,-1
201706K030721,2,9,0,17,0,8,0,0,0,0,4,1,1,1,39,7,1598,2,11,1,1,1
201706K030747,1,9,0,9,0,8,0,0,0,0,1,1,2,1,46,8,-1,-1,-1,9,1,9
201706K030750,1,11,0,12,0,8,0,0,0,0,0,-1,1,3,-1,-1,-1,-1,-1,-1,-1,-1
201706K030750,2,11,0,18,0,8,0,0,0,0,0,1,1,1,51,8,7300,2,11,6,1,6
201706K030754,1,9,0,18,0,0,0,4,1,0,1,1,6,2,32,6,-1,-1,-1,3,1,3
201706K030754,2,9,0,2,0,0,0,4,7,0,2,1,6,2,36,7,1997,2,2,8,1,8
201706K030754,3,9,0,2,0,0,0,0,0,0,2,1,6,1,55,8,2170,2,12,10,1,10
201706K030756,1,9,0,7,0,8,0,0,0,0,4,1,6,1,30,6,-1,-1,-1,10,1,10
201706K030756,2,1,0,18,0,8,0,0,0,0,1,1,6,1,52,8,-1,-1,-1,8,1,8
201706K030789,1,8,0,5,0,1,0,0,0,0,0,1,1,1,51,8,1995,2,12,-1,-1,-1
201706K030799,1,9,0,18,0,8,0,0,0,0,1,1,6,1,32,6,1200,1,1,-1,-1,-1
201706K030799,2,8,0,18,0,8,0,0,1,0,4,1,1,1,66,10,1997,2,11,6,1,6
201706K030813,1,19,0,18,0,8,0,0,0,0,1,1,6,1,30,6,1998,2,14,-1,-1,-1
201706K030813,2,9,0,18,0,8,0,0,0,0,2,1,6,1,34,6,-1,-1,-1,5,1,5
201706K030840,1,9,0,9,0,8,0,0,0,0,3,1,6,2,30,6,1200,1,1,4,1,4
201706K030840,2,1,0,18,0,8,0,0,0,0,1,1,6,1,36,7,-1,-1,-1,4,1,4
201706K030889,1,9,0,18,0,6,0,0,0,0,1,1,6,1,47,8,1796,1,10,1,1,1
201706K030889,2,9,0,18,0,8,0,0,0,0,4,1,6,2,48,8,1461,2,-1,3,1,3
201706K030891,1,9,0,9,0,6,0,0,0,0,3,1,6,2,30,6,-1,-1,-1,-1,-1,-1
201706K030891,2,1,0,7,0,5,0,0,0,0,3,1,6,1,10,2,-1,-1,-1,8,1,8
201706K030948,1,9,0,18,0,8,0,0,0,0,1,1,6,1,30,6,-1,-1,-1,-1,-1,-1
201706K030948,2,1,0,18,0,8,0,0,0,0,3,-1,5,2,5,1,-1,-1,-1,-1,-1,-1
201706K030955,1,9,0,18,0,1,0,0,0,0,1,1,6,2,39,7,1560,2,3,5,1,5
201706K030964,1,9,0,18,0,8,0,0,0,0,1,1,6,1,30,6,1590,1,14,-1,-1,-1
201706K030964,2,9,0,18,0,8,0,0,0,0,3,1,6,1,42,7,796,1,12,1,1,1
201706K030978,1,9,0,18,0,0,0,4,7,0,1,1,6,1,50,8,1368,1,4,9,3,9
201706K030978,2,9,0,2,9,0,0,4,0,0,1,1,6,1,74,10,1461,2,6,8,1,8
201706K030978,3,9,0,2,9,0,0,0,0,0,1,1,6,2,66,10,1398,1,6,6,1,6
201706K031013,1,9,0,18,0,8,0,0,0,0,1,1,1,1,76,11,-1,-1,-1,8,2,8
201706K031013,2,9,0,18,0,8,0,0,0,0,4,1,6,1,39,7,1242,1,4,1,1,1
201706K031089,1,9,0,9,0,8,0,0,0,0,1,1,6,1,30,6,1868,2,14,-1,-1,-1
201706K031089,2,9,0,18,0,8,0,0,0,0,3,1,6,2,57,9,1582,2,3,10,3,10
201706K031145,1,9,0,18,0,2,0,0,0,0,1,1,6,1,26,6,4966,1,12,2,1,2
201706K031145,2,11,0,2,0,2,0,0,0,0,2,1,1,1,28,6,4250,2,5,-1,-1,-1
201706K031145,3,9,0,2,0,2,0,0,0,0,2,1,6,1,30,6,1798,1,9,1,1,1
201706K031145,4,9,0,18,0,2,0,0,0,0,2,1,6,1,56,9,1995,1,11,1,1,1
201706K031145,5,9,0,2,0,2,0,0,0,0,2,1,6,1,47,8,1995,2,6,1,1,1
201706K031145,6,9,0,2,0,2,0,0,0,0,1,1,6,1,21,5,-1,-1,-1,1,1,1
201706K031164,1,9,0,18,0,8,1,10,0,0,1,-1,5,3,-1,-1,-1,-1,-1,-1,-1,-1
201706K031164,2,8,0,9,0,8,0,0,0,0,2,1,1,1,50,8,1998,6,18,1,1,1
201706K031184,1,9,0,18,0,1,0,0,0,0,1,1,6,1,80,11,-1,-1,-1,10,1,10
201706K031184,2,9,0,2,0,1,0,0,0,0,2,1,6,1,56,9,2198,1,17,10,1,10
201706K031184,3,9,0,2,0,1,0,0,0,0,1,1,6,2,33,6,1229,1,4,10,1,10
201706K031200,1,9,0,9,0,8,0,0,0,0,1,1,1,2,37,7,1124,1,12,1,1,1
201706K031200,2,9,0,18,0,8,0,0,0,0,3,1,6,1,54,8,1560,2,11,7,1,7
201706K031201,1,9,0,5,0,8,0,0,1,0,3,1,1,1,62,9,2143,2,3,-1,1,-1
201706K031201,2,9,0,16,0,8,0,0,7,1,1,1,3,1,33,6,1997,2,13,3,1,3
201706K031262,1,9,0,18,0,8,0,0,0,0,1,1,6,2,36,7,-1,-1,-1,2,1,2
201706K031262,2,9,0,18,0,8,0,0,0,0,4,1,6,1,31,6,1461,2,14,2,1,2
201706K031334,1,9,0,9,0,5,0,0,0,0,1,1,6,1,30,6,1596,1,11,-1,-1,-1
201706K031334,2,1,0,18,0,8,0,0,0,0,4,1,1,2,48,8,-1,-1,-1,7,1,7
201706K031347,1,9,0,7,0,6,0,0,1,10,3,1,6,1,21,5,2143,2,1,8,1,8
201706K031347,2,9,0,18,0,8,0,0,1,0,1,1,6,1,65,9,1587,1,14,3,1,3
201706K031387,1,9,0,7,0,5,0,0,1,0,4,1,6,2,43,7,1560,2,7,1,1,1
201706K031387,2,1,0,18,0,8,0,0,2,0,1,1,1,1,34,6,-1,-1,-1,6,1,6
201706K031396,1,9,0,18,0,1,0,0,0,0,1,-1,5,3,-1,-1,-1,-1,-1,-1,-1,-1
201706K031396,2,1,0,11,0,1,0,0,0,0,2,1,6,1,40,7,-1,-1,-1,1,1,1
201706K031481,1,9,0,18,0,0,0,0,0,0,1,1,2,2,65,9,1797,8,8,2,1,2
201706K031481,2,9,0,4,0,0,0,0,0,0,2,1,2,2,54,8,1910,2,10,8,1,8
201706K031481,3,9,0,4,0,0,0,0,0,0,2,1,2,1,39,7,-1,-1,-1,1,1,1
201706K031499,1,10,0,9,0,8,0,0,0,0,1,1,1,1,37,7,-1,-1,-1,3,1,3
201706K031499,2,9,0,18,0,8,0,0,0,0,1,1,6,1,27,6,1997,2,1,4,1,4
201706K031516,1,9,0,18,0,0,0,0,0,0,1,1,2,1,23,5,1498,1,-1,2,1,2
201706K031538,1,8,0,18,0,0,0,0,0,0,1,1,1,1,30,6,1956,2,6,2,1,2