Accident_Index,Vehicle_Reference,Vehicle_Type,Towing_and_Articulation,Vehicle_Manoeuvre,Vehicle_Location-Restricted_Lane,Junction_Location,Skidding_and_Overturning,Hit_Object_in_Carriageway,Vehicle_Leaving_Carriageway,Hit_Object_off_Carriageway,1st_Point_of_Impact,Was_Vehicle_Left_Hand_Drive?,Journey_Purpose_of_Driver,Sex_of_Driver,Age_of_Driver,Age_Band_of_Driver,Engine_Capacity_(CC),Propulsion_Code,Age_of_Vehicle,Driver_IMD_Decile,Driver_Home_Area_Type,Vehicle_IMD_Decile
201706K031541,1,9,0,18,0,8,0,0,0,0,1,1,6,2,45,7,1461,2,3,2,1,2
201706K031549,1,9,0,9,0,8,0,0,0,0,4,1,6,2,78,11,1598,1,14,9,3,9
201706K031549,2,5,0,18,0,8,0,0,0,0,1,1,6,1,20,4,124,1,1,-1,-1,-1
201706K031573,1,19,0,9,0,5,0,0,0,0,4,1,1,1,44,7,2402,2,6,2,1,2
201706K031573,2,3,0,18,0,8,0,0,7,10,1,1,6,1,29,6,125,1,4,7,1,7
201706K031597,1,9,0,18,0,0,0,0,0,0,2,1,6,1,18,4,1596,1,9,8,1,8
201706K031597,2,9,0,18,0,0,0,0,0,0,1,1,6,2,74,10,1329,1,1,8,1,8
201706K031613,1,9,0,9,0,5,0,0,0,0,4,1,6,1,25,5,1598,1,12,1,1,1
201706K031613,2,5,0,18,0,8,0,0,0,0,1,1,6,1,25,5,1250,1,17,2,1,2
201706K031630,1,9,0,18,0,0,0,0,0,4,1,1,6,1,64,9,1349,1,9,2,1,2
201706K031630,2,9,0,2,0,0,0,0,0,0,3,1,6,1,60,9,1796,1,13,2,1,2
201706K031669,1,9,0,5,0,1,0,0,0,0,1,1,1,1,30,6,1242,1,7,1,1,1
201706K031719,1,9,0,9,0,8,0,0,0,0,1,1,6,1,17,4,1368,1,10,1,1,1
201706K031719,2,1,0,18,0,8,0,0,0,0,3,1,2,1,36,7,-1,-1,-1,2,1,2
201706K031728,1,11,0,18,0,8,0,0,0,0,0,1,1,1,52,8,6700,2,5,5,1,5
201706K031745,1,9,0,9,0,2,0,0,0,0,1,1,1,1,43,7,1910,2,11,5,1,5
201706K031771,1,9,0,9,0,8,0,0,0,0,1,-1,5,3,-1,-1,-1,-1,-1,-1,-1,-1
201706K031771,2,9,0,18,0,8,1,0,0,0,4,1,6,1,21,5,1229,1,10,1,1,1
201706K031784,1,9,0,7,0,8,0,10,1,10,1,1,6,1,77,11,1587,1,11,1,1,1
201706K031784,2,9,0,18,0,8,0,0,0,0,4,1,1,1,49,8,1762,1,17,3,1,3
201706K031792,1,9,0,18,0,0,0,0,0,0,4,-1,5,3,-1,-1,-1,-1,-1,-1,-1,-1
201706K031796,1,9,0,1,0,2,0,0,0,0,2,1,6,1,30,6,2494,1,14,-1,-1,-1
201706K031796,2,8,0,8,0,6,0,0,0,0,4,1,2,1,49,8,1896,2,7,2,1,2
201706K031813,1,90,0,9,0,6,0,0,0,0,3,1,1,1,45,7,-1,-1,-1,5,1,5
201706K031813,2,3,0,18,0,8,0,0,0,0,1,1,2,1,28,6,124,1,8,1,1,1
201706K031869,1,9,0,5,0,0,0,0,0,0,1,1,3,1,62,9,1997,2,17,3,1,3
201706K031902,1,9,0,18,0,0,0,0,0,0,1,1,6,1,30,6,-1,-1,-1,-1,-1,-1
201706K031902,2,9,0,2,0,0,0,0,0,0,3,1,6,2,21,5,-1,-1,-1,8,1,8
201706K031944,1,19,0,4,0,8,0,0,1,0,1,1,6,1,30,6,1248,2,10,10,1,10
201706K031944,2,9,0,9,0,8,0,0,7,0,4,1,6,1,60,9,1596,1,6,6,1,6
201706K031959,1,11,0,4,0,0,0,0,0,0,1,1,1,1,36,7,4249,2,2,3,1,3
201706K031972,1,9,0,9,0,2,0,0,0,0,0,1,2,1,28,6,1242,1,13,4,3,4
201706K031984,1,9,0,18,9,0,0,0,0,0,1,1,6,2,73,10,1560,2,3,1,1,1
201706K031984,2,1,0,18,9,0,0,0,0,0,3,1,6,1,15,3,-1,-1,-1,3,1,3
201706K032055,1,9,0,5,0,8,0,0,0,0,1,1,2,2,35,6,1582,2,2,8,1,8
201706K032066,1,1,0,18,9,8,0,0,0,0,1,1,6,1,51,8,-1,-1,-1,3,1,3
201706K032066,2,90,0,7,0,1,0,0,0,0,1,1,1,1,34,6,-1,-1,-1,8,1,8
201706K032074,1,10,0,7,8,6,0,7,0,1,1,1,6,1,30,6,-1,-1,-1,-1,-1,-1
201706K032074,2,9,0,2,0,2,0,0,0,0,4,1,6,1,32,6,-1,-1,-1,2,1,2
201706K032081,1,9,0,18,0,0,0,0,0,0,0,1,6,1,34,6,1995,2,2,-1,-1,-1
201706K032081,2,9,0,18,0,0,0,0,0,0,1,1,6,1,42,7,2179,2,2,8,1,8
201706K032115,1,9,0,18,0,1,0,0,0,0,1,1,6,1,30,6,1242,1,8,-1,-1,-1
201706K032115,2,9,0,3,0,1,0,0,0,0,2,1,1,1,48,8,1496,2,1,2,1,2
201706K032166,1,9,0,13,0,8,1,0,0,0,1,1,6,1,27,6,999,1,2,3,1,3
201706K032166,2,9,0,9,0,8,0,0,0,0,3,1,6,2,54,8,1461,2,4,3,1,3
201706K032166,3,9,0,3,0,8,0,0,0,0,2,1,6,2,47,8,1598,1,10,2,1,2
201706K032172,1,9,0,18,0,8,0,0,7,0,1,1,6,1,18,4,1596,1,9,4,2,4
201706K032172,2,9,0,18,0,8,0,0,1,0,3,1,6,1,41,7,1229,1,9,7,1,7
201706K032214,1,9,0,6,0,0,0,0,0,0,3,-1,5,3,-1,-1,-1,-1,-1,-1,-1,-1
201706K032214,2,2,0,18,0,0,0,0,0,0,1,1,6,1,16,4,49,1,2,8,1,8
201706K032218,1,8,0,9,0,2,0,0,0,0,1,1,6,1,30,6,1400,2,12,-1,-1,-1
201706K032218,2,9,0,2,0,1,0,0,0,0,1,1,1,1,41,7,-1,-1,-1,2,1,2
201706K032219,1,9,0,9,0,8,0,0,0,0,1,1,6,1,36,7,1797,8,7,5,1,5
201706K032219,2,9,0,17,0,8,0,0,0,0,4,1,6,2,19,4,998,1,-1,1,1,1
201706K032233,1,9,0,7,0,3,1,0,0,0,1,1,6,1,30,6,1329,1,6,-1,-1,-1
201706K032233,2,8,0,18,0,4,0,0,0,0,1,1,1,1,47,8,1995,2,2,3,1,3
201706K032274,1,9,0,9,0,8,0,0,0,0,4,1,6,1,47,8,2099,1,14,1,1,1
201706K032274,2,1,0,17,0,8,1,0,0,0,1,1,6,1,31,6,-1,-1,-1,7,1,7
201706K032340,1,20,0,9,0,8,0,0,0,0,1,1,1,1,26,6,-1,-1,-1,-1,-1,-1
201706K032340,2,19,0,18,0,8,0,0,0,0,1,1,6,1,57,9,-1,-1,-1,6,1,6
201706K032345,1,9,0,9,0,8,0,0,0,0,4,1,6,1,30,6,-1,-1,-1,-1,-1,-1
201706K032345,2,1,0,18,0,8,0,0,0,0,1,1,2,2,43,7,-1,-1,-1,9,1,9
201706K032400,1,9,0,18,0,0,0,2,0,0,1,1,6,1,25,5,1997,2,-1,2,1,2
201706K032415,1,9,0,6,0,0,0,0,0,0,3,1,6,2,29,6,2204,2,8,1,1,1
201706K032415,2,9,0,13,0,0,0,0,0,0,1,1,6,2,54,8,3200,2,3,10,1,10
201706K032440,1,11,0,4,0,1,0,0,0,0,1,1,3,1,31,6,12580,2,15,2,1,2
201706K032440,2,9,0,4,0,1,0,0,0,0,2,1,6,1,62,9,1998,2,7,10,1,10
201706K032443,1,9,0,14,5,7,1,0,0,0,1,1,6,1,30,6,-1,-1,-1,1,1,1
201706K032443,2,9,0,2,5,7,0,0,0,0,2,1,6,1,30,6,1968,2,2,-1,-1,-1
201706K032568,1,9,0,18,0,0,0,0,0,0,4,1,6,1,28,6,1997,2,13,1,1,1
201706K032615,1,9,0,18,0,1,0,0,0,0,1,-1,5,3,-1,-1,-1,-1,-1,-1,-1,-1
201706K032615,2,9,0,18,0,1,0,4,0,0,3,1,6,1,72,10,1560,2,5,4,1,4
201706K032615,3,8,0,2,0,1,0,0,0,0,4,-1,5,3,-1,-1,-1,-1,-1,-1,-1,-1
201706K032666,1,9,0,5,0,8,0,0,0,0,1,1,6,2,21,5,1242,1,2,1,1,1
201706K032666,2,9,0,18,0,8,0,0,0,0,4,1,6,1,60,9,1587,1,13,1,1,1
201706K032680,1,9,0,9,0,8,0,0,0,0,1,1,2,2,24,5,1364,2,9,1,1,1
201706K032680,2,9,0,18,0,8,0,0,0,0,1,1,6,2,50,8,998,1,1,4,1,4
201706K032682,1,19,0,9,0,5,0,0,0,0,4,1,1,1,57,9,1461,2,1,9,1,9
201706K032682,2,9,0,18,0,8,0,0,0,0,1,1,2,1,38,7,-1,-1,-1,10,1,10
201706K032682,3,19,0,18,0,1,0,0,0,0,1,1,1,1,45,7,2148,2,7,8,3,8
201706K032726,1,3,0,18,0,0,5,4,0,0,1,1,6,1,30,6,-1,-1,-1,-1,-1,-1
201706K032726,2,9,0,2,0,0,0,0,0,0,1,1,6,2,79,11,1398,2,2,1,1,1
201706K032869,1,9,0,18,0,8,0,0,0,0,3,-1,5,3,-1,-1,-1,-1,-1,-1,-1,-1
201706K032869,2,3,0,18,0,8,0,0,0,0,4,1,6,1,53,8,176,1,18,6,1,6
201706K032877,1,9,0,15,0,1,0,0,1,0,1,1,6,1,30,6,1595,1,16,-1,-1,-1
201706K032877,2,9,0,3,0,1,0,0,0,0,2,1,1,1,50,8,1999,2,2,2,1,2
201706K032885,1,9,0,16,0,1,0,0,0,0,1,1,6,1,63,9,1200,1,3,9,3,9
201706K032885,2,9,0,17,0,2,0,0,0,0,1,1,2,1,70,10,-1,-1,-1,10,1,10
201706K032888,1,9,0,18,9,2,1,4,1,10,1,1,6,1,20,4,1997,2,15,-1,-1,-1
201706K032888,2,9,0,18,0,1,0,0,0,0,0,1,1,1,50,8,2993,2,1,-1,-1,-1
201706K032888,3,9,0,2,0,1,0,0,0,0,1,1,6,1,30,6,1596,1,10,-1,-1,-1
201706K032888,4,9,0,2,0,1,0,0,0,0,1,1,6,2,30,6,998,1,18,-1,-1,-1
201706K032888,5,9,0,2,0,1,0,0,0,0,1,1,6,1,30,6,1339,1,12,5,1,5
201706K032923,1,9,0,9,0,8,0,0,0,0,3,1,6,2,81,11,998,1,8,9,1,9
201706K032923,2,90,0,18,0,8,0,0,0,0,4,1,1,1,20,4,-1,-1,-1,5,1,5
201706K032961,1,19,0,18,0,4,0,0,0,0,1,1,6,1,30,6,-1,-1,-1,-1,-1,-1
201706K032961,2,9,0,3,0,4,0,0,0,0,2,1,6,2,35,6,1248,1,5,8,1,8
201706K032968,1,9,0,18,0,0,0,0,0,0,1,1,6,1,56,9,1398,1,16,2,1,2
201706K032968,2,9,0,18,0,0,0,0,0,0,1,1,6,1,36,7,-1,-1,-1,7,1,7
201706K032969,1,9,0,14,0,0,5,0,1,0,1,1,3,1,21,5,998,1,-1,1,1,1
201706K032969,2,9,0,14,0,0,0,0,0,0,1,1,3,2,32,6,1598,1,9,2,1,2
201706K033051,1,9,0,4,0,8,0,0,0,0,1,1,6,2,42,7,1998,1,15,3,1,3
201706K033051,2,8,0,18,0,8,0,0,0,0,4,1,1,1,51,8,1497,8,10,1,1,1
201706K033065,1,5,0,16,0,0,2,0,0,0,1,1,6,1,30,6,599,1,27,2,1,2
201706K033065,2,9,0,2,0,0,0,0,0,0,3,1,6,1,30,6,1995,1,11,3,1,3
201706K033065,3,9,0,2,0,0,0,0,0,0,1,1,6,2,30,6,1149,1,9,3,1,3
201706K033070,1,9,0,9,0,4,0,0,0,0,3,1,6,1,81,11,1796,1,16,6,1,6
201706K033070,2,2,0,18,0,3,0,0,0,0,1,1,2,1,43,7,125,1,54,10,1,10
201706K033087,1,9,0,18,0,8,0,0,0,10,1,1,6,1,30,6,1998,1,10,-1,-1,-1
201706K033087,2,9,0,18,0,8,5,0,0,0,3,1,1,2,59,9,1061,1,11,2,1,2
201706K033146,1,9,0,18,0,8,0,0,0,0,1,1,6,2,31,6,1968,2,8,1,1,1
201706K033146,2,9,0,18,0,8,0,0,0,0,1,1,6,1,32,6,1995,2,8,1,1,1
201706K033287,1,3,0,18,0,2,0,10,1,7,4,1,6,1,34,6,125,1,4,1,1,1
201706K033345,1,9,0,9,0,5,0,7,1,1,1,1,6,1,55,8,1398,1,16,2,1,2
201706K033345,2,8,0,18,0,8,0,0,0,0,1,1,1,1,57,9,2402,2,11,5,1,5
201706K033369,1,9,0,3,0,0,0,0,0,0,1,1,6,2,30,6,1995,2,14,-1,-1,-1
201706K033369,2,9,0,3,0,0,0,0,0,0,2,1,6,1,65,9,1396,1,14,7,1,7
201706K033371,1,9,0,4,0,0,0,0,0,0,2,1,6,2,62,9,1499,2,1,10,1,10
201706K033371,2,1,0,18,4,0,0,4,0,0,1,1,6,1,32,6,-1,-1,-1,1,1,1
201706K033380,1,9,0,18,0,8,0,0,0,0,4,1,6,1,36,7,1910,2,10,1,1,1
201706K033380,2,90,0,10,0,8,0,0,0,0,4,1,6,1,52,8,-1,-1,-1,1,1,1
201706K033459,1,9,0,18,0,2,0,0,0,0,4,1,6,2,20,4,-1,-1,-1,9,1,9
201706K033486,1,9,0,9,0,8,0,0,7,0,3,1,1,1,32,6,1968,2,9,2,1,2
201706K033486,2,9,0,18,0,8,0,0,0,0,1,1,6,1,21,5,-1,-1,-1,7,1,7
201706K033497,1,9,0,6,0,1,0,0,0,0,3,1,6,1,59,9,1797,8,8,1,1,1
201706K033497,2,9,0,18,0,1,0,0,0,0,1,1,6,1,36,7,-1,-1,-1,3,1,3
201706K033526,1,9,0,9,0,8,0,0,0,0,1,1,6,1,30,6,-1,-1,-1,-1,-1,-1
201706K033526,2,9,0,18,0,8,0,0,7,0,1,1,6,1,31,6,1598,1,10,2,1,2
201706K033588,1,9,0,18,0,0,0,0,0,0,1,1,6,1,19,4,1108,1,7,2,1,2
201706K033700,1,9,0,5,0,0,0,0,0,0,1,-1,5,3,-1,-1,-1,-1,-1,-1,-1,-1
201706K033700,2,9,0,5,0,0,0,0,0,0,2,1,6,2,30,6,998,1,2,8,3,8
201706K033703,1,9,0,7,0,2,0,0,0,0,1,-1,5,3,-1,-1,-1,-1,-1,-1,-1,-1
201706K033714,1,9,0,18,0,1,0,0,0,0,1,1,6,1,77,11,1598,1,14,4,1,4
201706K033714,2,9,0,4,0,1,0,0,0,0,2,1,6,1,27,6,1149,1,13,2,1,2
201706K033716,1,9,0,16,0,0,0,0,7,7,1,1,6,2,34,6,2993,2,10,1,1,1
201706K033716,2,9,0,17,0,0,0,0,0,0,1,1,6,1,42,7,796,1,10,7,1,7
201706K033753,1,9,0,18,0,1,2,10,7,10,1,1,6,1,19,4,-1,-1,-1,3,1,3
201706K033757,1,9,0,9,0,8,0,0,0,0,1,1,6,1,81,11,1598,1,3,3,1,3
201706K033757,2,5,0,18,0,8,0,0,0,0,1,1,6,1,23,5,899,1,18,2,1,2
201706K033773,1,9,0,13,0,8,0,0,0,0,3,1,6,1,39,7,1598,2,3,3,1,3
201706K033773,2,9,0,18,0,1,0,0,0,0,3,1,6,2,36,7,-1,-1,-1,7,1,7
201706K033773,3,9,0,9,0,8,0,0,0,0,3,1,6,1,52,8,1560,2,3,8,1,8
201706K033774,1,9,0,9,0,8,0,0,0,0,4,1,6,2,30,6,-1,-1,-1,1,1,1
201706K033774,2,9,0,18,0,8,0,0,0,0,1,1,6,1,29,6,1591,1,10,5,1,5
201706K033793,1,9,0,18,0,0,0,0,7,0,1,1,6,1,31,6,1596,1,13,1,1,1
201706K033793,2,9,0,4,0,0,0,0,0,0,2,1,2,1,22,5,1197,1,1,10,1,10
201706K033812,1,9,0,18,0,0,5,4,0,0,1,1,6,2,86,11,-1,-1,-1,8,1,8
201706K033812,2,9,0,2,0,0,0,0,0,0,2,1,6,2,22,5,1197,1,1,9,1,9
201706K033816,1,9,0,9,0,8,0,0,0,0,4,1,6,1,33,6,1364,1,7,2,1,2
201706K033816,2,3,0,18,0,8,0,0,0,0,1,1,6,1,24,5,124,1,5,3,1,3
201706K033818,1,9,0,9,0,8,0,0,0,0,4,1,6,1,25,5,998,1,2,3,1,3
201706K033818,2,9,0,18,0,8,0,0,0,0,1,1,2,1,52,8,1199,1,14,10,1,10
201706K033834,1,9,0,9,0,6,0,0,0,0,1,1,6,2,26,6,2000,2,7,4,1,4
201706K033834,2,3,0,18,0,8,0,0,0,0,4,1,6,1,22,5,125,1,3,8,1,8
201706K033849,1,9,0,10,0,1,0,0,0,0,1,-1,5,3,-1,-1,-1,-1,-1,-1,-1,-1
201706K033849,2,9,0,10,0,1,0,0,0,0,2,1,3,2,35,6,1995,2,4,6,1,6
201706K033927,1,9,0,18,0,0,0,0,0,0,1,1,6,2,50,8,995,1,7,2,1,2
201706K033927,2,9,0,4,0,0,0,0,0,0,2,1,6,2,76,11,1997,2,-1,1,1,1
201706K033927,3,9,0,18,0,0,0,0,0,0,2,1,6,3,30,6,-1,-1,-1,-1,-1,-1
201706K033933,1,9,0,18,0,0,1,0,0,0,1,1,6,1,46,8,1598,1,8,7,1,7
201706K033941,1,8,0,9,0,8,0,0,0,0,3,1,1,1,49,8,1497,8,11,1,1,1
201706K033941,2,3,0,18,0,8,0,0,0,0,1,1,6,1,23,5,-1,-1,-1,1,1,1
201706K033948,1,9,0,18,0,1,0,0,0,0,1,1,6,1,25,5,2987,2,10,10,1,10
201706K033972,1,9,0,18,0,1,0,0,0,0,1,1,6,1,30,6,1364,2,12,4,1,4
201706K033972,2,9,0,10,0,1,0,0,0,0,2,1,6,1,52,8,1968,2,-1,7,1,7
201706K033978,1,9,0,2,0,2,0,0,0,0,3,1,6,1,30,6,1598,1,9,-1,-1,-1
201706K033978,2,1,0,14,0,2,5,0,0,0,4,1,6,1,69,10,-1,-1,-1,7,1,7
201706K033986,1,3,0,18,0,8,0,0,0,0,1,1,6,1,62,9,-1,-1,-1,2,1,2
201706K033986,2,9,0,9,0,8,0,0,0,0,1,1,6,2,63,9,1598,1,3,2,1,2
201706K034054,1,9,0,18,0,0,0,0,0,0,1,1,6,2,58,9,1598,1,15,6,1,6
201706K034054,2,9,0,18,0,0,0,0,0,0,1,1,6,1,65,9,1997,1,14,5,1,5
201706K034069,1,9,0,18,0,1,0,0,0,0,1,-1,5,3,-1,-1,-1,-1,-1,-1,-1,-1
201706K034069,2,9,0,3,0,1,0,0,0,0,2,1,6,2,45,7,1598,1,11,6,1,6
201706K034071,1,11,0,16,0,8,0,0,0,0,1,1,1,1,30,6,-1,-1,-1,-1,-1,-1
201706K034071,2,9,0,17,0,8,0,0,0,0,1,1,6,1,50,8,-1,-1,-1,2,1,2
201706K034083,1,5,0,18,0,8,0,4,0,0,1,1,6,1,28,6,599,1,10,2,1,2
201706K034083,2,9,0,9,0,5,0,0,0,0,4,1,6,2,74,10,1598,1,11,6,1,6
201706K034083,3,9,0,2,0,1,0,0,0,0,3,1,6,2,30,6,1997,2,1,6,1,6
201706K034083,4,9,0,2,0,1,0,0,0,0,4,1,6,1,30,6,1199,1,14,1,1,1
201706K034085,1,9,0,5,0,8,0,0,0,0,1,-1,5,3,-1,-1,-1,-1,-1,-1,-1,-1
201706K034113,1,9,0,18,0,8,0,0,0,0,1,1,6,1,25,5,1986,2,11,7,1,7
201706K034113,2,9,0,18,0,8,0,0,0,0,2,1,6,1,76,11,1461,2,-1,8,1,8
201706K034156,1,9,0,18,0,0,0,0,0,0,1,-1,5,3,-1,-1,-1,-1,-1,-1,-1,-1
201706K034177,1,9,0,9,0,6,0,0,0,0,1,1,6,2,36,7,1598,1,6,4,1,4
201706K034177,2,4,0,18,0,8,0,0,0,0,2,1,6,1,26,6,125,1,2,6,1,6
201706K034229,1,1,0,18,0,8,0,0,0,0,4,1,6,1,10,2,-1,-1,-1,5,1,5
201706K034229,2,9,0,18,0,8,0,0,0,0,1,1,6,1,72,10,1753,2,11,1,1,1
201706K034250,1,9,0,4,0,1,0,0,0,0,1,1,6,1,30,6,1248,2,9,-1,-1,-1
201706K034250,2,9,0,10,0,1,0,0,0,0,2,1,6,1,44,7,1497,8,-1,2,1,2
201706K034253,1,9,0,17,0,1,0,0,1,1,1,1,6,1,35,6,-1,-1,-1,1,1,1
201706K034268,1,10,0,2,6,1,0,0,0,0,3,1,6,1,30,6,-1,-1,-1,-1,-1,-1
201706K034268,2,1,0,18,2,1,0,8,0,0,1,1,2,1,36,7,-1,-1,-1,1,1,1
201706K034282,1,9,0,1,0,1,0,0,0,0,2,1,6,1,30,6,1364,2,10,-1,-1,-1
201706K034308,1,8,0,4,0,0,0,0,0,0,2,1,1,1,30,6,1968,2,4,-1,-1,-1
201706K034308,2,9,0,3,0,0,0,0,0,0,1,1,6,2,33,6,1591,1,2,9,3,9
201706K034319,1,9,0,1,0,8,0,0,0,0,2,1,6,2,42,7,1997,2,9,-1,-1,-1
201706K034329,1,21,0,9,0,5,0,0,0,0,1,1,1,1,34,6,9365,2,10,8,1,8
201706K034358,1,9,0,18,0,8,0,0,0,0,1,1,6,2,49,8,1390,1,12,3,1,3
201706K034358,2,9,0,18,0,8,0,0,0,0,4,1,6,2,48,8,1299,1,15,2,1,2
201706K034368,1,9,0,18,0,6,0,0,0,0,3,1,6,1,18,4,1229,1,5,8,3,8
201706K034368,2,5,0,18,0,8,0,0,4,0,4,1,2,1,26,6,599,1,18,1,1,1
201706K034433,1,9,0,18,0,0,0,0,0,0,1,1,6,1,34,6,1598,1,7,1,1,1
201706K034433,2,9,0,18,0,0,0,0,0,0,1,1,6,1,65,9,4461,2,3,7,1,7
201706K034451,1,11,0,18,0,8,0,0,0,0,0,1,6,1,30,6,-1,-1,-1,-1,-1,-1
201706K034451,2,9,0,6,0,6,0,0,0,0,4,-1,5,3,-1,-1,-1,-1,-1,-1,-1,-1
201706K034485,1,9,0,9,0,8,0,0,0,0,4,1,1,2,28,6,1560,2,2,-1,-1,-1
201706K034485,2,1,0,18,0,8,0,0,0,0,3,1,6,1,43,7,-1,-1,-1,8,2,8
201706K034500,1,9,0,6,0,0,0,0,0,0,3,1,1,2,40,7,-1,-1,-1,-1,-1,-1
201706K034500,2,4,0,18,0,0,0,0,0,0,1,1,6,1,25,5,296,1,-1,-1,-1,-1
201706K034503,1,9,0,1,0,1,0,0,0,0,2,1,6,2,35,6,1390,1,19,1,1,1
201706K034514,1,9,0,18,0,2,0,0,0,0,1,1,6,2,45,7,1997,2,1,1,1,1
201706K034514,2,9,0,7,0,2,0,0,0,0,2,1,6,2,54,8,1598,1,15,8,1,8
201706K034536,1,9,0,18,0,8,0,0,0,0,1,1,6,2,36,7,998,1,1,1,1,1
201706K034536,2,9,0,18,0,8,0,0,0,0,3,1,6,2,52,8,1329,1,8,2,1,2
201706K034634,1,9,0,18,0,4,0,0,0,0,1,1,6,1,30,6,-1,-1,-1,3,1,3
201706K034634,2,9,0,18,0,4,0,0,0,0,4,1,6,1,41,7,1598,1,10,4,1,4
201706K034643,1,9,0,18,0,4,0,0,0,0,1,1,6,1,20,4,1598,1,7,7,1,7
201706K034643,2,9,0,18,0,8,0,0,0,0,4,1,6,2,27,6,1596,1,7,2,1,2
201706K034649,1,9,0,9,0,5,0,0,0,0,4,1,6,1,36,7,2993,2,1,1,1,1
201706K034649,2,1,0,18,0,8,0,0,0,0,1,1,6,1,35,6,-1,-1,-1,2,1,2
201706K034651,1,9,0,18,0,8,0,0,0,0,4,1,6,2,30,6,-1,-1,-1,-1,-1,-1
201706K034681,1,9,0,9,0,5,0,0,0,0,3,-1,5,3,-1,-1,-1,-1,-1,-1,-1,-1
201706K034681,2,9,0,18,0,8,0,0,0,0,4,1,6,2,66,10,1968,2,5,4,1,4
201706K034687,1,19,0,9,0,8,0,0,0,0,1,1,6,1,33,6,-1,-1,-1,3,1,3
201706K034687,2,9,0,18,0,8,0,0,0,0,3,1,6,2,32,6,1248,1,5,2,1,2
201706K034708,1,9,0,18,6,1,0,0,0,0,1,1,6,1,36,7,1984,1,3,8,1,8
201706K034708,2,9,0,7,6,2,0,0,0,0,1,1,1,1,41,7,1995,2,4,1,1,1
201706K034708,3,9,0,7,6,2,0,0,0,0,1,1,1,1,36,7,1984,1,5,1,1,1
201706K034709,1,9,0,18,0,6,0,0,0,0,1,1,2,1,53,8,-1,-1,-1,3,1,3
201706K034709,2,20,0,18,0,6,0,0,0,0,2,1,2,2,52,8,-1,-1,-1,1,1,1
201706K034721,1,9,0,10,0,8,0,0,0,0,1,1,1,1,30,6,1762,1,17,2,1,2
201706K034721,2,9,0,18,0,8,0,0,1,10,4,1,1,2,57,9,1398,1,12,2,1,2
201706K034723,1,19,0,18,0,1,0,0,0,0,4,1,1,1,53,8,2299,2,3,-1,1,-1
201706K034742,1,9,0,5,0,4,0,0,0,0,1,1,6,1,64,9,1685,2,6,2,1,2
201706K034742,2,1,0,18,0,8,0,0,0,0,4,1,6,1,58,9,-1,-1,-1,4,1,4
201706K034759,1,9,0,18,0,0,0,0,0,0,1,1,6,1,30,6,-1,-1,-1,-1,-1,-1
201706K034759,2,9,0,18,0,0,0,0,0,0,2,1,1,1,33,6,1794,1,13,3,1,3
201706K034785,1,9,0,9,0,6,0,0,0,0,3,1,6,1,30,6,998,1,17,-1,-1,-1
201706K034785,2,1,0,18,0,8,0,0,0,0,1,1,6,1,41,7,-1,-1,-1,3,1,3
201706K034789,1,8,0,18,0,8,0,0,0,0,2,1,6,1,30,6,1497,8,9,-1,-1,-1
201706K034789,2,1,0,18,0,8,0,0,0,0,1,1,6,1,40,7,-1,-1,-1,8,1,8
201706K034812,1,9,0,7,0,5,0,0,0,0,4,1,6,1,30,6,-1,-1,-1,-1,-1,-1
201706K034812,2,9,0,7,0,5,0,0,0,0,3,1,1,1,54,8,1968,2,2,10,1,10
201706K034817,1,9,0,9,0,6,0,0,0,0,1,1,6,1,30,6,1598,1,7,-1,-1,-1
201706K034817,2,9,0,18,0,8,1,0,0,0,3,1,6,2,19,4,1229,1,4,5,1,5
201706K034860,1,9,0,18,0,1,0,0,0,0,1,1,6,1,30,6,1397,1,13,-1,-1,-1
201706K034860,2,9,0,4,0,1,0,0,0,0,2,1,6,2,59,9,1598,1,4,8,1,8
201706K034885,1,9,0,18,0,1,0,0,0,0,1,1,6,1,23,5,1229,1,7,7,1,7
201706K034885,2,9,0,4,0,1,0,0,0,0,2,1,6,1,54,8,1798,8,1,3,1,3
201706K034885,3,9,0,10,0,1,0,0,0,0,2,1,6,1,53,8,2204,2,8,10,1,10
201706K034944,1,9,0,9,0,2,0,0,0,0,1,1,6,1,30,6,1560,2,4,-1,-1,-1
201706K035002,1,19,0,18,0,0,1,0,0,0,4,-1,5,3,-1,-1,-1,-1,-1,-1,-1,-1
201706K035002,2,9,0,3,0,0,0,0,0,0,3,1,6,1,69,10,-1,-1,-1,-1,-1,-1
201706K035019,1,9,0,7,0,1,0,0,0,0,1,1,6,1,30,6,1388,1,11,-1,-1,-1
201706K035019,2,9,0,3,0,1,0,0,0,0,2,1,2,1,58,9,-1,-1,-1,2,1,2
201706K035066,1,9,0,9,0,6,0,0,0,0,4,1,6,2,34,6,1900,2,11,1,1,1
201706K035066,2,9,0,18,0,8,0,0,0,0,1,1,6,2,20,4,2698,2,9,7,1,7
201706K035066,3,10,0,3,0,1,0,0,0,0,3,1,1,1,43,7,2148,2,10,9,1,9
201706K035066,4,9,0,3,0,1,0,0,0,0,3,1,6,2,33,6,1753,2,11,8,1,8
201706K035069,1,1,0,12,0,1,0,0,0,0,4,1,6,1,40,7,-1,-1,-1,-1,-1,-1
201706K035069,2,9,0,18,0,1,0,0,0,0,1,1,6,2,52,8,1794,1,13,2,1,2
201706K035167,1,9,0,9,0,5,0,0,0,0,1,1,6,2,39,7,1590,1,13,6,1,6