Accident_Index,Vehicle_Reference,Vehicle_Type,Towing_and_Articulation,Vehicle_Manoeuvre,Vehicle_Location-Restricted_Lane,Junction_Location,Skidding_and_Overturning,Hit_Object_in_Carriageway,Vehicle_Leaving_Carriageway,Hit_Object_off_Carriageway,1st_Point_of_Impact,Was_Vehicle_Left_Hand_Drive?,Journey_Purpose_of_Driver,Sex_of_Driver,Age_of_Driver,Age_Band_of_Driver,Engine_Capacity_(CC),Propulsion_Code,Age_of_Vehicle,Driver_IMD_Decile,Driver_Home_Area_Type,Vehicle_IMD_Decile
201706K035167,2,9,0,18,0,8,0,0,0,0,1,1,6,2,46,8,1199,1,13,1,1,1
201706K035177,1,9,0,18,0,8,0,0,0,0,1,1,6,1,78,11,1582,2,4,10,1,10
201706K035177,2,3,0,18,0,8,0,0,0,0,3,1,6,1,67,10,-1,-1,-1,1,1,1
201706K035197,1,9,0,18,0,0,0,0,0,0,1,1,6,1,17,4,1364,1,11,1,1,1
201706K035201,1,9,0,12,0,0,0,0,1,4,3,1,6,1,23,5,1229,1,7,9,1,9
201706K035201,2,9,0,18,0,0,0,0,1,2,4,1,6,1,26,6,1968,2,8,6,1,6
201706K035203,1,9,0,18,0,4,0,0,0,0,1,1,6,1,30,6,1590,1,13,-1,-1,-1
201706K035203,2,9,0,18,0,4,0,0,0,0,1,1,1,1,30,6,2993,2,1,-1,-1,-1
201706K035203,3,19,0,18,0,3,0,0,0,0,1,1,6,1,30,6,2198,2,3,-1,-1,-1
201706K035203,4,9,0,18,0,3,0,0,0,0,1,1,6,1,48,8,1560,2,3,5,1,5
201706K035203,5,9,0,18,0,3,0,0,0,0,1,1,6,1,30,6,1360,1,12,2,1,2
201706K035206,1,9,0,18,0,1,0,0,0,0,1,1,6,1,33,6,1896,2,11,3,1,3
201706K035206,2,9,0,8,0,1,0,0,0,0,2,1,6,1,27,6,999,1,2,1,1,1
201706K035207,1,9,0,18,0,8,0,0,0,0,1,1,6,1,30,6,1951,2,13,-1,-1,-1
201706K035207,2,9,0,18,0,8,0,0,0,0,4,1,6,1,26,6,2143,2,2,2,1,2
201706K035262,1,9,0,8,0,1,0,0,0,0,1,1,6,1,30,6,1242,1,10,-1,-1,-1
201706K035262,2,9,0,8,0,1,0,0,0,0,2,1,6,1,67,10,1984,1,1,10,1,10
201706K035275,1,9,0,3,0,4,0,0,0,0,2,1,6,2,44,7,1328,1,10,4,1,4
201706K035275,2,9,0,18,0,4,0,0,0,0,1,1,6,1,30,6,1984,1,9,-1,-1,-1
201706K035284,1,9,0,10,0,5,0,0,0,0,2,1,6,1,29,6,1995,2,5,1,1,1
201706K035284,2,9,0,18,0,1,0,0,0,0,1,1,6,2,31,6,1299,1,12,1,1,1
201706K035288,1,9,0,5,0,1,0,0,0,0,1,1,2,1,52,8,1390,1,15,9,1,9
201706K035288,2,9,0,4,0,1,0,0,0,0,2,1,6,1,61,9,-1,-1,-1,6,1,6
201706K035302,1,90,0,9,0,6,0,0,0,0,3,1,6,1,30,6,-1,-1,-1,-1,-1,-1
201706K035302,2,9,0,18,0,8,0,0,0,0,1,1,6,2,35,6,1364,1,13,1,1,1
201706K035367,1,9,0,18,0,1,0,0,0,0,1,-1,5,3,-1,-1,-1,-1,-1,-1,-1,-1
201706K035367,2,1,0,18,0,1,0,0,0,0,3,1,6,1,15,3,-1,-1,-1,3,1,3
201706K035385,1,9,0,5,0,1,0,0,0,0,1,1,6,2,30,6,1299,1,13,-1,-1,-1
201706K035385,2,9,0,3,0,1,0,0,0,0,2,1,6,1,30,6,1598,2,2,10,1,10
201706K035386,1,9,0,9,0,6,0,0,0,0,1,1,6,1,50,8,1995,2,13,4,1,4
201706K035393,1,9,0,18,0,8,0,0,0,10,4,1,6,2,20,4,1248,2,6,10,1,10
201706K035393,2,9,0,18,0,8,0,0,0,7,1,1,1,2,44,7,1461,2,2,2,1,2
201706K035398,1,9,0,9,0,4,0,0,0,0,3,1,6,2,68,10,996,1,8,2,1,2
201706K035398,2,11,0,18,0,4,0,0,0,0,4,1,1,1,60,9,8268,2,15,1,1,1
201706K035413,1,9,0,18,0,1,0,0,0,0,1,1,6,1,30,6,1910,2,11,-1,-1,-1
201706K035413,2,9,0,10,0,1,0,0,0,0,2,1,2,2,37,7,1124,1,13,8,1,8
201706K035423,1,9,0,5,8,0,0,0,0,0,1,1,6,1,30,6,1200,1,-1,-1,-1,-1
201706K035423,2,9,0,18,0,0,0,0,0,0,1,1,6,2,58,9,1229,1,3,4,1,4
201706K035467,1,9,0,5,0,0,0,0,0,0,1,1,3,1,32,6,1598,2,3,3,1,3
201706K035467,2,9,0,3,0,0,0,0,0,0,2,1,3,1,22,5,1200,1,1,4,1,4
201706K035513,1,9,0,18,0,0,0,0,0,0,1,1,6,1,30,6,1388,1,12,-1,-1,-1
201706K035513,2,9,0,4,0,0,0,0,0,0,2,1,6,2,45,7,1798,1,-1,3,1,3
201706K035514,1,9,0,9,0,5,0,0,0,0,1,1,6,1,21,5,1360,1,11,-1,-1,-1
201706K035514,2,8,0,18,0,8,0,0,0,0,1,1,1,1,53,8,2231,2,10,4,1,4
201706K035529,1,9,0,18,0,8,0,0,0,0,1,1,6,1,30,6,1998,1,4,-1,-1,-1
201706K035529,2,9,0,18,0,8,0,0,0,0,4,1,1,1,56,9,1896,2,11,2,1,2
201706K035534,1,9,0,18,0,2,1,10,7,2,1,1,6,1,30,6,-1,-1,-1,-1,-1,-1
201706K035534,2,9,0,18,0,1,0,0,0,0,1,1,1,1,39,7,1896,2,11,3,1,3
201706K035548,1,9,0,13,0,0,0,0,0,0,4,1,1,2,42,7,1598,1,9,1,1,1
201706K035548,2,1,0,16,0,0,0,0,0,0,2,1,6,1,61,9,-1,-1,-1,2,1,2
201706K035583,1,9,0,18,0,8,0,0,0,0,4,1,6,2,43,7,1386,1,8,3,1,3
201706K035583,2,8,0,18,0,8,0,0,0,0,3,1,6,1,70,10,1997,2,8,8,1,8
201706K035597,1,9,0,18,0,0,0,0,0,0,3,1,6,2,43,7,898,1,2,1,1,1
201706K035621,1,8,0,4,0,2,0,0,0,0,4,1,1,1,43,7,1995,2,12,1,1,1
201706K035621,2,1,0,18,0,2,0,0,0,0,2,1,6,1,16,4,-1,-1,-1,2,1,2
201706K035708,1,9,0,18,0,0,0,0,0,0,1,1,6,1,30,6,1781,1,21,3,1,3
201706K035722,1,8,0,18,0,1,0,0,0,0,3,1,1,1,54,8,2231,2,9,5,1,5
201706K035722,2,9,0,9,0,1,0,0,0,0,3,1,1,1,33,6,1995,2,5,6,1,6
201706K035722,3,8,0,18,0,2,0,0,0,0,1,1,1,1,25,5,1968,2,5,7,1,7
201706K035750,1,9,0,18,0,0,1,10,1,7,4,1,6,1,29,6,2171,1,15,2,1,2
201706K035760,1,9,0,15,0,1,0,0,0,0,4,1,6,1,17,4,1197,1,3,-1,-1,-1
201706K035760,2,9,0,9,0,6,0,0,0,0,1,1,6,1,19,4,-1,-1,-1,3,1,3
201706K035763,1,9,0,9,0,6,0,0,0,0,3,1,6,1,20,4,1587,1,10,5,1,5
201706K035763,2,9,0,18,0,8,0,0,0,0,1,1,6,2,34,6,1796,1,10,1,1,1
201706K035839,1,9,0,7,0,6,0,0,0,0,3,1,2,2,52,8,1229,1,5,2,1,2
201706K035839,2,8,0,18,0,8,0,0,0,0,1,1,3,1,36,7,2143,2,3,2,1,2
201706K035900,1,9,0,7,0,6,0,0,0,0,1,1,6,1,17,4,1299,1,14,1,1,1
201706K035900,2,9,0,4,0,2,0,0,0,0,4,1,1,1,30,6,1200,1,-1,-1,-1,-1
201706K035908,1,8,0,6,0,0,0,0,0,0,4,1,1,1,30,6,1995,2,9,-1,-1,-1
201706K035908,2,1,0,18,0,0,0,0,0,0,3,1,6,1,59,9,-1,-1,-1,2,1,2
201706K035932,1,9,0,18,0,0,0,0,0,0,4,-1,5,3,-1,-1,-1,-1,-1,-1,-1,-1
201706K035956,1,8,0,18,0,1,0,0,0,0,1,1,1,1,49,8,1497,8,11,2,1,2
201706K035965,1,8,0,9,0,6,0,0,0,0,4,1,1,1,55,8,1497,8,9,6,1,6
201706K035965,2,9,0,18,0,8,0,0,0,0,3,1,6,1,33,6,-1,-1,-1,2,1,2
201706K035965,3,8,0,18,0,2,0,0,0,0,3,1,1,1,50,8,1422,2,9,1,1,1
201706K035972,1,9,0,18,0,8,0,0,0,0,1,1,6,1,22,5,1997,2,13,5,1,5
201706K035972,2,9,0,18,0,6,0,0,7,10,4,1,6,2,50,8,2148,2,11,7,1,7
201706K036036,1,20,4,18,0,0,0,0,0,0,1,1,1,1,61,9,-1,-1,-1,4,1,4
201706K036036,2,9,0,18,2,0,0,0,1,10,2,1,1,2,25,5,-1,-1,-1,-1,-1,-1
201706K036057,1,9,0,9,0,6,0,0,0,0,4,1,6,1,69,10,1248,2,10,9,1,9
201706K036057,2,3,0,18,0,8,1,10,1,10,3,1,6,1,23,5,847,1,-1,2,1,2
201706K036064,1,10,0,9,0,6,0,0,0,0,4,1,1,1,40,7,2402,2,13,2,1,2
201706K036064,2,9,0,18,0,1,0,0,0,0,1,1,6,2,31,6,1396,1,16,2,1,2
201706K036073,1,9,0,18,0,1,0,0,0,0,1,1,6,2,63,9,1598,1,15,3,1,3
201706K036073,2,9,0,4,0,1,0,0,0,0,2,1,6,1,19,4,999,1,2,3,1,3
201706K036073,3,9,0,8,0,5,0,0,0,0,2,1,6,2,35,6,-1,-1,-1,-1,-1,-1
201706K036128,1,9,0,18,0,8,0,0,0,0,1,1,6,1,40,7,1598,1,14,-1,-1,-1
201706K036175,1,9,0,18,0,8,0,0,0,0,1,1,6,1,30,6,-1,-1,-1,-1,-1,-1
201706K036206,1,9,0,9,0,3,0,0,0,0,1,1,6,1,30,6,1499,1,-1,-1,-1,-1
201706K036302,1,19,0,14,0,6,0,0,0,0,1,1,1,1,42,7,2143,2,3,1,1,1
201706K036302,2,1,0,18,0,6,0,0,0,0,1,1,6,1,52,8,-1,-1,-1,-1,-1,-1
201706K036313,1,9,0,9,0,6,0,0,0,0,4,1,6,2,30,6,1339,1,12,6,1,6
201706K036313,2,9,0,9,0,5,0,0,0,0,3,1,2,2,41,7,1968,2,2,3,1,3
201706K036337,1,9,0,18,0,8,0,0,0,0,3,1,6,2,23,5,1461,2,1,5,1,5
201706K036356,1,9,0,18,0,1,0,0,0,0,1,1,6,1,30,6,1686,2,9,-1,-1,-1
201706K036356,2,9,0,18,0,2,0,10,2,0,3,1,6,1,66,10,-1,-1,-1,2,1,2
201706K036362,1,9,0,9,0,5,0,0,0,0,1,1,1,2,39,7,999,1,6,3,1,3
201706K036362,2,1,0,18,0,1,0,0,0,0,1,1,1,1,32,6,-1,-1,-1,1,1,1
201706K036371,1,9,0,14,0,8,0,0,0,0,3,-1,5,3,-1,-1,-1,-1,-1,-1,-1,-1
201706K036371,2,9,0,7,0,6,0,0,0,0,3,1,6,1,73,10,1868,2,16,3,1,3
201706K036378,1,9,0,18,0,2,0,0,0,0,1,1,1,1,44,7,1497,8,12,3,1,3
201706K036402,1,9,0,18,0,8,0,0,0,0,4,1,6,1,65,9,2204,2,8,5,1,5
201706K036402,2,1,0,18,0,6,0,0,0,0,3,1,6,2,16,4,-1,-1,-1,1,1,1
201706K036405,1,9,0,18,0,0,0,0,0,0,1,1,6,1,47,8,1598,1,15,5,1,5
201706K036493,1,9,0,15,4,8,0,0,0,0,1,1,6,1,36,7,1364,1,9,2,1,2
201706K036493,2,9,0,9,0,5,0,0,0,0,2,1,6,2,36,7,1461,2,6,1,1,1
201706K036500,1,9,0,9,0,6,0,0,0,0,4,1,6,1,46,8,1497,1,12,1,1,1
201706K036500,2,90,0,18,0,8,0,0,0,0,3,1,6,1,61,9,-1,-1,-1,1,1,1
201706K036538,1,9,0,18,0,0,0,0,0,0,1,1,6,2,30,6,-1,-1,-1,-1,-1,-1
201706K036538,2,9,0,18,0,0,0,0,0,0,2,1,6,2,40,7,1796,7,15,3,1,3
201706K036540,1,9,0,1,6,1,0,0,0,0,2,1,6,2,30,6,-1,-1,-1,-1,-1,-1
201706K036576,1,9,0,9,0,6,1,0,0,0,1,1,6,2,30,6,1497,1,15,-1,-1,-1
201706K036576,2,9,0,9,0,5,0,0,0,0,4,1,6,1,45,7,1499,1,2,2,1,2
201706K036609,1,9,0,18,0,8,0,0,0,0,1,1,2,1,47,8,1984,1,21,3,1,3
201706K036645,1,9,0,18,0,8,0,0,0,0,1,-1,5,3,-1,-1,-1,-1,-1,-1,-1,-1
201706K036645,2,9,0,18,0,8,0,0,0,0,4,1,6,2,66,10,2143,2,-1,5,1,5
201706K036657,1,8,0,3,0,1,0,0,0,0,2,1,1,1,43,7,1797,8,6,2,1,2
201706K036657,2,8,0,4,0,1,0,0,0,0,2,1,1,1,58,9,1497,8,11,2,1,2
201706K036657,3,9,0,4,0,1,0,0,0,0,1,1,3,2,20,4,1896,2,13,1,1,1
201706K036666,1,9,0,9,0,3,0,0,0,0,1,1,6,2,22,5,1968,2,12,2,1,2
201706K036671,1,9,0,18,0,1,0,0,0,0,1,1,6,1,30,6,1398,1,7,4,1,4
201706K036671,2,9,0,3,0,1,0,0,0,0,3,1,6,2,51,8,1598,1,11,9,3,9
201706K036678,1,9,0,9,0,6,0,0,0,0,1,1,6,1,30,6,1968,2,5,-1,-1,-1
201706K036678,2,9,0,3,0,8,0,0,0,0,2,1,6,2,37,7,1296,1,9,8,1,8
201706K036813,1,9,0,9,0,6,0,0,0,0,4,1,6,2,51,8,1360,1,10,3,1,3
201706K036813,2,9,0,18,0,8,0,0,0,0,1,1,6,2,29,6,1497,8,5,1,1,1
201706K036836,1,9,0,9,0,5,0,0,1,0,1,1,6,2,55,8,1598,1,10,2,1,2
201706K036836,2,9,0,18,0,8,0,0,1,1,1,1,6,2,46,8,1968,2,2,1,1,1
201706K036850,1,9,0,6,0,8,0,0,0,0,3,1,6,1,26,6,1988,1,15,3,1,3
201706K036850,2,3,0,18,0,8,1,0,0,0,1,1,6,1,22,5,125,1,16,1,1,1
201706K036859,1,9,0,14,0,2,0,0,0,0,4,1,6,1,60,9,1497,1,11,4,2,4
201706K036859,2,9,0,2,0,0,0,0,0,0,0,1,6,1,48,8,1968,2,5,1,1,1
201706K036881,1,1,0,18,0,8,0,0,0,0,1,1,6,1,30,6,-1,-1,-1,-1,-1,-1
201706K036881,2,9,0,18,0,8,0,0,0,0,4,1,6,1,38,7,-1,-1,-1,7,1,7
201706K036899,1,9,0,18,0,2,0,0,0,0,1,1,6,2,30,6,-1,-1,-1,-1,-1,-1
201706K036917,1,9,0,18,0,8,0,0,7,10,4,1,6,1,22,5,1587,1,11,1,1,1
201706K036917,2,9,0,9,0,6,0,0,0,0,1,1,6,2,30,6,1968,2,9,2,1,2
201706K036990,1,9,0,18,0,8,0,0,0,0,4,1,6,1,30,6,1956,2,8,-1,-1,-1
201706K036990,2,9,0,9,0,6,0,0,0,0,3,1,6,1,25,5,1598,1,12,3,1,3
201706K036996,1,8,0,9,0,5,0,0,0,0,1,1,1,1,58,9,1995,2,12,2,1,2
201706K036996,2,3,0,18,0,8,1,0,0,0,3,1,6,1,41,7,125,1,3,1,1,1
201706K036996,3,19,0,10,0,6,0,0,0,0,3,1,6,1,43,7,2198,2,7,3,1,3
201706K037051,1,8,0,6,0,0,0,0,0,0,1,1,6,1,30,6,-1,-1,-1,-1,-1,-1
201706K037051,2,9,0,4,0,0,0,0,0,0,4,1,6,1,35,6,-1,-1,-1,1,1,1
201706K037059,1,9,0,18,0,1,0,0,0,0,1,-1,5,3,-1,-1,-1,-1,-1,-1,-1,-1
201706K037059,2,9,0,3,0,1,0,0,0,0,2,1,1,1,31,6,1896,2,10,1,1,1
201706K037059,3,9,0,3,0,1,0,0,0,0,2,1,1,1,57,9,1560,2,2,2,1,2
201706K037065,1,9,0,18,0,1,0,0,0,0,3,1,6,1,71,10,1596,1,9,5,1,5
201706K037079,1,9,0,18,0,8,0,0,0,0,4,1,1,2,46,8,-1,-1,-1,7,1,7
201706K037079,2,9,0,18,0,8,1,0,0,0,1,1,6,2,35,6,1598,1,11,4,1,4
201706K037160,1,9,0,14,0,1,0,0,0,0,4,1,6,1,28,6,1596,1,11,5,1,5
201706K037178,1,9,0,16,0,0,1,0,0,0,1,-1,5,3,-1,-1,-1,-1,-1,-1,-1,-1
201706K037178,2,11,0,4,0,0,0,0,0,0,2,1,1,1,47,8,4461,2,5,7,1,7
201706K037221,1,8,0,6,0,1,0,0,0,0,1,1,1,1,30,6,1968,2,6,-1,-1,-1
201706K037221,2,9,0,18,0,2,0,0,0,0,1,1,6,2,30,6,-1,-1,-1,-1,-1,-1
201706K037254,1,9,0,18,0,8,0,0,0,0,1,1,1,1,30,6,1986,2,12,3,1,3
201706K037254,2,9,0,18,0,8,0,0,0,0,3,1,6,2,32,6,1998,1,13,5,1,5
201706K037306,1,9,0,6,0,0,0,0,0,0,3,1,6,2,34,6,998,1,10,1,1,1
201706K037306,2,5,0,14,0,0,0,10,0,0,4,1,6,1,55,8,998,1,10,8,1,8
201706K037363,1,9,0,4,0,1,0,0,0,0,1,1,2,1,40,7,1995,2,12,3,1,3
201706K037402,1,9,0,18,0,2,0,0,0,0,1,1,6,1,30,6,1149,1,10,2,1,2
201706K037442,1,9,0,9,0,2,0,0,0,0,1,1,6,1,30,6,-1,-1,-1,-1,-1,-1
201706K037442,2,9,0,3,0,1,0,0,0,0,3,1,6,2,32,6,1296,1,9,3,1,3
201706K037455,1,9,0,18,0,2,0,0,0,0,3,1,6,1,21,5,1598,2,6,1,1,1
201706K037469,1,9,0,3,0,8,0,0,0,0,0,1,6,2,47,8,-1,-1,-1,2,1,2
201706K037469,2,9,0,18,0,1,0,0,0,0,0,1,6,2,25,5,1995,2,9,10,1,10
201706K037501,1,9,0,18,0,5,0,0,0,0,4,1,1,2,34,6,-1,-1,-1,9,1,9
201706K037501,2,1,0,18,5,8,0,0,0,0,1,1,6,1,42,7,-1,-1,-1,1,1,1
201706K037555,1,9,0,9,0,5,0,0,0,0,1,1,6,1,77,11,1248,1,1,-1,-1,-1
201706K037555,2,9,0,18,0,8,0,0,0,0,1,1,6,2,46,8,998,1,1,5,1,5
201706K037562,1,9,0,5,8,6,0,0,0,0,0,-1,5,3,-1,-1,-1,-1,-1,-1,-1,-1
201706K037562,2,3,0,18,0,1,1,0,0,0,1,1,6,1,30,6,125,1,-1,1,1,1
201706K037562,3,9,0,18,0,2,0,0,0,0,3,1,6,1,42,7,1896,2,10,1,1,1
201706K037566,1,9,0,5,0,6,0,0,0,0,4,1,6,1,32,6,1598,1,9,3,1,3
201706K037566,2,9,0,18,0,8,0,0,0,0,3,1,6,1,35,6,1950,2,1,2,1,2
201706K037584,1,9,0,18,0,0,0,0,0,0,4,1,6,2,52,8,3059,2,20,1,1,1
201706K037588,1,9,0,14,0,1,0,0,0,0,1,1,6,1,30,6,1968,2,1,-1,-1,-1
201706K037588,2,9,0,3,0,2,0,0,0,0,1,1,1,1,47,8,1995,2,12,1,1,1
201706K037597,1,9,0,9,0,6,0,7,0,1,4,-1,5,3,-1,-1,-1,-1,-1,-1,-1,-1
201706K037597,2,9,0,18,0,8,0,0,0,0,1,1,2,2,34,6,1242,1,3,9,1,9
201706K037609,1,9,0,9,0,8,0,10,0,0,4,1,1,1,44,7,-1,-1,-1,-1,-1,-1
201706K037609,2,9,0,18,0,8,0,0,0,0,1,1,6,1,28,6,1596,1,11,-1,-1,-1
201706K037623,1,19,0,18,0,8,0,0,0,0,1,1,6,1,47,8,1968,2,1,4,1,4
201706K037636,1,9,0,11,0,0,0,0,0,0,1,1,6,2,30,6,1396,1,16,-1,-1,-1
201706K037636,2,9,0,18,2,0,0,0,0,0,3,1,2,1,57,9,1896,2,12,2,1,2
201706K037678,1,9,0,1,0,2,0,0,0,0,4,1,6,1,30,6,998,1,4,-1,-1,-1
201706K037723,1,9,0,9,0,6,0,0,0,0,1,1,6,1,30,6,1968,2,9,-1,-1,-1
201706K037723,2,9,0,18,0,8,0,0,0,0,3,1,6,1,32,6,4991,1,8,-1,-1,-1
201706K037759,1,9,0,18,0,2,0,0,0,0,1,1,6,1,30,6,-1,-1,-1,-1,-1,-1
201706K037802,1,9,0,18,0,1,0,0,0,0,1,1,6,1,27,6,1896,2,11,6,1,6
201706K037802,2,9,0,18,0,1,0,0,0,0,2,1,6,1,64,9,2987,2,-1,10,1,10
201706K037830,1,9,0,9,0,6,0,0,0,0,3,1,6,2,29,6,1242,1,8,3,1,3
201706K037858,1,9,0,4,0,1,0,0,0,0,1,1,2,2,44,7,1229,1,8,5,1,5
201706K037949,1,9,0,18,0,0,0,7,7,0,1,1,6,1,23,5,1598,1,15,5,1,5
201706K037949,2,9,0,2,0,0,0,0,0,0,1,1,6,1,30,6,998,1,8,-1,-1,-1
201706K038036,1,9,0,9,0,6,0,0,0,0,1,1,6,1,35,6,2000,2,12,6,1,6
201706K038036,2,9,0,9,0,5,0,0,0,0,3,1,6,1,23,5,1896,2,8,6,1,6
201706K038050,1,9,0,18,0,3,0,0,0,0,3,1,6,1,24,5,1390,1,7,-1,-1,-1
201706K038076,1,9,0,1,0,1,0,0,0,0,2,1,6,1,26,6,-1,-1,-1,1,1,1
201706K038176,1,11,0,18,0,0,0,0,0,0,1,1,1,1,30,6,6700,2,5,5,1,5
201706K038253,1,9,0,18,0,0,0,0,0,0,1,1,6,1,30,6,1248,2,9,-1,-1,-1
201706K038253,2,9,0,6,0,0,0,0,0,0,3,1,6,1,42,7,1998,1,18,4,1,4
201706K038266,1,9,0,5,0,1,0,0,0,0,1,-1,5,3,-1,-1,-1,-1,-1,-1,-1,-1
201706K038284,1,9,0,18,0,8,0,0,0,0,3,1,6,1,56,9,-1,-1,-1,5,1,5
201706K038293,1,9,0,9,0,5,0,0,0,0,3,1,6,1,67,10,1364,1,3,6,1,6
201706K038293,2,9,0,18,0,8,0,0,0,0,1,1,6,1,27,6,1299,1,11,1,1,1
201706K038328,1,8,0,4,0,0,1,7,0,10,1,1,6,1,31,6,1797,8,8,4,1,4
201706K038328,2,9,0,18,0,0,0,10,0,0,3,1,6,1,34,6,1399,1,9,7,1,7
201706K038339,1,9,0,18,0,8,0,0,0,0,1,1,6,1,26,6,1984,1,-1,9,1,9
201706K038388,1,9,0,18,0,8,0,0,1,0,1,1,6,1,71,10,1318,1,2,7,1,7
201706K038388,2,9,0,18,0,8,0,0,2,0,1,1,6,1,77,11,1198,1,2,2,1,2
201706K038388,3,9,0,18,0,8,0,0,0,0,1,1,6,1,63,9,1794,1,12,3,1,3
201706K038439,1,9,0,18,0,8,0,0,0,0,1,1,6,1,30,6,1398,2,3,-1,-1,-1
201706K038439,2,1,0,9,0,8,0,0,0,0,4,1,6,1,21,5,-1,-1,-1,2,1,2
201706K038453,1,9,0,18,0,2,0,0,0,0,1,1,6,1,70,10,1497,8,9,6,1,6
201706K038458,1,9,0,16,0,1,0,0,0,0,1,1,6,2,67,10,1229,1,11,1,1,1
201706K038458,2,9,0,16,0,1,0,0,0,0,2,1,6,2,20,4,-1,-1,-1,3,1,3
201706K038551,1,9,0,18,0,8,0,0,0,0,1,1,6,2,30,6,1596,1,8,-1,-1,-1
201706K038600,1,9,0,7,0,6,0,0,0,0,1,1,6,1,30,6,998,1,10,-1,-1,-1
201706K038600,2,9,0,8,0,5,0,0,0,0,1,1,2,1,22,5,1328,1,10,8,1,8
201706K038613,1,9,0,9,0,5,0,0,0,0,1,1,6,1,62,9,1299,1,20,2,1,2
201706K038613,2,9,0,18,0,8,0,0,0,0,3,1,6,1,48,8,-1,-1,-1,4,1,4
201706K038616,1,9,0,18,0,0,0,0,0,0,1,-1,5,3,-1,-1,-1,-1,-1,-1,-1,-1
201706K038616,2,9,0,3,0,0,0,0,0,0,2,1,2,1,28,6,1796,1,6,3,1,3
201706K038627,1,9,0,18,0,7,0,7,1,1,4,1,6,1,21,5,1242,1,16,5,1,5
201706K038627,2,9,0,18,0,8,0,0,1,0,1,1,6,1,33,6,1685,2,-1,7,1,7
201706K038707,1,9,0,9,0,6,0,0,0,0,3,1,6,1,58,9,1997,2,8,2,1,2
201706K038707,2,19,0,9,0,8,0,0,0,0,1,1,1,1,24,5,2198,2,7,3,1,3
201706K038739,1,9,0,18,0,1,0,0,0,0,1,1,6,1,30,6,3199,1,14,-1,-1,-1
201706K038739,2,90,0,12,0,1,0,0,0,0,2,1,1,1,49,8,-1,-1,-1,8,1,8
201706K038742,1,9,0,14,0,2,0,0,0,0,0,-1,5,3,-1,-1,-1,-1,-1,-1,-1,-1
201706K038742,2,9,4,2,0,2,0,0,0,0,0,1,6,1,33,6,2500,2,31,3,1,3
201706K038786,1,9,0,18,0,8,0,0,0,0,3,1,6,1,33,6,2231,2,10,1,1,1
201706K038786,2,9,0,9,0,7,0,0,0,0,4,1,6,1,52,8,1598,2,3,-1,-1,-1
201706K038799,1,9,0,18,0,0,0,0,0,0,3,1,6,2,56,9,1248,1,1,8,1,8
201706K038807,1,9,0,9,0,6,0,0,0,0,3,1,6,2,24,5,-1,-1,-1,1,1,1
201706K038807,2,9,0,18,0,8,0,0,0,0,4,1,6,1,32,6,1497,8,11,2,1,2
201706K038863,1,9,0,18,0,0,0,7,0,0,1,1,6,2,35,6,1598,1,11,2,1,2
201706K038863,2,9,0,18,0,0,0,0,0,0,3,1,6,1,27,6,1753,2,9,8,1,8
201706K038873,1,9,0,9,0,6,0,0,0,0,1,1,1,1,54,8,-1,-1,-1,-1,-1,-1
201706K038873,2,9,0,9,0,6,0,0,0,0,0,-1,5,3,-1,-1,-1,-1,-1,-1,-1,-1
201706K038873,3,9,0,18,0,8,0,0,0,0,4,1,6,1,51,8,1499,2,1,8,1,8
201706K038935,1,9,0,4,0,0,0,0,0,0,0,-1,5,3,-1,-1,-1,-1,-1,-1,-1,-1
201706K038935,2,5,0,18,0,0,0,0,0,0,0,1,6,1,26,6,599,1,9,4,1,4
201706K038941,1,9,0,16,0,8,0,0,0,0,1,1,6,2,70,10,1398,1,-1,2,1,2
201706K038941,2,9,0,2,6,8,0,0,0,0,2,1,6,1,37,7,1598,2,2,4,1,4
201706K038941,3,9,0,4,0,8,0,0,0,0,1,1,6,2,65,9,-1,-1,-1,8,2,8
201706K038941,4,9,0,16,0,8,0,0,0,0,2,1,2,1,51,8,1910,2,12,5,1,5
201706K038992,1,9,0,18,0,8,0,0,0,0,1,1,6,2,35,6,1400,1,12,-1,-1,-1
201706K038992,2,9,0,18,0,8,0,0,0,0,3,1,6,1,57,9,1685,2,2,2,1,2
201706K039020,1,9,0,5,9,6,0,0,0,0,1,1,6,1,30,6,-1,-1,-1,-1,-1,-1
201706K039109,1,9,0,18,0,8,0,0,0,0,1,1,6,2,20,4,1229,1,6,5,1,5
201706K039109,2,9,0,18,0,8,5,0,0,0,3,1,6,1,27,6,1598,2,3,1,1,1
201706K039109,3,90,0,18,0,3,0,0,0,0,2,1,1,1,30,6,-1,-1,-1,1,1,1
201706K039200,1,9,0,16,0,0,2,10,8,7,1,1,6,1,29,6,1389,1,14,3,1,3
201706K039200,2,9,0,18,0,0,0,0,0,0,0,1,1,1,46,8,1200,1,-1,-1,-1,-1
201706K039314,1,9,0,18,0,1,0,0,0,0,1,1,6,1,30,6,1598,2,1,-1,-1,-1
201706K039314,2,9,0,18,0,1,0,0,0,0,2,1,6,2,43,7,2143,2,-1,9,1,9
201706K039329,1,9,0,18,0,1,0,10,1,10,1,1,6,1,23,5,1364,1,11,2,1,2
201706K039329,2,9,0,9,0,6,0,0,0,0,1,1,6,2,38,7,1968,2,1,4,1,4
201706K039450,1,9,0,18,0,8,0,0,0,0,1,1,6,1,28,6,2000,2,12,2,1,2