Accident_Index,Vehicle_Reference,Vehicle_Type,Towing_and_Articulation,Vehicle_Manoeuvre,Vehicle_Location-Restricted_Lane,Junction_Location,Skidding_and_Overturning,Hit_Object_in_Carriageway,Vehicle_Leaving_Carriageway,Hit_Object_off_Carriageway,1st_Point_of_Impact,Was_Vehicle_Left_Hand_Drive?,Journey_Purpose_of_Driver,Sex_of_Driver,Age_of_Driver,Age_Band_of_Driver,Engine_Capacity_(CC),Propulsion_Code,Age_of_Vehicle,Driver_IMD_Decile,Driver_Home_Area_Type,Vehicle_IMD_Decile
201706K039450,2,9,0,18,0,8,0,0,0,0,3,1,6,1,18,4,1598,1,13,1,1,1
201706K039656,1,9,0,13,0,0,0,0,0,0,1,1,6,1,30,6,1896,2,13,1,1,1
201706K039656,2,9,0,18,0,0,0,0,1,9,3,1,6,2,72,10,1461,2,6,8,1,8
201706K041029,1,9,0,18,0,6,0,0,0,0,1,1,6,1,52,8,996,1,5,1,1,1
201706K041029,2,3,0,18,0,8,0,0,0,0,4,1,6,1,18,4,125,1,2,1,1,1
201706K290023,1,9,0,13,0,8,0,0,0,0,3,1,6,1,30,6,1986,2,10,-1,-1,-1
201706K290023,2,9,0,9,0,8,0,0,0,0,3,1,6,1,22,5,1229,1,10,2,1,2
201706L003316,1,9,0,5,0,0,0,0,0,0,1,1,6,2,61,9,1995,1,16,7,1,7
201706L003316,2,9,0,3,0,0,0,0,0,0,2,1,6,2,52,8,998,1,3,8,1,8
201706L025436,1,9,0,18,0,0,0,0,0,0,1,1,6,1,53,8,2360,1,15,4,1,4
201706L025436,2,9,0,3,0,0,0,0,0,0,2,1,1,1,28,6,-1,-1,-1,6,1,6
201706L025436,3,9,0,3,0,0,0,0,0,0,2,1,6,1,34,6,1999,1,10,2,1,2
201706L025599,1,9,0,18,0,1,0,0,0,0,1,1,6,2,54,8,998,1,9,1,1,1
201706L025700,1,1,0,12,0,0,0,0,0,0,2,1,6,1,14,3,-1,-1,-1,3,1,3
201706L025700,2,9,0,16,0,0,0,0,0,0,1,1,6,1,69,10,-1,-1,-1,5,1,5
201706L025703,1,9,0,9,0,6,0,0,0,0,1,-1,5,3,-1,-1,-1,-1,-1,-1,-1,-1
201706L025703,2,9,0,18,0,8,0,0,0,0,3,1,6,2,43,7,1360,1,10,-1,-1,-1
201706L025708,1,9,0,17,0,0,1,0,8,4,1,1,6,1,36,7,1362,1,4,7,3,7
201706L025731,1,4,0,18,0,0,0,0,0,0,1,1,2,1,23,5,124,1,4,4,1,4
201706L025731,2,9,0,13,0,0,0,0,0,0,1,1,6,1,24,5,1984,1,9,1,1,1
201706L025802,1,9,0,18,0,1,0,0,0,0,1,1,1,1,58,9,1598,2,1,3,1,3
201706L025804,1,9,0,4,0,4,0,0,0,0,1,1,6,1,25,5,-1,-1,-1,3,1,3
201706L025811,1,9,0,1,0,1,0,0,0,0,3,1,6,1,30,6,1461,2,4,2,1,2
201706L025811,2,4,0,10,0,1,0,0,0,0,4,1,6,2,59,9,-1,-1,-1,3,1,3
201706L025900,1,9,0,18,0,0,0,0,0,0,1,1,6,1,29,6,1995,2,6,6,1,6
201706L025900,2,9,0,18,0,0,0,0,0,0,2,1,6,2,37,7,1995,2,13,2,1,2
201706L025900,3,9,0,18,0,0,0,0,0,0,2,1,6,2,23,5,-1,-1,-1,7,1,7
201706L025926,1,4,0,16,0,1,0,10,7,2,1,1,6,1,15,3,-1,-1,-1,1,1,1
201706L025930,1,9,0,18,0,0,0,0,0,0,1,1,2,1,56,9,1994,2,20,3,1,3
201706L025930,2,9,0,18,0,0,0,0,1,0,2,1,2,1,42,7,1200,1,3,1,1,1
201706L025964,1,2,0,18,0,0,0,0,0,0,1,1,6,1,30,6,-1,-1,-1,-1,-1,-1
201706L026030,1,9,0,18,0,0,0,0,0,0,1,1,6,1,19,4,998,1,2,2,1,2
201706L026030,2,21,1,18,0,0,0,0,0,0,1,1,1,1,42,7,4200,2,1,1,1,1
201706L026048,1,9,0,18,0,0,0,4,0,0,1,1,6,1,36,7,1242,1,14,9,1,9
201706L026048,2,9,0,2,0,0,0,0,0,0,0,1,6,2,35,6,2200,1,16,2,1,2
201706L026091,1,9,0,18,0,8,1,0,7,1,1,1,6,1,30,6,2143,2,1,-1,-1,-1
201706L026091,2,9,0,18,0,8,0,0,1,0,3,1,6,2,45,7,996,1,8,7,1,7
201706L026097,1,9,0,18,0,1,0,0,0,0,1,1,6,1,28,6,1499,2,1,7,1,7
201706L026097,2,9,0,3,0,1,0,0,0,0,2,1,2,1,31,6,2143,2,6,5,1,5
201706L026104,1,9,0,8,0,2,0,0,0,0,1,1,6,1,19,4,1198,1,6,8,1,8
201706L026115,1,9,0,18,0,8,0,0,0,0,1,1,6,2,23,5,1560,2,10,3,1,3
201706L026115,2,9,0,10,0,8,0,0,0,0,1,1,6,1,53,8,1997,2,5,3,1,3
201706L026121,1,9,0,18,0,8,0,0,0,0,1,1,6,1,30,6,1199,1,16,-1,-1,-1
201706L026121,2,9,0,10,0,8,0,0,0,0,2,1,6,1,50,8,899,1,3,2,1,2
201706L026148,1,9,0,18,0,0,0,0,0,0,1,1,2,1,59,9,1870,2,14,2,1,2
201706L026162,1,9,0,18,0,0,0,0,0,0,1,1,6,1,31,6,1396,2,3,-1,-1,-1
201706L026175,1,11,0,18,0,2,0,0,0,0,0,1,1,1,39,7,4500,2,5,2,1,2
201706L026303,1,9,0,18,0,8,0,0,0,0,1,-1,5,3,-1,-1,-1,-1,-1,-1,-1,-1
201706L026303,2,9,0,9,0,8,0,0,0,0,1,1,6,1,34,6,1149,1,11,3,1,3
201706L026393,1,9,0,9,0,6,0,0,3,4,2,1,6,1,78,11,1997,2,2,8,1,8
201706L026393,2,90,0,18,0,8,0,0,0,0,1,1,2,1,58,9,-1,-1,-1,10,2,10
201706L026819,1,9,0,18,0,0,0,0,0,0,4,1,6,2,58,9,1198,1,12,6,1,6
201706L026975,1,9,0,18,0,4,0,0,0,0,3,1,6,1,24,5,-1,-1,-1,2,1,2
201706L026975,2,9,0,9,0,8,0,0,0,0,3,1,2,2,21,5,-1,-1,-1,-1,-1,-1
201706L026975,3,9,0,17,0,4,0,0,0,0,1,1,2,1,22,5,1968,2,4,8,1,8
201706L026975,4,9,0,18,0,4,0,0,0,0,3,1,2,2,49,8,-1,-1,-1,8,1,8
201706L027001,1,9,0,18,0,8,0,0,0,0,4,1,6,1,47,8,-1,-1,-1,5,1,5
201706L027001,2,1,0,18,0,8,0,0,0,0,2,1,6,1,53,8,-1,-1,-1,-1,-1,-1
201706L027008,1,9,0,18,0,8,0,0,0,0,1,1,6,1,27,6,1149,1,11,3,1,3
201706L027034,1,21,0,18,0,8,0,0,0,0,4,1,1,1,51,8,4250,2,12,8,1,8
201706L027034,2,9,0,9,0,8,0,0,1,0,3,1,6,1,56,9,1499,2,1,3,1,3
201706L027039,1,9,0,6,0,0,0,0,0,0,3,1,3,2,38,7,1242,1,11,10,1,10
201706L027039,2,9,0,18,0,0,0,0,0,0,1,1,6,1,28,6,1560,2,10,2,1,2
201706L027069,1,9,0,18,0,8,0,0,0,0,0,1,6,1,70,10,1329,1,3,9,1,9
201706L027078,1,9,0,18,0,4,0,0,0,0,1,1,6,2,78,11,1386,1,4,5,2,5
201706L027078,2,9,0,18,0,8,0,0,0,0,1,1,6,2,27,6,999,1,2,8,2,8
201706L027096,1,9,0,9,0,8,0,0,0,0,1,1,3,2,25,5,1796,1,5,2,1,2
201706L027096,2,2,0,18,0,8,1,0,0,0,1,1,1,1,16,4,49,1,5,9,1,9
201706L027168,1,9,0,18,0,0,0,0,0,0,2,1,6,1,30,6,1596,1,8,-1,-1,-1
201706L027168,2,9,0,18,0,0,0,0,0,0,1,1,6,1,54,8,1984,1,1,6,1,6
201706L027233,1,9,0,9,0,1,0,0,0,0,3,1,6,1,30,6,-1,-1,-1,-1,-1,-1
201706L027233,2,1,0,9,0,1,0,0,0,0,4,1,6,1,51,8,-1,-1,-1,8,1,8
201706L027235,1,9,0,5,0,6,0,0,0,0,3,1,6,1,44,7,1598,1,13,7,1,7
201706L027235,2,9,0,18,0,8,0,0,0,0,1,1,6,2,53,8,1560,2,5,1,1,1
201706L027239,1,9,0,4,0,1,0,0,0,0,4,1,1,1,30,6,1248,2,13,-1,-1,-1
201706L027239,2,1,0,18,0,1,0,0,0,0,4,1,2,1,44,7,-1,-1,-1,1,1,1
201706L027275,1,9,0,17,0,1,0,0,0,0,1,-1,5,1,-1,-1,-1,-1,-1,-1,-1,-1
201706L027275,2,9,0,17,0,1,0,0,0,0,2,1,6,2,40,7,1197,1,-1,1,1,1
201706L027275,3,9,0,17,0,1,0,0,0,0,2,1,6,1,47,8,1590,1,16,2,1,2
201706L027283,1,9,0,18,0,1,0,0,0,0,1,1,6,2,60,9,-1,-1,-1,-1,-1,-1
201706L027600,1,9,0,9,0,8,0,0,0,0,1,1,1,1,22,5,1595,1,3,-1,-1,-1
201706L027600,2,3,0,18,0,8,0,0,0,0,1,1,6,1,20,4,675,1,6,1,1,1
201706L027662,1,9,0,7,0,2,0,0,0,0,0,1,1,1,23,5,1998,1,7,5,1,5
201706L027825,1,19,0,18,0,4,0,0,0,0,3,1,1,1,45,7,-1,-1,-1,1,1,1
201706L027825,2,19,0,18,0,4,0,0,0,0,1,1,1,2,29,6,1968,2,3,-1,-1,-1
201706L027902,1,3,0,13,0,8,2,0,7,2,1,1,6,1,29,6,124,1,4,2,1,2
201706L027902,2,9,0,9,0,8,0,0,0,0,3,1,6,2,32,6,1199,1,15,2,1,2
201706L027903,1,9,0,18,0,0,0,0,0,0,1,1,6,1,30,6,1595,1,10,2,1,2
201706L027951,1,9,0,18,0,1,0,0,0,0,1,-1,5,3,-1,-1,-1,-1,-1,-1,-1,-1
201706L027966,1,9,0,5,7,0,0,0,0,0,1,-1,5,3,-1,-1,-1,-1,-1,-1,-1,-1
201706L027966,2,9,0,4,0,0,0,0,0,0,4,1,4,2,38,7,1560,2,8,7,1,7
201706L027971,1,9,0,18,0,0,0,0,0,0,1,1,6,1,46,8,1461,2,7,4,1,4
201706L027980,1,8,0,18,0,8,0,0,0,0,1,1,1,1,27,6,1598,2,4,1,1,1
201706L028010,1,9,0,18,0,2,0,0,0,0,1,1,6,1,59,9,1149,1,13,1,1,1
201706L028060,1,3,0,14,0,8,0,0,0,0,1,1,6,1,35,6,125,1,17,5,1,5
201706L028060,2,9,0,9,0,8,0,0,0,0,4,1,6,1,28,6,1360,1,13,2,1,2
201706L028066,1,9,0,18,0,1,0,0,0,0,3,-1,5,3,-1,-1,-1,-1,-1,-1,-1,-1
201706L028066,2,9,0,18,0,1,0,0,0,0,1,1,6,2,65,9,1398,2,3,3,1,3
201706L028100,1,9,0,18,0,1,0,0,1,10,1,1,6,1,45,7,-1,-1,-1,-1,-1,-1
201706L028100,2,1,0,18,0,1,0,0,0,0,1,1,6,1,17,4,-1,-1,-1,9,1,9
201706L028121,1,9,0,18,0,0,0,0,0,0,1,1,6,2,46,8,2204,2,10,9,1,9
201706L028141,1,9,0,4,0,0,0,0,0,0,1,1,6,2,64,9,1242,1,8,3,1,3
201706L028158,1,9,0,18,0,1,0,0,0,0,1,1,6,1,66,10,1999,1,16,7,1,7
201706L028158,2,9,0,2,0,1,0,0,0,0,1,1,1,1,32,6,-1,-1,-1,9,3,9
201706L028174,1,9,0,18,0,8,0,0,0,0,1,1,6,2,23,5,1242,1,2,1,1,1
201706L028174,2,9,0,10,0,8,0,0,0,0,2,1,1,2,37,7,1598,2,5,10,1,10
201706L028203,1,1,0,18,0,1,0,0,0,0,1,1,6,1,30,6,-1,-1,-1,-1,-1,-1
201706L028203,2,11,0,18,0,1,0,0,0,0,4,1,2,1,51,8,6871,2,9,2,1,2
201706L028217,1,9,0,12,0,0,0,0,7,0,1,1,1,2,32,6,1461,2,4,3,1,3
201706L028217,2,10,0,18,0,0,0,0,0,0,1,1,1,1,61,9,2461,2,6,7,1,7
201706L028273,1,9,0,1,0,1,0,0,0,0,2,1,6,1,30,6,1984,1,2,-1,-1,-1
201706L028273,2,9,0,4,0,1,0,0,0,0,1,1,1,1,48,8,1984,1,3,-1,-1,-1
201706L028291,1,9,0,18,0,8,0,0,0,0,1,1,2,2,49,8,996,1,3,-1,-1,-1
201706L028291,2,9,0,18,0,8,0,0,0,0,2,1,1,1,27,6,-1,-1,-1,-1,-1,-1
201706L028306,1,90,0,18,0,0,5,0,0,0,1,1,6,1,28,6,976,1,1,5,1,5
201706L028409,1,9,0,9,0,8,0,0,0,0,1,1,1,1,37,7,999,1,8,6,1,6
201706L028409,2,1,0,18,0,8,0,0,0,0,1,1,4,1,15,3,-1,-1,-1,3,1,3
201706L028419,1,9,0,9,0,2,0,0,0,0,1,1,6,1,56,9,2497,2,14,7,1,7
201706L028431,1,9,0,18,0,1,0,0,0,0,1,1,2,1,31,6,1086,1,12,2,1,2
201706L028672,1,9,0,18,0,0,1,0,0,0,1,1,6,1,57,9,-1,-1,-1,8,1,8
201706L028672,2,9,0,18,0,0,0,0,0,0,2,1,1,1,48,8,1984,1,2,10,2,10
201706L028672,3,19,0,18,0,0,0,0,0,0,1,1,1,1,42,7,2287,2,1,1,1,1
201706L028697,1,19,0,1,0,8,0,0,0,0,2,1,1,1,35,6,2198,2,2,8,1,8
201706L028785,1,9,0,18,0,2,0,0,0,0,4,1,1,2,21,5,999,1,7,8,1,8
201706L028902,1,3,0,18,0,8,0,0,0,0,1,1,2,1,22,5,125,1,1,1,2,1
201706L028902,2,9,0,6,0,8,0,0,0,0,1,1,2,1,33,6,-1,-1,-1,4,1,4
201706L028918,1,9,0,9,0,8,0,0,0,10,4,1,6,1,25,5,1240,1,12,8,1,8
201706L028918,2,9,0,18,0,8,0,0,0,0,1,1,6,2,52,8,2143,2,1,9,1,9
201706L028952,1,9,0,9,0,8,0,0,0,0,1,1,6,1,30,6,-1,-1,-1,-1,-1,-1
201706L028952,2,9,0,18,0,8,0,0,0,0,3,1,6,2,26,6,1398,1,1,7,1,7
201706L028953,1,9,0,18,0,1,0,0,0,0,1,-1,5,3,-1,-1,-1,-1,-1,-1,-1,-1
201706L028953,2,9,0,7,0,5,0,0,0,0,2,1,6,1,49,8,1499,2,2,2,1,2
201706L029064,1,9,0,18,0,0,0,0,0,0,4,1,6,2,51,8,1197,1,1,7,1,7
201706L029064,2,1,0,18,9,0,0,0,0,0,3,1,6,1,10,2,-1,-1,-1,9,1,9
201706L029091,1,9,0,1,0,1,0,0,0,0,2,1,6,1,42,7,1968,2,12,9,1,9
201706L029155,1,9,0,18,0,8,0,0,0,0,1,1,6,1,30,6,2494,1,17,-1,-1,-1
201706L029155,2,9,0,14,0,8,0,0,0,0,1,1,6,1,30,6,1229,1,6,7,1,7
201706L029193,1,9,0,9,0,6,0,0,0,0,1,1,6,2,45,7,1197,1,-1,8,1,8
201706L029193,2,9,0,18,0,8,1,10,1,10,3,1,6,1,18,4,998,1,1,1,1,1
201706L029193,3,9,0,2,0,1,0,4,0,0,2,1,6,3,47,8,2204,2,9,3,1,3
201706L029285,1,8,0,18,0,8,0,0,0,0,1,1,1,1,44,7,1364,2,3,1,1,1
201706L029285,2,9,0,9,0,8,0,0,0,0,1,1,6,1,55,8,1199,1,14,7,1,7
201706L029294,1,9,0,18,0,0,5,0,1,7,1,1,6,1,23,5,1998,1,1,1,1,1
201706L029317,1,9,0,18,0,0,0,0,0,0,1,1,6,2,52,8,1461,2,3,-1,-1,-1
201706L029373,1,9,0,16,0,1,0,0,0,0,1,1,6,2,62,9,-1,-1,-1,8,1,8
201706L029373,2,1,0,17,0,2,0,0,0,0,1,1,6,1,16,4,-1,-1,-1,4,1,4
201706L029386,1,9,0,18,0,1,0,0,0,0,1,1,6,2,30,6,-1,-1,-1,-1,-1,-1
201706L029386,2,9,0,8,0,1,0,0,0,0,2,1,6,1,63,9,996,1,3,2,1,2
201706L029427,1,9,0,9,0,8,0,0,0,0,3,1,6,1,39,7,998,1,2,1,1,1
201706L029427,2,3,0,18,0,8,0,0,0,0,1,1,6,1,25,5,125,1,5,3,1,3
201706L029430,1,9,0,18,0,3,0,0,0,0,1,1,6,1,56,9,-1,-1,-1,1,1,1
201706L029460,1,9,0,18,0,8,0,0,0,0,1,1,6,1,42,7,-1,-1,-1,1,1,1
201706L029460,2,9,0,18,0,8,0,0,0,0,1,1,1,1,47,8,-1,-1,-1,8,1,8
201706L029463,1,9,0,18,0,0,0,0,0,0,1,1,6,1,19,4,1248,2,7,2,1,2
201706L029474,1,9,0,18,0,8,0,0,0,0,1,1,6,2,39,7,1242,1,11,2,1,2
201706L029474,2,8,0,9,0,8,0,0,0,0,3,1,1,1,29,6,1996,2,10,2,1,2
201706L029494,1,9,0,18,0,8,0,0,0,0,1,1,6,1,54,8,1995,2,5,7,1,7
201706L029494,2,9,0,18,0,8,5,0,0,0,4,1,6,2,52,8,1086,1,9,3,1,3
201706L029517,1,9,0,18,0,1,0,0,0,0,1,1,6,1,30,6,1299,1,18,-1,-1,-1
201706L029517,2,9,0,18,0,1,0,0,0,0,2,1,6,1,36,7,-1,-1,-1,3,1,3
201706L029530,1,9,0,18,0,0,1,0,0,0,1,1,2,2,24,5,-1,-1,-1,8,1,8
201706L029530,2,1,0,18,0,0,0,0,0,0,4,1,4,1,13,3,-1,-1,-1,2,1,2
201706L029549,1,9,0,18,0,1,0,0,0,0,1,1,6,1,30,6,1868,2,16,-1,-1,-1
201706L029549,2,9,0,3,0,1,0,0,0,0,2,1,6,1,57,9,-1,-1,-1,2,1,2
201706L029576,1,9,0,7,0,8,0,0,0,0,4,1,6,2,56,9,1197,1,2,2,1,2
201706L029576,2,1,0,18,0,8,0,0,0,0,1,1,2,1,56,9,-1,-1,-1,4,1,4
201706L029582,1,9,0,18,0,1,0,0,0,0,4,1,6,1,28,6,-1,-1,-1,3,1,3
201706L029643,1,9,0,18,0,8,0,0,0,0,3,1,6,2,30,6,1299,1,12,4,1,4
201706L029643,2,9,0,18,0,8,0,0,0,0,1,1,6,2,43,7,1685,2,4,8,1,8
201706L029645,1,9,0,18,0,8,0,0,0,0,1,1,6,1,59,9,1870,2,12,-1,-1,-1
201706L029645,2,9,0,2,0,1,0,0,0,0,4,-1,5,3,-1,-1,-1,-1,-1,-1,-1,-1
201706L029645,3,9,0,2,0,1,0,0,7,0,4,-1,5,3,-1,-1,-1,-1,-1,-1,-1,-1
201706L029645,4,9,0,2,0,1,0,0,0,0,3,-1,5,3,-1,-1,-1,-1,-1,-1,-1,-1
201706L029723,1,9,0,16,0,0,0,0,1,4,4,1,2,1,25,5,1753,2,14,9,3,9
201706L029742,1,9,0,9,0,8,0,0,0,0,1,1,6,2,71,10,1242,1,11,7,1,7
201706L029742,2,11,0,18,0,8,0,0,0,0,3,1,1,1,54,8,-1,-1,-1,5,1,5
201706L029813,1,9,0,18,0,0,0,0,0,0,1,1,1,1,55,8,1598,1,6,9,1,9
201706L029817,1,11,0,18,0,0,0,0,0,0,4,1,1,1,34,6,-1,-1,-1,2,1,2
201706L029845,1,9,0,7,0,8,0,0,0,0,4,1,6,1,50,8,1198,1,10,2,1,2
201706L029845,2,1,0,18,2,8,0,0,0,0,1,1,6,1,48,8,-1,-1,-1,7,1,7
201706L029900,1,9,0,7,9,8,0,0,0,0,4,1,6,2,39,7,1598,1,11,-1,-1,-1
201706L030047,1,9,0,18,0,8,0,7,0,1,1,1,6,2,62,9,1397,1,9,3,1,3
201706L030047,2,9,0,9,0,8,0,7,0,1,4,1,6,2,19,4,998,1,1,1,1,1
201706L030065,1,90,0,18,9,1,0,0,0,0,1,1,6,1,30,6,-1,-1,-1,-1,-1,-1
201706L030089,1,9,0,18,0,0,0,0,0,0,4,1,6,2,49,8,1997,2,13,3,1,3
201706L030093,1,9,0,18,0,0,0,0,0,0,1,1,2,1,45,7,1597,1,18,10,1,10
201706L030093,2,1,0,18,0,0,0,0,0,0,1,1,2,1,11,3,-1,-1,-1,8,1,8
201706L030096,1,9,0,18,0,8,0,0,0,0,3,1,6,1,49,8,1360,1,14,-1,-1,-1
201706L030096,2,9,0,2,0,1,0,0,0,0,0,-1,5,3,-1,-1,-1,-1,-1,-1,-1,-1
201706L030096,3,1,0,7,0,6,0,0,0,0,1,1,6,1,21,5,-1,-1,-1,5,1,5
201706L030117,1,5,0,17,0,0,0,0,1,2,1,1,6,1,32,6,1157,1,17,1,1,1
201706L030354,1,9,0,6,0,0,0,0,0,0,3,1,6,1,58,9,1598,1,5,3,1,3
201706L030354,2,5,0,18,0,0,0,0,0,0,1,1,6,1,40,7,-1,-1,-1,2,1,2
201706L030377,1,9,0,3,0,2,0,0,0,0,1,1,6,1,30,6,2993,2,11,-1,-1,-1
201706L030377,2,9,0,3,0,2,0,0,0,0,4,1,6,2,68,10,1598,1,11,3,1,3
201706L030377,3,11,0,3,0,2,0,0,0,0,2,1,1,1,30,6,-1,-1,-1,-1,-1,-1
201706L030465,1,9,0,3,0,1,0,0,0,0,1,-1,5,3,-1,-1,-1,-1,-1,-1,-1,-1
201706L030465,2,1,0,3,0,1,0,0,0,0,2,1,4,1,15,3,-1,-1,-1,3,1,3
201706L030519,1,9,0,18,0,1,0,0,0,0,1,1,6,2,50,8,1242,1,8,10,2,10
201706L030519,2,1,0,18,0,8,0,0,0,0,1,1,6,1,11,3,-1,-1,-1,8,3,8
201706L030536,1,9,0,8,0,8,0,0,0,0,3,1,6,2,29,6,-1,-1,-1,4,1,4
201706L030536,2,9,0,8,0,8,0,0,0,0,3,1,6,2,24,5,1149,1,4,3,1,3
201706L030536,3,9,0,18,0,8,0,0,0,0,4,1,2,2,42,7,1598,1,12,8,1,8
201706L030569,1,9,0,9,0,8,0,0,0,0,1,1,6,1,30,6,1199,1,18,-1,-1,-1
201706L030569,2,8,0,18,0,8,0,0,0,0,3,1,6,1,31,6,1753,2,9,4,1,4
201706L030574,1,9,0,9,0,6,0,0,0,0,1,1,6,2,25,5,1242,1,4,3,1,3
201706L030574,2,9,0,18,0,8,1,0,0,0,4,1,6,1,50,8,1582,2,9,1,1,1
201706L030581,1,9,0,5,0,0,5,4,0,0,1,1,6,1,49,8,1560,2,10,8,1,8
201706L030581,2,9,0,2,0,0,0,0,0,0,2,1,1,1,43,7,-1,-1,-1,1,1,1
201706L030581,3,9,0,2,0,0,0,0,0,0,2,1,3,1,68,10,1598,1,9,2,1,2
201706L030609,1,1,0,18,0,0,0,0,0,0,1,1,6,1,16,4,-1,-1,-1,-1,-1,-1
201706L030609,2,9,0,18,0,0,0,0,0,0,4,1,6,1,55,8,-1,-1,-1,10,1,10
201706L030645,1,9,0,18,0,8,0,0,0,0,1,1,6,1,30,6,-1,-1,-1,-1,-1,-1
201706L030645,2,19,0,10,0,1,0,0,0,0,2,1,1,1,41,7,-1,-1,-1,9,1,9
201706L030653,1,9,0,18,0,1,0,0,0,0,1,1,6,1,65,9,1461,2,1,2,1,2
201706L030653,2,9,0,18,0,2,0,0,0,0,1,1,6,1,36,7,1995,1,11,7,1,7
201706L030671,1,9,0,9,0,8,0,0,1,0,1,1,6,2,75,10,-1,-1,-1,-1,-1,-1
201706L030671,2,3,0,18,0,2,0,0,0,0,4,1,2,1,37,7,124,1,4,-1,-1,-1
201706L030720,1,9,0,16,0,0,0,0,0,0,1,1,6,1,56,9,1590,1,13,3,1,3
201706L030720,2,9,0,17,0,0,0,0,0,0,1,1,6,2,42,7,1968,2,1,10,2,10
201706L030725,1,20,0,18,0,1,1,0,0,0,1,1,6,1,30,6,-1,-1,-1,-1,-1,-1
201706L030725,2,9,0,4,0,1,0,0,0,0,2,1,6,1,53,8,1229,1,9,4,1,4
201706L030744,1,9,0,9,0,2,0,0,0,0,1,1,6,1,30,6,-1,-1,-1,-1,-1,-1
201706L030864,1,9,0,18,0,2,0,0,0,0,1,1,6,1,30,6,-1,-1,-1,-1,-1,-1
201706L030864,2,1,0,18,0,8,0,0,0,0,4,1,6,1,11,3,-1,-1,-1,6,1,6
201706L030898,1,9,0,18,0,8,0,0,1,10,1,1,6,1,34,6,1390,1,14,2,1,2
201706L030898,2,9,0,18,0,1,0,0,0,0,0,-1,5,3,-1,-1,-1,-1,-1,-1,-1,-1
201706L030927,1,9,0,18,0,1,0,0,0,0,1,1,6,1,31,6,1242,1,2,9,1,9
201706L030927,2,9,0,2,2,2,0,0,1,0,2,-1,5,3,-1,-1,-1,-1,-1,-1,-1,-1
201706L030976,1,1,0,18,9,0,0,0,1,0,0,1,6,1,61,9,-1,-1,-1,2,1,2
201706L030976,2,9,0,18,0,0,0,0,0,0,0,1,6,2,48,8,-1,-1,-1,1,1,1
201706L030977,1,90,0,5,0,8,0,0,0,0,2,1,6,1,75,10,-1,-1,-1,7,3,7
201706L030977,2,5,0,18,0,8,0,0,0,0,1,1,6,1,60,9,-1,-1,-1,2,1,2
201706L030980,1,2,0,18,0,2,0,0,0,0,1,1,6,1,30,6,-1,-1,-1,-1,-1,-1
201706L031066,1,19,0,7,0,2,0,0,0,0,1,-1,5,3,-1,-1,-1,-1,-1,-1,-1,-1
201706L031066,2,90,0,2,0,2,0,0,0,0,0,1,6,1,52,8,-1,-1,-1,1,1,1
201706L031101,1,9,0,9,0,8,0,0,0,0,1,1,6,1,23,5,1368,1,8,9,2,9
201706L031101,2,1,0,15,0,8,0,0,0,0,1,1,6,1,53,8,-1,-1,-1,9,1,9
201706L031126,1,9,0,9,0,6,0,0,0,0,4,1,6,1,48,8,1598,2,4,9,1,9
201706L031126,2,5,0,18,0,8,0,0,0,0,3,1,6,1,58,9,900,1,1,8,1,8
201706L031151,1,9,0,6,0,0,0,0,0,0,1,1,6,1,33,6,-1,-1,-1,4,1,4
201706L031151,2,9,0,18,0,0,0,0,0,0,1,1,6,2,68,10,-1,-1,-1,-1,-1,-1
201706L031169,1,1,0,18,0,8,0,0,0,0,4,1,6,1,13,3,-1,-1,-1,10,1,10
201706L031169,2,9,0,18,0,1,0,0,0,0,1,1,2,1,29,6,1386,1,11,6,1,6
201706L031208,1,9,0,18,0,8,0,0,0,0,1,1,6,1,51,8,1596,1,8,1,1,1
201706L031208,2,9,0,18,0,8,0,0,0,0,1,1,6,1,50,8,-1,-1,-1,8,1,8
201706L031231,1,9,0,18,0,2,0,0,0,0,1,1,6,2,39,7,-1,-1,-1,7,1,7
201706L031240,1,9,0,18,0,0,0,0,0,0,0,-1,5,3,-1,-1,-1,-1,-1,-1,-1,-1
201706L031240,2,11,0,18,2,0,2,0,0,0,0,1,1,2,29,6,6696,2,2,3,1,3
201706L031272,1,9,0,18,0,8,0,0,0,0,1,1,1,1,27,6,1229,1,11,9,1,9
201706L031272,2,1,0,18,0,8,0,0,0,0,3,-1,1,1,9,2,-1,-1,-1,-1,-1,-1
201706L031379,1,9,0,7,0,8,0,0,0,0,1,1,6,1,30,6,1992,2,10,-1,-1,-1
201706L031379,2,9,0,18,0,8,1,0,0,0,3,1,6,2,51,8,2500,2,27,9,1,9
201706L031411,1,9,0,18,9,0,1,0,1,10,1,-1,5,3,-1,-1,-1,-1,-1,-1,-1,-1
201706L031451,1,9,0,18,0,8,0,0,0,0,1,1,6,2,30,6,-1,-1,-1,-1,-1,-1
201706L031451,2,1,0,18,0,8,0,0,0,0,1,1,6,1,14,3,-1,-1,-1,1,1,1
201706L031458,1,9,0,18,0,2,0,0,0,0,3,1,6,1,30,6,1560,2,6,-1,-1,-1
201706L031470,1,9,0,18,0,8,0,0,0,0,1,1,6,1,40,7,-1,-1,-1,3,1,3
201706L031470,2,11,0,9,0,8,0,0,0,0,1,1,1,1,58,9,6700,2,9,9,1,9
201706L031486,1,19,0,18,0,0,0,4,7,0,1,1,1,1,39,7,1995,2,7,3,1,3
201706L031486,2,9,0,2,0,0,0,0,0,0,1,-1,5,3,-1,-1,-1,-1,-1,-1,-1,-1