Accident_Index,Vehicle_Reference,Vehicle_Type,Towing_and_Articulation,Vehicle_Manoeuvre,Vehicle_Location-Restricted_Lane,Junction_Location,Skidding_and_Overturning,Hit_Object_in_Carriageway,Vehicle_Leaving_Carriageway,Hit_Object_off_Carriageway,1st_Point_of_Impact,Was_Vehicle_Left_Hand_Drive?,Journey_Purpose_of_Driver,Sex_of_Driver,Age_of_Driver,Age_Band_of_Driver,Engine_Capacity_(CC),Propulsion_Code,Age_of_Vehicle,Driver_IMD_Decile,Driver_Home_Area_Type,Vehicle_IMD_Decile
201706L031486,3,9,0,2,9,0,0,0,0,0,1,-1,5,3,-1,-1,-1,-1,-1,-1,-1,-1
201706L031488,1,9,0,4,0,0,0,0,0,0,1,1,6,1,30,6,-1,-1,-1,-1,-1,-1
201706L031488,2,9,0,3,0,0,0,0,0,0,2,1,2,2,34,6,1896,2,13,7,1,7
201706L031507,1,9,0,18,0,0,0,0,0,0,1,1,2,1,30,6,1596,1,12,-1,-1,-1
201706L031507,2,9,0,3,0,0,0,0,0,0,2,1,6,1,46,8,1598,2,6,8,1,8
201706L031507,3,9,0,3,0,0,0,0,0,0,2,1,6,1,30,6,-1,-1,-1,-1,-1,-1
201706L031609,1,9,0,18,0,0,0,0,0,0,1,1,1,1,34,6,1364,1,13,4,1,4
201706L031609,2,9,0,18,0,0,2,0,0,0,2,1,1,1,36,7,-1,-1,-1,10,1,10
201706L031609,3,9,0,18,0,0,0,0,0,0,0,1,6,1,21,5,1242,1,11,-1,-1,-1
201706L031626,1,3,0,9,0,6,0,0,0,0,1,1,6,1,18,4,125,1,4,2,1,2
201706L031626,2,9,0,18,0,8,0,0,0,0,1,1,6,2,27,6,1499,1,3,8,1,8
201706L031660,1,8,0,9,0,5,0,0,0,0,1,1,2,1,58,9,1798,1,13,1,1,1
201706L031660,2,9,0,7,0,6,0,0,0,0,1,1,6,1,24,5,1390,1,7,1,1,1
201706L031670,1,9,0,18,0,8,0,10,7,10,3,1,6,2,63,9,1798,1,10,7,2,7
201706L031714,1,9,0,18,0,1,0,0,0,0,1,1,6,2,21,5,-1,-1,-1,-1,-1,-1
201706L031714,2,9,0,4,0,1,0,0,0,0,2,1,6,2,22,5,1199,1,4,10,1,10
201706L031714,3,9,0,4,0,1,0,0,0,0,2,1,6,1,32,6,1995,2,1,-1,-1,-1
201706L031819,1,9,0,18,0,0,0,0,0,0,4,1,2,2,23,5,1086,1,11,9,1,9
201706L031823,1,9,0,18,0,1,0,0,0,0,1,1,6,1,64,9,1229,1,4,4,1,4
201706L031890,1,19,0,18,0,8,0,0,0,0,3,1,1,1,56,9,2198,2,2,2,1,2
201706L031890,2,1,0,9,0,8,0,0,0,0,2,1,1,2,46,8,-1,-1,-1,2,2,2
201706L031922,1,9,0,18,0,1,0,0,0,0,1,1,6,2,30,6,1390,1,3,-1,-1,-1
201706L031922,2,9,0,18,0,1,0,0,0,0,2,1,1,2,32,6,1229,1,5,2,1,2
201706L031923,1,9,0,1,0,0,0,0,0,0,2,1,6,1,38,7,1388,1,14,-1,-1,-1
201706L031937,1,9,0,18,0,2,0,0,0,0,4,1,3,2,52,8,998,1,1,4,1,4
201706L031937,2,1,0,18,9,1,0,0,0,0,1,1,4,1,11,3,-1,-1,-1,-1,-1,-1
201706L031952,1,9,0,18,0,0,0,0,0,0,1,1,6,1,30,6,2198,2,10,-1,-1,-1
201706L031952,2,9,0,18,0,0,0,0,0,0,2,1,6,2,50,8,1364,2,10,9,2,9
201706L031952,3,9,0,4,0,0,0,0,0,0,2,1,6,2,35,6,1994,2,13,6,1,6
201706L031961,1,9,0,9,0,8,0,0,0,0,3,1,6,2,69,10,1497,1,15,-1,-1,-1
201706L031961,2,4,0,18,0,8,0,0,0,0,4,1,2,1,22,5,124,1,4,4,1,4
201706L031962,1,9,0,4,0,4,0,0,0,0,1,1,6,1,45,7,1240,1,14,1,1,1
201706L031962,2,9,0,18,0,1,0,0,0,0,2,1,3,2,31,6,1596,1,4,1,1,1
201706L031997,1,19,0,18,0,8,0,0,0,0,4,1,1,1,38,7,1995,2,3,-1,-1,-1
201706L031997,2,9,0,5,0,6,0,0,0,0,3,1,1,1,24,5,1598,1,11,8,1,8
201706L032014,1,19,0,18,0,1,0,0,0,0,1,1,1,1,65,9,1686,2,13,3,1,3
201706L032046,1,2,0,18,0,8,0,0,0,0,1,1,6,1,30,6,-1,-1,-1,-1,-1,-1
201706L032046,2,9,0,9,1,6,0,0,0,0,4,1,2,2,51,8,-1,-1,-1,7,1,7
201706L032116,1,9,0,5,0,1,0,0,0,0,1,1,6,1,28,6,1560,2,5,2,1,2
201706L032128,1,19,0,18,0,8,0,0,0,0,1,1,1,1,25,5,2198,2,5,8,1,8
201706L032128,2,9,0,9,0,8,0,0,0,0,1,1,6,2,30,6,973,1,14,5,1,5
201706L032136,1,9,0,18,0,4,0,0,0,0,1,1,6,2,30,6,-1,-1,-1,-1,-1,-1
201706L032136,2,3,0,18,0,3,2,0,0,0,4,1,2,1,29,6,124,1,4,3,1,3
201706L032159,1,9,0,16,0,8,0,0,0,0,1,1,1,1,38,7,1910,2,12,2,1,2
201706L032159,2,9,0,16,0,8,0,0,0,0,1,1,1,1,41,7,-1,-1,-1,4,1,4
201706L032182,1,9,0,5,0,4,0,0,0,0,1,1,1,2,33,6,1497,8,2,5,2,5
201706L032225,1,9,0,18,4,8,0,0,0,0,1,1,6,1,30,6,1560,2,3,-1,-1,-1
201706L032225,2,1,0,18,4,8,0,0,0,0,1,1,6,2,39,7,-1,-1,-1,9,1,9
201706L032228,1,1,0,18,9,8,0,0,0,0,1,-1,5,1,9,2,-1,-1,-1,-1,-1,-1
201706L032228,2,9,0,18,0,1,0,0,0,0,4,1,6,2,37,7,1242,1,7,2,1,2
201706L032273,1,9,0,18,0,8,0,0,0,0,1,1,6,2,40,7,2143,2,6,-1,-1,-1
201706L032279,1,9,0,9,0,8,0,0,0,0,1,1,6,1,29,6,1968,2,9,-1,-1,-1
201706L032279,2,9,0,18,0,8,0,0,0,0,1,1,6,2,29,6,1390,1,12,1,1,1
201706L032359,1,9,0,18,0,0,0,0,0,0,1,1,6,2,83,11,1149,1,16,8,1,8
201706L032359,2,9,0,18,0,0,0,0,0,0,1,1,1,1,54,8,1598,1,10,3,1,3
201706L032359,3,9,0,18,0,0,0,0,0,0,3,1,1,2,38,7,1388,1,13,8,1,8
201706L032422,1,9,0,18,0,4,0,0,0,0,1,-1,5,3,-1,-1,-1,-1,-1,-1,-1,-1
201706L032422,2,1,0,9,0,8,5,0,0,0,4,1,1,1,41,7,-1,-1,-1,6,1,6
201706L032474,1,9,0,13,0,8,0,0,0,0,3,1,6,1,30,6,1968,2,2,8,1,8
201706L032474,2,9,0,9,0,8,0,0,0,0,4,1,6,2,19,4,1149,1,7,-1,-1,-1
201706L032486,1,19,0,18,0,1,5,0,0,0,1,1,6,1,45,7,2982,2,10,9,3,9
201706L032486,2,9,0,2,0,1,0,0,1,10,1,1,6,2,28,6,1956,2,7,6,1,6
201706L032510,1,3,0,18,0,8,0,0,0,0,1,1,6,1,33,6,125,1,1,8,1,8
201706L032531,1,9,0,18,0,0,0,0,0,0,4,1,1,1,51,8,1497,8,9,5,1,5
201706L032550,1,9,0,18,0,2,0,0,1,5,1,1,2,1,39,7,1994,2,14,-1,-1,-1
201706L032578,1,9,0,9,0,6,0,0,0,0,1,-1,5,3,-1,-1,-1,-1,-1,-1,-1,-1
201706L032578,2,1,0,18,0,8,0,0,0,0,1,1,4,1,14,3,-1,-1,-1,9,1,9
201706L032627,1,1,0,18,0,8,0,0,0,0,3,1,6,1,14,3,-1,-1,-1,2,1,2
201706L032627,2,9,0,17,0,8,0,0,0,0,1,1,1,2,30,6,1364,1,8,3,1,3
201706L032791,1,8,0,18,0,0,0,0,0,0,1,1,6,1,42,7,1796,1,11,2,1,2
201706L032791,2,1,0,18,0,0,0,0,0,0,1,1,6,1,63,9,-1,-1,-1,1,1,1
201706L032832,1,9,0,17,0,0,1,0,7,10,1,-1,5,3,-1,-1,-1,-1,-1,-1,-1,-1
201706L032842,1,9,0,5,0,2,0,0,0,0,4,1,6,1,77,11,2191,2,5,8,1,8
201706L032863,1,9,0,7,0,8,0,0,0,0,4,1,6,1,30,6,-1,-1,-1,-1,-1,-1
201706L032863,2,9,0,18,0,8,0,0,0,0,3,1,1,2,46,8,1198,1,11,5,1,5
201706L032880,1,1,0,18,9,0,0,0,0,0,4,1,6,1,13,3,-1,-1,-1,7,1,7
201706L032880,2,11,0,18,0,0,0,0,0,0,1,1,1,1,38,7,7300,2,6,1,1,1
201706L032938,1,11,0,4,0,0,0,0,0,0,0,1,1,1,30,6,6700,2,9,9,1,9
201706L032963,1,19,0,4,0,1,0,0,0,0,1,1,6,1,28,6,1560,2,5,4,1,4
201706L032963,2,9,0,4,0,1,0,0,0,0,2,1,6,1,70,10,1798,1,13,9,1,9
201706L033030,1,20,0,16,0,8,5,0,0,0,3,1,1,1,26,6,-1,2,13,6,1,6
201706L033050,1,11,0,18,0,1,0,0,0,0,1,1,1,1,54,8,-1,-1,-1,1,1,1
201706L033107,1,9,0,18,0,8,0,0,0,0,4,1,2,1,62,9,1149,1,10,2,1,2
201706L033107,2,1,0,18,0,8,0,0,0,0,1,1,6,1,23,5,-1,-1,-1,5,1,5
201706L033272,1,19,0,1,9,1,0,0,0,0,2,1,6,1,30,6,-1,-1,-1,-1,-1,-1
201706L033272,2,9,0,2,9,1,0,0,0,0,3,1,6,1,34,6,-1,-1,-1,3,1,3
201706L033323,1,3,0,18,0,0,1,10,0,0,1,1,6,1,16,4,-1,-1,-1,3,1,3
201706L033364,1,19,0,16,0,0,1,0,0,0,1,1,2,1,26,6,1560,2,6,7,1,7
201706L033364,2,9,0,4,0,0,0,0,0,0,3,1,6,2,65,9,1197,1,1,7,1,7
201706L033378,1,9,0,18,0,0,1,0,7,4,1,1,6,1,24,5,1086,1,14,3,1,3
201706L033513,1,9,0,18,0,4,0,0,0,0,1,1,6,1,23,5,1984,1,-1,1,1,1
201706L033513,2,9,0,5,0,4,0,0,0,0,1,1,6,1,21,5,2902,2,13,1,1,1
201706L033531,1,9,0,18,0,8,0,0,0,0,1,1,6,1,36,7,2697,2,11,2,1,2
201706L033531,2,19,0,9,0,8,0,0,0,0,3,1,6,1,27,6,-1,-1,-1,2,1,2
201706L033573,1,9,0,9,0,5,0,0,0,0,4,1,6,1,30,6,999,1,-1,-1,-1,-1
201706L033573,2,9,0,18,0,8,0,0,0,0,3,1,6,2,52,8,4197,1,12,8,1,8
201706L033583,1,9,0,5,0,8,0,0,0,0,4,1,6,2,43,7,1998,1,1,2,1,2
201706L033583,2,9,0,18,0,8,0,0,0,0,1,1,6,1,27,6,1796,1,8,4,1,4
201706L033607,1,9,0,7,0,6,0,0,0,0,3,1,6,1,30,6,1598,1,13,-1,-1,-1
201706L033607,2,9,0,18,0,8,0,0,0,0,4,1,2,2,26,6,1124,1,16,2,1,2
201706L033683,1,9,0,18,0,0,0,0,0,0,4,1,6,2,18,4,1229,1,7,5,1,5
201706L033741,1,9,0,18,0,0,0,0,0,0,1,1,6,1,78,11,848,1,20,2,1,2
201706L033748,1,9,0,18,0,8,5,0,0,0,1,1,6,1,39,7,1769,1,15,2,1,2
201706L033748,2,9,0,9,0,8,0,0,0,0,1,1,6,2,69,10,998,1,1,7,1,7
201706L033758,1,19,0,18,0,1,0,0,0,0,4,1,1,1,30,6,2402,2,10,3,1,3
201706L033783,1,9,0,3,0,8,0,0,0,0,1,1,6,1,30,6,999,1,2,-1,-1,-1
201706L033783,2,9,0,3,0,8,0,0,0,0,2,1,6,2,34,6,1388,1,14,1,1,1
201706L033798,1,9,0,18,0,0,0,0,0,0,1,1,6,1,61,9,1997,1,-1,5,1,5
201706L033798,2,19,0,18,0,0,0,0,0,0,2,1,1,1,39,7,1461,2,1,1,1,1
201706L033801,1,9,0,9,0,8,0,0,0,0,0,1,2,2,30,6,-1,-1,-1,2,3,2
201706L033801,2,5,0,5,0,8,5,0,0,0,3,1,2,1,30,6,656,1,12,3,1,3
201706L033817,1,9,0,5,0,1,0,0,0,0,1,1,6,2,27,6,1969,2,1,-1,-1,-1
201706L033817,2,9,0,3,0,1,0,0,0,0,2,1,6,2,40,7,1560,2,8,3,2,3
201706L033817,3,9,0,3,0,1,0,0,0,0,2,1,6,1,73,10,1800,1,17,2,1,2
201706L033841,1,90,0,18,0,2,0,0,1,2,1,1,6,1,34,6,-1,-1,-1,1,1,1
201706L033861,1,9,0,18,0,8,0,0,0,0,4,1,6,1,26,6,1956,2,4,9,2,9
201706L033861,2,1,0,18,0,8,0,0,0,0,1,1,6,1,11,3,-1,-1,-1,-1,-1,-1
201706L033876,1,9,0,18,0,3,0,0,0,0,1,-1,5,3,-1,-1,-1,-1,-1,-1,-1,-1
201706L033876,2,19,0,3,0,2,0,0,0,0,2,1,6,1,45,7,1248,2,10,1,1,1
201706L033911,1,9,0,18,0,8,0,0,0,0,1,1,6,1,20,4,999,1,-1,4,1,4
201706L033911,2,9,0,18,0,8,0,0,0,0,3,1,6,1,62,9,1149,1,9,6,2,6
201706L033942,1,9,0,18,0,1,1,0,0,0,1,1,6,1,30,6,1997,2,13,-1,-1,-1
201706L033942,2,9,0,4,0,1,0,0,0,0,2,1,2,2,18,4,1242,1,1,-1,-1,-1
201706L033942,3,9,0,3,0,1,0,0,0,0,2,1,2,1,32,6,1968,2,3,8,1,8
201706L033974,1,9,0,18,0,1,0,0,0,0,1,1,6,1,38,7,1968,2,7,1,1,1
201706L033974,2,9,0,18,0,1,0,0,0,0,2,1,6,1,20,4,1198,1,7,8,2,8
201706L034007,1,9,0,18,0,0,2,10,2,10,1,1,2,1,28,6,-1,-1,-1,3,1,3
201706L034026,1,9,0,16,0,0,0,0,0,0,3,-1,5,3,-1,-1,-1,-1,-1,-1,-1,-1
201706L034026,2,9,0,17,0,0,0,10,1,0,3,1,6,1,37,7,1398,1,1,2,1,2
201706L034053,1,9,0,18,0,8,0,0,0,0,3,1,6,1,28,6,1598,1,12,1,1,1
201706L034053,2,9,0,18,0,8,0,0,0,0,3,1,6,1,46,8,1997,2,13,3,1,3
201706L034077,1,9,0,9,0,8,0,10,0,1,1,1,6,1,76,11,1388,1,3,1,1,1
201706L034216,1,9,0,9,0,8,0,0,0,0,1,1,6,2,77,11,1198,1,3,6,1,6
201706L034216,2,1,0,18,0,8,0,0,0,0,1,1,6,2,21,5,-1,-1,-1,1,1,1
201706L034261,1,3,0,18,0,1,0,0,0,0,3,1,6,1,30,6,-1,-1,-1,-1,-1,-1
201706L034281,1,9,0,18,0,6,0,0,0,0,4,1,1,1,30,6,-1,-1,-1,-1,-1,-1
201706L034281,2,9,0,9,0,6,0,0,0,0,3,1,6,1,18,4,998,1,10,3,1,3
201706L034314,1,9,0,18,0,1,1,10,0,0,1,1,6,1,19,4,-1,-1,-1,10,1,10
201706L034314,2,8,0,3,0,1,0,0,0,0,2,1,1,1,28,6,1968,2,11,6,1,6
201706L034314,3,9,0,3,0,1,0,0,0,0,3,1,6,2,48,8,1600,2,7,7,1,7
201706L034317,1,9,0,18,0,0,0,0,0,0,1,1,6,1,60,9,1968,2,9,-1,-1,-1
201706L034317,2,90,0,18,0,0,0,0,0,0,2,1,6,1,54,8,-1,-1,-1,3,1,3
201706L034399,1,19,0,18,0,0,0,0,0,0,4,1,1,1,30,6,2198,2,9,1,1,1
201706L034399,2,1,0,18,0,0,0,0,0,0,3,1,2,1,27,6,-1,-1,-1,1,1,1
201706L034406,1,9,0,18,0,0,0,0,0,0,1,1,6,2,68,10,1499,1,1,1,1,1
201706L034461,1,5,0,17,0,0,2,0,0,0,0,1,6,1,38,7,999,1,8,1,1,1
201706L034479,1,9,0,18,0,8,0,0,0,0,2,1,2,1,45,7,1956,2,3,3,1,3
201706L034479,2,9,0,3,0,8,0,0,0,0,2,1,2,1,63,9,1598,2,1,10,1,10
201706L034479,3,9,0,10,0,8,0,0,0,0,0,1,2,1,22,5,1461,2,8,2,1,2
201706L034490,1,9,0,7,0,2,5,0,0,0,1,1,6,3,30,6,-1,-1,-1,-1,-1,-1
201706L034496,1,9,0,14,0,8,0,0,0,0,1,1,6,1,30,6,1968,2,14,-1,-1,-1
201706L034496,2,9,0,10,0,5,0,0,0,0,3,1,1,1,58,9,1497,8,11,2,1,2
201706L034501,1,9,0,18,0,0,0,0,0,0,1,1,6,1,30,6,1992,2,11,-1,-1,-1
201706L034501,2,9,0,3,0,0,0,0,0,0,2,1,6,1,56,9,1598,2,1,2,1,2
201706L034559,1,9,0,18,0,8,0,0,0,0,1,-1,5,3,-1,-1,-1,-1,-1,-1,-1,-1
201706L034559,2,9,0,9,0,6,0,0,0,0,1,1,6,1,32,6,1998,2,13,5,1,5
201706L034692,1,3,0,18,0,8,5,10,7,10,1,1,6,1,32,6,124,1,1,1,1,1
201706L034703,1,1,0,17,0,1,0,0,0,0,1,1,6,1,15,3,-1,-1,-1,10,1,10
201706L034703,2,9,0,17,0,1,0,0,0,0,1,1,6,2,18,4,1198,1,2,9,1,9
201706L034719,1,9,0,11,0,1,0,0,0,0,1,1,2,1,30,6,1598,2,2,2,1,2
201706L034719,2,5,0,9,0,1,0,0,0,0,4,1,2,1,29,6,599,1,12,2,1,2
201706L034728,1,9,0,9,0,8,0,0,0,0,4,1,6,2,20,4,1199,1,15,1,1,1
201706L034728,2,5,0,18,0,8,0,0,0,0,1,1,6,1,74,10,647,1,12,10,1,10
201706L034737,1,9,0,18,0,0,0,0,0,0,1,1,6,1,65,9,2488,1,11,3,1,3
201706L034737,2,9,0,4,0,0,0,0,0,0,2,1,6,1,67,10,1995,2,1,1,1,1
201706L034750,1,1,0,18,0,8,0,0,0,0,1,1,6,1,16,4,-1,-1,-1,3,1,3
201706L034750,2,9,0,18,0,8,0,0,0,0,1,1,6,2,66,10,1598,1,12,8,3,8
201706L034810,1,9,0,18,0,8,0,0,0,0,3,1,6,1,67,10,1596,1,12,2,1,2
201706L034810,2,1,0,18,0,8,0,0,0,0,1,1,6,1,30,6,-1,-1,-1,-1,-1,-1
201706L034901,1,9,0,9,0,5,0,0,0,0,4,1,6,2,40,7,1499,2,-1,3,1,3
201706L034901,2,9,0,18,0,8,0,0,0,0,1,1,6,1,20,4,1229,1,4,6,1,6
201706L034982,1,9,0,18,0,0,0,0,0,0,1,-1,5,3,-1,-1,-1,-1,-1,-1,-1,-1
201706L034982,2,3,0,18,0,0,0,0,0,0,2,1,1,1,24,5,125,1,1,2,1,2
201706L035020,1,9,0,18,0,1,0,0,0,0,4,1,6,1,45,7,1398,1,2,4,1,4
201706L035020,2,1,0,18,0,1,0,0,0,0,1,1,6,2,30,6,-1,-1,-1,2,1,2
201706L035058,1,9,0,5,0,8,0,0,0,0,0,-1,5,3,-1,-1,-1,-1,-1,-1,-1,-1
201706L035058,2,3,0,18,0,8,0,0,0,0,0,1,1,1,29,6,124,1,1,8,1,8
201706L035074,1,9,0,18,0,0,0,0,0,0,1,1,6,1,30,6,2401,2,14,-1,-1,-1
201706L035074,2,9,0,4,0,0,0,0,0,0,1,1,6,1,30,6,1596,1,5,-1,-1,-1
201706L035074,3,9,0,3,0,0,0,0,0,0,1,1,3,2,23,5,1560,2,5,5,1,5
201706L035097,1,9,0,18,0,8,0,0,0,0,1,1,6,1,30,6,1984,1,2,-1,-1,-1
201706L035097,2,9,0,18,0,8,0,0,0,0,3,1,6,1,39,7,996,1,6,8,1,8
201706L035097,3,9,0,18,0,1,0,0,0,0,2,1,6,1,62,9,1598,1,16,6,1,6
201706L035113,1,1,0,18,0,1,0,0,0,0,0,1,6,1,46,8,-1,-1,-1,8,1,8
201706L035113,2,9,0,9,0,6,0,0,0,0,0,-1,5,3,-1,-1,-1,-1,-1,-1,-1,-1
201706L035165,1,9,0,9,0,5,0,0,0,0,1,-1,5,3,-1,-1,-1,-1,-1,-1,-1,-1
201706L035165,2,9,0,18,0,8,0,0,0,0,3,1,6,1,44,7,2497,2,14,2,1,2
201706L035220,1,9,0,9,0,6,0,0,0,0,1,1,6,1,38,7,1596,1,14,1,1,1
201706L035220,2,5,0,18,0,8,0,0,0,0,1,1,6,1,58,9,750,1,24,5,1,5
201706L035314,1,9,0,18,0,2,0,10,1,1,4,1,6,2,87,11,1199,1,15,5,1,5
201706L035428,1,17,0,18,0,3,0,0,0,0,3,1,1,1,36,7,-1,-1,-1,1,1,1
201706L035428,2,21,0,18,0,8,0,0,0,0,1,1,1,1,43,7,4485,2,-1,1,1,1
201706L035436,1,9,0,9,0,6,0,0,0,0,0,-1,5,3,-1,-1,-1,-1,-1,-1,-1,-1
201706L035436,2,11,0,18,0,1,0,0,0,0,0,1,1,1,59,9,6700,2,9,4,1,4
201706L035630,1,9,0,18,0,0,2,10,1,4,1,1,6,1,19,4,1390,1,14,5,1,5
201706L035644,1,9,0,18,0,1,0,0,0,0,1,1,6,1,34,6,1910,2,10,3,1,3
201706L035644,2,9,0,3,0,1,0,0,0,0,2,1,2,2,49,8,1395,1,-1,5,1,5
201706L035646,1,9,0,18,0,0,0,0,0,0,1,1,6,1,36,7,1997,2,12,-1,-1,-1
201706L035813,1,9,0,18,0,2,1,4,8,2,4,1,6,1,15,3,-1,-1,-1,2,1,2
201706L035813,2,9,0,2,0,2,0,0,1,0,2,1,6,1,30,6,1995,2,4,-1,-1,-1
201706L035842,1,9,0,1,0,2,0,0,0,0,2,1,6,2,44,7,1461,2,3,3,1,3
201706L035860,1,9,0,9,0,6,0,0,0,0,2,1,6,2,76,11,1198,1,1,1,1,1
201706L035860,2,4,0,18,0,8,0,0,0,0,1,1,6,1,72,10,-1,-1,-1,3,1,3
201706L035877,1,9,0,7,0,1,0,0,0,0,1,1,6,1,30,6,1560,2,6,-1,-1,-1
201706L035877,2,9,0,8,0,1,0,0,0,0,2,1,1,1,33,6,1598,1,5,6,1,6
201706L035883,1,9,0,9,0,5,0,0,0,0,4,1,6,2,24,5,1995,2,6,-1,2,-1
201706L035883,2,9,0,18,0,8,0,0,0,0,1,1,6,1,27,6,2993,2,3,6,1,6
201706L035910,1,9,0,8,0,5,1,0,0,0,4,1,6,1,31,6,2143,2,2,2,1,2
201706L035964,1,9,0,18,0,2,0,0,0,0,1,1,6,2,29,6,1598,1,12,5,1,5
201706L035994,1,9,0,17,0,0,0,0,1,10,4,1,6,1,44,7,1984,1,14,5,1,5
201706L035994,2,9,0,18,0,0,0,0,0,0,0,1,6,1,36,7,1200,1,-1,1,1,1
201706L036000,1,9,0,18,0,8,0,0,0,0,4,1,2,2,24,5,1598,2,4,2,1,2
201706L036000,2,9,0,18,0,8,0,0,0,0,3,1,6,1,71,10,1198,1,1,1,1,1
201706L036004,1,1,0,18,9,1,0,0,0,0,1,1,4,1,16,4,-1,-1,-1,8,1,8
201706L036004,2,19,0,7,0,8,0,0,0,0,4,1,1,1,63,9,2198,2,5,3,1,3
201706L036054,1,9,0,18,0,0,0,0,0,0,3,1,2,1,35,6,-1,-1,-1,3,1,3
201706L036079,1,9,0,18,0,0,0,0,0,0,4,-1,5,3,-1,-1,-1,-1,-1,-1,-1,-1
201706L036079,2,1,0,18,0,0,0,0,2,10,2,1,6,1,47,8,-1,-1,-1,6,1,6
201706L036115,1,1,0,18,0,8,0,0,0,0,1,1,4,2,12,3,-1,-1,-1,-1,-1,-1
201706L036115,2,9,0,4,0,1,0,0,0,0,1,1,6,2,59,9,1197,1,3,1,1,1
201706L036205,1,9,0,7,0,6,0,0,0,0,1,1,6,1,30,6,-1,-1,-1,-1,-1,-1
201706L036205,2,1,0,18,0,8,0,0,0,0,1,1,1,1,31,6,-1,-1,-1,1,1,1
201706L036212,1,2,0,18,0,1,0,0,0,0,1,1,6,1,16,4,49,1,11,2,1,2
201706L036212,2,9,0,3,0,1,0,0,0,0,2,1,6,2,66,10,1200,1,1,3,1,3
201706L036240,1,9,0,5,0,6,0,0,0,0,1,1,2,2,37,7,-1,-1,-1,6,1,6
201706L036240,2,3,0,16,0,8,0,0,0,0,1,1,2,1,22,5,125,1,18,2,1,2
201706L036327,1,20,0,7,0,6,0,0,1,4,1,1,6,1,30,6,2198,2,1,-1,-1,-1
201706L036327,2,9,0,18,0,8,0,0,0,0,4,1,6,2,25,5,1242,1,6,8,1,8
201706L036341,1,9,0,9,0,6,0,0,0,0,1,1,6,1,41,7,-1,-1,-1,8,1,8
201706L036341,2,8,0,18,0,8,0,0,0,0,1,1,6,1,49,8,1769,1,17,-1,-1,-1
201706L036376,1,9,0,17,0,0,1,0,1,1,1,1,6,1,18,4,1390,1,13,-1,-1,-1
201706L036376,2,9,0,17,0,0,0,0,0,0,0,1,1,1,34,6,1396,2,3,4,1,4
201706L036394,1,9,0,18,0,1,0,0,0,0,4,1,2,1,33,6,1956,2,3,5,1,5
201706L036487,1,9,0,16,0,0,1,0,0,0,1,-1,5,3,-1,-1,-1,-1,-1,-1,-1,-1
201706L036487,2,9,0,4,0,0,0,0,0,0,2,1,6,2,19,4,-1,-1,-1,4,1,4
201706L036685,1,9,0,18,0,0,0,0,0,0,1,1,1,1,42,7,-1,-1,-1,7,1,7
201706L036685,2,9,0,3,0,0,0,0,0,0,2,1,6,1,41,7,1956,2,7,-1,-1,-1
201706L036685,3,9,0,3,0,0,0,0,0,0,2,1,6,2,33,6,1560,2,9,-1,-1,-1
201706L036703,1,19,0,9,0,5,0,0,0,0,1,1,6,1,44,7,2198,2,7,8,1,8
201706L036703,2,9,0,18,0,8,0,0,0,0,3,1,6,1,39,7,1995,2,8,1,1,1
201706L036724,1,9,0,18,0,8,0,0,0,0,3,1,6,2,26,6,1242,1,2,3,1,3
201706L036724,2,9,0,5,0,8,0,0,0,0,4,1,6,1,65,9,2143,2,1,7,1,7
201706L036725,1,19,0,18,0,2,0,4,0,0,4,-1,5,3,-1,-1,-1,-1,-1,-1,-1,-1
201706L036725,2,9,0,2,0,2,0,0,0,0,4,1,6,1,46,8,1598,1,12,-1,-1,-1
201706L036725,3,9,0,2,0,2,0,0,0,0,1,1,6,2,25,5,1197,1,1,-1,-1,-1
201706L036781,1,9,0,18,0,8,0,0,0,0,4,1,2,1,45,7,2000,2,8,2,1,2
201706L036818,1,9,0,18,0,0,0,0,0,0,1,1,6,1,30,6,-1,-1,-1,-1,-1,-1
201706L036818,2,1,0,18,0,0,0,0,0,0,1,1,2,1,30,6,-1,-1,-1,1,1,1
201706L036853,1,9,0,5,0,1,0,0,0,0,3,1,2,2,22,5,1360,1,14,2,1,2
201706L036853,2,9,0,18,0,1,0,0,0,0,1,1,6,1,26,6,1998,1,-1,-1,-1,-1
201706L036853,3,9,0,2,0,1,0,0,0,0,3,1,6,1,43,7,2148,2,12,3,1,3
201706L036853,4,9,0,18,0,2,0,0,0,0,1,1,2,2,28,6,1968,2,9,9,3,9
201706L036892,1,9,0,18,0,8,0,0,0,0,1,1,6,1,27,6,1199,2,5,-1,-1,-1
201706L036892,2,9,0,18,0,8,0,0,0,0,1,1,6,1,30,6,1560,2,6,2,1,2
201706L036892,3,9,0,18,0,1,0,0,0,0,0,1,1,1,30,6,2993,2,1,-1,-1,-1
201706L036892,4,9,0,2,0,2,0,0,0,0,2,1,6,1,30,6,1198,1,5,-1,-1,-1
201706L036892,5,9,0,2,0,2,0,0,0,0,2,1,6,1,30,6,1493,2,13,-1,-1,-1
201706L036892,6,9,0,2,0,2,0,0,0,0,4,1,6,1,30,6,-1,-1,-1,-1,-1,-1
201706L036892,7,9,0,2,0,2,0,0,0,0,1,1,6,1,30,6,2521,1,11,-1,-1,-1
201706L036892,8,9,0,2,0,2,0,0,0,0,2,1,6,1,30,6,1999,1,11,-1,-1,-1
201706L036892,9,9,0,2,0,2,0,0,0,0,1,1,6,1,30,6,1368,1,7,-1,-1,-1