Accident_Index,Vehicle_Reference,Vehicle_Type,Towing_and_Articulation,Vehicle_Manoeuvre,Vehicle_Location-Restricted_Lane,Junction_Location,Skidding_and_Overturning,Hit_Object_in_Carriageway,Vehicle_Leaving_Carriageway,Hit_Object_off_Carriageway,1st_Point_of_Impact,Was_Vehicle_Left_Hand_Drive?,Journey_Purpose_of_Driver,Sex_of_Driver,Age_of_Driver,Age_Band_of_Driver,Engine_Capacity_(CC),Propulsion_Code,Age_of_Vehicle,Driver_IMD_Decile,Driver_Home_Area_Type,Vehicle_IMD_Decile
201706M036139,2,9,0,18,0,0,0,0,0,0,1,1,1,1,29,6,1686,2,4,1,1,1
201706M036209,1,9,0,9,0,6,0,0,0,0,4,1,6,1,30,6,1360,1,8,-1,-1,-1
201706M036209,2,1,0,18,4,8,0,0,0,0,1,1,1,1,31,6,-1,-1,-1,7,1,7
201706M036270,1,9,0,18,0,3,0,0,0,0,1,1,6,2,30,6,-1,-1,-1,-1,-1,-1
201706M036270,2,9,0,4,0,3,0,0,0,0,2,1,2,1,53,8,1997,2,12,1,1,1
201706M036288,1,9,0,17,0,0,1,0,0,0,4,1,6,1,20,4,-1,-1,-1,6,1,6
201706M036288,2,21,0,16,0,0,0,0,0,0,1,1,1,1,32,6,6693,2,4,6,1,6
201706M036296,1,9,0,7,0,8,1,10,7,1,1,1,6,1,17,4,-1,-1,-1,1,1,1
201706M036296,2,9,0,18,0,1,0,0,0,0,0,1,1,1,56,9,2993,2,3,1,1,1
201706M036305,1,9,0,9,0,6,0,0,0,0,1,1,1,1,42,7,2143,12,3,2,1,2
201706M036318,1,9,0,9,0,5,0,0,0,0,1,1,6,1,46,8,1329,1,8,3,1,3
201706M036350,1,9,0,5,0,1,0,0,0,0,1,1,6,2,80,11,1229,1,6,8,1,8
201706M036386,1,9,0,18,0,2,0,0,0,0,1,1,6,2,30,6,-1,-1,-1,-1,-1,-1
201706M036386,2,9,0,3,0,2,1,0,0,0,2,1,2,2,48,8,1398,1,9,5,1,5
201706M036386,3,9,0,3,0,2,0,0,0,0,4,1,6,3,30,6,-1,-1,-1,-1,-1,-1
201706M036444,1,9,0,9,0,5,0,0,0,0,1,1,6,1,69,10,1951,2,14,-1,-1,-1
201706M036444,2,1,0,18,0,8,0,0,0,0,3,1,2,1,28,6,-1,-1,-1,2,1,2
201706M036446,1,9,0,9,0,5,1,0,1,10,1,1,6,2,16,4,1798,1,13,1,1,1
201706M036458,1,9,0,17,0,0,0,4,0,0,1,1,6,2,77,11,1582,2,7,10,1,10
201706M036458,2,9,0,2,0,0,0,0,0,0,2,1,6,1,53,8,-1,-1,-1,-1,-1,-1
201706M036458,3,9,0,2,0,0,0,0,0,0,1,1,6,1,30,6,2400,2,1,-1,-1,-1
201706M036495,1,9,0,18,0,0,0,0,0,0,1,1,6,1,24,5,1968,2,7,7,1,7
201706M036495,2,1,0,18,0,0,0,0,0,0,3,1,6,1,38,7,-1,-1,-1,1,1,1
201706M036537,1,9,0,7,0,3,1,0,0,0,1,1,6,2,22,5,1995,2,12,5,1,5
201706M036537,2,9,0,3,0,1,0,0,0,0,3,1,6,1,54,8,1197,1,2,6,1,6
201706M036537,3,9,0,3,0,1,0,0,0,0,3,1,6,1,44,7,2198,2,12,3,2,3
201706M036565,1,9,0,9,0,5,0,0,0,0,1,1,6,1,44,7,1998,8,1,-1,-1,-1
201706M036565,2,3,0,18,0,8,0,0,0,0,1,1,6,1,32,6,124,1,20,3,1,3
201706M036591,1,9,0,18,0,0,0,0,0,0,1,-1,5,3,-1,-1,-1,-1,-1,-1,-1,-1
201706M036591,2,9,0,3,0,0,1,0,0,0,2,1,6,2,46,8,998,1,1,9,1,9
201706M036649,1,8,0,18,0,0,0,0,0,0,1,1,1,1,30,6,2402,2,11,4,1,4
201706M036670,1,5,0,18,0,1,0,0,0,0,1,1,6,1,25,5,649,1,7,5,1,5
201706M036698,1,9,0,7,0,4,0,0,0,0,1,1,6,2,72,10,1598,1,2,10,1,10
201706M036698,2,9,0,18,0,8,0,0,0,0,4,1,6,2,30,6,-1,-1,-1,-1,-1,-1
201706M036786,1,9,0,9,0,5,0,0,0,0,1,1,2,1,62,9,1596,1,5,6,1,6
201706M036786,2,1,0,18,0,1,0,0,0,0,1,1,6,1,28,6,-1,-1,-1,2,1,2
201706M036786,3,1,0,18,0,1,0,0,0,0,1,1,6,2,25,5,-1,-1,-1,2,1,2
201706M037045,1,9,0,7,0,6,0,0,0,0,1,1,1,1,55,8,1998,1,1,8,1,8
201706M037045,2,1,0,18,0,2,0,0,0,0,4,1,2,1,30,6,-1,-1,-1,-1,-1,-1
201706M037062,1,9,0,9,0,8,0,0,0,0,3,1,6,2,64,9,1339,1,2,9,1,9
201706M037076,1,9,0,9,0,5,0,0,0,0,4,1,6,2,82,11,998,1,15,1,1,1
201706M037076,2,1,0,18,0,8,0,0,0,0,1,1,2,1,52,8,-1,-1,-1,10,1,10
201706M037142,1,9,0,18,0,1,1,7,0,0,1,1,6,1,46,8,1870,2,15,1,1,1
201706M037142,2,9,0,3,0,1,0,0,0,0,2,1,6,2,95,11,1242,1,2,8,1,8
201706M037206,1,1,0,18,0,8,0,0,0,0,1,1,6,2,24,5,-1,-1,-1,2,1,2
201706M037206,2,9,0,7,0,6,0,0,0,0,3,1,6,1,21,5,1753,2,11,2,1,2
201706M037222,1,8,0,9,0,6,0,0,0,0,3,1,6,1,30,6,1598,2,5,-1,-1,-1
201706M037222,2,1,0,18,0,8,0,0,0,0,4,1,1,1,27,6,-1,-1,-1,9,1,9
201706M037260,1,9,0,7,0,5,0,0,0,0,4,1,1,1,47,8,2231,2,9,7,1,7
201706M037260,2,1,0,18,0,1,0,0,0,0,3,1,1,2,51,8,-1,-1,-1,3,1,3
201706M037339,1,9,0,18,0,3,0,0,0,0,1,1,6,1,30,6,2993,2,13,-1,-1,-1
201706M037339,2,9,0,18,0,2,0,0,0,0,2,1,6,2,57,9,1985,1,14,8,1,8
201706M037383,1,9,0,18,0,8,0,0,0,0,4,-1,5,3,-1,-1,-1,-1,-1,-1,-1,-1
201706M037383,2,9,0,18,0,8,0,0,0,0,1,1,6,2,42,7,-1,-1,-1,3,1,3
201706M037403,1,9,0,5,8,8,0,0,0,0,3,1,1,1,30,6,-1,-1,-1,-1,-1,-1
201706M037403,2,1,0,18,4,8,0,0,0,0,1,1,6,1,48,8,-1,-1,-1,8,1,8
201706M037447,1,9,0,8,0,1,0,0,0,0,4,1,2,2,25,5,999,1,2,3,1,3
201706M037447,2,1,0,8,0,1,0,0,0,0,3,1,2,2,30,6,-1,-1,-1,2,1,2
201706M037466,1,9,0,9,0,6,0,0,0,0,4,1,6,1,31,6,1199,2,6,6,1,6
201706M037466,2,9,0,18,0,8,0,0,0,0,1,1,6,1,27,6,1968,2,4,-1,-1,-1
201706M037489,1,9,0,18,0,0,0,10,1,10,1,1,6,2,19,4,1242,1,3,9,1,9
201706M037494,1,9,0,9,0,2,0,0,0,0,4,1,6,1,30,6,-1,-1,-1,-1,-1,-1
201706M037579,1,9,0,5,0,6,0,0,0,0,1,1,2,1,27,6,1984,1,10,8,1,8
201706M037579,2,1,0,18,0,8,0,0,0,0,4,1,2,1,36,7,-1,-1,-1,4,1,4
201706M037628,1,9,0,18,0,1,0,0,0,0,1,1,6,1,23,5,1794,1,17,1,1,1
201706M037628,2,9,0,18,0,7,0,0,0,0,1,1,6,2,20,4,1242,1,7,4,1,4
201706M037628,3,9,0,4,0,1,0,0,0,0,2,1,6,1,55,8,1598,1,7,1,1,1
201706M037686,1,9,0,18,0,1,0,0,0,0,0,-1,5,3,-1,-1,-1,-1,-1,-1,-1,-1
201706M037752,1,9,0,18,0,8,1,0,7,1,1,-1,5,3,-1,-1,-1,-1,-1,-1,-1,-1
201706M037752,2,9,0,9,0,6,0,0,0,0,2,1,6,2,57,9,1798,1,4,5,1,5
201706M037837,1,9,0,5,0,0,0,0,0,0,1,1,6,2,70,10,1399,2,13,5,1,5
201706M037837,2,9,0,3,0,0,0,0,0,0,2,1,6,2,62,9,1796,1,2,4,1,4
201706M037848,1,9,0,9,0,5,0,0,0,0,3,1,6,1,19,4,1198,1,11,10,1,10
201706M037848,2,9,0,18,0,8,0,0,1,2,1,1,6,2,29,6,1598,2,6,1,1,1
201706M037859,1,9,0,18,0,0,0,0,0,0,1,1,2,1,50,8,2261,1,2,7,1,7
201706M037859,2,9,0,18,0,0,0,0,0,0,1,1,2,2,63,9,1598,2,4,5,1,5
201706M037863,1,9,0,9,0,5,0,0,0,0,1,1,6,1,74,10,1995,2,10,5,1,5
201706M037980,1,9,0,9,0,5,0,0,0,0,3,1,1,2,20,4,1198,1,4,10,1,10
201706M037980,2,9,0,18,0,8,0,0,0,0,3,1,6,1,30,6,-1,-1,-1,-1,-1,-1
201706M038086,1,9,0,7,0,6,0,0,0,0,3,1,6,2,20,4,1197,1,4,5,1,5
201706M038086,2,9,0,18,0,8,0,0,0,0,4,1,6,2,51,8,1956,2,2,4,1,4
201706M038087,1,9,0,9,0,6,0,0,0,0,1,1,1,2,51,8,1198,1,4,5,1,5
201706M038087,2,3,0,13,0,8,0,0,0,0,4,1,2,1,18,4,125,1,4,4,1,4
201706M038198,1,9,0,9,0,8,0,0,4,10,4,1,1,1,41,7,1396,2,3,4,1,4
201706M038198,2,9,0,18,0,8,0,0,0,0,3,1,1,1,43,7,1396,2,4,4,1,4
201706M038236,1,9,0,18,0,0,0,0,0,0,1,1,2,1,46,8,1560,2,7,1,1,1
201706M038283,1,9,0,18,0,2,0,4,0,0,1,1,6,2,83,11,1590,1,17,8,1,8
201706M038283,2,9,0,2,0,2,0,0,0,0,4,1,6,1,24,5,1328,1,10,9,1,9
201706M038283,3,9,0,2,0,2,0,0,0,0,2,1,6,1,67,10,1871,2,12,8,1,8
201706M038283,4,9,0,2,0,2,0,0,0,0,2,1,6,2,47,8,-1,-1,-1,4,1,4
201706M038298,1,9,0,9,0,6,0,0,0,0,3,1,6,1,59,9,1598,1,9,9,1,9
201706M038298,2,5,0,18,0,1,0,0,0,0,4,1,6,1,62,9,1312,1,12,3,1,3
201706M038331,1,9,0,18,0,8,0,0,0,0,1,1,6,1,30,6,1149,1,11,1,1,1
201706M038363,1,19,0,5,0,1,0,0,0,0,3,1,1,1,30,6,1248,2,8,-1,-1,-1
201706M038363,2,9,0,14,0,1,0,0,0,0,4,1,6,2,28,6,1242,1,2,6,1,6
201706M038447,1,9,0,9,0,5,0,0,0,0,1,1,6,2,38,7,-1,-1,-1,7,1,7
201706M038481,1,9,0,18,0,0,0,0,0,0,1,1,6,1,45,7,1587,1,16,2,1,2
201706M038498,1,9,0,9,0,6,0,0,0,0,3,1,6,1,29,6,-1,-1,-1,2,1,2
201706M038498,2,5,0,18,0,8,0,0,0,0,1,1,6,1,21,5,599,1,9,2,1,2
201706M038555,1,9,0,18,0,8,0,0,0,0,1,-1,5,3,-1,-1,-1,-1,-1,-1,-1,-1
201706M038555,2,9,0,18,0,8,0,10,0,0,4,1,6,2,33,6,1149,1,15,2,1,2
201706M038593,1,9,0,9,0,5,0,0,0,0,1,1,6,1,25,5,2996,1,-1,9,1,9
201706M038593,2,1,0,18,0,8,0,0,0,0,4,1,6,1,40,7,-1,-1,-1,8,1,8
201706M038611,1,9,0,6,0,0,0,0,0,0,3,1,6,1,83,11,1598,1,15,4,1,4
201706M038611,2,9,0,13,0,0,0,0,0,0,4,1,2,1,47,8,2993,2,7,10,1,10
201706M038657,1,9,0,11,0,8,0,0,0,0,4,1,6,1,30,6,1988,2,14,-1,-1,-1
201706M038657,2,9,0,18,0,8,0,0,0,0,3,1,6,2,54,8,-1,-1,-1,5,1,5
201706M038672,1,9,0,9,0,5,0,0,0,0,1,1,2,2,63,9,998,1,5,8,1,8
201706M038672,2,9,0,18,0,8,0,0,0,0,1,1,6,1,70,10,1582,2,1,9,1,9
201706M038693,1,9,0,18,0,8,0,4,0,0,3,1,6,2,85,11,1339,1,10,7,1,7
201706M038693,2,9,0,2,0,8,0,0,0,0,3,1,6,1,45,7,2987,2,5,9,1,9
201706M038709,1,9,0,9,0,8,0,0,0,0,1,1,6,1,49,8,1248,1,-1,1,1,1
201706M038709,2,9,0,18,0,8,0,0,0,1,1,1,6,1,43,7,1598,2,2,8,1,8
201706M038711,1,1,0,9,0,8,0,0,0,0,1,1,6,1,35,6,-1,-1,-1,4,1,4
201706M038711,2,9,0,9,0,8,0,0,0,0,3,1,6,1,43,7,1461,2,-1,7,1,7
201706M038767,1,9,0,1,0,1,0,0,3,10,2,1,1,1,79,11,1398,1,2,9,1,9
201706M038767,2,9,0,2,0,1,0,0,0,0,2,1,6,2,52,8,1598,1,5,9,1,9
201706M038787,1,9,0,18,0,0,0,0,0,0,3,1,6,1,27,6,-1,-1,-1,5,1,5
201706M038787,2,9,0,18,0,0,0,0,0,0,3,1,6,1,63,9,1991,2,13,1,1,1
201706M038993,1,9,0,18,0,2,0,0,0,0,1,1,6,2,39,7,1598,2,-1,1,1,1
201706M039069,1,9,0,6,0,0,0,0,0,0,3,1,3,1,34,6,1461,2,11,4,1,4
201706M039069,2,17,0,18,0,0,0,0,0,0,1,1,1,1,34,6,-1,-1,-1,-1,-1,-1
201706M039115,1,90,0,18,0,8,0,0,0,0,1,1,1,1,38,7,7146,2,9,6,3,6
201706M039115,2,9,0,9,0,5,0,0,0,0,3,1,6,1,32,6,1968,2,6,5,1,5
201706M039158,1,9,0,18,0,6,0,0,0,0,1,1,6,2,23,5,1242,1,4,-1,-1,-1
201706M039158,2,9,0,18,0,8,0,0,0,0,1,1,6,1,72,10,1956,2,5,4,1,4
201706M039188,1,3,0,4,0,1,0,0,0,0,1,1,2,1,18,4,124,1,7,3,1,3
201706M039188,2,9,0,4,0,1,0,0,0,0,2,1,6,2,49,8,1499,1,1,10,1,10
201706M039306,1,9,0,14,0,0,0,0,0,0,2,-1,5,3,-1,-1,-1,-1,-1,-1,-1,-1
201706M039306,2,1,0,18,0,0,0,0,0,0,4,1,1,2,48,8,-1,-1,-1,10,1,10
201706MA27382,1,9,0,18,0,8,0,0,0,0,1,-1,5,3,-1,-1,-1,-1,-1,-1,-1,-1
201706MA27382,2,9,0,18,0,1,0,0,0,0,0,1,6,1,36,7,1794,7,9,1,1,1
201706MA27382,3,8,0,18,0,8,0,0,0,0,3,1,1,1,30,6,2993,2,1,-1,-1,-1
201706ME27315,1,1,0,9,0,5,0,0,0,0,4,1,6,2,30,6,-1,-1,-1,5,1,5
201706ME27315,2,9,0,18,4,8,0,0,1,0,1,-1,2,3,-1,-1,-1,-1,-1,-1,-1,-1
201706ME27816,1,9,0,18,0,8,0,0,0,0,3,1,6,2,52,8,898,1,1,7,1,7
201706ME27816,2,11,0,18,0,8,0,0,0,0,1,1,1,1,51,8,3900,2,11,4,1,4
201706ME29500,1,9,0,16,0,1,1,0,1,2,3,1,6,2,27,6,1229,1,11,3,1,3
201706ME34042,1,9,0,18,0,0,0,0,0,0,1,1,6,1,32,6,1242,1,10,4,1,4
201706ME34042,2,9,0,18,0,0,0,0,0,0,1,1,6,1,84,11,-1,-1,-1,8,1,8
201706N025460,1,9,0,9,0,5,0,0,0,0,1,1,6,1,54,8,1995,2,2,8,1,8
201706N025460,2,1,0,18,0,8,0,0,0,0,3,1,2,1,59,9,-1,-1,-1,2,1,2
201706N025616,1,9,0,18,0,1,0,0,0,0,1,1,6,2,37,7,1618,1,3,8,1,8
201706N025693,1,19,0,9,0,8,0,0,0,0,0,1,6,1,35,6,-1,-1,-1,-1,-1,-1
201706N025818,1,21,0,18,0,0,0,0,0,0,1,1,1,1,28,6,12740,2,3,10,1,10
201706N025818,2,9,0,10,0,0,0,0,0,0,0,1,1,2,73,10,-1,-1,-1,1,1,1
201706N025818,3,21,0,18,0,0,0,0,0,0,1,1,1,1,31,6,-1,-1,-1,7,3,7
201706N025834,1,9,0,9,0,8,0,0,0,0,1,1,2,1,21,5,1600,2,8,1,1,1
201706N025834,2,1,0,18,0,8,0,0,0,0,3,1,6,1,47,8,-1,-1,-1,5,3,5
201706N025837,1,9,0,18,0,0,0,0,0,0,1,1,6,1,64,9,2231,2,8,10,1,10
201706N025839,1,9,0,9,0,8,0,0,0,0,1,1,6,2,53,8,1995,2,3,8,1,8
201706N025839,2,9,0,18,0,8,0,0,0,0,3,1,6,2,47,8,-1,-1,-1,3,1,3
201706N025871,1,1,0,18,0,0,0,0,0,0,3,1,6,1,31,6,-1,-1,-1,1,1,1
201706N025871,2,9,0,18,0,0,0,0,0,0,1,1,1,2,60,9,1242,1,14,1,1,1
201706N025896,1,9,0,9,0,8,0,0,0,0,3,1,6,1,43,7,2987,2,11,9,1,9
201706N025896,2,9,0,4,0,8,0,0,0,0,1,1,6,2,20,4,1149,1,9,7,1,7
201706N025956,1,9,0,18,0,8,0,0,3,0,1,1,6,2,56,9,1397,1,8,6,1,6
201706N025976,1,9,0,5,0,4,0,0,0,0,1,1,2,2,46,8,1598,2,2,10,1,10
201706N025976,2,9,0,5,0,3,0,0,0,0,4,1,2,2,44,7,1339,1,10,9,1,9
201706N026083,1,3,0,4,0,2,1,0,0,0,1,1,2,1,19,4,125,1,1,6,1,6
201706N026083,2,9,0,4,0,2,0,0,0,0,2,1,6,2,33,6,1242,1,12,10,1,10
201706N026118,1,9,0,13,0,8,1,10,0,7,1,1,6,1,30,6,1124,1,17,-1,-1,-1
201706N026118,2,9,0,18,0,8,1,0,1,0,1,1,6,2,27,6,1587,1,11,4,1,4
201706N026122,1,9,0,18,0,8,5,0,0,0,4,1,6,1,31,6,1597,2,3,7,1,7
201706N026122,2,9,0,2,0,8,0,0,0,0,4,1,6,2,30,6,1598,1,8,7,1,7
201706N026129,1,9,0,18,0,2,1,10,1,4,4,1,6,1,25,5,1229,1,8,3,1,3
201706N026129,2,9,0,2,0,1,0,0,0,0,4,-1,5,3,-1,-1,-1,-1,-1,-1,-1,-1
201706N026986,1,9,0,1,0,0,0,0,0,0,2,1,6,1,18,4,999,1,1,1,1,1
201706N027048,1,9,0,18,0,8,0,0,0,0,1,1,6,1,30,6,1798,1,12,5,1,5
201706N027048,2,1,0,18,0,8,0,0,0,0,1,1,6,1,35,6,-1,-1,-1,9,2,9
201706N027121,1,9,0,9,0,8,0,0,0,0,3,1,2,2,34,6,-1,-1,-1,9,1,9
201706N027121,2,9,0,17,0,8,0,0,0,0,1,1,2,2,88,11,1242,1,4,-1,-1,-1
201706N027171,1,11,0,18,0,0,0,0,0,0,1,1,1,1,31,6,9360,2,9,1,1,1
201706N027172,1,9,0,5,0,8,0,0,0,0,1,1,3,2,70,10,998,1,7,6,1,6
201706N027172,2,9,0,18,0,8,0,0,0,0,1,1,6,1,19,4,2143,2,2,5,1,5
201706N027172,3,9,0,2,0,8,0,0,0,0,1,1,6,2,70,10,1781,1,15,5,1,5
201706N027284,1,9,0,5,0,8,0,0,3,0,4,1,6,2,71,10,1798,1,4,9,1,9
201706N027284,2,9,0,18,0,8,0,0,0,0,1,1,2,2,61,9,1956,2,5,1,1,1
201706N027301,1,9,0,17,0,4,0,0,0,0,1,1,6,1,67,10,-1,-1,-1,7,1,7
201706N027301,2,9,0,9,0,8,0,0,0,0,4,1,6,2,28,6,1399,1,1,-1,-1,-1
201706N027303,1,9,0,3,0,8,0,0,0,0,1,-1,5,3,-1,-1,-1,-1,-1,-1,-1,-1
201706N027303,2,9,0,3,0,8,0,0,0,0,2,1,1,2,29,6,1198,1,3,6,1,6
201706N027325,1,9,0,17,0,0,1,10,1,10,1,1,1,2,30,6,1968,2,1,4,1,4
201706N027325,2,9,0,16,0,0,0,0,0,0,0,1,2,2,36,7,-1,-1,-1,6,1,6
201706N027348,1,2,0,18,0,0,0,0,0,0,1,1,4,1,30,6,50,1,3,2,1,2
201706N027358,1,9,0,9,0,6,0,0,0,0,1,1,2,1,35,6,2143,2,6,5,1,5
201706N027358,2,2,0,18,0,8,0,0,0,0,1,1,2,2,19,4,113,1,1,-1,-1,-1
201706N027364,1,8,0,9,0,5,0,0,0,0,1,1,2,1,44,7,1796,1,10,2,1,2
201706N027580,1,9,0,16,0,8,0,0,0,0,1,1,6,1,20,4,1598,2,2,1,1,1
201706N027580,2,9,0,17,0,8,2,10,5,0,4,1,6,2,51,8,1248,1,6,10,1,10
201706N027660,1,9,0,18,0,8,0,0,0,0,1,1,6,2,41,7,1590,1,15,9,1,9
201706N027660,2,9,0,9,0,8,0,0,0,0,1,1,6,2,26,6,-1,-1,-1,10,1,10
201706N027672,1,9,0,5,0,4,0,0,0,0,1,1,6,2,37,7,1968,2,4,6,1,6
201706N027672,2,9,0,18,0,3,0,0,0,0,4,1,6,1,28,6,1998,1,13,4,1,4
201706N027921,1,8,0,18,0,8,0,0,0,0,3,1,6,1,30,6,-1,-1,-1,-1,-1,-1
201706N027921,2,9,0,18,0,8,0,0,0,0,4,1,6,1,22,5,1229,1,5,2,1,2
201706N027985,1,9,0,18,0,6,0,0,0,0,1,1,6,1,41,7,1968,2,7,1,1,1
201706N027985,2,9,0,18,0,8,1,0,7,10,4,1,6,2,58,9,-1,-1,-1,5,1,5
201706N028007,1,9,0,18,0,8,0,0,0,0,4,1,6,2,28,6,2987,2,7,6,1,6
201706N028007,2,9,0,9,0,8,0,0,0,0,1,1,2,1,28,6,1242,1,13,7,1,7
201706N028056,1,9,0,18,0,1,0,0,0,0,1,1,6,1,28,6,-1,-1,-1,9,1,9
201706N028056,2,9,0,11,0,1,0,0,0,0,3,1,6,1,78,11,1242,1,15,-1,-1,-1
201706N028057,1,9,0,9,0,8,0,0,0,0,1,1,6,2,51,8,1390,1,16,6,1,6
201706N028057,2,9,0,9,0,6,0,0,0,0,3,1,6,1,66,10,1560,2,12,4,1,4
201706N028097,1,9,0,5,0,0,0,0,0,0,1,1,6,2,39,7,1398,1,13,4,1,4
201706N028103,1,9,0,14,0,2,0,0,0,0,4,1,6,2,30,6,-1,-1,-1,-1,-1,-1
201706N028115,1,9,0,18,0,2,0,0,0,0,1,1,6,2,44,7,1339,1,11,5,1,5
201706N028116,1,9,0,18,0,1,0,0,0,0,1,1,6,1,30,6,-1,-1,-1,-1,-1,-1
201706N028116,2,9,0,3,0,1,0,0,0,0,2,1,6,2,46,8,-1,-1,-1,8,1,8
201706N028118,1,9,0,3,0,1,0,0,0,0,1,1,6,1,27,6,2148,2,10,8,1,8
201706N028118,2,4,0,4,0,1,0,0,0,0,2,1,6,1,45,7,248,1,3,3,1,3
201706N028131,1,9,0,18,0,1,0,0,0,0,1,-1,5,3,-1,-1,-1,-1,-1,-1,-1,-1
201706N028131,2,8,0,1,0,8,0,0,0,0,4,1,1,1,30,6,-1,-1,-1,-1,-1,-1
201706N028144,1,9,0,18,0,0,0,0,0,0,4,1,1,1,57,9,1598,2,5,4,1,4
201706N028192,1,9,0,18,0,1,0,0,0,0,1,1,6,1,30,6,1956,2,7,-1,-1,-1
201706N028192,2,1,0,18,0,8,0,0,0,0,1,1,6,1,12,3,-1,-1,-1,5,1,5
201706N028232,1,9,0,18,0,8,0,0,0,0,3,1,6,2,41,7,2231,2,11,9,1,9
201706N028232,2,1,0,18,0,4,0,0,0,0,1,1,6,1,36,7,-1,-1,-1,6,1,6
201706N028236,1,9,0,9,0,8,0,0,0,0,1,1,6,1,30,6,1598,1,13,3,1,3
201706N028236,2,1,0,9,0,8,0,0,0,0,4,1,6,1,40,7,-1,-1,-1,9,1,9
201706N028276,1,9,0,1,0,1,0,0,0,0,2,1,6,1,30,6,1598,1,11,-1,-1,-1
201706N028276,2,9,0,18,0,2,0,0,0,0,1,1,6,1,35,6,1396,2,3,-1,-1,-1
201706N028276,3,9,0,2,0,2,0,0,0,0,4,-1,5,3,-1,-1,-1,-1,-1,-1,-1,-1
201706N028276,4,9,0,2,0,2,0,0,0,0,1,-1,5,3,-1,-1,-1,-1,-1,-1,-1,-1
201706N028411,1,10,0,18,0,8,0,0,0,0,1,1,1,1,50,8,-1,-1,-1,9,1,9
201706N028701,1,9,0,9,0,2,0,0,0,0,1,1,6,1,61,9,1598,2,6,2,1,2
201706N028745,1,9,0,5,0,8,0,0,0,0,4,1,6,1,59,9,1560,2,2,6,1,6
201706N028745,2,9,0,18,0,1,0,0,0,0,1,1,6,2,26,6,1360,1,11,1,1,1
201706N028859,1,9,0,9,0,8,0,0,0,0,1,1,6,2,30,6,1124,1,11,-1,-1,-1
201706N028859,2,1,0,9,0,8,0,0,0,0,4,1,1,1,40,7,-1,-1,-1,4,1,4
201706N029107,1,9,0,18,0,8,0,0,0,0,1,1,6,1,28,6,1995,2,5,2,1,2
201706N029107,2,9,0,9,0,5,0,0,0,0,4,1,6,1,86,11,1796,1,14,3,1,3
201706N029111,1,1,0,18,0,8,0,0,0,0,3,1,6,1,14,3,-1,-1,-1,9,1,9
201706N029111,2,9,0,7,0,8,0,0,0,0,1,1,1,1,66,10,-1,-1,-1,4,1,4
201706N029190,1,9,0,3,0,0,0,0,0,0,2,1,6,1,30,6,1995,2,6,-1,-1,-1
201706N029190,2,9,0,18,0,0,0,0,0,0,1,1,6,1,20,4,-1,-1,-1,7,1,7
201706N029202,1,9,0,18,0,8,0,0,0,0,1,1,6,2,73,10,-1,-1,-1,9,2,9
201706N029202,2,9,0,2,0,2,0,0,0,0,3,1,6,1,73,10,1591,1,4,8,1,8
201706N029208,1,90,0,7,0,4,0,0,0,0,1,1,6,1,30,6,-1,-1,-1,-1,-1,-1
201706N029208,2,9,0,7,0,4,0,0,0,0,1,1,6,1,28,6,1199,1,14,4,1,4
201706N029362,1,4,0,14,0,8,0,0,0,0,4,1,6,1,17,4,125,1,7,4,1,4
201706N029362,2,9,0,7,0,1,0,0,0,0,1,1,3,2,39,7,1396,1,4,3,1,3
201706N029414,1,4,0,18,0,1,0,0,0,0,1,1,6,1,30,6,124,1,6,-1,-1,-1
201706N029414,2,9,0,10,0,8,0,0,0,0,3,1,6,2,74,10,998,1,15,4,1,4
201706N029446,1,9,0,5,0,1,0,0,0,0,0,1,6,1,18,4,-1,-1,-1,3,1,3
201706N029446,2,4,0,18,0,1,2,0,0,0,0,1,6,1,26,6,-1,-1,-1,4,1,4
201706N029470,1,9,0,1,0,1,0,0,0,0,2,-1,5,3,-1,-1,-1,-1,-1,-1,-1,-1
201706N029483,1,9,0,5,0,6,0,0,0,0,3,1,6,2,35,6,1399,2,7,1,1,1
201706N029483,2,3,0,18,0,8,0,0,0,0,1,1,1,1,27,6,125,1,-1,1,1,1
201706N029531,1,90,0,18,0,8,0,0,0,0,4,1,1,1,54,8,-1,-1,-1,4,1,4
201706N029531,2,1,0,18,0,8,0,0,1,10,2,1,2,1,40,7,-1,-1,-1,8,1,8
201706N029565,1,9,0,9,0,8,0,0,0,0,1,1,6,2,21,5,1200,1,3,6,1,6
201706N029565,2,9,0,7,0,8,0,0,0,0,1,1,6,1,82,11,1596,1,6,3,1,3
201706N029703,1,9,0,18,0,1,0,0,0,0,1,1,6,1,22,5,1560,2,1,-1,-1,-1
201706N029703,2,8,0,3,0,1,0,0,0,0,2,1,1,1,48,8,1497,8,10,3,1,3
201706N029834,1,9,0,9,0,8,0,0,0,0,1,1,6,1,30,6,-1,-1,-1,-1,-1,-1
201706N029834,2,3,0,18,0,8,0,0,0,0,1,1,6,1,18,4,124,1,8,4,1,4
201706N029852,1,3,0,18,0,8,0,0,0,0,1,1,6,1,25,5,125,1,8,2,1,2
201706N029852,2,9,0,9,0,8,0,0,0,0,1,1,6,1,82,11,999,1,15,7,1,7
201706N030002,1,9,0,18,0,0,0,0,0,0,1,1,2,2,35,6,1560,2,7,1,1,1
201706N030005,1,9,0,18,0,0,0,0,0,0,1,-1,5,3,-1,-1,-1,-1,-1,-1,-1,-1
201706N030005,2,1,0,18,0,0,0,0,0,0,2,1,1,1,16,4,-1,-1,-1,9,1,9