Accident_Index,Vehicle_Reference,Vehicle_Type,Towing_and_Articulation,Vehicle_Manoeuvre,Vehicle_Location-Restricted_Lane,Junction_Location,Skidding_and_Overturning,Hit_Object_in_Carriageway,Vehicle_Leaving_Carriageway,Hit_Object_off_Carriageway,1st_Point_of_Impact,Was_Vehicle_Left_Hand_Drive?,Journey_Purpose_of_Driver,Sex_of_Driver,Age_of_Driver,Age_Band_of_Driver,Engine_Capacity_(CC),Propulsion_Code,Age_of_Vehicle,Driver_IMD_Decile,Driver_Home_Area_Type,Vehicle_IMD_Decile
201706N030071,1,9,0,18,0,0,0,0,0,0,1,1,3,1,44,7,1360,1,10,6,1,6
201706N030132,1,8,0,7,0,1,0,0,0,0,4,1,1,1,35,6,1685,2,4,2,1,2
201706N030132,2,90,0,18,0,1,0,0,0,0,1,1,6,1,66,10,-1,-1,-1,7,1,7
201706N030152,1,9,0,18,0,8,0,0,1,4,3,1,6,2,44,7,1242,1,11,1,1,1
201706N030190,1,9,0,18,0,1,0,0,1,10,1,1,6,1,77,11,-1,-1,-1,6,1,6
201706N030190,2,1,0,18,0,1,0,0,0,0,2,1,2,1,45,7,-1,-1,-1,9,2,9
201706N030193,1,9,0,18,0,1,0,0,0,0,1,1,2,1,39,7,3993,1,3,9,3,9
201706N030193,2,1,0,18,0,1,0,0,0,0,2,1,2,1,66,10,-1,-1,-1,2,1,2
201706N030419,1,9,0,18,0,0,0,0,0,0,1,-1,5,3,-1,-1,-1,-1,-1,-1,-1,-1
201706N030419,2,1,0,18,0,0,0,0,1,0,4,1,6,1,11,3,-1,-1,-1,10,1,10
201706N030515,1,9,0,9,0,8,0,0,0,0,1,1,6,1,30,6,1242,1,10,-1,-1,-1
201706N030515,2,9,0,18,0,8,0,0,0,0,3,1,6,2,33,6,998,1,7,1,1,1
201706N030553,1,9,0,5,0,6,0,0,0,0,1,1,1,1,41,7,998,1,1,4,1,4
201706N030553,2,9,0,18,0,8,0,0,0,0,1,1,6,1,52,8,-1,-1,-1,8,1,8
201706N030650,1,9,0,18,0,8,0,0,0,0,1,1,6,1,36,7,1598,2,6,4,1,4
201706N030650,2,9,0,9,0,8,0,0,0,0,2,1,6,2,43,7,1086,1,9,9,1,9
201706N030662,1,9,0,10,0,0,0,0,0,0,0,1,2,1,26,6,1390,1,15,-1,-1,-1
201706N030662,2,1,0,18,0,0,0,0,0,0,0,1,2,1,39,7,-1,-1,-1,5,1,5
201706N030669,1,9,0,18,0,8,0,0,0,0,3,1,6,2,28,6,-1,-1,-1,-1,-1,-1
201706N030669,2,1,0,18,0,8,0,0,0,0,1,1,6,1,72,10,-1,-1,-1,2,1,2
201706N030676,1,9,0,5,0,8,0,7,0,0,1,1,6,2,73,10,998,1,9,4,1,4
201706N030676,2,9,0,18,0,8,0,0,0,0,3,1,6,1,47,8,1600,1,18,1,1,1
201706N030701,1,9,0,18,0,2,1,0,0,0,1,1,6,2,30,6,-1,-1,-1,-1,-1,-1
201706N030723,1,9,0,18,0,4,0,0,0,0,1,1,6,1,60,9,1493,2,9,6,1,6
201706N030723,2,9,0,18,0,3,0,0,0,0,4,1,6,1,27,6,-1,-1,-1,4,1,4
201706N030723,3,9,0,3,0,1,0,0,0,0,1,1,6,2,32,6,1242,1,6,4,1,4
201706N030815,1,9,0,18,0,0,0,0,0,0,2,1,6,2,69,10,1598,1,9,1,1,1
201706N030815,2,90,0,18,0,0,0,0,0,0,1,1,6,1,30,6,-1,-1,-1,-1,-1,-1
201706N030928,1,2,0,18,0,1,0,0,0,0,1,1,2,1,16,4,50,1,3,2,1,2
201706N030928,2,9,0,3,0,1,0,0,0,0,2,1,2,2,41,7,1461,2,-1,10,1,10
201706N031022,1,9,0,18,0,0,0,0,0,0,1,1,2,2,32,6,1395,1,2,2,1,2
201706N031022,2,9,0,18,0,0,0,0,0,0,2,1,6,1,22,5,1200,1,1,4,1,4
201706N031117,1,9,0,9,0,8,0,0,0,0,1,1,6,1,30,6,1968,2,11,-1,-1,-1
201706N031119,1,90,0,18,0,2,0,10,6,1,1,1,6,1,28,6,-1,-1,-1,-1,-1,-1
201706N031119,2,9,0,4,0,1,0,0,0,0,1,1,6,1,45,7,1124,1,11,4,1,4
201706N031131,1,9,0,18,0,0,0,0,0,0,3,2,1,2,44,7,-1,-1,-1,7,1,7
201706N031146,1,1,0,18,0,0,0,0,0,0,1,1,6,1,40,7,-1,-1,-1,4,1,4
201706N031146,2,9,0,3,0,0,0,0,0,0,2,1,6,2,26,6,1229,1,10,10,1,10
201706N031295,1,9,0,3,0,1,0,0,0,0,1,1,6,1,30,6,1598,2,2,-1,-1,-1
201706N031295,2,9,0,18,0,1,0,0,0,0,2,1,2,1,32,6,1197,1,2,6,1,6
201706N031320,1,9,0,9,0,8,0,0,0,0,3,1,1,2,43,7,998,1,4,5,1,5
201706N031320,2,90,0,9,0,8,1,0,0,0,3,1,1,1,69,10,-1,-1,-1,2,1,2
201706N031342,1,9,0,9,0,8,0,0,0,0,1,1,6,2,27,6,1390,1,3,4,1,4
201706N031342,2,1,0,18,0,8,0,0,0,0,3,1,2,1,38,7,-1,-1,-1,-1,-1,-1
201706N031376,1,3,0,18,0,8,1,0,0,0,1,1,6,1,51,8,124,1,5,1,1,1
201706N031376,2,9,0,9,0,8,0,0,0,0,4,1,6,1,37,7,1598,2,4,2,1,2
201706N031408,1,9,0,4,0,1,0,0,0,0,1,-1,5,3,-1,-1,-1,-1,-1,-1,-1,-1
201706N031408,2,9,0,8,0,1,0,0,0,0,3,1,1,2,41,7,1242,1,3,2,1,2
201706N031408,3,9,0,8,0,1,0,0,0,0,0,-1,5,3,-1,-1,-1,-1,-1,-1,-1,-1
201706N031434,1,9,0,18,0,0,0,0,0,0,1,1,6,1,30,6,-1,-1,-1,-1,-1,-1
201706N031434,2,9,0,18,0,0,0,0,0,0,2,1,6,2,42,7,998,1,2,3,1,3
201706N031520,1,9,0,3,0,0,0,0,0,0,1,1,6,1,33,6,2696,2,10,6,1,6
201706N031520,2,3,0,3,0,0,0,0,0,0,2,1,6,1,59,9,124,1,1,1,1,1
201706N031717,1,9,0,9,0,8,0,0,0,0,1,1,6,2,19,4,1198,1,7,9,3,9
201706N031717,2,9,0,18,0,8,0,0,0,0,1,1,6,1,21,5,998,1,7,4,1,4
201706N031734,1,9,0,9,0,6,0,0,0,0,1,1,6,2,25,5,1796,1,9,5,1,5
201706N031734,2,9,0,18,0,8,0,0,0,0,1,1,6,2,38,7,1248,1,3,-1,-1,-1
201706N031740,1,5,0,18,0,8,1,0,0,0,1,1,6,1,19,4,599,1,18,1,1,1
201706N031740,2,19,0,9,0,6,0,0,0,0,3,1,1,1,51,8,-1,-1,-1,9,1,9
201706N031772,1,9,0,7,0,8,0,0,0,0,4,-1,5,3,-1,-1,1118,1,28,-1,-1,-1
201706N031772,2,1,0,18,0,8,0,0,0,0,4,1,6,1,44,7,-1,-1,-1,2,1,2
201706N031919,1,9,0,18,0,0,2,4,2,2,1,1,6,1,44,7,1560,2,11,4,1,4
201706N031919,2,9,0,2,0,0,2,0,0,0,0,-1,5,3,-1,-1,-1,-1,-1,-1,-1,-1
201706N031919,3,9,0,2,0,0,0,0,0,0,0,-1,5,3,-1,-1,-1,-1,-1,-1,-1,-1
201706N031921,1,90,0,7,0,5,0,0,0,0,4,1,1,1,36,7,-1,-1,-1,5,1,5
201706N031921,2,5,0,15,0,8,1,0,0,0,1,1,2,1,25,5,998,1,4,5,1,5
201706N031950,1,9,0,3,0,1,0,0,0,0,2,1,6,1,40,7,1587,1,14,5,1,5
201706N031950,2,9,0,3,0,1,0,0,0,0,1,1,6,1,40,7,-1,-1,-1,5,1,5
201706N031965,1,9,0,9,0,8,0,0,0,0,3,1,6,1,66,10,1598,2,6,9,1,9
201706N031965,2,4,0,13,0,8,0,0,7,10,1,1,6,1,26,6,-1,-1,-1,3,1,3
201706N031969,1,9,0,18,0,1,0,0,0,0,1,1,6,1,35,6,2231,2,11,1,1,1
201706N031969,2,1,0,7,0,6,0,0,0,0,1,1,6,2,11,3,-1,-1,-1,-1,-1,-1
201706N031971,1,9,0,14,0,0,0,0,0,0,3,-1,5,3,-1,-1,-1,-1,-1,-1,-1,-1
201706N031983,1,9,0,4,0,8,0,0,0,0,4,1,6,1,20,4,1995,2,5,9,3,9
201706N031983,2,9,0,5,0,8,0,0,0,0,1,1,6,1,29,6,1229,1,7,2,1,2
201706N031987,1,9,0,13,0,1,0,0,7,0,4,1,6,1,55,8,1995,2,1,9,1,9
201706N031987,2,9,0,5,0,1,0,0,0,0,3,1,6,2,30,6,1595,1,13,-1,-1,-1
201706N032052,1,9,0,9,0,4,1,0,0,0,1,1,2,1,30,6,-1,-1,-1,4,1,4
201706N032052,2,9,0,17,0,4,1,0,0,0,2,1,2,1,51,8,2231,2,10,6,1,6
201706N032052,3,9,0,8,0,4,0,0,0,0,1,1,2,2,33,6,1497,1,14,2,1,2
201706N032245,1,9,0,18,0,8,0,4,0,0,1,1,6,2,42,7,1582,2,9,6,1,6
201706N032245,2,9,0,9,0,8,0,0,0,0,4,1,6,2,30,6,1229,1,10,-1,-1,-1
201706N032245,3,9,0,2,0,2,0,0,0,0,2,-1,5,3,-1,-1,-1,-1,-1,-1,-1,-1
201706N032454,1,9,0,7,0,6,0,0,0,0,1,1,6,1,23,5,1995,2,3,5,1,5
201706N032454,2,9,0,5,0,8,0,0,0,0,2,1,6,1,58,9,2231,2,10,6,1,6
201706N032528,1,9,0,12,0,8,0,0,0,0,1,1,6,2,28,6,1398,1,4,1,1,1
201706N032528,2,9,0,3,0,8,0,0,0,0,2,1,6,1,32,6,1896,2,12,1,1,1
201706N032528,3,9,0,3,0,8,0,0,0,0,2,1,6,2,38,7,1364,1,1,9,1,9
201706N032528,4,9,0,3,0,8,0,0,0,0,2,1,6,2,39,7,1995,2,2,-1,-1,-1
201706N032619,1,9,0,18,0,8,0,0,0,0,1,1,6,1,18,4,-1,-1,-1,8,1,8
201706N032631,1,4,0,14,0,8,0,0,0,0,4,1,6,1,20,4,125,1,4,1,1,1
201706N032631,2,9,0,9,0,6,0,0,0,0,1,1,6,1,43,7,1560,2,8,2,1,2
201706N032715,1,9,0,13,0,8,0,0,0,0,4,-1,5,3,-1,-1,-1,-1,-1,-1,-1,-1
201706N032715,2,1,0,18,0,8,0,0,0,0,3,1,1,1,50,8,-1,-1,-1,5,1,5
201706N032845,1,9,0,9,0,6,0,0,0,0,1,1,6,1,30,6,-1,-1,-1,5,1,5
201706N032858,1,9,0,18,0,0,0,0,0,0,1,1,6,1,30,6,1798,1,15,-1,-1,-1
201706N032858,2,9,0,18,0,0,0,0,0,0,2,1,6,1,31,6,1499,2,4,2,1,2
201706N033102,1,9,0,16,0,0,1,0,0,0,1,1,6,1,43,7,1587,1,15,-1,-1,-1
201706N033102,2,9,0,17,0,0,0,0,7,10,2,1,1,1,47,8,1587,1,10,-1,-1,-1
201706N033149,1,9,0,18,0,0,0,0,0,0,1,1,6,1,48,8,996,1,5,2,1,2
201706N033187,1,8,0,18,0,4,0,0,0,0,1,1,6,1,37,7,1956,2,4,7,1,7
201706N033187,2,1,0,18,0,8,0,0,0,0,3,1,6,1,51,8,-1,-1,-1,6,1,6
201706N033395,1,9,0,18,0,1,0,0,0,0,0,1,1,1,52,8,1797,8,6,-1,-1,-1
201706N033540,1,9,0,18,0,8,0,0,0,0,4,1,1,2,39,7,2149,2,10,9,1,9
201706N033540,2,1,0,18,0,8,0,0,0,0,3,1,6,1,18,4,-1,-1,-1,4,1,4
201706N033601,1,9,0,4,0,8,0,0,0,0,3,1,6,2,50,8,1199,2,6,3,1,3
201706N033601,2,8,0,18,0,8,0,0,0,0,1,1,6,1,49,8,1364,2,3,1,1,1
201706N033677,1,9,0,9,0,6,0,0,0,0,3,1,6,2,26,6,998,1,15,7,1,7
201706N033677,2,11,0,18,0,8,0,0,0,0,1,1,1,1,24,5,9360,2,9,10,1,10
201706N033677,3,9,0,18,0,1,0,0,0,0,1,1,6,2,32,6,1753,2,10,2,1,2
201706N033704,1,8,0,1,0,2,0,0,0,0,2,1,1,1,30,6,1995,2,9,-1,-1,-1
201706N033704,2,1,0,10,0,1,0,0,0,0,4,1,6,2,43,7,-1,-1,-1,7,3,7
201706N033725,1,9,0,9,0,6,0,0,0,0,1,1,6,1,30,6,2231,2,10,-1,-1,-1
201706N033725,2,9,0,10,0,6,0,0,0,0,2,1,6,2,53,8,1242,1,7,4,1,4
201706N033782,1,9,0,18,0,0,0,0,2,2,1,1,6,1,26,6,1242,1,6,-1,-1,-1
201706N033830,1,90,0,15,0,1,0,0,0,0,4,1,1,1,30,6,-1,-1,-1,6,3,6
201706N033830,2,2,0,5,0,1,5,0,0,7,3,1,6,1,16,4,49,1,17,4,1,4
201706N033833,1,9,0,13,0,0,0,0,0,0,3,1,6,1,38,7,2967,2,10,8,1,8
201706N033833,2,9,0,18,0,0,0,0,0,0,3,1,6,1,67,10,1461,2,3,1,1,1
201706N033865,1,9,0,5,0,8,0,0,0,0,1,1,6,2,83,11,1796,1,14,9,1,9
201706N033865,2,1,0,9,0,8,0,0,0,0,4,1,6,1,14,3,-1,-1,-1,8,1,8
201706N033960,1,9,0,16,0,0,0,4,0,0,1,-1,5,3,-1,-1,-1,-1,-1,-1,-1,-1
201706N033960,2,9,0,17,0,0,0,4,0,0,1,1,6,1,22,5,1781,1,12,3,1,3
201706N033960,3,9,0,2,0,0,0,0,0,0,1,1,1,1,38,7,-1,-1,-1,2,1,2
201706N033960,4,19,4,2,0,0,0,0,0,0,1,1,1,1,32,6,1896,2,9,3,1,3
201706N034128,1,9,0,18,8,1,0,0,0,0,1,1,6,2,47,8,-1,-1,-1,5,1,5
201706N034168,1,10,0,9,0,8,0,0,0,0,1,-1,5,3,-1,-1,-1,-1,-1,-1,-1,-1
201706N034168,2,1,0,18,0,8,0,0,0,0,1,1,6,1,50,8,-1,-1,-1,-1,-1,-1
201706N034199,1,9,0,5,0,0,0,0,0,0,1,1,6,2,39,7,-1,-1,-1,7,1,7
201706N034199,2,5,0,14,0,0,0,0,0,0,1,1,6,1,44,7,988,1,15,3,1,3
201706N034263,1,9,0,9,0,8,0,0,0,0,1,1,6,2,41,7,-1,-1,-1,1,1,1
201706N034263,2,9,0,18,0,8,0,0,0,0,4,1,6,1,73,10,-1,-1,-1,1,1,1
201706N034278,1,9,0,9,0,3,0,0,0,0,4,1,2,1,26,6,1910,2,9,7,1,7
201706N034278,2,9,0,17,0,4,0,0,0,0,3,1,6,2,33,6,1596,1,8,1,1,1
201706N034287,1,9,0,7,0,6,0,0,0,0,1,1,6,1,30,6,-1,-1,-1,-1,-1,-1
201706N034287,2,1,0,18,9,8,0,0,0,0,3,1,6,1,19,4,-1,-1,-1,6,1,6
201706N034311,1,9,0,9,0,3,0,10,1,1,1,1,6,2,89,11,1242,1,-1,2,1,2
201706N034497,1,19,0,18,0,8,0,0,0,0,1,1,1,1,34,6,2461,2,7,6,1,6
201706N034497,2,9,0,9,0,6,0,0,0,0,3,1,6,1,51,8,998,1,15,6,1,6
201706N034529,1,9,0,7,0,8,0,0,0,0,1,1,6,1,26,6,-1,-1,-1,2,1,2
201706N034529,2,8,0,18,0,8,0,4,1,5,1,1,1,1,24,5,1598,2,6,2,1,2
201706N034529,3,9,0,2,0,2,0,0,0,0,1,1,6,2,38,7,1398,1,2,5,1,5
201706N034595,1,9,0,13,0,8,0,10,7,10,1,-1,5,3,-1,-1,-1,-1,-1,-1,-1,-1
201706N034595,2,8,0,9,0,5,0,10,7,1,3,1,1,1,55,8,1598,2,4,2,1,2
201706N034596,1,9,0,18,0,8,0,4,0,0,1,1,6,1,25,5,1560,2,6,1,1,1
201706N034596,2,9,0,2,0,1,0,0,0,0,3,1,6,1,74,10,1560,2,5,8,1,8
201706N034596,3,8,0,18,0,4,0,0,0,0,2,1,1,1,51,8,1598,2,4,6,1,6
201706N034664,1,9,0,11,0,0,0,0,0,0,4,1,6,1,30,6,1560,2,5,-1,-1,-1
201706N034664,2,9,0,18,0,0,0,10,0,0,3,1,6,1,28,6,2597,7,15,2,1,2
201706N034748,1,8,0,9,0,4,0,0,0,0,1,1,1,1,40,7,1797,8,2,4,1,4
201706N034796,1,9,0,14,0,8,0,0,0,0,4,1,6,2,30,6,998,1,9,-1,-1,-1
201706N034796,2,9,0,10,0,8,0,0,0,0,3,1,6,2,56,9,998,1,1,7,1,7
201706N034863,1,9,0,18,0,0,0,0,0,0,1,1,6,1,30,6,-1,-1,-1,-1,-1,-1
201706N034863,2,9,0,4,0,0,0,0,0,0,2,1,6,1,47,8,-1,-1,-1,3,1,3
201706N034879,1,9,0,13,0,1,0,0,0,0,1,1,6,1,30,6,1364,1,1,-1,-1,-1
201706N034879,2,9,0,8,0,1,0,0,0,0,2,1,2,2,55,8,2143,2,1,10,1,10
201706N034890,1,9,0,6,0,8,0,0,0,0,1,1,3,1,37,7,1461,2,2,8,1,8
201706N034890,2,1,0,18,9,8,0,0,0,0,1,1,6,1,20,4,-1,-1,-1,1,1,1
201706N034909,1,9,0,18,0,0,0,0,0,0,1,1,6,2,30,6,1242,1,9,2,1,2
201706N034947,1,9,0,5,0,1,0,0,0,0,1,1,6,2,38,7,1229,1,3,5,1,5
201706N034989,1,9,0,15,0,2,1,0,0,0,1,1,2,1,28,6,1968,1,12,1,1,1
201706N035034,1,9,0,9,0,5,0,0,0,0,4,1,1,1,28,6,-1,-1,-1,1,1,1
201706N035034,2,9,0,18,0,8,0,0,0,0,1,1,1,1,61,9,1560,2,6,3,1,3
201706N035099,1,9,0,4,0,1,0,0,0,0,1,1,6,2,54,8,1686,2,3,-1,-1,-1
201706N035099,2,9,0,3,0,4,0,0,0,0,2,1,6,2,49,8,1796,1,7,8,1,8
201706N035184,1,9,0,18,0,4,0,7,0,0,1,1,6,2,18,4,996,1,5,6,1,6
201706N035184,2,9,0,18,0,8,5,0,0,0,4,1,6,2,51,8,1386,1,11,3,1,3
201706N035410,1,9,0,9,0,6,0,0,0,0,1,1,2,1,25,5,899,1,4,2,1,2
201706N035410,2,9,0,18,0,8,0,0,0,0,1,1,2,1,20,4,1422,1,11,1,1,1
201706N035427,1,1,0,18,0,8,0,0,0,0,1,1,6,1,41,7,-1,-1,-1,1,1,1
201706N035427,2,9,0,7,0,8,0,0,0,0,3,1,6,1,43,7,-1,-1,-1,6,1,6
201706N035494,1,9,0,14,0,8,0,0,0,0,1,1,6,1,25,5,1968,2,7,6,1,6
201706N035494,2,9,0,9,0,6,0,0,0,0,1,1,6,2,43,7,1591,1,-1,8,1,8
201706N035521,1,9,0,18,0,8,0,0,0,0,1,1,6,2,25,5,1240,1,13,7,1,7
201706N035671,1,9,0,18,0,4,0,0,0,0,1,1,6,1,38,7,1242,1,12,3,1,3
201706N035671,2,9,0,9,0,3,0,0,0,0,1,1,6,2,48,8,1248,1,8,2,1,2
201706N035745,1,9,0,6,0,8,0,0,0,0,1,1,2,1,30,6,1398,1,3,3,1,3
201706N035745,2,9,0,18,0,8,0,0,0,0,1,1,3,1,35,6,1560,2,6,3,1,3
201706N035831,1,9,0,18,0,8,1,0,0,0,4,1,1,2,39,7,-1,-1,-1,1,1,1
201706N035831,2,9,0,18,0,8,0,0,0,0,1,1,2,2,62,9,998,1,7,7,1,7
201706N036042,1,9,0,9,0,6,0,0,0,0,1,1,6,2,54,8,1598,1,12,4,1,4
201706N036160,1,20,0,1,8,0,0,0,0,0,2,1,1,1,31,6,2299,2,-1,2,1,2
201706N036184,1,9,0,5,0,8,1,0,0,0,3,1,2,1,44,7,1398,2,13,1,1,1
201706N036184,2,9,0,18,0,8,1,0,3,6,1,1,6,1,29,6,1968,2,4,2,1,2
201706N036388,1,9,0,18,0,4,0,0,0,0,1,1,6,2,32,6,1995,1,10,4,1,4
201706N036388,2,9,0,4,0,4,0,0,0,0,2,1,2,1,53,8,1198,1,11,3,1,3
201706N036399,1,3,0,7,0,8,5,0,0,0,4,1,2,1,23,5,124,1,-1,4,1,4
201706N036399,2,9,0,18,0,4,0,0,0,0,1,1,2,1,33,6,-1,-1,-1,4,1,4
201706N036468,1,9,0,16,0,1,0,0,8,0,1,1,6,2,30,6,898,1,2,-1,-1,-1
201706N036468,2,9,0,17,0,2,0,0,0,0,3,1,6,1,63,9,998,1,8,7,1,7
201706N036720,1,9,0,18,0,0,0,0,0,0,4,1,6,1,71,10,1396,1,21,3,1,3
201706N036739,1,9,0,18,0,8,1,2,1,1,4,1,6,1,29,6,1968,2,9,2,1,2
201706N036739,2,9,0,18,0,6,0,0,0,0,1,1,6,1,67,10,2179,2,5,3,1,3
201706N036754,1,9,0,18,0,0,0,0,0,0,1,1,6,1,30,6,2143,2,-1,-1,-1,-1
201706N036754,2,9,0,3,0,0,0,0,0,0,2,1,6,1,56,9,1598,1,9,3,1,3
201706N036958,1,9,0,18,0,2,0,0,0,0,1,1,6,1,35,6,1995,2,4,-1,-1,-1
201706N037103,1,9,0,18,0,8,0,0,0,10,1,1,6,1,56,9,1598,1,12,1,1,1
201706N037224,1,9,0,5,0,8,0,0,0,0,3,1,6,1,26,6,1984,1,-1,1,1,1
201706N037224,2,5,0,18,0,8,0,0,0,0,1,1,6,1,30,6,124,1,-1,9,1,9
201706N037374,1,9,0,18,0,8,0,0,0,0,3,1,6,2,52,8,1398,2,11,4,1,4
201706N037374,2,9,0,9,0,8,0,0,0,0,1,1,6,1,51,8,1995,2,2,9,1,9
201706N037396,1,9,0,18,0,1,0,0,0,0,4,-1,5,3,-1,-1,-1,-1,-1,-1,-1,-1
201706N037454,1,9,0,18,0,0,0,0,0,0,4,1,1,2,25,5,998,1,11,2,1,2
201706N037502,1,3,0,18,0,2,0,4,0,0,1,1,6,1,29,6,125,1,1,4,1,4
201706N037502,2,9,0,2,0,2,0,0,0,0,2,1,6,1,31,6,1560,2,9,-1,-1,-1
201706N037502,3,9,0,2,0,2,0,0,0,0,2,1,6,1,42,7,1349,1,5,-1,-1,-1
201706N037505,1,8,0,9,0,5,0,0,0,0,4,1,1,1,30,6,1598,2,4,2,1,2
201706N037505,2,1,0,18,0,8,0,0,0,0,1,1,6,1,17,4,-1,-1,-1,8,1,8
201706N037520,1,9,0,18,0,2,0,0,0,0,1,1,1,1,72,10,1796,1,6,9,1,9
201706N037638,1,9,0,18,0,8,0,0,0,0,1,1,6,2,35,6,1997,1,13,9,2,9
201706N037638,2,9,0,4,0,8,0,0,0,0,1,1,6,2,26,6,1388,1,12,7,3,7
201706N037646,1,9,0,13,0,1,0,0,0,0,3,1,6,1,26,6,1598,2,6,-1,-1,-1
201706N037646,2,9,0,18,0,2,0,0,0,0,3,1,6,1,74,10,996,1,3,8,1,8
201706N037679,1,9,0,18,0,0,1,4,0,0,1,1,6,1,30,6,1998,2,13,-1,-1,-1
201706N037679,2,9,0,2,0,0,0,0,0,0,1,1,6,2,27,6,1499,1,1,9,1,9
201706N037679,3,9,0,5,0,0,0,0,0,0,4,1,6,1,30,6,1984,1,-1,-1,-1,-1
201706N037679,4,9,0,18,0,0,0,0,0,0,0,1,6,1,30,6,1984,1,-1,-1,-1,-1
201706N037679,5,9,0,2,0,0,0,0,0,0,3,1,6,1,28,6,-1,-1,-1,8,1,8
201706N037686,1,9,0,18,0,0,0,4,0,0,1,1,6,2,81,11,1364,1,1,6,1,6
201706N037686,2,9,0,2,0,0,0,0,0,0,2,1,6,2,49,8,1995,2,5,4,1,4
201706N037686,3,9,0,2,0,0,0,0,0,0,2,1,6,2,76,11,-1,-1,-1,4,1,4
201706N037768,1,9,0,3,0,8,0,0,0,0,1,1,2,2,55,8,1395,1,1,5,1,5
201706N037822,1,9,0,18,0,1,0,0,0,0,1,1,6,1,73,10,-1,-1,-1,8,1,8
201706N037835,1,9,0,18,0,1,0,0,0,0,4,1,6,2,55,8,-1,-1,-1,7,1,7
201706N037867,1,19,0,9,0,8,0,0,0,0,1,1,1,1,44,7,-1,-1,-1,-1,-1,-1
201706N037973,1,9,0,2,0,2,0,0,0,0,0,1,3,1,30,6,1497,1,14,-1,-1,-1
201706N037973,2,1,0,18,0,2,2,0,0,0,0,1,1,2,51,8,-1,-1,-1,5,1,5
201706N037983,1,21,0,18,0,7,0,0,0,0,1,1,1,1,40,7,6370,2,7,1,1,1
201706N037983,2,9,0,7,0,6,0,0,0,0,3,1,6,1,38,7,1461,2,5,1,1,1
201706N038032,1,9,0,5,0,6,0,0,1,0,1,1,1,1,27,6,-1,-1,-1,2,1,2
201706N038065,1,9,0,14,0,0,0,0,0,0,4,1,1,2,49,8,1398,1,11,3,1,3
201706N038124,1,9,0,18,0,1,0,0,0,0,4,1,6,1,58,9,-1,-1,-1,9,1,9
201706N038125,1,9,0,1,0,0,0,0,0,0,3,1,6,1,69,10,1560,2,8,6,3,6
201706N038125,2,9,0,2,0,0,0,0,0,0,3,1,6,2,56,9,2231,2,11,4,1,4
201706N038125,3,9,0,2,0,0,0,0,0,0,3,1,6,2,46,8,1796,1,13,8,1,8
201706N038125,4,9,0,2,0,0,0,0,0,0,2,1,6,2,75,10,1198,1,5,3,1,3
201706N038227,1,9,0,5,0,1,0,0,0,0,1,1,3,2,32,6,1199,2,5,2,1,2
201706N038295,1,19,0,5,0,0,0,0,0,0,0,1,6,1,30,6,-1,-1,-1,-1,-1,-1
201706N038312,1,9,0,6,0,0,0,0,0,0,3,1,6,2,57,9,-1,-1,-1,6,1,6
201706N038312,2,5,0,18,0,0,2,0,0,0,1,1,2,1,35,6,745,1,-1,3,1,3
201706N038318,1,9,0,9,0,5,1,0,0,0,4,1,6,1,30,6,1587,1,15,-1,-1,-1
201706N038318,2,9,0,18,0,8,0,0,0,0,3,1,6,2,45,7,1582,2,3,-1,-1,-1
201706N038385,1,19,0,9,0,5,0,0,0,0,4,1,1,1,47,8,2143,2,4,4,1,4
201706N038385,2,9,0,18,0,8,0,0,0,0,1,1,6,1,70,10,1240,1,13,6,1,6
201706N038452,1,9,0,9,0,6,0,0,0,0,3,1,6,2,47,8,-1,-1,-1,7,3,7
201706N038452,2,9,0,18,0,8,0,0,0,0,1,1,6,1,33,6,1199,1,14,4,1,4
201706N038454,1,9,0,9,0,5,0,0,0,0,1,1,1,2,31,6,-1,-1,-1,2,1,2
201706N038454,2,8,0,3,0,8,0,0,0,0,0,1,1,1,44,7,1997,2,6,1,1,1
201706N038454,3,1,0,18,4,8,0,0,0,0,1,1,6,1,71,10,-1,-1,-1,7,1,7
201706N038485,1,1,0,5,4,1,1,10,0,0,1,1,6,1,20,4,-1,-1,-1,5,1,5
201706N038485,2,9,0,3,0,1,0,0,0,0,4,1,6,1,32,6,-1,-1,-1,1,1,1
201706N038566,1,9,0,9,0,6,0,0,0,0,3,1,6,2,21,5,999,1,5,6,1,6
201706N038566,2,9,0,18,0,8,0,0,0,0,1,1,6,2,33,6,1461,2,11,-1,-1,-1
201706N038623,1,9,0,18,0,8,0,0,0,0,4,1,2,1,47,8,1597,2,3,1,1,1
201706N038623,2,9,0,18,0,8,0,0,0,0,1,1,2,1,52,8,998,1,18,4,1,4
201706N038674,1,9,0,10,0,4,0,0,0,0,1,-1,5,3,-1,-1,1598,1,7,-1,-1,-1
201706N038674,2,9,0,18,0,8,0,0,0,0,4,1,2,2,52,8,1200,1,1,6,1,6
201706N038677,1,9,0,18,0,1,0,0,0,0,1,1,6,1,27,6,1910,2,13,1,1,1
201706N038677,2,9,0,10,0,1,0,0,3,0,2,1,6,2,70,10,-1,-1,-1,1,1,1
201706N038694,1,9,0,18,0,0,0,0,0,0,1,1,6,2,49,8,1595,1,-1,4,1,4
201706N038694,2,9,0,18,0,0,0,0,0,0,1,1,6,2,39,7,1998,1,12,6,1,6
201706N038803,1,8,0,4,0,0,0,0,0,0,4,1,1,1,35,6,1995,2,8,2,1,2
201706N038803,2,1,0,18,4,0,0,0,0,0,4,1,6,1,19,4,-1,-1,-1,2,1,2