Accident_Index,Vehicle_Reference,Vehicle_Type,Towing_and_Articulation,Vehicle_Manoeuvre,Vehicle_Location-Restricted_Lane,Junction_Location,Skidding_and_Overturning,Hit_Object_in_Carriageway,Vehicle_Leaving_Carriageway,Hit_Object_off_Carriageway,1st_Point_of_Impact,Was_Vehicle_Left_Hand_Drive?,Journey_Purpose_of_Driver,Sex_of_Driver,Age_of_Driver,Age_Band_of_Driver,Engine_Capacity_(CC),Propulsion_Code,Age_of_Vehicle,Driver_IMD_Decile,Driver_Home_Area_Type,Vehicle_IMD_Decile
201706N038903,1,9,0,18,0,1,0,0,0,0,1,1,6,1,30,6,1781,1,15,-1,-1,-1
201706N038903,2,9,0,4,0,1,0,0,0,0,2,1,6,1,33,6,1390,1,13,2,1,2
201706N039034,1,9,0,17,0,0,0,0,0,0,1,-1,5,3,-1,-1,-1,-1,-1,-1,-1,-1
201706N039074,1,9,0,9,0,6,0,0,0,0,1,1,2,2,43,7,1390,1,7,4,1,4
201706N039074,2,9,0,13,0,8,0,0,0,0,4,1,6,1,22,5,1598,1,11,3,1,3
201706N039116,1,9,0,18,0,2,0,0,0,0,1,1,2,2,61,9,998,1,2,8,1,8
201706N039386,1,9,0,3,0,2,0,4,0,0,4,-1,5,3,-1,-1,-1,-1,-1,-1,-1,-1
201706N039386,2,9,0,2,0,2,0,0,0,0,3,1,2,2,34,6,1598,1,1,5,1,5
201706N309881,1,9,0,9,0,8,0,0,0,0,1,1,6,1,41,7,1299,1,13,6,3,6
201706N309881,2,1,0,18,0,8,0,0,0,0,1,1,6,1,39,7,-1,-1,-1,3,1,3
201706NP25819,1,9,0,18,0,3,0,0,0,0,1,1,1,1,28,6,1968,2,1,10,1,10
201706NP25819,2,9,0,17,0,8,0,0,0,0,4,1,6,1,38,7,2231,2,5,2,1,2
201706NP32355,1,9,0,18,0,1,0,0,0,0,1,1,6,1,30,6,1968,2,2,-1,-1,-1
201706NP32355,2,9,0,3,0,4,0,0,0,0,2,1,6,1,33,6,1499,1,11,4,1,4
201706P025564,1,9,0,7,0,1,0,0,0,0,1,-1,5,3,-1,-1,-1,-1,-1,-1,-1,-1
201706P025702,1,9,0,9,0,8,0,0,0,0,0,-1,5,3,-1,-1,-1,-1,-1,-1,-1,-1
201706P025702,2,4,0,18,0,8,0,0,0,0,0,1,2,1,27,6,125,1,2,1,1,1
201706P025719,1,2,0,18,0,2,2,0,0,0,1,1,2,1,16,4,49,1,10,8,1,8
201706P025719,2,9,0,3,0,2,0,0,0,0,2,1,2,2,54,8,-1,-1,-1,3,1,3
201706P025781,1,9,0,10,0,1,0,0,0,0,2,1,6,1,43,7,1596,1,10,3,1,3
201706P025781,2,9,0,18,0,1,0,0,0,0,1,1,6,2,33,6,1461,2,10,4,1,4
201706P025788,1,9,0,18,0,1,0,0,0,0,1,1,6,1,30,6,1896,2,16,-1,-1,-1
201706P025788,2,9,0,18,0,1,0,0,0,0,2,1,6,2,23,5,1995,2,5,8,1,8
201706P025800,1,9,0,4,0,0,0,0,0,0,1,1,1,2,52,8,1796,1,12,8,1,8
201706P025864,1,9,0,18,0,1,0,0,0,0,1,1,6,1,29,6,-1,-1,-1,-1,-1,-1
201706P025864,2,9,0,18,0,1,0,0,0,0,2,1,1,1,34,6,1995,2,10,4,1,4
201706P026055,1,9,0,18,0,8,0,0,0,0,1,1,6,1,30,6,-1,-1,-1,-1,-1,-1
201706P026055,2,9,0,18,0,8,0,0,0,0,3,1,6,1,40,7,-1,-1,-1,4,1,4
201706P026075,1,9,0,18,0,8,0,0,0,0,3,1,6,2,47,8,-1,-1,-1,-1,-1,-1
201706P026075,2,90,0,18,0,8,0,0,0,0,3,1,1,1,44,7,-1,-1,-1,-1,-1,-1
201706P026108,1,9,0,18,0,8,0,0,1,0,4,-1,5,3,-1,-1,-1,-1,-1,-1,-1,-1
201706P026108,2,9,0,18,0,8,0,0,1,0,1,1,1,1,63,9,1896,2,10,6,1,6
201706P026119,1,9,0,18,0,8,0,0,0,0,1,1,2,2,30,6,1197,1,5,-1,-1,-1
201706P026119,2,9,0,18,0,8,0,0,0,0,2,1,6,2,30,6,1149,1,11,8,1,8
201706P026123,1,9,0,18,0,8,0,4,0,0,1,1,6,1,66,10,1870,2,11,2,1,2
201706P026123,2,9,0,3,6,8,0,0,0,0,1,1,1,1,52,8,1749,1,16,1,1,1
201706P026123,3,20,0,3,6,8,0,0,0,0,1,1,1,1,54,8,-1,-1,-1,7,1,7
201706P026131,1,9,0,18,0,8,0,0,0,0,1,1,6,1,30,6,1246,1,9,2,1,2
201706P026131,2,9,0,16,0,8,0,0,0,0,1,1,6,2,33,6,1598,1,4,2,1,2
201706P026138,1,9,0,7,0,2,0,0,0,0,0,1,6,1,21,5,1229,1,3,3,1,3
201706P026617,1,9,0,14,0,8,0,0,0,0,4,-1,5,3,-1,-1,-1,-1,-1,-1,-1,-1
201706P026617,2,9,0,10,0,8,0,0,0,0,3,1,6,2,43,7,1497,1,16,7,2,7
201706P026617,3,9,0,18,0,8,0,0,0,0,1,1,6,2,39,7,1242,1,1,1,1,1
201706P026618,1,1,0,18,0,8,0,0,0,0,4,1,6,1,47,8,-1,-1,-1,7,1,7
201706P026618,2,9,0,9,0,6,0,0,0,0,3,1,6,2,34,6,1248,2,9,1,1,1
201706P026659,1,9,0,13,0,8,0,0,0,0,3,1,5,3,-1,-1,-1,-1,-1,-1,-1,-1
201706P026659,2,9,0,9,0,8,0,0,0,0,3,1,6,2,44,7,1598,1,11,8,1,8
201706P026729,1,9,0,18,0,8,5,0,0,0,4,1,6,1,30,6,1998,2,10,2,1,2
201706P026729,2,1,0,18,0,8,5,0,0,0,3,1,6,1,55,8,-1,-1,-1,7,3,7
201706P026956,1,9,0,18,0,1,0,0,0,0,1,1,6,2,51,8,2199,2,3,9,1,9
201706P026956,2,19,0,18,0,1,0,0,0,0,2,1,6,2,52,8,1461,2,13,1,1,1
201706P026956,3,9,0,18,0,1,0,0,0,0,2,1,6,2,38,7,-1,-1,-1,9,1,9
201706P026983,1,9,0,18,0,2,0,4,0,0,2,1,6,1,24,5,3175,1,13,1,1,1
201706P026983,2,9,0,18,0,2,0,0,0,0,0,1,1,1,30,6,1396,2,4,-1,-1,-1
201706P026983,3,9,0,18,0,2,0,0,0,0,1,1,6,1,68,10,-1,-1,-1,9,1,9
201706P026983,4,9,0,2,0,2,0,0,0,0,4,1,6,1,28,6,1781,1,14,9,1,9
201706P026983,5,9,0,18,0,2,0,0,0,0,1,1,6,1,44,7,1800,1,17,1,1,1
201706P026983,6,9,0,2,0,2,0,0,0,0,4,1,6,2,33,6,1997,2,3,9,1,9
201706P026989,1,9,0,9,0,6,0,0,0,0,3,1,6,2,22,5,1398,1,1,6,1,6
201706P026989,2,90,0,18,0,8,0,0,0,0,1,1,6,2,40,7,-1,-1,-1,8,3,8
201706P026990,1,9,0,16,0,1,0,0,0,0,1,1,6,1,30,6,1968,2,9,-1,-1,-1
201706P026990,2,9,0,3,0,1,0,0,0,0,2,1,6,1,36,7,1399,2,12,4,1,4
201706P027056,1,9,0,1,0,1,0,0,0,0,1,1,6,2,26,6,-1,-1,-1,1,1,1
201706P027082,1,9,0,18,0,1,0,0,0,0,1,1,6,1,45,7,-1,-1,-1,1,1,1
201706P027113,1,9,0,10,0,4,0,0,0,0,2,1,1,1,42,7,1560,2,4,3,1,3
201706P027113,2,9,0,18,0,4,0,0,0,0,1,-1,5,3,-1,-1,-1,-1,-1,-1,-1,-1
201706P027131,1,9,0,18,0,0,0,0,0,0,1,1,6,2,37,7,1995,2,3,4,1,4
201706P027131,2,21,0,2,0,0,0,0,0,0,2,1,1,1,49,8,-1,-1,-1,8,1,8
201706P027159,1,9,0,9,0,6,0,0,0,0,1,-1,5,3,-1,-1,-1,-1,-1,-1,-1,-1
201706P027159,2,9,0,18,0,8,0,0,0,0,4,1,2,2,22,5,1995,2,1,6,1,6
201706P027229,1,1,0,3,0,1,0,0,0,0,3,1,6,1,45,7,-1,-1,-1,1,1,1
201706P027229,2,9,0,9,0,8,1,0,0,0,3,-1,5,3,-1,-1,1956,2,3,-1,-1,-1
201706P027244,1,9,0,18,0,8,0,0,0,0,1,1,6,1,30,6,1198,1,7,3,1,3
201706P027244,2,3,0,18,0,8,0,0,0,0,1,1,6,1,20,4,-1,-1,-1,9,1,9
201706P027268,1,9,0,18,0,8,0,0,0,0,1,1,6,1,30,6,1598,1,17,-1,-1,-1
201706P027268,2,9,0,18,0,8,1,0,0,0,1,1,6,2,67,10,1388,1,14,4,1,4
201706P027273,1,90,0,18,0,8,0,0,0,0,1,1,6,1,30,6,-1,-1,-1,-1,-1,-1
201706P027273,2,9,0,9,0,8,0,0,0,0,4,1,6,2,29,6,998,1,15,7,1,7
201706P027290,1,9,0,9,0,6,0,0,0,0,3,1,6,2,84,11,1339,1,12,7,1,7
201706P027290,2,9,0,18,0,8,0,0,0,0,1,1,6,1,60,9,1124,1,10,7,1,7
201706P027295,1,9,0,18,0,8,1,0,0,0,3,1,6,1,74,10,1686,2,3,-1,-1,-1
201706P027295,2,9,0,18,0,8,0,0,0,0,1,1,6,1,34,6,1796,1,11,-1,-1,-1
201706P027297,1,9,0,7,0,6,0,0,0,0,4,1,6,1,73,10,2143,2,3,2,1,2
201706P027302,1,9,0,18,0,8,0,0,0,0,1,1,6,1,82,11,1396,1,16,2,1,2
201706P027302,2,9,0,18,0,8,0,0,0,0,4,1,6,1,23,5,1998,1,1,1,1,1
201706P027302,3,9,0,18,0,8,0,0,0,0,1,1,6,2,28,6,1496,1,2,1,1,1
201706P027312,1,9,0,18,0,1,0,0,0,0,1,1,6,2,27,6,-1,-1,-1,3,1,3
201706P027319,1,9,0,9,0,8,0,0,0,0,1,1,6,1,83,11,1587,1,12,9,1,9
201706P027319,2,9,0,18,0,8,0,0,0,0,1,1,1,1,48,8,1998,2,10,1,1,1
201706P027336,1,9,0,16,0,0,0,0,0,0,1,1,6,1,30,6,1587,1,15,-1,-1,-1
201706P027336,2,9,0,18,0,0,0,0,0,0,1,1,2,1,54,8,3222,2,13,9,1,9
201706P027436,1,9,0,18,0,8,0,0,0,0,1,1,6,1,20,4,1390,1,5,3,1,3
201706P027436,2,9,0,9,0,8,0,0,0,0,3,1,6,1,49,8,1800,1,17,4,1,4
201706P027751,1,9,0,9,0,8,1,0,1,1,4,1,6,2,27,6,1997,2,2,4,1,4
201706P027751,2,9,0,18,0,8,0,0,0,0,1,1,6,2,75,10,1242,1,8,3,1,3
201706P027935,1,8,0,18,0,1,0,0,0,0,1,1,1,1,29,6,1995,2,15,1,1,1
201706P027935,2,9,0,4,0,1,0,0,0,0,2,1,2,2,70,10,3993,1,1,4,1,4
201706P027993,1,9,0,18,0,0,0,0,0,0,3,1,2,1,62,9,1496,2,1,1,2,1
201706P028062,1,9,0,18,0,2,0,0,0,0,1,-1,5,3,-1,-1,-1,-1,-1,-1,-1,-1
201706P028062,2,19,0,18,0,1,0,0,0,0,1,1,6,1,45,7,2500,2,9,6,1,6
201706P028179,1,8,0,4,0,0,0,0,0,0,1,1,1,1,30,6,1910,2,8,-1,-1,-1
201706P028231,1,9,0,1,0,8,0,0,0,0,2,1,6,1,54,8,1598,1,8,7,1,7
201706P028327,1,19,0,18,9,2,2,0,1,0,4,1,6,1,38,7,-1,-1,-1,1,1,1
201706P028327,2,10,0,18,0,2,0,0,0,0,0,1,1,1,30,6,-1,-1,-1,-1,-1,-1
201706P028346,1,1,0,18,0,8,1,0,0,0,1,1,6,1,13,3,-1,-1,-1,3,1,3
201706P028346,2,21,0,18,0,8,1,0,0,0,1,1,1,1,33,6,7146,2,5,5,1,5
201706P028362,1,9,0,18,0,8,0,0,0,0,4,-1,5,3,-1,-1,-1,-1,-1,-1,-1,-1
201706P028362,2,9,0,4,0,8,0,0,0,0,3,1,6,1,22,5,1995,2,4,2,1,2
201706P028387,1,9,0,18,0,2,0,0,0,0,3,1,6,1,30,6,-1,-1,-1,-1,-1,-1
201706P028387,2,9,0,10,0,1,0,0,0,0,3,1,6,1,42,7,-1,-1,-1,3,1,3
201706P028432,1,9,0,18,0,2,0,4,7,10,4,1,6,1,24,5,1900,2,12,4,1,4
201706P028432,2,9,0,2,0,1,0,0,0,0,3,1,6,1,30,6,1596,1,13,3,1,3
201706P028432,3,9,0,2,0,2,0,0,0,0,1,1,6,2,30,6,1991,2,13,3,1,3
201706P028451,1,9,0,18,0,2,0,0,0,0,4,1,2,1,54,8,1685,2,-1,8,1,8
201706P028669,1,9,0,7,0,8,0,0,0,0,0,1,6,2,51,8,1910,2,7,3,1,3
201706P028669,2,1,0,18,0,8,0,0,0,0,0,1,6,2,50,8,-1,-1,-1,7,1,7
201706P028695,1,9,0,18,0,0,0,4,0,0,1,1,6,1,28,6,2987,2,9,1,1,1
201706P028695,2,21,1,2,0,0,0,0,0,0,2,-1,5,3,-1,-1,-1,-1,-1,-1,-1,-1
201706P028766,1,9,0,9,0,8,0,0,0,0,1,1,6,1,69,10,1124,1,12,2,1,2
201706P028766,2,9,0,18,0,8,0,0,0,0,4,1,6,1,43,7,1149,1,10,1,1,1
201706P029109,1,9,0,7,0,8,0,0,0,0,1,1,6,1,25,5,1396,1,17,-1,-1,-1
201706P029109,2,11,0,18,0,8,0,0,0,0,4,1,1,1,39,7,4146,2,16,2,1,2
201706P029118,1,5,0,18,0,1,1,0,0,0,0,1,2,1,34,6,124,1,15,1,1,1
201706P029118,2,8,0,6,0,1,0,0,0,0,0,1,6,1,34,6,1242,1,10,3,1,3
201706P029225,1,9,0,9,0,6,0,0,1,0,1,1,6,1,30,6,-1,-1,-1,-1,-1,-1
201706P029225,2,9,0,18,0,8,0,0,1,0,4,1,6,1,58,9,1399,2,13,8,1,8
201706P029272,1,9,0,18,0,8,0,0,1,0,4,-1,5,3,-1,-1,-1,-1,-1,-1,-1,-1
201706P029272,2,8,0,4,0,8,0,0,0,0,1,1,1,1,40,7,2231,2,12,1,1,1
201706P029333,1,9,0,9,0,6,0,0,7,0,3,1,6,1,30,6,-1,-1,-1,-1,-1,-1
201706P029333,2,9,0,18,0,8,0,0,0,0,4,1,6,2,27,6,1956,2,6,2,1,2
201706P029335,1,9,0,9,0,8,0,0,0,0,1,1,6,1,20,4,1796,1,9,1,1,1
201706P029335,2,9,0,18,0,8,0,4,1,10,4,1,6,2,21,5,1596,1,10,2,1,2
201706P029335,3,9,0,2,0,8,0,0,0,0,2,-1,5,3,-1,-1,-1,-1,-1,-1,-1,-1
201706P029357,1,9,0,16,0,4,0,0,0,0,1,1,6,1,38,7,1968,2,12,8,1,8
201706P029357,2,1,0,18,0,8,0,0,0,0,3,1,6,1,41,7,-1,-1,-1,-1,-1,-1
201706P029384,1,9,0,18,0,0,0,0,0,0,1,1,6,1,30,6,-1,-1,-1,-1,-1,-1
201706P029384,2,1,0,18,0,0,0,0,0,0,1,1,6,2,13,3,-1,-1,-1,1,1,1
201706P029412,1,1,0,18,0,0,0,0,0,0,1,1,6,1,40,7,-1,-1,-1,-1,-1,-1
201706P029412,2,21,4,18,0,0,0,0,0,0,4,1,1,1,27,6,-1,-1,-1,-1,-1,-1
201706P029436,1,9,0,18,0,0,0,0,0,0,1,1,6,1,62,9,-1,-1,-1,2,1,2
201706P029448,1,9,0,5,0,6,0,0,0,0,1,-1,5,3,-1,-1,-1,-1,-1,-1,-1,-1
201706P029509,1,9,0,18,0,2,0,0,0,0,3,1,6,2,54,8,1598,2,5,5,3,5
201706P029562,1,9,0,18,0,8,0,0,0,0,4,1,2,1,34,6,1149,1,14,1,1,1
201706P029562,2,9,0,18,0,8,0,0,1,10,4,1,2,2,45,7,1398,1,8,-1,-1,-1
201706P029614,1,9,0,9,0,6,0,0,0,0,3,1,2,1,24,5,1398,1,13,8,1,8
201706P029614,2,8,0,18,0,8,0,0,0,0,1,1,1,1,39,7,1995,2,16,2,1,2
201706P029761,1,9,0,18,0,6,0,0,0,0,4,1,6,1,30,6,1587,1,13,-1,-1,-1
201706P029761,2,9,0,18,0,8,0,0,0,0,1,1,6,1,48,8,-1,-1,-1,2,1,2
201706P029801,1,9,0,3,0,6,0,0,0,0,4,1,6,2,49,8,2191,2,3,4,1,4
201706P029801,2,9,0,18,0,8,0,0,0,0,1,1,6,1,75,10,1998,1,14,-1,-1,-1
201706P029809,1,9,0,18,0,1,0,0,0,0,1,1,6,1,30,6,1149,1,14,-1,-1,-1
201706P029809,2,9,0,18,0,1,0,0,0,0,1,1,6,2,71,10,1781,1,14,1,1,1
201706P029812,1,3,0,13,0,1,5,0,0,0,1,1,6,1,26,6,125,1,-1,4,1,4
201706P029823,1,9,0,18,0,1,0,0,0,0,1,1,6,1,30,6,-1,-1,-1,3,1,3
201706P029823,2,9,0,8,0,8,0,0,7,10,2,1,6,1,41,7,1995,2,5,4,1,4
201706P030072,1,9,0,18,0,0,1,0,0,0,1,1,6,1,20,4,1587,1,14,3,1,3
201706P030072,2,9,0,18,0,0,0,0,0,0,1,1,6,2,28,6,998,1,4,3,1,3
201706P030072,3,90,0,2,0,0,0,0,0,0,3,1,6,1,54,8,-1,-1,-1,3,3,3
201706P030076,1,9,0,18,0,0,1,0,0,0,1,1,6,1,30,6,1988,1,15,-1,-1,-1
201706P030076,2,9,0,18,0,0,0,0,0,0,3,1,2,1,43,7,-1,-1,-1,8,1,8
201706P030076,3,9,0,18,0,0,0,0,0,0,1,1,1,1,41,7,2993,2,1,9,1,9
201706P030076,4,9,0,2,0,0,0,0,0,0,1,1,6,2,47,8,1364,1,2,3,1,3
201706P030150,1,9,0,5,0,0,0,0,0,0,3,1,6,1,52,8,1968,2,3,8,1,8
201706P030150,2,9,0,18,0,0,5,0,0,0,4,1,6,1,48,8,-1,-1,-1,1,1,1
201706P030164,1,9,0,9,0,5,0,0,0,0,4,1,6,2,45,7,1685,2,-1,4,1,4
201706P030164,2,90,0,18,0,8,0,0,0,0,2,1,6,1,25,5,499,1,10,1,1,1
201706P030200,1,9,0,18,0,2,0,0,0,0,3,1,6,2,30,6,1339,1,11,-1,-1,-1
201706P030271,1,9,0,18,0,1,0,0,0,0,3,-1,5,3,-1,-1,-1,-1,-1,-1,-1,-1
201706P030362,1,8,0,6,0,2,0,0,0,0,1,1,1,1,46,8,1796,1,9,1,1,1
201706P030362,2,9,0,3,0,2,0,4,1,0,4,1,2,2,58,9,1560,2,4,1,1,1
201706P030362,3,9,0,2,0,1,0,0,0,0,2,1,6,1,30,6,-1,-1,-1,1,1,1
201706P030401,1,9,0,9,0,2,0,0,0,0,1,1,6,1,41,7,1598,1,13,1,1,1
201706P030425,1,9,0,18,0,1,0,0,0,0,1,1,6,1,30,6,-1,-1,-1,-1,-1,-1
201706P030527,1,9,0,18,0,0,0,0,0,0,1,1,6,1,30,6,-1,-1,-1,3,1,3
201706P030527,2,9,0,18,0,0,0,0,0,0,2,1,6,1,30,6,1798,1,5,2,1,2
201706P030548,1,9,0,18,0,8,0,0,0,10,1,1,2,1,26,6,1598,1,1,9,1,9
201706P030548,2,9,0,9,0,5,0,0,0,0,4,1,2,2,44,7,999,1,9,9,1,9
201706P030550,1,8,0,11,0,1,0,0,0,0,1,1,1,1,30,6,-1,-1,-1,-1,-1,-1
201706P030550,2,9,0,18,0,1,0,0,0,0,3,1,6,1,30,6,1910,2,9,2,1,2
201706P030606,1,9,0,18,0,0,0,0,0,0,1,1,6,2,34,6,1598,1,8,10,1,10
201706P030606,2,9,0,18,0,0,0,0,0,0,2,1,6,2,55,8,1598,2,-1,7,1,7
201706P030606,3,9,0,18,0,0,0,0,0,0,2,1,6,2,22,5,1242,1,8,-1,-1,-1
201706P030606,4,9,0,18,0,0,0,0,0,0,2,1,6,1,34,6,998,1,3,-1,-1,-1
201706P030636,1,9,0,18,0,1,0,0,0,0,1,1,6,1,30,6,1685,2,1,-1,-1,-1
201706P030636,2,9,0,3,0,1,0,0,0,0,2,1,6,2,45,7,1997,2,5,4,1,4
201706P030639,1,9,0,18,0,2,0,0,0,0,1,-1,5,3,-1,-1,-1,-1,-1,-1,-1,-1
201706P030678,1,9,0,18,0,1,0,0,0,0,1,1,6,1,43,7,2979,1,1,5,1,5
201706P030678,2,4,0,3,0,1,0,0,0,0,1,1,4,1,32,6,-1,-1,-1,7,1,7
201706P030691,1,9,0,18,0,0,0,0,3,0,1,1,6,1,24,5,1229,1,4,9,1,9
201706P030706,1,9,0,18,0,1,0,0,0,0,4,1,6,1,66,10,1798,1,1,2,1,2
201706P030711,1,9,0,5,0,0,0,0,0,0,2,1,6,1,30,6,-1,-1,-1,-1,-1,-1
201706P030711,2,9,0,4,0,0,0,0,0,0,1,1,6,2,40,7,1968,2,4,4,1,4
201706P030722,1,9,0,18,0,0,1,0,0,0,1,1,2,1,33,6,1948,1,16,1,1,1
201706P030722,2,9,0,3,0,0,0,0,0,0,2,1,2,1,46,8,1596,1,4,5,1,5
201706P030722,3,9,0,3,0,0,0,0,0,0,2,1,2,2,52,8,1560,2,12,7,1,7
201706P030745,1,9,0,18,0,0,0,0,0,0,4,1,6,1,47,8,-1,-1,-1,-1,-1,-1
201706P030774,1,9,0,18,0,0,0,4,0,0,1,1,6,1,30,6,1248,1,-1,-1,-1,-1
201706P030774,2,9,0,2,0,0,0,0,0,0,2,1,6,2,18,4,998,1,12,7,1,7
201706P030829,1,9,0,18,0,8,0,0,0,0,3,1,6,1,30,6,-1,-1,-1,-1,-1,-1
201706P030829,2,9,0,10,0,8,0,0,0,0,1,1,6,1,33,6,1995,2,8,1,1,1
201706P030920,1,9,0,9,0,5,0,0,0,0,3,1,6,1,26,6,1598,2,3,3,1,3
201706P030920,2,9,0,18,0,8,0,0,0,0,3,1,6,1,25,5,999,1,16,6,1,6
201706P030930,1,9,0,18,0,0,0,0,0,0,3,1,3,2,43,7,1560,2,12,1,1,1
201706P030972,1,9,0,7,0,2,0,0,0,0,0,1,6,1,21,5,1398,1,9,-1,-1,-1
201706P030972,2,9,0,18,0,1,2,0,0,0,0,1,6,2,36,7,-1,-1,-1,-1,-1,-1
201706P031026,1,9,0,9,0,8,0,0,0,0,3,-1,5,3,-1,-1,-1,-1,-1,-1,-1,-1
201706P031026,2,9,0,18,0,8,0,0,0,0,1,1,6,2,39,7,-1,-1,-1,1,1,1
201706P031090,1,9,0,18,0,0,0,0,0,0,1,1,6,2,19,4,999,1,13,1,1,1
201706P031090,2,9,0,3,0,0,0,0,0,0,2,1,6,1,26,6,998,1,15,2,1,2
201706P031090,3,9,0,3,0,0,0,0,0,0,2,1,2,1,64,9,1956,2,5,10,1,10
201706P031097,1,9,0,18,0,1,0,0,0,0,1,1,6,2,45,7,1686,2,7,1,2,1
201706P031112,1,9,0,5,0,0,0,8,0,0,3,1,6,1,19,4,1248,2,7,-1,-1,-1
201706P031112,2,1,0,18,0,0,0,4,0,0,4,1,6,1,49,8,-1,-1,-1,3,1,3
201706P031162,1,9,0,9,0,8,0,0,0,0,1,1,6,1,21,5,1229,1,9,9,1,9
201706P031162,2,9,0,18,0,8,0,0,7,0,1,1,6,2,64,9,998,1,5,1,1,1
201706P031209,1,9,0,18,0,0,0,0,0,0,1,1,2,1,24,5,-1,-1,-1,2,1,2
201706P031209,2,90,0,18,0,0,0,0,0,0,3,1,2,2,82,11,-1,-1,-1,1,1,1
201706P031213,1,9,0,4,0,0,0,0,0,0,1,1,6,1,47,8,1242,1,15,1,1,1
201706P031265,1,9,0,18,0,1,0,0,0,0,1,1,6,1,73,10,1396,1,15,1,1,1
201706P031282,1,9,0,1,0,8,0,0,0,0,2,1,6,1,22,5,1461,2,-1,1,1,1
201706P031282,2,9,0,2,0,1,0,0,7,10,3,1,6,2,46,8,1599,1,11,3,1,3
201706P031314,1,9,0,9,1,8,0,0,0,0,1,1,6,1,30,6,-1,-1,-1,-1,-1,-1
201706P031314,2,9,0,7,0,8,0,0,0,0,1,1,6,1,29,6,1398,1,15,1,1,1
201706P031340,1,9,0,18,0,0,0,0,0,0,1,1,6,2,30,6,-1,-1,-1,-1,-1,-1
201706P031399,1,9,0,9,0,8,0,0,7,10,4,1,6,2,36,7,1896,2,12,9,1,9
201706P031399,2,9,0,14,0,1,0,0,0,0,3,-1,5,3,-1,-1,-1,-1,-1,-1,-1,-1
201706P031399,3,9,0,10,0,1,0,0,0,0,0,-1,5,3,-1,-1,-1,-1,-1,-1,-1,-1
201706P031415,1,9,0,18,0,0,0,0,0,0,4,1,6,1,33,6,1248,2,6,-1,-1,-1
201706P031428,1,9,0,9,0,6,0,0,0,0,1,1,3,2,30,6,1461,2,1,3,1,3
201706P031428,2,8,0,18,0,8,0,0,0,0,3,1,1,1,32,6,1968,2,7,1,1,1
201706P031468,1,9,0,18,0,0,0,0,0,0,1,-1,5,3,-1,-1,2765,2,25,-1,-1,-1
201706P031475,1,9,0,16,0,2,0,0,0,0,1,1,6,1,30,6,2000,2,7,-1,-1,-1
201706P031475,2,9,0,9,0,2,0,0,0,0,2,1,2,2,26,6,1360,1,13,1,1,1
201706P031518,1,8,0,18,0,1,0,0,0,0,1,1,1,1,57,9,1584,1,10,2,1,2
201706P031528,1,8,0,6,0,0,0,0,0,0,3,1,1,1,53,8,1998,2,11,5,1,5
201706P031528,2,4,0,18,0,0,0,0,0,0,1,1,6,1,60,9,125,1,1,9,1,9
201706P031529,1,9,0,15,0,2,5,4,0,0,1,1,6,2,33,6,1242,1,11,1,1,1
201706P031529,2,9,0,2,0,2,0,0,0,0,1,1,6,1,78,11,996,1,3,1,1,1
201706P031551,1,9,0,18,0,0,0,0,0,0,3,1,6,1,30,6,-1,-1,-1,-1,-1,-1
201706P031551,2,9,0,18,0,0,5,10,7,1,1,1,6,1,23,5,-1,-1,-1,9,1,9
201706P031555,1,9,0,18,0,1,1,0,0,0,1,1,2,2,38,7,998,1,9,2,1,2
201706P031665,1,9,0,18,0,1,0,0,0,0,1,1,6,2,30,6,1229,1,7,-1,-1,-1
201706P031665,2,9,0,5,0,1,1,0,0,0,2,1,1,2,41,7,1598,2,5,4,1,4
201706P031693,1,8,0,18,0,1,0,0,0,0,3,1,1,1,62,9,-1,-1,-1,-1,-1,-1
201706P031724,1,9,0,3,0,0,0,0,0,0,4,1,6,2,30,6,998,1,1,-1,-1,-1
201706P031724,2,1,0,18,5,0,0,0,1,0,3,1,2,1,53,8,-1,-1,-1,2,1,2
201706P031724,3,9,0,3,0,0,0,0,0,0,3,1,6,1,30,6,-1,-1,-1,-1,-1,-1
201706P031735,1,9,0,18,0,0,0,0,0,0,1,-1,5,3,-1,-1,-1,-1,-1,-1,-1,-1
201706P031738,1,9,0,9,0,5,0,0,0,0,4,1,6,2,65,9,1995,2,11,1,1,1
201706P031738,2,5,0,10,0,8,0,0,0,0,1,1,6,1,46,8,656,1,9,1,1,1
201706P031741,1,5,0,18,0,2,0,0,0,0,3,1,6,1,38,7,-1,-1,-1,3,1,3
201706P031741,2,5,0,6,0,2,2,0,0,0,0,1,6,1,47,8,599,1,9,5,1,5
201706P031744,1,9,0,9,0,6,0,0,0,0,1,1,6,2,33,6,1995,2,2,2,1,2
201706P031744,2,4,0,18,0,8,0,0,0,0,4,1,1,1,36,7,-1,-1,-1,9,1,9
201706P031821,1,9,0,18,0,0,5,4,0,0,1,1,6,2,20,4,1199,2,6,-1,-1,-1
201706P031821,2,9,0,2,0,0,0,0,0,0,3,-1,5,3,-1,-1,-1,-1,-1,-1,-1,-1
201706P031864,1,9,0,17,0,0,0,0,0,0,1,-1,5,3,-1,-1,-1,-1,-1,-1,-1,-1
201706P031903,1,19,0,18,0,8,0,0,0,0,4,1,1,1,69,10,2402,2,13,1,1,1
201706P031903,2,9,0,18,0,4,0,0,0,0,4,1,6,2,30,6,1332,1,7,-1,-1,-1
201706P031915,1,9,0,18,0,2,0,0,0,0,3,1,6,2,56,9,998,1,-1,2,1,2