Accident_Index,Vehicle_Reference,Vehicle_Type,Towing_and_Articulation,Vehicle_Manoeuvre,Vehicle_Location-Restricted_Lane,Junction_Location,Skidding_and_Overturning,Hit_Object_in_Carriageway,Vehicle_Leaving_Carriageway,Hit_Object_off_Carriageway,1st_Point_of_Impact,Was_Vehicle_Left_Hand_Drive?,Journey_Purpose_of_Driver,Sex_of_Driver,Age_of_Driver,Age_Band_of_Driver,Engine_Capacity_(CC),Propulsion_Code,Age_of_Vehicle,Driver_IMD_Decile,Driver_Home_Area_Type,Vehicle_IMD_Decile
201706Q037124,2,3,0,13,0,0,0,0,0,0,3,1,6,1,22,5,125,1,2,-1,-1,-1
201706Q037137,1,9,0,7,0,1,0,0,0,0,1,1,6,1,30,6,-1,-1,-1,-1,-1,-1
201706Q037223,1,9,0,18,0,6,0,0,0,0,3,1,6,2,48,8,998,1,11,1,1,1
201706Q037223,2,19,0,18,0,8,0,0,0,0,1,1,6,1,29,6,2143,2,6,3,1,3
201706Q037281,1,9,0,9,0,6,0,0,0,0,1,1,3,1,50,8,1598,1,9,-1,-1,-1
201706Q037349,1,9,0,18,0,8,0,0,0,0,1,1,6,1,30,6,998,1,15,-1,-1,-1
201706Q037349,2,9,0,18,0,8,0,0,0,0,3,1,6,2,46,8,1794,1,12,2,1,2
201706Q037467,1,9,0,7,0,5,0,0,0,0,1,1,6,1,30,6,1396,1,17,-1,-1,-1
201706Q037467,2,1,0,18,0,8,0,0,0,0,3,1,6,1,30,6,-1,-1,-1,4,1,4
201706Q037545,1,9,0,18,0,0,0,0,7,0,1,1,6,1,49,8,998,1,3,2,1,2
201706Q037587,1,9,0,18,0,8,0,0,7,1,1,1,6,2,30,6,2204,2,9,3,1,3
201706Q037587,2,9,0,9,0,6,0,0,0,0,1,1,6,1,37,7,-1,-1,-1,1,1,1
201706Q037666,1,9,0,7,0,5,0,0,0,0,4,1,6,2,72,10,1198,1,-1,9,1,9
201706Q037684,1,9,0,9,0,4,0,0,0,0,1,1,6,1,30,6,1246,1,12,-1,-1,-1
201706Q037684,2,9,0,18,0,3,0,0,0,0,4,1,6,1,21,5,1198,1,14,1,1,1
201706Q037685,1,9,0,18,0,1,0,0,0,0,1,1,6,1,30,6,-1,-1,-1,-1,-1,-1
201706Q037733,1,9,0,18,0,0,0,0,0,0,1,1,6,1,55,8,-1,-1,-1,5,1,5
201706Q037786,1,9,0,18,0,0,0,0,0,0,1,1,2,1,51,8,1896,2,15,1,1,1
201706Q037801,1,9,0,9,0,6,0,0,0,0,1,1,6,1,29,6,1956,2,6,2,1,2
201706Q037801,2,9,0,18,0,8,0,7,4,6,3,1,6,2,35,6,1339,1,5,1,1,1
201706Q037801,3,19,0,10,0,1,0,0,0,0,3,1,1,1,36,7,2198,2,1,2,1,2
201706Q037809,1,8,0,18,0,1,0,0,0,0,1,1,1,1,30,6,1797,8,6,1,1,1
201706Q037809,2,9,0,7,0,5,0,0,0,0,4,1,6,2,28,6,-1,-1,-1,9,3,9
201706Q037820,1,9,0,18,0,6,0,0,7,0,3,1,1,1,26,6,-1,-1,-1,2,1,2
201706Q037820,2,9,0,18,0,8,0,0,7,0,4,1,2,1,69,10,2987,2,2,1,1,1
201706Q037918,1,9,0,18,0,8,1,0,0,0,3,1,6,1,46,8,1995,1,8,8,2,8
201706Q037918,2,21,1,18,0,8,0,0,0,0,3,1,1,1,45,7,12740,2,5,1,1,1
201706Q037959,1,9,0,18,0,8,0,0,0,0,1,1,6,1,20,4,1199,1,3,1,1,1
201706Q037959,2,9,0,12,0,8,0,0,0,0,2,1,6,1,57,9,-1,-1,-1,7,1,7
201706Q037961,1,9,0,18,0,1,0,0,0,0,1,1,6,1,58,9,1296,1,11,3,1,3
201706Q037992,1,9,0,9,0,6,0,0,1,2,1,1,6,1,24,5,1968,2,8,8,1,8
201706Q037992,2,9,0,17,0,8,0,0,0,0,0,1,6,1,25,5,1598,2,5,6,1,6
201706Q037995,1,9,0,16,0,0,0,0,0,0,1,-1,5,3,-1,-1,-1,-1,-1,-1,-1,-1
201706Q037995,2,9,0,17,0,0,0,0,0,0,1,1,6,1,57,9,1248,1,2,10,1,10
201706Q038049,1,9,0,9,0,5,0,0,0,0,1,1,6,1,43,7,1390,1,15,2,1,2
201706Q038079,1,9,0,5,0,6,0,0,0,0,1,1,6,1,70,10,998,1,18,1,1,1
201706Q038079,2,19,0,18,0,8,0,0,0,0,3,1,6,1,39,7,2402,2,9,7,1,7
201706Q038094,1,8,0,10,0,1,0,0,0,0,1,1,6,1,30,6,2143,2,6,-1,-1,-1
201706Q038094,2,9,0,3,0,1,0,0,0,0,2,1,6,2,46,8,2143,2,2,1,1,1
201706Q038140,1,9,0,18,0,0,0,0,0,0,1,1,6,1,65,9,1968,2,10,2,1,2
201706Q038140,2,21,0,4,0,0,0,0,0,0,1,1,1,1,48,8,6700,2,-1,4,1,4
201706Q038155,1,9,0,5,0,0,0,0,0,0,0,1,3,1,65,9,1995,2,11,1,1,1
201706Q038187,1,1,0,18,0,1,0,0,1,0,0,1,6,1,35,6,-1,-1,-1,2,1,2
201706Q038187,2,9,0,7,0,5,0,0,1,0,0,-1,5,3,-1,-1,-1,-1,-1,-1,-1,-1
201706Q038254,1,9,0,6,0,0,0,0,0,0,1,1,6,1,30,6,2993,2,5,9,1,9
201706Q038254,2,9,0,18,0,0,0,0,0,0,1,1,6,1,35,6,1796,1,11,1,1,1
201706Q038290,1,9,0,9,0,8,0,0,0,0,1,1,6,1,30,6,2521,1,10,-1,-1,-1
201706Q038290,2,1,0,9,0,8,0,0,0,0,3,1,6,1,57,9,-1,-1,-1,2,1,2
201706Q038302,1,9,0,18,0,1,5,0,0,2,1,1,6,1,21,5,1149,1,5,8,1,8
201706Q038360,1,9,0,18,0,0,1,0,0,0,1,1,6,2,30,6,1197,1,3,-1,-1,-1
201706Q038360,2,9,0,4,0,0,0,0,0,0,3,1,6,1,32,6,1796,1,10,1,1,1
201706Q038381,1,21,1,5,0,8,0,0,0,0,1,1,1,1,62,9,12419,2,3,8,1,8
201706Q038441,1,9,0,18,0,1,0,0,0,0,1,1,6,1,74,10,1396,2,3,4,1,4
201706Q038441,2,9,0,18,0,1,0,0,0,0,0,1,1,1,39,7,2993,2,1,1,1,1
201706Q038459,1,19,0,18,0,2,0,0,0,0,1,1,1,1,38,7,1995,2,-1,8,1,8
201706Q038461,1,9,0,18,0,8,0,0,0,0,4,1,2,2,27,6,1590,1,13,6,1,6
201706Q038461,2,8,0,18,0,8,0,0,0,0,1,1,1,1,38,7,1896,2,7,1,1,1
201706Q038468,1,9,0,7,0,5,0,0,0,0,4,1,1,1,63,9,1998,2,12,6,1,6
201706Q038475,1,9,0,14,0,1,0,0,0,0,1,1,6,1,53,8,1229,1,3,10,1,10
201706Q038547,1,9,0,18,0,8,0,0,0,0,1,1,6,1,30,6,1197,1,2,-1,-1,-1
201706Q038547,2,9,0,18,0,8,0,0,0,0,4,1,6,1,58,9,-1,-1,-1,1,1,1
201706Q038558,1,9,0,9,0,5,0,0,0,0,1,-1,5,3,-1,-1,-1,-1,-1,-1,-1,-1
201706Q038558,2,9,0,3,0,1,0,0,0,0,4,1,6,1,18,4,1388,1,11,2,1,2
201706Q038592,1,1,0,16,0,8,0,0,0,0,1,1,6,1,64,9,-1,-1,-1,8,1,8
201706Q038596,1,9,0,18,0,8,0,0,0,0,1,1,6,1,24,5,-1,-1,-1,2,1,2
201706Q038596,2,9,0,9,0,6,0,0,0,0,3,1,6,2,30,6,1598,1,7,6,1,6
201706Q038647,1,9,0,7,0,5,0,0,0,0,1,1,6,2,30,6,1997,2,2,-1,-1,-1
201706Q038647,2,9,0,7,0,5,0,0,0,0,2,1,6,1,47,8,-1,-1,-1,8,1,8
201706Q038658,1,9,0,18,0,8,0,0,0,0,1,1,6,2,30,6,1390,1,11,-1,-1,-1
201706Q038658,2,9,0,9,0,6,0,0,0,0,3,1,6,2,30,6,1984,1,-1,8,1,8
201706Q038771,1,19,0,4,0,2,0,0,0,0,3,1,1,1,52,8,2143,2,7,4,1,4
201706Q038821,1,9,0,18,0,8,0,0,0,0,1,1,6,1,30,6,-1,-1,-1,-1,-1,-1
201706Q038821,2,9,0,18,0,8,0,0,1,2,3,1,6,2,40,7,1197,1,2,2,1,2
201706Q038887,1,9,0,18,0,1,0,0,0,0,1,1,6,2,45,7,1197,1,2,5,1,5
201706Q038887,2,9,0,3,0,1,1,0,0,0,2,1,6,2,20,4,-1,-1,-1,2,1,2
201706Q038894,1,11,0,18,0,0,0,0,0,0,3,1,1,1,37,7,6700,2,5,1,1,1
201706Q038898,1,9,0,16,0,2,1,0,0,0,1,1,6,1,30,6,-1,-1,-1,-1,-1,-1
201706Q038904,1,20,0,9,0,6,0,0,0,0,3,1,1,1,21,5,-1,-1,-1,1,1,1
201706Q038904,2,9,0,18,0,8,0,0,0,0,4,1,1,2,39,7,1328,1,10,1,1,1
201706Q038912,1,9,0,18,0,0,1,0,0,0,1,1,6,1,38,7,2401,2,11,10,2,10
201706Q038912,2,9,0,18,0,0,1,0,0,0,2,1,1,1,18,4,1360,1,6,8,2,8
201706Q038912,3,9,0,2,9,0,0,0,0,0,4,1,6,2,49,8,1242,1,10,3,1,3
201706Q039010,1,9,0,18,0,1,0,10,0,0,1,-1,5,3,-1,-1,-1,-1,-1,-1,-1,-1
201706Q039021,1,9,0,17,0,0,1,0,1,1,4,1,1,2,40,7,999,1,2,1,1,1
201706Q039026,1,9,0,18,0,1,0,0,0,0,1,-1,5,3,-1,-1,-1,-1,-1,-1,-1,-1
201706Q039026,2,9,0,18,0,1,0,0,0,0,2,1,6,1,30,6,1598,1,15,3,1,3
201706Q039124,1,9,0,1,9,1,0,0,0,10,2,1,6,1,40,7,1497,1,14,-1,-1,-1
201706Q039143,1,9,0,10,0,6,0,0,0,0,4,1,6,2,47,8,1364,1,8,6,1,6
201706Q039179,1,8,0,18,0,2,0,0,0,0,1,1,1,1,30,6,1598,2,7,-1,-1,-1
201706Q039239,1,9,0,7,0,6,0,0,0,0,1,-1,5,3,-1,-1,-1,-1,-1,-1,-1,-1
201706Q039239,2,9,0,18,0,8,0,0,0,0,4,1,6,2,40,7,2179,2,3,-1,-1,-1
201706Q039535,1,9,0,7,0,5,0,0,0,0,1,1,6,1,30,6,-1,-1,-1,-1,-1,-1
201706Q039637,1,9,0,18,0,0,0,0,8,2,3,1,6,1,19,4,1229,1,4,7,1,7
201706Q040494,1,21,0,11,0,0,0,0,0,0,4,1,1,1,30,6,12740,2,1,-1,-1,-1
201706Q040494,2,9,0,5,0,0,1,0,0,0,3,1,6,1,24,5,1956,2,7,3,1,3
201706Q041018,1,9,0,18,0,1,1,0,0,0,4,1,6,1,30,6,2926,2,16,-1,-1,-1
201706Q041018,2,9,0,9,0,6,0,0,0,0,3,1,6,2,31,6,1794,1,10,2,1,2
201706QG36914,1,9,0,11,0,8,1,0,0,0,0,1,6,1,30,6,-1,-1,-1,-1,-1,-1
201706QG36914,2,9,0,17,0,8,0,0,3,2,1,1,2,1,19,4,1991,1,-1,5,1,5
201706X025690,1,21,0,18,0,0,0,0,0,0,1,1,6,1,45,7,10518,2,4,10,1,10
201706X025690,2,9,0,18,0,0,0,0,0,0,2,1,6,2,55,8,1998,2,9,5,2,5
201706X025691,1,9,0,18,0,0,0,0,0,0,4,1,6,1,48,8,1997,2,2,3,1,3
201706X025691,2,4,0,18,0,0,0,0,0,0,3,1,6,1,30,6,652,1,5,8,2,8
201706X025780,1,19,0,18,0,0,0,0,0,0,1,1,1,1,45,7,1968,2,1,2,1,2
201706X025780,2,21,0,18,0,0,0,0,0,0,2,1,1,1,44,7,6871,2,2,1,1,1
201706X025809,1,20,1,18,0,0,0,0,0,0,2,-1,5,3,-1,-1,-1,-1,-1,-1,-1,-1
201706X025809,2,9,0,18,0,0,0,0,0,0,1,1,6,2,27,6,1896,2,10,8,3,8
201706X025815,1,9,0,11,0,1,0,0,0,0,4,1,6,1,30,6,-1,-1,-1,-1,-1,-1
201706X025815,2,21,1,18,0,1,0,0,0,0,1,1,1,1,65,9,12777,2,5,-1,-1,-1
201706X025815,3,9,0,18,0,1,0,0,0,0,1,1,6,2,52,8,1299,1,18,3,1,3
201706X025817,1,21,1,18,0,0,0,0,0,0,1,2,1,1,58,9,-1,-1,-1,-1,-1,-1
201706X025817,2,9,0,18,0,0,2,7,1,7,4,1,6,2,52,8,1296,1,11,-1,-1,-1
201706X025824,1,9,0,11,0,0,0,0,0,0,1,1,6,1,28,6,1995,2,9,7,1,7
201706X025824,2,9,0,4,0,0,0,0,0,0,2,1,6,2,41,7,1582,2,2,3,1,3
201706X025927,1,9,0,3,0,0,0,0,0,0,2,1,6,1,35,6,1596,1,15,2,1,2
201706X025927,2,9,0,3,0,0,0,0,0,0,2,1,6,1,51,8,1560,2,2,8,1,8
201706X025927,3,9,0,18,0,0,0,0,0,0,1,1,6,2,30,6,1686,2,9,10,1,10
201706X026054,1,9,0,18,0,0,0,0,0,0,3,1,6,2,42,7,-1,-1,-1,6,1,6
201706X026054,2,90,0,18,0,0,0,0,0,0,4,-1,5,3,-1,-1,-1,-1,-1,-1,-1,-1
201706X026081,1,9,0,18,0,0,1,0,0,0,1,1,1,1,30,6,-1,-1,-1,5,1,5
201706X026081,2,9,0,18,0,0,0,0,0,0,2,1,6,2,24,5,1984,1,2,10,1,10
201706X026090,1,10,0,4,0,0,0,0,0,0,2,1,1,2,25,5,2402,2,10,2,1,2
201706X026090,2,21,1,18,0,0,0,0,0,0,1,1,1,1,42,7,-1,-1,-1,-1,-1,-1
201706X026125,1,20,0,11,0,0,0,0,0,0,2,1,1,1,44,7,2463,2,11,2,1,2
201706X026125,2,5,0,18,0,0,0,0,0,0,3,1,2,1,50,8,1783,1,1,6,1,6
201706X026324,1,9,0,18,0,7,0,4,0,0,1,1,6,1,32,6,1364,1,12,1,1,1
201706X026324,2,9,0,18,0,1,0,0,0,0,2,1,6,2,29,6,2688,2,17,9,3,9
201706X026608,1,9,0,18,0,0,0,0,0,0,1,-1,5,1,-1,-1,-1,-1,-1,-1,-1,-1
201706X027029,1,9,0,18,0,8,0,0,0,0,2,-1,5,3,-1,-1,-1,-1,-1,-1,-1,-1
201706X027029,2,9,0,18,0,8,0,0,0,0,2,1,2,2,34,6,1461,2,6,6,1,6
201706X027065,1,9,0,18,0,8,0,0,0,0,2,1,6,1,35,6,1998,1,17,2,1,2
201706X027065,2,9,0,18,0,8,0,0,0,0,0,-1,5,3,-1,-1,-1,-1,-1,-1,-1,-1
201706X027076,1,9,0,18,0,7,0,0,0,0,0,-1,5,3,-1,-1,-1,-1,-1,-1,-1,-1
201706X027076,2,9,0,18,0,7,0,0,0,0,2,1,6,1,47,8,2171,1,13,7,1,7
201706X027076,3,9,0,18,0,7,0,0,0,0,2,1,6,1,34,6,1896,2,9,3,1,3
201706X027076,4,9,0,18,0,7,0,0,0,0,1,1,6,2,50,8,2143,2,1,8,1,8
201706X027181,1,9,0,18,0,0,0,0,0,0,1,1,6,2,74,10,-1,-1,-1,7,1,7
201706X027181,2,9,0,3,0,0,0,0,0,0,2,1,6,1,26,6,1149,1,2,2,1,2
201706X027181,3,9,0,3,0,0,0,0,0,0,2,1,6,1,46,8,1995,2,-1,7,1,7
201706X027241,1,9,0,18,0,0,0,0,0,0,1,1,1,2,30,6,1397,1,8,4,1,4
201706X027241,2,19,0,18,0,0,0,0,0,0,1,1,1,1,30,6,1870,2,11,2,1,2
201706X027241,3,19,0,18,0,0,0,0,0,0,2,1,1,1,56,9,-1,-1,-1,8,1,8
201706X027279,1,9,0,18,0,0,0,0,0,0,1,1,6,1,53,8,1910,2,9,1,1,1
201706X027279,2,9,0,3,0,0,0,0,0,0,2,1,1,1,54,8,999,1,2,2,1,2
201706X027279,3,19,0,3,0,0,0,0,0,0,2,1,1,1,51,8,2488,2,1,4,1,4
201706X027304,1,9,0,18,0,0,0,0,0,0,1,1,6,1,41,7,1910,2,10,1,1,1
201706X027304,2,21,1,18,0,0,0,0,0,0,2,1,1,1,62,9,12777,2,10,7,1,7
201706X027317,1,9,0,12,0,0,0,0,0,0,2,1,6,1,70,10,1598,1,5,4,1,4
201706X027317,2,9,0,18,0,0,0,0,0,0,1,1,1,1,65,9,-1,-1,-1,7,1,7
201706X027699,1,9,0,18,0,8,1,0,1,0,3,1,6,2,26,6,1398,1,1,9,1,9
201706X027699,2,21,2,13,0,8,2,0,2,0,1,-1,2,3,-1,-1,-1,-1,-1,-1,-1,-1
201706X027897,1,9,0,18,0,0,0,0,0,0,1,1,2,2,30,6,-1,-1,-1,4,1,4
201706X027897,2,9,0,4,0,0,0,0,0,0,2,1,2,1,25,5,1197,1,1,2,1,2
201706X027950,1,9,0,18,0,0,1,0,1,7,1,1,6,2,28,6,1360,1,6,1,1,1
201706X027957,1,9,0,18,0,7,0,0,0,0,3,1,1,1,61,9,2696,2,13,2,1,2
201706X027957,2,3,0,18,0,7,0,0,0,0,3,1,1,1,27,6,124,1,9,1,1,1
201706X028061,1,21,1,18,0,1,0,0,0,0,4,-1,1,3,-1,-1,-1,-1,-1,-1,-1,-1
201706X028061,2,9,0,18,0,1,0,0,2,7,3,1,6,2,31,6,-1,-1,-1,1,1,1
201706X028384,1,9,0,18,0,0,0,0,0,0,1,1,6,1,31,6,999,1,3,5,1,5
201706X028384,2,9,0,18,0,0,0,0,0,0,2,1,6,1,62,9,1686,2,2,-1,-1,-1
201706X028683,1,9,0,18,0,0,0,0,0,0,1,1,6,1,33,6,-1,-1,-1,6,3,6
201706X028683,2,9,0,18,0,0,0,0,0,0,2,1,6,2,37,7,1461,2,1,2,1,2
201706X028683,3,19,0,18,0,0,0,0,0,0,2,1,1,1,47,8,1968,2,7,4,1,4
201706X028683,4,9,0,18,0,0,0,0,0,0,2,1,1,1,62,9,1587,1,10,4,1,4
201706X028690,1,5,0,18,0,0,0,0,0,0,1,1,6,1,38,7,1255,1,9,3,1,3
201706X028690,2,9,0,18,0,0,0,0,0,0,2,1,6,1,19,4,1598,2,4,6,2,6
201706X028794,1,9,0,18,0,0,0,0,0,0,1,1,6,2,28,6,2967,2,1,8,1,8
201706X028794,2,9,0,18,0,0,0,0,0,0,2,1,6,2,28,6,-1,-1,-1,2,1,2
201706X028794,3,9,0,18,0,0,0,0,0,0,2,1,6,2,25,5,1242,1,4,3,1,3
201706X028794,4,9,0,18,0,0,0,0,0,0,2,1,6,1,56,9,1596,1,8,9,1,9
201706X028794,5,9,0,18,0,0,0,0,0,0,2,1,6,1,33,6,1968,2,3,9,1,9
201706X028839,1,9,0,18,0,0,0,0,0,0,1,1,6,1,56,9,1461,2,1,1,1,1
201706X028839,2,9,0,3,0,0,0,0,0,0,2,1,6,2,43,7,1896,2,14,6,1,6
201706X028839,3,9,0,3,0,0,0,0,0,0,2,1,2,1,48,8,1997,2,5,7,1,7
201706X028840,1,9,0,18,0,0,0,0,0,0,1,1,2,1,48,8,999,1,-1,8,3,8
201706X028840,2,9,0,3,0,0,0,0,0,0,2,1,6,2,52,8,1968,2,7,3,1,3
201706X028840,3,9,0,3,0,0,0,0,0,0,2,1,2,1,28,6,1968,2,-1,9,1,9
201706X028867,1,21,1,18,0,0,0,0,0,0,1,1,1,1,58,9,12419,2,2,3,1,3
201706X028867,2,9,0,18,0,0,0,0,0,0,3,1,6,1,52,8,1796,1,14,9,1,9
201706X029011,1,9,0,18,0,0,0,0,0,0,1,1,6,1,30,6,-1,-1,-1,-1,-1,-1
201706X029011,2,90,0,12,0,0,0,0,0,0,2,1,6,1,39,7,-1,-1,-1,7,1,7
201706X029148,1,90,0,18,0,0,0,0,0,0,3,1,6,1,30,6,-1,-1,-1,-1,-1,-1
201706X029148,2,90,0,4,0,0,0,0,1,0,1,1,6,1,36,7,-1,-1,-1,3,1,3
201706X029174,1,9,0,3,0,1,1,0,0,0,1,1,6,1,30,6,-1,-1,-1,-1,-1,-1
201706X029174,2,9,0,3,0,1,0,0,0,0,2,1,6,1,45,7,1968,2,6,3,1,3
201706X029201,1,9,0,18,7,0,1,0,1,4,1,1,6,1,30,6,-1,-1,-1,2,1,2
201706X029212,1,9,0,18,0,0,1,0,4,6,3,1,6,1,34,6,1197,1,1,6,1,6
201706X029212,2,9,0,18,0,0,1,0,1,7,4,1,6,1,32,6,1596,1,13,2,1,2
201706X029212,3,9,0,18,0,0,0,0,0,0,0,1,6,1,35,6,2993,2,6,-1,-1,-1
201706X029299,1,19,0,3,0,1,0,0,0,0,4,1,6,1,33,6,1995,2,10,5,1,5
201706X029299,2,4,0,18,0,1,0,0,0,0,3,1,6,1,31,6,749,1,11,3,1,3
201706X029374,1,9,0,18,0,0,0,0,0,0,1,1,6,1,43,7,1896,2,13,2,1,2
201706X029374,2,9,0,18,0,0,0,0,0,0,2,1,6,2,22,5,1229,1,12,1,1,1
201706X029408,1,19,0,18,0,0,0,0,0,0,1,1,1,1,37,7,-1,-1,-1,2,1,2
201706X029408,2,9,0,18,0,0,0,0,2,7,2,1,6,1,42,7,-1,-1,-1,1,1,1
201706X029408,3,9,0,18,0,0,0,0,0,0,2,1,6,2,66,10,1149,1,1,-1,-1,-1
201706X029408,4,19,0,18,0,0,0,0,0,0,1,1,1,1,48,8,2402,2,13,6,1,6
201706X029587,1,9,0,18,0,0,0,0,1,6,1,1,6,1,17,4,1364,1,9,2,1,2
201706X029587,2,9,0,18,0,0,0,0,0,0,2,1,6,1,53,8,1248,2,10,1,1,1
201706X029628,1,9,0,18,0,0,1,0,1,0,1,1,6,1,22,5,1229,1,2,1,1,1
201706X029628,2,9,0,18,0,0,2,0,0,0,2,1,2,1,30,6,998,1,2,3,1,3
201706X029638,1,9,0,18,0,0,0,0,0,0,1,1,2,1,25,5,1995,2,5,5,1,5
201706X029638,2,9,0,3,0,0,0,0,0,0,2,1,2,2,32,6,1968,2,-1,7,1,7
201706X029638,3,9,0,3,0,0,0,0,0,0,2,1,2,1,38,7,1364,1,1,3,1,3
201706X029644,1,21,0,11,0,0,0,0,0,0,1,1,1,1,34,6,11705,2,9,8,1,8
201706X029644,2,10,0,18,0,0,1,0,0,0,3,1,6,2,23,5,-1,-1,-1,2,1,2
201706X029835,1,9,0,18,0,0,2,7,0,0,1,1,6,1,46,8,998,1,-1,1,1,1
201706X029835,2,9,0,18,0,0,0,0,0,0,2,1,6,2,25,5,-1,-1,-1,-1,-1,-1
201706X029837,1,9,0,18,0,0,2,7,4,0,1,1,6,1,31,6,1995,2,13,2,1,2
201706X029837,2,9,0,18,0,0,0,0,1,4,3,1,6,1,58,9,1997,2,6,1,1,1
201706X030059,1,9,0,12,0,0,0,0,0,6,1,1,6,2,51,8,1997,2,14,2,1,2
201706X030079,1,21,1,11,0,1,1,0,0,0,1,-1,5,3,-1,-1,-1,-1,-1,-1,-1,-1
201706X030079,2,9,0,18,0,1,0,0,1,0,3,1,1,1,38,7,1968,2,8,6,1,6
201706X030187,1,9,0,18,0,8,0,0,0,0,1,1,6,2,48,8,1461,2,-1,1,1,1
201706X030187,2,9,0,17,0,8,0,0,0,0,1,1,6,1,25,5,-1,-1,-1,10,1,10
201706X030191,1,5,0,18,0,7,1,0,0,0,4,1,2,1,44,7,599,1,15,5,1,5
201706X030296,1,9,0,18,0,0,1,0,0,0,1,1,6,1,28,6,1242,1,14,8,1,8
201706X030296,2,9,0,3,0,0,0,0,0,0,2,1,6,1,45,7,1560,2,4,8,1,8
201706X030440,1,9,0,18,0,1,0,0,0,0,1,1,6,1,30,6,-1,-1,-1,-1,-1,-1
201706X030440,2,9,0,3,0,1,0,0,0,0,2,1,6,2,34,6,1797,8,6,1,1,1
201706X030532,1,9,0,18,0,0,0,0,0,0,1,1,6,1,76,11,-1,-1,-1,8,1,8
201706X030532,2,9,0,18,0,0,0,0,0,0,1,1,6,1,26,6,1120,2,4,4,1,4
201706X030532,3,9,0,18,0,0,0,0,0,0,2,1,6,1,56,9,1396,1,16,2,1,2
201706X030532,4,9,0,18,0,0,0,0,0,0,2,1,6,1,51,8,1984,2,8,6,1,6
201706X030541,1,19,0,18,0,0,0,0,0,0,1,1,6,1,27,6,1995,2,3,8,1,8
201706X030541,2,9,0,4,0,0,0,0,0,0,2,1,6,2,38,7,1797,8,2,5,1,5
201706X030560,1,9,0,18,0,0,0,0,0,0,1,1,6,2,57,9,1797,8,2,10,2,10
201706X030560,2,19,0,18,0,0,0,0,0,0,2,1,6,1,59,9,-1,-1,-1,1,1,1
201706X030560,3,19,0,18,0,0,0,0,0,0,2,1,6,1,34,6,1996,2,6,9,2,9
201706X030579,1,9,0,18,0,0,1,0,0,0,1,1,1,1,41,7,1998,1,1,4,1,4
201706X030579,2,9,0,4,0,0,2,0,0,0,2,1,6,2,34,6,2979,1,3,6,3,6
201706X030668,1,9,0,18,0,8,0,0,0,0,2,1,6,1,23,5,1229,1,2,3,1,3
201706X030668,2,9,0,18,0,8,0,0,0,0,1,1,6,1,40,7,1596,1,14,1,1,1
201706X030670,1,9,0,18,0,0,0,0,0,0,1,1,6,1,27,6,1149,1,15,6,1,6
201706X030670,2,9,0,18,0,0,0,0,0,0,2,1,6,1,70,10,1968,2,-1,1,1,1
201706X030715,1,9,0,18,0,0,0,0,0,0,1,1,6,1,20,4,1497,8,8,4,1,4
201706X030715,2,9,0,18,0,0,0,0,0,0,2,1,6,2,34,6,1399,2,7,2,1,2
201706X030792,1,9,0,18,0,0,0,0,0,0,1,1,6,2,21,5,1229,1,-1,1,1,1
201706X030792,2,19,0,2,6,0,0,0,0,0,2,1,1,1,31,6,2299,2,1,1,1,1
201706X030926,1,9,0,18,0,0,0,0,0,0,1,1,1,2,22,5,1399,2,5,9,2,9
201706X030926,2,19,0,18,0,0,0,0,0,0,2,1,1,1,73,10,-1,-1,-1,5,1,5
201706X030932,1,9,0,18,0,0,2,12,5,6,1,1,1,1,32,6,1396,1,16,4,1,4
201706X031021,1,9,0,16,0,3,0,0,0,0,1,-1,5,3,-1,-1,-1,-1,-1,-1,-1,-1
201706X031021,2,9,0,17,0,3,0,0,0,0,1,1,6,2,49,8,999,1,1,4,1,4
201706X031166,1,9,0,18,0,0,0,0,0,0,0,1,1,1,61,9,-1,-1,-1,-1,-1,-1
201706X031166,2,9,0,18,0,0,0,0,0,0,1,1,6,2,55,8,1360,1,12,-1,-1,-1
201706X031186,1,9,0,12,0,0,0,0,0,0,3,1,2,1,24,5,1198,1,4,-1,-1,-1
201706X031186,2,5,0,18,0,0,0,0,0,0,4,1,6,1,23,5,1063,1,18,6,1,6
201706X031187,1,19,0,17,0,0,0,0,2,7,1,1,6,1,27,6,1998,2,16,4,1,4
201706X031187,2,8,0,17,0,0,0,0,1,7,1,1,1,1,63,9,1598,2,1,1,1,1
201706X031216,1,5,0,18,0,0,5,7,0,0,4,1,6,1,65,9,847,1,1,2,1,2
201706X031283,1,9,0,12,0,0,0,0,0,0,1,1,6,1,30,6,-1,-1,-1,1,1,1
201706X031283,2,9,0,18,0,0,0,0,0,0,2,1,6,1,40,7,1461,2,10,3,1,3
201706X031288,1,9,0,18,0,8,0,0,0,0,1,1,6,1,54,8,-1,-1,-1,1,1,1
201706X031288,2,9,0,18,0,8,0,0,0,0,2,1,6,1,52,8,1198,1,1,5,1,5
201706X031288,3,9,0,18,0,8,0,0,0,0,1,1,6,1,36,7,1896,2,9,6,1,6
201706X031509,1,9,0,4,0,1,0,0,0,0,1,1,6,2,30,6,1349,1,11,1,1,1
201706X031509,2,9,0,4,0,1,0,0,0,0,2,1,6,2,23,5,1242,1,5,3,1,3
201706X031533,1,19,0,18,0,0,0,0,0,0,1,1,6,1,30,6,2198,2,4,8,3,8
201706X031533,2,9,0,3,0,0,0,0,0,0,2,1,6,1,43,7,1995,2,5,3,1,3
201706X031634,1,9,0,18,0,1,0,0,0,0,1,1,6,1,19,4,1229,1,7,6,1,6