Accident_Index,Vehicle_Reference,Vehicle_Type,Towing_and_Articulation,Vehicle_Manoeuvre,Vehicle_Location-Restricted_Lane,Junction_Location,Skidding_and_Overturning,Hit_Object_in_Carriageway,Vehicle_Leaving_Carriageway,Hit_Object_off_Carriageway,1st_Point_of_Impact,Was_Vehicle_Left_Hand_Drive?,Journey_Purpose_of_Driver,Sex_of_Driver,Age_of_Driver,Age_Band_of_Driver,Engine_Capacity_(CC),Propulsion_Code,Age_of_Vehicle,Driver_IMD_Decile,Driver_Home_Area_Type,Vehicle_IMD_Decile
201706X031634,2,9,0,18,0,1,0,0,0,0,1,1,6,1,21,5,1598,2,3,1,1,1
201706X031634,3,9,0,18,0,1,0,0,0,0,2,1,6,1,37,7,1968,2,2,4,1,4
201706X031731,1,9,0,18,0,0,1,0,0,0,0,1,6,1,30,6,-1,-1,-1,-1,-1,-1
201706X031731,2,9,0,18,0,0,2,0,0,0,0,1,6,1,20,4,1242,1,11,10,1,10
201706X031731,3,9,0,18,0,0,0,0,0,0,0,1,6,1,25,5,1598,1,13,-1,-1,-1
201706X031958,1,21,0,11,0,0,0,0,0,0,1,1,1,1,30,6,-1,-1,-1,9,1,9
201706X031958,2,21,1,18,0,0,0,0,0,0,1,1,1,1,44,7,-1,-1,-1,9,1,9
201706X031958,3,9,0,18,0,0,0,0,0,0,0,1,6,1,33,6,1968,2,7,9,1,9
201706X032010,1,9,0,18,0,0,0,0,0,0,1,1,2,1,66,10,2987,2,12,9,1,9
201706X032010,2,90,0,4,0,0,0,0,0,0,2,1,1,1,42,7,-1,-1,-1,9,1,9
201706X032010,3,9,0,4,0,0,0,0,0,0,2,1,2,1,50,8,1685,2,2,6,1,6
201706X032160,1,11,0,18,0,0,0,0,0,0,2,1,6,1,68,10,-1,-1,-1,-1,-1,-1
201706X032160,2,20,0,18,0,0,0,0,0,0,0,1,6,1,54,8,-1,-1,-1,-1,-1,-1
201706X032160,3,9,0,18,0,0,0,0,0,0,2,1,6,1,30,6,-1,-1,-1,-1,-1,-1
201706X032244,1,9,0,12,0,0,1,0,0,0,3,1,6,2,46,8,-1,-1,-1,3,1,3
201706X032244,2,9,0,18,0,0,0,0,0,0,4,1,6,1,32,6,2993,2,10,7,1,7
201706X032244,3,21,1,18,0,0,0,0,0,0,3,2,1,1,37,7,-1,-1,-1,-1,-1,-1
201706X032247,1,9,0,11,0,2,1,10,5,1,1,1,6,1,86,11,1997,2,14,10,1,10
201706X032357,1,5,0,15,0,0,0,0,4,6,3,1,6,1,50,8,999,1,-1,1,1,1
201706X032494,1,9,0,4,0,1,0,0,0,0,1,1,6,1,20,4,1124,1,11,8,2,8
201706X032494,2,9,0,4,0,1,0,0,0,0,2,1,6,2,22,5,1242,1,3,9,1,9
201706X032494,3,9,0,4,0,1,0,0,0,0,2,1,6,2,30,6,1598,2,1,-1,-1,-1
201706X032597,1,5,0,18,0,4,0,0,1,1,1,1,6,1,31,6,600,1,19,2,1,2
201706X032601,1,21,1,11,0,0,0,0,0,0,1,1,1,1,44,7,12902,2,4,4,3,4
201706X032601,2,9,0,18,0,0,0,0,0,0,2,1,6,1,51,8,-1,-1,-1,-1,-1,-1
201706X032601,3,9,0,18,0,0,0,0,0,0,1,1,6,2,58,9,-1,-1,-1,8,3,8
201706X032645,1,9,0,18,0,1,1,0,4,6,1,1,6,2,28,6,1896,2,15,2,1,2
201706X032645,2,9,0,18,0,1,2,0,4,6,2,1,6,2,21,5,1242,1,2,9,1,9
201706X032788,1,20,0,18,0,0,0,0,0,0,1,1,1,1,36,7,6728,2,2,1,1,1
201706X032788,2,9,0,3,0,0,0,0,0,0,2,1,6,2,53,8,1248,1,2,9,1,9
201706X032788,3,9,0,3,0,0,0,0,0,0,2,1,6,2,50,8,1598,1,5,6,3,6
201706X032797,1,9,0,18,0,0,0,0,0,0,1,1,6,1,67,10,1896,2,14,2,1,2
201706X032797,2,9,0,18,0,0,0,0,0,0,4,1,6,1,49,8,1794,1,16,2,1,2
201706X032841,1,9,0,18,0,0,0,0,0,0,1,1,6,1,30,6,-1,-1,-1,-1,-1,-1
201706X032841,2,9,0,18,0,0,0,0,0,0,1,1,1,2,30,6,998,1,2,6,1,6
201706X032896,1,9,0,18,0,1,0,0,0,0,1,1,6,1,55,8,1349,1,15,8,1,8
201706X032896,2,9,0,3,0,1,0,0,0,0,2,1,6,1,55,8,-1,-1,-1,8,1,8
201706X033322,1,21,0,11,0,0,0,0,0,0,4,1,1,1,34,6,-1,-1,-1,3,1,3
201706X033322,2,9,0,12,0,0,0,0,0,0,3,1,2,1,25,5,1595,1,8,5,1,5
201706X033322,3,9,0,18,0,0,0,0,0,0,4,1,2,1,54,8,2179,2,3,10,1,10
201706X033322,4,9,0,18,0,0,0,0,0,0,4,1,2,1,57,9,1598,2,-1,3,1,3
201706X033436,1,21,1,11,0,0,0,0,0,0,4,1,1,1,71,10,10518,2,10,1,1,1
201706X033436,2,9,0,18,0,0,0,0,0,6,3,1,6,1,66,10,1956,2,2,1,1,1
201706X033468,1,9,0,18,0,0,2,0,1,0,1,1,6,1,25,5,2143,12,5,8,1,8
201706X033493,1,9,0,18,0,8,0,0,0,0,1,-1,5,3,-1,-1,-1,-1,-1,-1,-1,-1
201706X033493,2,9,0,12,0,8,1,0,0,0,2,1,6,1,62,9,-1,-1,-1,4,1,4
201706X033493,3,9,0,18,0,7,0,0,0,0,3,1,6,1,27,6,1242,1,9,1,1,1
201706X033494,1,10,0,18,0,0,0,0,0,0,1,1,2,1,30,6,2148,2,9,-1,-1,-1
201706X033494,2,19,0,4,0,0,0,0,0,0,2,1,1,1,30,6,1461,2,7,3,1,3
201706X034048,1,9,0,18,0,0,2,0,0,0,1,1,6,1,25,5,1968,2,11,1,1,1
201706X034048,2,21,4,18,0,0,0,0,0,0,3,1,1,1,30,6,10308,2,4,-1,-1,-1
201706X034096,1,9,0,18,0,0,0,0,0,0,1,1,6,2,18,4,1242,1,3,10,1,10
201706X034096,2,19,0,18,0,0,0,0,0,0,2,1,6,1,27,6,-1,-1,-1,2,1,2
201706X034101,1,19,0,11,0,0,0,0,0,0,0,-1,5,3,-1,-1,-1,-1,-1,-1,-1,-1
201706X034101,2,9,0,18,0,0,1,0,7,0,1,1,2,2,55,8,875,1,5,6,1,6
201706X034101,3,9,0,18,0,0,1,0,4,0,1,1,2,1,22,5,1198,1,3,5,1,5
201706X034110,1,19,0,11,0,0,0,0,0,0,0,1,6,1,50,8,1560,2,7,9,1,9
201706X034110,2,9,0,18,0,0,1,10,2,7,1,1,6,2,24,5,1388,1,8,6,1,6
201706X034112,1,9,0,18,0,0,0,0,0,0,1,1,6,1,45,7,1086,1,9,1,1,1
201706X034112,2,9,0,18,0,0,0,0,0,0,2,1,6,1,38,7,1596,1,7,9,2,9
201706X034134,1,9,0,18,0,0,0,0,0,0,1,1,6,1,53,8,2171,1,15,-1,-1,-1
201706X034134,2,19,0,18,0,0,0,0,0,0,2,1,1,1,29,6,1560,2,3,-1,-1,-1
201706X034143,1,9,0,13,0,0,0,0,0,0,3,-1,5,3,-1,-1,-1,-1,-1,-1,-1,-1
201706X034143,2,9,0,18,0,0,0,0,0,0,4,1,6,1,44,7,2000,2,7,4,1,4
201706X034174,1,21,1,18,0,0,0,0,0,0,4,1,1,1,30,6,-1,-1,-1,-1,-1,-1
201706X034174,2,9,0,18,0,0,1,0,0,0,3,1,6,1,36,7,-1,-1,-1,8,1,8
201706X034228,1,9,0,18,0,0,1,0,0,0,1,1,6,1,35,6,3993,1,1,2,1,2
201706X034228,2,19,0,12,0,0,0,0,0,0,2,1,6,1,59,9,1598,2,2,1,1,1
201706X034402,1,9,0,4,0,0,0,0,0,0,1,1,6,1,30,6,-1,-1,-1,-1,-1,-1
201706X034402,2,9,0,4,0,0,0,0,0,0,2,1,6,2,43,7,1598,2,-1,3,1,3
201706X034535,1,9,0,18,0,0,0,0,0,0,1,1,2,1,51,8,-1,-1,-1,10,1,10
201706X034535,2,9,0,4,0,0,0,0,0,0,2,1,2,1,55,8,1598,2,-1,6,1,6
201706X034535,3,9,0,4,0,0,0,0,0,0,2,1,2,1,36,7,-1,-1,-1,-1,-1,-1
201706X034632,1,9,0,11,0,0,0,0,0,0,4,-1,5,3,-1,-1,-1,-1,-1,-1,-1,-1
201706X034632,2,9,0,18,0,0,0,0,0,7,3,1,6,2,27,6,1422,2,13,3,1,3
201706X034667,1,21,5,18,0,0,0,0,0,0,4,-1,1,3,-1,-1,-1,-1,-1,-1,-1,-1
201706X034667,2,9,0,18,0,0,0,0,0,0,2,1,6,1,35,6,998,1,-1,6,1,6
201706X034730,1,9,0,18,0,0,0,0,4,6,1,1,6,1,57,9,1360,1,12,2,1,2
201706X034731,1,9,0,18,0,0,0,0,0,0,1,1,6,1,24,5,1398,1,14,3,1,3
201706X034731,2,9,0,18,0,0,0,0,0,0,3,1,1,1,61,9,-1,-1,-1,6,1,6
201706X034731,3,9,0,18,0,0,0,0,0,0,1,1,6,1,26,6,1968,2,8,4,1,4
201706X034738,1,9,0,4,0,0,0,0,0,0,2,1,6,2,26,6,999,1,1,1,1,1
201706X034738,2,9,0,18,0,0,0,0,0,0,1,1,6,2,42,7,1999,2,1,8,3,8
201706X034738,3,9,0,18,0,0,0,0,0,0,1,1,6,1,26,6,1686,2,10,3,1,3
201706X034738,4,9,0,18,0,0,0,0,0,0,1,1,6,2,38,7,1339,1,7,6,1,6
201706X034756,1,9,0,12,0,0,0,0,0,0,0,1,2,1,29,6,1984,1,-1,1,1,1
201706X034756,2,9,0,18,0,0,1,0,4,6,2,1,2,2,33,6,1596,1,11,4,1,4
201706X034822,1,9,0,18,0,0,0,0,0,0,1,1,6,2,30,6,1461,2,2,-1,-1,-1
201706X034822,2,9,0,3,0,0,0,0,0,0,2,1,6,1,65,9,1496,2,-1,8,1,8
201706X034857,1,9,0,18,0,0,0,0,0,0,1,1,6,2,30,6,1395,1,2,-1,-1,-1
201706X034857,2,9,0,18,0,0,0,0,0,0,1,1,6,2,30,6,1248,1,8,-1,-1,-1
201706X034857,3,9,0,18,0,0,0,0,0,0,1,1,6,1,30,6,999,1,2,-1,-1,-1
201706X034857,4,9,0,4,0,0,0,0,0,0,2,1,6,2,42,7,1598,2,4,-1,-1,-1
201706X034862,1,19,0,9,0,8,0,0,0,0,4,1,1,1,36,7,-1,-1,-1,-1,-1,-1
201706X034862,2,4,0,18,0,8,0,0,0,0,3,1,1,1,25,5,125,1,5,2,1,2
201706X035011,1,9,0,12,0,0,0,0,0,0,0,-1,5,3,-1,-1,-1,-1,-1,-1,-1,-1
201706X035011,2,9,0,16,0,0,0,0,0,0,0,1,6,1,34,6,1560,2,6,1,1,1
201706X035011,3,9,0,16,0,0,0,0,4,6,3,1,6,1,31,6,1999,2,1,3,1,3
201706X035041,1,9,0,18,0,1,0,0,0,0,1,1,6,2,25,5,1229,1,9,-1,-1,-1
201706X035041,2,9,0,3,0,1,0,0,0,0,2,1,6,1,48,8,2494,2,12,3,1,3
201706X035060,1,19,0,18,0,5,0,0,0,0,1,1,2,1,33,6,2198,2,5,3,1,3
201706X035060,2,9,0,18,0,5,0,0,0,0,2,1,6,2,51,8,1896,2,9,3,1,3
201706X035060,3,9,0,18,0,5,0,0,0,0,2,1,6,1,74,10,998,1,7,2,1,2
201706X035060,4,9,0,18,0,5,0,0,0,0,2,1,6,2,29,6,1950,2,-1,-1,1,-1
201706X035084,1,9,0,12,0,0,1,10,4,6,1,1,6,2,43,7,1496,2,2,1,1,1
201706X035084,2,21,1,18,0,0,0,0,0,0,0,1,1,1,27,6,-1,-1,-1,5,1,5
201706X035108,1,9,0,12,0,0,0,0,0,0,3,1,6,1,44,7,2143,2,4,7,1,7
201706X035108,2,21,1,18,0,0,0,0,0,0,1,1,1,1,60,9,-1,-1,-1,-1,1,-1
201706X035179,1,20,1,18,0,0,0,0,0,0,0,-1,1,3,-1,-1,-1,-1,-1,-1,-1,-1
201706X035179,2,9,0,18,0,0,1,0,0,7,1,1,6,2,21,5,998,1,11,1,1,1
201706X035330,1,90,0,12,0,0,0,0,0,0,3,-1,5,3,-1,-1,-1,-1,-1,-1,-1,-1
201706X035330,2,9,0,18,0,0,0,0,0,0,4,1,6,1,66,10,1598,2,6,2,1,2
201706X035404,1,9,0,12,0,0,0,0,0,0,1,1,6,1,30,6,1360,1,11,-1,-1,-1
201706X035404,2,9,0,3,0,0,0,0,0,0,2,1,6,1,50,8,1560,2,5,3,1,3
201706X035454,1,9,0,18,0,0,0,0,0,0,1,1,6,1,42,7,2143,2,1,6,1,6
201706X035454,2,9,0,3,0,0,0,0,0,0,2,1,6,2,34,6,1582,2,4,8,1,8
201706X035454,3,9,0,3,0,0,0,0,0,0,2,1,6,1,41,7,1995,2,2,1,1,1
201706X035479,1,9,0,18,0,0,0,0,0,0,1,1,6,1,70,10,1598,1,4,7,1,7
201706X035479,2,19,0,4,0,0,0,0,0,0,2,1,1,1,54,8,1560,2,5,6,1,6
201706X035491,1,9,0,11,0,0,0,0,0,0,2,-1,5,3,-1,-1,-1,-1,-1,-1,-1,-1
201706X035491,2,9,0,18,0,0,0,0,0,0,4,1,1,1,34,6,-1,-1,-1,1,1,1
201706X035538,1,9,0,18,0,0,0,0,0,0,1,1,6,1,30,6,-1,-1,-1,-1,-1,-1
201706X035538,2,19,0,4,0,0,0,0,0,0,2,1,6,1,59,9,2198,2,4,5,1,5
201706X035555,1,90,0,1,0,0,0,0,0,0,1,1,6,1,30,6,-1,-1,-1,-1,-1,-1
201706X035555,2,9,0,3,0,0,0,0,0,0,2,1,2,2,34,6,2148,2,14,5,3,5
201706X035592,1,19,0,18,0,0,0,0,0,0,1,1,6,1,31,6,1870,2,13,1,1,1
201706X035592,2,9,0,11,0,0,0,0,0,0,1,1,6,1,41,7,1587,1,11,1,1,1
201706X035592,3,19,0,18,0,0,0,0,0,0,4,1,6,1,34,6,-1,-1,-1,-1,-1,-1
201706X035821,1,9,0,18,0,0,0,0,0,0,1,1,2,1,31,6,1587,1,14,3,1,3
201706X035821,2,19,0,4,0,0,0,0,0,0,2,1,2,1,29,6,2499,2,-1,4,2,4
201706X035899,1,21,1,12,0,0,0,0,0,0,3,2,1,1,62,9,-1,-1,-1,-1,-1,-1
201706X035899,2,9,0,18,0,0,0,0,0,0,4,1,6,1,45,7,1995,2,6,3,1,3
201706X036049,1,9,0,18,0,0,0,0,0,0,1,1,6,1,19,4,1596,1,5,6,1,6
201706X036049,2,9,0,4,0,0,0,0,0,0,2,1,1,1,30,6,1997,2,1,9,1,9
201706X036086,1,9,0,11,0,0,0,0,0,0,4,-1,5,3,-1,-1,-1,-1,-1,-1,-1,-1
201706X036086,2,9,0,18,0,0,0,0,0,0,3,1,6,2,33,6,1242,1,6,4,1,4
201706X036222,1,21,0,11,0,0,1,0,0,0,1,1,1,1,58,9,12777,2,2,3,1,3
201706X036222,2,9,0,18,0,0,1,0,5,6,2,1,6,2,35,6,1339,1,8,2,1,2
201706X036257,1,9,0,18,0,0,0,0,0,0,1,1,6,1,39,7,1061,1,11,6,1,6
201706X036257,2,9,0,18,0,0,0,0,0,0,2,1,6,1,65,9,2204,2,12,2,1,2
201706X036353,1,9,0,18,0,0,0,0,0,0,3,1,6,1,52,8,1242,1,3,9,1,9
201706X036353,2,9,0,11,0,0,0,0,1,0,1,1,6,1,30,6,1560,2,10,3,1,3
201706X036379,1,9,0,18,0,0,0,0,0,0,1,-1,5,3,-1,-1,-1,-1,-1,-1,-1,-1
201706X036379,2,9,0,11,0,0,0,0,0,0,2,1,6,1,27,6,1999,2,-1,10,1,10
201706X036409,1,19,0,15,0,0,0,0,0,0,3,-1,5,3,-1,-1,-1,-1,-1,-1,-1,-1
201706X036409,2,9,0,18,0,0,0,0,0,0,4,1,1,1,45,7,-1,-1,-1,7,1,7
201706X036443,1,9,0,18,0,0,0,0,0,0,1,1,6,3,26,6,1398,1,1,8,1,8
201706X036443,2,9,0,18,0,0,0,0,0,0,2,1,2,1,57,9,1995,2,-1,4,1,4
201706X036443,3,9,0,18,0,0,0,0,0,0,2,1,2,1,37,7,1598,1,10,9,1,9
201706X036443,4,9,0,18,0,0,0,0,0,0,2,1,6,2,27,6,998,1,4,3,1,3
201706X036614,1,9,0,18,0,0,0,0,0,0,1,1,6,1,42,7,1895,1,18,1,1,1
201706X036614,2,9,0,18,0,0,0,0,0,0,2,1,6,2,39,7,1086,1,13,1,1,1
201706X036770,1,9,0,18,0,0,0,0,4,6,1,1,6,1,49,8,1995,2,4,3,1,3
201706X036770,2,9,0,4,0,0,0,0,0,0,1,1,6,1,24,5,3301,1,13,7,1,7
201706X036770,3,9,0,4,0,0,0,0,0,0,2,1,6,2,30,6,1997,2,9,5,2,5
201706X036789,1,9,0,11,0,0,0,0,0,0,0,-1,5,3,-1,-1,-1,-1,-1,-1,-1,-1
201706X036789,2,9,0,18,0,0,1,0,0,0,1,1,1,1,34,6,1597,2,2,10,1,10
201706X036789,3,9,0,18,0,0,0,0,0,0,2,1,6,2,48,8,1749,1,16,2,1,2
201706X036789,4,8,0,18,0,0,0,0,0,0,2,1,1,1,58,9,1997,2,9,-1,-1,-1
201706X036834,1,9,0,18,0,0,1,0,0,6,1,1,1,2,24,5,1362,1,3,9,1,9
201706X036834,2,9,0,18,0,0,0,0,0,0,1,1,1,1,29,6,1149,1,16,3,1,3
201706X036834,3,9,0,4,0,0,0,0,0,0,2,1,1,1,36,7,1560,2,6,10,1,10
201706X036866,1,19,0,13,0,8,0,0,0,0,4,1,6,1,30,6,1995,2,3,-1,-1,-1
201706X036866,2,9,0,18,0,8,0,0,0,0,3,1,6,2,24,5,-1,-1,-1,3,1,3
201706X037002,1,9,0,18,0,0,0,0,0,0,1,1,6,1,48,8,1596,1,10,2,1,2
201706X037002,2,9,0,3,0,0,0,0,0,0,2,1,6,2,46,8,-1,-1,-1,4,1,4
201706X037002,3,9,0,3,0,0,0,0,0,0,2,1,6,2,46,8,1968,2,4,-1,-1,-1
201706X037250,1,9,0,12,0,0,0,0,0,0,0,1,6,2,30,6,1248,1,2,7,1,7
201706X037250,2,9,0,18,0,0,1,0,4,9,0,1,6,2,46,8,-1,-1,-1,6,1,6
201706X037282,1,9,0,18,0,0,0,0,0,0,1,1,6,1,30,6,1398,2,15,5,1,5
201706X037282,2,9,0,4,0,0,0,0,0,0,2,1,6,1,60,9,-1,-1,-1,7,1,7
201706X037282,3,9,0,4,0,0,0,0,0,0,2,1,6,1,36,7,-1,-1,-1,7,1,7
201706X037342,1,9,0,12,0,0,1,0,0,0,3,1,2,2,60,9,1461,2,1,3,1,3
201706X037342,2,19,0,18,0,0,1,0,1,0,4,1,2,1,30,6,-1,-1,-1,-1,1,-1
201706X037342,3,21,1,18,0,0,1,0,0,0,1,1,1,1,39,7,-1,-1,-1,8,3,8
201706X037546,1,9,0,17,0,0,1,0,0,0,1,1,6,1,30,6,1598,1,14,-1,-1,-1
201706X037546,2,9,0,3,0,0,0,0,0,0,2,1,1,1,54,8,1968,2,2,9,1,9
201706X037735,1,9,0,18,0,0,0,0,0,0,1,1,6,1,19,4,1229,1,8,4,1,4
201706X037735,2,9,0,3,0,0,0,0,0,0,2,1,6,1,73,10,1329,1,1,1,1,1
201706X037737,1,9,0,18,0,0,0,0,0,0,1,-1,5,3,-1,-1,-1,-1,-1,-1,-1,-1
201706X037737,2,9,0,18,0,0,0,0,0,6,3,1,6,1,51,8,1596,1,10,1,1,1
201706X037742,1,9,0,11,0,0,0,0,0,0,0,-1,5,3,-1,-1,-1,-1,-1,-1,-1,-1
201706X037742,2,9,0,18,0,0,0,0,5,6,1,1,6,1,21,5,1598,1,11,2,1,2
201706X037864,1,9,0,11,0,0,1,0,0,0,1,1,6,1,27,6,1995,2,10,8,1,8
201706X037864,2,9,0,18,0,0,0,0,0,0,1,1,6,1,38,7,1956,2,3,1,1,1
201706X037864,3,9,0,18,0,0,0,0,0,0,0,1,6,2,32,6,1997,2,13,2,1,2
201706X037931,1,9,0,18,0,8,0,0,0,0,1,1,6,2,25,5,1242,1,1,1,1,1
201706X037931,2,9,0,11,0,3,0,0,0,0,2,1,2,2,26,6,-1,-1,-1,1,1,1
201706X037998,1,9,0,18,0,0,0,0,0,0,1,1,2,1,53,8,1560,2,4,6,1,6
201706X037998,2,9,0,4,0,0,0,0,0,0,2,1,2,2,31,6,1364,1,8,7,1,7
201706X037998,3,9,0,4,0,0,0,0,0,0,2,1,1,1,44,7,-1,-1,-1,8,1,8
201706X038007,1,21,0,11,0,0,0,0,0,0,4,1,1,1,29,6,12580,2,12,-1,-1,-1
201706X038007,2,9,0,18,0,0,0,0,0,0,3,1,6,1,72,10,1329,1,-1,3,1,3
201706X038130,1,9,0,18,0,0,0,0,0,0,3,1,2,1,36,7,1398,1,13,1,1,1
201706X038130,2,9,0,18,0,0,0,0,0,0,4,1,2,1,44,7,1332,1,11,3,1,3
201706X038243,1,9,0,18,0,0,0,0,0,0,2,1,2,1,29,6,1995,1,11,1,1,1
201706X038243,2,8,0,18,0,0,0,0,0,0,1,1,6,1,30,6,1329,1,6,-1,-1,-1
201706X038243,3,9,0,18,0,0,0,0,0,0,2,1,2,2,22,5,1956,2,5,1,1,1
201706X038243,4,9,0,18,0,0,0,0,0,0,2,1,2,2,59,9,-1,-1,-1,5,1,5
201706X038314,1,9,0,4,0,0,0,0,0,0,1,1,6,1,21,5,2143,2,4,9,1,9
201706X038314,2,9,0,4,0,0,0,0,0,0,2,1,2,1,31,6,1149,1,15,1,1,1
201706X038332,1,9,0,12,0,0,0,0,0,0,3,1,2,1,35,6,1986,2,10,3,1,3
201706X038332,2,21,1,18,0,0,0,0,0,0,1,1,1,1,51,8,12777,2,1,1,1,1
201706X038338,1,21,1,18,0,0,0,0,0,0,1,1,1,1,59,9,-1,-1,-1,4,1,4
201706X038338,2,9,0,18,0,0,1,0,0,0,2,1,6,2,26,6,1598,2,2,10,1,10
201706X038338,3,21,1,18,0,0,0,0,0,0,1,1,6,1,36,7,6693,2,4,2,1,2
201706X038390,1,9,0,18,0,0,1,0,5,6,1,1,6,2,43,7,1299,1,14,2,1,2
201706X038421,1,19,0,18,0,1,0,0,0,0,1,1,1,1,26,6,1968,2,-1,5,1,5
201706X038421,2,9,0,3,0,1,0,0,0,0,2,1,6,1,62,9,-1,-1,-1,7,2,7
201706X038424,1,9,0,18,0,0,1,0,1,6,4,1,6,1,30,6,2143,2,4,1,1,1
201706X038424,2,9,0,18,0,0,0,0,1,9,1,1,6,1,27,6,1999,1,4,9,2,9
201706X038434,1,9,0,18,0,0,0,0,0,0,1,-1,5,3,-1,-1,-1,-1,-1,-1,-1,-1
201706X038434,2,19,0,3,0,0,0,0,0,0,2,1,1,1,29,6,2198,2,1,7,1,7
201706X038445,1,9,0,18,0,0,0,0,0,0,1,1,6,1,52,8,-1,-1,-1,10,2,10
201706X038445,2,9,0,4,0,0,0,0,1,9,3,1,2,1,29,6,998,1,-1,10,1,10
201706X038445,3,9,0,4,0,0,0,0,0,0,2,1,2,1,37,7,1149,1,13,1,1,1
201706X038684,1,9,0,18,0,0,1,0,5,6,3,1,6,1,23,5,1197,1,3,5,1,5
201706X038704,1,9,0,18,0,0,0,0,0,0,1,1,6,2,24,5,1242,1,2,1,1,1
201706X038704,2,9,0,18,0,0,0,0,0,0,2,1,6,2,50,8,-1,-1,-1,1,1,1
201706X038774,1,9,0,18,0,0,0,0,0,0,1,1,6,2,26,6,1242,1,8,6,3,6
201706X038811,1,9,0,18,0,0,2,0,5,6,3,1,2,1,29,6,1149,1,11,1,1,1
201706X038818,1,9,0,4,0,0,1,0,0,0,1,-1,5,3,-1,-1,-1,-1,-1,-1,-1,-1
201706X038818,2,19,0,4,0,0,1,0,0,0,2,1,1,1,35,6,2198,2,4,8,1,8
201706X039072,1,9,0,4,0,1,0,0,0,0,1,1,6,2,27,6,1560,2,9,9,1,9
201706X039072,2,9,0,3,0,1,0,0,0,0,2,1,6,2,30,6,-1,-1,-1,5,1,5
201706X039177,1,9,0,18,0,0,0,0,0,0,4,1,6,2,46,8,1998,1,12,10,1,10
201706X039177,2,20,1,18,0,0,0,0,0,0,3,1,1,1,40,7,-1,-1,-1,3,1,3
201706X039177,3,20,1,18,0,0,0,0,0,0,4,1,1,1,36,7,-1,-1,-1,3,1,3
201706X039177,4,9,0,18,0,0,0,0,0,0,4,1,6,1,61,9,1339,1,3,6,1,6
201706X039667,1,9,0,18,0,0,0,0,0,0,1,1,6,1,30,6,1968,2,3,9,1,9
201706X039667,2,90,0,4,0,0,0,0,0,0,2,1,1,2,29,6,2198,2,4,-1,-1,-1
201706X042577,1,9,0,18,0,0,0,0,1,2,1,1,6,1,61,9,-1,-1,-1,-1,-1,-1
201706X306052,1,9,0,18,0,0,0,0,0,0,1,1,6,1,64,9,1968,2,6,-1,-1,-1
201706X306052,2,9,0,18,0,0,0,0,0,0,2,1,6,1,22,5,998,1,2,7,1,7
201706XB33715,1,9,0,18,0,0,0,0,0,0,1,1,6,1,42,7,2401,2,11,2,1,2
201706XB33715,2,9,0,18,0,0,0,0,0,0,2,1,6,2,39,7,1461,2,1,3,1,3
201706XB33715,3,9,0,18,0,0,0,0,0,0,1,1,6,1,29,6,1598,2,2,-1,2,-1
201706XB33915,1,9,0,18,0,0,1,0,0,7,1,1,1,2,36,7,1339,1,13,1,1,1
201706XB33915,2,21,4,18,0,0,0,0,0,0,1,2,1,1,53,8,-1,-1,-1,-1,-1,-1
201706XB33999,1,9,0,18,0,0,0,0,0,0,2,1,6,2,27,6,1598,2,-1,9,2,9
201706XB33999,2,9,0,18,0,0,0,0,0,0,1,1,6,1,34,6,-1,-1,-1,6,1,6
201706XB33999,3,9,0,11,0,0,0,0,0,0,4,1,6,1,37,7,1991,2,7,2,1,2
201706XB33999,4,21,1,18,0,0,0,0,0,0,3,1,1,1,59,9,12902,2,2,6,1,6
201706XC25870,1,9,0,11,0,0,1,0,0,0,3,1,6,1,61,9,-1,-1,-1,10,1,10
201706XC25870,2,9,0,18,0,0,0,0,0,0,1,1,6,1,45,7,1598,2,4,-1,-1,-1
201706XC25870,3,21,0,18,0,0,0,0,0,0,1,1,1,1,60,9,12777,2,10,2,1,2
201706XC27176,1,3,0,4,0,8,1,0,0,0,1,1,6,1,38,7,125,2,3,2,1,2
201706XC27176,2,9,0,9,0,8,0,0,0,0,2,1,6,2,30,6,1242,1,4,10,1,10
201706XC28383,1,9,0,8,0,4,0,0,0,0,1,1,6,2,30,6,-1,-1,-1,-1,-1,-1
201706XC28383,2,9,0,8,0,4,0,0,0,0,2,1,6,2,56,9,998,1,15,4,1,4
201706XC29635,1,9,0,18,0,0,0,0,0,0,1,1,2,1,26,6,1796,1,15,1,1,1
201706XC29635,2,9,0,18,0,0,0,0,0,0,1,1,6,1,29,6,1598,2,6,4,1,4
201706XC30085,1,9,0,18,0,8,0,10,0,0,1,1,6,1,64,9,1499,2,2,-1,-1,-1
201706XC30085,2,19,0,18,0,8,0,0,0,0,3,1,1,1,43,7,2143,2,1,10,1,10
201706XC30631,1,9,0,18,0,0,0,0,0,0,1,1,6,1,43,7,2191,2,4,5,1,5
201706XC31181,1,9,0,18,0,0,0,0,0,0,1,1,6,2,46,8,1968,2,-1,3,1,3
201706XC31181,2,9,0,18,0,0,0,0,0,0,2,1,6,1,35,6,1686,2,6,5,1,5
201706XC31181,3,9,0,18,0,0,0,0,0,0,2,1,6,1,60,9,1390,1,11,9,1,9
201706XC31227,1,9,0,17,0,0,0,0,4,1,3,1,6,1,57,9,1997,2,9,9,1,9
201706XC31227,2,9,0,18,0,0,0,0,0,0,1,1,6,1,63,9,1560,2,5,10,1,10