Accident_Index,Vehicle_Reference,Vehicle_Type,Towing_and_Articulation,Vehicle_Manoeuvre,Vehicle_Location-Restricted_Lane,Junction_Location,Skidding_and_Overturning,Hit_Object_in_Carriageway,Vehicle_Leaving_Carriageway,Hit_Object_off_Carriageway,1st_Point_of_Impact,Was_Vehicle_Left_Hand_Drive?,Journey_Purpose_of_Driver,Sex_of_Driver,Age_of_Driver,Age_Band_of_Driver,Engine_Capacity_(CC),Propulsion_Code,Age_of_Vehicle,Driver_IMD_Decile,Driver_Home_Area_Type,Vehicle_IMD_Decile
2017077152013,2,1,0,18,0,1,0,0,0,0,3,1,6,1,39,7,-1,-1,-1,7,2,7
2017077152013,3,9,0,8,0,6,0,0,0,0,3,1,6,2,52,8,1598,1,9,8,1,8
2017077152117,1,9,0,18,0,0,0,0,0,0,4,1,6,3,47,8,998,1,2,6,1,6
2017077152357,1,9,0,4,0,0,0,0,0,0,1,1,2,1,38,7,1560,2,6,2,1,2
2017077152357,2,9,0,3,0,0,0,0,0,0,2,1,2,1,35,6,2143,2,2,8,3,8
2017077152425,1,19,0,1,0,1,0,0,0,0,2,1,1,1,36,7,1870,2,11,10,1,10
2017077152491,1,1,0,18,0,0,0,0,0,0,1,1,6,1,62,9,-1,-1,-1,-1,1,-1
2017077152502,1,19,0,18,0,0,0,0,0,0,0,1,6,3,-1,-1,-1,-1,-1,-1,-1,-1
2017077152502,2,3,0,18,0,0,0,0,0,0,0,1,1,1,31,6,125,1,1,5,1,5
2017077152699,1,9,0,18,0,0,0,2,0,0,1,1,6,1,54,8,3222,2,15,1,1,1
2017077152699,2,9,0,18,0,0,2,0,1,4,2,1,6,1,51,8,1598,1,10,7,3,7
2017077152760,1,9,0,18,0,0,0,0,0,0,1,1,6,1,69,10,1598,1,6,1,1,1
2017077152760,2,9,0,18,0,0,0,0,0,0,1,1,6,1,24,5,1968,2,3,2,1,2
2017077152801,1,9,0,5,0,0,0,0,0,0,4,1,1,1,51,8,1796,1,10,8,1,8
2017077152801,2,19,0,18,0,0,0,0,0,0,1,1,6,1,45,7,1998,2,13,1,1,1
2017077152938,1,9,0,18,0,1,0,0,0,0,1,1,6,2,29,6,1951,2,13,6,1,6
2017077152938,2,9,0,3,0,1,0,0,0,0,2,1,6,1,85,11,1781,1,16,7,3,7
2017077153137,1,9,0,18,9,0,0,0,0,0,4,1,6,2,24,5,1584,1,9,9,1,9
2017077153137,2,1,0,18,0,0,0,0,0,0,1,1,2,1,37,7,-1,-1,-1,9,1,9
2017077153159,1,3,0,18,0,1,2,0,0,0,1,1,6,1,19,4,125,1,3,4,1,4
2017077153159,2,9,0,10,0,1,0,0,0,0,0,1,6,2,50,8,1598,1,7,7,1,7
2017077153163,1,1,0,18,0,8,0,0,0,0,1,1,6,1,12,3,-1,-1,-1,1,1,1
2017077153163,2,9,0,5,0,8,0,0,0,0,4,1,6,1,44,7,1998,1,8,2,1,2
2017077153577,1,9,0,9,0,1,0,0,0,0,1,1,6,3,-1,-1,-1,-1,-1,-1,-1,-1
2017077153577,2,1,0,18,0,1,0,0,0,0,1,1,2,1,20,4,-1,-1,-1,-1,-1,-1
2017077155124,1,21,0,11,0,0,0,0,0,0,4,1,1,1,52,8,10518,2,3,3,1,3
2017077155124,2,9,0,18,0,0,1,0,8,6,3,1,6,2,22,5,1242,1,13,10,1,10
2017077155124,3,9,0,18,0,0,1,0,4,6,4,1,6,1,28,6,1388,1,10,1,1,1
2017077155124,4,9,0,18,0,0,1,0,4,6,4,1,6,2,21,5,1339,1,6,10,3,10
2017077155128,1,9,0,18,0,8,0,10,0,0,4,1,6,2,20,4,1461,2,4,8,1,8
2017077155128,2,9,0,18,0,8,0,10,0,0,1,1,1,2,49,8,-1,-1,-1,3,1,3
2017077155426,1,4,0,13,0,1,0,0,0,0,1,1,6,1,29,6,124,1,4,-1,-1,-1
2017077155426,2,1,0,18,0,6,0,0,0,0,4,1,6,1,18,4,-1,-1,-1,1,1,1
2017077155666,1,9,0,6,0,8,0,0,0,0,1,1,6,1,69,10,1968,2,1,6,3,6
2017077155666,2,3,0,18,0,8,0,0,0,0,1,1,6,1,20,4,124,1,1,7,1,7
2017077156046,1,1,0,18,0,0,0,0,1,1,1,1,2,2,57,9,-1,-1,-1,5,1,5
2017077156058,1,9,0,18,0,4,0,0,0,0,1,1,2,2,51,8,998,1,3,3,1,3
2017077156058,2,9,0,9,0,8,0,0,0,0,1,1,6,2,38,7,1910,2,8,-1,1,-1
2017077156143,1,21,1,11,0,0,0,0,0,0,4,1,1,1,50,8,12809,2,2,1,1,1
2017077156143,2,5,0,18,0,0,0,0,1,7,3,1,6,1,53,8,1450,1,12,9,1,9
2017077156246,1,9,0,18,0,0,1,0,0,0,1,1,6,2,21,5,1422,2,9,8,1,8
2017077156246,2,9,0,18,0,0,0,0,0,0,1,1,6,1,43,7,1149,1,8,3,1,3
2017077156309,1,9,0,18,0,1,0,0,0,0,1,1,6,2,19,4,998,1,3,5,1,5
2017077156309,2,19,3,4,0,1,0,0,0,0,2,1,6,1,37,7,2198,2,2,5,3,5
2017077156435,1,9,0,9,0,6,0,0,1,0,4,1,6,2,87,11,1598,1,15,7,3,7
2017077156435,2,19,0,18,0,1,1,0,1,0,1,1,6,1,58,9,1686,2,14,2,1,2
2017077156435,3,9,0,2,0,2,0,0,1,0,2,1,6,1,77,11,998,1,5,8,2,8
2017077156655,1,9,0,5,9,6,0,0,0,0,1,1,6,1,39,7,1598,2,4,4,1,4
2017077156655,2,1,0,18,9,8,0,0,0,0,1,1,6,2,13,3,-1,-1,-1,6,1,6
2017077157118,1,9,0,13,0,0,0,0,0,0,0,1,6,3,-1,-1,-1,-1,-1,-1,-1,-1
2017077157118,2,9,0,18,0,0,2,0,2,4,4,1,1,1,35,6,1198,1,10,3,3,3
2017077157281,1,9,0,13,0,0,0,0,0,0,1,1,6,1,62,9,1995,2,11,5,1,5
2017077157281,2,9,0,17,0,0,0,0,0,0,1,1,6,1,25,5,2902,2,9,8,1,8
2017077157482,1,2,0,18,0,0,0,0,0,0,0,1,6,1,16,4,49,1,10,2,1,2
2017077157506,1,9,0,17,0,0,0,0,0,0,3,1,6,1,61,9,2996,1,10,7,3,7
2017077157506,2,9,0,16,0,0,0,0,0,0,3,1,6,1,50,8,1798,1,19,5,2,5
2017077157571,1,9,0,18,0,0,0,0,0,0,1,1,6,1,31,6,1598,1,2,8,1,8
2017077157571,2,9,0,4,0,0,0,0,0,0,2,1,6,1,22,5,1364,1,10,-1,-1,-1
2017077157571,3,9,0,4,0,0,0,0,0,0,2,1,6,1,47,8,1686,2,5,4,3,4
2017077157571,4,9,0,18,0,0,0,0,0,0,3,1,6,1,64,9,1560,2,11,5,3,5
2017077157698,1,1,0,16,0,1,0,0,0,0,1,1,6,1,13,3,-1,-1,-1,10,2,10
2017077157698,2,9,0,8,9,1,0,0,0,0,3,1,6,2,46,8,1598,2,5,9,3,9
2017077157778,1,3,0,18,0,8,0,0,0,0,1,1,6,1,17,4,125,1,2,1,1,1
2017077157778,2,11,0,18,3,8,0,0,0,0,3,1,1,1,55,8,3900,2,11,5,1,5
2017077157911,1,9,0,18,0,4,5,0,2,1,1,1,6,1,29,6,1998,1,15,1,1,1
2017077158433,1,9,0,17,9,0,0,0,7,0,1,1,2,2,61,9,3600,1,31,8,1,8
2017077158646,1,9,0,9,0,6,0,0,0,0,1,1,6,1,38,7,1996,1,1,3,1,3
2017077158646,2,1,0,18,0,1,0,0,0,0,3,1,6,1,49,8,-1,-1,-1,10,1,10
2017077158806,1,1,0,4,9,1,0,0,0,0,1,1,6,1,-1,-1,-1,-1,-1,-1,-1,-1
2017077159373,1,1,0,18,0,6,0,0,0,0,1,1,2,1,44,7,-1,-1,-1,1,1,1
2017077159373,2,9,0,9,0,8,0,0,0,0,4,1,2,1,23,5,998,1,8,10,1,10
2017077159548,1,10,0,18,0,1,0,0,0,0,4,1,6,3,-1,-1,2143,2,1,-1,-1,-1
2017077159576,1,1,0,18,0,4,0,0,0,0,3,1,6,1,58,9,-1,-1,-1,3,1,3
2017077159576,2,9,0,18,0,8,0,0,0,0,1,1,6,1,72,10,1910,2,10,3,1,3
2017077159607,1,9,0,7,0,8,0,0,0,0,1,1,6,1,18,4,998,1,8,4,1,4
2017077159607,2,1,0,17,0,8,0,0,0,0,2,1,6,1,26,6,-1,-1,-1,8,1,8
2017077159918,1,9,0,12,0,0,0,0,0,0,0,1,6,3,-1,-1,-1,-1,-1,-1,-1,-1
2017077159918,2,9,0,12,0,0,0,0,0,0,3,1,6,1,49,8,1910,2,9,-1,2,-1
2017077159918,3,9,0,18,0,0,0,0,0,0,4,1,6,1,34,6,1995,2,9,6,1,6
2017077160053,1,19,0,18,0,0,0,0,0,0,1,1,1,1,41,7,-1,-1,-1,1,1,1
2017077160053,2,9,0,18,0,0,0,0,0,0,1,1,1,1,41,7,1396,1,5,4,1,4
2017077160053,3,9,0,18,0,0,0,0,0,0,1,1,1,2,31,6,1969,2,1,2,1,2
2017077160053,4,9,0,18,0,0,0,0,0,0,2,1,1,2,29,6,1229,1,10,-1,1,-1
2017077160316,1,9,0,5,9,6,0,0,0,0,3,1,6,2,-1,-1,1591,1,2,10,1,10
2017077160316,2,1,0,18,9,1,5,0,0,0,1,1,4,1,12,3,-1,-1,-1,8,1,8
2017077160576,1,9,0,12,0,0,1,0,0,0,3,1,1,1,51,8,998,1,3,7,1,7
2017077160576,2,20,1,18,0,0,0,0,0,0,1,1,1,1,65,9,-1,-1,-1,5,1,5
2017077160577,1,1,0,18,0,0,0,4,0,0,1,1,1,1,50,8,-1,-1,-1,-1,-1,-1
2017077160577,2,20,1,2,0,0,0,0,0,0,2,1,1,1,58,9,-1,-1,-1,-1,-1,-1
2017077160586,1,9,0,9,0,8,0,0,0,0,1,1,2,2,53,8,1796,1,6,10,1,10
2017077160586,2,5,0,10,0,8,0,0,0,0,2,1,2,1,53,8,599,1,20,9,1,9
2017077160831,1,9,0,18,0,1,0,0,0,0,1,1,6,1,-1,-1,1368,1,13,2,1,2
2017077160831,2,1,0,18,0,8,0,0,0,0,4,1,6,1,13,3,-1,-1,-1,9,1,9
2017077161020,1,5,0,13,0,8,0,0,7,4,1,1,6,1,61,9,847,1,1,7,3,7
2017077161020,2,9,0,9,0,5,0,0,0,0,3,1,6,1,52,8,1910,2,12,3,1,3
2017077161202,1,9,0,18,0,0,0,0,1,2,1,1,6,1,74,10,1560,2,8,7,1,7
2017077161253,1,21,1,12,0,0,0,0,0,0,3,1,6,3,-1,-1,-1,-1,-1,-1,-1,-1
2017077161253,2,9,0,18,0,0,0,0,4,6,4,1,6,2,31,6,1389,1,15,1,1,1
2017077161376,1,9,0,16,0,0,0,0,0,0,1,1,6,2,-1,-1,1968,2,4,-1,-1,-1
2017077161376,2,1,0,17,0,0,0,0,0,0,3,1,6,1,10,2,-1,-1,-1,10,2,10
2017077161460,1,1,0,18,0,0,5,0,0,10,0,1,6,1,54,8,-1,-1,-1,9,3,9
2017077161484,1,9,0,18,0,1,0,0,0,0,1,1,6,2,-1,-1,998,1,11,1,1,1
2017077161484,2,9,0,3,0,1,0,0,0,0,2,1,6,1,59,9,1490,1,8,9,3,9
2017077161766,1,9,0,5,0,0,0,0,0,0,1,1,2,1,31,6,-1,-1,-1,1,1,1
2017077161766,2,9,0,18,0,0,0,0,0,0,4,1,2,2,31,6,1149,1,11,4,2,4
2017077161833,1,21,1,18,0,1,1,0,0,0,1,1,1,1,39,7,12809,2,4,-1,1,-1
2017077161833,2,20,0,3,0,1,0,0,0,0,2,1,1,1,50,8,2143,2,1,5,1,5
2017077161833,3,21,1,3,0,1,0,0,0,0,2,1,1,1,41,7,-1,-1,-1,-1,-1,-1
2017077161956,1,9,0,9,0,6,0,0,0,0,4,1,6,1,-1,-1,-1,-1,-1,-1,-1,-1
2017077161956,2,9,0,18,0,8,0,0,0,0,3,1,6,1,37,7,1596,1,15,3,1,3
2017077162439,1,5,0,14,0,8,1,0,0,0,1,1,6,1,50,8,599,1,20,4,1,4
2017077162439,2,9,0,9,0,8,0,0,0,0,4,1,2,2,62,9,1198,1,12,8,1,8
2017077162597,1,9,0,12,0,3,0,0,0,0,3,1,2,1,29,6,1596,1,9,1,1,1
2017077162597,2,3,0,7,0,3,0,0,0,0,4,1,2,1,51,8,125,1,4,4,1,4
2017077162678,1,9,0,5,0,1,0,0,0,0,1,1,6,1,78,11,2987,2,5,-1,3,-1
2017077162739,1,9,0,9,0,2,0,0,0,0,1,1,2,2,48,8,1560,2,5,10,1,10
2017077162739,2,1,0,18,0,1,0,0,0,0,3,1,6,1,47,8,-1,-1,-1,8,2,8
2017077163118,1,9,0,18,0,4,0,0,0,0,1,1,3,2,52,8,1461,2,2,8,1,8
2017077163118,2,5,0,5,0,4,5,0,0,0,4,1,2,1,46,8,599,1,9,8,3,8
2017077163153,1,5,0,16,0,1,2,0,0,0,1,1,6,1,57,9,599,1,17,4,1,4
2017077163153,2,9,0,4,0,1,0,0,0,0,2,1,6,2,49,8,1956,2,5,8,1,8
2017077163179,1,9,0,18,0,0,0,0,0,0,4,1,6,2,32,6,1598,2,2,7,3,7
2017077163228,1,9,0,18,0,8,0,0,0,0,1,1,6,1,75,10,1598,1,10,9,2,9
2017077163228,2,1,0,18,0,8,0,0,0,0,4,1,6,1,70,10,-1,-1,-1,9,2,9
2017077163251,1,9,0,11,0,1,0,0,0,0,1,1,6,1,50,8,1598,2,3,4,1,4
2017077163251,2,5,0,11,0,1,0,0,0,0,3,1,6,1,26,6,599,1,17,8,2,8
2017077163379,1,9,0,18,0,1,0,0,1,0,1,1,6,1,31,6,1900,2,18,8,1,8
2017077163379,2,9,0,9,0,1,0,0,0,0,1,1,6,1,45,7,1598,1,12,4,1,4
2017077163536,1,9,0,16,0,0,0,0,0,0,1,1,2,2,21,5,1299,1,12,7,3,7
2017077163536,2,9,3,17,0,0,0,0,0,0,1,1,6,1,50,8,-1,-1,-1,3,1,3
2017077164552,1,9,0,9,0,1,0,0,0,0,3,1,6,2,70,10,1339,1,11,10,1,10
2017077164552,2,5,0,18,0,1,2,0,0,0,1,1,2,1,48,8,999,1,5,9,1,9
2017077164725,1,9,0,4,0,1,0,0,0,0,1,1,6,1,70,10,1328,1,14,6,1,6
2017077164725,2,9,0,3,0,1,0,0,0,0,2,1,6,1,41,7,1994,1,13,2,1,2
2017077164869,1,19,0,18,0,0,5,4,0,0,1,1,6,1,16,4,1598,2,2,4,1,4
2017077164869,2,9,0,2,0,0,0,0,0,0,2,1,6,3,-1,-1,1956,2,3,-1,-1,-1
2017077164889,1,20,0,17,0,1,2,0,1,4,3,1,1,1,33,6,4250,2,5,10,2,10
2017077164889,2,9,0,16,0,2,0,0,1,0,3,1,6,1,31,6,1390,1,8,4,1,4
2017077164889,3,9,0,16,0,2,0,0,0,0,3,1,6,1,35,6,1998,2,9,4,1,4
2017077166241,1,3,0,16,0,8,1,0,7,10,1,1,6,1,25,5,125,1,8,4,1,4
2017077166589,1,9,0,18,0,2,1,0,0,0,1,1,1,1,44,7,1390,1,11,1,1,1
2017077166717,1,9,0,16,0,1,0,0,5,0,1,1,6,2,30,6,1199,1,16,5,3,5
2017077167001,1,3,0,18,0,3,1,0,0,0,0,1,6,1,23,5,124,1,1,6,3,6
2017077167164,1,9,0,16,0,0,0,0,1,4,1,1,6,2,89,11,1339,1,8,5,3,5
2017077167233,1,1,0,18,5,1,0,0,0,0,1,1,6,2,31,6,-1,-1,-1,6,1,6
2017077167233,2,9,0,9,0,1,0,0,0,0,4,1,2,2,39,7,1560,2,7,-1,1,-1
2017077167259,1,1,0,18,0,1,0,0,0,0,4,1,6,1,15,3,-1,-1,-1,3,1,3
2017077167259,2,9,0,4,0,1,0,0,0,0,1,1,6,1,47,8,1596,1,10,2,1,2
2017077167315,1,9,0,18,0,0,2,10,1,4,1,1,6,1,28,6,1997,1,12,9,1,9
2017077167491,1,9,0,7,0,3,1,10,1,2,3,1,6,1,29,6,3999,1,4,8,1,8
2017077167663,1,9,4,18,0,0,4,0,5,6,3,1,6,1,65,9,2487,2,17,5,1,5
2017077167811,1,9,0,17,0,0,1,0,1,11,1,1,2,1,25,5,-1,-1,-1,6,1,6
2017077167884,1,9,0,18,0,8,0,0,1,10,1,1,1,1,43,7,1582,2,5,9,1,9
2017077167884,2,9,0,18,0,8,0,0,7,10,1,1,6,2,67,10,1499,2,2,10,1,10
2017077168968,1,9,0,18,0,1,0,0,0,0,1,1,2,2,39,7,2199,2,4,10,1,10
2017077169040,1,1,0,18,0,0,2,11,0,0,1,1,2,1,42,7,-1,-1,-1,6,1,6
2017077169342,1,9,0,18,0,0,1,0,0,0,1,1,1,1,42,7,-1,-1,-1,5,1,5
2017077169342,2,9,0,4,0,0,0,0,0,0,2,1,6,2,43,7,2143,2,-1,8,1,8
2017077169343,1,3,0,4,0,0,0,0,0,0,1,1,6,2,18,4,125,1,2,1,1,1
2017077169343,2,9,0,4,0,0,0,0,0,0,2,1,6,2,73,10,1598,2,6,8,2,8
2017077170283,1,9,0,18,0,0,0,0,0,0,4,1,6,2,39,7,1149,1,8,1,1,1
2017077170530,1,9,0,18,0,1,0,0,0,0,1,1,1,1,51,8,1910,2,11,9,1,9
2017077170530,2,9,0,18,0,1,0,0,0,0,3,1,6,1,84,11,1200,1,2,7,1,7
2017077170530,3,9,0,3,0,1,0,0,0,0,3,1,6,2,38,7,1242,1,3,-1,-1,-1
2017077170863,1,9,0,3,0,0,0,0,0,0,4,1,2,2,36,7,1242,1,1,7,1,7
2017077170863,2,1,0,5,0,0,0,0,0,0,1,1,6,1,11,3,-1,-1,-1,9,1,9
2017077170914,1,9,0,18,0,1,0,0,0,0,1,1,2,1,48,8,1598,1,14,8,1,8
2017077171075,1,1,0,16,0,8,1,0,0,0,4,1,2,1,54,8,-1,-1,-1,-1,1,-1
2017077171152,1,9,0,18,0,1,0,0,0,0,4,1,6,3,-1,-1,-1,-1,-1,-1,-1,-1
2017077171152,2,1,0,18,0,1,0,0,0,0,3,1,6,1,21,5,-1,-1,-1,2,1,2
2017077171168,1,1,0,18,0,8,2,0,0,0,0,1,6,1,22,5,-1,-1,-1,5,1,5
2017077171179,1,1,0,17,0,0,5,2,0,1,1,1,6,2,54,8,-1,-1,-1,3,1,3
2017077171489,1,9,0,17,0,1,1,0,7,4,4,1,6,2,32,6,1998,1,14,8,1,8
2017077171544,1,9,0,18,0,1,0,0,0,0,1,1,6,1,-1,-1,1798,1,12,2,1,2
2017077171544,2,9,0,4,0,2,0,0,0,0,2,1,6,2,19,4,1229,1,5,8,2,8
2017077171571,1,9,0,9,9,6,0,0,0,0,3,1,6,2,51,8,1995,2,-1,10,1,10
2017077171695,1,9,0,11,0,3,0,0,0,0,1,1,6,1,48,8,1968,2,11,3,1,3
2017077171695,2,9,0,18,0,3,0,0,0,0,2,1,6,2,32,6,1968,2,3,3,1,3
2017077171735,1,21,1,16,0,0,0,0,0,0,0,1,6,3,-1,-1,-1,-1,-1,-1,-1,-1
2017077171735,2,5,0,17,0,0,1,0,2,10,4,1,6,1,21,5,599,1,19,4,1,4
2017077171822,1,9,0,9,0,6,0,0,0,0,1,1,6,2,31,6,1995,2,6,2,1,2
2017077171822,2,9,0,18,0,1,0,0,0,0,1,1,6,1,31,6,1398,1,5,8,1,8
2017077171921,1,9,0,11,0,0,1,0,1,11,4,1,6,2,52,8,1229,1,8,2,1,2
2017077171921,2,9,0,18,0,0,0,0,0,0,3,1,6,1,45,7,1598,2,4,8,1,8
2017077171991,1,9,0,18,0,0,0,0,0,0,1,1,6,3,-1,-1,-1,-1,-1,-1,-1,-1
2017077171991,2,1,0,18,0,0,0,0,0,0,4,1,6,2,10,2,-1,-1,-1,6,1,6
2017077172241,1,9,0,9,0,6,0,0,0,0,3,1,6,1,23,5,1587,1,13,3,1,3
2017077172241,2,3,0,18,0,8,0,0,0,0,1,1,6,2,49,8,125,1,1,1,1,1
2017077172564,1,9,0,18,0,8,5,0,3,2,1,1,6,2,23,5,1360,1,11,6,1,6
2017077172843,1,9,0,18,0,1,0,0,0,0,1,1,2,1,26,6,1198,1,9,-1,-1,-1
2017077172843,2,9,0,18,0,1,0,0,0,0,3,1,6,1,54,8,1590,1,14,5,3,5
2017077172905,1,21,1,4,0,0,0,0,0,0,1,1,1,1,33,6,12777,2,5,-1,-1,-1
2017077172905,2,9,0,4,0,0,0,0,0,0,2,1,6,1,28,6,1560,2,3,7,1,7
2017077172996,1,9,0,16,0,1,0,0,0,0,3,1,6,1,27,6,-1,-1,-1,-1,1,-1
2017077172996,2,1,0,5,0,1,0,0,0,0,1,1,6,1,60,9,-1,-1,-1,9,1,9
2017077173235,1,9,0,11,0,0,0,0,0,0,4,1,6,2,49,8,1329,1,3,-1,1,-1
2017077173235,2,5,0,18,0,0,0,0,0,0,3,1,6,1,49,8,1262,1,1,8,1,8
2017077173873,1,9,0,17,0,1,1,0,8,4,2,1,6,1,19,4,1399,1,1,1,1,1
2017077174285,1,1,0,18,0,0,0,0,0,0,1,1,6,1,55,8,-1,-1,-1,8,3,8
2017077174285,2,5,0,18,0,0,0,0,0,0,2,1,1,1,63,9,1170,1,3,8,1,8
2017077174379,1,9,0,13,0,0,0,0,0,0,4,1,6,1,81,11,999,1,1,-1,1,-1
2017077174379,2,1,0,16,0,0,0,0,0,0,3,1,6,1,22,5,-1,-1,-1,10,1,10
2017077174569,1,9,0,18,0,0,1,0,0,0,1,1,6,1,27,6,1998,1,-1,6,2,6
2017077174569,2,9,0,4,0,0,0,0,0,0,2,1,6,2,56,9,1197,1,2,10,1,10
2017077174569,3,9,0,4,0,0,0,0,0,0,2,1,6,1,44,7,2494,8,1,6,1,6
2017077174655,1,3,0,4,0,0,1,10,1,0,3,1,2,1,34,6,125,1,1,2,1,2
2017077175133,1,9,0,14,0,6,0,4,0,0,1,1,1,2,19,4,1299,1,12,6,2,6
2017077175133,2,9,0,2,0,2,0,0,0,0,3,1,6,1,52,8,2400,2,1,-1,-1,-1
2017077175169,1,9,0,18,0,0,0,0,1,0,1,1,6,1,20,4,-1,-1,-1,8,1,8
2017077175363,1,9,0,16,9,2,1,0,1,0,1,1,6,2,55,8,1560,2,4,10,1,10
2017077175363,2,9,0,2,9,1,0,0,0,0,4,1,6,3,-1,-1,1968,2,2,-1,-1,-1
2017077175363,3,9,0,2,9,1,0,0,0,0,4,1,6,3,-1,-1,1796,1,3,-1,-1,-1
2017077175396,1,9,0,18,0,1,0,0,0,0,1,1,6,1,53,8,1995,2,9,2,1,2
2017077175396,2,9,0,2,0,1,0,0,0,0,2,1,6,2,63,9,1364,1,12,10,1,10
2017077175591,1,9,0,18,0,0,0,11,0,6,1,1,6,1,84,11,1397,1,9,1,1,1
2017077175591,2,19,0,18,0,0,0,0,0,0,1,1,1,1,40,7,2198,2,5,2,1,2
2017077175617,1,9,0,18,0,2,0,0,0,0,1,1,6,1,21,5,1968,2,6,9,1,9
2017077175617,2,9,0,18,0,8,0,0,0,0,3,1,2,2,37,7,-1,-1,-1,8,2,8
2017077175860,1,9,0,16,0,0,2,0,1,4,1,1,6,2,21,5,1390,1,13,8,3,8
2017077175909,1,9,0,9,0,8,0,0,0,0,1,1,6,1,22,5,1461,2,4,4,1,4
2017077176249,1,9,0,18,0,1,0,0,0,0,1,1,6,1,93,11,2979,1,14,9,3,9
2017077176249,2,90,0,9,0,5,0,0,0,0,1,1,1,1,47,8,-1,-1,-1,2,1,2
2017077176426,1,9,0,4,0,1,0,0,0,0,1,1,6,2,-1,-1,1560,2,8,2,1,2
2017077176426,2,9,0,3,0,1,0,0,0,0,2,1,6,2,62,9,1242,1,8,2,1,2
2017077176427,1,1,0,17,0,0,5,12,0,0,1,1,6,1,70,10,-1,-1,-1,-1,-1,-1
2017077176681,1,19,0,1,0,0,0,0,0,0,2,1,6,1,-1,-1,1968,2,1,-1,-1,-1
2017077176681,2,2,0,2,0,0,0,0,0,0,1,1,6,1,20,4,-1,-1,-1,2,1,2
2017077176908,1,9,0,5,0,4,0,0,0,0,3,1,6,2,47,8,1968,2,7,3,1,3
2017077176908,2,1,0,18,0,8,0,0,0,0,1,1,6,1,47,8,-1,-1,-1,6,1,6
2017077176964,1,9,0,13,0,0,0,0,0,0,4,1,6,1,-1,-1,1685,2,-1,-1,-1,-1
2017077176964,2,9,0,16,0,0,0,0,0,0,3,1,6,2,20,4,1390,1,4,10,1,10
2017077177322,1,9,0,16,0,8,0,0,0,0,0,1,2,1,33,6,1242,1,13,-1,-1,-1
2017077177511,1,9,0,13,0,1,0,0,0,0,1,1,2,1,48,8,-1,-1,-1,2,1,2
2017077177511,2,9,0,9,0,1,0,0,0,0,3,1,6,2,49,8,1598,2,3,7,1,7
2017077177666,1,19,0,5,0,1,0,0,0,0,1,1,1,1,35,6,2198,2,2,-1,1,-1
2017077177666,2,9,0,4,0,1,0,0,0,0,2,1,6,2,45,7,1598,1,10,6,1,6
2017077177727,1,9,0,13,0,0,0,0,0,0,4,1,6,1,62,9,1364,1,11,8,2,8
2017077178071,1,9,0,18,0,3,0,0,0,0,1,1,6,1,62,9,1560,2,8,8,1,8
2017077178071,2,9,0,5,0,4,0,0,0,0,3,1,6,2,32,6,1560,2,3,10,1,10
2017077178204,1,9,0,16,0,0,1,7,2,5,1,1,6,1,36,7,1796,1,12,6,3,6
2017077178204,2,9,0,2,6,0,0,0,0,0,2,1,6,1,33,6,1919,2,9,5,1,5
2017077178314,1,9,0,9,0,1,0,0,0,0,1,2,6,1,57,9,1999,2,2,-1,-1,-1
2017077178314,2,9,0,3,0,1,0,0,0,0,1,2,6,1,45,7,1399,1,-1,-1,1,-1
2017077178628,1,9,0,18,0,0,0,0,0,0,1,1,6,1,-1,-1,998,1,4,10,1,10
2017077178628,2,9,0,3,0,0,0,0,0,0,2,1,6,2,25,5,1995,1,8,10,1,10
2017077179058,1,9,0,18,0,1,0,0,0,0,1,1,2,2,32,6,1496,2,2,-1,-1,-1
2017077179058,2,9,0,18,0,1,0,0,0,0,1,2,3,1,52,8,1499,2,-1,-1,-1,-1
2017077179084,1,9,0,18,0,8,0,0,0,0,3,1,6,1,19,4,1229,1,3,7,1,7
2017077179084,2,9,0,9,0,8,0,0,0,0,2,1,6,2,21,5,1240,1,13,3,1,3
2017077179108,1,9,0,18,0,0,0,0,1,4,1,1,6,1,44,7,1364,1,10,-1,-1,-1
2017077179217,1,9,0,5,0,8,0,0,0,0,3,1,6,1,35,6,1398,1,4,8,1,8
2017077179217,2,9,0,18,0,8,1,0,0,0,4,1,6,1,35,6,1598,2,2,6,1,6
2017077179808,1,9,0,4,0,0,0,0,0,0,1,1,6,2,17,4,1149,1,8,9,1,9
2017077180378,1,9,0,18,0,1,0,0,0,0,1,1,1,1,62,9,1598,2,3,5,1,5
2017077180378,2,9,0,18,0,1,0,0,0,0,1,1,6,1,49,8,-1,-1,-1,3,1,3
2017077180477,1,9,0,10,0,1,0,0,0,0,3,1,2,1,32,6,1598,1,8,-1,-1,-1
2017077180477,2,1,0,18,0,1,0,0,0,0,1,1,6,1,41,7,-1,-1,-1,9,3,9
2017077180634,1,1,0,17,0,1,1,0,0,0,1,1,6,1,50,8,-1,-1,-1,2,1,2
2017077180634,2,9,0,4,0,8,0,0,0,0,3,1,6,1,26,6,1995,2,10,6,1,6
2017077180857,1,9,0,16,0,2,0,0,7,4,1,1,6,2,34,6,1461,2,4,7,1,7
2017077181348,1,9,0,18,0,8,0,0,0,0,3,1,6,2,79,11,1229,1,2,-1,3,-1
2017077181348,2,11,0,18,0,8,0,0,0,0,1,1,1,1,37,7,12000,2,11,9,1,9