Accident_Index,Vehicle_Reference,Vehicle_Type,Towing_and_Articulation,Vehicle_Manoeuvre,Vehicle_Location-Restricted_Lane,Junction_Location,Skidding_and_Overturning,Hit_Object_in_Carriageway,Vehicle_Leaving_Carriageway,Hit_Object_off_Carriageway,1st_Point_of_Impact,Was_Vehicle_Left_Hand_Drive?,Journey_Purpose_of_Driver,Sex_of_Driver,Age_of_Driver,Age_Band_of_Driver,Engine_Capacity_(CC),Propulsion_Code,Age_of_Vehicle,Driver_IMD_Decile,Driver_Home_Area_Type,Vehicle_IMD_Decile
2017077181612,1,9,0,5,0,1,0,0,0,0,1,1,6,1,70,10,1299,1,14,1,1,1
2017077181612,2,1,0,18,9,1,2,0,0,0,1,1,6,1,-1,-1,-1,-1,-1,-1,-1,-1
2017077182250,1,9,0,18,0,3,0,0,0,0,1,1,2,1,26,6,1364,1,12,1,1,1
2017077182250,2,1,0,18,0,7,5,0,0,0,3,1,6,1,25,5,-1,-1,-1,1,1,1
2017077182578,1,9,0,13,0,0,0,0,0,0,4,1,6,1,-1,-1,-1,-1,-1,-1,-1,-1
2017077182578,2,1,0,18,0,0,0,0,0,0,3,1,6,1,36,7,-1,-1,-1,8,2,8
2017077182792,1,3,0,14,6,8,0,0,0,0,3,1,6,1,21,5,124,1,18,-1,-1,-1
2017077182813,1,9,0,18,0,0,0,0,0,0,1,1,6,3,-1,-1,-1,-1,-1,-1,-1,-1
2017077182813,2,1,0,18,0,0,0,0,0,0,2,1,6,1,14,3,-1,-1,-1,2,1,2
2017077182914,1,5,0,18,0,1,1,0,1,10,1,1,6,1,36,7,1402,1,11,4,1,4
2017077183009,1,1,0,18,0,8,0,0,0,0,1,1,6,1,26,6,-1,-1,-1,2,1,2
2017077183009,2,9,0,18,0,8,0,0,0,0,1,1,2,2,35,6,1997,2,2,4,1,4
2017077183098,1,9,0,17,0,2,5,10,1,2,1,1,6,1,27,6,1598,1,9,8,1,8
2017077183336,1,9,0,18,0,1,0,0,0,0,1,1,1,2,37,7,1461,2,1,6,1,6
2017077183336,2,9,0,9,0,1,0,0,0,0,1,1,1,2,52,8,898,1,4,6,1,6
2017077183374,1,9,0,18,0,1,0,0,0,0,1,1,6,1,41,7,2295,1,17,3,2,3
2017077183374,2,3,0,18,0,1,0,0,0,0,2,1,1,1,35,6,125,1,-1,8,1,8
2017077183672,1,9,0,1,0,2,0,0,0,0,2,1,6,2,42,7,1364,1,7,8,1,8
2017077183787,1,19,0,9,0,1,0,0,0,0,1,1,1,1,43,7,1598,2,1,2,3,2
2017077183787,2,9,0,10,0,1,0,0,0,0,1,1,1,2,30,6,1360,1,13,-1,-1,-1
2017077183882,1,9,0,11,0,0,0,0,0,0,1,1,6,2,-1,-1,1984,1,9,9,2,9
2017077183882,2,3,0,18,0,0,0,0,0,0,4,1,6,1,26,6,124,1,4,4,1,4
2017077183908,1,9,0,18,0,0,0,4,0,0,1,1,2,1,42,7,1246,1,12,-1,-1,-1
2017077183908,2,17,0,2,0,0,0,0,0,0,2,1,1,1,70,10,-1,-1,-1,-1,-1,-1
2017077183938,1,9,0,7,0,1,0,0,0,0,1,1,6,2,85,11,1339,1,6,9,2,9
2017077184255,1,9,0,16,0,0,0,7,0,7,1,1,6,2,19,4,1240,1,11,1,1,1
2017077184614,1,9,0,9,0,4,0,0,0,0,1,1,2,2,68,10,1461,2,2,8,1,8
2017077184614,2,9,0,18,0,8,0,0,0,0,4,1,2,2,37,7,1242,1,1,9,1,9
2017077184632,1,9,0,7,0,6,0,0,3,0,4,1,6,3,-1,-1,2720,2,12,7,3,7
2017077185026,1,9,0,10,0,1,0,0,0,0,1,1,3,2,39,7,1796,1,10,1,1,1
2017077185026,2,4,0,18,0,1,0,0,0,0,1,1,2,1,57,9,125,1,2,4,1,4
2017077185130,1,1,0,18,0,1,0,0,0,0,1,1,6,1,11,3,-1,-1,-1,4,1,4
2017077185130,2,9,0,18,0,1,0,0,0,0,3,1,2,2,19,4,1197,1,1,7,1,7
2017077185746,1,1,0,18,0,1,0,0,0,0,1,1,6,1,27,6,-1,-1,-1,-1,-1,-1
2017077185746,2,9,0,9,0,1,0,0,0,0,2,1,6,1,-1,-1,-1,-1,-1,-1,-1,-1
2017077185968,1,9,0,4,0,1,0,0,0,0,1,1,1,1,36,7,1598,2,1,-1,-1,-1
2017077185968,2,9,4,3,0,1,0,0,0,0,2,1,1,1,34,6,-1,-1,-1,9,1,9
2017077186339,1,9,0,17,0,0,0,0,0,0,1,1,2,1,19,4,998,1,2,8,1,8
2017077186339,2,9,0,16,0,0,0,0,0,0,1,1,3,2,29,6,1328,1,16,7,3,7
2017077186349,1,9,0,9,0,8,0,0,0,0,1,1,6,2,47,8,1994,2,9,8,1,8
2017077186349,2,1,0,18,0,1,0,0,0,0,1,1,6,1,45,7,-1,-1,-1,9,1,9
2017077186407,1,19,0,9,0,5,0,0,0,0,3,1,6,1,-1,-1,1998,2,13,8,3,8
2017077186407,2,5,0,13,0,1,0,0,0,0,4,1,6,1,31,6,649,1,2,8,1,8
2017077186545,1,9,0,9,0,5,0,0,0,0,1,1,6,2,24,5,1390,1,12,4,1,4
2017077186545,2,9,0,18,0,8,0,0,0,1,1,1,6,2,43,7,1997,2,10,9,1,9
2017077187049,1,21,1,9,0,8,0,0,0,0,1,2,1,1,26,6,-1,-1,-1,-1,-1,-1
2017077187049,2,19,0,18,0,8,5,0,0,0,3,1,1,1,31,6,-1,-1,-1,7,1,7
2017077187056,1,3,0,18,0,0,0,0,0,0,1,1,1,1,61,9,123,1,5,8,1,8
2017077187056,2,9,0,1,9,0,0,0,0,0,2,1,6,2,77,11,1598,1,12,3,1,3
2017077187064,1,9,0,9,0,7,0,0,0,0,0,1,1,2,47,8,2993,2,2,10,1,10
2017077187064,2,4,0,18,0,8,2,0,0,0,0,1,1,1,46,8,675,1,4,3,2,3
2017077187072,1,9,0,9,0,1,0,0,0,0,1,1,3,2,39,7,1796,1,10,1,1,1
2017077187072,2,4,0,18,0,1,0,0,0,0,1,1,2,1,56,9,125,1,2,4,1,4
2017077187094,1,9,0,18,0,8,0,0,0,0,1,1,6,1,36,7,1800,1,18,2,1,2
2017077187094,2,1,0,18,0,8,0,0,0,0,3,1,4,1,14,3,-1,-1,-1,7,1,7
2017077187828,1,9,0,18,0,0,0,0,0,0,0,1,6,3,-1,-1,-1,-1,-1,-1,-1,-1
2017077187828,2,1,0,14,0,0,0,0,0,0,0,1,6,1,35,6,-1,-1,-1,1,1,1
2017077187942,1,21,1,13,0,0,0,0,0,0,1,1,1,1,49,8,12740,2,6,5,1,5
2017077187942,2,9,0,18,0,0,0,0,0,0,2,1,6,2,26,6,1598,2,6,9,1,9
2017077188098,1,9,0,15,0,8,0,0,0,0,4,1,6,1,-1,-1,1910,2,9,-1,-1,-1
2017077188098,2,1,0,18,0,8,0,0,0,0,3,1,6,1,42,7,-1,-1,-1,1,1,1
2017077188693,1,19,0,5,8,0,0,0,0,0,3,1,1,1,25,5,2198,2,6,7,1,7
2017077188693,2,9,0,18,0,0,1,0,1,0,4,1,2,1,49,8,2191,2,1,9,1,9
2017077188693,3,19,0,18,0,0,1,0,1,4,4,1,1,1,53,8,2198,2,1,-1,2,-1
2017077188757,1,90,1,18,0,0,0,0,0,0,1,1,1,1,26,6,15607,2,8,7,3,7
2017077188757,2,9,0,18,0,0,0,0,1,10,2,1,6,2,23,5,1198,1,11,8,1,8
2017077189119,1,1,0,18,0,6,0,0,0,0,1,1,6,1,15,3,-1,-1,-1,2,2,2
2017077189119,2,9,0,17,0,1,0,0,0,0,1,1,6,2,41,7,1496,2,1,2,2,2
2017077189164,1,9,0,18,0,0,0,0,0,0,4,1,6,1,20,4,998,1,1,9,1,9
2017077189164,2,1,0,5,9,0,0,0,0,0,1,1,6,1,12,3,-1,-1,-1,3,1,3
2017077189177,1,5,0,5,0,1,0,0,0,0,3,1,1,1,30,6,998,1,11,-1,-1,-1
2017077189177,2,9,0,5,0,1,0,0,0,0,1,1,6,3,-1,-1,-1,-1,-1,-1,-1,-1
2017077189198,1,9,0,4,0,1,0,0,0,0,1,2,6,2,-1,-1,-1,-1,-1,-1,-1,-1
2017077189380,1,9,0,18,0,1,0,0,0,0,1,1,6,1,22,5,1870,2,13,2,1,2
2017077189816,1,9,0,9,0,1,0,0,0,0,1,1,6,2,25,5,999,1,1,1,1,1
2017077189816,2,9,0,17,0,1,0,0,0,0,1,1,6,1,57,9,1997,2,1,9,3,9
2017077189816,3,9,0,16,0,1,0,0,0,0,2,1,6,1,-1,-1,1598,1,5,8,1,8
2017077190044,1,1,0,16,0,0,0,0,0,0,2,1,6,1,20,4,-1,-1,-1,9,1,9
2017077190044,2,9,0,16,0,0,0,0,0,0,0,1,6,2,36,7,1839,1,13,8,1,8
2017077190111,1,1,0,18,0,8,0,0,0,0,0,1,6,1,14,3,-1,-1,-1,4,1,4
2017077190139,1,9,0,16,0,0,1,0,4,6,1,1,6,1,38,7,1999,1,1,4,1,4
2017077190260,1,9,0,18,0,0,0,0,0,0,1,1,6,2,26,6,1364,1,12,1,1,1
2017077190260,2,8,0,18,0,0,0,0,0,0,1,1,1,1,50,8,1997,2,2,-1,1,-1
2017077190615,1,9,0,18,0,0,5,0,0,0,1,1,6,1,26,6,1839,1,13,6,1,6
2017077190826,1,19,0,4,0,8,0,0,0,0,1,1,6,1,-1,-1,2999,2,9,-1,-1,-1
2017077190826,2,9,0,4,0,8,0,0,0,0,2,1,6,1,45,7,1991,2,11,6,1,6
2017077191287,1,9,0,9,0,6,0,0,0,0,3,1,6,1,76,11,1796,1,13,10,1,10
2017077191287,2,1,0,18,0,8,0,0,0,0,1,1,6,2,53,8,-1,-1,-1,9,1,9
2017077191316,1,9,0,9,0,6,0,0,0,0,3,1,6,2,26,6,1595,2,7,2,1,2
2017077191316,2,9,0,18,0,1,0,0,0,0,1,1,6,2,87,11,-1,-1,-1,10,1,10
2017077191483,1,9,0,9,0,8,0,0,0,0,3,1,6,1,62,9,1753,2,8,9,1,9
2017077191483,2,9,0,18,0,8,0,0,0,0,1,1,6,2,42,7,1461,2,11,8,1,8
2017077192098,1,21,1,17,0,0,1,0,0,0,1,2,1,1,53,8,-1,-1,-1,-1,-1,-1
2017077192098,2,9,0,16,0,0,0,0,1,0,1,1,2,2,50,8,1197,1,3,6,1,6
2017077192558,1,9,0,4,0,8,0,0,0,0,1,1,6,2,21,5,1242,1,2,7,1,7
2017077192558,2,9,0,4,0,8,0,0,0,0,2,1,6,2,28,6,1685,2,-1,6,1,6
2017077192838,1,19,0,18,0,0,0,0,0,0,1,1,6,3,-1,-1,1560,2,1,-1,-1,-1
2017077192838,2,1,0,18,0,0,0,0,0,0,3,1,4,1,11,3,-1,-1,-1,8,1,8
2017077192843,1,9,0,18,0,8,1,10,4,1,1,1,2,1,29,6,1995,2,13,4,1,4
2017077192843,2,9,0,4,0,8,0,0,0,0,0,1,6,3,-1,-1,-1,-1,-1,-1,-1,-1
2017077193260,1,9,0,18,0,0,0,0,0,0,0,1,6,3,-1,-1,-1,-1,-1,-1,-1,-1
2017077193260,2,1,0,18,0,0,0,0,0,0,3,1,6,2,7,2,-1,-1,-1,1,1,1
2017077193267,1,9,0,9,0,5,0,0,0,0,3,1,6,1,38,7,1968,2,10,5,1,5
2017077193267,2,1,0,16,0,8,0,0,0,0,1,1,6,1,33,6,-1,-1,-1,2,1,2
2017077193576,1,9,0,18,0,0,1,0,0,0,1,1,2,1,27,6,1968,2,5,8,1,8
2017077193576,2,9,0,18,0,0,1,0,0,0,1,1,2,1,59,9,1968,2,-1,8,1,8
2017077193608,1,9,0,18,0,1,0,4,0,0,1,1,1,1,55,8,1753,2,16,4,1,4
2017077193608,2,9,0,3,0,1,0,0,0,0,2,1,1,2,34,6,1390,1,11,4,1,4
2017077193774,1,19,0,5,0,0,0,0,0,0,1,1,1,1,67,10,1560,2,4,10,1,10
2017077193774,2,19,0,5,0,0,0,0,0,0,2,1,1,1,33,6,2143,2,4,4,1,4
2017077193774,3,9,0,4,0,0,0,0,0,0,2,1,6,2,64,9,1242,1,2,8,1,8
2017077194067,1,9,0,5,0,6,0,0,7,10,3,1,6,2,75,10,1388,1,11,-1,1,-1
2017077194067,2,9,0,18,0,1,0,0,7,10,1,1,6,1,23,5,1968,2,2,7,3,7
2017077194067,3,9,0,18,0,1,0,0,1,10,1,1,6,2,36,7,1984,1,17,10,1,10
2017077194154,1,19,0,6,0,0,0,0,0,0,3,2,1,1,56,9,2143,2,4,8,1,8
2017077194154,2,3,0,13,0,0,0,0,0,0,1,1,2,1,35,6,-1,-1,-1,4,1,4
2017077194211,1,9,0,11,0,0,2,0,0,0,1,1,6,2,80,11,1598,1,8,10,1,10
2017077194211,2,9,0,18,0,0,1,0,0,0,2,1,6,1,47,8,4395,1,4,10,1,10
2017077194224,1,9,0,18,0,0,0,0,0,0,3,1,6,1,-1,-1,-1,-1,-1,-1,-1,-1
2017077194224,2,19,0,18,0,0,0,0,0,0,3,1,1,1,47,8,2198,2,3,10,1,10
2017077194439,1,9,0,1,9,0,0,0,0,0,4,1,2,2,45,7,1229,1,5,8,1,8
2017077194454,1,19,0,18,0,8,0,0,0,0,4,1,6,3,-1,-1,-1,-1,-1,-1,-1,-1
2017077194454,2,3,0,5,0,8,0,0,0,0,1,1,6,1,33,6,125,1,2,2,1,2
2017077195005,1,9,0,18,0,6,0,0,0,0,1,1,6,1,-1,-1,-1,-1,-1,-1,-1,-1
2017077195005,2,9,0,18,0,8,0,0,0,0,4,1,6,2,31,6,1796,1,16,9,1,9
2017077195028,1,19,0,9,0,0,0,0,0,0,3,1,1,1,22,5,1560,2,1,3,1,3
2017077195028,2,3,0,13,0,0,1,0,0,0,1,1,1,1,25,5,125,1,1,8,1,8
2017077195360,1,1,0,18,0,2,0,0,0,0,2,1,6,1,58,9,-1,-1,-1,4,1,4
2017077195360,2,19,0,18,0,2,0,0,0,0,1,1,6,3,-1,-1,-1,-1,-1,-1,-1,-1
2017077195544,1,9,0,18,0,0,0,0,0,0,1,1,6,1,57,9,1999,1,6,10,1,10
2017077195744,1,9,0,18,0,0,0,0,1,11,1,1,2,1,49,8,2477,2,16,-1,2,-1
2017077195760,1,9,0,8,0,1,0,0,0,0,1,1,6,1,45,7,-1,-1,-1,7,1,7
2017077195760,2,9,0,8,0,1,0,0,0,0,2,1,2,2,54,8,2400,2,5,10,2,10
2017077195893,1,9,0,18,0,0,0,0,1,4,4,1,6,2,24,5,1124,1,10,9,2,9
2017077196716,1,9,0,18,0,3,0,0,0,0,1,1,6,2,51,8,1461,2,-1,7,1,7
2017077196716,2,9,0,18,0,3,0,0,0,0,2,1,6,2,32,6,999,1,5,9,1,9
2017077196781,1,19,0,12,0,0,0,0,0,0,3,2,1,1,21,5,-1,-1,-1,-1,-1,-1
2017077196781,2,19,0,18,0,0,0,0,0,0,4,1,1,1,43,7,2143,2,4,3,1,3
2017077196781,3,21,1,18,0,0,0,0,0,0,2,1,1,1,52,8,10518,2,4,3,1,3
2017077196834,1,9,0,17,0,3,5,0,0,0,4,1,6,2,69,10,1339,1,7,9,1,9
2017077196834,2,9,0,17,0,3,0,0,0,0,3,1,6,2,58,9,1995,2,2,10,1,10
2017077196847,1,9,0,7,0,6,0,0,0,0,2,1,6,2,57,9,1798,8,1,6,1,6
2017077196847,2,9,0,18,0,1,0,0,0,0,1,1,6,2,18,4,1198,1,9,1,1,1
2017077197045,1,9,0,9,0,6,0,0,0,0,1,1,6,1,91,11,1497,1,14,6,3,6
2017077197045,2,9,0,18,0,1,0,0,0,0,1,1,2,2,49,8,1685,2,-1,5,3,5
2017077197178,1,9,0,9,0,8,0,0,0,0,1,1,6,2,29,6,1598,1,14,2,1,2
2017077197178,2,9,0,18,0,1,0,0,0,0,0,1,6,3,-1,-1,-1,-1,-1,-1,-1,-1
2017077197178,3,1,0,18,4,1,0,0,0,0,1,1,6,1,26,6,-1,-1,-1,3,1,3
2017077197303,1,1,0,18,0,0,0,0,0,0,2,1,6,1,41,7,-1,-1,-1,7,3,7
2017077197303,2,1,0,18,0,0,0,0,0,0,1,1,6,1,58,9,-1,-1,-1,-1,3,-1
2017077197739,1,5,0,18,0,0,0,2,2,7,4,1,1,1,58,9,2294,1,3,6,3,6
2017077197790,1,9,0,9,0,6,0,0,0,0,3,1,6,2,52,8,1329,1,1,9,1,9
2017077197790,2,9,0,18,0,1,0,0,0,0,1,1,1,1,34,6,1975,1,11,-1,-1,-1
2017077197955,1,19,0,11,0,0,0,0,0,0,1,1,6,1,-1,-1,1998,2,12,2,1,2
2017077197955,2,9,0,18,0,0,0,0,0,0,2,1,2,1,47,8,1995,2,5,9,1,9
2017077198521,1,9,0,17,0,0,1,0,1,10,1,1,6,2,19,4,1124,1,10,10,1,10
2017077198618,1,9,0,9,0,1,0,0,0,0,4,1,6,2,30,6,1332,1,18,1,1,1
2017077198618,2,9,0,18,0,1,1,0,0,0,1,1,6,1,21,5,1598,1,16,2,1,2
2017077198680,1,9,0,18,0,0,0,0,0,0,1,1,6,2,21,5,1242,1,5,4,1,4
2017077198680,2,9,0,3,0,0,0,0,0,0,2,1,6,1,20,4,1461,2,-1,2,1,2
2017077198777,1,9,0,16,0,0,1,0,7,11,1,1,6,1,38,7,2987,2,7,-1,-1,-1
2017077198777,2,9,0,4,0,0,0,0,0,0,0,1,1,1,22,5,3200,2,8,4,1,4
2017077199219,1,9,0,4,0,1,0,0,0,0,1,1,6,1,40,7,1599,1,16,1,1,1
2017077199219,2,9,0,4,0,1,0,0,0,0,0,1,1,1,46,8,2993,2,1,5,3,5
2017077199219,3,9,0,3,0,1,0,0,0,0,2,1,6,2,36,7,1596,1,8,-1,-1,-1
2017077199219,4,9,0,3,0,1,0,0,0,0,4,1,6,3,-1,-1,-1,-1,-1,-1,-1,-1
2017077199219,5,9,0,3,0,1,0,0,0,0,4,1,6,2,44,7,1956,2,3,7,1,7
2017077199219,6,9,0,3,0,1,0,0,0,0,3,1,6,3,-1,-1,-1,-1,-1,-1,-1,-1
2017077199731,1,21,1,11,0,0,0,0,0,0,1,1,1,1,37,7,-1,-1,-1,5,1,5
2017077199731,2,9,0,18,0,0,0,0,0,0,1,1,6,1,69,10,1395,1,2,7,1,7
2017077199944,1,11,0,9,0,6,0,0,0,0,1,1,1,1,53,8,4250,2,5,2,1,2
2017077199944,2,3,0,18,0,1,1,0,0,0,1,1,6,1,35,6,124,1,2,1,1,1
2017077199954,1,2,0,18,0,1,2,0,0,0,1,1,6,1,32,6,49,1,5,4,1,4
2017077199954,2,20,0,3,0,1,0,0,0,0,2,1,1,1,33,6,-1,-1,-1,1,1,1
2017077200247,1,8,0,9,0,2,0,0,0,0,1,1,1,1,26,6,1997,2,12,7,1,7
2017077200488,1,9,0,17,0,0,5,0,2,10,1,1,6,1,52,8,1991,8,1,8,1,8
2017077200488,2,9,0,4,0,0,0,0,0,0,0,1,6,1,38,7,1896,2,16,5,1,5
2017077200714,1,9,0,17,0,0,2,0,7,11,1,1,6,1,39,7,1587,1,12,2,1,2
2017077201447,1,9,0,9,0,2,0,0,0,0,1,1,2,2,42,7,2494,1,15,2,1,2
2017077201447,2,9,0,18,0,8,0,0,0,0,4,1,3,1,52,8,1389,1,20,1,1,1
2017077201860,1,19,0,18,0,0,0,0,0,0,3,1,6,1,48,8,1461,2,12,6,1,6
2017077201860,2,19,0,18,0,0,0,0,0,0,3,1,1,1,64,9,2143,2,7,4,1,4
2017077201967,1,1,0,7,0,5,0,0,0,0,1,1,4,1,12,3,-1,-1,-1,10,1,10
2017077201967,2,9,0,4,0,1,0,0,0,0,1,1,6,1,17,4,998,1,8,8,3,8
2017077202718,1,9,0,18,0,8,0,0,0,0,3,1,1,2,33,6,998,1,8,6,1,6
2017077202718,2,9,0,17,0,1,0,0,0,0,1,1,1,2,36,7,1999,2,1,7,1,7
2017077202773,1,9,0,5,0,8,0,0,1,0,1,1,2,1,50,8,1560,2,5,9,1,9
2017077202773,2,9,0,18,0,8,0,0,0,0,1,1,6,1,70,10,1461,2,6,4,1,4
2017077203017,1,9,0,18,0,0,0,0,0,0,1,1,1,2,49,8,998,1,17,3,1,3
2017077203017,2,9,0,14,0,0,0,0,0,0,1,1,6,1,27,6,1896,2,17,2,1,2
2017077203537,1,1,0,18,0,0,0,12,0,0,4,1,6,1,31,6,-1,-1,-1,1,1,1
2017077203680,1,9,0,9,0,5,0,7,0,7,1,1,6,1,19,4,1198,1,3,1,1,1
2017077203722,1,9,0,18,0,0,0,0,7,4,1,1,6,2,20,4,1396,1,19,8,1,8
2017077203828,1,9,0,18,0,0,5,0,0,0,4,1,2,1,19,4,1390,1,4,3,1,3
2017077203828,2,21,1,18,0,0,0,0,0,0,3,1,1,1,36,7,12809,2,4,2,1,2
2017077203968,1,9,0,4,0,1,0,0,0,0,1,1,6,1,84,11,1586,1,5,5,1,5
2017077203968,2,1,0,5,9,1,0,0,0,0,2,1,2,1,32,6,-1,-1,-1,8,1,8
2017077204128,1,9,0,4,0,0,0,0,0,0,1,1,2,1,28,6,1990,1,22,1,1,1
2017077204128,2,9,0,4,0,0,0,0,0,0,1,1,2,1,47,8,996,1,3,-1,1,-1
2017077204129,1,9,0,7,0,5,0,0,0,0,1,1,6,2,-1,-1,-1,-1,-1,-1,-1,-1
2017077204214,1,9,0,7,0,8,0,0,0,0,4,1,6,3,-1,-1,-1,-1,-1,-1,-1,-1
2017077204214,2,1,0,18,0,8,0,0,0,0,1,1,6,2,48,8,-1,-1,-1,8,1,8
2017077204552,1,3,0,4,9,1,1,0,0,0,1,1,6,1,17,4,-1,-1,-1,4,1,4
2017077204598,1,19,0,18,0,0,0,0,0,0,2,1,1,1,17,4,2198,2,5,9,1,9
2017077204598,2,9,0,18,0,0,0,0,0,0,1,1,6,2,47,8,999,1,1,3,1,3
2017077204651,1,5,0,18,0,0,1,0,0,0,0,1,2,1,36,7,899,1,16,6,1,6
2017077204774,1,21,1,11,0,0,0,0,0,0,4,1,1,1,37,7,10837,2,3,2,1,2
2017077204774,2,9,0,18,0,0,0,0,0,0,3,1,6,1,27,6,1199,1,13,2,1,2
2017077205009,1,19,0,18,0,0,0,0,0,0,3,1,1,1,19,4,1995,2,3,6,1,6
2017077205009,2,90,0,18,0,0,0,0,7,4,2,1,2,1,57,9,500,1,34,3,1,3
2017077205062,1,3,0,4,0,4,1,0,0,0,0,1,1,2,26,6,125,1,4,1,1,1
2017077205097,1,9,0,16,8,4,1,10,4,1,1,1,6,2,54,8,1149,1,16,3,1,3
2017077205310,1,9,0,5,0,0,0,0,0,0,0,1,2,2,-1,-1,1149,1,8,9,1,9
2017077205310,2,9,0,14,0,0,1,0,0,0,0,1,3,2,40,7,1598,1,1,7,1,7
2017077205564,1,9,0,16,9,0,1,10,2,11,1,1,6,2,41,7,1390,1,11,3,1,3
2017077206171,1,3,0,3,0,0,5,0,0,0,1,1,6,1,43,7,-1,-1,-1,2,1,2
2017077206171,2,9,0,4,0,0,0,0,0,0,2,1,6,1,-1,-1,-1,-1,-1,-1,-1,-1
2017077206410,1,9,0,17,0,0,0,0,1,11,1,1,2,1,23,5,1086,1,8,9,1,9
2017077206853,1,9,0,5,0,1,0,0,0,0,3,1,2,2,47,8,1560,2,7,4,1,4
2017077206853,2,1,0,18,0,1,0,0,0,0,1,1,6,1,40,7,-1,-1,-1,5,2,5
2017077207166,1,19,0,18,0,0,0,0,0,0,3,1,6,1,-1,-1,1997,2,9,-1,1,-1
2017077207166,2,9,0,18,0,0,0,0,0,0,4,1,6,3,-1,-1,-1,-1,-1,-1,-1,-1
2017077207719,1,19,0,18,0,8,0,0,0,0,4,1,6,1,26,6,-1,-1,-1,-1,-1,-1
2017077207719,2,9,0,5,0,2,0,0,0,0,3,1,2,1,62,9,-1,-1,-1,-1,-1,-1
2017077208199,1,1,0,18,0,1,0,2,0,0,2,1,2,1,46,8,-1,-1,-1,5,1,5
2017077208233,1,9,0,4,0,1,0,0,0,0,3,1,6,2,20,4,1398,1,5,7,1,7
2017077208233,2,9,0,18,0,2,0,0,0,0,4,1,6,1,43,7,2470,2,24,9,3,9
2017077208692,1,9,0,18,0,0,1,0,1,11,4,1,6,3,-1,-1,1242,1,6,6,1,6
2017077208702,1,8,0,5,0,0,0,0,0,0,0,1,1,1,45,7,1997,2,9,2,1,2
2017077208847,1,90,0,18,0,0,0,0,0,0,0,1,6,3,-1,-1,-1,-1,-1,-1,-1,-1
2017077209334,1,9,0,9,0,8,0,0,0,0,3,1,6,1,40,7,1968,2,8,-1,-1,-1
2017077209334,2,5,0,18,0,1,1,0,0,0,1,1,6,1,39,7,749,1,20,7,3,7
2017077209380,1,9,0,18,0,0,0,0,0,0,1,2,6,1,63,9,5700,1,26,3,1,3
2017077209380,2,19,0,18,0,0,0,0,0,0,1,1,6,1,62,9,-1,-1,-1,9,3,9
2017077209542,1,9,0,18,0,1,0,0,0,1,1,1,6,1,54,8,1798,1,3,4,1,4
2017077209542,2,9,0,9,0,1,0,0,0,1,4,1,6,1,30,6,1596,1,13,2,1,2
2017077209582,1,9,0,18,0,4,1,0,1,4,1,1,6,1,23,5,1595,1,1,1,1,1
2017077209582,2,9,0,18,0,4,0,0,0,0,0,1,6,1,25,5,1991,1,2,7,1,7
2017077209607,1,9,0,17,0,0,2,0,0,10,3,1,6,1,22,5,1242,1,13,2,1,2
2017077209970,1,9,0,18,0,1,0,0,3,11,1,1,1,1,38,7,1995,2,2,10,1,10
2017077209970,2,19,0,18,0,1,0,0,3,11,1,1,1,1,48,8,1753,2,12,10,2,10
2017077210095,1,9,0,18,0,4,0,0,0,0,1,1,6,2,52,8,1197,1,5,-1,2,-1
2017077210095,2,9,0,18,0,3,0,0,0,0,4,1,3,2,43,7,1685,2,-1,4,1,4
2017077210151,1,21,1,18,0,0,0,0,0,0,0,1,6,3,-1,-1,-1,-1,-1,-1,-1,-1
2017077210151,2,1,0,18,0,0,0,0,1,9,1,1,6,1,65,9,-1,-1,-1,1,1,1
2017077210178,1,1,0,18,0,0,0,0,0,0,3,1,1,1,50,8,-1,-1,-1,10,1,10
2017077210178,2,19,0,2,0,0,0,0,0,0,3,1,1,1,60,9,1560,2,7,6,1,6
2017077210267,1,1,0,18,0,1,0,0,0,0,1,1,6,1,64,9,-1,-1,-1,10,1,10
2017077210267,2,19,0,5,0,6,0,0,0,0,3,1,1,1,50,8,-1,-1,-1,10,1,10
2017077210299,1,9,0,9,0,8,0,0,0,0,1,1,6,2,25,5,1968,2,4,10,1,10
2017077210299,2,5,0,14,0,1,0,0,0,0,1,1,6,1,42,7,-1,-1,-1,8,1,8
2017077210593,1,9,0,18,0,8,0,0,0,0,4,1,6,2,43,7,1968,2,11,-1,-1,-1
2017077210593,2,9,0,5,0,2,0,0,0,0,3,1,1,1,52,8,1999,2,-1,9,3,9
2017077210781,1,5,0,16,0,0,2,0,0,0,1,1,6,1,41,7,998,1,13,9,1,9
2017077210781,2,9,0,16,0,0,0,0,0,0,2,1,6,2,18,4,1364,1,9,10,3,10
2017077210840,1,20,0,2,6,0,0,0,0,0,2,1,6,1,-1,-1,-1,-1,-1,-1,-1,-1
2017077210840,2,21,0,2,6,0,0,0,0,0,0,1,1,1,47,8,9603,2,19,2,1,2
2017077211242,1,9,0,16,0,0,2,0,2,3,1,1,1,1,25,5,1200,1,13,1,1,1
2017077211728,1,9,0,17,0,0,5,0,1,11,4,2,6,2,39,7,1868,2,17,9,3,9
2017077212612,1,9,0,10,0,1,0,0,0,0,4,1,6,2,47,8,1461,2,3,4,1,4
2017077212612,2,1,0,18,0,1,2,4,0,0,4,1,6,1,22,5,-1,-1,-1,1,1,1
2017077213061,1,5,0,13,0,1,0,0,0,0,1,1,6,1,57,9,1165,1,14,4,1,4