Accident_Index,Vehicle_Reference,Vehicle_Type,Towing_and_Articulation,Vehicle_Manoeuvre,Vehicle_Location-Restricted_Lane,Junction_Location,Skidding_and_Overturning,Hit_Object_in_Carriageway,Vehicle_Leaving_Carriageway,Hit_Object_off_Carriageway,1st_Point_of_Impact,Was_Vehicle_Left_Hand_Drive?,Journey_Purpose_of_Driver,Sex_of_Driver,Age_of_Driver,Age_Band_of_Driver,Engine_Capacity_(CC),Propulsion_Code,Age_of_Vehicle,Driver_IMD_Decile,Driver_Home_Area_Type,Vehicle_IMD_Decile
2017077213061,2,9,0,9,0,1,0,0,0,0,3,1,2,1,72,10,1997,2,2,4,1,4
2017077213132,1,19,0,18,0,0,0,0,0,0,1,1,6,3,-1,-1,-1,-1,-1,-1,-1,-1
2017077213132,2,1,0,18,0,0,0,0,1,0,2,1,6,1,39,7,-1,-1,-1,9,3,9
2017077213955,1,1,0,18,0,0,0,0,0,0,1,1,6,1,20,4,-1,-1,-1,7,1,7
2017077213955,2,9,0,3,0,0,0,0,0,0,2,1,1,1,35,6,1598,1,4,7,1,7
2017077214044,1,1,0,14,0,1,0,0,0,0,0,1,1,1,28,6,-1,-1,-1,8,1,8
2017077214044,2,9,0,9,0,1,0,0,0,0,0,1,1,2,48,8,1796,1,3,10,1,10
2017077214068,1,9,0,7,0,8,0,0,0,0,1,1,6,1,30,6,1422,2,8,8,1,8
2017077214068,2,1,0,18,0,8,0,0,0,0,1,1,6,1,-1,-1,-1,-1,-1,-1,-1,-1
2017077214328,1,9,0,4,0,1,0,0,0,0,4,1,6,3,-1,-1,-1,-1,-1,-1,-1,-1
2017077214444,1,9,0,18,0,0,5,0,2,10,1,1,6,1,48,8,998,1,7,5,3,5
2017077214444,2,9,0,13,0,0,0,0,0,0,4,1,6,1,42,7,1984,1,12,9,1,9
2017077214567,1,9,0,1,0,1,0,0,3,0,2,1,6,1,-1,-1,-1,-1,-1,-1,-1,-1
2017077214567,2,9,0,1,0,1,0,0,7,0,1,1,1,1,33,6,2993,2,4,9,1,9
2017077215094,1,9,0,7,0,4,0,0,0,0,1,1,6,2,-1,-1,1995,2,2,10,1,10
2017077215094,2,9,0,7,0,4,0,0,0,0,2,1,6,2,61,9,1560,2,10,5,2,5
2017077215264,1,19,0,1,0,0,0,0,0,0,2,1,1,2,50,8,2143,2,7,3,1,3
2017077215266,1,9,0,7,0,2,0,0,0,0,4,1,6,1,-1,-1,998,1,1,6,1,6
2017077215266,2,1,0,18,0,1,0,0,0,0,1,1,6,1,27,6,-1,-1,-1,-1,-1,-1
2017077215549,1,9,0,1,0,0,0,11,0,0,2,1,6,1,-1,-1,2000,1,20,8,3,8
2017077215638,1,1,0,5,0,0,0,0,0,0,1,1,6,1,19,4,-1,-1,-1,-1,-1,-1
2017077215638,2,9,0,18,0,0,0,0,0,0,1,1,6,2,47,8,2143,2,2,-1,-1,-1
2017077215639,1,9,0,18,0,0,0,0,0,0,1,1,6,1,-1,-1,1368,1,8,4,1,4
2017077215639,2,9,0,4,0,0,0,0,0,0,2,1,6,1,61,9,1968,2,1,10,1,10
2017077215639,3,9,0,4,0,0,0,0,0,0,2,1,6,2,-1,-1,1686,2,6,6,1,6
2017077216393,1,2,0,18,0,3,5,0,0,10,1,1,6,1,55,8,398,1,28,5,1,5
2017077216499,1,9,0,17,0,1,1,10,1,11,1,1,6,1,22,5,1388,1,10,2,1,2
2017077216499,2,9,0,17,0,1,0,0,0,0,2,1,6,2,31,6,1956,2,5,4,1,4
2017077216584,1,19,0,7,0,1,0,0,0,0,4,1,6,1,38,7,2198,2,1,9,1,9
2017077217266,1,1,0,7,0,8,0,0,0,0,1,1,6,1,14,3,-1,-1,-1,3,1,3
2017077217266,2,9,0,18,0,8,0,0,0,0,4,1,6,2,72,10,1396,1,5,10,1,10
2017077217789,1,9,0,7,0,6,0,0,0,0,1,1,6,3,-1,-1,-1,-1,-1,-1,-1,-1
2017077217789,2,1,0,7,0,6,0,0,0,0,2,1,6,1,13,3,-1,-1,-1,5,1,5
2017077218214,1,9,0,1,0,0,0,0,0,0,2,1,6,1,-1,-1,998,1,3,10,2,10
2017077218452,1,9,0,18,0,1,0,0,0,0,3,1,6,2,26,6,1396,1,13,10,1,10
2017077218452,2,19,0,9,0,1,0,0,0,0,1,1,6,1,31,6,2148,2,8,1,1,1
2017077218686,1,9,0,16,0,0,2,0,7,11,1,1,2,1,24,5,1124,1,15,9,1,9
2017077218735,1,9,0,18,0,1,0,0,0,0,4,1,6,3,-1,-1,-1,-1,-1,-1,-1,-1
2017077218735,2,9,0,2,0,1,0,0,0,0,3,1,6,1,-1,-1,1796,1,6,8,1,8
2017077218752,1,11,0,1,0,0,0,10,0,0,2,1,1,1,-1,-1,9600,2,21,9,1,9
2017077218785,1,9,0,9,0,8,0,0,0,0,1,2,6,2,33,6,1598,2,2,4,1,4
2017077218785,2,9,0,18,0,8,0,0,0,0,1,2,2,1,34,6,-1,-1,-1,6,2,6
2017077218835,1,9,0,18,0,8,0,0,0,0,1,1,6,1,-1,-1,-1,-1,-1,-1,-1,-1
2017077218835,2,9,0,3,0,8,0,0,0,0,2,1,6,2,36,7,1349,1,8,3,1,3
2017077218846,1,21,1,16,0,0,0,0,0,0,3,2,1,1,39,7,-1,-1,-1,1,1,1
2017077218846,2,9,0,17,0,0,0,0,0,0,3,1,1,2,41,7,1995,2,1,7,1,7
2017077218902,1,9,0,3,0,1,0,0,0,0,2,1,6,2,35,6,1598,1,10,2,1,2
2017077218902,2,9,0,4,0,1,0,0,0,0,1,1,1,1,36,7,1988,1,15,2,1,2
2017077219163,1,9,0,16,9,0,0,0,7,11,3,1,6,1,84,11,993,1,14,9,3,9
2017077219230,1,9,0,13,0,0,0,0,0,0,4,1,6,1,65,9,1798,2,3,10,1,10
2017077219230,2,1,0,18,0,0,0,0,0,0,3,1,6,1,28,6,-1,-1,-1,4,1,4
2017077219657,1,9,0,18,0,2,0,4,0,0,1,1,6,2,34,6,1598,1,14,7,2,7
2017077219657,2,9,0,2,0,2,0,0,0,0,2,1,6,1,-1,-1,1968,2,4,9,2,9
2017077219821,1,5,0,13,0,0,0,0,1,0,3,1,2,1,55,8,781,1,17,3,1,3
2017077219821,2,9,0,18,0,0,0,0,0,0,1,1,2,2,56,9,1999,2,1,8,3,8
2017077219834,1,9,0,4,0,0,0,0,0,0,1,1,2,2,21,5,-1,-1,-1,9,1,9
2017077219834,2,21,0,4,0,0,0,0,0,0,2,1,1,1,42,7,-1,-1,-1,1,1,1
2017077219836,1,21,1,18,0,0,0,0,0,0,1,1,1,3,-1,-1,12900,2,7,-1,-1,-1
2017077219836,2,9,0,18,0,0,0,0,0,0,1,1,6,1,33,6,1198,1,7,1,1,1
2017077220525,1,9,0,17,0,0,5,10,1,0,4,1,6,2,18,4,1390,1,6,7,2,7
2017077220574,1,9,0,18,0,1,0,0,0,0,1,1,6,2,55,8,1388,1,13,6,1,6
2017077220574,2,9,0,3,0,1,0,0,0,0,2,1,6,1,50,8,-1,-1,-1,2,1,2
2017077220980,1,9,0,9,0,1,0,0,0,0,1,1,6,2,-1,-1,1686,2,4,-1,-1,-1
2017077220980,2,1,0,18,0,2,0,0,0,0,1,1,1,1,26,6,-1,-1,-1,1,1,1
2017077221270,1,20,0,18,0,0,0,0,0,0,1,1,1,1,32,6,7146,2,10,1,1,1
2017077221270,2,19,0,3,0,0,0,0,0,0,2,1,1,1,48,8,1248,2,6,6,1,6
2017077221651,1,9,0,14,0,0,0,0,0,0,3,1,6,1,70,10,1969,2,2,8,1,8
2017077222206,1,9,0,18,0,0,0,10,1,1,1,1,6,1,49,8,1598,2,-1,3,1,3
2017077222510,1,21,0,7,0,6,0,0,0,0,3,1,6,1,82,11,8970,2,17,5,3,5
2017077222510,2,2,0,18,0,1,0,0,0,0,4,1,6,1,19,4,124,1,1,1,1,1
2017077222623,1,9,0,5,0,0,0,0,0,0,1,1,6,1,56,9,1995,2,3,10,2,10
2017077222623,2,9,0,3,0,0,0,0,0,0,2,1,1,1,57,9,1598,2,3,2,1,2
2017077222785,1,19,0,18,0,0,0,0,1,5,1,1,2,1,52,8,2402,2,6,2,1,2
2017077222939,1,9,0,18,0,0,5,4,1,1,1,1,6,1,31,6,1686,2,16,3,1,3
2017077222939,2,9,0,2,6,0,0,0,0,0,3,1,6,2,38,7,1968,2,9,7,1,7
2017077223091,1,9,0,4,0,0,0,0,0,0,1,1,6,2,32,6,1598,1,11,9,1,9
2017077223091,2,9,0,4,0,0,0,0,0,0,2,1,6,2,41,7,1999,2,-1,9,1,9
2017077223142,1,9,0,13,0,0,0,0,7,0,1,2,1,1,23,5,1242,1,11,8,2,8
2017077223142,2,1,0,12,0,0,0,0,0,0,2,1,6,1,11,3,-1,-1,-1,7,1,7
2017077223655,1,9,0,9,0,6,0,0,0,0,1,1,6,1,68,10,1329,1,-1,4,1,4
2017077223655,2,9,0,18,0,1,0,0,0,0,4,1,6,1,39,7,1598,2,3,8,1,8
2017077224065,1,9,0,18,0,8,0,0,0,0,3,2,6,2,18,4,-1,-1,-1,-1,-1,-1
2017077224065,2,5,0,18,0,8,0,0,0,0,4,1,6,1,30,6,749,1,21,7,1,7
2017077224094,1,1,0,4,0,1,0,0,0,0,1,1,4,1,14,3,-1,-1,-1,1,1,1
2017077224094,2,9,0,4,0,1,0,0,0,0,2,1,6,2,33,6,1461,2,4,4,1,4
2017077224114,1,9,0,4,0,1,0,0,0,0,1,1,6,1,57,9,1596,1,10,10,1,10
2017077224114,2,9,0,3,0,1,0,0,0,0,2,1,6,1,40,7,1995,2,6,2,1,2
2017077224114,3,9,0,10,0,1,0,0,0,0,2,1,6,2,74,10,2400,2,5,7,3,7
2017077224156,1,9,0,18,0,0,0,0,0,0,1,1,2,2,43,7,998,1,3,7,1,7
2017077224269,1,9,0,4,0,1,0,0,0,0,1,1,6,1,-1,-1,1968,2,-1,-1,-1,-1
2017077224372,1,1,0,18,0,2,0,0,0,0,1,1,6,1,25,5,-1,-1,-1,-1,-1,-1
2017077224372,2,9,0,5,0,1,0,0,0,0,1,1,6,1,27,6,1968,2,3,7,3,7
2017077224387,1,9,0,6,0,8,0,0,0,0,4,1,1,2,24,5,1598,1,13,2,1,2
2017077224387,2,1,0,18,0,1,0,0,0,0,2,1,6,1,14,3,-1,-1,-1,7,1,7
2017077224644,1,21,1,11,0,0,0,0,0,0,4,1,1,1,67,10,12809,2,1,3,1,3
2017077224644,2,9,0,18,0,0,0,2,1,7,3,1,6,2,24,5,1398,1,2,9,1,9
2017077224929,1,1,0,18,0,1,0,0,0,0,0,1,6,1,77,11,-1,-1,-1,10,1,10
2017077225203,1,9,0,18,0,1,0,0,0,0,1,1,6,1,31,6,998,1,4,10,1,10
2017077225203,2,9,0,5,0,1,0,0,0,0,2,1,6,1,58,9,1685,2,2,3,1,3
2017077225393,1,11,0,18,2,0,0,0,0,0,1,1,6,1,56,9,3900,2,11,-1,-1,-1
2017077225654,1,1,0,18,9,0,5,0,0,0,1,1,6,2,-1,-1,-1,-1,-1,-1,-1,-1
2017077225723,1,9,0,17,0,0,2,10,7,11,3,1,6,1,27,6,1596,1,-1,9,1,9
2017077226257,1,9,0,18,0,8,0,0,0,0,1,1,2,2,51,8,998,1,19,2,1,2
2017077226257,2,9,0,18,0,8,0,0,0,0,4,1,6,1,50,8,1995,2,4,8,1,8
2017077226676,1,9,0,16,0,0,0,0,0,0,1,1,6,2,58,9,1242,1,7,7,3,7
2017077226676,2,3,0,17,0,0,0,0,0,0,1,1,6,1,28,6,124,1,13,7,1,7
2017077226696,1,9,0,18,0,1,0,0,0,0,1,1,6,1,24,5,1368,1,13,3,1,3
2017077226696,2,9,0,7,0,5,0,0,0,0,2,1,6,1,28,6,1968,2,5,4,1,4
2017077227270,1,9,0,9,0,1,0,0,0,0,1,1,2,1,47,8,1969,2,1,8,1,8
2017077227270,2,1,0,10,0,1,0,0,0,0,4,1,2,1,49,8,-1,-1,-1,10,1,10
2017077227331,1,21,0,18,0,0,0,0,0,0,1,1,1,1,32,6,-1,-1,-1,2,1,2
2017077227331,2,19,0,3,0,0,0,0,7,0,2,1,1,1,31,6,2198,2,4,5,1,5
2017077227331,3,9,0,3,0,0,0,0,0,0,2,1,1,1,27,6,1598,2,-1,1,1,1
2017077227331,4,9,0,3,0,0,0,0,0,0,2,1,6,2,52,8,1598,1,4,10,2,10
2017077227354,1,9,0,1,0,2,0,0,0,0,2,1,6,1,41,7,1399,1,8,9,1,9
2017077227354,2,9,0,3,0,2,0,0,0,0,1,1,6,2,34,6,1968,2,7,6,1,6
2017077227382,1,9,0,18,0,1,0,0,0,0,1,1,6,2,53,8,1840,1,14,6,3,6
2017077227382,2,1,0,3,0,4,0,0,0,0,2,1,6,1,62,9,-1,-1,-1,-1,-1,-1
2017077227433,1,9,0,18,0,4,0,0,0,0,1,1,6,1,77,11,1596,1,11,8,2,8
2017077227456,1,9,0,18,9,0,0,0,0,0,1,1,6,1,38,7,2793,1,19,9,1,9
2017077227456,2,22,0,18,9,0,0,0,0,0,4,1,6,2,54,8,-1,-1,-1,9,1,9
2017077227466,1,9,0,18,0,8,1,0,0,0,1,1,6,2,79,11,1461,2,3,7,3,7
2017077227466,2,9,0,18,0,8,1,0,1,1,3,1,6,2,45,7,1999,2,-1,10,1,10
2017077227499,1,9,0,14,0,1,0,0,0,0,3,1,6,1,66,10,2720,2,12,8,1,8
2017077227499,2,3,0,18,0,1,0,0,0,0,4,1,1,1,47,8,108,1,3,2,1,2
2017077227615,1,3,0,18,0,1,1,0,0,0,0,1,6,1,17,4,124,1,5,10,1,10
2017077227615,2,9,0,4,0,1,0,0,0,0,0,1,6,3,-1,-1,-1,-1,-1,-1,-1,-1
2017077227627,1,19,4,18,0,0,0,0,0,0,4,1,6,1,28,6,-1,-1,-1,6,3,6
2017077227659,1,9,0,9,0,8,0,0,0,0,3,1,6,1,29,6,1198,1,11,10,2,10
2017077227659,2,9,0,18,0,8,0,0,0,0,1,1,6,2,53,8,1461,2,4,10,3,10
2017077227762,1,9,0,18,0,1,0,0,0,0,1,1,6,1,-1,-1,-1,-1,-1,-1,-1,-1
2017077227762,2,9,0,3,0,1,0,0,0,0,2,1,2,2,43,7,1686,2,17,4,1,4
2017077227848,1,9,0,3,0,0,0,0,0,0,1,1,6,3,-1,-1,1396,1,3,-1,-1,-1
2017077227848,2,9,0,3,0,0,0,0,0,0,2,1,6,3,-1,-1,1388,1,9,-1,-1,-1
2017077227848,3,9,0,3,0,0,0,0,0,0,2,1,6,2,28,6,1598,1,13,9,1,9
2017077227900,1,5,0,4,0,0,0,0,0,0,1,1,1,1,55,8,645,1,9,4,1,4
2017077227900,2,9,0,4,0,0,0,0,0,0,2,1,6,1,40,7,2143,2,3,1,1,1
2017077227967,1,9,0,18,0,1,0,0,0,0,1,1,2,2,57,9,1598,1,6,7,1,7
2017077228218,1,2,0,18,0,8,0,0,0,0,0,1,6,2,16,4,49,1,13,4,1,4
2017077228438,1,9,0,18,0,0,0,10,0,0,3,2,2,1,34,6,998,1,1,1,1,1
2017077228438,2,21,1,18,0,0,0,0,0,0,4,2,1,1,31,6,12740,2,4,9,1,9
2017077228582,1,9,0,18,0,0,0,0,0,0,1,1,6,1,-1,-1,1388,1,13,8,3,8
2017077228588,1,9,0,9,0,6,0,0,0,0,0,1,6,2,47,8,898,1,2,8,1,8
2017077228641,1,9,0,18,0,0,0,4,0,0,1,1,6,1,86,11,1086,1,12,7,3,7
2017077228641,2,9,0,2,0,0,0,4,0,0,1,1,6,2,-1,-1,1086,1,10,7,1,7
2017077228641,3,9,0,2,0,0,0,4,0,0,1,1,6,2,-1,-1,-1,-1,-1,-1,-1,-1
2017077228664,1,9,0,7,0,4,0,0,0,0,3,1,6,2,69,10,1999,1,3,10,1,10
2017077228664,2,1,0,18,0,8,0,0,0,0,4,1,2,1,59,9,-1,-1,-1,10,1,10
2017077228699,1,9,0,18,0,7,0,0,0,0,1,1,6,1,38,7,1896,2,15,6,3,6
2017077228699,2,9,0,3,0,7,0,0,0,0,2,1,6,1,68,10,2143,2,6,8,1,8
2017077228958,1,9,0,9,0,2,0,0,0,0,3,1,1,1,46,8,-1,-1,-1,1,1,1
2017077228958,2,1,0,18,0,1,0,0,0,0,1,1,2,1,45,7,-1,-1,-1,2,1,2
2017077229120,1,19,0,18,0,1,0,10,0,0,1,1,1,2,32,6,1461,2,2,9,2,9
2017077229120,2,3,0,4,0,5,0,0,0,0,2,1,6,1,44,7,125,1,1,9,3,9
2017077229169,1,9,0,17,0,4,0,0,0,0,3,1,6,1,-1,-1,1240,1,10,-1,-1,-1
2017077229169,2,5,0,18,0,3,0,0,0,0,4,1,2,1,41,7,1043,1,5,7,1,7
2017077229252,1,9,0,5,0,2,0,0,0,0,1,1,6,2,40,7,1560,2,4,8,1,8
2017077229252,2,4,0,18,0,2,0,0,0,0,4,1,6,1,77,11,-1,-1,-1,6,3,6
2017077229747,1,9,0,7,0,1,0,0,0,0,4,1,6,1,-1,-1,1995,2,3,-1,-1,-1
2017077229747,2,1,0,18,0,1,0,0,0,0,3,1,6,2,43,7,-1,-1,-1,-1,-1,-1
2017077230414,1,9,0,7,0,8,0,0,0,0,1,1,2,2,23,5,1598,1,10,-1,3,-1
2017077230414,2,9,0,18,0,1,0,0,0,0,1,1,6,1,65,9,1997,2,2,7,3,7
2017077230536,1,9,0,18,0,0,0,2,8,6,1,1,6,1,57,9,1598,2,3,8,1,8
2017077230915,1,1,0,9,0,0,0,0,7,0,3,1,6,2,22,5,-1,-1,-1,1,1,1
2017077230915,2,19,0,14,0,0,0,0,7,11,1,1,1,1,28,6,1995,2,-1,5,1,5
2017077231345,1,19,0,18,0,0,0,0,0,0,4,1,1,1,36,7,1997,2,9,3,1,3
2017077231345,2,1,0,18,0,0,0,0,0,0,3,1,6,1,52,8,-1,-1,-1,5,1,5
2017077231479,1,9,0,18,0,1,0,0,0,0,1,1,6,3,-1,-1,-1,-1,-1,-1,-1,-1
2017077231479,2,9,0,9,0,8,0,0,0,0,2,1,6,2,22,5,1242,1,4,1,1,1
2017077231515,1,9,4,9,9,1,0,0,0,0,4,1,6,1,-1,-1,-1,-1,-1,-1,-1,-1
2017077231515,2,1,0,18,9,1,0,0,0,0,1,1,6,1,36,7,-1,-1,-1,6,1,6
2017077231596,1,9,0,4,0,0,0,0,0,0,1,1,6,1,81,11,1798,8,5,4,1,4
2017077231596,2,9,0,4,0,0,0,0,0,0,2,1,6,2,30,6,1997,2,7,4,1,4
2017077231968,1,3,0,14,0,1,0,0,0,0,4,1,2,1,46,8,124,1,8,3,1,3
2017077231968,2,9,0,9,0,5,0,0,0,0,3,1,6,2,68,10,1386,1,9,2,1,2
2017077232153,1,9,0,18,0,0,0,0,2,4,1,1,6,1,33,6,1360,1,16,8,1,8
2017077232210,1,19,0,16,0,0,1,0,1,11,1,1,1,1,23,5,1461,2,4,-1,-1,-1
2017077232295,1,9,0,18,0,1,0,0,0,0,1,1,6,1,-1,-1,1149,1,10,2,1,2
2017077232295,2,9,0,3,0,1,0,0,0,0,2,1,1,1,58,9,1598,2,6,5,1,5
2017077232513,1,9,0,18,0,1,0,0,0,0,1,1,6,2,62,9,1390,1,5,-1,-1,-1
2017077232796,1,3,0,16,0,0,0,0,7,0,1,1,6,1,19,4,124,1,2,2,1,2
2017077232796,2,9,0,17,0,0,0,0,0,0,1,1,6,1,83,11,1796,1,17,3,1,3
2017077232914,1,9,0,18,0,8,0,0,0,0,1,1,1,1,-1,-1,1910,2,8,-1,-1,-1
2017077232914,2,9,0,18,0,8,0,0,0,0,3,1,2,2,22,5,1242,1,1,4,1,4
2017077232929,1,9,0,13,0,0,1,0,0,0,1,1,2,1,19,4,-1,-1,-1,4,1,4
2017077232929,2,1,0,18,0,0,0,0,0,0,2,1,6,1,16,4,-1,-1,-1,4,1,4
2017077233007,1,9,0,9,0,7,1,0,0,7,1,1,6,2,45,7,1390,1,14,1,1,1
2017077233097,1,9,0,5,0,6,0,0,0,0,1,1,6,1,32,6,1299,1,17,2,1,2
2017077233458,1,9,0,18,0,0,0,0,4,1,0,1,6,1,51,8,1796,1,11,2,1,2
2017077233458,2,21,1,18,0,0,0,0,0,0,2,1,1,1,43,7,12740,2,2,10,1,10
2017077233839,1,9,0,5,0,2,0,0,0,0,3,1,6,1,52,8,-1,-1,-1,10,1,10
2017077233839,2,9,0,18,0,1,0,0,0,0,4,1,6,2,36,7,1995,2,14,3,1,3
2017077233889,1,9,0,2,0,1,0,0,0,0,4,1,6,2,58,9,1299,1,9,8,1,8
2017077233889,2,1,0,18,0,1,0,0,0,0,1,1,6,1,21,5,-1,-1,-1,2,1,2
2017077233891,1,9,0,4,0,4,0,0,0,0,3,1,6,1,65,9,1598,1,2,7,1,7
2017077233891,2,1,0,18,0,3,0,0,0,0,1,1,6,1,51,8,-1,-1,-1,9,1,9
2017077234552,1,8,0,18,0,0,0,0,0,0,0,1,6,1,42,7,-1,-1,-1,5,1,5
2017077234602,1,9,0,18,0,4,1,9,3,10,1,1,6,1,21,5,1598,1,1,1,1,1
2017077234602,2,9,0,18,0,1,0,0,0,0,0,1,1,1,36,7,2993,2,3,9,1,9
2017077234746,1,11,0,10,0,1,0,0,0,0,0,1,1,1,52,8,4250,2,5,7,3,7
2017077234866,1,1,0,18,0,0,0,10,1,0,1,1,6,1,69,10,-1,-1,-1,4,1,4
2017077234912,1,9,0,9,0,1,0,0,0,0,4,1,6,1,68,10,1598,1,4,8,1,8
2017077234912,2,1,0,18,0,1,0,0,0,0,1,1,6,1,43,7,-1,-1,-1,6,1,6
2017077235215,1,5,0,16,0,0,1,0,7,9,1,1,6,1,56,9,1441,1,4,4,1,4
2017077235215,2,9,0,17,0,0,0,0,0,0,3,1,6,1,20,4,1229,1,1,-1,1,-1
2017077235263,1,9,0,18,0,1,0,0,0,0,1,1,6,2,82,11,1390,1,11,10,1,10
2017077235263,2,9,0,10,0,1,0,0,0,0,2,1,6,1,53,8,-1,-1,-1,8,1,8
2017077236297,1,2,0,18,0,1,0,0,1,0,3,1,2,1,22,5,124,1,7,2,2,2
2017077236297,2,19,0,4,0,1,0,0,0,0,4,1,1,1,22,5,2402,2,6,1,1,1
2017077236352,1,9,0,5,0,0,0,0,0,0,1,1,1,2,22,5,1242,1,10,5,3,5
2017077236352,2,19,0,18,0,0,0,0,0,0,4,1,1,2,51,8,1461,2,10,6,2,6
2017077236674,1,9,0,18,0,0,1,0,8,4,1,1,6,1,20,4,1598,1,13,8,1,8
2017077236718,1,3,0,18,0,0,2,0,0,0,3,1,6,1,18,4,125,1,5,5,1,5
2017077236789,1,3,0,16,0,0,0,0,0,0,1,1,2,1,22,5,125,1,8,1,1,1
2017077236789,2,1,0,17,0,0,0,0,0,0,1,1,2,1,51,8,-1,-1,-1,1,1,1
2017077236833,1,9,0,9,0,4,0,0,0,0,3,1,3,2,50,8,1995,2,1,9,3,9
2017077236833,2,1,0,18,0,3,0,0,0,0,1,1,1,1,44,7,-1,-1,-1,4,1,4
2017077236971,1,9,0,2,0,0,0,0,0,0,0,1,6,2,24,5,1968,2,13,2,1,2
2017077236971,2,9,0,5,0,0,0,8,0,0,4,1,1,1,34,6,-1,-1,-1,2,1,2
2017077237010,1,19,0,17,0,1,0,0,0,0,4,1,6,3,-1,-1,-1,-1,-1,-1,-1,-1
2017077237010,2,9,0,16,0,1,0,0,0,0,3,1,1,1,54,8,2290,1,10,10,1,10
2017077237224,1,9,0,10,0,1,0,0,0,0,0,1,6,2,81,11,1229,1,6,9,1,9
2017077237224,2,4,0,10,0,1,0,0,0,0,0,1,6,1,35,6,929,1,16,4,1,4
2017077237227,1,3,0,18,0,0,0,0,0,0,1,1,6,1,28,6,124,1,3,4,1,4
2017077237227,2,5,0,18,0,0,0,0,0,0,1,1,6,1,74,10,805,1,24,9,1,9
2017077237227,3,19,0,4,0,0,0,0,0,0,0,1,6,1,30,6,2198,2,1,1,1,1
2017077237351,1,9,0,1,0,1,0,0,0,0,2,1,6,3,-1,-1,1896,2,12,-1,-1,-1
2017077237351,2,9,0,2,0,1,1,0,0,0,1,1,1,1,51,8,2993,2,1,1,1,1
2017077237394,1,19,0,4,0,0,0,0,0,0,1,1,1,1,27,6,-1,-1,-1,3,1,3
2017077237394,2,9,0,4,0,0,0,0,0,0,2,1,1,1,52,8,-1,-1,-1,5,1,5
2017077237539,1,9,0,18,0,0,0,0,0,0,1,1,6,2,18,4,1242,1,1,8,1,8
2017077237539,2,9,0,4,0,0,0,0,0,0,2,1,6,1,22,5,1398,1,2,5,1,5
2017077237571,1,9,0,6,0,0,0,0,0,0,3,1,2,2,39,7,1969,2,-1,7,3,7
2017077237571,2,3,0,13,0,0,0,0,0,0,1,1,6,1,24,5,125,1,4,1,1,1
2017077238241,1,21,0,18,0,0,0,0,0,0,1,1,1,1,50,8,9186,2,11,4,1,4
2017077238241,2,19,0,4,0,0,0,0,0,0,2,1,1,1,22,5,2143,2,4,-1,1,-1
2017077238514,1,1,0,18,0,2,0,0,0,0,3,1,1,1,18,4,-1,-1,-1,2,1,2
2017077238514,2,9,0,18,0,2,0,0,0,0,1,1,6,2,23,5,998,1,9,3,1,3
2017077238736,1,21,1,18,0,1,0,0,0,0,1,1,1,1,61,9,12419,2,3,-1,3,-1
2017077238736,2,9,0,10,0,1,0,0,0,0,2,1,6,2,20,4,1198,1,12,6,3,6
2017077239576,1,9,0,5,0,6,0,0,0,0,1,1,6,2,31,6,1199,1,14,5,1,5
2017077239576,2,1,0,18,0,1,0,0,0,0,4,1,2,1,23,5,-1,-1,-1,9,3,9
2017077239847,1,9,0,9,9,0,0,0,0,0,3,1,6,2,46,8,1499,2,2,10,1,10
2017077240297,1,9,0,18,0,1,0,0,0,0,1,1,2,2,-1,-1,-1,-1,-1,-1,-1,-1
2017077240297,2,9,0,3,0,1,0,0,0,0,2,1,6,2,34,6,1493,2,9,4,1,4
2017077240499,1,9,0,9,0,6,0,0,0,0,1,1,6,2,61,9,1968,2,2,10,1,10
2017077240499,2,19,0,18,0,1,0,0,0,0,1,1,1,1,70,10,2143,2,6,5,1,5
2017077240527,1,9,0,6,0,8,0,0,0,0,1,1,1,1,31,6,1150,1,12,2,1,2
2017077240527,2,9,0,15,0,8,0,0,0,0,4,1,6,1,65,9,1461,2,5,6,1,6
2017077240657,1,9,0,9,0,5,0,0,0,0,1,1,6,3,-1,-1,-1,-1,-1,-1,-1,-1
2017077240657,2,1,0,18,0,8,0,0,0,0,3,1,6,1,25,5,-1,-1,-1,7,3,7
2017077241213,1,9,0,18,0,0,0,0,1,4,1,1,6,2,46,8,1395,1,1,6,3,6
2017077241321,1,9,0,3,0,8,0,0,0,0,1,1,6,1,-1,-1,1910,2,9,8,1,8
2017077241321,2,9,0,3,0,8,0,0,0,0,2,1,6,1,58,9,1461,2,1,1,1,1
2017077241511,1,21,0,16,0,0,5,0,0,0,3,1,1,1,29,6,-1,-1,-1,8,1,8
2017077241744,1,9,0,16,0,0,1,10,0,0,3,1,6,1,22,5,1598,2,1,10,1,10
2017077241744,2,9,0,17,0,0,0,0,0,0,1,1,6,2,35,6,1560,2,5,2,1,2
2017077241830,1,21,1,9,0,6,0,0,0,0,3,1,1,1,49,8,12777,2,3,4,1,4
2017077241830,2,3,0,18,0,1,1,0,0,0,1,1,6,1,25,5,125,1,2,1,1,1
2017077241980,1,9,0,9,0,1,0,0,0,0,3,1,6,1,-1,-1,999,1,-1,9,2,9
2017077241980,2,1,0,13,0,1,0,0,0,0,1,1,6,1,45,7,-1,-1,-1,8,1,8
2017077241997,1,8,0,18,0,0,0,11,0,0,1,1,1,1,45,7,1995,2,6,4,1,4