Accident_Index,Vehicle_Reference,Vehicle_Type,Towing_and_Articulation,Vehicle_Manoeuvre,Vehicle_Location-Restricted_Lane,Junction_Location,Skidding_and_Overturning,Hit_Object_in_Carriageway,Vehicle_Leaving_Carriageway,Hit_Object_off_Carriageway,1st_Point_of_Impact,Was_Vehicle_Left_Hand_Drive?,Journey_Purpose_of_Driver,Sex_of_Driver,Age_of_Driver,Age_Band_of_Driver,Engine_Capacity_(CC),Propulsion_Code,Age_of_Vehicle,Driver_IMD_Decile,Driver_Home_Area_Type,Vehicle_IMD_Decile
2017077242489,1,9,0,7,0,5,0,0,0,0,4,1,6,1,24,5,1242,1,11,2,1,2
2017077242489,2,5,0,15,0,1,0,0,1,11,3,1,6,1,57,9,999,1,2,6,3,6
2017077242658,1,3,0,18,0,0,0,0,0,0,1,1,6,1,26,6,124,1,3,1,1,1
2017077242660,1,8,0,18,0,0,0,2,0,1,1,1,1,1,-1,-1,1798,8,2,-1,-1,-1
2017077242701,1,9,0,18,0,1,0,0,0,0,1,1,6,2,71,10,1299,1,10,7,1,7
2017077242701,2,19,0,3,0,1,0,0,0,0,2,1,6,1,38,7,1598,2,4,2,1,2
2017077243425,1,8,0,5,0,2,0,0,0,0,1,1,1,1,58,9,1560,2,5,4,1,4
2017077243708,1,9,0,18,0,2,0,0,0,0,1,1,6,1,85,11,1086,1,9,8,3,8
2017077243708,2,9,0,2,0,2,0,0,0,0,3,1,6,2,32,6,1560,2,9,2,1,2
2017077243872,1,9,0,9,0,0,0,0,7,0,1,1,6,2,55,8,-1,-1,-1,9,1,9
2017077243872,2,1,0,18,0,0,0,0,0,0,1,1,6,1,40,7,-1,-1,-1,-1,-1,-1
2017077243900,1,90,0,18,0,8,0,0,0,0,1,1,6,3,-1,-1,-1,-1,-1,-1,-1,-1
2017077243937,1,19,0,18,0,8,0,0,0,0,1,1,1,1,33,6,2143,2,5,9,1,9
2017077243937,2,9,0,18,0,8,0,0,0,0,2,1,6,1,46,8,1956,2,4,3,1,3
2017077244086,1,9,0,18,0,8,0,0,0,0,0,1,2,1,42,7,1896,2,11,7,1,7
2017077244086,2,2,0,18,0,8,0,0,0,0,4,1,2,1,49,8,113,1,1,6,1,6
2017077244152,1,9,0,18,0,3,1,0,1,2,4,1,6,1,58,9,1000,1,17,2,1,2
2017077244549,1,9,0,9,0,8,0,0,1,10,4,1,1,2,23,5,1390,1,8,3,1,3
2017077244549,2,9,0,18,0,8,0,0,0,0,1,1,1,1,34,6,1598,1,14,5,1,5
2017077244763,1,9,0,1,0,6,0,0,0,0,2,1,6,1,64,9,4367,2,5,5,3,5
2017077244763,2,22,0,18,0,8,0,0,0,0,3,1,6,1,30,6,-1,-1,-1,5,1,5
2017077244888,1,9,0,14,0,0,0,0,0,0,1,1,2,2,66,10,1596,1,5,10,2,10
2017077245046,1,1,0,18,0,0,5,11,0,4,1,1,6,1,77,11,-1,-1,-1,8,1,8
2017077245370,1,3,0,16,0,1,0,0,0,0,1,1,6,1,32,6,124,1,3,6,1,6
2017077245370,2,9,0,17,0,1,0,0,0,0,1,1,6,1,28,6,1199,2,6,2,1,2
2017077245426,1,9,0,7,0,5,0,0,0,0,3,1,6,3,-1,-1,1149,1,11,-1,-1,-1
2017077245426,2,9,0,17,0,2,0,0,0,0,1,1,6,2,43,7,1229,1,6,1,1,1
2017077245461,1,9,0,17,0,8,0,0,0,0,1,1,6,1,-1,-1,1956,2,8,8,1,8
2017077245461,2,9,0,3,0,3,0,0,0,0,2,1,6,1,37,7,4163,1,12,9,1,9
2017077245650,1,9,0,17,0,0,0,0,1,4,1,1,6,1,32,6,2958,2,11,2,1,2
2017077245974,1,19,0,9,0,6,0,0,0,0,1,1,1,1,38,7,2198,2,2,4,1,4
2017077245974,2,5,0,16,0,1,0,0,0,0,1,1,6,1,36,7,675,1,5,10,1,10
2017077246124,1,20,0,18,0,0,0,0,0,0,1,1,1,1,47,8,4485,2,-1,-1,-1,-1
2017077246124,2,9,0,4,0,0,0,0,0,0,2,1,6,1,41,7,1587,1,13,-1,1,-1
2017077246124,3,9,0,4,0,0,0,0,0,0,2,1,2,2,50,8,1596,1,14,1,1,1
2017077246251,1,21,1,18,0,0,0,0,0,0,1,1,1,1,47,8,12809,2,-1,6,2,6
2017077246251,2,9,0,4,0,0,0,0,0,0,2,1,6,2,46,8,1595,1,5,-1,1,-1
2017077246251,3,9,0,4,0,0,0,0,0,0,2,1,6,2,33,6,998,1,1,8,2,8
2017077246354,1,1,0,12,0,4,0,0,0,0,3,1,6,1,53,8,-1,-1,-1,8,2,8
2017077246354,2,9,0,5,0,4,0,0,0,0,1,1,1,1,59,9,-1,-1,-1,4,2,4
2017077246447,1,9,0,4,0,0,0,0,0,0,1,1,6,1,-1,-1,1390,1,13,8,1,8
2017077246447,2,9,0,4,0,0,0,0,0,0,2,1,6,2,37,7,2231,2,4,8,3,8
2017077246508,1,9,0,9,0,6,0,0,0,0,1,1,2,2,29,6,1598,2,5,2,1,2
2017077246508,2,9,0,3,0,2,0,0,0,0,2,1,6,1,32,6,-1,-1,-1,2,1,2
2017077246649,1,9,0,18,0,8,0,0,0,0,1,1,2,2,54,8,1560,2,-1,8,1,8
2017077246649,2,9,0,5,0,8,0,0,0,0,4,1,2,1,39,7,1998,2,11,3,2,3
2017077246754,1,9,0,18,0,0,0,4,1,4,1,1,6,2,17,4,1197,1,1,8,2,8
2017077246754,2,19,0,2,0,0,0,0,7,11,2,1,6,3,-1,-1,-1,-1,-1,8,3,8
2017077246993,1,9,0,3,0,1,0,0,0,0,1,1,2,1,28,6,1242,1,12,3,1,3
2017077246993,2,9,0,10,0,5,0,0,0,0,2,1,6,1,70,10,-1,-1,-1,7,1,7
2017077246993,3,9,0,3,0,1,0,0,0,0,1,1,2,1,58,9,1968,2,8,3,1,3
2017077246993,4,9,0,3,0,1,0,0,0,0,1,1,2,1,36,7,1596,1,12,4,1,4
2017077247242,1,5,0,12,0,7,0,0,0,0,1,1,6,1,61,9,-1,-1,-1,-1,-1,-1
2017077247242,2,9,0,12,0,7,0,0,0,0,2,1,6,1,64,9,1968,2,2,7,1,7
2017077247287,1,9,0,9,0,6,0,0,0,0,3,1,6,1,60,9,4367,2,6,7,3,7
2017077247287,2,9,0,18,0,8,0,0,0,0,1,1,6,1,55,8,1956,2,3,5,1,5
2017077247350,1,9,0,7,0,6,0,0,0,0,3,1,6,1,86,11,1686,2,4,8,1,8
2017077247350,2,9,0,18,0,8,0,10,0,0,4,1,6,1,78,11,1149,1,16,6,1,6
2017077247810,1,9,0,18,0,1,0,0,0,0,1,1,6,2,-1,-1,-1,-1,-1,-1,-1,-1
2017077248609,1,9,0,4,0,0,0,0,0,0,1,1,6,3,-1,-1,-1,-1,-1,-1,-1,-1
2017077248609,2,9,0,4,0,0,0,0,0,0,2,1,6,2,64,9,1591,1,3,8,1,8
2017077248836,1,3,0,18,0,1,0,10,1,0,4,1,1,2,19,4,125,1,-1,1,1,1
2017077248959,1,9,0,17,0,2,0,0,0,0,1,1,6,1,28,6,1587,1,11,2,1,2
2017077248959,2,9,0,17,0,1,0,0,0,0,0,1,1,1,36,7,1582,2,4,4,1,4
2017077248959,3,9,0,2,0,1,0,4,7,0,1,1,6,1,44,7,1560,2,5,6,1,6
2017077248959,4,9,0,2,0,1,0,4,0,0,2,1,6,3,51,8,1685,2,3,6,1,6
2017077249071,1,21,1,18,0,0,0,0,0,0,1,1,1,1,47,8,12740,2,3,6,1,6
2017077249071,2,19,0,4,0,0,0,0,0,0,2,1,1,1,21,5,2198,2,1,9,2,9
2017077249443,1,9,0,18,0,0,0,0,0,0,1,1,6,2,25,5,1229,1,3,2,1,2
2017077249443,2,9,0,3,0,0,0,0,0,0,2,1,6,2,53,8,1596,1,11,2,1,2
2017077249918,1,9,0,3,0,4,0,0,0,0,1,1,1,1,27,6,2967,2,3,2,1,2
2017077249918,2,9,0,3,0,4,0,0,0,0,2,1,1,2,28,6,1242,1,4,3,1,3
2017077250027,1,9,0,18,0,1,0,0,0,0,1,1,6,1,27,6,1598,1,8,1,1,1
2017077250027,2,9,0,3,0,8,0,0,0,0,2,1,6,1,29,6,2998,1,-1,5,1,5
2017077250236,1,19,0,16,0,2,2,0,0,0,1,1,6,1,26,6,1995,2,4,9,2,9
2017077250236,2,9,0,18,0,1,0,0,0,0,3,1,6,2,64,9,1242,1,7,9,2,9
2017077250236,3,9,0,18,0,1,0,0,0,0,3,1,6,1,62,9,1796,1,5,8,1,8
2017077250236,4,9,0,18,0,1,0,0,0,0,3,1,6,2,53,8,1461,2,1,9,3,9
2017077250236,5,9,0,18,0,1,0,0,0,0,3,1,6,2,52,8,2953,2,12,6,1,6
2017077250236,6,9,0,18,0,1,0,0,0,0,3,1,6,1,62,9,1598,2,4,8,3,8
2017077250519,1,8,0,6,6,0,0,0,0,0,3,1,1,1,50,8,2402,2,13,2,1,2
2017077250519,2,9,0,18,6,0,0,0,0,0,1,1,1,1,56,9,1596,1,3,1,1,1
2017077250734,1,9,0,18,0,0,0,0,0,0,1,1,6,1,26,6,1956,2,6,10,1,10
2017077250734,2,19,0,4,0,0,0,0,0,0,2,1,6,1,25,5,1968,2,2,1,1,1
2017077250868,1,3,0,15,0,8,1,0,0,0,0,1,6,1,22,5,125,1,1,2,1,2
2017077250868,2,9,0,9,0,8,0,0,0,0,0,1,6,2,-1,-1,-1,-1,-1,-1,-1,-1
2017077250913,1,9,0,7,0,3,0,0,0,0,0,1,6,2,61,9,1598,2,1,2,1,2
2017077250913,2,4,0,7,0,3,0,10,0,0,1,1,6,1,51,8,649,1,10,2,1,2
2017077251055,1,9,0,18,0,4,0,0,0,0,1,1,6,3,-1,-1,-1,-1,-1,-1,-1,-1
2017077251055,2,9,0,18,0,8,0,0,0,0,4,1,6,1,51,8,1997,2,-1,4,1,4
2017077251071,1,19,0,16,0,2,0,0,0,0,4,1,6,3,-1,-1,-1,-1,-1,-1,-1,-1
2017077251196,1,3,0,18,0,1,0,0,0,0,1,1,6,1,19,4,-1,-1,-1,8,1,8
2017077251196,2,9,0,18,0,1,0,0,0,0,4,1,2,1,44,7,1362,1,5,10,2,10
2017077251418,1,9,0,18,0,0,0,0,0,0,4,1,2,2,19,4,1229,1,8,4,1,4
2017077251418,2,1,0,18,0,0,0,0,0,0,3,1,6,1,14,3,-1,-1,-1,3,1,3
2017077252133,1,9,0,11,0,8,0,0,0,0,0,1,6,1,-1,-1,1598,2,-1,-1,-1,-1
2017077252133,2,9,0,17,0,8,0,0,0,0,0,1,6,1,-1,-1,1200,1,1,10,1,10
2017077252254,1,9,0,5,0,1,0,0,0,0,4,1,6,1,29,6,1995,2,3,8,1,8
2017077252429,1,9,0,5,0,0,0,0,0,0,4,1,6,2,29,6,1896,2,8,10,1,10
2017077252429,2,1,0,18,0,0,0,0,0,0,2,1,6,1,13,3,-1,-1,-1,10,1,10
2017077252780,1,9,0,13,0,1,0,0,0,0,3,1,6,2,21,5,1390,1,16,7,3,7
2017077252780,2,9,0,18,0,1,0,0,1,0,3,1,1,1,64,9,1995,2,14,3,1,3
2017077252809,1,9,0,9,0,8,0,0,0,0,3,1,2,1,52,8,1242,1,13,6,1,6
2017077252809,2,9,0,18,0,8,0,0,0,0,3,1,2,1,20,4,1598,2,4,6,1,6
2017077252843,1,9,0,11,0,0,0,2,0,0,1,1,2,1,46,8,-1,-1,-1,-1,3,-1
2017077252843,2,9,0,18,0,0,0,0,0,0,4,1,2,1,34,6,1753,2,9,4,1,4
2017077252971,1,9,0,5,0,6,0,0,0,0,1,1,6,1,47,8,1796,1,12,8,1,8
2017077252971,2,9,0,18,0,8,5,0,0,0,4,1,1,1,68,10,1560,2,11,1,1,1
2017077253355,1,1,0,18,0,8,0,0,0,0,1,1,6,1,12,3,-1,-1,-1,9,1,9
2017077253355,2,9,0,9,0,8,0,0,0,0,1,1,6,2,21,5,-1,-1,-1,-1,-1,-1
2017077253408,1,5,0,17,0,8,0,0,0,0,4,1,6,1,27,6,1202,1,1,5,3,5
2017077253408,2,9,0,17,0,8,0,0,0,0,3,1,2,2,44,7,1968,2,3,5,1,5
2017077253497,1,9,0,7,0,6,0,0,0,0,3,1,2,2,65,9,998,1,5,6,1,6
2017077253497,2,9,0,18,0,8,0,0,0,0,4,1,2,2,52,8,1242,1,6,8,1,8
2017077253499,1,9,0,18,0,1,0,0,0,0,1,1,6,1,52,8,-1,-1,-1,2,1,2
2017077253499,2,9,0,3,0,1,0,0,0,0,2,1,6,1,48,8,-1,-1,-1,1,1,1
2017077253519,1,22,0,5,9,2,0,0,0,0,1,1,6,2,41,7,-1,-1,-1,3,2,3
2017077253647,1,1,0,9,0,1,1,0,0,0,1,1,6,1,40,7,-1,-1,-1,9,3,9
2017077253647,2,9,0,16,0,1,0,0,0,0,3,1,6,1,60,9,2231,2,11,10,1,10
2017077254000,1,21,1,17,0,0,5,0,1,1,4,1,1,1,46,8,12419,2,2,4,1,4
2017077254176,1,19,0,1,9,2,0,0,0,0,2,1,1,1,39,7,2198,2,2,1,1,1
2017077254188,1,21,0,18,0,0,0,0,0,0,4,1,1,3,-1,-1,-1,-1,-1,-1,-1,-1
2017077254188,2,1,0,18,0,0,0,0,0,0,3,1,6,2,61,9,-1,-1,-1,5,3,5
2017077254336,1,9,0,18,0,0,0,0,0,0,1,1,6,1,76,11,1956,2,2,8,1,8
2017077254336,2,9,0,4,0,0,0,0,4,2,2,1,1,1,31,6,1248,2,10,1,1,1
2017077254336,3,9,0,4,0,0,0,0,0,0,2,1,6,2,50,8,1598,2,2,6,1,6
2017077254370,1,9,0,9,0,6,0,0,0,0,1,1,6,2,57,9,1968,2,6,5,1,5
2017077254370,2,11,0,18,0,8,0,0,0,0,3,1,1,1,25,5,4500,2,5,1,1,1
2017077254372,1,4,0,16,0,1,1,0,0,0,0,1,6,1,19,4,498,1,17,2,1,2
2017077254445,1,9,0,18,0,0,0,0,0,0,3,1,2,2,24,5,1242,1,11,2,1,2
2017077254453,1,19,0,9,0,6,1,0,0,0,1,1,1,1,38,7,2179,2,13,1,1,1
2017077254453,2,19,0,18,0,8,1,0,0,0,1,1,1,2,33,6,-1,-1,-1,1,1,1
2017077254529,1,9,0,16,0,0,0,0,8,11,3,1,6,1,83,11,1242,1,-1,10,1,10
2017077254614,1,2,0,15,0,2,0,0,0,0,4,1,2,1,16,4,125,1,4,-1,-1,-1
2017077254614,2,9,0,9,0,2,0,0,0,0,3,1,6,1,52,8,1396,1,6,2,1,2
2017077254678,1,9,0,9,0,5,0,0,0,0,1,1,2,1,46,8,1968,2,11,3,1,3
2017077254678,2,4,0,18,0,1,0,0,0,0,1,1,2,1,44,7,249,1,16,7,1,7
2017077254884,1,9,0,18,0,8,0,0,7,11,1,1,6,2,32,6,1798,1,5,8,3,8
2017077254884,2,9,0,5,0,8,0,0,7,11,3,1,1,2,50,8,1390,1,2,4,1,4
2017077255129,1,9,0,5,0,4,0,0,0,0,1,1,2,1,29,6,1461,2,4,4,1,4
2017077255129,2,1,0,18,0,8,0,0,0,0,2,1,2,1,52,8,-1,-1,-1,5,1,5
2017077255387,1,3,0,16,0,0,1,0,0,0,1,1,1,1,18,4,124,1,12,9,1,9
2017077255387,2,19,0,18,0,0,0,0,0,0,1,1,1,1,-1,-1,2143,2,6,4,1,4
2017077255611,1,19,0,4,0,0,0,0,0,0,1,1,2,1,36,7,1248,2,1,7,1,7
2017077255611,2,19,0,4,0,0,0,0,0,0,2,1,2,1,19,4,2198,2,2,9,1,9
2017077255816,1,9,0,4,0,0,0,0,0,0,1,1,6,2,39,7,1229,1,5,8,1,8
2017077255816,2,9,0,3,0,0,0,0,0,0,2,1,6,1,48,8,1598,2,4,-1,-1,-1
2017077256762,1,9,0,9,0,1,0,0,0,0,3,1,6,2,30,6,996,1,8,7,2,7
2017077256762,2,5,0,13,0,1,0,0,0,0,3,1,6,1,38,7,1170,1,-1,5,1,5
2017077256885,1,9,0,16,0,1,0,0,0,0,3,1,1,2,23,5,1240,1,9,9,1,9
2017077256885,2,20,1,12,0,1,0,0,0,0,4,1,2,1,-1,-1,12740,2,1,-1,-1,-1
2017077256934,1,19,0,18,0,0,0,0,0,0,4,1,6,1,-1,-1,-1,-1,-1,-1,-1,-1
2017077257251,1,9,0,9,0,8,0,0,0,0,3,1,6,2,23,5,1995,2,11,6,1,6
2017077257251,2,5,0,13,0,8,0,0,0,0,1,1,6,1,69,10,1170,1,8,7,3,7
2017077257434,1,9,0,9,0,6,0,0,0,0,3,1,2,1,51,8,1984,2,6,3,1,3
2017077257434,2,19,0,18,0,1,0,0,1,11,1,1,2,1,25,5,1598,2,3,8,1,8
2017077257440,1,9,0,18,8,6,1,0,1,4,1,1,2,1,31,6,1596,1,12,1,1,1
2017077257774,1,5,0,16,0,0,0,0,0,0,4,1,6,1,52,8,-1,-1,-1,8,3,8
2017077257774,2,9,0,17,0,0,0,0,0,0,3,1,6,2,28,6,1229,1,2,8,3,8
2017077257786,1,9,0,5,0,2,0,0,0,0,1,1,6,2,22,5,1388,1,13,8,2,8
2017077257786,2,9,0,4,0,2,0,0,0,0,2,1,6,2,-1,-1,1246,1,11,8,2,8
2017077257871,1,9,0,18,0,0,0,0,0,0,1,1,6,2,44,7,1560,2,6,4,1,4
2017077257884,1,9,0,5,0,8,0,0,0,0,1,1,6,2,85,11,1591,1,6,4,1,4
2017077257884,2,3,0,18,0,8,0,0,0,0,1,1,6,1,29,6,124,1,18,1,1,1
2017077258193,1,9,0,9,0,2,0,0,0,0,3,1,6,2,52,8,1198,1,2,7,1,7
2017077258193,2,4,0,18,0,1,0,0,0,0,3,1,2,1,61,9,124,1,4,5,1,5
2017077258411,1,9,0,18,0,0,0,0,0,0,0,1,6,1,61,9,1229,1,9,6,2,6
2017077258411,2,1,0,18,0,0,0,0,0,0,0,1,6,1,16,4,-1,-1,-1,6,3,6
2017077259189,1,9,0,18,0,6,0,0,1,1,1,1,6,1,20,4,1242,1,6,7,1,7
2017077259189,2,9,0,18,0,8,0,0,0,0,1,1,6,2,32,6,4999,1,9,4,1,4
2017077259189,3,9,0,18,0,8,0,0,0,0,1,1,6,1,53,8,1598,1,12,10,1,10
2017077259746,1,8,0,18,0,0,0,0,0,0,4,1,1,1,52,8,1998,2,7,6,1,6
2017077259817,1,9,0,18,0,0,5,0,1,11,1,1,6,1,53,8,1596,1,15,1,1,1
2017077259858,1,9,0,9,0,8,0,0,0,0,1,1,2,2,22,5,1422,2,8,4,1,4
2017077259858,2,9,0,5,0,8,0,0,0,0,3,1,2,1,61,9,1796,1,15,2,1,2
2017077260061,1,9,0,18,0,1,0,0,0,0,1,1,6,2,-1,-1,2993,2,11,9,3,9
2017077260061,2,9,0,10,0,1,0,0,0,0,2,1,6,2,57,9,1998,1,-1,10,1,10
2017077260071,1,9,4,4,0,0,0,0,0,0,1,1,6,1,66,10,2953,2,14,1,1,1
2017077260071,2,9,0,4,0,0,0,0,0,0,2,1,6,1,60,9,1560,2,3,9,1,9
2017077260113,1,3,0,17,0,0,0,0,1,10,4,1,6,1,28,6,125,1,7,2,1,2
2017077260401,1,9,0,18,0,0,0,0,0,0,1,1,6,1,35,6,1598,1,10,6,1,6
2017077260401,2,9,0,4,0,0,0,0,0,0,2,1,6,2,19,4,1299,1,13,9,1,9
2017077260410,1,9,0,9,0,1,0,0,0,0,3,1,6,1,21,5,1242,1,14,1,1,1
2017077260410,2,9,0,17,0,8,0,0,0,0,1,1,2,1,59,9,1586,1,1,8,1,8
2017077260912,1,9,0,18,0,0,0,0,0,0,1,1,1,2,25,5,1390,1,3,10,1,10
2017077260912,2,1,0,18,0,0,0,0,0,0,1,1,1,1,27,6,-1,-1,-1,6,1,6
2017077261052,1,21,1,17,0,0,5,0,1,1,4,1,1,1,62,9,12809,2,3,-1,-1,-1
2017077261172,1,9,0,18,0,0,0,0,0,7,1,1,6,1,47,8,4664,1,18,1,1,1
2017077261178,1,19,0,1,0,1,0,0,0,0,2,1,1,1,30,6,2143,2,1,5,1,5
2017077261178,2,9,0,2,0,1,0,0,0,0,1,1,6,1,22,5,2495,2,21,4,1,4
2017077261444,1,9,0,6,0,0,0,0,0,0,1,1,6,1,75,10,1461,2,3,7,1,7
2017077261444,2,90,0,18,0,0,0,0,0,0,4,1,1,1,35,6,-1,-1,-1,9,1,9
2017077261768,1,9,0,1,0,8,0,0,0,0,2,1,6,1,45,7,1560,2,-1,10,1,10
2017077261768,2,9,0,2,0,8,0,0,0,0,2,1,6,1,32,6,1339,1,13,5,1,5
2017077262278,1,4,0,4,0,4,2,0,0,0,0,1,6,1,30,6,125,1,1,1,1,1
2017077262278,2,9,0,4,0,4,0,0,0,0,0,1,6,1,27,6,1582,2,8,2,1,2
2017077262323,1,9,0,17,0,8,5,0,1,4,1,1,6,1,22,5,1596,1,5,9,2,9
2017077262336,1,3,0,9,0,1,0,0,0,0,1,1,1,1,18,4,125,1,4,8,1,8
2017077262336,2,9,0,4,0,1,0,0,0,0,3,1,6,1,68,10,1388,1,14,3,1,3
2017077262630,1,9,0,9,0,6,0,0,0,0,1,1,6,2,24,5,1995,2,5,6,1,6
2017077262630,2,9,0,18,0,1,0,0,0,0,4,1,6,1,54,8,1560,2,6,8,3,8
2017077262921,1,3,0,18,0,0,5,10,0,0,1,1,6,1,43,7,123,1,1,1,1,1
2017077263140,1,19,0,7,0,1,2,0,0,0,0,1,1,1,36,7,1298,1,13,2,1,2
2017077263140,2,9,0,18,0,1,1,2,0,1,4,1,1,1,28,6,2521,1,7,8,2,8
2017077263386,1,21,1,11,0,0,0,0,0,0,1,1,1,1,55,8,12900,2,5,9,1,9
2017077263386,2,9,0,18,0,0,0,0,0,0,3,1,6,2,37,7,1968,2,5,9,1,9
2017077264210,1,9,0,9,0,8,0,0,0,0,0,1,6,3,-1,-1,-1,-1,-1,-1,-1,-1
2017077264210,2,3,0,18,0,1,1,0,0,0,3,1,6,1,27,6,124,1,1,2,1,2
2017077264443,1,21,1,18,0,0,0,0,0,0,3,2,1,1,56,9,-1,-1,-1,-1,-1,-1
2017077264443,2,9,0,18,0,0,0,0,0,0,4,1,2,2,35,6,1686,2,12,7,1,7
2017077264478,1,9,0,18,0,1,0,0,0,0,1,1,2,1,46,8,1997,2,3,5,1,5
2017077264478,2,9,0,10,0,1,0,0,0,0,2,1,2,2,23,5,1798,2,2,5,1,5
2017077264512,1,9,0,16,0,0,5,0,0,0,1,1,6,1,28,6,1997,2,14,3,1,3
2017077264978,1,3,0,18,0,0,1,0,0,0,0,1,6,1,24,5,125,1,7,2,1,2
2017077264978,2,1,0,2,0,0,0,0,0,0,0,1,6,1,19,4,-1,-1,-1,5,1,5
2017077264987,1,9,0,18,0,1,0,0,0,0,1,1,6,2,20,4,1197,1,3,-1,-1,-1
2017077264987,2,9,0,10,0,1,0,0,0,0,2,1,6,2,35,6,1596,1,7,5,3,5
2017077265057,1,9,0,7,0,6,0,0,0,0,1,1,6,2,-1,-1,1461,2,-1,-1,-1,-1
2017077265231,1,9,0,2,0,1,0,0,0,0,1,1,1,1,33,6,998,1,17,2,1,2
2017077265231,2,1,0,18,0,1,0,0,0,0,3,1,6,1,74,10,-1,-1,-1,2,1,2
2017077265301,1,9,0,6,0,2,0,0,0,0,1,2,6,1,41,7,1995,2,6,6,2,6
2017077265301,2,9,0,18,0,2,0,0,0,0,3,2,6,1,51,8,-1,-1,-1,1,1,1
2017077265628,1,9,0,5,0,6,0,0,0,0,1,1,1,2,27,6,1995,2,6,8,1,8
2017077265628,2,1,0,18,0,8,0,0,0,0,1,1,1,1,60,9,-1,-1,-1,3,1,3
2017077265707,1,19,0,11,0,3,0,0,0,0,1,1,1,1,65,9,2143,2,4,3,1,3
2017077265707,2,19,0,17,0,3,0,0,0,0,3,1,1,1,31,6,-1,-1,-1,3,1,3
2017077265707,3,9,0,17,0,3,0,0,0,0,3,1,6,1,71,10,1686,2,12,9,1,9
2017077265787,1,9,0,5,0,4,0,0,0,0,4,1,6,2,29,6,1598,1,4,10,2,10
2017077265787,2,8,0,18,0,8,0,0,0,0,1,1,1,1,45,7,1461,2,2,2,1,2
2017077265974,1,3,0,16,0,1,1,0,0,0,1,1,2,1,35,6,125,1,2,1,1,1
2017077265974,2,11,0,17,0,2,0,0,0,0,1,1,1,1,61,9,4250,2,5,4,1,4
2017077266051,1,9,0,18,0,0,1,0,0,0,1,1,6,2,22,5,1242,1,9,9,2,9
2017077266051,2,19,0,18,0,0,0,0,0,0,2,1,1,1,54,8,2143,2,2,2,1,2
2017077266160,1,19,0,5,0,6,0,0,0,0,4,1,1,1,19,4,2198,2,11,2,1,2
2017077266160,2,9,0,16,0,1,0,0,0,0,1,1,6,2,69,10,1584,1,14,5,1,5
2017077266175,1,9,0,5,0,6,0,0,0,0,1,1,2,1,55,8,1956,2,4,8,1,8
2017077266175,2,19,0,18,0,8,0,0,0,0,1,1,1,1,47,8,2198,2,7,5,1,5
2017077266175,3,9,0,18,0,8,0,0,0,0,1,1,6,1,24,5,1956,2,4,10,1,10
2017077266432,1,9,0,18,0,0,0,0,0,0,1,1,6,1,36,7,1596,1,11,2,1,2
2017077266432,2,9,0,3,0,0,0,0,0,0,2,1,6,2,26,6,1596,1,17,9,1,9
2017077266432,3,9,0,3,0,0,0,0,0,0,2,1,6,1,56,9,1364,1,11,8,1,8
2017077267171,1,9,0,9,0,8,0,0,0,0,4,1,6,1,81,11,1150,1,10,8,1,8
2017077267171,2,9,0,18,0,1,0,0,0,0,1,1,6,2,48,8,998,1,3,8,1,8
2017077267200,1,9,0,17,0,0,0,0,0,0,1,1,6,1,29,6,-1,-1,-1,10,1,10
2017077267200,2,9,0,16,0,0,0,0,1,10,1,1,6,2,74,10,1596,1,2,1,1,1
2017077267333,1,4,0,14,0,1,0,10,0,0,4,1,6,1,19,4,125,1,2,7,3,7
2017077267382,1,9,0,18,0,0,0,0,0,0,1,1,6,1,63,9,1364,2,12,10,1,10
2017077267382,2,9,0,18,0,0,0,0,0,0,1,1,6,2,82,11,1329,1,5,-1,3,-1
2017077268120,1,9,0,18,0,0,0,0,5,6,2,1,6,2,63,9,1149,1,12,8,1,8
2017077268272,1,2,0,15,0,1,5,0,0,0,1,1,6,1,20,4,125,1,1,1,1,1
2017077268272,2,9,0,4,0,1,0,0,0,0,4,1,6,1,32,6,1242,1,1,5,1,5
2017077268277,1,5,0,16,0,0,1,0,0,0,1,1,6,1,48,8,1043,1,4,3,1,3
2017077268277,2,8,0,17,0,0,0,0,0,0,1,1,6,2,63,9,1490,1,8,7,3,7
2017077268277,3,5,0,16,0,0,0,0,1,0,3,1,6,1,48,8,600,1,15,7,1,7
2017077268381,1,19,0,18,0,0,0,0,0,0,4,1,6,3,-1,-1,-1,-1,-1,-1,-1,-1
2017077268418,1,9,0,4,0,1,0,0,0,0,2,1,6,1,29,6,1560,2,13,5,1,5
2017077268418,2,9,0,18,0,1,0,0,0,0,1,1,6,1,35,6,1399,2,14,2,1,2
2017077269212,1,9,0,9,0,8,0,0,0,0,4,1,1,1,59,9,2996,1,10,4,1,4
2017077269212,2,4,0,18,0,8,0,0,0,0,1,1,6,1,19,4,471,1,2,1,1,1
2017077269258,1,9,0,5,0,1,0,0,0,0,1,1,6,3,-1,-1,-1,-1,-1,-1,-1,-1
2017077269258,2,1,0,4,0,8,0,0,0,0,1,1,6,2,14,3,-1,-1,-1,4,2,4
2017077269544,1,1,0,18,4,6,0,0,1,0,1,1,6,2,62,9,-1,-1,-1,9,2,9