Accident_Index,Vehicle_Reference,Vehicle_Type,Towing_and_Articulation,Vehicle_Manoeuvre,Vehicle_Location-Restricted_Lane,Junction_Location,Skidding_and_Overturning,Hit_Object_in_Carriageway,Vehicle_Leaving_Carriageway,Hit_Object_off_Carriageway,1st_Point_of_Impact,Was_Vehicle_Left_Hand_Drive?,Journey_Purpose_of_Driver,Sex_of_Driver,Age_of_Driver,Age_Band_of_Driver,Engine_Capacity_(CC),Propulsion_Code,Age_of_Vehicle,Driver_IMD_Decile,Driver_Home_Area_Type,Vehicle_IMD_Decile
2017077297576,2,9,0,4,0,0,0,0,0,0,2,1,3,2,48,8,1781,1,11,10,3,10
2017077297687,1,9,0,18,0,2,0,0,0,0,4,1,6,1,24,5,1596,1,14,3,1,3
2017077297704,1,9,0,5,0,1,0,0,0,0,1,1,6,2,31,6,1299,1,16,2,1,2
2017077298180,1,19,0,18,0,0,1,0,0,0,1,1,3,1,37,7,1998,2,13,2,1,2
2017077298180,2,9,0,3,0,0,0,0,7,0,2,1,2,2,25,5,1461,2,-1,6,1,6
2017077298180,3,9,0,18,9,0,1,0,2,2,1,1,2,2,39,7,1995,2,5,1,1,1
2017077298182,1,21,1,4,0,0,1,0,1,0,1,1,1,2,44,7,12900,2,5,4,1,4
2017077298182,2,21,0,4,0,0,0,0,0,0,2,1,1,1,49,8,9290,2,4,6,1,6
2017077298345,1,9,0,18,0,2,0,0,0,0,1,1,6,2,59,9,1242,1,5,5,1,5
2017077298345,2,9,0,18,0,2,0,0,0,0,2,1,6,1,40,7,1560,2,9,8,1,8
2017077298387,1,9,0,9,0,1,0,0,0,0,1,1,6,2,57,9,1396,1,1,10,1,10
2017077298387,2,9,0,18,0,1,0,0,0,0,1,1,6,1,33,6,1399,2,11,5,1,5
2017077298419,1,9,0,9,0,5,0,0,0,0,4,1,6,1,50,8,1679,1,15,-1,3,-1
2017077298419,2,9,0,18,0,1,0,0,0,0,1,1,6,1,78,11,1998,2,11,1,1,1
2017077298434,1,21,1,4,0,8,0,0,0,0,1,1,1,1,60,9,-1,-1,-1,2,1,2
2017077298434,2,9,0,3,0,8,0,0,0,0,2,1,2,1,61,9,1461,2,1,7,3,7
2017077298506,1,9,0,18,0,0,0,0,0,0,4,1,6,1,55,8,1956,2,6,8,3,8
2017077298506,2,9,0,13,0,0,0,0,0,0,3,1,6,1,26,6,1595,1,5,9,1,9
2017077298643,1,5,0,9,0,1,0,0,0,0,0,1,6,1,55,8,1157,1,12,9,3,9
2017077298839,1,9,0,18,0,0,0,0,0,0,4,1,1,1,43,7,1998,1,11,9,1,9
2017077298988,1,9,0,4,0,3,0,0,0,0,0,1,6,2,35,6,998,1,2,1,1,1
2017077298988,2,4,0,4,0,3,0,0,0,0,0,1,1,1,18,4,125,1,1,1,1,1
2017077299300,1,9,0,18,0,0,0,0,0,0,1,1,2,2,20,4,1398,1,-1,8,1,8
2017077299352,1,8,0,16,0,0,0,4,7,10,1,1,1,1,55,8,1896,2,12,1,1,1
2017077299555,1,9,0,6,0,8,0,0,0,0,1,1,6,2,37,7,1995,2,5,5,1,5
2017077299555,2,9,0,7,0,6,0,10,0,0,1,1,6,1,33,6,1783,1,18,9,1,9
2017077299556,1,9,0,18,0,1,0,0,0,0,4,1,6,2,60,9,1242,1,6,1,1,1
2017077299974,1,9,0,3,0,1,0,0,0,0,1,2,6,1,47,8,1686,2,3,4,1,4
2017077299974,2,1,0,18,0,1,5,0,0,0,2,1,2,1,40,7,-1,-1,-1,6,1,6
2017077300023,1,19,0,4,0,0,0,0,0,0,1,1,6,1,-1,-1,2198,2,5,-1,-1,-1
2017077300023,2,9,0,4,0,0,0,0,0,0,2,1,6,1,23,5,1560,2,3,-1,-1,-1
2017077300023,3,9,0,4,0,0,0,0,0,0,2,1,2,1,-1,-1,1984,1,8,-1,-1,-1
2017077300031,1,9,0,18,0,0,0,0,0,0,1,1,6,1,29,6,1998,1,15,9,3,9
2017077300031,2,9,0,18,0,0,0,0,0,0,1,1,6,2,36,7,998,1,2,2,1,2
2017077300315,1,9,0,18,0,0,0,0,0,0,1,1,6,1,22,5,1995,2,10,8,1,8
2017077300315,2,9,0,18,0,0,0,0,0,0,2,1,6,1,24,5,1496,1,2,4,1,4
2017077300681,1,9,0,18,0,2,0,0,0,0,0,1,6,3,-1,-1,-1,-1,-1,-1,-1,-1
2017077300681,2,1,0,18,0,2,0,0,1,0,0,1,6,1,38,7,-1,-1,-1,10,1,10
2017077300753,1,9,0,3,0,0,0,0,0,0,2,1,6,1,30,6,1995,2,12,1,1,1
2017077300753,2,9,0,18,0,0,0,0,0,0,1,1,6,1,49,8,1398,1,17,2,1,2
2017077300753,3,9,0,4,0,0,0,0,0,0,1,1,6,1,19,4,1242,1,2,6,1,6
2017077300848,1,19,0,7,0,2,0,0,0,0,4,1,6,3,-1,-1,-1,-1,-1,-1,-1,-1
2017077300901,1,19,0,18,0,0,0,0,0,0,3,1,1,1,53,8,2287,2,2,2,1,2
2017077300901,2,9,0,18,0,0,0,0,0,0,4,1,6,1,52,8,2143,2,1,1,1,1
2017077300980,1,9,0,9,0,1,1,0,0,11,4,1,6,2,24,5,998,1,10,5,1,5
2017077300980,2,9,0,18,0,1,1,0,0,11,1,1,6,2,50,8,-1,-1,-1,10,3,10
2017077301217,1,9,0,18,0,1,0,0,0,1,1,1,6,2,50,8,1149,1,16,6,1,6
2017077301581,1,9,0,18,0,1,0,0,0,0,1,1,6,1,32,6,1598,2,-1,5,3,5
2017077302291,1,9,0,4,0,0,0,0,0,0,1,2,6,1,49,8,1951,2,15,2,1,2
2017077302853,1,9,0,7,0,4,0,0,0,0,3,1,6,2,28,6,1997,2,2,4,1,4
2017077302853,2,1,0,18,0,4,0,0,0,0,1,1,6,1,49,8,-1,-1,-1,4,1,4
2017077303290,1,9,0,3,0,0,0,0,0,0,3,2,6,2,-1,-1,-1,-1,-1,-1,-1,-1
2017077303396,1,8,0,4,0,0,0,0,0,0,0,1,1,1,-1,-1,-1,-1,-1,-1,-1,-1
2017077303421,1,9,0,3,0,4,0,0,0,0,1,1,6,1,59,9,1461,2,2,8,3,8
2017077303421,2,9,0,3,0,4,0,0,0,0,2,1,1,2,28,6,1242,1,14,4,1,4
2017077303585,1,9,0,7,0,0,0,0,0,0,1,1,6,1,75,10,1590,1,16,9,1,9
2017077303585,2,9,0,18,0,0,0,0,0,0,1,1,6,1,36,7,2987,2,4,-1,1,-1
2017077303627,1,9,0,18,0,4,0,0,0,0,1,1,6,1,33,6,1910,2,13,-1,3,-1
2017077303627,2,9,0,3,0,4,0,0,0,0,2,1,6,1,52,8,1995,2,9,7,1,7
2017077303686,1,9,0,18,0,0,0,0,0,0,1,1,3,2,66,10,1242,1,3,5,1,5
2017077303869,1,9,0,9,0,1,0,0,0,0,4,1,1,1,30,6,1229,1,9,2,1,2
2017077303869,2,1,0,18,0,1,0,0,0,0,1,1,1,1,34,6,-1,-1,-1,10,1,10
2017077303883,1,9,0,16,0,0,0,0,0,0,0,1,2,2,30,6,1896,2,16,8,1,8
2017077303883,2,3,0,16,0,0,0,0,0,0,0,1,2,1,28,6,125,1,3,-1,-1,-1
2017077303913,1,9,0,7,0,2,0,0,2,11,3,2,3,2,33,6,2720,2,11,-1,-1,-1
2017077304056,1,21,1,4,0,0,0,0,0,0,2,1,1,1,60,9,12740,2,7,3,1,3
2017077304056,2,19,0,11,0,0,0,0,0,0,2,1,1,1,30,6,2148,2,8,3,1,3
2017077304056,3,21,1,4,0,0,0,0,0,0,1,1,1,1,39,7,12419,2,-1,1,1,1
2017077304301,1,9,0,4,0,1,0,0,0,0,1,1,6,2,59,9,2706,1,3,10,1,10
2017077304301,2,9,0,9,0,1,0,0,0,0,2,1,6,2,52,8,1598,1,16,6,1,6
2017077304487,1,9,0,5,0,2,0,0,0,0,1,1,6,1,52,8,998,1,12,2,1,2
2017077304487,2,9,0,18,0,8,0,0,0,0,2,1,6,2,25,5,-1,-1,-1,10,1,10
2017077304487,3,8,0,18,0,8,0,0,0,0,1,1,2,1,34,6,1997,2,10,1,1,1
2017077304539,1,9,0,9,0,6,0,0,0,0,1,1,6,1,46,8,1598,1,7,9,1,9
2017077304539,2,3,0,18,0,1,0,0,0,0,4,1,6,1,30,6,125,1,-1,10,2,10
2017077304750,1,9,0,18,0,0,0,4,0,0,1,1,6,3,-1,-1,1997,2,1,-1,-1,-1
2017077304750,2,9,0,2,0,0,0,0,0,0,2,1,6,1,36,7,1997,2,1,-1,-1,-1
2017077305034,1,9,0,4,0,0,0,0,0,0,1,1,1,2,46,8,1587,1,13,5,1,5
2017077305034,2,19,0,4,0,0,0,0,0,0,2,1,6,1,-1,-1,-1,-1,-1,-1,-1,-1
2017077305045,1,9,0,16,0,2,0,0,0,0,1,1,1,2,46,8,-1,-1,-1,7,1,7
2017077305050,1,19,0,11,0,0,0,0,0,0,1,1,1,1,26,6,2402,2,9,8,1,8
2017077305050,2,9,0,18,0,0,0,0,0,0,3,1,6,1,61,9,1398,1,1,1,1,1
2017077305314,1,9,0,7,0,1,0,0,0,0,3,1,6,1,42,7,3226,2,16,4,1,4
2017077305314,2,9,0,18,0,1,0,0,0,0,1,1,6,1,35,6,2967,2,10,3,1,3
2017077305817,1,9,0,4,0,4,0,0,0,0,2,1,6,1,23,5,1798,1,1,9,3,9
2017077305817,2,9,0,4,0,4,1,0,0,0,1,1,2,2,44,7,2183,2,4,-1,1,-1
2017077305851,1,9,0,7,0,1,0,0,0,0,3,1,6,2,45,7,1242,1,13,3,1,3
2017077305851,2,9,0,2,0,1,0,0,0,0,3,1,6,1,58,9,1399,2,12,1,1,1
2017077306175,1,9,0,9,0,1,0,0,0,0,1,1,6,2,63,9,996,1,3,5,1,5
2017077306175,2,1,0,18,0,1,0,0,0,0,3,1,1,1,43,7,-1,-1,-1,4,1,4
2017077306419,1,9,0,4,0,1,0,0,0,0,1,1,6,1,-1,-1,-1,-1,-1,-1,-1,-1
2017077306419,2,19,0,8,0,1,0,0,0,0,2,1,6,1,32,6,1997,2,9,2,1,2
2017077306419,3,9,0,4,0,1,0,0,0,0,2,1,6,1,-1,-1,-1,-1,-1,-1,-1,-1
2017077306548,1,2,0,6,0,0,1,0,0,0,0,1,6,1,60,9,49,1,15,7,1,7
2017077306582,1,9,0,5,0,6,0,0,0,0,1,1,6,2,30,6,1390,1,16,2,1,2
2017077306582,2,11,0,18,0,6,0,0,0,0,1,1,1,1,56,9,3900,2,11,1,1,1
2017077306648,1,9,0,18,0,8,0,0,0,0,3,2,6,1,54,8,3576,2,38,6,3,6
2017077306660,1,9,0,5,9,0,0,0,0,0,3,1,6,1,66,10,2183,2,7,-1,1,-1
2017077306712,1,9,0,9,0,6,0,0,0,0,4,1,2,1,31,6,1399,2,7,9,1,9
2017077306712,2,5,0,18,0,1,0,0,0,0,1,1,2,1,47,8,-1,-1,-1,10,1,10
2017077307445,1,9,0,18,0,4,0,0,0,0,3,1,6,1,33,6,1398,1,-1,10,1,10
2017077307445,2,1,0,18,0,3,0,0,0,0,1,1,6,1,38,7,-1,-1,-1,7,1,7
2017077307536,1,11,0,4,0,0,0,0,0,0,0,1,1,3,-1,-1,-1,-1,-1,-1,-1,-1
2017077307536,2,1,0,18,0,0,0,10,1,0,1,1,1,2,55,8,-1,-1,-1,4,1,4
2017077307996,1,1,0,18,0,1,0,0,0,0,4,1,6,1,9,2,-1,-1,-1,6,3,6
2017077307996,2,9,0,18,0,1,0,0,0,0,1,1,6,1,61,9,2143,2,3,8,1,8
2017077308170,1,9,0,18,0,4,0,10,0,0,3,1,6,1,18,4,1248,2,13,1,1,1
2017077308170,2,9,0,13,0,4,0,0,0,0,4,1,6,1,28,6,1968,2,12,2,1,2
2017077308433,1,9,0,18,0,1,0,0,1,2,1,1,6,2,69,10,1796,1,5,8,1,8
2017077308433,2,9,0,18,0,8,0,0,0,0,4,1,2,1,19,4,998,1,1,-1,1,-1
2017077308882,1,21,1,18,0,0,0,0,0,0,1,1,1,1,33,6,-1,-1,-1,-1,-1,-1
2017077308882,2,9,0,18,0,0,0,0,0,0,2,1,6,1,49,8,1242,1,7,1,1,1
2017077308931,1,1,0,18,0,0,0,0,0,0,1,1,6,1,9,2,-1,-1,-1,2,1,2
2017077308931,2,9,0,18,0,0,0,0,0,0,1,1,6,2,43,7,1997,2,13,2,1,2
2017077309098,1,9,0,4,0,1,0,0,0,0,2,1,6,3,-1,-1,-1,-1,-1,-1,-1,-1
2017077309098,2,9,0,4,0,1,0,0,0,0,1,1,6,2,42,7,1968,2,8,2,1,2
2017077309137,1,9,0,18,0,0,2,10,7,11,1,1,6,1,23,5,1248,1,-1,-1,-1,-1
2017077309137,2,9,0,18,0,0,0,0,0,0,0,1,6,1,55,8,-1,-1,-1,9,3,9
2017077309305,1,9,0,18,0,8,0,0,0,0,1,1,2,1,30,6,1997,1,13,6,1,6
2017077309305,2,9,0,5,0,8,0,0,0,0,3,1,6,2,23,5,1399,2,7,-1,1,-1
2017077309742,1,19,0,18,0,0,0,0,0,0,4,1,1,2,50,8,1995,2,-1,2,1,2
2017077309937,1,9,0,3,0,1,0,0,0,0,2,1,6,2,56,9,1242,1,5,7,3,7
2017077309937,2,9,0,3,0,1,0,0,0,0,2,1,6,1,75,10,2401,2,11,7,1,7
2017077309937,3,9,0,3,0,1,0,0,0,0,1,1,1,1,49,8,998,1,6,9,1,9
2017077309972,1,9,0,5,0,6,0,0,0,0,1,1,6,2,49,8,1560,2,8,4,2,4
2017077309972,2,9,0,9,0,5,0,0,0,0,4,1,6,1,31,6,1364,1,10,7,3,7
2017077309972,3,9,0,7,0,1,0,0,0,0,3,1,6,1,64,9,1360,1,10,3,2,3
2017077310045,1,21,1,17,0,1,0,0,0,0,3,1,1,1,54,8,12777,2,7,2,1,2
2017077310045,2,9,0,16,0,2,0,0,0,0,3,1,6,1,43,7,1198,1,1,5,1,5
2017077310113,1,9,0,18,0,0,0,0,0,0,4,1,3,2,50,8,1360,1,10,10,1,10
2017077310182,1,9,0,5,0,6,0,0,0,0,1,1,2,2,27,6,1108,1,11,7,1,7
2017077310182,2,9,0,18,0,1,0,0,0,0,4,1,2,2,29,6,-1,-1,-1,6,1,6
2017077310226,1,9,0,17,0,0,1,0,0,0,4,1,6,2,55,8,-1,-1,-1,9,3,9
2017077310226,2,9,0,16,0,0,1,0,0,0,3,1,2,1,36,7,-1,-1,-1,6,1,6
2017077310297,1,3,0,9,0,2,0,0,0,0,1,1,6,2,62,9,-1,-1,-1,6,3,6
2017077310297,2,9,0,14,0,1,2,11,7,9,4,1,6,1,53,8,-1,-1,-1,1,1,1
2017077310482,1,9,0,9,0,5,0,0,0,0,2,1,6,3,-1,-1,-1,-1,-1,-1,-1,-1
2017077310482,2,1,0,18,4,8,0,0,0,0,1,1,2,1,20,4,-1,-1,-1,9,1,9
2017077310711,1,9,0,12,0,2,0,0,0,0,3,1,2,1,29,6,1956,2,4,9,1,9
2017077310711,2,9,0,18,0,2,0,0,0,0,4,1,2,2,38,7,1598,2,1,4,1,4
2017077310939,1,9,0,18,0,1,0,0,0,0,1,1,6,2,-1,-1,1229,1,3,8,1,8
2017077310939,2,9,0,3,0,1,0,0,0,0,2,1,6,2,58,9,1390,1,9,10,1,10
2017077311273,1,1,0,18,0,1,0,0,0,0,1,1,6,1,36,7,-1,-1,-1,8,2,8
2017077311273,2,9,0,8,0,1,0,0,0,0,1,1,6,1,-1,-1,1242,1,5,-1,-1,-1
2017077311277,1,9,0,4,0,0,0,0,0,0,1,1,6,1,21,5,1560,2,7,-1,1,-1
2017077311277,2,9,0,4,0,0,0,0,0,0,2,1,2,1,55,8,2987,2,2,9,1,9
2017077311387,1,9,0,18,0,1,0,0,0,0,1,1,6,2,-1,-1,1598,1,16,-1,-1,-1
2017077311387,2,9,0,3,0,1,0,0,0,0,2,1,6,2,60,9,2231,2,10,9,1,9
2017077311517,1,21,0,17,0,0,0,0,0,0,1,1,1,1,50,8,10837,2,2,1,1,1
2017077311517,2,9,0,16,0,0,0,0,1,10,1,1,6,1,53,8,-1,-1,-1,10,1,10
2017077311590,1,9,0,9,0,5,0,0,0,0,1,1,6,1,79,11,1968,2,1,7,3,7
2017077311590,2,9,0,18,0,8,5,0,0,0,1,1,6,2,61,9,998,1,4,9,1,9
2017077311983,1,19,4,13,0,0,0,0,0,0,0,1,6,3,-1,-1,-1,-1,-1,-1,-1,-1
2017077311983,2,1,0,18,0,0,0,0,0,11,3,1,6,2,49,8,-1,-1,-1,-1,-1,-1
2017077312101,1,9,0,4,0,1,0,0,0,0,1,1,6,1,67,10,1599,1,12,4,1,4
2017077312101,2,9,0,4,0,1,0,0,0,0,2,1,6,1,35,6,1995,2,5,6,1,6
2017077312101,3,9,0,18,0,1,0,0,0,0,2,1,2,2,31,6,998,1,11,9,3,9
2017077312101,4,11,0,18,0,2,0,0,0,0,3,1,1,1,54,8,3900,2,11,6,1,6
2017077312169,1,8,0,4,0,1,0,0,0,0,1,1,1,1,33,6,1997,2,3,2,1,2
2017077312169,2,9,0,3,0,1,0,0,0,0,2,1,6,1,65,9,1896,2,13,3,1,3
2017077312324,1,9,0,18,9,2,0,0,1,2,1,1,6,1,84,11,999,1,5,5,1,5
2017077312464,1,9,0,7,0,8,0,0,0,0,1,1,6,2,-1,-1,1798,1,13,7,1,7
2017077312464,2,1,0,18,0,8,0,0,0,0,4,1,6,1,40,7,-1,-1,-1,3,1,3
2017077312934,1,9,0,18,0,0,0,0,0,0,1,1,1,2,46,8,1499,2,2,-1,-1,-1
2017077312934,2,9,0,18,0,0,0,0,0,0,2,1,1,1,39,7,1461,2,7,-1,-1,-1
2017077312934,3,9,0,18,0,0,0,0,0,0,2,1,1,1,36,7,1969,2,-1,7,1,7
2017077312950,1,9,0,5,0,1,0,0,0,0,1,1,6,2,46,8,1248,1,8,8,1,8
2017077312950,2,9,0,18,0,2,0,0,0,0,4,1,6,1,35,6,2487,2,17,2,1,2
2017077313235,1,19,0,18,0,0,0,0,0,0,4,1,6,1,-1,-1,-1,-1,-1,-1,-1,-1
2017077313400,1,9,0,9,0,8,0,0,0,0,1,1,6,2,-1,-1,1686,2,6,8,3,8
2017077313400,2,9,0,18,0,8,0,0,0,0,1,1,6,2,47,8,1796,1,12,9,2,9
2017077313451,1,9,0,5,0,8,0,0,0,0,1,1,6,1,79,11,1796,1,15,7,3,7
2017077313652,1,9,0,18,0,0,0,0,0,0,4,1,6,3,-1,-1,-1,-1,-1,-1,-1,-1
2017077313884,1,19,0,13,0,0,0,10,7,2,1,1,2,1,32,6,1560,2,7,10,1,10
2017077313884,2,9,0,9,0,0,0,0,0,0,3,1,6,2,51,8,1995,2,-1,5,3,5
2017077313920,1,5,0,17,0,0,0,0,1,0,0,1,6,1,51,8,649,1,8,5,1,5
2017077314125,1,9,0,18,0,8,0,0,0,0,0,1,6,1,33,6,1999,1,1,1,1,1
2017077314125,2,3,0,18,0,3,5,0,0,0,1,1,2,1,37,7,124,1,6,1,1,1
2017077314154,1,9,0,3,0,2,0,0,0,0,2,1,2,1,47,8,2354,1,11,-1,2,-1
2017077314154,2,9,0,3,0,2,0,0,0,0,2,1,2,1,23,5,1499,2,2,1,1,1
2017077314154,3,19,0,12,0,2,0,0,0,0,1,1,1,1,47,8,2198,2,6,1,1,1
2017077314247,1,9,0,4,0,0,0,0,0,0,2,1,6,2,63,9,1242,1,14,1,1,1
2017077314247,2,9,0,4,0,0,0,0,0,0,2,1,6,1,56,9,1995,2,7,2,1,2
2017077314247,3,9,0,4,0,0,0,0,0,0,1,1,6,2,20,4,1242,1,1,10,2,10
2017077314260,1,9,0,16,0,7,5,10,0,0,4,1,6,1,17,4,1349,1,5,10,2,10
2017077314286,1,9,0,4,0,1,0,0,0,0,1,1,6,2,64,9,1339,1,5,-1,1,-1
2017077314286,2,9,0,3,0,1,0,0,0,0,2,1,6,2,48,8,1998,1,1,10,1,10
2017077314329,1,9,0,18,0,2,1,0,0,0,1,1,6,2,32,6,973,1,14,3,1,3
2017077314329,2,9,0,18,0,1,0,0,0,0,3,1,6,1,60,9,2993,2,5,6,1,6
2017077314333,1,19,0,1,9,0,0,0,0,0,2,1,1,1,34,6,2402,2,6,2,1,2
2017077314544,1,9,0,18,0,8,0,0,0,0,1,1,6,1,-1,-1,1598,1,14,-1,-1,-1
2017077314544,2,9,0,3,0,8,0,0,0,0,2,1,6,1,33,6,1560,2,7,1,1,1
2017077314606,1,9,0,7,0,5,0,0,0,10,1,1,6,1,49,8,1753,2,9,1,1,1
2017077314831,1,9,0,11,0,4,0,0,0,0,4,1,6,1,20,4,1598,1,8,3,1,3
2017077314831,2,9,0,18,0,4,0,0,0,0,3,1,6,1,28,6,1999,2,-1,8,1,8
2017077315014,1,9,0,18,0,4,0,0,0,0,3,1,6,2,-1,-1,-1,-1,-1,-1,-1,-1
2017077315014,2,1,0,18,0,8,0,0,0,0,4,1,6,2,44,7,-1,-1,-1,5,1,5
2017077315376,1,9,0,16,0,0,0,0,7,4,1,1,6,1,50,8,1248,2,4,4,1,4
2017077315607,1,9,0,6,0,0,0,0,0,0,2,1,1,2,23,5,-1,-1,-1,1,1,1
2017077315607,2,9,0,18,0,0,0,0,0,0,1,1,1,1,28,6,1598,2,9,10,1,10
2017077315835,1,1,0,5,0,1,0,0,0,0,1,1,6,1,16,4,-1,-1,-1,8,2,8
2017077315835,2,9,0,18,0,1,0,0,0,0,4,1,6,2,50,8,1364,1,11,5,1,5
2017077315869,1,9,0,18,0,1,0,0,0,0,4,1,6,1,27,6,1596,1,4,3,1,3
2017077316075,1,19,0,18,0,0,0,0,0,0,4,1,6,3,-1,-1,-1,-1,-1,-1,-1,-1
2017077316075,2,1,0,18,0,0,0,0,0,0,3,1,6,1,66,10,-1,-1,-1,1,1,1
2017077316716,1,5,0,18,0,1,1,0,0,0,4,1,6,1,51,8,641,1,23,2,1,2
2017077316742,1,9,0,17,0,0,5,0,1,10,1,1,2,1,22,5,1999,1,11,-1,-1,-1
2017077316751,1,9,0,17,0,8,1,0,0,0,1,1,2,2,22,5,998,1,12,2,1,2
2017077316751,2,9,0,16,0,8,0,0,0,0,1,1,2,2,52,8,1242,1,3,5,1,5
2017077316876,1,9,0,18,0,0,0,0,4,6,1,1,6,1,79,11,1197,1,-1,-1,1,-1
2017077316876,2,19,0,18,0,0,0,0,0,0,2,1,6,2,49,8,-1,-1,-1,-1,-1,-1
2017077317083,1,9,0,18,0,0,0,0,0,0,1,1,2,2,21,5,1995,2,-1,8,3,8
2017077317083,2,9,0,2,0,0,0,0,0,0,2,1,1,2,21,5,1206,1,4,-1,1,-1
2017077317296,1,9,0,7,0,0,0,0,0,0,1,1,6,1,-1,-1,1598,1,3,-1,-1,-1
2017077317296,2,20,0,2,0,0,0,0,0,0,3,1,6,1,35,6,-1,-1,-1,7,3,7
2017077317592,1,9,0,18,0,1,0,0,0,0,1,1,6,2,54,8,1248,1,5,1,1,1
2017077317592,2,9,0,18,0,1,0,0,0,0,1,1,6,1,39,7,2496,1,13,5,1,5
2017077317629,1,9,0,18,0,0,0,0,0,0,1,1,3,2,33,6,1398,1,4,4,1,4
2017077317881,1,19,0,4,0,2,0,0,0,0,2,1,1,1,23,5,2198,2,3,6,1,6
2017077317881,2,9,0,18,0,2,0,0,0,0,1,1,1,1,62,9,2987,2,7,9,1,9
2017077318247,1,9,0,18,0,0,0,0,0,0,1,1,2,1,26,6,1242,1,7,7,3,7
2017077318247,2,19,0,18,0,0,0,0,0,0,2,1,1,1,47,8,2143,2,1,6,2,6
2017077318457,1,9,0,16,0,1,0,0,1,11,1,1,6,1,18,4,1199,1,15,-1,-1,-1
2017077318734,1,9,0,6,0,2,0,0,0,0,3,1,6,1,-1,-1,-1,-1,-1,-1,-1,-1
2017077318734,2,1,0,18,0,2,0,0,0,0,1,1,4,1,12,3,-1,-1,-1,7,1,7
2017077318803,1,9,0,18,0,8,0,9,1,11,1,1,1,1,52,8,1149,1,16,2,1,2
2017077319265,1,9,0,7,0,1,0,0,0,0,3,1,2,2,26,6,999,1,-1,7,1,7
2017077319265,2,9,0,18,0,1,0,0,7,0,4,1,2,2,25,5,1598,2,5,10,1,10
2017077319452,1,21,0,6,0,0,0,0,0,0,4,1,1,1,25,5,12900,2,9,8,1,8
2017077319452,2,5,0,18,0,0,0,0,0,0,1,1,6,1,66,10,885,1,20,9,3,9
2017077319627,1,9,0,18,0,0,1,0,7,9,1,1,6,2,32,6,1229,1,5,-1,-1,-1
2017077319737,1,9,0,18,0,1,1,0,0,0,1,1,6,1,27,6,1299,1,15,1,1,1
2017077319737,2,9,0,8,0,2,0,0,0,0,2,1,2,1,47,8,2993,2,6,-1,-1,-1
2017077319762,1,9,0,9,0,6,0,0,0,0,1,1,1,1,18,4,-1,-1,-1,1,1,1
2017077319762,2,9,0,18,0,1,0,0,7,0,4,1,1,2,40,7,998,1,18,5,1,5
2017077319762,3,9,0,4,0,8,0,0,0,0,3,1,1,2,43,7,1582,2,8,8,1,8
2017077319762,4,9,0,4,0,8,0,0,0,0,3,1,1,2,52,8,1596,1,7,10,1,10
2017077319762,5,9,0,18,0,8,0,0,0,0,1,1,1,1,37,7,1560,2,11,5,1,5
2017077319779,1,9,0,18,0,8,0,0,0,0,1,1,2,1,18,4,1229,1,12,9,1,9
2017077319779,2,9,0,5,0,1,0,0,0,0,4,1,6,2,71,10,1560,2,3,5,1,5
2017077319779,3,9,0,3,0,1,0,0,0,0,3,1,2,1,62,9,-1,-1,-1,9,1,9
2017077319781,1,9,0,9,0,1,0,0,0,0,4,1,6,1,59,9,-1,-1,-1,6,1,6
2017077319781,2,1,0,18,0,1,0,0,0,0,1,1,6,1,26,6,-1,-1,-1,10,1,10
2017077319965,1,9,0,10,0,1,0,0,0,0,2,1,6,1,54,8,1242,1,1,9,1,9
2017077319965,2,9,0,3,0,1,0,0,0,0,1,1,6,2,47,8,1685,2,2,9,1,9
2017077320048,1,19,0,9,0,1,0,0,0,0,3,1,6,3,-1,-1,-1,-1,-1,-1,-1,-1
2017077320065,1,19,0,18,0,0,0,0,0,0,1,1,1,1,32,6,2143,2,5,-1,-1,-1
2017077320065,2,1,0,18,0,0,0,0,0,0,2,1,6,1,71,10,-1,-1,-1,-1,-1,-1
2017077320610,1,9,0,2,0,0,1,0,0,7,1,1,6,1,66,10,1798,1,3,-1,3,-1
2017077320610,2,9,0,18,0,0,0,0,0,0,1,1,6,1,39,7,1600,2,7,1,1,1
2017077320610,3,9,0,18,0,0,0,0,0,0,1,1,6,1,23,5,1596,1,15,1,1,1
2017077320647,1,9,0,18,0,4,0,0,0,0,4,1,6,1,-1,-1,1896,2,13,-1,-1,-1
2017077320647,2,3,0,18,0,3,0,0,0,0,1,1,1,1,24,5,124,1,10,2,1,2
2017077321265,1,19,0,10,0,1,0,0,0,0,1,1,1,1,33,6,1560,2,6,-1,1,-1
2017077321265,2,9,0,18,0,1,0,0,0,0,1,1,2,2,65,9,1598,2,-1,7,2,7
2017077321265,3,9,0,8,0,1,0,0,0,0,1,1,2,1,48,8,1229,1,6,8,1,8
2017077321395,1,9,0,18,0,0,0,0,8,7,3,1,6,2,79,11,999,1,-1,10,1,10
2017077321395,2,19,0,4,0,0,0,0,0,0,4,1,1,1,26,6,2198,2,3,10,1,10
2017077321395,3,20,0,4,0,0,0,0,0,0,2,1,1,1,43,7,4580,2,6,5,1,5
2017077321481,1,5,0,3,0,4,1,0,0,0,3,1,6,1,30,6,1340,1,7,4,1,4
2017077321534,1,5,0,16,0,0,1,0,0,0,1,1,6,1,33,6,649,1,4,3,1,3