Accident_Index,Vehicle_Reference,Vehicle_Type,Towing_and_Articulation,Vehicle_Manoeuvre,Vehicle_Location-Restricted_Lane,Junction_Location,Skidding_and_Overturning,Hit_Object_in_Carriageway,Vehicle_Leaving_Carriageway,Hit_Object_off_Carriageway,1st_Point_of_Impact,Was_Vehicle_Left_Hand_Drive?,Journey_Purpose_of_Driver,Sex_of_Driver,Age_of_Driver,Age_Band_of_Driver,Engine_Capacity_(CC),Propulsion_Code,Age_of_Vehicle,Driver_IMD_Decile,Driver_Home_Area_Type,Vehicle_IMD_Decile
2017077348904,1,9,0,7,0,4,0,0,0,0,2,1,6,1,43,7,-1,3,1,9,1,9
2017077348904,2,1,0,18,0,4,0,0,0,0,1,1,6,1,52,8,-1,-1,-1,8,1,8
2017077348912,1,9,0,4,0,0,0,0,0,0,2,1,6,1,55,8,2231,2,4,9,1,9
2017077348912,2,9,0,18,0,0,0,0,0,0,1,1,6,2,35,6,2143,2,5,10,1,10
2017077348979,1,9,0,17,9,1,1,10,1,2,1,1,6,1,35,6,1364,1,10,9,1,9
2017077349104,1,9,0,18,0,1,0,0,0,0,1,1,6,1,40,7,2143,2,-1,5,1,5
2017077349104,2,9,0,18,0,8,0,0,0,0,3,1,6,2,61,9,1598,1,7,7,1,7
2017077349125,1,9,0,3,0,0,0,0,0,0,2,1,6,1,31,6,1596,1,8,6,1,6
2017077349125,2,9,0,3,0,0,0,0,0,0,2,1,6,2,25,5,1398,1,1,3,1,3
2017077349125,3,9,0,18,0,0,0,0,0,0,1,1,6,1,19,4,1242,1,5,4,1,4
2017077349134,1,1,0,18,0,8,0,4,0,0,1,1,6,1,14,3,-1,-1,-1,9,1,9
2017077349134,2,9,0,18,0,8,0,0,0,0,1,1,6,2,54,8,1389,1,12,2,1,2
2017077349134,3,9,0,2,0,2,0,0,0,0,2,1,6,3,-1,-1,1364,1,8,-1,-1,-1
2017077349645,1,21,0,9,0,6,0,0,0,0,1,1,1,1,-1,-1,-1,-1,-1,8,1,8
2017077349645,2,1,0,18,0,1,0,0,0,0,4,1,1,1,59,9,-1,-1,-1,4,1,4
2017077350184,1,9,0,2,0,1,0,0,0,0,2,1,3,2,46,8,1560,2,9,3,2,3
2017077350184,2,9,0,18,0,1,0,0,0,0,1,1,6,2,38,7,1298,1,11,7,1,7
2017077350436,1,9,0,18,0,1,0,0,0,0,1,1,1,1,23,5,1198,1,8,10,1,10
2017077350436,2,9,0,7,0,2,0,0,0,0,3,1,1,2,33,6,1242,1,8,9,1,9
2017077350858,1,98,0,12,0,0,0,0,0,0,1,1,6,3,-1,-1,-1,-1,-1,-1,-1,-1
2017077350858,2,9,0,2,0,0,0,0,2,7,2,1,6,1,20,4,1984,1,10,1,1,1
2017077351196,1,19,0,2,0,0,0,0,0,0,3,1,1,1,35,6,2198,2,8,1,1,1
2017077351196,2,1,0,18,0,0,0,0,0,0,1,1,6,1,58,9,-1,-1,-1,9,1,9
2017077351746,1,9,0,18,0,0,0,0,0,0,4,1,6,3,-1,-1,-1,-1,-1,-1,-1,-1
2017077351746,2,9,0,2,0,0,0,0,0,0,4,1,3,2,42,7,1461,2,6,9,1,9
2017077351795,1,9,0,10,0,1,0,0,0,0,2,1,2,2,38,7,1596,1,15,5,3,5
2017077351795,2,9,0,18,0,1,0,0,0,0,1,1,2,1,27,6,1560,2,10,6,1,6
2017077352091,1,9,0,18,0,0,0,0,0,0,1,1,6,1,45,7,1499,2,2,8,1,8
2017077352103,1,9,0,18,0,1,0,0,0,0,2,1,6,2,39,7,1896,2,9,9,1,9
2017077352103,2,9,0,3,0,1,0,0,0,0,1,1,1,1,41,7,-1,-1,-1,2,1,2
2017077352447,1,9,0,3,0,1,0,0,0,0,1,1,6,2,58,9,1995,2,-1,10,1,10
2017077352447,2,17,0,7,0,6,0,0,0,0,0,1,1,1,28,6,-1,-1,-1,5,1,5
2017077352455,1,9,0,18,0,0,1,0,0,0,1,1,6,2,23,5,1149,1,13,9,1,9
2017077352455,2,9,0,18,0,0,0,0,0,0,1,1,6,1,38,7,1582,2,5,6,1,6
2017077352458,1,9,0,18,0,0,0,0,0,0,2,1,1,1,51,8,1242,1,10,10,1,10
2017077352458,2,9,0,18,0,0,0,4,0,0,1,1,1,2,23,5,1229,1,-1,7,1,7
2017077352470,1,3,0,13,0,0,0,0,0,0,1,1,1,1,51,8,125,1,4,9,1,9
2017077352470,2,9,0,6,0,0,0,0,0,0,3,1,1,2,25,5,1386,1,8,7,1,7
2017077352620,1,9,0,9,0,6,0,0,0,0,0,1,1,1,64,9,1596,1,8,6,1,6
2017077352938,1,9,0,9,0,5,0,0,0,0,1,1,6,2,76,11,1149,1,12,10,1,10
2017077352938,2,1,0,18,0,1,0,0,0,0,1,1,2,1,50,8,-1,-1,-1,10,1,10
2017077353593,1,21,1,18,0,0,0,0,0,0,1,1,1,1,45,7,12900,2,6,-1,3,-1
2017077353593,2,9,0,18,0,0,0,0,5,6,3,1,2,2,32,6,1461,2,12,1,1,1
2017077353601,1,9,0,18,0,8,0,0,0,0,0,1,2,2,55,8,1248,2,7,10,1,10
2017077353601,2,1,0,9,0,8,0,0,0,0,0,1,2,1,16,4,-1,-1,-1,-1,-1,-1
2017077353664,1,3,0,18,0,0,2,0,0,0,4,1,2,1,30,6,125,1,2,1,1,1
2017077353971,1,9,0,18,0,1,0,0,0,0,1,1,6,1,58,9,1149,1,3,7,1,7
2017077353971,2,9,0,18,0,1,0,0,0,0,1,1,6,1,89,11,1598,1,8,6,1,6
2017077353971,3,9,0,7,0,6,0,0,1,0,1,1,6,2,28,6,1299,1,11,6,1,6
2017077354021,1,9,0,9,3,2,0,0,0,0,1,1,6,2,29,6,1229,1,6,3,1,3
2017077354021,2,11,0,17,3,1,0,0,0,0,3,1,1,1,31,6,12816,5,4,5,1,5
2017077354259,1,9,0,18,0,1,0,0,0,0,1,1,2,1,71,10,1360,1,11,5,1,5
2017077354353,1,1,0,12,0,1,0,0,0,0,4,1,6,1,15,3,-1,-1,-1,3,1,3
2017077354353,2,9,0,18,0,1,0,0,0,0,1,1,6,2,41,7,1388,1,14,2,1,2
2017077354762,1,9,0,18,0,8,1,0,0,0,1,1,1,2,25,5,998,1,17,9,1,9
2017077354762,2,9,0,18,0,8,0,0,0,0,2,1,1,2,30,6,1461,2,6,1,1,1
2017077354762,3,9,0,18,0,8,0,0,0,0,2,1,1,2,32,6,1248,2,7,8,1,8
2017077354762,4,9,0,18,0,8,0,0,0,0,1,1,1,1,27,6,1229,1,9,1,1,1
2017077354762,5,9,0,4,0,8,0,0,0,0,2,1,1,1,51,8,1242,1,11,2,1,2
2017077354795,1,19,0,18,0,0,0,1,0,0,1,1,6,1,55,8,1995,2,10,2,1,2
2017077354795,2,9,0,4,0,0,0,0,0,0,2,1,6,2,55,8,1998,1,15,-1,-1,-1
2017077355056,1,1,0,5,0,6,0,0,0,0,3,1,6,1,21,5,-1,-1,-1,1,1,1
2017077355056,2,9,0,4,0,1,0,0,0,0,1,1,6,1,-1,-1,-1,-1,-1,-1,-1,-1
2017077355066,1,19,0,1,0,0,0,4,0,0,2,1,1,1,26,6,2299,2,-1,7,1,7
2017077355066,2,9,0,2,0,0,0,0,0,0,1,1,6,2,39,7,1560,2,1,1,1,1
2017077355076,1,9,0,3,0,1,0,0,0,0,2,1,3,2,34,6,1686,2,3,10,1,10
2017077355076,2,19,0,4,0,1,0,0,0,0,1,1,6,1,24,5,1686,2,13,-1,3,-1
2017077355242,1,9,0,1,0,0,0,0,0,0,2,1,6,1,28,6,2720,2,11,2,1,2
2017077355347,1,9,0,16,0,0,0,0,0,0,1,1,6,1,85,11,1388,1,11,9,1,9
2017077355347,2,19,0,17,0,0,5,0,0,0,1,1,2,1,48,8,2198,2,3,1,1,1
2017077355640,1,9,0,18,0,2,0,0,0,0,4,1,6,2,18,4,1242,1,13,-1,-1,-1
2017077355640,2,9,0,9,0,2,0,0,0,0,1,1,6,1,23,5,1368,1,7,-1,1,-1
2017077355663,1,9,0,7,0,6,0,0,0,0,1,1,6,1,19,4,998,1,2,4,1,4
2017077355663,2,1,0,18,0,8,0,0,0,0,4,1,6,1,25,5,-1,-1,-1,4,1,4
2017077355689,1,9,0,16,0,0,0,0,1,4,1,1,6,1,35,6,2993,2,11,6,1,6
2017077355989,1,9,0,18,0,0,1,0,1,2,3,1,6,1,21,5,1299,1,12,1,1,1
2017077356250,1,9,0,4,0,1,0,0,0,0,1,1,6,1,19,4,1596,1,3,6,1,6
2017077356250,2,9,0,3,0,1,0,0,0,0,2,1,6,1,37,7,2143,2,5,1,1,1
2017077356252,1,3,0,16,0,0,2,0,0,0,0,1,1,1,18,4,-1,-1,-1,8,1,8
2017077356510,1,9,0,9,0,0,0,0,0,0,1,1,6,1,49,8,1596,1,10,3,1,3
2017077356510,2,2,0,18,0,0,0,0,0,0,1,1,6,1,43,7,125,1,8,7,1,7
2017077357121,1,9,0,18,0,0,0,0,0,4,1,1,6,2,29,6,1999,1,13,9,2,9
2017077357203,1,9,0,9,0,8,0,0,0,0,4,1,2,1,60,9,1240,1,7,7,1,7
2017077357203,2,3,0,18,0,8,0,0,0,0,1,1,2,1,28,6,124,1,7,1,1,1
2017077357446,1,9,0,16,0,3,0,0,0,0,4,1,6,2,66,10,1398,1,1,3,1,3
2017077358129,1,3,0,18,0,0,5,0,0,0,1,1,2,1,27,6,124,1,6,3,1,3
2017077358352,1,9,0,18,0,8,0,0,0,0,1,1,6,2,26,6,1560,2,1,6,1,6
2017077358352,2,9,0,7,0,6,0,0,0,0,1,2,6,2,48,8,1769,1,17,6,1,6
2017077358402,1,9,0,5,0,4,0,0,0,0,3,1,1,2,25,5,1398,2,4,1,1,1
2017077358402,2,1,0,18,0,8,0,0,0,0,2,1,6,1,85,11,-1,-1,-1,10,1,10
2017077358548,1,9,0,18,0,0,1,0,2,7,1,1,6,2,28,6,1368,1,10,5,1,5
2017077358702,1,8,0,9,0,8,0,0,0,0,3,1,1,2,50,8,1686,2,4,-1,-1,-1
2017077358702,2,1,0,18,0,8,0,0,0,0,2,1,2,2,26,6,-1,-1,-1,1,1,1
2017077358740,1,5,0,5,0,2,1,0,0,0,1,1,6,1,36,7,998,1,4,10,1,10
2017077358740,2,9,0,14,0,1,0,0,0,0,1,1,6,2,18,4,1598,1,7,-1,3,-1
2017077358894,1,9,0,3,0,1,0,0,0,0,1,1,6,3,-1,-1,-1,-1,-1,-1,-1,-1
2017077358894,2,9,0,5,0,4,0,0,0,0,2,1,6,1,22,5,996,1,7,4,1,4
2017077358940,1,9,0,18,0,1,0,0,0,0,1,1,6,2,44,7,1461,2,2,10,1,10
2017077358961,1,9,0,3,0,0,0,0,0,0,2,1,2,1,46,8,1998,2,11,9,1,9
2017077358961,2,9,0,4,0,0,0,0,0,0,1,1,6,2,47,8,1997,2,6,6,3,6
2017077359112,1,11,0,5,0,1,0,0,0,0,4,1,1,1,53,8,7300,2,8,7,1,7
2017077360302,1,9,0,9,0,4,0,0,0,0,2,1,6,2,19,4,1242,1,3,8,1,8
2017077360302,2,5,0,13,0,2,0,0,0,0,1,1,2,1,35,6,1157,1,14,2,1,2
2017077360408,1,9,0,18,9,2,0,10,1,0,1,1,6,3,-1,-1,1998,1,10,-1,-1,-1
2017077360461,1,9,0,16,0,4,0,0,0,10,1,1,2,1,25,5,2199,2,5,8,3,8
2017077360484,1,9,0,16,0,0,0,0,7,11,1,1,6,1,30,6,1968,2,10,10,2,10
2017077360629,1,9,0,13,0,0,0,0,0,0,0,1,1,1,41,7,1598,1,18,8,1,8
2017077360629,2,4,0,18,0,0,0,0,7,4,1,1,1,1,39,7,-1,-1,-1,4,1,4
2017077360757,1,19,0,4,0,0,1,0,0,0,1,1,1,1,23,5,2198,2,3,3,2,3
2017077360757,2,9,0,2,0,0,0,0,0,0,2,1,1,1,44,7,-1,-1,-1,-1,1,-1
2017077360757,3,9,0,2,0,0,0,0,0,0,2,1,1,1,31,6,-1,-1,-1,-1,1,-1
2017077361134,1,9,0,11,0,4,0,0,0,0,4,1,6,1,26,6,1685,2,2,2,1,2
2017077361134,2,1,0,16,0,3,0,0,0,0,3,1,6,1,51,8,-1,-1,-1,4,1,4
2017077361244,1,9,0,18,0,0,0,0,7,0,1,1,1,1,31,6,1229,1,3,8,1,8
2017077361244,2,9,0,9,0,0,0,0,0,0,2,1,1,1,57,9,2494,1,20,3,1,3
2017077361244,3,9,0,18,0,0,0,0,1,0,1,1,1,2,66,10,1798,1,5,10,1,10
2017077361258,1,9,0,4,0,0,0,0,0,0,1,1,6,1,41,7,1560,2,10,8,1,8
2017077361258,2,9,0,3,0,0,0,0,0,0,2,1,6,1,40,7,1896,2,9,10,1,10
2017077361267,1,9,0,3,0,0,0,0,0,0,1,1,2,1,19,4,-1,-1,-1,5,3,5
2017077361267,2,9,0,4,0,0,0,0,0,0,2,1,2,1,51,8,1968,2,11,2,1,2
2017077361273,1,3,0,18,0,1,1,0,0,0,0,1,1,1,25,5,124,1,2,-1,-1,-1
2017077361273,2,9,0,3,0,2,0,0,0,0,0,1,6,3,-1,-1,-1,-1,-1,1,1,1
2017077361471,1,1,0,18,0,0,0,0,0,0,1,1,6,1,-1,-1,-1,-1,-1,-1,-1,-1
2017077361535,1,9,0,18,0,1,0,0,0,0,4,1,6,3,-1,-1,-1,-1,-1,-1,-1,-1
2017077361755,1,9,0,9,0,0,0,0,0,0,4,1,1,1,41,7,1968,2,2,9,1,9
2017077361755,2,1,0,18,0,0,0,0,0,0,1,1,1,1,40,7,-1,-1,-1,10,1,10
2017077361779,1,9,0,9,0,3,0,0,0,0,1,1,1,2,27,6,1598,1,11,4,1,4
2017077361779,2,9,0,18,0,3,0,0,0,0,4,1,1,2,30,6,1896,2,16,7,1,7
2017077361791,1,9,0,9,0,6,0,0,0,0,3,1,3,1,37,7,1388,1,11,5,3,5
2017077361864,1,3,0,4,0,1,1,0,0,0,3,1,2,1,65,9,124,1,13,4,1,4
2017077362009,1,9,0,9,0,2,0,0,0,0,1,1,6,1,-1,-1,1198,1,13,-1,-1,-1
2017077362009,2,9,0,5,0,2,0,0,0,0,4,1,6,2,55,8,1984,2,4,10,1,10
2017077362234,1,9,0,7,0,5,0,0,0,0,4,1,6,2,77,11,1598,2,5,7,1,7
2017077362329,1,9,0,9,0,1,0,0,0,0,1,1,6,3,-1,-1,1994,2,14,-1,-1,-1
2017077362329,2,1,0,18,0,1,0,0,0,0,3,1,6,1,29,6,-1,-1,-1,4,1,4
2017077362414,1,9,0,5,0,0,0,0,0,0,3,1,6,1,41,7,1796,1,14,1,1,1
2017077362414,2,3,0,18,0,0,0,0,0,0,3,1,6,2,31,6,124,1,5,1,1,1
2017077363525,1,11,0,18,0,0,0,0,0,0,1,1,1,1,42,7,4461,2,2,1,1,1
2017077363682,1,9,0,4,0,0,0,0,0,0,3,1,6,1,83,11,1388,1,12,10,1,10
2017077363708,1,19,0,18,0,0,0,0,0,0,1,1,6,1,22,5,1598,2,4,5,1,5
2017077363708,2,9,0,3,0,0,0,0,0,0,2,1,6,1,23,5,1229,1,3,1,1,1
2017077363708,3,9,0,4,0,0,0,0,0,0,2,1,6,1,27,6,-1,-1,-1,7,1,7
2017077363712,1,9,0,9,0,8,0,0,0,0,1,1,2,1,20,4,1229,1,2,3,1,3
2017077363712,2,9,0,18,0,8,0,0,0,0,1,1,6,2,29,6,1995,2,-1,8,1,8
2017077363808,1,9,0,9,0,8,0,0,0,0,1,1,2,1,47,8,1246,1,12,1,1,1
2017077364524,1,9,0,4,0,4,0,0,0,0,0,1,6,1,38,7,1390,1,7,3,1,3
2017077364524,2,9,0,4,0,4,0,0,0,0,2,1,2,1,-1,-1,-1,-1,-1,-1,-1,-1
2017077364539,1,3,0,13,0,2,0,10,7,0,3,1,6,1,32,6,125,1,-1,9,1,9
2017077365162,1,9,0,17,0,0,1,10,1,2,1,1,1,1,39,7,2993,2,1,8,1,8
2017077365162,2,9,0,17,0,0,0,0,0,0,0,1,6,3,-1,-1,2143,2,2,-1,-1,-1
2017077365404,1,9,0,16,0,0,2,10,0,0,1,1,6,1,26,6,1368,1,10,8,2,8
2017077365670,1,9,0,9,0,1,0,0,0,0,1,1,6,1,44,7,1895,1,17,2,1,2
2017077365670,2,9,0,18,0,1,0,0,0,0,1,1,6,1,50,8,2996,1,12,7,1,7
2017077365692,1,9,0,17,0,1,2,0,1,10,4,1,6,1,58,9,2497,1,13,4,1,4
2017077365760,1,9,0,7,0,2,0,0,0,0,3,1,6,1,66,10,2494,2,3,2,1,2
2017077365760,2,1,0,18,0,1,0,0,0,0,4,1,6,1,53,8,-1,-1,-1,10,1,10
2017077365976,1,9,0,9,0,4,0,0,0,0,1,1,6,1,19,4,1364,1,4,3,1,3
2017077365976,2,1,0,18,0,4,0,0,0,0,3,1,6,1,13,3,-1,-1,-1,8,1,8
2017077365976,3,1,0,18,0,4,0,0,0,0,0,1,6,1,13,3,-1,-1,-1,2,1,2
2017077366060,1,9,0,3,0,1,1,0,0,0,1,1,6,1,28,6,1248,2,11,6,1,6
2017077366060,2,9,0,10,0,1,0,0,0,0,2,1,6,1,23,5,2993,2,5,6,1,6
2017077366297,1,9,0,17,0,0,2,0,1,4,4,1,2,2,58,9,1398,1,-1,9,1,9
2017077366557,1,9,0,18,0,0,0,0,0,0,1,1,6,2,59,9,1397,1,5,6,1,6
2017077366557,2,9,0,18,0,0,0,0,0,0,1,1,1,1,22,5,1399,1,-1,5,1,5
2017077366751,1,9,0,6,0,0,0,0,0,0,1,1,2,1,55,8,1598,2,1,3,3,3
2017077366751,2,9,0,11,0,0,0,0,0,0,1,1,6,1,24,5,1598,2,6,9,3,9
2017077366760,1,4,0,5,0,0,1,10,0,0,1,1,2,1,24,5,649,1,-1,7,3,7
2017077367003,1,9,0,18,0,2,0,0,0,0,3,1,6,1,28,6,2179,2,4,-1,-1,-1
2017077367003,2,9,0,18,0,2,0,0,0,0,3,1,6,1,27,6,1995,2,13,1,1,1
2017077367140,1,9,0,18,0,0,0,0,0,0,1,1,2,2,66,10,998,1,8,6,1,6
2017077367140,2,9,0,18,0,0,0,0,0,0,1,1,1,2,47,8,1997,2,9,4,1,4
2017077367236,1,9,0,17,0,0,0,0,0,0,4,1,6,3,-1,-1,-1,-1,-1,-1,-1,-1
2017077367695,1,9,0,1,9,0,0,0,0,0,0,1,3,2,56,9,1197,1,3,10,2,10
2017077367949,1,9,0,9,0,8,0,0,0,0,3,1,6,1,18,4,998,1,12,9,3,9
2017077367949,2,9,0,18,0,1,0,0,0,0,1,1,2,1,54,8,1798,1,11,1,1,1
2017077368039,1,9,0,18,0,0,0,0,4,6,1,1,6,2,71,10,2967,2,-1,6,3,6
2017077368039,2,9,0,3,0,0,0,0,4,6,2,1,6,2,45,7,1598,2,2,9,3,9
2017077368039,3,9,0,3,0,0,0,0,0,0,2,1,6,2,23,5,1242,1,4,4,1,4
2017077368078,1,9,0,16,0,2,0,10,1,4,4,1,6,2,25,5,1398,1,4,7,1,7
2017077368078,2,9,0,17,0,2,0,0,0,0,3,1,6,1,32,6,1984,1,1,8,3,8
2017077368146,1,9,0,18,0,1,0,0,0,0,1,1,6,1,77,11,2179,2,3,7,1,7
2017077368146,2,9,0,8,0,1,0,0,0,0,2,1,6,2,19,4,998,1,12,2,1,2
2017077368551,1,9,0,5,0,6,0,0,0,0,4,1,1,2,30,6,1390,1,15,3,1,3
2017077368551,2,9,0,18,0,2,0,0,0,0,3,1,3,1,45,7,1598,1,10,5,3,5
2017077369114,1,3,0,10,0,1,0,0,0,0,0,1,2,2,32,6,124,1,11,8,1,8
2017077369114,2,9,0,15,0,1,0,0,0,0,2,1,2,2,57,9,1390,1,13,9,3,9
2017077369116,1,9,0,18,0,0,0,0,0,0,3,1,6,3,80,11,1998,1,14,-1,-1,-1
2017077369136,1,9,0,18,0,1,0,0,0,0,1,1,1,1,26,6,2993,2,1,-1,-1,-1
2017077369136,2,9,0,18,0,1,0,0,0,0,3,1,6,1,56,9,1598,1,5,9,2,9
2017077369196,1,9,0,7,0,3,0,0,0,0,1,1,6,1,49,8,1149,1,5,5,1,5
2017077369196,2,9,0,9,0,3,0,0,0,0,2,1,6,1,18,4,1242,1,2,10,1,10
2017077369591,1,9,0,16,0,0,2,0,1,10,1,1,1,2,25,5,1679,1,19,6,1,6
2017077369598,1,9,0,17,0,1,0,0,0,0,1,1,6,1,54,8,1995,2,10,8,1,8
2017077369598,2,9,0,5,0,8,0,0,0,0,1,1,6,1,19,4,998,1,15,4,3,4
2017077369701,1,8,0,3,0,8,0,0,0,0,0,1,6,1,34,6,1497,8,9,9,1,9
2017077369701,2,3,0,3,0,8,1,0,0,0,1,1,6,1,22,5,498,1,17,2,1,2
2017077369784,1,9,0,9,0,5,0,0,0,0,1,1,2,1,64,9,-1,-1,-1,2,1,2
2017077369850,1,9,0,9,0,5,0,0,0,0,1,1,6,1,51,8,1461,2,7,9,1,9
2017077369850,2,1,0,18,0,8,0,0,0,0,3,1,2,1,25,5,-1,-1,-1,8,1,8
2017077369963,1,9,0,18,0,1,0,0,0,0,1,1,2,2,31,6,998,1,6,1,1,1
2017077369963,2,9,0,18,0,1,0,0,1,9,3,1,2,2,26,6,1590,1,15,9,3,9
2017077370982,1,9,0,1,0,6,0,0,0,0,2,1,6,1,33,6,1395,1,-1,3,1,3
2017077370983,1,2,0,4,0,1,2,0,0,0,3,1,2,1,56,9,124,1,13,1,1,1
2017077370991,1,9,0,18,0,8,0,0,0,0,4,1,6,1,67,10,1248,1,2,8,1,8
2017077370991,2,19,0,3,0,8,0,0,0,0,3,1,1,1,22,5,1998,2,15,1,1,1
2017077371303,1,9,0,18,0,1,0,0,0,0,1,1,6,2,68,10,1685,2,3,-1,1,-1
2017077371303,2,90,0,3,0,1,0,0,0,0,2,1,1,1,51,8,-1,-1,-1,1,1,1
2017077371303,3,9,0,3,0,1,0,0,0,0,2,1,6,2,58,9,1399,2,6,10,1,10
2017077371397,1,9,0,18,0,0,1,0,0,0,1,1,6,2,32,6,1612,1,6,8,1,8
2017077371397,2,9,0,2,0,0,0,0,0,0,2,1,6,1,53,8,1499,1,2,9,3,9
2017077371397,3,9,0,2,0,0,0,0,0,0,2,1,6,1,47,8,1991,8,1,9,1,9
2017077371447,1,9,0,18,0,0,0,0,0,0,1,1,6,1,-1,-1,1560,2,7,-1,-1,-1
2017077371461,1,9,0,18,0,0,0,4,0,0,1,1,2,2,44,7,998,1,3,9,1,9
2017077371461,2,19,0,2,6,0,0,0,0,0,2,1,6,1,43,7,2500,2,10,1,1,1
2017077371513,1,19,0,2,0,0,0,0,0,0,2,1,2,1,52,8,2953,2,-1,6,3,6
2017077371513,2,9,0,18,0,0,1,0,0,0,1,1,2,1,36,7,1995,2,-1,9,1,9
2017077371556,1,9,0,9,0,1,0,0,0,0,4,1,6,1,23,5,2993,2,14,-1,1,-1
2017077371556,2,9,0,18,0,1,0,0,0,0,1,1,6,1,38,7,1598,1,13,-1,1,-1
2017077371788,1,9,0,4,0,0,0,0,1,11,1,1,6,2,29,6,1362,1,4,9,1,9
2017077372066,1,19,0,16,0,0,0,0,0,0,4,1,6,3,-1,-1,-1,-1,-1,-1,-1,-1
2017077372066,2,1,0,16,0,0,0,0,0,0,3,1,2,1,20,4,-1,-1,-1,4,1,4
2017077372336,1,9,0,7,0,8,0,0,0,0,0,1,6,3,-1,-1,-1,-1,-1,-1,-1,-1
2017077372336,2,1,0,18,0,8,0,0,0,0,0,1,2,1,50,8,-1,-1,-1,2,1,2
2017077372348,1,9,0,4,0,1,0,0,0,0,1,1,2,2,54,8,1461,2,5,8,1,8
2017077372348,2,9,0,4,0,1,0,0,0,0,2,1,2,1,31,6,1248,1,2,3,1,3
2017077372410,1,19,0,17,0,0,0,0,0,0,1,1,6,1,55,8,1560,2,1,1,1,1
2017077372410,2,9,0,16,0,0,0,0,0,0,1,1,1,1,38,7,2995,1,-1,7,3,7
2017077372553,1,5,0,18,0,2,5,0,0,0,1,1,6,1,29,6,998,1,13,1,1,1
2017077372675,1,9,0,14,0,0,0,0,0,0,1,1,6,1,-1,-1,1242,1,5,3,1,3
2017077372675,2,9,0,2,0,0,0,0,0,0,3,1,6,2,27,6,1686,2,3,4,1,4
2017077373308,1,9,0,3,0,2,0,0,0,0,1,1,6,2,-1,-1,1598,2,6,-1,-1,-1
2017077373308,2,9,0,4,0,2,0,0,0,0,1,1,6,1,-1,-1,1998,1,14,1,1,1
2017077373325,1,9,0,9,0,5,0,0,0,0,3,1,6,2,75,10,1598,2,2,8,1,8
2017077373325,2,1,0,16,4,1,0,0,0,0,1,1,6,1,49,8,-1,-1,-1,8,1,8
2017077373445,1,9,0,18,0,0,0,0,0,0,0,1,6,1,57,9,2987,2,3,10,1,10
2017077373445,2,1,0,18,0,0,0,0,0,0,0,1,6,1,54,8,-1,-1,-1,7,1,7
2017077373469,1,9,4,14,0,0,0,0,0,0,4,1,6,1,-1,-1,-1,-1,-1,-1,-1,-1
2017077373469,2,1,0,18,0,0,0,0,0,0,2,1,6,1,26,6,-1,-1,-1,10,2,10
2017077373529,1,9,0,18,0,0,0,0,0,0,1,1,6,2,23,5,1248,2,4,5,1,5
2017077373529,2,9,0,4,0,0,0,0,0,0,2,1,6,2,29,6,1968,2,11,-1,1,-1
2017077373529,3,9,0,3,0,0,0,0,0,0,2,1,6,1,30,6,1753,2,11,-1,1,-1
2017077373587,1,9,0,7,0,8,0,0,0,0,1,1,6,2,19,4,1242,1,9,4,1,4
2017077373587,2,9,0,18,0,8,1,0,0,0,1,1,6,1,28,6,1596,1,11,9,2,9
2017077373676,1,9,0,18,0,1,0,0,0,0,1,1,6,2,27,6,1399,1,-1,1,1,1
2017077373676,2,9,0,9,0,5,0,0,0,0,1,1,6,2,62,9,998,1,4,9,1,9
2017077373692,1,9,0,18,0,0,1,0,1,7,3,1,6,2,19,4,1124,1,12,1,1,1
2017077374038,1,19,0,6,8,0,0,0,0,0,3,1,1,1,33,6,1560,2,1,-1,1,-1
2017077374038,2,9,0,18,0,0,0,0,0,0,4,1,2,1,35,6,998,1,-1,3,1,3
2017077374280,1,3,0,4,0,1,0,0,0,0,1,1,6,1,54,8,125,1,1,2,1,2
2017077374676,1,9,0,7,0,5,0,0,0,0,4,1,2,2,45,7,1242,1,4,4,1,4
2017077374696,1,19,0,18,0,0,0,0,0,0,1,1,2,1,37,7,2143,2,4,1,1,1
2017077374696,2,9,0,18,0,0,0,0,0,0,2,1,1,2,32,6,1560,2,1,-1,-1,-1
2017077374800,1,9,0,7,0,6,0,0,0,0,1,1,6,1,86,11,1242,1,1,10,1,10
2017077374800,2,9,0,17,0,8,0,0,0,0,4,1,6,2,35,6,1198,1,-1,4,1,4
2017077375602,1,9,0,13,0,0,0,0,0,0,2,1,6,2,78,11,1229,1,10,8,1,8
2017077375602,2,1,0,18,0,0,0,0,0,0,1,1,6,1,38,7,-1,-1,-1,1,1,1
2017077375797,1,19,0,12,0,0,0,0,0,0,3,1,6,1,-1,-1,1968,2,4,-1,-1,-1
2017077375797,2,9,0,18,0,0,0,0,0,0,4,1,6,1,18,4,1368,1,2,5,1,5
2017077375832,1,9,0,7,0,1,0,0,0,0,1,1,6,1,39,7,1896,2,12,9,1,9
2017077375937,1,90,1,11,0,0,0,0,0,0,4,1,1,1,30,6,12900,2,10,7,1,7
2017077375937,2,9,0,18,0,0,0,0,0,0,3,1,2,1,38,7,1998,1,2,3,1,3
2017077376324,1,9,0,18,0,0,0,0,1,3,1,1,2,2,20,4,1368,1,9,3,2,3
2017077376955,1,9,0,18,0,0,0,0,0,0,1,1,6,1,78,11,1997,2,14,9,1,9