Accident_Index,Vehicle_Reference,Vehicle_Type,Towing_and_Articulation,Vehicle_Manoeuvre,Vehicle_Location-Restricted_Lane,Junction_Location,Skidding_and_Overturning,Hit_Object_in_Carriageway,Vehicle_Leaving_Carriageway,Hit_Object_off_Carriageway,1st_Point_of_Impact,Was_Vehicle_Left_Hand_Drive?,Journey_Purpose_of_Driver,Sex_of_Driver,Age_of_Driver,Age_Band_of_Driver,Engine_Capacity_(CC),Propulsion_Code,Age_of_Vehicle,Driver_IMD_Decile,Driver_Home_Area_Type,Vehicle_IMD_Decile
2017100144757,2,9,0,18,0,0,0,0,0,0,1,1,5,2,53,8,1398,1,7,5,3,5
2017100144784,1,9,0,9,0,8,0,0,0,0,1,1,2,1,40,7,1910,2,10,3,1,3
2017100144784,2,9,0,18,0,8,1,0,0,0,3,1,5,1,19,4,-1,-1,-1,-1,-1,-1
2017100144784,3,9,0,3,0,8,0,0,0,0,4,1,5,2,40,7,-1,-1,-1,8,1,8
2017100144784,4,9,0,3,0,8,0,0,0,0,2,1,2,2,44,7,1586,1,2,4,1,4
2017100144833,1,9,0,18,0,0,0,0,1,0,1,1,5,1,21,5,1390,1,12,3,1,3
2017100144833,2,9,0,18,0,0,0,0,1,0,2,1,5,1,57,9,1560,2,5,4,1,4
2017100144845,1,9,0,18,0,1,0,0,0,0,1,1,2,1,31,6,1968,2,12,1,1,1
2017100144845,2,9,0,3,0,1,0,0,0,0,2,1,5,2,19,4,998,1,2,-1,-1,-1
2017100144845,3,9,0,3,0,1,0,0,0,0,2,1,5,1,77,11,1197,1,2,6,1,6
2017100144845,4,9,0,3,0,1,0,0,0,0,2,1,5,2,50,8,1598,2,4,3,1,3
2017100145101,1,21,1,18,0,1,0,4,0,0,1,1,6,1,40,7,-1,2,13,-1,-1,-1
2017100145101,2,9,-1,8,0,1,0,0,0,0,3,1,6,1,33,6,1753,2,12,1,1,1
2017100145111,1,11,0,18,0,0,0,0,0,0,1,1,1,1,61,9,4249,2,11,7,1,7
2017100145194,1,9,0,12,0,7,0,0,0,0,1,1,5,2,87,11,1240,1,9,8,3,8
2017100145237,1,9,0,5,0,1,0,0,0,0,0,1,6,3,-1,-1,-1,-1,-1,-1,-1,-1
2017100145237,2,11,0,5,0,1,0,0,0,0,0,1,1,1,50,8,6692,2,8,2,1,2
2017100145246,1,21,0,4,0,0,0,4,0,0,1,1,1,1,40,7,4462,2,4,2,1,2
2017100145246,2,9,-1,3,0,0,0,0,0,0,2,1,5,1,45,7,1242,1,2,8,1,8
2017100145249,1,19,0,9,0,8,0,0,0,0,4,1,6,1,17,4,2402,2,9,-1,-1,-1
2017100145249,2,9,0,18,0,1,0,0,0,0,1,1,6,1,46,8,1360,1,13,4,2,4
2017100145282,1,9,0,18,0,0,0,0,0,0,1,2,2,2,30,6,1461,2,2,-1,-1,-1
2017100145320,1,9,0,18,0,0,0,4,0,0,1,1,5,2,24,5,999,1,3,2,1,2
2017100145320,2,8,0,2,0,0,0,0,0,0,1,1,1,1,58,9,1598,2,8,2,1,2
2017100145320,3,9,0,2,0,0,0,0,0,0,4,1,6,3,-1,-1,-1,-1,-1,-1,-1,-1
2017100145320,4,9,0,2,0,0,0,0,0,0,4,1,6,3,-1,-1,-1,-1,-1,-1,-1,-1
2017100145347,1,9,0,18,0,8,0,0,4,0,1,1,5,1,47,8,1499,2,1,2,1,2
2017100145347,2,9,0,18,0,6,0,0,0,0,3,1,5,1,29,6,1461,2,4,-1,-1,-1
2017100145362,1,9,0,5,0,4,0,0,0,0,1,1,5,2,70,10,1197,1,1,1,1,1
2017100145362,2,9,0,9,0,3,0,0,0,0,1,1,5,1,20,4,999,1,1,3,1,3
2017100145377,1,4,0,16,0,1,1,0,0,0,3,1,5,1,58,9,471,1,3,-1,-1,-1
2017100145395,1,9,-1,18,0,4,0,0,0,0,-1,1,6,3,-1,-1,-1,-1,-1,-1,-1,-1
2017100145395,2,11,-1,18,0,4,0,0,0,0,0,1,1,1,27,6,4461,2,4,8,1,8
2017100145400,1,9,0,18,0,0,0,0,0,0,1,1,5,2,26,6,998,1,1,5,1,5
2017100145406,1,9,0,18,0,0,1,0,0,0,1,1,5,1,63,9,1597,1,16,3,1,3
2017100145439,1,8,0,18,0,0,0,0,0,0,3,1,1,1,28,6,1896,2,15,-1,-1,-1
2017100145809,1,9,0,18,0,0,0,0,0,0,1,1,2,1,31,6,1968,2,6,5,3,5
2017100145809,2,9,0,3,0,0,0,0,0,0,2,1,2,2,30,6,998,1,4,9,1,9
2017100145824,1,5,0,11,0,0,0,0,0,0,1,1,2,1,36,7,745,1,1,6,2,6
2017100145824,2,9,0,11,0,0,0,0,0,0,2,1,1,1,23,5,1968,2,1,9,2,9
2017100146124,1,9,0,4,0,1,0,0,0,0,1,1,6,3,-1,-1,-1,-1,-1,-1,-1,-1
2017100146124,2,1,0,18,0,8,0,0,0,0,2,1,4,1,12,3,-1,-1,-1,1,1,1
2017100146176,1,9,0,4,0,1,0,0,0,0,2,1,6,2,-1,-1,1240,1,12,-1,-1,-1
2017100146176,2,9,-1,3,0,1,0,0,0,0,0,1,6,2,25,5,1461,2,2,-1,-1,-1
2017100146190,1,9,0,18,0,0,0,0,0,0,1,1,2,1,70,10,1968,2,1,8,3,8
2017100146190,2,9,0,3,0,0,0,0,1,0,2,1,2,2,22,5,1200,1,2,4,1,4
2017100146190,3,9,0,3,0,0,0,0,0,0,2,1,2,2,37,7,1997,2,10,5,1,5
2017100146502,1,9,0,18,0,2,0,0,0,0,1,1,2,2,35,6,1997,2,5,3,1,3
2017100146600,1,90,0,18,0,0,0,0,0,0,3,2,1,1,36,7,16000,2,6,8,1,8
2017100146600,2,9,0,18,0,0,0,0,0,0,4,1,5,2,22,5,1390,1,3,1,1,1
2017100146644,1,9,0,9,0,5,0,0,0,0,1,1,2,1,21,5,1149,1,6,9,2,9
2017100146648,1,9,0,18,0,0,0,4,0,0,1,1,2,1,26,6,1998,1,2,1,1,1
2017100146648,2,9,0,2,0,0,0,0,0,0,2,1,6,1,19,4,1368,1,8,2,1,2
2017100146649,1,9,0,18,0,8,2,0,1,0,3,1,5,1,25,5,1242,1,11,5,1,5
2017100146649,2,9,0,2,9,2,1,0,0,0,4,1,6,3,-1,-1,-1,-1,-1,-1,-1,-1
2017100146901,1,9,0,18,0,0,0,0,0,0,1,1,6,2,54,8,2143,2,2,4,3,4
2017100146901,2,9,0,18,0,0,0,0,0,0,1,1,6,2,63,9,1560,2,6,7,2,7
2017100147094,1,9,0,18,0,0,0,0,0,0,1,1,3,2,49,8,1995,2,6,-1,-1,-1
2017100147094,2,9,0,18,0,0,0,0,0,0,2,1,2,2,40,7,1560,2,3,10,1,10
2017100147102,1,1,0,9,0,0,0,0,0,0,1,1,2,1,57,9,-1,-1,-1,-1,-1,-1
2017100147102,2,9,0,13,0,0,0,0,0,0,4,1,2,2,45,7,1197,1,1,9,1,9
2017100147167,1,9,0,18,0,0,0,0,0,0,1,1,2,1,34,6,1499,2,2,-1,-1,-1
2017100147397,1,9,0,9,0,5,0,0,0,0,3,1,2,1,43,7,1200,1,1,1,1,1
2017100147397,2,1,0,18,0,1,0,0,0,0,1,1,6,1,-1,-1,-1,-1,-1,-1,-1,-1
2017100147403,1,9,0,18,0,0,0,0,0,0,1,1,2,1,41,7,1798,1,3,-1,-1,-1
2017100147403,2,9,0,18,0,0,0,0,0,0,2,1,6,1,44,7,2967,2,1,-1,-1,-1
2017100147629,1,9,0,18,0,1,0,0,0,0,1,1,5,2,43,7,998,1,4,6,3,6
2017100147629,2,9,0,10,0,8,0,0,0,0,2,1,1,2,30,6,1997,2,5,6,3,6
2017100147674,1,2,0,18,0,1,1,0,0,0,1,1,5,1,23,5,49,1,16,-1,-1,-1
2017100147674,2,9,0,9,0,1,0,0,0,0,3,1,5,1,34,6,1969,1,1,2,1,2
2017100147679,1,3,0,18,0,2,2,0,0,0,1,1,5,1,24,5,124,1,1,8,1,8
2017100147679,2,9,0,4,0,2,0,0,0,0,2,1,6,1,27,6,1910,2,9,-1,-1,-1
2017100147796,1,9,0,18,0,1,0,4,0,0,1,1,6,1,81,11,1124,1,13,-1,-1,-1
2017100147796,2,9,0,2,0,1,0,0,0,0,3,1,6,3,-1,-1,-1,-1,-1,-1,-1,-1
2017100147946,1,11,0,9,0,3,0,0,0,0,0,1,1,1,37,7,-1,2,16,3,2,3
2017100148060,1,9,0,18,0,8,0,0,0,0,4,1,6,1,44,7,1349,1,10,-1,-1,-1
2017100148087,1,9,0,18,0,1,0,0,0,0,1,1,5,1,51,8,1242,1,16,3,1,3
2017100148116,1,9,0,9,0,8,0,0,0,0,3,1,6,1,52,8,1596,1,15,4,2,4
2017100148116,2,9,0,18,0,8,0,0,0,0,1,1,5,2,65,9,1586,1,11,2,1,2
2017100148121,1,9,0,16,0,0,0,0,0,0,1,1,6,1,34,6,1560,2,6,5,1,5
2017100148121,2,9,0,18,0,0,0,0,0,0,1,1,6,2,45,7,998,1,14,5,1,5
2017100148122,1,9,0,16,0,2,0,0,0,0,1,1,5,1,83,11,999,1,2,6,3,6
2017100148211,1,9,0,9,0,4,0,0,0,0,1,1,2,2,34,6,-1,3,2,2,1,2
2017100148211,2,3,0,18,0,8,0,1,0,0,3,1,1,1,34,6,-1,-1,-1,4,1,4
2017100148449,1,9,0,4,0,0,0,0,0,0,1,1,6,1,36,7,998,1,16,-1,-1,-1
2017100148449,2,9,0,4,0,0,0,0,0,0,2,1,2,1,34,6,1461,2,1,-1,-1,-1
2017100148461,1,9,0,18,0,6,0,0,0,0,1,1,6,2,29,6,1796,1,16,2,1,2
2017100148461,2,9,0,18,0,1,0,0,0,0,4,1,6,1,41,7,-1,-1,-1,6,1,6
2017100148516,1,9,0,4,0,8,0,0,0,0,1,1,6,2,23,5,1399,2,7,4,1,4
2017100148516,2,9,0,4,0,8,0,0,0,0,2,1,5,2,24,5,1248,1,5,2,1,2
2017100148594,1,9,0,18,0,1,0,0,0,0,4,1,6,2,34,6,998,1,12,1,1,1
2017100148594,2,8,0,18,0,1,0,0,0,0,3,1,1,1,54,8,1461,2,1,-1,-1,-1
2017100148624,1,90,0,18,0,0,0,0,0,0,1,1,1,1,49,8,4400,2,2,2,1,2
2017100148624,2,9,0,18,0,0,0,0,0,0,1,1,2,1,66,10,1995,2,3,6,2,6
2017100148635,1,9,0,12,0,8,0,0,0,0,1,1,5,2,19,4,1248,1,8,-1,-1,-1
2017100148635,2,9,0,4,0,8,0,0,0,0,2,1,5,1,37,7,1598,1,12,-1,-1,-1
2017100148635,3,9,0,3,0,8,0,0,0,0,2,1,5,2,40,7,1461,2,4,-1,-1,-1
2017100148639,1,9,0,18,0,0,0,0,0,0,1,1,6,3,-1,-1,-1,-1,-1,-1,-1,-1
2017100148639,2,9,-1,18,0,0,0,0,0,0,1,1,6,3,-1,-1,-1,-1,-1,-1,-1,-1
2017100149150,1,9,0,18,0,0,5,0,1,0,1,1,5,2,48,8,2835,2,23,1,1,1
2017100149380,1,9,0,18,0,0,1,0,0,0,1,1,5,1,53,8,1328,1,12,4,2,4
2017100149380,2,9,0,4,0,0,0,0,0,0,2,1,5,1,68,10,1560,2,9,1,1,1
2017100149380,3,9,0,4,0,0,0,0,0,0,2,1,5,1,66,10,2720,2,12,3,1,3
2017100149408,1,9,0,18,0,2,0,0,0,0,1,1,5,1,50,8,1590,1,16,2,1,2
2017100149442,1,3,0,18,0,1,0,0,0,0,1,1,5,1,32,6,125,1,4,1,1,1
2017100149442,2,9,0,10,0,1,0,0,0,0,2,1,5,2,32,6,1364,1,11,3,1,3
2017100149505,1,11,-1,-1,-1,0,-1,-1,-1,0,-1,1,1,1,55,8,9000,2,10,-1,-1,-1
2017100149631,1,9,0,18,0,8,1,0,0,0,1,1,5,1,71,10,1598,1,12,-1,-1,-1
2017100149817,1,9,0,3,0,1,0,0,0,0,2,1,5,2,79,11,999,1,11,5,1,5
2017100149817,2,9,0,3,0,1,0,0,0,0,1,1,5,2,26,6,1240,1,11,5,1,5
2017100149828,1,11,0,9,0,6,0,0,0,0,0,1,1,2,53,8,4760,2,4,4,2,4
2017100149953,1,9,0,18,0,0,0,0,0,0,3,1,6,1,-1,-1,-1,-1,-1,-1,-1,-1
2017100150087,1,21,4,18,0,0,0,0,1,9,1,2,1,1,65,9,-1,-1,-1,-1,-1,-1
2017100150088,1,9,0,12,0,1,1,10,0,0,1,1,5,1,22,5,1242,1,9,1,1,1
2017100150089,1,11,0,3,0,2,0,0,0,0,0,1,1,1,57,9,-1,2,16,3,1,3
2017100150146,1,9,0,18,0,0,0,0,8,6,1,1,5,2,53,8,1560,2,8,10,2,10
2017100150146,2,9,0,18,0,0,0,0,0,0,1,1,5,1,61,9,1968,2,6,7,3,7
2017100150208,1,19,0,11,0,5,5,0,0,0,1,1,1,1,40,7,1995,2,5,-1,-1,-1
2017100150243,1,1,-1,18,0,0,0,0,0,0,3,1,6,1,23,5,-1,-1,-1,3,2,3
2017100150243,2,9,-1,13,0,0,0,0,0,0,4,1,6,3,-1,-1,1598,1,10,-1,-1,-1
2017100150276,1,9,0,18,0,4,0,0,0,0,1,1,6,1,-1,-1,-1,-1,-1,-1,-1,-1
2017100150276,2,9,0,18,0,3,0,0,0,0,2,1,5,2,70,10,1586,1,2,6,3,6
2017100150574,1,9,-1,5,0,4,0,11,0,0,-1,1,6,1,63,9,1986,2,12,1,1,1
2017100150574,2,1,-1,7,0,8,0,0,0,0,4,1,5,1,37,7,-1,-1,-1,9,2,9
2017100150761,1,21,1,4,0,1,0,0,0,0,1,1,1,1,35,6,12902,2,4,5,2,5
2017100150761,2,90,1,9,0,1,0,0,0,0,2,1,1,1,19,4,-1,-1,-1,-1,-1,-1
2017100151179,1,9,0,18,0,1,1,0,0,0,1,1,5,1,48,8,1968,2,9,7,1,7
2017100151237,1,9,0,6,0,0,0,0,0,0,4,1,6,1,30,6,1398,1,1,2,1,2
2017100151237,2,9,0,18,0,0,1,0,0,0,1,1,6,1,51,8,1783,1,15,2,1,2
2017100151476,1,9,0,18,0,0,0,0,0,0,1,1,5,1,50,8,1968,2,4,7,1,7
2017100151496,1,9,0,11,0,0,0,0,1,0,1,1,2,1,20,4,1968,2,10,9,1,9
2017100151496,2,9,0,12,0,0,0,0,5,0,2,1,2,1,47,8,1368,1,2,1,1,1
2017100151501,1,9,0,13,0,3,5,7,1,1,3,1,6,1,31,6,1984,1,10,2,1,2
2017100151501,2,9,0,18,0,1,0,0,0,0,0,1,5,1,30,6,2998,1,1,5,1,5
2017100151501,3,11,0,7,0,2,0,0,0,0,0,1,1,1,49,8,9000,2,12,3,1,3
2017100151602,1,9,0,7,0,2,0,0,0,0,1,1,2,1,56,9,2359,1,7,9,1,9
2017100151607,1,19,0,18,0,8,0,0,0,0,4,1,6,1,31,6,1896,2,11,-1,-1,-1
2017100151607,2,9,0,18,0,8,0,0,0,0,1,1,6,2,32,6,1198,1,5,-1,-1,-1
2017100151615,1,9,0,1,0,8,0,0,0,0,2,1,5,1,18,4,1242,1,2,6,1,6
2017100152317,1,11,0,5,0,4,0,0,0,0,0,1,1,1,53,8,4461,2,1,-1,-1,-1
2017100152386,1,9,0,18,0,2,0,0,0,0,1,1,6,1,35,6,4000,1,11,5,1,5
2017100152411,1,9,0,18,0,0,1,0,0,0,0,1,5,1,52,8,1386,1,6,9,1,9
2017100152411,2,9,0,18,0,0,0,0,0,0,2,1,2,1,22,5,1997,2,4,1,1,1
2017100152411,3,9,0,2,6,0,0,0,0,0,0,1,5,1,29,6,1796,1,13,2,1,2
2017100152529,1,9,0,18,0,1,0,0,0,0,1,1,5,1,27,6,1390,1,7,9,2,9
2017100152531,1,9,0,18,0,0,2,7,1,0,2,1,5,1,68,10,2000,1,13,-1,-1,-1
2017100152533,1,9,0,18,0,0,0,0,0,0,1,1,5,2,83,11,1984,1,13,2,1,2
2017100152533,2,9,0,18,0,0,0,0,0,0,2,1,5,2,44,7,1398,1,1,5,1,5
2017100152539,1,9,0,18,0,2,0,0,0,0,1,1,5,1,34,6,1584,1,13,-1,-1,-1
2017100152539,2,9,0,2,0,2,0,0,0,0,2,1,5,1,59,9,-1,-1,-1,-1,-1,-1
2017100152871,1,9,0,11,0,0,0,4,1,0,1,1,5,2,59,9,998,1,4,-1,-1,-1
2017100152871,2,9,0,2,0,0,0,0,1,0,2,1,5,1,59,9,3222,2,13,-1,-1,-1
2017100152873,1,8,0,9,0,8,0,0,0,0,1,1,1,1,55,8,1598,2,2,8,1,8
2017100152873,2,9,0,18,0,8,0,0,0,0,4,1,5,2,26,6,1461,2,11,5,1,5
2017100152873,3,11,0,10,0,1,0,0,0,0,1,1,1,1,61,9,9000,2,12,2,1,2
2017100152885,1,9,0,7,0,4,0,0,0,0,1,1,1,1,59,9,1995,2,7,1,1,1
2017100152885,2,1,0,18,0,3,0,0,0,0,1,1,5,1,15,3,-1,-1,-1,2,1,2
2017100152887,1,9,0,4,0,0,1,0,0,0,1,1,6,1,22,5,-1,-1,-1,9,1,9
2017100152887,2,9,0,3,0,0,0,0,1,4,2,1,6,1,57,9,1240,1,9,7,1,7
2017100152887,3,9,0,3,0,0,0,0,0,0,1,1,5,2,34,6,2993,2,11,-1,-1,-1
2017100152887,4,9,0,3,0,0,0,0,0,0,2,1,6,2,64,9,1560,2,4,3,1,3
2017100152887,5,9,0,3,0,0,0,0,0,0,2,1,6,1,46,8,1968,2,6,10,2,10
2017100152890,1,9,0,18,0,4,0,9,0,0,1,1,5,1,56,9,1368,1,1,1,1,1
2017100152890,2,9,0,18,0,4,0,9,0,0,1,1,5,1,45,7,1499,2,2,1,1,1
2017100152895,1,9,0,9,0,2,0,0,0,0,3,1,5,2,42,7,998,1,4,-1,-1,-1
2017100152896,1,9,0,9,0,6,0,0,0,0,1,1,6,3,20,4,1590,1,17,-1,-1,-1
2017100152896,2,1,-1,-1,-1,-1,-1,-1,-1,0,-1,1,5,1,18,4,-1,-1,-1,4,1,4
2017100153168,1,9,0,9,0,1,0,0,0,0,1,1,5,2,58,9,1896,2,9,8,1,8
2017100153168,2,1,0,18,0,1,0,0,0,0,1,1,5,1,59,9,-1,-1,-1,8,1,8
2017100153269,1,9,0,18,0,0,5,0,1,0,4,1,2,2,49,8,1398,1,4,6,2,6
2017100153525,1,9,0,4,0,0,0,0,0,0,1,1,6,2,32,6,1364,1,12,-1,-1,-1
2017100153525,2,9,0,3,0,0,0,0,0,0,2,1,1,2,42,7,1598,1,16,-1,-1,-1
2017100153649,1,1,0,18,0,8,0,0,0,0,4,1,6,1,13,3,-1,-1,-1,5,1,5
2017100153649,2,9,0,16,0,8,0,0,0,0,1,1,5,1,44,7,1956,2,7,2,1,2
2017100153665,1,1,0,18,0,1,0,0,0,0,3,1,5,1,42,7,-1,-1,-1,-1,-1,-1
2017100153665,2,9,0,9,0,1,0,0,0,0,1,1,5,1,76,11,1586,1,3,-1,-1,-1
2017100153678,1,9,0,18,0,1,0,0,0,0,1,1,5,1,68,10,1598,2,1,-1,-1,-1
2017100153678,2,19,0,10,0,1,0,0,0,0,2,1,5,1,55,8,2402,2,14,5,1,5
2017100153689,1,9,0,18,0,1,0,0,0,0,1,1,6,1,37,7,1598,1,14,-1,-1,-1
2017100153689,2,9,0,4,0,1,0,0,0,0,2,1,5,2,25,5,1598,1,7,-1,-1,-1
2017100153988,1,3,0,18,9,0,1,0,0,0,1,1,6,1,20,4,-1,-1,-1,-1,-1,-1
2017100154008,1,9,0,18,0,4,0,0,0,0,1,1,6,1,30,6,-1,-1,-1,-1,-1,-1
2017100154008,2,9,0,3,0,4,0,0,0,0,2,1,6,2,26,6,1197,1,7,-1,-1,-1
2017100154008,3,9,0,3,0,1,0,0,0,0,2,1,6,2,52,8,1995,2,9,9,1,9
2017100154029,1,19,0,18,0,0,0,0,0,0,4,1,1,1,38,7,1995,2,7,4,1,4
2017100154029,2,5,0,18,0,0,0,8,0,0,3,1,1,1,56,9,647,1,22,2,1,2
2017100154029,3,9,0,18,0,0,0,0,0,0,3,1,1,2,46,8,1388,1,7,5,1,5
2017100154037,1,19,0,18,0,0,1,0,0,0,1,1,1,1,24,5,2143,2,1,2,1,2
2017100154037,2,9,0,18,0,0,1,0,0,0,1,1,2,1,23,5,1461,2,1,9,1,9
2017100154037,3,19,0,18,0,0,0,0,0,0,2,1,1,1,41,7,1598,2,2,1,2,1
2017100154059,1,11,-1,7,9,8,0,0,0,0,0,1,1,2,51,8,7300,2,10,-1,3,-1
2017100154068,1,11,-1,7,0,3,0,0,0,0,1,1,1,1,60,9,7300,2,15,2,1,2
2017100154068,2,1,-1,18,0,1,0,0,0,0,4,1,6,1,-1,-1,-1,-1,-1,-1,-1,-1
2017100154073,1,9,0,9,0,8,0,0,0,0,3,1,6,2,60,9,2231,2,9,7,1,7
2017100154073,2,9,0,18,0,1,0,0,0,0,1,1,6,2,26,6,2261,1,-1,10,2,10
2017100154274,1,3,0,9,0,8,0,0,0,0,1,1,6,1,17,4,124,1,7,1,1,1
2017100154274,2,9,0,18,0,8,0,0,0,0,1,1,6,2,42,7,1798,1,1,7,3,7
2017100154274,3,9,0,9,0,8,0,0,0,0,0,1,6,1,20,4,-1,-1,-1,-1,-1,-1
2017100154282,1,9,0,16,0,0,5,0,7,0,3,1,2,2,40,7,1598,1,12,5,2,5
2017100154376,1,9,0,18,0,3,1,0,1,4,1,1,2,2,18,4,1149,1,11,2,1,2
2017100154384,1,9,0,18,0,0,0,0,0,0,1,1,2,2,40,7,1229,1,10,-1,-1,-1
2017100154387,1,9,0,18,0,0,0,0,0,0,1,1,5,2,28,6,1149,1,8,-1,-1,-1
2017100154387,2,9,0,4,0,0,0,0,0,0,0,1,5,1,36,7,1560,2,4,10,1,10
2017100154451,1,9,0,18,0,0,0,0,0,0,1,1,5,1,76,11,1497,1,13,4,1,4
2017100154464,1,9,0,4,0,1,0,0,0,0,3,1,5,2,75,10,1386,1,13,1,1,1
2017100154721,1,9,0,9,0,8,0,0,0,0,4,1,5,1,49,8,1400,1,12,-1,-1,-1
2017100154721,2,9,0,18,0,1,0,0,0,0,1,1,1,1,33,6,1796,1,15,-1,-1,-1
2017100154844,1,9,0,16,0,0,2,0,7,0,1,1,2,1,49,8,-1,3,3,-1,-1,-1
2017100154995,1,9,0,18,0,8,0,0,0,0,1,1,6,3,-1,-1,-1,-1,-1,-1,-1,-1
2017100155228,1,11,-1,3,0,0,0,0,0,0,4,1,1,1,53,8,6700,2,7,10,2,10
2017100155284,1,9,0,6,0,0,0,0,0,0,3,1,5,1,55,8,1598,2,5,-1,-1,-1
2017100155284,2,9,0,18,0,0,0,0,0,0,1,1,5,2,46,8,2480,1,1,-1,-1,-1
2017100155287,1,8,0,9,0,8,0,0,0,0,1,1,1,1,40,7,1896,2,10,1,1,1
2017100155287,2,1,0,18,0,1,0,0,0,0,1,1,6,1,25,5,-1,-1,-1,4,1,4
2017100155533,1,9,0,1,0,1,0,0,0,0,2,1,5,2,36,7,1968,2,2,1,1,1
2017100156000,1,9,0,18,0,1,0,0,0,0,1,1,6,2,30,6,-1,-1,-1,-1,-1,-1
2017100156000,2,9,0,3,0,1,0,0,0,0,2,1,6,2,38,7,1896,2,15,-1,-1,-1
2017100156001,1,9,0,9,0,1,0,0,0,0,1,1,5,1,70,10,1975,1,9,5,2,5
2017100156001,2,9,0,18,0,8,0,0,7,0,1,1,5,1,47,8,1386,1,14,-1,1,-1
2017100156018,1,9,0,17,0,8,5,0,1,11,1,1,5,1,28,6,1240,1,12,-1,-1,-1
2017100156290,1,9,0,18,0,0,0,0,0,0,1,1,2,2,48,8,998,1,7,7,1,7
2017100156290,2,9,0,4,0,0,0,0,0,0,2,1,5,1,74,10,2720,2,9,6,1,6
2017100156367,1,9,0,4,0,1,0,0,0,0,1,1,5,1,24,5,1560,2,6,-1,-1,-1
2017100156367,2,3,0,4,0,1,0,0,0,0,1,1,5,1,17,4,124,1,6,-1,-1,-1
2017100156367,3,9,0,4,0,1,0,0,0,0,2,1,5,2,33,6,1329,1,8,-1,-1,-1
2017100156373,1,9,0,18,0,8,0,0,0,0,1,1,5,2,56,9,1598,1,2,10,1,10
2017100156373,2,9,0,18,0,8,0,0,0,0,3,1,5,1,46,8,1969,8,-1,9,3,9
2017100156375,1,9,0,5,0,1,0,0,0,0,1,1,6,1,16,4,1399,2,14,-1,-1,-1
2017100156375,2,9,0,4,0,1,0,0,0,0,1,1,5,1,41,7,1984,1,14,6,2,6
2017100156378,1,9,0,12,0,0,0,0,0,0,1,1,2,1,33,6,1299,1,15,10,1,10
2017100156378,2,3,0,18,0,0,0,0,0,0,4,1,2,1,20,4,125,1,4,2,1,2
2017100156421,1,9,0,5,0,6,0,0,0,0,1,1,3,1,38,7,1598,2,5,-1,-1,-1
2017100156421,2,1,0,18,0,8,0,0,0,0,1,1,2,1,46,8,-1,-1,-1,-1,-1,-1
2017100156435,1,9,0,5,0,2,0,0,0,0,1,1,5,2,52,8,1995,2,1,-1,-1,-1
2017100156457,1,9,0,18,0,0,0,0,1,0,1,1,6,2,76,11,1398,1,15,7,2,7
2017100156457,2,9,0,18,0,0,0,0,0,0,1,1,6,1,33,6,1968,2,2,3,2,3
2017100156457,3,9,0,2,0,0,0,0,0,0,2,1,6,2,28,6,1248,1,7,8,1,8
2017100156476,1,9,0,18,0,0,0,0,0,0,0,1,5,1,64,9,1461,2,2,10,3,10
2017100156476,2,21,1,2,6,0,0,0,0,0,2,1,1,1,28,6,12740,2,2,10,1,10
2017100156771,1,19,0,18,0,0,1,0,0,0,1,1,1,1,23,5,2198,2,4,-1,-1,-1
2017100156771,2,9,0,4,0,0,0,0,0,0,2,1,1,2,44,7,1968,2,1,1,1,1
2017100156786,1,5,0,9,0,3,1,0,0,0,3,1,5,1,45,7,-1,-1,-1,-1,-1,-1
2017100156988,1,11,0,9,0,8,0,0,0,0,3,1,1,1,25,5,-1,2,18,-1,-1,-1
2017100156988,2,9,0,3,0,1,0,7,0,0,3,1,5,1,40,7,2148,2,12,4,3,4
2017100157095,1,3,0,18,0,1,5,4,0,0,1,1,5,1,47,8,-1,-1,-1,1,1,1
2017100157095,2,19,0,2,0,1,0,0,0,0,2,1,6,3,-1,-1,-1,-1,-1,-1,-1,-1
2017100157138,1,9,0,18,0,2,0,0,0,0,1,1,5,2,64,9,1850,1,18,2,1,2
2017100157151,1,1,0,7,0,0,0,0,0,0,3,1,6,1,30,6,-1,-1,-1,-1,-1,-1
2017100157151,2,9,0,7,0,0,0,0,0,0,3,1,1,1,58,9,-1,-1,-1,-1,-1,-1
2017100157438,1,9,0,18,0,0,0,0,0,0,1,1,5,2,29,6,1598,1,13,5,2,5
2017100157468,1,9,0,5,0,0,0,0,0,0,1,1,6,3,-1,-1,-1,-1,-1,-1,-1,-1
2017100157615,1,9,0,18,0,8,0,0,0,0,1,1,5,2,39,7,1329,1,4,1,1,1
2017100157635,1,9,0,5,0,0,0,0,0,0,2,1,1,1,49,8,1896,2,14,-1,-1,-1
2017100157639,1,9,-1,3,0,1,0,0,0,0,1,1,6,1,-1,-1,1149,1,10,1,1,1
2017100157639,2,9,0,3,0,1,0,0,0,0,2,1,6,1,36,7,1461,2,3,8,1,8
2017100157647,1,9,0,18,0,0,0,0,0,0,1,1,5,3,-1,-1,-1,-1,-1,-1,-1,-1
2017100157647,2,1,0,18,0,0,0,0,1,0,2,1,6,1,79,11,-1,-1,-1,2,2,2
2017100157653,1,9,0,18,0,0,0,0,0,0,1,1,5,1,74,10,1596,1,4,-1,-1,-1
2017100157653,2,9,0,18,0,0,0,0,0,0,2,1,5,2,50,8,1956,2,5,-1,-1,-1
2017100157653,3,9,0,18,0,0,0,0,0,0,2,1,5,2,48,8,1587,1,11,-1,-1,-1