Accident_Index,Vehicle_Reference,Vehicle_Type,Towing_and_Articulation,Vehicle_Manoeuvre,Vehicle_Location-Restricted_Lane,Junction_Location,Skidding_and_Overturning,Hit_Object_in_Carriageway,Vehicle_Leaving_Carriageway,Hit_Object_off_Carriageway,1st_Point_of_Impact,Was_Vehicle_Left_Hand_Drive?,Journey_Purpose_of_Driver,Sex_of_Driver,Age_of_Driver,Age_Band_of_Driver,Engine_Capacity_(CC),Propulsion_Code,Age_of_Vehicle,Driver_IMD_Decile,Driver_Home_Area_Type,Vehicle_IMD_Decile
2017100177690,5,9,0,5,0,8,0,0,0,0,2,1,6,2,35,6,1968,2,2,7,1,7
2017100177723,1,1,0,18,0,0,0,0,0,0,3,1,5,1,35,6,-1,-1,-1,-1,-1,-1
2017100177723,2,9,0,15,0,0,0,0,0,0,4,1,5,2,41,7,1332,1,11,-1,-1,-1
2017100177743,1,9,0,18,0,0,0,0,2,0,4,1,5,1,40,7,1242,1,3,3,1,3
2017100177837,1,9,0,18,0,1,0,0,0,0,1,1,6,1,25,5,1596,1,9,4,1,4
2017100177837,2,9,0,3,0,1,0,0,0,0,2,1,5,1,31,6,1061,1,13,1,1,1
2017100177862,1,9,0,9,0,8,0,0,0,0,1,1,5,1,79,11,1360,1,9,4,2,4
2017100177862,2,9,0,18,0,8,0,0,0,0,1,1,5,2,71,10,998,1,4,6,3,6
2017100177916,1,9,0,9,0,5,0,0,0,0,1,1,6,2,88,11,1198,1,6,4,1,4
2017100177916,2,9,0,18,0,8,0,0,0,0,1,1,6,2,31,6,1968,2,9,1,1,1
2017100177990,1,3,0,18,0,0,5,0,7,4,1,1,6,1,18,4,124,1,1,-1,-1,-1
2017100177996,1,11,0,5,0,0,0,0,0,0,0,1,1,1,39,7,9000,2,10,2,2,2
2017100178012,1,9,0,9,0,6,0,0,0,0,1,1,5,1,45,7,1560,2,10,1,1,1
2017100178012,2,21,0,18,0,8,0,0,0,0,1,1,1,1,26,6,12740,2,2,-1,-1,-1
2017100178013,1,9,0,5,0,2,0,0,0,0,4,1,6,1,-1,-1,-1,-1,-1,-1,-1,-1
2017100178013,2,5,0,18,0,2,0,0,0,0,3,1,5,1,46,8,1000,1,4,4,1,4
2017100178131,1,2,0,17,0,0,0,4,0,0,1,1,5,2,19,4,49,1,3,-1,-1,-1
2017100178131,2,9,0,2,0,0,0,0,0,0,3,1,6,3,-1,-1,-1,-1,-1,-1,-1,-1
2017100178141,1,9,0,3,0,0,0,0,0,0,1,1,6,1,-1,-1,1997,1,15,-1,-1,-1
2017100178141,2,9,0,3,0,0,0,0,0,0,2,1,5,2,50,8,1328,1,10,-1,-1,-1
2017100178173,1,9,-1,18,0,0,0,0,0,0,0,1,6,1,-1,-1,-1,-1,-1,-1,-1,-1
2017100178173,2,9,0,18,0,0,0,0,0,0,0,1,5,2,39,7,1499,1,1,-1,-1,-1
2017100178265,1,21,1,11,0,0,1,0,0,0,4,1,1,1,47,8,12777,2,2,-1,-1,-1
2017100178265,2,9,0,18,0,0,2,0,1,7,3,1,5,2,61,9,2184,2,11,6,1,6
2017100178292,1,9,0,4,0,0,1,0,0,0,1,1,5,2,50,8,1597,2,1,10,1,10
2017100178292,2,9,0,3,0,0,0,0,0,0,2,1,1,2,46,8,1242,1,1,8,1,8
2017100178359,1,9,0,16,0,0,5,0,0,0,3,1,6,1,19,4,1587,1,16,3,1,3
2017100178359,2,9,0,17,0,0,0,0,0,0,3,1,6,2,27,6,998,1,9,-1,-1,-1
2017100178359,3,9,0,17,0,0,0,0,0,0,1,1,6,1,20,4,1968,2,10,1,1,1
2017100178622,1,19,0,4,0,1,0,0,0,0,1,1,2,1,-1,-1,1995,2,4,-1,-1,-1
2017100178622,2,9,0,3,0,1,0,0,0,0,2,1,1,1,47,8,1399,2,5,8,1,8
2017100178778,1,9,0,18,0,1,0,0,3,11,1,1,6,1,29,6,1587,1,15,8,1,8
2017100178778,2,9,0,5,0,1,0,0,0,0,1,1,5,1,26,6,1596,1,10,1,1,1
2017100178827,1,9,0,5,0,4,0,0,0,0,1,1,2,1,43,7,1995,2,7,2,1,2
2017100178827,2,9,0,4,0,1,0,0,0,0,2,1,6,1,32,6,1596,1,16,2,1,2
2017100178891,1,9,0,1,0,1,0,0,0,0,2,1,5,1,25,5,1910,2,13,-1,-1,-1
2017100178891,2,9,0,3,0,1,0,0,0,0,1,1,1,2,49,8,2993,2,1,5,2,5
2017100178891,3,9,0,2,0,1,0,0,0,0,3,1,1,1,46,8,2993,2,2,3,1,3
2017100178967,1,19,0,18,0,1,0,0,0,0,1,1,6,1,39,7,1998,2,13,5,1,5
2017100178967,2,9,0,3,0,1,0,0,0,0,2,1,6,1,38,7,-1,-1,-1,6,1,6
2017100178967,3,19,0,3,0,1,0,0,0,0,2,1,6,1,63,9,1560,2,3,4,1,4
2017100178967,4,9,0,10,0,5,0,0,0,0,2,1,6,1,59,9,1590,1,13,3,1,3
2017100179007,1,9,0,18,0,0,0,0,0,0,1,1,6,1,49,8,-1,-1,-1,4,2,4
2017100179007,2,9,0,10,0,0,0,0,0,0,2,1,6,1,51,8,1560,2,3,6,2,6
2017100179007,3,9,0,18,0,0,0,0,0,0,1,1,5,1,82,11,2993,2,4,9,1,9
2017100179020,1,9,0,18,0,0,0,0,0,0,1,1,5,2,20,4,1390,1,15,1,1,1
2017100179125,1,9,0,5,0,6,0,0,0,0,3,1,5,2,50,8,1199,1,15,-1,-1,-1
2017100179125,2,1,0,18,0,1,0,0,0,0,1,1,2,1,51,8,-1,-1,-1,-1,-1,-1
2017100179144,1,9,0,9,0,6,0,0,0,0,3,1,5,1,18,4,1248,2,6,-1,-1,-1
2017100179144,2,9,0,18,0,1,0,0,0,0,1,1,6,1,34,6,1596,1,14,6,1,6
2017100179147,1,9,0,18,0,3,0,0,1,0,1,1,5,1,32,6,2204,2,10,2,1,2
2017100179147,2,11,0,18,0,3,0,0,6,0,4,1,1,1,69,10,4461,2,1,-1,-1,-1
2017100179147,3,9,0,2,5,2,0,0,0,0,1,1,6,3,-1,-1,-1,-1,-1,-1,-1,-1
2017100179147,4,9,0,2,5,1,0,0,0,0,1,1,6,3,-1,-1,-1,-1,-1,-1,-1,-1
2017100179155,1,9,0,5,6,6,0,0,0,0,3,1,5,1,83,11,998,1,4,5,2,5
2017100179155,2,1,0,14,0,2,0,0,0,0,1,1,5,1,49,8,-1,-1,-1,6,2,6
2017100179155,3,1,0,14,0,2,0,0,0,0,1,1,5,1,53,8,-1,-1,-1,5,2,5
2017100179162,1,9,0,5,0,0,0,0,0,0,1,1,6,2,-1,-1,1461,2,8,7,1,7
2017100179162,2,9,0,5,0,0,0,0,0,0,2,1,5,2,34,6,1498,1,1,7,1,7
2017100179311,1,9,0,18,0,0,0,0,0,0,1,1,5,1,17,4,1198,1,14,4,1,4
2017100179311,2,9,0,18,0,0,0,0,0,0,2,1,5,2,38,7,1598,2,1,10,1,10
2017100179343,1,9,0,18,0,2,1,0,0,0,1,1,6,1,35,6,1149,1,13,4,1,4
2017100179343,2,9,0,18,0,2,0,0,0,0,1,1,6,2,20,4,999,1,-1,3,1,3
2017100179343,3,9,0,18,0,2,0,0,0,0,1,1,6,2,18,4,1124,1,7,8,1,8
2017100179343,4,9,0,2,0,2,0,0,0,0,2,1,6,1,76,11,1149,1,9,4,1,4
2017100179384,1,9,0,1,0,1,0,0,0,0,2,1,2,1,72,10,1198,1,10,8,1,8
2017100179397,1,9,0,17,0,4,0,0,0,0,4,1,6,1,38,7,1461,2,8,-1,1,-1
2017100179397,2,9,0,18,0,4,0,0,0,0,3,1,6,1,19,4,-1,-1,-1,3,1,3
2017100179402,1,9,0,5,0,3,1,0,0,0,3,1,5,1,34,6,1968,2,11,3,1,3
2017100179402,2,9,0,3,0,1,0,0,0,0,3,1,5,1,32,6,1560,2,10,10,1,10
2017100179495,1,9,0,18,0,8,0,0,0,0,1,1,5,1,20,4,1560,2,7,4,1,4
2017100179495,2,9,0,5,0,8,0,0,0,0,2,1,5,1,41,7,1560,2,13,1,1,1
2017100179550,1,9,0,18,5,1,1,0,1,0,1,1,5,1,19,4,1598,1,9,10,1,10
2017100179550,2,9,0,18,0,1,0,0,0,0,0,1,5,1,17,4,1229,1,6,10,1,10
2017100179646,1,9,0,18,0,0,0,0,0,0,1,1,5,2,21,5,1242,1,9,-1,-1,-1
2017100179646,2,9,0,18,0,0,0,0,0,0,2,1,6,1,55,8,1598,1,1,-1,-1,-1
2017100180024,1,9,0,12,0,6,0,0,0,0,2,1,5,2,21,5,1349,1,7,9,1,9
2017100180024,2,9,0,18,0,1,0,0,0,0,1,1,2,1,39,7,1997,2,17,4,1,4
2017100180092,1,9,0,16,0,2,2,0,2,2,1,1,5,1,18,4,-1,-1,-1,-1,-1,-1
2017100180158,1,19,0,18,0,1,1,9,3,4,1,1,5,1,47,8,2143,2,7,1,1,1
2017100180188,1,9,0,18,-1,0,1,0,0,0,1,1,2,1,21,5,1229,1,8,3,2,3
2017100180189,1,9,0,9,0,1,0,0,0,0,1,1,6,2,23,5,1956,2,5,3,1,3
2017100180189,2,9,0,18,0,8,0,0,0,0,1,1,5,2,25,5,1149,1,11,1,1,1
2017100180264,1,21,0,5,0,4,0,0,0,0,1,1,1,1,57,9,12740,2,5,7,1,7
2017100180264,2,9,0,3,0,1,0,0,0,0,2,1,1,1,47,8,-1,-1,-1,-1,-1,-1
2017100180265,1,19,0,18,0,0,1,0,0,0,1,1,1,1,41,7,2198,2,4,4,2,4
2017100180290,1,9,0,18,0,1,0,0,0,0,1,1,6,1,30,6,1753,2,8,1,1,1
2017100180290,2,9,0,3,0,1,0,0,0,0,2,1,6,2,33,6,1364,1,9,1,1,1
2017100180290,3,9,0,3,0,1,0,0,0,0,2,1,6,2,35,6,1598,1,10,2,1,2
2017100180290,4,9,0,3,0,1,0,0,0,0,2,1,6,2,30,6,1598,1,10,1,1,1
2017100180328,1,9,0,1,0,0,0,0,0,0,2,1,6,1,-1,-1,-1,-1,-1,-1,-1,-1
2017100180328,2,9,0,3,0,0,0,0,0,0,1,1,5,2,36,7,1360,1,11,4,1,4
2017100180370,1,9,0,4,0,0,0,0,0,0,1,1,2,2,40,7,1995,2,9,-1,-1,-1
2017100180370,2,9,0,3,0,0,0,0,0,0,2,1,6,2,41,7,1998,1,3,-1,-1,-1
2017100180395,1,9,0,18,0,1,0,0,0,0,1,1,1,1,-1,-1,-1,-1,-1,-1,-1,-1
2017100180395,2,9,0,4,0,1,0,0,0,0,2,1,2,1,33,6,1596,1,8,4,1,4
2017100180395,3,9,0,4,0,1,0,0,0,0,2,1,2,2,35,6,1364,1,8,9,1,9
2017100180463,1,9,0,18,0,1,0,0,0,0,1,1,6,1,36,7,1560,2,2,-1,-1,-1
2017100180463,2,9,0,3,0,1,0,0,0,0,2,1,5,2,32,6,1364,1,8,-1,-1,-1
2017100180470,1,9,0,5,0,4,0,0,0,0,1,1,6,1,50,8,1969,2,1,5,1,5
2017100180470,2,9,0,5,0,4,0,0,0,0,2,1,2,2,23,5,1560,2,8,1,1,1
2017100180526,1,9,0,1,0,1,0,0,0,0,2,1,6,1,77,11,1396,1,19,3,1,3
2017100180526,2,9,0,18,0,2,0,0,0,0,1,1,6,2,31,6,1386,1,9,3,1,3
2017100180565,1,9,-1,9,0,8,0,0,0,0,1,1,6,1,69,10,1461,2,7,7,1,7
2017100180565,2,98,-1,18,0,1,0,0,0,0,1,1,6,1,47,8,-1,-1,-1,-1,-1,-1
2017100180665,1,8,0,18,0,0,0,0,0,0,1,1,6,3,-1,-1,-1,-1,-1,-1,-1,-1
2017100180716,1,9,0,18,0,6,0,4,0,0,1,1,5,1,26,6,1796,1,2,1,1,1
2017100180716,2,9,0,18,0,8,0,0,0,0,4,1,5,1,45,7,898,1,1,2,1,2
2017100180716,3,9,0,2,0,2,0,0,0,0,2,1,5,1,43,7,1896,2,12,3,1,3
2017100180737,1,9,0,9,0,1,0,0,0,0,1,1,1,1,25,5,-1,-1,-1,5,2,5
2017100180737,2,9,0,18,0,1,0,0,0,0,1,1,5,2,40,7,1242,1,4,5,1,5
2017100180755,1,9,0,4,0,0,0,0,7,2,1,1,5,1,20,4,1229,1,3,4,1,4
2017100180765,1,9,0,18,0,0,0,0,0,0,4,1,5,2,27,6,1390,1,3,3,3,3
2017100180815,1,9,0,18,0,0,0,0,0,0,1,1,6,3,-1,-1,1299,1,14,-1,-1,-1
2017100180815,2,9,0,3,0,0,0,0,0,0,2,1,6,2,53,8,1560,2,3,-1,-1,-1
2017100180815,3,9,0,3,0,0,0,0,0,0,2,1,6,1,-1,-1,-1,-1,-1,-1,-1,-1
2017100180907,1,8,0,4,0,1,0,0,0,0,4,1,1,1,54,8,1598,2,2,3,1,3
2017100180907,2,9,0,3,0,1,0,0,0,0,0,1,5,1,34,6,1968,2,1,2,1,2
2017100180920,1,9,-1,-1,0,4,0,0,0,0,-1,1,6,3,-1,-1,-1,-1,-1,-1,-1,-1
2017100180920,2,11,0,-1,-1,4,0,0,0,0,-1,1,1,1,24,5,3900,2,12,8,1,8
2017100181085,1,9,0,18,0,0,0,0,0,0,1,1,5,1,50,8,1796,1,14,6,1,6
2017100181085,2,9,0,18,0,0,0,0,0,0,2,1,5,1,56,9,1984,1,2,8,1,8
2017100181106,1,4,0,5,0,0,1,0,0,0,4,1,5,1,17,4,398,1,22,6,2,6
2017100181106,2,9,0,3,0,0,0,0,0,0,4,1,5,2,55,8,1598,2,11,-1,-1,-1
2017100181123,1,9,0,18,0,0,0,0,0,0,1,1,5,1,86,11,1840,1,15,5,1,5
2017100181123,2,9,0,2,0,0,0,0,1,0,1,1,6,1,58,9,-1,-1,-1,2,1,2
2017100181170,1,9,-1,4,0,0,1,4,0,0,1,1,6,1,50,8,1339,1,7,-1,-1,-1
2017100181170,2,9,-1,3,0,0,0,0,0,0,2,1,5,2,42,7,1686,2,13,-1,-1,-1
2017100181177,1,9,0,18,0,0,2,0,7,11,1,1,6,2,27,6,4461,2,3,4,3,4
2017100181256,1,9,0,5,0,2,0,0,0,0,1,1,6,1,48,8,2993,2,2,4,1,4
2017100181256,2,1,0,5,0,1,0,0,0,0,1,1,2,1,39,7,-1,-1,-1,-1,-1,-1
2017100181361,1,19,0,5,0,4,0,0,0,0,1,1,6,1,21,5,2143,2,2,-1,-1,-1
2017100181361,2,9,0,9,0,8,0,0,0,0,4,1,6,1,51,8,1328,1,13,-1,3,-1
2017100181390,1,9,0,7,0,2,0,0,0,0,1,1,6,1,47,8,1951,2,14,4,2,4
2017100181390,2,9,0,18,0,8,0,0,0,0,3,1,5,1,39,7,1598,1,12,3,1,3
2017100181443,1,9,0,18,0,0,0,0,1,0,1,1,5,2,19,4,1956,2,4,5,3,5
2017100181443,2,17,0,18,0,0,0,0,1,0,0,1,1,1,19,4,-1,-1,-1,7,3,7
2017100181445,1,11,0,18,0,4,0,0,0,0,0,1,1,1,54,8,9000,2,12,1,1,1
2017100181463,1,19,-1,4,0,0,0,0,0,0,1,1,6,1,25,5,1598,2,2,-1,-1,-1
2017100181463,2,9,-1,3,0,0,0,0,0,0,2,1,6,1,22,5,1896,2,11,-1,-1,-1
2017100181466,1,9,0,18,0,0,0,0,0,0,1,1,6,3,-1,-1,-1,-1,-1,-1,-1,-1
2017100181800,1,9,0,18,0,0,0,0,0,0,1,1,5,2,84,11,1596,1,7,7,3,7
2017100181800,2,9,0,18,0,0,0,0,0,0,2,1,5,1,69,10,1997,2,15,4,1,4
2017100181800,3,9,0,18,0,0,0,0,0,0,2,1,5,1,44,7,1461,2,3,1,1,1
2017100181809,1,9,-1,18,0,8,0,0,0,0,1,1,6,1,-1,-1,1596,1,14,-1,-1,-1
2017100181809,2,1,-1,18,0,2,0,0,0,0,1,1,6,1,25,5,-1,-1,-1,1,1,1
2017100181827,1,9,0,5,0,0,0,0,0,0,3,1,5,2,33,6,1461,2,5,5,1,5
2017100181827,3,1,0,18,0,0,0,0,0,0,1,1,6,1,32,6,-1,-1,-1,3,1,3
2017100181968,1,3,0,13,0,8,0,0,0,0,1,1,6,1,30,6,124,1,3,5,1,5
2017100181968,2,9,0,9,0,6,0,0,0,0,1,1,6,1,27,6,1968,2,8,6,1,6
2017100182055,1,9,0,18,0,1,0,0,0,0,1,1,6,3,-1,-1,-1,-1,-1,-1,-1,-1
2017100182078,1,11,0,18,0,4,0,0,0,0,0,1,1,1,46,8,9000,2,10,1,1,1
2017100182078,2,3,0,18,0,4,0,0,0,0,0,1,6,1,53,8,124,1,3,7,1,7
2017100182181,1,9,0,17,0,1,0,0,0,0,1,1,6,1,35,6,1997,2,8,2,1,2
2017100182181,2,9,0,17,0,1,0,0,0,0,1,1,6,1,32,6,1686,2,12,1,1,1
2017100182464,1,9,0,7,0,6,0,0,0,0,3,1,1,1,59,9,1248,2,9,-1,-1,-1
2017100182464,2,1,0,18,0,8,0,0,0,0,1,1,1,1,53,8,-1,-1,-1,2,1,2
2017100182586,1,9,0,9,0,5,0,0,0,0,4,1,1,1,50,8,1910,2,12,5,1,5
2017100182586,2,9,0,18,0,8,0,0,0,0,1,1,5,1,31,6,1598,2,7,-1,-1,-1
2017100182591,1,9,0,16,0,0,0,0,1,0,1,1,6,2,33,6,1997,2,11,10,1,10
2017100182591,2,9,0,18,0,0,0,0,1,0,1,1,6,2,65,9,1968,2,1,7,3,7
2017100182763,1,11,0,4,0,1,0,0,0,0,1,1,1,1,54,8,4250,2,6,1,1,1
2017100182763,2,9,0,4,0,1,0,0,0,0,2,1,5,2,23,5,1197,1,-1,-1,-1,-1
2017100182776,1,9,0,5,5,6,0,0,0,0,1,1,5,1,55,8,2400,2,6,9,1,9
2017100182776,2,1,0,18,5,8,0,0,0,0,3,1,6,2,48,8,-1,-1,-1,-1,-1,-1
2017100182810,1,9,0,13,0,8,0,0,0,0,1,1,5,1,22,5,1896,2,9,1,1,1
2017100182810,2,9,0,9,0,5,0,0,0,0,3,1,5,2,21,5,1398,1,6,1,1,1
2017100182892,1,9,0,9,0,6,0,0,0,0,1,1,6,1,-1,-1,1390,1,8,8,3,8
2017100182892,2,9,0,17,0,8,0,0,0,0,3,1,5,1,35,6,1399,2,12,6,1,6
2017100182893,1,9,0,4,0,0,0,0,0,0,1,1,6,1,22,5,1596,1,3,3,1,3
2017100182893,2,9,0,10,0,0,0,0,0,0,2,1,6,1,46,8,1598,1,10,10,1,10
2017100182908,1,9,0,18,0,1,0,0,0,0,1,1,5,1,49,8,1968,2,2,-1,-1,-1
2017100182908,2,1,0,18,0,1,0,0,0,0,2,1,2,1,25,5,-1,-1,-1,6,1,6
2017100182947,1,9,0,9,0,0,0,0,0,0,1,1,6,1,49,8,1499,2,4,9,1,9
2017100182947,2,9,0,14,0,0,0,0,0,0,1,1,6,1,25,5,1198,1,11,4,2,4
2017100182956,1,9,0,18,0,1,0,0,0,0,1,1,6,1,51,8,1198,1,7,-1,-1,-1
2017100182956,2,9,0,9,0,1,0,0,0,0,2,1,6,2,59,9,1229,1,7,10,1,10
2017100183036,1,9,0,16,0,1,0,0,0,0,1,1,6,3,-1,-1,1199,1,16,-1,-1,-1
2017100183036,2,9,0,4,0,1,0,0,0,0,2,1,5,1,21,5,1398,1,1,4,1,4
2017100183056,1,9,0,4,0,1,1,0,4,1,1,1,6,1,18,4,998,1,17,3,1,3
2017100183167,1,9,0,4,0,4,0,0,0,0,1,1,5,2,24,5,1598,2,4,9,1,9
2017100183167,2,3,0,4,0,4,0,0,0,0,2,1,5,1,70,10,125,1,10,8,1,8
2017100183182,1,9,0,11,0,3,0,0,0,0,4,1,6,1,25,5,1396,1,16,-1,-1,-1
2017100183182,2,9,0,18,0,3,0,0,0,0,3,1,2,2,23,5,1769,1,12,-1,-1,-1
2017100183225,1,9,-1,16,0,2,0,0,0,0,1,1,6,1,-1,-1,-1,-1,-1,-1,-1,-1
2017100183225,2,9,-1,16,0,2,0,0,0,0,4,1,6,1,58,9,2143,2,5,-1,-1,-1
2017100183226,1,9,0,7,0,6,0,0,0,0,4,1,6,2,-1,-1,-1,-1,-1,-1,-1,-1
2017100183226,2,1,0,18,0,8,5,0,0,0,0,1,2,1,29,6,-1,-1,-1,1,1,1
2017100183294,1,9,0,9,0,6,0,0,0,0,1,1,5,2,55,8,1598,1,4,1,1,1
2017100183294,2,1,0,18,0,8,0,0,0,0,1,1,5,1,39,7,-1,-1,-1,6,1,6
2017100183295,1,9,0,5,0,2,0,0,0,0,4,1,1,1,46,8,-1,-1,-1,1,1,1
2017100183325,1,9,0,16,0,0,5,0,1,0,1,1,5,1,19,4,1598,1,10,8,1,8
2017100183333,1,9,0,5,0,1,0,0,0,0,1,1,1,1,40,7,2993,2,1,8,1,8
2017100183333,2,9,0,3,0,1,0,0,0,0,2,1,6,1,64,9,1997,2,7,1,1,1
2017100183334,1,9,0,1,0,1,0,0,0,0,2,1,6,1,43,7,-1,-1,-1,10,1,10
2017100183376,1,9,0,18,0,1,0,0,0,0,1,1,6,2,62,9,1242,1,16,1,1,1
2017100183376,2,9,0,3,0,1,0,0,0,0,2,1,6,1,58,9,1598,2,3,7,1,7
2017100183413,1,9,0,7,0,5,0,0,0,0,1,1,6,2,17,4,1242,1,11,5,3,5
2017100183464,1,9,0,9,0,1,0,0,0,0,4,1,2,1,48,8,1399,1,12,1,1,1
2017100183464,2,1,0,18,0,1,0,0,0,0,1,1,2,1,30,6,-1,-1,-1,7,1,7
2017100183500,1,9,0,18,0,6,0,0,0,0,3,1,5,1,20,4,998,1,11,2,1,2
2017100183500,2,9,0,18,0,8,0,0,0,0,1,1,5,2,60,9,1461,2,3,1,1,1
2017100183501,1,9,0,4,0,8,0,0,0,0,3,1,5,2,33,6,1248,1,7,-1,-1,-1
2017100183501,2,9,0,18,0,8,0,0,0,0,1,1,6,1,73,10,1995,1,3,6,2,6
2017100183513,1,9,0,18,0,1,0,0,0,0,1,1,2,2,55,8,1968,2,10,2,1,2
2017100183513,2,9,0,18,0,4,0,0,0,0,2,1,1,1,52,8,1598,2,3,-1,-1,-1
2017100183560,1,9,0,18,0,1,5,0,0,0,4,1,2,2,25,5,998,1,7,4,2,4
2017100183560,2,9,0,2,0,1,0,0,0,0,3,1,5,1,39,7,1995,1,13,10,1,10
2017100183560,3,9,0,18,0,1,0,0,0,0,3,1,5,2,59,9,2400,2,7,10,1,10
2017100183637,1,9,0,9,0,2,0,0,0,0,1,1,6,1,83,11,1598,1,11,-1,-1,-1
2017100183646,1,8,0,7,0,8,0,0,0,0,4,1,1,1,-1,-1,-1,-1,-1,-1,-1,-1
2017100183646,2,1,0,18,4,8,0,0,1,0,1,1,5,1,30,6,-1,-1,-1,-1,-1,-1
2017100183658,1,8,0,18,0,1,0,0,0,0,1,1,1,1,41,7,1497,8,9,3,1,3
2017100183676,1,-1,-1,13,0,1,0,0,0,0,4,1,6,3,-1,-1,-1,-1,-1,-1,-1,-1
2017100183676,2,9,0,18,0,1,0,0,0,0,3,1,6,2,32,6,1910,2,10,4,1,4
2017100183759,1,9,0,18,0,1,0,0,0,0,1,1,5,1,50,8,1598,1,17,2,1,2
2017100183759,2,9,0,10,0,1,0,0,0,0,2,1,5,2,36,7,1956,2,2,-1,1,-1
2017100183770,1,9,0,18,0,1,0,0,0,0,1,1,6,1,18,4,2143,2,3,6,1,6
2017100183772,1,9,0,9,0,8,0,0,0,0,1,1,6,2,18,4,1248,1,2,3,1,3
2017100183772,2,9,0,18,0,8,0,0,0,0,3,1,6,2,19,4,1149,1,15,1,1,1
2017100183780,1,9,0,4,0,1,1,0,0,0,1,1,1,1,25,5,1968,2,8,-1,-1,-1
2017100183780,2,9,0,18,0,8,0,0,0,0,1,1,5,2,53,8,999,1,1,7,1,7
2017100183832,1,9,0,18,0,4,0,0,0,0,1,1,6,1,42,7,1598,1,13,4,2,4
2017100183832,2,9,0,18,0,4,0,0,0,0,4,1,5,2,19,4,1896,2,9,2,2,2
2017100183850,1,9,0,18,0,1,0,0,0,0,1,1,6,3,-1,-1,-1,-1,-1,-1,-1,-1
2017100183850,2,9,0,18,0,1,1,0,7,2,2,1,6,1,25,5,1590,1,14,7,1,7
2017100183850,3,9,0,10,0,1,0,0,0,0,1,1,6,2,30,6,1242,1,1,4,2,4
2017100183862,1,9,0,18,0,1,0,4,0,0,1,1,5,1,31,6,1229,1,8,-1,-1,-1
2017100183862,2,9,0,2,0,1,0,0,0,0,2,1,6,3,-1,-1,-1,-1,-1,-1,-1,-1
2017100183911,1,9,0,9,0,0,0,0,0,0,4,1,5,2,60,9,1994,1,9,-1,-1,-1
2017100183911,2,1,0,18,0,0,2,0,0,0,3,1,5,1,50,8,-1,-1,-1,-1,-1,-1
2017100184062,1,9,0,18,0,0,0,0,0,0,1,1,6,1,58,9,2498,1,-1,7,3,7
2017100184062,2,9,0,18,0,0,5,0,7,0,1,1,6,2,21,5,1461,2,-1,6,3,6
2017100184090,1,9,0,5,0,4,0,0,0,0,1,1,5,1,62,9,1560,2,6,8,3,8
2017100184090,2,1,0,18,0,8,0,0,0,0,1,1,5,2,53,8,-1,-1,-1,3,1,3
2017100184117,1,19,0,16,0,0,1,0,1,0,1,1,6,2,44,7,2402,2,13,1,2,1
2017100184152,1,11,0,4,0,0,0,0,0,0,0,1,1,1,57,9,4461,2,4,-1,-1,-1
2017100184156,1,1,0,7,0,6,0,0,0,0,1,1,6,1,35,6,-1,-1,-1,8,1,8
2017100184156,2,9,0,18,0,8,0,0,0,0,1,1,1,2,34,6,1149,1,13,3,1,3
2017100184279,1,9,0,4,0,7,0,0,0,0,1,1,1,1,34,6,1242,1,7,4,1,4
2017100184279,2,9,0,3,0,1,0,0,0,0,2,1,6,2,36,7,1200,1,-1,6,1,6
2017100184300,1,9,0,1,0,1,0,0,0,0,1,1,6,1,71,10,1560,2,3,6,1,6
2017100184315,1,9,0,18,0,4,0,0,0,0,1,1,6,1,51,8,1896,2,14,8,1,8
2017100184315,2,9,0,9,0,8,0,0,0,0,4,1,6,2,29,6,1598,1,5,4,1,4
2017100184408,1,9,0,5,0,1,0,0,0,0,1,1,5,2,66,10,1896,2,15,1,2,1
2017100184408,2,9,0,4,0,1,0,0,0,0,1,1,5,1,70,10,1398,1,5,1,1,1
2017100184418,1,9,0,18,0,4,0,0,3,4,1,1,5,1,90,11,1240,1,8,10,1,10
2017100184426,1,11,0,18,0,1,1,0,0,0,0,1,1,1,47,8,6692,2,8,3,1,3
2017100184449,1,8,0,5,0,0,0,0,0,0,0,1,6,1,47,8,1968,2,9,1,1,1
2017100184518,1,9,0,18,0,8,0,0,1,0,1,1,5,2,52,8,999,1,1,1,1,1
2017100184518,2,9,0,9,0,5,0,0,5,1,1,1,5,2,52,8,2143,2,3,9,1,9
2017100184524,1,9,0,5,0,8,0,0,0,0,4,1,5,2,61,9,1598,2,4,3,1,3
2017100184541,1,9,0,18,0,0,0,0,7,4,1,1,5,1,21,5,2000,2,8,7,3,7
2017100184543,1,9,0,9,0,5,0,0,0,0,1,1,6,3,-1,-1,-1,-1,-1,-1,-1,-1
2017100184543,2,9,0,18,0,2,0,0,0,0,1,1,5,1,22,5,2521,1,7,-1,-1,-1
2017100184585,1,9,0,5,0,0,0,0,0,0,4,1,6,1,26,6,1999,1,15,1,1,1
2017100184585,2,22,0,18,9,0,0,0,0,0,4,1,5,1,48,8,-1,-1,-1,1,1,1
2017100184692,1,9,0,18,0,8,0,0,0,0,1,1,6,1,-1,-1,-1,-1,-1,-1,-1,-1
2017100184692,2,9,0,9,0,6,0,0,0,0,1,1,5,2,26,6,875,1,5,-1,-1,-1
2017100184725,1,9,0,7,0,8,0,0,0,0,4,1,6,2,63,9,1299,1,15,6,2,6
2017100184725,2,1,0,18,0,1,0,0,0,0,1,1,6,1,58,9,-1,-1,-1,4,2,4