Accident_Index,Vehicle_Reference,Vehicle_Type,Towing_and_Articulation,Vehicle_Manoeuvre,Vehicle_Location-Restricted_Lane,Junction_Location,Skidding_and_Overturning,Hit_Object_in_Carriageway,Vehicle_Leaving_Carriageway,Hit_Object_off_Carriageway,1st_Point_of_Impact,Was_Vehicle_Left_Hand_Drive?,Journey_Purpose_of_Driver,Sex_of_Driver,Age_of_Driver,Age_Band_of_Driver,Engine_Capacity_(CC),Propulsion_Code,Age_of_Vehicle,Driver_IMD_Decile,Driver_Home_Area_Type,Vehicle_IMD_Decile
2017100184876,1,9,0,16,0,1,1,0,0,0,1,1,2,1,30,6,1870,2,13,-1,-1,-1
2017100184876,2,9,0,16,0,1,0,0,0,0,3,1,6,2,34,6,2993,2,4,-1,-1,-1
2017100184877,1,9,0,18,0,8,0,0,0,0,1,1,6,1,21,5,1968,2,6,1,1,1
2017100184877,2,9,0,18,0,8,0,0,0,0,1,1,6,1,29,6,1781,1,15,1,1,1
2017100184890,1,9,0,18,0,2,0,0,0,0,1,1,2,1,25,5,1781,1,14,4,3,4
2017100184890,2,1,0,18,0,8,5,0,0,0,4,1,2,1,38,7,-1,-1,-1,5,1,5
2017100184893,1,9,0,18,0,1,1,0,0,0,1,1,6,1,-1,-1,-1,-1,-1,-1,-1,-1
2017100184893,2,9,0,4,0,1,0,0,0,0,2,1,5,1,20,4,1596,1,1,5,1,5
2017100184970,1,9,0,18,0,8,0,0,0,0,1,1,6,2,56,9,1984,1,2,6,1,6
2017100184970,2,9,0,18,0,8,0,0,0,0,3,1,6,2,55,8,1968,2,4,10,1,10
2017100184984,1,9,0,18,0,0,0,0,0,0,1,1,6,2,23,5,1248,1,7,3,1,3
2017100184984,2,9,0,18,0,0,0,0,0,0,2,1,6,1,75,10,1490,1,12,9,1,9
2017100184984,3,9,0,3,0,0,0,0,0,0,2,1,6,2,19,4,1242,1,9,2,2,2
2017100184987,1,9,0,7,4,1,0,0,0,0,4,1,1,1,28,6,1248,2,3,-1,-1,-1
2017100184987,2,1,0,18,4,1,0,0,0,0,1,1,2,1,28,6,-1,-1,-1,-1,-1,-1
2017100185054,1,9,0,18,0,0,0,0,0,0,1,1,1,1,57,9,1968,2,2,-1,-1,-1
2017100185054,2,9,0,4,0,0,0,0,0,0,2,1,1,2,50,8,1242,1,2,-1,-1,-1
2017100185054,3,9,0,4,0,0,0,0,4,0,2,1,1,1,26,6,1910,2,10,-1,-1,-1
2017100185058,1,9,0,7,5,0,0,0,0,0,4,1,5,1,73,10,1596,1,8,-1,-1,-1
2017100185058,2,1,0,18,5,0,0,0,0,0,1,1,5,1,14,3,-1,-1,-1,-1,-1,-1
2017100185100,1,9,0,18,0,0,1,10,8,0,4,1,5,1,26,6,1781,1,15,5,1,5
2017100185100,2,9,0,18,0,0,5,0,2,0,0,1,5,2,80,11,1398,1,1,8,1,8
2017100185126,1,9,0,7,0,3,0,0,0,0,4,1,6,1,71,10,1598,1,3,5,1,5
2017100185126,2,1,0,18,0,8,0,0,0,0,1,1,6,1,53,8,-1,-1,-1,4,1,4
2017100185127,1,9,0,18,0,4,0,0,0,0,1,1,6,1,39,7,998,1,1,1,1,1
2017100185127,2,1,0,18,0,8,0,0,0,0,4,1,6,1,43,7,-1,-1,-1,7,1,7
2017100185154,1,3,0,9,0,1,0,0,0,0,1,1,6,1,26,6,124,1,15,4,1,4
2017100185154,2,9,0,18,0,1,0,0,0,0,3,1,6,1,37,7,2698,2,10,1,1,1
2017100185154,3,9,0,3,0,1,0,0,0,0,2,1,2,1,47,8,1995,2,4,3,1,3
2017100185374,1,9,0,7,0,6,0,0,0,0,3,1,6,2,35,6,1229,1,10,2,1,2
2017100185374,2,11,0,18,0,1,0,0,0,0,4,1,6,1,56,9,-1,-1,-1,7,1,7
2017100185407,1,9,0,18,0,8,0,0,0,0,1,1,2,2,33,6,1198,1,7,10,1,10
2017100185419,1,21,0,1,0,0,0,0,0,0,2,1,1,1,57,9,-1,-1,-1,2,1,2
2017100185423,1,9,0,13,0,0,0,0,0,0,1,1,5,1,19,4,1910,2,9,4,1,4
2017100185456,1,9,0,9,0,2,0,0,0,0,1,1,6,1,17,4,-1,-1,-1,-1,-1,-1
2017100185456,2,1,0,9,0,5,0,0,0,0,3,1,6,1,39,7,-1,-1,-1,2,1,2
2017100185458,1,5,0,16,0,0,0,0,0,0,1,1,6,1,33,6,599,1,13,3,1,3
2017100185458,2,9,0,18,0,0,0,0,1,0,1,1,5,1,46,8,1997,2,2,10,2,10
2017100185469,1,11,-1,18,0,2,0,0,0,0,-1,1,1,1,38,7,9000,2,10,1,1,1
2017100185478,1,19,4,18,0,0,0,4,0,0,1,1,1,1,55,8,2143,2,1,-1,-1,-1
2017100185478,2,9,0,5,0,0,0,0,1,0,2,1,5,1,84,11,1240,1,9,-1,-1,-1
2017100185483,1,9,-1,2,0,1,0,0,0,0,3,1,6,1,51,8,1997,2,5,1,1,1
2017100185483,2,1,-1,14,0,1,0,0,0,0,4,1,6,1,54,8,-1,-1,-1,7,3,7
2017100185490,1,21,1,11,0,0,3,0,0,0,4,1,1,1,35,6,12777,2,2,2,1,2
2017100185490,2,9,0,18,0,0,0,0,0,0,3,1,2,1,31,6,1329,1,5,4,1,4
2017100185490,3,9,0,18,0,0,0,0,0,0,0,1,1,1,40,7,1598,2,2,-1,-1,-1
2017100185507,1,9,0,18,0,0,0,0,0,0,4,1,2,1,51,8,1560,2,4,1,1,1
2017100185567,1,1,0,18,0,6,1,0,0,0,3,1,6,1,12,3,-1,-1,-1,3,1,3
2017100185567,2,9,0,18,0,8,0,0,0,0,1,1,2,2,20,4,1198,1,6,3,1,3
2017100185591,1,9,0,4,0,1,0,0,0,0,2,1,1,1,50,8,1968,2,9,2,1,2
2017100185591,2,9,0,18,0,1,0,0,0,0,1,1,6,3,-1,-1,1242,1,15,-1,-1,-1
2017100185609,1,1,0,18,0,4,0,0,0,0,1,1,6,1,52,8,-1,-1,-1,5,1,5
2017100185609,2,9,0,18,0,4,0,0,0,0,1,1,6,1,63,9,-1,-1,-1,7,1,7
2017100185661,1,9,0,4,0,0,0,0,0,0,1,1,6,1,91,11,-1,-1,-1,2,1,2
2017100185661,2,8,0,2,0,0,0,0,0,0,2,1,5,1,55,8,1896,2,7,9,2,9
2017100185727,1,9,0,4,0,0,1,0,0,0,1,1,5,2,54,8,1598,2,2,4,1,4
2017100185727,2,9,0,4,0,0,0,0,0,0,2,1,6,1,34,6,1998,8,1,9,1,9
2017100185825,1,19,0,18,0,0,0,0,0,0,4,1,5,1,40,7,2143,2,1,-1,-1,-1
2017100185825,2,3,-1,5,8,0,0,0,0,0,3,1,6,1,54,8,124,1,16,-1,-1,-1
2017100185902,1,1,0,18,0,2,0,0,0,0,4,1,2,1,38,7,-1,-1,-1,-1,-1,-1
2017100185902,2,9,-1,5,0,2,0,0,0,0,1,1,5,2,41,7,1398,1,6,-1,-1,-1
2017100185911,1,9,0,17,0,0,0,0,0,0,1,1,6,1,22,5,999,1,2,9,1,9
2017100185951,1,9,0,18,0,0,0,4,0,0,1,1,5,1,49,8,1685,2,-1,-1,-1,-1
2017100185951,2,19,0,2,0,0,0,0,1,0,2,1,1,1,63,9,1560,2,2,6,1,6
2017100186151,1,98,-1,-1,-1,-1,-1,-1,-1,0,-1,1,6,1,-1,-1,-1,-1,-1,-1,-1,-1
2017100186211,1,9,-1,-1,-1,0,-1,-1,-1,0,-1,1,6,2,-1,-1,-1,-1,-1,-1,-1,-1
2017100186211,2,9,-1,-1,-1,0,-1,-1,-1,0,-1,1,6,1,25,5,998,1,6,-1,-1,-1
2017100186299,1,9,0,18,0,1,0,0,0,0,3,1,5,2,31,6,998,1,4,4,1,4
2017100186394,1,9,0,18,0,0,0,0,0,0,1,1,2,1,51,8,1598,1,6,8,3,8
2017100186435,1,9,0,18,0,1,0,0,0,0,3,1,6,2,66,10,1299,1,14,10,1,10
2017100186435,2,9,0,3,0,1,0,0,0,0,1,1,6,1,27,6,-1,-1,-1,4,1,4
2017100186446,1,9,0,18,0,0,0,0,7,0,1,1,5,1,29,6,1796,1,9,-1,-1,-1
2017100186446,2,9,0,18,0,0,0,0,1,0,3,1,5,1,36,7,1995,2,-1,10,1,10
2017100186454,1,9,0,4,0,0,1,0,4,0,1,1,5,2,25,5,1598,2,4,3,1,3
2017100186477,1,9,0,18,0,8,0,0,1,11,1,1,6,1,22,5,1896,2,14,1,1,1
2017100186477,2,9,0,9,0,8,5,0,0,0,4,1,5,1,69,10,1596,1,13,3,1,3
2017100186479,1,19,0,18,0,0,0,0,0,0,1,1,1,1,48,8,1598,2,1,8,1,8
2017100186479,2,19,0,4,0,0,0,0,0,0,2,1,1,1,36,7,1598,2,1,9,1,9
2017100186488,1,9,0,18,0,4,0,0,0,0,1,1,6,1,36,7,1582,2,3,2,1,2
2017100186488,2,9,0,9,0,4,0,0,0,0,4,1,6,2,51,8,1598,1,9,10,1,10
2017100186504,1,-1,-1,10,0,1,0,0,0,0,4,1,6,3,-1,-1,-1,-1,-1,-1,-1,-1
2017100186618,1,9,0,9,0,5,0,0,0,0,1,1,6,1,21,5,-1,-1,-1,-1,-1,-1
2017100186618,2,9,0,18,0,8,0,0,0,0,1,1,6,1,24,5,1461,2,11,4,1,4
2017100186638,1,9,0,18,0,0,0,0,0,0,1,1,5,1,37,7,2987,2,5,8,1,8
2017100186638,2,9,0,4,0,0,0,0,0,0,3,1,5,1,30,6,1968,2,11,-1,-1,-1
2017100186670,1,9,0,18,0,0,0,0,0,0,2,1,6,1,-1,-1,1598,2,3,-1,-1,-1
2017100186670,2,8,0,2,0,0,0,0,0,0,-1,1,1,1,54,8,2401,2,9,1,1,1
2017100186684,1,21,1,5,0,4,1,0,0,0,3,1,1,1,52,8,10518,2,3,6,1,6
2017100186684,2,1,0,9,0,8,5,0,0,0,4,1,5,1,63,9,-1,-1,-1,9,1,9
2017100186685,1,9,0,4,0,0,0,0,0,0,1,1,2,2,35,6,2496,2,14,9,2,9
2017100186685,2,9,0,4,0,0,0,0,0,0,2,1,5,2,41,7,1364,1,10,4,1,4
2017100186685,3,9,0,4,0,0,0,0,0,0,2,1,2,2,24,5,1560,2,6,1,1,1
2017100186692,1,9,0,9,0,5,0,0,0,0,3,1,5,2,34,6,647,8,2,10,1,10
2017100186715,1,9,0,4,0,1,0,0,0,0,1,1,6,1,38,7,1461,2,8,10,1,10
2017100186715,2,9,0,3,0,1,0,0,0,0,2,1,6,2,40,7,1242,1,8,5,1,5
2017100186724,1,9,0,18,0,0,0,0,0,0,1,1,2,1,28,6,1968,2,3,5,1,5
2017100186760,1,9,0,16,0,0,1,0,7,11,3,1,5,2,22,5,1240,1,7,4,2,4
2017100186784,1,22,0,18,0,8,0,0,0,0,1,1,4,1,65,9,-1,-1,-1,-1,-1,-1
2017100186784,2,9,0,18,0,8,0,0,0,0,1,1,2,2,36,7,1398,1,14,9,1,9
2017100186808,1,9,0,9,0,8,0,0,0,0,0,1,6,2,84,11,1240,1,11,9,1,9
2017100186808,2,1,0,18,0,1,0,0,0,0,0,1,6,1,56,9,-1,-1,-1,9,1,9
2017100187069,1,-1,-1,18,0,0,0,0,0,0,1,1,6,3,-1,-1,-1,-1,-1,-1,-1,-1
2017100187100,1,9,0,18,0,1,0,0,0,0,3,1,6,1,37,7,1329,1,8,1,1,1
2017100187179,1,9,0,3,0,1,0,0,0,0,1,1,6,2,25,5,1995,2,12,8,1,8
2017100187179,2,1,0,18,0,1,0,0,0,0,1,1,4,1,13,3,-1,-1,-1,4,1,4
2017100187289,1,9,0,3,0,1,0,0,0,0,0,1,6,3,-1,-1,-1,-1,-1,-1,-1,-1
2017100187289,2,11,0,-1,-1,-1,-1,-1,-1,0,-1,1,1,1,52,8,9360,2,4,-1,-1,-1
2017100187308,1,9,0,3,0,0,0,0,0,0,4,1,5,2,49,8,1461,2,6,2,1,2
2017100187308,2,2,0,18,0,0,0,0,1,0,1,1,5,1,16,4,49,1,4,2,1,2
2017100187433,1,9,0,17,0,0,2,0,8,0,1,1,5,1,30,6,1199,1,14,1,1,1
2017100187452,1,-1,-1,18,0,0,0,0,0,0,2,1,6,1,-1,-1,-1,-1,-1,-1,-1,-1
2017100187454,1,9,0,4,0,0,0,0,0,0,3,1,5,2,28,6,1968,2,6,-1,-1,-1
2017100187534,1,9,0,18,0,0,0,0,0,0,4,1,6,1,51,8,1999,1,11,8,1,8
2017100187536,1,9,0,17,0,8,0,0,0,0,1,1,6,2,30,6,1242,1,17,1,1,1
2017100187536,2,20,0,9,0,5,0,0,0,0,4,1,1,1,56,9,6370,2,11,8,1,8
2017100187628,1,9,0,7,0,1,0,0,0,0,1,1,6,2,33,6,1600,1,13,-1,-1,-1
2017100187628,2,9,0,18,0,2,0,0,0,0,1,1,6,1,47,8,1461,2,2,-1,-1,-1
2017100187695,1,19,0,18,0,0,0,0,0,0,1,1,6,1,81,11,2198,2,8,6,3,6
2017100187695,2,98,1,18,0,0,0,0,0,0,2,1,6,3,-1,-1,-1,-1,-1,-1,-1,-1
2017100187772,1,1,0,18,0,0,0,0,0,0,3,1,6,1,20,4,-1,-1,-1,-1,-1,-1
2017100187772,2,9,0,18,0,0,0,0,0,0,3,1,5,1,51,8,1997,2,2,-1,-1,-1
2017100187823,1,9,0,5,0,2,0,0,0,0,1,1,6,2,22,5,1598,2,5,6,1,6
2017100187823,2,1,0,9,0,4,0,0,0,0,4,1,2,1,28,6,-1,-1,-1,2,1,2
2017100187825,1,9,0,18,0,0,0,0,0,0,1,1,1,1,49,8,1896,2,9,-1,-1,-1
2017100187825,2,9,0,4,0,0,0,0,0,0,2,1,5,1,49,8,1560,2,4,2,1,2
2017100187851,1,9,0,13,0,0,1,0,1,11,1,1,6,3,-1,-1,2959,2,13,-1,-1,-1
2017100187851,2,9,0,13,0,0,0,0,0,0,0,1,6,3,-1,-1,1910,2,12,-1,-1,-1
2017100187851,3,9,0,18,0,0,0,0,0,0,2,1,6,2,61,9,1560,2,4,3,1,3
2017100187851,4,9,0,18,0,0,0,0,0,0,4,1,6,1,70,10,1461,2,5,3,1,3
2017100187875,1,9,0,18,0,0,0,4,0,0,1,1,5,1,27,6,1598,1,12,1,1,1
2017100187875,2,9,0,2,0,0,0,0,1,0,3,1,6,3,-1,-1,-1,-1,-1,-1,-1,-1
2017100187913,1,11,0,2,0,0,0,0,0,0,0,1,1,1,42,7,-1,2,16,-1,-1,-1
2017100187914,1,5,0,18,0,0,1,0,0,0,4,1,1,1,51,8,599,1,14,8,1,8
2017100187914,2,9,0,16,0,0,0,0,0,0,3,1,6,3,18,4,-1,-1,-1,-1,-1,-1
2017100187920,1,9,0,16,0,0,1,0,1,4,1,1,5,1,77,11,3528,1,-1,8,1,8
2017100187923,1,9,0,17,0,0,5,0,1,4,1,1,1,1,64,9,1951,2,14,2,1,2
2017100188006,1,9,0,6,0,1,0,0,0,0,3,1,6,3,-1,-1,-1,-1,-1,-1,-1,-1
2017100188006,2,1,0,18,0,1,0,0,0,0,1,1,2,1,33,6,-1,-1,-1,1,1,1
2017100188009,1,9,0,4,0,1,0,0,0,0,1,1,2,1,23,5,1364,1,10,2,1,2
2017100188009,2,9,0,4,0,1,0,0,0,0,2,1,5,2,46,8,1461,2,15,2,1,2
2017100188028,1,9,0,18,0,0,0,0,0,0,1,1,3,2,34,6,1461,2,3,2,1,2
2017100188049,1,9,0,18,0,5,0,0,0,0,1,1,5,1,17,4,999,1,5,7,1,7
2017100188057,1,9,0,18,0,4,0,0,0,0,4,1,2,2,51,8,998,1,3,1,1,1
2017100188057,2,1,0,18,0,4,0,0,0,0,3,1,2,1,53,8,-1,-1,-1,10,1,10
2017100188077,1,1,0,18,0,1,0,0,0,0,1,1,5,1,25,5,-1,-1,-1,1,1,1
2017100188077,2,9,0,7,0,1,0,0,0,0,1,1,5,1,17,4,1229,1,9,5,1,5
2017100188081,1,9,0,18,0,8,1,0,0,0,1,1,5,2,24,5,1975,1,16,3,1,3
2017100188177,1,1,0,18,0,6,0,0,0,0,1,1,2,1,38,7,-1,-1,-1,7,1,7
2017100188177,2,9,0,5,0,1,0,0,0,0,3,1,2,2,44,7,1364,1,2,3,1,3
2017100188209,1,9,0,17,0,2,1,0,1,0,1,1,6,1,26,6,1422,2,13,-1,-1,-1
2017100188209,2,9,0,18,0,1,0,0,0,0,0,1,1,1,49,8,1598,2,3,-1,-1,-1
2017100188230,1,9,0,6,0,6,0,0,0,0,3,1,1,1,50,8,1598,1,3,8,2,8
2017100188230,2,1,0,18,0,8,0,0,0,0,1,1,6,1,57,9,-1,-1,-1,9,1,9
2017100188295,1,9,-1,18,0,2,0,0,0,0,3,1,2,2,49,8,998,1,10,2,1,2
2017100188312,1,9,0,18,0,0,0,0,0,0,1,1,5,1,24,5,1560,2,2,2,1,2
2017100188312,2,9,0,4,0,0,0,0,0,0,2,1,5,1,67,10,1969,2,1,8,3,8
2017100188320,1,11,0,18,2,0,0,0,0,0,4,1,1,1,59,9,6700,2,6,-1,-1,-1
2017100188399,1,19,0,4,0,0,1,0,0,0,1,1,6,1,-1,-1,1995,2,8,-1,-1,-1
2017100188399,2,9,0,3,0,0,0,0,0,0,2,1,6,1,27,6,1753,2,8,3,1,3
2017100188529,1,19,0,18,0,1,0,0,0,0,1,1,1,1,-1,-1,1753,2,11,4,1,4
2017100188529,2,9,0,4,0,1,0,0,0,0,2,1,5,1,42,7,1968,2,7,9,1,9
2017100188572,1,9,0,18,0,1,0,0,0,0,1,1,6,3,-1,-1,-1,-1,-1,-1,-1,-1
2017100188572,2,9,0,3,0,1,0,0,0,0,2,1,1,2,19,4,1399,2,7,3,2,3
2017100188662,1,9,0,18,0,1,0,0,0,0,4,1,6,1,21,5,1781,1,29,2,1,2
2017100188667,1,9,0,9,0,2,0,0,0,0,3,1,5,1,36,7,1596,1,14,9,1,9
2017100188667,2,9,0,18,0,1,0,0,0,0,1,1,1,1,33,6,1598,2,8,2,1,2
2017100188712,1,9,0,9,0,5,0,0,0,0,1,1,6,1,67,10,1794,1,13,1,1,1
2017100188712,2,1,0,18,0,1,0,0,0,0,3,1,6,1,53,8,-1,-1,-1,9,2,9
2017100188743,1,11,0,18,0,0,0,0,0,0,1,1,1,1,66,10,4500,2,6,-1,-1,-1
2017100188743,2,19,0,2,0,0,0,0,0,0,0,1,1,1,41,7,2496,2,29,8,1,8
2017100188746,1,9,0,18,0,8,0,0,0,0,3,1,5,1,32,6,2993,2,3,5,1,5
2017100188746,2,1,0,18,0,8,0,0,0,0,1,1,2,1,46,8,-1,-1,-1,3,1,3
2017100188816,1,9,0,7,0,6,0,0,0,0,4,1,6,1,33,6,1796,1,11,1,1,1
2017100188816,2,1,0,18,0,8,1,0,0,0,1,1,5,1,16,4,-1,-1,-1,3,1,3
2017100188847,1,9,0,5,0,1,0,0,0,0,4,1,5,2,42,7,1560,2,8,8,1,8
2017100188847,2,1,0,18,0,1,0,0,0,0,1,1,5,1,50,8,-1,-1,-1,9,1,9
2017100188884,1,9,0,18,0,4,0,0,0,0,4,1,5,1,65,9,1596,1,5,4,1,4
2017100188884,2,1,0,18,0,4,0,0,0,0,3,1,5,2,44,7,-1,-1,-1,7,1,7
2017100188944,1,9,0,17,0,1,1,0,1,4,1,1,5,1,22,5,1761,1,16,7,1,7
2017100188948,1,-1,-1,18,0,0,0,0,0,0,1,1,6,3,-1,-1,-1,-1,-1,-1,-1,-1
2017100188948,2,1,0,18,0,0,0,0,0,0,1,1,5,1,53,8,-1,-1,-1,3,1,3
2017100188960,1,9,-1,4,0,1,0,0,0,0,1,1,6,1,29,6,-1,-1,-1,6,1,6
2017100188960,2,9,-1,3,0,1,0,0,0,0,2,1,6,2,22,5,1240,1,12,3,1,3
2017100188987,1,9,0,18,0,0,0,0,0,0,1,1,6,2,25,5,1149,1,15,7,1,7
2017100189045,1,9,0,1,0,1,0,0,0,0,2,1,6,1,61,9,-1,-1,-1,-1,-1,-1
2017100189045,2,9,0,3,0,1,0,0,0,0,1,1,6,1,39,7,-1,-1,-1,-1,-1,-1
2017100189117,1,19,0,18,0,0,0,0,0,0,1,1,1,1,-1,-1,2198,2,1,-1,-1,-1
2017100189117,2,1,0,18,0,0,0,0,0,0,2,1,6,1,36,7,-1,-1,-1,-1,-1,-1
2017100189121,1,9,0,5,0,4,0,0,0,0,1,1,2,1,23,5,1596,1,8,9,1,9
2017100189121,2,1,0,18,0,8,0,0,0,0,4,1,2,1,48,8,-1,-1,-1,1,1,1
2017100189133,1,9,0,18,0,1,0,0,0,0,1,1,5,1,68,10,1388,1,7,3,1,3
2017100189133,2,9,0,18,0,8,0,0,0,0,1,1,6,2,58,9,1399,1,-1,7,1,7
2017100189170,1,9,0,18,0,0,5,7,1,2,1,1,5,2,24,5,1595,1,9,5,1,5
2017100189249,1,3,0,18,0,4,1,0,0,0,0,1,1,1,50,8,125,1,1,4,1,4
2017100189249,2,9,0,9,0,4,0,0,0,0,0,1,5,2,61,9,1686,2,2,-1,-1,-1
2017100189290,1,9,0,4,0,8,0,0,0,0,1,1,5,2,63,9,1598,1,10,5,1,5
2017100189290,2,9,0,3,0,3,0,0,0,0,2,1,5,1,45,7,1896,2,10,-1,-1,-1
2017100189303,1,9,0,18,0,0,0,0,0,0,1,1,6,2,63,9,1461,2,2,3,1,3
2017100189303,2,9,0,18,0,0,0,0,0,0,2,1,5,1,56,9,1997,2,11,8,1,8
2017100189311,1,9,0,2,0,1,0,0,0,0,3,1,6,2,26,6,1598,1,3,8,1,8
2017100189311,2,1,0,18,0,1,0,0,0,0,4,1,6,1,27,6,-1,-1,-1,2,1,2
2017100189312,1,9,0,13,0,0,1,0,0,0,1,1,5,1,36,7,2199,2,8,-1,-1,-1
2017100189312,2,11,0,18,0,0,0,0,0,0,1,1,1,1,53,8,6871,2,9,9,1,9
2017100189312,3,9,0,18,0,0,0,0,0,0,0,1,5,1,60,9,2231,2,10,9,1,9
2017100189360,1,19,0,1,0,2,0,0,0,0,2,1,1,1,53,8,2143,2,3,9,1,9
2017100189407,1,8,-1,18,0,0,0,0,0,0,1,1,6,3,-1,-1,-1,-1,-1,-1,-1,-1
2017100189526,1,9,0,16,0,1,0,0,0,0,1,1,6,1,60,9,1896,2,14,-1,-1,-1
2017100189526,2,19,0,3,0,1,0,0,0,0,2,1,2,1,55,8,1560,2,2,5,1,5
2017100189531,1,9,0,18,0,8,1,10,0,0,3,1,5,1,21,5,1398,1,-1,-1,-1,-1
2017100189671,1,19,0,18,0,0,1,0,2,7,1,1,1,2,31,6,1995,2,4,-1,-1,-1
2017100189725,1,8,0,5,0,0,0,0,0,0,3,1,5,1,45,7,1968,2,2,-1,-1,-1
2017100189727,1,9,0,18,0,1,0,0,0,0,1,1,6,1,32,6,1984,1,10,2,1,2
2017100189727,2,9,0,10,0,1,0,0,0,0,3,1,6,2,18,4,998,1,9,4,1,4
2017100189727,3,9,0,2,0,1,0,4,1,11,1,1,6,3,-1,-1,-1,-1,-1,-1,-1,-1
2017100189727,4,9,0,2,0,1,0,0,0,0,1,1,6,2,77,11,1398,1,1,2,1,2
2017100189735,1,9,0,18,0,0,0,0,0,0,1,1,6,2,19,4,1461,2,3,6,1,6
2017100189735,2,8,0,18,0,0,0,0,0,0,2,1,1,1,37,7,1968,2,8,2,1,2
2017100189762,1,9,0,7,0,6,0,0,0,0,1,1,6,1,64,9,899,1,4,6,1,6
2017100189762,2,9,0,18,0,8,0,0,0,0,2,1,5,1,46,8,-1,3,2,4,1,4
2017100189817,1,9,0,18,0,0,0,0,0,0,1,1,6,1,22,5,1299,1,15,4,3,4
2017100189817,2,9,0,4,0,0,0,0,0,0,0,1,6,1,54,8,1988,2,9,2,1,2
2017100189852,1,9,0,5,0,6,0,0,0,0,1,1,6,3,-1,-1,-1,-1,-1,-1,-1,-1
2017100189903,1,9,0,1,0,2,0,0,0,0,2,1,6,1,46,8,1461,2,1,6,1,6
2017100189927,1,9,0,18,0,1,0,0,0,0,4,1,5,1,56,9,2435,1,16,6,1,6
2017100189942,1,19,0,1,0,0,0,0,0,0,2,1,5,1,22,5,1598,2,1,7,1,7
2017100190004,1,9,0,4,0,1,0,0,0,0,1,1,6,1,21,5,999,1,-1,1,1,1
2017100190004,2,9,0,3,0,1,0,0,0,0,2,1,5,1,62,9,1596,1,9,1,1,1
2017100190031,1,9,0,4,0,1,0,0,0,0,4,1,6,1,31,6,1229,1,8,5,1,5
2017100190031,2,5,0,10,0,1,5,0,0,0,1,1,6,1,51,8,748,1,23,2,1,2
2017100190090,1,9,0,9,0,1,0,0,0,0,3,1,5,1,19,4,1364,7,12,5,1,5
2017100190090,2,9,0,18,0,1,0,0,0,0,1,1,2,2,40,7,1560,2,8,10,1,10
2017100190099,1,11,0,2,2,0,0,0,0,0,0,1,1,1,47,8,6692,2,5,4,1,4
2017100190105,1,1,0,14,0,8,5,0,0,0,1,1,2,1,31,6,-1,-1,-1,1,1,1
2017100190105,2,9,0,9,0,8,0,0,0,0,3,1,2,2,36,7,1299,1,19,1,1,1
2017100190107,1,9,0,18,0,8,0,0,0,0,3,1,5,2,23,5,1242,1,5,10,1,10
2017100190107,2,1,0,18,0,8,5,0,0,0,1,1,5,2,32,6,-1,-1,-1,10,1,10
2017100190196,1,11,0,18,0,0,0,0,0,0,1,1,1,3,-1,-1,-1,-1,-1,-1,-1,-1
2017100190225,1,9,0,9,0,5,0,0,0,0,3,1,6,1,47,8,1995,2,7,9,1,9
2017100190225,2,1,0,18,0,8,0,0,0,0,1,1,6,1,54,8,-1,-1,-1,9,1,9
2017100190235,1,9,0,9,0,6,0,0,0,0,1,1,6,2,69,10,1388,1,7,10,2,10
2017100190235,2,1,0,18,0,8,0,0,0,0,4,1,5,1,44,7,-1,-1,-1,5,1,5
2017100190276,1,9,0,12,0,0,0,0,0,0,1,1,6,1,46,8,1590,1,14,1,1,1
2017100190276,2,9,0,18,0,0,0,0,0,0,2,1,6,1,27,6,1248,2,5,5,2,5
2017100190276,3,9,0,18,0,0,0,0,0,0,2,1,6,1,65,9,1797,8,4,7,3,7
2017100190341,1,9,0,18,0,1,0,0,0,0,1,1,6,3,-1,-1,1753,2,8,-1,-1,-1
2017100190341,2,9,0,3,0,1,0,0,0,0,2,1,6,1,24,5,1197,1,3,4,1,4
2017100190393,1,9,0,18,0,0,0,0,7,0,1,1,6,2,65,9,1995,2,3,-1,-1,-1
2017100190393,2,9,0,2,0,0,0,0,0,0,2,1,5,2,-1,-1,1398,2,8,5,2,5
2017100190393,3,9,0,2,0,0,0,0,0,0,1,1,5,2,-1,-1,1995,2,8,5,2,5
2017100190415,1,9,0,5,0,0,0,0,0,0,1,1,5,1,55,8,1995,2,-1,-1,-1,-1
2017100190468,1,1,0,18,0,1,0,0,0,0,1,1,5,1,43,7,-1,-1,-1,4,1,4
2017100190468,2,9,0,18,0,1,0,0,0,0,4,1,5,1,21,5,1956,2,1,-1,-1,-1
2017100190507,1,9,0,5,0,1,0,0,0,0,1,1,5,2,24,5,1242,1,5,7,1,7
2017100190507,2,9,0,4,0,1,0,0,0,0,4,1,5,2,39,7,1997,2,7,2,1,2
2017100190579,1,9,0,6,0,0,0,0,0,0,3,1,6,1,25,5,1496,1,2,-1,-1,-1
2017100190579,2,5,0,13,0,0,1,0,0,0,1,1,6,1,43,7,599,1,9,-1,-1,-1
2017100190592,1,9,0,18,0,0,0,0,0,0,1,1,5,1,68,10,1598,2,2,6,1,6
2017100190592,2,9,0,18,0,0,0,0,0,0,1,1,5,2,46,8,1364,1,8,2,1,2
2017100190833,1,9,0,18,0,1,0,0,0,0,3,1,6,3,16,4,1197,1,1,-1,-1,-1
2017100190853,1,9,0,9,0,8,0,0,0,0,3,1,6,2,79,11,1296,1,9,-1,-1,-1