Accident_Index,Vehicle_Reference,Vehicle_Type,Towing_and_Articulation,Vehicle_Manoeuvre,Vehicle_Location-Restricted_Lane,Junction_Location,Skidding_and_Overturning,Hit_Object_in_Carriageway,Vehicle_Leaving_Carriageway,Hit_Object_off_Carriageway,1st_Point_of_Impact,Was_Vehicle_Left_Hand_Drive?,Journey_Purpose_of_Driver,Sex_of_Driver,Age_of_Driver,Age_Band_of_Driver,Engine_Capacity_(CC),Propulsion_Code,Age_of_Vehicle,Driver_IMD_Decile,Driver_Home_Area_Type,Vehicle_IMD_Decile
2017100190853,2,9,0,18,0,1,0,1,0,0,1,1,6,2,54,8,1229,1,2,-1,-1,-1
2017100190875,1,9,0,18,0,1,0,0,0,0,1,1,1,1,35,6,1598,1,14,6,1,6
2017100190875,2,9,0,3,0,1,0,0,0,0,2,1,1,1,50,8,1560,2,1,3,1,3
2017100191060,1,9,0,18,0,0,1,0,0,0,1,1,2,1,30,6,1461,2,4,10,1,10
2017100191060,2,21,0,18,0,0,0,0,0,0,3,1,1,1,27,6,12777,2,10,1,1,1
2017100191077,1,9,0,9,0,4,0,0,0,0,1,1,6,1,22,5,1896,2,14,-1,-1,-1
2017100191077,2,9,0,4,0,1,0,0,0,0,1,1,5,1,30,6,1798,1,11,1,1,1
2017100191077,3,9,0,18,0,1,0,0,0,0,0,1,1,2,39,7,2993,2,1,3,1,3
2017100191096,1,9,0,18,0,2,0,0,1,3,1,1,6,1,21,5,1396,1,15,4,1,4
2017100191189,1,9,0,17,0,2,0,0,0,0,1,1,6,2,-1,-1,1968,2,3,8,1,8
2017100191189,2,1,0,18,0,2,0,0,0,0,1,1,6,1,10,2,-1,-1,-1,2,1,2
2017100191192,1,1,0,18,0,6,0,0,0,0,0,1,6,1,14,3,-1,-1,-1,10,1,10
2017100191192,2,3,0,18,0,1,1,4,0,0,1,1,6,2,20,4,124,1,7,4,1,4
2017100191192,3,9,0,2,0,2,0,0,0,0,2,1,6,1,65,9,1329,1,3,9,1,9
2017100191229,1,9,0,3,0,0,0,0,0,0,2,1,6,2,-1,-1,1198,1,1,8,1,8
2017100191229,2,9,0,3,0,0,0,0,0,0,2,1,6,2,28,6,1596,1,10,2,1,2
2017100191229,3,9,0,18,0,0,0,0,0,0,1,1,6,2,-1,-1,1595,1,6,3,1,3
2017100191310,1,9,0,7,0,8,0,0,0,0,0,1,6,2,45,7,1248,1,1,10,1,10
2017100191310,2,9,0,18,0,1,0,0,0,0,1,1,6,1,28,6,1984,1,-1,10,2,10
2017100191310,3,9,0,18,0,1,0,0,0,0,1,1,6,1,82,11,1242,1,12,4,1,4
2017100191341,1,11,0,4,0,1,0,0,0,0,0,1,1,1,51,8,6700,2,6,6,1,6
2017100191341,2,9,0,11,0,1,0,0,0,0,0,1,6,3,-1,-1,-1,-1,-1,-1,-1,-1
2017100191366,1,9,0,5,0,0,0,0,0,0,4,1,5,2,26,6,1242,1,11,3,1,3
2017100191383,1,9,0,5,0,2,0,4,0,0,1,1,6,2,16,4,1242,1,2,-1,-1,-1
2017100191383,2,9,0,3,0,1,0,0,0,0,3,1,6,2,58,9,1242,1,1,-1,-1,-1
2017100191543,1,-1,-1,1,0,1,0,0,0,0,2,1,6,3,-1,-1,-1,-1,-1,-1,-1,-1
2017100191596,1,9,0,4,0,2,0,0,0,0,2,1,5,2,35,6,1798,1,5,-1,-1,-1
2017100191596,2,9,0,18,0,2,0,0,0,0,1,1,5,1,41,7,2231,2,10,-1,-1,-1
2017100191596,3,9,0,18,0,2,0,0,0,0,1,1,2,1,39,7,1995,1,12,-1,-1,-1
2017100191596,4,9,0,18,0,2,0,0,0,0,2,1,5,1,61,9,1998,1,4,-1,-1,-1
2017100191596,5,9,0,18,0,2,0,0,0,0,1,1,6,1,26,6,1560,2,3,-1,-1,-1
2017100191596,6,9,0,18,0,2,0,0,0,0,2,1,1,1,43,7,1248,2,9,-1,-1,-1
2017100191596,7,9,0,18,0,2,0,0,0,0,1,1,6,1,37,7,1341,1,14,-1,-1,-1
2017100191620,1,9,0,9,0,5,0,0,0,0,1,1,1,1,41,7,1797,8,7,1,1,1
2017100191620,2,1,0,18,0,8,0,0,0,0,1,1,6,1,18,4,-1,-1,-1,-1,-1,-1
2017100191630,1,4,0,18,0,1,0,0,0,0,1,1,6,1,54,8,471,1,3,4,1,4
2017100191630,2,9,0,3,0,1,1,0,0,0,2,1,6,1,78,11,1246,1,10,9,1,9
2017100191640,1,9,0,17,0,2,2,0,1,11,4,1,5,2,44,7,1242,1,3,-1,3,-1
2017100191649,1,9,0,3,0,0,0,0,0,0,1,1,6,1,83,11,1360,1,9,2,1,2
2017100191681,1,9,0,18,0,1,0,0,0,0,1,1,6,1,24,5,1198,1,3,9,1,9
2017100191681,2,19,0,3,0,1,0,0,0,0,2,1,6,1,21,5,1968,2,5,6,1,6
2017100191686,1,9,0,18,0,0,0,0,0,0,1,1,6,3,-1,-1,1560,2,10,-1,-1,-1
2017100191686,2,9,0,3,0,0,0,0,0,0,2,1,3,2,49,8,1998,1,16,8,1,8
2017100191686,3,9,0,3,0,0,0,0,0,0,2,1,6,2,37,7,1499,2,2,2,1,2
2017100191713,1,9,0,18,0,1,0,0,0,0,1,1,6,1,62,9,2191,2,4,8,1,8
2017100191713,2,9,0,3,0,1,1,0,0,0,2,1,6,2,51,8,1753,2,10,7,1,7
2017100191830,1,21,1,18,0,1,1,0,0,0,1,1,1,1,69,10,12740,2,2,9,1,9
2017100191830,2,9,0,10,0,8,0,0,0,0,2,1,5,2,73,10,1991,2,7,4,3,4
2017100191830,3,9,0,10,0,8,0,0,1,0,1,1,6,2,70,10,2401,2,10,3,1,3
2017100191830,4,21,1,18,0,1,1,0,0,0,1,1,1,1,54,8,12740,2,3,9,1,9
2017100191830,5,21,1,18,0,1,1,0,1,0,1,1,1,1,43,7,12900,2,5,-1,3,-1
2017100191836,1,9,4,18,0,0,2,0,0,0,0,1,5,1,63,9,2500,2,58,1,1,1
2017100191855,1,9,0,17,0,8,0,0,0,0,3,1,1,1,46,8,2993,2,1,-1,-1,-1
2017100191874,1,9,0,18,0,1,1,0,0,0,1,1,6,1,59,9,1240,1,13,5,1,5
2017100191874,2,9,0,3,0,1,0,0,0,0,4,1,6,1,42,7,1499,1,-1,10,1,10
2017100191887,1,19,0,1,0,0,0,0,0,0,2,1,1,1,42,7,1560,2,5,8,1,8
2017100191900,1,11,0,18,0,1,0,0,0,0,1,1,1,1,-1,-1,-1,-1,-1,2,1,2
2017100191900,2,9,0,18,0,1,0,0,0,0,2,1,6,2,55,8,1968,2,4,6,1,6
2017100191927,1,9,0,18,0,1,0,0,0,0,1,1,6,2,85,11,1240,1,9,2,1,2
2017100191945,1,9,0,17,0,0,1,0,0,0,3,1,6,1,-1,-1,1596,1,20,-1,-1,-1
2017100191945,2,9,-1,4,0,0,0,0,0,0,3,1,6,1,37,7,1461,2,9,-1,-1,-1
2017100191946,1,9,0,18,0,0,0,0,0,0,1,1,5,2,41,7,1582,2,4,10,1,10
2017100191946,2,9,0,3,0,0,0,4,0,0,2,1,5,2,36,7,1600,1,14,8,1,8
2017100191946,3,9,0,3,0,0,0,0,0,0,2,1,5,2,48,8,1999,2,-1,4,1,4
2017100191955,1,9,0,18,0,4,0,0,0,0,1,1,5,1,65,9,1910,2,9,5,3,5
2017100191955,2,5,0,7,0,4,0,0,0,0,4,1,5,1,33,6,1050,1,6,3,1,3
2017100191961,1,9,0,18,0,8,1,0,0,0,1,1,6,3,-1,-1,-1,-1,-1,-1,-1,-1
2017100191967,1,9,0,18,0,4,0,0,0,0,1,1,5,1,20,4,1598,1,3,9,1,9
2017100191967,2,1,0,18,0,8,0,0,0,0,4,1,6,1,61,9,-1,-1,-1,-1,-1,-1
2017100191977,1,11,0,4,2,0,0,0,0,0,4,1,1,1,55,8,4462,2,8,8,1,8
2017100191977,2,11,0,4,2,0,0,0,0,0,3,1,1,1,63,9,4760,2,5,1,1,1
2017100191982,1,9,0,18,0,3,0,0,0,0,0,1,6,3,-1,-1,-1,-1,-1,-1,-1,-1
2017100191982,2,20,-1,18,0,3,0,0,0,0,1,1,1,1,30,6,2998,2,2,6,1,6
2017100191982,3,9,0,18,0,3,0,0,0,0,2,1,5,2,42,7,1896,2,14,-1,-1,-1
2017100191984,1,9,0,18,4,0,0,0,0,0,1,1,6,1,49,8,1598,1,11,-1,-1,-1
2017100191984,2,1,0,18,0,0,0,0,0,0,4,1,1,2,48,8,-1,-1,-1,-1,-1,-1
2017100191988,1,9,0,18,0,0,0,0,0,0,1,1,6,2,42,7,1998,2,11,2,1,2
2017100191988,2,9,0,8,0,0,0,0,0,0,2,1,1,2,37,7,1968,2,4,2,1,2
2017100191993,1,3,0,7,0,6,0,0,0,0,1,1,6,1,39,7,124,1,7,3,1,3
2017100191993,2,9,0,18,0,1,0,0,0,0,4,1,5,2,37,7,1398,1,2,10,1,10
2017100191997,1,19,0,9,0,6,0,0,0,0,4,1,6,1,35,6,1870,2,12,1,1,1
2017100191997,2,3,0,18,0,8,0,0,0,0,1,1,5,1,33,6,125,1,1,4,1,4
2017100192012,1,9,0,7,0,8,0,0,0,0,3,1,6,1,37,7,1149,1,17,3,1,3
2017100192012,2,9,0,18,0,8,0,0,0,0,4,1,6,2,29,6,1461,2,5,2,1,2
2017100192019,1,9,0,18,0,1,0,0,0,0,1,1,6,1,21,5,4163,1,5,3,1,3
2017100192019,2,9,0,9,0,8,0,0,0,0,2,1,6,1,70,10,1461,2,2,2,1,2
2017100192092,1,9,0,18,0,1,0,7,1,11,1,1,6,1,31,6,1596,1,12,-1,-1,-1
2017100192092,2,9,0,18,0,1,0,11,1,10,1,1,6,1,-1,-1,1997,1,7,6,1,6
2017100192139,1,9,0,4,0,0,0,0,0,0,1,1,6,1,59,9,2477,2,11,8,1,8
2017100192139,2,9,0,3,0,0,1,0,0,0,2,1,6,2,46,8,1364,1,1,4,1,4
2017100192145,1,9,0,16,0,1,0,0,0,0,1,1,5,2,79,11,1497,8,2,-1,-1,-1
2017100192145,2,9,0,17,0,2,0,0,0,0,1,1,5,2,73,10,1968,2,8,10,3,10
2017100192158,1,9,0,18,0,1,0,0,0,0,1,1,6,2,36,7,1461,2,7,10,1,10
2017100192158,2,9,0,3,0,1,0,0,0,0,2,1,6,2,37,7,1796,1,11,1,1,1
2017100192207,1,11,0,4,0,0,0,0,0,0,0,1,1,1,58,9,6692,2,5,-1,-1,-1
2017100192247,1,5,0,13,0,0,0,0,0,0,1,1,5,1,33,6,998,1,14,2,1,2
2017100192247,2,9,0,9,0,0,0,0,0,0,3,1,1,1,43,7,1968,2,9,5,1,5
2017100192313,1,9,0,9,0,2,0,0,0,0,1,1,5,1,55,8,1749,1,13,5,1,5
2017100192328,1,9,0,4,0,0,0,0,0,0,1,1,5,1,49,8,1200,1,-1,-1,-1,-1
2017100192328,2,9,0,3,0,0,0,0,0,0,1,1,5,1,79,11,998,1,15,-1,-1,-1
2017100192407,1,1,0,18,0,0,0,0,0,0,1,1,5,1,9,2,-1,-1,-1,4,1,4
2017100192407,2,9,0,17,0,0,0,0,0,0,3,1,6,2,25,5,1242,1,3,4,1,4
2017100192509,1,9,0,9,0,8,0,0,0,0,4,1,1,1,44,7,1598,2,-1,6,1,6
2017100192509,2,1,0,18,0,8,0,0,0,0,1,1,2,1,46,8,-1,-1,-1,-1,-1,-1
2017100192520,1,9,0,1,0,0,0,0,0,0,2,1,6,1,73,10,1560,2,9,3,1,3
2017100192527,1,9,0,18,0,1,0,0,0,0,1,1,5,2,-1,-1,1197,1,3,10,1,10
2017100192527,2,9,0,4,0,1,0,0,0,0,2,1,6,2,63,9,1997,2,16,9,1,9
2017100192570,1,9,0,1,0,0,0,0,0,0,2,1,3,1,53,8,3824,1,13,10,1,10
2017100192572,1,21,1,9,0,8,0,0,0,0,4,1,1,1,50,8,12419,2,7,4,1,4
2017100192572,2,9,0,18,0,8,0,0,0,0,1,1,2,2,58,9,1242,1,12,2,1,2
2017100192587,1,8,0,4,0,1,0,0,0,0,1,1,1,1,44,7,898,1,2,1,1,1
2017100192587,2,9,0,3,0,1,0,1,0,0,2,1,6,2,70,10,1986,2,11,5,1,5
2017100192587,3,9,0,3,0,1,0,0,0,0,2,1,6,1,57,9,1968,2,1,7,2,7
2017100192619,1,8,-1,4,0,0,-1,-1,-1,0,0,1,1,1,-1,-1,-1,-1,-1,-1,-1,-1
2017100192738,1,21,0,4,0,1,0,0,0,0,1,1,6,1,-1,-1,4580,2,2,-1,-1,-1
2017100192738,2,9,0,3,0,1,0,0,0,0,2,1,6,2,45,7,1896,2,15,-1,-1,-1
2017100192770,1,9,0,18,0,1,0,0,0,0,1,1,6,1,43,7,1900,2,11,4,1,4
2017100192770,2,9,0,18,0,1,0,0,0,0,2,1,6,1,46,8,1596,1,6,3,1,3
2017100192771,1,3,0,17,0,0,5,0,0,0,1,1,2,1,23,5,124,1,6,4,2,4
2017100192774,1,9,0,18,0,1,0,0,0,0,3,1,5,1,29,6,1364,1,10,-1,-1,-1
2017100192774,2,1,0,18,0,1,0,0,0,0,1,1,5,1,34,6,-1,-1,-1,-1,-1,-1
2017100192811,1,9,-1,18,0,4,0,0,0,0,0,1,6,3,-1,-1,-1,-1,-1,-1,-1,-1
2017100192811,2,11,0,18,0,4,0,0,0,0,0,1,1,1,45,7,9360,2,3,1,1,1
2017100192875,1,9,0,18,0,2,0,0,0,0,1,1,2,2,25,5,1229,1,3,1,1,1
2017100192879,1,9,0,9,0,5,1,0,0,0,1,1,6,1,47,8,1598,1,13,4,1,4
2017100192879,2,9,0,18,0,8,1,0,0,0,4,1,6,1,51,8,1796,7,12,6,1,6
2017100192879,3,9,0,2,0,1,0,0,0,0,2,1,6,2,24,5,1242,1,1,10,1,10
2017100192920,1,9,0,9,0,6,0,0,0,0,1,1,2,1,42,7,1997,2,5,8,1,8
2017100192975,1,9,0,4,0,1,0,0,0,0,1,1,6,2,18,4,998,1,12,8,3,8
2017100192975,2,9,0,3,0,1,0,0,0,0,2,1,6,1,62,9,998,1,3,6,2,6
2017100192975,3,9,0,3,0,1,0,0,0,0,2,1,6,1,28,6,1598,2,7,2,1,2
2017100192975,4,9,0,10,0,1,0,0,0,0,2,1,6,1,28,6,2993,2,10,2,1,2
2017100193225,1,-1,-1,1,0,0,0,0,0,0,2,1,6,3,-1,-1,-1,-1,-1,-1,-1,-1
2017100193249,1,9,0,18,0,0,0,0,0,0,1,1,6,1,19,4,1686,2,7,4,1,4
2017100193249,2,9,0,3,0,0,0,0,0,0,2,1,6,2,36,7,1396,1,3,9,1,9
2017100193249,3,9,0,3,0,0,0,0,0,0,2,1,6,2,30,6,1796,1,16,4,1,4
2017100193249,4,9,0,3,0,0,0,0,0,0,2,1,6,1,60,9,1461,2,3,5,1,5
2017100193328,1,9,0,18,0,0,0,0,0,0,1,1,6,2,37,7,2143,2,3,9,2,9
2017100193328,2,9,0,4,0,0,0,0,0,0,2,1,6,2,45,7,1685,2,4,2,1,2
2017100193373,1,9,0,9,0,5,0,0,0,0,0,1,2,1,59,9,1598,2,6,9,1,9
2017100193373,2,1,0,18,0,8,0,0,0,0,0,1,5,1,63,9,-1,-1,-1,-1,-1,-1
2017100193415,1,9,0,5,0,1,0,0,0,0,1,1,6,1,39,7,1995,2,12,1,1,1
2017100193415,2,9,0,3,0,1,0,0,0,0,2,1,2,1,62,9,1598,2,5,1,1,1
2017100193415,3,9,0,3,0,1,0,0,0,0,2,1,6,1,49,8,2720,2,11,1,1,1
2017100193445,1,9,0,18,0,1,0,0,0,0,3,1,5,1,58,9,1753,2,9,-1,3,-1
2017100193451,1,9,-1,7,0,3,-1,-1,-1,0,-1,1,6,1,-1,-1,-1,-1,-1,-1,-1,-1
2017100193508,1,9,0,18,0,1,0,0,0,0,3,1,6,2,84,11,1242,1,7,10,1,10
2017100193515,1,9,-1,18,-1,3,-1,-1,-1,0,1,1,6,1,-1,-1,-1,-1,-1,-1,-1,-1
2017100193527,1,9,-1,18,0,0,0,-1,-1,0,-1,1,6,1,23,5,1364,1,12,-1,-1,-1
2017100193527,2,9,-1,13,0,0,-1,-1,-1,0,-1,1,6,1,27,6,1984,1,-1,-1,-1,-1
2017100193567,1,11,0,2,0,1,0,0,0,0,0,1,1,1,29,6,-1,2,16,-1,-1,-1
2017100193651,1,9,-1,18,0,0,0,0,0,0,1,1,6,3,-1,-1,-1,-1,-1,-1,-1,-1
2017100193651,2,9,-1,3,0,0,0,0,0,0,2,1,6,2,24,5,1995,2,5,-1,-1,-1
2017100193732,1,9,0,9,0,6,0,0,0,0,1,1,6,2,-1,-1,-1,-1,-1,-1,-1,-1
2017100193732,2,1,0,18,0,8,0,0,0,0,4,1,6,2,24,5,-1,-1,-1,-1,-1,-1
2017100193760,1,9,0,4,0,0,0,0,0,0,1,1,5,1,53,8,2143,2,6,1,1,1
2017100193835,1,9,0,3,0,8,0,0,0,0,-1,1,6,2,26,6,1198,1,13,-1,-1,-1
2017100193835,2,9,0,3,-1,-1,-1,-1,-1,0,-1,1,6,1,31,6,1598,1,5,5,1,5
2017100193911,1,9,0,17,0,0,1,0,1,0,1,1,5,1,20,4,1198,1,1,-1,-1,-1
2017100193913,1,9,0,18,0,0,0,0,0,0,4,1,5,1,67,10,2457,1,12,-1,-1,-1
2017100193913,2,1,0,18,0,0,0,0,0,0,3,1,5,1,68,10,-1,-1,-1,-1,-1,-1
2017100193914,1,9,0,6,0,0,0,0,1,0,3,1,5,1,79,11,1598,1,7,7,1,7
2017100193914,2,9,0,18,0,0,0,0,0,0,1,1,5,1,65,9,2926,2,13,-1,3,-1
2017100193961,1,9,0,9,0,1,0,0,0,0,1,1,5,2,63,9,2179,2,8,3,3,3
2017100193961,2,9,0,18,0,1,0,0,0,0,1,1,5,2,46,8,1598,2,6,3,3,3
2017100193962,1,9,0,4,0,0,0,0,0,0,1,1,5,1,19,4,1390,1,2,4,1,4
2017100193986,1,19,0,1,0,0,0,0,0,0,2,1,6,3,-1,-1,2198,2,2,-1,-1,-1
2017100194019,1,9,0,18,0,3,0,0,0,0,1,1,5,2,22,5,1229,1,6,5,1,5
2017100194032,1,11,0,5,0,4,0,0,0,0,0,1,1,1,31,6,-1,-1,-1,1,1,1
2017100194081,1,9,0,7,0,6,0,0,0,0,4,1,2,1,49,8,998,1,1,2,1,2
2017100194113,1,9,0,18,0,0,0,0,0,0,1,1,6,1,40,7,-1,-1,-1,-1,-1,-1
2017100194131,1,11,0,5,0,0,0,0,0,0,0,1,5,1,52,8,6370,2,4,-1,-1,-1
2017100194146,1,5,0,13,0,0,2,0,0,0,0,1,5,1,51,8,998,1,10,8,3,8
2017100194172,1,8,0,9,0,8,0,0,0,0,3,1,1,1,61,9,1896,2,8,7,1,7
2017100194209,1,9,0,13,0,8,1,0,0,0,2,1,5,1,24,5,1598,2,4,-1,-1,-1
2017100194209,2,9,0,7,0,8,1,0,0,0,1,1,5,1,31,6,-1,-1,-1,6,1,6
2017100194262,1,9,0,17,9,1,0,0,1,2,1,1,2,2,48,8,1461,2,3,1,1,1
2017100194277,1,9,0,11,0,0,0,0,0,0,0,1,6,3,-1,-1,-1,-1,-1,-1,-1,-1
2017100194277,2,5,0,4,0,0,2,0,0,0,3,1,6,1,38,7,599,1,14,-1,-1,-1
2017100194277,3,9,0,4,0,0,1,0,0,0,0,1,6,2,-1,-1,-1,-1,-1,-1,-1,-1
2017100194298,1,9,0,12,0,7,0,0,0,0,3,1,6,1,22,5,1296,1,11,3,1,3
2017100194298,2,11,0,18,0,2,0,0,0,0,4,1,1,1,45,7,6871,2,11,3,1,3
2017100194386,1,9,0,16,0,0,2,11,2,11,1,1,2,2,25,5,1149,1,9,9,3,9
2017100194567,1,8,0,7,0,4,0,0,0,0,1,1,1,1,62,9,1896,2,9,-1,-1,-1
2017100194663,1,1,-1,18,0,0,0,0,0,0,1,1,5,2,26,6,-1,-1,-1,2,1,2
2017100194663,2,9,-1,3,0,0,0,0,0,0,3,1,5,1,28,6,1598,2,-1,3,1,3
2017100194677,1,9,0,4,0,1,0,0,0,0,2,1,6,1,40,7,2477,2,13,-1,-1,-1
2017100194677,2,9,0,4,0,1,0,0,0,0,0,1,2,1,35,6,1598,2,3,2,1,2
2017100194684,1,9,0,18,0,1,0,0,0,0,1,1,6,2,38,7,1349,1,3,1,1,1
2017100194684,2,9,0,3,0,1,0,0,0,0,2,1,5,1,24,5,1461,2,1,9,1,9
2017100194692,1,9,0,18,0,2,0,0,0,0,2,1,6,2,-1,-1,-1,-1,-1,-1,-1,-1
2017100194706,1,5,0,7,0,8,2,0,0,0,3,1,5,1,52,8,1198,1,4,5,1,5
2017100194812,1,11,0,16,2,1,0,0,0,0,4,1,1,1,51,8,6700,2,6,2,1,2
2017100194833,1,19,0,4,0,1,1,0,0,0,1,1,5,1,39,7,2198,2,8,-1,-1,-1
2017100194833,2,9,0,4,0,1,0,0,0,0,2,1,5,2,40,7,1398,2,4,-1,-1,-1
2017100195114,1,9,0,16,0,0,1,0,1,0,1,1,6,1,30,6,1998,2,15,-1,-1,-1
2017100195114,2,9,0,18,0,0,0,0,0,0,0,1,1,1,49,8,1598,2,3,-1,-1,-1
2017100195152,1,11,0,7,2,0,0,0,0,0,0,1,1,2,32,6,6370,2,4,2,1,2
2017100195204,1,9,0,18,0,0,0,0,0,0,1,1,5,2,38,7,1242,1,2,-1,-1,-1
2017100195391,1,9,0,18,0,1,0,0,0,0,1,1,6,1,53,8,1685,2,1,-1,-1,-1
2017100195391,2,9,0,3,0,1,0,0,0,0,2,1,5,2,26,6,1329,1,1,-1,-1,-1
2017100195410,1,9,0,18,0,0,1,0,0,0,1,1,5,2,21,5,998,1,6,2,1,2
2017100195429,1,9,0,16,0,0,2,0,1,0,4,1,5,1,37,7,1490,1,11,4,2,4
2017100195430,1,9,0,9,0,6,0,0,0,0,3,1,6,1,85,11,998,1,4,-1,-1,-1
2017100195430,2,1,0,10,0,1,0,0,0,0,1,1,6,1,49,8,-1,-1,-1,-1,-1,-1
2017100195461,1,9,0,18,0,1,0,0,4,2,1,1,5,2,72,10,1493,2,13,4,1,4
2017100195493,1,9,0,4,0,1,0,0,0,0,1,1,6,2,24,5,1598,2,4,1,1,1
2017100195493,2,9,0,3,0,1,0,0,0,0,2,1,2,1,39,7,1598,1,17,-1,-1,-1
2017100195528,1,9,3,5,0,3,0,0,0,0,4,1,6,1,-1,-1,1749,1,15,-1,-1,-1
2017100195528,2,9,0,5,0,3,0,0,0,0,3,1,2,2,46,8,998,1,8,3,1,3
2017100195529,1,9,0,1,0,0,0,0,0,0,2,1,5,2,64,9,898,1,1,1,1,1
2017100195529,2,9,0,5,0,0,0,0,0,0,2,1,5,1,41,7,1364,1,-1,-1,-1,-1
2017100195608,1,19,0,17,0,0,0,0,0,0,1,1,5,1,31,6,1968,2,7,-1,-1,-1
2017100195608,2,9,0,2,0,0,0,0,0,0,2,1,6,3,-1,-1,-1,-1,-1,-1,-1,-1
2017100195609,1,9,0,18,0,8,0,0,0,0,4,1,2,1,52,8,1398,1,7,2,2,2
2017100195609,2,9,0,9,0,6,0,0,0,0,1,1,2,1,64,9,1598,2,1,4,1,4
2017100195648,1,9,0,9,0,6,0,0,0,0,3,1,6,2,25,5,1124,1,13,-1,-1,-1
2017100195648,2,9,0,18,0,8,0,0,0,0,1,1,6,2,54,8,1242,1,3,-1,-1,-1
2017100195694,1,9,0,18,0,1,1,0,2,4,1,1,5,1,53,8,1753,2,15,-1,-1,-1
2017100195761,1,9,0,10,0,1,0,0,0,0,-1,1,6,1,26,6,1796,1,13,3,1,3
2017100195761,2,9,-1,10,0,1,0,0,0,0,-1,1,6,2,31,6,-1,-1,-1,9,1,9
2017100195780,1,9,0,12,0,0,0,0,0,0,3,1,6,1,19,4,1229,1,8,10,1,10
2017100195780,2,9,0,18,0,0,0,0,0,0,4,1,6,1,22,5,1242,1,4,4,2,4
2017100195885,1,9,0,5,0,4,0,0,0,0,3,1,5,2,66,10,1339,1,6,7,1,7
2017100195885,2,1,0,18,0,8,0,0,0,0,1,1,1,1,53,8,-1,-1,-1,1,1,1
2017100195889,1,11,0,4,0,1,0,0,0,0,0,1,1,1,40,7,9360,2,4,7,3,7
2017100195900,1,9,0,16,0,0,5,0,7,0,1,1,5,1,20,4,1229,1,4,-1,-1,-1
2017100196081,2,19,0,16,0,0,0,0,0,0,1,1,1,1,62,9,2143,2,1,-1,-1,-1
2017100196081,3,19,0,17,0,0,0,0,0,0,1,1,1,1,29,6,1968,2,1,-1,-1,-1
2017100196107,1,9,0,12,0,2,0,0,0,0,3,1,5,1,67,10,2993,2,3,-1,-1,-1
2017100196107,2,3,0,18,0,2,0,0,4,0,1,1,5,1,35,6,124,1,2,-1,-1,-1
2017100196113,1,9,0,7,0,6,0,0,0,0,1,1,5,2,70,10,1560,2,11,2,1,2
2017100196113,2,9,0,18,0,1,0,0,0,0,4,1,5,2,55,8,2494,8,1,9,1,9
2017100196132,1,1,0,18,0,1,0,0,0,0,1,1,6,1,42,7,-1,-1,-1,-1,-1,-1
2017100196132,2,9,0,13,0,1,0,0,0,0,2,1,6,1,72,10,2191,2,4,4,1,4
2017100196141,1,19,0,18,0,1,0,0,0,0,1,1,1,1,60,9,2400,2,13,6,2,6
2017100196141,2,19,0,18,0,1,0,0,0,0,1,1,1,1,62,9,1248,2,5,1,1,1
2017100196155,1,9,0,7,0,8,0,0,0,0,3,1,6,1,30,6,1388,1,14,1,1,1
2017100196155,2,1,0,18,0,8,5,0,0,0,1,1,2,1,46,8,-1,-1,-1,1,1,1
2017100196222,1,9,0,18,0,1,0,0,0,0,1,1,6,2,40,7,-1,-1,-1,-1,-1,-1
2017100196222,2,9,0,3,0,1,0,0,0,0,2,1,2,2,46,8,1388,1,11,2,1,2
2017100196240,1,21,1,14,0,0,0,0,0,0,0,1,1,1,46,8,12777,2,4,-1,3,-1
2017100196240,2,9,0,18,0,0,0,0,0,0,1,1,5,1,74,10,1497,1,15,4,1,4
2017100196240,3,9,0,18,0,0,0,0,0,0,2,1,5,1,68,10,999,1,1,9,1,9
2017100196258,1,9,0,18,0,6,0,0,3,5,1,1,6,2,83,11,1240,1,10,-1,-1,-1
2017100196258,2,9,0,18,0,1,0,0,7,5,1,1,6,2,40,7,1586,1,-1,6,1,6
2017100196258,3,9,0,2,9,1,0,0,0,0,3,1,6,2,30,6,1329,1,1,7,1,7
2017100196277,1,9,0,17,0,1,1,0,8,9,4,1,5,2,52,8,1461,2,2,-1,3,-1
2017100196277,2,9,0,17,0,1,1,0,1,11,4,1,5,2,42,7,1598,1,14,5,1,5
2017100196289,1,9,0,4,0,0,0,0,0,0,1,1,5,2,58,9,2400,2,7,-1,-1,-1
2017100196289,2,9,0,3,0,0,0,0,0,0,2,1,5,1,44,7,1490,1,11,-1,-1,-1
2017100196289,3,9,0,3,0,0,0,0,0,0,2,1,5,1,57,9,1968,2,4,-1,-1,-1
2017100196293,1,11,0,4,0,1,0,0,0,0,0,1,1,1,27,6,6692,2,8,-1,-1,-1
2017100196310,1,9,0,18,0,0,0,0,0,0,1,1,1,1,66,10,1984,2,4,-1,-1,-1
2017100196340,1,9,0,1,0,0,0,0,0,0,2,1,5,1,20,4,1198,1,8,6,2,6
2017100196340,2,9,0,16,0,0,0,0,0,0,1,1,5,1,26,6,-1,-1,-1,7,1,7
2017100196342,1,3,0,18,0,8,5,0,7,0,1,1,2,1,23,5,125,1,9,1,1,1
2017100196342,2,19,0,18,0,8,0,0,0,0,3,1,2,1,42,7,1753,2,10,7,2,7
2017100196346,1,9,0,3,0,2,0,0,0,0,4,1,5,1,25,5,1398,2,9,1,1,1