Accident_Index,Vehicle_Reference,Vehicle_Type,Towing_and_Articulation,Vehicle_Manoeuvre,Vehicle_Location-Restricted_Lane,Junction_Location,Skidding_and_Overturning,Hit_Object_in_Carriageway,Vehicle_Leaving_Carriageway,Hit_Object_off_Carriageway,1st_Point_of_Impact,Was_Vehicle_Left_Hand_Drive?,Journey_Purpose_of_Driver,Sex_of_Driver,Age_of_Driver,Age_Band_of_Driver,Engine_Capacity_(CC),Propulsion_Code,Age_of_Vehicle,Driver_IMD_Decile,Driver_Home_Area_Type,Vehicle_IMD_Decile
2017100205701,3,11,0,18,0,3,0,0,0,0,2,1,1,1,64,9,11967,2,7,8,1,8
2017100205800,1,11,0,18,2,0,0,0,0,0,0,1,1,1,64,9,6370,2,4,2,1,2
2017100205954,1,90,0,18,0,0,0,0,0,0,1,1,6,3,-1,-1,-1,-1,-1,-1,-1,-1
2017100206008,1,9,0,5,0,6,0,0,0,0,3,1,2,1,24,5,1995,2,5,2,1,2
2017100206008,2,9,0,18,0,1,0,0,0,0,3,1,3,2,64,9,1596,1,12,6,2,6
2017100206008,3,9,0,2,0,1,0,0,0,0,2,1,6,2,51,8,1364,1,-1,2,1,2
2017100206008,4,9,0,2,0,1,0,0,0,0,2,1,6,1,21,5,1968,2,9,2,1,2
2017100206033,1,9,0,18,0,1,1,0,0,0,1,1,6,1,30,6,-1,-1,-1,3,2,3
2017100206048,1,1,0,18,9,8,0,0,0,0,3,1,6,1,20,4,-1,-1,-1,-1,-1,-1
2017100206084,1,9,0,7,0,8,0,0,0,0,1,1,5,2,71,10,1240,1,9,4,1,4
2017100206084,2,9,0,18,0,1,0,0,0,0,1,1,6,2,38,7,1596,1,13,1,1,1
2017100206098,1,9,0,1,0,8,0,0,0,0,2,1,6,1,37,7,1560,2,10,1,1,1
2017100206104,1,9,0,14,0,1,0,0,0,0,1,1,6,1,23,5,1968,2,10,1,1,1
2017100206104,2,9,0,7,0,1,0,0,0,0,2,1,5,2,68,10,1339,1,4,-1,-1,-1
2017100206128,1,9,0,18,0,8,0,0,0,0,1,1,6,1,33,6,1753,2,10,5,1,5
2017100206128,2,9,0,18,0,8,0,0,0,0,2,1,6,2,42,7,1496,2,1,5,1,5
2017100206259,1,9,0,18,0,8,0,0,0,0,2,1,6,1,-1,-1,1198,1,6,-1,-1,-1
2017100206259,2,9,0,18,0,8,0,0,0,0,2,1,6,1,28,6,998,1,14,4,1,4
2017100206311,1,9,0,5,0,6,0,0,0,0,3,1,6,1,45,7,1560,2,4,1,1,1
2017100206311,2,9,0,18,0,1,0,0,0,0,1,1,2,1,59,9,1598,1,13,1,1,1
2017100206318,1,21,0,18,0,0,2,0,0,0,3,1,1,1,25,5,12777,2,9,9,1,9
2017100206326,1,9,0,18,0,0,0,0,0,0,3,1,5,1,27,6,1560,2,7,3,2,3
2017100206341,1,9,0,18,0,8,0,0,0,0,1,1,1,1,48,8,2720,2,8,9,1,9
2017100206341,2,9,0,18,0,5,0,0,0,0,1,1,1,2,42,7,1200,1,1,7,1,7
2017100206471,1,9,0,18,0,1,0,0,0,0,1,1,6,2,30,6,1149,1,12,3,1,3
2017100206471,2,9,0,9,0,8,0,0,0,0,1,1,6,1,58,9,1896,2,8,1,1,1
2017100206625,1,8,0,18,0,0,0,0,0,0,3,1,6,1,61,9,1968,2,9,4,1,4
2017100206678,1,98,-1,11,0,8,0,0,0,0,0,1,1,1,-1,-1,-1,-1,-1,-1,-1,-1
2017100206678,2,9,0,18,0,8,1,0,1,0,1,1,2,2,21,5,1870,2,10,8,1,8
2017100206694,1,9,0,18,0,1,0,0,0,0,1,1,6,2,35,6,1997,2,12,2,1,2
2017100206694,2,19,0,18,0,1,0,0,0,0,2,1,1,1,31,6,1560,2,3,-1,-1,-1
2017100206694,3,9,0,10,0,5,0,0,0,0,2,1,5,1,65,9,998,1,4,2,1,2
2017100206703,1,9,0,4,0,1,0,0,0,0,1,1,2,2,40,7,1149,1,-1,2,1,2
2017100206703,2,1,0,18,0,1,0,0,0,0,2,1,5,1,83,11,-1,-1,-1,7,3,7
2017100206709,1,9,0,7,0,8,0,0,0,0,0,1,6,2,21,5,1197,1,3,8,3,8
2017100206709,2,9,0,18,0,1,0,0,0,0,0,1,5,1,44,7,2157,2,1,-1,-1,-1
2017100206717,1,8,0,2,0,1,0,0,0,0,4,1,1,3,-1,-1,1598,2,2,-1,-1,-1
2017100206740,1,9,-1,11,-1,0,0,0,0,0,0,1,6,3,-1,-1,-1,-1,-1,-1,-1,-1
2017100206740,2,11,-1,18,0,0,0,0,0,0,0,1,1,1,58,9,9000,5,3,-1,-1,-1
2017100206741,1,9,0,18,0,0,0,4,0,0,1,1,5,1,27,6,-1,-1,-1,4,1,4
2017100206741,2,9,0,2,0,0,0,0,0,0,2,1,6,3,-1,-1,-1,-1,-1,-1,-1,-1
2017100206824,1,9,0,7,0,8,0,0,0,0,1,1,6,2,60,9,1461,2,1,7,1,7
2017100206824,2,1,0,18,0,1,0,0,0,0,1,1,6,1,52,8,-1,-1,-1,9,1,9
2017100206863,1,1,0,18,0,1,0,0,0,0,1,1,6,1,28,6,-1,-1,-1,-1,-1,-1
2017100206863,2,9,0,5,0,1,0,0,0,0,1,1,6,1,42,7,1798,8,-1,2,1,2
2017100206923,1,9,0,9,0,8,0,0,0,0,1,1,6,1,25,5,1968,2,1,1,1,1
2017100206932,1,19,0,5,0,1,0,0,0,0,4,1,1,1,32,6,1995,2,4,1,1,1
2017100206950,1,9,0,18,0,3,0,0,0,0,3,1,6,3,18,4,-1,-1,-1,-1,-1,-1
2017100206950,2,3,0,7,0,4,0,0,1,0,4,1,6,1,42,7,125,1,2,-1,-1,-1
2017100206980,1,9,0,18,0,0,0,0,0,0,1,1,5,1,29,6,1368,1,4,-1,-1,-1
2017100206980,2,9,0,4,0,0,0,0,0,0,2,1,1,1,42,7,1399,1,-1,8,1,8
2017100207081,1,9,0,18,0,0,1,0,0,0,1,1,5,2,80,11,1896,2,15,4,1,4
2017100207081,2,19,0,10,0,0,0,0,0,0,2,1,1,1,62,9,1968,2,2,6,2,6
2017100207125,1,8,0,18,0,8,0,0,0,0,1,1,6,1,30,6,-1,-1,-1,-1,-1,-1
2017100207125,2,9,0,18,0,8,0,0,0,0,1,1,5,2,21,5,1349,1,11,7,1,7
2017100207129,1,9,0,17,0,0,1,0,7,10,4,1,2,1,22,5,1199,1,14,-1,-1,-1
2017100207129,2,9,0,16,0,0,0,0,0,0,1,1,6,2,51,8,1229,1,2,-1,-1,-1
2017100207130,1,9,0,18,0,4,0,0,0,0,1,1,6,3,40,7,-1,-1,-1,-1,-1,-1
2017100207155,1,19,0,9,0,5,0,0,0,0,1,1,1,1,69,10,1995,2,4,6,2,6
2017100207215,1,9,0,9,0,8,0,0,0,0,1,1,6,2,50,8,1364,1,10,1,1,1
2017100207215,2,11,0,18,0,2,0,0,0,0,3,1,1,1,36,7,6700,2,9,1,1,1
2017100207254,1,9,0,9,0,1,0,0,0,0,1,1,6,1,27,6,1998,1,11,-1,-1,-1
2017100207254,2,1,0,18,0,1,0,0,0,0,0,1,2,1,39,7,-1,-1,-1,-1,-1,-1
2017100207292,1,9,0,18,0,0,0,0,0,0,1,1,1,1,32,6,1900,2,11,5,1,5
2017100207342,1,9,0,18,0,1,0,0,0,0,1,1,6,1,59,9,998,1,2,5,1,5
2017100207369,1,9,0,18,0,1,0,0,0,0,1,1,6,2,49,8,3200,2,14,6,2,6
2017100207369,2,9,0,3,0,1,0,0,0,0,2,1,6,1,48,8,1560,2,8,3,1,3
2017100207427,1,9,0,5,0,0,0,0,0,0,4,1,6,1,70,10,-1,-1,-1,-1,-1,-1
2017100207427,2,9,0,3,0,0,0,0,0,0,2,1,6,2,34,6,1240,1,12,4,1,4
2017100207462,1,9,-1,2,-1,0,-1,-1,-1,0,-1,1,6,1,-1,-1,1364,1,3,-1,-1,-1
2017100207465,1,98,0,7,0,6,0,0,0,0,1,1,6,1,-1,-1,-1,-1,-1,-1,-1,-1
2017100207465,2,9,0,18,0,1,0,0,0,0,4,1,2,2,36,7,1598,1,7,6,1,6
2017100207526,1,9,0,18,0,0,0,0,0,0,0,1,6,3,-1,-1,-1,-1,-1,-1,-1,-1
2017100207526,2,9,0,18,0,0,0,0,0,0,0,1,6,3,-1,-1,-1,-1,-1,-1,-1,-1
2017100207526,3,5,0,16,0,0,0,0,1,0,1,1,5,1,37,7,749,1,14,1,1,1
2017100207537,1,9,0,4,0,4,0,0,0,0,1,1,6,1,-1,-1,1995,2,12,-1,-1,-1
2017100207537,2,9,0,3,0,4,0,0,0,0,2,1,6,2,37,7,1560,2,7,3,1,3
2017100207554,1,9,0,18,0,4,0,0,0,0,1,1,5,1,40,7,2143,2,2,8,1,8
2017100207554,2,9,0,3,0,4,0,0,0,0,1,1,6,1,33,6,1900,2,13,-1,-1,-1
2017100207563,1,8,-1,15,0,0,0,0,0,0,4,1,6,1,40,7,-1,-1,-1,-1,-1,-1
2017100207568,1,9,0,18,0,0,0,0,0,0,1,1,5,2,55,8,1560,2,1,-1,3,-1
2017100207568,2,9,0,18,0,0,0,0,0,0,2,1,5,2,62,9,1398,1,4,3,2,3
2017100207581,1,11,0,5,0,2,0,0,0,0,0,1,1,1,38,7,4500,2,6,3,1,3
2017100207590,1,19,0,5,0,3,0,0,0,0,1,1,6,1,21,5,1560,2,-1,8,1,8
2017100207590,2,8,0,3,0,3,0,0,0,0,1,1,1,1,50,8,1497,8,10,3,1,3
2017100207599,1,9,0,18,0,1,0,0,0,0,1,1,6,1,68,10,1598,1,15,6,1,6
2017100207599,2,5,0,4,0,1,0,0,0,0,2,1,6,1,45,7,599,1,17,-1,-1,-1
2017100207650,1,3,0,4,0,1,0,0,0,0,2,1,5,1,48,8,125,1,1,-1,-1,-1
2017100207650,2,9,0,4,0,1,0,0,0,0,2,1,5,1,41,7,1598,1,7,-1,-1,-1
2017100207662,1,9,0,18,0,1,0,0,0,0,1,1,6,2,51,8,-1,-1,-1,2,1,2
2017100207662,2,9,0,18,0,1,0,0,0,0,2,1,6,1,67,10,1997,1,4,9,1,9
2017100207670,1,9,0,18,0,1,0,0,0,0,3,1,5,2,51,8,1598,1,10,2,1,2
2017100207706,1,9,0,6,0,0,0,0,0,0,3,1,5,2,60,9,1299,1,9,8,1,8
2017100207706,2,5,0,18,0,0,0,0,0,0,1,1,5,1,28,6,599,1,20,1,1,1
2017100207738,1,9,0,18,0,1,0,0,0,0,1,1,6,1,58,9,1495,1,8,7,2,7
2017100207749,1,11,0,18,0,0,0,0,0,0,0,1,1,1,25,5,4500,2,6,2,1,2
2017100207788,1,5,0,7,0,5,1,0,0,0,4,1,5,1,50,8,1063,1,22,4,1,4
2017100207893,1,19,0,18,0,0,0,0,8,0,1,1,6,1,25,5,1998,2,11,-1,-1,-1
2017100207950,1,9,0,16,0,0,1,0,0,0,1,1,2,1,26,6,1596,1,8,6,2,6
2017100207950,2,9,0,17,0,0,0,0,1,0,3,1,2,2,55,8,996,1,6,7,3,7
2017100207950,3,9,0,18,0,0,0,0,0,0,1,1,1,1,35,6,-1,-1,-1,4,1,4
2017100207955,1,9,0,17,0,0,0,0,0,0,1,1,5,1,59,9,1200,1,-1,-1,-1,-1
2017100207955,2,9,0,18,0,0,0,0,0,0,1,1,5,1,45,7,898,1,-1,8,1,8
2017100207956,1,9,0,3,0,8,0,0,0,0,3,1,6,1,69,10,1975,1,12,5,1,5
2017100207956,2,1,0,18,9,1,0,0,0,0,1,1,6,2,13,3,-1,-1,-1,9,1,9
2017100207973,1,11,0,2,0,2,0,0,0,0,0,1,1,1,40,7,4760,2,4,-1,-1,-1
2017100208027,1,9,0,18,0,0,0,0,0,0,4,1,6,1,68,10,1198,1,10,6,3,6
2017100208065,1,9,0,4,0,1,0,0,0,0,4,1,5,2,51,8,1242,1,13,1,1,1
2017100208065,2,1,0,18,0,6,0,0,0,0,1,1,6,1,17,4,-1,-1,-1,2,1,2
2017100208072,1,9,0,18,0,1,1,0,1,2,1,1,5,1,19,4,1364,1,13,8,1,8
2017100208122,1,9,0,9,0,5,0,0,0,0,3,1,6,1,24,5,1398,1,2,6,1,6
2017100208122,2,1,0,18,4,8,0,0,0,0,1,1,5,2,17,4,-1,-1,-1,10,1,10
2017100208203,1,9,0,18,0,3,2,4,0,0,4,1,1,2,18,4,996,1,6,4,1,4
2017100208203,2,9,0,2,0,1,0,0,0,0,3,1,6,1,60,9,1198,1,11,4,1,4
2017100208203,3,9,0,2,0,1,0,0,0,0,3,1,6,1,77,11,1149,1,9,4,1,4
2017100208240,1,9,0,18,0,1,0,0,0,0,1,1,6,3,-1,-1,1598,2,5,-1,-1,-1
2017100208240,2,9,0,4,0,1,0,0,0,0,2,1,6,1,27,6,1956,2,7,6,1,6
2017100208254,1,11,0,4,0,1,0,0,0,0,1,1,1,1,46,8,6700,2,9,3,1,3
2017100208254,2,9,0,3,0,1,0,0,0,0,2,1,6,1,48,8,1968,2,3,1,1,1
2017100208256,1,2,-1,18,-1,0,-1,-1,-1,0,1,1,5,1,-1,-1,49,1,6,-1,-1,-1
2017100208256,2,9,-1,2,-1,0,-1,-1,-1,0,3,1,6,3,-1,-1,-1,-1,-1,-1,-1,-1
2017100208297,1,9,0,4,0,1,0,0,0,0,1,1,6,1,55,8,1197,1,2,3,1,3
2017100208297,2,9,0,3,0,1,0,0,0,0,2,1,6,1,46,8,2993,2,5,9,1,9
2017100208376,1,9,0,18,0,0,1,0,4,1,1,1,5,1,34,6,1560,2,12,-1,-1,-1
2017100208376,2,9,0,18,0,0,1,7,4,1,2,1,5,1,69,10,1910,2,14,3,1,3
2017100208443,1,9,0,18,0,0,0,0,0,0,3,1,5,1,60,9,1753,2,8,9,1,9
2017100208443,2,9,0,3,0,0,0,0,0,0,3,1,5,2,34,6,1598,1,8,-1,-1,-1
2017100208457,1,9,0,18,0,1,0,0,0,0,1,1,6,3,-1,-1,-1,-1,-1,-1,-1,-1
2017100208457,2,9,0,3,0,1,0,0,0,0,2,1,5,2,64,9,1229,1,5,2,1,2
2017100208473,1,9,0,5,0,6,0,0,0,0,3,1,5,1,32,6,1999,2,1,7,1,7
2017100208473,2,5,0,16,0,8,0,0,0,0,1,1,5,1,38,7,988,1,14,3,2,3
2017100208475,1,11,0,18,0,0,0,0,0,0,0,1,1,1,34,6,6700,2,9,1,1,1
2017100208478,1,9,0,18,0,8,2,0,1,7,1,1,6,1,82,11,998,1,3,8,1,8
2017100208491,1,9,0,5,0,1,0,0,0,0,1,1,6,1,23,5,-1,-1,-1,-1,-1,-1
2017100208502,1,9,0,9,0,5,0,0,0,0,4,1,6,3,-1,-1,1360,1,10,-1,-1,-1
2017100208502,2,9,0,18,0,8,0,0,0,0,1,1,5,1,42,7,2179,2,11,1,1,1
2017100208539,1,8,0,17,0,2,0,0,0,0,1,1,6,3,-1,-1,1997,2,8,-1,-1,-1
2017100208543,1,9,0,5,0,1,0,0,0,0,1,1,6,1,61,9,2967,2,5,1,1,1
2017100208543,2,9,0,5,0,1,0,0,0,0,2,1,6,1,27,6,1587,1,17,7,1,7
2017100208544,1,9,0,18,0,0,0,0,0,0,4,1,6,1,24,5,999,1,3,6,1,6
2017100208590,1,9,0,6,0,1,0,0,0,0,1,1,1,1,48,8,1598,2,2,4,1,4
2017100208590,2,1,0,18,0,8,0,0,0,0,1,1,1,1,61,9,-1,-1,-1,9,1,9
2017100208611,1,9,0,18,0,8,0,0,0,0,1,1,6,1,33,6,1242,1,13,8,1,8
2017100208611,2,9,0,9,0,8,0,0,0,0,4,1,5,1,38,7,1968,2,5,4,1,4
2017100208653,1,9,0,18,0,0,2,10,0,0,4,1,5,2,27,6,1598,2,1,2,1,2
2017100208653,2,9,0,2,0,0,0,0,0,0,3,1,5,1,57,9,999,1,1,5,1,5
2017100208679,1,9,0,18,0,0,0,0,0,0,4,1,6,2,42,7,1149,1,9,-1,-1,-1
2017100208726,1,11,0,5,0,4,0,0,0,0,0,1,1,1,49,8,9360,2,5,4,1,4
2017100208764,1,9,0,18,0,8,0,0,0,0,3,1,6,1,22,5,1997,1,25,-1,-1,-1
2017100208764,2,9,0,18,0,8,0,0,0,0,4,1,1,1,45,7,1686,2,3,-1,-1,-1
2017100208764,3,9,0,18,0,8,0,0,0,0,3,1,5,1,28,6,1997,2,9,9,1,9
2017100208769,1,9,0,4,0,4,0,0,0,0,1,1,6,1,-1,-1,-1,-1,-1,-1,-1,-1
2017100208769,2,9,0,3,0,3,0,0,0,0,2,1,2,1,28,6,1796,1,10,2,2,2
2017100208781,1,9,0,11,0,0,0,0,0,0,4,1,6,1,26,6,1461,2,7,1,1,1
2017100208781,2,9,0,18,0,0,0,0,0,0,3,1,6,2,28,6,1560,2,6,2,1,2
2017100208791,1,9,0,9,0,8,0,0,3,2,3,1,5,1,17,4,999,1,1,6,3,6
2017100208791,2,9,0,18,0,8,0,0,7,0,1,1,5,1,49,8,2982,2,3,7,3,7
2017100208810,1,11,0,9,0,1,0,4,0,0,3,1,1,1,54,8,6700,2,1,4,2,4
2017100208810,2,9,0,3,0,1,0,0,0,0,3,1,2,1,33,6,999,1,-1,3,1,3
2017100208831,1,9,0,18,0,0,1,0,1,0,2,1,6,1,62,9,5000,1,2,-1,-1,-1
2017100208881,1,9,0,7,0,0,0,0,0,0,1,1,6,1,83,11,1398,1,2,10,1,10
2017100208881,2,1,0,18,0,0,0,0,0,0,4,1,2,1,43,7,-1,-1,-1,4,1,4
2017100208882,1,19,0,14,0,0,0,4,7,0,1,1,5,1,26,6,1598,2,2,-1,-1,-1
2017100208882,2,9,0,18,0,0,0,0,0,0,0,1,1,1,40,7,1248,2,1,3,1,3
2017100208882,3,9,0,2,0,0,0,4,1,0,2,1,6,3,-1,-1,-1,-1,-1,-1,-1,-1
2017100208882,4,9,0,2,0,0,0,4,0,0,3,1,6,3,-1,-1,-1,-1,-1,-1,-1,-1
2017100208882,5,9,0,2,0,0,0,0,0,0,2,1,6,3,-1,-1,-1,-1,-1,-1,-1,-1
2017100208900,1,9,0,9,0,5,0,0,0,0,4,1,6,2,86,11,999,1,2,10,1,10
2017100208900,2,1,0,18,0,1,0,0,0,0,1,1,6,1,36,7,-1,-1,-1,8,1,8
2017100208903,1,9,0,5,0,1,0,0,1,2,1,1,6,1,49,8,1360,1,17,5,2,5
2017100208903,2,9,0,3,0,1,0,0,0,0,2,1,6,1,26,6,1968,2,6,3,1,3
2017100208922,1,9,0,1,0,0,0,0,0,0,2,1,6,3,-1,-1,-1,-1,-1,-1,-1,-1
2017100208944,1,-1,-1,13,0,1,0,0,0,0,4,1,6,3,-1,-1,-1,-1,-1,-1,-1,-1
2017100208944,2,1,0,18,0,1,0,0,0,0,3,1,6,2,53,8,-1,-1,-1,3,1,3
2017100208976,1,9,-1,-1,-1,1,-1,-1,-1,0,-1,1,1,1,59,9,1796,1,11,-1,-1,-1
2017100208976,2,9,-1,-1,-1,2,-1,-1,-1,0,-1,1,5,2,44,7,1995,2,1,10,1,10
2017100208994,1,9,0,5,0,0,0,0,0,0,1,1,6,2,68,10,2171,2,14,-1,-1,-1
2017100208994,2,3,0,3,0,0,0,0,0,0,2,1,1,1,75,10,599,1,14,-1,-1,-1
2017100209011,1,9,0,18,0,0,0,0,0,0,3,1,2,1,63,9,-1,-1,-1,1,1,1
2017100209012,1,9,0,18,0,0,0,0,7,11,1,1,2,1,21,5,1598,1,3,6,1,6
2017100209016,1,3,0,5,0,4,1,0,0,0,0,1,2,1,35,6,124,1,9,8,1,8
2017100209027,1,90,0,18,0,8,2,0,8,11,4,2,1,1,50,8,2970,2,3,6,1,6
2017100209041,1,9,0,4,0,1,0,0,0,0,1,1,5,1,37,7,1686,2,12,4,1,4
2017100209041,2,9,0,3,0,1,0,0,0,0,2,1,5,1,55,8,1461,2,2,7,3,7
2017100209053,1,9,0,18,0,1,0,0,0,0,1,1,1,1,53,8,1560,2,11,1,1,1
2017100209053,2,9,0,18,0,1,0,0,0,0,4,1,5,1,48,8,1242,1,3,1,1,1
2017100209106,1,5,0,18,0,1,0,0,0,0,1,1,6,1,53,8,2053,1,8,2,1,2
2017100209106,2,19,0,3,0,1,0,0,0,0,2,1,6,1,36,7,1998,2,12,3,1,3
2017100209110,1,9,0,4,0,0,0,0,0,0,1,1,5,2,19,4,1229,1,8,3,1,3
2017100209110,2,9,0,3,0,0,0,0,0,0,2,1,5,2,33,6,1560,2,9,2,1,2
2017100209122,1,9,0,9,0,6,0,0,0,0,1,1,2,1,33,6,1968,2,5,3,1,3
2017100209122,2,3,0,18,0,8,0,0,0,0,1,1,5,1,22,5,125,1,1,9,1,9
2017100209139,1,11,0,18,0,0,0,0,0,0,1,1,1,1,31,6,9000,5,3,2,1,2
2017100209170,1,11,0,5,0,0,0,0,0,0,0,1,5,1,36,7,4500,2,6,2,1,2
2017100209196,1,9,0,18,0,0,0,4,0,0,1,1,2,2,25,5,1461,2,3,9,1,9
2017100209196,2,9,0,3,0,0,0,0,0,0,2,1,5,1,64,9,1197,1,-1,2,1,2
2017100209202,1,11,0,5,0,0,0,0,0,0,0,1,1,1,64,9,-1,-1,-1,-1,-1,-1
2017100209259,1,9,0,3,9,1,0,0,0,0,1,1,6,1,70,10,1242,1,10,6,1,6
2017100209266,1,9,0,18,0,0,0,0,0,0,3,1,6,3,30,6,-1,-1,-1,-1,-1,-1
2017100209297,1,19,0,9,0,8,0,0,0,0,3,1,1,1,32,6,2143,2,2,1,1,1
2017100209297,2,5,0,18,0,1,0,0,0,0,4,1,5,1,61,9,805,1,8,5,1,5
2017100209299,1,9,0,12,0,7,1,0,5,6,3,1,6,1,73,10,1461,2,2,4,2,4
2017100209299,2,9,0,18,0,2,1,0,0,0,1,1,2,1,46,8,1995,2,-1,10,1,10
2017100209301,1,9,0,18,0,0,0,11,0,0,1,1,5,1,28,6,1149,1,14,-1,-1,-1
2017100209303,1,9,0,9,0,8,0,0,0,0,1,1,5,1,87,11,1198,1,9,7,1,7
2017100209303,2,5,5,18,0,1,5,0,8,0,4,1,6,1,55,8,750,1,11,6,3,6
2017100209320,1,9,0,18,0,2,0,0,0,0,4,1,5,1,51,8,1086,1,11,1,1,1
2017100209322,1,9,0,16,0,1,0,0,0,0,1,1,6,1,33,6,1395,1,-1,8,2,8
2017100209322,2,9,0,11,0,1,0,0,0,0,2,1,6,1,28,6,1598,2,1,-1,-1,-1
2017100209362,1,9,0,9,0,5,0,0,0,0,4,1,6,2,58,9,1229,1,11,3,1,3
2017100209362,2,1,0,18,0,8,0,0,0,0,1,1,6,1,43,7,-1,-1,-1,10,1,10
2017100209364,1,19,0,13,0,0,0,0,0,0,4,1,6,1,47,8,2402,2,6,5,3,5
2017100209364,2,1,0,18,0,0,0,0,0,0,3,1,5,1,50,8,-1,-1,-1,4,2,4
2017100209405,1,97,0,5,0,0,0,0,0,0,1,1,6,1,18,4,-1,-1,-1,2,2,2
2017100209405,2,9,0,18,0,0,0,0,0,0,4,1,6,1,29,6,1910,2,12,2,2,2
2017100209414,1,9,0,5,0,4,0,0,0,0,1,1,2,1,23,5,-1,3,-1,7,1,7
2017100209414,2,9,0,9,0,1,0,0,0,0,4,1,1,1,48,8,2143,2,6,2,1,2
2017100209475,1,9,0,18,0,0,0,0,0,0,4,1,2,1,66,10,1229,1,8,5,1,5
2017100209590,1,9,0,4,0,4,0,0,0,0,3,1,6,3,16,4,1995,2,12,-1,-1,-1
2017100209590,2,1,0,4,0,4,0,0,0,0,3,1,6,1,33,6,-1,-1,-1,4,1,4
2017100209685,1,4,0,9,0,8,0,0,0,0,3,1,5,1,69,10,498,1,18,9,1,9
2017100209685,2,9,0,18,0,8,0,0,0,0,1,1,5,1,30,6,1998,1,2,-1,-1,-1
2017100209701,1,19,0,18,0,0,1,0,1,0,1,1,5,1,30,6,2198,2,2,8,1,8
2017100209701,2,9,0,2,6,0,0,0,1,0,2,1,2,2,40,7,1968,2,5,9,1,9
2017100209701,3,9,0,2,6,0,0,0,1,0,0,1,2,1,53,8,1560,2,4,10,1,10
2017100209701,4,9,0,18,0,0,1,0,1,0,1,1,5,1,30,6,2987,2,4,4,1,4
2017100209726,1,9,0,4,0,0,0,0,0,0,2,1,6,2,26,6,1229,1,10,1,1,1
2017100209726,2,9,0,3,0,0,0,0,0,0,2,1,6,2,22,5,1360,1,11,3,1,3
2017100209756,1,9,0,9,0,5,0,0,0,0,3,1,6,3,-1,-1,-1,-1,-1,-1,-1,-1
2017100209756,2,1,0,13,0,8,0,0,0,0,1,1,2,1,26,6,-1,-1,-1,-1,-1,-1
2017100209776,1,9,0,4,0,2,0,0,0,0,4,1,6,1,31,6,-1,-1,-1,3,1,3
2017100209795,1,9,0,18,0,8,0,0,0,0,4,1,6,1,24,5,1995,2,3,2,1,2
2017100209795,2,5,0,7,0,6,0,0,0,0,1,1,6,1,22,5,689,1,1,10,1,10
2017100209815,1,9,0,4,0,1,0,0,0,0,1,1,1,1,39,7,1598,2,2,3,1,3
2017100209815,2,9,0,3,0,1,0,0,0,0,2,1,6,2,28,6,998,1,1,1,1,1
2017100209855,1,11,0,1,3,0,0,0,0,0,0,1,1,1,41,7,4461,2,3,3,1,3
2017100209897,1,11,0,4,0,0,0,0,0,0,0,1,1,1,23,5,-1,2,8,-1,-1,-1
2017100209913,1,9,0,18,0,0,0,0,0,0,1,1,5,1,25,5,1956,2,5,9,3,9
2017100209913,2,11,0,2,0,0,0,0,0,0,2,1,1,1,51,8,6871,2,11,6,2,6
2017100209949,1,90,0,18,9,0,0,0,7,0,1,1,6,1,38,7,-1,-1,-1,3,1,3
2017100209955,1,9,0,18,0,0,5,0,8,11,1,1,6,2,22,5,1461,2,13,7,2,7
2017100209963,1,9,0,18,0,4,0,0,0,0,1,1,5,2,19,4,1969,2,-1,-1,-1,-1
2017100209963,2,9,0,18,0,8,5,10,0,0,1,1,5,2,20,4,1328,1,8,3,2,3
2017100209964,1,17,-1,18,6,0,0,0,0,0,0,1,1,1,63,9,-1,-1,-1,4,3,4
2017100209973,1,5,0,18,0,0,2,0,0,0,4,1,6,1,47,8,675,1,7,8,1,8
2017100209973,2,19,0,6,0,0,0,0,0,0,4,1,5,1,57,9,1560,2,8,-1,-1,-1
2017100209975,1,9,0,18,0,4,0,0,0,0,1,1,5,1,34,6,1956,2,8,2,1,2
2017100209975,2,9,0,18,0,8,0,0,0,0,1,1,5,2,56,9,1386,1,7,7,1,7
2017100209979,1,19,0,18,0,1,0,0,0,0,1,1,2,1,29,6,1560,2,8,2,1,2
2017100209979,2,9,0,10,0,1,0,0,0,0,2,1,5,2,48,8,998,1,4,1,1,1
2017100209993,1,9,0,7,0,6,0,0,1,10,1,1,5,2,82,11,1108,1,8,6,2,6
2017100209993,2,9,0,18,0,8,0,0,0,0,4,1,5,2,23,5,1248,1,3,7,2,7
2017100210002,1,9,0,4,0,1,0,0,0,0,1,1,6,1,57,9,1229,1,12,2,1,2
2017100210002,2,9,0,3,0,1,0,0,0,0,2,1,5,1,35,6,2191,2,3,9,1,9
2017100210005,1,9,0,9,0,5,0,0,0,0,1,1,6,1,30,6,1596,1,11,4,1,4
2017100210005,2,9,0,18,0,8,0,0,0,0,1,1,6,2,56,9,1229,1,5,6,1,6
2017100210020,1,98,0,18,0,1,0,0,0,0,1,1,6,3,-1,-1,-1,-1,-1,-1,-1,-1
2017100210020,2,9,0,4,0,1,0,0,0,0,2,1,6,1,43,7,1686,2,5,7,2,7
2017100210020,3,9,0,4,0,1,0,0,0,0,2,1,6,1,52,8,1596,1,9,2,1,2
2017100210020,4,9,0,4,0,1,0,0,0,0,0,1,6,2,66,10,1600,2,7,5,3,5