Accident_Index,Vehicle_Reference,Vehicle_Type,Towing_and_Articulation,Vehicle_Manoeuvre,Vehicle_Location-Restricted_Lane,Junction_Location,Skidding_and_Overturning,Hit_Object_in_Carriageway,Vehicle_Leaving_Carriageway,Hit_Object_off_Carriageway,1st_Point_of_Impact,Was_Vehicle_Left_Hand_Drive?,Journey_Purpose_of_Driver,Sex_of_Driver,Age_of_Driver,Age_Band_of_Driver,Engine_Capacity_(CC),Propulsion_Code,Age_of_Vehicle,Driver_IMD_Decile,Driver_Home_Area_Type,Vehicle_IMD_Decile
2017100210021,1,5,0,18,0,3,1,0,0,0,1,1,2,1,54,8,649,1,3,1,1,1
2017100210021,2,9,0,4,0,3,0,0,0,0,2,1,2,2,43,7,1597,2,3,5,3,5
2017100210038,1,1,0,9,0,8,0,0,0,0,1,1,6,1,14,3,-1,-1,-1,1,1,1
2017100210038,2,9,0,4,0,1,0,0,0,0,4,1,5,1,56,9,3996,1,17,4,1,4
2017100210039,1,11,0,4,0,1,0,0,0,0,0,1,1,1,53,8,4500,2,6,-1,-1,-1
2017100210069,1,9,0,18,0,0,0,0,0,0,1,1,5,2,49,8,999,1,-1,6,1,6
2017100210079,1,1,0,9,0,5,0,0,0,0,1,1,6,1,31,6,-1,-1,-1,9,1,9
2017100210079,2,9,0,3,0,6,0,0,0,0,4,1,6,1,28,6,1395,1,3,1,1,1
2017100210092,1,9,0,18,0,0,0,0,0,0,1,1,6,1,40,7,1598,1,14,4,1,4
2017100210092,2,9,0,18,0,0,0,0,0,0,1,1,6,1,57,9,1798,8,2,4,1,4
2017100210149,1,9,0,18,0,0,0,0,0,0,4,1,6,2,56,9,1587,1,10,1,1,1
2017100210159,1,9,0,9,0,2,0,0,0,0,1,1,5,2,80,11,1197,1,3,-1,-1,-1
2017100210159,2,1,0,18,0,1,0,0,0,0,4,1,5,1,50,8,-1,-1,-1,-1,-1,-1
2017100210161,1,9,0,6,0,0,0,0,0,0,3,1,2,1,45,7,2199,2,6,1,1,1
2017100210161,2,9,0,18,0,0,0,0,0,0,1,1,2,1,34,6,1997,2,4,1,1,1
2017100210165,1,9,0,18,0,0,0,0,0,0,1,1,6,3,18,4,-1,-1,-1,-1,-1,-1
2017100210221,1,11,0,5,0,1,0,0,0,0,1,1,1,2,54,8,4500,2,6,3,1,3
2017100210350,1,9,0,5,0,0,0,0,0,0,1,1,6,2,-1,-1,-1,-1,-1,-1,-1,-1
2017100210350,2,9,0,5,0,0,0,0,0,0,2,1,6,1,31,6,996,1,4,5,1,5
2017100210354,1,9,0,18,0,4,0,0,0,0,1,1,6,1,-1,-1,1896,2,15,-1,-1,-1
2017100210354,2,9,0,18,0,4,0,0,0,0,2,1,6,1,53,8,1995,2,5,5,1,5
2017100210386,1,9,0,1,0,0,0,0,0,0,2,1,5,1,19,4,1248,2,5,5,1,5
2017100210390,1,19,0,18,0,8,0,0,0,0,4,1,6,1,45,7,1998,2,15,2,1,2
2017100210390,2,9,0,5,0,8,0,0,0,0,1,1,6,2,17,4,1686,2,5,5,1,5
2017100210469,1,1,0,18,0,8,0,0,0,0,4,1,5,1,16,4,-1,-1,-1,1,1,1
2017100210469,2,9,0,18,0,8,0,0,0,0,1,1,5,1,35,6,1968,2,9,-1,-1,-1
2017100210470,1,19,0,5,0,1,0,0,0,0,3,1,2,1,37,7,2148,2,13,4,1,4
2017100210470,2,11,0,5,0,1,0,0,0,0,1,1,1,1,32,6,4500,2,6,2,1,2
2017100210517,1,9,0,9,0,6,0,0,0,0,1,1,5,1,84,11,998,1,6,6,1,6
2017100210517,2,19,0,18,0,8,0,0,0,0,1,1,5,1,45,7,2287,2,2,10,2,10
2017100210522,1,9,0,5,0,0,0,0,0,0,0,1,5,1,29,6,1390,1,13,-1,-1,-1
2017100210568,1,9,0,4,0,0,0,0,0,0,4,1,6,2,24,5,1242,1,13,2,1,2
2017100210568,2,1,0,18,0,0,0,0,0,0,1,1,6,2,12,3,-1,-1,-1,1,1,1
2017100210606,1,17,5,17,0,0,0,0,0,0,3,1,6,1,44,7,-1,2,15,4,3,4
2017100210606,2,98,0,16,0,0,1,0,0,0,3,1,6,1,55,8,-1,-1,-1,4,3,4
2017100210608,2,9,0,18,0,1,0,0,0,0,1,1,6,1,33,6,1461,2,1,8,2,8
2017100210608,3,9,0,3,0,1,0,0,0,0,2,1,6,2,50,8,1461,2,1,3,1,3
2017100210648,1,8,0,4,0,1,0,0,0,0,1,1,6,1,48,8,1910,2,13,2,1,2
2017100210648,2,19,0,3,0,1,0,0,0,0,2,1,1,1,27,6,1598,2,-1,3,1,3
2017100210714,1,9,0,9,0,1,0,0,7,1,2,1,6,1,28,6,1388,1,10,4,2,4
2017100210714,2,9,0,18,0,1,0,0,0,0,1,1,1,1,47,8,1781,1,13,9,1,9
2017100210714,3,1,0,2,9,1,0,0,0,0,1,1,6,1,31,6,-1,-1,-1,5,1,5
2017100210761,1,9,0,18,0,1,0,0,0,0,1,1,5,1,29,6,1596,1,7,1,1,1
2017100210761,2,9,0,10,0,1,0,0,0,0,2,1,5,2,27,6,2979,1,1,3,1,3
2017100210769,1,9,0,1,0,0,0,0,0,0,2,1,5,1,33,6,2993,2,4,1,1,1
2017100210867,1,9,0,7,0,6,0,0,3,11,1,1,5,2,15,3,1248,2,6,-1,-1,-1
2017100210903,1,9,0,7,0,8,0,0,0,0,1,1,6,1,30,6,1896,2,15,2,1,2
2017100210903,2,9,0,17,0,1,1,0,0,0,4,1,6,1,56,9,1896,2,13,2,1,2
2017100210917,1,9,0,12,0,6,0,0,0,0,1,1,5,1,29,6,1984,1,14,2,1,2
2017100210917,2,9,0,18,0,8,0,0,0,0,4,1,5,2,24,5,1242,1,2,9,1,9
2017100210920,1,90,0,18,0,0,0,0,0,0,1,1,5,1,72,10,1900,2,20,-1,1,-1
2017100210939,1,9,0,9,0,8,0,0,0,0,4,1,6,1,48,8,1910,2,13,2,1,2
2017100210963,1,9,0,5,0,1,0,0,0,0,1,1,1,2,47,8,1968,2,2,9,1,9
2017100210963,2,9,0,3,0,1,0,0,0,0,2,1,1,2,35,6,1896,2,13,7,1,7
2017100210987,1,9,0,4,0,1,0,0,0,0,4,1,5,1,52,8,1560,2,8,5,1,5
2017100211172,1,9,0,4,0,1,0,0,0,0,1,1,6,1,24,5,-1,-1,-1,10,2,10
2017100211172,2,9,0,3,0,1,0,0,0,0,2,1,6,1,28,6,1999,1,7,4,1,4
2017100211199,1,9,0,7,0,0,0,0,0,0,1,1,6,1,70,10,1597,2,2,8,1,8
2017100211199,2,1,0,18,0,0,0,0,0,0,2,1,6,1,31,6,-1,-1,-1,2,1,2
2017100211206,1,9,0,18,0,8,0,0,0,0,1,1,5,1,80,11,1368,1,5,3,1,3
2017100211206,2,9,0,14,0,8,0,0,0,0,1,1,5,2,37,7,1598,2,4,9,2,9
2017100211215,1,9,0,18,0,1,0,0,0,0,1,1,6,1,-1,-1,1398,1,1,-1,-1,-1
2017100211215,2,9,0,3,0,1,0,0,0,0,2,1,6,2,27,6,1499,1,-1,-1,-1,-1
2017100211427,1,9,0,4,0,1,0,0,0,0,1,1,6,3,-1,-1,-1,-1,-1,-1,-1,-1
2017100211427,2,9,0,3,0,1,0,0,0,0,2,1,5,2,45,7,1248,1,1,8,2,8
2017100211509,1,21,0,12,0,0,0,0,0,0,2,1,6,1,56,9,12777,2,4,7,2,7
2017100211509,2,9,0,18,0,0,0,0,0,0,4,1,6,1,25,5,998,1,3,5,1,5
2017100211586,1,9,0,17,0,0,0,0,0,0,1,1,1,1,40,7,1120,2,3,4,3,4
2017100211588,1,9,0,16,0,0,5,0,7,4,1,1,5,1,17,4,1200,1,3,4,1,4
2017100211588,2,9,0,18,0,0,0,0,0,0,1,1,5,1,45,7,1910,2,10,4,1,4
2017100211624,1,9,0,18,0,3,0,0,0,0,4,1,5,2,54,8,1794,1,13,1,1,1
2017100211624,2,1,0,18,0,3,0,0,0,0,3,1,2,1,48,8,-1,-1,-1,-1,-1,-1
2017100211625,1,9,0,18,0,8,0,0,0,0,1,1,6,2,61,9,3200,2,14,5,1,5
2017100211625,2,9,0,9,0,8,0,0,0,0,1,1,6,1,29,6,1368,1,10,1,1,1
2017100211643,1,5,0,18,0,1,1,0,1,4,1,1,5,1,51,8,998,1,13,8,1,8
2017100211643,2,9,0,4,0,1,0,0,0,0,0,1,6,3,-1,-1,-1,-1,-1,-1,-1,-1
2017100211644,1,9,0,9,0,5,0,0,0,0,4,1,6,1,38,7,1685,2,4,9,1,9
2017100211644,2,1,0,18,0,8,0,0,0,0,2,1,6,1,61,9,-1,-1,-1,1,1,1
2017100211744,1,5,0,18,0,1,0,0,0,0,1,1,6,1,63,9,2000,1,11,9,1,9
2017100211744,2,9,0,9,0,8,0,0,0,0,0,1,6,2,51,8,2996,1,7,9,1,9
2017100211861,1,9,0,18,0,1,0,0,0,0,1,1,6,3,-1,-1,-1,-1,-1,-1,-1,-1
2017100211861,2,1,0,-1,-1,8,-1,-1,-1,0,-1,1,5,1,14,3,-1,-1,-1,9,1,9
2017100211869,1,3,0,18,0,0,0,0,0,0,4,1,6,1,25,5,124,1,11,3,1,3
2017100211872,1,9,0,16,0,0,0,0,0,0,1,1,6,1,19,4,-1,-1,-1,-1,-1,-1
2017100211944,1,3,0,13,0,1,0,0,0,0,1,1,6,1,-1,-1,124,1,6,-1,-1,-1
2017100211944,2,9,0,9,0,5,0,0,0,0,3,1,6,2,34,6,1328,1,7,2,1,2
2017100211970,1,9,0,18,0,4,0,0,0,0,1,1,5,1,33,6,1398,1,2,3,1,3
2017100211970,2,9,0,18,0,4,0,0,0,0,2,1,6,2,54,8,999,1,-1,4,1,4
2017100211978,1,19,0,4,0,0,1,0,0,0,1,1,1,2,33,6,1560,2,-1,6,1,6
2017100211978,2,9,0,4,0,0,1,0,0,0,2,1,5,2,52,8,1598,1,12,3,1,3
2017100211978,3,9,0,2,0,0,0,11,0,0,2,1,5,2,21,5,1229,1,9,7,1,7
2017100211995,1,9,0,11,0,1,0,0,0,0,4,1,6,2,41,7,1248,2,9,1,1,1
2017100211995,2,11,0,4,0,1,0,0,0,0,3,1,1,1,46,8,6871,2,12,3,1,3
2017100212015,1,9,0,11,0,8,0,0,0,0,0,1,6,2,24,5,1598,2,4,-1,-1,-1
2017100212015,2,9,0,18,0,6,0,0,0,0,0,1,6,1,41,7,2967,2,5,5,1,5
2017100212020,1,9,0,9,0,8,0,0,0,0,3,1,6,2,68,10,998,1,2,2,1,2
2017100212020,2,9,0,18,0,1,0,0,7,0,1,1,1,1,50,8,1598,2,3,2,1,2
2017100212026,1,9,0,9,0,8,0,0,0,0,4,1,6,2,42,7,1197,1,3,9,1,9
2017100212029,1,97,0,18,0,0,0,0,0,0,1,1,6,1,35,6,-1,-1,-1,-1,-1,-1
2017100212029,2,9,0,18,0,0,0,0,0,0,2,1,6,2,31,6,1240,1,13,5,1,5
2017100212034,1,9,0,18,0,0,0,0,0,0,1,1,6,1,30,6,-1,-1,-1,-1,-1,-1
2017100212050,1,9,0,12,0,0,0,0,0,0,3,1,6,1,40,7,-1,-1,-1,-1,-1,-1
2017100212050,2,9,0,18,0,0,0,0,0,0,4,1,1,1,34,6,-1,-1,-1,-1,-1,-1
2017100212052,1,9,0,5,0,2,0,10,1,0,1,1,2,1,22,5,1596,1,2,3,1,3
2017100212052,2,9,0,18,0,1,0,0,4,0,1,1,2,1,19,4,1598,1,10,-1,-1,-1
2017100212083,1,11,0,2,0,1,0,0,0,0,0,1,1,1,27,6,9000,5,3,8,1,8
2017100212124,1,9,0,17,0,0,1,4,0,0,3,1,5,1,20,4,2198,2,12,6,1,6
2017100212124,2,9,0,2,0,0,0,4,0,0,1,1,6,1,-1,-1,1398,1,15,6,1,6
2017100212124,3,9,0,2,0,0,0,0,0,0,1,1,5,1,-1,-1,2477,2,10,5,1,5
2017100212124,4,9,0,2,0,0,0,0,0,0,3,1,5,1,55,8,1398,2,9,6,1,6
2017100212124,5,9,0,2,0,0,0,0,0,0,2,1,6,1,56,9,1242,1,4,6,1,6
2017100212246,1,9,0,5,0,4,0,0,0,0,3,1,1,1,64,9,1597,2,3,10,1,10
2017100212246,2,1,0,18,0,8,0,0,0,0,1,1,6,2,64,9,-1,-1,-1,5,1,5
2017100212292,1,1,0,18,0,1,0,0,0,0,3,1,6,1,46,8,-1,-1,-1,-1,-1,-1
2017100212292,2,9,0,18,0,2,0,0,0,0,4,1,6,2,70,10,1390,1,11,5,1,5
2017100212308,1,9,0,18,0,1,0,0,0,0,1,1,6,1,-1,-1,1399,1,14,-1,-1,-1
2017100212308,2,19,0,10,0,1,0,0,0,0,2,1,1,1,28,6,1560,2,3,1,1,1
2017100212318,1,9,0,16,0,4,0,0,0,0,1,1,6,2,23,5,1229,1,9,5,1,5
2017100212318,2,9,0,18,0,4,0,0,0,0,1,1,6,1,36,7,1461,2,1,2,1,2
2017100212508,1,11,0,18,0,0,0,0,0,0,0,1,1,1,22,5,7300,2,17,2,1,2
2017100212513,1,19,0,18,0,0,0,0,0,0,3,1,5,1,33,6,1995,2,-1,9,1,9
2017100212513,2,9,0,18,0,0,0,0,0,0,3,1,6,2,48,8,-1,-1,-1,-1,-1,-1
2017100212568,1,9,0,9,0,5,0,0,0,0,1,1,2,2,20,4,1242,1,4,4,1,4
2017100212568,2,1,0,18,0,8,0,0,0,0,1,1,2,1,20,4,-1,-1,-1,2,1,2
2017100212590,1,19,0,5,0,2,0,0,0,0,0,1,1,1,28,6,2143,2,4,1,1,1
2017100212590,2,9,0,7,0,2,0,0,0,0,0,1,5,1,54,8,4398,1,14,8,1,8
2017100212629,1,1,0,18,0,8,0,0,0,0,1,1,6,2,10,2,-1,-1,-1,5,1,5
2017100212629,2,9,0,18,0,1,0,0,0,0,4,1,5,1,35,6,1399,2,15,-1,3,-1
2017100212665,1,9,0,18,0,8,0,0,0,0,1,1,5,1,33,6,1799,1,11,3,1,3
2017100212708,1,9,0,18,0,2,5,0,0,0,4,1,5,2,80,11,989,1,11,-1,-1,-1
2017100212708,2,9,0,18,0,1,0,0,0,0,1,1,6,1,40,7,-1,-1,-1,8,2,8
2017100212724,1,9,0,18,0,0,0,0,0,0,2,1,5,2,19,4,-1,-1,-1,1,1,1
2017100212724,2,9,0,9,0,0,0,0,0,0,1,1,5,1,30,6,-1,-1,-1,-1,-1,-1
2017100212753,1,11,0,4,0,4,0,0,0,0,0,1,1,1,58,9,7300,2,14,9,1,9
2017100212822,1,9,0,9,0,3,0,0,0,0,4,1,6,1,24,5,1984,1,-1,5,1,5
2017100212822,2,9,0,17,0,8,0,0,0,0,3,1,5,1,33,6,1368,1,1,1,1,1
2017100212835,1,9,0,7,0,8,0,0,0,0,2,1,5,2,55,8,998,1,2,2,1,2
2017100212835,2,11,0,18,0,1,0,0,0,0,1,1,1,1,31,6,4461,2,4,5,1,5
2017100212839,1,9,0,4,0,1,0,0,0,0,1,1,6,1,22,5,1242,1,4,-1,-1,-1
2017100212839,2,9,0,3,0,1,0,0,0,0,2,1,6,2,38,7,1560,2,11,1,1,1
2017100212843,1,8,0,7,0,0,0,0,0,0,1,1,1,1,30,6,1968,2,4,3,1,3
2017100212922,1,9,0,18,0,0,0,0,0,0,3,1,6,3,-1,-1,1598,1,14,-1,-1,-1
2017100212922,2,9,0,18,0,0,0,0,0,0,4,1,5,1,56,9,1896,2,12,4,1,4
2017100212924,1,19,0,18,0,0,0,0,0,0,4,1,1,2,33,6,1461,2,1,2,1,2
2017100212970,1,9,0,18,0,0,0,0,0,0,4,1,6,2,-1,-1,-1,-1,-1,-1,-1,-1
2017100213039,1,9,0,17,0,0,1,0,7,11,3,1,5,1,23,5,1198,1,6,10,1,10
2017100213057,1,9,0,4,0,0,0,0,0,0,1,1,2,1,42,7,1240,1,11,-1,-1,-1
2017100213057,2,9,0,3,0,0,0,0,0,0,2,1,6,1,35,6,1386,1,11,-1,-1,-1
2017100213057,3,9,0,18,0,0,0,0,0,0,2,1,2,2,34,6,1199,1,15,-1,-1,-1
2017100213057,4,9,0,18,0,0,0,0,0,0,2,1,2,2,28,6,1984,1,5,-1,-1,-1
2017100213070,1,9,0,1,0,0,0,0,0,0,2,1,6,3,-1,-1,-1,-1,-1,-1,-1,-1
2017100213091,1,9,0,18,0,2,0,0,0,0,4,1,5,1,34,6,1461,2,4,10,1,10
2017100213126,1,2,0,18,0,2,5,0,0,0,1,1,6,1,18,4,125,1,2,6,1,6
2017100213126,2,9,0,18,0,2,0,0,0,0,3,1,5,1,38,7,2231,2,5,-1,-1,-1
2017100213202,1,11,0,5,0,0,0,0,0,0,0,1,1,1,36,7,4461,2,4,2,1,2
2017100213205,1,9,0,18,0,0,0,0,0,0,1,1,5,2,73,10,1364,1,10,4,1,4
2017100213206,1,9,0,18,0,0,0,0,0,0,1,1,2,1,49,8,-1,-1,-1,-1,-1,-1
2017100213206,2,1,0,18,0,0,5,0,0,0,3,1,6,2,52,8,-1,-1,-1,-1,-1,-1
2017100213209,1,9,0,4,0,1,0,0,0,0,0,1,6,3,-1,-1,-1,-1,-1,-1,-1,-1
2017100213210,1,9,0,1,0,1,0,0,0,0,2,1,5,1,37,7,1598,2,11,4,1,4
2017100213257,1,9,0,18,0,1,0,0,2,3,1,1,5,1,77,11,1339,1,3,8,1,8
2017100213363,1,9,0,18,0,8,0,0,0,0,3,1,6,2,21,5,998,1,3,9,1,9
2017100213363,2,1,0,17,0,8,0,0,0,0,1,1,6,1,24,5,-1,-1,-1,3,1,3
2017100213379,1,19,0,4,0,0,0,0,0,0,2,1,1,1,47,8,2402,2,9,1,1,1
2017100213379,2,1,0,18,0,0,1,0,0,0,1,1,6,1,26,6,-1,-1,-1,1,1,1
2017100213508,1,9,0,17,0,0,2,0,1,10,1,1,6,1,21,5,1997,2,8,9,3,9
2017100213512,1,9,0,9,0,2,0,0,0,0,1,1,2,1,21,5,1197,1,1,6,1,6
2017100213512,2,9,0,18,0,1,0,0,0,0,1,1,2,1,41,7,1999,1,10,5,2,5
2017100213528,1,11,0,5,0,0,0,0,0,0,0,1,1,1,52,8,6370,2,9,1,1,1
2017100213568,1,8,0,18,0,0,0,0,0,0,1,1,1,1,67,10,1896,2,9,1,1,1
2017100213651,1,19,0,9,0,5,0,0,0,0,1,1,6,1,45,7,2298,2,-1,5,1,5
2017100213651,2,9,0,8,0,1,0,0,0,0,3,1,6,2,27,6,1360,1,5,1,1,1
2017100213679,1,9,0,5,0,1,0,0,0,0,4,1,6,3,-1,-1,-1,-1,-1,-1,-1,-1
2017100213708,1,9,0,18,0,0,0,0,0,0,2,1,2,2,66,10,1329,1,8,-1,-1,-1
2017100213708,2,9,0,4,0,0,0,0,0,0,4,1,6,2,46,8,1388,1,7,-1,-1,-1
2017100213708,3,9,0,3,0,0,0,0,0,0,2,1,2,2,32,6,1240,1,7,-1,-1,-1
2017100213728,1,9,0,18,0,4,0,0,0,0,1,1,6,2,34,6,-1,-1,-1,-1,-1,-1
2017100213728,2,3,0,3,0,4,0,0,0,0,2,1,1,1,31,6,124,1,4,1,1,1
2017100213752,1,5,0,18,0,1,0,0,7,0,1,1,5,1,55,8,-1,-1,-1,-1,-1,-1
2017100213752,2,9,0,9,0,1,0,0,0,0,3,1,5,1,36,7,1598,2,2,2,1,2
2017100213768,1,21,0,3,0,1,0,0,0,0,1,1,1,1,26,6,6870,2,5,-1,-1,-1
2017100213768,2,9,0,3,0,1,0,0,0,0,2,1,5,2,27,6,1598,2,6,1,1,1
2017100213771,1,19,0,7,0,3,0,0,0,0,4,1,1,1,38,7,2148,2,10,-1,-1,-1
2017100213771,2,5,0,12,0,8,0,0,0,0,1,1,2,1,51,8,599,1,14,9,2,9
2017100213773,1,11,0,18,0,0,0,0,0,0,0,1,1,1,59,9,4500,2,8,2,1,2
2017100213776,1,1,0,18,0,0,0,4,0,0,1,1,6,2,15,3,-1,-1,-1,3,1,3
2017100213776,2,9,0,2,0,0,0,0,0,0,3,1,6,1,52,8,1461,2,4,3,1,3
2017100213778,1,9,0,18,0,3,0,0,0,0,1,1,6,1,-1,-1,1590,1,16,-1,-1,-1
2017100213778,2,1,0,9,0,3,0,0,0,0,2,1,2,1,46,8,-1,-1,-1,9,1,9
2017100213922,1,9,0,9,0,8,0,0,0,0,4,1,5,2,18,4,1229,1,10,1,1,1
2017100213922,2,3,0,18,0,1,0,0,0,0,1,1,5,1,21,5,125,1,2,2,1,2
2017100213933,1,8,0,5,0,4,0,0,0,0,1,1,6,1,55,8,1598,2,6,3,1,3
2017100213933,2,9,0,3,0,1,0,0,0,0,2,1,5,2,26,6,1499,1,-1,-1,-1,-1
2017100213935,1,11,0,5,0,0,0,0,0,0,0,1,1,1,33,6,7300,2,15,-1,-1,-1
2017100213939,1,9,0,18,0,4,0,0,0,0,1,1,5,2,23,5,1968,2,6,-1,-1,-1
2017100213939,2,9,0,18,0,4,0,0,0,0,4,1,6,1,52,8,1496,2,1,-1,-1,-1
2017100213940,1,9,0,5,0,0,0,0,0,0,1,1,6,1,-1,-1,-1,-1,-1,-1,-1,-1
2017100213980,1,9,0,5,0,6,0,0,0,0,1,1,6,1,-1,-1,1598,2,5,-1,-1,-1
2017100213980,2,9,0,18,0,1,0,0,0,0,3,1,6,2,28,6,1560,2,8,5,1,5
2017100213989,1,1,0,18,0,0,0,0,0,0,3,1,6,1,12,3,-1,-1,-1,-1,-1,-1
2017100213989,2,9,0,18,0,0,0,0,0,0,4,1,5,2,33,6,1388,1,6,-1,-1,-1
2017100214004,1,9,0,18,0,1,0,0,7,7,1,1,5,1,18,4,1896,2,10,1,1,1
2017100214004,2,9,0,9,0,1,0,0,0,0,1,1,5,1,60,9,1560,2,6,1,1,1
2017100214006,1,98,0,18,0,0,5,0,1,0,4,1,6,1,77,11,-1,-1,-1,7,2,7
2017100214013,1,9,0,18,0,0,0,0,0,0,4,1,2,2,47,8,1896,2,16,3,1,3
2017100214014,1,9,0,18,0,2,0,6,0,0,4,1,5,1,50,8,1248,2,-1,-1,-1,-1
2017100214015,1,9,0,4,0,2,0,0,0,0,0,1,5,1,16,4,1753,2,14,-1,-1,-1
2017100214015,2,9,0,4,0,2,0,0,0,0,4,1,1,1,24,5,1598,2,3,-1,-1,-1
2017100214021,1,19,0,18,0,1,0,0,0,0,1,1,6,1,-1,-1,1560,2,3,-1,-1,-1
2017100214021,2,9,0,3,0,1,0,0,0,0,2,1,5,1,47,8,1598,2,2,6,1,6
2017100214024,1,4,0,18,0,1,0,0,0,0,1,1,5,1,68,10,500,1,-1,8,1,8
2017100214024,2,4,0,7,0,1,0,0,0,0,2,1,5,1,57,9,500,1,-1,7,3,7
2017100214032,1,3,0,17,0,1,5,12,2,11,1,1,2,1,20,4,124,1,9,-1,-1,-1
2017100214109,1,9,0,18,0,1,0,0,0,0,1,1,6,1,77,11,1390,1,11,6,1,6
2017100214109,2,9,0,3,0,1,0,0,0,0,2,1,6,1,36,7,1242,1,11,1,1,1
2017100214109,3,9,0,2,0,1,0,0,0,0,3,1,6,2,42,7,1461,2,3,5,1,5
2017100214188,1,9,0,18,0,8,0,0,0,0,1,1,5,2,77,11,1686,2,8,10,1,10
2017100214188,2,9,0,5,0,8,0,0,0,0,3,1,5,1,31,6,1896,2,12,5,1,5
2017100214281,1,9,0,18,0,0,0,0,0,0,1,1,6,1,45,7,1997,2,2,-1,-1,-1
2017100214281,2,1,0,18,0,0,0,0,0,0,2,1,5,2,52,8,-1,-1,-1,3,1,3
2017100214316,1,19,0,18,0,0,0,0,0,0,4,1,1,1,59,9,2400,2,14,1,1,1
2017100214381,1,9,-1,18,0,1,0,11,0,0,1,1,6,1,21,5,1896,2,14,-1,-1,-1
2017100214381,2,9,-1,3,0,1,0,0,0,0,2,1,6,2,30,6,1598,1,13,-1,-1,-1
2017100214384,1,9,0,12,0,1,0,0,0,0,3,1,6,1,27,6,2521,1,7,-1,-1,-1
2017100214384,2,9,0,18,0,1,0,0,0,0,4,1,6,1,26,6,995,1,5,-1,-1,-1
2017100214388,1,90,0,9,0,8,0,0,0,0,0,1,6,3,78,11,-1,-1,-1,-1,-1,-1
2017100214388,2,9,0,7,0,8,0,0,0,0,0,1,6,3,40,7,-1,-1,-1,-1,-1,-1
2017100214388,3,11,0,5,0,1,0,0,0,0,0,1,1,1,54,8,4250,2,5,5,1,5
2017100214391,1,9,0,18,0,2,5,10,1,11,2,1,5,1,19,4,1229,1,6,2,1,2
2017100214396,1,9,0,5,0,1,0,0,0,0,1,1,5,1,17,4,1400,1,12,2,1,2
2017100214396,2,9,0,18,0,1,0,0,0,0,1,1,5,1,24,5,898,1,3,1,1,1
2017100214486,1,9,-1,-1,-1,0,-1,-1,-1,0,-1,1,5,2,40,7,1360,1,11,3,1,3
2017100214492,1,9,0,13,0,2,0,0,0,0,4,1,6,2,33,6,995,1,5,1,1,1
2017100214492,2,1,0,18,0,2,0,0,0,0,3,1,6,2,62,9,-1,-1,-1,5,1,5
2017100214493,1,19,0,16,0,4,0,0,3,1,1,1,6,1,40,7,1868,2,12,5,1,5
2017100214521,1,9,-1,-1,-1,4,-1,-1,-1,0,-1,1,6,2,43,7,1349,1,8,-1,-1,-1
2017100214521,2,9,-1,-1,0,4,-1,-1,-1,0,-1,1,6,2,61,9,2179,2,10,-1,-1,-1
2017100214557,1,9,-1,-1,-1,0,-1,-1,-1,0,-1,1,6,2,26,6,1149,1,13,1,1,1
2017100214611,1,9,0,18,0,8,0,0,0,0,1,1,5,1,20,4,1242,1,13,1,1,1
2017100214611,2,9,0,3,0,8,0,0,0,0,2,1,5,1,19,4,998,1,2,1,1,1
2017100214808,1,3,0,15,2,8,1,0,0,0,1,1,2,1,33,6,125,1,10,2,1,2
2017100214808,2,9,0,5,0,6,0,0,0,0,3,1,2,2,27,6,998,1,1,8,2,8
2017100214917,1,5,0,16,0,8,0,0,0,0,1,1,5,1,61,9,1000,1,2,9,1,9
2017100214917,2,9,0,9,0,6,0,0,0,0,1,1,5,1,55,8,2179,2,7,-1,-1,-1
2017100215050,1,11,-1,-1,-1,0,-1,-1,-1,0,-1,1,1,1,-1,-1,9360,2,6,-1,-1,-1
2017100215163,1,11,-1,5,-1,-1,-1,-1,-1,0,-1,1,1,1,54,8,-1,-1,-1,-1,-1,-1
2017100215203,1,3,0,18,0,1,0,0,0,0,1,1,5,1,25,5,125,1,3,8,1,8
2017100215203,3,9,0,9,0,8,0,0,0,0,1,1,2,1,25,5,1398,1,5,8,1,8
2017100215206,1,9,0,7,2,6,0,0,0,0,2,1,6,1,84,11,1242,1,10,-1,-1,-1
2017100215206,2,11,0,18,2,1,0,0,0,0,3,1,1,1,51,8,9000,2,10,-1,-1,-1
2017100215211,1,9,0,18,0,8,0,0,0,0,3,1,5,1,31,6,1596,1,13,2,1,2
2017100215211,2,9,0,18,0,8,0,0,0,0,1,1,5,1,45,7,1798,1,8,9,1,9
2017100215394,1,21,0,2,0,0,0,0,0,0,2,1,2,1,30,6,-1,-1,-1,-1,-1,-1
2017100215394,2,9,0,18,0,0,0,0,0,0,1,1,2,1,51,8,1968,2,9,4,1,4
2017100215460,1,98,0,15,0,8,0,0,0,0,1,1,1,1,56,9,-1,-1,-1,7,1,7
2017100215460,2,9,0,5,0,8,0,0,7,0,4,1,5,1,33,6,1997,2,1,4,1,4
2017100215552,1,21,0,11,0,8,0,0,0,0,1,1,1,1,40,7,9200,2,6,-1,-1,-1
2017100215552,2,9,0,18,0,8,0,0,0,0,3,1,2,1,37,7,1341,1,13,9,1,9
2017100215586,1,9,0,18,0,1,0,0,0,0,1,1,6,2,23,5,1969,2,1,4,1,4
2017100215587,1,9,0,11,0,8,0,0,0,0,1,1,6,2,51,8,1956,2,5,3,1,3
2017100215587,2,5,0,18,0,8,0,0,0,0,3,1,5,1,46,8,649,1,7,8,1,8