Accident_Index,Vehicle_Reference,Vehicle_Type,Towing_and_Articulation,Vehicle_Manoeuvre,Vehicle_Location-Restricted_Lane,Junction_Location,Skidding_and_Overturning,Hit_Object_in_Carriageway,Vehicle_Leaving_Carriageway,Hit_Object_off_Carriageway,1st_Point_of_Impact,Was_Vehicle_Left_Hand_Drive?,Journey_Purpose_of_Driver,Sex_of_Driver,Age_of_Driver,Age_Band_of_Driver,Engine_Capacity_(CC),Propulsion_Code,Age_of_Vehicle,Driver_IMD_Decile,Driver_Home_Area_Type,Vehicle_IMD_Decile
2017100215591,1,11,0,4,0,0,0,0,0,0,0,1,1,1,53,8,4500,2,6,-1,-1,-1
2017100215639,1,9,0,4,0,0,0,0,0,0,1,1,1,2,50,8,1995,2,4,8,3,8
2017100215639,2,9,0,4,0,0,0,0,0,0,2,1,1,1,44,7,1598,2,4,4,1,4
2017100215639,3,9,0,4,0,0,0,0,0,0,1,1,5,1,29,6,1398,1,6,3,1,3
2017100215639,4,9,0,4,0,0,0,0,0,0,1,1,5,1,50,8,1896,2,7,-1,-1,-1
2017100215639,5,9,0,4,0,0,0,0,0,0,1,1,2,1,24,5,1229,1,1,10,1,10
2017100215639,6,9,0,4,0,0,0,0,0,0,2,1,5,1,60,9,1461,2,1,10,2,10
2017100215680,1,9,0,2,0,1,0,0,0,0,3,1,1,1,52,8,1956,2,3,8,1,8
2017100215680,2,1,0,18,0,1,0,8,0,0,4,1,5,1,67,10,-1,-1,-1,9,1,9
2017100215685,1,90,0,12,0,0,0,0,0,0,3,2,6,3,-1,-1,-1,-1,-1,-1,-1,-1
2017100215685,2,9,0,18,0,0,1,0,0,0,4,1,6,2,52,8,1499,2,2,10,1,10
2017100215688,1,9,0,18,0,8,0,0,0,0,1,1,6,1,50,8,1364,1,9,-1,-1,-1
2017100215688,2,9,0,18,0,8,0,0,0,0,3,1,5,1,46,8,1461,2,1,3,1,3
2017100215690,1,9,0,5,0,0,0,0,0,0,1,1,6,1,27,6,1364,1,10,2,1,2
2017100215690,2,9,0,3,0,0,0,0,0,0,2,1,6,2,55,8,1995,2,4,7,1,7
2017100215694,1,9,0,18,0,0,0,0,0,0,1,1,5,1,33,6,1390,1,13,-1,-1,-1
2017100215694,2,21,0,18,0,0,0,4,0,0,2,1,5,1,44,7,-1,-1,-1,3,1,3
2017100215694,3,8,0,2,0,0,0,0,0,0,2,1,1,1,43,7,1995,2,7,1,1,1
2017100215697,1,9,0,7,0,2,0,0,0,0,1,1,5,2,19,4,998,1,11,-1,-1,-1
2017100215697,2,9,0,18,0,1,0,0,0,0,1,1,5,2,56,9,1198,1,1,-1,-1,-1
2017100215699,1,8,0,9,0,6,0,0,0,0,1,1,1,1,64,9,1997,2,7,-1,-1,-1
2017100215700,1,9,0,18,0,0,0,0,0,0,4,1,6,2,19,4,1229,1,3,-1,-1,-1
2017100215706,1,9,0,1,0,0,0,0,0,0,2,1,2,1,40,7,2143,2,6,-1,-1,-1
2017100215719,1,3,0,14,0,2,0,0,0,0,1,1,6,3,17,4,125,1,9,-1,-1,-1
2017100215737,1,3,0,18,0,1,0,0,0,0,1,1,5,1,37,7,125,1,-1,-1,-1,-1
2017100215737,2,9,0,4,0,1,0,0,0,0,2,1,5,2,36,7,1896,2,11,-1,-1,-1
2017100215743,1,8,0,18,0,8,0,0,0,0,0,1,1,1,55,8,1896,2,8,2,1,2
2017100215761,1,9,0,5,0,1,0,0,0,0,1,1,5,2,63,9,998,1,3,9,1,9
2017100215761,2,9,0,4,0,1,0,0,0,0,1,1,5,1,50,8,1560,2,9,3,1,3
2017100215881,1,9,0,4,0,0,0,0,0,0,1,1,5,1,64,9,1242,1,5,2,1,2
2017100215881,2,9,0,4,0,0,0,0,0,0,1,1,5,1,49,8,1796,1,6,5,1,5
2017100216005,1,9,0,3,0,3,0,0,0,0,1,1,6,1,40,7,2497,1,8,9,1,9
2017100216005,2,1,0,3,0,8,0,0,0,0,3,1,6,1,20,4,-1,-1,-1,4,1,4
2017100216079,1,9,0,7,0,2,0,0,0,0,4,1,5,1,64,9,3600,1,15,2,1,2
2017100216113,1,9,0,18,0,2,0,0,0,0,1,1,6,2,46,8,1200,1,3,2,1,2
2017100216133,1,1,0,18,0,8,0,0,0,0,3,1,6,2,34,6,-1,-1,-1,-1,-1,-1
2017100216133,2,9,0,4,0,1,0,0,0,0,3,1,5,1,25,5,1598,2,7,-1,-1,-1
2017100216137,1,9,0,3,0,8,0,0,0,0,1,1,5,2,31,6,1398,1,2,3,1,3
2017100216137,2,9,0,3,0,8,0,0,0,0,2,1,2,2,45,7,1587,1,13,4,1,4
2017100216145,1,9,0,17,0,0,2,0,7,4,4,1,2,1,26,6,1997,2,13,7,1,7
2017100216146,1,9,0,18,0,2,1,0,1,9,1,1,6,1,82,11,1798,1,13,5,1,5
2017100216146,2,21,0,18,0,1,0,0,0,0,1,1,1,1,52,8,4461,2,6,2,1,2
2017100216147,1,9,0,18,0,0,0,0,0,0,4,1,2,1,55,8,1329,1,4,1,1,1
2017100216147,2,9,0,18,0,0,0,0,0,0,1,1,2,2,29,6,1329,1,-1,3,1,3
2017100216148,1,9,0,5,0,2,0,0,0,0,4,1,5,1,84,11,1197,1,1,1,1,1
2017100216148,2,5,0,18,0,1,0,0,0,0,1,1,5,1,44,7,903,1,7,3,1,3
2017100216196,1,9,0,-1,0,1,1,0,0,0,-1,1,6,3,-1,-1,1995,2,10,-1,-1,-1
2017100216315,1,9,0,18,0,8,0,0,0,0,1,1,2,1,32,6,2981,1,1,5,3,5
2017100216315,2,9,0,18,0,8,0,0,8,0,2,1,6,1,48,8,1968,2,1,-1,-1,-1
2017100216514,1,9,0,18,0,0,0,0,0,0,1,1,6,1,38,7,1968,2,2,-1,-1,-1
2017100216514,2,9,0,4,0,0,0,0,0,0,2,1,1,1,47,8,1896,2,8,-1,-1,-1
2017100216514,3,9,0,4,0,0,0,0,0,0,2,1,2,2,43,7,1582,2,6,-1,-1,-1
2017100216537,1,9,0,5,0,2,0,0,0,0,1,1,2,2,32,6,1206,1,7,-1,-1,-1
2017100216537,2,1,0,18,0,3,0,0,0,0,4,1,1,1,53,8,-1,-1,-1,8,3,8
2017100216596,1,8,0,18,0,1,0,0,0,0,1,1,5,1,46,8,-1,-1,-1,-1,-1,-1
2017100216596,2,1,0,18,0,1,0,0,0,0,4,1,5,1,9,2,-1,-1,-1,-1,-1,-1
2017100216615,1,9,0,18,0,1,0,0,0,0,1,1,5,1,25,5,1781,1,14,1,1,1
2017100216615,2,9,0,3,0,1,0,0,0,0,2,1,5,1,50,8,1984,1,5,10,1,10
2017100216715,1,5,0,11,0,1,1,10,2,0,4,1,6,1,54,8,1450,1,11,-1,-1,-1
2017100216725,1,9,0,9,0,7,0,0,0,0,4,1,2,2,37,7,1198,1,3,9,1,9
2017100216725,2,1,0,18,0,1,1,0,1,0,1,1,5,1,52,8,-1,-1,-1,-1,-1,-1
2017100216927,1,9,0,18,0,1,0,0,0,0,1,1,5,1,50,8,1998,8,1,5,1,5
2017100216927,2,9,0,4,0,1,0,0,0,0,2,1,1,2,54,8,1560,2,2,5,2,5
2017100216927,3,9,0,5,0,2,0,0,0,0,2,1,5,1,68,10,1598,2,4,5,2,5
2017100216945,1,9,0,1,0,0,0,0,0,0,2,1,6,1,69,10,2148,2,13,-1,-1,-1
2017100216945,2,9,0,18,0,0,0,0,0,0,1,1,1,2,62,9,1686,2,6,4,1,4
2017100216973,1,9,0,18,0,0,0,0,0,0,1,1,5,2,45,7,1200,1,1,8,1,8
2017100216973,2,8,0,18,0,0,0,0,0,0,1,1,1,1,51,8,1896,2,9,5,3,5
2017100217036,1,9,0,2,0,1,0,0,0,0,2,1,6,1,-1,-1,-1,-1,-1,-1,-1,-1
2017100217036,2,19,0,3,0,1,0,0,0,0,2,1,6,1,27,6,2198,2,9,-1,-1,-1
2017100217160,1,9,0,3,0,1,0,0,0,0,2,1,6,2,65,9,1498,1,1,3,1,3
2017100217160,2,19,0,4,0,1,0,0,0,0,1,1,5,1,36,7,1598,2,1,4,1,4
2017100217315,1,11,0,10,0,1,0,0,0,0,0,1,1,1,61,9,4250,2,7,3,1,3
2017100217336,1,9,0,12,0,0,0,0,0,0,2,1,6,1,-1,-1,2993,2,4,-1,-1,-1
2017100217336,2,8,0,18,0,0,0,0,0,0,1,1,1,1,31,6,1598,2,2,5,1,5
2017100217512,1,5,0,15,0,1,0,0,0,0,4,1,6,1,50,8,1679,1,2,-1,-1,-1
2017100217512,2,9,0,5,0,6,0,0,0,0,1,1,1,2,45,7,2204,2,11,-1,-1,-1
2017100217529,1,9,0,18,0,1,0,0,0,0,1,1,5,1,51,8,999,1,3,1,1,1
2017100217529,2,9,0,9,0,1,0,0,0,0,4,1,1,1,29,6,2967,2,3,-1,-1,-1
2017100217530,1,9,0,16,0,1,0,12,1,4,1,1,2,2,39,7,1248,1,1,1,1,1
2017100217530,2,9,0,16,0,1,1,12,1,4,1,1,2,2,44,7,1364,1,5,-1,-1,-1
2017100217775,1,8,0,14,0,0,0,0,0,0,1,1,2,1,59,9,1598,2,5,1,1,1
2017100217804,1,9,0,7,0,0,1,0,1,0,1,1,5,2,69,10,1341,1,13,-1,-1,-1
2017100217809,1,9,0,18,0,0,0,0,0,0,3,1,1,2,52,8,996,1,3,10,1,10
2017100217809,2,1,0,18,0,0,5,0,0,0,1,1,2,1,20,4,-1,-1,-1,6,1,6
2017100217842,1,19,0,7,0,8,0,0,0,0,4,1,1,1,51,8,2198,2,1,1,1,1
2017100217842,2,1,0,18,4,1,0,0,0,0,1,1,4,1,12,3,-1,-1,-1,-1,-1,-1
2017100217857,1,9,0,5,0,4,0,0,0,0,3,1,2,1,36,7,1242,1,9,9,1,9
2017100217857,2,5,0,5,0,4,0,0,0,0,4,1,2,1,45,7,1170,1,1,9,1,9
2017100217897,1,9,0,18,0,0,0,0,0,0,1,1,5,2,26,6,1398,1,6,-1,-1,-1
2017100217897,2,9,0,3,0,0,0,0,0,0,2,1,5,1,30,6,1329,1,4,-1,-1,-1
2017100217897,3,9,0,3,0,0,0,0,0,0,2,1,5,1,34,6,1995,2,1,-1,-1,-1
2017100217902,1,9,0,9,0,8,0,0,7,0,1,1,3,1,47,8,1299,1,12,4,1,4
2017100217902,2,9,0,18,0,8,0,0,0,0,1,1,5,1,24,5,1900,2,12,-1,-1,-1
2017100217906,1,9,0,13,0,1,0,0,0,0,4,1,5,1,75,10,1560,2,6,-1,-1,-1
2017100217906,2,1,0,9,0,1,5,0,0,0,1,1,6,1,20,4,-1,-1,-1,-1,-1,-1
2017100217921,1,9,0,18,0,8,0,0,0,0,4,1,5,1,40,7,1896,2,13,3,1,3
2017100217921,2,1,0,-1,-1,-1,-1,-1,-1,0,2,1,6,1,56,9,-1,-1,-1,2,1,2
2017100217924,1,4,0,18,0,0,1,0,0,0,0,1,5,1,19,4,250,1,9,8,1,8
2017100217924,2,9,0,12,0,0,0,0,0,0,0,1,6,3,-1,-1,-1,-1,-1,-1,-1,-1
2017100217925,1,9,0,18,0,2,0,0,0,0,4,1,5,1,72,10,1242,1,-1,-1,-1,-1
2017100217925,2,8,0,18,0,1,0,0,0,0,1,1,1,2,40,7,1896,2,7,6,2,6
2017100217927,1,9,0,18,0,0,0,4,0,0,1,1,5,2,41,7,1997,2,-1,2,2,2
2017100217927,2,8,0,16,0,0,0,0,0,0,2,1,1,1,42,7,1997,2,8,8,1,8
2017100217930,1,9,0,4,0,0,1,0,0,0,1,1,2,1,28,6,1560,2,8,2,1,2
2017100217930,2,9,0,4,0,0,0,0,0,0,2,1,2,1,23,5,1197,1,4,5,1,5
2017100217930,3,9,0,4,0,0,0,0,0,0,2,1,2,1,50,8,1499,2,2,9,1,9
2017100217978,1,9,0,18,0,1,0,0,0,0,1,1,5,1,69,10,1560,2,10,3,1,3
2017100217978,2,9,0,5,0,1,0,0,0,0,1,1,6,1,29,6,1,1,8,5,3,5
2017100218002,1,9,0,18,0,0,0,0,1,4,4,1,5,1,85,11,998,1,2,-1,-1,-1
2017100218015,1,19,0,18,0,0,0,0,0,0,1,1,1,1,40,7,2198,2,4,-1,-1,-1
2017100218015,2,9,0,3,0,0,0,0,0,0,2,1,6,2,18,4,1229,1,1,-1,-1,-1
2017100218022,1,11,0,4,0,8,0,0,0,0,0,1,1,1,60,9,4500,2,6,-1,-1,-1
2017100218023,1,9,0,17,0,0,2,10,0,0,4,1,6,1,37,7,1596,1,16,-1,-1,-1
2017100218026,1,9,0,18,0,8,0,0,0,0,1,1,6,2,27,6,999,1,4,4,2,4
2017100218026,2,9,0,18,0,8,0,0,1,0,3,1,6,1,25,5,1991,2,6,9,3,9
2017100218029,1,9,0,18,0,0,0,0,0,0,1,1,5,1,23,5,1318,1,-1,3,1,3
2017100218036,1,9,0,9,0,8,0,0,0,0,1,1,5,2,30,6,2204,2,11,-1,-1,-1
2017100218036,2,1,0,18,4,8,0,0,0,0,1,1,5,1,53,8,-1,-1,-1,-1,-1,-1
2017100218037,1,19,0,18,0,0,0,0,0,0,3,1,6,1,68,10,2148,2,9,10,1,10
2017100218037,2,9,0,13,0,0,0,0,0,0,4,1,5,2,20,4,1242,1,1,7,1,7
2017100218049,1,19,0,5,0,8,0,0,0,0,4,1,1,1,23,5,1968,2,2,6,3,6
2017100218049,2,1,0,5,0,8,0,0,0,0,1,1,2,1,45,7,-1,-1,-1,4,1,4
2017100218071,1,9,0,7,0,8,0,0,0,0,3,1,6,1,18,4,998,1,8,3,1,3
2017100218071,2,9,0,18,0,1,0,0,0,0,1,1,6,1,43,7,1797,8,7,3,1,3
2017100218090,1,9,0,16,0,0,0,10,1,2,3,1,2,1,25,5,1560,2,10,3,1,3
2017100218106,1,9,0,18,0,0,0,0,0,0,1,1,6,1,36,7,1000,1,4,3,1,3
2017100218106,2,9,0,2,0,0,0,0,0,0,2,1,6,1,-1,-1,1242,1,2,3,1,3
2017100218106,3,9,0,2,0,0,0,0,0,0,2,1,6,3,-1,-1,1997,2,-1,-1,-1,-1
2017100218114,1,9,0,17,0,0,2,0,1,11,4,1,2,1,33,6,1598,2,-1,5,3,5
2017100218121,1,9,0,9,0,6,0,0,1,1,4,1,5,2,70,10,1499,2,2,4,3,4
2017100218121,2,9,0,18,0,8,0,0,1,1,1,1,5,2,45,7,1149,1,6,-1,1,-1
2017100218375,1,3,0,14,0,1,0,0,0,0,1,1,6,3,-1,-1,125,1,1,-1,-1,-1
2017100218375,2,9,0,9,0,5,0,0,0,0,1,1,5,1,60,9,1598,1,7,8,1,8
2017100218384,1,9,0,18,0,1,0,0,0,0,1,1,5,1,75,10,1997,2,-1,3,1,3
2017100218384,2,9,0,4,0,1,0,0,0,0,2,1,5,1,63,9,1956,2,6,6,1,6
2017100218411,1,9,0,3,0,2,0,0,0,0,0,1,6,3,-1,-1,-1,-1,-1,-1,-1,-1
2017100218411,2,11,0,5,0,2,0,0,0,0,0,1,1,1,45,7,6700,2,1,1,1,1
2017100218701,1,9,-1,5,0,0,0,0,0,0,3,1,6,1,47,8,1798,1,9,-1,-1,-1
2017100218701,2,3,-1,3,0,0,1,0,0,0,1,1,6,1,21,5,124,1,1,-1,-1,-1
2017100218750,1,9,0,18,0,2,0,0,0,0,1,1,5,1,29,6,1360,1,5,-1,-1,-1
2017100218965,1,1,0,18,0,0,5,0,0,0,1,1,5,1,15,3,-1,-1,-1,-1,-1,-1
2017100218965,2,9,0,18,0,0,1,0,0,0,1,1,6,1,72,10,1599,1,12,-1,-1,-1
2017100219298,1,9,0,18,0,2,0,0,0,0,1,1,6,1,54,8,1753,2,7,10,1,10
2017100219298,2,9,0,3,0,1,0,0,0,0,2,1,6,2,36,7,1364,1,10,1,1,1
2017100219302,1,9,0,18,0,0,0,0,0,0,1,1,6,1,-1,-1,1390,1,13,2,1,2
2017100219302,2,9,0,18,0,0,0,0,0,0,2,1,6,2,32,6,1560,2,6,1,1,1
2017100219314,1,4,0,18,0,0,0,0,0,0,1,1,1,1,41,7,1170,1,2,8,1,8
2017100219423,1,9,0,13,0,0,0,0,0,0,1,1,2,2,24,5,1242,1,3,-1,-1,-1
2017100219423,2,9,0,18,0,0,1,0,0,0,2,1,2,2,52,8,1910,2,10,5,3,5
2017100219423,3,9,0,18,0,0,1,0,0,0,1,1,1,1,25,5,998,1,4,4,2,4
2017100219423,4,9,0,18,0,0,0,0,0,0,3,1,6,1,49,8,1560,2,7,5,2,5
2017100219624,1,9,0,18,0,8,0,0,0,0,1,1,6,1,-1,-1,-1,-1,-1,-1,-1,-1
2017100219624,2,19,0,3,0,8,0,0,0,0,2,1,1,1,41,7,1560,2,3,1,1,1
2017100219647,1,11,0,4,0,4,0,0,0,0,0,1,1,1,47,8,4461,2,2,-1,-1,-1
2017100219651,1,9,0,18,0,0,1,0,7,0,1,1,6,1,18,4,1242,1,11,-1,-1,-1
2017100219692,1,19,0,18,0,8,0,0,0,0,1,1,6,1,46,8,2402,2,6,1,1,1
2017100219708,1,11,0,4,2,8,0,0,0,0,4,1,1,1,61,9,4461,2,1,9,1,9
2017100219709,1,9,0,4,0,1,0,0,0,0,1,1,6,1,31,6,1229,1,9,4,1,4
2017100219709,2,9,0,3,0,1,0,0,0,0,2,1,6,1,32,6,1587,1,13,-1,-1,-1
2017100219709,3,9,0,3,0,1,0,0,0,0,2,1,6,3,-1,-1,-1,-1,-1,-1,-1,-1
2017100219718,1,9,0,18,0,0,0,0,7,0,1,1,6,1,42,7,1796,1,14,6,3,6
2017100219720,1,9,0,18,0,0,0,0,0,0,0,1,6,1,77,11,1582,2,-1,-1,-1,-1
2017100219720,2,9,0,18,0,0,5,0,2,0,1,1,6,2,46,8,1560,2,6,-1,-1,-1
2017100219733,1,9,0,18,0,0,0,0,0,0,1,1,6,2,19,4,999,1,4,6,1,6
2017100219768,1,9,0,18,0,1,0,0,0,0,1,1,5,1,52,8,1969,2,3,7,3,7
2017100219768,2,9,0,3,0,1,0,0,0,0,2,1,1,1,33,6,2143,2,3,7,1,7
2017100219822,1,9,0,18,0,2,0,0,0,0,1,1,6,3,-1,-1,-1,-1,-1,-1,-1,-1
2017100219993,1,11,0,2,0,0,0,0,0,0,0,1,1,1,30,6,9000,2,10,-1,-1,-1
2017100220030,1,9,0,18,0,0,0,0,0,0,4,1,3,2,35,6,1399,2,13,6,1,6
2017100220078,1,9,0,18,0,0,0,0,0,0,4,1,6,1,28,6,1968,2,9,2,1,2
2017100220088,1,9,0,9,0,1,0,0,0,0,3,1,5,1,48,8,1362,1,4,1,1,1
2017100220088,2,3,0,18,0,1,0,0,0,0,1,1,5,1,67,10,-1,-1,-1,1,1,1
2017100220091,1,9,0,12,0,8,0,0,0,0,3,1,6,2,22,5,1229,1,12,10,1,10
2017100220091,2,9,0,18,0,8,0,0,0,0,4,1,6,1,57,9,1398,1,1,9,1,9
2017100220092,1,9,0,13,0,1,0,0,7,0,1,1,6,2,25,5,1364,1,4,9,3,9
2017100220092,2,9,0,9,0,1,0,0,0,0,3,1,6,1,22,5,1596,1,12,7,1,7
2017100220150,1,9,-1,18,0,0,0,0,0,0,1,1,6,1,-1,-1,1560,2,11,-1,-1,-1
2017100220150,2,9,-1,-1,-1,0,0,0,0,0,-1,1,5,1,38,7,1968,2,8,1,1,1
2017100220151,1,9,0,18,0,0,2,0,1,0,1,1,5,2,35,6,1910,2,10,4,1,4
2017100220156,1,9,0,16,0,0,0,0,0,0,1,1,5,2,43,7,1240,1,14,5,3,5
2017100220156,2,9,0,18,0,0,0,0,0,0,1,1,2,1,57,9,1997,2,5,9,3,9
2017100220162,1,9,0,18,0,1,0,0,0,0,2,1,6,1,89,11,1229,1,4,-1,-1,-1
2017100220162,2,5,0,3,0,1,0,0,0,0,0,1,5,1,59,9,998,1,-1,-1,-1,-1
2017100220176,1,5,0,7,0,6,5,0,0,0,3,1,1,1,29,6,805,1,11,1,1,1
2017100220176,2,9,0,9,0,2,0,0,0,0,4,1,2,1,23,5,1998,1,19,5,1,5
2017100220203,1,8,0,5,0,0,0,0,0,0,0,1,1,1,-1,-1,-1,-1,-1,-1,-1,-1
2017100220204,1,9,0,11,0,0,1,0,0,0,1,1,2,1,33,6,1968,2,6,5,1,5
2017100220204,2,9,0,3,0,0,0,0,0,0,2,1,2,2,33,6,1997,2,6,-1,-1,-1
2017100220204,3,9,0,3,0,0,0,0,0,0,2,1,6,2,45,7,1598,2,2,1,1,1
2017100220204,4,9,0,3,0,0,0,0,0,0,2,1,2,2,32,6,1461,2,4,-1,-1,-1
2017100220204,5,9,0,3,0,0,0,0,0,0,2,1,1,1,31,6,1582,2,4,-1,-1,-1
2017100220205,1,9,0,18,0,0,0,0,0,0,1,1,6,1,26,6,1998,1,12,2,1,2
2017100220205,2,9,0,18,0,0,0,0,0,0,2,1,6,1,50,8,1398,1,1,-1,-1,-1
2017100220212,1,9,0,9,0,1,0,0,0,0,1,1,5,2,26,6,1198,1,8,7,1,7
2017100220212,2,9,0,18,0,1,0,0,0,0,1,1,5,1,70,10,1997,2,1,3,1,3
2017100220213,1,8,0,18,0,1,0,0,0,0,1,1,1,1,24,5,1598,2,5,-1,-1,-1
2017100220214,1,9,0,13,0,0,0,0,0,0,4,1,5,1,37,7,2179,2,5,1,1,1
2017100220214,2,9,0,16,0,0,0,0,2,7,3,1,5,1,60,9,1598,2,1,10,1,10
2017100220215,1,9,0,18,0,8,0,0,0,0,1,1,1,1,36,7,1598,2,3,-1,-1,-1
2017100220215,2,9,0,18,0,8,0,0,0,0,3,1,5,1,52,8,1798,8,-1,4,1,4
2017100220227,1,11,0,18,0,1,0,0,0,0,3,1,1,1,54,8,12000,2,13,-1,-1,-1
2017100220236,1,11,0,4,0,0,0,0,0,0,0,1,1,1,54,8,4249,2,1,1,1,1
2017100220302,1,9,0,10,0,1,0,0,0,0,1,1,5,1,45,7,1796,1,3,5,2,5
2017100220302,2,3,0,9,0,8,5,0,0,0,1,1,5,1,17,4,-1,-1,-1,2,1,2
2017100220657,1,9,0,18,0,8,0,0,0,0,1,1,2,2,36,7,1587,1,11,1,1,1
2017100220657,2,9,0,5,0,8,0,0,0,0,1,1,5,1,34,6,2143,2,3,6,1,6
2017100220659,1,9,0,17,0,0,2,0,7,0,1,1,5,2,79,11,1686,2,12,5,3,5
2017100220660,1,9,0,16,0,0,1,0,1,0,1,1,5,1,18,4,1560,2,1,6,1,6
2017100220660,2,5,0,17,0,0,5,0,0,0,1,1,5,1,55,8,-1,-1,-1,-1,-1,-1
2017100220825,1,9,-1,18,0,1,0,0,0,0,1,1,5,1,55,8,1560,2,2,-1,-1,-1
2017100220825,2,5,-1,18,0,1,2,0,0,0,2,1,6,1,-1,-1,999,1,1,6,2,6
2017100220829,1,9,0,7,5,1,0,0,0,0,4,1,2,2,23,5,998,1,14,4,1,4
2017100220829,2,1,0,4,9,1,0,0,0,0,1,1,2,1,21,5,-1,-1,-1,3,1,3
2017100220864,1,9,0,18,0,1,0,0,0,0,1,1,6,1,35,6,1956,2,5,2,1,2
2017100220864,2,9,0,2,0,1,0,0,0,0,2,1,6,1,-1,-1,4398,1,17,7,1,7
2017100220898,1,9,0,18,0,1,0,0,0,0,1,1,3,1,70,10,1461,2,3,1,1,1
2017100220915,1,9,0,12,0,7,0,0,0,0,3,1,2,2,53,8,1386,1,8,3,1,3
2017100220915,2,17,0,18,0,8,0,0,0,0,4,1,1,1,32,6,-1,-1,-1,1,1,1
2017100221020,1,9,0,18,0,0,0,0,0,0,4,1,6,1,20,4,-1,-1,-1,-1,-1,-1
2017100221033,1,9,0,13,0,0,0,0,0,0,2,1,6,3,-1,-1,-1,-1,-1,-1,-1,-1
2017100221033,2,9,0,18,0,0,0,0,0,0,1,1,5,2,68,10,999,1,4,8,1,8
2017100221055,1,9,0,18,0,4,0,0,0,0,1,1,5,1,43,7,1598,2,4,6,1,6
2017100221055,2,9,0,4,0,4,0,0,0,0,2,1,5,2,54,8,999,1,2,2,1,2
2017100221063,1,9,0,18,0,0,0,0,0,0,2,1,5,1,72,10,2198,2,9,7,1,7
2017100221063,2,5,0,18,0,0,2,0,0,0,1,1,5,1,51,8,1170,1,4,3,1,3
2017100221083,1,9,0,18,0,1,0,0,0,0,1,1,5,1,17,4,1598,1,3,8,1,8
2017100221118,1,11,0,5,0,0,0,0,0,0,4,1,1,1,50,8,9000,5,3,2,1,2
2017100221134,1,9,0,9,0,1,0,0,0,0,4,1,5,2,21,5,1390,1,2,3,1,3
2017100221134,2,1,0,18,4,1,0,0,0,0,1,1,2,1,36,7,-1,-1,-1,4,1,4
2017100221200,1,9,0,17,0,0,1,0,2,7,1,1,5,1,20,4,1229,1,5,1,1,1
2017100221233,1,1,-1,-1,-1,0,-1,-1,-1,0,-1,1,6,2,57,9,-1,-1,-1,3,2,3
2017100221233,2,-1,-1,-1,-1,0,-1,-1,-1,0,-1,1,6,1,47,8,-1,-1,-1,10,1,10
2017100221320,1,9,0,18,0,0,1,0,0,0,4,1,5,1,19,4,1364,1,10,-1,-1,-1
2017100221320,2,9,0,18,0,0,0,0,0,0,1,1,1,1,49,8,2143,2,1,9,1,9
2017100221458,1,9,0,9,0,1,0,0,0,0,4,1,5,1,77,11,1598,2,5,3,2,3
2017100221458,2,9,0,18,0,8,0,0,0,0,4,1,5,1,87,11,1242,1,10,8,1,8
2017100221584,1,19,0,7,0,8,1,0,7,11,1,1,6,1,16,4,2402,2,14,5,1,5
2017100221584,2,9,0,18,0,1,0,0,0,0,0,1,1,1,35,6,2993,2,2,2,1,2
2017100221617,1,9,0,18,0,8,0,0,0,0,3,1,5,1,79,11,1149,1,2,2,1,2
2017100221617,2,1,0,18,0,8,5,0,0,0,1,1,6,2,57,9,-1,-1,-1,1,1,1
2017100221669,1,11,0,4,0,1,0,0,0,0,1,1,1,1,24,5,6700,2,9,4,1,4
2017100222050,1,-1,-1,-1,0,1,-1,-1,-1,0,-1,1,5,1,48,8,-1,-1,-1,-1,-1,-1
2017100222050,2,4,-1,18,0,1,0,0,0,0,4,1,6,1,20,4,296,1,-1,-1,-1,-1
2017100222062,1,98,0,13,0,0,0,0,0,0,4,1,6,3,-1,-1,-1,-1,-1,-1,-1,-1
2017100222062,2,1,0,18,0,0,0,0,0,0,3,1,6,1,43,7,-1,-1,-1,8,2,8
2017100222096,1,9,0,7,0,1,0,0,0,0,1,1,6,3,-1,-1,-1,-1,-1,-1,-1,-1
2017100222096,2,1,0,5,0,8,0,0,0,0,1,1,5,2,21,5,-1,-1,-1,8,1,8
2017100222109,1,9,-1,-1,-1,1,-1,-1,-1,0,-1,1,2,2,-1,-1,-1,-1,-1,3,1,3
2017100222109,2,9,-1,-1,-1,1,-1,-1,-1,0,-1,1,2,1,-1,-1,-1,-1,-1,8,3,8
2017100222113,1,9,0,17,0,0,0,0,0,0,1,1,1,1,23,5,1242,1,2,10,1,10
2017100222113,2,9,0,16,0,0,0,0,0,0,1,1,5,1,18,4,1149,1,15,7,3,7
2017100222115,1,9,0,18,0,8,0,0,0,0,1,1,6,2,65,9,1598,1,2,-1,-1,-1
2017100222115,2,9,0,18,0,8,0,0,1,0,1,1,5,1,29,6,1229,1,11,3,1,3
2017100222131,1,19,0,18,0,1,0,0,0,0,1,1,6,3,-1,-1,1998,2,14,-1,-1,-1
2017100222131,2,9,0,18,0,1,0,0,0,0,4,1,5,1,47,8,1398,2,11,4,1,4
2017100222131,3,9,0,2,5,2,0,0,0,0,4,1,6,1,50,8,1598,1,16,1,1,1
2017100222131,4,9,0,2,5,2,0,0,0,0,3,1,6,1,25,5,1896,2,15,1,1,1
2017100222343,1,9,0,7,0,8,0,0,0,0,1,1,2,2,41,7,1329,1,4,4,1,4