Accident_Index,Vehicle_Reference,Vehicle_Type,Towing_and_Articulation,Vehicle_Manoeuvre,Vehicle_Location-Restricted_Lane,Junction_Location,Skidding_and_Overturning,Hit_Object_in_Carriageway,Vehicle_Leaving_Carriageway,Hit_Object_off_Carriageway,1st_Point_of_Impact,Was_Vehicle_Left_Hand_Drive?,Journey_Purpose_of_Driver,Sex_of_Driver,Age_of_Driver,Age_Band_of_Driver,Engine_Capacity_(CC),Propulsion_Code,Age_of_Vehicle,Driver_IMD_Decile,Driver_Home_Area_Type,Vehicle_IMD_Decile
2017100222423,1,19,0,18,0,0,0,0,0,0,1,1,6,1,36,7,1998,2,12,2,2,2
2017100222423,2,9,0,18,0,0,0,0,1,0,2,1,6,1,24,5,1984,1,6,6,3,6
2017100222423,3,9,0,18,0,0,0,0,0,0,0,1,6,2,38,7,1956,2,1,7,1,7
2017100222445,1,3,0,18,0,0,0,0,0,0,1,1,2,1,36,7,124,1,12,4,1,4
2017100222445,2,21,0,4,0,0,0,0,0,0,1,1,1,1,51,8,4485,2,2,1,1,1
2017100222468,2,11,0,18,0,0,0,0,0,0,0,1,1,1,26,6,9000,5,3,7,1,7
2017100222469,1,9,0,4,0,1,0,0,0,0,1,1,6,3,-1,-1,1995,2,12,-1,-1,-1
2017100222469,2,9,0,3,0,1,0,0,0,0,2,1,2,2,26,6,999,1,2,-1,-1,-1
2017100222474,1,9,0,7,0,8,1,7,0,0,1,2,5,1,21,5,-1,-1,-1,-1,-1,-1
2017100222474,2,9,0,18,0,8,0,0,0,0,3,1,2,1,44,7,1368,1,2,7,1,7
2017100222474,3,11,0,18,0,1,0,0,0,0,1,1,1,1,48,8,5132,2,-1,4,1,4
2017100222475,1,19,0,17,0,0,0,0,8,0,1,1,2,1,42,7,-1,-1,-1,-1,1,-1
2017100222560,1,9,0,18,0,1,0,0,-1,0,2,1,6,3,-1,-1,1870,2,9,-1,-1,-1
2017100222560,2,11,0,18,-1,-1,0,-1,-1,0,1,1,1,1,46,8,6370,2,9,-1,-1,-1
2017100222561,1,9,0,18,0,0,0,0,0,0,1,1,5,1,30,6,-1,-1,-1,3,3,3
2017100222561,2,19,0,18,0,0,0,0,0,0,2,1,2,1,32,6,2198,2,5,2,1,2
2017100222561,3,9,0,18,0,0,0,0,0,0,2,1,6,1,27,6,1997,2,4,1,1,1
2017100222561,4,9,0,18,0,0,0,0,0,0,2,1,6,1,26,6,1149,1,9,4,1,4
2017100222563,1,21,1,9,0,3,5,10,1,10,4,1,1,1,24,5,12809,2,5,-1,-1,-1
2017100222585,1,3,0,13,0,3,0,0,0,0,4,1,6,1,18,4,125,1,5,-1,-1,-1
2017100222585,2,9,0,9,0,3,0,0,0,0,3,1,6,2,30,6,998,1,2,-1,-1,-1
2017100222599,1,9,-1,18,0,-1,0,4,0,0,1,1,6,1,-1,-1,1900,2,13,-1,-1,-1
2017100222599,2,9,0,7,0,5,0,0,0,0,2,1,5,1,68,10,1598,2,1,1,1,1
2017100222616,1,9,0,18,0,0,0,0,0,0,1,1,6,1,58,9,1991,1,18,1,1,1
2017100222616,2,1,0,18,0,0,0,0,0,0,1,1,6,1,31,6,-1,-1,-1,5,1,5
2017100222728,1,9,0,18,0,4,0,0,0,0,1,1,5,1,55,8,1598,1,11,4,2,4
2017100222728,2,1,0,18,0,8,0,0,0,0,2,1,2,1,52,8,-1,-1,-1,10,1,10
2017100222815,1,11,0,18,0,1,0,0,0,0,0,1,5,1,63,9,4461,2,2,-1,-1,-1
2017100222878,1,19,0,6,0,0,0,0,0,0,3,1,5,1,72,10,1461,2,11,3,2,3
2017100222878,2,9,0,18,0,0,0,0,0,0,1,1,5,1,36,7,1997,2,11,10,1,10
2017100222948,1,9,0,4,0,1,1,0,0,0,1,1,6,1,20,4,1595,1,1,4,1,4
2017100222948,2,9,0,3,0,1,0,0,0,0,2,1,6,2,39,7,1461,2,3,6,3,6
2017100222956,1,9,0,5,0,0,0,4,0,0,-1,1,6,3,-1,-1,-1,-1,-1,-1,-1,-1
2017100222956,2,8,0,-1,-1,0,-1,-1,-1,0,-1,1,1,1,38,7,1896,2,8,4,1,4
2017100222956,3,-1,-1,-1,-1,0,-1,-1,-1,0,-1,1,5,3,40,7,-1,-1,-1,1,1,1
2017100223014,1,9,0,18,0,0,0,0,0,0,1,1,6,3,-1,-1,-1,-1,-1,-1,-1,-1
2017100223014,2,9,0,2,0,0,0,0,0,0,2,1,5,2,58,9,1086,1,11,-1,-1,-1
2017100223018,1,9,0,4,0,0,0,0,0,0,1,1,6,1,28,6,-1,-1,-1,-1,-1,-1
2017100223018,2,9,0,3,0,0,0,0,0,0,2,1,5,1,57,9,1395,1,-1,3,1,3
2017100223032,1,9,0,9,0,8,0,0,0,0,4,1,5,2,21,5,1242,1,3,8,3,8
2017100223032,2,9,0,18,0,8,0,0,0,0,1,1,1,1,54,8,2143,2,-1,3,1,3
2017100223039,1,9,0,18,0,2,0,0,0,0,1,1,6,2,21,5,998,1,13,4,1,4
2017100223039,2,1,0,18,0,6,0,0,0,0,1,1,6,1,24,5,-1,-1,-1,-1,-1,-1
2017100223284,1,8,0,18,0,8,0,0,0,0,1,1,1,1,42,7,1896,2,10,1,1,1
2017100223284,2,9,0,4,0,8,0,0,0,0,2,1,6,1,23,5,1248,2,10,-1,-1,-1
2017100223284,3,9,0,4,0,8,0,0,0,0,0,1,1,1,40,7,1598,2,2,2,1,2
2017100223315,1,9,0,18,0,0,0,4,0,0,1,1,5,1,74,10,1360,1,14,-1,-1,-1
2017100223315,2,9,0,2,0,0,0,0,0,0,2,1,6,3,-1,-1,-1,-1,-1,-1,-1,-1
2017100223340,1,8,0,18,0,0,0,0,0,0,1,1,1,1,47,8,1598,2,4,1,1,1
2017100223345,1,1,0,18,0,1,0,0,0,0,1,1,2,1,34,6,-1,-1,-1,3,1,3
2017100223345,2,9,0,18,0,1,0,0,0,0,1,1,2,1,19,4,1149,1,8,2,1,2
2017100223357,1,9,0,18,0,0,0,0,0,0,1,1,5,2,77,11,1598,1,6,2,1,2
2017100223391,1,9,0,18,0,0,0,0,0,0,2,1,5,2,32,6,1397,1,8,10,1,10
2017100223391,2,9,0,18,0,0,0,0,0,0,2,1,6,1,25,5,1461,2,1,9,1,9
2017100223489,1,9,0,18,0,3,0,0,0,0,3,1,6,2,25,5,1200,1,1,10,2,10
2017100223489,2,9,0,18,0,3,0,0,0,0,4,1,5,2,68,10,1360,1,15,2,1,2
2017100223492,1,5,0,18,0,0,1,0,1,0,4,1,2,1,47,8,998,1,13,8,3,8
2017100223932,1,9,0,16,0,1,1,0,0,0,1,1,5,1,22,5,1597,1,16,1,1,1
2017100223932,2,9,0,16,0,1,0,1,0,0,1,1,5,1,42,7,1910,2,11,1,1,1
2017100224135,1,9,0,7,4,6,0,0,0,0,1,1,2,2,44,7,1910,2,7,5,1,5
2017100224135,2,1,0,18,0,8,0,0,0,0,1,1,2,1,34,6,-1,-1,-1,10,1,10
2017100224137,1,9,0,18,0,7,0,0,0,0,1,1,1,1,41,7,-1,-1,-1,-1,-1,-1
2017100224137,2,9,0,18,0,7,0,0,0,0,2,1,6,2,37,7,1200,1,-1,-1,-1,-1
2017100224137,3,9,0,18,0,7,0,0,0,0,2,1,2,2,37,7,1499,1,2,-1,-1,-1
2017100224360,1,9,0,18,0,0,0,0,0,0,1,1,5,1,90,11,1397,1,16,-1,-1,-1
2017100224360,2,9,0,18,0,0,0,0,0,0,1,2,6,2,29,6,1240,1,12,-1,-1,-1
2017100224360,3,9,0,18,0,0,0,0,0,0,2,2,2,2,34,6,1461,2,3,-1,-1,-1
2017100224362,1,9,0,18,0,1,1,7,0,0,1,1,5,1,25,5,-1,-1,-1,-1,-1,-1
2017100224409,1,19,0,18,0,2,0,0,0,0,1,1,6,1,37,7,2143,2,3,1,1,1
2017100224409,2,9,0,3,0,2,0,0,0,0,2,1,6,1,25,5,1598,1,4,1,1,1
2017100224447,1,9,0,16,0,3,1,10,1,2,1,1,2,1,23,5,3696,1,1,9,1,9
2017100224729,1,19,0,5,0,4,0,0,0,0,1,1,6,1,40,7,1598,2,1,-1,-1,-1
2017100224729,2,1,0,18,0,3,0,0,0,0,2,1,2,1,32,6,-1,-1,-1,-1,-1,-1
2017100224787,1,8,0,18,0,1,0,0,0,0,0,1,5,1,50,8,1560,2,6,-1,-1,-1
2017100224801,1,11,0,18,0,8,0,0,0,0,1,1,1,1,59,9,9000,5,3,8,1,8
2017100224802,1,9,0,18,0,0,0,0,0,0,0,1,5,1,51,8,-1,-1,-1,8,1,8
2017100224805,1,9,0,8,0,1,0,0,0,0,1,1,5,1,49,8,1461,2,1,9,1,9
2017100224805,2,9,0,3,0,1,0,0,0,0,2,1,5,2,27,6,1398,2,13,3,2,3
2017100224809,1,9,0,18,0,0,1,0,8,4,1,1,5,1,33,6,1997,1,12,2,1,2
2017100224812,1,98,0,5,0,2,0,0,0,0,1,1,1,1,40,7,-1,-1,-1,-1,-1,-1
2017100224812,2,9,0,10,0,2,0,0,0,0,2,1,6,2,53,8,1998,2,11,-1,-1,-1
2017100224826,1,9,0,16,0,0,1,0,7,0,1,1,5,1,22,5,1461,2,4,9,1,9
2017100224826,3,9,0,18,0,0,0,0,0,0,1,1,5,1,36,7,2993,2,5,10,2,10
2017100224837,1,9,0,7,0,2,0,4,0,0,1,1,6,2,-1,-1,-1,-1,-1,-1,-1,-1
2017100224837,2,90,0,2,0,2,0,0,0,0,0,1,1,1,55,8,-1,-1,-1,5,1,5
2017100224845,1,8,0,9,0,8,0,0,0,0,3,2,1,1,34,6,1956,2,4,-1,-1,-1
2017100224845,2,9,0,18,0,1,0,0,0,0,1,2,5,2,39,7,1598,1,9,6,1,6
2017100225041,1,-1,-1,-1,-1,0,-1,-1,-1,0,-1,1,1,1,48,8,-1,-1,-1,7,1,7
2017100225041,2,1,-1,-1,-1,0,-1,-1,-1,0,-1,1,5,1,13,3,-1,-1,-1,3,1,3
2017100225097,1,9,0,5,0,4,0,0,0,0,4,1,6,1,16,4,1560,2,11,-1,-1,-1
2017100225097,2,9,0,5,0,4,0,0,0,0,1,1,4,1,18,4,998,1,11,-1,-1,-1
2017100225105,1,9,0,7,0,1,1,0,0,0,3,1,5,1,70,10,-1,-1,-1,9,2,9
2017100225105,2,9,0,8,0,1,0,0,0,0,3,1,5,1,35,6,1560,2,6,9,1,9
2017100225105,3,9,0,8,0,1,0,0,0,0,3,1,5,1,50,8,1560,2,10,9,1,9
2017100225164,1,9,0,5,0,6,0,0,0,0,1,1,5,1,53,8,2698,2,10,-1,-1,-1
2017100225164,2,9,0,18,0,1,0,0,0,0,4,1,2,1,58,9,4799,1,11,9,2,9
2017100225169,1,9,0,18,0,0,0,0,1,9,1,1,5,1,19,4,1995,2,3,1,1,1
2017100225204,1,9,0,18,0,2,0,0,0,0,1,1,6,2,24,5,998,1,16,3,1,3
2017100225204,2,9,0,3,0,2,0,0,0,0,2,1,6,2,31,6,1995,2,5,3,1,3
2017100225208,1,9,0,5,0,6,0,0,0,0,1,1,5,2,43,7,1200,1,-1,5,1,5
2017100225208,2,1,0,18,2,8,0,0,0,0,4,1,2,1,55,8,-1,-1,-1,4,2,4
2017100225209,1,19,0,18,0,5,0,0,0,0,3,1,2,1,27,6,1560,2,7,2,1,2
2017100225277,1,9,0,16,0,0,1,0,0,0,1,1,5,2,58,9,999,1,-1,6,1,6
2017100225277,2,9,0,17,0,0,1,0,0,0,1,1,5,2,45,7,1968,2,1,2,1,2
2017100225301,1,9,0,18,0,2,0,0,0,0,3,1,5,1,64,9,1997,2,8,-1,-1,-1
2017100225315,1,9,0,16,0,0,1,0,7,3,1,1,5,1,21,5,1395,1,1,-1,-1,-1
2017100225368,1,1,0,18,0,0,0,0,0,0,1,1,6,1,33,6,-1,-1,-1,-1,-1,-1
2017100225368,2,9,0,18,0,0,0,0,0,0,3,1,5,1,54,8,1598,1,3,1,1,1
2017100225406,1,9,0,5,0,1,0,0,0,0,3,1,5,2,46,8,1598,2,4,4,2,4
2017100225504,1,9,-1,-1,-1,-1,-1,-1,-1,0,-1,1,6,2,-1,-1,-1,-1,-1,-1,-1,-1
2017100225528,1,9,0,12,0,0,0,0,0,0,3,1,1,1,30,6,1968,2,-1,1,1,1
2017100225528,2,5,0,18,0,0,2,0,0,0,4,1,2,1,32,6,599,1,13,-1,-1,-1
2017100225528,3,9,0,18,0,0,0,0,0,0,2,1,2,2,25,5,1149,1,7,-1,-1,-1
2017100225574,1,9,0,18,0,0,0,0,0,0,1,1,1,1,44,7,2143,2,8,3,1,3
2017100225731,1,1,0,14,0,1,0,0,0,0,1,1,6,1,39,7,-1,-1,-1,-1,-1,-1
2017100225731,2,9,0,8,0,1,0,0,0,0,3,1,6,2,74,10,1198,1,6,6,1,6
2017100225908,1,9,0,4,0,1,0,0,0,0,4,1,2,1,34,6,1461,2,1,4,2,4
2017100225908,2,1,0,18,0,1,0,0,0,0,1,1,5,1,11,3,-1,-1,-1,2,1,2
2017100225930,1,9,0,15,0,2,0,0,0,0,1,1,5,1,80,11,1499,2,4,10,1,10
2017100225930,2,9,0,18,0,1,0,0,0,0,1,1,5,1,28,6,1598,1,11,-1,-1,-1
2017100225964,1,9,0,5,0,0,0,0,0,0,1,1,2,2,19,4,1149,1,10,3,1,3
2017100225964,2,9,0,3,0,0,0,0,0,0,2,1,6,1,19,4,1390,1,14,6,1,6
2017100225969,1,11,0,5,0,0,0,0,0,0,0,1,1,1,36,7,9360,2,6,1,1,1
2017100226116,1,9,0,17,0,8,0,0,0,0,1,1,6,3,-1,-1,-1,-1,-1,-1,-1,-1
2017100226338,1,9,0,18,0,4,0,0,0,0,3,1,5,2,22,5,1986,2,9,5,1,5
2017100226338,2,9,0,18,0,4,0,0,0,0,1,1,5,2,70,10,1598,1,11,9,1,9
2017100226352,1,9,0,18,0,8,0,0,0,0,1,1,6,1,16,4,2982,2,14,-1,-1,-1
2017100226352,2,8,0,3,0,1,0,0,0,0,2,1,1,1,26,6,1956,2,2,-1,-1,-1
2017100226368,1,9,0,4,0,0,0,0,0,0,2,1,6,2,-1,-1,1496,2,1,-1,-1,-1
2017100226368,2,9,0,4,0,0,0,0,0,0,1,1,5,1,51,8,998,1,15,7,1,7
2017100226444,1,9,0,18,0,1,1,0,0,0,1,1,6,1,23,5,1398,2,14,4,3,4
2017100226444,2,19,0,2,0,1,0,0,0,0,2,1,1,1,35,6,2143,2,4,-1,1,-1
2017100226444,3,19,0,2,0,1,0,0,0,0,2,1,1,1,26,6,-1,-1,-1,4,1,4
2017100226464,1,11,0,2,2,0,0,0,0,0,0,1,1,1,30,6,-1,-1,-1,-1,-1,-1
2017100226469,1,1,0,18,0,0,0,4,0,0,3,1,1,1,16,4,-1,-1,-1,2,1,2
2017100226469,2,9,0,18,0,0,0,0,0,0,1,1,1,2,43,7,998,1,3,7,3,7
2017100226484,1,9,0,9,0,6,0,0,0,0,1,1,1,1,43,7,1461,2,-1,6,1,6
2017100226484,2,9,0,18,0,8,0,0,0,0,3,1,1,1,27,6,-1,-1,-1,9,1,9
2017100226496,1,-1,-1,-1,-1,0,-1,-1,-1,0,-1,1,6,1,-1,-1,-1,-1,-1,3,1,3
2017100226496,2,9,-1,-1,-1,0,-1,-1,-1,0,-1,1,6,2,-1,-1,-1,-1,-1,-1,-1,-1
2017100226509,1,9,0,18,0,0,0,0,0,0,1,1,2,1,37,7,1595,1,1,8,1,8
2017100226509,2,19,0,3,0,0,0,0,0,0,2,1,1,1,27,6,1968,2,3,8,1,8
2017100226509,3,9,0,3,0,0,0,0,0,0,2,1,2,1,47,8,1229,1,4,1,1,1
2017100226509,4,19,0,3,0,0,0,0,0,0,2,1,1,1,32,6,2198,2,9,-1,-1,-1
2017100226516,1,9,0,18,0,1,1,0,0,0,1,1,5,1,30,6,-1,-1,-1,2,1,2
2017100226516,2,9,0,9,0,6,0,0,0,0,4,1,5,2,57,9,1197,1,1,4,1,4
2017100226516,3,9,0,2,0,1,0,0,0,0,1,1,6,3,-1,-1,-1,-1,-1,-1,-1,-1
2017100226637,1,9,0,7,0,6,0,0,0,0,1,1,6,3,-1,-1,-1,-1,-1,-1,-1,-1
2017100226637,2,11,0,10,0,1,0,0,0,0,3,1,1,1,33,6,-1,-1,-1,-1,-1,-1
2017100226692,1,9,0,5,0,1,0,0,0,0,1,1,2,1,62,9,1596,1,6,-1,-1,-1
2017100226692,2,1,0,5,0,1,2,0,0,0,1,1,2,1,58,9,-1,-1,-1,1,1,1
2017100226775,1,9,0,18,0,8,0,0,0,0,1,1,5,1,77,11,1597,1,7,7,1,7
2017100226775,2,9,0,18,0,8,0,0,0,0,1,1,5,1,29,6,1360,1,8,1,1,1
2017100226785,1,9,0,18,0,1,0,0,0,0,1,1,6,1,-1,-1,-1,-1,-1,-1,-1,-1
2017100226785,2,9,0,3,0,1,0,0,0,0,2,1,2,2,48,8,1598,1,10,-1,-1,-1
2017100226806,1,9,0,3,0,1,0,0,0,0,2,1,6,1,28,6,1364,1,9,2,1,2
2017100226806,2,19,0,4,0,1,0,4,0,0,1,1,5,2,24,5,2143,2,-1,3,3,3
2017100226812,1,5,0,18,0,1,0,0,0,0,1,1,5,1,29,6,899,1,18,-1,-1,-1
2017100226812,2,9,0,10,0,1,0,0,0,0,3,1,5,2,63,9,1398,1,-1,2,1,2
2017100226816,1,9,0,15,0,3,0,0,0,0,0,1,6,1,-1,-1,1329,1,3,-1,-1,-1
2017100226816,2,9,0,18,0,3,0,0,0,0,0,1,5,2,48,8,1598,1,16,10,2,10
2017100226819,1,9,0,9,0,8,0,0,0,0,4,1,5,2,64,9,1248,1,-1,8,1,8
2017100226819,2,9,0,18,0,1,0,0,0,0,1,1,5,1,67,10,1339,8,7,9,1,9
2017100226875,1,20,1,18,0,0,0,0,0,0,4,1,1,1,21,5,-1,-1,-1,-1,-1,-1
2017100226875,2,9,0,18,0,0,1,0,0,0,3,1,2,2,44,7,1229,1,2,3,1,3
2017100226884,1,9,0,5,0,6,0,0,0,0,3,1,5,2,21,5,1149,1,4,-1,-1,-1
2017100226884,2,19,0,18,0,1,0,0,0,0,4,1,1,1,49,8,1753,2,10,-1,-1,-1
2017100226888,1,9,0,18,0,1,0,0,0,0,1,1,6,3,-1,-1,-1,-1,-1,-1,-1,-1
2017100226888,2,9,0,3,0,1,0,0,0,0,2,1,5,2,42,7,1596,1,4,1,1,1
2017100226899,1,11,-1,-1,-1,0,0,0,0,0,0,1,1,1,-1,-1,6700,2,7,-1,-1,-1
2017100226910,1,11,0,4,0,0,0,0,0,0,0,1,1,1,-1,-1,6700,2,1,-1,-1,-1
2017100226912,1,9,0,16,0,5,1,10,1,0,4,1,2,1,43,7,1461,2,-1,-1,-1,-1
2017100226912,2,5,0,18,0,6,1,0,0,0,3,1,2,2,41,7,649,1,10,-1,-1,-1
2017100226922,1,9,0,18,0,0,0,0,0,0,4,1,5,1,44,7,1968,2,9,1,1,1
2017100226926,1,9,0,18,0,2,0,0,0,0,1,1,5,2,50,8,-1,-1,-1,-1,-1,-1
2017100226926,2,9,0,18,0,2,0,0,0,0,4,1,5,2,56,9,1995,1,10,-1,-1,-1
2017100226927,1,9,0,4,0,1,0,0,0,0,1,1,1,2,19,4,1242,1,13,-1,-1,-1
2017100226934,1,21,0,18,0,1,0,0,0,0,1,1,1,1,-1,-1,5880,2,12,-1,-1,-1
2017100226934,2,9,0,4,0,1,0,0,0,0,2,1,5,2,52,8,1242,1,3,-1,-1,-1
2017100226954,1,9,0,11,0,4,0,0,0,0,1,1,2,2,28,6,1198,1,3,1,1,1
2017100226954,2,1,0,16,0,4,0,0,0,0,3,1,6,1,46,8,-1,-1,-1,9,1,9
2017100227289,1,9,0,18,0,0,0,0,0,0,2,1,6,1,31,6,1686,2,12,2,1,2
2017100227289,2,9,0,18,0,0,0,0,0,0,2,1,6,1,25,5,1149,1,15,-1,-1,-1
2017100227289,3,9,0,18,0,0,0,0,0,0,2,1,6,2,57,9,1968,2,-1,-1,-1,-1
2017100227294,1,9,0,17,0,0,2,0,1,9,1,1,5,1,23,5,1296,1,9,1,1,1
2017100227384,1,9,0,13,0,0,0,0,0,0,1,1,2,1,30,6,1997,2,1,8,1,8
2017100227384,2,9,0,18,0,0,0,0,0,0,1,1,6,2,69,10,1991,2,8,2,1,2
2017100227384,3,9,0,2,0,0,0,0,0,0,0,1,6,1,30,6,999,1,-1,-1,-1,-1
2017100227594,1,9,0,9,0,5,0,0,0,0,3,1,5,2,83,11,1360,1,6,6,1,6
2017100227652,1,9,0,18,0,1,0,0,0,0,1,1,1,1,48,8,1896,2,7,2,1,2
2017100227716,1,20,0,1,0,1,0,0,0,0,2,1,5,1,62,9,2148,2,10,-1,-1,-1
2017100227716,2,9,0,5,0,5,0,0,0,0,1,1,5,2,42,7,1229,1,10,6,1,6
2017100227982,1,90,0,18,0,0,0,0,0,0,1,1,6,1,16,4,-1,-1,-1,-1,-1,-1
2017100227982,2,9,0,18,0,0,0,0,0,0,4,1,5,2,37,7,1197,1,-1,3,1,3
2017100227990,1,9,0,18,0,0,0,0,0,0,1,1,5,1,36,7,1396,1,7,-1,-1,-1
2017100227990,2,9,0,4,0,0,0,0,0,0,2,1,5,2,45,7,1598,1,-1,-1,-1,-1
2017100227993,1,9,0,18,0,0,0,0,0,0,1,1,6,1,63,9,2993,2,4,5,3,5
2017100228018,1,9,0,18,0,1,0,0,0,0,1,1,6,1,31,6,2171,1,13,1,1,1
2017100228018,2,9,0,7,0,1,0,0,0,0,2,1,6,1,50,8,1997,2,9,2,1,2
2017100228193,1,9,0,18,0,4,0,0,0,0,1,1,1,1,33,6,-1,-1,-1,9,1,9
2017100228193,2,9,0,9,0,3,0,0,0,0,4,1,2,1,38,7,1598,1,11,4,1,4
2017100228236,1,9,0,1,0,0,0,0,0,0,2,1,6,3,-1,-1,-1,-1,-1,-1,-1,-1
2017100228247,1,9,0,4,0,1,0,0,0,0,4,1,6,2,34,6,998,1,4,8,1,8
2017100228304,1,21,0,1,0,1,0,0,0,0,2,1,5,1,28,6,6871,2,-1,-1,-1,-1
2017100228304,2,9,0,2,0,2,0,0,0,0,1,1,6,1,26,6,1395,1,1,-1,-1,-1
2017100228326,1,9,-1,-1,-1,0,-1,-1,-1,0,-1,1,6,3,-1,-1,-1,-1,-1,-1,-1,-1
2017100228334,1,9,0,9,0,8,0,0,0,0,4,1,5,1,42,7,1968,2,5,1,1,1
2017100228334,2,9,0,18,2,8,0,0,0,0,1,1,1,1,41,7,1896,2,8,1,1,1
2017100228360,1,19,0,7,0,1,0,0,0,0,2,1,1,1,58,9,-1,-1,-1,4,1,4
2017100228360,2,11,0,18,2,1,0,0,0,0,1,1,1,1,30,6,6692,2,8,2,1,2
2017100228403,1,9,0,18,0,0,0,4,1,0,1,1,1,1,54,8,-1,-1,-1,-1,-1,-1
2017100228403,2,9,0,2,0,0,0,0,0,0,2,1,5,1,68,10,1461,2,3,-1,-1,-1
2017100228467,1,19,0,18,0,8,0,0,0,0,3,1,1,2,59,9,1200,1,-1,7,1,7
2017100228467,2,9,0,18,0,8,0,0,0,0,4,1,5,1,53,8,1229,1,12,5,1,5
2017100228477,1,9,0,5,0,0,0,0,0,0,1,1,6,2,81,11,1582,2,5,5,2,5
2017100228477,2,9,0,2,0,0,0,0,0,0,1,1,6,1,19,4,1198,1,12,5,2,5
2017100228477,3,9,0,2,0,0,0,0,0,0,1,1,6,1,19,4,1390,1,6,7,3,7
2017100228495,1,9,0,18,0,2,0,0,0,0,2,1,6,3,-1,-1,-1,-1,-1,-1,-1,-1
2017100228495,2,9,0,2,9,2,0,0,0,0,0,1,5,1,27,6,1398,1,2,1,1,1
2017100228513,1,8,0,18,0,0,0,0,0,0,4,1,6,2,59,9,-1,-1,-1,3,2,3
2017100228545,1,5,0,16,0,0,1,0,0,0,3,1,5,1,60,9,750,1,1,-1,1,-1
2017100228545,2,9,0,17,0,0,0,0,0,0,1,1,1,1,40,7,2143,2,-1,3,1,3
2017100228690,1,9,0,7,0,3,0,0,0,0,3,1,2,2,19,4,1968,2,7,5,3,5
2017100228690,2,1,0,18,0,4,0,0,0,0,1,1,2,1,61,9,-1,-1,-1,8,1,8
2017100228793,1,3,0,11,0,3,2,0,0,0,1,1,2,1,49,8,125,1,1,3,1,3
2017100228793,2,9,0,18,0,8,0,0,0,0,3,1,5,2,24,5,1496,2,2,-1,-1,-1
2017100228824,1,9,0,12,0,0,0,0,0,0,0,1,6,3,-1,-1,-1,-1,-1,-1,-1,-1
2017100228824,2,9,0,18,0,0,0,0,0,0,1,1,5,1,34,6,995,1,9,7,1,7
2017100228824,3,9,0,2,0,0,0,0,0,0,1,1,5,1,33,6,1229,1,3,2,1,2
2017100228917,1,9,0,9,0,8,0,0,0,0,3,1,5,2,35,6,1560,2,5,2,1,2
2017100228917,2,9,0,18,0,8,0,0,0,0,1,1,5,1,85,11,1199,1,13,9,2,9
2017100228927,1,9,0,18,0,1,0,0,0,0,1,1,2,1,42,7,998,1,2,2,1,2
2017100228927,2,9,0,8,0,1,0,0,0,0,2,1,5,1,44,7,1997,2,11,6,1,6
2017100228929,1,9,0,1,0,1,0,0,0,0,2,1,6,1,18,4,1199,1,13,1,1,1
2017100228929,2,9,0,3,0,7,0,0,0,0,1,1,1,1,45,7,1248,2,-1,-1,-1,-1
2017100228932,1,9,0,9,0,8,0,0,0,0,4,1,5,2,47,8,1197,1,1,10,1,10
2017100228932,2,1,0,18,0,1,5,0,0,0,1,1,2,1,45,7,-1,-1,-1,7,1,7
2017100228935,1,8,0,18,0,0,0,0,0,0,2,1,1,1,46,8,1968,2,4,7,1,7
2017100228935,2,9,0,4,0,0,0,0,0,0,2,1,6,1,52,8,1499,1,3,8,1,8
2017100228935,3,9,0,4,0,0,0,0,0,0,1,1,6,1,23,5,1968,2,2,10,1,10
2017100228940,1,9,0,9,0,1,0,0,0,0,1,1,3,2,39,7,1399,2,12,2,1,2
2017100229191,1,9,0,3,0,0,0,0,0,0,1,1,1,1,82,11,-1,-1,-1,-1,-1,-1
2017100229191,2,9,0,18,0,0,0,0,0,0,2,1,5,1,39,7,-1,-1,-1,-1,-1,-1
2017100229197,1,9,0,18,0,0,0,0,0,0,4,1,5,1,17,4,1198,1,-1,10,3,10
2017100229312,1,9,-1,-1,-1,1,-1,-1,-1,0,1,1,5,2,32,6,1198,1,3,8,3,8
2017100229312,2,1,-1,-1,-1,1,-1,-1,-1,0,-1,1,5,1,-1,-1,-1,-1,-1,-1,-1,-1
2017100229348,1,8,0,5,0,0,0,0,0,0,4,1,1,1,50,8,1798,1,6,-1,-1,-1
2017100229366,1,9,0,13,0,0,0,0,0,0,1,1,2,1,50,8,1870,2,13,6,2,6
2017100229366,2,21,1,18,0,0,0,0,0,0,1,1,1,1,61,9,12419,2,4,5,2,5
2017100229406,1,9,0,5,0,0,0,0,0,0,1,1,5,2,19,4,1398,1,1,4,1,4
2017100229406,2,9,0,5,0,0,0,0,0,0,1,1,6,1,57,9,1499,2,2,2,1,2
2017100229406,3,9,0,4,0,0,0,0,0,0,2,1,5,1,40,7,1896,2,10,-1,1,-1
2017100229409,1,9,0,18,2,0,0,0,0,0,1,1,5,1,25,5,1984,1,1,1,1,1
2017100229409,2,8,0,4,2,0,0,0,0,0,2,1,1,1,36,7,1598,2,2,6,2,6
2017100229418,1,9,0,3,0,4,0,0,0,0,2,1,6,3,30,6,1398,2,13,-1,-1,-1
2017100229418,2,9,0,3,0,4,0,0,0,0,2,1,6,1,55,8,1461,2,4,5,1,5
2017100229424,1,9,0,18,0,0,1,0,7,0,4,1,6,1,32,6,1910,2,8,2,1,2
2017100229424,2,9,0,18,0,0,0,0,0,0,1,1,5,1,44,7,1968,2,2,1,1,1
2017100229440,1,9,0,18,0,0,0,0,0,0,1,1,5,1,31,6,-1,-1,-1,10,1,10