Accident_Index,Vehicle_Reference,Vehicle_Type,Towing_and_Articulation,Vehicle_Manoeuvre,Vehicle_Location-Restricted_Lane,Junction_Location,Skidding_and_Overturning,Hit_Object_in_Carriageway,Vehicle_Leaving_Carriageway,Hit_Object_off_Carriageway,1st_Point_of_Impact,Was_Vehicle_Left_Hand_Drive?,Journey_Purpose_of_Driver,Sex_of_Driver,Age_of_Driver,Age_Band_of_Driver,Engine_Capacity_(CC),Propulsion_Code,Age_of_Vehicle,Driver_IMD_Decile,Driver_Home_Area_Type,Vehicle_IMD_Decile
2017100236203,1,9,0,9,0,1,0,0,0,0,4,1,5,1,32,6,1995,2,4,2,1,2
2017100236203,2,3,0,18,0,1,0,0,0,0,1,1,5,1,29,6,124,1,5,2,1,2
2017100236206,1,9,0,16,0,1,0,0,0,0,1,1,6,1,20,4,1124,1,14,2,1,2
2017100236206,2,9,0,9,0,1,0,0,0,0,2,1,6,2,22,5,999,1,15,9,1,9
2017100236210,1,21,0,18,0,0,0,0,0,0,4,1,6,2,19,4,3920,2,9,-1,-1,-1
2017100236216,1,9,0,7,0,2,0,0,0,0,1,1,5,1,16,4,-1,-1,-1,1,1,1
2017100236216,2,9,0,2,0,8,0,0,0,0,2,1,6,3,-1,-1,-1,-1,-1,-1,-1,-1
2017100236218,1,19,0,17,0,0,2,0,8,11,1,1,5,1,49,8,1870,2,11,7,3,7
2017100236277,1,9,0,7,0,8,0,0,0,0,4,1,5,1,59,9,1329,1,4,5,1,5
2017100236277,2,1,0,18,0,8,0,0,0,0,1,1,5,2,16,4,-1,-1,-1,7,1,7
2017100236281,1,8,0,5,0,0,0,0,0,0,3,1,1,1,44,7,1598,2,3,6,1,6
2017100236494,1,9,0,3,0,2,0,0,0,0,1,1,5,1,39,7,2191,2,1,3,1,3
2017100236506,1,9,0,3,0,1,0,0,0,0,2,1,6,2,34,6,1999,2,-1,10,1,10
2017100236506,2,9,0,3,0,1,0,0,0,0,2,1,6,2,-1,-1,998,1,10,6,1,6
2017100236506,3,9,0,4,0,1,0,0,0,0,1,1,6,2,58,9,1598,1,4,8,2,8
2017100236520,1,9,0,16,0,4,1,10,3,4,1,1,5,1,32,6,2143,2,-1,10,1,10
2017100236530,1,9,0,5,0,1,0,0,0,0,1,1,5,1,27,6,-1,-1,-1,-1,-1,-1
2017100236530,2,9,0,18,0,1,0,0,0,0,1,1,5,1,36,7,1998,1,12,2,1,2
2017100236563,2,9,0,15,0,0,0,0,0,0,4,1,6,1,64,9,1499,2,-1,8,1,8
2017100236980,1,9,0,4,0,1,0,0,0,0,1,1,6,1,72,10,1242,1,7,9,1,9
2017100236980,2,9,0,3,0,1,0,0,0,0,2,1,6,2,56,9,1229,1,8,6,1,6
2017100236987,1,9,0,16,0,0,2,0,1,0,1,1,5,1,18,4,1364,1,10,4,2,4
2017100237040,1,9,0,13,0,8,0,0,0,0,1,1,5,1,42,7,1968,2,10,-1,2,-1
2017100237040,2,9,0,18,0,1,0,0,1,0,1,1,5,1,33,6,1686,2,3,-1,3,-1
2017100237073,1,5,0,7,0,6,0,0,0,0,1,1,2,1,37,7,800,1,4,10,1,10
2017100237118,1,9,0,5,0,4,0,0,0,0,3,1,5,2,57,9,1560,2,9,5,1,5
2017100237118,2,9,0,9,0,8,0,0,0,0,1,1,5,1,64,9,1991,1,-1,5,1,5
2017100237255,1,9,0,18,0,1,0,0,0,0,1,1,1,2,47,8,1598,2,5,6,2,6
2017100237255,2,9,0,3,0,1,0,0,0,0,2,1,6,1,71,10,1896,2,8,10,2,10
2017100237342,1,19,0,5,0,1,0,0,0,0,1,1,1,1,51,8,2402,2,6,2,3,2
2017100237342,2,9,0,3,0,1,0,0,0,0,2,1,1,1,30,6,1398,1,5,1,1,1
2017100237358,1,11,0,13,0,0,0,0,0,0,4,1,1,1,41,7,4461,2,2,2,1,2
2017100237358,2,1,0,18,0,0,0,0,0,0,1,1,5,1,46,8,-1,-1,-1,-1,-1,-1
2017100237375,1,11,0,5,0,6,0,0,0,0,0,1,1,2,33,6,-1,2,8,1,1,1
2017100237375,2,9,0,18,0,8,0,0,0,0,0,1,6,3,-1,-1,-1,-1,-1,-1,-1,-1
2017100237378,1,19,0,18,0,0,0,0,7,4,1,1,1,1,55,8,2143,2,2,4,1,4
2017100237411,1,20,0,9,0,8,0,0,0,0,1,1,1,1,25,5,-1,-1,-1,1,1,1
2017100237411,2,9,0,18,0,8,0,0,0,0,1,1,2,1,46,8,1461,2,-1,3,1,3
2017100237480,1,1,0,3,0,1,0,0,0,0,4,1,3,2,35,6,-1,-1,-1,6,1,6
2017100237480,2,9,0,9,0,5,0,0,0,0,1,1,3,2,50,8,1968,2,9,10,1,10
2017100237516,1,9,0,18,9,0,0,0,1,4,1,1,5,1,19,4,1870,2,15,3,1,3
2017100237666,1,9,0,18,0,1,0,0,0,0,1,1,6,1,-1,-1,-1,-1,-1,-1,-1,-1
2017100237666,2,9,0,18,0,1,0,0,0,0,2,1,5,1,38,7,1498,1,1,-1,-1,-1
2017100237688,1,9,-1,-1,-1,0,-1,-1,-1,0,-1,1,6,1,70,10,2993,2,-1,9,1,9
2017100237688,2,8,0,-1,-1,0,-1,-1,-1,0,-1,1,1,1,36,7,2143,2,6,1,1,1
2017100237688,5,-1,-1,-1,-1,0,-1,-1,-1,0,-1,1,5,1,40,7,-1,-1,-1,2,1,2
2017100237739,1,9,0,4,0,4,0,0,0,0,1,1,2,1,22,5,998,1,4,7,1,7
2017100237739,2,1,0,3,0,4,0,0,0,0,1,1,4,1,17,4,-1,-1,-1,10,1,10
2017100237778,1,2,0,3,0,0,0,0,0,0,1,1,6,1,25,5,49,1,16,4,1,4
2017100237804,1,9,0,18,0,1,0,0,0,0,1,1,5,1,65,9,1596,1,12,1,1,1
2017100237804,2,1,0,18,0,1,0,0,0,0,3,1,4,1,14,3,-1,-1,-1,3,1,3
2017100237827,1,-1,-1,18,0,0,0,0,0,0,-1,1,6,3,-1,-1,-1,-1,-1,-1,-1,-1
2017100237834,1,9,0,16,0,1,1,0,0,0,1,1,6,1,-1,-1,1968,2,11,-1,-1,-1
2017100237834,2,9,0,17,0,1,0,0,0,0,1,1,1,1,51,8,-1,-1,-1,-1,-1,-1
2017100237847,1,9,0,5,0,2,0,0,0,0,2,1,2,1,40,7,-1,-1,-1,10,1,10
2017100237847,2,9,0,18,0,2,0,0,0,0,1,1,2,1,25,5,2987,2,2,-1,-1,-1
2017100237901,1,9,0,16,0,0,2,0,1,0,4,1,6,1,35,6,1560,2,8,-1,-1,-1
2017100237912,1,90,1,18,0,1,1,0,0,0,1,1,1,1,40,7,-1,-1,-1,-1,-1,-1
2017100237912,2,19,0,3,0,1,0,0,0,0,2,1,1,1,47,8,1248,2,3,-1,-1,-1
2017100237923,1,9,0,18,0,1,0,0,0,0,0,1,6,2,-1,-1,-1,-1,-1,-1,-1,-1
2017100237983,1,5,0,18,0,0,0,0,0,0,1,1,2,1,55,8,1500,1,28,5,1,5
2017100237983,2,19,0,18,0,0,0,0,0,0,2,1,1,1,56,9,1998,2,12,-1,-1,-1
2017100237983,3,9,0,18,0,0,0,0,0,0,2,1,6,1,61,9,1956,2,2,-1,-1,-1
2017100237988,1,9,0,18,0,8,0,0,0,0,4,1,2,1,33,6,1995,1,9,5,1,5
2017100237988,2,9,0,5,8,8,0,0,0,0,1,1,5,2,86,11,998,1,10,10,1,10
2017100238207,1,9,0,10,0,1,0,0,0,0,4,1,5,2,44,7,1598,1,9,2,1,2
2017100238207,2,9,0,18,0,1,0,0,0,0,1,1,5,1,34,6,2143,2,2,9,1,9
2017100238227,1,9,0,15,0,0,0,4,0,0,4,1,6,2,-1,-1,-1,-1,-1,-1,-1,-1
2017100238227,2,9,0,2,0,0,0,0,0,0,3,1,1,2,46,8,1399,2,14,10,1,10
2017100238283,1,9,0,18,0,8,0,0,0,0,0,1,5,1,36,7,1198,1,14,2,1,2
2017100238286,1,9,0,5,0,8,0,0,0,0,1,1,5,1,62,9,1910,2,11,1,1,1
2017100238286,2,1,0,18,0,1,0,0,0,0,1,1,5,1,46,8,-1,-1,-1,-1,-1,-1
2017100238289,1,9,0,9,0,8,0,0,0,0,1,1,5,2,26,6,1390,1,11,2,1,2
2017100238305,1,9,0,5,0,7,0,0,0,0,1,1,2,2,36,7,1598,1,9,6,1,6
2017100238305,2,9,0,3,0,7,0,0,0,0,2,1,2,1,21,5,1198,1,3,4,1,4
2017100238311,1,9,0,6,0,0,0,0,0,0,3,1,5,2,38,7,1299,1,10,1,1,1
2017100238311,2,90,0,18,0,0,0,0,0,0,1,1,5,1,41,7,2987,2,1,-1,-1,-1
2017100238355,1,11,0,18,0,3,0,0,0,0,0,1,1,1,57,9,9360,2,6,1,1,1
2017100238361,1,9,0,9,0,1,1,0,0,0,1,1,5,2,26,6,998,1,2,-1,-1,-1
2017100238361,2,9,0,18,0,2,0,0,0,0,1,1,5,2,46,8,-1,-1,-1,1,1,1
2017100238376,1,8,0,18,0,0,0,0,0,0,0,1,1,1,29,6,1968,2,6,-1,-1,-1
2017100238421,1,9,0,12,0,0,1,0,4,0,3,1,5,2,23,5,998,1,8,8,1,8
2017100238421,2,21,1,18,0,0,0,0,0,0,4,1,1,1,32,6,10677,2,3,3,2,3
2017100238422,1,11,0,18,0,2,0,0,0,0,0,1,1,1,47,8,-1,-1,-1,-1,-1,-1
2017100238440,1,9,0,18,0,8,0,0,0,0,1,1,5,2,44,7,1968,2,9,2,1,2
2017100238440,2,9,0,18,0,8,0,0,0,0,1,1,5,2,56,9,1461,2,3,4,1,4
2017100238449,1,9,0,18,0,7,0,0,0,0,1,1,3,2,25,5,998,1,11,6,1,6
2017100238449,2,9,0,3,0,7,0,0,0,0,2,1,1,2,33,6,1461,2,2,6,1,6
2017100238452,1,9,0,18,0,0,0,0,0,0,4,1,6,2,70,10,1398,1,4,-1,-1,-1
2017100238452,2,9,0,2,0,0,0,0,0,0,4,1,6,3,-1,-1,-1,-1,-1,-1,-1,-1
2017100238750,1,90,0,17,0,1,1,0,1,0,1,1,1,1,34,6,8300,2,10,-1,-1,-1
2017100238846,1,9,0,18,0,0,0,0,0,0,1,1,5,1,19,4,2402,2,7,-1,-1,-1
2017100238846,2,9,0,-1,-1,0,-1,-1,-1,0,-1,1,5,2,52,8,1598,1,6,3,1,3
2017100238885,1,9,0,18,0,0,0,4,1,0,1,1,6,1,87,11,1229,1,12,8,1,8
2017100238885,2,20,0,2,0,0,0,0,0,0,2,1,1,1,32,6,4116,2,14,2,1,2
2017100238911,1,19,0,5,0,6,0,0,4,6,3,1,1,1,37,7,1248,2,10,5,2,5
2017100238911,2,9,0,18,0,1,0,0,4,0,1,1,5,2,57,9,1422,2,9,10,2,10
2017100238942,1,9,0,5,0,4,0,0,0,0,1,1,6,1,36,7,1896,2,8,1,1,1
2017100238942,2,1,0,18,0,8,0,0,0,0,4,1,5,1,22,5,-1,-1,-1,4,1,4
2017100238972,1,9,0,13,0,1,0,0,0,0,2,1,5,1,22,5,1598,1,13,1,1,1
2017100238972,2,5,0,18,0,1,1,0,0,0,1,1,5,1,46,8,1137,1,17,2,1,2
2017100238976,1,9,0,16,0,0,2,0,0,0,1,1,5,1,37,7,1998,1,9,-1,-1,-1
2017100239082,1,9,0,18,0,0,0,0,0,0,1,1,6,2,-1,-1,-1,-1,-1,-1,-1,-1
2017100239082,2,1,0,18,9,0,0,0,0,0,4,1,5,1,13,3,-1,-1,-1,4,1,4
2017100239132,1,9,0,4,0,4,1,0,0,0,1,1,5,2,30,6,-1,-1,-1,1,1,1
2017100239132,2,5,0,3,0,4,0,0,0,0,4,1,5,1,59,9,1298,1,9,2,1,2
2017100239169,1,19,0,5,0,2,0,0,0,0,0,1,5,1,26,6,1753,2,14,2,1,2
2017100239179,1,9,0,18,0,1,0,0,0,0,1,1,6,1,24,5,1910,2,9,7,1,7
2017100239179,2,9,0,4,0,1,0,0,0,0,2,1,5,1,66,10,1560,2,7,5,1,5
2017100239184,1,9,0,18,0,0,0,0,0,0,1,1,5,1,81,11,1197,1,-1,10,1,10
2017100239184,2,1,0,5,0,0,5,0,0,0,3,1,4,1,10,2,-1,-1,-1,1,1,1
2017100239188,1,9,0,9,0,1,0,0,0,0,4,1,6,1,56,9,1796,1,13,1,1,1
2017100239188,2,3,0,18,0,1,5,0,0,0,1,1,6,1,24,5,125,1,1,1,1,1
2017100239309,1,9,0,18,0,3,0,0,0,0,1,1,6,3,-1,-1,-1,-1,-1,-1,-1,-1
2017100239309,2,1,0,18,0,3,0,0,0,0,3,1,2,1,32,6,-1,-1,-1,-1,-1,-1
2017100239322,1,9,0,18,0,0,0,0,0,0,1,1,5,1,21,5,1998,1,13,4,1,4
2017100239322,2,9,0,18,0,0,0,0,0,0,2,1,5,1,38,7,1995,2,2,8,1,8
2017100239492,1,9,0,5,0,4,0,0,0,0,3,1,2,2,32,6,1198,1,5,1,1,1
2017100239492,2,1,0,18,0,4,5,0,0,0,1,1,2,1,48,8,-1,-1,-1,2,1,2
2017100239769,2,11,0,17,0,1,0,0,0,0,0,1,1,1,41,7,4461,2,2,10,1,10
2017100239771,1,9,0,18,0,0,0,0,0,0,1,1,6,3,-1,-1,-1,-1,-1,-1,-1,-1
2017100239771,2,9,0,18,0,0,0,0,0,0,2,1,5,2,58,9,1560,2,8,9,1,9
2017100239840,1,9,0,13,0,1,0,0,0,0,1,1,6,1,44,7,1229,1,8,5,1,5
2017100239840,2,9,0,18,0,1,0,0,0,0,1,1,6,2,40,7,1560,2,11,4,1,4
2017100240031,1,19,0,9,0,8,0,0,0,0,1,1,1,1,58,9,2198,2,2,3,1,3
2017100240036,1,9,0,-1,-1,8,-1,-1,-1,0,-1,1,6,3,-1,-1,-1,-1,-1,-1,-1,-1
2017100240036,2,1,0,18,0,8,0,0,0,0,1,1,6,1,38,7,-1,-1,-1,-1,-1,-1
2017100240154,1,9,0,4,0,7,0,0,0,0,1,1,5,2,78,11,998,1,-1,8,1,8
2017100240154,2,9,0,4,0,7,0,0,0,0,2,1,5,1,54,8,1598,1,3,1,1,1
2017100240172,1,9,0,16,0,0,0,0,0,0,3,1,2,2,28,6,1242,1,7,2,1,2
2017100240172,2,5,0,16,0,0,0,0,0,0,4,1,2,2,48,8,600,1,15,1,2,1
2017100240190,1,9,0,18,0,2,0,0,0,0,0,1,6,3,-1,-1,-1,-1,-1,-1,-1,-1
2017100240192,1,9,0,18,0,8,0,0,0,0,1,1,6,2,81,11,1242,1,14,5,1,5
2017100240194,1,9,0,4,0,1,0,0,0,0,1,1,6,1,77,11,1995,2,9,10,1,10
2017100240194,2,9,0,3,0,1,0,0,0,0,2,1,2,2,31,6,1199,2,6,4,1,4
2017100240195,1,11,0,9,0,8,0,0,0,0,0,1,1,1,34,6,6696,2,3,4,2,4
2017100240199,1,9,0,5,0,4,0,0,0,0,1,1,2,2,42,7,1968,2,7,2,1,2
2017100240199,2,1,0,18,0,8,0,0,0,0,4,1,2,1,52,8,-1,-1,-1,8,1,8
2017100240201,1,11,0,9,0,8,0,0,7,4,1,1,1,1,57,9,5900,2,8,1,1,1
2017100240201,2,9,0,18,0,1,0,0,0,0,3,1,1,1,63,9,998,1,1,4,1,4
2017100240210,1,1,-1,-1,-1,-1,-1,-1,-1,0,-1,1,2,1,-1,-1,-1,-1,-1,-1,-1,-1
2017100240210,2,-1,-1,-1,-1,-1,-1,-1,-1,0,-1,1,6,3,-1,-1,-1,-1,-1,-1,-1,-1
2017100240216,1,9,0,5,0,0,0,0,0,0,1,1,5,2,29,6,1598,1,6,4,2,4
2017100240216,2,9,0,18,0,0,1,0,0,0,4,1,5,1,46,8,1398,2,8,-1,-1,-1
2017100240239,1,11,0,2,0,0,0,0,0,0,0,1,1,1,43,7,-1,2,16,9,1,9
2017100240321,1,9,0,9,0,8,0,0,0,0,4,1,2,1,28,6,999,1,-1,3,1,3
2017100240321,2,1,0,18,4,1,0,0,0,0,1,1,5,1,41,7,-1,-1,-1,5,1,5
2017100240339,1,16,0,18,0,0,0,0,0,0,0,1,5,2,34,6,-1,-1,-1,5,2,5
2017100240348,1,9,0,9,0,2,1,0,0,0,4,1,6,1,-1,-1,1798,1,3,-1,-1,-1
2017100240348,2,9,0,3,0,1,0,0,0,0,1,1,5,2,22,5,1360,1,13,2,1,2
2017100240430,1,9,0,16,0,0,2,0,7,4,1,1,5,2,19,4,1149,1,15,6,2,6
2017100240455,1,9,0,9,0,4,0,0,0,0,1,1,6,1,62,9,1560,2,6,-1,-1,-1
2017100240455,2,11,0,7,0,4,0,0,0,0,3,1,1,1,48,8,-1,2,16,-1,-1,-1
2017100240517,1,9,0,18,0,8,0,0,0,0,0,1,6,2,55,8,-1,-1,-1,-1,-1,-1
2017100240517,2,9,0,5,0,1,0,0,0,0,2,1,6,1,24,5,1398,1,1,-1,-1,-1
2017100240517,3,9,0,5,0,1,0,0,0,0,1,1,2,1,28,6,1968,2,8,2,1,2
2017100240521,1,9,0,18,0,0,1,0,8,0,4,1,5,1,28,6,1994,2,12,-1,-1,-1
2017100240540,1,90,1,9,0,8,0,0,0,0,4,1,1,1,42,7,12777,2,8,1,1,1
2017100240540,2,9,0,18,0,8,0,0,0,0,1,1,2,1,21,5,1598,1,12,3,1,3
2017100240544,1,9,0,18,0,0,2,0,1,4,1,1,5,1,27,6,1999,1,3,-1,-1,-1
2017100240554,1,9,0,18,0,8,0,0,0,0,4,1,6,3,40,7,-1,-1,-1,-1,-1,-1
2017100240562,1,9,0,18,0,1,5,4,0,0,1,1,5,1,55,8,1956,2,2,4,1,4
2017100240562,2,9,0,2,0,1,1,0,1,0,3,1,6,3,-1,-1,-1,-1,-1,-1,-1,-1
2017100240563,1,19,0,1,0,5,0,0,0,0,2,1,6,1,35,6,2496,2,22,-1,-1,-1
2017100240563,2,9,0,3,0,1,0,0,0,0,1,1,5,2,32,6,-1,-1,-1,4,2,4
2017100240598,1,11,0,4,0,0,0,0,0,0,0,1,1,1,63,9,4461,2,2,-1,-1,-1
2017100240619,1,11,0,9,0,1,0,0,0,0,0,1,1,1,46,8,6700,2,9,-1,-1,-1
2017100240625,1,-1,-1,-1,-1,-1,-1,-1,-1,0,-1,1,6,1,-1,-1,-1,-1,-1,-1,-1,-1
2017100240625,2,9,-1,-1,-1,-1,-1,-1,-1,0,-1,1,5,1,56,9,1086,7,10,3,3,3
2017100240625,3,9,-1,-1,-1,-1,-1,-1,-1,0,-1,1,6,2,51,8,1995,2,1,10,1,10
2017100240626,1,9,0,18,0,1,0,0,0,0,1,1,6,1,-1,-1,-1,-1,-1,-1,-1,-1
2017100240626,2,19,0,3,0,1,0,0,0,0,2,1,1,1,53,8,1560,2,1,6,1,6
2017100240644,1,9,0,18,0,4,0,0,0,0,3,1,6,1,69,10,1598,1,19,4,1,4
2017100240644,2,3,0,18,0,3,2,0,0,0,1,1,5,1,31,6,124,1,-1,1,1,1
2017100240655,1,21,0,5,0,2,0,0,0,0,1,1,1,1,51,8,7698,2,-1,8,2,8
2017100240682,1,9,0,18,0,0,0,0,0,0,1,1,5,1,19,4,998,1,11,9,1,9
2017100240682,2,9,0,3,0,0,0,0,0,0,2,1,5,2,33,6,1598,1,10,-1,-1,-1
2017100240685,1,9,0,18,0,0,0,0,1,9,4,1,5,1,64,9,2143,2,-1,6,1,6
2017100240690,1,5,0,11,0,0,2,0,0,0,3,1,2,1,41,7,599,1,12,5,1,5
2017100240693,1,9,0,18,0,1,0,0,0,0,0,1,6,3,-1,-1,-1,-1,-1,-1,-1,-1
2017100240693,2,1,0,18,0,1,0,0,1,0,0,1,5,1,61,9,-1,-1,-1,10,1,10
2017100240693,3,90,0,2,0,1,0,0,0,0,0,1,1,1,51,8,2925,2,1,9,2,9
2017100240729,1,1,0,5,0,1,0,0,0,0,1,1,1,1,17,4,-1,-1,-1,5,1,5
2017100240729,2,9,0,4,0,1,0,0,0,0,1,1,1,2,34,6,998,1,10,2,1,2
2017100240919,1,9,0,5,0,2,0,0,0,0,1,1,1,2,56,9,1198,1,3,4,1,4
2017100240939,1,9,0,9,0,2,0,0,0,0,0,1,3,1,35,6,1956,2,3,2,1,2
2017100240981,1,9,-1,-1,-1,0,-1,-1,-1,0,-1,1,5,1,19,4,1388,1,13,-1,-1,-1
2017100240981,2,9,-1,-1,-1,0,-1,-1,-1,0,-1,1,5,1,34,6,1984,1,1,-1,-1,-1
2017100241094,1,9,-1,18,0,0,0,0,0,0,1,1,6,1,30,6,1984,1,12,10,1,10
2017100241130,1,9,0,18,0,0,2,10,1,4,1,1,6,1,30,6,1596,1,12,5,2,5
2017100241145,1,19,0,18,0,1,0,4,0,0,1,1,6,1,24,5,2143,2,-1,-1,-1,-1
2017100241145,2,9,0,9,0,1,0,0,0,0,2,1,2,2,20,4,1399,2,11,3,1,3
2017100241150,1,9,0,-1,-1,0,-1,-1,-1,0,-1,1,6,2,22,5,1299,1,11,-1,-1,-1
2017100241162,1,9,0,18,0,1,0,0,0,0,1,1,6,1,19,4,1499,1,13,10,1,10
2017100241162,2,9,0,18,0,4,0,0,0,0,2,1,5,2,74,10,1229,1,10,1,1,1
2017100241165,1,9,0,18,0,0,0,0,0,0,1,1,6,2,28,6,1598,2,2,4,1,4
2017100241165,2,9,0,2,0,0,0,0,0,0,2,1,5,2,48,8,1461,2,4,8,1,8
2017100241165,3,9,0,2,0,0,0,0,0,0,2,1,5,1,51,8,1951,2,12,2,1,2
2017100241202,2,9,0,18,0,0,0,0,0,0,4,1,5,2,17,4,1242,1,2,-1,-1,-1
2017100241404,1,9,0,18,0,0,0,0,0,0,4,1,5,1,87,11,1498,1,-1,4,1,4
2017100241404,2,5,0,7,0,0,0,0,0,0,3,1,5,1,82,11,865,1,7,10,1,10
2017100241430,1,9,0,18,0,3,1,0,1,0,4,1,5,1,42,7,-1,-1,-1,2,1,2
2017100241430,2,9,0,18,0,3,0,0,0,0,3,1,5,1,36,7,1998,1,9,2,1,2
2017100241462,1,9,0,16,0,1,0,0,7,1,1,1,5,2,21,5,1248,1,2,1,1,1
2017100241552,1,9,0,5,0,0,0,0,0,0,1,1,6,1,22,5,1999,1,10,3,1,3
2017100241552,2,1,-1,-1,-1,0,-1,-1,-1,0,-1,1,6,1,19,4,-1,-1,-1,1,1,1
2017100241574,1,9,0,7,0,1,0,0,0,0,1,1,5,1,56,9,2435,1,13,8,1,8
2017100241574,2,9,0,3,0,1,0,0,0,0,2,1,5,2,53,8,1339,1,13,4,1,4
2017100241587,1,9,0,14,0,2,0,4,0,0,4,1,5,1,42,7,1781,1,29,9,1,9
2017100241587,2,9,0,2,0,2,0,0,0,0,3,1,5,1,31,6,-1,-1,-1,7,1,7
2017100241587,3,9,0,18,0,1,0,0,0,0,0,1,6,3,-1,-1,-1,-1,-1,-1,-1,-1
2017100241619,1,9,0,18,0,0,0,0,0,0,1,1,5,2,47,8,1956,2,6,3,1,3
2017100241619,2,21,1,18,0,0,0,0,0,0,2,1,1,1,36,7,11705,2,9,2,2,2
2017100241619,3,21,1,18,0,0,0,0,0,0,3,1,1,1,51,8,9364,2,12,1,1,1
2017100241645,1,9,0,16,0,0,5,0,7,11,1,1,6,2,58,9,1124,1,15,5,2,5
2017100241646,1,9,-1,-1,-1,0,-1,-1,-1,0,-1,1,6,2,-1,-1,-1,-1,-1,-1,-1,-1
2017100241646,2,9,-1,18,-1,0,1,-1,-1,0,-1,1,6,2,35,6,2231,2,9,7,1,7
2017100241811,1,9,-1,-1,-1,-1,-1,-1,-1,0,-1,1,6,3,-1,-1,-1,-1,-1,-1,-1,-1
2017100241851,1,9,0,1,0,2,0,0,0,0,2,1,6,3,-1,-1,1395,1,-1,-1,-1,-1
2017100241945,1,9,0,9,0,6,0,0,0,0,0,1,6,3,-1,-1,-1,-1,-1,-1,-1,-1
2017100241945,2,11,0,18,0,1,0,0,0,0,0,1,1,1,32,6,6692,2,8,3,1,3
2017100241991,1,9,0,3,0,2,0,0,0,0,2,1,6,2,32,6,1396,1,5,-1,-1,-1
2017100241991,2,19,0,4,0,2,0,0,0,0,2,1,6,1,45,7,1560,2,7,5,1,5
2017100241991,3,19,0,4,0,2,0,0,0,0,1,1,1,1,56,9,1499,2,1,9,1,9
2017100242009,1,9,0,4,0,0,1,0,0,0,1,1,2,2,23,5,999,1,-1,-1,-1,-1
2017100242009,2,9,0,4,0,0,0,0,0,0,2,1,2,2,25,5,1242,1,2,7,1,7
2017100242009,3,9,0,4,0,0,0,0,0,0,2,1,2,2,24,5,1560,2,-1,8,1,8
2017100242026,1,9,-1,18,0,1,0,0,0,0,-1,1,6,3,-1,-1,-1,-1,-1,-1,-1,-1
2017100242026,2,9,-1,18,-1,-1,0,0,0,0,4,1,6,2,32,6,1997,2,8,-1,-1,-1
2017100242075,1,9,0,18,0,0,2,0,1,0,1,1,2,1,20,4,1229,1,3,3,2,3
2017100242075,2,21,1,2,6,0,0,0,0,0,2,1,1,1,53,8,12809,2,4,-1,1,-1
2017100242110,1,9,0,9,0,1,0,0,0,0,1,1,6,1,47,8,1199,1,16,4,3,4
2017100242110,2,9,0,18,0,1,0,0,0,0,1,1,6,1,77,11,1395,1,4,8,3,8
2017100242112,1,9,0,17,0,0,1,0,1,11,1,1,5,1,51,8,1910,2,12,5,1,5
2017100242115,1,9,0,16,0,0,1,0,0,0,1,1,5,2,39,7,1390,1,8,3,1,3
2017100242393,1,9,0,5,0,8,0,0,0,0,1,1,2,1,59,9,1360,1,5,-1,-1,-1
2017100242393,2,1,0,18,0,8,0,0,0,0,4,1,2,1,49,8,-1,-1,-1,-1,-1,-1
2017100242401,1,11,0,4,0,1,1,0,0,0,1,1,1,1,53,8,6700,2,4,9,1,9
2017100242401,2,9,0,4,0,1,0,0,0,0,2,1,6,1,37,7,1598,1,16,3,1,3
2017100242424,1,9,0,4,0,6,0,0,0,0,3,1,6,1,34,6,1968,2,3,6,3,6
2017100242424,2,9,0,18,0,8,0,0,0,0,1,1,6,1,59,9,505,1,2,-1,-1,-1
2017100242536,1,9,0,18,0,1,0,0,0,0,1,1,5,2,19,4,998,1,9,2,1,2
2017100242536,2,9,0,3,0,1,0,0,0,0,2,1,5,2,31,6,1398,1,-1,1,1,1
2017100242536,3,9,0,3,0,1,0,0,0,0,2,1,5,2,46,8,1991,2,11,3,1,3
2017100242538,1,9,0,18,0,8,0,0,0,0,1,1,5,2,42,7,1956,2,2,5,2,5
2017100242542,1,9,0,13,0,0,2,0,0,0,1,1,5,1,76,11,1560,2,7,4,1,4
2017100242542,2,9,0,16,0,0,1,0,1,0,1,1,5,1,44,7,1984,1,12,-1,-1,-1
2017100242542,3,17,2,17,0,0,0,0,0,0,1,1,1,1,18,4,6056,2,5,-1,-1,-1
2017100242548,1,9,0,18,0,0,1,0,1,0,4,1,6,1,24,5,1595,1,4,2,1,2
2017100242635,1,9,0,3,0,1,0,0,0,0,1,1,6,2,61,9,1587,1,19,-1,-1,-1
2017100242635,2,9,0,3,0,1,0,0,0,0,2,1,6,2,52,8,1598,1,9,-1,-1,-1
2017100242744,1,9,0,12,0,2,0,0,0,0,2,1,2,1,55,8,1396,1,5,2,1,2
2017100242744,2,9,0,18,0,1,0,0,0,0,1,1,1,1,34,6,2993,2,1,9,1,9
2017100242759,1,9,0,18,0,8,0,0,0,0,1,1,5,1,42,7,1896,2,12,6,1,6
2017100242759,2,9,0,18,0,8,0,0,0,0,3,1,5,2,29,6,2179,2,2,10,1,10
2017100242818,1,11,0,5,0,1,0,0,0,0,0,1,1,1,40,7,4250,2,9,-1,-1,-1
2017100242851,1,11,0,3,0,0,0,0,0,0,0,1,1,1,54,8,4500,2,8,-1,-1,-1
2017100242939,1,19,0,12,0,0,0,0,0,0,3,1,6,1,49,8,1968,2,1,-1,-1,-1