Accident_Index,Vehicle_Reference,Vehicle_Type,Towing_and_Articulation,Vehicle_Manoeuvre,Vehicle_Location-Restricted_Lane,Junction_Location,Skidding_and_Overturning,Hit_Object_in_Carriageway,Vehicle_Leaving_Carriageway,Hit_Object_off_Carriageway,1st_Point_of_Impact,Was_Vehicle_Left_Hand_Drive?,Journey_Purpose_of_Driver,Sex_of_Driver,Age_of_Driver,Age_Band_of_Driver,Engine_Capacity_(CC),Propulsion_Code,Age_of_Vehicle,Driver_IMD_Decile,Driver_Home_Area_Type,Vehicle_IMD_Decile
2017100248317,1,9,0,17,0,2,2,0,1,9,4,1,5,2,31,6,1396,1,8,7,1,7
2017100248389,1,9,0,4,0,1,0,0,1,0,3,1,5,1,66,10,1995,1,2,5,2,5
2017100248389,2,11,0,3,0,1,0,0,0,0,4,1,1,1,50,8,6871,2,12,5,1,5
2017100248391,1,9,0,18,0,4,0,0,0,0,1,1,2,1,27,6,998,1,3,2,1,2
2017100248391,2,9,0,18,0,3,0,0,0,0,4,1,6,1,18,4,999,1,-1,10,2,10
2017100248417,1,9,0,11,0,1,0,0,0,0,1,1,1,1,49,8,1997,2,11,-1,-1,-1
2017100248426,1,-1,-1,-1,-1,0,-1,-1,-1,0,-1,1,6,3,-1,-1,-1,-1,-1,-1,-1,-1
2017100248426,2,9,0,-1,-1,0,-1,-1,-1,0,-1,1,6,2,40,7,998,1,3,5,1,5
2017100248462,1,9,0,4,0,0,0,0,0,0,1,1,5,1,69,10,2204,2,11,10,3,10
2017100248462,2,9,0,4,0,0,0,0,0,0,2,1,5,2,69,10,1968,2,5,7,1,7
2017100248474,1,-1,-1,-1,-1,0,-1,-1,-1,0,-1,1,5,1,73,10,-1,-1,-1,5,1,5
2017100248751,1,9,0,18,0,0,0,0,0,0,2,2,1,1,48,8,1360,1,13,1,2,1
2017100248751,2,9,0,3,0,0,0,0,0,0,2,2,5,2,48,8,1399,2,7,10,1,10
2017100248877,1,9,-1,9,9,0,1,0,1,0,-1,1,5,1,25,5,2616,1,11,-1,-1,-1
2017100248889,1,9,0,4,0,0,0,0,0,0,1,1,6,2,41,7,1598,1,12,5,1,5
2017100248889,2,9,0,3,0,0,0,0,0,0,2,1,6,2,20,4,1000,1,4,1,1,1
2017100248971,1,9,0,18,-1,0,0,0,0,0,1,1,6,1,28,6,998,1,15,3,1,3
2017100248971,2,9,0,18,0,0,0,0,0,0,1,1,5,2,40,7,1364,1,9,9,1,9
2017100248974,1,9,0,9,0,1,0,0,0,0,1,1,5,2,43,7,1399,2,7,10,1,10
2017100248974,2,1,0,18,0,8,0,0,0,0,1,1,5,1,36,7,-1,-1,-1,10,1,10
2017100248997,1,9,0,10,0,1,0,0,0,0,1,1,6,1,76,11,1560,2,2,10,1,10
2017100248997,2,9,0,18,0,8,1,4,1,11,2,1,1,2,50,8,1596,1,8,9,1,9
2017100248997,3,9,0,18,0,1,0,0,0,0,2,1,1,1,35,6,1968,2,4,4,1,4
2017100248997,4,9,0,2,9,1,0,0,0,0,2,1,2,1,25,5,1560,2,4,-1,-1,-1
2017100248997,5,9,0,2,9,1,0,0,0,0,1,1,2,2,25,5,1242,1,3,5,1,5
2017100248998,1,9,0,18,0,2,0,0,0,0,1,1,5,2,30,6,1598,1,10,2,1,2
2017100249013,1,9,0,8,0,3,0,0,0,0,3,1,2,1,31,6,1598,1,13,2,1,2
2017100249013,2,1,0,18,0,4,0,0,0,0,2,1,1,1,20,4,-1,-1,-1,9,1,9
2017100249021,1,9,0,4,0,1,0,0,0,0,1,1,1,1,36,7,2993,2,1,-1,-1,-1
2017100249191,1,-1,-1,-1,-1,0,-1,-1,-1,0,-1,1,5,1,30,6,-1,-1,-1,-1,-1,-1
2017100249191,2,3,0,18,0,0,2,0,0,0,1,1,6,1,19,4,124,1,1,-1,-1,-1
2017100249341,1,11,0,4,0,0,0,0,0,0,0,1,1,2,59,9,6370,2,7,-1,-1,-1
2017100249402,1,9,0,18,0,1,0,0,0,0,1,1,6,1,79,11,1360,1,7,8,2,8
2017100249402,2,9,0,18,0,1,0,0,0,0,2,1,6,2,29,6,1896,2,9,7,2,7
2017100249416,1,9,0,7,0,5,0,0,0,0,3,1,6,3,65,9,1398,1,7,-1,-1,-1
2017100249502,1,1,0,18,0,0,0,0,0,0,1,1,6,1,19,4,-1,-1,-1,2,1,2
2017100249502,2,9,0,18,0,0,0,0,0,0,3,1,6,2,36,7,998,1,6,4,1,4
2017100249654,1,9,0,18,0,8,0,0,0,0,1,1,6,2,22,5,998,1,2,8,1,8
2017100249654,2,9,0,9,0,8,0,0,0,0,1,1,1,2,42,7,1968,2,1,7,1,7
2017100249677,1,11,0,2,0,0,0,0,0,0,0,1,1,2,36,7,6370,2,4,-1,-1,-1
2017100249680,1,9,0,18,0,0,0,0,0,0,1,1,5,1,31,6,1598,2,4,4,1,4
2017100249682,1,9,0,9,0,8,0,0,0,0,1,1,6,1,41,7,1329,1,4,5,1,5
2017100249682,2,9,0,18,0,8,0,0,0,0,3,1,5,2,35,6,1995,2,10,5,1,5
2017100249692,1,9,0,5,0,8,0,0,0,0,1,1,5,1,70,10,1685,2,1,9,1,9
2017100249692,2,9,0,18,0,8,0,0,0,0,4,1,6,2,76,11,1329,1,6,10,1,10
2017100249698,1,21,0,11,0,0,0,0,0,0,4,1,1,1,58,9,12777,2,2,8,3,8
2017100249698,2,9,0,18,0,0,0,0,0,0,3,1,5,1,52,8,1248,1,4,5,1,5
2017100249699,1,11,0,18,0,2,0,0,0,0,0,1,1,1,55,8,6871,2,10,-1,-1,-1
2017100249703,1,9,0,9,0,8,0,0,0,0,4,1,5,1,19,4,1242,1,8,3,1,3
2017100249703,2,8,0,18,0,8,0,0,1,0,1,1,1,1,30,6,1598,2,6,-1,-1,-1
2017100249706,1,9,0,4,0,8,1,0,0,0,1,1,2,1,31,6,1956,2,6,1,1,1
2017100249706,2,9,0,3,0,8,0,0,0,0,2,1,2,2,24,5,1242,1,4,5,1,5
2017100249706,3,9,0,3,0,8,0,0,0,0,2,1,2,1,46,8,1600,2,6,-1,-1,-1
2017100249715,1,9,0,18,0,0,0,0,0,0,1,1,5,1,26,6,1242,1,19,5,3,5
2017100249715,2,9,0,17,0,0,1,0,0,0,1,1,1,1,61,9,1598,2,3,-1,-1,-1
2017100249722,1,9,0,13,0,0,2,0,1,0,1,1,2,2,37,7,1997,2,13,3,2,3
2017100249724,1,9,0,11,0,0,1,0,5,0,1,1,2,1,19,4,1299,1,11,1,1,1
2017100249726,1,9,0,18,0,0,2,0,1,0,1,1,2,2,20,4,1242,1,5,10,1,10
2017100249733,1,9,0,18,0,0,0,0,0,0,1,1,6,2,38,7,1598,2,4,-1,-1,-1
2017100249733,2,9,0,18,0,0,0,0,0,0,4,1,5,1,27,6,1560,2,2,-1,-1,-1
2017100249742,1,11,0,18,0,4,0,10,0,0,0,1,1,1,49,8,6700,2,5,3,1,3
2017100249744,1,9,0,18,9,0,1,0,7,3,1,1,6,1,27,6,2993,2,7,4,1,4
2017100249745,1,9,0,4,0,1,1,0,0,0,1,1,6,2,60,9,1598,2,1,-1,-1,-1
2017100249745,2,9,0,3,0,1,0,0,0,0,2,1,6,2,32,6,1798,1,9,-1,-1,-1
2017100249760,1,9,0,4,0,7,0,0,0,0,1,1,6,2,40,7,1596,1,5,4,1,4
2017100249760,2,9,0,3,0,7,0,0,0,0,2,1,5,2,38,7,998,1,2,7,1,7
2017100249771,1,9,0,4,0,1,0,0,0,0,1,1,6,1,19,4,1598,2,4,-1,-1,-1
2017100249771,2,9,0,3,0,1,0,0,0,0,2,1,6,1,25,5,1242,1,9,-1,-1,-1
2017100249776,1,9,0,15,0,0,0,0,0,0,1,1,6,3,40,7,-1,-1,-1,-1,-1,-1
2017100249776,2,9,0,18,0,0,0,0,0,0,2,1,5,1,22,5,998,1,10,5,2,5
2017100249787,1,9,0,5,0,0,0,0,0,0,1,1,6,1,26,6,1984,1,10,-1,-1,-1
2017100249787,2,9,0,3,0,0,0,0,0,0,2,1,6,2,26,6,1242,1,12,5,1,5
2017100249788,1,9,0,18,0,0,0,0,0,0,1,1,6,2,26,6,1242,1,3,-1,-1,-1
2017100249809,1,9,0,4,0,0,1,0,0,0,1,1,3,2,20,4,998,1,5,4,1,4
2017100249848,1,9,0,9,4,1,0,0,0,0,1,1,6,1,25,5,1229,1,11,3,1,3
2017100249848,2,1,0,18,4,1,0,0,0,0,3,1,2,1,54,8,-1,-1,-1,3,1,3
2017100249851,1,11,0,18,0,0,0,0,0,0,1,1,1,1,52,8,6700,2,6,7,1,7
2017100249915,1,9,0,9,0,1,0,7,0,0,3,1,5,2,18,4,1242,1,8,1,1,1
2017100249915,2,9,-1,18,0,1,0,0,0,0,1,1,2,1,31,6,1997,2,15,1,1,1
2017100249926,1,9,0,18,0,3,1,0,0,0,1,1,5,1,17,4,1596,1,11,9,1,9
2017100249992,1,21,-1,-1,0,1,0,0,0,0,-1,1,1,1,-1,-1,6370,2,9,2,1,2
2017100249992,2,9,-1,9,0,2,0,0,0,0,-1,1,5,1,-1,-1,-1,-1,-1,-1,-1,-1
2017100249995,1,9,0,1,0,6,0,0,0,0,2,1,2,1,-1,-1,1461,2,5,1,1,1
2017100250014,1,9,0,17,0,0,1,0,7,4,2,1,5,2,47,8,1586,1,9,3,1,3
2017100250203,1,9,0,18,0,0,1,0,4,6,2,1,5,2,25,5,1349,1,8,-1,-1,-1
2017100250204,1,9,0,5,0,8,0,0,0,0,1,1,5,2,74,10,996,1,7,-1,-1,-1
2017100250204,2,9,0,18,0,8,1,7,0,0,4,1,5,2,41,7,1461,2,7,2,1,2
2017100250227,1,20,0,13,0,0,0,0,0,0,1,1,1,1,29,6,-1,-1,-1,-1,-1,-1
2017100250227,2,9,0,18,0,0,1,0,0,0,1,1,6,1,60,9,2495,2,15,6,3,6
2017100250240,1,3,0,-1,-1,-1,-1,-1,-1,0,-1,1,5,1,21,5,124,1,1,1,1,1
2017100250242,1,22,0,18,9,1,0,0,0,0,1,1,5,1,87,11,-1,-1,-1,3,1,3
2017100250242,2,9,0,7,0,4,0,0,0,0,4,1,5,1,63,9,2993,2,6,8,1,8
2017100250244,1,11,0,7,0,0,0,0,0,0,0,1,1,1,49,8,4461,2,2,4,1,4
2017100250613,1,9,-1,18,0,1,0,0,0,0,1,1,6,1,20,4,-1,-1,-1,-1,-1,-1
2017100250613,2,9,-1,3,0,1,0,0,0,0,2,1,2,2,26,6,1796,1,10,4,1,4
2017100250622,1,9,0,18,0,0,0,0,0,0,1,1,5,2,46,8,1968,2,-1,4,1,4
2017100250773,1,9,0,4,0,1,2,0,1,0,1,1,5,2,72,10,1298,1,14,3,1,3
2017100250830,1,9,0,18,0,7,0,0,0,0,1,1,5,2,52,8,1200,1,-1,2,1,2
2017100250830,2,19,0,3,0,1,0,0,0,0,2,1,1,1,33,6,2299,2,1,-1,-1,-1
2017100250899,1,9,0,4,0,4,0,0,0,0,1,1,6,1,50,8,2143,2,8,-1,-1,-1
2017100250899,2,9,0,3,0,4,0,0,0,0,2,1,2,2,55,8,1461,2,2,-1,-1,-1
2017100250952,1,9,0,9,0,0,0,0,0,0,1,1,1,2,56,9,1998,1,19,-1,1,-1
2017100250952,2,9,0,18,0,0,1,0,1,0,3,1,6,1,32,6,1999,1,9,5,1,5
2017100251121,1,9,0,7,0,8,0,0,0,0,2,1,6,2,33,6,1360,1,11,1,1,1
2017100251121,2,9,0,18,0,8,0,0,0,0,2,1,6,1,64,9,1686,2,13,3,1,3
2017100251127,1,9,0,7,0,0,0,0,0,0,4,1,6,1,30,6,-1,-1,-1,-1,-1,-1
2017100251164,1,9,0,16,0,0,1,0,1,9,1,1,2,1,25,5,1242,1,13,-1,-1,-1
2017100251164,2,9,0,18,0,0,0,0,1,9,1,1,3,2,38,7,998,1,5,-1,-1,-1
2017100251175,2,9,0,9,0,3,0,0,0,0,1,1,1,1,36,7,1248,2,1,5,1,5
2017100251184,1,19,0,18,0,1,1,0,0,0,1,1,5,1,50,8,-1,-1,-1,5,1,5
2017100251184,2,8,0,10,0,1,0,0,0,0,2,1,2,1,50,8,-1,-1,-1,10,2,10
2017100251264,1,9,0,18,0,0,1,0,0,0,1,1,5,1,77,11,1242,1,2,1,1,1
2017100251264,2,9,0,4,0,0,0,0,0,0,2,1,5,1,38,7,1248,2,8,1,1,1
2017100251284,1,9,0,18,0,1,1,0,1,1,1,1,6,3,20,4,1600,1,12,-1,-1,-1
2017100251284,2,9,0,5,0,1,1,0,1,10,3,1,6,1,35,6,1896,2,13,3,1,3
2017100251288,1,9,0,9,0,8,0,0,7,1,4,1,5,1,56,9,1242,1,10,5,1,5
2017100251288,2,9,0,18,0,1,0,0,0,0,1,1,5,1,34,6,2143,2,2,9,1,9
2017100251397,1,9,0,18,0,4,0,0,0,0,3,1,1,2,44,7,1598,2,4,3,1,3
2017100251397,2,1,0,18,0,4,0,0,0,0,1,1,6,1,23,5,-1,-1,-1,-1,-1,-1
2017100251438,1,9,0,16,0,1,0,0,0,0,1,1,6,2,70,10,1398,1,-1,6,1,6
2017100251438,2,9,0,17,0,2,0,0,0,0,1,1,6,2,63,9,1199,1,16,4,2,4
2017100251498,1,9,0,18,0,0,0,0,0,0,2,1,6,2,34,6,1242,1,9,2,1,2
2017100251498,2,9,0,18,0,0,0,0,0,0,1,1,5,2,18,4,1242,1,5,9,1,9
2017100251498,3,9,0,18,0,0,0,0,0,0,1,1,6,2,24,5,1388,1,11,4,1,4
2017100251550,1,9,0,18,0,0,0,0,0,0,1,1,6,1,35,6,1339,1,15,-1,-1,-1
2017100251550,2,9,0,10,0,0,0,0,0,0,2,1,6,1,49,8,1798,1,5,10,1,10
2017100251565,1,9,0,-1,-1,-1,-1,-1,-1,0,-1,1,6,3,-1,-1,-1,-1,-1,-1,-1,-1
2017100251571,1,9,0,18,9,0,1,11,1,0,1,1,5,1,22,5,1769,1,17,-1,-1,-1
2017100251571,2,9,0,18,0,0,0,0,0,0,0,1,1,1,35,6,2993,2,-1,2,1,2
2017100251636,1,9,0,5,0,4,0,0,0,0,3,1,1,2,47,8,1398,2,5,7,1,7
2017100251636,2,9,0,18,0,4,0,0,0,0,1,1,5,2,46,8,1242,1,12,4,1,4
2017100251787,1,9,0,18,0,0,0,0,0,0,1,1,6,1,40,7,1299,1,18,-1,-1,-1
2017100251787,2,9,0,3,0,0,0,0,0,0,2,1,5,2,45,7,2204,2,10,-1,-1,-1
2017100251839,1,9,0,18,0,1,0,0,7,0,1,1,5,2,73,10,1299,1,15,2,2,2
2017100251885,1,9,0,3,0,1,0,0,0,0,1,1,2,1,52,8,-1,-1,-1,-1,-1,-1
2017100251885,2,9,0,3,0,1,0,0,0,0,2,1,5,2,17,4,1399,2,6,3,2,3
2017100251910,1,9,0,7,0,8,0,0,0,0,1,1,6,1,39,7,1991,1,2,-1,-1,-1
2017100251910,2,9,0,3,0,1,0,0,0,0,3,1,5,2,28,6,1124,1,9,-1,-1,-1
2017100251922,1,9,0,18,0,0,0,0,0,0,4,1,6,2,-1,-1,-1,-1,-1,-1,-1,-1
2017100251927,1,9,0,18,0,0,0,4,0,0,4,1,6,1,50,8,2429,1,11,4,2,4
2017100251927,2,21,1,2,0,0,0,0,0,0,2,1,1,1,47,8,12809,2,2,3,3,3
2017100251934,1,9,0,9,0,8,0,0,0,0,1,1,6,1,34,6,1988,2,13,9,1,9
2017100251934,2,9,0,18,0,8,0,0,0,0,3,1,6,2,30,6,1229,1,9,6,2,6
2017100251965,1,9,0,18,0,0,0,0,0,0,3,1,5,1,55,8,2179,2,3,6,2,6
2017100251965,2,9,0,18,0,0,0,0,0,0,3,1,5,2,53,8,2231,2,6,5,1,5
2017100251966,1,9,0,18,0,2,0,0,0,0,1,1,5,2,84,11,998,1,2,6,1,6
2017100251966,2,1,0,18,4,2,0,0,0,0,2,1,5,1,64,9,-1,-1,-1,9,1,9
2017100251967,1,9,0,18,0,4,1,0,0,0,3,1,6,1,66,10,1598,1,7,-1,3,-1
2017100251967,2,9,0,18,0,4,0,0,0,0,1,1,6,2,40,7,1598,2,1,5,1,5
2017100251995,1,9,0,9,0,2,0,0,0,0,1,1,6,1,35,6,1390,1,11,-1,-1,-1
2017100251995,2,9,0,18,0,2,0,0,0,0,3,1,6,2,34,6,1396,1,10,-1,-1,-1
2017100251996,1,9,-1,18,0,0,1,0,0,0,1,1,5,1,82,11,1242,1,2,9,1,9
2017100251996,2,9,-1,13,0,0,1,10,0,0,3,1,5,1,45,7,2480,1,1,-1,-1,-1
2017100251996,3,9,-1,16,0,0,1,1,0,0,3,1,5,2,27,6,1968,2,8,2,1,2
2017100252001,1,11,0,5,0,0,0,0,0,0,0,1,1,1,62,9,5900,2,11,3,1,3
2017100252005,1,9,0,18,0,0,0,0,0,0,1,1,6,1,71,10,1997,2,1,8,1,8
2017100252005,2,9,0,18,0,0,0,0,0,0,2,1,5,1,48,8,999,1,-1,10,2,10
2017100252006,1,9,0,18,0,0,0,0,0,0,4,1,5,1,32,6,1560,2,7,1,1,1
2017100252011,1,21,1,12,0,0,0,0,0,0,3,1,1,1,36,7,12777,2,2,-1,1,-1
2017100252011,2,9,0,13,0,0,0,0,4,7,4,1,5,2,19,4,1197,1,3,4,3,4
2017100252011,3,9,0,18,0,0,1,0,0,0,1,1,5,1,32,6,1995,2,2,-1,-1,-1
2017100252011,4,9,0,18,0,0,2,1,1,2,1,1,5,1,23,5,1896,2,13,7,2,7
2017100252037,1,9,0,18,0,0,0,0,0,0,1,1,5,2,29,6,1197,1,2,7,1,7
2017100252037,2,9,0,4,0,0,0,0,0,0,2,1,6,1,34,6,1599,1,12,1,1,1
2017100252037,3,9,0,2,0,0,0,0,0,0,0,1,1,2,52,8,1769,1,15,-1,3,-1
2017100252044,1,9,0,16,0,1,0,0,1,0,1,1,1,1,54,8,1968,2,-1,-1,-1,-1
2017100252047,1,9,0,13,0,1,0,0,0,0,1,1,6,2,40,7,1984,1,7,3,1,3
2017100252047,2,9,0,18,0,1,0,0,0,0,3,1,6,2,46,8,1499,1,-1,5,1,5
2017100252051,1,11,0,4,0,4,0,0,0,0,0,1,1,2,40,7,7300,2,11,-1,-1,-1
2017100252055,1,9,0,18,0,0,0,0,0,0,1,1,1,1,28,6,1968,2,8,1,1,1
2017100252057,1,9,0,17,0,0,2,0,0,0,3,1,2,1,25,5,1910,2,11,-1,-1,-1
2017100252076,1,9,0,18,0,0,0,0,0,0,1,1,5,1,60,9,1398,2,11,1,1,1
2017100252076,2,9,0,18,0,0,0,0,0,0,2,1,5,2,27,6,1968,2,7,1,1,1
2017100252089,1,9,0,9,0,1,0,0,0,0,1,1,5,1,25,5,1598,1,12,1,1,1
2017100252089,2,9,0,18,0,1,0,0,0,0,1,1,1,1,39,7,1242,1,11,-1,-1,-1
2017100252104,1,9,0,18,0,8,0,0,0,0,1,1,5,1,24,5,1399,2,9,-1,-1,-1
2017100252104,2,9,0,10,0,1,0,0,0,0,2,1,5,2,23,5,1242,1,4,-1,-1,-1
2017100252122,1,90,0,18,0,1,0,0,0,0,4,1,6,3,-1,-1,-1,-1,-1,-1,-1,-1
2017100252137,1,9,0,14,0,0,0,0,0,0,4,1,5,2,52,8,1198,1,7,8,1,8
2017100252137,2,9,0,5,0,0,0,0,0,0,1,1,5,1,71,10,2494,1,18,8,1,8
2017100252153,1,9,0,18,0,0,0,0,0,0,4,1,5,1,65,9,1956,2,2,2,1,2
2017100252153,2,9,0,2,0,0,0,0,0,0,4,1,6,3,-1,-1,-1,-1,-1,-1,-1,-1
2017100252245,1,8,0,18,0,1,0,0,0,0,4,1,1,1,-1,-1,-1,-1,-1,-1,-1,-1
2017100252253,1,9,0,11,0,0,0,0,0,0,0,1,5,2,46,8,1968,2,1,-1,-1,-1
2017100252253,2,9,0,18,0,0,0,0,0,0,4,1,5,1,58,9,2521,1,12,1,1,1
2017100252253,3,19,0,18,0,0,1,0,0,0,3,1,6,1,35,6,1870,2,12,1,1,1
2017100252268,1,8,0,18,0,1,0,0,0,0,1,1,5,1,53,8,1461,2,1,-1,-1,-1
2017100252268,2,9,0,9,0,1,0,0,0,0,1,1,6,1,48,8,1598,1,13,1,1,1
2017100252279,1,3,0,5,0,3,1,0,0,0,4,1,1,1,42,7,125,1,-1,1,1,1
2017100252283,1,9,0,18,0,0,0,0,0,0,1,1,5,1,71,10,999,1,3,-1,-1,-1
2017100252284,1,9,0,4,0,1,0,0,0,0,1,1,6,2,30,6,1595,1,7,-1,-1,-1
2017100252284,2,9,0,3,0,1,0,0,0,0,2,1,5,2,55,8,998,1,3,9,1,9
2017100252291,1,9,0,18,0,0,0,7,0,0,1,1,5,2,24,5,1242,1,4,10,1,10
2017100252308,1,9,0,18,0,6,0,0,3,0,1,1,6,1,19,4,1994,1,15,5,2,5
2017100252308,2,9,0,18,0,8,0,0,0,0,1,1,5,1,18,4,1198,1,4,2,1,2
2017100252361,1,9,0,17,0,8,1,0,0,0,1,1,5,1,22,5,1995,2,9,-1,-1,-1
2017100252361,2,9,0,18,0,1,0,0,0,0,1,1,1,1,55,8,1686,2,7,2,1,2
2017100252388,1,9,0,5,0,8,0,0,0,0,3,1,2,2,22,5,1242,1,2,6,1,6
2017100252388,2,9,0,17,0,1,0,0,7,0,1,1,2,1,39,7,1560,2,8,5,1,5
2017100252420,1,9,0,9,0,8,0,0,0,0,1,1,1,1,66,10,1997,2,5,1,1,1
2017100252428,1,9,0,18,0,0,1,0,1,0,1,1,5,1,59,9,1998,1,2,10,1,10
2017100252444,1,9,0,2,6,0,0,0,0,0,3,1,5,2,50,8,2298,2,1,5,1,5
2017100252444,2,19,0,1,6,0,0,0,0,0,2,1,6,3,50,8,-1,-1,-1,-1,-1,-1
2017100252450,1,9,0,18,0,0,0,0,0,0,1,1,5,2,54,8,999,1,2,3,1,3
2017100252450,2,9,0,3,0,0,0,0,0,0,2,1,5,2,49,8,1490,1,8,2,1,2
2017100252459,1,9,0,7,0,2,0,0,0,0,1,1,5,1,65,9,998,1,7,10,1,10
2017100252459,2,9,0,18,0,1,0,0,0,0,1,1,5,1,46,8,1598,1,1,8,1,8
2017100252481,1,9,0,5,0,4,0,0,0,0,1,1,6,2,50,8,1461,2,1,2,1,2
2017100252481,2,1,0,9,0,8,1,0,0,0,1,1,6,1,33,6,-1,-1,-1,2,1,2
2017100252575,1,9,0,-1,-1,0,-1,-1,-1,0,-1,1,5,1,53,8,998,1,2,2,1,2
2017100252575,2,1,0,18,0,0,0,0,0,0,1,1,5,1,30,6,-1,-1,-1,4,1,4
2017100252647,1,9,0,9,0,8,0,0,0,0,1,1,5,2,58,9,1968,2,4,9,2,9
2017100252651,1,9,0,18,0,0,0,0,0,0,4,1,5,1,65,9,1560,2,3,8,2,8
2017100252665,1,9,0,18,0,0,0,0,0,0,1,1,6,1,80,11,1248,2,11,5,1,5
2017100252665,2,9,0,2,0,0,0,0,0,0,2,1,6,2,29,6,1200,1,4,3,1,3
2017100252673,1,9,0,18,0,1,0,0,0,0,1,1,6,1,57,9,-1,-1,-1,2,1,2
2017100252673,2,9,0,3,0,1,0,0,0,0,2,1,6,2,47,8,1995,2,9,1,1,1
2017100252854,1,9,0,4,0,1,0,0,0,0,1,1,5,2,26,6,1229,1,5,3,1,3
2017100252854,2,19,0,3,0,1,0,0,0,0,2,1,1,1,51,8,1995,2,-1,3,1,3
2017100252877,1,9,0,7,0,1,1,10,3,2,1,1,2,1,22,5,1798,1,-1,5,1,5
2017100252879,1,9,0,16,0,1,2,0,7,1,1,1,5,1,56,9,698,1,13,4,2,4
2017100252887,1,9,0,18,0,1,5,7,0,0,1,1,5,1,28,6,998,1,1,2,1,2
2017100252890,1,9,0,5,0,8,0,0,0,0,3,1,5,2,61,9,1229,1,4,10,2,10
2017100252917,1,1,0,18,0,8,0,0,0,0,1,1,5,1,27,6,-1,-1,-1,1,1,1
2017100252917,2,9,0,18,0,8,0,0,0,0,4,1,5,2,45,7,1997,2,11,6,1,6
2017100252948,1,9,0,11,0,0,0,0,0,0,4,1,6,3,16,4,1198,1,4,-1,-1,-1
2017100252948,2,9,0,18,0,0,0,0,0,0,3,1,5,2,20,4,1591,1,9,-1,-1,-1
2017100252963,1,9,0,18,0,8,0,0,0,0,1,1,5,1,30,6,-1,-1,-1,-1,-1,-1
2017100252963,2,9,0,3,0,2,0,0,0,0,3,1,6,2,25,5,998,1,10,-1,-1,-1
2017100252963,3,9,0,18,0,6,0,0,0,0,0,1,1,1,50,8,2993,2,1,-1,-1,-1
2017100252971,1,19,0,18,0,0,0,0,0,0,1,1,5,1,40,7,2198,2,3,3,2,3
2017100252971,2,9,0,18,0,0,0,0,0,0,2,1,5,1,23,5,1995,2,11,6,1,6
2017100252971,3,9,0,18,0,0,0,0,0,0,3,1,5,1,41,7,1461,2,7,1,1,1
2017100253105,1,9,0,18,0,0,1,7,0,0,4,1,6,1,73,10,998,1,2,-1,-1,-1
2017100253117,1,9,0,18,0,1,0,0,1,11,1,1,5,1,72,10,1560,2,5,5,3,5
2017100253135,1,9,0,15,0,0,0,0,0,0,2,1,5,1,53,8,2996,1,11,5,1,5
2017100253135,2,9,0,18,0,0,0,0,0,0,2,1,5,1,36,7,1997,2,5,3,1,3
2017100253146,1,9,0,16,0,5,1,0,7,0,1,1,6,2,25,5,998,1,7,4,1,4
2017100253153,1,9,0,18,0,1,0,0,0,0,1,1,5,1,30,6,1248,2,8,1,1,1
2017100253153,2,1,0,18,0,6,0,0,0,0,1,1,5,1,14,3,-1,-1,-1,-1,-1,-1
2017100253176,1,9,0,18,0,1,5,10,8,2,3,1,2,2,24,5,1197,1,1,-1,-1,-1
2017100253183,1,11,0,18,0,3,0,0,0,0,0,1,5,3,-1,-1,-1,-1,-1,-1,-1,-1
2017100253183,2,11,0,5,0,3,0,0,0,0,0,1,1,1,35,6,9000,5,3,5,1,5
2017100253225,1,9,0,18,0,0,0,0,0,0,1,1,1,1,29,6,998,1,7,6,1,6
2017100253370,1,9,0,-1,-1,0,0,0,0,0,-1,1,1,2,57,9,1398,2,5,5,1,5
2017100253393,1,9,0,18,0,1,0,0,0,0,4,1,6,2,49,8,999,1,-1,-1,-1,-1
2017100253393,3,3,0,18,2,1,5,0,0,0,3,1,6,1,33,6,125,1,5,-1,-1,-1
2017100253725,1,9,0,18,0,1,0,0,0,0,4,1,6,1,-1,-1,-1,-1,-1,-1,-1,-1
2017100253725,2,9,-1,18,0,1,0,0,0,0,3,1,6,1,52,8,1596,1,14,1,1,1
2017100253928,1,1,0,18,0,1,0,0,0,0,2,1,6,1,29,6,-1,-1,-1,7,1,7
2017100253928,2,9,0,18,0,1,0,0,0,0,1,1,6,3,32,6,1400,2,10,1,1,1
2017100254155,1,9,0,5,0,0,0,0,0,0,1,1,6,1,21,5,1328,1,10,2,1,2
2017100254155,2,9,0,18,0,0,0,0,0,0,1,1,6,2,32,6,1461,2,-1,-1,-1,-1
2017100254253,1,9,0,18,0,0,0,0,0,0,4,1,5,2,28,6,1388,1,11,1,1,1
2017100254448,1,9,0,18,0,0,0,0,0,0,1,1,6,1,-1,-1,1598,1,4,3,1,3
2017100254909,1,9,0,18,0,0,0,0,0,0,1,1,4,1,17,4,1149,1,5,10,1,10
2017100254909,2,9,0,2,0,0,0,0,0,0,4,1,6,1,35,6,1968,2,1,10,1,10
2017100254934,1,9,0,14,0,8,0,0,0,0,1,1,6,1,25,5,1242,1,14,-1,-1,-1
2017100254934,2,9,0,18,0,8,0,0,0,0,3,1,5,1,45,7,1388,1,8,1,1,1