Accident_Index,Vehicle_Reference,Vehicle_Type,Towing_and_Articulation,Vehicle_Manoeuvre,Vehicle_Location-Restricted_Lane,Junction_Location,Skidding_and_Overturning,Hit_Object_in_Carriageway,Vehicle_Leaving_Carriageway,Hit_Object_off_Carriageway,1st_Point_of_Impact,Was_Vehicle_Left_Hand_Drive?,Journey_Purpose_of_Driver,Sex_of_Driver,Age_of_Driver,Age_Band_of_Driver,Engine_Capacity_(CC),Propulsion_Code,Age_of_Vehicle,Driver_IMD_Decile,Driver_Home_Area_Type,Vehicle_IMD_Decile
2017100255046,1,9,0,18,0,8,0,0,0,0,4,1,2,1,62,9,998,1,1,10,1,10
2017100255540,1,9,0,18,0,0,0,0,0,0,1,1,5,1,61,9,2143,2,1,-1,-1,-1
2017100255540,2,9,0,3,0,0,0,0,0,0,2,1,5,1,31,6,1461,2,5,1,1,1
2017100255540,3,9,0,3,0,0,0,0,0,0,2,1,5,1,23,5,1896,2,9,1,1,1
2017100256014,1,9,0,18,0,1,0,0,0,0,1,1,6,1,38,7,1984,1,6,-1,-1,-1
2017100256014,2,9,0,9,0,6,0,0,0,0,1,1,5,2,64,9,1398,1,4,7,1,7
2017100256304,1,9,0,18,0,1,0,0,0,0,1,1,6,2,43,7,2993,2,3,9,1,9
2017100256719,1,9,0,16,0,3,0,0,0,0,1,1,5,3,-1,-1,1368,1,10,-1,-1,-1
2017100256719,2,9,0,16,0,3,0,0,0,0,2,1,5,2,56,9,1497,8,4,4,1,4
2017100256975,1,9,0,18,0,0,0,0,0,0,1,1,6,1,17,4,1968,2,12,3,1,3
2017100257036,1,9,0,18,0,0,0,0,0,0,1,1,6,2,24,5,1598,1,11,2,1,2
2017100257036,2,9,0,18,0,0,0,0,0,0,1,1,6,1,57,9,1242,1,11,2,1,2
2017100258141,1,9,0,4,0,0,0,0,0,0,1,1,6,1,45,7,1596,1,12,8,1,8
2017100258141,2,9,0,4,0,0,0,0,0,0,2,1,6,1,22,5,1596,1,9,10,1,10
2017100258141,3,9,0,4,0,0,0,0,0,0,2,1,6,1,31,6,1896,2,13,1,1,1
2017100258160,1,3,0,14,0,8,0,0,0,0,1,1,2,1,22,5,124,1,-1,4,1,4
2017100258160,2,9,0,10,0,8,0,0,0,0,3,1,2,2,36,7,995,1,5,1,1,1
2017100260208,1,9,0,1,0,0,0,0,0,0,2,1,5,3,40,7,1896,2,13,3,1,3
2017100261372,1,9,0,5,0,2,0,0,0,0,1,1,5,2,46,8,1995,2,8,1,1,1
2017100262060,1,9,0,18,0,4,0,0,0,0,1,1,6,1,80,11,2497,2,13,3,1,3
2017100262060,2,9,0,18,0,8,1,0,0,0,3,1,6,1,34,6,1149,1,12,7,1,7
2017100263550,1,9,0,18,0,0,0,0,0,0,4,1,6,1,45,7,1997,2,4,4,2,4
2017100263550,2,4,0,18,0,0,0,0,0,0,3,1,6,1,38,7,471,1,-1,1,2,1
2017100264034,1,9,0,18,0,0,0,0,0,0,1,1,6,1,67,10,1598,2,1,3,1,3
2017100264034,2,9,0,2,0,0,0,0,0,0,3,1,6,3,-1,-1,-1,-1,-1,-1,-1,-1
2017100266113,1,9,0,17,0,0,0,0,0,0,1,1,3,2,35,6,1868,2,17,6,3,6
2017100266113,2,19,0,16,0,0,0,0,0,0,1,1,1,1,60,9,2198,2,5,7,3,7
2017100266306,1,9,0,4,0,0,0,0,0,0,1,1,6,1,19,4,1398,1,-1,3,1,3
2017100266306,2,9,0,4,0,0,0,0,0,0,2,1,6,1,55,8,1560,2,11,3,1,3
2017100266306,3,3,0,4,0,0,0,0,0,0,2,1,6,1,48,8,125,1,1,9,1,9
2017100266306,4,9,0,4,0,0,0,0,0,0,2,1,6,2,48,8,1349,1,4,8,1,8
2017100268617,1,9,0,9,0,8,0,0,0,0,4,1,5,2,40,7,1461,2,1,-1,-1,-1
2017100268617,2,1,0,18,0,8,0,0,0,0,1,1,6,1,35,6,-1,-1,-1,-1,-1,-1
2017100272482,1,9,0,4,0,0,0,0,0,0,4,1,6,3,18,4,-1,-1,-1,-1,-1,-1
2017100272482,2,1,0,4,0,0,0,0,0,0,3,1,6,2,55,8,-1,-1,-1,9,1,9
2017100272491,1,9,0,18,0,0,0,0,0,0,3,1,3,1,41,7,1956,2,8,9,2,9
2017100281811,1,9,0,18,0,6,0,0,3,0,1,1,5,2,35,6,998,1,12,1,1,1
2017100281811,2,9,0,18,0,8,0,0,1,0,3,1,5,2,18,4,1360,1,6,-1,-1,-1
2017100281811,3,9,0,2,9,8,0,0,0,0,2,1,6,3,-1,-1,-1,-1,-1,-1,-1,-1
2017100284422,2,90,0,18,0,8,0,0,0,0,1,1,1,1,46,8,7698,2,1,-1,-1,-1
2017100284422,3,9,0,18,0,8,0,0,0,0,4,1,6,3,-1,-1,1199,1,16,-1,-1,-1
2017100287290,1,9,0,9,0,8,0,0,0,0,4,1,2,2,24,5,1242,1,12,10,1,10
2017100287290,2,9,0,17,0,8,0,0,0,0,1,1,5,2,21,5,796,1,12,7,1,7
2017100289090,1,9,0,17,0,2,0,0,1,7,1,1,5,1,69,10,1686,2,5,1,1,1
2017100297845,1,9,0,18,0,0,1,0,0,0,1,1,6,2,35,6,1968,2,4,2,1,2
2017100297845,2,9,0,18,0,0,0,0,0,0,2,1,5,2,38,7,1560,2,9,4,2,4
2017100303159,1,1,0,9,0,3,0,0,0,0,4,1,1,1,29,6,-1,-1,-1,8,1,8
2017100303159,2,9,0,18,0,4,0,0,0,0,1,1,5,1,20,4,1149,1,2,10,1,10
2017100310403,1,9,0,6,0,0,0,0,0,0,3,1,6,2,29,6,1398,1,2,8,1,8
2017100310403,2,5,0,18,0,0,0,0,0,0,1,1,6,1,61,9,647,1,17,2,1,2
2017100310403,3,9,0,18,0,0,0,0,0,0,3,1,6,2,34,6,1896,2,16,1,1,1
2017110146070,1,1,0,18,0,0,0,0,0,0,1,1,6,1,26,6,-1,-1,-1,5,1,5
2017110146070,2,9,0,18,0,0,0,0,0,0,1,1,6,1,53,8,2204,2,13,2,1,2
2017110147315,1,9,0,18,0,0,5,0,1,0,1,1,6,1,27,6,1956,2,8,2,1,2
2017110147315,2,9,0,18,0,0,1,0,0,0,4,1,6,2,46,8,1199,1,16,10,1,10
2017110147315,3,9,0,18,0,0,1,0,0,0,4,1,6,2,28,6,1587,1,13,5,1,5
2017110147315,4,9,0,18,0,0,1,0,0,0,4,1,6,2,47,8,1248,2,3,8,2,8
2017110147315,5,9,0,18,0,0,1,0,0,0,1,1,6,1,33,6,1598,1,12,4,1,4
2017110147315,6,9,0,18,0,0,1,0,0,0,4,1,6,1,42,7,1198,1,3,8,2,8
2017110147315,7,9,0,18,0,0,1,0,0,0,4,1,6,2,23,5,1242,1,3,1,1,1
2017110147443,1,9,0,16,0,0,1,0,0,0,1,1,6,1,45,7,1461,2,5,5,2,5
2017110147443,2,19,0,17,0,0,0,0,0,0,1,1,6,1,49,8,1995,2,4,5,2,5
2017110147559,1,9,0,18,0,2,2,0,1,0,0,1,6,1,34,6,1390,1,9,2,2,2
2017110147732,1,9,0,18,0,0,0,0,0,0,1,1,6,1,30,6,1328,1,15,-1,-1,-1
2017110147732,2,9,0,4,0,0,0,0,0,0,2,1,6,2,29,6,1900,2,13,3,1,3
2017110147765,1,9,0,16,0,1,1,0,7,0,1,1,5,2,21,5,998,1,6,4,3,4
2017110147844,1,9,0,13,0,0,5,0,0,0,1,1,5,2,21,5,1390,1,2,3,2,3
2017110147844,2,9,0,18,0,0,0,0,0,0,1,1,1,2,45,7,998,1,4,3,2,3
2017110147844,3,9,0,4,0,0,0,0,0,0,2,1,5,2,36,7,1229,1,12,3,2,3
2017110147844,4,1,0,18,0,0,0,0,0,0,2,1,1,1,60,9,-1,-1,-1,8,1,8
2017110147847,1,9,0,16,0,8,0,0,0,0,1,1,6,3,-1,-1,999,1,15,-1,-1,-1
2017110147847,2,9,0,17,0,8,0,0,0,0,1,1,1,2,55,8,1397,1,7,6,1,6
2017110147923,1,3,0,18,0,1,0,0,0,0,1,1,6,1,17,4,124,1,1,4,1,4
2017110147923,2,9,0,3,0,1,0,0,0,0,2,1,6,1,53,8,996,1,7,4,1,4
2017110147993,1,9,0,7,0,2,0,0,0,0,1,1,6,1,50,8,1560,2,4,1,1,1
2017110147993,2,9,0,8,0,2,0,0,0,0,2,1,6,1,26,6,1598,2,2,5,1,5
2017110147993,3,3,0,8,0,2,0,0,0,0,0,1,6,1,30,6,124,1,5,1,1,1
2017110148007,1,90,0,18,0,2,0,0,0,0,1,1,6,1,10,2,-1,-1,-1,4,2,4
2017110148007,2,9,0,18,0,2,0,0,0,0,4,1,2,2,45,7,998,1,5,1,2,1
2017110148018,1,9,0,18,0,1,0,0,0,0,3,1,2,2,46,8,1968,2,9,4,1,4
2017110148049,1,9,0,7,0,8,0,0,0,0,4,1,6,1,67,10,3628,2,9,3,2,3
2017110148049,2,1,0,7,0,8,0,0,0,0,3,1,2,1,28,6,-1,-1,-1,2,2,2
2017110148077,1,-1,0,1,0,1,0,0,0,0,2,1,6,3,-1,-1,-1,-1,-1,-1,-1,-1
2017110148216,1,9,0,18,0,0,0,0,0,0,1,1,2,1,45,7,2967,2,9,9,2,9
2017110148279,1,9,0,18,0,0,0,0,1,4,1,1,6,2,29,6,1598,1,10,2,1,2
2017110148360,1,9,0,9,0,8,0,0,0,0,1,1,5,2,19,4,-1,-1,-1,-1,-1,-1
2017110148360,2,1,0,18,0,8,0,0,0,0,3,1,6,1,15,3,-1,-1,-1,3,1,3
2017110148362,1,-1,0,4,0,0,0,0,0,0,0,1,6,3,-1,-1,-1,-1,-1,-1,-1,-1
2017110148362,2,9,0,3,0,0,0,0,0,0,2,1,2,1,18,4,1560,2,8,7,2,7
2017110148362,3,9,0,18,0,0,0,0,0,0,1,1,5,1,91,11,-1,-1,-1,4,3,4
2017110148480,1,9,0,9,0,6,0,0,0,0,1,1,6,1,-1,-1,-1,-1,-1,3,1,3
2017110148480,2,9,0,18,0,1,0,0,0,0,4,1,6,2,26,6,998,1,8,8,1,8
2017110148507,1,9,0,13,0,1,0,0,0,0,4,1,1,1,41,7,1497,1,12,3,1,3
2017110148507,2,9,0,18,0,1,0,0,0,0,3,1,1,1,30,6,1248,2,3,9,1,9
2017110148824,1,-1,0,9,0,1,0,0,0,0,1,1,6,3,-1,-1,-1,-1,-1,-1,-1,-1
2017110149018,1,1,0,18,0,0,0,0,0,0,1,1,5,1,44,7,-1,-1,-1,6,2,6
2017110149069,1,9,0,18,0,0,0,0,0,0,1,1,6,1,34,6,1595,1,12,4,1,4
2017110149069,2,9,0,18,0,0,0,0,0,0,1,1,5,2,29,6,1998,1,10,9,2,9
2017110149069,3,9,0,18,0,0,0,0,0,0,3,1,5,1,37,7,1997,1,12,9,2,9
2017110149188,1,-1,0,18,0,0,0,0,0,0,1,1,6,3,-1,-1,-1,-1,-1,-1,-1,-1
2017110149285,1,11,0,4,0,8,0,0,0,0,4,1,1,1,48,8,4760,2,5,8,2,8
2017110149285,2,2,0,2,0,8,0,0,0,0,0,1,6,1,16,4,49,1,15,1,1,1
2017110149355,1,9,0,9,0,8,0,0,0,0,1,1,1,1,65,9,1560,2,3,1,1,1
2017110149355,2,9,0,18,0,8,0,0,7,1,1,1,1,1,20,4,1995,2,11,4,1,4
2017110149529,1,9,0,18,0,0,0,0,1,4,1,1,6,1,19,4,1896,2,17,1,2,1
2017110149545,1,9,0,16,0,0,2,0,8,4,1,1,6,2,46,8,2497,2,11,4,1,4
2017110149651,1,1,0,18,0,8,0,0,0,0,1,1,5,1,49,8,-1,-1,-1,1,1,1
2017110149651,2,9,0,4,0,8,0,0,0,0,4,1,1,1,27,6,-1,-1,-1,9,1,9
2017110149677,1,9,0,18,0,0,0,0,0,0,1,1,5,1,63,9,-1,-1,-1,3,2,3
2017110149677,2,1,0,12,0,0,0,0,7,0,2,1,1,1,46,8,-1,-1,-1,7,2,7
2017110150989,1,11,0,14,0,0,0,0,0,0,1,1,1,1,41,7,4250,2,17,2,2,2
2017110150989,2,9,0,18,0,0,0,0,7,0,1,1,1,1,32,6,1956,2,4,4,2,4
2017110151016,1,19,0,18,0,0,0,0,0,0,1,1,1,1,34,6,2198,2,1,2,1,2
2017110151044,1,9,0,9,0,1,0,0,3,0,3,1,5,2,19,4,998,1,14,2,1,2
2017110151044,2,9,0,18,0,1,0,0,0,0,1,1,1,2,38,7,1229,1,7,8,1,8
2017110151094,1,98,0,9,0,3,0,0,0,0,3,1,6,3,30,6,-1,-1,-1,-1,-1,-1
2017110151235,1,9,0,9,0,4,0,0,2,2,4,1,2,1,21,5,1598,2,6,5,3,5
2017110151235,2,9,0,18,0,4,0,0,0,0,1,1,5,2,49,8,4164,2,16,8,3,8
2017110151272,1,9,0,18,0,0,0,0,0,0,1,1,5,2,32,6,1360,1,11,1,2,1
2017110151322,1,9,0,18,0,4,0,0,0,0,1,1,6,1,47,8,-1,-1,-1,8,1,8
2017110151322,2,9,0,3,0,4,0,0,0,0,2,1,1,2,29,6,1398,1,2,8,1,8
2017110151370,1,11,0,9,0,1,0,0,0,0,0,1,5,1,30,6,2464,2,8,1,1,1
2017110151406,1,9,0,18,0,0,1,0,0,0,1,1,5,1,33,6,1242,1,15,2,1,2
2017110151406,2,98,1,2,0,0,0,0,0,0,2,1,1,1,45,7,-1,-1,-1,1,1,1
2017110151450,1,9,0,18,0,1,1,0,0,0,1,1,6,2,36,7,1951,2,17,3,1,3
2017110151450,2,9,0,4,0,1,0,0,0,0,2,1,6,1,39,7,1339,1,11,4,1,4
2017110151461,1,19,0,9,0,2,0,0,0,0,1,1,1,1,36,7,2287,2,1,8,1,8
2017110151488,1,9,0,9,0,8,0,0,0,0,4,1,5,1,50,8,1798,1,9,1,2,1
2017110151510,1,9,0,9,0,8,0,0,0,0,1,1,6,3,30,6,-1,-1,-1,-1,-1,-1
2017110151525,1,9,0,1,0,0,0,0,0,0,2,1,6,2,54,8,1240,1,11,4,1,4
2017110151548,1,9,0,18,0,0,0,0,0,0,4,1,5,1,30,6,1799,1,7,8,1,8
2017110153737,1,11,0,18,0,0,0,0,0,0,1,1,1,1,27,6,12902,2,2,1,1,1
2017110153737,2,9,0,3,0,0,0,0,1,0,2,1,5,2,56,9,1229,1,13,8,1,8
2017110153794,1,9,0,18,0,1,0,0,0,0,1,1,6,1,67,10,1560,2,6,3,1,3
2017110153906,1,9,0,16,0,0,1,0,1,11,3,1,6,1,46,8,1988,1,13,-1,-1,-1
2017110154161,1,9,0,9,0,8,0,0,0,0,1,1,6,1,-1,-1,1598,1,13,3,1,3
2017110154161,2,9,0,18,0,8,0,0,0,0,3,1,6,2,53,8,2204,2,11,7,1,7
2017110154616,1,9,0,9,0,5,0,0,0,0,1,1,2,1,58,9,1598,2,3,10,1,10
2017110154616,2,3,0,18,0,1,0,0,0,0,3,1,6,1,33,6,124,1,13,9,1,9
2017110154673,1,9,0,16,0,0,1,0,7,4,2,1,6,2,22,5,1995,2,11,1,2,1
2017110154713,1,9,0,4,0,1,0,0,0,0,1,1,5,2,44,7,1199,2,4,9,2,9
2017110154759,1,9,0,18,0,0,0,0,0,0,3,1,5,2,54,8,998,1,7,6,1,6
2017110154798,1,9,0,18,0,2,0,0,0,0,1,1,6,2,70,10,1596,1,13,4,1,4
2017110154798,2,9,0,9,0,5,0,0,0,0,4,1,6,1,48,8,2402,2,8,7,2,7
2017110154819,1,9,0,13,0,0,0,0,0,0,4,1,6,3,-1,-1,-1,-1,-1,-1,-1,-1
2017110154819,2,1,0,18,0,0,0,0,0,0,1,1,5,1,27,6,-1,-1,-1,4,1,4
2017110154914,1,9,0,9,0,5,1,0,1,0,1,1,6,2,41,7,-1,-1,-1,5,2,5
2017110154914,2,19,0,18,0,8,0,0,0,0,1,1,6,1,58,9,1753,2,14,6,1,6
2017110154997,1,9,0,9,0,6,0,0,0,0,3,1,5,2,44,7,1229,1,6,10,1,10
2017110154997,2,9,0,18,0,2,0,0,0,0,1,1,1,1,51,8,1595,1,6,7,3,7
2017110155032,1,9,0,18,0,1,0,0,0,0,1,1,6,1,30,6,1598,1,9,2,1,2
2017110155032,2,9,0,18,0,1,0,0,0,0,4,1,6,1,40,7,799,2,7,7,3,7
2017110155089,1,9,0,18,0,0,1,0,1,0,4,1,5,2,21,5,1493,2,11,4,1,4
2017110155190,1,9,0,18,0,0,2,0,1,0,1,1,5,3,-1,-1,1995,1,14,-1,-1,-1
2017110155233,1,9,0,18,0,8,0,0,0,0,1,1,6,1,61,9,1390,1,14,5,1,5
2017110155381,1,9,0,16,0,0,0,0,0,0,1,1,6,1,21,5,1390,1,10,4,2,4
2017110155381,2,9,0,17,0,0,0,0,0,0,3,1,5,1,72,10,1995,2,1,4,2,4
2017110155433,1,9,0,18,0,1,0,0,0,0,4,1,6,1,39,7,1299,1,12,2,1,2
2017110155433,2,9,0,9,0,6,0,0,0,0,1,1,6,2,43,7,1360,1,10,3,1,3
2017110155477,1,1,0,9,0,8,0,0,0,0,1,1,5,1,23,5,-1,-1,-1,1,1,1
2017110155477,2,9,0,18,0,8,0,0,0,0,1,1,5,2,75,10,1198,1,7,8,1,8
2017110155510,1,19,0,16,0,1,0,0,0,0,4,1,2,1,31,6,1461,2,15,5,1,5
2017110155510,2,9,0,17,0,1,0,0,0,0,1,1,2,1,23,5,-1,-1,-1,3,1,3
2017110155542,1,9,0,18,0,1,0,0,0,0,1,1,6,1,-1,-1,-1,-1,-1,2,1,2
2017110155542,2,9,0,3,0,1,0,0,0,0,2,1,6,2,42,7,1896,2,9,2,2,2
2017110155581,1,9,0,18,0,2,0,0,0,0,1,1,6,1,47,8,-1,-1,-1,-1,-1,-1
2017110155581,2,9,0,18,0,1,0,0,0,0,1,1,5,2,17,4,1198,1,3,7,3,7
2017110155627,1,9,0,9,0,4,0,0,0,0,3,1,6,2,33,6,1461,2,7,3,1,3
2017110155627,2,9,0,18,0,8,0,0,0,0,4,1,6,1,79,11,1149,1,16,-1,-1,-1
2017110155649,1,9,0,18,0,0,0,0,0,0,1,1,1,1,38,7,-1,-1,-1,3,1,3
2017110155649,2,9,0,2,0,0,0,0,0,0,1,1,5,1,-1,-1,1975,1,12,9,1,9
2017110155751,1,9,0,9,0,6,0,0,0,0,0,1,6,3,-1,-1,-1,-1,-1,-1,-1,-1
2017110155751,2,9,0,9,0,1,0,0,0,0,1,1,6,1,25,5,1956,2,8,7,2,7
2017110155751,3,9,0,8,0,1,0,0,0,0,3,1,6,1,63,9,1560,2,2,3,1,3
2017110156051,1,9,0,18,0,0,0,0,0,0,1,1,6,1,26,6,1596,1,16,1,1,1
2017110156051,2,9,0,3,0,0,0,0,0,0,2,1,6,2,61,9,1461,2,1,6,1,6
2017110156051,3,9,0,3,0,0,0,0,0,0,2,1,6,2,32,6,1242,1,2,2,1,2
2017110156092,1,9,0,7,0,3,0,0,0,0,1,1,6,2,29,6,1496,2,1,-1,-1,-1
2017110156092,2,9,0,18,0,8,0,0,0,0,2,1,2,1,25,5,1956,2,6,7,3,7
2017110156120,1,9,0,7,0,1,0,0,0,0,1,1,5,2,29,6,1560,2,5,4,2,4
2017110156120,2,9,0,18,0,1,0,0,0,0,3,1,2,1,54,8,1598,1,5,3,1,3
2017110156190,1,9,0,18,0,0,1,0,0,0,1,1,5,1,19,4,1560,2,7,3,1,3
2017110156190,2,9,0,18,0,0,0,0,0,0,3,1,5,1,39,7,1998,1,13,7,2,7
2017110156225,1,9,0,9,0,6,0,0,0,0,0,1,5,2,82,11,1598,2,2,3,2,3
2017110156225,2,9,0,18,0,1,0,0,0,0,0,1,6,2,36,7,-1,-1,-1,4,1,4
2017110156286,1,9,0,18,0,0,0,0,0,0,1,1,5,1,48,8,1686,2,4,7,2,7
2017110156567,1,9,0,16,0,0,0,0,0,0,1,1,6,1,32,6,1422,2,15,4,2,4
2017110156567,2,9,0,17,0,0,0,0,0,0,3,1,6,1,65,9,1398,1,1,3,1,3
2017110157164,1,9,0,1,0,0,0,0,0,0,2,1,5,1,54,8,1968,2,6,10,1,10
2017110157213,1,8,0,1,0,8,0,0,0,0,4,1,1,3,-1,-1,-1,-1,-1,-1,-1,-1
2017110157439,1,9,0,9,0,8,0,0,0,0,2,1,3,2,46,8,1560,2,7,4,2,4
2017110157439,2,9,0,17,0,8,0,0,0,0,1,1,6,2,28,6,-1,-1,-1,5,3,5
2017110157510,1,9,0,18,0,1,0,0,0,0,1,1,6,2,41,7,1461,2,3,4,2,4
2017110157545,1,9,0,18,0,0,0,0,0,0,1,1,6,1,76,11,1796,1,16,4,2,4
2017110157605,1,9,0,18,0,0,1,0,0,0,1,1,6,1,42,7,1896,2,16,7,2,7
2017110157605,2,9,0,4,0,0,0,0,0,0,2,1,6,2,27,6,1395,1,1,3,2,3
2017110157917,1,9,0,11,0,8,0,0,0,0,1,1,2,2,28,6,998,1,4,5,1,5
2017110157917,2,9,0,3,0,8,0,0,0,0,2,1,2,2,25,5,998,1,3,7,2,7
2017110157917,3,9,0,3,0,8,0,0,0,0,2,1,2,1,63,9,1364,1,10,3,1,3
2017110158115,1,9,0,18,0,0,0,0,0,0,1,1,5,2,21,5,1598,2,4,4,3,4
2017110158115,2,9,0,3,0,0,0,4,0,0,2,1,5,2,46,8,1149,1,13,2,2,2
2017110158115,3,9,0,2,0,0,0,0,0,0,2,1,5,1,59,9,1995,2,1,5,2,5
2017110158115,4,9,0,2,0,0,0,0,0,0,0,1,5,2,26,6,1598,1,9,2,1,2
2017110158333,1,9,0,11,0,0,0,0,0,0,4,1,5,1,21,5,1399,2,10,5,2,5
2017110158333,2,9,0,18,0,0,0,0,0,0,3,1,5,1,34,6,1598,1,7,1,2,1
2017110158696,1,19,0,18,0,4,0,0,0,0,4,1,1,1,38,7,2198,2,3,3,1,3
2017110158696,2,9,0,10,0,1,0,0,0,0,3,1,2,2,56,9,1242,1,1,3,1,3
2017110158791,1,9,0,18,0,0,0,0,0,0,4,1,6,1,61,9,1398,1,3,8,1,8
2017110158791,2,9,0,2,0,0,0,0,0,0,3,1,6,2,51,8,1598,2,5,7,2,7
2017110158999,1,9,0,18,0,0,0,0,0,0,0,1,6,3,-1,-1,-1,-1,-1,-1,-1,-1
2017110158999,2,9,0,18,0,0,5,0,1,4,0,1,5,1,18,4,1149,1,9,-1,-1,-1
2017110159048,1,3,0,18,0,0,0,0,0,0,1,1,1,1,27,6,125,1,12,2,2,2
2017110159109,1,9,0,9,0,1,0,0,0,0,1,1,6,1,38,7,-1,-1,-1,1,1,1
2017110159109,2,9,0,18,0,1,0,0,0,0,1,1,6,1,31,6,1596,1,12,2,2,2
2017110159109,3,9,0,2,0,2,0,0,0,0,2,1,6,2,30,6,1598,2,2,2,3,2
2017110159156,1,9,0,7,0,2,0,0,0,0,1,1,6,1,31,6,1399,2,15,8,1,8
2017110159156,2,9,0,2,0,1,0,0,0,0,1,1,6,1,81,11,998,1,20,5,1,5
2017110159214,1,19,0,7,0,1,0,0,0,0,2,1,6,3,-1,-1,2402,2,14,-1,-1,-1
2017110159214,2,9,0,2,0,1,0,0,0,0,0,1,6,1,-1,-1,1493,2,10,-1,-1,-1
2017110159236,1,9,0,9,0,1,0,0,0,0,1,1,6,3,-1,-1,-1,-1,-1,-1,-1,-1
2017110159236,2,1,0,7,0,1,0,0,0,0,1,1,2,1,19,4,-1,-1,-1,2,1,2
2017110159254,1,9,0,18,0,8,0,0,0,0,1,1,6,1,19,4,1896,2,11,3,1,3
2017110159254,2,9,0,3,0,8,0,0,0,0,2,1,6,1,23,5,1896,2,11,2,2,2
2017110159254,3,9,0,3,0,8,0,0,0,0,2,1,6,3,-1,-1,-1,-1,-1,-1,-1,-1
2017110159254,4,9,0,3,0,8,0,0,0,0,2,1,6,3,-1,-1,-1,-1,-1,-1,-1,-1
2017110159305,1,9,4,18,0,8,0,0,0,0,1,1,6,1,28,6,2198,2,5,2,1,2
2017110159305,2,9,0,18,0,8,0,0,0,0,1,1,6,2,53,8,-1,3,-1,10,1,10
2017110159570,1,9,0,18,0,8,0,0,0,0,1,1,6,1,63,9,-1,-1,-1,7,3,7
2017110159570,2,9,0,3,0,8,0,0,0,0,2,1,6,2,17,4,1197,1,6,5,1,5
2017110159612,1,9,0,9,0,1,0,0,0,0,4,1,5,1,61,9,1398,2,3,8,1,8
2017110159612,2,1,0,18,0,1,0,0,0,0,1,1,5,1,47,8,-1,-1,-1,9,1,9
2017110159667,1,9,0,9,0,6,0,0,0,0,1,1,5,1,76,11,1229,1,3,2,1,2
2017110159667,2,9,0,18,0,1,0,0,0,0,1,1,5,1,51,8,2497,1,16,4,3,4
2017110159700,1,9,0,5,0,8,0,0,0,0,1,1,1,3,-1,-1,-1,-1,-1,-1,-1,-1
2017110159700,2,1,0,2,0,8,0,0,0,0,1,1,5,1,14,3,-1,-1,-1,2,1,2
2017110159722,1,9,0,18,0,0,0,0,0,0,1,1,6,1,27,6,-1,-1,-1,6,1,6
2017110159722,2,9,0,2,0,0,0,0,0,0,2,1,5,2,67,10,1598,1,2,4,1,4
2017110159863,1,9,0,18,0,0,2,0,1,0,4,1,2,1,45,7,1149,1,12,-1,-1,-1
2017110159892,1,9,0,17,0,0,0,0,1,0,1,1,3,1,38,7,1560,2,8,10,1,10
2017110159892,2,9,0,4,0,0,0,0,0,0,2,1,2,2,35,6,1499,2,1,5,3,5
2017110159952,1,9,0,1,0,0,0,0,0,0,2,1,6,1,61,9,1560,2,3,3,1,3
2017110159952,2,9,0,2,0,0,0,0,0,0,2,1,6,2,28,6,1197,1,2,3,1,3
2017110160048,1,9,0,18,0,0,0,0,0,0,1,1,6,2,70,10,1991,2,9,8,3,8
2017110160048,2,1,0,18,0,0,0,0,0,0,2,1,6,1,51,8,-1,-1,-1,7,3,7
2017110160072,1,9,0,1,0,1,0,0,0,0,2,1,6,1,18,4,1896,2,13,2,1,2
2017110160371,1,9,0,9,0,8,0,0,0,0,4,1,6,1,49,8,1968,2,6,3,1,3
2017110160371,2,9,0,18,0,8,0,0,0,0,3,1,6,2,20,4,996,1,3,4,1,4
2017110160588,1,9,0,18,0,3,0,0,0,0,1,1,5,2,49,8,1149,1,10,9,2,9
2017110160588,2,9,0,18,0,4,0,0,0,0,1,1,2,2,26,6,1560,2,2,4,3,4
2017110160679,1,9,0,18,0,0,1,4,0,0,1,1,5,2,22,5,1149,1,11,4,1,4
2017110160679,2,21,1,2,6,0,0,0,0,0,2,1,1,1,48,8,10677,2,1,-1,-1,-1
2017110160838,1,19,0,14,0,0,0,4,0,0,1,1,1,1,22,5,2400,2,15,3,1,3
2017110160838,2,11,0,2,0,0,0,0,0,0,2,1,1,1,35,6,4249,2,1,7,1,7
2017110161217,1,21,0,18,0,0,0,0,1,0,1,1,1,1,58,9,10837,2,3,-1,-1,-1
2017110161272,1,9,0,18,0,0,1,0,1,0,1,1,5,1,45,7,2993,2,3,10,1,10
2017110161333,1,9,0,16,0,0,1,0,1,0,0,1,6,1,55,8,1560,2,3,3,2,3
2017110161371,1,9,0,18,0,1,0,0,0,0,1,1,6,3,30,6,-1,-1,-1,-1,-1,-1
2017110161371,2,9,0,3,0,1,0,0,0,0,2,1,6,2,39,7,1560,2,4,2,1,2
2017110161399,1,9,0,9,0,2,0,0,0,0,1,1,5,1,87,11,1998,2,12,7,2,7
2017110161423,1,21,0,18,0,0,1,0,0,0,1,1,1,1,33,6,4462,2,4,3,1,3
2017110161423,2,9,0,4,0,0,0,0,0,0,2,1,2,2,43,7,1968,2,8,2,2,2
2017110161436,1,9,0,7,0,2,0,0,0,0,1,1,5,1,28,6,1968,2,5,7,2,7
2017110161436,2,9,0,18,0,1,0,0,0,0,1,1,5,1,20,4,1199,1,13,3,2,3