Accident_Index,Vehicle_Reference,Vehicle_Type,Towing_and_Articulation,Vehicle_Manoeuvre,Vehicle_Location-Restricted_Lane,Junction_Location,Skidding_and_Overturning,Hit_Object_in_Carriageway,Vehicle_Leaving_Carriageway,Hit_Object_off_Carriageway,1st_Point_of_Impact,Was_Vehicle_Left_Hand_Drive?,Journey_Purpose_of_Driver,Sex_of_Driver,Age_of_Driver,Age_Band_of_Driver,Engine_Capacity_(CC),Propulsion_Code,Age_of_Vehicle,Driver_IMD_Decile,Driver_Home_Area_Type,Vehicle_IMD_Decile
2017110161473,1,9,0,9,0,8,0,0,3,10,1,1,6,1,21,5,1229,1,3,7,1,7
2017110161473,2,9,0,18,0,8,0,0,0,0,4,1,3,2,42,7,998,1,4,3,3,3
2017110161474,1,9,0,18,0,1,0,0,0,0,1,1,6,3,30,6,-1,-1,-1,-1,-1,-1
2017110161474,2,9,0,10,0,1,0,0,0,0,2,1,6,1,47,8,1956,2,6,3,2,3
2017110161495,1,9,0,18,0,2,0,0,0,0,4,1,5,1,59,9,1461,2,11,1,1,1
2017110161527,1,1,0,18,0,0,0,0,0,0,1,1,6,1,37,7,-1,-1,-1,4,1,4
2017110161527,2,98,0,18,0,0,0,0,0,0,2,1,6,3,30,6,-1,-1,-1,-1,-1,-1
2017110161546,1,9,0,18,0,1,0,0,0,0,1,1,1,2,21,5,1248,2,2,9,1,9
2017110161546,2,9,0,3,0,1,0,0,0,0,2,1,6,2,59,9,1248,1,3,10,1,10
2017110161714,1,9,0,17,0,0,0,0,0,0,1,1,5,2,25,5,1896,2,16,1,1,1
2017110161714,2,9,0,16,0,0,0,0,1,0,1,1,5,2,49,8,1461,2,2,6,3,6
2017110161773,1,8,0,18,0,0,0,0,0,0,1,1,1,1,29,6,1753,2,8,3,3,3
2017110161973,1,9,0,18,0,2,0,0,0,0,4,1,5,1,78,11,996,1,5,5,3,5
2017110162014,1,9,0,9,0,8,0,0,0,0,3,1,5,1,53,8,1388,1,15,2,2,2
2017110162014,2,9,0,17,0,8,1,0,0,0,1,1,5,1,32,6,2184,2,12,2,1,2
2017110162045,1,11,0,2,3,0,0,0,0,0,4,1,1,1,55,8,4250,2,8,9,1,9
2017110162424,1,9,0,16,0,0,1,0,1,0,1,1,1,1,24,5,1956,2,8,5,1,5
2017110162424,2,9,0,17,0,0,0,0,0,0,1,1,1,1,63,9,1999,2,-1,8,1,8
2017110162446,1,3,0,18,0,0,0,4,0,0,1,1,5,1,17,4,124,1,15,6,1,6
2017110162446,2,9,0,2,0,0,0,0,0,0,2,1,5,2,27,6,1499,2,2,-1,-1,-1
2017110162458,1,9,0,9,0,8,0,0,0,0,1,1,5,1,70,10,1997,2,1,5,1,5
2017110162458,2,9,0,18,0,8,0,0,0,0,4,1,5,2,45,7,1951,2,12,4,3,4
2017110162866,1,9,0,7,0,1,0,0,0,0,1,1,1,1,25,5,1598,2,2,1,1,1
2017110162866,2,9,0,18,0,1,0,0,0,0,4,1,6,2,29,6,1198,1,13,3,1,3
2017110163048,1,9,0,18,0,0,0,0,0,0,1,1,5,1,41,7,1968,2,7,1,2,1
2017110163048,2,9,0,4,0,0,0,0,0,0,2,1,5,1,28,6,1149,1,11,2,2,2
2017110163048,3,9,0,4,0,0,0,0,0,0,2,1,5,2,69,10,1968,2,7,4,3,4
2017110163063,1,9,0,9,0,8,0,0,0,0,4,1,5,2,26,6,1461,2,3,3,1,3
2017110163063,2,1,0,17,0,8,0,0,0,0,1,1,5,1,53,8,-1,-1,-1,8,1,8
2017110163086,1,9,0,17,0,0,1,0,8,0,1,1,5,1,24,5,1560,2,10,1,2,1
2017110163119,1,9,0,11,0,8,0,0,0,0,4,1,5,2,46,8,1396,1,6,7,2,7
2017110163119,2,9,0,18,0,8,0,0,0,0,3,1,5,2,33,6,1600,2,8,-1,-1,-1
2017110163123,1,19,0,18,0,0,0,0,0,0,4,1,6,1,45,7,2198,2,1,3,1,3
2017110163123,2,1,0,18,0,0,0,0,0,0,3,1,1,1,25,5,-1,-1,-1,5,1,5
2017110163147,1,9,0,9,0,8,0,0,0,0,4,1,5,1,19,4,1598,2,4,6,2,6
2017110163147,2,9,0,18,0,8,0,0,0,0,1,1,5,1,51,8,1598,2,1,2,1,2
2017110163159,1,9,0,18,0,0,0,0,0,0,4,1,5,1,50,8,1598,2,3,5,3,5
2017110163175,1,98,0,18,0,0,0,0,0,0,1,1,6,1,30,6,-1,-1,-1,5,1,5
2017110163175,2,11,0,2,0,0,0,0,0,0,2,1,6,1,29,6,6700,2,8,3,1,3
2017110163192,1,9,0,2,0,1,0,0,0,0,3,1,1,1,33,6,973,1,16,7,1,7
2017110163192,2,1,0,14,0,1,0,0,0,0,1,1,2,1,49,8,-1,-1,-1,3,1,3
2017110163220,1,11,0,16,0,3,0,0,0,0,0,1,1,1,51,8,4250,2,3,1,2,1
2017110163221,1,9,0,9,9,5,0,0,0,0,1,1,5,2,76,11,1246,1,12,3,1,3
2017110163231,1,9,0,17,0,1,0,0,0,0,1,1,5,1,40,7,1870,2,3,3,1,3
2017110163247,1,11,0,2,0,0,0,0,0,0,0,1,1,1,62,9,-1,-1,-1,4,1,4
2017110163257,1,9,0,6,0,0,0,0,0,0,0,1,5,1,37,7,1329,1,5,7,1,7
2017110163257,2,3,0,18,0,0,1,0,0,0,0,1,1,1,33,6,124,1,1,4,2,4
2017110163274,1,9,0,9,0,3,0,0,0,0,0,1,6,3,30,6,-1,-1,-1,-1,-1,-1
2017110163274,2,9,0,18,0,3,0,0,0,0,0,1,1,2,32,6,1995,2,4,3,1,3
2017110163279,1,9,0,18,0,4,0,0,1,0,1,1,6,1,29,6,1896,2,12,1,1,1
2017110163321,1,9,0,14,0,0,0,0,0,0,4,1,6,2,45,7,998,1,8,5,1,5
2017110163332,1,1,0,18,0,4,0,0,0,0,1,1,6,1,50,8,-1,-1,-1,5,1,5
2017110163332,2,9,0,9,0,8,0,0,0,0,4,1,6,1,45,7,1896,2,12,5,1,5
2017110163346,1,1,0,18,0,8,0,0,0,0,4,1,6,1,32,6,-1,-1,-1,8,1,8
2017110163346,2,9,0,9,0,8,0,0,0,0,1,1,5,1,84,11,1588,1,13,1,1,1
2017110163382,1,9,0,9,0,6,0,0,0,0,1,1,6,3,-1,-1,-1,-1,-1,-1,-1,-1
2017110163382,2,3,0,18,0,1,0,0,0,0,4,1,6,1,24,5,125,1,12,1,1,1
2017110164030,1,9,0,7,0,1,0,0,0,0,1,1,2,1,45,7,1560,2,9,2,2,2
2017110164073,1,9,0,9,0,8,0,0,0,0,1,1,6,2,56,9,-1,-1,-1,5,2,5
2017110164073,2,3,0,18,0,8,0,0,0,0,1,1,1,1,24,5,125,1,5,1,1,1
2017110164104,1,97,0,13,0,0,0,11,7,0,1,1,6,1,34,6,-1,-1,-1,2,2,2
2017110164104,2,9,0,13,0,0,0,0,0,0,3,1,6,1,23,5,1198,1,14,3,1,3
2017110164104,3,9,0,13,0,0,0,0,0,0,0,1,6,2,28,6,1197,1,1,2,1,2
2017110164180,1,9,0,9,0,6,0,0,0,0,3,1,5,2,17,4,998,1,8,2,2,2
2017110164180,2,9,0,18,0,1,0,0,0,0,1,1,1,1,52,8,1598,2,5,5,1,5
2017110164187,1,8,0,18,0,0,0,0,0,0,1,1,1,1,64,9,1997,2,11,2,1,2
2017110164909,1,9,0,17,0,8,2,0,7,1,1,1,6,2,22,5,998,1,15,2,1,2
2017110165606,1,9,0,7,0,4,0,0,0,0,1,1,6,2,34,6,1598,1,11,1,1,1
2017110165606,2,9,0,18,0,8,0,0,0,0,4,1,5,2,32,6,1396,1,15,1,1,1
2017110165746,1,9,0,3,0,0,1,0,0,0,1,1,2,1,29,6,998,1,9,1,1,1
2017110165746,2,9,0,4,0,0,0,0,0,0,1,1,2,2,25,5,1149,1,12,1,2,1
2017110165746,3,9,0,4,0,0,0,0,0,0,1,1,2,2,26,6,1246,1,9,7,2,7
2017110165746,4,9,0,4,0,0,1,0,0,0,3,1,2,1,29,6,1360,1,13,2,2,2
2017110165809,1,9,0,18,0,8,0,0,0,0,4,1,5,1,18,4,-1,-1,-1,8,1,8
2017110165809,2,9,0,18,0,1,0,0,0,0,1,1,1,2,47,8,1598,2,7,6,1,6
2017110165884,1,9,0,4,0,1,0,0,0,0,1,1,5,1,52,8,1956,2,2,6,1,6
2017110165884,2,9,0,8,0,1,0,0,0,0,2,1,5,1,34,6,1896,2,10,4,1,4
2017110165940,1,9,0,5,0,1,0,0,0,0,3,1,5,1,46,8,1598,1,5,2,1,2
2017110165940,2,9,0,18,0,1,0,0,0,0,1,1,5,1,76,11,1796,7,13,1,2,1
2017110165976,1,9,0,18,0,4,0,0,0,0,1,1,6,1,79,11,-1,-1,-1,6,3,6
2017110165976,2,19,0,18,0,3,0,0,0,0,4,1,1,1,21,5,2198,2,2,3,1,3
2017110165993,1,21,0,18,0,8,0,0,0,0,1,1,1,1,60,9,4485,2,2,1,1,1
2017110165993,2,19,0,10,0,8,0,0,0,0,2,1,6,1,49,8,2198,2,6,8,1,8
2017110165993,3,9,0,18,0,8,0,0,0,0,1,1,6,1,35,6,1422,2,11,7,3,7
2017110166047,1,9,0,7,0,2,0,0,0,0,0,1,5,1,36,7,1198,1,3,3,1,3
2017110166047,2,2,0,18,0,1,0,0,0,0,0,1,5,1,17,4,49,1,3,9,1,9
2017110166077,1,9,0,7,0,2,5,7,0,0,4,1,5,2,41,7,2179,2,5,4,2,4
2017110166352,1,9,0,18,0,8,0,0,0,0,3,1,6,3,-1,-1,-1,-1,-1,-1,-1,-1
2017110166352,2,22,0,9,0,8,0,0,0,0,4,1,5,1,58,9,-1,-1,-1,2,1,2
2017110166523,1,9,0,18,0,1,0,0,0,0,0,1,6,3,-1,-1,-1,-1,-1,-1,-1,-1
2017110166523,2,9,0,18,0,1,2,0,0,0,0,1,4,1,17,4,-1,-1,-1,2,2,2
2017110166557,1,9,0,18,0,0,0,0,0,0,4,1,6,3,-1,-1,-1,-1,-1,-1,-1,-1
2017110166651,1,9,0,13,0,8,0,0,7,4,1,1,5,2,18,4,1198,1,2,2,3,2
2017110166651,2,9,0,9,0,8,0,0,0,0,3,1,5,1,43,7,1248,2,5,7,3,7
2017110167273,1,9,0,17,0,0,0,0,1,0,1,1,5,1,57,9,1108,1,13,7,1,7
2017110167273,2,9,0,16,0,0,0,0,7,0,3,1,5,1,21,5,1197,1,1,2,2,2
2017110167316,1,9,0,18,0,8,0,0,0,0,1,1,6,1,47,8,-1,-1,-1,6,3,6
2017110167316,2,9,0,9,0,8,0,0,0,0,3,1,6,1,49,8,1560,2,8,3,1,3
2017110167426,1,9,0,9,0,1,0,0,0,0,1,1,6,2,30,6,1686,2,12,1,1,1
2017110167426,2,9,0,18,0,1,0,0,0,0,4,1,5,1,65,9,1598,1,1,1,1,1
2017110167441,1,9,0,18,0,4,0,0,0,0,1,1,5,1,75,10,1796,1,13,3,2,3
2017110167441,2,9,0,7,0,8,0,0,7,0,4,1,1,1,43,7,1248,2,2,-1,-1,-1
2017110167459,1,9,0,13,0,1,1,0,0,0,1,1,6,1,34,6,1990,1,18,6,1,6
2017110167459,2,9,0,9,0,1,0,0,0,0,2,1,6,1,35,6,1596,1,13,8,1,8
2017110167676,1,9,0,7,0,4,0,0,0,0,1,1,6,1,-1,-1,1598,2,1,4,2,4
2017110167676,2,9,0,18,0,8,0,0,0,0,4,1,6,1,65,9,1461,2,2,3,1,3
2017110167720,1,9,0,18,0,1,0,0,1,0,4,1,6,1,25,5,1896,2,13,2,1,2
2017110167720,2,9,0,18,0,1,0,0,0,0,1,1,6,1,55,8,1968,2,1,4,1,4
2017110167806,1,9,0,17,0,0,0,0,0,0,1,1,5,1,24,5,4196,1,11,8,3,8
2017110167806,2,9,0,16,0,0,0,0,0,0,1,1,1,1,56,9,2982,2,4,7,3,7
2017110167843,1,9,0,18,0,0,0,0,7,0,4,1,6,2,53,8,1599,1,12,2,1,2
2017110167843,2,9,0,18,0,0,0,0,0,0,4,1,6,2,52,8,1242,1,4,4,2,4
2017110167843,3,9,0,18,0,0,0,0,0,0,1,1,6,1,58,9,1950,2,1,4,2,4
2017110167843,4,9,0,18,0,0,0,0,0,0,1,1,6,1,40,7,1360,1,8,3,1,3
2017110167843,5,9,0,18,0,0,0,0,0,0,2,1,6,2,-1,-1,1461,2,4,6,1,6
2017110167905,1,9,0,18,0,1,0,0,7,0,1,1,1,2,29,6,1000,1,2,7,2,7
2017110167905,2,9,0,10,0,1,0,0,0,0,2,1,5,1,49,8,1598,1,17,4,3,4
2017110168041,1,9,0,18,0,0,0,0,2,0,1,1,5,1,33,6,1997,2,12,1,1,1
2017110168113,1,5,0,18,0,0,0,0,1,0,1,1,5,1,28,6,749,1,12,1,1,1
2017110168113,2,19,0,14,0,0,0,0,0,0,3,1,1,1,36,7,2198,2,3,2,1,2
2017110168113,3,17,0,2,0,0,0,0,0,0,0,1,1,1,56,9,-1,2,23,1,3,1
2017110168316,1,11,0,5,0,8,0,0,0,0,0,1,1,1,62,9,6700,2,6,7,3,7
2017110168341,1,9,0,18,0,0,0,0,7,4,1,1,5,2,75,10,1368,1,3,7,3,7
2017110168546,1,97,0,18,0,1,5,0,0,0,1,1,6,1,16,4,-1,-1,-1,-1,-1,-1
2017110168546,2,9,0,9,0,6,0,0,0,0,3,1,5,2,23,5,1240,1,12,4,1,4
2017110168680,1,9,0,18,0,0,0,0,0,0,1,1,5,2,79,11,1598,1,1,3,1,3
2017110168760,1,9,0,18,0,0,1,0,0,0,1,1,5,1,30,6,1600,1,15,4,1,4
2017110168797,1,9,0,9,0,4,0,0,0,0,1,1,6,1,59,9,1968,2,1,8,1,8
2017110168797,2,9,0,9,0,8,0,0,0,0,1,1,6,2,25,5,2000,2,8,10,1,10
2017110168929,1,9,0,18,0,6,0,0,0,0,1,1,6,1,20,4,1560,2,6,7,2,7
2017110168929,2,9,0,18,0,1,0,0,0,0,3,1,6,2,33,6,1596,1,11,3,2,3
2017110168929,3,11,0,3,0,1,0,0,0,0,1,1,6,1,56,9,4461,2,2,4,1,4
2017110169005,1,9,0,9,0,1,0,0,0,0,4,1,6,1,55,8,1598,2,4,3,1,3
2017110169005,2,1,0,9,0,1,0,0,0,0,1,1,6,1,30,6,-1,-1,-1,1,1,1
2017110169043,1,9,0,18,0,1,0,0,0,0,1,1,6,3,-1,-1,-1,-1,-1,-1,-1,-1
2017110169043,2,9,0,3,0,1,0,0,0,0,2,1,4,2,17,4,1242,1,12,9,1,9
2017110169112,1,9,0,17,0,8,0,0,0,0,1,1,2,1,19,4,998,1,15,1,1,1
2017110169112,2,9,0,16,0,1,0,0,0,0,1,1,2,1,69,10,1587,1,9,2,2,2
2017110169112,3,9,0,16,0,1,0,0,0,0,1,1,2,1,26,6,1149,1,13,9,1,9
2017110169118,1,9,0,18,0,8,0,0,0,0,4,1,1,2,39,7,-1,-1,-1,3,2,3
2017110169118,2,9,0,18,0,8,0,0,0,0,1,1,5,1,59,9,1984,1,14,8,1,8
2017110169163,1,9,0,5,0,0,0,0,0,0,3,1,6,2,64,9,1560,2,4,7,3,7
2017110169163,2,9,0,18,0,0,0,0,0,0,4,1,6,2,63,9,1242,1,9,1,2,1
2017110169213,1,9,0,9,0,1,0,0,0,0,3,1,5,1,54,8,1794,1,12,3,1,3
2017110169213,2,9,0,17,0,1,0,0,0,0,1,1,5,1,57,9,1299,1,13,9,1,9
2017110169410,1,9,0,18,0,0,0,0,0,0,3,1,1,1,20,4,1248,2,6,1,2,1
2017110169434,1,9,0,7,0,1,0,0,0,0,1,1,6,2,34,6,2987,2,10,4,3,4
2017110169434,2,9,0,18,0,1,0,0,0,0,2,1,6,2,29,6,1498,1,8,5,1,5
2017110169455,1,9,0,18,0,8,0,0,0,0,1,1,6,3,-1,-1,-1,-1,-1,-1,-1,-1
2017110169487,1,9,0,18,0,4,0,0,0,0,1,1,6,2,67,10,-1,-1,-1,8,1,8
2017110169487,2,1,0,18,0,4,0,0,0,0,3,1,6,1,61,9,-1,-1,-1,7,1,7
2017110169542,1,11,0,2,0,0,0,0,0,0,0,1,1,1,46,8,6700,2,8,1,1,1
2017110169560,1,9,0,9,0,2,0,0,0,0,1,1,6,1,20,4,1199,1,1,3,1,3
2017110169560,2,9,0,18,0,1,0,0,0,0,1,1,6,1,29,6,2143,2,2,9,1,9
2017110169764,1,9,0,1,0,1,0,0,0,0,2,1,6,3,-1,-1,-1,-1,-1,-1,-1,-1
2017110169800,1,9,0,18,0,1,0,0,0,0,1,1,2,2,26,6,1598,1,2,10,1,10
2017110169800,2,9,0,3,0,1,0,0,0,0,2,1,2,2,33,6,1995,2,8,2,1,2
2017110169861,1,9,0,9,0,1,0,0,0,0,1,1,1,1,59,9,1242,1,13,1,1,1
2017110170031,1,9,0,1,0,0,0,0,0,0,2,1,6,1,48,8,1398,8,3,8,1,8
2017110170485,1,9,0,9,0,1,0,0,0,0,1,1,6,3,30,6,-1,-1,-1,-1,-1,-1
2017110170485,2,1,0,17,0,1,0,0,0,0,1,1,2,1,43,7,-1,-1,-1,10,1,10
2017110171071,1,9,0,17,0,0,2,0,1,11,1,1,1,2,25,5,1598,1,9,8,1,8
2017110171126,1,9,0,17,0,0,5,0,1,0,4,1,5,1,18,4,1390,1,12,8,1,8
2017110171233,1,9,0,18,0,0,1,0,1,0,1,1,5,1,29,6,1896,2,11,2,1,2
2017110172815,1,9,0,13,0,8,1,0,0,0,1,1,2,1,23,5,-1,-1,-1,2,1,2
2017110172815,2,9,0,9,0,8,0,0,7,3,3,1,5,1,44,7,2204,2,11,7,3,7
2017110172918,1,5,0,18,0,0,0,0,0,0,1,1,6,1,44,7,600,1,17,9,1,9
2017110172918,2,9,0,18,0,0,0,0,0,0,1,1,6,2,40,7,1390,1,7,1,1,1
2017110173399,1,9,0,9,0,1,0,0,0,0,1,1,6,2,65,9,1591,1,8,9,2,9
2017110173399,2,9,0,18,0,1,0,0,0,0,1,1,6,1,73,10,1799,1,9,4,2,4
2017110173471,1,97,0,18,0,1,1,0,0,0,1,1,6,1,-1,-1,-1,-1,-1,-1,-1,-1
2017110173471,2,9,0,4,0,1,0,0,0,0,4,1,5,1,63,9,1398,1,2,5,2,5
2017110173499,1,9,0,18,0,4,0,0,0,0,1,1,5,1,33,6,1364,2,12,3,1,3
2017110173499,2,9,0,18,0,8,0,0,0,0,4,1,5,1,27,6,2967,2,-1,2,1,2
2017110173537,1,9,0,18,0,8,0,0,7,4,1,1,2,1,57,9,2198,2,12,3,1,3
2017110174775,1,9,0,13,0,0,0,0,0,0,1,1,6,3,-1,-1,-1,-1,-1,-1,-1,-1
2017110174775,2,9,0,18,0,0,0,0,0,0,2,1,2,2,25,5,2979,1,2,9,3,9
2017110174823,1,11,0,18,0,0,0,0,0,0,0,1,1,3,-1,-1,-1,-1,-1,-1,-1,-1
2017110174879,1,9,0,18,0,1,0,0,0,0,3,1,1,1,44,7,1242,1,14,-1,-1,-1
2017110174879,2,3,0,18,0,1,1,0,0,0,1,1,5,1,22,5,125,1,2,3,3,3
2017110175233,1,3,0,13,0,1,0,0,0,0,1,1,6,1,27,6,125,1,34,1,1,1
2017110175233,2,9,0,9,0,1,0,0,0,0,3,1,6,1,23,5,1600,1,3,5,1,5
2017110175285,1,9,0,9,0,1,0,0,0,0,1,1,1,1,33,6,1497,1,14,-1,-1,-1
2017110175285,2,9,0,18,0,1,0,0,2,7,1,1,5,2,18,4,1229,1,9,2,2,2
2017110175310,1,9,0,9,0,1,0,0,0,0,1,1,5,1,24,5,2143,2,6,5,2,5
2017110176092,1,9,0,7,0,6,0,0,0,0,2,1,6,1,42,7,2495,2,21,4,3,4
2017110176092,2,9,0,18,0,2,0,0,0,0,1,1,5,1,50,8,1399,1,1,5,3,5
2017110176092,3,9,0,18,0,2,0,0,0,0,0,1,5,1,80,11,2184,2,10,5,3,5
2017110176169,1,9,0,18,0,8,0,0,0,0,0,1,6,3,-1,-1,-1,-1,-1,-1,-1,-1
2017110176169,2,1,0,18,0,8,0,10,7,11,1,1,6,1,40,7,-1,-1,-1,2,2,2
2017110176170,1,9,0,18,0,0,0,0,0,0,4,1,6,3,30,6,-1,-1,-1,-1,-1,-1
2017110176206,1,9,0,18,0,0,1,10,7,2,1,1,1,1,25,5,1499,2,1,5,1,5
2017110176243,1,9,0,18,0,0,0,0,0,0,1,1,5,1,39,7,1149,1,13,4,1,4
2017110176243,2,1,0,18,0,0,0,0,1,0,2,1,5,1,42,7,-1,-1,-1,3,1,3
2017110176243,3,1,0,18,0,0,0,0,1,0,2,1,5,1,43,7,-1,-1,-1,5,1,5
2017110176243,4,1,0,18,0,0,0,0,1,0,2,1,5,1,33,6,-1,-1,-1,3,1,3
2017110176247,1,9,0,9,0,4,0,0,0,0,0,1,6,2,61,9,1200,1,1,5,1,5
2017110176247,2,9,0,9,0,8,0,0,0,0,3,1,6,1,55,8,-1,-1,-1,8,1,8
2017110176292,1,9,0,2,0,0,0,0,0,0,3,1,6,1,31,6,-1,-1,-1,1,1,1
2017110176293,1,9,0,18,0,1,0,0,0,0,1,1,5,2,58,9,-1,-1,-1,6,3,6
2017110176293,2,9,0,10,0,1,0,0,0,0,2,1,2,2,32,6,1390,1,10,1,1,1
2017110176314,1,9,0,18,0,0,0,0,0,0,0,1,1,1,36,7,-1,-1,-1,8,1,8
2017110176337,1,9,0,18,0,0,0,0,7,2,1,1,5,2,75,10,1396,1,16,2,2,2
2017110176362,1,9,0,18,0,0,0,0,0,0,1,1,6,3,30,6,-1,-1,-1,-1,-1,-1
2017110176362,2,1,0,18,0,0,0,0,0,0,2,1,6,1,25,5,-1,-1,-1,3,1,3
2017110176572,1,9,0,18,0,8,0,0,1,11,1,1,5,1,25,5,1685,2,2,-1,-1,-1
2017110176572,2,9,0,18,0,8,0,0,0,0,1,1,5,2,35,6,1997,1,14,3,1,3
2017110176661,1,9,0,18,0,1,1,0,1,0,1,1,5,1,38,7,1895,1,16,2,2,2
2017110176661,2,19,0,7,0,1,0,0,0,0,0,1,5,1,51,8,1998,2,11,10,1,10
2017110176717,1,9,0,18,0,0,0,0,0,0,4,1,6,3,-1,-1,-1,-1,-1,-1,-1,-1
2017110176717,2,1,0,18,0,0,0,0,0,0,3,1,6,1,12,3,-1,-1,-1,4,3,4
2017110176766,1,9,0,18,0,1,0,0,0,0,1,1,2,2,23,5,1329,1,7,8,1,8
2017110176766,2,9,0,3,0,1,0,0,0,0,1,1,5,1,31,6,1197,1,2,2,1,2
2017110176766,3,9,0,9,0,1,0,0,0,0,2,1,5,2,34,6,1349,1,8,9,1,9
2017110176809,1,9,0,13,0,0,0,0,3,0,4,1,5,1,47,8,1984,1,2,-1,-1,-1
2017110176809,2,9,0,18,0,0,0,0,1,0,2,1,5,2,33,6,1586,1,8,9,2,9
2017110176911,1,9,0,18,0,1,0,0,0,0,3,1,2,1,20,4,1229,1,5,10,1,10
2017110176911,2,9,0,18,0,1,1,0,0,0,1,1,2,2,22,5,1422,2,14,6,3,6
2017110176956,1,9,0,18,0,1,0,0,0,0,1,1,6,2,84,11,1396,1,8,9,2,9
2017110176956,2,9,0,18,0,1,5,0,1,0,3,1,6,2,59,9,1461,2,4,5,1,5
2017110176987,1,9,0,18,0,2,0,0,0,0,1,1,6,3,-1,-1,-1,-1,-1,-1,-1,-1
2017110176987,2,1,0,18,0,2,0,0,0,0,2,1,6,1,22,5,-1,-1,-1,8,1,8
2017110177020,1,9,0,9,0,6,0,0,0,0,1,1,6,1,23,5,1398,2,7,3,3,3
2017110177020,2,9,0,18,0,1,0,0,0,0,1,1,6,1,20,4,-1,-1,-1,3,2,3
2017110177072,1,9,0,18,0,2,0,0,0,0,4,1,6,1,39,7,-1,-1,-1,3,1,3
2017110177455,1,9,0,6,0,0,0,0,0,0,3,1,5,1,22,5,1995,2,11,4,1,4
2017110177455,2,9,0,13,0,0,0,0,0,0,4,1,5,1,24,5,2993,2,5,4,1,4
2017110177505,1,9,0,9,0,5,0,0,0,0,1,1,6,1,39,7,1598,1,16,2,2,2
2017110177505,2,5,0,18,0,1,0,0,1,0,1,1,6,1,43,7,599,1,19,2,1,2
2017110177544,1,9,0,7,0,1,0,0,0,0,3,1,5,1,82,11,1368,1,2,7,1,7
2017110177544,2,9,0,18,0,1,0,0,0,0,1,1,1,2,19,4,998,1,12,5,1,5
2017110177591,1,5,0,18,0,0,0,0,0,0,3,1,5,1,33,6,998,1,12,2,1,2
2017110177591,2,5,0,18,0,0,0,0,1,2,3,1,5,1,30,6,1000,1,19,8,1,8
2017110177630,1,9,0,16,0,0,1,0,0,0,1,1,5,1,36,7,1390,1,15,5,2,5
2017110177630,2,9,0,17,0,0,0,0,0,0,1,1,5,1,54,8,1997,2,6,2,2,2
2017110177665,1,9,0,18,0,0,0,4,0,0,3,1,6,2,32,6,1560,2,6,1,1,1
2017110177665,2,9,0,18,0,0,0,0,0,0,3,1,6,1,33,6,1910,2,11,1,1,1
2017110177665,3,9,0,2,0,0,0,0,0,0,3,1,6,2,25,5,1686,2,10,1,1,1
2017110177685,1,9,0,9,0,5,0,0,0,0,4,1,5,1,60,9,1349,1,5,9,1,9
2017110177685,2,5,0,18,0,1,0,0,0,0,1,1,5,1,55,8,1261,1,14,8,1,8
2017110177832,1,9,0,13,0,0,0,10,0,0,1,1,6,1,41,7,1753,2,13,1,1,1
2017110177832,2,9,0,18,0,0,0,0,0,0,1,1,5,1,58,9,2171,2,18,3,1,3
2017110177876,1,9,0,18,0,1,0,4,0,0,1,1,2,1,45,7,998,1,6,3,1,3
2017110177876,2,21,0,2,0,1,0,0,0,0,2,1,1,1,46,8,12809,2,2,2,1,2
2017110177917,1,98,0,17,0,0,0,0,0,0,1,1,6,3,-1,-1,-1,-1,-1,-1,-1,-1
2017110177958,1,9,0,6,0,0,0,0,0,0,3,1,5,1,37,7,1998,2,13,3,1,3
2017110177958,2,5,0,13,0,0,0,0,0,0,1,1,5,1,48,8,1043,1,3,7,3,7
2017110178057,1,9,0,18,0,1,0,0,0,0,1,1,6,1,68,10,1781,1,21,5,1,5
2017110178057,2,9,0,3,0,1,0,0,0,0,2,1,6,2,36,7,1461,2,8,9,2,9
2017110178098,1,9,0,18,0,1,0,0,0,0,1,1,6,1,67,10,1242,1,6,5,1,5
2017110178098,2,9,0,3,0,1,0,0,0,0,2,1,6,1,51,8,1390,1,15,1,1,1
2017110178119,1,9,0,18,0,8,0,0,0,0,4,1,5,2,41,7,1360,1,11,8,1,8
2017110178331,1,5,0,6,0,1,0,0,0,0,1,1,5,1,42,7,805,1,22,2,2,2
2017110178331,2,9,0,13,0,1,0,0,0,0,1,1,6,1,44,7,996,1,5,7,3,7
2017110178400,1,9,0,9,0,6,0,0,0,0,1,1,6,1,36,7,1242,1,6,2,3,2
2017110178400,2,9,0,17,0,1,1,0,0,0,1,1,6,1,50,8,1686,2,14,3,1,3
2017110178453,1,1,0,18,0,1,1,0,0,0,4,1,2,1,17,4,-1,-1,-1,1,1,1
2017110178453,2,9,0,9,0,6,0,0,0,0,1,1,6,1,40,7,1598,2,1,3,1,3
2017110178525,1,9,0,16,0,1,2,0,7,0,1,1,5,1,31,6,2495,2,14,1,1,1
2017110178525,2,9,0,16,0,1,0,0,0,0,0,1,1,1,-1,-1,-1,-1,-1,-1,-1,-1
2017110178549,1,17,0,9,0,0,0,0,0,0,3,1,6,3,-1,-1,-1,-1,-1,-1,-1,-1
2017110178549,2,9,0,13,0,0,0,0,0,0,1,1,6,1,41,7,-1,-1,-1,3,1,3
2017110178572,1,9,0,1,0,8,0,0,0,0,4,1,5,1,19,4,-1,-1,-1,5,2,5
2017110178702,1,19,0,18,0,0,0,0,0,0,4,1,6,3,45,7,2198,2,10,3,1,3