Accident_Index,Vehicle_Reference,Vehicle_Type,Towing_and_Articulation,Vehicle_Manoeuvre,Vehicle_Location-Restricted_Lane,Junction_Location,Skidding_and_Overturning,Hit_Object_in_Carriageway,Vehicle_Leaving_Carriageway,Hit_Object_off_Carriageway,1st_Point_of_Impact,Was_Vehicle_Left_Hand_Drive?,Journey_Purpose_of_Driver,Sex_of_Driver,Age_of_Driver,Age_Band_of_Driver,Engine_Capacity_(CC),Propulsion_Code,Age_of_Vehicle,Driver_IMD_Decile,Driver_Home_Area_Type,Vehicle_IMD_Decile
2017110223297,2,9,0,18,0,0,0,0,0,0,2,1,1,1,45,7,-1,-1,-1,-1,-1,-1
2017110223998,1,9,0,18,0,8,0,0,0,0,1,1,6,2,24,5,1242,1,5,-1,-1,-1
2017110223998,2,1,0,7,0,8,0,0,0,0,3,1,6,1,36,7,-1,-1,-1,-1,-1,-1
2017110224036,1,19,0,9,0,8,0,0,0,0,1,1,6,1,36,7,2198,2,9,-1,-1,-1
2017110224036,2,9,0,10,0,8,0,0,0,0,4,1,6,2,30,6,999,1,2,-1,-1,-1
2017110224049,1,9,0,18,0,0,0,0,0,0,1,1,1,1,31,6,1248,2,7,-1,-1,-1
2017110224063,1,9,0,18,0,2,0,0,0,0,1,1,2,1,36,7,1229,1,6,-1,-1,-1
2017110224123,1,9,0,14,0,8,0,0,0,0,1,1,6,1,36,7,1956,2,6,-1,-1,-1
2017110224123,2,9,0,10,0,8,0,0,0,0,2,1,6,2,22,5,1598,2,6,-1,-1,-1
2017110224124,1,9,0,9,0,8,0,0,0,0,1,1,6,1,20,4,-1,-1,-1,4,2,4
2017110224124,2,9,0,18,0,8,0,0,0,0,3,1,6,2,40,7,998,1,6,-1,-1,-1
2017110224174,1,21,1,18,0,1,0,0,0,0,1,1,1,1,36,7,12419,2,2,-1,-1,-1
2017110224270,1,19,0,9,0,8,0,0,0,0,1,1,6,1,47,8,2402,2,12,-1,-1,-1
2017110224270,2,9,0,18,0,8,0,0,0,0,1,1,5,2,19,4,999,1,2,-1,-1,-1
2017110224304,1,9,0,12,0,0,0,0,4,6,1,1,2,2,43,7,1995,2,1,-1,-1,-1
2017110224304,2,9,0,18,0,0,2,0,2,0,2,1,2,1,36,7,1364,1,10,-1,-1,-1
2017110224304,3,9,0,18,0,0,0,0,0,0,2,1,5,2,67,10,1984,1,4,-1,-1,-1
2017110224431,1,9,0,7,0,8,0,0,0,0,1,1,5,1,81,11,1910,2,10,-1,-1,-1
2017110224431,2,9,0,18,0,8,0,0,0,0,4,1,1,1,48,8,1956,2,3,-1,-1,-1
2017110224461,1,9,0,18,0,0,0,0,0,0,1,1,6,1,39,7,1991,2,10,-1,-1,-1
2017110224461,2,9,0,3,0,0,0,0,0,0,2,1,6,1,53,8,998,1,20,-1,-1,-1
2017110224490,1,9,0,18,0,0,0,0,0,0,4,1,6,3,-1,-1,-1,-1,-1,-1,-1,-1
2017110224504,1,9,0,7,0,1,1,0,7,10,3,1,2,1,-1,-1,1956,2,4,1,1,1
2017110224564,1,9,0,18,0,0,0,0,0,0,1,1,6,3,-1,-1,-1,-1,-1,-1,-1,-1
2017110224564,2,1,0,18,0,0,0,0,0,0,4,1,6,1,7,2,-1,-1,-1,2,3,2
2017110224583,1,9,0,18,0,0,0,0,0,0,1,1,6,1,20,4,1149,1,13,-1,-1,-1
2017110224603,1,9,0,18,0,8,0,0,0,0,1,1,6,1,56,9,1229,1,8,-1,-1,-1
2017110224603,2,9,0,18,0,8,1,0,0,0,4,1,6,1,29,6,1685,2,3,-1,-1,-1
2017110224640,1,9,0,18,0,1,0,0,0,0,1,1,2,1,28,6,1994,2,12,7,2,7
2017110224640,2,9,0,4,0,1,0,0,0,0,2,1,5,2,29,6,2993,2,10,-1,-1,-1
2017110224677,1,9,0,16,0,0,1,0,0,0,1,1,2,1,32,6,1389,1,18,-1,-1,-1
2017110224677,2,11,0,17,0,0,0,0,0,0,1,1,1,1,49,8,4250,2,9,-1,-1,-1
2017110224715,1,9,0,17,0,0,5,0,1,0,0,1,5,1,55,8,1461,2,1,-1,-1,-1
2017110225254,1,9,0,16,0,8,0,0,0,0,2,1,5,2,25,5,1368,1,7,3,1,3
2017110225254,2,9,0,18,0,8,0,0,0,0,1,1,5,1,21,5,1248,2,9,-1,-1,-1
2017110225325,1,9,0,18,0,8,0,0,0,0,1,1,5,1,24,5,-1,-1,-1,-1,-1,-1
2017110225325,2,9,0,18,0,8,0,0,0,0,1,1,5,1,43,7,1399,1,-1,-1,-1,-1
2017110225387,1,9,0,18,0,1,0,0,0,0,1,1,6,1,-1,-1,4367,2,4,-1,-1,-1
2017110225402,1,9,0,13,0,0,5,0,2,7,4,1,6,1,57,9,1094,1,22,-1,-1,-1
2017110225453,1,9,0,7,0,8,0,0,0,0,4,1,6,3,-1,-1,998,1,2,-1,-1,-1
2017110225453,2,1,0,7,0,8,0,0,0,0,3,1,2,1,29,6,-1,-1,-1,-1,-1,-1
2017110225479,1,9,0,17,0,2,0,0,0,0,1,1,2,1,21,5,1596,1,17,-1,-1,-1
2017110225507,1,9,0,18,0,4,0,0,0,0,1,1,1,1,32,6,2143,2,2,-1,-1,-1
2017110225507,2,3,0,18,0,4,0,0,0,0,1,1,5,1,28,6,125,1,7,-1,-1,-1
2017110225580,1,9,0,9,0,8,0,0,0,0,1,1,6,2,71,10,1496,1,-1,-1,-1,-1
2017110225580,2,9,0,18,0,1,0,0,0,0,1,1,6,2,26,6,1199,2,6,-1,-1,-1
2017110225718,1,9,0,7,0,1,0,0,0,0,3,1,5,2,47,8,2926,2,15,-1,-1,-1
2017110225718,2,9,0,18,0,1,0,0,0,0,1,1,5,1,40,7,1984,1,8,-1,-1,-1
2017110225822,1,9,0,18,0,0,0,0,0,0,1,1,6,1,22,5,1995,2,15,-1,-1,-1
2017110225822,2,9,0,18,0,0,0,0,0,0,2,1,6,2,54,8,1242,1,16,-1,-1,-1
2017110225822,3,9,0,18,0,0,0,0,0,0,0,1,1,1,31,6,2993,2,4,-1,-1,-1
2017110225866,1,9,0,1,0,2,0,0,0,0,2,1,5,2,72,10,2204,2,9,10,1,10
2017110225919,1,9,0,13,0,0,1,0,1,0,1,1,1,1,27,6,-1,-1,-1,-1,-1,-1
2017110225919,2,21,1,18,0,0,0,0,0,0,0,1,1,1,50,8,12902,2,1,-1,-1,-1
2017110225919,3,9,0,18,0,0,0,0,0,0,2,1,6,2,59,9,1461,2,5,-1,-1,-1
2017110225919,4,9,0,18,0,0,0,0,0,0,1,1,1,1,42,7,1998,8,-1,-1,-1,-1
2017110225977,1,9,0,9,0,8,0,0,0,0,1,1,2,1,29,6,1242,1,9,-1,-1,-1
2017110225977,2,9,0,18,0,1,1,0,0,0,1,1,2,1,35,6,1388,1,15,-1,-1,-1
2017110226988,1,9,0,4,0,1,0,0,0,0,1,1,6,1,95,11,1197,1,1,-1,-1,-1
2017110226988,2,1,0,4,0,1,0,0,0,0,2,1,6,1,45,7,-1,-1,-1,-1,-1,-1
2017110227016,1,9,0,17,0,0,0,0,0,0,1,1,5,1,44,7,1586,1,7,-1,-1,-1
2017110227016,2,19,0,16,0,0,0,0,0,0,1,1,2,1,40,7,1868,2,13,-1,-1,-1
2017110227049,1,3,0,18,0,1,1,10,0,0,1,1,2,1,30,6,124,1,-1,-1,-1,-1
2017110227049,2,98,0,4,0,1,0,0,0,0,0,1,6,3,-1,-1,-1,-1,-1,-1,-1,-1
2017110227077,1,98,0,17,0,0,0,0,0,0,0,1,6,3,-1,-1,-1,-1,-1,-1,-1,-1
2017110227077,2,9,0,16,0,0,0,0,2,11,1,1,2,2,24,5,1598,1,5,-1,-1,-1
2017110227102,1,11,0,18,0,0,0,0,0,0,0,1,1,3,-1,-1,-1,-1,-1,-1,-1,-1
2017110227600,2,9,0,18,0,8,0,0,0,0,2,1,2,1,60,9,1560,2,2,-1,-1,-1
2017110227600,3,9,0,9,0,8,0,0,0,0,1,1,2,1,46,8,1586,1,8,-1,-1,-1
2017110228158,1,9,0,16,0,0,1,0,7,11,4,1,2,1,20,4,1896,2,15,-1,-1,-1
2017110228181,1,1,0,7,0,8,0,0,0,0,3,1,5,1,73,10,-1,-1,-1,-1,-1,-1
2017110228181,2,9,0,18,0,8,0,0,0,0,1,1,1,2,43,7,1461,2,1,-1,-1,-1
2017110229202,1,9,0,18,0,0,0,0,7,0,1,1,5,1,53,8,1896,2,14,-1,-1,-1
2017110229202,2,9,0,18,0,0,0,0,0,0,2,1,5,2,46,8,1395,1,3,-1,-1,-1
2017110229202,3,9,0,18,0,0,0,0,0,0,0,1,1,3,40,7,2993,2,-1,9,1,9
2017110229261,1,3,0,18,0,4,0,0,0,0,4,1,1,2,31,6,125,1,1,-1,-1,-1
2017110229261,2,-1,0,18,0,8,0,0,0,0,1,1,6,3,-1,-1,-1,-1,-1,-1,-1,-1
2017110229647,1,9,0,4,0,1,0,0,0,0,1,1,6,2,40,7,2231,2,11,-1,-1,-1
2017110229647,2,9,0,3,0,1,0,0,0,0,2,1,5,1,21,5,1598,1,5,-1,-1,-1
2017110229647,3,9,0,3,0,1,0,0,0,0,2,1,6,2,57,9,1242,1,9,-1,-1,-1
2017110229680,1,9,0,18,0,2,0,0,0,0,1,1,1,1,35,6,1997,2,4,-1,-1,-1
2017110229680,2,9,0,4,0,2,0,0,0,0,2,1,1,2,47,8,1968,2,4,-1,-1,-1
2017110229730,1,98,1,12,0,0,1,0,0,0,1,1,1,1,29,6,-1,-1,-1,-1,-1,-1
2017110229730,2,9,0,18,0,0,1,0,2,7,2,1,2,1,36,7,1968,2,3,-1,-1,-1
2017110229802,1,9,0,1,0,0,0,0,0,0,2,1,5,3,29,6,1685,2,-1,-1,-1,-1
2017110229849,1,9,0,9,0,8,0,0,0,0,1,1,2,2,45,7,1896,2,15,-1,-1,-1
2017110229849,2,3,0,18,0,1,1,0,0,0,1,1,5,1,50,8,124,1,11,-1,-1,-1
2017110229871,1,9,0,9,0,8,0,0,0,0,1,1,6,1,66,10,1686,2,3,-1,-1,-1
2017110229871,2,9,0,18,0,8,0,0,0,0,1,1,6,1,23,5,998,1,1,6,3,6
2017110229986,1,9,0,18,0,0,0,0,7,0,1,1,5,1,20,4,1390,1,9,-1,-1,-1
2017110229986,2,8,0,9,0,0,0,0,0,0,1,1,1,1,30,6,1685,2,-1,-1,-1,-1
2017110229986,3,9,0,2,9,0,0,0,0,0,1,1,6,1,37,7,1598,1,11,-1,-1,-1
2017110230051,1,9,0,18,0,0,0,0,0,0,1,1,5,1,32,6,1999,2,1,-1,-1,-1
2017110230092,1,9,0,16,0,0,1,0,7,11,4,1,5,1,22,5,1242,1,7,-1,-1,-1
2017110230133,1,98,0,9,0,8,1,0,0,0,1,1,1,1,52,8,-1,-1,-1,-1,-1,-1
2017110230133,2,9,0,18,0,8,0,0,0,0,3,1,5,1,48,8,-1,-1,-1,-1,-1,-1
2017110230165,1,9,0,17,0,0,0,0,0,0,1,1,5,1,31,6,2179,2,5,-1,-1,-1
2017110231367,1,9,0,9,0,8,0,0,3,0,1,1,5,1,25,5,1360,1,14,-1,-1,-1
2017110231367,2,9,0,18,0,8,0,0,7,0,1,1,5,1,22,5,1598,1,7,-1,-1,-1
2017110231412,1,9,0,9,0,8,0,0,0,0,4,1,2,1,23,5,998,1,11,-1,-1,-1
2017110231412,2,5,0,18,0,8,0,0,0,0,3,1,2,1,53,8,598,1,19,3,3,3
2017110231492,1,1,0,9,0,2,0,0,0,0,1,1,6,1,22,5,-1,-1,-1,-1,-1,-1
2017110231492,2,9,0,18,0,1,0,0,0,0,1,1,5,1,18,4,1149,1,12,-1,-1,-1
2017110231565,1,9,0,5,0,0,0,0,0,0,1,1,5,1,53,8,1910,2,7,9,3,9
2017110231565,2,9,0,18,0,0,0,0,0,0,1,1,5,1,48,8,2926,2,15,-1,-1,-1
2017110231601,1,9,0,7,0,8,0,0,0,0,1,1,5,1,58,9,1560,2,5,-1,-1,-1
2017110231613,1,9,0,7,0,8,1,0,0,0,2,1,5,1,32,6,1587,1,13,-1,-1,-1
2017110231613,2,9,0,18,0,8,0,0,0,0,4,1,1,2,29,6,1248,2,3,-1,-1,-1
2017110232071,1,9,0,18,0,4,0,0,0,0,1,1,6,1,20,4,1242,1,11,-1,-1,-1
2017110232071,2,3,0,18,0,8,0,0,0,0,1,1,6,1,18,4,124,1,5,-1,-1,-1
2017110232406,1,9,0,18,0,0,0,0,0,0,1,1,1,1,26,6,1461,2,7,-1,-1,-1
2017110233159,1,9,0,18,0,0,0,0,0,0,4,1,6,2,44,7,-1,-1,-1,1,1,1
2017110233180,1,5,0,17,0,0,1,0,1,11,1,1,6,1,38,7,636,1,12,4,3,4
2017110233220,1,9,0,9,0,8,0,0,0,0,1,1,1,1,21,5,-1,-1,-1,6,1,6
2017110233220,2,3,0,18,0,8,1,0,0,0,1,1,5,1,18,4,124,1,3,-1,-1,-1
2017110233273,1,19,0,1,0,0,0,0,0,0,2,1,6,1,22,5,1560,2,3,-1,-1,-1
2017110233338,1,9,0,4,0,2,0,0,0,0,1,1,1,1,26,6,1968,2,10,1,1,1
2017110233338,2,9,0,4,0,2,0,0,0,0,2,1,1,1,19,4,1968,2,2,-1,-1,-1
2017110233372,1,9,0,18,0,2,0,0,0,0,4,1,5,1,26,6,1396,1,15,-1,-1,-1
2017110233372,2,19,0,18,0,1,0,0,0,0,1,1,5,1,80,11,1870,2,13,-1,-1,-1
2017110233435,1,9,0,18,0,0,0,0,0,0,1,1,6,1,25,5,1896,2,15,-1,-1,-1
2017110233435,2,9,0,3,0,0,0,0,0,0,2,1,6,2,29,6,1242,1,1,-1,-1,-1
2017110233482,1,9,0,18,0,0,0,0,0,0,1,1,5,1,22,5,1994,1,19,-1,-1,-1
2017110233482,2,98,0,18,0,0,0,0,0,0,0,1,5,3,-1,-1,-1,-1,-1,-1,-1,-1
2017110233482,3,9,0,18,0,0,0,0,0,0,1,1,5,2,76,11,1242,1,11,-1,-1,-1
2017110233482,4,9,0,18,0,0,0,0,0,0,1,1,5,2,40,7,996,1,3,-1,-1,-1
2017110233482,5,9,0,18,0,0,0,0,0,0,1,1,1,3,-1,-1,-1,-1,-1,-1,-1,-1
2017110233821,1,9,0,9,0,8,0,7,0,0,1,1,5,2,57,9,1399,1,11,-1,-1,-1
2017110233821,2,9,0,18,0,8,0,0,0,0,1,1,5,2,54,8,1587,1,10,-1,-1,-1
2017110233861,1,9,0,16,0,0,0,0,0,0,1,1,6,2,68,10,1397,1,8,-1,-1,-1
2017110233861,2,19,0,17,0,0,0,0,1,0,1,1,6,2,53,8,1868,2,12,-1,-1,-1
2017110234100,1,9,0,1,0,0,0,0,0,0,2,1,6,2,19,4,998,1,-1,-1,-1,-1
2017110234100,2,9,0,3,0,0,0,0,0,0,4,1,6,1,57,9,-1,-1,-1,-1,-1,-1
2017110234135,1,9,0,9,0,8,0,0,0,0,1,1,5,1,23,5,1390,1,16,-1,-1,-1
2017110234135,2,9,0,18,0,8,0,0,0,0,1,1,5,1,37,7,2000,1,11,-1,-1,-1
2017110234170,1,9,0,18,0,1,0,0,0,0,1,1,1,2,26,6,998,1,7,-1,-1,-1
2017110234170,2,9,0,4,0,1,0,0,0,0,2,1,1,1,40,7,1368,1,9,-1,-1,-1
2017110234170,3,9,0,2,0,1,0,0,0,0,2,1,6,1,70,10,1598,1,8,-1,-1,-1
2017110234210,1,1,0,18,0,2,0,0,0,0,1,1,4,1,9,2,-1,-1,-1,-1,-1,-1
2017110234210,2,9,0,18,0,2,0,0,0,0,3,1,5,1,73,10,1388,1,12,-1,-1,-1
2017110234244,1,11,0,4,0,0,0,0,0,0,0,1,1,1,71,10,7300,2,11,-1,-1,-1
2017110234259,1,21,1,18,0,1,0,0,0,0,1,1,1,1,35,6,10837,2,1,-1,-1,-1
2017110234259,2,9,0,10,0,1,0,0,0,0,2,1,5,2,40,7,1399,2,8,-1,-1,-1
2017110234306,1,11,0,18,0,0,0,0,0,0,0,1,1,1,35,6,9000,2,10,-1,-1,-1
2017110234337,1,9,0,9,0,8,0,0,0,0,1,1,5,1,28,6,1686,2,11,-1,-1,-1
2017110234337,2,9,0,18,0,8,0,0,0,0,2,1,5,1,26,6,1799,1,11,-1,-1,-1
2017110234387,1,19,0,18,0,1,0,0,0,0,1,1,6,1,37,7,2402,2,13,-1,-1,-1
2017110234387,2,9,0,3,0,1,0,0,0,0,2,1,6,2,31,6,1199,1,14,-1,-1,-1
2017110234387,3,9,0,3,0,1,0,0,0,0,2,1,6,2,31,6,1598,1,10,-1,-1,-1
2017110234424,1,97,0,18,0,0,1,0,0,0,1,1,5,1,47,8,-1,-1,-1,-1,-1,-1
2017110234424,2,19,0,3,0,0,0,0,0,0,2,1,1,1,45,7,2198,2,1,-1,-1,-1
2017110234449,1,9,0,9,0,6,0,0,0,0,0,1,6,3,-1,-1,-1,-1,-1,-1,-1,-1
2017110234449,2,9,0,18,0,1,0,0,0,0,4,1,6,1,21,5,1598,2,5,-1,-1,-1
2017110234577,1,9,0,9,0,8,0,0,0,0,3,1,5,1,80,11,2685,2,12,-1,-1,-1
2017110234577,2,9,0,18,0,8,0,0,0,0,1,1,6,1,51,8,2993,2,2,-1,-1,-1
2017110234647,1,9,0,18,0,0,0,0,0,0,1,1,6,1,21,5,1968,2,5,-1,-1,-1
2017110234647,2,19,0,4,0,0,0,0,0,0,2,1,6,1,33,6,2198,2,1,-1,-1,-1
2017110234682,1,19,0,18,0,0,0,0,0,0,1,1,1,1,51,8,2143,2,3,-1,-1,-1
2017110234682,2,19,0,4,0,0,0,0,4,0,2,1,1,1,53,8,2298,2,1,-1,-1,-1
2017110234682,3,9,0,4,0,0,0,0,0,0,2,1,1,2,28,6,1560,2,9,-1,-1,-1
2017110234731,1,8,0,18,0,0,0,0,0,0,1,1,1,1,50,8,1796,1,6,-1,-1,-1
2017110234757,1,9,0,18,0,2,5,0,0,0,0,1,5,2,28,6,1490,1,10,-1,-1,-1
2017110234822,1,9,0,9,0,8,0,0,0,0,1,1,5,1,34,6,1598,1,12,-1,-1,-1
2017110234822,2,9,0,18,0,8,0,0,0,0,4,1,5,2,26,6,1248,1,7,-1,-1,-1
2017110234838,1,9,0,18,0,0,0,0,0,0,4,1,6,3,-1,-1,-1,-1,-1,-1,-1,-1
2017110234838,2,1,0,18,0,0,0,0,0,0,3,1,6,1,53,8,-1,-1,-1,-1,-1,-1
2017110234852,1,9,0,13,0,8,0,0,0,0,4,1,6,1,82,11,1910,2,11,-1,-1,-1
2017110234852,2,17,5,9,0,8,0,0,0,0,3,1,6,1,29,6,6788,2,7,-1,-1,-1
2017110234963,1,8,0,18,0,1,0,0,0,0,1,1,1,1,35,6,1598,2,7,-1,-1,-1
2017110234963,2,9,0,18,0,1,0,0,0,0,2,1,1,1,37,7,1560,2,1,-1,-1,-1
2017110235027,1,9,0,18,0,2,0,0,0,0,0,1,1,2,26,6,1198,1,2,-1,-1,-1
2017110235055,1,9,0,18,0,1,0,0,0,0,1,1,6,3,-1,-1,-1,-1,-1,-1,-1,-1
2017110235055,2,9,0,3,0,1,0,0,0,0,2,1,5,2,35,6,1968,2,6,-1,-1,-1
2017110235071,1,9,0,18,0,4,0,0,0,0,3,1,6,1,26,6,1600,1,13,4,1,4
2017110235071,2,9,0,18,0,4,0,0,0,0,1,1,5,2,28,6,1390,1,5,5,1,5
2017110235078,1,9,0,18,0,8,0,0,0,0,0,1,5,1,75,10,1794,1,13,-1,-1,-1
2017110235099,1,1,0,18,0,1,0,0,0,0,1,1,6,1,8,2,-1,-1,-1,-1,-1,-1
2017110235099,2,9,0,3,0,1,0,0,0,0,4,1,5,1,35,6,1956,2,6,-1,-1,-1
2017110235106,1,9,0,15,0,1,0,0,0,0,4,1,5,1,65,9,1560,2,1,4,2,4
2017110235106,2,21,0,2,0,1,0,0,0,0,3,1,1,1,56,9,6693,2,4,1,1,1
2017110235127,1,9,0,5,0,6,0,0,0,0,1,1,1,1,29,6,-1,-1,-1,-1,-1,-1
2017110235127,2,9,0,18,0,8,0,0,0,0,1,1,5,2,31,6,1398,2,5,-1,-1,-1
2017110235128,1,19,0,9,0,8,0,0,0,0,3,1,3,1,37,7,2198,2,2,-1,-1,-1
2017110235129,1,9,0,1,0,1,0,0,0,0,2,1,6,1,72,10,1968,2,1,2,2,2
2017110235129,2,9,0,3,0,1,0,0,0,0,1,1,6,2,30,6,1598,1,5,2,2,2
2017110235155,1,1,0,18,5,6,0,0,0,0,3,1,4,1,16,4,-1,-1,-1,1,1,1
2017110235155,2,98,0,18,0,1,0,0,0,0,1,1,1,1,47,8,-1,-1,-1,3,1,3
2017110235171,1,9,0,18,0,0,0,0,0,0,1,1,5,2,59,9,1149,1,3,-1,-1,-1
2017110235173,1,9,0,5,0,0,0,0,0,0,1,1,5,3,20,4,-1,-1,-1,-1,-1,-1
2017110235174,1,9,0,18,0,0,0,0,0,0,2,1,6,3,30,6,-1,-1,-1,-1,-1,-1
2017110235195,1,5,0,18,0,0,0,0,0,0,1,1,6,1,49,8,1801,1,-1,-1,-1,-1
2017110235195,2,5,0,18,0,0,0,0,0,0,2,1,6,1,42,7,1690,1,-1,-1,-1,-1
2017110235195,3,9,0,18,0,0,0,0,0,0,2,1,6,2,37,7,1896,2,15,-1,-1,-1
2017110235198,1,9,0,18,0,0,0,0,5,6,1,1,5,2,32,6,1796,1,10,-1,-1,-1
2017110235214,1,9,0,18,0,0,0,0,0,0,1,1,6,3,30,6,-1,-1,-1,-1,-1,-1
2017110235221,1,9,0,15,0,0,0,0,0,0,1,1,2,1,53,8,1598,1,10,-1,-1,-1
2017110235221,2,5,0,18,0,0,0,0,0,0,1,1,2,1,49,8,745,1,3,-1,-1,-1
2017110235570,1,9,0,18,0,8,0,0,0,0,1,1,6,1,42,7,1968,2,6,-1,-1,-1
2017110235629,1,9,0,18,9,0,0,0,7,0,1,1,6,3,30,6,-1,-1,-1,-1,-1,-1
2017110235647,1,9,0,18,0,0,0,0,0,0,1,1,5,1,80,11,1998,2,3,-1,-1,-1
2017110235647,2,19,0,18,0,0,0,0,0,0,3,1,1,1,32,6,1968,2,5,-1,-1,-1
2017110235954,1,9,0,17,0,0,2,10,1,2,1,1,6,1,34,6,1994,1,16,4,2,4
2017110236014,1,9,0,9,0,1,0,0,0,0,1,1,5,1,22,5,999,1,5,-1,-1,-1
2017110236014,2,9,0,18,0,1,0,0,1,2,3,1,5,2,51,8,1329,1,4,-1,-1,-1
2017110236033,1,9,0,18,0,0,0,0,0,0,1,1,6,1,30,6,1598,1,18,-1,-1,-1
2017110236033,2,9,0,18,0,0,0,0,1,0,3,1,6,1,17,4,998,1,3,-1,-1,-1
2017110236869,1,9,0,18,0,1,0,0,0,0,1,1,6,1,22,5,1149,1,7,-1,-1,-1
2017110236869,2,9,0,9,0,1,0,0,0,0,2,1,6,1,29,6,1597,2,4,-1,-1,-1
2017110236898,1,9,0,18,0,1,0,0,1,0,1,1,6,1,62,9,1598,1,7,-1,-1,-1
2017110236898,2,9,0,9,0,1,0,0,0,0,1,1,6,1,49,8,1560,2,8,-1,-1,-1
2017110236923,1,9,0,4,0,0,0,0,0,0,1,1,5,1,80,11,1598,1,13,-1,-1,-1
2017110236923,2,9,0,3,0,0,0,0,0,0,2,1,5,1,22,5,1098,1,-1,-1,-1,-1
2017110236923,3,9,0,3,0,0,0,0,0,0,2,1,5,1,38,7,1386,1,5,-1,-1,-1
2017110236999,1,9,0,17,0,0,0,0,7,4,1,1,5,2,65,9,1229,1,11,-1,-1,-1
2017110237194,1,9,0,18,0,0,0,0,0,0,1,1,5,2,29,6,1753,2,14,-1,-1,-1
2017110237194,2,9,0,4,0,0,0,0,0,0,2,1,5,1,57,9,1398,1,2,-1,-1,-1
2017110237253,1,9,0,18,0,0,0,0,0,0,3,1,6,3,30,6,-1,-1,-1,-1,-1,-1
2017110237423,1,9,0,18,0,8,0,0,0,0,1,1,1,2,29,6,1560,2,1,-1,-1,-1
2017110237423,2,9,0,18,0,8,0,0,0,0,3,1,2,1,27,6,1596,1,12,-1,-1,-1
2017110238035,1,9,0,7,0,8,0,0,0,0,1,1,6,2,28,6,1200,1,5,2,3,2
2017110238035,2,3,0,18,0,8,0,0,0,0,1,1,6,1,27,6,124,1,12,2,3,2
2017110238040,1,9,0,9,0,8,0,0,0,0,1,1,6,2,41,7,1149,1,15,-1,-1,-1
2017110238040,2,9,0,18,0,8,0,0,0,0,4,1,5,1,62,9,1995,1,11,-1,-1,-1
2017110238069,1,9,0,17,0,0,0,0,0,0,3,1,6,1,19,4,1229,1,11,-1,-1,-1
2017110238069,2,9,0,16,0,0,0,0,0,0,3,1,6,2,46,8,-1,-1,-1,-1,-1,-1
2017110238128,1,9,0,18,0,0,0,0,0,0,1,1,6,2,35,6,1399,2,9,3,2,3
2017110238128,2,9,0,3,0,0,0,0,0,0,2,1,2,1,44,7,1997,2,7,9,2,9
2017110238161,1,9,0,9,0,8,0,0,0,0,3,1,2,1,18,4,1198,1,11,-1,-1,-1
2017110238161,2,9,0,18,0,8,0,0,0,0,1,1,2,2,35,6,1798,1,2,-1,-1,-1
2017110238183,1,97,0,13,0,0,0,0,0,0,3,1,5,1,24,5,-1,-1,-1,6,1,6
2017110238183,2,9,0,9,0,0,0,0,0,0,4,1,5,2,28,6,1149,1,4,-1,-1,-1
2017110238190,1,5,0,13,0,0,0,0,0,0,1,1,6,1,59,9,645,1,7,-1,-1,-1
2017110238190,2,21,0,18,0,0,0,0,0,0,1,1,1,1,43,7,10837,2,2,-1,-1,-1
2017110238223,1,9,0,17,0,0,0,0,0,0,1,1,5,1,31,6,1753,2,9,-1,-1,-1
2017110238223,2,9,0,3,0,0,0,0,0,0,2,1,5,1,29,6,1296,1,10,-1,-1,-1
2017110238223,3,9,0,3,0,0,0,0,0,0,2,1,5,1,51,8,1598,2,3,7,2,7
2017110238243,1,9,0,18,0,1,0,0,0,0,1,1,2,2,26,6,1200,1,-1,-1,-1,-1
2017110238243,2,9,0,10,0,1,0,0,0,0,2,1,1,2,39,7,1390,1,14,-1,-1,-1
2017110238704,1,1,0,18,0,8,0,0,0,0,1,1,4,1,12,3,-1,-1,-1,-1,-1,-1
2017110238704,2,9,0,5,0,8,0,0,0,0,4,1,2,2,62,9,1198,1,-1,-1,-1,-1
2017110238730,1,9,0,17,0,0,1,6,0,0,3,1,4,1,18,4,1560,2,11,-1,-1,-1
2017110239048,1,9,0,18,0,0,0,0,0,0,1,1,6,1,27,6,1969,2,1,-1,-1,-1
2017110239048,2,9,0,4,0,0,0,0,0,0,2,1,6,2,28,6,1240,1,13,-1,-1,-1
2017110239485,1,9,0,15,0,1,0,7,0,0,1,1,6,1,56,9,1598,1,3,-1,-1,-1
2017110239485,2,9,0,12,0,1,0,0,0,0,3,1,1,1,43,7,2198,2,3,-1,-1,-1
2017110239587,1,9,0,18,0,0,0,8,0,0,1,1,5,1,85,11,1968,2,1,-1,-1,-1
2017110239587,2,9,0,2,0,0,0,0,0,0,4,1,5,2,30,6,1598,2,1,-1,-1,-1
2017110239616,1,9,0,16,0,0,1,0,7,0,1,1,6,1,19,4,1124,1,14,2,1,2
2017110239616,2,9,0,17,0,0,0,0,0,0,1,1,6,1,74,10,2495,2,13,-1,-1,-1
2017110239629,1,9,1,18,0,1,0,0,0,0,4,1,1,1,33,6,-1,-1,-1,-1,-1,-1
2017110239629,2,22,0,5,0,1,0,0,0,0,1,1,6,1,60,9,-1,-1,-1,-1,-1,-1
2017110239656,1,11,0,5,0,0,0,0,0,0,0,1,1,1,61,9,-1,-1,-1,3,1,3
2017110239683,1,9,0,18,0,1,0,0,0,0,1,1,2,1,25,5,1242,1,13,1,1,1
2017110239721,1,9,0,3,0,1,0,0,0,0,1,1,2,1,55,8,2494,8,2,3,1,3