Accident_Index,Vehicle_Reference,Vehicle_Type,Towing_and_Articulation,Vehicle_Manoeuvre,Vehicle_Location-Restricted_Lane,Junction_Location,Skidding_and_Overturning,Hit_Object_in_Carriageway,Vehicle_Leaving_Carriageway,Hit_Object_off_Carriageway,1st_Point_of_Impact,Was_Vehicle_Left_Hand_Drive?,Journey_Purpose_of_Driver,Sex_of_Driver,Age_of_Driver,Age_Band_of_Driver,Engine_Capacity_(CC),Propulsion_Code,Age_of_Vehicle,Driver_IMD_Decile,Driver_Home_Area_Type,Vehicle_IMD_Decile
2017110239721,2,9,0,3,0,1,0,0,0,0,2,1,2,2,56,9,1560,2,4,5,3,5
2017110240426,1,9,0,18,0,1,0,0,0,0,3,1,5,1,27,6,1149,1,10,-1,-1,-1
2017110240500,1,9,0,5,0,4,0,0,0,0,0,1,6,3,30,6,1560,2,7,-1,-1,-1
2017110240500,2,9,0,18,0,8,0,0,0,0,3,1,5,1,22,5,1968,2,4,-1,-1,-1
2017110240500,3,9,0,18,0,8,0,0,0,0,4,1,5,1,26,6,1999,1,10,-1,-1,-1
2017110240891,1,9,0,18,0,1,0,0,0,0,1,1,6,3,30,6,-1,-1,-1,-1,-1,-1
2017110240891,2,9,0,9,0,5,0,0,0,0,4,1,6,1,69,10,1364,1,11,-1,-1,-1
2017110240961,1,9,0,10,0,1,0,0,0,0,4,1,6,2,81,11,1598,1,7,-1,-1,-1
2017110240961,2,1,0,18,0,1,0,0,0,0,1,1,6,1,58,9,-1,-1,-1,-1,-1,-1
2017110241096,1,19,0,18,0,0,0,0,0,0,1,1,6,1,34,6,1560,2,3,2,1,2
2017110241096,2,9,0,18,0,0,0,0,0,0,2,1,1,1,29,6,1296,1,10,-1,-1,-1
2017110241133,1,9,0,18,0,0,2,0,0,0,1,1,6,2,17,4,1290,1,33,-1,-1,-1
2017110241133,2,9,0,3,0,0,0,0,0,0,2,1,5,1,63,9,1560,2,2,-1,-1,-1
2017110241133,3,9,0,18,0,0,0,0,0,0,3,1,2,1,37,7,-1,-1,-1,-1,-1,-1
2017110241301,1,3,0,18,0,0,1,0,0,0,1,1,6,1,20,4,124,1,14,-1,-1,-1
2017110241301,2,9,0,4,0,0,0,0,0,0,2,1,6,1,41,7,-1,-1,-1,-1,-1,-1
2017110241401,1,9,0,18,0,8,0,0,0,0,1,1,5,1,33,6,1796,1,13,-1,-1,-1
2017110241401,2,9,0,18,0,8,0,0,0,0,3,1,5,2,31,6,1995,2,11,-1,-1,-1
2017110241498,1,9,0,18,0,1,0,0,0,0,1,1,6,2,87,11,1198,1,14,-1,-1,-1
2017110241498,2,9,0,2,0,1,0,0,0,0,4,1,6,1,40,7,2179,2,7,-1,-1,-1
2017110241605,1,9,0,9,0,0,0,0,0,0,1,1,5,2,29,6,2521,1,9,-1,-1,-1
2017110241605,2,9,0,18,9,0,0,0,1,2,3,1,5,1,68,10,1560,2,13,-1,-1,-1
2017110241605,3,9,0,3,0,0,0,0,0,0,1,1,5,1,51,8,1995,2,3,-1,-1,-1
2017110241719,1,9,0,18,0,1,0,0,0,0,1,1,6,1,27,6,2993,2,13,1,1,1
2017110241794,1,9,0,17,0,8,5,10,7,0,4,1,6,1,30,6,1596,1,9,2,1,2
2017110241805,1,21,4,18,0,0,5,0,1,11,1,1,1,1,59,9,12902,2,2,-1,-1,-1
2017110241839,1,9,0,9,0,8,0,0,0,0,3,1,6,1,75,10,1560,2,5,3,1,3
2017110241839,2,1,0,18,0,1,0,0,0,0,1,1,6,1,51,8,-1,-1,-1,1,1,1
2017110241847,1,9,0,1,0,0,0,0,3,11,1,1,6,1,90,11,1796,1,9,-1,-1,-1
2017110241904,1,9,0,18,0,0,0,0,0,0,1,1,6,2,31,6,1400,1,11,2,1,2
2017110241904,2,9,0,4,0,0,0,0,0,0,2,1,6,1,37,7,1598,1,5,8,1,8
2017110241918,1,9,0,9,0,1,0,0,0,0,0,1,6,3,30,6,-1,-1,-1,-1,-1,-1
2017110241918,2,11,0,18,0,1,0,0,0,0,0,1,5,1,53,8,-1,2,17,-1,-1,-1
2017110241947,1,9,0,18,0,0,5,10,2,0,1,1,1,1,36,7,-1,-1,-1,1,1,1
2017110241983,1,9,0,9,0,1,0,0,0,0,1,1,5,2,40,7,1560,2,6,5,1,5
2017110241983,2,9,0,18,0,1,0,0,0,0,1,1,5,1,52,8,1840,1,22,-1,-1,-1
2017110242043,1,9,0,18,0,0,0,0,2,0,1,1,5,1,38,7,1598,2,1,6,1,6
2017110242202,1,9,0,18,0,0,0,0,0,0,1,1,5,1,22,5,1596,1,17,-1,-1,-1
2017110242261,1,9,0,12,0,0,0,0,0,0,1,1,2,1,61,9,1910,2,9,-1,-1,-1
2017110242261,2,9,0,4,0,0,0,0,0,0,2,1,2,1,30,6,1461,2,3,-1,-1,-1
2017110242286,1,9,0,5,0,1,0,0,0,0,1,1,6,1,85,11,1318,1,-1,-1,-1,-1
2017110242286,2,9,0,18,0,8,0,0,0,0,3,1,5,2,33,6,1796,1,10,-1,-1,-1
2017110242307,1,19,0,18,0,3,0,0,0,0,1,1,1,1,-1,-1,2198,2,3,-1,-1,-1
2017110242307,2,9,0,18,0,3,0,0,0,0,2,1,5,2,34,6,1999,2,2,-1,-1,-1
2017110242396,1,9,0,18,0,4,0,0,0,0,3,1,6,3,-1,-1,-1,-1,-1,-1,-1,-1
2017110242396,2,9,0,18,0,4,0,0,0,0,4,1,6,2,62,9,1596,1,2,-1,-1,-1
2017110242468,1,9,0,18,0,1,0,0,0,0,1,1,5,1,67,10,1389,1,16,-1,-1,-1
2017110242468,2,9,0,10,0,1,0,0,0,0,2,1,5,2,33,6,1360,1,5,-1,-1,-1
2017110242468,3,9,0,18,0,1,0,0,0,0,1,1,1,1,63,9,1956,2,5,-1,-1,-1
2017110242638,1,9,0,4,0,0,0,0,0,0,1,1,6,3,-1,-1,-1,-1,-1,-1,-1,-1
2017110242638,2,9,0,3,0,0,0,0,0,0,2,1,6,2,25,5,1398,2,11,-1,-1,-1
2017110242638,3,9,0,3,0,0,0,0,0,0,2,1,6,1,77,11,998,1,16,-1,-1,-1
2017110242738,1,9,0,9,0,8,0,0,0,0,1,1,6,3,-1,-1,1598,1,11,-1,-1,-1
2017110242738,2,21,0,18,0,8,0,0,0,0,4,1,1,1,39,7,4462,2,4,-1,-1,-1
2017110242788,1,9,0,16,0,0,1,0,0,0,4,1,2,1,21,5,-1,-1,-1,-1,-1,-1
2017110242810,1,9,0,18,0,0,0,0,0,0,1,1,6,3,30,6,-1,-1,-1,-1,-1,-1
2017110242836,1,9,0,18,0,8,0,0,0,0,1,1,1,1,30,6,-1,-1,-1,-1,-1,-1
2017110242836,2,9,0,18,0,8,0,0,0,0,2,1,2,1,48,8,-1,-1,-1,-1,-1,-1
2017110242879,1,98,0,4,0,0,0,0,0,0,2,1,1,1,-1,-1,-1,-1,-1,-1,-1,-1
2017110242879,2,9,0,3,0,0,0,0,0,0,0,1,6,2,23,5,1198,1,6,-1,-1,-1
2017110244949,1,9,0,18,0,1,0,0,0,0,2,1,6,2,55,8,2967,2,1,-1,-1,-1
2017110244949,2,98,0,18,0,1,1,0,1,0,1,1,1,1,52,8,-1,-1,-1,-1,-1,-1
2017110245027,1,97,0,13,0,0,0,0,1,3,3,1,5,1,60,9,-1,-1,-1,-1,-1,-1
2017110245027,2,9,0,18,0,0,0,0,0,0,4,1,5,1,46,8,1560,2,4,-1,-1,-1
2017110245027,3,9,0,13,0,0,0,0,0,0,0,1,5,1,33,6,2993,2,3,-1,-1,-1
2017110245088,1,9,0,15,0,0,0,0,0,0,3,1,6,1,68,10,2793,1,22,-1,-1,-1
2017110245088,2,9,0,18,0,0,0,0,0,0,4,1,1,1,26,6,1968,2,8,-1,-1,-1
2017110245286,1,9,0,18,0,8,1,0,0,0,3,1,5,1,31,6,1997,2,12,3,2,3
2017110245286,2,9,0,18,0,8,1,0,7,11,1,1,2,2,35,6,1600,1,17,4,1,4
2017110245825,1,11,0,18,0,2,0,0,0,0,1,1,1,1,49,8,4500,2,7,2,1,2
2017110245825,2,9,0,2,6,2,0,0,0,0,2,1,6,2,34,6,1598,1,12,3,2,3
2017110245885,1,9,0,18,0,0,1,0,0,0,1,1,5,3,-1,-1,1994,1,14,-1,-1,-1
2017110245885,2,9,0,18,0,0,1,0,1,11,2,1,6,1,18,4,1229,1,12,-1,-1,-1
2017110246319,1,9,0,17,0,2,1,0,0,0,3,1,5,2,21,5,1398,1,3,-1,-1,-1
2017110246319,2,9,0,16,0,1,0,0,0,0,3,1,5,1,86,11,1242,1,3,-1,-1,-1
2017110246319,3,9,0,2,0,1,0,0,0,0,4,1,5,1,40,7,-1,-1,-1,-1,-1,-1
2017110246379,1,9,0,16,0,8,5,0,7,10,1,1,2,2,18,4,1242,1,9,-1,-1,-1
2017110246384,1,9,0,18,0,8,0,0,0,0,1,1,5,2,32,6,1686,2,7,-1,-1,-1
2017110246384,2,9,0,4,0,1,0,0,0,0,2,1,5,2,44,7,1396,1,6,-1,-1,-1
2017110246384,3,9,0,4,0,1,0,0,0,0,2,1,5,2,19,4,1248,1,2,-1,-1,-1
2017110246463,1,19,0,9,0,8,0,0,0,0,3,1,1,1,35,6,2198,2,1,-1,-1,-1
2017110246463,2,9,0,18,0,8,5,7,1,7,4,1,5,2,32,6,1997,2,16,-1,-1,-1
2017110246465,1,9,0,18,0,8,0,0,0,0,3,1,6,2,74,10,1124,1,10,7,3,7
2017110246465,2,1,0,18,0,8,0,0,0,0,1,1,6,1,-1,-1,-1,-1,-1,-1,-1,-1
2017110246498,1,19,-1,18,0,1,0,0,0,0,1,1,6,1,26,6,2402,2,10,-1,-1,-1
2017110246498,2,9,-1,10,0,1,0,0,0,0,2,1,6,2,39,7,1362,1,2,-1,-1,-1
2017110246633,1,9,0,9,0,8,1,0,0,0,3,1,5,1,34,6,2470,2,24,-1,-1,-1
2017110246633,2,97,0,13,0,8,1,0,3,1,1,1,5,1,46,8,-1,-1,-1,-1,-1,-1
2017110246728,1,3,0,18,9,2,0,0,0,0,1,1,6,3,-1,-1,-1,-1,-1,-1,-1,-1
2017110246728,2,19,0,4,0,1,0,0,0,0,0,1,1,2,30,6,1995,2,8,9,1,9
2017110246737,1,9,0,9,0,8,0,0,0,0,4,1,6,1,38,7,1956,2,1,-1,-1,-1
2017110246737,2,9,0,18,0,8,0,0,0,0,1,1,6,2,57,9,1398,1,3,-1,-1,-1
2017110246808,1,11,0,2,0,0,0,0,0,0,0,1,1,1,50,8,-1,-1,-1,-1,-1,-1
2017110246856,1,9,0,18,0,0,0,0,0,0,2,1,6,1,78,11,1968,2,9,7,2,7
2017110246856,2,9,0,3,0,0,0,0,0,0,2,1,5,1,34,6,2199,2,2,-1,-1,-1
2017110246856,3,10,0,3,0,0,0,0,0,0,0,1,6,1,-1,-1,-1,-1,-1,-1,-1,-1
2017110246967,1,9,0,18,0,0,0,0,0,0,1,1,6,1,38,7,1398,1,-1,-1,-1,-1
2017110246967,2,9,0,2,0,0,0,0,0,0,2,1,1,2,17,4,1364,1,3,-1,-1,-1
2017110246970,1,9,0,18,0,0,0,0,0,0,1,1,5,1,19,4,-1,-1,-1,-1,-1,-1
2017110246970,2,9,0,2,0,0,0,0,1,0,2,1,5,2,30,6,1968,2,9,-1,-1,-1
2017110247078,1,9,0,18,0,0,0,7,0,0,1,1,6,1,30,6,1149,1,13,-1,-1,-1
2017110247148,1,9,0,18,0,1,0,0,0,0,1,1,6,1,70,10,1870,2,11,-1,-1,-1
2017110247148,2,9,0,3,0,1,0,0,0,0,2,1,2,2,48,8,2148,2,8,-1,-1,-1
2017110247204,1,9,0,18,0,1,0,0,0,0,1,1,6,3,-1,-1,-1,-1,-1,-1,-1,-1
2017110247204,2,9,0,3,0,1,0,0,0,0,2,1,6,2,51,8,1560,2,7,-1,-1,-1
2017110247207,1,9,0,9,0,8,0,0,0,0,1,1,6,1,52,8,2993,2,-1,3,1,3
2017110247207,2,9,0,18,0,8,0,0,7,0,4,1,5,1,46,8,1490,1,9,-1,-1,-1
2017110247256,1,9,0,9,0,8,0,0,0,0,4,1,6,1,23,5,1242,1,4,-1,-1,-1
2017110247256,2,3,0,18,0,8,0,0,0,0,1,1,6,1,48,8,124,1,7,-1,-1,-1
2017110247257,1,9,0,18,0,1,0,0,0,0,1,1,5,1,23,5,1968,2,6,-1,-1,-1
2017110247257,2,9,0,10,0,1,0,0,0,0,2,1,5,2,45,7,1390,1,5,7,3,7
2017110247257,3,9,0,3,0,1,0,0,0,0,1,1,5,1,60,9,1991,8,1,-1,-1,-1
2017110247314,1,9,0,18,2,0,0,0,0,0,4,1,2,1,26,6,1149,1,9,-1,-1,-1
2017110247347,1,9,0,18,0,2,0,0,0,0,3,1,5,1,57,9,2993,2,2,-1,-1,-1
2017110247347,2,97,0,13,0,2,0,0,0,0,4,1,2,1,54,8,-1,-1,-1,-1,-1,-1
2017110247566,1,9,0,13,0,2,0,0,0,0,4,1,2,1,35,6,-1,3,1,-1,-1,-1
2017110247566,2,1,0,18,0,2,0,0,0,0,3,1,6,1,80,11,-1,-1,-1,-1,-1,-1
2017110247567,1,9,0,18,0,0,0,0,0,0,1,1,5,2,59,9,1364,1,10,-1,-1,-1
2017110247611,1,98,0,18,0,8,0,0,0,0,1,1,6,3,30,6,-1,-1,-1,-1,-1,-1
2017110247620,1,9,0,17,0,0,0,0,1,4,1,1,2,1,37,7,1995,2,7,-1,-1,-1
2017110247648,1,9,0,18,0,4,0,0,0,0,1,1,6,2,36,7,1242,1,5,-1,-1,-1
2017110247669,1,9,0,17,0,2,5,0,1,11,1,1,6,2,66,10,1390,1,7,-1,-1,-1
2017110247691,1,9,0,18,0,0,0,0,1,3,1,1,6,1,33,6,1229,1,9,-1,-1,-1
2017110247694,1,9,0,9,0,8,0,0,0,0,1,1,5,2,72,10,1598,2,1,-1,-1,-1
2017110247694,2,19,0,18,0,8,0,0,0,0,4,1,2,1,33,6,2148,2,12,-1,-1,-1
2017110247704,1,9,0,18,0,0,0,0,7,11,1,1,6,1,42,7,-1,-1,-1,-1,-1,-1
2017110247704,2,9,0,18,0,0,0,0,1,11,3,1,6,1,48,8,1587,1,13,-1,-1,-1
2017110247737,1,9,0,18,0,0,0,6,0,0,4,1,5,1,36,7,-1,-1,-1,-1,-1,-1
2017110247779,1,9,0,18,0,1,0,0,0,0,1,1,5,1,72,10,1997,2,9,-1,-1,-1
2017110247779,2,9,0,3,0,1,0,0,0,0,2,1,5,1,66,10,2979,1,13,-1,-1,-1
2017110247794,1,9,0,18,0,1,0,0,0,0,1,1,6,1,80,11,1598,1,7,-1,-1,-1
2017110247794,2,9,0,3,0,1,0,0,0,0,2,1,6,1,19,4,1900,2,11,-1,-1,-1
2017110247822,1,9,0,9,0,8,0,0,0,0,1,1,6,3,50,8,3199,1,16,-1,-1,-1
2017110247822,2,9,0,18,0,8,0,0,0,0,4,1,5,2,22,5,1242,1,4,-1,-1,-1
2017110247827,1,9,0,18,0,0,0,0,0,0,4,1,6,3,-1,-1,-1,-1,-1,-1,-1,-1
2017110247827,2,9,0,2,0,0,0,0,0,0,4,1,6,2,69,10,1560,2,4,4,2,4
2017110247856,1,9,0,5,0,4,0,0,0,0,1,1,5,2,31,6,1197,1,1,-1,-1,-1
2017110247856,2,19,0,5,0,4,0,0,0,0,2,1,6,1,-1,-1,1461,2,14,-1,-1,-1
2017110247888,1,19,0,13,0,8,0,0,0,0,1,1,5,1,46,8,1686,2,13,-1,-1,-1
2017110247888,2,17,4,9,0,8,5,0,7,0,3,1,1,1,62,9,-1,2,32,-1,-1,-1
2017110247979,1,19,0,18,0,0,0,0,0,0,1,1,1,2,46,8,1560,2,2,-1,-1,-1
2017110247979,2,9,0,2,0,0,0,0,0,0,2,1,5,2,62,9,1896,2,12,-1,-1,-1
2017110247979,3,9,0,18,0,0,0,0,0,0,1,1,5,2,37,7,2993,2,6,2,3,2
2017110248066,1,9,0,18,0,8,0,0,0,0,1,1,5,2,70,10,1598,2,3,-1,-1,-1
2017110248066,2,9,0,18,0,8,0,0,0,0,3,1,5,1,76,11,1248,1,7,-1,-1,-1
2017110248123,1,98,0,1,0,8,0,0,0,0,2,1,6,3,-1,-1,-1,-1,-1,-1,-1,-1
2017110248149,1,9,0,18,0,1,0,0,0,0,1,1,5,2,81,11,1198,1,4,-1,-1,-1
2017110248203,1,9,0,18,0,0,0,0,0,0,1,1,6,1,27,6,1798,1,2,-1,-1,-1
2017110248203,2,9,0,4,0,0,0,0,0,0,2,1,6,2,55,8,1390,1,3,-1,-1,-1
2017110248233,1,9,0,18,0,1,0,0,0,0,1,1,5,2,56,9,1399,2,11,-1,-1,-1
2017110248233,2,9,0,3,0,1,0,0,0,0,2,1,5,2,40,7,1598,1,9,-1,-1,-1
2017110248282,1,9,0,9,0,2,0,0,0,0,1,1,6,3,20,4,2149,2,10,-1,-1,-1
2017110248282,2,9,0,1,0,1,0,0,1,11,2,1,5,2,42,7,-1,-1,-1,-1,-1,-1
2017110248313,1,17,0,18,0,1,0,0,0,0,1,1,5,1,24,5,6728,2,6,2,3,2
2017110248313,2,9,0,10,0,1,0,0,0,0,2,1,2,2,52,8,998,1,4,-1,-1,-1
2017110248316,1,9,0,9,0,8,0,0,0,0,2,1,3,2,35,6,1591,1,-1,-1,-1,-1
2017110248316,2,1,0,18,0,8,0,0,0,0,3,1,6,1,51,8,-1,-1,-1,-1,-1,-1
2017110248353,1,9,0,9,0,8,0,0,4,0,3,1,2,2,61,9,1364,1,9,-1,-1,-1
2017110248353,2,9,0,18,0,8,0,0,4,0,1,1,2,1,53,8,1997,2,-1,-1,-1,-1
2017110248441,1,19,0,18,0,1,0,0,0,0,1,1,5,1,29,6,2300,2,11,-1,-1,-1
2017110248441,2,9,0,3,0,1,0,0,0,0,2,1,5,2,35,6,1461,2,-1,-1,-1,-1
2017110248459,1,9,0,4,0,1,1,0,0,0,1,1,6,1,24,5,1599,1,13,-1,-1,-1
2017110248459,2,9,0,3,0,1,0,0,0,0,2,1,6,2,22,5,-1,-1,-1,-1,-1,-1
2017110248459,3,9,0,10,0,1,0,0,0,0,2,1,6,2,31,6,1386,1,11,-1,-1,-1
2017110248485,1,9,0,9,0,8,0,0,0,0,1,1,5,1,65,9,1761,1,16,-1,-1,-1
2017110248485,2,1,0,18,0,8,0,0,0,0,4,1,2,1,43,7,-1,-1,-1,-1,-1,-1
2017110248520,1,19,0,9,0,8,0,0,0,0,2,1,1,1,25,5,2143,2,3,-1,-1,-1
2017110248520,2,9,0,16,0,8,0,0,0,0,1,1,5,2,26,6,1242,1,5,-1,-1,-1
2017110248538,1,9,0,9,0,8,0,0,0,0,3,1,6,2,63,9,999,1,2,-1,-1,-1
2017110248538,2,9,0,18,0,8,0,0,6,0,1,1,2,1,51,8,1124,1,15,-1,-1,-1
2017110248597,1,98,0,14,0,0,0,0,0,0,4,1,1,1,42,7,-1,-1,-1,-1,-1,-1
2017110248615,1,9,0,18,0,1,0,0,0,0,1,1,5,2,36,7,1399,2,9,-1,-1,-1
2017110248615,2,9,0,10,0,1,0,0,0,0,2,1,1,2,26,6,1968,2,7,5,2,5
2017110248654,1,9,0,9,0,2,0,0,0,0,1,1,6,3,-1,-1,-1,-1,-1,-1,-1,-1
2017110248684,1,8,0,18,0,2,0,0,0,0,3,1,1,1,39,7,1560,2,2,-1,-1,-1
2017110248788,1,9,0,5,0,0,0,0,0,0,1,1,1,1,70,10,-1,-1,-1,-1,-1,-1
2017110248795,1,9,0,18,0,8,1,0,0,0,1,1,6,1,20,4,2171,2,15,-1,-1,-1
2017110248795,2,9,0,18,0,8,1,0,0,0,3,1,5,2,56,9,2000,2,8,-1,-1,-1
2017110248795,3,9,0,18,0,1,0,0,0,0,1,1,5,2,40,7,1956,2,6,-1,-1,-1
2017110248832,1,3,0,9,0,8,0,0,0,0,1,1,5,1,34,6,125,1,3,-1,-1,-1
2017110248832,2,9,0,9,0,8,0,0,0,0,2,1,1,2,47,8,2179,2,9,-1,-1,-1
2017110248867,1,9,0,9,0,8,0,0,0,0,4,1,2,2,69,10,1240,1,11,-1,-1,-1
2017110248867,2,9,0,18,0,8,0,0,0,0,1,1,2,2,26,6,2996,1,5,-1,-1,-1
2017110248869,1,19,0,16,0,0,0,0,1,4,3,1,5,1,36,7,1560,2,5,-1,-1,-1
2017110248893,1,9,0,16,0,0,1,0,0,0,1,1,6,2,27,6,1360,1,14,-1,-1,-1
2017110248893,2,9,0,18,0,0,0,0,0,0,1,1,2,2,46,8,2143,2,1,-1,-1,-1
2017110248946,1,9,0,9,0,8,0,0,0,0,3,1,6,1,38,7,1339,1,6,-1,-1,-1
2017110248946,2,19,0,7,0,8,0,0,0,0,3,1,6,1,22,5,1560,2,2,-1,-1,-1
2017110249110,1,11,0,18,0,2,0,0,0,0,3,1,1,1,55,8,4250,2,2,4,2,4
2017110249120,1,9,0,5,0,8,0,0,0,0,1,1,2,2,23,5,1198,1,12,-1,-1,-1
2017110249120,2,9,0,18,0,8,0,0,0,0,4,1,3,1,36,7,1968,2,11,-1,-1,-1
2017110249152,1,9,0,18,0,1,0,0,0,0,1,1,1,1,42,7,1900,2,12,-1,-1,-1
2017110249152,2,9,0,3,0,1,0,0,0,0,2,1,1,2,23,5,999,1,1,-1,-1,-1
2017110249176,1,9,0,9,0,8,0,0,0,0,1,1,5,1,72,10,1685,2,5,-1,-1,-1
2017110249176,2,9,0,18,0,8,0,0,7,0,3,1,5,1,32,6,1910,2,9,-1,-1,-1
2017110249195,1,9,0,18,0,4,0,0,0,0,1,1,5,1,51,8,2143,2,-1,-1,-1,-1
2017110249195,2,9,0,3,0,4,0,0,0,0,2,1,2,2,46,8,1997,2,3,-1,-1,-1
2017110249232,1,11,0,18,0,8,0,0,0,0,0,1,1,1,56,9,4760,2,5,-1,-1,-1
2017110249232,2,9,0,9,0,8,0,0,0,0,0,1,6,3,-1,-1,-1,-1,-1,-1,-1,-1
2017110249300,1,3,0,16,0,1,1,0,1,0,4,1,2,1,39,7,124,1,11,-1,-1,-1
2017110249328,1,8,0,9,0,1,0,0,0,0,1,1,6,3,-1,-1,-1,-1,-1,-1,-1,-1
2017110249328,2,1,0,18,5,1,0,0,0,0,4,1,2,1,23,5,-1,-1,-1,-1,-1,-1
2017110250413,1,9,0,18,0,1,0,0,0,0,1,1,5,1,77,11,998,1,11,-1,-1,-1
2017110250413,2,9,0,10,0,1,0,0,0,0,2,1,5,1,32,6,1598,2,4,-1,-1,-1
2017110250584,1,-1,0,18,0,0,0,0,0,0,4,1,6,2,25,5,-1,-1,-1,-1,-1,-1
2017110250584,2,9,0,2,6,0,0,0,0,0,3,1,5,2,41,7,1997,2,-1,-1,-1,-1
2017110251524,1,9,0,18,0,0,0,0,0,0,1,1,6,1,-1,-1,-1,-1,-1,-1,-1,-1
2017110251524,2,9,0,18,0,0,0,0,0,0,2,1,6,2,32,6,1490,1,12,-1,-1,-1
2017110251628,1,9,0,15,0,0,0,0,0,0,1,1,5,3,-1,-1,1199,1,14,-1,-1,-1
2017110251628,2,19,0,2,9,0,0,0,0,0,2,1,1,3,-1,-1,2148,2,13,-1,-1,-1
2017110251628,3,9,0,15,0,0,0,0,0,0,0,1,6,1,37,7,-1,-1,-1,-1,-1,-1
2017110251747,1,9,0,13,0,0,0,0,0,0,4,1,6,3,-1,-1,1560,2,8,-1,-1,-1
2017110251747,2,9,0,18,0,0,0,0,0,0,0,1,1,1,47,8,1560,2,1,-1,-1,-1
2017110251747,3,9,0,18,0,0,0,0,0,0,3,1,6,1,73,10,1398,2,14,-1,-1,-1
2017110251747,4,9,0,18,0,0,0,0,0,0,3,1,6,1,20,4,1461,2,9,-1,-1,-1
2017110252185,1,9,0,5,0,2,0,0,0,0,1,1,6,1,61,9,-1,-1,-1,-1,-1,-1
2017110252185,2,9,0,2,0,2,0,0,0,0,2,1,5,1,26,6,-1,-1,-1,-1,-1,-1
2017110252203,1,9,0,18,0,0,1,0,0,0,1,1,2,2,51,8,1956,2,5,-1,-1,-1
2017110252232,1,98,5,18,0,0,0,0,0,0,4,1,6,3,-1,-1,-1,-1,-1,-1,-1,-1
2017110252251,1,9,0,18,0,0,0,0,0,0,1,1,5,1,25,5,2998,1,-1,-1,-1,-1
2017110252380,1,9,0,18,0,0,0,0,0,0,1,1,6,2,62,9,1198,1,13,-1,-1,-1
2017110252380,2,9,0,18,0,0,0,0,0,0,2,1,6,1,51,8,1968,2,2,-1,-1,-1
2017110252380,3,9,0,18,0,0,0,0,0,0,1,1,6,2,46,8,1591,1,1,-1,-1,-1
2017110252438,1,11,0,18,0,0,0,0,0,0,4,1,1,1,57,9,6700,2,5,3,2,3
2017110252480,1,9,0,2,0,3,0,0,0,0,3,1,5,1,73,10,1364,1,1,1,1,1
2017110252480,2,1,0,18,0,3,0,0,0,0,4,1,1,1,35,6,-1,-1,-1,-1,-1,-1
2017110252521,1,9,0,18,0,0,0,0,0,0,1,1,1,3,-1,-1,-1,-1,-1,-1,-1,-1
2017110252521,2,9,0,18,0,0,0,0,0,0,3,1,1,1,50,8,1360,1,13,-1,-1,-1
2017110252648,1,3,0,18,0,1,0,0,0,0,1,1,6,1,24,5,-1,-1,-1,-1,-1,-1
2017110252648,2,9,0,10,0,1,0,0,0,0,2,1,6,1,47,8,1560,2,4,-1,-1,-1
2017110253138,1,9,0,9,0,8,0,0,0,0,1,1,6,1,19,4,1995,2,10,-1,-1,-1
2017110253169,1,2,0,4,0,0,5,0,0,0,0,1,6,1,21,5,49,1,10,-1,-1,-1
2017110253292,1,9,0,7,0,8,0,0,0,0,1,1,1,2,53,8,1390,1,15,-1,-1,-1
2017110253325,1,9,0,14,0,0,0,0,1,9,4,1,5,1,56,9,2268,2,3,-1,-1,-1
2017110253325,2,9,0,18,0,0,0,0,0,0,3,1,5,1,52,8,1796,1,6,-1,-1,-1
2017110253467,1,9,0,18,0,0,2,0,2,10,1,1,5,2,22,5,1242,1,6,-1,-1,-1
2017110253500,1,5,0,13,0,0,0,0,0,0,1,1,2,2,31,6,656,1,8,-1,-1,-1
2017110253500,2,9,0,6,0,0,0,0,0,0,3,1,3,1,32,6,1598,1,4,-1,-1,-1
2017110253554,1,9,0,18,0,0,1,2,0,0,1,1,6,1,50,8,1240,1,14,-1,-1,-1
2017110253554,2,19,0,18,0,0,0,0,0,0,3,1,5,1,59,9,2499,2,1,5,3,5
2017110253612,1,9,0,18,0,1,1,0,0,0,1,1,1,1,22,5,998,1,5,-1,-1,-1
2017110253612,2,9,0,8,0,1,0,0,0,0,2,1,1,1,32,6,1461,2,7,-1,-1,-1
2017110253656,1,9,0,18,0,0,1,0,0,0,1,1,6,2,29,6,1560,2,4,-1,-1,-1
2017110253656,2,9,0,18,0,0,0,0,0,0,1,1,6,1,73,10,1968,2,13,-1,-1,-1
2017110253693,1,8,0,16,0,0,1,0,7,10,3,1,1,1,40,7,2143,2,5,-1,-1,-1
2017110253746,1,9,0,16,0,0,1,0,0,0,1,1,2,1,47,8,1870,2,13,-1,-1,-1
2017110253746,2,19,0,17,0,0,0,0,0,0,1,1,6,1,34,6,1998,2,12,-1,-1,-1
2017110254032,1,19,0,18,0,0,0,0,0,0,1,1,1,1,25,5,2287,2,-1,-1,-1,-1
2017110254032,2,19,0,4,0,0,0,0,0,0,2,1,1,1,48,8,2998,2,11,-1,-1,-1
2017110254091,1,21,1,5,0,1,0,0,0,0,1,1,1,2,44,7,12740,2,-1,-1,-1,-1
2017110254091,2,9,0,3,0,1,0,0,0,0,2,1,2,2,52,8,1386,1,9,-1,-1,-1
2017110254330,1,9,0,1,9,8,0,0,1,0,4,1,5,2,48,8,1586,1,-1,-1,-1,-1
2017110255127,1,11,0,18,0,0,0,0,0,0,4,1,1,3,-1,-1,-1,-1,-1,-1,-1,-1