Accident_Index,Vehicle_Reference,Vehicle_Type,Towing_and_Articulation,Vehicle_Manoeuvre,Vehicle_Location-Restricted_Lane,Junction_Location,Skidding_and_Overturning,Hit_Object_in_Carriageway,Vehicle_Leaving_Carriageway,Hit_Object_off_Carriageway,1st_Point_of_Impact,Was_Vehicle_Left_Hand_Drive?,Journey_Purpose_of_Driver,Sex_of_Driver,Age_of_Driver,Age_Band_of_Driver,Engine_Capacity_(CC),Propulsion_Code,Age_of_Vehicle,Driver_IMD_Decile,Driver_Home_Area_Type,Vehicle_IMD_Decile
2017120005789,2,19,0,18,0,1,0,0,0,0,1,1,1,1,36,7,-1,-1,-1,-1,-1,-1
2017120005871,1,3,0,17,0,0,0,0,0,0,1,1,6,1,18,4,124,1,4,7,3,7
2017120005871,2,9,0,16,0,0,0,0,0,0,1,1,6,2,52,8,1386,1,10,6,1,6
2017120005879,1,9,0,18,0,1,0,0,0,0,4,1,6,3,64,9,1395,1,2,8,2,8
2017120005940,1,9,0,18,0,0,5,0,7,11,1,1,1,1,55,8,1364,2,4,10,1,10
2017120006259,1,9,0,9,0,8,0,0,0,0,1,1,2,2,18,4,1388,1,14,7,3,7
2017120006259,2,11,0,18,0,8,0,0,0,0,1,1,3,1,62,9,9600,2,22,9,2,9
2017120006472,1,9,0,9,0,5,0,0,0,0,1,1,2,2,49,8,1390,1,13,7,3,7
2017120006472,2,9,0,18,0,1,0,0,0,0,3,1,2,2,19,4,1560,2,-1,8,3,8
2017120006472,3,9,0,2,0,8,0,0,0,0,1,1,6,3,-1,-1,998,1,1,-1,-1,-1
2017120006484,1,20,0,18,0,0,2,0,2,6,4,1,1,1,31,6,-1,-1,-1,1,1,1
2017120006507,1,9,0,4,0,0,0,0,0,0,2,1,6,1,81,11,2993,2,11,7,3,7
2017120006507,2,9,0,18,0,0,0,0,0,0,1,1,6,1,20,4,1229,1,2,6,1,6
2017120006589,1,9,0,10,0,1,0,0,0,0,2,1,6,2,56,9,1587,1,11,2,1,2
2017120006589,2,9,0,18,0,1,0,0,0,0,1,1,6,1,22,5,1149,1,12,8,3,8
2017120006610,1,9,0,16,0,0,0,0,8,11,1,1,6,1,88,11,2204,2,11,6,3,6
2017120006623,1,9,0,18,0,3,0,0,0,0,1,1,2,1,43,7,1956,2,4,9,3,9
2017120006623,2,9,0,4,0,3,0,0,0,0,2,1,6,1,33,6,1686,2,11,1,1,1
2017120006623,3,9,0,4,0,3,0,0,0,0,2,1,2,1,25,5,1598,2,2,5,1,5
2017120006633,1,9,0,3,0,1,0,0,0,0,1,1,2,1,29,6,1248,2,3,9,1,9
2017120006633,2,9,0,3,0,1,0,0,0,0,2,1,6,1,21,5,1242,1,7,-1,-1,-1
2017120006633,3,9,0,3,0,1,0,0,0,0,2,1,6,1,27,6,2967,2,2,-1,-1,-1
2017120006761,1,9,0,18,0,0,0,0,0,0,4,1,6,3,-1,-1,-1,-1,-1,-1,-1,-1
2017120006761,2,1,0,18,0,0,0,0,1,0,3,1,6,1,26,6,-1,-1,-1,-1,-1,-1
2017120006881,1,9,0,18,0,0,2,0,0,0,1,1,6,1,58,9,-1,-1,-1,5,3,5
2017120006881,2,19,0,18,0,0,2,0,1,0,1,1,6,1,35,6,-1,-1,-1,9,3,9
2017120006941,1,9,0,16,0,8,1,0,1,1,1,1,3,2,37,7,1461,2,7,10,3,10
2017120006941,2,20,1,18,0,8,0,0,0,0,1,1,1,1,47,8,9365,2,8,-1,-1,-1
2017120006945,1,9,0,18,0,0,2,0,7,11,1,1,6,1,52,8,1560,2,1,6,3,6
2017120007047,1,19,0,9,0,5,0,0,1,9,3,1,1,1,42,7,2143,2,7,4,1,4
2017120007047,2,9,0,13,0,1,0,0,7,11,4,1,6,1,66,10,1956,2,2,6,3,6
2017120007152,1,9,0,16,0,0,0,0,0,0,4,1,2,2,41,7,1229,1,6,7,1,7
2017120007161,1,9,0,9,0,6,0,0,0,0,1,1,6,1,18,4,1229,1,10,6,3,6
2017120007161,2,9,0,18,0,1,0,0,7,0,4,1,2,2,35,6,1242,1,1,6,3,6
2017120007536,1,9,0,5,0,1,0,0,0,0,1,1,6,1,38,7,2179,2,3,10,1,10
2017120007536,2,9,0,5,0,1,0,0,0,0,2,1,6,2,26,6,998,1,10,7,3,7
2017120007572,1,9,0,9,0,6,0,0,0,0,3,1,6,2,29,6,1242,1,10,10,2,10
2017120007572,2,19,0,17,0,1,0,0,0,0,1,1,1,1,23,5,1248,2,9,-1,-1,-1
2017120007717,1,9,0,3,0,8,0,0,0,0,2,1,1,2,30,6,1248,2,5,3,1,3
2017120007717,2,9,0,18,0,8,0,0,0,0,1,1,6,3,-1,-1,1997,1,17,5,1,5
2017120007783,1,2,0,18,0,0,0,0,0,0,3,1,6,1,16,4,50,1,4,4,1,4
2017120007783,2,19,0,6,0,0,0,0,0,0,0,1,6,3,-1,-1,-1,-1,-1,-1,-1,-1
2017120007836,1,9,0,18,0,1,0,0,0,0,1,1,6,1,22,5,1968,2,6,1,1,1
2017120007836,2,9,0,10,0,1,0,0,0,0,2,1,6,1,71,10,1499,1,1,1,1,1
2017120008502,1,9,0,16,0,0,0,0,7,4,1,1,6,1,37,7,1994,1,16,7,3,7
2017120008624,1,1,0,18,0,0,0,0,0,0,0,1,6,3,-1,-1,-1,-1,-1,-1,-1,-1
2017120008624,2,9,0,18,0,0,0,0,0,0,2,1,6,1,75,10,1587,1,7,1,1,1
2017120008624,3,9,0,18,0,0,0,0,0,0,1,1,6,2,30,6,1461,2,2,6,2,6
2017120008624,4,19,0,18,0,0,0,0,0,0,1,1,6,1,51,8,-1,-1,-1,9,3,9
2017120008755,1,21,0,18,0,0,0,0,0,0,1,1,1,1,39,7,7201,2,11,3,1,3
2017120008755,2,10,0,18,0,0,0,0,0,0,1,1,1,1,61,9,2402,2,8,9,2,9
2017120008837,1,9,0,16,0,0,0,0,1,9,1,1,6,1,25,5,1796,1,15,5,1,5
2017120008929,1,1,0,18,0,8,0,0,0,0,4,1,6,1,43,7,-1,-1,-1,10,1,10
2017120008929,2,9,0,18,0,8,0,0,0,0,1,1,6,1,21,5,1248,2,7,8,1,8
2017120009121,1,9,0,5,0,1,0,0,0,0,1,1,6,2,35,6,1598,1,13,1,1,1
2017120009694,1,9,0,18,0,8,0,0,0,0,1,1,2,3,63,9,1984,2,4,9,3,9
2017120009694,2,10,0,18,0,8,0,0,0,0,4,1,2,1,51,8,-1,-1,-1,3,1,3
2017120009706,1,9,0,18,0,0,0,11,0,0,1,1,1,1,36,7,-1,-1,-1,-1,-1,-1
2017120009706,2,9,0,18,0,0,0,0,0,0,2,1,6,2,53,8,-1,-1,-1,-1,-1,-1
2017120009725,1,9,0,18,0,0,0,0,0,0,1,1,6,1,50,8,-1,-1,-1,-1,-1,-1
2017120009725,2,9,0,3,0,0,0,0,0,0,2,1,6,2,29,6,-1,-1,-1,-1,-1,-1
2017120009739,1,9,0,18,0,0,0,0,0,0,1,1,1,1,36,7,-1,-1,-1,-1,-1,-1
2017120009739,2,9,0,18,0,0,0,0,0,0,2,1,2,2,30,6,-1,-1,-1,-1,-1,-1
2017120009776,1,9,0,16,0,5,2,10,6,1,1,1,6,2,41,7,-1,-1,-1,-1,-1,-1
2017120009871,1,8,0,9,0,6,0,0,0,0,1,1,1,1,59,9,1997,2,10,6,1,6
2017120009999,1,9,0,7,0,6,0,0,0,0,1,1,2,2,59,9,1995,2,4,6,3,6
2017120009999,2,9,0,18,0,1,0,0,0,0,1,1,6,2,82,11,998,1,3,6,3,6
2017120010115,1,3,0,13,0,0,0,0,0,0,1,1,6,1,20,4,125,1,1,7,3,7
2017120010115,2,9,0,18,0,0,0,0,0,0,2,1,1,3,32,6,1781,1,16,3,1,3
2017120010122,1,1,0,18,0,3,0,0,0,0,2,1,6,2,67,10,-1,-1,-1,8,1,8
2017120010122,2,9,0,18,0,3,0,0,0,0,1,1,6,1,-1,-1,-1,-1,-1,-1,-1,-1
2017120010399,1,21,0,9,0,8,0,0,0,0,4,1,1,1,55,8,-1,-1,-1,-1,-1,-1
2017120010399,2,1,0,18,0,8,0,0,0,0,1,1,2,1,27,6,-1,-1,-1,-1,-1,-1
2017120010412,1,1,0,18,0,8,0,0,0,0,3,1,6,1,13,3,-1,-1,-1,-1,-1,-1
2017120010412,2,9,0,2,0,8,0,0,0,0,3,1,6,1,27,6,-1,-1,-1,-1,-1,-1
2017120010420,1,5,0,18,0,0,0,0,0,0,0,1,6,2,32,6,-1,-1,-1,-1,-1,-1
2017120010431,1,9,0,12,0,8,0,0,4,6,2,1,6,1,18,4,-1,-1,-1,-1,-1,-1
2017120010431,2,9,0,18,0,8,0,0,0,0,1,1,6,1,24,5,-1,-1,-1,-1,-1,-1
2017120010483,1,9,0,18,0,4,0,0,0,0,4,1,6,3,74,10,1560,2,5,3,1,3
2017120010483,2,9,0,9,0,4,0,0,0,0,0,1,6,3,-1,-1,-1,-1,-1,-1,-1,-1
2017120010485,1,2,0,18,0,2,0,0,0,0,3,1,6,2,26,6,49,1,16,3,1,3
2017120010485,2,1,0,18,0,2,0,0,0,0,1,1,6,1,-1,-1,-1,-1,-1,-1,-1,-1
2017120010485,3,1,0,18,0,2,0,0,0,0,1,1,6,1,-1,-1,-1,-1,-1,-1,-1,-1
2017120010558,1,90,0,17,0,0,0,0,0,0,1,1,6,1,14,3,-1,-1,-1,3,1,3
2017120010558,2,90,0,17,0,0,0,0,0,0,2,1,6,1,18,4,-1,-1,-1,6,1,6
2017120010701,1,9,0,18,0,8,0,0,0,0,1,1,6,2,82,11,1339,1,2,9,1,9
2017120010701,2,1,0,18,0,8,0,0,0,0,2,1,6,1,48,8,-1,-1,-1,9,1,9
2017120010724,1,9,0,18,0,0,0,0,0,0,4,1,6,2,45,7,-1,-1,-1,-1,-1,-1
2017120010766,1,9,0,10,0,2,0,0,0,0,2,1,6,2,47,8,1197,1,1,8,1,8
2017120010766,2,9,0,4,0,1,0,0,0,0,2,1,6,1,51,8,1587,1,14,4,1,4
2017120010766,3,9,0,4,0,1,0,0,0,0,1,1,6,1,22,5,1598,1,17,4,1,4
2017120010776,1,9,0,13,0,1,0,0,0,0,1,1,6,1,69,10,1969,2,2,-1,-1,-1
2017120010776,2,9,0,9,0,5,0,0,7,0,2,1,6,2,57,9,1997,2,16,10,2,10
2017120010839,1,9,0,9,0,8,0,0,0,0,1,1,6,3,-1,-1,-1,-1,-1,-1,-1,-1
2017120011058,1,21,0,2,0,0,0,0,0,0,0,1,1,1,46,8,11021,2,14,1,1,1
2017120011058,2,19,0,18,0,0,0,0,0,0,2,1,6,3,-1,-1,-1,-1,-1,-1,-1,-1
2017120011058,3,9,0,2,0,0,0,0,0,0,2,1,6,1,55,8,1991,2,14,6,2,6
2017120011058,4,19,0,2,0,0,0,0,0,0,2,1,6,3,-1,-1,2500,2,10,6,2,6
2017120011159,1,9,0,16,0,0,0,0,1,0,1,1,6,2,22,5,1798,8,4,9,3,9
2017120011159,2,9,0,17,0,0,0,0,1,0,1,1,6,1,31,6,1598,1,7,9,1,9
2017120011166,1,9,0,18,0,0,1,0,1,0,4,1,6,1,34,6,2099,1,15,6,3,6
2017120011166,2,9,0,18,0,0,0,0,1,11,3,1,2,1,49,8,1995,2,3,5,1,5
2017120011173,1,9,0,16,0,0,1,10,0,1,1,1,6,1,36,7,1997,2,10,3,1,3
2017120011173,2,9,0,17,0,0,0,0,0,1,1,1,6,1,37,7,1968,2,12,9,2,9
2017120011244,1,9,0,5,0,6,0,0,0,0,1,1,2,1,47,8,1968,2,7,8,3,8
2017120011244,2,9,0,18,0,1,0,0,0,0,4,1,2,1,34,6,1968,2,10,8,3,8
2017120011259,1,9,0,18,0,0,0,4,0,0,1,1,6,1,62,9,1560,2,10,6,3,6
2017120011259,2,19,0,2,0,0,0,0,0,0,2,1,6,1,38,7,2198,2,3,7,2,7
2017120011284,1,9,0,9,0,6,0,0,0,0,1,1,6,2,47,8,-1,-1,-1,10,1,10
2017120011284,2,1,0,18,0,1,0,0,0,0,1,1,6,1,31,6,-1,-1,-1,5,1,5
2017120011412,1,19,0,9,0,6,0,0,0,0,3,1,1,1,66,10,1560,2,7,6,3,6
2017120011412,2,9,0,18,0,8,0,0,0,0,1,1,6,1,43,7,-1,-1,-1,10,2,10
2017120011595,1,9,0,9,0,8,0,0,0,0,1,1,2,2,26,6,1896,2,15,6,1,6
2017120011595,2,9,0,18,0,8,0,0,0,0,1,1,2,1,72,10,1299,1,12,10,1,10
2017120011763,1,19,0,18,0,0,2,0,1,0,1,1,6,1,39,7,2477,2,3,4,1,4
2017120012379,1,9,0,5,0,1,0,0,0,0,2,1,1,2,55,8,1497,1,13,8,3,8
2017120012379,2,9,0,5,0,1,0,0,0,0,1,1,1,1,46,8,1598,2,1,8,1,8
2017120012515,1,19,0,18,0,8,0,0,7,11,1,1,6,1,23,5,2143,2,5,1,1,1
2017120012515,2,9,0,9,0,8,0,0,0,0,3,1,6,1,47,8,1796,1,13,7,3,7
2017120012515,3,9,0,3,0,1,0,0,1,0,1,1,6,1,72,10,-1,-1,-1,6,3,6
2017120012824,1,9,0,9,0,8,0,0,0,0,3,1,6,2,45,7,1397,1,8,4,2,4
2017120012979,1,3,0,13,0,1,1,0,0,0,4,1,6,1,28,6,124,1,1,5,1,5
2017120012979,2,9,0,7,0,6,0,0,0,0,0,1,6,3,-1,-1,-1,-1,-1,-1,-1,-1
2017120013019,1,9,0,18,5,8,0,0,0,0,1,1,6,1,-1,-1,1560,2,5,-1,-1,-1
2017120013019,2,1,0,18,5,8,0,0,0,0,4,1,6,1,29,6,-1,-1,-1,3,1,3
2017120013099,1,9,0,17,0,8,1,0,1,1,1,1,1,1,22,5,-1,-1,-1,-1,-1,-1
2017120013155,1,19,0,18,0,1,0,2,0,0,3,1,6,1,28,6,2148,2,10,8,1,8
2017120013312,1,9,0,11,0,0,5,0,1,4,1,1,6,2,20,4,1229,1,5,1,1,1
2017120013312,2,19,0,18,0,0,0,0,0,0,0,1,6,3,30,6,-1,-1,-1,-1,-1,-1
2017120013312,3,9,0,4,0,0,0,0,0,0,0,1,6,3,-1,-1,-1,-1,-1,-1,-1,-1
2017120013327,1,9,0,13,0,0,5,0,1,10,1,1,3,2,43,7,2402,2,7,6,3,6
2017120013327,2,17,4,18,0,0,0,0,0,0,0,1,1,1,49,8,-1,2,9,7,3,7
2017120013809,1,1,0,18,0,6,0,0,1,0,0,1,6,1,73,10,-1,-1,-1,8,2,8
2017120013809,2,19,0,18,0,8,0,0,0,0,1,1,2,1,69,10,1560,2,9,8,2,8
2017120013864,1,9,0,5,0,8,0,0,0,0,1,1,6,2,-1,-1,-1,-1,-1,-1,-1,-1
2017120013864,2,1,0,5,0,8,0,0,0,0,2,1,2,2,39,7,-1,-1,-1,7,1,7
2017120014056,1,8,0,9,0,5,0,7,0,0,1,1,1,3,28,6,1598,2,2,4,1,4
2017120014102,1,9,0,7,0,6,0,0,0,0,1,1,6,3,-1,-1,-1,-1,-1,-1,-1,-1
2017120014102,2,1,0,18,4,1,0,0,0,0,1,1,2,1,18,4,-1,-1,-1,-1,-1,-1
2017120014157,1,9,0,4,0,1,0,0,0,0,0,1,2,2,20,4,1398,1,1,8,1,8
2017120014157,2,1,0,18,4,1,0,8,0,0,4,1,6,1,51,8,-1,-1,-1,9,1,9
2017120014175,1,9,0,10,0,1,0,0,0,0,2,1,6,2,72,10,1951,2,12,4,1,4
2017120014175,2,9,0,3,0,1,0,0,0,0,2,1,6,1,49,8,3780,1,21,6,2,6
2017120014175,3,9,0,16,0,1,1,0,0,0,1,1,6,2,42,7,1461,2,5,5,1,5
2017120014198,1,19,0,6,0,6,0,0,0,0,1,1,1,1,48,8,1995,2,4,5,3,5
2017120014198,2,9,0,18,0,8,0,0,0,0,1,1,6,1,48,8,1339,1,8,5,3,5
2017120014225,1,9,0,9,0,8,0,0,0,0,1,1,6,2,63,9,1796,1,9,10,1,10
2017120014277,1,9,0,9,0,8,0,0,0,0,0,1,6,1,-1,-1,-1,-1,-1,-1,-1,-1
2017120014277,2,9,0,18,0,8,0,4,0,0,1,1,6,2,19,4,973,1,16,3,1,3
2017120014277,3,9,0,2,0,8,0,0,0,0,2,1,6,3,-1,-1,2143,2,-1,-1,-1,-1
2017120014747,1,9,0,7,0,8,0,0,0,0,4,1,6,1,96,11,1796,1,6,10,1,10
2017120014747,2,1,0,7,0,8,0,0,0,0,3,1,2,1,41,7,-1,-1,-1,7,1,7
2017120014909,1,21,1,1,0,8,0,0,0,0,3,1,1,1,32,6,12740,2,3,4,1,4
2017120014909,2,9,0,18,0,8,0,0,0,0,1,1,2,2,57,9,1499,1,1,5,3,5
2017120014917,1,9,0,18,0,0,1,0,0,0,1,1,2,1,20,4,1299,1,15,9,3,9
2017120014917,2,9,0,18,0,0,0,0,1,0,0,1,6,1,30,6,1499,2,1,8,3,8
2017120014917,3,9,0,18,0,0,1,0,1,0,1,1,6,1,80,11,996,1,8,8,1,8
2017120014924,1,9,0,9,0,5,0,0,0,0,1,1,1,1,40,7,2967,2,2,7,1,7
2017120014924,2,1,0,18,0,1,0,0,0,0,3,1,6,1,40,7,-1,-1,-1,7,1,7
2017120014939,1,9,0,13,0,8,0,0,0,0,4,1,6,1,84,11,1783,1,14,8,3,8
2017120014939,2,1,0,13,0,8,0,0,0,0,3,1,4,1,17,4,-1,-1,-1,9,3,9
2017120015230,1,9,0,17,0,0,1,0,1,4,1,1,2,2,60,9,999,1,7,8,1,8
2017120015685,1,9,0,5,0,6,0,0,0,0,1,1,6,1,86,11,1364,1,11,8,2,8
2017120015685,2,1,0,18,0,8,0,0,0,0,4,1,6,1,46,8,-1,-1,-1,5,2,5
2017120015691,1,19,0,9,0,2,0,0,0,0,4,1,1,1,38,7,1560,2,6,8,1,8
2017120015716,1,11,0,18,0,0,0,0,0,0,4,1,1,1,45,7,-1,2,15,9,2,9
2017120015716,2,22,0,5,0,0,0,0,0,0,1,1,6,1,87,11,-1,-1,-1,9,2,9
2017120015774,1,5,0,18,0,0,1,0,1,0,0,1,6,1,22,5,535,1,23,9,2,9
2017120015774,2,9,0,13,0,0,0,0,0,0,0,1,6,3,-1,-1,-1,-1,-1,-1,-1,-1
2017120015866,1,9,0,9,0,8,0,0,7,0,1,1,6,1,34,6,2179,2,2,10,1,10
2017120015866,2,9,0,7,0,8,0,0,0,0,1,1,6,1,70,10,1586,1,1,9,2,9
2017120015871,1,9,0,9,0,1,0,0,0,0,1,1,6,1,26,6,1995,2,5,-1,1,-1
2017120015871,2,3,0,18,0,1,1,0,0,0,1,1,1,1,19,4,124,1,1,8,1,8
2017120016004,1,9,0,18,0,8,0,0,0,0,3,1,6,1,41,7,1490,1,8,1,1,1
2017120016004,2,1,0,18,0,8,0,0,0,0,4,1,6,1,41,7,-1,-1,-1,10,1,10
2017120016210,1,19,0,16,0,0,0,0,7,11,1,1,1,1,35,6,1248,2,1,10,1,10
2017120016220,1,19,0,16,0,0,1,0,0,0,3,1,6,1,56,9,2287,2,-1,5,2,5
2017120016220,2,9,0,17,0,0,0,0,1,4,3,1,6,1,56,9,1870,2,4,9,2,9
2017120016221,1,9,0,18,0,0,0,0,0,0,1,1,6,2,52,8,1598,1,3,6,1,6
2017120016340,1,9,0,17,0,0,0,0,0,0,3,1,6,2,46,8,1248,1,3,2,1,2
2017120016340,2,9,0,18,0,0,0,0,0,0,3,1,6,1,75,10,1198,1,6,-1,-1,-1
2017120016644,1,9,0,9,0,2,0,0,0,0,3,1,2,2,40,7,1248,1,6,1,1,1
2017120016644,2,2,0,18,0,1,0,0,0,0,1,1,2,2,46,8,49,1,2,2,2,2
2017120016837,1,9,0,4,0,0,1,0,0,0,1,1,6,1,56,9,-1,-1,-1,9,3,9
2017120016837,2,9,0,4,0,0,0,0,0,0,2,1,6,2,38,7,1242,1,2,9,1,9
2017120017107,1,9,0,18,0,8,0,0,1,0,1,1,2,1,57,9,995,1,13,1,1,1
2017120017107,2,21,1,1,0,5,0,0,0,0,3,1,1,3,34,6,11946,2,6,5,2,5
2017120017287,1,1,0,18,0,8,0,0,0,0,1,1,2,2,57,9,-1,-1,-1,9,1,9
2017120017287,2,9,0,5,0,1,0,0,0,0,1,1,2,1,45,7,2993,2,10,10,1,10
2017120017326,1,4,0,18,0,0,1,0,0,0,0,1,1,1,32,6,124,1,3,1,1,1
2017120017326,2,9,0,5,0,0,0,0,0,0,0,1,6,3,-1,-1,-1,-1,-1,-1,-1,-1
2017120017375,1,21,0,7,0,3,0,0,0,0,4,1,1,1,51,8,-1,2,16,8,3,8
2017120017380,1,19,0,5,0,1,0,0,0,0,4,1,2,1,65,9,1998,2,15,1,1,1
2017120017641,1,9,0,5,0,6,0,0,0,0,3,1,6,2,55,8,1685,2,6,9,3,9
2017120017641,2,5,0,18,0,8,0,0,0,0,1,1,6,1,38,7,598,1,23,7,1,7
2017120017685,1,9,0,5,0,4,0,0,0,0,1,1,6,1,61,9,998,1,8,6,3,6
2017120017685,2,1,0,18,0,8,0,0,0,0,1,1,2,1,46,8,-1,-1,-1,7,1,7
2017120017722,1,9,0,16,0,0,2,10,7,11,3,1,6,2,19,4,1328,1,11,-1,1,-1
2017120018163,1,3,0,9,0,8,0,0,0,0,1,1,2,1,39,7,124,1,8,3,1,3
2017120018163,2,9,0,9,0,8,0,0,0,0,4,1,6,2,51,8,1197,1,4,8,1,8
2017120018212,1,21,0,18,0,8,0,0,0,0,4,1,1,1,42,7,12580,2,12,7,3,7
2017120018212,2,9,0,9,0,8,0,0,0,0,4,1,6,1,46,8,1395,1,1,-1,-1,-1
2017120018281,1,20,0,18,0,8,0,0,0,0,4,1,1,1,23,5,2143,2,2,10,1,10
2017120018417,1,9,0,9,0,4,0,0,0,0,1,1,1,1,21,5,1995,2,7,5,1,5
2017120018417,2,1,0,18,0,3,0,0,0,0,4,1,1,1,27,6,-1,-1,-1,8,1,8
2017120018486,1,9,0,9,0,8,0,0,7,0,1,1,2,2,22,5,1390,1,3,10,1,10
2017120018486,2,9,0,18,0,8,0,0,1,11,1,1,3,2,35,6,1956,2,5,9,3,9
2017120018494,1,17,4,18,0,0,0,0,0,0,0,1,6,3,-1,-1,-1,-1,-1,-1,-1,-1
2017120018687,1,9,0,14,0,0,0,0,0,0,1,1,6,2,28,6,1596,1,11,6,1,6
2017120018687,2,1,0,5,0,0,0,0,0,0,3,1,6,1,26,6,-1,-1,-1,-1,-1,-1
2017120018687,3,19,0,2,0,0,0,0,0,0,0,1,6,3,-1,-1,-1,-1,-1,-1,-1,-1
2017120018875,1,9,0,18,0,4,1,0,0,0,3,1,2,1,36,7,1995,2,6,9,1,9
2017120018875,2,9,0,18,0,8,0,0,0,0,1,1,6,2,31,6,1390,1,12,3,1,3
2017120018917,1,9,0,18,0,0,0,6,0,10,1,1,6,1,22,5,1598,1,14,4,1,4
2017120018917,2,9,0,18,0,0,0,6,0,10,1,1,6,1,30,6,1598,2,1,8,3,8
2017120018981,1,9,0,18,0,0,1,10,0,0,3,1,6,2,27,6,1560,2,11,4,3,4
2017120018981,2,9,0,18,0,0,0,0,0,0,1,1,6,1,77,11,1600,2,7,5,3,5
2017120019048,1,9,0,16,0,0,0,0,0,0,1,1,6,1,23,5,2488,2,9,7,1,7
2017120019048,2,9,0,17,0,0,0,0,1,0,1,1,6,2,47,8,1242,1,3,10,1,10
2017120019048,3,9,0,17,0,0,0,0,1,0,1,1,6,2,23,5,1461,2,10,8,1,8
2017120019474,1,8,0,5,0,0,0,0,0,0,4,1,1,1,46,8,1753,2,7,3,1,3
2017120019508,1,1,0,18,0,1,0,0,0,0,2,1,4,1,11,3,-1,-1,-1,2,1,2
2017120019508,2,9,0,18,0,1,0,0,0,0,1,1,6,3,-1,-1,-1,-1,-1,-1,-1,-1
2017120019529,1,9,0,9,0,2,0,0,0,0,1,1,6,2,46,8,1997,12,4,4,1,4
2017120019529,2,1,0,9,0,2,0,0,0,0,2,1,6,2,46,8,-1,-1,-1,4,1,4
2017120019581,1,9,0,3,0,4,0,0,0,0,2,1,6,2,42,7,1198,1,4,10,1,10
2017120019581,2,9,0,4,0,4,0,0,0,0,1,1,6,3,-1,-1,-1,-1,-1,-1,-1,-1
2017120019583,1,9,0,16,0,0,0,0,0,0,3,1,6,1,21,5,1587,1,16,9,3,9
2017120019583,2,1,0,18,0,0,0,0,0,0,1,1,1,1,58,9,-1,-1,-1,9,3,9
2017120019630,1,9,0,17,0,8,0,0,1,0,1,1,6,1,32,6,1596,1,15,4,1,4
2017120019630,2,9,0,18,0,8,0,0,1,0,1,1,2,1,34,6,-1,-1,-1,2,1,2
2017120019663,1,9,0,17,0,0,1,0,0,0,1,1,6,1,25,5,1299,1,16,4,1,4
2017120019663,2,9,0,18,0,0,0,0,1,0,3,1,6,1,37,7,1598,2,3,6,1,6
2017120019858,1,21,1,18,0,0,1,0,0,0,1,2,1,1,46,8,-1,-1,-1,-1,-1,-1
2017120019858,2,9,0,18,0,0,5,0,1,4,2,1,6,1,79,11,1386,1,10,2,1,2
2017120019858,3,9,0,13,0,0,0,0,0,0,1,1,6,2,45,7,1991,2,10,7,1,7
2017120019944,1,9,0,18,0,0,0,0,0,0,0,1,6,1,27,6,1329,1,8,7,1,7
2017120019944,2,1,0,18,0,0,0,0,0,0,0,1,6,1,59,9,-1,-1,-1,7,3,7
2017120019947,1,9,0,18,0,0,0,0,0,0,1,1,6,1,25,5,1995,2,7,5,1,5
2017120019947,2,9,0,3,0,0,0,0,0,0,2,1,6,1,54,8,1229,1,5,4,2,4
2017120019947,3,9,0,3,0,0,0,0,0,0,2,1,6,1,65,9,1395,1,1,8,1,8
2017120019982,1,9,0,18,0,4,0,0,0,0,1,1,6,1,48,8,1560,2,2,9,1,9
2017120019982,2,1,0,18,0,3,0,0,0,0,4,1,6,2,36,7,-1,-1,-1,6,1,6
2017120019995,1,9,0,17,0,2,0,0,1,10,1,1,6,2,82,11,-1,-1,-1,10,1,10
2017120020024,1,9,0,17,0,0,1,0,8,4,1,1,6,1,30,6,1896,2,12,9,2,9
2017120020040,1,9,0,18,0,0,0,0,0,0,3,1,6,1,64,9,1997,2,8,6,3,6
2017120020040,2,9,0,18,0,0,0,0,0,0,3,1,6,2,64,9,1598,1,7,2,1,2
2017120020040,3,9,0,18,0,0,0,0,0,0,0,1,6,1,49,8,2720,2,10,7,3,7
2017120020556,1,9,0,13,0,0,1,6,0,11,1,1,6,1,53,8,1984,1,10,6,3,6
2017120020556,2,9,0,18,0,0,0,0,0,0,1,1,6,2,69,10,1299,1,10,9,1,9
2017120020556,3,9,0,18,0,0,0,0,0,0,0,1,6,3,-1,-1,-1,-1,-1,-1,-1,-1
2017120020898,1,9,0,18,0,0,0,0,8,4,1,1,2,1,18,4,1299,1,10,-1,-1,-1
2017120021065,1,9,0,7,4,1,0,0,0,0,0,1,6,1,-1,-1,998,1,4,-1,-1,-1
2017120021065,2,1,0,18,4,1,0,0,0,0,0,1,2,2,44,7,-1,-1,-1,8,1,8
2017120021315,1,9,0,2,0,0,0,0,0,0,1,1,6,1,20,4,1560,2,2,5,3,5
2017120021315,2,10,0,14,0,0,0,0,0,0,0,1,1,1,50,8,2198,2,1,1,1,1
2017120021383,1,9,0,16,0,8,0,0,0,0,3,1,6,1,24,5,-1,-1,-1,2,1,2
2017120021383,2,9,0,17,0,8,0,7,0,0,3,1,6,2,70,10,1339,1,6,9,1,9
2017120021618,1,5,0,18,0,8,0,0,0,0,1,1,6,2,59,9,744,1,8,3,1,3
2017120021618,2,9,0,18,0,8,0,0,0,0,3,1,1,1,52,8,1582,2,3,-1,2,-1
2017120021811,1,21,1,18,0,0,5,7,7,7,1,1,1,1,70,10,12900,2,9,4,3,4