Accident_Index,Vehicle_Reference,Vehicle_Type,Towing_and_Articulation,Vehicle_Manoeuvre,Vehicle_Location-Restricted_Lane,Junction_Location,Skidding_and_Overturning,Hit_Object_in_Carriageway,Vehicle_Leaving_Carriageway,Hit_Object_off_Carriageway,1st_Point_of_Impact,Was_Vehicle_Left_Hand_Drive?,Journey_Purpose_of_Driver,Sex_of_Driver,Age_of_Driver,Age_Band_of_Driver,Engine_Capacity_(CC),Propulsion_Code,Age_of_Vehicle,Driver_IMD_Decile,Driver_Home_Area_Type,Vehicle_IMD_Decile
2017120042451,1,1,0,17,0,8,0,0,0,0,1,1,6,1,51,8,-1,-1,-1,6,3,6
2017120042451,2,9,0,9,0,8,0,0,0,0,4,1,6,1,63,9,1398,1,6,6,2,6
2017120042647,1,9,0,4,0,0,0,0,0,0,2,1,6,2,25,5,1390,1,8,2,1,2
2017120042647,2,19,0,18,0,0,0,0,0,0,1,1,1,1,25,5,2298,2,2,-1,-1,-1
2017120042754,1,9,0,5,0,8,0,0,0,0,1,1,6,1,26,6,1598,2,2,3,1,3
2017120042754,2,1,0,18,0,8,0,0,0,0,1,1,2,1,22,5,-1,-1,-1,9,1,9
2017120043042,1,9,0,18,0,1,0,0,0,0,1,1,6,2,43,7,2993,2,3,10,1,10
2017120043042,2,9,0,4,0,1,0,0,0,0,2,1,6,2,43,7,-1,-1,-1,7,3,7
2017120043175,1,9,0,18,0,0,0,0,0,0,1,1,6,1,54,8,1686,2,8,9,3,9
2017120043175,2,9,0,3,0,0,0,0,0,0,1,1,1,1,40,7,1598,2,5,4,2,4
2017120043175,3,19,0,3,0,0,0,0,0,0,2,1,1,1,20,4,1996,2,4,5,3,5
2017120043290,1,9,0,18,0,8,0,4,0,0,1,1,6,1,70,10,1396,2,2,7,3,7
2017120043290,2,19,0,2,0,8,0,0,0,0,2,1,1,1,23,5,2300,2,12,6,3,6
2017120043602,1,9,0,4,0,8,0,0,0,0,0,1,6,1,-1,-1,-1,-1,-1,-1,-1,-1
2017120043602,2,9,0,9,0,6,0,0,0,0,1,1,6,2,65,9,998,1,3,6,3,6
2017120043637,1,9,0,18,0,6,0,0,0,0,1,1,2,1,20,4,1984,1,8,10,1,10
2017120043637,2,9,0,18,0,8,0,0,7,0,3,1,6,1,75,10,2495,2,11,7,3,7
2017120043728,1,9,0,4,0,2,0,0,0,0,2,1,6,1,36,7,2261,1,9,1,1,1
2017120043728,2,9,0,18,0,8,0,0,0,0,1,1,6,2,30,6,1242,1,6,8,3,8
2017120043877,1,1,0,18,0,1,0,0,0,0,1,1,6,1,9,2,-1,-1,-1,6,1,6
2017120043877,2,19,0,3,0,2,0,0,0,0,2,1,1,1,28,6,2143,2,7,8,1,8
2017120043989,1,9,0,18,0,0,5,0,0,0,1,1,6,2,70,10,-1,-1,-1,8,1,8
2017120043989,2,9,0,2,0,0,0,0,0,0,2,1,6,1,21,5,-1,-1,-1,4,1,4
2017120043989,3,9,0,3,0,0,0,0,0,0,1,1,6,2,28,6,1598,1,10,-1,-1,-1
2017120044486,1,19,0,1,0,1,0,0,0,0,2,2,1,1,35,6,1461,2,6,1,1,1
2017120044586,1,9,0,18,0,0,0,0,7,11,3,1,2,1,55,8,999,1,7,10,3,10
2017120044917,1,19,0,17,0,0,1,0,1,11,1,1,1,1,49,8,1499,2,1,6,3,6
2017120044917,2,9,0,16,0,0,1,0,0,0,1,1,6,2,20,4,1200,1,1,3,1,3
2017120045131,1,9,0,4,0,0,0,0,0,0,1,1,6,2,18,4,1390,1,4,9,1,9
2017120045131,2,9,0,18,0,0,0,0,0,0,4,1,2,1,23,5,1242,1,3,10,1,10
2017120045161,1,9,0,3,0,8,0,0,0,0,4,1,6,3,65,9,1995,1,5,-1,1,-1
2017120045161,2,19,0,18,0,8,0,0,0,0,1,1,1,3,35,6,2198,2,4,-1,-1,-1
2017120045281,1,9,0,1,0,1,0,0,0,0,2,1,6,1,69,10,1248,2,10,5,3,5
2017120045530,1,9,0,17,0,0,1,0,1,3,4,1,6,2,17,4,998,1,9,9,3,9
2017120045739,1,9,0,2,0,1,0,0,0,0,2,1,3,2,33,6,1339,1,14,10,1,10
2017120045739,2,19,0,1,0,1,0,0,0,0,2,1,1,1,58,9,2148,2,11,10,1,10
2017120045782,1,9,0,3,0,0,0,0,0,0,2,1,6,2,20,4,1229,1,9,8,3,8
2017120045782,2,9,0,18,0,0,0,0,0,0,1,1,6,2,25,5,1587,1,17,6,1,6
2017120045891,1,5,0,4,0,0,1,0,0,0,1,1,6,1,56,9,-1,-1,-1,-1,-1,-1
2017120045891,2,9,0,4,0,0,0,0,0,0,2,1,6,1,62,9,1997,2,1,-1,-1,-1
2017120046384,1,5,0,16,0,8,0,0,7,0,0,1,6,1,64,9,675,1,8,8,1,8
2017120046526,1,9,0,4,0,0,0,0,1,10,2,1,6,1,81,11,-1,-1,-1,7,1,7
2017120046526,2,9,0,18,0,0,0,0,1,10,1,1,6,1,71,10,1968,2,1,10,2,10
2017120046526,3,20,0,18,0,0,0,0,0,0,1,1,1,1,42,7,-1,-1,-1,6,1,6
2017120046579,1,9,0,10,0,2,0,0,3,0,3,1,6,2,18,4,1560,2,6,6,3,6
2017120046579,2,9,0,18,0,1,0,0,7,0,1,1,6,2,18,4,998,1,15,6,3,6
2017120046592,1,90,0,9,0,8,0,0,0,0,3,1,6,2,79,11,-1,-1,-1,6,1,6
2017120046592,2,9,0,18,0,8,0,0,0,0,1,1,6,1,74,10,1997,1,6,5,2,5
2017120046646,1,9,0,1,0,0,0,0,0,0,4,1,6,1,21,5,1461,2,12,3,2,3
2017120046646,2,1,0,18,0,0,0,0,0,0,1,1,6,1,3,1,-1,-1,-1,3,2,3
2017120047200,1,9,0,18,0,0,5,0,1,9,1,1,6,2,20,4,1364,1,11,7,2,7
2017120047255,1,9,0,18,0,3,0,0,0,0,3,1,2,1,49,8,1968,2,4,8,1,8
2017120047255,2,1,0,18,0,4,0,0,0,0,1,1,2,1,54,8,-1,-1,-1,10,1,10
2017120047377,1,9,0,18,0,0,2,0,0,0,0,1,6,1,34,6,1598,1,10,7,2,7
2017120047543,1,9,0,4,0,0,1,10,0,0,1,1,1,1,29,6,1956,2,4,-1,1,-1
2017120047543,2,9,0,4,0,0,1,0,0,0,2,1,2,1,18,4,1248,1,1,2,1,2
2017120047543,3,9,0,3,0,0,0,0,0,0,2,1,2,2,23,5,998,1,4,7,2,7
2017120047647,1,9,0,9,0,8,0,0,1,0,1,1,6,2,40,7,1598,1,7,8,1,8
2017120047661,1,11,0,9,0,8,0,0,0,0,4,1,1,1,56,9,2143,2,2,3,1,3
2017120047661,2,9,0,18,0,8,0,0,0,0,1,1,2,2,21,5,998,1,16,8,1,8
2017120047708,1,9,0,4,0,0,0,0,0,0,2,1,6,1,35,6,1968,2,2,1,1,1
2017120047708,2,9,0,18,0,0,0,0,0,0,1,1,6,1,42,7,1968,2,9,5,2,5
2017120047857,1,9,0,18,0,8,0,0,0,0,1,1,1,2,44,7,1499,2,1,1,1,1
2017120047857,2,9,0,18,0,8,0,0,0,0,2,1,6,1,52,8,1968,2,7,-1,-1,-1
2017120048132,1,9,0,9,0,8,0,0,0,0,1,1,1,1,48,8,1910,2,10,3,1,3
2017120048132,2,5,0,18,0,8,0,0,0,0,1,1,1,1,49,8,645,1,10,8,2,8
2017120048227,1,9,0,18,0,0,0,0,0,0,2,1,1,2,64,9,2497,2,-1,3,1,3
2017120048227,2,19,0,18,0,0,0,0,4,6,1,1,1,1,28,6,2198,2,1,-1,-1,-1
2017120048227,3,21,1,18,0,0,0,0,4,6,2,1,1,1,35,6,11967,2,4,-1,-1,-1
2017120048565,1,9,0,5,0,8,0,0,1,0,1,1,6,2,31,6,1997,2,4,8,1,8
2017120048565,2,9,0,9,0,8,0,0,0,0,1,1,6,1,83,11,-1,-1,-1,9,1,9
2017120048618,1,9,0,18,0,0,1,0,7,4,1,1,6,1,22,5,2494,1,17,1,1,1
2017120048990,1,21,1,18,0,0,1,0,0,0,1,1,1,1,43,7,12809,2,2,5,1,5
2017120048990,2,21,1,18,0,0,1,0,0,0,2,1,1,1,27,6,-1,-1,-1,9,1,9
2017120049083,1,9,0,5,0,8,0,0,0,0,1,1,6,1,69,10,1896,2,8,6,3,6
2017120049083,2,9,0,18,0,8,0,0,0,0,1,1,6,2,67,10,1761,1,19,8,2,8
2017120049099,1,17,0,16,0,0,0,0,0,0,3,1,1,1,25,5,-1,-1,-1,6,1,6
2017120049099,2,10,0,17,0,0,0,0,0,0,3,1,1,1,23,5,-1,-1,-1,6,3,6
2017120049120,1,1,0,18,0,6,0,0,0,0,1,1,6,1,17,4,-1,-1,-1,9,1,9
2017120049120,2,9,0,18,0,8,0,0,0,0,1,1,6,2,56,9,1229,1,2,10,1,10
2017120049188,1,19,4,18,0,0,0,0,8,11,1,1,6,1,28,6,2496,2,18,8,2,8
2017120049188,2,9,0,18,0,0,0,0,0,0,1,1,6,2,28,6,999,1,12,8,2,8
2017120049233,1,9,0,11,0,0,1,0,4,6,3,1,6,2,17,4,-1,-1,-1,8,2,8
2017120049334,1,3,0,18,0,0,0,12,0,0,4,1,2,1,22,5,125,1,1,8,2,8
2017120049402,1,9,0,18,0,1,0,0,0,0,4,1,6,1,-1,-1,-1,-1,-1,-1,-1,-1
2017120049787,1,9,0,16,0,0,1,0,1,10,4,1,2,1,22,5,1998,1,17,7,1,7
2017120050174,1,9,0,18,0,6,0,0,0,0,1,1,6,1,53,8,1582,2,5,10,1,10
2017120050174,2,1,0,17,0,1,0,0,0,0,1,1,6,1,53,8,-1,-1,-1,10,1,10
2017120050285,1,9,0,9,0,1,0,0,0,0,2,1,6,2,43,7,1968,2,5,8,1,8
2017120050285,2,9,0,18,0,1,0,0,0,0,1,1,6,1,51,8,2402,2,6,6,3,6
2017120050306,1,9,0,1,0,0,0,0,0,0,2,1,1,2,65,9,1956,2,6,-1,-1,-1
2017120050455,1,1,0,18,0,0,0,0,0,0,1,1,1,1,26,6,-1,-1,-1,8,1,8
2017120050455,2,9,0,2,0,0,0,0,0,0,4,1,6,2,-1,-1,-1,-1,-1,-1,-1,-1
2017120050607,1,9,0,1,0,0,0,0,0,0,2,1,6,2,25,5,1870,2,15,8,3,8
2017120050779,1,5,0,9,0,6,0,0,0,0,3,1,2,1,50,8,675,1,1,8,2,8
2017120050884,1,1,0,18,0,0,1,6,1,9,1,1,6,1,52,8,-1,-1,-1,6,1,6
2017120051546,1,21,0,5,0,1,0,0,0,0,1,1,1,1,46,8,12130,2,13,7,3,7
2017120051546,2,9,0,7,0,5,0,0,1,11,2,1,6,2,30,6,1560,2,12,2,3,2
2017120051546,3,9,0,10,0,6,0,0,1,0,3,1,6,2,74,10,1339,1,6,5,3,5
2017120051675,1,9,0,14,0,0,0,0,0,0,1,1,6,1,82,11,1598,1,16,9,2,9
2017120051675,2,9,0,18,0,0,0,0,0,0,1,1,6,1,26,6,1493,1,17,7,3,7
2017120051893,1,9,0,18,0,8,0,0,0,0,1,1,1,2,50,8,-1,-1,-1,10,3,10
2017120051893,2,1,0,3,0,8,0,0,0,0,2,1,1,2,41,7,-1,-1,-1,8,1,8
2017120051913,1,9,0,10,0,4,0,0,0,0,1,1,6,3,50,8,1910,2,10,8,1,8
2017120052530,1,9,0,18,0,0,0,12,0,0,1,1,2,1,32,6,1596,1,6,9,1,9
2017120052548,1,9,0,18,0,0,1,0,7,11,1,1,6,1,26,6,1968,2,7,8,2,8
2017120052572,1,19,0,5,0,1,0,0,0,0,4,1,6,1,22,5,2198,2,1,10,1,10
2017120052572,2,1,0,18,0,1,0,0,0,0,1,1,6,1,22,5,-1,-1,-1,9,1,9
2017120052706,1,9,0,18,0,8,0,0,0,0,1,1,1,1,36,7,1229,1,10,3,1,3
2017120052706,2,9,0,5,0,6,0,0,0,0,2,1,6,2,44,7,1968,2,4,8,1,8
2017120052830,1,2,0,9,0,3,0,0,0,0,1,1,2,2,61,9,114,1,3,7,3,7
2017120052830,2,9,0,18,0,4,0,0,0,0,3,1,6,2,32,6,2400,2,7,7,3,7
2017120052930,1,9,0,17,0,0,0,0,0,0,1,1,6,2,34,6,1461,2,11,6,1,6
2017120053296,1,9,0,13,0,0,0,0,0,0,2,1,6,1,30,6,-1,-1,-1,-1,-1,-1
2017120053296,2,1,0,18,0,0,0,0,0,0,0,1,6,1,18,4,-1,-1,-1,8,1,8
2017120053505,1,1,0,18,0,0,0,0,0,0,0,1,1,2,20,4,-1,-1,-1,7,1,7
2017120053541,1,9,0,18,0,5,0,0,0,0,1,1,6,2,47,8,2143,2,7,6,3,6
2017120053541,2,9,0,18,0,5,0,0,0,0,2,1,6,2,19,4,1598,1,12,7,1,7
2017120053658,1,9,0,7,0,8,0,0,0,0,4,1,3,1,39,7,3179,1,12,10,1,10
2017120053658,2,1,0,15,0,8,0,0,0,0,1,1,6,1,49,8,-1,-1,-1,10,1,10
2017120053700,1,9,0,17,0,0,0,0,0,0,3,1,1,2,55,8,2179,2,9,4,1,4
2017120053700,2,9,0,16,0,0,0,0,0,0,1,1,1,2,23,5,1582,2,5,5,3,5
2017120054100,1,9,0,16,0,0,1,0,7,1,4,1,2,1,23,5,2500,1,22,2,1,2
2017120054215,1,5,0,18,0,0,0,0,1,0,1,1,6,1,55,8,998,1,14,2,1,2
2017120054215,2,9,0,18,0,0,0,0,0,0,2,1,6,2,67,10,1560,2,8,8,2,8
2017120054592,1,9,0,18,0,0,0,0,0,0,1,1,6,1,66,10,1995,2,12,7,3,7
2017120054592,2,17,0,18,0,0,0,0,0,0,2,1,1,1,42,7,-1,-1,-1,10,2,10
2017120054763,1,5,0,18,0,8,0,0,0,0,4,1,6,1,53,8,1157,1,-1,7,3,7
2017120054763,2,9,0,18,0,6,0,0,0,0,0,1,6,3,-1,-1,-1,-1,-1,-1,-1,-1
2017120054788,1,9,4,3,0,4,0,0,0,0,4,1,6,1,71,10,2685,2,15,2,1,2
2017120054788,2,1,0,18,0,4,0,0,0,0,1,1,6,1,78,11,-1,-1,-1,9,1,9
2017120055047,1,9,0,1,0,0,0,0,0,0,2,1,6,1,71,10,1956,2,3,7,3,7
2017120055423,1,4,0,16,0,0,1,0,0,0,0,1,6,1,53,8,149,1,48,8,3,8
2017120055445,1,1,0,9,0,8,0,0,0,0,3,1,6,1,60,9,-1,-1,-1,3,1,3
2017120055445,2,5,0,18,0,8,0,0,0,0,1,1,6,1,50,8,1043,1,-1,4,1,4
2017120055506,1,9,0,18,0,8,0,0,0,0,1,1,6,1,42,7,1497,1,13,4,1,4
2017120055506,2,1,0,18,0,6,0,0,0,0,3,1,6,2,14,3,-1,-1,-1,2,1,2
2017120055522,1,5,0,9,0,5,1,0,0,0,0,1,6,1,57,9,1340,1,24,9,1,9
2017120055529,1,9,0,1,0,1,1,4,0,0,2,1,6,1,79,11,1399,1,-1,-1,-1,-1
2017120055529,2,9,0,2,0,1,0,0,0,0,3,1,6,2,37,7,1986,2,10,9,1,9
2017120055567,1,9,0,18,0,3,0,0,0,0,4,1,2,1,60,9,2143,2,4,9,2,9
2017120055567,2,1,0,18,0,4,0,0,0,0,1,1,2,1,33,6,-1,-1,-1,8,1,8
2017120055574,1,5,0,16,0,0,1,0,0,0,4,1,6,1,46,8,998,1,14,4,1,4
2017120055707,1,9,0,18,0,2,0,0,0,0,1,1,6,2,62,9,1998,1,12,4,1,4
2017120056093,1,9,0,17,0,0,0,0,7,9,1,1,6,1,33,6,1587,1,12,9,2,9
2017120056093,2,9,0,2,0,0,0,0,0,0,1,1,1,1,65,9,-1,-1,-1,10,1,10
2017120056733,1,9,0,17,0,0,1,0,0,0,4,1,2,2,22,5,1390,1,6,7,3,7
2017120056733,2,9,0,18,0,0,0,0,0,0,1,1,6,2,76,11,1798,1,11,6,1,6
2017120056763,1,9,0,16,0,0,1,0,0,0,1,1,6,2,23,5,1461,2,12,2,1,2
2017120056763,2,21,0,17,0,0,0,0,0,0,1,1,1,1,62,9,6728,2,1,4,1,4
2017120056840,1,1,0,18,0,1,0,0,0,0,0,1,6,1,38,7,-1,-1,-1,7,1,7
2017120056899,1,9,0,9,0,6,0,0,0,0,1,1,6,1,73,10,1560,2,6,1,1,1
2017120057060,1,1,0,9,9,0,0,0,0,0,3,1,4,1,13,3,-1,-1,-1,-1,-1,-1
2017120057060,2,1,0,18,9,0,0,0,0,0,1,1,4,1,13,3,-1,-1,-1,-1,-1,-1
2017120057082,1,9,0,18,0,0,0,0,0,0,1,1,2,2,46,8,-1,-1,-1,8,3,8
2017120057170,1,9,0,14,0,0,0,0,0,0,3,1,6,1,59,9,998,1,19,8,2,8
2017120057170,2,1,0,13,0,0,0,0,0,0,4,1,6,1,25,5,-1,-1,-1,9,3,9
2017120057170,3,19,0,2,0,0,0,0,0,0,0,1,1,1,59,9,2287,2,9,5,1,5
2017120057454,1,3,0,17,0,0,1,0,0,0,0,1,6,1,19,4,124,1,3,8,3,8
2017120057456,1,9,0,10,0,5,0,0,0,0,2,1,1,1,46,8,1596,1,11,10,1,10
2017120057456,2,9,0,18,0,1,0,0,0,0,1,1,6,1,36,7,1461,2,1,5,1,5
2017120057481,1,1,0,18,0,0,0,0,0,0,1,1,6,1,20,4,-1,-1,-1,4,1,4
2017120057481,2,98,0,2,0,0,0,0,0,0,2,1,6,3,-1,-1,-1,-1,-1,-1,-1,-1
2017120057568,1,9,0,16,0,0,0,0,0,0,1,1,6,1,76,11,1388,1,8,9,1,9
2017120057568,2,9,0,18,0,0,0,0,0,0,3,1,6,2,32,6,1398,1,1,10,1,10
2017120057568,3,9,0,18,0,0,0,0,0,0,3,1,6,2,37,7,1368,1,9,10,1,10
2017120057568,4,9,0,18,0,0,0,0,0,0,1,1,6,2,48,8,1984,1,2,10,1,10
2017120057568,5,9,0,18,0,0,0,0,0,0,1,1,2,2,25,5,1200,1,2,7,1,7
2017120057811,1,2,0,13,0,8,0,0,0,0,4,1,2,1,22,5,49,1,8,8,1,8
2017120057811,2,9,0,9,0,6,0,0,0,0,1,1,2,1,44,7,1598,1,7,7,1,7
2017120057811,3,19,0,7,0,5,0,0,0,0,0,1,6,1,56,9,1399,2,7,6,1,6
2017120058182,1,9,0,17,0,0,0,0,0,0,1,1,6,1,18,4,1198,1,3,7,1,7
2017120058182,2,1,0,17,0,0,0,0,0,0,1,1,6,1,46,8,-1,-1,-1,9,1,9
2017120058459,1,8,0,18,0,0,0,0,0,0,0,1,1,1,36,7,1896,2,8,1,1,1
2017120058460,1,3,0,18,0,4,0,0,0,0,0,1,6,1,26,6,124,1,5,8,3,8
2017120058460,2,9,0,18,0,3,0,0,0,0,0,1,6,3,-1,-1,-1,-1,-1,-1,-1,-1
2017120058743,1,9,0,9,0,6,0,0,0,0,3,1,2,2,30,6,1329,1,5,6,1,6
2017120058743,2,9,0,18,0,1,0,0,0,0,1,1,2,1,41,7,998,1,2,9,1,9
2017120058990,1,11,0,18,0,0,0,0,0,0,1,1,1,1,51,8,9600,2,22,9,2,9
2017120058990,2,9,0,4,0,0,0,0,0,0,2,1,6,2,37,7,2143,2,2,8,1,8
2017120058990,3,9,0,4,0,0,0,0,0,0,2,1,6,2,29,6,1560,2,5,5,1,5
2017120058990,4,9,0,4,0,0,0,0,0,0,2,1,6,1,58,9,1560,2,-1,7,1,7
2017120059068,1,19,0,3,0,1,0,0,0,0,2,1,6,1,46,8,1598,2,3,3,1,3
2017120059068,2,19,0,3,0,1,0,0,0,0,1,1,6,1,36,7,1598,2,6,5,1,5
2017120059068,3,9,0,4,0,1,0,0,0,0,0,1,6,3,-1,-1,-1,-1,-1,-1,-1,-1
2017120059165,1,9,0,18,0,4,0,0,0,0,1,1,6,2,43,7,1198,1,8,7,1,7
2017120059165,2,9,0,9,0,8,0,0,0,0,4,1,6,2,52,8,1798,1,9,10,1,10
2017120059229,1,9,0,18,0,0,0,0,0,0,2,1,6,1,58,9,1591,1,8,1,1,1
2017120059229,2,9,0,18,0,0,0,0,0,0,1,1,6,1,41,7,1198,1,10,3,1,3
2017120059263,1,19,0,9,0,1,0,0,0,0,4,1,6,1,56,9,2198,2,1,1,1,1
2017120059263,2,1,0,15,0,1,0,0,0,0,1,1,6,1,35,6,-1,-1,-1,4,1,4
2017120059539,1,5,0,17,0,0,0,12,1,0,1,1,2,1,25,5,649,1,2,9,2,9
2017120059610,1,9,0,13,0,8,0,0,0,0,4,1,1,2,50,8,996,1,3,10,1,10
2017120059610,2,1,0,18,0,8,0,0,0,0,3,1,6,2,25,5,-1,-1,-1,8,1,8
2017120059748,1,9,0,18,0,0,0,0,0,0,1,1,6,2,62,9,1198,1,4,8,1,8
2017120059748,2,9,0,3,0,0,0,0,0,0,2,1,6,2,46,8,1587,1,15,7,1,7
2017120059748,3,9,0,3,0,0,0,0,0,0,2,1,6,1,50,8,1596,1,6,9,2,9
2017120059823,1,9,0,18,0,0,0,0,0,0,1,1,6,1,65,9,1242,1,2,10,1,10
2017120059865,1,9,0,18,0,2,2,0,1,10,1,1,6,1,34,6,1149,1,12,-1,1,-1
2017120059865,2,9,0,18,0,2,0,0,0,0,2,1,6,2,29,6,1976,1,7,9,1,9
2017120059865,3,9,0,18,0,1,0,0,0,0,0,1,6,2,40,7,1398,1,1,9,3,9
2017120060059,1,9,0,7,0,6,0,0,0,0,3,1,6,1,21,5,1390,1,3,3,1,3
2017120060059,2,8,0,18,0,1,0,0,0,0,1,1,1,1,40,7,1995,2,6,5,1,5
2017120060178,1,9,0,16,0,0,0,0,7,10,1,1,6,1,26,6,1796,1,15,8,1,8
2017120060303,1,9,0,18,0,0,0,0,4,6,3,1,6,1,57,9,1398,1,17,9,1,9
2017120060312,1,9,0,18,0,1,0,0,0,0,1,1,6,1,49,8,1998,2,11,10,1,10
2017120060312,2,9,0,3,0,1,0,0,0,0,2,1,6,1,55,8,1360,1,12,8,1,8
2017120060312,3,9,0,3,0,1,0,0,0,0,2,1,6,1,65,9,1796,1,13,10,1,10
2017120060331,1,9,0,10,0,1,0,0,0,0,3,1,6,1,49,8,1794,1,9,9,2,9
2017120060331,2,5,0,13,0,1,0,0,0,0,4,1,6,1,54,8,1050,1,4,7,1,7
2017120060403,1,5,0,18,0,1,1,0,0,0,4,1,6,1,51,8,1000,1,12,2,1,2
2017120060436,1,5,0,18,0,0,1,0,0,0,1,1,6,1,66,10,998,1,15,1,1,1
2017120060436,2,5,0,18,0,0,0,0,1,4,2,1,6,1,65,9,1261,1,13,4,1,4
2017120060437,1,9,0,10,0,1,0,0,0,0,0,1,6,3,-1,-1,-1,-1,-1,-1,-1,-1
2017120060437,2,9,0,3,0,1,0,0,0,0,0,1,6,3,-1,-1,-1,-1,-1,-1,-1,-1
2017120060437,3,9,0,3,0,1,0,0,0,0,0,1,6,1,50,8,1461,2,5,9,1,9
2017120060437,4,5,0,3,0,1,0,0,0,0,2,1,6,1,48,8,748,1,21,7,1,7
2017120060437,5,5,0,3,0,1,0,0,0,0,2,1,6,1,51,8,999,1,5,3,1,3
2017120060437,6,5,0,4,0,1,1,0,0,0,1,1,6,1,65,9,649,1,7,2,1,2
2017120060437,7,5,0,18,0,1,0,0,0,0,1,1,6,1,60,9,1050,1,2,5,1,5
2017120060471,1,9,0,18,0,0,1,0,1,0,1,1,6,1,29,6,1796,1,12,2,1,2
2017120060471,2,9,0,18,0,0,0,0,0,0,3,1,6,1,74,10,1250,1,64,8,1,8
2017120060471,3,9,0,18,0,0,0,0,0,0,1,1,6,1,64,9,1968,2,6,7,3,7
2017120060591,1,5,0,17,0,0,1,0,0,0,1,1,6,1,23,5,999,1,1,2,1,2
2017120060905,1,9,0,18,0,0,0,0,0,0,2,1,6,1,73,10,-1,-1,-1,-1,-1,-1
2017120060905,2,9,0,18,0,0,0,0,0,0,0,1,6,1,48,8,-1,-1,-1,-1,-1,-1
2017120060905,3,19,0,18,0,0,0,0,0,0,1,1,6,1,47,8,-1,-1,-1,-1,-1,-1
2017120060923,1,9,0,18,0,4,0,0,0,0,2,1,6,1,32,6,-1,-1,-1,-1,-1,-1
2017120060923,2,9,0,18,0,4,0,0,0,0,1,1,6,1,36,7,-1,-1,-1,-1,-1,-1
2017120060969,1,9,0,4,0,0,0,0,0,0,2,1,6,2,27,6,1968,2,8,9,3,9
2017120060969,2,5,0,18,0,0,0,0,0,0,1,1,2,1,46,8,599,1,21,7,1,7
2017120061039,1,9,0,18,0,0,0,0,0,0,3,1,6,1,39,7,1461,2,1,8,1,8
2017120061045,1,9,0,18,0,0,5,0,7,0,1,1,6,1,18,4,1364,1,7,9,3,9
2017120061161,1,9,0,5,0,8,0,0,0,0,3,1,6,2,-1,-1,-1,-1,-1,-1,-1,-1
2017120061161,2,1,0,18,0,8,0,0,0,0,1,1,6,1,19,4,-1,-1,-1,3,1,3
2017120061249,1,9,0,18,0,0,0,0,0,0,1,1,6,1,-1,-1,-1,-1,-1,-1,-1,-1
2017120061414,1,9,0,18,0,0,0,0,0,0,1,1,1,2,18,4,998,1,3,7,1,7
2017120061414,2,9,0,3,0,0,0,0,0,0,2,1,1,2,32,6,1364,1,8,9,1,9
2017120061414,3,9,0,3,0,0,0,0,0,0,2,1,2,1,37,7,998,1,2,7,1,7
2017120061417,1,19,0,9,0,6,0,0,0,0,1,1,2,1,45,7,2464,2,9,5,1,5
2017120061417,2,5,0,14,0,1,0,0,0,0,4,1,2,1,49,8,748,1,24,4,1,4
2017120061931,1,4,0,16,0,0,0,0,0,0,2,1,6,1,19,4,124,1,2,6,3,6
2017120061931,2,9,0,16,0,0,0,0,0,0,1,1,6,1,20,4,1587,1,12,8,2,8
2017120062261,1,19,0,2,0,0,0,0,0,0,4,1,1,1,28,6,2143,2,-1,4,1,4
2017120062261,2,9,0,1,0,0,0,0,0,0,2,1,6,2,58,9,1951,2,12,6,3,6
2017120062459,1,9,0,18,0,0,0,0,1,4,1,1,6,1,83,11,1796,1,13,6,2,6
2017120062515,1,9,0,18,0,0,0,0,0,0,0,1,6,2,40,7,-1,-1,-1,-1,-1,-1
2017120062515,2,1,0,18,0,0,0,0,1,0,0,1,6,1,15,3,-1,-1,-1,8,3,8
2017120062707,1,9,0,13,0,0,0,0,0,0,4,1,6,1,-1,-1,-1,-1,-1,-1,-1,-1
2017120062707,2,16,0,18,0,0,0,0,1,0,3,1,6,2,38,7,-1,-1,-1,6,3,6
2017120063106,1,1,0,18,0,0,0,0,0,0,3,1,4,1,14,3,-1,-1,-1,10,1,10
2017120063106,2,9,0,13,0,0,0,0,0,0,4,1,6,1,-1,-1,-1,-1,-1,-1,-1,-1
2017120063272,1,17,0,7,0,6,0,0,0,0,3,1,1,1,16,4,1007,2,6,6,2,6
2017120063272,2,9,0,18,0,1,0,0,7,0,1,1,6,2,75,10,1242,1,10,8,3,8
2017120063292,1,11,0,4,0,0,0,0,0,0,4,1,1,1,73,10,7300,2,15,6,2,6
2017120063405,1,9,0,18,0,0,0,0,0,0,3,1,6,2,23,5,998,1,14,7,1,7
2017120063405,2,9,0,18,0,0,0,0,0,0,3,1,6,1,52,8,1587,1,16,10,1,10
2017120063426,1,9,0,18,0,0,0,0,1,0,1,1,6,2,18,4,-1,-1,-1,6,3,6
2017120063426,2,9,0,18,0,0,0,0,1,0,1,1,6,2,36,7,1248,2,4,7,3,7
2017120063510,1,21,1,18,0,8,0,0,0,0,0,1,1,1,31,6,12740,2,3,1,1,1
2017120063545,1,9,0,16,0,0,0,0,7,3,3,1,6,1,17,4,1242,1,10,6,3,6
2017120063583,1,9,0,18,0,0,5,0,2,10,1,1,2,1,19,4,998,1,12,9,2,9