Accident_Index,Vehicle_Reference,Vehicle_Type,Towing_and_Articulation,Vehicle_Manoeuvre,Vehicle_Location-Restricted_Lane,Junction_Location,Skidding_and_Overturning,Hit_Object_in_Carriageway,Vehicle_Leaving_Carriageway,Hit_Object_off_Carriageway,1st_Point_of_Impact,Was_Vehicle_Left_Hand_Drive?,Journey_Purpose_of_Driver,Sex_of_Driver,Age_of_Driver,Age_Band_of_Driver,Engine_Capacity_(CC),Propulsion_Code,Age_of_Vehicle,Driver_IMD_Decile,Driver_Home_Area_Type,Vehicle_IMD_Decile
2017120063661,1,8,0,3,0,2,0,0,0,0,2,1,1,1,45,7,1797,8,6,9,1,9
2017120063661,2,9,0,18,0,1,0,0,0,0,1,1,6,2,30,6,1360,1,11,10,1,10
2017120063699,1,9,0,5,0,4,0,0,0,0,1,1,6,1,23,5,1796,1,15,1,1,1
2017120063699,2,9,0,18,0,8,1,0,0,0,3,1,6,2,26,6,1950,2,17,6,3,6
2017120063755,1,9,0,17,0,0,0,0,0,0,1,1,6,1,31,6,1798,8,1,-1,-1,-1
2017120063755,2,1,0,16,0,0,0,0,0,0,1,1,6,2,60,9,-1,-1,-1,10,1,10
2017120063914,1,1,0,18,0,1,0,0,0,0,3,1,6,1,16,4,-1,-1,-1,10,1,10
2017120063914,2,9,0,9,0,1,0,0,0,0,1,1,6,1,-1,-1,1999,2,1,6,1,6
2017120064190,1,9,0,16,0,1,0,0,7,1,1,1,6,1,70,10,2148,2,8,8,2,8
2017120064196,1,3,0,18,0,0,0,12,0,0,1,1,6,1,56,9,200,1,52,9,1,9
2017120064212,1,1,0,18,0,0,0,0,0,0,1,1,6,1,13,3,-1,-1,-1,8,1,8
2017120064212,2,9,0,18,0,0,0,0,0,0,4,1,6,1,56,9,1242,1,7,4,1,4
2017120064275,1,5,0,16,0,0,0,0,7,0,1,1,6,1,35,6,742,1,18,1,1,1
2017120064312,1,9,0,3,0,1,0,0,0,0,2,1,6,1,35,6,1910,2,13,1,1,1
2017120064312,2,9,0,18,0,1,0,0,0,0,1,1,6,2,54,8,1299,1,12,1,1,1
2017120064312,3,9,0,18,0,1,0,0,0,0,1,1,6,1,22,5,1995,2,12,1,1,1
2017120064383,1,21,0,18,0,0,0,0,0,0,1,1,1,1,44,7,4580,2,1,7,1,7
2017120064383,2,19,0,18,0,0,0,0,0,0,2,1,1,1,27,6,1998,2,12,3,1,3
2017120064383,3,19,5,18,0,0,0,0,0,0,2,1,1,1,34,6,2198,2,2,7,1,7
2017120064390,1,9,0,9,0,6,0,0,0,0,1,1,6,2,27,6,2495,2,20,6,2,6
2017120064390,2,5,0,18,0,1,0,0,0,0,1,1,6,1,40,7,749,1,10,2,1,2
2017120064640,1,9,0,16,0,0,2,0,2,4,3,1,2,1,23,5,-1,-1,-1,7,1,7
2017120064865,1,9,0,9,8,0,0,0,0,0,3,1,6,2,70,10,1198,1,2,1,1,1
2017120064865,2,9,0,18,0,0,0,0,0,0,1,1,6,2,73,10,1995,2,13,8,3,8
2017120064907,1,9,0,4,0,1,1,0,1,11,1,1,6,1,22,5,1986,2,10,3,1,3
2017120064907,2,9,0,4,0,1,0,0,0,0,2,1,6,2,36,7,1984,1,-1,8,1,8
2017120065102,1,9,0,17,0,5,2,0,2,11,4,1,6,1,32,6,1149,1,14,9,1,9
2017120065376,1,3,0,18,0,0,0,0,0,0,1,1,6,1,22,5,125,1,9,2,1,2
2017120065376,2,9,0,18,0,0,0,0,0,0,2,1,6,2,73,10,1596,1,13,9,1,9
2017120065515,1,9,0,3,0,0,0,0,0,0,1,1,6,2,80,11,1390,1,11,7,3,7
2017120065515,2,9,0,2,0,0,0,0,0,0,2,1,6,3,-1,-1,2148,2,11,7,1,7
2017120065555,1,19,0,7,0,6,0,0,0,0,1,1,6,1,55,8,1997,2,15,5,1,5
2017120065555,2,9,0,18,0,8,0,0,0,0,4,1,6,1,81,11,1560,2,1,1,1,1
2017120065708,1,9,0,18,0,0,0,7,0,0,1,1,2,1,43,7,1753,2,10,9,3,9
2017120065713,1,9,0,5,0,8,0,0,0,0,1,1,1,2,35,6,1997,1,10,3,1,3
2017120065713,2,1,0,18,0,8,0,0,0,0,3,1,1,2,26,6,-1,-1,-1,3,1,3
2017120065762,1,9,0,18,0,8,0,0,0,0,1,1,6,1,28,6,1598,1,1,3,1,3
2017120065762,2,1,0,18,0,8,0,0,0,0,4,1,6,1,50,8,-1,-1,-1,10,3,10
2017120065980,1,2,0,18,0,8,1,0,0,0,1,1,6,1,36,7,125,1,4,4,1,4
2017120065980,2,9,0,2,0,1,0,0,0,0,2,1,6,3,-1,-1,1061,1,14,-1,-1,-1
2017120066202,1,9,0,13,0,8,0,0,3,0,4,1,6,2,40,7,1968,2,2,10,2,10
2017120066202,2,1,0,9,0,8,0,0,0,0,3,1,6,2,34,6,-1,-1,-1,-1,1,-1
2017120066582,1,9,0,18,0,0,0,0,0,0,1,1,6,2,34,6,2184,2,13,2,1,2
2017120066582,2,9,0,3,0,0,0,0,0,0,2,1,6,1,18,4,1360,1,12,10,1,10
2017120066582,3,9,0,3,0,0,0,0,0,0,2,1,6,2,65,9,1248,1,3,10,2,10
2017120066582,4,9,0,3,0,0,0,0,0,0,2,1,6,1,35,6,1968,2,5,8,1,8
2017120066820,1,9,0,9,0,1,0,0,0,0,2,1,6,1,36,7,-1,-1,-1,10,1,10
2017120066820,2,9,0,18,0,1,0,0,1,2,1,1,6,2,81,11,1197,1,2,-1,-1,-1
2017120066926,1,8,0,5,0,0,0,0,0,0,2,1,1,2,51,8,1798,8,1,10,1,10
2017120067126,1,9,0,17,0,0,0,0,2,10,1,1,2,1,33,6,1587,1,10,6,2,6
2017120067126,2,19,0,16,0,0,0,0,1,11,1,1,2,1,56,9,2198,2,2,8,1,8
2017120067185,1,9,0,16,0,0,0,0,1,0,1,1,1,1,18,4,1149,1,9,10,3,10
2017120067185,2,9,0,18,0,0,0,0,1,11,1,1,1,2,26,6,1296,1,10,6,1,6
2017120067224,1,9,0,16,0,0,0,0,0,0,3,1,6,1,62,9,1998,2,13,8,3,8
2017120067224,2,1,0,17,0,0,0,0,0,0,1,1,6,1,64,9,-1,-1,-1,9,2,9
2017120067224,3,1,0,17,0,0,0,0,0,0,1,1,6,1,72,10,-1,-1,-1,10,2,10
2017120067364,1,9,0,9,0,6,0,0,0,0,3,1,6,1,75,10,-1,-1,-1,6,1,6
2017120067364,2,5,0,18,0,8,1,0,0,0,2,1,2,1,59,9,535,1,20,7,1,7
2017120067489,1,9,0,9,0,6,0,0,0,0,3,1,6,2,28,6,1598,1,12,1,1,1
2017120067489,2,9,0,18,0,1,0,0,0,0,1,1,6,1,57,9,1560,2,8,1,1,1
2017120067489,3,21,1,3,0,1,0,0,0,0,0,1,1,1,42,7,12740,2,7,3,1,3
2017120067552,1,9,0,18,0,0,0,0,0,0,1,1,6,1,62,9,998,1,2,10,1,10
2017120067552,2,90,0,18,0,0,0,0,0,0,2,1,1,2,37,7,2464,2,10,7,1,7
2017120067671,1,9,0,18,0,1,0,0,0,0,1,1,6,2,36,7,1984,1,17,2,1,2
2017120067671,2,19,0,2,0,2,0,0,0,0,2,1,6,1,30,6,2198,2,3,5,1,5
2017120068066,1,19,0,18,0,0,0,0,0,0,1,1,6,1,60,9,-1,-1,-1,7,2,7
2017120068066,2,9,0,4,0,0,0,0,0,0,2,1,6,1,18,4,1896,2,10,9,2,9
2017120068140,1,9,0,9,0,0,0,0,0,0,2,1,6,1,34,6,1995,2,10,7,1,7
2017120068140,2,4,0,18,0,0,0,0,0,0,1,1,6,1,23,5,124,1,13,3,1,3
2017120068420,1,9,0,18,0,0,0,0,0,0,1,1,6,1,22,5,1197,1,4,6,3,6
2017120068580,1,9,0,18,0,1,0,0,0,0,2,1,2,2,24,5,1199,1,14,2,1,2
2017120068580,2,9,0,18,0,1,0,0,0,0,1,1,6,1,20,4,1229,1,10,8,2,8
2017120068587,1,1,0,7,0,8,0,0,0,0,1,1,6,1,44,7,-1,-1,-1,7,3,7
2017120068587,2,9,0,18,0,8,0,0,0,0,1,1,6,1,44,7,1796,1,13,8,2,8
2017120068650,1,5,0,16,0,0,1,0,7,0,1,1,6,1,59,9,916,1,15,7,1,7
2017120068650,2,9,0,18,0,0,0,0,0,0,1,1,6,1,20,4,1242,1,11,5,3,5
2017120068762,1,5,0,17,0,0,0,0,1,0,1,1,6,1,55,8,1402,1,11,3,2,3
2017120069144,1,9,0,13,0,0,0,0,0,0,4,1,6,1,29,6,2435,1,13,1,1,1
2017120069144,2,9,3,18,0,0,0,0,0,0,3,1,6,1,43,7,2777,2,8,1,1,1
2017120069144,3,9,0,18,0,0,0,0,0,0,0,1,1,1,48,8,2993,2,1,7,3,7
2017120069177,1,9,0,18,0,0,0,0,1,11,4,1,6,2,51,8,998,1,5,5,2,5
2017120069219,1,9,0,18,0,1,0,0,0,0,1,1,6,1,66,10,1896,2,12,3,1,3
2017120069219,2,9,0,3,0,4,0,0,0,0,2,1,6,1,39,7,1968,2,6,9,1,9
2017120069304,1,5,0,16,0,0,1,0,0,0,1,1,6,2,33,6,599,1,18,6,1,6
2017120069304,2,9,0,18,0,0,0,0,1,0,1,1,6,1,19,4,1969,2,1,3,1,3
2017120069304,3,9,0,18,0,0,0,0,0,0,3,1,6,2,70,10,1560,2,6,6,3,6
2017120069304,4,9,0,16,0,0,0,0,0,0,1,1,6,2,28,6,1598,1,8,4,1,4
2017120069308,1,5,0,18,0,1,1,10,3,0,4,1,6,1,60,9,748,1,21,5,1,5
2017120069363,1,5,0,4,0,0,0,0,1,0,1,1,6,2,64,9,-1,-1,-1,8,1,8
2017120069363,2,19,0,4,0,0,0,0,0,0,2,1,6,1,52,8,1753,2,11,5,3,5
2017120069841,1,9,0,3,0,0,0,0,0,0,2,1,6,1,38,7,1997,2,7,8,1,8
2017120069841,2,9,0,18,0,0,0,0,0,0,1,1,6,1,34,6,1598,1,9,6,2,6
2017120069957,1,9,0,18,0,0,0,0,0,0,1,1,6,2,45,7,1896,2,15,8,3,8
2017120069957,2,9,0,3,0,0,0,0,0,0,2,1,6,1,77,11,1598,1,14,7,2,7
2017120069957,3,9,0,3,0,0,0,0,0,0,2,1,1,1,67,10,2997,1,10,10,3,10
2017120070212,1,9,0,18,0,2,0,0,0,0,3,1,6,1,-1,-1,1388,1,15,-1,-1,-1
2017120070718,1,9,0,17,0,0,0,6,1,0,1,1,6,1,18,4,1599,1,13,7,3,7
2017120070805,1,9,0,5,0,8,0,0,0,0,1,1,6,1,57,9,1596,1,14,4,1,4
2017120070805,2,9,0,18,0,1,0,0,0,0,4,1,1,2,32,6,1997,2,9,6,1,6
2017120070959,1,11,0,18,0,0,0,0,0,0,0,1,1,1,41,7,7300,2,13,10,1,10
2017120071094,1,9,0,18,0,1,0,0,0,0,1,1,6,2,85,11,1124,1,20,10,1,10
2017120071094,2,9,0,9,0,6,0,0,0,0,3,1,6,2,71,10,1318,1,1,7,3,7
2017120071249,1,9,0,18,0,0,0,0,0,0,4,1,6,1,22,5,-1,-1,-1,6,1,6
2017120071249,2,1,0,18,0,0,0,0,0,0,3,1,6,1,22,5,-1,-1,-1,6,1,6
2017120071402,1,1,0,18,0,8,0,0,0,0,1,1,6,1,14,3,-1,-1,-1,10,1,10
2017120071402,2,19,0,7,0,8,0,0,0,0,4,1,6,1,56,9,1598,2,1,8,1,8
2017120071566,1,9,0,5,0,2,0,0,0,0,3,1,2,1,59,9,1859,1,11,5,3,5
2017120071566,2,9,0,18,0,8,0,0,0,0,1,1,1,2,48,8,1998,8,1,10,1,10
2017120071603,1,9,0,4,0,0,1,0,7,0,1,1,2,2,27,6,1199,1,17,9,2,9
2017120071603,2,19,0,4,0,0,0,0,0,0,0,1,2,1,22,5,1598,2,-1,8,1,8
2017120071764,1,2,0,18,0,1,0,0,0,0,1,1,1,1,17,4,49,1,1,8,1,8
2017120071764,2,9,0,18,0,1,0,0,0,0,2,1,2,2,32,6,999,1,1,5,2,5
2017120071879,1,9,0,18,0,8,1,0,0,0,1,1,6,1,19,4,2198,2,5,5,3,5
2017120071879,2,9,0,10,0,5,0,0,0,0,2,1,6,2,57,9,2698,2,10,7,3,7
2017120071914,1,1,0,18,0,0,0,0,0,0,0,1,6,1,54,8,-1,-1,-1,7,3,7
2017120071927,1,9,0,18,0,0,1,0,0,0,1,1,6,2,53,8,1794,1,15,6,3,6
2017120071927,2,9,0,18,0,0,0,0,0,0,1,1,6,1,55,8,1596,1,9,10,1,10
2017120072125,1,9,0,18,0,0,0,0,7,4,1,1,6,2,63,9,1984,2,8,4,2,4
2017120072336,1,2,0,18,0,0,0,0,0,0,1,1,6,1,16,4,49,1,13,8,2,8
2017120072336,2,9,0,4,0,0,0,0,0,0,2,1,6,3,76,11,1796,1,14,5,2,5
2017120073059,1,9,0,13,0,8,0,0,0,0,1,1,1,1,29,6,1910,2,9,3,1,3
2017120073059,2,1,0,9,0,8,0,0,0,0,3,1,2,2,49,8,-1,-1,-1,7,1,7
2017120073086,1,5,0,3,0,4,0,0,0,0,2,1,6,1,26,6,600,1,13,8,3,8
2017120073086,2,9,0,18,0,4,0,0,0,0,1,1,6,2,55,8,1198,1,6,7,1,7
2017120073589,1,1,0,18,0,0,0,0,0,0,4,1,6,1,42,7,-1,-1,-1,4,1,4
2017120073589,2,9,0,5,0,0,0,0,0,0,3,1,6,1,27,6,2720,2,9,9,3,9
2017120073674,1,19,0,9,0,5,0,0,0,0,3,1,1,1,55,8,2143,2,3,1,1,1
2017120073674,2,9,0,18,0,8,0,0,0,0,1,1,1,1,37,7,1753,2,7,9,2,9
2017120073674,3,9,0,4,0,8,0,0,0,0,0,1,6,1,51,8,1956,2,3,10,1,10
2017120073697,1,9,0,18,0,1,0,0,0,0,4,1,6,1,61,9,1598,1,14,2,1,2
2017120073697,2,9,0,9,8,6,0,0,0,0,1,1,6,2,21,5,998,1,6,6,3,6
2017120073716,1,9,0,18,0,8,0,0,0,0,3,1,6,2,56,9,999,1,1,6,3,6
2017120073716,2,4,0,18,0,8,0,0,0,0,1,1,6,1,17,4,124,1,3,10,1,10
2017120073726,1,9,0,18,0,0,1,0,0,0,0,1,6,1,24,5,-1,-1,-1,6,3,6
2017120073726,2,9,0,4,0,0,0,0,0,0,0,1,6,1,41,7,2143,2,4,-1,-1,-1
2017120073726,3,9,0,18,0,0,0,0,0,0,0,1,6,2,58,9,1395,1,1,9,2,9
2017120073772,1,9,0,13,0,0,1,0,7,9,4,1,6,1,31,6,1781,1,13,6,2,6
2017120073772,2,9,0,18,0,0,2,0,7,4,3,1,6,2,28,6,1229,1,8,1,1,1
2017120073774,1,1,0,4,0,8,1,0,0,0,0,1,6,2,21,5,-1,-1,-1,7,2,7
2017120074041,1,9,0,18,0,6,0,0,0,0,1,1,6,1,18,4,1242,1,9,5,1,5
2017120074041,2,8,0,18,0,8,0,7,0,0,4,1,1,1,60,9,-1,-1,-1,2,1,2
2017120074370,1,3,0,18,0,0,0,0,0,0,1,1,6,1,19,4,125,1,1,5,1,5
2017120074370,2,9,0,2,0,0,0,0,0,0,4,1,6,2,39,7,1600,1,7,2,1,2
2017120074515,1,1,0,18,0,1,0,0,0,0,1,1,6,1,32,6,-1,-1,-1,7,1,7
2017120074515,2,9,0,9,0,1,0,0,0,0,3,1,6,1,23,5,1598,2,-1,3,1,3
2017120074599,1,97,0,18,0,0,0,0,0,0,1,1,6,3,-1,-1,-1,-1,-1,-1,-1,-1
2017120074950,1,9,0,18,0,0,0,0,0,0,1,1,6,1,40,7,1461,2,8,3,1,3
2017120074950,2,9,0,18,0,0,0,0,0,0,2,1,6,1,58,9,-1,-1,-1,8,2,8
2017120075004,1,1,0,18,0,0,0,4,0,0,1,1,6,1,75,10,-1,-1,-1,4,1,4
2017120075004,2,9,0,2,0,0,0,0,0,0,2,1,6,1,44,7,1229,1,7,8,1,8
2017120075039,1,9,0,17,0,0,0,0,0,0,3,1,1,1,43,7,-1,-1,-1,7,3,7
2017120075039,2,9,0,16,0,0,0,0,0,0,3,1,6,2,55,8,1197,1,4,7,3,7
2017120075084,1,17,0,9,0,1,0,0,0,0,3,1,1,1,22,5,3000,2,5,-1,-1,-1
2017120075084,2,9,0,13,0,1,0,0,0,0,1,1,2,2,47,8,1798,1,10,5,2,5
2017120075110,1,5,0,16,0,0,1,0,0,0,1,1,6,1,53,8,1300,1,15,7,1,7
2017120075110,2,9,0,17,0,0,0,0,0,0,1,1,6,1,31,6,1397,1,8,7,1,7
2017120075187,1,9,0,18,0,0,0,0,1,0,1,1,6,1,63,9,1299,1,9,3,2,3
2017120075277,1,9,0,18,0,0,0,0,0,0,1,1,6,2,30,6,1685,2,4,9,2,9
2017120075401,1,9,0,18,0,0,0,0,0,0,1,1,6,1,68,10,2979,1,5,4,1,4
2017120075401,2,21,1,18,0,0,0,0,0,0,2,1,1,1,44,7,10837,2,1,1,1,1
2017120075437,1,5,0,3,0,0,0,0,0,0,1,1,6,2,43,7,748,1,13,4,1,4
2017120075437,2,9,0,18,0,0,0,0,0,0,2,1,1,2,56,9,1799,1,18,10,1,10
2017120075602,1,9,0,17,0,0,5,0,7,11,1,1,1,1,25,5,1229,1,9,2,1,2
2017120075825,1,9,0,13,0,0,0,0,0,0,4,1,6,1,86,11,1995,2,2,5,3,5
2017120075825,2,1,0,18,0,0,0,0,0,0,2,1,6,1,43,7,-1,-1,-1,5,2,5
2017120075878,1,3,0,17,0,0,1,10,0,0,1,1,2,1,22,5,124,1,5,3,1,3
2017120075891,1,9,0,18,0,0,0,0,1,10,1,1,6,1,89,11,1390,1,4,7,3,7
2017120075891,2,19,0,18,0,0,0,0,1,10,1,1,1,1,69,10,-1,-1,-1,7,1,7
2017120075926,1,9,0,9,0,1,0,0,1,9,0,1,6,1,88,11,1968,2,2,10,1,10
2017120075926,2,9,0,18,0,1,0,0,7,11,0,1,6,1,69,10,5204,1,-1,7,3,7
2017120076224,1,9,0,5,0,0,0,0,0,0,4,1,6,1,67,10,1598,1,9,8,1,8
2017120076396,1,5,0,17,0,0,1,0,0,0,3,1,6,1,57,9,-1,-1,-1,8,3,8
2017120076404,1,9,0,3,0,1,0,0,0,0,2,1,6,1,34,6,1598,1,5,10,1,10
2017120076404,2,9,0,18,0,1,0,0,0,0,1,1,6,1,40,7,1956,2,3,3,1,3
2017120076452,1,9,0,18,0,4,0,4,0,0,4,1,6,1,18,4,999,1,4,9,1,9
2017120076452,2,9,0,2,0,1,0,0,0,0,0,1,6,3,-1,-1,-1,-1,-1,4,1,4
2017120076452,3,9,0,2,0,1,0,0,0,0,0,1,6,3,-1,-1,1399,2,13,4,1,4
2017120076799,1,1,0,14,0,0,0,0,0,0,1,1,1,1,32,6,-1,-1,-1,9,1,9
2017120076799,2,9,0,2,0,0,0,0,0,0,3,1,1,1,40,7,1248,1,3,10,1,10
2017120076881,1,9,0,1,0,0,0,0,0,0,2,1,6,2,72,10,1598,1,4,7,2,7
2017120076948,1,19,0,18,0,1,0,0,0,0,4,1,1,1,54,8,-1,-1,-1,8,1,8
2017120076948,2,1,0,18,0,1,0,0,0,0,3,1,6,1,42,7,-1,-1,-1,5,3,5
2017120077046,1,8,0,7,0,4,0,0,0,0,0,1,1,1,56,9,1995,2,6,7,1,7
2017120077208,1,9,0,18,0,0,0,0,0,0,0,1,6,2,32,6,1796,1,5,8,3,8
2017120077208,2,9,0,18,0,0,0,0,7,9,0,1,6,2,34,6,1398,1,5,10,2,10
2017120077210,1,9,0,9,0,8,0,0,0,0,4,1,6,2,26,6,1242,1,13,9,3,9
2017120077210,2,1,0,18,0,8,0,0,0,0,1,1,6,1,54,8,-1,-1,-1,9,3,9
2017120077319,1,9,0,17,0,0,5,0,1,11,1,1,6,1,29,6,-1,-1,-1,4,1,4
2017120077713,1,9,0,10,9,6,0,0,0,0,4,1,6,2,65,9,2698,2,9,7,2,7
2017120077713,2,1,0,18,9,1,0,0,0,0,1,1,6,1,14,3,-1,-1,-1,9,3,9
2017120077768,1,5,0,18,0,8,1,0,0,0,0,1,6,1,61,9,1868,1,-1,9,1,9
2017120077768,2,90,0,18,0,8,0,0,0,0,0,1,1,1,64,9,4400,2,4,5,3,5
2017120078045,1,5,0,17,0,0,0,6,0,0,1,1,6,1,51,8,749,1,16,5,2,5
2017120078047,1,8,0,18,0,0,0,0,0,0,1,1,1,1,70,10,1896,2,10,7,1,7
2017120078187,1,9,0,16,0,0,0,0,2,7,3,1,6,1,22,5,998,1,8,8,1,8
2017120078187,2,9,0,16,0,0,0,0,1,0,1,1,6,1,50,8,2967,2,3,5,1,5
2017120078224,1,9,0,6,0,8,0,0,0,0,3,1,6,1,55,8,1951,2,14,3,1,3
2017120078224,2,1,0,18,0,8,0,0,0,0,1,1,6,1,21,5,-1,-1,-1,8,1,8
2017120078253,1,9,4,3,0,0,0,2,0,0,1,1,1,1,52,8,3947,5,21,6,3,6
2017120078275,1,19,0,18,0,1,0,0,0,0,1,1,6,1,34,6,2143,2,3,8,1,8
2017120078275,2,9,0,9,0,5,0,0,0,0,2,1,6,2,54,8,1396,1,17,8,1,8
2017120078276,1,5,0,18,0,1,0,0,0,0,1,1,6,2,34,6,599,1,18,10,2,10
2017120078276,2,5,0,4,0,1,0,0,0,0,2,1,6,1,60,9,1000,1,9,10,2,10
2017120078397,1,9,0,18,0,0,5,0,8,11,1,1,6,1,79,11,1834,1,14,9,3,9
2017120079165,1,9,0,18,0,0,1,0,1,11,3,1,6,1,23,5,1390,1,14,5,2,5
2017120079349,1,9,0,4,0,0,0,0,0,0,2,1,6,1,23,5,1598,1,7,5,1,5
2017120079349,2,9,0,18,0,0,0,0,0,0,2,1,6,1,34,6,2967,2,9,6,3,6
2017120079349,3,9,0,18,0,0,0,0,0,0,2,1,6,1,29,6,2099,1,12,1,1,1
2017120079349,4,9,0,18,0,0,0,0,0,0,1,1,6,2,49,8,1997,1,15,6,2,6
2017120079488,1,9,0,18,0,0,2,10,8,10,1,1,6,2,31,6,1229,1,8,10,3,10
2017120079622,1,9,0,3,0,1,0,0,0,0,2,1,6,1,28,6,1598,2,6,3,1,3
2017120079622,2,2,0,18,0,1,0,0,0,0,1,1,6,1,57,9,49,1,5,8,3,8
2017120079712,1,9,0,7,0,1,0,0,0,0,4,1,6,2,47,8,1596,1,4,6,1,6
2017120079712,2,1,0,18,0,1,0,0,0,0,1,1,6,2,28,6,-1,-1,-1,8,1,8
2017120079737,1,9,0,18,0,0,0,0,0,0,1,1,2,2,36,7,1373,1,-1,7,1,7
2017120079737,2,9,0,4,0,0,0,0,0,0,2,1,2,2,23,5,1596,1,14,9,1,9
2017120079737,3,9,0,4,0,0,0,0,0,0,2,1,2,1,47,8,998,1,2,4,1,4
2017120079740,1,9,0,3,0,1,0,0,0,0,3,1,1,1,57,9,1598,2,3,9,1,9
2017120079740,2,1,0,14,0,1,0,0,0,0,4,1,6,1,25,5,-1,-1,-1,7,1,7
2017120080384,1,9,0,9,0,8,0,0,0,0,4,1,6,1,46,8,2720,2,9,4,1,4
2017120080384,2,1,0,18,0,8,0,0,0,0,1,1,6,1,24,5,-1,-1,-1,10,2,10
2017120080445,1,9,0,5,0,1,0,0,0,0,1,1,2,1,30,6,1390,1,13,3,1,3
2017120080445,2,1,0,18,0,1,0,0,0,0,4,1,2,1,51,8,-1,-1,-1,3,1,3
2017120080464,1,9,0,10,0,1,0,0,0,0,2,1,6,2,42,7,1398,1,3,4,2,4
2017120080464,2,8,0,3,0,1,0,0,0,0,2,1,1,1,79,11,1422,2,8,5,1,5
2017120080464,3,9,0,18,0,1,0,0,0,0,1,1,6,1,29,6,2498,1,16,4,2,4
2017120080543,1,5,0,17,0,0,1,0,1,9,1,1,6,1,57,9,1157,1,13,3,1,3
2017120080763,1,9,0,9,0,5,0,0,0,0,1,1,1,1,57,9,1995,2,6,8,3,8
2017120080763,2,9,0,18,0,1,0,0,0,0,1,1,6,1,85,11,1242,1,14,6,3,6
2017120080774,1,9,0,18,0,0,0,0,5,6,1,1,1,1,44,7,1598,2,-1,9,1,9
2017120080774,2,9,0,2,0,0,0,0,1,0,3,2,6,2,71,10,-1,-1,-1,-1,-1,-1
2017120080781,1,9,0,17,0,2,0,0,0,0,1,1,6,2,19,4,1124,1,10,6,3,6
2017120080781,2,5,0,16,0,1,0,0,0,0,1,1,6,1,23,5,749,1,9,5,1,5
2017120080789,1,1,0,18,0,1,0,0,0,0,2,1,6,2,73,10,-1,-1,-1,9,1,9
2017120080789,2,9,0,7,0,1,0,0,0,0,1,1,6,3,71,10,1986,1,2,9,1,9
2017120080901,1,9,0,5,0,8,0,0,0,0,1,1,6,1,66,10,1591,1,-1,10,1,10
2017120080982,1,9,0,18,0,0,0,0,0,0,3,1,2,1,44,7,1798,1,12,2,1,2
2017120080982,2,9,0,18,0,0,0,0,0,0,3,1,1,1,42,7,-1,-1,-1,9,1,9
2017120081056,1,19,0,4,0,2,0,0,0,0,2,1,6,1,57,9,2198,2,4,-1,-1,-1
2017120081056,2,5,0,5,0,6,0,0,0,0,1,1,6,1,80,11,998,1,1,5,2,5
2017120081425,1,19,0,4,0,0,0,0,0,0,2,1,1,1,48,8,-1,-1,-1,-1,-1,-1
2017120081425,2,9,0,4,0,0,0,0,0,0,1,1,6,2,50,8,1596,1,13,8,1,8
2017120081582,1,9,0,5,0,8,0,0,0,0,1,1,6,1,65,9,1598,2,1,7,2,7
2017120081735,1,9,0,18,0,0,0,0,0,0,3,1,6,3,-1,-1,-1,-1,-1,-1,-1,-1
2017120081847,1,2,0,18,0,0,0,10,0,0,4,1,6,1,17,4,49,1,14,3,1,3
2017120081943,1,3,0,17,0,0,0,0,1,9,1,1,6,1,20,4,124,1,1,7,1,7
2017120082323,1,9,0,18,0,0,0,0,0,0,4,1,6,2,33,6,-1,-1,-1,10,1,10
2017120082412,1,9,0,18,0,1,0,0,0,0,1,1,6,2,-1,-1,-1,-1,-1,-1,-1,-1
2017120082636,1,9,0,6,0,0,0,0,0,0,1,1,6,1,58,9,1598,1,7,6,1,6
2017120082636,2,5,0,17,0,0,0,0,0,0,1,1,6,1,22,5,955,1,2,6,2,6
2017120082711,1,10,0,18,0,0,0,0,0,0,1,1,2,1,36,7,-1,-1,-1,6,1,6
2017120082914,1,9,0,18,0,5,0,0,3,10,1,1,6,1,97,11,1598,1,3,9,3,9
2017120082952,1,9,0,4,0,0,0,0,0,0,0,1,6,2,-1,-1,-1,-1,-1,-1,-1,-1
2017120082966,1,9,0,18,0,6,0,0,0,0,0,1,6,3,-1,-1,-1,-1,-1,-1,-1,-1
2017120082966,2,1,0,9,0,5,0,0,0,0,0,1,6,1,39,7,-1,-1,-1,10,1,10
2017120082987,1,9,0,18,0,1,0,0,7,11,1,1,6,1,25,5,1595,1,7,8,1,8
2017120082987,2,9,0,10,0,1,0,0,0,0,1,1,6,1,18,4,1229,1,5,4,1,4
2017120083072,1,9,0,5,0,6,0,0,0,0,1,1,6,2,58,9,1598,2,4,-1,-1,-1
2017120083072,2,9,0,18,0,8,0,0,6,0,1,1,6,2,58,9,-1,-1,-1,9,1,9
2017120083095,1,20,0,6,0,0,0,0,0,0,1,1,6,1,18,4,-1,-1,-1,8,3,8
2017120083095,2,9,0,18,0,0,0,0,0,0,1,1,6,1,28,6,1198,1,9,10,3,10
2017120083095,3,9,0,18,0,0,0,0,0,0,1,1,6,1,30,6,2987,2,1,5,1,5
2017120083224,1,9,0,18,0,0,5,10,7,11,1,1,6,1,58,9,1598,1,13,5,2,5