Accident_Index,Vehicle_Reference,Vehicle_Type,Towing_and_Articulation,Vehicle_Manoeuvre,Vehicle_Location-Restricted_Lane,Junction_Location,Skidding_and_Overturning,Hit_Object_in_Carriageway,Vehicle_Leaving_Carriageway,Hit_Object_off_Carriageway,1st_Point_of_Impact,Was_Vehicle_Left_Hand_Drive?,Journey_Purpose_of_Driver,Sex_of_Driver,Age_of_Driver,Age_Band_of_Driver,Engine_Capacity_(CC),Propulsion_Code,Age_of_Vehicle,Driver_IMD_Decile,Driver_Home_Area_Type,Vehicle_IMD_Decile
2017120113690,1,9,0,9,0,6,0,0,1,0,3,1,6,2,81,11,1198,1,1,5,1,5
2017120113690,2,9,0,18,0,1,1,0,0,0,1,1,6,1,82,11,2685,2,12,10,1,10
2017120114011,1,9,0,13,0,8,0,0,0,0,1,1,6,2,44,7,1798,1,10,10,1,10
2017120114011,2,9,0,9,0,8,0,0,0,0,1,1,6,1,18,4,1390,1,8,6,3,6
2017120114023,1,9,0,18,0,2,5,4,0,0,4,1,6,1,17,4,998,1,1,-1,-1,-1
2017120114023,2,9,0,2,0,2,0,0,0,0,3,1,6,3,-1,-1,-1,-1,-1,8,1,8
2017120114079,1,9,0,18,0,0,1,0,1,0,0,1,6,1,23,5,1998,1,-1,10,1,10
2017120114151,1,98,0,11,0,0,0,0,0,0,0,1,6,3,-1,-1,-1,-1,-1,-1,-1,-1
2017120114151,2,9,0,18,0,0,0,0,1,7,1,1,6,1,28,6,1275,1,17,1,1,1
2017120114279,1,9,0,17,0,0,0,0,1,0,1,1,1,1,19,4,875,1,4,-1,-1,-1
2017120114300,1,9,0,17,0,0,5,0,0,0,1,1,6,2,46,8,2179,2,6,7,3,7
2017120114300,2,9,0,16,0,0,0,0,0,0,1,1,1,1,27,6,2495,2,14,6,3,6
2017120114351,1,19,0,7,0,1,1,0,0,0,0,1,1,1,35,6,-1,-1,-1,8,1,8
2017120114351,2,9,0,18,0,1,0,0,0,0,0,1,1,2,47,8,1499,2,1,4,1,4
2017120114351,3,9,0,18,0,1,1,0,0,0,0,1,1,2,24,5,1598,2,3,8,3,8
2017120114351,4,9,0,18,0,1,0,0,0,0,0,1,1,2,57,9,-1,-1,-1,6,1,6
2017120114351,5,9,0,18,0,1,0,0,0,0,0,1,1,1,63,9,1969,2,3,-1,-1,-1
2017120114515,1,9,0,14,0,0,0,0,0,0,4,1,6,2,28,6,1997,2,7,5,1,5
2017120114515,2,11,0,2,0,0,0,0,0,0,0,1,1,1,49,8,9600,2,20,5,1,5
2017120114911,1,9,0,18,0,8,0,0,0,0,1,1,6,1,36,7,2199,2,3,3,1,3
2017120114911,2,9,0,9,0,8,0,0,0,0,1,1,6,2,49,8,998,1,15,9,1,9
2017120114933,1,5,0,16,0,8,1,0,0,0,3,1,6,1,52,8,897,1,5,7,1,7
2017120114960,1,9,0,7,0,8,0,0,0,0,0,1,6,2,37,7,1991,1,2,9,1,9
2017120114960,2,1,0,18,4,8,0,0,0,0,0,1,6,1,35,6,-1,-1,-1,9,1,9
2017120115057,1,8,0,4,0,5,0,0,0,0,4,1,1,1,50,8,1995,2,5,5,1,5
2017120115057,2,1,0,18,0,1,0,0,0,0,1,1,6,1,4,1,-1,-1,-1,3,1,3
2017120115090,1,9,0,18,0,0,5,0,0,0,1,1,4,1,18,4,1198,1,7,9,2,9
2017120115295,1,9,0,9,0,6,0,0,0,0,0,1,6,2,18,4,1596,1,12,6,1,6
2017120115295,2,9,0,18,0,1,0,0,0,0,0,1,6,1,51,8,1998,2,14,1,2,1
2017120115364,1,9,0,18,0,0,0,0,0,0,4,1,6,3,-1,-1,-1,-1,-1,-1,-1,-1
2017120115488,1,9,0,18,0,0,0,0,1,9,1,1,6,1,25,5,3500,1,14,10,1,10
2017120115539,1,9,0,9,0,6,0,0,0,0,0,1,6,1,70,10,1339,8,6,6,3,6
2017120115539,2,9,0,18,0,8,0,0,0,0,0,1,6,2,55,8,2685,2,12,6,3,6
2017120115539,3,9,0,3,0,3,0,0,0,0,0,1,6,1,51,8,-1,-1,-1,10,3,10
2017120115553,1,1,0,18,9,0,0,0,0,0,1,1,2,2,23,5,-1,-1,-1,1,1,1
2017120115571,1,4,0,13,0,8,0,0,7,0,1,1,6,1,58,9,1202,1,-1,5,1,5
2017120115571,2,9,0,9,0,8,0,0,0,0,3,1,6,1,21,5,-1,-1,-1,7,3,7
2017120115607,1,9,0,17,0,8,0,0,0,0,3,1,6,1,31,6,-1,-1,-1,6,3,6
2017120115607,2,1,0,16,0,8,0,0,1,0,3,1,6,1,49,8,-1,-1,-1,9,3,9
2017120115614,1,9,0,2,0,0,0,0,0,0,0,1,6,2,48,8,1840,1,15,8,3,8
2017120115614,2,16,0,15,0,0,0,0,0,0,0,1,6,2,51,8,-1,-1,-1,8,3,8
2017120115616,1,9,0,9,0,0,0,0,0,0,1,1,1,1,53,8,1198,1,1,10,1,10
2017120115616,2,5,0,18,0,0,0,0,0,0,1,1,1,1,37,7,-1,-1,-1,10,1,10
2017120115616,3,9,0,2,0,0,0,0,0,0,3,1,6,3,-1,-1,998,1,2,-1,-1,-1
2017120115618,1,9,0,18,0,1,0,0,0,1,1,1,2,1,48,8,1461,2,9,1,1,1
2017120115618,2,9,0,18,0,8,0,0,0,1,1,1,2,1,30,6,1360,1,11,-1,-1,-1
2017120115644,1,1,0,18,0,0,0,0,0,0,3,1,2,1,17,4,-1,-1,-1,-1,-1,-1
2017120115644,2,9,0,18,0,0,0,0,0,0,1,1,6,2,-1,-1,-1,-1,-1,-1,-1,-1
2017120115655,1,11,0,18,0,1,0,0,0,0,1,1,1,1,67,10,9600,2,19,5,1,5
2017120115655,2,10,0,3,0,1,0,0,0,0,2,1,1,2,53,8,2198,2,2,7,1,7
2017120115681,1,5,0,17,0,0,0,0,1,0,1,1,6,1,56,9,1402,1,16,6,3,6
2017120115742,1,5,0,18,0,2,1,0,1,9,1,1,6,1,52,8,745,1,1,6,2,6
2017120116106,1,9,0,5,0,8,0,0,0,0,3,1,6,2,51,8,998,1,8,2,1,2
2017120116106,2,1,0,18,0,8,0,0,0,0,1,1,2,1,28,6,-1,-1,-1,8,1,8
2017120116134,1,9,0,18,0,0,0,0,7,9,1,1,2,2,21,5,998,1,7,8,2,8
2017120116240,1,9,0,3,0,0,0,0,0,0,2,1,1,1,36,7,1364,1,2,3,1,3
2017120116240,2,9,0,18,0,0,0,0,0,0,1,1,6,2,71,10,1364,1,2,5,3,5
2017120116555,1,9,0,18,0,0,0,0,0,0,0,1,6,3,-1,-1,-1,-1,-1,-1,-1,-1
2017120116898,1,9,0,5,0,2,0,0,0,0,1,1,1,1,54,8,1598,2,4,10,1,10
2017120116916,1,9,0,18,0,0,0,0,4,7,4,1,2,2,26,6,1388,1,10,7,1,7
2017120116916,2,21,1,12,0,0,0,0,0,0,3,1,1,1,60,9,12809,2,1,7,3,7
2017120116986,1,3,0,3,0,0,0,0,0,0,2,1,6,1,69,10,125,1,1,5,3,5
2017120116986,2,9,0,4,0,0,0,0,0,0,1,1,6,1,32,6,1956,2,8,2,1,2
2017120117010,1,9,0,18,0,1,0,0,0,0,1,1,6,1,36,7,1969,2,3,10,2,10
2017120117010,2,19,0,4,0,1,0,0,0,0,2,1,1,1,65,9,1995,2,10,7,3,7
2017120117038,1,9,0,18,0,1,0,0,0,0,1,1,6,1,52,8,2826,2,20,4,1,4
2017120117038,2,9,0,18,0,1,0,0,0,0,1,1,6,1,34,6,1242,1,10,3,1,3
2017120117038,3,9,0,10,0,1,0,0,0,0,2,1,6,2,45,7,2902,2,11,3,1,3
2017120117060,1,9,0,9,0,6,0,0,0,0,1,1,6,2,38,7,1998,2,11,6,3,6
2017120117060,2,2,0,18,0,8,0,0,0,0,4,1,2,1,16,4,49,1,4,6,3,6
2017120117060,3,19,0,18,0,1,0,0,0,0,1,1,6,1,20,4,2402,2,17,6,1,6
2017120117060,4,9,0,2,0,1,0,0,0,0,0,1,6,3,-1,-1,-1,-1,-1,-1,-1,-1
2017120117080,1,9,0,18,0,0,2,0,7,3,3,1,6,2,47,8,-1,-1,-1,6,3,6
2017120117080,2,9,0,18,0,0,0,0,0,0,1,1,6,2,43,7,1685,2,1,9,3,9
2017120117106,1,9,0,9,0,1,0,0,0,0,1,1,1,2,63,9,1598,1,5,-1,-1,-1
2017120117106,2,9,0,17,0,1,2,7,1,7,4,1,6,2,49,8,1560,2,6,9,3,9
2017120117477,1,9,0,16,0,1,0,0,0,0,4,1,6,1,70,10,1200,1,1,4,1,4
2017120117627,1,9,0,9,0,6,0,0,1,10,1,1,6,1,76,11,1298,1,16,3,3,3
2017120117627,2,9,0,18,0,1,1,0,0,0,1,1,6,1,77,11,1968,2,5,7,1,7
2017120117754,1,5,0,17,0,7,0,0,0,0,3,1,6,1,60,9,988,1,15,10,1,10
2017120117873,1,9,0,18,0,8,0,0,0,0,1,1,6,3,-1,-1,-1,-1,-1,-1,-1,-1
2017120117873,2,9,0,18,0,8,0,0,0,0,2,1,6,2,45,7,1956,2,2,7,1,7
2017120117903,1,19,0,18,0,4,0,0,0,0,1,1,1,1,36,7,1248,2,2,2,1,2
2017120117903,2,1,0,18,0,4,0,0,0,0,3,1,2,1,53,8,-1,-1,-1,9,1,9
2017120118117,1,9,0,18,0,0,0,0,0,0,1,1,6,2,56,9,-1,-1,-1,8,1,8
2017120118119,1,9,0,9,0,6,0,0,0,0,1,1,6,1,32,6,-1,-1,-1,6,3,6
2017120118119,2,3,0,18,0,8,0,0,7,9,4,1,6,1,19,4,124,1,6,6,1,6
2017120118193,1,9,0,12,0,6,1,0,0,6,3,1,6,1,79,11,1395,1,4,8,3,8
2017120118193,2,21,1,18,0,2,0,0,0,0,4,1,1,1,55,8,12777,2,4,5,2,5
2017120118193,3,21,1,18,0,2,0,0,0,0,4,1,1,1,57,9,6700,2,-1,7,1,7
2017120118379,1,9,0,18,0,0,0,0,0,0,1,1,6,1,66,10,1968,2,-1,8,3,8
2017120118379,2,9,0,18,0,0,0,0,0,0,1,1,6,1,28,6,-1,-1,-1,6,1,6
2017120118409,1,9,0,18,0,0,5,0,0,0,1,1,6,1,70,10,1910,2,7,4,3,4
2017120118409,2,21,1,18,0,0,0,0,1,0,3,1,1,1,42,7,12777,2,5,5,3,5
2017120118409,3,9,0,18,0,0,0,0,0,0,1,1,6,1,73,10,1560,2,1,4,1,4
2017120118689,1,9,0,18,0,0,0,0,0,0,1,1,6,1,24,5,1386,1,5,4,1,4
2017120118689,2,9,0,18,0,0,0,0,0,0,1,1,6,1,65,9,1242,1,5,-1,-1,-1
2017120118689,3,9,0,18,0,0,0,0,0,0,0,1,6,1,56,9,1598,2,1,4,1,4
2017120118901,1,9,0,18,0,0,0,0,1,0,1,1,6,2,81,11,1490,1,10,9,1,9
2017120118901,2,21,0,18,0,0,1,0,7,0,1,1,1,1,62,9,12419,2,1,10,1,10
2017120118901,3,9,0,18,0,0,1,0,0,0,2,1,6,1,47,8,1968,2,3,-1,1,-1
2017120118901,4,9,0,18,0,0,1,0,0,0,1,1,6,1,42,7,-1,-1,-1,8,3,8
2017120118952,1,9,0,9,0,1,0,0,0,0,4,1,6,2,44,7,1499,1,-1,4,3,4
2017120118952,2,8,0,18,0,1,0,0,0,0,1,1,3,1,34,6,-1,-1,-1,-1,-1,-1
2017120119051,1,21,1,12,0,0,0,0,0,0,3,1,1,1,54,8,12419,2,6,4,1,4
2017120119051,2,9,0,18,0,0,1,0,4,6,3,1,6,2,25,5,1461,2,9,1,1,1
2017120119051,3,9,0,18,0,0,0,0,0,0,4,1,6,1,25,5,1910,2,12,1,1,1
2017120119068,1,9,0,13,0,0,0,0,0,0,2,1,6,2,80,11,1984,2,5,9,1,9
2017120119068,2,19,0,13,0,0,0,0,0,0,1,1,1,1,54,8,-1,-1,-1,5,1,5
2017120119482,1,9,0,18,0,0,0,0,0,0,1,1,6,1,63,9,1598,1,6,4,3,4
2017120119482,2,8,0,6,0,0,0,0,1,11,2,1,6,1,71,10,-1,-1,-1,1,1,1
2017120119528,1,1,0,16,0,0,0,0,1,11,1,1,6,1,28,6,-1,-1,-1,10,1,10
2017120119528,2,9,0,18,0,0,0,0,0,0,0,1,6,2,74,10,1560,2,11,6,3,6
2017120119560,1,9,0,9,0,8,0,0,0,0,1,1,6,3,53,8,2435,1,15,9,2,9
2017120119560,2,1,0,18,0,8,0,0,0,0,1,1,6,1,15,3,-1,-1,-1,8,3,8
2017120119646,1,9,0,18,0,1,0,0,0,0,1,1,6,1,41,7,1399,1,-1,6,3,6
2017120119646,2,9,0,5,0,6,0,0,0,0,1,1,6,1,36,7,1969,2,1,6,3,6
2017120119921,1,9,0,13,0,0,0,0,0,0,3,1,6,2,24,5,1968,2,4,7,3,7
2017120119921,2,1,0,16,0,0,0,0,0,0,0,1,2,1,26,6,-1,-1,-1,7,3,7
2017120120164,1,9,0,18,0,1,0,0,0,0,1,1,6,1,86,11,1490,1,11,6,3,6
2017120120164,2,9,0,4,0,1,0,0,0,0,2,1,6,2,29,6,999,1,1,8,2,8
2017120120164,3,9,0,4,0,1,0,0,0,0,2,1,6,2,48,8,2143,2,1,8,1,8
2017120120178,1,3,0,17,0,0,0,0,1,0,1,1,6,1,22,5,125,1,1,2,1,2
2017120120283,1,9,0,18,0,0,2,0,7,0,0,2,6,1,30,6,-1,-1,-1,2,1,2
2017120120325,1,9,0,18,0,1,0,0,0,0,4,1,6,3,-1,-1,-1,-1,-1,-1,-1,-1
2017120120488,1,9,0,18,0,8,0,0,0,0,0,1,2,1,46,8,1461,2,3,7,3,7
2017120120488,2,9,0,18,0,1,1,0,7,9,0,1,2,1,42,7,1461,2,5,7,3,7
2017120120504,1,9,0,1,0,1,0,0,7,11,2,1,1,1,62,9,1798,8,-1,8,2,8
2017120120812,1,8,0,18,0,0,0,0,0,0,3,1,1,1,54,8,1598,2,7,4,1,4
2017120120812,2,1,0,18,9,0,0,0,0,0,1,1,6,1,4,1,-1,-1,-1,6,1,6
2017120121093,1,9,0,16,0,0,5,4,0,0,2,1,6,1,21,5,1499,1,-1,10,1,10
2017120121093,2,9,0,2,0,0,0,0,0,0,4,1,6,3,-1,-1,1390,1,8,4,1,4
2017120121284,1,9,0,9,0,1,0,0,0,0,1,1,6,1,70,10,1364,1,10,5,1,5
2017120121485,1,4,0,4,0,1,1,0,0,0,0,1,6,2,19,4,125,1,-1,4,1,4
2017120121485,2,19,0,5,0,6,0,0,0,0,0,1,1,1,46,8,2488,2,4,7,1,7
2017120121844,1,9,0,6,8,0,0,0,0,0,3,1,6,1,35,6,-1,-1,-1,5,1,5
2017120121844,2,9,0,18,0,0,0,0,0,0,4,1,6,1,71,10,1299,1,15,5,1,5
2017120122017,1,9,0,18,0,1,0,0,0,0,3,1,6,1,54,8,1242,1,10,2,1,2
2017120122017,2,1,0,9,0,2,0,0,0,0,4,1,6,2,31,6,-1,-1,-1,7,1,7
2017120122113,1,3,0,16,0,0,0,0,0,0,3,1,6,1,17,4,124,1,1,9,3,9
2017120122113,2,9,0,17,0,0,0,0,0,0,3,1,6,1,78,11,1598,1,10,4,1,4
2017120122206,1,9,0,4,0,4,0,0,0,0,3,1,6,1,26,6,1390,1,7,7,3,7
2017120122206,2,1,0,18,0,4,0,0,0,0,4,1,6,1,48,8,-1,-1,-1,9,2,9
2017120122215,1,9,0,6,0,0,0,0,0,0,2,1,6,1,21,5,1995,2,4,10,2,10
2017120122215,2,1,0,18,0,0,0,0,0,0,1,1,6,1,21,5,-1,-1,-1,10,2,10
2017120122215,3,9,0,18,0,0,0,0,0,0,1,1,6,2,24,5,1299,1,12,10,2,10
2017120122237,1,9,0,18,0,8,0,0,0,0,1,1,6,2,49,8,1998,1,1,10,1,10
2017120122237,2,9,0,18,0,8,0,0,0,0,1,1,6,1,33,6,1794,1,12,9,1,9
2017120122262,1,9,0,9,0,6,0,0,3,9,0,1,6,1,22,5,1598,1,2,10,2,10
2017120122262,2,9,0,18,0,8,0,0,7,0,0,1,6,1,27,6,1968,2,8,6,2,6
2017120122295,1,9,0,8,0,1,0,0,0,0,2,1,6,2,63,9,1998,1,15,5,2,5
2017120122295,2,9,0,18,0,1,0,0,0,0,1,1,6,1,24,5,-1,-1,-1,3,2,3
2017120122504,1,9,0,9,0,6,0,0,0,0,3,1,6,2,18,4,1198,1,4,5,3,5
2017120122504,2,9,0,18,0,1,0,0,0,0,1,1,6,2,30,6,1124,1,15,5,1,5
2017120122600,1,9,0,18,0,1,0,0,0,0,1,1,6,2,23,5,-1,-1,-1,-1,-1,-1
2017120122600,2,9,0,9,0,6,0,0,0,0,3,1,6,1,80,11,1997,2,3,-1,-1,-1
2017120122618,1,9,0,9,0,6,0,0,0,0,3,1,6,1,72,10,2143,2,3,9,3,9
2017120122618,2,9,0,18,0,1,0,0,0,0,4,1,6,1,72,10,1193,1,2,5,1,5
2017120122621,1,2,0,5,0,0,0,0,0,0,4,1,6,1,75,10,49,1,12,10,1,10
2017120123032,1,9,0,5,0,2,0,0,0,0,1,1,6,1,46,8,1560,2,1,6,3,6
2017120123032,2,5,0,16,0,1,1,0,0,0,4,1,6,1,43,7,750,1,7,1,1,1
2017120123155,1,9,0,9,0,5,0,0,0,0,3,1,3,1,45,7,1910,2,10,8,1,8
2017120123155,2,2,0,13,0,8,0,0,0,0,4,1,6,1,16,4,49,1,9,9,1,9
2017120123322,1,9,0,18,0,2,0,0,0,0,1,1,2,1,63,9,2198,1,15,8,2,8
2017120123322,2,9,0,3,0,2,0,0,0,0,2,1,2,1,27,6,1799,1,11,5,1,5
2017120123322,3,9,0,3,0,2,0,0,0,0,2,1,2,1,39,7,1390,1,15,-1,-1,-1
2017120123400,1,5,0,18,0,8,0,0,0,0,1,1,6,1,45,7,1170,1,1,10,1,10
2017120123400,2,9,0,18,0,4,0,0,0,0,3,1,6,1,53,8,1998,2,8,5,2,5
2017120123465,1,9,0,17,0,2,0,0,5,6,1,1,6,2,22,5,1229,1,5,2,1,2
2017120123567,1,9,0,7,0,6,0,0,0,0,1,1,6,1,41,7,1596,1,11,8,3,8
2017120123567,2,1,0,18,0,8,0,0,0,0,2,1,6,2,18,4,-1,-1,-1,9,3,9
2017120123569,1,9,0,3,0,0,0,0,0,0,2,1,6,1,46,8,-1,-1,-1,6,1,6
2017120123569,2,9,0,3,0,0,0,0,0,0,2,1,2,1,31,6,1968,2,1,8,1,8
2017120123569,3,9,0,3,0,0,0,0,0,0,2,1,6,2,59,9,-1,-1,-1,5,1,5
2017120123569,4,9,0,18,0,0,0,0,0,0,1,1,6,2,61,9,1248,1,5,10,3,10
2017120123644,1,9,0,4,0,4,0,0,0,0,2,1,3,2,45,7,1598,2,5,8,1,8
2017120123644,2,8,0,5,0,4,0,0,0,0,1,1,6,1,45,7,2148,2,13,8,1,8
2017120123648,1,9,0,7,0,5,0,0,1,4,1,1,6,2,26,6,-1,-1,-1,-1,-1,-1
2017120123876,1,9,0,9,0,1,1,10,7,0,1,1,6,1,17,4,1560,2,4,4,1,4
2017120123939,1,5,0,13,0,1,0,0,0,0,1,1,2,1,54,8,696,1,5,7,3,7
2017120123939,2,19,0,9,0,5,0,0,0,0,2,1,1,1,36,7,2143,2,5,3,1,3
2017120124069,1,9,0,3,0,0,0,0,0,0,2,1,6,2,49,8,1560,2,1,7,3,7
2017120124069,2,9,0,18,0,0,0,0,0,0,1,1,6,2,77,11,-1,-1,-1,-1,-1,-1
2017120124081,1,9,0,7,0,5,0,0,0,0,4,1,6,1,33,6,-1,-1,-1,8,1,8
2017120124081,2,1,0,18,0,5,0,0,0,0,1,1,6,1,32,6,-1,-1,-1,8,1,8
2017120124159,1,9,0,18,0,0,2,0,2,7,1,1,6,1,21,5,993,1,15,8,1,8
2017120124255,1,8,0,4,0,0,0,0,0,0,2,1,6,3,-1,-1,-1,-1,-1,-1,-1,-1
2017120124255,2,9,0,4,0,0,0,0,0,0,2,1,6,2,-1,-1,-1,-1,-1,-1,-1,-1
2017120124255,3,9,0,18,0,0,0,0,0,0,1,1,6,2,23,5,1149,1,9,9,3,9
2017120124538,1,9,0,18,0,0,0,0,0,0,1,1,6,1,46,8,2967,1,16,5,1,5
2017120124538,2,9,0,18,0,0,0,0,0,0,2,1,6,1,21,5,999,1,1,6,1,6
2017120124769,1,9,0,3,0,4,0,0,0,0,2,1,3,2,40,7,1968,2,6,9,2,9
2017120124769,2,9,0,4,0,4,0,0,0,0,1,1,6,2,67,10,2993,2,4,10,2,10
2017120124818,1,9,0,4,0,0,0,0,0,0,1,1,6,2,39,7,1968,2,-1,1,1,1
2017120124818,2,9,0,3,0,0,0,0,0,0,2,1,6,1,42,7,1995,2,5,-1,-1,-1
2017120124818,3,9,0,3,0,0,0,0,0,0,2,1,6,2,49,8,1397,1,8,8,1,8
2017120124845,1,5,0,18,0,1,0,0,0,0,1,1,6,1,27,6,998,1,2,10,1,10
2017120124845,2,17,4,10,0,1,0,0,0,0,2,1,1,1,59,9,4400,2,19,7,3,7
2017120124854,1,9,0,5,0,6,0,0,0,0,3,1,6,1,26,6,1910,2,9,8,3,8
2017120124854,2,9,0,18,0,8,0,0,0,0,4,1,6,1,74,10,1984,1,4,7,2,7
2017120124874,1,9,0,18,0,0,0,0,0,0,1,1,6,1,28,6,1598,1,5,7,1,7
2017120124874,2,2,0,18,0,0,0,0,0,0,1,1,6,3,-1,-1,49,1,13,-1,-1,-1
2017120124912,1,9,0,18,0,0,0,0,0,0,4,1,6,1,27,6,1896,2,10,4,1,4
2017120124912,2,9,0,18,0,0,0,0,0,0,4,1,6,2,30,6,2393,2,-1,7,3,7
2017120124973,1,9,0,18,0,0,0,0,7,0,3,1,6,1,49,8,1998,2,4,-1,1,-1
2017120124973,2,9,0,18,0,0,0,0,0,0,3,1,6,1,54,8,1997,2,7,7,1,7
2017120124973,3,5,0,18,0,0,0,0,0,0,1,1,6,1,46,8,1002,1,26,1,1,1
2017120124973,4,5,0,18,0,0,0,0,0,0,0,1,6,1,53,8,675,1,5,6,1,6
2017120124991,1,19,3,9,0,1,0,0,0,0,3,1,6,1,43,7,2953,2,-1,1,3,1
2017120124991,2,5,0,13,0,1,0,0,7,0,1,1,6,1,69,10,998,1,16,5,2,5
2017120125090,1,3,0,17,0,0,0,0,2,11,1,1,6,1,21,5,125,1,3,7,2,7
2017120125147,1,9,0,9,0,1,0,0,0,0,0,1,6,3,30,6,-1,-1,-1,8,3,8
2017120125147,2,2,0,9,0,1,0,0,0,0,3,1,6,2,56,9,49,1,14,3,2,3
2017120125305,1,9,0,5,0,4,0,0,0,0,1,1,1,2,57,9,899,1,2,10,1,10
2017120125305,2,1,0,18,0,8,0,0,0,0,1,1,6,2,26,6,-1,-1,-1,10,1,10
2017120125460,1,9,0,5,0,8,0,0,0,0,1,1,6,1,29,6,1461,2,1,9,2,9
2017120125460,2,9,0,18,0,8,0,0,1,0,3,1,2,2,28,6,1197,1,2,9,2,9
2017120125703,1,9,0,18,0,0,1,0,2,7,4,1,6,1,31,6,-1,-1,-1,5,3,5
2017120125703,2,21,1,18,0,0,1,0,0,0,1,1,1,1,60,9,12809,2,1,3,1,3
2017120125703,3,9,0,18,0,0,0,0,0,0,0,1,1,1,44,7,2993,2,2,5,3,5
2017120125754,1,9,0,18,0,8,0,0,0,0,4,1,6,1,24,5,-1,-1,-1,7,1,7
2017120125754,2,1,0,18,0,6,0,0,0,0,1,1,6,1,10,2,-1,-1,-1,1,1,1
2017120125809,1,9,0,1,0,0,0,0,0,0,2,1,1,1,46,8,-1,-1,-1,5,1,5
2017120125809,2,9,0,2,0,0,0,0,0,0,1,1,6,3,-1,-1,999,1,-1,-1,-1,-1
2017120125954,1,9,0,7,0,5,0,0,0,0,4,1,6,2,25,5,1598,2,4,1,1,1
2017120125954,2,1,0,18,0,1,0,0,0,0,1,1,1,1,51,8,-1,-1,-1,3,2,3
2017120126139,1,1,0,17,0,0,1,0,0,0,1,1,6,1,49,8,-1,-1,-1,10,1,10
2017120126139,2,9,0,3,0,0,0,0,0,0,1,1,6,1,51,8,1999,1,2,8,2,8
2017120126235,1,1,0,10,0,1,0,0,0,0,1,1,2,1,46,8,-1,-1,-1,10,2,10
2017120126235,2,9,0,9,0,1,0,0,0,0,3,1,6,2,70,10,1560,2,7,10,2,10
2017120126339,1,1,0,18,0,0,0,0,0,0,1,1,6,1,16,4,-1,-1,-1,7,1,7
2017120126339,2,9,0,18,0,0,0,0,0,0,4,1,2,1,42,7,1796,1,9,6,1,6
2017120126415,1,9,0,9,0,1,0,0,0,0,1,1,2,2,49,8,1595,2,7,9,3,9
2017120126415,2,1,0,18,0,1,0,0,0,0,4,1,6,1,53,8,-1,-1,-1,10,1,10
2017120126415,3,9,0,18,0,2,0,0,0,0,0,1,6,3,-1,-1,-1,-1,-1,-1,-1,-1
2017120126417,1,9,0,9,0,8,0,0,0,0,0,1,6,2,74,10,998,1,9,-1,-1,-1
2017120126417,2,5,0,18,0,8,1,0,0,0,0,1,6,1,45,7,-1,-1,-1,10,2,10
2017120126749,1,9,0,9,0,6,0,0,0,0,3,1,6,2,34,6,1242,1,14,5,1,5
2017120126749,2,9,0,18,0,1,0,0,1,0,1,1,2,1,33,6,1956,2,3,5,2,5
2017120126780,1,2,0,18,0,0,1,0,0,0,1,1,6,1,28,6,49,1,2,5,3,5
2017120126780,2,9,0,18,0,0,0,0,0,0,2,1,6,1,45,7,1422,2,9,4,3,4
2017120127197,1,9,0,18,0,1,0,0,0,0,1,1,6,1,23,5,1968,2,3,-1,-1,-1
2017120127197,2,9,0,9,0,1,0,0,0,0,1,1,1,1,56,9,1753,2,13,6,2,6
2017120127197,3,9,0,2,0,1,0,0,0,0,2,1,6,1,36,7,1229,1,4,-1,-1,-1
2017120127197,4,9,0,18,0,1,0,0,0,0,0,1,6,3,-1,-1,-1,-1,-1,-1,-1,-1
2017120127211,1,17,4,17,0,0,3,0,7,9,1,1,1,1,18,4,6728,2,3,7,2,7
2017120127317,1,9,0,18,0,0,0,0,1,4,1,1,6,1,76,11,1339,1,11,4,1,4
2017120127687,1,9,0,7,4,5,0,0,0,0,4,1,1,1,35,6,-1,-1,-1,8,3,8
2017120127687,2,1,0,18,4,8,0,0,0,0,1,1,1,1,46,8,-1,-1,-1,10,1,10
2017120127795,1,19,0,18,0,0,0,0,0,0,4,1,6,1,56,9,-1,-1,-1,3,2,3
2017120128208,1,9,4,18,0,0,3,0,0,0,1,1,6,1,86,11,1995,1,13,9,1,9
2017120128208,2,9,0,18,0,0,0,0,0,0,1,1,6,1,73,10,1560,2,3,10,3,10
2017120128388,1,4,0,5,0,4,1,0,1,9,4,1,2,1,37,7,999,1,8,10,1,10
2017120128556,1,19,0,18,0,0,0,0,0,0,1,1,2,1,29,6,-1,-1,-1,8,3,8
2017120128556,2,9,0,4,0,0,0,0,0,0,2,1,6,2,65,9,1242,1,9,3,1,3
2017120129010,1,9,0,1,9,6,0,0,0,0,2,1,6,2,43,7,2488,2,7,9,1,9
2017120129074,1,9,0,17,0,0,0,0,0,0,1,1,6,2,57,9,1995,2,15,6,3,6
2017120129074,2,1,0,16,0,0,0,0,7,0,1,1,6,1,14,3,-1,-1,-1,9,2,9
2017120129173,1,19,0,18,0,0,0,0,0,0,1,1,1,1,26,6,-1,-1,-1,5,2,5
2017120129173,2,19,0,3,0,0,0,0,0,0,2,1,1,2,33,6,1598,2,4,2,1,2
2017120129173,3,9,0,18,0,0,0,0,1,0,1,1,6,1,64,9,2400,2,-1,9,1,9
2017120129173,4,9,0,3,0,0,0,0,0,0,2,1,6,1,35,6,-1,-1,-1,6,1,6