Accident_Index,Vehicle_Reference,Vehicle_Type,Towing_and_Articulation,Vehicle_Manoeuvre,Vehicle_Location-Restricted_Lane,Junction_Location,Skidding_and_Overturning,Hit_Object_in_Carriageway,Vehicle_Leaving_Carriageway,Hit_Object_off_Carriageway,1st_Point_of_Impact,Was_Vehicle_Left_Hand_Drive?,Journey_Purpose_of_Driver,Sex_of_Driver,Age_of_Driver,Age_Band_of_Driver,Engine_Capacity_(CC),Propulsion_Code,Age_of_Vehicle,Driver_IMD_Decile,Driver_Home_Area_Type,Vehicle_IMD_Decile
2017120223043,2,1,0,18,0,8,0,0,0,0,4,1,6,2,58,9,-1,-1,-1,10,1,10
2017120223061,1,19,0,18,0,8,0,0,0,0,1,1,6,3,-1,-1,-1,-1,-1,-1,-1,-1
2017120223061,2,1,0,18,0,8,0,0,0,0,3,1,6,1,56,9,-1,-1,-1,-1,-1,-1
2017120223153,1,1,0,18,0,0,0,0,0,0,1,1,4,2,14,3,-1,-1,-1,3,1,3
2017120223153,2,19,0,18,0,0,1,0,0,0,3,1,6,3,-1,-1,-1,-1,-1,-1,-1,-1
2017120223179,1,9,0,9,0,2,0,0,0,0,1,1,2,1,59,9,1598,1,13,5,1,5
2017120223288,1,9,0,17,0,0,0,0,0,0,1,1,6,2,43,7,1598,2,3,5,1,5
2017120223288,2,9,0,16,0,0,0,0,0,0,1,1,6,2,50,8,1994,2,7,4,1,4
2017120223441,1,9,0,16,0,0,0,0,0,0,0,1,2,2,23,5,1398,1,2,6,3,6
2017120223441,2,9,0,18,0,0,0,0,0,11,0,1,2,1,51,8,1364,1,12,6,2,6
2017120223442,1,9,0,18,0,1,2,0,0,0,3,1,1,1,20,4,1086,1,11,6,1,6
2017120223502,1,9,0,17,0,0,1,0,1,11,1,1,6,1,50,8,1396,1,13,-1,-1,-1
2017120223502,2,9,0,17,0,0,1,0,1,11,1,1,2,1,21,5,1796,1,12,4,1,4
2017120223502,3,9,0,17,0,0,1,0,7,9,1,1,6,1,42,7,1998,2,9,6,3,6
2017120223521,1,2,0,18,0,0,0,0,0,0,1,1,6,1,-1,-1,-1,-1,-1,-1,-1,-1
2017120223530,1,9,0,9,0,5,1,0,1,11,1,1,1,1,22,5,973,1,16,3,1,3
2017120223546,1,5,0,16,0,0,1,0,0,0,0,1,6,1,53,8,1170,1,3,10,1,10
2017120223550,1,1,0,17,0,0,0,0,1,0,1,1,6,1,55,8,-1,-1,-1,10,1,10
2017120223550,2,9,4,13,0,0,0,0,0,0,4,1,6,1,39,7,1984,1,6,8,1,8
2017120223550,3,1,0,17,0,0,0,0,1,0,1,1,6,1,66,10,-1,-1,-1,10,1,10
2017120223666,1,9,0,17,0,0,2,0,0,11,1,1,6,2,23,5,1600,1,9,6,3,6
2017120223764,1,2,0,18,0,0,1,4,1,0,0,1,6,1,17,4,49,1,2,8,2,8
2017120223764,2,9,0,3,0,0,0,0,0,0,0,1,6,2,52,8,1339,1,9,5,1,5
2017120223918,1,9,0,18,0,0,0,0,0,0,1,1,6,1,27,6,1598,1,3,-1,-1,-1
2017120223918,2,9,0,3,0,0,0,0,0,0,1,1,6,2,27,6,1598,1,7,8,1,8
2017120223918,3,9,0,3,0,0,0,0,1,0,2,1,6,2,30,6,998,1,-1,8,1,8
2017120223973,1,9,0,18,0,0,2,0,2,11,1,1,2,2,61,9,1298,1,12,8,3,8
2017120224047,1,9,0,3,0,2,0,0,0,0,1,1,6,1,25,5,2926,2,14,7,1,7
2017120224047,2,9,0,3,0,2,0,0,0,0,2,1,6,2,58,9,1360,1,13,6,1,6
2017120224047,3,9,0,3,0,2,0,0,0,0,2,1,6,2,31,6,1399,1,9,2,1,2
2017120224264,1,9,0,17,0,0,0,0,1,10,1,1,6,1,77,11,1968,2,-1,8,3,8
2017120224293,1,4,0,9,0,8,1,0,0,0,3,1,2,1,27,6,124,1,14,4,1,4
2017120224352,1,1,0,18,0,0,0,0,0,0,3,1,1,1,25,5,-1,-1,-1,2,1,2
2017120224352,2,9,0,18,0,0,0,0,0,0,4,1,6,2,-1,-1,-1,-1,-1,-1,-1,-1
2017120224352,3,8,0,18,0,0,0,0,0,0,4,1,6,1,-1,-1,-1,-1,-1,-1,-1,-1
2017120224742,1,1,0,18,4,1,0,0,0,0,1,1,2,1,31,6,-1,-1,-1,7,1,7
2017120224742,2,9,0,9,0,1,0,0,0,0,1,1,6,1,-1,-1,-1,-1,-1,-1,-1,-1
2017120224926,1,9,0,9,0,1,0,0,0,0,1,1,6,1,45,7,1598,2,3,8,1,8
2017120224926,2,9,0,18,0,2,0,0,0,0,1,1,6,2,62,9,1900,2,11,7,1,7
2017120224941,1,9,0,18,0,1,1,0,1,9,0,1,6,2,33,6,998,1,10,8,3,8
2017120225044,1,9,0,18,0,1,0,0,0,0,4,1,6,3,-1,-1,-1,-1,-1,-1,-1,-1
2017120225217,1,9,0,10,0,5,0,0,0,0,1,1,3,1,47,8,1596,1,10,4,1,4
2017120225217,2,1,0,18,0,8,1,0,0,0,1,1,6,1,32,6,-1,-1,-1,4,1,4
2017120225408,1,1,0,11,0,8,0,0,0,0,4,1,6,1,43,7,-1,-1,-1,10,1,10
2017120225408,2,9,0,18,0,4,0,0,0,0,1,1,6,3,-1,-1,-1,-1,-1,-1,-1,-1
2017120225490,1,9,0,18,0,0,0,0,0,0,1,1,6,2,29,6,999,1,3,4,1,4
2017120225490,2,21,0,2,0,0,0,0,0,0,2,1,1,1,42,7,12777,2,4,1,1,1
2017120225490,3,21,1,2,0,0,0,0,0,0,0,1,1,1,45,7,12777,2,4,9,1,9
2017120225571,1,9,0,9,0,8,0,0,0,0,2,1,6,1,60,9,1999,1,6,7,1,7
2017120225571,2,21,1,18,0,8,0,0,0,0,3,2,1,1,24,5,15607,2,12,6,3,6
2017120225614,1,9,0,4,0,0,0,0,0,0,2,1,6,1,60,9,1995,2,2,6,1,6
2017120225614,2,9,0,18,0,0,0,0,0,0,1,1,2,1,41,7,1994,1,16,4,3,4
2017120225643,1,9,0,18,0,1,0,0,0,0,1,1,6,2,20,4,1199,1,14,2,1,2
2017120225643,2,9,0,10,0,1,0,0,0,0,2,1,6,1,53,8,1686,2,6,1,1,1
2017120225801,1,9,0,4,0,0,0,0,0,0,1,1,6,1,31,6,1995,2,7,5,1,5
2017120225801,2,9,0,2,0,0,0,0,0,0,2,1,6,2,59,9,1998,2,4,5,3,5
2017120225801,3,9,0,2,0,0,0,0,0,0,2,1,6,2,45,7,1968,2,6,-1,-1,-1
2017120226060,1,9,0,18,0,0,0,0,0,0,1,1,6,1,28,6,1598,1,17,-1,-1,-1
2017120226060,2,9,0,3,0,0,0,0,0,0,2,1,6,2,32,6,1461,2,1,10,1,10
2017120226085,1,9,0,18,0,0,1,0,1,7,1,1,6,1,18,4,1598,1,7,-1,-1,-1
2017120226237,1,98,0,18,0,0,0,0,0,0,1,1,6,3,-1,-1,-1,-1,-1,-1,-1,-1
2017120226237,2,1,0,18,0,0,0,0,0,0,2,1,4,2,17,4,-1,-1,-1,9,1,9
2017120226260,1,9,0,17,0,0,0,0,1,10,1,1,6,1,38,7,1395,1,-1,2,3,2
2017120226282,1,9,0,9,0,6,0,0,0,0,1,1,6,2,25,5,1598,2,5,10,1,10
2017120226914,1,9,0,9,0,1,0,0,0,0,3,1,6,2,-1,-1,-1,-1,-1,-1,-1,-1
2017120226914,2,1,0,18,4,1,0,0,0,0,1,1,1,1,23,5,-1,-1,-1,8,1,8
2017120227094,1,9,0,3,0,4,0,0,0,0,2,1,3,2,37,7,1242,1,5,10,2,10
2017120227094,2,9,0,4,0,4,0,0,0,0,1,1,2,1,64,9,1997,1,1,10,2,10
2017120227718,1,9,0,9,0,6,0,0,0,0,1,1,6,1,55,8,2268,2,7,7,1,7
2017120227718,2,9,0,18,0,1,0,0,0,0,3,1,6,1,28,6,1598,2,-1,8,2,8
2017120227789,1,20,0,5,0,0,0,0,0,0,0,1,1,1,45,7,10837,2,1,5,1,5
2017120227882,1,9,0,5,0,4,0,0,0,0,3,1,6,1,80,11,1991,2,6,9,2,9
2017120227882,2,11,0,5,0,4,0,0,0,0,1,1,1,1,30,6,9360,2,9,5,1,5
2017120228164,1,9,0,16,0,0,0,0,1,11,1,1,6,2,37,7,1422,2,9,10,1,10
2017120228315,1,9,0,18,0,0,0,0,1,10,3,1,6,1,46,8,1998,1,1,6,3,6
2017120228492,1,9,0,13,0,0,1,0,5,4,1,1,6,2,39,7,1968,2,6,6,1,6
2017120228585,1,1,0,9,0,8,0,0,0,0,1,1,6,2,61,9,-1,-1,-1,10,1,10
2017120228585,2,9,0,9,0,8,0,0,0,0,1,1,6,1,59,9,-1,-1,-1,3,1,3
2017120228875,1,9,0,18,0,8,0,0,0,0,3,1,6,1,21,5,1364,1,8,9,3,9
2017120228875,2,9,0,18,0,8,0,0,0,0,3,1,6,2,63,9,1461,2,3,7,2,7
2017120228949,1,8,0,16,0,1,0,7,1,0,1,1,1,1,54,8,1995,2,5,5,1,5
2017120229361,1,9,0,16,0,0,5,0,0,0,1,1,6,2,60,9,1997,2,12,10,2,10
2017120229361,2,9,0,17,0,0,1,0,7,9,3,1,6,3,-1,-1,1997,2,7,-1,-1,-1
2017120229570,1,9,0,18,0,0,0,10,0,0,4,1,6,2,38,7,1591,1,9,6,1,6
2017120229619,1,9,0,16,0,0,0,0,0,0,3,1,6,1,35,6,2198,2,9,5,2,5
2017120229619,2,8,0,17,0,0,0,0,1,0,3,1,1,1,33,6,1598,2,2,1,1,1
2017120229739,1,9,0,18,0,0,1,0,2,7,1,1,6,2,57,9,998,1,3,8,1,8
2017120229797,1,9,0,18,0,3,1,0,1,0,1,1,6,1,22,5,1149,1,7,2,1,2
2017120229797,2,9,0,4,0,4,1,0,1,0,3,1,6,1,47,8,1197,1,3,2,1,2
2017120230224,1,9,0,18,0,0,0,0,0,0,1,1,1,2,59,9,1399,2,10,8,1,8
2017120230224,2,9,0,18,0,0,0,0,0,0,1,1,2,1,25,5,1229,1,8,7,1,7
2017120230224,3,1,0,18,0,0,0,0,0,0,1,1,6,1,21,5,-1,-1,-1,7,1,7
2017120230240,1,9,0,3,0,4,0,0,0,0,2,1,6,1,36,7,1560,2,6,2,1,2
2017120230240,2,9,0,18,0,4,0,0,0,0,1,1,6,2,29,6,1598,1,5,9,3,9
2017120230398,1,9,0,16,0,0,5,0,7,4,0,1,6,1,39,7,1956,2,7,2,1,2
2017120230542,1,9,0,5,0,8,0,0,0,0,1,1,6,1,31,6,1984,1,-1,6,1,6
2017120230542,2,1,0,18,0,8,0,0,0,0,1,1,6,1,18,4,-1,-1,-1,-1,-1,-1
2017120230591,1,9,0,13,0,0,0,0,0,0,1,1,6,2,20,4,1242,1,11,3,1,3
2017120230591,2,9,0,18,0,0,0,0,1,0,3,1,6,1,36,7,1389,1,14,7,1,7
2017120230744,1,9,0,18,0,0,0,0,1,11,1,1,6,2,18,4,1360,1,14,6,3,6
2017120230850,1,19,0,9,0,1,0,0,0,0,1,1,6,1,30,6,1560,2,4,8,2,8
2017120230850,2,8,0,18,0,1,0,0,1,2,1,1,1,1,32,6,2198,2,3,7,1,7
2017120230873,1,9,0,18,0,0,0,0,0,0,1,1,6,1,31,6,1995,2,5,10,3,10
2017120230873,2,9,0,18,0,0,0,0,0,0,1,1,6,2,26,6,1242,1,3,9,1,9
2017120230873,3,9,0,4,0,0,0,0,1,0,2,1,6,1,93,11,-1,-1,-1,10,1,10
2017120230900,1,9,0,10,0,1,0,0,0,0,3,1,1,2,53,8,2143,2,2,7,3,7
2017120230900,2,9,0,18,0,1,0,0,0,2,3,1,6,1,30,6,1598,1,9,8,1,8
2017120230906,1,9,0,18,0,2,0,0,0,0,1,1,1,1,-1,-1,-1,-1,-1,-1,-1,-1
2017120231022,1,9,0,16,0,0,0,0,7,11,1,1,6,1,35,6,1499,2,1,6,1,6
2017120231048,1,19,0,3,0,1,0,0,0,0,2,1,6,1,25,5,2463,2,13,6,3,6
2017120231048,2,9,0,3,0,1,0,0,0,0,2,1,1,2,47,8,-1,-1,-1,8,2,8
2017120231048,3,9,0,4,0,1,1,0,0,0,1,1,6,1,21,5,1242,1,10,8,2,8
2017120231080,1,19,0,16,0,0,2,0,2,11,1,1,1,1,48,8,1560,2,6,6,3,6
2017120231080,2,19,0,2,5,0,0,0,0,0,3,1,6,3,-1,-1,2500,2,8,5,3,5
2017120231149,1,9,0,5,0,8,0,0,0,0,3,1,6,2,64,9,1968,2,4,4,3,4
2017120231149,2,2,0,18,0,8,1,0,0,0,1,1,6,1,17,4,125,1,2,9,1,9
2017120231383,1,9,0,16,0,0,1,0,0,0,3,1,2,1,68,10,1298,1,15,6,3,6
2017120231383,2,19,0,18,0,0,0,0,1,0,1,1,1,1,34,6,1997,2,-1,4,1,4
2017120231521,1,9,0,9,0,8,2,0,7,9,1,1,6,2,36,7,1896,2,20,10,2,10
2017120231600,1,9,0,17,0,0,1,0,0,11,1,1,6,2,20,4,1200,1,-1,10,1,10
2017120231698,1,9,0,18,0,1,0,0,0,0,1,1,6,1,41,7,1796,1,10,-1,-1,-1
2017120231698,2,9,0,2,0,2,0,0,0,0,2,1,6,3,-1,-1,1968,2,2,-1,-1,-1
2017120231977,1,9,0,5,0,4,0,0,0,0,1,1,6,1,86,11,1560,2,3,2,3,2
2017120231977,2,9,0,18,0,3,0,0,0,0,4,1,6,1,71,10,1596,1,9,2,1,2
2017120232390,1,9,0,9,0,8,0,0,0,0,1,1,6,1,23,5,1422,2,2,9,1,9
2017120232390,2,9,0,18,0,8,0,0,0,0,1,1,6,2,55,8,1587,1,12,9,1,9
2017120232499,1,9,0,1,0,0,0,0,0,0,2,1,1,2,72,10,1598,1,5,7,1,7
2017120232660,1,1,0,18,0,0,0,0,0,0,4,1,6,1,-1,-1,-1,-1,-1,-1,-1,-1
2017124AT1963,1,9,0,18,0,0,0,0,0,0,4,1,6,2,26,6,1242,1,13,1,1,1
2017124AT1963,2,21,1,12,0,0,0,0,0,0,4,1,1,1,57,9,12777,2,9,9,1,9
201712WB17002,1,9,0,16,0,0,5,0,7,0,1,1,2,1,21,5,1390,1,3,6,3,6
2017130086428,1,9,0,16,0,0,0,0,8,11,1,1,6,1,18,4,1390,1,11,9,3,9
20171333D0295,1,3,0,4,0,0,0,0,0,0,4,1,2,1,51,8,124,1,17,4,1,4
20171333D0295,2,9,0,4,0,0,0,0,0,0,2,1,2,1,33,6,1910,2,10,6,3,6
2017133AP0313,1,9,0,18,0,2,0,0,0,0,4,1,6,2,35,6,1390,1,16,8,1,8
2017133BE0850,1,9,0,18,0,0,0,0,0,0,1,1,6,1,33,6,1995,2,2,-1,-1,-1
2017133BE0850,2,1,0,12,0,0,2,0,0,0,2,1,6,1,36,7,-1,-1,-1,1,1,1
2017134110858,1,9,0,9,0,8,0,0,0,0,4,1,6,1,32,6,998,1,1,4,1,4
2017134110858,2,9,0,18,0,8,0,0,0,0,1,1,6,1,30,6,1061,1,14,3,1,3
2017134111110,1,9,0,18,0,1,0,0,0,0,1,1,6,1,30,6,1968,2,3,3,1,3
2017134111110,2,9,0,16,0,2,0,0,0,0,1,1,6,1,19,4,998,1,2,3,1,3
2017134111331,1,9,0,18,0,1,0,0,0,0,1,1,6,1,28,6,1390,1,4,9,1,9
2017134111331,2,9,0,18,0,1,0,0,0,0,3,1,6,1,26,6,1242,1,13,1,1,1
2017134111331,3,9,0,2,0,1,0,4,0,0,2,1,6,3,28,6,1242,1,14,-1,-1,-1
2017134111495,1,9,0,18,0,1,0,0,0,0,1,1,6,2,27,6,1896,2,9,1,1,1
2017134111495,2,9,0,3,0,1,0,0,0,0,2,1,6,1,28,6,1968,2,6,3,1,3
2017134111706,1,20,0,5,0,0,0,0,0,0,3,1,6,1,39,7,-1,-1,-1,4,1,4
2017134111706,2,9,0,18,0,0,0,0,0,0,4,1,6,2,34,6,1910,2,9,3,1,3
2017134111856,1,9,0,13,0,8,0,0,0,0,1,1,6,1,18,4,1198,1,14,1,1,1
2017134111856,2,9,0,6,0,8,0,0,7,11,3,1,6,1,17,4,1598,1,14,5,1,5
2017134112000,1,9,0,18,0,1,0,0,0,0,2,1,6,1,29,6,1596,1,8,5,3,5
2017134112000,2,19,0,18,0,1,0,0,0,0,1,1,6,1,32,6,1968,2,1,-1,-1,-1
2017134120344,1,9,0,4,0,1,1,0,3,2,1,1,2,2,70,10,998,1,4,4,1,4
2017134120471,1,9,0,18,0,0,0,0,0,6,1,1,6,1,39,7,1242,1,9,2,1,2
2017134120471,2,9,3,18,0,0,3,0,0,0,2,1,6,1,78,11,1991,2,9,4,2,4
2017134120471,3,9,3,18,0,0,0,0,0,0,0,1,6,2,69,10,2902,2,10,9,2,9
2017134120590,1,9,0,3,0,1,0,0,0,0,2,1,6,1,37,7,1598,2,6,1,1,1
2017134120590,2,9,0,18,0,1,0,0,0,0,1,1,6,3,-1,-1,-1,-1,-1,-1,-1,-1
2017134120752,1,9,0,18,0,8,0,0,0,0,1,1,6,1,62,9,1242,1,3,2,2,2
2017134120752,2,11,0,9,0,8,0,0,0,0,4,1,1,1,61,9,4461,2,3,1,1,1
2017134121054,1,9,0,11,0,0,2,0,1,7,4,1,6,1,18,4,1199,1,14,6,3,6
2017134121054,2,9,0,18,0,0,0,0,0,0,1,1,6,1,56,9,1969,2,3,9,1,9
2017134121066,1,9,0,7,0,1,0,0,0,0,4,1,2,1,54,8,1499,2,1,4,1,4
2017134121066,2,4,0,7,0,1,0,0,0,0,3,1,2,1,36,7,125,1,12,4,1,4
2017134121358,1,9,0,18,0,1,1,0,2,0,3,1,6,1,21,5,1753,2,16,1,1,1
2017134130272,1,9,0,6,0,0,0,0,0,0,3,1,6,2,32,6,1598,2,3,1,1,1
2017134130272,2,9,0,18,0,0,0,0,0,0,1,1,6,2,25,5,1956,2,2,-1,-1,-1
2017134130422,1,9,0,4,0,1,0,0,0,0,2,1,6,2,47,8,1242,1,5,8,1,8
2017134130422,2,9,0,18,0,1,0,0,0,0,1,1,6,1,47,8,1998,2,15,3,1,3
2017134130470,1,9,0,18,0,0,0,0,0,0,1,1,6,2,67,10,1999,2,1,-1,-1,-1
2017134130470,2,19,0,4,0,0,0,0,0,0,2,1,1,1,29,6,3920,2,7,3,1,3
2017134130503,1,22,0,5,0,0,0,0,0,0,1,1,6,1,86,11,-1,-1,-1,4,1,4
2017134130503,2,9,4,18,0,0,0,0,0,0,4,1,1,1,53,8,-1,-1,-1,10,1,10
2017134130648,1,9,0,18,0,0,0,0,0,0,3,1,6,2,-1,-1,1686,2,10,6,2,6
2017134130648,2,9,0,18,0,0,0,0,0,0,3,1,6,2,20,4,1900,2,11,1,1,1
2017134130711,1,9,0,10,0,8,0,0,0,0,2,1,2,2,31,6,1796,1,13,1,1,1
2017134130711,2,9,0,18,0,8,0,0,0,0,1,1,6,2,49,8,1328,1,8,7,1,7
2017134130742,1,11,0,18,0,8,0,0,0,0,4,1,1,1,43,7,7300,2,11,4,1,4
2017134130742,2,9,0,18,0,8,0,0,0,0,1,1,6,1,48,8,1598,2,6,1,1,1
2017134130747,1,9,0,9,0,6,0,0,1,9,3,1,1,2,24,5,1242,1,18,3,1,3
2017134130747,2,19,0,18,0,1,0,0,0,0,4,1,6,1,59,9,2143,2,2,3,1,3
2017134131073,1,9,0,18,0,0,0,0,0,0,1,1,6,3,28,6,998,1,4,-1,-1,-1
2017134131073,2,9,0,18,0,0,0,0,0,0,1,1,6,1,38,7,1596,1,10,-1,-1,-1
2017134131073,3,9,0,2,0,0,0,0,0,0,2,1,6,3,30,6,1248,1,4,-1,-1,-1
2017134131073,4,9,0,2,0,0,0,0,0,0,3,1,6,3,29,6,998,1,3,-1,-1,-1
2017134131073,5,9,0,2,0,0,0,0,0,0,2,1,6,3,35,6,1998,2,7,-1,-1,-1
2017134131097,1,9,0,18,0,0,0,0,0,0,1,1,6,3,-1,-1,1997,2,15,-1,-1,-1
2017134131097,2,9,0,18,0,0,0,0,0,0,2,1,6,1,40,7,1995,2,5,4,1,4
2017134131235,1,9,0,7,0,2,0,0,0,0,4,1,6,2,46,8,1461,2,6,5,1,5
2017134131416,1,9,0,18,0,0,0,0,0,0,1,1,6,1,28,6,1968,2,4,3,1,3
2017134131416,2,9,0,18,0,0,0,0,0,0,2,1,6,1,45,7,1991,1,2,1,1,1
2017134131820,1,9,0,18,0,0,0,0,0,0,1,1,6,2,50,8,998,1,7,10,1,10
2017134140221,1,20,0,4,0,0,1,0,0,0,1,1,6,1,36,7,-1,-1,-1,2,1,2
2017134140221,2,9,0,4,0,0,0,0,0,0,2,1,6,1,39,7,1995,2,3,8,1,8
2017134140404,1,9,0,7,0,4,0,0,0,0,3,1,6,1,71,10,1339,1,8,10,2,10
2017134140404,2,1,0,18,0,8,0,0,0,0,4,1,6,1,82,11,-1,-1,-1,8,1,8
2017134140453,1,9,0,9,0,1,0,0,0,0,1,1,6,1,42,7,998,1,3,1,1,1
2017134140453,2,9,0,5,0,1,0,0,0,0,1,1,6,1,72,10,2494,1,13,1,1,1
2017134140460,1,9,0,18,0,0,0,0,0,0,1,1,6,2,45,7,1910,2,9,7,1,7
2017134140822,1,9,0,18,0,0,0,0,0,0,1,1,6,1,20,4,1968,2,8,3,1,3
2017134140822,2,9,0,2,0,0,0,0,0,0,2,1,6,1,29,6,2993,2,4,7,1,7
2017134141066,1,2,0,7,0,5,0,10,2,0,0,1,6,1,42,7,49,1,9,1,1,1
2017134141066,2,9,0,11,0,5,0,0,0,0,0,1,6,3,30,6,-1,-1,-1,-1,-1,-1
2017134141070,1,2,0,18,0,0,5,0,0,0,4,1,6,1,48,8,124,1,5,2,1,2
2017134141114,1,9,0,18,0,8,0,0,0,0,1,1,6,1,23,5,1198,1,8,1,1,1
2017134141114,2,9,0,5,0,8,0,0,0,0,1,1,6,2,-1,-1,999,1,1,-1,-1,-1
2017134141116,1,9,0,18,0,7,0,0,0,0,1,1,6,2,29,6,1248,2,11,4,1,4
2017134141116,2,9,0,18,0,7,0,0,0,0,2,1,6,1,41,7,2143,2,1,8,1,8
2017134150220,1,9,0,5,0,6,1,0,0,0,4,1,2,1,30,6,1598,1,4,2,1,2
2017134150220,2,9,0,18,0,8,1,0,2,10,1,1,1,1,56,9,1560,2,6,7,1,7
2017134150325,1,9,0,16,0,0,0,0,0,0,1,1,6,1,67,10,1242,1,9,4,1,4
2017134150345,1,4,0,18,0,0,2,0,0,0,1,1,2,1,20,4,124,1,1,6,3,6
2017134150345,2,19,0,2,0,0,0,0,0,0,2,1,1,2,35,6,2148,2,9,8,1,8
2017134150379,1,9,0,18,0,1,0,0,0,0,1,1,6,1,45,7,1560,2,3,1,1,1
2017134150379,2,19,0,3,0,1,0,0,0,0,2,1,6,1,40,7,2148,2,8,2,1,2
2017134150393,1,8,0,18,0,1,0,0,0,0,1,1,6,2,47,8,1598,1,10,9,1,9
2017134150407,1,9,0,18,0,5,0,0,0,0,1,1,6,2,81,11,1229,1,3,7,1,7
2017134150440,1,9,0,9,0,6,0,0,0,0,1,1,1,1,28,6,1587,1,14,1,1,1
2017134150440,2,19,0,9,0,6,0,0,0,0,1,1,1,1,66,10,2400,2,13,4,1,4
2017134150550,1,9,0,18,0,0,0,0,0,0,4,1,6,2,26,6,1299,1,10,4,1,4
2017134150550,2,9,0,2,0,0,0,0,0,0,3,1,6,2,-1,-1,1242,1,5,3,1,3
2017134150558,1,9,0,18,0,0,0,0,0,0,1,1,6,1,48,8,1797,8,8,6,1,6
2017134150991,1,9,0,5,0,0,0,0,0,0,1,1,6,3,-1,-1,-1,-1,-1,-1,-1,-1
2017134151307,1,9,0,4,0,1,0,0,0,0,1,1,6,1,25,5,2497,1,11,9,2,9
2017134151307,2,9,0,4,0,1,0,0,0,0,2,1,6,2,33,6,1364,1,10,1,1,1
2017134151376,1,9,0,13,9,8,1,10,1,5,3,1,6,1,22,5,1896,2,12,9,1,9
2017134151376,2,9,0,18,0,8,0,0,0,0,0,1,6,2,48,8,1997,1,14,7,3,7
2017134151376,3,9,0,2,0,8,0,0,0,0,3,1,6,1,30,6,1686,2,7,-1,-1,-1
2017134160162,1,9,0,18,0,8,0,0,0,0,1,1,2,1,52,8,1364,1,9,5,1,5
2017134160162,2,8,0,18,0,8,0,0,0,0,1,1,1,1,44,7,1896,2,9,2,1,2
2017134160825,1,9,0,7,0,0,0,0,0,0,3,1,6,3,-1,-1,-1,-1,-1,-1,-1,-1
2017134160825,2,9,0,9,0,0,0,0,0,0,3,1,6,2,32,6,1598,1,13,5,1,5
2017134160953,1,9,0,9,0,1,0,0,0,0,4,1,6,1,39,7,1398,1,7,5,1,5
2017134160953,2,9,0,18,0,1,0,0,0,0,1,1,6,1,38,7,1364,1,1,9,1,9
2017134161058,1,9,0,18,0,0,0,0,0,0,1,1,6,1,19,4,999,1,2,6,1,6
2017134161058,2,9,0,3,0,0,0,0,0,0,2,1,6,1,30,6,1598,1,12,2,1,2
2017134161058,3,19,0,3,0,0,0,0,0,0,2,1,1,1,-1,-1,2198,2,1,-1,-1,-1
2017134161249,1,9,0,18,0,0,0,0,0,0,1,1,6,1,22,5,2720,2,11,7,1,7
2017134161249,2,9,0,18,0,0,0,0,0,0,2,1,6,1,37,7,1242,1,1,10,1,10
2017134161304,1,9,0,18,0,0,0,0,0,0,1,1,6,1,27,6,2179,2,10,7,1,7
2017134161304,2,9,0,18,0,0,0,0,1,11,1,1,6,1,32,6,1398,1,5,6,1,6
2017134161393,1,19,0,18,0,1,0,0,0,0,1,1,6,1,54,8,1461,2,1,4,1,4
2017134161393,2,9,0,18,0,1,0,0,0,0,2,1,6,2,42,7,898,1,1,8,1,8
2017134170189,1,9,0,7,0,6,0,0,0,0,1,1,6,1,26,6,1753,2,8,4,1,4
2017134170189,2,9,0,18,0,8,0,0,0,0,4,1,6,1,39,7,1560,2,2,1,1,1
2017134170465,1,9,0,9,0,5,0,0,0,0,1,1,6,1,26,6,-1,-1,-1,9,1,9
2017134170465,2,1,0,18,0,1,0,0,0,0,0,1,6,1,48,8,-1,-1,-1,-1,-1,-1
2017134170476,1,9,0,13,0,0,0,0,0,0,4,1,6,1,80,11,1390,1,14,7,1,7
2017134170476,2,1,0,18,0,0,0,0,0,0,3,1,6,1,46,8,-1,-1,-1,10,1,10
2017134170512,1,90,0,3,0,1,0,0,0,0,2,1,1,1,46,8,2198,2,2,2,1,2
2017134170512,2,9,0,4,0,1,0,0,0,0,1,1,1,1,32,6,1968,2,1,-1,-1,-1
2017134170626,1,1,0,18,4,8,5,0,0,0,4,1,6,1,51,8,-1,-1,-1,9,1,9
2017134170626,2,9,0,5,0,7,0,0,0,0,1,1,6,2,37,7,1329,1,4,1,1,1
2017134170674,1,9,0,3,0,0,0,0,0,0,2,1,6,2,48,8,1242,1,11,7,3,7
2017134170674,2,9,0,4,0,0,0,0,0,0,1,1,6,2,38,7,1364,2,11,3,1,3
2017134170883,1,9,0,18,0,0,0,0,0,0,4,1,6,3,-1,-1,-1,-1,-1,-1,-1,-1
2017134171066,1,9,0,18,0,6,0,0,0,0,1,1,6,3,-1,-1,-1,-1,-1,-1,-1,-1
2017134171066,2,9,0,18,0,1,0,0,0,0,3,1,6,1,42,7,1910,2,12,1,1,1
2017134171123,1,9,0,13,0,1,0,0,0,0,4,1,1,1,52,8,1968,2,1,9,3,9
2017134171123,2,9,0,9,0,1,0,0,0,0,3,1,6,2,44,7,1360,1,11,5,1,5
2017134171318,1,9,0,18,0,0,0,0,0,0,1,1,6,2,35,6,1997,2,9,4,1,4
2017134171318,2,9,0,18,0,0,0,0,0,0,1,1,6,1,29,6,1598,1,15,2,1,2