Accident_Index,Vehicle_Reference,Vehicle_Type,Towing_and_Articulation,Vehicle_Manoeuvre,Vehicle_Location-Restricted_Lane,Junction_Location,Skidding_and_Overturning,Hit_Object_in_Carriageway,Vehicle_Leaving_Carriageway,Hit_Object_off_Carriageway,1st_Point_of_Impact,Was_Vehicle_Left_Hand_Drive?,Journey_Purpose_of_Driver,Sex_of_Driver,Age_of_Driver,Age_Band_of_Driver,Engine_Capacity_(CC),Propulsion_Code,Age_of_Vehicle,Driver_IMD_Decile,Driver_Home_Area_Type,Vehicle_IMD_Decile
2017134171908,1,9,0,9,0,5,1,0,1,11,1,1,6,1,20,4,1595,1,10,1,1,1
2017134180241,1,9,0,18,0,0,1,0,1,5,4,1,6,1,28,6,1968,2,2,3,1,3
2017134180241,2,9,0,18,0,0,0,0,0,0,0,1,6,1,29,6,-1,-1,-1,-1,-1,-1
2017134180241,3,9,0,2,0,0,0,0,0,0,2,1,6,3,32,6,1242,1,11,4,1,4
2017134180241,4,9,0,2,0,0,0,0,0,0,2,1,6,3,29,6,2902,2,12,4,1,4
2017134180241,5,9,0,2,0,0,0,0,0,0,2,1,6,3,41,7,1197,1,1,4,1,4
2017134180241,6,9,0,2,0,0,0,0,0,0,2,1,6,3,43,7,1596,1,13,4,1,4
2017134180832,1,1,0,18,9,1,5,0,0,0,1,1,2,1,25,5,-1,-1,-1,1,1,1
2017134180832,2,9,0,5,9,6,0,0,0,0,4,1,2,1,55,8,2148,2,11,6,3,6
2017134181251,1,8,0,18,0,8,0,0,0,0,1,1,1,1,45,7,1499,2,2,1,1,1
2017134181251,2,9,0,18,0,8,0,0,5,1,3,1,6,2,63,9,2204,2,8,8,1,8
2017134181330,1,9,0,18,0,8,0,0,0,0,3,1,6,1,24,5,1229,1,10,5,1,5
2017134181337,1,9,0,9,0,8,0,0,0,0,1,1,6,1,19,4,998,1,4,8,2,8
2017134181337,2,9,0,18,0,8,0,0,0,0,1,1,6,1,25,5,1968,2,10,3,1,3
2017134181439,1,9,0,18,9,1,1,10,2,11,3,1,6,1,19,4,1398,1,14,1,1,1
2017134181556,1,9,0,18,0,8,0,4,1,11,4,1,6,1,23,5,1896,2,16,2,1,2
2017134181556,2,9,0,2,0,8,0,0,1,0,2,1,6,1,-1,-1,1896,2,12,-1,-1,-1
2017134181556,3,9,0,2,0,8,0,0,0,0,2,1,6,1,-1,-1,1598,1,15,-1,-1,-1
2017134190271,1,9,0,5,0,6,0,0,0,0,4,1,2,2,27,6,1461,2,1,2,1,2
2017134190271,2,9,0,18,0,1,0,0,0,0,1,1,6,1,17,4,1390,1,16,8,3,8
2017134190321,1,9,0,3,0,8,0,0,0,0,2,1,6,2,70,10,1995,1,5,6,3,6
2017134190321,2,9,0,3,0,8,0,0,0,0,2,1,6,1,61,9,1870,2,14,8,1,8
2017134190321,3,9,0,18,0,8,0,0,0,0,1,1,6,1,49,8,2179,2,3,8,1,8
2017134190351,1,9,0,18,0,0,0,0,0,0,1,1,2,1,35,6,1995,1,13,-1,1,-1
2017134190351,2,9,0,18,0,0,0,0,0,0,2,1,2,2,31,6,2777,2,9,5,1,5
2017134190382,1,9,0,7,0,5,0,0,0,0,2,1,6,1,46,8,1229,1,8,6,1,6
2017134190382,2,9,0,7,0,5,0,0,0,0,1,1,6,2,54,8,1968,2,11,2,1,2
2017134190698,1,9,0,18,0,0,0,0,0,0,1,1,6,1,35,6,1900,2,11,2,1,2
2017134190844,1,8,0,18,0,0,0,0,0,0,3,1,1,1,28,6,1896,2,7,1,1,1
2017134190923,1,9,0,18,0,1,0,0,0,0,2,1,6,1,40,7,2993,2,9,1,1,1
2017134190923,2,19,0,18,0,1,0,0,0,0,1,1,1,1,33,6,2299,2,5,1,1,1
2017134191173,1,9,0,18,0,0,0,0,0,0,2,1,6,1,64,9,1685,2,1,2,1,2
2017134191173,2,9,0,18,0,0,0,0,0,0,1,1,6,1,-1,-1,1796,1,12,-1,-1,-1
2017134191303,1,9,0,17,0,0,0,0,0,0,1,1,6,1,27,6,1598,2,5,8,1,8
2017134191303,2,9,0,17,0,0,0,0,0,0,1,1,6,2,24,5,1995,2,12,1,1,1
2017134191303,3,9,0,17,0,0,0,0,0,0,2,1,6,2,53,8,1242,1,9,1,1,1
20171341A0540,1,9,0,7,0,5,0,0,0,0,1,1,1,1,47,8,1497,8,9,1,1,1
20171341A0725,1,11,0,18,0,8,0,0,0,0,0,1,1,1,51,8,9360,2,5,-1,-1,-1
20171341A0837,1,9,0,9,0,8,0,0,0,0,4,1,6,1,26,6,1595,1,17,-1,-1,-1
20171341A0837,2,9,0,9,0,1,0,0,0,0,0,1,1,1,38,7,2993,2,3,-1,-1,-1
20171341A0865,1,9,0,16,0,0,0,0,0,0,1,1,6,1,31,6,1390,1,18,-1,-1,-1
20171341A0875,1,9,0,18,0,8,0,0,0,0,1,1,6,1,38,7,1298,1,16,3,1,3
20171341A0875,2,9,0,18,0,8,0,0,0,0,1,1,6,2,48,8,898,1,3,6,1,6
20171341A0986,1,9,0,5,0,6,0,0,0,0,3,1,6,3,-1,-1,1396,1,17,-1,-1,-1
20171341A0986,2,9,0,18,0,1,0,0,0,0,1,1,6,2,21,5,1968,2,1,8,1,8
20171341A1233,1,19,0,3,0,0,0,0,0,0,1,1,6,1,32,6,2198,2,2,-1,-1,-1
20171341A1233,2,9,0,3,0,0,0,0,0,0,2,1,6,2,27,6,1598,1,13,-1,-1,-1
20171341A1233,3,9,0,18,0,0,0,0,0,0,2,1,6,2,28,6,2993,2,1,-1,-1,-1
20171341A1234,1,21,1,18,0,0,0,0,0,0,1,1,1,1,35,6,12740,2,1,4,1,4
20171341A1358,1,9,0,18,0,0,0,0,0,0,1,1,6,1,26,6,1498,1,-1,3,1,3
20171341A1358,2,9,0,3,0,0,0,0,0,0,2,1,6,1,24,5,1598,1,11,-1,-1,-1
20171341A1358,3,8,0,3,0,0,0,0,0,0,2,1,1,1,40,7,1968,2,1,-1,-1,-1
20171341B0275,1,9,0,9,0,1,1,0,0,3,1,1,6,1,52,8,2967,2,12,8,1,8
20171341B0375,1,9,0,9,0,6,0,0,0,0,3,1,6,2,61,9,1598,2,4,7,1,7
20171341B0375,2,1,0,18,2,1,0,0,0,0,1,1,2,2,34,6,-1,-1,-1,10,1,10
20171341B0432,1,9,0,14,0,0,0,0,0,0,1,1,6,2,47,8,1997,2,5,1,1,1
20171341B0432,2,9,0,3,0,0,0,0,0,0,0,1,6,1,26,6,3960,1,22,-1,-1,-1
20171341B0624,1,3,0,18,0,8,0,0,0,0,1,1,6,1,20,4,124,1,4,2,1,2
20171341B0624,2,4,0,4,0,8,0,0,0,0,2,1,6,1,59,9,125,1,2,3,1,3
20171341B0716,1,9,0,9,0,5,0,0,0,0,4,1,6,2,19,4,998,1,10,1,1,1
20171341B0716,2,9,0,18,0,8,0,0,0,0,1,1,6,2,82,11,1318,1,2,8,1,8
20171341B1100,1,9,0,18,0,0,0,0,0,0,3,1,6,1,66,10,-1,-1,-1,-1,-1,-1
20171341B1235,1,8,0,7,0,5,0,0,0,0,1,1,1,1,-1,-1,-1,-1,-1,-1,-1,-1
20171341B1649,1,9,0,5,0,8,0,0,0,0,1,1,6,1,32,6,1598,1,13,-1,-1,-1
20171341B1649,2,9,0,5,0,8,0,0,0,0,2,1,6,2,52,8,-1,-1,-1,-1,-1,-1
20171341C0190,1,9,0,8,0,8,0,0,0,0,1,1,6,1,25,5,1896,2,15,1,1,1
20171341C0190,2,9,0,18,0,8,0,0,0,0,4,1,6,1,39,7,1968,2,8,10,1,10
20171341C0202,1,9,0,9,0,8,0,0,0,0,1,1,2,1,37,7,1896,2,9,4,1,4
20171341C0202,2,1,0,18,0,8,5,0,0,0,3,1,2,1,49,8,-1,-1,-1,-1,-1,-1
20171341C0267,1,9,0,5,0,4,0,0,0,0,3,1,1,2,44,7,2000,1,13,1,1,1
20171341C0267,2,1,0,18,0,8,0,0,0,0,1,1,1,2,50,8,-1,-1,-1,4,1,4
20171341C0311,1,9,0,9,0,5,0,0,0,0,4,1,2,2,22,5,1496,1,1,3,1,3
20171341C0311,2,1,0,18,0,8,0,0,0,0,4,1,2,1,32,6,-1,-1,-1,5,1,5
20171341C0426,1,9,0,4,0,1,1,0,0,0,1,1,6,2,23,5,1598,1,10,2,1,2
20171341C0426,2,9,0,3,0,1,0,0,0,0,2,1,6,2,60,9,-1,-1,-1,7,1,7
20171341C0498,1,9,0,18,0,8,0,0,0,0,3,1,6,1,80,11,1149,1,18,6,1,6
20171341C0498,2,9,0,18,0,8,0,0,0,0,1,1,6,1,57,9,1997,2,8,7,1,7
20171341C0561,1,9,0,4,0,5,0,0,0,0,1,1,6,1,21,5,998,1,3,6,3,6
20171341C0561,2,9,0,4,0,5,0,0,0,0,2,1,6,2,56,9,1360,1,14,3,1,3
20171341C0561,3,9,0,4,0,5,0,0,7,0,2,1,6,1,48,8,1499,2,1,6,1,6
20171341C0563,1,1,0,18,0,6,0,0,0,0,1,1,6,1,10,2,-1,-1,-1,2,1,2
20171341C0563,2,9,0,18,0,8,0,0,0,0,4,1,2,2,38,7,1390,1,8,-1,-1,-1
20171341C0567,1,9,0,18,0,0,0,0,0,0,4,1,6,1,84,11,1086,1,8,-1,-1,-1
20171341C0567,2,9,0,2,0,0,0,0,0,0,3,1,6,3,46,8,1968,2,6,7,1,7
20171341C0695,1,9,0,7,0,0,5,0,0,0,4,1,6,2,21,5,1199,1,14,5,1,5
20171341C0873,1,9,0,18,0,8,0,0,0,0,4,1,6,2,49,8,1796,1,13,1,1,1
20171341C0873,2,9,0,9,0,6,0,0,0,0,1,1,6,2,50,8,996,1,3,4,1,4
20171341C0977,1,9,0,18,0,1,0,0,0,0,1,1,6,1,40,7,1796,1,10,6,2,6
20171341C0977,2,9,0,18,0,1,0,0,0,0,2,1,6,1,30,6,-1,-1,-1,8,3,8
20171341C0988,1,19,0,18,0,0,0,4,0,0,1,1,1,1,19,4,2198,2,1,9,1,9
20171341C0988,2,9,0,2,0,0,0,4,0,0,2,1,6,1,61,9,1968,2,4,6,1,6
20171341C0988,3,20,0,2,0,0,0,4,0,0,2,1,1,1,36,7,-1,-1,-1,8,1,8
20171341C1122,1,9,0,18,0,0,0,0,0,0,3,1,2,2,42,7,1988,1,15,4,1,4
20171341C1122,2,9,0,11,0,0,0,0,0,0,4,1,2,1,34,6,1796,1,10,2,1,2
20171341C1166,1,9,0,18,0,0,0,0,0,0,4,1,6,2,29,6,1798,1,10,3,1,3
20171341C1166,2,3,0,18,0,0,0,0,0,0,1,1,1,1,17,4,125,1,7,4,1,4
20171341C1166,3,9,0,2,0,0,0,0,0,0,3,1,6,1,-1,-1,1398,1,2,4,1,4
20171341C1238,1,9,0,9,0,8,0,0,0,0,1,1,6,1,30,6,1242,1,3,7,1,7
20171341D0176,1,9,0,18,0,1,0,0,0,0,1,1,6,1,30,6,1997,2,14,4,1,4
20171341D0176,2,9,0,9,0,5,0,0,0,0,4,1,6,1,-1,-1,-1,-1,-1,-1,-1,-1
20171341D0191,1,9,0,18,0,0,1,0,7,4,1,1,6,2,31,6,1461,2,1,8,1,8
20171341D0238,1,9,0,7,0,5,0,0,0,0,1,1,2,1,64,9,1998,1,9,5,2,5
20171341D0249,1,9,0,2,0,0,0,0,0,0,2,1,6,2,43,7,2143,2,6,9,1,9
20171341D0249,2,9,0,18,0,0,0,0,0,0,1,1,6,1,-1,-1,1598,1,5,9,1,9
20171341D0323,1,9,0,17,0,8,1,0,0,0,1,1,6,2,36,7,1364,1,4,7,1,7
20171341D0323,2,9,0,2,9,8,0,0,0,0,3,1,6,1,41,7,1591,1,2,5,1,5
20171341D0385,1,9,0,18,0,8,0,0,0,0,1,1,1,2,47,8,1968,2,2,5,1,5
20171341D0385,2,8,0,9,0,8,0,0,0,0,3,1,1,1,44,7,1598,2,6,2,1,2
20171341D0449,1,9,0,18,0,8,0,0,0,0,0,2,6,3,41,7,-1,-1,-1,-1,-1,-1
20171341D0842,1,9,0,18,0,0,0,0,0,0,4,1,6,1,-1,-1,-1,-1,-1,-1,-1,-1
20171341D1270,1,11,0,5,0,4,0,0,0,0,1,1,6,3,-1,-1,-1,-1,-1,-1,-1,-1
20171341D1270,2,9,0,18,0,8,0,0,0,0,4,1,6,2,46,8,1242,1,5,1,1,1
20171341D1308,1,9,0,18,0,0,0,0,0,0,1,1,6,1,84,11,1595,1,6,7,3,7
20171341D1308,2,19,0,4,0,0,0,0,0,0,2,1,6,1,29,6,2402,2,13,2,1,2
20171341D1489,1,97,0,18,0,8,0,0,0,0,1,1,6,1,20,4,-1,-1,-1,-1,-1,-1
20171341D1489,2,9,0,9,0,5,0,0,0,0,4,1,6,1,27,6,-1,-1,-1,-1,-1,-1
20171341D1531,1,9,0,7,0,5,1,7,0,0,1,1,6,1,78,11,2204,2,9,8,1,8
20171341D1678,1,9,0,18,0,0,0,0,0,0,3,1,6,2,26,6,1242,1,2,2,1,2
20171341D1678,2,9,0,18,0,0,0,0,0,0,4,1,6,2,21,5,1598,2,6,6,1,6
20171341D1720,1,9,0,7,0,5,0,0,0,0,1,1,6,1,70,10,1598,2,3,8,1,8
20171341E0023,1,9,0,17,0,0,1,0,1,0,4,1,6,1,21,5,1984,1,14,-1,-1,-1
20171341E0364,1,9,0,18,0,0,1,0,1,11,1,1,6,1,46,8,1598,1,16,7,1,7
20171341E0364,2,9,0,2,9,0,0,0,0,0,1,1,6,3,-1,-1,1560,2,7,-1,-1,-1
20171341E0499,1,9,0,18,0,0,0,0,0,0,1,1,6,1,26,6,1328,1,13,8,1,8
20171341E0788,1,5,0,18,0,1,5,0,0,0,1,1,1,1,49,8,250,1,3,5,1,5
20171341E0788,2,9,0,18,0,1,0,0,0,0,1,1,6,1,-1,-1,1753,2,15,-1,-1,-1
20171341E0844,1,8,0,18,0,0,1,0,0,0,1,1,1,1,35,6,1896,2,7,1,1,1
20171341E0844,2,9,0,3,0,0,0,0,0,0,2,1,6,1,33,6,1995,2,6,5,1,5
20171341E0844,3,9,0,3,0,0,0,0,0,0,2,1,6,1,48,8,1560,2,4,5,1,5
20171341E0852,1,1,0,18,0,0,0,0,0,0,1,1,6,1,13,3,-1,-1,-1,2,1,2
20171341E0852,2,9,0,2,0,0,0,0,0,0,2,1,6,1,27,6,1229,1,10,3,1,3
20171341E0852,3,9,0,18,0,0,0,0,0,0,1,1,6,2,33,6,1461,2,2,2,1,2
20171341E0929,1,9,0,8,0,3,0,0,0,0,0,1,6,1,43,7,1587,1,16,6,1,6
20171341E0929,2,1,0,8,0,3,0,0,0,0,1,1,6,1,16,4,-1,-1,-1,8,1,8
20171341E0948,1,9,0,18,0,8,0,0,0,0,1,1,6,1,23,5,2143,2,2,3,1,3
20171341E0948,2,9,0,18,0,8,0,0,0,0,4,1,6,1,23,5,1422,2,1,1,1,1
20171341E1202,1,9,0,18,0,0,0,0,0,0,1,1,6,2,34,6,1984,1,5,5,1,5
20171341E1202,2,9,0,18,0,0,0,0,0,0,2,1,6,1,23,5,2981,1,1,7,3,7
20171341E1217,1,9,0,1,0,1,0,0,0,0,2,1,6,1,29,6,1598,1,11,5,3,5
20171341E1248,1,9,0,6,0,0,0,0,0,0,3,1,1,1,36,7,1598,1,15,4,1,4
20171341E1248,2,9,0,18,0,0,0,0,0,0,4,1,6,1,20,4,1968,2,11,5,1,5
20171341E1254,1,9,0,9,0,8,0,0,0,0,1,1,6,1,59,9,1796,1,3,9,1,9
20171341E1254,2,1,0,18,0,8,2,0,0,0,1,1,6,1,18,4,-1,-1,-1,1,1,1
20171341E1564,1,9,0,13,0,0,0,0,1,0,1,1,6,1,22,5,1968,2,6,3,1,3
20171341E1564,2,9,0,18,0,0,0,0,0,0,2,1,6,2,26,6,1595,1,11,6,1,6
20171341E1564,3,9,0,2,9,0,0,0,0,0,2,1,6,3,-1,-1,1206,1,7,-1,-1,-1
20171341E1564,4,9,0,2,9,0,0,0,0,0,1,1,6,3,-1,-1,1560,2,10,-1,-1,-1
20171341E1564,5,9,0,2,9,0,0,0,0,0,1,1,6,3,-1,-1,-1,-1,-1,-1,-1,-1
20171341E1591,1,9,0,2,0,8,1,0,1,10,1,1,6,1,32,6,1896,2,10,1,1,1
20171341E1591,2,9,0,18,0,8,1,0,0,0,1,1,6,1,27,6,1984,1,8,7,1,7
20171341E1609,1,9,0,6,0,0,0,0,0,0,3,1,6,1,59,9,1086,1,12,-1,-1,-1
20171341E1609,2,9,0,18,0,0,0,0,0,0,1,1,6,1,22,5,1910,2,10,5,1,5
20171341E1817,1,9,0,18,0,0,0,0,0,0,1,1,6,3,45,7,-1,-1,-1,-1,-1,-1
20171341F0014,1,8,0,18,0,1,0,0,0,0,2,1,1,1,44,7,1997,7,7,1,1,1
20171341F0014,2,9,0,18,0,1,0,0,0,0,1,1,6,2,46,8,1956,2,7,1,1,1
20171341F0162,1,9,0,17,0,0,1,0,1,2,1,1,6,1,26,6,1995,2,13,7,2,7
20171341F0287,1,9,0,18,0,1,5,10,1,1,1,1,6,1,78,11,1398,2,15,5,1,5
20171341F0594,1,9,0,9,0,8,0,0,0,0,1,1,6,1,87,11,998,1,17,10,1,10
20171341F0594,2,9,0,18,0,1,0,0,0,0,4,1,6,1,38,7,1598,1,11,1,1,1
20171341F0594,3,9,0,3,0,1,0,0,0,0,1,1,6,1,55,8,998,1,6,10,3,10
20171341F0644,1,1,0,18,0,1,0,0,0,0,2,1,6,1,31,6,-1,-1,-1,3,1,3
20171341F0644,2,9,0,18,0,1,0,0,0,0,1,1,6,2,72,10,999,1,2,9,1,9
20171341F0731,1,9,0,3,0,0,0,0,0,0,1,1,6,1,62,9,998,1,1,7,1,7
20171341F0731,2,9,0,3,0,0,0,0,0,0,2,1,6,1,51,8,1587,1,12,10,1,10
20171341F0731,3,9,0,3,0,0,0,0,0,0,2,1,6,1,42,7,1685,2,1,5,1,5
20171341F0731,4,9,0,3,0,0,0,0,0,0,2,1,6,2,63,9,1197,1,7,8,3,8
20171341F0731,5,9,0,3,0,0,0,0,0,0,2,1,6,1,26,6,1461,2,3,4,1,4
20171341F0734,1,9,0,7,0,6,0,0,0,0,3,1,6,2,44,7,1386,1,12,1,1,1
20171341F0734,2,9,0,9,0,6,0,0,0,0,1,1,6,1,40,7,1968,2,6,5,2,5
20171341F1023,1,9,0,9,0,8,0,0,0,0,3,1,6,1,33,6,1798,1,3,2,1,2
20171341F1134,1,9,0,11,0,0,0,0,5,6,3,1,6,2,57,9,1248,1,3,4,1,4
20171341F1134,2,9,0,18,0,0,0,0,5,6,4,1,6,2,30,6,1598,1,12,6,1,6
20171341F1285,1,9,0,5,0,8,0,0,0,0,1,1,6,1,48,8,998,1,15,8,1,8
20171341F1285,2,9,0,18,0,8,0,0,0,0,3,1,6,1,30,6,1995,2,11,2,1,2
20171341F1420,1,9,0,18,0,1,0,0,0,0,1,1,6,3,-1,-1,1198,1,15,-1,-1,-1
20171341F1420,2,9,0,8,0,1,0,0,0,0,2,1,6,2,35,6,1598,1,9,2,1,2
20171341G0068,1,9,0,18,0,8,2,10,1,2,1,1,6,1,30,6,1995,2,7,6,1,6
20171341G0151,1,9,0,5,0,4,0,0,0,0,1,1,6,1,26,6,1595,1,13,2,1,2
20171341G0151,2,1,0,18,0,8,0,0,0,0,4,1,6,1,52,8,-1,-1,-1,7,1,7
20171341G0256,1,21,0,9,0,0,0,0,0,0,3,1,1,1,51,8,4461,2,8,7,1,7
20171341G0256,2,3,0,13,0,0,0,0,0,0,1,1,6,1,19,4,124,1,2,4,1,4
20171341G0271,1,9,0,5,0,8,0,0,0,0,1,1,1,1,33,6,1997,2,12,2,1,2
20171341G0271,2,9,0,18,0,8,0,0,0,0,1,1,1,1,33,6,1968,2,1,10,2,10
20171341G0343,1,9,0,9,0,5,0,0,0,0,1,1,6,1,91,11,1199,1,4,8,1,8
20171341G0343,2,5,0,18,0,1,0,0,0,0,1,1,6,1,28,6,695,1,11,7,1,7
20171341G0343,3,9,0,8,0,6,0,0,0,0,1,1,6,2,54,8,1240,1,12,10,1,10
20171341G0457,1,9,0,18,0,0,0,0,0,0,1,1,6,1,55,8,1560,2,7,1,1,1
20171341G0491,1,10,0,18,0,8,0,0,0,0,4,1,1,2,26,6,-1,-1,-1,-1,-1,-1
20171341G0491,2,21,0,18,0,8,0,0,0,0,1,1,1,1,36,7,-1,-1,-1,-1,-1,-1
20171341G0534,1,9,0,18,0,8,0,0,0,0,3,1,6,1,18,4,999,1,1,2,2,2
20171341G0614,1,9,0,18,0,0,0,0,0,0,1,1,6,3,-1,-1,-1,-1,-1,-1,-1,-1
20171341G0742,1,9,0,18,0,1,0,0,0,0,0,1,6,2,36,7,2143,2,1,4,1,4
20171341G0742,2,9,0,5,0,6,0,0,0,0,0,1,6,1,50,8,1686,2,14,4,1,4
20171341G0889,1,9,0,18,0,1,0,0,0,0,1,1,6,2,34,6,998,1,16,3,1,3
20171341G0889,2,9,5,4,0,1,0,0,0,0,2,1,1,1,28,6,1229,1,10,8,1,8
20171341G0889,3,9,0,4,0,2,0,0,0,0,0,1,1,1,52,8,-1,-1,-1,8,1,8
20171341G0895,1,9,0,10,0,8,0,0,1,11,1,1,6,2,39,7,1896,2,7,3,1,3
20171341G0895,2,9,0,14,0,8,1,0,0,0,1,1,6,2,28,6,1997,2,2,1,1,1
20171341G1022,1,9,0,16,0,0,1,0,1,10,1,1,2,1,38,7,1997,1,17,1,1,1
20171341G1081,1,9,0,18,0,8,0,0,0,0,0,1,2,2,54,8,1798,1,9,5,1,5
20171341G1081,2,9,0,18,0,8,0,0,0,0,1,1,2,1,22,5,1598,2,2,-1,-1,-1
20171341G1249,1,9,0,18,0,8,0,0,0,0,4,1,2,2,52,8,1248,1,5,10,2,10
20171341G1249,2,20,0,18,0,8,0,0,0,0,1,1,2,1,48,8,-1,-1,-1,-1,-1,-1
20171341G1279,1,9,0,4,0,8,0,0,0,0,2,1,6,3,-1,-1,-1,-1,-1,-1,-1,-1
20171341G1279,2,9,0,18,0,8,0,0,0,0,1,1,2,2,21,5,1299,1,12,7,1,7
20171341G1450,1,11,0,18,0,0,0,0,0,0,4,1,1,1,51,8,7300,2,15,-1,-1,-1
20171341H0284,1,9,0,18,0,8,0,0,0,0,1,1,2,2,41,7,1799,1,10,4,1,4
20171341H0941,1,9,0,18,0,8,0,0,0,0,1,1,1,1,44,7,998,1,3,5,1,5
20171341H0941,2,9,0,3,0,8,0,0,0,0,2,1,6,1,52,8,1242,1,6,4,1,4
20171341H0941,3,21,0,3,0,8,0,0,0,0,2,1,1,1,45,7,9186,2,4,1,1,1
20171341H1116,1,9,0,9,0,1,0,0,0,0,1,1,6,1,34,6,1968,2,10,1,1,1
20171341H1143,1,9,0,18,0,8,0,0,0,0,4,1,6,2,39,7,1499,1,1,5,1,5
20171341H1143,2,9,0,7,0,6,0,0,0,0,1,1,6,2,36,7,1596,1,5,8,1,8
20171341H1169,1,9,0,18,0,1,0,0,0,0,1,1,6,3,-1,-1,1995,1,19,-1,-1,-1
20171341H1169,2,9,0,18,0,1,0,0,0,0,2,1,6,2,42,7,1798,1,-1,7,1,7
20171341H1169,3,9,0,10,0,1,0,0,0,0,2,1,6,2,26,6,1461,2,2,7,1,7
20171341H1169,4,9,0,10,0,1,0,0,0,0,1,1,2,2,46,8,1997,2,1,7,1,7
20171341H1209,1,9,0,9,0,8,0,0,0,0,4,1,6,1,46,8,1560,2,3,2,1,2
20171341H1209,2,9,0,18,0,8,0,0,0,0,1,1,2,2,18,4,1229,1,10,4,1,4
20171341H1530,1,9,0,4,0,0,0,0,0,0,2,1,6,1,37,7,2143,2,8,1,1,1
20171341H1530,2,9,0,4,0,0,0,0,0,0,2,1,6,2,26,6,1299,1,16,4,1,4
20171341H1530,3,9,0,4,0,0,0,0,0,0,1,1,6,1,-1,-1,-1,-1,-1,-1,-1,-1
20171341H1534,1,1,0,13,0,8,0,0,0,0,4,1,6,2,23,5,-1,-1,-1,6,1,6
20171341H1534,2,9,0,7,0,6,0,0,0,0,1,1,6,1,37,7,1560,2,10,1,1,1
20171341H1579,1,9,0,16,0,0,1,0,0,2,4,1,6,1,19,4,1587,1,14,3,1,3
20171341I0180,1,9,0,17,0,0,1,0,1,4,1,1,6,1,21,5,1299,1,15,1,1,1
20171341I0265,1,19,0,6,0,1,0,0,0,0,1,1,2,1,49,8,1560,2,3,2,1,2
20171341I0265,2,4,0,13,0,1,0,0,0,0,1,1,2,1,36,7,124,1,10,4,1,4
20171341I0338,1,19,0,18,0,8,0,0,0,0,1,1,1,1,47,8,1248,2,9,3,1,3
20171341I0338,2,9,0,18,0,8,0,0,0,0,4,1,6,2,30,6,1248,1,8,5,1,5
20171341I0640,1,19,0,8,0,1,0,0,0,0,1,1,1,1,24,5,2402,2,8,10,1,10
20171341I0640,2,8,0,8,0,1,0,0,0,0,2,1,1,1,43,7,-1,-1,-1,6,1,6
20171341I0945,1,21,0,12,0,0,0,0,0,0,3,1,1,1,59,9,11705,2,12,2,1,2
20171341I0945,2,9,0,18,0,0,0,0,0,0,4,1,6,1,28,6,1994,2,9,2,1,2
20171341I1186,1,1,0,18,0,1,0,0,0,0,4,1,6,1,32,6,-1,-1,-1,1,1,1
20171341I1186,2,9,0,18,0,1,0,0,0,0,1,1,6,1,36,7,1968,2,8,-1,-1,-1
20171341I1210,1,9,0,18,0,8,0,0,0,0,4,1,6,2,26,6,1240,1,12,1,1,1
20171341I1250,1,9,0,18,0,8,0,0,0,0,1,1,6,1,32,6,1951,2,14,1,1,1
20171341I1381,1,3,0,18,0,1,0,0,0,0,1,1,6,3,36,7,-1,-1,-1,-1,-1,-1
20171341J0305,1,3,0,18,0,8,0,0,0,0,3,1,6,1,18,4,124,1,1,5,1,5
20171341J0305,2,9,0,9,0,8,0,0,0,0,1,1,6,2,57,9,1968,2,5,7,1,7
20171341J0331,1,9,0,3,0,0,0,0,0,0,2,1,6,1,33,6,1798,1,10,1,1,1
20171341J0331,2,9,0,4,0,0,0,0,0,0,2,1,1,2,22,5,1360,1,9,6,1,6
20171341J0331,3,9,0,18,0,0,0,0,0,0,1,1,1,2,40,7,1900,2,11,1,1,1
20171341J0590,1,9,0,18,0,4,0,0,0,0,1,1,6,2,-1,-1,-1,-1,-1,-1,-1,-1
20171341J0608,1,9,0,5,0,6,0,0,0,0,0,1,6,1,-1,-1,-1,-1,-1,-1,-1,-1
20171341J0608,2,1,0,18,0,8,0,0,0,11,0,1,6,1,21,5,-1,-1,-1,-1,-1,-1
20171341J0890,1,19,0,16,0,3,0,0,0,0,1,1,6,1,49,8,2299,2,4,1,1,1
20171341J0890,2,9,0,4,0,3,0,0,0,0,2,1,6,2,46,8,-1,-1,-1,-1,-1,-1
20171341J1152,1,9,0,7,0,1,0,0,7,1,1,1,6,2,44,7,1329,1,8,2,1,2
20171341J1375,1,9,0,18,0,0,0,0,0,0,1,1,6,2,50,8,1364,1,10,4,2,4
20171341J1375,2,17,4,18,0,0,0,0,0,0,2,1,6,1,34,6,-1,2,15,7,3,7
20171341J1375,3,9,0,2,0,0,0,0,0,0,3,1,6,1,-1,-1,1390,1,3,3,1,3
20171341J1439,1,9,0,3,0,1,0,0,0,0,2,1,6,1,29,6,-1,-1,-1,6,1,6
20171341J1439,2,9,0,18,0,1,0,0,0,0,1,1,6,3,-1,-1,1896,2,10,-1,-1,-1
20171341J1500,1,4,0,18,0,8,5,0,0,0,1,1,6,1,26,6,124,1,1,4,1,4
20171341J1500,2,1,0,9,0,6,5,0,0,0,3,1,6,1,15,3,-1,-1,-1,2,1,2
20171341J1630,1,9,0,10,0,1,0,0,0,0,1,1,6,1,34,6,1598,1,12,-1,-1,-1
20171341J1630,2,9,0,18,0,1,0,7,0,10,4,1,6,2,23,5,1242,1,5,3,1,3
20171341J1689,1,9,0,9,0,6,0,11,0,7,1,1,6,2,26,6,1598,2,5,1,1,1
20171341J1689,2,9,0,18,0,8,0,0,0,0,1,1,1,1,-1,-1,-1,-1,-1,-1,-1,-1
20171341K0261,1,9,0,4,0,0,0,0,0,0,1,1,2,1,33,6,-1,-1,-1,3,1,3