Accident_Index,Vehicle_Reference,Vehicle_Type,Towing_and_Articulation,Vehicle_Manoeuvre,Vehicle_Location-Restricted_Lane,Junction_Location,Skidding_and_Overturning,Hit_Object_in_Carriageway,Vehicle_Leaving_Carriageway,Hit_Object_off_Carriageway,1st_Point_of_Impact,Was_Vehicle_Left_Hand_Drive?,Journey_Purpose_of_Driver,Sex_of_Driver,Age_of_Driver,Age_Band_of_Driver,Engine_Capacity_(CC),Propulsion_Code,Age_of_Vehicle,Driver_IMD_Decile,Driver_Home_Area_Type,Vehicle_IMD_Decile
20171342O0356,1,19,0,18,0,2,0,0,0,0,0,1,1,1,31,6,2402,2,15,1,1,1
20171342O0419,1,9,0,11,0,0,0,0,0,0,4,1,6,1,37,7,1560,2,4,2,1,2
20171342O0419,2,9,0,18,0,0,0,0,0,0,3,1,6,2,27,6,1781,1,11,5,1,5
20171342O0451,1,9,0,10,0,8,0,0,0,0,1,1,6,1,34,6,1598,2,2,7,1,7
20171342O0451,2,1,0,17,0,8,0,0,0,0,1,1,1,1,72,10,-1,-1,-1,9,1,9
20171342O0542,1,21,1,18,0,1,0,0,0,0,1,1,1,1,32,6,12777,2,9,-1,-1,-1
20171342O0542,2,9,0,4,0,1,0,0,0,0,2,1,6,2,66,10,1396,1,5,8,1,8
20171342O0542,3,21,1,18,0,1,0,0,0,0,1,1,1,1,37,7,-1,-1,-1,-1,-1,-1
20171342O0601,1,5,0,18,0,3,0,0,0,0,3,1,2,1,48,8,821,1,4,4,1,4
20171342O0601,2,9,0,18,0,3,0,0,0,0,1,1,2,2,26,6,1198,1,14,3,1,3
20171342O0673,1,9,0,7,0,6,0,0,0,0,1,1,6,1,82,11,1396,1,16,2,1,2
20171342O0912,1,9,0,5,0,6,0,0,0,0,1,1,6,1,81,11,1200,1,3,-1,-1,-1
20171342O0912,2,9,0,18,0,8,0,0,0,0,3,1,6,1,39,7,1598,1,14,4,1,4
20171342O0953,1,19,0,18,0,0,0,0,0,0,1,1,1,1,42,7,2143,2,1,7,1,7
20171342O1254,1,9,0,2,0,0,0,0,0,0,0,1,6,2,30,6,1991,2,15,7,2,7
20171342O1254,2,9,0,18,0,0,1,0,0,0,4,1,1,1,31,6,998,1,18,1,1,1
20171342O1317,1,11,0,7,0,8,0,0,0,0,1,1,1,1,54,8,4500,2,8,5,1,5
20171342O1331,1,9,0,1,0,0,0,0,0,0,2,1,6,2,-1,-1,-1,-1,-1,-1,-1,-1
20171342O1335,1,1,0,18,4,8,5,0,0,0,3,1,6,1,26,6,-1,-1,-1,3,1,3
20171342O1335,2,9,0,7,0,8,0,0,0,0,1,1,6,2,62,9,1229,1,9,2,1,2
20171342O1343,1,4,0,18,0,0,5,0,0,0,0,1,6,1,33,6,-1,-1,-1,-1,-1,-1
20171342O1396,1,9,0,18,0,1,0,0,0,0,0,1,1,1,40,7,2993,2,3,-1,-1,-1
20171342O1396,2,9,0,18,0,4,0,0,0,0,1,1,6,3,-1,-1,1598,2,3,-1,-1,-1
20171342O1396,3,9,0,17,0,8,0,0,0,0,4,1,2,2,49,8,1248,1,2,5,1,5
20171342O1450,1,9,0,18,0,8,1,0,7,0,1,1,6,1,25,5,1998,1,15,3,1,3
20171342O1450,2,9,0,9,0,6,0,0,0,0,1,1,6,1,69,10,1968,2,1,4,1,4
20171342O1513,1,9,0,4,0,0,0,0,0,0,1,1,6,1,33,6,1497,8,12,1,1,1
20171342O1513,2,9,0,4,0,0,0,0,0,0,2,1,6,2,26,6,1398,1,4,8,3,8
20171342O1513,3,9,0,4,0,0,0,0,0,0,2,1,6,1,61,9,1796,1,14,2,2,2
20171342O1873,1,9,0,18,0,8,0,0,1,11,1,1,6,1,31,6,1896,2,10,-1,-1,-1
20171342O1873,2,9,0,18,0,8,0,0,0,0,0,1,6,3,-1,-1,-1,-1,-1,-1,-1,-1
20171342O1888,1,9,0,7,0,6,1,0,1,5,4,1,6,1,18,4,1598,1,11,5,1,5
20171342O4444,1,9,0,18,0,0,0,0,0,0,4,1,6,2,54,8,1995,2,12,1,1,1
20171342P0067,1,9,0,7,0,6,0,0,0,0,0,1,6,3,-1,-1,-1,-1,-1,-1,-1,-1
20171342P0067,2,11,0,4,0,1,0,0,0,0,0,1,1,1,54,8,9360,2,8,5,1,5
20171342P0073,1,9,0,1,0,0,0,0,0,0,2,1,6,1,33,6,4511,1,13,-1,-1,-1
20171342P0232,1,9,0,18,0,8,0,0,2,0,4,1,2,1,33,6,1973,1,16,2,1,2
20171342P0232,2,9,0,18,0,8,0,0,0,0,1,1,6,1,36,7,1956,2,1,-1,-1,-1
20171342P0842,1,10,0,5,0,6,0,0,0,0,3,1,1,1,33,6,-1,-1,-1,1,1,1
20171342P0842,2,9,0,15,0,8,0,0,0,0,1,1,6,1,26,6,1598,1,16,1,1,1
20171342P0957,1,9,0,10,0,1,0,0,0,0,2,1,6,1,40,7,1461,2,7,9,3,9
20171342P0957,2,1,0,18,0,1,0,0,0,0,1,1,6,2,35,6,-1,-1,-1,7,1,7
20171342P0959,1,9,0,4,0,0,0,0,0,0,2,1,6,1,63,9,1560,2,3,4,2,4
20171342P0959,2,9,0,18,0,0,0,0,0,0,1,1,6,2,49,8,1149,1,13,2,1,2
20171342P1182,1,19,0,18,0,0,0,0,0,0,1,1,6,1,-1,-1,-1,-1,-1,-1,-1,-1
20171342P1182,2,9,0,4,0,0,0,0,0,0,2,1,1,2,45,7,1998,1,2,7,2,7
20171342P1293,1,9,0,9,0,1,0,0,0,0,3,1,6,2,57,9,1968,2,4,5,1,5
20171342P1293,2,1,0,18,0,1,0,0,0,0,1,1,2,1,56,9,-1,-1,-1,5,1,5
20171342P1662,1,9,0,2,0,0,0,0,0,0,2,1,6,1,27,6,1200,1,1,1,1,1
20171342P1662,2,9,0,1,0,0,0,0,0,0,2,1,6,1,44,7,1995,2,1,4,1,4
20171342P1826,1,9,0,9,0,8,0,0,0,0,1,1,6,1,22,5,1997,2,1,1,1,1
20171342P1826,2,8,0,18,0,8,0,0,1,0,3,1,1,1,36,7,1598,2,5,-1,-1,-1
20171342Q0010,1,97,0,18,0,8,0,0,0,0,1,1,6,3,-1,-1,-1,-1,-1,-1,-1,-1
20171342Q0010,2,97,0,18,0,8,0,0,0,0,0,1,6,3,-1,-1,-1,-1,-1,-1,-1,-1
20171342Q0273,1,8,0,18,0,0,0,0,0,0,1,1,1,1,48,8,1896,2,8,-1,-1,-1
20171342Q0273,2,9,0,5,0,0,0,0,0,0,3,1,6,1,21,5,-1,-1,-1,2,1,2
20171342Q0317,1,9,0,18,0,0,0,7,7,4,1,1,6,1,24,5,4163,1,3,3,1,3
20171342Q0674,1,9,0,9,0,1,0,0,0,0,3,1,6,2,82,11,999,1,-1,4,1,4
20171342Q0674,2,5,0,18,0,1,2,0,0,0,1,1,6,1,71,10,1170,1,4,3,1,3
20171342Q0696,1,19,0,16,0,0,0,0,0,0,1,1,6,1,64,9,-1,-1,-1,9,1,9
20171342Q0696,2,1,0,17,0,0,0,0,0,0,1,1,6,1,28,6,-1,-1,-1,10,1,10
20171342Q0899,1,11,0,4,0,0,0,0,0,0,0,1,1,1,39,7,7300,2,12,4,1,4
20171342Q1021,1,9,0,18,0,8,0,0,0,0,1,1,1,1,42,7,1968,2,2,-1,-1,-1
20171342Q1021,2,9,0,18,0,8,5,0,1,10,1,1,6,1,32,6,1995,2,11,1,1,1
20171342Q1082,1,9,0,18,0,0,0,0,0,0,1,1,6,2,63,9,2993,2,11,4,1,4
20171342Q1082,2,9,0,18,0,0,0,0,0,0,2,1,6,2,37,7,1587,1,12,10,1,10
20171342Q1553,1,9,0,9,0,5,0,0,0,0,1,1,6,1,31,6,1364,1,3,-1,-1,-1
20171342R0224,1,11,0,18,0,1,0,0,0,0,1,1,1,1,57,9,6000,2,21,1,1,1
20171342R0224,2,9,0,9,0,1,0,0,0,0,3,1,6,2,53,8,1360,1,13,3,1,3
20171342R0333,1,9,0,3,0,8,0,0,0,0,2,1,2,2,37,7,1461,2,3,1,1,1
20171342R0333,2,9,0,18,0,8,0,0,0,0,1,1,6,2,24,5,1995,2,10,1,1,1
20171342R0335,1,5,0,12,0,0,0,0,0,0,1,1,6,1,39,7,644,1,20,5,1,5
20171342R0335,2,9,0,18,0,0,0,0,0,0,1,1,6,2,25,5,1968,2,1,9,3,9
20171342R0467,1,9,0,7,0,0,0,0,0,0,3,1,6,2,52,8,1975,1,12,1,1,1
20171342R0467,2,9,0,18,0,0,0,0,0,0,4,1,6,2,54,8,1951,2,11,7,1,7
20171342R0574,1,9,0,9,0,0,0,0,0,0,3,1,6,1,31,6,1598,1,8,3,1,3
20171342R0574,2,9,0,18,0,0,5,0,7,11,1,1,6,1,46,8,-1,-1,-1,4,1,4
20171342R0651,1,9,0,18,0,1,0,0,0,0,1,1,6,1,54,8,1968,2,2,9,1,9
20171342R0651,2,21,1,9,0,8,0,0,0,0,4,1,1,1,64,9,12740,2,4,5,1,5
20171342R0855,1,9,0,11,0,0,0,0,0,0,1,1,6,1,19,4,2967,2,4,1,1,1
20171342R0855,2,9,0,18,0,0,0,0,0,0,2,1,1,1,64,9,2143,2,2,7,1,7
20171342R0891,1,9,0,5,0,5,0,0,0,0,1,1,6,2,18,4,1149,1,14,5,1,5
20171342R0891,2,9,0,18,0,8,0,0,0,0,4,1,6,2,43,7,1339,1,12,2,1,2
20171342R1094,1,9,0,18,0,0,0,0,0,0,1,1,6,1,20,4,1242,1,6,3,1,3
20171342R1094,2,9,0,18,0,0,0,0,0,0,2,1,6,1,21,5,1956,2,6,8,3,8
20171342R1332,1,9,0,4,0,1,0,0,0,0,1,1,6,1,71,10,1868,2,18,4,2,4
20171342S0197,1,9,0,18,0,0,0,0,0,0,1,1,2,2,53,8,998,1,5,9,3,9
20171342S0197,2,9,0,18,0,0,0,0,0,0,2,1,2,2,59,9,1395,1,3,-1,-1,-1
20171342S0197,3,9,0,18,0,0,0,0,0,0,2,1,2,2,30,6,2993,2,7,4,1,4
20171342S0213,1,5,0,11,0,0,0,0,0,0,3,1,6,1,51,8,1050,1,2,3,2,3
20171342S0213,2,19,0,11,0,0,0,0,0,0,4,1,1,1,35,6,-1,-1,-1,1,1,1
20171342S0227,1,9,0,9,0,5,0,0,0,0,1,1,6,1,69,10,1956,2,6,7,1,7
20171342S0227,2,9,0,18,0,8,0,0,0,0,1,1,6,2,35,6,1598,1,14,1,1,1
20171342S0294,1,9,0,4,0,0,0,0,0,0,2,1,6,1,78,11,1600,2,7,-1,-1,-1
20171342S0294,2,21,1,18,0,0,0,0,0,0,1,1,1,1,45,7,-1,2,9,7,2,7
20171342S0294,3,9,0,18,0,0,0,0,0,0,3,1,2,2,36,7,1797,8,4,-1,-1,-1
20171342S0294,4,21,1,18,0,0,0,0,0,0,1,1,1,1,35,6,12777,2,5,1,1,1
20171342S0739,1,9,0,18,0,1,0,0,0,0,1,1,6,2,-1,-1,-1,-1,-1,-1,-1,-1
20171342S0853,1,19,0,18,9,0,0,2,7,4,1,1,6,1,-1,-1,2198,2,2,-1,-1,-1
20171342S0973,1,9,0,7,0,6,0,0,0,0,3,1,6,1,22,5,-1,-1,-1,3,1,3
20171342S0973,2,9,0,18,0,1,0,0,0,0,1,1,6,1,39,7,1900,2,13,6,1,6
20171342S0973,3,9,0,3,0,2,0,0,0,0,2,1,6,2,41,7,1364,2,4,3,1,3
20171342S0982,1,9,0,1,0,0,0,0,0,0,2,1,6,1,36,7,1896,2,10,4,1,4
20171342S1230,1,9,0,3,0,0,0,0,0,0,2,1,6,1,56,9,1246,1,13,5,1,5
20171342S1230,2,9,0,18,0,0,0,0,0,0,1,1,6,1,24,5,-1,-1,-1,2,1,2
20171342S1338,1,1,0,18,0,0,0,0,0,0,1,1,6,1,23,5,-1,-1,-1,6,1,6
20171342S1338,2,9,0,4,0,0,0,0,0,0,2,1,6,2,19,4,3855,1,3,10,1,10
20171342S1369,1,9,0,18,0,8,0,0,0,0,1,1,6,1,21,5,1149,1,16,6,1,6
20171342S1369,2,9,0,18,0,8,0,0,0,0,1,1,6,1,45,7,1598,1,7,6,1,6
20171342S1369,3,9,0,18,0,8,0,0,0,0,2,1,6,2,21,5,1686,2,11,-1,-1,-1
20171342S1557,1,9,0,1,0,5,0,0,0,0,2,1,6,1,-1,-1,1598,2,2,-1,-1,-1
20171342S1557,2,9,0,4,0,2,0,0,0,0,3,1,6,2,26,6,1149,1,13,4,1,4
20171342S1669,1,9,0,18,0,0,0,0,1,11,1,1,1,1,28,6,-1,-1,-1,3,1,3
20171342S1708,1,9,0,18,0,0,0,0,0,0,1,1,6,3,-1,-1,1796,2,3,-1,-1,-1
2017134310142,1,9,0,16,0,0,0,4,1,0,1,1,6,1,25,5,998,1,1,7,1,7
2017134310142,2,21,1,2,0,0,0,0,0,0,1,1,6,1,25,5,10837,2,7,9,1,9
2017134310185,1,3,0,18,0,1,0,0,0,0,1,1,1,1,21,5,124,1,8,1,1,1
2017134310185,2,9,0,10,0,1,0,0,0,0,3,1,1,1,59,9,1794,1,8,1,1,1
2017134310195,1,9,0,18,0,0,0,4,1,0,1,1,6,1,33,6,2497,1,16,6,2,6
2017134310195,2,9,0,2,0,0,0,0,0,0,2,1,6,3,-1,-1,1598,1,11,-1,-1,-1
2017134310221,1,9,0,18,0,0,0,0,0,0,0,1,6,2,38,7,998,1,16,-1,-1,-1
2017134310221,2,9,0,2,0,0,0,0,0,0,0,1,6,1,41,7,2993,2,7,-1,-1,-1
2017134310587,1,9,0,18,0,1,0,0,0,0,3,1,6,1,59,9,1598,1,12,9,1,9
2017134310640,1,9,0,18,0,0,0,0,0,0,3,1,6,2,27,6,1796,1,13,1,1,1
2017134310641,1,9,0,16,0,0,0,0,0,0,1,1,6,2,39,7,998,1,15,1,1,1
2017134310856,1,9,0,9,0,6,0,0,0,0,1,1,6,1,59,9,-1,-1,-1,-1,-1,-1
2017134310856,2,1,0,18,0,8,0,0,0,0,4,1,6,1,66,10,-1,-1,-1,-1,-1,-1
2017134310998,1,9,0,18,0,0,0,0,0,0,1,1,6,3,-1,-1,-1,-1,-1,-1,-1,-1
2017134311068,1,9,0,3,0,1,0,0,0,0,2,1,6,2,28,6,1596,1,12,1,1,1
2017134311068,2,9,0,18,0,1,0,0,0,0,1,1,6,1,-1,-1,1242,1,6,-1,-1,-1
2017134311235,1,9,0,18,0,8,0,0,0,0,2,1,6,2,55,8,1242,1,6,4,1,4
2017134311235,2,8,0,18,0,8,0,0,0,0,1,1,1,1,38,7,1896,2,12,3,1,3
2017134311235,3,20,0,18,0,8,0,0,0,0,0,1,1,2,50,8,-1,-1,-1,3,1,3
2017134311364,1,9,0,18,0,0,0,0,0,0,4,1,6,2,30,6,1461,2,2,10,1,10
2017134311490,1,1,0,18,0,1,0,0,0,0,3,1,6,1,22,5,-1,-1,-1,3,1,3
2017134311490,2,9,0,7,0,1,0,0,0,0,4,1,6,1,-1,-1,1685,2,2,8,2,8
2017134311529,1,9,0,18,0,0,0,12,0,0,3,1,6,2,46,8,1461,2,5,10,1,10
2017134320335,1,9,0,7,0,8,0,0,0,0,4,1,6,2,37,7,1240,1,12,1,1,1
2017134320618,1,9,0,9,0,1,0,0,0,0,1,1,6,2,54,8,1400,1,12,4,1,4
2017134320618,2,9,0,18,0,1,0,0,0,0,1,1,6,2,83,11,1242,1,13,6,1,6
2017134320734,1,9,0,16,0,1,0,0,0,0,0,1,6,1,31,6,1199,1,15,1,1,1
2017134320734,2,1,0,17,0,2,0,0,1,2,1,1,6,1,28,6,-1,-1,-1,1,1,1
2017134320816,1,9,0,18,0,0,0,0,0,0,1,1,6,2,27,6,1362,1,4,7,3,7
2017134321012,1,9,0,2,0,0,0,0,0,0,3,1,6,2,42,7,998,1,6,1,1,1
2017134321012,2,1,0,18,0,0,0,0,0,0,1,1,2,2,47,8,-1,-1,-1,6,1,6
2017134321045,1,9,0,3,0,1,0,0,0,0,2,1,6,2,30,6,1390,1,4,1,1,1
2017134321045,2,9,0,18,0,1,0,0,0,0,1,1,6,1,24,5,1149,1,14,8,1,8
2017134321100,1,9,0,10,0,1,0,0,0,0,1,1,6,1,77,11,2204,2,12,2,2,2
2017134321100,2,9,0,18,0,1,0,0,0,0,1,1,6,1,19,4,1364,1,4,2,2,2
2017134321154,1,9,0,18,0,0,0,0,0,0,1,1,6,1,29,6,1299,1,15,1,1,1
2017134321154,2,9,0,3,0,0,0,0,0,0,1,1,6,1,40,7,1997,2,16,4,1,4
2017134321154,3,19,0,3,0,0,0,0,0,0,1,1,6,1,56,9,1560,2,3,9,3,9
2017134321314,1,9,0,8,0,4,0,0,0,0,4,1,6,2,25,5,1968,2,9,1,1,1
2017134321314,2,9,0,4,0,4,0,0,0,0,3,1,6,2,29,6,1339,1,9,6,1,6
2017134321414,1,9,0,10,0,1,0,0,0,0,3,1,6,2,25,5,1198,1,5,8,3,8
2017134321414,2,9,0,18,0,1,0,0,0,0,1,1,6,1,44,7,3993,1,1,6,3,6
2017134321869,1,9,0,17,0,8,1,0,8,10,1,1,6,1,18,4,1598,1,16,2,1,2
2017134321869,2,9,0,18,0,1,0,0,0,0,0,1,1,1,36,7,2993,2,3,6,1,6
2017134330279,1,9,0,18,0,1,0,0,0,0,1,1,1,1,26,6,-1,-1,-1,4,1,4
2017134330279,2,9,0,18,0,1,0,0,0,0,4,1,1,1,55,8,1560,2,9,4,1,4
2017134330322,1,9,0,13,0,0,0,0,0,0,4,1,6,3,-1,-1,-1,-1,-1,-1,-1,-1
2017134330322,2,1,0,18,0,0,5,0,1,0,3,1,6,1,16,4,-1,-1,-1,1,1,1
2017134330324,1,21,0,12,0,0,0,0,0,0,0,1,6,3,-1,-1,-1,-1,-1,-1,-1,-1
2017134330324,2,9,0,13,0,0,1,0,8,6,2,1,6,2,38,7,1796,1,10,1,1,1
2017134330389,1,9,0,18,0,0,0,0,0,0,1,1,6,1,83,11,1149,1,6,8,1,8
2017134330389,2,19,0,3,0,0,0,0,0,0,2,1,6,1,30,6,1870,2,11,3,1,3
2017134330423,1,9,0,18,0,0,0,0,0,0,3,1,6,2,49,8,1461,2,6,7,3,7
2017134330423,2,9,0,18,0,0,0,0,0,0,3,1,6,1,-1,-1,1968,2,1,-1,-1,-1
2017134330520,1,19,0,18,0,0,0,0,0,0,1,1,6,1,64,9,3920,2,12,-1,-1,-1
2017134330520,2,9,0,10,0,0,0,0,0,0,2,1,6,1,33,6,1560,2,6,2,1,2
2017134330733,1,9,0,18,0,8,0,0,0,0,1,1,6,1,47,8,1769,1,12,1,1,1
2017134330733,2,9,0,9,0,8,0,0,0,0,3,1,1,1,60,9,1598,2,1,8,1,8
2017134330793,1,9,0,12,0,7,0,0,0,0,3,1,2,1,57,9,1598,1,8,1,1,1
2017134330793,2,21,0,18,0,8,0,0,0,0,4,1,1,1,60,9,12900,2,10,2,1,2
2017134330793,3,9,0,18,0,8,0,0,0,0,2,1,6,2,39,7,1124,1,14,2,1,2
2017134331016,1,19,4,1,0,0,0,0,0,0,2,1,1,1,-1,-1,-1,-1,-1,-1,-1,-1
2017134331132,1,19,0,4,0,1,0,0,0,0,1,1,1,1,25,5,1968,2,3,2,1,2
2017134331132,2,9,0,18,0,2,0,0,0,0,1,1,6,1,50,8,1242,1,8,1,1,1
2017134331333,1,9,0,9,0,8,0,0,0,0,1,1,6,2,37,7,1598,1,12,5,1,5
2017134331450,1,9,0,7,0,8,0,0,0,0,1,1,6,1,19,4,1595,1,14,-1,-1,-1
2017134331450,2,9,0,18,0,8,0,0,0,0,3,1,6,1,34,6,998,1,16,3,1,3
2017134331487,1,9,0,9,0,5,0,0,0,0,1,1,6,2,34,6,998,1,10,8,1,8
2017134331752,1,9,0,18,0,8,0,0,0,0,1,1,6,1,31,6,1332,1,18,1,1,1
2017134331752,2,8,0,9,0,8,0,0,0,0,1,1,1,1,51,8,1968,2,9,1,1,1
2017134331755,1,9,0,13,0,0,0,0,0,0,1,1,6,1,34,6,1598,1,12,1,1,1
2017134331755,2,9,0,18,0,0,0,0,0,0,1,1,6,1,34,6,-1,-1,-1,9,1,9
2017134331802,1,9,0,18,0,8,0,0,0,0,3,1,6,1,43,7,1461,2,1,2,1,2
2017134331891,1,21,1,16,0,3,2,0,0,1,3,1,1,1,32,6,12809,2,3,-1,1,-1
2017134340426,1,9,0,5,0,8,0,0,0,0,3,1,6,2,39,7,1999,2,-1,7,1,7
2017134340426,2,9,0,18,0,8,0,0,0,0,1,1,6,2,50,8,1995,2,12,7,1,7
2017134340499,1,9,0,9,0,8,0,0,0,0,1,1,6,2,50,8,2199,2,5,8,1,8
2017134340499,2,1,0,18,4,1,1,0,0,0,1,1,6,1,58,9,-1,-1,-1,10,1,10
2017134340749,1,11,0,18,0,0,0,0,0,0,0,1,1,1,22,5,5132,2,1,1,1,1
2017134340818,1,5,0,18,0,0,2,4,0,0,1,1,6,1,45,7,1000,1,20,4,1,4
2017134340818,2,9,0,9,0,0,0,0,0,0,0,1,6,1,42,7,1995,2,12,3,1,3
2017134340818,3,8,0,2,0,0,0,0,0,0,2,1,6,1,39,7,1598,2,7,1,1,1
2017134340821,1,9,0,4,0,1,0,0,0,0,2,1,6,2,51,8,1598,2,3,6,1,6
2017134340821,2,9,0,18,0,1,0,0,0,0,1,1,6,2,33,6,1995,2,2,3,1,3
2017134341053,1,9,0,10,0,1,0,0,0,0,0,1,6,2,29,6,1598,1,6,1,1,1
2017134341053,2,9,0,18,0,1,0,0,0,0,2,1,6,1,-1,-1,1753,2,18,-1,-1,-1
2017134341090,1,9,0,9,0,8,0,0,0,0,1,1,6,2,27,6,1598,2,7,10,1,10
2017134341090,2,9,0,18,0,8,0,0,0,0,1,1,6,1,39,7,2997,1,20,-1,-1,-1
2017134341150,1,4,0,18,0,1,1,0,0,0,1,1,6,1,22,5,499,1,4,2,1,2
2017134341150,2,9,0,9,0,1,0,0,0,0,2,1,6,1,34,6,1999,1,11,2,1,2
2017134341303,1,8,0,18,0,0,0,0,0,0,1,1,1,1,35,6,1598,2,6,1,1,1
2017134341303,2,9,0,18,0,0,0,0,0,0,2,1,6,2,39,7,1197,1,1,9,1,9
2017134341536,1,9,0,9,0,8,0,0,0,0,1,1,6,1,81,11,1596,1,15,7,3,7
2017134341536,2,1,0,18,0,8,0,0,0,0,1,1,6,2,29,6,-1,-1,-1,4,1,4
2017134341537,1,9,0,12,0,0,0,0,0,0,3,1,6,2,42,7,1997,2,15,1,1,1
2017134341537,2,9,0,18,0,0,0,0,5,6,4,1,6,2,27,6,1461,2,10,2,1,2
2017134341635,1,9,0,1,0,0,0,0,0,0,2,1,6,2,-1,-1,-1,-1,-1,-1,-1,-1
2017134341635,2,1,0,18,0,0,0,0,0,0,4,1,6,1,46,8,-1,-1,-1,6,1,6
2017134341691,1,9,0,12,8,0,0,0,0,0,2,1,2,1,46,8,1240,1,13,1,1,1
2017134341691,2,9,0,18,0,0,0,0,0,0,1,1,6,2,36,7,1956,2,3,1,1,1
2017134341732,1,9,0,18,0,1,0,0,0,0,1,1,6,1,22,5,1968,2,1,4,1,4
2017134341915,1,9,0,16,0,0,1,0,1,10,1,1,6,1,20,4,1994,1,21,2,1,2
2017134341990,1,3,0,18,0,0,0,4,0,0,1,1,6,1,23,5,124,1,6,8,3,8
2017134341990,2,19,0,2,0,0,0,0,0,0,2,1,6,3,-1,-1,2299,2,1,-1,-1,-1
2017134350527,1,11,0,4,0,0,0,0,0,0,0,1,1,1,33,6,9360,2,8,1,1,1
2017134350808,1,9,0,18,0,0,0,0,0,0,1,1,6,1,65,9,1199,1,13,5,1,5
2017134350897,1,9,0,18,0,1,0,0,0,0,1,1,6,2,23,5,1198,1,2,6,1,6
2017134350929,1,9,0,16,0,5,1,10,7,10,1,1,6,2,57,9,1598,1,9,7,3,7
2017134351015,1,19,0,10,0,1,0,0,0,0,0,1,1,2,52,8,-1,-1,-1,-1,-1,-1
2017134351015,2,9,0,10,0,1,0,0,0,0,4,1,6,2,31,6,1461,2,3,9,2,9
2017134351015,3,9,0,18,0,1,0,0,0,0,1,1,6,1,69,10,1198,1,9,3,1,3
2017134351810,1,9,0,16,0,8,0,0,7,11,1,1,6,1,27,6,1796,1,9,6,1,6
2017134360247,1,19,0,18,0,0,0,0,0,0,1,1,6,1,47,8,2402,2,9,-1,-1,-1
2017134360247,2,19,0,2,0,0,0,0,0,0,2,1,6,3,-1,-1,2402,2,7,-1,-1,-1
2017134360247,3,17,0,2,0,0,0,0,0,0,2,1,6,3,-1,-1,-1,2,30,-1,-1,-1
2017134360272,1,9,0,9,0,2,0,0,0,0,1,1,6,2,36,7,1364,1,10,5,1,5
2017134360272,2,5,0,18,0,1,0,0,0,0,1,1,6,2,46,8,535,1,20,6,3,6
2017134360298,1,3,0,18,0,0,1,0,0,0,1,1,6,1,20,4,125,1,2,1,1,1
2017134360298,2,9,0,18,0,0,0,0,0,0,2,1,6,2,28,6,-1,-1,-1,9,1,9
2017134360348,1,9,0,18,0,8,0,0,0,0,4,1,1,1,64,9,-1,-1,-1,1,1,1
2017134360348,2,5,0,5,0,8,5,0,0,0,1,1,2,1,28,6,645,1,15,2,1,2
2017134360457,1,9,0,9,0,8,0,0,0,0,3,1,6,2,74,10,1318,1,-1,10,1,10
2017134360457,2,9,0,18,0,8,0,0,0,0,4,1,6,1,77,11,1560,2,4,2,1,2
2017134360611,1,9,0,18,0,0,0,0,0,0,3,1,1,1,41,7,-1,-1,-1,1,1,1
2017134360740,1,9,0,1,0,0,0,0,0,0,2,1,6,2,54,8,1461,2,2,9,1,9
2017134360740,2,9,0,3,0,0,0,0,0,0,1,1,6,1,31,6,2143,2,1,-1,-1,-1
2017134360793,1,19,0,18,0,0,0,0,0,0,4,1,1,1,50,8,2143,2,1,6,2,6
2017134361002,1,9,0,4,0,0,0,0,0,0,1,1,6,1,-1,-1,1984,1,11,5,1,5
2017134361002,2,9,0,2,0,0,0,0,0,0,1,1,6,2,23,5,998,1,4,4,1,4
2017134361002,3,9,0,2,0,0,0,0,0,0,2,1,6,2,60,9,1598,1,2,9,3,9
2017134361076,1,9,0,13,0,0,0,0,0,0,4,1,6,1,28,6,1197,1,2,8,1,8
2017134361076,2,1,0,18,0,0,0,0,0,0,3,1,6,1,73,10,-1,-1,-1,2,1,2
2017134361085,1,9,0,18,0,0,0,0,0,0,3,1,6,1,43,7,1598,1,3,5,1,5
2017134361085,2,9,0,18,0,0,0,0,0,0,3,1,6,1,23,5,1951,2,13,2,1,2
2017134361292,1,8,0,1,0,0,0,0,0,0,2,1,1,1,50,8,1896,2,9,1,1,1
2017134361525,1,9,0,16,0,0,0,0,7,11,1,1,6,2,58,9,-1,-1,-1,7,3,7
2017134361525,2,9,0,17,0,0,0,0,0,0,3,1,6,1,20,4,1896,2,12,6,1,6
2017134370211,1,9,0,4,0,0,0,0,0,0,1,1,6,1,32,6,-1,-1,-1,3,1,3
2017134370211,2,19,0,4,0,0,0,0,0,0,2,1,6,1,22,5,-1,-1,-1,1,1,1
2017134370229,1,3,0,7,0,8,0,0,0,0,1,1,2,1,20,4,125,1,1,1,1,1
2017134370229,2,9,0,18,0,5,0,0,0,0,2,1,6,2,39,7,1329,1,1,10,1,10
2017134370256,1,9,0,18,0,0,0,0,0,0,1,1,2,1,58,9,2231,2,10,7,3,7
2017134370256,2,1,0,18,0,0,0,0,0,0,2,1,2,1,46,8,-1,-1,-1,10,1,10
2017134370295,1,9,0,9,0,5,0,0,0,0,2,1,2,1,18,4,1198,1,9,2,1,2
2017134370295,2,9,0,18,0,1,0,0,0,0,1,1,2,2,33,6,1598,2,3,8,1,8
2017134370562,1,11,0,4,0,0,0,0,0,0,0,1,1,1,61,9,9360,2,8,3,1,3
2017134370659,1,9,0,7,0,2,0,0,1,0,1,1,6,2,40,7,1248,2,9,1,1,1