Accident_Index,Vehicle_Reference,Vehicle_Type,Towing_and_Articulation,Vehicle_Manoeuvre,Vehicle_Location-Restricted_Lane,Junction_Location,Skidding_and_Overturning,Hit_Object_in_Carriageway,Vehicle_Leaving_Carriageway,Hit_Object_off_Carriageway,1st_Point_of_Impact,Was_Vehicle_Left_Hand_Drive?,Journey_Purpose_of_Driver,Sex_of_Driver,Age_of_Driver,Age_Band_of_Driver,Engine_Capacity_(CC),Propulsion_Code,Age_of_Vehicle,Driver_IMD_Decile,Driver_Home_Area_Type,Vehicle_IMD_Decile
2017134370888,1,9,0,4,0,1,0,0,0,0,2,1,6,1,37,7,1999,8,1,8,1,8
2017134370888,2,9,0,4,0,1,0,0,0,0,2,1,6,1,51,8,999,1,3,9,1,9
2017134370888,3,9,0,4,0,1,0,0,0,0,1,1,6,1,91,11,1995,2,2,8,1,8
2017134371247,1,9,0,18,0,1,0,0,0,0,1,1,6,1,19,4,1398,1,2,7,1,7
2017134371247,2,9,0,9,0,8,0,0,0,0,1,1,6,1,59,9,1596,1,16,2,1,2
2017134371309,1,9,0,7,0,5,0,0,0,0,4,1,6,3,-1,-1,-1,-1,-1,-1,-1,-1
2017134371402,1,9,0,18,0,8,0,0,0,0,0,1,6,1,50,8,-1,-1,-1,5,1,5
2017134371402,2,9,0,18,0,6,0,0,0,0,0,1,6,3,-1,-1,1390,2,16,-1,-1,-1
2017134371573,1,9,0,7,0,6,0,0,0,0,4,1,6,3,-1,-1,-1,-1,-1,-1,-1,-1
2017134371573,2,1,0,18,4,6,0,0,0,0,3,1,2,2,45,7,-1,-1,-1,9,1,9
2017134371824,1,9,0,16,0,0,0,0,0,0,1,1,6,2,35,6,1598,1,11,1,1,1
2017134371824,2,9,0,17,0,0,0,0,0,0,3,1,6,2,42,7,1248,1,5,-1,-1,-1
2017134380224,1,9,0,9,0,6,0,0,0,0,1,1,6,1,44,7,1560,2,2,-1,-1,-1
2017134380224,2,9,0,17,0,1,0,0,0,0,0,1,6,2,25,5,1242,1,9,-1,-1,-1
2017134380455,1,9,0,3,0,1,0,0,0,0,2,1,6,2,38,7,1968,2,5,10,1,10
2017134380455,2,9,0,18,0,1,0,0,0,0,1,1,6,3,-1,-1,1796,1,6,-1,-1,-1
2017134380788,1,9,0,18,0,1,1,0,0,0,3,1,6,1,25,5,1995,2,14,2,1,2
2017134380788,2,9,0,18,0,6,0,0,0,0,4,1,6,1,52,8,1598,1,9,7,1,7
2017134381024,1,9,0,18,0,0,0,0,0,0,3,1,6,2,24,5,973,1,14,6,1,6
2017134381024,2,9,0,18,0,0,0,0,1,0,3,1,6,2,18,4,1590,1,12,2,1,2
2017134381184,1,9,0,18,0,8,0,0,0,0,1,1,6,2,-1,-1,-1,-1,-1,-1,-1,-1
2017134381244,1,9,0,9,0,6,0,0,0,0,1,1,6,2,44,7,1998,1,15,5,1,5
2017134381244,2,9,0,9,0,5,0,0,0,0,3,1,6,2,23,5,1598,1,12,7,1,7
2017134381922,1,9,0,9,0,6,0,0,0,0,4,1,6,1,57,9,1339,1,14,1,1,1
2017134381922,2,9,0,18,0,1,0,0,0,0,1,1,1,1,43,7,2993,2,5,6,1,6
2017134390339,1,9,0,13,0,0,0,0,0,0,4,1,2,1,45,7,1396,1,8,8,1,8
2017134390339,2,1,0,18,0,0,0,0,0,0,3,1,2,1,45,7,-1,-1,-1,6,1,6
2017134390352,1,9,0,18,0,8,0,0,0,0,1,1,2,2,34,6,1598,1,5,7,1,7
2017134390352,2,9,0,18,0,8,0,0,0,0,3,1,2,1,42,7,1956,2,6,1,1,1
2017134391051,1,21,1,11,0,0,0,0,0,0,1,1,1,1,52,8,12740,2,5,1,1,1
2017134391051,2,9,0,18,0,0,0,0,1,7,3,1,6,2,31,6,1582,2,3,7,3,7
2017134391140,1,9,0,5,0,0,0,0,0,0,3,1,6,2,61,9,1399,2,12,5,3,5
2017134391140,2,9,0,14,0,0,2,0,0,0,3,1,6,1,18,4,1598,1,6,8,1,8
2017134391140,3,9,0,2,0,0,0,0,0,0,2,1,6,3,-1,-1,1490,1,11,-1,-1,-1
2017134391140,4,9,0,2,0,0,0,0,0,0,3,1,6,3,-1,-1,1461,2,1,-1,-1,-1
2017134391331,1,3,0,13,0,0,2,10,7,0,4,1,6,1,20,4,125,1,2,-1,-1,-1
2017134391331,2,9,0,18,0,0,0,0,0,0,0,1,6,1,40,7,-1,-1,-1,-1,-1,-1
2017134391331,3,9,0,18,0,0,0,0,0,0,2,1,6,1,39,7,2993,2,3,-1,-1,-1
2017134391331,4,9,0,18,0,0,0,0,0,0,1,1,6,2,67,10,1364,1,8,-1,-1,-1
2017134391670,1,9,0,18,0,8,0,0,0,0,1,1,2,1,41,7,1995,2,5,10,1,10
2017134391670,2,1,0,18,0,8,0,0,0,0,3,1,6,1,15,3,-1,-1,-1,1,1,1
2017134391696,1,9,0,2,0,0,0,0,0,0,2,1,6,2,24,5,1896,2,14,4,1,4
2017134391696,2,9,0,18,0,0,1,4,0,0,1,1,6,1,42,7,1598,2,5,5,1,5
20171343A0344,1,9,0,18,0,0,0,0,0,0,4,1,6,2,28,6,2720,2,11,10,2,10
20171343A0392,1,9,0,18,0,0,0,0,0,0,2,1,6,1,45,7,2496,1,12,-1,-1,-1
20171343A0392,2,9,0,18,0,0,0,0,0,0,1,1,6,1,-1,-1,-1,-1,-1,2,1,2
20171343A0663,1,5,0,18,0,8,0,0,0,0,1,1,6,1,49,8,599,1,25,3,1,3
20171343A0663,2,8,0,18,0,8,0,0,0,0,3,1,6,1,30,6,998,1,6,6,3,6
20171343A0810,1,9,0,4,0,1,0,0,0,0,2,1,6,2,36,7,1248,2,7,1,1,1
20171343A0810,2,21,1,4,0,1,0,0,0,0,1,1,1,1,37,7,-1,-1,-1,-1,-1,-1
20171343A1138,1,9,0,18,0,1,1,0,0,0,1,1,6,1,24,5,1995,2,7,10,1,10
20171343A1138,2,9,0,9,0,2,1,0,0,0,1,1,6,1,77,11,1497,8,4,1,1,1
20171343A1554,1,19,0,18,0,1,0,0,0,0,1,1,6,1,25,5,2198,2,1,1,1,1
20171343A1554,2,9,0,3,0,1,0,0,0,0,2,1,6,2,53,8,1386,1,12,1,1,1
20171343A1853,1,9,0,18,0,8,0,0,0,0,4,1,6,1,22,5,1995,2,7,5,1,5
20171343A1853,2,9,0,9,0,8,0,0,0,0,1,1,6,2,53,8,1124,1,12,1,1,1
20171343A1969,1,9,0,9,0,6,0,0,0,0,3,1,6,1,46,8,1229,1,12,3,1,3
20171343A1969,2,3,0,18,0,8,0,0,0,0,1,1,6,1,17,4,124,1,2,2,1,2
20171343A2047,1,9,0,5,0,0,0,0,1,11,3,1,6,1,29,6,1999,1,14,1,1,1
20171343A2047,2,9,0,18,0,0,0,0,0,0,4,1,6,1,40,7,1968,2,4,1,1,1
20171343A2047,3,19,0,2,0,0,0,0,0,0,1,1,6,3,-1,-1,2143,2,6,-1,-1,-1
20171343B0321,1,9,0,16,0,1,2,4,8,2,3,1,6,1,17,4,1598,1,11,1,1,1
20171343B0321,2,9,0,2,0,1,0,0,0,0,2,1,6,3,-1,-1,1595,1,14,-1,-1,-1
20171343B0487,1,9,0,18,0,3,0,0,0,0,3,1,1,1,42,7,1497,8,9,1,1,1
20171343B0487,2,5,0,18,0,3,0,0,0,0,4,1,6,1,46,8,649,1,6,3,1,3
20171343B0617,1,9,0,18,0,0,0,0,0,0,4,1,6,1,74,10,1242,1,4,2,1,2
20171343B0912,1,9,0,18,0,0,0,0,0,0,1,1,6,2,-1,-1,-1,-1,-1,-1,-1,-1
20171343B0950,1,9,0,8,0,1,0,0,0,0,2,1,6,2,41,7,1329,1,6,8,1,8
20171343B0950,2,8,0,18,0,1,0,0,0,0,1,1,1,1,40,7,2143,2,3,10,1,10
20171343B1104,1,9,0,18,0,8,0,0,0,0,3,1,6,2,35,6,1229,1,6,5,1,5
20171343B1104,2,1,0,18,0,8,5,0,0,0,1,1,6,1,4,1,-1,-1,-1,1,1,1
20171343B1108,1,9,0,17,0,0,0,0,0,0,1,1,6,1,37,7,1596,7,7,1,1,1
20171343B1108,2,9,0,16,0,0,0,0,0,0,1,1,6,1,-1,-1,1686,2,12,-1,-1,-1
20171343B1131,1,5,0,18,0,1,0,0,0,0,1,1,6,1,56,9,995,1,13,4,1,4
20171343B1131,2,9,0,10,0,7,0,0,0,0,1,1,6,1,51,8,1896,2,13,1,1,1
20171343B1261,1,1,0,17,0,0,0,0,1,4,2,1,6,1,68,10,-1,-1,-1,4,1,4
20171343B1261,2,9,0,12,0,0,0,0,0,0,1,1,2,1,54,8,1968,2,7,5,1,5
20171343B1507,1,9,0,9,0,8,0,0,0,0,1,1,6,2,56,9,1560,2,6,6,1,6
20171343B1507,2,5,0,18,0,8,0,0,0,0,1,1,6,1,59,9,680,1,11,8,1,8
20171343B1861,1,9,0,18,0,1,0,0,0,0,3,1,6,1,39,7,1984,1,1,4,1,4
20171343B2096,1,9,0,18,0,8,0,0,0,0,1,1,6,2,29,6,1968,2,12,2,1,2
20171343B2096,2,9,0,18,0,8,0,0,1,1,3,1,6,1,23,5,1587,1,13,2,1,2
20171343B2150,1,9,0,18,0,0,0,0,0,0,1,1,6,1,25,5,2000,2,8,7,1,7
20171343C0679,1,9,0,9,0,8,0,0,0,0,1,1,6,3,-1,-1,-1,-1,-1,-1,-1,-1
20171343C0679,2,1,0,18,0,8,5,0,0,0,3,1,6,1,32,6,-1,-1,-1,1,1,1
20171343C0961,1,9,0,18,0,1,0,0,0,0,4,1,6,1,26,6,1598,1,13,2,1,2
20171343C0961,2,9,0,18,0,1,0,0,0,0,3,1,6,1,33,6,1796,1,4,1,1,1
20171343C0968,1,9,0,2,0,0,0,0,0,0,2,1,6,1,41,7,1461,2,6,5,2,5
20171343C0968,2,9,0,18,0,0,0,4,0,0,3,1,6,2,21,5,1229,1,10,3,2,3
20171343C0968,3,9,0,18,0,0,0,0,0,0,3,1,2,1,47,8,1360,1,11,3,2,3
20171343C1120,1,1,0,18,0,0,0,0,0,0,1,1,6,1,49,8,-1,-1,-1,1,1,1
20171343C1120,2,9,0,18,0,0,0,0,0,0,3,1,6,2,65,9,1229,1,5,3,1,3
20171343C1364,1,9,0,5,0,8,0,0,0,0,1,1,6,1,25,5,1496,1,2,4,1,4
20171343C1364,2,9,0,5,0,8,0,0,0,0,4,1,6,1,26,6,1598,2,5,-1,-1,-1
20171343C1840,1,9,0,18,0,0,0,0,0,0,1,1,6,1,31,6,1368,1,1,9,1,9
20171343C1840,2,9,0,18,0,0,0,0,0,0,2,1,6,1,30,6,1495,1,15,3,1,3
20171343C1952,1,9,0,3,0,0,0,0,0,0,1,1,6,1,-1,-1,1999,1,10,1,1,1
20171343C1952,2,9,0,18,0,0,0,0,0,0,2,1,6,1,40,7,2143,2,-1,-1,-1,-1
20171343D0247,1,9,0,18,0,0,0,0,0,0,4,1,2,2,65,9,1360,1,16,1,1,1
20171343D0268,1,20,0,18,0,0,0,0,0,0,1,1,1,1,51,8,12777,2,2,8,2,8
20171343D0268,2,9,0,3,0,0,0,0,0,0,2,1,6,2,42,7,1998,1,1,8,2,8
20171343D0356,1,1,0,5,0,4,0,0,0,0,3,1,6,1,38,7,-1,-1,-1,6,1,6
20171343D0356,2,9,0,7,0,4,0,0,0,0,4,1,6,1,40,7,1753,2,12,9,1,9
20171343D0362,1,19,0,9,4,0,0,0,0,0,4,1,6,1,25,5,2402,2,10,10,1,10
20171343D0362,2,1,0,18,4,0,0,0,0,0,1,1,6,2,40,7,-1,-1,-1,-1,-1,-1
20171343D0388,1,9,0,9,0,5,0,0,0,0,1,1,3,2,30,6,-1,-1,-1,1,1,1
20171343D0539,1,9,0,3,0,0,0,0,0,0,2,1,6,2,47,8,1998,8,2,3,1,3
20171343D0539,2,8,0,3,0,0,0,0,0,0,2,1,1,1,34,6,1896,2,7,1,1,1
20171343D0539,3,9,0,18,0,0,0,0,0,0,1,1,6,1,23,5,3222,2,12,-1,-1,-1
20171343D0669,1,9,0,18,0,0,0,0,0,0,1,1,6,2,29,6,2987,2,2,8,1,8
20171343D0669,2,9,0,18,0,0,0,0,0,0,2,1,6,1,79,11,1339,1,4,6,1,6
20171343D0737,1,9,0,9,0,5,0,0,0,0,4,1,6,3,-1,-1,1364,1,11,-1,-1,-1
20171343D0737,2,1,0,18,0,8,0,0,0,0,1,1,6,1,47,8,-1,-1,-1,2,1,2
20171343D0743,1,9,0,18,0,0,0,0,1,11,4,1,1,2,23,5,1398,2,8,1,1,1
20171343D1161,1,11,0,18,0,1,0,0,0,0,0,1,1,1,25,5,7300,2,12,5,1,5
20171343D1161,2,19,0,9,0,1,0,0,0,0,0,1,1,3,-1,-1,-1,-1,-1,-1,-1,-1
20171343D1169,1,9,0,18,0,0,0,0,0,0,1,1,6,2,52,8,2981,1,1,10,1,10
20171343D1169,2,19,0,1,0,0,0,0,0,0,2,1,1,1,27,6,2198,2,5,6,1,6
20171343D1218,1,9,0,16,0,0,0,0,0,0,3,1,6,1,32,6,1598,2,5,3,1,3
20171343D1218,2,19,0,17,0,0,0,0,0,0,3,1,1,1,55,8,1968,2,5,8,3,8
20171343D1259,1,9,0,9,0,5,0,0,0,0,4,1,6,2,63,9,1197,1,3,3,1,3
20171343D1259,2,1,0,18,4,8,0,0,0,0,1,1,6,2,27,6,-1,-1,-1,8,1,8
20171343D1326,1,9,0,16,0,1,0,0,0,0,1,1,6,2,57,9,2993,2,2,-1,-1,-1
20171343D1326,2,19,0,18,0,1,0,0,0,0,1,1,1,1,21,5,2402,2,10,-1,-1,-1
20171343D1392,1,9,0,18,0,0,0,0,0,0,1,1,6,2,55,8,1796,1,11,2,1,2
20171343D1392,2,9,0,18,0,0,0,0,0,0,1,1,6,1,52,8,1229,1,7,7,2,7
20171343D1403,1,9,0,9,0,8,0,0,7,11,4,1,6,1,21,5,1598,1,10,-1,-1,-1
20171343D1403,2,19,0,18,0,8,0,0,7,11,1,1,1,1,21,5,1598,2,1,-1,-1,-1
20171343D1567,1,11,0,18,0,0,0,0,0,0,0,1,1,1,48,8,9360,2,8,1,1,1
20171343E0199,1,3,0,18,0,0,5,0,0,0,4,1,2,1,25,5,124,1,10,2,1,2
20171343E0213,1,21,1,18,0,0,0,0,0,0,3,1,6,3,-1,-1,-1,-1,-1,-1,-1,-1
20171343E0213,2,21,1,18,0,0,0,0,0,0,3,1,1,1,42,7,11705,2,6,-1,1,-1
20171343E0234,1,11,0,5,0,0,0,0,0,0,0,1,1,1,22,5,5132,2,1,1,1,1
20171343E0303,1,9,0,5,0,6,0,0,0,0,3,1,1,1,44,7,1998,2,8,3,1,3
20171343E0303,2,9,0,18,0,8,0,0,0,0,1,1,2,2,25,5,1242,1,2,9,1,9
20171343E0326,1,9,0,18,0,0,0,0,0,0,1,1,2,1,46,8,1997,2,6,6,2,6
20171343E0326,2,19,0,3,0,0,0,0,0,0,1,1,1,1,28,6,1968,2,1,-1,-1,-1
20171343E0326,3,9,0,3,0,0,0,0,0,0,1,1,6,2,56,9,1329,1,5,7,2,7
20171343E0654,1,9,0,18,0,0,0,0,0,0,1,1,6,1,79,11,1242,1,2,6,1,6
20171343E0659,1,9,0,4,0,0,1,0,0,0,1,1,6,1,-1,-1,1997,1,4,-1,-1,-1
20171343E0659,2,9,0,18,0,0,5,0,2,4,2,1,6,2,45,7,1496,1,1,8,2,8
20171343E0929,1,19,0,5,0,4,0,0,0,0,2,1,1,1,47,8,-1,-1,-1,7,1,7
20171343E0929,2,9,0,5,0,4,0,0,0,0,1,1,1,1,44,7,2979,1,2,7,1,7
20171343E0929,3,9,0,18,0,8,0,0,0,0,0,1,1,1,40,7,2993,2,4,1,1,1
20171343E1360,1,5,0,18,0,0,1,0,1,0,0,1,6,1,52,8,800,1,16,6,2,6
20171343F0228,1,3,0,10,0,1,0,0,0,0,4,1,6,1,51,8,-1,-1,-1,1,1,1
20171343F0228,2,9,0,9,0,8,0,0,0,0,1,1,6,1,26,6,1598,1,10,-1,-1,-1
20171343F0431,1,9,0,18,0,0,0,0,0,0,1,1,6,2,26,6,1396,1,3,9,1,9
20171343F0431,2,9,0,18,0,0,0,0,0,0,1,1,6,2,34,6,1598,1,11,8,1,8
20171343F0431,3,9,0,18,0,0,0,0,0,0,1,1,6,1,47,8,2198,1,16,5,1,5
20171343F0570,1,9,0,18,0,1,0,0,1,1,1,1,6,1,33,6,1997,2,2,2,1,2
20171343F0570,2,9,0,8,0,1,0,0,0,0,2,1,6,2,64,9,1598,2,1,9,2,9
20171343F0590,1,9,0,18,0,0,0,0,0,0,1,1,6,1,34,6,1988,1,13,1,1,1
20171343F0590,2,9,0,9,0,0,0,0,0,0,4,1,6,1,52,8,1560,2,-1,7,1,7
20171343F0764,1,9,0,13,0,0,1,0,0,0,1,1,6,1,21,5,1998,1,14,4,1,4
20171343F0764,2,9,0,18,0,0,0,0,0,0,0,1,6,1,25,5,1910,2,12,6,1,6
20171343F0764,3,9,0,18,0,0,0,0,0,0,3,1,6,1,61,9,1364,2,3,2,2,2
20171343F0764,4,9,0,4,0,0,0,0,0,0,3,1,6,1,65,9,6745,1,-1,1,2,1
20171343F1093,1,4,0,9,0,1,0,0,0,0,3,1,6,1,41,7,918,1,9,2,1,2
20171343F1093,2,9,0,18,0,1,0,0,0,0,1,1,6,1,48,8,1997,2,2,7,1,7
20171343F1094,1,9,0,9,0,6,0,0,0,0,1,1,2,1,44,7,2979,1,9,2,1,2
20171343F1094,2,9,0,18,0,8,0,0,1,11,1,1,6,1,84,11,1596,1,10,8,1,8
20171343F1198,1,9,0,18,0,8,0,9,0,0,1,1,6,1,83,11,1349,1,9,3,1,3
20171343F1301,1,9,0,9,0,6,0,0,0,0,1,1,6,1,67,10,1995,2,3,5,1,5
20171343F1301,2,3,0,18,0,8,0,0,0,0,4,1,2,1,19,4,125,1,1,3,1,3
20171343F1519,1,9,0,18,0,0,5,4,0,0,1,1,2,2,31,6,1997,2,13,7,3,7
20171343F1519,2,9,0,2,0,0,0,0,1,0,1,1,6,3,-1,-1,998,1,1,-1,-1,-1
20171343F1519,3,9,0,2,0,0,0,0,0,0,2,1,6,3,-1,-1,1390,1,17,-1,-1,-1
20171343F1625,1,9,0,18,0,0,0,0,0,0,1,1,6,3,-1,-1,-1,-1,-1,-1,-1,-1
20171343F1688,1,9,0,18,0,4,0,0,0,0,1,1,6,1,20,4,1364,1,2,2,3,2
20171343F1688,2,8,0,18,0,4,0,0,0,0,2,1,1,1,48,8,-1,-1,-1,9,1,9
20171343G0238,1,9,0,18,0,8,0,4,0,0,1,1,2,2,23,5,1248,1,3,3,1,3
20171343G0238,2,9,0,9,0,6,0,0,0,0,1,1,2,1,24,5,1149,1,15,1,1,1
20171343G0238,3,9,0,2,0,8,0,0,0,0,3,1,6,1,-1,-1,1461,2,9,-1,-1,-1
20171343G0244,1,19,0,4,0,0,0,0,0,0,2,1,6,1,53,8,-1,-1,-1,8,2,8
20171343G0244,2,9,0,18,0,0,0,0,0,0,1,1,6,1,40,7,1896,2,7,2,1,2
20171343G0244,3,9,0,4,0,0,0,0,0,0,2,1,6,1,70,10,1560,2,10,4,1,4
20171343G1021,1,4,0,13,0,0,1,0,0,0,1,1,6,1,79,11,249,1,20,8,1,8
20171343G1116,1,9,0,18,0,0,0,0,0,0,1,1,6,1,18,4,1199,1,14,-1,-1,-1
20171343G1116,2,9,0,18,0,0,0,0,0,0,2,1,6,2,36,7,2400,2,1,-1,-1,-1
20171343G1193,1,9,0,18,0,0,0,0,0,0,1,1,6,1,73,10,996,1,1,2,1,2
20171343G1193,2,9,0,3,0,0,0,0,0,0,2,1,6,1,25,5,1997,2,13,1,1,1
20171343G1318,1,11,0,18,2,0,0,0,0,0,1,1,1,1,35,6,7300,2,16,7,1,7
20171343G1318,2,9,0,9,0,0,0,0,7,0,1,1,6,1,61,9,1398,1,15,1,1,1
20171343G1340,1,1,0,18,0,8,0,0,0,0,4,1,2,1,40,7,-1,-1,-1,8,1,8
20171343G1340,2,9,0,7,0,8,0,0,0,0,1,1,6,1,33,6,1598,1,4,10,1,10
20171343G1403,1,9,0,18,0,0,0,0,0,0,1,1,2,1,22,5,1968,2,2,7,1,7
20171343G1438,1,9,0,18,0,6,0,0,0,0,1,1,6,1,43,7,1461,2,1,8,1,8
20171343G1438,2,9,0,18,0,8,0,0,0,0,3,1,6,1,37,7,1598,1,9,2,1,2
20171343G1438,3,8,0,4,0,1,0,0,0,0,3,1,1,1,60,9,1896,2,7,2,1,2
20171343G1438,4,9,0,4,0,8,0,0,0,0,1,1,6,2,57,9,998,1,5,6,2,6
20171343G1450,1,9,0,18,6,0,0,0,0,0,1,1,6,1,27,6,1968,2,3,-1,-1,-1
20171343G1450,2,9,0,18,6,0,1,7,1,6,2,1,1,1,26,6,2993,2,4,6,1,6
20171343G1450,3,9,0,18,0,0,0,0,0,0,4,1,1,1,29,6,2993,2,1,6,1,6
20171343G1455,1,19,0,9,0,6,0,0,0,0,3,1,6,1,37,7,1753,2,13,9,1,9
20171343G1455,2,1,0,17,0,8,0,0,0,0,1,1,6,1,21,5,-1,-1,-1,3,1,3
20171343G1614,1,9,0,9,0,1,0,0,0,0,1,1,6,2,62,9,2495,2,20,6,3,6
20171343G1614,2,1,0,18,0,1,0,0,0,0,1,1,6,1,53,8,-1,-1,-1,8,1,8
20171343G1841,1,1,0,18,0,0,0,0,0,0,1,1,2,1,48,8,-1,-1,-1,7,1,7
20171343G1841,2,9,0,18,0,0,0,0,0,0,3,1,6,1,35,6,1242,1,9,1,1,1
20171343H0038,1,9,0,18,0,4,0,0,0,0,3,1,6,3,-1,-1,1796,1,8,-1,-1,-1
20171343H0038,2,9,0,18,0,8,0,0,0,0,1,1,6,1,36,7,1198,1,14,6,1,6
20171343H0044,1,9,0,17,0,2,1,4,1,0,1,1,6,2,22,5,1198,1,14,1,1,1
20171343H0044,2,9,0,2,0,2,0,0,0,0,3,1,6,3,-1,-1,1586,1,9,-1,-1,-1
20171343H0044,3,9,0,2,0,2,0,0,0,0,4,1,6,3,-1,-1,1598,1,8,-1,-1,-1
20171343H0283,1,5,0,4,0,1,1,4,0,0,1,1,6,1,42,7,-1,-1,-1,10,1,10
20171343H0283,2,21,1,3,0,1,0,0,0,0,2,1,6,3,-1,-1,-1,-1,-1,-1,-1,-1
20171343H0348,1,9,0,5,0,6,0,0,0,0,1,1,6,1,31,6,1995,2,15,4,1,4
20171343H0348,2,9,0,18,0,1,0,0,0,0,4,1,6,1,39,7,1388,1,10,4,1,4
20171343H0354,1,9,0,18,0,0,1,0,7,11,1,1,6,2,44,7,2143,2,1,8,1,8
20171343H0388,1,9,0,18,0,0,1,0,0,0,1,1,6,1,23,5,1360,1,14,4,1,4
20171343H0388,2,9,0,18,0,0,0,0,0,0,1,1,6,2,53,8,1598,1,6,1,1,1
20171343H0388,3,9,0,18,0,0,0,0,0,0,1,1,6,2,27,6,2143,2,2,3,1,3
20171343H0449,1,8,0,1,0,0,0,0,0,0,2,1,1,1,52,8,1598,2,4,1,1,1
20171343H0624,1,9,0,18,0,0,1,0,0,0,1,1,6,2,44,7,1598,1,16,1,1,1
20171343H0711,1,9,0,18,0,8,0,0,0,0,1,1,6,2,35,6,1598,2,3,-1,-1,-1
20171343H0711,2,9,0,3,0,8,0,0,0,0,2,1,6,2,44,7,1461,2,9,6,1,6
20171343H0743,1,21,0,11,0,0,0,0,0,0,4,1,6,1,56,9,12777,2,10,7,1,7
20171343H0743,2,9,0,15,0,0,0,0,0,0,3,1,6,1,43,7,1149,1,15,3,1,3
20171343H0862,1,20,0,11,0,0,0,0,0,0,4,1,1,1,54,8,4580,2,7,-1,-1,-1
20171343H0862,2,9,0,18,0,0,0,0,0,0,3,1,6,2,30,6,1839,1,14,-1,-1,-1
20171343H1118,1,9,0,9,0,6,0,0,0,0,2,1,3,2,33,6,1995,2,15,1,1,1
20171343H1176,1,20,0,9,0,8,0,0,0,0,4,1,6,1,-1,-1,-1,-1,-1,-1,-1,-1
20171343H1180,1,9,0,18,0,0,0,0,0,0,1,1,6,1,31,6,1149,1,16,7,1,7
20171343H1180,2,9,0,2,0,0,0,0,0,0,2,1,6,1,55,8,2993,2,2,7,1,7
20171343H1212,1,11,0,9,0,4,0,0,0,0,3,1,3,1,51,8,8268,2,15,1,1,1
20171343H1212,2,9,0,7,0,3,0,0,0,0,1,1,6,1,51,8,1896,2,11,1,1,1
20171343H1215,1,9,0,11,0,3,0,0,0,0,4,1,6,2,-1,-1,1598,1,12,4,1,4
20171343H1215,2,9,0,18,0,8,0,0,0,0,3,1,6,1,24,5,1398,1,1,-1,-1,-1
20171343H1389,1,9,0,18,0,8,0,0,0,0,4,1,6,1,28,6,2480,1,1,6,3,6
20171343H1389,2,9,0,18,0,8,0,0,0,0,3,1,6,1,43,7,1598,2,6,2,1,2
20171343H1440,1,9,0,4,0,0,0,0,0,0,1,1,6,1,-1,-1,-1,-1,-1,-1,-1,-1
20171343H1440,2,9,0,4,0,0,0,0,0,0,2,1,6,2,43,7,1242,1,11,1,1,1
20171343H1480,1,9,0,18,5,0,0,0,0,0,1,1,6,2,22,5,1399,2,13,3,1,3
20171343H1506,1,9,0,18,0,4,0,0,0,0,1,1,6,3,-1,-1,-1,-1,-1,-1,-1,-1
20171343H1506,2,8,0,18,0,4,0,0,0,0,2,1,1,1,29,6,2143,2,3,5,1,5
20171343H1539,1,9,0,18,0,6,0,0,0,0,3,1,6,3,-1,-1,1783,1,15,-1,-1,-1
20171343H1539,2,1,0,18,0,8,0,0,0,0,1,1,6,1,27,6,-1,-1,-1,-1,-1,-1
20171343H1568,1,9,0,18,0,8,0,0,0,0,1,1,6,1,46,8,1969,2,2,8,1,8
20171343H1568,2,8,0,18,0,8,0,0,0,0,4,1,1,1,32,6,1998,2,8,3,1,3
20171343H1577,1,9,0,18,0,6,0,0,0,0,3,1,6,2,20,4,998,1,13,3,1,3
20171343H1577,2,9,0,18,0,1,0,0,0,11,1,1,6,2,25,5,1598,2,7,5,1,5
20171343H1709,1,8,0,18,0,0,0,0,0,0,1,1,1,1,52,8,1998,2,7,2,1,2
20171343H1717,1,9,0,7,0,6,0,0,0,0,3,1,6,1,54,8,1360,1,14,3,1,3
20171343H1717,2,1,0,17,0,8,0,0,0,0,1,1,6,1,20,4,-1,-1,-1,-1,-1,-1
20171343I1037,1,9,0,6,0,0,0,0,0,0,3,1,6,1,22,5,1197,1,1,3,1,3
20171343I1037,2,9,0,18,0,0,0,0,0,0,1,1,6,2,28,6,1968,2,3,1,1,1
20171343I1211,1,9,0,3,0,0,0,0,0,0,2,1,6,1,34,6,1910,2,11,9,2,9
20171343I1211,2,9,0,18,0,0,0,0,0,0,1,1,6,2,-1,-1,1994,1,12,-1,-1,-1
20171343I1615,1,9,0,5,0,0,0,0,0,0,1,1,6,2,20,4,1198,1,4,5,1,5
20171343I1615,2,3,0,18,0,0,0,0,0,0,1,1,6,1,21,5,125,1,5,3,1,3
20171343I1652,1,9,0,4,0,0,0,0,0,0,1,1,1,1,30,6,2199,2,9,6,1,6
20171343I1652,2,2,0,18,0,0,1,0,0,0,1,1,2,1,18,4,124,1,1,2,1,2
20171343I1656,1,9,0,18,0,0,0,0,0,0,1,1,6,1,34,6,1596,1,12,9,1,9
20171343I1929,1,9,0,18,0,8,0,0,0,0,4,1,6,2,25,5,1364,1,2,1,1,1
20171343I2006,1,9,0,5,0,1,0,0,0,0,1,1,6,2,29,6,2171,1,15,4,1,4
20171343I2006,2,9,0,5,0,1,0,0,0,0,2,1,6,1,52,8,1781,1,14,1,1,1
20171343J0576,1,9,0,10,0,0,0,0,0,0,2,1,6,1,34,6,1685,2,2,9,1,9
20171343J0576,2,9,0,18,0,0,0,0,0,0,1,1,6,1,28,6,-1,-1,-1,7,1,7
20171343J0697,1,9,0,5,0,6,0,0,0,0,3,1,2,1,44,7,1598,1,3,6,1,6
20171343J0697,2,1,0,18,0,8,1,0,0,0,1,1,2,1,47,8,-1,-1,-1,8,2,8
20171343J0732,1,9,0,3,0,4,0,0,0,0,2,1,6,2,58,9,1598,1,7,3,1,3