Accident_Index,Vehicle_Reference,Vehicle_Type,Towing_and_Articulation,Vehicle_Manoeuvre,Vehicle_Location-Restricted_Lane,Junction_Location,Skidding_and_Overturning,Hit_Object_in_Carriageway,Vehicle_Leaving_Carriageway,Hit_Object_off_Carriageway,1st_Point_of_Impact,Was_Vehicle_Left_Hand_Drive?,Journey_Purpose_of_Driver,Sex_of_Driver,Age_of_Driver,Age_Band_of_Driver,Engine_Capacity_(CC),Propulsion_Code,Age_of_Vehicle,Driver_IMD_Decile,Driver_Home_Area_Type,Vehicle_IMD_Decile
20171344O1237,2,9,0,18,0,1,0,0,0,0,1,1,1,2,44,7,1120,2,5,9,1,9
20171344O1255,1,9,0,9,0,8,0,0,0,0,4,1,6,2,34,6,1229,1,11,1,1,1
20171344O1255,2,9,0,18,0,8,0,0,0,0,1,1,6,1,25,5,1984,1,2,9,1,9
20171344O1311,1,9,0,10,0,1,0,0,0,0,2,1,6,2,25,5,1598,1,14,9,3,9
20171344O1311,2,9,0,18,0,1,0,0,0,0,1,1,1,1,39,7,-1,-1,-1,3,1,3
20171344O1897,1,9,0,18,0,4,0,0,0,0,1,1,2,1,62,9,1794,1,11,5,1,5
20171344O1897,2,9,0,17,0,8,0,0,0,7,1,1,6,1,68,10,1229,1,12,1,1,1
20171344P0250,1,9,0,9,0,8,0,0,0,0,1,1,3,2,28,6,1596,1,13,-1,-1,-1
20171344P0328,1,9,0,18,0,0,0,0,0,0,3,1,2,2,36,7,1598,1,13,4,2,4
20171344P0392,1,8,0,5,0,0,0,0,0,0,0,1,1,1,41,7,1998,2,10,3,1,3
20171344P0482,1,9,0,9,0,6,0,0,0,0,3,1,2,2,28,6,1997,1,2,2,1,2
20171344P0482,2,2,0,18,0,1,0,0,0,0,1,1,2,1,32,6,125,1,1,1,1,1
20171344P0751,1,5,0,18,0,8,0,0,0,0,1,1,6,1,37,7,1202,1,5,4,1,4
20171344P0751,2,9,0,18,0,8,0,0,0,0,3,1,6,2,23,5,1390,1,7,7,1,7
20171344P0829,1,9,0,14,0,0,0,4,0,0,1,1,6,1,79,11,2183,2,7,7,3,7
20171344P0829,2,90,0,2,0,0,0,0,0,0,2,2,1,1,47,8,5861,2,23,3,2,3
20171344P0924,1,8,0,5,6,0,0,0,0,0,0,1,6,1,-1,-1,-1,-1,-1,-1,-1,-1
20171344P0980,1,9,0,7,0,5,0,0,0,0,0,1,6,1,32,6,1598,1,10,2,1,2
20171344P0980,2,22,0,18,0,8,5,0,0,0,0,1,3,2,56,9,-1,-1,-1,1,1,1
20171344P1127,1,9,0,1,0,0,0,0,0,0,2,1,6,1,-1,-1,1398,1,11,1,1,1
20171344P1141,1,9,0,18,0,0,0,0,0,0,1,1,6,2,76,11,1124,1,12,9,1,9
20171344P1178,1,9,0,18,0,0,0,0,0,0,1,1,6,2,39,7,1388,1,11,1,1,1
20171344P1178,2,9,0,18,0,0,0,0,0,0,1,1,6,1,47,8,-1,-1,-1,-1,-1,-1
20171344P1195,1,9,0,11,0,0,0,0,0,0,4,1,6,1,37,7,1598,1,10,10,1,10
20171344P1195,2,9,0,18,0,0,0,0,1,10,3,1,6,1,42,7,2199,2,4,3,1,3
20171344P1298,1,9,0,9,0,1,0,0,0,0,1,1,6,1,73,10,1975,1,9,2,1,2
20171344P1298,2,1,0,18,0,1,0,0,0,0,1,1,6,1,29,6,-1,-1,-1,1,1,1
20171344P1322,1,19,0,4,0,0,0,0,0,0,1,1,1,1,20,4,1598,2,1,1,1,1
20171344P1322,2,9,0,3,0,0,0,0,0,0,2,1,6,2,29,6,1242,1,5,7,1,7
20171344P1322,3,9,0,3,0,0,0,0,0,0,2,1,2,1,32,6,1997,2,10,7,1,7
20171344P1334,1,8,0,18,0,0,0,0,0,0,1,1,1,1,34,6,1998,2,7,1,1,1
20171344P1334,2,9,0,4,0,0,0,0,0,0,2,1,6,3,-1,-1,-1,-1,-1,-1,-1,-1
20171344P1442,1,9,0,18,0,4,0,0,0,0,3,1,6,2,23,5,1461,2,8,3,1,3
20171344P1442,2,9,0,18,0,4,0,0,0,0,4,1,6,1,20,4,1598,2,1,1,1,1
20171344P1494,1,9,0,18,0,8,0,0,0,0,1,1,6,2,47,8,1197,1,2,1,1,1
20171344P1494,2,9,0,9,0,6,0,0,0,0,1,1,6,3,-1,-1,-1,-1,-1,-1,-1,-1
20171344P1494,3,19,0,9,0,6,0,0,0,0,1,1,6,3,-1,-1,-1,-1,-1,-1,-1,-1
20171344P1617,1,9,0,11,0,0,0,0,0,0,4,1,6,1,-1,-1,1200,1,2,1,1,1
20171344P1617,2,1,0,18,0,0,5,0,0,0,3,1,6,1,33,6,-1,-1,-1,4,1,4
20171344Q0204,1,3,0,18,0,1,0,0,0,0,1,1,6,1,26,6,123,1,1,4,1,4
20171344Q0204,2,9,0,9,0,6,0,0,0,0,1,1,6,2,46,8,1951,2,13,5,3,5
20171344Q0208,1,1,0,18,0,0,0,0,0,0,1,1,6,1,25,5,-1,-1,-1,2,1,2
20171344Q0208,2,9,0,4,0,0,0,0,0,0,2,1,6,2,29,6,-1,-1,-1,10,1,10
20171344Q0210,1,19,0,18,0,1,0,0,0,0,1,1,1,1,28,6,1753,2,12,7,1,7
20171344Q0210,2,9,0,4,0,1,0,0,0,0,2,1,6,2,30,6,1299,1,13,7,1,7
20171344Q0271,1,1,0,18,9,8,5,0,0,0,1,1,4,1,13,3,-1,-1,-1,1,1,1
20171344Q0271,2,9,0,4,0,8,0,0,0,0,4,1,6,2,43,7,998,1,1,7,1,7
20171344Q0514,1,9,0,10,0,1,0,0,0,0,2,1,6,2,29,6,1753,2,11,1,1,1
20171344Q0514,2,9,0,4,0,1,0,0,0,0,2,1,6,1,-1,-1,-1,-1,-1,3,1,3
20171344Q0514,3,9,0,18,0,1,0,0,0,0,1,1,6,1,42,7,1596,1,12,1,1,1
20171344Q0592,1,8,0,18,0,2,0,0,0,0,1,1,1,1,59,9,1896,2,7,1,1,1
20171344Q0592,2,9,0,4,0,2,0,0,0,0,2,1,6,2,72,10,1461,2,9,3,1,3
20171344Q1084,1,8,0,14,0,0,0,0,0,0,1,1,1,1,56,9,1896,2,9,5,1,5
20171344Q1084,2,11,0,2,0,0,0,0,0,0,0,1,1,1,50,8,9360,2,8,5,1,5
20171344Q1492,1,9,0,18,0,0,0,0,0,0,1,1,6,1,57,9,1896,2,9,1,1,1
20171344Q1492,2,9,0,18,0,0,0,0,0,0,2,1,6,1,24,5,1390,1,3,8,1,8
20171344Q1492,3,9,0,18,0,0,0,0,0,0,2,1,6,1,51,8,1968,2,9,1,1,1
20171344Q1497,1,9,0,5,0,8,0,0,1,11,1,1,6,2,67,10,1998,1,12,8,1,8
20171344Q1497,2,9,0,18,0,8,0,0,0,0,4,1,6,2,50,8,1598,1,8,10,3,10
20171344R0228,1,9,0,9,0,8,0,0,0,0,4,1,2,1,33,6,1686,2,15,1,1,1
20171344R0228,2,9,0,18,0,8,0,0,0,0,1,1,2,1,31,6,1197,1,-1,1,1,1
20171344R0257,1,1,0,18,0,2,0,0,0,0,1,1,6,1,33,6,-1,-1,-1,-1,-1,-1
20171344R0257,2,9,0,9,0,5,0,0,0,0,0,1,6,2,35,6,1598,1,13,-1,-1,-1
20171344R0287,1,9,0,18,0,0,0,0,0,0,1,1,6,1,39,7,1560,2,8,7,1,7
20171344R0287,2,9,0,18,0,0,0,0,0,0,2,1,6,1,51,8,1560,2,3,7,1,7
20171344R0539,1,9,0,4,0,0,0,0,0,0,1,1,6,2,33,6,1390,1,5,1,1,1
20171344R0539,2,3,0,3,0,0,5,0,0,0,2,1,1,1,53,8,124,1,4,8,1,8
20171344R0745,1,11,0,18,0,8,0,0,0,0,0,1,1,2,37,7,9360,2,8,3,1,3
20171344R1166,1,19,0,9,0,1,0,0,0,0,4,1,2,1,76,11,1905,2,20,5,1,5
20171344R1166,2,1,0,18,0,1,0,0,0,0,1,1,6,1,38,7,-1,-1,-1,1,1,1
20171344R1259,1,9,0,15,0,0,2,7,7,0,1,1,6,1,23,5,1149,1,15,2,1,2
20171344R1259,2,9,0,18,0,0,0,0,0,0,0,1,6,1,46,8,2497,1,15,4,1,4
20171344R1305,1,9,0,4,0,1,0,0,0,0,1,1,6,1,39,7,1896,2,15,9,1,9
20171344R1305,2,9,0,4,0,1,0,0,0,0,2,1,6,1,42,7,1968,2,6,4,1,4
20171344R1305,3,9,0,4,0,1,0,0,0,0,2,1,6,1,22,5,1398,1,15,2,1,2
20171344R1463,1,9,0,18,0,1,0,0,0,0,1,1,6,1,46,8,1797,8,6,6,1,6
20171344R1463,2,9,0,7,0,1,0,0,0,0,1,1,6,1,27,6,1242,1,18,3,1,3
20171344R1554,1,11,0,18,0,1,0,0,0,0,0,1,1,1,33,6,7300,2,13,1,1,1
20171344R1802,1,9,0,18,0,0,0,0,7,11,3,1,6,1,18,4,1248,2,5,8,1,8
20171344S0270,1,9,0,18,0,0,0,0,0,0,1,1,2,2,25,5,998,1,3,2,1,2
20171344S0270,2,8,0,18,0,0,0,0,0,0,2,1,1,1,34,6,1968,2,8,1,1,1
20171344S0337,1,19,0,2,0,0,0,0,0,0,1,1,6,1,49,8,2402,2,15,7,1,7
20171344S0337,2,20,0,18,0,0,0,0,0,0,2,1,6,2,48,8,-1,-1,-1,4,3,4
20171344S0381,1,9,0,18,0,0,0,7,0,0,1,1,2,1,59,9,1560,2,2,5,1,5
20171344S0438,1,21,1,18,0,0,0,0,0,0,1,1,1,1,30,6,12902,2,2,6,1,6
20171344S0438,2,19,0,18,0,0,0,0,0,0,2,1,1,1,56,9,-1,-1,-1,4,1,4
20171344S0656,1,11,0,18,0,1,0,0,0,0,0,1,1,1,41,7,7300,2,11,6,1,6
20171344S0656,2,9,0,7,0,5,0,0,0,0,0,1,6,3,-1,-1,-1,-1,-1,-1,-1,-1
20171344S0710,1,9,0,18,0,1,0,0,0,0,1,1,6,1,19,4,-1,-1,-1,8,1,8
20171344S0710,2,9,0,10,0,8,0,0,0,0,2,1,6,1,55,8,-1,-1,-1,5,1,5
20171344S0806,1,9,0,18,0,8,0,0,0,0,1,1,6,1,45,7,1956,2,2,5,3,5
20171344S0806,2,9,0,5,0,6,0,0,0,0,3,1,6,1,34,6,1395,1,3,2,1,2
20171344S0958,1,9,0,8,0,1,0,0,0,0,2,1,6,2,57,9,1198,1,3,5,1,5
20171344S0958,2,9,0,8,0,1,0,0,0,0,1,1,6,1,86,11,1896,2,11,8,1,8
20171344S1117,1,9,0,9,0,8,0,0,0,0,1,1,1,1,50,8,1998,2,4,1,1,1
20171344S1117,2,9,0,7,0,8,0,0,0,0,1,1,1,1,39,7,1598,1,3,1,1,1
20171344S1163,1,9,0,18,0,6,0,0,0,0,0,1,6,1,29,6,1598,1,13,-1,-1,-1
20171344S1163,2,9,0,18,0,1,0,0,0,0,2,1,6,1,28,6,1968,2,12,-1,-1,-1
20171344S1417,1,11,0,18,2,0,0,10,0,0,0,1,1,1,26,6,-1,-1,-1,1,1,1
20171344S1417,2,9,0,11,0,0,0,0,0,0,0,1,6,3,40,7,1910,2,9,-1,-1,-1
20171344S1417,3,10,0,18,0,0,0,0,0,0,0,1,1,1,40,7,-1,-1,-1,7,1,7
20171344T0545,1,9,0,14,0,0,0,4,0,0,1,1,1,2,62,9,1598,1,13,-1,-1,-1
20171344T0545,2,9,0,2,0,0,0,0,0,0,3,1,6,3,-1,-1,2401,2,13,-1,-1,-1
20171344T0864,1,9,0,18,0,0,0,0,0,0,1,1,6,2,15,3,1198,1,1,5,1,5
20171344T0864,2,9,0,18,0,0,0,0,0,0,1,1,6,1,20,4,1968,2,12,2,1,2
20171344T0937,1,9,0,18,0,0,5,4,0,0,4,1,6,2,20,4,1086,1,8,1,1,1
20171344T0937,2,9,0,2,0,0,0,0,0,0,4,1,6,3,-1,-1,1598,1,11,-1,-1,-1
20171344T1110,1,9,0,18,0,0,0,0,0,0,4,1,6,1,43,7,1242,1,9,3,1,3
20171344T1110,2,1,0,18,0,0,0,0,0,0,1,1,6,1,12,3,-1,-1,-1,4,1,4
20171344T1178,1,9,0,18,0,0,0,0,0,0,1,1,1,1,40,7,1364,1,1,3,1,3
20171344T1178,2,9,0,18,0,0,0,0,0,0,2,1,1,1,40,7,1896,2,8,1,1,1
20171344T1214,1,9,0,9,0,8,0,0,0,0,1,1,6,1,46,8,1364,1,3,1,1,1
20171344T1214,2,8,0,18,0,8,0,0,0,0,4,1,1,1,44,7,1598,2,7,7,1,7
20171344T1292,1,9,0,18,0,2,0,0,0,0,1,1,6,2,32,6,1229,1,11,-1,-1,-1
20171344T1344,1,9,0,18,0,8,0,0,0,0,1,1,6,2,57,9,998,1,3,1,1,1
20171344T1552,1,3,0,18,0,0,0,0,0,0,0,1,6,3,-1,-1,-1,-1,-1,-1,-1,-1
20171344T1552,2,1,0,18,0,0,0,0,0,0,0,1,6,1,6,2,-1,-1,-1,1,1,1
20171344T1692,1,9,0,8,0,1,0,0,0,0,1,1,6,2,47,8,1685,2,2,1,1,1
20171344T1692,2,19,0,18,0,1,0,0,0,0,3,1,6,1,62,9,2148,2,10,4,1,4
20171344U0094,1,9,0,18,0,0,0,0,0,0,1,1,6,2,66,10,1198,1,13,7,1,7
20171344U0094,2,9,0,18,0,0,0,0,0,0,3,1,6,1,22,5,1686,2,13,-1,-1,-1
20171344U0973,1,9,0,18,0,1,0,0,0,0,1,1,6,3,-1,-1,2000,1,23,-1,-1,-1
20171344U0973,2,9,0,4,0,1,0,0,0,0,2,1,6,1,32,6,1386,1,11,2,1,2
20171344U1012,1,9,0,9,0,8,0,0,0,0,4,1,6,2,21,5,1242,1,12,7,1,7
20171344U1012,2,9,0,18,0,8,0,0,0,0,1,1,6,1,34,6,1968,2,3,-1,-1,-1
20171344U1012,3,9,0,18,0,8,0,0,0,0,2,1,6,1,31,6,1984,1,9,2,1,2
20171344U1123,1,20,0,5,9,0,0,4,0,0,1,1,6,1,52,8,-1,-1,-1,1,1,1
20171344U1597,1,5,0,12,0,0,0,0,0,0,3,1,6,1,17,4,636,1,13,1,1,1
20171344U1597,2,9,0,18,0,0,0,0,0,0,4,1,6,2,18,4,1198,1,7,10,1,10
20171344U1769,1,8,0,18,0,0,0,10,0,0,1,1,1,1,44,7,1968,2,6,3,1,3
2017134510222,1,9,0,18,0,0,1,0,7,7,3,1,6,2,21,5,1995,2,2,7,1,7
2017134510222,2,21,0,18,0,0,0,0,0,0,3,1,6,1,37,7,8970,2,19,8,1,8
2017134510257,1,9,0,2,0,1,0,0,0,0,4,1,1,1,22,5,1364,1,10,4,1,4
2017134510257,2,9,0,18,0,1,0,0,0,0,1,1,6,1,47,8,2993,2,3,1,1,1
2017134510257,3,9,0,2,0,1,0,0,0,0,0,1,1,1,31,6,2993,2,2,1,1,1
2017134510696,1,9,0,18,0,8,0,0,0,0,1,1,6,1,-1,-1,1242,1,11,-1,-1,-1
2017134510696,2,9,0,9,0,5,0,0,0,0,4,1,1,1,37,7,1998,1,10,-1,-1,-1
2017134510764,1,9,0,5,0,6,0,0,0,0,1,1,6,1,35,6,1461,2,2,4,1,4
2017134510764,2,9,0,15,0,1,0,0,0,0,1,1,6,1,33,6,2616,1,10,4,1,4
2017134510767,1,8,0,5,0,0,0,0,0,0,3,1,1,3,-1,-1,-1,-1,-1,-1,-1,-1
2017134511031,1,9,0,7,0,1,0,0,0,0,4,1,6,2,30,6,1598,1,13,3,1,3
2017134511031,2,1,0,18,0,1,5,0,0,0,1,1,6,1,29,6,-1,-1,-1,2,1,2
2017134511048,1,5,0,9,0,1,1,0,1,10,1,1,2,1,21,5,599,1,18,1,1,1
2017134511048,2,9,0,15,0,1,0,0,0,0,0,1,6,3,-1,-1,-1,-1,-1,-1,-1,-1
2017134511074,1,9,0,18,0,0,0,0,0,0,1,1,6,1,34,6,-1,-1,-1,9,3,9
2017134511486,1,9,0,7,0,0,0,0,0,0,2,1,6,1,23,5,2979,1,13,7,3,7
2017134511486,2,9,0,18,0,0,0,0,0,0,1,1,6,3,-1,-1,1998,1,2,-1,-1,-1
2017134511866,1,9,0,18,0,0,1,0,0,0,1,1,6,1,31,6,1990,1,18,3,1,3
2017134511921,1,9,0,5,0,6,0,0,0,0,1,1,6,2,-1,-1,1598,1,14,-1,-1,-1
2017134511921,2,9,0,18,0,1,0,0,0,0,3,1,6,1,31,6,1968,2,5,1,1,1
2017134520012,1,9,0,18,0,1,1,10,0,7,1,1,6,1,21,5,2000,2,12,-1,-1,-1
2017134520012,2,9,0,18,0,1,2,10,1,7,1,1,6,1,21,5,1968,2,10,-1,-1,-1
2017134520310,1,9,0,1,0,0,0,4,0,0,4,1,6,2,50,8,1598,1,5,5,2,5
2017134520310,2,9,0,2,0,0,0,0,0,0,1,1,6,3,-1,-1,1296,1,9,-1,-1,-1
2017134520313,1,9,0,9,0,5,0,0,0,0,4,1,2,2,23,5,875,1,3,10,1,10
2017134520313,2,1,0,18,0,8,0,0,0,0,1,1,2,1,29,6,-1,-1,-1,7,1,7
2017134520338,1,8,0,7,0,6,0,0,0,0,1,1,2,1,51,8,-1,-1,-1,3,1,3
2017134520338,2,9,0,18,0,8,1,0,1,11,4,1,2,2,21,5,1197,1,2,2,1,2
2017134520396,1,9,0,9,0,8,0,0,0,0,1,1,6,2,55,8,1997,2,14,1,1,1
2017134520396,2,8,0,18,0,8,0,0,0,0,1,1,1,1,52,8,1598,2,6,10,1,10
2017134520706,1,19,0,18,7,0,0,0,0,0,1,1,6,3,-1,-1,1560,2,1,-1,-1,-1
2017134520998,1,9,0,7,0,6,0,0,0,0,3,1,6,1,72,10,1360,1,13,10,3,10
2017134521127,1,9,0,16,0,0,0,0,0,0,1,1,6,1,39,7,919,1,-1,10,1,10
2017134521127,2,9,0,3,0,0,0,0,0,0,1,1,6,2,39,7,1794,1,10,2,1,2
2017134521345,1,5,0,18,0,0,0,0,0,0,1,1,6,1,19,4,487,1,10,7,2,7
2017134521440,1,11,0,5,0,0,0,0,0,0,0,1,1,1,42,7,7300,2,13,3,1,3
2017134521529,1,1,0,18,0,0,0,0,0,0,1,1,6,1,8,2,-1,-1,-1,1,1,1
2017134521529,2,9,0,18,0,0,0,0,0,0,1,1,6,1,29,6,1240,1,14,-1,-1,-1
2017134521612,1,9,0,7,0,6,0,0,0,0,1,1,6,2,47,8,1896,2,13,1,1,1
2017134521612,2,1,0,18,0,8,0,0,0,0,1,1,6,1,41,7,-1,-1,-1,1,1,1
2017134521832,1,9,0,18,0,1,1,0,0,0,1,1,6,3,-1,-1,1968,2,6,-1,-1,-1
2017134521832,2,9,0,2,0,1,0,0,1,0,2,1,6,3,-1,-1,1399,2,6,-1,-1,-1
2017134521832,3,9,0,2,0,1,0,0,1,0,2,1,6,3,-1,-1,1968,2,4,-1,-1,-1
2017134530098,1,9,0,5,0,6,0,0,0,0,1,1,6,1,35,6,1598,2,5,1,1,1
2017134530098,2,9,0,18,0,1,0,0,0,0,1,1,6,1,26,6,1229,1,9,-1,-1,-1
2017134530277,1,9,0,17,0,8,0,0,0,0,3,1,6,2,27,6,1461,2,4,4,1,4
2017134530338,1,9,0,3,0,8,0,0,0,0,2,1,6,1,29,6,1968,2,6,3,1,3
2017134530338,2,9,0,18,0,8,0,0,0,0,1,1,6,1,36,7,1995,2,6,1,1,1
2017134530360,1,9,0,3,0,0,0,0,0,0,2,1,6,1,25,5,1896,2,13,7,3,7
2017134530360,2,9,0,18,0,0,0,0,0,0,1,1,6,2,20,4,1596,1,11,6,1,6
2017134530618,1,9,0,18,0,8,0,0,0,0,4,1,6,2,33,6,2148,2,10,-1,-1,-1
2017134530618,2,3,0,18,0,8,2,0,0,0,1,1,6,1,19,4,125,1,1,-1,-1,-1
2017134530736,1,9,0,18,0,4,0,0,0,0,2,1,6,2,30,6,1595,1,8,10,1,10
2017134530736,2,11,0,18,0,4,0,0,0,0,1,1,1,1,50,8,9200,2,15,1,1,1
2017134530846,1,9,0,18,0,1,1,0,1,11,1,1,6,1,25,5,-1,-1,-1,8,1,8
2017134531116,1,9,0,18,0,0,0,0,1,11,1,1,2,2,63,9,-1,-1,-1,4,1,4
2017134531154,1,11,0,4,0,0,0,0,0,0,0,1,1,1,26,6,6696,2,3,-1,-1,-1
2017134531382,1,9,0,5,0,6,0,0,0,0,1,1,6,1,42,7,1995,2,8,3,1,3
2017134531382,2,9,0,18,0,1,0,0,0,0,3,1,6,2,36,7,1397,1,13,2,1,2
2017134531438,1,19,0,18,0,8,0,0,0,0,1,1,6,1,31,6,1998,2,14,1,1,1
2017134531438,2,9,0,9,0,8,0,0,0,0,1,1,6,2,49,8,1560,2,4,8,1,8
2017134531715,1,5,0,16,0,0,1,0,7,4,1,1,6,1,24,5,749,1,15,-1,-1,-1
2017134531775,1,9,0,9,0,1,0,0,0,0,4,1,6,2,33,6,2720,2,8,1,1,1
2017134531870,1,9,0,18,0,0,0,0,0,0,3,1,6,1,40,7,1499,2,2,3,1,3
2017134531870,2,3,0,18,0,0,0,0,0,0,1,1,6,2,29,6,124,1,5,7,1,7
2017134540012,1,9,0,16,0,0,0,4,0,0,1,1,6,1,19,4,1390,1,6,2,1,2
2017134540012,2,9,0,2,0,0,0,4,0,0,2,1,6,3,-1,-1,1587,1,14,-1,-1,-1
2017134540012,3,9,0,2,0,0,0,0,0,0,2,1,6,3,-1,-1,1686,2,7,-1,-1,-1
2017134540258,1,1,0,9,0,1,0,0,0,0,1,1,4,1,10,2,-1,-1,-1,1,1,1
2017134540258,2,9,0,18,0,8,0,0,0,0,4,1,2,1,56,9,4921,2,11,4,1,4
2017134540273,1,9,0,9,0,0,0,0,0,0,1,1,3,1,53,8,1590,1,7,2,1,2
2017134540273,2,2,0,16,0,0,0,0,0,0,1,1,2,1,16,4,49,1,-1,4,1,4
2017134540461,1,9,0,1,9,0,0,0,0,0,2,1,6,1,66,10,1390,1,4,8,1,8
2017134540778,1,97,0,18,9,0,0,0,0,0,1,1,6,3,27,6,-1,-1,-1,-1,-1,-1
2017134540961,1,9,0,9,0,6,0,0,0,0,3,1,6,2,30,6,1560,2,7,8,1,8
2017134540961,2,9,0,9,0,6,0,0,0,0,4,1,6,1,26,6,1968,2,-1,5,2,5
2017134541039,1,1,0,7,0,1,1,0,0,0,3,1,6,1,16,4,-1,-1,-1,9,2,9
2017134541039,2,19,0,18,0,1,0,0,0,0,3,1,2,1,21,5,2198,2,10,-1,-1,-1
2017134541058,1,1,0,18,0,8,5,0,0,0,3,1,6,1,14,3,-1,-1,-1,2,1,2
2017134541058,2,9,0,18,0,1,0,0,0,0,1,1,6,3,-1,-1,-1,-1,-1,-1,-1,-1
2017134541076,1,9,0,5,0,6,0,0,0,0,3,1,6,2,33,6,-1,-1,-1,2,1,2
2017134541076,2,5,0,18,0,1,2,0,0,0,1,1,6,1,41,7,599,1,17,3,1,3
2017134541258,1,4,0,4,0,1,0,0,0,0,1,1,2,1,47,8,649,1,10,6,1,6
2017134541258,2,9,0,4,0,1,0,0,0,0,2,1,2,2,48,8,1198,1,3,7,1,7
2017134541280,1,11,0,4,0,0,0,0,0,0,0,1,1,1,43,7,9000,2,16,5,1,5
2017134541367,1,9,0,18,0,0,0,0,0,0,0,1,6,2,37,7,1296,1,11,4,1,4
2017134541382,1,20,0,9,0,6,0,0,0,0,1,1,1,1,51,8,4580,2,1,5,1,5
2017134541382,2,4,0,14,0,8,0,0,0,0,4,1,6,1,40,7,249,1,17,1,1,1
2017134541419,1,9,0,4,0,0,0,0,0,0,1,1,6,3,-1,-1,1598,2,5,-1,-1,-1
2017134541419,2,9,0,4,0,0,0,0,0,0,2,1,6,2,52,8,1598,1,4,3,1,3
2017134541733,1,9,0,18,0,0,0,0,0,0,1,1,6,1,24,5,998,1,14,1,1,1
2017134541733,2,9,0,14,0,0,0,0,0,0,1,2,6,3,-1,-1,1388,1,8,-1,-1,-1
2017134550261,1,9,0,7,0,0,0,0,0,0,4,1,2,1,20,4,1248,2,6,-1,-1,-1
2017134550261,2,1,0,15,5,0,1,0,0,0,1,1,2,1,56,9,-1,-1,-1,3,1,3
2017134550283,1,9,0,9,0,6,0,0,0,0,1,1,6,1,31,6,1598,1,5,-1,-1,-1
2017134550283,2,2,0,10,0,8,0,0,0,0,2,1,6,2,23,5,-1,-1,-1,-1,-1,-1
2017134550298,1,9,0,7,0,8,0,0,0,0,1,1,6,1,51,8,1560,2,6,10,1,10
2017134550298,2,1,0,18,0,8,2,0,0,0,1,1,6,1,29,6,-1,-1,-1,10,1,10
2017134550477,1,9,0,4,0,0,0,0,0,0,0,1,6,1,52,8,1598,2,1,5,1,5
2017134550477,2,11,0,18,0,0,0,0,0,0,0,1,1,1,44,7,5132,2,1,1,1,1
2017134550835,1,9,0,7,0,8,0,0,0,0,4,1,6,1,61,9,2993,2,1,5,1,5
2017134550947,1,9,0,18,0,8,0,0,0,0,3,1,6,1,48,8,1998,2,13,6,1,6
2017134550947,2,9,0,18,0,6,0,0,0,0,1,1,6,2,49,8,1685,2,3,1,1,1
2017134551221,1,9,0,18,0,1,0,0,0,0,1,1,1,1,35,6,1598,2,8,4,1,4
2017134551249,1,9,0,9,0,8,0,0,0,0,1,1,2,1,39,7,1986,2,10,2,1,2
2017134551392,1,9,0,10,0,1,0,0,0,0,2,1,6,2,23,5,1229,1,2,4,3,4
2017134551392,2,9,0,4,0,1,0,0,0,0,1,1,6,1,-1,-1,1596,1,11,-1,-1,-1
2017134551562,1,9,0,18,0,6,0,0,0,0,1,1,6,1,86,11,1329,1,4,7,1,7
2017134551577,1,9,0,18,0,0,0,11,0,0,1,1,6,1,60,9,1242,1,12,7,1,7
2017134551669,1,9,0,3,0,0,0,0,0,0,2,1,6,2,49,8,1596,1,12,1,1,1
2017134551669,2,9,0,18,0,0,0,0,0,0,1,1,6,1,-1,-1,1124,1,13,-1,-1,-1
2017134551717,1,9,0,18,0,8,0,0,0,0,1,1,6,2,44,7,1995,1,14,3,1,3
2017134551819,1,9,0,18,0,0,2,0,1,2,1,1,6,1,67,10,1598,1,15,9,1,9
2017134551917,1,11,0,18,0,0,0,0,0,0,0,1,1,1,29,6,9360,2,8,3,1,3
2017134560735,1,9,0,18,0,0,0,0,0,0,1,1,6,2,54,8,1598,2,1,-1,-1,-1
2017134560735,2,10,0,17,0,0,0,0,0,0,1,1,1,1,56,9,-1,-1,-1,-1,-1,-1
2017134560901,1,9,0,16,0,0,0,0,0,0,1,1,6,1,19,4,998,1,2,5,1,5
2017134560901,2,9,0,17,0,0,0,0,0,0,1,1,6,1,22,5,1388,1,14,5,1,5
2017134561041,1,9,0,3,0,0,0,0,0,0,2,1,6,1,68,10,1999,1,9,4,2,4
2017134561041,2,9,0,18,0,0,0,0,0,0,1,1,6,2,38,7,1995,2,3,5,1,5
2017134561058,1,9,0,18,0,6,0,0,0,0,1,1,6,3,-1,-1,1968,2,9,-1,-1,-1
2017134561058,2,9,0,18,0,8,1,0,1,0,4,1,6,1,34,6,1910,2,10,1,1,1
2017134561234,1,9,0,4,0,1,0,0,0,0,1,1,6,2,47,8,1339,1,15,7,1,7
2017134561234,2,90,0,9,0,8,0,0,0,0,4,1,1,1,31,6,2987,2,7,-1,-1,-1
2017134561429,1,9,0,4,0,0,0,0,0,0,2,1,6,1,18,4,1896,2,10,9,2,9
2017134561429,2,10,0,18,0,0,0,0,0,0,1,1,6,1,68,10,-1,-1,-1,7,2,7
2017134561533,1,9,0,18,0,0,0,0,0,0,1,1,6,2,21,5,1242,1,14,1,1,1
2017134561533,2,9,0,4,0,0,0,0,0,0,2,1,6,1,30,6,1461,2,3,5,1,5
2017134561717,1,9,0,7,0,0,0,10,0,0,2,1,6,1,21,5,1796,1,19,1,1,1
2017134561717,2,9,0,7,0,0,0,0,0,0,4,1,1,1,40,7,2993,2,3,6,1,6
2017134561852,1,1,0,18,9,1,0,0,0,0,1,1,6,1,14,3,-1,-1,-1,1,1,1