Accident_Index,Vehicle_Reference,Vehicle_Type,Towing_and_Articulation,Vehicle_Manoeuvre,Vehicle_Location-Restricted_Lane,Junction_Location,Skidding_and_Overturning,Hit_Object_in_Carriageway,Vehicle_Leaving_Carriageway,Hit_Object_off_Carriageway,1st_Point_of_Impact,Was_Vehicle_Left_Hand_Drive?,Journey_Purpose_of_Driver,Sex_of_Driver,Age_of_Driver,Age_Band_of_Driver,Engine_Capacity_(CC),Propulsion_Code,Age_of_Vehicle,Driver_IMD_Decile,Driver_Home_Area_Type,Vehicle_IMD_Decile
2017134561852,2,9,0,8,0,1,0,0,0,0,1,1,6,2,33,6,1968,2,2,1,1,1
2017134570372,1,9,0,18,0,0,1,0,1,7,1,1,1,2,39,7,1968,2,7,7,1,7
2017134570372,2,9,0,18,0,0,0,0,0,0,1,1,6,3,-1,-1,-1,-1,-1,-1,-1,-1
2017134570703,1,9,0,5,0,4,0,0,0,0,3,1,6,2,34,6,1968,2,11,2,2,2
2017134570703,2,1,0,18,0,8,0,0,0,0,1,1,6,1,34,6,-1,-1,-1,9,2,9
2017134570847,1,1,0,18,0,1,5,0,0,0,1,1,6,1,14,3,-1,-1,-1,2,1,2
2017134570847,2,19,0,18,0,1,0,0,0,0,1,1,6,2,64,9,-1,-1,-1,3,1,3
2017134571635,1,9,0,18,0,4,0,0,0,0,1,1,6,3,-1,-1,-1,-1,-1,-1,-1,-1
2017134571635,2,1,0,18,0,3,0,0,0,0,2,1,6,1,25,5,-1,-1,-1,1,1,1
2017134580494,1,1,0,18,0,0,0,0,0,0,1,1,6,1,48,8,-1,-1,-1,2,1,2
2017134580494,2,9,0,5,0,0,0,0,0,0,3,1,6,3,-1,-1,-1,-1,-1,-1,-1,-1
2017134580539,1,9,0,4,9,0,0,0,0,0,4,1,6,1,21,5,1600,1,12,8,1,8
2017134581164,1,9,0,18,0,0,0,0,0,0,1,1,6,1,25,5,1995,2,11,-1,-1,-1
2017134581989,1,9,0,18,0,8,0,0,0,0,1,1,6,1,30,6,1149,1,13,5,1,5
2017134590262,1,9,0,18,0,0,0,0,0,0,1,1,6,1,21,5,998,1,3,2,2,2
2017134590262,2,19,0,15,0,0,0,0,1,0,2,1,1,1,53,8,1995,2,1,5,1,5
2017134590278,1,5,0,7,0,6,1,0,0,0,0,1,6,1,54,8,-1,-1,-1,2,1,2
2017134590315,1,9,0,14,0,0,0,0,0,0,1,1,6,2,30,6,1995,2,6,2,1,2
2017134590315,2,9,0,18,0,0,0,0,0,0,1,1,6,2,50,8,1686,2,12,4,1,4
2017134590315,3,9,0,2,0,0,0,0,0,0,3,1,6,1,-1,-1,1198,1,8,-1,-1,-1
2017134590564,1,9,0,2,0,0,0,0,0,0,2,1,6,2,29,6,1995,2,14,1,1,1
2017134590564,2,9,0,18,0,0,0,0,0,0,1,1,6,2,37,7,998,1,5,1,1,1
2017134590656,1,9,0,18,0,1,0,0,7,11,1,1,6,2,18,4,1461,2,-1,3,1,3
2017134590656,2,9,0,18,0,1,0,0,0,0,4,1,6,1,50,8,2378,1,11,1,1,1
2017134590656,3,9,0,2,0,2,0,0,0,0,1,1,6,1,-1,-1,998,1,4,-1,-1,-1
2017134590728,1,9,0,18,0,1,0,0,0,0,1,1,6,1,39,7,1598,1,17,2,1,2
2017134590728,2,9,0,3,0,1,0,0,0,0,2,1,6,2,24,5,998,1,3,6,2,6
2017134590866,1,9,0,16,0,0,0,0,0,0,1,1,6,3,-1,-1,-1,-1,-1,-1,-1,-1
2017134591031,1,9,0,18,0,0,0,0,0,0,1,1,1,1,45,7,1598,1,10,5,1,5
2017134591073,1,3,0,18,0,1,0,0,0,0,1,1,6,1,18,4,124,1,15,2,1,2
2017134591073,2,8,0,9,0,1,0,0,0,0,3,1,1,1,40,7,1998,2,5,1,1,1
2017134591317,1,9,0,4,0,0,1,0,0,0,1,1,6,1,30,6,-1,-1,-1,7,1,7
2017134591317,2,9,0,4,0,0,0,0,0,0,2,1,6,1,29,6,1968,2,3,-1,-1,-1
2017134591317,3,9,0,4,0,0,0,0,0,0,2,1,6,1,51,8,1560,2,3,7,1,7
2017134591438,1,9,0,9,0,4,0,0,0,0,1,1,6,1,20,4,1422,2,8,6,1,6
2017134591438,2,1,0,18,4,1,0,0,0,0,1,1,6,1,42,7,-1,-1,-1,9,1,9
2017134591496,1,8,0,7,0,0,0,0,0,0,4,1,1,1,25,5,1995,2,6,1,1,1
2017134591496,2,1,0,18,0,0,0,0,0,0,1,1,6,1,48,8,-1,-1,-1,9,1,9
2017134591552,1,9,0,5,0,0,0,0,0,0,1,1,6,1,23,5,1968,2,-1,5,3,5
2017134591552,2,9,0,5,0,0,0,0,0,0,2,1,6,1,20,4,1896,2,10,7,1,7
2017134591563,1,9,0,9,0,1,0,0,0,0,1,1,6,2,-1,-1,-1,-1,-1,-1,-1,-1
2017134591563,2,1,0,18,0,1,0,0,0,0,1,1,6,1,30,6,-1,-1,-1,7,1,7
2017134591598,1,9,0,7,0,8,0,0,0,0,4,1,6,1,27,6,1339,1,1,1,1,1
2017134591598,2,1,0,18,0,8,0,0,0,0,1,1,2,1,26,6,-1,-1,-1,1,1,1
2017134591649,1,9,0,9,0,8,0,0,0,0,3,1,6,2,24,5,1598,2,4,7,3,7
2017134591649,2,9,0,16,0,8,0,0,0,0,1,1,6,1,49,8,1364,1,11,7,1,7
20171345A0163,1,19,0,9,0,8,0,0,0,0,3,1,2,1,47,8,1753,2,9,8,1,8
20171345A0163,2,1,0,18,0,1,0,0,0,0,1,1,2,1,58,9,-1,-1,-1,2,1,2
20171345A0189,1,9,0,18,0,8,0,0,0,0,1,1,6,1,53,8,1598,1,11,10,1,10
20171345A0189,2,5,0,9,0,8,5,0,0,0,4,1,6,1,23,5,636,1,14,4,1,4
20171345A0194,1,1,0,18,0,0,5,0,0,0,1,1,6,1,43,7,-1,-1,-1,4,1,4
20171345A0194,2,9,0,4,0,0,0,0,0,0,2,1,6,1,63,9,998,1,3,7,1,7
20171345A0404,1,5,0,14,0,8,5,0,0,0,4,1,6,1,24,5,599,1,20,4,1,4
20171345A0404,2,9,0,5,0,8,0,0,0,0,3,1,6,1,77,11,2902,2,13,5,1,5
20171345A0546,1,9,0,7,0,6,0,0,0,0,3,1,6,1,49,8,1956,2,7,7,3,7
20171345A0546,2,1,0,18,0,8,0,0,0,0,1,1,6,1,48,8,-1,-1,-1,6,1,6
20171345A0739,1,9,0,4,0,0,0,0,0,0,2,1,6,1,26,6,2143,2,6,1,1,1
20171345A0739,2,9,0,4,0,0,0,0,0,0,1,1,6,1,34,6,1560,2,2,1,1,1
20171345A0739,3,2,0,4,0,0,0,0,0,0,1,1,6,2,18,4,124,1,3,1,1,1
20171345A0886,1,9,0,9,0,8,0,0,0,0,4,1,6,1,-1,-1,1598,2,1,-1,-1,-1
20171345A0886,2,1,0,18,0,8,5,0,0,0,1,1,6,2,52,8,-1,-1,-1,2,1,2
20171345A1054,1,9,0,7,0,8,0,0,0,0,1,1,6,3,-1,-1,-1,-1,-1,-1,-1,-1
20171345A1054,2,1,0,2,0,8,5,0,0,0,2,1,4,1,13,3,-1,-1,-1,5,1,5
20171345A1098,1,9,0,18,0,6,0,0,0,0,3,1,6,2,70,10,1668,1,14,5,1,5
20171345A1098,2,9,0,18,0,1,0,0,0,0,1,1,6,1,56,9,1998,2,2,7,1,7
20171345A1128,1,9,0,18,0,1,0,0,0,0,1,1,6,2,46,8,1598,1,2,9,1,9
20171345A1128,2,1,0,7,0,6,5,0,0,0,1,1,6,2,6,2,-1,-1,-1,5,1,5
20171345A1176,1,9,0,18,0,0,0,0,0,0,1,1,6,1,29,6,1598,1,16,2,1,2
20171345A1176,2,9,0,4,0,0,0,0,0,0,2,1,6,1,34,6,1896,2,12,2,1,2
20171345A1286,1,9,0,18,0,0,0,0,0,0,1,1,6,1,-1,-1,1781,1,14,-1,-1,-1
20171345A1286,2,9,0,4,0,0,0,0,0,0,2,1,6,1,44,7,1560,2,7,8,1,8
20171345A1355,1,1,0,11,0,8,0,0,0,0,4,1,2,1,21,5,-1,-1,-1,10,1,10
20171345A1355,2,9,0,18,0,6,0,0,0,0,1,1,2,1,24,5,2521,1,6,3,1,3
20171345B0348,1,9,0,18,0,8,0,0,0,0,3,1,6,2,38,7,998,1,1,10,1,10
20171345B0348,2,9,0,9,0,8,0,0,0,0,1,1,6,1,23,5,1229,1,4,10,1,10
20171345B0538,1,9,0,1,0,0,0,0,0,0,2,1,6,3,-1,-1,-1,-1,-1,-1,-1,-1
20171345B0728,1,9,0,18,0,1,0,0,0,0,1,1,6,1,28,6,3000,1,16,-1,-1,-1
20171345B0728,2,9,0,18,0,1,0,0,0,0,2,1,6,1,37,7,1560,2,7,8,3,8
20171345B0728,3,9,0,3,0,1,0,0,0,0,1,1,6,2,52,8,1968,2,9,9,2,9
20171345B0728,4,9,0,3,0,1,0,0,0,0,2,1,6,1,54,8,1995,2,15,9,2,9
20171345B0939,1,9,0,9,0,8,0,0,0,0,1,1,6,3,-1,-1,1328,1,7,-1,-1,-1
20171345B1076,1,9,0,18,0,1,0,0,0,0,3,1,6,1,38,7,998,1,14,1,1,1
20171345B1076,2,1,0,18,0,1,0,0,0,0,1,1,6,1,46,8,-1,-1,-1,-1,-1,-1
20171345B1107,1,9,0,1,0,0,0,0,0,0,2,1,6,1,24,5,1968,2,9,5,1,5
20171345B1107,2,9,0,18,0,0,0,0,0,0,1,1,6,2,24,5,1598,2,6,5,1,5
20171345B1345,1,1,0,5,0,1,0,0,0,0,1,1,1,2,40,7,-1,-1,-1,1,1,1
20171345B1384,1,9,0,18,0,8,0,0,0,0,1,1,6,2,60,9,1339,1,7,3,3,3
20171345B1384,2,9,0,10,0,1,0,0,0,0,2,1,6,1,68,10,1229,1,11,10,1,10
20171345B1534,1,9,0,9,0,1,0,0,0,0,4,1,1,1,47,8,1797,8,7,2,1,2
20171345B1534,2,1,0,18,0,1,0,0,0,0,1,1,2,1,57,9,-1,-1,-1,9,1,9
20171345B1729,1,9,0,4,0,1,0,0,0,0,1,1,6,3,-1,-1,-1,-1,-1,-1,-1,-1
20171345B1729,2,9,0,3,0,1,0,0,0,0,2,1,6,2,24,5,1496,2,2,2,1,2
20171345B1754,1,9,0,18,0,0,0,0,0,0,1,1,6,1,-1,-1,1560,2,7,-1,-1,-1
20171345B1754,2,1,0,18,0,0,0,0,0,0,1,1,6,1,49,8,-1,-1,-1,3,1,3
20171345B1864,1,10,0,5,0,0,0,0,0,0,0,1,1,1,38,7,2402,2,10,-1,-1,-1
20171345B1995,1,9,0,18,0,0,0,0,0,0,1,1,2,2,30,6,1229,1,10,-1,-1,-1
20171345B1995,2,5,0,9,0,0,0,0,0,0,1,1,6,1,52,8,1200,1,16,8,1,8
20171345C0073,1,9,0,7,0,6,0,0,0,0,0,1,6,3,-1,-1,1229,1,11,7,1,7
20171345C0073,2,1,0,18,0,1,0,0,0,0,0,1,1,1,30,6,-1,-1,-1,2,1,2
20171345C0167,1,9,0,12,0,1,0,0,0,0,3,1,6,1,25,5,1596,1,6,-1,-1,-1
20171345C0167,2,8,0,5,0,1,0,0,0,0,4,1,1,1,30,6,1597,7,8,1,1,1
20171345C0250,1,9,0,18,0,0,0,0,0,0,1,1,2,1,25,5,1242,1,2,8,1,8
20171345C0356,1,8,0,3,0,0,0,0,0,0,1,1,1,1,36,7,1910,2,7,2,1,2
20171345C0356,2,9,0,3,0,0,0,0,0,0,2,1,2,2,25,5,1198,1,2,9,3,9
20171345C0356,3,9,0,3,0,0,0,0,0,0,2,1,2,2,51,8,1199,1,3,-1,-1,-1
20171345C1078,1,9,0,18,0,1,0,0,0,0,1,1,6,2,47,8,1598,1,11,2,1,2
20171345C1078,2,9,0,18,0,1,0,0,0,0,3,1,6,1,34,6,1686,2,13,1,1,1
20171345C1230,1,9,0,18,0,0,0,0,0,0,1,1,6,3,30,6,-1,-1,-1,6,3,6
20171345C1237,1,9,0,4,0,0,0,0,1,0,1,1,6,1,19,4,998,1,1,2,1,2
20171345C1237,2,9,0,4,0,0,0,0,0,0,2,1,6,1,51,8,1242,1,6,3,1,3
20171345C1237,3,9,0,4,0,0,0,0,0,0,2,1,6,1,61,9,1598,1,3,1,1,1
20171345C1237,4,21,1,4,0,0,0,0,0,0,1,1,1,1,50,8,12419,2,2,7,2,7
20171345C1723,1,9,0,18,0,8,0,0,0,0,1,1,6,1,31,6,1596,1,11,-1,-1,-1
20171345C1723,2,9,0,9,0,5,0,0,0,0,4,1,6,1,72,10,1794,1,15,-1,-1,-1
20171345C1807,1,9,0,18,0,8,0,0,0,0,1,1,6,1,32,6,1995,2,7,3,1,3
20171345C1807,2,3,0,18,0,8,2,0,0,0,3,1,6,1,16,4,125,1,3,1,1,1
20171345C2074,1,9,0,18,0,0,0,0,0,0,1,1,6,3,-1,-1,1242,1,15,-1,-1,-1
20171345D0185,1,9,0,18,0,0,0,0,5,6,1,1,6,1,26,6,999,1,2,5,1,5
20171345D0558,1,2,0,18,0,0,1,0,0,0,0,1,4,1,16,4,49,1,-1,7,1,7
20171345D0643,1,9,0,7,0,8,0,0,0,0,1,1,6,2,83,11,1364,1,2,5,1,5
20171345D0643,2,11,0,4,0,8,0,0,0,0,3,1,1,1,29,6,6696,2,2,3,1,3
20171345D0745,1,9,0,9,0,6,0,0,0,0,1,1,6,1,55,8,1560,2,3,7,1,7
20171345D0745,2,1,0,18,0,8,1,0,0,0,4,1,6,1,45,7,-1,-1,-1,9,1,9
20171345D0994,1,11,0,9,0,8,0,0,0,0,0,1,1,1,55,8,9360,2,8,7,1,7
20171345D1096,1,1,0,18,0,8,0,0,0,0,1,1,6,1,12,3,-1,-1,-1,3,1,3
20171345D1096,2,9,0,1,0,6,0,0,0,0,3,1,6,2,35,6,1596,1,13,3,1,3
20171345D1415,1,9,0,17,0,0,0,0,0,0,1,1,6,1,25,5,1968,2,12,3,2,3
20171345D1415,2,9,0,16,0,0,0,0,0,0,1,1,6,1,30,6,1910,2,11,2,2,2
20171345D1487,1,9,0,18,0,0,0,0,0,0,3,1,6,1,39,7,1598,1,12,-1,-1,-1
20171345D1487,2,4,0,2,0,0,2,0,0,0,1,1,6,1,17,4,498,1,22,-1,-1,-1
20171345D1537,1,9,0,18,0,4,0,0,0,0,3,1,6,1,48,8,1618,1,2,1,1,1
20171345D1537,2,5,0,18,0,8,0,0,0,0,1,1,6,1,78,11,649,1,11,7,1,7
20171345D1555,1,9,0,11,0,0,1,0,4,6,2,1,6,2,20,4,1229,1,10,3,1,3
20171345D1555,2,9,0,18,0,0,0,0,0,0,1,1,6,1,56,9,1398,1,2,6,2,6
20171345D1568,1,9,0,18,0,8,0,0,0,0,3,1,6,2,62,9,1598,1,9,3,1,3
20171345D1568,2,9,0,7,0,8,0,0,0,0,4,1,6,1,45,7,1956,2,2,10,1,10
20171345E0146,1,3,0,18,0,0,1,0,0,0,3,1,6,1,18,4,125,1,-1,3,1,3
20171345E0658,1,1,0,18,0,1,0,0,0,0,1,1,6,1,51,8,-1,-1,-1,6,1,6
20171345E0658,2,9,0,9,0,6,0,0,0,0,3,1,6,1,52,8,-1,3,-1,9,3,9
20171345E1131,1,9,0,9,0,5,0,0,0,0,4,1,6,2,42,7,1598,1,2,1,1,1
20171345E1131,2,3,0,18,0,8,0,0,0,0,1,1,6,1,27,6,124,1,5,1,1,1
20171345E1480,1,9,0,18,0,8,0,0,0,0,4,1,6,2,31,6,1968,2,2,1,1,1
20171345E1480,2,9,0,18,0,8,0,0,0,0,3,1,6,2,20,4,1598,2,-1,2,1,2
20171345E1617,1,9,0,9,0,6,0,0,0,0,1,1,6,2,33,6,1968,2,4,4,1,4
20171345E1617,2,9,0,18,0,8,0,0,0,0,4,1,6,2,21,5,1296,1,10,1,1,1
20171345F0472,1,9,0,4,0,8,0,0,0,0,1,1,6,1,44,7,1995,2,4,3,1,3
20171345F0472,2,9,0,4,0,8,0,0,0,0,2,1,6,2,31,6,1388,1,5,1,1,1
20171345F0621,1,8,0,3,0,8,0,0,0,0,4,1,1,1,46,8,1598,2,6,1,1,1
20171345F0621,2,9,0,18,0,8,0,0,0,0,1,1,6,2,48,8,1400,2,11,6,1,6
20171345F0652,1,19,0,18,0,8,0,0,0,0,1,1,6,1,30,6,1995,2,3,1,1,1
20171345F0652,2,9,0,10,0,8,0,0,0,0,2,1,6,2,42,7,1364,1,2,-1,1,-1
20171345F0801,1,9,0,9,0,5,0,0,0,0,1,1,6,1,61,9,1998,1,11,1,1,1
20171345F0801,2,9,0,18,0,1,1,0,0,0,1,1,6,1,28,6,2143,2,7,6,2,6
20171345F0801,3,9,0,18,0,1,0,0,0,0,3,1,6,2,21,5,1499,2,1,1,1,1
20171345F1182,1,9,0,18,0,0,0,0,0,0,4,1,6,1,47,8,1796,1,10,-1,-1,-1
20171345F1355,1,9,0,18,0,2,0,0,0,0,2,1,6,2,23,5,1598,1,6,1,1,1
20171345F1355,2,9,0,18,0,2,0,0,0,0,1,1,6,1,48,8,1199,1,14,-1,-1,-1
20171345F1474,1,9,0,14,0,0,0,4,0,0,1,1,6,3,-1,-1,3199,1,18,-1,-1,-1
20171345F1474,2,3,0,18,0,0,0,0,0,0,1,1,6,1,43,7,124,1,2,1,1,1
20171345F1474,3,9,0,2,0,0,0,0,0,0,1,1,6,3,-1,-1,1596,1,12,1,1,1
20171345F1474,4,9,0,2,0,0,0,0,0,0,3,1,6,3,-1,-1,1360,1,14,1,1,1
20171345F1645,1,11,0,5,0,0,0,0,0,0,0,1,1,1,54,8,-1,-1,-1,5,1,5
20171345F1732,1,9,0,9,0,3,1,0,1,2,1,1,6,1,21,5,1995,2,7,10,1,10
20171345F1863,1,9,0,18,0,1,0,0,0,0,1,1,6,1,44,7,-1,-1,-1,1,1,1
20171345F1863,2,9,0,7,0,6,0,0,0,0,1,1,6,1,24,5,1896,2,15,4,1,4
20171345F1863,3,9,0,2,0,1,0,0,0,0,3,1,6,3,-1,-1,998,1,16,-1,-1,-1
20171345F1863,4,9,0,2,0,2,0,0,1,0,3,1,6,3,-1,-1,998,1,17,-1,-1,-1
20171345F1963,1,9,0,18,0,1,0,0,0,0,1,1,6,1,26,6,1984,1,10,1,1,1
20171345F1963,2,9,0,4,0,1,0,0,0,0,2,1,6,1,78,11,-1,-1,-1,1,1,1
20171345G0221,1,21,0,18,0,0,0,0,0,0,2,1,1,1,28,6,6692,2,5,-1,-1,-1
20171345G0221,2,19,0,10,0,0,0,0,0,0,0,1,1,1,23,5,2198,2,4,-1,-1,-1
20171345G0287,1,8,0,18,0,1,0,0,0,0,1,1,1,1,45,7,1995,2,5,-1,-1,-1
20171345G0308,1,19,0,9,0,8,0,0,0,0,1,1,1,1,54,8,1997,2,9,9,1,9
20171345G0308,2,1,0,15,0,8,5,0,0,0,1,1,6,1,24,5,-1,-1,-1,2,1,2
20171345G0355,1,11,0,9,0,8,0,0,0,0,1,1,1,1,49,8,9360,2,8,1,1,1
20171345G0382,1,9,0,18,0,1,0,0,0,0,1,1,6,2,32,6,1364,1,7,1,1,1
20171345G0382,2,9,0,7,0,6,0,0,0,0,1,1,6,2,40,7,1598,2,6,1,1,1
20171345G0548,1,9,0,17,0,0,1,0,1,4,1,1,6,1,27,6,1198,1,9,10,1,10
20171345G1172,1,9,0,18,0,0,0,0,0,0,3,1,1,1,49,8,1968,2,7,8,1,8
20171345G1172,2,1,0,18,0,0,0,0,0,0,4,1,6,1,54,8,-1,-1,-1,6,1,6
20171345G1172,3,9,0,2,0,0,0,0,0,0,4,1,6,1,-1,-1,1995,2,5,5,1,5
20171345G1172,4,9,0,18,0,0,0,0,0,0,1,1,6,1,31,6,1390,1,6,7,1,7
20171345G1304,1,9,0,12,0,8,0,0,0,0,3,1,6,1,20,4,1198,1,6,4,1,4
20171345G1304,2,5,0,13,0,8,2,0,4,10,4,1,2,1,54,8,1649,1,1,9,1,9
20171345G1307,1,9,0,18,0,1,0,0,0,0,1,1,6,1,78,11,1997,2,14,4,1,4
20171345G1307,2,1,0,7,0,2,0,0,0,0,3,1,6,1,50,8,-1,-1,-1,6,1,6
20171345H0170,1,9,0,18,0,0,0,0,2,7,1,1,6,1,58,9,1248,2,7,1,1,1
20171345H0170,2,21,1,18,0,0,0,1,0,0,1,1,1,1,43,7,12809,2,1,5,2,5
20171345H0488,1,3,0,16,0,0,0,0,0,0,1,1,6,2,24,5,124,1,10,-1,-1,-1
20171345H0778,1,9,0,1,0,0,0,0,0,0,2,1,3,2,23,5,1364,1,2,3,1,3
20171345H1049,1,9,0,18,0,0,0,0,0,0,1,1,6,2,73,10,1108,1,8,3,1,3
20171345H1053,1,9,0,18,0,1,0,0,0,0,3,1,2,1,52,8,1997,2,3,5,1,5
20171345H1053,2,1,0,18,0,8,0,0,0,0,4,1,4,2,11,3,-1,-1,-1,1,1,1
20171345H1078,1,9,0,9,0,8,0,0,0,0,1,1,6,3,-1,-1,-1,-1,-1,-1,-1,-1
20171345H1078,2,9,0,18,0,8,0,0,0,0,3,1,2,2,47,8,-1,-1,-1,7,3,7
20171345H1132,1,19,0,9,0,8,0,0,0,0,3,1,1,1,49,8,2461,2,7,1,1,1
20171345H1132,2,8,0,18,0,8,0,0,0,0,4,1,1,1,33,6,1798,8,5,4,1,4
20171345H1184,1,9,0,7,0,8,1,0,0,0,1,1,6,1,21,5,1198,1,2,2,1,2
20171345H1184,2,9,0,2,0,1,0,0,0,0,1,1,6,1,-1,-1,1398,1,2,-1,-1,-1
20171345H1215,1,9,0,18,0,8,0,0,0,0,1,1,6,1,52,8,998,1,15,1,1,1
20171345H1215,2,9,0,9,0,6,0,0,0,0,3,1,6,1,38,7,1198,1,11,3,1,3
20171345H1324,1,9,0,18,0,1,0,0,0,0,1,1,6,2,23,5,1398,1,3,5,1,5
20171345H1415,1,9,0,7,0,6,0,0,0,0,3,1,6,2,35,6,1956,2,5,7,1,7
20171345H1415,2,1,0,18,4,8,0,0,0,0,1,1,6,1,37,7,-1,-1,-1,9,1,9
20171345H1425,1,9,0,7,0,6,0,0,0,0,1,1,2,1,55,8,1997,2,4,3,1,3
20171345H1425,2,1,0,17,0,8,0,0,0,0,4,1,2,1,39,7,-1,-1,-1,9,2,9
20171345H1457,1,9,0,9,0,8,0,0,0,0,3,1,6,2,26,6,1329,1,1,8,1,8
20171345H1457,2,3,0,18,0,8,0,0,0,0,1,1,6,1,-1,-1,98,1,15,-1,-1,-1
20171345H1553,1,9,0,16,0,0,1,0,1,2,3,1,6,1,20,4,1686,2,14,2,1,2
20171345I0197,1,9,0,18,0,0,0,0,0,0,1,1,2,1,58,9,1598,1,12,-1,-1,-1
20171345I0197,2,19,0,2,0,0,0,0,1,0,2,1,6,1,26,6,-1,-1,-1,-1,-1,-1
20171345I0216,1,9,0,5,0,8,0,0,0,0,1,1,6,1,44,7,1998,8,-1,2,1,2
20171345I0216,2,1,0,18,0,8,5,0,0,0,1,1,6,1,40,7,-1,-1,-1,1,1,1
20171345I0522,1,9,3,13,0,0,4,0,4,6,1,1,6,1,42,7,2495,2,13,7,1,7
20171345I0596,1,9,0,18,0,8,0,0,0,0,3,1,6,2,54,8,1198,1,7,10,1,10
20171345I0596,2,9,0,18,0,8,0,0,0,0,4,1,6,2,28,6,1560,2,4,5,1,5
20171345I0807,1,9,0,18,0,0,0,0,0,0,1,1,6,2,30,6,1364,1,13,4,1,4
20171345I0807,2,9,0,4,0,0,0,0,0,0,2,1,6,1,37,7,1686,2,8,1,1,1
20171345I1026,1,9,0,18,0,0,0,0,0,0,4,1,6,1,65,9,2497,1,-1,9,1,9
20171345I1026,2,9,0,18,0,0,0,0,7,2,1,1,6,1,84,11,1390,1,10,8,1,8
20171345I1082,1,3,0,4,0,1,5,0,1,0,1,1,6,2,44,7,124,1,-1,1,1,1
20171345I1118,1,3,0,13,0,8,0,0,0,0,1,1,6,1,25,5,124,1,14,7,1,7
20171345I1118,2,9,0,9,0,5,0,0,0,0,3,1,6,1,37,7,1399,2,6,1,1,1
20171345I1472,1,19,0,18,0,1,0,0,0,0,1,1,6,1,-1,-1,-1,-1,-1,-1,-1,-1
20171345I1509,1,90,0,7,0,8,1,4,0,0,1,1,6,1,26,6,-1,-1,-1,2,1,2
20171345I1509,2,9,0,2,0,2,0,0,0,0,4,1,6,3,-1,-1,998,1,15,-1,-1,-1
20171345I1652,1,9,0,18,0,0,0,0,0,0,1,1,6,1,27,6,1968,2,2,-1,-1,-1
20171345I1652,2,9,0,18,0,0,0,0,0,0,2,1,6,2,45,7,1364,2,14,-1,-1,-1
20171345I1652,3,9,0,18,0,0,0,0,0,0,0,1,6,1,40,7,2993,2,2,-1,-1,-1
20171345I1909,1,3,0,14,0,0,0,0,0,0,1,1,6,1,42,7,125,1,2,1,1,1
20171345I1909,2,21,1,5,0,0,0,0,0,0,2,2,1,1,-1,-1,-1,-1,-1,-1,-1,-1
20171345I2021,1,9,0,17,0,0,1,0,2,5,2,1,6,1,26,6,1364,1,10,5,1,5
20171345I2093,1,9,0,18,0,0,0,0,0,0,3,1,6,3,-1,-1,-1,-1,-1,-1,-1,-1
20171345I2093,2,5,0,18,0,0,0,0,0,0,4,1,6,1,27,6,649,1,3,1,1,1
20171345J0243,1,9,0,9,0,5,0,0,0,0,4,1,6,1,56,9,1598,1,11,10,1,10
20171345J0243,2,1,0,18,0,8,0,0,0,0,1,1,2,1,48,8,-1,-1,-1,8,1,8
20171345J0246,1,9,0,16,0,8,1,0,1,11,1,1,6,1,21,5,1149,1,16,2,1,2
20171345J0384,1,9,0,18,0,8,0,0,0,0,1,1,3,1,56,9,1969,2,1,2,1,2
20171345J0384,2,9,0,18,0,8,5,0,7,11,4,1,6,1,53,8,1995,2,13,2,1,2
20171345J1197,1,9,0,18,0,0,0,0,0,0,1,1,6,3,-1,-1,-1,-1,-1,-1,-1,-1
20171345J1197,2,9,0,18,0,0,0,0,0,0,1,1,2,1,24,5,1968,2,11,7,1,7
20171345J1201,1,8,0,18,0,0,0,0,0,0,0,1,1,1,-1,-1,1598,2,4,1,1,1
20171345J1359,1,9,0,7,0,8,0,0,0,0,3,1,6,1,42,7,-1,-1,-1,2,1,2
20171345J1359,2,9,0,18,0,8,0,0,0,0,1,1,6,2,20,4,1198,1,14,3,1,3
20171345J2046,1,1,0,11,0,0,0,0,0,0,4,1,6,1,28,6,-1,-1,-1,-1,-1,-1
20171345J2046,2,9,0,18,0,0,0,0,0,0,3,1,6,2,19,4,1598,1,2,5,1,5
20171345K0223,1,8,0,18,0,1,0,0,0,0,4,1,2,1,52,8,1995,2,9,3,1,3
20171345K0563,1,9,0,18,0,8,0,0,0,0,3,1,6,1,78,11,1600,2,7,7,1,7
20171345K0563,2,9,0,9,0,5,0,0,0,0,1,1,6,2,26,6,1490,1,9,3,1,3
20171345K0668,1,9,0,9,0,5,0,0,7,1,4,1,6,1,17,4,1998,2,13,1,1,1
20171345K0668,2,9,0,18,0,8,0,0,0,0,1,1,6,1,33,6,1896,2,14,5,1,5
20171345K0825,1,9,0,18,0,0,0,4,0,0,1,1,6,2,69,10,2706,1,2,10,1,10
20171345K0825,2,9,0,2,0,0,0,4,0,0,2,1,6,2,46,8,1999,2,1,6,1,6
20171345K0825,3,9,0,2,0,0,0,4,0,0,3,1,6,2,30,6,1197,1,5,1,1,1
20171345K0917,1,1,0,18,0,8,0,0,0,0,3,1,6,1,13,3,-1,-1,-1,10,1,10
20171345K0917,2,9,0,2,0,8,0,0,0,0,3,1,6,1,27,6,1896,2,10,9,1,9
20171345K0920,1,9,0,7,0,6,0,0,1,11,1,1,6,2,34,6,1596,1,12,7,1,7
20171345K1051,1,9,0,18,0,8,0,0,0,0,1,1,6,3,-1,-1,1995,2,13,-1,-1,-1
20171345K1051,2,9,0,10,0,8,0,0,1,11,3,1,6,2,64,9,1198,1,6,2,1,2
20171345K1083,1,9,0,18,0,8,0,0,0,0,1,1,6,1,-1,-1,1968,2,5,3,1,3
20171345K1083,2,9,0,18,0,8,0,0,0,0,1,1,6,2,54,8,1248,1,7,3,1,3
20171345K1267,1,11,0,4,0,0,0,0,0,0,0,1,1,1,53,8,7300,2,13,3,1,3
20171345K1317,1,9,0,18,0,1,0,0,0,0,4,1,6,1,48,8,1997,2,7,3,1,3