Accident_Index,Vehicle_Reference,Vehicle_Type,Towing_and_Articulation,Vehicle_Manoeuvre,Vehicle_Location-Restricted_Lane,Junction_Location,Skidding_and_Overturning,Hit_Object_in_Carriageway,Vehicle_Leaving_Carriageway,Hit_Object_off_Carriageway,1st_Point_of_Impact,Was_Vehicle_Left_Hand_Drive?,Journey_Purpose_of_Driver,Sex_of_Driver,Age_of_Driver,Age_Band_of_Driver,Engine_Capacity_(CC),Propulsion_Code,Age_of_Vehicle,Driver_IMD_Decile,Driver_Home_Area_Type,Vehicle_IMD_Decile
20171346H0818,1,9,0,18,0,0,0,4,0,0,4,1,6,2,32,6,1461,2,3,8,1,8
20171346H0818,2,9,0,2,0,0,0,0,0,0,3,1,6,1,29,6,1998,1,11,2,1,2
20171346H1058,1,9,0,9,0,4,0,0,0,0,3,1,6,1,70,10,1197,1,2,6,1,6
20171346H1058,2,9,0,18,0,8,0,0,0,0,1,1,6,2,61,9,1598,1,10,6,1,6
20171346H1148,1,9,0,18,0,0,0,0,0,0,3,1,6,2,23,5,998,1,10,1,1,1
20171346H1148,2,1,0,18,8,0,0,0,0,0,1,1,6,1,6,2,-1,-1,-1,1,1,1
20171346H1161,1,9,0,9,0,8,0,0,0,0,1,1,6,1,34,6,1598,2,8,1,1,1
20171346H1161,2,1,0,18,0,8,1,0,0,0,4,1,6,1,12,3,-1,-1,-1,1,1,1
20171346H1231,1,9,0,1,0,0,0,0,0,0,2,1,6,1,46,8,1896,2,9,1,1,1
20171346H1389,1,9,0,18,0,0,0,0,0,0,3,1,1,1,37,7,998,1,6,2,1,2
20171346H1389,2,1,0,18,0,0,5,0,0,0,1,1,6,1,8,2,-1,-1,-1,-1,-1,-1
20171346H1635,1,9,0,5,0,4,0,0,0,0,0,1,6,2,42,7,1461,2,5,8,2,8
20171346H1635,2,1,0,5,0,4,0,0,0,0,3,1,6,1,46,8,-1,-1,-1,7,2,7
20171346H1963,1,9,0,5,0,1,0,0,0,0,2,1,2,1,26,6,1968,2,10,5,1,5
20171346H1963,2,9,0,18,0,2,0,0,0,0,1,1,2,2,51,8,1900,2,11,2,1,2
20171346H2210,1,9,0,18,0,0,0,0,0,0,1,1,6,1,45,7,1753,2,8,-1,-1,-1
20171346H2217,1,11,0,18,0,0,0,0,0,0,2,1,1,1,56,9,9360,2,5,4,1,4
20171346I0282,1,9,0,18,9,0,0,0,7,0,1,1,6,2,21,5,1390,1,6,3,1,3
20171346I0924,1,9,0,18,0,0,0,0,0,0,2,1,6,1,77,11,1896,2,13,10,2,10
20171346I0924,2,9,0,18,0,0,0,0,0,0,1,1,6,1,57,9,1360,1,16,7,1,7
20171346I0924,3,9,0,18,0,0,0,0,0,0,1,1,6,1,23,5,1198,1,7,9,3,9
20171346I0924,4,9,0,18,0,0,0,0,0,0,1,1,6,2,22,5,1598,1,15,7,2,7
20171346I0924,5,9,0,18,0,0,0,0,0,0,1,1,6,1,29,6,1598,1,15,1,1,1
20171346I0924,6,9,0,18,0,0,0,0,0,0,1,1,6,2,28,6,1968,2,1,8,3,8
20171346I1130,1,5,0,17,0,0,1,0,0,0,3,1,6,1,35,6,1000,1,10,6,1,6
20171346I1261,1,9,0,18,0,1,0,0,0,0,1,1,6,1,28,6,1390,1,14,5,1,5
20171346I1772,1,9,0,18,0,8,0,0,0,0,1,1,6,1,22,5,2143,2,4,1,1,1
20171346I1772,2,9,0,9,0,5,0,0,0,0,1,1,1,1,49,8,2204,2,10,2,1,2
20171346J0570,1,19,0,7,0,1,0,0,0,0,3,1,1,1,32,6,1995,2,-1,2,1,2
20171346J0570,2,1,0,18,5,1,0,0,0,0,1,1,2,1,37,7,-1,-1,-1,7,1,7
20171346J1073,1,9,0,17,0,0,0,0,0,0,1,1,6,1,44,7,1364,2,10,-1,-1,-1
20171346J1120,1,9,0,3,0,1,0,0,0,0,1,1,6,1,43,7,-1,-1,-1,7,3,7
20171346J1120,2,9,0,3,0,1,0,0,0,0,2,1,6,2,22,5,1242,1,4,6,1,6
20171346J1484,1,9,0,7,0,6,0,0,0,0,1,1,6,1,30,6,1984,1,3,1,1,1
20171346J1484,2,9,0,5,0,1,0,0,0,0,4,1,6,2,29,6,1240,1,7,2,1,2
20171346J1688,1,9,0,18,0,0,0,0,0,0,1,1,6,2,56,9,1968,2,4,4,1,4
20171346J1688,2,9,0,18,0,0,0,0,0,0,1,1,6,1,59,9,2993,2,1,7,3,7
20171346J1688,3,19,0,18,0,0,0,0,0,0,1,1,6,1,31,6,1997,2,1,5,1,5
20171346J1688,4,9,0,18,0,0,0,0,0,0,1,1,6,2,30,6,1275,1,21,4,1,4
20171346J1688,5,9,0,18,0,0,0,0,0,0,1,1,6,2,25,5,1198,1,1,8,1,8
20171346J1701,1,9,0,18,0,0,0,0,0,0,3,1,6,1,71,10,1598,1,11,10,1,10
20171346J1701,2,9,0,18,0,0,0,0,0,0,3,1,6,1,-1,-1,1396,1,8,-1,-1,-1
20171346J1800,1,9,0,18,0,0,0,0,0,0,4,1,6,3,-1,-1,-1,-1,-1,-1,-1,-1
20171346J1898,1,9,0,5,0,0,0,0,0,0,1,1,6,1,22,5,1598,2,4,1,1,1
20171346J1898,2,1,0,5,0,0,0,0,0,0,3,1,6,1,15,3,-1,-1,-1,5,1,5
20171346J2520,1,5,0,17,0,0,0,0,1,11,1,1,6,1,27,6,899,1,18,8,2,8
20171346K0024,1,9,0,6,0,0,0,0,0,0,3,1,1,2,40,7,1560,2,1,1,1,1
20171346K0024,2,3,0,18,0,0,0,0,0,0,1,1,1,1,23,5,124,1,-1,4,1,4
20171346K0315,1,9,0,7,0,5,0,0,0,0,1,1,1,2,30,6,1248,1,6,2,1,2
20171346K0315,2,9,0,18,0,6,0,0,0,0,1,1,6,1,77,11,1596,1,12,7,1,7
20171346K0362,1,4,0,18,0,0,0,0,0,0,1,1,6,1,48,8,249,1,7,-1,-1,-1
20171346K0362,2,9,0,18,0,0,0,0,0,0,4,1,6,2,30,6,1995,1,6,-1,-1,-1
20171346K0479,1,9,0,18,0,8,0,0,0,0,1,1,6,3,-1,-1,-1,-1,-1,-1,-1,-1
20171346K0479,2,1,0,9,0,6,0,0,0,0,3,1,6,1,47,8,-1,-1,-1,3,1,3
20171346K0681,1,1,0,18,4,0,0,0,0,0,0,1,6,1,-1,-1,-1,-1,-1,-1,-1,-1
20171346K0681,2,11,0,4,2,0,0,0,0,0,0,1,1,1,24,5,9360,2,8,1,1,1
20171346K0788,1,9,0,18,0,8,0,0,1,0,3,1,6,1,23,5,1360,1,13,-1,-1,-1
20171346K0788,2,9,0,18,0,8,0,0,1,0,1,1,1,1,35,6,2993,2,1,6,1,6
20171346K0788,3,9,0,18,0,8,0,0,1,0,4,1,6,1,60,9,1969,1,1,7,1,7
20171346K0788,4,9,0,18,0,8,0,0,1,0,4,1,6,1,70,10,1995,1,8,10,1,10
20171346K0788,5,9,0,3,0,8,0,0,0,0,4,1,6,1,18,4,1968,2,3,9,2,9
20171346K0836,1,1,0,18,0,8,0,0,0,0,1,1,1,2,28,6,-1,-1,-1,7,1,7
20171346K0836,2,8,0,9,0,8,0,0,0,0,1,1,1,1,49,8,1560,2,5,3,1,3
20171346K0859,1,9,0,18,0,0,0,0,0,0,1,1,6,3,33,6,-1,-1,-1,-1,-1,-1
20171346K0980,1,8,0,5,0,0,0,0,0,0,0,1,1,1,31,6,1598,2,4,-1,-1,-1
20171346K1353,1,9,0,18,0,0,0,0,0,0,1,1,6,1,-1,-1,2204,2,11,-1,-1,-1
20171346K1353,2,9,0,3,0,0,0,0,0,0,2,1,6,2,38,7,2143,2,3,10,1,10
20171346K1425,1,9,0,18,0,8,0,0,0,0,1,1,1,1,47,8,1995,2,7,7,1,7
20171346K1425,2,1,0,18,0,8,2,0,0,0,1,1,6,1,6,2,-1,-1,-1,1,1,1
20171346K1676,1,19,0,18,0,0,0,0,0,0,1,1,6,1,-1,-1,4250,2,7,-1,-1,-1
20171346K1676,2,9,0,4,0,0,0,0,0,0,2,1,6,1,20,4,998,1,1,2,1,2
20171346K2288,1,9,0,18,0,0,0,0,0,0,2,1,6,2,58,9,998,1,-1,6,1,6
20171346K2288,2,9,0,18,0,0,0,0,0,0,0,1,6,3,-1,-1,-1,-1,-1,-1,-1,-1
20171346K2288,3,9,0,18,0,0,0,0,0,0,1,1,6,3,-1,-1,-1,-1,-1,-1,-1,-1
20171346L0345,1,9,0,9,0,1,0,0,0,0,1,1,2,1,46,8,1598,1,7,5,1,5
20171346L0345,2,9,0,18,0,1,0,0,0,0,1,1,2,2,69,10,999,1,3,7,1,7
20171346L0369,1,9,0,18,0,0,0,0,0,0,1,1,6,2,48,8,1398,1,7,6,1,6
20171346L0369,2,1,0,18,0,0,0,0,0,0,3,1,6,1,11,3,-1,-1,-1,3,1,3
20171346L0439,1,9,0,18,0,1,0,0,0,0,1,1,6,2,41,7,1499,1,9,-1,-1,-1
20171346L0439,2,1,0,18,0,1,0,0,0,0,1,1,6,1,64,9,-1,-1,-1,2,1,2
20171346L0567,1,9,0,9,0,8,0,0,0,0,3,1,6,2,24,5,1560,2,4,1,1,1
20171346L0567,2,9,0,18,0,8,0,0,0,0,1,1,6,2,57,9,1598,1,7,3,1,3
20171346L0848,1,9,0,18,0,0,0,0,0,0,1,1,6,1,22,5,2204,2,10,2,1,2
20171346L0848,2,9,0,2,0,0,0,0,0,0,2,1,6,1,-1,-1,1968,2,6,-1,-1,-1
20171346L0848,3,9,0,2,0,0,0,0,0,0,2,1,6,2,-1,-1,1108,1,14,-1,-1,-1
20171346L0848,4,19,0,2,0,0,0,0,0,0,1,1,6,1,-1,-1,1998,2,11,-1,-1,-1
20171346L1184,1,11,0,18,0,0,0,0,0,0,0,1,1,1,41,7,-1,-1,-1,5,1,5
20171346L1184,2,9,0,15,0,0,0,0,0,0,0,1,6,3,-1,-1,1896,2,8,-1,-1,-1
20171346L1306,1,9,0,18,0,1,0,0,0,0,1,1,6,3,-1,-1,1242,1,11,-1,-1,-1
20171346L1306,2,9,0,18,0,1,0,0,0,0,2,1,6,2,24,5,1199,1,16,2,1,2
20171346L1362,1,9,0,18,0,0,0,0,0,0,1,1,6,1,38,7,1995,2,5,4,1,4
20171346L1638,1,9,0,17,0,0,5,10,2,11,1,1,6,1,19,4,1995,2,3,1,1,1
20171346L2080,1,9,0,1,0,0,0,0,0,0,2,1,6,1,22,5,1753,2,13,-1,-1,-1
20171346M0334,1,9,0,18,0,0,0,0,0,0,1,1,1,1,24,5,1198,1,11,4,1,4
20171346M0421,1,8,0,10,0,1,0,0,0,0,1,1,6,1,60,9,1598,1,6,2,1,2
20171346M0421,2,5,0,18,0,8,0,0,0,0,3,1,2,1,52,8,865,1,5,2,1,2
20171346M0455,1,9,0,18,0,8,0,0,0,0,1,1,1,1,46,8,1791,8,5,2,1,2
20171346M0455,2,9,0,18,0,1,0,0,0,0,3,1,1,1,39,7,1968,2,5,1,1,1
20171346M0902,1,9,0,18,0,8,0,0,0,0,1,1,6,2,27,6,1968,2,7,1,1,1
20171346M0902,2,9,0,7,0,5,0,0,0,0,2,1,6,1,45,7,1582,2,6,1,1,1
20171346M1060,1,9,0,18,0,0,0,0,0,0,1,1,6,2,52,8,1242,1,3,6,2,6
20171346M1095,1,9,0,18,0,8,0,0,0,0,1,1,1,2,57,9,1995,2,1,5,1,5
20171346M1095,2,8,0,9,0,1,0,0,0,0,1,1,1,1,39,7,1997,2,10,6,1,6
20171346M1347,1,9,0,17,9,2,5,0,1,2,1,1,6,1,22,5,1596,1,3,9,1,9
20171346M1396,1,9,0,18,0,0,0,0,0,0,1,1,6,2,38,7,1461,2,1,3,1,3
20171346M1408,1,19,0,14,0,0,0,0,0,0,1,1,6,3,-1,-1,-1,-1,-1,-1,-1,-1
20171346M1408,2,9,0,3,0,0,0,0,0,0,3,1,6,1,58,9,2184,2,14,2,1,2
20171346M1481,1,21,1,18,0,1,0,0,0,0,1,1,6,1,36,7,11705,2,10,-1,-1,-1
20171346M1481,2,9,0,9,0,8,0,0,0,0,1,1,6,1,57,9,1968,2,12,8,2,8
20171346M1566,1,9,0,18,0,1,0,0,0,0,1,1,6,2,50,8,1587,1,11,3,1,3
20171346M1566,2,9,0,18,0,1,0,0,0,0,1,1,6,2,56,9,1197,1,-1,-1,-1,-1
20171346M1601,1,9,0,18,0,0,0,0,0,0,1,1,6,1,25,5,1600,2,7,-1,-1,-1
20171346M1601,2,9,0,18,0,0,0,0,0,0,1,1,6,2,48,8,1499,1,1,4,3,4
20171346M1601,3,9,0,18,0,0,0,0,0,0,1,1,6,1,35,6,1796,1,8,2,1,2
20171346M1601,4,9,0,18,0,0,0,0,0,0,1,1,6,2,28,6,1598,1,6,8,1,8
20171346M1611,1,9,0,18,0,4,0,0,0,0,1,1,6,1,25,5,-1,-1,-1,1,1,1
20171346M1611,2,9,0,9,0,8,0,0,0,0,3,1,6,1,38,7,998,1,4,5,1,5
20171346M1638,1,9,0,18,0,6,0,0,0,0,3,1,6,1,44,7,2967,2,4,1,1,1
20171346M1638,2,9,0,9,0,5,0,0,0,0,1,1,6,1,33,6,1968,2,9,2,1,2
20171346M1638,3,9,0,18,0,8,0,0,0,0,1,1,6,1,21,5,1229,1,11,3,1,3
20171346M1645,1,9,0,9,0,8,0,0,0,0,1,1,6,2,27,6,1150,1,9,5,1,5
20171346M1645,2,9,0,18,0,8,0,0,0,0,1,1,6,2,39,7,1997,2,7,2,1,2
20171346M1710,1,9,0,5,0,8,0,0,0,0,3,1,6,2,19,4,1124,1,12,8,1,8
20171346M1710,2,9,0,18,0,8,0,0,0,0,4,1,6,1,49,8,1896,2,14,3,1,3
20171346M1907,1,11,0,18,0,0,0,0,0,0,0,1,1,1,57,9,7300,2,12,-1,-1,-1
20171346M2073,1,9,0,18,0,0,0,0,0,0,1,1,6,1,36,7,1968,2,1,7,1,7
20171346M2073,2,9,0,18,0,0,0,0,5,6,2,1,2,2,36,7,998,1,6,2,3,2
20171346N0212,1,3,0,18,4,0,2,0,1,2,1,1,6,1,24,5,124,1,5,3,1,3
20171346N0322,1,8,0,18,0,0,0,0,0,0,4,1,1,1,37,7,1794,7,9,2,1,2
20171346N0549,1,9,0,3,0,0,0,0,0,0,2,1,6,2,25,5,1686,2,9,-1,-1,-1
20171346N0549,2,9,0,3,0,0,0,0,0,0,2,1,6,1,44,7,1299,1,15,4,1,4
20171346N0549,3,9,0,4,0,0,0,0,0,0,1,1,6,1,57,9,1896,2,8,1,1,1
20171346N0833,1,9,0,4,0,0,0,0,0,0,1,1,6,1,48,8,1388,1,13,-1,-1,-1
20171346N0833,2,9,0,3,0,0,0,0,0,0,2,1,6,2,33,6,1995,2,9,-1,-1,-1
20171346N0984,1,9,0,18,0,8,0,0,0,0,1,1,6,1,32,6,1995,2,2,9,1,9
20171346N0984,2,9,0,18,0,8,0,0,0,0,3,1,6,2,36,7,1685,2,-1,1,1,1
20171346N1317,1,9,0,15,0,0,5,4,0,0,4,1,6,2,77,11,1242,1,4,1,1,1
20171346N1317,2,9,0,2,0,0,0,0,0,0,3,1,6,3,-1,-1,1900,2,13,-1,-1,-1
20171346N1334,1,9,0,9,0,8,0,0,0,0,1,1,6,1,50,8,1390,1,10,7,1,7
20171346N1334,2,19,0,18,0,8,0,0,0,0,2,1,1,1,39,7,1598,2,3,4,1,4
20171346N1334,3,9,0,7,0,8,0,0,0,0,0,1,6,3,-1,-1,-1,-1,-1,-1,-1,-1
20171346N1495,1,9,0,18,0,0,5,0,0,0,1,1,6,1,19,4,1591,1,1,-1,-1,-1
20171346N1495,2,9,0,3,0,0,0,0,0,0,3,1,6,1,53,8,-1,-1,-1,1,1,1
20171346N1495,3,9,0,3,0,0,0,0,0,0,1,1,6,1,47,8,1596,1,10,6,1,6
20171346N1495,4,9,0,3,0,0,0,0,0,0,1,1,6,1,22,5,1388,1,9,1,1,1
20171346N1495,5,9,0,3,0,0,0,0,0,0,3,1,6,1,77,11,1596,1,6,6,1,6
20171346N1646,1,9,0,18,0,0,0,0,0,0,4,1,6,1,64,9,-1,-1,-1,2,1,2
20171346N1646,2,1,0,18,0,0,0,0,0,0,2,1,6,1,44,7,-1,-1,-1,9,1,9
20171346N1693,1,9,0,17,0,0,1,0,0,0,1,1,6,2,52,8,1360,1,13,4,1,4
20171346N1693,2,9,0,18,0,0,0,0,0,0,1,1,6,2,50,8,1968,2,8,10,1,10
20171346N1878,1,9,0,18,0,8,0,4,0,0,1,1,6,1,26,6,1396,1,7,2,1,2
20171346N1878,2,19,0,2,0,8,0,4,0,0,2,1,6,1,29,6,1870,2,12,8,1,8
20171346N1878,3,9,0,2,0,8,0,0,0,0,2,1,6,2,34,6,1499,1,1,1,1,1
20171346N2017,1,9,0,4,0,0,0,0,0,0,2,1,6,1,48,8,1198,1,14,1,1,1
20171346N2017,2,9,0,4,0,0,0,0,0,0,1,1,6,1,-1,-1,1596,1,6,-1,-1,-1
20171346N2110,1,9,0,15,0,0,0,0,0,0,4,1,6,1,51,8,998,1,17,7,1,7
20171346O0100,1,9,0,18,0,8,0,0,0,0,1,1,6,1,18,4,1995,2,5,3,2,3
20171346O0100,2,9,0,18,0,8,1,0,7,11,4,1,6,1,36,7,1896,2,10,4,1,4
20171346O0634,1,9,0,18,0,0,0,0,0,0,1,1,6,1,44,7,1197,1,2,9,1,9
20171346O0783,1,9,0,18,0,0,0,0,0,0,1,1,6,2,58,9,998,1,7,-1,3,-1
20171346O0783,2,9,0,18,0,0,1,0,1,0,1,1,6,2,60,9,1499,1,-1,10,3,10
20171346O0950,1,9,0,18,0,0,0,0,0,0,4,1,6,1,40,7,2993,2,3,5,2,5
20171346O1130,1,9,0,18,0,1,0,0,0,0,4,1,6,2,45,7,1598,1,4,3,1,3
20171346O1130,2,9,0,9,0,8,2,0,0,0,1,1,6,3,-1,-1,-1,-1,-1,-1,-1,-1
20171346O1203,1,8,0,1,0,0,0,0,0,0,2,1,1,1,38,7,1797,8,4,3,1,3
20171346O1334,1,9,0,18,0,0,1,0,5,6,1,1,6,1,32,6,1896,2,12,1,1,1
20171346O1334,2,9,0,18,0,0,0,0,0,0,0,1,6,1,54,8,3436,1,3,7,1,7
20171346O1472,1,9,0,5,0,6,0,0,0,0,3,1,1,1,55,8,1598,1,8,1,1,1
20171346O1472,2,9,0,18,0,8,0,0,1,11,1,1,2,1,37,7,2969,2,9,1,1,1
20171346O1875,1,9,0,18,0,0,0,0,0,0,1,1,6,3,35,6,-1,-1,-1,-1,-1,-1
20171346O1901,1,9,0,18,0,0,0,0,0,0,1,1,1,1,41,7,1896,2,9,1,1,1
20171346O2049,1,9,0,18,0,0,0,0,0,0,1,1,6,1,81,11,1339,1,6,10,1,10
20171346O2049,2,9,0,2,9,0,0,0,0,0,1,1,6,1,-1,-1,1968,2,2,7,1,7
20171346O2056,1,9,0,18,0,8,0,0,0,0,1,1,6,2,53,8,1910,2,8,6,1,6
20171346O2056,2,19,0,5,0,8,0,0,0,0,3,1,6,3,-1,-1,-1,-1,-1,-1,-1,-1
20171346O2233,1,9,0,7,0,8,0,0,0,0,4,1,6,1,39,7,1797,8,2,-1,-1,-1
20171346O2233,2,9,0,4,0,8,0,0,0,0,3,1,6,1,23,5,1968,2,8,5,1,5
20171346P0150,1,9,0,18,0,8,1,10,0,0,3,1,6,1,71,10,1998,1,15,1,1,1
20171346P0150,2,9,0,18,0,8,0,0,0,0,1,1,6,3,-1,-1,2979,1,2,-1,-1,-1
20171346P0211,1,9,0,13,0,0,0,0,0,0,0,1,6,3,-1,-1,-1,-1,-1,-1,-1,-1
20171346P0211,2,3,0,18,0,0,0,0,0,0,0,1,6,1,23,5,125,1,7,1,1,1
20171346P0537,1,9,0,16,0,1,1,0,8,7,1,1,6,1,21,5,1198,1,10,10,1,10
20171346P0808,1,9,0,4,0,4,0,0,0,0,1,1,6,2,60,9,1398,1,3,8,2,8
20171346P0808,2,9,0,18,0,3,0,0,0,0,1,1,6,1,28,6,1397,1,10,3,1,3
20171346P0879,1,9,0,9,0,8,0,0,0,0,1,1,6,1,30,6,1896,2,14,4,3,4
20171346P0879,2,9,0,18,0,8,0,0,0,0,1,1,6,1,65,9,1598,1,10,5,2,5
20171346P1063,1,9,0,5,0,8,0,0,0,0,3,1,6,1,21,5,1590,1,12,2,1,2
20171346P1063,2,1,0,18,0,8,2,0,0,0,3,1,6,1,51,8,-1,-1,-1,7,1,7
20171346P1283,1,9,0,3,0,0,0,0,0,0,2,1,1,1,71,10,1968,2,4,2,1,2
20171346P1283,2,19,0,18,0,0,0,0,0,0,1,1,1,1,46,8,2143,2,2,-1,-1,-1
20171346P1371,1,3,0,13,0,0,0,0,0,0,1,1,6,1,21,5,124,1,10,2,1,2
20171346P1371,2,9,0,18,0,0,0,0,0,0,2,1,6,2,45,7,1242,1,13,1,1,1
20171346P1463,1,9,0,18,0,1,0,0,0,0,1,1,6,1,33,6,2000,2,13,6,1,6
20171346P1463,2,9,0,7,0,6,0,0,0,0,1,1,6,1,19,4,1364,1,10,1,1,1
20171346P1570,1,9,0,18,0,0,0,0,0,0,1,1,6,1,41,7,1364,2,13,-1,-1,-1
20171346P1570,2,1,0,18,0,0,0,0,1,0,3,1,6,1,35,6,-1,-1,-1,-1,-1,-1
20171346P1696,1,9,0,5,0,4,0,0,0,0,1,1,6,2,38,7,1596,1,4,7,3,7
20171346P1696,2,9,0,5,0,4,0,0,0,0,2,1,6,2,41,7,1896,2,8,1,1,1
20171346P1713,1,9,0,18,0,1,0,0,0,0,1,1,6,1,70,10,1560,2,3,-1,-1,-1
20171346P1713,2,9,0,3,0,1,0,0,0,0,2,1,6,1,30,6,1598,1,15,1,1,1
20171346P1815,1,9,0,18,0,0,0,0,0,0,1,1,1,1,32,6,1686,2,14,2,1,2
20171346P1815,2,1,0,7,0,0,0,0,0,0,1,1,6,1,11,3,-1,-1,-1,7,1,7
20171346P1857,1,9,0,2,0,0,0,0,0,0,3,1,6,3,-1,-1,1991,2,11,5,1,5
20171346P1857,2,9,0,2,0,0,0,0,0,0,3,1,6,3,-1,-1,1598,1,12,5,1,5
20171346P1857,3,9,0,18,0,0,0,0,0,0,4,1,6,1,31,6,1984,1,3,1,1,1
20171346P1927,1,9,0,18,0,0,0,0,1,11,4,1,6,1,31,6,1598,1,13,1,1,1
20171346Q0083,1,21,0,7,0,8,0,0,0,0,4,1,1,1,28,6,-1,2,1,4,2,4
20171346Q0083,2,1,0,18,0,8,0,0,0,0,3,1,1,1,31,6,-1,-1,-1,-1,-1,-1
20171346Q0363,1,9,0,18,0,0,0,0,0,0,1,1,6,1,34,6,998,1,17,7,3,7
20171346Q0363,2,9,0,4,0,0,0,0,0,0,2,1,6,2,51,8,3604,1,-1,8,3,8
20171346Q0363,3,9,0,4,0,0,0,0,0,0,2,1,6,1,69,10,2987,2,2,6,1,6
20171346Q0642,1,9,0,18,0,0,0,0,0,0,0,1,6,1,69,10,1968,2,4,7,3,7
20171346Q0642,2,1,0,18,0,0,0,0,1,4,4,1,6,2,46,8,-1,-1,-1,10,1,10
20171346Q0684,1,5,0,18,0,8,2,0,0,0,3,1,6,1,57,9,2294,1,7,1,2,1
20171346Q0684,2,9,0,18,0,6,0,0,0,0,0,1,6,3,-1,-1,-1,-1,-1,-1,-1,-1
20171346Q0741,1,3,0,18,0,8,0,0,0,0,1,1,6,1,26,6,124,1,9,6,3,6
20171346Q0741,2,9,0,18,0,8,0,0,0,0,1,1,6,3,29,6,1587,1,17,-1,-1,-1
20171346Q0932,1,9,0,12,0,0,0,0,0,0,3,1,6,1,24,5,1998,1,9,2,1,2
20171346Q0932,2,9,0,18,0,0,0,0,0,0,4,1,6,2,24,5,1242,1,10,7,1,7
20171346Q1025,1,9,0,18,0,1,0,0,0,0,1,1,6,1,22,5,1242,1,-1,6,1,6
20171346Q1025,2,9,0,18,0,2,0,0,7,11,1,1,6,2,39,7,2231,2,3,10,1,10
20171346Q1119,1,9,0,4,0,0,0,0,0,0,2,1,6,2,30,6,1798,1,9,3,1,3
20171346Q1119,2,9,0,4,0,0,0,0,0,0,1,1,6,3,-1,-1,1598,1,6,-1,-1,-1
20171346Q1370,1,9,0,1,9,1,0,0,0,0,2,1,6,2,-1,-1,1498,1,10,-1,-1,-1
20171346Q1370,2,9,0,2,9,1,0,0,0,0,4,1,6,1,68,10,1499,2,1,2,1,2
20171346Q1997,1,9,0,17,0,8,0,0,0,0,4,1,6,2,52,8,1461,2,1,2,1,2
20171346Q1997,2,9,0,9,0,5,0,0,0,0,1,1,6,1,20,4,1896,2,12,1,1,1
20171346R0521,1,9,0,9,0,8,5,0,0,0,4,1,1,2,50,8,1598,2,4,4,1,4
20171346R0521,2,9,0,18,0,1,1,0,0,0,1,1,6,2,35,6,2000,2,11,8,2,8
20171346R0521,3,19,0,3,0,1,0,0,0,0,1,1,1,1,45,7,-1,-1,-1,8,3,8
20171346R0729,1,9,0,18,0,0,0,4,0,0,1,1,6,1,79,11,1339,1,13,8,1,8
20171346R0729,2,9,0,2,0,0,0,0,0,0,3,1,6,3,-1,-1,1242,1,-1,-1,-1,-1
20171346R0753,1,9,0,16,0,8,0,0,0,0,1,1,6,2,40,7,1242,1,11,3,1,3
20171346R0753,2,9,0,17,0,8,0,0,0,0,3,1,6,1,71,10,998,1,5,7,1,7
20171346R0760,1,3,0,18,0,5,2,0,0,0,1,1,6,1,16,4,-1,-1,-1,1,1,1
20171346R0760,2,9,0,18,0,1,0,0,0,0,1,1,6,1,22,5,1198,1,13,1,1,1
20171346S0219,1,9,0,18,0,0,0,0,0,0,1,1,2,1,25,5,1242,1,11,6,1,6
20171346S0219,2,21,1,18,0,0,0,0,0,0,2,1,1,1,61,9,12902,2,2,4,3,4
20171346S0219,3,9,0,18,0,0,0,0,0,0,2,1,1,2,55,8,-1,-1,-1,7,1,7
20171346S0458,1,9,0,14,0,0,0,0,0,0,1,1,6,1,56,9,1968,2,11,4,1,4
20171346S0458,2,9,0,2,0,0,0,0,0,0,2,1,6,2,-1,-1,1595,1,-1,-1,-1,-1
20171346S0503,1,9,0,18,0,0,0,0,7,11,1,1,6,2,42,7,1798,1,1,1,1,1
20171346S0531,1,9,0,9,0,6,0,0,0,0,1,1,1,1,70,10,1685,2,5,6,1,6
20171346S0531,2,9,0,18,0,1,1,0,0,0,3,1,6,2,49,8,1995,2,4,2,1,2
20171346S0531,3,9,0,18,0,1,0,0,0,0,1,1,6,2,81,11,998,1,14,4,1,4
20171346S0750,1,21,0,18,0,1,1,0,0,0,3,1,1,1,46,8,4250,2,12,1,1,1
20171346S0849,1,9,0,18,0,0,0,0,0,0,1,1,6,1,32,6,1587,1,14,1,1,1
20171346S0876,1,19,0,18,0,1,1,0,0,0,1,1,1,1,25,5,1598,2,6,2,1,2
20171346S1057,1,9,0,16,0,0,1,4,1,11,3,1,6,1,20,4,1968,2,8,8,1,8
20171346S1057,2,9,0,2,0,0,0,0,0,0,2,1,6,3,-1,-1,-1,-1,-1,5,1,5
20171346S1087,1,9,0,8,0,1,0,0,0,0,0,1,6,1,62,9,1598,2,7,4,1,4
20171346S1087,2,1,0,18,0,1,0,0,0,0,1,1,6,1,21,5,-1,-1,-1,3,1,3
20171346S1087,3,9,0,2,0,1,0,0,0,0,3,1,6,1,37,7,1896,2,12,2,1,2
20171346S1135,1,9,0,3,0,8,0,0,0,0,2,1,6,2,29,6,1496,2,-1,9,1,9
20171346S1135,2,11,0,18,0,8,0,0,0,0,1,1,1,1,37,7,9600,2,18,4,1,4
20171346S1167,1,9,0,17,0,0,1,0,0,0,4,1,6,1,58,9,1598,1,13,2,1,2
20171346S1167,2,9,0,18,0,0,0,0,0,0,1,1,6,2,65,9,1995,2,1,9,3,9
20171346S1206,1,9,0,18,0,8,0,0,0,0,1,1,6,2,-1,-1,1999,2,-1,9,1,9
20171346S1206,2,9,0,18,0,8,0,0,0,0,4,1,6,2,63,9,1984,1,12,6,1,6
20171346S1239,1,9,0,18,0,1,0,0,0,0,1,1,6,2,26,6,1390,1,7,6,1,6
20171346S1239,2,9,0,18,0,2,0,0,1,0,3,1,6,2,39,7,1499,1,1,5,1,5