Accident_Index,Vehicle_Reference,Vehicle_Type,Towing_and_Articulation,Vehicle_Manoeuvre,Vehicle_Location-Restricted_Lane,Junction_Location,Skidding_and_Overturning,Hit_Object_in_Carriageway,Vehicle_Leaving_Carriageway,Hit_Object_off_Carriageway,1st_Point_of_Impact,Was_Vehicle_Left_Hand_Drive?,Journey_Purpose_of_Driver,Sex_of_Driver,Age_of_Driver,Age_Band_of_Driver,Engine_Capacity_(CC),Propulsion_Code,Age_of_Vehicle,Driver_IMD_Decile,Driver_Home_Area_Type,Vehicle_IMD_Decile
20171348B1535,1,9,0,18,0,0,0,0,2,0,1,1,6,3,-1,-1,1896,2,14,-1,-1,-1
20171348B1535,2,9,0,18,0,0,0,0,0,0,1,1,6,2,44,7,1198,1,4,6,2,6
20171348B1554,1,9,0,18,0,1,1,0,0,0,1,1,6,2,35,6,1229,1,8,-1,-1,-1
20171348B1554,2,9,0,18,0,1,0,0,0,0,2,1,6,1,36,7,1968,2,8,4,1,4
20171348B1554,3,9,0,18,0,1,0,0,0,0,2,1,6,2,57,9,898,1,2,10,1,10
20171348B1927,1,9,0,18,0,1,0,0,0,0,1,1,6,2,42,7,1299,1,17,6,1,6
20171348B1927,2,9,0,18,0,1,0,0,0,0,1,1,6,1,27,6,1896,2,12,6,1,6
20171348C0570,1,8,0,18,0,8,0,0,0,0,4,1,1,1,46,8,1910,2,9,5,1,5
20171348C0570,2,9,0,5,0,6,0,0,0,0,1,1,6,1,49,8,2993,2,1,4,1,4
20171348C0814,1,9,0,18,0,0,0,0,0,0,1,1,6,2,42,7,1618,1,4,2,3,2
20171348C0953,1,9,0,18,0,0,0,0,0,0,1,1,6,3,-1,-1,-1,-1,-1,-1,-1,-1
20171348C0953,2,19,0,18,0,0,0,0,0,0,1,1,6,1,33,6,1997,2,1,7,1,7
20171348C0953,3,9,0,18,0,0,0,0,0,0,1,1,6,2,23,5,1242,1,5,6,1,6
20171348C1076,1,9,0,18,0,0,0,0,0,0,4,1,2,1,76,11,1396,1,3,9,1,9
20171348C1219,1,11,0,2,0,0,0,0,0,0,0,1,1,1,50,8,6700,2,1,-1,-1,-1
20171348C1280,1,9,0,12,0,6,0,0,0,0,2,1,6,2,31,6,1497,1,15,5,1,5
20171348C1280,2,9,0,18,0,8,0,0,0,0,1,1,6,1,47,8,1984,1,9,2,1,2
20171348C1353,1,8,0,18,0,1,0,0,0,0,3,1,2,1,57,9,1896,2,9,6,1,6
20171348C1353,2,9,0,9,0,1,0,0,0,0,1,1,6,2,30,6,1598,1,11,-1,-1,-1
20171348C1465,1,9,0,18,0,0,0,0,0,0,1,1,6,3,-1,-1,-1,-1,-1,-1,-1,-1
20171348D1058,1,9,0,18,0,0,0,0,0,0,1,1,6,1,37,7,1560,2,10,1,1,1
20171348D1058,2,9,0,3,0,0,0,0,0,0,2,1,6,2,29,6,1598,1,3,1,1,1
20171348D1094,1,9,0,13,0,0,0,0,0,0,1,1,6,1,43,7,4992,1,-1,8,3,8
20171348D1094,2,9,0,18,0,0,0,0,0,0,1,1,6,1,39,7,1956,2,3,8,3,8
20171348D1130,1,90,0,18,0,0,5,0,0,0,1,1,6,1,9,2,-1,-1,-1,5,1,5
20171348D1130,2,9,0,18,0,0,0,0,0,0,3,1,6,1,27,6,1999,2,1,5,1,5
20171348D1135,1,9,0,9,0,5,0,0,0,0,0,1,6,3,-1,-1,-1,-1,-1,-1,-1,-1
20171348D1135,2,9,0,4,0,8,0,0,0,0,2,1,6,1,27,6,1339,1,10,1,1,1
20171348D1135,3,5,0,4,0,8,1,0,0,0,3,1,6,1,60,9,1584,1,9,2,1,2
20171348D1140,1,9,0,7,0,3,0,0,0,0,4,1,6,2,34,6,1493,2,10,5,1,5
20171348D1140,2,1,0,5,0,8,0,0,0,0,1,1,6,1,57,9,-1,-1,-1,-1,-1,-1
20171348D1262,1,9,0,6,0,0,0,0,0,0,3,1,6,1,50,8,1984,1,12,4,1,4
20171348D1262,2,4,0,18,0,0,5,0,0,0,1,1,6,1,50,8,999,1,6,8,1,8
20171348D1593,1,9,0,18,0,8,0,0,0,0,1,1,6,3,-1,-1,-1,-1,-1,-1,-1,-1
20171348D1593,2,1,0,18,0,8,5,0,0,0,4,1,6,1,27,6,-1,-1,-1,2,1,2
20171348D1715,1,3,0,13,0,0,1,0,0,0,4,1,6,1,28,6,125,1,3,1,1,1
20171348D1715,2,9,0,18,0,0,0,0,0,0,3,1,6,2,20,4,1398,1,1,8,1,8
20171348D1802,1,9,0,17,0,0,0,0,0,0,1,1,6,1,62,9,1997,2,6,5,1,5
20171348D1802,2,9,0,16,0,0,0,0,0,0,1,1,6,1,62,9,1796,1,16,4,1,4
20171348D1817,1,8,0,18,0,8,0,0,0,0,1,1,1,1,34,6,1995,2,6,6,1,6
20171348D1817,2,9,0,9,0,8,0,0,0,0,3,1,6,1,18,4,1399,2,8,7,1,7
20171348D1946,1,3,0,18,0,1,0,0,0,0,3,1,6,1,17,4,124,1,1,1,1,1
20171348D1946,2,9,0,9,0,2,0,0,0,0,3,1,6,2,29,6,1598,1,4,9,1,9
20171348E0720,1,9,0,4,0,0,0,0,0,0,1,1,6,1,22,5,1248,2,10,2,1,2
20171348E0720,2,9,0,4,0,0,0,0,0,0,2,1,6,2,22,5,1240,1,11,2,1,2
20171348E0793,1,9,0,14,0,1,0,0,0,0,1,1,6,1,40,7,1686,2,5,4,1,4
20171348E1105,1,9,0,15,0,0,0,0,0,0,4,1,6,1,73,10,1390,1,6,9,1,9
20171348E1344,1,9,0,9,0,8,0,0,0,0,1,1,6,1,23,5,1299,1,16,1,1,1
20171348E1344,2,9,0,18,0,1,0,0,0,0,0,1,1,1,38,7,2993,2,3,6,1,6
20171348E1344,3,9,0,18,0,1,0,0,0,0,4,1,2,2,28,6,1968,2,1,4,1,4
20171348E1417,1,9,0,18,0,8,0,0,0,0,4,1,6,1,36,7,1197,1,1,5,1,5
20171348E1417,2,1,0,18,0,8,0,0,0,0,1,1,6,1,21,5,-1,-1,-1,1,1,1
20171348E1547,1,9,0,16,0,0,5,0,0,0,4,1,6,2,20,4,1422,2,9,6,1,6
20171348E1548,1,9,0,18,0,0,0,0,0,0,1,1,6,1,20,4,1398,1,-1,2,1,2
20171348E1712,1,9,0,9,0,8,0,0,0,0,1,1,6,1,55,8,1783,1,17,4,1,4
20171348E1712,2,9,0,18,0,8,0,0,0,0,1,1,6,2,56,9,1997,2,13,4,1,4
20171348E1897,1,9,0,15,0,0,0,0,0,0,1,1,6,3,-1,-1,1984,1,1,-1,-1,-1
20171348E1897,2,21,0,18,0,0,0,0,0,0,2,1,1,1,55,8,4580,2,1,-1,-1,-1
20171348E2058,1,9,0,18,0,8,0,0,0,0,1,1,6,3,-1,-1,-1,-1,-1,-1,-1,-1
20171348E2086,1,9,0,9,0,1,0,0,0,0,3,1,1,1,24,5,1598,2,6,1,1,1
20171348E2086,2,1,0,18,0,1,0,0,0,0,1,1,6,1,19,4,-1,-1,-1,1,1,1
20171348E2153,1,9,0,17,9,0,1,0,1,2,4,1,2,2,22,5,1598,2,4,3,1,3
20171348F0736,1,19,0,1,0,0,0,0,0,0,2,1,1,2,56,9,2198,2,9,4,1,4
20171348F0806,1,9,0,5,0,0,0,0,0,0,1,1,6,2,49,8,1950,2,1,3,1,3
20171348F1021,1,9,0,18,0,0,0,0,0,0,3,1,6,1,-1,-1,1582,2,-1,-1,-1,-1
20171348F1021,2,9,0,4,0,0,0,0,0,0,1,1,1,1,36,7,2993,2,1,1,1,1
20171348F1173,1,1,0,18,4,0,5,4,1,0,1,1,6,2,51,8,-1,-1,-1,10,1,10
20171348F1173,2,19,0,2,0,0,0,0,0,0,2,1,6,1,59,9,2179,2,10,7,1,7
20171348F1324,1,1,0,18,0,8,2,0,0,0,1,1,6,1,38,7,-1,-1,-1,1,1,1
20171348F1324,2,11,0,18,0,8,0,0,1,0,4,1,1,1,58,9,9360,2,5,1,1,1
20171348F1472,1,9,0,14,2,0,0,0,0,0,4,1,6,1,21,5,1398,1,1,3,1,3
20171348F1511,1,11,0,1,2,0,0,0,0,0,2,1,1,1,63,9,7300,2,12,4,1,4
20171348F1511,2,11,0,18,2,0,0,0,0,0,4,1,1,1,54,8,7300,2,12,1,1,1
20171348G0143,1,9,0,9,0,0,0,0,0,0,3,1,6,1,34,6,1986,2,8,1,1,1
20171348G0143,2,9,0,18,0,0,0,0,0,0,4,1,1,1,44,7,2993,2,3,6,1,6
20171348G0248,1,11,0,14,0,0,0,0,0,0,1,1,1,1,54,8,10837,2,2,-1,-1,-1
20171348G0248,2,9,0,18,0,0,1,0,1,0,1,1,2,1,30,6,1328,1,17,3,1,3
20171348G0386,1,9,0,9,0,5,0,0,0,0,3,1,2,1,46,8,1796,1,11,7,1,7
20171348G0386,2,5,0,18,0,8,0,0,0,0,1,1,2,1,50,8,1198,1,1,9,2,9
20171348G1089,1,3,0,13,0,8,1,0,3,0,1,1,6,1,18,4,-1,-1,-1,5,1,5
20171348G1089,2,9,0,9,0,8,0,0,0,0,3,1,6,2,34,6,1598,2,5,8,1,8
20171348G1113,1,9,0,18,0,0,0,0,0,0,1,1,6,1,39,7,1242,1,11,1,1,1
20171348G1113,2,9,0,18,0,0,0,0,0,0,1,1,1,1,40,7,1686,2,5,-1,-1,-1
20171348G1248,1,9,0,18,0,8,0,0,0,0,4,1,6,1,32,6,1998,1,16,8,1,8
20171348G1248,2,3,0,18,0,1,0,0,0,0,1,1,6,1,52,8,244,1,10,3,1,3
20171348G1397,1,4,0,18,0,0,0,0,0,0,1,1,6,3,-1,-1,-1,-1,-1,-1,-1,-1
20171348G1449,1,9,0,9,0,8,0,0,0,0,1,1,6,1,71,10,1598,1,7,3,1,3
20171348G1449,2,1,0,18,4,8,5,0,0,0,1,1,6,1,23,5,-1,-1,-1,9,1,9
20171348G1449,3,9,0,3,0,1,0,0,0,0,0,1,6,3,-1,-1,-1,-1,-1,-1,-1,-1
20171348G1460,1,3,0,18,0,4,2,0,0,0,4,1,2,1,57,9,124,1,1,2,1,2
20171348G1570,1,9,0,9,0,1,0,0,0,0,1,1,6,2,27,6,1499,2,4,1,1,1
20171348G1570,2,9,0,18,0,1,0,0,0,0,1,1,6,1,53,8,1598,1,7,-1,-1,-1
20171348G1582,1,8,0,4,0,0,0,0,0,0,4,1,6,1,56,9,1598,2,6,1,1,1
20171348G1582,2,1,0,3,0,0,0,0,0,0,3,1,6,2,39,7,-1,-1,-1,1,1,1
20171348H0615,1,9,0,9,0,8,0,0,0,0,3,1,6,2,39,7,2993,2,3,7,3,7
20171348H0615,2,9,0,18,0,8,0,0,0,0,3,1,6,1,54,8,1984,1,10,9,1,9
20171348H0715,1,9,0,7,0,1,0,0,0,0,4,1,6,2,30,6,996,1,4,1,1,1
20171348H0715,2,1,0,18,0,1,0,0,0,0,3,1,2,1,34,6,-1,-1,-1,1,1,1
20171348H0725,1,9,0,9,0,8,0,0,0,0,3,1,6,1,64,9,1396,1,7,6,1,6
20171348H0725,2,9,0,18,0,8,0,0,0,0,1,1,6,2,24,5,1598,1,10,-1,-1,-1
20171348H0844,1,9,0,7,0,0,0,10,0,0,1,1,6,1,62,9,1360,1,10,-1,-1,-1
20171348H0912,1,9,0,18,0,1,0,0,0,0,1,1,2,2,29,6,1598,1,14,9,1,9
20171348H1042,1,9,0,7,0,2,0,0,0,0,2,1,6,2,66,10,998,1,2,1,1,1
20171348H1042,2,9,0,5,0,1,0,0,0,0,1,1,6,1,-1,-1,2000,2,13,-1,-1,-1
20171348H1067,1,9,0,9,0,8,0,0,0,0,0,1,6,3,-1,-1,1390,1,10,-1,-1,-1
20171348H1067,2,9,0,18,0,8,0,0,0,0,0,1,6,2,38,7,1686,2,6,5,1,5
20171348H1269,1,3,0,18,0,0,2,0,0,0,0,1,6,1,47,8,123,1,1,3,1,3
20171348H1296,1,9,0,9,0,1,0,0,0,0,4,1,6,3,-1,-1,3222,2,14,-1,-1,-1
20171348H1296,2,9,0,3,0,1,0,0,0,0,4,1,6,1,21,5,1560,2,4,4,1,4
20171348H1596,1,9,0,15,0,1,0,0,0,0,4,1,6,2,32,6,1390,1,9,6,1,6
20171348H1596,2,3,0,15,0,1,5,0,0,0,3,1,6,1,55,8,124,1,13,1,1,1
20171348H1810,1,5,0,9,0,5,0,0,0,0,4,1,6,2,31,6,-1,-1,-1,-1,-1,-1
20171348H1810,2,5,0,18,0,1,0,0,0,0,1,1,6,1,31,6,-1,-1,-1,2,1,2
20171348I0192,1,9,0,18,0,0,0,0,0,0,1,1,2,1,17,4,1896,2,12,1,1,1
20171348I0192,2,9,0,18,0,0,0,0,0,0,1,1,2,1,24,5,1896,2,14,3,1,3
20171348I0575,1,9,0,3,0,1,0,0,0,0,2,1,6,1,36,7,3628,2,8,6,1,6
20171348I0575,2,9,0,4,0,1,0,0,0,0,1,1,6,2,35,6,1997,1,12,2,1,2
20171348I0586,1,9,0,18,0,8,0,0,0,0,1,1,6,1,73,10,998,1,-1,3,1,3
20171348I0586,2,9,0,9,0,8,0,0,0,0,1,1,6,1,31,6,1498,1,6,8,1,8
20171348I0614,1,9,0,5,0,1,0,0,0,0,1,1,6,1,60,9,996,1,3,6,1,6
20171348I0614,2,9,0,3,0,1,0,0,0,0,2,1,6,2,47,8,1197,1,2,1,1,1
20171348I1035,1,9,0,3,0,6,0,0,0,0,2,1,6,2,34,6,-1,-1,-1,1,1,1
20171348I1035,2,9,0,5,0,6,0,0,0,0,1,1,6,1,24,5,1368,1,1,6,1,6
20171348I1075,1,9,0,18,0,1,0,0,0,0,1,1,6,2,29,6,1248,1,1,3,1,3
20171348I1075,2,19,0,7,0,6,1,0,0,0,1,1,6,1,34,6,2402,2,15,2,1,2
20171348I1193,1,9,0,7,0,8,0,0,0,0,2,1,6,1,25,5,1395,1,-1,9,1,9
20171348I1193,2,5,0,18,0,8,5,0,0,0,1,1,6,1,44,7,636,1,15,3,1,3
20171348I1517,1,1,0,9,0,2,0,0,0,0,3,1,6,1,16,4,-1,-1,-1,1,1,1
20171348I1517,2,11,0,18,0,2,0,0,0,0,3,1,1,1,55,8,-1,-1,-1,5,1,5
20171348I1665,1,8,0,18,0,0,0,0,0,0,4,1,1,1,-1,-1,-1,-1,-1,-1,-1,-1
20171348I1813,1,9,0,18,0,1,0,0,0,0,4,1,6,3,-1,-1,-1,-1,-1,-1,-1,-1
20171348I1835,1,9,0,9,0,1,0,0,0,0,1,1,6,1,49,8,2179,2,3,9,3,9
20171348I1835,2,9,0,18,0,1,0,0,0,0,4,1,6,3,-1,-1,1951,2,13,-1,-1,-1
20171348I2019,1,9,0,18,0,0,0,0,7,4,4,1,6,3,-1,-1,1587,1,16,-1,-1,-1
20171348I2019,2,9,0,2,0,0,0,0,0,0,1,1,1,1,42,7,1896,2,8,3,1,3
20171348J0366,1,9,0,18,0,5,1,0,1,7,3,1,6,1,25,5,1988,1,18,2,1,2
20171348J0557,1,9,0,7,0,3,0,0,2,7,4,1,6,2,77,11,1390,1,7,7,2,7
20171348J0557,2,9,0,18,0,8,0,0,0,0,1,1,6,2,48,8,1396,1,4,5,3,5
20171348J0643,1,9,0,4,0,0,0,0,0,0,2,1,6,1,46,8,1390,1,11,6,3,6
20171348J0643,2,5,0,4,0,0,1,0,0,0,1,1,6,1,57,9,765,1,-1,3,1,3
20171348J0671,1,9,0,4,0,0,0,0,0,0,1,1,6,1,23,5,1984,1,9,1,1,1
20171348J0671,2,9,0,4,0,0,0,0,0,0,2,1,6,1,52,8,1753,2,9,2,1,2
20171348J0671,3,9,0,4,0,0,0,0,0,0,2,1,6,1,25,5,1968,2,1,2,1,2
20171348J0671,4,9,0,4,0,0,0,0,0,0,2,1,6,1,28,6,1956,2,5,3,1,3
20171348J0883,1,8,0,15,0,8,0,0,0,0,4,1,1,1,45,7,1797,8,4,1,1,1
20171348J0883,2,1,0,18,0,8,0,0,0,0,1,1,6,1,12,3,-1,-1,-1,-1,-1,-1
20171348J0892,1,9,0,4,0,0,0,0,0,0,1,1,6,1,25,5,1956,2,4,6,1,6
20171348J0892,2,9,0,4,0,0,0,0,0,0,2,1,6,1,40,7,1896,2,9,2,1,2
20171348J0892,3,9,0,4,0,0,0,0,5,6,2,1,6,1,27,6,1368,1,9,8,1,8
20171348J0896,1,5,0,17,0,4,0,0,0,0,0,1,6,1,68,10,865,1,1,5,1,5
20171348J0907,1,9,0,18,0,1,0,0,0,0,4,1,6,2,28,6,1197,1,1,8,1,8
20171348J1034,1,9,0,18,0,0,0,0,0,0,1,1,6,2,25,5,1360,1,14,7,1,7
20171348J1239,1,9,0,13,0,0,0,0,0,0,4,1,6,3,-1,-1,1968,2,1,-1,-1,-1
20171348J1239,2,9,0,18,0,0,0,0,0,0,3,1,6,2,34,6,1496,2,1,6,2,6
20171348J1608,1,9,0,18,0,6,0,0,0,0,3,1,6,1,20,4,1329,1,5,4,1,4
20171348J1608,2,9,0,18,0,1,0,0,0,0,1,1,6,2,26,6,1598,2,3,2,1,2
20171348J1953,1,5,0,9,0,8,0,0,0,0,1,1,6,1,54,8,-1,-1,-1,-1,-1,-1
20171348J1953,2,9,0,18,0,8,5,0,0,0,1,1,6,1,22,5,-1,-1,-1,-1,-1,-1
20171348K0769,1,9,3,16,0,0,4,0,1,2,4,1,6,1,68,10,1951,2,15,1,1,1
20171348K0910,1,9,0,18,0,0,0,0,0,0,1,1,6,2,51,8,1598,1,15,1,1,1
20171348K0978,1,9,0,18,0,0,0,0,7,3,1,1,6,1,36,7,1364,1,10,1,1,1
20171348K1052,1,9,0,9,0,8,0,0,0,0,1,1,6,1,30,6,1598,1,12,2,1,2
20171348K1052,2,9,0,18,0,8,0,0,0,0,1,1,6,1,22,5,2597,1,13,7,1,7
20171348K1236,1,5,0,4,0,1,2,0,0,0,0,1,6,1,56,9,1450,1,12,8,2,8
20171348K1373,1,9,0,17,0,0,0,0,0,0,1,1,6,1,61,9,1461,2,1,7,1,7
20171348K1373,2,9,0,16,0,0,0,0,0,0,1,1,6,1,38,7,1995,2,1,3,1,3
20171348K1425,1,9,0,18,0,0,0,0,0,0,1,1,6,2,30,6,1461,2,1,8,1,8
20171348K1425,2,9,0,18,0,0,0,0,0,0,3,1,6,2,25,5,1197,1,1,6,1,6
20171348K1515,1,9,0,18,0,0,0,0,0,0,1,1,6,2,25,5,1398,1,1,1,1,1
20171348K1842,1,9,0,18,0,0,0,0,0,0,1,1,6,2,23,5,999,1,11,3,1,3
20171348L0618,1,19,0,7,0,6,0,0,0,0,1,1,1,1,43,7,1598,2,2,2,1,2
20171348L0618,2,9,0,18,0,8,5,0,0,0,4,1,1,2,52,8,1363,2,13,2,1,2
20171348L0810,1,11,0,18,2,0,0,11,0,0,1,1,1,1,31,6,4300,2,10,6,1,6
20171348L1020,1,9,0,12,0,4,0,0,0,0,3,1,6,1,21,5,1587,1,11,5,1,5
20171348L1020,2,9,0,18,0,4,0,0,0,0,4,1,6,1,22,5,1364,1,2,6,1,6
20171348L1020,3,9,0,18,0,4,0,0,0,0,4,1,6,1,73,10,1198,1,6,6,2,6
20171348L1054,1,19,0,18,0,0,0,0,0,0,0,1,1,1,69,10,1560,2,2,7,3,7
20171348L1054,2,21,0,18,0,0,1,0,0,0,1,1,1,1,43,7,12740,2,4,4,1,4
20171348L1054,3,21,1,18,0,0,1,0,0,0,1,1,1,1,35,6,11120,2,3,1,1,1
20171348L1237,1,9,0,18,0,0,0,0,0,0,0,1,6,1,57,9,-1,-1,-1,2,1,2
20171348L1237,2,9,0,18,0,0,0,0,0,0,0,1,6,1,66,10,1999,1,6,4,1,4
20171348L1237,3,9,0,18,0,0,0,0,0,0,0,1,6,1,35,6,1598,1,15,4,2,4
20171348L1463,1,9,0,18,0,0,0,0,0,0,4,1,6,1,-1,-1,2261,1,9,-1,-1,-1
20171348L1463,2,9,0,18,0,0,0,0,0,0,3,1,6,1,37,7,1248,2,11,3,1,3
20171348L1971,1,9,0,18,0,0,1,0,0,0,1,1,6,1,29,6,1332,1,19,1,1,1
20171348L1971,2,9,0,18,0,0,0,0,0,11,1,1,6,1,23,5,2495,2,14,9,2,9
20171348L2007,1,9,0,16,0,8,1,6,1,11,3,1,2,2,19,4,998,1,11,1,1,1
20171348M0246,1,8,0,18,0,0,2,0,0,0,1,1,6,1,29,6,1598,2,6,1,1,1
20171348M0246,2,8,0,2,0,0,0,0,0,0,2,1,6,3,-1,-1,1968,2,5,-1,-1,-1
20171348M0283,1,9,0,18,0,0,5,0,8,1,1,1,2,1,28,6,3189,1,10,1,1,1
20171348M0491,1,9,0,18,0,0,0,0,0,0,1,1,6,3,-1,-1,-1,-1,-1,-1,-1,-1
20171348M0541,1,90,0,18,0,0,0,11,0,0,1,1,6,1,24,5,400,1,11,4,1,4
20171348M0830,1,9,0,18,0,0,0,0,0,0,3,1,6,1,-1,-1,1398,2,10,8,1,8
20171348M0830,2,9,0,2,0,0,0,0,0,0,1,1,6,2,71,10,1198,1,2,10,1,10
20171348M1439,1,9,0,18,0,8,1,0,0,0,1,1,6,1,27,6,1896,2,9,2,1,2
20171348M1520,1,9,0,18,0,0,0,0,0,0,1,1,6,1,34,6,1149,1,14,-1,-1,-1
20171348M1520,2,9,0,18,0,0,0,0,0,0,2,1,6,1,43,7,1973,1,19,-1,-1,-1
20171348M1520,3,9,0,18,0,0,0,0,0,0,2,1,6,2,48,8,1400,1,10,-1,-1,-1
20171348M1544,1,9,0,9,0,8,0,0,0,0,4,1,2,1,20,4,1198,1,14,4,1,4
20171348M1544,2,1,0,18,0,1,0,0,0,0,1,1,2,1,62,9,-1,-1,-1,3,1,3
20171348M1826,1,9,0,18,0,8,0,0,0,0,4,1,6,1,44,7,1995,2,11,3,1,3
20171348M1826,2,9,0,5,0,8,0,0,0,0,1,1,6,2,36,7,1229,1,12,1,1,1
20171348N0004,1,9,0,16,0,0,0,0,7,11,1,1,6,2,24,5,1242,1,6,3,1,3
20171348N0004,2,9,0,17,0,0,0,0,0,0,0,1,6,3,-1,-1,-1,-1,-1,-1,-1,-1
20171348N0407,1,9,0,18,0,0,0,0,0,0,1,1,6,3,-1,-1,998,1,16,-1,-1,-1
20171348N0407,2,9,0,18,0,0,0,0,0,0,1,1,6,1,59,9,1580,8,-1,-1,-1,-1
20171348N0560,1,11,0,12,0,1,0,0,0,0,0,1,1,1,48,8,7300,2,11,1,1,1
20171348N0795,1,5,0,4,0,0,2,0,0,0,1,1,6,1,27,6,1285,1,2,2,1,2
20171348N0795,2,9,0,4,0,0,0,0,0,0,2,1,6,1,30,6,1968,2,5,1,1,1
20171348N1093,1,9,0,18,0,0,0,0,0,0,1,1,6,1,36,7,2204,2,11,-1,-1,-1
20171348N1156,1,8,0,18,0,6,0,0,0,0,4,1,1,1,70,10,1598,1,8,1,1,1
20171348N1156,2,4,0,18,0,8,1,0,0,0,1,1,6,1,17,4,-1,-1,-1,1,1,1
20171348N1184,1,9,0,9,0,5,0,0,0,11,1,1,6,2,18,4,999,1,4,-1,-1,-1
20171348N1304,1,11,0,4,0,0,0,0,0,0,0,1,1,1,35,6,4760,2,6,1,1,1
20171348N1330,1,9,0,9,0,6,0,0,0,0,3,1,6,1,26,6,1995,2,2,3,1,3
20171348N1330,2,1,0,18,0,8,0,0,0,0,1,1,6,1,27,6,-1,-1,-1,1,1,1
20171348N1391,1,9,0,18,0,2,0,0,0,0,4,1,2,2,57,9,1396,1,20,9,1,9
20171348N1412,1,9,0,18,0,0,0,4,0,0,1,1,6,2,45,7,1995,2,5,10,1,10
20171348N1412,2,9,0,2,0,0,0,4,1,11,2,1,6,3,-1,-1,1590,1,12,-1,-1,-1
20171348N1412,3,9,0,2,0,0,0,0,0,0,2,1,6,3,-1,-1,1390,1,19,-1,-1,-1
20171348N1666,1,20,0,18,0,1,0,0,0,0,4,1,6,3,-1,-1,-1,-1,-1,-1,-1,-1
20171348N1865,1,9,0,6,0,0,0,0,0,0,3,1,6,1,61,9,2204,2,11,1,1,1
20171348N1865,2,3,0,18,0,0,0,0,0,0,1,1,6,1,23,5,123,1,3,7,3,7
20171348O0470,1,9,0,5,0,8,0,0,0,0,1,1,6,1,30,6,-1,-1,-1,7,1,7
20171348O0470,2,1,0,18,0,8,5,0,0,0,4,1,6,1,57,9,-1,-1,-1,9,1,9
20171348O0686,1,19,0,18,0,0,0,0,0,0,1,1,1,1,72,10,2402,2,9,3,1,3
20171348O0686,2,9,0,4,0,0,0,0,0,0,2,1,6,1,27,6,1248,1,8,-1,-1,-1
20171348O0686,3,9,0,4,0,0,0,0,0,0,2,1,6,1,38,7,1198,1,6,1,1,1
20171348O1187,1,9,0,18,0,0,0,0,5,6,2,1,1,1,58,9,1461,2,1,7,1,7
20171348O1187,2,9,0,11,0,0,0,0,0,0,1,1,1,1,26,6,1968,2,1,3,3,3
20171348O1187,3,9,0,11,0,0,5,0,1,0,3,1,6,1,23,5,1197,1,1,8,2,8
20171348O1187,4,21,1,18,0,0,0,0,0,0,1,1,1,1,33,6,12740,2,3,-1,2,-1
20171348O1234,1,3,0,18,0,0,0,0,0,11,1,1,6,1,36,7,125,1,4,3,1,3
20171348O1334,1,9,0,9,0,6,0,0,0,0,1,1,6,1,43,7,1956,2,2,5,1,5
20171348O1334,2,9,0,18,0,1,0,0,0,0,4,1,6,2,18,4,998,1,1,3,1,3
20171348O1371,1,5,0,18,0,0,0,0,0,0,1,1,2,1,26,6,599,1,12,1,1,1
20171348O1371,2,9,0,18,0,0,0,0,0,0,2,1,2,1,48,8,1796,1,13,10,1,10
20171348O1487,1,9,0,18,0,0,0,0,0,0,1,1,1,1,21,5,998,1,14,1,1,1
20171348O1573,1,8,0,6,0,0,0,0,0,0,3,1,1,1,39,7,-1,-1,-1,2,1,2
20171348O1573,2,9,0,14,0,0,0,0,0,0,4,1,6,1,77,11,-1,-1,-1,8,3,8
20171348P0227,1,5,0,13,0,8,0,0,0,0,4,1,2,1,41,7,599,1,19,4,1,4
20171348P0227,2,8,0,9,0,5,0,0,0,0,3,1,1,1,42,7,1582,2,5,5,1,5
20171348P0386,1,9,0,18,0,0,0,0,0,0,1,1,6,1,25,5,1390,1,7,2,1,2
20171348P0386,2,19,0,18,0,0,0,0,0,0,2,1,1,1,24,5,2198,2,2,4,1,4
20171348P0386,3,5,0,18,0,0,1,0,0,0,1,1,6,1,58,9,1731,1,3,10,1,10
20171348P0569,1,9,0,18,0,4,0,0,0,0,4,1,1,2,39,7,1390,1,6,5,1,5
20171348P0569,2,9,0,18,0,4,0,0,0,0,3,1,6,1,63,9,1956,2,7,6,1,6
20171348P0675,1,9,0,5,0,2,0,0,0,0,1,1,6,1,77,11,1796,1,14,6,3,6
20171348P0675,2,97,0,18,0,1,0,0,0,0,4,1,6,1,40,7,-1,-1,-1,-1,-1,-1
20171348P1020,1,9,0,3,0,0,0,0,0,0,2,1,6,1,42,7,1910,2,11,5,1,5
20171348P1020,2,9,0,4,0,0,0,0,0,0,1,1,6,2,53,8,1398,1,6,5,1,5
20171348P1027,1,9,0,18,0,8,0,0,0,0,4,1,6,1,23,5,1896,2,10,2,1,2
20171348P1089,1,9,0,18,0,0,5,0,1,9,4,1,6,1,20,4,1582,2,5,1,1,1
20171348P1204,1,9,0,18,0,0,5,0,1,2,1,1,6,2,45,7,998,1,1,6,1,6
20171348P1485,1,8,0,9,0,8,0,0,0,0,4,1,1,1,48,8,1968,2,8,1,1,1
20171348P2020,1,9,0,18,0,0,0,0,0,0,1,1,6,1,22,5,998,1,5,3,1,3
20171348P2020,2,9,0,18,0,0,0,0,0,0,2,1,6,2,70,10,1149,1,6,6,1,6
20171348Q0430,1,9,0,1,0,0,0,0,0,0,4,1,6,2,40,7,2000,2,13,2,1,2
20171348Q0430,2,9,0,18,0,0,0,0,0,0,1,1,6,3,-1,-1,1596,1,14,-1,-1,-1
20171348Q0476,1,9,0,9,0,1,0,0,0,0,1,1,2,1,36,7,1596,1,11,4,1,4
20171348Q0476,2,1,0,18,0,1,0,0,0,0,4,1,2,1,34,6,-1,-1,-1,1,1,1
20171348Q0518,1,9,0,11,0,0,0,0,0,0,4,1,6,2,22,5,1461,2,11,1,1,1