Accident_Index,Vehicle_Reference,Vehicle_Type,Towing_and_Articulation,Vehicle_Manoeuvre,Vehicle_Location-Restricted_Lane,Junction_Location,Skidding_and_Overturning,Hit_Object_in_Carriageway,Vehicle_Leaving_Carriageway,Hit_Object_off_Carriageway,1st_Point_of_Impact,Was_Vehicle_Left_Hand_Drive?,Journey_Purpose_of_Driver,Sex_of_Driver,Age_of_Driver,Age_Band_of_Driver,Engine_Capacity_(CC),Propulsion_Code,Age_of_Vehicle,Driver_IMD_Decile,Driver_Home_Area_Type,Vehicle_IMD_Decile
20171348Q0518,2,1,0,18,0,0,0,0,0,0,3,1,6,1,37,7,-1,-1,-1,6,1,6
20171348Q0637,1,9,0,18,0,0,1,0,0,0,1,1,6,1,20,4,-1,-1,-1,3,1,3
20171348Q0637,2,9,0,18,0,0,0,0,0,0,2,1,6,1,33,6,1598,2,7,3,2,3
20171348Q0637,3,21,1,18,0,0,0,0,0,0,3,1,1,1,44,7,10677,2,3,1,1,1
20171348Q0637,4,9,0,18,0,0,0,0,0,0,2,1,6,1,72,10,2400,2,7,10,1,10
20171348Q0637,5,9,0,18,0,0,0,0,0,0,2,1,6,1,65,9,1598,1,8,10,1,10
20171348Q0989,1,9,0,14,0,0,0,0,0,0,4,1,6,2,40,7,1149,1,15,2,1,2
20171348Q1001,1,9,0,18,0,1,0,0,0,0,4,1,6,2,37,7,1339,1,8,5,1,5
20171348Q1001,2,1,0,18,0,1,0,0,0,0,3,1,2,1,45,7,-1,-1,-1,5,1,5
20171348Q1021,1,9,0,1,0,0,0,0,0,0,2,1,6,2,39,7,1349,1,7,9,1,9
20171348Q1082,1,9,0,18,0,0,0,0,0,0,1,1,6,1,29,6,1390,1,10,9,3,9
20171348Q1082,2,9,0,3,0,0,0,0,0,6,2,1,6,2,27,6,1329,1,1,3,1,3
20171348Q1082,3,9,0,3,0,0,0,0,0,0,2,1,6,1,27,6,1595,1,17,9,1,9
20171348Q1189,1,9,0,18,0,0,1,0,0,0,1,1,6,1,29,6,1461,2,2,1,1,1
20171348Q1189,2,9,0,6,0,0,0,0,0,0,4,1,6,1,57,9,1590,1,16,2,1,2
20171348Q1317,1,9,0,18,0,8,0,0,0,0,1,1,6,2,49,8,1198,1,14,1,1,1
20171348Q1317,2,1,0,9,0,8,0,0,0,0,3,1,6,1,11,3,-1,-1,-1,-1,-1,-1
20171348Q1507,1,9,0,18,0,0,0,0,0,0,1,1,6,1,-1,-1,-1,-1,-1,-1,-1,-1
20171348Q1696,1,19,0,18,0,8,1,0,0,0,1,1,6,1,54,8,1753,2,13,4,2,4
20171348Q1696,2,9,0,9,0,8,0,0,0,0,3,1,6,1,47,8,1498,1,1,5,2,5
20171348Q1856,1,9,0,18,0,1,0,0,0,0,1,1,6,2,27,6,1400,2,11,1,1,1
20171348Q1856,2,9,0,7,0,1,0,0,0,0,2,1,6,1,23,5,1229,1,12,1,1,1
20171348Q1856,3,9,0,2,0,1,0,4,0,0,2,1,6,1,-1,-1,1900,2,13,6,1,6
20171348Q1856,4,9,0,2,9,1,0,4,0,0,1,1,6,1,43,7,1896,2,14,1,1,1
20171348Q2087,1,8,0,18,0,0,0,0,0,0,4,1,1,1,46,8,1896,2,10,4,1,4
20171348R0466,1,9,0,18,0,8,1,0,2,0,4,1,6,1,60,9,1598,1,12,2,1,2
20171348R0476,1,9,0,9,0,8,0,0,0,0,3,1,6,1,20,4,1149,1,16,7,1,7
20171348R0476,2,5,0,13,0,8,5,0,0,0,1,1,6,1,46,8,592,1,25,2,1,2
20171348R0654,1,9,0,18,0,0,0,0,0,0,1,1,6,1,64,9,1910,2,12,6,2,6
20171348R1122,1,9,3,18,0,0,0,0,0,0,4,1,6,1,48,8,998,1,12,6,3,6
20171348R1122,2,1,0,18,0,0,0,0,0,0,3,1,6,1,55,8,-1,-1,-1,6,2,6
20171348R1181,1,9,0,18,0,0,0,0,0,0,1,1,6,2,77,11,1242,1,13,3,1,3
20171348R1214,1,2,0,18,9,3,5,0,0,0,1,1,6,3,-1,-1,-1,-1,-1,-1,-1,-1
20171348R1214,2,1,0,2,9,2,5,0,0,0,2,1,6,2,11,3,-1,-1,-1,5,1,5
20171348R1299,1,11,0,2,0,0,0,0,0,0,3,1,1,1,51,8,5900,2,10,1,1,1
20171348R1299,2,9,0,15,0,0,0,0,0,0,2,1,6,1,31,6,1388,1,15,2,1,2
20171348R1299,3,9,0,15,0,0,0,0,0,0,1,1,6,1,21,5,-1,-1,-1,-1,-1,-1
20171348R1397,1,9,0,18,0,0,0,0,0,0,1,1,6,3,-1,-1,-1,-1,-1,-1,-1,-1
20171348R1714,1,9,0,10,0,8,0,0,0,0,3,1,6,1,41,7,1598,2,7,1,1,1
20171348R1714,2,9,0,7,0,8,0,0,1,0,1,1,6,1,19,4,1197,1,4,4,1,4
20171348R1714,3,9,0,2,0,2,0,0,0,0,1,1,6,1,25,5,1398,1,1,4,2,4
20171348R1725,1,19,0,1,0,0,0,0,0,0,2,1,6,3,-1,-1,2148,2,10,-1,-1,-1
20171348R1822,1,9,0,18,0,1,0,0,0,0,4,1,6,2,25,5,1896,2,10,3,1,3
20171348R1822,2,9,0,7,0,6,0,0,0,0,1,1,6,1,51,8,1896,2,17,1,1,1
20171348R1959,1,9,0,18,0,8,0,0,1,10,4,1,6,2,19,4,1242,1,1,6,1,6
20171348R1959,2,9,0,7,0,8,0,0,0,0,1,1,6,1,24,5,999,1,-1,6,1,6
20171348R2011,1,9,0,9,0,8,0,0,0,0,1,1,6,1,50,8,1896,2,13,1,1,1
20171348S0500,1,9,0,18,0,1,0,0,0,0,1,1,6,1,52,8,1896,2,11,1,1,1
20171348S0500,2,9,0,18,0,8,2,0,1,0,3,1,6,1,48,8,-1,-1,-1,4,1,4
20171348S0579,1,9,0,6,0,0,0,0,0,0,3,1,6,2,25,5,1598,2,1,4,1,4
20171348S0579,2,4,0,15,0,0,5,0,0,0,1,1,6,2,46,8,249,1,2,5,1,5
20171348S1283,1,9,0,13,0,0,0,0,4,6,3,1,6,1,19,4,1229,1,4,3,1,3
20171348S1283,2,9,0,18,0,0,1,0,0,0,3,1,6,2,35,6,1398,2,2,7,1,7
20171348S1516,1,5,0,18,0,4,0,10,0,0,0,1,6,1,48,8,592,1,23,3,1,3
20171348S1606,1,9,0,13,0,0,1,0,4,1,1,1,6,1,37,7,1995,2,12,3,1,3
20171348S1606,2,9,0,18,0,0,0,0,0,0,3,1,6,1,64,9,2143,2,6,1,1,1
20171348S1998,1,9,0,18,0,8,0,0,0,0,1,1,6,2,44,7,1398,2,7,1,1,1
20171348S1998,2,9,0,18,0,8,0,0,0,0,3,1,6,1,38,7,1198,1,3,4,1,4
20171348T0480,1,9,0,16,0,0,1,0,7,0,1,1,6,1,34,6,1896,2,14,1,1,1
20171348T0480,2,9,0,17,0,0,0,0,1,0,1,1,6,1,53,8,1598,2,8,7,1,7
20171348T0535,1,21,1,18,0,0,0,0,0,0,4,1,1,1,48,8,-1,-1,-1,-1,-1,-1
20171348T0535,2,9,0,18,0,0,2,0,1,7,3,1,6,2,56,9,1242,1,10,3,1,3
20171348T0887,1,11,0,5,0,2,0,0,0,0,0,1,1,1,52,8,-1,-1,-1,1,1,1
20171348T0887,2,8,0,5,0,2,0,0,0,0,0,1,6,3,-1,-1,-1,-1,-1,-1,-1,-1
20171348T1110,1,9,0,18,0,0,0,0,0,0,1,1,2,1,27,6,1598,1,16,4,1,4
20171348T1110,2,9,0,18,0,0,0,0,0,0,2,1,6,2,62,9,998,1,14,6,2,6
20171348T1591,1,9,0,9,0,1,0,0,0,0,1,1,6,2,38,7,998,1,13,1,1,1
20171348T1591,2,9,0,18,0,1,0,0,0,0,3,1,6,2,45,7,2987,2,10,5,1,5
20171348T1742,1,8,0,7,0,8,0,0,0,0,4,1,1,1,33,6,1560,2,5,2,1,2
20171348T1742,2,2,0,18,0,8,5,0,1,0,1,1,6,1,19,4,49,1,2,8,2,8
20171348U0247,1,3,0,18,0,8,5,0,0,0,3,1,2,1,25,5,124,1,20,7,1,7
20171348U0247,2,19,0,18,0,8,0,0,0,0,1,1,2,1,62,9,2198,2,7,7,1,7
20171348U0288,1,9,0,18,0,0,0,0,0,0,1,1,2,1,29,6,1968,2,9,1,1,1
20171348U0288,2,9,0,18,0,0,0,0,0,0,1,1,6,2,33,6,1299,1,13,1,1,1
20171348U0349,1,5,0,18,0,2,2,0,0,0,4,1,6,1,32,6,1000,1,3,1,1,1
20171348U0755,1,11,0,18,0,0,0,0,0,0,0,1,1,1,49,8,6692,2,5,8,1,8
20171348U1128,1,1,0,18,0,0,0,0,0,0,1,1,6,1,8,2,-1,-1,-1,1,1,1
20171348U1128,2,9,0,18,0,0,0,0,0,0,4,1,6,2,25,5,1600,2,8,2,1,2
20171348U1168,1,9,0,12,0,5,0,0,0,0,2,1,6,1,21,5,998,1,13,3,1,3
20171348U1168,2,9,0,18,0,1,0,0,0,0,1,1,6,1,21,5,1197,1,1,7,1,7
20171348U1261,1,11,0,4,0,0,0,0,0,0,0,1,1,1,47,8,6692,2,5,3,1,3
20171348U1270,1,9,0,18,0,1,0,0,0,0,4,1,6,2,-1,-1,-1,-1,-1,-1,-1,-1
20171348U1270,2,1,0,18,0,1,0,0,0,0,3,1,6,1,13,3,-1,-1,-1,1,1,1
20171348U1299,1,9,0,18,0,0,0,0,0,0,1,1,6,1,46,8,2993,2,8,6,2,6
20171348U1299,2,9,0,3,0,0,0,0,0,0,2,1,6,1,61,9,1995,2,5,5,1,5
20171348U1299,3,9,0,3,0,0,0,0,0,0,2,1,6,1,82,11,1896,2,8,7,1,7
20171348U1299,4,9,0,3,0,0,0,0,0,0,2,1,6,2,49,8,998,1,12,1,1,1
20171348U1299,5,19,0,3,0,0,0,0,0,0,2,1,6,1,24,5,2198,2,6,1,1,1
20171348U1341,1,5,0,14,0,8,5,0,0,0,4,1,6,1,52,8,1200,1,1,5,1,5
20171348U1341,2,9,0,9,0,5,0,0,0,0,1,1,6,1,49,8,2143,2,1,9,1,9
20171348U1409,1,9,0,9,0,1,0,0,0,0,1,1,6,1,23,5,1995,2,10,3,1,3
20171348U1409,2,1,0,18,0,1,0,0,0,0,2,1,6,1,43,7,-1,-1,-1,8,1,8
20171348U1427,1,3,0,18,0,0,0,0,0,0,1,1,6,1,20,4,-1,-1,-1,3,1,3
20171348U1427,2,9,0,6,0,0,0,0,0,0,1,1,6,2,-1,-1,1968,2,5,2,1,2
20171348U1508,1,9,0,5,9,0,0,0,0,0,4,1,1,1,44,7,1386,1,14,4,1,4
20171348U1508,2,1,0,18,9,0,0,0,0,0,1,1,6,1,13,3,-1,-1,-1,4,1,4
20171348U1872,1,9,0,17,0,1,2,0,1,11,4,1,6,1,20,4,1364,1,9,5,1,5
20171348U1872,2,9,0,17,0,1,0,0,0,0,0,1,6,3,-1,-1,-1,-1,-1,-1,-1,-1
20171348U1872,3,9,0,2,9,2,0,0,0,0,2,1,6,3,-1,-1,1560,2,3,-1,-1,-1
20171348U1872,4,9,0,2,9,2,0,0,0,0,2,1,6,3,-1,-1,1796,1,11,-1,-1,-1
20171348V0490,1,9,0,18,0,8,0,0,0,11,1,1,6,1,23,5,1598,2,4,-1,-1,-1
20171348V0490,2,9,0,10,0,5,0,10,7,0,0,1,6,1,32,6,-1,-1,-1,2,1,2
20171348V0493,1,9,0,5,0,4,0,0,0,0,1,1,6,3,-1,-1,-1,-1,-1,-1,-1,-1
20171348V0493,2,9,0,18,0,4,0,0,0,0,4,1,6,2,57,9,1364,1,11,1,1,1
20171348V0509,1,19,0,9,0,6,0,0,0,0,1,1,1,1,23,5,2143,2,3,2,1,2
20171348V0509,2,9,0,18,0,8,0,0,0,0,3,1,6,2,60,9,1242,1,5,8,1,8
20171348V0534,1,9,0,9,0,8,0,0,0,0,4,1,6,1,41,7,1493,1,19,1,1,1
20171348V0534,2,9,0,18,0,8,0,0,0,0,1,1,6,1,35,6,1910,2,8,1,1,1
20171348V0621,1,1,0,18,0,1,0,0,0,0,3,1,6,1,21,5,-1,-1,-1,2,1,2
20171348V0621,2,9,0,7,0,5,0,0,0,0,0,1,6,1,64,9,1986,2,11,5,1,5
20171348V0678,1,21,0,18,0,0,0,0,0,0,4,1,1,1,26,6,6692,2,6,3,1,3
20171348V0678,2,9,0,18,0,0,0,0,0,0,3,1,6,1,80,11,1198,1,1,1,1,1
20171348V0685,1,9,0,4,0,1,0,0,0,0,1,1,6,1,29,6,1587,1,12,2,1,2
20171348V0685,2,9,0,4,0,1,0,0,0,0,2,1,6,1,34,6,1995,2,6,7,1,7
20171348V0871,1,9,0,18,0,0,0,0,0,0,1,1,6,2,36,7,1598,1,4,1,1,1
20171348V0871,2,8,0,18,0,0,0,0,0,0,2,1,1,1,68,10,1560,2,9,1,1,1
20171348V0882,1,9,0,18,0,0,0,0,0,0,4,1,6,2,67,10,1598,2,6,9,1,9
20171348V1360,1,9,0,4,0,0,0,0,0,0,1,1,2,1,27,6,1956,2,8,9,1,9
20171348V1360,2,9,0,4,0,0,0,0,0,0,1,1,2,1,40,7,1598,1,5,10,1,10
20171348V1360,3,9,0,4,0,0,0,0,0,0,2,1,2,1,35,6,1968,2,12,3,1,3
20171348V1541,1,9,0,18,0,0,0,0,0,0,1,1,6,3,-1,-1,-1,-1,-1,-1,-1,-1
20171348V1541,2,1,0,3,0,0,0,0,0,0,1,1,6,1,13,3,-1,-1,-1,6,1,6
20171348V1738,1,9,0,9,0,5,0,0,0,0,1,1,6,1,32,6,998,1,12,3,1,3
20171348V1738,2,1,0,18,0,1,0,0,0,0,1,1,2,1,32,6,-1,-1,-1,4,1,4
20171348V1781,1,9,0,18,0,4,0,0,0,0,1,1,6,1,21,5,1598,2,6,6,1,6
20171348V1781,2,9,0,18,0,4,5,0,0,0,1,1,6,1,25,5,1242,1,15,1,1,1
20171348V2000,1,9,0,9,0,8,0,0,0,0,1,1,6,3,-1,-1,1497,1,12,-1,-1,-1
20171348V2000,2,9,0,18,0,8,0,0,1,3,3,1,1,1,41,7,2993,2,4,1,1,1
20171348V2000,3,9,0,18,0,8,0,0,0,0,0,1,1,1,30,6,1560,2,-1,1,1,1
2017134910277,1,9,0,3,0,6,0,0,0,0,3,1,6,2,25,5,1399,2,8,3,3,3
2017134910277,2,9,0,18,0,1,0,0,0,0,1,1,6,1,32,6,1598,1,7,4,3,4
2017134910488,1,9,0,4,0,0,0,0,0,0,2,1,6,1,53,8,1995,2,2,-1,-1,-1
2017134910488,2,19,0,18,0,0,0,0,0,0,1,1,6,1,36,7,2143,2,5,9,1,9
2017134910488,3,19,0,18,0,0,0,0,0,0,1,1,6,2,52,8,2198,2,3,2,1,2
2017134910488,4,9,0,18,0,0,0,0,0,0,1,1,1,1,52,8,-1,3,3,8,1,8
2017134910541,1,11,0,4,0,0,0,0,0,0,1,1,1,1,-1,-1,9360,2,9,8,1,8
2017134910985,1,5,0,18,0,0,0,0,0,0,1,1,6,1,62,9,1255,1,8,8,1,8
2017134910985,2,9,0,6,0,0,0,0,0,0,1,1,6,2,34,6,1198,1,4,7,1,7
2017134911154,1,9,0,18,0,0,0,0,0,0,1,1,6,1,38,7,1229,1,11,1,1,1
2017134911154,2,8,0,3,0,0,0,0,0,0,2,1,6,1,26,6,1896,2,7,2,1,2
2017134911154,3,9,0,3,0,0,0,0,0,0,2,1,6,1,33,6,1596,1,7,-1,-1,-1
2017134911307,1,17,0,18,0,0,0,0,0,0,1,1,6,1,-1,-1,-1,-1,-1,-1,-1,-1
2017134911307,2,9,0,18,0,0,0,0,0,0,3,1,6,2,20,4,1598,2,6,5,1,5
2017134911338,1,9,0,18,0,8,0,0,0,0,2,1,6,2,41,7,1598,1,8,8,1,8
2017134911338,2,9,0,18,0,8,0,0,0,0,1,1,6,2,20,4,1197,1,2,5,1,5
2017134911467,1,20,0,18,0,0,0,0,0,0,4,1,1,1,47,8,4500,2,-1,5,1,5
2017134911846,1,9,0,5,0,0,0,0,0,0,0,1,6,2,35,6,1364,1,2,1,1,1
2017134911854,1,4,0,16,0,0,5,7,0,0,1,1,6,1,20,4,-1,-1,-1,-1,-1,-1
2017134920799,1,9,0,3,0,1,0,0,0,0,1,1,6,2,84,11,1388,1,13,8,1,8
2017134920799,2,9,0,3,0,1,0,0,0,0,2,1,6,2,39,7,1598,2,6,1,1,1
2017134921305,1,9,0,18,0,8,0,0,0,0,1,1,6,1,36,7,1994,1,18,1,1,1
2017134921561,1,1,0,18,0,0,0,0,0,0,1,1,6,1,11,3,-1,-1,-1,6,1,6
2017134921561,2,9,0,18,0,0,0,0,0,0,4,1,6,2,50,8,1197,1,1,9,3,9
2017134921677,1,5,0,18,0,8,0,0,0,0,0,1,6,1,46,8,-1,-1,-1,3,1,3
2017134921677,2,9,0,9,0,5,0,0,0,0,0,1,6,1,35,6,1149,1,5,4,1,4
2017134921714,1,9,0,18,0,4,0,0,0,0,1,1,6,2,38,7,2179,2,6,8,1,8
2017134921714,2,9,0,18,0,4,0,0,0,0,4,1,6,2,24,5,1596,1,6,6,1,6
2017134921730,1,9,0,18,0,8,0,0,0,0,4,1,6,1,36,7,1686,2,10,-1,-1,-1
2017134921730,2,9,0,18,0,8,0,0,0,0,1,1,6,2,26,6,-1,-1,-1,-1,-1,-1
2017134930343,1,9,0,18,0,0,0,0,2,7,4,1,6,3,-1,-1,1968,2,2,-1,-1,-1
2017134930499,1,9,0,18,0,1,0,0,0,0,1,1,6,1,57,9,1969,2,1,4,1,4
2017134930499,2,9,0,4,0,1,0,0,0,0,2,1,6,1,41,7,998,1,5,8,1,8
2017134931022,1,9,0,18,0,0,1,0,1,11,1,1,6,1,21,5,1422,2,9,5,1,5
2017134931394,1,9,0,14,0,0,0,0,0,0,1,1,6,3,-1,-1,1968,2,5,-1,-1,-1
2017134931394,2,9,0,5,0,0,0,0,0,0,3,1,6,1,48,8,4686,1,19,4,1,4
2017134931394,3,9,0,2,0,0,0,0,0,0,3,1,6,3,-1,-1,1200,1,3,-1,-1,-1
2017134931394,4,9,0,2,0,0,0,0,0,0,2,1,6,3,-1,-1,1998,1,14,-1,-1,-1
2017134931570,1,9,0,18,0,8,0,0,0,0,4,1,6,2,43,7,1598,1,9,2,1,2
2017134931570,2,9,0,11,0,6,0,0,0,0,1,1,6,1,48,8,1910,2,11,3,1,3
2017134931876,1,9,0,6,0,2,0,0,0,0,1,1,6,1,24,5,1797,8,8,2,1,2
2017134931876,2,9,0,18,0,2,0,0,0,0,3,1,1,1,27,6,998,1,16,1,1,1
2017134940235,1,1,0,18,0,1,0,0,0,0,1,1,6,1,39,7,-1,-1,-1,-1,-1,-1
2017134940235,2,9,0,9,0,1,0,0,0,0,0,1,6,2,47,8,1997,2,2,-1,-1,-1
2017134940720,1,11,0,18,0,0,0,0,0,0,4,1,1,2,44,7,4580,2,7,2,1,2
2017134940720,2,19,0,2,0,0,0,0,0,0,4,1,6,3,-1,-1,2198,2,2,-1,-1,-1
2017134940720,3,9,0,2,0,0,0,0,0,0,3,1,6,3,-1,-1,2495,2,17,-1,-1,-1
2017134940976,1,9,0,18,0,0,1,0,5,6,4,1,6,2,46,8,1198,1,3,6,1,6
2017134940976,2,21,1,12,0,0,0,0,0,0,3,1,1,1,41,7,-1,-1,-1,-1,-1,-1
2017134940998,1,11,0,2,0,0,0,0,0,0,0,1,1,1,57,9,5132,2,1,2,1,2
2017134941013,1,9,0,16,0,0,1,0,7,1,1,1,6,1,41,7,1328,1,7,3,1,3
2017134941094,1,9,0,18,0,8,0,0,0,0,4,1,2,1,34,6,2143,2,-1,2,1,2
2017134941094,2,1,0,18,0,6,0,0,0,0,1,1,6,1,9,2,-1,-1,-1,1,1,1
2017134941168,1,9,0,18,0,0,0,0,0,0,1,1,6,2,23,5,1968,2,6,3,1,3
2017134941168,2,9,0,2,0,0,0,0,0,0,3,1,6,3,-1,-1,1598,2,3,-1,-1,-1
2017134941168,3,9,0,2,0,0,0,0,0,0,3,1,6,3,-1,-1,1360,1,11,-1,-1,-1
2017134941168,4,9,0,2,0,0,0,0,0,0,3,1,6,3,-1,-1,1598,1,7,-1,-1,-1
2017134941199,1,90,0,2,9,0,0,0,0,0,4,1,1,1,36,7,-1,-1,-1,1,1,1
2017134941199,2,9,4,18,9,0,0,0,0,0,3,1,1,1,24,5,1796,1,13,1,1,1
2017134941211,1,19,0,12,0,0,0,0,0,0,1,1,1,1,48,8,2198,2,1,4,1,4
2017134941211,2,19,0,4,0,0,0,0,0,0,2,1,1,1,27,6,2198,2,1,6,1,6
2017134941215,1,3,0,18,0,0,5,0,0,0,1,1,6,2,56,9,125,1,1,5,1,5
2017134941463,1,1,0,18,0,8,0,0,0,0,4,1,6,1,11,3,-1,-1,-1,3,1,3
2017134941463,2,9,0,7,0,6,0,0,0,0,1,1,6,1,-1,-1,-1,-1,-1,-1,-1,-1
2017134941531,1,19,0,18,0,0,0,0,0,0,4,1,2,1,32,6,-1,-1,-1,4,1,4
2017134941820,1,9,0,18,0,4,0,0,0,0,1,1,2,2,31,6,1198,1,1,3,1,3
2017134941820,2,9,0,9,0,3,0,0,0,0,3,1,6,2,28,6,1360,1,13,1,1,1
2017134941820,3,9,0,2,0,1,0,0,0,0,3,1,6,1,48,8,1995,2,10,6,2,6
2017134950245,1,9,0,14,0,8,0,0,0,0,1,1,6,1,31,6,1600,1,13,2,1,2
2017134950245,2,9,0,9,0,5,0,0,0,0,4,1,6,1,88,11,1364,1,9,1,1,1
2017134950301,1,19,0,18,0,0,1,0,0,0,2,1,1,1,28,6,2999,2,-1,2,1,2
2017134950301,2,5,0,18,0,0,1,0,0,0,1,1,6,1,52,8,599,1,14,10,1,10
2017134950348,1,9,0,5,0,0,0,0,0,0,1,1,2,1,34,6,1399,1,-1,6,1,6
2017134950348,2,1,0,18,0,0,0,0,0,0,1,1,2,2,32,6,-1,-1,-1,-1,-1,-1
2017134951103,1,9,0,18,0,0,5,0,4,6,1,1,1,1,30,6,2198,2,4,1,1,1
2017134951103,2,9,0,18,0,0,0,0,0,0,3,1,6,1,27,6,1248,2,5,6,2,6
2017134951106,1,1,0,18,0,1,0,0,0,0,1,1,6,1,8,2,-1,-1,-1,5,1,5
2017134951106,2,19,0,18,0,1,0,0,0,0,3,1,1,1,43,7,2198,2,4,8,1,8
2017134951280,1,9,0,3,0,1,0,0,0,0,2,1,6,1,56,9,1796,1,14,3,1,3
2017134951280,2,9,0,4,0,1,0,0,0,0,1,1,6,1,23,5,1364,2,5,3,1,3
2017134951420,1,9,0,18,0,0,0,0,0,0,4,1,6,2,46,8,1598,1,1,1,1,1
2017134951752,1,9,0,7,0,6,0,0,0,0,1,1,6,1,45,7,1598,1,10,5,1,5
2017134951752,2,1,0,18,4,8,0,0,0,0,4,1,6,1,22,5,-1,-1,-1,7,1,7
2017134951874,1,9,0,18,0,1,0,0,1,0,1,1,6,1,31,6,1596,1,14,1,1,1
2017134952010,1,9,0,18,0,8,1,10,7,2,1,1,6,2,22,5,1364,2,10,5,1,5
2017134952010,2,9,0,2,6,2,0,0,0,0,4,1,6,3,-1,-1,-1,-1,-1,-1,-1,-1
2017134952010,3,9,0,2,6,2,0,0,0,0,4,1,6,3,-1,-1,-1,-1,-1,-1,-1,-1
2017134960452,1,9,0,18,0,1,0,0,0,0,1,1,6,3,-1,-1,-1,-1,-1,-1,-1,-1
2017134960452,2,9,0,3,0,1,0,0,0,0,2,1,6,1,26,6,1364,1,1,5,1,5
2017134960703,1,9,0,18,0,8,0,10,0,0,1,1,2,1,26,6,1198,1,4,5,1,5
2017134960703,2,9,0,3,0,1,0,0,0,0,1,1,6,2,43,7,1596,1,10,7,1,7
2017134960855,1,8,0,18,0,0,0,0,0,0,3,1,1,1,28,6,1798,1,7,1,1,1
2017134961066,1,9,0,9,0,8,0,0,0,0,3,1,6,3,-1,-1,1984,1,-1,-1,-1,-1
2017134961066,2,9,0,18,0,8,0,0,0,0,1,1,1,1,42,7,1753,2,15,7,1,7
2017134961066,3,9,0,18,0,1,0,0,0,0,0,1,1,1,-1,-1,2993,2,2,1,1,1
2017134961321,1,9,0,7,0,5,0,0,0,0,1,1,6,1,37,7,1968,2,6,4,1,4
2017134961321,2,9,0,18,0,6,0,0,0,0,1,1,2,1,28,6,1995,2,8,5,1,5
2017134961497,1,9,0,9,0,6,0,0,0,0,1,1,2,1,54,8,1968,2,2,4,1,4
2017134961497,2,1,0,18,0,8,5,0,0,0,4,1,2,1,41,7,-1,-1,-1,8,3,8
2017134961704,1,9,0,18,0,0,0,0,0,0,1,1,6,1,19,4,1900,2,13,1,1,1
2017134961704,2,9,0,18,0,0,0,0,0,0,2,1,6,2,23,5,1296,1,11,1,1,1
2017134961732,1,9,0,18,0,0,0,0,0,0,1,1,6,1,-1,-1,-1,-1,-1,-1,-1,-1
2017134961732,2,1,0,18,0,0,2,0,0,0,1,1,6,1,18,4,-1,-1,-1,6,1,6
2017134961846,1,9,0,18,0,6,0,0,0,0,1,1,6,3,-1,-1,1995,1,9,-1,-1,-1
2017134961846,2,8,0,18,0,8,0,0,1,11,4,1,1,1,45,7,1685,2,1,1,1,1
2017134961846,3,8,0,2,0,8,0,0,0,0,4,1,1,1,32,6,1998,2,5,-1,-1,-1
2017134970132,1,9,0,5,0,0,0,0,0,0,4,1,6,3,-1,-1,-1,-1,-1,-1,-1,-1
2017134970265,1,9,0,4,0,0,0,0,0,0,2,1,2,2,61,9,1598,2,2,-1,-1,-1
2017134970265,2,9,0,18,0,0,0,0,0,0,1,1,2,2,44,7,1968,2,3,7,1,7
2017134970265,3,9,0,18,0,0,0,0,0,0,1,1,2,2,-1,-1,1998,1,2,3,1,3
2017134970278,1,9,0,9,0,6,0,0,0,0,0,1,6,3,-1,-1,-1,-1,-1,-1,-1,-1
2017134970278,2,9,0,9,0,5,0,0,0,0,1,1,6,2,36,7,1596,1,10,1,1,1
2017134970278,3,9,0,18,0,8,0,0,0,0,1,1,6,2,38,7,1197,1,-1,5,1,5
2017134970421,1,9,0,7,0,5,0,0,0,0,0,1,2,2,26,6,2143,2,3,2,1,2
2017134970421,2,1,0,18,9,8,0,0,0,0,0,1,6,2,53,8,-1,-1,-1,7,1,7
2017134970625,1,9,0,18,0,8,0,0,0,0,3,1,6,2,51,8,-1,-1,-1,1,1,1
2017134970625,2,20,0,18,0,8,0,0,0,0,3,1,1,1,51,8,4580,2,2,-1,-1,-1
2017134970691,1,9,0,18,0,0,5,4,0,0,2,1,6,2,24,5,1198,1,10,5,1,5
2017134970691,2,9,0,2,0,0,0,0,0,0,1,1,6,3,-1,-1,1968,2,1,5,1,5
2017134970715,1,21,1,18,0,0,0,0,0,0,0,1,1,1,-1,-1,16400,2,3,-1,-1,-1
2017134970783,1,9,0,4,0,0,0,0,0,0,3,1,2,1,49,8,2401,2,12,8,1,8
2017134970783,2,3,0,18,0,0,0,0,0,0,1,1,6,1,23,5,125,1,9,1,1,1
2017134970914,1,9,0,18,0,1,0,0,0,0,1,1,6,2,31,6,1299,1,17,1,1,1
2017134970914,2,3,0,18,0,6,0,0,0,0,1,1,6,1,21,5,-1,-1,-1,1,1,1
2017134970971,1,3,0,18,0,0,2,0,4,0,0,1,6,1,20,4,125,1,4,7,1,7
2017134980253,1,9,0,18,0,0,1,0,2,7,1,1,6,2,23,5,1598,1,7,1,1,1
2017134980264,1,9,0,18,0,8,0,0,0,0,4,1,2,1,30,6,1598,1,13,2,1,2
2017134980264,2,9,0,18,0,8,0,0,0,0,1,1,2,2,45,7,1198,1,7,1,1,1
2017134980265,1,9,0,18,0,4,0,0,0,0,1,1,6,1,39,7,2996,1,12,7,1,7
2017134980265,2,9,0,18,0,4,0,0,0,0,1,1,6,2,53,8,-1,-1,-1,6,3,6
2017134980285,1,9,0,12,0,0,1,0,5,6,1,1,6,2,28,6,1349,1,7,9,1,9
2017134980285,2,9,0,18,0,0,1,0,5,6,3,1,6,1,27,6,1560,2,3,5,1,5
2017134980309,1,9,0,9,0,4,0,0,0,0,1,1,1,1,27,6,1560,2,4,5,1,5
2017134980309,2,5,0,18,0,1,0,0,0,0,1,1,2,1,29,6,675,1,9,6,1,6