Accident_Index,Vehicle_Reference,Vehicle_Type,Towing_and_Articulation,Vehicle_Manoeuvre,Vehicle_Location-Restricted_Lane,Junction_Location,Skidding_and_Overturning,Hit_Object_in_Carriageway,Vehicle_Leaving_Carriageway,Hit_Object_off_Carriageway,1st_Point_of_Impact,Was_Vehicle_Left_Hand_Drive?,Journey_Purpose_of_Driver,Sex_of_Driver,Age_of_Driver,Age_Band_of_Driver,Engine_Capacity_(CC),Propulsion_Code,Age_of_Vehicle,Driver_IMD_Decile,Driver_Home_Area_Type,Vehicle_IMD_Decile
20171349I1720,1,9,0,18,0,0,0,0,0,0,1,1,6,2,42,7,998,1,9,1,1,1
20171349I1720,2,1,0,18,0,0,0,0,0,0,1,1,6,1,32,6,-1,-1,-1,3,1,3
20171349I1762,1,9,0,18,0,0,0,0,0,0,0,1,6,3,26,6,1598,1,11,-1,-1,-1
20171349I1762,2,9,0,18,0,0,0,0,0,0,2,1,6,1,27,6,998,1,2,1,1,1
20171349I1762,3,9,0,18,0,0,0,0,0,0,1,1,6,1,-1,-1,-1,-1,-1,-1,-1,-1
20171349I1778,1,9,0,18,0,0,1,0,4,6,1,1,6,2,33,6,1984,1,20,6,1,6
20171349I1898,1,9,0,4,0,1,0,0,0,0,1,1,6,2,45,7,1198,1,3,1,1,1
20171349I1898,2,1,0,4,4,1,0,0,0,0,1,1,6,1,23,5,-1,-1,-1,1,1,1
20171349J0013,1,9,0,18,0,8,1,0,7,10,1,1,6,3,-1,-1,-1,-1,-1,-1,-1,-1
20171349J0013,2,9,0,5,0,8,0,0,0,0,3,1,6,2,22,5,1497,8,-1,1,1,1
20171349J0065,1,9,0,18,0,8,0,0,0,0,4,1,6,3,-1,-1,-1,-1,-1,-1,-1,-1
20171349J0065,2,9,0,9,0,8,0,0,0,0,1,1,6,1,37,7,2204,2,10,6,1,6
20171349J0070,1,9,0,18,0,0,0,0,0,0,1,1,6,1,24,5,1364,1,10,3,1,3
20171349J0070,2,9,0,18,0,0,0,0,0,0,1,1,1,1,42,7,1896,2,7,1,1,1
20171349J0070,3,9,0,4,0,0,0,0,0,0,2,1,1,1,40,7,1560,2,1,6,1,6
20171349J0070,4,9,0,18,0,0,0,0,0,0,1,1,1,1,53,8,2993,2,3,6,1,6
20171349J0360,1,9,0,18,0,6,0,0,7,4,3,1,2,2,27,6,1689,2,13,6,1,6
20171349J0360,2,9,0,18,0,8,0,0,0,0,1,1,2,2,55,8,1242,1,1,4,1,4
20171349J0383,1,9,0,7,0,8,0,0,0,0,4,1,6,2,-1,-1,-1,-1,-1,-1,-1,-1
20171349J0383,2,1,0,18,0,8,5,0,0,0,3,1,2,1,50,8,-1,-1,-1,8,1,8
20171349J0643,1,9,0,9,0,6,0,0,0,0,1,1,6,2,80,11,1596,1,2,1,1,1
20171349J0643,2,19,0,18,0,8,0,0,0,0,3,1,1,1,24,5,2977,2,12,1,1,1
20171349J0865,1,9,0,9,0,6,0,0,0,0,1,1,6,3,-1,-1,-1,-1,-1,-1,-1,-1
20171349J0865,2,9,0,18,0,8,0,0,0,0,3,1,6,1,27,6,1329,1,2,1,1,1
20171349J1034,1,9,0,18,0,0,0,0,0,0,3,1,6,2,38,7,2204,2,12,7,1,7
20171349J1034,2,9,0,1,0,0,0,0,0,0,2,1,6,1,38,7,1986,2,10,1,1,1
20171349J1143,1,9,0,18,0,0,0,0,0,0,1,1,6,1,80,11,1498,1,-1,2,1,2
20171349J1143,2,9,0,2,0,0,0,0,0,0,3,1,6,1,64,9,1248,1,8,7,1,7
20171349J1777,1,90,0,18,0,8,0,0,1,10,1,1,6,1,25,5,686,1,11,-1,-1,-1
20171349J1777,2,9,0,9,0,8,0,0,0,0,1,1,6,1,36,7,1798,1,3,-1,-1,-1
20171349J1777,3,9,0,9,0,1,0,0,0,0,1,1,6,2,24,5,1968,2,6,-1,-1,-1
20171349J1915,1,9,0,5,0,0,0,0,0,0,4,1,6,1,41,7,1396,1,17,3,1,3
20171349J1915,2,9,0,18,0,0,0,0,0,0,3,1,6,1,17,4,1461,2,1,8,1,8
20171349K0151,1,9,0,18,0,8,0,0,0,0,1,1,6,3,-1,-1,1364,1,8,-1,-1,-1
20171349K0151,2,2,0,18,0,8,0,0,0,0,4,1,2,1,44,7,124,1,1,5,3,5
20171349K0225,1,9,0,9,0,0,0,0,0,0,3,1,2,2,55,8,1229,1,3,3,1,3
20171349K0225,2,5,0,18,0,0,0,0,0,0,1,1,2,1,38,7,988,1,13,2,1,2
20171349K0317,1,9,0,7,9,0,0,0,0,0,1,1,6,1,69,10,1686,2,3,4,1,4
20171349K0381,1,1,0,18,0,8,0,0,0,0,1,1,6,1,46,8,-1,-1,-1,8,1,8
20171349K0381,2,9,0,18,0,8,0,0,0,0,1,1,6,1,-1,-1,1598,1,13,-1,-1,-1
20171349K0502,1,9,0,18,0,8,0,0,0,0,1,1,6,1,22,5,1229,1,10,1,1,1
20171349K0502,2,9,0,18,0,8,0,0,0,0,1,1,6,1,55,8,1998,1,18,-1,-1,-1
20171349K0640,1,9,0,18,0,0,0,0,0,0,4,1,6,3,-1,-1,-1,-1,-1,-1,-1,-1
20171349K0790,1,9,0,18,0,0,0,0,0,0,4,1,6,3,-1,-1,-1,-1,-1,-1,-1,-1
20171349K0819,1,9,0,5,0,8,0,0,0,0,4,1,6,1,19,4,1242,1,9,2,1,2
20171349K0819,2,1,0,18,0,8,0,0,0,0,1,1,6,1,24,5,-1,-1,-1,2,1,2
20171349K0899,1,9,0,6,0,0,0,0,0,0,1,1,6,1,72,10,1368,1,7,9,1,9
20171349K0899,2,9,0,18,0,0,0,0,7,4,4,1,2,1,39,7,1896,2,10,1,1,1
20171349K0912,1,9,0,13,0,0,0,0,0,0,1,1,6,1,30,6,1968,2,3,1,1,1
20171349K1035,1,9,0,1,0,0,0,0,0,0,2,1,6,1,61,9,1498,1,-1,-1,-1,-1
20171349K1227,1,11,0,18,0,1,0,0,0,0,1,1,1,1,39,7,9360,2,5,9,1,9
20171349K1227,2,9,0,18,0,1,0,0,0,0,2,1,6,1,35,6,1968,2,1,-1,-1,-1
20171349K1238,1,9,0,18,0,0,0,0,0,0,4,1,6,2,62,9,1086,1,8,7,1,7
20171349K1238,2,1,0,18,0,0,0,0,0,0,3,1,6,1,60,9,-1,-1,-1,8,1,8
20171349K1257,1,9,0,10,0,1,0,0,0,0,2,1,6,1,46,8,1999,1,10,1,1,1
20171349K1257,2,9,0,18,0,1,0,0,0,0,1,1,6,1,17,4,1364,1,8,6,1,6
20171349K1264,1,9,0,18,0,8,0,0,0,0,1,1,2,1,62,9,-1,-1,-1,7,1,7
20171349K1264,2,9,0,4,0,8,0,0,0,0,2,1,6,2,30,6,1461,2,1,10,1,10
20171349K1272,1,9,0,18,0,0,0,0,0,0,1,1,1,2,60,9,1242,1,5,10,2,10
20171349K1272,2,1,0,18,0,0,0,0,0,0,1,1,6,1,16,4,-1,-1,-1,10,3,10
20171349K1464,1,9,0,18,0,0,0,0,0,0,1,1,6,3,-1,-1,998,1,15,-1,-1,-1
20171349K1464,2,3,0,18,0,0,5,0,0,0,4,1,6,1,22,5,124,1,6,4,1,4
20171349K1606,1,9,0,18,0,1,0,0,0,0,4,1,6,2,24,5,999,1,-1,4,1,4
20171349K1606,2,9,0,10,0,1,0,0,0,0,1,1,6,1,52,8,3724,1,13,8,2,8
20171349K1758,1,9,0,18,0,0,0,0,0,0,1,1,6,1,32,6,1968,2,3,1,1,1
20171349K2064,1,9,0,16,0,0,5,0,7,4,1,1,2,2,48,8,1896,2,8,1,2,1
20171349L0365,1,1,0,18,0,1,0,0,0,0,1,1,6,1,15,3,-1,-1,-1,7,1,7
20171349L0776,1,9,0,5,0,8,0,0,0,0,0,1,1,1,72,10,1364,2,2,1,1,1
20171349L0776,2,9,0,18,0,1,0,0,1,5,1,1,6,1,50,8,3456,8,8,6,1,6
20171349L0921,1,9,0,18,0,3,5,0,0,0,4,1,6,1,18,4,998,1,15,7,1,7
20171349L1011,1,4,0,18,0,0,0,0,0,0,1,1,2,1,53,8,330,1,4,-1,-1,-1
20171349L1087,1,1,0,18,0,1,0,0,0,0,1,1,6,1,47,8,-1,-1,-1,1,1,1
20171349L1087,2,19,0,18,0,1,0,0,0,0,4,1,6,1,38,7,-1,-1,-1,1,1,1
20171349L1103,1,19,0,5,0,4,0,0,0,0,4,1,1,1,52,8,2402,2,12,4,1,4
20171349L1103,2,8,0,16,0,8,0,0,0,0,3,1,1,1,41,7,1896,2,7,3,1,3
20171349L1234,1,11,0,18,0,0,0,0,0,0,1,1,1,1,47,8,5132,2,2,1,1,1
20171349L1234,2,9,0,4,0,0,0,0,0,0,2,1,1,1,37,7,1997,2,9,2,1,2
20171349L1234,3,9,0,4,0,0,0,0,0,0,4,1,6,1,66,10,1598,2,2,7,1,7
20171349L1293,1,9,0,18,0,1,0,0,0,0,4,1,6,2,45,7,1582,2,2,2,1,2
20171349L1293,2,1,0,18,0,1,0,0,0,0,1,1,6,1,12,3,-1,-1,-1,2,1,2
20171349L1435,1,9,0,18,0,0,0,0,0,0,1,1,6,1,24,5,2000,2,12,3,1,3
20171349L1435,2,9,0,6,0,0,0,0,0,0,3,1,6,2,20,4,1598,2,3,3,1,3
20171349L1615,1,9,0,6,0,0,0,0,0,0,3,1,2,1,48,8,1560,2,5,7,1,7
20171349L1615,2,9,0,18,0,0,0,0,8,1,1,1,2,1,38,7,1781,1,14,4,1,4
20171349L2100,1,4,0,13,0,0,0,0,0,0,2,1,6,1,36,7,249,1,1,-1,-1,-1
20171349L2100,2,9,0,18,0,0,0,0,0,0,1,1,6,1,26,6,1968,2,7,-1,-1,-1
20171349M0349,1,9,0,18,0,0,0,0,0,0,1,1,6,2,46,8,1896,2,10,1,1,1
20171349M0349,2,9,0,18,0,0,0,0,0,0,2,1,6,1,27,6,1896,2,13,4,1,4
20171349M0402,1,9,0,14,0,0,0,0,0,0,0,1,3,2,28,6,1197,1,-1,5,1,5
20171349M0402,2,9,0,2,0,0,0,0,0,0,0,1,6,1,59,9,2993,2,6,10,1,10
20171349M0420,1,9,0,4,0,8,0,0,0,0,1,1,6,2,46,8,1995,2,5,1,1,1
20171349M0420,2,9,0,4,0,8,0,0,0,0,2,1,6,2,48,8,1998,2,14,7,1,7
20171349M0586,1,9,0,7,0,3,0,0,0,0,1,1,6,2,46,8,1328,1,6,8,1,8
20171349M0586,2,9,0,18,0,8,0,0,1,1,4,1,6,2,29,6,1246,1,11,4,1,4
20171349M0616,1,11,0,18,0,1,0,0,0,0,0,1,1,1,35,6,9360,2,8,9,3,9
20171349M0764,1,9,0,18,0,0,0,0,0,0,1,1,6,2,46,8,1229,1,6,4,1,4
20171349M0764,2,1,0,18,0,0,0,0,0,0,1,1,6,1,49,8,-1,-1,-1,4,1,4
20171349M0793,1,9,0,10,0,0,0,0,0,0,1,1,6,2,22,5,1398,1,2,-1,-1,-1
20171349M0793,2,9,0,18,0,0,0,0,0,0,2,1,6,3,-1,-1,1598,2,5,-1,-1,-1
20171349M1107,1,9,0,9,0,6,0,0,0,0,1,1,6,1,56,9,-1,-1,-1,8,1,8
20171349M1107,2,1,0,18,0,1,0,0,0,0,1,1,6,1,51,8,-1,-1,-1,5,1,5
20171349M1195,1,9,0,18,0,8,0,0,0,0,1,1,6,2,44,7,2477,2,13,9,1,9
20171349M1195,2,9,0,18,0,8,0,0,0,0,1,1,6,2,44,7,2477,2,13,9,1,9
20171349M1260,1,9,0,15,0,0,5,0,2,11,3,1,3,2,26,6,998,1,1,5,1,5
20171349M1260,2,9,0,7,0,0,0,0,0,0,4,1,2,1,21,5,1198,1,13,3,1,3
20171349M1262,1,9,0,3,0,4,0,0,0,0,2,1,2,1,21,5,998,1,2,2,1,2
20171349M1262,2,9,0,5,0,4,0,0,0,0,1,1,6,2,48,8,1461,2,7,5,1,5
20171349M1282,1,3,0,4,0,0,1,0,0,0,0,1,1,1,25,5,-1,-1,-1,2,1,2
20171349M1319,1,9,0,11,0,0,0,0,0,0,1,1,6,1,74,10,1968,2,4,7,1,7
20171349M1319,2,11,0,18,2,0,0,0,0,0,1,1,1,1,51,8,4461,2,3,4,1,4
20171349M1335,1,9,0,18,0,0,0,0,0,0,1,1,6,2,40,7,-1,-1,-1,-1,-1,-1
20171349M1335,2,9,0,18,0,0,0,0,0,0,2,1,6,2,42,7,1968,2,-1,4,1,4
20171349M1396,1,21,0,4,0,1,0,0,0,0,1,1,6,1,-1,-1,10837,2,1,9,1,9
20171349M1396,2,9,0,3,0,1,0,0,0,0,2,1,6,2,67,10,1794,1,14,8,1,8
20171349M1396,3,9,0,3,0,1,0,0,0,0,2,1,6,2,-1,-1,-1,-1,-1,9,1,9
20171349M1445,1,9,0,18,0,0,0,0,0,0,1,1,2,2,29,6,999,1,8,-1,-1,-1
20171349M1445,2,9,0,4,0,0,0,0,0,0,2,1,6,1,37,7,1998,1,1,6,1,6
20171349M1445,3,9,0,4,0,0,0,0,0,0,2,1,6,2,51,8,999,1,2,6,1,6
20171349M1489,1,19,0,18,0,8,0,0,0,0,1,1,6,1,52,8,1461,2,4,2,1,2
20171349M1646,1,9,0,18,0,4,0,0,0,0,3,1,6,2,42,7,998,1,5,7,1,7
20171349M1646,2,9,0,9,0,3,0,0,0,0,4,1,6,1,21,5,1596,1,1,2,2,2
20171349M1648,1,9,0,4,0,0,0,0,0,0,1,1,6,2,-1,-1,-1,-1,-1,-1,-1,-1
20171349M1757,1,9,0,18,0,4,0,0,0,0,1,1,6,2,23,5,998,1,7,3,1,3
20171349M1757,2,9,0,18,0,8,0,0,0,0,4,1,6,1,26,6,1598,2,-1,4,1,4
20171349M1820,1,19,0,5,0,6,0,0,0,0,0,1,6,3,-1,-1,-1,-1,-1,-1,-1,-1
20171349M1820,2,11,0,18,0,1,0,0,0,0,0,1,1,1,21,5,6692,2,5,6,1,6
20171349M1896,1,9,0,5,0,6,0,0,0,0,1,1,6,1,35,6,1796,1,9,6,1,6
20171349M1896,2,1,0,18,0,8,0,0,0,0,4,1,6,1,27,6,-1,-1,-1,1,1,1
20171349M2055,1,8,0,7,0,8,0,0,0,0,1,1,1,1,44,7,1598,2,8,-1,-1,-1
20171349M2233,1,9,0,16,0,0,0,0,0,0,1,1,6,1,24,5,1299,1,12,1,1,1
20171349M2233,2,9,0,18,0,0,0,0,0,0,1,1,2,2,51,8,1560,2,12,1,1,1
20171349M2259,1,9,0,4,0,8,0,0,0,0,1,1,6,1,23,5,1290,1,13,1,1,1
20171349M2259,2,9,0,4,0,8,0,0,0,0,2,1,6,2,33,6,1364,1,8,8,1,8
20171349N0094,1,8,0,18,0,0,0,0,0,0,1,1,1,1,37,7,1896,2,7,1,1,1
20171349N0094,2,9,0,18,0,0,0,0,0,0,2,1,6,1,18,4,999,1,2,8,3,8
20171349N0566,1,9,0,7,0,8,0,0,0,0,1,1,6,1,40,7,2497,2,12,2,1,2
20171349N0566,2,9,0,18,0,8,2,0,0,0,4,1,6,1,51,8,1968,2,2,8,1,8
20171349N0694,1,9,0,18,0,0,0,0,0,0,1,1,6,1,43,7,1461,2,6,-1,-1,-1
20171349N0694,2,9,0,7,0,0,0,0,0,0,4,1,6,1,40,7,4999,1,-1,6,1,6
20171349N0870,1,9,0,5,0,1,0,0,0,0,1,1,6,1,57,9,1753,2,15,-1,-1,-1
20171349N0870,2,9,0,3,0,1,0,0,0,0,2,1,6,2,44,7,1248,2,3,5,2,5
20171349N1367,1,11,0,8,0,8,0,0,0,0,4,1,1,1,42,7,5132,2,2,1,1,1
20171349N1951,1,3,0,18,0,0,2,0,0,0,2,1,6,3,-1,-1,125,1,3,-1,-1,-1
20171349N1951,2,9,0,2,0,0,0,0,0,0,2,1,6,2,-1,-1,1242,1,2,1,1,1
20171349N1951,3,19,0,2,0,0,0,0,0,0,2,1,6,1,-1,-1,1968,2,-1,1,1,1
20171349N2271,1,9,0,18,0,4,0,0,0,0,1,1,6,1,17,4,1296,1,11,1,1,1
20171349N2271,2,9,0,18,0,4,0,0,0,0,4,1,6,1,28,6,1968,2,9,1,1,1
20171349O0674,1,8,0,18,0,0,0,0,0,0,4,2,6,3,-1,-1,-1,-1,-1,-1,-1,-1
20171349O0778,1,5,0,18,0,8,2,0,0,0,1,1,6,1,54,8,1157,1,16,1,1,1
20171349O0778,2,9,0,9,0,5,0,0,0,0,2,1,6,1,48,8,1968,2,4,1,1,1
20171349O0892,1,9,0,4,0,0,0,0,0,0,2,1,6,1,-1,-1,-1,-1,-1,-1,-1,-1
20171349O0892,2,5,0,18,0,0,0,0,0,0,1,1,6,1,54,8,1170,1,10,4,1,4
20171349O1029,1,9,0,7,0,5,0,0,0,0,4,1,6,3,-1,-1,-1,-1,-1,-1,-1,-1
20171349O1029,2,1,0,18,0,1,5,0,0,0,1,1,6,1,52,8,-1,-1,-1,3,1,3
20171349O1245,1,9,0,5,0,2,0,0,0,0,4,1,6,2,43,7,1397,1,8,8,3,8
20171349O1245,2,9,0,18,0,1,0,0,0,0,1,1,6,1,66,10,1560,2,10,7,3,7
20171349O1350,1,9,0,1,0,8,0,0,0,0,2,1,6,2,41,7,-1,-1,-1,9,3,9
20171349O1350,2,9,0,6,0,6,0,0,0,0,3,1,6,2,49,8,998,1,3,7,1,7
20171349O1491,1,1,0,18,0,7,2,0,0,0,1,1,6,1,8,2,-1,-1,-1,4,1,4
20171349O1491,2,8,0,18,0,8,0,0,0,0,4,1,1,1,55,8,1968,2,6,2,1,2
20171349O1519,1,9,0,9,0,1,0,0,0,0,3,1,6,1,68,10,1598,1,2,7,1,7
20171349O1519,2,9,0,18,0,1,0,0,0,0,1,1,6,1,25,5,1995,1,10,1,1,1
20171349O2131,1,9,0,18,0,0,5,0,0,0,1,1,6,2,30,6,1242,1,3,10,1,10
20171349O2131,2,9,0,2,0,0,0,0,0,0,1,1,6,3,-1,-1,2143,2,1,-1,-1,-1
20171349O2174,1,9,0,18,0,8,0,0,0,0,4,1,6,1,20,4,1596,1,12,1,1,1
20171349O2174,2,9,0,18,0,8,0,0,0,0,1,1,6,2,43,7,1598,1,13,3,1,3
20171349P0035,1,3,0,18,0,0,0,0,1,2,1,1,6,1,27,6,125,1,1,1,1,1
20171349P0202,1,9,0,17,0,0,0,0,1,4,1,1,2,1,32,6,1596,1,-1,10,1,10
20171349P0261,1,9,0,7,0,6,0,0,0,0,3,1,6,1,30,6,1598,2,2,7,1,7
20171349P0261,2,8,0,18,0,8,0,0,0,0,1,1,6,1,35,6,2143,2,3,1,1,1
20171349P0387,1,9,0,11,0,8,0,0,0,0,4,1,2,1,24,5,1395,1,2,1,1,1
20171349P0387,2,21,1,12,0,8,0,0,0,0,3,1,1,1,30,6,-1,-1,-1,-1,-1,-1
20171349P0409,1,9,0,9,0,5,0,0,0,0,1,1,6,2,31,6,1896,2,10,4,1,4
20171349P0409,2,9,0,18,0,1,0,0,0,0,4,1,6,1,26,6,1242,1,12,9,1,9
20171349P0426,1,9,0,17,0,0,1,0,0,0,1,1,6,2,32,6,1149,1,14,8,1,8
20171349P0426,2,9,0,16,0,0,0,0,0,0,1,1,6,1,43,7,-1,-1,-1,2,1,2
20171349P0464,1,9,0,4,0,0,0,0,0,0,1,1,2,2,18,4,899,1,2,7,2,7
20171349P0464,2,9,0,18,0,0,0,0,0,0,2,1,2,1,23,5,1368,1,3,2,1,2
20171349P0681,1,19,0,4,0,0,0,0,0,0,2,1,1,1,20,4,1248,2,10,3,1,3
20171349P0681,2,9,0,18,0,0,0,0,0,0,1,1,6,3,-1,-1,1600,2,8,-1,-1,-1
20171349P1472,1,9,4,18,0,0,0,0,0,0,3,1,1,1,58,9,-1,-1,-1,8,3,8
20171349P1472,2,9,0,18,0,0,0,0,2,11,3,1,2,2,52,8,1598,2,6,6,3,6
20171349P1717,1,1,0,18,0,2,0,0,0,0,3,1,6,1,13,3,-1,-1,-1,5,1,5
20171349P1717,2,8,0,18,0,2,0,0,0,0,1,1,1,1,26,6,-1,-1,-1,2,1,2
20171349P1720,1,19,0,18,0,0,0,0,0,0,3,1,1,1,41,7,1997,2,1,2,1,2
20171349P2041,1,9,0,18,0,0,1,0,1,11,1,1,6,1,22,5,1587,1,13,2,1,2
20171349Q0296,1,9,0,15,0,0,0,0,0,0,4,1,6,2,19,4,998,1,4,9,1,9
20171349Q0296,2,1,0,12,0,0,0,0,0,0,3,1,2,1,51,8,-1,-1,-1,8,1,8
20171349Q0319,1,9,0,9,9,8,0,0,0,0,0,1,6,2,32,6,1199,2,6,9,1,9
20171349Q0319,2,1,0,18,2,8,2,0,0,0,0,1,6,2,26,6,-1,-1,-1,7,1,7
20171349Q0410,1,8,0,18,0,0,0,0,0,0,1,1,6,3,-1,-1,-1,-1,-1,-1,-1,-1
20171349Q0410,2,1,0,18,0,0,5,0,0,0,2,1,6,1,13,3,-1,-1,-1,2,1,2
20171349Q0817,1,9,0,13,0,1,0,10,0,0,1,1,6,3,-1,-1,1896,2,14,-1,-1,-1
20171349Q0817,2,9,0,9,0,5,0,0,0,0,3,1,6,1,41,7,2401,2,14,1,1,1
20171349Q0817,3,9,0,2,0,1,0,0,0,0,4,1,6,3,-1,-1,1896,2,8,-1,-1,-1
20171349Q0817,4,9,0,18,0,1,0,0,0,0,2,1,6,1,63,9,1968,2,1,7,1,7
20171349Q0969,1,9,0,18,0,0,0,0,0,0,4,1,6,1,41,7,-1,-1,-1,1,1,1
20171349Q1105,1,9,0,3,0,1,0,0,0,0,3,1,3,2,32,6,1149,1,9,1,1,1
20171349Q1151,1,9,0,4,0,8,0,0,0,0,1,1,6,1,91,11,1229,1,8,8,1,8
20171349Q1151,2,9,0,3,0,8,0,0,0,0,2,1,1,1,42,7,-1,-1,-1,3,1,3
20171349Q1247,1,9,0,18,0,0,0,0,0,0,1,1,6,2,22,5,973,1,14,3,1,3
20171349Q1247,2,9,0,18,0,0,0,0,0,0,2,1,6,2,29,6,1796,1,9,1,2,1
20171349Q1254,1,1,0,18,0,0,0,0,0,0,1,1,6,1,17,4,-1,-1,-1,-1,-1,-1
20171349Q1254,2,9,0,18,0,0,0,0,0,0,0,1,6,1,54,8,1229,1,4,-1,-1,-1
20171349Q1627,1,9,0,18,0,0,0,0,0,0,4,1,6,1,47,8,1896,2,15,4,1,4
20171349Q1756,1,9,0,18,0,0,0,0,0,0,1,1,6,3,-1,-1,-1,-1,-1,-1,-1,-1
20171349Q1756,2,9,0,3,0,0,0,0,0,0,2,1,6,2,26,6,1242,1,5,2,1,2
20171349R0339,1,9,0,5,0,6,0,0,0,0,3,1,6,2,24,5,1198,1,5,8,1,8
20171349R0339,2,1,0,18,0,1,0,0,0,0,1,1,6,1,42,7,-1,-1,-1,10,1,10
20171349R0697,1,1,0,18,5,1,0,0,0,0,0,1,6,1,65,9,-1,-1,-1,1,1,1
20171349R0697,2,9,0,5,0,6,0,0,0,0,0,1,6,1,22,5,1199,1,13,1,1,1
20171349R0971,1,9,0,18,0,6,0,0,1,0,4,1,6,2,67,10,1390,1,5,3,2,3
20171349R0971,2,21,0,18,0,1,0,0,0,0,1,1,1,1,29,6,4500,2,3,7,1,7
20171349R1110,1,9,0,18,0,1,1,0,1,0,1,1,6,2,76,11,1596,1,2,10,1,10
20171349R1110,2,9,0,10,0,1,1,0,7,0,2,1,6,2,45,7,1598,1,4,8,1,8
20171349R1273,1,9,0,9,0,1,0,0,0,0,1,1,6,1,74,10,2198,1,11,3,1,3
20171349R1273,2,1,0,18,0,1,0,0,0,0,1,1,6,1,39,7,-1,-1,-1,9,1,9
20171349R1694,1,9,0,9,0,8,0,0,0,0,4,1,6,1,59,9,1998,1,13,6,1,6
20171349R1694,2,3,0,18,0,8,0,0,0,0,1,1,6,1,23,5,125,1,5,4,2,4
20171349R1744,1,9,0,16,0,0,2,0,7,4,3,1,2,1,18,4,1242,1,7,8,3,8
20171349R1994,1,9,0,18,0,0,5,0,1,9,4,1,6,1,53,8,3123,1,10,-1,1,-1
20171349S0191,1,9,0,6,0,8,0,0,0,0,3,1,1,2,53,8,1339,1,14,3,1,3
20171349S0191,2,9,0,18,0,8,0,0,0,0,1,1,1,1,31,6,2987,2,9,1,1,1
20171349S0313,1,9,0,9,0,5,0,0,0,0,1,1,6,1,27,6,1598,1,11,5,1,5
20171349S0313,2,1,0,18,0,1,0,0,0,0,3,1,2,1,43,7,-1,-1,-1,3,1,3
20171349S0322,1,9,0,18,0,8,0,0,0,0,1,1,6,1,20,4,1995,2,6,6,1,6
20171349S0322,2,9,0,18,0,8,0,0,0,0,1,1,6,1,46,8,-1,-1,-1,6,1,6
20171349S0322,3,9,0,2,0,8,0,0,0,0,2,1,6,2,29,6,1598,1,14,1,1,1
20171349S0357,1,5,0,18,0,0,0,0,0,0,1,1,6,1,24,5,1299,1,13,1,1,1
20171349S0357,2,9,0,6,0,0,0,0,0,0,3,1,6,1,19,4,1197,1,3,8,1,8
20171349S0445,1,19,0,18,0,8,0,0,0,0,1,1,6,1,-1,-1,-1,-1,-1,-1,-1,-1
20171349S0445,2,1,0,18,0,8,0,0,0,0,2,1,6,1,13,3,-1,-1,-1,2,1,2
20171349S0509,1,9,0,18,0,8,0,0,0,11,1,1,6,1,72,10,1590,1,14,1,1,1
20171349S0509,2,9,0,18,0,8,0,0,0,0,2,1,6,1,31,6,1598,2,4,1,1,1
20171349S0540,1,11,0,5,0,0,0,0,0,0,0,1,1,1,57,9,7300,2,9,9,1,9
20171349S0551,1,9,0,4,0,0,0,0,0,0,1,1,6,2,-1,-1,1995,1,7,9,1,9
20171349S0551,2,9,0,4,0,0,0,0,0,0,2,1,6,2,29,6,1598,2,-1,4,1,4
20171349S0685,1,9,0,3,0,0,0,0,0,0,2,1,6,1,32,6,2495,2,21,-1,-1,-1
20171349S0685,2,9,0,3,0,0,0,0,0,0,2,1,6,1,70,10,-1,-1,-1,1,1,1
20171349S0685,3,9,0,18,0,0,0,0,0,0,1,1,6,2,19,4,1598,1,3,3,3,3
20171349S0906,1,9,0,18,0,0,0,0,0,0,4,1,6,2,21,5,1229,1,5,3,1,3
20171349S1093,1,9,0,1,0,0,0,0,0,0,2,1,6,1,35,6,1596,1,14,1,1,1
20171349S1326,1,9,0,9,0,8,0,0,0,0,1,1,6,1,34,6,-1,-1,-1,4,1,4
20171349S1326,2,9,0,18,0,1,0,0,0,0,3,1,6,2,35,6,2685,2,12,3,1,3
20171349S1326,3,9,0,18,0,1,0,0,0,0,1,1,6,1,61,9,1560,2,7,6,1,6
20171349S1466,1,9,0,18,0,0,0,0,0,0,1,1,6,2,34,6,1360,1,11,1,1,1
20171349S1597,1,9,0,9,0,8,0,0,0,0,1,1,6,3,-1,-1,-1,-1,-1,-1,-1,-1
20171349S1597,2,1,0,18,0,8,0,0,0,0,2,1,6,1,19,4,-1,-1,-1,5,1,5
20171349S1979,1,9,0,18,0,1,0,0,0,0,1,1,6,3,-1,-1,-1,-1,-1,-1,-1,-1
20171349S1979,2,9,0,18,0,1,0,0,0,0,1,1,6,1,36,7,1997,2,7,5,1,5
20171349T0400,1,9,0,18,0,0,0,0,0,0,1,1,3,2,26,6,1368,1,8,5,1,5
20171349T0400,2,9,0,4,0,0,0,0,0,0,2,1,3,1,53,8,1149,1,1,7,1,7
20171349T0423,1,9,0,9,4,5,0,0,0,0,4,1,6,2,35,6,1349,1,7,2,1,2
20171349T0423,2,1,0,18,4,1,0,0,0,0,1,1,6,1,18,4,-1,-1,-1,9,1,9
20171349T0551,1,19,0,9,0,1,2,0,0,0,2,1,6,1,61,9,1998,2,14,7,1,7
20171349T0551,2,3,0,18,0,8,1,0,0,0,1,1,6,1,23,5,124,1,6,1,1,1
20171349T0607,1,9,0,6,0,0,0,0,0,0,3,1,6,1,75,10,1198,1,12,7,1,7
20171349T0607,2,9,0,18,0,0,0,0,7,1,4,1,6,2,21,5,1900,2,12,3,1,3
20171349T0780,1,9,0,5,0,6,0,0,0,0,3,1,6,1,64,9,-1,-1,-1,1,1,1
20171349T0780,2,9,0,18,0,8,0,0,0,0,1,1,6,1,61,9,1995,2,6,3,1,3
20171349T0884,1,11,0,18,0,0,0,0,0,0,4,1,6,3,-1,-1,-1,-1,-1,-1,-1,-1
20171349T0927,1,1,0,9,0,6,2,0,0,0,1,1,6,1,60,9,-1,-1,-1,9,1,9