Accident_Index,Vehicle_Reference,Vehicle_Type,Towing_and_Articulation,Vehicle_Manoeuvre,Vehicle_Location-Restricted_Lane,Junction_Location,Skidding_and_Overturning,Hit_Object_in_Carriageway,Vehicle_Leaving_Carriageway,Hit_Object_off_Carriageway,1st_Point_of_Impact,Was_Vehicle_Left_Hand_Drive?,Journey_Purpose_of_Driver,Sex_of_Driver,Age_of_Driver,Age_Band_of_Driver,Engine_Capacity_(CC),Propulsion_Code,Age_of_Vehicle,Driver_IMD_Decile,Driver_Home_Area_Type,Vehicle_IMD_Decile
20171349T0927,2,9,0,9,0,6,0,0,0,0,1,1,6,1,59,9,1248,2,5,7,1,7
20171349T0970,1,9,0,18,0,0,0,0,0,0,0,1,6,1,37,7,1398,2,5,-1,-1,-1
20171349T1063,1,9,0,7,0,1,0,0,0,0,4,1,6,1,46,8,1149,1,14,3,1,3
20171349T1063,2,1,0,18,5,1,0,0,0,0,1,1,6,1,25,5,-1,-1,-1,5,1,5
20171349T1108,1,9,0,9,0,5,0,0,0,0,0,1,1,1,60,9,1896,2,9,-1,-1,-1
20171349T1315,1,9,0,4,0,0,0,0,0,0,4,1,6,2,29,6,1995,2,2,1,1,1
20171349T1315,2,1,0,18,0,0,0,0,0,0,1,1,6,1,11,3,-1,-1,-1,-1,-1,-1
20171349T1492,1,9,0,5,0,0,0,0,0,0,1,1,6,1,-1,-1,1753,2,11,7,1,7
20171349T1492,2,4,0,18,0,0,0,0,0,0,1,1,6,1,64,9,647,1,16,7,1,7
20171349T1639,1,3,0,18,0,0,2,10,1,11,1,1,2,1,17,4,125,1,-1,5,1,5
20171349U0176,1,9,0,18,0,0,1,0,7,11,1,1,6,1,25,5,1248,2,10,3,1,3
20171349U0210,1,8,0,18,0,0,0,0,0,0,1,1,1,1,27,6,1968,2,5,7,1,7
20171349U0426,1,9,0,18,0,0,0,0,0,0,1,1,2,2,31,6,1296,1,10,1,1,1
20171349U0426,2,9,0,2,0,0,0,0,0,0,2,1,6,3,-1,-1,996,1,4,-1,-1,-1
20171349U0426,3,9,0,2,0,0,0,0,0,0,2,1,6,3,-1,-1,1368,1,8,-1,-1,-1
20171349U0661,1,9,0,2,0,0,0,0,1,0,2,1,6,2,37,7,1598,2,6,2,1,2
20171349U0661,2,19,0,18,0,0,0,0,0,0,1,1,1,1,35,6,2143,2,1,1,1,1
20171349U0739,1,9,0,18,0,0,0,0,0,0,1,1,6,1,27,6,1686,2,12,5,1,5
20171349U0739,2,9,0,18,0,0,0,0,0,0,1,1,6,2,47,8,1951,2,13,1,1,1
20171349U0739,3,9,0,2,0,0,0,0,0,0,3,1,6,1,48,8,1998,1,-1,9,1,9
20171349U0815,1,9,0,18,0,1,0,0,0,0,1,1,6,2,19,4,1598,1,7,10,2,10
20171349U0815,2,9,0,18,0,1,0,0,0,0,2,1,6,1,23,5,998,1,11,4,1,4
20171349U0835,1,9,0,4,0,0,0,0,0,0,0,1,6,1,31,6,1560,2,-1,1,3,1
20171349U0835,2,9,0,18,0,0,0,0,0,0,2,1,6,2,50,8,2494,8,-1,5,1,5
20171349U0835,3,9,0,18,0,0,0,0,0,0,2,1,6,2,63,9,998,1,-1,6,3,6
20171349U0835,4,9,0,18,0,0,0,0,0,0,1,1,6,1,27,6,1612,1,4,-1,-1,-1
20171349U0919,1,9,0,18,0,4,0,9,0,0,1,1,6,1,23,5,1496,2,1,1,1,1
20171349U0919,2,9,0,18,0,4,0,9,0,0,3,1,6,1,72,10,1397,1,16,2,1,2
20171349U1065,1,21,0,17,0,8,0,0,0,0,3,1,1,1,39,7,9290,2,6,4,1,4
20171349U1065,2,11,0,17,0,8,0,0,0,0,3,1,1,1,63,9,7300,2,11,1,1,1
20171349U1092,1,9,0,18,0,4,0,0,0,0,1,1,6,2,39,7,1124,1,8,5,1,5
20171349U1092,2,9,0,9,0,8,0,0,0,0,4,1,6,2,26,6,1229,1,10,2,1,2
20171349U1119,1,5,0,13,0,0,0,0,0,0,0,1,6,1,44,7,1157,1,17,2,1,2
20171349U1217,1,9,0,18,0,1,0,0,0,0,4,1,1,1,52,8,1995,2,3,1,2,1
20171349U1240,1,9,0,18,0,8,0,0,0,0,4,1,6,2,71,10,1900,2,11,3,1,3
20171349U1240,2,9,0,18,0,8,0,0,0,0,3,1,6,1,19,4,1398,1,11,1,1,1
20171349U1440,1,9,0,18,0,0,0,0,0,0,1,1,6,2,36,7,1461,2,7,1,1,1
20171349U1540,1,19,0,14,0,0,0,0,0,0,4,1,1,1,28,6,1995,2,-1,1,1,1
20171349U1616,1,9,0,1,0,0,0,0,0,0,2,1,6,1,36,7,1753,2,16,1,1,1
20171349U1807,1,9,0,4,0,1,0,0,0,0,2,1,6,1,33,6,1598,1,13,2,1,2
20171349U1807,2,9,0,18,0,1,1,0,0,0,1,1,6,1,28,6,1896,2,11,1,1,1
2017134A10155,1,9,0,18,0,1,0,0,0,0,1,1,6,1,30,6,998,1,15,1,1,1
2017134A10697,1,8,0,18,0,0,0,0,0,0,1,1,1,1,33,6,1798,8,5,4,1,4
2017134A10697,2,9,0,18,0,0,0,0,0,0,2,1,6,1,22,5,1896,2,10,2,1,2
2017134A10834,1,9,0,17,0,8,0,0,0,0,1,1,6,2,49,8,1598,2,5,1,1,1
2017134A10834,2,9,0,17,0,8,0,0,0,0,2,1,6,2,61,9,1199,1,13,5,1,5
2017134A11275,1,9,0,11,0,0,0,0,0,0,4,1,6,2,-1,-1,1298,1,17,5,2,5
2017134A11275,2,9,0,18,0,0,0,0,0,0,3,1,6,1,40,7,1968,2,7,1,1,1
2017134A11372,1,9,0,18,0,0,0,0,0,0,3,1,6,2,44,7,1968,2,1,8,1,8
2017134A11598,1,9,0,18,0,8,0,0,0,1,4,1,6,2,47,8,1364,1,11,7,1,7
2017134A11598,2,9,0,18,0,2,0,0,0,0,1,1,6,2,75,10,1339,1,8,10,2,10
2017134A11674,1,19,0,1,0,0,0,0,0,0,2,1,6,1,28,6,1968,2,1,3,1,3
2017134A11874,1,2,0,18,9,0,0,0,0,0,1,1,6,1,-1,-1,-1,-1,-1,-1,-1,-1
2017134A12045,1,9,0,18,0,1,0,0,0,0,1,1,6,1,58,9,1398,1,11,-1,-1,-1
2017134A12045,2,9,0,5,0,6,0,0,0,0,4,1,6,1,53,8,1598,2,6,1,1,1
2017134A12049,1,9,0,18,0,0,0,0,0,0,3,1,6,1,41,7,1686,2,7,9,1,9
2017134A12069,1,1,0,18,9,0,0,4,0,0,1,1,2,1,50,8,-1,-1,-1,-1,-1,-1
2017134A12069,2,9,0,18,0,0,0,0,0,0,4,1,2,1,44,7,-1,-1,-1,5,1,5
2017134A12108,1,9,0,9,0,8,0,0,0,0,1,1,1,1,64,9,1584,1,10,-1,-1,-1
2017134A12149,1,9,0,14,0,0,0,0,0,0,1,1,6,1,29,6,1995,2,4,4,1,4
2017134A12149,2,9,0,2,0,0,0,0,0,0,2,1,6,1,40,7,1798,1,9,3,2,3
2017134A20243,1,9,0,9,0,1,0,0,0,0,1,1,6,1,67,10,1299,1,15,2,1,2
2017134A20243,2,1,0,18,0,1,0,0,0,0,1,1,6,2,38,7,-1,-1,-1,10,3,10
2017134A20254,1,9,0,18,0,4,1,0,1,0,0,1,1,1,45,7,-1,-1,-1,8,1,8
2017134A20254,2,19,0,5,0,8,0,0,1,1,1,1,2,2,55,8,-1,-1,-1,8,1,8
2017134A20317,1,9,0,18,0,0,0,0,0,0,4,1,6,2,31,6,1968,2,11,3,1,3
2017134A20342,1,9,0,18,0,0,0,0,0,0,1,1,6,2,33,6,1364,1,11,4,1,4
2017134A20342,2,9,0,6,0,0,0,0,0,0,3,1,6,1,-1,-1,1968,2,12,-1,-1,-1
2017134A20725,1,9,0,9,0,8,0,0,0,0,4,1,6,1,50,8,1242,1,15,7,1,7
2017134A20725,2,9,0,18,0,8,0,0,0,0,1,1,6,1,31,6,2979,1,2,7,1,7
2017134A20725,3,9,0,8,0,8,0,0,0,0,1,1,6,1,26,6,1560,2,7,2,1,2
2017134A21103,1,9,0,18,0,0,5,0,0,0,1,1,6,2,21,5,1197,1,-1,2,1,2
2017134A21103,2,9,0,2,0,0,0,0,0,0,2,1,6,1,20,4,1968,2,7,7,1,7
2017134A21391,1,9,0,5,9,0,0,0,0,0,3,1,6,2,27,6,1329,1,4,4,1,4
2017134A21391,2,1,0,18,9,0,0,0,0,0,0,1,6,1,25,5,-1,-1,-1,4,1,4
2017134A21433,1,9,0,11,0,0,0,0,0,0,1,1,6,2,28,6,1149,1,9,3,1,3
2017134A21433,2,8,0,4,0,0,0,0,0,0,2,1,6,1,42,7,1797,8,3,1,1,1
2017134A21433,3,8,0,4,0,0,0,0,0,0,2,1,6,1,52,8,1968,2,8,2,1,2
2017134A21448,1,9,0,9,0,8,0,0,0,0,1,1,6,2,78,11,996,1,7,3,1,3
2017134A21448,2,9,0,18,0,1,0,0,0,0,1,1,6,1,25,5,1396,1,18,8,1,8
2017134A21510,1,5,0,16,0,0,1,0,8,2,1,1,2,2,22,5,1050,1,7,3,1,3
2017134A21510,2,9,0,17,0,0,0,0,0,0,1,1,6,2,49,8,1598,2,5,9,1,9
2017134A21813,1,9,0,1,0,0,0,0,0,0,1,1,3,1,38,7,1598,1,12,4,1,4
2017134A21835,1,9,0,17,0,0,1,0,2,11,1,1,6,1,22,5,1242,1,11,7,1,7
2017134A22152,1,21,1,18,0,8,0,0,0,0,1,1,1,2,46,8,12740,2,1,6,1,6
2017134A22152,2,9,0,5,0,8,0,0,0,0,2,1,6,1,50,8,1329,1,5,5,1,5
2017134A30335,1,9,0,18,0,8,0,0,0,0,4,1,1,1,53,8,1560,2,6,2,1,2
2017134A30400,1,9,0,16,0,0,0,0,1,3,1,1,6,1,33,6,1360,1,11,5,2,5
2017134A30422,1,11,0,18,3,0,0,0,0,0,0,1,1,1,26,6,7300,2,13,1,1,1
2017134A30474,1,8,0,7,0,6,0,0,0,0,1,1,1,1,41,7,1598,2,5,3,1,3
2017134A30474,2,8,0,4,0,2,0,0,0,0,2,1,1,1,50,8,2148,2,6,2,1,2
2017134A30621,1,9,0,4,0,8,0,0,0,0,1,1,6,1,50,8,1991,2,7,10,1,10
2017134A30621,2,9,0,3,0,1,0,0,0,0,2,1,6,2,30,6,1560,2,1,5,1,5
2017134A30621,3,9,0,3,0,1,0,0,0,0,2,1,6,1,46,8,1896,2,10,4,1,4
2017134A30641,1,19,0,7,0,5,0,0,0,0,4,1,1,1,61,9,-1,-1,-1,6,1,6
2017134A30670,1,9,0,18,0,4,1,0,3,10,1,1,6,1,19,4,1596,1,12,1,1,1
2017134A30670,2,17,0,18,0,4,5,0,0,0,4,1,1,1,57,9,1261,2,1,5,1,5
2017134A30670,3,9,0,18,0,4,0,0,0,0,0,1,6,1,35,6,2993,2,1,-1,-1,-1
2017134A30780,1,11,0,18,0,0,0,0,0,0,4,1,1,1,48,8,9360,2,8,2,1,2
2017134A30785,1,9,0,9,0,6,0,0,0,0,3,1,6,2,68,10,-1,3,1,9,2,9
2017134A30785,2,1,0,18,0,1,0,0,0,0,1,1,2,1,22,5,-1,-1,-1,8,1,8
2017134A31405,1,9,0,9,0,1,0,0,0,0,3,1,6,2,52,8,1968,2,1,6,1,6
2017134A31405,2,9,0,18,0,1,0,0,0,0,1,1,6,1,35,6,4806,1,9,9,2,9
2017134A31422,1,4,0,9,0,6,0,0,0,0,3,1,6,1,41,7,278,1,2,6,1,6
2017134A31422,2,9,0,13,0,8,0,0,0,0,1,1,6,1,53,8,1598,2,5,2,1,2
2017134A31422,3,9,0,18,0,8,0,0,0,0,0,1,6,3,-1,-1,-1,-1,-1,-1,-1,-1
2017134A31628,1,9,0,9,0,8,0,0,0,0,2,1,6,1,37,7,1995,2,13,3,1,3
2017134A31628,2,9,0,18,0,8,0,0,0,0,1,1,6,1,21,5,1390,1,7,1,1,1
2017134A31753,1,9,0,18,0,1,0,0,1,2,1,1,6,1,22,5,1390,1,10,3,1,3
2017134A31753,2,9,0,9,0,6,0,0,0,0,3,1,6,1,20,4,1240,1,12,1,1,1
2017134A32023,1,9,0,18,0,1,0,0,0,0,1,1,6,1,32,6,1206,1,9,10,2,10
2017134A32023,2,1,0,18,0,1,0,0,0,0,4,1,6,1,20,4,-1,-1,-1,6,1,6
2017134A32073,1,3,0,18,0,0,0,0,0,0,1,1,2,1,20,4,124,1,6,5,1,5
2017134A32073,2,8,0,9,0,0,0,0,0,0,3,1,6,1,27,6,1968,2,13,10,1,10
2017134A40320,1,9,0,17,0,0,0,0,0,0,1,1,6,3,-1,-1,-1,-1,-1,-1,-1,-1
2017134A41049,1,9,0,9,0,6,0,0,0,0,2,1,6,2,22,5,1798,8,1,-1,-1,-1
2017134A41049,2,9,0,3,0,1,0,0,0,0,2,1,6,1,41,7,1995,2,12,3,1,3
2017134A41166,1,9,0,18,0,0,0,0,0,0,1,1,6,1,87,11,1796,1,7,9,2,9
2017134A41166,2,9,0,18,0,0,0,0,0,0,1,1,4,2,48,8,-1,-1,-1,6,3,6
2017134A41461,1,9,0,17,0,0,2,0,1,11,4,1,6,2,17,4,1242,1,8,5,1,5
2017134A41607,1,9,0,18,0,0,0,0,0,0,1,1,6,2,55,8,2143,2,-1,2,1,2
2017134A41607,2,9,0,18,0,0,0,0,0,0,1,1,6,1,20,4,1461,2,3,2,1,2
2017134A41688,1,9,0,18,0,0,0,0,0,0,1,1,6,3,-1,-1,-1,-1,-1,-1,-1,-1
2017134A41806,1,9,0,1,0,0,0,0,0,0,1,1,6,3,-1,-1,-1,-1,-1,-1,-1,-1
2017134A41806,2,3,0,18,0,0,0,0,0,0,2,1,6,1,35,6,124,1,10,2,1,2
2017134A41933,1,9,0,18,0,0,0,0,0,0,1,1,6,1,37,7,1398,1,11,1,1,1
2017134A50261,1,9,0,18,0,0,0,0,0,0,1,1,2,1,21,5,2204,2,10,2,1,2
2017134A50261,2,9,0,18,0,0,0,0,0,0,2,1,6,1,20,4,1397,1,9,5,1,5
2017134A50288,1,9,0,4,0,5,0,0,0,0,1,1,6,2,38,7,1246,1,12,-1,-1,-1
2017134A50288,2,9,0,4,0,5,0,0,0,0,2,1,6,1,56,9,1560,2,5,5,1,5
2017134A50288,3,19,0,4,0,5,0,0,0,0,2,1,1,1,-1,-1,2998,2,1,-1,-1,-1
2017134A50352,1,9,0,4,0,0,0,0,0,0,2,1,2,2,40,7,1368,1,8,8,1,8
2017134A50352,2,9,0,18,0,0,0,0,0,0,1,1,2,2,52,8,1560,2,5,5,1,5
2017134A50352,3,9,0,18,0,0,0,0,0,0,1,1,2,2,21,5,1360,1,11,5,1,5
2017134A50352,4,9,0,4,0,0,0,0,0,0,2,1,2,2,44,7,-1,-1,-1,9,1,9
2017134A50352,5,20,0,18,0,0,0,0,0,0,1,1,1,1,66,10,1968,2,2,7,1,7
2017134A50413,1,9,0,18,0,8,0,0,0,0,1,1,6,1,54,8,1997,2,-1,3,1,3
2017134A50413,2,9,0,18,0,8,0,0,0,0,4,1,6,2,47,8,2148,2,10,5,1,5
2017134A50914,1,9,0,18,0,4,0,0,0,0,1,1,6,1,86,11,1329,1,-1,7,1,7
2017134A50914,2,9,0,18,0,3,0,0,0,0,3,1,6,1,78,11,998,1,-1,8,1,8
2017134A50940,1,9,0,18,0,1,0,0,0,0,1,1,6,1,32,6,1796,1,15,1,1,1
2017134A50940,2,1,0,9,0,1,0,0,0,0,1,1,6,2,10,2,-1,-1,-1,1,1,1
2017134A51128,1,9,0,18,0,8,0,0,0,0,1,1,2,2,35,6,1598,2,6,4,1,4
2017134A51128,2,9,0,4,0,8,0,0,0,0,2,1,2,2,48,8,1398,2,2,8,1,8
2017134A51128,3,9,0,4,0,8,0,0,0,0,2,1,2,1,64,9,1997,2,-1,5,1,5
2017134A51176,1,5,0,18,0,0,1,0,0,0,1,1,6,1,47,8,2294,1,9,-1,-1,-1
2017134A51336,1,9,0,18,0,0,1,0,2,9,1,1,6,1,17,4,1388,1,12,-1,-1,-1
2017134A51336,2,9,0,18,0,0,0,0,0,0,1,1,6,1,66,10,1198,1,4,8,1,8
2017134A51741,1,11,0,18,0,7,0,0,0,0,0,1,1,1,33,6,9360,2,9,1,1,1
2017134A60240,1,9,0,18,0,8,0,0,0,0,4,1,6,3,-1,-1,-1,-1,-1,-1,-1,-1
2017134A60240,2,1,0,18,0,8,2,0,0,0,1,1,6,1,49,8,-1,-1,-1,9,1,9
2017134A60291,1,9,0,18,0,1,0,0,0,0,1,1,2,2,56,9,1242,1,8,-1,-1,-1
2017134A60359,1,1,0,18,0,1,0,0,0,0,1,1,6,3,-1,-1,-1,-1,-1,-1,-1,-1
2017134A60446,1,9,0,18,0,6,0,0,0,0,1,1,6,1,36,7,1398,2,10,7,3,7
2017134A60514,1,9,0,18,0,0,1,0,5,0,3,1,6,1,49,8,1998,1,1,6,3,6
2017134A60514,2,21,1,18,0,0,0,0,0,0,4,1,1,1,46,8,16000,2,3,1,1,1
2017134A60588,1,9,0,16,0,4,0,0,0,0,3,1,2,1,29,6,1229,1,11,5,1,5
2017134A60588,2,1,0,17,0,8,0,0,0,0,4,1,2,2,43,7,-1,-1,-1,1,1,1
2017134A60722,1,9,0,9,0,6,0,0,0,0,1,1,1,1,42,7,2461,2,10,7,1,7
2017134A60722,2,19,0,18,0,1,0,0,0,0,1,1,1,1,38,7,1248,2,12,3,1,3
2017134A60790,1,3,0,17,0,2,0,0,0,7,1,1,2,1,36,7,125,1,-1,-1,-1,-1
2017134A60939,1,9,0,18,0,0,5,7,0,0,1,1,6,2,87,11,1992,2,10,9,1,9
2017134A61056,1,20,0,18,0,0,0,0,0,0,4,1,1,1,-1,-1,6693,2,4,-1,-1,-1
2017134A61264,1,9,0,18,0,0,0,0,1,2,4,1,6,1,24,5,1995,2,8,6,1,6
2017134A61430,1,19,0,18,0,0,0,0,0,0,2,1,6,3,-1,-1,-1,-1,-1,-1,-1,-1
2017134A61430,2,1,0,18,0,0,0,0,0,0,0,1,6,1,38,7,-1,-1,-1,-1,-1,-1
2017134A61674,1,9,0,18,0,0,5,0,1,11,1,1,6,1,19,4,1798,1,11,8,2,8
2017134A61915,1,9,0,18,0,1,0,0,0,0,1,1,6,3,-1,-1,1870,2,12,-1,-1,-1
2017134A61915,2,8,0,4,0,1,0,0,0,0,2,1,1,1,41,7,1998,2,9,1,1,1
2017134A70163,1,9,0,18,0,0,0,0,0,0,4,1,6,1,39,7,1598,2,1,3,1,3
2017134A70163,2,8,0,18,0,0,0,0,1,2,4,1,1,1,41,7,1896,2,9,-1,-1,-1
2017134A70768,1,9,0,7,0,6,0,0,0,0,3,1,6,2,22,5,999,1,-1,5,1,5
2017134A70768,2,2,0,18,0,8,0,0,0,0,1,1,6,1,17,4,-1,-1,-1,5,1,5
2017134A71037,1,9,0,18,0,0,0,0,0,0,3,1,6,2,63,9,1242,1,-1,1,1,1
2017134A71886,1,9,0,5,0,0,0,0,0,0,0,1,6,1,70,10,1997,1,27,5,1,5
2017134A71935,1,9,0,18,0,0,0,0,0,0,1,1,6,1,31,6,1388,1,14,3,1,3
2017134A71935,2,9,0,2,0,0,0,0,0,0,2,1,6,3,-1,-1,-1,-1,-1,-1,-1,-1
2017134A71935,3,9,0,2,0,0,0,0,0,0,2,1,6,3,-1,-1,1596,1,8,-1,-1,-1
2017134A71935,4,9,0,2,0,0,0,0,0,0,2,1,6,3,-1,-1,998,1,7,-1,-1,-1
2017134A81006,1,9,0,13,0,0,0,0,0,0,4,1,6,2,22,5,1197,1,1,1,1,1
2017134A81006,2,1,0,18,0,0,0,0,0,0,3,1,6,1,15,3,-1,-1,-1,-1,-1,-1
2017134A81169,1,3,0,18,0,8,5,0,0,0,1,1,6,1,26,6,125,1,10,2,1,2
2017134A81169,2,9,0,9,0,5,0,0,0,0,3,1,6,1,18,4,1499,2,4,1,1,1
2017134A81188,1,9,0,14,0,0,0,0,0,0,1,1,6,2,45,7,2993,2,2,8,1,8
2017134A81358,1,8,0,18,0,8,0,0,0,0,2,1,1,1,31,6,1560,2,5,-1,-1,-1
2017134A81358,2,9,0,18,0,8,0,0,0,0,1,1,6,2,-1,-1,999,1,-1,7,3,7
2017134A81445,1,9,0,5,0,0,0,0,0,0,1,2,6,3,26,6,-1,-1,-1,-1,-1,-1
2017134A81462,1,9,0,18,0,8,0,0,0,0,3,1,6,1,20,4,1388,1,10,3,1,3
2017134A81462,2,9,0,9,0,8,0,0,0,0,1,1,6,2,23,5,1968,2,3,1,1,1
2017134A82037,1,9,0,9,0,8,0,0,0,0,1,1,6,2,18,4,1229,1,10,4,1,4
2017134A82037,2,9,0,18,0,8,0,0,0,0,1,1,6,1,28,6,1598,1,11,3,1,3
2017134A90326,1,11,0,18,0,0,0,0,0,0,0,1,1,1,49,8,7300,2,10,3,1,3
2017134A90711,1,9,0,18,0,8,0,0,0,0,4,1,6,1,62,9,1796,1,14,9,1,9
2017134A90711,2,9,0,9,0,6,0,0,0,0,1,1,3,1,45,7,1596,1,10,1,1,1
2017134A90884,1,9,0,18,0,0,0,0,0,0,1,1,6,3,-1,-1,-1,-1,-1,-1,-1,-1
2017134A90884,2,9,0,18,0,0,0,0,0,0,2,1,6,1,34,6,1331,1,23,2,1,2
2017134A90981,1,9,0,18,0,1,1,0,0,7,1,1,6,2,48,8,1560,2,2,1,1,1
2017134A91037,1,9,0,18,0,1,0,0,0,0,4,1,1,2,57,9,1560,2,7,10,2,10
2017134A91037,2,9,0,9,0,6,0,0,0,0,1,1,6,2,37,7,1598,1,11,6,1,6
2017134A91308,1,5,0,16,0,0,2,0,0,0,1,1,6,1,42,7,1250,1,14,-1,-1,-1
2017134A91308,2,8,0,17,0,0,0,0,0,0,1,1,6,1,36,7,1582,2,6,2,1,2
2017134A91447,1,21,1,11,0,0,0,0,0,0,1,1,6,3,-1,-1,-1,-1,-1,-1,-1,-1
2017134A91447,2,9,0,18,0,0,0,0,1,0,4,1,6,1,42,7,2000,2,13,2,1,2
2017134A91447,3,9,0,18,0,0,0,0,0,0,2,1,6,2,32,6,1968,2,2,3,1,3
2017134A91554,1,9,0,9,0,8,0,0,0,0,1,1,6,2,45,7,1560,2,7,2,1,2
2017134A91554,2,9,0,18,0,8,0,0,0,0,1,1,6,1,24,5,2143,2,3,4,1,4
2017134A91575,1,9,0,18,0,0,0,4,0,0,1,1,6,2,21,5,1229,1,6,9,1,9
2017134A91575,2,9,0,18,0,0,0,4,0,0,1,1,6,1,28,6,1364,1,2,-1,-1,-1
2017134A91575,3,9,0,2,0,0,0,0,0,0,2,1,6,1,35,6,1598,1,13,-1,-1,-1
2017134A91683,1,9,0,9,0,8,0,0,0,0,1,1,6,1,21,5,1395,1,3,6,1,6
2017134A91683,2,9,0,18,0,1,0,0,0,0,1,1,6,1,24,5,1995,2,17,7,1,7
2017134AA0203,1,9,0,18,0,8,1,0,0,0,3,1,2,1,39,7,1598,1,4,6,1,6
2017134AA0203,2,9,0,18,0,8,1,0,0,0,1,1,2,2,19,4,1798,8,-1,8,1,8
2017134AA0228,1,1,0,18,0,4,0,0,0,0,1,1,6,1,41,7,-1,-1,-1,-1,-1,-1
2017134AA0228,2,9,0,5,0,5,0,0,0,0,1,1,6,2,34,6,1995,2,4,-1,-1,-1
2017134AA0244,1,9,0,9,0,1,0,0,0,0,1,1,6,2,24,5,1197,1,2,2,1,2
2017134AA0244,2,9,0,18,0,1,0,0,0,0,1,1,1,2,40,7,1998,1,2,4,1,4
2017134AA0256,1,9,0,18,0,8,0,0,0,0,1,1,6,3,-1,-1,-1,-1,-1,-1,-1,-1
2017134AA0256,2,1,0,18,0,8,0,0,0,0,1,1,6,1,53,8,-1,-1,-1,8,2,8
2017134AA0316,1,9,0,7,0,6,0,0,0,0,1,1,6,3,-1,-1,1248,1,8,-1,-1,-1
2017134AA0658,1,9,0,13,0,8,0,0,7,0,1,1,6,2,86,11,1299,1,16,9,1,9
2017134AA0658,2,21,0,9,0,5,0,0,0,0,3,1,1,1,34,6,10837,2,2,1,1,1
2017134AA0852,1,19,0,9,0,5,0,0,0,0,4,1,1,1,30,6,2198,2,1,6,1,6
2017134AA0852,2,1,0,18,0,8,0,0,0,0,1,1,6,2,42,7,-1,-1,-1,9,1,9
2017134AA0865,1,9,0,18,0,1,0,0,0,0,1,1,6,1,-1,-1,1968,2,11,-1,-1,-1
2017134AA0865,2,19,0,10,0,1,0,0,0,0,2,1,1,1,51,8,1248,2,7,4,1,4
2017134AA0892,1,9,0,9,0,1,0,0,0,0,2,1,6,2,48,8,1461,2,7,7,1,7
2017134AA0892,2,9,0,15,9,1,0,0,1,9,1,1,6,3,-1,-1,1590,1,19,-1,-1,-1
2017134AA0892,3,9,0,18,0,1,0,0,0,0,0,1,6,3,-1,-1,-1,-1,-1,-1,-1,-1
2017134AA1193,1,9,0,9,0,5,0,0,0,0,1,1,6,1,52,8,1598,2,4,7,1,7
2017134AA1193,2,1,0,18,0,8,0,0,0,0,1,1,6,1,49,8,-1,-1,-1,1,1,1
2017134AA1437,1,9,0,18,0,1,0,0,0,0,1,1,6,1,24,5,1995,2,11,5,1,5
2017134AA1437,2,9,0,4,0,1,0,0,0,0,2,1,6,2,25,5,1595,1,12,2,1,2
2017134AA1529,1,9,0,1,0,0,0,0,0,0,2,2,6,3,-1,-1,-1,-1,-1,-1,-1,-1
2017134AA1645,1,9,0,5,0,1,0,0,0,0,1,1,6,2,52,8,1590,1,13,1,1,1
2017134AA1645,2,9,0,18,0,1,0,0,0,0,3,1,6,1,58,9,1242,1,17,6,1,6
2017134AA1950,1,2,0,18,0,8,0,0,0,0,1,1,6,1,21,5,124,1,5,-1,-1,-1
2017134AA1950,2,9,0,9,0,8,0,0,0,0,4,1,6,1,22,5,1200,1,1,1,1,1
2017134AA1967,1,9,0,18,0,0,0,0,0,0,1,1,6,1,53,8,1398,2,3,4,1,4
2017134AB0090,1,9,0,17,0,0,1,0,0,0,1,1,6,1,22,5,1364,1,11,2,1,2
2017134AB0090,2,9,0,18,0,0,0,0,0,0,1,1,6,2,64,9,1198,1,2,7,1,7
2017134AB0263,1,9,0,9,0,5,0,0,0,0,1,1,2,1,21,5,1388,1,9,3,1,3
2017134AB0263,2,1,0,18,4,1,0,0,0,0,1,1,6,1,24,5,-1,-1,-1,6,1,6
2017134AB0516,1,9,0,18,0,1,0,0,0,0,1,1,6,1,63,9,1596,1,3,3,1,3
2017134AB0516,2,20,0,3,0,1,0,0,0,0,2,1,1,1,59,9,4500,2,1,9,1,9
2017134AB0639,1,9,0,5,0,0,0,0,0,0,4,1,6,1,88,11,1242,1,5,2,1,2
2017134AB0639,2,19,0,2,0,0,0,0,0,0,0,1,6,3,-1,-1,2402,2,10,-1,-1,-1
2017134AB0829,1,9,0,9,0,6,0,4,0,0,4,1,6,2,35,6,1591,1,-1,6,1,6
2017134AB0829,2,9,0,18,0,1,1,0,0,0,1,1,6,1,29,6,1390,1,5,7,1,7
2017134AB0829,3,9,0,2,0,8,0,0,0,0,3,1,6,3,-1,-1,1398,1,3,-1,-1,-1
2017134AB0833,1,19,0,1,0,0,0,0,0,0,2,1,6,1,-1,-1,2198,2,10,-1,-1,-1
2017134AB0992,1,9,0,18,0,0,0,0,0,0,1,1,6,2,20,4,1390,1,14,1,1,1
2017134AB0992,2,9,0,18,0,0,0,0,0,0,2,1,2,1,52,8,1242,1,5,1,1,1
2017134AB1052,1,9,0,18,0,2,0,0,0,0,1,1,6,3,-1,-1,-1,-1,-1,-1,-1,-1
2017134AB1052,2,9,0,18,0,8,0,0,0,0,3,1,6,1,31,6,2000,2,12,1,1,1
2017134AB1205,1,9,0,18,0,0,0,0,0,0,2,1,6,1,40,7,1497,1,12,3,1,3
2017134AB1205,2,9,0,18,0,0,0,0,0,0,1,1,6,3,-1,-1,1560,2,6,-1,-1,-1
2017134AB1244,1,2,0,18,0,0,0,0,0,0,0,1,2,1,18,4,125,1,10,2,1,2
2017134AB1287,1,9,0,5,0,6,0,0,0,0,1,1,6,2,24,5,998,1,6,7,1,7
2017134AB1311,1,9,0,18,0,0,0,0,0,0,1,1,6,1,44,7,2143,2,1,3,1,3
2017134AB1311,2,9,0,18,0,0,1,0,5,7,2,1,6,2,26,6,1248,2,10,8,1,8