Accident_Index,Vehicle_Reference,Vehicle_Type,Towing_and_Articulation,Vehicle_Manoeuvre,Vehicle_Location-Restricted_Lane,Junction_Location,Skidding_and_Overturning,Hit_Object_in_Carriageway,Vehicle_Leaving_Carriageway,Hit_Object_off_Carriageway,1st_Point_of_Impact,Was_Vehicle_Left_Hand_Drive?,Journey_Purpose_of_Driver,Sex_of_Driver,Age_of_Driver,Age_Band_of_Driver,Engine_Capacity_(CC),Propulsion_Code,Age_of_Vehicle,Driver_IMD_Decile,Driver_Home_Area_Type,Vehicle_IMD_Decile
2017134AB1349,1,11,0,18,0,0,0,0,0,0,1,1,1,1,73,10,9360,2,8,-1,-1,-1
2017134AB1349,2,9,0,18,0,0,0,0,0,0,2,1,6,1,-1,-1,1364,1,11,-1,-1,-1
2017134AB1362,1,9,0,3,0,0,0,0,0,0,2,1,6,2,29,6,1956,2,4,3,1,3
2017134AB1362,2,9,0,18,0,0,0,0,0,0,1,1,6,1,50,8,1461,2,5,3,1,3
2017134AB1366,1,19,0,18,0,0,0,0,0,0,0,1,6,1,-1,-1,2198,2,1,-1,-1,-1
2017134AB1366,2,9,0,18,0,0,0,0,0,0,0,1,6,1,44,7,1896,2,12,3,1,3
2017134AB1382,1,9,0,9,0,6,0,0,0,0,0,1,6,2,64,9,1242,1,2,4,1,4
2017134AB1382,2,9,0,18,0,1,1,0,1,11,1,1,6,1,33,6,1229,1,7,6,1,6
2017134AB1809,1,9,0,16,0,0,0,0,1,10,1,1,6,1,29,6,4398,1,13,10,1,10
2017134AB1910,1,8,0,18,0,0,0,0,0,10,1,1,1,1,-1,-1,1598,2,5,-1,-1,-1
2017134AB2039,1,9,0,18,0,0,0,0,0,0,1,1,6,2,32,6,1598,1,10,5,1,5
2017134AB2039,2,9,0,2,0,0,0,0,0,0,1,1,6,3,-1,-1,1896,2,13,-1,-1,-1
2017134AC0206,1,9,0,17,0,0,2,10,2,0,1,1,2,1,32,6,3498,1,10,7,1,7
2017134AC0219,1,9,0,18,0,0,0,0,0,0,3,1,6,1,78,11,1975,2,19,2,1,2
2017134AC0507,1,9,0,18,0,0,0,0,0,0,1,1,6,1,58,9,1560,2,2,3,1,3
2017134AC0507,2,19,0,2,0,0,0,0,0,0,2,1,6,1,25,5,1598,2,2,9,1,9
2017134AC1014,1,9,0,17,0,8,0,4,0,0,1,1,6,1,83,11,1242,1,15,9,2,9
2017134AC1014,2,9,0,2,0,8,0,0,0,0,2,1,6,1,57,9,1124,1,12,1,1,1
2017134AC1014,3,9,0,17,0,8,0,0,0,0,0,1,6,3,-1,-1,-1,-1,-1,-1,-1,-1
2017134AC1046,1,9,0,18,0,0,0,0,0,0,1,1,6,2,48,8,1753,2,11,4,1,4
2017134AC1046,2,9,0,18,0,0,0,0,0,0,1,1,6,1,22,5,1598,2,5,6,1,6
2017134AC1230,1,9,0,9,0,8,0,0,0,0,1,1,6,2,29,6,2435,1,16,7,2,7
2017134AC1230,2,9,0,18,0,8,0,0,0,0,1,1,6,2,61,9,1598,1,6,7,2,7
2017134AC1395,1,9,0,18,0,0,0,0,0,0,3,1,6,2,56,9,1497,8,1,2,1,2
2017134AC1459,1,9,0,18,0,0,0,0,0,0,2,1,1,1,63,9,998,1,-1,8,1,8
2017134AC1459,2,19,0,18,0,0,0,0,0,0,1,1,1,1,56,9,2198,2,4,-1,-1,-1
2017134AC1489,1,9,0,9,0,1,0,0,0,0,1,1,6,2,41,7,1997,2,6,3,1,3
2017134AC1489,2,9,0,18,0,1,0,0,7,11,1,1,6,2,55,8,2402,2,8,8,1,8
2017134AC1489,3,9,0,18,0,1,0,0,0,0,3,1,6,1,25,5,1582,2,7,2,1,2
2017134AC1659,1,9,0,9,0,1,0,0,0,0,4,1,6,2,23,5,1968,2,-1,1,1,1
2017134AC1659,2,9,0,18,0,1,0,0,0,0,1,1,6,2,36,7,1998,2,8,1,1,1
2017134AC1778,1,9,0,4,0,0,0,0,0,0,0,1,6,3,-1,-1,-1,-1,-1,-1,-1,-1
2017134AC1778,2,11,0,4,0,0,0,0,0,0,0,1,1,1,29,6,9360,2,5,2,1,2
2017134AC2056,1,11,0,18,0,0,0,0,0,0,0,1,6,1,70,10,6700,2,1,9,2,9
2017134AC2142,1,9,0,18,0,0,0,0,0,0,1,1,6,1,52,8,2987,2,8,9,1,9
2017134AC2142,2,9,0,18,0,0,0,0,0,0,1,1,6,3,-1,-1,2461,2,13,-1,-1,-1
2017134AC2142,3,9,0,18,0,0,0,0,0,0,3,1,6,1,46,8,1586,1,2,10,2,10
2017134AC2164,1,9,0,18,0,0,0,0,0,0,4,1,6,1,36,7,1968,2,-1,1,1,1
2017134AD0118,1,9,0,7,0,6,0,0,0,0,1,1,6,3,-1,-1,-1,-1,-1,-1,-1,-1
2017134AD0118,2,9,0,18,0,8,0,0,0,0,4,1,6,1,49,8,1968,2,6,1,1,1
2017134AD0250,1,21,0,11,0,0,0,0,0,0,1,1,1,1,52,8,12777,2,4,7,1,7
2017134AD0250,2,9,0,18,0,0,0,0,0,0,3,1,2,1,57,9,999,1,1,7,1,7
2017134AD0338,1,9,0,9,0,6,0,0,0,0,1,1,2,1,40,7,2143,2,-1,7,1,7
2017134AD0338,2,9,0,18,0,1,5,0,0,0,4,1,2,2,29,6,1560,2,2,1,1,1
2017134AD0341,1,9,0,9,0,6,0,0,0,0,1,1,6,2,39,7,1598,1,16,6,2,6
2017134AD0341,2,9,0,18,0,1,0,0,0,0,1,1,6,1,59,9,2446,2,16,6,3,6
2017134AD0535,1,9,0,18,0,7,0,0,0,0,1,1,6,2,39,7,1998,1,12,9,1,9
2017134AD0535,2,9,0,4,0,7,0,0,0,0,2,1,6,2,30,6,1796,1,7,7,2,7
2017134AD0535,3,9,0,4,0,7,0,0,0,0,2,1,6,1,51,8,1197,1,2,7,1,7
2017134AD0725,1,9,0,18,0,0,0,0,0,0,3,1,6,1,44,7,1796,1,11,1,1,1
2017134AD0725,2,9,0,18,0,0,0,0,0,0,4,1,6,1,35,6,1598,1,13,1,1,1
2017134AD0725,3,9,0,2,0,0,0,0,0,0,1,1,6,3,-1,-1,1969,2,-1,-1,-1,-1
2017134AD0725,4,9,0,2,0,0,0,0,0,0,1,1,6,3,-1,-1,1997,1,2,-1,-1,-1
2017134AD0881,1,11,0,18,0,0,0,0,0,0,1,1,1,1,36,7,4461,2,2,9,1,9
2017134AD1232,1,9,0,18,0,8,0,0,0,0,1,1,6,1,74,10,1951,2,12,6,1,6
2017134AD1232,2,9,0,9,0,8,0,0,0,0,3,1,6,2,26,6,1242,1,3,-1,-1,-1
2017134AD1432,1,9,0,4,0,0,0,0,0,0,1,1,6,1,42,7,1364,1,-1,3,1,3
2017134AD1432,2,9,0,4,0,0,0,0,0,0,2,1,2,2,30,6,1229,1,2,1,1,1
2017134AD1432,3,9,0,4,0,0,0,0,0,0,1,1,2,2,26,6,1598,1,12,3,1,3
2017134AD1432,4,9,0,4,0,0,0,0,0,0,2,1,2,1,47,8,2400,2,6,7,1,7
2017134AD1557,1,9,0,9,0,0,0,0,0,0,4,1,6,1,37,7,1368,1,13,1,1,1
2017134AD1557,2,3,0,17,0,0,0,0,0,0,1,1,6,1,17,4,124,1,8,-1,-1,-1
2017134AD1679,1,9,0,18,0,0,0,0,0,0,4,1,6,1,45,7,1560,2,7,9,1,9
2017134AD1682,1,9,0,9,0,8,0,0,0,0,1,1,6,1,22,5,1398,2,3,7,1,7
2017134AD2327,1,9,0,7,0,0,0,0,0,0,4,1,6,1,43,7,4600,1,18,2,1,2
2017134AD2327,2,9,0,18,0,0,0,0,0,0,3,1,6,1,24,5,-1,-1,-1,1,1,1
2017134AD2403,1,9,0,18,0,3,1,0,7,11,1,1,6,1,22,5,1896,2,12,1,1,1
2017134AD2403,2,9,0,18,0,4,0,0,0,0,0,1,1,1,31,6,2993,2,-1,6,1,6
2017134AE0030,1,9,0,18,0,1,0,0,0,0,1,1,6,1,27,6,1061,1,13,1,1,1
2017134AE0030,2,9,0,18,0,1,0,0,0,0,1,1,6,2,19,4,998,1,5,10,3,10
2017134AE0203,1,9,0,18,0,6,0,0,0,0,1,1,6,3,-1,-1,1399,2,6,-1,-1,-1
2017134AE0203,2,9,0,9,0,1,0,0,0,0,1,1,6,1,25,5,1968,2,10,1,1,1
2017134AE0408,1,19,0,18,0,1,1,0,0,10,1,1,6,1,21,5,1753,2,11,3,3,3
2017134AE1014,1,9,0,18,0,1,0,0,0,0,1,1,6,1,37,7,2720,2,12,2,1,2
2017134AE1014,2,9,0,9,0,1,0,0,0,0,1,1,1,2,21,5,1560,2,5,8,1,8
2017134AE1070,1,9,0,18,0,1,0,0,0,0,1,1,6,1,36,7,1360,1,11,4,1,4
2017134AE1556,1,9,0,18,0,8,0,0,0,0,1,1,6,1,27,6,1956,2,5,1,1,1
2017134AE1556,2,9,0,18,0,8,0,0,0,0,4,1,6,1,22,5,1360,1,11,2,1,2
2017134AE2504,1,11,0,5,0,0,0,0,0,0,4,1,1,1,53,8,5900,2,10,1,1,1
2017134AE2525,1,9,0,18,0,8,0,0,0,0,1,1,6,1,-1,-1,1968,2,5,-1,-1,-1
2017134AF0523,1,9,0,18,0,8,0,0,7,11,1,1,6,1,23,5,1388,1,13,6,1,6
2017134AF0621,1,5,0,15,0,1,0,10,2,0,1,1,6,1,48,8,125,1,2,8,1,8
2017134AF0621,2,1,0,10,0,1,0,0,0,0,2,1,6,1,13,3,-1,-1,-1,9,1,9
2017134AF0708,1,1,0,18,0,0,0,0,0,0,4,1,6,1,36,7,-1,-1,-1,1,1,1
2017134AF0991,1,9,0,9,0,6,0,0,0,0,4,1,6,2,25,5,1591,1,-1,3,1,3
2017134AF0991,2,9,0,18,0,8,0,0,0,0,3,1,2,1,28,6,1149,1,8,4,1,4
2017134AF1053,1,9,0,18,0,1,0,0,0,0,1,1,6,2,31,6,1968,2,8,1,1,1
2017134AF1093,1,9,0,9,0,6,0,0,0,0,0,1,6,3,-1,-1,1149,1,13,-1,-1,-1
2017134AF1093,2,9,0,18,0,1,0,0,0,0,0,1,6,2,34,6,1598,1,-1,2,1,2
2017134AF1283,1,9,0,17,0,8,1,0,0,0,1,1,6,2,38,7,1796,1,16,4,1,4
2017134AF1283,2,5,0,16,0,8,1,0,0,0,1,1,6,1,50,8,599,1,17,8,2,8
2017134AF1521,1,9,0,5,0,6,0,0,0,0,1,1,6,2,43,7,1229,1,12,1,1,1
2017134AF1521,2,1,0,18,0,8,0,0,0,0,1,1,6,1,53,8,-1,-1,-1,4,1,4
2017134AF1618,1,9,0,18,0,0,0,0,0,0,4,1,6,1,58,9,1398,1,14,2,1,2
2017134AF1673,1,9,0,4,0,0,0,0,0,0,2,1,6,1,29,6,1984,1,10,5,1,5
2017134AF1673,2,9,0,4,0,0,0,0,0,0,1,1,6,1,29,6,1364,1,1,6,1,6
2017134AF1719,1,9,0,18,0,1,0,0,0,0,1,1,6,3,-1,-1,1896,2,14,-1,-1,-1
2017134AF1719,2,9,0,3,0,1,0,0,0,0,2,1,6,2,47,8,1299,1,16,3,1,3
2017134AF1781,1,9,0,9,0,0,0,0,0,0,3,1,6,1,36,7,1360,1,14,4,1,4
2017134AF1781,2,1,0,18,0,0,0,0,0,0,1,1,6,1,34,6,-1,-1,-1,2,1,2
2017134AF2060,1,9,0,18,0,0,0,0,0,0,1,1,6,2,62,9,1200,1,-1,5,1,5
2017134AF2060,2,9,0,2,0,0,0,0,0,0,2,1,6,2,-1,-1,1598,1,11,3,3,3
2017134AF2142,1,9,0,18,0,8,0,0,0,0,1,1,6,2,60,9,1560,2,1,10,1,10
2017134AF2142,2,9,0,9,0,8,0,0,0,0,3,1,6,1,32,6,1246,1,11,7,1,7
2017134AG0297,1,9,0,18,0,0,2,0,4,0,1,1,1,2,39,7,998,1,2,2,1,2
2017134AG0297,2,19,0,18,0,0,0,0,0,0,2,1,1,1,37,7,1995,2,6,10,1,10
2017134AG0412,1,9,0,18,0,0,0,0,0,0,1,1,6,2,27,6,-1,-1,-1,1,1,1
2017134AG0412,2,9,0,2,0,0,0,0,0,0,2,1,6,1,-1,-1,2987,2,6,-1,-1,-1
2017134AG0466,1,19,0,18,9,1,0,0,0,0,4,1,6,1,33,6,-1,-1,-1,1,1,1
2017134AG0553,1,9,0,17,6,1,1,4,1,7,4,1,6,2,43,7,998,1,7,2,1,2
2017134AG0553,2,21,0,2,6,1,0,0,0,0,2,1,1,1,46,8,10837,2,3,1,1,1
2017134AG0909,1,9,0,18,0,8,0,0,0,0,4,1,6,2,47,8,1968,2,7,10,1,10
2017134AG0909,2,9,0,18,0,8,0,0,0,0,1,1,6,2,21,5,1198,1,11,1,2,1
2017134AG1082,1,11,0,18,0,0,0,0,0,0,0,1,1,1,41,7,9360,2,8,3,1,3
2017134AG1108,1,9,0,18,0,1,0,0,0,0,1,1,6,1,20,4,1896,2,16,-1,-1,-1
2017134AG1108,2,9,0,18,0,1,0,0,0,0,2,1,6,2,23,5,1200,1,3,1,1,1
2017134AG1108,3,9,0,18,0,1,0,0,0,0,2,1,6,2,33,6,1870,2,7,1,1,1
2017134AG1289,1,1,0,18,0,1,0,0,0,0,4,1,6,2,59,9,-1,-1,-1,3,1,3
2017134AG1289,2,9,0,7,0,6,0,0,0,0,3,1,6,1,64,9,1598,1,7,4,2,4
2017134AG1420,1,9,0,18,0,0,0,0,0,0,1,1,6,2,57,9,1248,1,4,9,1,9
2017134AG1420,2,9,0,18,0,0,0,0,0,0,2,1,6,1,26,6,1390,1,9,7,1,7
2017134AG1420,3,9,0,18,0,0,0,0,0,0,2,1,6,1,27,6,2143,2,5,-1,-1,-1
2017134AG1438,1,19,0,18,0,0,0,0,0,0,1,1,1,1,38,7,1499,2,-1,1,1,1
2017134AG1530,1,4,0,18,0,0,0,0,0,0,4,1,6,1,-1,-1,-1,-1,-1,-1,-1,-1
2017134AG1900,1,9,0,18,0,0,5,0,1,0,1,1,6,2,19,4,998,1,-1,7,1,7
2017134AG1964,1,11,0,18,0,0,0,0,0,0,1,1,1,1,55,8,4760,2,4,-1,-1,-1
2017134AG2003,1,19,0,18,0,0,1,0,0,0,4,1,6,1,24,5,2402,2,15,1,1,1
2017134AG2338,1,9,0,18,0,0,0,0,0,0,0,1,6,1,37,7,1896,2,15,2,1,2
2017134AG2338,2,9,0,15,0,0,0,0,0,0,0,1,6,1,36,7,1796,1,6,1,1,1
2017134AG2347,1,9,0,18,0,0,0,0,0,0,1,1,6,1,29,6,-1,-1,-1,-1,-1,-1
2017134AG2441,1,3,0,18,0,0,0,11,0,0,1,1,6,1,27,6,125,1,19,1,1,1
2017134AH0159,1,9,0,18,0,0,2,0,2,3,4,1,6,1,18,4,1198,1,5,7,1,7
2017134AH0508,1,19,0,7,0,8,0,0,0,0,4,1,6,3,-1,-1,-1,-1,-1,-1,-1,-1
2017134AH0557,1,9,0,4,0,0,0,0,0,0,0,1,6,1,-1,-1,-1,-1,-1,-1,-1,-1
2017134AH0557,2,9,0,4,0,0,0,0,0,0,0,1,1,1,45,7,1968,2,6,5,1,5
2017134AH0574,1,19,0,4,0,0,1,0,0,0,1,1,2,1,28,6,2287,2,9,5,1,5
2017134AH0574,2,9,0,3,0,0,0,0,0,0,2,1,6,1,23,5,1686,2,5,5,1,5
2017134AH0847,1,5,0,6,0,0,0,0,0,0,1,1,6,1,26,6,689,1,1,1,1,1
2017134AH0847,2,8,0,18,0,0,0,0,0,0,4,1,6,1,-1,-1,-1,-1,-1,-1,-1,-1
2017134AH1297,1,9,0,9,0,6,0,0,0,0,3,1,6,2,74,10,1349,1,6,8,1,8
2017134AH1297,2,9,0,18,0,8,0,0,0,0,1,1,6,1,38,7,-1,-1,-1,9,1,9
2017134AH1297,3,9,0,2,0,2,0,0,0,0,0,1,6,3,-1,-1,-1,-1,-1,-1,-1,-1
2017134AH1313,1,9,0,18,0,0,0,0,0,0,1,1,6,1,55,8,1560,2,8,3,1,3
2017134AH1601,1,11,0,18,0,8,0,0,0,0,0,1,2,1,52,8,6692,2,5,7,1,7
2017134AH1623,1,9,0,18,0,0,0,0,0,0,1,1,6,1,55,8,1995,2,1,7,1,7
2017134AH1623,2,19,0,18,0,0,0,0,0,0,2,1,6,1,30,6,2198,2,2,1,1,1
2017134AH1623,3,9,0,18,0,0,0,0,0,0,2,1,6,1,-1,-1,2000,2,6,-1,-1,-1
2017134AH1640,1,9,0,9,0,2,0,0,0,0,1,1,6,3,-1,-1,-1,-1,-1,-1,-1,-1
2017134AH1640,2,9,0,18,0,8,0,0,0,0,1,1,6,1,47,8,1398,2,6,2,1,2
2017134AH1640,3,9,0,18,0,8,0,0,0,0,2,1,6,1,45,7,1762,1,17,1,1,1
2017134AH1998,1,9,0,18,0,0,0,0,0,0,1,1,6,1,22,5,-1,-1,-1,9,2,9
2017134AH1998,2,9,0,2,0,0,1,0,1,11,2,1,6,3,-1,-1,998,1,1,-1,-1,-1
2017134AI0061,1,9,0,18,0,8,0,0,0,0,1,1,6,1,23,5,1198,1,12,1,1,1
2017134AI0061,2,9,0,7,0,6,0,0,0,0,1,1,6,3,-1,-1,-1,-1,-1,-1,-1,-1
2017134AI0210,1,9,0,18,0,1,0,0,0,0,3,1,6,1,30,6,1399,2,5,2,1,2
2017134AI0210,2,19,0,18,0,1,0,0,0,0,1,1,1,1,21,5,1968,2,2,1,1,1
2017134AI0238,1,1,0,18,0,0,5,0,0,0,1,1,6,1,38,7,-1,-1,-1,6,1,6
2017134AI0238,2,9,0,7,0,0,0,0,0,0,4,1,2,1,48,8,1995,2,5,8,3,8
2017134AI0270,1,9,0,18,0,0,1,0,1,9,0,1,6,1,54,8,1796,1,10,-1,-1,-1
2017134AI0323,1,9,0,18,0,1,0,0,0,0,4,1,6,2,47,8,1997,1,12,5,1,5
2017134AI0323,2,9,0,10,0,1,0,0,0,0,1,1,3,2,27,6,1796,1,9,5,1,5
2017134AI0402,1,21,0,18,0,0,0,0,0,0,1,1,1,1,44,7,12777,2,1,9,3,9
2017134AI0402,2,9,0,4,0,0,0,0,0,0,2,1,1,1,54,8,-1,-1,-1,3,1,3
2017134AI0402,3,19,0,4,0,0,0,0,0,0,2,1,1,1,30,6,1995,2,6,1,1,1
2017134AI0485,1,9,0,18,0,1,0,0,0,0,1,1,6,2,29,6,-1,-1,-1,3,1,3
2017134AI0721,1,9,0,18,0,8,0,0,0,0,1,1,6,2,79,11,999,1,1,8,1,8
2017134AI0799,1,9,0,5,0,1,0,0,0,0,1,1,6,1,29,6,5000,1,2,-1,-1,-1
2017134AI0799,2,90,0,4,0,1,0,0,0,0,0,1,1,1,32,6,2987,2,2,8,1,8
2017134AI0799,3,9,0,18,0,1,0,0,0,10,1,1,6,2,29,6,1591,1,-1,5,1,5
2017134AI0894,1,9,0,3,0,1,0,0,0,0,2,1,1,2,-1,-1,998,1,3,-1,-1,-1
2017134AI0894,2,9,0,18,0,1,0,0,0,0,1,1,6,1,38,7,1753,2,14,10,1,10
2017134AI1285,1,9,0,18,0,6,0,0,0,0,1,1,6,2,25,5,1686,2,9,7,1,7
2017134AI1285,2,19,0,18,0,8,5,0,0,0,4,1,6,2,37,7,1968,2,7,3,1,3
2017134AI1343,1,11,0,3,0,0,0,0,0,0,4,1,1,1,30,6,7300,2,13,1,1,1
2017134AI1434,1,11,0,3,0,0,0,0,0,0,0,1,1,1,53,8,-1,-1,-1,5,1,5
2017134AI1897,1,9,0,18,0,0,0,2,0,7,1,1,6,1,25,5,1242,1,7,1,1,1
2017134AI2161,1,9,0,9,0,8,0,0,0,0,4,1,6,1,30,6,1968,2,11,1,1,1
2017134AI2161,2,9,0,18,0,8,0,0,0,1,3,1,2,1,30,6,2171,1,13,1,1,1
2017134AJ0229,1,9,0,4,0,1,0,0,0,0,2,1,2,2,30,6,998,1,2,3,1,3
2017134AJ0229,2,9,0,18,0,1,0,0,0,0,1,1,2,2,42,7,2687,1,12,8,3,8
2017134AJ0232,1,9,0,9,0,2,1,0,8,10,1,1,6,1,30,6,1968,2,1,1,1,1
2017134AJ0232,2,9,0,18,0,1,0,0,0,0,0,1,1,1,26,6,1560,2,1,1,1,1
2017134AJ0232,3,9,0,18,0,1,0,0,0,0,1,1,2,1,31,6,1686,2,10,6,1,6
2017134AJ0261,1,9,0,9,0,8,0,0,0,0,1,1,6,3,-1,-1,1998,1,12,-1,-1,-1
2017134AJ0261,2,1,0,3,0,8,0,0,0,0,1,1,1,1,50,8,-1,-1,-1,-1,-1,-1
2017134AJ0322,1,9,0,18,0,4,0,0,0,0,1,1,2,2,50,8,1229,1,6,2,1,2
2017134AJ0322,2,2,0,18,0,3,0,0,0,0,4,1,2,1,16,4,49,1,5,2,1,2
2017134AJ0344,1,9,0,9,0,5,0,0,0,0,4,1,6,2,74,10,1388,1,14,7,1,7
2017134AJ0344,2,5,0,18,0,8,0,0,0,0,1,1,2,1,26,6,883,1,1,3,1,3
2017134AJ0381,1,3,0,4,0,0,0,0,0,0,4,1,2,1,18,4,125,1,11,3,1,3
2017134AJ0397,1,9,0,18,0,0,1,0,1,2,3,1,2,2,33,6,-1,-1,-1,8,3,8
2017134AJ0605,1,9,0,18,0,8,0,0,0,0,1,1,6,1,74,10,1242,1,4,4,1,4
2017134AJ0605,2,9,0,18,0,8,0,0,1,11,1,1,6,2,50,8,1499,1,-1,8,1,8
2017134AJ0680,1,9,0,18,0,8,0,0,0,0,1,1,6,2,-1,-1,-1,-1,-1,5,1,5
2017134AJ0680,2,1,0,18,0,8,0,0,0,0,1,1,6,1,24,5,-1,-1,-1,5,1,5
2017134AJ0846,1,10,0,18,0,8,0,0,0,0,1,1,6,1,-1,-1,2198,2,4,-1,-1,-1
2017134AJ0846,2,9,0,18,0,8,0,0,0,0,1,1,6,1,24,5,1995,2,10,5,1,5
2017134AJ0854,1,9,0,18,0,8,0,0,0,0,3,1,6,2,28,6,998,1,-1,1,1,1
2017134AJ0854,2,9,0,18,0,8,0,0,0,0,1,1,6,1,50,8,1560,2,6,7,2,7
2017134AJ0854,3,9,0,2,0,1,0,0,0,0,1,1,6,1,79,11,1198,1,2,-1,-1,-1
2017134AJ1074,1,9,0,9,0,2,0,0,0,0,1,1,6,1,74,10,2599,1,25,6,1,6
2017134AJ1074,2,9,0,9,0,1,0,0,0,0,3,1,1,1,35,6,1598,2,6,2,1,2
2017134AJ1173,1,9,0,7,0,1,0,0,0,0,4,1,6,2,29,6,1242,1,7,3,1,3
2017134AJ1173,2,9,0,18,0,1,0,0,0,0,1,1,6,1,61,9,1298,1,14,9,1,9
2017134AJ1287,1,9,0,16,0,0,0,0,0,0,2,1,1,1,46,8,1798,8,-1,2,1,2
2017134AJ1287,2,9,0,16,0,0,0,0,0,0,1,1,6,2,27,6,1364,1,12,4,1,4
2017134AJ1456,1,8,0,18,0,8,0,0,0,0,1,1,2,1,44,7,1797,8,5,1,1,1
2017134AJ1456,2,9,0,18,0,8,0,0,0,0,3,1,2,1,50,8,1242,1,7,1,1,1
2017134AJ1541,1,9,0,16,0,0,0,0,0,0,4,1,6,2,21,5,1242,1,5,9,1,9
2017134AJ1639,1,11,0,2,0,0,0,0,0,0,0,1,6,1,47,8,-1,-1,-1,1,1,1
2017134AJ1719,1,9,0,9,0,8,0,0,7,0,1,1,6,2,21,5,1198,1,14,1,1,1
2017134AJ1719,2,9,0,18,0,8,0,0,1,1,1,1,6,1,32,6,2231,2,9,3,1,3
2017134AJ2085,1,9,0,18,0,0,0,0,0,0,4,1,1,3,-1,-1,-1,-1,-1,-1,-1,-1
2017134AJ2085,2,1,0,18,0,0,0,0,0,0,3,1,6,1,23,5,-1,-1,-1,-1,-1,-1
2017134AK0269,1,8,0,18,0,0,0,0,0,0,1,1,1,1,47,8,1797,8,5,1,1,1
2017134AK0370,1,2,0,18,0,0,1,0,0,0,2,1,1,2,26,6,125,1,-1,4,2,4
2017134AK0370,2,9,0,18,0,0,0,0,0,0,1,1,3,2,50,8,1591,1,1,8,1,8
2017134AK0551,1,9,0,18,0,0,0,4,1,11,1,1,6,1,91,11,-1,-1,-1,5,1,5
2017134AK0551,2,9,0,2,0,0,0,0,0,0,2,1,6,3,-1,-1,1956,2,4,-1,-1,-1
2017134AK0551,3,9,0,2,0,0,0,0,0,0,2,1,6,3,-1,-1,1229,1,8,-1,-1,-1
2017134AK0721,1,90,0,18,2,0,5,0,0,0,1,1,2,1,24,5,-1,-1,-1,10,1,10
2017134AK0721,2,9,0,6,2,0,0,0,0,0,1,1,1,1,40,7,1598,2,5,1,1,1
2017134AK0798,1,9,0,18,0,0,5,4,0,0,1,1,6,2,68,10,1364,1,10,6,1,6
2017134AK0798,2,9,0,2,0,0,0,0,0,0,1,1,6,3,-1,-1,1781,1,17,-1,-1,-1
2017134AK0831,1,9,0,7,0,8,0,0,0,0,0,1,6,3,-1,-1,-1,-1,-1,-1,-1,-1
2017134AK0831,2,9,0,18,0,1,0,0,0,0,2,1,6,1,56,9,998,1,3,6,1,6
2017134AK0831,3,3,0,18,0,1,0,0,0,0,1,1,6,2,23,5,-1,-1,-1,1,1,1
2017134AK0935,1,9,0,9,0,6,0,0,0,0,1,1,6,1,29,6,1198,1,5,1,1,1
2017134AK0935,2,9,0,18,0,8,0,0,0,0,4,1,6,2,35,6,2000,2,7,1,1,1
2017134AK0988,1,9,0,18,0,0,0,0,0,0,3,1,6,2,33,6,1598,1,10,6,1,6
2017134AK0988,2,21,0,18,0,0,0,0,0,0,1,1,1,1,54,8,6692,2,7,8,1,8
2017134AK1241,1,9,0,18,0,1,0,0,0,0,1,1,6,1,51,8,1598,2,1,1,1,1
2017134AK1241,2,9,0,18,0,1,0,0,0,0,2,1,6,1,51,8,1896,2,14,6,1,6
2017134AK1367,1,9,0,18,0,8,0,0,0,0,3,1,6,2,26,6,1242,1,2,3,1,3
2017134AK1367,2,9,0,18,0,8,0,0,0,0,1,1,6,1,32,6,1896,2,8,3,1,3
2017134AK1573,1,9,0,5,0,1,0,0,0,0,1,1,2,1,32,6,1896,2,15,1,1,1
2017134AK1573,2,9,0,3,0,1,0,0,0,0,0,1,2,2,55,8,1499,2,1,2,1,2
2017134AK1573,3,1,0,18,0,1,0,0,0,0,3,1,2,1,28,6,-1,-1,-1,9,1,9
2017134AK1667,1,9,0,9,0,8,0,0,0,0,1,1,6,1,19,4,1596,1,11,8,3,8
2017134AK1667,2,9,0,18,0,8,0,0,0,0,1,1,6,1,37,7,1997,2,7,5,1,5
2017134AK1723,1,9,0,18,0,0,1,0,1,0,3,1,6,1,58,9,2967,1,10,1,3,1
2017134AK1723,2,9,0,13,0,0,1,0,7,0,4,1,6,1,22,5,1984,1,1,1,1,1
2017134AK1857,1,9,0,18,0,8,0,0,0,0,1,1,6,1,34,6,2204,2,9,1,1,1
2017134AL0021,1,8,0,1,0,8,0,0,1,2,2,1,1,1,41,7,1598,2,6,1,1,1
2017134AL0082,1,8,0,18,0,0,0,0,0,0,1,1,1,1,-1,-1,-1,-1,-1,-1,-1,-1
2017134AL0093,1,8,0,3,0,1,0,0,0,0,2,1,6,1,34,6,1598,2,3,2,1,2
2017134AL0093,2,9,0,18,0,1,0,0,0,0,1,1,6,2,41,7,1242,1,13,6,1,6
2017134AL0373,1,9,0,18,0,0,1,0,1,10,1,1,6,1,27,6,1781,1,14,3,1,3
2017134AL0388,1,9,0,18,0,8,0,0,0,0,1,1,6,3,-1,-1,-1,-1,-1,-1,-1,-1
2017134AL0388,2,9,0,4,0,8,0,0,0,0,2,1,1,1,60,9,1598,2,7,3,3,3
2017134AL0407,1,9,0,18,0,0,2,0,0,0,1,1,2,1,18,4,1229,1,9,3,1,3
2017134AL0450,1,9,0,9,0,5,0,0,0,0,4,1,6,1,59,9,1998,8,-1,3,1,3
2017134AL0450,2,9,0,18,0,8,0,0,0,0,1,1,6,1,53,8,1968,2,6,7,1,7
2017134AL0700,1,19,0,18,0,0,0,0,0,0,0,1,6,1,60,9,1998,2,14,1,1,1
2017134AL0700,2,9,0,18,0,0,0,11,0,0,1,1,6,1,33,6,1995,1,16,2,1,2
2017134AL0942,1,11,0,2,0,0,0,0,0,0,0,1,6,1,58,9,6700,2,9,-1,-1,-1
2017134AL1376,1,9,0,9,0,2,0,0,0,0,3,1,6,1,35,6,-1,-1,-1,7,1,7
2017134AL1376,2,2,0,18,0,2,0,0,0,0,1,1,6,1,18,4,108,1,7,1,1,1
2017134AL1449,1,9,0,18,0,0,0,0,0,0,1,1,6,1,34,6,1198,1,11,-1,-1,-1
2017134AL1449,2,9,0,4,0,0,0,0,0,0,2,1,6,2,34,6,1560,2,3,1,1,1
2017134AL1484,1,19,0,18,0,0,0,0,0,0,4,1,6,1,76,11,1968,2,5,1,1,1
2017134AL1588,1,9,0,18,0,0,0,0,0,0,1,1,6,2,30,6,1598,1,13,1,1,1