Accident_Index,Vehicle_Reference,Vehicle_Type,Towing_and_Articulation,Vehicle_Manoeuvre,Vehicle_Location-Restricted_Lane,Junction_Location,Skidding_and_Overturning,Hit_Object_in_Carriageway,Vehicle_Leaving_Carriageway,Hit_Object_off_Carriageway,1st_Point_of_Impact,Was_Vehicle_Left_Hand_Drive?,Journey_Purpose_of_Driver,Sex_of_Driver,Age_of_Driver,Age_Band_of_Driver,Engine_Capacity_(CC),Propulsion_Code,Age_of_Vehicle,Driver_IMD_Decile,Driver_Home_Area_Type,Vehicle_IMD_Decile
2017134B21281,2,9,0,18,0,0,0,0,0,0,0,1,6,1,19,4,1229,1,8,8,2,8
2017134B21378,1,9,0,6,0,0,0,0,0,0,3,1,6,3,-1,-1,-1,-1,-1,-1,-1,-1
2017134B21382,1,11,0,18,3,0,0,0,0,0,0,1,1,1,29,6,7300,2,9,1,1,1
2017134B21382,2,1,0,18,3,0,0,0,0,0,0,1,6,3,-1,-1,-1,-1,-1,-1,-1,-1
2017134B21481,1,9,0,17,0,8,0,0,0,0,4,1,6,1,35,6,1598,1,7,1,1,1
2017134B21481,2,9,0,17,0,8,0,0,0,0,1,1,6,2,21,5,1198,1,7,9,1,9
2017134B21566,1,9,0,7,0,1,0,0,0,0,4,1,6,1,51,8,2204,2,9,5,1,5
2017134B21566,2,1,0,18,0,1,0,0,0,0,1,1,6,1,44,7,-1,-1,-1,9,1,9
2017134B22006,1,9,0,18,0,0,5,0,0,0,4,1,6,2,19,4,998,1,9,6,1,6
2017134B30250,1,9,0,18,0,0,0,0,0,0,1,1,1,1,51,8,1870,2,14,1,1,1
2017134B30250,2,9,0,18,0,0,0,0,0,0,2,1,1,1,47,8,998,1,7,9,1,9
2017134B30250,3,19,0,18,0,0,0,0,0,0,2,1,1,1,50,8,1968,2,5,1,1,1
2017134B30486,1,9,0,5,0,0,0,0,0,0,1,1,1,1,48,8,-1,-1,-1,-1,-1,-1
2017134B30630,1,9,0,16,0,3,0,0,7,2,1,1,6,1,80,11,1560,2,1,1,1,1
2017134B30926,1,9,0,18,0,0,0,0,0,0,1,1,6,1,25,5,1896,2,9,1,1,1
2017134B30926,2,9,0,5,0,0,0,0,0,0,3,1,6,1,47,8,2000,2,12,1,1,1
2017134B31092,1,9,0,18,0,8,0,0,0,0,4,1,6,1,-1,-1,1390,1,8,-1,-1,-1
2017134B31092,2,9,0,9,0,8,0,0,1,11,1,1,6,1,83,11,1398,1,-1,9,1,9
2017134B31181,1,9,0,18,0,8,0,0,0,0,4,1,1,1,32,6,1968,2,4,7,1,7
2017134B31181,2,9,0,9,0,6,0,0,0,0,1,1,1,1,48,8,1896,2,10,1,1,1
2017134B31460,1,9,0,18,0,8,0,0,0,0,3,2,6,3,-1,-1,-1,-1,-1,-1,-1,-1
2017134B31592,1,9,0,2,0,0,0,0,0,0,3,1,1,1,44,7,1086,1,9,6,1,6
2017134B31592,2,1,0,18,0,0,0,0,0,0,1,1,2,1,22,5,-1,-1,-1,-1,-1,-1
2017134B31665,1,9,0,18,0,0,0,7,0,0,1,1,1,1,25,5,998,1,12,2,1,2
2017134B31808,1,9,0,18,0,0,0,0,0,0,1,1,6,1,40,7,-1,-1,-1,-1,-1,-1
2017134B31808,2,9,0,6,0,0,0,0,0,0,4,1,6,1,18,4,1242,1,8,2,1,2
2017134B31845,1,9,0,18,0,2,0,0,0,0,2,1,6,2,22,5,1598,1,13,4,1,4
2017134B31845,2,9,0,18,0,1,0,0,0,0,1,1,6,1,40,7,1796,1,12,1,1,1
2017134B31873,1,9,0,7,0,8,0,0,0,0,1,1,6,2,26,6,1388,1,9,-1,-1,-1
2017134B31873,2,9,0,9,0,8,0,0,0,0,4,1,6,2,51,8,2198,1,11,-1,-1,-1
2017134B40229,1,9,0,18,0,0,5,0,0,0,1,1,6,2,25,5,1229,1,2,2,1,2
2017134B40229,2,9,0,2,0,0,0,0,0,0,1,1,6,3,-1,-1,1395,1,2,-1,-1,-1
2017134B40229,3,9,0,2,0,0,0,0,0,0,1,1,6,3,-1,-1,1686,2,6,-1,-1,-1
2017134B40241,1,9,0,18,0,0,0,0,0,0,1,1,6,1,-1,-1,-1,-1,-1,-1,-1,-1
2017134B40265,1,9,0,18,0,1,0,0,7,2,1,1,6,2,20,4,1497,8,-1,1,1,1
2017134B40357,1,9,0,18,0,0,0,0,0,0,1,1,2,1,23,5,1242,1,5,9,1,9
2017134B40357,2,8,0,2,0,0,0,0,0,0,1,1,1,1,47,8,1798,8,3,2,1,2
2017134B40543,1,9,0,18,0,0,0,0,0,0,3,1,6,1,26,6,1242,1,2,6,1,6
2017134B40543,2,9,0,18,0,0,0,0,1,11,3,1,6,1,27,6,-1,-1,-1,5,1,5
2017134B40729,1,9,0,18,0,0,0,0,0,0,2,1,6,2,21,5,1587,1,12,2,1,2
2017134B40729,2,9,0,13,0,0,0,0,0,0,1,1,6,1,24,5,1598,2,5,2,1,2
2017134B40898,1,9,0,18,0,0,0,0,0,0,1,1,6,1,18,4,1363,2,13,2,1,2
2017134B40898,2,9,0,18,0,0,0,0,0,0,2,1,6,1,59,9,999,1,1,2,1,2
2017134B40898,3,9,0,18,0,0,0,0,0,0,2,1,6,1,56,9,1794,1,10,-1,-1,-1
2017134B41016,1,8,0,18,0,0,0,0,0,0,1,1,1,1,-1,-1,-1,-1,-1,-1,-1,-1
2017134B41016,2,8,0,18,0,0,0,0,0,0,2,1,1,1,-1,-1,1995,2,9,-1,-1,-1
2017134B41096,1,9,0,4,0,0,0,0,0,0,1,1,6,1,37,7,1600,1,18,3,1,3
2017134B41096,2,9,0,4,0,0,0,0,0,0,2,1,6,2,33,6,1242,1,4,5,1,5
2017134B41168,1,19,0,18,0,1,0,0,0,0,4,1,6,1,-1,-1,-1,-1,-1,-1,-1,-1
2017134B41478,1,9,0,9,0,8,0,0,0,0,1,1,6,2,25,5,1149,1,4,4,3,4
2017134B41478,2,9,0,18,0,8,0,0,0,0,4,1,6,1,24,5,1400,1,10,1,1,1
2017134B41478,3,11,0,3,0,8,0,0,0,0,1,1,1,1,36,7,9360,2,8,1,1,1
2017134B41758,1,9,0,18,0,0,0,0,0,0,4,1,6,1,37,7,1461,2,5,-1,-1,-1
2017134B41787,1,9,0,18,0,8,0,0,0,0,1,1,6,1,75,10,998,1,12,8,3,8
2017134B41787,2,1,0,9,0,8,0,0,0,0,1,1,6,1,52,8,-1,-1,-1,9,1,9
2017134B42278,1,1,0,18,0,8,0,0,0,0,1,1,6,1,19,4,-1,-1,-1,2,1,2
2017134B42278,2,9,0,9,0,8,0,0,0,0,4,1,6,1,27,6,998,1,16,1,1,1
2017134B42407,1,9,0,18,0,1,0,0,0,0,1,1,6,2,52,8,1598,1,7,6,2,6
2017134B50150,1,9,0,17,0,0,1,0,2,1,4,1,6,1,19,4,1598,1,11,2,1,2
2017134B50545,1,9,0,9,0,8,0,0,0,0,1,1,6,1,53,8,1596,1,8,9,2,9
2017134B50545,2,1,0,18,0,1,0,0,0,0,1,1,6,1,53,8,-1,-1,-1,7,1,7
2017134B50624,1,19,0,15,6,0,0,0,0,0,1,1,6,1,26,6,1753,2,11,7,1,7
2017134B50624,2,9,0,2,6,0,0,0,7,0,2,1,6,1,35,6,1995,2,4,10,1,10
2017134B50624,3,9,0,18,0,0,0,0,0,0,0,1,6,2,32,6,-1,-1,-1,10,1,10
2017134B50700,1,19,0,1,0,0,0,0,0,0,2,1,6,3,-1,-1,-1,-1,-1,-1,-1,-1
2017134B50854,1,9,0,9,0,1,0,0,0,0,4,1,6,1,22,5,1590,1,12,1,1,1
2017134B50854,2,9,0,18,0,1,0,0,0,0,1,1,6,1,36,7,1956,2,7,6,2,6
2017134B50854,3,9,0,10,0,1,0,0,0,0,3,1,6,1,45,7,1598,1,6,6,1,6
2017134B50945,1,9,0,7,0,5,0,0,0,0,1,1,6,1,25,5,1781,1,13,-1,-1,-1
2017134B50945,2,9,0,3,0,1,0,0,0,0,0,1,1,1,35,6,-1,-1,-1,6,1,6
2017134B51220,1,9,0,1,9,0,0,0,0,0,3,1,6,2,41,7,1796,1,14,4,1,4
2017134B51469,1,9,0,5,0,8,0,0,0,0,1,1,6,3,-1,-1,5439,1,13,-1,-1,-1
2017134B51469,2,1,0,18,0,8,2,0,0,0,3,1,6,1,23,5,-1,-1,-1,1,1,1
2017134B51721,1,9,0,5,0,1,0,0,0,0,1,1,1,1,29,6,998,1,15,2,1,2
2017134B51721,2,5,0,18,0,1,0,0,0,0,4,1,6,1,25,5,749,1,8,1,1,1
2017134B52184,1,9,0,18,0,4,0,0,0,0,1,1,6,1,19,4,1390,1,13,1,1,1
2017134B52184,2,9,0,9,0,8,0,0,0,0,4,1,6,1,27,6,1242,1,4,1,1,1
2017134B52396,1,9,0,18,0,0,1,0,7,10,1,1,6,2,18,4,1598,2,-1,5,1,5
2017134B52500,1,9,0,18,0,8,0,0,0,0,3,1,6,2,25,5,1248,1,5,1,1,1
2017134B52500,2,9,0,18,0,8,0,0,0,0,1,1,6,2,23,5,1591,1,6,6,1,6
2017134B60255,1,9,0,17,0,0,5,0,0,1,1,1,6,2,45,7,1248,1,7,10,1,10
2017134B60306,1,9,0,18,0,8,1,0,0,0,4,1,6,1,60,9,1956,2,5,1,1,1
2017134B60306,2,9,0,18,0,1,0,0,0,0,1,1,1,1,50,8,1598,1,13,1,1,1
2017134B60475,1,9,0,12,0,0,0,0,0,0,3,1,6,3,-1,-1,-1,-1,-1,-1,-1,-1
2017134B60475,2,9,0,18,0,0,0,0,0,0,4,1,6,2,51,8,1560,2,5,1,1,1
2017134B60496,1,3,0,17,0,0,0,0,1,0,3,1,6,1,22,5,124,1,9,1,1,1
2017134B60513,1,9,0,3,0,8,0,0,0,0,2,1,6,1,63,9,1968,2,6,5,1,5
2017134B60513,2,9,0,3,0,8,0,0,0,0,1,1,6,2,27,6,1598,1,11,5,1,5
2017134B61125,1,9,0,18,0,4,0,0,0,0,2,1,3,2,39,7,1598,1,8,1,1,1
2017134B61125,2,20,0,18,0,4,0,0,0,0,1,1,1,1,21,5,-1,-1,-1,9,1,9
2017134B61187,1,9,0,18,0,1,0,0,0,0,1,1,6,1,23,5,3799,1,1,1,1,1
2017134B61204,1,9,0,18,0,0,0,0,0,0,1,1,6,3,-1,-1,1339,1,10,-1,-1,-1
2017134B61204,2,9,0,3,0,0,0,0,0,0,2,1,6,2,17,4,998,1,1,2,1,2
2017134B61409,1,9,0,16,0,1,0,0,0,0,1,1,6,1,35,6,1368,1,10,3,1,3
2017134B61409,2,9,0,17,0,1,0,0,0,0,1,1,6,1,23,5,1595,1,9,7,1,7
2017134B61516,1,9,0,9,0,8,0,0,0,0,3,1,6,2,25,5,1560,2,2,1,1,1
2017134B61516,2,4,0,18,0,1,0,0,0,0,1,1,6,1,19,4,124,1,5,1,1,1
2017134B61523,1,21,1,18,0,0,0,0,0,0,1,1,1,1,52,8,12809,2,2,7,2,7
2017134B61523,2,9,0,18,0,0,0,0,0,0,2,1,6,1,64,9,1248,2,7,7,1,7
2017134B61564,1,9,0,4,0,0,0,0,0,0,2,1,6,2,41,7,1461,2,2,6,1,6
2017134B61564,2,9,0,18,0,0,0,0,0,0,1,1,6,1,-1,-1,1896,2,13,-1,-1,-1
2017134B61601,1,9,0,18,0,0,0,0,1,11,3,1,2,2,61,9,999,1,2,7,1,7
2017134B61601,2,9,0,18,0,0,0,0,0,0,1,1,6,1,54,8,1596,1,2,1,1,1
2017134B61659,1,9,0,18,0,0,0,0,0,0,3,1,2,1,30,6,1781,1,14,7,1,7
2017134B61659,2,1,0,18,0,0,0,0,0,0,4,1,2,1,50,8,-1,-1,-1,6,1,6
2017134B61711,1,1,0,18,4,8,5,0,0,0,1,1,2,1,44,7,-1,-1,-1,6,1,6
2017134B61711,2,9,0,18,0,8,0,0,0,0,4,1,6,2,60,9,1984,1,2,7,1,7
2017134B61963,1,9,0,17,0,0,0,0,0,0,4,1,6,2,25,5,1598,1,2,2,1,2
2017134B61963,2,9,0,2,0,0,0,0,1,0,4,1,6,3,-1,-1,1900,2,17,-1,-1,-1
2017134B70348,1,9,0,18,0,0,0,0,0,0,1,1,6,2,38,7,1753,2,12,-1,-1,-1
2017134B70354,1,8,0,18,0,0,0,0,0,0,3,1,1,1,47,8,1560,2,8,2,1,2
2017134B70381,1,9,0,18,0,1,0,0,0,0,2,1,1,1,33,6,1499,2,-1,5,1,5
2017134B70381,2,11,0,18,0,1,0,0,0,0,1,1,1,1,60,9,9000,2,18,5,1,5
2017134B70398,1,9,0,9,0,8,0,0,0,0,4,1,2,1,25,5,1598,2,3,5,1,5
2017134B70398,2,1,0,15,4,1,0,0,0,0,1,1,2,1,19,4,-1,-1,-1,9,1,9
2017134B70768,1,9,0,18,0,0,0,0,0,0,1,1,6,2,43,7,1399,2,6,9,1,9
2017134B70942,1,9,0,18,0,0,0,0,0,0,1,1,1,1,45,7,1229,1,5,-1,-1,-1
2017134B70942,2,9,0,18,0,0,0,0,0,0,2,1,1,2,26,6,1399,2,11,1,1,1
2017134B71215,1,19,0,18,0,0,0,0,0,0,3,1,1,1,17,4,1753,2,12,5,1,5
2017134B71315,1,9,0,18,0,8,0,0,0,0,4,1,6,2,20,4,1339,1,13,-1,-1,-1
2017134B71315,2,9,0,18,0,8,0,0,0,0,1,1,6,1,80,11,1598,1,9,-1,-1,-1
2017134B71390,1,9,0,18,0,0,0,0,0,0,3,1,6,1,33,6,1968,2,7,3,1,3
2017134B71462,1,9,0,5,0,0,0,0,0,0,1,1,6,3,-1,-1,-1,-1,-1,-1,-1,-1
2017134B71766,1,9,0,18,0,2,0,0,0,0,3,1,6,2,59,9,1198,1,3,7,3,7
2017134B71772,1,9,0,9,0,1,0,0,0,0,3,1,1,1,27,6,1968,2,2,2,1,2
2017134B71772,2,1,0,9,0,1,0,0,0,0,4,1,1,2,35,6,-1,-1,-1,6,1,6
2017134B71834,1,9,0,18,0,0,0,0,0,0,1,1,6,2,36,7,1968,2,10,2,1,2
2017134B71971,1,9,0,18,0,3,0,7,7,1,1,1,6,1,18,4,1124,1,15,4,1,4
2017134B71971,2,9,0,18,0,4,0,0,5,0,1,1,6,2,36,7,1229,1,3,7,1,7
2017134B80084,1,3,0,18,0,1,2,10,0,0,1,1,6,1,19,4,-1,-1,-1,9,1,9
2017134B80211,1,9,0,18,0,0,0,0,0,0,1,1,6,2,-1,-1,-1,-1,-1,-1,-1,-1
2017134B80211,2,9,0,18,0,0,0,0,0,0,3,1,6,2,30,6,1200,1,3,9,1,9
2017134B80215,1,4,0,17,0,0,1,0,0,0,0,1,2,1,34,6,124,1,-1,2,1,2
2017134B80273,1,9,0,18,0,1,0,0,0,0,1,1,6,1,51,8,1998,2,8,4,1,4
2017134B80273,2,9,0,18,0,1,0,0,0,0,1,1,6,1,27,6,1329,1,6,6,1,6
2017134B80305,1,9,0,4,0,6,0,0,0,0,1,1,6,3,-1,-1,-1,-1,-1,-1,-1,-1
2017134B80305,2,9,0,3,0,6,0,0,0,0,2,1,2,2,47,8,1598,1,12,6,1,6
2017134B80305,3,11,0,18,0,8,0,0,0,0,3,1,1,1,40,7,7300,2,10,9,1,9
2017134B80366,1,9,0,18,0,0,0,0,1,4,1,1,6,1,42,7,2700,1,16,9,1,9
2017134B80581,1,9,0,18,0,0,0,0,0,0,4,1,3,1,-1,-1,1242,1,10,-1,-1,-1
2017134B80581,2,9,0,2,0,0,0,0,0,0,3,1,6,3,57,9,1242,1,14,2,1,2
2017134B80876,1,19,0,9,0,1,0,0,0,0,1,1,1,1,33,6,-1,-1,-1,4,1,4
2017134B80876,2,9,0,3,0,1,0,0,0,0,2,1,6,1,25,5,1598,1,10,1,1,1
2017134B80876,3,8,0,18,0,8,0,0,0,0,2,1,1,1,47,8,1968,2,-1,3,1,3
2017134B81105,1,9,0,18,0,0,0,0,1,0,1,1,6,2,50,8,1587,1,14,2,1,2
2017134B81335,1,9,0,18,0,0,1,11,7,11,1,1,2,1,40,7,2204,2,12,3,1,3
2017134B81335,2,21,1,18,0,0,1,11,1,2,1,1,1,1,47,8,-1,-1,-1,-1,-1,-1
2017134B81449,1,9,0,18,0,8,0,0,0,0,1,1,6,1,29,6,1598,2,4,1,1,1
2017134B81449,2,9,0,9,0,8,0,0,0,0,3,1,6,2,49,8,1390,1,13,2,1,2
2017134B81454,1,9,0,9,0,6,0,0,0,0,3,1,6,2,31,6,1796,1,12,-1,-1,-1
2017134B81454,2,9,0,18,0,8,0,0,0,0,1,1,6,2,26,6,1299,1,9,-1,-1,-1
2017134B81461,1,9,0,18,0,0,0,0,0,0,1,1,6,1,22,5,3200,1,14,10,1,10
2017134B81461,2,9,0,3,0,0,0,0,0,0,2,1,6,2,25,5,1339,1,10,10,1,10
2017134B81461,3,9,0,3,0,0,0,0,0,0,2,1,6,2,55,8,1598,1,10,3,1,3
2017134B81461,4,9,0,3,0,0,0,0,0,0,2,1,6,2,51,8,1598,2,4,3,1,3
2017134B81535,1,9,0,4,0,1,0,0,0,0,2,1,6,2,43,7,998,1,5,6,1,6
2017134B81535,2,9,0,4,0,1,0,0,0,0,1,1,6,1,29,6,1900,2,11,7,1,7
2017134B81630,1,9,0,18,9,0,0,0,1,0,1,1,6,1,20,4,998,1,11,7,3,7
2017134B81689,1,11,0,5,0,0,0,0,0,0,0,1,1,1,36,7,7300,2,13,2,1,2
2017134B81705,1,1,0,18,0,8,0,0,0,0,4,1,6,1,17,4,-1,-1,-1,5,1,5
2017134B81705,2,9,0,18,0,8,0,0,0,0,1,1,6,1,39,7,1781,1,20,1,1,1
2017134B81748,1,9,0,18,0,0,0,0,0,0,1,1,6,2,26,6,1388,1,15,1,1,1
2017134B81748,2,9,0,2,0,0,0,0,0,0,2,1,6,1,-1,-1,998,1,2,3,1,3
2017134B81748,3,9,0,18,0,0,0,0,0,0,0,1,6,3,-1,-1,-1,-1,-1,-1,-1,-1
2017134B81797,1,9,0,18,0,1,0,0,7,2,1,1,6,2,57,9,1149,1,4,6,1,6
2017134B81864,1,9,0,17,0,0,2,0,2,11,1,1,6,1,26,6,2793,1,18,6,1,6
2017134B90209,1,9,0,18,0,8,0,0,0,0,1,1,6,1,36,7,1995,2,7,7,1,7
2017134B90209,2,9,0,18,0,8,0,0,0,0,1,1,6,2,58,9,1997,1,8,7,1,7
2017134B90211,1,9,0,9,0,2,0,0,0,0,1,1,6,1,20,4,1896,2,14,5,1,5
2017134B90211,2,9,0,18,0,2,0,0,0,0,1,1,6,1,48,8,1560,2,2,1,1,1
2017134B90211,3,9,0,18,0,2,0,0,0,0,1,1,6,1,25,5,2685,2,14,1,1,1
2017134B90211,4,9,0,18,0,2,0,0,0,0,1,1,6,1,31,6,1560,2,3,8,1,8
2017134B90269,1,9,0,18,0,6,0,0,0,0,4,1,2,2,46,8,1360,1,10,1,1,1
2017134B90269,2,1,0,18,0,1,0,0,0,0,1,1,2,1,56,9,-1,-1,-1,7,1,7
2017134B90279,1,3,0,18,0,0,0,0,0,0,1,1,2,1,17,4,125,1,1,8,1,8
2017134B90279,2,9,0,18,0,0,0,0,0,0,2,1,2,2,60,9,1339,1,8,8,1,8
2017134B90424,1,9,0,17,0,0,0,0,0,1,1,1,6,1,87,11,1598,1,9,6,1,6
2017134B90559,1,9,0,9,0,8,0,0,0,0,4,1,6,1,41,7,1598,1,8,9,1,9
2017134B90559,2,9,0,18,0,4,0,0,0,0,1,1,6,1,77,11,2776,2,10,8,1,8
2017134B91166,1,9,0,1,0,6,0,0,0,0,2,1,1,1,45,7,2457,1,14,1,1,1
2017134B91166,2,9,0,18,0,8,0,0,0,0,3,1,1,1,49,8,1461,2,1,7,1,7
2017134B91225,1,9,0,9,0,6,0,0,0,0,3,1,6,1,52,8,1797,8,4,-1,-1,-1
2017134B91225,2,9,0,18,0,8,0,0,0,0,1,1,6,1,31,6,-1,-1,-1,-1,-1,-1
2017134B91371,1,1,0,18,4,1,0,0,0,0,4,1,6,1,36,7,-1,-1,-1,5,1,5
2017134B91371,2,19,0,5,0,1,0,0,0,0,1,1,1,1,52,8,2198,2,5,8,3,8
2017134B91387,1,9,0,7,0,1,0,0,0,0,0,1,6,1,36,7,1896,2,15,9,3,9
2017134B91387,2,1,0,18,0,1,0,0,0,0,0,1,6,2,27,6,-1,-1,-1,-1,-1,-1
2017134B91405,1,1,0,18,0,0,2,0,0,0,0,1,6,1,27,6,-1,-1,-1,-1,-1,-1
2017134B91419,1,9,0,18,0,1,0,0,0,0,4,1,1,1,47,8,1896,2,7,1,1,1
2017134B91419,2,9,0,18,0,1,0,0,0,0,1,1,2,1,57,9,-1,-1,-1,1,1,1
2017134B91857,1,1,0,5,0,6,0,0,0,0,1,1,6,2,45,7,-1,-1,-1,4,1,4
2017134B91857,2,9,0,7,0,5,0,0,0,0,4,1,6,3,-1,-1,-1,-1,-1,-1,-1,-1
2017134BA0214,1,3,0,18,0,8,0,0,0,0,1,1,2,1,30,6,125,1,11,1,1,1
2017134BA0214,2,9,0,10,0,1,0,0,0,0,3,1,6,2,76,11,998,1,13,7,1,7
2017134BA0263,1,3,0,18,0,1,0,0,0,0,1,1,2,1,18,4,102,1,-1,-1,-1,-1
2017134BA0263,2,9,0,9,0,1,0,0,0,0,4,1,2,1,33,6,1998,2,10,-1,-1,-1
2017134BA0364,1,9,0,18,0,1,0,0,0,0,4,1,6,3,-1,-1,-1,-1,-1,-1,-1,-1
2017134BA0364,2,1,0,10,0,1,0,0,0,0,1,1,2,1,28,6,-1,-1,-1,7,1,7
2017134BA0467,1,1,0,18,0,0,0,0,0,0,3,1,6,1,61,9,-1,-1,-1,10,1,10
2017134BA0467,2,9,0,5,0,0,0,0,0,0,4,1,6,1,63,9,2401,2,12,-1,-1,-1
2017134BA0669,1,21,1,18,0,5,0,0,0,0,1,1,1,1,57,9,16400,2,1,4,3,4
2017134BA0669,2,9,0,18,0,5,0,0,0,0,2,1,6,2,68,10,998,1,1,7,2,7
2017134BA1091,1,3,0,18,0,1,0,0,0,0,1,1,6,1,21,5,124,1,7,1,1,1
2017134BA1091,2,9,0,10,0,1,0,0,0,0,1,1,2,1,50,8,1997,2,11,1,1,1
2017134BA1176,1,9,0,4,0,0,0,0,0,0,2,1,6,1,29,6,1968,2,2,3,1,3
2017134BA1176,2,9,0,18,0,0,0,0,0,0,1,1,6,3,-1,-1,1998,2,19,-1,-1,-1
2017134BA1186,1,9,0,9,0,8,0,0,0,0,1,1,6,1,73,10,1896,2,7,2,1,2
2017134BA1186,2,9,0,3,0,8,0,0,0,0,1,1,6,1,21,5,1124,1,11,3,1,3
2017134BA1186,3,9,0,3,0,8,0,0,0,0,1,1,6,1,53,8,-1,-1,-1,2,1,2
2017134BA1209,1,9,0,9,0,1,0,0,0,0,1,1,6,1,50,8,1496,2,1,5,1,5
2017134BA1209,2,9,0,18,0,2,0,0,0,0,1,1,6,2,52,8,1229,1,2,9,1,9
2017134BA1320,1,9,0,18,0,1,0,0,0,0,1,1,2,2,33,6,1198,1,14,2,1,2
2017134BA1320,2,1,0,4,0,1,0,0,0,0,2,1,2,1,50,8,-1,-1,-1,6,1,6
2017134BA1346,1,9,0,15,0,0,0,0,0,0,1,1,6,3,-1,-1,-1,-1,-1,-1,-1,-1
2017134BA1346,2,9,0,18,0,0,1,0,0,0,2,1,2,1,29,6,1339,1,12,1,1,1
2017134BA1346,3,21,1,18,0,0,0,0,0,0,4,1,1,1,55,8,7698,2,1,1,1,1
2017134BA1347,1,9,0,15,0,0,0,0,0,0,1,1,6,1,22,5,1199,2,6,2,1,2
2017134BA1347,2,9,0,15,0,0,0,0,0,0,2,1,6,2,44,7,1598,2,4,7,1,7
2017134BA1389,1,90,0,18,0,0,0,0,0,0,0,1,6,3,-1,-1,-1,-1,-1,-1,-1,-1
2017134BA1389,2,1,0,18,0,0,5,0,1,0,0,1,2,1,22,5,-1,-1,-1,-1,-1,-1
2017134BA1402,1,9,0,18,0,0,0,0,0,0,2,1,6,1,42,7,1796,1,8,1,1,1
2017134BA1402,2,9,0,18,0,0,0,0,0,0,1,1,6,1,73,10,1200,1,1,6,2,6
2017134BA1425,1,1,0,9,0,6,0,0,0,0,3,1,6,1,29,6,-1,-1,-1,1,1,1
2017134BA1425,2,19,0,18,0,8,0,0,0,0,1,1,1,1,60,9,1870,2,11,7,3,7
2017134BA1514,1,9,0,18,0,1,0,0,0,0,1,1,2,1,20,4,1598,2,6,3,1,3
2017134BA1544,1,9,0,18,0,0,1,7,4,7,3,1,1,1,20,4,1149,1,12,1,1,1
2017134BA1627,1,11,0,5,0,1,0,0,0,0,1,1,1,1,31,6,8268,2,13,-1,-1,-1
2017134BA1627,2,9,0,3,0,1,0,0,0,0,2,1,6,1,40,7,1968,2,3,2,1,2
2017134BA1666,1,9,0,18,0,0,0,0,0,0,1,1,6,3,-1,-1,-1,-1,-1,-1,-1,-1
2017134BA1825,1,9,0,4,0,8,0,0,0,0,1,1,6,2,40,7,1149,1,15,3,1,3
2017134BA1825,2,9,0,3,0,8,0,0,0,0,2,1,6,1,45,7,1956,2,5,1,1,1
2017134BA1825,3,9,0,3,0,8,0,0,0,0,2,1,6,1,40,7,1598,2,-1,6,1,6
2017134BA2050,1,9,0,18,0,0,0,0,0,0,3,1,6,3,-1,-1,2199,2,4,-1,-1,-1
2017134BA2050,2,9,0,2,0,0,0,0,0,0,0,1,6,1,51,8,1360,1,11,5,1,5
2017134BB0317,1,8,0,9,0,5,0,0,0,0,1,1,1,1,62,9,1598,2,5,2,1,2
2017134BB0317,2,1,0,18,0,8,0,0,0,0,3,1,2,1,30,6,-1,-1,-1,5,1,5
2017134BB0624,1,9,0,1,9,6,0,0,0,0,2,1,6,2,56,9,1296,1,9,9,1,9
2017134BB0929,1,19,0,9,0,8,0,0,0,0,1,1,1,1,35,6,1461,2,6,-1,-1,-1
2017134BB0929,2,1,0,17,0,1,2,0,0,0,1,1,6,1,45,7,-1,-1,-1,-1,-1,-1
2017134BB1224,1,9,0,18,0,0,0,0,0,0,1,1,6,1,18,4,1598,1,3,9,1,9
2017134BB1224,2,5,0,18,0,0,0,0,0,0,1,1,6,1,34,6,599,1,18,3,1,3
2017134BB1249,1,19,0,18,0,0,0,0,0,0,4,1,1,1,29,6,1995,2,4,10,1,10
2017134BB1519,1,9,0,5,0,4,0,0,0,0,1,1,6,2,53,8,1685,2,3,1,1,1
2017134BB1519,2,9,0,18,0,3,0,0,0,0,4,1,6,2,26,6,1598,1,10,2,1,2
2017134BB1536,1,9,0,18,0,8,0,0,0,0,4,1,6,1,40,7,1896,2,16,9,1,9
2017134BB1536,2,9,0,18,0,8,0,0,0,0,4,1,6,1,32,6,1968,2,4,8,1,8
2017134BB1652,1,9,0,18,0,0,0,0,1,7,1,1,6,2,26,6,1781,1,17,1,1,1
2017134BB1714,1,9,0,18,0,0,0,0,0,0,1,1,2,1,48,8,1598,2,1,1,1,1
2017134BB1726,1,9,0,9,0,1,0,0,0,0,1,2,6,3,-1,-1,-1,-1,-1,-1,-1,-1
2017134BB2084,1,9,0,18,0,0,0,0,0,0,1,1,6,1,35,6,1910,2,11,1,1,1
2017134BB2201,1,9,0,18,0,8,0,0,0,0,3,1,6,1,26,6,2000,2,13,1,1,1
2017134BB2201,2,9,0,18,0,8,0,0,0,0,1,1,6,1,26,6,1240,1,12,1,1,1
2017134BB2240,1,9,0,18,0,1,0,0,0,0,1,1,6,1,22,5,1984,1,6,2,1,2
2017134BB2240,2,9,0,4,0,1,0,0,0,0,2,1,6,1,46,8,1497,8,8,1,1,1
2017134BC0032,1,8,0,7,0,0,0,0,0,0,1,1,1,1,48,8,-1,-1,-1,1,1,1
2017134BC0032,2,9,0,18,0,0,0,0,0,0,1,1,6,1,32,6,1242,1,12,9,1,9
2017134BC0056,1,8,0,18,0,8,0,0,0,0,1,1,1,1,42,7,1798,8,3,-1,-1,-1
2017134BC0165,1,1,0,18,4,0,0,0,0,0,2,1,6,1,19,4,-1,-1,-1,1,1,1
2017134BC0294,1,9,0,16,0,0,0,0,7,4,1,1,6,3,-1,-1,1395,1,1,-1,-1,-1
2017134BC0507,1,9,0,18,0,0,0,0,0,0,4,1,6,1,39,7,1686,2,15,1,1,1
2017134BC0507,2,9,0,5,0,0,0,0,0,0,1,1,6,1,38,7,1991,1,1,1,1,1
2017134BC0671,1,9,0,9,0,8,0,0,0,0,1,1,1,2,24,5,1362,1,3,6,1,6