Accident_Index,Vehicle_Reference,Vehicle_Type,Towing_and_Articulation,Vehicle_Manoeuvre,Vehicle_Location-Restricted_Lane,Junction_Location,Skidding_and_Overturning,Hit_Object_in_Carriageway,Vehicle_Leaving_Carriageway,Hit_Object_off_Carriageway,1st_Point_of_Impact,Was_Vehicle_Left_Hand_Drive?,Journey_Purpose_of_Driver,Sex_of_Driver,Age_of_Driver,Age_Band_of_Driver,Engine_Capacity_(CC),Propulsion_Code,Age_of_Vehicle,Driver_IMD_Decile,Driver_Home_Area_Type,Vehicle_IMD_Decile
2017134BC0671,2,9,0,5,0,4,0,0,0,0,1,1,6,1,50,8,1995,2,-1,-1,-1,-1
2017134BC0673,1,9,0,18,0,1,0,0,0,0,0,1,1,1,42,7,-1,-1,-1,7,3,7
2017134BC0673,2,9,0,18,0,1,0,0,0,0,2,1,2,1,34,6,1618,1,1,8,1,8
2017134BC0673,3,9,0,18,0,1,0,0,0,0,1,1,2,1,31,6,1396,2,7,-1,-1,-1
2017134BC0716,1,1,0,18,0,0,1,0,0,0,1,1,6,2,23,5,-1,-1,-1,-1,-1,-1
2017134BC0716,2,8,0,6,0,0,0,0,0,0,3,1,6,1,47,8,1560,2,6,-1,-1,-1
2017134BC1017,1,2,0,18,0,8,0,0,0,0,4,1,6,1,21,5,49,1,9,8,1,8
2017134BC1017,2,9,0,4,0,8,0,0,0,0,3,1,6,2,27,6,1248,2,4,1,1,1
2017134BC1024,1,9,0,2,0,0,0,0,0,0,1,1,6,1,32,6,1199,2,6,1,1,1
2017134BC1024,2,9,0,1,0,0,0,0,0,0,2,1,6,2,40,7,1396,1,13,2,1,2
2017134BC1050,1,9,0,18,0,0,0,0,0,0,1,1,6,1,41,7,1968,2,7,3,1,3
2017134BC1313,1,9,0,18,0,0,0,0,0,0,1,1,6,2,37,7,2496,2,12,1,1,1
2017134BC1313,2,19,0,2,0,0,0,0,0,11,2,1,6,1,-1,-1,2287,2,4,-1,-1,-1
2017134BC1410,1,9,0,9,0,8,0,0,0,0,1,1,2,1,35,6,998,1,15,3,1,3
2017134BC1620,1,9,0,18,0,8,0,0,0,0,4,1,6,1,48,8,1242,1,6,1,1,1
2017134BC1620,2,9,0,7,0,6,0,0,0,0,1,1,6,1,21,5,-1,-1,-1,-1,-1,-1
2017134BC1843,1,9,0,7,0,6,0,0,0,0,1,1,6,1,33,6,1198,1,13,1,1,1
2017134BC1843,2,9,0,18,0,1,0,0,0,0,1,1,6,2,50,8,1496,2,1,7,1,7
2017134BC1927,1,9,0,5,0,6,0,0,0,0,1,1,6,1,50,8,1242,1,13,1,1,1
2017134BD0051,1,9,0,18,0,8,0,0,1,7,1,1,6,1,23,5,1896,2,15,1,1,1
2017134BD0051,2,9,0,18,0,8,0,0,0,0,1,1,6,1,43,7,1390,1,14,1,1,1
2017134BD0173,1,9,0,9,0,5,0,0,0,0,1,1,6,1,53,8,-1,-1,-1,-1,-1,-1
2017134BD0173,2,1,0,18,0,1,0,0,0,0,1,1,6,2,49,8,-1,-1,-1,-1,-1,-1
2017134BD0182,1,9,0,9,0,1,0,0,0,0,3,1,2,1,48,8,1598,2,-1,4,1,4
2017134BD0182,2,19,0,16,0,1,0,0,0,0,1,1,2,1,33,6,1968,2,7,7,2,7
2017134BD0627,1,9,0,9,0,1,0,0,0,0,4,1,6,2,81,11,1997,1,3,8,1,8
2017134BD0627,2,1,0,18,0,1,0,0,0,0,1,1,6,1,50,8,-1,-1,-1,6,3,6
2017134BD0643,1,9,0,18,0,1,0,0,0,0,2,1,6,1,19,4,1398,1,6,-1,-1,-1
2017134BD0643,2,9,0,7,0,1,0,0,0,0,0,1,6,2,23,5,1388,1,13,-1,-1,-1
2017134BD0643,3,9,0,2,0,1,0,0,0,0,0,1,6,3,-1,-1,1998,2,8,-1,-1,-1
2017134BD0643,4,9,0,2,0,1,0,0,0,0,0,1,6,3,-1,-1,1999,2,-1,-1,-1,-1
2017134BD0700,1,9,0,18,0,0,0,0,7,2,1,1,6,1,44,7,1997,2,7,10,1,10
2017134BD1199,1,9,0,3,0,0,0,0,0,0,1,1,6,1,40,7,1422,2,12,5,1,5
2017134BD1199,2,19,0,3,0,0,0,0,0,0,2,1,2,1,38,7,1560,2,2,3,1,3
2017134BD1199,3,9,0,3,0,0,0,0,0,0,2,1,3,1,66,10,2967,2,6,7,1,7
2017134BD1260,1,9,0,18,0,1,0,0,0,0,1,1,2,1,20,4,1242,1,9,6,1,6
2017134BD1322,1,9,0,18,0,8,0,0,0,0,1,1,6,2,56,9,998,1,2,2,1,2
2017134BD1322,2,9,0,9,0,6,0,0,0,0,3,1,6,1,36,7,1398,1,15,2,1,2
2017134BD1357,1,11,0,9,0,8,0,0,0,0,3,1,1,1,36,7,9360,2,5,3,3,3
2017134BD1357,2,9,0,18,0,8,0,0,0,0,1,1,6,3,-1,-1,1994,1,13,-1,-1,-1
2017134BD1524,1,9,0,18,0,0,0,0,0,0,2,1,2,2,31,6,1968,2,7,3,1,3
2017134BD1524,2,9,0,18,0,0,0,0,0,0,1,1,6,2,20,4,1086,1,11,2,1,2
2017134BD1643,1,9,0,18,0,8,0,0,0,0,2,1,6,1,31,6,1968,2,-1,-1,-1,-1
2017134BD1643,2,9,0,18,0,8,0,0,0,0,1,1,6,1,24,5,1968,2,4,2,1,2
2017134BD2069,1,9,0,5,0,6,0,0,0,0,0,1,6,3,-1,-1,-1,-1,-1,-1,-1,-1
2017134BD2069,2,11,0,18,0,8,0,0,0,0,0,1,1,3,-1,-1,5132,2,1,-1,-1,-1
2017134BE0215,1,9,0,18,0,0,0,0,0,0,2,1,2,2,43,7,1461,2,2,3,1,3
2017134BE0215,2,9,0,18,0,0,0,0,0,0,2,1,2,1,28,6,1496,2,2,4,1,4
2017134BE0215,3,9,0,18,0,0,0,0,0,0,1,1,2,1,67,10,1956,2,3,8,1,8
2017134BE0996,1,9,0,3,0,0,0,0,0,0,2,1,6,2,61,9,1794,1,11,3,2,3
2017134BE0996,2,9,0,18,0,0,0,0,0,0,1,1,6,1,-1,-1,1986,2,10,-1,-1,-1
2017134BE1416,1,11,0,18,0,6,0,0,0,0,0,1,3,1,59,9,7300,2,16,1,1,1
2017134BE1431,1,9,0,18,0,0,0,0,0,0,1,1,6,1,53,8,1984,1,10,-1,-1,-1
2017134BE1431,2,9,0,4,0,0,0,0,0,0,2,1,6,1,22,5,1248,1,1,10,1,10
2017134BE1431,3,9,0,4,0,0,0,0,0,0,2,1,6,1,65,9,1560,2,13,-1,-1,-1
2017134BE1492,1,9,0,9,0,8,0,0,0,0,1,1,6,1,30,6,-1,-1,-1,-1,-1,-1
2017134BE1492,2,9,0,18,0,1,0,0,0,0,1,1,6,1,38,7,-1,-1,-1,-1,-1,-1
2017134BE1642,1,9,0,9,0,8,0,0,0,0,1,1,6,1,30,6,1598,1,16,2,1,2
2017134BE1642,2,9,0,4,0,8,0,0,0,0,1,1,6,1,54,8,1685,2,1,-1,-1,-1
2017134BE1643,1,9,0,18,0,0,0,0,0,0,1,1,6,3,-1,-1,-1,-1,-1,-1,-1,-1
2017134BE1798,1,2,0,18,0,0,0,4,0,0,1,1,6,3,-1,-1,-1,-1,-1,-1,-1,-1
2017134BE1798,2,1,0,18,0,0,0,0,0,0,2,1,6,1,11,3,-1,-1,-1,-1,-1,-1
2017134BE1812,1,19,0,18,0,0,0,0,0,0,1,1,6,1,43,7,2198,2,7,1,1,1
2017134BE1812,2,9,0,2,0,0,0,0,0,0,3,1,6,1,-1,-1,1998,2,7,1,1,1
2017134BE1812,3,9,0,2,0,0,0,0,0,0,3,1,6,2,18,4,1968,2,-1,1,1,1
2017134BE1812,4,9,0,2,0,0,0,0,0,0,2,1,6,1,53,8,1468,1,19,1,1,1
2017134BE2004,1,9,0,9,0,0,0,0,0,0,3,1,6,1,45,7,1598,2,5,7,1,7
2017134BE2004,2,9,0,9,0,0,0,0,0,0,1,1,6,3,-1,-1,-1,-1,-1,-1,-1,-1
2017134BF0116,1,9,0,18,0,0,0,0,1,1,1,1,6,1,22,5,998,1,15,4,1,4
2017134BF0300,1,1,0,18,0,8,5,0,0,0,1,1,2,1,60,9,-1,-1,-1,7,1,7
2017134BF0300,2,9,0,10,0,8,0,0,0,0,4,1,6,3,-1,-1,1461,2,12,-1,-1,-1
2017134BF0346,1,9,0,18,0,0,0,0,0,0,1,1,6,2,17,4,1896,2,10,6,1,6
2017134BF0346,2,9,0,3,0,0,0,0,0,0,2,1,6,2,33,6,1499,2,2,-1,-1,-1
2017134BF0553,1,1,0,18,0,0,0,11,0,0,0,1,2,1,38,7,-1,-1,-1,9,1,9
2017134BF0681,1,9,0,4,0,0,0,0,0,0,1,1,1,2,29,6,1496,2,1,9,1,9
2017134BF0681,2,9,0,4,0,0,0,0,0,0,2,1,6,2,35,6,1968,2,5,1,1,1
2017134BF0752,1,9,0,18,9,6,0,0,0,0,1,1,6,2,60,9,1956,2,4,5,1,5
2017134BF0752,2,1,0,18,9,8,5,0,0,0,1,1,6,2,30,6,-1,-1,-1,-1,-1,-1
2017134BF0801,1,1,0,9,0,8,0,0,0,0,3,1,6,2,21,5,-1,-1,-1,6,1,6
2017134BF0801,2,19,0,18,0,8,0,0,0,0,4,1,6,3,-1,-1,1996,2,7,-1,-1,-1
2017134BF0877,1,9,0,18,0,1,0,0,0,0,3,1,6,1,43,7,1796,1,10,5,1,5
2017134BF0877,2,9,0,18,0,1,0,0,0,0,3,1,6,1,33,6,1397,1,9,1,1,1
2017134BF1808,1,9,0,9,0,6,0,0,0,0,4,1,6,2,73,10,999,1,2,6,2,6
2017134BF1808,2,4,0,18,0,8,0,0,0,0,3,1,6,1,17,4,124,1,1,6,3,6
2017134BF1828,1,9,0,18,9,3,0,0,1,0,0,1,6,1,22,5,1900,2,11,6,1,6
2017134BF1828,2,9,0,18,0,3,0,0,0,1,2,1,6,1,44,7,1587,1,14,9,2,9
2017134BG0233,1,21,0,1,0,8,0,0,0,0,0,1,1,1,54,8,-1,-1,-1,2,1,2
2017134BG0234,1,9,0,18,0,0,1,0,1,4,1,1,1,1,48,8,1896,2,13,-1,-1,-1
2017134BG0234,2,20,0,18,0,0,1,0,7,4,1,1,1,1,26,6,5193,2,10,-1,-1,-1
2017134BG0271,1,19,0,18,0,0,0,0,0,0,1,1,6,1,25,5,2299,2,4,8,1,8
2017134BG0271,2,9,0,4,0,0,0,0,0,0,2,1,6,2,23,5,998,1,3,1,1,1
2017134BG0278,1,9,0,18,0,8,0,0,0,0,1,1,6,1,18,4,1198,1,11,6,1,6
2017134BG0278,2,9,0,18,0,4,0,0,0,0,3,1,6,2,38,7,998,1,4,6,1,6
2017134BG0278,3,9,0,18,0,1,0,0,0,0,3,1,2,1,29,6,1461,2,-1,2,1,2
2017134BG0302,1,9,0,5,0,1,0,0,0,0,1,1,1,2,52,8,1956,2,6,7,1,7
2017134BG0302,2,9,0,18,0,1,0,0,0,0,1,1,1,2,25,5,1968,2,8,5,1,5
2017134BG0347,1,9,0,18,0,1,0,0,0,0,1,1,6,1,32,6,1149,1,8,3,1,3
2017134BG0347,2,9,0,18,0,1,0,0,0,0,1,1,6,1,-1,-1,998,1,2,2,1,2
2017134BG0363,1,9,0,18,0,0,5,0,0,0,1,1,6,1,79,11,1956,2,4,4,1,4
2017134BG0363,2,9,0,2,0,0,0,0,0,0,4,1,6,3,-1,-1,1968,2,11,7,2,7
2017134BG0410,1,9,0,18,0,8,0,0,0,0,1,1,6,3,-1,-1,1997,1,14,-1,-1,-1
2017134BG0410,2,9,0,18,0,8,0,0,0,0,1,1,6,2,28,6,1299,1,13,5,1,5
2017134BG0432,1,9,0,1,0,0,0,0,0,0,4,1,6,2,38,7,2993,2,-1,4,1,4
2017134BG0432,2,5,0,18,0,0,1,0,0,0,1,1,6,1,44,7,800,1,5,2,1,2
2017134BG0465,1,9,0,9,0,1,0,0,0,0,0,1,6,3,-1,-1,-1,-1,-1,-1,-1,-1
2017134BG0465,2,1,0,18,0,8,1,0,0,0,0,1,6,2,57,9,-1,-1,-1,-1,-1,-1
2017134BG0562,1,9,0,18,0,0,2,0,0,0,1,1,6,1,43,7,1598,1,9,1,1,1
2017134BG0562,2,9,0,18,0,0,0,0,0,0,2,1,1,2,50,8,1461,2,1,7,1,7
2017134BG0603,1,9,0,1,0,0,0,0,0,0,2,1,6,1,75,10,1798,1,13,5,3,5
2017134BG0830,1,9,0,18,0,8,0,0,0,0,1,1,1,1,26,6,1590,1,13,7,1,7
2017134BG0830,2,9,0,7,0,3,0,0,0,0,2,1,1,2,19,4,1197,1,1,1,1,1
2017134BG0873,1,9,0,18,0,0,0,0,0,0,1,1,6,1,27,6,1598,1,10,2,2,2
2017134BG0873,2,9,0,2,0,0,0,0,0,0,1,1,6,1,-1,-1,1229,1,7,-1,-1,-1
2017134BG0948,1,9,0,9,0,8,0,0,0,0,1,1,6,2,28,6,1956,2,8,2,1,2
2017134BG0948,2,9,0,9,0,8,0,0,0,0,3,1,6,1,19,4,998,1,15,8,1,8
2017134BG1199,1,9,0,6,0,0,0,0,0,0,3,1,6,1,75,10,1590,1,14,3,1,3
2017134BG1199,2,9,0,18,0,0,0,0,0,0,4,1,6,1,22,5,1968,2,1,1,1,1
2017134BG1199,3,9,0,2,9,0,0,0,0,0,3,1,6,1,-1,-1,2402,2,9,-1,-1,-1
2017134BG1259,1,1,0,18,0,0,0,0,0,0,3,1,6,1,38,7,-1,-1,-1,9,3,9
2017134BG1259,2,9,0,15,0,0,0,0,0,0,4,1,6,3,-1,-1,-1,-1,-1,-1,-1,-1
2017134BG1323,1,9,0,7,0,8,0,0,0,0,1,1,6,3,-1,-1,-1,-1,-1,-1,-1,-1
2017134BG1323,2,1,0,18,0,8,5,0,0,0,2,1,6,2,25,5,-1,-1,-1,4,1,4
2017134BG1326,1,9,0,4,0,0,0,0,0,0,2,1,6,1,50,8,1896,2,7,-1,-1,-1
2017134BG1326,2,9,0,18,0,0,0,0,0,0,1,1,6,1,38,7,1797,8,4,3,1,3
2017134BH0306,1,9,0,4,0,0,0,0,0,0,2,1,6,1,23,5,998,1,6,3,1,3
2017134BH0306,2,9,0,18,0,0,0,0,0,0,1,1,6,1,23,5,1496,2,1,1,1,1
2017134BH0306,3,9,0,2,0,0,0,0,0,0,1,1,6,1,36,7,1997,2,-1,3,1,3
2017134BH0349,1,9,0,3,0,0,0,0,0,0,0,1,6,3,-1,-1,-1,-1,-1,-1,-1,-1
2017134BH0534,1,9,0,18,0,0,0,0,0,0,1,1,6,1,79,11,1390,1,14,5,1,5
2017134BH0681,1,9,0,18,0,0,0,0,0,0,1,1,6,3,-1,-1,-1,-1,-1,-1,-1,-1
2017134BH1338,1,9,0,18,0,1,0,0,0,0,4,1,6,2,25,5,998,1,1,3,1,3
2017134BH1338,2,9,0,18,0,1,0,0,0,0,1,1,6,1,23,5,1753,2,13,2,1,2
2017134BH1343,1,9,0,18,0,8,0,0,0,0,1,1,6,3,-1,-1,-1,-1,-1,-1,-1,-1
2017134BH1343,2,9,0,3,0,8,0,0,0,0,2,1,1,1,41,7,-1,-1,-1,1,1,1
2017134BH1532,1,9,0,9,0,8,0,0,0,0,1,1,6,1,47,8,1590,1,13,1,1,1
2017134BH1532,2,9,0,18,0,1,0,0,0,0,1,1,6,1,46,8,2000,1,12,-1,-1,-1
2017134BH1649,1,9,0,9,0,5,0,0,0,0,4,1,6,1,80,11,1598,1,10,2,1,2
2017134BH1649,2,9,0,13,0,1,0,0,0,0,1,1,6,1,-1,-1,-1,-1,-1,-1,-1,-1
2017134BH2079,1,9,0,18,0,1,0,0,0,0,1,1,6,1,-1,-1,-1,-1,-1,-1,-1,-1
2017134BH2132,1,9,0,18,0,0,0,0,0,0,1,1,6,3,-1,-1,-1,-1,-1,-1,-1,-1
2017134BH2132,2,1,0,18,0,0,0,0,0,0,1,1,6,2,19,4,-1,-1,-1,7,3,7
2017134BH2247,1,9,0,7,0,2,0,0,0,0,1,1,6,1,39,7,1388,1,13,4,1,4
2017134BH2247,2,9,0,18,0,1,0,0,0,0,1,1,1,1,23,5,1598,2,6,1,1,1
2017134BI0495,1,21,1,12,0,0,0,0,0,0,1,1,1,1,37,7,-1,-1,-1,-1,-1,-1
2017134BI0495,2,9,0,18,0,0,1,0,2,7,4,1,6,1,47,8,1242,1,3,6,1,6
2017134BI0506,1,9,0,10,0,1,0,0,0,0,1,1,6,1,56,9,1598,2,4,8,1,8
2017134BI0506,2,1,0,18,0,1,0,0,0,0,1,1,6,1,45,7,-1,-1,-1,9,1,9
2017134BI0506,3,1,0,18,0,1,0,0,0,0,1,1,6,1,46,8,-1,-1,-1,8,1,8
2017134BI0506,4,1,0,18,0,1,0,0,0,0,4,1,6,1,53,8,-1,-1,-1,8,1,8
2017134BI0718,1,19,0,18,0,0,0,0,0,0,4,1,1,1,48,8,1598,2,1,-1,-1,-1
2017134BI0718,2,21,4,18,0,0,0,0,0,0,3,1,1,1,43,7,10837,2,3,3,1,3
2017134BI1118,1,9,0,18,0,0,0,0,0,0,1,1,6,1,23,5,1497,1,16,1,1,1
2017134BI1118,2,9,0,18,0,0,0,0,0,0,1,1,6,1,51,8,1390,1,12,4,1,4
2017134BI1118,3,9,0,2,0,0,0,0,0,0,3,1,6,1,35,6,1246,1,11,3,1,3
2017134BI1191,1,9,0,5,0,0,0,0,0,0,1,1,6,2,47,8,1951,2,12,2,1,2
2017134BI1191,2,1,0,5,0,0,0,0,0,0,2,1,1,1,25,5,-1,-1,-1,7,1,7
2017134BI1397,1,9,0,18,0,0,5,4,0,0,1,1,6,2,32,6,1395,1,2,7,1,7
2017134BI1397,2,9,0,2,0,0,0,0,0,0,2,1,6,1,-1,-1,1597,2,3,6,1,6
2017134BI1401,1,9,0,18,0,1,0,0,0,0,1,1,6,1,25,5,1364,1,9,3,1,3
2017134BI1401,2,9,0,18,0,1,0,0,0,0,2,1,6,1,62,9,998,1,10,6,1,6
2017134BI1401,3,9,0,2,0,2,0,0,0,0,2,1,6,2,46,8,1560,2,12,7,1,7
2017134BI1544,1,9,0,9,0,1,0,0,0,0,1,1,1,1,30,6,-1,-1,-1,2,1,2
2017134BI1544,2,9,0,5,0,1,0,0,0,0,4,1,6,2,57,9,-1,-1,-1,3,1,3
2017134BI1816,1,2,0,18,0,1,0,0,0,0,1,1,6,1,16,4,-1,-1,-1,1,1,1
2017134BI1816,2,8,0,9,0,5,0,0,0,0,4,1,1,1,38,7,1598,2,2,3,1,3
2017134BJ0021,1,9,0,5,0,0,0,0,0,0,1,1,6,1,23,5,2993,2,2,-1,-1,-1
2017134BJ0210,1,9,0,18,0,0,0,0,0,0,1,1,6,1,27,6,2993,2,2,5,1,5
2017134BJ0566,1,11,0,18,0,8,0,0,0,0,1,1,6,1,50,8,7300,2,11,3,1,3
2017134BJ0566,2,9,0,9,0,8,0,0,0,0,2,1,1,1,-1,-1,1248,2,6,5,1,5
2017134BJ0742,1,9,0,18,0,8,0,0,0,0,3,1,6,2,62,9,1997,2,9,-1,-1,-1
2017134BJ0742,2,9,0,7,0,8,0,0,0,0,1,1,6,1,-1,-1,1399,1,-1,1,1,1
2017134BJ0854,1,9,0,5,0,2,0,0,0,0,1,1,6,1,32,6,1596,1,11,4,1,4
2017134BJ0854,2,9,0,18,0,1,0,0,0,0,1,1,6,2,42,7,998,1,14,5,1,5
2017134BJ0925,1,9,0,7,0,6,0,0,0,0,0,1,6,2,66,10,1968,2,2,9,2,9
2017134BJ0925,2,1,0,18,0,8,0,0,0,0,0,1,6,2,55,8,-1,-1,-1,2,1,2
2017134BJ0986,1,9,0,18,0,0,0,0,0,0,4,1,6,1,18,4,1398,1,-1,1,1,1
2017134BJ1042,1,5,0,18,0,8,0,0,0,0,1,1,6,1,22,5,689,1,1,6,1,6
2017134BJ1042,2,9,0,9,0,6,0,0,0,0,3,1,6,2,51,8,1248,2,5,5,1,5
2017134BJ1085,1,19,0,18,0,0,5,0,2,4,1,1,1,1,28,6,1248,2,9,3,1,3
2017134BJ1085,2,9,0,2,0,0,0,0,0,0,2,1,6,1,-1,-1,1956,2,4,-1,-1,-1
2017134BJ1117,1,9,0,1,0,8,0,0,0,0,2,1,6,1,32,6,1956,2,3,1,1,1
2017134BJ1117,2,9,0,4,0,8,0,0,0,0,1,1,1,1,44,7,2993,2,1,6,1,6
2017134BJ1135,1,9,0,18,0,0,0,0,0,0,3,1,6,1,65,9,2400,2,-1,6,3,6
2017134BJ1135,2,5,0,18,0,0,1,0,0,0,3,1,6,1,59,9,749,1,15,2,1,2
2017134BJ1152,1,9,0,18,0,0,0,0,0,0,1,1,6,1,33,6,1870,2,13,1,1,1
2017134BJ1152,2,9,0,18,0,0,0,0,0,0,2,1,6,1,42,7,2902,2,13,3,1,3
2017134BK0216,1,9,0,18,0,0,0,0,0,0,1,1,6,2,46,8,1997,2,6,5,2,5
2017134BK0584,1,9,0,9,0,1,0,0,0,0,1,1,6,1,60,9,1598,1,7,3,1,3
2017134BK0584,2,1,0,18,0,1,0,0,0,0,1,1,6,2,30,6,-1,-1,-1,6,1,6
2017134BK0701,1,4,0,4,0,8,0,0,0,0,1,1,6,1,21,5,125,1,-1,1,1,1
2017134BK0701,2,4,0,4,0,8,0,0,0,0,1,1,6,1,19,4,-1,-1,-1,10,3,10
2017134BK0767,1,3,0,18,0,0,0,0,0,0,3,1,6,1,17,4,125,1,6,7,2,7
2017134BK0864,1,9,0,18,0,0,0,0,0,0,1,1,6,1,63,9,1398,1,6,4,1,4
2017134BK1153,1,9,0,18,0,8,0,0,0,0,1,1,6,2,19,4,998,1,10,2,1,2
2017134BK1153,2,9,0,5,0,6,0,0,0,0,1,1,6,1,50,8,1598,1,10,3,1,3
2017134BK1204,1,21,1,18,0,0,0,0,0,0,2,1,6,3,42,7,-1,-1,-1,-1,-1,-1
2017134BK1204,2,9,0,18,0,0,0,0,0,0,1,1,6,2,79,11,2000,2,10,5,1,5
2017134BK1204,3,21,1,18,0,0,0,0,0,0,2,1,1,1,31,6,12740,2,4,2,2,2
2017134BK1204,4,21,1,18,0,0,0,4,0,0,1,1,1,1,62,9,12419,2,2,-1,-1,-1
2017134BK1661,1,9,0,18,0,8,0,0,0,0,1,1,6,2,20,4,1197,1,1,7,1,7
2017134BK1661,2,9,0,18,0,1,0,0,0,0,3,1,6,2,53,8,1998,1,2,3,1,3
2017134BK1979,1,9,0,18,0,8,0,0,0,11,1,1,6,1,56,9,1560,2,5,4,1,4
2017134BL0239,1,19,0,4,0,0,0,0,0,0,1,1,2,1,30,6,-1,-1,-1,5,1,5
2017134BL0239,2,9,0,4,0,0,1,0,0,0,1,1,2,1,22,5,-1,-1,-1,1,1,1
2017134BL0239,3,19,0,4,0,0,0,0,0,0,2,1,2,2,26,6,-1,-1,-1,3,3,3
2017134BL0239,4,9,0,4,0,0,0,0,0,0,2,1,2,1,45,7,-1,-1,-1,5,1,5
2017134BL0242,1,9,0,9,0,5,0,0,0,0,1,1,2,2,27,6,998,1,1,9,1,9
2017134BL0354,1,9,0,18,0,0,0,0,0,0,1,1,2,2,34,6,1896,2,7,5,1,5
2017134BL0354,2,9,0,17,0,0,0,0,0,0,1,1,2,1,46,8,1242,1,11,9,2,9
2017134BL0490,1,9,0,2,0,0,0,0,0,0,1,1,6,1,-1,-1,1598,1,14,-1,-1,-1
2017134BL0490,2,9,0,18,0,0,1,4,0,0,1,1,6,2,52,8,1248,1,4,6,1,6
2017134BL0574,1,9,0,9,0,6,0,0,0,0,1,1,6,2,57,9,1498,1,15,-1,-1,-1
2017134BL0574,2,1,0,18,0,1,0,0,0,0,0,1,6,2,57,9,-1,-1,-1,-1,-1,-1
2017134BL0599,1,9,0,18,0,0,0,0,0,0,1,1,6,1,69,10,1198,1,4,1,1,1
2017134BL1092,1,9,0,18,0,0,0,0,0,0,1,1,6,2,25,5,1496,1,-1,7,1,7
2017134BL1251,1,9,0,18,0,0,1,0,0,0,1,1,6,1,22,5,1390,1,15,-1,-1,-1
2017134BL1306,1,9,0,9,0,8,0,0,0,0,4,1,6,2,27,6,1242,1,4,5,1,5
2017134BL1306,2,1,0,18,0,8,0,0,0,0,1,1,6,1,51,8,-1,-1,-1,7,1,7
2017134BL1351,1,9,0,9,0,8,0,0,0,0,1,1,6,2,20,4,1364,1,10,6,2,6
2017134BL1351,2,9,0,9,0,8,0,0,0,0,3,1,6,2,30,6,1995,2,-1,8,1,8
2017134BL1597,1,9,0,18,0,0,0,0,0,0,4,1,2,1,22,5,1598,1,1,10,1,10
2017134BL1597,2,5,0,18,0,0,5,0,0,0,3,1,2,1,55,8,998,1,11,-1,-1,-1
2017134BL1856,1,9,0,7,0,8,0,0,0,0,1,1,6,1,35,6,1995,2,2,7,1,7
2017134BL1888,1,9,0,18,0,6,0,0,0,0,1,1,6,1,93,11,1598,1,20,5,2,5
2017134BL1888,2,9,0,18,0,8,0,0,0,0,4,1,6,1,57,9,1560,2,3,7,1,7
2017134BL2032,1,4,0,18,0,0,1,0,0,0,0,1,6,1,48,8,124,1,3,1,1,1
2017134BM0217,1,19,0,1,0,0,0,0,0,0,2,1,6,1,33,6,2402,2,10,9,2,9
2017134BM0280,1,9,0,18,0,0,0,0,0,0,1,1,6,1,43,7,1199,1,14,3,1,3
2017134BM0280,2,1,0,18,0,0,0,0,0,0,1,1,6,1,51,8,-1,-1,-1,4,1,4
2017134BM0320,1,3,0,16,0,0,0,0,0,0,0,1,2,1,26,6,124,1,3,4,1,4
2017134BM0425,1,9,0,18,0,0,0,0,0,0,1,1,6,1,51,8,1997,2,1,1,1,1
2017134BM0425,2,9,0,18,0,0,0,0,0,0,1,1,6,1,47,8,2926,2,15,3,1,3
2017134BM0661,1,9,0,4,0,0,0,0,0,0,2,1,6,1,33,6,1796,2,5,5,1,5
2017134BM0661,2,19,0,18,0,0,0,0,0,0,1,1,6,1,-1,-1,1560,2,2,-1,-1,-1
2017134BM0665,1,9,0,18,0,0,2,0,0,0,3,1,6,1,31,6,1598,1,11,1,1,1
2017134BM0825,1,9,0,9,0,6,0,0,0,0,3,1,2,2,29,6,1364,1,11,4,1,4
2017134BM0825,2,4,0,18,0,1,0,0,0,0,1,1,1,1,20,4,124,1,8,3,1,3
2017134BM1324,1,90,0,5,0,2,0,0,0,0,1,1,2,1,42,7,-1,-1,-1,4,1,4
2017134BM1324,2,90,0,18,0,1,0,0,1,10,4,1,2,2,22,5,-1,-1,-1,2,1,2
2017134BM1324,3,90,0,2,9,2,0,0,0,0,1,1,6,2,25,5,-1,-1,-1,7,1,7
2017134BM1352,1,9,0,18,0,0,0,0,0,0,1,1,3,2,-1,-1,-1,-1,-1,-1,-1,-1
2017134BM1526,1,9,0,7,0,5,0,0,0,0,2,1,6,2,33,6,1598,1,7,8,2,8
2017134BM1526,2,9,0,18,0,8,0,0,0,0,1,1,6,2,18,4,-1,-1,-1,3,1,3
2017134BM1543,1,11,0,18,0,8,0,0,0,0,0,1,1,1,40,7,7300,2,11,1,1,1
2017134BM1543,2,9,0,9,0,8,0,0,0,0,0,1,6,3,-1,-1,-1,-1,-1,-1,-1,-1
2017134BM1554,1,9,0,9,0,8,1,0,0,0,1,1,6,1,41,7,1796,1,9,3,1,3
2017134BM1640,1,9,0,18,0,0,0,0,0,0,3,1,6,2,75,10,1248,1,4,7,2,7
2017134BM1640,2,9,0,18,0,0,0,0,0,0,3,1,6,3,-1,-1,-1,-1,-1,-1,-1,-1
2017134BM1982,1,9,0,18,0,8,0,0,0,0,1,1,6,1,18,4,1296,1,11,8,1,8
2017134BM1982,2,9,0,4,0,8,0,0,0,0,2,1,6,1,24,5,1998,1,-1,6,1,6
2017134BM2093,1,9,0,18,0,0,1,0,2,7,4,1,6,2,23,5,996,1,5,7,3,7
2017134BM2093,2,21,0,18,0,0,0,0,0,0,3,1,1,1,49,8,10837,2,1,4,1,4
2017134BN0181,1,19,0,9,0,8,0,0,0,0,1,1,2,1,24,5,-1,-1,-1,10,1,10
2017134BN0181,2,8,0,18,0,8,0,0,0,0,4,1,2,1,47,8,-1,-1,-1,2,1,2
2017134BN0347,1,9,0,4,0,1,0,0,0,0,1,1,6,2,48,8,1197,1,7,9,1,9
2017134BN0347,2,9,0,3,0,1,0,0,0,0,2,1,6,2,31,6,1997,2,11,3,1,3
2017134BN0350,1,9,0,18,0,0,0,0,0,0,1,1,6,1,18,4,1124,1,14,-1,-1,-1
2017134BN0509,1,2,0,18,0,0,0,0,0,0,3,1,6,1,49,8,49,1,3,10,1,10
2017134BN0548,1,9,0,6,0,0,0,0,0,0,3,1,6,1,21,5,1390,1,7,-1,-1,-1
2017134BN0548,2,9,0,18,0,0,0,0,0,0,1,1,6,2,37,7,1595,1,12,-1,-1,-1
2017134BN1065,1,9,0,18,0,0,0,0,0,0,1,1,6,2,45,7,1995,2,10,10,1,10