Accident_Index,Vehicle_Reference,Vehicle_Type,Towing_and_Articulation,Vehicle_Manoeuvre,Vehicle_Location-Restricted_Lane,Junction_Location,Skidding_and_Overturning,Hit_Object_in_Carriageway,Vehicle_Leaving_Carriageway,Hit_Object_off_Carriageway,1st_Point_of_Impact,Was_Vehicle_Left_Hand_Drive?,Journey_Purpose_of_Driver,Sex_of_Driver,Age_of_Driver,Age_Band_of_Driver,Engine_Capacity_(CC),Propulsion_Code,Age_of_Vehicle,Driver_IMD_Decile,Driver_Home_Area_Type,Vehicle_IMD_Decile
2017134BN1093,1,9,0,18,0,0,0,0,0,0,1,1,3,2,25,5,1598,1,18,2,1,2
2017134BN1161,1,9,0,4,0,0,0,0,0,0,1,1,6,1,34,6,-1,-1,-1,8,1,8
2017134BN1161,2,9,0,4,0,0,0,0,0,0,2,1,6,1,51,8,1560,2,1,2,1,2
2017134BN1167,1,9,0,18,0,4,0,0,0,0,1,1,6,2,50,8,1896,2,12,6,1,6
2017134BN1167,2,9,0,18,0,8,0,0,0,0,4,1,6,2,23,5,1560,2,6,8,1,8
2017134BN1169,1,9,0,18,0,2,0,0,0,0,1,1,2,1,63,9,2494,2,7,2,1,2
2017134BN1169,2,9,0,18,0,2,0,0,0,0,4,1,6,1,29,6,1968,2,4,2,1,2
2017134BN1192,1,9,0,18,0,1,1,0,7,4,1,1,6,1,25,5,1998,1,11,8,1,8
2017134BN1192,2,9,0,3,0,1,0,0,0,0,2,1,6,1,58,9,1995,2,11,2,1,2
2017134BN1192,3,9,0,3,0,1,0,0,0,0,2,1,6,1,55,8,1242,1,4,4,1,4
2017134BN1202,1,9,0,18,0,1,5,0,0,0,1,1,2,2,46,8,-1,-1,-1,8,2,8
2017134BN1202,2,9,0,10,0,1,0,0,0,0,2,1,2,2,21,5,1198,1,15,2,1,2
2017134BN1202,3,9,0,10,0,1,0,0,0,0,2,1,2,2,40,7,-1,-1,-1,7,1,7
2017134BN1202,4,9,0,10,0,1,0,0,0,0,2,1,2,1,57,9,1461,2,6,9,1,9
2017134BN1226,1,9,0,18,0,8,0,0,0,0,1,1,6,1,55,8,1598,1,8,5,1,5
2017134BN1240,1,9,0,18,0,0,2,0,2,0,4,1,6,2,21,5,1086,1,11,1,1,1
2017134BN1308,1,9,0,18,0,8,1,0,0,0,1,1,6,1,24,5,1896,2,10,2,1,2
2017134BN1308,2,9,0,9,0,6,0,0,0,0,1,1,2,1,20,4,1229,1,10,10,1,10
2017134BN1308,3,9,0,3,0,1,0,0,0,0,3,1,2,2,52,8,2179,2,9,8,1,8
2017134BN1518,1,9,0,18,0,8,0,0,0,0,1,1,6,2,19,4,1149,1,6,6,1,6
2017134BN1518,2,9,0,18,0,8,0,0,0,0,3,1,6,2,54,8,1968,2,5,8,1,8
2017134BN1521,1,9,0,18,0,0,0,0,0,0,1,1,6,1,59,9,1598,1,6,5,1,5
2017134BN1521,2,19,0,4,0,0,0,0,0,0,1,1,2,1,49,8,1995,2,-1,2,1,2
2017134BN1792,1,9,0,7,0,5,0,0,0,0,3,1,3,1,47,8,1598,2,5,3,1,3
2017134BO0287,1,9,0,18,0,0,2,0,1,0,4,1,2,1,36,7,-1,-1,-1,2,1,2
2017134BO0360,1,9,0,18,0,1,0,0,0,0,4,1,6,2,25,5,1560,2,4,3,1,3
2017134BO0388,1,9,0,18,0,1,0,0,0,0,3,1,2,1,48,8,1896,2,7,9,1,9
2017134BO0397,1,9,0,7,0,8,0,0,0,0,1,1,6,1,48,8,1968,2,1,3,1,3
2017134BO0397,2,1,0,18,0,8,5,0,0,0,2,1,6,2,27,6,-1,-1,-1,3,1,3
2017134BO0401,1,9,0,6,0,0,0,0,0,0,1,1,6,2,23,5,1242,1,6,7,3,7
2017134BO0401,2,9,0,18,0,0,0,0,0,0,3,1,6,1,40,7,1198,1,8,1,2,1
2017134BO0479,1,9,0,9,0,8,0,0,0,0,3,1,6,1,53,8,2967,1,12,7,3,7
2017134BO0479,2,9,0,18,0,8,0,0,0,0,1,1,6,2,28,6,1995,2,11,1,1,1
2017134BO0483,1,19,0,9,0,6,0,0,0,0,1,1,1,1,55,8,2143,2,2,4,1,4
2017134BO0483,2,3,0,18,0,8,5,0,0,0,4,1,6,1,18,4,-1,-1,-1,9,1,9
2017134BO0505,1,9,0,9,0,5,0,0,0,0,1,1,2,2,26,6,1598,2,2,8,1,8
2017134BO0505,2,1,0,18,0,1,0,0,0,0,3,1,6,1,52,8,-1,-1,-1,5,2,5
2017134BO0623,1,9,0,7,0,5,0,0,0,0,4,1,6,1,31,6,1390,1,4,1,1,1
2017134BO0623,2,9,0,18,0,8,0,0,1,10,1,1,6,2,61,9,1997,2,7,8,1,8
2017134BO0739,1,20,0,18,0,0,0,0,0,0,4,1,6,1,46,8,-1,-1,-1,2,1,2
2017134BO0739,2,9,0,18,0,0,0,0,0,0,3,1,6,1,43,7,1598,2,3,8,1,8
2017134BO0804,1,1,0,9,0,8,5,0,0,0,3,1,6,1,43,7,-1,-1,-1,1,1,1
2017134BO0804,2,19,0,18,0,8,0,0,0,0,1,1,6,1,56,9,2494,2,15,8,3,8
2017134BO0999,1,9,0,14,0,0,0,0,0,0,1,1,2,1,19,4,1598,2,6,2,1,2
2017134BO0999,2,9,0,18,0,0,0,0,0,0,1,1,2,1,37,7,1995,1,7,7,1,7
2017134BO1217,1,9,0,10,0,8,0,0,0,0,4,1,6,2,52,8,996,1,4,8,1,8
2017134BO1217,2,9,0,18,0,8,0,0,0,0,3,1,6,1,55,8,1364,2,2,9,1,9
2017134BO1365,1,9,0,5,0,8,0,0,0,0,3,1,6,3,-1,-1,-1,-1,-1,-1,-1,-1
2017134BO1365,2,1,0,18,0,8,0,0,0,0,1,1,2,1,52,8,-1,-1,-1,3,1,3
2017134BO1411,1,9,0,9,0,5,0,0,0,0,4,1,6,1,57,9,1598,1,13,9,1,9
2017134BO1411,2,2,0,13,0,8,0,0,0,0,1,1,6,1,24,5,125,1,1,2,1,2
2017134BO1424,1,3,0,15,0,1,0,0,0,0,1,1,6,1,21,5,125,1,5,2,1,2
2017134BO1424,2,9,0,9,0,5,0,0,0,0,3,1,2,2,18,4,1242,1,1,9,1,9
2017134BO1433,1,9,0,9,0,6,0,0,0,0,3,1,6,2,56,9,1968,2,1,10,1,10
2017134BO1433,2,1,0,18,0,1,1,0,0,0,1,1,2,1,36,7,-1,-1,-1,10,1,10
2017134BO1492,1,9,0,18,0,8,0,0,0,0,1,1,6,3,-1,-1,-1,-1,-1,-1,-1,-1
2017134BO1572,1,9,0,18,0,8,0,0,0,0,4,1,6,1,65,9,1968,2,-1,2,1,2
2017134BO1572,2,19,0,7,0,6,0,0,0,0,1,1,6,1,-1,-1,2402,2,13,-1,-1,-1
2017134BO1631,1,8,0,18,0,1,0,0,0,0,1,1,1,1,35,6,1896,2,12,3,2,3
2017134BO1631,2,9,0,18,0,1,0,0,0,0,2,1,6,2,36,7,1686,2,8,4,1,4
2017134BO1959,1,9,0,1,0,0,0,0,0,0,2,1,6,3,-1,-1,1798,1,11,-1,-1,-1
2017134BO1991,1,9,0,18,0,0,0,0,0,0,1,1,2,1,35,6,1332,1,18,2,1,2
2017134BO2008,1,9,0,16,0,0,1,0,7,0,3,1,6,1,19,4,1200,1,2,8,3,8
2017134BO2008,2,9,0,2,0,0,0,0,0,0,4,1,6,1,49,8,-1,-1,-1,-1,-1,-1
2017134BO2064,1,9,0,3,0,1,0,0,0,0,2,1,6,2,82,11,1198,1,4,2,1,2
2017134BO2064,2,9,0,4,0,1,0,0,0,0,1,1,6,2,-1,-1,1240,1,10,-1,-1,-1
2017134BO2064,3,9,0,3,0,1,0,0,0,0,2,1,6,2,-1,-1,1598,2,-1,-1,-1,-1
2017134BP0140,1,9,0,18,0,0,0,0,0,0,1,2,6,3,-1,-1,-1,-1,-1,-1,-1,-1
2017134BP0339,1,9,0,18,0,0,0,0,2,7,1,1,6,2,18,4,1598,1,13,3,1,3
2017134BP0364,1,9,0,9,0,8,0,0,0,0,3,1,6,1,62,9,1598,1,7,10,2,10
2017134BP0364,2,1,0,18,0,8,0,0,0,0,1,1,6,1,45,7,-1,-1,-1,8,1,8
2017134BP0385,1,9,0,18,0,0,1,10,1,2,4,1,6,2,21,5,1242,1,10,9,1,9
2017134BP0400,1,9,0,18,0,0,1,4,0,0,1,1,6,3,-1,-1,-1,-1,-1,-1,-1,-1
2017134BP0400,2,9,0,2,0,0,0,0,0,0,3,1,1,1,49,8,1598,2,4,4,1,4
2017134BP0594,1,9,0,7,0,5,0,0,0,0,1,1,6,1,44,7,1598,1,13,9,1,9
2017134BP0912,1,9,0,5,0,4,0,0,0,0,1,1,6,1,66,10,1598,1,8,6,1,6
2017134BP0912,2,9,0,5,0,4,0,0,0,0,1,1,2,1,22,5,1968,2,6,1,1,1
2017134BP1313,1,9,0,9,0,6,0,0,0,0,3,1,6,1,73,10,1598,1,8,9,1,9
2017134BP1313,2,3,0,14,0,1,0,0,0,0,1,1,6,1,50,8,124,1,10,1,1,1
2017134BP1386,1,9,0,4,0,0,0,0,0,0,0,1,6,1,58,9,-1,-1,-1,-1,-1,-1
2017134BP1386,2,11,0,4,0,0,0,0,0,0,0,1,1,1,45,7,9360,2,8,3,1,3
2017134BP1439,1,9,0,18,0,0,0,0,0,0,4,1,6,1,57,9,1248,1,5,10,1,10
2017134BP1439,2,9,0,12,0,0,0,0,0,0,3,1,6,2,-1,-1,2143,2,1,-1,-1,-1
2017134BP1523,1,9,0,9,0,0,0,0,0,0,1,1,6,1,39,7,1399,2,15,1,1,1
2017134BP1523,2,9,0,18,0,0,0,0,0,0,1,1,6,1,29,6,2993,2,3,2,1,2
2017134BP1529,1,9,0,18,0,0,0,0,0,0,1,1,1,1,62,9,1686,2,5,9,1,9
2017134BP1533,1,9,0,9,0,5,0,0,0,0,2,1,2,1,55,8,1598,1,15,2,1,2
2017134BP1533,2,9,0,18,0,8,0,0,0,0,1,1,6,1,40,7,1587,1,15,1,1,1
2017134BP1533,3,11,0,3,0,1,0,0,0,0,1,1,1,1,50,8,9360,2,5,8,1,8
2017134BP1626,1,8,0,7,0,8,0,0,0,0,4,1,1,1,38,7,1598,2,5,3,1,3
2017134BP1626,2,1,0,15,0,8,5,0,0,0,1,1,2,1,30,6,-1,-1,-1,2,1,2
2017134BP1647,1,9,0,13,0,0,1,0,1,9,1,1,6,1,17,4,998,1,9,5,1,5
2017134BP1859,1,9,0,18,0,0,1,0,7,4,4,1,6,1,15,3,1598,1,11,2,1,2
2017134BQ0085,1,9,0,18,0,0,0,0,0,0,1,1,6,1,21,5,1199,1,13,3,1,3
2017134BQ0325,1,9,0,18,0,0,0,0,0,0,2,1,6,2,25,5,1395,1,4,1,1,1
2017134BQ0325,2,9,0,18,0,0,0,0,0,0,1,1,6,2,33,6,1395,1,2,1,1,1
2017134BQ0707,1,9,0,18,0,0,0,0,0,0,3,1,6,1,38,7,1910,2,9,2,1,2
2017134BQ0707,2,9,0,18,0,0,0,0,0,0,3,1,6,2,53,8,998,1,8,8,1,8
2017134BQ0707,3,9,0,2,9,0,0,0,0,0,3,1,6,3,-1,-1,3199,1,18,-1,-1,-1
2017134BQ0857,1,9,0,18,0,8,0,0,0,0,1,1,6,2,25,5,1364,1,1,5,1,5
2017134BQ0857,2,9,0,9,0,5,0,0,0,0,3,1,6,2,54,8,998,1,-1,5,1,5
2017134BQ0902,1,9,0,1,0,1,0,0,0,0,2,1,6,1,50,8,-1,-1,-1,9,1,9
2017134BQ1039,1,9,0,18,0,1,0,0,0,0,1,1,6,1,40,7,1997,7,13,3,1,3
2017134BQ1039,2,9,0,9,0,6,0,0,0,0,1,1,6,1,21,5,1598,2,6,1,1,1
2017134BQ1053,1,9,0,17,0,0,1,0,0,0,3,1,6,1,24,5,1994,1,13,1,1,1
2017134BQ1053,2,19,0,2,0,0,0,0,0,0,1,1,6,3,-1,-1,1598,2,9,3,1,3
2017134BQ1270,1,8,0,1,0,0,0,0,0,0,2,1,1,1,32,6,1797,8,7,1,1,1
2017134BR0273,1,21,0,9,0,5,0,0,0,0,3,1,1,1,27,6,5880,2,9,4,1,4
2017134BR0273,2,3,0,18,0,1,0,0,0,0,1,1,1,1,31,6,124,1,12,5,1,5
2017134BR0301,1,9,0,18,0,0,0,0,0,0,4,1,2,2,21,5,998,1,4,10,3,10
2017134BR0362,1,21,1,11,0,0,0,0,0,0,1,1,6,1,-1,-1,-1,-1,-1,-1,-1,-1
2017134BR0362,2,9,0,18,0,0,0,0,0,0,3,1,2,2,18,4,999,1,1,3,1,3
2017134BR0470,1,9,0,4,0,1,0,0,0,0,1,1,6,1,28,6,1390,1,18,10,1,10
2017134BR0470,2,9,0,4,0,1,0,0,0,0,2,1,6,2,60,9,1329,1,-1,9,1,9
2017134BR0496,1,8,0,18,0,0,0,0,0,0,1,1,1,1,51,8,1794,1,9,2,1,2
2017134BR0756,1,20,0,9,0,5,0,0,0,0,4,1,6,3,-1,-1,2500,2,16,-1,-1,-1
2017134BR0756,2,9,0,3,0,1,0,0,0,0,3,1,6,2,39,7,1598,2,5,7,1,7
2017134BR0757,1,9,0,14,0,0,0,0,0,0,1,1,6,3,-1,-1,1796,1,16,-1,-1,-1
2017134BR0757,2,9,0,6,0,0,0,0,0,0,1,1,6,2,74,10,1248,1,4,4,1,4
2017134BR0806,1,9,0,9,0,8,0,0,0,0,3,1,6,1,66,10,1360,1,8,4,1,4
2017134BR0843,1,9,0,9,0,6,0,0,0,0,1,1,6,1,34,6,2188,2,12,2,1,2
2017134BR0843,2,9,0,18,0,1,0,0,0,0,1,1,6,1,21,5,998,1,3,3,1,3
2017134BR0891,1,9,0,12,0,0,1,0,1,7,2,1,2,2,48,8,1242,1,1,10,1,10
2017134BR0891,2,9,0,18,0,0,0,0,0,0,1,1,2,2,44,7,898,1,1,1,1,1
2017134BR1245,1,9,0,18,0,0,0,0,0,0,1,1,6,1,64,9,2000,2,11,5,1,5
2017134BR1460,1,9,0,16,0,7,0,0,0,0,1,1,6,2,29,6,1422,2,2,2,1,2
2017134BR1460,2,9,0,16,0,7,0,0,0,0,2,1,6,1,41,7,1560,2,11,1,1,1
2017134BR1730,1,9,0,18,0,1,0,0,0,0,1,1,6,1,-1,-1,1600,1,17,-1,-1,-1
2017134BR1840,1,9,0,18,0,0,0,0,0,0,3,1,6,1,50,8,1968,2,8,6,1,6
2017134BR1840,2,9,0,18,0,0,0,0,0,0,4,1,6,3,-1,-1,-1,-1,-1,-1,-1,-1
2017134BS0177,1,9,0,18,0,8,0,0,3,1,1,1,1,2,42,7,1149,1,12,5,1,5
2017134BS0177,2,9,0,18,0,8,0,0,0,0,3,1,1,2,50,8,1388,1,5,4,1,4
2017134BS0232,1,9,0,18,0,0,0,0,0,0,4,1,6,3,-1,-1,-1,-1,-1,-1,-1,-1
2017134BS0257,1,9,0,7,0,6,0,0,0,0,1,1,6,3,-1,-1,-1,-1,-1,-1,-1,-1
2017134BS0257,2,1,0,18,5,8,2,0,0,0,4,1,6,1,27,6,-1,-1,-1,-1,-1,-1
2017134BS0354,1,9,0,5,0,8,0,0,0,0,1,1,6,1,69,10,3947,2,28,-1,-1,-1
2017134BS0354,2,1,0,18,0,8,0,0,0,0,4,1,6,1,26,6,-1,-1,-1,3,1,3
2017134BS0373,1,3,0,18,0,0,0,0,0,0,1,1,6,1,27,6,125,1,5,7,3,7
2017134BS0373,2,9,0,9,0,0,0,0,0,0,1,1,2,1,44,7,1956,2,5,5,1,5
2017134BS0385,1,9,0,18,0,0,0,0,0,0,2,1,2,2,26,6,1395,8,1,5,1,5
2017134BS0385,2,9,0,18,0,0,0,0,0,0,2,1,2,2,39,7,1496,2,-1,3,1,3
2017134BS0385,3,19,0,18,0,0,0,0,0,0,1,1,1,1,26,6,-1,-1,-1,8,1,8
2017134BS0446,1,9,0,18,0,0,0,0,0,0,4,1,6,3,-1,-1,-1,-1,-1,-1,-1,-1
2017134BS0452,1,9,0,9,0,5,0,0,0,0,1,1,6,2,81,11,1360,1,9,7,1,7
2017134BS0452,2,1,0,18,0,8,0,0,0,0,1,1,6,1,31,6,-1,-1,-1,6,1,6
2017134BS0474,1,3,0,18,0,0,0,0,0,0,1,1,6,1,18,4,123,1,1,6,1,6
2017134BS0474,2,9,0,18,0,0,0,0,0,0,2,1,6,2,49,8,1329,1,5,7,2,7
2017134BS0535,1,9,0,9,0,6,0,0,0,0,1,1,6,2,91,11,1586,1,9,3,1,3
2017134BS0535,2,8,0,18,0,1,0,0,0,0,4,1,6,1,36,7,-1,-1,-1,1,1,1
2017134BS0819,1,8,0,18,0,0,0,0,0,0,1,1,6,1,-1,-1,-1,-1,-1,-1,-1,-1
2017134BS0989,1,9,0,18,0,6,0,0,0,0,4,1,6,2,35,6,1598,2,2,10,1,10
2017134BS0989,2,9,0,18,0,1,0,0,0,0,1,1,1,1,45,7,1598,2,6,2,1,2
2017134BS1020,1,9,0,4,0,0,0,0,0,0,2,1,6,2,51,8,2000,2,8,7,2,7
2017134BS1020,2,9,0,4,0,0,0,0,0,0,1,1,6,1,51,8,1390,1,8,1,1,1
2017134BS1020,3,9,0,4,0,0,0,0,0,0,1,1,6,1,50,8,1997,2,2,8,1,8
2017134BS1020,4,9,0,4,0,0,0,0,0,0,1,1,6,2,41,7,1242,1,13,6,1,6
2017134BS1135,1,9,0,18,0,8,0,0,0,0,4,1,6,1,63,9,1968,2,3,4,1,4
2017134BS1135,2,9,0,7,0,8,0,0,0,0,1,1,6,1,29,6,1896,2,14,3,1,3
2017134BS1151,1,9,0,18,0,0,0,0,0,0,1,1,6,1,40,7,1560,2,7,4,2,4
2017134BS1239,1,9,0,18,0,0,0,7,0,0,0,1,6,3,-1,-1,1598,1,17,-1,-1,-1
2017134BS1239,2,9,0,18,0,0,0,0,0,0,2,1,6,1,57,9,2400,2,1,4,1,4
2017134BS1239,3,9,0,18,0,0,0,0,0,0,1,1,6,1,62,9,1560,2,5,5,1,5
2017134BS1239,4,9,0,18,0,0,0,0,0,0,1,1,6,1,76,11,1968,2,5,10,3,10
2017134BS1239,5,9,0,18,0,0,0,0,0,0,1,1,6,1,55,8,1598,2,-1,7,1,7
2017134BS1239,6,9,0,18,0,0,0,0,0,0,1,1,6,2,52,8,1997,1,9,7,3,7
2017134BS1239,7,9,0,18,0,0,0,0,0,0,1,1,6,2,28,6,1248,2,4,9,3,9
2017134BS1239,8,9,0,18,0,0,0,0,0,0,1,1,6,1,49,8,1969,8,1,8,3,8
2017134BS1388,1,21,1,18,0,0,0,0,0,0,1,1,1,1,48,8,12809,2,2,3,1,3
2017134BS1388,2,9,0,18,0,0,0,0,0,0,2,1,6,1,32,6,1968,2,11,5,1,5
2017134BS1864,1,9,0,18,0,8,0,0,0,0,1,1,6,2,42,7,1242,1,18,6,1,6
2017134BS1864,2,9,0,9,0,5,0,0,0,0,4,1,6,2,47,8,1360,1,12,4,1,4
2017134BS1864,3,9,0,3,0,6,0,0,0,0,3,1,6,2,53,8,1598,1,12,8,1,8
2017134BS2095,1,9,0,18,0,8,0,0,0,0,2,1,6,2,27,6,1596,1,14,5,1,5
2017134BS2095,2,9,0,2,0,2,0,0,0,0,3,1,6,3,-1,-1,1461,2,3,-1,-1,-1
2017134BS2150,1,9,0,18,0,2,0,0,0,0,1,1,6,1,25,5,2993,2,4,8,1,8
2017134BT0326,1,9,0,9,0,8,0,0,0,0,3,1,2,1,43,7,1968,2,11,1,1,1
2017134BT0326,2,5,0,18,0,8,1,0,0,0,1,1,2,1,47,8,765,1,-1,7,1,7
2017134BT0434,1,9,0,18,0,0,0,0,0,0,4,1,1,1,22,5,2494,2,3,9,3,9
2017134BT0736,1,8,0,13,0,0,0,0,0,0,0,1,6,1,50,8,1598,2,4,1,1,1
2017134BT0736,2,9,0,18,0,0,0,0,0,0,0,1,6,1,28,6,1399,1,-1,7,3,7
2017134BT0803,1,9,0,18,0,8,0,0,0,0,1,1,6,1,69,10,1796,1,4,7,1,7
2017134BT0803,2,9,0,9,0,8,0,0,0,0,1,1,6,1,84,11,1596,1,10,3,1,3
2017134BT1024,1,9,0,18,0,4,1,0,0,0,1,1,1,1,65,9,1499,1,3,9,1,9
2017134BT1024,2,9,0,18,0,8,0,0,0,0,3,1,6,1,67,10,998,1,1,4,1,4
2017134BT1183,1,9,0,17,0,0,1,0,1,4,1,1,6,1,34,6,1998,2,11,5,2,5
2017134BT1221,1,11,0,18,0,0,0,0,0,0,0,1,1,1,51,8,9360,2,8,7,1,7
2017134BT1291,1,9,0,18,0,0,0,4,0,0,1,1,6,2,74,10,1200,1,2,10,1,10
2017134BT1291,2,9,0,2,0,0,0,0,0,0,2,1,6,1,-1,-1,2993,2,8,7,1,7
2017134BT1459,1,21,0,4,0,0,1,0,0,0,1,1,6,1,21,5,-1,-1,-1,1,1,1
2017134BT1459,2,9,0,4,0,0,1,0,0,0,2,1,6,2,60,9,1798,8,-1,7,3,7
2017134BT1459,3,9,0,4,0,0,1,0,0,0,2,1,6,1,38,7,1364,1,-1,8,3,8
2017134BT1522,1,98,0,1,0,8,0,0,0,0,2,1,6,3,-1,-1,-1,-1,-1,-1,-1,-1
2017134BT1547,1,9,0,5,0,0,0,0,0,0,1,1,6,2,90,11,1299,1,9,3,1,3
2017134BT1547,2,9,0,4,0,0,0,0,0,0,2,1,6,1,26,6,1596,1,11,3,1,3
2017134BU0280,1,9,0,18,0,1,0,0,0,0,1,1,6,1,28,6,-1,-1,-1,9,2,9
2017134BU0280,2,9,0,9,0,1,0,0,0,0,1,1,6,2,42,7,1198,1,8,8,1,8
2017134BU0327,1,9,0,9,0,8,0,0,0,0,4,1,6,2,31,6,1598,2,4,10,1,10
2017134BU0327,2,9,0,18,0,1,0,0,0,0,1,1,6,1,22,5,1461,2,1,1,1,1
2017134BU0327,3,9,0,10,0,2,0,0,0,0,3,1,6,2,46,8,1395,1,1,8,1,8
2017134BU0335,1,9,0,18,0,0,0,0,0,0,1,1,6,1,19,4,1968,2,5,2,1,2
2017134BU0335,2,9,0,18,0,0,0,0,0,0,2,1,6,2,43,7,1618,1,1,9,3,9
2017134BU0377,1,9,0,9,0,6,0,0,0,0,1,1,6,1,33,6,2800,2,23,3,1,3
2017134BU0377,2,9,0,18,0,8,1,0,1,11,4,1,2,1,33,6,1061,1,14,3,1,3
2017134BU0534,1,9,0,18,0,0,0,0,0,0,3,1,6,1,75,10,1598,2,2,4,1,4
2017134BU0642,1,9,0,5,0,2,0,0,0,0,3,1,6,1,43,7,1968,2,1,4,1,4
2017134BU0642,2,9,0,18,0,2,0,0,0,0,4,1,2,2,55,8,1582,2,-1,8,1,8
2017134BU0803,1,9,0,18,0,0,0,0,0,0,4,1,6,2,29,6,2477,2,14,9,1,9
2017134BU0803,2,9,0,13,0,0,0,0,0,0,3,1,6,1,25,5,1328,1,11,6,1,6
2017134BU1214,1,11,0,18,0,0,0,0,0,0,0,1,1,1,32,6,7300,2,13,4,1,4
2017134BU1244,1,9,0,18,0,0,0,0,0,0,1,1,6,3,-1,-1,-1,-1,-1,-1,-1,-1
2017134BU1490,1,9,0,5,0,1,0,0,0,0,3,1,6,1,18,4,1598,1,8,8,1,8
2017134BU1490,2,9,0,18,0,1,0,0,0,0,4,1,6,1,40,7,1422,2,9,5,1,5
2017134BU1664,1,9,0,9,0,8,0,0,0,0,0,1,6,1,18,4,1229,1,10,2,1,2
2017134BU1664,2,9,0,18,0,8,0,0,0,0,0,1,6,1,17,4,1328,1,9,-1,-1,-1
2017134BU1834,1,9,0,18,0,1,0,0,0,0,1,1,6,1,24,5,2993,2,8,10,1,10
2017134BU1834,2,9,0,9,0,8,0,0,0,0,1,1,6,2,25,5,1968,2,1,3,1,3
2017134C10007,1,9,0,18,0,0,0,0,0,0,1,1,6,1,49,8,1422,2,16,2,1,2
2017134C10007,2,9,0,2,0,0,0,0,0,0,2,1,6,2,26,6,1596,1,10,-1,-1,-1
2017134C10011,1,9,0,14,0,0,1,0,0,0,3,1,6,3,-1,-1,-1,-1,-1,-1,-1,-1
2017134C10011,2,3,0,18,0,0,0,0,0,0,3,1,2,1,21,5,125,1,-1,-1,-1,-1
2017134C10048,1,9,0,18,0,8,0,0,0,0,1,1,6,3,-1,-1,-1,-1,-1,-1,-1,-1
2017134C10049,1,9,0,18,0,0,0,0,7,1,1,1,6,2,28,6,1400,2,10,10,1,10
2017134C10063,1,19,0,18,6,0,2,0,1,11,1,1,1,1,23,5,1499,2,-1,-1,-1,-1
2017134C10176,1,9,0,18,0,0,1,0,0,0,1,1,6,1,32,6,1896,2,13,1,1,1
2017134C10176,2,9,0,2,0,0,0,4,0,0,4,1,6,3,-1,-1,-1,-1,-1,-1,-1,-1
2017134C10176,3,9,0,2,0,0,0,4,0,0,3,1,6,3,-1,-1,1991,2,9,-1,-1,-1
2017134C10176,4,9,0,2,0,0,0,4,0,0,2,1,6,3,-1,-1,2179,2,4,-1,-1,-1
2017134C10263,1,9,0,18,2,0,0,0,0,0,1,1,6,1,27,6,2179,2,7,5,1,5
2017134C10398,1,9,0,4,0,0,0,0,0,0,1,1,6,2,50,8,1590,1,12,7,2,7
2017134C10417,1,9,0,9,0,5,0,0,0,0,4,1,6,2,69,10,1389,1,13,7,2,7
2017134C10440,1,9,0,4,0,0,0,0,0,0,2,1,1,1,35,6,4395,1,-1,6,1,6
2017134C10440,2,9,0,4,0,0,1,0,0,0,1,1,1,1,36,7,3597,1,7,6,1,6
2017134C10553,1,9,0,4,0,1,0,0,0,0,2,1,6,1,73,10,2179,2,5,4,3,4
2017134C10553,2,90,0,4,0,1,0,0,0,0,1,1,1,1,52,8,7698,2,1,5,1,5
2017134C10705,1,9,0,9,0,8,0,0,0,0,0,1,1,2,29,6,1598,2,-1,-1,-1,-1
2017134C10705,2,3,0,18,0,1,0,0,0,0,1,1,6,1,17,4,124,1,7,1,1,1
2017134C10783,1,9,0,18,0,8,0,0,3,11,1,1,6,2,18,4,1198,1,7,2,1,2
2017134C10979,1,9,0,12,0,0,0,0,0,0,3,1,2,1,21,5,1229,1,2,9,1,9
2017134C10979,2,9,0,18,0,0,0,10,7,4,1,1,1,1,32,6,1560,2,7,4,1,4
2017134C10984,1,9,0,14,0,0,0,0,0,0,4,1,6,1,27,6,1997,2,-1,8,1,8
2017134C10984,2,9,0,2,0,0,0,0,0,0,0,1,6,3,-1,-1,-1,-1,-1,-1,-1,-1
2017134C10996,1,9,0,18,0,6,0,0,0,0,1,1,6,2,27,6,998,1,4,8,1,8
2017134C10996,2,9,0,18,0,8,1,0,0,0,3,1,6,1,65,9,1598,2,1,1,1,1
2017134C11124,1,9,0,18,0,0,0,0,0,0,1,1,6,2,22,5,1596,1,14,1,2,1
2017134C11124,2,9,0,10,0,0,0,0,0,0,2,1,6,2,19,4,998,1,6,-1,-1,-1
2017134C11180,1,9,0,18,0,8,0,0,0,0,1,1,6,2,29,6,1299,1,15,4,1,4
2017134C11180,2,9,0,9,0,8,0,0,0,0,1,1,6,1,39,7,1560,2,6,3,1,3
2017134C11192,1,9,0,5,0,0,0,0,0,0,1,1,6,2,44,7,1596,1,8,4,2,4
2017134C11192,2,9,0,2,0,0,0,0,0,0,2,1,6,1,44,7,1364,1,-1,1,1,1
2017134C11212,1,9,0,18,0,0,0,0,0,0,2,1,6,1,43,7,1598,2,2,6,1,6
2017134C11212,2,9,0,18,0,0,0,0,0,0,2,1,6,1,30,6,1399,2,14,7,1,7
2017134C11212,3,9,0,18,0,0,0,0,0,0,1,1,6,2,29,6,1596,1,2,2,1,2
2017134C11223,1,20,0,1,0,0,0,0,0,0,1,1,6,1,62,9,-1,-1,-1,2,1,2
2017134C11223,2,9,0,2,0,0,0,0,0,0,2,1,6,1,24,5,1368,1,10,5,1,5
2017134C11257,1,9,0,14,0,0,0,0,0,0,1,1,6,1,50,8,1390,1,5,5,1,5
2017134C11257,2,9,0,2,0,0,0,0,0,0,1,1,6,1,-1,-1,1998,1,13,-1,-1,-1
2017134C11300,1,9,0,14,0,0,0,0,0,0,1,1,6,3,-1,-1,-1,-1,-1,-1,-1,-1
2017134C11300,2,9,0,2,0,0,0,0,0,0,2,1,6,1,30,6,-1,-1,-1,1,1,1
2017134C11335,1,9,0,18,0,1,0,0,0,0,3,1,6,1,55,8,1596,1,13,1,1,1
2017134C11398,1,9,0,5,0,6,0,0,0,0,1,1,6,1,24,5,1995,2,12,1,1,1
2017134C11398,2,9,0,18,0,8,0,0,0,0,3,1,6,1,50,8,1995,2,8,5,1,5
2017134C11461,1,9,0,1,0,1,0,0,0,0,2,1,6,2,19,4,1598,2,2,7,1,7
2017134C11461,2,9,0,3,0,1,0,0,0,0,1,1,6,1,51,8,1968,2,-1,7,1,7