Accident_Index,Vehicle_Reference,Vehicle_Type,Towing_and_Articulation,Vehicle_Manoeuvre,Vehicle_Location-Restricted_Lane,Junction_Location,Skidding_and_Overturning,Hit_Object_in_Carriageway,Vehicle_Leaving_Carriageway,Hit_Object_off_Carriageway,1st_Point_of_Impact,Was_Vehicle_Left_Hand_Drive?,Journey_Purpose_of_Driver,Sex_of_Driver,Age_of_Driver,Age_Band_of_Driver,Engine_Capacity_(CC),Propulsion_Code,Age_of_Vehicle,Driver_IMD_Decile,Driver_Home_Area_Type,Vehicle_IMD_Decile
2017134C11544,1,19,0,4,0,1,1,0,0,0,1,1,6,3,-1,-1,1686,2,13,-1,-1,-1
2017134C11544,2,9,0,3,0,1,0,0,0,0,2,1,6,1,67,10,1461,2,2,1,1,1
2017134C11582,1,9,0,5,0,8,0,0,0,0,4,1,6,1,-1,-1,1596,1,17,-1,-1,-1
2017134C11582,2,9,0,5,0,8,0,0,0,0,3,1,6,1,30,6,2987,2,1,10,1,10
2017134C11592,1,9,0,18,0,0,0,0,0,0,1,1,6,3,-1,-1,1242,1,5,-1,-1,-1
2017134C11592,2,19,0,18,0,0,0,0,0,0,2,1,6,1,34,6,2148,2,11,2,1,2
2017134C11634,1,9,0,2,9,0,0,0,0,0,3,1,6,1,47,8,3222,2,14,3,1,3
2017134C11634,2,9,0,18,0,0,0,0,0,0,4,1,6,2,72,10,1598,1,9,2,1,2
2017134C11667,1,9,0,2,0,0,0,0,0,0,3,1,6,2,53,8,1596,1,7,10,1,10
2017134C11667,2,9,0,1,0,0,0,0,0,0,2,1,6,1,70,10,2497,2,13,6,1,6
2017134C11985,1,9,0,5,0,6,0,0,3,10,2,1,6,1,21,5,1956,2,7,7,1,7
2017134C11985,2,9,0,18,0,8,0,4,3,10,1,1,6,1,22,5,1398,2,14,3,1,3
2017134C11985,3,9,0,2,0,1,0,0,0,0,4,1,6,3,-1,-1,1956,2,3,-1,-1,-1
2017134C12003,1,9,0,16,0,0,0,0,0,0,1,1,6,2,22,5,1149,1,10,1,1,1
2017134C12003,2,9,0,17,0,0,0,0,0,0,1,1,6,1,44,7,2982,2,12,3,1,3
2017134C12027,1,9,0,18,0,0,0,0,0,0,1,1,6,1,20,4,1400,2,10,2,1,2
2017134C12027,2,9,0,18,0,0,0,0,0,0,3,1,6,1,27,6,1198,1,12,5,1,5
2017134C12085,1,9,0,18,0,0,0,0,1,7,2,1,6,1,25,5,2495,2,13,7,1,7
2017134C20178,1,9,0,18,0,0,1,10,1,11,1,1,6,1,25,5,1984,1,-1,5,1,5
2017134C20178,2,9,0,18,0,0,0,0,0,0,0,1,1,1,39,7,2993,2,-1,6,1,6
2017134C20421,1,9,0,6,0,0,0,0,0,0,3,1,6,1,20,4,1229,1,5,4,1,4
2017134C20421,2,19,0,18,0,0,0,0,0,0,1,1,6,1,23,5,2198,2,2,4,1,4
2017134C20421,3,9,0,2,0,0,0,0,0,0,1,1,6,2,-1,-1,1198,1,3,-1,-1,-1
2017134C20421,4,9,0,2,0,0,0,0,0,0,1,1,6,1,-1,-1,1956,2,2,-1,-1,-1
2017134C20421,5,9,0,2,0,0,0,0,0,0,1,1,6,1,-1,-1,1685,2,1,-1,-1,-1
2017134C20645,1,9,0,18,0,0,1,10,0,0,1,1,6,1,20,4,1229,1,10,1,1,1
2017134C20645,2,9,0,18,0,0,0,0,0,0,0,1,6,1,40,7,1968,2,3,-1,-1,-1
2017134C20831,1,9,0,10,0,6,0,0,0,0,1,1,1,1,36,7,1685,2,5,3,1,3
2017134C20948,1,9,0,9,0,8,0,0,0,0,1,1,6,2,84,11,973,1,17,7,1,7
2017134C20948,2,9,0,18,0,1,0,0,0,0,4,1,6,2,27,6,1598,2,5,7,1,7
2017134C21361,1,9,0,18,0,8,0,0,0,0,1,1,6,2,41,7,1461,2,1,5,1,5
2017134C21361,2,1,0,18,0,4,0,0,0,0,3,1,6,1,18,4,-1,-1,-1,10,1,10
2017134C21511,1,9,0,18,0,0,0,0,0,0,2,1,6,2,38,7,1399,2,14,-1,-1,-1
2017134C21511,2,9,0,18,0,0,0,0,0,0,1,1,6,2,23,5,1242,1,1,-1,-1,-1
2017134C21511,3,9,0,18,0,0,1,0,0,0,1,1,6,1,23,5,1598,1,13,-1,-1,-1
2017134C21586,1,9,0,18,0,0,0,0,0,0,2,1,6,2,49,8,2000,1,12,8,1,8
2017134C21586,2,9,0,18,0,0,0,0,0,0,1,1,6,3,-1,-1,-1,-1,-1,-1,-1,-1
2017134C21586,3,9,0,18,0,0,0,1,0,0,2,1,6,1,25,5,1560,2,-1,10,1,10
2017134C21586,4,9,0,18,0,0,0,0,0,0,1,1,6,2,25,5,1329,1,4,1,1,1
2017134C21612,1,9,0,18,0,8,0,0,0,0,1,1,1,1,37,7,2993,2,-1,-1,-1,-1
2017134C21612,2,9,0,18,0,8,0,0,0,0,3,1,2,1,48,8,1997,2,4,8,1,8
2017134C21671,1,9,0,9,0,5,0,0,0,0,4,1,6,1,-1,-1,1995,2,15,-1,-1,-1
2017134C21671,2,9,0,18,0,8,0,0,0,0,1,1,6,1,25,5,1124,1,14,5,1,5
2017134C21739,1,9,0,18,0,0,0,0,0,0,0,1,6,3,-1,-1,-1,-1,-1,-1,-1,-1
2017134C21739,2,9,0,18,0,0,0,0,2,11,1,1,6,1,75,10,1968,2,7,10,2,10
2017134C31064,1,9,0,3,0,8,0,0,0,0,2,1,6,2,30,6,1598,2,4,6,3,6
2017134C31064,2,9,0,18,0,8,0,0,0,0,1,1,6,2,-1,-1,1968,2,-1,-1,-1,-1
2017134C31160,1,9,0,17,0,1,0,0,0,0,1,1,6,1,39,7,1595,1,12,1,1,1
2017134C31160,2,9,0,5,0,2,0,0,0,0,3,1,6,1,18,4,1390,1,7,1,1,1
2017134C31690,1,9,0,18,0,6,0,0,0,0,1,1,6,1,-1,-1,1910,2,10,-1,-1,-1
2017134C31690,2,9,0,18,0,8,0,0,0,0,1,1,6,2,46,8,1685,2,-1,2,1,2
2017134C31780,1,11,0,1,0,8,0,0,0,0,2,1,1,2,20,4,7300,2,9,-1,-1,-1
2017134C31780,2,9,0,3,0,8,0,0,0,0,1,1,6,1,20,4,1242,1,13,1,1,1
2017134C31947,1,9,0,4,0,1,0,0,0,0,1,1,6,2,-1,-1,1197,1,3,-1,-1,-1
2017134C31947,2,9,0,3,0,1,0,0,0,0,2,1,6,2,43,7,-1,-1,-1,1,1,1
2017134C40001,1,9,0,9,0,5,0,0,0,0,4,1,6,1,-1,-1,-1,-1,-1,-1,-1,-1
2017134C40001,2,1,0,18,0,8,0,0,0,0,3,1,2,1,41,7,-1,-1,-1,1,1,1
2017134C40213,1,9,0,9,0,6,0,0,0,0,4,1,2,2,37,7,1598,2,6,1,1,1
2017134C40213,2,9,0,18,0,8,0,0,0,0,1,1,2,1,39,7,1364,1,1,2,1,2
2017134C40219,1,9,0,18,0,8,0,0,0,0,4,1,6,1,28,6,1995,2,5,4,1,4
2017134C40219,2,9,0,9,0,6,0,0,0,0,3,1,6,3,-1,-1,-1,-1,-1,-1,-1,-1
2017134C40338,1,21,1,11,0,0,0,0,0,0,4,1,1,1,55,8,12902,2,4,1,1,1
2017134C40338,2,9,0,11,0,0,0,0,0,0,3,1,2,2,33,6,1560,2,3,9,1,9
2017134C40339,1,9,0,9,0,8,0,0,8,11,4,1,6,1,50,8,1461,2,9,8,1,8
2017134C40339,2,9,0,18,0,8,0,0,0,0,1,1,2,1,29,6,-1,-1,-1,6,3,6
2017134C40425,1,9,0,9,0,8,0,0,0,0,1,1,6,1,55,8,1596,1,12,2,1,2
2017134C40453,1,9,0,18,0,0,0,0,0,0,1,1,6,1,67,10,2960,1,25,6,1,6
2017134C40453,2,9,4,2,0,0,0,0,0,0,2,1,6,3,-1,-1,-1,-1,-1,-1,-1,-1
2017134C40453,3,9,0,2,0,0,0,0,0,0,2,1,6,3,-1,-1,1339,1,2,-1,-1,-1
2017134C40530,1,9,0,9,0,6,0,0,0,0,1,1,6,1,28,6,1984,1,-1,3,1,3
2017134C40530,2,9,0,18,0,8,0,0,0,0,1,1,6,2,74,10,1242,1,9,10,1,10
2017134C40581,1,9,0,18,0,1,0,0,0,0,1,1,6,1,92,11,1198,1,10,1,1,1
2017134C40581,2,21,0,1,0,8,0,0,0,0,2,1,1,1,53,8,8970,2,12,2,1,2
2017134C40671,1,9,0,4,0,0,0,0,0,0,1,1,2,1,-1,-1,1686,2,9,-1,-1,-1
2017134C40671,2,9,0,4,0,0,0,0,0,0,2,1,2,1,60,9,998,1,-1,6,1,6
2017134C40676,1,3,0,18,0,0,5,0,0,0,1,1,6,1,33,6,125,1,4,5,1,5
2017134C40676,2,9,0,3,0,0,0,0,0,0,0,1,1,1,39,7,1984,1,2,2,1,2
2017134C40688,1,9,0,9,0,8,0,0,0,0,1,1,6,1,77,11,2401,2,14,3,1,3
2017134C40867,1,9,0,3,0,0,0,0,0,0,2,1,6,2,18,4,1390,1,11,5,1,5
2017134C40867,2,20,0,4,0,0,0,0,0,0,1,1,6,1,-1,-1,-1,-1,-1,-1,-1,-1
2017134C41133,1,11,0,18,0,1,0,0,0,0,0,1,6,3,-1,-1,-1,-1,-1,-1,-1,-1
2017134C41290,1,9,0,18,0,7,0,0,0,0,1,1,6,2,33,6,1598,1,7,-1,-1,-1
2017134C41290,2,9,0,3,0,7,0,0,0,0,2,1,6,2,21,5,1229,1,2,7,1,7
2017134C41432,1,9,0,18,0,1,0,0,0,0,1,1,6,2,22,5,1497,8,-1,1,1,1
2017134C41432,2,9,0,18,0,2,0,0,0,0,3,1,6,2,38,7,-1,-1,-1,3,1,3
2017134C41444,1,9,0,18,0,8,0,0,0,0,3,1,6,1,25,5,2143,2,4,1,1,1
2017134C41444,2,1,0,18,0,8,0,0,0,0,1,1,6,1,19,4,-1,-1,-1,1,1,1
2017134C41501,1,9,0,18,0,8,0,0,0,0,1,1,6,1,79,11,1248,1,6,10,1,10
2017134C41501,2,21,1,9,8,6,0,0,0,0,3,1,1,1,62,9,12777,2,-1,1,1,1
2017134C41631,1,19,0,18,0,1,0,0,0,0,1,1,6,1,58,9,1560,2,-1,5,1,5
2017134C41631,2,8,0,3,0,1,0,0,0,0,2,1,1,1,24,5,1497,8,8,1,1,1
2017134C41815,1,9,0,18,0,8,0,0,0,0,1,1,6,1,23,5,1896,2,12,7,1,7
2017134C41815,2,1,0,18,0,8,0,0,0,0,4,1,6,2,57,9,-1,-1,-1,3,1,3
2017134C42089,1,9,0,18,0,0,0,0,0,0,1,1,6,2,20,4,1229,1,9,4,1,4
2017134C50155,1,9,0,18,0,1,0,0,0,0,1,1,6,3,-1,-1,-1,-1,-1,-1,-1,-1
2017134C50155,2,3,0,18,0,1,2,10,1,11,1,1,2,1,40,7,125,1,5,1,1,1
2017134C50192,1,1,0,18,0,8,0,0,0,0,1,1,2,2,50,8,-1,-1,-1,1,1,1
2017134C50192,2,9,0,18,0,8,0,0,0,0,4,1,6,3,-1,-1,-1,-1,-1,-1,-1,-1
2017134C50654,1,19,0,9,0,8,0,0,0,0,4,1,6,1,42,7,1598,2,2,3,1,3
2017134C50654,2,1,0,18,0,1,0,0,0,0,1,1,6,1,18,4,-1,-1,-1,9,1,9
2017134C50743,1,9,0,9,0,8,0,0,0,0,4,1,6,1,41,7,1598,2,3,7,1,7
2017134C50743,2,9,0,18,0,8,0,0,0,0,1,1,6,2,38,7,1598,1,11,3,1,3
2017134C50872,1,9,0,7,0,8,0,0,0,0,2,1,6,1,71,10,1461,2,1,7,1,7
2017134C50872,2,9,0,7,0,8,0,0,0,0,1,1,6,1,47,8,1997,2,-1,3,1,3
2017134C50946,1,22,0,18,9,0,0,0,0,0,1,1,6,2,-1,-1,-1,-1,-1,-1,-1,-1
2017134C50999,1,9,0,18,0,0,0,0,0,0,4,1,1,2,35,6,998,1,12,3,1,3
2017134C51045,1,9,0,6,9,0,0,10,7,4,1,1,3,2,51,8,1596,1,9,1,1,1
2017134C51166,1,9,0,5,0,1,0,0,0,0,1,1,6,1,45,7,1797,8,4,-1,-1,-1
2017134C51166,2,9,0,18,0,8,0,0,0,0,4,1,6,2,39,7,-1,-1,-1,3,1,3
2017134C51215,1,19,0,18,0,1,0,0,0,0,1,1,6,1,27,6,1995,2,-1,2,1,2
2017134C51215,2,9,0,3,0,1,0,10,7,10,3,1,6,1,59,9,999,1,7,3,1,3
2017134C51339,1,9,0,5,0,0,0,0,0,0,1,1,6,2,81,11,1339,1,11,8,1,8
2017134C51439,1,9,0,9,0,6,0,0,0,0,3,1,2,2,24,5,998,1,2,9,1,9
2017134C51439,2,3,0,18,0,1,0,0,0,0,1,1,2,2,38,7,108,1,1,3,1,3
2017134C51483,1,9,0,3,0,0,0,0,0,0,2,1,6,1,25,5,2143,2,-1,10,1,10
2017134C51483,2,9,0,18,0,0,0,0,0,0,1,1,6,1,-1,-1,1598,1,4,-1,-1,-1
2017134C51510,1,9,0,2,0,0,0,0,0,0,0,1,3,2,38,7,-1,-1,-1,10,1,10
2017134C51510,2,9,0,18,0,0,0,8,0,0,1,1,2,1,72,10,4966,1,15,9,1,9
2017134C51556,1,9,0,7,0,4,0,0,0,0,1,1,6,1,-1,-1,-1,-1,-1,-1,-1,-1
2017134C51556,2,9,0,18,0,3,0,0,0,0,4,1,2,2,45,7,1248,1,5,8,1,8
2017134C51878,1,9,0,18,0,0,0,0,0,0,0,1,6,3,-1,-1,-1,-1,-1,-1,-1,-1
2017134C60031,1,9,0,14,0,1,2,0,8,11,3,1,6,1,18,4,1242,1,11,-1,-1,-1
2017134C60146,1,19,0,18,0,0,1,0,1,11,3,1,6,1,22,5,1399,2,12,9,1,9
2017134C60163,1,9,0,18,0,0,1,4,0,0,1,1,2,1,24,5,1124,1,18,4,1,4
2017134C60163,2,21,1,2,0,0,0,0,0,0,2,1,1,1,55,8,-1,-1,-1,1,1,1
2017134C60251,1,9,0,18,0,1,0,0,0,0,1,1,6,2,51,8,1461,2,1,9,2,9
2017134C60251,2,9,0,8,0,1,0,0,0,0,1,1,6,2,50,8,1422,2,13,3,1,3
2017134C60268,1,11,0,18,0,0,0,0,0,0,1,1,1,1,51,8,9000,2,6,1,1,1
2017134C60277,1,9,0,7,0,6,0,0,0,0,4,1,3,2,35,6,1968,2,2,1,1,1
2017134C60277,2,1,0,18,0,1,0,0,0,0,1,1,6,1,35,6,-1,-1,-1,-1,-1,-1
2017134C60339,1,3,0,18,0,0,0,0,0,0,1,1,6,1,55,8,124,1,16,6,1,6
2017134C60343,1,9,0,18,0,0,0,4,0,11,4,1,6,1,25,5,2494,1,19,5,1,5
2017134C60343,2,9,0,18,0,0,0,0,0,0,3,1,1,1,32,6,-1,-1,-1,4,1,4
2017134C60343,3,9,0,2,0,0,0,0,0,0,1,1,6,1,-1,-1,1229,1,13,2,1,2
2017134C60486,1,9,0,2,0,1,0,0,0,0,2,1,1,1,46,8,1597,1,9,6,1,6
2017134C60486,2,20,0,18,0,1,0,0,0,0,1,1,1,1,54,8,4764,2,8,2,1,2
2017134C60852,1,9,0,7,0,1,0,0,0,0,1,1,6,3,-1,-1,-1,-1,-1,-1,-1,-1
2017134C60852,2,9,0,18,0,1,0,0,0,0,1,1,6,2,55,8,1598,2,2,7,1,7
2017134C60859,1,9,0,18,0,8,0,0,0,0,3,1,6,1,88,11,998,1,10,6,1,6
2017134C60859,2,17,4,18,0,8,3,0,0,0,1,1,1,1,47,8,6788,2,2,5,1,5
2017134C60859,3,9,0,18,0,4,0,0,0,0,1,1,6,2,56,9,1560,2,2,7,1,7
2017134C61315,1,9,0,10,0,8,0,0,0,0,3,1,3,2,39,7,1596,1,6,-1,-1,-1
2017134C61315,2,9,0,18,0,8,0,0,0,0,3,1,3,2,50,8,1968,2,13,4,1,4
2017134C61341,1,9,0,10,0,1,0,0,0,0,1,1,6,1,80,11,1461,2,9,1,1,1
2017134C61341,2,3,0,18,0,1,0,0,0,0,1,1,6,1,26,6,124,1,4,3,1,3
2017134C61420,1,3,0,18,0,8,0,0,0,0,1,1,6,1,54,8,124,1,3,3,1,3
2017134C61573,1,9,0,9,0,8,0,0,0,0,1,1,6,1,18,4,998,1,7,2,1,2
2017134C61890,1,9,0,18,0,1,0,0,0,0,1,1,6,1,18,4,1968,2,1,1,1,1
2017134C61890,2,9,0,9,0,1,0,0,0,0,2,1,6,1,19,4,1753,2,14,1,1,1
2017134C61890,3,8,0,2,9,1,0,0,0,0,3,1,6,3,-1,-1,1995,2,6,-1,-1,-1
2017134C62105,1,9,0,16,0,0,1,4,0,0,1,1,6,1,23,5,1398,2,12,3,1,3
2017134C62105,2,9,0,2,0,0,0,0,0,0,2,1,6,3,-1,-1,1997,2,7,-1,-1,-1
2017134C62105,3,9,0,2,0,0,0,0,0,0,2,1,6,3,-1,-1,1461,2,14,-1,-1,-1
2017134C62105,4,9,0,2,0,0,0,0,0,0,2,1,6,3,-1,-1,2179,2,4,-1,-1,-1
2017134C70042,1,9,0,18,0,8,1,0,0,0,4,1,6,1,44,7,1753,2,12,-1,-1,-1
2017134C70042,2,9,0,18,0,8,0,0,0,0,0,1,6,1,-1,-1,1560,2,1,-1,-1,-1
2017134C70042,3,9,0,2,0,1,0,0,0,0,2,1,6,3,-1,-1,1781,1,14,-1,-1,-1
2017134C70042,4,9,0,2,0,1,0,0,0,11,2,1,6,3,-1,-1,1149,1,8,-1,-1,-1
2017134C70042,5,19,0,2,0,1,0,0,0,0,2,1,6,3,-1,-1,2402,2,7,-1,-1,-1
2017134C70042,6,9,0,2,0,1,0,0,0,0,2,1,6,3,-1,-1,1968,2,13,-1,-1,-1
2017134C70255,1,9,0,9,0,8,0,0,0,0,3,1,6,1,52,8,1998,1,27,8,1,8
2017134C70255,2,9,0,18,0,8,0,0,0,0,1,1,6,1,22,5,999,1,3,8,3,8
2017134C70267,1,9,0,18,0,0,0,0,0,0,2,1,6,2,33,6,1968,2,4,4,1,4
2017134C70267,2,9,0,18,0,0,0,0,0,0,2,1,1,2,32,6,998,1,-1,9,1,9
2017134C70267,3,9,0,18,0,0,0,0,0,0,1,1,1,1,38,7,1969,2,1,10,1,10
2017134C70305,1,9,0,9,0,6,0,0,0,0,3,1,6,1,73,10,1968,2,1,1,1,1
2017134C70305,2,9,0,18,0,1,0,0,0,0,1,1,6,1,42,7,1348,1,10,4,1,4
2017134C70337,1,9,0,18,0,4,0,0,0,0,3,1,1,1,35,6,1598,2,3,1,1,1
2017134C70337,2,9,0,18,0,4,0,0,0,0,1,1,6,2,64,9,1596,1,-1,1,1,1
2017134C70345,1,9,0,9,0,6,0,0,0,0,3,1,6,2,33,6,1229,1,9,-1,-1,-1
2017134C70345,2,9,0,18,0,8,0,0,0,0,1,1,1,2,36,7,1598,2,2,-1,-1,-1
2017134C70349,1,1,0,15,9,8,0,0,7,2,1,1,1,1,36,7,-1,-1,-1,6,1,6
2017134C70349,2,9,0,9,0,5,0,0,0,0,0,1,3,2,33,6,1968,2,5,7,1,7
2017134C70495,1,9,0,18,9,6,0,0,0,0,4,1,3,2,41,7,2204,2,10,4,1,4
2017134C70862,1,9,0,4,0,0,0,0,0,0,1,1,6,3,-1,-1,1242,1,10,-1,-1,-1
2017134C70862,2,9,0,3,0,0,0,0,0,0,2,1,6,2,29,6,1753,2,8,4,1,4
2017134C70942,1,19,0,3,0,7,0,0,0,0,1,1,6,1,26,6,2143,2,-1,1,3,1
2017134C70942,2,9,0,4,0,7,0,0,0,0,2,1,6,2,59,9,1587,1,14,3,1,3
2017134C71170,1,9,0,18,0,0,0,0,0,0,3,1,6,2,33,6,1968,2,4,5,1,5
2017134C71367,1,9,0,18,0,0,0,0,0,0,1,1,6,1,47,8,1197,1,3,8,1,8
2017134C71367,2,4,0,3,0,0,0,0,0,0,2,1,6,2,22,5,125,1,7,2,1,2
2017134C71403,1,9,0,7,0,6,0,0,0,0,1,1,6,3,-1,-1,-1,-1,-1,-1,-1,-1
2017134C71403,2,2,0,18,0,1,0,0,0,0,1,1,6,1,16,4,49,1,4,10,2,10
2017134C71424,1,9,0,9,0,5,0,0,0,0,3,1,6,1,27,6,1497,1,15,1,1,1
2017134C71829,1,8,0,18,0,0,0,0,2,10,1,1,1,1,45,7,1798,8,2,2,1,2
2017134C71926,1,9,0,18,0,8,0,0,0,0,1,1,6,1,34,6,3246,1,14,-1,-1,-1
2017134C71926,2,1,0,18,0,5,0,0,2,0,1,1,6,1,53,8,-1,-1,-1,-1,-1,-1
2017134C72058,1,9,0,4,0,6,1,0,0,0,1,1,6,1,29,6,1968,2,2,10,2,10
2017134C72058,2,9,0,18,0,8,0,0,0,0,4,1,6,2,47,8,-1,-1,-1,4,1,4
2017134C80056,1,9,0,17,0,1,1,0,0,0,1,1,6,1,27,6,1596,1,6,4,1,4
2017134C80056,2,8,0,16,0,1,0,0,0,0,1,1,1,1,26,6,1797,8,8,1,1,1
2017134C80344,1,9,0,7,0,6,0,0,0,0,1,1,6,2,67,10,1198,1,1,1,1,1
2017134C80344,2,9,0,18,0,8,0,0,0,0,1,1,2,2,32,6,1149,1,3,-1,-1,-1
2017134C80605,1,9,0,16,0,0,0,0,1,3,1,1,6,1,71,10,1398,1,1,8,1,8
2017134C80644,1,9,0,7,0,5,0,0,0,0,1,1,1,1,47,8,2979,1,9,7,1,7
2017134C80663,1,9,0,18,0,2,0,4,0,0,1,1,6,1,42,7,1198,1,6,8,1,8
2017134C80663,2,21,0,2,0,8,0,0,0,0,2,1,1,1,57,9,12740,2,1,3,1,3
2017134C80757,1,9,0,2,6,0,0,0,0,0,3,1,6,1,76,11,1461,2,1,6,1,6
2017134C80757,2,9,0,2,6,0,0,0,0,0,4,1,6,3,-1,-1,1896,2,14,-1,-1,-1
2017134C80912,1,9,0,18,0,0,0,11,0,0,1,1,1,1,32,6,1200,1,-1,3,1,3
2017134C81123,1,9,0,18,0,0,0,0,0,0,1,1,6,1,48,8,1598,1,9,1,1,1
2017134C81394,1,19,0,9,0,8,0,0,0,0,3,1,6,1,29,6,2198,2,2,-1,-1,-1
2017134C81494,1,9,0,13,0,0,0,4,0,0,1,1,6,3,-1,-1,1991,1,1,-1,-1,-1
2017134C81494,2,9,0,5,0,0,0,0,0,0,1,1,6,1,47,8,1388,1,16,-1,-1,-1
2017134C81494,3,9,0,2,0,0,0,0,0,0,1,1,6,1,-1,-1,1229,1,7,1,1,1
2017134C81494,4,9,0,2,0,0,0,0,0,0,1,1,6,2,-1,-1,1796,1,17,-1,-1,-1
2017134C81646,1,9,0,18,0,1,0,0,0,0,1,1,6,1,35,6,1896,2,11,4,1,4
2017134C81802,1,9,0,7,0,5,0,0,0,0,1,1,6,1,36,7,1753,2,14,1,1,1
2017134C81843,1,9,0,18,0,0,0,0,0,0,3,1,6,2,46,8,1200,1,1,6,1,6
2017134C81904,1,9,0,15,4,0,0,0,0,0,4,1,6,1,21,5,1272,1,27,1,1,1
2017134C81904,2,1,0,18,4,0,0,0,0,0,3,1,6,1,46,8,-1,-1,-1,7,1,7
2017134C81932,1,9,0,4,0,0,0,0,0,0,2,1,2,2,27,6,1242,1,9,2,1,2
2017134C81932,2,9,0,18,0,0,0,0,0,0,1,1,2,1,50,8,1998,1,16,1,1,1
2017134C82109,1,9,0,18,0,0,1,0,8,11,1,1,6,2,24,5,1242,1,9,6,1,6
2017134C90363,1,9,0,18,0,0,1,0,0,0,4,1,2,1,32,6,1461,2,12,3,1,3
2017134C90363,2,9,0,18,0,0,0,0,0,0,1,1,2,2,48,8,998,1,1,10,3,10
2017134C90409,1,9,0,17,0,0,1,0,7,0,3,1,6,1,29,6,1422,2,8,6,1,6
2017134C90409,2,9,0,18,0,0,0,0,0,0,4,1,6,1,40,7,-1,-1,-1,4,1,4
2017134C90873,1,9,0,13,0,1,0,0,7,0,4,1,6,1,22,5,999,1,2,1,1,1
2017134C90873,2,9,0,18,0,1,0,0,0,0,0,1,2,2,42,7,1598,2,-1,-1,-1,-1
2017134C90873,3,9,0,9,0,1,0,0,0,0,3,1,6,2,34,6,1598,1,3,7,1,7
2017134C91104,1,9,0,18,0,0,1,0,0,0,1,1,6,2,30,6,2143,2,-1,1,1,1
2017134C91217,1,9,0,18,0,1,0,0,0,0,3,1,6,1,50,8,1461,2,4,6,2,6
2017134C91217,2,9,0,9,0,6,0,0,0,0,1,1,6,2,27,6,1968,2,8,1,1,1
2017134C91266,1,9,0,18,0,8,1,4,0,0,1,1,6,1,34,6,1995,2,6,5,1,5
2017134C91266,2,19,0,2,0,2,0,4,0,0,1,1,6,3,-1,-1,2198,2,10,-1,-1,-1
2017134C91266,3,9,0,2,0,2,0,0,0,0,1,1,6,3,-1,-1,1395,1,2,-1,-1,-1
2017134C91297,1,8,0,4,0,0,0,0,0,0,0,1,1,1,76,11,1598,2,5,1,1,1
2017134C91297,2,11,0,4,0,0,0,0,0,0,2,1,1,1,54,8,7300,2,13,1,1,1
2017134C91343,1,9,0,18,0,0,0,0,0,0,2,1,6,1,48,8,1798,1,8,2,1,2
2017134C91343,2,9,0,18,0,0,0,0,0,0,1,1,6,2,73,10,1598,1,8,2,1,2
2017134C91443,1,9,0,18,0,4,0,0,0,0,1,1,6,2,30,6,1999,2,2,5,1,5
2017134C91443,2,9,0,9,0,8,0,0,7,0,1,1,6,1,17,4,1242,1,11,1,1,1
2017134C91654,1,9,0,7,0,6,0,0,0,0,1,1,6,2,54,8,997,1,25,10,1,10
2017134C91654,2,9,0,3,0,2,0,0,0,0,2,1,6,2,25,5,1461,2,2,3,1,3
2017134C91747,1,9,0,9,0,6,0,0,0,0,1,1,6,1,32,6,1363,2,12,-1,-1,-1
2017134CA0903,1,9,0,9,0,8,0,0,0,0,1,1,6,1,39,7,1686,2,12,4,3,4
2017134CA1266,1,9,0,18,0,0,0,0,0,0,1,1,6,1,23,5,1242,1,18,5,1,5
2017134CA1317,1,9,0,4,0,0,0,0,0,0,1,1,6,1,49,8,-1,-1,-1,7,1,7
2017134CA1317,2,9,0,4,0,0,0,0,0,0,2,1,6,2,23,5,1986,2,10,8,1,8
2017134CA1317,3,9,0,4,0,0,0,0,0,0,2,1,6,2,22,5,1390,1,4,7,1,7
2017134CA1415,1,9,0,18,0,0,0,4,0,0,1,1,6,1,39,7,1364,2,6,1,1,1
2017134CA1415,2,9,0,2,0,0,0,4,0,0,2,1,6,3,-1,-1,1229,1,11,-1,-1,-1
2017134CA1415,3,9,0,2,0,0,0,4,0,0,1,1,6,3,-1,-1,1360,1,9,-1,-1,-1
2017134CA1504,1,9,0,9,0,1,0,0,0,0,1,1,6,1,34,6,1998,2,10,1,1,1
2017134CA1751,1,9,0,7,0,1,0,0,0,0,1,1,6,1,30,6,1339,1,13,10,1,10
2017134CA1751,2,1,0,18,0,1,0,0,0,0,4,1,6,1,32,6,-1,-1,-1,1,1,1
2017134CB0208,1,9,0,18,0,0,0,0,0,0,1,1,6,1,27,6,1395,1,-1,2,1,2
2017134CB0208,2,9,0,18,0,0,0,0,0,0,2,1,6,1,59,9,998,1,1,8,1,8
2017134CB0496,1,9,0,18,0,1,0,0,0,0,1,1,6,1,42,7,1328,1,10,5,1,5
2017134CB0496,2,9,0,7,0,8,0,0,0,0,2,1,6,1,75,10,1598,1,6,2,1,2
2017134CB0496,3,9,0,7,0,8,0,0,0,0,2,1,6,2,71,10,1398,2,9,4,1,4
2017134CB0912,1,9,0,18,0,0,0,0,1,11,0,1,6,2,29,6,1896,2,11,4,2,4
2017134CB0912,2,9,0,18,0,0,1,0,0,0,1,1,6,1,34,6,1995,2,11,-1,-1,-1
2017134CB0962,1,9,0,3,0,0,0,0,0,0,2,1,6,2,45,7,1497,1,14,8,1,8
2017134CB0962,2,9,0,18,0,0,0,0,0,0,1,1,6,2,23,5,998,1,5,-1,-1,-1
2017134CB1462,1,2,0,6,0,0,2,0,0,0,3,1,6,1,25,5,124,1,7,1,1,1
2017134CB1462,2,9,0,18,0,0,0,0,0,0,1,1,6,2,32,6,1360,1,6,4,1,4
2017134CB1704,1,9,0,11,0,0,0,0,1,11,4,1,6,2,23,5,1108,1,11,-1,-1,-1
2017134CC0213,1,9,0,18,0,0,1,0,0,0,1,1,2,2,50,8,1364,1,8,3,1,3