Accident_Index,Vehicle_Reference,Vehicle_Type,Towing_and_Articulation,Vehicle_Manoeuvre,Vehicle_Location-Restricted_Lane,Junction_Location,Skidding_and_Overturning,Hit_Object_in_Carriageway,Vehicle_Leaving_Carriageway,Hit_Object_off_Carriageway,1st_Point_of_Impact,Was_Vehicle_Left_Hand_Drive?,Journey_Purpose_of_Driver,Sex_of_Driver,Age_of_Driver,Age_Band_of_Driver,Engine_Capacity_(CC),Propulsion_Code,Age_of_Vehicle,Driver_IMD_Decile,Driver_Home_Area_Type,Vehicle_IMD_Decile
2017134CC0213,2,9,0,4,0,0,0,0,0,0,2,1,2,1,51,8,1596,1,3,10,1,10
2017134CC0257,1,8,0,9,0,5,0,0,0,0,1,1,1,1,37,7,1968,2,7,1,1,1
2017134CC0308,1,19,0,18,0,4,0,0,0,0,3,1,2,1,30,6,1995,2,-1,1,1,1
2017134CC0314,1,19,0,18,0,0,0,0,0,0,1,1,1,1,26,6,1560,2,2,-1,-1,-1
2017134CC0314,2,9,0,18,0,0,0,0,0,0,2,1,6,1,52,8,2993,2,1,7,1,7
2017134CC0353,1,9,0,12,0,8,0,0,0,0,3,1,6,3,-1,-1,-1,-1,-1,-1,-1,-1
2017134CC0353,2,9,0,18,0,8,1,7,5,0,4,1,6,1,36,7,1598,1,14,2,1,2
2017134CC0353,3,9,0,18,0,8,0,0,0,0,1,1,6,1,59,9,1686,2,4,4,3,4
2017134CC0638,1,9,0,9,0,6,0,0,0,0,3,1,6,2,83,11,1396,1,15,10,1,10
2017134CC0638,2,9,0,18,0,1,0,0,0,0,1,1,6,2,29,6,1560,2,3,4,1,4
2017134CC0730,1,9,0,9,0,5,0,0,0,0,1,1,6,2,29,6,1400,1,17,3,1,3
2017134CC0730,2,1,0,18,0,8,0,0,0,0,1,1,6,1,57,9,-1,-1,-1,10,1,10
2017134CC1019,1,9,0,13,0,0,0,0,1,11,1,1,6,1,40,7,1997,2,15,1,1,1
2017134CC1019,2,9,0,18,0,0,0,0,0,0,1,1,3,2,36,7,2401,2,10,1,1,1
2017134CC1019,3,9,0,18,0,0,0,0,0,0,0,1,1,2,56,9,998,1,5,6,1,6
2017134CC1212,1,2,0,18,0,0,1,2,0,6,4,1,2,1,18,4,125,1,4,10,1,10
2017134CC1212,2,8,0,18,0,0,0,0,0,0,3,1,1,1,61,9,1997,2,10,3,1,3
2017134CC1317,1,9,0,4,0,0,0,0,0,0,2,1,6,1,65,9,1332,1,20,6,1,6
2017134CC1317,2,19,0,18,0,0,0,0,0,0,1,1,6,1,-1,-1,2198,2,5,-1,-1,-1
2017134CC1372,1,9,0,18,0,0,0,0,0,0,1,1,6,3,-1,-1,-1,-1,-1,-1,-1,-1
2017134CC1394,1,9,0,7,0,2,0,0,0,0,1,1,2,1,38,7,1896,2,7,1,1,1
2017134CC1736,1,9,0,18,0,0,0,0,0,0,1,2,6,3,-1,-1,-1,-1,-1,-1,-1,-1
2017134CC1736,2,1,0,18,0,0,0,0,0,0,2,1,6,1,14,3,-1,-1,-1,10,2,10
2017134CC1791,1,9,0,7,0,6,0,0,0,0,1,1,6,1,31,6,1499,2,1,5,1,5
2017134CC1791,2,4,0,18,0,8,0,0,0,0,4,1,6,1,21,5,124,1,11,8,1,8
2017134CD0202,1,9,0,18,0,0,0,0,0,0,1,1,2,1,21,5,1242,1,-1,1,1,1
2017134CD0202,2,8,0,2,0,0,0,0,0,0,2,1,1,1,44,7,1997,2,9,3,1,3
2017134CD0271,1,9,0,15,0,0,0,0,0,0,1,1,3,1,27,6,1560,2,8,5,2,5
2017134CD0307,1,9,0,14,0,0,0,0,0,0,1,1,6,2,29,6,1198,1,6,7,1,7
2017134CD0463,1,9,0,9,0,5,0,0,0,0,1,1,2,1,24,5,1595,1,26,3,1,3
2017134CD0463,2,1,0,18,0,8,5,0,0,0,1,1,2,1,41,7,-1,-1,-1,4,1,4
2017134CD0962,1,9,0,4,0,1,0,7,0,0,1,1,6,1,21,5,998,1,7,3,1,3
2017134CD0962,2,9,0,17,0,1,0,0,0,0,0,1,6,3,-1,-1,-1,-1,-1,-1,-1,-1
2017134CD0966,1,9,0,9,0,8,0,0,0,0,1,1,6,2,19,4,1242,1,9,2,1,2
2017134CD0966,2,9,0,18,0,8,0,0,0,0,1,1,6,1,25,5,1796,1,12,6,2,6
2017134CD1028,1,9,0,18,0,0,0,0,0,0,1,1,2,1,24,5,1390,1,14,2,1,2
2017134CD1410,1,9,0,18,0,0,0,0,0,0,4,1,2,1,56,9,2902,2,11,3,1,3
2017134CD1424,1,9,0,7,0,6,0,0,0,0,4,1,6,2,52,8,1896,2,11,1,1,1
2017134CD1424,2,9,0,18,0,8,0,0,0,0,1,1,6,2,67,10,2685,2,12,5,1,5
2017134CD1502,1,9,0,18,0,0,0,0,7,4,1,1,6,1,29,6,1296,1,11,2,1,2
2017134CD1758,1,9,0,3,0,0,0,0,0,0,2,1,6,1,22,5,1343,1,14,10,1,10
2017134CD1758,2,9,0,18,0,0,1,0,0,0,1,1,6,1,45,7,1968,2,-1,8,1,8
2017134CD1971,1,9,0,18,0,0,1,7,0,6,1,1,6,1,30,6,1753,2,9,7,3,7
2017134CD1971,2,19,0,18,0,0,0,0,0,0,3,1,1,1,70,10,2402,2,12,1,1,1
2017134CE0185,1,9,0,18,0,1,1,0,0,1,1,1,1,2,46,8,1364,1,7,4,1,4
2017134CE0188,1,9,0,16,0,8,1,0,1,11,1,1,2,1,60,9,1598,1,2,7,1,7
2017134CE0212,1,9,0,18,0,0,1,0,0,0,1,1,6,1,23,5,1598,1,3,5,1,5
2017134CE0212,2,9,0,2,0,0,0,0,0,0,3,1,6,2,-1,-1,1242,1,12,1,1,1
2017134CE0318,1,9,0,18,0,8,0,0,0,0,1,1,2,2,21,5,1995,2,2,4,1,4
2017134CE0318,2,9,0,18,0,8,0,0,0,0,1,1,2,1,42,7,1149,1,11,10,1,10
2017134CE0355,1,9,0,18,0,8,0,0,0,0,1,1,6,2,33,6,1240,1,14,1,1,1
2017134CE0384,1,97,0,18,0,0,0,0,0,0,2,1,6,1,-1,-1,-1,-1,-1,-1,-1,-1
2017134CE0568,1,9,0,9,0,6,0,0,0,0,3,1,6,1,57,9,1229,1,9,5,3,5
2017134CE0568,2,4,0,18,0,8,0,0,0,0,1,1,6,1,49,8,123,1,26,8,1,8
2017134CE0654,1,9,0,9,0,8,0,0,0,0,3,1,6,2,23,5,1598,2,-1,5,1,5
2017134CE0654,2,10,0,18,0,8,0,0,8,10,4,1,1,1,51,8,2198,2,5,2,1,2
2017134CE0952,1,9,0,18,0,0,0,0,0,0,1,1,6,2,46,8,1598,1,6,1,1,1
2017134CE1079,1,8,0,12,0,7,0,0,0,0,3,1,1,1,48,8,1896,2,7,1,1,1
2017134CE1079,2,9,0,18,0,8,0,0,4,6,4,1,6,1,36,7,2143,2,-1,9,3,9
2017134CE1237,1,9,0,18,0,0,0,0,0,0,2,1,6,1,60,9,1896,2,11,-1,-1,-1
2017134CE1237,2,21,1,18,0,0,0,0,0,0,1,1,1,1,43,7,11967,2,4,9,2,9
2017134CE1247,1,9,0,1,0,0,0,0,0,0,2,1,6,1,-1,-1,-1,-1,-1,-1,-1,-1
2017134CE1310,1,9,0,9,0,1,0,0,0,0,4,1,6,1,65,9,1995,2,4,10,2,10
2017134CE1310,2,1,0,18,0,2,0,0,0,0,1,1,6,1,43,7,-1,-1,-1,8,1,8
2017134CE1338,1,9,0,18,0,6,0,0,0,0,1,1,6,1,24,5,998,1,10,7,1,7
2017134CE1338,2,9,0,18,0,1,0,11,1,11,3,1,6,2,26,6,1968,2,1,1,1,1
2017134CE1338,3,9,0,2,0,1,0,0,0,0,2,1,6,1,44,7,1560,2,6,1,1,1
2017134CE1683,1,9,0,9,0,2,0,0,0,0,1,1,6,1,23,5,1796,1,13,5,1,5
2017134CE1937,1,9,0,18,0,6,0,0,0,0,4,1,6,2,19,4,1242,1,14,5,2,5
2017134CE1937,2,9,0,18,0,8,0,0,0,0,1,1,6,1,51,8,1753,2,9,1,2,1
2017134CE1947,1,9,0,18,0,8,0,0,0,0,1,1,6,1,25,5,1968,2,1,-1,-1,-1
2017134CE1947,2,9,0,18,0,8,0,0,0,0,1,1,6,2,22,5,999,1,-1,-1,-1,-1
2017134CF0249,1,9,0,18,0,4,0,0,0,0,3,1,6,1,29,6,2204,2,10,3,1,3
2017134CF0249,2,9,0,18,0,4,0,0,0,0,1,1,6,1,49,8,2480,1,-1,9,1,9
2017134CF0266,1,9,0,3,0,1,0,0,0,0,2,1,2,2,45,7,1984,2,4,8,3,8
2017134CF0266,2,19,0,18,0,1,0,0,0,0,1,1,1,1,21,5,2148,2,9,7,3,7
2017134CF0313,1,2,0,9,0,5,1,0,0,0,0,1,6,2,24,5,-1,-1,-1,6,1,6
2017134CF0359,1,9,0,9,0,8,0,0,0,0,1,1,1,1,70,10,-1,-1,-1,6,1,6
2017134CF0378,1,9,0,18,0,4,0,0,0,0,1,1,6,2,28,6,1498,1,9,1,1,1
2017134CF0378,2,1,0,18,0,3,5,0,0,0,4,1,6,1,43,7,-1,-1,-1,9,1,9
2017134CF0387,1,9,0,18,0,8,0,0,0,0,1,1,6,1,42,7,1598,1,10,2,1,2
2017134CF0551,1,9,0,18,0,0,0,0,0,0,3,1,6,3,-1,-1,-1,-1,-1,-1,-1,-1
2017134CF0647,1,11,0,2,2,0,0,0,0,0,0,1,1,1,46,8,9360,2,8,4,1,4
2017134CF0676,1,9,0,18,0,1,0,0,0,0,1,1,6,1,57,9,-1,-1,-1,1,1,1
2017134CF0676,2,9,0,9,0,8,0,0,0,0,1,1,6,2,52,8,1248,1,1,4,1,4
2017134CF0703,1,9,0,18,0,0,0,0,0,0,4,1,6,1,45,7,1969,2,-1,10,2,10
2017134CF0709,1,19,0,1,0,2,0,0,0,0,2,1,1,1,33,6,2461,2,9,1,1,1
2017134CF0799,1,9,0,18,0,1,0,0,0,0,1,1,6,2,31,6,1298,1,11,1,1,1
2017134CF0799,2,9,0,9,0,1,0,0,0,0,3,1,6,1,58,9,1499,1,1,-1,-1,-1
2017134CF0936,1,9,0,18,0,1,0,0,0,0,1,1,6,1,36,7,1461,2,6,5,1,5
2017134CF0936,2,9,0,9,0,5,0,0,0,0,4,1,6,1,33,6,1997,1,1,9,1,9
2017134CF0983,1,9,0,18,0,0,0,0,0,0,1,1,6,2,58,9,2316,1,22,5,3,5
2017134CF0983,2,9,0,18,0,0,0,0,0,0,2,1,1,1,36,7,1998,1,10,4,1,4
2017134CF1012,1,9,0,18,0,1,0,0,0,0,1,1,6,1,26,6,2000,1,13,1,1,1
2017134CF1012,2,9,0,9,0,8,0,0,0,0,3,1,1,1,57,9,1998,2,9,4,1,4
2017134CF1039,1,9,0,18,9,1,0,0,7,11,1,1,6,3,-1,-1,1995,2,7,-1,-1,-1
2017134CF1039,2,9,0,18,0,1,0,0,7,11,1,1,1,1,-1,-1,2993,2,1,-1,-1,-1
2017134CF1039,3,9,0,4,0,2,0,0,0,0,1,1,1,1,-1,-1,1995,2,1,-1,-1,-1
2017134CF1039,4,9,0,18,0,1,0,0,0,0,0,1,1,1,-1,-1,2993,2,-1,-1,-1,-1
2017134CF1039,5,9,0,7,0,5,0,0,0,0,4,1,3,2,39,7,1390,1,16,1,1,1
2017134CF1105,1,9,0,18,0,0,0,0,0,0,1,1,6,1,64,9,1590,1,14,3,1,3
2017134CF1143,1,9,0,9,0,0,0,0,0,0,3,1,6,2,45,7,1595,1,7,10,2,10
2017134CF1143,2,9,0,9,0,0,0,0,0,0,1,1,6,2,72,10,1968,2,3,5,2,5
2017134CF1222,1,8,0,18,0,8,0,0,0,0,1,1,1,1,37,7,1598,2,1,3,1,3
2017134CF1222,2,1,0,18,0,8,0,0,0,0,1,1,2,1,42,7,-1,-1,-1,1,1,1
2017134CF1424,1,9,0,9,0,8,0,0,0,0,1,1,6,1,55,8,1200,1,1,7,1,7
2017134CF1424,2,1,0,18,0,8,0,0,0,0,1,1,6,1,45,7,-1,-1,-1,1,1,1
2017134CF1427,1,11,0,18,0,0,0,0,0,0,0,1,1,1,-1,-1,4760,2,6,-1,-1,-1
2017134CF1732,1,9,0,18,0,8,0,0,0,0,1,1,6,3,-1,-1,-1,-1,-1,-1,-1,-1
2017134CF1740,1,9,0,18,0,8,0,0,0,0,3,1,6,1,51,8,1984,1,15,3,1,3
2017134CF1740,2,9,0,18,0,8,0,0,0,0,1,1,6,2,50,8,2987,2,10,7,1,7
2017134CF1825,1,9,0,9,0,8,0,0,0,0,0,1,6,1,51,8,1329,1,8,-1,-1,-1
2017134CF1825,2,1,0,18,0,8,1,0,0,0,0,1,6,1,40,7,-1,-1,-1,7,3,7
2017134CF1955,1,9,0,7,0,6,1,0,3,2,1,1,6,2,23,5,1796,1,13,10,2,10
2017134CG0399,1,9,0,18,0,4,0,0,0,0,1,1,1,1,34,6,1753,2,11,4,1,4
2017134CG0399,2,4,0,9,0,4,0,0,0,0,3,1,1,1,25,5,124,1,8,7,1,7
2017134CG0550,1,9,0,9,0,5,0,0,0,0,1,1,2,1,19,4,996,1,3,8,1,8
2017134CG0642,1,1,0,18,0,1,0,0,0,0,1,1,6,1,36,7,-1,-1,-1,3,1,3
2017134CG0642,2,9,0,9,0,6,0,0,0,0,3,1,6,2,19,4,999,1,-1,9,1,9
2017134CG0693,1,9,0,9,0,8,0,0,0,0,1,1,6,1,59,9,1590,1,13,-1,-1,-1
2017134CG0833,1,9,0,17,7,0,1,0,0,0,1,1,6,2,22,5,1242,1,5,5,1,5
2017134CG0833,2,9,0,2,6,0,0,0,0,0,2,1,6,1,32,6,1560,2,1,7,3,7
2017134CG1254,1,9,0,18,0,0,0,0,0,0,2,1,6,2,43,7,1299,1,15,1,1,1
2017134CG1254,2,21,1,18,0,0,0,0,0,0,1,1,6,1,64,9,-1,-1,-1,-1,-1,-1
2017134CG1560,1,9,0,18,0,0,0,0,0,0,3,1,6,3,-1,-1,-1,-1,-1,-1,-1,-1
2017134CG1560,2,9,0,2,0,0,0,0,0,0,3,1,6,2,55,8,1149,1,13,3,1,3
2017134CG1637,1,9,0,7,0,6,0,0,0,0,3,1,1,1,28,6,1399,2,15,1,1,1
2017134CH0135,1,9,0,18,0,0,0,0,7,11,1,1,6,1,31,6,1781,1,18,2,1,2
2017134CH0536,1,9,0,11,0,0,0,0,0,0,4,1,6,2,58,9,1242,1,7,7,1,7
2017134CH0536,2,9,0,18,0,0,0,0,0,0,3,1,6,1,31,6,1984,7,15,5,1,5
2017134CH0552,1,9,0,18,0,0,0,0,8,11,1,1,6,1,30,6,1968,2,12,8,1,8
2017134CH0846,1,9,0,17,0,0,1,10,0,0,1,1,6,1,69,10,-1,-1,-1,8,1,8
2017134CH0846,2,9,0,17,0,0,0,0,0,0,1,1,6,2,54,8,1229,1,8,10,1,10
2017134CH1217,1,9,0,18,0,0,0,0,0,0,1,1,6,3,-1,-1,-1,-1,-1,-1,-1,-1
2017134CH1299,1,9,0,17,0,0,0,0,7,11,1,1,6,1,18,4,1199,1,14,5,1,5
2017134CI0132,1,9,0,17,0,0,1,0,0,7,4,1,6,1,39,7,2976,1,15,3,1,3
2017134CI0132,2,9,0,18,0,0,0,11,0,0,1,1,1,1,-1,-1,2993,2,2,1,1,1
2017134CI0132,3,9,0,18,0,0,0,0,0,0,0,1,1,1,-1,-1,1997,2,-1,1,1,1
2017134CI0132,4,9,0,18,0,0,0,0,0,0,0,1,1,1,-1,-1,2993,2,2,1,1,1
2017134CI0286,1,9,0,18,0,2,1,0,1,4,1,1,2,2,23,5,1275,1,20,8,1,8
2017134CI0377,1,9,0,18,0,1,0,0,0,0,1,1,6,1,45,7,1910,2,10,1,1,1
2017134CI0420,1,3,0,4,0,1,1,0,0,0,0,1,2,1,51,8,125,1,2,3,2,3
2017134CI0504,1,9,0,16,0,0,1,0,8,7,4,1,6,2,26,6,1997,2,11,6,1,6
2017134CI0561,1,9,0,9,0,6,0,0,0,0,1,1,6,2,19,4,1461,2,6,1,1,1
2017134CI0561,2,19,0,18,0,1,0,0,0,0,4,1,1,1,50,8,1868,2,11,1,1,1
2017134CI0753,1,9,0,18,0,0,5,10,0,11,1,1,6,1,67,10,2987,2,10,8,1,8
2017134CI0755,1,9,0,18,0,8,0,0,0,0,1,1,6,1,-1,-1,1896,2,13,-1,-1,-1
2017134CI0755,2,9,0,18,0,8,1,0,0,0,3,1,6,1,21,5,1499,2,-1,2,1,2
2017134CI0888,1,9,0,9,0,6,0,0,0,0,3,1,2,1,53,8,1968,2,2,9,2,9
2017134CI0888,2,2,0,14,0,8,0,0,0,0,1,1,2,1,22,5,125,1,1,6,1,6
2017134CI0896,1,9,0,4,0,0,0,0,0,0,2,1,1,2,20,4,999,1,3,8,2,8
2017134CI0896,2,9,0,4,0,0,0,0,0,0,1,1,6,3,-1,-1,996,1,6,-1,-1,-1
2017134CI0896,3,9,0,3,0,0,0,0,0,0,2,1,6,3,-1,-1,2993,2,-1,-1,-1,-1
2017134CI0896,4,9,0,4,0,0,0,0,0,0,1,1,6,3,-1,-1,2143,2,3,-1,-1,-1
2017134CI0957,1,9,0,3,0,0,0,0,0,0,1,1,6,3,23,5,1598,1,9,-1,-1,-1
2017134CI0957,2,19,0,3,0,0,0,0,0,0,2,1,1,1,53,8,2198,2,3,3,1,3
2017134CI0957,3,9,0,3,0,0,0,0,0,0,2,1,6,1,39,7,1386,1,5,-1,-1,-1
2017134CI1215,1,9,0,18,0,1,0,0,0,0,3,1,2,1,41,7,2179,2,5,5,1,5
2017134CI1732,1,9,0,9,0,8,0,0,0,0,1,1,6,2,61,9,1388,1,8,3,1,3
2017134CI1732,2,1,0,18,0,1,0,0,0,0,4,1,6,1,54,8,-1,-1,-1,10,1,10
2017134CJ0135,1,9,0,18,0,8,0,0,0,0,1,1,6,3,-1,-1,1995,2,11,-1,-1,-1
2017134CJ0135,2,19,0,18,0,8,0,11,7,1,4,1,1,1,32,6,2143,2,-1,4,1,4
2017134CJ0313,1,9,0,4,0,1,0,0,0,0,1,1,3,1,71,10,1349,1,4,5,1,5
2017134CJ0881,1,3,0,18,0,4,5,0,0,0,1,1,1,2,27,6,125,1,2,1,1,1
2017134CJ0881,2,9,0,4,0,4,0,0,0,0,2,1,1,1,34,6,-1,-1,-1,3,2,3
2017134CJ1131,1,9,0,7,0,5,0,0,0,0,1,1,6,3,-1,-1,1299,1,14,-1,-1,-1
2017134CJ1448,1,1,0,18,0,8,0,0,0,0,4,1,1,1,42,7,-1,-1,-1,9,1,9
2017134CJ1448,2,9,0,5,0,4,0,0,0,0,1,1,1,2,46,8,1360,1,14,2,1,2
2017134CK0210,1,8,0,18,0,0,0,0,0,0,1,1,6,3,-1,-1,-1,-1,-1,-1,-1,-1
2017134CK0326,1,9,0,10,0,1,0,0,0,0,1,1,1,2,26,6,1390,1,8,5,1,5
2017134CK0326,2,9,0,18,0,1,0,0,0,0,1,1,6,1,27,6,1242,1,6,-1,-1,-1
2017134CK0326,3,9,0,18,0,1,0,0,0,0,0,1,6,3,28,6,1598,2,6,-1,-1,-1
2017134CK0411,1,19,0,18,0,8,0,0,0,0,4,1,6,1,35,6,1753,2,9,3,1,3
2017134CK0411,2,9,0,9,0,6,0,0,0,0,1,1,6,1,27,6,1975,1,13,1,1,1
2017134CK0731,1,9,0,9,0,8,0,0,0,0,1,1,6,2,61,9,3222,2,14,10,1,10
2017134CK0731,2,9,0,18,0,8,0,0,0,0,1,1,6,2,87,11,1242,1,10,9,1,9
2017134CK0890,1,9,0,18,0,0,0,0,0,0,0,1,6,2,74,10,999,1,2,3,1,3
2017134CK0890,2,9,0,18,0,0,0,0,0,0,0,1,6,1,38,7,1968,2,9,4,1,4
2017134CK1083,1,9,0,16,0,0,0,0,8,0,1,1,6,1,43,7,1968,2,5,2,1,2
2017134CK1107,1,21,1,12,0,0,0,0,0,0,0,1,6,3,-1,-1,-1,-1,-1,-1,-1,-1
2017134CK1107,2,9,0,18,0,0,1,7,0,6,1,1,2,1,45,7,1490,1,7,-1,-1,-1
2017134CK1245,1,8,0,7,0,6,0,0,0,0,4,1,1,1,65,9,1560,2,9,2,1,2
2017134CK1309,1,9,0,9,0,1,0,0,0,0,1,1,6,1,21,5,1796,1,9,4,1,4
2017134CK1309,2,19,0,18,0,1,0,0,0,0,1,1,1,1,31,6,2464,2,9,4,1,4
2017134CK1390,1,9,0,18,0,0,0,0,0,0,3,1,2,1,23,5,1242,1,3,1,1,1
2017134CK1390,2,9,0,18,0,0,0,0,0,0,3,1,6,1,51,8,1598,2,2,9,1,9
2017134CK1390,3,9,0,2,0,0,0,0,0,0,3,1,6,2,-1,-1,1596,1,10,-1,-1,-1
2017134CK1820,1,9,0,18,0,0,0,0,0,0,1,1,6,1,33,6,2148,2,14,1,1,1
2017134CK1885,1,9,0,9,0,0,0,0,0,0,3,1,6,1,22,5,1560,2,10,7,1,7
2017134CK1885,2,3,0,7,0,0,0,0,0,0,1,1,6,1,19,4,-1,-1,-1,1,1,1
2017134CL0011,1,9,0,18,0,0,0,0,0,0,1,1,6,1,19,4,1390,1,8,1,1,1
2017134CL0011,2,9,0,5,0,0,0,0,0,0,1,1,6,1,39,7,1598,2,4,1,1,1
2017134CL0011,3,9,0,2,0,0,0,0,0,0,4,1,6,1,33,6,1461,2,10,1,1,1
2017134CL0317,1,9,0,18,0,0,0,0,8,10,3,1,2,2,31,6,1600,1,16,3,1,3
2017134CL0317,2,21,1,18,0,0,0,0,0,0,3,1,1,1,39,7,-1,-1,-1,9,2,9
2017134CL0317,3,19,0,18,0,0,0,0,0,0,2,1,2,1,57,9,1499,2,3,10,2,10
2017134CL0317,4,9,0,18,0,0,0,0,0,0,1,1,1,1,29,6,1242,1,9,-1,-1,-1
2017134CL0472,1,21,0,1,0,0,0,0,0,10,2,1,1,1,-1,-1,12740,2,5,-1,-1,-1
2017134CL0489,1,9,0,9,0,8,0,0,0,0,4,1,6,1,79,11,1242,1,14,6,1,6
2017134CL0489,2,19,0,18,0,1,0,0,0,0,1,1,6,1,33,6,2402,2,10,2,1,2
2017134CL0547,1,9,0,11,0,7,0,0,0,0,3,1,6,2,51,8,1399,2,5,8,1,8
2017134CL0547,2,9,0,17,0,8,0,0,0,0,4,1,6,1,27,6,1968,2,-1,2,1,2
2017134CL0756,1,9,0,9,0,5,0,0,0,0,1,1,6,2,39,7,995,1,12,1,1,1
2017134CL0756,2,1,0,18,0,8,0,0,0,0,3,1,6,1,49,8,-1,-1,-1,3,1,3
2017134CL1035,1,9,0,18,0,8,0,0,0,0,2,1,6,2,25,5,1399,2,5,9,1,9
2017134CL1035,2,8,0,11,0,8,0,0,0,0,1,1,1,1,62,9,1797,8,7,4,1,4
2017134CL1451,1,9,0,18,0,8,0,0,0,0,1,1,6,1,-1,-1,-1,-1,-1,-1,-1,-1
2017134CL1451,2,1,0,9,0,8,0,0,0,0,2,1,6,2,33,6,-1,-1,-1,1,1,1
2017134CL1529,1,11,0,5,0,0,0,0,0,0,1,1,1,1,59,9,7300,2,8,5,1,5
2017134CM0347,1,1,0,18,0,1,0,0,0,0,1,1,2,1,38,7,-1,-1,-1,7,1,7
2017134CM0347,2,19,0,9,0,4,0,0,0,0,3,1,1,1,28,6,1995,2,1,10,1,10
2017134CM0375,1,9,0,18,0,0,0,7,4,1,1,1,2,2,53,8,998,1,-1,3,1,3
2017134CM0508,1,3,0,18,0,1,0,4,0,0,1,1,6,1,38,7,-1,-1,-1,9,1,9
2017134CM0508,2,9,0,14,0,2,0,0,0,0,1,1,6,2,19,4,998,1,10,9,1,9
2017134CM0508,3,9,0,2,0,2,0,0,0,0,2,1,6,1,-1,-1,1968,2,4,4,1,4
2017134CM0820,1,9,0,13,0,1,0,0,0,0,1,1,6,2,46,8,1560,2,4,8,1,8
2017134CM0820,2,9,0,4,0,1,0,0,0,0,3,1,6,2,72,10,999,1,19,8,3,8
2017134CM0820,3,9,0,9,0,2,0,0,0,0,3,1,6,1,44,7,1997,2,14,10,1,10
2017134CM0849,1,9,0,1,0,0,0,0,0,0,1,1,6,1,20,4,998,1,1,-1,-1,-1
2017134CM0849,2,9,0,18,0,0,0,0,0,0,2,1,6,2,20,4,1598,2,1,4,1,4
2017134CM1241,1,9,0,18,0,0,0,0,0,0,2,1,6,1,83,11,1596,1,1,1,1,1
2017134CM1241,2,9,0,18,0,0,0,0,0,0,1,1,6,1,25,5,1499,2,1,1,1,1
2017134CM1388,1,8,0,6,0,0,0,0,0,0,0,1,1,1,33,6,1968,2,5,8,1,8
2017134CM1411,1,9,0,18,0,2,0,0,0,0,4,1,6,1,77,11,1910,2,9,5,1,5
2017134CM1680,1,9,0,18,0,0,0,0,0,0,4,1,6,3,-1,-1,2231,2,10,-1,-1,-1
2017134CM1779,1,8,0,9,0,6,0,0,0,0,1,1,1,1,43,7,1910,2,9,1,1,1
2017134CM1833,1,9,0,18,0,1,0,0,0,0,1,1,6,2,49,8,1598,2,-1,-1,-1,-1
2017134CM1833,2,9,0,18,0,1,0,0,0,0,1,1,6,3,-1,-1,1798,8,2,-1,-1,-1
2017134CM1833,3,8,0,18,0,1,0,0,0,0,1,1,6,1,33,6,1995,2,7,-1,-1,-1
2017134CM1833,4,8,0,18,0,1,0,0,0,0,1,1,6,1,53,8,1797,8,4,-1,-1,-1
2017134CM2208,1,9,0,18,0,1,0,0,0,0,1,1,6,1,56,9,1242,1,13,8,1,8
2017134CM2208,2,9,0,2,0,8,0,0,0,0,2,1,6,1,-1,-1,1910,2,12,1,1,1
2017134CM2208,3,9,0,18,0,1,0,0,0,0,1,1,6,2,25,5,1349,1,7,6,1,6
2017134CN0272,1,9,0,10,0,1,0,0,0,0,2,1,1,1,34,6,1896,2,12,4,1,4
2017134CN0272,2,9,0,18,0,1,0,0,0,0,1,1,6,3,-1,-1,1968,2,7,-1,-1,-1
2017134CN0846,1,9,0,18,0,0,0,0,0,0,1,1,6,1,26,6,1997,1,13,4,3,4
2017134CN0846,2,9,0,18,0,0,0,0,0,0,1,1,6,2,59,9,1997,2,1,3,1,3
2017134CN1113,1,9,0,18,0,8,0,0,0,0,1,1,6,2,29,6,1591,1,1,3,1,3
2017134CN1256,1,9,0,13,0,0,0,0,0,0,2,1,2,1,49,8,1386,1,10,1,1,1
2017134CN1256,2,1,0,14,0,0,0,0,0,0,1,1,2,1,58,9,-1,-1,-1,9,1,9
2017134CN1304,1,11,0,5,0,1,0,0,0,0,4,1,1,3,-1,-1,-1,-1,-1,-1,-1,-1
2017134CN1340,1,9,0,7,0,8,0,0,0,0,1,1,2,1,41,7,1399,2,11,2,1,2
2017134CN1340,2,1,0,18,4,8,0,0,0,0,2,1,2,2,46,8,-1,-1,-1,2,1,2
2017134CN1391,1,9,0,18,0,1,0,0,0,0,1,1,6,1,47,8,1497,8,9,6,1,6
2017134CN1391,2,9,0,9,0,1,0,0,0,0,1,1,6,1,38,7,1248,1,8,2,1,2
2017134CN1644,1,9,0,18,0,0,1,0,1,4,1,1,6,1,24,5,1229,1,6,10,1,10
2017134CN1805,1,9,0,18,0,0,0,0,0,0,3,1,1,1,-1,-1,1560,2,1,-1,-1,-1
2017134CN1825,1,3,0,18,0,0,1,0,0,0,0,1,6,1,22,5,-1,-1,-1,3,1,3
2017134CN1996,1,8,0,9,0,8,0,0,1,1,4,1,1,1,33,6,1998,2,9,1,1,1
2017134CN1996,2,9,0,18,0,4,0,0,0,0,1,1,6,3,-1,-1,1997,2,15,-1,-1,-1
2017134CO0637,1,9,0,16,0,2,1,0,8,11,1,1,6,2,35,6,1360,1,12,8,3,8
2017134CO0777,1,9,0,7,0,8,0,0,0,0,2,1,6,2,37,7,1999,2,1,2,1,2
2017134CO0777,2,1,0,18,0,8,0,0,0,0,1,1,6,1,24,5,-1,-1,-1,3,1,3
2017134CO0828,1,9,0,18,0,0,0,0,0,0,2,1,6,1,36,7,2497,2,-1,8,2,8
2017134CO0828,2,9,0,18,0,0,0,0,0,0,1,1,6,3,-1,-1,1598,1,9,-1,-1,-1
2017134CO1176,1,9,0,18,0,0,0,0,0,0,1,1,6,3,-1,-1,1598,1,8,-1,-1,-1
2017134CO1176,2,9,0,18,0,0,0,0,0,0,3,1,6,1,84,11,1242,1,5,6,1,6
2017134CO1180,1,9,0,1,0,0,0,4,7,11,1,1,6,2,-1,-1,2179,2,5,-1,-1,-1
2017134CO1180,2,9,0,2,0,0,0,0,0,0,1,1,6,2,32,6,1995,2,6,10,1,10
2017134CO1445,1,9,0,9,0,6,0,0,0,0,3,1,6,1,72,10,1461,2,3,6,3,6
2017134CO1445,2,9,0,18,0,1,0,0,0,0,1,1,6,1,-1,-1,1390,1,15,-1,-1,-1