Accident_Index,Vehicle_Reference,Vehicle_Type,Towing_and_Articulation,Vehicle_Manoeuvre,Vehicle_Location-Restricted_Lane,Junction_Location,Skidding_and_Overturning,Hit_Object_in_Carriageway,Vehicle_Leaving_Carriageway,Hit_Object_off_Carriageway,1st_Point_of_Impact,Was_Vehicle_Left_Hand_Drive?,Journey_Purpose_of_Driver,Sex_of_Driver,Age_of_Driver,Age_Band_of_Driver,Engine_Capacity_(CC),Propulsion_Code,Age_of_Vehicle,Driver_IMD_Decile,Driver_Home_Area_Type,Vehicle_IMD_Decile
2017134CO1632,1,9,0,18,0,8,0,0,0,0,1,1,6,1,44,7,1386,1,14,4,1,4
2017134CO1632,2,9,0,5,0,6,0,0,0,0,1,1,6,1,91,11,1242,1,12,8,3,8
2017134CO1873,1,9,0,18,9,8,0,0,3,10,1,1,6,2,52,8,1395,1,-1,9,1,9
2017134CP0726,1,9,0,18,0,0,0,0,0,0,1,1,6,1,45,7,1560,2,7,5,1,5
2017134CP0726,2,9,0,2,0,0,0,0,0,0,0,1,6,1,34,6,1995,2,7,2,1,2
2017134CP1125,1,9,0,18,0,0,0,0,0,0,1,1,6,2,20,4,1242,1,3,2,3,2
2017134CP1125,2,9,0,2,0,0,0,0,0,0,2,1,1,1,47,8,1560,2,1,-1,-1,-1
2017134CQ0580,1,9,0,18,0,0,0,0,0,0,1,1,6,1,74,10,999,1,2,5,1,5
2017134CQ0580,2,9,0,2,0,0,0,0,0,0,2,1,6,2,-1,-1,1796,1,16,-1,-1,-1
2017134CQ0695,1,9,0,18,0,0,0,0,0,0,2,1,6,1,23,5,1242,1,3,3,1,3
2017134CQ0695,2,9,0,18,0,0,0,0,0,0,1,1,6,1,61,9,1951,2,14,1,1,1
2017134CQ0712,1,9,0,16,0,0,2,0,7,3,1,1,6,1,26,6,1896,2,12,7,1,7
2017134CQ0890,1,9,0,18,0,1,0,0,0,0,1,1,6,3,-1,-1,1248,2,10,-1,-1,-1
2017134CQ0890,2,8,0,3,0,1,0,0,0,0,2,1,1,1,42,7,1598,2,4,1,1,1
2017134CQ1402,1,9,0,17,0,1,5,0,1,4,1,1,6,1,22,5,2143,2,-1,3,1,3
2017134CR0040,1,9,0,9,0,8,1,0,0,0,3,1,6,1,20,4,998,1,7,2,1,2
2017134CR0040,2,9,0,18,0,8,1,4,0,0,1,1,6,1,28,6,1686,2,8,1,1,1
2017134CR0040,3,9,0,2,0,2,0,4,0,0,4,1,6,3,-1,-1,1995,2,-1,-1,-1,-1
2017134CR0040,4,9,0,2,0,2,0,0,0,0,1,1,6,3,-1,-1,1995,2,7,-1,-1,-1
2017134CR0375,1,21,1,18,0,0,0,0,0,0,1,1,1,1,53,8,12777,2,2,8,2,8
2017134CR0375,2,19,0,18,0,0,0,0,0,0,2,1,6,3,-1,-1,1998,2,14,-1,-1,-1
2017134CR0580,1,9,0,18,0,0,0,0,0,0,1,1,6,1,28,6,1896,2,13,2,1,2
2017134CR0580,2,19,0,9,0,0,0,0,0,0,3,1,6,1,57,9,2143,2,3,4,1,4
2017134CR0609,1,3,0,18,0,0,2,0,1,11,4,1,6,1,23,5,125,1,-1,2,1,2
2017134CR0610,1,9,0,13,0,0,1,0,1,11,4,1,2,1,20,4,1395,1,2,7,1,7
2017134CR0854,1,9,0,18,0,0,0,0,0,0,4,1,6,1,-1,-1,-1,-1,-1,-1,-1,-1
2017134CR1309,1,9,0,18,0,1,0,0,0,0,3,1,6,3,-1,-1,-1,-1,-1,-1,-1,-1
2017134CR1403,1,9,0,18,0,0,0,0,0,3,1,1,6,2,21,5,1242,1,1,2,1,2
2017134CR1477,1,9,0,9,0,8,1,0,0,0,1,1,6,2,88,11,1299,1,9,1,1,1
2017134CR1477,2,9,0,18,0,8,0,0,0,0,3,1,2,1,34,6,1794,1,13,5,1,5
2017134CR1520,1,9,0,18,0,4,0,0,0,0,3,1,6,1,63,9,1339,1,13,2,1,2
2017134CR1520,2,3,0,18,0,2,0,0,0,0,1,1,6,2,18,4,124,1,5,4,1,4
2017134CR1653,1,9,0,5,0,8,0,0,0,0,4,1,6,2,31,6,1956,2,6,2,1,2
2017134CR1653,2,9,0,18,0,1,0,0,0,0,1,1,6,1,26,6,1753,2,11,3,1,3
2017134CR1653,3,9,0,7,0,8,0,0,0,0,3,1,6,1,38,7,2720,2,10,7,1,7
2017134CR1758,1,9,0,18,0,0,1,0,1,2,3,1,6,1,23,5,1968,2,2,-1,-1,-1
2017134CR1758,2,9,0,18,0,0,1,0,1,0,1,1,6,1,31,6,2993,2,-1,-1,-1,-1
2017134CR1758,3,9,0,18,0,0,0,0,0,0,1,1,6,1,28,6,2993,2,-1,-1,-1,-1
2017134CR1802,1,9,0,18,0,0,5,0,2,11,1,1,6,1,-1,-1,3200,1,9,-1,-1,-1
2017134CS0032,1,20,0,1,0,0,0,0,0,0,2,1,6,1,-1,-1,-1,-1,-1,-1,-1,-1
2017134CS0032,2,9,0,2,0,0,0,0,0,0,3,1,1,1,49,8,2993,2,3,6,1,6
2017134CS0032,3,9,0,2,0,0,0,0,0,0,1,1,1,1,46,8,2993,2,3,6,1,6
2017134CS0235,1,9,0,18,0,0,0,0,0,0,1,1,6,3,-1,-1,-1,-1,-1,-1,-1,-1
2017134CS0235,2,9,0,2,0,0,0,0,0,0,4,1,6,2,32,6,1461,2,3,6,1,6
2017134CS0310,1,9,0,18,0,0,5,0,0,0,1,1,1,1,55,8,1560,2,3,3,1,3
2017134CS0310,2,9,0,2,0,0,0,0,0,0,3,1,6,3,-1,-1,1461,2,7,-1,-1,-1
2017134CS0402,1,20,0,3,0,1,0,0,0,0,3,1,1,2,24,5,-1,-1,-1,2,1,2
2017134CS0402,2,11,0,18,0,1,0,0,0,0,4,1,1,1,49,8,-1,-1,-1,1,1,1
2017134CS0470,1,9,0,18,0,8,0,0,0,0,1,1,6,2,71,10,1298,1,16,7,1,7
2017134CS0700,1,9,0,18,0,8,0,0,0,0,1,1,6,1,24,5,1598,2,6,1,1,1
2017134CS0700,2,9,0,18,0,8,0,0,0,0,3,1,6,2,36,7,1248,2,10,1,1,1
2017134CS0777,1,11,0,5,0,0,0,0,0,0,0,1,1,1,25,5,6696,2,2,4,1,4
2017134CS0828,1,1,0,18,0,8,0,0,0,0,1,1,6,2,44,7,-1,-1,-1,8,1,8
2017134CS0828,2,9,0,7,0,8,0,0,0,0,3,1,6,1,69,10,1686,2,6,8,2,8
2017134CS1006,1,3,0,18,0,8,1,0,0,0,1,1,6,3,-1,-1,125,1,6,-1,-1,-1
2017134CS1029,1,9,0,18,0,6,0,0,1,11,1,1,6,1,71,10,1995,2,4,-1,3,-1
2017134CS1029,2,9,0,18,0,8,0,0,0,0,1,1,6,2,52,8,1198,1,5,4,2,4
2017134CS1206,1,9,0,4,0,4,0,0,0,0,1,1,6,3,-1,-1,-1,-1,-1,-1,-1,-1
2017134CS1206,2,9,0,3,0,4,0,0,0,0,2,1,6,1,48,8,1968,2,1,6,1,6
2017134CS1484,1,9,0,16,0,0,0,0,0,0,1,1,6,1,24,5,1984,1,1,3,1,3
2017134CS1484,2,9,0,17,0,0,0,0,0,0,3,1,6,1,26,6,1896,2,9,3,1,3
2017134CS1484,3,9,0,17,0,0,0,0,0,0,1,1,6,1,32,6,1995,2,4,7,1,7
2017134CS1526,1,9,0,1,0,1,0,0,0,0,2,1,6,3,-1,-1,1973,1,20,-1,-1,-1
2017134CS1526,2,9,0,3,0,1,0,0,0,0,1,1,6,1,56,9,2231,2,10,4,1,4
2017134CT0192,1,21,1,18,0,0,0,0,0,0,1,1,1,1,50,8,12902,2,4,3,1,3
2017134CT0276,1,9,0,4,0,0,0,0,0,0,2,1,6,2,24,5,2993,2,7,4,1,4
2017134CT0276,2,9,0,4,0,0,1,0,0,0,1,1,6,1,73,10,1390,1,5,7,1,7
2017134CT0428,1,9,0,18,0,1,1,11,1,10,1,1,6,1,35,6,3189,1,14,5,1,5
2017134CT0450,1,9,0,16,0,5,1,0,0,0,1,1,6,2,33,6,1390,1,16,8,1,8
2017134CT0450,2,21,0,3,0,1,0,0,0,0,3,1,1,1,33,6,12777,2,4,3,1,3
2017134CT0475,1,9,0,18,0,8,1,0,1,11,4,1,6,1,67,10,1968,2,-1,6,1,6
2017134CT0947,1,9,0,9,0,6,0,0,0,0,1,1,6,1,49,8,1798,1,14,5,1,5
2017134CT0947,2,9,0,18,0,8,0,0,0,0,4,1,6,1,29,6,1229,1,4,2,1,2
2017134CT0998,1,9,0,18,0,0,0,7,0,1,1,1,6,3,-1,-1,1598,2,2,-1,-1,-1
2017134CT0998,2,8,0,18,0,0,0,0,0,0,2,1,1,1,39,7,1896,2,11,1,1,1
2017134CT1167,1,9,0,9,0,1,0,0,0,0,1,1,6,1,85,11,998,1,4,5,1,5
2017134CT1413,1,9,0,12,0,0,0,0,0,0,3,1,1,1,61,9,1598,2,-1,3,1,3
2017134CT1413,2,21,1,18,0,0,0,0,0,0,4,1,1,1,54,8,12777,2,6,-1,-1,-1
2017134CT1810,1,9,0,9,0,5,0,0,0,0,1,1,6,1,37,7,1332,1,20,1,1,1
2017134CU0087,1,9,0,16,0,4,2,0,1,11,1,1,6,1,18,4,1388,1,14,4,1,4
2017134CU0087,2,9,0,18,0,7,0,0,0,0,0,1,1,1,43,7,2993,2,2,-1,-1,-1
2017134CU0334,1,9,0,18,0,0,0,0,1,11,1,1,6,3,-1,-1,1896,2,12,-1,-1,-1
2017134CU0583,1,9,0,4,0,1,1,0,0,0,1,1,6,1,32,6,1968,2,3,8,1,8
2017134CU0586,1,9,0,9,0,8,0,0,0,0,4,1,6,1,30,6,1242,1,4,8,1,8
2017134CU0586,2,9,0,18,0,8,0,0,0,0,1,1,6,2,28,6,1998,1,3,3,1,3
2017134CU0796,1,9,0,1,0,0,0,0,0,0,2,1,6,1,30,6,1598,1,12,5,1,5
2017134CU0830,1,9,0,18,0,0,1,0,0,0,1,1,6,2,70,10,1598,1,7,9,2,9
2017134CU0830,2,20,0,18,0,0,0,0,0,0,3,1,1,1,49,8,6700,2,2,-1,-1,-1
2017134CU1068,1,9,0,18,0,0,0,0,0,0,1,1,6,1,35,6,1198,1,-1,8,2,8
2017134CU1068,2,9,0,16,0,0,0,0,8,11,1,1,6,1,23,5,1984,1,1,1,1,1
2017134CU1256,1,8,0,1,0,0,0,0,0,0,2,1,1,1,57,9,1998,2,8,1,1,1
2017134CU1264,1,11,0,4,0,0,0,0,0,0,0,1,1,1,31,6,9000,2,19,1,1,1
2017134CV0744,1,9,0,14,0,0,0,0,0,0,1,1,6,1,28,6,1968,2,2,1,1,1
2017134CV0744,2,9,0,18,0,0,0,0,0,0,1,1,6,1,32,6,1396,1,17,2,1,2
2017134CV0786,1,9,0,9,0,8,0,0,0,0,1,1,6,1,19,4,1248,2,7,2,1,2
2017134CV0786,2,1,0,18,0,8,5,0,0,0,1,1,6,1,49,8,-1,-1,-1,6,1,6
2017134CV0786,3,19,0,2,0,2,0,0,0,0,2,1,6,2,-1,-1,-1,-1,-1,6,3,6
2017134CV0870,1,9,0,9,0,6,0,0,0,0,4,1,6,2,44,7,1197,1,-1,10,1,10
2017134CV0870,2,9,0,18,0,8,0,0,0,0,3,1,6,1,21,5,998,1,2,9,1,9
2017134CV0902,1,9,0,3,0,1,0,0,0,0,2,1,6,1,19,4,998,1,18,1,1,1
2017134CV0902,2,9,0,4,0,1,0,0,0,0,1,1,6,1,19,4,1900,2,13,4,1,4
2017134CV1320,1,9,0,9,0,8,0,0,0,0,1,1,6,1,21,5,2616,1,11,4,1,4
2017134CV1387,1,9,0,3,0,2,0,0,0,0,2,1,6,1,33,6,1229,1,7,2,2,2
2017134CV1387,2,4,0,4,0,2,5,0,0,0,1,1,6,1,23,5,124,1,7,9,1,9
2017134CV1387,3,9,0,2,0,1,0,0,0,0,0,1,6,3,-1,-1,1796,1,14,-1,-1,-1
2017134CV1413,1,9,0,18,0,1,0,0,0,0,0,1,6,3,-1,-1,-1,-1,-1,-1,-1,-1
2017134CV1413,2,9,0,18,0,2,0,0,1,4,1,1,6,1,41,7,3498,1,13,10,1,10
2017134CV1429,1,9,0,9,0,8,0,0,0,0,1,1,6,1,38,7,1591,1,8,7,1,7
2017134CV1539,1,8,0,7,0,5,0,0,0,0,2,1,1,1,64,9,1998,2,10,1,1,1
2017134CV1539,2,9,0,18,0,8,0,0,0,0,1,1,6,1,26,6,2000,1,11,1,1,1
2017134CV1544,1,9,0,5,0,4,0,0,0,0,1,1,6,2,28,6,1398,1,6,7,1,7
2017134CV1544,2,9,0,17,0,8,0,0,0,0,4,1,6,1,20,4,1598,1,13,1,1,1
2017135121651,1,9,0,18,0,0,0,0,0,0,1,1,6,3,-1,-1,-1,-1,-1,-1,-1,-1
20171351B1750,1,9,0,9,0,8,0,0,0,0,1,1,1,2,33,6,1596,1,12,1,1,1
20171351B1750,2,9,0,18,0,8,0,0,0,0,3,1,6,1,27,6,1998,8,1,9,2,9
20171351B1932,1,3,0,18,0,0,0,0,0,0,4,1,2,1,34,6,125,1,1,7,1,7
20171351B1932,2,9,0,18,0,0,0,0,0,0,3,1,6,1,25,5,998,1,4,4,1,4
20171356R0735,1,90,0,9,0,6,0,0,0,0,3,1,6,1,27,6,-1,-1,-1,8,2,8
20171356R0735,2,9,0,18,0,8,0,0,0,0,1,1,6,1,56,9,1997,2,12,7,1,7
2017140141597,1,9,0,17,0,1,1,0,0,0,3,1,2,2,21,5,1390,1,5,2,1,2
2017140141597,2,9,0,18,0,1,1,0,0,0,1,1,2,1,32,6,1910,2,9,1,1,1
2017140143135,1,9,0,3,0,1,0,0,0,0,1,1,5,2,21,5,1199,1,13,-1,-1,-1
2017140143135,2,9,0,3,0,1,0,0,0,0,2,1,5,1,52,8,1299,1,21,-1,-1,-1
2017140143882,1,9,0,4,0,0,0,0,0,0,4,1,6,3,40,7,-1,-1,-1,-1,-1,-1
2017140144129,1,9,0,18,0,1,0,0,0,0,3,1,5,2,38,7,1398,2,6,1,1,1
2017140144129,2,9,0,5,0,1,0,0,0,0,1,1,6,3,-1,-1,1299,1,12,-1,-1,-1
2017140144285,1,9,0,9,0,8,0,0,0,0,3,1,1,2,51,8,2204,2,8,1,1,1
2017140144285,2,9,0,18,0,1,0,0,0,0,1,1,1,2,26,6,1242,1,13,5,1,5
2017140144364,1,9,0,1,8,0,0,0,0,0,2,1,6,1,71,10,1598,2,1,-1,-1,-1
2017140144364,2,4,0,18,0,0,0,0,0,0,1,1,6,1,52,8,125,1,4,4,1,4
2017140144457,1,9,0,18,0,1,0,0,0,0,0,1,5,1,26,6,1339,1,14,10,1,10
2017140144457,2,9,0,18,0,1,0,0,0,0,3,1,5,3,-1,-1,2495,1,16,-1,-1,-1
2017140144523,1,9,0,3,0,1,0,0,0,0,1,1,6,1,34,6,1968,2,11,-1,-1,-1
2017140144710,1,9,0,18,0,0,0,0,0,0,1,1,6,1,43,7,1598,2,4,10,3,10
2017140144710,2,1,0,18,0,0,0,0,0,0,1,1,6,1,22,5,-1,-1,-1,6,1,6
2017140144745,1,9,0,18,0,1,1,0,0,0,2,1,5,2,29,6,1329,1,3,4,1,4
2017140144745,2,9,0,18,0,1,0,0,0,0,1,1,5,1,54,8,-1,-1,-1,-1,3,-1
2017140144745,3,9,0,18,0,1,0,0,0,0,1,1,6,2,69,10,1461,2,1,5,1,5
2017140144764,1,9,0,18,0,0,0,0,8,6,1,1,5,1,26,6,1200,1,2,2,1,2
2017140144764,2,9,0,3,0,0,0,0,0,0,3,1,6,1,51,8,1956,2,5,3,1,3
2017140144764,3,9,0,18,0,0,0,0,0,0,1,1,5,1,35,6,1796,1,12,10,2,10
2017140144764,4,9,0,4,0,0,0,0,0,0,2,1,5,2,43,7,2143,2,5,6,1,6
2017140144773,1,9,0,18,0,6,0,0,0,0,3,1,5,2,70,10,1388,1,8,7,1,7
2017140144773,2,9,0,18,0,1,0,0,7,0,1,1,1,1,58,9,-1,-1,-1,2,1,2
2017140144796,1,9,0,9,0,5,0,0,0,0,4,1,5,1,37,7,1968,2,13,1,1,1
2017140144796,2,3,0,8,0,5,0,0,0,0,3,1,5,1,28,6,124,1,1,1,1,1
2017140144815,1,9,0,16,0,0,1,0,0,0,1,1,5,2,21,5,998,1,6,6,1,6
2017140144815,2,9,0,17,0,0,0,0,0,0,1,1,5,2,83,11,1997,1,17,9,1,9
2017140144820,1,9,0,4,9,0,0,0,1,0,4,1,2,1,61,9,1197,1,2,3,1,3
2017140144829,1,9,0,17,0,0,2,0,1,9,1,1,6,1,20,4,1124,1,15,-1,-1,-1
2017140144830,1,9,0,18,0,0,0,0,1,4,1,1,6,1,85,11,1360,1,6,-1,-1,-1
2017140144830,2,9,0,4,0,0,0,0,0,0,1,1,6,1,30,6,1596,1,7,3,1,3
2017140144831,1,9,0,18,0,4,0,0,0,0,3,1,6,2,27,6,1461,2,13,3,1,3
2017140144831,2,90,1,9,0,3,1,0,0,0,3,1,1,1,45,7,-1,-1,-1,9,1,9
2017140144832,1,9,0,18,0,1,0,0,0,0,1,1,5,1,40,7,1995,2,6,2,1,2
2017140144832,2,9,0,4,0,1,0,0,0,0,2,1,5,2,63,9,1339,8,7,5,1,5
2017140144832,3,9,0,3,0,1,0,0,0,0,2,1,2,2,27,6,1995,2,6,9,3,9
2017140144834,1,9,0,7,0,2,0,0,0,0,1,1,5,2,37,7,1749,1,16,2,1,2
2017140144835,1,9,0,4,0,1,0,0,0,0,1,1,5,2,21,5,998,1,9,8,1,8
2017140144835,2,9,0,4,0,1,0,0,0,0,2,1,6,1,20,4,1896,2,15,3,1,3
2017140144956,1,9,0,4,0,1,0,0,0,0,2,1,5,2,56,9,1490,1,9,8,1,8
2017140144956,2,9,0,18,0,1,0,0,0,0,1,1,5,2,33,6,1368,1,11,4,1,4
2017140144962,1,9,0,18,0,1,1,0,0,0,1,1,1,1,31,6,2231,2,4,-1,-1,-1
2017140144982,1,3,0,18,0,8,0,0,0,0,1,1,5,1,31,6,125,1,9,3,1,3
2017140144991,1,9,0,18,0,1,0,0,0,0,4,1,6,1,-1,-1,-1,-1,-1,-1,-1,-1
2017140144998,1,9,0,16,0,0,0,0,0,0,1,1,5,1,23,5,1248,2,8,3,1,3
2017140144998,2,9,0,17,0,0,1,0,0,0,1,1,5,1,19,4,1398,2,15,1,1,1
2017140145009,1,8,0,18,0,0,0,0,0,0,2,1,1,1,48,8,1997,2,8,10,1,10
2017140145019,1,9,0,18,0,0,0,0,0,0,2,1,5,2,41,7,1560,2,5,4,1,4
2017140145019,2,19,0,18,0,0,0,0,0,0,1,1,2,1,62,9,2198,2,1,6,1,6
2017140145019,3,9,0,18,0,0,5,0,0,0,1,1,2,1,20,4,973,1,15,5,1,5
2017140145022,1,9,0,17,0,1,0,0,0,0,1,1,2,2,33,6,1896,2,11,3,1,3
2017140145034,1,11,0,3,0,0,0,0,0,0,0,1,1,1,50,8,4500,2,1,2,1,2
2017140145044,1,9,0,18,0,1,0,0,0,0,1,1,2,1,28,6,1596,1,15,3,1,3
2017140145044,2,9,0,9,0,2,0,0,0,0,3,1,6,1,65,9,2893,1,7,8,1,8
2017140145048,1,9,0,13,0,0,1,0,7,4,1,1,6,1,19,4,2496,1,16,1,1,1
2017140145056,1,8,0,18,0,0,0,0,0,0,1,1,1,1,38,7,1968,2,7,7,1,7
2017140145073,1,9,0,5,0,1,0,0,0,0,3,1,5,1,26,6,1600,2,8,10,1,10
2017140145073,2,9,0,11,0,1,0,0,0,0,4,1,6,3,-1,-1,1461,2,13,-1,-1,-1
2017140145089,1,9,0,18,0,0,0,0,0,0,1,1,2,1,52,8,1968,2,6,9,2,9
2017140145089,2,9,0,18,0,0,0,0,0,0,2,1,2,1,30,6,2993,2,4,3,1,3
2017140145123,1,9,0,4,0,1,0,0,0,0,2,1,2,2,59,9,1910,2,8,6,1,6
2017140145123,2,9,0,4,0,1,0,0,0,0,1,1,2,1,19,4,1994,2,14,1,2,1
2017140145134,1,9,0,18,0,4,0,7,3,0,1,1,5,1,28,6,999,1,1,1,1,1
2017140145182,1,9,0,18,0,0,0,0,0,0,1,1,6,1,59,9,2979,1,13,1,1,1
2017140145182,2,9,0,18,0,0,0,0,0,0,1,1,6,3,-1,-1,2198,1,14,-1,-1,-1
2017140145209,1,9,0,9,0,0,0,0,0,0,1,1,5,1,60,9,1997,8,1,10,1,10
2017140145222,1,16,0,18,0,0,0,0,0,0,0,1,5,2,30,6,-1,-1,-1,4,2,4
2017140145222,2,-1,-1,18,-1,0,-1,-1,-1,0,0,1,6,3,-1,-1,-1,-1,-1,-1,-1,-1
2017140145374,1,9,0,18,0,0,1,0,7,11,1,1,5,1,24,5,1753,2,11,1,2,1
2017140145413,1,9,0,18,0,1,0,0,0,0,1,1,2,1,20,4,1598,1,10,-1,-1,-1
2017140145413,2,9,0,4,0,1,0,0,0,0,2,1,2,2,26,6,2495,2,13,-1,-1,-1
2017140145530,1,9,0,3,0,1,0,0,0,0,1,1,5,2,19,4,1229,1,11,10,1,10
2017140145530,2,-1,0,7,0,1,0,0,0,0,1,1,6,3,-1,-1,-1,-1,-1,-1,-1,-1
2017140145585,1,9,0,9,0,2,0,0,0,0,1,1,2,2,23,5,998,1,6,5,1,5
2017140145585,2,9,0,18,0,2,0,0,0,0,1,1,2,2,29,6,1598,1,8,3,1,3
2017140145709,1,5,0,18,0,3,1,0,0,0,1,1,1,1,28,6,599,1,16,10,1,10
2017140145709,2,9,0,18,0,4,0,0,0,0,4,1,6,1,48,8,-1,-1,-1,-1,-1,-1
2017140145957,1,9,0,16,0,0,5,0,0,0,1,1,5,1,17,4,1198,1,11,9,1,9
2017140145986,1,9,0,18,0,0,5,0,1,0,3,1,5,1,33,6,1895,1,18,2,1,2
2017140145986,2,9,0,18,0,0,5,0,7,0,3,1,5,2,34,6,1968,2,8,4,1,4
2017140146198,1,8,0,3,0,8,0,0,0,0,2,1,1,1,52,8,1896,2,10,-1,-1,-1
2017140146198,2,9,0,17,0,1,1,4,1,0,1,1,6,3,27,6,1598,2,3,-1,-1,-1
2017140146345,1,9,0,3,0,0,1,0,0,0,0,1,6,1,36,7,1598,1,12,1,1,1
2017140146345,2,9,0,18,0,0,1,0,0,0,0,1,6,2,21,5,1242,1,12,1,1,1
2017140146396,1,9,0,18,0,0,0,0,0,0,4,1,6,1,81,11,1798,1,11,10,1,10
2017140146396,2,9,0,18,0,0,0,0,0,0,1,1,6,2,38,7,1395,1,1,10,1,10
2017140146480,1,9,0,18,0,0,0,0,0,0,1,1,1,1,50,8,1968,2,4,-1,-1,-1
2017140146480,2,9,0,7,0,0,1,0,0,0,1,1,5,1,20,4,1598,2,5,1,1,1
2017140146549,1,9,0,5,0,0,1,0,0,0,2,1,5,2,26,6,1598,1,10,6,1,6
2017140146549,2,9,0,18,0,0,0,0,0,0,1,1,6,3,-1,-1,-1,-1,-1,-1,-1,-1
2017140146561,1,21,1,5,0,1,0,0,0,0,1,1,1,2,44,7,12809,2,3,3,1,3
2017140146570,1,9,0,18,0,0,0,0,0,0,1,1,5,1,46,8,1360,1,13,2,1,2
2017140146570,2,9,0,18,0,0,0,0,0,0,2,1,6,1,48,8,1995,2,5,5,1,5
2017140146570,3,9,0,18,0,0,0,0,0,0,2,1,6,1,55,8,1598,2,1,5,3,5
2017140146883,1,9,0,7,0,0,0,0,0,0,1,1,5,2,23,5,1783,1,15,7,2,7
2017140146889,1,9,0,18,0,0,0,0,0,0,1,1,5,1,21,5,1560,2,3,1,1,1
2017140146922,1,9,0,18,0,0,0,0,0,0,3,1,6,1,21,5,-1,-1,-1,-1,-1,-1
2017140146922,2,9,0,18,0,0,0,0,1,0,3,1,2,1,47,8,2204,2,8,7,1,7
2017140146922,3,9,0,18,0,0,0,0,0,0,1,1,6,1,33,6,1995,2,4,-1,-1,-1
2017140146925,1,9,0,18,0,0,0,0,0,0,1,1,2,1,55,8,1968,2,4,1,1,1
2017140146925,2,9,0,18,0,0,0,0,0,0,1,1,6,1,49,8,-1,-1,-1,10,2,10
2017140146999,1,9,0,18,0,0,0,0,0,0,1,1,6,1,27,6,1796,1,17,1,1,1
2017140147004,1,9,0,18,0,2,0,11,1,11,1,1,1,1,27,6,1968,2,8,6,1,6
2017140147004,2,9,0,2,9,1,0,0,0,0,2,1,5,1,48,8,2993,2,6,4,1,4
2017140147025,1,9,0,5,0,8,0,0,0,0,3,1,6,1,-1,-1,1598,1,10,-1,-1,-1
2017140147025,2,9,0,5,0,8,0,0,0,0,1,1,6,1,67,10,1396,2,5,8,1,8
2017140147029,1,9,0,18,0,0,0,0,7,0,1,1,2,1,45,7,1499,2,1,-1,-1,-1
2017140147035,1,3,0,7,0,8,0,0,0,0,3,1,5,1,17,4,-1,-1,-1,-1,-1,-1
2017140147035,2,9,0,18,0,8,0,0,0,0,1,1,5,1,46,8,1910,2,12,-1,-1,-1
2017140147045,1,9,0,18,0,2,0,0,0,0,1,1,6,1,40,7,1686,2,13,6,1,6
2017140147048,1,9,0,9,0,6,0,0,0,0,1,1,6,2,22,5,1798,1,7,-1,-1,-1
2017140147048,2,1,0,18,0,8,0,0,0,0,1,1,6,1,-1,-1,-1,-1,-1,3,2,3
2017140147067,1,9,0,18,0,0,0,0,0,0,2,1,6,2,47,8,1560,2,3,8,3,8
2017140147067,2,9,0,18,0,0,0,0,0,0,1,1,6,2,39,7,1149,1,16,2,1,2
2017140147069,1,9,0,2,0,0,0,0,0,0,2,1,1,1,64,9,2231,2,9,3,1,3
2017140147069,2,9,0,18,0,0,0,0,0,0,1,1,5,1,36,7,1422,2,2,-1,-1,-1
2017140147079,1,9,0,18,0,1,0,0,0,0,1,1,1,1,49,8,1560,2,6,7,1,7
2017140147091,1,3,0,18,0,1,0,0,0,0,2,1,6,1,30,6,124,1,5,-1,-1,-1
2017140147091,2,9,0,9,0,6,0,0,0,0,1,1,6,3,-1,-1,1598,1,13,-1,-1,-1
2017140147098,1,9,0,18,0,0,0,0,0,0,4,1,2,1,19,4,1242,1,9,3,1,3
2017140147110,1,9,0,18,0,0,0,0,7,11,1,1,6,1,42,7,1389,1,19,1,2,1
2017140147122,1,9,0,18,0,0,0,0,0,0,2,1,2,1,51,8,1896,2,15,7,1,7
2017140147122,2,9,0,18,0,0,0,0,0,0,1,1,2,1,22,5,1149,1,12,6,1,6
2017140147122,3,98,0,18,0,0,0,0,0,0,1,1,1,1,56,9,-1,-1,-1,1,1,1
2017140147130,1,9,0,18,0,0,0,0,0,0,3,1,2,1,73,10,-1,-1,-1,5,1,5
2017140147134,1,9,0,18,0,8,1,0,0,0,3,1,6,2,69,10,1364,1,10,5,1,5
2017140147134,2,21,0,7,0,2,0,0,0,0,1,1,1,1,62,9,4580,2,5,7,1,7
2017140147139,1,9,0,18,0,1,1,0,7,0,1,1,2,1,72,10,1329,1,-1,5,1,5
2017140147151,1,9,0,4,0,0,0,0,0,0,2,1,1,1,48,8,1995,2,12,3,1,3
2017140147151,2,9,0,18,0,0,0,0,0,0,1,1,5,2,28,6,-1,-1,-1,3,1,3
2017140147155,1,8,0,17,0,8,0,0,0,0,4,1,1,1,42,7,1598,2,6,-1,-1,-1
2017140147155,2,19,0,18,0,4,0,0,0,0,1,1,1,1,49,8,2198,2,2,6,1,6
2017140147352,1,8,0,18,0,0,0,7,0,0,1,1,3,1,42,7,1995,2,5,1,1,1
2017140147399,1,9,0,18,0,6,0,0,3,1,1,1,6,1,41,7,1995,2,11,4,1,4
2017140147409,1,1,0,14,0,0,0,0,0,0,4,1,6,1,42,7,-1,-1,-1,10,1,10
2017140147409,2,9,0,2,0,0,0,0,0,0,3,1,5,2,42,7,1598,1,10,2,1,2
2017140147420,1,9,0,5,0,8,0,0,0,0,1,1,5,1,65,9,2967,1,15,4,1,4
2017140147420,2,3,0,18,0,8,2,0,0,0,3,1,2,1,28,6,124,1,5,9,1,9
2017140147444,1,9,0,12,0,4,0,0,0,0,2,1,2,2,38,7,1798,1,13,5,1,5
2017140147444,2,9,0,4,0,4,0,0,0,0,1,1,1,2,33,6,1461,2,3,5,2,5