Accident_Index,Vehicle_Reference,Vehicle_Type,Towing_and_Articulation,Vehicle_Manoeuvre,Vehicle_Location-Restricted_Lane,Junction_Location,Skidding_and_Overturning,Hit_Object_in_Carriageway,Vehicle_Leaving_Carriageway,Hit_Object_off_Carriageway,1st_Point_of_Impact,Was_Vehicle_Left_Hand_Drive?,Journey_Purpose_of_Driver,Sex_of_Driver,Age_of_Driver,Age_Band_of_Driver,Engine_Capacity_(CC),Propulsion_Code,Age_of_Vehicle,Driver_IMD_Decile,Driver_Home_Area_Type,Vehicle_IMD_Decile
2017140157880,2,9,0,7,0,0,0,0,0,0,4,1,5,2,19,4,1388,1,8,6,1,6
2017140157938,1,11,0,18,0,1,0,0,0,0,1,1,1,1,35,6,4461,2,4,5,1,5
2017140157938,2,9,0,11,0,1,0,0,0,0,1,1,6,3,-1,-1,-1,-1,-1,-1,-1,-1
2017140158457,1,9,0,18,0,0,1,2,0,0,3,1,5,1,33,6,1969,2,1,8,1,8
2017140158457,2,9,0,18,0,0,0,0,0,0,4,1,1,1,-1,-1,-1,-1,-1,-1,-1,-1
2017140158538,1,1,0,18,0,8,0,0,0,0,1,1,6,1,33,6,-1,-1,-1,1,1,1
2017140158538,2,9,0,18,0,4,0,0,0,0,1,1,6,3,-1,-1,1995,2,7,-1,-1,-1
2017140158580,1,-1,0,5,0,6,0,0,0,0,4,1,6,3,-1,-1,-1,-1,-1,-1,-1,-1
2017140158580,2,1,0,5,0,6,0,0,0,0,3,1,6,2,41,7,-1,-1,-1,3,1,3
2017140158658,1,9,0,18,0,1,0,0,0,0,1,1,6,2,28,6,1968,2,9,7,1,7
2017140158658,2,1,0,18,0,6,0,0,0,0,1,1,6,1,10,2,-1,-1,-1,4,1,4
2017140158748,1,9,0,14,0,1,0,0,0,0,1,1,3,1,19,4,-1,-1,-1,3,1,3
2017140158748,2,9,0,9,0,8,0,0,0,0,3,1,1,2,35,6,1560,2,10,7,2,7
2017140158812,1,9,0,18,0,0,0,10,7,0,1,1,5,2,39,7,1364,1,9,3,1,3
2017140158812,2,9,0,18,0,0,0,0,0,0,4,1,6,2,46,8,1598,1,6,8,1,8
2017140158832,1,9,0,18,0,0,0,0,0,0,1,1,6,3,-1,-1,-1,-1,-1,-1,-1,-1
2017140158832,2,1,0,18,0,0,5,0,0,0,4,1,6,1,3,1,-1,-1,-1,-1,-1,-1
2017140159133,1,9,0,18,0,1,0,0,0,0,3,1,6,1,50,8,1598,1,7,7,1,7
2017140159133,2,9,0,7,0,6,0,0,0,0,1,1,6,3,-1,-1,1998,2,9,-1,-1,-1
2017140159175,1,19,0,9,0,0,0,0,0,0,1,1,6,1,51,8,1968,2,5,-1,-1,-1
2017140159275,1,9,0,9,0,0,0,0,0,0,4,1,5,2,18,4,1149,1,15,-1,-1,-1
2017140159275,2,90,0,18,0,0,0,0,0,0,1,1,5,3,-1,-1,-1,-1,-1,-1,-1,-1
2017140159312,1,9,0,18,0,0,0,0,0,0,1,1,5,1,79,11,1229,1,10,1,1,1
2017140159312,2,9,0,17,0,0,0,0,0,0,1,1,1,1,38,7,1995,2,5,3,1,3
2017140159323,1,9,0,2,6,1,0,0,0,0,1,1,5,1,41,7,1995,2,10,3,1,3
2017140159323,2,9,0,1,6,1,0,0,0,0,2,1,6,2,31,6,1591,1,1,-1,-1,-1
2017140159396,1,1,0,18,0,2,0,0,0,0,3,1,2,1,49,8,-1,-1,-1,2,1,2
2017140159396,2,9,0,18,0,2,0,0,0,0,1,1,6,1,-1,-1,-1,-1,-1,-1,-1,-1
2017140159481,1,3,0,18,0,1,0,0,0,0,1,1,6,1,28,6,-1,-1,-1,6,1,6
2017140159481,2,9,0,9,0,5,0,0,0,0,4,1,6,1,68,10,1200,1,-1,5,1,5
2017140159483,1,9,0,18,0,8,0,0,0,0,1,1,5,1,34,6,1796,1,10,3,1,3
2017140159483,2,9,0,9,0,8,0,0,0,0,1,1,1,1,21,5,2995,1,-1,4,1,4
2017140159506,1,9,0,16,0,0,0,4,7,11,1,1,5,1,59,9,1461,2,3,6,1,6
2017140159506,2,9,0,2,0,0,0,0,0,0,3,1,5,1,45,7,1199,2,6,2,1,2
2017140159506,3,9,0,2,0,0,0,0,0,0,4,1,5,2,45,7,998,1,4,2,1,2
2017140159507,1,9,0,16,0,0,2,0,0,0,4,1,5,1,22,5,1896,2,14,-1,-1,-1
2017140159528,1,9,0,18,0,0,1,0,7,0,1,1,6,3,16,4,2198,1,15,-1,-1,-1
2017140159528,2,9,0,2,6,0,0,0,0,0,3,1,6,1,26,6,1896,2,12,2,1,2
2017140159528,3,9,0,2,7,0,0,0,0,0,4,1,5,1,33,6,1951,2,14,1,1,1
2017140159528,4,9,0,2,6,0,0,0,0,0,1,1,5,1,23,5,1248,2,10,5,1,5
2017140159528,5,9,0,2,6,0,0,0,0,0,2,1,5,1,33,6,1896,2,11,1,1,1
2017140159528,6,9,0,2,6,0,0,0,0,0,2,1,5,1,35,6,-1,-1,-1,4,1,4
2017140159578,1,9,0,18,0,8,0,0,0,0,3,1,6,2,57,9,1198,1,6,6,1,6
2017140159578,2,1,0,18,0,8,5,0,0,0,1,1,5,1,19,4,-1,-1,-1,-1,-1,-1
2017140159585,1,9,0,18,0,8,0,0,0,0,3,1,5,2,59,9,998,1,2,7,1,7
2017140159585,2,8,0,9,0,8,0,0,0,0,1,1,1,1,29,6,2499,2,9,5,1,5
2017140159707,1,90,0,18,0,1,0,0,0,0,4,1,1,1,25,5,2987,2,3,5,1,5
2017140159707,2,3,0,9,0,5,0,0,0,0,2,1,2,2,28,6,125,1,1,1,1,1
2017140159710,1,9,0,18,0,4,0,0,1,0,1,1,2,1,18,4,1398,1,2,5,1,5
2017140159710,2,9,0,18,0,3,0,0,0,0,4,1,2,1,61,9,2521,1,13,-1,-1,-1
2017140159719,1,9,0,18,0,1,0,0,0,0,1,1,6,2,27,6,1329,1,4,1,1,1
2017140159719,2,9,0,18,0,1,0,0,0,0,1,1,6,3,-1,-1,-1,-1,-1,-1,-1,-1
2017140159724,1,9,0,9,0,1,0,0,0,0,3,1,5,1,63,9,-1,-1,-1,1,2,1
2017140159724,2,9,0,18,0,3,0,0,0,0,1,1,5,2,21,5,1149,1,11,3,2,3
2017140159901,1,1,0,18,0,1,0,0,0,0,4,1,5,1,20,4,-1,-1,-1,2,1,2
2017140159901,2,9,0,7,0,6,0,0,0,0,3,1,6,3,-1,-1,-1,-1,-1,-1,-1,-1
2017140159935,1,9,0,3,0,4,0,0,0,0,2,1,1,2,47,8,1390,1,11,-1,-1,-1
2017140159935,2,9,0,18,0,4,0,0,0,0,1,1,1,1,19,4,1360,1,11,1,1,1
2017140159966,1,21,0,18,0,0,0,0,0,0,1,1,1,1,70,10,11021,2,11,9,1,9
2017140159966,2,9,0,18,0,0,0,0,6,0,3,1,5,1,57,9,1396,1,15,1,1,1
2017140159966,3,9,0,18,0,0,0,0,0,0,0,1,1,1,51,8,1597,2,1,5,3,5
2017140159971,1,9,0,9,0,8,0,0,0,0,3,1,2,2,18,4,1149,1,14,1,1,1
2017140159971,2,2,0,18,0,1,0,0,0,0,3,1,2,1,22,5,124,1,2,5,1,5
2017140160004,1,9,0,8,0,4,0,0,0,0,2,1,5,1,63,9,1598,2,2,4,1,4
2017140160004,2,9,0,18,0,4,0,0,0,0,1,1,6,3,-1,-1,1997,1,13,-1,-1,-1
2017140160069,1,9,0,13,0,1,0,0,0,0,1,1,2,1,19,4,1149,1,16,1,1,1
2017140160069,2,9,0,18,0,1,0,0,0,0,1,1,5,1,31,6,1339,1,11,2,1,2
2017140160069,3,21,1,7,0,1,0,0,0,0,0,1,1,1,55,8,12777,2,9,7,1,7
2017140160086,1,9,0,18,0,1,0,0,0,0,3,1,5,1,29,6,1329,1,2,1,1,1
2017140160086,2,9,0,5,0,1,0,0,0,0,4,1,6,3,16,4,-1,-1,-1,-1,-1,-1
2017140160313,1,9,0,4,0,4,0,0,0,0,1,1,5,2,43,7,1248,1,6,9,1,9
2017140160313,2,3,0,9,0,3,0,0,0,0,1,1,5,1,55,8,125,1,5,1,1,1
2017140160332,1,19,0,18,0,8,0,0,7,11,4,1,1,1,54,8,1968,2,2,1,1,1
2017140160332,2,9,0,9,0,6,0,0,0,0,1,1,5,1,36,7,1598,1,16,2,1,2
2017140160476,1,9,0,1,0,0,0,0,0,0,2,1,6,1,-1,-1,-1,-1,-1,-1,-1,-1
2017140160476,2,22,0,18,9,0,0,0,0,0,1,1,6,1,74,10,-1,-1,-1,-1,-1,-1
2017140160548,1,9,0,18,0,1,0,0,0,0,1,1,5,1,69,10,1598,1,12,6,1,6
2017140160600,1,9,0,18,0,0,0,0,0,0,1,1,5,1,31,6,1998,1,9,-1,-1,-1
2017140160600,2,9,0,2,0,0,0,0,0,0,1,1,5,3,-1,-1,1956,2,5,2,1,2
2017140160600,3,9,0,18,0,0,0,0,0,0,1,1,5,2,21,5,1598,2,4,4,1,4
2017140160600,4,9,0,2,0,0,0,0,0,0,1,1,5,3,-1,-1,1598,1,13,-1,-1,-1
2017140160600,5,9,0,2,0,0,0,0,0,0,4,1,5,3,40,7,1996,1,22,2,1,2
2017140160600,6,9,0,2,0,0,0,0,0,0,1,1,5,3,-1,-1,1598,1,9,2,1,2
2017140160600,7,9,0,2,0,0,0,0,0,0,1,1,5,3,-1,-1,1910,2,7,-1,-1,-1
2017140160600,8,9,0,2,0,0,0,0,0,0,1,1,5,1,57,9,998,1,17,2,1,2
2017140160600,9,9,0,18,0,0,0,0,0,0,0,1,1,1,24,5,-1,-1,-1,-1,-1,-1
2017140160664,1,9,0,9,0,0,0,0,0,0,1,1,5,2,32,6,1560,2,6,1,1,1
2017140160664,2,9,0,18,0,0,0,0,0,0,1,1,5,2,20,4,1086,1,12,8,1,8
2017140160664,3,9,0,18,0,0,0,0,0,0,4,1,5,1,62,9,-1,-1,-1,4,2,4
2017140160693,1,9,0,3,0,0,0,0,0,0,2,1,1,1,33,6,-1,-1,-1,5,1,5
2017140160693,2,9,0,18,0,0,0,0,0,0,1,1,5,2,46,8,-1,-1,-1,6,1,6
2017140160793,1,9,0,18,0,0,0,0,0,0,1,1,5,2,77,11,1198,1,5,-1,-1,-1
2017140160793,2,9,0,18,0,0,0,0,0,0,2,1,5,2,48,8,1299,1,15,2,1,2
2017140160847,1,9,0,18,0,8,0,0,0,0,1,1,6,2,30,6,1598,1,10,5,1,5
2017140160847,2,9,0,5,0,8,0,0,0,0,4,1,5,2,28,6,1242,1,13,1,1,1
2017140160891,1,9,0,18,0,0,0,0,0,0,4,1,5,2,38,7,1598,2,3,7,2,7
2017140160891,2,8,0,18,0,0,0,0,0,0,1,1,1,1,79,11,2499,2,10,2,1,2
2017140160958,1,90,0,2,0,0,0,0,0,0,2,1,5,1,36,7,-1,-1,-1,-1,-1,-1
2017140160958,2,3,0,18,0,0,5,0,0,0,1,1,6,1,20,4,120,1,10,6,1,6
2017140161028,1,9,0,18,0,0,0,0,0,0,3,1,6,2,58,9,1242,1,1,4,1,4
2017140161028,2,1,0,18,0,0,0,0,0,0,1,1,6,1,14,3,-1,-1,-1,4,1,4
2017140161042,1,11,0,18,9,0,0,0,0,0,1,1,1,1,53,8,-1,-1,-1,1,1,1
2017140161042,2,3,0,5,9,0,0,0,0,0,2,1,5,1,26,6,125,1,12,-1,-1,-1
2017140161112,1,19,0,18,0,8,0,0,0,0,1,1,1,1,30,6,2488,2,2,8,1,8
2017140161112,2,9,0,18,0,8,0,0,0,0,2,1,2,1,51,8,1969,2,1,2,3,2
2017140161125,1,9,0,1,0,0,0,0,0,0,2,1,6,3,-1,-1,-1,-1,-1,-1,-1,-1
2017140161257,1,19,0,7,0,1,0,0,0,0,4,1,2,1,43,7,1598,2,2,6,3,6
2017140161257,2,9,0,18,0,1,0,0,0,0,1,1,5,2,27,6,1984,1,8,-1,-1,-1
2017140161257,3,9,0,2,0,1,0,0,0,0,1,1,6,3,30,6,1896,2,9,-1,-1,-1
2017140161294,1,9,0,18,0,1,0,0,0,0,2,1,6,1,30,6,1999,2,11,1,1,1
2017140161294,2,9,0,18,0,1,0,0,0,0,1,1,6,2,52,8,-1,-1,-1,1,1,1
2017140161355,1,21,1,18,0,0,0,0,5,0,1,1,1,1,63,9,11120,2,2,7,1,7
2017140161708,1,9,0,18,0,0,1,10,1,4,4,1,5,2,18,4,1086,1,14,-1,-1,-1
2017140161774,1,9,0,4,0,0,0,0,0,0,2,1,5,2,32,6,-1,-1,-1,-1,-1,-1
2017140161774,2,9,0,4,0,0,0,0,0,0,1,1,6,3,-1,-1,-1,-1,-1,-1,-1,-1
2017140161790,1,9,0,18,0,0,0,0,0,0,1,1,6,2,62,9,1199,1,13,-1,-1,-1
2017140161790,2,9,0,18,0,0,0,0,0,0,4,1,6,1,21,5,1390,1,8,7,2,7
2017140161814,1,9,0,17,0,0,0,0,0,0,3,1,5,2,28,6,1198,1,12,1,1,1
2017140161814,2,9,0,16,0,0,1,0,0,0,1,1,6,3,30,6,-1,-1,-1,-1,-1,-1
2017140161815,1,9,0,9,0,0,0,0,1,0,1,1,6,1,67,10,1968,2,10,8,1,8
2017140161815,2,9,0,18,0,0,5,0,1,0,1,1,6,1,41,7,1997,2,9,-1,-1,-1
2017140161866,1,9,0,3,0,1,0,0,0,0,2,1,5,1,40,7,1781,1,12,6,1,6
2017140161866,2,9,0,18,0,1,0,0,0,0,1,1,5,2,21,5,1199,2,6,3,2,3
2017140161875,1,8,0,17,0,2,0,0,0,0,3,1,1,3,-1,-1,-1,-1,-1,-1,-1,-1
2017140161875,2,8,0,12,0,2,0,0,0,0,4,1,1,3,-1,-1,-1,-1,-1,-1,-1,-1
2017140161888,1,90,0,7,0,4,0,0,0,0,1,1,1,2,28,6,2987,2,2,5,1,5
2017140161888,2,9,0,18,0,3,1,0,0,0,3,1,5,1,29,6,1968,2,10,7,1,7
2017140161956,1,9,0,9,0,0,2,10,0,0,1,1,2,2,51,8,1242,1,4,6,1,6
2017140161975,1,9,0,18,0,0,0,0,0,0,1,1,6,2,61,9,1596,1,14,2,1,2
2017140161975,2,9,0,18,0,0,0,0,0,0,1,1,6,1,23,5,1896,2,10,-1,-1,-1
2017140161986,1,9,0,18,0,0,0,0,0,0,1,1,5,2,76,11,1497,8,4,4,1,4
2017140162031,1,11,0,2,0,1,0,0,0,0,2,1,1,1,32,6,6871,2,10,2,1,2
2017140162031,2,90,0,7,0,5,0,0,0,0,2,1,6,3,-1,-1,-1,-1,-1,-1,-1,-1
2017140162066,1,9,0,18,0,2,0,0,0,0,1,1,2,1,37,7,1686,2,5,6,1,6
2017140162066,2,9,0,9,0,5,0,0,0,0,1,1,2,2,21,5,1124,1,13,7,1,7
2017140162066,3,9,0,18,0,2,0,0,0,0,3,1,1,1,29,6,-1,-1,-1,5,1,5
2017140162078,1,19,0,18,0,0,0,0,0,0,2,1,1,1,28,6,1968,2,-1,6,1,6
2017140162078,2,98,0,18,0,0,0,0,0,0,1,1,1,1,27,6,-1,-1,-1,6,2,6
2017140162084,1,9,0,18,0,1,0,0,0,0,1,1,5,2,48,8,1360,1,8,1,1,1
2017140162084,2,9,0,18,0,1,0,0,0,0,1,1,5,1,28,6,1968,2,12,-1,-1,-1
2017140162225,1,9,0,1,0,0,0,0,0,0,0,1,6,1,79,11,1086,1,8,6,1,6
2017140162289,1,23,0,18,0,0,0,0,0,0,2,1,1,1,50,8,-1,-1,-1,1,1,1
2017140162289,2,9,0,18,0,0,0,0,0,0,1,1,6,3,-1,-1,-1,-1,-1,-1,-1,-1
2017140162433,1,9,0,13,0,0,0,0,0,0,1,1,5,1,25,5,1598,2,7,3,1,3
2017140162433,2,9,0,18,0,0,0,0,0,0,1,1,5,2,29,6,1598,1,9,-1,-1,-1
2017140162501,1,9,0,18,0,1,5,9,1,10,1,1,5,1,59,9,1984,1,10,8,3,8
2017140162501,2,9,0,5,0,4,1,0,2,0,3,1,6,1,24,5,-1,-1,-1,2,1,2
2017140162532,1,9,0,18,0,1,0,0,0,0,1,1,5,1,84,11,1329,1,4,7,1,7
2017140162532,2,1,0,9,0,1,0,0,0,0,4,1,5,1,38,7,-1,-1,-1,9,1,9
2017140162801,1,9,0,9,0,2,0,0,0,0,2,1,1,2,26,6,998,1,6,3,1,3
2017140162801,2,-1,0,9,0,2,0,0,0,0,1,1,6,3,-1,-1,-1,-1,-1,-1,-1,-1
2017140162802,1,9,0,3,0,6,0,0,0,0,0,1,5,2,39,7,1599,1,15,2,1,2
2017140162802,2,9,0,18,0,7,0,0,0,0,0,1,5,1,20,4,1242,1,14,3,1,3
2017140162857,1,-1,0,18,0,1,0,0,0,0,1,1,6,1,-1,-1,-1,-1,-1,-1,-1,-1
2017140162880,1,9,0,5,0,1,0,0,0,0,1,1,1,1,60,9,1560,2,11,4,2,4
2017140162880,2,9,0,18,0,8,0,0,0,0,3,1,5,1,31,6,1560,2,6,4,1,4
2017140162896,1,9,0,17,0,0,0,0,1,4,1,1,5,1,22,5,1596,1,23,2,1,2
2017140162914,1,9,0,18,0,1,5,0,0,0,1,1,5,2,18,4,3628,2,7,5,1,5
2017140162914,2,9,0,2,0,1,0,4,0,0,1,1,5,2,56,9,1598,1,10,5,1,5
2017140162918,1,9,0,18,0,0,0,0,0,0,2,1,5,1,30,6,1896,2,8,-1,-1,-1
2017140162918,2,9,0,18,0,0,0,0,0,0,2,1,5,1,18,4,1598,2,4,9,3,9
2017140162918,3,9,4,18,0,0,0,0,0,0,1,1,5,1,62,9,-1,-1,-1,7,3,7
2017140162925,1,9,0,17,0,0,2,10,0,0,4,1,2,1,47,8,1991,1,15,2,1,2
2017140162936,1,9,0,1,0,0,0,0,0,0,2,1,2,2,34,6,1781,1,16,4,1,4
2017140162948,1,9,0,18,0,8,0,0,0,0,4,1,2,1,21,5,999,1,1,7,1,7
2017140162948,2,9,0,18,0,1,1,0,0,0,1,1,2,2,26,6,1242,1,4,7,1,7
2017140162958,1,9,0,9,0,8,0,0,0,0,3,1,5,1,26,6,-1,-1,-1,-1,-1,-1
2017140162967,1,9,0,18,0,0,0,0,0,0,4,1,2,1,38,7,1582,2,7,4,1,4
2017140162967,2,1,0,18,0,0,0,0,0,0,3,1,1,1,60,9,-1,-1,-1,7,1,7
2017140163058,1,9,0,18,0,8,0,0,0,0,4,1,6,1,29,6,1197,1,4,5,1,5
2017140163058,2,19,0,18,0,8,0,0,0,0,1,1,6,1,-1,-1,1461,2,1,-1,-1,-1
2017140163345,1,9,0,9,0,8,0,0,0,0,1,1,6,2,38,7,1229,1,5,9,1,9
2017140163345,2,1,0,18,0,6,0,0,0,0,1,1,6,1,39,7,-1,-1,-1,3,1,3
2017140163450,1,9,0,18,0,1,0,0,0,0,4,1,5,2,21,5,1197,1,1,1,1,1
2017140163450,2,9,0,9,0,6,0,0,0,0,1,1,6,1,35,6,1560,2,10,3,1,3
2017140163613,1,9,0,18,0,0,0,0,0,0,3,1,6,1,58,9,1590,1,13,9,1,9
2017140163644,1,-1,0,18,0,1,0,0,0,0,1,1,6,3,-1,-1,-1,-1,-1,-1,-1,-1
2017140163674,1,9,0,18,0,0,0,0,0,0,1,1,1,1,32,6,1896,2,13,1,1,1
2017140163674,2,21,0,18,0,0,0,0,0,0,4,1,1,1,53,8,-1,-1,-1,3,1,3
2017140163720,1,9,0,18,0,0,0,0,7,11,1,1,5,2,28,6,1560,2,10,4,1,4
2017140163720,2,19,0,18,0,0,0,0,0,0,1,1,5,1,28,6,2198,2,10,1,1,1
2017140163768,1,-1,0,18,0,1,0,0,0,0,0,1,6,3,-1,-1,-1,-1,-1,-1,-1,-1
2017140163780,1,5,0,18,0,0,0,0,0,0,1,1,5,1,33,6,899,1,21,3,1,3
2017140163780,2,9,0,18,0,0,0,0,0,0,2,1,3,1,73,10,1799,1,19,5,3,5
2017140163797,1,9,0,5,0,1,0,0,0,0,1,1,6,3,-1,-1,-1,-1,-1,-1,-1,-1
2017140163823,1,9,0,9,0,5,0,0,0,0,1,1,6,1,-1,-1,1598,1,9,8,1,8
2017140163823,2,3,0,18,0,8,2,0,0,0,1,1,2,1,20,4,124,1,2,10,1,10
2017140163861,1,19,0,18,0,0,0,0,0,0,2,1,5,1,60,9,1995,2,5,-1,-1,-1
2017140163861,2,9,0,18,0,0,1,0,0,0,2,1,5,1,23,5,1598,1,7,8,1,8
2017140163861,3,9,0,18,0,0,1,0,0,0,1,1,5,2,32,6,1995,2,2,10,2,10
2017140163902,1,9,0,18,0,0,0,0,1,11,4,1,5,2,49,8,1998,1,15,1,1,1
2017140163914,1,9,0,18,0,8,0,0,0,0,4,1,5,1,32,6,3436,1,7,4,1,4
2017140163916,1,9,0,9,0,8,0,0,7,0,1,1,5,2,21,5,998,1,16,1,1,1
2017140163916,2,9,0,18,0,8,0,0,0,0,1,1,5,1,33,6,1968,2,9,2,1,2
2017140163920,1,19,0,18,6,0,0,0,0,0,1,1,1,1,25,5,1248,2,3,2,1,2
2017140163923,1,98,0,18,0,1,0,0,0,0,1,1,1,1,25,5,-1,-1,-1,-1,-1,-1
2017140163923,2,9,0,5,0,7,0,0,0,0,2,1,5,2,54,8,1388,1,10,3,3,3
2017140163933,1,9,0,9,0,5,0,0,0,0,4,1,5,2,68,10,1997,1,7,-1,-1,-1
2017140163933,2,1,0,18,0,1,2,0,0,0,1,1,5,1,49,8,-1,-1,-1,-1,-1,-1
2017140163997,1,9,0,18,0,2,0,0,0,0,2,1,5,2,53,8,1388,1,10,1,1,1
2017140163997,2,90,0,18,0,2,0,0,0,0,1,1,6,3,-1,-1,-1,-1,-1,-1,-1,-1
2017140164045,1,9,0,18,0,1,0,0,0,0,1,1,6,2,46,8,1360,1,10,2,2,2
2017140164079,1,9,0,4,0,1,0,0,0,0,2,1,5,1,57,9,1461,2,7,-1,-1,-1
2017140164079,2,9,4,18,0,1,0,0,0,0,1,1,1,1,43,7,-1,-1,-1,-1,-1,-1
2017140164095,1,9,0,17,0,1,0,0,0,0,1,1,5,1,24,5,1596,1,18,1,1,1
2017140164108,1,9,0,18,0,0,0,0,0,0,2,1,2,1,40,7,2400,2,6,10,2,10
2017140164108,2,9,0,4,0,0,0,0,0,0,2,1,5,1,42,7,1499,2,1,4,1,4
2017140164108,3,9,0,4,0,0,0,0,0,0,1,1,6,2,34,6,1994,2,14,1,1,1
2017140164119,1,1,0,18,0,5,0,0,0,0,1,1,2,1,20,4,-1,-1,-1,5,1,5
2017140164119,2,9,0,7,0,1,0,0,0,0,1,1,6,2,53,8,1386,1,11,10,1,10
2017140164136,1,9,0,16,0,0,0,0,0,0,1,1,5,1,59,9,2143,2,-1,6,1,6
2017140164136,2,5,0,17,0,0,0,0,0,0,1,1,5,1,65,9,600,1,-1,-1,3,-1
2017140164136,3,5,0,17,0,0,0,0,0,0,1,1,5,1,60,9,2294,1,9,7,1,7
2017140164350,1,9,0,4,0,1,0,0,0,0,2,1,5,2,45,7,1248,2,9,3,1,3
2017140164350,2,9,0,18,0,1,0,0,0,0,1,1,6,3,-1,-1,1762,1,19,-1,-1,-1
2017140164355,1,9,0,18,0,0,0,0,0,0,3,1,2,1,24,5,1364,1,1,7,2,7
2017140164355,2,5,0,18,0,0,1,0,0,0,1,1,2,1,49,8,645,1,13,4,1,4
2017140164364,1,9,0,13,0,0,1,4,0,0,1,1,5,1,16,4,1998,2,15,1,1,1
2017140164364,2,9,0,18,0,0,0,0,0,0,3,1,6,2,26,6,1149,1,15,6,1,6
2017140164364,3,9,0,18,0,0,0,0,0,0,4,1,6,1,32,6,1199,1,16,3,1,3
2017140164364,4,9,0,2,0,0,0,0,1,0,2,1,1,2,48,8,1560,2,4,6,2,6
2017140164385,1,19,0,1,0,0,0,0,0,0,0,1,6,3,-1,-1,-1,-1,-1,-1,-1,-1
2017140164753,1,9,0,9,0,5,0,0,0,0,1,1,2,2,29,6,1242,1,7,1,1,1
2017140164753,2,5,0,18,0,8,0,0,0,0,1,1,2,2,45,7,749,1,15,9,1,9
2017140164759,1,21,1,5,0,0,0,0,0,0,1,1,1,1,30,6,12419,2,4,2,1,2
2017140164779,1,9,0,17,0,0,0,0,0,0,1,1,1,2,41,7,1498,1,7,1,1,1
2017140164779,2,9,0,17,0,0,0,0,0,0,1,1,1,2,45,7,1499,2,1,-1,-1,-1
2017140164779,3,9,0,16,0,0,1,0,0,0,1,1,1,1,32,6,1896,2,14,-1,-1,-1
2017140164836,1,9,0,9,0,2,0,0,0,0,3,1,6,1,41,7,-1,-1,-1,8,1,8
2017140164836,2,9,0,18,0,1,0,0,0,0,4,1,6,1,18,4,1590,1,12,9,1,9
2017140164847,1,9,0,5,0,0,2,0,7,11,3,1,5,1,18,4,1248,2,4,1,1,1
2017140164874,1,9,0,4,0,1,0,0,0,0,0,1,6,3,-1,-1,-1,-1,-1,-1,-1,-1
2017140164874,2,3,0,18,0,1,0,0,0,0,2,1,5,1,20,4,125,1,6,4,2,4
2017140164874,3,3,0,18,0,1,1,0,0,0,1,1,5,2,18,4,114,1,1,7,1,7
2017140164990,1,9,0,18,0,2,1,0,1,0,1,1,5,1,37,7,1995,2,6,8,1,8
2017140164990,2,98,0,18,0,1,0,0,0,0,0,1,6,3,-1,-1,-1,-1,-1,-1,-1,-1
2017140165026,1,9,0,18,0,0,0,0,0,0,0,1,6,2,66,10,1498,1,3,-1,-1,-1
2017140165026,2,9,0,18,0,0,0,0,0,0,4,1,6,1,42,7,1560,2,5,6,1,6
2017140165097,1,9,0,3,0,0,0,0,0,0,2,1,6,1,33,6,1560,2,11,3,1,3
2017140165097,2,9,0,3,0,0,0,0,0,0,1,1,6,1,40,7,1910,2,10,1,1,1
2017140165115,1,9,0,1,0,0,0,0,0,0,2,1,6,3,-1,-1,2000,2,10,-1,-1,-1
2017140165128,1,9,0,2,0,1,0,0,0,0,2,1,5,1,37,7,1796,1,15,1,1,1
2017140165128,2,9,0,18,0,1,0,0,0,0,1,1,6,1,18,4,1364,1,9,-1,-1,-1
2017140165190,1,9,0,18,0,0,0,0,0,0,1,1,5,1,18,4,1199,1,13,1,1,1
2017140165206,1,9,0,7,0,3,0,0,0,0,4,1,6,1,37,7,3301,1,14,2,1,2
2017140165206,2,9,0,18,0,4,0,0,0,0,1,1,6,3,-1,-1,1396,1,12,-1,-1,-1
2017140165220,1,9,0,9,0,2,0,0,0,0,1,1,5,1,19,4,1598,1,4,1,1,1
2017140165220,2,9,0,18,0,1,0,0,0,0,1,1,6,3,-1,-1,1560,2,8,-1,-1,-1
2017140165247,1,9,0,5,0,6,0,0,0,0,1,1,2,2,24,5,998,1,2,2,1,2
2017140165309,1,9,0,3,0,0,0,0,0,0,2,1,5,2,25,5,1328,1,13,-1,-1,-1
2017140165309,2,9,0,3,0,0,1,0,0,0,1,1,6,1,-1,-1,1984,1,15,-1,-1,-1
2017140165357,1,19,0,5,0,6,0,0,0,0,4,1,2,1,51,8,1995,2,10,2,1,2
2017140165357,2,1,0,18,0,1,0,0,0,0,1,1,2,1,26,6,-1,-1,-1,5,3,5
2017140165421,1,9,0,3,0,0,0,0,0,0,0,1,5,2,26,6,1753,2,9,4,1,4
2017140165421,2,9,0,3,0,0,0,0,0,0,0,1,6,1,42,7,1229,1,8,-1,-1,-1
2017140165429,1,9,0,18,0,2,0,0,0,0,4,1,6,2,29,6,1199,2,3,7,1,7
2017140165429,2,9,0,12,0,1,0,0,5,6,3,1,6,2,50,8,1598,1,1,4,1,4
2017140165457,1,1,0,18,4,0,2,0,0,0,1,1,2,1,19,4,-1,-1,-1,8,1,8
2017140165457,2,9,0,12,0,0,0,0,0,0,1,1,5,2,68,10,2231,2,10,-1,-1,-1
2017140165517,1,3,0,9,0,1,0,0,0,0,1,1,2,1,41,7,123,1,4,7,1,7
2017140165517,2,9,0,9,0,1,0,0,0,0,4,1,6,3,20,4,1229,1,7,1,1,1