Accident_Index,Vehicle_Reference,Vehicle_Type,Towing_and_Articulation,Vehicle_Manoeuvre,Vehicle_Location-Restricted_Lane,Junction_Location,Skidding_and_Overturning,Hit_Object_in_Carriageway,Vehicle_Leaving_Carriageway,Hit_Object_off_Carriageway,1st_Point_of_Impact,Was_Vehicle_Left_Hand_Drive?,Journey_Purpose_of_Driver,Sex_of_Driver,Age_of_Driver,Age_Band_of_Driver,Engine_Capacity_(CC),Propulsion_Code,Age_of_Vehicle,Driver_IMD_Decile,Driver_Home_Area_Type,Vehicle_IMD_Decile
2017140165520,1,9,0,3,0,0,0,0,2,10,2,1,1,1,45,7,-1,-1,-1,7,1,7
2017140165520,2,9,0,18,0,0,0,0,0,0,1,1,1,1,-1,-1,-1,-1,-1,9,2,9
2017140165584,1,9,0,3,0,0,0,0,0,0,2,1,6,2,63,9,2295,1,17,3,1,3
2017140165584,2,9,0,18,0,0,0,0,0,0,1,1,6,3,-1,-1,1242,1,2,-1,-1,-1
2017140165666,1,9,0,18,0,0,0,0,0,0,1,1,6,3,-1,-1,-1,-1,-1,-1,-1,-1
2017140165698,1,9,0,3,0,1,0,0,0,0,2,1,5,2,20,4,1986,2,9,6,1,6
2017140165698,2,9,0,3,0,1,0,0,0,0,2,1,5,1,44,7,1910,2,12,2,1,2
2017140165698,3,9,0,18,0,1,1,4,0,0,1,1,6,3,-1,-1,1998,2,15,-1,-1,-1
2017140165783,1,9,0,18,0,0,0,0,0,0,1,1,5,1,45,7,998,1,1,-1,1,-1
2017140165783,2,9,0,18,0,0,0,0,0,0,1,1,5,1,48,8,1242,1,10,2,2,2
2017140165783,3,9,0,3,0,0,0,0,0,0,1,1,5,1,67,10,998,1,1,7,1,7
2017140165783,4,9,0,3,0,0,0,0,0,0,1,1,5,1,26,6,2000,2,10,7,3,7
2017140165783,5,9,0,18,0,0,0,0,0,0,1,1,5,1,25,5,1796,1,13,2,1,2
2017140165844,1,9,0,5,0,0,0,0,0,0,1,1,6,3,-1,-1,1798,1,13,-1,-1,-1
2017140165867,1,9,0,18,0,0,0,4,0,0,1,1,5,2,45,7,1998,2,13,7,2,7
2017140165867,2,9,0,2,0,0,0,0,0,0,2,1,6,3,-1,-1,1986,2,10,-1,-1,-1
2017140165926,1,9,0,5,0,4,0,0,0,0,1,1,5,1,50,8,-1,-1,-1,1,1,1
2017140165926,2,9,0,18,0,4,0,0,0,0,4,1,5,2,46,8,1124,1,12,7,1,7
2017140165982,1,9,0,4,0,0,0,0,0,0,2,1,1,2,19,4,1360,1,9,7,3,7
2017140165982,2,9,0,18,0,0,0,0,0,0,1,1,6,1,24,5,1242,1,15,9,2,9
2017140166007,1,9,0,18,0,0,0,0,0,0,1,1,5,1,21,5,1197,1,2,2,1,2
2017140166037,1,9,0,1,0,0,0,0,0,0,2,1,5,1,85,11,1388,1,13,4,1,4
2017140166057,1,8,0,5,0,0,0,0,0,0,0,1,2,3,-1,-1,-1,-1,-1,-1,-1,-1
2017140166057,2,9,0,14,0,0,0,0,0,0,2,1,2,2,38,7,1968,2,2,4,1,4
2017140166057,3,19,0,18,0,0,0,0,0,0,1,1,1,1,24,5,2998,2,7,2,3,2
2017140166057,4,9,0,18,0,0,0,0,0,0,1,1,6,1,52,8,1968,2,9,8,1,8
2017140166070,1,9,0,18,0,0,0,0,0,0,2,1,5,2,37,7,998,1,12,2,1,2
2017140166070,2,9,0,18,0,0,0,0,0,0,1,1,2,1,52,8,1997,2,17,2,1,2
2017140166076,1,19,0,18,0,8,0,0,0,0,1,1,5,1,31,6,2198,2,9,3,2,3
2017140166076,2,-1,0,18,0,8,0,0,0,0,2,1,6,3,-1,-1,-1,-1,-1,-1,-1,-1
2017140166095,1,9,0,18,0,8,0,0,0,0,1,1,5,1,46,8,2143,2,2,2,1,2
2017140166095,2,9,0,18,0,8,0,0,0,0,1,1,6,1,25,5,1796,1,13,2,1,2
2017140166118,1,9,0,18,0,2,0,0,0,0,3,1,5,1,32,6,1598,1,15,1,1,1
2017140166118,2,4,0,18,0,2,5,0,0,0,4,1,5,1,65,9,249,1,21,1,1,1
2017140166140,1,9,0,4,0,1,0,0,0,0,2,1,1,1,26,6,-1,-1,-1,1,1,1
2017140166140,2,19,0,18,0,1,0,0,0,0,1,1,1,1,53,8,2198,2,4,10,1,10
2017140166152,1,9,0,18,0,1,0,4,0,0,4,1,5,2,77,11,998,1,5,10,1,10
2017140166152,2,9,0,2,0,1,0,0,0,0,1,1,6,1,65,9,-1,-1,-1,8,1,8
2017140166163,1,9,0,18,0,0,0,0,0,0,1,1,1,1,50,8,1995,2,11,8,1,8
2017140166163,2,9,0,6,0,0,0,0,0,0,1,1,6,3,-1,-1,1360,1,13,-1,-1,-1
2017140166171,1,9,0,4,0,0,0,0,0,0,2,1,6,1,37,7,1968,2,1,1,1,1
2017140166171,2,9,0,4,0,0,0,0,0,0,2,1,5,2,24,5,1242,1,6,3,1,3
2017140166171,3,9,0,4,0,0,0,0,0,0,1,1,5,1,31,6,2435,1,18,5,1,5
2017140166176,1,9,0,18,0,0,0,0,0,0,4,1,5,1,47,8,1984,1,10,5,2,5
2017140166179,1,9,0,18,0,1,0,0,0,0,4,1,2,1,32,6,1598,1,14,4,1,4
2017140166189,1,9,0,18,0,1,0,0,0,0,2,1,5,1,27,6,1995,2,11,1,1,1
2017140166189,2,9,0,18,0,1,0,0,0,0,1,1,5,1,44,7,1997,2,13,1,1,1
2017140166209,1,9,0,18,0,0,0,0,2,7,4,1,2,1,34,6,1493,2,10,6,1,6
2017140166209,2,9,0,18,0,0,0,0,0,0,2,1,2,2,24,5,1242,1,3,6,1,6
2017140166209,3,19,0,18,0,0,0,0,0,0,1,1,2,1,51,8,1968,2,3,2,1,2
2017140166209,4,9,0,18,0,0,0,0,0,0,1,1,2,1,59,9,1995,1,10,10,2,10
2017140166216,1,9,0,5,8,0,0,0,0,0,1,1,5,1,22,5,2496,1,11,4,1,4
2017140166216,2,1,0,18,0,0,0,0,0,0,1,1,5,1,37,7,-1,-1,-1,5,1,5
2017140166217,1,9,0,5,0,6,0,0,0,0,1,1,2,1,53,8,1686,2,11,8,1,8
2017140166217,2,1,0,18,0,1,0,0,0,0,1,1,2,1,47,8,-1,-1,-1,5,3,5
2017140166386,1,9,0,18,0,2,0,0,0,0,2,1,1,1,21,5,1997,2,5,1,1,1
2017140166386,2,9,0,18,0,2,0,0,0,0,1,1,6,2,81,11,1242,1,13,7,1,7
2017140166424,1,9,0,6,0,0,0,0,0,0,3,1,5,1,35,6,1242,1,11,-1,-1,-1
2017140166424,2,9,0,18,0,0,0,0,0,0,1,1,6,3,-1,-1,-1,-1,-1,-1,-1,-1
2017140166433,1,11,0,17,0,0,0,0,0,0,3,1,1,1,59,9,11000,2,14,5,1,5
2017140166446,1,8,0,5,0,0,0,0,0,0,1,1,1,1,62,9,1798,8,2,1,1,1
2017140166446,2,1,0,18,0,0,0,0,0,0,1,1,6,1,16,4,-1,-1,-1,1,1,1
2017140166453,1,9,0,3,0,0,0,0,0,0,1,1,6,2,44,7,1796,1,11,8,1,8
2017140166453,2,9,0,4,0,0,0,0,0,0,2,1,2,2,51,8,1598,1,8,6,1,6
2017140166453,3,9,0,18,0,0,0,0,0,0,2,1,1,1,63,9,-1,-1,-1,7,1,7
2017140166477,1,11,0,18,0,0,0,0,0,0,4,1,1,1,56,9,7300,2,16,-1,-1,-1
2017140166536,1,9,0,2,6,1,0,0,0,0,1,1,5,1,39,7,1995,2,6,1,1,1
2017140166536,2,9,0,5,0,1,0,0,0,0,1,1,6,1,-1,-1,998,1,8,-1,-1,-1
2017140166577,1,9,0,18,0,0,0,0,0,0,1,1,6,1,20,4,1590,1,14,2,1,2
2017140166625,1,21,0,18,0,0,0,0,0,0,2,1,1,1,29,6,12809,2,4,1,1,1
2017140166625,2,19,0,18,0,0,0,0,0,0,1,1,2,1,35,6,1968,2,2,8,1,8
2017140166625,3,19,0,18,0,0,0,0,0,0,2,1,1,1,30,6,-1,-1,-1,1,1,1
2017140166625,4,9,0,18,0,0,0,0,0,0,1,1,2,1,26,6,1995,2,2,-1,-1,-1
2017140166640,1,9,0,8,0,0,0,0,0,0,2,1,5,2,45,7,1149,1,10,10,1,10
2017140166640,2,9,0,18,0,0,0,0,0,0,1,1,6,1,24,5,1968,2,8,8,1,8
2017140166803,1,1,0,18,0,1,1,0,0,0,3,1,5,1,52,8,-1,-1,-1,3,1,3
2017140166803,2,11,0,5,0,1,0,0,0,0,4,1,1,1,21,5,6696,2,3,-1,-1,-1
2017140166949,1,9,0,18,0,0,0,0,0,0,0,1,1,1,46,8,1398,1,16,7,1,7
2017140166965,1,3,0,18,0,8,0,0,0,0,1,1,1,1,21,5,124,1,7,3,1,3
2017140166965,2,9,0,18,0,2,0,0,0,0,3,1,5,1,75,10,1198,1,1,8,1,8
2017140167008,1,1,0,18,0,8,0,0,1,0,1,1,3,1,48,8,-1,-1,-1,10,1,10
2017140167008,2,9,0,7,0,2,0,0,0,0,1,1,3,1,24,5,998,1,12,7,1,7
2017140167014,1,9,0,18,0,0,1,0,1,0,1,1,6,1,20,4,1598,2,6,3,1,3
2017140167162,1,9,0,5,0,8,0,0,0,0,3,1,2,2,30,6,1686,2,3,3,1,3
2017140167162,2,9,0,18,0,1,0,0,0,0,1,1,2,2,56,9,2143,2,3,-1,-1,-1
2017140167162,3,9,0,2,0,2,0,0,0,0,2,1,6,3,-1,-1,-1,-1,-1,-1,-1,-1
2017140167209,1,9,0,2,0,0,0,0,0,0,4,1,6,3,-1,-1,-1,-1,-1,-1,-1,-1
2017140167209,2,9,0,18,0,0,0,0,0,0,2,1,6,1,30,6,1998,1,15,-1,-1,-1
2017140167317,1,9,0,18,0,0,0,0,0,0,2,1,6,2,23,5,1461,2,1,1,1,1
2017140167317,2,-1,0,18,0,0,0,0,0,0,1,1,6,1,-1,-1,-1,-1,-1,-1,-1,-1
2017140167338,1,9,0,13,0,1,1,0,0,0,1,1,5,1,23,5,2998,1,23,6,1,6
2017140167338,2,9,0,7,0,6,0,0,0,0,1,1,5,2,21,5,1598,1,13,7,1,7
2017140167440,1,1,0,16,0,3,0,0,0,0,1,1,5,1,78,11,-1,-1,-1,-1,-1,-1
2017140167440,2,19,0,7,0,3,0,0,0,0,2,1,1,1,56,9,-1,-1,-1,2,1,2
2017140167494,1,9,0,18,0,0,0,0,1,11,4,1,1,1,55,8,998,1,17,4,1,4
2017140167494,2,9,0,3,0,0,0,0,1,0,3,1,5,1,49,8,998,1,8,4,1,4
2017140167520,1,9,0,5,0,8,0,0,0,0,1,1,2,1,40,7,1395,1,2,2,1,2
2017140167520,2,9,0,18,0,8,1,10,1,0,3,1,6,3,-1,-1,1149,1,8,-1,-1,-1
2017140167651,1,8,0,18,0,0,0,0,0,0,0,1,1,1,-1,-1,-1,-1,-1,-1,-1,-1
2017140167706,1,9,0,18,0,0,0,0,0,0,1,1,6,1,-1,-1,1229,1,6,-1,-1,-1
2017140167706,2,9,0,18,0,0,0,0,0,0,3,1,5,1,27,6,1499,8,1,8,1,8
2017140167706,3,9,0,2,0,0,0,0,0,0,4,1,6,3,-1,-1,1560,2,2,-1,-1,-1
2017140167724,1,9,0,18,0,0,0,0,0,0,1,1,2,1,61,9,1998,1,12,5,1,5
2017140167760,1,8,0,18,0,0,1,0,5,0,1,1,6,1,26,6,1968,2,6,1,1,1
2017140167775,1,9,0,1,0,0,0,0,0,0,2,1,6,1,-1,-1,2967,2,10,7,1,7
2017140167775,2,9,0,18,0,0,0,0,0,0,4,1,5,1,26,6,1984,1,3,2,1,2
2017140167825,1,9,0,3,0,0,0,0,0,0,1,1,5,2,21,5,1149,1,10,10,1,10
2017140167825,2,9,0,3,0,0,0,0,0,0,2,1,5,1,37,7,1797,8,7,1,1,1
2017140167881,1,1,0,18,0,0,0,0,0,0,1,1,5,1,33,6,-1,-1,-1,3,1,3
2017140167881,2,8,0,18,0,0,0,0,0,0,2,1,6,3,-1,-1,-1,-1,-1,-1,-1,-1
2017140167931,1,9,0,5,0,0,0,0,0,0,1,1,5,2,19,4,1398,1,4,3,1,3
2017140167931,2,1,0,9,0,0,0,0,0,0,1,1,2,1,50,8,-1,-1,-1,5,2,5
2017140167938,1,9,0,18,0,8,0,0,0,0,1,1,6,2,73,10,1149,1,10,7,1,7
2017140167938,2,9,0,5,0,6,0,0,0,0,1,1,6,3,-1,-1,1998,1,13,-1,-1,-1
2017140168023,1,9,0,18,0,2,1,0,7,0,1,1,5,1,52,8,5935,1,11,2,1,2
2017140168038,1,9,0,4,0,1,0,0,0,0,2,1,3,1,31,6,1995,2,13,6,1,6
2017140168038,2,9,0,18,0,1,1,0,0,0,1,1,6,1,43,7,1870,2,10,9,1,9
2017140168059,1,9,0,18,0,8,0,0,0,0,1,1,1,1,37,7,1598,2,2,-1,-1,-1
2017140168059,2,9,0,18,0,8,0,0,1,1,1,1,1,2,47,8,1560,2,2,10,1,10
2017140168059,3,1,0,3,0,1,0,0,1,0,2,1,1,2,45,7,-1,-1,-1,6,1,6
2017140168096,1,9,0,9,0,6,0,0,0,0,4,1,5,2,34,6,1598,1,3,2,1,2
2017140168096,2,9,0,17,0,1,0,0,0,0,3,1,1,2,22,5,1198,1,12,6,1,6
2017140168121,1,9,0,7,0,3,0,0,7,0,1,1,5,1,61,9,1598,1,13,5,1,5
2017140168121,2,9,0,18,0,4,0,0,1,0,1,1,5,2,76,11,1248,2,4,7,1,7
2017140168121,3,9,0,18,0,4,0,0,0,0,4,1,5,1,41,7,1995,2,13,6,1,6
2017140168155,1,9,0,18,0,8,0,0,0,0,1,1,5,2,31,6,1991,2,9,7,1,7
2017140168155,2,9,0,5,0,6,0,0,0,0,1,1,3,2,35,6,1956,2,5,5,1,5
2017140168179,1,9,0,18,0,0,0,4,0,0,1,1,6,1,24,5,2143,2,3,1,1,1
2017140168179,2,20,0,2,0,0,0,0,0,0,3,1,6,1,48,8,-1,-1,-1,1,1,1
2017140168198,1,9,0,18,0,1,0,0,0,0,2,1,5,1,30,6,1598,1,14,1,1,1
2017140168198,2,9,0,18,0,1,0,0,0,0,1,1,6,3,-1,-1,-1,-1,-1,-1,-1,-1
2017140168249,1,9,0,18,0,0,0,0,0,0,0,1,5,2,18,4,1200,1,1,3,1,3
2017140168249,2,9,0,18,0,0,0,0,0,0,0,1,6,3,16,4,1598,1,2,-1,-1,-1
2017140168283,1,1,0,12,0,1,0,0,0,0,1,1,2,1,23,5,-1,-1,-1,2,1,2
2017140168283,2,9,0,18,0,2,2,0,0,0,1,1,6,3,-1,-1,-1,-1,-1,-1,-1,-1
2017140168300,1,9,0,9,0,5,0,0,0,0,2,1,5,1,35,6,1596,1,14,-1,-1,-1
2017140168300,2,9,0,18,0,1,0,0,0,0,1,1,5,1,21,5,1598,1,11,1,1,1
2017140168338,1,9,0,18,0,2,0,0,0,0,1,1,2,1,40,7,1686,2,7,1,1,1
2017140168338,2,9,0,9,0,1,0,0,0,0,1,1,5,1,19,4,1388,1,9,2,2,2
2017140168348,1,9,0,4,0,1,0,0,0,0,1,1,6,2,46,8,1242,1,4,1,2,1
2017140168350,1,9,0,3,0,4,0,0,0,0,3,1,2,2,52,8,1587,1,13,9,1,9
2017140168350,2,9,0,18,0,6,0,0,0,0,1,1,6,3,35,6,-1,-1,-1,-1,-1,-1
2017140168356,1,90,0,18,0,5,0,0,0,0,1,1,6,1,11,3,-1,-1,-1,1,1,1
2017140168356,2,19,0,18,0,1,0,0,0,0,3,1,5,1,55,8,1896,2,10,1,1,1
2017140168363,1,9,0,18,0,0,0,0,0,0,4,1,6,1,49,8,1984,1,10,5,2,5
2017140168372,1,9,0,18,0,2,0,0,0,0,1,1,5,1,79,11,1360,1,12,2,1,2
2017140168378,1,9,0,18,0,8,1,0,0,0,4,1,2,2,45,7,1298,1,13,6,1,6
2017140168378,2,9,0,5,0,4,1,0,0,0,1,1,6,3,-1,-1,-1,-1,-1,-1,-1,-1
2017140168393,1,9,0,18,0,8,0,0,0,0,1,1,6,2,19,4,1598,2,6,1,1,1
2017140168393,2,9,0,18,0,8,0,0,0,0,1,1,6,1,28,6,-1,-1,-1,2,1,2
2017140168395,1,9,0,18,0,0,0,0,1,0,4,1,2,1,25,5,1150,1,11,6,3,6
2017140168395,2,90,0,18,0,0,0,0,0,0,0,1,6,3,-1,-1,-1,-1,-1,-1,-1,-1
2017140168395,3,9,0,13,0,0,0,0,0,0,0,1,6,1,35,6,1587,1,11,4,2,4
2017140168398,1,19,0,8,0,1,0,0,0,0,2,1,1,1,51,8,1753,2,10,5,1,5
2017140168398,2,9,0,18,0,1,0,0,0,0,1,1,1,1,57,9,1598,2,1,7,1,7
2017140168423,1,9,0,18,0,0,0,0,7,0,1,1,5,2,37,7,998,1,10,4,1,4
2017140168423,2,9,0,18,0,0,0,0,0,0,1,1,2,1,44,7,-1,-1,-1,3,1,3
2017140168432,1,1,0,18,0,1,0,0,0,0,1,1,6,2,23,5,-1,-1,-1,7,1,7
2017140168432,2,8,0,7,0,5,0,0,0,0,4,1,6,3,-1,-1,-1,-1,-1,-1,-1,-1
2017140168437,1,9,0,2,0,0,0,0,0,0,3,1,6,1,51,8,2401,2,14,1,1,1
2017140168437,2,9,0,18,0,0,0,4,0,0,1,1,6,3,37,7,-1,-1,-1,-1,-1,-1
2017140168473,1,9,0,14,0,2,0,0,0,0,1,1,5,2,55,8,1598,1,7,10,1,10
2017140168473,2,9,0,5,0,2,0,0,0,0,1,1,6,2,76,11,1391,1,19,1,1,1
2017140168490,1,9,0,18,0,0,0,4,0,0,1,1,1,2,41,7,1997,2,5,6,1,6
2017140168490,2,21,1,2,0,0,0,0,0,0,2,1,1,1,24,5,10518,2,9,1,1,1
2017140168536,1,9,0,18,0,1,0,0,0,0,1,1,2,1,40,7,1969,2,1,8,1,8
2017140168536,2,9,0,18,0,2,0,0,0,0,4,1,5,2,60,9,1248,1,-1,10,1,10
2017140168555,1,9,0,5,0,6,0,0,0,0,3,1,6,1,36,7,2401,2,13,1,1,1
2017140168555,2,9,0,18,0,1,0,0,0,0,1,1,5,1,32,6,1995,2,10,1,1,1
2017140168592,1,9,0,4,0,0,1,0,4,0,4,1,5,2,67,10,998,1,16,2,1,2
2017140168592,2,9,0,18,0,0,0,0,0,0,3,1,1,1,51,8,-1,-1,-1,-1,-1,-1
2017140168707,1,9,0,9,0,8,0,0,0,0,1,1,6,3,-1,-1,-1,-1,-1,-1,-1,-1
2017140168707,2,9,0,18,0,1,0,4,0,0,3,1,6,1,32,6,-1,-1,-1,1,1,1
2017140168707,3,9,0,2,0,2,0,0,0,0,3,1,6,1,62,9,1598,1,16,1,1,1
2017140168707,4,9,0,9,0,2,0,0,0,0,0,1,1,1,35,6,1598,2,2,-1,-1,-1
2017140168748,1,-1,0,18,0,0,0,0,0,0,4,1,6,3,-1,-1,-1,-1,-1,-1,-1,-1
2017140168748,2,1,0,18,0,0,0,0,0,0,4,1,5,1,13,3,-1,-1,-1,9,1,9
2017140168748,3,-1,0,18,0,0,0,0,0,0,4,1,5,1,-1,-1,-1,-1,-1,-1,-1,-1
2017140168766,1,8,0,18,0,1,0,0,0,0,2,1,1,1,25,5,1995,2,3,3,1,3
2017140168766,2,9,0,18,0,1,0,0,0,0,1,1,6,2,-1,-1,998,1,8,-1,-1,-1
2017140168795,1,9,0,9,0,6,0,0,0,0,3,1,1,1,48,8,1968,2,1,10,1,10
2017140168795,2,1,0,18,0,1,5,0,0,0,1,1,6,1,28,6,-1,-1,-1,-1,-1,-1
2017140168836,1,9,0,18,0,8,0,10,1,0,4,1,5,1,76,11,1997,2,10,10,1,10
2017140168836,2,9,0,18,0,8,0,0,0,0,1,1,6,3,-1,-1,-1,-1,-1,-1,-1,-1
2017140168880,1,9,0,18,0,0,0,0,0,0,1,1,1,1,36,7,1598,2,2,-1,-1,-1
2017140168880,2,9,0,18,0,0,0,0,0,0,2,1,6,3,21,5,1598,2,1,-1,-1,-1
2017140168894,1,9,0,18,0,0,0,0,0,0,3,1,5,2,27,6,1388,1,14,5,1,5
2017140168894,2,9,0,18,0,0,0,0,0,0,3,1,6,3,-1,-1,-1,-1,-1,-1,-1,-1
2017140168904,1,9,0,5,0,1,0,0,0,0,2,1,3,2,30,6,1997,2,1,1,1,1
2017140168904,2,9,0,5,0,1,0,0,0,0,1,1,5,1,27,6,1390,1,14,1,1,1
2017140168949,1,9,0,16,0,1,1,0,0,0,3,1,5,2,33,6,1595,1,7,1,1,1
2017140168949,2,9,0,17,0,2,0,0,0,0,3,1,5,1,40,7,2393,1,13,2,1,2
2017140168973,1,9,0,7,0,6,0,0,0,0,3,1,6,1,70,10,1398,1,9,3,1,3
2017140168973,2,9,0,18,0,1,0,0,0,0,1,1,6,1,26,6,1364,1,3,1,1,1
2017140168995,1,8,0,7,0,1,1,0,3,10,1,1,1,1,27,6,-1,-1,-1,-1,-1,-1
2017140169008,1,9,0,18,0,0,0,0,0,0,2,1,6,1,36,7,1753,2,10,-1,-1,-1
2017140169008,2,9,0,18,0,0,0,0,0,0,1,1,5,2,46,8,1242,1,15,-1,-1,-1
2017140169035,1,9,0,16,0,0,0,0,1,9,1,1,5,1,21,5,1229,1,11,7,1,7
2017140169053,1,9,0,8,0,0,0,0,0,0,1,1,5,2,28,6,1461,2,3,6,1,6
2017140169053,2,9,0,18,0,0,0,0,0,0,1,1,6,1,-1,-1,1398,2,13,8,1,8
2017140169064,1,9,0,7,0,5,0,0,0,0,2,1,5,1,55,8,1998,2,14,1,2,1
2017140169064,2,9,0,18,0,1,0,0,0,0,1,1,6,1,-1,-1,1992,2,11,5,1,5
2017140169069,1,9,0,18,0,1,0,0,0,0,1,1,2,2,28,6,-1,-1,-1,3,2,3
2017140169083,1,1,0,18,0,8,0,0,0,0,2,1,6,1,45,7,-1,-1,-1,7,2,7
2017140169083,2,9,0,7,0,8,0,0,0,0,1,1,6,2,27,6,973,1,16,8,1,8
2017140169088,1,9,0,18,0,0,0,0,0,0,3,1,1,1,43,7,-1,-1,-1,2,1,2
2017140169088,2,1,0,18,0,0,0,0,0,0,4,1,1,1,25,5,-1,-1,-1,3,1,3
2017140169101,1,9,0,18,0,0,0,0,0,0,4,1,5,3,35,6,2204,2,10,1,1,1
2017140169129,1,9,0,9,0,8,0,0,0,0,1,1,5,1,59,9,1598,2,5,7,1,7
2017140169129,2,9,0,18,0,1,0,0,0,0,1,1,6,1,26,6,1360,1,14,8,1,8
2017140169153,1,21,0,18,0,0,0,0,0,0,4,1,1,1,61,9,7146,2,9,1,1,1
2017140169153,2,1,0,18,0,0,0,0,0,0,0,1,6,1,10,2,-1,-1,-1,2,2,2
2017140169160,1,9,0,18,0,8,0,0,0,0,1,1,6,1,19,4,1198,1,4,-1,-1,-1
2017140169160,2,9,0,18,0,4,0,0,0,0,3,1,5,1,48,8,1686,2,3,-1,-1,-1
2017140169169,1,9,0,1,0,0,0,0,0,0,2,1,6,1,55,8,-1,-1,-1,1,1,1
2017140169173,1,9,0,18,0,0,0,0,0,0,2,1,1,1,46,8,1968,2,2,4,3,4
2017140169173,2,9,0,18,0,0,0,0,0,0,1,1,1,1,32,6,-1,-1,-1,5,3,5
2017140169176,1,9,0,5,0,2,0,0,0,0,1,1,5,2,37,7,1995,2,12,1,1,1
2017140169176,2,9,0,18,0,2,0,0,0,0,4,1,5,2,19,4,998,1,8,3,1,3
2017140169178,1,9,0,18,0,0,0,0,0,0,1,1,5,2,69,10,1388,1,6,4,1,4
2017140169198,1,9,0,18,0,0,0,4,0,0,1,1,6,1,34,6,1968,2,10,1,1,1
2017140169198,2,9,0,18,0,0,0,0,0,0,2,1,6,3,30,6,-1,-1,-1,-1,-1,-1
2017140169198,3,9,0,18,0,0,0,0,0,0,1,1,5,2,25,5,1120,2,4,9,1,9
2017140169198,4,9,0,2,0,0,0,0,0,0,4,1,6,3,-1,-1,-1,-1,-1,-1,-1,-1
2017140169209,1,9,0,4,0,0,0,0,0,0,2,1,5,1,30,6,1956,2,2,1,1,1
2017140169209,2,9,0,18,0,0,0,0,0,0,1,1,6,2,59,9,1560,2,11,5,2,5
2017140169219,1,9,0,18,0,0,1,0,0,0,1,1,5,1,30,6,1461,2,2,10,2,10
2017140169219,2,9,0,4,0,0,5,0,1,0,2,1,5,2,56,9,1969,1,2,9,2,9
2017140169219,3,9,0,4,0,0,5,0,0,0,3,1,5,1,33,6,1388,1,11,4,2,4
2017140169220,1,11,0,5,0,1,0,0,0,0,4,1,1,1,52,8,4461,2,4,1,1,1
2017140169489,1,9,0,4,0,1,0,0,0,0,1,1,5,2,85,11,989,1,15,7,1,7
2017140169489,2,9,0,2,0,2,0,0,0,0,2,1,5,1,42,7,1798,1,5,8,1,8
2017140169523,1,9,0,3,0,2,0,0,0,0,1,1,1,1,43,7,-1,-1,-1,2,1,2
2017140169523,2,9,0,1,0,2,0,0,0,0,2,1,6,3,-1,-1,1968,2,11,-1,-1,-1
2017140169550,1,9,0,18,0,0,0,0,0,0,1,1,1,2,45,7,1499,2,3,-1,-1,-1
2017140169589,1,9,0,5,0,6,0,0,0,0,1,1,5,1,19,4,999,1,1,4,1,4
2017140169589,2,9,0,4,0,6,0,0,0,0,2,1,6,3,-1,-1,-1,-1,-1,-1,-1,-1
2017140169626,1,8,0,18,0,0,0,0,0,0,3,1,1,1,33,6,1968,2,7,2,1,2
2017140169626,2,9,0,18,0,0,1,0,1,2,1,1,6,1,29,6,1560,2,3,1,1,1
2017140169688,1,9,0,9,0,0,1,0,1,10,1,1,5,1,18,4,1796,1,9,3,1,3
2017140169715,1,9,0,18,0,8,0,0,0,0,1,1,5,1,49,8,1242,1,8,3,2,3
2017140169715,2,9,0,18,0,8,0,0,0,0,4,1,6,1,16,4,1896,2,16,-1,-1,-1
2017140169717,1,1,0,18,0,5,0,0,0,0,4,1,5,1,39,7,-1,-1,-1,7,1,7
2017140169846,1,9,0,18,0,1,0,0,0,0,1,1,5,2,21,5,1968,2,12,2,1,2
2017140169846,2,8,0,18,0,1,0,0,0,0,3,1,1,1,56,9,1968,2,9,10,1,10
2017140169850,1,9,0,3,0,0,0,0,0,0,1,1,6,1,38,7,1995,2,15,4,1,4
2017140169850,2,9,0,3,0,0,0,0,0,0,2,1,6,2,42,7,1364,1,1,3,1,3
2017140169894,1,9,0,9,0,8,1,0,0,0,1,1,2,1,58,9,1598,1,13,5,1,5
2017140169894,2,1,0,18,0,1,5,0,0,0,1,1,2,1,62,9,-1,-1,-1,8,1,8
2017140169922,1,9,0,4,0,0,0,0,0,0,2,1,6,1,47,8,1461,2,-1,-1,-1,-1
2017140169922,2,9,0,4,0,0,0,0,0,0,1,1,6,2,48,8,1969,2,2,5,3,5
2017140169922,3,9,0,18,0,0,0,0,0,0,1,1,6,1,79,11,2497,1,15,-1,-1,-1
2017140169953,1,9,0,17,0,1,0,0,0,0,3,1,5,1,36,7,1796,1,10,6,1,6
2017140169953,2,9,0,9,0,1,0,0,0,0,1,1,6,2,68,10,1397,1,9,4,1,4
2017140170179,1,9,0,17,0,1,1,0,1,0,1,1,6,1,19,4,1197,1,3,-1,-1,-1
2017140170179,3,9,0,18,0,1,0,4,0,0,1,1,1,2,49,8,-1,-1,-1,1,1,1
2017140170179,4,9,0,2,0,1,0,0,0,0,3,1,6,3,-1,-1,-1,-1,-1,-1,-1,-1
2017140170218,1,9,0,9,0,5,0,0,0,0,1,1,6,3,-1,-1,2143,12,4,-1,-1,-1
2017140170218,2,1,0,18,0,1,0,0,0,0,1,1,5,1,20,4,-1,-1,-1,-1,-1,-1
2017140170242,1,9,0,5,0,0,0,0,0,0,1,1,5,1,45,7,1998,2,10,1,1,1
2017140170242,2,9,0,18,0,0,0,0,0,0,4,1,5,2,39,7,1598,1,13,1,1,1