Accident_Index,Vehicle_Reference,Vehicle_Type,Towing_and_Articulation,Vehicle_Manoeuvre,Vehicle_Location-Restricted_Lane,Junction_Location,Skidding_and_Overturning,Hit_Object_in_Carriageway,Vehicle_Leaving_Carriageway,Hit_Object_off_Carriageway,1st_Point_of_Impact,Was_Vehicle_Left_Hand_Drive?,Journey_Purpose_of_Driver,Sex_of_Driver,Age_of_Driver,Age_Band_of_Driver,Engine_Capacity_(CC),Propulsion_Code,Age_of_Vehicle,Driver_IMD_Decile,Driver_Home_Area_Type,Vehicle_IMD_Decile
2017140176663,2,8,0,18,0,1,0,0,0,0,1,1,1,1,35,6,2148,2,8,1,1,1
2017140176676,1,9,0,18,0,1,5,0,7,0,1,1,5,1,29,6,2987,2,8,7,1,7
2017140176685,1,9,0,10,0,6,0,0,0,0,3,1,5,1,73,10,1329,1,5,7,1,7
2017140176685,2,9,0,18,0,1,1,0,0,0,1,1,5,1,28,6,1997,2,13,9,1,9
2017140176685,3,11,0,5,0,6,0,0,0,0,0,1,5,1,51,8,4500,2,6,1,1,1
2017140176706,1,9,0,17,0,0,1,0,7,0,4,1,2,1,18,4,1149,1,15,2,2,2
2017140176706,2,19,0,16,0,0,0,0,0,0,1,1,1,1,45,7,2298,2,1,9,1,9
2017140176739,1,19,0,18,0,0,0,0,1,9,2,1,1,1,64,9,4461,2,9,5,1,5
2017140176739,2,9,0,18,0,0,5,0,1,9,1,1,1,1,33,6,1997,1,1,6,2,6
2017140176749,1,9,0,18,0,0,0,0,1,11,1,1,5,1,15,3,1000,1,17,1,1,1
2017140176754,1,9,0,18,0,0,5,0,1,9,1,1,6,1,22,5,-1,-1,-1,2,2,2
2017140176759,1,9,0,18,0,2,0,0,0,0,1,1,6,3,-1,-1,-1,-1,-1,-1,-1,-1
2017140176779,1,9,0,18,0,2,0,4,0,0,1,1,5,2,34,6,1598,1,10,2,2,2
2017140176779,2,9,0,2,0,2,0,0,0,0,3,1,6,1,67,10,2172,2,13,1,2,1
2017140176788,1,8,0,1,0,2,0,0,0,0,3,1,5,1,45,7,1598,2,6,1,1,1
2017140176788,2,1,0,18,0,2,0,0,0,0,1,1,5,1,29,6,-1,-1,-1,1,1,1
2017140176851,1,11,0,9,0,5,0,0,0,0,0,1,1,3,-1,-1,-1,-1,-1,-1,-1,-1
2017140176900,1,9,0,18,0,0,0,0,0,0,2,1,6,2,27,6,-1,-1,-1,2,1,2
2017140176900,2,9,0,13,0,0,0,0,0,0,1,1,6,3,37,7,1397,1,17,-1,-1,-1
2017140176914,1,9,0,14,0,0,0,0,0,0,1,1,6,2,35,6,1600,2,8,5,1,5
2017140176946,1,9,0,16,0,0,2,4,0,0,1,1,6,1,20,4,1896,2,12,5,1,5
2017140176946,2,9,0,5,0,0,0,0,0,0,1,1,6,1,58,9,-1,-1,-1,6,2,6
2017140176946,3,9,0,2,0,0,0,0,0,0,2,1,6,3,-1,-1,1399,2,14,-1,-1,-1
2017140176948,1,11,0,18,0,0,0,0,0,0,0,1,1,1,56,9,-1,-1,-1,2,1,2
2017140176972,1,9,0,7,0,6,0,0,0,0,2,1,6,1,52,8,1997,2,14,4,1,4
2017140176972,2,1,5,7,0,6,0,0,0,0,1,1,6,1,53,8,-1,-1,-1,1,1,1
2017140176978,1,8,0,18,0,1,0,0,0,0,1,1,1,1,45,7,2499,2,5,2,1,2
2017140176978,2,9,0,18,0,1,0,0,0,0,2,1,6,3,-1,-1,1595,1,16,-1,-1,-1
2017140177011,1,20,0,2,0,0,0,0,0,0,0,1,6,1,51,8,-1,-1,-1,-1,-1,-1
2017140177011,2,9,0,18,0,0,0,0,0,0,1,1,6,1,25,5,-1,-1,-1,-1,-1,-1
2017140177031,1,9,0,5,0,8,0,0,0,0,3,1,5,2,22,5,999,1,4,2,2,2
2017140177031,2,5,0,18,0,8,1,0,0,0,1,1,6,1,25,5,997,1,28,2,1,2
2017140177047,1,9,0,5,0,6,0,0,0,0,0,1,5,1,42,7,1596,1,6,7,1,7
2017140177047,2,9,0,18,0,2,0,0,0,0,1,1,5,1,18,4,1390,1,8,7,1,7
2017140177047,3,9,0,18,0,1,0,0,0,0,1,1,6,1,53,8,1364,1,4,6,1,6
2017140177097,1,9,0,18,9,0,0,0,1,0,1,1,5,1,28,6,1587,1,16,2,1,2
2017140177117,1,3,0,16,0,0,2,10,1,0,1,1,5,1,16,4,124,1,11,1,1,1
2017140177148,1,9,0,18,0,0,0,0,0,0,1,1,5,2,36,7,998,1,4,7,1,7
2017140177522,1,9,0,9,0,6,0,0,0,0,3,1,6,1,60,9,1798,8,2,9,1,9
2017140177522,2,9,0,18,0,8,0,0,0,0,1,1,1,2,25,5,999,1,2,8,3,8
2017140177596,1,9,0,16,0,0,0,0,0,0,3,1,5,1,33,6,999,1,1,6,1,6
2017140177596,2,9,0,17,0,0,1,0,1,0,3,1,5,1,33,6,1968,2,1,5,1,5
2017140177640,1,9,0,18,0,1,0,0,7,0,1,1,6,2,62,9,1991,2,12,9,1,9
2017140177640,2,9,0,18,0,1,0,0,0,0,1,1,1,1,43,7,2497,2,20,3,1,3
2017140177891,1,8,0,18,0,1,0,0,0,0,4,1,1,1,29,6,1896,2,7,5,1,5
2017140177891,2,9,0,18,0,8,0,0,0,0,1,1,5,1,21,5,1910,2,9,5,1,5
2017140177902,1,23,0,18,0,1,1,0,0,0,4,1,3,1,16,4,-1,-1,-1,1,1,1
2017140177902,2,19,0,18,0,6,0,0,0,0,3,1,1,1,16,4,2299,2,4,-1,-1,-1
2017140177914,1,9,0,18,0,1,0,0,4,0,1,1,6,1,26,6,1398,1,-1,1,1,1
2017140177914,2,9,0,9,0,1,0,0,0,0,1,1,6,1,43,7,2987,2,11,2,1,2
2017140177929,1,1,0,18,0,0,0,0,0,0,2,1,6,1,22,5,-1,-1,-1,8,1,8
2017140177938,1,3,0,9,0,6,0,0,0,0,1,1,5,1,18,4,125,1,1,9,1,9
2017140177938,2,9,0,18,0,1,0,0,0,0,1,1,5,1,33,6,1388,1,9,9,1,9
2017140177940,1,1,0,18,0,0,0,4,0,0,1,1,6,1,34,6,-1,-1,-1,1,1,1
2017140177940,2,9,0,2,0,0,0,0,0,0,3,1,6,1,21,5,1968,2,6,-1,-1,-1
2017140178066,1,9,0,18,0,0,0,0,0,0,2,1,5,1,55,8,1363,2,14,3,1,3
2017140178066,2,9,0,18,0,0,0,0,0,0,1,1,6,3,24,5,-1,-1,-1,1,1,1
2017140178099,1,9,0,9,0,8,0,0,0,0,4,1,6,2,20,4,1242,1,15,7,1,7
2017140178099,2,1,0,18,0,8,0,0,0,0,1,1,6,1,12,3,-1,-1,-1,4,1,4
2017140178258,1,9,0,18,0,1,0,0,0,0,1,1,5,2,52,8,1686,2,12,3,2,3
2017140178258,2,9,0,18,0,5,0,0,0,0,4,1,5,1,34,6,1598,1,6,1,1,1
2017140178283,1,9,0,18,0,1,0,0,0,0,1,1,2,1,29,6,1686,2,13,2,1,2
2017140178283,2,1,0,18,0,2,0,0,0,0,1,1,6,1,18,4,-1,-1,-1,-1,-1,-1
2017140178304,1,5,0,17,0,4,1,0,0,0,1,1,5,1,50,8,891,1,25,6,1,6
2017140178318,1,9,0,3,0,1,0,0,0,0,2,1,6,2,28,6,1968,2,4,4,1,4
2017140178318,2,98,0,3,0,1,0,0,0,0,1,1,2,1,-1,-1,-1,-1,-1,-1,-1,-1
2017140178322,1,9,0,5,0,6,0,0,0,0,1,1,5,1,25,5,973,1,14,8,1,8
2017140178322,2,3,0,18,0,1,0,4,7,0,1,1,5,1,27,6,124,1,12,1,1,1
2017140178322,3,9,0,2,0,1,0,0,0,0,1,1,5,1,25,5,1984,1,4,2,1,2
2017140178343,1,9,0,18,0,1,0,0,0,0,1,1,5,1,46,8,1995,2,11,6,2,6
2017140178343,2,1,0,18,0,6,0,0,0,0,1,1,5,1,15,3,-1,-1,-1,3,1,3
2017140178367,1,9,0,18,0,0,0,0,1,9,1,1,6,1,25,5,1995,2,7,2,1,2
2017140178397,1,9,0,17,0,2,0,0,0,0,1,1,2,1,17,4,999,1,5,9,2,9
2017140178397,2,1,0,16,0,1,0,0,0,0,1,1,5,1,31,6,-1,-1,-1,9,1,9
2017140178409,1,5,0,18,0,0,5,0,0,0,1,1,5,1,62,9,999,1,1,4,1,4
2017140178409,2,9,0,18,0,0,0,0,0,0,3,1,5,1,70,10,1685,2,6,3,1,3
2017140178409,3,9,0,18,0,0,0,0,0,0,1,1,5,1,51,8,1499,2,1,2,1,2
2017140178422,1,9,0,9,0,0,0,0,0,0,3,1,5,1,55,8,1596,1,7,1,1,1
2017140178455,1,5,0,18,0,1,1,0,2,0,3,1,5,1,21,5,-1,-1,-1,4,1,4
2017140178455,2,9,0,7,0,5,0,0,0,0,0,1,6,3,-1,-1,-1,-1,-1,-1,-1,-1
2017140178484,1,9,0,18,0,0,0,0,5,0,1,1,2,1,24,5,1229,1,3,1,1,1
2017140178484,2,9,0,18,0,0,1,0,0,0,2,1,5,1,43,7,1995,2,2,10,2,10
2017140178511,1,9,0,18,0,0,0,0,0,0,1,1,6,3,20,4,1997,1,23,-1,-1,-1
2017140178511,2,9,0,4,0,0,0,0,0,0,2,1,6,1,25,5,1199,1,16,1,1,1
2017140178519,1,9,0,3,0,1,0,0,0,0,2,1,5,2,33,6,1598,1,9,2,1,2
2017140178519,2,9,0,9,0,1,0,0,0,0,1,1,6,3,-1,-1,-1,-1,-1,-1,-1,-1
2017140178524,1,9,0,18,0,2,0,0,0,0,3,1,5,1,34,6,1995,2,14,9,2,9
2017140178524,2,9,0,18,0,1,0,0,0,0,3,1,5,1,31,6,1799,1,10,7,1,7
2017140178531,1,9,0,7,0,1,0,11,0,0,2,1,2,1,58,9,1910,2,9,-1,-1,-1
2017140178531,2,9,0,18,0,1,0,0,0,0,1,1,2,1,52,8,1328,1,14,1,1,1
2017140178533,1,21,0,9,0,5,0,0,0,0,4,1,1,1,50,8,12740,2,-1,7,1,7
2017140178533,2,9,0,18,0,1,1,0,0,0,1,1,2,1,65,9,3164,1,29,6,3,6
2017140178558,1,9,0,4,0,1,0,0,0,0,1,1,6,1,20,4,1149,1,13,1,1,1
2017140178558,2,9,0,18,0,1,0,0,0,0,2,1,5,1,36,7,1685,2,1,7,1,7
2017140178566,1,9,0,18,0,8,0,0,7,0,4,1,5,2,25,5,1956,2,4,1,1,1
2017140178566,2,9,0,9,0,1,0,0,7,0,3,1,6,1,87,11,1299,1,15,5,1,5
2017140178575,1,9,0,13,0,0,0,0,0,0,1,1,2,1,36,7,1991,2,11,1,1,1
2017140178575,2,9,0,9,0,0,0,0,0,0,4,1,5,1,18,4,1364,1,10,5,2,5
2017140178576,1,9,0,9,0,8,0,0,0,0,4,1,2,2,25,5,1781,1,17,1,2,1
2017140178576,2,9,0,18,0,8,0,0,0,0,1,1,5,1,33,6,1461,2,12,3,1,3
2017140178596,1,9,0,18,0,1,0,0,0,0,3,1,6,2,48,8,1598,1,4,2,1,2
2017140178596,2,5,0,14,0,1,5,0,0,0,4,1,5,1,61,9,1170,1,-1,7,3,7
2017140178788,1,9,0,18,0,0,0,0,1,0,0,1,2,2,43,7,998,1,4,1,1,1
2017140178788,2,9,0,9,0,0,0,0,0,0,0,1,6,3,18,4,-1,-1,-1,-1,-1,-1
2017140178817,1,9,0,1,0,0,0,0,0,0,2,1,6,1,67,10,1582,2,4,4,1,4
2017140178826,1,9,0,18,0,0,1,4,7,0,3,1,6,1,44,7,1598,1,17,2,1,2
2017140178826,2,21,1,2,0,0,0,0,0,0,1,1,5,2,51,8,12780,2,10,-1,1,-1
2017140178833,1,9,0,17,0,0,0,0,0,0,1,1,6,2,26,6,1240,1,11,9,2,9
2017140178846,1,9,0,4,0,4,0,0,0,0,2,1,6,1,46,8,1598,1,14,5,1,5
2017140178846,2,9,0,5,0,4,0,0,0,0,2,1,2,2,30,6,1242,1,4,9,1,9
2017140178846,3,9,0,18,0,4,0,0,0,0,1,1,6,2,23,5,1248,1,1,-1,-1,-1
2017140178861,1,9,0,5,0,8,0,0,0,0,1,1,6,1,-1,-1,1560,2,-1,-1,-1,-1
2017140178893,1,9,0,3,0,0,0,0,0,0,2,1,1,1,57,9,1984,1,3,7,1,7
2017140178893,2,9,0,4,0,0,0,0,0,0,1,1,6,3,-1,-1,-1,-1,-1,-1,-1,-1
2017140178893,3,9,0,3,0,0,0,0,0,0,2,1,6,1,39,7,1997,2,4,9,1,9
2017140178950,1,9,0,18,0,0,5,0,0,0,4,1,5,2,47,8,796,1,15,-1,-1,-1
2017140178950,2,9,0,2,0,0,0,0,0,0,4,1,5,3,-1,-1,1598,1,10,-1,-1,-1
2017140178966,1,9,0,4,0,0,0,0,0,0,3,1,5,1,67,10,1560,2,5,1,1,1
2017140178966,2,1,0,18,0,0,0,0,0,0,0,1,5,2,15,3,-1,-1,-1,1,1,1
2017140179000,1,9,0,17,0,0,0,0,0,0,1,1,6,1,48,8,2143,2,6,7,1,7
2017140179000,2,9,0,16,0,0,0,0,0,0,1,1,6,1,23,5,1956,2,8,3,1,3
2017140179008,1,8,0,18,0,0,0,0,0,0,2,1,1,1,40,7,1998,2,9,1,1,1
2017140179008,2,9,0,18,0,0,0,0,0,0,1,1,6,3,-1,-1,1995,2,13,-1,-1,-1
2017140179012,1,9,0,7,0,3,1,0,0,0,1,1,1,1,39,7,1149,1,16,1,1,1
2017140179012,2,9,0,10,0,1,0,0,0,0,3,1,1,1,46,8,-1,-1,-1,8,1,8
2017140179324,1,9,0,18,0,0,0,0,0,0,4,1,6,1,35,6,1998,2,10,8,1,8
2017140179333,1,9,0,18,0,3,0,0,0,0,0,1,5,1,20,4,1242,1,5,4,1,4
2017140179358,1,9,0,5,0,6,0,0,0,0,1,1,5,1,75,10,1998,1,12,6,1,6
2017140179358,2,9,0,18,0,1,0,0,0,0,4,1,5,1,68,10,1296,1,11,2,1,2
2017140179382,1,9,0,18,0,0,1,0,0,0,3,1,6,2,21,5,998,1,12,7,2,7
2017140179382,2,21,1,11,0,0,0,0,0,0,4,1,1,1,51,8,12777,2,2,10,3,10
2017140179409,1,9,0,18,0,1,1,0,0,0,1,1,5,1,41,7,1910,2,12,2,1,2
2017140179409,2,9,0,18,0,1,0,0,0,0,4,1,5,2,34,6,1363,2,14,1,1,1
2017140179431,1,9,0,9,0,0,0,0,0,0,4,1,5,2,31,6,1956,2,7,-1,-1,-1
2017140179431,2,19,0,18,-1,0,0,0,0,0,1,1,5,3,-1,-1,1560,2,6,-1,-1,-1
2017140179680,1,11,0,4,0,1,0,0,0,0,1,1,1,1,24,5,4500,2,6,3,2,3
2017140179701,1,9,0,18,0,0,0,0,0,0,4,1,5,1,68,10,1242,1,-1,9,1,9
2017140179705,1,9,0,18,0,0,0,0,0,0,2,1,2,2,25,5,1198,1,8,-1,-1,-1
2017140179705,2,9,0,18,0,0,0,0,0,0,1,1,2,2,27,6,1364,1,13,9,3,9
2017140179744,1,9,0,18,0,1,1,0,0,0,1,1,2,1,31,6,1390,1,2,7,1,7
2017140179744,2,9,0,9,0,1,0,0,0,0,4,1,6,1,54,8,2231,2,10,7,1,7
2017140179744,3,9,0,3,0,1,0,0,0,0,1,1,1,1,25,5,1598,2,1,4,1,4
2017140179774,1,9,0,18,0,4,0,0,0,0,1,1,6,1,21,5,1956,2,8,9,2,9
2017140179774,2,9,0,18,0,4,0,0,0,0,2,1,6,1,35,6,1968,2,7,1,1,1
2017140179781,1,9,0,8,0,4,0,0,0,0,2,1,5,1,41,7,1582,2,7,3,1,3
2017140179781,2,19,0,7,0,4,0,0,0,0,1,1,1,1,63,9,1248,2,2,9,1,9
2017140179792,1,11,0,3,0,0,0,0,0,0,4,1,1,1,64,9,6871,2,9,8,1,8
2017140179802,1,9,0,5,6,0,0,0,0,0,1,1,5,1,26,6,1364,1,10,1,1,1
2017140179802,2,9,0,18,0,0,0,0,0,0,1,1,5,2,35,6,1991,2,12,1,1,1
2017140179824,1,9,0,9,0,8,0,0,0,0,1,1,5,1,52,8,1796,1,13,2,1,2
2017140179824,2,1,0,18,0,8,0,0,0,0,4,1,5,2,21,5,-1,-1,-1,6,1,6
2017140179852,1,9,0,18,0,1,0,0,0,0,4,1,6,2,41,7,1398,2,13,-1,-1,-1
2017140179852,2,9,0,9,0,1,0,0,0,0,1,1,6,1,21,5,1598,2,2,1,2,1
2017140179854,1,9,0,5,0,2,0,0,0,0,1,1,6,3,-1,-1,-1,-1,-1,-1,-1,-1
2017140179893,1,9,0,9,0,0,0,0,0,0,1,1,5,2,68,10,2184,2,11,2,3,2
2017140179893,2,9,0,14,0,0,1,0,7,4,1,1,6,1,21,5,1968,2,7,4,2,4
2017140179908,1,5,0,18,0,0,1,12,0,0,3,1,5,1,81,11,749,1,2,9,1,9
2017140179915,1,9,0,18,0,8,0,0,0,0,1,1,1,2,34,6,1598,1,8,8,1,8
2017140179915,2,1,0,18,0,8,0,0,0,0,1,1,6,1,16,4,-1,-1,-1,7,1,7
2017140179943,1,4,0,6,0,0,0,0,0,0,1,1,5,1,54,8,748,1,23,3,1,3
2017140179943,2,4,0,18,0,0,0,0,0,0,1,1,5,1,45,7,999,1,11,4,1,4
2017140179953,1,8,0,18,0,6,0,0,0,0,3,1,2,1,26,6,1896,2,9,2,1,2
2017140179953,2,9,0,18,0,1,0,0,4,6,1,1,1,1,34,6,1248,2,3,1,1,1
2017140179958,1,8,0,18,0,0,0,4,0,0,1,1,1,1,41,7,2402,2,12,1,1,1
2017140179958,2,9,0,2,0,0,0,0,0,0,2,1,6,3,-1,-1,-1,-1,-1,-1,-1,-1
2017140179958,3,9,0,2,0,0,0,0,0,0,2,1,6,3,-1,-1,-1,-1,-1,-1,-1,-1
2017140179958,4,9,0,2,0,0,0,0,0,0,2,1,6,3,-1,-1,-1,-1,-1,-1,-1,-1
2017140179962,1,3,0,18,0,8,0,0,0,0,3,1,2,1,25,5,125,1,1,3,1,3
2017140179962,2,9,0,10,0,8,0,0,0,0,1,1,2,1,47,8,1798,1,8,7,1,7
2017140179967,1,9,0,18,0,2,0,0,0,0,1,1,5,1,22,5,1598,1,2,2,1,2
2017140179980,1,9,0,18,0,1,0,0,0,0,1,1,5,1,21,5,1590,1,14,1,1,1
2017140179997,1,9,0,17,0,0,0,0,0,0,1,1,6,2,70,10,1968,2,4,6,1,6
2017140179997,2,9,0,16,0,0,0,0,0,0,1,1,6,3,-1,-1,-1,-1,-1,-1,-1,-1
2017140180038,1,9,0,18,0,8,0,0,0,0,1,1,5,1,41,7,1685,2,-1,3,1,3
2017140180038,2,9,0,7,0,8,0,0,0,0,4,1,5,1,40,7,1997,2,3,10,1,10
2017140180172,1,9,0,16,0,0,2,0,8,0,3,1,6,1,39,7,1199,1,15,3,2,3
2017140180198,1,9,0,18,0,1,0,0,0,0,1,1,5,1,21,5,999,1,19,6,3,6
2017140180198,2,9,0,18,0,1,0,0,1,0,1,1,5,1,22,5,1360,1,12,4,1,4
2017140180212,1,-1,0,1,0,0,0,0,0,0,2,1,6,3,-1,-1,-1,-1,-1,-1,-1,-1
2017140180231,1,5,0,18,0,0,0,0,0,0,1,1,5,1,29,6,883,1,12,5,1,5
2017140180231,2,9,0,18,0,0,0,0,0,0,3,1,2,1,32,6,1560,2,3,-1,-1,-1
2017140180237,1,9,0,18,0,0,1,0,2,0,1,1,5,1,24,5,1910,2,9,5,1,5
2017140180237,2,9,0,2,0,0,0,4,0,0,2,1,6,3,-1,-1,2987,2,6,-1,-1,-1
2017140180237,3,9,0,2,0,0,0,0,0,0,2,1,6,3,-1,-1,1999,1,12,-1,-1,-1
2017140180257,1,9,0,18,0,1,0,0,0,0,4,1,5,1,45,7,1998,2,12,1,1,1
2017140180257,2,98,0,18,0,1,5,0,0,0,1,1,6,3,-1,-1,-1,-1,-1,-1,-1,-1
2017140180263,1,8,0,5,0,0,0,0,0,0,1,1,2,1,52,8,1995,2,13,2,1,2
2017140180263,2,9,0,3,0,0,0,0,0,0,0,1,1,1,24,5,1896,2,11,1,1,1
2017140180263,3,1,0,18,0,0,0,0,0,0,1,1,6,1,47,8,-1,-1,-1,2,1,2
2017140180319,1,9,0,12,0,6,1,0,0,0,3,1,2,1,23,5,1686,2,15,-1,2,-1
2017140180319,2,9,0,18,0,2,0,0,0,0,4,1,2,1,35,6,1956,2,7,-1,-1,-1
2017140180319,3,9,0,18,0,2,0,0,5,0,4,1,5,1,50,8,1598,2,-1,-1,-1,-1
2017140180359,1,9,0,18,0,8,0,0,0,0,1,1,1,2,49,8,1968,2,4,7,1,7
2017140180359,2,9,0,18,0,8,0,0,0,0,1,1,2,2,27,6,2143,2,2,4,2,4
2017140180378,1,9,0,17,0,0,0,0,0,0,1,1,5,2,46,8,1198,1,3,1,1,1
2017140180378,2,9,0,16,0,0,0,0,0,0,1,1,5,1,61,9,1596,1,14,8,2,8
2017140180388,1,19,0,18,0,1,2,0,1,0,3,1,1,1,49,8,2198,2,2,4,1,4
2017140180388,2,9,0,18,0,1,0,0,0,0,1,1,1,2,36,7,1598,1,7,8,1,8
2017140180389,1,9,0,18,0,0,0,0,0,0,3,1,6,3,-1,-1,-1,-1,-1,-1,-1,-1
2017140180406,1,9,0,18,0,0,5,0,0,0,1,1,1,1,40,7,1341,1,14,1,1,1
2017140180589,1,9,0,18,0,0,0,0,0,0,1,1,5,1,56,9,1149,1,5,2,1,2
2017140180589,2,9,0,3,0,0,0,0,0,0,2,1,5,2,32,6,1364,1,8,1,1,1
2017140180589,3,9,0,3,0,0,0,0,0,0,2,1,5,2,53,8,1997,2,7,6,1,6
2017140180604,1,9,0,5,0,0,0,0,0,0,3,1,2,2,51,8,2497,2,12,10,1,10
2017140180604,2,9,0,14,0,0,5,0,0,0,4,1,1,1,18,4,1586,1,-1,10,1,10
2017140180617,1,9,0,11,0,0,1,0,0,0,1,1,5,1,21,5,1998,1,11,5,1,5
2017140180636,1,1,0,18,0,1,0,0,0,0,3,1,2,1,37,7,-1,-1,-1,9,1,9
2017140180636,2,9,0,11,0,1,0,0,0,0,4,1,2,1,20,4,1149,1,15,8,2,8
2017140180658,1,5,0,18,2,1,2,0,0,0,2,1,2,1,53,8,749,1,8,3,1,3
2017140180658,2,9,0,7,2,1,0,0,0,0,1,1,2,1,52,8,-1,-1,-1,9,1,9
2017140180673,1,11,0,17,0,0,0,0,0,0,0,1,1,1,29,6,7300,2,11,1,1,1
2017140180675,1,11,0,18,0,1,0,0,0,0,4,1,1,1,38,7,6871,2,9,3,1,3
2017140180696,1,11,0,18,0,8,0,0,0,0,1,1,1,1,57,9,7300,2,14,7,1,7
2017140180696,2,9,0,18,0,1,0,0,0,0,1,1,6,2,35,6,1560,2,7,1,1,1
2017140180707,1,9,0,9,0,5,0,0,0,0,1,1,6,1,27,6,1598,1,12,7,3,7
2017140180707,2,1,0,18,0,1,0,0,0,0,1,1,6,1,58,9,-1,-1,-1,9,1,9
2017140180723,1,9,0,18,0,1,0,0,0,0,4,1,2,2,51,8,998,1,4,6,1,6
2017140180723,2,9,0,5,0,6,0,0,1,0,1,1,1,1,51,8,-1,-1,-1,4,3,4
2017140180742,1,19,0,18,0,2,0,0,0,0,3,1,1,1,35,6,2143,2,3,10,1,10
2017140180742,2,9,0,7,0,2,1,0,1,0,4,1,6,2,65,9,1339,1,6,2,1,2
2017140180778,1,11,0,18,0,0,0,0,0,0,1,1,1,1,39,7,7300,2,15,1,1,1
2017140180780,1,9,0,18,0,0,0,0,0,0,1,1,5,2,51,8,1560,2,5,6,1,6
2017140180780,2,9,0,18,0,0,0,0,1,0,1,1,1,1,58,9,1998,8,-1,9,2,9
2017140180780,3,9,0,18,0,0,0,0,0,0,1,1,5,2,21,5,1328,1,11,7,1,7
2017140180787,1,3,0,18,0,8,1,4,0,0,1,1,5,1,24,5,-1,-1,-1,1,1,1
2017140180787,2,9,0,2,0,1,0,0,0,0,4,1,6,3,-1,-1,1229,1,9,-1,-1,-1
2017140180795,1,9,0,8,0,1,0,0,0,0,1,1,2,1,30,6,1997,1,2,4,1,4
2017140180795,2,1,0,18,0,1,0,0,0,0,1,1,5,2,15,3,-1,-1,-1,6,1,6
2017140180810,1,9,0,1,0,0,0,0,0,0,2,1,6,3,20,4,998,1,10,1,1,1
2017140180822,1,9,0,18,0,1,1,10,1,0,1,1,5,1,26,6,1995,2,13,1,1,1
2017140180833,1,9,0,18,0,2,0,0,0,0,1,1,5,2,44,7,1149,1,8,8,1,8
2017140180833,2,9,0,4,0,2,0,0,0,0,2,1,5,2,46,8,1596,1,12,6,1,6
2017140180833,3,9,0,4,0,2,0,0,0,0,2,1,5,1,68,10,-1,-1,-1,2,1,2
2017140180833,4,19,0,4,0,2,0,0,0,0,2,1,5,1,30,6,6692,2,7,4,1,4
2017140180847,1,9,0,18,0,2,1,0,7,0,1,1,6,1,19,4,-1,-1,-1,1,1,1
2017140180858,1,9,0,18,0,2,0,0,0,0,1,1,3,2,41,7,1997,2,1,2,1,2
2017140180863,1,90,0,18,0,0,0,0,0,0,1,1,1,1,33,6,9960,2,10,2,1,2
2017140180863,2,21,1,11,0,0,0,0,0,0,1,1,1,1,65,9,12740,2,7,-1,-1,-1
2017140181004,1,9,0,7,0,2,0,0,1,0,1,1,2,2,41,7,1124,1,15,5,1,5
2017140181004,2,9,0,2,0,1,0,0,0,0,0,1,5,1,22,5,1364,1,9,7,1,7
2017140181017,1,9,0,9,0,8,0,0,0,0,1,1,6,1,76,11,1796,1,9,8,1,8
2017140181017,2,1,0,9,0,8,0,0,0,0,1,1,6,1,66,10,-1,-1,-1,3,1,3
2017140181030,1,19,0,18,0,0,1,0,0,0,1,1,1,1,56,9,2198,2,10,2,1,2
2017140181030,2,9,0,18,0,0,0,0,0,0,2,1,6,1,57,9,1997,2,1,3,1,3
2017140181030,3,90,0,18,0,0,0,0,0,0,1,1,6,3,-1,-1,-1,-1,-1,-1,-1,-1
2017140181166,1,9,0,18,0,0,0,0,0,0,1,1,6,3,-1,-1,1398,2,3,-1,-1,-1
2017140181171,1,9,0,9,0,6,0,0,0,0,3,1,5,2,41,7,1598,2,4,10,1,10
2017140181171,2,9,0,18,0,1,0,0,0,0,1,1,5,2,46,8,1598,2,1,10,1,10
2017140181199,1,9,0,18,0,2,0,4,0,0,1,1,5,2,71,10,1108,1,14,4,1,4
2017140181199,2,9,0,2,0,2,0,0,0,0,2,1,6,3,-1,-1,1796,1,12,-1,-1,-1
2017140181199,3,9,0,18,0,1,0,0,0,0,3,1,3,1,58,9,1999,1,12,6,3,6
2017140181213,1,9,0,18,0,8,0,0,0,0,1,1,6,1,83,11,1591,1,1,1,1,1
2017140181213,2,9,0,18,0,8,0,0,0,0,3,1,5,1,47,8,1248,2,9,9,1,9
2017140181225,1,9,0,11,0,1,0,0,0,0,4,1,5,1,23,5,-1,-1,-1,1,1,1
2017140181225,2,90,0,18,9,1,0,0,0,0,1,1,5,1,14,3,-1,-1,-1,1,1,1
2017140181437,1,21,1,18,0,8,5,10,1,2,4,1,1,1,33,6,12419,2,4,1,1,1
2017140181458,1,21,0,5,6,6,0,0,0,0,0,1,5,1,49,8,7146,2,7,-1,-1,-1
2017140181581,1,1,0,18,0,2,0,0,0,0,4,1,2,1,41,7,-1,-1,-1,2,1,2
2017140181581,2,8,0,7,4,2,0,0,0,0,4,1,6,3,-1,-1,1968,2,5,-1,-1,-1
2017140181621,1,9,0,9,0,6,0,0,0,0,1,1,5,2,50,8,1999,1,11,10,1,10
2017140181621,2,1,0,18,0,1,0,0,0,0,1,1,5,1,-1,-1,-1,-1,-1,7,1,7
2017140181652,1,9,0,5,0,1,0,0,0,0,1,1,5,2,31,6,1200,1,4,3,1,3