Accident_Index,Vehicle_Reference,Vehicle_Type,Towing_and_Articulation,Vehicle_Manoeuvre,Vehicle_Location-Restricted_Lane,Junction_Location,Skidding_and_Overturning,Hit_Object_in_Carriageway,Vehicle_Leaving_Carriageway,Hit_Object_off_Carriageway,1st_Point_of_Impact,Was_Vehicle_Left_Hand_Drive?,Journey_Purpose_of_Driver,Sex_of_Driver,Age_of_Driver,Age_Band_of_Driver,Engine_Capacity_(CC),Propulsion_Code,Age_of_Vehicle,Driver_IMD_Decile,Driver_Home_Area_Type,Vehicle_IMD_Decile
2017140198557,1,9,0,1,0,0,0,0,0,0,2,1,6,3,67,10,2268,2,2,-1,-1,-1
2017140198565,1,9,0,18,0,2,0,0,0,0,3,1,2,2,51,8,998,1,12,5,1,5
2017140198565,2,11,0,2,0,1,0,0,0,0,0,1,1,1,51,8,4461,2,4,8,1,8
2017140198574,1,9,0,4,0,0,0,0,0,0,1,1,5,2,41,7,1360,1,14,1,1,1
2017140198590,1,9,0,13,0,0,0,0,0,0,0,1,5,1,31,6,1242,1,13,7,1,7
2017140198590,2,8,0,15,0,0,0,0,0,0,0,1,6,1,27,6,2143,2,4,-1,-1,-1
2017140198593,1,8,0,18,0,2,0,0,0,0,2,1,1,1,32,6,1896,2,9,1,1,1
2017140198593,2,9,0,18,0,2,0,0,0,0,1,1,6,3,-1,-1,1299,1,13,-1,-1,-1
2017140198752,1,9,0,18,0,1,0,0,0,0,1,1,5,2,37,7,1461,2,10,-1,-1,-1
2017140198752,2,19,0,9,0,2,0,0,0,0,0,1,6,3,-1,-1,1248,2,12,-1,-1,-1
2017140198881,1,90,0,18,0,1,5,0,0,0,1,1,1,1,57,9,350,1,2,4,1,4
2017140198881,2,9,0,18,0,1,0,0,0,0,2,1,6,1,21,5,1598,1,12,1,1,1
2017140198881,3,90,0,18,0,1,0,0,0,0,1,1,1,1,39,7,-1,-1,-1,4,1,4
2017140198986,1,9,0,18,0,8,0,0,0,0,3,1,5,1,69,10,1686,2,6,8,1,8
2017140198986,2,9,0,18,0,1,0,0,0,0,1,1,5,2,36,7,2000,1,12,9,1,9
2017140198992,1,9,0,18,0,1,0,0,0,0,1,1,5,1,44,7,1998,1,12,-1,-1,-1
2017140198992,2,9,0,18,0,1,0,0,0,0,1,1,5,1,82,11,1398,1,5,-1,-1,-1
2017140198994,1,9,0,10,0,5,0,0,0,0,2,1,2,2,23,5,1598,1,7,1,1,1
2017140198994,2,3,0,18,0,1,0,0,0,0,1,1,5,1,20,4,125,1,4,2,1,2
2017140198994,3,19,0,18,0,1,0,0,0,0,3,1,2,1,54,8,2198,2,4,7,1,7
2017140199047,1,9,0,1,0,0,0,0,0,0,2,1,6,3,-1,-1,-1,-1,-1,-1,-1,-1
2017140199123,1,9,0,18,0,0,0,0,0,0,4,1,2,2,69,10,1598,1,7,-1,-1,-1
2017140199239,1,9,0,9,0,2,0,0,0,0,2,1,6,2,42,7,1796,1,15,1,1,1
2017140199239,2,9,0,18,0,8,0,0,0,0,1,1,6,1,27,6,1560,2,11,3,1,3
2017140199342,1,2,0,18,0,0,0,0,0,0,1,1,6,1,16,4,49,1,-1,2,1,2
2017140199456,1,9,0,13,0,0,0,0,0,0,3,1,6,1,24,5,2494,1,15,4,1,4
2017140199456,2,9,0,4,0,0,0,0,0,0,3,1,6,2,32,6,1783,1,13,2,1,2
2017140199456,3,9,0,18,0,0,0,0,0,0,3,1,6,2,33,6,2231,2,9,2,1,2
2017140199550,1,21,0,11,0,3,0,0,0,0,1,1,1,1,50,8,12777,2,6,-1,-1,-1
2017140199550,2,9,0,18,0,8,0,0,0,0,3,1,5,2,39,7,1339,1,12,-1,-1,-1
2017140199577,1,9,0,18,0,0,0,0,0,0,2,1,2,1,28,6,1560,2,7,-1,-1,-1
2017140199577,2,9,0,4,0,0,0,0,0,0,2,1,5,1,27,6,1956,2,6,-1,-1,-1
2017140199577,3,9,0,4,0,0,0,0,0,0,2,1,2,2,33,6,2902,2,9,-1,-1,-1
2017140199577,4,9,0,18,0,0,0,0,0,0,1,1,2,1,40,7,999,1,1,-1,-1,-1
2017140199616,1,9,0,13,0,0,0,0,0,0,4,1,5,3,-1,-1,-1,-1,-1,-1,-1,-1
2017140199616,2,1,0,18,0,0,0,0,0,0,3,1,5,1,41,7,-1,-1,-1,-1,-1,-1
2017140199631,1,9,0,18,0,0,0,0,0,0,1,1,5,1,34,6,1598,2,6,-1,-1,-1
2017140199679,1,9,0,18,0,3,1,0,0,0,4,1,2,2,35,6,1896,2,13,-1,-1,-1
2017140199679,2,9,0,18,0,3,0,0,0,0,3,1,6,1,56,9,-1,-1,-1,-1,-1,-1
2017140199690,1,9,0,18,0,0,1,0,0,0,1,1,5,1,34,6,1968,2,1,1,1,1
2017140199718,1,9,0,7,0,1,0,0,0,0,1,1,6,3,-1,-1,1242,1,10,-1,-1,-1
2017140199718,2,1,0,18,0,1,0,0,0,0,1,1,6,1,14,3,-1,-1,-1,-1,-1,-1
2017140199729,1,22,0,5,9,8,0,0,0,0,1,1,6,1,56,9,-1,-1,-1,-1,-1,-1
2017140199729,2,9,0,5,0,8,0,0,0,0,3,1,6,3,48,8,1364,2,11,-1,-1,-1
2017140199769,1,9,0,4,0,1,0,0,0,0,1,1,2,2,36,7,1390,1,15,2,1,2
2017140199776,1,9,0,3,0,0,0,0,0,0,2,1,5,2,22,5,2979,1,2,-1,-1,-1
2017140199776,2,9,0,18,0,0,0,0,0,0,1,1,5,3,-1,-1,1968,2,11,-1,-1,-1
2017140199776,3,9,0,3,0,0,0,0,0,0,2,1,6,1,66,10,1591,1,2,-1,-1,-1
2017140199813,1,9,0,18,0,2,0,0,0,0,4,1,1,1,35,6,1596,1,16,3,1,3
2017140199834,1,9,0,18,0,1,0,0,0,0,1,1,6,1,37,7,-1,-1,-1,-1,-1,-1
2017140199834,2,9,0,18,0,1,0,0,0,0,1,1,5,2,20,4,1242,1,5,2,1,2
2017140199834,3,9,0,5,8,1,0,0,0,0,3,1,6,1,31,6,1461,2,2,1,1,1
2017140199842,1,9,0,18,0,1,0,0,0,0,1,1,6,2,19,4,1197,1,5,5,1,5
2017140199842,2,1,0,18,0,1,0,0,0,0,2,1,6,1,18,4,-1,-1,-1,1,1,1
2017140199910,1,9,0,7,0,6,0,0,0,0,2,1,6,2,43,7,1586,1,9,7,2,7
2017140199910,2,9,0,7,0,6,0,0,0,0,1,1,6,2,-1,-1,-1,-1,-1,-1,-1,-1
2017140199983,1,9,0,18,0,1,5,0,0,0,1,1,6,1,33,6,1560,2,12,2,1,2
2017140199983,2,9,0,18,0,2,0,4,0,0,4,1,6,2,54,8,1956,2,8,-1,-1,-1
2017140199983,3,9,0,18,0,2,0,0,0,0,3,1,6,2,57,9,1364,1,12,-1,-1,-1
2017140199983,4,9,0,2,0,2,0,0,0,0,3,1,6,3,-1,-1,1242,1,14,-1,-1,-1
2017140200011,1,9,0,18,0,1,0,0,0,0,2,1,5,1,23,5,1343,1,12,-1,-1,-1
2017140200011,2,9,0,18,0,1,0,0,0,0,1,1,5,1,20,4,1390,1,10,3,1,3
2017140200014,1,9,0,12,0,0,1,7,6,2,1,1,2,1,70,10,2143,2,1,-1,-1,-1
2017140200092,1,3,0,5,0,0,2,0,0,0,0,1,6,1,21,5,-1,-1,-1,-1,-1,-1
2017140200109,1,9,0,18,0,0,0,0,0,0,1,1,5,1,41,7,2993,2,7,-1,-1,-1
2017140200109,2,9,0,18,0,0,0,0,0,0,2,1,5,1,19,4,1198,1,7,-1,-1,-1
2017140200109,3,9,0,18,0,0,0,0,0,0,2,1,5,1,55,8,1910,2,8,-1,-1,-1
2017140200109,4,9,0,18,0,0,0,0,0,0,2,1,5,2,53,8,1242,1,7,-1,-1,-1
2017140200156,1,9,0,18,0,0,1,7,0,0,4,1,5,2,26,6,1686,2,12,-1,-1,-1
2017140200156,2,9,0,18,0,0,1,0,0,0,1,1,5,1,75,10,1364,1,-1,-1,-1,-1
2017140200169,1,9,0,18,0,1,0,0,0,0,1,1,5,1,36,7,2000,2,7,-1,-1,-1
2017140200169,2,1,0,18,0,1,0,0,0,0,2,1,5,1,28,6,-1,-1,-1,-1,-1,-1
2017140200402,1,9,0,18,0,8,1,0,0,0,3,1,1,1,23,5,-1,-1,-1,-1,-1,-1
2017140200402,2,9,0,18,0,8,0,0,0,0,1,1,6,2,45,7,2967,2,4,-1,-1,-1
2017140200449,1,9,0,18,0,1,0,0,0,0,1,1,5,2,72,10,1248,1,7,-1,-1,-1
2017140200449,2,9,0,18,0,1,0,10,0,0,1,1,5,3,-1,-1,-1,-1,-1,-1,-1,-1
2017140200593,1,9,0,7,0,1,0,0,0,0,4,1,5,2,79,11,1248,1,4,-1,-1,-1
2017140200593,2,1,0,18,0,1,0,0,0,0,1,1,5,1,17,4,-1,-1,-1,-1,-1,-1
2017140200605,1,9,0,3,0,1,0,0,0,0,4,1,5,1,60,9,1598,2,3,-1,-1,-1
2017140200605,2,9,0,18,0,1,0,0,0,0,1,1,6,3,-1,-1,1968,2,9,-1,-1,-1
2017140200944,1,9,0,4,0,0,0,0,0,0,2,1,1,1,43,7,1499,2,2,7,1,7
2017140200944,2,9,0,4,0,0,0,0,0,0,2,1,6,1,71,10,1896,2,14,4,1,4
2017140200944,3,9,0,18,0,0,0,0,0,0,2,1,5,2,26,6,1199,1,13,-1,-1,-1
2017140200944,4,20,0,18,0,0,0,0,0,0,1,1,1,1,53,8,-1,-1,-1,6,1,6
2017140200986,1,9,0,18,0,8,5,0,0,0,4,1,5,2,50,8,1753,2,11,1,1,1
2017140200986,2,9,0,18,0,6,0,0,1,0,1,1,5,1,77,11,1364,1,8,5,1,5
2017140201080,1,11,0,4,0,0,0,0,0,0,0,1,1,1,-1,-1,-1,-1,-1,-1,-1,-1
2017140201322,1,1,0,14,0,0,0,4,0,0,1,1,5,1,37,7,-1,-1,-1,9,1,9
2017140201322,2,9,0,2,0,0,0,0,0,0,2,1,6,1,35,6,-1,-1,-1,10,1,10
2017140201340,1,9,0,17,0,1,1,10,7,0,3,1,1,1,42,7,2993,2,1,1,1,1
2017140201731,1,9,0,18,0,8,0,0,0,0,1,1,1,2,38,7,1595,1,8,-1,-1,-1
2017140201731,2,9,0,18,0,8,0,0,0,0,1,1,1,2,34,6,1198,1,3,4,1,4
2017140201731,3,9,0,18,0,8,0,0,0,0,4,1,1,2,38,7,1753,2,13,-1,-1,-1
2017140201731,4,8,0,18,0,8,0,0,0,0,2,1,1,2,27,6,1386,1,14,-1,-1,-1
2017140201733,1,9,0,18,0,0,0,0,0,0,4,1,1,1,47,8,1686,2,3,-1,-1,-1
2017140201813,1,9,0,18,0,1,0,0,0,0,1,1,5,2,64,9,1461,2,3,-1,-1,-1
2017140201813,2,9,0,9,0,6,0,0,0,0,1,1,5,2,36,7,1396,1,5,-1,-1,-1
2017140201861,1,9,0,18,0,2,0,0,0,0,1,1,5,1,69,10,1896,2,9,-1,-1,-1
2017140201861,2,19,0,18,0,1,0,0,0,0,1,1,1,1,44,7,2143,2,-1,-1,-1,-1
2017140201887,1,9,0,18,0,0,0,0,0,0,1,1,2,2,57,9,2143,2,1,-1,-1,-1
2017140201917,1,9,0,9,0,1,0,0,0,0,3,1,6,1,56,9,1798,1,9,-1,-1,-1
2017140201917,2,9,0,13,0,1,0,0,7,0,1,1,1,1,45,7,1560,2,1,4,1,4
2017140202029,1,9,0,18,0,0,0,0,1,0,1,1,5,2,61,9,996,1,3,-1,-1,-1
2017140202029,2,9,0,18,0,0,5,0,1,0,1,1,6,2,35,6,1149,1,17,7,3,7
2017140202029,3,9,0,18,0,0,0,0,0,0,1,1,5,1,24,5,1197,1,3,-1,-1,-1
2017140202056,1,5,0,8,0,6,0,0,0,0,3,1,5,1,62,9,865,1,9,-1,-1,-1
2017140202056,2,9,0,7,0,6,0,0,0,0,1,1,5,2,24,5,1229,1,10,6,1,6
2017140202204,1,9,0,18,0,2,0,0,0,0,1,1,5,1,22,5,1582,2,7,-1,-1,-1
2017140202204,2,9,0,18,0,1,0,0,0,0,1,1,5,1,40,7,1598,1,1,-1,-1,-1
2017140202237,1,9,0,18,0,1,0,0,0,0,1,1,6,2,18,4,1240,1,12,7,1,7
2017140202237,2,9,0,7,0,1,0,0,0,0,3,1,6,1,31,6,1968,2,5,-1,-1,-1
2017140202238,1,9,0,18,0,0,0,0,0,0,4,1,6,2,37,7,973,1,16,-1,-1,-1
2017140202238,2,9,0,2,0,0,0,0,0,0,3,1,6,1,-1,-1,1968,2,6,-1,-1,-1
2017140202253,1,9,0,5,0,0,0,0,0,0,1,1,6,2,29,6,1796,1,11,-1,-1,-1
2017140202253,2,9,0,13,0,0,0,0,0,0,4,1,6,2,-1,-1,1896,2,9,-1,-1,-1
2017140202259,1,9,0,4,0,1,0,0,0,0,2,1,5,1,57,9,1968,2,-1,-1,-1,-1
2017140202259,2,9,0,18,0,1,0,0,0,0,1,1,6,1,21,5,1388,1,8,-1,-1,-1
2017140202276,1,9,0,4,0,1,0,0,0,0,2,1,5,2,68,10,1560,2,3,-1,-1,-1
2017140202276,2,20,0,18,0,1,0,0,0,0,1,1,1,1,50,8,-1,-1,-1,-1,-1,-1
2017140202283,1,9,0,18,0,0,0,0,0,0,2,1,6,1,36,7,2231,2,11,1,1,1
2017140202283,2,9,0,18,0,0,0,0,0,0,1,1,6,2,25,5,1390,1,3,-1,-1,-1
2017140202283,3,9,0,18,0,0,0,0,0,0,1,1,6,2,27,6,1199,2,5,-1,-1,-1
2017140202289,1,9,0,4,0,0,0,0,0,0,1,1,6,2,30,6,-1,-1,-1,-1,-1,-1
2017140202289,2,1,0,18,9,0,0,0,0,0,1,1,5,1,9,2,-1,-1,-1,-1,-1,-1
2017140202298,1,9,0,18,0,0,0,0,0,0,1,1,2,2,43,7,998,1,4,-1,-1,-1
2017140202336,1,2,0,4,0,4,1,10,0,0,3,1,2,1,21,5,125,1,2,-1,-1,-1
2017140202345,1,9,0,18,0,2,1,4,0,0,1,1,6,2,43,7,1997,2,9,-1,-1,-1
2017140202345,2,9,0,18,0,2,0,4,0,0,3,1,6,2,54,8,2720,2,12,-1,-1,-1
2017140202345,3,9,0,2,0,2,0,0,0,0,3,1,6,3,-1,-1,1598,1,9,-1,-1,-1
2017140202345,4,9,0,2,0,2,0,0,0,0,1,1,6,3,-1,-1,1299,1,12,-1,-1,-1
2017140202345,5,9,0,2,0,1,0,0,0,0,1,1,6,2,56,9,998,1,4,-1,-1,-1
2017140202385,1,5,0,14,0,1,0,0,7,0,1,1,6,1,29,6,1099,1,10,-1,-1,-1
2017140202385,2,9,0,9,0,2,0,0,0,0,4,1,2,2,35,6,-1,-1,-1,-1,-1,-1
2017140202385,3,9,0,3,0,1,0,0,0,0,0,1,6,1,19,4,1200,1,1,-1,-1,-1
2017140202756,1,9,0,18,0,0,1,0,7,11,1,1,5,2,23,5,1598,1,12,-1,-1,-1
2017140202763,1,9,0,5,0,0,0,0,0,0,1,1,3,2,29,6,1596,1,11,-1,-1,-1
2017140202763,2,9,0,18,0,0,0,0,0,0,1,1,6,1,20,4,2457,1,11,-1,-1,-1
2017140202793,1,9,0,18,0,1,0,0,0,0,4,1,3,1,61,9,1248,1,5,-1,-1,-1
2017140202818,1,19,0,4,0,1,0,0,0,0,1,1,5,1,49,8,2500,2,8,-1,-1,-1
2017140202954,1,9,0,18,0,0,0,0,0,0,4,1,5,1,52,8,1598,2,1,-1,-1,-1
2017140203423,1,9,0,5,0,4,0,0,0,0,1,1,6,1,-1,-1,-1,-1,-1,-1,-1,-1
2017140203426,1,97,0,18,0,1,2,4,1,0,1,1,6,1,20,4,-1,-1,-1,-1,-1,-1
2017140203426,2,9,0,2,0,2,0,0,0,0,2,1,6,3,-1,-1,-1,-1,-1,-1,-1,-1
2017140203477,1,9,0,18,0,1,0,0,0,0,2,1,5,2,22,5,1595,1,12,2,1,2
2017140203872,1,9,0,4,0,1,0,0,0,0,4,1,6,1,64,9,1364,1,3,4,1,4
2017140203872,2,9,0,18,0,8,0,0,0,0,1,1,6,1,29,6,1968,2,10,-1,-1,-1
2017140204066,1,2,0,18,0,0,2,0,0,0,1,1,6,1,25,5,599,1,16,8,1,8
2017140204066,2,9,0,18,0,0,0,0,0,0,2,1,5,1,38,7,1956,2,8,3,1,3
2017140204201,1,9,0,5,0,6,0,0,0,0,3,1,2,1,52,8,2148,2,9,3,1,3
2017140204201,2,1,0,18,0,1,0,0,0,0,1,1,6,1,54,8,-1,-1,-1,7,1,7
2017140204285,1,9,0,18,0,0,0,0,0,0,1,1,2,2,49,8,1422,2,9,5,1,5
2017140204285,2,1,0,18,0,0,0,0,0,0,1,1,6,1,11,3,-1,-1,-1,1,1,1
2017140204314,1,9,0,5,0,0,0,0,0,0,1,1,1,1,38,7,-1,-1,-1,1,1,1
2017140204314,2,9,0,18,0,0,0,0,0,0,4,1,1,2,19,4,1149,1,7,6,1,6
2017140204348,1,9,0,18,0,8,5,0,0,0,4,1,6,2,25,5,796,1,9,1,1,1
2017140204348,2,9,0,18,0,1,0,0,0,0,1,1,1,1,19,4,1242,1,14,1,1,1
2017140204369,1,3,0,17,0,4,0,0,0,0,3,1,5,1,48,8,125,1,4,10,1,10
2017140204369,2,9,0,5,0,4,0,0,0,0,3,1,3,2,50,8,1388,1,3,-1,-1,-1
2017140204571,1,19,0,18,0,0,0,0,0,0,4,1,1,1,52,8,2148,2,10,-1,-1,-1
2017140204666,1,9,0,18,0,1,0,0,0,0,4,1,6,1,57,9,2180,2,21,-1,-1,-1
2017140204666,2,9,0,5,0,6,0,0,7,0,1,1,6,1,33,6,1388,1,5,-1,-1,-1
2017140204710,1,9,0,7,0,0,0,0,0,0,1,1,1,2,46,8,1242,1,8,3,1,3
2017140204710,2,1,0,18,9,0,0,0,0,0,1,1,6,1,-1,-1,-1,-1,-1,-1,-1,-1
2017140204798,1,19,0,7,0,2,0,0,0,0,1,1,5,2,28,6,-1,-1,-1,-1,-1,-1
2017140204818,1,9,0,18,0,0,1,0,1,0,4,1,6,1,21,5,1895,1,17,-1,-1,-1
2017140204818,2,9,0,12,0,0,1,0,0,0,3,1,6,1,40,7,1968,2,12,2,1,2
2017140204987,1,9,0,16,0,1,0,0,0,0,1,1,5,1,76,11,2987,2,9,-1,-1,-1
2017140204987,2,1,0,17,0,1,0,0,0,0,1,1,6,1,54,8,-1,-1,-1,-1,-1,-1
2017140205205,1,9,0,9,0,1,0,0,0,0,1,1,5,2,27,6,1997,1,16,-1,-1,-1
2017140205205,2,5,0,18,0,1,1,0,0,0,0,1,6,1,61,9,1402,1,14,2,1,2
2017140205219,1,9,0,18,0,8,5,0,1,0,1,1,5,1,24,5,1499,2,-1,-1,-1,-1
2017140205219,2,9,0,18,0,1,0,0,0,0,1,1,5,2,53,8,1968,2,-1,-1,-1,-1
2017140205219,3,9,0,2,9,1,0,0,0,0,0,1,5,3,-1,-1,1796,1,15,-1,-1,-1
2017140205644,1,97,0,13,0,0,0,0,0,0,3,1,6,3,-1,-1,-1,-1,-1,-1,-1,-1
2017140205644,2,97,0,13,0,0,0,0,0,0,0,1,6,3,-1,-1,-1,-1,-1,-1,-1,-1
2017140205644,3,9,0,18,0,0,0,0,0,0,0,1,6,3,-1,-1,-1,-1,-1,-1,-1,-1
2017140205644,4,9,0,18,0,0,0,0,0,0,3,1,6,1,73,10,1396,1,16,-1,-1,-1
2017140205704,1,9,0,18,0,1,0,0,0,0,1,1,6,1,71,10,1339,1,2,-1,-1,-1
2017140205704,2,9,0,17,0,1,0,0,0,0,2,1,2,2,46,8,1149,1,12,-1,-1,-1
2017140205716,1,9,0,9,0,1,0,0,0,0,1,1,5,2,26,6,1242,1,3,-1,-1,-1
2017140205716,2,1,0,18,0,1,0,0,0,0,1,1,5,1,33,6,-1,-1,-1,-1,-1,-1
2017140205738,1,9,0,4,0,0,1,0,7,0,2,1,5,1,17,4,1197,1,4,-1,-1,-1
2017140205801,1,9,0,10,0,1,0,0,0,0,1,1,5,2,69,10,1560,2,5,-1,-1,-1
2017140205801,2,9,0,16,0,1,1,0,0,0,1,1,5,1,30,6,1968,2,11,1,1,1
2017140205811,1,9,0,5,0,6,0,0,0,0,1,1,5,1,17,4,1364,2,14,9,1,9
2017140205811,2,4,0,12,0,1,1,0,0,0,1,1,6,1,48,8,675,1,6,7,1,7
2017140205830,1,9,0,12,0,0,1,0,4,0,2,1,5,1,28,6,1968,2,1,7,1,7
2017140205830,2,9,0,18,0,0,1,0,0,0,1,1,5,2,41,7,1896,2,18,4,1,4
2017140205830,3,9,0,18,0,0,0,0,0,0,0,1,6,3,-1,-1,-1,-1,-1,-1,-1,-1
2017140205851,1,19,0,1,0,1,0,0,0,0,2,1,1,1,58,9,1753,2,4,-1,-1,-1
2017140205856,1,9,0,9,0,8,1,0,1,10,1,1,6,1,23,5,2495,2,19,-1,-1,-1
2017140205856,2,9,0,2,9,1,0,0,0,0,2,1,6,2,74,10,1497,8,-1,-1,-1,-1
2017140205856,3,9,0,2,0,1,0,0,0,0,0,1,1,1,21,5,2231,2,4,2,1,2
2017140206058,1,9,0,18,0,0,0,0,0,0,3,1,5,2,30,6,1560,2,10,-1,-1,-1
2017140206083,1,9,0,18,0,2,0,0,1,0,1,1,6,1,37,7,4172,1,17,-1,-1,-1
2017140206083,2,8,0,18,0,2,1,0,0,0,2,1,5,1,31,6,1997,2,11,-1,-1,-1
2017140206101,1,9,0,5,0,2,0,0,0,0,1,1,5,2,59,9,1296,1,10,-1,-1,-1
2017140206101,2,9,0,9,0,1,0,0,0,0,3,1,1,2,49,8,1560,2,1,-1,-1,-1
2017140206106,1,9,0,17,0,0,5,0,0,0,1,1,5,1,31,6,1910,2,10,-1,-1,-1
2017140206129,1,9,0,17,0,0,0,0,2,0,1,1,6,1,20,4,2435,1,13,10,1,10
2017140206220,1,8,0,5,0,0,0,0,0,0,0,1,6,1,21,5,1797,8,7,1,1,1
2017140206243,1,9,0,18,0,4,0,0,0,0,1,1,6,3,-1,-1,1995,2,11,-1,-1,-1
2017140206243,2,9,0,4,0,4,0,0,0,0,2,1,5,1,37,7,1968,2,7,-1,-1,-1
2017140206283,1,9,0,9,0,6,0,0,0,0,1,1,5,2,42,7,1198,1,13,-1,-1,-1
2017140206283,2,1,0,18,0,1,0,0,0,0,1,1,6,1,29,6,-1,-1,-1,-1,-1,-1
2017140206309,1,9,0,9,0,5,0,0,0,0,4,1,5,1,83,11,1242,1,3,-1,-1,-1
2017140206309,2,3,0,18,0,2,0,0,1,0,1,1,5,1,15,3,-1,-1,-1,-1,-1,-1
2017140206383,1,9,0,9,0,8,0,0,0,0,1,1,5,2,39,7,1995,2,12,7,1,7
2017140206383,2,1,0,18,0,1,0,0,0,0,1,1,5,1,14,3,-1,-1,-1,-1,-1,-1
2017140206500,1,9,0,2,0,0,0,0,0,0,3,1,5,2,30,6,1596,1,6,-1,-1,-1
2017140206500,2,9,0,18,0,0,0,4,0,0,1,1,5,3,70,10,999,1,1,2,1,2
2017140206525,1,9,0,18,0,1,0,0,2,0,1,1,5,1,23,5,1900,2,10,-1,-1,-1
2017140206525,2,9,0,9,0,6,0,0,0,0,3,1,6,1,76,11,1242,1,15,1,1,1
2017140206557,1,9,0,16,0,0,0,0,0,0,1,1,5,1,18,4,1248,1,4,-1,-1,-1
2017140206557,2,8,0,2,0,0,0,0,0,0,2,1,1,2,53,8,1896,2,9,-1,-1,-1
2017140206634,1,9,0,18,0,0,0,0,0,0,4,1,6,2,48,8,1248,1,5,-1,-1,-1
2017140206651,1,9,0,3,0,0,0,0,0,0,2,1,1,1,37,7,1598,1,12,-1,-1,-1
2017140206651,2,9,0,18,0,0,0,0,0,0,1,1,5,2,-1,-1,1397,1,8,2,2,2
2017140206655,1,9,0,18,0,1,0,0,0,0,2,1,5,2,47,8,1596,1,6,-1,-1,-1
2017140206655,2,9,0,18,0,1,0,0,0,0,1,1,5,2,37,7,998,1,3,-1,-1,-1
2017140206669,1,5,0,4,0,1,1,0,0,0,3,1,5,1,46,8,1165,1,14,-1,-1,-1
2017140206689,1,9,0,18,0,0,5,0,0,0,1,1,6,1,26,6,1299,1,13,-1,-1,-1
2017140206830,1,8,0,3,0,0,0,0,0,0,2,1,1,1,40,7,1997,2,6,-1,-1,-1
2017140206830,2,9,0,4,0,0,0,0,0,0,1,1,5,2,71,10,2000,2,13,-1,-1,-1
2017140206880,1,8,0,1,0,0,0,0,0,0,1,1,6,3,-1,-1,-1,-1,-1,-1,-1,-1
2017140206917,1,9,0,18,0,1,0,0,0,0,1,1,5,1,41,7,1895,1,17,-1,-1,-1
2017140206917,2,9,0,18,0,1,0,0,0,0,2,1,5,1,33,6,2979,1,13,-1,-1,-1
2017140206917,3,9,0,18,0,1,0,0,0,0,2,1,5,2,35,6,1339,1,10,-1,-1,-1
2017140206967,1,9,0,18,0,0,1,11,4,0,1,1,6,1,40,7,1598,2,6,10,1,10
2017140206967,2,9,0,18,0,0,0,0,0,0,1,1,6,1,73,10,1969,2,1,-1,-1,-1
2017140206967,3,98,0,18,0,0,0,0,0,0,1,1,6,1,69,10,-1,-1,-1,9,2,9
2017140206967,4,9,0,18,0,0,0,0,0,0,1,1,6,1,45,7,1969,2,1,-1,-1,-1
2017140207030,1,9,0,18,0,1,0,0,0,0,4,1,5,1,57,9,-1,-1,-1,-1,-1,-1
2017140207030,2,9,0,9,0,1,0,0,0,0,1,1,5,2,31,6,1870,2,12,-1,-1,-1
2017140207073,1,9,0,4,0,0,0,0,0,0,3,1,6,2,46,8,1422,2,12,-1,-1,-1
2017140207073,2,9,0,18,0,0,0,0,0,0,1,1,6,1,-1,-1,1396,1,15,-1,-1,-1
2017140207464,1,9,0,1,9,6,0,0,0,0,2,1,5,2,36,7,1598,1,11,1,1,1
2017140207676,1,9,0,5,0,4,0,0,0,0,2,1,5,1,51,8,1598,2,7,-1,-1,-1
2017140207676,2,9,0,5,0,4,0,0,0,0,1,1,5,1,41,7,1598,2,4,-1,-1,-1
2017140207755,1,9,0,18,0,0,0,0,0,0,1,1,1,2,28,6,1246,1,12,-1,-1,-1
2017140207834,1,9,0,18,0,0,0,0,0,0,1,1,2,2,37,7,1396,1,7,-1,-1,-1
2017140207836,1,8,0,16,0,2,1,0,0,0,4,1,1,1,33,6,1997,2,12,1,1,1
2017140207880,1,9,0,18,0,0,0,7,1,11,1,1,5,2,23,5,1363,2,15,-1,-1,-1
2017140207901,1,9,0,18,0,0,0,0,0,0,1,1,6,3,40,7,1596,1,10,-1,-1,-1
2017140207933,1,9,0,9,0,1,0,0,7,0,1,1,6,1,52,8,1781,1,11,-1,-1,-1
2017140208271,1,9,0,7,9,5,1,0,7,0,1,1,6,1,32,6,2261,1,10,-1,-1,-1
2017140208271,2,9,0,18,0,1,0,0,0,0,0,1,1,1,37,7,2993,2,4,1,1,1
2017140208316,1,9,0,5,9,0,0,0,0,0,1,1,2,2,47,8,1598,1,15,-1,-1,-1
2017140208375,1,9,0,18,0,0,0,0,0,0,1,1,5,1,47,8,1798,8,3,-1,-1,-1
2017140208375,2,9,0,18,0,0,0,0,1,0,1,1,5,1,41,7,1753,2,7,-1,-1,-1
2017140208375,3,20,0,18,0,0,0,0,0,0,1,1,1,1,44,7,-1,-1,-1,-1,-1,-1
2017140208375,4,9,0,18,0,0,0,0,0,0,2,1,2,1,21,5,1598,1,11,-1,-1,-1
2017140208375,5,19,0,18,0,0,0,0,1,0,1,1,1,1,22,5,1598,2,1,-1,-1,-1
2017140208529,1,1,0,18,0,6,0,0,0,0,2,1,6,1,29,6,-1,-1,-1,-1,-1,-1
2017140208529,2,9,0,7,0,6,0,0,0,0,1,1,6,3,60,9,-1,-1,-1,-1,-1,-1
2017140208866,1,9,0,17,0,0,5,10,2,0,4,1,6,1,38,7,1796,1,9,9,2,9