Accident_Index,Vehicle_Reference,Vehicle_Type,Towing_and_Articulation,Vehicle_Manoeuvre,Vehicle_Location-Restricted_Lane,Junction_Location,Skidding_and_Overturning,Hit_Object_in_Carriageway,Vehicle_Leaving_Carriageway,Hit_Object_off_Carriageway,1st_Point_of_Impact,Was_Vehicle_Left_Hand_Drive?,Journey_Purpose_of_Driver,Sex_of_Driver,Age_of_Driver,Age_Band_of_Driver,Engine_Capacity_(CC),Propulsion_Code,Age_of_Vehicle,Driver_IMD_Decile,Driver_Home_Area_Type,Vehicle_IMD_Decile
2017140209329,1,9,0,18,0,8,0,0,0,0,1,1,5,1,43,7,1600,1,13,-1,-1,-1
2017140209329,2,9,0,18,0,8,0,0,0,0,3,1,6,2,32,6,1968,2,1,-1,-1,-1
2017140209528,1,8,0,5,0,8,0,0,0,0,1,1,1,1,49,8,2402,2,13,-1,-1,-1
2017140209528,2,8,0,18,0,1,0,0,1,2,3,1,1,1,29,6,1950,2,1,-1,-1,-1
2017140209790,1,9,0,18,0,1,0,0,0,0,1,1,6,3,50,8,-1,-1,-1,-1,-1,-1
2017140209923,1,9,0,8,0,1,0,0,0,0,2,1,6,2,39,7,1968,2,5,-1,-1,-1
2017140209923,2,9,2,4,0,1,0,0,0,0,1,1,6,1,25,5,1229,1,4,-1,-1,-1
2017140210028,1,9,0,17,0,0,0,4,0,0,1,1,5,1,79,11,998,1,8,-1,-1,-1
2017140210028,2,9,0,18,0,0,0,0,0,0,1,1,5,3,33,6,1995,2,3,7,1,7
2017140210062,1,9,0,18,0,0,0,0,0,0,4,1,5,2,36,7,1198,1,2,-1,-1,-1
2017140210062,2,1,0,18,0,0,0,0,0,0,1,1,5,1,12,3,-1,-1,-1,-1,-1,-1
2017140210062,3,1,0,18,0,0,0,0,0,0,1,1,5,1,10,2,-1,-1,-1,-1,-1,-1
2017140210116,1,9,0,18,0,0,0,0,0,0,1,1,6,1,18,4,1997,2,15,-1,-1,-1
2017140210116,2,9,0,9,0,0,1,0,0,0,3,1,5,2,21,5,1422,2,10,-1,-1,-1
2017140210186,1,9,0,5,9,0,0,0,1,0,1,1,6,3,-1,-1,1388,1,14,-1,-1,-1
2017140210272,1,1,0,18,0,0,1,0,0,0,1,1,5,1,22,5,-1,-1,-1,-1,-1,-1
2017140210272,2,19,0,18,0,0,0,0,0,0,3,1,1,1,25,5,2143,2,2,-1,-1,-1
2017140210293,1,9,0,18,0,0,0,0,0,0,2,1,6,3,-1,-1,-1,-1,-1,-1,-1,-1
2017140210293,2,9,0,4,0,0,0,0,0,0,2,1,5,2,43,7,1124,1,16,-1,-1,-1
2017140210293,3,9,0,4,0,0,0,0,0,0,3,1,5,2,43,7,2261,1,13,-1,-1,-1
2017140210314,1,1,0,18,0,1,0,0,0,0,0,1,6,1,23,5,-1,-1,-1,-1,-1,-1
2017140210314,2,9,0,9,0,1,0,0,0,0,0,1,6,3,-1,-1,-1,-1,-1,-1,-1,-1
2017140210326,1,9,0,9,0,1,0,0,0,0,3,1,2,2,31,6,1598,1,17,-1,-1,-1
2017140210338,1,9,0,8,0,0,0,0,0,0,2,1,1,1,27,6,-1,-1,-1,-1,-1,-1
2017140210338,2,9,0,18,0,0,0,0,0,0,1,1,3,2,30,6,1998,1,11,-1,-1,-1
2017140210361,1,9,0,18,0,1,0,0,7,0,4,1,5,1,30,6,1598,2,7,-1,-1,-1
2017140210361,2,9,0,18,0,6,0,0,0,0,1,1,5,1,42,7,1984,2,8,-1,-1,-1
2017140210444,1,9,0,18,0,0,0,0,0,0,1,1,5,2,61,9,1997,1,14,-1,-1,-1
2017140210528,1,9,0,9,0,0,0,0,0,0,1,1,5,1,26,6,1197,1,2,-1,-1,-1
2017140210528,2,9,0,17,0,0,1,0,0,0,4,1,5,1,36,7,2148,2,9,-1,-1,-1
2017140210564,1,9,0,18,0,0,0,0,0,0,1,1,5,1,19,4,1910,2,9,-1,-1,-1
2017140210609,1,9,0,18,0,0,0,0,0,0,2,1,2,2,49,8,998,1,5,-1,-1,-1
2017140210609,2,9,0,18,0,0,0,0,0,0,1,1,2,1,37,7,1997,2,4,-1,-1,-1
2017140210633,1,9,0,18,0,0,0,0,0,0,1,1,3,2,29,6,-1,-1,-1,-1,-1,-1
2017140210633,2,9,0,18,0,0,0,0,1,0,3,1,6,2,38,7,1390,1,7,-1,-1,-1
2017140210666,1,2,0,13,0,0,0,0,0,0,1,1,5,2,18,4,49,1,2,-1,-1,-1
2017140210680,1,9,0,18,0,0,0,0,0,0,3,1,2,2,28,6,-1,-1,-1,6,1,6
2017140210680,2,19,0,18,0,0,0,0,0,0,4,1,6,3,-1,-1,1998,2,12,-1,-1,-1
2017140210726,1,9,0,9,0,0,0,0,0,0,4,1,6,2,31,6,1598,2,-1,-1,-1,-1
2017140210726,2,9,0,5,0,0,0,0,0,0,1,1,6,2,22,5,1596,1,11,-1,-1,-1
2017140210752,1,9,0,18,0,0,0,0,0,0,0,1,6,1,46,8,1598,1,14,-1,-1,-1
2017140210752,2,9,0,18,0,0,0,0,0,0,0,1,6,2,29,6,2198,2,12,-1,-1,-1
2017140210784,1,9,0,9,0,1,0,0,0,0,1,1,5,1,57,9,1461,2,15,-1,-1,-1
2017140210784,2,9,0,9,0,1,0,0,0,0,1,1,5,2,39,7,-1,-1,-1,-1,-1,-1
2017140210856,1,9,0,9,0,0,0,0,0,0,2,1,2,2,35,6,1339,1,8,-1,-1,-1
2017140210856,2,11,0,18,0,0,0,0,0,0,1,1,1,1,79,11,-1,2,21,-1,-1,-1
2017140210899,1,9,0,3,0,0,0,0,0,0,2,1,5,1,38,7,1242,1,16,1,1,1
2017140210899,2,9,0,4,0,0,0,0,0,0,1,1,5,1,22,5,1198,1,8,-1,-1,-1
2017140210970,1,9,0,2,0,0,0,0,0,0,3,1,6,3,-1,-1,-1,-1,-1,-1,-1,-1
2017140210970,2,9,0,2,0,0,0,0,1,0,2,1,6,1,41,7,1422,2,2,-1,-1,-1
2017140210970,3,9,0,2,0,0,0,0,1,0,3,1,6,2,24,5,1598,1,7,-1,-1,-1
2017140210970,4,9,0,18,0,0,0,0,0,0,1,1,6,3,-1,-1,2967,1,18,-1,-1,-1
2017140211083,1,9,0,18,0,0,0,0,0,0,1,1,5,1,18,4,1896,2,12,-1,-1,-1
2017140211083,2,9,0,18,0,0,0,0,0,0,1,1,6,1,60,9,1587,1,11,-1,-1,-1
2017140211115,1,21,0,14,0,0,0,0,0,0,1,1,1,1,46,8,12740,2,-1,-1,-1,-1
2017140211115,2,9,0,18,0,0,0,0,2,0,1,1,5,1,45,7,1999,1,12,-1,-1,-1
2017140211183,1,9,0,18,0,0,0,0,0,0,3,1,5,2,25,5,998,1,8,-1,-1,-1
2017140211468,1,11,0,4,0,0,0,0,3,0,1,1,1,2,44,7,4500,2,6,-1,-1,-1
2017140211468,2,9,0,18,0,0,0,0,0,0,1,1,5,1,58,9,2184,2,5,5,2,5
2017140211603,1,9,0,9,0,8,0,0,0,0,4,1,5,2,20,4,1229,1,12,-1,-1,-1
2017140211603,2,9,0,18,0,8,0,0,0,0,1,1,5,1,44,7,2171,1,12,-1,-1,-1
2017140211609,1,9,0,18,0,1,0,0,0,0,1,1,5,1,55,8,1388,1,4,-1,-1,-1
2017140211921,1,9,0,18,0,0,0,0,0,0,1,1,6,1,52,8,1988,2,13,-1,-1,-1
2017140211921,2,9,0,9,0,0,0,0,0,0,1,1,1,1,28,6,-1,-1,-1,-1,-1,-1
2017140211950,1,9,-1,-1,-1,-1,-1,-1,-1,0,-1,1,6,3,-1,-1,1242,1,12,-1,-1,-1
2017140211950,2,1,-1,-1,-1,-1,-1,-1,-1,0,-1,1,6,1,31,6,-1,-1,-1,-1,-1,-1
2017140212235,1,1,0,18,0,0,1,0,0,0,1,1,2,1,33,6,-1,-1,-1,-1,-1,-1
2017140212235,2,9,0,6,0,0,0,0,0,0,4,1,6,1,-1,-1,-1,-1,-1,-1,-1,-1
2017140212249,1,9,0,18,0,1,5,4,0,0,3,1,6,1,69,10,1587,1,22,-1,-1,-1
2017140212249,2,9,0,2,0,1,0,0,0,0,2,1,5,2,54,8,998,1,1,-1,-1,-1
2017140212249,3,9,0,2,0,1,0,0,0,0,2,1,5,2,29,6,1560,2,4,-1,-1,-1
2017140212291,1,4,0,4,0,1,0,0,0,0,3,1,6,1,65,9,250,1,17,1,1,1
2017140212291,2,9,0,9,0,5,1,0,0,0,1,1,6,2,21,5,1596,1,13,4,2,4
2017140212336,1,8,0,18,0,1,0,0,0,0,1,1,1,1,40,7,-1,-1,-1,-1,-1,-1
2017140212411,1,9,0,7,0,5,0,0,0,0,1,1,2,1,61,9,998,1,2,-1,-1,-1
2017140212521,1,9,0,18,0,0,1,4,0,0,1,1,5,1,27,6,1997,2,11,-1,-1,-1
2017140212521,2,9,0,2,0,0,0,0,0,0,1,1,6,1,21,5,1242,1,8,-1,-1,-1
2017140212521,3,9,0,2,0,0,0,0,0,0,1,1,6,1,47,8,1968,2,2,-1,-1,-1
2017140212521,4,9,0,2,0,0,0,0,0,0,1,1,6,1,47,8,4398,1,15,-1,-1,-1
2017140212521,5,9,0,2,0,0,0,0,0,0,1,1,6,1,69,10,1968,2,5,-1,-1,-1
2017140212553,1,9,0,18,0,2,0,0,0,0,1,1,5,1,27,6,1998,1,15,-1,-1,-1
2017140212553,2,9,0,9,0,6,0,0,0,0,3,1,5,1,53,8,1956,2,2,-1,-1,-1
2017140212565,1,9,0,18,0,0,2,10,1,0,3,1,5,1,23,5,-1,-1,-1,-1,-1,-1
2017140212570,1,9,0,9,0,8,0,0,0,0,1,1,2,2,33,6,1360,1,10,-1,-1,-1
2017140212570,2,3,0,18,0,8,0,0,0,0,1,1,2,1,19,4,124,1,4,-1,-1,-1
2017140212581,1,9,0,18,0,6,0,0,0,0,3,1,5,1,80,11,998,1,10,-1,-1,-1
2017140212602,1,9,0,12,0,8,5,0,1,0,3,1,6,1,22,5,1598,1,14,-1,-1,-1
2017140212602,2,9,0,18,0,8,0,0,0,0,4,1,6,2,47,8,1997,2,3,-1,-1,-1
2017140212632,1,9,0,18,0,0,1,0,0,0,1,1,2,1,36,7,1328,1,7,-1,-1,-1
2017140212632,2,9,0,12,0,0,0,0,0,0,0,1,6,3,-1,-1,-1,-1,-1,-1,-1,-1
2017140212632,3,20,0,12,0,0,0,0,0,0,0,1,6,3,-1,-1,-1,-1,-1,-1,-1,-1
2017140212655,1,9,0,7,0,0,0,0,0,0,1,1,5,1,34,6,1686,2,12,-1,-1,-1
2017140212655,2,1,0,18,0,0,0,0,0,0,1,1,5,1,55,8,-1,-1,-1,3,1,3
2017140212686,1,9,0,18,0,0,1,4,0,0,1,1,6,2,24,5,1229,1,10,-1,-1,-1
2017140212686,2,9,0,18,0,0,0,12,1,0,2,1,6,1,24,5,1968,2,5,-1,-1,-1
2017140212733,1,9,0,18,0,0,0,0,0,0,1,1,6,3,-1,-1,-1,-1,-1,-1,-1,-1
2017140212733,2,9,0,18,0,0,0,0,8,0,2,1,5,2,36,7,1598,1,7,-1,-1,-1
2017140212793,1,9,0,4,0,1,0,0,0,0,2,1,2,1,19,4,1329,1,6,-1,-1,-1
2017140212793,2,9,0,18,0,1,0,0,0,0,1,1,6,1,52,8,1248,2,4,-1,-1,-1
2017140212796,1,11,0,18,0,0,0,0,0,0,1,1,1,1,60,9,6700,2,1,-1,-1,-1
2017140212796,2,19,0,11,0,0,0,0,0,0,2,1,6,1,18,4,-1,-1,-1,-1,-1,-1
2017140212803,1,19,0,5,0,8,5,0,0,0,4,1,1,1,63,9,-1,-1,-1,-1,-1,-1
2017140212803,2,9,0,16,0,1,0,0,0,0,1,1,1,1,62,9,1596,1,10,-1,-1,-1
2017140212842,1,9,0,18,0,8,0,0,0,0,1,1,1,2,19,4,1461,2,-1,-1,-1,-1
2017140212842,2,1,0,18,0,8,0,0,0,0,1,1,6,1,54,8,-1,-1,-1,-1,-1,-1
2017140213011,1,9,0,18,0,0,0,0,0,0,1,1,5,1,25,5,-1,-1,-1,-1,-1,-1
2017140213011,2,9,0,18,0,0,0,0,0,0,2,1,1,1,42,7,1969,2,-1,-1,-1,-1
2017140213027,1,9,0,13,0,0,0,0,0,0,0,1,6,3,-1,-1,-1,-1,-1,-1,-1,-1
2017140213027,2,9,0,13,0,0,0,0,0,0,0,1,6,3,-1,-1,-1,-1,-1,-1,-1,-1
2017140213027,3,16,0,18,0,0,0,0,0,0,0,1,5,2,61,9,-1,-1,-1,-1,-1,-1
2017140213051,1,17,4,16,0,0,4,0,7,0,1,1,1,1,36,7,6788,2,3,-1,-1,-1
2017140213051,2,9,0,17,0,0,0,0,1,0,1,1,2,2,24,5,1968,2,8,-1,-1,-1
2017140213079,1,19,0,18,0,1,0,0,0,0,4,1,1,1,22,5,1248,2,2,-1,-1,-1
2017140213079,2,9,0,18,0,6,0,0,0,0,1,1,2,1,-1,-1,1968,2,4,-1,-1,-1
2017140213166,1,9,0,17,0,2,1,0,1,0,1,1,2,2,35,6,1360,1,16,-1,-1,-1
2017140213166,2,9,0,18,0,1,0,0,0,0,3,1,5,1,53,8,2902,2,12,-1,-1,-1
2017140213179,1,9,0,9,0,6,0,0,0,0,1,1,6,1,33,6,1986,2,11,-1,-1,-1
2017140213179,2,1,0,18,0,2,0,0,0,0,1,1,6,1,44,7,-1,-1,-1,-1,-1,-1
2017140213295,1,9,0,5,0,6,0,0,0,0,3,1,5,2,68,10,2179,2,6,-1,-1,-1
2017140213295,2,11,0,18,0,1,0,0,0,0,1,1,5,1,50,8,6871,2,9,-1,-1,-1
2017140213305,1,3,0,2,0,0,0,0,0,0,1,1,1,1,32,6,124,1,8,-1,-1,-1
2017140213305,2,8,0,1,0,0,0,0,0,0,2,1,6,3,-1,-1,-1,-1,-1,-1,-1,-1
2017140213324,1,9,0,18,0,1,0,0,0,0,4,1,5,2,75,10,2497,2,12,-1,-1,-1
2017140213344,1,9,0,18,0,1,0,0,0,0,1,1,5,1,45,7,1968,2,-1,-1,-1,-1
2017140213344,2,9,0,18,0,1,0,0,0,0,2,1,5,2,32,6,998,1,12,-1,-1,-1
2017140213370,1,9,0,7,0,1,0,0,1,0,4,1,6,1,48,8,1901,2,11,-1,-1,-1
2017140213370,2,21,0,12,0,4,0,0,0,0,3,1,1,1,63,9,12777,2,6,-1,-1,-1
2017140213393,1,9,0,18,0,3,0,0,0,0,1,1,2,1,22,5,1997,2,11,-1,-1,-1
2017140213393,2,5,0,18,0,3,5,0,0,0,4,1,6,1,64,9,1000,1,37,-1,-1,-1
2017140213495,1,9,0,5,0,2,0,0,0,0,4,1,6,2,31,6,1598,2,6,-1,-1,-1
2017140213495,2,1,0,18,0,1,0,0,0,0,1,1,5,1,15,3,-1,-1,-1,-1,-1,-1
2017140213503,1,9,0,9,0,8,0,0,0,0,4,1,5,1,18,4,1200,1,-1,-1,-1,-1
2017140213503,2,1,0,18,0,8,0,0,0,0,1,1,2,1,25,5,-1,-1,-1,-1,-1,-1
2017140213503,3,1,0,18,0,8,0,0,0,0,0,1,2,2,46,8,-1,-1,-1,-1,-1,-1
2017140213513,1,21,0,10,0,0,0,0,0,0,2,2,1,1,37,7,-1,-1,-1,-1,-1,-1
2017140213513,2,9,0,18,0,0,1,0,0,0,1,1,5,1,21,5,1229,1,12,-1,-1,-1
2017140213671,1,9,0,18,0,0,2,0,0,0,1,1,5,1,25,5,1679,1,16,1,1,1
2017140213767,1,9,0,3,0,0,0,0,0,0,2,1,6,1,33,6,1560,2,8,-1,-1,-1
2017140213767,2,9,0,3,0,0,0,0,0,0,1,1,6,3,-1,-1,-1,-1,-1,-1,-1,-1
2017140213793,1,9,0,18,0,0,1,4,1,0,1,1,6,1,24,5,-1,-1,-1,-1,-1,-1
2017140213793,2,9,0,18,0,0,1,0,1,0,1,1,5,2,29,6,1598,1,13,-1,-1,-1
2017140213797,1,9,0,18,0,0,0,0,0,0,4,1,5,2,55,8,1388,1,12,-1,-1,-1
2017140213797,2,9,0,9,0,0,0,0,0,0,1,1,6,1,-1,-1,1796,1,13,-1,-1,-1
2017140213806,1,20,0,18,0,2,0,0,0,0,3,1,1,1,44,7,-1,-1,-1,-1,-1,-1
2017140213806,2,9,0,18,0,2,0,0,5,0,1,1,5,2,47,8,1242,1,3,-1,-1,-1
2017140213815,1,9,0,9,0,1,0,0,0,0,3,1,2,1,31,6,1968,2,7,-1,-1,-1
2017140213819,1,9,0,18,0,0,0,0,0,0,1,1,6,2,66,10,2231,2,10,-1,-1,-1
2017140213826,1,9,0,18,0,1,1,0,0,0,3,1,6,1,60,9,1997,2,2,-1,-1,-1
2017140213826,2,9,0,18,0,1,0,0,0,0,3,1,1,1,45,7,-1,-1,-1,10,1,10
2017140213826,3,9,0,9,0,1,0,0,0,0,4,1,5,2,40,7,1596,1,11,-1,-1,-1
2017140213826,4,20,0,9,0,7,0,0,0,0,2,1,1,1,59,9,-1,-1,-1,-1,-1,-1
2017140213834,1,9,0,1,9,0,0,0,0,0,2,1,2,2,58,9,1597,1,20,-1,-1,-1
2017140213834,2,9,0,18,0,0,0,0,0,0,1,1,6,3,20,4,-1,-1,-1,-1,-1,-1
2017140213837,1,9,0,5,0,1,0,0,0,0,2,1,5,2,18,4,1299,1,13,-1,-1,-1
2017140213837,2,9,0,5,0,1,0,0,0,0,2,1,6,1,-1,-1,-1,-1,-1,-1,-1,-1
2017140213837,3,-1,0,18,0,1,0,0,0,0,1,1,6,3,-1,-1,-1,-1,-1,-1,-1,-1
2017140213852,1,9,0,18,0,2,0,0,0,0,4,1,1,1,26,6,1364,1,8,-1,-1,-1
2017140213852,2,1,0,18,0,7,0,0,0,0,1,1,6,1,-1,-1,-1,-1,-1,-1,-1,-1
2017140213861,1,9,0,18,0,0,0,0,0,0,4,1,6,2,44,7,1296,1,9,3,1,3
2017140213871,1,9,0,1,0,6,0,0,0,0,4,1,5,1,62,9,1870,2,11,-1,-1,-1
2017140213880,1,9,0,18,0,0,0,0,0,0,4,1,6,3,-1,-1,-1,-1,-1,-1,-1,-1
2017140213886,1,8,0,9,0,3,0,0,0,0,1,1,1,1,32,6,1997,2,12,2,1,2
2017140213990,1,9,0,7,0,1,0,0,0,0,2,1,6,2,32,6,-1,-1,-1,-1,-1,-1
2017140213990,2,9,0,18,0,1,0,0,0,0,1,1,6,1,19,4,-1,-1,-1,-1,-1,-1
2017140214153,1,9,0,18,0,0,0,0,0,0,1,1,5,1,49,8,1600,1,13,-1,-1,-1
2017140214153,2,9,0,9,0,0,0,0,7,0,4,1,5,2,30,6,998,1,6,-1,-1,-1
2017140214153,3,9,0,2,7,0,0,0,0,0,2,1,5,1,57,9,1796,1,16,-1,-1,-1
2017140214153,4,9,0,2,7,0,0,0,0,0,2,1,5,2,44,7,1248,2,2,-1,-1,-1
2017140214218,1,9,0,18,0,0,1,0,0,0,1,1,5,2,34,6,1364,1,12,-1,-1,-1
2017140214218,2,9,0,2,0,0,0,0,0,0,2,1,2,2,24,5,1560,2,5,-1,-1,-1
2017140214223,1,9,0,17,0,0,0,0,0,0,1,1,5,1,29,6,-1,-1,-1,-1,-1,-1
2017140214223,2,9,0,18,0,0,0,0,0,0,1,1,6,3,-1,-1,-1,-1,-1,-1,-1,-1
2017140214239,1,19,0,18,0,0,0,0,0,0,0,1,1,1,46,8,2998,2,1,-1,-1,-1
2017140214239,2,9,0,18,0,0,0,0,0,0,0,1,1,1,43,7,1968,2,1,7,1,7
2017140214277,1,9,0,18,0,0,5,0,7,0,1,1,2,1,49,8,-1,-1,-1,-1,-1,-1
2017140214285,1,9,0,5,0,5,0,0,0,0,1,1,5,2,37,7,1360,1,8,-1,-1,-1
2017140214285,2,1,0,18,0,1,0,0,0,0,1,1,1,1,36,7,-1,-1,-1,-1,-1,-1
2017140214303,1,9,0,18,0,0,0,0,0,0,1,1,1,1,20,4,1988,1,15,-1,-1,-1
2017140214303,2,19,0,9,0,0,0,0,0,0,4,1,1,1,25,5,1995,2,4,-1,-1,-1
2017140214321,1,19,0,18,0,1,0,0,1,0,1,1,6,1,81,11,2402,2,17,-1,-1,-1
2017140214321,2,9,0,9,0,1,0,0,0,0,4,1,5,2,81,11,1998,1,11,-1,-1,-1
2017140214328,1,9,0,18,0,0,0,0,0,0,2,1,6,1,69,10,1197,1,4,-1,-1,-1
2017140214328,2,19,0,18,0,0,0,0,0,0,1,1,6,1,-1,-1,-1,-1,-1,-1,-1,-1
2017140214347,1,9,0,18,0,1,1,0,1,0,1,1,6,1,28,6,1598,1,16,-1,-1,-1
2017140214369,1,9,0,18,0,0,1,0,0,0,1,1,6,1,30,6,2987,2,7,-1,-1,-1
2017140214369,2,11,0,18,0,0,0,0,0,0,3,1,1,1,56,9,10837,2,2,-1,-1,-1
2017140214466,1,9,0,17,0,2,0,0,0,0,1,1,5,1,43,7,2998,1,-1,-1,-1,-1
2017140214472,1,9,0,9,0,1,0,0,0,0,2,1,6,2,71,10,1198,1,4,-1,-1,-1
2017140214472,2,3,0,3,0,1,0,0,0,0,1,1,6,1,17,4,124,1,10,3,1,3
2017140214526,1,9,0,16,0,0,0,0,0,0,1,1,5,1,73,10,2179,2,6,-1,-1,-1
2017140214526,2,1,0,18,0,0,0,0,0,0,1,1,5,1,68,10,-1,-1,-1,-1,-1,-1
2017140214584,1,9,0,2,0,0,0,0,0,0,0,1,6,3,-1,-1,-1,-1,-1,-1,-1,-1
2017140214584,2,98,0,18,0,0,0,0,0,0,0,1,6,3,-1,-1,-1,-1,-1,-1,-1,-1
2017140214685,1,9,0,7,0,0,0,0,0,0,3,1,6,3,30,6,-1,-1,-1,-1,-1,-1
2017140214711,1,8,0,16,0,0,0,0,0,0,1,1,1,1,42,7,1362,1,4,-1,-1,-1
2017140214711,2,9,0,18,0,0,0,0,0,0,1,1,6,3,-1,-1,-1,-1,-1,-1,-1,-1
2017140214730,1,8,0,5,0,5,0,0,0,0,3,1,5,1,28,6,1560,2,5,10,1,10
2017140214730,2,9,0,18,0,1,0,0,0,0,1,1,5,1,22,5,1968,2,12,2,1,2
2017140214756,1,9,0,18,0,0,0,4,8,0,1,1,1,1,35,6,1995,2,2,-1,-1,-1
2017140214756,2,9,0,2,0,0,0,0,0,0,2,1,5,2,25,5,1598,1,10,-1,-1,-1
2017140214756,3,9,0,2,0,0,0,0,0,0,1,1,5,2,53,8,1499,1,2,-1,-1,-1
2017140214953,1,9,0,18,0,8,0,0,0,0,3,1,5,2,19,4,999,1,-1,-1,-1,-1
2017140214953,2,1,0,18,0,8,0,0,0,0,1,1,2,2,35,6,-1,-1,-1,-1,-1,-1
2017140214986,1,9,0,1,9,0,0,0,0,0,2,1,5,1,79,11,1360,1,9,-1,-1,-1
2017140215001,1,9,0,18,0,1,0,0,0,0,4,1,6,2,25,5,1198,1,7,-1,-1,-1
2017140215001,2,9,0,10,0,6,0,0,0,0,1,1,6,1,69,10,1798,1,3,-1,-1,-1
2017140215002,1,9,0,9,0,6,0,0,0,0,4,1,6,2,24,5,1596,1,4,-1,-1,-1
2017140215002,2,97,0,13,0,1,1,0,2,0,3,1,6,1,31,6,-1,-1,-1,-1,-1,-1
2017140215024,1,9,0,16,0,0,2,0,1,0,1,1,6,1,19,4,1299,1,16,-1,-1,-1
2017140215047,1,3,0,4,0,0,2,4,0,0,1,1,2,1,24,5,124,1,7,-1,-1,-1
2017140215047,2,9,0,18,0,0,0,0,0,0,2,1,6,1,53,8,1685,2,2,-1,-1,-1
2017140215100,1,19,0,18,0,0,0,0,0,0,1,1,1,1,49,8,2287,2,1,-1,-1,-1
2017140215128,1,9,0,18,0,1,0,0,0,0,1,1,6,2,50,8,2179,2,7,-1,-1,-1
2017140215128,2,9,0,15,0,2,0,0,0,0,1,1,6,1,26,6,2470,2,26,-1,-1,-1
2017140215140,1,1,0,18,0,0,0,2,1,0,1,1,5,1,51,8,-1,-1,-1,-1,-1,-1
2017140215154,1,-1,0,2,5,2,0,0,0,0,4,1,6,3,-1,-1,-1,-1,-1,-1,-1,-1
2017140215154,2,1,0,18,5,2,0,0,0,0,3,1,6,1,36,7,-1,-1,-1,-1,-1,-1
2017140215438,1,9,0,10,0,1,0,0,0,0,2,1,5,2,61,9,998,1,3,-1,-1,-1
2017140215438,2,9,0,18,0,1,0,0,0,0,1,1,6,1,-1,-1,1998,2,13,-1,-1,-1
2017140215455,1,9,0,18,0,1,0,0,0,0,1,1,5,2,21,5,1124,1,13,-1,-1,-1
2017140215455,2,9,0,18,0,1,0,0,0,0,1,1,5,2,44,7,2495,2,20,-1,-1,-1
2017140215480,1,9,0,18,0,0,5,0,7,0,1,1,5,1,21,5,1229,1,8,1,1,1
2017140215480,2,9,0,18,0,0,0,0,0,0,1,1,5,1,50,8,2993,2,5,-1,-1,-1
2017140215480,3,9,0,18,0,0,0,0,0,0,1,1,5,2,30,6,1598,1,14,-1,-1,-1
2017140215480,4,9,0,18,0,0,0,0,0,0,1,1,6,2,34,6,1242,1,9,7,1,7
2017140215593,1,9,0,18,0,8,0,0,0,0,1,1,2,1,26,6,1995,2,4,2,1,2
2017140215593,2,9,0,18,0,8,0,0,0,0,1,1,2,1,31,6,1794,1,12,7,1,7
2017140215593,3,9,0,15,0,8,0,0,0,0,1,1,6,2,37,7,1997,2,13,5,1,5
2017140215856,1,97,0,16,0,0,0,0,0,0,1,1,6,1,18,4,-1,-1,-1,-1,-1,-1
2017140215856,2,9,0,17,0,0,0,0,0,0,1,1,5,1,46,8,2143,2,3,7,3,7
2017140215879,1,9,0,18,0,1,0,0,0,0,1,1,6,2,37,7,1598,1,14,-1,-1,-1
2017140215879,2,9,0,3,0,6,0,0,0,0,3,1,5,2,26,6,1968,2,5,-1,-1,-1
2017140215886,1,9,0,4,0,1,0,0,0,0,2,1,5,1,27,6,1598,1,11,-1,-1,-1
2017140215886,2,9,0,4,0,1,0,0,0,0,1,1,5,1,45,7,1298,1,12,-1,-1,-1
2017140215917,1,9,0,9,0,8,0,0,0,0,1,1,2,1,36,7,1149,1,14,-1,-1,-1
2017140215917,2,9,0,18,0,8,0,0,0,0,1,1,5,1,39,7,1995,2,15,-1,-1,-1
2017140215948,1,1,0,18,0,2,0,0,0,0,1,1,5,2,51,8,-1,-1,-1,-1,-1,-1
2017140215948,2,9,0,9,0,2,0,0,0,0,1,1,6,1,21,5,1248,2,10,-1,-1,-1
2017140215962,1,9,0,18,0,0,0,0,0,0,1,1,2,2,29,6,999,1,3,-1,-1,-1
2017140215962,2,1,0,18,0,0,0,0,0,0,1,1,6,2,56,9,-1,-1,-1,-1,-1,-1
2017140215965,1,9,0,18,0,2,0,0,0,0,1,1,6,1,22,5,1396,1,16,-1,-1,-1
2017140215980,1,9,0,3,0,1,0,0,0,0,2,1,1,1,27,6,1995,2,10,-1,-1,-1
2017140215980,2,9,0,18,0,1,0,0,0,0,1,1,6,1,-1,-1,1390,1,11,-1,-1,-1
2017140215984,1,5,0,17,0,0,0,0,0,0,1,1,6,1,30,6,599,1,11,1,1,1
2017140215999,1,5,0,16,0,0,1,10,4,0,1,1,5,1,55,8,599,1,20,-1,-1,-1
2017140216003,1,9,0,9,0,2,0,0,0,0,3,1,1,1,55,8,1248,2,8,-1,-1,-1
2017140216003,2,2,0,14,0,1,0,0,0,0,1,1,1,1,16,4,49,1,16,-1,-1,-1
2017140216015,1,9,0,18,0,0,0,0,0,0,3,1,6,2,48,8,1390,1,12,-1,-1,-1
2017140216015,2,9,0,18,0,0,0,0,0,0,1,1,6,3,-1,-1,-1,-1,-1,-1,-1,-1
2017140216026,1,9,0,17,0,0,1,0,1,0,1,1,5,1,17,4,1398,2,8,-1,-1,-1
2017140216030,1,11,0,2,2,0,0,0,0,0,0,1,1,2,52,8,4461,2,4,-1,-1,-1
2017140216040,1,11,0,18,0,0,0,0,0,0,1,1,1,1,32,6,7300,2,15,-1,-1,-1
2017140216040,2,1,0,18,0,0,1,0,0,0,1,1,6,2,13,3,-1,-1,-1,-1,-1,-1