Accident_Index,Vehicle_Reference,Vehicle_Type,Towing_and_Articulation,Vehicle_Manoeuvre,Vehicle_Location-Restricted_Lane,Junction_Location,Skidding_and_Overturning,Hit_Object_in_Carriageway,Vehicle_Leaving_Carriageway,Hit_Object_off_Carriageway,1st_Point_of_Impact,Was_Vehicle_Left_Hand_Drive?,Journey_Purpose_of_Driver,Sex_of_Driver,Age_of_Driver,Age_Band_of_Driver,Engine_Capacity_(CC),Propulsion_Code,Age_of_Vehicle,Driver_IMD_Decile,Driver_Home_Area_Type,Vehicle_IMD_Decile
2017140222936,2,9,0,4,0,1,0,0,0,0,1,1,6,2,-1,-1,1995,2,6,-1,-1,-1
2017140222952,1,9,0,3,0,0,0,0,0,0,2,1,5,2,70,10,1242,1,1,9,1,9
2017140222952,2,9,0,18,0,0,0,0,0,0,1,1,6,3,-1,-1,999,1,-1,-1,-1,-1
2017140222963,1,9,0,18,9,8,0,0,0,0,0,1,5,1,32,6,1796,1,9,-1,-1,-1
2017140222963,2,9,0,9,0,8,0,0,0,0,0,1,6,3,17,4,-1,-1,-1,-1,-1,-1
2017140222974,1,19,0,18,0,0,0,4,0,0,1,1,5,1,27,6,2198,2,3,1,2,1
2017140222974,2,19,0,2,0,0,0,0,0,0,2,1,6,1,53,8,2500,2,20,-1,-1,-1
2017140222983,1,9,0,18,0,0,5,4,0,0,1,1,6,1,63,9,2835,2,24,6,1,6
2017140222983,2,9,0,2,0,0,0,0,0,0,1,1,6,3,-1,-1,-1,-1,-1,-1,-1,-1
2017140222983,3,9,0,2,0,0,0,0,0,0,4,1,6,3,-1,-1,-1,-1,-1,-1,-1,-1
2017140222999,1,5,0,16,0,4,0,0,0,0,2,1,5,1,47,8,998,1,1,9,1,9
2017140222999,2,9,0,18,0,4,0,0,0,0,1,1,6,3,-1,-1,-1,-1,-1,-1,-1,-1
2017140223002,1,9,0,18,0,0,0,0,0,0,2,1,6,1,83,11,1390,1,15,8,1,8
2017140223002,2,9,0,18,0,0,0,0,0,0,2,1,5,2,27,6,1398,1,1,7,3,7
2017140223002,3,9,0,4,0,0,0,0,0,0,2,1,5,2,27,6,1242,1,8,8,1,8
2017140223002,4,19,0,18,0,0,0,0,0,0,1,1,5,1,68,10,2198,2,6,4,1,4
2017140223008,1,9,0,18,0,1,0,0,0,0,1,1,1,1,36,7,1197,1,2,6,1,6
2017140223008,2,9,0,9,0,1,0,0,0,0,1,1,1,1,21,5,1199,1,14,1,1,1
2017140223065,1,9,0,3,0,4,0,0,0,0,2,1,2,1,44,7,1461,2,3,-1,-1,-1
2017140223065,2,9,0,18,0,1,0,0,0,0,1,1,6,1,-1,-1,2996,1,9,-1,-1,-1
2017140223131,1,9,0,4,0,0,0,0,0,0,2,1,5,1,26,6,1200,1,3,3,2,3
2017140223131,2,9,0,18,0,0,0,0,0,0,1,1,6,1,-1,-1,1968,2,9,7,1,7
2017140223149,1,9,0,18,0,0,0,0,0,0,1,1,6,3,-1,-1,-1,-1,-1,-1,-1,-1
2017140223226,1,9,0,18,0,0,0,0,0,0,1,1,6,3,-1,-1,-1,-1,-1,-1,-1,-1
2017140223262,1,9,0,10,0,1,0,0,0,0,2,1,5,2,39,7,998,1,6,-1,-1,-1
2017140223262,2,9,0,18,0,1,0,0,0,0,1,1,6,1,-1,-1,-1,-1,-1,-1,-1,-1
2017140223289,1,19,0,18,0,0,0,0,0,0,3,1,2,1,39,7,2198,2,1,-1,-1,-1
2017140223328,1,9,0,18,0,0,0,0,0,0,2,1,5,1,29,6,1968,2,5,-1,-1,-1
2017140223328,2,9,0,4,0,0,0,0,0,0,2,1,5,2,42,7,1997,2,12,-1,-1,-1
2017140223328,3,9,0,18,0,0,0,0,0,0,1,1,5,1,70,10,1997,2,2,-1,-1,-1
2017140223361,1,9,0,18,0,8,0,0,0,0,3,1,5,2,61,9,1969,2,2,8,1,8
2017140223361,2,9,0,18,0,8,0,0,0,0,4,1,1,1,37,7,1968,2,4,-1,-1,-1
2017140223365,1,9,0,1,0,0,0,0,0,0,2,1,5,1,38,7,1794,1,15,-1,-1,-1
2017140223405,1,1,0,18,0,2,2,0,0,0,0,1,6,1,68,10,-1,-1,-1,2,1,2
2017140223405,2,9,0,18,0,2,0,0,0,0,0,1,6,1,35,6,-1,-1,-1,-1,-1,-1
2017140223448,1,9,0,18,0,0,0,0,0,0,1,1,6,3,-1,-1,-1,-1,-1,-1,-1,-1
2017140223455,1,9,0,16,0,0,1,0,0,0,1,1,6,3,-1,-1,1560,2,9,-1,-1,-1
2017140223455,2,9,0,18,0,0,0,0,0,0,1,1,6,1,51,8,1798,1,10,3,2,3
2017140223455,3,9,0,4,0,0,0,0,0,0,1,1,6,1,20,4,1197,1,-1,6,1,6
2017140223466,1,9,0,5,0,6,0,0,0,0,4,1,5,2,64,9,1242,1,5,-1,-1,-1
2017140223466,2,3,0,18,0,1,0,0,0,0,3,1,5,1,47,8,124,1,7,6,1,6
2017140223471,1,19,0,18,0,0,0,0,0,0,3,1,5,1,41,7,1870,2,11,7,1,7
2017140223471,2,3,0,13,0,0,5,0,7,0,4,1,1,1,21,5,124,1,4,1,1,1
2017140223534,1,9,0,18,0,0,0,0,0,0,-1,1,6,1,-1,-1,1991,2,12,-1,-1,-1
2017140223534,2,3,0,18,0,0,0,0,0,0,-1,1,6,1,19,4,125,1,6,-1,-1,-1
2017140223615,1,9,0,16,0,1,0,0,0,0,2,1,5,2,29,6,1240,1,12,1,1,1
2017140223615,2,9,0,16,0,1,0,0,0,0,1,1,6,3,-1,-1,1598,1,15,-1,-1,-1
2017140223702,1,19,0,18,0,8,0,0,0,0,1,1,1,1,34,6,2198,2,3,-1,-1,-1
2017140223727,1,9,0,9,0,8,0,0,0,0,3,1,1,2,46,8,-1,-1,-1,-1,-1,-1
2017140223727,2,9,0,18,0,8,1,0,0,0,1,1,5,1,53,8,1798,1,5,-1,-1,-1
2017140223730,1,9,0,18,0,1,0,0,0,0,3,1,5,2,32,6,-1,-1,-1,1,1,1
2017140223730,2,9,0,18,0,1,0,0,0,0,4,1,6,3,28,6,-1,-1,-1,-1,-1,-1
2017140223801,1,11,0,5,0,1,0,0,0,0,0,1,1,1,46,8,4580,2,10,6,1,6
2017140223832,1,9,0,10,0,0,0,0,0,0,3,1,1,2,37,7,1900,2,10,-1,-1,-1
2017140223832,2,1,0,18,0,0,0,0,0,0,1,1,6,1,37,7,-1,-1,-1,-1,-1,-1
2017140223857,1,9,0,6,0,0,0,0,1,0,1,1,5,1,34,6,998,1,11,-1,-1,-1
2017140223857,2,9,0,18,0,0,1,0,0,0,1,1,5,2,26,6,1995,2,3,-1,-1,-1
2017140223896,1,9,0,16,0,0,0,0,0,0,3,1,6,3,-1,-1,-1,-1,-1,-1,-1,-1
2017140223920,1,9,0,5,0,6,0,0,0,0,4,1,5,1,28,6,1995,2,7,2,1,2
2017140223920,2,9,0,18,0,2,0,0,0,0,1,1,6,3,30,6,-1,-1,-1,-1,-1,-1
2017140223923,1,97,0,18,0,1,0,0,0,0,0,1,6,1,-1,-1,-1,-1,-1,-1,-1,-1
2017140223926,1,97,0,18,0,1,0,0,0,0,1,1,5,1,22,5,-1,-1,-1,-1,-1,-1
2017140223926,2,9,0,18,0,8,0,0,0,0,1,1,5,1,59,9,1197,1,3,1,1,1
2017140224011,1,9,0,6,0,2,0,0,0,0,3,1,2,2,21,5,1240,1,12,7,1,7
2017140224011,2,5,0,18,0,1,5,0,0,0,1,1,5,1,59,9,675,1,-1,5,3,5
2017140224115,1,9,0,18,0,8,0,0,0,0,1,1,2,1,41,7,1968,2,2,-1,-1,-1
2017140224115,2,9,0,18,0,8,0,0,0,0,1,1,2,1,20,4,1896,2,10,-1,-1,-1
2017140224259,1,9,0,18,9,0,0,0,1,0,1,1,1,1,23,5,1896,2,10,-1,-1,-1
2017140224319,1,9,0,17,0,1,0,0,0,0,3,1,1,2,47,8,2792,1,14,-1,-1,-1
2017140224319,2,9,0,16,0,1,0,0,0,0,1,1,6,3,-1,-1,2616,1,11,-1,-1,-1
2017140224471,1,3,0,18,0,1,0,0,0,0,1,1,2,1,25,5,124,1,2,-1,-1,-1
2017140224471,2,9,0,9,0,6,0,0,0,0,3,1,6,1,50,8,1994,1,12,-1,-1,-1
2017140224495,1,9,0,18,0,8,0,1,0,0,4,1,2,2,51,8,1598,1,3,7,1,7
2017140224495,2,9,0,18,0,8,0,1,0,0,1,1,6,1,39,7,-1,-1,-1,2,1,2
2017140224527,1,9,0,9,0,1,0,0,0,0,1,1,6,1,24,5,1598,2,1,-1,-1,-1
2017140224527,2,97,0,18,0,8,0,0,0,0,1,1,6,1,22,5,-1,-1,-1,2,1,2
2017140224546,1,9,0,12,0,2,0,0,0,0,1,1,5,1,25,5,1956,2,8,3,1,3
2017140224546,2,9,0,4,0,2,0,0,0,0,4,1,5,1,43,7,1798,1,8,7,2,7
2017140224555,1,9,0,9,0,1,0,0,0,0,3,1,5,2,77,11,1198,1,9,7,1,7
2017140224555,2,1,0,18,0,8,0,0,0,0,3,1,6,1,17,4,-1,-1,-1,6,1,6
2017140224567,1,11,0,18,0,0,0,0,0,0,1,1,1,1,34,6,5132,2,2,1,1,1
2017140224573,1,9,0,5,0,1,0,0,0,0,3,1,5,1,53,8,2231,2,4,-1,-1,-1
2017140224573,2,9,0,18,0,1,0,0,0,0,1,1,5,1,29,6,1995,2,14,-1,-1,-1
2017140224579,1,9,0,17,0,8,0,0,0,0,4,1,6,1,34,6,1590,1,15,3,1,3
2017140224579,2,1,0,17,0,8,0,0,0,0,2,1,6,2,43,7,-1,-1,-1,2,1,2
2017140224596,1,9,0,1,0,0,0,0,0,0,2,1,6,3,-1,-1,1905,2,22,-1,-1,-1
2017140224602,1,9,0,18,0,1,0,0,0,0,1,1,5,1,62,9,1794,1,15,6,1,6
2017140224602,2,19,0,9,0,1,0,0,0,0,1,1,5,1,30,6,2460,2,13,1,1,1
2017140224693,1,9,0,18,0,0,0,0,0,0,1,1,5,1,27,6,2993,2,1,-1,-1,-1
2017140224714,1,9,0,18,0,1,0,0,0,0,1,1,6,1,38,7,1796,1,11,-1,-1,-1
2017140224714,2,1,0,18,0,1,0,0,0,0,1,1,6,1,12,3,-1,-1,-1,-1,-1,-1
2017140225079,1,11,0,18,0,0,0,0,0,0,0,1,1,1,37,7,4461,2,4,-1,-1,-1
2017140225079,2,9,0,6,0,0,0,0,0,0,0,1,6,3,51,8,1968,2,3,-1,-1,-1
2017140225099,1,9,0,18,0,1,0,0,0,0,4,1,3,1,35,6,2179,2,4,-1,-1,-1
2017140225099,2,9,0,5,0,1,0,0,0,0,1,1,2,2,27,6,998,1,6,-1,-1,-1
2017140225576,1,8,0,18,0,0,1,0,0,0,1,1,1,1,41,7,1997,2,11,3,1,3
2017140225972,1,9,0,6,0,8,0,0,0,0,3,1,5,1,27,6,1598,1,7,1,1,1
2017140225972,2,5,0,14,0,8,0,0,0,0,4,1,5,1,50,8,885,1,22,2,1,2
2017140225987,1,3,0,2,0,3,1,0,0,0,1,1,2,1,31,6,124,1,-1,-1,-1,-1
2017140225987,2,9,0,18,0,3,1,0,0,0,1,1,2,2,22,5,1999,1,6,-1,-1,-1
2017140226036,1,9,0,9,0,6,0,0,0,0,3,1,5,2,69,10,1596,1,4,9,1,9
2017140226036,2,5,0,18,0,1,0,0,0,0,1,1,2,1,29,6,599,1,10,-1,-1,-1
2017140226075,1,9,0,9,0,8,0,0,0,0,3,1,1,1,45,7,-1,-1,-1,-1,-1,-1
2017140226075,2,5,0,14,0,8,0,0,7,0,4,1,5,1,19,4,598,1,24,-1,-1,-1
2017140226084,1,1,0,18,0,1,0,0,0,0,4,1,5,1,44,7,-1,-1,-1,9,1,9
2017140226084,2,9,0,18,0,6,0,0,0,0,1,1,6,1,40,7,1868,2,12,4,1,4
2017140226095,1,9,0,5,0,8,0,0,0,0,3,1,2,1,36,7,1995,2,6,-1,-1,-1
2017140226095,2,1,0,5,0,8,0,0,0,0,1,1,4,1,13,3,-1,-1,-1,-1,-1,-1
2017140226101,1,9,0,13,0,0,0,0,0,0,0,1,6,1,-1,-1,1798,1,10,-1,-1,-1
2017140226101,2,5,0,18,0,0,0,0,1,0,4,1,5,1,69,10,1340,1,26,4,1,4
2017140226243,1,1,0,16,0,0,0,0,0,0,2,1,6,1,34,6,-1,-1,-1,-1,-1,-1
2017140226243,2,9,0,18,0,0,0,0,0,0,1,1,6,3,-1,-1,-1,-1,-1,-1,-1,-1
2017140226280,1,9,0,18,0,8,0,0,0,0,3,1,2,2,52,8,1242,1,11,-1,-1,-1
2017140226343,1,9,0,4,0,1,0,0,0,0,3,1,5,2,53,8,1248,1,5,10,1,10
2017140226343,2,1,0,18,0,1,0,0,0,0,1,1,6,1,14,3,-1,-1,-1,-1,-1,-1
2017140226360,1,9,0,18,0,0,0,0,0,0,1,1,2,2,21,5,1397,1,7,6,1,6
2017140226360,2,20,0,1,0,0,0,0,0,0,2,1,6,1,57,9,2496,2,18,-1,-1,-1
2017140226366,1,11,0,5,0,0,0,0,0,0,0,1,1,1,57,9,6871,2,9,-1,-1,-1
2017140226401,1,9,0,18,0,0,0,0,0,0,1,1,2,1,33,6,1390,1,13,-1,-1,-1
2017140226401,2,9,0,5,8,0,0,0,0,0,1,1,6,1,49,8,1242,1,12,-1,-1,-1
2017140226422,1,9,0,18,0,1,0,0,0,0,3,1,5,1,24,5,-1,-1,-1,-1,-1,-1
2017140226422,2,20,0,5,0,1,0,0,0,0,1,1,6,3,-1,-1,-1,-1,-1,-1,-1,-1
2017140226432,1,9,0,18,0,0,2,0,0,0,4,1,4,2,17,4,1240,1,9,-1,-1,-1
2017140226432,2,9,0,2,0,0,0,0,0,0,2,1,3,1,47,8,2179,2,4,-1,-1,-1
2017140226459,1,9,0,5,0,6,0,0,0,0,3,1,5,1,83,11,998,1,1,10,1,10
2017140226459,2,5,0,18,0,8,0,0,0,0,1,1,1,1,47,8,1170,1,3,5,3,5
2017140226620,1,9,0,9,0,1,0,0,0,0,3,1,2,2,40,7,998,1,6,8,1,8
2017140226620,2,9,0,18,0,1,0,0,0,0,1,1,1,1,31,6,1968,2,9,2,1,2
2017140226640,1,9,0,18,0,8,0,7,0,0,4,1,5,1,35,6,1796,1,15,1,1,1
2017140226640,2,9,0,18,0,8,0,0,0,0,1,1,5,1,63,9,1968,2,3,8,1,8
2017140226640,3,9,0,3,0,1,0,0,0,0,1,1,5,1,51,8,1995,2,3,10,1,10
2017140226693,1,5,0,18,0,0,2,0,0,0,4,1,5,1,39,7,1064,1,11,2,1,2
2017140226693,2,8,0,11,0,0,0,0,0,0,0,1,6,3,-1,-1,-1,-1,-1,-1,-1,-1
2017140226701,1,9,0,18,0,0,0,0,0,0,2,1,1,2,31,6,1242,1,2,6,1,6
2017140226701,2,19,0,18,0,0,0,0,0,0,1,1,6,1,21,5,1560,2,11,2,1,2
2017140226719,1,9,0,18,0,2,1,0,0,0,1,1,1,1,31,6,1399,1,10,1,1,1
2017140226771,1,9,0,18,0,0,0,0,0,0,4,1,2,1,26,6,1995,2,4,-1,-1,-1
2017140226771,2,9,0,18,0,0,0,0,7,0,3,1,2,1,48,8,1598,1,13,-1,-1,-1
2017140227305,1,9,0,18,0,0,0,0,0,0,1,1,1,2,59,9,1560,2,3,1,1,1
2017140227323,1,9,0,18,0,1,0,0,0,0,1,1,5,1,51,8,1686,2,4,4,1,4
2017140227323,2,9,0,9,0,8,0,0,0,0,1,1,2,1,30,6,2993,2,12,4,3,4
2017140227517,1,21,0,18,0,0,0,0,0,0,3,1,2,1,39,7,-1,-1,-1,2,1,2
2017140227517,2,9,0,18,0,0,0,0,0,0,2,1,1,1,61,9,2198,1,12,2,1,2
2017140227554,1,9,0,18,0,8,0,0,0,0,1,1,5,1,45,7,1598,2,4,-1,-1,-1
2017140227554,2,9,0,18,0,8,0,0,0,0,1,1,5,2,38,7,1591,1,5,-1,-1,-1
2017140227555,1,9,0,18,0,0,5,0,1,0,1,1,6,1,33,6,1248,1,5,7,1,7
2017140227555,2,9,0,18,0,0,0,0,0,0,2,1,2,1,18,4,-1,-1,-1,9,1,9
2017140227656,1,9,0,3,0,4,0,0,0,0,2,1,6,2,45,7,1364,2,7,-1,-1,-1
2017140227656,2,9,0,18,0,1,1,0,0,0,1,1,6,1,29,6,1396,1,16,1,1,1
2017140227780,1,9,0,18,0,0,0,0,0,0,1,1,6,3,-1,-1,-1,-1,-1,-1,-1,-1
2017140227785,1,9,0,4,0,0,0,0,0,0,2,1,1,1,20,4,1461,2,1,8,1,8
2017140227785,2,19,0,18,0,0,0,0,0,0,1,1,6,3,-1,-1,1997,2,11,-1,-1,-1
2017140227805,1,9,0,18,0,0,0,0,0,0,1,1,2,1,36,7,1598,1,11,-1,-1,-1
2017140227813,1,9,0,9,0,2,0,0,0,0,4,1,2,1,23,5,1242,1,10,4,1,4
2017140227813,2,1,0,7,0,2,1,0,0,0,3,1,6,1,10,2,-1,-1,-1,-1,-1,-1
2017140227825,1,9,0,18,0,0,0,0,0,0,2,1,5,1,31,6,1560,2,-1,6,1,6
2017140227825,2,9,0,18,0,0,0,0,0,0,1,1,6,2,33,6,1390,1,7,-1,-1,-1
2017140227857,1,3,0,18,0,0,0,0,0,0,1,1,5,1,19,4,125,1,11,6,1,6
2017140227857,2,9,0,18,0,0,0,0,0,0,3,1,6,1,-1,-1,2148,2,8,5,1,5
2017140227886,1,5,0,18,0,0,0,0,0,0,1,1,5,1,53,8,650,1,16,7,1,7
2017140227908,1,9,0,9,0,0,0,0,0,0,3,1,5,1,25,5,1796,2,4,-1,-1,-1
2017140227908,2,5,0,13,0,0,0,0,7,0,1,1,5,1,35,6,1078,1,9,-1,-1,-1
2017140228166,1,90,0,18,0,1,0,0,0,0,1,1,1,1,24,5,-1,-1,-1,1,1,1
2017140228166,2,9,0,9,0,1,0,0,0,0,2,1,5,2,30,6,1598,1,14,3,1,3
2017140228166,3,9,0,9,0,1,0,0,0,0,2,1,5,2,30,6,1398,1,7,2,1,2
2017140228240,1,9,0,7,0,0,0,0,0,0,1,1,5,1,44,7,1900,2,18,6,1,6
2017140228240,2,1,0,7,0,0,5,0,0,0,4,1,2,1,45,7,-1,-1,-1,1,1,1
2017140228267,1,8,0,18,0,0,0,0,0,0,1,1,1,1,30,6,1995,2,4,-1,-1,-1
2017140228298,1,9,0,9,0,1,0,0,0,0,3,1,6,1,87,11,999,1,3,-1,-1,-1
2017140228298,2,5,0,13,0,1,0,0,0,0,1,1,6,1,45,7,598,1,27,-1,-1,-1
2017140228342,1,9,0,9,0,2,0,0,0,0,1,1,5,1,22,5,1390,1,15,-1,-1,-1
2017140228342,2,1,0,18,0,2,1,0,0,0,4,1,6,1,71,10,-1,-1,-1,-1,-1,-1
2017140228363,1,9,0,3,0,0,0,0,0,0,2,1,6,1,58,9,-1,-1,-1,-1,-1,-1
2017140228363,2,9,0,18,0,0,0,0,0,0,1,1,6,3,-1,-1,1360,1,14,-1,-1,-1
2017140228387,1,9,0,10,0,1,0,0,0,0,2,1,3,2,45,7,1997,2,8,-1,-1,-1
2017140228387,2,19,0,18,0,1,0,0,0,0,1,1,1,1,40,7,2198,2,5,-1,-1,-1
2017140228391,1,9,0,18,0,1,0,0,0,0,3,1,2,2,30,6,1461,2,4,8,1,8
2017140228394,1,9,0,18,0,0,0,0,0,0,4,1,6,3,-1,-1,-1,-1,-1,-1,-1,-1
2017140228404,1,11,0,18,0,0,0,0,0,0,3,1,1,2,34,6,3900,2,10,4,1,4
2017140228404,2,-1,0,18,0,0,0,0,0,0,3,1,6,1,35,6,-1,-1,-1,-1,-1,-1
2017140228410,1,8,0,18,0,1,0,0,0,0,1,1,1,1,51,8,1968,2,5,-1,-1,-1
2017140228602,1,98,1,18,0,1,0,0,0,0,1,1,1,1,33,6,-1,-1,-1,-1,-1,-1
2017140228602,2,9,0,18,0,1,0,0,0,0,4,1,1,1,56,9,1598,2,2,-1,-1,-1
2017140228622,1,9,0,9,0,1,0,0,0,0,1,1,1,1,53,8,-1,-1,-1,-1,-1,-1
2017140228622,2,9,0,18,0,1,5,0,7,0,4,1,5,1,62,9,1590,1,14,-1,-1,-1
2017140228626,1,19,0,18,0,0,0,0,4,0,1,1,1,1,54,8,1995,2,-1,-1,-1,-1
2017140228626,2,9,0,18,0,0,0,0,0,0,2,1,3,1,47,8,998,1,2,-1,-1,-1
2017140228640,1,9,0,18,0,0,0,0,0,0,1,1,6,3,-1,-1,1199,1,16,-1,-1,-1
2017140228640,2,9,0,17,0,0,0,0,0,0,3,1,1,2,60,9,998,1,10,-1,-1,-1
2017140228660,1,1,0,18,0,1,0,0,0,0,1,1,5,2,40,7,-1,-1,-1,2,1,2
2017140228660,2,98,0,13,0,1,0,0,0,0,4,1,6,3,-1,-1,-1,-1,-1,-1,-1,-1
2017140228665,1,9,0,9,0,1,0,0,0,0,1,1,2,2,50,8,1995,2,1,-1,-1,-1
2017140228665,2,9,0,18,0,1,0,0,0,0,1,1,5,1,26,6,1199,1,18,-1,-1,-1
2017140228832,1,8,0,13,0,0,0,0,1,0,1,1,1,1,36,7,2231,2,7,1,1,1
2017140228832,2,8,0,2,0,0,0,0,0,0,1,1,1,1,72,10,1685,2,5,-1,-1,-1
2017140228867,1,9,0,18,0,0,0,0,7,0,1,1,6,1,62,9,1398,1,15,6,1,6
2017140228888,1,19,0,7,0,2,0,0,0,0,2,1,6,1,50,8,2198,2,2,7,1,7
2017140228888,2,9,0,18,0,2,0,0,0,0,1,1,6,1,26,6,1910,2,9,1,1,1
2017140229035,1,8,0,18,0,0,0,0,0,0,1,1,5,1,29,6,1910,2,9,1,1,1
2017140229079,1,9,0,4,0,1,0,0,0,0,2,1,5,1,21,5,2179,2,6,2,1,2
2017140229079,2,3,0,14,0,1,2,0,0,0,1,1,5,1,22,5,-1,-1,-1,2,1,2
2017140229085,1,9,0,18,0,0,0,0,1,11,1,1,5,2,20,4,1242,1,14,-1,-1,-1
2017140229094,1,9,0,18,0,0,0,0,0,0,1,1,6,2,37,7,1364,1,10,-1,-1,-1
2017140229094,2,9,0,18,0,0,0,0,0,0,1,1,6,1,48,8,1796,1,13,-1,-1,-1
2017140229211,1,9,0,18,0,1,0,0,0,0,1,1,5,1,36,7,1998,8,3,-1,-1,-1
2017140229254,1,21,0,9,0,5,0,0,0,0,3,1,1,1,51,8,6692,2,9,-1,-1,-1
2017140229254,2,3,0,13,0,1,0,0,7,0,1,1,2,2,19,4,125,1,-1,-1,-1,-1
2017140229267,1,9,0,9,0,5,0,0,0,0,1,1,6,1,40,7,1798,1,10,-1,-1,-1
2017140229267,2,1,0,18,4,8,0,0,0,0,1,1,1,2,35,6,-1,-1,-1,-1,-1,-1
2017140229270,1,9,0,18,0,8,0,0,0,0,4,1,5,1,60,9,1598,2,5,2,1,2
2017140229270,2,9,0,18,0,8,0,0,0,0,3,1,5,1,49,8,2000,2,6,3,1,3
2017140229284,1,97,0,18,0,6,0,0,0,0,1,1,6,1,22,5,-1,-1,-1,5,3,5
2017140229284,2,9,0,18,0,1,0,0,0,0,4,1,5,2,35,6,998,1,4,-1,-1,-1
2017140229294,1,9,0,18,0,2,0,0,0,0,3,1,2,2,50,8,1242,1,7,-1,-1,-1
2017140229317,1,9,0,18,0,0,0,0,0,0,3,1,5,1,21,5,1896,2,9,2,1,2
2017140229325,1,9,0,18,0,0,0,0,0,0,1,1,6,1,35,6,-1,-1,-1,-1,-1,-1
2017140229628,1,9,0,4,0,0,0,0,0,0,1,1,3,2,25,5,1499,2,2,6,1,6
2017140229628,2,9,0,18,0,0,0,0,0,0,2,1,6,1,28,6,1956,2,7,3,1,3
2017140229645,1,9,0,11,0,8,0,0,0,0,2,1,5,1,74,10,1229,1,4,-1,-1,-1
2017140229645,2,9,0,5,0,8,0,0,0,0,1,1,5,1,52,8,1796,1,5,-1,-1,-1
2017140229645,3,9,0,18,0,8,0,0,0,0,0,1,2,3,32,6,2198,2,13,-1,-1,-1
2017140229668,1,9,0,17,0,4,0,0,0,0,3,1,2,1,47,8,1198,1,7,-1,-1,-1
2017140229668,2,1,0,18,0,4,0,0,0,0,1,1,6,1,39,7,-1,-1,-1,-1,-1,-1
2017140229731,1,9,0,5,0,2,0,0,0,0,1,1,1,2,70,10,2993,2,9,7,1,7
2017140229764,1,19,0,9,0,5,0,0,0,0,1,1,1,1,27,6,1968,2,5,-1,-1,-1
2017140229764,2,9,0,18,0,8,1,0,0,0,1,1,5,2,27,6,1398,1,14,-1,-1,-1
2017140229782,1,9,0,18,0,0,0,0,0,0,2,1,5,2,28,6,2143,2,4,-1,-1,-1
2017140229782,2,9,0,18,0,0,0,0,0,0,1,1,6,1,24,5,1995,2,12,-1,-1,-1
2017140229782,3,9,0,18,0,0,0,0,1,0,1,1,5,1,47,8,1910,2,11,-1,-1,-1
2017140229867,1,9,0,5,0,6,0,0,0,0,1,1,5,2,40,7,2143,2,4,-1,-1,-1
2017140229867,2,5,0,18,0,8,0,0,0,0,1,1,5,1,64,9,999,1,17,-1,-1,-1
2017140229874,1,9,0,18,0,0,0,0,1,0,1,1,6,3,-1,-1,1999,2,-1,-1,-1,-1
2017140229874,2,9,0,4,0,0,0,0,0,0,1,1,1,2,43,7,2967,2,3,1,1,1
2017140229878,1,9,0,4,0,0,0,0,0,0,2,1,1,2,40,7,1499,2,1,-1,-1,-1
2017140229878,2,9,0,4,0,0,0,0,0,0,2,1,1,1,64,9,-1,-1,-1,-1,-1,-1
2017140229878,3,19,0,18,0,0,0,0,0,0,2,1,1,1,58,9,1598,2,2,-1,-1,-1
2017140229878,4,9,0,18,0,0,0,0,0,0,2,1,1,1,46,8,2199,2,1,-1,-1,-1
2017140229878,5,9,0,18,0,0,0,0,0,0,1,1,5,2,24,5,1388,1,14,-1,-1,-1
2017140229878,6,9,0,18,0,0,0,0,0,0,1,1,5,1,23,5,2204,2,11,6,2,6
2017140229882,1,5,0,16,0,1,1,0,0,0,1,1,6,1,28,6,849,1,22,2,1,2
2017140229882,2,21,0,7,0,8,0,0,0,0,1,1,1,1,74,10,-1,2,14,10,3,10
2017140229890,1,9,0,18,0,0,0,0,1,0,4,1,5,1,76,11,1586,1,3,9,3,9
2017140229903,1,9,0,18,0,8,0,0,0,0,1,1,1,1,32,6,1390,1,8,-1,-1,-1
2017140229903,2,9,0,18,0,8,0,0,0,0,4,1,1,2,57,9,1997,2,9,-1,-1,-1
2017140229936,1,11,0,9,0,8,0,0,0,0,0,1,1,1,60,9,4500,2,7,-1,-1,-1
2017140230078,1,9,0,18,0,0,1,0,0,0,3,1,1,1,36,7,1560,2,-1,1,1,1
2017140230078,2,19,0,6,0,0,0,0,0,0,4,1,6,1,42,7,2402,2,6,2,1,2
2017140230088,1,9,4,17,0,0,3,0,0,0,4,1,5,1,33,6,2495,2,20,4,1,4
2017140230088,2,9,0,18,0,0,0,0,0,0,1,1,2,2,52,8,1591,1,8,8,1,8
2017140230088,3,9,0,18,0,0,0,0,0,0,4,1,2,1,45,7,1968,2,9,-1,-1,-1
2017140230114,1,9,0,5,0,6,0,0,0,0,1,1,1,2,35,6,1398,1,2,5,1,5
2017140230114,2,9,0,18,0,1,0,0,0,0,1,1,6,1,30,6,1368,1,7,-1,-1,-1
2017140230114,3,9,0,2,0,2,0,0,0,0,2,1,6,3,30,6,2497,2,11,-1,-1,-1
2017140230154,1,3,0,18,0,0,1,0,0,0,3,1,2,1,48,8,124,1,3,-1,-1,-1
2017140230154,2,-1,0,9,0,0,0,0,0,0,0,1,6,3,-1,-1,-1,-1,-1,-1,-1,-1
2017140230175,1,9,0,18,0,8,1,0,0,0,4,1,6,2,44,7,1596,1,14,2,1,2
2017140230175,2,9,0,18,0,8,0,0,0,0,1,1,6,1,24,5,1991,1,-1,5,1,5