Accident_Index,Vehicle_Reference,Vehicle_Type,Towing_and_Articulation,Vehicle_Manoeuvre,Vehicle_Location-Restricted_Lane,Junction_Location,Skidding_and_Overturning,Hit_Object_in_Carriageway,Vehicle_Leaving_Carriageway,Hit_Object_off_Carriageway,1st_Point_of_Impact,Was_Vehicle_Left_Hand_Drive?,Journey_Purpose_of_Driver,Sex_of_Driver,Age_of_Driver,Age_Band_of_Driver,Engine_Capacity_(CC),Propulsion_Code,Age_of_Vehicle,Driver_IMD_Decile,Driver_Home_Area_Type,Vehicle_IMD_Decile
2017140230175,3,9,0,18,0,8,1,0,0,0,1,1,6,2,41,7,1598,1,9,2,1,2
2017140230195,1,9,0,9,0,0,0,0,0,0,1,1,2,1,57,9,1798,8,2,-1,-1,-1
2017140230195,2,2,0,18,0,0,0,0,0,0,4,1,6,1,34,6,49,1,5,-1,-1,-1
2017140230206,1,90,0,18,0,8,0,0,0,0,1,1,1,1,36,7,2987,2,3,-1,-1,-1
2017140230206,2,9,0,18,0,8,0,0,0,0,4,1,6,1,53,8,1587,1,11,-1,-1,-1
2017140230210,1,1,0,18,0,0,0,0,0,0,3,1,6,1,52,8,-1,-1,-1,10,1,10
2017140230210,2,9,0,18,0,0,0,0,0,0,4,1,6,3,-1,-1,-1,-1,-1,-1,-1,-1
2017140230218,1,19,0,18,0,1,0,0,0,0,1,1,2,1,38,7,2402,2,9,-1,-1,-1
2017140230218,2,9,0,18,0,2,0,0,0,0,4,1,5,2,35,6,1560,2,3,-1,-1,-1
2017140230239,1,1,0,18,0,0,0,0,0,0,2,1,6,1,27,6,-1,-1,-1,3,1,3
2017140230239,2,-1,0,18,0,0,0,0,0,0,1,1,6,3,-1,-1,-1,-1,-1,-1,-1,-1
2017140230248,1,9,0,18,0,1,0,0,0,0,1,1,1,1,61,9,1198,1,6,-1,-1,-1
2017140230248,2,9,0,18,0,1,0,0,0,0,4,1,6,3,-1,-1,-1,-1,-1,-1,-1,-1
2017140230258,1,9,0,11,0,1,0,0,0,0,4,1,6,1,97,11,1582,2,8,-1,-1,-1
2017140230258,2,1,0,18,0,1,0,0,0,0,1,1,6,1,30,6,-1,-1,-1,-1,-1,-1
2017140230260,1,9,0,9,0,8,0,0,0,0,4,1,2,1,48,8,1388,1,14,2,1,2
2017140230260,2,9,0,18,0,4,0,0,0,0,1,1,6,3,-1,-1,-1,-1,-1,-1,-1,-1
2017140230378,1,9,0,9,0,1,0,0,0,0,1,1,5,1,66,10,998,1,16,-1,-1,-1
2017140230378,2,9,0,18,0,1,0,0,0,0,1,1,1,1,27,6,1685,2,1,-1,-1,-1
2017140230383,1,9,0,18,0,2,2,0,0,0,1,1,6,2,29,6,1240,1,14,10,2,10
2017140230383,2,9,0,18,0,2,0,0,0,0,3,1,6,2,59,9,2143,2,2,7,2,7
2017140230473,1,9,0,12,0,5,0,0,0,0,1,1,5,2,75,10,998,1,1,4,1,4
2017140230473,2,9,0,16,0,5,0,0,0,0,1,1,5,1,76,11,1995,2,13,1,1,1
2017140230484,1,1,0,18,0,1,0,0,0,0,1,1,5,1,57,9,-1,-1,-1,10,1,10
2017140230484,2,9,0,9,0,8,0,0,0,0,4,1,6,1,87,11,1398,1,2,9,1,9
2017140230510,1,9,0,18,0,1,0,0,0,0,1,1,1,1,25,5,1198,1,3,9,1,9
2017140230510,2,9,0,18,0,1,0,0,0,0,1,1,1,1,26,6,1149,1,15,-1,-1,-1
2017140230609,1,9,0,18,0,0,0,0,0,0,4,1,6,3,25,5,2143,2,3,-1,-1,-1
2017140230609,2,9,0,18,0,0,0,0,0,0,1,1,3,2,47,8,1596,1,7,3,1,3
2017140230609,3,9,0,18,0,0,0,0,0,0,2,1,2,1,44,7,1910,2,9,1,1,1
2017140230705,1,9,0,18,0,0,0,0,0,0,1,1,6,3,-1,-1,1800,1,17,-1,-1,-1
2017140230705,2,9,0,2,0,0,0,0,0,0,2,1,5,2,46,8,1686,2,3,1,2,1
2017140230705,3,9,0,2,0,0,0,0,0,0,1,1,6,1,52,8,1968,2,8,7,2,7
2017140230743,1,9,0,1,0,0,0,0,0,0,2,1,6,3,-1,-1,-1,-1,-1,-1,-1,-1
2017140230946,1,9,0,18,0,0,0,0,0,0,1,1,5,1,45,7,1951,2,12,7,3,7
2017140230946,2,1,0,18,0,0,2,0,0,0,0,1,6,1,49,8,-1,-1,-1,8,3,8
2017140230969,1,9,0,18,0,0,0,0,0,0,1,1,6,1,-1,-1,-1,-1,-1,-1,-1,-1
2017140230980,1,9,0,16,0,0,0,0,1,0,1,1,6,1,39,7,1587,1,15,7,1,7
2017140230980,2,21,0,17,0,0,1,0,0,0,2,1,1,1,54,8,6692,2,8,3,1,3
2017140231054,1,11,0,18,0,1,0,0,0,0,1,1,1,1,25,5,7300,2,15,-1,-1,-1
2017140231054,2,9,0,7,0,1,0,0,1,0,3,1,6,2,19,4,1242,1,4,-1,-1,-1
2017140231132,1,9,0,13,0,0,1,0,0,0,1,1,6,1,45,7,1995,1,10,-1,-1,-1
2017140231132,2,9,0,18,0,0,0,0,1,0,3,1,6,1,49,8,-1,-1,-1,9,2,9
2017140231132,3,9,0,18,0,0,0,0,0,0,2,1,6,1,31,6,2993,2,-1,5,1,5
2017140231211,1,9,0,1,0,4,0,0,0,0,2,1,6,2,-1,-1,1598,1,13,4,1,4
2017140231222,1,9,0,18,0,0,0,0,0,0,4,1,5,1,57,9,1398,2,2,-1,-1,-1
2017140231229,1,11,0,18,0,0,0,0,0,0,0,1,1,1,53,8,7300,2,11,-1,-1,-1
2017140231255,1,9,0,17,0,0,0,10,1,0,1,1,6,1,40,7,998,1,10,9,2,9
2017140231262,1,21,0,18,0,0,0,0,0,0,2,1,1,1,42,7,12740,2,1,7,2,7
2017140231262,2,9,0,11,0,0,5,0,0,0,1,1,5,1,25,5,1910,2,9,4,1,4
2017140231262,3,9,0,18,0,0,0,1,5,0,1,1,5,1,36,7,2993,2,2,6,2,6
2017140231262,4,19,0,18,0,0,1,0,0,0,1,1,1,2,43,7,2143,2,4,5,2,5
2017140231463,1,9,0,1,9,0,0,0,0,0,2,1,6,2,52,8,1296,1,10,-1,-1,-1
2017140231463,2,1,0,18,9,0,0,0,0,0,1,1,6,1,11,3,-1,-1,-1,3,1,3
2017140231476,1,9,0,18,0,0,0,0,0,0,4,1,6,2,30,6,1229,1,9,1,1,1
2017140231476,2,9,0,5,0,0,0,0,0,0,3,1,6,2,-1,-1,2720,2,12,3,1,3
2017140231487,1,9,0,15,0,0,0,0,0,0,1,1,2,2,26,6,1496,1,1,6,1,6
2017140231532,1,11,0,18,0,8,0,0,0,0,1,1,1,1,55,8,7300,2,14,2,1,2
2017140231532,2,9,0,18,0,8,0,0,0,0,3,1,6,1,24,5,1995,2,9,4,1,4
2017140231589,1,1,0,5,0,2,0,0,0,0,3,1,2,2,52,8,-1,-1,-1,10,1,10
2017140231589,2,9,0,9,0,1,0,0,0,0,1,1,6,1,-1,-1,1598,1,10,-1,-1,-1
2017140231603,1,9,0,18,0,0,0,0,0,0,0,1,6,1,44,7,1995,2,11,5,2,5
2017140231603,2,11,0,18,0,0,0,0,0,0,0,1,6,3,-1,-1,2148,2,5,-1,-1,-1
2017140231604,1,9,0,4,0,0,0,0,0,0,2,1,5,2,23,5,1299,1,9,1,1,1
2017140231604,2,9,0,4,0,0,0,4,0,0,2,1,5,1,31,6,1242,1,11,8,1,8
2017140231604,3,9,0,18,0,0,0,0,0,0,1,1,2,1,35,6,1461,2,6,9,2,9
2017140231604,4,9,0,18,0,0,0,0,0,0,1,1,2,2,22,5,1198,1,6,3,1,3
2017140231609,1,9,0,4,0,4,0,0,0,0,2,1,5,1,24,5,1591,1,5,1,2,1
2017140231609,2,9,0,18,0,4,0,0,0,0,1,1,5,1,19,4,998,1,-1,1,1,1
2017140231612,1,11,0,18,0,0,0,0,0,0,4,1,1,2,53,8,7300,2,14,-1,-1,-1
2017140231612,2,1,0,18,9,0,0,0,0,0,1,1,4,2,6,2,-1,-1,-1,3,1,3
2017140231864,1,8,0,2,0,0,0,0,0,0,3,1,1,1,41,7,1910,2,9,3,1,3
2017140231864,2,9,0,18,0,0,0,0,0,0,1,1,2,2,57,9,1596,1,11,5,1,5
2017140231893,1,9,0,18,0,8,0,0,0,0,1,1,5,2,56,9,1598,1,13,1,1,1
2017140231893,2,9,0,9,0,2,0,0,0,0,1,1,5,1,38,7,2143,2,1,3,1,3
2017140231901,1,9,0,9,0,8,0,0,0,0,1,1,2,1,34,6,1753,2,17,2,1,2
2017140231901,2,1,0,18,0,1,0,0,0,0,1,1,2,1,37,7,-1,-1,-1,6,2,6
2017140231917,1,9,0,18,0,8,0,0,0,0,1,1,2,2,19,4,998,1,6,1,1,1
2017140231917,2,9,0,18,0,4,0,0,0,0,3,1,2,1,36,7,1968,2,5,2,1,2
2017140231943,1,8,0,18,0,1,0,0,0,0,2,1,1,1,47,8,1896,2,13,1,1,1
2017140231943,2,9,0,18,0,1,0,0,0,0,2,1,5,2,57,9,1598,2,4,6,1,6
2017140231943,3,9,0,18,0,1,0,0,0,0,2,1,5,1,51,8,-1,-1,-1,3,1,3
2017140231943,4,9,0,18,0,1,0,0,0,0,1,1,6,3,40,7,1956,2,1,-1,-1,-1
2017140231965,1,9,0,3,0,0,0,0,0,0,2,1,5,2,29,6,1598,1,15,5,1,5
2017140231965,2,9,0,4,0,0,0,0,0,0,1,1,6,3,-1,-1,-1,-1,-1,-1,-1,-1
2017140231967,1,21,0,18,0,0,0,0,0,0,1,1,1,3,-1,-1,10677,2,1,-1,-1,-1
2017140231967,2,9,0,18,0,0,0,0,0,0,3,1,6,1,21,5,1368,1,8,-1,-1,-1
2017140231981,1,9,0,17,0,0,1,0,0,0,4,1,2,1,48,8,1769,1,11,-1,-1,-1
2017140231981,2,1,0,18,0,0,1,0,0,0,1,1,6,2,23,5,-1,-1,-1,-1,-1,-1
2017140231990,1,9,0,3,0,0,0,0,0,0,2,1,5,2,53,8,1197,1,-1,5,2,5
2017140231990,2,9,0,18,0,0,0,0,0,0,1,1,6,1,-1,-1,-1,-1,-1,-1,-1,-1
2017140232031,1,9,0,17,0,8,1,10,0,0,3,1,5,1,19,4,1595,1,11,5,1,5
2017140232031,2,9,0,17,0,8,0,0,0,0,1,1,6,2,-1,-1,-1,-1,-1,-1,-1,-1
2017140232081,1,19,0,9,0,0,0,0,0,0,3,1,1,1,50,8,2287,2,3,-1,-1,-1
2017140232081,2,9,0,18,0,0,1,10,0,0,1,1,5,1,20,4,1248,2,11,-1,-1,-1
2017140232081,3,9,0,18,0,0,0,0,0,0,1,1,2,2,24,5,1796,1,11,-1,-1,-1
2017140232085,1,8,0,3,0,0,0,0,0,0,0,1,1,1,31,6,1896,2,7,-1,-1,-1
2017140232085,2,9,0,3,0,0,0,0,0,0,1,1,6,1,18,4,1968,2,5,-1,-1,-1
2017140232100,1,9,0,18,0,8,0,0,0,0,4,1,5,2,25,5,1499,2,2,4,1,4
2017140232100,2,9,0,18,0,8,0,0,0,0,1,1,6,1,32,6,1240,1,12,1,1,1
2017140232108,1,9,0,18,0,0,0,0,0,0,2,1,2,1,30,6,-1,-1,-1,-1,-1,-1
2017140232108,2,1,0,18,0,0,0,0,0,0,1,1,6,2,50,8,-1,-1,-1,-1,-1,-1
2017140232117,1,9,0,18,0,0,0,0,0,0,1,1,5,2,24,5,1995,2,13,-1,-1,-1
2017140232118,1,9,0,18,0,2,0,0,0,0,-1,1,6,3,-1,-1,-1,-1,-1,-1,-1,-1
2017140232127,1,9,0,9,0,4,0,0,0,0,4,1,1,2,20,4,998,1,12,2,1,2
2017140232127,2,9,0,18,0,1,0,0,0,0,3,1,1,2,43,7,1598,2,5,10,1,10
2017140232130,1,9,0,18,0,1,0,0,0,0,1,1,6,2,35,6,1360,1,12,1,1,1
2017140232135,1,9,0,18,0,0,2,0,6,0,1,1,1,1,31,6,-1,-1,-1,5,3,5
2017140232139,1,9,0,18,0,1,1,0,0,0,2,1,6,2,44,7,998,1,1,7,1,7
2017140232139,2,3,0,18,0,1,5,4,5,0,1,1,6,1,27,6,125,1,8,2,1,2
2017140232139,3,9,0,9,0,6,0,0,0,0,0,1,6,2,28,6,-1,-1,-1,6,3,6
2017140232145,1,9,0,18,0,1,0,0,0,0,1,1,5,1,23,5,1598,1,12,1,1,1
2017140232233,1,9,0,14,0,0,0,0,0,0,1,1,5,2,77,11,998,1,7,-1,-1,-1
2017140232264,1,9,0,18,0,0,5,4,0,0,1,1,5,1,18,4,1390,1,9,5,1,5
2017140232264,2,9,0,2,0,0,0,0,0,0,1,1,6,2,59,9,1999,1,11,5,1,5
2017140232269,1,19,0,18,0,0,0,0,0,0,1,1,6,1,-1,-1,-1,-1,-1,-1,-1,-1
2017140232381,1,9,0,5,9,1,0,0,0,0,3,1,2,2,63,9,1799,1,10,-1,-1,-1
2017140232425,1,9,0,18,0,8,0,0,0,0,1,1,6,1,39,7,2143,2,-1,6,1,6
2017140232482,1,9,0,18,0,2,0,0,0,0,1,1,5,1,25,5,1242,1,5,2,1,2
2017140232482,2,9,0,9,0,8,0,0,0,0,3,1,2,2,18,4,1997,2,12,2,1,2
2017140232508,1,9,0,16,9,0,2,0,7,0,2,1,1,1,18,4,1149,1,16,6,1,6
2017140232532,1,9,0,18,0,1,0,0,0,0,2,1,6,2,56,9,898,1,1,-1,-1,-1
2017140232532,2,9,0,18,0,1,0,0,0,0,2,1,6,1,-1,-1,-1,-1,-1,-1,-1,-1
2017140232532,3,9,0,18,0,1,0,0,0,0,1,1,6,3,-1,-1,-1,-1,-1,-1,-1,-1
2017140232543,1,3,0,4,0,1,0,0,0,0,2,1,6,1,38,7,124,1,-1,5,1,5
2017140232543,2,98,0,18,0,1,0,0,0,0,1,1,6,1,-1,-1,-1,-1,-1,-1,-1,-1
2017140232559,1,9,0,18,0,0,0,0,0,0,1,1,6,3,-1,-1,-1,-1,-1,-1,-1,-1
2017140232561,1,9,0,18,0,0,0,0,0,0,1,1,6,3,-1,-1,-1,-1,-1,-1,-1,-1
2017140232571,1,9,0,18,0,8,0,0,0,0,1,1,5,2,29,6,1339,1,3,-1,-1,-1
2017140232688,1,9,0,17,0,8,5,0,0,0,4,1,5,1,18,4,1360,1,10,4,1,4
2017140232688,2,9,0,17,0,4,0,0,0,0,1,1,2,2,20,4,1242,1,6,5,1,5
2017140232730,1,9,0,9,0,6,0,0,0,0,1,1,6,3,40,7,-1,-1,-1,-1,-1,-1
2017140232833,1,9,0,7,0,6,5,0,1,0,4,1,3,2,20,4,1398,1,5,5,1,5
2017140232833,2,19,0,18,0,1,0,0,1,0,2,1,1,1,44,7,2198,2,4,2,1,2
2017140232847,1,11,0,3,0,0,0,0,0,0,0,1,1,1,44,7,4461,2,4,-1,-1,-1
2017140232855,1,5,0,16,0,1,0,0,0,0,1,1,5,1,31,6,600,1,17,-1,-1,-1
2017140232855,2,9,0,17,0,1,0,0,0,0,1,1,5,1,46,8,1560,2,10,-1,-1,-1
2017140232855,3,9,0,16,0,1,0,0,0,0,1,1,5,1,48,8,1968,2,1,-1,-1,-1
2017140232863,1,9,0,14,0,0,0,0,0,0,4,1,6,1,38,7,1560,2,3,-1,-1,-1
2017140232911,1,9,0,18,0,0,0,0,0,0,1,1,6,2,38,7,1149,1,6,-1,-1,-1
2017140232911,2,5,0,17,0,0,0,0,0,0,2,1,6,1,19,4,124,1,1,-1,-1,-1
2017140232932,1,9,0,18,0,1,0,0,0,0,1,1,6,1,60,9,1951,2,11,-1,-1,-1
2017140232932,2,9,0,18,0,1,0,0,0,0,1,1,6,2,25,5,1596,1,5,-1,-1,-1
2017140232932,3,9,0,4,0,1,0,0,0,0,1,1,6,1,53,8,1600,2,7,-1,-1,-1
2017140232940,1,8,0,18,0,2,0,0,0,0,1,1,6,1,-1,-1,-1,-1,-1,-1,-1,-1
2017140232959,1,9,0,18,0,8,0,0,0,0,1,1,5,1,29,6,1997,2,10,-1,-1,-1
2017140232959,2,20,0,18,0,1,0,0,0,0,2,1,1,1,46,8,-1,-1,-1,-1,-1,-1
2017140232959,3,9,0,18,0,8,0,0,0,0,2,1,5,1,73,10,1598,1,10,-1,-1,-1
2017140232960,1,4,0,5,0,0,0,0,0,0,2,1,6,1,34,6,-1,-1,-1,-1,-1,-1
2017140232960,2,9,0,5,0,0,0,0,0,0,1,1,6,1,27,6,-1,-1,-1,-1,-1,-1
2017140232966,1,11,0,5,0,0,0,0,0,0,4,1,6,1,55,8,9000,2,7,9,1,9
2017140233017,1,9,0,18,0,0,0,0,0,0,1,1,6,2,36,7,1796,1,10,-1,-1,-1
2017140233017,2,9,0,4,0,0,0,0,0,0,2,1,5,2,23,5,1396,1,4,-1,-1,-1
2017140233017,3,9,0,18,0,0,0,0,0,0,2,1,5,1,46,8,1968,2,9,-1,-1,-1
2017140233039,1,9,0,18,0,2,0,0,0,0,1,1,5,2,60,9,-1,-1,-1,-1,-1,-1
2017140233039,2,9,0,18,0,2,0,0,0,0,2,1,5,2,34,6,1339,1,2,-1,-1,-1
2017140233050,1,9,0,9,0,8,0,0,0,0,1,1,5,2,17,4,1242,1,7,-1,-1,-1
2017140233050,2,1,0,18,0,8,0,0,0,0,1,1,6,1,92,11,-1,-1,-1,-1,-1,-1
2017140233053,1,20,0,18,0,0,0,0,0,0,1,1,1,1,57,9,-1,-1,-1,-1,-1,-1
2017140233053,2,9,0,18,0,0,0,0,0,0,2,1,5,1,41,7,1896,2,10,1,1,1
2017140233053,3,9,0,18,0,0,0,0,0,0,2,1,5,2,25,5,1390,1,5,1,1,1
2017140233053,4,9,0,18,0,0,0,0,0,0,2,1,5,1,44,7,1242,1,2,7,1,7
2017140233060,1,9,0,18,0,1,0,0,0,0,1,1,2,1,36,7,2143,2,6,4,2,4
2017140233060,2,9,0,5,0,6,0,0,0,0,3,1,2,2,56,9,1968,2,8,1,2,1
2017140233062,1,9,0,18,0,0,0,0,0,0,1,1,5,1,57,9,1149,1,17,1,1,1
2017140233065,1,9,0,7,0,5,0,0,0,0,4,1,6,2,33,6,1461,2,5,9,1,9
2017140233065,2,1,0,18,0,1,0,0,0,0,1,1,2,1,62,9,-1,-1,-1,9,1,9
2017140233069,1,9,0,9,1,0,0,0,0,0,2,1,5,1,48,8,1422,2,10,7,1,7
2017140233069,2,9,0,18,0,0,0,0,0,0,1,1,5,1,53,8,1896,2,16,6,1,6
2017140233076,1,9,0,2,0,0,0,0,0,0,4,1,6,1,27,6,2143,2,4,2,1,2
2017140233076,2,9,0,18,0,0,0,0,0,0,4,1,5,1,41,7,1197,1,3,2,1,2
2017140233212,1,9,0,18,0,0,0,0,0,0,4,1,5,1,57,9,1956,2,6,5,1,5
2017140233212,2,9,0,18,0,0,0,0,0,0,1,1,6,3,-1,-1,1587,1,12,-1,-1,-1
2017140233276,1,2,0,18,0,0,0,0,0,0,1,1,5,1,69,10,999,1,8,-1,-1,-1
2017140233276,2,9,0,9,0,0,0,0,0,0,3,1,5,1,68,10,1461,2,2,-1,-1,-1
2017140233316,1,9,0,5,0,0,0,0,0,0,0,1,5,1,55,8,1896,2,13,-1,-1,-1
2017140233339,1,9,0,18,0,1,0,0,0,0,1,1,5,2,55,8,1910,2,10,-1,-1,-1
2017140233339,2,9,0,9,0,5,0,0,0,0,4,1,5,1,28,6,1896,2,15,-1,-1,-1
2017140233349,1,9,0,9,0,2,0,0,0,0,2,1,6,2,29,6,2000,2,8,-1,-1,-1
2017140233349,2,9,0,18,0,1,0,0,0,0,1,1,5,1,28,6,1598,2,5,-1,-1,-1
2017140233375,1,9,0,8,0,0,0,0,0,0,2,1,5,2,21,5,1248,2,1,-1,-1,-1
2017140233375,2,3,0,14,0,0,0,0,0,0,1,1,5,2,24,5,124,1,1,-1,-1,-1
2017140233426,1,9,0,18,0,1,0,0,0,0,1,1,2,1,26,6,998,1,16,4,1,4
2017140233426,2,9,0,5,0,6,0,0,0,0,3,1,2,1,50,8,2199,2,6,6,1,6
2017140233458,1,9,0,18,0,0,0,0,0,0,4,1,6,2,-1,-1,-1,-1,-1,-1,-1,-1
2017140233462,1,9,0,18,0,0,0,0,0,0,3,1,6,1,25,5,1598,1,15,-1,-1,-1
2017140233462,2,9,0,18,0,0,5,0,0,0,3,1,6,1,42,7,2667,2,13,1,1,1
2017140233462,3,9,0,18,0,0,0,0,0,0,3,1,6,1,43,7,1700,2,19,1,1,1
2017140233465,1,9,0,6,0,6,0,0,0,0,3,1,5,1,57,9,1229,1,13,-1,-1,-1
2017140233465,2,9,0,18,0,6,0,0,7,0,4,1,5,2,38,7,1896,2,15,-1,-1,-1
2017140233493,1,20,1,18,0,2,0,0,0,0,1,1,1,1,31,6,-1,-1,-1,-1,-1,-1
2017140233493,2,11,0,4,0,2,0,0,0,0,2,1,1,1,48,8,6700,2,5,-1,-1,-1
2017140233668,1,9,0,5,0,8,1,11,0,0,1,1,6,1,32,6,1598,1,12,-1,-1,-1
2017140233668,2,9,0,18,0,8,0,0,0,0,3,1,6,1,37,7,2967,2,10,-1,-1,-1
2017140233700,1,9,0,18,0,0,0,0,0,0,1,1,6,3,-1,-1,-1,-1,-1,-1,-1,-1
2017140233704,1,9,0,18,0,0,0,0,0,0,1,1,5,2,19,4,1200,1,4,-1,-1,-1
2017140233724,1,9,0,3,0,1,0,0,0,0,1,1,5,2,33,6,-1,-1,-1,1,1,1
2017140233724,2,9,0,3,0,1,0,0,0,0,2,1,6,1,20,4,1598,1,-1,-1,-1,-1
2017140233724,3,9,0,18,0,8,0,0,0,0,4,1,3,2,30,6,-1,-1,-1,-1,-1,-1
2017140233740,1,1,0,18,0,1,0,0,0,0,1,1,1,1,20,4,-1,-1,-1,8,1,8
2017140233740,2,9,0,7,0,1,0,0,0,0,4,1,1,1,20,4,1969,2,3,-1,-1,-1
2017140233770,1,9,0,18,0,0,0,0,0,0,3,1,5,1,82,11,-1,-1,-1,-1,-1,-1
2017140233770,2,1,0,18,0,0,5,0,0,0,4,1,6,1,44,7,-1,-1,-1,-1,-1,-1
2017140233787,1,1,0,7,0,0,0,0,0,0,0,1,6,1,55,8,-1,-1,-1,1,1,1
2017140233787,2,9,0,18,0,0,0,0,0,0,0,1,6,3,-1,-1,-1,-1,-1,-1,-1,-1
2017140233842,1,9,0,7,0,0,0,0,0,0,4,1,2,2,55,8,-1,-1,-1,6,1,6
2017140233854,1,9,0,18,0,0,0,0,0,0,1,1,6,3,-1,-1,-1,-1,-1,-1,-1,-1
2017140233893,1,9,0,9,0,5,0,0,0,0,3,1,5,1,18,4,998,1,10,2,1,2
2017140233897,1,5,0,18,0,4,0,0,0,0,4,1,5,1,37,7,1202,1,-1,9,2,9
2017140233897,2,9,0,18,0,4,0,0,1,0,1,1,5,2,46,8,1598,1,4,4,1,4
2017140233902,1,98,0,12,0,0,0,0,0,0,0,1,6,1,-1,-1,-1,-1,-1,-1,-1,-1
2017140233902,2,9,0,13,0,0,2,0,1,0,1,1,6,1,19,4,1968,2,8,4,1,4
2017140234800,1,9,0,16,0,0,0,0,0,0,1,1,6,3,-1,-1,-1,-1,-1,-1,-1,-1
2017140234829,1,9,0,18,0,0,0,0,0,0,3,1,5,2,56,9,1242,1,15,-1,-1,-1
2017140234829,2,9,0,5,0,0,0,0,0,0,1,1,5,1,44,7,1997,2,4,-1,-1,-1
2017140235004,1,9,0,18,0,0,0,0,0,0,1,1,5,2,27,6,1596,1,12,-1,-1,-1
2017140235004,2,1,0,17,0,0,0,0,0,0,3,1,5,1,17,4,-1,-1,-1,-1,-1,-1
2017140235082,1,9,0,3,0,3,0,0,0,0,2,1,6,2,56,9,1364,1,8,-1,-1,-1
2017140235082,2,9,0,18,0,3,0,0,0,0,1,1,6,1,-1,-1,1910,2,8,-1,-1,-1
2017140235096,1,9,0,-1,-1,0,-1,-1,-1,0,-1,1,6,3,21,5,-1,-1,-1,-1,-1,-1
2017140235196,1,1,0,18,0,1,0,0,0,0,-1,1,6,1,54,8,-1,-1,-1,-1,-1,-1
2017140235196,2,9,0,9,0,8,0,0,0,0,-1,1,6,3,-1,-1,998,1,2,-1,-1,-1
2017140235370,1,9,0,18,0,1,0,0,0,0,2,1,5,2,57,9,1461,2,-1,4,1,4
2017140235370,2,9,0,4,0,1,0,0,0,0,1,1,5,2,28,6,1198,1,10,1,1,1
2017140235411,1,9,0,9,0,0,1,0,0,0,2,1,5,1,60,9,1995,2,-1,8,1,8
2017140235411,2,9,0,18,0,0,0,0,0,0,1,1,6,1,33,6,1984,1,8,3,1,3
2017140235664,1,19,0,18,0,1,0,0,0,0,1,1,5,1,35,6,1753,2,14,3,1,3
2017140235664,2,9,0,9,0,6,1,0,1,0,2,1,5,1,70,10,1598,1,12,3,1,3
2017140235668,1,9,0,9,0,8,0,0,0,0,4,1,5,1,62,9,1198,1,1,2,1,2
2017140235668,2,9,0,18,0,1,0,0,0,0,1,1,2,2,55,8,1896,2,17,5,3,5
2017140235673,1,5,0,15,0,0,0,0,0,0,1,1,6,1,45,7,955,1,14,2,1,2
2017140235673,2,9,0,18,0,0,0,0,0,0,4,1,6,2,34,6,2000,2,11,1,1,1
2017140235673,3,-1,0,18,0,0,0,0,0,0,1,1,6,3,-1,-1,-1,-1,-1,-1,-1,-1
2017140235677,1,8,0,18,0,0,0,0,0,0,1,1,1,1,47,8,1997,2,3,4,1,4
2017140235682,1,9,0,18,0,1,0,0,0,0,0,1,1,1,37,7,2953,1,3,-1,-1,-1
2017140235682,2,9,0,17,0,8,0,0,0,0,0,1,1,1,37,7,2792,1,5,-1,-1,-1
2017140235682,3,9,0,18,0,2,0,0,0,0,1,1,6,3,-1,-1,1598,1,15,-1,-1,-1
2017140235682,4,9,0,18,0,1,0,0,0,0,1,1,6,1,20,4,1398,2,13,9,2,9
2017140235683,1,98,1,17,0,8,0,0,0,0,1,1,1,1,32,6,-1,-1,-1,-1,-1,-1
2017140235683,2,19,0,7,0,3,0,0,0,0,3,1,5,1,25,5,1998,2,13,1,1,1
2017140235685,1,98,0,18,0,8,0,0,0,0,4,1,6,3,-1,-1,-1,-1,-1,-1,-1,-1
2017140235685,2,1,0,18,0,1,0,0,0,0,1,1,6,2,20,4,-1,-1,-1,7,1,7
2017140235688,1,9,0,18,0,0,0,0,0,0,1,1,2,1,35,6,998,1,3,10,1,10
2017140235688,2,1,0,12,0,0,0,0,0,0,3,1,2,2,33,6,-1,-1,-1,7,1,7
2017140235818,1,1,0,18,0,1,0,0,0,0,1,1,1,1,51,8,-1,-1,-1,-1,-1,-1
2017140235818,2,9,0,9,0,8,0,0,0,0,1,1,1,1,43,7,1496,2,-1,8,1,8
2017140235848,1,1,0,18,0,0,0,0,0,0,1,1,5,2,63,9,-1,-1,-1,8,3,8
2017140235848,2,2,0,18,0,0,1,0,0,0,1,1,6,3,-1,-1,49,1,-1,-1,-1,-1
2017140235870,1,9,0,18,0,0,1,0,4,0,1,1,1,1,28,6,2993,2,1,-1,-1,-1
2017140235870,2,9,0,16,0,0,1,10,4,0,1,1,1,2,28,6,1560,2,-1,-1,-1,-1
2017140235870,3,9,0,2,9,0,0,0,0,0,1,1,6,3,-1,-1,1598,1,11,-1,-1,-1
2017140235870,4,9,0,2,9,0,0,0,0,0,1,1,6,3,-1,-1,1560,2,8,-1,-1,-1
2017140235870,5,9,0,2,9,0,0,0,0,0,1,1,6,3,-1,-1,1796,1,9,-1,-1,-1
2017140235870,6,9,0,2,9,0,0,0,0,0,1,1,6,3,-1,-1,-1,-1,-1,-1,-1,-1
2017140235870,7,9,0,2,9,0,0,0,0,0,1,1,6,3,-1,-1,1397,1,14,-1,-1,-1
2017140235870,8,9,0,2,9,0,0,0,0,0,1,1,6,3,-1,-1,1598,1,9,-1,-1,-1
2017140235918,1,9,0,6,0,0,0,0,7,0,1,1,5,2,32,6,1596,1,2,9,2,9