Accident_Index,Vehicle_Reference,Vehicle_Type,Towing_and_Articulation,Vehicle_Manoeuvre,Vehicle_Location-Restricted_Lane,Junction_Location,Skidding_and_Overturning,Hit_Object_in_Carriageway,Vehicle_Leaving_Carriageway,Hit_Object_off_Carriageway,1st_Point_of_Impact,Was_Vehicle_Left_Hand_Drive?,Journey_Purpose_of_Driver,Sex_of_Driver,Age_of_Driver,Age_Band_of_Driver,Engine_Capacity_(CC),Propulsion_Code,Age_of_Vehicle,Driver_IMD_Decile,Driver_Home_Area_Type,Vehicle_IMD_Decile
2017140242217,1,9,0,18,0,0,0,0,0,0,3,1,5,1,24,5,1197,1,1,4,2,4
2017140242217,2,19,0,18,0,0,0,0,0,0,3,1,6,1,41,7,2300,2,11,1,1,1
2017140242241,1,9,0,7,0,0,0,0,0,0,2,1,5,2,48,8,1997,2,14,1,1,1
2017140242241,2,9,0,18,0,0,0,0,0,0,3,1,6,2,-1,-1,-1,-1,-1,-1,-1,-1
2017140242262,1,11,0,18,0,0,0,0,0,0,0,1,1,1,-1,-1,-1,-1,-1,-1,-1,-1
2017140242275,1,9,0,2,0,0,0,0,0,0,2,1,5,1,27,6,1968,2,4,1,1,1
2017140242275,2,9,0,18,0,0,0,4,0,0,1,1,1,2,23,5,998,1,1,-1,-1,-1
2017140242288,1,9,0,18,0,1,0,0,0,0,1,1,1,1,48,8,2000,1,11,-1,-1,-1
2017140242294,1,9,0,18,0,0,0,0,0,0,1,1,5,1,48,8,1395,1,-1,6,1,6
2017140242319,1,9,0,18,0,0,0,0,0,0,1,1,5,1,27,6,1197,1,-1,1,1,1
2017140242326,1,9,0,18,0,0,1,0,7,0,1,1,6,2,24,5,998,1,4,-1,-1,-1
2017140242326,2,1,0,18,0,0,0,0,0,0,0,1,6,3,-1,-1,-1,-1,-1,-1,-1,-1
2017140242342,1,9,0,18,0,0,0,0,0,0,1,1,5,1,53,8,2776,2,10,10,1,10
2017140242342,2,9,0,15,0,0,1,0,0,0,1,1,5,1,59,9,2967,1,12,7,1,7
2017140242352,1,9,0,7,0,0,1,4,8,0,3,1,6,1,19,4,1597,1,10,-1,-1,-1
2017140242352,2,9,0,2,9,0,0,0,0,0,1,1,5,3,21,5,1598,1,16,-1,-1,-1
2017140242352,3,8,0,5,0,0,0,0,0,0,3,1,1,1,59,9,1997,2,11,-1,-1,-1
2017140242352,4,9,0,18,0,0,0,0,0,0,1,1,5,1,42,7,1399,2,12,-1,-1,-1
2017140242352,5,9,0,2,0,0,0,0,0,0,3,1,5,1,30,6,-1,-1,-1,-1,-1,-1
2017140242356,1,9,0,18,0,0,0,0,0,0,4,1,5,2,32,6,1596,1,9,-1,-1,-1
2017140242437,1,9,0,18,0,0,0,0,0,0,1,1,5,2,19,4,1242,1,8,9,2,9
2017140242458,1,9,0,4,0,1,0,0,0,0,2,1,2,1,29,6,1686,2,6,-1,-1,-1
2017140242458,2,9,0,5,0,1,0,0,0,0,1,1,5,1,66,10,2231,2,8,-1,-1,-1
2017140242482,1,1,0,18,0,0,5,0,0,0,1,1,6,1,9,2,-1,-1,-1,1,1,1
2017140242482,2,-1,0,18,0,0,0,0,0,0,4,1,6,2,50,8,-1,-1,-1,-1,-1,-1
2017140242502,1,9,0,14,0,0,0,4,0,0,1,1,1,1,63,9,1199,1,13,-1,-1,-1
2017140242502,2,3,0,18,0,0,0,0,0,0,1,1,5,1,20,4,125,1,-1,5,1,5
2017140242502,3,19,0,2,0,0,0,0,0,0,1,1,6,1,61,9,2446,2,18,5,1,5
2017140242763,1,9,0,13,0,1,0,0,0,0,1,1,5,1,22,5,2143,2,2,8,1,8
2017140242763,2,9,0,18,0,2,0,0,0,0,1,1,2,1,23,5,2143,2,1,-1,-1,-1
2017140242798,1,9,0,16,0,1,1,11,2,0,1,1,1,2,23,5,1149,1,14,1,1,1
2017140242809,1,9,0,18,0,0,0,0,0,0,4,1,2,1,26,6,-1,-1,-1,8,2,8
2017140242809,2,9,0,18,0,0,0,0,0,0,4,1,5,1,72,10,1995,2,11,5,1,5
2017140242875,1,9,0,18,0,2,0,0,0,0,1,1,5,1,44,7,1956,2,-1,3,1,3
2017140242875,2,9,0,18,0,1,0,4,0,0,1,1,5,2,27,6,1364,1,2,1,1,1
2017140242875,3,9,0,2,0,1,0,0,0,0,2,1,5,1,38,7,1686,2,6,2,1,2
2017140242889,1,9,0,14,0,0,0,0,0,0,1,1,6,2,32,6,1984,1,7,-1,-1,-1
2017140242889,2,9,0,18,0,0,1,0,0,0,3,1,5,1,50,8,2982,2,5,-1,-1,-1
2017140242889,3,9,0,2,0,0,0,0,0,0,1,1,1,1,61,9,-1,-1,-1,-1,-1,-1
2017140242896,1,9,0,18,0,0,0,4,0,0,3,1,2,1,20,4,1595,1,11,4,1,4
2017140242896,2,9,0,18,0,0,0,0,0,0,1,1,6,2,-1,-1,1596,1,14,1,1,1
2017140242896,3,9,0,2,0,0,0,0,0,0,3,1,6,1,-1,-1,899,1,3,-1,-1,-1
2017140242896,4,9,0,2,0,0,0,0,0,0,3,1,6,1,-1,-1,998,1,3,-1,-1,-1
2017140242896,5,9,-1,2,0,0,0,0,0,0,1,1,6,3,-1,-1,1328,1,9,-1,-1,-1
2017140242918,1,19,0,18,0,0,0,0,0,0,1,1,6,1,54,8,1995,2,-1,9,1,9
2017140242918,2,1,0,18,2,0,0,0,0,0,0,1,5,1,20,4,-1,-1,-1,10,1,10
2017140242964,1,8,0,18,0,2,1,0,0,0,1,1,1,1,31,6,1995,2,3,1,1,1
2017140242965,1,9,0,15,0,1,0,0,1,10,3,1,5,1,41,7,1598,2,6,1,1,1
2017140242965,2,19,0,9,0,8,0,0,0,0,1,1,1,1,32,6,2298,2,3,4,1,4
2017140242967,1,9,0,18,0,0,0,0,0,0,1,1,2,1,23,5,1390,1,12,4,1,4
2017140243207,1,3,0,18,0,0,1,0,0,0,3,1,6,1,20,4,125,1,8,2,1,2
2017140243216,1,9,0,18,0,2,0,7,0,0,1,1,2,1,25,5,1781,1,14,1,1,1
2017140243216,2,9,0,18,0,1,0,0,0,0,0,1,6,1,22,5,1781,1,12,1,1,1
2017140243249,1,9,0,18,0,0,0,0,1,0,1,1,5,1,43,7,1598,2,-1,5,1,5
2017140243249,2,9,0,18,0,0,0,0,0,0,3,1,2,1,53,8,1995,2,1,10,1,10
2017140243271,1,9,0,7,0,1,0,0,0,0,1,1,1,1,32,6,1587,1,11,1,1,1
2017140243271,2,9,0,6,0,8,0,0,1,11,1,1,5,1,84,11,2148,2,11,1,1,1
2017140243293,1,11,0,5,0,0,0,0,0,0,0,1,1,1,44,7,4461,2,3,2,1,2
2017140243304,1,9,0,18,0,0,1,11,0,0,1,1,5,1,32,6,1461,2,6,5,1,5
2017140243304,2,9,0,18,0,0,2,0,1,0,1,1,5,1,44,7,1995,2,6,8,2,8
2017140243339,1,9,0,9,0,8,0,0,0,0,3,1,2,1,26,6,1560,2,2,-1,-1,-1
2017140243339,2,3,0,18,0,8,0,0,0,0,1,1,5,1,17,4,125,1,2,-1,-1,-1
2017140243396,1,9,0,18,0,0,0,0,0,0,2,1,5,2,42,7,1560,2,1,8,1,8
2017140243396,2,9,0,18,0,0,0,0,0,0,1,1,6,1,50,8,1951,2,14,2,1,2
2017140243603,1,20,0,18,0,0,1,0,0,0,1,1,1,1,22,5,-1,-1,-1,-1,-1,-1
2017140243603,2,9,0,18,0,0,0,0,0,0,2,1,2,1,23,5,2143,2,1,-1,-1,-1
2017140243603,3,9,0,18,0,0,1,0,0,0,2,1,1,2,32,6,1560,2,1,-1,-1,-1
2017140243603,4,9,0,11,0,0,0,0,0,0,1,1,1,2,21,5,995,1,5,-1,-1,-1
2017140243603,5,9,0,4,0,0,0,0,0,0,2,1,2,1,20,4,1368,1,8,6,1,6
2017140243603,6,19,0,18,0,0,0,0,0,0,2,1,1,1,46,8,1995,2,3,-1,-1,-1
2017140243641,1,9,0,18,0,0,0,0,0,0,2,1,5,1,30,6,1388,1,12,3,1,3
2017140243641,2,21,0,12,0,0,0,0,0,0,1,1,1,1,49,8,12780,2,2,-1,-1,-1
2017140243720,1,21,0,18,0,0,0,0,0,0,1,1,1,1,46,8,12809,2,-1,-1,-1,-1
2017140243720,2,9,0,12,0,0,0,0,0,0,3,1,6,2,40,7,1598,2,6,-1,-1,-1
2017140243731,1,19,0,18,0,0,1,0,0,0,1,1,1,1,46,8,1598,2,3,-1,-1,-1
2017140243731,2,19,0,18,0,0,1,0,0,0,1,1,1,1,34,6,1896,2,15,-1,-1,-1
2017140243743,1,9,0,5,0,4,0,0,0,0,1,1,1,1,41,7,1796,1,11,-1,-1,-1
2017140243743,2,9,0,5,0,4,0,0,0,0,2,1,6,2,56,9,1329,1,1,-1,-1,-1
2017140243748,1,9,0,18,0,0,0,0,0,0,3,1,6,1,33,6,1461,2,8,-1,-1,-1
2017140243772,1,9,0,9,0,2,0,0,0,0,3,1,5,2,72,10,1299,1,15,4,1,4
2017140243772,2,9,0,5,0,2,0,0,0,0,3,1,1,1,52,8,1995,2,-1,6,3,6
2017140243812,1,23,0,18,9,0,0,0,0,0,1,1,5,1,26,6,-1,-1,-1,-1,-1,-1
2017140243812,2,9,0,8,9,0,0,0,0,0,4,1,2,2,50,8,1198,1,5,-1,-1,-1
2017140243848,1,1,0,18,0,4,0,0,0,0,0,1,6,1,41,7,-1,-1,-1,-1,-1,-1
2017140243848,2,9,0,18,0,8,0,0,0,0,1,1,6,2,-1,-1,1560,2,9,-1,-1,-1
2017140243883,1,9,0,18,0,0,0,0,0,0,1,1,5,1,64,9,1598,1,2,7,1,7
2017140243883,2,9,0,18,0,0,0,0,0,0,1,1,6,3,31,6,1248,2,11,-1,-1,-1
2017140243886,1,9,0,18,0,2,0,0,0,0,4,1,5,1,47,8,1781,1,16,1,1,1
2017140243889,1,9,0,18,0,1,0,4,0,0,4,1,3,2,26,6,1910,2,11,1,1,1
2017140243889,2,9,0,2,0,1,0,0,1,0,2,1,5,1,38,7,-1,3,3,-1,-1,-1
2017140243894,1,9,0,10,0,1,0,0,0,0,4,1,5,1,72,10,1560,2,2,1,1,1
2017140243894,2,9,0,18,0,1,0,0,0,0,1,1,5,2,21,5,999,1,1,2,1,2
2017140243989,1,9,0,18,0,0,0,0,1,0,1,1,6,1,84,11,1086,1,13,-1,-1,-1
2017140243989,2,9,0,2,0,0,0,0,0,0,4,1,6,1,53,8,1956,2,8,-1,-1,-1
2017140243999,1,9,0,18,0,0,0,0,0,0,2,1,1,2,38,7,1910,2,10,1,1,1
2017140243999,2,9,0,18,0,0,0,0,0,0,1,1,6,3,-1,-1,-1,-1,-1,-1,-1,-1
2017140244022,1,-1,0,18,0,2,0,0,0,0,4,1,6,3,-1,-1,-1,-1,-1,-1,-1,-1
2017140244068,1,5,0,18,0,0,0,0,0,0,1,1,5,1,71,10,1170,1,-1,-1,-1,-1
2017140244068,2,9,0,18,0,0,0,0,0,0,2,1,5,1,26,6,1598,2,-1,-1,-1,-1
2017140244068,3,9,0,18,0,0,0,0,0,0,2,1,5,1,23,5,1499,2,1,-1,-1,-1
2017140244082,1,9,0,18,0,0,0,0,0,0,1,1,6,3,-1,-1,-1,-1,-1,-1,-1,-1
2017140244082,2,22,0,5,0,0,5,0,0,0,1,1,5,2,85,11,-1,-1,-1,4,1,4
2017140244105,1,19,0,2,0,0,0,0,0,0,2,1,5,1,64,9,2287,2,4,-1,-1,-1
2017140244105,2,9,0,18,0,0,0,4,0,0,1,1,5,1,79,11,1582,2,-1,-1,-1,-1
2017140244160,1,9,0,2,0,1,0,0,0,0,1,1,6,2,22,5,1242,1,11,1,1,1
2017140244160,2,9,0,1,0,1,0,0,0,0,2,1,5,2,-1,-1,-1,-1,-1,-1,-1,-1
2017140244163,1,9,0,18,0,1,0,0,0,0,1,1,2,2,28,6,1685,2,-1,7,2,7
2017140244163,2,1,0,18,0,1,5,0,0,0,4,1,6,1,63,9,-1,-1,-1,9,1,9
2017140244164,1,11,0,5,0,0,0,0,0,0,0,1,1,1,49,8,9000,2,7,-1,-1,-1
2017140244175,1,9,0,18,0,0,1,0,0,0,1,1,6,1,27,6,1956,2,8,-1,-1,-1
2017140244175,2,9,0,5,0,0,0,0,0,0,3,1,6,1,56,9,1600,2,6,-1,-1,-1
2017140244184,1,9,0,9,0,5,0,0,7,0,3,1,1,1,24,5,1124,1,9,-1,-1,-1
2017140244184,2,1,0,9,0,5,0,0,7,0,3,1,6,2,26,6,-1,-1,-1,-1,-1,-1
2017140244211,1,9,0,18,0,0,0,0,0,0,1,1,6,2,65,9,1197,1,1,7,1,7
2017140244211,2,9,0,5,0,0,0,0,0,0,1,1,6,1,45,7,1560,2,6,3,1,3
2017140244262,1,9,0,9,0,6,0,0,0,0,2,1,5,1,33,6,1560,2,7,1,1,1
2017140244262,2,9,0,4,0,1,0,0,0,0,1,1,5,1,23,5,1796,1,11,1,1,1
2017140244288,1,9,0,18,0,1,2,0,8,11,1,1,6,1,25,5,1896,2,8,4,1,4
2017140244294,1,3,0,18,0,1,0,0,0,0,4,1,5,1,22,5,124,1,2,-1,-1,-1
2017140244294,2,9,0,6,0,6,0,0,0,0,3,1,6,1,46,8,1461,2,4,-1,-1,-1
2017140244295,1,9,0,7,0,8,0,0,2,0,1,1,5,2,25,5,1461,2,1,7,1,7
2017140244300,1,9,0,18,0,0,0,0,7,0,1,1,5,1,81,11,1299,1,16,4,1,4
2017140244300,2,9,0,18,0,0,0,0,0,0,1,1,1,2,31,6,1390,1,5,8,1,8
2017140244300,3,9,0,18,0,0,0,0,0,0,1,1,5,1,53,8,1598,2,-1,9,1,9
2017140244309,1,9,0,9,0,6,0,0,0,0,3,1,6,1,61,9,1248,2,5,1,1,1
2017140244309,2,3,0,18,0,1,1,0,1,0,1,1,2,1,35,6,125,1,7,4,1,4
2017140244312,1,9,0,18,0,1,0,0,0,0,1,1,5,1,79,11,1686,2,6,4,1,4
2017140244427,1,9,0,18,0,0,0,0,0,0,1,1,6,3,-1,-1,1497,1,21,-1,-1,-1
2017140244445,1,9,0,18,0,1,0,0,0,0,1,1,5,1,48,8,1997,2,5,-1,-1,-1
2017140244465,1,9,0,18,0,0,0,0,1,2,1,1,5,1,24,5,1299,1,16,-1,-1,-1
2017140244484,1,9,0,7,0,0,0,0,0,0,2,1,5,2,64,9,1242,1,2,1,1,1
2017140244484,2,9,0,18,0,0,0,0,0,0,3,1,6,1,-1,-1,1584,1,14,-1,-1,-1
2017140244491,1,9,0,7,0,8,0,0,0,0,2,1,5,2,39,7,1368,1,2,8,2,8
2017140244491,2,9,0,18,0,1,0,0,0,0,1,1,5,2,28,6,1242,1,7,4,1,4
2017140244522,1,11,0,18,0,1,0,0,0,0,3,1,1,1,64,9,5132,2,1,-1,-1,-1
2017140244522,2,9,0,18,0,1,0,0,0,0,4,1,6,3,-1,-1,-1,-1,-1,-1,-1,-1
2017140244553,1,9,0,4,0,0,0,0,0,0,1,1,5,1,35,6,1598,1,3,-1,-1,-1
2017140244553,2,9,0,16,0,0,0,0,0,0,1,1,1,1,-1,-1,2993,2,11,-1,-1,-1
2017140244559,1,9,0,18,0,0,5,4,0,0,4,1,6,1,64,9,-1,-1,-1,5,1,5
2017140244559,2,9,0,2,0,0,0,0,7,0,3,1,6,2,56,9,998,1,10,9,1,9
2017140244564,1,9,0,9,0,6,0,0,0,0,3,1,3,2,28,6,996,1,3,-1,-1,-1
2017140244564,2,9,0,18,0,1,0,0,0,0,1,1,2,1,33,6,-1,-1,-1,-1,-1,-1
2017140244574,1,9,0,18,0,1,0,0,0,0,1,1,6,1,24,5,1984,1,3,1,1,1
2017140244574,2,9,0,9,0,2,1,0,0,0,1,1,6,2,24,5,2496,2,12,1,1,1
2017140244658,1,8,0,18,0,8,0,0,0,0,4,1,1,1,61,9,1968,2,5,-1,-1,-1
2017140244658,2,9,0,18,0,8,0,0,0,0,1,1,2,1,40,7,2979,1,1,-1,-1,-1
2017140244668,1,9,0,9,0,1,0,0,0,0,3,1,5,1,33,6,1896,2,9,-1,-1,-1
2017140244668,2,3,0,13,0,1,2,0,7,0,1,1,5,1,21,5,125,1,7,-1,-1,-1
2017140244671,1,9,0,18,0,8,0,0,0,0,2,1,2,2,37,7,1956,2,8,2,1,2
2017140244671,2,9,0,18,0,8,0,0,0,0,1,1,6,3,-1,-1,1896,2,14,-1,-1,-1
2017140244690,1,9,0,10,0,0,0,0,0,0,2,1,1,2,41,7,1968,2,11,6,1,6
2017140244690,2,1,0,18,0,0,5,0,0,0,1,1,6,2,34,6,-1,-1,-1,1,1,1
2017140244731,1,8,0,5,0,1,0,4,0,0,1,1,1,1,69,10,1997,2,12,10,1,10
2017140244731,2,9,0,2,0,1,0,0,0,0,2,1,5,3,-1,-1,-1,-1,-1,-1,-1,-1
2017140244733,1,9,0,18,0,0,0,0,0,0,2,1,5,1,85,11,1329,1,-1,2,1,2
2017140244740,1,9,0,3,0,0,0,0,0,0,1,1,6,1,28,6,1753,2,14,-1,-1,-1
2017140244740,2,9,0,18,0,0,0,0,0,0,1,1,6,1,-1,-1,1242,1,18,-1,-1,-1
2017140244748,1,9,0,18,0,0,0,0,0,0,1,1,5,2,55,8,1198,1,6,-1,-1,-1
2017140245014,1,9,0,18,0,0,0,0,0,0,1,1,5,2,69,10,1560,2,10,-1,-1,-1
2017140245014,2,9,0,18,0,0,0,0,1,0,3,1,5,2,30,6,1995,2,9,-1,-1,-1
2017140245014,3,19,0,18,0,0,0,0,0,0,3,1,2,2,56,9,1461,2,3,5,2,5
2017140245102,1,9,0,18,0,0,0,0,0,0,1,1,6,3,-1,-1,-1,-1,-1,-1,-1,-1
2017140245130,1,9,0,18,0,0,0,0,0,0,3,1,5,2,73,10,-1,-1,-1,5,1,5
2017140245445,1,21,0,18,0,4,0,0,3,0,1,1,1,1,27,6,10518,2,4,-1,-1,-1
2017140245445,2,9,0,18,0,4,0,0,0,0,0,1,6,3,-1,-1,-1,-1,-1,-1,-1,-1
2017140245552,1,8,0,18,0,0,0,0,0,0,1,1,6,3,-1,-1,-1,-1,-1,-1,-1,-1
2017140245554,1,11,0,4,0,8,0,10,0,0,2,1,1,1,51,8,4461,2,3,7,1,7
2017140245554,2,9,0,18,0,8,0,0,0,0,1,1,6,3,-1,-1,-1,-1,-1,-1,-1,-1
2017140245562,1,9,0,18,0,0,1,0,7,0,1,1,5,1,36,7,1299,1,14,-1,-1,-1
2017140245562,2,9,0,2,9,0,0,0,0,0,0,1,6,3,-1,-1,-1,-1,-1,-1,-1,-1
2017140245582,1,9,0,2,0,0,0,0,0,0,0,1,5,1,29,6,1329,1,8,-1,-1,-1
2017140245582,2,19,0,18,0,0,0,0,1,0,2,1,1,1,50,8,2287,2,-1,-1,-1,-1
2017140245589,1,1,0,5,0,0,0,0,0,0,1,1,2,1,42,7,-1,-1,-1,2,2,2
2017140245589,2,9,0,18,0,0,0,0,0,0,1,1,6,3,-1,-1,-1,-1,-1,-1,-1,-1
2017140245600,1,9,0,9,0,5,0,0,0,0,1,1,3,2,38,7,1596,1,12,3,1,3
2017140245600,2,9,0,18,0,1,0,0,0,0,1,1,1,1,36,7,1910,2,8,5,2,5
2017140245600,3,19,0,18,0,1,0,0,1,0,1,1,2,1,29,6,2198,2,2,3,1,3
2017140245601,1,9,0,8,6,6,0,0,0,0,1,1,5,1,19,4,1199,1,13,-1,-1,-1
2017140245601,2,1,0,18,0,1,0,0,0,0,1,1,6,1,49,8,-1,-1,-1,-1,-1,-1
2017140245610,1,9,0,18,0,1,0,0,0,0,1,1,6,3,-1,-1,-1,-1,-1,-1,-1,-1
2017140245613,1,3,0,14,0,1,0,0,0,0,1,1,4,1,17,4,125,1,-1,5,1,5
2017140245613,2,9,0,7,0,6,0,0,0,0,1,1,2,2,44,7,1968,2,2,-1,-1,-1
2017140245617,1,9,0,13,1,1,0,0,0,0,1,1,2,1,20,4,1461,2,3,6,1,6
2017140245617,2,98,0,9,0,2,0,0,0,0,3,1,5,1,72,10,-1,-1,-1,2,1,2
2017140245623,1,19,0,9,0,0,0,0,0,0,3,1,1,1,17,4,2143,2,5,5,1,5
2017140245623,2,9,0,18,0,0,0,0,0,0,1,1,6,1,49,8,1498,1,6,8,1,8
2017140245629,1,9,0,7,0,8,0,0,0,0,3,1,5,1,21,5,1598,2,1,4,1,4
2017140245629,2,9,0,18,0,1,0,0,0,0,1,1,5,1,45,7,1596,1,11,2,3,2
2017140245633,1,9,0,16,0,0,0,0,0,0,1,1,5,1,21,5,1242,1,3,-1,-1,-1
2017140245633,2,9,0,18,0,0,0,0,0,0,1,1,5,2,21,5,1242,1,8,2,1,2
2017140245745,1,19,0,5,0,8,0,0,0,0,1,1,1,1,20,4,2198,2,2,1,1,1
2017140245765,1,9,0,1,0,0,0,0,0,0,2,1,6,3,-1,-1,-1,-1,-1,-1,-1,-1
2017140245817,1,9,0,18,0,0,0,0,0,0,1,1,6,3,-1,-1,-1,-1,-1,-1,-1,-1
2017140245829,1,9,0,18,0,0,0,0,0,0,4,1,5,1,25,5,1968,2,11,-1,-1,-1
2017140245829,2,9,0,12,0,0,0,0,0,0,3,1,6,2,35,6,1598,1,13,-1,-1,-1
2017140245844,1,9,0,18,0,0,0,0,0,0,4,1,5,1,21,5,1796,2,3,-1,-1,-1
2017140245844,2,9,0,2,0,0,0,0,0,0,3,1,6,1,55,8,599,1,15,-1,-1,-1
2017140245878,1,9,0,18,6,1,0,0,0,0,1,1,1,2,31,6,1968,2,6,2,1,2
2017140245878,2,1,0,18,0,1,0,0,0,0,1,1,6,1,76,11,-1,-1,-1,2,1,2
2017140245893,1,9,0,18,0,0,0,0,0,0,3,1,2,1,62,9,1197,1,3,-1,-1,-1
2017140245947,1,90,0,18,0,2,0,0,0,0,3,1,5,1,46,8,2999,2,-1,2,1,2
2017140245975,1,19,0,11,0,0,0,0,0,0,1,1,2,1,33,6,1560,2,4,-1,-1,-1
2017140245975,2,9,0,18,0,0,1,0,0,0,2,1,2,1,50,8,1956,2,-1,-1,-1,-1
2017140245975,3,9,0,18,0,0,0,0,0,0,1,1,2,1,46,8,1956,2,7,8,1,8
2017140246008,1,9,0,9,0,0,0,0,0,0,1,1,5,1,23,5,1896,2,14,-1,-1,-1
2017140246008,2,1,0,5,0,0,0,0,0,0,0,1,6,1,31,6,-1,-1,-1,-1,-1,-1
2017140246009,1,9,0,18,0,1,0,0,0,0,1,1,5,1,38,7,1896,2,16,-1,-1,-1
2017140246024,1,9,0,9,0,6,0,0,0,0,1,1,5,2,32,6,1995,1,11,-1,-1,-1
2017140246024,2,9,0,18,0,1,1,0,7,0,1,1,5,2,31,6,1997,2,8,-1,-1,-1
2017140246045,1,9,0,5,0,4,0,0,0,0,1,1,5,2,66,10,1497,8,3,3,1,3
2017140246045,2,1,0,5,9,1,5,0,0,0,1,1,6,1,46,8,-1,-1,-1,3,1,3
2017140246079,1,9,0,18,0,1,0,0,0,0,1,1,6,3,-1,-1,-1,-1,-1,-1,-1,-1
2017140246079,2,1,0,18,0,1,0,0,0,0,1,1,6,2,15,3,-1,-1,-1,-1,-1,-1
2017140246090,1,9,0,9,0,0,0,0,0,0,2,1,5,1,46,8,1997,1,8,8,1,8
2017140246090,2,3,0,13,0,0,0,0,0,0,1,1,6,1,22,5,124,1,4,1,1,1
2017140246099,1,9,0,9,0,6,0,0,0,0,1,1,5,1,75,10,1560,2,5,-1,-1,-1
2017140246099,2,1,0,18,0,1,0,0,0,0,1,1,6,1,30,6,-1,-1,-1,7,1,7
2017140246280,1,1,0,18,0,8,0,0,0,0,1,1,2,1,30,6,-1,-1,-1,2,1,2
2017140246280,2,9,0,18,0,8,0,0,0,0,1,1,6,3,-1,-1,-1,-1,-1,-1,-1,-1
2017140246291,1,9,0,15,0,2,0,0,0,0,1,1,1,1,25,5,2143,2,-1,-1,-1,-1
2017140246309,1,9,0,9,0,8,0,0,0,0,1,1,5,1,24,5,1910,2,11,3,1,3
2017140246309,2,8,0,18,0,8,0,0,0,0,1,1,1,1,40,7,1997,2,14,-1,-1,-1
2017140246334,1,9,4,18,0,0,0,0,1,0,4,1,6,3,-1,-1,1951,2,13,-1,-1,-1
2017140246343,1,9,0,16,0,1,0,0,0,0,1,1,5,1,68,10,1598,2,2,-1,-1,-1
2017140246343,2,9,0,5,0,6,0,0,0,0,1,1,5,1,36,7,1596,1,11,-1,-1,-1
2017140246368,1,97,0,18,0,2,1,9,0,0,2,1,5,1,23,5,-1,-1,-1,-1,-1,-1
2017140246368,2,90,0,18,0,2,0,0,0,0,1,1,6,3,-1,-1,-1,-1,-1,-1,-1,-1
2017140246408,1,9,0,18,0,1,0,0,0,0,1,1,2,1,30,6,1994,1,12,-1,-1,-1
2017140246443,1,9,0,18,0,0,0,0,0,0,4,1,1,1,41,7,1896,2,8,-1,-1,-1
2017140246443,2,9,0,5,0,0,0,0,0,0,3,1,5,2,19,4,1198,1,9,-1,-1,-1
2017140246456,1,9,0,18,0,1,0,0,0,0,1,1,5,1,47,8,1349,1,13,5,1,5
2017140246456,2,9,0,16,0,8,0,0,0,0,3,1,5,1,25,5,1598,1,7,-1,-1,-1
2017140246513,1,9,0,18,0,0,0,0,0,0,1,1,6,2,-1,-1,-1,-1,-1,-1,-1,-1
2017140246526,1,9,0,3,0,8,0,0,0,0,2,1,6,1,64,9,1200,1,3,6,1,6
2017140246526,2,9,0,18,0,1,0,0,0,0,1,1,6,1,34,6,1590,1,22,4,1,4
2017140246564,1,11,0,4,0,0,0,0,0,0,0,1,1,1,42,7,-1,-1,-1,-1,-1,-1
2017140246785,1,9,0,18,0,0,0,0,1,0,2,1,5,2,56,9,1598,1,8,-1,-1,-1
2017140246785,2,9,0,18,0,0,0,0,0,0,1,1,6,3,-1,-1,-1,-1,-1,-1,-1,-1
2017140246836,1,9,0,2,0,0,0,0,0,0,2,1,5,1,76,11,1396,1,4,4,1,4
2017140246836,2,2,0,14,0,0,0,0,0,0,1,1,5,1,16,4,49,1,2,4,1,4
2017140246836,3,9,0,9,0,0,0,0,0,0,0,1,5,1,74,10,1200,1,1,3,1,3
2017140246886,1,9,0,18,0,7,0,0,0,0,1,1,5,1,61,9,3498,1,10,-1,-1,-1
2017140246926,1,5,0,18,0,0,1,4,1,0,1,1,5,1,24,5,675,1,5,-1,-1,-1
2017140246926,2,9,0,5,0,0,0,0,0,0,3,1,5,2,53,8,1587,1,11,-1,-1,-1
2017140246926,3,9,0,2,0,0,0,0,0,0,2,1,6,3,-1,-1,1598,1,11,-1,-1,-1
2017140246947,1,9,0,18,0,0,0,0,0,0,1,1,5,1,18,4,1197,1,2,6,3,6
2017140246947,2,9,0,12,0,0,0,0,0,0,3,1,6,1,-1,-1,973,1,18,-1,-1,-1
2017140246954,1,9,0,2,0,1,0,0,0,0,1,1,6,2,42,7,1560,2,3,-1,-1,-1
2017140246954,2,98,0,18,0,1,0,0,0,0,1,1,6,3,-1,-1,-1,-1,-1,-1,-1,-1
2017140246963,1,9,0,11,0,1,0,0,0,0,4,1,1,2,46,8,998,1,5,10,1,10
2017140246963,2,-1,0,18,0,1,0,0,0,0,1,1,6,3,-1,-1,-1,-1,-1,-1,-1,-1
2017140246979,1,9,0,17,0,8,0,0,0,0,4,1,5,1,34,6,1988,2,13,-1,-1,-1
2017140246979,2,9,0,9,0,8,0,0,0,0,1,1,5,2,38,7,1248,2,5,-1,-1,-1
2017140246986,1,9,0,18,0,0,0,0,0,0,1,1,6,1,55,8,1598,2,6,-1,-1,-1
2017140247025,1,9,0,18,0,1,0,0,0,0,4,1,1,1,51,8,1956,2,5,-1,-1,-1
2017140247027,1,9,0,18,0,1,0,0,0,0,0,1,5,2,60,9,996,1,8,-1,-1,-1
2017140247031,1,11,0,18,0,0,0,0,0,0,1,1,1,1,49,8,7300,2,14,1,1,1