Accident_Index,Vehicle_Reference,Vehicle_Type,Towing_and_Articulation,Vehicle_Manoeuvre,Vehicle_Location-Restricted_Lane,Junction_Location,Skidding_and_Overturning,Hit_Object_in_Carriageway,Vehicle_Leaving_Carriageway,Hit_Object_off_Carriageway,1st_Point_of_Impact,Was_Vehicle_Left_Hand_Drive?,Journey_Purpose_of_Driver,Sex_of_Driver,Age_of_Driver,Age_Band_of_Driver,Engine_Capacity_(CC),Propulsion_Code,Age_of_Vehicle,Driver_IMD_Decile,Driver_Home_Area_Type,Vehicle_IMD_Decile
2017140247035,1,9,0,18,0,1,0,0,1,2,3,1,5,1,28,6,998,1,15,1,1,1
2017140247035,2,9,0,18,0,1,0,0,0,0,1,1,6,3,-1,-1,-1,-1,-1,-1,-1,-1
2017140247040,1,9,0,18,0,0,1,0,1,0,1,1,5,1,21,5,1596,1,11,5,2,5
2017140247040,2,9,0,18,0,0,0,0,0,0,1,1,5,1,75,10,1587,1,10,2,1,2
2017140247045,1,9,0,18,0,1,0,0,0,0,3,1,5,1,57,9,1956,2,4,3,1,3
2017140247218,1,19,0,5,0,0,0,10,1,0,2,1,1,1,55,8,2143,2,1,-1,-1,-1
2017140247374,1,9,0,9,0,1,0,0,0,0,1,1,5,2,61,9,1598,2,-1,-1,-1,-1
2017140247374,2,9,0,18,0,8,0,0,0,0,4,1,5,1,43,7,1598,2,1,-1,-1,-1
2017140247758,1,9,0,18,0,8,0,0,0,0,3,1,5,1,38,7,1332,1,19,-1,-1,-1
2017140247758,2,9,0,18,0,8,0,0,0,0,1,1,2,1,26,6,998,1,14,-1,-1,-1
2017140247774,1,9,0,18,0,0,0,0,0,0,1,1,6,1,72,10,2477,2,14,-1,-1,-1
2017140247774,2,19,0,18,0,0,0,0,0,0,2,1,1,1,27,6,1560,2,-1,-1,-1,-1
2017140247774,3,9,0,18,0,0,0,0,0,0,1,1,6,1,51,8,1997,2,6,9,1,9
2017140247774,4,19,0,18,0,0,0,0,0,0,2,1,1,1,29,6,2299,2,5,2,1,2
2017140247774,5,9,0,18,0,0,0,0,0,0,1,1,6,1,68,10,2143,2,3,6,3,6
2017140247774,6,9,0,18,0,0,0,0,0,0,2,1,6,1,62,9,1995,2,14,7,1,7
2017140247774,7,20,0,18,0,0,0,0,0,0,0,1,6,1,38,7,4500,2,3,5,1,5
2017140247780,1,9,0,18,0,0,0,0,5,0,3,1,5,2,39,7,1956,2,3,-1,-1,-1
2017140247780,2,98,0,12,0,0,0,0,0,0,3,1,1,1,40,7,-1,-1,-1,-1,-1,-1
2017140247853,1,9,0,16,0,0,1,0,7,0,1,1,5,1,22,5,1368,1,3,8,1,8
2017140247853,2,19,0,17,0,0,0,0,0,0,1,1,5,1,52,8,2287,2,7,8,3,8
2017140247859,1,9,0,9,0,6,0,0,0,0,1,1,5,2,29,6,1951,2,13,2,1,2
2017140247859,2,9,0,18,0,8,0,0,0,0,0,1,6,3,-1,-1,-1,-1,-1,-1,-1,-1
2017140247859,3,5,0,18,0,8,1,0,1,0,2,1,6,1,49,8,1064,1,17,4,1,4
2017140247889,1,9,0,5,0,2,0,0,0,0,1,1,2,2,21,5,1998,1,2,8,1,8
2017140247889,2,9,0,5,0,2,0,0,0,0,3,1,6,2,33,6,998,1,8,5,2,5
2017140247891,1,10,0,18,0,0,0,0,0,0,1,1,6,3,52,8,1998,2,14,2,3,2
2017140247891,2,1,0,18,0,0,5,0,0,0,2,1,6,1,78,11,-1,-1,-1,4,1,4
2017140247894,1,9,0,9,0,5,0,0,0,0,3,1,2,1,47,8,1997,2,-1,2,2,2
2017140247899,1,9,0,18,0,0,0,0,7,0,3,1,5,1,78,11,1198,1,1,-1,-1,-1
2017140247901,1,9,0,17,0,0,1,0,1,1,3,1,5,2,21,5,1598,1,11,2,1,2
2017140247907,1,9,0,18,0,0,0,0,0,0,1,1,6,1,22,5,1995,2,1,5,1,5
2017140247907,2,9,0,18,0,0,0,0,0,0,2,1,6,1,23,5,1896,2,9,2,1,2
2017140247923,1,9,0,4,0,4,0,0,0,0,0,1,6,2,45,7,1248,2,4,1,1,1
2017140247923,2,9,0,4,0,1,1,0,0,0,1,1,1,1,57,9,-1,-1,-1,5,1,5
2017140247926,1,8,0,1,0,1,0,0,0,0,2,1,5,1,38,7,1968,2,5,2,1,2
2017140247934,1,9,0,18,0,2,0,0,0,0,1,1,3,1,48,8,1498,1,1,4,1,4
2017140247937,1,9,0,9,0,5,0,0,0,0,1,1,2,1,41,7,2204,2,10,6,1,6
2017140248104,1,9,0,11,0,1,0,0,0,0,1,1,1,1,48,8,1399,1,1,-1,-1,-1
2017140248110,1,11,0,18,0,0,0,0,0,0,0,1,1,1,49,8,4500,2,6,2,1,2
2017140248122,1,-1,0,18,0,2,0,0,0,0,3,1,6,3,-1,-1,-1,-1,-1,-1,-1,-1
2017140248140,1,9,0,18,0,0,0,0,0,0,4,1,6,3,21,5,1390,1,14,-1,-1,-1
2017140248160,1,9,0,5,0,0,0,0,0,0,3,1,2,2,67,10,1596,1,13,8,1,8
2017140248160,2,9,0,11,0,0,0,0,0,0,4,1,6,2,-1,-1,1242,1,13,1,1,1
2017140248174,1,1,0,18,0,0,0,0,0,0,1,1,1,1,19,4,-1,-1,-1,-1,-1,-1
2017140248174,2,8,0,9,0,0,0,0,0,0,3,1,6,1,-1,-1,2231,2,10,-1,-1,-1
2017140248202,1,9,0,18,9,0,1,7,1,0,1,1,5,2,20,4,-1,-1,-1,-1,-1,-1
2017140248234,1,9,4,4,0,0,0,0,0,0,2,1,1,1,49,8,-1,-1,-1,9,3,9
2017140248234,2,9,0,4,0,0,0,0,0,0,2,1,2,1,65,9,2488,2,10,7,1,7
2017140248234,3,19,0,4,0,0,0,0,0,0,2,1,2,1,31,6,1560,2,4,7,3,7
2017140248234,4,9,0,4,0,0,0,0,0,0,2,1,2,1,25,5,1248,2,3,2,1,2
2017140248234,5,9,0,18,0,0,0,0,0,0,1,1,5,2,48,8,1461,2,1,7,1,7
2017140248240,1,9,0,18,0,0,0,0,0,0,3,1,2,1,19,4,1398,1,-1,-1,-1,-1
2017140248240,2,9,0,13,0,0,0,0,0,0,4,1,6,3,-1,-1,-1,-1,-1,-1,-1,-1
2017140248249,1,9,0,18,0,2,0,0,1,0,1,1,5,1,17,4,1199,1,13,-1,-1,-1
2017140248260,1,9,0,18,0,1,0,0,0,0,1,1,5,1,31,6,998,1,18,-1,-1,-1
2017140248260,2,9,0,9,0,6,0,0,0,0,4,1,5,1,24,5,1199,2,4,-1,-1,-1
2017140248285,1,9,0,18,0,0,0,0,0,0,1,1,5,1,36,7,1582,2,1,-1,-1,-1
2017140248295,1,9,0,5,0,1,0,0,0,0,3,1,5,2,51,8,1360,1,13,-1,-1,-1
2017140248295,2,9,0,18,0,1,1,0,7,2,0,1,5,2,22,5,1956,2,5,10,1,10
2017140248295,3,1,0,2,9,1,0,0,0,0,0,1,6,3,-1,-1,-1,-1,-1,-1,-1,-1
2017140248296,1,9,0,9,0,0,0,0,0,0,1,1,5,1,32,6,1229,1,2,-1,-1,-1
2017140248296,2,8,0,18,2,0,0,0,0,0,1,1,5,1,53,8,2402,2,14,-1,-1,-1
2017140248335,1,1,0,18,0,4,1,0,0,0,3,1,2,1,24,5,-1,-1,-1,-1,-1,-1
2017140248335,2,9,0,18,0,4,-1,0,0,0,-1,1,6,3,-1,-1,-1,-1,-1,-1,-1,-1
2017140248341,1,9,0,2,0,1,0,0,0,0,1,1,5,1,30,6,1896,2,12,-1,-1,-1
2017140248341,2,9,0,1,0,1,0,0,0,0,2,1,6,1,-1,-1,1798,1,8,-1,-1,-1
2017140248343,1,2,0,18,0,0,0,0,0,0,1,1,2,1,51,8,49,1,17,-1,-1,-1
2017140248343,2,9,0,9,0,0,0,0,0,0,1,1,2,2,34,6,1242,1,3,-1,-1,-1
2017140248361,1,9,0,18,0,1,0,0,0,0,1,1,6,1,51,8,1360,1,13,10,3,10
2017140248364,1,9,0,9,0,1,0,0,0,0,1,1,3,1,49,8,999,1,-1,1,1,1
2017140248364,2,9,0,18,0,2,0,0,0,0,1,1,1,1,47,8,1248,2,4,4,1,4
2017140248370,1,9,0,9,0,6,1,0,3,0,3,1,5,2,21,5,1499,1,2,-1,-1,-1
2017140248370,2,19,0,18,0,1,1,0,1,0,1,1,2,1,30,6,2198,2,6,1,1,1
2017140248454,1,90,5,18,0,1,3,0,0,0,1,1,1,1,38,7,-1,-1,-1,-1,-1,-1
2017140248454,2,21,5,18,0,2,1,0,1,0,1,1,1,1,52,8,12740,2,5,-1,-1,-1
2017140248454,3,19,5,10,0,8,0,0,0,0,0,1,6,1,47,8,2143,2,3,-1,-1,-1
2017140248454,4,9,0,10,0,8,0,0,0,0,0,1,5,1,67,10,1198,1,7,-1,-1,-1
2017140248550,1,5,0,18,0,1,1,0,0,0,1,1,6,1,21,5,645,1,5,2,1,2
2017140248550,2,9,0,18,0,1,0,0,0,0,4,1,5,1,29,6,2987,2,8,2,1,2
2017140248582,1,19,0,18,0,0,0,4,0,0,1,1,1,1,36,7,2198,2,3,-1,-1,-1
2017140248582,2,9,0,2,0,0,0,0,1,0,2,1,5,2,36,7,1586,1,5,-1,-1,-1
2017140248606,1,9,0,2,0,0,0,0,0,0,0,1,5,2,22,5,1598,2,8,-1,-1,-1
2017140248606,2,9,0,18,0,0,0,0,0,0,2,1,5,2,50,8,1364,1,1,-1,-1,-1
2017140248606,3,9,0,18,0,0,0,0,0,0,1,1,5,1,26,6,1598,1,10,-1,-1,-1
2017140248606,4,9,0,18,0,0,0,0,0,0,1,1,5,2,41,7,1560,2,7,-1,-1,-1
2017140248611,1,9,0,18,0,0,0,0,0,0,2,1,2,1,42,7,1560,2,5,-1,-1,-1
2017140248611,2,9,0,18,0,0,0,0,0,0,2,1,5,2,52,8,1870,2,7,-1,-1,-1
2017140248611,3,21,0,18,0,0,0,0,0,0,1,1,1,1,42,7,5132,2,2,-1,-1,-1
2017140248649,1,9,0,18,0,0,0,0,0,0,1,1,1,2,48,8,1560,2,13,5,1,5
2017140248678,1,9,0,6,0,8,0,0,0,0,1,1,2,1,46,8,1998,2,13,5,1,5
2017140248678,2,9,0,18,0,8,0,0,0,0,4,1,6,1,23,5,1968,2,6,2,2,2
2017140248682,1,9,0,18,0,0,1,7,2,0,1,1,6,3,-1,-1,1299,1,14,-1,-1,-1
2017140248775,1,11,0,18,0,1,0,0,-1,0,0,1,1,3,51,8,4500,2,6,2,1,2
2017140248775,2,8,0,18,0,3,0,0,-1,0,0,1,6,3,-1,-1,-1,-1,-1,-1,-1,-1
2017140248792,1,9,0,2,0,1,0,0,0,0,2,1,5,2,52,8,1200,1,-1,-1,-1,-1
2017140248792,2,9,0,4,0,1,0,0,0,0,1,1,6,2,-1,-1,1900,2,11,1,1,1
2017140248808,1,9,0,18,0,0,0,0,0,0,4,1,6,3,-1,-1,-1,-1,-1,-1,-1,-1
2017140248853,1,19,0,18,0,3,5,0,0,0,4,1,2,1,45,7,1870,2,13,-1,-1,-1
2017140248853,2,9,0,18,0,4,1,0,0,0,1,1,6,1,28,6,1360,1,14,-1,-1,-1
2017140248854,1,9,0,11,0,0,0,0,0,0,1,1,5,1,33,6,1968,2,-1,6,1,6
2017140248868,1,9,0,18,0,0,0,0,0,0,2,1,5,2,39,7,1997,2,8,1,1,1
2017140248868,2,9,0,18,0,0,0,0,0,0,1,1,5,1,40,7,998,1,2,5,1,5
2017140248891,1,9,0,18,0,0,0,0,0,0,1,1,5,1,69,10,1360,1,12,7,1,7
2017140248891,2,9,0,2,0,0,0,0,0,0,3,1,5,2,29,6,1364,1,9,3,1,3
2017140248896,1,9,0,9,0,2,0,0,0,0,1,1,6,1,24,5,1595,2,7,1,1,1
2017140248896,2,3,0,18,0,8,0,0,0,0,1,1,6,1,21,5,124,1,4,2,1,2
2017140249074,1,19,0,18,0,0,0,0,5,0,1,1,1,1,35,6,2198,2,3,-1,-1,-1
2017140249074,2,9,0,18,0,0,0,0,0,0,2,1,5,2,32,6,1499,1,1,2,1,2
2017140249074,3,21,0,4,0,0,0,0,0,0,2,1,1,1,49,8,12740,2,1,-1,-1,-1
2017140249074,4,9,0,18,0,0,0,0,0,0,3,1,2,1,45,7,-1,-1,-1,1,1,1
2017140249122,1,9,0,9,0,6,0,0,0,0,1,1,5,1,50,8,1396,1,18,-1,-1,-1
2017140249122,2,1,0,18,0,1,0,0,0,0,1,1,6,1,21,5,-1,-1,-1,-1,-1,-1
2017140249137,1,9,0,9,0,8,0,0,0,0,1,1,5,1,22,5,2967,2,6,-1,-1,-1
2017140249137,2,3,0,18,0,8,0,0,0,0,1,1,1,1,22,5,125,1,1,-1,-1,-1
2017140249163,1,9,0,16,0,0,1,0,0,0,1,1,2,2,46,8,1299,1,14,2,1,2
2017140249197,1,9,0,9,0,2,0,0,0,0,3,1,2,1,44,7,1390,1,12,8,1,8
2017140249197,2,9,0,18,0,2,0,0,0,0,1,1,5,1,32,6,1198,1,13,-1,-1,-1
2017140249206,1,9,0,17,0,4,0,0,0,0,1,1,5,2,35,6,1197,1,-1,10,1,10
2017140249206,2,9,0,18,0,3,0,7,0,0,1,1,5,1,32,6,1332,1,7,3,1,3
2017140249216,1,9,0,9,0,5,0,0,0,0,1,1,1,1,50,8,1598,2,4,9,1,9
2017140249216,2,5,0,13,0,1,0,0,0,0,1,1,6,1,60,9,1050,1,2,4,2,4
2017140249240,1,9,0,5,0,4,0,0,0,0,0,1,6,2,47,8,1398,1,3,5,2,5
2017140249240,2,1,0,18,0,8,0,0,0,0,0,1,6,2,59,9,-1,-1,-1,2,1,2
2017140249270,1,5,0,3,0,1,0,0,0,0,2,1,2,1,52,8,599,1,7,8,1,8
2017140249270,2,9,0,18,0,1,0,0,0,0,1,1,6,1,52,8,1975,1,10,7,1,7
2017140249287,1,9,0,18,0,4,0,0,0,0,1,1,6,1,74,10,1587,1,13,4,3,4
2017140249287,2,9,0,17,0,3,0,0,0,0,1,1,6,2,24,5,2143,2,3,3,1,3
2017140249297,1,9,0,18,0,0,0,0,0,0,1,1,6,3,-1,-1,-1,-1,-1,-1,-1,-1
2017140249301,1,11,0,18,0,0,0,0,0,0,0,1,1,1,53,8,6871,2,9,4,1,4
2017140249309,1,9,0,18,0,0,0,0,0,0,1,1,5,1,61,9,1840,1,14,-1,-1,-1
2017140249488,1,9,0,5,0,3,0,0,0,0,1,1,2,1,32,6,1598,1,12,6,1,6
2017140249488,2,1,0,18,0,4,0,0,0,0,1,1,6,1,31,6,-1,-1,-1,-1,-1,-1
2017140249507,1,9,0,18,0,0,0,0,0,0,1,1,6,1,24,5,1686,2,11,-1,-1,-1
2017140249557,1,9,0,5,8,0,0,0,0,0,1,1,1,1,31,6,2204,2,9,-1,-1,-1
2017140249557,2,9,0,18,0,0,0,0,0,0,4,1,5,1,67,10,1896,2,12,3,1,3
2017140249568,1,9,0,18,0,0,0,0,1,11,1,1,6,2,47,8,1329,1,6,-1,-1,-1
2017140249568,2,9,0,18,0,0,0,0,0,0,1,1,6,2,85,11,-1,-1,-1,-1,-1,-1
2017140249568,3,21,0,18,0,0,0,0,0,0,1,1,1,1,47,8,10800,2,2,-1,-1,-1
2017140249613,1,9,0,18,0,0,0,0,8,0,0,1,6,3,-1,-1,-1,-1,-1,-1,-1,-1
2017140249613,2,9,0,18,0,0,0,0,8,0,1,1,2,1,47,8,2143,2,1,-1,-1,-1
2017140249613,3,9,0,18,0,0,0,0,8,0,1,1,2,2,48,8,1685,2,4,-1,-1,-1
2017140249613,4,9,0,18,0,0,0,0,8,0,1,1,2,1,49,8,-1,-1,-1,-1,-1,-1
2017140249613,5,9,0,18,0,0,0,0,8,0,2,1,6,2,68,10,1198,1,3,-1,-1,-1
2017140249613,6,9,0,18,0,0,0,0,8,0,2,1,2,1,34,6,1587,1,12,-1,-1,-1
2017140249613,7,9,0,18,0,0,0,0,8,0,2,1,1,1,37,7,1968,2,2,-1,-1,-1
2017140249613,8,21,0,18,0,0,0,0,8,0,2,1,1,1,24,5,-1,-1,-1,-1,-1,-1
2017140249613,9,19,0,18,0,0,0,0,0,0,2,1,1,1,24,5,2143,2,1,-1,-1,-1
2017140249613,10,9,0,18,0,0,0,0,0,0,1,1,1,2,25,5,1390,1,11,-1,-1,-1
2017140249630,1,9,0,17,0,0,1,0,7,0,4,1,5,2,64,9,1598,1,14,9,3,9
2017140249630,2,9,0,18,0,0,0,0,0,0,1,1,5,1,24,5,1461,2,-1,10,1,10
2017140249647,1,3,0,18,0,0,1,0,0,0,4,1,2,1,32,6,124,1,9,5,1,5
2017140249647,2,9,0,13,0,0,0,0,0,0,0,1,6,3,16,4,-1,-1,-1,-1,-1,-1
2017140249652,1,19,0,18,1,0,0,0,0,0,1,1,1,1,70,10,2998,2,1,10,1,10
2017140249652,2,9,0,18,1,0,0,0,0,0,2,1,5,2,52,8,1461,2,4,6,1,6
2017140249660,1,9,0,9,0,8,0,0,0,0,3,1,5,2,65,9,2500,2,14,5,1,5
2017140249667,1,9,0,17,0,2,0,0,3,0,1,1,2,1,32,6,1499,2,2,9,1,9
2017140249670,1,9,0,18,0,0,0,0,0,0,2,1,5,2,30,6,1124,1,7,4,1,4
2017140249670,2,9,0,18,0,0,0,0,0,0,1,1,5,1,26,6,1596,1,15,4,1,4
2017140249673,1,9,0,17,0,1,0,9,7,0,1,1,5,2,80,11,1388,1,7,9,1,9
2017140249674,1,9,0,4,0,1,0,0,0,0,2,1,5,2,47,8,1390,1,13,2,1,2
2017140249674,2,9,0,18,0,1,0,0,0,0,1,1,6,1,32,6,2698,2,9,1,1,1
2017140249973,1,9,0,18,0,1,1,0,0,0,1,1,5,1,32,6,1397,1,6,-1,-1,-1
2017140249973,2,9,0,2,0,1,0,0,1,0,2,1,6,2,53,8,1560,2,9,-1,-1,-1
2017140249980,1,9,0,18,0,0,0,0,0,0,3,1,5,1,41,7,2987,2,11,-1,-1,-1
2017140249980,2,9,0,2,0,0,0,0,0,0,3,1,6,2,28,6,1240,1,13,-1,-1,-1
2017140249980,3,9,0,2,0,0,0,0,0,0,3,1,6,1,45,7,1248,2,12,-1,-1,-1
2017140249980,4,9,0,2,0,0,0,0,0,0,3,1,6,1,-1,-1,1871,2,13,-1,-1,-1
2017140250127,1,9,0,18,0,0,0,0,0,0,1,1,5,2,27,6,1896,2,12,-1,-1,-1
2017140250127,2,9,0,2,0,0,0,0,0,0,1,1,6,3,-1,-1,1598,1,5,-1,-1,-1
2017140250149,1,9,0,5,0,8,0,0,0,0,1,1,5,1,44,7,1360,1,8,-1,-1,-1
2017140250149,2,1,0,18,0,1,0,0,0,0,1,1,6,1,59,9,-1,-1,-1,-1,-1,-1
2017140250173,1,9,0,18,0,0,0,10,4,0,1,1,5,2,28,6,1398,1,7,-1,-1,-1
2017140250173,2,21,1,18,0,0,0,0,0,0,3,1,1,1,29,6,9186,2,4,-1,-1,-1
2017140250187,1,9,0,9,0,8,0,0,0,0,1,1,5,2,72,10,1124,1,11,-1,-1,-1
2017140250187,2,2,0,18,0,1,1,0,0,0,3,1,2,1,22,5,49,1,14,-1,-1,-1
2017140250223,1,9,0,18,0,0,0,0,0,0,4,1,2,1,52,8,1461,2,2,-1,-1,-1
2017140250396,1,9,0,9,0,4,0,0,0,0,4,1,5,2,22,5,1399,2,8,10,1,10
2017140250396,2,5,0,18,0,8,0,0,0,0,1,1,6,1,-1,-1,649,1,7,-1,-1,-1
2017140250434,1,9,0,17,0,0,0,0,0,0,3,1,6,2,44,7,1598,1,7,-1,-1,-1
2017140250434,2,9,0,13,0,0,0,0,0,0,1,1,5,1,79,11,1499,2,-1,7,1,7
2017140250449,1,9,0,18,0,2,0,0,0,0,1,1,5,1,22,5,1984,1,2,4,1,4
2017140250569,1,9,0,18,0,1,0,0,0,0,1,1,5,2,41,7,1995,2,14,2,1,2
2017140250569,2,9,0,9,0,6,0,0,0,0,1,1,5,1,30,6,1995,2,10,-1,-1,-1
2017140250611,1,9,0,6,0,0,0,0,0,0,4,1,5,2,34,6,1329,1,5,-1,-1,-1
2017140250611,2,9,0,18,0,0,1,0,0,0,1,1,5,1,25,5,1995,2,12,-1,-1,-1
2017140250633,1,9,0,17,0,1,0,0,0,0,4,1,6,2,39,7,1364,1,1,7,1,7
2017140250633,2,9,0,9,0,6,0,0,0,0,1,1,6,2,52,8,1560,2,7,9,1,9
2017140250635,1,20,0,16,0,0,1,0,1,0,1,1,2,1,21,5,-1,-1,-1,-1,-1,-1
2017140250637,1,9,0,18,0,1,0,0,1,0,1,1,3,2,40,7,1749,1,16,1,1,1
2017140250637,2,9,0,5,0,6,0,0,0,0,1,1,6,1,76,11,1229,1,9,1,1,1
2017140250807,1,8,0,18,0,0,0,0,0,0,1,1,1,1,25,5,2143,2,5,10,1,10
2017140250850,1,9,0,18,0,0,0,0,0,0,1,1,1,2,38,7,1461,2,3,-1,-1,-1
2017140250865,1,11,0,18,0,1,0,0,0,0,3,1,1,2,37,7,9360,2,9,1,1,1
2017140250865,2,9,0,11,0,1,0,0,0,0,4,1,6,2,32,6,1560,2,8,7,1,7
2017140250877,1,9,0,7,0,1,0,0,0,0,4,1,5,1,31,6,998,1,1,-1,-1,-1
2017140250877,2,9,0,5,0,1,0,0,0,0,1,1,5,2,35,6,1991,2,10,-1,-1,-1
2017140250908,1,9,0,4,0,1,0,0,0,0,2,1,2,2,35,6,2179,2,3,8,1,8
2017140250908,2,19,0,5,0,1,0,0,0,0,1,1,1,1,22,5,1499,2,-1,3,1,3
2017140250908,3,9,0,5,0,1,0,0,0,0,1,1,6,1,55,8,1598,1,13,1,1,1
2017140250910,1,9,0,2,0,0,0,0,0,0,3,1,5,1,43,7,1043,1,21,1,1,1
2017140250910,2,98,0,18,0,0,0,4,0,0,3,1,1,1,63,9,-1,-1,-1,-1,-1,-1
2017140250943,1,9,0,18,0,1,0,0,1,0,1,1,2,1,40,7,1198,1,2,8,1,8
2017140250943,2,9,0,18,0,8,0,0,3,0,1,1,2,1,50,8,1956,2,6,9,1,9
2017140250994,1,9,0,4,0,1,0,0,0,0,2,1,5,1,62,9,998,1,-1,7,1,7
2017140250994,2,4,0,4,0,1,2,4,0,0,1,1,5,1,26,6,49,1,1,1,1,1
2017140251014,1,4,0,18,0,0,0,0,0,0,2,1,2,1,35,6,373,1,-1,6,1,6
2017140251014,2,9,0,18,0,0,0,0,0,0,1,1,2,2,25,5,1197,1,1,8,2,8
2017140251063,1,9,0,7,0,1,0,0,0,0,4,1,2,1,46,8,1749,1,16,8,1,8
2017140251063,2,1,0,18,0,1,0,0,0,0,1,1,6,1,35,6,-1,-1,-1,6,1,6
2017140251075,1,8,0,16,0,0,0,0,0,0,1,1,1,1,-1,-1,1995,2,14,-1,-1,-1
2017140251075,2,9,0,16,0,0,0,0,0,0,2,1,6,3,-1,-1,-1,-1,-1,-1,-1,-1
2017140251082,1,9,0,18,0,0,1,0,1,0,1,1,5,2,21,5,1124,1,15,-1,-1,-1
2017140251082,2,16,0,18,0,0,0,0,0,0,2,1,5,2,26,6,-1,-1,-1,2,1,2
2017140251096,1,9,0,16,0,0,1,0,1,0,1,1,5,1,18,4,1229,1,5,-1,-1,-1
2017140251117,1,9,0,18,0,0,0,0,0,0,1,1,5,2,60,9,1242,1,6,1,1,1
2017140251300,1,98,0,18,0,0,0,0,0,0,1,1,1,1,31,6,-1,-1,-1,-1,-1,-1
2017140251300,2,9,0,18,0,0,0,0,0,0,2,1,1,2,62,9,1598,2,5,-1,-1,-1
2017140251309,1,9,0,18,0,1,0,0,0,0,3,1,5,1,68,10,1587,1,12,-1,-1,-1
2017140251350,1,11,0,18,0,0,0,0,0,0,0,1,1,1,42,7,4461,2,3,-1,-1,-1
2017140251363,1,3,0,18,0,1,0,0,0,0,1,1,5,1,20,4,125,1,9,-1,-1,-1
2017140251363,2,9,0,9,0,5,0,0,0,0,1,1,5,1,43,7,1598,2,1,1,1,1
2017140251381,1,9,0,18,0,0,0,0,0,0,4,1,1,1,37,7,-1,-1,-1,2,1,2
2017140251381,2,1,0,18,0,0,0,0,0,0,0,1,5,1,66,10,-1,-1,-1,2,2,2
2017140251400,1,9,0,18,0,0,1,0,0,0,1,1,5,1,55,8,1388,1,14,-1,-1,-1
2017140251400,2,9,0,18,0,0,0,0,0,0,1,1,5,2,27,6,1388,1,14,5,1,5
2017140251413,1,9,0,17,0,0,0,0,0,0,1,1,5,2,31,6,1968,2,4,2,1,2
2017140251413,2,9,0,16,0,0,1,0,0,0,1,1,5,1,40,7,1398,1,14,1,1,1
2017140251470,1,9,0,17,0,0,2,0,7,0,1,1,5,2,21,5,1248,1,5,-1,-1,-1
2017140251505,1,9,0,17,0,0,1,4,0,0,1,1,2,1,23,5,1329,1,4,7,1,7
2017140251505,2,9,0,2,9,0,0,0,0,0,2,1,6,3,-1,-1,-1,-1,-1,-1,-1,-1
2017140251505,3,9,0,2,0,0,0,0,0,0,1,1,6,3,-1,-1,-1,-1,-1,-1,-1,-1
2017140251513,1,9,0,17,0,1,0,0,0,0,1,1,5,1,32,6,1995,2,10,7,1,7
2017140251513,2,9,0,18,0,6,0,0,0,0,3,1,5,2,28,6,1560,2,9,2,1,2
2017140251532,1,9,0,13,0,0,1,0,7,0,1,1,6,1,20,4,998,1,11,2,1,2
2017140251532,2,9,0,18,0,0,0,0,0,0,1,1,6,1,17,4,1149,1,13,2,1,2
2017140251534,1,19,0,17,0,0,1,4,0,0,1,1,6,1,32,6,1753,2,13,6,1,6
2017140251534,2,9,0,2,0,0,0,4,0,0,1,1,5,2,51,8,1398,1,-1,6,1,6
2017140251534,3,9,0,2,0,0,0,0,0,0,1,1,5,1,54,8,1499,2,1,6,1,6
2017140251544,1,90,1,12,0,0,0,0,0,0,2,1,1,1,48,8,-1,-1,-1,7,3,7
2017140251544,2,9,0,18,0,0,0,0,0,0,1,1,6,1,21,5,1995,2,14,-1,-1,-1
2017140251725,1,9,0,9,0,8,0,0,0,0,3,1,6,2,40,7,1390,1,3,-1,-1,-1
2017140251725,2,3,0,14,0,1,0,0,0,0,1,1,2,1,54,8,150,1,34,-1,-1,-1
2017140251772,1,9,0,5,0,4,0,0,0,0,2,1,6,2,42,7,1242,1,12,-1,-1,-1
2017140251772,2,9,0,18,0,4,0,0,0,0,1,1,6,2,50,8,1685,2,1,-1,-1,-1
2017140251797,1,9,0,2,0,0,0,0,0,0,3,1,6,2,38,7,1364,1,12,-1,-1,-1
2017140251797,2,9,0,2,0,0,0,0,0,0,3,1,6,1,38,7,1997,2,9,-1,-1,-1
2017140251797,3,9,0,18,0,0,0,0,0,0,1,1,6,2,-1,-1,1360,1,13,-1,-1,-1
2017140251864,1,9,0,16,0,0,0,0,0,0,1,1,5,1,18,4,1390,1,7,-1,-1,-1
2017140251864,2,9,0,16,0,0,0,0,0,0,1,1,5,1,21,5,1399,2,12,-1,-1,-1
2017140251865,1,17,0,9,0,0,0,0,0,0,1,1,1,1,27,6,-1,-1,-1,-1,-1,-1
2017140251865,2,9,0,18,0,0,0,0,0,0,1,1,2,2,76,11,1998,2,8,-1,-1,-1
2017140252155,1,9,0,18,0,0,0,0,0,0,2,1,1,1,30,6,1910,2,10,2,1,2
2017140252155,2,9,0,18,0,0,0,0,0,0,2,1,1,1,40,7,-1,-1,-1,2,1,2
2017140252155,3,9,0,18,0,0,0,0,0,0,2,1,1,2,30,6,1783,1,15,2,1,2
2017140252155,4,9,0,18,0,0,0,0,0,0,1,1,5,1,40,7,-1,-1,-1,2,1,2
2017140252166,1,9,0,18,0,0,1,0,0,0,1,1,6,3,-1,-1,1999,1,12,-1,-1,-1
2017140252166,2,9,0,18,0,0,0,0,0,0,2,1,1,2,49,8,1598,2,2,-1,-1,-1