Accident_Index,Vehicle_Reference,Vehicle_Type,Towing_and_Articulation,Vehicle_Manoeuvre,Vehicle_Location-Restricted_Lane,Junction_Location,Skidding_and_Overturning,Hit_Object_in_Carriageway,Vehicle_Leaving_Carriageway,Hit_Object_off_Carriageway,1st_Point_of_Impact,Was_Vehicle_Left_Hand_Drive?,Journey_Purpose_of_Driver,Sex_of_Driver,Age_of_Driver,Age_Band_of_Driver,Engine_Capacity_(CC),Propulsion_Code,Age_of_Vehicle,Driver_IMD_Decile,Driver_Home_Area_Type,Vehicle_IMD_Decile
2017140252172,1,19,0,1,0,0,0,0,0,0,2,1,6,1,-1,-1,1998,2,14,2,1,2
2017140252190,1,9,0,18,0,0,0,0,1,0,4,1,6,2,43,7,1390,1,4,-1,-1,-1
2017140252190,2,9,0,5,0,0,0,0,0,0,1,1,6,1,89,11,1086,1,9,6,1,6
2017140252193,1,1,0,18,0,0,0,0,0,0,2,1,6,1,17,4,-1,-1,-1,3,1,3
2017140252193,2,9,0,13,0,0,0,0,0,0,1,1,2,1,33,6,1461,2,-1,4,1,4
2017140252383,1,9,0,18,0,0,0,0,0,0,4,1,5,2,56,9,998,1,1,5,1,5
2017140252383,2,97,0,18,0,0,0,0,0,0,1,1,6,3,-1,-1,-1,-1,-1,-1,-1,-1
2017140252398,1,9,0,3,0,1,0,0,0,0,2,1,5,2,62,9,1560,2,3,6,1,6
2017140252398,2,9,0,18,0,1,0,0,0,0,1,1,6,1,47,8,2500,2,24,-1,-1,-1
2017140252528,1,9,0,18,0,0,0,0,0,0,3,1,6,1,47,8,2204,2,10,4,2,4
2017140252528,2,9,0,18,0,0,0,0,0,0,1,1,6,1,-1,-1,973,1,18,-1,-1,-1
2017140252552,1,9,0,18,0,0,0,0,0,0,4,1,5,1,35,6,1798,1,10,3,1,3
2017140252552,2,9,0,5,0,0,0,0,0,0,1,1,6,2,-1,-1,1968,2,6,-1,-1,-1
2017140252739,1,3,0,18,0,0,0,0,0,0,1,1,5,1,17,4,125,1,1,2,1,2
2017140252739,2,9,0,18,0,0,0,0,0,0,2,1,6,2,28,6,-1,-1,-1,-1,-1,-1
2017140252799,1,11,0,18,0,1,0,0,0,0,0,1,1,1,61,9,4500,2,6,8,1,8
2017140252820,1,9,0,5,0,0,0,0,0,0,4,1,5,1,39,7,1997,2,9,6,3,6
2017140252820,2,9,0,18,0,0,0,0,0,0,1,1,6,2,47,8,1797,8,8,1,1,1
2017140253264,1,9,0,9,0,2,0,0,0,0,3,1,6,2,30,6,2231,2,11,-1,-1,-1
2017140253264,2,3,0,14,0,1,0,0,0,0,1,1,6,1,40,7,124,1,13,-1,-1,-1
2017140253286,1,8,0,3,0,4,0,0,0,0,2,1,1,1,31,6,1995,2,3,-1,-1,-1
2017140253286,2,11,0,4,0,1,0,0,0,0,1,1,1,1,24,5,4500,2,1,-1,-1,-1
2017140253332,1,19,0,9,0,5,0,0,1,0,4,1,5,1,61,9,1910,2,9,-1,-1,-1
2017140253332,2,1,0,18,0,8,0,0,7,0,1,1,2,1,63,9,-1,-1,-1,-1,-1,-1
2017140253345,1,90,0,18,0,8,0,0,0,0,1,1,1,1,46,8,7146,2,7,-1,-1,-1
2017140253362,1,9,0,16,0,1,2,0,0,0,1,1,5,2,20,4,1388,1,14,-1,-1,-1
2017140253374,1,11,0,18,0,1,0,0,0,0,1,1,5,1,28,6,4250,2,15,-1,-1,-1
2017140253374,2,9,0,9,0,6,0,0,0,0,1,1,1,1,35,6,-1,-1,-1,-1,-1,-1
2017140253477,1,9,0,16,0,0,1,0,8,0,1,1,6,3,-1,-1,1910,2,12,-1,-1,-1
2017140253489,1,3,0,18,0,0,0,0,0,0,1,1,6,1,-1,-1,124,1,2,-1,-1,-1
2017140253489,2,9,-1,3,0,0,0,0,0,0,3,1,5,2,36,7,1956,2,3,5,1,5
2017140253571,1,21,0,18,0,0,0,0,7,0,4,1,6,1,32,6,-1,-1,-1,-1,-1,-1
2017140253571,2,9,0,18,0,0,0,0,0,0,4,1,6,2,45,7,1461,2,1,-1,-1,-1
2017140253571,3,9,0,18,0,0,0,0,0,0,4,1,5,1,59,9,995,1,10,-1,-1,-1
2017140253571,4,9,0,7,0,0,0,0,0,0,0,1,6,1,32,6,1686,2,7,6,1,6
2017140253591,1,9,0,9,0,8,0,0,0,0,4,1,5,1,27,6,1343,1,13,-1,-1,-1
2017140253591,2,3,0,18,0,1,0,0,0,0,1,1,5,1,17,4,124,1,3,-1,-1,-1
2017140253620,1,8,0,18,0,-1,0,0,0,0,1,1,6,3,-1,-1,-1,-1,-1,-1,-1,-1
2017140253623,1,9,0,9,0,2,0,0,0,0,1,1,2,1,21,5,998,1,2,-1,-1,-1
2017140253623,2,3,0,14,0,1,0,0,0,0,1,1,2,1,20,4,124,1,1,-1,-1,-1
2017140253630,1,9,0,18,0,2,0,0,0,0,1,1,5,1,25,5,1229,1,4,9,2,9
2017140253630,2,9,0,18,0,2,0,0,0,0,3,1,1,1,35,6,1995,2,2,7,1,7
2017140253665,1,9,0,10,0,0,0,0,0,0,1,1,1,2,45,7,1598,2,1,8,1,8
2017140253665,2,9,0,13,0,0,0,0,7,0,1,1,1,2,61,9,998,1,10,2,1,2
2017140253680,1,9,0,18,0,1,1,0,0,0,1,1,1,2,47,8,2179,2,2,-1,-1,-1
2017140253680,2,9,0,3,0,1,0,0,0,0,2,1,5,1,82,11,2967,2,2,-1,-1,-1
2017140253687,1,3,0,18,0,0,0,0,0,0,4,1,5,1,19,4,124,1,-1,1,1,1
2017140253687,2,9,0,5,0,0,0,0,0,0,1,1,5,1,87,11,1388,1,5,8,1,8
2017140253705,1,1,0,18,0,1,0,0,2,0,2,1,6,1,40,7,-1,-1,-1,4,1,4
2017140253705,2,19,0,18,0,1,0,0,0,0,1,1,1,1,34,6,2287,2,3,2,1,2
2017140253718,1,9,0,9,0,1,0,0,0,0,3,1,2,2,48,8,1197,1,4,8,1,8
2017140253718,2,5,0,18,0,1,0,0,0,0,3,1,5,1,26,6,600,1,21,1,1,1
2017140253726,1,9,0,18,0,1,0,0,0,0,1,1,5,1,19,4,1364,1,9,-1,-1,-1
2017140253727,1,9,0,18,0,0,0,0,0,0,4,1,6,1,35,6,1390,1,14,2,1,2
2017140253750,1,9,0,18,0,1,0,0,0,0,1,1,2,1,25,5,1461,2,1,-1,-1,-1
2017140253750,2,9,0,9,0,6,0,0,7,0,4,1,5,2,34,6,1395,1,-1,-1,-1,-1
2017140253788,1,9,0,18,0,4,0,0,0,0,1,1,5,1,32,6,1956,2,6,-1,-1,-1
2017140253788,2,1,0,18,0,6,0,0,0,0,1,1,6,1,42,7,-1,-1,-1,-1,-1,-1
2017140253816,1,9,0,18,0,1,1,10,1,0,1,1,5,2,52,8,1896,2,13,-1,-1,-1
2017140253831,1,9,0,9,0,8,0,0,0,0,3,1,5,1,41,7,1999,1,1,-1,-1,-1
2017140253831,2,1,0,9,0,8,0,0,0,0,1,1,5,1,55,8,-1,-1,-1,-1,-1,-1
2017140253845,1,11,0,18,0,0,0,0,0,0,0,1,1,3,-1,-1,-1,-1,-1,-1,-1,-1
2017140253863,1,9,0,9,0,8,0,0,0,0,1,1,6,1,25,5,1328,1,9,1,1,1
2017140253970,1,9,0,18,0,1,0,0,1,7,3,1,6,1,27,6,1364,1,7,-1,-1,-1
2017140253970,2,9,0,18,0,1,0,0,0,0,4,1,6,3,-1,-1,-1,-1,-1,-1,-1,-1
2017140253980,1,9,0,3,0,8,0,0,0,0,2,1,5,2,32,6,1229,1,8,6,1,6
2017140253980,2,9,0,18,0,8,0,0,0,0,1,1,6,3,-1,-1,-1,-1,-1,-1,-1,-1
2017140253995,1,9,0,9,0,5,0,0,0,0,2,1,5,1,85,11,1461,2,1,7,2,7
2017140253995,2,9,0,18,0,1,0,0,0,0,1,1,5,1,82,11,1386,1,8,-1,-1,-1
2017140254007,1,9,0,18,0,0,0,0,0,0,1,1,5,2,33,6,1995,2,8,5,3,5
2017140254023,1,9,0,18,0,1,5,0,1,0,1,1,6,1,46,8,-1,-1,-1,-1,-1,-1
2017140254024,1,9,0,18,0,2,0,0,0,0,1,1,5,1,81,11,2685,2,14,4,1,4
2017140254024,2,1,0,18,0,1,0,0,0,0,1,1,6,1,61,9,-1,-1,-1,4,1,4
2017140254056,1,9,0,18,0,1,0,0,0,0,1,1,2,1,19,4,1896,2,11,8,1,8
2017140254056,2,9,0,9,0,1,0,0,0,0,1,1,5,2,41,7,998,1,-1,3,1,3
2017140254074,1,9,0,9,0,6,0,0,0,0,1,1,5,1,27,6,1968,2,8,1,1,1
2017140254074,2,3,0,18,0,1,1,0,0,0,1,1,2,1,28,6,124,1,7,6,1,6
2017140254084,1,9,0,4,0,1,0,0,0,0,1,1,2,1,30,6,1997,2,-1,1,1,1
2017140254084,2,9,0,18,0,8,0,0,1,0,4,1,2,1,32,6,1395,1,1,10,1,10
2017140254087,1,9,0,4,0,0,0,0,0,0,2,1,5,2,25,5,1124,1,12,-1,-1,-1
2017140254087,2,3,0,4,0,0,1,0,0,0,1,1,5,1,23,5,124,1,6,-1,-1,-1
2017140254113,1,9,0,18,0,4,1,7,3,0,1,1,5,2,21,5,1995,2,7,-1,-1,-1
2017140254122,1,9,0,4,0,1,0,0,0,0,2,1,5,2,42,7,1968,2,3,-1,-1,-1
2017140254122,2,9,0,18,0,1,0,0,0,0,1,1,2,1,18,4,998,1,4,-1,-1,-1
2017140254157,1,9,0,2,0,0,0,0,0,0,0,1,5,1,29,6,1995,1,10,-1,-1,-1
2017140254157,2,9,0,18,0,0,0,0,0,0,2,1,5,1,52,8,1560,2,7,-1,-1,-1
2017140254157,3,11,0,18,0,0,0,0,0,0,1,1,1,1,64,9,6696,2,2,-1,-1,-1
2017140254185,1,9,0,18,0,0,0,0,0,0,3,1,3,2,50,8,1198,1,3,-1,-1,-1
2017140254205,1,9,0,9,0,7,0,0,8,0,1,1,4,2,23,5,1296,1,10,-1,-1,-1
2017140254205,2,9,0,18,0,1,0,0,0,0,4,1,3,1,64,9,1496,2,-1,-1,-1,-1
2017140254225,1,9,0,18,0,1,0,0,0,0,1,1,5,2,50,8,1242,1,3,-1,-1,-1
2017140254249,1,8,0,9,0,8,0,0,0,0,3,1,2,1,33,6,1995,2,4,-1,-1,-1
2017140254262,1,9,0,4,0,0,0,0,0,0,2,1,5,1,76,11,1248,1,4,-1,-1,-1
2017140254262,2,1,0,18,0,0,0,0,0,0,1,1,6,2,25,5,-1,-1,-1,-1,-1,-1
2017140254264,1,9,0,18,0,0,0,2,4,0,1,1,5,1,31,6,2495,2,19,1,1,1
2017140254264,2,9,0,2,6,0,0,0,0,0,2,1,5,1,40,7,2204,2,11,-1,-1,-1
2017140254385,1,90,0,18,0,1,0,0,0,0,2,1,2,1,49,8,6374,2,17,7,3,7
2017140254385,2,19,0,18,0,1,0,0,0,0,1,1,1,1,29,6,1461,2,1,3,1,3
2017140254402,1,9,0,18,0,0,0,0,0,0,1,1,3,1,44,7,999,1,-1,2,1,2
2017140254422,1,9,0,18,0,1,0,0,0,0,3,1,5,2,19,4,1591,1,9,4,2,4
2017140254428,1,9,0,18,0,0,0,0,2,0,1,1,6,1,31,6,1598,1,11,-1,-1,-1
2017140254428,2,9,0,18,0,0,0,0,0,0,1,1,6,1,32,6,1910,2,10,-1,-1,-1
2017140254428,3,19,0,18,0,0,0,0,0,0,1,1,6,1,20,4,1499,2,1,-1,-1,-1
2017140254460,1,9,0,18,0,1,0,0,0,0,1,1,2,1,27,6,1896,2,15,4,1,4
2017140254460,2,21,1,5,0,6,0,0,0,0,3,1,1,1,40,7,12740,2,5,-1,-1,-1
2017140254516,1,98,0,18,0,1,0,0,0,0,1,1,6,3,-1,-1,-1,-1,-1,-1,-1,-1
2017140254516,2,9,0,18,0,1,0,0,0,0,1,1,6,1,50,8,1242,1,10,-1,-1,-1
2017140254516,3,9,0,18,0,1,0,0,0,0,1,1,1,1,32,6,1149,1,14,-1,-1,-1
2017140254518,1,9,0,6,0,8,0,0,0,0,2,1,5,2,20,4,1368,1,-1,4,1,4
2017140254518,2,9,0,3,0,1,0,0,0,0,2,1,5,1,55,8,1398,1,-1,4,1,4
2017140254518,3,9,0,15,0,1,0,0,0,0,1,1,6,1,26,6,1910,2,12,-1,-1,-1
2017140254527,1,9,0,11,0,1,1,7,1,0,1,1,6,1,22,5,1331,1,21,-1,-1,-1
2017140254527,2,9,0,7,0,5,0,7,1,0,1,1,6,2,71,10,1329,1,2,-1,-1,-1
2017140254599,1,9,0,18,6,0,1,0,1,11,1,1,5,1,35,6,1248,1,6,-1,-1,-1
2017140254604,1,8,0,9,0,1,0,0,0,0,1,1,1,1,38,7,1968,2,9,8,1,8
2017140254604,2,9,0,18,0,1,0,0,0,0,1,1,6,3,-1,-1,1997,2,13,-1,-1,-1
2017140254628,1,8,0,18,0,0,5,0,1,0,1,1,1,1,30,6,2499,2,6,1,1,1
2017140254658,1,3,0,18,0,1,0,0,0,0,1,1,2,1,27,6,124,1,4,8,1,8
2017140254658,2,9,0,5,0,6,0,0,0,0,1,1,5,2,31,6,1968,2,8,3,1,3
2017140254693,1,9,0,16,0,0,0,0,0,0,4,1,6,1,57,9,1198,1,8,-1,-1,-1
2017140254781,1,9,0,18,0,0,0,0,0,0,1,1,2,1,44,7,-1,-1,-1,-1,-1,-1
2017140254781,2,1,0,18,0,0,0,0,0,0,1,1,6,1,13,3,-1,-1,-1,-1,-1,-1
2017140254787,1,9,0,18,0,1,0,0,0,0,4,1,1,2,24,5,1968,2,-1,-1,-1,-1
2017140254790,1,9,0,11,0,0,0,0,0,0,0,1,6,2,23,5,1598,1,6,2,2,2
2017140254790,2,9,0,18,0,0,0,0,0,0,1,1,5,1,34,6,1968,2,7,1,1,1
2017140254790,3,9,0,18,0,0,0,0,0,0,2,1,5,1,39,7,1587,1,13,4,1,4
2017140254792,1,9,0,18,0,0,1,4,0,0,1,1,5,1,57,9,2000,1,22,-1,-1,-1
2017140254792,2,9,0,2,0,0,0,0,0,0,1,1,6,3,-1,-1,1995,2,6,-1,-1,-1
2017140254795,1,9,0,18,0,8,1,0,0,0,1,1,2,1,43,7,-1,-1,-1,-1,-1,-1
2017140254795,2,9,0,18,0,8,0,0,0,0,3,1,5,2,40,7,2179,2,5,-1,-1,-1
2017140254810,1,9,0,18,0,6,0,0,1,0,1,1,6,2,42,7,998,1,-1,-1,-1,-1
2017140254810,2,9,0,18,0,1,0,0,0,0,3,1,6,2,35,6,1364,1,7,-1,-1,-1
2017140254810,3,9,0,18,0,1,0,0,0,0,1,1,6,1,83,11,1591,1,6,-1,-1,-1
2017140254817,1,9,0,16,0,2,0,0,0,0,4,1,6,1,21,5,2143,2,3,6,1,6
2017140255475,1,9,0,18,0,1,0,0,0,0,1,1,5,1,81,11,1360,1,12,-1,-1,-1
2017140255475,2,19,0,9,0,6,0,0,0,0,1,1,1,1,47,8,2143,2,4,-1,-1,-1
2017140255501,1,9,0,18,0,0,5,0,0,0,2,1,5,1,54,8,1397,1,14,-1,-1,-1
2017140255501,2,21,0,18,0,0,0,0,0,0,4,1,1,1,30,6,11120,2,-1,1,1,1
2017140255506,1,11,0,18,0,0,0,0,0,0,1,1,1,1,42,7,7300,2,14,-1,-1,-1
2017140255530,1,9,0,17,0,8,1,0,0,0,1,1,6,1,-1,-1,-1,-1,-1,-1,-1,-1
2017140255541,1,9,0,18,0,3,0,10,0,0,1,1,5,2,19,4,998,1,1,8,1,8
2017140255541,2,9,0,18,0,3,0,0,0,0,3,1,6,3,-1,-1,1229,1,10,-1,-1,-1
2017140255542,1,3,0,18,0,0,0,0,0,0,3,1,1,1,50,8,109,1,2,-1,-1,-1
2017140255542,2,9,0,9,0,0,0,0,0,0,1,1,6,1,-1,-1,-1,-1,-1,-1,-1,-1
2017140255559,1,9,0,7,0,1,0,0,0,0,1,1,1,1,26,6,1496,2,1,-1,-1,-1
2017140255559,2,1,0,17,0,1,0,0,0,0,1,1,6,1,38,7,-1,-1,-1,-1,-1,-1
2017140255589,1,9,0,18,0,0,0,0,0,0,1,1,1,1,20,4,1389,1,15,-1,-1,-1
2017140255589,2,19,0,6,0,0,0,0,0,0,4,1,5,1,46,8,1968,2,1,-1,-1,-1
2017140255623,1,9,0,2,0,0,0,0,0,0,3,1,6,1,51,8,999,1,17,-1,-1,-1
2017140255623,2,9,0,18,0,0,0,4,1,0,1,1,5,1,86,11,1999,1,3,-1,-1,-1
2017140255670,1,9,0,9,0,0,0,0,0,0,4,1,1,1,32,6,1598,1,9,3,1,3
2017140255670,2,1,0,18,0,0,0,0,0,0,1,1,6,1,29,6,-1,-1,-1,-1,-1,-1
2017140255704,1,9,0,9,0,6,0,0,0,0,3,1,2,1,26,6,999,1,1,-1,-1,-1
2017140255704,2,3,0,18,0,1,0,0,0,0,1,1,2,1,22,5,125,1,7,-1,-1,-1
2017140255725,1,9,0,18,0,0,0,0,0,0,1,1,6,1,59,9,1998,1,-1,8,1,8
2017140255728,1,19,0,18,0,1,0,0,0,0,1,1,1,1,49,8,1461,2,3,-1,-1,-1
2017140255728,2,9,0,1,0,7,0,0,0,0,2,1,6,2,48,8,1956,2,7,4,1,4
2017140255738,1,9,0,18,0,0,0,0,0,0,1,1,6,1,50,8,1896,2,12,-1,-1,-1
2017140255770,1,9,0,9,0,0,0,0,0,0,1,1,5,1,29,6,1956,2,4,-1,-1,-1
2017140255770,2,9,0,18,0,0,0,0,0,0,1,1,6,1,35,6,-1,-1,-1,-1,-1,-1
2017140255807,1,9,0,18,0,0,0,0,0,0,1,1,1,1,33,6,1910,2,9,1,1,1
2017140255807,2,9,0,18,0,0,0,0,0,0,1,1,6,3,-1,-1,1461,2,-1,-1,-1,-1
2017140255822,1,9,0,18,0,0,0,0,0,0,3,1,5,2,21,5,1200,1,1,9,2,9
2017140255822,2,9,0,18,0,0,0,0,0,0,1,1,6,1,28,6,1800,1,18,2,1,2
2017140255874,1,9,0,3,0,4,0,0,0,0,2,1,5,1,40,7,1956,2,6,-1,-1,-1
2017140255874,2,9,0,18,0,1,0,0,0,0,1,1,6,3,-1,-1,2198,2,11,-1,-1,-1
2017140255888,1,9,0,9,0,2,0,0,7,0,3,1,3,2,54,8,2204,2,11,-1,-1,-1
2017140255888,2,5,0,18,0,1,1,0,0,0,1,1,1,1,50,8,885,2,21,-1,-1,-1
2017140255890,1,20,0,18,0,0,2,0,0,0,4,1,1,1,53,8,2999,2,4,10,1,10
2017140255890,2,9,0,18,0,0,1,0,0,0,1,1,5,1,40,7,1598,2,2,-1,-1,-1
2017140255901,1,9,0,5,0,6,0,0,0,0,1,1,2,2,27,6,1951,2,11,8,1,8
2017140255901,2,9,0,18,0,1,0,0,0,0,1,1,5,2,71,10,996,1,1,8,1,8
2017140255926,1,9,0,18,0,0,0,0,0,0,1,1,2,2,21,5,1596,1,-1,-1,-1,-1
2017140255926,2,19,0,15,0,0,0,0,0,0,1,1,2,1,47,8,1870,2,14,-1,-1,-1
2017140255961,1,9,0,1,6,0,0,0,0,0,2,1,1,2,68,10,1582,2,2,-1,-1,-1
2017140256181,1,9,0,5,0,1,0,0,0,0,1,1,5,1,62,9,1598,1,3,-1,-1,-1
2017140256181,2,9,0,9,0,1,0,0,0,0,3,1,2,1,64,9,2497,2,10,7,1,7
2017140256214,1,11,0,18,0,8,0,0,1,0,1,1,5,1,32,6,7300,2,15,-1,-1,-1
2017140256228,1,9,0,18,0,0,0,0,0,0,1,1,6,2,77,11,1242,1,5,-1,-1,-1
2017140256228,2,9,0,2,0,0,0,0,1,0,2,1,6,1,-1,-1,1598,1,14,1,1,1
2017140256247,1,9,0,18,0,1,0,0,0,0,1,1,5,1,65,9,1490,1,-1,6,1,6
2017140256302,1,9,0,18,0,1,1,0,0,0,1,1,6,1,21,5,1598,1,12,3,1,3
2017140256302,2,9,0,9,0,6,0,0,0,0,3,1,6,2,55,8,1248,2,10,2,1,2
2017140256326,1,9,0,18,0,0,1,0,1,0,2,1,2,2,23,5,1242,1,4,9,3,9
2017140256328,1,9,0,18,0,8,2,0,0,0,1,1,2,2,61,9,1248,1,4,-1,-1,-1
2017140256328,2,9,0,10,0,8,0,0,0,0,1,1,2,1,40,7,1896,2,9,-1,-1,-1
2017140256328,3,9,0,8,0,8,0,0,0,0,1,1,5,1,51,8,1968,2,4,-1,-1,-1
2017140256378,1,9,0,18,0,2,0,0,0,0,1,1,6,2,29,6,1398,1,4,2,1,2
2017140256394,1,9,0,18,0,0,0,0,0,0,1,1,5,2,24,5,1560,2,2,-1,-1,-1
2017140256430,1,8,0,18,0,1,0,0,0,0,3,1,1,1,47,8,1968,2,6,3,1,3
2017140256431,1,9,0,18,0,8,0,0,0,0,1,1,2,2,33,6,1598,2,6,-1,-1,-1
2017140256431,2,1,0,18,0,8,0,0,0,0,1,1,6,1,11,3,-1,-1,-1,-1,-1,-1
2017140256443,1,9,0,5,0,3,0,0,0,0,1,1,2,2,38,7,1995,2,9,1,1,1
2017140256452,1,9,0,11,0,0,0,0,0,0,3,1,5,2,25,5,1598,2,5,5,1,5
2017140256452,2,9,0,5,0,0,0,0,0,0,1,1,6,2,70,10,1968,2,2,2,1,2
2017140256464,1,9,0,13,0,0,0,0,8,0,1,1,5,1,24,5,998,1,8,-1,-1,-1
2017140256464,2,98,0,13,0,0,0,0,0,0,0,1,6,3,-1,-1,-1,-1,-1,-1,-1,-1
2017140256483,1,9,0,18,0,0,0,0,1,0,1,1,5,1,74,10,2720,2,13,8,3,8
2017140256483,2,9,0,2,6,0,0,0,0,0,2,1,6,2,48,8,1229,1,9,6,1,6
2017140256483,3,19,0,2,6,0,0,0,0,0,2,1,5,1,45,7,1870,2,13,-1,-1,-1
2017140256492,1,19,0,18,0,2,0,0,0,0,4,1,5,1,63,9,1560,2,-1,-1,-1,-1
2017140256526,1,9,0,2,6,0,0,0,0,0,1,1,5,1,46,8,1994,1,13,-1,-1,-1
2017140256526,2,9,0,18,6,0,0,4,7,0,1,1,5,1,55,8,2494,1,16,-1,-1,-1
2017140256542,1,9,0,9,0,5,0,0,0,0,4,1,6,2,21,5,1198,1,5,3,1,3
2017140256542,2,9,0,18,0,8,0,0,0,0,1,1,2,1,39,7,1998,1,8,4,1,4
2017140256642,1,1,0,18,4,1,0,0,0,0,3,1,2,1,53,8,-1,-1,-1,7,1,7
2017140256642,2,9,0,18,0,1,0,0,0,0,1,1,6,3,-1,-1,-1,-1,-1,-1,-1,-1
2017140256655,1,9,0,18,0,5,0,0,0,0,3,1,5,2,26,6,1596,1,11,-1,-1,-1
2017140256655,2,8,0,18,0,8,0,0,0,0,1,1,1,1,30,6,1598,2,5,-1,-1,-1
2017140256661,1,97,0,18,0,3,5,0,0,0,4,1,2,2,25,5,-1,-1,-1,1,1,1
2017140256661,2,9,0,18,0,4,0,0,0,0,1,1,1,2,49,8,1968,2,8,10,1,10
2017140256681,1,9,0,5,0,2,0,0,0,0,1,1,2,2,48,8,-1,-1,-1,8,1,8
2017140256698,1,9,0,18,0,1,0,1,0,0,1,1,5,2,27,6,1910,2,9,-1,-1,-1
2017140256699,1,9,0,18,0,2,0,0,7,0,1,1,5,1,55,8,1399,1,8,3,1,3
2017140256699,2,5,0,18,0,1,0,0,0,0,1,1,5,1,48,8,980,1,59,2,1,2
2017140256740,1,9,0,7,0,0,0,0,0,0,4,1,6,2,40,7,1598,1,10,-1,-1,-1
2017140256740,2,9,0,18,0,0,0,0,0,0,1,1,6,3,-1,-1,1968,2,11,-1,-1,-1
2017140256746,1,9,0,9,0,1,0,0,0,0,4,1,1,1,59,9,1968,2,7,5,1,5
2017140256760,1,9,0,18,0,0,0,0,0,0,1,1,5,2,21,5,1299,1,11,-1,-1,-1
2017140256765,1,9,0,18,0,2,0,0,0,0,1,1,5,1,68,10,1991,2,9,3,1,3
2017140256787,1,9,0,18,0,0,0,0,0,0,3,1,2,2,52,8,1560,2,4,5,3,5
2017140256804,1,9,0,18,0,0,0,0,0,0,4,1,6,1,42,7,1364,1,12,7,1,7
2017140256804,2,9,0,6,0,0,0,0,0,0,3,1,6,2,62,9,998,1,15,6,1,6
2017140256813,1,19,0,18,0,0,0,0,1,0,1,1,5,1,52,8,2987,2,10,4,1,4
2017140256823,1,9,0,16,0,0,0,0,1,0,1,1,2,2,21,5,1149,1,11,10,1,10
2017140256823,2,-1,0,18,0,0,0,0,0,0,0,1,6,3,-1,-1,-1,-1,-1,-1,-1,-1
2017140256838,1,9,0,18,0,8,0,0,0,0,1,1,6,1,30,6,1587,1,15,-1,-1,-1
2017140256838,2,19,0,18,0,8,0,0,0,0,4,1,5,2,41,7,2287,2,10,-1,-1,-1
2017140256838,3,9,0,16,0,8,0,0,0,0,0,1,1,1,27,6,1560,2,-1,-1,-1,-1
2017140256849,1,9,0,9,0,0,0,0,0,0,1,1,6,1,63,9,1968,2,9,-1,-1,-1
2017140256849,2,1,0,18,9,0,0,0,0,0,1,1,6,2,26,6,-1,-1,-1,-1,-1,-1
2017140256876,1,9,0,18,0,0,0,0,0,0,3,1,5,2,19,4,1197,1,-1,4,2,4
2017140256876,2,98,0,18,0,0,0,0,0,0,4,1,6,3,-1,-1,-1,-1,-1,-1,-1,-1
2017140256886,1,9,0,9,0,8,0,0,0,0,3,1,5,1,21,5,1360,1,8,-1,-1,-1
2017140256886,2,9,0,18,0,8,0,0,0,0,1,1,5,1,68,10,1560,2,8,-1,-1,-1
2017140256887,1,9,0,18,0,8,0,0,0,0,1,1,5,2,82,11,1341,1,13,3,1,3
2017140256887,2,9,0,9,0,5,0,0,0,0,1,1,5,2,74,10,1149,1,12,4,1,4
2017140256909,1,9,0,18,0,1,0,0,0,0,4,1,5,1,41,7,1490,1,11,-1,-1,-1
2017140256909,2,9,0,9,0,6,0,0,0,0,1,1,5,1,18,4,-1,-1,-1,-1,-1,-1
2017140256923,1,9,0,18,0,0,0,0,0,0,1,1,1,1,37,7,1968,2,2,9,2,9
2017140256923,2,1,0,18,0,0,0,0,0,0,1,1,4,1,12,3,-1,-1,-1,-1,-1,-1
2017140256937,1,9,0,18,0,0,0,0,0,0,4,1,1,2,58,9,1242,1,7,8,1,8
2017140256939,1,1,0,18,4,1,5,0,0,0,1,1,5,2,22,5,-1,-1,-1,-1,-1,-1
2017140256939,2,9,0,7,0,1,0,0,0,0,4,1,6,1,47,8,1329,1,5,8,2,8
2017140256965,1,9,0,7,0,2,0,0,0,0,3,1,5,2,61,9,1598,1,5,-1,-1,-1
2017140256965,2,9,0,18,0,1,0,0,0,0,1,1,6,1,57,9,1398,1,9,-1,-1,-1
2017140256965,3,9,0,18,0,1,1,0,0,0,1,1,5,1,31,6,1998,2,10,-1,-1,-1
2017140256967,1,9,0,18,0,0,0,0,0,0,1,1,2,2,26,6,1595,1,7,5,1,5
2017140256968,1,9,0,18,0,8,0,0,0,0,1,1,6,1,34,6,1995,2,4,6,2,6
2017140256983,1,9,0,3,0,0,0,0,0,0,2,1,1,1,32,6,1499,2,1,3,1,3
2017140256983,2,9,0,3,0,0,0,0,0,0,2,1,1,2,25,5,1799,1,9,2,1,2
2017140256983,3,9,0,18,0,0,0,0,0,0,1,1,5,1,36,7,1910,2,9,1,1,1
2017140256992,1,9,0,17,0,3,0,0,0,0,1,1,5,1,67,10,1396,1,13,1,1,1
2017140256992,2,9,0,18,0,4,0,0,0,0,1,1,5,2,30,6,1398,1,3,1,1,1
2017140257018,1,19,0,9,0,6,0,0,0,0,1,1,5,1,75,10,1461,2,11,1,1,1
2017140257018,2,3,0,18,0,1,0,0,0,0,4,1,2,1,17,4,124,1,7,1,1,1
2017140257023,1,9,0,17,0,1,0,0,0,0,4,1,5,1,26,6,1198,1,5,-1,-1,-1