Accident_Index,Vehicle_Reference,Vehicle_Type,Towing_and_Articulation,Vehicle_Manoeuvre,Vehicle_Location-Restricted_Lane,Junction_Location,Skidding_and_Overturning,Hit_Object_in_Carriageway,Vehicle_Leaving_Carriageway,Hit_Object_off_Carriageway,1st_Point_of_Impact,Was_Vehicle_Left_Hand_Drive?,Journey_Purpose_of_Driver,Sex_of_Driver,Age_of_Driver,Age_Band_of_Driver,Engine_Capacity_(CC),Propulsion_Code,Age_of_Vehicle,Driver_IMD_Decile,Driver_Home_Area_Type,Vehicle_IMD_Decile
2017140257023,2,9,0,18,0,1,1,0,0,0,1,1,5,1,60,9,2000,2,11,-1,-1,-1
2017140257034,1,9,0,18,0,1,0,0,0,0,1,1,1,1,59,9,1997,2,6,3,1,3
2017140257034,2,9,0,7,0,3,1,0,0,0,1,1,2,1,33,6,1896,2,14,1,1,1
2017140257047,1,9,0,9,0,6,0,0,0,0,3,1,5,1,18,4,-1,-1,-1,-1,-1,-1
2017140257047,2,11,0,18,0,1,0,0,0,0,1,1,1,1,52,8,9000,2,6,-1,-1,-1
2017140257287,1,11,0,18,0,0,0,0,0,0,0,1,1,1,43,7,4461,2,3,5,1,5
2017140257342,1,9,0,1,0,0,0,0,0,0,2,1,6,1,21,5,1499,1,1,3,1,3
2017140257360,1,9,0,16,0,0,0,0,0,0,1,1,5,1,30,6,1995,2,13,-1,-1,-1
2017140257360,2,9,0,18,0,0,0,0,0,0,1,1,2,2,50,8,1298,1,15,-1,-1,-1
2017140257373,1,9,0,2,0,1,0,0,0,0,1,1,5,1,21,5,1596,1,-1,-1,-1,-1
2017140257373,2,9,0,18,0,1,1,4,0,0,1,1,6,1,24,5,1199,1,15,-1,-1,-1
2017140257432,1,19,0,18,0,2,0,0,0,0,2,1,6,1,49,8,1560,2,10,-1,-1,-1
2017140257432,2,9,0,18,0,2,0,0,0,0,1,1,6,1,-1,-1,1124,1,13,-1,-1,-1
2017140257467,1,1,0,18,0,5,0,0,0,0,4,1,5,1,50,8,-1,-1,-1,4,1,4
2017140257467,2,9,0,18,0,4,0,0,0,0,1,1,5,2,35,6,-1,-1,-1,-1,-1,-1
2017140257514,1,9,0,18,0,0,0,0,0,0,1,1,2,1,47,8,1598,2,1,-1,-1,-1
2017140257519,1,9,0,18,0,0,0,4,0,0,1,1,5,1,66,10,1910,2,9,-1,-1,-1
2017140257519,2,21,0,2,0,0,0,0,0,0,2,1,1,1,21,5,11946,2,5,-1,-1,-1
2017140257523,1,9,0,18,0,4,0,0,0,0,4,1,6,1,20,4,1198,1,7,6,1,6
2017140257525,1,9,0,15,0,0,0,0,0,0,1,1,2,1,41,7,1968,2,8,-1,-1,-1
2017140257528,1,9,0,18,0,0,0,0,0,0,1,1,6,1,27,6,1493,2,12,-1,-1,-1
2017140257528,2,19,0,18,0,0,0,0,0,0,4,1,6,3,35,6,1968,2,2,2,1,2
2017140257534,1,9,0,18,0,0,0,0,0,0,1,1,6,2,56,9,1398,2,2,1,1,1
2017140257534,2,21,1,9,0,0,0,0,0,0,3,1,2,1,59,9,11967,2,4,6,1,6
2017140257539,1,9,0,18,0,0,0,0,0,0,3,1,2,1,39,7,1296,1,10,6,1,6
2017140257549,1,9,0,18,0,0,0,0,0,0,2,1,5,2,45,7,1995,2,12,-1,-1,-1
2017140257549,2,9,0,18,0,0,0,0,0,0,1,1,6,2,23,5,1360,1,14,-1,-1,-1
2017140257574,1,9,0,14,0,0,0,0,0,0,1,1,6,2,51,8,1598,1,10,-1,-1,-1
2017140257586,1,9,0,18,0,0,0,0,0,0,1,1,5,2,44,7,1360,1,10,-1,-1,-1
2017140257932,1,9,0,18,9,0,5,0,7,0,1,1,5,1,35,6,1998,1,17,-1,-1,-1
2017140257974,1,9,0,16,0,2,0,0,0,0,1,1,5,1,33,6,1149,1,12,2,1,2
2017140257974,2,8,0,18,0,1,0,0,1,0,1,1,1,1,48,8,1560,2,6,-1,-1,-1
2017140257974,3,9,0,2,0,1,0,0,0,0,3,1,6,3,-1,-1,-1,-1,-1,-1,-1,-1
2017140257990,1,9,0,18,0,1,0,0,7,0,1,1,5,1,24,5,2993,2,5,-1,-1,-1
2017140257990,2,9,0,5,0,8,0,0,0,0,1,1,5,1,27,6,1956,2,6,-1,-1,-1
2017140258032,1,3,0,18,0,8,0,0,0,0,1,1,5,1,28,6,124,1,11,8,1,8
2017140258032,2,8,0,9,0,6,0,0,0,0,1,1,1,1,64,9,-1,-1,-1,2,1,2
2017140258047,1,9,0,18,0,2,0,0,0,0,2,1,5,2,20,4,-1,-1,-1,6,1,6
2017140258047,2,3,0,18,0,2,0,0,0,0,1,1,5,1,52,8,125,1,4,1,1,1
2017140258048,1,9,0,18,0,1,0,0,0,0,1,1,1,2,27,6,1995,2,2,-1,-1,-1
2017140258048,2,9,0,4,0,1,0,0,0,0,2,1,1,1,37,7,2521,1,8,-1,-1,-1
2017140258058,1,9,0,18,0,1,0,0,0,0,1,1,6,2,28,6,1991,2,8,1,1,1
2017140258058,2,9,0,7,0,2,0,0,0,0,1,1,6,1,20,4,1598,1,10,2,1,2
2017140258079,1,9,0,18,0,1,0,0,0,0,1,1,5,2,41,7,1590,1,19,4,1,4
2017140258079,2,9,0,9,0,2,0,0,0,0,1,1,5,2,72,10,998,1,15,8,1,8
2017140258080,1,9,0,7,0,8,0,0,1,0,3,1,5,2,39,7,1968,2,4,-1,-1,-1
2017140258080,2,9,0,18,0,1,0,0,0,0,4,1,1,1,30,6,-1,-1,-1,-1,-1,-1
2017140258110,1,9,0,18,9,1,0,0,8,0,1,1,5,3,-1,-1,1124,1,14,-1,-1,-1
2017140258118,1,9,0,18,0,1,0,0,0,0,1,1,6,2,34,6,1396,1,12,1,1,1
2017140258118,2,9,0,2,0,8,0,0,0,0,3,1,5,3,-1,-1,1968,2,6,-1,-1,-1
2017140258129,1,9,0,18,0,0,0,0,1,0,1,1,5,1,71,10,1598,1,1,5,1,5
2017140258129,2,22,0,18,0,0,0,0,0,0,2,1,5,1,74,10,-1,-1,-1,-1,-1,-1
2017140258134,1,9,0,9,0,8,0,0,0,0,1,1,5,1,62,9,1560,2,13,-1,-1,-1
2017140258149,1,9,0,18,0,1,0,0,0,0,1,1,5,2,54,8,998,1,11,-1,-1,-1
2017140258149,2,9,0,9,0,6,0,0,0,0,1,1,5,2,36,7,2204,2,12,-1,-1,-1
2017140258262,1,9,0,5,0,2,0,0,0,0,2,1,2,2,49,8,1461,2,1,4,1,4
2017140258262,2,4,0,18,0,1,1,0,0,0,1,1,6,1,26,6,350,1,-1,1,1,1
2017140258274,1,9,0,16,0,2,0,0,0,0,1,1,5,1,84,11,1493,2,7,1,1,1
2017140258332,1,9,0,4,0,1,1,0,0,0,1,1,5,1,85,11,1193,1,2,-1,-1,-1
2017140258332,2,9,0,18,0,1,0,0,0,0,1,1,5,2,28,6,1595,1,8,-1,-1,-1
2017140258386,1,9,0,18,0,1,0,0,0,0,4,1,6,3,-1,-1,-1,-1,-1,-1,-1,-1
2017140258386,2,1,0,18,0,1,0,0,0,0,3,1,6,1,78,11,-1,-1,-1,3,2,3
2017140258420,1,9,0,18,0,1,0,0,0,0,3,1,1,2,36,7,1240,1,13,-1,-1,-1
2017140258420,2,9,0,18,0,2,0,0,0,0,1,1,6,3,-1,-1,-1,-1,-1,-1,-1,-1
2017140258429,1,11,0,18,0,1,0,0,0,0,0,1,1,1,52,8,-1,-1,-1,-1,-1,-1
2017140258441,1,3,0,18,0,4,1,0,0,0,1,1,2,1,24,5,124,1,6,3,1,3
2017140258441,2,9,0,9,0,4,0,0,0,0,3,1,5,2,67,10,1600,2,8,8,1,8
2017140258538,1,9,0,8,0,1,0,0,0,0,4,1,5,2,49,8,1242,1,10,-1,-1,-1
2017140258538,2,1,0,18,9,1,0,0,0,0,1,1,6,1,13,3,-1,-1,-1,-1,-1,-1
2017140258558,1,9,0,18,0,0,0,0,0,0,1,1,5,2,53,8,2184,2,10,9,2,9
2017140258558,2,19,0,13,0,0,0,0,0,0,1,1,6,3,-1,-1,2402,2,7,-1,-1,-1
2017140258566,1,9,0,18,0,0,0,0,0,0,1,1,5,1,39,7,1124,1,12,1,1,1
2017140258566,2,9,0,18,0,0,0,0,0,0,2,1,5,2,19,4,998,1,3,4,1,4
2017140258578,1,9,0,18,0,0,1,0,7,0,2,1,1,1,45,7,2993,2,-1,9,1,9
2017140258578,2,9,0,18,0,0,0,0,0,0,1,1,6,1,63,9,1360,1,6,6,1,6
2017140258605,1,9,0,18,0,0,0,0,0,0,3,1,5,2,24,5,1388,1,12,-1,-1,-1
2017140258605,2,9,0,5,0,0,0,0,0,0,1,1,5,1,28,6,1598,1,11,2,1,2
2017140258635,1,11,0,18,0,0,0,0,0,0,0,1,1,1,50,8,4461,2,4,-1,-1,-1
2017140258637,1,20,0,18,0,0,0,0,0,0,0,1,1,1,46,8,-1,-1,-1,-1,-1,-1
2017140258637,2,22,0,18,0,0,0,0,0,0,4,1,5,1,83,11,-1,-1,-1,-1,-1,-1
2017140258649,1,9,0,3,0,0,0,0,0,0,2,1,5,1,67,10,1461,2,3,4,1,4
2017140258649,2,9,0,18,0,0,0,0,0,0,1,1,6,1,21,5,1896,2,11,4,1,4
2017140258653,1,9,0,18,0,1,0,0,0,0,1,1,5,1,90,11,1951,2,13,4,2,4
2017140258653,2,19,0,9,0,6,5,0,0,0,3,1,5,1,47,8,2148,2,8,1,1,1
2017140258669,1,9,0,18,0,2,0,0,0,0,4,1,5,1,19,4,1390,1,11,-1,-1,-1
2017140258669,2,9,0,9,0,1,0,0,0,0,4,1,1,1,65,9,1399,2,12,-1,-1,-1
2017140258671,1,9,0,18,0,3,0,0,0,0,1,1,6,1,27,6,1991,2,11,-1,-1,-1
2017140258671,2,9,0,18,0,3,0,0,0,0,4,1,6,1,26,6,2199,2,1,-1,-1,-1
2017140258675,1,9,0,16,0,0,0,0,0,0,4,1,5,2,53,8,2204,2,11,9,1,9
2017140258675,2,1,0,17,0,0,5,0,0,0,2,1,6,1,34,6,-1,-1,-1,1,1,1
2017140258690,1,9,0,16,0,0,2,0,1,0,1,1,6,1,48,8,1596,1,5,3,1,3
2017140258690,2,9,0,17,0,0,0,0,0,0,1,1,5,2,21,5,1242,1,3,9,1,9
2017140258700,1,9,0,18,0,3,0,0,0,0,4,1,5,1,56,9,1986,2,10,-1,-1,-1
2017140258700,2,8,0,18,0,4,0,0,0,0,3,1,1,1,49,8,2148,2,9,-1,-1,-1
2017140258705,1,9,0,18,0,1,0,0,3,0,1,1,5,2,41,7,1997,2,11,8,1,8
2017140258705,2,9,0,18,0,1,0,0,0,0,1,1,6,1,50,8,2204,2,11,2,1,2
2017140258716,1,9,0,9,0,0,0,0,0,0,3,1,6,1,41,7,1997,2,1,7,1,7
2017140258716,2,9,0,18,0,0,0,0,0,0,4,1,6,1,52,8,1596,1,8,3,1,3
2017140258727,1,9,0,7,0,6,0,0,0,0,1,1,6,3,-1,-1,-1,-1,-1,-1,-1,-1
2017140258874,1,9,0,4,0,1,0,0,0,0,2,1,5,1,21,5,1242,1,4,-1,-1,-1
2017140258874,2,9,0,18,0,1,0,0,0,0,1,1,6,1,-1,-1,-1,-1,-1,-1,-1,-1
2017140258884,1,9,0,18,0,0,0,0,0,0,4,1,5,2,38,7,1997,2,10,-1,-1,-1
2017140258884,2,-1,0,18,0,0,0,0,0,0,3,1,6,3,-1,-1,-1,-1,-1,-1,-1,-1
2017140258934,1,9,0,7,0,2,0,0,0,0,4,1,5,1,27,6,999,1,7,-1,-1,-1
2017140258934,2,9,0,7,0,2,0,0,0,0,3,1,6,3,-1,-1,1197,1,-1,-1,-1,-1
2017140258973,1,9,0,18,0,1,0,0,0,0,4,1,5,1,47,8,1685,2,2,-1,-1,-1
2017140258973,2,9,0,7,0,6,0,0,0,0,1,1,6,2,-1,-1,1560,2,2,-1,-1,-1
2017140259002,1,9,0,17,0,2,1,7,6,0,1,1,5,1,23,5,1229,1,4,-1,-1,-1
2017140259002,2,9,0,18,0,8,0,0,0,0,1,1,6,3,-1,-1,-1,-1,-1,-1,-1,-1
2017140259094,1,9,0,9,0,5,0,0,0,0,1,1,6,1,30,6,1248,2,11,-1,-1,-1
2017140259121,1,9,0,9,0,1,1,0,3,0,1,1,5,1,68,10,1197,1,1,-1,-1,-1
2017140259143,1,90,0,18,0,1,0,0,0,0,1,1,5,1,17,4,-1,-1,-1,7,1,7
2017140259143,2,9,0,2,0,2,0,0,0,0,1,1,5,3,-1,-1,1896,2,11,-1,-1,-1
2017140259145,1,9,0,18,0,1,1,11,7,0,1,1,5,1,61,9,1799,1,11,-1,-1,-1
2017140259222,1,9,0,3,0,1,0,0,0,0,2,1,6,2,33,6,1364,2,12,-1,-1,-1
2017140259222,2,9,0,9,0,1,0,0,0,0,1,1,6,1,71,10,1968,2,11,-1,-1,-1
2017140259425,1,9,0,4,0,0,0,0,0,0,2,1,6,1,59,9,1997,2,8,8,1,8
2017140259425,2,1,0,18,0,0,0,0,0,0,1,1,6,1,59,9,-1,-1,-1,1,1,1
2017140259431,1,9,0,18,0,1,5,0,2,0,3,1,5,1,30,6,1968,2,11,1,1,1
2017140259431,2,9,0,18,0,1,0,0,0,0,1,1,6,1,30,6,1968,2,2,1,1,1
2017140259464,1,90,0,18,0,0,0,0,0,0,1,1,6,3,-1,-1,-1,-1,-1,-1,-1,-1
2017140259482,1,11,0,18,0,0,0,0,0,0,0,1,1,1,54,8,4500,2,6,7,1,7
2017140259494,1,9,0,7,0,1,0,0,0,0,1,1,5,1,29,6,1596,1,3,-1,-1,-1
2017140259494,2,9,0,11,6,6,0,0,0,0,4,1,1,1,82,11,1461,2,13,-1,-1,-1
2017140259550,1,9,0,18,0,1,1,0,1,0,1,1,5,1,20,4,1229,1,13,-1,-1,-1
2017140259573,1,9,0,4,0,1,0,0,0,0,1,1,5,1,68,10,1364,1,10,8,1,8
2017140259573,2,1,0,18,0,6,0,0,0,0,1,1,6,1,13,3,-1,-1,-1,-1,-1,-1
2017140259599,1,9,0,3,0,4,0,0,0,0,2,1,2,2,49,8,1364,1,12,-1,-1,-1
2017140259599,2,9,0,18,0,4,0,0,0,0,1,1,5,2,20,4,1229,1,3,-1,-1,-1
2017140259653,1,9,0,2,0,8,0,0,0,0,4,1,5,2,27,6,1461,2,1,-1,-1,-1
2017140259653,2,9,0,18,0,1,0,4,0,0,1,1,5,1,17,4,1590,1,13,-1,-1,-1
2017140259672,1,9,0,18,9,0,1,0,7,0,4,1,6,1,24,5,1910,2,11,-1,-1,-1
2017140260665,1,8,0,3,0,0,0,0,0,0,2,1,1,1,50,8,1997,2,3,1,1,1
2017140260665,2,9,0,18,0,0,0,0,0,0,1,1,5,1,20,4,1596,1,12,1,2,1
2017140262025,1,19,0,9,0,1,0,0,0,0,1,1,5,1,35,6,2402,2,14,3,1,3
2017140262025,2,9,0,18,0,1,1,0,0,0,1,1,5,1,37,7,1799,1,11,1,1,1
2017140262031,1,-1,0,18,0,1,0,0,0,0,1,1,6,3,-1,-1,-1,-1,-1,-1,-1,-1
2017140262550,1,9,0,18,0,8,0,0,0,0,1,1,5,1,60,9,1596,1,13,-1,-1,-1
2017140262550,2,9,0,9,0,1,0,0,0,0,4,1,2,2,38,7,1248,1,7,-1,-1,-1
2017140262625,1,9,0,18,0,1,0,0,0,0,1,1,5,2,57,9,875,1,3,-1,-1,-1
2017140262625,2,1,0,18,0,1,0,0,0,0,4,1,6,1,60,9,-1,-1,-1,-1,-1,-1
2017140263204,1,9,0,18,0,0,0,0,0,0,3,1,6,3,-1,-1,2179,2,10,-1,-1,-1
2017140263204,2,9,0,18,0,0,0,0,0,0,4,1,6,1,24,5,1870,2,8,9,2,9
2017140263228,1,11,0,18,2,0,0,0,0,0,0,1,1,1,30,6,8300,2,11,1,1,1
2017140264711,1,9,0,18,0,0,0,0,1,0,1,1,6,1,54,8,1587,1,12,5,1,5
2017140264711,2,3,0,18,0,0,5,0,1,0,1,1,6,1,24,5,125,1,2,3,2,3
2017140264711,3,9,0,18,0,0,0,0,0,0,1,1,6,2,23,5,1390,1,16,1,1,1
2017140264752,1,8,0,18,0,1,0,0,0,0,4,1,6,1,-1,-1,-1,-1,-1,-1,-1,-1
2017140265826,1,9,0,11,0,5,1,0,0,0,1,1,5,1,50,8,1586,1,2,2,1,2
2017140265826,2,9,0,18,0,1,0,0,0,0,4,1,5,1,77,11,1582,2,8,6,1,6
2017140266341,1,8,0,18,2,0,0,0,0,0,0,1,1,1,62,9,1997,2,13,-1,-1,-1
2017140268078,1,9,0,18,0,0,0,0,0,0,1,1,1,1,19,4,1587,1,12,-1,-1,-1
2017140268078,2,9,0,18,0,0,0,0,0,0,2,1,5,2,28,6,1587,1,12,-1,-1,-1
2017140270531,1,19,0,9,0,5,0,0,0,0,1,1,1,1,51,8,2198,2,2,-1,-1,-1
2017140270531,2,2,0,18,0,1,2,0,1,0,1,1,5,1,18,4,-1,-1,-1,1,1,1
2017140275521,1,21,0,5,0,0,0,0,0,0,1,1,1,1,62,9,12740,2,5,2,1,2
2017140275521,2,9,0,5,0,0,0,0,0,0,3,1,6,2,55,8,1339,8,8,4,1,4
2017140278031,1,9,0,18,0,0,0,0,0,0,0,1,6,3,18,4,-1,-1,-1,-1,-1,-1
2017140278031,2,9,0,18,0,0,0,0,0,0,1,1,6,3,17,4,-1,-1,-1,-1,-1,-1
2017140281292,1,9,0,1,9,0,0,0,0,0,3,1,5,1,50,8,1229,1,3,4,3,4
2017140281292,2,1,0,18,9,0,0,0,0,0,1,1,6,1,19,4,-1,-1,-1,2,1,2
2017140281543,1,9,0,17,0,0,2,0,2,11,1,1,5,1,24,5,1998,1,18,7,1,7
2017140283362,1,9,0,5,0,0,0,0,0,0,1,1,5,1,23,5,1995,2,7,7,1,7
2017140283362,2,1,0,18,0,0,0,0,0,0,1,1,6,2,25,5,-1,-1,-1,-1,-1,-1
2017140284681,1,9,0,18,0,1,0,0,0,0,2,1,5,1,51,8,1586,1,9,6,3,6
2017140284681,2,9,0,18,0,1,0,0,0,0,2,1,5,1,48,8,1329,1,1,8,1,8
2017140284681,3,21,0,18,0,1,0,0,0,0,1,1,1,1,31,6,10518,2,9,5,1,5
2017140292439,1,9,0,10,0,6,0,0,0,0,1,1,5,1,27,6,1995,2,8,-1,-1,-1
2017140292439,2,9,0,9,0,6,0,0,0,0,4,1,6,1,65,9,1597,1,13,5,1,5
2017140292439,3,9,0,18,0,1,0,0,0,0,1,1,6,2,46,8,1590,1,12,8,1,8
2017140303045,1,9,0,5,0,0,0,0,0,0,1,1,6,1,50,8,-1,-1,-1,-1,-1,-1
2017140303045,2,3,0,18,0,0,0,0,0,0,4,1,6,1,50,8,124,1,8,4,2,4
2017140303358,1,9,0,18,0,0,0,0,0,0,1,1,6,1,23,5,1896,2,13,1,1,1
2017140305311,1,19,0,5,0,0,0,0,0,0,1,1,1,1,23,5,1499,2,1,9,1,9
2017160143153,1,9,0,3,0,1,0,0,0,0,2,1,6,1,41,7,1596,1,13,9,1,9
2017160143153,2,9,0,18,0,1,0,0,0,0,1,1,6,1,34,6,3195,1,9,6,2,6
2017160143158,1,9,0,2,0,0,1,0,1,4,1,1,5,1,63,9,1299,1,16,1,1,1
2017160143158,2,9,0,17,0,0,1,0,0,0,1,1,5,2,32,6,1686,2,2,5,3,5
2017160143158,3,9,0,17,0,0,1,0,0,0,1,1,5,1,23,5,1984,1,9,4,3,4
2017160143161,1,9,0,18,0,8,0,0,0,0,4,1,6,1,64,9,1198,1,13,5,1,5
2017160143161,2,9,0,18,0,6,0,0,0,0,1,1,6,1,33,6,1596,1,11,1,1,1
2017160143167,1,19,0,16,0,0,1,10,7,0,3,1,2,1,58,9,1686,2,13,8,2,8
2017160143188,1,9,0,5,2,6,0,0,0,0,1,1,6,3,-1,-1,1399,2,6,-1,-1,-1
2017160143188,2,9,0,18,2,8,0,0,0,0,4,1,6,1,55,8,1560,2,11,1,1,1
2017160143202,1,9,0,7,0,3,1,7,4,0,3,1,6,1,24,5,1229,1,11,9,3,9
2017160143202,2,9,0,18,0,1,0,0,-1,0,1,1,1,1,54,8,-1,-1,-1,1,1,1
2017160143207,1,3,0,17,0,0,1,0,0,0,1,1,6,1,22,5,124,1,3,7,2,7
2017160143235,1,9,0,18,0,0,1,10,7,0,3,1,6,1,39,7,1149,1,16,1,1,1
2017160143240,1,9,0,3,0,4,0,0,0,0,2,1,5,1,67,10,1956,2,2,7,1,7
2017160143240,2,9,0,18,0,4,0,0,0,0,1,1,5,1,52,8,1956,2,4,2,1,2
2017160143256,1,9,0,14,0,0,0,0,0,0,2,1,6,1,37,7,1360,1,16,-1,-1,-1
2017160143256,2,1,0,18,0,0,0,0,0,0,1,1,6,1,74,10,-1,-1,-1,1,1,1
2017160143315,1,9,0,18,0,0,5,0,7,9,1,1,6,1,26,6,1390,1,10,9,2,9
2017160143320,1,9,0,17,0,1,2,0,1,9,1,1,5,1,20,4,1896,2,11,9,3,9
2017160143345,1,19,0,18,0,1,0,0,0,0,1,1,6,3,-1,-1,1686,2,7,-1,-1,-1
2017160143345,2,9,0,9,0,5,0,0,0,0,2,1,6,1,18,4,1149,1,7,5,2,5
2017160143365,1,9,0,11,0,0,2,0,2,7,1,1,5,1,30,6,1998,1,14,4,1,4
2017160143379,1,9,0,18,0,8,0,0,0,0,1,1,1,1,23,5,1995,1,14,3,1,3
2017160143379,2,9,0,5,0,6,0,10,1,0,3,1,1,2,30,6,1598,1,12,8,1,8
2017160143420,1,9,0,18,0,0,1,0,7,0,4,1,2,2,24,5,1229,1,6,5,2,5
2017160143471,1,21,0,18,0,0,1,0,0,0,1,1,1,1,53,8,6370,2,16,9,2,9
2017160143471,2,21,1,4,0,0,0,0,0,0,2,1,1,1,26,6,12777,2,3,1,1,1
2017160143518,1,9,0,18,0,0,0,10,0,0,3,1,5,2,20,4,1397,1,7,9,1,9
2017160143518,2,9,0,18,0,0,0,10,7,0,3,1,5,1,50,8,1997,2,5,10,1,10
2017160143534,1,9,0,9,0,1,0,0,0,0,1,1,5,1,70,10,1398,2,3,1,1,1
2017160143534,2,1,0,18,0,1,0,0,0,0,1,1,6,1,25,5,-1,-1,-1,2,1,2
2017160143587,1,9,0,18,0,0,0,0,0,0,1,1,5,2,42,7,1360,1,13,5,1,5
2017160143663,1,9,0,17,0,0,1,0,7,0,4,1,1,1,19,4,1242,1,11,3,1,3
2017160143681,1,9,0,6,0,0,0,0,0,0,4,1,5,1,22,5,1598,2,5,4,1,4
2017160143681,2,9,0,18,0,0,0,0,0,0,1,1,5,1,29,6,1753,2,8,1,1,1
2017160143744,1,9,0,9,0,6,0,10,3,0,1,1,5,1,25,5,1389,1,16,1,1,1
2017160143744,2,9,0,18,0,8,0,0,0,0,4,1,2,2,24,5,1598,1,13,1,1,1
2017160143752,1,11,0,9,0,8,0,0,0,0,1,1,1,1,30,6,6696,2,2,1,1,1
2017160143795,1,9,0,5,0,0,0,0,0,0,3,1,6,2,84,11,2435,1,16,10,2,10
2017160143795,2,9,0,18,0,0,0,0,0,0,4,1,6,2,40,7,2204,2,8,9,2,9
2017160143845,1,9,0,7,0,3,0,0,0,0,1,1,6,1,50,8,1229,1,5,1,1,1
2017160143845,2,1,0,5,0,1,0,0,0,0,4,1,6,1,24,5,-1,-1,-1,5,1,5
2017160143873,1,9,0,5,0,6,0,0,0,0,1,1,5,1,46,8,2967,2,3,10,2,10
2017160143873,2,1,0,18,5,1,0,0,0,0,1,1,5,1,30,6,-1,-1,-1,10,1,10
2017160144249,1,9,0,18,0,0,1,10,7,4,1,1,5,1,62,9,1229,1,7,6,3,6
2017160144302,1,3,0,17,0,4,1,0,0,0,4,1,2,1,20,4,-1,-1,-1,1,1,1
2017160144401,1,9,0,9,0,8,0,0,0,0,3,1,6,1,63,9,2401,2,14,9,1,9
2017160144401,2,3,0,13,0,8,0,0,0,0,4,1,6,1,50,8,124,1,2,1,1,1
2017160144507,1,9,0,4,0,0,0,0,0,0,2,1,5,1,24,5,1390,1,12,1,2,1
2017160144507,2,9,0,18,0,0,0,0,0,0,1,1,5,1,26,6,-1,-1,-1,6,2,6
2017160144658,1,9,0,18,0,0,0,0,0,0,1,1,6,1,25,5,-1,-1,-1,-1,-1,-1
2017160144741,1,9,0,4,0,1,1,10,3,9,1,1,6,1,53,8,1248,2,5,6,3,6
2017160144869,1,9,0,17,0,0,2,10,7,9,1,1,5,2,35,6,1796,1,16,8,1,8
2017160144911,1,19,0,5,0,0,0,0,0,0,1,1,6,1,36,7,1968,2,2,10,3,10
2017160144911,2,9,0,3,0,0,0,0,0,0,2,1,6,1,48,8,1995,2,13,9,3,9
2017160144916,1,9,0,17,0,0,2,10,2,0,1,1,2,2,26,6,-1,-1,-1,6,3,6
2017160145040,1,3,0,15,0,1,0,0,0,0,1,1,6,1,23,5,124,1,7,1,1,1
2017160145040,2,3,0,9,0,8,0,0,0,0,4,1,6,1,35,6,125,1,1,6,1,6
2017160145068,1,9,0,16,0,0,0,0,1,4,1,1,1,2,25,5,1753,2,12,8,2,8
2017160145069,1,9,0,17,0,5,1,10,1,3,1,1,5,2,24,5,1360,1,7,3,1,3
2017160145081,1,9,0,18,0,0,0,0,0,0,1,1,6,3,-1,-1,2499,2,15,-1,-1,-1
2017160145081,2,9,0,10,0,0,0,0,0,0,2,1,6,1,23,5,1364,1,9,5,3,5
2017160145098,1,9,0,5,0,6,0,0,0,0,1,1,6,1,52,8,1149,1,13,7,2,7
2017160145098,2,1,0,18,0,8,0,0,0,0,4,1,6,1,54,8,-1,-1,-1,9,1,9
2017160145112,1,9,0,4,0,0,1,0,0,0,1,1,6,2,46,8,1332,1,8,10,1,10
2017160145112,2,3,0,4,0,0,0,0,0,0,2,1,6,1,30,6,124,1,1,1,1,1
2017160145117,1,9,0,18,0,0,0,0,0,0,1,1,6,1,45,7,996,1,8,1,1,1
2017160145117,2,9,0,18,0,0,0,0,0,0,2,1,6,2,35,6,1339,1,11,7,1,7
2017160145179,1,11,0,4,0,0,0,0,0,0,0,1,1,1,34,6,8300,2,11,4,1,4
2017160145192,1,9,0,18,0,0,1,10,8,10,1,1,1,1,41,7,1199,1,13,1,1,1
2017160145454,1,9,0,12,0,1,0,0,0,0,1,1,2,2,19,4,1360,1,13,9,1,9
2017160145464,1,9,0,18,0,1,0,0,0,0,1,1,6,1,34,6,1598,1,16,1,1,1
2017160145464,2,9,0,3,0,1,0,0,0,0,2,1,6,1,24,5,2148,2,12,2,1,2
2017160145541,1,9,0,7,0,2,0,0,0,0,4,1,6,1,45,7,-1,-1,-1,-1,-1,-1
2017160145663,1,9,0,18,0,1,1,0,0,0,1,1,3,1,44,7,1560,2,2,-1,-1,-1
2017160145717,1,97,0,18,0,0,0,0,0,0,1,1,6,1,20,4,-1,-1,-1,-1,-1,-1
2017160145748,1,9,0,5,0,8,0,0,0,0,1,1,5,2,54,8,1364,1,6,6,3,6
2017160145748,2,9,0,18,0,8,0,0,0,0,3,1,5,2,60,9,1997,2,2,6,3,6
2017160145854,1,9,0,1,5,0,0,0,0,0,2,1,6,2,35,6,-1,-1,-1,-1,-1,-1
2017160145962,1,1,0,18,0,2,0,0,0,0,4,1,6,1,18,4,-1,-1,-1,3,1,3
2017160145962,2,9,0,18,0,2,0,0,0,0,1,1,6,3,57,9,-1,-1,-1,-1,-1,-1
2017160146039,1,1,0,18,0,1,0,0,0,0,1,1,6,1,45,7,-1,-1,-1,7,1,7
2017160146039,2,9,0,10,0,8,0,0,0,0,2,1,6,1,30,6,1997,2,12,-1,-1,-1
2017160146043,1,9,0,5,0,0,0,0,0,0,1,1,6,1,45,7,1998,2,5,1,1,1