Accident_Index,Vehicle_Reference,Vehicle_Type,Towing_and_Articulation,Vehicle_Manoeuvre,Vehicle_Location-Restricted_Lane,Junction_Location,Skidding_and_Overturning,Hit_Object_in_Carriageway,Vehicle_Leaving_Carriageway,Hit_Object_off_Carriageway,1st_Point_of_Impact,Was_Vehicle_Left_Hand_Drive?,Journey_Purpose_of_Driver,Sex_of_Driver,Age_of_Driver,Age_Band_of_Driver,Engine_Capacity_(CC),Propulsion_Code,Age_of_Vehicle,Driver_IMD_Decile,Driver_Home_Area_Type,Vehicle_IMD_Decile
2017160175755,1,9,0,14,0,0,0,4,0,0,1,1,5,1,35,6,2000,2,13,5,1,5
2017160175755,2,9,0,2,0,0,0,0,0,0,1,1,6,1,35,6,1389,1,17,-1,-1,-1
2017160175794,1,9,0,18,0,0,0,0,0,0,1,1,6,2,52,8,1399,2,9,3,2,3
2017160175794,2,9,0,18,0,0,0,0,0,0,2,1,6,2,24,5,1242,1,5,7,2,7
2017160175865,1,9,0,17,0,0,5,10,1,0,2,1,5,2,23,5,1390,1,11,9,3,9
2017160175899,1,1,0,18,0,6,0,0,0,0,3,1,6,1,18,4,-1,-1,-1,2,1,2
2017160175899,2,9,0,18,0,8,0,0,0,0,1,1,6,2,26,6,1598,2,2,8,3,8
2017160175935,1,9,0,9,0,5,0,0,0,0,3,1,6,1,19,4,998,1,8,4,1,4
2017160175935,2,3,0,18,0,1,0,0,0,0,4,1,6,1,25,5,124,1,-1,1,1,1
2017160175962,1,9,0,18,0,0,1,10,2,4,1,1,2,1,48,8,1995,2,4,7,3,7
2017160176004,1,9,0,18,0,1,0,0,0,0,1,1,6,1,33,6,1986,2,12,1,1,1
2017160176004,2,9,0,10,0,1,0,0,0,0,2,1,1,1,49,8,1560,2,2,2,1,2
2017160176023,1,9,0,18,0,6,0,0,0,0,3,1,5,1,80,11,1560,2,5,4,3,4
2017160176023,2,5,0,18,0,8,0,0,0,0,1,1,5,1,76,11,748,1,12,4,1,4
2017160176076,1,9,0,4,0,1,0,0,0,0,1,1,5,2,31,6,1995,2,2,9,1,9
2017160176076,2,9,0,3,0,1,0,0,0,0,2,1,5,1,50,8,1461,2,-1,2,1,2
2017160176123,1,9,0,18,0,8,0,0,0,0,1,1,1,1,27,6,1364,1,3,1,1,1
2017160176123,2,1,0,9,0,6,0,0,0,0,2,1,1,1,22,5,-1,-1,-1,1,1,1
2017160176173,1,9,0,7,0,2,0,0,0,0,3,1,6,1,30,6,-1,-1,-1,7,1,7
2017160176173,2,9,0,9,0,2,0,0,0,0,1,1,6,1,22,5,1199,1,14,1,1,1
2017160176244,1,9,0,18,0,3,0,0,0,0,1,1,6,2,27,6,1199,1,14,1,1,1
2017160176244,2,1,0,18,0,3,0,0,0,0,1,1,6,1,14,3,-1,-1,-1,7,1,7
2017160176258,1,9,0,11,0,0,1,10,7,9,3,1,2,1,26,6,1149,1,15,2,2,2
2017160176309,1,9,0,18,0,0,0,0,0,0,2,1,6,2,70,10,2143,2,2,7,1,7
2017160176309,2,98,0,18,0,0,0,0,0,0,1,1,6,1,23,5,-1,-1,-1,5,2,5
2017160176312,1,9,0,18,0,8,0,0,0,0,1,1,6,3,23,5,-1,-1,-1,-1,-1,-1
2017160176326,1,9,0,18,0,0,0,0,0,0,1,1,6,1,24,5,1560,2,4,1,1,1
2017160176358,1,9,0,18,0,4,0,0,0,0,2,1,6,2,43,7,1496,2,1,8,1,8
2017160176358,2,9,0,18,0,4,0,0,0,0,1,1,6,1,50,8,1560,2,5,1,1,1
2017160176396,1,1,0,18,0,0,0,0,0,0,3,1,6,1,40,7,-1,-1,-1,1,1,1
2017160176396,2,9,0,18,0,0,0,0,0,0,4,1,6,1,38,7,-1,-1,-1,-1,-1,-1
2017160176492,1,9,0,5,0,4,0,0,0,0,3,1,5,1,34,6,1781,1,15,1,1,1
2017160176492,2,1,0,18,0,8,0,0,0,0,1,1,6,1,45,7,-1,-1,-1,1,1,1
2017160176531,1,9,0,18,0,8,1,10,4,4,3,1,2,2,30,6,2204,2,11,1,1,1
2017160176531,2,9,0,9,0,8,0,0,0,0,1,1,5,1,32,6,1364,1,7,1,1,1
2017160176563,1,9,0,5,0,8,0,0,0,0,1,1,5,1,74,10,2967,1,14,9,2,9
2017160176563,2,9,0,18,0,8,0,0,0,0,3,1,5,2,39,7,1560,2,2,3,3,3
2017160176639,1,9,0,13,0,0,0,0,0,0,4,1,1,1,33,6,1396,1,15,9,3,9
2017160176639,2,9,0,18,0,0,0,10,1,2,3,1,1,2,55,8,1598,1,7,10,1,10
2017160176665,1,1,0,18,0,8,0,0,0,0,1,1,6,1,63,9,-1,-1,-1,5,1,5
2017160176665,2,9,0,7,0,6,0,0,0,0,3,1,6,1,42,7,1896,2,9,2,1,2
2017160176695,1,9,0,4,0,1,0,0,0,0,1,1,6,1,23,5,2000,2,13,7,3,7
2017160176695,2,9,0,3,0,1,0,0,0,0,2,1,6,2,32,6,1582,2,2,10,2,10
2017160176718,1,9,0,18,0,0,0,0,1,4,1,1,6,1,21,5,1229,1,9,8,3,8
2017160176718,2,9,0,13,0,0,0,0,0,0,0,1,6,1,18,4,875,1,3,5,2,5
2017160176718,3,9,0,18,0,0,0,0,0,0,0,1,6,1,17,4,1242,1,11,1,1,1
2017160176812,1,4,0,18,0,0,1,0,0,0,1,1,6,3,-1,-1,592,1,24,-1,-1,-1
2017160176819,1,9,0,18,0,8,0,0,0,0,1,1,6,2,30,6,999,1,3,1,1,1
2017160176819,2,9,0,10,0,8,0,0,0,0,2,1,3,2,35,6,1956,2,4,6,1,6
2017160177095,1,9,0,18,0,0,0,0,1,11,1,1,5,2,18,4,999,1,10,7,2,7
2017160177125,1,9,0,5,0,2,0,0,0,0,3,1,6,1,38,7,1598,1,8,1,1,1
2017160177125,2,2,0,18,0,8,0,0,0,0,1,1,6,2,39,7,49,1,2,4,1,4
2017160177129,1,9,0,18,0,0,0,0,0,0,1,1,6,3,-1,-1,-1,-1,-1,-1,-1,-1
2017160177376,1,9,0,18,0,1,0,0,0,0,1,1,6,1,34,6,3696,1,8,4,2,4
2017160177376,2,9,0,3,0,1,0,0,0,0,2,1,6,2,23,5,1242,1,10,2,2,2
2017160177396,1,19,0,18,0,1,0,0,0,0,1,1,6,3,-1,-1,1598,2,2,-1,-1,-1
2017160177396,2,9,0,10,0,1,0,0,0,0,2,1,6,1,45,7,-1,-1,-1,7,1,7
2017160177445,1,8,0,5,0,6,0,0,0,0,1,1,1,1,55,8,1560,2,7,6,3,6
2017160177445,2,1,0,18,0,8,0,0,0,0,4,1,6,1,26,6,-1,-1,-1,3,1,3
2017160177458,1,9,0,18,0,8,0,10,3,10,1,1,6,1,24,5,1598,1,10,2,1,2
2017160177491,1,9,0,18,0,0,0,0,0,0,4,1,6,3,34,6,1995,2,7,-1,-1,-1
2017160177491,2,9,0,2,0,0,0,0,0,0,3,1,6,1,45,7,1686,2,6,3,1,3
2017160177510,1,9,0,18,0,2,0,0,0,0,1,1,6,1,23,5,1229,1,12,3,1,3
2017160177510,2,9,0,3,0,2,0,0,0,0,2,1,6,1,41,7,973,1,18,3,1,3
2017160177535,1,90,0,18,0,0,0,0,0,0,0,1,1,1,41,7,7146,2,1,8,1,8
2017160177535,2,9,0,18,0,0,0,10,0,0,4,1,6,2,42,7,1461,2,6,5,3,5
2017160177556,1,9,0,9,0,5,0,0,0,0,1,1,1,1,39,7,1995,2,8,5,1,5
2017160177556,2,1,0,18,0,8,0,0,0,0,3,1,1,1,53,8,-1,-1,-1,6,1,6
2017160177594,1,11,0,8,0,1,0,0,0,0,2,1,1,3,-1,-1,-1,-1,-1,-1,-1,-1
2017160177594,2,1,0,8,0,1,0,0,0,0,1,1,6,1,20,4,-1,-1,-1,1,1,1
2017160177631,1,9,0,18,0,1,0,0,0,0,4,1,6,2,58,9,1587,1,11,4,1,4
2017160177631,2,1,0,18,0,6,0,0,0,0,1,1,6,1,12,3,-1,-1,-1,5,1,5
2017160177648,1,11,0,18,0,0,0,0,0,0,4,1,1,3,-1,-1,-1,-1,-1,-1,-1,-1
2017160177648,2,9,0,1,0,0,0,0,0,0,3,1,6,1,29,6,1796,1,14,3,1,3
2017160177688,1,8,0,5,0,0,0,10,1,2,1,1,5,1,31,6,1396,1,12,9,1,9
2017160177707,1,9,0,9,0,5,0,0,0,0,1,1,6,2,52,8,1580,1,29,9,1,9
2017160177707,2,1,0,18,0,8,0,0,0,0,1,1,6,1,-1,-1,-1,-1,-1,-1,-1,-1
2017160177711,1,9,0,18,0,0,0,0,7,4,4,1,5,1,71,10,1248,2,10,3,3,3
2017160177711,2,19,0,18,0,0,0,0,0,0,3,1,5,1,35,6,1461,2,11,3,2,3
2017160177800,1,9,0,4,0,1,0,0,0,0,1,1,6,1,23,5,-1,-1,-1,-1,-1,-1
2017160177800,2,9,0,3,0,1,0,0,0,0,2,1,6,2,63,9,1198,1,11,5,1,5
2017160177830,1,9,0,3,0,4,0,0,0,0,3,1,5,1,22,5,-1,-1,-1,7,1,7
2017160177830,2,1,0,18,0,8,0,0,0,0,4,1,5,1,49,8,-1,-1,-1,5,1,5
2017160177836,1,9,0,18,0,0,0,0,0,0,1,1,6,2,35,6,1461,2,5,4,1,4
2017160177905,1,9,0,18,0,0,0,0,0,0,4,1,6,1,34,6,1910,2,9,1,1,1
2017160177905,2,9,0,5,0,0,0,0,0,0,3,1,6,1,48,8,-1,-1,-1,9,1,9
2017160177905,3,9,0,2,0,0,0,0,0,0,2,1,6,3,-1,-1,-1,-1,-1,-1,-1,-1
2017160177905,4,9,0,2,0,0,0,0,0,0,2,1,6,3,-1,-1,-1,-1,-1,-1,-1,-1
2017160177905,5,9,0,2,0,0,0,0,0,0,2,1,6,3,-1,-1,-1,-1,-1,-1,-1,-1
2017160177994,1,9,0,9,0,8,0,0,0,0,4,1,6,2,31,6,1149,1,2,1,1,1
2017160177994,2,1,0,18,0,8,0,0,0,0,3,1,6,2,55,8,-1,-1,-1,1,1,1
2017160178091,1,9,0,11,0,1,0,0,0,0,1,1,6,3,28,6,-1,-1,-1,-1,-1,-1
2017160178091,2,1,0,18,0,1,0,0,0,0,0,1,2,1,35,6,-1,-1,-1,1,1,1
2017160178111,1,9,0,8,0,6,0,0,0,0,1,1,5,2,53,8,1197,1,3,3,1,3
2017160178111,2,9,0,1,0,1,0,0,0,0,2,1,5,1,18,4,1364,1,10,9,1,9
2017160178280,1,20,0,5,0,1,0,0,0,0,1,1,6,1,34,6,-1,-1,-1,1,1,1
2017160178280,2,9,0,18,0,1,0,0,0,0,4,1,6,1,56,9,1560,2,4,5,3,5
2017160178284,1,9,0,18,0,0,0,0,0,0,1,1,6,1,34,6,1595,1,13,1,1,1
2017160178284,2,9,0,3,0,0,0,0,0,0,2,1,6,2,37,7,1984,1,16,1,1,1
2017160178334,1,20,0,4,0,0,0,0,0,0,2,1,1,1,46,8,-1,-1,-1,-1,-1,-1
2017160178334,2,9,0,18,0,0,1,4,0,0,1,1,5,2,50,8,1360,1,14,7,1,7
2017160178351,1,9,0,9,0,6,0,0,0,0,3,1,6,2,20,4,1242,1,11,2,1,2
2017160178351,2,3,0,18,0,8,0,0,0,0,1,1,6,1,24,5,124,1,1,6,2,6
2017160178388,1,9,0,18,0,3,0,10,7,1,1,1,5,1,25,5,1968,2,4,7,3,7
2017160178419,1,9,0,13,0,0,0,0,0,0,4,1,6,3,-1,-1,-1,-1,-1,-1,-1,-1
2017160178419,2,1,0,18,0,0,0,0,0,0,3,1,6,1,47,8,-1,-1,-1,1,1,1
2017160178459,1,9,0,18,0,8,0,10,7,11,4,1,6,1,26,6,1956,2,7,1,1,1
2017160178459,2,9,0,18,0,6,0,10,0,0,1,1,6,1,22,5,1968,2,13,6,1,6
2017160178464,1,9,0,5,0,4,0,11,0,0,1,1,2,2,22,5,1229,1,5,1,1,1
2017160178464,2,1,0,18,0,8,0,0,0,0,4,1,2,1,22,5,-1,-1,-1,1,1,1
2017160178544,1,8,0,6,0,0,0,0,0,0,2,1,1,3,-1,-1,-1,-1,-1,-1,-1,-1
2017160178544,2,8,0,18,0,0,0,0,0,0,1,1,1,2,52,8,1800,1,18,5,1,5
2017160178578,1,9,0,18,0,8,0,0,0,0,1,1,6,1,44,7,1796,1,3,9,1,9
2017160178578,2,2,0,9,0,6,0,0,0,0,3,1,6,1,16,4,50,1,3,10,1,10
2017160178593,1,9,0,18,0,2,0,0,0,0,1,1,6,3,-1,-1,-1,-1,-1,-1,-1,-1
2017160178602,1,9,0,18,0,0,0,12,0,0,1,1,2,2,46,8,1248,1,2,1,1,1
2017160178608,1,1,0,18,9,0,0,0,0,0,1,1,6,3,-1,-1,-1,-1,-1,-1,-1,-1
2017160178608,2,1,0,18,9,0,0,0,0,0,1,1,6,1,23,5,-1,-1,-1,2,1,2
2017160179042,1,9,0,5,0,0,0,0,0,0,1,1,6,1,18,4,1395,1,2,8,2,8
2017160179045,1,9,0,2,0,0,0,0,0,0,3,1,6,1,37,7,1198,1,6,8,1,8
2017160179045,2,1,0,18,0,0,0,8,0,0,4,1,6,1,56,9,-1,-1,-1,8,1,8
2017160179048,1,9,0,18,0,0,0,10,4,6,3,1,6,1,30,6,1598,1,10,1,1,1
2017160179057,1,9,0,18,0,3,0,0,0,0,4,1,6,1,28,6,-1,-1,-1,-1,-1,-1
2017160179057,2,3,0,18,0,3,0,0,0,0,2,1,6,1,26,6,108,1,2,1,1,1
2017160179065,1,8,0,18,0,0,0,0,0,0,3,1,6,1,43,7,-1,-1,-1,-1,-1,-1
2017160179065,2,1,0,18,0,0,0,0,0,0,4,1,6,1,50,8,-1,-1,-1,1,1,1
2017160179082,1,9,0,5,0,8,0,0,0,0,1,1,2,1,55,8,1229,1,12,1,1,1
2017160179082,2,1,0,18,0,8,0,0,0,0,4,1,5,1,17,4,-1,-1,-1,1,1,1
2017160179096,1,9,0,5,0,1,0,0,0,0,2,1,6,1,27,6,1390,1,13,3,1,3
2017160179096,2,9,0,5,0,1,0,0,0,0,1,1,6,1,53,8,1870,2,11,2,1,2
2017160179223,1,9,0,9,0,1,0,0,0,0,4,1,5,1,30,6,1968,2,10,1,2,1
2017160179223,2,1,0,18,0,8,0,0,0,0,3,1,6,2,59,9,-1,-1,-1,1,1,1
2017160179234,1,9,0,6,0,0,0,0,0,0,2,1,5,1,36,7,1560,2,4,4,1,4
2017160179234,2,9,0,13,0,0,0,0,0,0,1,1,5,1,28,6,-1,-1,-1,1,1,1
2017160179276,1,19,0,2,6,0,0,0,0,0,2,1,1,1,29,6,2143,2,5,1,1,1
2017160179276,2,19,0,11,7,0,0,0,0,0,1,1,1,1,63,9,2402,2,13,5,1,5
2017160179312,1,9,0,18,0,1,0,0,0,0,1,1,2,1,31,6,1596,1,5,6,2,6
2017160179366,1,9,0,9,0,5,0,0,0,0,1,1,6,1,36,7,998,1,-1,2,1,2
2017160179366,2,2,0,18,0,1,0,0,0,0,1,1,6,1,16,4,50,1,2,7,1,7
2017160179386,1,19,0,9,0,8,0,0,0,0,3,1,2,1,59,9,2198,2,9,6,3,6
2017160179386,2,9,0,7,0,3,0,0,0,0,4,1,2,1,30,6,1596,1,4,1,1,1
2017160179428,1,9,0,17,0,0,0,0,0,0,3,1,5,1,49,8,1998,8,1,4,2,4
2017160179428,2,1,0,16,0,0,0,0,0,0,1,1,5,1,27,6,-1,-1,-1,10,3,10
2017160179491,1,9,0,5,0,4,0,0,0,0,2,1,2,1,41,7,1995,2,2,10,3,10
2017160179491,2,9,0,5,0,4,0,0,0,0,2,1,2,2,29,6,1582,2,6,7,2,7
2017160179491,3,9,0,18,0,4,0,0,0,0,1,1,5,1,41,7,2179,2,8,7,1,7
2017160179499,1,9,0,5,0,6,0,0,0,0,1,1,6,2,45,7,1242,1,4,10,2,10
2017160179499,2,9,0,18,0,8,0,0,0,0,4,1,6,2,68,10,1398,1,4,-1,-1,-1
2017160179499,3,9,0,18,0,1,0,0,0,0,3,1,6,3,45,7,2143,2,4,-1,-1,-1
2017160179524,1,9,0,18,0,1,0,0,0,0,1,1,5,2,49,8,1598,1,4,2,1,2
2017160179524,2,3,0,4,0,1,0,0,0,0,2,1,5,1,29,6,124,1,10,5,1,5
2017160179524,3,9,0,4,0,1,0,0,0,0,2,1,5,2,36,7,998,1,1,4,1,4
2017160179694,1,9,0,4,0,8,0,0,0,0,1,1,6,2,32,6,1368,1,8,8,2,8
2017160179694,2,1,0,18,0,8,0,0,0,0,2,1,6,1,58,9,-1,-1,-1,8,2,8
2017160179719,1,1,0,18,0,0,0,0,0,0,3,1,6,1,18,4,-1,-1,-1,10,1,10
2017160179719,2,9,0,18,0,0,0,0,0,0,0,1,6,3,40,7,-1,-1,-1,-1,-1,-1
2017160179770,1,8,0,18,0,4,0,0,0,0,1,1,6,2,35,6,1598,2,6,8,1,8
2017160179770,2,1,0,18,0,8,0,0,0,0,4,1,6,1,49,8,-1,-1,-1,1,1,1
2017160179798,1,9,0,18,0,1,0,0,0,0,1,1,6,1,37,7,1799,1,8,2,2,2
2017160179798,2,9,0,10,0,8,0,0,0,0,2,1,6,2,50,8,1461,2,6,7,2,7
2017160179798,3,9,0,18,0,8,0,0,0,0,1,1,6,2,49,8,1248,2,7,8,2,8
2017160179803,1,9,0,18,0,0,0,0,0,0,2,1,6,2,25,5,1242,1,14,1,1,1
2017160179803,2,9,0,18,0,0,0,0,0,0,1,1,6,2,30,6,1343,1,12,-1,-1,-1
2017160179828,1,1,0,9,0,5,0,0,0,0,2,1,6,1,54,8,-1,-1,-1,1,1,1
2017160179828,2,2,0,18,0,1,0,0,0,0,1,1,6,3,-1,-1,49,1,1,-1,-1,-1
2017160179841,1,9,0,2,0,0,0,0,0,0,2,1,5,1,37,7,2393,1,12,1,1,1
2017160179841,2,1,0,18,0,0,0,4,0,0,1,1,6,1,35,6,-1,-1,-1,7,1,7
2017160179876,1,9,0,9,0,5,0,0,0,0,1,1,5,2,44,7,1968,2,2,10,3,10
2017160179876,2,3,0,18,0,8,0,0,0,0,3,1,5,1,27,6,124,1,13,3,1,3
2017160179895,1,9,0,18,0,0,0,4,0,0,1,1,5,1,83,11,1350,1,15,3,1,3
2017160179895,2,9,0,2,0,0,0,0,0,0,2,1,5,3,-1,-1,1686,2,7,-1,-1,-1
2017160179924,1,1,0,9,0,6,0,0,0,0,2,1,5,1,42,7,-1,-1,-1,2,1,2
2017160179924,2,9,0,9,0,6,0,0,0,0,1,1,5,3,-1,-1,1397,1,17,-1,-1,-1
2017160179949,1,9,0,13,0,0,0,0,0,0,4,1,5,2,27,6,1995,2,5,5,1,5
2017160179949,2,2,0,9,0,0,0,0,0,0,3,1,5,1,16,4,49,1,13,7,1,7
2017160180000,1,9,0,16,0,0,0,0,0,0,1,1,5,1,37,7,1587,1,11,4,1,4
2017160180058,1,9,0,17,0,0,2,10,2,4,1,1,1,1,58,9,1490,1,10,5,3,5
2017160180113,1,22,0,18,0,0,0,0,0,0,4,1,6,1,50,8,-1,-1,-1,7,1,7
2017160180113,2,11,0,18,0,0,0,0,0,0,3,1,1,1,44,7,3900,2,14,4,1,4
2017160180115,1,1,0,18,0,6,0,0,0,0,1,1,6,1,24,5,-1,-1,-1,4,1,4
2017160180115,2,9,0,7,0,6,0,0,0,0,4,1,6,2,18,4,1242,1,1,4,1,4
2017160180165,1,-1,0,18,0,0,0,0,0,0,1,1,6,3,25,5,-1,-1,-1,-1,-1,-1
2017160180169,1,9,0,5,0,4,0,0,0,0,1,1,3,2,41,7,1461,2,6,9,1,9
2017160180169,2,1,0,18,0,8,0,0,0,0,4,1,6,1,29,6,-1,-1,-1,5,1,5
2017160180219,1,1,0,9,0,5,0,0,0,0,2,1,6,1,59,9,-1,-1,-1,1,1,1
2017160180219,2,9,0,9,0,5,0,0,0,0,1,1,6,2,26,6,1360,1,10,2,1,2
2017160180254,1,9,0,18,0,0,0,0,0,0,1,1,6,1,45,7,1390,1,5,-1,-1,-1
2017160180254,2,9,0,18,0,0,0,0,0,0,2,1,6,1,37,7,1796,1,13,2,1,2
2017160180291,1,-1,0,18,0,0,0,0,0,0,1,1,6,3,25,5,-1,-1,-1,-1,-1,-1
2017160180303,1,9,0,18,0,0,0,10,0,0,4,1,6,3,44,7,-1,-1,-1,-1,-1,-1
2017160180313,1,9,0,5,0,0,0,0,0,0,0,1,6,1,45,7,-1,-1,-1,-1,-1,-1
2017160180313,2,1,0,18,9,0,0,0,0,0,0,1,4,1,12,3,-1,-1,-1,10,2,10
2017160180387,1,9,0,18,0,0,0,0,0,0,1,1,6,1,30,6,2143,2,2,7,1,7
2017160180387,2,9,0,18,0,0,0,0,0,0,2,1,6,2,30,6,1956,2,5,7,1,7
2017160180391,1,19,0,5,0,0,0,0,0,0,1,1,6,1,63,9,1461,2,12,10,2,10
2017160180391,2,9,0,3,0,0,0,0,0,0,2,1,6,1,27,6,1368,1,7,9,1,9
2017160180391,3,9,0,3,0,0,0,0,0,0,2,1,6,1,69,10,1794,1,15,8,1,8
2017160180459,1,8,0,18,0,0,0,0,0,0,1,1,1,1,55,8,1910,2,8,1,1,1
2017160180556,1,9,0,18,0,1,0,0,0,0,1,1,6,3,34,6,1596,1,7,-1,-1,-1
2017160180556,2,9,0,3,0,1,0,0,0,0,2,1,6,1,44,7,2696,2,10,1,1,1
2017160180562,1,9,0,5,0,2,0,0,0,0,0,1,6,2,35,6,-1,-1,-1,-1,-1,-1
2017160180562,2,9,0,2,0,2,0,0,0,0,0,1,5,2,59,9,1461,2,4,-1,-1,-1
2017160180616,1,9,0,18,0,8,0,0,0,0,4,1,6,1,23,5,1969,1,1,7,1,7
2017160180616,2,1,0,18,0,8,0,0,0,0,3,1,6,1,24,5,-1,-1,-1,-1,-1,-1
2017160180645,1,9,0,9,0,6,0,0,0,0,1,1,6,2,23,5,1242,1,11,3,1,3
2017160180645,2,1,0,7,0,6,0,0,0,0,3,1,6,1,55,8,-1,-1,-1,-1,-1,-1
2017160180709,1,9,0,18,0,6,0,0,0,0,1,1,6,3,24,5,-1,-1,-1,-1,-1,-1
2017160180709,2,1,0,18,0,8,0,0,0,0,1,1,6,1,45,7,-1,-1,-1,3,1,3
2017160180826,1,5,0,18,0,8,1,0,0,0,4,1,6,1,36,7,-1,-1,-1,1,1,1
2017160180839,1,9,0,16,0,0,2,0,7,10,4,1,5,1,18,4,1399,2,10,8,2,8
2017160180888,1,9,0,18,0,0,0,0,1,9,1,1,6,2,45,7,999,1,15,1,2,1
2017160180898,1,9,0,18,0,0,0,10,1,7,1,1,6,1,41,7,1461,2,1,1,1,1
2017160180898,2,9,0,18,0,0,0,0,0,0,2,1,6,1,68,10,1998,2,11,7,1,7
2017160180898,3,9,0,18,0,0,0,0,0,0,3,1,6,2,52,8,1796,1,16,6,2,6
2017160180898,4,9,0,18,0,0,0,0,0,0,3,1,6,1,39,7,1587,1,13,1,1,1
2017160180898,5,19,0,18,0,0,0,0,0,0,3,1,6,1,21,5,1248,2,1,3,1,3
2017160180898,6,9,0,18,0,0,0,0,0,0,3,1,6,2,17,4,1364,1,3,2,1,2
2017160180898,7,9,0,18,0,0,0,0,0,0,3,1,6,1,41,7,1796,1,9,2,1,2
2017160180909,1,9,0,13,0,8,0,0,0,0,4,1,6,1,35,6,-1,-1,-1,-1,-1,-1
2017160180909,2,1,0,18,0,8,0,0,0,0,3,1,6,1,55,8,-1,-1,-1,-1,-1,-1
2017160181000,1,8,0,9,0,2,0,0,0,0,1,1,1,1,36,7,1997,2,7,3,1,3
2017160181039,1,8,0,1,0,0,0,0,0,0,2,1,1,1,45,7,2143,2,6,1,1,1
2017160181039,2,9,0,18,0,0,0,0,0,0,1,1,6,1,35,6,1398,1,6,-1,-1,-1
2017160181058,1,9,0,18,0,0,0,0,0,0,4,1,5,2,70,10,999,1,1,6,1,6
2017160181070,1,9,0,3,0,0,0,0,0,0,2,1,6,2,41,7,999,1,1,10,2,10
2017160181070,2,9,0,18,0,0,0,0,0,0,1,1,6,1,33,6,2000,2,7,1,1,1
2017160181090,1,9,0,18,0,0,0,0,0,0,1,1,6,1,56,9,2685,2,12,-1,-1,-1
2017160181090,2,9,0,18,0,0,0,0,0,0,2,1,6,2,53,8,1586,1,5,8,2,8
2017160181099,1,9,0,9,0,6,0,0,0,0,3,1,5,2,19,4,1968,2,6,6,3,6
2017160181099,2,1,0,18,0,8,0,0,0,0,1,1,5,2,53,8,-1,-1,-1,6,1,6
2017160181125,1,19,0,18,0,0,0,0,0,0,1,1,6,1,55,8,2198,2,2,10,2,10
2017160181125,2,1,0,18,4,0,0,0,0,0,2,1,6,1,35,6,-1,-1,-1,7,1,7
2017160181159,1,22,0,18,0,0,0,0,0,0,3,1,6,1,67,10,-1,-1,-1,3,1,3
2017160181159,2,19,0,18,0,0,0,0,0,0,1,1,6,1,-1,-1,2143,2,2,-1,-1,-1
2017160181184,1,9,0,18,0,0,1,0,7,4,1,1,5,1,47,8,1896,2,15,3,3,3
2017160181198,1,9,0,18,0,0,2,0,1,9,1,1,5,1,59,9,1360,1,9,9,3,9
2017160181530,1,9,0,8,0,1,0,0,0,0,4,1,5,2,33,6,1197,1,1,9,1,9
2017160181530,2,1,0,18,9,1,0,0,0,0,1,1,5,1,6,2,-1,-1,-1,9,1,9
2017160181549,1,9,0,9,0,6,0,0,0,0,3,1,6,2,-1,-1,-1,-1,-1,-1,-1,-1
2017160181549,2,1,0,18,0,8,0,0,0,0,1,1,2,1,32,6,-1,-1,-1,1,1,1
2017160181553,1,9,0,18,0,0,0,0,0,0,4,1,6,1,36,7,1560,2,6,4,1,4
2017160181594,1,9,0,9,0,0,0,0,0,0,4,1,1,1,76,11,1242,1,5,8,2,8
2017160181594,2,3,0,18,0,0,1,0,0,0,1,1,1,1,32,6,124,1,2,1,1,1
2017160181605,1,5,0,18,0,0,1,0,0,0,1,1,6,1,54,8,998,1,8,8,1,8
2017160181605,2,9,0,4,0,0,0,0,0,0,2,1,3,2,43,7,1598,2,6,8,1,8
2017160181622,1,9,0,18,0,0,0,0,0,0,0,1,6,1,60,9,1390,1,12,1,1,1
2017160181622,2,9,0,18,0,0,0,0,0,0,0,1,6,2,-1,-1,4799,1,10,7,3,7
2017160181679,1,9,0,7,0,6,0,0,0,0,1,1,6,1,28,6,1796,1,11,3,1,3
2017160181679,2,1,0,18,4,8,0,0,0,0,4,1,6,1,28,6,-1,-1,-1,1,1,1
2017160181713,1,9,0,18,0,2,0,4,0,0,1,1,6,1,-1,-1,1598,1,15,-1,-1,-1
2017160181713,2,9,0,2,0,8,0,10,2,3,1,1,6,2,-1,-1,1197,1,-1,-1,-1,-1
2017160181713,3,9,0,2,0,8,0,4,0,0,3,1,6,1,-1,-1,1686,2,4,-1,-1,-1
2017160181713,4,9,0,2,0,8,0,4,0,0,1,1,6,1,-1,-1,1956,2,6,-1,-1,-1
2017160181735,1,2,0,5,0,1,0,0,0,0,1,1,6,1,28,6,49,1,14,3,1,3
2017160181735,2,9,0,7,0,2,0,0,0,0,1,1,6,1,30,6,1461,2,13,3,1,3
2017160181922,1,9,0,4,0,1,0,0,0,0,2,1,6,2,49,8,1206,1,8,9,2,9
2017160181922,2,9,0,4,0,1,0,0,0,0,1,1,6,2,37,7,2204,2,9,7,3,7
2017160181922,3,9,0,4,0,1,0,0,0,0,2,1,6,1,34,6,1968,2,12,5,1,5
2017160181922,4,9,0,4,0,1,0,0,0,0,1,1,6,2,46,8,1998,2,5,3,1,3
2017160181933,1,9,0,5,0,1,0,0,0,0,4,1,6,3,-1,-1,-1,-1,-1,-1,-1,-1
2017160181935,1,9,0,9,0,5,0,10,1,0,2,1,5,2,43,7,1968,2,10,3,1,3
2017160181935,2,8,0,18,0,1,0,0,0,0,1,1,5,1,40,7,1685,2,2,2,1,2
2017160181973,1,9,0,18,0,1,0,0,0,0,1,1,6,2,38,7,998,1,5,10,1,10