Accident_Index,Vehicle_Reference,Vehicle_Type,Towing_and_Articulation,Vehicle_Manoeuvre,Vehicle_Location-Restricted_Lane,Junction_Location,Skidding_and_Overturning,Hit_Object_in_Carriageway,Vehicle_Leaving_Carriageway,Hit_Object_off_Carriageway,1st_Point_of_Impact,Was_Vehicle_Left_Hand_Drive?,Journey_Purpose_of_Driver,Sex_of_Driver,Age_of_Driver,Age_Band_of_Driver,Engine_Capacity_(CC),Propulsion_Code,Age_of_Vehicle,Driver_IMD_Decile,Driver_Home_Area_Type,Vehicle_IMD_Decile
2017160182028,1,4,0,18,0,1,0,0,0,0,1,1,5,1,68,10,248,1,4,3,1,3
2017160182028,2,9,0,9,0,6,0,0,0,0,3,1,5,1,61,9,2143,2,1,10,2,10
2017160182044,1,9,0,2,0,0,0,0,0,0,2,1,6,3,26,6,-1,-1,-1,-1,-1,-1
2017160182044,2,1,0,18,0,0,0,0,0,0,1,1,6,1,37,7,-1,-1,-1,3,1,3
2017160182050,1,11,0,18,0,8,0,0,0,0,4,1,1,1,63,9,8268,2,11,-1,-1,-1
2017160182050,2,1,0,7,0,6,0,0,0,0,3,1,6,2,23,5,-1,-1,-1,1,1,1
2017160182089,1,11,0,5,0,0,0,0,0,0,0,1,6,1,42,7,-1,-1,-1,7,1,7
2017160182110,1,3,0,18,0,0,0,0,0,0,1,1,6,1,24,5,124,1,5,1,1,1
2017160182110,2,9,0,7,0,0,0,0,0,0,3,1,6,2,45,7,1896,2,12,1,1,1
2017160182116,1,9,0,3,0,0,0,0,0,0,2,1,6,1,35,6,2477,2,14,1,1,1
2017160182116,2,9,0,4,0,0,0,0,0,0,1,1,6,2,69,10,1364,1,-1,3,1,3
2017160182230,1,9,0,18,0,0,0,0,0,0,0,1,5,2,21,5,1461,2,8,10,3,10
2017160182310,1,9,0,4,0,1,0,0,0,0,1,1,6,1,23,5,1995,2,5,10,1,10
2017160182310,2,9,0,3,0,1,0,0,0,0,2,1,6,2,39,7,1390,1,10,2,1,2
2017160182315,1,9,0,4,0,4,0,0,0,0,2,1,6,2,21,5,1400,1,17,6,1,6
2017160182315,2,9,0,4,0,4,0,0,0,0,1,1,6,2,30,6,1364,1,5,6,3,6
2017160182328,1,9,0,18,0,0,0,0,0,0,2,1,6,2,19,4,1242,1,12,7,1,7
2017160182328,2,9,0,18,0,0,0,0,0,0,1,1,6,1,29,6,1368,1,8,2,1,2
2017160182361,1,1,0,18,0,8,0,0,0,0,1,1,2,1,52,8,-1,-1,-1,1,1,1
2017160182361,2,9,0,9,0,6,0,0,0,0,3,1,3,1,33,6,1796,1,12,6,1,6
2017160182398,1,9,0,18,0,8,0,0,0,0,4,1,6,1,53,8,1997,2,1,6,1,6
2017160182398,2,1,0,18,0,8,0,0,0,0,3,1,6,1,14,3,-1,-1,-1,8,1,8
2017160182437,1,9,0,18,0,0,0,0,0,0,4,1,6,3,-1,-1,-1,-1,-1,-1,-1,-1
2017160182437,2,9,0,2,0,0,0,0,0,0,3,1,6,2,55,8,1896,2,11,4,2,4
2017160182467,1,9,0,9,0,0,0,0,0,0,4,1,5,1,35,6,2199,2,7,-1,-1,-1
2017160182467,2,1,0,18,4,0,0,0,0,0,3,1,1,1,30,6,-1,-1,-1,1,1,1
2017160182640,1,9,0,9,0,1,0,0,0,0,1,1,5,1,33,6,1389,1,15,9,3,9
2017160182640,2,9,0,18,0,1,0,0,0,0,1,1,2,1,30,6,1397,1,7,5,3,5
2017160182832,1,9,0,18,0,4,0,0,0,0,3,1,2,2,40,7,1995,2,1,9,2,9
2017160182832,2,1,0,9,0,8,0,0,0,0,1,1,2,1,60,9,-1,-1,-1,8,1,8
2017160182874,1,9,0,5,0,8,0,0,0,0,2,1,5,2,40,7,1560,2,6,1,1,1
2017160182874,2,9,0,5,0,8,0,0,0,0,1,1,2,1,22,5,1995,2,-1,5,1,5
2017160182986,1,11,0,18,0,1,0,0,0,0,1,1,1,2,45,7,9000,2,3,3,1,3
2017160182986,2,9,0,18,0,1,0,0,0,0,2,1,2,2,49,8,1461,2,3,4,1,4
2017160183007,1,1,0,18,0,8,0,0,0,0,4,1,6,1,73,10,-1,-1,-1,10,1,10
2017160183007,2,9,0,7,0,6,0,0,0,0,1,1,2,1,43,7,2204,2,11,3,1,3
2017160183092,1,9,0,18,0,0,0,0,0,0,2,1,6,1,45,7,1997,2,4,10,1,10
2017160183092,2,19,0,18,0,0,0,0,0,0,1,1,6,1,37,7,1399,2,6,-1,-1,-1
2017160183124,1,9,0,18,0,0,0,0,0,0,2,1,2,1,27,6,1798,1,9,5,2,5
2017160183124,2,9,0,18,0,0,0,0,0,0,1,1,2,2,34,6,1896,2,16,4,1,4
2017160183124,3,9,0,18,0,0,0,0,0,0,1,1,2,2,50,8,2179,2,5,-1,-1,-1
2017160183124,4,19,0,18,0,0,0,0,0,0,4,1,2,1,41,7,2198,2,9,6,1,6
2017160183124,5,9,0,18,0,0,0,0,0,0,1,1,2,2,32,6,1560,2,9,9,1,9
2017160183129,1,9,0,4,0,3,0,0,0,0,2,1,3,2,46,8,1968,2,1,1,1,1
2017160183129,2,9,0,4,0,3,0,0,0,0,1,1,1,1,42,7,1598,1,9,2,1,2
2017160183249,1,19,0,9,0,6,0,0,0,0,1,1,1,1,36,7,1560,2,2,8,1,8
2017160183249,2,3,0,18,0,1,0,0,0,0,1,1,5,1,21,5,125,1,1,1,1,1
2017160183297,1,9,0,18,0,0,0,0,0,0,4,1,6,1,54,8,3960,1,14,6,3,6
2017160183343,1,9,0,18,0,0,0,0,0,0,1,1,6,1,36,7,1896,2,13,3,3,3
2017160183343,2,9,0,4,0,0,0,0,0,0,2,1,6,1,53,8,1769,1,13,7,3,7
2017160183385,1,9,0,10,0,1,0,0,0,0,2,1,6,1,45,7,998,1,7,8,1,8
2017160183385,2,9,0,18,0,1,0,0,0,0,1,1,6,1,23,5,1598,2,1,-1,-1,-1
2017160183918,1,9,0,18,0,1,0,0,0,0,3,1,3,2,35,6,1995,2,6,8,1,8
2017160183918,2,9,0,9,0,1,0,0,0,0,4,1,2,2,56,9,1685,2,3,8,1,8
2017160183947,1,9,0,7,0,4,0,0,0,0,3,1,1,1,32,6,2143,2,3,9,3,9
2017160183947,2,1,0,18,0,4,0,0,0,0,4,1,2,1,33,6,-1,-1,-1,3,1,3
2017160183968,1,9,3,13,0,0,2,7,2,0,1,1,5,1,59,9,2495,2,14,3,2,3
2017160183968,2,11,0,18,0,0,0,0,0,0,3,1,1,1,56,9,7698,2,2,10,2,10
2017160184089,1,9,0,15,0,1,0,0,0,0,1,1,5,1,35,6,2497,1,16,1,1,1
2017160184089,2,9,0,18,0,2,0,0,0,0,1,1,5,2,63,9,1995,2,14,6,1,6
2017160184131,1,23,0,18,0,0,0,0,0,0,0,1,6,1,55,8,-1,-1,-1,3,1,3
2017160184334,1,9,0,7,0,1,0,0,0,0,4,1,5,1,50,8,1997,2,1,1,1,1
2017160184334,2,11,0,18,2,1,0,0,0,0,3,1,1,1,29,6,6700,2,1,2,1,2
2017160184346,1,9,0,9,0,5,0,0,0,0,2,1,2,1,70,10,1461,2,8,7,1,7
2017160184346,2,9,0,18,0,1,0,0,0,0,1,1,2,1,17,4,1368,1,10,9,1,9
2017160184457,1,19,0,18,0,0,0,0,0,0,0,1,6,1,36,7,2287,2,2,8,2,8
2017160184457,2,9,0,18,0,0,0,0,0,0,0,1,6,2,-1,-1,1910,2,9,-1,-1,-1
2017160184504,1,9,0,3,0,0,0,0,0,0,1,1,5,1,62,9,1399,2,9,10,1,10
2017160184504,2,9,0,9,0,0,0,0,0,0,1,1,6,1,20,4,1229,1,12,-1,-1,-1
2017160184807,1,9,0,9,0,5,0,0,0,0,4,1,6,1,27,6,2967,2,7,1,1,1
2017160184807,2,1,0,18,0,1,0,0,0,0,1,1,6,1,21,5,-1,-1,-1,6,3,6
2017160184853,1,9,0,18,0,0,1,0,0,0,1,1,6,1,39,7,-1,-1,-1,-1,-1,-1
2017160184853,2,1,0,18,0,0,0,0,0,0,2,1,6,1,23,5,-1,-1,-1,-1,-1,-1
2017160185024,1,9,0,18,0,0,0,0,0,0,1,1,6,1,47,8,1229,1,5,3,1,3
2017160185024,2,9,0,18,0,0,0,0,0,0,2,1,6,2,31,6,1968,2,3,1,1,1
2017160185241,1,19,0,7,0,5,0,0,0,0,4,1,6,1,43,7,1995,2,7,3,1,3
2017160185241,2,1,0,18,0,1,0,0,0,0,3,1,6,1,55,8,-1,-1,-1,6,1,6
2017160185979,1,3,0,16,0,0,0,0,7,7,1,1,6,1,32,6,125,1,5,1,1,1
2017160185979,2,9,0,17,0,0,0,0,0,0,1,1,6,1,23,5,1339,1,13,1,1,1
2017160185988,1,9,0,18,0,8,0,0,0,0,3,1,5,2,64,9,998,1,9,3,1,3
2017160185988,2,9,0,18,0,4,0,0,0,0,4,1,1,1,25,5,1956,2,7,3,3,3
2017160185997,1,9,0,18,0,4,0,0,0,0,1,1,1,1,34,6,1968,2,2,5,1,5
2017160185997,2,1,0,18,4,4,0,0,0,0,4,1,1,1,53,8,-1,-1,-1,3,1,3
2017160186005,1,9,0,18,0,0,0,0,7,9,3,1,5,1,77,11,1560,2,3,5,1,5
2017160186031,1,9,0,18,0,2,0,10,1,2,1,1,6,1,23,5,1995,2,8,8,2,8
2017160186074,1,9,0,3,0,4,0,0,0,0,2,1,2,2,31,6,1242,1,13,2,1,2
2017160186074,2,9,0,18,0,4,0,0,0,0,1,1,6,1,25,5,1968,2,4,6,3,6
2017160186084,1,9,0,10,0,1,0,0,0,0,2,1,6,2,33,6,1997,2,3,3,1,3
2017160186084,2,9,0,18,0,1,0,0,0,0,1,1,6,2,50,8,1798,1,14,9,1,9
2017160186132,1,19,0,18,0,0,0,0,0,0,4,1,6,1,39,7,1560,2,4,1,1,1
2017160186144,1,1,0,18,0,0,0,0,0,0,4,1,6,2,63,9,-1,-1,-1,4,1,4
2017160186144,2,9,0,2,0,0,0,0,0,0,3,1,6,1,38,7,1598,1,15,1,1,1
2017160186158,1,11,0,18,0,1,0,0,0,0,0,1,1,1,54,8,8268,2,15,4,1,4
2017160186170,1,9,0,18,0,8,0,0,0,0,3,1,5,1,64,9,1995,2,1,-1,-1,-1
2017160186170,2,8,0,9,0,5,0,0,0,0,1,1,5,1,44,7,1796,1,10,2,1,2
2017160186188,1,9,0,18,0,8,0,0,0,0,4,1,6,2,48,8,1596,1,14,5,3,5
2017160186188,2,9,0,18,0,8,0,0,0,0,3,1,6,1,81,11,1497,8,3,2,2,2
2017160186246,1,98,0,18,0,8,0,0,0,0,1,1,6,3,-1,-1,-1,-1,-1,-1,-1,-1
2017160186246,2,5,0,18,0,8,0,0,0,0,2,1,6,1,54,8,599,1,21,1,1,1
2017160186246,3,9,0,18,0,8,0,0,0,0,2,1,6,2,27,6,1242,1,15,4,3,4
2017160186310,1,11,0,5,0,0,0,0,0,0,0,1,1,1,41,7,-1,-1,-1,-1,-1,-1
2017160186344,1,9,0,3,0,0,0,0,0,0,2,1,2,1,33,6,1969,2,1,1,1,1
2017160186344,2,19,0,3,0,0,0,0,0,0,2,1,2,1,25,5,1560,2,3,3,1,3
2017160186344,3,9,0,3,0,0,0,0,0,0,1,1,5,2,76,11,1360,1,6,10,2,10
2017160186354,1,9,0,18,0,4,0,0,0,0,3,1,2,1,55,8,1997,2,6,1,1,1
2017160186354,2,1,0,18,0,8,0,0,0,0,1,1,6,2,52,8,-1,-1,-1,6,1,6
2017160186415,1,9,0,18,0,0,0,0,0,0,3,1,6,2,31,6,1796,1,10,6,1,6
2017160186415,2,9,0,18,0,0,0,0,0,0,3,1,6,2,39,7,1598,2,4,3,1,3
2017160186422,1,9,0,18,0,1,1,0,7,9,1,1,6,1,66,10,2488,2,12,8,3,8
2017160186422,2,9,0,9,0,2,0,0,0,0,1,1,6,2,76,11,1368,1,5,3,1,3
2017160186567,1,9,0,5,9,0,0,10,2,1,1,1,5,1,84,11,998,1,1,6,1,6
2017160186567,2,9,0,18,0,0,0,0,0,0,0,1,6,1,59,9,1868,2,15,2,1,2
2017160186567,3,9,0,2,6,0,0,0,0,0,1,1,6,3,-1,-1,-1,-1,-1,-1,-1,-1
2017160186567,4,9,0,2,6,0,0,0,0,0,1,1,6,1,47,8,1560,2,10,1,1,1
2017160186567,5,98,0,2,6,0,0,0,0,0,1,1,6,3,-1,-1,-1,-1,-1,-1,-1,-1
2017160186643,1,9,0,18,0,0,0,0,0,0,1,1,6,3,-1,-1,-1,-1,-1,-1,-1,-1
2017160186643,2,9,0,2,0,0,0,0,0,0,1,1,6,3,-1,-1,-1,-1,-1,-1,-1,-1
2017160186691,1,9,0,1,0,0,0,10,0,0,2,1,5,1,75,10,1398,1,6,8,2,8
2017160186691,2,9,0,2,0,0,0,0,0,0,1,1,6,3,-1,-1,-1,-1,-1,-1,-1,-1
2017160186734,1,9,0,18,0,1,0,4,7,0,1,1,5,1,85,11,1968,2,5,10,2,10
2017160186734,2,9,0,2,0,1,0,10,1,0,2,1,6,3,-1,-1,-1,-1,-1,-1,-1,-1
2017160186859,1,9,0,16,0,3,0,0,0,0,4,1,6,2,37,7,1598,2,2,8,1,8
2017160186859,2,1,0,18,0,3,0,0,0,0,3,1,6,1,16,4,-1,-1,-1,1,1,1
2017160186880,1,9,0,5,0,0,0,0,0,0,1,1,5,1,22,5,1461,2,1,8,1,8
2017160186880,2,9,0,1,0,0,0,0,0,0,2,1,5,1,26,6,-1,-1,-1,5,1,5
2017160186911,1,9,0,5,0,6,0,0,0,0,4,1,5,2,63,9,1582,2,2,6,3,6
2017160186911,2,9,0,18,0,1,0,0,0,0,1,1,5,1,62,9,998,1,8,-1,-1,-1
2017160186911,3,19,0,4,0,1,0,0,0,0,3,1,1,1,52,8,1560,2,2,6,3,6
2017160187065,1,9,0,16,0,0,0,7,7,0,1,1,1,1,45,7,1598,2,2,9,1,9
2017160187065,2,9,0,17,0,0,0,0,0,0,1,1,5,1,61,9,1560,2,2,6,3,6
2017160187150,1,9,0,4,0,0,0,0,0,0,2,1,6,2,59,9,1364,2,5,9,2,9
2017160187150,2,1,0,18,0,0,0,0,0,0,1,1,5,1,69,10,-1,-1,-1,10,1,10
2017160187212,1,9,0,5,0,0,0,0,0,0,1,1,6,2,49,8,1248,1,4,4,1,4
2017160187212,2,1,0,18,0,0,0,0,0,0,2,1,6,1,13,3,-1,-1,-1,-1,-1,-1
2017160187579,1,9,0,18,0,8,1,0,0,0,1,1,2,2,56,9,1598,1,12,4,1,4
2017160187579,2,9,0,18,0,1,0,0,0,0,3,1,5,1,32,6,1598,1,12,8,1,8
2017160187581,1,2,0,18,0,0,0,0,0,0,1,1,6,1,17,4,49,1,1,3,1,3
2017160187581,2,9,0,2,0,0,0,0,0,0,2,1,6,3,-1,-1,-1,-1,-1,-1,-1,-1
2017160187633,1,9,0,7,0,2,0,0,0,0,1,1,6,3,-1,-1,-1,-1,-1,-1,-1,-1
2017160187633,2,1,0,18,0,2,0,0,0,0,3,1,4,1,16,4,-1,-1,-1,8,1,8
2017160187659,1,9,0,18,0,0,0,0,0,0,1,1,6,1,-1,-1,-1,-1,-1,-1,-1,-1
2017160187659,2,1,0,18,0,0,0,0,0,0,2,1,6,2,27,6,-1,-1,-1,1,1,1
2017160187689,1,9,0,9,0,8,0,0,0,0,3,1,5,1,36,7,1598,1,13,1,1,1
2017160187689,2,1,0,9,0,1,0,0,0,0,1,1,6,1,50,8,-1,-1,-1,1,1,1
2017160187696,1,9,0,9,0,0,0,0,0,0,3,1,6,2,37,7,1598,1,3,3,1,3
2017160187696,2,3,0,18,0,0,0,0,0,0,1,1,6,1,27,6,124,1,17,1,1,1
2017160187748,1,2,0,7,0,2,0,0,0,0,1,1,4,1,16,4,49,1,1,6,3,6
2017160187759,1,9,0,6,0,0,0,4,7,0,2,1,6,1,24,5,1596,1,13,1,1,1
2017160187759,2,9,0,2,0,0,0,0,0,0,4,1,5,3,-1,-1,1388,1,7,-1,-1,-1
2017160187759,3,9,0,2,0,0,0,0,0,0,1,1,5,3,-1,-1,1242,1,3,-1,-1,-1
2017160187759,4,9,0,2,0,0,0,0,0,0,1,1,5,3,-1,-1,998,1,6,-1,-1,-1
2017160187759,5,9,0,2,0,0,0,0,0,0,1,1,6,3,-1,-1,2295,1,14,-1,-1,-1
2017160187759,6,9,0,2,0,0,0,0,0,0,2,1,6,3,-1,-1,1598,1,16,-1,-1,-1
2017160187759,7,9,0,2,0,0,0,0,0,0,2,1,6,3,-1,-1,1242,1,16,-1,-1,-1
2017160187759,8,9,0,2,0,0,0,0,0,0,2,1,6,3,-1,-1,-1,-1,-1,-1,-1,-1
2017160187759,9,9,0,2,0,0,0,0,0,0,2,1,6,3,-1,-1,1587,1,11,-1,-1,-1
2017160187759,10,9,0,3,0,0,0,0,0,0,3,1,1,1,-1,-1,1560,2,1,-1,-1,-1
2017160187761,1,3,0,18,0,8,0,0,0,0,1,1,6,1,20,4,125,1,8,-1,-1,-1
2017160187761,2,9,0,3,0,8,0,0,0,0,2,1,6,3,-1,-1,1591,1,3,-1,-1,-1
2017160187822,1,9,0,17,0,0,1,10,1,4,1,1,5,2,75,10,1591,1,8,3,2,3
2017160187824,1,9,0,18,0,0,0,0,0,0,4,1,6,2,74,10,1364,1,2,7,2,7
2017160187824,2,1,0,18,0,0,0,10,0,0,4,1,6,1,15,3,-1,-1,-1,7,2,7
2017160187833,1,9,0,5,0,6,0,0,0,0,1,1,6,3,-1,-1,-1,-1,-1,-1,-1,-1
2017160187833,2,1,0,18,4,8,0,0,0,0,4,1,6,1,17,4,-1,-1,-1,1,1,1
2017160187833,3,1,0,18,4,8,0,0,0,0,4,1,6,1,17,4,-1,-1,-1,1,1,1
2017160187866,1,9,0,9,0,0,0,0,0,0,3,1,6,2,18,4,998,1,11,4,3,4
2017160187866,2,1,0,18,0,0,0,0,0,0,1,1,6,1,60,9,-1,-1,-1,5,1,5
2017160187877,1,9,0,5,0,4,0,0,0,0,3,1,6,1,31,6,1598,1,9,2,1,2
2017160187877,2,3,0,18,0,8,0,0,0,0,1,1,6,1,21,5,125,1,7,5,3,5
2017160187881,1,9,0,5,0,3,0,0,0,0,1,1,5,1,36,7,1598,1,13,3,1,3
2017160187881,2,1,0,18,5,8,0,0,0,0,1,1,6,1,41,7,-1,-1,-1,7,3,7
2017160187925,1,5,0,18,0,3,0,10,1,9,1,1,5,2,38,7,749,1,6,-1,-1,-1
2017160187969,1,1,0,5,0,0,0,0,0,0,1,1,5,1,52,8,-1,-1,-1,7,1,7
2017160187969,2,9,0,7,0,0,0,0,0,0,4,1,5,1,52,8,1560,2,7,6,1,6
2017160187975,1,5,0,13,0,1,0,0,0,0,1,1,6,1,52,8,1043,1,2,10,2,10
2017160187975,2,9,0,9,0,1,0,0,0,0,3,1,5,2,54,8,1124,1,16,10,1,10
2017160187976,1,9,0,1,0,0,0,0,0,0,2,1,5,1,52,8,1461,2,2,5,2,5
2017160187983,1,11,0,17,0,0,0,0,0,0,3,1,1,1,50,8,6871,2,11,1,1,1
2017160187983,2,9,0,16,0,0,0,0,0,0,3,1,5,2,33,6,1461,2,4,8,1,8
2017160188041,1,3,0,17,0,0,1,0,1,10,1,1,5,1,18,4,124,1,6,5,1,5
2017160188054,1,9,0,9,0,1,0,0,0,0,2,1,5,2,41,7,1686,2,6,7,1,7
2017160188054,2,9,0,18,0,1,0,0,0,0,1,1,5,1,29,6,2993,2,13,1,1,1
2017160188063,1,9,0,18,0,0,0,0,0,0,1,1,6,2,51,8,1499,2,1,6,2,6
2017160188063,2,19,0,18,0,0,0,0,1,10,1,1,6,1,50,8,2496,2,17,-1,-1,-1
2017160188086,1,5,0,18,0,0,0,12,1,10,1,1,2,1,45,7,745,1,2,1,1,1
2017160188113,1,9,0,18,0,1,0,0,0,0,1,1,5,2,43,7,2993,2,7,7,1,7
2017160188113,2,9,0,9,0,1,0,0,0,0,1,1,5,1,78,11,1399,2,6,4,1,4
2017160188115,1,9,0,3,0,1,0,0,0,0,3,1,5,1,18,4,-1,-1,-1,3,1,3
2017160188115,2,1,0,18,0,8,0,0,0,0,1,1,5,1,23,5,-1,-1,-1,4,1,4
2017160188129,1,9,0,18,0,0,0,0,0,0,1,1,6,3,-1,-1,-1,-1,-1,-1,-1,-1
2017160188140,1,1,0,18,0,2,0,0,0,0,2,1,6,1,30,6,-1,-1,-1,1,1,1
2017160188140,2,9,0,18,0,2,0,0,0,0,1,1,6,3,-1,-1,-1,-1,-1,-1,-1,-1
2017160188150,1,9,0,18,0,0,2,10,1,7,4,1,6,2,68,10,1461,2,6,5,2,5
2017160188150,2,98,1,18,0,0,0,0,0,0,3,2,1,1,27,6,-1,-1,-1,-1,-1,-1
2017160188174,1,9,0,5,0,0,0,0,0,0,3,1,6,1,37,7,1398,1,4,1,1,1
2017160188174,2,2,0,14,0,0,0,0,0,0,4,1,6,1,57,9,50,1,-1,1,1,1
2017160188193,1,5,0,13,0,0,0,0,7,10,1,1,5,1,58,9,745,1,3,8,1,8
2017160188193,2,1,0,18,0,0,0,0,0,0,2,1,5,1,11,3,-1,-1,-1,5,1,5
2017160188239,1,9,0,9,0,5,0,0,0,0,4,1,6,1,21,5,1390,1,7,3,1,3
2017160188239,2,1,0,18,4,8,0,0,0,0,1,1,2,1,36,7,-1,-1,-1,7,1,7
2017160188247,1,9,0,7,0,0,0,0,0,0,1,1,5,1,50,8,1956,2,4,1,1,1
2017160188247,2,1,0,18,0,0,0,0,0,0,3,1,1,1,19,4,-1,-1,-1,1,1,1
2017160188276,1,9,0,9,0,8,0,10,1,2,1,1,5,2,17,4,1242,1,8,7,3,7
2017160188339,1,1,0,5,0,0,0,0,0,0,1,1,6,1,48,8,-1,-1,-1,7,2,7
2017160188370,1,9,0,18,0,1,0,0,0,0,2,1,5,1,32,6,1598,1,11,4,1,4
2017160188370,2,9,0,3,0,1,0,0,0,0,1,1,5,2,25,5,1360,1,14,2,1,2
2017160188402,1,9,0,18,0,4,0,0,0,0,3,1,5,2,39,7,1997,2,13,3,1,3
2017160188402,2,9,0,18,0,8,0,0,0,0,1,1,5,2,36,7,1388,1,13,1,1,1
2017160188483,1,9,0,18,0,0,5,10,7,7,1,1,5,1,70,10,1582,2,4,8,2,8
2017160188495,1,11,0,4,0,0,0,0,0,0,4,1,1,1,45,7,4461,2,3,-1,-1,-1
2017160188495,2,1,0,5,9,0,0,0,0,0,3,1,6,1,14,3,-1,-1,-1,3,1,3
2017160188506,1,9,0,18,0,3,0,0,0,0,4,1,2,2,24,5,1149,1,14,6,1,6
2017160188506,2,19,0,18,0,4,0,0,0,0,1,1,2,1,20,4,2198,2,3,5,1,5
2017160188541,1,9,0,18,0,2,0,10,3,11,1,1,6,1,19,4,1598,1,8,1,1,1
2017160188541,2,9,0,2,9,2,0,0,0,0,4,1,5,3,-1,-1,1991,2,8,-1,-1,-1
2017160188541,3,9,0,2,9,2,0,0,0,0,3,1,5,3,-1,-1,1398,2,5,-1,-1,-1
2017160188564,1,4,0,13,0,0,2,0,0,0,0,1,5,2,24,5,250,1,8,4,3,4
2017160188585,1,9,0,18,0,8,0,10,1,0,3,1,6,1,20,4,1910,2,12,1,1,1
2017160188585,2,9,0,18,0,8,0,0,0,0,1,1,5,1,40,7,1896,2,11,7,1,7
2017160188643,1,9,0,9,0,2,1,4,0,0,3,1,5,1,71,10,1560,2,9,3,1,3
2017160188643,2,5,0,18,0,1,0,0,0,0,1,1,5,1,49,8,1585,1,7,10,2,10
2017160188643,3,9,0,2,0,2,0,0,0,0,4,1,5,3,-1,-1,1796,1,10,-1,-1,-1
2017160188665,1,9,0,18,0,1,0,0,0,0,1,1,5,1,24,5,1499,2,2,1,1,1
2017160188665,2,9,0,10,0,1,0,0,0,0,2,1,5,1,64,9,1997,1,14,1,1,1
2017160188683,1,9,0,18,0,0,0,0,0,0,1,1,6,1,20,4,2976,1,14,4,1,4
2017160188699,1,9,0,9,0,6,0,0,0,0,1,1,5,1,38,7,1968,2,6,1,1,1
2017160188699,2,9,0,18,0,8,0,0,0,0,1,1,5,2,48,8,1364,1,12,5,3,5
2017160188710,1,9,0,18,0,0,0,0,0,0,3,1,2,1,35,6,1896,2,14,3,1,3
2017160188710,2,1,0,18,0,0,0,0,0,0,1,1,5,1,8,2,-1,-1,-1,3,1,3
2017160188722,1,11,0,4,0,2,0,0,0,0,2,1,1,1,56,9,6871,2,8,-1,-1,-1
2017160188722,2,9,0,9,0,2,0,0,0,0,1,1,6,1,46,8,4398,1,12,4,1,4
2017160188724,1,9,0,18,0,1,0,0,0,0,1,1,5,2,52,8,1149,1,17,7,2,7
2017160188747,1,9,3,18,0,0,0,0,0,0,0,1,5,1,67,10,2993,2,3,9,2,9
2017160188747,2,9,0,18,0,0,0,0,0,0,1,1,5,2,65,9,999,1,3,9,2,9
2017160188803,1,1,0,4,0,0,0,0,0,0,3,1,6,1,29,6,-1,-1,-1,1,1,1
2017160188803,2,9,0,18,0,0,0,0,0,0,1,1,1,1,41,7,1598,2,2,2,1,2
2017160188837,1,21,0,18,0,0,0,0,7,4,1,1,1,1,51,8,12777,2,10,5,2,5
2017160188889,1,9,0,8,0,0,0,0,0,0,2,1,5,1,52,8,1998,2,13,8,3,8
2017160188889,2,9,0,18,0,0,0,0,0,0,1,1,5,1,62,9,1968,2,6,3,1,3
2017160188889,3,9,0,18,0,0,0,0,0,0,1,1,5,2,45,7,2400,2,1,3,1,3
2017160188890,1,9,0,18,0,0,0,0,0,0,1,1,6,1,47,8,1686,2,4,3,2,3
2017160188890,2,19,0,18,0,0,0,0,0,0,1,1,1,1,64,9,2148,2,10,-1,-1,-1
2017160188957,1,9,0,18,0,8,0,0,0,0,1,1,5,1,19,4,1596,1,14,1,1,1
2017160188957,2,1,0,18,0,8,0,0,0,0,1,1,5,1,19,4,-1,-1,-1,2,1,2
2017160189001,1,9,0,18,0,0,0,0,0,0,1,1,6,2,25,5,1399,2,9,2,1,2
2017160189020,1,9,0,4,0,0,0,0,0,0,2,1,6,1,51,8,1968,2,11,1,1,1
2017160189020,2,3,0,4,0,0,0,0,0,0,2,1,6,1,27,6,125,1,1,3,1,3
2017160189020,3,19,0,18,0,0,0,0,0,0,1,1,1,1,37,7,2299,2,4,6,1,6
2017160189112,1,1,0,18,9,0,0,0,0,0,1,1,6,3,-1,-1,-1,-1,-1,-1,-1,-1
2017160189235,1,19,0,18,0,0,0,0,0,0,1,1,1,1,70,10,1686,2,9,4,1,4
2017160189235,2,1,0,18,0,0,0,12,0,0,1,1,5,1,26,6,-1,-1,-1,3,1,3
2017160189489,1,9,0,4,0,0,0,0,0,0,1,1,5,2,45,7,1995,2,10,8,2,8
2017160189489,2,9,0,4,0,0,0,0,0,0,2,1,1,1,32,6,1968,2,6,9,1,9
2017160189742,1,9,4,18,0,0,0,0,0,0,1,1,6,1,34,6,2993,2,8,10,1,10
2017160189742,2,5,0,3,0,0,0,0,0,0,2,1,6,1,54,8,1690,1,1,4,2,4
2017160189761,1,9,0,9,0,8,0,0,0,0,4,1,6,1,-1,-1,-1,-1,-1,-1,-1,-1
2017160189761,2,1,0,18,0,8,0,0,0,0,1,1,6,1,48,8,-1,-1,-1,1,1,1
2017160189800,1,9,0,1,0,8,0,0,0,0,2,1,6,2,-1,-1,-1,-1,-1,-1,-1,-1
2017160189830,1,9,0,14,0,0,0,0,0,0,2,1,6,1,55,8,1794,1,14,5,1,5
2017160189830,2,1,0,18,0,0,0,0,0,0,1,1,6,1,13,3,-1,-1,-1,-1,-1,-1
2017160189830,3,9,0,5,8,0,0,0,0,0,0,1,6,3,-1,-1,-1,-1,-1,-1,-1,-1