Accident_Index,Vehicle_Reference,Vehicle_Type,Towing_and_Articulation,Vehicle_Manoeuvre,Vehicle_Location-Restricted_Lane,Junction_Location,Skidding_and_Overturning,Hit_Object_in_Carriageway,Vehicle_Leaving_Carriageway,Hit_Object_off_Carriageway,1st_Point_of_Impact,Was_Vehicle_Left_Hand_Drive?,Journey_Purpose_of_Driver,Sex_of_Driver,Age_of_Driver,Age_Band_of_Driver,Engine_Capacity_(CC),Propulsion_Code,Age_of_Vehicle,Driver_IMD_Decile,Driver_Home_Area_Type,Vehicle_IMD_Decile
2017160189850,1,9,0,18,9,1,0,0,1,0,4,1,6,3,-1,-1,-1,-1,-1,-1,-1,-1
2017160189869,1,9,0,5,0,2,0,0,0,0,4,1,5,2,73,10,1461,2,1,1,1,1
2017160189895,1,9,0,3,0,0,0,0,0,0,2,1,1,1,56,9,2987,2,6,9,1,9
2017160189895,2,9,0,18,0,0,0,0,0,0,1,1,5,2,37,7,1398,1,5,6,2,6
2017160189975,1,11,0,4,0,0,0,0,0,0,0,1,5,1,52,8,4500,2,5,-1,-1,-1
2017160190005,1,1,0,18,0,8,0,0,0,0,2,1,6,1,20,4,-1,-1,-1,-1,-1,-1
2017160190005,2,9,0,18,0,8,0,0,0,0,1,1,6,3,-1,-1,-1,-1,-1,-1,-1,-1
2017160190014,1,9,0,9,0,8,0,0,0,0,0,1,6,3,-1,-1,-1,-1,-1,-1,-1,-1
2017160190014,2,9,0,18,0,1,0,0,0,0,1,1,6,2,33,6,1499,2,3,5,1,5
2017160190014,3,9,0,18,0,1,0,0,0,0,1,1,6,2,18,4,1149,1,13,1,1,1
2017160190079,1,11,0,18,0,1,0,0,0,0,1,1,1,1,55,8,7300,2,8,3,1,3
2017160190079,2,9,0,7,0,6,0,0,0,0,3,1,5,1,30,6,1995,1,16,6,3,6
2017160190110,1,9,0,3,0,0,0,0,0,0,2,1,5,1,69,10,1200,1,-1,6,1,6
2017160190110,2,9,0,18,0,0,0,0,0,0,1,1,5,1,40,7,2993,2,5,10,2,10
2017160190189,1,9,0,18,0,1,0,0,0,0,1,1,6,1,42,7,2698,2,10,4,1,4
2017160190211,1,9,0,10,0,0,0,0,0,0,2,1,6,2,25,5,998,1,7,1,1,1
2017160190211,2,9,0,4,0,0,0,0,0,0,1,1,6,1,50,8,1968,2,2,-1,-1,-1
2017160190266,1,9,0,18,0,1,0,0,0,0,2,1,5,2,70,10,1796,1,12,5,1,5
2017160190266,2,9,0,18,0,1,0,0,0,0,1,1,5,2,18,4,1229,1,3,8,2,8
2017160190267,1,9,0,18,0,0,0,0,0,0,1,1,6,1,35,6,1390,1,6,8,1,8
2017160190267,2,1,0,18,0,0,0,0,0,0,2,1,6,1,7,2,-1,-1,-1,8,1,8
2017160190268,1,9,0,11,0,1,0,0,0,0,0,1,6,1,30,6,1995,2,14,-1,-1,-1
2017160190268,2,11,0,18,2,1,0,0,0,0,0,1,1,1,59,9,9360,2,3,1,1,1
2017160190297,1,9,0,18,0,0,0,0,0,0,1,1,6,2,51,8,1242,1,3,1,1,1
2017160190316,1,21,1,2,0,0,0,0,0,0,1,1,1,1,43,7,12900,2,5,9,1,9
2017160190316,2,9,0,18,0,0,0,0,0,0,1,1,5,1,91,11,998,1,7,8,3,8
2017160190319,1,9,0,9,0,2,0,0,0,0,1,1,6,2,48,8,1582,2,10,1,1,1
2017160190319,2,1,0,18,0,8,0,0,0,0,1,1,6,2,41,7,-1,-1,-1,1,1,1
2017160190376,1,9,0,9,0,5,0,0,0,0,1,1,1,1,34,6,1995,2,3,1,1,1
2017160190376,2,1,0,4,0,1,0,0,0,0,1,1,6,1,35,6,-1,-1,-1,3,1,3
2017160190388,1,9,0,18,0,4,1,0,3,10,1,1,6,2,28,6,1149,1,15,7,1,7
2017160190407,1,9,0,9,0,5,0,0,0,0,1,1,6,2,45,7,1686,2,4,8,1,8
2017160190407,2,1,0,18,0,1,0,0,0,0,1,1,6,2,38,7,-1,-1,-1,4,1,4
2017160190409,1,9,0,7,0,3,0,10,7,1,4,1,2,2,18,4,1242,1,9,9,2,9
2017160190409,2,9,0,18,0,8,0,0,0,0,1,1,2,1,52,8,1560,2,8,5,1,5
2017160190433,1,9,0,16,0,0,1,0,0,0,3,1,5,1,19,4,1461,2,10,4,1,4
2017160190433,2,90,0,17,0,0,0,0,0,0,3,1,5,2,62,9,1968,2,2,10,1,10
2017160190444,1,9,0,18,0,0,0,0,0,0,1,1,5,1,47,8,999,1,2,4,1,4
2017160190444,2,9,0,3,0,0,0,0,0,0,2,1,6,2,30,6,1798,1,13,3,1,3
2017160190444,3,9,0,3,0,0,0,0,0,0,2,1,6,2,21,5,1248,1,2,9,2,9
2017160190602,1,8,0,5,0,1,0,0,0,0,1,1,1,1,34,6,1956,2,6,1,1,1
2017160190602,2,1,0,18,0,1,0,0,0,0,1,1,6,2,28,6,-1,-1,-1,1,1,1
2017160190609,1,19,0,5,0,2,0,0,0,0,3,1,5,1,48,8,1896,2,11,9,2,9
2017160190609,2,9,0,18,0,8,0,0,0,0,1,1,2,1,41,7,1497,1,15,9,2,9
2017160190654,1,9,0,18,0,8,0,0,0,0,1,1,6,3,-1,-1,-1,-1,-1,-1,-1,-1
2017160190654,2,1,0,18,0,8,0,0,0,0,2,1,2,1,30,6,-1,-1,-1,2,1,2
2017160190683,1,9,0,5,0,8,0,0,0,0,3,1,5,1,50,8,1995,2,-1,10,2,10
2017160190683,2,5,0,18,0,8,0,0,0,0,1,1,5,1,55,8,1301,1,-1,8,2,8
2017160190695,1,19,0,18,0,1,0,0,0,0,1,1,6,1,55,8,2143,2,2,-1,-1,-1
2017160190704,1,9,0,18,0,3,0,0,0,0,4,1,5,1,72,10,1798,8,-1,10,3,10
2017160190765,1,9,0,18,0,2,0,0,0,0,3,1,2,1,41,7,1364,1,10,3,1,3
2017160190797,1,9,0,18,0,0,0,4,0,0,1,1,2,2,22,5,1951,2,14,1,1,1
2017160190797,2,19,0,18,0,0,0,0,0,0,3,1,2,1,26,6,1995,2,10,7,1,7
2017160190797,3,9,0,2,0,0,0,0,0,0,3,1,5,2,60,9,1248,1,8,-1,-1,-1
2017160190823,1,9,0,18,0,4,0,0,0,0,1,1,6,2,59,9,1686,2,5,1,1,1
2017160190823,2,1,0,18,0,4,0,0,0,0,2,1,6,1,43,7,-1,-1,-1,8,1,8
2017160190859,1,9,0,18,0,0,0,0,0,0,1,1,6,1,19,4,973,1,14,8,2,8
2017160190859,2,9,0,18,0,0,0,0,0,0,1,1,6,2,-1,-1,1397,1,9,-1,-1,-1
2017160190920,1,9,0,9,0,6,0,0,0,0,3,1,2,2,33,6,1685,2,2,9,2,9
2017160190920,2,9,0,18,0,1,0,0,0,0,1,1,5,1,86,11,1598,1,2,7,1,7
2017160190928,1,3,0,18,0,0,0,0,0,0,1,1,2,2,40,7,125,1,2,4,1,4
2017160190928,2,20,0,1,0,0,0,0,0,0,2,1,1,1,36,7,7201,2,4,5,1,5
2017160191009,1,9,0,12,0,0,0,0,0,0,3,1,6,1,34,6,1799,1,8,1,1,1
2017160191009,2,3,0,18,0,0,0,0,0,0,4,1,6,1,48,8,-1,-1,-1,4,1,4
2017160191083,1,9,0,18,0,0,0,0,0,0,3,1,6,2,35,6,1997,2,13,3,2,3
2017160191083,2,1,0,18,0,0,0,0,0,0,1,1,6,1,15,3,-1,-1,-1,5,2,5
2017160191104,1,9,0,9,0,8,0,7,7,0,4,1,5,2,37,7,1896,2,14,4,3,4
2017160191104,2,11,0,18,0,8,0,0,0,0,1,1,1,1,49,8,6696,2,2,1,1,1
2017160191260,1,9,0,7,0,6,0,0,0,0,1,1,6,3,-1,-1,-1,-1,-1,-1,-1,-1
2017160191260,2,1,0,18,0,8,0,0,0,0,1,1,6,1,18,4,-1,-1,-1,3,1,3
2017160191370,1,9,0,9,0,8,0,0,0,0,4,1,5,1,81,11,1386,1,10,1,1,1
2017160191370,2,19,0,5,0,8,0,0,0,0,1,1,2,1,31,6,1870,2,11,1,1,1
2017160191421,1,9,0,16,0,0,2,0,2,4,1,1,5,1,22,5,1997,2,15,8,1,8
2017160191426,1,9,0,18,0,0,0,0,0,0,1,1,1,2,19,4,1198,1,2,9,1,9
2017160191426,2,9,0,3,0,0,0,0,1,0,2,1,6,1,55,8,-1,-1,-1,4,1,4
2017160191478,1,98,0,7,0,6,0,0,0,0,0,1,6,3,-1,-1,-1,-1,-1,-1,-1,-1
2017160191478,2,11,0,18,0,1,0,0,0,0,0,1,1,2,25,5,7300,2,15,1,1,1
2017160191502,1,9,0,9,0,6,0,0,7,0,3,1,6,2,27,6,-1,-1,-1,1,1,1
2017160191502,2,21,0,18,0,8,0,0,0,0,1,1,1,1,41,7,9365,2,9,3,1,3
2017160191502,3,9,0,2,9,2,0,0,0,0,3,1,5,3,-1,-1,1364,1,13,-1,-1,-1
2017160191502,4,9,0,2,9,2,0,0,0,0,3,1,5,3,-1,-1,1461,2,4,-1,-1,-1
2017160191569,1,9,0,18,0,0,0,0,0,0,1,1,6,2,33,6,1686,2,12,7,1,7
2017160191569,2,9,0,3,0,0,0,0,0,0,2,1,6,1,28,6,1499,1,2,7,1,7
2017160191574,1,9,0,3,0,8,0,0,0,0,2,1,2,1,35,6,1686,2,4,3,3,3
2017160191574,2,9,0,18,0,1,0,0,0,0,1,1,2,1,19,4,1398,1,3,7,3,7
2017160191664,1,9,0,18,0,1,0,0,0,0,4,1,2,1,35,6,1591,1,-1,2,1,2
2017160191664,2,9,0,5,0,2,0,0,0,0,3,1,2,2,43,7,1149,1,9,1,1,1
2017160191672,1,5,0,13,0,8,1,0,7,0,1,1,2,2,38,7,899,1,19,4,1,4
2017160191672,2,9,0,9,0,5,0,10,0,0,3,1,2,1,26,6,1248,2,6,4,1,4
2017160191701,1,9,0,7,0,6,0,0,0,0,1,1,6,2,41,7,1248,1,8,8,2,8
2017160191701,2,9,0,18,0,8,0,0,0,0,4,1,6,1,26,6,1984,1,12,7,2,7
2017160191730,1,9,0,9,0,8,0,0,0,0,1,1,6,2,28,6,1997,2,7,1,1,1
2017160191730,2,1,0,9,0,8,0,0,0,0,2,1,6,1,30,6,-1,-1,-1,-1,-1,-1
2017160191742,1,9,0,4,0,0,0,0,0,0,1,1,5,2,27,6,1368,1,3,3,2,3
2017160191742,2,9,0,4,0,0,0,0,0,0,2,1,5,2,57,9,1995,1,11,5,3,5
2017160191742,3,9,0,4,0,0,0,0,0,0,2,1,5,2,58,9,1781,1,14,8,2,8
2017160191745,1,9,0,18,0,0,0,0,0,0,4,1,6,1,51,8,1799,1,10,1,1,1
2017160191745,2,1,0,18,0,0,0,0,0,0,3,1,6,1,20,4,-1,-1,-1,-1,-1,-1
2017160191748,1,3,0,18,0,2,0,0,7,10,1,1,6,1,21,5,125,1,9,-1,-1,-1
2017160191772,1,9,0,18,0,2,0,0,0,0,1,1,6,3,-1,-1,1995,2,12,-1,-1,-1
2017160191773,1,1,0,18,0,1,0,0,0,0,1,1,6,1,21,5,-1,-1,-1,-1,-1,-1
2017160191773,2,20,0,18,0,1,0,0,0,0,1,1,1,1,29,6,-1,-1,-1,3,1,3
2017160191822,1,9,0,18,0,8,0,0,0,0,1,1,5,1,31,6,1998,1,11,2,1,2
2017160191822,2,22,0,9,0,5,0,0,0,0,1,1,6,1,82,11,-1,-1,-1,1,1,1
2017160192062,1,9,0,4,0,1,0,0,0,0,2,1,6,1,54,8,-1,-1,-1,1,1,1
2017160192062,2,19,0,18,0,1,0,0,0,0,1,1,6,1,41,7,2198,2,1,6,2,6
2017160192111,1,9,0,18,0,1,0,0,0,0,1,1,5,1,47,8,1587,1,15,4,1,4
2017160192111,2,9,0,4,0,1,0,0,0,0,2,1,5,1,57,9,1598,1,16,4,1,4
2017160192122,1,9,0,9,0,6,0,0,0,0,1,1,5,1,70,10,1395,1,1,9,3,9
2017160192122,2,5,0,14,0,1,0,0,0,0,4,1,5,1,60,9,1800,1,8,1,1,1
2017160192166,1,9,0,18,0,0,0,4,7,10,1,1,5,1,26,6,1330,1,19,8,1,8
2017160192166,2,9,0,2,0,0,0,0,1,10,2,1,5,1,79,11,1686,2,4,9,2,9
2017160192184,1,9,0,7,0,5,0,0,0,0,3,1,5,1,32,6,2148,2,9,1,1,1
2017160192184,2,1,0,7,0,5,0,0,0,0,1,1,5,2,52,8,-1,-1,-1,1,1,1
2017160192204,1,9,0,18,0,0,0,0,0,0,4,1,6,1,39,7,1896,2,14,2,1,2
2017160192204,2,1,0,18,0,0,0,0,0,0,3,1,5,1,48,8,-1,-1,-1,10,1,10
2017160192252,1,19,0,18,0,0,0,0,0,0,1,1,2,1,35,6,1753,2,8,3,1,3
2017160192252,2,9,0,18,0,0,0,0,0,0,1,1,2,2,47,8,998,1,9,4,1,4
2017160192252,3,9,0,4,0,0,0,0,0,0,2,1,3,2,43,7,1590,1,14,5,1,5
2017160192282,1,9,0,18,0,3,0,0,0,0,3,1,6,3,-1,-1,-1,-1,-1,-1,-1,-1
2017160192282,2,1,0,18,0,2,0,0,0,0,1,1,6,1,15,3,-1,-1,-1,1,1,1
2017160192312,1,9,0,5,0,4,0,0,0,0,1,1,5,2,18,4,1242,1,6,10,1,10
2017160192312,2,1,0,18,0,8,0,0,0,0,4,1,5,1,45,7,-1,-1,-1,7,2,7
2017160192393,1,9,0,9,0,6,0,0,0,0,1,1,6,3,-1,-1,1061,1,12,-1,-1,-1
2017160192393,2,1,0,9,0,6,0,0,0,0,2,1,6,2,23,5,-1,-1,-1,1,1,1
2017160192425,1,9,0,9,0,0,0,0,0,0,1,1,6,2,28,6,1796,1,13,-1,-1,-1
2017160192425,2,2,0,18,0,0,0,0,0,0,1,1,6,1,34,6,49,1,1,-1,-1,-1
2017160192437,1,5,0,13,0,8,0,0,0,0,4,1,6,1,48,8,998,1,10,9,2,9
2017160192437,2,9,0,9,0,5,0,0,0,0,0,1,6,1,21,5,1229,1,4,9,2,9
2017160192470,1,9,0,7,0,6,0,0,0,0,1,1,6,2,24,5,1598,1,9,6,1,6
2017160192470,2,9,0,18,0,8,0,0,0,0,4,1,6,1,39,7,1598,1,14,3,1,3
2017160192484,1,9,0,2,0,2,0,0,0,0,3,1,6,3,30,6,-1,-1,-1,-1,-1,-1
2017160192484,2,1,0,18,0,2,0,0,0,0,4,1,6,1,66,10,-1,-1,-1,7,1,7
2017160192517,1,9,0,13,0,8,0,0,0,0,4,1,6,3,-1,-1,-1,-1,-1,-1,-1,-1
2017160192517,2,1,0,7,0,5,0,0,0,0,3,1,6,1,12,3,-1,-1,-1,8,1,8
2017160192533,1,9,0,17,0,0,0,0,1,9,1,1,6,2,21,5,1995,2,10,9,1,9
2017160192533,2,98,0,16,0,0,0,0,0,0,0,1,1,3,40,7,-1,-1,-1,-1,-1,-1
2017160192578,1,9,0,9,0,5,0,0,0,0,4,1,5,1,41,7,3956,2,-1,6,3,6
2017160192578,2,9,0,18,0,8,0,0,0,0,1,1,5,2,55,8,2268,2,4,4,3,4
2017160192578,3,9,0,7,0,1,0,0,0,0,3,1,5,1,50,8,2191,2,4,6,3,6
2017160192598,1,19,0,5,0,4,0,0,0,0,1,1,6,3,-1,-1,1461,2,2,-1,-1,-1
2017160192598,2,1,0,18,0,8,0,0,0,0,4,1,6,1,63,9,-1,-1,-1,3,1,3
2017160192630,1,9,0,18,0,2,0,0,0,0,4,1,2,2,46,8,1685,2,-1,7,2,7
2017160192689,1,9,0,7,0,1,0,0,0,0,4,1,6,2,22,5,-1,-1,-1,4,1,4
2017160192712,1,1,0,18,0,0,0,0,0,0,2,1,6,1,14,3,-1,-1,-1,-1,-1,-1
2017160192712,2,9,0,18,0,0,0,0,0,0,1,1,6,2,57,9,1397,1,6,6,2,6
2017160192812,1,9,0,2,0,0,0,0,0,0,3,1,6,1,-1,-1,1753,2,9,-1,-1,-1
2017160192812,2,1,0,18,0,0,0,4,0,0,1,1,2,1,22,5,-1,-1,-1,7,1,7
2017160192858,1,11,0,18,0,0,0,0,0,0,1,1,1,1,69,10,-1,-1,-1,-1,-1,-1
2017160192864,1,97,0,18,9,0,0,0,0,0,1,1,6,1,14,3,-1,-1,-1,1,1,1
2017160192908,1,21,1,18,0,8,5,10,1,2,2,1,1,1,39,7,15607,2,13,2,1,2
2017160192908,2,19,0,3,0,4,0,0,0,0,3,1,1,1,61,9,2464,2,10,7,3,7
2017160192937,1,9,0,18,0,0,0,0,0,0,1,1,5,1,20,4,1248,2,11,1,1,1
2017160192937,2,9,0,3,0,0,0,0,0,0,2,1,6,1,41,7,1598,1,7,3,1,3
2017160192981,1,9,0,18,0,0,0,0,0,0,1,1,6,2,29,6,1999,2,10,-1,-1,-1
2017160192981,2,9,0,18,0,0,0,0,0,0,2,1,6,2,28,6,1984,1,11,2,1,2
2017160193000,1,9,0,18,0,1,0,0,0,0,1,1,6,2,23,5,1364,1,12,7,1,7
2017160193000,2,9,0,8,0,1,0,0,0,0,2,1,6,2,60,9,1229,1,3,1,1,1
2017160193042,1,9,0,18,0,0,0,0,0,0,1,1,6,1,20,4,1198,1,14,1,1,1
2017160193089,1,9,0,17,0,0,0,0,0,0,1,1,5,1,70,10,1598,1,17,1,1,1
2017160193089,2,9,0,16,0,0,0,0,0,0,1,1,5,2,63,9,1242,1,4,5,3,5
2017160193108,1,9,0,18,0,1,0,0,0,0,1,1,6,2,71,10,1799,1,9,3,1,3
2017160193108,2,9,0,18,0,1,0,0,0,0,2,1,6,2,30,6,1995,2,9,3,1,3
2017160193257,1,9,0,14,0,2,0,0,0,0,4,1,3,2,32,6,1399,1,1,1,1,1
2017160193257,2,19,0,2,0,2,0,0,0,0,0,1,1,1,54,8,2143,2,2,5,1,5
2017160193315,1,5,0,18,0,0,5,0,1,10,1,1,1,1,44,7,1170,1,1,6,1,6
2017160193429,1,3,0,9,0,2,0,0,0,0,1,1,5,1,36,7,125,1,-1,1,1,1
2017160193429,2,9,0,18,0,2,0,0,0,0,3,1,5,1,56,9,1591,1,6,3,1,3
2017160193431,1,10,0,18,0,0,0,0,0,0,1,1,5,1,53,8,2400,2,13,4,1,4
2017160193431,2,9,0,4,0,0,0,0,0,0,2,1,5,1,51,8,1390,1,4,10,3,10
2017160193431,3,9,0,4,0,0,0,0,0,0,2,1,5,1,41,7,1598,2,4,5,1,5
2017160193616,1,9,0,5,0,0,0,0,0,0,2,1,5,1,53,8,2143,2,-1,2,1,2
2017160193616,2,9,0,16,0,0,0,0,0,0,1,1,2,2,19,4,998,1,2,10,2,10
2017160193626,1,9,0,18,0,2,0,0,0,0,1,1,6,1,28,6,1968,2,8,1,1,1
2017160193660,1,1,0,4,0,1,0,0,0,0,1,1,6,1,25,5,-1,-1,-1,1,1,1
2017160193660,2,9,0,3,0,1,0,0,0,0,2,1,6,1,72,10,2204,2,13,1,1,1
2017160193678,1,8,0,9,0,2,0,0,0,0,1,1,1,2,52,8,1956,2,-1,-1,-1,-1
2017160193741,1,9,0,18,0,1,1,0,0,0,1,1,5,1,34,6,2495,2,31,5,3,5
2017160193741,2,9,0,3,0,1,1,0,1,10,2,1,2,2,24,5,1198,1,4,4,3,4
2017160193741,3,9,0,10,0,8,0,0,0,0,0,1,5,1,30,6,1968,2,4,8,2,8
2017160193750,1,9,0,18,0,0,0,12,1,4,1,1,5,1,33,6,1910,2,11,3,2,3
2017160193776,1,9,0,9,0,6,0,10,0,0,1,1,5,2,34,6,2967,2,7,10,2,10
2017160193776,2,9,0,18,0,8,0,0,1,0,4,1,5,2,21,5,1206,1,4,-1,-1,-1
2017160193801,1,9,0,16,0,0,5,0,1,10,1,1,5,1,19,4,1229,1,11,4,1,4
2017160193812,1,21,0,16,0,1,0,0,0,0,1,1,1,1,25,5,12740,2,1,9,1,9
2017160193812,2,9,0,10,0,8,0,0,7,10,2,1,6,2,42,7,2993,2,1,6,3,6
2017160194210,1,9,0,18,0,1,0,0,0,0,2,1,6,2,36,7,1598,1,12,2,1,2
2017160194210,2,9,0,18,0,1,0,0,0,0,1,1,6,2,38,7,-1,-1,-1,1,1,1
2017160194255,1,1,0,18,0,0,0,0,0,0,1,1,6,1,27,6,-1,-1,-1,-1,-1,-1
2017160194255,2,19,0,2,0,0,0,0,0,0,1,1,6,1,30,6,1997,2,2,1,1,1
2017160194289,1,9,0,18,0,0,1,0,0,0,1,1,5,2,23,5,1499,2,2,7,2,7
2017160194289,2,9,0,18,0,0,1,0,0,0,2,1,5,1,32,6,-1,-1,-1,6,1,6
2017160194307,1,9,0,18,0,0,0,0,0,0,1,1,6,1,20,4,1364,1,2,10,2,10
2017160194307,2,1,0,18,0,0,0,0,0,0,2,1,6,1,70,10,-1,-1,-1,10,1,10
2017160194339,1,9,0,18,0,4,0,0,0,0,1,1,2,1,49,8,2179,2,5,-1,-1,-1
2017160194339,2,9,0,3,0,8,0,0,0,0,2,1,6,2,50,8,1598,1,7,-1,-1,-1
2017160194339,3,9,0,3,0,8,0,0,0,0,2,1,2,1,43,7,1997,2,13,3,3,3
2017160194358,1,9,0,4,0,1,0,0,0,0,1,1,6,2,-1,-1,-1,-1,-1,-1,-1,-1
2017160194358,2,9,0,4,0,1,0,0,0,0,2,1,6,2,28,6,1242,1,3,9,2,9
2017160194414,1,9,0,18,0,1,0,0,0,0,1,1,5,2,33,6,1329,1,6,8,1,8
2017160194414,2,1,0,18,0,6,0,0,0,0,4,1,5,1,16,4,-1,-1,-1,-1,-1,-1
2017160194426,1,9,0,18,0,0,0,0,0,0,1,1,6,2,32,6,1242,1,7,3,1,3
2017160194426,2,1,0,18,0,0,0,0,0,0,4,1,6,1,10,2,-1,-1,-1,1,1,1
2017160194473,1,9,0,18,0,0,0,4,0,0,1,1,5,1,85,11,1299,1,11,-1,-1,-1
2017160194473,2,9,0,2,0,0,0,10,0,0,1,1,6,3,-1,-1,-1,-1,-1,-1,-1,-1
2017160194473,3,9,0,2,0,0,0,10,0,0,1,1,6,3,-1,-1,-1,-1,-1,-1,-1,-1
2017160194473,4,9,0,2,0,0,0,10,0,0,1,1,6,3,-1,-1,-1,-1,-1,-1,-1,-1
2017160194483,1,9,0,5,0,1,0,0,0,0,1,1,6,2,29,6,1984,1,12,9,1,9
2017160194483,2,3,0,18,0,1,0,0,0,0,2,1,6,1,23,5,124,1,7,-1,-1,-1
2017160194550,1,9,0,9,0,2,0,0,0,0,4,1,6,2,25,5,1390,1,4,7,1,7
2017160194550,2,1,0,18,0,1,0,0,0,0,1,1,6,1,10,2,-1,-1,-1,-1,-1,-1
2017160194558,1,5,0,18,0,0,0,0,0,0,1,1,2,1,53,8,781,1,18,-1,-1,-1
2017160194558,2,9,0,18,0,0,0,0,0,0,2,1,1,1,33,6,-1,-1,-1,-1,-1,-1
2017160194604,1,9,0,3,0,0,0,0,0,0,1,1,6,2,33,6,1995,2,7,3,1,3
2017160194604,2,9,0,3,0,0,0,0,0,0,2,1,6,2,45,7,998,1,11,8,1,8
2017160194608,1,97,0,18,9,0,0,0,0,0,1,1,6,3,-1,-1,-1,-1,-1,-1,-1,-1
2017160194608,2,1,0,18,9,0,0,0,0,0,1,1,6,1,13,3,-1,-1,-1,-1,-1,-1
2017160194649,1,9,0,5,0,0,0,0,0,0,3,1,2,1,40,7,1229,1,9,-1,-1,-1
2017160194649,2,9,0,3,0,0,0,0,0,0,3,1,3,2,49,8,1896,2,13,-1,-1,-1
2017160194649,3,1,0,18,0,0,0,0,0,0,0,1,6,1,11,3,-1,-1,-1,-1,-1,-1
2017160194719,1,9,0,18,0,1,0,0,0,0,1,1,6,1,62,9,2354,1,14,-1,-1,-1
2017160194719,2,9,0,3,0,1,0,0,0,0,2,1,6,1,55,8,1995,2,8,6,3,6
2017160194719,3,9,0,3,0,1,0,0,0,0,2,1,6,2,24,5,1364,2,9,2,1,2
2017160194719,4,9,0,3,0,1,0,0,0,0,2,1,6,2,24,5,1242,1,3,-1,-1,-1
2017160194798,1,9,0,18,0,0,0,0,0,0,1,1,6,1,60,9,1968,2,9,-1,-1,-1
2017160194798,2,9,0,18,0,0,0,0,0,0,2,1,6,2,37,7,1896,2,9,-1,-1,-1
2017160194806,1,9,0,18,9,0,0,0,0,0,4,1,5,2,38,7,3175,1,15,-1,-1,-1
2017160194806,2,1,0,18,9,0,0,0,0,0,1,1,5,2,12,3,-1,-1,-1,-1,-1,-1
2017160194811,1,9,0,18,0,8,5,0,0,0,4,1,5,2,58,9,1995,2,12,-1,-1,-1
2017160194811,2,9,0,18,0,8,0,0,0,0,1,1,5,1,47,8,-1,-1,-1,-1,-1,-1
2017160194864,1,9,0,17,0,0,0,0,0,0,1,1,2,2,46,8,1461,2,7,-1,-1,-1
2017160194864,2,9,0,17,0,0,0,0,0,0,2,1,5,1,20,4,1560,2,9,-1,-1,-1
2017160194864,3,19,0,17,0,0,0,0,0,0,2,1,1,1,59,9,2198,2,1,-1,-1,-1
2017160194879,1,19,0,18,0,0,0,0,0,0,1,1,1,1,43,7,2143,2,3,4,1,4
2017160194879,2,5,0,18,0,0,0,0,0,0,1,1,6,1,61,9,535,1,19,4,1,4
2017160194890,1,4,0,4,0,0,0,0,0,0,1,1,2,1,46,8,249,1,35,-1,-1,-1
2017160194890,2,9,0,4,0,0,0,0,0,0,2,1,2,1,32,6,1999,1,3,-1,-1,-1
2017160194928,1,9,0,18,0,0,0,0,0,0,1,1,5,1,40,7,1200,1,-1,-1,-1,-1
2017160194928,2,1,0,18,0,0,0,0,0,0,1,1,5,2,13,3,-1,-1,-1,-1,-1,-1
2017160194933,1,8,0,9,0,1,0,0,0,0,0,1,1,1,38,7,1560,2,8,-1,-1,-1
2017160194933,2,1,0,18,0,8,0,0,0,0,0,1,2,1,35,6,-1,-1,-1,-1,-1,-1
2017160194963,1,9,0,18,0,0,0,0,0,0,0,1,6,2,25,5,1796,1,13,1,1,1
2017160194963,2,11,0,18,0,0,0,0,0,0,0,1,1,1,47,8,6696,2,2,8,1,8
2017160194974,1,9,0,18,0,0,0,0,0,0,1,1,6,1,32,6,2143,2,5,-1,-1,-1
2017160194974,2,9,0,4,0,0,0,0,0,0,2,1,6,2,32,6,1197,1,4,-1,-1,-1
2017160194984,1,3,0,17,0,4,0,0,0,0,0,1,2,1,23,5,102,1,14,-1,-1,-1
2017160194991,1,9,0,18,0,0,2,0,0,0,4,1,6,1,21,5,1598,2,5,-1,-1,-1
2017160194991,2,9,0,2,0,0,0,0,0,0,3,1,6,3,-1,-1,1598,1,5,-1,-1,-1
2017160195005,1,19,0,18,0,1,0,0,0,0,1,1,6,1,23,5,2442,2,1,-1,-1,-1
2017160195005,2,9,0,3,0,1,0,0,0,0,2,1,6,2,30,6,1396,1,13,-1,-1,-1
2017160195030,1,9,0,3,0,1,0,0,0,0,0,1,6,1,-1,-1,1560,2,9,-1,-1,-1
2017160195037,1,9,0,9,0,5,0,0,0,0,4,1,5,2,29,6,1997,2,5,-1,-1,-1
2017160195037,2,9,0,18,0,8,0,0,0,0,3,1,5,1,39,7,1796,1,11,-1,-1,-1
2017160195046,1,22,0,7,9,1,0,0,0,0,1,1,5,1,84,11,-1,-1,-1,-1,-1,-1
2017160195100,1,3,0,17,0,0,0,10,1,9,1,1,6,1,18,4,124,1,11,1,1,1
2017160195148,1,9,0,18,0,4,0,0,0,0,4,1,6,3,-1,-1,-1,-1,-1,-1,-1,-1
2017160195148,2,1,0,18,0,8,0,0,0,0,1,1,5,1,33,6,-1,-1,-1,-1,-1,-1
2017160195156,1,9,0,9,0,6,0,0,0,0,3,1,5,2,28,6,1242,1,13,-1,-1,-1
2017160195156,2,9,0,18,0,8,0,0,0,0,1,1,5,2,30,6,1686,2,7,-1,-1,-1
2017160195163,1,19,0,18,0,0,0,0,0,0,1,1,1,1,57,9,2198,2,1,-1,-1,-1
2017160195163,2,1,0,10,0,0,0,0,0,0,4,1,6,1,45,7,-1,-1,-1,-1,-1,-1