Accident_Index,Vehicle_Reference,Vehicle_Type,Towing_and_Articulation,Vehicle_Manoeuvre,Vehicle_Location-Restricted_Lane,Junction_Location,Skidding_and_Overturning,Hit_Object_in_Carriageway,Vehicle_Leaving_Carriageway,Hit_Object_off_Carriageway,1st_Point_of_Impact,Was_Vehicle_Left_Hand_Drive?,Journey_Purpose_of_Driver,Sex_of_Driver,Age_of_Driver,Age_Band_of_Driver,Engine_Capacity_(CC),Propulsion_Code,Age_of_Vehicle,Driver_IMD_Decile,Driver_Home_Area_Type,Vehicle_IMD_Decile
2017160195195,1,9,0,18,0,0,0,0,7,0,1,1,2,2,21,5,1299,1,15,8,2,8
2017160195198,1,9,0,4,0,0,0,0,0,0,2,1,5,2,44,7,2183,2,7,-1,-1,-1
2017160195198,2,9,0,18,0,0,0,0,0,0,2,1,5,1,28,6,1461,2,12,-1,-1,-1
2017160195198,3,9,0,18,0,0,0,0,0,0,1,1,5,1,26,6,1598,1,12,-1,-1,-1
2017160195262,1,9,0,3,0,4,0,9,3,1,1,1,2,1,53,8,1582,2,2,1,1,1
2017160195262,2,9,0,3,0,4,0,9,3,1,2,1,2,2,49,8,1598,1,3,3,3,3
2017160195303,1,9,0,5,0,6,0,0,0,0,3,1,5,1,80,11,1598,1,4,-1,-1,-1
2017160195303,2,9,0,18,0,8,0,0,0,0,2,1,5,2,82,11,1061,1,12,-1,-1,-1
2017160195361,1,19,0,17,0,0,0,0,0,0,1,1,1,1,48,8,1560,2,1,-1,-1,-1
2017160195361,2,9,0,16,0,0,0,0,0,0,1,1,5,2,51,8,1995,2,2,7,3,7
2017160195372,1,9,0,18,0,0,0,0,0,0,1,1,6,2,60,9,1149,1,7,3,2,3
2017160195372,2,9,0,18,0,0,0,0,0,0,2,1,6,2,68,10,998,1,15,10,3,10
2017160195395,1,11,0,4,0,0,0,0,0,0,0,1,1,1,52,8,8268,2,15,1,1,1
2017160195409,1,3,0,17,0,0,1,0,0,0,3,1,6,1,40,7,108,1,-1,7,1,7
2017160195413,1,21,0,17,0,0,5,10,7,10,1,1,1,1,55,8,12740,2,4,5,1,5
2017160195458,1,9,0,18,0,1,0,0,0,0,1,1,6,2,-1,-1,1229,1,10,-1,-1,-1
2017160195458,2,9,0,18,0,1,0,0,0,0,2,1,6,2,41,7,1242,1,1,-1,-1,-1
2017160195462,1,5,0,18,0,0,1,0,0,0,1,1,5,1,43,7,599,1,17,-1,-1,-1
2017160195486,1,97,0,18,0,8,1,10,7,10,1,1,5,1,31,6,-1,-1,-1,-1,-1,-1
2017160195563,1,9,0,14,0,0,0,0,0,0,2,1,5,1,25,5,1968,2,8,-1,-1,-1
2017160195563,2,9,0,18,0,0,0,0,0,0,1,1,5,1,35,6,1975,1,12,-1,-1,-1
2017160195596,1,9,0,18,0,8,1,0,0,0,1,1,6,3,-1,-1,1995,2,16,-1,-1,-1
2017160195596,2,9,0,18,0,8,0,0,0,0,3,1,6,2,21,5,1598,1,10,-1,-1,-1
2017160195596,3,9,0,18,0,1,0,0,0,0,3,1,6,2,59,9,998,1,3,-1,-1,-1
2017160195603,1,9,0,18,0,0,1,0,1,2,1,1,6,1,18,4,-1,-1,-1,-1,-1,-1
2017160195611,1,9,0,7,0,1,0,0,0,0,0,1,6,3,-1,-1,-1,-1,-1,-1,-1,-1
2017160195611,2,11,0,18,0,1,0,0,0,0,0,1,1,1,33,6,-1,-1,-1,-1,-1,-1
2017160195653,1,9,0,14,0,0,0,4,0,0,1,1,6,1,26,6,1328,1,9,-1,-1,-1
2017160195653,2,9,0,18,0,0,0,0,0,0,1,1,6,1,44,7,1997,2,10,-1,-1,-1
2017160195653,3,9,0,2,0,0,0,0,0,0,2,1,6,3,-1,-1,-1,-1,-1,-1,-1,-1
2017160195681,1,9,0,9,0,5,0,0,0,0,1,1,2,1,57,9,1796,1,13,-1,-1,-1
2017160195681,2,1,0,18,0,8,0,0,0,0,1,1,6,1,19,4,-1,-1,-1,-1,-1,-1
2017160195693,1,9,0,18,0,0,1,10,1,11,1,1,1,1,22,5,-1,-1,-1,-1,-1,-1
2017160195737,1,9,0,9,0,5,0,0,0,0,1,1,6,2,44,7,1582,2,3,-1,-1,-1
2017160195737,2,5,0,14,0,8,0,10,7,0,1,1,6,1,40,7,999,1,9,-1,-1,-1
2017160195757,1,9,0,18,0,8,0,0,0,0,1,1,6,2,32,6,1229,1,12,-1,-1,-1
2017160195757,2,2,0,7,0,6,0,0,0,0,3,1,6,1,16,4,49,1,6,-1,-1,-1
2017160195768,1,9,0,9,0,5,0,0,0,0,3,1,5,2,24,5,1596,1,5,-1,-1,-1
2017160195768,2,3,0,13,0,8,1,0,7,10,1,1,5,1,23,5,124,1,1,-1,-1,-1
2017160195772,1,9,0,18,0,4,0,0,0,0,1,1,5,1,72,10,1197,1,4,-1,-1,-1
2017160195772,2,1,0,9,0,8,0,0,0,0,1,1,5,1,44,7,-1,-1,-1,-1,-1,-1
2017160195776,1,1,0,18,5,0,0,4,0,0,1,1,2,2,52,8,-1,-1,-1,-1,-1,-1
2017160195776,2,19,0,2,5,0,0,0,0,0,0,1,1,1,35,6,2143,2,6,-1,-1,-1
2017160195791,1,19,0,18,0,6,0,0,0,0,1,1,6,1,-1,-1,1686,2,13,-1,-1,-1
2017160195791,2,9,0,3,0,1,0,0,0,0,1,1,5,2,29,6,1781,1,15,-1,-1,-1
2017160195796,1,9,0,17,0,0,2,0,1,0,1,1,5,1,19,4,1396,1,14,-1,-1,-1
2017160195906,1,9,0,18,0,0,0,0,0,0,3,1,1,2,60,9,996,1,5,-1,-1,-1
2017160195906,2,1,0,18,0,0,0,0,0,0,1,1,5,2,7,2,-1,-1,-1,-1,-1,-1
2017160195925,1,19,0,18,0,8,0,0,0,0,1,1,6,3,42,7,2800,2,12,7,2,7
2017160195925,2,9,0,18,0,8,0,0,0,0,1,1,6,2,37,7,1360,1,10,8,3,8
2017160195957,1,9,0,18,0,8,0,0,0,0,1,1,5,2,27,6,1598,1,11,-1,-1,-1
2017160195957,2,9,0,7,0,8,0,0,0,0,1,1,5,2,24,5,1560,2,6,-1,-1,-1
2017160195959,1,98,0,18,0,0,0,0,0,0,0,1,6,3,-1,-1,-1,-1,-1,-1,-1,-1
2017160195959,2,9,0,18,0,0,5,10,1,11,1,1,6,1,41,7,2488,2,11,6,3,6
2017160195982,1,9,0,18,0,1,1,0,1,0,1,1,5,1,21,5,999,1,1,-1,-1,-1
2017160196008,1,8,0,6,0,5,0,0,0,0,3,1,1,1,62,9,1560,2,7,-1,-1,-1
2017160196008,2,9,0,18,0,2,0,0,0,0,1,1,2,1,32,6,1995,2,5,-1,-1,-1
2017160196010,1,8,0,4,0,0,0,0,0,0,1,1,1,1,47,8,1910,2,9,-1,-1,-1
2017160196040,1,9,0,18,0,0,0,10,1,9,1,1,5,1,48,8,1388,1,6,1,1,1
2017160196046,1,9,0,16,0,0,2,0,1,0,1,1,5,2,23,5,1598,1,11,-1,-1,-1
2017160196070,1,9,0,18,0,0,0,0,0,0,1,1,6,1,70,10,3248,1,16,1,1,1
2017160196070,2,9,0,18,0,0,0,0,0,0,1,1,6,2,27,6,1149,1,15,5,1,5
2017160196140,1,9,0,18,0,0,2,0,1,10,1,1,2,2,26,6,1149,1,11,1,1,1
2017160196178,1,9,0,18,0,8,0,0,0,0,2,1,5,1,69,10,1685,2,1,-1,-1,-1
2017160196178,2,9,0,18,0,8,0,0,0,0,1,1,5,1,21,5,1242,1,11,-1,-1,-1
2017160196206,1,1,0,18,0,1,0,0,0,0,1,1,6,1,22,5,-1,-1,-1,-1,-1,-1
2017160196206,2,9,0,9,0,2,0,0,0,0,1,1,6,2,-1,-1,-1,-1,-1,-1,-1,-1
2017160196344,1,9,0,4,0,3,0,0,1,2,1,1,5,1,21,5,1061,1,12,8,2,8
2017160196460,1,21,1,17,0,8,0,0,0,0,1,1,1,1,30,6,-1,-1,-1,-1,-1,-1
2017160196460,2,9,0,9,0,3,5,0,0,0,4,1,6,2,22,5,999,1,1,3,1,3
2017160196498,1,2,0,18,0,4,0,0,0,0,0,1,2,1,25,5,49,1,13,-1,-1,-1
2017160196540,1,9,0,18,0,0,0,0,0,0,2,1,6,1,47,8,1896,2,13,-1,-1,-1
2017160196540,2,9,0,18,0,0,0,0,0,0,1,1,6,1,23,5,1149,1,12,-1,-1,-1
2017160196553,1,11,0,2,0,0,0,0,0,0,0,1,1,1,60,9,3922,2,11,1,1,1
2017160196571,1,9,0,18,0,1,0,0,0,0,4,1,1,1,49,8,1956,2,5,-1,-1,-1
2017160196581,1,9,0,9,0,2,0,0,0,0,0,1,6,1,79,11,1998,1,9,-1,-1,-1
2017160196581,2,9,0,9,0,5,0,0,0,0,1,1,6,2,45,7,1969,1,-1,-1,-1,-1
2017160196581,3,9,0,10,0,1,0,0,0,0,3,1,6,1,53,8,1229,1,6,-1,-1,-1
2017160196581,4,1,0,18,0,8,0,0,0,0,3,1,6,2,42,7,-1,-1,-1,-1,-1,-1
2017160196594,1,9,0,5,0,2,0,0,0,0,1,1,6,2,20,4,1229,1,3,8,1,8
2017160196594,2,9,0,18,0,2,0,0,0,0,1,1,6,2,48,8,1461,2,12,1,1,1
2017160196648,1,9,0,18,0,8,0,10,8,2,1,1,5,2,42,7,1796,1,8,-1,-1,-1
2017160196648,2,9,0,3,0,8,0,0,0,0,1,1,5,1,54,8,1360,1,8,-1,-1,-1
2017160196648,3,8,0,10,0,8,0,0,0,0,0,1,1,1,54,8,2902,2,8,-1,-1,-1
2017160196666,1,11,0,5,0,2,0,0,0,0,0,1,1,1,19,4,7300,2,8,-1,-1,-1
2017160196688,1,1,0,18,9,1,0,0,0,0,1,1,6,1,14,3,-1,-1,-1,4,1,4
2017160196688,2,9,0,4,0,6,0,0,0,0,4,1,6,1,52,8,1598,2,-1,6,1,6
2017160196751,1,5,0,16,0,0,0,0,1,9,1,1,5,1,49,8,750,1,11,5,1,5
2017160196761,1,9,0,18,0,8,0,0,0,0,1,1,5,2,26,6,1798,1,11,-1,-1,-1
2017160196761,2,19,0,18,0,8,0,0,0,0,3,1,5,1,72,10,1598,2,5,-1,-1,-1
2017160196788,1,9,0,5,0,4,0,0,0,0,1,1,5,1,35,6,1968,2,9,1,1,1
2017160196788,2,9,0,18,0,1,0,0,0,0,1,1,5,1,20,4,973,1,14,-1,-1,-1
2017160196829,1,9,0,18,0,0,0,0,0,0,3,1,5,2,77,11,1198,1,3,-1,-1,-1
2017160196829,2,21,1,18,0,0,1,0,0,0,3,1,1,1,36,7,12780,2,2,-1,-1,-1
2017160196842,1,5,0,18,0,1,0,7,0,0,1,1,5,1,32,6,599,1,16,-1,-1,-1
2017160196842,2,9,0,9,0,6,0,0,0,0,3,1,1,1,47,8,1910,2,11,-1,-1,-1
2017160196864,1,19,0,18,0,0,0,0,0,0,0,1,6,3,18,4,-1,-1,-1,-1,-1,-1
2017160196908,1,9,0,18,0,0,0,10,1,9,1,1,5,2,81,11,1229,1,10,-1,-1,-1
2017160196918,1,9,0,1,0,1,0,0,0,0,2,1,6,2,61,9,1798,2,7,-1,-1,-1
2017160196954,1,9,0,7,0,6,0,0,0,0,4,1,6,1,-1,-1,-1,-1,-1,-1,-1,-1
2017160196958,1,9,0,9,0,8,0,0,0,0,4,1,5,2,21,5,1422,2,9,5,3,5
2017160196958,2,1,0,18,0,8,0,0,0,0,1,1,6,1,32,6,-1,-1,-1,-1,-1,-1
2017160196989,1,11,0,7,0,5,0,0,0,0,0,1,1,3,-1,-1,-1,-1,-1,-1,-1,-1
2017160196989,2,1,0,7,4,5,0,10,0,0,0,1,6,2,45,7,-1,-1,-1,8,1,8
2017160196992,1,19,4,12,0,0,0,0,0,0,3,1,1,1,59,9,2287,2,9,-1,-1,-1
2017160196992,2,9,0,18,0,0,0,0,0,0,4,1,5,1,26,6,1968,2,10,-1,-1,-1
2017160197037,1,9,0,18,0,0,0,0,0,0,1,1,6,1,33,6,1995,2,11,5,1,5
2017160197037,2,9,0,18,0,0,0,0,0,0,2,1,6,2,28,6,1598,2,1,-1,-1,-1
2017160197044,1,9,0,18,0,0,0,0,0,0,1,1,6,2,25,5,1242,1,8,-1,-1,-1
2017160197044,2,19,0,18,0,0,0,0,0,0,1,1,6,1,30,6,2143,2,-1,-1,-1,-1
2017160197089,1,9,0,9,0,6,0,0,0,0,1,1,5,1,66,10,1598,1,15,-1,-1,-1
2017160197089,2,1,0,18,0,8,0,0,0,0,4,1,2,2,45,7,-1,-1,-1,-1,-1,-1
2017160197105,1,1,0,18,0,8,0,0,0,0,3,1,2,1,21,5,-1,-1,-1,-1,-1,-1
2017160197105,2,9,0,7,0,5,0,0,0,0,4,1,6,3,-1,-1,1896,2,13,-1,-1,-1
2017160197188,1,9,0,16,0,0,0,0,0,0,1,1,5,2,71,10,1198,1,3,4,3,4
2017160197188,2,9,0,4,0,0,0,0,0,0,2,1,6,2,60,9,1596,1,8,5,3,5
2017160197272,1,9,0,16,0,2,0,0,0,0,3,1,6,2,54,8,1242,1,5,-1,-1,-1
2017160197272,2,98,0,16,0,2,0,0,0,0,1,1,6,1,74,10,-1,-1,-1,-1,-1,-1
2017160197272,3,9,0,16,0,2,0,0,1,0,1,1,6,1,37,7,898,1,3,-1,-1,-1
2017160197365,1,9,0,18,0,0,0,0,0,0,4,1,6,2,64,9,1997,2,7,-1,-1,-1
2017160197365,2,97,0,18,0,0,0,0,0,0,1,1,6,2,20,4,-1,-1,-1,-1,-1,-1
2017160197414,1,21,0,7,0,5,0,0,0,0,4,1,1,1,61,9,12902,2,-1,-1,-1,-1
2017160197497,1,19,0,4,0,0,0,0,0,0,2,1,1,1,44,7,1461,2,2,8,2,8
2017160197497,2,9,0,18,0,0,0,0,0,0,1,1,1,3,-1,-1,1398,1,1,-1,-1,-1
2017160197506,1,9,0,18,0,0,0,0,0,0,1,1,6,3,-1,-1,1198,1,13,-1,-1,-1
2017160197506,2,9,0,3,0,0,0,0,0,0,2,1,6,1,42,7,1896,2,14,-1,-1,-1
2017160197571,1,9,0,7,0,5,0,0,0,0,1,1,6,3,-1,-1,1997,2,12,-1,-1,-1
2017160197571,2,1,0,18,0,8,0,0,0,0,2,1,6,1,24,5,-1,-1,-1,-1,-1,-1
2017160197641,1,9,0,2,0,0,0,0,0,0,3,1,6,1,50,8,-1,-1,-1,1,1,1
2017160197641,2,1,0,18,0,0,0,8,0,0,1,1,6,1,47,8,-1,-1,-1,7,1,7
2017160197656,1,98,0,1,0,2,0,4,0,0,2,1,6,1,28,6,-1,-1,-1,-1,-1,-1
2017160197656,2,9,0,2,0,1,0,4,0,0,2,1,5,2,41,7,1398,1,16,-1,-1,-1
2017160197656,3,4,0,2,0,1,0,0,0,0,2,1,5,1,45,7,487,1,17,-1,-1,-1
2017160197659,1,9,0,18,0,0,0,0,0,0,4,1,6,2,18,4,1242,1,5,6,2,6
2017160197659,2,9,0,18,0,0,0,0,0,0,3,1,6,1,43,7,1496,2,1,-1,-1,-1
2017160197683,1,19,0,7,0,0,0,0,0,0,4,1,6,1,31,6,2402,2,11,-1,-1,-1
2017160197683,2,1,0,18,0,0,0,10,0,0,3,1,6,2,27,6,-1,-1,-1,-1,-1,-1
2017160197693,1,11,0,18,0,0,0,0,0,0,4,1,1,1,41,7,-1,-1,-1,-1,-1,-1
2017160197714,1,9,0,7,0,6,0,0,0,0,1,1,6,1,51,8,1560,2,12,-1,-1,-1
2017160197714,2,1,0,18,0,8,0,0,0,0,4,1,6,2,49,8,-1,-1,-1,-1,-1,-1
2017160197727,1,9,0,4,0,1,0,0,0,0,1,1,6,1,53,8,-1,-1,-1,-1,-1,-1
2017160197727,2,9,0,3,0,1,0,0,0,0,2,1,6,2,26,6,1910,2,9,3,1,3
2017160197743,1,5,0,16,0,8,0,0,0,0,3,1,5,1,63,9,942,1,-1,-1,-1,-1
2017160197743,2,9,0,17,0,1,0,0,0,0,3,1,5,1,65,9,1968,2,7,-1,-1,-1
2017160197743,3,9,0,17,0,1,0,0,0,0,1,1,5,1,67,10,898,1,1,-1,-1,-1
2017160197763,1,2,0,18,0,0,0,0,0,0,1,1,6,1,22,5,49,1,1,-1,-1,-1
2017160197763,2,9,0,7,0,0,0,0,0,0,2,1,6,1,26,6,1598,2,4,-1,-1,-1
2017160197777,1,21,1,18,0,0,0,0,0,0,1,1,6,1,43,7,12740,2,4,-1,-1,-1
2017160197777,2,9,0,18,0,0,0,0,0,0,2,1,6,2,24,5,1199,1,13,-1,-1,-1
2017160197866,1,9,0,18,0,1,0,0,0,0,1,1,6,3,-1,-1,-1,-1,-1,-1,-1,-1
2017160197866,2,3,0,3,0,1,0,0,0,0,2,1,6,1,39,7,125,1,4,-1,-1,-1
2017160197880,1,9,0,4,0,1,0,0,0,0,1,1,6,1,35,6,1998,1,2,4,2,4
2017160197880,2,9,0,3,0,1,0,0,0,0,2,1,6,2,38,7,1590,1,14,1,1,1
2017160197916,1,9,0,7,0,0,0,0,0,0,4,1,6,2,24,5,1242,1,-1,6,1,6
2017160197916,2,1,0,18,0,0,0,0,0,0,1,1,6,1,10,2,-1,-1,-1,8,1,8
2017160197965,1,8,0,7,0,6,0,0,0,0,2,1,1,1,43,7,1598,2,6,7,1,7
2017160197965,2,19,0,18,0,1,0,0,0,0,1,1,6,1,29,6,2198,2,11,1,1,1
2017160197986,1,9,0,18,0,0,5,10,1,4,1,1,5,2,31,6,1596,1,6,-1,-1,-1
2017160198014,1,8,0,18,9,2,0,10,0,0,0,1,6,1,-1,-1,-1,-1,-1,-1,-1,-1
2017160198020,1,9,0,18,0,0,0,0,0,0,1,1,1,1,22,5,1497,1,13,-1,-1,-1
2017160198020,2,19,0,3,0,0,0,0,0,0,2,1,2,1,40,7,1995,2,10,-1,-1,-1
2017160198162,1,11,0,5,0,0,0,0,0,0,0,1,1,1,35,6,-1,-1,-1,1,1,1
2017160198166,1,9,0,11,0,0,0,0,1,0,1,1,2,1,37,7,1997,2,3,-1,-1,-1
2017160198166,2,21,0,18,0,0,0,0,1,0,2,1,1,1,55,8,7698,2,2,-1,-1,-1
2017160198243,1,9,0,9,0,5,0,0,0,0,1,1,5,1,61,9,1398,1,6,-1,-1,-1
2017160198243,2,9,0,9,0,4,0,0,0,0,3,1,5,2,26,6,1560,2,2,-1,-1,-1
2017160198290,1,9,0,7,0,0,0,0,0,0,1,1,5,2,28,6,1198,1,3,-1,-1,-1
2017160198290,2,9,0,1,0,0,0,0,0,0,2,1,5,1,53,8,2685,2,15,-1,-1,-1
2017160198309,1,9,0,18,0,0,0,0,0,0,1,1,6,1,44,7,1968,2,1,-1,-1,-1
2017160198346,1,9,0,18,0,0,0,0,0,0,1,1,6,3,-1,-1,-1,-1,-1,-1,-1,-1
2017160198372,1,9,0,18,0,0,0,0,1,4,1,1,6,1,27,6,993,1,14,-1,-1,-1
2017160198419,1,9,0,7,0,6,0,0,0,0,1,1,1,1,40,7,1390,1,14,7,2,7
2017160198419,2,1,0,18,0,8,0,0,0,0,1,1,6,1,28,6,-1,-1,-1,-1,-1,-1
2017160198438,1,9,0,9,0,6,0,0,0,0,1,1,6,1,26,6,1995,2,5,-1,-1,-1
2017160198438,2,5,0,18,0,8,0,0,0,0,4,1,6,1,38,7,999,1,4,-1,-1,-1
2017160198962,1,17,4,13,0,0,0,0,0,0,3,1,1,1,33,6,-1,2,3,8,3,8
2017160198962,2,1,0,18,0,0,0,0,0,0,0,1,5,1,47,8,-1,-1,-1,-1,-1,-1
2017160198995,1,9,0,9,0,6,0,0,0,0,3,1,1,2,54,8,1199,1,18,-1,-1,-1
2017160198995,2,9,0,18,0,8,0,0,0,0,1,1,6,1,36,7,1339,1,14,-1,-1,-1
2017160199060,1,9,0,7,0,6,0,0,0,0,3,1,2,2,22,5,-1,-1,-1,-1,-1,-1
2017160199060,2,1,0,18,9,8,0,0,0,0,0,1,6,1,17,4,-1,-1,-1,-1,-1,-1
2017160199073,1,9,0,18,0,8,0,0,0,0,1,1,2,1,18,4,1995,2,1,-1,-1,-1
2017160199073,2,9,0,18,0,8,0,0,0,0,3,1,5,2,42,7,1560,2,3,-1,-1,-1
2017160199104,1,5,0,18,0,0,1,0,2,4,1,1,6,1,39,7,929,1,17,-1,-1,-1
2017160199109,1,9,0,18,0,1,0,0,0,0,1,1,6,1,85,11,1598,1,9,-1,-1,-1
2017160199109,2,9,0,3,0,1,0,0,0,0,2,1,6,2,38,7,1248,2,2,-1,-1,-1
2017160199157,1,2,0,18,0,1,0,0,0,0,1,1,5,1,16,4,50,1,6,-1,-1,-1
2017160199157,2,9,0,9,0,1,0,0,0,0,2,1,5,2,36,7,1598,1,8,-1,-1,-1
2017160199181,1,9,0,4,0,0,0,0,0,0,2,1,5,2,21,5,1598,1,14,-1,-1,-1
2017160199181,2,9,0,18,0,0,0,0,0,0,1,1,5,1,48,8,1998,2,11,-1,-1,-1
2017160199183,1,2,0,4,0,0,0,0,0,0,2,1,5,2,35,6,49,1,8,-1,-1,-1
2017160199183,2,19,0,18,0,0,0,0,0,0,1,1,5,1,53,8,1968,2,3,-1,-1,-1
2017160199236,1,9,0,18,0,1,0,0,0,0,3,1,5,2,66,10,1560,2,3,-1,-1,-1
2017160199259,1,19,0,9,0,5,0,0,0,0,3,1,2,1,21,5,1686,2,10,-1,-1,-1
2017160199259,2,9,0,18,0,1,0,0,0,0,1,1,2,1,53,8,999,1,1,-1,-1,-1
2017160199272,1,9,0,9,0,8,0,0,0,0,1,1,5,2,27,6,1149,1,11,-1,-1,-1
2017160199272,2,1,0,18,0,8,0,0,0,0,1,1,5,1,43,7,-1,-1,-1,-1,-1,-1
2017160199277,1,9,0,3,0,0,0,0,0,0,2,1,6,2,63,9,1582,2,2,-1,-1,-1
2017160199277,2,9,0,18,0,0,0,0,0,0,1,1,2,1,36,7,1910,2,10,-1,-1,-1
2017160199314,1,9,0,5,0,3,0,0,0,0,2,1,5,2,31,6,1499,2,4,-1,-1,-1
2017160199314,2,20,0,5,0,3,0,0,0,0,1,1,1,1,47,8,4250,2,11,-1,-1,-1
2017160199333,1,21,0,18,0,0,0,0,0,0,1,1,1,1,59,9,-1,-1,-1,-1,-1,-1
2017160199333,2,9,0,3,0,0,0,0,0,0,2,1,5,2,30,6,1794,1,11,-1,-1,-1
2017160199362,1,9,0,9,0,6,0,0,0,0,1,1,5,2,85,11,998,1,7,-1,-1,-1
2017160199362,2,1,0,18,0,8,0,0,0,0,2,1,5,1,57,9,-1,-1,-1,-1,-1,-1
2017160199372,1,9,0,14,0,2,0,0,0,0,4,1,5,2,17,4,1242,1,8,-1,-1,-1
2017160199374,1,9,0,16,0,0,2,10,1,10,1,1,5,1,18,4,1242,1,11,-1,-1,-1
2017160199374,2,9,0,18,0,0,0,0,1,0,1,1,2,2,57,9,1968,2,3,-1,-1,-1
2017160199410,1,9,0,18,9,0,0,10,1,0,1,1,5,1,63,9,1560,2,6,7,1,7
2017160199413,1,9,0,18,0,0,0,0,0,0,1,1,1,2,58,9,1229,1,6,-1,-1,-1
2017160199413,2,1,0,18,0,0,0,0,0,0,1,1,6,1,13,3,-1,-1,-1,-1,-1,-1
2017160199423,1,9,0,17,0,0,2,0,1,0,1,1,5,2,19,4,1242,1,1,-1,-1,-1
2017160199454,1,19,0,18,0,0,0,0,0,0,4,1,5,1,33,6,1461,2,1,-1,-1,-1
2017160199454,2,9,0,18,0,0,0,0,0,0,0,1,5,2,28,6,-1,-1,-1,-1,-1,-1
2017160199465,1,9,0,5,0,1,0,0,0,0,1,1,6,1,22,5,1791,8,5,-1,-1,-1
2017160199465,2,1,0,18,0,1,0,0,0,0,4,1,6,1,15,3,-1,-1,-1,-1,-1,-1
2017160199480,1,9,0,18,0,8,0,0,0,0,1,1,5,1,44,7,1596,1,4,-1,-1,-1
2017160199595,1,9,0,18,0,0,0,0,0,0,1,1,6,1,43,7,1995,2,16,-1,-1,-1
2017160199595,2,9,0,18,0,0,0,0,0,0,1,1,6,2,29,6,1997,1,16,-1,-1,-1
2017160199632,1,3,0,5,0,3,0,0,0,0,2,1,2,1,56,9,110,1,1,-1,-1,-1
2017160199632,2,98,0,5,0,1,0,0,0,0,1,1,1,1,49,8,-1,-1,-1,-1,-1,-1
2017160199688,1,19,0,18,0,3,0,0,0,0,1,1,6,1,38,7,2198,2,5,-1,-1,-1
2017160199688,2,9,0,18,0,3,0,0,0,0,2,1,2,1,44,7,1596,1,20,-1,-1,-1
2017160199717,1,9,0,7,0,2,0,0,0,0,1,1,6,2,-1,-1,1364,1,5,-1,-1,-1
2017160199717,2,1,0,9,0,2,0,0,0,0,1,1,6,1,20,4,-1,-1,-1,-1,-1,-1
2017160199720,1,9,0,18,0,0,0,0,0,0,0,1,6,2,28,6,1598,1,11,-1,-1,-1
2017160199720,2,1,0,18,0,0,0,0,0,0,0,1,6,1,10,2,-1,-1,-1,-1,-1,-1
2017160199886,1,9,0,5,0,0,0,0,0,0,2,1,6,2,-1,-1,-1,-1,-1,-1,-1,-1
2017160199985,1,9,0,9,0,5,0,0,0,0,4,1,5,2,63,9,1598,1,19,9,3,9
2017160199985,2,5,0,16,0,1,0,0,0,0,1,1,5,1,27,6,1200,1,16,-1,-1,-1
2017160200033,1,19,0,2,0,0,0,0,0,0,3,1,5,2,35,6,1461,2,10,-1,-1,-1
2017160200033,2,1,0,14,0,0,0,0,0,0,4,1,6,2,59,9,-1,-1,-1,-1,-1,-1
2017160200049,1,9,0,1,0,0,0,0,0,0,2,1,6,1,23,5,1596,1,9,-1,-1,-1
2017160200108,1,1,0,7,0,5,5,10,0,0,1,1,2,1,37,7,-1,-1,-1,5,1,5
2017160200132,1,9,0,16,0,0,1,0,0,0,1,1,6,2,27,6,1242,1,8,-1,-1,-1
2017160200284,1,9,0,18,0,4,0,0,0,0,1,1,3,2,67,10,1997,1,5,-1,-1,-1
2017160200284,2,1,0,9,0,3,0,0,0,0,4,1,6,1,45,7,-1,-1,-1,-1,-1,-1
2017160200295,1,9,0,11,0,1,0,0,0,0,0,1,6,1,50,8,1397,1,14,-1,-1,-1
2017160200295,2,11,0,18,0,1,0,0,0,0,0,1,1,2,48,8,9360,2,2,-1,-1,-1
2017160200316,1,11,0,18,0,2,1,0,0,0,0,1,1,1,48,8,9600,2,18,-1,-1,-1
2017160200361,1,9,0,12,0,3,0,0,0,0,4,1,2,1,55,8,1988,2,13,-1,-1,-1
2017160200361,2,19,0,18,0,3,0,0,0,0,1,1,2,1,48,8,-1,-1,-1,-1,-1,-1
2017160200429,1,9,0,3,0,0,0,0,0,0,2,1,6,1,49,8,-1,-1,-1,-1,-1,-1
2017160200429,2,19,0,3,0,0,0,0,0,0,2,1,6,1,-1,-1,1598,2,1,-1,-1,-1
2017160200429,3,19,0,18,0,0,0,0,0,0,1,1,6,1,45,7,2496,2,17,-1,-1,-1
2017160200475,1,5,0,18,0,0,0,0,0,0,1,1,6,1,20,4,800,1,4,-1,-1,-1
2017160200475,2,9,0,9,0,0,0,0,0,0,1,1,5,2,32,6,1364,1,9,-1,-1,-1
2017160200486,1,9,0,7,0,6,0,0,0,0,1,1,6,1,23,5,1199,2,6,-1,-1,-1
2017160200486,2,9,0,18,0,8,0,0,0,0,4,1,6,1,74,10,1229,1,3,-1,-1,-1
2017160200500,1,3,0,18,0,8,0,0,0,0,0,1,6,1,48,8,124,1,2,-1,-1,-1
2017160200500,2,9,0,9,0,4,0,0,0,0,0,1,6,3,-1,-1,-1,-1,-1,-1,-1,-1
2017160200512,1,9,0,18,0,0,0,0,0,0,1,1,5,2,39,7,1390,1,8,-1,-1,-1
2017160200512,2,9,0,18,0,0,0,0,0,0,2,1,5,1,44,7,1796,1,10,-1,-1,-1
2017160200512,3,9,0,18,0,0,0,0,0,0,2,1,6,1,31,6,1242,1,1,-1,-1,-1