Accident_Index,Vehicle_Reference,Vehicle_Type,Towing_and_Articulation,Vehicle_Manoeuvre,Vehicle_Location-Restricted_Lane,Junction_Location,Skidding_and_Overturning,Hit_Object_in_Carriageway,Vehicle_Leaving_Carriageway,Hit_Object_off_Carriageway,1st_Point_of_Impact,Was_Vehicle_Left_Hand_Drive?,Journey_Purpose_of_Driver,Sex_of_Driver,Age_of_Driver,Age_Band_of_Driver,Engine_Capacity_(CC),Propulsion_Code,Age_of_Vehicle,Driver_IMD_Decile,Driver_Home_Area_Type,Vehicle_IMD_Decile
2017160200545,1,3,0,9,0,8,1,0,0,0,0,1,6,2,20,4,124,1,10,-1,-1,-1
2017160200548,1,9,0,18,9,0,0,0,7,0,1,1,5,2,18,4,998,1,12,-1,-1,-1
2017160200572,1,9,0,18,0,3,0,0,0,0,0,1,6,1,-1,-1,-1,-1,-1,-1,-1,-1
2017160200572,2,1,0,7,0,3,0,0,0,0,0,1,6,1,45,7,-1,-1,-1,-1,-1,-1
2017160200578,1,9,0,18,0,8,0,0,0,0,1,1,6,1,28,6,1199,1,16,-1,-1,-1
2017160200578,2,9,0,4,0,8,0,0,0,0,2,1,6,2,24,5,2149,2,10,-1,-1,-1
2017160200582,1,9,0,18,0,1,0,0,0,0,1,1,6,2,52,8,1390,1,2,-1,-1,-1
2017160200582,2,2,0,18,0,1,0,0,0,0,2,1,6,2,49,8,49,1,8,-1,-1,-1
2017160200604,1,21,1,9,0,8,5,0,0,0,0,1,1,1,26,6,10837,2,10,-1,-1,-1
2017160200616,1,9,0,7,0,5,0,0,0,0,4,1,6,2,46,8,1753,2,11,-1,-1,-1
2017160200616,2,1,0,18,0,8,0,0,0,0,3,1,1,2,61,9,-1,-1,-1,-1,-1,-1
2017160200881,1,11,0,9,0,8,0,0,0,0,4,1,1,1,42,7,4461,2,3,-1,-1,-1
2017160200881,2,9,0,5,0,8,0,0,0,0,1,1,6,1,49,8,2191,2,1,-1,-1,-1
2017160200920,1,9,0,18,0,0,0,0,0,0,1,1,2,2,26,6,1598,1,11,-1,-1,-1
2017160200920,2,9,0,2,0,0,0,0,0,0,0,1,6,3,-1,-1,-1,-1,-1,-1,-1,-1
2017160200941,1,8,0,9,0,0,0,0,0,0,1,1,6,1,52,8,1995,2,5,-1,-1,-1
2017160200941,2,1,0,18,0,0,0,0,0,0,3,1,6,1,48,8,-1,-1,-1,-1,-1,-1
2017160200969,1,1,0,18,0,0,0,0,0,0,3,1,6,1,41,7,-1,-1,-1,-1,-1,-1
2017160200969,2,9,0,18,0,0,0,0,0,0,1,1,6,2,73,10,1596,1,16,-1,-1,-1
2017160201019,1,9,0,5,0,0,0,0,0,0,3,1,6,2,53,8,1598,1,8,6,3,6
2017160201019,2,9,0,16,0,0,0,0,0,0,1,1,6,1,37,7,1998,1,2,9,1,9
2017160201074,1,1,0,3,0,0,0,0,0,0,0,1,6,1,39,7,-1,-1,-1,-1,-1,-1
2017160201074,2,9,0,18,0,0,0,0,0,0,0,1,5,1,42,7,1685,2,3,-1,-1,-1
2017160201109,1,90,0,5,0,0,0,0,0,0,1,1,2,1,46,8,-1,-1,-1,-1,-1,-1
2017160201109,2,4,0,18,0,0,1,0,7,0,1,1,6,1,23,5,350,1,-1,-1,-1,-1
2017160201118,1,21,0,7,0,6,0,0,0,0,1,1,1,1,60,9,10837,2,2,-1,-1,-1
2017160201118,2,1,0,18,0,8,0,0,0,0,3,1,2,1,42,7,-1,-1,-1,-1,-1,-1
2017160201195,1,9,0,3,0,0,0,0,0,0,2,1,6,2,79,11,1242,1,2,-1,-1,-1
2017160201195,2,1,0,18,0,0,0,4,0,0,1,1,6,1,30,6,-1,-1,-1,-1,-1,-1
2017160201206,1,9,0,18,0,0,0,0,0,0,3,1,5,1,50,8,1360,1,9,-1,-1,-1
2017160201242,1,9,0,18,2,1,0,0,0,0,0,1,6,2,46,8,1390,1,12,-1,-1,-1
2017160201242,2,9,0,9,0,5,0,0,0,0,0,1,1,2,38,7,4799,1,10,-1,-1,-1
2017160201269,1,19,0,18,0,0,2,0,2,7,1,1,5,1,48,8,2402,2,16,-1,-1,-1
2017160201351,1,1,0,12,0,8,0,0,0,0,3,1,2,1,18,4,-1,-1,-1,-1,-1,-1
2017160201351,2,9,0,13,0,8,0,0,0,0,1,1,5,1,56,9,1560,2,11,-1,-1,-1
2017160201371,1,9,0,3,0,0,0,0,0,0,2,1,6,2,55,8,1198,1,2,-1,-1,-1
2017160201371,2,9,0,18,0,0,0,0,0,0,1,1,6,2,22,5,1398,1,2,-1,-1,-1
2017160201407,1,21,0,10,0,8,0,0,0,0,4,1,6,1,52,8,-1,-1,-1,1,1,1
2017160201407,2,9,0,18,0,1,0,0,0,0,1,1,2,2,25,5,1206,1,3,-1,-1,-1
2017160201421,1,9,0,18,0,0,0,0,0,0,1,1,6,3,-1,-1,-1,-1,-1,-1,-1,-1
2017160201454,1,9,0,18,0,2,0,0,0,0,1,1,6,2,28,6,1968,2,6,-1,-1,-1
2017160201487,1,9,0,18,0,0,0,10,1,9,3,1,5,1,68,10,1360,1,13,-1,-1,-1
2017160201487,2,9,0,13,0,0,0,0,0,0,4,1,5,1,32,6,1360,1,13,-1,-1,-1
2017160201488,1,19,0,18,0,0,0,0,0,0,1,1,6,1,47,8,1248,2,9,6,1,6
2017160201535,1,19,0,9,0,1,0,0,0,0,4,1,1,1,51,8,1997,2,-1,-1,-1,-1
2017160201535,2,9,0,18,0,1,1,0,0,0,4,1,2,2,48,8,1461,2,5,-1,-1,-1
2017160201535,3,19,0,18,0,1,0,0,0,0,4,1,1,1,46,8,1998,2,11,-1,-1,-1
2017160201546,1,3,0,18,0,4,0,0,0,0,1,1,6,2,19,4,125,1,-1,5,2,5
2017160201546,2,9,0,9,0,3,0,0,0,0,1,1,6,1,-1,-1,-1,-1,-1,-1,-1,-1
2017160201564,1,2,0,18,0,0,0,0,0,0,1,1,6,1,16,4,49,1,2,6,2,6
2017160201573,1,9,0,9,0,2,0,0,7,0,1,1,5,1,64,9,1798,2,5,-1,-1,-1
2017160201573,2,1,0,18,0,1,0,0,0,0,1,1,5,1,58,9,-1,-1,-1,-1,-1,-1
2017160201647,1,11,0,18,0,0,0,0,0,0,0,1,1,1,45,7,-1,2,8,-1,-1,-1
2017160201708,1,9,0,18,0,4,0,0,0,0,1,1,6,2,39,7,1686,2,5,-1,-1,-1
2017160201708,2,1,0,18,0,8,0,0,0,0,3,1,6,2,49,8,-1,-1,-1,1,1,1
2017160201985,1,9,0,18,0,1,0,0,0,0,1,1,5,1,41,7,1998,2,10,-1,-1,-1
2017160201985,2,9,0,9,0,6,0,0,0,0,1,1,6,1,-1,-1,1199,1,15,-1,-1,-1
2017160202107,1,9,0,9,0,1,0,0,0,0,1,1,6,3,-1,-1,-1,-1,-1,-1,-1,-1
2017160202107,2,9,0,18,0,1,0,0,0,0,1,1,2,2,62,9,1596,1,7,-1,-1,-1
2017160202194,1,9,0,4,0,1,0,0,0,0,1,1,5,1,38,7,1242,1,12,-1,-1,-1
2017160202194,2,19,0,4,0,1,0,0,0,0,2,1,2,1,40,7,1598,2,1,-1,-1,-1
2017160202314,1,9,0,10,0,4,0,0,0,0,2,1,5,2,22,5,-1,-1,-1,-1,-1,-1
2017160202314,2,9,0,18,0,4,0,0,0,0,1,1,5,1,24,5,1388,1,10,-1,-1,-1
2017160202364,1,9,0,9,0,1,0,0,0,0,4,1,1,2,46,8,1198,1,7,-1,-1,-1
2017160202364,2,1,0,18,0,1,0,0,0,0,1,1,6,2,38,7,-1,-1,-1,-1,-1,-1
2017160202407,1,9,0,9,0,6,0,0,0,0,1,1,6,2,40,7,1598,1,5,-1,-1,-1
2017160202407,2,9,0,18,0,8,0,0,0,0,1,1,6,1,53,8,1587,1,11,-1,-1,-1
2017160202431,1,9,0,9,0,2,0,0,0,0,1,1,6,1,-1,-1,1598,1,15,1,1,1
2017160202431,2,9,0,18,0,8,0,0,0,0,1,1,6,2,66,10,1598,2,5,9,1,9
2017160202576,1,9,0,18,0,1,0,0,0,0,1,1,6,1,27,6,1598,1,13,-1,-1,-1
2017160202630,1,5,0,18,0,8,0,0,0,0,1,1,5,1,25,5,690,1,3,-1,-1,-1
2017160202630,2,9,0,18,0,8,0,0,0,0,1,1,5,1,58,9,1991,2,8,-1,-1,-1
2017160202676,1,9,0,9,0,6,0,0,0,0,3,1,6,1,54,8,1598,2,1,-1,-1,-1
2017160202676,2,9,0,18,0,8,0,0,0,0,1,1,6,2,47,8,1598,1,11,-1,-1,-1
2017160202707,1,97,0,18,0,0,0,0,0,0,0,1,6,1,42,7,-1,-1,-1,-1,-1,-1
2017160202719,1,9,0,18,0,8,1,0,8,4,4,1,5,1,46,8,2993,2,1,-1,-1,-1
2017160203075,1,9,0,4,0,0,0,0,0,0,4,1,2,1,64,9,1560,2,2,-1,-1,-1
2017160203075,2,1,0,18,4,0,0,0,0,0,1,1,6,1,34,6,-1,-1,-1,-1,-1,-1
2017160203189,1,1,0,18,0,4,0,0,0,0,3,1,1,2,40,7,-1,-1,-1,-1,-1,-1
2017160203189,2,9,0,18,0,4,0,0,0,0,1,1,1,1,23,5,1910,2,10,-1,-1,-1
2017160203245,1,21,0,7,0,5,0,0,0,0,4,1,1,1,42,7,12777,2,-1,1,1,1
2017160203275,1,9,0,18,0,0,0,10,1,10,1,1,2,1,35,6,1686,2,13,-1,-1,-1
2017160203313,1,9,0,9,0,0,0,0,0,0,1,1,2,1,61,9,2183,2,7,-1,-1,-1
2017160203313,2,9,0,18,0,0,0,0,0,0,1,1,2,1,36,7,1199,1,15,-1,-1,-1
2017160203327,1,9,0,9,2,2,0,0,0,0,4,1,6,2,19,4,1242,1,7,-1,-1,-1
2017160203327,2,3,0,18,2,1,1,0,0,0,1,1,2,1,28,6,124,1,10,-1,-1,-1
2017160203361,1,9,0,9,0,6,0,0,0,0,1,1,5,2,52,8,1422,2,13,-1,-1,-1
2017160203668,1,9,0,18,0,1,0,0,0,0,1,1,6,1,74,10,1199,1,14,-1,-1,-1
2017160203668,2,9,0,3,0,1,0,0,0,0,2,1,6,1,28,6,1560,2,12,-1,-1,-1
2017160203704,1,11,0,9,0,8,0,0,0,0,3,1,1,2,44,7,3900,2,12,7,1,7
2017160203704,2,1,0,18,0,1,0,0,0,0,1,1,5,1,35,6,-1,-1,-1,8,3,8
2017160203713,1,9,0,18,0,0,0,0,0,0,1,1,6,2,23,5,1242,1,7,-1,-1,-1
2017160203713,2,1,0,18,0,0,0,0,0,0,1,1,6,1,68,10,-1,-1,-1,10,1,10
2017160203774,1,19,0,12,0,0,0,0,0,0,3,1,2,1,52,8,1560,2,-1,-1,-1,-1
2017160203774,2,5,0,4,0,0,0,0,0,0,4,1,2,1,36,7,998,1,9,-1,-1,-1
2017160203788,1,9,0,7,0,4,0,0,0,0,1,1,1,1,55,8,1686,2,5,-1,-1,-1
2017160203788,2,1,0,18,0,2,0,0,0,0,2,1,5,1,57,9,-1,-1,-1,1,1,1
2017160203825,1,9,0,9,0,6,0,0,0,0,3,1,2,1,51,8,1390,1,9,-1,-1,-1
2017160203825,2,9,0,17,0,1,0,0,0,0,1,1,5,2,34,6,1956,2,4,-1,-1,-1
2017160203925,1,9,0,18,0,8,1,0,0,0,1,1,5,2,47,8,1497,1,14,-1,-1,-1
2017160203925,2,9,0,18,0,8,0,0,0,0,1,1,5,2,46,8,1360,1,11,-1,-1,-1
2017160203946,1,9,0,9,0,1,0,0,0,0,2,1,1,1,60,9,1395,1,1,6,2,6
2017160203946,2,9,0,18,0,1,0,0,0,0,1,1,5,1,28,6,1598,1,15,-1,-1,-1
2017160204013,1,9,0,9,0,2,0,0,0,0,3,1,5,1,32,6,1686,2,8,-1,-1,-1
2017160204093,1,9,0,9,0,1,0,0,0,0,3,1,6,2,54,8,1200,1,2,-1,-1,-1
2017160204093,2,9,0,9,0,1,0,0,0,0,1,1,5,2,35,6,1997,2,3,-1,-1,-1
2017160204155,1,21,0,18,0,1,0,0,0,0,1,1,1,1,53,8,12809,2,4,-1,-1,-1
2017160204155,2,9,0,10,0,1,0,0,0,0,2,1,6,2,42,7,1248,1,1,-1,-1,-1
2017160204168,1,9,0,18,0,0,5,0,1,9,1,1,2,1,52,8,1998,8,3,-1,-1,-1
2017160204180,1,9,0,18,0,0,5,4,0,0,1,1,6,2,46,8,1591,1,3,-1,-1,-1
2017160204180,2,9,0,2,0,0,0,0,0,0,1,1,6,2,-1,-1,1461,2,2,-1,-1,-1
2017160204256,1,9,0,18,0,8,0,10,6,11,3,1,2,2,21,5,1388,1,6,-1,-1,-1
2017160204256,2,9,0,9,0,6,0,0,0,0,1,1,1,1,39,7,1598,2,1,-1,-1,-1
2017160204289,1,9,0,18,0,0,0,0,0,0,2,1,6,1,77,11,1596,1,12,-1,-1,-1
2017160204289,2,9,0,18,0,0,0,0,0,0,1,1,6,1,45,7,1910,2,10,-1,-1,-1
2017160204324,1,98,0,7,0,5,0,0,0,0,1,1,6,3,-1,-1,-1,-1,-1,-1,-1,-1
2017160204361,1,3,0,18,0,8,1,0,0,0,3,1,5,1,60,9,125,1,1,-1,-1,-1
2017160204401,1,9,0,18,0,0,0,0,0,0,1,1,6,3,-1,-1,-1,-1,-1,-1,-1,-1
2017160204401,2,1,0,18,0,0,0,0,0,0,2,1,6,1,17,4,-1,-1,-1,-1,-1,-1
2017160204457,1,9,0,18,0,0,0,0,0,0,3,1,1,2,25,5,1198,1,6,-1,-1,-1
2017160204457,2,9,0,11,0,0,0,0,0,0,4,1,6,3,17,4,1598,1,17,-1,-1,-1
2017160204608,1,9,0,9,0,5,0,0,0,0,4,1,5,1,53,8,998,1,17,-1,-1,-1
2017160204608,2,3,0,15,0,1,0,0,0,0,1,1,2,1,18,4,124,1,1,-1,-1,-1
2017160204608,3,9,0,4,0,1,0,0,0,0,0,1,6,1,26,6,1598,1,10,-1,-1,-1
2017160204672,1,11,0,18,0,0,0,0,0,0,4,1,1,3,-1,-1,9600,2,18,-1,-1,-1
2017160204808,1,9,0,8,0,1,0,0,0,0,4,1,5,1,53,8,2993,2,-1,-1,-1,-1
2017160204808,2,1,0,18,0,6,0,0,0,0,1,1,5,1,11,3,-1,-1,-1,-1,-1,-1
2017160204815,1,9,0,18,0,0,0,0,0,0,1,1,5,2,19,4,1242,1,3,-1,-1,-1
2017160204815,2,9,0,2,0,0,0,0,0,0,1,1,6,3,-1,-1,-1,-1,-1,-1,-1,-1
2017160204866,1,3,0,18,0,0,0,0,0,0,1,1,5,1,24,5,124,1,2,-1,-1,-1
2017160204866,2,9,0,2,0,0,0,0,0,0,2,1,6,3,-1,-1,-1,-1,-1,-1,-1,-1
2017160205047,1,9,0,9,0,8,0,0,0,0,1,1,6,3,-1,-1,-1,-1,-1,-1,-1,-1
2017160205047,2,1,0,9,0,8,0,0,0,0,2,1,6,1,53,8,-1,-1,-1,5,2,5
2017160205121,1,9,0,5,0,0,0,0,0,0,0,1,6,3,-1,-1,-1,-1,-1,-1,-1,-1
2017160205121,2,11,0,4,0,0,0,0,0,0,0,1,1,2,53,8,4461,2,3,-1,-1,-1
2017160205209,1,9,0,13,0,0,0,0,0,0,3,1,6,1,19,4,1896,2,8,-1,-1,-1
2017160205209,2,1,0,18,0,0,0,0,0,0,3,1,6,1,22,5,-1,-1,-1,-1,-1,-1
2017160205545,1,9,0,18,0,0,0,0,0,0,1,1,5,1,38,7,1998,1,9,-1,-1,-1
2017160205545,2,9,0,2,0,0,0,0,0,0,2,1,6,3,-1,-1,-1,-1,-1,-1,-1,-1
2017160205621,1,90,0,18,0,0,0,0,0,0,1,1,1,1,57,9,-1,-1,-1,-1,-1,-1
2017160205623,1,2,0,18,0,8,1,10,7,11,1,1,5,1,17,4,49,1,4,-1,-1,-1
2017160205623,2,9,0,18,0,8,0,0,0,0,1,1,5,2,21,5,1229,1,3,-1,-1,-1
2017160205672,1,9,0,9,0,5,0,0,7,0,0,1,5,2,20,4,1461,2,1,-1,-1,-1
2017160205672,2,5,0,9,0,5,2,10,7,0,3,1,5,1,31,6,599,1,19,-1,-1,-1
2017160205680,1,9,0,18,0,0,0,0,0,0,1,1,5,1,45,7,2143,2,5,-1,-1,-1
2017160205680,2,9,0,3,0,0,0,0,0,0,2,1,5,1,20,4,1560,2,5,-1,-1,-1
2017160205680,3,9,0,3,0,0,0,0,0,0,2,1,5,1,37,7,2179,2,3,-1,-1,-1
2017160205737,1,9,0,18,0,0,1,0,1,3,1,1,6,2,46,8,1461,2,7,-1,-1,-1
2017160205813,1,9,0,7,2,5,0,0,0,0,4,1,6,2,56,9,1400,1,10,-1,-1,-1
2017160205813,2,11,0,18,2,1,0,0,0,0,1,1,1,1,28,6,6700,2,5,-1,-1,-1
2017160205818,1,5,0,7,0,3,0,0,0,0,4,1,2,1,56,9,649,1,23,-1,-1,-1
2017160205818,2,9,0,18,0,8,0,0,0,0,3,1,5,1,41,7,1997,1,3,-1,-1,-1
2017160205933,1,9,0,2,0,2,0,0,0,0,1,1,6,1,57,9,1769,1,12,-1,-1,-1
2017160205933,2,9,0,1,0,1,0,0,0,0,2,1,6,1,37,7,1997,2,9,-1,-1,-1
2017160206016,1,11,0,4,0,1,0,0,0,0,0,1,1,1,47,8,8268,2,15,-1,-1,-1
2017160206103,1,9,0,1,0,0,0,10,1,0,0,1,6,2,43,7,1997,2,1,-1,-1,-1
2017160206150,1,9,0,2,0,0,0,0,0,0,3,1,5,1,66,10,1995,2,1,-1,-1,-1
2017160206150,2,1,0,14,0,0,0,0,0,0,1,1,5,1,68,10,-1,-1,-1,-1,-1,-1
2017160206212,1,19,0,18,0,0,0,0,0,0,2,1,1,2,63,9,2148,2,10,-1,-1,-1
2017160206212,2,21,0,18,0,0,0,0,0,0,1,1,1,1,31,6,10837,2,2,-1,-1,-1
2017160206324,1,21,0,18,0,0,0,0,0,0,1,1,1,1,-1,-1,-1,2,25,-1,-1,-1
2017160206324,2,19,0,18,0,0,0,0,0,0,1,1,1,1,30,6,1499,2,1,-1,-1,-1
2017160206343,1,2,0,18,0,1,0,0,0,0,1,1,6,2,25,5,49,1,2,-1,-1,-1
2017160206343,2,9,0,10,0,1,0,0,0,0,2,1,6,2,35,6,1596,1,14,-1,-1,-1
2017160206491,1,9,0,18,0,0,0,4,0,0,1,1,5,1,29,6,1124,1,13,-1,-1,-1
2017160206491,2,19,0,2,0,0,0,0,0,0,3,1,5,3,-1,-1,1560,2,4,-1,-1,-1
2017160206528,1,8,0,5,0,0,0,0,0,0,0,1,1,1,-1,-1,-1,-1,-1,-1,-1,-1
2017160206541,1,5,0,14,0,2,0,0,0,0,1,1,2,1,43,7,1441,1,4,-1,-1,-1
2017160206541,2,9,0,14,0,2,0,0,0,0,3,1,1,2,42,7,1328,1,10,-1,-1,-1
2017160206618,1,9,0,16,0,1,0,0,4,0,1,1,5,2,34,6,1560,2,2,-1,-1,-1
2017160206642,1,9,0,5,0,0,0,4,0,0,1,1,1,2,22,5,2143,2,4,7,2,7
2017160206642,2,9,0,3,0,0,0,4,2,0,2,1,6,2,43,7,-1,-1,-1,-1,-1,-1
2017160206642,3,9,0,3,0,0,0,0,0,0,2,1,6,2,33,6,2231,2,3,-1,-1,-1
2017160206695,1,9,0,18,0,0,0,0,0,0,3,1,6,3,-1,-1,-1,-1,-1,-1,-1,-1
2017160206695,2,1,0,18,0,0,0,0,0,0,1,1,6,1,58,9,-1,-1,-1,-1,-1,-1
2017160206811,1,3,0,4,0,1,1,0,0,0,3,1,5,1,37,7,124,1,2,-1,-1,-1
2017160206873,1,9,0,18,0,4,0,0,0,0,3,1,5,1,41,7,1796,1,11,-1,-1,-1
2017160206873,2,9,0,9,0,8,0,0,0,0,1,1,5,1,45,7,1499,2,1,-1,-1,-1
2017160206916,1,9,0,18,0,0,0,0,0,0,1,1,5,1,48,8,1598,2,7,-1,-1,-1
2017160206916,2,9,0,3,0,0,0,0,0,0,2,1,5,1,38,7,1956,2,7,-1,-1,-1
2017160206944,1,9,0,18,0,4,0,0,0,0,1,1,6,2,22,5,998,1,4,-1,-1,-1
2017160206944,2,8,0,18,0,8,0,0,0,0,4,1,1,1,63,9,1582,2,4,-1,-1,-1
2017160207061,1,9,0,18,0,4,0,0,0,0,1,1,5,1,64,9,2198,2,11,-1,-1,-1
2017160207061,2,1,0,18,0,8,0,0,0,0,4,1,6,2,56,9,-1,-1,-1,-1,-1,-1
2017160207076,1,9,0,18,0,3,0,0,0,0,1,1,6,3,-1,-1,-1,-1,-1,-1,-1,-1
2017160207079,1,9,0,18,0,0,0,0,0,0,1,1,5,1,87,11,1341,1,12,-1,-1,-1
2017160207079,2,9,0,2,0,0,0,0,0,0,3,1,6,3,-1,-1,1968,2,1,-1,-1,-1
2017160207096,1,19,0,18,0,0,0,10,2,10,1,1,6,1,64,9,2198,2,11,-1,-1,-1
2017160207391,1,9,0,13,0,0,0,0,0,0,0,1,6,3,-1,-1,-1,-1,-1,-1,-1,-1
2017160207391,2,1,0,18,0,0,0,0,0,0,0,1,6,2,37,7,-1,-1,-1,-1,-1,-1
2017160207426,1,4,0,4,0,1,0,0,0,0,0,1,5,1,32,6,293,1,5,-1,-1,-1
2017160207440,1,9,0,18,0,0,0,0,0,0,1,1,6,2,67,10,1596,1,6,10,2,10
2017160207440,2,9,0,3,0,0,0,0,0,0,2,1,6,2,55,8,998,1,4,-1,-1,-1
2017160207456,1,9,0,18,0,1,0,0,0,0,1,1,6,1,49,8,1586,1,12,-1,-1,-1
2017160207456,2,19,0,3,0,1,0,0,0,0,2,1,6,1,45,7,1560,2,1,-1,-1,-1
2017160207473,1,9,0,1,0,0,0,0,0,0,2,1,6,1,20,4,3200,2,13,-1,-1,-1
2017160207473,2,9,0,18,0,0,0,0,0,0,4,1,6,2,48,8,1896,2,13,-1,-1,-1
2017160207482,1,1,0,9,0,8,0,0,0,0,4,1,5,2,53,8,-1,-1,-1,-1,-1,-1
2017160207482,2,9,0,18,0,4,0,0,0,0,3,1,6,1,61,9,1956,2,2,-1,-1,-1
2017160207677,1,19,0,13,0,0,0,0,0,0,0,1,6,3,-1,-1,1968,2,1,-1,-1,-1
2017160207677,2,9,0,18,0,0,0,0,0,0,0,1,6,2,31,6,-1,-1,-1,-1,-1,-1
2017160207711,1,9,0,18,0,1,0,0,0,0,1,1,6,3,-1,-1,1368,1,5,-1,-1,-1
2017160207711,2,9,0,3,0,1,0,0,0,0,2,1,6,1,58,9,1598,1,11,-1,-1,-1
2017160207748,1,9,0,13,0,0,0,0,1,10,4,1,6,1,74,10,1596,1,8,-1,-1,-1
2017160207748,2,1,0,18,0,0,0,0,0,0,3,1,6,1,59,9,-1,-1,-1,-1,-1,-1
2017160207821,1,9,0,18,0,0,0,0,0,0,1,1,6,2,52,8,1364,1,2,-1,-1,-1
2017160207821,2,9,0,4,0,0,0,0,0,0,2,1,6,2,36,7,898,1,1,-1,-1,-1
2017160207867,1,9,0,16,0,0,0,0,1,9,1,1,6,1,37,7,1896,2,15,-1,-1,-1
2017160207924,1,4,0,18,0,0,1,0,0,0,4,1,6,1,42,7,143,1,40,-1,-1,-1
2017160207924,2,9,0,18,0,0,0,0,0,0,0,1,1,1,51,8,1686,2,3,-1,-1,-1
2017160207986,1,9,0,17,0,0,2,10,1,9,1,1,5,2,71,10,1596,1,13,-1,-1,-1
2017160208005,1,19,0,18,0,0,0,0,1,0,1,1,5,2,47,8,1461,2,3,-1,-1,-1
2017160208005,2,9,0,18,0,0,1,0,1,0,3,1,5,1,55,8,1749,1,16,-1,-1,-1
2017160208037,1,19,0,18,0,0,1,0,0,0,1,1,1,1,30,6,2143,2,4,-1,-1,-1
2017160208037,2,9,3,4,0,0,0,0,0,0,2,1,6,2,42,7,2494,2,2,-1,-1,-1
2017160208084,1,9,0,4,0,0,0,0,0,0,2,1,5,2,33,6,1560,2,8,-1,-1,-1
2017160208084,2,9,0,18,0,0,0,0,0,0,1,1,5,2,28,6,998,1,16,-1,-1,-1
2017160208137,1,9,0,18,0,0,0,0,0,0,2,1,5,2,27,6,1995,2,-1,4,3,4
2017160208137,2,9,0,18,0,0,0,0,0,0,1,1,5,1,55,8,1685,2,3,-1,-1,-1
2017160208137,3,9,0,18,0,0,0,0,0,0,1,1,5,2,44,7,1242,1,2,7,2,7
2017160208142,1,9,0,18,0,8,0,0,0,0,1,1,6,3,-1,-1,-1,-1,-1,-1,-1,-1
2017160208142,2,1,0,9,0,6,0,0,0,0,1,1,6,1,16,4,-1,-1,-1,-1,-1,-1
2017160208192,1,9,0,18,0,8,5,0,0,0,1,1,6,1,37,7,1997,2,12,1,1,1
2017160208192,2,9,0,7,0,6,0,0,0,0,1,1,6,1,47,8,2143,2,2,3,3,3
2017160208192,3,9,0,18,0,1,0,0,0,0,0,1,1,1,30,6,1560,2,1,2,1,2
2017160208234,1,-1,0,18,0,0,0,0,0,0,1,1,6,3,-1,-1,-1,-1,-1,-1,-1,-1
2017160208234,2,1,0,18,0,0,0,0,0,0,2,1,6,2,53,8,-1,-1,-1,-1,-1,-1
2017160208253,1,11,0,2,0,0,0,0,0,0,0,1,1,1,19,4,-1,-1,-1,-1,-1,-1
2017160208267,1,11,0,4,0,1,0,0,0,0,0,1,1,1,54,8,9360,2,8,-1,-1,-1
2017160208357,1,9,0,18,0,0,0,0,0,0,1,1,6,3,-1,-1,1199,2,3,-1,-1,-1
2017160208357,2,3,0,3,0,0,0,0,0,0,2,1,6,1,41,7,108,1,5,-1,-1,-1
2017160208382,1,9,0,18,0,2,0,0,0,0,1,1,6,3,-1,-1,1560,2,3,-1,-1,-1
2017160208382,2,4,0,18,0,2,0,0,5,0,4,1,5,1,61,9,278,1,1,-1,-1,-1
2017160208412,1,11,0,5,0,0,0,0,0,0,0,1,1,1,52,8,-1,-1,-1,-1,-1,-1
2017160208572,1,9,0,18,0,1,0,0,7,0,1,1,5,1,51,8,1896,2,12,-1,-1,-1
2017160208572,2,9,0,18,0,1,0,0,0,0,1,1,5,3,-1,-1,1388,1,12,-1,-1,-1
2017160208625,1,11,0,18,0,0,0,0,0,0,1,1,1,1,47,8,4461,2,3,-1,-1,-1
2017160208632,1,9,0,18,0,0,0,0,0,0,1,1,5,1,28,6,1598,1,15,-1,-1,-1
2017160208632,2,9,0,9,0,0,0,0,0,0,2,1,5,2,27,6,-1,-1,-1,6,3,6
2017160208670,1,9,0,18,0,0,0,0,1,0,1,1,1,1,55,8,-1,-1,-1,-1,-1,-1
2017160208670,2,9,0,18,0,0,0,0,1,0,2,1,6,2,46,8,1560,2,3,-1,-1,-1
2017160208670,3,9,0,17,0,0,0,0,0,0,2,1,6,1,73,10,998,1,4,-1,-1,-1
2017160208683,1,9,0,9,0,6,0,0,0,0,1,1,5,2,61,9,1587,1,11,-1,-1,-1
2017160208739,1,9,0,7,0,5,0,0,0,0,3,1,5,1,67,10,1198,1,2,-1,-1,-1
2017160208739,2,9,0,4,0,5,0,0,0,0,2,1,2,2,32,6,1149,1,6,-1,-1,-1
2017160208744,1,19,0,4,0,1,0,0,0,0,4,1,1,1,59,9,1560,2,2,-1,-1,-1
2017160208744,2,1,0,18,5,1,0,0,0,0,1,1,5,1,14,3,-1,-1,-1,-1,-1,-1
2017160208787,1,9,0,18,0,0,0,0,0,0,1,1,5,1,30,6,1984,1,1,-1,-1,-1
2017160208787,2,9,0,18,0,0,0,10,7,6,2,1,1,2,35,6,1149,1,15,-1,-1,-1
2017160208797,1,19,0,18,0,2,0,0,0,0,1,1,1,1,49,8,2148,2,8,-1,-1,-1
2017160208797,2,9,0,18,0,2,0,0,0,0,2,1,6,2,44,7,1124,1,16,-1,-1,-1
2017160208854,1,5,0,18,0,3,0,0,0,0,1,1,6,1,57,9,1000,1,9,-1,-1,-1
2017160208854,2,9,0,9,0,8,0,0,0,0,3,1,5,2,23,5,1386,1,12,-1,-1,-1
2017160208898,1,9,0,9,0,6,0,0,0,0,1,1,5,1,81,11,1461,2,3,-1,-1,-1