Accident_Index,Vehicle_Reference,Vehicle_Type,Towing_and_Articulation,Vehicle_Manoeuvre,Vehicle_Location-Restricted_Lane,Junction_Location,Skidding_and_Overturning,Hit_Object_in_Carriageway,Vehicle_Leaving_Carriageway,Hit_Object_off_Carriageway,1st_Point_of_Impact,Was_Vehicle_Left_Hand_Drive?,Journey_Purpose_of_Driver,Sex_of_Driver,Age_of_Driver,Age_Band_of_Driver,Engine_Capacity_(CC),Propulsion_Code,Age_of_Vehicle,Driver_IMD_Decile,Driver_Home_Area_Type,Vehicle_IMD_Decile
2017160208898,2,1,0,18,0,8,0,0,0,0,1,1,5,1,86,11,-1,-1,-1,-1,-1,-1
2017160208933,1,9,0,9,0,0,0,0,0,0,3,1,6,1,56,9,1988,2,12,-1,-1,-1
2017160208933,2,3,0,18,0,0,0,4,0,0,1,1,2,1,21,5,125,1,9,-1,-1,-1
2017160208991,1,20,0,12,0,8,0,0,0,0,3,1,1,1,61,9,-1,-1,-1,-1,-1,-1
2017160208991,2,9,0,15,0,8,0,0,0,0,1,1,6,1,71,10,2151,2,18,-1,-1,-1
2017160209099,1,9,0,9,0,6,0,0,0,0,1,1,5,1,28,6,1598,1,11,-1,-1,-1
2017160209099,2,9,0,18,0,2,1,0,0,0,3,1,5,2,61,9,1206,1,7,-1,-1,-1
2017160209117,1,9,0,9,0,2,0,0,0,0,0,1,5,2,63,9,1598,2,3,-1,-1,-1
2017160209933,1,9,0,7,0,8,0,0,0,0,1,1,5,1,70,10,1360,1,15,9,1,9
2017160209933,2,1,0,18,0,8,0,0,0,0,1,1,5,1,64,9,-1,-1,-1,9,1,9
2017160210029,1,9,0,18,0,1,0,0,0,0,1,1,6,3,34,6,1398,1,6,-1,-1,-1
2017160210029,2,19,0,5,0,6,0,0,0,0,2,1,6,1,37,7,1998,2,11,-1,-1,-1
2017160210072,1,3,0,14,0,1,1,0,0,0,1,1,6,1,48,8,124,1,1,-1,-1,-1
2017160210099,1,9,0,18,0,0,0,0,0,0,1,1,6,1,37,7,-1,-1,-1,-1,-1,-1
2017160210099,2,9,0,4,0,0,0,0,0,0,2,1,6,1,18,4,1197,1,2,-1,-1,-1
2017160210179,1,9,0,18,0,0,0,0,0,0,1,1,6,3,43,7,1599,1,14,-1,-1,-1
2017160210179,2,1,0,18,0,0,0,0,0,0,2,1,6,2,15,3,-1,-1,-1,-1,-1,-1
2017160210205,1,98,0,18,0,0,1,0,2,10,1,1,6,1,52,8,-1,-1,-1,-1,-1,-1
2017160210225,1,1,0,18,0,0,0,0,0,0,1,1,6,1,16,4,-1,-1,-1,-1,-1,-1
2017160210225,2,11,0,18,0,0,0,0,0,0,1,1,6,1,47,8,6700,2,6,-1,-1,-1
2017160210237,1,2,0,16,0,0,0,0,0,0,1,1,6,1,23,5,49,1,15,-1,-1,-1
2017160210252,1,19,0,7,0,5,0,0,0,0,1,1,1,1,30,6,1968,2,3,-1,-1,-1
2017160210286,1,9,0,12,0,1,0,0,0,0,1,1,6,2,71,10,1388,1,10,-1,-1,-1
2017160210286,2,9,0,3,0,1,0,0,0,0,2,1,5,2,42,7,1968,2,3,-1,-1,-1
2017160210449,1,9,0,7,0,6,0,0,0,0,1,1,6,1,40,7,1956,2,5,-1,-1,-1
2017160210449,2,1,0,18,0,8,0,0,0,0,1,1,6,2,62,9,-1,-1,-1,-1,-1,-1
2017160210457,1,9,0,17,0,0,1,10,2,0,1,1,5,2,25,5,1399,2,11,-1,-1,-1
2017160210515,1,9,0,18,0,1,0,4,0,0,1,1,6,1,27,6,1061,1,11,-1,-1,-1
2017160210515,2,9,0,2,0,2,0,4,0,0,1,1,5,3,-1,-1,1197,1,3,-1,-1,-1
2017160210515,3,9,0,2,0,2,0,0,0,0,1,1,5,3,-1,-1,-1,-1,-1,-1,-1,-1
2017160210541,1,9,0,18,0,0,5,0,7,9,1,1,5,1,45,7,-1,-1,-1,9,2,9
2017160210584,1,9,0,16,0,0,5,10,7,3,1,1,5,1,64,9,1124,1,7,-1,-1,-1
2017160210584,2,9,0,3,0,0,0,0,0,0,3,1,5,1,19,4,1390,1,7,-1,-1,-1
2017160210584,3,20,0,18,0,0,0,10,1,0,3,1,1,1,54,8,4116,2,13,-1,-1,-1
2017160210596,1,9,0,16,9,0,0,10,7,11,1,1,5,2,60,9,1560,2,8,-1,-1,-1
2017160210620,1,9,0,18,0,0,0,0,0,0,1,1,6,3,-1,-1,-1,-1,-1,-1,-1,-1
2017160210645,1,9,0,1,0,0,0,4,0,0,2,1,5,1,75,10,-1,-1,-1,-1,-1,-1
2017160210645,2,9,0,2,0,0,0,4,0,0,2,1,6,3,-1,-1,-1,-1,-1,-1,-1,-1
2017160210645,3,98,0,2,0,0,0,0,0,0,2,1,6,3,-1,-1,-1,-1,-1,-1,-1,-1
2017160210658,1,1,0,9,0,8,0,0,0,0,3,1,1,1,36,7,-1,-1,-1,-1,-1,-1
2017160210658,2,9,0,9,0,8,0,0,0,0,1,1,1,1,56,9,1242,1,15,-1,-1,-1
2017160210710,1,9,0,18,0,0,0,0,0,0,1,1,5,1,74,10,1997,2,15,7,3,7
2017160210710,2,9,0,18,0,0,0,0,0,0,1,1,6,1,53,8,2191,2,2,-1,-1,-1
2017160210796,1,9,0,18,0,0,0,10,1,10,1,1,6,1,24,5,1910,2,11,-1,-1,-1
2017160210922,1,9,0,14,0,0,0,0,0,0,4,1,5,2,30,6,1499,2,1,-1,-1,-1
2017160210922,2,97,0,18,0,0,0,0,0,0,1,1,6,1,25,5,-1,-1,-1,-1,-1,-1
2017160211025,1,9,3,18,0,0,2,0,0,0,4,1,6,1,68,10,1598,2,3,-1,-1,-1
2017160211025,2,21,1,18,0,0,0,0,0,0,1,1,1,1,34,6,10677,2,-1,4,1,4
2017160211025,3,21,1,18,0,0,0,0,0,0,1,1,1,1,61,9,10837,2,-1,-1,-1,-1
2017160211025,4,20,0,18,0,0,0,0,0,0,2,1,1,1,44,7,-1,2,14,-1,-1,-1
2017160211025,5,21,1,18,0,0,0,0,0,0,1,1,1,1,28,6,12740,2,4,-1,-1,-1
2017160211111,1,9,0,16,0,8,0,0,0,0,1,1,5,2,42,7,1598,1,13,6,3,6
2017160211111,2,21,4,17,0,8,0,0,0,0,3,1,1,1,30,6,12809,2,1,-1,-1,-1
2017160211238,1,9,0,2,4,0,0,0,0,0,3,1,1,1,41,7,1348,1,17,-1,-1,-1
2017160211238,2,1,0,18,0,0,0,8,0,0,1,1,5,1,40,7,-1,-1,-1,-1,-1,-1
2017160211359,1,9,0,7,0,1,0,0,0,0,1,1,1,1,61,9,1995,1,16,-1,-1,-1
2017160211359,2,1,0,18,0,1,0,0,0,0,1,1,6,2,24,5,-1,-1,-1,-1,-1,-1
2017160211401,1,1,0,9,0,3,0,0,0,0,1,1,5,1,38,7,-1,-1,-1,-1,-1,-1
2017160211401,2,3,0,18,0,4,0,0,0,0,3,1,5,1,27,6,124,1,4,-1,-1,-1
2017160211465,1,9,0,18,0,0,0,4,0,0,1,1,2,2,23,5,1229,1,1,-1,-1,-1
2017160211465,2,9,0,2,0,0,0,0,0,0,3,1,6,3,-1,-1,-1,-1,-1,-1,-1,-1
2017160211502,1,21,0,7,0,8,0,0,0,0,2,1,1,1,53,8,12777,2,4,-1,-1,-1
2017160211502,2,9,0,18,0,1,0,0,0,0,1,1,2,1,38,7,1364,1,1,-1,-1,-1
2017160211555,1,9,0,18,0,8,0,0,0,0,1,1,5,1,91,11,1399,2,5,-1,-1,-1
2017160211555,2,9,0,9,0,8,0,0,0,0,4,1,5,2,65,9,1956,2,4,-1,-1,-1
2017160211646,1,9,0,9,0,8,0,0,0,0,0,1,6,1,46,8,-1,-1,-1,-1,-1,-1
2017160211646,2,9,0,18,0,4,0,0,0,0,0,1,6,2,37,7,1968,2,10,-1,-1,-1
2017160211723,1,9,0,18,0,0,0,0,0,0,1,1,6,2,46,8,999,1,1,-1,-1,-1
2017160211742,1,9,0,18,0,0,0,0,0,0,4,1,6,1,84,11,998,1,12,-1,-1,-1
2017160211742,2,1,0,18,0,0,0,0,0,0,1,1,6,2,78,11,-1,-1,-1,-1,-1,-1
2017160211759,1,9,0,18,0,4,0,0,0,0,1,1,5,1,68,10,1997,2,13,-1,-1,-1
2017160211759,2,9,0,3,0,4,0,0,0,0,2,1,5,1,71,10,1598,1,7,-1,-1,-1
2017160211759,3,9,0,3,0,4,0,0,0,0,2,1,5,2,70,10,1395,1,1,-1,-1,-1
2017160211768,1,9,0,18,0,0,0,0,0,0,1,1,6,2,41,7,1248,2,9,-1,-1,-1
2017160211768,2,9,0,18,0,0,0,0,1,10,1,1,6,1,55,8,1197,1,1,-1,-1,-1
2017160211828,1,19,0,18,0,0,0,10,1,0,1,1,1,1,42,7,2198,2,1,-1,-1,-1
2017160211828,2,1,0,18,0,0,0,0,0,0,2,1,6,1,11,3,-1,-1,-1,-1,-1,-1
2017160211831,1,1,0,18,0,8,0,0,0,0,0,1,1,1,38,7,-1,-1,-1,-1,-1,-1
2017160211831,2,9,0,9,0,6,0,0,0,0,4,1,6,2,46,8,1332,1,9,-1,-1,-1
2017160211852,1,9,0,18,0,1,0,0,1,11,1,1,5,2,50,8,1598,1,2,-1,-1,-1
2017160211873,1,3,0,15,4,1,1,4,0,0,1,1,2,1,36,7,98,1,25,-1,-1,-1
2017160211873,2,9,0,3,0,1,0,0,0,0,0,1,5,1,67,10,1796,1,1,-1,-1,-1
2017160211873,3,9,0,2,0,1,0,0,0,0,3,1,6,3,34,6,1598,1,2,-1,-1,-1
2017160212098,1,19,4,11,0,2,0,0,1,0,4,1,1,1,31,6,2299,2,4,-1,-1,-1
2017160212098,2,5,0,15,0,2,0,10,2,0,3,1,5,1,44,7,996,1,17,-1,-1,-1
2017160212125,1,9,0,4,0,1,0,0,0,0,2,1,5,1,31,6,1149,1,14,-1,-1,-1
2017160212125,2,9,0,18,0,1,0,0,0,0,1,1,5,2,30,6,1596,1,5,-1,-1,-1
2017160212173,1,19,0,18,0,0,0,0,0,0,4,1,5,1,51,8,1598,2,2,-1,-1,-1
2017160212280,1,9,0,6,0,0,0,0,0,0,1,1,1,2,31,6,1686,2,4,-1,-1,-1
2017160212280,2,9,0,18,0,0,0,0,0,0,4,1,5,1,54,8,1390,1,12,-1,-1,-1
2017160212313,1,9,0,18,0,1,0,4,1,3,1,1,5,1,29,6,1596,1,2,-1,-1,-1
2017160212313,2,9,0,2,0,2,0,0,0,0,4,1,6,3,-1,-1,-1,-1,-1,-1,-1,-1
2017160212389,1,17,0,18,0,0,0,0,0,0,4,1,1,1,70,10,-1,2,3,8,3,8
2017160212389,2,1,0,4,0,0,0,0,0,0,3,1,5,1,56,9,-1,-1,-1,-1,-1,-1
2017160212474,1,21,0,18,0,0,0,0,0,0,3,1,1,1,46,8,11705,2,9,-1,-1,-1
2017160212474,2,9,0,18,0,0,0,0,8,7,4,1,2,1,36,7,1349,1,10,-1,-1,-1
2017160212482,1,9,0,4,0,0,0,0,0,0,2,1,5,2,38,7,2987,2,4,-1,-1,-1
2017160212482,2,9,0,5,0,0,0,0,0,0,1,1,5,2,26,6,1149,1,17,-1,-1,-1
2017160212546,1,9,0,9,0,8,0,0,0,0,1,1,2,1,27,6,1596,1,7,-1,-1,-1
2017160212546,2,9,0,17,0,8,0,0,0,0,4,1,2,2,60,9,1997,2,5,-1,-1,-1
2017160212587,1,9,0,18,0,1,0,0,0,0,1,1,5,1,30,6,-1,-1,-1,-1,-1,-1
2017160212607,1,9,0,18,0,1,0,0,0,0,4,1,2,2,32,6,1995,2,1,3,3,3
2017160212607,2,1,0,5,0,1,0,0,0,0,1,1,1,2,43,7,-1,-1,-1,-1,-1,-1
2017160212660,1,19,0,14,0,0,0,0,0,0,3,1,5,1,65,9,1998,2,12,-1,-1,-1
2017160212660,2,19,0,18,0,0,0,0,0,0,4,1,5,1,23,5,1598,2,5,-1,-1,-1
2017160212692,1,9,0,18,0,0,2,0,4,6,1,1,5,1,60,9,998,1,3,-1,-1,-1
2017160212692,2,21,0,18,0,0,0,0,0,0,2,1,1,1,35,6,11946,2,6,-1,-1,-1
2017160212707,1,9,0,18,0,1,0,0,0,0,1,1,5,1,56,9,1364,1,7,-1,-1,-1
2017160212707,2,9,0,9,0,1,0,0,0,0,1,1,6,3,-1,-1,1995,2,14,-1,-1,-1
2017160212710,1,9,0,18,0,1,0,0,0,0,1,1,6,1,61,9,-1,-1,-1,4,3,4
2017160212710,2,9,0,9,0,6,0,0,0,0,1,1,6,1,40,7,1395,1,-1,-1,-1,-1
2017160212741,1,9,0,18,0,1,0,0,0,0,3,1,6,2,63,9,1329,1,5,-1,-1,-1
2017160212741,2,1,0,18,0,1,0,0,0,0,1,1,5,2,54,8,-1,-1,-1,-1,-1,-1
2017160212808,1,9,0,18,0,0,0,0,0,0,1,1,5,2,42,7,1598,1,10,-1,-1,-1
2017160212940,1,9,0,18,0,1,0,0,1,10,1,1,5,1,21,5,1968,2,8,-1,-1,-1
2017160212940,2,9,0,18,0,2,0,0,0,0,0,1,5,2,54,8,1364,1,2,-1,-1,-1
2017160212965,1,9,0,11,0,0,0,0,0,0,1,1,6,3,-1,-1,-1,-1,-1,-1,-1,-1
2017160212965,2,9,0,18,0,0,0,0,1,0,1,1,6,1,79,11,1199,1,13,-1,-1,-1
2017160213010,1,9,0,18,0,8,0,0,0,0,3,1,5,2,69,10,1329,1,7,-1,-1,-1
2017160213010,2,9,0,9,0,8,1,0,7,0,3,1,2,1,35,6,3000,2,16,-1,-1,-1
2017160213082,1,9,0,18,0,0,0,0,0,0,3,1,1,1,67,10,2198,1,13,-1,-1,-1
2017160213082,2,9,0,14,0,0,0,0,0,0,3,1,6,2,50,8,1896,2,14,-1,-1,-1
2017160213216,1,9,0,14,0,8,0,0,0,0,1,1,2,2,52,8,2926,2,15,-1,-1,-1
2017160213525,1,9,0,4,0,1,0,0,0,0,4,1,2,2,54,8,2521,1,9,-1,-1,-1
2017160213525,2,1,0,18,0,6,0,0,0,0,1,1,5,1,16,4,-1,-1,-1,-1,-1,-1
2017160213526,1,2,0,18,0,8,0,0,0,0,1,1,5,1,16,4,49,1,6,-1,-1,-1
2017160213526,2,9,0,9,0,6,0,0,0,0,3,1,6,2,19,4,1461,2,-1,-1,-1,-1
2017160213604,1,10,0,18,0,0,0,0,0,0,1,1,6,1,43,7,-1,-1,-1,-1,-1,-1
2017160213604,2,9,0,18,0,0,0,0,0,0,2,1,6,2,46,8,998,1,6,-1,-1,-1
2017160213636,1,9,0,18,0,6,0,0,0,0,1,1,6,1,32,6,1968,2,14,-1,-1,-1
2017160213636,2,9,0,18,0,8,0,0,0,0,1,1,6,2,25,5,-1,-1,-1,-1,-1,-1
2017160213657,1,9,0,18,0,0,0,0,0,0,1,1,6,3,-1,-1,-1,-1,-1,-1,-1,-1
2017160213685,1,-1,0,6,0,0,0,0,0,0,1,1,6,3,-1,-1,-1,-1,-1,-1,-1,-1
2017160213685,2,1,0,18,0,0,0,0,0,0,1,1,6,1,44,7,-1,-1,-1,-1,-1,-1
2017160213718,1,9,0,18,0,1,0,0,0,0,1,1,6,2,34,6,1685,2,4,-1,-1,-1
2017160213718,2,9,0,3,0,1,0,0,0,0,2,1,6,3,-1,-1,1248,2,3,-1,-1,-1
2017160213745,1,9,0,18,0,0,0,0,0,0,1,1,6,1,26,6,1781,1,14,-1,-1,-1
2017160213745,2,9,0,4,0,0,0,0,0,0,2,1,6,2,44,7,1783,1,15,-1,-1,-1
2017160214114,1,9,0,18,0,0,0,0,1,0,1,1,5,1,24,5,1199,1,16,-1,-1,-1
2017160214168,1,2,0,16,0,0,0,10,7,1,1,1,5,2,34,6,49,1,13,-1,-1,-1
2017160214168,2,9,0,17,0,0,0,0,0,0,0,1,6,1,52,8,2776,2,14,-1,-1,-1
2017160214213,1,9,0,13,0,0,0,0,0,0,1,1,6,3,-1,-1,-1,-1,-1,-1,-1,-1
2017160214213,2,1,0,18,0,0,0,0,0,0,2,1,6,1,11,3,-1,-1,-1,-1,-1,-1
2017160214250,1,19,0,18,0,1,0,0,0,0,1,1,1,1,30,6,1560,2,3,-1,-1,-1
2017160214262,1,9,0,9,0,5,0,0,0,0,4,1,5,1,40,7,1598,1,4,-1,-1,-1
2017160214262,2,2,0,18,0,8,0,0,0,0,1,1,2,1,19,4,49,1,7,-1,-1,-1
2017160214290,1,8,0,9,0,5,0,0,0,0,3,1,1,1,26,6,1790,8,7,-1,-1,-1
2017160214290,2,5,0,13,0,1,1,10,7,0,3,1,5,1,29,6,749,1,2,-1,-1,-1
2017160214299,1,9,0,18,0,0,0,0,0,0,1,1,6,1,24,5,1595,1,4,-1,-1,-1
2017160214308,1,9,0,17,0,0,0,0,1,0,1,1,5,2,18,4,1299,1,11,9,3,9
2017160214319,1,9,0,9,0,5,0,0,0,0,4,1,6,3,-1,-1,-1,-1,-1,-1,-1,-1
2017160214319,2,9,0,18,0,8,0,0,0,0,1,1,6,1,59,9,1753,2,7,-1,-1,-1
2017160214349,1,9,0,17,0,0,5,0,1,10,1,1,6,1,80,11,1586,1,11,9,2,9
2017160214366,1,9,0,18,0,0,5,0,1,0,1,1,5,1,28,6,1910,2,10,1,1,1
2017160214377,1,9,0,18,0,0,0,0,0,0,1,1,6,3,-1,-1,1124,1,11,-1,-1,-1
2017160214377,2,9,0,18,0,0,0,0,0,0,2,1,6,1,25,5,1149,1,12,-1,-1,-1
2017160214379,1,8,0,13,0,2,0,0,0,0,4,1,6,3,-1,-1,-1,-1,-1,-1,-1,-1
2017160214379,2,1,0,18,0,2,0,0,0,0,3,1,2,1,57,9,-1,-1,-1,-1,-1,-1
2017160214446,1,1,0,18,0,2,0,0,0,0,1,1,2,1,40,7,-1,-1,-1,-1,-1,-1
2017160214446,2,9,0,18,5,7,0,0,0,0,1,1,6,1,56,9,2435,1,15,-1,-1,-1
2017160214503,1,9,0,9,0,1,0,0,0,0,1,1,5,2,35,6,1753,2,14,-1,-1,-1
2017160214503,2,3,0,9,0,1,0,0,0,0,1,1,5,1,20,4,125,1,3,-1,-1,-1
2017160214524,1,9,0,4,0,0,1,0,0,0,1,1,6,2,31,6,1598,2,6,-1,-1,-1
2017160214524,2,9,0,3,0,0,0,0,0,0,2,1,5,2,51,8,1896,2,13,-1,-1,-1
2017160214567,1,9,0,18,0,8,0,0,0,0,3,1,5,1,20,4,1896,2,12,-1,-1,-1
2017160214567,2,1,0,18,0,8,0,0,0,0,0,1,5,1,28,6,-1,-1,-1,-1,-1,-1
2017160214609,1,3,0,17,0,0,1,4,0,0,1,1,5,1,37,7,125,1,11,-1,-1,-1
2017160214609,2,98,0,18,0,0,0,0,0,0,1,1,6,1,-1,-1,-1,-1,-1,-1,-1,-1
2017160214609,3,9,0,2,0,0,0,0,0,0,3,1,6,1,30,6,1364,1,11,-1,-1,-1
2017160214614,1,5,0,17,0,0,0,0,1,0,3,1,6,1,54,8,1215,1,3,-1,-1,-1
2017160214655,1,9,0,5,2,0,0,0,0,0,1,1,6,2,57,9,1397,1,13,-1,-1,-1
2017160214655,2,9,0,18,0,0,0,4,0,0,4,1,6,1,64,9,1995,2,5,-1,-1,-1
2017160214701,1,9,0,3,0,0,0,0,0,0,2,1,6,2,35,6,1560,2,8,6,3,6
2017160214701,2,9,0,4,0,0,0,0,0,0,1,1,6,1,23,5,1968,2,9,4,1,4
2017160214760,1,9,0,1,9,0,0,10,7,11,2,1,6,2,79,11,1587,1,10,-1,-1,-1
2017160214783,1,5,0,17,0,0,1,11,1,0,1,1,6,1,27,6,899,1,17,-1,-1,-1
2017160214890,1,9,0,18,0,2,0,0,0,0,3,1,2,1,20,4,998,1,4,-1,-1,-1
2017160214908,1,9,0,18,0,1,0,0,0,0,1,1,6,1,36,7,-1,-1,-1,-1,-1,-1
2017160214908,2,9,0,7,0,2,0,0,1,4,1,1,6,1,67,10,1986,2,12,5,3,5
2017160214908,3,9,0,10,0,1,0,0,0,0,0,1,6,1,44,7,2143,2,-1,6,1,6
2017160214908,4,9,0,4,0,1,0,0,0,0,0,1,6,1,63,9,2290,1,17,-1,-1,-1
2017160214940,1,9,0,15,0,0,0,0,0,0,4,1,1,1,50,8,1248,2,-1,-1,-1,-1
2017160214940,2,9,0,18,0,0,0,0,0,0,1,1,6,1,60,9,2979,1,12,-1,-1,-1
2017160214975,1,8,0,1,0,6,0,0,0,0,2,1,1,2,75,10,1598,2,6,-1,-1,-1
2017160215089,1,1,0,18,0,0,0,0,0,0,4,1,6,1,47,8,-1,-1,-1,9,1,9
2017160215117,1,9,0,7,0,6,0,0,0,0,3,1,5,1,38,7,1499,1,11,-1,-1,-1
2017160215117,2,1,0,18,0,1,0,0,0,0,1,1,5,1,25,5,-1,-1,-1,-1,-1,-1
2017160215450,1,9,0,5,0,0,0,0,0,0,1,1,6,1,35,6,1956,2,2,-1,-1,-1
2017160215450,2,9,0,2,0,0,0,0,0,0,1,1,6,3,-1,-1,-1,-1,-1,-1,-1,-1
2017160215483,1,9,0,18,0,0,0,0,0,0,1,1,5,1,37,7,2969,2,10,-1,-1,-1
2017160215483,2,9,0,18,0,0,0,0,0,0,2,1,5,1,23,5,1364,1,11,-1,-1,-1
2017160215483,3,9,0,18,0,0,0,0,0,0,2,1,5,1,39,7,1910,2,12,-1,-1,-1
2017160215539,1,11,0,16,0,4,0,0,0,0,1,1,1,1,47,8,7300,2,12,-1,-1,-1
2017160215539,2,19,0,16,0,3,0,0,0,0,2,1,2,1,47,8,1753,2,11,-1,-1,-1
2017160215539,3,9,0,16,0,3,0,0,0,0,2,1,2,1,28,6,-1,-1,-1,-1,-1,-1
2017160215571,1,9,0,18,0,0,0,0,0,0,3,1,6,1,34,6,1229,1,2,-1,-1,-1
2017160215571,2,9,0,18,0,0,0,0,0,0,3,1,6,3,-1,-1,1598,1,4,-1,-1,-1
2017160215654,1,9,0,18,0,0,5,0,1,10,1,1,6,1,52,8,1598,1,12,-1,-1,-1
2017160215791,1,9,0,9,0,8,0,0,0,0,4,1,6,1,60,9,1951,2,15,-1,-1,-1
2017160215791,2,5,0,18,0,8,0,0,1,10,1,1,2,1,44,7,781,1,18,-1,-1,-1
2017160215806,1,9,0,9,0,8,0,0,0,0,1,1,6,2,45,7,1360,1,7,-1,-1,-1
2017160215806,2,9,0,18,0,8,0,0,0,0,1,1,5,1,32,6,1339,1,11,-1,-1,-1
2017160215869,1,9,0,18,0,0,0,0,0,0,1,1,6,1,34,6,1598,2,2,-1,-1,-1
2017160215869,2,4,0,18,0,0,0,0,0,0,2,1,6,1,50,8,278,1,1,-1,-1,-1
2017160215872,1,9,0,16,0,0,5,0,1,0,2,1,6,1,23,5,1598,1,13,5,3,5
2017160215923,1,9,0,18,0,0,2,0,8,7,1,1,5,1,28,6,998,1,15,-1,-1,-1
2017160215937,1,9,0,16,0,0,1,0,1,9,1,1,6,1,52,8,1598,1,10,-1,-1,-1
2017160215937,2,8,0,17,0,0,0,0,0,0,1,1,6,1,36,7,-1,-1,-1,-1,-1,-1
2017160215990,1,9,0,18,0,1,0,0,0,0,1,1,2,2,62,9,1686,2,6,-1,-1,-1
2017160215990,2,9,0,9,0,5,0,0,0,0,1,1,6,3,-1,-1,1560,2,10,-1,-1,-1
2017160215993,1,9,0,18,0,8,0,0,0,0,4,1,6,1,34,6,1339,1,11,-1,-1,-1
2017160215993,2,9,0,18,0,6,0,0,0,0,1,1,6,1,33,6,1968,2,4,-1,-1,-1
2017160215995,1,1,0,7,0,6,0,0,0,0,1,1,6,1,73,10,-1,-1,-1,1,1,1
2017160215995,2,9,0,18,0,8,0,0,0,0,4,1,6,1,67,10,1995,2,2,4,1,4
2017160216022,1,5,0,18,0,8,0,0,0,0,1,1,6,1,22,5,689,1,2,-1,-1,-1
2017160216022,2,9,0,9,0,6,0,0,0,0,1,1,6,1,61,9,1796,1,2,-1,-1,-1
2017160216031,1,8,0,18,0,0,0,0,0,0,3,1,1,1,34,6,1910,2,8,-1,-1,-1
2017160216052,1,9,0,18,0,0,0,0,0,0,1,1,6,1,49,8,1781,1,17,-1,-1,-1
2017160216082,1,9,0,18,0,0,0,0,0,0,1,1,5,2,46,8,1198,1,5,-1,-1,-1
2017160216107,1,11,0,18,0,0,0,0,0,0,0,1,1,1,57,9,4500,2,10,-1,-1,-1
2017160216262,1,21,0,18,0,0,5,0,1,0,1,1,1,1,68,10,12809,2,1,-1,-1,-1
2017160216262,2,9,0,4,0,0,0,0,0,0,2,1,5,2,41,7,-1,-1,-1,-1,-1,-1
2017160216305,1,9,0,10,0,6,0,0,0,0,1,1,6,1,31,6,1598,1,6,-1,-1,-1
2017160216305,2,9,0,9,0,5,0,0,0,0,1,1,6,1,60,9,1461,2,14,-1,-1,-1
2017160216305,3,19,0,18,0,1,0,0,1,0,1,1,6,1,37,7,1997,2,9,-1,-1,-1
2017160216379,1,9,0,18,0,2,0,0,0,0,4,1,5,2,58,9,1395,1,1,-1,-1,-1
2017160216387,1,9,0,7,0,4,0,0,0,0,1,1,6,1,40,7,1242,1,6,6,1,6
2017160216387,2,9,0,7,0,4,0,0,0,0,2,1,6,2,66,10,998,1,4,6,1,6
2017160216437,1,-1,0,18,0,0,0,0,0,0,1,1,6,3,-1,-1,-1,-1,-1,-1,-1,-1
2017160216470,1,9,0,18,0,2,0,0,0,0,1,1,5,1,18,4,1586,1,5,-1,-1,-1
2017160216470,2,9,0,18,0,2,0,0,0,0,2,1,1,1,60,9,4367,2,6,8,1,8
2017160216470,3,9,0,18,0,2,0,0,0,0,2,1,5,1,70,10,1499,2,2,-1,-1,-1
2017160216649,1,8,0,18,0,0,0,0,0,0,1,1,1,1,59,9,1997,2,7,5,1,5
2017160216691,1,9,0,7,0,4,0,0,0,0,1,1,2,1,34,6,1598,2,2,-1,-1,-1
2017160216691,2,1,0,18,0,8,0,0,0,0,1,1,2,1,51,8,-1,-1,-1,-1,-1,-1
2017160216745,1,9,0,18,0,2,0,0,0,0,1,1,6,3,18,4,1398,1,-1,-1,-1,-1
2017160216747,1,9,0,18,0,0,1,0,0,0,3,1,5,1,51,8,3800,1,4,-1,-1,-1
2017160216747,2,9,0,18,0,0,1,7,5,6,4,1,5,1,52,8,5400,1,7,4,2,4
2017160216813,1,9,0,5,0,0,0,0,0,0,4,1,6,2,52,8,996,1,6,-1,-1,-1
2017160216813,2,1,0,18,0,0,0,0,0,0,3,1,2,2,59,9,-1,-1,-1,-1,-1,-1
2017160216827,1,9,0,18,0,0,0,0,0,0,1,1,1,2,67,10,-1,-1,-1,-1,-1,-1
2017160216863,1,9,0,3,0,1,0,0,0,0,2,1,6,2,32,6,1398,1,3,-1,-1,-1
2017160216863,2,9,0,18,0,1,0,0,0,0,1,1,6,1,27,6,1995,2,9,-1,-1,-1
2017160216893,1,9,0,18,0,1,0,0,0,0,1,1,6,1,43,7,1995,2,9,-1,-1,-1
2017160216893,2,9,0,8,0,1,0,0,0,0,2,1,6,2,30,6,1598,1,5,-1,-1,-1
2017160216910,1,9,0,18,0,1,1,0,7,9,1,1,6,1,82,11,1798,2,2,-1,-1,-1
2017160216910,2,9,0,18,0,8,1,0,0,0,3,1,5,1,65,9,1968,2,5,-1,-1,-1
2017160216926,1,9,0,9,0,0,0,0,0,0,1,1,6,1,-1,-1,1229,1,9,-1,-1,-1
2017160216926,2,1,0,18,0,0,0,0,0,0,1,1,6,1,42,7,-1,-1,-1,-1,-1,-1
2017160216959,1,9,0,1,0,0,0,0,0,0,2,1,6,2,41,7,1200,1,3,-1,-1,-1
2017160216984,1,19,0,1,0,0,0,0,0,0,2,1,6,1,34,6,2143,2,3,-1,-1,-1
2017160216984,2,9,0,18,0,0,0,0,0,0,1,1,6,2,27,6,1388,1,11,-1,-1,-1
2017160217004,1,9,0,18,0,0,0,0,2,10,1,1,1,1,24,5,1240,1,7,-1,-1,-1