Accident_Index,Vehicle_Reference,Vehicle_Type,Towing_and_Articulation,Vehicle_Manoeuvre,Vehicle_Location-Restricted_Lane,Junction_Location,Skidding_and_Overturning,Hit_Object_in_Carriageway,Vehicle_Leaving_Carriageway,Hit_Object_off_Carriageway,1st_Point_of_Impact,Was_Vehicle_Left_Hand_Drive?,Journey_Purpose_of_Driver,Sex_of_Driver,Age_of_Driver,Age_Band_of_Driver,Engine_Capacity_(CC),Propulsion_Code,Age_of_Vehicle,Driver_IMD_Decile,Driver_Home_Area_Type,Vehicle_IMD_Decile
2017160217004,2,9,0,18,0,0,0,0,4,6,1,1,2,1,33,6,1686,2,3,-1,-1,-1
2017160217004,3,21,0,18,0,0,0,0,0,0,2,1,1,2,37,7,12740,2,2,-1,-1,-1
2017160217346,1,9,0,3,0,0,0,0,0,0,1,1,6,1,45,7,1986,2,11,2,1,2
2017160217346,2,9,0,4,0,0,0,0,0,0,2,1,6,2,38,7,1596,1,7,7,1,7
2017160217370,1,1,0,18,0,8,0,0,0,0,1,1,2,1,53,8,-1,-1,-1,7,1,7
2017160217370,2,9,0,18,0,8,0,0,0,0,1,1,6,1,-1,-1,-1,-1,-1,-1,-1,-1
2017160217422,1,11,0,18,0,0,0,0,0,0,0,1,1,1,42,7,-1,-1,-1,-1,-1,-1
2017160217451,1,9,0,18,0,2,0,0,0,0,1,1,6,3,-1,-1,-1,-1,-1,-1,-1,-1
2017160217451,2,1,0,18,0,8,0,10,1,11,1,1,6,1,25,5,-1,-1,-1,-1,-1,-1
2017160217593,1,11,0,4,0,0,0,0,0,0,0,1,1,1,38,7,-1,-1,-1,-1,-1,-1
2017160217679,1,9,0,9,0,5,0,0,0,0,3,1,5,1,52,8,1422,2,13,-1,-1,-1
2017160217679,2,3,0,13,0,8,0,0,0,0,1,1,5,1,18,4,124,1,4,-1,-1,-1
2017160217681,1,5,0,18,0,6,0,0,0,0,1,1,6,1,50,8,647,1,16,7,1,7
2017160217681,2,9,0,10,0,6,0,0,0,0,1,1,6,2,27,6,1198,1,5,5,1,5
2017160217713,1,9,0,18,0,0,0,10,1,7,1,1,5,2,19,4,1000,1,2,-1,-1,-1
2017160217713,2,9,0,18,0,0,0,10,1,10,3,1,6,1,58,9,2179,2,4,-1,-1,-1
2017160217757,1,9,0,14,0,2,1,0,0,0,1,1,5,1,20,4,1242,1,7,-1,-1,-1
2017160217757,2,9,0,14,0,1,0,0,0,0,1,1,2,1,24,5,1396,2,-1,-1,-1,-1
2017160217757,3,9,0,2,0,1,0,0,0,0,3,1,5,3,31,6,1388,1,13,-1,-1,-1
2017160217798,1,9,0,7,0,6,0,0,0,0,1,1,6,2,83,11,1299,1,11,-1,-1,-1
2017160217798,2,9,0,18,0,1,0,0,0,0,3,1,6,1,55,8,1769,1,14,-1,-1,-1
2017160217816,1,1,0,18,0,0,0,0,0,0,1,1,6,1,20,4,-1,-1,-1,5,1,5
2017160217816,2,9,0,18,0,0,0,0,0,0,2,1,6,2,30,6,1590,1,13,-1,-1,-1
2017160217835,1,9,0,7,0,0,1,10,7,3,1,1,5,1,18,4,1598,1,9,-1,-1,-1
2017160217876,1,98,1,9,0,8,0,0,0,0,3,1,1,1,45,7,-1,-1,-1,-1,-1,-1
2017160217876,2,9,0,18,0,8,5,10,7,1,4,1,5,2,56,9,2179,2,10,-1,-1,-1
2017160218151,1,9,0,18,0,1,0,0,0,0,4,1,1,1,25,5,1339,1,12,-1,-1,-1
2017160218151,2,1,0,16,0,6,0,0,0,0,1,1,2,1,27,6,-1,-1,-1,-1,-1,-1
2017160218179,1,17,4,4,0,1,1,0,0,0,1,1,1,1,27,6,-1,-1,-1,3,3,3
2017160218179,2,9,0,4,0,1,0,0,0,0,2,1,6,1,50,8,1798,1,10,-1,-1,-1
2017160218179,3,9,0,4,0,1,0,0,0,0,2,1,6,2,31,6,1618,1,-1,-1,-1,-1
2017160218288,1,9,0,13,0,1,5,0,7,0,1,1,5,1,64,9,1498,1,-1,-1,-1,-1
2017160218288,2,9,0,9,0,5,0,0,1,0,3,1,5,1,43,7,3800,1,1,-1,-1,-1
2017160218394,1,9,0,18,0,0,0,0,0,0,1,1,1,1,25,5,1685,2,-1,-1,-1,-1
2017160218394,2,9,0,18,0,0,0,0,0,0,2,1,5,2,77,11,1242,1,7,-1,-1,-1
2017160218394,3,98,2,18,0,0,0,0,0,0,2,1,1,1,20,4,-1,-1,-1,-1,-1,-1
2017160218412,1,9,0,14,0,1,0,0,0,0,1,1,5,1,67,10,1997,2,13,-1,-1,-1
2017160218412,2,9,0,2,0,1,0,0,0,0,0,1,5,1,59,9,2199,2,6,-1,-1,-1
2017160218467,1,9,0,18,0,1,1,4,0,0,1,1,5,1,17,4,1229,1,7,6,1,6
2017160218467,2,9,0,2,0,1,0,0,0,0,1,1,6,3,-1,-1,1995,2,12,-1,-1,-1
2017160218467,3,9,0,2,0,1,0,0,0,0,1,1,6,3,-1,-1,-1,-1,-1,-1,-1,-1
2017160218497,1,9,0,4,0,0,0,0,0,0,2,1,6,2,50,8,1499,1,-1,-1,-1,-1
2017160218497,2,9,0,18,0,0,0,0,0,0,1,1,6,3,-1,-1,1598,1,16,-1,-1,-1
2017160218564,1,1,0,7,0,1,0,0,1,0,1,1,1,1,53,8,-1,-1,-1,-1,-1,-1
2017160218564,2,9,0,9,0,1,0,0,0,0,1,1,6,3,-1,-1,-1,-1,-1,-1,-1,-1
2017160218567,1,9,0,7,0,5,0,0,0,0,1,1,6,1,75,10,1586,1,2,3,1,3
2017160218567,2,1,0,18,0,8,0,0,0,0,3,1,6,1,15,3,-1,-1,-1,-1,-1,-1
2017160218592,1,2,0,9,0,0,5,0,0,0,1,1,2,1,51,8,49,1,8,-1,-1,-1
2017160218592,2,9,0,18,0,0,0,0,0,0,4,1,6,3,-1,-1,1461,2,8,-1,-1,-1
2017160218645,1,9,0,18,0,0,0,0,1,0,1,1,6,1,75,10,1242,1,11,8,2,8
2017160218650,1,9,0,17,0,0,5,10,2,0,1,1,1,1,69,10,-1,-1,-1,-1,-1,-1
2017160218666,1,9,0,18,0,0,0,4,0,0,1,1,6,1,86,11,1248,1,2,10,2,10
2017160218666,2,9,0,2,0,0,0,0,0,0,2,1,6,3,-1,-1,1598,2,5,-1,-1,-1
2017160218666,3,9,0,2,0,0,0,0,0,0,2,1,6,3,-1,-1,1598,1,1,-1,-1,-1
2017160218687,1,9,0,18,0,6,0,0,0,0,4,1,5,1,40,7,1598,2,1,-1,-1,-1
2017160218687,2,9,0,18,0,1,0,0,0,0,1,1,5,2,33,6,1398,1,4,-1,-1,-1
2017160218718,1,4,0,14,0,8,0,0,0,0,4,1,6,1,60,9,198,1,10,-1,-1,-1
2017160218718,2,9,0,9,0,6,0,0,0,0,1,1,6,2,39,7,1499,2,2,-1,-1,-1
2017160218737,1,9,0,16,0,1,5,0,7,2,1,1,5,1,30,6,998,1,14,1,1,1
2017160218774,1,9,0,18,0,3,1,10,1,0,1,1,6,1,31,6,1598,1,10,2,1,2
2017160218807,1,9,0,9,0,6,0,0,0,0,3,1,6,1,70,10,1298,1,16,7,2,7
2017160218807,2,2,0,18,0,1,0,0,0,0,1,1,6,1,16,4,50,1,6,-1,-1,-1
2017160218812,1,9,0,18,0,1,0,0,0,0,1,1,6,1,50,8,1968,2,10,6,1,6
2017160218812,2,1,0,18,0,4,0,0,0,0,3,1,6,1,25,5,-1,-1,-1,-1,-1,-1
2017160218814,1,9,0,4,0,1,0,0,0,0,2,1,6,2,30,6,998,1,7,1,1,1
2017160218814,2,9,0,18,0,1,0,0,0,0,1,1,6,1,70,10,998,1,6,7,1,7
2017160218818,1,9,0,18,0,1,0,0,0,0,1,1,6,2,48,8,1598,1,8,1,1,1
2017160218818,2,19,0,4,0,1,0,0,0,0,2,1,1,1,47,8,3198,2,-1,1,1,1
2017160218839,1,9,0,18,0,1,0,0,0,0,-1,1,6,2,17,4,998,1,13,8,2,8
2017160218839,2,9,0,1,0,6,0,0,0,0,-1,1,6,1,52,8,2982,2,3,7,3,7
2017160218852,1,9,0,18,0,0,1,10,7,0,3,1,6,1,38,7,1997,2,11,3,1,3
2017160218856,1,9,0,9,0,8,0,0,0,0,1,1,6,1,41,7,1686,2,10,-1,-1,-1
2017160218856,2,9,0,18,0,4,0,0,0,0,1,1,2,1,82,11,1798,8,-1,-1,-1,-1
2017160218871,1,3,0,18,0,0,0,0,0,0,1,1,6,1,59,9,124,1,1,1,1,1
2017160218871,2,9,0,18,0,0,0,0,0,0,2,1,6,1,-1,-1,-1,-1,-1,-1,-1,-1
2017160218883,1,98,0,17,0,2,1,0,1,0,1,1,1,1,28,6,-1,-1,-1,-1,-1,-1
2017160218893,1,9,0,18,0,0,0,0,0,0,3,1,1,1,55,8,1910,2,8,1,1,1
2017160218893,2,9,0,13,0,0,0,0,0,0,3,1,6,3,28,6,-1,-1,-1,-1,-1,-1
2017160218932,1,9,0,18,0,1,0,0,0,0,1,1,5,1,35,6,-1,-1,-1,-1,-1,-1
2017160218932,2,9,0,3,0,8,0,0,0,0,2,1,5,2,53,8,1364,1,-1,-1,-1,-1
2017160218932,3,9,0,3,0,1,0,0,0,0,2,1,5,1,24,5,1368,1,6,-1,-1,-1
2017160219051,1,9,0,12,0,0,0,0,0,0,2,1,5,1,25,5,1995,2,-1,-1,-1,-1
2017160219051,2,9,0,18,0,0,0,0,0,0,1,1,5,1,25,5,2000,1,21,-1,-1,-1
2017160219051,3,9,0,18,0,0,0,0,0,0,1,1,5,1,21,5,1390,1,17,-1,-1,-1
2017160219084,1,9,0,18,0,0,0,0,0,0,1,1,6,1,59,9,1499,2,2,7,1,7
2017160219102,1,9,0,4,0,1,0,0,0,0,2,1,6,2,28,6,-1,-1,-1,9,2,9
2017160219102,2,9,0,18,0,1,0,0,0,0,1,1,6,1,29,6,-1,-1,-1,-1,-1,-1
2017160219117,1,9,0,4,0,1,0,0,0,0,2,1,5,1,48,8,1242,1,3,-1,-1,-1
2017160219117,2,9,0,18,0,1,0,0,0,0,1,1,6,1,29,6,1596,1,12,-1,-1,-1
2017160219123,1,9,0,1,0,1,0,0,0,0,3,1,6,2,63,9,1198,1,13,4,1,4
2017160219123,2,21,0,9,0,1,0,0,0,0,3,1,1,1,57,9,10677,2,2,-1,-1,-1
2017160219146,1,9,0,3,0,1,0,0,0,0,2,1,6,1,50,8,999,1,2,6,1,6
2017160219146,2,9,0,18,0,1,0,0,0,0,1,1,6,2,32,6,1595,1,-1,4,1,4
2017160219246,1,11,0,18,0,0,0,0,0,0,0,1,1,1,34,6,-1,-1,-1,-1,-1,-1
2017160219345,1,9,0,5,0,6,0,0,0,0,1,1,5,1,55,8,1242,1,9,-1,-1,-1
2017160219345,2,3,0,18,0,8,0,0,0,0,1,1,2,1,18,4,125,1,3,8,3,8
2017160219383,1,9,0,3,0,1,0,0,0,0,2,1,4,2,18,4,1598,1,15,-1,-1,-1
2017160219383,2,21,1,18,0,1,0,0,0,0,1,1,1,1,39,7,9365,2,9,-1,-1,-1
2017160219471,1,9,0,18,0,0,0,12,7,0,0,1,5,1,27,6,1753,2,10,-1,-1,-1
2017160219516,1,9,0,18,0,1,1,0,0,0,1,1,2,1,25,5,998,1,-1,-1,-1,-1
2017160219516,2,9,0,9,0,1,0,0,0,0,2,1,5,1,50,8,1587,1,11,-1,-1,-1
2017160219535,1,9,0,18,0,0,0,0,0,0,4,1,6,2,52,8,1368,1,1,9,1,9
2017160219546,1,9,0,18,0,0,0,0,0,0,3,1,6,2,20,4,-1,-1,-1,9,1,9
2017160219546,2,9,0,18,0,0,0,0,0,0,3,1,6,3,37,7,-1,-1,-1,-1,-1,-1
2017160219550,1,9,0,18,0,0,2,10,7,0,1,1,5,1,29,6,2980,2,22,6,3,6
2017160219592,1,9,0,6,0,0,0,0,0,0,3,1,6,2,29,6,1598,1,4,7,1,7
2017160219592,2,9,0,18,0,0,0,0,0,0,1,1,6,1,39,7,1896,2,12,2,1,2
2017160219605,1,9,0,18,0,0,1,0,1,0,1,1,2,2,22,5,1299,1,13,-1,-1,-1
2017160219712,1,97,0,18,0,1,0,0,0,0,1,1,5,3,27,6,-1,-1,-1,-1,-1,-1
2017160219727,1,9,0,18,0,0,0,0,0,0,1,1,5,2,19,4,-1,-1,-1,1,1,1
2017160219727,2,9,0,4,0,0,0,0,0,0,2,1,5,1,28,6,6208,1,9,4,1,4
2017160219727,3,9,0,4,0,0,0,0,0,0,2,1,5,1,63,9,-1,-1,-1,1,1,1
2017160219727,4,8,0,4,0,0,0,0,0,0,2,1,5,1,54,8,1560,2,4,8,1,8
2017160219740,1,9,0,18,0,0,0,0,0,0,1,1,6,2,53,8,1597,2,1,8,2,8
2017160219740,2,9,0,18,0,0,0,0,0,0,1,1,6,1,18,4,1398,1,1,-1,-1,-1
2017160219907,1,9,0,7,0,6,0,0,0,0,1,1,6,1,66,10,1497,1,12,1,1,1
2017160219907,2,1,0,18,0,1,0,0,0,0,1,1,6,1,47,8,-1,-1,-1,1,1,1
2017160219934,1,9,0,9,0,6,0,0,0,0,1,1,6,1,79,11,998,1,15,7,2,7
2017160219934,2,1,0,17,0,1,0,0,0,0,1,1,6,1,71,10,-1,-1,-1,-1,-1,-1
2017160219950,1,3,0,14,0,1,0,0,0,0,1,1,6,1,28,6,125,1,4,-1,-1,-1
2017160219950,2,9,0,9,0,6,0,0,0,0,3,1,6,2,38,7,973,1,16,5,1,5
2017160219985,1,9,0,7,0,5,0,10,1,0,0,1,6,1,21,5,1388,1,19,-1,-1,-1
2017160219985,2,9,0,9,0,6,0,0,0,0,0,1,6,2,58,9,1398,1,2,5,1,5
2017160220016,1,9,0,18,0,0,0,0,0,0,3,1,1,1,58,9,1997,2,4,8,1,8
2017160220202,1,9,0,18,0,1,0,0,0,0,1,1,6,2,19,4,1242,1,2,1,1,1
2017160220202,2,1,0,18,0,1,0,0,0,0,1,1,6,1,7,2,-1,-1,-1,-1,-1,-1
2017160220250,1,9,0,18,0,1,0,0,0,0,3,1,6,1,58,9,-1,-1,-1,1,1,1
2017160220250,2,9,0,9,0,6,0,0,0,0,1,1,6,1,42,7,1396,1,8,8,1,8
2017160220271,1,3,0,18,0,0,0,0,0,0,3,1,6,1,27,6,123,1,29,4,1,4
2017160220271,2,9,0,18,0,0,0,0,0,0,3,1,6,1,47,8,1995,2,7,-1,-1,-1
2017160220289,1,9,0,18,0,8,0,0,0,0,1,1,6,1,51,8,1799,1,10,5,1,5
2017160220289,2,1,0,18,0,8,0,0,0,0,4,1,6,1,33,6,-1,-1,-1,10,1,10
2017160220311,1,11,0,5,0,0,0,0,0,0,0,1,1,1,59,9,4461,2,3,-1,-1,-1
2017160220328,1,1,0,18,0,1,0,0,0,0,1,1,6,2,37,7,-1,-1,-1,1,1,1
2017160220328,2,9,0,1,0,1,0,0,0,0,2,1,6,2,27,6,-1,-1,-1,-1,-1,-1
2017160220344,1,9,0,16,0,0,1,10,1,4,1,1,6,1,20,4,1783,1,15,-1,-1,-1
2017160220409,1,11,0,18,0,0,0,0,0,0,0,1,1,1,48,8,-1,-1,-1,-1,-1,-1
2017160220409,2,9,0,7,0,0,0,0,0,0,0,1,6,3,21,5,-1,-1,-1,-1,-1,-1
2017160220427,1,1,0,18,9,1,0,0,0,0,1,1,6,1,14,3,-1,-1,-1,-1,-1,-1
2017160220427,2,9,0,3,0,6,0,0,0,0,1,1,2,2,41,7,1956,2,2,8,3,8
2017160220434,1,9,0,16,0,4,0,0,0,0,4,1,5,1,54,8,1596,1,14,-1,-1,-1
2017160220434,2,1,0,18,9,1,0,0,0,0,1,1,6,1,48,8,-1,-1,-1,-1,-1,-1
2017160220490,1,9,0,9,0,2,0,7,0,0,3,1,2,1,31,6,1461,2,14,-1,-1,-1
2017160220490,2,9,0,18,0,2,0,0,0,0,1,1,2,2,19,4,1242,1,4,-1,-1,-1
2017160220535,1,9,0,5,0,2,0,10,1,10,4,1,6,1,88,11,2149,2,10,5,2,5
2017160220550,1,9,0,16,0,0,0,0,0,0,1,1,2,1,24,5,-1,-1,-1,7,2,7
2017160220550,2,3,0,17,0,0,0,0,1,0,3,1,2,1,33,6,125,1,-1,1,1,1
2017160220550,3,9,0,17,0,0,0,0,0,0,1,1,3,2,37,7,1753,2,9,6,3,6
2017160220576,1,9,0,3,0,0,0,0,0,0,2,1,2,1,49,8,1461,2,6,9,1,9
2017160220576,2,9,0,3,0,0,0,0,0,0,2,1,5,2,27,6,998,1,11,5,1,5
2017160220576,3,9,0,3,0,0,0,0,0,0,2,1,5,1,23,5,-1,-1,-1,-1,-1,-1
2017160220576,4,19,0,18,0,0,0,0,0,0,1,1,1,1,52,8,1997,2,1,-1,1,-1
2017160220577,1,9,0,17,0,3,1,10,1,0,4,1,5,2,51,8,1399,2,8,-1,-1,-1
2017160220617,1,9,0,18,0,1,0,10,1,2,1,1,1,1,52,8,1997,2,11,-1,-1,-1
2017160220617,2,9,0,3,0,1,0,0,0,0,2,1,5,1,24,5,1596,1,10,-1,-1,-1
2017160220617,3,19,0,3,0,1,0,0,0,0,2,1,1,2,48,8,1499,2,2,-1,-1,-1
2017160220667,1,11,0,6,0,0,0,0,0,0,0,1,1,1,41,7,-1,-1,-1,-1,-1,-1
2017160220679,1,9,0,18,0,0,1,10,5,7,3,1,6,1,43,7,1598,1,9,1,1,1
2017160220699,1,9,0,3,0,1,0,0,0,0,2,1,6,2,23,5,998,1,4,9,1,9
2017160220699,2,9,0,18,0,1,0,0,0,0,1,1,6,1,53,8,1896,2,13,6,1,6
2017160220700,1,9,0,1,0,2,0,0,0,0,2,1,5,1,29,6,1968,2,12,-1,-1,-1
2017160220700,2,9,0,17,0,6,0,0,0,0,3,1,5,1,56,9,3199,1,14,-1,-1,-1
2017160220746,1,9,0,18,0,2,0,0,0,0,1,1,6,1,21,5,1248,2,8,4,1,4
2017160220746,2,9,0,3,0,2,0,0,0,0,2,1,2,1,22,5,1598,1,8,-1,-1,-1
2017160220756,1,8,0,3,0,1,0,0,0,0,0,1,1,1,50,8,1499,2,1,6,1,6
2017160220756,2,1,0,18,0,1,0,0,0,0,0,1,6,2,54,8,-1,-1,-1,4,1,4
2017160220784,1,9,0,9,0,6,0,0,0,0,3,1,6,1,77,11,1596,1,15,-1,-1,-1
2017160220784,2,9,0,12,0,1,0,0,0,0,1,1,6,1,49,8,2199,2,6,-1,-1,-1
2017160220784,3,9,0,18,0,1,0,0,0,0,0,1,1,1,26,6,-1,-1,-1,-1,-1,-1
2017160220805,1,9,0,18,0,1,0,0,0,0,1,1,6,3,47,8,-1,-1,-1,-1,-1,-1
2017160220805,2,22,0,9,0,6,0,0,0,0,1,1,2,1,38,7,-1,-1,-1,5,1,5
2017160220872,1,9,0,4,0,0,0,0,0,0,1,1,6,1,30,6,1598,1,17,-1,-1,-1
2017160220872,2,9,0,4,0,0,0,0,0,0,2,1,6,1,28,6,1968,2,2,-1,-1,-1
2017160220893,1,9,0,18,0,0,1,10,7,0,2,1,6,1,32,6,2979,1,12,-1,-1,-1
2017160220893,2,5,0,18,0,0,1,10,1,0,1,1,5,1,52,8,1170,1,3,-1,-1,-1
2017160220894,1,9,0,18,0,0,0,0,0,0,1,1,6,1,68,10,1399,2,5,7,1,7
2017160220894,2,9,0,18,0,0,0,0,0,0,1,1,6,2,61,9,1497,1,13,1,1,1
2017160220930,1,9,0,9,0,2,0,0,0,0,3,1,6,1,52,8,1598,1,10,-1,-1,-1
2017160220930,2,9,0,17,0,1,0,0,0,0,3,1,6,1,81,11,1598,1,7,-1,-1,-1
2017160220951,1,10,0,9,0,4,1,10,7,2,4,1,1,1,33,6,1998,2,13,5,1,5
2017160220956,1,9,0,18,9,1,0,0,7,0,3,1,5,1,20,4,1896,2,14,-1,-1,-1
2017160220956,2,3,0,18,9,1,0,0,0,0,1,1,5,1,33,6,125,1,5,2,1,2
2017160221004,1,9,0,16,0,0,5,10,8,11,1,1,6,3,-1,-1,1587,1,16,-1,-1,-1
2017160221005,1,9,0,9,0,6,0,0,0,0,1,1,6,2,59,9,1364,1,3,6,1,6
2017160221005,2,9,0,18,0,1,0,0,0,0,1,1,6,2,48,8,1248,1,5,4,1,4
2017160221059,1,9,0,9,0,8,0,0,0,0,1,1,6,2,41,7,1364,1,8,-1,-1,-1
2017160221059,2,5,0,18,0,8,0,0,0,0,3,1,6,1,68,10,1085,1,20,-1,-1,-1
2017160221170,1,9,0,5,0,1,0,0,0,0,3,1,6,1,25,5,2495,2,13,-1,-1,-1
2017160221170,2,1,0,14,0,1,0,0,0,0,4,1,5,1,58,9,-1,-1,-1,-1,-1,-1
2017160221201,1,11,0,18,0,1,0,0,0,0,0,1,1,2,36,7,4500,2,6,1,1,1
2017160221212,1,90,0,18,0,0,0,0,0,0,0,1,5,1,46,8,-1,-1,-1,-1,-1,-1
2017160221212,2,19,0,11,0,0,0,0,0,0,3,1,1,1,50,8,2198,2,2,-1,-1,-1
2017160221212,3,9,0,18,0,0,0,11,0,0,1,1,2,1,32,6,1598,1,13,-1,-1,-1
2017160221259,1,3,0,9,0,6,0,0,0,0,3,1,6,1,18,4,125,1,2,-1,-1,-1
2017160221259,2,9,0,18,0,8,0,0,0,0,1,1,6,2,38,7,1997,2,12,-1,-1,-1
2017160221271,1,8,0,18,0,1,0,0,0,0,2,1,1,1,47,8,1560,2,3,5,1,5
2017160221271,2,9,0,18,0,1,0,0,0,0,1,1,6,1,38,7,1896,2,15,1,1,1
2017160221389,1,9,0,18,0,0,0,4,0,0,1,1,5,2,73,10,1248,1,4,-1,-1,-1
2017160221389,2,9,0,2,0,0,0,0,0,0,2,1,6,3,-1,-1,-1,-1,-1,-1,-1,-1
2017160221465,1,9,0,16,0,0,0,10,1,0,1,1,6,2,50,8,1582,2,4,3,3,3
2017160221465,2,5,0,16,0,0,0,0,0,0,1,1,2,1,41,7,1099,1,25,-1,-1,-1
2017160221501,1,21,0,16,0,3,5,10,1,0,4,1,1,1,40,7,12777,2,4,-1,-1,-1
2017160221522,1,9,0,9,0,7,0,0,0,0,1,1,6,2,81,11,1329,1,8,-1,-1,-1
2017160221522,2,9,0,18,0,8,0,0,0,0,4,1,2,1,23,5,1598,1,6,-1,-1,-1
2017160221703,1,9,0,18,4,1,0,0,0,0,1,1,5,2,34,6,1242,1,-1,1,2,1
2017160221975,1,19,0,7,0,1,0,0,0,0,0,1,5,1,39,7,1560,2,9,-1,-1,-1
2017160222028,1,9,0,18,0,0,0,0,0,0,4,1,6,1,29,6,1368,1,7,-1,-1,-1
2017160222058,1,19,0,3,0,2,0,0,0,0,0,1,6,3,16,4,-1,-1,-1,-1,-1,-1
2017160222058,2,1,0,3,9,2,0,0,0,0,0,1,6,1,34,6,-1,-1,-1,-1,-1,-1
2017160222247,1,9,0,18,0,8,0,0,0,0,4,1,2,2,48,8,1900,2,18,-1,-1,-1
2017160222247,2,90,0,9,0,1,0,0,0,0,1,1,1,2,45,7,2999,2,5,4,1,4
2017160222318,1,9,0,18,0,0,1,11,0,0,1,1,5,1,58,9,2494,1,13,-1,-1,-1
2017160222381,1,9,0,2,0,0,0,0,0,0,2,1,6,3,-1,-1,-1,-1,-1,-1,-1,-1
2017160222381,2,1,0,18,0,0,0,4,0,0,1,1,6,1,35,6,-1,-1,-1,-1,-1,-1
2017160222410,1,9,0,18,0,8,0,0,0,0,3,1,5,1,29,6,1598,1,13,-1,-1,-1
2017160222410,2,9,0,18,0,8,0,0,0,0,1,1,6,3,-1,-1,1968,2,9,-1,-1,-1
2017160222436,1,3,0,4,0,1,1,0,0,0,0,1,6,1,37,7,123,1,1,-1,-1,-1
2017160222436,2,9,0,18,0,1,0,0,0,0,0,1,6,2,31,6,-1,-1,-1,2,1,2
2017160222455,1,9,0,18,0,0,0,0,0,0,1,1,6,1,17,4,1587,1,13,-1,-1,-1
2017160222455,2,9,0,18,0,0,0,0,0,0,2,1,5,2,55,8,1396,1,19,-1,-1,-1
2017160222466,1,9,0,18,0,2,0,0,0,0,3,1,6,2,45,7,1398,1,2,1,1,1
2017160222620,1,9,0,18,0,0,0,0,0,0,0,1,6,2,38,7,1587,1,11,7,2,7
2017160222620,2,1,0,18,0,0,0,0,0,0,0,1,6,1,6,2,-1,-1,-1,-1,-1,-1
2017160222627,1,9,0,5,0,0,0,0,0,0,1,1,6,1,20,4,-1,-1,-1,2,1,2
2017160222627,2,1,0,18,0,0,0,0,0,0,1,1,6,1,28,6,-1,-1,-1,-1,-1,-1
2017160222632,1,9,0,18,0,0,0,0,0,0,0,1,6,3,38,7,4398,1,16,-1,-1,-1
2017160222670,1,9,0,7,0,2,1,0,0,0,1,1,5,2,19,4,1598,1,13,-1,-1,-1
2017160222670,2,5,0,16,0,1,0,10,1,0,1,1,5,1,59,9,1064,1,7,-1,-1,-1
2017160222730,1,9,0,9,0,6,0,0,0,0,1,1,6,1,39,7,2143,12,2,4,2,4
2017160222730,2,5,0,18,0,1,0,0,0,0,4,1,1,1,43,7,953,1,9,4,1,4
2017160222809,1,9,0,18,0,3,0,0,0,0,1,1,6,1,18,4,1390,1,9,2,1,2
2017160222809,2,9,0,18,0,4,0,0,0,0,1,1,6,1,27,6,1360,1,12,-1,-1,-1
2017160222856,1,9,3,18,0,0,5,10,5,6,1,1,5,2,21,5,1998,2,14,-1,-1,-1
2017160222877,1,9,0,18,0,2,0,0,0,0,4,1,3,2,65,9,1198,1,6,-1,-1,-1
2017160222877,2,1,0,18,0,6,0,0,0,0,3,1,5,1,13,3,-1,-1,-1,-1,-1,-1
2017160222906,1,9,0,16,0,0,2,10,1,0,4,1,5,1,23,5,1984,1,16,-1,-1,-1
2017160222955,1,9,0,5,0,8,0,0,0,0,1,1,6,1,31,6,1388,1,14,-1,-1,-1
2017160222955,2,1,0,7,0,8,0,0,0,0,2,1,5,1,70,10,-1,-1,-1,-1,-1,-1
2017160223044,1,9,0,18,0,0,5,10,1,4,1,1,6,2,28,6,1149,1,14,-1,-1,-1
2017160223044,2,21,0,16,0,0,0,0,0,0,0,1,1,1,40,7,10837,2,5,5,3,5
2017160223175,1,9,0,5,0,1,0,0,0,0,4,1,2,1,30,6,1956,2,2,-1,-1,-1
2017160223175,2,9,0,18,0,1,0,0,0,0,1,1,6,1,30,6,1600,2,7,-1,-1,-1
2017160223224,1,9,0,16,0,0,0,0,0,0,1,1,5,1,32,6,1360,1,16,-1,-1,-1
2017160223224,2,8,0,17,0,0,0,0,0,0,3,1,1,1,38,7,1560,2,6,-1,-1,-1
2017160223242,1,9,0,14,0,0,0,0,0,0,4,1,1,1,19,4,1390,1,7,8,1,8
2017160223242,2,9,0,14,0,0,0,0,1,0,3,1,5,2,24,5,-1,-1,-1,-1,-1,-1
2017160223256,1,3,0,18,0,2,0,4,0,0,1,1,6,1,22,5,-1,-1,-1,-1,-1,-1
2017160223256,2,9,0,2,0,1,0,0,0,0,2,1,6,2,23,5,1193,1,2,-1,-1,-1
2017160223325,1,9,0,5,0,4,0,0,0,0,2,1,6,2,35,6,1598,1,11,-1,-1,-1
2017160223325,2,9,0,18,0,4,0,0,0,0,1,1,5,1,65,9,1781,1,20,-1,-1,-1
2017160223369,1,9,0,9,0,8,0,0,0,0,3,1,5,1,71,10,1399,1,1,-1,-1,-1
2017160223369,2,9,0,18,0,1,0,0,0,0,1,1,5,2,31,6,1390,1,12,-1,-1,-1
2017160223370,1,9,0,18,0,0,0,0,0,0,3,1,5,2,52,8,1395,1,1,-1,-1,-1
2017160223370,2,21,1,18,0,0,0,0,0,0,3,1,1,1,40,7,12777,2,6,-1,-1,-1
2017160223440,1,1,0,18,0,1,0,10,8,0,2,1,6,1,42,7,-1,-1,-1,-1,-1,-1
2017160223440,2,9,0,18,0,1,0,0,0,0,1,1,6,3,-1,-1,-1,-1,-1,-1,-1,-1