Accident_Index,Vehicle_Reference,Vehicle_Type,Towing_and_Articulation,Vehicle_Manoeuvre,Vehicle_Location-Restricted_Lane,Junction_Location,Skidding_and_Overturning,Hit_Object_in_Carriageway,Vehicle_Leaving_Carriageway,Hit_Object_off_Carriageway,1st_Point_of_Impact,Was_Vehicle_Left_Hand_Drive?,Journey_Purpose_of_Driver,Sex_of_Driver,Age_of_Driver,Age_Band_of_Driver,Engine_Capacity_(CC),Propulsion_Code,Age_of_Vehicle,Driver_IMD_Decile,Driver_Home_Area_Type,Vehicle_IMD_Decile
2017160223464,1,19,0,18,0,3,0,7,4,1,1,1,5,1,64,9,1997,2,11,-1,-1,-1
2017160223510,1,9,0,18,0,0,0,10,1,9,1,1,6,1,29,6,1598,1,14,-1,-1,-1
2017160223552,1,9,0,5,0,4,0,0,0,0,3,1,2,1,22,5,1596,1,7,-1,-1,-1
2017160223552,2,1,0,18,0,8,0,0,0,0,1,1,6,1,27,6,-1,-1,-1,-1,-1,-1
2017160223560,1,9,0,7,0,1,0,0,0,0,4,1,1,1,41,7,1398,2,3,-1,-1,-1
2017160223560,2,1,0,18,0,1,0,0,0,0,1,1,6,1,12,3,-1,-1,-1,-1,-1,-1
2017160223601,1,1,0,18,0,0,0,0,0,0,1,1,2,1,31,6,-1,-1,-1,-1,-1,-1
2017160223601,2,19,0,7,0,0,0,0,0,0,4,1,5,1,63,9,1686,2,12,-1,-1,-1
2017160223654,1,9,0,18,0,0,0,10,1,9,1,1,5,2,20,4,1242,1,6,-1,-1,-1
2017160223683,1,9,0,18,0,0,1,0,8,0,4,1,5,1,53,8,1598,1,28,-1,-1,-1
2017160223684,1,9,0,1,0,1,0,0,0,0,2,1,6,3,-1,-1,-1,-1,-1,-1,-1,-1
2017160223684,2,1,0,18,0,1,0,0,0,0,1,1,4,1,12,3,-1,-1,-1,-1,-1,-1
2017160223769,1,9,0,18,0,0,0,4,0,0,3,1,5,2,34,6,1995,1,10,-1,-1,-1
2017160223769,2,9,0,18,0,0,0,0,0,0,3,1,6,1,53,8,1242,1,13,-1,-1,-1
2017160223769,3,9,0,2,0,0,0,0,0,0,3,1,6,3,-1,-1,-1,-1,-1,-1,-1,-1
2017160223793,1,9,0,18,0,0,0,0,4,4,1,1,6,1,18,4,1598,1,9,-1,-1,-1
2017160223815,1,9,0,18,0,1,0,0,0,0,3,1,5,2,17,4,599,1,15,9,2,9
2017160223815,2,19,0,9,0,1,0,0,0,0,1,1,6,3,-1,-1,2148,2,12,-1,-1,-1
2017160223821,1,9,0,9,0,6,0,10,4,1,1,1,2,1,22,5,1598,1,2,-1,-1,-1
2017160223845,1,9,0,18,0,0,5,0,1,0,1,1,6,1,72,10,1149,1,14,7,2,7
2017160223864,1,9,0,18,0,1,0,4,0,0,1,1,2,2,23,5,1598,1,5,-1,-1,-1
2017160223864,2,11,0,2,0,2,0,0,0,0,3,1,1,1,56,9,4249,2,7,-1,-1,-1
2017160223944,1,9,0,18,0,0,0,0,0,0,1,1,6,2,45,7,2148,2,13,9,1,9
2017160223944,2,9,0,18,0,0,0,0,0,0,2,1,6,1,71,10,-1,-1,-1,10,1,10
2017160223983,1,9,0,5,0,1,0,0,0,0,1,1,5,2,27,6,2926,2,16,-1,-1,-1
2017160223983,2,9,0,18,0,2,0,0,0,0,4,1,5,1,22,5,1968,2,7,-1,-1,-1
2017160224028,1,9,0,18,0,0,0,0,0,0,1,1,1,1,30,6,1560,2,9,-1,-1,-1
2017160224028,2,9,0,3,0,0,0,0,0,0,2,1,5,2,38,7,1149,1,13,-1,-1,-1
2017160224028,3,9,0,3,0,0,0,0,0,0,2,1,5,2,40,7,998,1,4,-1,-1,-1
2017160224028,4,9,0,3,0,0,0,0,0,0,2,1,5,2,46,8,1242,1,1,-1,-1,-1
2017160224053,1,8,0,5,0,0,0,0,0,0,4,1,1,1,66,10,1997,2,5,-1,-1,-1
2017160224068,1,9,0,9,0,5,0,0,0,0,3,1,6,1,31,6,1598,1,8,-1,-1,-1
2017160224068,2,5,0,18,0,8,0,0,0,0,4,1,6,1,60,9,1261,1,15,-1,-1,-1
2017160224101,1,9,0,1,0,0,0,10,1,2,2,1,6,2,69,10,1299,1,17,-1,-1,-1
2017160224116,1,9,0,9,0,0,0,0,1,0,1,1,6,2,27,6,1360,1,8,-1,-1,-1
2017160224129,1,9,0,18,0,0,0,0,0,0,3,1,2,2,24,5,1896,2,14,-1,-1,-1
2017160224165,1,9,0,18,0,0,0,0,0,0,1,1,5,1,23,5,1997,2,9,-1,-1,-1
2017160224166,1,9,0,7,0,6,0,0,0,0,1,1,5,1,77,11,1248,1,8,-1,-1,-1
2017160224166,2,11,0,18,0,8,0,0,0,0,1,1,1,1,47,8,6871,2,11,-1,-1,-1
2017160224173,1,9,0,9,0,8,0,0,0,0,1,1,6,1,55,8,1149,1,13,-1,-1,-1
2017160224173,2,1,0,9,0,8,0,0,0,0,1,1,2,1,57,9,-1,-1,-1,-1,-1,-1
2017160224188,1,9,0,18,0,0,0,0,0,0,1,1,5,1,20,4,1399,2,8,-1,-1,-1
2017160224188,2,9,0,3,0,0,0,0,0,0,2,1,5,1,50,8,1149,1,2,-1,-1,-1
2017160224197,1,9,0,7,0,3,0,0,0,0,4,1,6,1,34,6,1998,8,-1,-1,-1,-1
2017160224197,2,1,0,18,0,8,0,0,0,0,1,1,5,1,13,3,-1,-1,-1,-1,-1,-1
2017160224200,1,1,0,18,0,5,5,0,0,0,3,1,4,1,10,2,-1,-1,-1,-1,-1,-1
2017160224200,2,9,0,9,0,1,0,0,0,0,1,1,3,2,27,6,1229,1,3,-1,-1,-1
2017160224206,1,98,0,18,0,0,0,0,0,0,1,1,1,1,39,7,-1,-1,-1,-1,-1,-1
2017160224206,2,9,0,18,0,0,0,0,0,0,2,1,6,1,21,5,1229,1,2,-1,-1,-1
2017160224238,1,1,0,18,5,0,0,0,0,0,1,1,5,1,73,10,-1,-1,-1,-1,-1,-1
2017160224238,2,1,0,18,5,0,0,0,0,0,1,1,1,1,80,11,-1,-1,-1,-1,-1,-1
2017160224242,1,9,0,16,0,0,1,0,2,0,1,1,5,2,56,9,1997,2,15,-1,-1,-1
2017160224250,1,9,0,18,0,8,0,0,0,0,1,1,6,3,39,7,1968,2,1,-1,-1,-1
2017160224250,2,9,0,18,0,4,0,0,0,0,1,1,6,2,54,8,1560,2,9,-1,-1,-1
2017160224282,1,1,0,18,0,5,0,0,0,0,4,1,6,1,51,8,-1,-1,-1,8,1,8
2017160224282,2,9,0,18,0,4,0,0,0,0,1,1,6,2,53,8,1229,1,2,7,3,7
2017160224285,1,8,0,7,0,6,0,0,0,0,3,1,1,3,35,6,2198,1,13,-1,-1,-1
2017160224285,2,3,0,18,0,8,1,0,0,0,1,1,6,1,18,4,124,1,3,-1,-1,-1
2017160224288,1,9,0,18,0,1,0,0,0,0,4,1,3,2,48,8,1968,2,10,-1,-1,-1
2017160224288,2,1,0,18,0,1,0,0,0,0,1,1,4,1,12,3,-1,-1,-1,-1,-1,-1
2017160224302,1,9,0,1,0,1,0,0,0,0,2,1,6,1,29,6,1598,1,14,2,2,2
2017160224302,2,9,0,3,0,1,0,0,0,0,1,1,6,2,18,4,-1,-1,-1,-1,-1,-1
2017160224317,1,9,0,11,0,0,0,0,0,0,4,1,5,2,40,7,1598,1,13,-1,-1,-1
2017160224317,2,3,0,18,2,0,0,0,0,0,3,1,5,2,53,8,125,1,-1,-1,-1,-1
2017160224337,1,9,0,18,0,0,0,0,0,0,1,1,6,3,24,5,-1,-1,-1,-1,-1,-1
2017160224337,2,8,0,3,0,0,0,0,0,0,2,1,1,1,31,6,1968,2,9,1,1,1
2017160224337,3,9,0,3,0,0,0,0,0,0,2,1,6,1,47,8,-1,-1,-1,-1,-1,-1
2017160224371,1,9,0,18,0,0,0,0,0,0,1,1,6,3,38,7,-1,-1,-1,-1,-1,-1
2017160224380,1,9,0,4,0,1,0,0,0,0,2,1,6,1,70,10,998,1,20,5,1,5
2017160224380,2,9,0,18,0,1,0,0,0,0,1,1,6,2,41,7,1248,1,3,7,1,7
2017160224392,1,11,0,5,0,0,0,0,0,0,0,1,1,1,48,8,4461,2,3,3,1,3
2017160224408,1,9,0,4,0,0,0,0,0,0,0,1,6,3,39,7,-1,-1,-1,-1,-1,-1
2017160224408,2,97,0,4,0,0,1,0,0,0,0,1,6,1,52,8,-1,-1,-1,-1,-1,-1
2017160224436,1,9,0,9,0,5,0,0,0,0,4,1,1,1,21,5,-1,-1,-1,8,2,8
2017160224436,2,9,0,18,0,1,0,0,0,0,4,1,6,1,60,9,2148,2,15,9,1,9
2017160224453,1,9,0,18,0,0,0,0,0,0,2,1,6,2,50,8,1995,2,12,1,1,1
2017160224453,2,1,0,18,0,0,0,0,0,0,1,1,6,1,60,9,-1,-1,-1,2,1,2
2017160224474,1,9,0,18,0,0,0,0,0,0,1,1,2,1,36,7,2967,1,14,1,1,1
2017160224474,2,9,0,18,0,0,0,0,0,0,2,1,2,1,50,8,-1,-1,-1,7,3,7
2017160224481,1,9,0,4,0,0,0,0,0,0,1,1,6,1,69,10,-1,-1,-1,-1,-1,-1
2017160224481,2,9,0,4,0,0,0,0,0,0,2,1,6,1,54,8,1364,1,11,-1,-1,-1
2017160224481,3,9,0,4,0,0,0,0,0,0,2,1,2,2,44,7,1598,1,3,-1,-1,-1
2017160224485,1,9,0,18,0,3,0,0,0,0,1,1,1,1,48,8,1968,2,2,2,1,2
2017160224485,2,9,0,5,0,4,0,0,1,0,1,1,2,1,45,7,1598,1,10,1,1,1
2017160224511,1,9,0,9,0,8,0,0,0,0,1,1,5,1,81,11,1149,1,2,9,3,9
2017160224511,2,5,0,18,0,1,0,0,0,0,1,1,5,1,63,9,904,1,24,9,1,9
2017160224514,1,9,0,7,7,0,0,0,0,0,3,1,6,2,-1,-1,-1,-1,-1,-1,-1,-1
2017160224514,2,1,0,18,9,0,0,0,0,0,1,1,4,2,11,3,-1,-1,-1,-1,-1,-1
2017160224541,1,5,0,18,0,0,1,10,8,0,1,1,5,1,52,8,798,1,1,-1,-1,-1
2017160224541,2,9,0,15,0,0,0,0,0,0,3,1,5,1,50,8,4163,2,10,-1,-1,-1
2017160224544,1,9,0,18,0,0,0,0,0,0,1,1,3,2,56,9,1390,1,14,2,1,2
2017160224544,2,9,0,18,0,0,0,0,0,0,2,1,3,1,52,8,2231,2,5,4,1,4
2017160224576,1,9,0,18,0,0,2,10,1,0,3,1,2,1,20,4,1108,1,19,6,3,6
2017160224589,1,98,0,11,0,1,0,0,0,0,4,1,1,1,52,8,-1,-1,-1,-1,-1,-1
2017160224589,2,11,0,18,0,1,0,0,0,0,3,1,1,1,57,9,6871,2,11,-1,-1,-1
2017160224628,1,1,0,18,0,0,0,4,0,0,1,1,5,1,55,8,-1,-1,-1,-1,-1,-1
2017160224628,2,19,0,2,0,0,0,0,0,0,3,1,6,3,-1,-1,2148,2,10,-1,-1,-1
2017160224631,1,9,0,1,0,0,0,10,1,0,2,1,5,1,22,5,2170,2,13,-1,-1,-1
2017160224631,2,9,0,18,0,0,0,0,0,0,1,1,5,2,24,5,1560,2,8,-1,-1,-1
2017160224650,1,9,0,9,0,0,0,0,0,0,1,1,5,1,65,9,1794,1,13,-1,-1,-1
2017160224650,2,5,0,18,0,0,0,0,0,0,1,1,5,1,28,6,535,1,25,-1,-1,-1
2017160224671,1,9,0,9,0,6,0,10,1,0,4,1,6,1,27,6,1399,2,10,-1,-1,-1
2017160224671,2,98,0,18,0,8,0,0,0,0,1,1,6,1,31,6,-1,-1,-1,-1,-1,-1
2017160224698,1,9,0,18,0,0,0,0,1,0,1,1,2,1,28,6,1560,2,6,-1,-1,-1
2017160224698,2,19,0,18,0,0,0,0,0,0,2,1,2,1,47,8,1968,2,3,-1,-1,-1
2017160224943,1,9,0,5,0,8,0,0,0,0,1,1,5,1,58,9,1586,1,1,-1,-1,-1
2017160224943,2,1,0,18,0,8,0,11,0,0,3,1,6,1,14,3,-1,-1,-1,-1,-1,-1
2017160225106,1,9,0,9,0,5,0,0,0,0,4,1,6,1,52,8,4701,1,17,-1,-1,-1
2017160225106,2,1,0,18,0,8,0,0,0,0,1,1,6,2,30,6,-1,-1,-1,-1,-1,-1
2017160225138,1,9,0,4,0,1,0,0,0,0,1,1,6,2,22,5,1984,1,9,-1,-1,-1
2017160225138,2,1,0,3,0,1,0,0,0,0,2,1,6,1,52,8,-1,-1,-1,-1,-1,-1
2017160225175,1,1,0,9,0,2,1,0,0,0,2,1,5,1,34,6,-1,-1,-1,-1,-1,-1
2017160225175,2,9,0,18,0,2,0,0,0,0,3,1,5,2,69,10,1149,1,6,-1,-1,-1
2017160225212,1,9,0,18,0,0,0,0,0,0,4,1,6,2,64,9,1686,2,7,10,1,10
2017160225328,1,5,0,14,0,0,1,0,0,0,4,1,6,1,27,6,599,1,21,-1,-1,-1
2017160225389,1,9,0,18,0,2,0,10,1,2,1,1,6,1,74,10,1991,2,9,-1,-1,-1
2017160225389,2,9,0,2,0,2,0,0,0,0,4,1,5,3,71,10,1560,2,7,-1,-1,-1
2017160225462,1,9,0,18,0,0,0,10,1,5,1,1,5,1,71,10,2143,2,-1,-1,-1,-1
2017160225473,1,9,0,18,0,0,0,0,0,0,4,1,6,3,41,7,-1,-1,-1,-1,-1,-1
2017160225511,1,9,0,18,0,0,1,0,4,6,3,1,5,1,25,5,1997,2,1,-1,-1,-1
2017160225537,1,9,0,13,0,1,0,10,8,1,1,1,5,2,75,10,1398,1,-1,-1,-1,-1
2017160225654,1,3,0,13,0,1,0,0,0,0,4,1,6,1,22,5,-1,-1,-1,-1,-1,-1
2017160225654,2,1,0,9,0,1,0,0,0,0,3,1,6,1,70,10,-1,-1,-1,-1,-1,-1
2017160225682,1,3,0,18,0,0,0,0,0,0,1,1,6,1,26,6,125,1,5,2,1,2
2017160225682,2,9,0,11,0,0,0,0,0,0,4,1,6,1,39,7,-1,-1,-1,-1,-1,-1
2017160225689,1,9,0,9,0,1,0,0,0,0,4,1,6,1,31,6,999,1,16,1,1,1
2017160225689,2,9,0,18,0,1,0,0,0,0,1,1,6,1,32,6,1796,1,12,-1,-1,-1
2017160225697,1,9,0,3,0,1,0,0,0,0,2,1,6,2,31,6,2172,2,14,2,1,2
2017160225697,2,9,0,18,0,1,0,0,0,0,1,1,6,1,34,6,1598,2,6,-1,-1,-1
2017160225730,1,9,0,1,0,0,0,0,0,0,2,1,6,1,32,6,1896,2,15,5,1,5
2017160225730,2,9,0,5,0,0,0,0,0,0,1,1,6,2,34,6,1242,1,6,5,1,5
2017160225762,1,9,0,5,0,6,0,0,0,0,3,1,6,2,54,8,998,1,3,-1,-1,-1
2017160225762,2,4,0,18,0,8,0,0,0,0,1,1,6,1,26,6,449,1,13,-1,-1,-1
2017160225839,1,9,0,18,0,0,0,0,0,0,1,1,6,1,43,7,1997,2,13,-1,-1,-1
2017160225839,2,98,0,18,0,0,0,0,0,0,2,1,6,1,64,9,-1,-1,-1,-1,-1,-1
2017160225839,3,98,0,2,0,0,0,0,0,0,1,1,6,3,-1,-1,-1,-1,-1,-1,-1,-1
2017160225922,1,11,0,4,0,1,1,0,0,0,1,1,5,1,58,9,8268,2,16,-1,-1,-1
2017160225922,2,21,0,10,0,1,0,0,0,0,2,1,1,1,47,8,12900,2,7,-1,-1,-1
2017160225982,1,9,0,18,0,0,0,10,5,6,1,1,5,1,45,7,1968,2,2,-1,-1,-1
2017160225982,2,9,0,18,0,0,0,10,1,7,2,1,2,1,58,9,1560,2,5,-1,-1,-1
2017160226220,1,9,0,18,0,2,0,0,0,0,1,1,6,3,-1,-1,1951,2,11,-1,-1,-1
2017160226313,1,9,0,17,0,1,0,0,1,4,1,1,5,1,54,8,1149,1,7,-1,-1,-1
2017160226339,1,11,0,5,0,1,0,0,0,0,1,1,1,1,44,7,6696,2,2,-1,-1,-1
2017160226339,2,9,0,5,0,4,0,0,0,0,2,1,5,2,68,10,1798,1,-1,-1,-1,-1
2017160226346,1,9,0,18,0,0,0,0,0,0,1,1,5,2,43,7,998,1,2,-1,-1,-1
2017160226346,2,9,0,18,0,0,1,0,0,0,1,1,5,1,18,4,1229,1,4,-1,-1,-1
2017160226357,1,9,0,6,0,0,0,0,0,0,1,1,6,1,27,6,1598,1,11,-1,-1,-1
2017160226357,2,5,0,13,0,0,0,0,0,0,1,1,6,1,38,7,600,1,16,-1,-1,-1
2017160226385,1,9,0,7,0,8,1,0,0,0,3,1,5,1,22,5,1595,1,4,-1,-1,-1
2017160226385,2,9,0,18,0,8,0,10,5,6,3,1,5,2,18,4,1368,1,10,-1,-1,-1
2017160226388,1,9,0,18,0,1,5,0,0,0,1,1,2,2,49,8,1596,1,6,-1,-1,-1
2017160226388,2,9,0,2,0,1,0,0,0,0,2,1,6,3,34,6,1582,2,5,-1,-1,-1
2017160226388,3,9,0,2,0,1,0,0,0,0,2,1,6,3,39,7,1364,1,11,-1,-1,-1
2017160226441,1,9,0,5,0,0,0,0,0,0,1,1,5,1,20,4,1399,2,8,-1,-1,-1
2017160226441,2,9,0,16,0,0,0,10,7,0,3,1,6,1,25,5,1598,1,6,-1,-1,-1
2017160226452,1,9,0,13,0,0,0,0,0,0,4,1,6,3,-1,-1,-1,-1,-1,-1,-1,-1
2017160226452,2,1,0,18,0,0,0,0,0,0,3,1,6,1,59,9,-1,-1,-1,-1,-1,-1
2017160226501,1,9,0,18,0,1,0,0,0,0,1,1,6,3,-1,-1,1560,2,4,-1,-1,-1
2017160226501,2,1,0,18,0,8,0,0,0,0,3,1,6,2,23,5,-1,-1,-1,-1,-1,-1
2017160226512,1,9,0,18,0,1,0,0,0,0,1,1,5,2,19,4,1896,2,13,-1,-1,-1
2017160226512,2,9,0,9,0,1,0,0,0,0,1,1,6,1,37,7,1896,2,12,7,3,7
2017160226537,1,9,0,18,0,1,0,0,0,0,1,1,6,2,19,4,-1,-1,-1,-1,-1,-1
2017160226552,1,9,0,5,0,0,0,0,0,0,2,1,5,1,81,11,1598,1,-1,-1,-1,-1
2017160226552,2,19,0,18,0,0,0,0,0,0,1,1,1,1,53,8,1598,2,2,-1,-1,-1
2017160226569,1,9,0,18,0,8,0,0,0,0,1,1,5,2,54,8,1242,1,-1,-1,-1,-1
2017160226569,2,9,4,15,0,8,0,0,0,0,2,1,6,3,-1,-1,1149,1,4,-1,-1,-1
2017160226611,1,9,0,18,0,2,0,0,0,0,4,1,5,2,30,6,-1,-1,-1,-1,-1,-1
2017160226644,1,21,0,18,6,0,1,0,0,0,1,1,1,1,40,7,10837,2,6,-1,-1,-1
2017160226644,2,19,0,2,6,0,0,0,0,0,2,1,1,1,54,8,2287,2,5,-1,-1,-1
2017160226672,1,1,0,18,9,2,0,0,0,0,1,1,6,3,-1,-1,-1,-1,-1,-1,-1,-1
2017160226688,1,9,0,9,0,0,0,0,0,0,3,1,6,1,38,7,1598,1,12,-1,-1,-1
2017160226688,2,9,0,18,0,0,0,0,0,0,1,1,6,1,33,6,1896,2,9,-1,-1,-1
2017160226718,1,9,0,11,0,0,0,0,0,0,1,1,5,2,43,7,1685,2,3,-1,-1,-1
2017160226718,2,1,0,18,0,0,0,0,0,0,1,1,5,1,51,8,-1,-1,-1,-1,-1,-1
2017160226783,1,9,0,10,0,8,0,0,0,0,2,1,5,1,27,6,1595,1,10,-1,-1,-1
2017160226783,2,5,0,18,0,1,0,0,0,0,1,1,6,1,47,8,999,1,5,-1,-1,-1
2017160226803,1,1,0,5,0,6,0,0,0,0,4,1,3,1,14,3,-1,-1,-1,-1,-1,-1
2017160226803,2,3,0,18,0,1,0,0,0,0,1,1,2,1,21,5,125,1,2,-1,-1,-1
2017160226811,1,9,0,18,0,2,0,0,0,0,1,1,5,2,61,9,1198,1,2,-1,-1,-1
2017160226811,2,1,0,18,0,2,0,0,0,0,1,1,6,1,12,3,-1,-1,-1,-1,-1,-1
2017160226965,1,9,0,18,0,0,0,0,0,0,1,1,6,2,25,5,1390,1,4,-1,-1,-1
2017160226965,2,9,0,18,0,0,0,0,0,0,2,1,6,2,20,4,1229,1,10,-1,-1,-1
2017160226982,1,19,0,7,0,0,0,0,0,0,0,1,1,1,60,9,2400,2,16,-1,-1,-1
2017160226982,2,9,0,18,0,0,0,0,0,0,0,1,5,2,53,8,1796,1,9,-1,-1,-1
2017160226982,3,19,0,18,0,0,0,0,0,0,2,1,5,1,42,7,-1,-1,-1,-1,-1,-1
2017160226982,4,9,0,18,0,0,0,0,0,0,1,1,5,2,31,6,1968,2,4,-1,-1,-1
2017160226995,1,9,0,9,0,6,0,0,0,0,3,1,6,2,52,8,1296,1,10,-1,-1,-1
2017160226995,2,19,0,18,0,8,0,0,0,0,4,1,6,1,44,7,2143,2,1,-1,-1,-1
2017160227015,1,9,0,9,0,5,0,0,0,0,4,1,5,2,26,6,1598,2,2,-1,-1,-1
2017160227015,2,1,0,18,4,1,0,0,0,0,1,1,5,1,64,9,-1,-1,-1,-1,-1,-1
2017160227035,1,21,1,9,0,8,0,0,0,0,3,1,1,1,51,8,-1,-1,-1,-1,-1,-1
2017160227035,2,9,0,18,0,3,0,0,0,0,4,1,5,1,74,10,1229,1,9,-1,-1,-1
2017160227043,1,9,0,18,0,0,0,10,1,11,1,1,2,1,34,6,1896,2,14,-1,-1,-1
2017160227121,1,9,0,16,9,0,0,4,7,0,1,1,6,1,30,6,1796,1,10,5,3,5
2017160227121,2,9,0,2,9,0,0,0,0,0,2,1,6,3,-1,-1,1796,1,16,-1,-1,-1
2017160227136,1,9,0,9,0,8,0,0,0,0,1,1,6,1,28,6,998,1,16,-1,-1,-1
2017160227136,2,9,0,18,0,8,0,0,0,0,1,1,6,2,46,8,-1,-1,-1,-1,-1,-1
2017160227178,1,9,0,7,0,1,0,0,0,0,1,1,6,1,-1,-1,1193,1,-1,-1,-1,-1
2017160227207,1,9,0,9,0,5,0,0,0,0,0,1,6,3,16,4,-1,-1,-1,-1,-1,-1
2017160227207,2,11,0,18,0,1,0,0,0,0,0,1,1,1,54,8,4461,2,3,-1,-1,-1
2017160227266,1,9,0,7,0,3,0,0,0,0,1,1,6,3,-1,-1,1200,1,1,-1,-1,-1
2017160227268,1,9,0,18,9,0,0,10,1,0,4,1,6,3,-1,-1,973,1,15,-1,-1,-1
2017160227285,1,9,0,3,0,0,0,0,0,0,2,1,6,1,38,7,1968,2,4,1,1,1
2017160227285,2,21,1,18,0,0,0,0,0,0,1,1,1,1,40,7,10837,2,6,8,1,8
2017160227310,1,11,0,18,0,4,0,0,0,0,3,1,1,1,26,6,8268,2,11,-1,-1,-1
2017160227310,2,1,0,18,0,3,0,0,0,0,1,1,2,2,30,6,-1,-1,-1,-1,-1,-1
2017160227406,1,5,0,18,0,2,0,0,0,0,1,1,6,1,52,8,885,1,19,3,1,3
2017160227406,2,9,0,18,0,1,0,0,0,0,1,1,6,2,24,5,1560,2,5,7,1,7
2017160227406,3,9,0,2,0,2,0,0,0,0,3,1,6,3,-1,-1,1997,2,1,-1,-1,-1
2017160227427,1,9,0,2,0,0,0,0,0,0,1,1,6,2,62,9,1600,2,7,8,1,8
2017160227427,2,19,0,1,0,0,0,0,0,0,2,1,1,1,47,8,1248,2,7,-1,-1,-1
2017160227437,1,9,0,18,0,0,0,10,1,0,1,1,5,1,76,11,954,1,18,-1,-1,-1
2017160227466,1,21,1,8,0,1,0,0,0,0,4,1,1,1,59,9,12777,2,4,-1,-1,-1
2017160227510,1,22,0,18,0,0,0,0,0,0,3,1,6,1,72,10,-1,-1,-1,-1,-1,-1
2017160227510,2,9,0,18,0,0,0,0,0,0,1,1,6,3,28,6,-1,-1,-1,-1,-1,-1
2017160227552,1,98,0,9,0,6,0,0,0,0,4,1,6,3,39,7,-1,-1,-1,-1,-1,-1
2017160227552,2,1,0,18,0,1,0,0,0,0,1,1,6,1,34,6,-1,-1,-1,-1,-1,-1
2017160227570,1,9,0,18,0,1,0,0,0,0,1,1,5,1,32,6,1199,1,14,-1,-1,-1
2017160227570,2,9,0,18,0,1,0,0,0,0,2,1,2,2,53,8,1461,2,1,-1,-1,-1
2017160227570,3,9,0,18,0,1,0,0,0,0,1,1,5,1,73,10,1248,1,4,-1,-1,-1
2017160227629,1,98,0,18,0,0,0,0,0,0,1,1,1,1,42,7,-1,-1,-1,-1,-1,-1
2017160227629,2,9,0,3,0,0,0,0,0,0,2,1,6,1,29,6,1124,1,8,6,1,6
2017160227629,3,19,0,3,0,0,0,0,0,0,2,1,6,1,38,7,1598,2,5,10,1,10
2017160227786,1,9,0,18,0,2,0,0,0,0,1,1,5,2,39,7,2179,2,4,-1,-1,-1
2017160227830,1,5,0,16,0,4,1,10,0,0,1,1,5,1,24,5,599,1,19,-1,-1,-1
2017160228029,1,9,0,9,0,1,0,0,0,0,2,1,6,2,41,7,1598,1,8,-1,-1,-1
2017160228029,2,1,0,18,0,1,0,0,0,0,1,1,6,2,31,6,-1,-1,-1,-1,-1,-1
2017160228036,1,9,0,18,0,1,0,0,0,0,2,1,6,2,29,6,-1,-1,-1,-1,-1,-1
2017160228036,2,9,0,18,0,1,0,0,0,0,2,1,6,2,28,6,1910,2,10,-1,-1,-1
2017160228036,3,9,0,18,0,1,0,0,0,0,1,1,6,2,28,6,2199,2,7,-1,-1,-1
2017160228118,1,9,0,13,0,0,0,0,7,10,1,1,6,1,67,10,1798,8,-1,-1,-1,-1
2017160228118,2,19,0,17,0,0,0,0,0,0,1,1,1,1,35,6,1868,2,11,-1,-1,-1
2017160228155,1,9,0,18,0,0,0,0,0,0,1,1,5,1,39,7,1149,1,15,-1,-1,-1
2017160228155,2,9,0,18,0,0,0,0,0,0,1,1,5,1,22,5,1242,1,7,7,3,7
2017160228164,1,9,0,18,0,8,0,4,1,0,4,1,5,1,23,5,1995,2,4,-1,-1,-1
2017160228164,2,9,0,18,0,8,0,0,0,0,1,1,6,1,17,4,999,1,16,-1,-1,-1
2017160228164,3,9,0,2,0,2,0,0,0,0,1,1,5,3,45,7,1328,1,10,-1,-1,-1
2017160228168,1,9,0,17,9,2,1,10,1,10,1,1,5,1,20,4,1896,2,16,-1,-1,-1
2017160228223,1,9,0,9,0,6,0,4,0,0,1,1,2,2,46,8,1968,2,9,-1,-1,-1
2017160228223,2,9,0,4,0,2,0,0,0,0,2,1,2,2,44,7,1364,1,8,-1,-1,-1
2017160228223,3,9,0,2,0,1,0,0,0,0,1,1,5,3,23,5,998,1,12,-1,-1,-1
2017160228244,1,9,0,18,0,0,0,0,0,0,1,1,5,1,89,11,1339,1,5,-1,-1,-1
2017160228244,2,17,0,18,0,0,0,0,0,0,3,1,1,1,20,4,-1,2,10,6,3,6
2017160228266,1,9,0,18,0,1,0,0,1,0,1,1,6,1,45,7,1598,1,11,-1,-1,-1
2017160228266,2,1,0,18,0,2,0,0,0,0,1,1,6,1,14,3,-1,-1,-1,-1,-1,-1
2017160228276,1,3,0,18,0,0,1,0,1,0,4,1,2,1,25,5,108,1,3,-1,-1,-1
2017160228289,1,9,0,18,0,0,0,0,0,0,1,1,6,1,75,10,1198,1,1,-1,-1,-1
2017160228289,2,9,0,2,0,0,0,0,0,0,1,1,5,3,43,7,1332,1,6,-1,-1,-1
2017160228299,1,9,0,12,0,0,0,0,0,0,1,1,1,1,47,8,1686,2,10,-1,-1,-1
2017160228299,2,9,0,4,0,0,0,0,0,0,2,1,1,2,42,7,1360,1,5,-1,-1,-1
2017160228299,3,9,0,4,0,0,0,0,0,0,2,1,1,2,54,8,1390,1,4,-1,-1,-1
2017160228299,4,9,0,4,0,0,0,0,0,0,2,1,1,1,62,9,1197,1,1,9,2,9
2017160228299,5,9,0,4,0,0,0,0,0,0,2,1,1,1,48,8,1997,2,6,-1,-1,-1
2017160228322,1,9,0,18,0,0,0,0,0,0,2,1,6,2,46,8,1198,1,4,-1,-1,-1