Accident_Index,Vehicle_Reference,Vehicle_Type,Towing_and_Articulation,Vehicle_Manoeuvre,Vehicle_Location-Restricted_Lane,Junction_Location,Skidding_and_Overturning,Hit_Object_in_Carriageway,Vehicle_Leaving_Carriageway,Hit_Object_off_Carriageway,1st_Point_of_Impact,Was_Vehicle_Left_Hand_Drive?,Journey_Purpose_of_Driver,Sex_of_Driver,Age_of_Driver,Age_Band_of_Driver,Engine_Capacity_(CC),Propulsion_Code,Age_of_Vehicle,Driver_IMD_Decile,Driver_Home_Area_Type,Vehicle_IMD_Decile
2017160242645,1,9,0,18,0,0,0,0,0,0,1,1,6,1,45,7,1390,1,4,9,1,9
2017160242645,2,1,0,18,0,0,0,0,0,0,2,1,6,2,38,7,-1,-1,-1,-1,-1,-1
2017160242688,1,9,0,18,0,0,0,0,0,0,2,1,6,1,32,6,-1,-1,-1,2,1,2
2017160242688,2,9,0,18,0,0,0,0,0,0,2,1,6,2,28,6,1598,1,11,1,1,1
2017160242688,3,9,0,18,0,0,0,0,0,0,1,1,6,3,-1,-1,-1,-1,-1,-1,-1,-1
2017160242707,1,9,0,18,0,0,0,0,0,0,3,1,5,1,59,9,-1,-1,-1,-1,-1,-1
2017160242717,1,9,0,4,0,2,0,0,0,0,2,1,6,1,70,10,1240,1,8,-1,-1,-1
2017160242717,2,9,0,4,0,2,0,0,0,0,2,1,6,2,53,8,1598,1,11,-1,-1,-1
2017160242717,3,9,0,18,0,2,0,0,0,0,1,1,3,1,38,7,1951,2,13,-1,-1,-1
2017160242740,1,9,0,12,0,0,0,0,0,0,1,1,2,1,24,5,1969,2,-1,-1,-1,-1
2017160242740,2,3,0,18,0,0,0,0,0,0,2,1,6,1,28,6,-1,-1,-1,-1,-1,-1
2017160242749,1,19,0,18,0,0,0,0,0,0,1,1,1,1,30,6,2198,2,1,5,1,5
2017160242753,1,97,0,18,0,1,0,0,0,0,2,1,6,1,22,5,-1,-1,-1,-1,-1,-1
2017160242753,2,9,0,18,0,1,0,0,0,0,1,1,6,3,-1,-1,-1,-1,-1,-1,-1,-1
2017160242793,1,9,0,18,0,0,1,0,0,0,4,1,5,1,19,4,1242,1,11,-1,-1,-1
2017160242793,2,19,0,2,0,0,0,0,0,0,0,1,6,3,-1,-1,-1,-1,-1,-1,-1,-1
2017160242797,1,9,0,18,0,1,0,0,0,0,1,1,6,3,36,7,1753,2,12,-1,-1,-1
2017160242797,2,9,0,8,0,1,0,0,0,0,2,1,6,2,20,4,998,1,10,-1,-1,-1
2017160242815,1,9,0,18,0,0,0,0,0,0,4,1,2,1,43,7,1968,2,2,4,1,4
2017160242815,2,21,0,12,0,0,0,0,0,0,3,1,1,1,30,6,12902,2,1,4,1,4
2017160242872,1,9,0,10,0,0,0,0,0,0,2,1,6,2,23,5,1560,2,7,-1,-1,-1
2017160242872,2,9,0,18,0,0,0,0,0,0,1,1,6,2,37,7,1796,1,9,-1,-1,-1
2017160242886,1,9,0,17,0,0,0,0,0,0,1,1,6,1,50,8,1995,2,-1,6,3,6
2017160242897,1,9,0,18,0,1,0,0,0,0,1,1,6,2,32,6,1995,2,1,-1,-1,-1
2017160242897,2,1,4,18,0,1,0,0,0,0,2,1,6,1,35,6,-1,-1,-1,-1,-1,-1
2017160242921,1,9,0,18,0,1,0,0,0,0,1,1,6,3,-1,-1,1598,1,14,-1,-1,-1
2017160242921,2,9,0,9,0,1,0,0,0,0,2,1,6,1,30,6,1587,1,11,-1,-1,-1
2017160243244,1,9,0,18,0,0,0,0,0,0,1,1,6,2,37,7,1598,1,11,-1,-1,-1
2017160243244,2,1,0,18,0,0,0,0,0,0,2,1,6,2,6,2,-1,-1,-1,-1,-1,-1
2017160243251,1,9,0,18,0,0,0,0,0,0,1,1,2,1,43,7,2143,2,4,-1,-1,-1
2017160243309,1,9,0,17,0,0,5,10,7,0,1,1,5,1,24,5,1461,2,12,-1,-1,-1
2017160243315,1,9,0,18,0,1,0,4,0,0,1,1,5,1,89,11,995,1,10,-1,-1,-1
2017160243315,2,9,0,2,0,1,0,0,0,0,2,1,6,1,50,8,-1,-1,-1,-1,-1,-1
2017160243334,1,9,0,9,0,2,0,0,0,0,1,1,1,1,60,9,-1,-1,-1,-1,-1,-1
2017160243354,1,9,0,5,0,8,0,0,0,0,3,1,5,1,44,7,1968,2,2,6,2,6
2017160243354,2,9,0,18,0,1,0,10,7,0,1,1,2,1,50,8,1969,2,1,9,2,9
2017160243367,1,5,0,14,0,0,0,0,0,0,1,1,5,1,19,4,805,1,20,-1,-1,-1
2017160243367,2,9,0,4,0,0,0,0,0,0,0,1,5,2,21,5,1149,1,6,-1,-1,-1
2017160243367,3,9,0,6,0,0,0,0,0,0,3,1,5,1,32,6,999,1,-1,-1,-1,-1
2017160243390,1,9,0,6,0,6,0,0,0,0,0,1,1,1,39,7,1968,2,2,-1,-1,-1
2017160243390,2,9,0,18,0,2,1,10,1,3,3,1,6,1,22,5,1781,1,16,-1,-1,-1
2017160243410,1,9,0,18,0,0,0,0,0,0,1,1,6,1,59,9,1596,1,13,-1,-1,-1
2017160243427,1,21,0,11,0,0,0,0,0,0,1,1,1,1,33,6,10837,2,2,-1,-1,-1
2017160243427,2,9,0,18,0,0,1,0,0,0,1,1,5,2,69,10,1598,1,5,-1,-1,-1
2017160243519,1,19,0,9,0,5,0,0,0,0,1,1,5,1,60,9,2143,2,2,-1,-1,-1
2017160243519,2,1,0,18,0,1,0,0,0,0,1,1,1,1,60,9,-1,-1,-1,-1,-1,-1
2017160243519,3,9,0,5,0,1,0,0,0,0,0,1,6,2,41,7,1595,1,4,-1,-1,-1
2017160243569,1,8,0,3,0,0,0,0,0,0,2,1,5,1,28,6,1242,1,2,-1,-1,-1
2017160243569,2,9,0,18,0,0,0,0,0,0,1,1,5,2,82,11,999,1,11,-1,-1,-1
2017160243622,1,9,0,16,0,0,0,10,7,4,1,1,5,2,23,5,1598,2,4,8,2,8
2017160243651,1,9,0,7,0,3,0,0,0,0,2,1,5,2,84,11,998,1,14,-1,-1,-1
2017160243651,2,1,0,18,0,3,0,0,0,0,2,1,5,1,62,9,-1,-1,-1,-1,-1,-1
2017160243657,1,9,0,7,0,2,0,0,0,0,1,1,6,1,51,8,1560,2,4,6,3,6
2017160243657,2,1,0,18,0,8,0,0,0,0,1,1,6,1,35,6,-1,-1,-1,3,2,3
2017160243700,1,9,0,4,0,4,0,0,0,0,1,1,5,1,50,8,2497,1,6,-1,-1,-1
2017160243700,2,9,0,18,0,4,0,0,0,0,4,1,3,2,29,6,1198,1,4,-1,-1,-1
2017160243714,1,1,0,18,0,0,0,10,0,0,0,1,2,2,46,8,-1,-1,-1,9,2,9
2017160243723,1,9,0,18,0,0,1,0,0,0,1,1,2,1,24,5,1781,1,28,-1,-1,-1
2017160243723,2,9,0,18,0,0,0,0,0,0,2,1,2,2,24,5,1598,1,1,-1,-1,-1
2017160243723,3,9,0,18,0,0,1,0,0,0,1,1,2,1,53,8,2495,2,21,5,3,5
2017160243723,4,21,0,18,0,0,1,0,0,0,1,1,1,1,50,8,6692,2,9,-1,-1,-1
2017160243751,1,9,0,9,0,1,0,0,0,0,1,1,2,2,47,8,998,1,10,7,1,7
2017160243751,2,9,0,18,0,2,0,0,0,0,1,1,2,1,39,7,1587,1,19,-1,-1,-1
2017160243775,1,19,0,9,0,5,0,0,0,0,4,1,1,1,50,8,1995,2,-1,3,1,3
2017160243775,2,9,0,13,0,8,0,0,0,0,3,1,6,3,-1,-1,1988,1,14,-1,-1,-1
2017160243780,1,9,0,15,0,0,0,0,0,0,4,1,6,1,92,11,1588,1,15,8,3,8
2017160243780,2,1,0,18,0,0,0,0,0,0,2,1,6,1,29,6,-1,-1,-1,-1,-1,-1
2017160243806,1,1,0,10,0,1,0,0,0,0,2,1,2,1,33,6,-1,-1,-1,1,1,1
2017160243806,2,9,0,10,0,2,0,0,0,0,1,1,6,1,-1,-1,-1,-1,-1,-1,-1,-1
2017160243817,1,9,0,18,0,0,0,0,0,0,4,1,1,1,50,8,1997,1,1,10,1,10
2017160243950,1,9,0,18,0,2,0,0,0,0,1,1,3,1,42,7,1956,2,3,-1,-1,-1
2017160243983,1,3,0,15,2,8,1,0,0,0,1,1,6,1,18,4,125,1,2,-1,-1,-1
2017160244014,1,9,0,16,0,3,0,0,0,0,2,1,2,2,54,8,1598,1,11,-1,-1,-1
2017160244014,2,9,0,5,0,3,0,0,0,0,1,1,2,1,18,4,1242,1,8,-1,-1,-1
2017160244049,1,19,0,4,0,0,0,0,0,0,2,1,6,1,-1,-1,1686,2,8,-1,-1,-1
2017160244049,2,9,0,4,0,0,0,0,0,0,1,1,2,1,49,8,2143,2,6,-1,-1,-1
2017160244073,1,9,0,18,0,0,0,0,0,0,1,1,2,1,21,5,1398,1,-1,-1,-1,-1
2017160244104,1,9,0,9,0,8,0,0,0,0,0,1,6,3,19,4,-1,-1,-1,-1,-1,-1
2017160244134,1,9,0,7,0,3,0,0,0,0,1,1,2,1,26,6,998,1,2,9,3,9
2017160244178,1,9,0,18,0,2,0,0,0,0,1,1,5,2,19,4,1242,1,3,-1,-1,-1
2017160244196,1,9,0,7,0,2,0,10,1,10,4,1,2,1,29,6,1560,2,6,-1,-1,-1
2017160244217,1,9,0,18,0,0,0,0,0,0,1,1,6,3,28,6,-1,-1,-1,-1,-1,-1
2017160244231,1,8,0,4,0,2,0,0,0,0,0,1,1,1,54,8,1248,2,6,-1,-1,-1
2017160244233,1,9,0,9,0,5,0,0,0,0,1,1,2,2,26,6,1242,1,3,-1,-1,-1
2017160244233,2,1,0,18,0,1,0,0,0,0,1,1,6,1,20,4,-1,-1,-1,-1,-1,-1
2017160244250,1,9,0,9,0,8,0,10,7,0,1,1,6,3,-1,-1,1968,2,11,-1,-1,-1
2017160244250,2,9,0,18,0,8,0,0,0,0,3,1,5,1,43,7,1956,2,5,-1,-1,-1
2017160244261,1,2,0,5,0,6,0,0,0,0,3,1,5,1,16,4,49,1,3,-1,-1,-1
2017160244261,2,21,0,18,0,1,0,0,0,0,1,1,1,1,50,8,12419,2,4,9,3,9
2017160244289,1,9,0,18,0,1,0,0,0,0,1,1,6,1,36,7,1999,1,10,-1,-1,-1
2017160244289,2,9,0,9,0,1,0,0,0,0,2,1,2,2,17,4,1349,1,8,-1,-1,-1
2017160244388,1,9,0,18,0,0,2,10,7,0,1,1,5,1,27,6,1360,1,9,-1,-1,-1
2017160244394,1,9,0,7,0,6,0,0,0,0,1,1,6,2,55,8,1598,1,11,8,1,8
2017160244410,1,9,0,7,0,6,0,0,0,0,1,1,5,1,35,6,1388,1,13,-1,-1,-1
2017160244410,2,9,0,18,0,1,0,0,0,0,1,1,5,1,32,6,1398,1,-1,-1,-1,-1
2017160244437,1,9,0,18,0,0,0,0,0,0,1,1,5,1,65,9,1998,1,15,-1,-1,-1
2017160244437,2,1,0,5,0,0,0,0,0,0,2,1,5,2,13,3,-1,-1,-1,-1,-1,-1
2017160244466,1,11,0,9,0,4,0,0,0,0,0,1,1,2,37,7,4461,2,3,3,1,3
2017160244467,1,9,0,18,0,0,0,0,0,0,1,1,5,2,80,11,1198,1,9,-1,-1,-1
2017160244467,2,9,0,18,0,0,0,0,0,0,3,1,5,1,75,10,1496,1,-1,-1,-1,-1
2017160244467,3,9,0,12,0,0,0,0,0,0,1,1,5,1,58,9,1086,1,13,-1,-1,-1
2017160244467,4,9,0,18,0,0,0,0,0,0,1,1,5,1,65,9,-1,-1,-1,-1,-1,-1
2017160244502,1,9,0,18,0,0,0,0,0,0,1,1,6,2,61,9,2179,2,5,7,1,7
2017160244502,2,1,0,18,0,0,0,0,0,0,1,1,6,1,12,3,-1,-1,-1,1,1,1
2017160244555,1,19,0,18,0,8,0,0,0,0,4,1,6,1,45,7,2460,2,9,6,2,6
2017160244567,1,9,0,18,0,0,0,0,0,0,1,1,5,1,25,5,1896,2,13,-1,-1,-1
2017160244567,2,9,0,3,0,0,0,0,0,0,2,1,5,1,25,5,1229,1,6,6,3,6
2017160244580,1,1,0,18,0,3,0,0,0,0,1,1,6,1,47,8,-1,-1,-1,1,1,1
2017160244580,2,9,0,18,0,3,0,0,0,0,2,1,6,3,-1,-1,-1,-1,-1,-1,-1,-1
2017160244589,1,90,0,18,0,2,0,0,0,0,1,1,5,1,14,3,-1,-1,-1,-1,-1,-1
2017160244589,2,9,0,18,0,1,0,0,0,0,1,1,5,1,23,5,1968,2,10,-1,-1,-1
2017160244601,1,9,0,18,0,1,0,0,0,0,1,1,6,1,26,6,1560,2,5,7,1,7
2017160244601,2,9,0,18,0,1,0,0,0,0,2,1,6,2,24,5,1968,2,11,3,1,3
2017160244602,1,9,0,16,0,0,1,0,0,0,1,1,5,1,40,7,998,1,9,-1,-1,-1
2017160244602,2,9,0,17,0,0,1,0,1,0,1,1,5,2,31,6,1596,1,6,-1,-1,-1
2017160244625,1,9,0,18,0,8,1,10,1,11,4,1,6,1,20,4,1596,1,16,-1,-1,-1
2017160244625,2,9,0,5,0,6,0,0,0,0,1,1,5,2,18,4,1242,1,5,-1,-1,-1
2017160244625,3,9,0,9,0,6,0,0,0,0,0,1,6,3,-1,-1,-1,-1,-1,-1,-1,-1
2017160244641,1,98,0,18,0,0,0,0,0,0,1,1,6,3,-1,-1,-1,-1,-1,-1,-1,-1
2017160244641,2,1,0,18,0,0,0,0,0,0,2,1,6,1,31,6,-1,-1,-1,9,1,9
2017160244767,1,90,0,5,0,0,0,0,0,0,1,1,1,1,33,6,-1,-1,-1,-1,-1,-1
2017160244780,1,9,0,18,0,8,0,0,0,0,1,1,5,1,33,6,1998,1,7,-1,-1,-1
2017160244780,2,9,0,18,0,8,0,0,0,0,1,1,5,2,75,10,1596,1,16,-1,-1,-1
2017160244942,1,9,0,18,0,1,0,12,1,1,1,1,5,1,17,4,1328,1,8,-1,-1,-1
2017160244956,1,11,0,4,0,0,0,0,0,0,2,1,1,3,-1,-1,-1,-1,-1,-1,-1,-1
2017160244956,2,9,0,18,0,0,0,0,0,0,1,1,6,1,77,11,2179,2,10,-1,-1,-1
2017160244989,1,9,0,7,0,6,0,0,0,0,3,1,6,2,58,9,1598,1,6,6,1,6
2017160244989,2,9,0,18,0,1,0,0,0,0,4,1,6,2,49,8,1242,1,3,1,1,1
2017160244998,1,9,0,18,0,4,0,0,0,0,1,1,5,1,87,11,1498,1,1,-1,-1,-1
2017160244998,2,5,0,9,0,3,0,0,0,0,4,1,5,1,64,9,599,1,18,-1,-1,-1
2017160245033,1,9,0,16,0,0,1,0,7,0,1,1,6,2,31,6,1360,1,12,-1,-1,-1
2017160245073,1,9,0,18,0,4,0,0,0,0,1,1,2,2,57,9,1397,1,8,-1,-1,-1
2017160245073,2,1,0,18,0,8,0,0,0,0,1,1,4,1,13,3,-1,-1,-1,-1,-1,-1
2017160245084,1,9,0,9,0,8,0,0,0,0,4,1,5,1,82,11,1386,1,10,-1,-1,-1
2017160245084,2,9,0,18,0,8,0,0,0,0,1,1,5,2,30,6,1896,2,8,-1,-1,-1
2017160245098,1,9,0,18,0,0,0,0,0,0,1,1,6,1,52,8,1798,1,4,-1,-1,-1
2017160245098,2,9,0,3,0,0,0,0,0,0,2,1,6,2,52,8,998,1,4,-1,-1,-1
2017160245101,1,9,0,18,0,4,0,0,0,0,2,1,5,1,37,7,1995,2,5,9,3,9
2017160245101,2,3,0,18,0,8,1,0,1,0,1,1,5,1,18,4,124,1,10,-1,-1,-1
2017160245138,1,9,0,18,0,0,0,0,0,0,1,1,6,3,-1,-1,2982,2,4,-1,-1,-1
2017160245138,2,1,0,18,0,0,0,0,0,0,2,1,6,2,38,7,-1,-1,-1,-1,-1,-1
2017160245274,1,9,0,17,0,0,0,10,1,11,1,1,6,2,27,6,1968,2,9,-1,-1,-1
2017160245295,1,9,0,18,0,2,0,0,0,0,1,1,5,1,81,11,1582,2,3,-1,-1,-1
2017160245302,1,9,0,16,0,7,2,10,5,6,1,1,5,1,19,4,1198,1,7,-1,-1,-1
2017160245342,1,9,0,18,0,4,0,0,0,0,1,1,6,2,38,7,1997,2,11,-1,-1,-1
2017160245342,2,9,0,3,0,4,0,0,0,0,4,1,6,2,32,6,1685,2,2,-1,-1,-1
2017160245342,3,9,0,5,0,4,0,0,0,0,2,1,6,1,18,4,999,1,1,-1,-1,-1
2017160245400,1,9,0,9,0,1,1,0,0,0,1,1,5,1,42,7,1360,1,17,4,3,4
2017160245400,2,9,0,16,0,1,2,0,0,0,1,1,5,1,27,6,-1,-1,-1,-1,-1,-1
2017160245400,3,9,0,16,0,1,0,0,0,0,1,1,5,1,20,4,1199,1,18,-1,-1,-1
2017160245435,1,9,0,12,0,8,0,0,0,0,3,1,5,2,69,10,1956,2,4,-1,-1,-1
2017160245435,2,9,0,18,0,8,0,0,0,0,1,1,5,2,49,8,1598,1,2,-1,-1,-1
2017160245464,1,9,0,9,0,8,0,0,0,0,1,1,1,1,31,6,1461,2,12,-1,-1,-1
2017160245464,2,9,0,18,0,8,0,0,0,0,3,1,5,2,41,7,2993,2,2,-1,-1,-1
2017160245478,1,9,0,18,0,1,0,0,0,0,3,1,6,1,77,11,1998,2,13,-1,-1,-1
2017160245486,1,11,0,9,0,2,0,0,0,0,1,1,1,1,57,9,6696,2,2,-1,-1,-1
2017160245498,1,9,0,9,0,6,0,0,0,0,3,1,5,2,57,9,1560,2,7,-1,-1,-1
2017160245498,2,9,0,18,0,8,0,0,0,0,1,1,2,1,61,9,-1,-1,-1,-1,-1,-1
2017160245508,1,9,0,18,0,4,5,0,0,0,3,1,5,2,42,7,1995,2,1,-1,-1,-1
2017160245508,2,3,0,18,0,8,5,0,0,0,4,1,6,2,56,9,125,1,2,-1,-1,-1
2017160245533,1,19,0,16,0,0,1,10,7,9,1,1,6,1,30,6,1870,2,12,5,3,5
2017160245549,1,9,0,16,0,0,1,10,1,0,3,1,2,1,50,8,2720,2,11,-1,-1,-1
2017160245549,2,9,0,17,0,0,1,10,1,0,3,1,6,1,43,7,2401,2,14,-1,-1,-1
2017160245556,1,9,0,2,6,0,0,0,0,0,0,1,6,3,-1,-1,-1,-1,-1,-1,-1,-1
2017160245576,1,9,0,17,0,0,1,10,7,0,1,1,6,2,19,4,1242,1,4,6,1,6
2017160245710,1,9,0,9,0,8,0,0,0,0,1,1,2,1,50,8,1229,1,10,-1,-1,-1
2017160245710,2,9,0,18,0,8,1,10,1,0,4,1,5,1,50,8,1896,2,14,-1,-1,-1
2017160245730,1,9,0,9,0,5,0,0,0,0,0,1,6,3,-1,-1,-1,-1,-1,-1,-1,-1
2017160245730,2,9,0,7,0,6,0,0,0,0,0,1,6,2,28,6,1999,1,9,-1,-1,-1
2017160245733,1,9,0,18,0,0,0,0,0,0,3,1,2,1,29,6,1587,1,13,-1,-1,-1
2017160245733,2,9,0,7,0,0,1,0,0,0,4,1,2,1,30,6,1598,1,12,-1,-1,-1
2017160245791,1,9,0,5,0,6,0,0,0,0,1,1,6,2,70,10,5204,1,-1,10,3,10
2017160245791,2,1,0,18,0,8,0,0,0,0,1,1,6,1,51,8,-1,-1,-1,-1,-1,-1
2017160245807,1,19,0,9,0,3,0,0,0,0,1,1,6,1,45,7,1753,2,12,-1,-1,-1
2017160245807,2,4,0,18,0,1,0,0,0,0,3,1,6,1,64,9,239,1,21,7,2,7
2017160245815,1,9,0,18,0,0,1,0,0,0,1,1,4,2,37,7,1591,1,1,-1,-1,-1
2017160245815,2,9,0,4,0,0,0,0,0,0,2,1,1,2,50,8,1596,1,12,-1,-1,-1
2017160245815,3,9,0,4,0,0,0,0,0,0,2,1,1,1,26,6,1896,2,12,-1,-1,-1
2017160245815,4,9,0,9,0,0,0,0,0,0,0,1,2,1,50,8,2993,2,3,-1,-1,-1
2017160245834,1,9,0,2,6,0,0,0,0,0,3,1,6,1,34,6,1497,1,15,-1,-1,-1
2017160245834,2,1,0,18,0,0,0,4,0,0,1,1,6,2,39,7,-1,-1,-1,-1,-1,-1
2017160245846,1,9,0,3,0,1,0,0,0,0,2,1,6,2,53,8,1598,2,6,-1,-1,-1
2017160245846,2,9,0,18,0,1,0,0,0,0,1,1,6,1,35,6,1560,2,3,-1,-1,-1
2017160245861,1,19,4,1,0,0,0,0,0,0,2,1,1,1,36,7,2298,2,2,-1,-1,-1
2017160245875,1,11,0,4,0,1,0,0,0,0,0,1,1,1,44,7,-1,-1,-1,-1,-1,-1
2017160245877,1,9,0,18,0,0,0,10,7,0,3,1,6,2,23,5,1149,1,5,-1,-1,-1
2017160245877,2,9,0,18,0,0,0,0,0,0,1,1,6,2,29,6,1240,1,12,-1,-1,-1
2017160245877,3,9,0,18,0,0,0,0,0,0,3,1,6,1,19,4,1910,2,9,-1,-1,-1
2017160245897,1,9,0,2,0,0,0,0,0,0,3,1,6,3,53,8,2231,2,4,-1,-1,-1
2017160245897,2,1,0,14,0,0,0,0,0,0,4,1,6,1,33,6,-1,-1,-1,-1,-1,-1
2017160245921,1,9,0,18,0,0,0,0,0,0,0,1,5,1,30,6,1996,1,1,-1,-1,-1
2017160245921,2,9,0,12,0,0,0,10,0,0,2,1,5,2,27,6,1995,2,8,-1,-1,-1
2017160245921,3,9,0,18,0,0,1,4,1,1,1,1,2,1,24,5,1984,1,1,-1,-1,-1
2017160245921,4,9,0,18,0,0,1,0,0,0,2,1,5,1,32,6,1368,1,13,-1,-1,-1
2017160245921,5,90,0,2,9,0,0,4,0,0,2,1,6,1,47,8,-1,-1,-1,-1,-1,-1
2017160245921,6,9,0,2,6,0,0,0,0,0,2,1,5,2,75,10,1364,1,1,-1,-1,-1
2017160245921,7,90,0,2,6,0,0,0,0,0,2,1,5,1,82,11,2370,2,23,-1,-1,-1
2017160245937,1,19,0,10,0,6,0,0,0,0,1,1,1,1,43,7,-1,-1,-1,-1,-1,-1
2017160245937,2,9,0,18,0,1,0,0,0,0,1,1,6,3,-1,-1,1794,1,16,-1,-1,-1
2017160245937,3,9,0,18,0,1,0,0,0,0,4,1,6,2,27,6,1390,1,5,-1,-1,-1
2017160245946,1,97,0,18,0,0,0,0,0,0,1,1,6,1,20,4,-1,-1,-1,-1,-1,-1
2017160245946,2,9,0,2,0,0,0,0,0,0,1,1,6,1,43,7,1242,1,15,1,1,1
2017160245989,1,23,0,18,0,8,0,0,0,0,1,1,5,1,19,4,-1,-1,-1,-1,-1,-1
2017160245989,2,9,0,9,0,1,0,0,0,0,1,1,6,3,-1,-1,-1,-1,-1,-1,-1,-1
2017160245991,1,9,0,18,0,0,1,10,2,6,1,1,6,1,19,4,1197,1,3,-1,-1,-1
2017160245991,2,9,0,18,0,0,1,10,1,0,1,1,6,1,22,5,1596,1,-1,-1,-1,-1
2017160245991,3,9,0,18,0,0,0,11,0,0,1,1,6,1,24,5,1490,1,9,-1,-1,-1
2017160245993,1,19,0,18,0,0,0,0,0,0,1,1,6,1,54,8,1868,2,13,-1,-1,-1
2017160245993,2,9,0,3,0,0,0,0,0,0,2,1,6,2,24,5,998,1,16,-1,-1,-1
2017160246012,1,9,0,2,0,0,0,0,0,0,3,1,6,1,59,9,1998,2,9,1,1,1
2017160246012,2,1,0,18,0,0,0,0,0,0,1,1,6,1,53,8,-1,-1,-1,-1,-1,-1
2017160246032,1,98,0,13,0,0,0,0,0,0,1,1,6,3,-1,-1,-1,-1,-1,-1,-1,-1
2017160246032,2,1,0,18,0,0,0,0,0,0,2,1,6,1,48,8,-1,-1,-1,-1,-1,-1
2017160246051,1,9,0,18,0,8,0,0,0,0,1,1,1,1,30,6,1686,2,4,-1,-1,-1
2017160246051,2,9,0,18,0,8,0,0,0,0,1,1,5,2,36,7,-1,-1,-1,1,1,1
2017160246071,1,9,0,9,0,0,0,0,0,0,1,1,6,1,39,7,1395,1,4,-1,-1,-1
2017160246071,2,9,0,18,0,0,0,0,0,0,2,1,6,2,36,7,1390,1,5,-1,-1,-1
2017160246075,1,9,0,18,0,0,1,0,0,0,1,1,2,2,59,9,1598,1,10,-1,-1,-1
2017160246075,2,19,0,18,0,0,0,10,1,0,3,1,2,1,29,6,2198,2,1,-1,-1,-1
2017160246181,1,19,0,9,0,6,0,0,0,0,1,1,6,1,41,7,2148,2,10,-1,-1,-1
2017160246181,2,9,0,18,0,8,0,0,0,0,1,1,6,2,39,7,1598,2,1,-1,-1,-1
2017160246300,1,9,0,3,0,1,0,0,0,0,2,1,5,1,27,6,1124,1,14,-1,-1,-1
2017160246300,2,9,0,18,0,1,0,0,0,0,1,1,5,2,19,4,998,1,6,-1,-1,-1
2017160246312,1,9,0,4,0,1,0,0,0,0,2,1,4,2,40,7,1686,2,5,-1,-1,-1
2017160246312,2,9,0,4,0,1,0,0,0,0,1,1,6,1,56,9,1199,1,14,1,1,1
2017160246366,1,9,0,9,0,2,0,0,0,0,3,1,5,1,26,6,998,1,9,-1,-1,-1
2017160246416,1,9,0,18,0,2,0,0,0,0,4,1,6,1,32,6,1956,2,2,-1,-1,-1
2017160246452,1,4,0,18,0,0,0,0,0,0,1,1,6,1,21,5,-1,-1,-1,-1,-1,-1
2017160246452,2,9,0,18,0,0,0,0,0,0,2,1,6,1,56,9,1598,2,1,-1,-1,-1
2017160246453,1,9,0,9,0,5,0,0,0,0,4,1,5,1,18,4,998,1,9,-1,-1,-1
2017160246453,2,8,0,18,0,8,0,0,0,0,1,1,1,1,34,6,1997,2,8,-1,-1,-1
2017160246471,1,8,0,18,0,0,0,0,0,0,1,1,1,1,64,9,1998,2,5,-1,-1,-1
2017160246487,1,8,0,18,0,1,0,0,0,0,4,1,1,1,50,8,1997,2,9,-1,-1,-1
2017160246522,1,9,0,7,0,1,0,0,0,0,1,1,5,2,84,11,998,1,6,-1,-1,-1
2017160246522,2,9,0,18,0,1,0,0,0,0,1,1,5,2,66,10,1560,2,-1,-1,-1,-1
2017160246546,1,9,0,18,0,1,0,0,0,0,1,1,3,1,26,6,1956,2,6,-1,-1,-1
2017160246562,1,9,0,18,0,0,0,0,0,0,1,1,6,2,45,7,1997,2,4,-1,-1,-1
2017160246563,1,9,0,5,0,0,0,0,0,0,4,1,5,1,28,6,1242,1,15,-1,-1,-1
2017160246563,2,3,0,18,0,0,0,0,0,0,4,1,5,1,23,5,125,1,13,-1,-1,-1
2017160246685,1,9,0,9,0,5,0,10,1,0,3,1,6,1,42,7,898,1,1,-1,-1,-1
2017160246685,2,9,0,13,0,8,0,0,0,0,1,1,1,1,44,7,1560,2,-1,-1,-1,-1
2017160246697,1,9,0,18,0,1,0,0,0,0,1,1,5,1,68,10,1997,2,6,-1,-1,-1
2017160246744,1,9,0,18,0,0,0,0,0,0,1,1,6,2,27,6,998,1,4,-1,-1,-1
2017160246744,2,9,0,18,0,0,0,0,0,0,1,1,6,3,33,6,1598,2,2,-1,-1,-1
2017160246763,1,9,0,12,0,0,1,0,7,6,1,1,5,2,32,6,1396,1,8,-1,-1,-1
2017160246763,2,9,0,4,0,0,0,0,0,0,2,1,2,2,24,5,1399,2,12,-1,-1,-1
2017160246764,1,9,0,18,0,0,0,0,0,0,2,1,6,2,56,9,1560,2,2,1,1,1
2017160246764,2,9,0,18,0,0,0,0,0,0,1,1,6,2,28,6,1197,1,2,1,1,1
2017160246846,1,9,0,18,0,0,1,10,1,2,1,1,6,2,37,7,1199,1,14,1,1,1
2017160246869,1,9,0,13,0,3,0,0,0,0,3,1,6,3,38,7,-1,-1,-1,-1,-1,-1
2017160246869,2,1,0,9,0,4,0,0,0,0,4,1,2,1,48,8,-1,-1,-1,7,3,7
2017160246882,1,9,0,9,0,5,0,0,0,0,1,1,6,2,48,8,1685,2,3,3,1,3
2017160246885,1,9,0,5,0,4,0,0,0,0,1,1,5,2,25,5,-1,-1,-1,5,1,5
2017160246885,2,9,0,18,0,8,0,7,0,0,1,1,1,2,54,8,1198,1,-1,1,1,1
2017160246919,1,9,0,18,0,0,0,0,0,0,4,1,1,2,52,8,1332,1,17,2,1,2