Accident_Index,Vehicle_Reference,Vehicle_Type,Towing_and_Articulation,Vehicle_Manoeuvre,Vehicle_Location-Restricted_Lane,Junction_Location,Skidding_and_Overturning,Hit_Object_in_Carriageway,Vehicle_Leaving_Carriageway,Hit_Object_off_Carriageway,1st_Point_of_Impact,Was_Vehicle_Left_Hand_Drive?,Journey_Purpose_of_Driver,Sex_of_Driver,Age_of_Driver,Age_Band_of_Driver,Engine_Capacity_(CC),Propulsion_Code,Age_of_Vehicle,Driver_IMD_Decile,Driver_Home_Area_Type,Vehicle_IMD_Decile
2017170M10117,3,9,0,18,0,1,0,0,0,0,1,1,6,1,35,6,1364,1,10,1,1,1
2017170M10127,1,9,0,18,0,2,0,0,1,2,1,1,6,1,24,5,1968,2,12,1,1,1
2017170M10137,1,19,0,18,0,0,0,0,5,6,1,1,1,2,56,9,1868,2,11,8,3,8
2017170M10137,2,9,0,18,0,0,0,0,0,0,3,1,6,2,64,9,3628,2,10,5,3,5
2017170M10157,1,3,0,18,0,1,0,0,0,0,1,1,2,1,21,5,-1,-1,-1,2,1,2
2017170M10167,1,97,0,18,0,0,0,0,0,0,0,1,6,3,-1,-1,-1,-1,-1,-1,-1,-1
2017170M10167,2,9,0,4,0,0,0,0,0,0,2,1,6,1,55,8,2967,2,9,1,1,1
2017170M10167,3,9,0,18,0,0,0,0,0,0,1,1,6,2,26,6,1242,1,4,7,1,7
2017170M10177,1,9,0,9,0,6,0,0,0,0,4,1,6,1,50,8,2179,2,7,3,1,3
2017170M10177,2,9,0,18,0,8,0,0,0,0,1,1,6,2,28,6,1461,2,1,1,1,1
2017170M10187,1,8,0,18,0,8,0,0,0,0,1,1,1,1,66,10,1560,2,4,2,1,2
2017170M10187,2,9,0,9,0,8,0,0,0,0,4,1,6,1,66,10,1798,1,13,-1,-1,-1
2017170M10197,1,9,0,18,0,2,0,0,0,0,1,1,6,1,26,6,1461,2,2,2,1,2
2017170M10197,2,9,0,18,0,1,0,0,0,0,3,1,6,1,18,4,1396,1,8,2,1,2
2017170M10227,1,9,0,5,0,0,0,0,0,0,2,1,6,2,55,8,1498,1,2,3,1,3
2017170M10227,2,9,0,18,0,0,0,0,0,0,1,1,6,1,26,6,-1,-1,-1,1,1,1
2017170M10247,1,9,0,4,0,0,0,0,0,0,2,1,6,1,36,7,2148,2,8,-1,-1,-1
2017170M10247,2,9,0,18,0,0,0,0,0,0,1,1,6,2,79,11,1198,1,8,10,2,10
2017170M10257,1,9,0,9,0,8,0,0,0,0,1,1,6,1,32,6,2143,2,5,7,1,7
2017170M10257,2,9,0,18,0,8,0,0,0,0,4,1,6,1,60,9,1398,1,16,3,1,3
2017170M10287,1,9,0,9,0,8,0,0,0,0,1,1,6,1,56,9,2143,2,6,9,1,9
2017170M10297,1,9,0,18,0,2,0,0,0,0,1,1,6,1,29,6,1598,2,2,8,1,8
2017170M10297,2,1,0,18,0,2,0,0,0,0,1,1,6,1,17,4,-1,-1,-1,1,1,1
2017170M10307,1,1,0,18,0,8,0,0,0,0,1,1,6,1,30,6,-1,-1,-1,1,1,1
2017170M10307,2,10,0,18,0,8,0,0,0,0,3,1,1,1,52,8,-1,-1,-1,1,1,1
2017170M10347,1,9,0,18,0,8,0,0,0,0,4,1,6,2,65,9,1798,1,10,1,1,1
2017170M10347,2,9,0,9,0,8,0,0,0,0,1,1,6,2,58,9,-1,-1,-1,1,1,1
2017170M10357,1,9,0,18,0,8,0,0,1,10,3,1,6,1,21,5,1968,2,5,5,1,5
2017170M10357,2,9,0,18,0,8,0,0,0,0,1,1,6,3,-1,-1,-1,-1,-1,-1,-1,-1
2017170M10367,1,8,0,18,0,8,0,0,0,0,3,1,1,1,56,9,-1,-1,-1,5,1,5
2017170M10367,2,9,0,18,0,8,0,0,0,0,1,1,6,3,-1,-1,-1,-1,-1,-1,-1,-1
2017170M10417,1,19,0,18,0,8,0,0,0,0,3,1,1,2,48,8,1248,2,7,4,1,4
2017170M10417,2,9,0,9,0,8,0,0,0,0,1,1,6,1,31,6,-1,-1,-1,1,1,1
2017170M10427,1,8,0,18,0,8,0,0,1,10,1,1,1,1,31,6,1328,1,13,1,1,1
2017170M10437,1,9,0,1,0,8,0,0,0,0,2,1,6,1,48,8,2993,2,4,9,1,9
2017170M10437,2,9,0,9,0,8,0,0,0,0,3,1,6,1,45,7,-1,-1,-1,8,3,8
2017170M10447,1,9,0,18,0,0,0,0,0,0,3,1,6,3,-1,-1,-1,-1,-1,-1,-1,-1
2017170M10457,1,3,0,11,0,2,0,0,0,0,4,1,6,1,32,6,124,1,1,1,1,1
2017170M10457,2,5,0,1,0,2,0,0,0,0,3,1,6,1,51,8,1470,1,21,2,3,2
2017170M10467,1,9,0,18,0,8,0,0,0,0,1,1,6,2,85,11,1248,1,7,8,1,8
2017170M10467,2,9,0,9,0,8,0,0,0,0,1,1,6,2,60,9,1360,1,11,6,1,6
2017170M10477,1,9,0,9,0,8,0,0,0,0,1,1,6,1,52,8,1968,2,7,6,1,6
2017170M10477,2,1,0,18,0,8,0,0,0,0,3,1,2,1,37,7,-1,-1,-1,8,1,8
2017170M10487,1,9,0,18,0,8,0,0,7,10,1,1,6,1,29,6,1596,1,14,3,1,3
2017170M10487,2,9,0,18,0,8,0,0,0,0,3,1,6,1,45,7,1461,2,3,1,1,1
2017170M10487,3,9,0,18,0,1,0,0,0,0,0,1,1,1,25,5,1560,2,1,8,1,8
2017170M10497,1,9,0,18,0,2,0,0,0,0,3,1,6,2,26,6,1364,1,12,1,1,1
2017170M10537,1,9,0,7,0,8,0,0,0,0,0,1,6,1,-1,-1,-1,-1,-1,-1,-1,-1
2017170M10537,2,1,0,18,0,8,0,0,0,0,0,1,6,1,17,4,-1,-1,-1,1,1,1
2017170M10547,1,9,0,18,0,0,0,0,0,0,1,1,6,2,76,11,1242,1,13,7,1,7
2017170M10547,2,9,0,2,0,0,0,0,0,0,2,1,6,2,45,7,796,1,18,7,1,7
2017170M10557,1,5,0,18,0,2,0,0,0,0,1,1,6,1,25,5,499,1,24,8,1,8
2017170M10577,1,9,0,9,0,8,0,0,0,0,1,1,6,2,23,5,796,1,13,1,1,1
2017170M10577,2,5,0,18,0,8,0,0,0,0,4,1,6,1,32,6,649,1,1,1,1,1
2017170M10617,1,19,0,9,0,6,0,0,0,0,1,1,1,1,42,7,1399,2,6,1,1,1
2017170M10617,2,9,0,14,0,8,0,0,0,0,3,1,6,1,57,9,1988,1,15,-1,-1,-1
2017170M10627,1,9,0,18,0,1,0,0,0,0,1,1,6,2,40,7,1461,2,4,1,1,1
2017170M10627,2,3,0,13,0,2,0,0,0,0,1,1,6,1,24,5,-1,-1,-1,1,1,1
2017170M10667,1,9,0,7,0,2,0,0,0,0,1,1,6,2,29,6,1596,1,15,5,1,5
2017170M10677,1,9,0,18,0,8,0,0,0,0,1,1,6,2,60,9,996,1,2,2,1,2
2017170M10677,2,1,0,18,0,8,0,0,0,0,1,1,6,1,5,1,-1,-1,-1,2,1,2
2017170M10687,1,1,0,18,0,8,0,0,0,0,3,1,6,1,22,5,-1,-1,-1,7,1,7
2017170M10687,2,9,0,9,0,8,0,0,0,0,1,1,6,2,21,5,1598,2,1,1,1,1
2017170M10697,1,1,0,18,0,8,0,0,0,0,1,1,6,1,47,8,-1,-1,-1,8,1,8
2017170M10697,2,9,0,9,0,8,0,0,0,0,1,1,6,1,19,4,1598,2,5,7,1,7
2017170M10707,1,9,0,9,0,8,0,0,0,0,1,1,6,1,86,11,1242,1,12,1,1,1
2017170M10707,2,1,0,18,0,8,0,0,0,0,1,1,6,2,55,8,-1,-1,-1,6,1,6
2017170M10717,1,9,0,18,0,0,0,0,0,0,1,1,6,1,41,7,1360,1,10,8,2,8
2017170M10737,1,9,0,9,0,8,0,0,0,0,3,1,6,2,19,4,998,1,5,1,1,1
2017170M10737,2,9,0,18,0,8,0,0,0,0,1,1,6,2,34,6,1686,2,6,1,1,1
2017170M10747,1,9,0,3,0,0,0,0,0,0,2,1,6,2,21,5,1685,2,4,1,1,1
2017170M10747,2,9,0,18,0,0,0,0,0,0,1,1,6,3,-1,-1,-1,-1,-1,-1,-1,-1
2017170M10777,1,9,0,4,0,1,0,0,0,0,2,1,6,2,27,6,1968,2,6,-1,-1,-1
2017170M10777,2,19,0,18,0,1,0,0,0,0,1,1,6,1,20,4,2402,2,5,4,1,4
2017170M10787,1,1,0,18,0,8,0,0,0,0,1,1,6,1,18,4,-1,-1,-1,5,1,5
2017170M10787,2,21,1,9,0,3,0,0,0,0,4,1,1,1,27,6,10518,2,8,1,1,1
2017170M10807,1,9,0,9,0,8,0,0,0,0,4,1,2,2,21,5,1242,1,3,7,1,7
2017170M10807,2,3,0,15,0,8,0,0,0,0,1,1,2,1,17,4,125,1,1,9,1,9
2017170M10817,1,9,0,13,0,0,0,0,0,0,4,1,6,3,-1,-1,-1,-1,-1,-1,-1,-1
2017170M10817,2,1,0,18,0,0,0,0,0,0,3,1,6,1,14,3,-1,-1,-1,4,1,4
2017170M10817,3,1,0,18,0,0,0,0,0,0,3,1,6,1,15,3,-1,-1,-1,3,1,3
2017170M10827,1,9,0,3,0,2,0,0,0,0,2,1,2,2,24,5,1229,1,10,5,1,5
2017170M10827,2,9,0,18,0,2,0,0,0,0,1,1,6,1,18,4,1124,1,12,10,2,10
2017170M10837,1,9,0,18,0,8,0,0,0,0,3,1,6,2,38,7,1998,1,12,6,1,6
2017170M10837,2,9,0,9,0,8,0,0,0,0,1,1,6,1,24,5,1968,2,5,1,1,1
2017170M10847,1,8,0,18,0,0,0,0,0,0,4,1,1,1,54,8,1968,2,1,1,1,1
2017170M10847,2,1,0,18,0,0,0,0,0,0,1,1,6,1,38,7,-1,-1,-1,1,1,1
2017170M10867,1,9,0,9,0,8,0,0,0,0,3,1,2,2,23,5,1229,1,5,9,1,9
2017170M10867,2,9,0,9,0,8,0,0,0,0,1,1,6,3,-1,-1,-1,-1,-1,-1,-1,-1
2017170M10887,1,9,0,18,0,0,0,0,6,0,1,1,6,1,18,4,998,1,6,2,1,2
2017170M10887,2,9,0,18,0,0,0,0,0,0,3,1,6,1,52,8,2401,2,12,9,1,9
2017170M10897,1,9,0,18,0,8,0,0,0,0,4,1,6,2,32,6,2143,2,1,1,1,1
2017170M10897,2,9,0,7,0,8,0,0,0,0,1,1,6,2,22,5,1329,1,8,2,1,2
2017170M10907,1,9,0,18,0,2,0,0,0,0,3,1,6,1,59,9,1240,1,13,-1,-1,-1
2017170M10937,1,9,0,5,0,1,0,0,0,0,3,1,6,1,20,4,1390,1,2,1,1,1
2017170M10967,1,9,0,18,0,0,0,0,0,0,4,1,6,1,26,6,1968,2,8,3,1,3
2017170M10987,1,9,0,18,0,1,0,0,0,0,0,1,1,1,42,7,1598,2,-1,-1,-1,-1
2017170M10987,2,3,0,18,0,8,0,0,0,0,1,1,6,1,28,6,124,1,9,1,1,1
2017170M10987,3,9,0,18,0,8,0,0,0,0,1,1,6,1,43,7,1753,2,13,3,1,3
2017170M10997,1,1,0,18,0,0,0,0,0,0,1,1,6,1,20,4,-1,-1,-1,2,1,2
2017170M10997,2,19,0,2,0,0,0,0,0,0,2,1,1,1,28,6,2198,2,2,-1,-1,-1
2017170M11007,1,9,0,7,0,1,0,0,0,0,1,1,6,1,55,8,1398,1,2,3,1,3
2017170M11007,2,1,0,18,0,6,0,0,0,0,1,1,6,1,42,7,-1,-1,-1,5,1,5
2017170M11017,1,9,0,18,0,0,0,0,0,0,1,1,2,1,48,8,1242,1,3,-1,-1,-1
2017170M11017,2,9,0,4,0,0,0,0,0,0,2,1,2,2,44,7,1560,2,11,9,1,9
2017170M11027,1,19,0,18,0,0,0,0,0,0,1,1,2,1,35,6,1598,2,4,9,1,9
2017170M11027,2,9,0,4,0,0,0,0,0,0,2,1,2,2,41,7,2204,2,7,7,1,7
2017170M11027,3,9,0,4,0,0,0,0,0,0,2,1,2,1,55,8,1497,1,11,8,1,8
2017170M11027,4,9,0,4,0,0,0,0,0,0,2,1,2,2,44,7,999,1,7,9,1,9
2017170M11037,1,9,0,2,0,2,0,0,0,0,3,1,6,1,69,10,-1,-1,-1,9,1,9
2017170M11037,2,20,0,18,0,2,0,0,0,0,4,1,1,1,-1,-1,6692,2,5,7,1,7
2017170M11047,1,9,0,1,0,0,0,0,0,0,2,1,6,1,27,6,-1,-1,-1,9,1,9
2017170M11077,1,9,0,18,0,8,0,0,0,0,4,1,6,2,38,7,1124,1,13,1,1,1
2017170M11077,2,9,0,7,0,8,0,0,0,0,1,1,6,3,-1,-1,1461,2,12,-1,-1,-1
2017170M11097,1,9,0,5,0,1,0,0,0,0,1,1,6,1,22,5,1991,1,4,9,1,9
2017170M11097,2,1,0,18,0,6,0,0,0,0,4,1,6,1,14,3,-1,-1,-1,7,1,7
2017170M11107,1,9,0,18,0,2,0,10,1,10,1,1,6,1,23,5,2000,2,13,3,1,3
2017170M11137,1,1,0,18,0,6,0,0,0,0,4,1,6,1,12,3,-1,-1,-1,-1,-1,-1
2017170M11137,2,9,0,18,0,8,0,0,0,0,1,1,2,2,49,8,1968,2,4,8,1,8
2017170M11157,1,9,0,18,0,0,0,0,0,0,1,1,6,3,-1,-1,-1,-1,-1,-1,-1,-1
2017170M11157,2,9,0,4,0,0,0,0,0,0,2,1,6,2,20,4,998,1,9,5,1,5
2017170M11157,3,9,0,4,0,0,0,0,0,0,2,1,6,2,18,4,1248,1,4,9,1,9
2017170M11157,4,9,0,4,0,0,0,0,0,0,2,1,6,2,30,6,1461,2,7,8,1,8
2017170M11167,1,4,0,18,0,8,0,0,0,0,1,1,6,1,59,9,-1,-1,-1,2,1,2
2017170M11167,2,9,0,9,0,8,0,0,0,0,3,1,6,2,21,5,2998,1,-1,8,1,8
2017170M11177,1,1,0,18,0,6,0,0,0,0,2,1,6,1,28,6,-1,-1,-1,9,1,9
2017170M11177,2,9,0,17,0,8,0,0,0,0,3,1,6,1,48,8,1396,2,2,-1,-1,-1
2017170M11187,1,9,0,18,0,8,0,0,0,0,4,1,6,1,38,7,1149,1,10,1,1,1
2017170M11187,2,9,0,5,0,6,0,0,0,0,1,1,6,1,30,6,2496,2,14,-1,-1,-1
2017170M11197,1,9,0,4,0,8,0,0,0,0,2,1,6,1,57,9,1461,2,12,1,1,1
2017170M11197,2,9,0,4,0,8,0,0,0,0,1,1,6,2,24,5,998,1,7,1,1,1
2017170M11217,1,21,0,18,0,0,0,0,0,0,1,1,1,1,34,6,2198,2,1,3,1,3
2017170M11217,2,9,0,4,0,0,0,0,0,0,2,1,6,1,31,6,1968,2,1,8,1,8
2017170M11227,1,9,0,18,0,0,0,0,0,0,1,1,6,2,66,10,1398,1,2,1,1,1
2017170M11247,1,9,0,18,0,8,0,0,0,0,3,1,6,2,49,8,1596,1,15,-1,-1,-1
2017170M11247,2,1,0,18,0,8,0,0,0,0,1,1,6,1,6,2,-1,-1,-1,2,1,2
2017170M11257,1,9,0,18,0,1,0,0,0,0,4,1,6,1,35,6,998,1,2,-1,-1,-1
2017170M11257,2,1,0,18,0,6,0,0,0,0,1,1,6,1,11,3,-1,-1,-1,1,1,1
2017170M11297,1,9,0,18,0,0,0,0,0,0,4,1,6,3,-1,-1,-1,-1,-1,-1,-1,-1
2017170M11307,1,19,0,18,0,1,0,0,0,0,1,1,1,1,38,7,-1,-1,-1,1,1,1
2017170M11307,2,19,0,3,0,1,0,0,0,0,2,1,1,1,27,6,2287,2,4,1,1,1
2017170M11307,3,9,0,3,0,1,0,0,0,0,2,1,6,2,52,8,1360,1,7,7,1,7
2017170M11307,4,9,0,10,0,1,0,0,0,0,2,1,6,1,47,8,1341,1,14,1,1,1
2017170M11327,1,9,0,2,0,0,0,0,0,0,2,1,6,2,53,8,1390,1,7,1,1,1
2017170M11327,2,9,0,1,0,0,0,0,0,0,2,1,6,1,25,5,1753,2,11,4,1,4
2017170M11347,1,9,0,18,0,0,0,0,0,0,1,1,6,1,72,10,1598,2,5,3,1,3
2017170M11357,1,9,0,18,0,8,0,0,0,0,4,1,6,1,46,8,1197,1,5,7,1,7
2017170M11357,2,1,0,18,0,8,0,0,0,0,1,1,6,1,10,2,-1,-1,-1,8,1,8
2017170M11367,1,9,0,18,0,1,0,0,0,0,4,1,6,1,56,9,-1,-1,-1,6,3,6
2017170M11387,1,9,0,12,0,0,0,0,0,0,0,1,6,3,-1,-1,-1,-1,-1,-1,-1,-1
2017170M11387,2,10,0,18,0,0,0,0,0,0,0,1,1,1,70,10,-1,-1,-1,1,1,1
2017170M11397,1,8,0,18,0,0,0,0,0,0,4,1,1,1,22,5,1598,2,5,1,1,1
2017170M11407,1,9,0,5,0,0,0,0,0,0,4,1,2,2,22,5,1461,2,7,7,1,7
2017170M11407,2,1,0,18,0,0,0,0,0,0,1,1,6,1,14,3,-1,-1,-1,1,1,1
2017170M11427,1,9,0,6,0,0,0,0,0,0,1,1,6,3,-1,-1,1590,1,16,-1,-1,-1
2017170M11427,2,19,0,2,0,0,0,0,0,0,4,1,1,1,38,7,1968,2,-1,3,1,3
2017170M11457,1,9,0,9,0,2,0,0,0,0,1,1,6,1,41,7,1598,1,12,-1,-1,-1
2017170M11467,1,8,0,18,0,0,0,0,0,0,3,1,1,1,31,6,1968,2,6,9,1,9
2017170M11487,1,21,1,12,0,0,0,0,0,0,3,2,1,1,36,7,-1,-1,-1,-1,-1,-1
2017170M11487,2,9,0,18,0,0,0,0,0,0,4,1,6,1,53,8,1995,2,1,5,1,5
2017170M11517,1,9,0,4,0,0,0,0,0,0,2,1,6,1,45,7,1598,2,6,1,2,1
2017170M11517,2,9,0,18,0,0,0,0,0,0,1,1,6,1,65,9,1685,2,-1,1,1,1
2017170M11517,3,9,0,18,0,0,0,0,0,0,1,1,6,1,23,5,1598,2,3,3,1,3
2017170M11517,4,9,0,18,0,0,0,0,0,0,1,1,6,1,59,9,3982,1,2,7,3,7
2017170M11517,5,9,0,18,0,0,0,0,0,0,1,1,6,1,38,7,1997,2,6,1,1,1
2017170M11527,1,17,0,18,0,0,0,0,4,6,2,1,1,1,20,4,4040,2,6,6,3,6
2017170M11527,2,19,0,18,0,0,0,0,4,6,1,1,1,1,65,9,2402,2,6,6,1,6
2017170M11527,3,9,0,18,0,0,0,0,0,0,1,1,6,1,74,10,1197,1,5,4,1,4
2017170M11557,1,9,0,7,0,1,0,0,0,0,1,1,6,1,-1,-1,1395,1,1,9,3,9
2017170M11557,2,9,0,8,0,1,0,0,0,0,2,1,6,2,45,7,1242,1,8,9,1,9
2017170M11567,1,8,0,18,0,1,0,0,0,0,4,1,1,1,29,6,1598,2,2,7,1,7
2017170M11567,2,9,0,12,0,1,0,0,0,0,3,1,6,3,-1,-1,-1,-1,-1,-1,-1,-1
2017170M11577,1,3,0,14,0,2,0,0,0,0,1,1,2,1,26,6,125,1,1,4,1,4
2017170M11597,1,9,0,7,0,1,0,0,1,0,1,1,6,3,-1,-1,1390,1,10,-1,-1,-1
2017170M11617,1,9,0,9,0,8,0,0,0,0,1,1,6,1,34,6,1149,1,2,2,2,2
2017170M11617,2,1,0,18,0,8,0,0,0,0,1,1,6,1,34,6,-1,-1,-1,3,1,3
2017170M11627,1,9,0,18,0,0,0,0,0,0,1,1,6,2,30,6,-1,-1,-1,2,1,2
2017170M11627,2,9,0,3,0,0,0,0,0,0,2,1,6,2,40,7,998,1,-1,-1,-1,-1
2017170M11697,1,9,0,18,0,8,0,0,0,0,1,1,6,3,-1,-1,-1,-1,-1,-1,-1,-1
2017170M11697,2,1,0,18,0,8,0,0,0,0,4,1,2,1,48,8,-1,-1,-1,8,1,8
2017170M11707,1,9,0,18,0,8,0,0,0,0,1,1,6,1,39,7,1968,2,10,3,1,3
2017170M11737,1,9,0,18,0,0,0,0,0,0,4,1,6,1,66,10,1388,1,14,1,1,1
2017170M11767,1,9,0,18,0,1,0,0,0,0,1,1,6,1,68,10,1248,1,5,7,1,7
2017170M11777,1,9,0,2,0,0,0,0,0,0,3,1,6,1,40,7,1197,1,-1,1,1,1
2017170M11777,2,11,0,14,0,0,0,0,0,0,4,1,1,3,-1,-1,-1,-1,-1,-1,-1,-1
2017170M11787,1,9,0,4,0,1,0,0,0,0,2,1,6,2,60,9,1968,2,3,9,1,9
2017170M11787,2,9,0,18,0,1,0,0,0,0,1,1,6,2,50,8,1781,1,17,3,2,3
2017170M11807,1,9,0,3,0,1,0,0,0,0,3,1,6,1,44,7,2143,2,1,4,1,4
2017170M11807,2,9,0,18,0,1,0,0,0,0,4,1,6,3,-1,-1,-1,-1,-1,-1,-1,-1
2017170M11827,1,9,0,18,0,8,0,0,0,0,1,1,6,1,37,7,1399,2,10,1,1,1
2017170M11827,2,9,0,18,0,8,0,0,0,0,4,1,6,1,70,10,1596,1,9,2,2,2
2017170M11827,3,9,0,18,0,8,0,0,0,0,3,1,6,1,41,7,1896,2,10,1,1,1
2017170M11827,4,9,0,18,0,8,0,0,0,0,0,1,1,1,33,6,2993,2,2,9,3,9
2017170M11857,1,9,0,18,0,8,0,0,0,0,1,1,2,2,59,9,1390,1,11,3,1,3
2017170M11857,2,9,0,18,0,8,0,0,0,0,3,1,2,2,18,4,1242,1,2,4,3,4
2017170M11887,1,9,0,9,0,8,0,0,0,0,1,1,6,1,29,6,1242,1,10,1,1,1
2017170M11887,2,8,0,18,0,8,0,0,0,0,1,1,1,1,48,8,1598,2,1,-1,-1,-1
2017170M11907,1,1,0,18,0,8,0,0,0,0,1,1,2,2,45,7,-1,-1,-1,4,1,4
2017170M11907,2,9,0,9,0,8,0,0,0,0,1,1,2,1,49,8,1598,2,2,7,1,7
2017170M11927,1,8,0,18,0,8,0,0,0,0,1,1,1,1,35,6,1896,2,7,2,1,2
2017170M11927,2,9,0,7,0,8,0,0,0,0,4,1,6,2,32,6,1461,2,5,2,1,2
2017170M11957,1,9,0,18,0,8,0,0,0,0,1,1,6,3,-1,-1,-1,-1,-1,-1,-1,-1
2017170M11957,2,1,0,18,0,8,0,0,0,0,4,1,6,1,37,7,-1,-1,-1,1,1,1
2017170M11977,1,9,0,9,0,8,0,0,0,0,1,1,6,1,56,9,1598,2,2,7,1,7
2017170M11977,2,9,0,18,0,8,0,0,0,0,1,1,6,1,20,4,1560,2,8,-1,-1,-1
2017170M11987,1,19,0,18,0,8,0,0,0,0,3,1,1,1,36,7,2198,2,2,4,1,4
2017170M11987,2,19,0,18,0,8,0,0,0,0,1,1,1,1,19,4,-1,-1,-1,6,1,6
2017170M11997,1,11,0,18,0,8,0,0,0,0,1,1,1,1,24,5,6871,2,8,-1,-1,-1
2017170M11997,2,9,0,9,0,8,0,0,0,0,4,1,2,2,43,7,1360,1,11,-1,-1,-1
2017170M12007,1,9,0,18,0,8,0,0,0,0,1,1,1,2,47,8,1461,2,2,4,1,4
2017170M12007,2,9,0,18,0,8,0,0,0,0,4,1,6,1,75,10,1396,1,6,6,1,6
2017170M12157,1,9,0,18,0,8,0,0,0,0,1,1,2,1,47,8,1870,2,15,3,3,3
2017170M12157,2,1,0,18,0,8,0,0,0,0,3,1,2,1,40,7,-1,-1,-1,6,1,6
2017170M12167,1,9,0,9,0,2,0,0,0,0,4,1,6,1,32,6,1956,2,8,1,1,1
2017170M12177,1,11,0,7,0,1,0,0,0,0,3,1,1,1,37,7,-1,-1,-1,-1,-1,-1
2017170M12177,2,11,0,9,0,1,0,0,0,0,4,1,1,1,-1,-1,-1,-1,-1,-1,-1,-1
2017170M12197,1,9,0,9,0,4,0,0,0,0,1,1,2,1,39,7,1560,2,4,9,1,9
2017170M12197,2,1,0,18,0,8,0,0,0,0,4,1,6,1,22,5,-1,-1,-1,1,1,1
2017170M12207,1,9,0,18,0,8,0,0,0,0,4,1,6,1,33,6,1497,1,11,1,1,1
2017170M12207,2,9,0,9,0,8,0,0,0,0,1,1,6,2,-1,-1,1598,1,12,3,1,3
2017170M12217,1,3,0,18,0,0,1,0,0,0,4,1,6,1,39,7,125,1,-1,1,1,1
2017170M12237,1,2,0,18,0,0,1,0,0,0,4,1,2,1,16,4,50,1,-1,9,3,9
2017170M12257,1,11,0,18,0,1,0,0,0,0,1,1,1,1,47,8,-1,-1,-1,7,1,7
2017170M12257,2,9,0,4,0,1,0,0,0,0,2,1,6,2,21,5,1197,1,1,2,1,2
2017170M12267,1,9,0,2,0,1,0,0,0,0,3,1,6,1,28,6,2720,2,8,1,1,1
2017170M12267,2,9,0,1,0,1,0,0,0,0,2,1,6,1,23,5,1199,1,15,1,1,1
2017170M12277,1,9,0,7,0,8,0,0,0,0,2,1,2,1,35,6,1598,2,2,1,1,1
2017170M12277,2,9,0,18,0,8,0,0,0,0,1,1,2,1,33,6,1968,2,8,1,1,1
2017170M12287,1,8,0,18,0,2,0,0,0,0,4,1,1,1,33,6,1598,2,1,1,1,1
2017170M12287,2,9,0,12,0,2,0,0,0,0,3,1,6,1,19,4,1364,1,10,4,1,4
2017170M12297,1,9,0,18,0,8,0,0,0,0,1,1,6,1,26,6,1997,1,16,9,1,9
2017170M12297,2,9,0,18,0,8,0,0,0,0,1,1,6,1,56,9,1390,2,13,1,1,1
2017170M12317,1,8,0,9,0,2,0,0,0,0,4,1,1,1,65,9,1598,2,5,7,1,7
2017170M12347,1,9,0,18,0,2,0,0,0,0,1,1,6,1,-1,-1,-1,-1,-1,-1,-1,-1
2017170M12347,2,1,0,18,0,2,0,0,0,0,3,1,6,1,29,6,-1,-1,-1,1,1,1
2017170M12357,1,9,0,18,0,0,0,0,0,0,1,1,2,1,29,6,1598,2,5,3,1,3
2017170M12357,2,9,0,4,0,0,0,0,0,0,2,1,2,1,30,6,1598,1,7,3,3,3
2017170M12367,1,8,0,18,0,0,0,0,0,0,3,1,1,1,39,7,1995,2,13,5,1,5
2017170M12367,2,9,0,12,0,0,0,0,0,0,4,1,6,1,25,5,1995,2,5,7,1,7
2017170M12377,1,9,0,9,0,8,0,0,0,0,3,1,6,2,40,7,1198,1,1,3,2,3
2017170M12377,2,9,0,13,0,8,0,0,0,0,1,1,6,1,35,6,1198,1,13,1,1,1
2017170M12387,1,9,0,11,0,0,0,0,0,0,4,1,6,1,-1,-1,2324,1,16,-1,-1,-1
2017170M12387,2,9,0,18,0,0,0,0,0,0,3,1,1,1,34,6,2993,2,2,9,3,9
2017170M12407,1,9,0,18,0,4,0,0,0,0,1,1,6,1,31,6,998,1,1,1,1,1
2017170M12407,2,1,0,18,0,8,0,0,0,0,4,1,2,1,43,7,-1,-1,-1,5,1,5
2017170M12417,1,9,0,9,0,8,0,0,0,0,2,1,6,2,18,4,2143,2,5,1,1,1
2017170M12417,2,9,0,18,0,8,0,0,0,0,1,1,6,1,19,4,1242,1,3,7,1,7
2017170M12447,1,9,0,18,0,8,0,0,0,0,1,1,6,1,33,6,2497,2,12,1,1,1
2017170M12447,2,9,0,18,0,8,0,0,0,0,3,1,6,1,20,4,998,1,16,2,1,2
2017170M12457,1,9,0,4,0,0,0,0,0,0,2,1,6,1,22,5,-1,-1,-1,3,1,3
2017170M12457,2,9,0,18,0,0,0,0,0,0,1,1,6,2,38,7,1995,2,11,1,1,1
2017170M12477,1,9,0,10,0,1,0,0,0,0,2,1,6,2,34,6,1229,1,2,8,1,8
2017170M12477,2,9,0,4,0,1,1,0,0,0,1,1,6,1,27,6,1968,2,10,5,1,5
2017170M20017,1,9,0,3,0,0,0,0,0,0,2,1,6,1,65,9,1198,1,6,1,1,1
2017170M20017,2,9,0,18,0,0,0,0,0,0,1,1,1,1,60,9,-1,-1,-1,1,1,1
2017170M20207,1,9,0,18,0,0,0,0,0,0,1,1,6,1,35,6,1995,2,4,1,1,1
2017170M20217,1,9,0,18,0,1,0,0,0,0,1,1,6,2,23,5,999,1,1,1,1,1
2017170M20267,1,2,0,18,0,6,0,0,0,0,4,1,6,1,13,3,-1,-1,-1,-1,-1,-1
2017170M20267,2,9,0,18,0,1,0,0,0,0,1,1,6,1,54,8,1461,2,12,1,1,1
2017170M20377,1,9,0,18,0,0,0,0,0,0,3,1,6,1,-1,-1,1398,1,7,-1,-1,-1
2017170M20397,1,9,0,18,0,8,0,0,0,0,1,1,6,3,-1,-1,-1,-1,-1,-1,-1,-1
2017170M20397,2,1,0,18,0,8,0,0,0,0,2,1,6,1,16,4,-1,-1,-1,1,1,1
2017170M20407,1,8,0,18,0,0,0,7,0,0,3,1,1,1,-1,-1,1968,2,2,1,1,1