Accident_Index,Vehicle_Reference,Vehicle_Type,Towing_and_Articulation,Vehicle_Manoeuvre,Vehicle_Location-Restricted_Lane,Junction_Location,Skidding_and_Overturning,Hit_Object_in_Carriageway,Vehicle_Leaving_Carriageway,Hit_Object_off_Carriageway,1st_Point_of_Impact,Was_Vehicle_Left_Hand_Drive?,Journey_Purpose_of_Driver,Sex_of_Driver,Age_of_Driver,Age_Band_of_Driver,Engine_Capacity_(CC),Propulsion_Code,Age_of_Vehicle,Driver_IMD_Decile,Driver_Home_Area_Type,Vehicle_IMD_Decile
2017170M20507,1,9,0,18,0,8,0,0,0,0,4,1,6,2,39,7,1598,1,10,1,1,1
2017170M20507,2,9,0,9,0,8,0,0,0,0,1,1,6,2,62,9,-1,-1,-1,1,1,1
2017170M20507,3,19,0,2,0,1,0,0,0,0,0,1,6,1,-1,-1,1995,2,5,-1,-1,-1
2017170M20597,1,9,0,4,0,0,0,0,0,0,2,1,6,2,42,7,1560,2,7,9,1,9
2017170M20597,2,9,0,4,0,0,0,0,0,0,2,1,6,1,36,7,1956,2,4,1,1,1
2017170M20597,3,9,0,18,0,0,0,0,0,0,1,1,6,2,68,10,1598,1,1,1,1,1
2017170M20757,1,9,0,7,0,2,0,0,0,0,1,1,6,2,38,7,1229,1,9,1,1,1
2017170M20767,1,9,0,18,0,8,5,0,0,0,4,1,6,2,69,10,1149,1,1,8,3,8
2017170M20767,2,9,0,18,0,8,0,0,0,0,1,1,6,1,29,6,1149,1,4,1,1,1
2017170M20797,1,9,0,18,0,8,0,0,0,0,1,1,6,3,-1,-1,-1,-1,-1,-1,-1,-1
2017170M20797,2,9,0,3,0,1,0,0,0,0,1,1,6,2,23,5,1591,1,4,1,1,1
2017170M20797,3,9,0,9,0,8,0,0,0,0,4,1,6,1,27,6,1995,2,9,1,1,1
2017170M20877,1,8,0,3,0,0,0,0,0,0,2,1,1,1,68,10,1968,2,7,-1,-1,-1
2017170M20877,2,9,0,3,0,0,0,0,0,0,2,1,6,1,29,6,1242,1,9,1,1,1
2017170M20877,3,9,0,18,0,0,0,0,0,0,1,1,6,1,49,8,1242,1,11,-1,-1,-1
2017170M20917,1,9,0,18,0,0,0,0,0,0,3,1,6,1,53,8,1783,1,15,1,1,1
2017170M21057,1,9,0,4,0,0,0,0,0,0,2,1,6,1,26,6,1598,1,8,3,1,3
2017170M21057,2,9,0,18,0,0,0,0,0,0,1,1,6,2,22,5,-1,-1,-1,5,1,5
2017170M21067,1,9,0,18,0,4,0,0,0,0,1,1,6,1,34,6,1798,1,12,1,1,1
2017170M21067,2,1,0,18,0,8,0,0,0,0,1,1,6,1,35,6,-1,-1,-1,7,1,7
2017170M21287,1,9,0,4,0,1,0,0,0,0,2,1,6,1,33,6,973,1,16,1,1,1
2017170M21287,2,9,0,18,0,1,0,0,0,0,1,1,6,1,-1,-1,1995,2,8,-1,-1,-1
2017170M21337,1,8,0,18,0,1,0,0,0,0,1,1,1,1,30,6,1598,2,2,-1,-1,-1
2017170M21447,1,9,0,18,4,0,0,0,0,0,1,1,6,2,41,7,1910,2,11,-1,-1,-1
2017170M21447,2,1,0,18,4,0,0,0,1,0,2,1,6,1,17,4,-1,-1,-1,1,1,1
2017170M21497,1,9,0,18,0,0,0,0,0,0,1,1,6,1,24,5,2000,2,11,1,1,1
2017170M21637,1,8,0,9,0,8,0,0,0,0,4,1,1,1,38,7,1968,2,2,3,1,3
2017170M21637,2,9,0,18,0,8,0,0,0,0,1,1,6,1,42,7,1242,1,14,1,1,1
2017170M21677,1,9,0,18,0,0,0,0,0,0,1,1,6,1,-1,-1,-1,-1,-1,-1,-1,-1
2017170M21677,2,1,0,18,0,0,0,0,0,0,4,1,6,1,58,9,-1,-1,-1,1,1,1
2017170M21687,1,9,0,18,0,0,0,0,0,0,1,1,6,2,54,8,1398,1,2,-1,-1,-1
2017170M21727,1,9,0,1,0,1,0,0,0,0,2,1,6,2,34,6,1560,2,12,4,1,4
2017170M21747,1,9,0,1,0,0,0,0,0,0,2,1,6,1,58,9,973,1,17,1,1,1
2017170M21757,1,11,0,18,0,0,0,0,0,0,4,1,1,1,31,6,6700,2,7,1,1,1
2017170M21817,1,9,0,8,0,1,0,0,0,0,2,1,1,2,60,9,1398,1,5,6,1,6
2017170M21817,2,9,0,7,0,8,0,0,0,0,1,1,6,3,-1,-1,-1,-1,-1,-1,-1,-1
2017170M21897,1,9,0,9,0,2,0,0,0,0,1,1,6,2,41,7,-1,-1,-1,1,1,1
2017170M21937,1,9,0,18,0,0,0,0,0,0,1,1,6,1,46,8,1246,1,12,1,1,1
2017170M21937,2,9,0,18,0,0,0,0,0,0,3,1,2,1,49,8,-1,-1,-1,9,1,9
2017170M21937,3,9,0,2,0,0,0,0,0,0,3,1,6,1,35,6,1686,2,12,7,1,7
2017170M22307,1,9,0,18,0,8,0,0,0,0,1,1,6,1,35,6,1685,2,5,3,1,3
2017170M22307,2,9,0,18,0,8,0,0,0,0,1,1,6,1,53,8,1149,1,-1,3,1,3
2017170M22427,1,9,0,18,0,1,0,0,1,10,1,1,6,1,63,9,1968,2,8,8,1,8
2017170M22437,1,8,0,18,0,0,0,0,0,0,4,1,6,3,-1,-1,-1,-1,-1,-1,-1,-1
2017170M30237,1,9,0,10,0,1,0,0,0,0,2,1,6,1,34,6,1997,2,13,3,1,3
2017170M30237,2,9,0,18,0,1,0,0,0,0,1,1,6,1,41,7,1896,2,11,-1,-1,-1
2017170M30277,1,9,0,18,0,8,0,0,0,0,4,1,6,1,22,5,1968,2,6,10,2,10
2017170M30277,2,9,0,9,0,4,0,0,0,0,1,1,6,2,24,5,1596,1,15,1,1,1
2017170M30327,1,9,0,9,0,8,0,0,0,0,1,1,6,1,52,8,1197,1,5,1,1,1
2017170M30327,2,9,0,18,0,8,0,0,0,0,1,1,6,2,65,9,1197,1,2,9,3,9
2017170M30327,3,9,0,18,0,8,0,0,0,0,1,1,6,1,32,6,1598,1,13,7,3,7
2017170M30327,4,9,0,18,0,8,0,0,0,0,2,1,6,1,26,6,1349,1,9,-1,-1,-1
2017170M30517,1,9,0,9,0,8,0,0,0,0,3,1,6,1,32,6,1997,2,7,2,1,2
2017170M30517,2,9,0,18,0,8,0,0,0,0,1,1,6,1,25,5,2143,2,5,3,1,3
2017170M30527,1,9,0,18,0,0,0,0,0,0,1,1,2,1,24,5,1197,1,-1,7,1,7
2017170M30567,1,19,0,18,0,0,0,0,0,0,4,1,1,1,68,10,4500,2,2,4,1,4
2017170M30607,1,9,0,18,0,0,0,0,0,0,1,1,6,1,70,10,1598,1,10,2,2,2
2017170M30607,2,19,0,2,0,0,0,0,0,0,2,1,1,1,33,6,1248,2,9,1,1,1
2017170M30637,1,9,0,3,0,1,0,0,0,0,2,1,6,1,27,6,-1,-1,-1,2,1,2
2017170M30637,2,9,0,18,0,1,0,0,0,0,1,1,6,1,-1,-1,1598,1,13,-1,-1,-1
2017170M30647,1,9,0,18,6,0,0,0,1,9,1,1,6,1,68,10,1497,8,6,9,1,9
2017170M30717,1,9,0,18,0,4,0,0,0,0,1,1,6,1,87,11,1198,1,6,4,2,4
2017170M30717,2,9,0,6,0,8,0,0,0,0,1,1,6,2,58,9,1398,1,5,7,1,7
2017170M30857,1,1,0,9,0,0,0,0,0,0,3,1,6,1,57,9,-1,-1,-1,3,1,3
2017170M30857,2,9,0,13,0,0,0,0,0,0,4,1,6,1,19,4,1229,1,5,9,3,9
2017170M30927,1,1,0,9,0,8,0,0,0,0,4,1,2,1,32,6,-1,-1,-1,1,1,1
2017170M30927,2,9,0,18,0,4,0,0,0,0,1,1,6,2,45,7,1794,1,12,3,1,3
2017170M30947,1,1,0,18,0,0,0,0,0,0,1,1,3,1,8,2,-1,-1,-1,1,1,1
2017170M30947,2,9,0,18,0,0,0,0,0,0,1,1,3,1,58,9,1598,1,7,1,1,1
2017170M31117,1,9,0,18,0,0,0,0,0,0,1,1,6,1,51,8,2993,2,7,9,1,9
2017170M31117,2,1,0,18,0,0,0,0,0,0,3,1,6,1,13,3,-1,-1,-1,4,1,4
2017170M31127,1,9,0,1,0,0,0,0,0,0,2,1,6,1,39,7,1461,2,1,3,1,3
2017170M31207,1,9,0,7,0,5,0,11,0,0,1,1,6,1,50,8,1461,2,-1,5,1,5
2017170M31267,1,10,0,18,0,0,0,0,0,0,1,1,1,1,72,10,-1,-1,-1,6,1,6
2017170M31267,2,21,4,18,0,0,0,0,0,0,2,1,1,1,46,8,12740,2,3,2,1,2
2017170M31317,1,9,0,18,0,0,0,0,1,2,1,1,6,1,36,7,1968,2,3,5,1,5
2017170M31417,1,9,0,9,0,8,0,0,0,0,3,1,6,2,58,9,1364,1,9,-1,-1,-1
2017170M31417,2,9,0,13,0,8,0,0,0,0,1,1,2,1,38,7,2967,2,4,8,1,8
2017170M31437,1,9,0,18,0,0,0,0,0,0,4,1,6,1,84,11,1242,1,2,8,1,8
2017170M31507,1,9,0,18,0,0,0,0,0,0,1,1,2,1,25,5,1560,2,2,2,2,2
2017170M31507,2,19,0,3,0,0,0,0,0,0,2,1,1,1,42,7,2198,2,3,-1,-1,-1
2017170M31537,1,9,0,7,0,8,0,0,0,0,3,1,6,2,19,4,1149,1,1,4,1,4
2017170M31537,2,9,0,18,0,8,0,0,0,0,4,1,6,2,43,7,1995,2,6,9,1,9
2017170M31547,1,19,0,18,0,1,0,0,0,0,1,1,1,1,27,6,1248,2,3,9,1,9
2017170M31547,2,9,0,3,0,1,0,0,0,0,2,1,6,2,64,9,1968,2,4,6,3,6
2017170M31547,3,9,0,3,0,1,0,0,0,0,2,1,6,2,46,8,-1,-1,-1,9,1,9
2017170M31587,1,1,0,18,0,5,0,0,0,0,1,1,6,1,54,8,-1,-1,-1,9,1,9
2017170M31587,2,9,0,18,0,1,0,0,0,0,4,1,6,1,57,9,2967,2,-1,9,3,9
2017170M31657,1,9,0,16,0,8,0,0,4,6,3,1,6,1,19,4,1600,2,7,6,1,6
2017170M31657,2,9,0,16,0,8,0,0,4,6,4,1,6,1,60,9,2993,2,8,7,3,7
2017170M31667,1,9,0,6,0,8,0,0,0,0,3,1,6,1,24,5,1198,1,9,7,1,7
2017170M31667,2,9,0,18,0,8,0,0,0,0,1,1,6,1,49,8,1999,2,1,9,1,9
2017170M31797,1,9,0,18,0,1,0,0,0,0,1,1,3,2,38,7,1598,1,14,1,1,1
2017170M31847,1,9,0,3,0,2,0,0,0,0,2,1,1,2,46,8,1360,1,5,9,1,9
2017170M31847,2,8,0,3,0,2,0,0,0,0,2,1,1,1,57,9,1560,2,6,8,1,8
2017170M31847,3,9,0,18,0,2,0,0,0,0,1,1,2,1,35,6,998,1,3,8,1,8
2017170M31867,1,4,0,18,0,0,1,0,0,0,1,1,2,1,41,7,125,1,8,5,1,5
2017170M31917,1,9,0,4,0,0,0,0,0,0,2,1,2,1,20,4,1422,2,1,6,1,6
2017170M31917,2,9,0,18,0,0,0,0,0,0,1,1,6,2,25,5,-1,-1,-1,1,1,1
2017170M31917,3,9,0,18,0,0,0,0,0,0,1,1,6,2,70,10,998,1,4,4,1,4
2017170M31967,1,9,0,9,0,8,0,0,0,0,1,1,6,2,60,9,4398,1,16,7,1,7
2017170M32127,1,9,0,13,0,0,0,0,0,0,4,1,6,3,-1,-1,-1,-1,-1,-1,-1,-1
2017170M32127,2,1,0,18,0,0,0,0,0,0,3,1,6,1,15,3,-1,-1,-1,9,1,9
2017170M32147,1,9,0,4,0,0,0,0,0,0,2,1,2,2,40,7,1995,2,4,-1,-1,-1
2017170M32147,2,9,0,4,0,0,0,0,0,0,2,1,2,1,24,5,1242,1,1,-1,-1,-1
2017170M32147,3,9,0,4,0,0,0,0,0,0,2,1,2,2,23,5,1229,1,10,2,1,2
2017170M32147,4,9,0,18,0,0,0,0,0,0,1,1,2,1,64,9,1997,2,2,7,1,7
2017170M32187,1,9,0,18,0,8,0,0,0,0,1,1,6,2,30,6,1598,1,5,2,1,2
2017170M32187,2,1,0,18,0,8,0,0,0,0,2,1,6,1,42,7,-1,-1,-1,3,1,3
2017170M32337,1,9,0,18,0,0,0,0,0,0,4,1,6,2,29,6,1598,1,4,2,1,2
2017170S10027,1,1,0,9,0,8,0,0,0,0,4,1,2,1,37,7,-1,-1,-1,7,1,7
2017170S10027,2,9,0,18,0,4,0,0,0,0,1,1,6,3,-1,-1,-1,-1,-1,-1,-1,-1
2017170S10087,1,9,0,18,0,4,0,0,0,0,1,1,6,2,17,4,1242,1,15,3,1,3
2017170S10087,2,9,0,18,0,8,0,0,0,0,4,1,6,1,30,6,1598,2,2,1,1,1
2017170S10107,1,9,0,18,0,0,0,0,0,0,1,1,6,1,79,11,1298,1,15,5,1,5
2017170S10107,2,1,0,3,0,0,0,0,0,0,3,1,6,1,39,7,-1,-1,-1,1,1,1
2017170S10117,1,19,0,18,0,0,0,0,0,0,1,1,6,1,32,6,1461,2,12,7,3,7
2017170S10117,2,9,0,18,0,0,0,0,0,0,1,1,6,1,26,6,-1,-1,-1,6,2,6
2017170S10137,1,9,0,9,0,2,0,0,0,0,1,1,6,1,-1,-1,-1,-1,-1,-1,-1,-1
2017170S10157,1,9,0,18,0,0,0,0,1,10,1,1,6,1,-1,-1,1596,1,21,-1,-1,-1
2017170S10157,2,9,0,2,0,0,0,0,0,0,2,1,6,1,-1,-1,2143,2,1,1,1,1
2017170S10167,1,9,0,5,0,1,0,0,0,0,1,1,6,1,53,8,2993,2,5,7,3,7
2017170S10167,2,9,0,10,0,1,0,0,0,0,2,1,6,1,65,9,2179,2,2,4,1,4
2017170S10187,1,9,0,18,0,1,0,0,0,0,1,1,6,1,85,11,-1,-1,-1,3,1,3
2017170S10187,2,9,0,3,0,1,0,0,0,0,2,1,2,1,39,7,1998,8,2,4,1,4
2017170S10197,1,9,0,4,0,0,0,0,0,0,2,1,2,2,37,7,1968,2,4,8,1,8
2017170S10197,2,9,0,18,0,0,0,0,0,0,1,1,2,2,23,5,1498,1,9,3,1,3
2017170S10207,1,19,0,4,0,0,0,0,0,0,2,1,1,1,20,4,1995,2,4,2,1,2
2017170S10207,2,9,0,18,0,0,0,0,0,0,1,1,2,1,24,5,2993,2,10,1,1,1
2017170S10217,1,9,0,18,0,2,0,0,0,0,1,1,2,1,66,10,1796,1,15,3,1,3
2017170S10237,1,11,0,5,0,1,0,0,0,0,1,1,1,1,63,9,6696,2,3,5,1,5
2017170S10247,1,9,0,3,0,1,0,0,0,0,2,1,6,1,33,6,1598,1,9,9,1,9
2017170S10247,2,9,0,18,0,1,0,0,0,0,1,1,6,1,29,6,-1,-1,-1,2,1,2
2017170S10267,1,9,0,18,0,0,0,0,0,0,1,1,6,1,-1,-1,1968,2,10,-1,-1,-1
2017170S10267,2,9,0,18,0,0,0,0,0,0,1,1,6,1,29,6,998,1,3,-1,-1,-1
2017170S10287,1,9,0,18,0,8,0,0,0,0,3,1,6,2,64,9,1198,1,6,5,1,5
2017170S10287,2,8,0,9,0,6,0,0,0,0,1,1,1,1,47,8,1753,2,10,1,1,1
2017170S10297,1,9,0,9,0,8,0,0,0,0,1,1,6,1,74,10,2987,2,5,8,3,8
2017170S10297,2,9,0,18,0,8,0,0,0,0,1,1,6,1,26,6,1598,1,4,1,1,1
2017170S10307,1,9,0,18,0,0,0,0,0,0,1,1,2,2,23,5,1598,2,4,-1,-1,-1
2017170S10307,2,9,0,4,0,0,0,0,0,0,2,1,2,1,34,6,1598,2,3,7,1,7
2017170S10307,3,9,0,4,0,0,0,0,0,0,2,1,2,2,20,4,998,1,6,2,1,2
2017170S10307,4,9,0,18,0,0,0,0,0,0,2,1,2,1,31,6,1496,2,1,3,1,3
2017170S10307,5,9,0,3,0,0,0,0,0,0,1,1,2,1,40,7,1995,2,12,9,1,9
2017170S10317,1,19,0,1,0,0,0,0,0,0,2,1,6,1,29,6,2198,2,9,3,1,3
2017170S10337,1,9,0,18,0,4,0,0,0,0,1,1,2,1,41,7,1997,2,13,5,1,5
2017170S10337,2,1,0,18,0,8,0,0,0,0,4,1,2,1,60,9,-1,-1,-1,1,1,1
2017170S10347,1,9,0,18,0,2,0,0,0,0,4,1,6,2,23,5,1870,2,11,2,1,2
2017170S10347,2,19,0,6,0,2,0,0,0,0,3,1,1,1,25,5,-1,-1,-1,3,1,3
2017170S10357,1,11,0,18,0,2,0,0,0,0,1,1,1,1,60,9,6696,2,3,-1,-1,-1
2017170S10357,2,1,0,18,0,6,0,0,0,0,1,1,4,1,13,3,-1,-1,-1,1,1,1
2017170S10367,1,9,0,9,0,8,0,0,0,0,1,1,6,2,27,6,1242,1,10,1,1,1
2017170S10367,2,5,0,18,0,8,0,0,0,0,2,1,6,1,32,6,599,1,16,1,1,1
2017170S10377,1,1,0,18,0,8,0,0,0,0,4,1,2,2,46,8,-1,-1,-1,9,1,9
2017170S10377,2,9,0,9,0,4,0,0,0,0,1,1,2,2,36,7,1560,2,9,9,1,9
2017170S10417,1,9,0,18,0,2,0,0,0,0,3,1,6,1,54,8,1598,1,4,4,1,4
2017170S10437,1,11,0,2,0,0,0,0,0,0,0,1,1,1,44,7,6871,2,14,2,1,2
2017170S10477,1,9,0,7,0,1,0,0,0,0,2,1,2,1,53,8,1248,2,5,4,1,4
2017170S10477,2,9,0,7,0,1,0,0,0,0,1,1,2,2,34,6,1598,2,2,10,1,10
2017170S10487,1,9,0,4,0,1,0,0,0,0,2,1,2,1,45,7,1896,2,9,5,1,5
2017170S10487,2,9,0,18,0,1,0,0,0,0,1,1,2,2,44,7,1995,2,1,6,1,6
2017170S10507,1,9,0,18,0,1,0,0,0,0,4,1,6,2,29,6,1461,2,2,8,1,8
2017170S10527,1,9,0,5,0,8,0,0,0,0,1,1,6,2,40,7,1596,1,12,7,1,7
2017170S10537,1,9,0,18,0,0,0,0,7,10,1,1,6,1,18,4,-1,-1,-1,3,1,3
2017170S10567,1,9,0,6,0,8,0,0,0,0,3,1,6,2,64,9,1124,1,13,9,1,9
2017170S10567,2,9,0,18,0,8,0,0,0,0,1,1,6,2,29,6,1242,1,7,8,1,8
2017170S10587,1,11,0,18,0,8,0,0,0,0,1,1,1,1,45,7,6696,2,2,1,1,1
2017170S10587,2,1,0,18,0,8,0,0,0,0,1,1,6,1,17,4,-1,-1,-1,1,1,1
2017170S10597,1,9,0,18,0,8,0,0,0,0,1,1,6,1,86,11,998,1,4,6,1,6
2017170S10597,2,3,0,7,0,8,0,0,0,0,1,1,6,1,18,4,124,1,16,1,1,1
2017170S10607,1,2,0,9,0,8,0,0,0,0,1,1,6,1,16,4,49,1,4,2,1,2
2017170S10607,2,9,0,18,0,8,0,0,0,0,1,1,6,2,30,6,1242,1,9,-1,-1,-1
2017170S10617,1,19,0,6,0,1,0,0,0,0,0,1,1,1,29,6,2198,2,1,9,1,9
2017170S10627,1,9,0,18,0,0,0,0,0,0,1,1,6,1,20,4,1956,2,6,3,1,3
2017170S10627,2,9,0,18,0,0,0,0,0,0,1,1,6,1,53,8,1349,1,4,8,1,8
2017170S10637,1,9,0,18,0,8,0,0,0,0,1,1,6,1,71,10,1796,1,7,1,1,1
2017170S10647,1,9,0,3,0,1,0,0,0,0,2,1,6,2,59,9,1596,1,8,6,1,6
2017170S10647,2,9,0,18,0,1,0,0,0,0,1,1,6,2,38,7,998,1,8,4,1,4
2017170S10657,1,9,0,18,0,2,0,0,0,0,1,1,6,2,29,6,1498,1,9,4,1,4
2017170S10667,1,9,0,18,0,0,0,0,0,0,1,1,6,1,41,7,1986,2,12,4,1,4
2017170S10667,2,9,0,18,0,0,0,0,0,0,2,1,6,1,51,8,2000,2,7,8,1,8
2017170S10677,1,9,0,18,0,4,0,0,0,0,1,1,2,1,28,6,1596,1,11,2,1,2
2017170S10677,2,1,0,18,0,8,0,0,0,0,1,1,2,2,54,8,-1,-1,-1,2,1,2
2017170S10687,1,5,0,16,0,0,0,0,4,6,1,1,6,1,39,7,1052,1,27,3,1,3
2017170S10697,1,19,0,9,0,8,0,0,0,0,1,1,1,1,57,9,-1,-1,-1,2,1,2
2017170S10697,2,1,0,18,0,8,0,0,0,0,4,1,6,1,52,8,-1,-1,-1,2,1,2
2017170S10727,1,8,0,1,0,0,0,0,0,0,2,1,1,1,-1,-1,1995,2,5,-1,-1,-1
2017170S10737,1,9,0,2,0,0,0,0,0,0,2,1,6,1,54,8,1997,2,11,2,3,2
2017170S10737,2,9,0,18,0,0,5,0,0,0,1,1,6,1,34,6,1461,2,3,4,1,4
2017170S10747,1,9,0,18,0,0,0,0,0,0,1,1,6,2,26,6,1461,2,7,1,1,1
2017170S10747,2,9,0,3,0,0,0,0,0,0,2,1,2,2,52,8,1198,1,9,2,1,2
2017170S10767,1,3,0,18,0,0,0,10,0,0,4,1,6,2,42,7,125,1,-1,5,3,5
2017170S10777,1,19,0,18,0,1,0,0,0,0,4,1,1,1,59,9,-1,-1,-1,1,1,1
2017170S10817,1,9,0,18,0,2,0,0,0,0,1,1,6,2,50,8,1596,1,15,3,1,3
2017170S10817,2,1,0,18,0,2,0,0,0,0,4,1,6,1,15,3,-1,-1,-1,2,1,2
2017170S10827,1,1,0,18,0,8,0,0,0,0,1,1,2,1,40,7,-1,-1,-1,9,1,9
2017170S10827,2,3,0,9,0,8,0,0,0,0,1,1,6,3,-1,-1,-1,-1,-1,-1,-1,-1
2017170S10837,1,9,0,1,0,6,0,0,0,0,0,1,6,1,37,7,1968,2,5,1,1,1
2017170S10837,2,2,0,18,0,8,0,0,1,10,1,1,6,1,33,6,125,1,9,1,1,1
2017170S10887,1,9,0,10,0,1,0,0,0,0,2,1,6,2,44,7,1086,1,11,1,1,1
2017170S10887,2,9,0,18,0,1,0,0,0,0,1,1,6,1,-1,-1,-1,-1,-1,-1,-1,-1
2017170S10897,1,19,0,9,0,8,0,0,0,0,1,1,1,1,55,8,1753,2,7,5,1,5
2017170S10897,2,9,0,18,0,8,0,0,0,0,3,1,6,1,22,5,-1,-1,-1,6,1,6
2017170S10907,1,19,0,18,0,0,0,0,0,0,4,1,1,1,30,6,1248,2,4,2,1,2
2017170S10907,2,9,0,12,0,0,0,0,0,0,3,1,6,1,33,6,1598,2,1,6,1,6
2017170S10917,1,11,0,5,0,1,0,0,0,0,0,1,1,1,61,9,6696,2,3,2,1,2
2017170S10927,1,9,0,18,0,1,0,0,0,0,1,1,6,1,27,6,1991,1,4,1,1,1
2017170S10937,1,9,0,18,0,0,0,0,0,0,1,1,6,1,20,4,1995,1,8,4,1,4
2017170S10937,2,1,0,18,0,0,0,0,0,0,1,1,6,1,22,5,-1,-1,-1,1,1,1
2017170S10997,1,9,0,18,0,1,0,0,0,0,1,1,6,1,38,7,1598,2,6,2,1,2
2017170S10997,2,9,0,10,0,1,0,0,0,0,2,1,6,2,69,10,1969,2,-1,8,1,8
2017170S11027,1,9,0,18,0,8,0,0,0,0,1,1,4,2,28,6,1198,1,7,6,1,6
2017170S11027,2,9,0,9,0,8,0,0,0,0,1,1,6,1,69,10,1248,1,7,10,1,10
2017170S11037,1,9,0,9,0,8,1,0,1,2,1,1,6,2,79,11,1149,1,14,2,1,2
2017170S11057,1,11,0,2,0,0,0,0,0,0,4,1,1,1,51,8,6696,2,3,4,1,4
2017170S11067,1,9,0,18,0,8,0,0,0,0,3,1,6,2,30,6,1388,1,4,1,1,1
2017170S11067,2,9,0,9,0,8,0,0,0,0,1,1,6,1,-1,-1,1560,2,6,9,3,9
2017170S11097,1,9,0,18,0,2,0,0,0,0,1,1,6,2,80,11,1242,1,5,3,1,3
2017170S11097,2,8,0,3,0,2,0,0,0,0,2,1,1,1,54,8,1910,2,11,1,1,1
2017170S11127,1,9,0,9,0,8,0,0,0,0,1,1,2,2,54,8,1339,1,4,10,1,10
2017170S11127,2,9,0,18,0,8,0,0,0,0,4,1,4,1,67,10,1956,2,3,3,1,3
2017170S11137,1,9,0,18,0,0,0,0,0,0,1,1,6,1,67,10,1968,2,1,9,1,9
2017170S11147,1,9,0,18,0,1,0,0,7,2,1,1,6,1,45,7,2231,2,10,-1,-1,-1
2017170S11177,1,9,0,18,0,0,0,0,0,0,1,1,2,1,25,5,1582,2,4,3,1,3
2017170S11177,2,9,0,4,0,0,0,0,0,0,2,1,2,2,25,5,1242,1,4,2,1,2
2017170S11187,1,9,0,2,0,0,0,0,0,0,3,1,6,2,41,7,1896,2,7,1,1,1
2017170S11187,2,1,0,18,0,0,0,0,0,0,1,1,2,1,37,7,-1,-1,-1,1,1,1
2017170S11227,1,9,0,18,0,1,0,0,0,0,1,1,6,1,-1,-1,-1,-1,-1,-1,-1,-1
2017170S11227,2,1,0,18,0,8,0,0,0,0,1,1,4,1,13,3,-1,-1,-1,2,1,2
2017170S11247,1,9,0,9,0,4,0,0,0,0,1,1,6,2,-1,-1,-1,-1,-1,-1,-1,-1
2017170S11247,2,1,0,18,0,8,0,0,0,0,4,1,6,1,16,4,-1,-1,-1,9,1,9
2017170S11257,1,9,0,18,0,1,0,0,0,0,1,1,6,2,33,6,1399,1,8,3,1,3
2017170S11277,1,19,0,18,0,0,0,0,0,0,1,1,1,1,25,5,2143,2,2,2,1,2
2017170S11277,2,19,0,2,0,0,0,0,0,0,2,1,6,2,65,9,-1,-1,-1,5,1,5
2017170S11277,3,19,0,2,0,0,0,0,0,0,2,1,6,1,36,7,1600,1,48,5,1,5
2017170S11307,1,9,0,18,0,0,0,0,0,0,3,1,6,2,22,5,1242,1,2,5,1,5
2017170S11307,2,9,0,18,0,0,0,0,0,0,4,1,6,2,38,7,999,1,15,3,1,3
2017170S11317,1,8,0,18,0,8,0,0,0,0,1,1,1,1,55,8,1968,2,2,1,1,1
2017170S11317,2,9,0,9,0,8,0,0,0,0,1,1,6,3,-1,-1,-1,-1,-1,-1,-1,-1
2017170S11327,1,9,0,3,0,0,0,0,0,0,2,1,2,2,53,8,1396,2,3,4,1,4
2017170S11327,2,9,0,18,0,0,0,0,0,0,1,1,2,1,24,5,1149,1,8,1,1,1
2017170S11327,3,9,0,3,0,0,0,0,0,0,2,1,2,2,32,6,999,1,1,3,1,3
2017170S11327,4,9,0,18,0,0,0,0,0,0,1,1,2,1,25,5,1896,2,10,9,1,9
2017170S11327,5,20,0,4,0,0,0,0,0,0,2,1,1,1,32,6,9200,2,14,2,1,2
2017170S11337,1,9,0,9,0,8,0,0,0,0,3,1,6,2,46,8,1349,1,7,6,1,6
2017170S11337,2,9,0,18,0,8,0,0,0,0,1,1,6,1,69,10,2183,2,6,9,1,9
2017170S11347,1,9,0,9,0,6,0,0,0,0,3,1,6,1,52,8,1360,1,11,9,1,9
2017170S11347,2,1,0,18,0,8,0,0,0,0,1,1,2,1,41,7,-1,-1,-1,10,2,10
2017170S11347,3,9,0,5,0,6,0,0,0,0,0,1,6,2,-1,-1,998,1,13,6,1,6
2017170S11377,1,9,0,18,0,1,0,0,0,0,4,1,6,1,33,6,1598,1,21,-1,-1,-1
2017170S11377,2,1,0,18,0,6,0,0,0,0,1,1,6,1,17,4,-1,-1,-1,10,1,10
2017170S11387,1,5,0,18,0,8,0,0,0,0,4,1,6,1,44,7,738,1,23,8,1,8
2017170S11387,2,9,0,9,0,4,0,0,0,0,1,1,6,2,64,9,1560,2,5,7,3,7
2017170S11397,1,9,0,2,0,0,0,0,0,0,1,1,6,1,35,6,-1,-1,-1,5,1,5
2017170S11397,2,9,0,1,0,0,0,0,0,0,2,1,6,2,28,6,1685,2,3,9,3,9
2017170S11427,1,11,0,16,0,0,0,0,0,0,1,1,1,1,56,9,6696,2,2,4,1,4
2017170S11427,2,9,0,12,0,0,0,0,0,0,3,1,6,3,-1,-1,1598,1,16,-1,-1,-1
2017170S11437,1,9,0,18,0,0,0,0,0,0,1,1,6,2,18,4,1242,1,12,9,1,9
2017170S11467,1,9,0,16,0,2,1,0,7,4,1,1,6,1,17,4,1149,1,11,2,1,2
2017170S11497,1,9,0,9,0,8,0,0,0,0,3,1,6,1,32,6,1968,2,11,2,1,2
2017170S11497,2,9,0,18,0,3,0,0,0,0,1,1,6,2,40,7,998,1,3,9,1,9
2017170S11507,1,9,0,18,0,1,0,0,0,0,1,1,6,1,33,6,1896,2,9,1,1,1
2017170S11507,2,9,0,3,0,1,0,0,0,0,2,1,6,2,55,8,-1,-1,-1,9,2,9