Accident_Index,Vehicle_Reference,Vehicle_Type,Towing_and_Articulation,Vehicle_Manoeuvre,Vehicle_Location-Restricted_Lane,Junction_Location,Skidding_and_Overturning,Hit_Object_in_Carriageway,Vehicle_Leaving_Carriageway,Hit_Object_off_Carriageway,1st_Point_of_Impact,Was_Vehicle_Left_Hand_Drive?,Journey_Purpose_of_Driver,Sex_of_Driver,Age_of_Driver,Age_Band_of_Driver,Engine_Capacity_(CC),Propulsion_Code,Age_of_Vehicle,Driver_IMD_Decile,Driver_Home_Area_Type,Vehicle_IMD_Decile
2017200152942,1,9,0,1,0,0,0,0,0,0,2,1,6,1,-1,-1,-1,-1,-1,6,1,6
2017200152945,1,9,0,18,0,2,0,0,0,0,1,1,6,1,54,8,1560,2,3,7,1,7
2017200152946,1,3,0,18,0,0,1,0,0,0,1,1,6,1,27,6,124,1,5,1,1,1
2017200152946,2,9,0,5,0,0,0,0,0,0,1,1,1,1,29,6,1910,2,10,3,1,3
2017200152968,1,9,0,9,0,5,0,0,0,0,1,1,1,1,49,8,1598,1,11,1,1,1
2017200152968,2,1,0,18,0,8,0,0,0,0,1,1,6,1,53,8,-1,-1,-1,7,1,7
2017200152970,1,9,0,18,0,8,0,0,0,0,3,1,3,2,28,6,1598,1,4,2,1,2
2017200152970,2,9,0,18,0,6,0,0,0,0,1,1,6,1,-1,-1,1796,1,11,-1,-1,-1
2017200152984,1,9,0,17,0,0,1,4,0,0,1,1,6,2,68,10,1124,1,12,2,1,2
2017200152984,2,19,0,2,0,0,0,0,0,0,2,1,2,1,-1,-1,2143,2,2,-1,-1,-1
2017200153036,1,9,0,5,0,8,0,0,0,0,4,1,6,2,28,6,1686,2,14,3,1,3
2017200153036,2,9,0,18,0,8,0,0,1,10,1,1,6,1,31,6,6752,1,2,9,3,9
2017200153052,1,9,0,16,0,4,0,0,0,0,1,1,6,3,-1,-1,1995,2,8,-1,-1,-1
2017200153052,2,9,0,17,0,8,0,10,1,0,4,1,6,1,70,10,1398,2,16,2,1,2
2017200153088,1,9,0,18,0,1,0,0,0,0,1,1,6,1,24,5,1368,1,10,2,1,2
2017200153088,2,9,0,18,0,1,0,0,0,0,3,1,6,1,40,7,1598,1,13,7,1,7
2017200153178,1,9,0,18,0,1,0,0,0,0,2,1,6,3,-1,-1,-1,-1,-1,-1,-1,-1
2017200153178,2,9,0,18,0,1,0,0,0,0,1,1,6,1,17,4,1197,1,4,6,1,6
2017200153178,3,9,0,18,0,1,0,0,0,0,2,1,6,1,24,5,1973,1,16,4,1,4
2017200153178,4,9,0,18,0,1,0,0,0,0,2,1,6,1,51,8,1396,2,-1,6,1,6
2017200153179,1,9,-1,-1,-1,2,-1,-1,-1,0,-1,1,6,3,-1,-1,-1,-1,-1,2,1,2
2017200153179,2,9,-1,-1,-1,2,-1,-1,-1,0,-1,1,6,2,-1,-1,1560,2,4,5,1,5
2017200153247,1,19,0,18,0,8,0,0,0,0,1,1,6,1,-1,-1,2198,2,4,5,1,5
2017200153247,2,9,0,3,0,8,0,0,0,0,2,1,6,2,52,8,898,1,1,2,1,2
2017200153263,1,9,0,18,0,1,0,0,0,0,2,1,6,1,64,9,1332,1,24,1,1,1
2017200153263,2,9,0,18,0,1,0,0,0,0,1,1,6,3,-1,-1,1398,1,2,-1,-1,-1
2017200153302,1,9,0,18,0,0,0,0,0,0,1,1,2,2,23,5,1229,1,2,9,1,9
2017200153302,2,9,0,4,0,0,0,0,0,0,2,1,2,2,24,5,1498,1,12,3,1,3
2017200153305,1,9,0,13,0,0,0,0,0,0,1,1,6,3,-1,-1,1968,2,11,-1,-1,-1
2017200153305,2,9,0,18,0,0,0,4,0,0,1,1,6,1,21,5,1197,1,5,6,1,6
2017200153305,3,9,0,2,0,0,0,0,0,0,4,1,6,3,-1,-1,-1,-1,-1,-1,-1,-1
2017200153311,1,9,0,18,0,1,0,0,0,0,1,1,6,1,-1,-1,1998,2,10,-1,-1,-1
2017200153311,2,9,0,3,0,1,0,0,0,0,2,1,6,2,19,4,1229,1,9,1,1,1
2017200153333,1,9,0,5,0,0,0,0,0,0,1,1,6,1,36,7,1950,2,-1,5,1,5
2017200153335,1,19,0,5,0,0,0,0,0,0,1,1,6,1,54,8,2148,2,8,2,1,2
2017200153335,2,9,0,4,0,0,0,0,0,0,2,1,6,2,36,7,1596,1,1,1,1,1
2017200153354,1,9,0,18,0,0,0,0,0,0,1,1,6,1,24,5,1999,1,3,-1,-1,-1
2017200153354,2,9,0,4,0,0,0,0,0,0,3,1,1,1,50,8,1997,2,2,5,1,5
2017200153354,3,9,0,4,0,0,0,4,0,0,2,1,6,2,36,7,1598,1,11,5,1,5
2017200153354,4,9,0,2,0,0,0,0,0,0,3,1,6,3,-1,-1,-1,-1,-1,-1,-1,-1
2017200153354,5,9,0,2,0,0,0,0,0,0,4,1,6,3,-1,-1,-1,-1,-1,-1,-1,-1
2017200153354,6,9,0,4,0,0,0,0,0,0,3,1,6,2,39,7,1598,2,2,10,1,10
2017200153354,7,9,0,4,0,0,0,0,0,0,1,1,6,2,56,9,1968,2,11,4,3,4
2017200153354,8,9,0,4,0,0,0,0,0,0,0,1,1,1,-1,-1,2993,2,1,1,1,1
2017200153368,1,9,0,18,0,8,0,0,0,0,1,1,6,3,-1,-1,1299,1,16,-1,-1,-1
2017200153368,2,9,0,4,0,8,0,0,0,0,2,1,6,2,54,8,1499,1,1,7,1,7
2017200153380,1,9,0,4,0,1,0,0,0,0,2,1,1,1,48,8,1499,2,3,1,1,1
2017200153380,2,9,0,18,0,1,0,0,0,0,1,1,6,3,-1,-1,1198,1,7,-1,-1,-1
2017200153409,1,9,0,3,0,0,0,0,0,0,2,1,6,1,35,6,1968,2,9,2,1,2
2017200153409,2,9,0,18,0,0,0,0,0,0,1,1,6,2,-1,-1,1598,1,14,2,1,2
2017200153427,1,9,0,3,0,1,0,0,0,0,0,1,6,2,43,7,1910,2,10,1,1,1
2017200153427,2,9,0,18,0,1,0,0,0,0,2,1,6,1,30,6,2987,2,10,-1,-1,-1
2017200153436,1,9,0,18,0,0,0,0,0,0,1,1,6,2,-1,-1,1229,1,7,6,1,6
2017200153436,2,9,0,3,0,0,0,0,0,0,2,1,6,2,22,5,1248,2,6,1,1,1
2017200153436,3,9,0,3,0,0,0,0,0,0,2,1,6,2,-1,-1,1560,2,7,7,1,7
2017200153494,1,9,0,12,0,3,0,0,0,0,3,1,1,1,46,8,2698,2,8,9,3,9
2017200153494,2,9,0,18,0,3,0,0,0,0,4,1,1,2,36,7,1598,2,2,6,1,6
2017200153550,1,19,0,18,0,0,0,0,0,0,4,1,1,1,62,9,1598,2,10,5,1,5
2017200153552,1,9,0,9,0,6,0,0,0,0,3,1,6,2,35,6,1360,1,7,1,1,1
2017200153552,2,9,0,18,0,8,0,0,0,0,1,1,2,1,-1,-1,1388,1,15,1,1,1
2017200153575,1,9,0,9,0,5,0,0,0,0,4,1,6,3,-1,-1,1896,2,11,5,1,5
2017200153576,1,9,0,9,0,5,0,0,0,0,1,1,6,2,30,6,1329,1,3,8,1,8
2017200153609,1,19,0,9,0,6,0,0,0,0,4,1,1,1,31,6,1598,2,1,1,1,1
2017200153609,2,9,0,18,0,8,0,0,0,0,1,1,6,1,71,10,1796,1,7,5,1,5
2017200153677,1,9,0,16,0,0,0,0,0,0,1,1,6,2,51,8,1398,1,1,2,1,2
2017200154084,1,9,0,18,0,0,0,0,0,0,0,1,6,1,20,4,1360,1,11,-1,-1,-1
2017200154084,2,9,0,18,0,0,0,0,0,0,1,1,6,3,-1,-1,1995,2,10,-1,-1,-1
2017200154095,1,9,0,3,0,1,0,0,0,0,2,1,1,1,55,8,1910,2,8,1,1,1
2017200154095,2,9,0,18,0,1,0,0,0,0,1,1,6,3,-1,-1,-1,-1,-1,-1,-1,-1
2017200154097,1,9,0,4,0,0,0,0,0,0,2,1,6,1,44,7,1991,1,1,2,1,2
2017200154097,2,9,0,18,0,0,0,0,0,0,1,1,6,1,40,7,1749,1,14,8,1,8
2017200154105,1,9,0,18,0,0,0,0,0,0,1,1,2,2,26,6,1598,1,12,3,1,3
2017200154126,1,9,0,9,0,5,0,0,0,0,0,1,6,1,39,7,1968,2,7,2,1,2
2017200154173,1,11,0,18,0,0,0,0,0,0,4,1,1,1,54,8,-1,-1,-1,7,3,7
2017200154226,1,9,0,13,0,0,0,0,1,10,4,1,6,1,63,9,1242,1,12,2,1,2
2017200154226,2,21,1,18,0,0,0,0,0,0,1,1,1,1,35,6,12777,2,10,2,1,2
2017200154313,1,9,0,18,0,8,0,10,1,9,3,1,1,1,55,8,1995,1,11,10,1,10
2017200154313,2,9,0,18,0,6,0,10,7,1,4,1,2,3,50,8,1398,2,8,8,2,8
2017200154344,1,9,0,18,0,2,0,0,0,0,1,1,6,3,52,8,1396,2,5,1,1,1
2017200154344,2,1,0,18,0,2,0,0,0,0,1,1,6,1,11,3,-1,-1,-1,1,1,1
2017200154353,1,9,0,18,0,0,0,0,0,0,1,1,2,3,50,8,1388,1,14,3,1,3
2017200154368,1,-1,0,18,0,0,0,0,0,0,4,1,6,3,-1,-1,-1,-1,-1,-1,-1,-1
2017200154369,1,3,0,14,0,8,0,0,0,0,1,1,6,1,24,5,125,1,1,2,1,2
2017200154369,2,9,0,9,0,8,0,0,0,0,3,1,6,2,48,8,1398,2,14,2,1,2
2017200154491,1,9,0,5,9,1,0,0,0,0,0,1,6,3,-1,-1,1956,2,7,-1,-1,-1
2017200154495,1,9,0,18,0,4,0,0,0,0,1,1,1,2,42,7,1360,1,11,2,1,2
2017200154495,2,3,0,18,0,5,0,0,0,0,4,1,1,1,38,7,125,1,11,3,1,3
2017200154496,1,9,0,18,0,0,0,0,0,0,1,1,1,1,50,8,1997,2,7,3,1,3
2017200154514,1,9,0,18,0,8,0,0,0,0,4,1,6,2,38,7,1400,1,12,1,1,1
2017200154514,2,1,0,18,0,8,0,0,0,0,3,1,6,1,73,10,-1,-1,-1,5,1,5
2017200154522,1,9,0,1,9,8,0,0,0,0,0,1,6,3,-1,-1,-1,-1,-1,-1,-1,-1
2017200154596,1,9,0,11,0,1,0,0,0,0,4,1,6,1,59,9,1689,2,15,1,1,1
2017200154596,2,11,0,4,2,1,0,0,0,0,3,1,1,1,33,6,6700,2,5,-1,-1,-1
2017200154634,1,9,0,18,0,6,0,0,0,0,1,1,6,1,40,7,1461,2,13,2,1,2
2017200154634,2,9,0,18,0,8,0,0,0,0,1,1,6,1,32,6,1997,2,15,1,1,1
2017200154654,1,98,1,5,0,1,0,0,0,0,4,2,1,1,31,6,-1,-1,-1,-1,-1,-1
2017200154660,1,9,0,18,0,0,0,0,0,0,4,1,6,3,-1,-1,-1,-1,-1,-1,-1,-1
2017200154671,1,9,0,18,0,1,0,0,0,0,0,1,6,2,20,4,1242,1,14,1,1,1
2017200154671,2,9,0,18,0,1,0,0,0,0,1,1,6,3,36,7,1199,1,16,2,1,2
2017200154709,1,9,0,7,0,6,0,0,0,0,1,1,6,2,44,7,1598,1,15,2,1,2
2017200154709,2,1,0,18,0,8,0,0,0,0,4,1,6,1,41,7,-1,-1,-1,8,1,8
2017200154735,1,9,0,18,0,8,0,0,0,0,2,1,6,2,-1,-1,-1,-1,-1,-1,-1,-1
2017200154735,2,9,0,5,0,6,0,0,0,0,1,1,6,3,-1,-1,1685,2,2,-1,-1,-1
2017200154764,1,9,0,18,0,6,0,0,0,0,1,1,6,3,-1,-1,1997,2,2,-1,-1,-1
2017200154764,2,9,0,18,0,8,0,0,0,0,1,1,1,1,36,7,1896,2,7,1,1,1
2017200154802,1,9,0,18,0,8,0,0,0,0,1,1,6,3,-1,-1,1796,7,10,-1,-1,-1
2017200154802,2,9,0,9,0,6,0,0,0,0,4,1,6,2,46,8,1951,2,13,1,1,1
2017200154803,1,9,0,18,0,8,0,0,0,0,1,1,6,1,63,9,1364,1,8,-1,-1,-1
2017200154803,2,1,0,18,0,6,0,0,0,0,1,1,6,1,15,3,-1,-1,-1,-1,-1,-1
2017200154823,1,9,0,18,0,1,0,9,3,11,1,1,6,1,24,5,1590,1,15,2,1,2
2017200154863,1,9,0,7,0,6,0,0,0,0,1,1,6,1,32,6,999,1,1,-1,-1,-1
2017200154863,2,9,0,18,0,8,0,0,0,0,1,1,1,1,56,9,-1,-1,-1,1,1,1
2017200154864,1,9,0,18,0,1,0,0,0,0,1,1,2,1,52,8,1398,2,14,1,1,1
2017200154874,1,9,0,18,0,0,0,0,0,0,1,1,5,1,42,7,3199,1,18,2,1,2
2017200154874,2,9,0,3,0,0,0,0,0,0,1,1,1,1,47,8,1968,2,3,1,1,1
2017200154874,3,9,0,3,0,0,0,0,0,0,2,1,5,1,20,4,1686,2,13,2,1,2
2017200154880,1,9,0,18,0,0,0,0,0,0,4,1,6,3,-1,-1,-1,-1,-1,-1,-1,-1
2017200154885,1,9,0,3,0,1,0,0,0,0,2,1,6,2,54,8,1495,1,14,1,1,1
2017200154885,2,9,0,18,0,1,0,0,0,0,1,1,6,3,-1,-1,1910,2,10,2,1,2
2017200154888,1,9,0,16,0,4,0,0,0,0,1,1,6,1,26,6,1995,2,5,7,3,7
2017200154888,2,9,0,18,0,8,0,0,0,0,4,1,6,2,55,8,1598,2,1,6,1,6
2017200154894,1,9,0,18,0,8,0,0,0,0,1,1,6,1,22,5,1396,1,14,-1,-1,-1
2017200154894,2,9,0,10,0,8,0,0,0,0,3,1,6,1,51,8,-1,-1,-1,2,1,2
2017200154894,3,9,0,3,0,1,0,0,0,0,1,1,6,2,18,4,1242,1,10,7,3,7
2017200154896,1,9,0,18,0,0,0,4,0,0,1,1,6,3,-1,-1,1781,1,19,-1,-1,-1
2017200154896,2,8,0,18,0,0,0,0,0,0,2,1,1,1,42,7,1910,2,10,1,1,1
2017200154896,3,9,0,2,0,0,0,0,0,0,3,1,6,3,-1,-1,1956,2,8,-1,-1,-1
2017200154896,4,9,0,2,0,0,0,0,0,0,2,1,6,3,-1,-1,1461,2,12,-1,-1,-1
2017200154910,1,9,0,9,0,6,0,10,1,0,3,1,6,2,22,5,998,1,2,2,1,2
2017200154910,2,9,0,18,0,8,0,10,1,0,4,1,6,3,-1,-1,2000,2,13,-1,-1,-1
2017200154949,1,9,0,18,0,0,0,0,0,0,0,1,1,1,41,7,1896,2,11,2,1,2
2017200154977,1,9,0,18,0,0,0,0,1,4,1,1,6,2,31,6,1995,2,10,3,1,3
2017200154977,2,-1,0,14,0,0,0,0,0,0,1,1,6,3,-1,-1,-1,-1,-1,-1,-1,-1
2017200155002,1,9,0,14,0,2,2,7,5,6,1,1,6,1,22,5,1997,1,11,5,1,5
2017200155022,1,9,0,16,0,0,1,0,0,0,4,1,6,1,19,4,1998,1,13,2,1,2
2017200155022,2,9,0,17,0,0,0,0,0,0,1,1,1,1,52,8,1998,1,10,2,1,2
2017200155038,1,9,0,5,0,4,1,7,1,10,1,1,1,2,-1,-1,1968,2,3,10,2,10
2017200155038,2,19,0,5,0,4,1,7,0,0,1,1,1,1,36,7,1398,2,9,5,1,5
2017200155057,1,3,0,14,0,8,0,0,0,0,1,1,2,1,17,4,124,1,1,3,1,3
2017200155057,2,8,0,9,0,6,0,0,0,0,1,1,1,1,58,9,2446,2,16,3,1,3
2017200155075,1,1,0,18,0,8,0,0,0,0,1,1,1,1,49,8,-1,-1,-1,1,1,1
2017200155075,2,9,0,18,0,4,0,0,0,0,3,1,6,3,-1,-1,-1,-1,-1,-1,-1,-1
2017200155093,1,9,0,18,0,0,0,0,0,0,3,1,6,3,-1,-1,2902,2,11,-1,-1,-1
2017200155192,1,9,0,1,9,6,0,0,0,0,2,1,6,3,-1,-1,1968,2,8,-1,-1,-1
2017200155212,1,9,0,5,0,6,0,0,0,0,1,1,6,1,26,6,1598,1,16,8,1,8
2017200155212,2,1,0,17,0,8,0,0,0,0,2,1,6,1,30,6,-1,-1,-1,4,1,4
2017200155255,1,9,0,18,0,0,0,0,0,0,1,1,3,2,35,6,1397,1,9,3,1,3
2017200155274,1,9,0,2,0,0,0,0,0,0,3,1,6,1,36,7,1896,2,14,1,1,1
2017200155274,2,1,0,14,0,0,0,8,0,0,1,1,6,1,37,7,-1,-1,-1,-1,-1,-1
2017200155293,1,9,0,18,0,0,0,0,0,0,3,1,2,1,67,10,1956,2,4,3,1,3
2017200155295,1,9,0,7,0,5,0,10,7,0,1,1,6,1,19,4,1599,1,15,1,1,1
2017200155295,2,9,0,4,0,8,0,0,0,0,0,1,1,1,-1,-1,2993,2,2,5,1,5
2017200155295,3,9,0,2,9,2,0,0,0,0,3,1,6,3,-1,-1,1798,1,15,-1,-1,-1
2017200155309,1,9,0,18,0,0,0,0,0,0,4,1,2,1,29,6,1896,2,14,5,1,5
2017200155309,2,9,0,6,0,0,0,0,0,0,3,1,2,1,48,8,2143,2,3,9,2,9
2017200155310,1,9,0,13,0,2,0,0,0,0,1,1,6,2,42,7,1242,1,7,1,1,1
2017200155310,2,9,0,14,0,2,0,0,0,0,3,1,6,2,22,5,1242,1,5,4,1,4
2017200155317,1,9,0,9,0,6,0,0,0,0,3,1,6,2,30,6,1461,2,6,1,1,1
2017200155317,2,9,0,18,0,8,0,0,0,0,1,1,6,1,22,5,1896,2,9,4,1,4
2017200155325,1,-1,-1,18,0,8,0,0,0,0,1,1,6,3,-1,-1,-1,-1,-1,-1,-1,-1
2017200155325,2,9,0,10,0,8,0,0,0,0,2,1,6,2,37,7,1910,2,9,1,1,1
2017200155335,1,9,0,13,0,1,0,0,0,0,4,1,6,1,17,4,2997,1,18,1,1,1
2017200155335,2,9,0,18,0,1,0,0,0,0,3,1,6,2,53,8,1498,1,8,4,1,4
2017200155335,3,9,0,18,0,1,0,0,0,0,0,1,1,1,-1,-1,2993,2,1,5,1,5
2017200155346,1,1,0,18,0,1,0,0,0,0,2,1,1,1,41,7,-1,-1,-1,8,1,8
2017200155346,2,9,0,11,0,1,0,0,0,0,1,1,6,3,32,6,1984,1,17,3,1,3
2017200155348,1,9,0,18,0,0,0,0,0,0,3,1,1,1,44,7,2204,2,10,1,1,1
2017200155354,1,9,0,18,0,0,1,0,0,0,1,1,6,1,44,7,1998,2,7,1,1,1
2017200155354,2,9,0,18,0,0,1,0,0,0,2,1,6,2,51,8,1398,1,5,2,1,2
2017200155374,1,9,0,18,0,0,0,0,0,0,1,1,6,1,74,10,2179,2,12,5,1,5
2017200155375,1,11,0,18,0,2,0,0,0,0,1,1,1,1,20,4,-1,-1,-1,7,1,7
2017200155375,2,9,0,3,0,2,0,0,0,0,2,1,1,2,25,5,1200,1,1,2,1,2
2017200155375,3,9,0,3,0,2,0,0,0,0,2,1,3,1,62,9,1995,2,6,3,1,3
2017200155388,1,9,0,18,0,0,0,0,0,0,1,1,1,1,49,8,1986,2,10,4,1,4
2017200155399,1,9,0,18,0,0,0,10,7,0,1,1,6,1,35,6,2148,2,13,-1,-1,-1
2017200155399,2,9,0,3,0,0,0,0,0,0,2,1,6,1,30,6,1560,2,11,2,1,2
2017200155399,3,9,0,2,9,0,0,0,0,0,3,1,6,3,-1,-1,1229,1,12,9,1,9
2017200155399,4,9,0,2,9,0,0,0,0,0,4,1,6,3,-1,-1,1124,1,17,-1,-1,-1
2017200155414,1,9,0,18,0,6,0,0,0,0,1,1,6,3,-1,-1,973,1,14,-1,-1,-1
2017200155414,2,9,0,18,0,8,0,0,0,0,3,1,6,2,32,6,1956,2,8,2,1,2
2017200155414,3,9,0,18,0,1,0,0,0,0,0,1,6,1,-1,-1,1248,2,3,2,1,2
2017200155427,1,9,0,9,0,6,0,0,0,0,4,1,6,1,81,11,1397,1,5,6,1,6
2017200155427,2,3,0,18,0,8,2,0,0,0,1,1,6,1,49,8,124,1,10,1,1,1
2017200155431,1,9,0,18,0,1,0,0,0,0,1,1,6,3,-1,-1,1388,1,15,-1,-1,-1
2017200155431,2,9,0,3,0,1,0,0,0,0,2,1,6,1,19,4,1396,1,12,3,1,3
2017200155431,3,9,0,3,0,1,0,0,0,0,4,1,6,1,36,7,1686,2,12,1,1,1
2017200155442,1,9,0,18,0,0,0,0,0,0,0,1,6,2,31,6,1398,1,2,1,1,1
2017200155442,2,9,0,18,0,0,0,0,0,0,0,1,6,3,-1,-1,2143,2,2,-1,-1,-1
2017200155461,1,9,0,7,0,5,0,0,0,0,3,1,2,1,48,8,1339,1,6,7,1,7
2017200155461,2,1,0,10,0,1,0,0,0,0,1,1,2,1,-1,-1,-1,-1,-1,1,1,1
2017200155465,1,9,0,7,0,6,0,0,0,0,1,1,6,1,-1,-1,-1,-1,-1,-1,-1,-1
2017200155465,2,1,0,18,0,8,0,0,0,0,3,1,6,1,15,3,-1,-1,-1,1,1,1
2017200155492,1,9,0,7,0,6,0,0,0,0,3,1,1,1,55,8,1968,2,4,6,1,6
2017200155492,2,4,0,13,0,2,0,7,0,0,4,1,6,1,51,8,500,1,35,1,1,1
2017200155503,1,9,0,18,0,8,0,0,0,0,2,1,1,2,33,6,1499,2,1,2,1,2
2017200155503,2,9,0,9,0,3,0,0,0,0,1,1,6,3,-1,-1,-1,-1,-1,-1,-1,-1
2017200155528,1,1,0,18,0,8,0,0,0,0,0,1,6,1,26,6,-1,-1,-1,5,1,5
2017200155528,2,8,0,5,0,6,0,0,0,0,1,1,6,1,-1,-1,1997,2,16,1,1,1
2017200155559,1,9,0,18,0,0,0,0,0,0,4,1,6,2,47,8,1400,1,11,10,1,10
2017200155566,1,9,0,18,0,8,0,0,0,0,1,1,6,3,-1,-1,1149,1,14,-1,-1,-1
2017200155566,2,9,0,9,0,5,0,0,0,0,4,1,6,2,26,6,1422,2,13,7,1,7
2017200155592,1,9,0,18,0,8,0,0,0,0,4,1,6,3,-1,-1,-1,-1,-1,-1,-1,-1
2017200155592,2,9,0,5,0,6,0,0,1,11,1,1,6,2,59,9,1229,1,11,2,1,2
2017200155592,3,9,0,4,0,8,1,0,0,0,2,1,6,1,22,5,1984,1,9,5,1,5
2017200155599,1,1,0,18,0,8,0,0,0,0,1,1,1,1,38,7,-1,-1,-1,-1,-1,-1
2017200155599,2,9,0,7,0,6,0,0,0,0,3,1,6,1,70,10,1994,1,11,-1,-1,-1
2017200155612,1,9,0,9,0,6,0,10,1,11,4,1,6,1,47,8,1896,2,11,3,1,3
2017200155612,2,9,0,18,0,8,0,0,0,0,1,1,1,1,33,6,1560,2,8,1,1,1
2017200155636,1,9,0,9,0,1,0,0,0,0,0,1,6,3,-1,-1,-1,-1,-1,-1,-1,-1
2017200155693,1,9,0,7,0,6,1,0,0,0,1,1,6,1,23,5,1598,2,6,-1,-1,-1
2017200155693,2,9,0,7,0,6,0,0,0,0,0,1,1,1,-1,-1,1956,2,2,-1,-1,-1
2017200155693,3,9,0,18,0,1,0,0,0,0,1,1,6,1,72,10,2198,2,11,7,1,7
2017200155694,1,90,0,18,0,8,0,0,0,0,1,1,1,2,30,6,2999,2,3,3,1,3
2017200155694,2,9,0,18,0,8,0,0,0,0,1,1,6,2,20,4,1360,1,13,4,1,4
2017200155711,1,9,0,18,0,0,0,7,0,0,1,1,6,2,35,6,1390,1,8,6,1,6
2017200155734,1,9,0,7,0,6,0,0,0,0,3,1,3,2,52,8,996,1,8,2,1,2
2017200155734,2,1,0,18,0,8,0,0,0,0,1,1,2,1,49,8,-1,-1,-1,4,1,4
2017200155800,1,9,0,18,0,4,0,0,0,0,4,1,6,2,57,9,1388,1,15,1,1,1
2017200155800,2,19,0,18,0,4,0,0,0,0,1,1,1,1,27,6,2402,2,12,3,1,3
2017200155810,1,19,0,18,0,0,0,0,0,0,0,1,6,3,-1,-1,2461,2,17,-1,-1,-1
2017200155828,1,9,0,18,2,0,0,0,0,0,3,1,6,1,-1,-1,1968,2,6,3,1,3
2017200155828,2,3,0,18,2,0,0,0,0,0,1,1,2,1,22,5,124,1,17,3,1,3
2017200155839,1,9,0,9,0,8,0,0,0,0,4,1,6,2,25,5,1598,2,4,1,1,1
2017200155839,2,9,0,18,0,8,0,0,0,0,1,1,6,1,86,11,1396,1,14,1,1,1
2017200155854,1,9,0,4,0,0,0,0,0,0,1,1,2,1,38,7,1896,2,13,2,1,2
2017200155854,2,9,0,4,0,0,0,0,0,0,2,1,2,1,51,8,-1,-1,-1,1,1,1
2017200155886,1,9,0,1,0,0,0,0,0,0,2,1,3,1,35,6,2199,2,9,5,1,5
2017200155902,1,9,0,7,0,6,0,0,0,0,3,1,1,1,25,5,1598,1,9,-1,-1,-1
2017200155902,2,9,0,18,0,8,0,0,0,0,1,1,2,2,48,8,1360,1,13,3,1,3
2017200155903,1,9,0,3,0,1,0,0,0,0,1,1,2,2,54,8,1199,1,14,-1,-1,-1
2017200155903,2,1,-1,3,0,1,0,0,0,0,2,1,2,1,-1,-1,-1,-1,-1,10,1,10
2017200155926,1,90,0,18,0,1,0,0,0,0,1,1,6,3,-1,-1,-1,-1,-1,-1,-1,-1
2017200155961,1,9,0,9,0,8,0,0,0,0,1,1,6,1,-1,-1,1998,2,10,1,1,1
2017200155961,2,9,0,18,0,8,0,0,0,0,3,1,6,1,44,7,1794,1,12,1,1,1
2017200156025,1,9,0,18,0,6,0,0,0,0,1,1,6,2,33,6,1598,1,14,1,1,1
2017200156025,2,9,0,18,0,8,0,0,0,0,3,1,6,1,25,5,1296,1,10,2,1,2
2017200156031,1,9,0,18,0,0,1,0,0,0,4,1,6,1,18,4,1242,1,9,1,1,1
2017200156031,2,9,0,18,0,0,1,0,0,0,1,1,6,1,44,7,1399,2,11,5,1,5
2017200156032,1,9,0,18,0,2,1,10,1,10,0,1,6,3,-1,-1,-1,-1,-1,-1,-1,-1
2017200156036,1,21,0,11,0,0,0,0,0,0,4,1,1,1,27,6,12780,2,9,9,1,9
2017200156036,2,9,0,18,0,0,0,0,0,0,3,1,6,2,27,6,1242,1,4,9,1,9
2017200156047,1,9,0,18,0,8,0,0,0,0,1,1,6,1,22,5,1396,1,13,2,1,2
2017200156047,2,9,0,9,0,6,0,0,0,0,3,1,1,1,55,8,1896,2,13,1,1,1
2017200156054,1,9,0,18,0,8,0,0,0,0,3,1,6,3,-1,-1,1998,1,13,-1,-1,-1
2017200156054,2,9,0,9,0,6,0,10,7,0,3,1,6,2,44,7,1198,1,10,1,1,1
2017200156059,1,9,0,9,0,6,0,0,0,0,4,1,6,1,25,5,998,1,5,4,1,4
2017200156059,2,9,0,10,0,8,0,0,0,0,4,1,6,2,46,8,1248,1,2,2,1,2
2017200156079,1,9,0,9,0,8,0,0,0,0,4,1,6,1,22,5,998,1,15,2,1,2
2017200156079,2,9,0,18,0,8,0,0,0,0,1,1,6,1,61,9,1591,1,3,9,1,9
2017200156107,1,11,0,15,0,2,0,0,0,0,4,1,1,2,-1,-1,-1,-1,-1,2,1,2
2017200156121,1,9,0,18,0,8,0,0,0,0,1,1,6,1,54,8,1364,1,11,2,1,2
2017200156121,2,9,0,9,0,5,0,0,0,0,1,1,6,1,22,5,-1,-1,-1,3,1,3
2017200156127,1,9,0,16,0,0,-1,0,0,0,4,1,6,1,21,5,1124,1,14,8,1,8
2017200156127,2,21,-1,18,0,0,-1,0,0,0,1,1,6,1,46,8,6693,2,3,5,1,5
2017200156138,1,9,0,9,0,5,0,0,0,0,4,1,6,1,33,6,1956,2,6,1,1,1
2017200156138,2,1,0,18,4,8,0,0,0,0,1,1,6,1,37,7,-1,-1,-1,5,1,5
2017200156149,1,9,0,18,0,0,0,10,0,0,1,1,6,1,27,6,1199,1,14,2,1,2
2017200156149,2,9,0,2,0,0,1,10,7,11,2,1,1,1,32,6,1560,2,8,4,1,4
2017200156158,1,9,0,11,0,8,0,0,0,0,1,1,6,3,-1,-1,1598,2,2,-1,-1,-1
2017200156158,2,5,0,18,0,8,0,0,0,0,2,1,2,1,31,6,781,1,13,2,1,2