Accident_Index,Vehicle_Reference,Vehicle_Type,Towing_and_Articulation,Vehicle_Manoeuvre,Vehicle_Location-Restricted_Lane,Junction_Location,Skidding_and_Overturning,Hit_Object_in_Carriageway,Vehicle_Leaving_Carriageway,Hit_Object_off_Carriageway,1st_Point_of_Impact,Was_Vehicle_Left_Hand_Drive?,Journey_Purpose_of_Driver,Sex_of_Driver,Age_of_Driver,Age_Band_of_Driver,Engine_Capacity_(CC),Propulsion_Code,Age_of_Vehicle,Driver_IMD_Decile,Driver_Home_Area_Type,Vehicle_IMD_Decile
2017200156176,1,9,0,18,0,8,1,0,0,0,1,1,6,3,-1,-1,1596,1,16,-1,-1,-1
2017200156176,2,19,0,9,0,8,1,0,0,0,2,1,1,1,36,7,1560,2,1,3,1,3
2017200156176,3,9,0,10,0,8,0,0,0,0,4,1,1,2,48,8,1248,2,4,6,1,6
2017200156192,1,9,0,18,0,6,0,0,0,0,1,1,6,1,-1,-1,2254,1,15,1,1,1
2017200156192,2,9,0,18,0,8,0,10,7,0,4,1,1,1,53,8,1968,2,2,1,1,1
2017200156200,1,98,0,18,0,8,0,0,0,0,3,1,6,3,-1,-1,-1,-1,-1,-1,-1,-1
2017200156200,2,1,0,9,0,5,0,0,0,0,4,1,6,1,61,9,-1,-1,-1,2,1,2
2017200156207,1,9,0,18,0,0,0,0,0,0,0,1,6,3,-1,-1,-1,-1,-1,-1,-1,-1
2017200156223,1,9,0,18,0,2,0,0,0,0,1,1,6,1,44,7,1896,2,15,1,1,1
2017200156223,2,9,0,18,0,1,0,0,0,0,1,1,6,2,29,6,1124,1,9,1,1,1
2017200156251,1,9,0,18,0,2,5,10,1,2,1,1,6,1,24,5,1998,2,12,1,1,1
2017200156277,1,9,0,18,0,8,0,0,0,0,4,1,3,1,49,8,1328,1,14,4,1,4
2017200156277,2,9,0,9,0,6,0,0,0,0,1,1,2,1,26,6,1896,2,9,1,1,1
2017200156292,1,3,0,18,0,0,0,0,0,0,1,1,5,1,31,6,125,1,1,1,1,1
2017200156292,2,9,0,4,0,0,0,0,0,0,2,1,1,2,34,6,1248,1,8,1,1,1
2017200156314,1,9,0,12,0,0,0,0,0,0,2,1,6,3,-1,-1,1799,1,8,-1,-1,-1
2017200156314,2,9,0,18,0,0,0,0,0,0,4,1,6,1,23,5,1995,2,11,6,1,6
2017200156329,1,9,0,9,8,0,0,0,0,0,4,1,6,1,41,7,2299,1,25,2,1,2
2017200156329,2,9,0,16,8,0,0,0,0,0,4,1,6,1,40,7,1598,1,10,1,1,1
2017200156353,1,9,0,18,0,8,0,0,0,0,1,1,2,1,21,5,1984,1,11,2,1,2
2017200156353,2,9,0,18,0,8,0,10,1,1,3,1,6,2,31,6,1398,1,5,6,1,6
2017200156479,1,19,0,18,0,0,0,0,0,0,2,1,6,1,27,6,2148,2,12,2,1,2
2017200156479,2,9,0,4,0,0,0,0,0,0,1,1,6,2,54,8,1995,2,-1,6,3,6
2017200156487,1,9,0,18,0,1,0,0,0,0,4,1,6,3,-1,-1,-1,-1,-1,-1,-1,-1
2017200156489,1,21,1,18,0,3,0,0,0,0,4,1,1,1,-1,-1,12600,2,14,2,1,2
2017200156489,2,1,0,18,0,3,0,0,0,0,3,1,1,1,62,9,-1,-1,-1,-1,-1,-1
2017200156494,1,9,0,5,0,0,0,0,0,0,1,1,6,1,38,7,1388,1,11,1,1,1
2017200156494,2,9,0,3,0,0,0,0,0,0,1,1,6,2,50,8,1197,1,-1,3,1,3
2017200156497,1,9,0,7,0,6,0,0,0,0,1,1,6,1,75,10,1248,1,5,10,1,10
2017200156497,2,9,0,18,0,8,0,10,7,5,1,1,1,2,52,8,1598,1,13,2,1,2
2017200156498,1,9,0,18,0,0,0,0,0,0,1,1,6,3,-1,-1,-1,-1,-1,-1,-1,-1
2017200156528,1,1,0,18,0,8,0,0,0,0,4,1,6,1,-1,-1,-1,-1,-1,5,1,5
2017200156528,2,9,0,7,0,6,0,0,0,0,1,1,6,1,-1,-1,1398,1,1,2,1,2
2017200156535,1,9,0,18,0,2,0,0,0,0,1,1,1,1,19,4,2149,2,10,1,1,1
2017200156542,1,9,0,18,0,0,0,0,0,0,2,1,1,2,-1,-1,1199,1,16,9,3,9
2017200156542,2,90,0,18,0,0,0,0,0,0,1,1,6,1,43,7,2999,2,2,2,1,2
2017200156542,3,9,0,5,0,0,0,0,0,0,0,1,6,3,-1,-1,-1,-1,-1,-1,-1,-1
2017200156562,1,21,0,18,0,0,0,0,0,0,1,1,1,1,34,6,12777,2,9,6,1,6
2017200156562,2,21,0,18,0,0,0,0,0,0,2,1,1,1,54,8,9200,2,8,8,3,8
2017200156562,3,9,0,18,0,0,0,0,0,0,2,1,2,2,55,8,1248,2,5,7,1,7
2017200156562,4,19,0,18,0,0,0,0,0,0,2,1,1,1,63,9,-1,-1,-1,1,1,1
2017200156570,1,9,0,18,0,1,0,0,0,0,1,1,6,2,28,6,1600,1,16,-1,-1,-1
2017200156581,1,9,0,14,0,0,0,0,0,0,1,1,6,1,20,4,1595,1,12,4,1,4
2017200156581,2,9,0,18,0,0,0,0,0,0,1,1,2,1,45,7,1596,1,15,2,1,2
2017200156583,1,9,0,18,0,0,0,0,0,0,1,1,6,3,-1,-1,2261,1,9,-1,-1,-1
2017200156583,2,9,0,18,0,0,0,0,0,0,1,1,6,1,19,4,1229,1,4,1,1,1
2017200156604,1,9,0,18,0,0,0,0,0,0,1,1,6,2,51,8,1590,1,13,8,1,8
2017200156619,1,9,0,18,0,0,0,0,0,0,1,1,6,3,-1,-1,1896,2,9,-1,-1,-1
2017200156640,1,9,0,18,0,8,1,0,0,0,1,1,1,3,28,6,1968,2,9,6,1,6
2017200156640,2,9,0,9,0,5,0,0,0,0,2,1,6,2,53,8,-1,-1,-1,2,1,2
2017200156658,1,21,0,11,0,0,0,0,0,0,3,1,1,1,-1,-1,12419,2,6,-1,-1,-1
2017200156658,2,9,0,18,0,0,0,0,0,0,3,1,2,2,57,9,1398,1,5,1,1,1
2017200156666,1,9,0,18,0,8,0,0,0,0,3,1,2,2,41,7,1248,1,3,5,1,5
2017200156666,2,1,0,9,0,4,0,0,0,0,1,1,6,1,30,6,-1,-1,-1,1,1,1
2017200156667,1,9,0,15,0,0,0,0,0,0,1,1,6,3,-1,-1,-1,-1,-1,-1,-1,-1
2017200156667,2,1,0,4,0,0,0,0,0,0,4,1,6,1,13,3,-1,-1,-1,1,1,1
2017200156669,1,9,0,11,0,0,0,0,0,0,4,1,6,1,38,7,-1,-1,-1,-1,-1,-1
2017200156669,2,9,0,18,0,0,1,0,0,0,3,1,6,1,29,6,1198,1,12,2,1,2
2017200156669,3,9,0,18,0,0,1,0,0,0,4,1,6,1,56,9,-1,-1,-1,-1,-1,-1
2017200156676,1,9,0,7,0,3,0,0,0,0,1,1,6,1,75,10,-1,-1,-1,5,1,5
2017200156707,1,9,0,1,0,0,0,0,0,0,2,1,6,1,30,6,1998,1,11,-1,-1,-1
2017200156707,2,9,0,3,0,0,0,0,0,0,1,1,6,1,54,8,1995,2,2,3,1,3
2017200156727,1,9,0,3,0,1,0,0,0,0,2,1,6,2,35,6,999,1,2,6,1,6
2017200156727,2,9,0,18,0,1,0,0,0,0,1,1,6,3,-1,-1,-1,-1,-1,-1,-1,-1
2017200156733,1,9,0,18,0,1,0,0,0,0,1,1,6,3,40,7,2979,1,4,-1,-1,-1
2017200156750,1,9,0,18,0,0,0,0,0,0,0,1,6,1,30,6,1598,1,12,1,1,1
2017200156750,2,9,0,18,0,0,0,0,0,0,1,1,6,1,-1,-1,2179,2,2,-1,-1,-1
2017200156772,1,9,0,18,0,2,0,0,0,0,1,1,1,1,39,7,1461,2,7,5,1,5
2017200156781,1,9,0,18,0,1,0,0,0,0,2,1,6,3,-1,-1,-1,-1,-1,-1,-1,-1
2017200156781,2,1,0,5,0,1,0,0,0,0,1,1,2,1,48,8,-1,-1,-1,4,1,4
2017200156797,1,3,0,18,0,2,0,0,0,0,1,1,6,1,29,6,124,1,10,2,1,2
2017200156797,2,9,0,18,0,2,0,0,0,0,2,1,6,1,47,8,1896,2,9,1,1,1
2017200156798,1,9,0,18,0,0,1,0,0,0,1,1,1,1,32,6,2979,1,14,-1,3,-1
2017200156798,2,9,0,18,0,0,0,0,0,0,2,1,1,1,50,8,1968,2,5,9,2,9
2017200156798,3,9,0,18,0,0,0,0,0,0,2,1,1,1,59,9,1968,2,2,5,1,5
2017200156798,4,9,0,18,0,0,0,0,0,0,2,1,1,1,74,10,2987,2,1,10,1,10
2017200156810,1,9,0,18,0,1,0,0,0,0,1,1,6,1,-1,-1,1598,1,14,6,3,6
2017200156810,2,9,0,3,0,1,0,0,0,0,2,1,6,2,25,5,1995,2,12,2,1,2
2017200156842,1,9,0,9,0,6,1,10,7,1,3,1,6,1,20,4,1199,1,14,2,1,2
2017200156842,2,11,0,18,0,8,0,0,0,0,1,1,1,1,42,7,5850,2,15,-1,-1,-1
2017200156844,1,9,0,12,0,1,0,0,0,0,3,1,6,3,-1,-1,1995,2,9,-1,-1,-1
2017200156844,2,9,0,18,0,1,0,0,7,0,4,1,6,2,32,6,1388,1,15,2,1,2
2017200156844,3,9,0,10,9,1,0,0,0,0,1,1,1,1,-1,-1,-1,-1,-1,9,1,9
2017200156881,1,9,0,1,9,7,0,0,0,0,2,1,6,3,-1,-1,-1,-1,-1,1,1,1
2017200156888,1,9,0,16,0,4,0,0,0,0,3,1,1,2,19,4,1968,2,13,2,1,2
2017200156888,2,9,0,9,0,8,0,0,0,0,1,1,1,1,59,9,-1,-1,-1,9,1,9
2017200156889,1,9,0,5,0,6,0,0,0,0,3,1,6,3,-1,-1,2987,2,8,-1,-1,-1
2017200156889,2,1,0,18,0,8,0,0,0,0,1,1,6,1,20,4,-1,-1,-1,6,1,6
2017200156894,1,9,0,18,0,0,0,0,0,0,1,1,6,3,-1,-1,1997,1,9,-1,-1,-1
2017200156894,2,9,0,4,0,0,0,0,0,0,2,1,6,2,33,6,1248,2,3,4,1,4
2017200156896,1,9,0,7,0,8,0,0,0,0,3,1,6,2,30,6,1753,2,9,7,1,7
2017200156896,2,9,0,11,0,8,0,0,0,0,4,1,6,1,-1,-1,-1,-1,-1,8,1,8
2017200156899,1,9,0,7,0,2,5,10,7,10,1,1,6,1,90,11,998,1,2,10,1,10
2017200156908,1,9,0,9,0,5,0,0,0,0,3,1,6,1,28,6,1910,2,12,-1,-1,-1
2017200156915,1,9,0,18,0,0,0,4,0,0,1,1,6,1,27,6,1364,1,11,3,1,3
2017200156915,2,9,0,2,0,0,0,0,0,0,2,1,6,1,19,4,998,1,4,1,1,1
2017200156917,1,9,0,3,0,0,0,0,0,0,1,1,2,2,32,6,1199,1,14,1,1,1
2017200156917,2,9,0,18,0,0,0,0,0,0,1,1,2,2,33,6,1398,1,5,10,1,10
2017200156917,3,9,0,3,0,0,0,0,0,0,2,1,1,1,56,9,2199,2,8,1,1,1
2017200156921,1,9,0,18,0,2,0,0,0,0,1,1,6,1,83,11,1299,1,13,6,1,6
2017200156926,1,9,0,18,0,8,0,0,0,0,1,1,6,1,-1,-1,1769,1,15,5,1,5
2017200156926,2,1,0,18,0,8,0,0,0,0,4,1,6,1,45,7,-1,-1,-1,-1,-1,-1
2017200156958,1,9,0,7,0,3,0,0,0,0,4,1,2,2,29,6,1240,1,12,2,1,2
2017200156960,1,9,0,2,0,0,0,0,0,0,4,1,6,1,40,7,2231,2,10,3,1,3
2017200156960,2,9,0,18,0,0,0,0,0,0,1,1,6,1,-1,-1,1388,1,11,1,1,1
2017200156987,1,9,0,9,0,6,0,0,0,0,1,1,6,3,-1,-1,-1,-1,-1,-1,-1,-1
2017200156987,2,1,0,18,0,8,0,0,0,0,1,1,6,1,28,6,-1,-1,-1,2,1,2
2017200156993,1,9,0,18,0,6,0,0,0,0,1,1,2,1,40,7,1900,2,12,1,1,1
2017200156993,2,9,0,18,0,8,0,10,8,4,4,1,2,1,45,7,2521,1,10,1,1,1
2017200157002,1,9,0,7,0,6,0,0,0,0,1,1,6,1,19,4,1149,1,15,2,1,2
2017200157002,2,9,0,18,0,8,0,0,0,0,1,1,2,2,46,8,1149,1,14,1,1,1
2017200157007,1,9,0,4,0,1,0,0,0,0,2,1,1,2,46,8,998,1,3,6,3,6
2017200157007,2,9,0,18,0,1,0,0,0,0,1,1,1,2,29,6,1995,2,11,4,1,4
2017200157018,1,9,0,12,0,0,0,7,5,2,3,1,6,1,35,6,1598,1,9,1,1,1
2017200157032,1,9,0,18,0,2,0,7,7,1,1,1,6,2,70,10,1895,1,16,3,1,3
2017200157037,1,21,0,4,0,0,0,0,3,0,1,1,1,3,-1,-1,16400,2,2,-1,-1,-1
2017200157037,2,9,0,3,0,0,0,0,3,0,2,1,2,2,25,5,973,1,16,2,1,2
2017200157058,1,9,0,18,0,0,0,0,0,0,1,1,6,1,60,9,1956,2,4,10,1,10
2017200157058,2,9,0,4,0,0,0,0,0,0,2,1,6,1,20,4,-1,-1,-1,5,1,5
2017200157058,3,9,0,4,0,0,0,0,0,0,2,1,6,2,34,6,999,1,1,7,1,7
2017200157093,1,9,0,18,0,8,0,0,0,0,3,1,1,2,49,8,1296,1,11,1,1,1
2017200157093,2,19,0,18,0,8,0,0,0,0,1,1,1,3,26,6,1968,2,6,3,1,3
2017200157093,3,9,0,3,0,1,0,0,0,0,4,1,1,1,51,8,3189,1,11,1,1,1
2017200157111,1,9,0,7,0,6,0,0,0,0,1,1,6,2,31,6,1984,1,16,8,1,8
2017200157111,2,1,0,18,0,8,0,0,0,0,4,1,6,1,18,4,-1,-1,-1,8,1,8
2017200157135,1,9,0,18,0,1,0,0,0,0,1,1,6,1,62,9,1796,1,7,1,1,1
2017200157135,2,9,0,7,0,2,0,0,0,0,4,1,6,3,-1,-1,-1,-1,-1,-1,-1,-1
2017200157146,1,9,0,18,0,0,0,0,0,0,1,1,6,3,36,7,1598,1,11,2,1,2
2017200157146,2,1,0,18,0,0,0,0,0,0,1,1,6,1,16,4,-1,-1,-1,2,1,2
2017200157167,1,9,0,9,0,6,0,0,0,0,1,1,1,1,19,4,-1,-1,-1,1,1,1
2017200157167,2,9,0,18,0,8,0,0,0,0,3,1,6,1,32,6,2987,2,8,2,1,2
2017200157183,1,21,1,12,0,0,0,0,0,0,1,1,6,1,59,9,-1,-1,-1,-1,-1,-1
2017200157183,2,9,0,18,0,0,1,0,1,0,1,1,6,2,56,9,1560,2,1,7,2,7
2017200157192,1,9,0,12,0,6,0,0,0,0,4,1,2,1,39,7,-1,-1,-1,5,1,5
2017200157192,2,9,0,11,0,8,0,0,0,0,1,1,2,1,34,6,-1,-1,-1,1,1,1
2017200157212,1,9,0,3,0,0,0,0,0,0,2,1,6,1,35,6,1794,1,14,5,1,5
2017200157212,2,9,0,18,0,0,0,0,0,0,1,1,6,1,40,7,2993,2,3,1,1,1
2017200157221,1,-1,-1,18,0,0,0,0,0,0,-1,1,6,3,-1,-1,-1,-1,-1,-1,-1,-1
2017200157221,2,9,0,-1,0,0,0,0,0,0,-1,1,6,2,21,5,1796,2,4,4,1,4
2017200157237,1,9,0,18,0,8,0,0,0,0,3,1,6,1,28,6,1461,2,2,3,1,3
2017200157237,2,9,0,13,0,8,0,0,0,0,1,1,6,3,-1,-1,1598,1,6,-1,-1,-1
2017200157244,1,1,0,18,0,8,0,0,0,0,1,1,6,1,39,7,-1,-1,-1,1,1,1
2017200157244,2,9,0,18,0,4,0,0,0,0,1,1,6,2,57,9,1991,2,16,6,1,6
2017200157246,1,9,0,18,0,0,0,0,0,0,2,1,6,1,29,6,-1,-1,-1,7,1,7
2017200157246,2,9,0,18,0,0,0,0,0,0,1,1,6,1,48,8,1686,2,6,2,1,2
2017200157254,1,9,0,11,2,0,0,0,0,0,1,1,6,1,45,7,1400,1,17,6,1,6
2017200157254,2,9,0,11,2,0,0,0,0,0,2,1,6,2,26,6,1198,1,3,9,1,9
2017200157256,1,9,0,18,0,4,0,0,0,0,0,1,6,1,30,6,1596,1,11,5,1,5
2017200157256,2,3,0,18,0,3,1,0,0,0,0,1,6,1,58,9,-1,-1,-1,2,1,2
2017200157258,1,9,0,18,0,0,0,0,0,0,2,1,6,1,47,8,1461,2,11,2,1,2
2017200157258,2,9,0,18,0,0,0,0,0,0,1,1,6,3,-1,-1,-1,-1,-1,-1,-1,-1
2017200157262,1,9,0,18,0,0,0,0,0,0,1,1,6,3,30,6,-1,-1,-1,-1,-1,-1
2017200157274,1,9,0,7,9,5,0,0,0,0,1,1,6,2,-1,-1,1896,2,11,-1,-1,-1
2017200157277,1,11,0,18,0,0,0,0,0,0,0,1,1,1,35,6,8268,1,14,4,2,4
2017200157279,1,9,0,18,0,6,0,0,0,0,1,1,6,2,55,8,1360,1,10,3,1,3
2017200157279,2,9,0,18,0,8,0,0,0,0,3,1,6,2,23,5,1598,2,1,2,1,2
2017200157280,1,9,0,7,0,8,0,0,0,0,1,1,5,2,82,11,1242,1,5,3,1,3
2017200157288,1,9,0,18,0,0,0,0,0,0,4,1,6,1,-1,-1,1956,2,8,6,1,6
2017200157308,1,9,0,7,0,5,0,0,0,0,1,1,6,1,-1,-1,-1,-1,-1,-1,-1,-1
2017200157310,1,9,0,18,0,0,0,0,0,0,1,1,1,1,-1,-1,-1,-1,-1,-1,-1,-1
2017200157310,2,9,0,14,0,0,0,0,0,0,1,1,2,3,-1,-1,1242,1,11,-1,-1,-1
2017200157324,1,9,0,18,0,1,0,0,0,0,2,1,6,2,39,7,1386,1,13,1,1,1
2017200157324,2,9,0,18,0,1,0,0,0,0,1,1,6,3,-1,-1,1328,1,13,-1,-1,-1
2017200157350,1,9,0,5,0,6,0,0,0,0,1,1,6,3,-1,-1,-1,-1,-1,-1,-1,-1
2017200157350,2,9,0,18,0,8,0,0,0,0,4,1,6,1,30,6,-1,-1,-1,3,1,3
2017200157358,1,9,0,18,0,0,0,0,0,0,1,1,6,1,52,8,1995,2,4,4,1,4
2017200157363,1,9,0,14,0,2,0,0,0,0,1,1,6,2,42,7,1329,1,7,1,1,1
2017200157381,1,11,0,7,0,3,0,0,0,0,1,1,1,1,50,8,8268,2,16,7,1,7
2017200157386,1,9,0,18,0,0,0,0,0,0,1,1,6,3,-1,-1,1299,1,15,-1,-1,-1
2017200157386,2,9,0,3,0,0,0,0,0,0,2,1,6,1,33,6,1329,1,6,3,1,3
2017200157397,1,9,0,18,0,1,0,0,0,0,1,1,6,3,-1,-1,-1,-1,-1,-1,-1,-1
2017200157405,1,9,0,18,0,0,0,0,0,0,1,1,2,2,37,7,1598,1,10,2,1,2
2017200157422,1,9,0,9,0,6,0,0,0,0,1,1,6,2,-1,-1,1240,1,13,-1,-1,-1
2017200157422,2,9,0,3,0,8,0,0,0,0,2,1,2,2,52,8,1587,1,11,2,1,2
2017200157428,1,9,0,9,0,1,0,0,0,0,3,1,6,3,-1,-1,-1,-1,-1,-1,-1,-1
2017200157428,2,1,0,18,0,1,0,0,0,0,1,1,6,1,45,7,-1,-1,-1,2,1,2
2017200157435,1,9,0,9,0,5,0,0,0,0,0,1,1,2,44,7,1796,1,13,2,1,2
2017200157435,2,9,0,18,0,8,0,0,0,0,1,1,3,1,52,8,2793,1,19,-1,-1,-1
2017200157458,1,9,0,18,0,0,1,7,2,0,2,1,2,1,36,7,1497,1,12,8,1,8
2017200157458,2,98,0,-1,0,0,-1,-1,-1,0,-1,1,6,3,-1,-1,-1,-1,-1,-1,-1,-1
2017200157459,1,9,0,18,0,0,0,0,0,0,1,1,2,2,23,5,999,1,5,2,1,2
2017200157459,2,9,0,3,0,0,0,0,0,0,2,1,6,2,81,11,998,1,3,9,1,9
2017200157459,3,9,0,3,0,0,0,0,0,0,2,1,2,1,28,6,1598,2,6,8,1,8
2017200157464,1,9,0,18,0,0,0,0,0,0,1,1,6,1,31,6,1596,1,14,2,1,2
2017200157482,1,9,0,18,0,0,0,0,0,0,3,1,3,3,-1,-1,-1,-1,-1,-1,-1,-1
2017200157494,1,9,0,13,0,0,0,0,0,0,1,1,1,1,19,4,1461,2,14,2,1,2
2017200157500,1,9,0,18,0,0,0,0,0,0,1,1,6,1,21,5,1398,1,5,3,1,3
2017200157504,1,9,0,18,0,0,0,0,0,0,1,1,6,1,-1,-1,998,1,15,2,1,2
2017200157504,2,9,0,3,0,0,0,0,0,0,2,1,6,1,-1,-1,1997,2,2,3,1,3
2017200157535,1,9,0,18,0,8,0,4,7,11,2,1,6,1,26,6,-1,-1,-1,2,1,2
2017200157535,2,9,0,9,0,6,0,0,0,0,0,1,6,2,23,5,1299,1,12,3,1,3
2017200157535,3,9,0,2,0,2,0,0,0,0,2,1,6,2,-1,-1,1388,1,7,-1,-1,-1
2017200157546,1,9,0,18,0,1,0,0,0,0,1,1,6,1,64,9,2987,2,9,5,1,5
2017200157546,2,9,0,7,0,1,0,0,0,0,2,1,6,2,26,6,1496,2,1,-1,-1,-1
2017200157578,1,9,0,3,0,1,0,0,0,0,2,1,1,2,42,7,1753,2,8,3,1,3
2017200157578,2,19,0,18,0,1,0,0,0,0,1,1,6,1,30,6,2143,2,1,8,1,8
2017200157590,1,9,0,12,0,0,0,0,0,0,3,1,6,2,54,8,2143,2,1,10,1,10
2017200157590,2,21,1,18,0,0,0,0,0,0,4,1,6,1,56,9,12809,2,3,8,1,8
2017200157608,1,9,0,18,0,0,0,4,0,0,1,1,6,1,58,9,1461,2,-1,2,1,2
2017200157608,2,9,0,2,0,0,0,0,0,0,2,1,6,1,34,6,-1,-1,-1,-1,-1,-1
2017200157633,1,9,0,1,0,0,0,4,0,0,2,1,6,3,-1,-1,-1,-1,-1,-1,-1,-1
2017200157633,2,9,0,2,0,0,0,0,0,0,3,1,6,1,34,6,1461,2,7,1,1,1
2017200157657,1,9,0,13,0,0,0,0,0,0,4,1,6,3,-1,-1,1999,1,11,-1,-1,-1
2017200157657,2,9,0,18,0,0,0,10,0,0,3,1,6,1,36,7,1364,2,4,4,1,4
2017200157658,1,9,0,5,0,4,0,0,0,0,1,1,1,1,30,6,1997,2,14,2,1,2
2017200157658,2,9,0,18,0,3,0,10,1,0,4,1,1,1,34,6,1798,1,11,1,1,1
2017200157660,1,9,0,9,0,6,0,0,0,0,3,1,2,1,32,6,2597,1,15,3,1,3
2017200157660,2,3,0,17,0,8,0,0,0,0,1,1,1,1,35,6,125,1,3,5,1,5
2017200157662,1,9,0,2,0,0,0,0,0,0,3,1,6,1,-1,-1,-1,-1,-1,-1,-1,-1
2017200157662,2,1,0,18,0,0,0,8,0,0,1,1,1,1,40,7,-1,-1,-1,2,1,2
2017200157664,1,9,0,18,0,0,0,0,0,0,0,1,6,1,-1,-1,1560,2,3,3,1,3
2017200157667,1,9,0,9,0,8,0,0,0,0,1,1,6,2,30,6,1596,1,10,-1,-1,-1
2017200157667,2,9,0,18,0,8,0,0,0,0,1,1,6,2,31,6,1598,1,10,2,1,2
2017200157681,1,9,0,13,0,0,0,0,0,0,1,1,6,1,24,5,1968,2,9,-1,-1,-1
2017200157681,2,9,0,18,0,0,0,0,0,0,3,1,6,1,22,5,1198,1,10,6,1,6
2017200157687,1,9,0,13,0,3,0,0,0,0,4,1,6,1,81,11,1997,1,-1,10,1,10
2017200157687,2,1,0,9,0,3,0,0,0,0,3,1,2,1,49,8,-1,-1,-1,9,1,9
2017200157693,1,1,0,18,0,2,0,8,0,0,3,1,6,1,46,8,-1,-1,-1,10,1,10
2017200157693,2,9,0,2,0,2,0,0,0,0,3,1,6,1,46,8,998,1,13,1,1,1
2017200157708,1,8,0,18,0,1,0,4,0,0,4,1,6,3,-1,-1,1560,2,11,-1,-1,-1
2017200157708,2,9,0,2,0,1,1,0,0,0,4,1,6,2,25,5,1995,2,11,1,1,1
2017200157714,1,9,0,18,0,6,0,10,1,10,1,1,5,2,30,6,1198,1,7,5,1,5
2017200157714,2,9,0,18,0,8,0,0,0,0,1,1,6,1,37,7,1747,1,16,3,1,3
2017200157718,1,9,0,3,0,1,0,0,0,0,2,1,2,1,46,8,-1,-1,-1,10,1,10
2017200157718,2,9,0,18,0,1,0,0,0,0,1,1,6,2,45,7,-1,-1,-1,-1,-1,-1
2017200157726,1,9,0,1,9,0,0,0,0,0,2,1,6,3,-1,-1,186,2,14,-1,-1,-1
2017200157726,2,9,0,2,9,0,0,0,0,0,1,1,6,1,32,6,-1,-1,-1,-1,-1,-1
2017200157749,1,9,0,18,0,0,0,0,0,0,1,1,6,3,-1,-1,-1,-1,-1,-1,-1,-1
2017200157755,1,9,0,1,0,0,0,0,0,0,2,1,3,1,60,9,3387,1,10,7,1,7
2017200157792,1,9,0,3,0,8,0,0,0,0,3,1,3,1,29,6,1753,2,9,1,1,1
2017200157792,2,9,0,18,0,4,0,0,0,0,4,1,3,1,42,7,1598,1,15,1,1,1
2017200157822,1,9,0,7,0,2,0,0,0,0,1,1,6,1,21,5,1968,2,9,10,2,10
2017200157834,1,9,0,18,0,8,0,0,0,0,2,1,5,1,-1,-1,2987,2,4,-1,-1,-1
2017200157834,2,3,0,18,0,8,0,0,0,0,1,1,5,1,-1,-1,124,1,2,6,1,6
2017200157845,1,9,0,7,0,4,0,0,0,0,1,1,6,3,-1,-1,2204,2,10,-1,-1,-1
2017200157845,2,9,0,9,0,3,0,0,0,0,4,1,6,1,37,7,1360,1,8,6,1,6
2017200157863,1,8,0,5,0,1,0,0,0,0,1,1,6,1,46,8,1896,2,14,2,1,2
2017200157885,1,9,0,5,0,3,0,0,0,0,1,1,6,3,-1,-1,1999,1,9,-1,-1,-1
2017200157885,2,2,0,18,0,3,0,0,0,0,2,1,2,1,27,6,50,1,10,3,1,3
2017200157902,1,9,0,5,0,6,0,0,0,0,3,1,6,1,34,6,1995,2,9,3,1,3
2017200157902,2,2,0,18,0,1,0,0,0,0,1,1,6,1,16,4,49,1,1,1,1,1
2017200157927,1,9,0,18,0,8,0,0,0,0,3,1,6,2,30,6,1968,2,11,7,1,7
2017200157927,2,9,0,9,0,6,0,0,0,0,4,1,6,1,22,5,1868,2,17,-1,-1,-1
2017200157944,1,9,0,18,0,8,0,0,0,0,3,1,1,1,38,7,1896,2,10,2,1,2
2017200157944,2,9,0,18,0,8,0,0,0,0,1,1,2,1,43,7,1240,1,11,-1,-1,-1
2017200158060,1,9,0,3,0,1,0,0,0,0,0,1,6,2,-1,-1,1497,8,11,-1,-1,-1
2017200158060,2,9,0,18,0,1,0,0,0,0,1,1,1,2,42,7,1389,1,14,1,1,1
2017200158064,1,19,0,5,0,1,0,0,0,0,4,1,6,3,48,8,1998,2,11,2,1,2
2017200158074,1,9,0,18,0,2,0,0,0,0,1,1,6,1,68,10,1988,1,13,5,1,5
2017200158082,1,11,0,4,0,0,0,0,0,0,4,1,1,1,30,6,6696,2,4,1,1,1
2017200158096,1,9,0,7,0,5,0,0,0,0,3,1,6,1,-1,-1,1300,1,18,-1,-1,-1
2017200158096,2,9,0,8,0,1,0,0,0,0,3,1,6,1,-1,-1,1798,1,13,1,1,1
2017200158110,1,9,0,18,0,1,0,0,0,0,1,1,2,1,21,5,1586,1,1,7,1,7
2017200158118,1,9,0,9,0,6,0,0,0,0,1,1,1,1,32,6,1998,1,10,7,1,7
2017200158124,1,9,0,18,0,8,0,0,0,0,3,1,6,2,35,6,1896,2,14,-1,-1,-1
2017200158124,2,98,0,5,0,6,0,0,0,0,1,1,1,1,26,6,-1,-1,-1,1,1,1
2017200158140,1,9,0,16,0,0,0,0,0,0,0,1,6,3,-1,-1,-1,-1,-1,-1,-1,-1
2017200158140,2,3,0,17,0,0,5,0,0,0,0,1,6,1,27,6,125,1,2,2,1,2
2017200158153,1,9,0,9,0,5,0,0,0,0,4,1,6,1,34,6,1896,2,16,1,1,1
2017200158153,2,3,0,18,0,8,0,0,0,0,1,1,6,1,26,6,124,1,8,1,1,1