Accident_Index,Vehicle_Reference,Vehicle_Type,Towing_and_Articulation,Vehicle_Manoeuvre,Vehicle_Location-Restricted_Lane,Junction_Location,Skidding_and_Overturning,Hit_Object_in_Carriageway,Vehicle_Leaving_Carriageway,Hit_Object_off_Carriageway,1st_Point_of_Impact,Was_Vehicle_Left_Hand_Drive?,Journey_Purpose_of_Driver,Sex_of_Driver,Age_of_Driver,Age_Band_of_Driver,Engine_Capacity_(CC),Propulsion_Code,Age_of_Vehicle,Driver_IMD_Decile,Driver_Home_Area_Type,Vehicle_IMD_Decile
2017200160955,1,19,0,7,0,5,0,0,0,0,4,1,1,1,-1,-1,1560,2,3,5,1,5
2017200160955,2,1,0,18,0,8,0,0,0,0,1,1,2,1,37,7,-1,-1,-1,2,1,2
2017200161024,1,9,0,18,0,8,0,0,0,0,1,1,6,1,-1,-1,-1,-1,-1,-1,-1,-1
2017200161024,2,9,0,7,0,5,0,0,0,0,4,1,6,1,30,6,-1,-1,-1,5,1,5
2017200161024,3,90,0,18,0,1,0,0,0,0,1,1,6,3,-1,-1,-1,-1,-1,-1,-1,-1
2017200161048,1,9,0,7,0,5,0,4,0,0,4,1,6,2,39,7,1910,2,10,5,1,5
2017200161048,2,9,0,2,0,1,0,0,0,0,4,1,6,3,-1,-1,1398,1,1,-1,-1,-1
2017200161120,1,9,0,18,0,5,0,0,0,0,1,1,6,3,-1,-1,2993,2,2,-1,-1,-1
2017200161156,1,9,0,4,0,2,0,0,0,0,2,1,2,2,34,6,1798,1,12,2,1,2
2017200161156,2,9,0,7,0,3,0,0,0,0,1,1,1,1,26,6,1896,2,11,1,1,1
2017200161157,1,9,0,18,0,1,0,0,0,0,4,1,6,3,-1,-1,-1,-1,-1,-1,-1,-1
2017200161158,1,9,0,9,0,6,0,0,0,0,4,1,6,1,35,6,1596,1,14,6,1,6
2017200161158,2,9,0,18,0,8,0,0,0,0,4,1,6,1,62,9,-1,-1,-1,5,1,5
2017200161160,1,9,0,18,0,0,0,0,0,0,1,1,6,3,-1,-1,1910,2,12,2,1,2
2017200161160,2,9,0,3,0,0,0,0,0,0,2,1,6,2,32,6,1997,2,12,7,2,7
2017200161163,1,9,0,9,0,6,0,0,0,0,1,1,5,1,64,9,1560,2,4,3,1,3
2017200161163,2,9,0,18,0,8,0,0,0,0,4,1,5,1,55,8,1598,1,9,2,1,2
2017200161166,1,9,0,16,0,0,0,7,4,4,1,1,6,1,19,4,2457,1,11,1,1,1
2017200161166,2,9,0,18,0,0,0,0,0,0,0,1,1,3,-1,-1,1598,2,2,-1,-1,-1
2017200161168,1,9,0,1,0,6,0,4,3,11,2,1,6,1,88,11,1398,1,5,-1,-1,-1
2017200161168,2,9,0,2,0,8,0,0,0,0,1,1,6,1,40,7,1896,2,12,6,1,6
2017200161168,3,9,0,2,0,8,0,0,0,0,1,1,6,1,-1,-1,3200,2,14,2,1,2
2017200161169,1,9,0,18,0,8,1,10,7,2,1,1,6,1,25,5,1598,2,3,10,1,10
2017200161169,2,9,0,9,0,6,0,0,0,0,1,1,6,1,68,10,-1,-1,-1,1,1,1
2017200161171,1,9,0,7,0,6,0,0,0,0,1,1,6,2,57,9,1596,1,11,2,1,2
2017200161171,2,9,0,18,0,8,0,0,0,0,4,1,6,2,70,10,1248,1,1,8,1,8
2017200161178,1,9,0,18,0,0,0,0,0,0,3,1,1,1,35,6,1799,1,8,5,1,5
2017200161179,1,9,0,9,0,8,0,0,0,0,1,1,6,1,52,8,1398,1,4,9,1,9
2017200161179,2,9,0,18,0,8,0,0,0,0,1,1,6,2,17,4,1198,1,7,2,1,2
2017200161185,1,9,0,9,0,8,0,0,0,0,1,1,5,1,42,7,1360,1,11,2,1,2
2017200161185,2,9,0,18,0,8,0,0,0,0,1,1,5,2,34,6,1242,1,11,5,1,5
2017200161188,1,9,0,18,0,0,0,0,0,0,1,1,6,1,25,5,1618,1,7,4,1,4
2017200161188,2,9,0,18,0,0,0,0,0,0,1,1,6,2,59,9,2204,2,11,2,1,2
2017200161188,3,9,0,18,0,0,0,0,0,0,2,1,6,1,42,7,1124,1,9,2,1,2
2017200161190,1,9,0,18,0,0,0,0,0,0,1,1,6,2,40,7,1329,1,8,-1,-1,-1
2017200161199,1,9,0,18,0,2,0,0,0,0,1,1,6,1,32,6,1796,1,9,-1,-1,-1
2017200161205,1,11,0,18,0,0,0,0,0,0,1,1,1,3,-1,-1,3900,2,11,-1,-1,-1
2017200161205,2,9,0,4,0,0,0,0,0,0,2,1,1,2,27,6,1896,2,8,3,1,3
2017200161212,1,9,0,18,0,4,0,0,0,0,1,1,6,1,22,5,1149,1,14,4,1,4
2017200161212,2,9,0,7,0,3,0,0,0,0,4,1,6,2,20,4,1399,2,7,7,3,7
2017200161219,1,9,0,18,0,8,1,10,1,7,1,1,6,1,-1,-1,1968,2,7,6,1,6
2017200161219,2,9,0,9,0,5,0,10,7,4,4,1,6,1,29,6,1686,2,6,8,1,8
2017200161232,1,1,0,5,0,0,0,0,0,0,1,1,1,1,54,8,-1,-1,-1,5,1,5
2017200161232,2,9,0,18,0,0,0,0,0,0,1,1,1,2,32,6,1598,2,3,1,1,1
2017200161240,1,9,0,9,0,6,0,0,0,0,3,1,6,2,66,10,1896,2,11,10,1,10
2017200161240,2,9,0,18,0,8,0,0,0,0,3,1,6,2,37,7,1398,1,1,6,1,6
2017200161254,1,9,0,5,0,4,0,0,0,0,1,1,1,1,52,8,1198,1,3,9,1,9
2017200161254,2,1,0,18,0,3,0,0,0,0,4,1,1,1,35,6,-1,-1,-1,7,1,7
2017200161259,1,9,0,18,0,3,0,0,0,0,1,1,6,3,-1,-1,-1,-1,-1,-1,-1,-1
2017200161259,2,9,0,18,0,3,0,0,0,0,0,1,6,3,-1,-1,-1,-1,-1,-1,-1,-1
2017200161268,1,9,0,7,0,5,0,0,0,0,1,1,5,2,38,7,998,1,11,2,1,2
2017200161268,2,9,0,10,0,1,0,0,0,0,3,1,5,1,23,5,1995,2,5,1,1,1
2017200161269,1,9,0,12,0,1,0,0,0,0,3,1,6,1,38,7,1598,1,15,1,1,1
2017200161269,2,9,0,18,0,1,0,0,0,0,4,1,6,1,63,9,1968,2,6,7,1,7
2017200161331,1,9,0,18,0,1,0,0,0,0,2,1,6,1,55,8,1956,2,6,2,1,2
2017200161331,2,9,0,3,0,1,0,0,0,0,1,1,6,1,47,8,1598,2,3,4,1,4
2017200161373,1,9,0,9,0,6,0,0,0,0,3,1,6,2,34,6,998,1,11,1,1,1
2017200161373,2,9,0,18,0,8,0,0,0,0,1,1,6,1,45,7,1799,1,6,1,1,1
2017200161417,1,9,0,5,9,6,0,0,0,0,1,1,5,1,-1,-1,-1,-1,-1,10,1,10
2017200161417,2,1,0,18,9,8,0,0,0,0,1,1,4,1,-1,-1,-1,-1,-1,-1,-1,-1
2017200161469,1,9,0,17,0,0,5,7,2,0,4,1,6,1,28,6,1910,2,10,3,1,3
2017200161487,1,9,0,18,0,0,0,0,0,0,1,1,2,2,23,5,1499,1,1,3,1,3
2017200161487,2,9,0,18,0,0,0,0,0,0,1,1,2,1,45,7,1997,2,13,4,1,4
2017200161499,1,9,0,7,0,5,0,0,0,0,3,1,6,3,-1,-1,-1,-1,-1,-1,-1,-1
2017200161545,1,9,0,7,9,6,0,0,0,0,1,1,6,3,-1,-1,-1,-1,-1,-1,-1,-1
2017200161570,1,9,0,18,0,8,0,7,0,0,1,1,6,3,-1,-1,1390,2,15,-1,-1,-1
2017200161570,2,9,0,18,0,8,0,7,0,0,4,1,1,1,36,7,-1,-1,-1,1,1,1
2017200161571,1,9,0,13,0,8,0,0,0,0,1,1,6,1,22,5,2521,1,9,4,1,4
2017200161571,2,9,0,9,0,8,0,0,0,0,1,1,6,1,81,11,1798,1,15,5,1,5
2017200161579,1,9,0,18,0,0,5,0,0,0,1,1,5,2,22,5,1229,1,9,4,1,4
2017200161579,2,9,0,13,0,0,0,0,0,0,0,1,6,3,37,7,-1,-1,-1,-1,-1,-1
2017200161590,1,11,0,4,0,0,0,0,0,0,0,1,1,1,48,8,6700,2,7,2,1,2
2017200161630,1,9,0,18,0,1,0,0,0,0,1,1,6,1,20,4,1796,1,15,-1,-1,-1
2017200161630,2,9,0,3,0,1,0,0,0,0,2,1,6,1,-1,-1,1794,7,9,2,1,2
2017200161631,1,9,0,5,0,0,0,0,0,0,3,1,6,2,20,4,875,1,5,4,1,4
2017200161631,2,11,0,18,0,0,0,0,0,0,1,1,1,1,49,8,6696,2,4,1,1,1
2017200161633,1,9,0,18,0,3,0,0,0,0,1,1,6,3,30,6,1590,1,14,-1,-1,-1
2017200161636,1,3,0,18,0,0,0,0,0,0,1,1,6,1,17,4,124,1,2,1,1,1
2017200161636,2,9,0,3,0,0,0,0,0,0,2,1,6,1,63,9,1689,2,14,2,1,2
2017200161653,1,9,0,18,0,0,0,4,0,0,1,1,6,1,60,9,1997,2,13,4,1,4
2017200161653,2,9,0,2,0,0,0,0,0,0,2,1,6,2,29,6,998,1,14,4,1,4
2017200161653,3,9,0,2,0,0,0,0,0,0,1,1,5,1,38,7,1956,2,6,2,1,2
2017200161653,4,9,0,2,0,0,0,0,0,0,1,1,6,1,68,10,998,1,11,7,1,7
2017200161654,1,11,0,18,0,1,0,0,0,0,1,1,1,1,22,5,7300,2,16,1,1,1
2017200161656,1,9,0,18,0,8,0,0,0,0,1,1,6,1,26,6,998,1,3,1,1,1
2017200161656,2,9,0,9,0,5,0,0,0,0,1,1,6,1,54,8,1299,1,16,1,1,1
2017200161662,1,9,0,16,0,4,0,0,0,0,4,1,1,2,30,6,1597,2,1,3,1,3
2017200161662,2,1,0,18,0,4,0,0,0,0,1,1,6,1,44,7,-1,-1,-1,9,1,9
2017200161667,1,9,0,9,0,6,0,0,0,0,1,1,6,3,-1,-1,-1,3,2,-1,-1,-1
2017200161683,1,9,0,18,0,4,0,0,0,0,1,1,6,3,-1,-1,1989,1,17,-1,-1,-1
2017200161683,2,9,0,18,0,4,0,0,0,0,1,1,2,1,48,8,1242,1,5,10,1,10
2017200161693,1,9,0,18,0,1,0,0,0,0,1,1,6,1,27,6,1598,2,4,1,1,1
2017200161694,1,1,0,5,0,2,0,0,0,0,1,1,6,1,15,3,-1,-1,-1,4,1,4
2017200161694,2,9,0,7,0,6,0,0,0,0,1,1,6,1,84,11,1364,1,10,6,1,6
2017200161742,1,9,0,14,0,0,0,0,0,0,4,1,1,1,49,8,1956,2,8,2,1,2
2017200161742,2,19,5,2,0,0,0,0,0,0,0,1,1,1,29,6,2402,2,10,-1,-1,-1
2017200161785,1,9,0,18,0,0,0,0,0,0,1,1,6,1,23,5,1248,2,6,6,1,6
2017200161785,2,9,0,18,0,0,0,0,0,0,2,1,6,1,43,7,1968,2,10,2,1,2
2017200161785,3,9,0,18,0,0,0,0,0,0,2,1,6,2,50,8,998,1,8,8,1,8
2017200161787,1,9,0,18,0,8,0,0,0,0,1,1,6,1,22,5,1968,2,10,1,1,1
2017200161787,2,9,0,10,0,8,0,0,7,0,2,1,6,1,65,9,1398,1,2,1,1,1
2017200161869,1,9,0,5,0,6,0,0,0,0,1,1,6,1,51,8,2967,2,9,2,1,2
2017200161869,2,9,0,18,0,8,0,0,0,0,4,1,6,1,47,8,1086,1,7,8,1,8
2017200161946,1,9,0,9,0,6,0,0,0,0,1,1,6,1,81,11,1198,1,6,7,1,7
2017200161946,2,9,0,11,0,8,0,0,0,0,3,1,1,1,-1,-1,2967,2,1,-1,-1,-1
2017200161968,1,9,0,9,0,6,1,0,0,0,1,1,6,1,26,6,-1,-1,-1,2,1,2
2017200161968,2,9,0,18,0,1,1,0,0,0,3,1,6,1,28,6,1398,1,1,6,1,6
2017200162027,1,9,-1,17,0,0,-1,0,-1,0,4,1,6,1,30,6,1598,2,2,3,1,3
2017200162027,2,21,-1,18,0,0,-1,0,-1,0,4,1,6,1,-1,-1,10837,2,3,1,1,1
2017200162099,1,9,0,1,0,0,0,0,0,0,2,1,1,1,37,7,1896,2,16,1,1,1
2017200162099,2,9,0,3,0,0,0,0,0,0,4,1,5,1,41,7,3824,1,10,9,1,9
2017200162103,1,9,0,9,0,6,0,0,0,0,1,1,6,3,-1,-1,1124,1,12,-1,-1,-1
2017200162103,2,9,0,4,0,8,0,0,0,0,1,1,6,2,20,4,1229,1,4,1,1,1
2017200162104,1,9,0,18,0,0,0,0,0,0,1,1,3,2,32,6,1796,1,10,2,1,2
2017200162109,1,9,0,4,0,1,0,0,0,0,1,1,2,1,40,7,2179,2,2,3,1,3
2017200162109,2,1,0,18,0,1,0,0,0,0,1,1,6,1,14,3,-1,-1,-1,9,1,9
2017200162112,1,9,0,18,0,0,0,0,0,0,1,1,6,3,30,6,-1,-1,-1,-1,-1,-1
2017200162115,1,9,0,18,0,0,0,0,0,0,1,1,6,3,-1,-1,1560,2,12,-1,-1,-1
2017200162115,2,9,0,18,0,0,0,0,0,0,1,1,6,1,27,6,998,1,8,1,1,1
2017200162161,1,9,0,12,0,0,0,0,0,0,1,1,6,1,29,6,1896,2,10,1,1,1
2017200162161,2,9,0,18,0,0,0,0,0,0,4,1,6,1,46,8,1995,2,4,5,1,5
2017200162174,1,9,0,5,0,0,0,0,0,0,1,1,6,1,33,6,1597,2,2,1,1,1
2017200162191,1,9,0,18,0,1,0,0,0,0,1,1,6,1,-1,-1,1968,2,5,1,1,1
2017200162191,2,9,0,3,0,1,0,0,0,0,2,1,6,2,32,6,1796,1,8,1,1,1
2017200162217,1,9,0,9,0,1,0,0,0,0,4,1,6,1,27,6,1390,1,9,2,1,2
2017200162217,2,1,0,18,0,1,0,0,0,0,1,1,6,2,25,5,-1,-1,-1,2,1,2
2017200162235,1,9,0,16,0,0,1,7,0,0,1,1,6,3,-1,-1,2446,1,13,-1,-1,-1
2017200162235,2,9,0,17,0,0,0,10,1,10,2,1,6,1,-1,-1,995,1,13,5,1,5
2017200162244,1,19,0,18,0,1,0,0,0,0,2,1,1,3,-1,-1,1896,2,8,3,1,3
2017200162244,2,9,0,3,0,1,0,0,0,0,0,1,6,1,33,6,1968,2,5,1,1,1
2017200162284,1,9,0,18,0,1,0,0,0,0,3,1,6,2,46,8,1299,1,13,1,1,1
2017200162290,1,9,0,18,0,0,0,0,0,0,1,1,6,3,-1,-1,-1,-1,-1,-1,-1,-1
2017200162290,2,9,0,3,0,0,0,0,0,0,2,1,6,1,71,10,1984,1,14,6,1,6
2017200162304,1,9,0,9,0,5,0,0,0,0,0,1,6,1,24,5,1997,2,14,1,1,1
2017200162392,1,9,0,14,0,0,0,0,0,0,1,1,6,1,58,9,1896,2,16,8,1,8
2017200162395,1,9,0,18,0,8,0,0,0,0,1,1,6,3,-1,-1,1998,2,14,-1,-1,-1
2017200162395,2,19,0,9,0,6,0,0,0,0,1,1,6,1,60,9,1998,2,11,5,1,5
2017200162625,1,9,0,16,0,1,0,0,0,0,1,1,6,1,22,5,998,1,16,1,1,1
2017200162626,1,9,0,18,0,4,0,0,0,0,1,1,6,3,30,6,1497,1,14,-1,-1,-1
2017200162626,2,1,0,18,0,8,0,0,0,0,1,1,2,1,31,6,-1,-1,-1,3,1,3
2017200162630,1,9,0,1,0,0,0,0,0,0,4,1,6,2,21,5,1198,1,11,2,1,2
2017200162630,2,9,0,1,0,0,0,0,0,0,2,1,6,3,-1,-1,1984,2,9,-1,-1,-1
2017200162633,1,19,0,2,0,0,0,0,0,0,1,1,6,1,49,8,1560,2,2,6,1,6
2017200162633,2,9,0,18,0,0,0,4,0,0,1,1,6,3,-1,-1,-1,-1,-1,-1,-1,-1
2017200162643,1,9,0,18,0,0,0,4,0,0,1,1,5,1,73,10,1229,1,4,2,1,2
2017200162643,2,9,0,2,6,0,0,10,1,0,2,1,5,1,59,9,1586,1,3,9,1,9
2017200162653,1,9,0,18,0,1,0,0,0,0,1,1,6,3,-1,-1,1995,2,8,-1,-1,-1
2017200162653,2,9,0,5,0,1,0,0,0,0,2,1,6,1,40,7,1798,8,1,2,1,2
2017200162665,1,9,0,18,0,0,1,4,0,0,1,1,2,1,-1,-1,1984,1,22,1,1,1
2017200162665,2,9,0,1,0,0,0,0,0,0,1,1,2,1,29,6,2143,2,5,1,1,1
2017200162665,3,9,0,2,0,0,0,0,0,0,2,1,6,1,25,5,1390,1,14,-1,-1,-1
2017200162691,1,9,0,9,0,6,0,0,0,0,1,1,6,2,40,7,1400,1,11,5,1,5
2017200162691,2,3,0,18,0,8,0,0,0,0,1,1,6,1,47,8,102,1,1,2,1,2
2017200162724,1,9,0,18,0,8,0,0,0,0,1,1,1,2,41,7,1390,1,17,3,1,3
2017200162724,2,9,0,18,0,8,0,0,0,0,1,1,2,1,26,6,2184,2,8,2,1,2
2017200162734,1,9,0,7,0,5,0,0,0,0,1,1,6,1,20,4,-1,-1,-1,-1,-1,-1
2017200162763,1,9,0,5,0,0,0,0,0,0,1,1,6,2,36,7,1995,2,5,5,1,5
2017200162763,2,1,0,18,0,0,0,0,0,0,4,1,6,1,11,3,-1,-1,-1,1,1,1
2017200162765,1,9,0,7,0,2,0,0,0,0,1,1,1,1,42,7,-1,-1,-1,6,1,6
2017200162765,2,1,0,18,0,2,0,0,0,0,2,1,6,1,34,6,-1,-1,-1,3,1,3
2017200162794,1,98,1,12,0,0,0,0,0,0,3,1,1,1,22,5,-1,-1,-1,-1,-1,-1
2017200162794,2,9,0,18,0,0,0,0,0,0,4,1,1,1,39,7,1598,2,4,1,1,1
2017200162796,1,9,0,18,0,2,0,4,0,0,1,1,6,3,-1,-1,1599,1,12,-1,-1,-1
2017200162796,2,9,0,2,0,2,0,0,0,0,2,1,6,1,28,6,998,1,11,1,1,1
2017200162829,1,9,0,18,0,2,0,0,0,0,1,1,6,1,23,5,1968,2,9,1,1,1
2017200162829,2,9,0,18,0,2,0,0,0,0,3,1,6,1,22,5,1242,1,11,1,1,1
2017200162855,1,90,0,18,0,0,0,4,0,0,1,1,6,1,15,3,-1,-1,-1,-1,-1,-1
2017200162855,2,9,0,2,0,0,0,0,0,0,0,1,6,2,35,6,999,1,1,3,1,3
2017200162859,1,9,0,18,0,8,0,0,0,0,0,1,6,1,36,7,1968,2,10,1,1,1
2017200162859,2,9,0,18,0,8,0,0,0,0,4,1,6,1,32,6,2143,2,1,2,1,2
2017200162867,1,9,0,3,0,1,0,0,0,0,2,1,6,2,45,7,1368,1,8,6,1,6
2017200162867,2,9,0,4,0,1,0,0,0,0,1,1,6,3,-1,-1,-1,-1,-1,-1,-1,-1
2017200162887,1,9,0,8,0,1,0,0,0,0,2,1,2,2,20,4,1198,1,8,-1,-1,-1
2017200162887,2,9,0,18,0,1,0,0,0,0,1,1,1,3,-1,-1,-1,-1,-1,-1,-1,-1
2017200162891,1,9,0,18,0,0,0,0,0,0,1,1,6,2,44,7,1896,2,10,2,1,2
2017200162910,1,9,0,18,0,0,0,0,0,0,1,1,6,1,31,6,1596,1,9,3,1,3
2017200162919,1,9,0,18,0,1,0,0,0,0,1,1,6,2,35,6,1997,2,1,1,1,1
2017200162919,2,9,0,18,0,1,0,0,0,0,2,1,6,1,17,4,1399,2,5,6,1,6
2017200162934,1,9,0,18,0,0,0,4,0,0,1,1,6,1,84,11,1206,1,7,1,1,1
2017200162934,2,9,0,2,0,0,0,0,0,0,3,1,6,3,-1,-1,1149,1,13,-1,-1,-1
2017200162934,3,9,0,2,0,0,0,0,0,0,3,1,6,3,-1,-1,998,1,4,-1,-1,-1
2017200162934,4,9,0,2,0,0,0,0,0,0,3,1,6,3,-1,-1,1390,1,12,-1,-1,-1
2017200162952,1,9,0,18,0,0,0,7,4,1,1,1,6,1,26,6,1390,1,5,7,1,7
2017200162978,1,1,0,18,0,8,0,0,0,0,3,1,6,1,28,6,-1,-1,-1,1,1,1
2017200162978,2,9,0,7,0,6,0,0,0,0,1,1,6,1,63,9,2972,7,16,1,1,1
2017200162985,1,9,0,4,0,0,0,0,0,0,1,1,1,2,-1,-1,-1,-1,-1,8,1,8
2017200162985,2,9,0,3,0,0,0,0,0,0,2,1,1,1,47,8,2996,1,1,8,1,8
2017200162988,1,9,0,18,0,2,0,0,0,0,1,1,6,3,-1,-1,998,1,22,-1,-1,-1
2017200162988,2,9,0,18,0,2,0,0,0,0,2,1,6,1,43,7,1995,2,2,8,1,8
2017200162990,1,9,0,18,0,0,0,0,0,0,1,1,1,3,24,5,1242,1,3,6,1,6
2017200163002,1,9,0,3,0,0,0,0,0,0,2,1,6,1,43,7,1497,8,11,2,1,2
2017200163002,2,9,0,3,0,0,0,0,0,0,1,1,6,2,-1,-1,1560,2,3,-1,-1,-1
2017200163002,3,9,0,3,0,0,0,0,0,0,2,1,6,3,-1,-1,-1,-1,-1,-1,-1,-1
2017200163005,1,9,0,18,0,0,0,0,0,0,1,1,6,3,-1,-1,1968,2,2,-1,-1,-1
2017200163005,2,9,0,18,0,0,0,0,0,0,2,1,1,3,-1,-1,2362,7,15,-1,-1,-1
2017200163056,1,9,0,18,0,1,0,0,0,0,1,1,6,2,36,7,1397,1,16,3,1,3
2017200163056,2,9,0,12,0,1,0,0,0,0,2,1,6,2,-1,-1,1598,1,7,-1,-1,-1
2017200163066,1,9,0,18,0,0,0,0,0,0,1,1,1,1,41,7,2362,1,12,1,1,1
2017200163075,1,9,0,9,0,6,0,0,0,0,1,1,6,1,-1,-1,2204,2,11,-1,-1,-1
2017200163075,2,1,0,9,0,5,0,0,0,0,4,1,2,1,28,6,-1,-1,-1,6,1,6
2017200163088,1,9,0,18,0,0,5,10,1,11,1,1,6,2,21,5,998,1,9,1,1,1
2017200163098,1,9,0,18,0,1,0,0,0,0,1,1,2,2,25,5,1390,1,10,-1,-1,-1
2017200163098,2,9,0,3,0,1,0,0,0,0,0,1,6,1,31,6,1995,2,6,4,1,4
2017200163098,3,9,0,18,0,1,0,0,0,0,0,1,6,1,-1,-1,2148,2,9,-1,-1,-1
2017200163104,1,9,0,18,0,0,0,0,0,0,1,1,2,2,33,6,1753,2,14,7,1,7
2017200163122,1,9,0,16,0,0,0,4,0,0,1,1,6,1,22,5,1398,1,1,8,1,8
2017200163122,2,9,0,5,0,0,0,0,0,0,1,1,6,2,42,7,1339,1,4,4,1,4
2017200163122,3,9,0,2,0,0,0,0,0,0,1,1,6,3,-1,-1,-1,-1,-1,-1,-1,-1
2017200163134,1,9,0,4,0,0,0,0,0,0,0,1,6,3,46,8,1753,2,9,1,1,1
2017200163134,2,1,0,18,0,0,0,0,0,0,1,1,6,1,19,4,-1,-1,-1,1,1,1
2017200163179,1,9,0,18,0,0,0,4,0,0,1,1,6,1,24,5,1998,2,12,1,1,1
2017200163179,2,19,0,2,0,0,0,0,0,0,1,1,6,1,34,6,2198,2,1,5,1,5
2017200163179,3,9,0,2,0,0,0,0,0,0,1,1,6,2,38,7,1560,2,6,5,1,5
2017200163207,1,9,0,9,0,5,0,0,0,0,1,1,6,1,-1,-1,1686,2,8,8,1,8
2017200163207,2,9,0,18,0,8,0,0,0,0,1,1,6,2,22,5,1598,1,7,6,1,6
2017200163268,1,9,0,18,0,8,0,0,0,0,1,1,6,1,41,7,-1,-1,-1,1,1,1
2017200163268,2,9,0,18,0,8,0,0,0,0,4,1,6,3,-1,-1,1870,2,9,-1,-1,-1
2017200163298,1,11,0,18,0,0,0,0,0,0,1,1,1,1,-1,-1,6700,2,9,1,1,1
2017200163320,1,9,0,18,0,1,0,0,0,0,1,1,2,2,37,7,2993,2,3,1,1,1
2017200163320,2,1,0,18,0,1,0,0,0,0,4,1,6,1,30,6,-1,-1,-1,2,1,2
2017200163322,1,9,0,18,0,0,0,0,0,0,1,1,6,3,-1,-1,1998,2,16,-1,-1,-1
2017200163322,2,9,0,18,0,0,0,0,0,0,2,1,6,1,44,7,1798,8,1,6,1,6
2017200163387,1,9,0,18,0,4,0,0,0,0,1,1,2,2,35,6,1595,1,2,8,1,8
2017200163387,2,2,0,18,0,8,0,0,0,0,4,1,2,2,35,6,49,1,2,1,1,1
2017200163414,1,9,0,9,0,6,0,0,0,0,1,1,6,3,-1,-1,-1,-1,-1,-1,-1,-1
2017200163414,2,9,0,7,0,5,0,0,0,0,1,1,6,2,48,8,1968,2,7,3,1,3
2017200163416,1,9,0,9,0,5,0,0,0,0,1,1,2,2,47,8,998,1,4,5,1,5
2017200163419,1,9,0,15,0,8,0,0,0,0,1,1,6,3,-1,-1,1360,1,14,-1,-1,-1
2017200163419,2,9,0,7,0,5,0,0,0,0,4,1,6,1,24,5,1686,2,12,2,1,2
2017200163424,1,9,0,18,0,0,0,10,1,4,1,1,6,1,20,4,2685,2,15,2,1,2
2017200163424,2,9,0,5,0,0,0,0,0,0,3,1,6,2,17,4,1248,1,5,7,1,7
2017200163425,1,9,0,5,0,0,0,0,0,0,1,1,6,3,-1,-1,-1,-1,-1,-1,-1,-1
2017200163438,1,9,0,5,0,0,0,0,0,0,1,1,6,2,-1,-1,1388,1,13,7,1,7
2017200163438,2,3,0,18,0,0,0,0,0,0,1,1,6,1,19,4,124,1,5,3,1,3
2017200163441,1,9,0,7,0,5,0,0,0,0,1,1,6,3,-1,-1,1968,2,6,-1,-1,-1
2017200163441,2,9,0,18,0,1,0,10,1,0,4,1,6,1,20,4,1390,1,10,2,1,2
2017200163463,1,9,0,2,0,1,0,0,0,0,3,1,1,2,49,8,1796,1,19,8,3,8
2017200163463,2,9,0,14,0,1,0,8,0,0,1,1,3,1,-1,-1,998,1,3,10,1,10
2017200163468,1,9,0,3,0,1,0,0,0,0,2,1,1,2,30,6,1997,2,3,2,1,2
2017200163468,2,9,0,18,0,1,0,0,0,0,1,1,6,3,-1,-1,-1,-1,-1,-1,-1,-1
2017200163474,1,3,0,18,0,1,0,0,0,0,1,1,6,1,56,9,125,1,1,2,1,2
2017200163474,2,21,0,3,0,1,0,0,0,0,2,1,6,1,58,9,3920,2,10,2,1,2
2017200163502,1,9,0,5,0,0,0,0,0,0,0,1,6,1,31,6,1968,2,7,1,1,1
2017200163502,2,9,0,18,0,0,1,0,0,0,0,1,6,1,31,6,-1,-1,-1,4,1,4
2017200163521,1,9,0,9,0,6,0,0,0,0,3,1,6,1,-1,-1,1997,2,6,6,1,6
2017200163521,2,9,0,18,0,8,0,0,0,0,1,1,6,1,67,10,1390,1,8,2,1,2
2017200163556,1,9,0,18,0,2,0,0,0,0,3,1,6,2,25,5,1400,1,12,1,1,1
2017200163569,1,9,0,18,0,0,0,0,0,0,1,1,6,2,25,5,1587,1,14,3,1,3
2017200163569,2,9,0,18,0,0,0,0,0,0,2,1,6,1,43,7,1598,2,1,4,1,4
2017200163732,1,9,0,18,0,0,1,7,0,0,1,1,2,1,29,6,2143,2,1,3,1,3
2017200163853,1,9,0,18,0,6,1,0,0,0,3,1,6,2,36,7,1299,1,10,2,1,2
2017200163853,2,9,0,18,0,8,0,0,0,0,1,1,1,2,38,7,1461,2,1,1,1,1
2017200163868,1,9,0,18,0,0,0,0,0,0,0,1,6,2,57,9,1769,1,15,1,1,1
2017200163946,1,9,0,18,0,4,0,0,0,0,0,1,6,3,-1,-1,-1,-1,-1,-1,-1,-1
2017200163946,2,1,0,18,0,3,0,0,0,0,0,1,6,1,28,6,-1,-1,-1,1,1,1
2017200163951,1,19,0,3,0,1,0,0,0,0,1,1,6,1,40,7,2500,2,11,1,1,1
2017200163951,2,9,0,1,0,2,0,0,0,0,0,1,6,3,-1,-1,1896,2,14,-1,-1,-1
2017200163952,1,9,0,7,0,4,0,0,0,0,3,1,6,3,-1,-1,-1,-1,-1,-1,-1,-1
2017200163952,2,1,0,18,0,3,0,0,0,0,1,1,1,2,75,10,-1,-1,-1,2,1,2
2017200163957,1,9,0,18,0,1,0,0,0,0,1,1,3,2,42,7,1598,1,6,10,1,10
2017200163960,1,19,0,1,0,0,0,0,0,0,2,1,1,1,24,5,2298,2,3,2,1,2