Accident_Index,Vehicle_Reference,Vehicle_Type,Towing_and_Articulation,Vehicle_Manoeuvre,Vehicle_Location-Restricted_Lane,Junction_Location,Skidding_and_Overturning,Hit_Object_in_Carriageway,Vehicle_Leaving_Carriageway,Hit_Object_off_Carriageway,1st_Point_of_Impact,Was_Vehicle_Left_Hand_Drive?,Journey_Purpose_of_Driver,Sex_of_Driver,Age_of_Driver,Age_Band_of_Driver,Engine_Capacity_(CC),Propulsion_Code,Age_of_Vehicle,Driver_IMD_Decile,Driver_Home_Area_Type,Vehicle_IMD_Decile
2017200163961,1,9,0,12,0,0,1,0,0,0,1,1,1,1,25,5,1781,1,19,-1,-1,-1
2017200163961,2,9,0,18,0,0,0,0,0,0,1,1,6,1,37,7,1339,8,5,1,1,1
2017200163961,3,21,2,18,0,0,0,0,0,0,3,1,1,1,36,7,12580,2,12,2,1,2
2017200163961,4,9,0,4,0,0,0,0,0,0,2,1,5,1,48,8,2993,2,8,6,1,6
2017200163961,5,9,0,18,0,0,0,0,0,0,1,1,5,1,21,5,1200,1,1,4,1,4
2017200163962,1,9,0,18,0,0,0,0,0,0,1,1,6,1,32,6,1995,2,11,5,1,5
2017200163963,1,9,0,18,0,0,0,0,0,0,3,1,2,1,53,8,1781,1,17,4,1,4
2017200163964,1,8,0,18,0,8,0,0,0,0,1,1,1,1,57,9,1997,2,13,2,1,2
2017200163964,2,9,0,9,0,5,0,0,0,0,1,1,2,2,34,6,1397,1,15,8,1,8
2017200163967,1,1,0,7,0,3,0,10,1,0,2,1,5,1,30,6,-1,-1,-1,7,1,7
2017200163967,2,9,0,7,0,3,0,0,0,0,1,1,6,3,30,6,-1,-1,-1,-1,-1,-1
2017200163968,1,9,0,18,0,6,0,0,0,0,4,1,6,2,69,10,1242,1,4,1,1,1
2017200163968,2,11,0,18,0,8,0,0,0,0,1,1,1,1,55,8,7300,2,14,1,1,1
2017200163968,3,9,0,18,0,1,0,0,0,0,3,1,6,1,68,10,999,1,-1,1,1,1
2017200163976,1,9,0,18,0,0,0,0,0,0,1,1,6,2,74,10,1388,1,12,2,1,2
2017200163986,1,9,0,18,0,0,0,0,0,0,1,1,6,1,35,6,1997,2,11,1,1,1
2017200163993,1,9,0,3,0,0,0,0,0,0,2,1,6,1,44,7,2143,2,1,3,1,3
2017200163993,2,9,0,18,0,0,0,0,0,0,1,1,6,3,-1,-1,2987,2,5,-1,-1,-1
2017200163998,1,9,0,18,0,8,0,0,0,0,1,1,2,1,24,5,1560,2,3,-1,-1,-1
2017200163998,2,1,0,18,0,8,0,10,1,0,1,1,1,1,37,7,-1,-1,-1,-1,-1,-1
2017200164047,1,21,1,18,0,0,0,0,0,0,1,1,1,1,46,8,12740,2,2,6,1,6
2017200164047,2,9,0,3,0,0,0,0,0,0,2,1,6,2,59,9,1896,2,15,7,1,7
2017200164047,3,9,0,3,0,0,1,0,0,0,2,1,6,1,37,7,1794,1,12,1,1,1
2017200164070,1,9,0,12,0,0,0,0,0,0,1,1,6,1,-1,-1,-1,-1,-1,-1,-1,-1
2017200164070,2,9,0,18,0,0,0,0,0,0,4,1,6,1,30,6,1796,1,8,7,2,7
2017200164077,1,9,0,10,0,1,0,0,0,0,0,1,6,2,29,6,1995,2,13,1,1,1
2017200164077,2,9,0,18,0,1,0,0,0,0,2,1,6,1,-1,-1,1968,2,8,-1,-1,-1
2017200164100,1,9,0,9,0,6,1,0,0,0,1,1,6,1,-1,-1,1997,2,15,-1,-1,-1
2017200164100,2,9,0,18,0,1,0,0,0,0,1,1,6,1,41,7,-1,-1,-1,3,1,3
2017200164100,3,11,0,18,0,8,0,0,0,0,1,1,1,1,32,6,7300,2,5,1,1,1
2017200164103,1,9,0,7,0,6,0,0,0,0,2,1,6,3,-1,-1,998,1,7,-1,-1,-1
2017200164103,2,9,0,18,0,8,0,0,0,0,0,1,3,1,42,7,1598,2,6,1,1,1
2017200164185,1,9,0,18,0,6,0,0,0,0,3,1,1,1,37,7,1686,2,12,2,1,2
2017200164185,2,9,0,18,0,8,0,0,0,0,1,1,6,2,35,6,2143,2,2,3,1,3
2017200164199,1,9,0,13,0,0,0,0,0,0,1,1,6,2,55,8,1242,1,2,5,1,5
2017200164199,2,19,0,3,0,0,0,0,0,0,1,1,1,1,52,8,2198,2,3,4,1,4
2017200164235,1,9,0,9,0,1,0,0,0,0,1,1,6,1,21,5,1596,1,5,1,1,1
2017200164235,2,9,0,12,0,1,0,0,0,0,1,1,6,1,35,6,1595,2,7,8,2,8
2017200164254,1,9,0,18,0,4,0,0,0,0,3,1,6,3,-1,-1,1896,2,13,-1,-1,-1
2017200164254,2,9,0,9,0,3,0,0,0,0,4,1,2,1,59,9,1798,1,13,8,1,8
2017200164255,1,9,0,7,0,5,0,0,0,0,1,1,6,3,-1,-1,-1,-1,-1,-1,-1,-1
2017200164255,2,1,0,18,0,2,0,0,0,0,3,1,6,2,49,8,-1,-1,-1,5,1,5
2017200164278,1,9,0,7,0,5,0,0,0,0,4,1,1,3,-1,-1,1229,1,7,-1,-1,-1
2017200164278,2,9,0,13,0,1,0,0,0,0,3,1,1,3,-1,-1,-1,-1,-1,-1,-1,-1
2017200164300,1,9,0,9,0,6,0,0,0,0,1,1,6,3,55,8,1389,1,17,3,1,3
2017200164300,2,9,0,18,0,8,0,0,0,0,1,1,3,2,39,7,1598,1,9,2,1,2
2017200164305,1,9,0,18,0,3,0,0,0,0,1,1,6,2,50,8,1364,1,11,1,1,1
2017200164305,2,9,0,18,0,4,0,0,0,0,1,1,6,3,-1,-1,1988,1,16,-1,-1,-1
2017200164323,1,9,0,18,0,1,0,0,0,0,1,1,6,2,21,5,1998,1,16,1,1,1
2017200164323,2,19,0,3,0,1,0,0,0,0,2,1,1,1,34,6,2464,2,10,1,1,1
2017200164331,1,9,0,17,0,0,0,0,0,0,1,1,6,3,-1,-1,1968,2,3,-1,-1,-1
2017200164331,2,9,0,16,0,0,0,0,0,0,1,1,5,1,55,8,1781,1,17,2,1,2
2017200164366,1,9,0,9,0,5,0,0,0,0,1,1,1,2,48,8,2148,2,8,-1,-1,-1
2017200164366,2,1,0,15,0,8,5,0,0,0,1,1,2,1,39,7,-1,-1,-1,9,1,9
2017200164366,3,9,0,8,0,1,0,0,0,0,3,1,3,2,20,4,1349,1,8,9,1,9
2017200164386,1,9,0,9,0,5,0,0,0,0,4,1,6,3,-1,-1,-1,-1,-1,-1,-1,-1
2017200164386,2,9,0,17,0,8,0,0,0,0,1,1,6,1,18,4,1200,1,4,5,1,5
2017200164387,1,9,0,18,0,6,0,0,0,0,1,1,6,1,43,7,2993,2,7,7,1,7
2017200164387,2,98,0,18,0,8,0,0,0,0,1,1,6,1,-1,-1,-1,-1,-1,1,1,1
2017200164402,1,9,0,18,0,8,1,0,0,0,1,1,6,1,30,6,1984,1,8,1,1,1
2017200164402,2,9,0,9,0,5,0,0,0,0,3,1,6,2,40,7,1198,1,3,-1,-1,-1
2017200164402,3,9,0,9,0,1,0,0,0,0,1,1,6,2,29,6,1598,2,5,3,1,3
2017200164413,1,9,0,11,0,8,0,0,0,0,1,1,1,1,-1,-1,1364,1,12,2,1,2
2017200164413,2,9,0,3,0,8,0,0,0,0,2,1,1,1,42,7,1968,2,3,1,1,1
2017200164415,1,9,0,9,0,6,0,0,0,0,1,1,6,3,-1,-1,1598,1,13,1,1,1
2017200164415,2,9,0,18,0,8,0,0,0,0,1,1,6,1,23,5,1984,1,7,3,1,3
2017200164441,1,9,0,9,0,6,0,0,0,0,1,1,6,3,-1,-1,1910,2,10,-1,-1,-1
2017200164441,2,9,0,18,0,8,0,0,0,0,2,1,6,1,27,6,1968,2,12,6,1,6
2017200164442,1,9,0,9,0,6,0,0,0,0,1,1,6,2,21,5,1200,1,1,1,1,1
2017200164442,2,9,0,18,0,8,0,0,0,0,1,1,6,2,21,5,1560,2,6,10,1,10
2017200164446,1,9,0,5,0,0,0,0,0,0,3,1,6,1,-1,-1,1497,1,15,1,1,1
2017200164446,2,9,0,18,0,0,0,4,0,0,4,1,6,2,30,6,1149,1,3,3,1,3
2017200164446,3,9,0,2,0,0,0,0,0,0,4,1,5,2,-1,-1,989,1,14,2,1,2
2017200164456,1,9,0,9,0,6,0,0,0,0,2,1,6,1,-1,-1,1896,2,15,-1,-1,-1
2017200164456,2,9,0,2,9,1,0,0,0,0,2,1,6,2,26,6,1395,1,4,-1,-1,-1
2017200164478,1,9,0,18,0,1,0,0,0,0,0,1,6,1,-1,-1,1229,1,6,-1,-1,-1
2017200164478,2,9,0,9,0,6,0,4,0,0,4,1,6,3,-1,-1,1956,2,5,-1,-1,-1
2017200164478,3,19,0,2,0,2,0,0,0,0,3,1,6,1,39,7,2494,2,13,2,1,2
2017200164491,1,9,0,18,0,0,0,0,0,0,1,1,1,1,34,6,-1,-1,-1,2,1,2
2017200164497,1,9,0,18,0,6,0,0,0,0,1,1,6,3,20,4,2148,2,8,5,1,5
2017200164497,2,9,0,18,0,8,0,0,0,0,1,1,3,2,38,7,998,1,-1,2,1,2
2017200164513,1,9,0,12,0,0,0,0,0,0,1,1,6,1,54,8,2926,2,15,4,1,4
2017200164513,2,9,0,3,0,0,0,0,0,0,2,1,2,2,33,6,1968,2,7,6,1,6
2017200164517,1,90,0,4,0,0,1,0,0,0,1,1,1,1,52,8,-1,-1,-1,3,1,3
2017200164517,2,9,0,3,0,0,0,0,0,0,2,1,1,1,42,7,1242,1,5,7,1,7
2017200164517,3,9,0,3,0,0,0,0,0,0,2,1,2,1,39,7,1560,2,4,10,1,10
2017200164517,4,9,0,3,0,0,0,0,0,0,2,1,1,1,19,4,1496,2,1,1,1,1
2017200164537,1,9,0,17,0,2,0,0,0,0,1,1,6,1,36,7,1390,1,15,2,1,2
2017200164537,2,9,0,16,0,1,0,0,0,0,1,1,2,1,26,6,1242,1,9,4,1,4
2017200164551,1,9,0,9,0,5,0,0,0,0,3,1,6,3,-1,-1,-1,-1,-1,-1,-1,-1
2017200164572,1,9,0,11,0,1,0,0,0,0,4,1,2,1,58,9,3456,8,8,3,1,3
2017200164572,2,1,0,18,0,1,0,0,0,0,3,1,2,1,39,7,-1,-1,-1,7,1,7
2017200164630,1,9,0,18,0,0,0,0,0,0,1,1,6,1,28,6,1595,1,13,-1,-1,-1
2017200164630,2,9,0,4,0,0,0,4,0,0,3,1,1,1,-1,-1,2993,2,3,5,1,5
2017200164630,3,9,0,2,0,0,0,0,0,0,3,1,6,2,33,6,-1,-1,-1,6,1,6
2017200164630,4,9,0,18,0,0,0,0,0,0,0,1,1,1,-1,-1,2967,2,2,1,1,1
2017200164637,1,21,1,18,0,0,0,0,0,0,1,1,1,1,50,8,12419,2,1,4,2,4
2017200164637,2,9,5,18,0,0,0,0,0,0,2,1,6,1,21,5,1229,1,1,1,1,1
2017200164637,3,21,1,18,0,0,0,0,0,0,3,1,1,1,45,7,-1,-1,-1,-1,-1,-1
2017200164664,1,9,0,18,0,0,0,0,0,0,3,1,6,3,44,7,1783,1,13,1,1,1
2017200164664,2,9,0,1,0,0,0,0,0,0,2,1,6,1,-1,-1,1598,1,14,1,1,1
2017200164675,1,9,0,18,0,8,0,0,0,0,1,1,6,2,22,5,1798,1,3,4,1,4
2017200164675,2,9,0,9,0,5,0,0,0,0,4,1,6,1,37,7,1995,2,11,2,1,2
2017200164675,3,9,0,10,0,1,0,0,0,0,3,1,6,1,74,10,1896,2,12,3,1,3
2017200164682,1,9,0,18,0,0,0,0,0,0,1,1,6,1,17,4,2198,1,14,-1,-1,-1
2017200164682,2,9,0,18,0,0,0,0,0,0,1,1,6,1,-1,-1,1598,2,1,2,1,2
2017200164682,3,9,0,18,0,0,0,0,0,0,0,1,6,1,-1,-1,1956,2,2,1,1,1
2017200164712,1,21,1,11,0,0,0,0,0,0,1,1,6,1,39,7,12740,2,4,7,1,7
2017200164712,2,9,0,18,0,0,0,0,0,0,1,1,6,2,56,9,1242,1,2,5,1,5
2017200164712,3,9,0,18,0,0,0,0,0,0,2,1,1,1,29,6,1499,1,1,3,1,3
2017200164894,1,9,0,18,0,2,0,0,0,0,1,1,6,3,-1,-1,-1,-1,-1,-1,-1,-1
2017200164894,2,1,0,18,0,1,0,0,0,0,1,1,6,1,13,3,-1,-1,-1,3,1,3
2017200164899,1,9,0,18,0,1,0,0,0,0,4,1,1,1,42,7,1796,1,7,1,1,1
2017200164927,1,9,0,18,0,8,0,0,0,0,4,1,6,2,22,5,1124,1,12,7,1,7
2017200164927,2,9,0,9,0,6,0,0,0,0,3,1,6,1,61,9,1364,1,2,4,1,4
2017200164931,1,9,0,18,0,0,0,0,0,0,1,1,6,1,56,9,1198,1,3,8,3,8
2017200164934,1,2,0,18,0,0,0,0,0,0,1,1,6,1,72,10,49,1,7,2,1,2
2017200164934,2,9,0,3,0,0,0,0,0,0,2,1,6,1,46,8,1560,2,4,5,1,5
2017200164957,1,9,0,13,0,0,0,0,0,0,1,1,3,2,28,6,1968,2,5,3,1,3
2017200164957,2,1,0,18,0,0,0,0,0,0,2,1,2,2,48,8,-1,-1,-1,2,1,2
2017200165019,1,9,0,18,0,1,0,0,0,0,1,1,6,1,-1,-1,1998,2,10,2,1,2
2017200165019,2,9,0,18,0,1,0,0,0,0,2,1,2,1,26,6,1596,1,15,2,1,2
2017200165040,1,9,0,18,0,8,0,0,0,0,1,1,6,1,28,6,1596,1,11,1,1,1
2017200165040,2,9,0,2,0,2,0,0,0,0,2,1,6,3,-1,-1,-1,-1,-1,-1,-1,-1
2017200165062,1,9,0,9,0,5,0,0,0,0,1,1,6,1,-1,-1,998,1,18,10,1,10
2017200165062,2,3,0,18,0,8,0,0,0,0,1,1,6,1,18,4,124,1,15,9,1,9
2017200165124,1,9,0,1,9,0,0,0,0,0,2,1,6,3,-1,-1,-1,-1,-1,-1,-1,-1
2017200165133,1,9,0,18,0,0,0,0,0,0,1,1,6,3,-1,-1,-1,-1,-1,-1,-1,-1
2017200165141,1,9,0,16,0,8,0,0,0,0,1,1,6,3,-1,-1,1596,1,12,5,1,5
2017200165141,2,9,0,5,0,6,0,0,0,0,1,1,6,1,38,7,1598,1,8,1,1,1
2017200165142,1,9,0,2,0,0,0,0,0,0,4,1,6,3,68,10,1587,1,10,6,1,6
2017200165142,2,1,0,18,9,0,0,4,0,0,1,1,6,1,-1,-1,-1,-1,-1,-1,-1,-1
2017200165144,1,9,0,9,0,6,0,0,0,0,1,1,3,2,44,7,2143,2,2,10,1,10
2017200165208,1,9,0,5,0,1,0,0,0,0,4,1,2,2,54,8,998,1,2,3,1,3
2017200165230,1,9,0,9,0,6,0,0,0,0,1,1,1,1,23,5,1984,1,10,3,1,3
2017200165230,2,9,0,18,0,8,0,10,7,0,3,1,1,2,34,6,998,1,8,7,1,7
2017200165232,1,9,0,14,0,0,0,0,0,0,4,1,6,1,25,5,1896,2,19,1,1,1
2017200165232,2,11,0,5,0,0,0,0,0,0,3,1,1,1,48,8,-1,-1,-1,1,1,1
2017200165232,3,9,0,2,0,0,0,0,0,0,4,1,6,3,-1,-1,-1,-1,-1,-1,-1,-1
2017200165277,1,9,0,1,9,2,0,0,0,0,2,1,6,3,-1,-1,2191,2,4,-1,-1,-1
2017200165277,2,9,0,2,9,2,0,0,0,0,1,1,6,2,20,4,1390,1,5,8,1,8
2017200165283,1,1,0,5,0,1,0,0,0,0,2,1,6,1,36,7,-1,-1,-1,1,1,1
2017200165283,2,9,0,18,0,1,0,0,0,0,1,1,6,3,-1,-1,-1,-1,-1,-1,-1,-1
2017200165285,1,9,0,18,0,0,0,4,0,0,4,1,6,1,26,6,1781,1,14,1,1,1
2017200165285,2,9,0,6,0,0,0,0,0,0,3,1,6,1,31,6,1997,2,4,1,1,1
2017200165285,3,9,0,2,0,0,0,0,0,0,1,1,6,1,35,6,-1,-1,-1,1,1,1
2017200165288,1,9,0,18,0,2,0,0,0,0,1,1,1,1,32,6,1229,1,5,3,1,3
2017200165289,1,9,0,9,0,6,0,0,0,0,1,1,6,2,52,8,1995,2,12,2,1,2
2017200165289,2,19,0,18,0,8,0,0,0,0,1,1,1,1,27,6,2402,2,14,2,1,2
2017200165295,1,4,0,18,0,8,0,0,0,0,1,1,2,1,20,4,321,1,2,5,1,5
2017200165295,2,9,0,9,0,5,0,0,1,2,4,1,2,2,19,4,998,1,1,1,1,1
2017200165297,1,9,0,16,0,1,1,0,0,0,1,1,6,1,22,5,1984,1,2,1,1,1
2017200165297,2,21,0,3,0,1,0,0,0,0,2,1,1,1,51,8,6692,2,7,5,1,5
2017200165308,1,9,0,3,0,8,0,0,0,0,1,1,6,3,-1,-1,1242,1,13,-1,-1,-1
2017200165308,2,9,0,3,0,8,0,0,0,0,2,1,6,1,-1,-1,1896,2,11,1,1,1
2017200165326,1,9,0,5,0,6,0,0,0,0,1,1,6,2,68,10,1783,1,14,10,3,10
2017200165326,2,9,0,18,0,8,0,0,0,0,4,1,6,2,52,8,1229,1,4,6,1,6
2017200165341,1,9,0,18,0,8,0,0,0,0,4,1,6,1,21,5,1198,1,13,-1,-1,-1
2017200165341,2,-1,-1,18,0,8,0,0,0,0,1,1,6,3,-1,-1,-1,-1,-1,-1,-1,-1
2017200165361,1,9,0,18,0,0,0,0,0,0,1,1,6,1,-1,-1,1390,1,10,8,1,8
2017200165386,1,21,1,12,0,0,0,0,0,0,1,2,1,1,47,8,-1,-1,-1,-1,-1,-1
2017200165386,2,9,0,18,0,0,0,0,1,0,2,1,6,1,69,10,1997,2,17,1,1,1
2017200165387,1,9,0,6,0,0,0,10,0,0,3,1,1,2,45,7,1388,1,14,2,1,2
2017200165387,2,9,0,18,0,0,0,0,0,0,1,1,6,1,27,6,6208,1,9,1,1,1
2017200165387,3,9,0,2,9,0,0,0,0,0,2,1,6,2,-1,-1,1498,1,2,-1,-1,-1
2017200165398,1,9,0,18,0,0,0,0,0,0,4,1,6,1,50,8,-1,-1,-1,-1,-1,-1
2017200165402,1,9,0,5,0,4,0,0,0,0,4,1,6,2,81,11,1124,1,15,8,1,8
2017200165402,2,1,0,18,0,3,0,0,0,0,1,1,4,1,20,4,-1,-1,-1,6,1,6
2017200165423,1,9,0,18,0,0,0,0,0,0,1,1,6,3,-1,-1,1596,1,12,-1,-1,-1
2017200165423,2,3,0,18,0,0,0,0,0,0,1,1,6,1,19,4,125,1,1,8,1,8
2017200165441,1,9,0,18,0,1,0,0,0,0,1,1,6,2,24,5,1198,1,7,8,1,8
2017200165441,2,9,0,3,0,1,0,0,0,0,2,1,6,2,21,5,1968,2,8,5,1,5
2017200165458,1,9,0,16,0,1,0,0,0,0,1,1,1,2,21,5,1200,1,1,10,1,10
2017200165458,2,19,0,3,0,1,0,0,0,0,2,1,1,3,-1,-1,2198,2,3,-1,-1,-1
2017200165503,1,9,0,1,0,6,0,0,0,0,2,1,6,3,-1,-1,1560,2,1,-1,-1,-1
2017200165503,2,3,0,18,0,8,0,0,0,0,1,1,6,2,-1,-1,124,1,9,-1,-1,-1
2017200165595,1,9,0,17,0,0,1,0,7,0,4,1,6,1,20,4,1390,1,17,10,1,10
2017200165595,2,9,0,16,0,0,0,0,0,0,1,1,6,2,53,8,-1,-1,-1,10,2,10
2017200165597,1,5,0,18,0,4,1,9,3,0,1,1,6,1,42,7,647,1,9,-1,-1,-1
2017200165608,1,9,0,18,0,1,0,0,0,0,4,1,6,1,18,4,1461,2,3,1,1,1
2017200165613,1,9,0,18,0,0,0,0,0,0,1,1,1,1,49,8,1332,1,20,1,1,1
2017200165638,1,9,0,18,0,8,0,0,1,0,1,1,6,2,81,11,1396,1,26,5,1,5
2017200165638,2,9,0,18,0,8,0,0,0,0,4,1,6,1,54,8,1398,2,10,6,1,6
2017200165652,1,9,0,4,0,0,0,0,0,0,2,1,6,3,-1,-1,2143,2,5,-1,-1,-1
2017200165652,2,5,0,18,0,0,0,0,0,0,1,1,6,1,55,8,1301,1,1,9,1,9
2017200165663,1,9,0,9,0,5,0,0,0,0,3,1,6,2,34,6,1598,1,10,-1,-1,-1
2017200165680,1,21,4,5,0,0,0,0,0,0,2,1,1,1,35,6,12777,2,1,4,1,4
2017200165680,2,9,0,14,0,0,0,0,0,0,4,1,2,1,20,4,1242,1,1,3,1,3
2017200165735,1,9,0,18,0,8,0,0,0,0,4,1,6,1,21,5,1299,1,15,1,1,1
2017200165735,2,9,0,9,0,6,0,0,0,0,1,1,6,1,-1,-1,1390,1,8,2,1,2
2017200165736,1,9,0,10,0,1,0,0,0,0,2,1,6,1,34,6,2204,2,12,1,1,1
2017200165736,2,9,0,11,0,1,0,0,0,0,1,1,6,1,24,5,1398,1,14,1,1,1
2017200165736,3,9,0,18,0,1,0,0,0,0,1,1,6,3,-1,-1,1896,2,10,-1,-1,-1
2017200165741,1,3,0,18,0,8,0,0,0,0,2,1,5,1,48,8,125,1,5,2,1,2
2017200165741,2,9,0,9,0,6,0,0,0,0,1,1,6,1,35,6,-1,-1,-1,-1,-1,-1
2017200165757,1,9,0,18,0,0,0,10,1,10,1,1,1,1,50,8,1969,2,2,3,1,3
2017200165765,1,9,0,9,0,2,0,0,0,0,1,1,6,2,29,6,1242,1,3,1,1,1
2017200165779,1,9,0,5,0,4,0,0,0,0,1,1,6,3,-1,-1,-1,-1,-1,-1,-1,-1
2017200165779,2,1,0,18,0,8,0,0,0,0,1,1,4,1,17,4,-1,-1,-1,4,1,4
2017200165802,1,9,0,9,0,2,0,0,0,0,4,1,6,1,-1,-1,-1,-1,-1,-1,-1,-1
2017200165831,1,9,0,13,0,1,0,0,0,0,4,1,6,1,40,7,1995,2,12,-1,-1,-1
2017200165831,2,9,0,9,0,1,0,0,0,0,3,1,6,2,56,9,1598,2,4,6,3,6
2017200165835,1,9,0,18,0,4,0,0,0,0,4,1,6,2,34,6,1199,2,6,4,1,4
2017200165835,2,5,0,18,0,3,0,0,0,0,0,1,6,1,41,7,1247,1,3,1,1,1
2017200165845,1,9,0,18,0,0,0,8,0,0,1,1,1,3,-1,-1,1998,1,15,-1,-1,-1
2017200165845,2,9,0,2,0,0,0,0,0,0,1,1,6,3,-1,-1,-1,-1,-1,-1,-1,-1
2017200165951,1,9,0,18,0,2,0,0,0,0,4,1,1,1,30,6,-1,-1,-1,5,1,5
2017200165992,1,9,0,18,0,8,0,0,0,0,1,1,6,1,65,9,1242,1,9,-1,-1,-1
2017200165992,2,9,0,18,0,8,5,0,0,0,3,1,6,1,34,6,1400,2,10,2,1,2
2017200166058,1,21,1,11,0,0,0,0,0,0,4,1,1,1,58,9,12740,2,2,4,1,4
2017200166058,2,9,0,18,0,0,1,0,0,0,3,1,1,2,24,5,1197,1,2,8,1,8
2017200166074,1,9,0,18,0,0,0,4,0,0,2,1,6,1,36,7,-1,-1,-1,2,1,2
2017200166074,2,9,0,2,0,0,0,0,0,0,2,1,6,2,40,7,1242,1,4,2,1,2
2017200166110,1,9,0,6,0,0,0,0,0,0,1,1,6,1,32,6,1783,1,17,1,1,1
2017200166110,2,9,0,13,0,0,0,10,7,3,4,1,6,1,40,7,1299,1,13,-1,-1,-1
2017200166122,1,9,0,11,0,0,0,0,1,7,1,1,5,2,61,9,1390,1,3,5,3,5
2017200166122,2,98,1,18,0,0,0,0,0,0,1,1,1,1,48,8,-1,-1,-1,-1,-1,-1
2017200166147,1,9,0,18,0,0,0,0,0,0,0,1,6,2,-1,-1,1968,2,11,-1,-1,-1
2017200166147,2,9,0,18,0,0,0,0,0,0,2,1,6,2,27,6,1390,1,8,3,1,3
2017200166147,3,9,0,18,0,0,0,0,0,0,1,1,6,2,50,8,1910,2,10,7,1,7
2017200166210,1,9,0,5,0,8,2,10,1,10,1,1,6,1,-1,-1,1769,1,14,2,1,2
2017200166210,2,9,0,5,0,8,0,0,0,0,1,1,6,1,57,9,2494,1,19,5,1,5
2017200166224,1,9,0,14,0,0,0,0,0,0,1,1,6,1,28,6,1560,2,4,8,1,8
2017200166256,1,9,0,9,0,2,1,10,1,4,1,1,6,1,42,7,1596,1,15,1,1,1
2017200166271,1,9,0,18,0,6,0,0,0,0,1,1,6,2,39,7,1598,1,15,4,1,4
2017200166271,2,9,0,18,0,8,0,0,0,0,4,1,6,1,28,6,1753,2,9,1,1,1
2017200166279,1,9,0,9,0,5,0,0,0,0,4,1,5,1,48,8,1560,2,13,1,1,1
2017200166279,2,1,0,10,0,1,0,0,0,0,1,1,5,1,55,8,-1,-1,-1,2,1,2
2017200166291,1,19,0,18,0,6,0,0,0,0,1,1,6,1,-1,-1,1968,2,11,-1,-1,-1
2017200166291,2,9,0,18,0,8,0,0,0,0,1,1,1,2,60,9,1598,1,13,5,1,5
2017200166300,1,9,0,16,0,0,0,0,0,0,1,1,6,1,43,7,1461,2,12,5,1,5
2017200166315,1,9,0,4,0,0,0,0,0,0,0,1,6,1,54,8,1995,2,6,9,2,9
2017200166315,2,19,0,3,0,0,0,0,0,0,2,1,6,1,29,6,1997,2,12,2,1,2
2017200166315,3,9,0,3,0,0,0,0,0,0,2,1,6,2,51,8,1598,2,1,9,1,9
2017200166322,1,9,0,7,0,1,0,0,0,0,1,1,2,1,27,6,1998,1,13,3,1,3
2017200166322,2,9,0,7,0,1,0,0,0,0,2,1,1,1,42,7,1753,2,10,5,1,5
2017200166327,1,9,0,9,0,5,0,0,0,0,1,1,6,1,28,6,1968,2,3,5,1,5
2017200166327,2,9,0,13,0,8,1,0,0,0,1,1,6,3,-1,-1,1199,1,16,-1,-1,-1
2017200166334,1,9,0,11,0,2,0,0,0,0,4,1,2,1,43,7,1968,2,2,9,1,9
2017200166334,2,3,0,15,0,2,0,0,0,0,3,1,2,1,25,5,125,1,12,1,1,1
2017200166348,1,19,0,18,0,2,0,0,0,0,1,1,1,1,29,6,2299,2,2,2,1,2
2017200166348,2,9,0,9,0,1,0,0,0,0,1,1,1,1,46,8,1598,1,7,1,1,1
2017200166359,1,9,0,18,0,0,0,0,0,0,1,1,6,1,25,5,2143,2,4,1,1,1
2017200166362,1,98,0,5,0,0,0,0,0,0,1,1,6,3,-1,-1,-1,-1,-1,-1,-1,-1
2017200166379,1,9,0,18,0,0,0,10,2,4,1,1,6,1,30,6,1596,1,12,10,1,10
2017200166389,1,9,0,5,0,1,0,0,0,0,4,1,3,2,30,6,1496,2,1,8,1,8
2017200166394,1,9,0,18,0,2,1,7,1,5,1,1,2,1,24,5,1896,2,11,1,1,1
2017200166394,2,9,0,2,9,2,0,0,0,0,2,1,6,3,-1,-1,1461,2,2,-1,-1,-1
2017200166394,3,9,0,2,9,2,0,0,0,0,2,1,6,3,-1,-1,1600,1,13,-1,-1,-1
2017200166397,1,9,0,12,0,0,0,0,0,0,3,1,6,1,67,10,1242,1,16,5,1,5
2017200166397,2,9,0,18,0,0,0,0,0,0,1,1,2,1,58,9,1248,2,2,2,1,2
2017200166402,1,9,0,4,0,0,0,0,0,0,1,1,6,1,31,6,1390,1,13,4,1,4
2017200166402,2,9,0,4,0,0,0,0,0,0,2,1,6,1,38,7,1968,2,9,3,1,3
2017200166402,3,9,0,4,0,0,0,0,0,0,2,1,6,1,36,7,1349,1,6,5,1,5
2017200166402,4,9,0,4,0,0,0,0,0,0,2,1,6,2,25,5,1796,1,12,10,1,10
2017200166414,1,9,0,5,0,0,0,0,0,0,3,1,6,3,-1,-1,-1,-1,-1,-1,-1,-1
2017200166414,2,2,0,18,0,0,0,0,0,0,4,1,1,1,43,7,49,1,1,1,1,1
2017200166417,1,19,0,13,0,8,0,0,0,0,4,1,6,1,20,4,1998,2,13,3,1,3
2017200166417,2,9,0,9,0,5,0,0,0,0,3,1,6,1,38,7,1910,2,10,2,1,2
2017200166420,1,9,0,9,0,5,0,0,0,0,1,1,1,1,41,7,1968,2,4,5,1,5
2017200166420,2,3,0,14,0,8,0,0,0,0,1,1,1,1,-1,-1,124,1,16,2,1,2