Accident_Index,Vehicle_Reference,Vehicle_Type,Towing_and_Articulation,Vehicle_Manoeuvre,Vehicle_Location-Restricted_Lane,Junction_Location,Skidding_and_Overturning,Hit_Object_in_Carriageway,Vehicle_Leaving_Carriageway,Hit_Object_off_Carriageway,1st_Point_of_Impact,Was_Vehicle_Left_Hand_Drive?,Journey_Purpose_of_Driver,Sex_of_Driver,Age_of_Driver,Age_Band_of_Driver,Engine_Capacity_(CC),Propulsion_Code,Age_of_Vehicle,Driver_IMD_Decile,Driver_Home_Area_Type,Vehicle_IMD_Decile
2017200166441,1,9,0,14,0,0,0,0,0,0,0,1,1,1,24,5,1686,2,10,-1,-1,-1
2017200166451,1,9,0,18,0,0,0,4,0,0,1,1,6,2,-1,-1,1061,1,13,1,1,1
2017200166451,2,9,0,2,0,0,0,0,0,0,0,1,6,3,-1,-1,1968,2,4,-1,-1,-1
2017200166451,3,9,0,2,0,0,0,0,0,0,0,1,6,3,-1,-1,-1,-1,-1,-1,-1,-1
2017200166452,1,9,0,18,0,8,0,0,0,0,1,1,1,2,23,5,1390,1,2,1,1,1
2017200166452,2,1,0,9,0,6,0,0,0,0,1,1,6,1,17,4,-1,-1,-1,1,1,1
2017200166454,1,9,0,9,0,6,0,0,0,0,1,1,6,3,-1,-1,1560,2,1,-1,-1,-1
2017200166454,2,1,0,18,0,8,5,0,0,0,1,1,4,1,14,3,-1,-1,-1,3,1,3
2017200166482,1,9,0,18,0,0,0,0,0,0,1,1,3,2,43,7,1598,1,10,1,1,1
2017200166532,1,9,0,18,0,0,0,0,0,0,1,1,6,1,29,6,1598,1,11,4,1,4
2017200166532,2,9,0,18,0,0,0,0,0,0,1,1,6,1,23,5,1390,1,14,5,1,5
2017200166541,1,9,0,9,0,6,0,0,0,0,1,1,1,1,46,8,1229,1,3,6,2,6
2017200166541,2,9,0,14,0,8,0,0,0,0,4,1,6,3,-1,-1,1422,2,13,-1,-1,-1
2017200166562,1,9,0,8,0,1,0,0,0,0,2,1,6,1,48,8,-1,-1,-1,1,1,1
2017200166562,2,9,0,4,0,1,0,0,0,0,1,1,2,1,24,5,1149,1,15,1,1,1
2017200166567,1,9,0,3,0,1,0,0,0,0,0,1,6,2,47,8,1984,1,12,2,1,2
2017200166567,2,9,0,18,0,1,0,0,0,0,2,1,6,3,-1,-1,1753,2,15,-1,-1,-1
2017200166574,1,9,0,18,0,0,0,0,0,0,1,1,6,2,42,7,2967,2,8,-1,-1,-1
2017200166589,1,9,0,9,0,5,0,4,0,0,4,1,2,1,31,6,-1,-1,-1,1,1,1
2017200166589,2,9,0,18,0,8,1,4,0,0,1,1,2,1,27,6,1995,2,4,3,1,3
2017200166589,3,9,0,2,0,8,0,0,0,0,4,1,6,3,-1,-1,1896,2,10,-1,-1,-1
2017200166649,1,9,0,9,0,6,0,0,0,0,1,1,6,3,-1,-1,1956,2,6,-1,-1,-1
2017200166649,2,1,0,5,0,8,0,0,0,0,3,1,2,1,29,6,-1,-1,-1,4,1,4
2017200166677,1,9,0,18,0,4,0,0,0,0,1,1,6,1,27,6,1956,2,7,6,1,6
2017200166677,2,1,0,18,0,3,0,0,0,0,2,1,2,1,24,5,-1,-1,-1,3,1,3
2017200166680,1,9,0,9,0,5,0,0,0,0,0,1,5,1,35,6,1242,1,13,2,1,2
2017200166680,2,5,0,9,0,5,0,0,0,0,3,1,5,1,27,6,998,1,15,1,1,1
2017200166687,1,9,0,18,0,0,0,0,0,0,4,1,6,1,23,5,1242,1,10,1,1,1
2017200166697,1,9,0,18,0,0,0,0,0,0,4,1,6,3,30,6,-1,-1,-1,-1,-1,-1
2017200166703,1,9,0,13,0,1,0,7,0,0,1,1,6,3,-1,-1,1984,1,1,-1,-1,-1
2017200166703,2,9,0,18,0,1,0,0,0,0,2,1,6,1,51,8,1197,1,1,1,1,1
2017200166704,1,9,0,9,0,6,0,0,0,0,4,1,6,3,-1,-1,1229,1,11,-1,-1,-1
2017200166704,2,9,0,18,0,8,0,0,0,0,0,1,6,2,43,7,1798,1,10,1,1,1
2017200166723,1,9,0,7,0,6,0,0,0,0,1,1,6,2,-1,-1,973,1,17,5,1,5
2017200166723,2,1,0,18,0,8,0,0,0,0,1,1,6,1,36,7,-1,-1,-1,6,1,6
2017200166731,1,9,0,14,0,0,0,0,0,0,1,1,6,1,30,6,1796,1,3,1,1,1
2017200166731,2,9,0,17,0,0,0,0,0,0,1,1,1,1,63,9,-1,-1,-1,3,1,3
2017200166759,1,11,0,18,0,1,0,0,0,0,1,1,1,1,55,8,6700,2,10,2,1,2
2017200166759,2,9,0,3,0,1,0,0,0,0,2,1,6,2,46,8,1390,1,12,1,1,1
2017200166765,1,9,0,9,0,6,0,0,0,0,1,1,6,1,31,6,1499,2,-1,3,1,3
2017200166806,1,98,0,12,0,0,0,0,0,0,3,2,1,1,34,6,-1,-1,-1,-1,-1,-1
2017200166806,2,9,0,18,0,0,0,0,0,0,1,1,2,1,28,6,1797,8,7,3,1,3
2017200166806,3,9,0,18,0,0,0,0,0,0,1,1,2,2,35,6,1242,1,4,5,1,5
2017200166806,4,21,0,18,0,0,0,0,0,0,1,2,1,1,32,6,-1,-1,-1,-1,-1,-1
2017200166821,1,9,0,9,0,5,0,0,0,0,4,1,6,1,76,11,1598,1,18,2,1,2
2017200166830,1,9,0,14,0,2,0,0,0,0,4,1,6,2,32,6,1995,2,2,5,1,5
2017200166850,1,9,0,14,0,0,0,0,0,0,1,1,6,3,-1,-1,-1,-1,-1,-1,-1,-1
2017200166873,1,9,0,18,0,1,1,0,0,0,1,1,6,3,-1,-1,2148,2,12,-1,-1,-1
2017200166873,2,9,0,3,0,1,0,0,0,0,2,1,6,2,22,5,1896,2,12,9,1,9
2017200166881,1,9,0,18,0,8,0,0,0,0,4,1,1,1,32,6,1968,2,2,1,1,1
2017200166881,2,9,0,9,0,8,0,0,0,0,4,1,2,2,25,5,1390,1,6,9,1,9
2017200166892,1,9,0,5,0,0,0,0,0,0,1,1,6,1,-1,-1,1799,1,9,2,1,2
2017200166892,2,9,0,18,0,0,0,0,0,0,4,1,6,2,26,6,1229,1,8,8,1,8
2017200166968,1,9,0,17,0,0,0,0,0,0,1,1,6,3,33,6,1910,2,9,1,1,1
2017200166968,2,9,0,16,0,0,0,0,0,0,1,1,6,2,54,8,1124,1,13,1,1,1
2017200167018,1,19,4,4,0,0,1,7,0,0,3,1,1,1,26,6,2998,2,4,10,1,10
2017200167018,2,9,0,18,0,0,0,0,0,0,1,1,6,1,37,7,2231,2,11,8,1,8
2017200167018,3,20,0,18,0,0,0,0,0,0,1,1,1,1,49,8,5132,2,1,1,1,1
2017200167030,1,9,0,18,-1,0,-1,0,-1,0,-1,1,6,1,-1,-1,1560,2,1,10,1,10
2017200167030,2,9,0,18,-1,0,-1,0,-1,0,2,1,6,1,20,4,1349,1,3,8,1,8
2017200167030,3,9,0,18,-1,0,-1,0,-1,0,2,1,6,1,-1,-1,1598,1,11,1,1,1
2017200167040,1,9,0,9,0,5,0,0,0,0,1,1,6,2,-1,-1,1968,2,6,1,1,1
2017200167205,1,9,0,18,0,8,0,0,0,0,1,1,6,3,-1,-1,1984,1,7,-1,-1,-1
2017200167205,2,9,0,10,0,8,0,0,0,0,2,1,2,1,40,7,1461,2,12,1,1,1
2017200167226,1,9,0,18,0,1,0,0,0,0,1,1,6,3,-1,-1,-1,-1,-1,-1,-1,-1
2017200167226,2,9,0,18,0,1,0,0,0,0,2,1,6,1,51,8,1997,2,11,1,1,1
2017200167228,1,9,0,14,0,1,0,0,0,0,3,1,6,1,23,5,-1,-1,-1,6,1,6
2017200167238,1,9,0,18,0,0,0,0,0,0,2,1,6,3,-1,-1,-1,-1,-1,-1,-1,-1
2017200167248,1,3,0,18,0,1,0,0,0,0,1,1,6,1,19,4,125,1,2,4,1,4
2017200167248,2,3,0,4,0,1,0,0,0,0,2,1,6,1,18,4,125,1,2,1,1,1
2017200167250,1,9,0,5,0,6,0,0,0,0,1,1,6,1,30,6,1198,1,7,10,1,10
2017200167256,1,9,0,18,0,8,1,10,7,10,1,1,6,3,-1,-1,1991,1,15,-1,-1,-1
2017200167256,2,9,0,9,0,6,0,4,0,0,3,1,6,1,51,8,2497,2,10,1,1,1
2017200167256,3,9,0,9,0,6,0,0,0,0,2,1,6,1,35,6,1248,2,9,1,1,1
2017200167256,4,9,0,2,0,2,0,0,0,0,2,1,6,1,23,5,999,1,2,1,1,1
2017200167259,1,11,0,18,0,1,0,0,0,0,0,1,1,1,42,7,8268,2,15,3,1,3
2017200167269,1,9,0,18,0,8,0,10,7,1,1,1,6,3,-1,-1,-1,-1,-1,-1,-1,-1
2017200167269,2,9,0,18,0,8,0,0,0,0,1,1,6,1,20,4,1124,1,12,1,1,1
2017200167288,1,9,0,9,0,5,0,0,0,0,1,1,6,3,30,6,1596,1,11,-1,-1,-1
2017200167294,1,9,0,9,0,2,0,0,0,0,1,1,6,1,37,7,1995,2,12,1,1,1
2017200167294,2,90,0,18,0,1,0,0,0,0,3,1,6,1,62,9,-1,-1,-1,-1,-1,-1
2017200167295,1,9,0,9,0,5,0,10,0,0,1,1,6,1,32,6,-1,-1,-1,4,1,4
2017200167295,2,1,0,9,0,1,0,0,0,0,1,1,6,2,54,8,-1,-1,-1,10,1,10
2017200167310,1,21,1,18,0,8,0,0,0,0,1,1,1,1,24,5,12419,2,1,6,1,6
2017200167310,2,9,0,9,0,8,0,0,3,1,3,1,1,1,40,7,1968,2,5,1,1,1
2017200167313,1,9,0,18,0,0,1,10,7,5,3,1,6,1,20,4,1895,1,15,8,1,8
2017200167358,1,9,0,5,0,6,0,0,0,0,3,1,6,3,-1,-1,-1,-1,-1,-1,-1,-1
2017200167358,2,1,0,18,0,8,0,0,0,0,1,1,1,1,24,5,-1,-1,-1,-1,-1,-1
2017200167385,1,9,0,4,0,0,0,0,0,0,1,1,6,1,-1,-1,-1,-1,-1,-1,-1,-1
2017200167406,1,9,0,13,0,1,0,10,7,10,1,1,6,3,-1,-1,1870,2,13,-1,-1,-1
2017200167406,2,9,0,9,0,5,0,0,0,0,3,1,2,1,37,7,998,1,15,2,1,2
2017200167446,1,9,0,9,0,5,0,0,0,0,1,1,6,3,-1,-1,1296,1,9,6,1,6
2017200167446,2,1,0,18,4,8,0,0,0,0,3,1,6,1,26,6,-1,-1,-1,1,1,1
2017200167457,1,9,0,1,0,0,0,4,0,0,2,1,6,2,-1,-1,1397,1,17,1,1,1
2017200167457,2,9,0,2,0,0,0,0,0,0,2,1,6,3,-1,-1,-1,-1,-1,-1,-1,-1
2017200167467,1,19,0,9,0,6,0,0,0,0,1,1,6,1,70,10,1248,2,2,7,3,7
2017200167467,2,9,0,18,0,8,0,0,0,0,3,1,6,2,44,7,-1,-1,-1,4,1,4
2017200167469,1,9,0,8,0,1,0,0,0,0,2,1,6,2,46,8,1587,1,10,7,1,7
2017200167469,2,9,0,18,0,1,0,0,0,0,1,1,6,1,-1,-1,1560,2,11,-1,-1,-1
2017200167515,1,9,0,18,0,1,0,0,0,0,1,1,6,1,34,6,1686,2,10,2,1,2
2017200167518,1,9,0,9,0,6,0,0,0,0,3,1,6,1,-1,-1,1956,2,6,1,1,1
2017200167518,2,9,0,18,0,8,0,0,0,0,1,1,6,1,49,8,-1,-1,-1,2,1,2
2017200167536,1,9,0,5,0,1,0,10,1,11,1,1,6,2,85,11,1124,1,7,9,1,9
2017200167537,1,9,0,7,0,6,0,0,0,0,1,1,6,2,29,6,1229,1,10,1,1,1
2017200167537,2,90,0,18,0,8,0,0,0,0,1,1,6,2,53,8,-1,-1,-1,-1,-1,-1
2017200167538,1,9,0,18,0,1,0,0,0,0,1,1,6,3,-1,-1,-1,-1,-1,-1,-1,-1
2017200167538,2,21,0,18,0,1,0,0,0,0,2,1,1,1,64,9,-1,-1,-1,2,1,2
2017200167542,1,9,0,4,0,1,0,0,0,0,1,1,6,1,27,6,1388,1,8,-1,-1,-1
2017200167542,2,9,0,4,0,1,0,0,0,0,2,1,1,2,-1,-1,1248,2,1,-1,-1,-1
2017200167545,1,9,0,18,0,1,0,0,0,0,1,1,5,2,23,5,1598,1,11,5,1,5
2017200167549,1,9,0,18,0,0,0,0,0,0,1,1,6,2,38,7,1995,2,9,9,1,9
2017200167556,1,9,0,7,0,1,1,0,0,0,1,1,6,1,21,5,1598,1,13,-1,-1,-1
2017200167556,2,9,0,4,0,1,0,0,0,0,1,1,6,2,51,8,1560,2,7,1,1,1
2017200167556,3,9,0,7,0,2,0,0,0,0,0,1,6,1,-1,-1,2967,2,1,-1,-1,-1
2017200167602,1,9,0,18,0,2,0,10,7,11,1,1,6,1,27,6,1360,1,13,1,1,1
2017200167602,2,9,0,18,0,1,0,10,1,4,1,1,6,2,85,11,1360,1,10,5,1,5
2017200167677,1,9,0,18,0,0,0,0,0,0,1,1,6,2,43,7,1461,2,10,8,1,8
2017200167677,2,1,0,18,0,0,0,0,0,0,3,1,6,1,10,2,-1,-1,-1,4,1,4
2017200167679,1,9,0,18,0,0,0,0,0,0,1,1,1,1,56,9,-1,-1,-1,1,1,1
2017200167679,2,9,0,18,0,0,0,0,0,0,2,1,6,2,34,6,1685,2,4,8,1,8
2017200167688,1,9,0,18,0,0,1,0,0,0,4,1,1,1,32,6,-1,-1,-1,9,1,9
2017200167688,2,9,0,18,0,0,1,0,0,0,1,1,1,1,21,5,1390,1,13,1,1,1
2017200167688,3,98,0,18,0,0,0,0,0,0,3,1,1,1,33,6,-1,-1,-1,-1,-1,-1
2017200167728,1,9,0,4,0,0,0,0,0,0,2,1,6,2,24,5,1389,1,12,8,1,8
2017200167728,2,9,0,18,0,0,0,0,0,0,1,1,6,2,23,5,-1,-1,-1,-1,-1,-1
2017200167826,1,1,0,10,0,1,0,0,0,0,2,1,2,1,55,8,-1,-1,-1,8,1,8
2017200167826,2,9,0,5,0,1,0,0,0,0,1,1,6,3,-1,-1,-1,-1,-1,-1,-1,-1
2017200167838,1,1,0,18,9,8,0,0,0,0,1,1,6,1,-1,-1,-1,-1,-1,2,1,2
2017200167838,2,98,0,7,9,6,0,0,0,0,3,1,6,3,-1,-1,-1,-1,-1,-1,-1,-1
2017200167854,1,9,0,18,0,0,0,0,0,0,4,1,6,3,-1,-1,-1,-1,-1,-1,-1,-1
2017200167873,1,9,0,4,0,0,0,0,0,0,1,1,6,1,-1,-1,-1,-1,-1,2,1,2
2017200167873,2,9,0,3,0,0,0,0,0,0,2,1,1,1,34,6,2204,2,11,2,1,2
2017200167882,1,9,0,18,0,2,0,0,0,0,1,1,6,3,-1,-1,1582,2,-1,-1,-1,-1
2017200167888,1,9,0,9,0,2,0,0,0,0,1,1,1,3,-1,-1,-1,-1,-1,-1,-1,-1
2017200167912,1,9,0,9,0,5,0,0,0,0,4,1,6,2,29,6,1968,2,5,2,1,2
2017200167912,2,9,0,18,0,8,0,0,0,0,1,1,6,1,30,6,1796,1,13,2,1,2
2017200167921,1,9,0,5,0,1,0,0,0,0,3,1,6,3,-1,-1,-1,-1,-1,-1,-1,-1
2017200167937,1,9,0,18,0,2,0,0,0,0,1,1,6,1,-1,-1,-1,-1,-1,-1,-1,-1
2017200167961,1,9,0,7,0,6,0,0,0,0,0,1,6,3,-1,-1,-1,-1,-1,-1,-1,-1
2017200167961,2,1,0,18,0,8,0,0,0,0,4,1,6,1,44,7,-1,-1,-1,9,1,9
2017200167966,1,11,0,18,0,1,0,0,0,0,1,1,1,1,59,9,4461,2,5,10,1,10
2017200167976,1,9,0,18,0,0,0,4,0,0,1,1,6,3,-1,-1,2494,1,16,-1,-1,-1
2017200167976,2,19,0,2,0,0,0,0,0,0,2,1,6,1,55,8,2464,2,10,1,1,1
2017200167979,1,9,0,18,0,1,0,0,0,0,1,1,6,1,81,11,1598,1,5,2,1,2
2017200167979,2,9,0,3,0,1,0,0,0,0,2,1,6,2,68,10,1968,2,10,2,1,2
2017200167979,3,9,0,9,0,8,0,0,0,0,2,1,6,1,58,9,1360,1,11,4,1,4
2017200167979,4,9,0,18,0,8,0,0,0,0,3,1,6,2,51,8,1560,2,5,8,1,8
2017200167980,1,9,0,17,0,0,0,10,1,4,1,1,6,1,24,5,1995,2,12,1,1,1
2017200167982,1,9,0,4,0,0,0,0,0,0,4,1,6,1,44,7,1997,12,4,5,1,5
2017200167982,2,9,0,18,0,0,0,0,0,0,1,1,6,1,34,6,1995,2,4,3,1,3
2017200167982,3,9,0,18,0,0,0,0,0,0,2,1,6,1,26,6,1598,1,9,2,1,2
2017200167987,1,9,0,9,0,5,0,0,0,0,1,1,6,1,-1,-1,1686,2,8,-1,-1,-1
2017200167987,2,9,0,10,0,1,0,0,0,0,2,1,6,1,45,7,1497,1,15,1,1,1
2017200168003,1,9,0,9,0,5,0,0,0,0,1,1,6,1,32,6,1339,1,12,2,1,2
2017200168003,2,9,0,18,0,8,0,0,0,0,1,1,6,2,52,8,1498,1,2,2,1,2
2017200168018,1,9,0,12,0,8,0,0,0,0,3,1,1,1,49,8,-1,-1,-1,2,1,2
2017200168018,2,9,0,18,0,3,0,0,0,0,1,1,2,2,40,7,1598,1,12,9,1,9
2017200168075,1,19,0,5,0,1,0,0,0,0,0,1,6,1,47,8,5200,1,25,1,1,1
2017200168108,1,5,0,18,0,8,0,0,0,0,1,1,6,1,35,6,-1,-1,-1,7,3,7
2017200168108,2,19,0,9,0,5,0,0,0,0,2,1,1,1,42,7,1998,2,13,7,1,7
2017200168108,3,9,0,18,0,1,0,0,0,0,3,1,6,1,40,7,1995,2,8,10,1,10
2017200168161,1,9,0,5,0,1,0,0,0,0,4,1,6,2,54,8,1560,2,1,7,1,7
2017200168216,1,9,0,18,0,1,0,0,0,0,1,1,6,2,21,5,1461,2,4,8,2,8
2017200168216,2,9,0,3,0,1,0,0,0,0,2,1,6,1,27,6,-1,-1,-1,1,1,1
2017200168321,1,9,0,18,0,0,0,4,0,0,2,1,6,3,-1,-1,1596,1,8,-1,-1,-1
2017200168321,2,9,0,3,0,0,0,0,0,0,0,1,1,1,55,8,1995,2,10,3,1,3
2017200168321,3,9,0,2,0,0,0,0,0,0,0,1,6,3,-1,-1,1390,1,11,-1,-1,-1
2017200168352,1,9,0,11,0,0,1,0,0,0,2,1,6,1,48,8,999,1,2,6,1,6
2017200168352,2,9,0,3,0,0,0,0,0,0,1,1,6,1,45,7,1783,1,15,6,3,6
2017200168352,3,9,0,3,0,0,0,0,0,0,2,1,6,1,47,8,1360,1,12,5,1,5
2017200168385,1,9,0,5,0,1,0,0,0,0,1,1,6,3,-1,-1,-1,-1,-1,-1,-1,-1
2017200168385,2,3,0,5,0,1,0,0,0,0,2,1,6,1,26,6,124,1,2,2,1,2
2017200168400,1,9,0,3,0,1,0,0,0,0,2,1,6,3,78,11,1560,2,11,3,1,3
2017200168400,2,9,0,3,0,1,0,0,0,0,2,1,6,2,30,6,998,1,8,1,1,1
2017200168400,3,9,0,18,0,1,0,0,0,0,1,1,6,3,35,6,1560,2,11,4,1,4
2017200168447,1,9,0,17,0,1,0,10,1,2,1,1,2,1,49,8,2198,2,3,9,1,9
2017200168450,1,9,0,18,0,2,0,0,0,0,4,1,6,1,27,6,1968,2,4,6,1,6
2017200168455,1,19,0,18,0,1,0,0,0,0,1,1,1,1,-1,-1,2143,2,3,-1,-1,-1
2017200168455,2,9,0,3,0,1,0,0,0,0,2,1,6,2,20,4,1229,1,3,2,1,2
2017200168461,1,9,0,18,0,6,1,10,3,2,1,1,6,1,32,6,1596,1,4,5,1,5
2017200168461,2,9,0,18,0,6,0,0,0,0,0,1,1,3,-1,-1,2993,2,3,-1,-1,-1
2017200168479,1,9,0,6,0,0,0,0,0,0,2,1,1,2,45,7,1229,1,4,8,1,8
2017200168479,2,1,0,18,0,0,0,0,0,0,3,1,1,1,51,8,-1,-1,-1,6,1,6
2017200168512,1,9,0,18,0,0,5,10,7,11,1,1,1,1,33,6,1600,1,18,3,1,3
2017200168527,1,9,0,18,0,1,0,10,1,4,1,1,6,2,31,6,1896,2,16,5,1,5
2017200168527,2,9,0,2,0,1,0,0,0,0,2,1,2,2,49,8,1246,1,10,1,1,1
2017200168531,1,9,0,7,0,8,0,0,0,0,3,1,6,2,23,5,1598,2,2,8,3,8
2017200168531,2,9,0,8,0,8,0,0,0,0,4,1,6,3,-1,-1,1995,2,9,-1,-1,-1
2017200168566,1,9,0,9,0,5,0,0,0,0,3,1,6,2,24,5,998,1,10,1,1,1
2017200168566,2,9,0,13,0,1,0,0,0,0,3,1,6,1,45,7,-1,-1,-1,1,1,1
2017200168598,1,9,0,7,0,6,0,0,0,0,3,1,6,3,-1,-1,-1,-1,-1,-1,-1,-1
2017200168598,2,9,0,18,0,8,0,0,0,0,1,1,1,1,-1,-1,-1,-1,-1,-1,-1,-1
2017200168599,1,9,0,18,0,0,0,0,0,0,4,1,1,1,-1,-1,999,1,7,5,1,5
2017200168623,1,9,0,18,0,8,0,0,0,0,1,1,2,2,38,7,1598,1,12,9,1,9
2017200168623,2,9,0,9,0,8,0,0,0,0,1,1,1,1,32,6,-1,-1,-1,4,1,4
2017200168629,1,9,0,5,0,1,0,0,0,0,1,1,6,3,-1,-1,-1,-1,-1,-1,-1,-1
2017200168629,2,1,0,18,0,1,0,0,0,0,2,1,1,1,19,4,-1,-1,-1,2,1,2
2017200168636,1,9,0,18,0,8,0,0,0,0,1,1,6,3,-1,-1,1248,2,8,3,1,3
2017200168636,2,3,0,18,0,8,0,0,0,0,1,1,6,1,48,8,125,1,4,8,1,8
2017200168703,1,9,0,9,0,2,0,0,0,0,1,1,6,3,-1,-1,1587,1,12,-1,-1,-1
2017200168732,1,9,0,7,0,2,0,0,0,0,1,1,6,2,27,6,1596,1,5,3,1,3
2017200168786,1,19,0,9,0,6,0,0,0,0,3,1,6,1,-1,-1,1399,2,7,2,1,2
2017200168786,2,9,0,18,0,8,0,0,0,0,1,1,2,1,40,7,1199,1,18,9,1,9
2017200168815,1,9,0,17,0,1,0,4,0,0,1,1,2,2,21,5,1242,1,3,7,1,7
2017200168815,2,17,4,2,9,1,0,0,0,0,2,1,1,1,37,7,6702,2,9,10,1,10
2017200168829,1,9,0,7,0,5,0,10,1,0,3,1,6,2,23,5,1339,1,10,7,1,7
2017200168829,2,9,0,8,0,1,0,0,0,0,3,1,2,1,28,6,1360,1,14,6,1,6
2017200168838,1,9,0,18,0,0,0,0,0,0,1,1,1,1,32,6,1582,2,5,1,1,1
2017200168838,2,9,0,18,0,0,0,0,0,0,1,1,6,1,-1,-1,1796,1,14,-1,-1,-1
2017200168843,1,9,0,4,0,1,0,0,0,0,4,1,6,3,-1,-1,1799,1,11,5,1,5
2017200168843,2,1,0,10,0,1,0,0,0,0,2,1,6,1,48,8,-1,-1,-1,4,1,4
2017200168872,1,9,0,5,0,1,0,0,0,0,1,1,6,1,23,5,1399,1,12,2,1,2
2017200168872,2,9,0,18,0,1,0,0,0,0,3,1,6,1,20,4,998,1,4,4,1,4
2017200168872,3,1,0,18,0,1,0,0,0,0,1,1,6,1,29,6,-1,-1,-1,3,1,3
2017200168875,1,9,0,11,0,8,0,0,0,0,4,1,6,3,30,6,1995,1,10,-1,-1,-1
2017200168875,2,3,0,18,0,8,1,0,0,0,3,1,2,1,23,5,124,1,4,1,1,1
2017200168877,1,98,0,18,0,0,0,0,0,0,1,1,1,1,44,7,-1,-1,-1,10,1,10
2017200168877,2,9,0,4,0,0,0,0,0,0,2,1,1,1,56,9,1598,2,1,10,1,10
2017200168877,3,21,0,4,0,0,0,0,0,0,2,1,1,1,31,6,5880,2,13,4,1,4
2017200168877,4,9,0,4,0,0,0,0,0,0,2,1,1,1,45,7,1796,1,9,7,1,7
2017200168877,5,9,0,4,0,0,0,0,0,0,2,1,5,2,35,6,1368,1,1,3,1,3
2017200168886,1,9,0,18,0,8,0,0,0,0,1,1,6,1,30,6,1995,2,10,6,1,6
2017200168886,2,9,0,9,0,8,0,0,0,0,1,1,6,1,63,9,1197,1,-1,5,1,5
2017200168888,1,9,0,18,0,0,0,0,0,0,2,1,5,1,42,7,1968,2,12,1,1,1
2017200168888,2,2,0,18,0,0,0,0,0,0,0,1,5,1,16,4,49,1,13,1,1,1
2017200168889,1,9,0,8,0,1,0,0,0,0,2,1,6,2,20,4,795,1,14,7,1,7
2017200168889,2,9,0,7,0,1,0,0,0,0,1,1,6,1,46,8,1598,1,14,4,1,4
2017200168926,1,9,0,7,0,1,0,0,0,0,2,1,1,1,36,7,-1,-1,-1,1,1,1
2017200168958,1,9,0,18,0,2,0,0,0,0,1,1,6,1,72,10,1360,1,13,8,1,8
2017200168965,1,9,0,18,0,1,1,10,7,4,1,1,6,1,36,7,2143,2,2,-1,-1,-1
2017200168965,2,9,0,4,0,1,0,0,0,0,0,1,6,2,51,8,1896,2,14,1,1,1
2017200168965,3,9,0,18,0,1,1,10,1,3,2,1,6,3,-1,-1,2993,2,3,1,1,1
2017200168982,1,9,0,9,0,1,0,0,0,0,1,1,6,2,22,5,1598,1,2,-1,-1,-1
2017200168982,2,9,0,12,0,1,0,0,0,0,1,1,6,1,-1,-1,1968,2,1,2,1,2
2017200168985,1,9,0,18,0,1,0,0,0,0,2,1,6,1,24,5,2967,2,3,6,1,6
2017200169002,1,9,0,10,0,5,0,0,0,0,4,1,6,1,56,9,1896,2,9,2,1,2
2017200169002,2,9,0,18,0,8,0,0,0,0,1,1,6,1,23,5,1595,1,10,5,1,5
2017200169080,1,9,0,9,0,2,0,0,0,0,1,1,2,2,28,6,-1,3,2,5,1,5
2017200169084,1,9,0,4,0,1,0,0,0,0,1,1,6,1,82,11,1398,2,13,1,1,1
2017200169084,2,5,0,3,0,1,0,0,0,0,2,1,6,1,50,8,1690,1,-1,3,1,3
2017200169102,1,9,0,18,0,8,0,10,0,0,0,1,6,1,34,6,999,1,1,-1,-1,-1
2017200169102,2,9,0,1,0,6,0,0,0,0,0,1,6,3,-1,-1,-1,-1,-1,-1,-1,-1
2017200169124,1,9,0,6,0,8,0,0,0,0,4,1,6,3,56,9,1598,1,10,-1,1,-1
2017200169124,2,1,0,9,0,8,5,0,0,0,1,1,2,1,33,6,-1,-1,-1,2,1,2
2017200169161,1,9,0,18,0,1,0,0,0,0,1,1,6,1,-1,-1,-1,-1,-1,-1,-1,-1
2017200169161,2,1,0,8,0,1,0,0,0,0,2,1,1,2,39,7,-1,-1,-1,3,1,3
2017200169167,1,9,0,18,0,0,0,0,0,0,1,1,6,1,25,5,1596,1,4,1,1,1
2017200169167,2,9,0,18,0,0,0,0,0,0,2,1,6,3,-1,-1,2143,2,5,5,1,5
2017200169170,1,9,0,5,0,1,0,0,0,0,4,1,1,1,20,4,998,1,1,1,1,1
2017200169170,2,9,-1,-1,-1,-1,-1,-1,-1,0,-1,1,6,3,30,6,1496,1,-1,9,1,9
2017200169190,1,9,0,4,0,0,0,0,0,0,0,1,1,2,42,7,1149,1,1,8,1,8
2017200169221,1,9,0,18,0,2,0,7,7,10,1,1,6,3,-1,-1,1388,1,17,-1,-1,-1
2017200169362,1,9,0,18,0,1,0,0,0,0,1,1,6,3,-1,-1,-1,-1,-1,-1,-1,-1
2017200169362,2,9,0,3,0,1,0,0,0,0,2,1,6,2,42,7,2400,2,9,9,1,9
2017200169364,1,9,0,18,0,0,0,0,0,0,1,1,6,3,30,6,-1,-1,-1,-1,-1,-1
2017200169364,2,9,0,3,0,0,0,0,0,0,2,1,5,2,48,8,999,1,2,3,1,3
2017200169372,1,5,0,18,0,8,0,0,0,0,1,1,6,1,33,6,689,1,-1,10,1,10
2017200169372,2,9,0,9,0,6,0,0,0,0,3,1,6,1,19,4,1995,2,2,2,1,2
2017200169387,1,9,0,7,9,6,0,0,0,0,1,1,2,2,23,5,1398,1,3,2,1,2
2017200169387,2,1,0,18,9,8,0,0,0,0,1,1,5,1,14,3,-1,-1,-1,4,1,4