Accident_Index,Vehicle_Reference,Vehicle_Type,Towing_and_Articulation,Vehicle_Manoeuvre,Vehicle_Location-Restricted_Lane,Junction_Location,Skidding_and_Overturning,Hit_Object_in_Carriageway,Vehicle_Leaving_Carriageway,Hit_Object_off_Carriageway,1st_Point_of_Impact,Was_Vehicle_Left_Hand_Drive?,Journey_Purpose_of_Driver,Sex_of_Driver,Age_of_Driver,Age_Band_of_Driver,Engine_Capacity_(CC),Propulsion_Code,Age_of_Vehicle,Driver_IMD_Decile,Driver_Home_Area_Type,Vehicle_IMD_Decile
2017200172580,1,9,0,7,0,2,0,0,0,0,1,1,6,3,-1,-1,1968,2,10,-1,-1,-1
2017200172580,2,9,0,10,0,1,0,0,0,0,1,1,6,1,43,7,1956,2,3,8,1,8
2017200172580,3,9,0,7,0,2,0,0,0,0,1,1,6,1,26,6,1968,2,5,1,1,1
2017200172593,1,9,0,1,0,2,0,0,0,0,2,1,6,1,-1,-1,2231,2,10,3,1,3
2017200172604,1,9,0,18,0,8,0,0,0,0,1,1,6,3,-1,-1,1587,1,12,-1,-1,-1
2017200172604,2,9,0,10,0,8,0,0,0,0,2,1,6,2,33,6,1598,2,4,6,1,6
2017200172607,1,9,0,18,0,0,1,0,0,0,3,1,6,3,-1,-1,1994,2,13,-1,-1,-1
2017200172607,2,9,0,18,0,0,0,0,0,0,3,1,2,1,55,8,1998,1,16,4,1,4
2017200172639,1,9,0,18,0,4,0,0,0,0,1,1,2,3,77,11,3456,8,6,5,1,5
2017200172639,2,9,0,9,0,3,0,0,0,0,4,1,6,2,33,6,1388,1,13,2,1,2
2017200172656,1,9,0,18,0,4,0,0,0,0,1,1,2,1,55,8,-1,-1,-1,1,1,1
2017200172656,2,9,0,18,0,8,0,0,0,0,4,1,2,2,29,6,1124,1,10,1,1,1
2017200172671,1,9,0,13,0,0,0,10,1,0,1,1,6,3,-1,-1,2143,2,3,-1,-1,-1
2017200172671,2,9,0,18,0,0,0,0,0,0,3,1,6,2,21,5,1896,2,8,1,1,1
2017200172671,3,9,0,2,9,0,0,0,0,0,1,1,6,1,40,7,2979,1,16,10,1,10
2017200172671,4,9,0,2,9,0,0,0,0,0,2,1,6,1,38,7,1461,2,4,2,1,2
2017200172682,1,9,0,18,0,0,0,10,1,10,1,1,6,1,20,4,1461,2,11,3,1,3
2017200172686,1,9,0,18,0,0,0,0,0,0,4,1,6,3,-1,-1,-1,-1,-1,-1,-1,-1
2017200172711,1,9,0,18,0,0,1,0,1,4,3,1,1,1,27,6,1229,1,6,4,1,4
2017200172741,1,9,0,1,9,6,0,0,0,0,2,1,6,2,-1,-1,1753,2,10,2,1,2
2017200172757,1,9,0,18,0,8,0,0,0,0,2,1,6,1,23,5,1560,2,3,10,1,10
2017200172757,2,8,0,18,0,8,0,0,0,0,1,1,1,1,43,7,2664,2,17,2,1,2
2017200172768,1,5,0,15,0,1,0,4,0,0,1,1,6,1,25,5,599,1,4,4,1,4
2017200172768,2,9,0,4,0,1,0,0,0,0,2,1,6,1,43,7,1896,2,18,1,1,1
2017200172768,3,9,0,2,0,2,0,0,0,0,2,1,6,2,44,7,1956,2,4,10,1,10
2017200172794,1,19,0,3,0,8,0,0,0,0,1,1,2,1,20,4,1560,2,1,3,1,3
2017200172794,2,1,0,17,0,8,0,0,0,0,1,1,6,1,18,4,-1,-1,-1,-1,-1,-1
2017200172803,1,9,0,18,0,0,1,10,6,2,1,1,6,1,-1,-1,1995,2,8,-1,-1,-1
2017200172803,2,9,0,18,0,0,0,0,0,0,3,1,6,2,55,8,1422,2,8,4,1,4
2017200172803,3,9,0,18,0,0,0,0,0,0,3,1,6,1,32,6,1968,2,5,3,1,3
2017200172807,1,9,0,15,0,3,0,0,0,0,1,1,6,1,22,5,2143,2,3,-1,-1,-1
2017200172807,2,9,0,7,0,3,0,0,0,0,2,1,6,1,31,6,1598,2,1,1,1,1
2017200172814,1,9,0,18,0,4,0,0,0,0,1,1,6,1,31,6,1587,1,11,1,1,1
2017200172814,2,9,0,18,0,8,0,0,0,0,4,1,6,2,19,4,973,1,16,8,1,8
2017200172814,3,9,0,18,0,1,0,0,0,0,0,1,6,1,-1,-1,-1,-1,-1,2,1,2
2017200172836,1,9,0,18,0,8,0,4,0,0,1,1,6,1,20,4,-1,-1,-1,8,1,8
2017200172836,2,9,0,18,0,8,0,4,0,0,1,1,6,1,29,6,1988,1,14,2,1,2
2017200172836,3,9,0,2,0,8,0,0,0,0,3,1,6,1,30,6,1560,2,11,2,1,2
2017200172836,4,9,0,2,0,8,0,0,0,0,3,1,6,1,30,6,1796,1,6,2,1,2
2017200172839,1,9,0,9,0,5,0,10,0,0,4,1,3,2,28,6,1796,1,10,3,1,3
2017200172839,2,9,0,7,0,8,0,0,0,0,1,1,3,2,31,6,1988,1,14,4,1,4
2017200172892,1,9,0,16,0,4,0,0,0,0,1,1,6,3,-1,-1,-1,-1,-1,-1,-1,-1
2017200172892,2,9,0,5,0,4,0,0,0,0,2,1,1,1,43,7,2143,2,4,10,1,10
2017200172913,1,19,0,1,0,0,0,0,0,0,2,1,1,1,-1,-1,1560,2,1,-1,-1,-1
2017200172982,1,98,0,18,0,0,0,0,0,0,1,1,6,3,-1,-1,-1,-1,-1,-1,-1,-1
2017200173002,1,9,0,18,0,2,0,4,0,0,1,1,6,1,-1,-1,1686,2,7,-1,-1,-1
2017200173002,2,9,0,2,0,2,0,0,0,0,3,1,6,3,-1,-1,1242,1,6,-1,-1,-1
2017200173002,3,9,0,2,0,2,0,0,0,0,2,1,6,3,-1,-1,1998,2,9,-1,-1,-1
2017200173002,4,9,0,2,0,2,0,0,0,0,3,1,6,3,-1,-1,1598,2,4,-1,-1,-1
2017200173002,5,9,0,2,0,2,0,10,1,10,3,1,6,3,-1,-1,-1,-1,-1,-1,-1,-1
2017200173002,6,9,0,2,0,2,0,0,0,0,4,1,6,3,-1,-1,1461,2,-1,5,1,5
2017200173031,1,9,0,18,0,0,0,0,0,0,1,1,2,2,46,8,1242,1,1,2,1,2
2017200173031,2,1,0,18,0,0,0,0,0,0,3,1,6,2,14,3,-1,-1,-1,-1,-1,-1
2017200173033,1,9,0,18,0,0,0,0,0,0,1,1,6,1,-1,-1,1968,2,2,-1,-1,-1
2017200173033,2,9,0,6,0,0,0,0,0,0,3,1,6,2,25,5,1248,2,8,4,1,4
2017200173045,1,9,0,18,0,0,0,0,0,0,2,1,6,1,58,9,2180,2,18,1,1,1
2017200173045,2,19,0,13,0,0,0,0,0,0,1,1,6,1,-1,-1,2400,2,14,1,1,1
2017200173054,1,9,0,18,0,8,0,0,0,0,1,1,6,1,63,9,-1,-1,-1,2,1,2
2017200173054,2,9,0,9,0,8,0,0,0,0,4,1,6,3,30,6,1896,2,10,6,1,6
2017200173059,1,9,0,18,0,0,0,0,0,0,2,1,6,1,20,4,1229,1,3,3,1,3
2017200173059,2,9,0,13,0,0,0,0,0,0,1,1,6,3,20,4,1396,1,18,1,1,1
2017200173068,1,9,0,18,0,0,0,0,0,0,1,1,6,3,-1,-1,1596,1,10,-1,-1,-1
2017200173068,2,11,0,18,0,0,0,0,0,0,1,1,1,1,21,5,8268,2,13,1,1,1
2017200173075,1,9,0,18,0,1,0,0,0,0,2,1,6,3,20,4,-1,-1,-1,-1,-1,-1
2017200173075,2,9,0,3,0,1,0,0,0,0,2,1,1,1,56,9,-1,-1,-1,1,1,1
2017200173083,1,19,0,9,0,8,0,0,0,0,4,1,1,2,51,8,1399,2,6,4,1,4
2017200173083,2,9,0,5,0,4,0,0,0,0,1,1,1,2,-1,-1,1299,1,11,-1,-1,-1
2017200173084,1,9,0,3,0,1,0,0,0,0,2,1,6,2,54,8,1560,2,3,5,1,5
2017200173084,2,9,0,18,0,1,0,0,0,0,1,1,6,3,-1,-1,1998,1,10,8,1,8
2017200173096,1,9,0,18,0,0,0,0,0,0,4,1,2,1,45,7,1598,1,10,1,1,1
2017200173100,1,9,0,9,0,6,0,0,0,0,1,1,6,1,31,6,1560,2,2,5,1,5
2017200173100,2,3,0,18,0,8,0,0,0,0,1,1,2,1,37,7,124,1,3,2,1,2
2017200173111,1,8,0,5,0,0,0,0,0,0,2,1,1,3,-1,-1,-1,-1,-1,-1,-1,-1
2017200173332,1,9,0,12,0,0,0,7,4,0,3,1,6,1,-1,-1,1242,1,12,8,2,8
2017200173332,2,3,0,18,0,0,0,0,0,0,4,1,6,1,30,6,124,1,1,1,1,1
2017200173345,1,9,0,8,0,1,0,0,0,0,1,1,6,2,26,6,998,1,7,3,1,3
2017200173345,2,9,0,1,0,2,0,0,0,0,2,1,6,2,-1,-1,1956,2,6,4,1,4
2017200173351,1,9,0,5,0,8,0,0,0,0,1,1,6,2,41,7,1794,1,12,2,1,2
2017200173351,2,9,0,18,0,8,0,0,0,0,4,1,6,1,60,9,1560,2,1,-1,-1,-1
2017200173360,1,9,0,6,0,0,0,0,0,0,1,1,1,1,49,8,1910,2,9,1,1,1
2017200173360,2,3,0,18,0,0,0,0,0,0,1,1,6,1,72,10,85,1,16,8,1,8
2017200173362,1,9,0,5,0,0,0,0,0,0,1,1,6,1,48,8,5439,1,13,2,1,2
2017200173368,1,9,0,18,0,1,0,0,0,0,1,1,6,1,-1,-1,-1,-1,-1,-1,-1,-1
2017200173368,2,9,0,3,0,1,0,0,0,0,2,1,3,1,41,7,1968,2,6,2,1,2
2017200173403,1,19,0,4,0,0,0,0,0,0,1,1,2,1,47,8,2198,2,6,-1,-1,-1
2017200173403,2,9,0,3,0,0,0,0,0,0,2,1,2,1,46,8,2143,2,3,9,3,9
2017200173403,3,9,0,3,0,0,0,0,0,0,2,1,2,1,36,7,1598,2,7,3,1,3
2017200173408,1,9,0,17,0,0,0,0,0,0,3,1,6,1,32,6,1582,2,4,2,1,2
2017200173408,2,9,0,16,0,0,0,0,0,0,3,1,6,1,45,7,1242,1,11,2,1,2
2017200173411,1,9,0,18,0,2,0,0,0,0,1,1,6,3,-1,-1,-1,-1,-1,-1,-1,-1
2017200173411,2,9,0,3,0,2,0,0,0,0,2,1,1,2,24,5,1395,1,-1,3,1,3
2017200173420,1,9,0,7,0,6,0,0,0,0,1,1,6,1,-1,-1,1390,1,16,-1,-1,-1
2017200173420,2,9,0,7,0,6,0,0,0,0,2,1,6,2,55,8,-1,-1,-1,1,1,1
2017200173444,1,9,0,3,0,8,0,0,0,0,2,1,2,1,-1,-1,2993,2,8,-1,-1,-1
2017200173444,2,9,0,18,0,8,0,0,0,0,1,1,6,3,-1,-1,-1,-1,-1,-1,-1,-1
2017200173446,1,9,0,4,0,1,0,0,0,0,1,1,2,1,24,5,1995,2,4,1,1,1
2017200173446,2,9,0,3,0,1,0,7,0,0,2,1,2,1,52,8,998,1,8,2,1,2
2017200173454,1,9,0,18,0,0,0,0,0,0,3,1,6,1,-1,-1,1497,1,15,-1,-1,-1
2017200173473,1,9,0,18,0,0,0,10,1,4,1,1,6,2,22,5,1598,1,13,1,1,1
2017200173497,1,9,0,18,0,0,0,0,0,0,1,1,6,3,-1,-1,-1,-1,-1,-1,-1,-1
2017200173497,2,5,0,18,0,0,0,0,4,0,3,1,6,1,31,6,806,1,3,6,1,6
2017200173575,1,9,0,18,0,1,0,0,0,0,1,1,6,1,35,6,2179,2,16,-1,-1,-1
2017200173575,2,9,0,4,0,1,0,0,0,0,2,1,1,1,43,7,1997,7,15,1,1,1
2017200173576,1,9,0,9,0,5,0,0,0,0,3,1,6,1,29,6,-1,-1,-1,3,1,3
2017200173576,2,2,0,13,0,8,0,0,0,0,1,1,1,1,57,9,49,1,17,4,1,4
2017200173600,1,9,0,5,0,1,0,0,0,0,1,1,1,1,42,7,2179,2,3,-1,-1,-1
2017200173622,1,9,0,18,0,8,0,0,0,0,4,1,6,1,42,7,2204,2,11,5,1,5
2017200173622,2,9,0,5,0,6,0,0,0,0,1,1,6,2,52,8,1198,1,9,9,1,9
2017200173627,1,9,0,3,0,1,0,0,0,0,2,1,6,2,33,6,1598,1,7,7,1,7
2017200173627,2,9,0,18,0,7,1,0,0,0,1,1,6,3,30,6,1498,1,1,-1,-1,-1
2017200173652,1,9,0,18,0,0,0,0,0,0,1,1,1,1,25,5,-1,-1,-1,1,1,1
2017200173652,2,9,0,3,0,0,0,0,0,0,2,1,6,1,54,8,1595,1,11,5,1,5
2017200173652,3,9,0,3,0,0,0,0,0,0,2,1,6,1,48,8,1461,2,4,6,2,6
2017200173652,4,9,0,3,0,0,0,0,0,0,2,1,6,2,31,6,1598,1,13,2,1,2
2017200173669,1,9,0,18,0,8,0,0,0,0,1,1,6,2,34,6,2143,2,-1,4,1,4
2017200173669,2,98,0,9,0,8,0,0,0,0,4,1,1,1,70,10,-1,-1,-1,1,1,1
2017200173682,1,9,0,3,0,0,0,0,0,0,2,1,5,2,27,6,999,1,3,1,1,1
2017200173682,2,9,0,18,0,0,0,0,0,0,1,1,3,2,30,6,1598,2,5,-1,-1,-1
2017200173700,1,9,0,5,0,6,0,0,0,0,1,1,6,1,59,9,1998,1,14,6,1,6
2017200173700,2,9,0,18,0,8,2,10,1,10,1,1,6,2,56,9,998,1,3,2,1,2
2017200173743,1,9,0,18,0,1,0,0,0,0,1,1,6,1,38,7,2688,2,13,3,1,3
2017200173743,2,9,0,3,0,1,0,0,0,0,2,1,2,1,42,7,1997,2,14,5,1,5
2017200173744,1,9,0,9,0,5,0,0,0,0,1,1,6,3,-1,-1,-1,-1,-1,-1,-1,-1
2017200173744,2,1,0,18,0,8,0,0,0,0,1,1,6,1,41,7,-1,-1,-1,3,1,3
2017200173758,1,9,0,4,0,1,0,0,0,0,2,1,6,3,-1,-1,1242,1,17,-1,-1,-1
2017200173758,2,9,0,4,0,1,0,0,0,0,3,1,6,2,24,5,1461,2,4,2,1,2
2017200173772,1,8,0,18,0,0,0,0,0,0,0,1,1,1,45,7,1997,2,9,3,1,3
2017200173792,1,3,0,14,0,1,5,0,0,0,0,1,6,3,-1,-1,125,1,2,-1,-1,-1
2017200173792,2,9,0,18,0,2,0,0,0,0,0,1,1,1,40,7,1598,2,5,1,1,1
2017200173796,1,9,0,11,0,0,0,0,0,0,0,1,5,1,54,8,1296,1,11,-1,3,-1
2017200173796,2,97,0,11,0,0,1,0,0,0,3,1,5,1,27,6,-1,-1,-1,3,1,3
2017200173798,1,9,0,18,0,1,0,0,0,0,3,1,1,1,39,7,2000,2,12,-1,-1,-1
2017200173798,2,9,0,18,0,1,1,0,0,0,1,1,5,1,35,6,1598,1,11,1,1,1
2017200173803,1,9,0,1,9,0,0,0,0,0,2,1,6,1,45,7,1796,1,14,3,1,3
2017200173824,1,3,0,18,0,1,2,10,7,0,1,1,6,1,15,3,-1,-1,-1,3,1,3
2017200173824,2,9,0,4,0,2,0,0,0,0,0,1,1,1,-1,-1,1956,2,2,-1,-1,-1
2017200173837,1,9,0,7,0,6,0,0,0,0,4,1,6,1,-1,-1,1560,2,11,2,1,2
2017200173837,2,1,0,17,0,2,0,0,0,0,4,1,6,2,49,8,-1,-1,-1,3,1,3
2017200173842,1,9,0,9,0,5,0,0,0,0,1,1,6,3,-1,-1,1198,1,14,-1,-1,-1
2017200173842,2,1,0,18,0,8,0,0,0,0,1,1,2,1,39,7,-1,-1,-1,-1,-1,-1
2017200173885,1,9,0,18,2,0,0,0,0,0,0,1,6,3,-1,-1,-1,-1,-1,-1,-1,-1
2017200173894,1,9,0,9,0,5,0,0,0,0,1,1,6,2,30,6,-1,-1,-1,-1,-1,-1
2017200173894,2,1,0,18,0,8,5,0,0,0,3,1,2,1,37,7,-1,-1,-1,4,1,4
2017200173905,1,9,0,9,0,6,0,0,0,0,1,1,6,2,51,8,1390,1,7,4,1,4
2017200173905,2,9,0,18,0,8,0,0,0,0,4,1,1,1,42,7,1248,2,3,-1,-1,-1
2017200173936,1,9,0,18,0,1,0,0,0,0,1,1,5,3,30,6,1199,1,16,1,1,1
2017200173936,2,9,0,3,0,1,0,0,0,0,2,1,6,1,40,7,1560,2,7,1,1,1
2017200173948,1,9,0,3,0,1,0,0,0,0,2,1,6,1,30,6,1596,1,5,2,1,2
2017200173948,2,9,0,18,0,1,0,0,0,0,1,1,6,1,-1,-1,1398,1,4,-1,-1,-1
2017200173950,1,9,0,18,0,0,0,0,0,0,3,1,6,1,33,6,1796,1,12,1,1,1
2017200173950,2,9,0,18,0,0,0,0,0,0,4,1,6,1,-1,-1,-1,-1,-1,-1,-1,-1
2017200173974,1,9,0,8,0,1,0,0,0,0,2,1,2,1,48,8,-1,-1,-1,4,1,4
2017200173974,2,20,4,7,0,1,1,0,0,0,1,1,6,3,-1,-1,4250,2,18,-1,-1,-1
2017200173990,1,9,0,1,0,0,0,0,0,0,2,1,6,3,-1,-1,-1,-1,-1,-1,-1,-1
2017200173990,2,9,0,3,0,0,0,0,0,0,1,1,6,1,49,8,1910,2,12,2,1,2
2017200173999,1,9,0,1,0,1,1,10,7,0,1,1,6,3,53,8,2720,2,12,7,1,7
2017200173999,2,9,0,2,9,2,0,0,0,0,1,1,6,3,-1,-1,1995,2,13,-1,-1,-1
2017200173999,3,9,0,2,9,2,0,0,0,0,2,1,6,3,-1,-1,1399,2,15,-1,-1,-1
2017200174014,1,9,0,3,0,0,0,0,0,0,2,1,1,1,58,9,1796,1,9,1,1,1
2017200174014,2,9,0,18,0,0,0,0,0,0,1,1,1,3,29,6,1498,1,9,-1,-1,-1
2017200174037,1,9,0,18,0,0,0,0,0,0,0,1,1,1,-1,-1,1896,2,10,2,1,2
2017200174067,1,9,0,1,6,0,0,0,0,0,2,1,6,3,-1,-1,-1,-1,-1,-1,-1,-1
2017200174067,2,9,0,2,6,0,0,0,0,0,2,1,6,1,28,6,1560,2,10,4,1,4
2017200174082,1,9,0,9,0,6,0,0,0,0,3,1,1,1,32,6,1998,2,10,1,1,1
2017200174082,2,9,0,18,0,8,0,0,0,0,1,1,2,1,23,5,1390,1,15,1,1,1
2017200174086,1,22,0,18,9,0,0,0,0,0,1,1,6,3,60,9,-1,-1,-1,-1,-1,-1
2017200174092,1,9,0,7,0,1,0,0,0,0,4,1,6,1,-1,-1,-1,-1,-1,-1,-1,-1
2017200174092,2,1,0,18,0,1,0,0,0,0,1,1,2,2,57,9,-1,-1,-1,3,1,3
2017200174111,1,9,0,18,0,6,0,0,0,0,1,1,6,1,18,4,1198,1,11,3,1,3
2017200174111,2,9,0,18,0,8,5,0,0,0,4,1,6,1,42,7,1984,2,8,1,1,1
2017200174138,1,9,0,18,0,8,0,0,0,0,1,1,6,1,49,8,1396,1,14,1,1,1
2017200174138,2,9,0,10,0,8,0,0,0,0,2,1,6,2,62,9,1388,1,12,1,1,1
2017200174144,1,9,0,18,0,0,0,4,0,0,1,1,6,2,39,7,1598,1,16,5,2,5
2017200174144,2,9,0,2,0,0,0,0,0,0,2,1,6,1,51,8,1396,1,14,1,1,1
2017200174149,1,9,0,9,0,4,0,0,0,0,1,1,6,3,40,7,-1,-1,-1,-1,-1,-1
2017200174149,2,1,0,18,0,4,0,0,0,0,3,1,1,1,50,8,-1,-1,-1,4,1,4
2017200174184,1,9,0,9,0,5,0,0,0,0,4,1,6,1,68,10,-1,-1,-1,-1,-1,-1
2017200174184,2,3,0,18,0,8,0,0,0,0,1,1,6,1,17,4,124,1,2,5,1,5
2017200174193,1,9,0,15,0,8,0,10,0,0,1,1,2,1,60,9,1997,2,7,4,1,4
2017200174193,2,9,0,3,0,1,0,0,0,0,1,1,6,1,25,5,-1,-1,-1,5,1,5
2017200174195,1,9,0,18,0,0,0,0,0,0,1,1,6,1,47,8,1395,1,1,2,1,2
2017200174195,2,1,0,18,0,0,0,0,0,0,1,1,6,1,19,4,-1,-1,-1,2,1,2
2017200174220,1,9,0,1,0,6,0,0,0,0,1,1,6,2,33,6,1598,1,12,2,1,2
2017200174220,2,5,0,18,0,8,0,0,0,0,2,1,6,1,30,6,988,1,13,2,1,2
2017200174223,1,9,0,9,0,5,0,0,0,0,1,1,6,3,-1,-1,-1,-1,-1,-1,-1,-1
2017200174246,1,9,0,18,0,0,1,10,7,4,1,1,6,3,-1,-1,999,1,16,-1,-1,-1
2017200174246,2,1,0,18,0,0,0,0,0,0,4,1,6,1,40,7,-1,-1,-1,-1,-1,-1
2017200174251,1,9,0,4,0,0,0,0,0,0,2,1,6,1,88,11,1086,1,11,1,1,1
2017200174251,2,9,0,4,0,0,0,0,0,0,1,1,6,2,47,8,1242,1,4,5,1,5
2017200174253,1,9,0,13,0,8,0,10,7,11,4,1,6,1,33,6,1248,2,10,1,1,1
2017200174253,2,9,0,9,0,8,0,10,7,11,3,1,6,2,20,4,998,1,5,5,1,5
2017200174256,1,9,0,5,9,8,0,0,0,0,0,1,6,1,46,8,1769,1,13,-1,-1,-1
2017200174302,1,9,0,5,0,6,0,0,0,0,1,1,1,1,21,5,1242,1,14,5,1,5
2017200174302,2,9,0,18,0,8,5,0,0,0,4,1,1,2,24,5,1197,1,-1,9,1,9
2017200174315,1,11,0,18,2,0,0,0,0,0,1,1,1,1,52,8,8268,2,13,-1,-1,-1
2017200174335,1,9,0,9,0,5,0,0,0,0,1,1,6,3,-1,-1,-1,-1,-1,-1,-1,-1
2017200174379,1,9,0,16,0,0,0,10,2,3,1,1,6,3,-1,-1,1988,1,14,-1,-1,-1
2017200174392,1,1,0,18,0,0,0,0,0,0,3,1,5,1,47,8,-1,-1,-1,5,1,5
2017200174392,2,9,0,13,0,0,0,0,0,0,4,1,5,3,20,4,973,1,16,1,1,1
2017200174473,1,98,0,18,0,8,0,0,0,0,3,1,1,1,54,8,-1,-1,-1,-1,-1,-1
2017200174473,2,9,0,9,0,8,5,0,0,0,4,1,6,1,47,8,1339,1,13,3,1,3
2017200174510,1,9,0,15,2,8,0,0,0,0,1,1,2,1,19,4,1329,1,2,6,1,6
2017200174510,2,9,0,9,0,5,0,0,0,0,4,1,3,1,41,7,1896,2,11,1,1,1
2017200174510,3,9,0,8,0,1,0,0,0,0,2,1,3,2,38,7,1995,2,7,5,1,5
2017200174597,1,9,0,18,0,6,0,10,7,11,1,1,6,2,35,6,1360,1,14,1,1,1
2017200174597,2,9,0,18,0,8,0,0,0,0,3,1,6,2,34,6,1598,2,7,8,1,8
2017200174606,1,9,0,18,0,8,1,0,0,0,1,1,6,1,18,4,998,1,3,2,1,2
2017200174606,2,1,0,18,0,6,0,0,0,0,2,1,6,1,15,3,-1,-1,-1,9,1,9
2017200174653,1,9,0,18,0,0,0,0,0,0,1,1,6,3,-1,-1,-1,-1,-1,-1,-1,-1
2017200174654,1,9,0,18,0,0,0,0,0,0,1,1,6,1,31,6,1499,1,1,2,1,2
2017200174660,1,9,0,9,0,1,0,0,0,0,1,1,2,1,31,6,-1,-1,-1,3,1,3
2017200174666,1,-1,-1,18,0,2,0,0,0,0,1,1,6,3,-1,-1,-1,-1,-1,-1,-1,-1
2017200174676,1,9,0,16,0,8,0,10,7,11,1,1,6,1,19,4,2979,1,2,6,1,6
2017200174676,2,9,0,16,0,8,0,0,0,0,0,1,1,1,-1,-1,2993,2,1,-1,-1,-1
2017200174677,1,9,0,9,0,6,0,0,0,0,1,1,6,1,-1,-1,2360,7,9,1,1,1
2017200174677,2,19,0,18,0,8,0,0,0,0,4,1,1,1,49,8,1248,2,3,5,1,5
2017200174695,1,9,0,18,0,0,0,0,0,0,0,1,6,2,20,4,1364,1,13,1,1,1
2017200174703,1,9,0,1,0,2,0,0,0,0,2,1,6,1,18,4,1229,1,6,5,1,5
2017200174703,2,9,0,4,0,1,0,0,0,0,1,1,6,1,71,10,1396,1,22,5,1,5
2017200174703,3,9,0,18,0,2,0,0,0,0,0,1,1,1,51,8,2993,2,4,-1,-1,-1
2017200174714,1,9,0,9,0,6,0,0,0,0,0,1,6,3,-1,-1,-1,-1,-1,-1,-1,-1
2017200174714,2,9,0,17,0,8,1,10,7,10,2,1,6,2,31,6,998,1,6,4,1,4
2017200174728,1,21,1,18,0,0,0,0,0,0,1,1,1,1,60,9,12900,2,6,1,1,1
2017200174728,2,9,0,3,0,0,0,10,1,1,2,1,6,2,67,10,1242,1,2,8,3,8
2017200174763,1,9,0,18,0,0,0,0,0,0,1,1,6,3,-1,-1,-1,-1,-1,-1,-1,-1
2017200174788,1,9,0,18,0,2,0,0,0,0,1,1,6,3,-1,-1,1598,1,15,-1,-1,-1
2017200174788,2,9,0,3,0,2,0,0,0,0,2,1,6,2,43,7,1229,1,7,2,1,2
2017200174788,3,9,0,3,0,2,0,0,0,0,2,1,6,1,21,5,1968,2,11,2,1,2
2017200174788,4,9,0,3,0,2,0,0,0,0,2,1,6,3,-1,-1,-1,-1,-1,-1,-1,-1
2017200174797,1,9,0,9,0,5,0,0,0,0,1,1,6,1,32,6,1560,2,4,1,1,1
2017200174797,2,1,0,18,0,8,0,0,0,0,3,1,6,2,21,5,-1,-1,-1,5,1,5
2017200174839,1,9,0,18,0,0,0,0,0,0,1,1,5,1,29,6,2143,2,8,3,1,3
2017200174842,1,9,0,5,0,8,0,0,0,0,1,1,6,2,33,6,1997,2,13,1,1,1
2017200174842,2,9,0,18,0,8,1,0,0,0,1,1,6,1,47,8,1560,2,8,2,1,2
2017200174855,1,9,0,1,0,0,0,0,0,0,2,1,6,1,23,5,2993,2,3,-1,-1,-1
2017200174855,2,9,0,17,0,0,0,0,0,0,1,1,6,1,20,4,-1,-1,-1,-1,-1,-1
2017200174889,1,9,0,18,0,0,0,0,0,0,4,1,6,3,20,4,-1,-1,-1,-1,-1,-1
2017200174910,1,9,0,16,0,0,2,0,7,11,1,1,6,1,36,7,1997,2,6,-1,-1,-1
2017200174960,1,9,0,18,0,8,0,4,0,0,1,1,6,1,19,4,2435,1,16,3,1,3
2017200174960,2,9,0,7,0,6,0,0,0,0,3,1,6,2,32,6,1299,1,17,1,1,1
2017200174960,3,9,0,18,0,8,0,0,0,0,1,1,6,1,58,9,2967,2,11,1,1,1
2017200174960,4,9,0,2,0,2,0,0,0,0,3,1,6,3,-1,-1,1388,1,12,-1,-1,-1
2017200174960,5,9,0,18,0,1,0,0,0,0,2,1,6,3,-1,-1,2993,2,3,1,1,1
2017200174966,1,9,0,5,0,4,0,0,0,0,1,1,2,1,19,4,-1,-1,-1,5,1,5
2017200174966,2,3,0,18,0,3,0,0,0,0,1,1,2,1,26,6,124,1,7,3,1,3
2017200174987,1,97,0,13,0,2,0,0,0,0,3,1,6,1,20,4,-1,-1,-1,1,1,1
2017200174987,2,9,0,18,0,2,0,0,0,0,3,1,1,1,21,5,2000,2,7,5,1,5
2017200175030,1,9,0,18,0,6,1,10,1,11,1,1,5,1,45,7,1995,1,11,3,1,3
2017200175030,2,9,0,18,0,8,0,0,0,0,1,1,5,1,44,7,-1,-1,-1,4,1,4
2017200175043,1,9,0,18,0,1,0,0,0,0,4,1,6,1,24,5,1598,2,1,8,1,8
2017200175054,1,9,0,18,0,0,0,0,0,0,1,1,6,3,-1,-1,-1,-1,-1,-1,-1,-1
2017200175139,1,9,0,18,0,0,0,10,1,5,4,1,6,1,30,6,2993,2,1,7,1,7
2017200175143,1,9,0,9,0,6,0,0,0,0,1,1,6,1,20,4,1598,1,16,3,1,3
2017200175143,2,9,0,18,0,8,0,0,0,0,4,1,6,1,-1,-1,1398,1,1,-1,-1,-1
2017200175148,1,1,0,18,0,0,0,0,0,0,2,1,6,1,18,4,-1,-1,-1,8,1,8
2017200175148,2,9,0,18,0,0,0,0,0,0,1,1,6,1,21,5,998,1,4,3,1,3
2017200175155,1,11,0,3,0,1,0,0,0,0,0,1,1,1,38,7,8268,2,14,9,1,9
2017200175163,1,9,0,18,0,6,0,4,0,0,3,1,6,1,-1,-1,1240,1,13,-1,-1,-1
2017200175163,2,9,0,18,0,8,0,0,0,0,4,1,6,1,30,6,1363,2,15,1,1,1
2017200175163,3,9,0,2,0,8,0,0,0,0,1,1,6,3,-1,-1,-1,-1,-1,-1,-1,-1