Accident_Index,Vehicle_Reference,Vehicle_Type,Towing_and_Articulation,Vehicle_Manoeuvre,Vehicle_Location-Restricted_Lane,Junction_Location,Skidding_and_Overturning,Hit_Object_in_Carriageway,Vehicle_Leaving_Carriageway,Hit_Object_off_Carriageway,1st_Point_of_Impact,Was_Vehicle_Left_Hand_Drive?,Journey_Purpose_of_Driver,Sex_of_Driver,Age_of_Driver,Age_Band_of_Driver,Engine_Capacity_(CC),Propulsion_Code,Age_of_Vehicle,Driver_IMD_Decile,Driver_Home_Area_Type,Vehicle_IMD_Decile
2017200175163,4,19,0,2,0,8,0,0,0,0,3,1,6,3,-1,-1,1248,2,12,-1,-1,-1
2017200175163,5,9,0,2,0,1,0,0,0,0,4,1,6,1,47,8,1900,2,12,1,1,1
2017200175168,1,9,0,18,0,8,0,0,0,0,1,1,6,3,-1,-1,-1,-1,-1,-1,-1,-1
2017200175168,2,9,0,4,0,8,0,0,0,0,2,1,6,2,29,6,1149,1,10,5,1,5
2017200175172,1,9,0,7,0,6,0,0,0,0,1,1,6,1,72,10,-1,-1,-1,2,1,2
2017200175172,2,9,0,3,0,8,0,0,0,0,4,1,6,1,58,9,2987,2,6,7,1,7
2017200175183,1,9,0,17,0,0,0,10,1,4,1,1,6,1,-1,-1,1968,2,10,3,1,3
2017200175196,1,9,0,5,0,2,0,0,0,0,1,1,6,3,-1,-1,-1,-1,-1,-1,-1,-1
2017200175207,1,9,0,18,0,0,0,0,0,0,1,1,6,1,32,6,1686,2,6,-1,-1,-1
2017200175207,2,9,0,3,0,0,0,0,0,0,2,1,6,2,21,5,1242,1,-1,4,1,4
2017200175207,3,9,0,3,0,0,0,0,0,0,2,1,6,3,-1,-1,1198,1,12,-1,-1,-1
2017200175234,1,9,0,16,0,0,5,10,8,4,1,1,6,1,33,6,1798,1,13,-1,-1,-1
2017200175251,1,9,0,5,0,3,0,0,0,0,3,1,1,1,90,11,1242,1,5,6,1,6
2017200175260,1,19,0,18,0,1,0,0,0,0,1,1,2,1,75,10,2496,2,20,-1,-1,-1
2017200175268,1,9,0,18,0,0,0,0,0,0,1,1,6,3,-1,-1,1910,2,9,-1,-1,-1
2017200175268,2,9,0,4,0,0,0,0,0,0,2,1,6,1,59,9,1299,1,13,3,1,3
2017200175316,1,9,0,8,0,1,0,0,0,0,1,1,6,3,-1,-1,3500,1,11,-1,-1,-1
2017200175316,2,9,0,1,0,2,0,0,0,0,2,1,6,2,22,5,1796,1,12,2,1,2
2017200175341,1,9,0,9,0,2,0,0,0,0,3,1,1,3,-1,-1,2000,2,12,-1,-1,-1
2017200175341,2,19,0,3,0,1,0,0,0,0,3,1,6,1,44,7,2402,2,10,2,1,2
2017200175360,1,9,0,18,0,1,0,0,0,0,1,1,6,1,28,6,1396,1,14,-1,-1,-1
2017200175360,2,21,0,9,0,1,0,0,0,0,2,1,1,1,32,6,6370,2,7,5,1,5
2017200175432,1,9,0,18,0,8,0,0,0,0,1,1,5,1,32,6,2993,2,10,1,1,1
2017200175432,2,9,0,9,0,5,0,0,0,0,1,1,5,1,46,8,1397,1,16,1,1,1
2017200175436,1,11,0,18,0,0,0,0,0,0,0,1,1,3,-1,-1,8268,2,13,-1,-1,-1
2017200175470,1,9,0,18,0,8,0,7,0,0,1,1,6,1,32,6,2143,2,5,4,1,4
2017200175470,2,9,0,18,0,8,0,10,8,10,1,1,6,1,38,7,1198,1,8,1,1,1
2017200175488,1,9,0,1,0,6,0,0,0,0,2,1,6,1,-1,-1,2000,1,11,1,1,1
2017200175488,2,9,0,18,0,8,0,0,0,0,4,1,6,2,32,6,1339,1,11,1,1,1
2017200175498,1,8,0,9,0,8,0,0,0,0,4,1,1,1,40,7,1995,2,10,1,1,1
2017200175498,2,1,0,17,0,8,0,0,0,0,1,1,6,2,21,5,-1,-1,-1,5,1,5
2017200175508,1,9,0,9,0,5,0,0,0,0,1,1,1,2,32,6,1499,1,2,3,1,3
2017200175508,2,9,0,16,0,8,0,0,0,0,1,1,6,1,68,10,1995,2,12,5,1,5
2017200175544,1,9,0,18,0,0,0,0,0,0,2,1,6,2,40,7,2199,2,6,10,1,10
2017200175544,2,9,0,4,0,0,0,0,0,0,1,1,6,2,-1,-1,2720,2,11,-1,-1,-1
2017200175547,1,21,0,18,0,8,0,0,0,0,1,1,5,1,34,6,4500,2,1,2,1,2
2017200175547,2,9,0,9,0,3,0,0,0,0,4,1,5,2,44,7,998,1,11,1,1,1
2017200175554,1,9,0,5,0,0,0,0,0,0,0,1,6,1,-1,-1,-1,-1,-1,-1,-1,-1
2017200175558,1,9,0,18,0,0,0,0,0,0,1,1,6,3,30,6,-1,-1,-1,-1,-1,-1
2017200175560,1,97,0,13,0,8,0,0,0,0,1,1,6,1,28,6,-1,-1,-1,9,1,9
2017200175560,2,19,0,9,0,5,0,0,0,0,3,1,6,1,47,8,1968,2,2,4,1,4
2017200175568,1,9,0,3,0,0,0,0,0,0,2,1,6,2,38,7,-1,-1,-1,4,1,4
2017200175568,2,9,0,18,0,0,0,0,0,0,2,1,6,1,-1,-1,2143,2,3,1,1,1
2017200175574,1,9,0,18,0,0,0,4,0,0,1,1,6,3,30,6,2198,1,16,-1,-1,-1
2017200175574,2,90,0,2,0,0,0,0,0,0,2,1,1,1,51,8,7146,2,4,4,1,4
2017200175581,1,90,0,18,0,0,0,0,0,0,0,1,6,1,-1,-1,-1,-1,-1,-1,-1,-1
2017200175594,1,9,0,9,0,6,0,0,0,0,4,1,1,1,59,9,2143,2,2,6,1,6
2017200175594,2,3,0,18,0,2,2,0,0,0,1,1,1,1,22,5,124,1,1,1,1,1
2017200175594,3,9,0,18,0,8,0,0,0,0,1,1,1,1,46,8,2199,2,8,3,1,3
2017200175608,1,9,0,4,0,1,0,0,0,0,2,1,6,1,26,6,-1,-1,-1,7,1,7
2017200175608,2,9,0,18,0,1,0,0,0,0,1,1,6,1,39,7,1753,2,9,1,1,1
2017200175645,1,9,0,5,0,1,0,0,0,0,1,1,6,2,66,10,1461,2,8,9,1,9
2017200175647,1,3,0,18,0,0,5,0,4,0,4,1,6,1,16,4,125,1,2,-1,-1,-1
2017200175647,2,9,0,5,0,0,0,0,0,0,1,1,6,2,28,6,1998,1,-1,-1,-1,-1
2017200175670,1,9,0,18,0,0,0,0,0,0,1,1,6,3,-1,-1,1910,2,10,-1,-1,-1
2017200175693,1,9,0,18,0,3,0,0,0,0,1,1,6,3,-1,-1,998,1,2,-1,-1,-1
2017200175711,1,9,0,6,0,0,0,0,0,0,0,1,5,1,59,9,1796,1,17,3,1,3
2017200175711,2,5,0,14,0,0,0,0,0,0,0,1,5,1,52,8,1000,1,1,3,1,3
2017200175716,1,9,0,16,0,0,1,10,7,4,1,1,6,1,23,5,1364,2,14,1,1,1
2017200175767,1,9,0,9,0,6,0,0,0,0,1,1,5,1,23,5,1995,2,5,4,1,4
2017200175767,2,19,0,14,0,8,0,0,0,0,3,1,1,1,55,8,1560,2,1,-1,-1,-1
2017200175774,1,9,0,16,0,0,1,0,0,0,1,1,6,1,-1,-1,1391,1,16,1,1,1
2017200175774,2,9,0,17,0,0,0,0,0,0,1,1,6,1,45,7,998,1,2,1,1,1
2017200175796,1,9,0,17,0,0,1,10,7,3,3,1,6,1,23,5,1998,1,14,2,1,2
2017200175834,1,9,0,18,0,0,0,0,0,0,1,1,5,1,41,7,1299,1,15,-1,-1,-1
2017200175834,2,19,0,3,0,0,0,0,0,0,0,1,5,1,30,6,2198,2,6,1,1,1
2017200175876,1,9,0,18,0,1,0,0,0,0,1,1,2,2,22,5,1398,1,6,4,1,4
2017200175904,1,20,0,18,0,0,0,0,0,0,4,1,6,3,20,4,-1,-1,-1,-1,-1,-1
2017200175904,2,1,0,18,0,0,0,0,0,0,4,1,6,1,49,8,-1,-1,-1,2,1,2
2017200175911,1,9,0,18,9,0,0,0,0,0,0,1,6,3,-1,-1,1686,2,14,-1,-1,-1
2017200175954,1,9,0,17,0,8,0,0,0,0,1,1,6,2,19,4,1229,1,4,6,1,6
2017200175954,2,9,0,9,0,6,0,0,0,0,1,1,6,1,27,6,1995,2,14,6,1,6
2017200175967,1,9,0,18,0,0,0,0,0,0,1,1,6,2,55,8,1560,2,3,3,1,3
2017200175972,1,21,1,5,0,8,0,0,0,0,1,1,1,1,27,6,12900,2,6,-1,-1,-1
2017200175972,2,9,0,5,0,8,0,0,0,0,2,1,1,2,61,9,1968,2,9,3,1,3
2017200176009,1,9,0,9,0,6,0,0,0,0,1,1,1,1,47,8,1598,1,4,10,1,10
2017200176009,2,5,0,18,0,8,0,0,0,0,1,1,6,1,52,8,649,1,6,1,1,1
2017200176010,1,9,0,5,0,1,0,0,0,0,1,1,6,2,32,6,1242,1,12,1,1,1
2017200176010,2,9,0,8,0,1,0,0,0,0,2,1,6,1,17,4,1560,2,5,2,1,2
2017200176011,1,9,0,18,0,0,1,7,1,2,1,1,5,1,44,7,2171,1,15,2,1,2
2017200176016,1,21,1,7,0,1,0,0,0,0,4,1,1,1,45,7,10837,2,6,8,1,8
2017200176016,2,9,0,18,0,8,1,0,0,0,1,1,5,1,19,4,1299,1,17,3,1,3
2017200176018,1,9,0,7,0,5,0,0,0,0,1,1,6,1,49,8,1794,1,9,1,1,1
2017200176021,1,9,0,9,0,5,0,0,0,0,4,1,6,3,-1,-1,2987,2,12,-1,-1,-1
2017200176021,2,4,0,18,0,8,2,0,0,0,1,1,6,2,27,6,249,1,8,3,1,3
2017200176033,1,9,0,18,0,8,0,0,0,0,1,1,5,1,28,6,998,1,4,6,1,6
2017200176039,1,9,0,18,0,0,0,0,0,0,1,1,6,3,-1,-1,-1,-1,-1,-1,-1,-1
2017200176042,1,9,0,13,0,1,1,0,0,0,1,1,6,1,21,5,1390,1,10,2,1,2
2017200176042,2,21,0,4,0,1,0,0,0,0,2,1,6,1,68,10,8970,2,10,4,1,4
2017200176053,1,9,0,18,0,4,0,0,0,0,1,1,6,1,30,6,-1,-1,-1,4,1,4
2017200176053,2,3,0,18,0,8,0,0,0,0,4,1,6,1,23,5,124,1,2,6,1,6
2017200176062,1,11,0,18,0,0,0,0,0,0,4,1,1,1,65,9,-1,-1,-1,2,1,2
2017200176062,2,1,0,18,0,0,0,0,0,0,3,1,6,1,13,3,-1,-1,-1,1,1,1
2017200176066,1,9,0,5,0,0,0,0,0,0,0,1,6,1,55,8,1910,2,11,-1,-1,-1
2017200176134,1,9,0,18,0,1,0,0,0,0,1,1,6,1,26,6,-1,-1,-1,1,1,1
2017200176134,2,9,0,4,0,1,0,0,0,0,2,1,6,1,23,5,2143,2,5,2,1,2
2017200176163,1,9,0,14,0,1,0,0,0,0,4,1,1,1,49,8,2143,2,2,1,1,1
2017200176181,1,9,0,18,0,3,0,0,0,0,4,1,6,3,20,4,-1,-1,-1,-1,-1,-1
2017200176254,1,9,0,18,0,6,0,0,7,7,1,1,6,2,21,5,1796,1,12,2,1,2
2017200176254,2,9,0,18,0,8,0,0,0,0,1,1,6,2,56,9,1248,2,11,1,1,1
2017200176327,1,9,0,7,9,1,0,10,1,0,0,1,6,1,20,4,1991,2,9,-1,-1,-1
2017200176354,1,9,0,9,0,6,0,0,0,0,1,1,6,1,18,4,1596,1,7,4,1,4
2017200176354,2,9,0,18,0,8,0,4,1,0,1,1,6,1,19,4,1995,2,13,2,1,2
2017200176354,3,9,0,2,9,2,0,10,1,0,2,1,6,3,28,6,1794,1,16,1,1,1
2017200176382,1,9,0,3,0,0,0,0,0,0,2,1,1,1,22,5,1198,1,12,4,1,4
2017200176382,2,9,0,3,0,0,0,0,0,0,1,1,6,3,-1,-1,-1,-1,-1,-1,-1,-1
2017200176382,3,9,0,18,0,0,0,0,0,0,1,1,6,2,-1,-1,-1,-1,-1,-1,-1,-1
2017200176391,1,9,0,18,0,0,0,0,0,0,1,1,6,1,18,4,1598,2,1,1,1,1
2017200176391,2,9,0,5,0,0,0,0,0,0,3,1,6,1,-1,-1,1242,1,13,1,1,1
2017200176391,3,9,0,18,0,0,0,0,0,0,3,1,6,1,42,7,1560,2,5,2,1,2
2017200176424,1,9,0,18,0,3,0,0,0,0,1,1,6,3,20,4,3456,8,7,4,1,4
2017200176457,1,9,0,7,0,6,0,0,0,0,3,1,6,1,34,6,1364,2,10,2,1,2
2017200176457,2,11,0,18,0,8,0,0,0,0,4,1,1,1,39,7,7300,2,11,4,1,4
2017200176458,1,9,0,7,0,6,0,0,0,0,1,1,6,3,-1,-1,1248,2,12,-1,-1,-1
2017200176458,2,9,0,18,0,8,0,0,0,0,4,1,6,3,35,6,1596,1,14,6,1,6
2017200176468,1,9,0,18,0,0,0,4,0,0,1,1,6,1,48,8,998,1,13,-1,-1,-1
2017200176468,2,9,0,2,0,0,0,0,0,0,2,1,6,3,-1,-1,1990,1,21,-1,-1,-1
2017200176483,1,9,0,1,0,0,0,0,0,0,2,1,6,1,-1,-1,-1,-1,-1,-1,-1,-1
2017200176495,1,97,0,18,0,8,0,0,0,0,1,1,6,1,18,4,-1,-1,-1,3,1,3
2017200176495,2,9,0,18,0,8,0,0,0,0,1,1,6,3,-1,-1,-1,-1,-1,-1,-1,-1
2017200176521,1,9,0,7,0,5,0,10,1,4,1,1,6,1,20,4,1598,1,12,9,1,9
2017200176521,2,9,0,18,0,2,0,0,0,0,0,1,1,1,-1,-1,2993,2,1,5,1,5
2017200176574,1,9,0,11,0,0,0,0,0,0,1,1,6,1,45,7,1598,1,12,8,1,8
2017200176574,2,19,0,16,0,0,0,0,0,0,2,1,1,1,37,7,1995,2,3,4,1,4
2017200176574,3,19,0,16,0,0,0,0,0,0,2,1,1,1,40,7,1560,2,1,5,1,5
2017200176574,4,9,0,16,0,0,0,0,0,0,2,1,6,2,57,9,1200,1,3,10,1,10
2017200176620,1,9,0,18,0,2,0,0,0,0,1,1,6,3,20,4,998,1,1,-1,-1,-1
2017200176620,2,9,0,18,0,1,0,0,0,0,2,1,5,2,42,7,1329,1,1,2,1,2
2017200176726,1,9,0,17,0,0,0,0,1,0,1,1,6,1,20,4,1560,2,10,-1,-1,-1
2017200176726,2,1,0,18,0,0,0,0,0,0,1,1,6,1,12,3,-1,-1,-1,4,1,4
2017200176743,1,9,0,18,0,1,0,0,0,0,1,1,6,1,20,4,1896,2,12,4,1,4
2017200176743,2,9,0,3,0,1,0,0,0,0,2,1,6,2,49,8,1598,1,2,7,1,7
2017200176758,1,9,0,9,0,6,0,0,0,0,1,1,5,1,28,6,-1,-1,-1,1,1,1
2017200176758,2,9,0,18,0,1,0,10,1,11,4,1,5,1,80,11,1896,2,11,10,1,10
2017200176839,1,9,0,7,0,5,0,0,0,0,1,1,6,2,31,6,2148,2,9,-1,-1,-1
2017200176840,1,9,0,18,0,8,0,0,0,0,1,1,6,1,57,9,1796,1,3,3,1,3
2017200176840,2,9,0,10,0,8,0,0,0,0,2,1,6,2,-1,-1,1686,2,12,3,1,3
2017200176841,1,9,0,6,0,0,0,0,0,0,0,1,6,3,-1,-1,1240,1,10,-1,-1,-1
2017200176841,2,9,0,4,0,0,1,0,0,0,0,1,6,1,28,6,-1,-1,-1,4,1,4
2017200176846,1,19,0,18,0,8,0,0,0,0,1,1,6,1,24,5,2402,2,15,1,1,1
2017200176846,2,9,0,10,0,8,0,0,0,0,2,1,6,1,28,6,2000,2,13,3,1,3
2017200176849,1,9,0,4,0,1,0,0,0,0,1,1,6,1,23,5,1598,1,7,8,1,8
2017200176849,2,5,0,9,0,1,0,0,0,0,2,1,6,1,25,5,998,1,14,1,1,1
2017200176857,1,9,0,7,0,6,0,0,0,0,1,1,6,1,-1,-1,1198,1,14,-1,-1,-1
2017200176857,2,1,0,18,0,8,0,0,0,0,4,1,6,1,40,7,-1,-1,-1,1,1,1
2017200176859,1,9,0,18,0,8,0,0,0,0,1,1,6,2,58,9,1968,2,7,7,1,7
2017200176859,2,3,0,18,0,8,0,0,0,0,3,1,6,1,35,6,125,1,2,2,1,2
2017200176864,1,9,0,7,0,3,0,0,0,0,1,1,6,1,35,6,2993,2,12,4,1,4
2017200176864,2,9,0,17,0,8,0,0,0,0,3,1,6,2,28,6,1242,1,6,10,1,10
2017200176892,1,9,0,9,0,6,0,0,0,0,1,1,6,3,-1,-1,1360,1,11,2,1,2
2017200176892,2,9,0,18,0,8,0,0,0,0,1,1,6,1,32,6,1197,1,-1,2,1,2
2017200176892,3,9,0,18,0,8,0,0,0,0,1,1,6,1,40,7,2987,2,6,1,1,1
2017200176893,1,9,0,18,0,0,0,0,0,0,1,1,6,3,-1,-1,-1,-1,-1,-1,-1,-1
2017200176895,1,9,0,9,0,6,0,0,0,0,4,1,6,1,-1,-1,1229,1,9,-1,-1,-1
2017200176895,2,9,0,18,0,8,0,0,0,0,3,1,2,2,27,6,1349,1,2,9,1,9
2017200176919,1,9,0,18,0,8,0,0,0,0,1,1,6,3,-1,-1,1596,1,11,-1,-1,-1
2017200176919,2,9,0,9,0,6,0,0,0,0,3,1,6,1,26,6,1461,2,3,4,1,4
2017200176925,1,9,0,5,0,8,0,0,0,0,1,1,6,3,20,4,-1,-1,-1,-1,-1,-1
2017200176925,2,9,0,18,0,8,0,0,0,0,4,1,6,2,31,6,1587,1,11,7,1,7
2017200176931,1,9,0,7,0,2,0,0,0,0,1,1,6,3,-1,-1,1995,1,14,-1,-1,-1
2017200176954,1,9,0,7,0,3,0,0,0,0,2,1,6,1,72,10,2987,2,9,6,3,6
2017200176954,2,98,0,18,0,8,0,0,0,0,1,1,1,1,48,8,-1,-1,-1,3,1,3
2017200176969,1,9,0,5,0,6,0,0,0,0,3,1,6,1,44,7,998,1,4,3,1,3
2017200176969,2,9,0,18,0,8,0,0,0,0,1,1,6,1,-1,-1,998,1,2,-1,-1,-1
2017200176982,1,9,0,5,0,6,0,0,0,0,1,1,6,3,-1,-1,-1,-1,-1,-1,-1,-1
2017200176982,2,3,0,18,0,8,0,0,0,0,2,1,6,1,24,5,124,1,8,1,1,1
2017200177018,1,9,0,3,0,1,0,0,0,0,2,1,1,2,19,4,1242,1,4,5,1,5
2017200177018,2,9,0,18,0,1,0,0,0,0,1,1,6,2,50,8,998,1,14,8,1,8
2017200177022,1,9,0,18,0,0,0,0,0,0,4,1,6,2,30,6,1598,1,11,1,1,1
2017200177172,1,9,0,18,0,4,1,0,0,0,1,1,6,3,-1,-1,-1,-1,-1,-1,-1,-1
2017200177172,2,9,0,18,0,3,0,0,2,0,1,1,6,1,43,7,1968,2,1,3,1,3
2017200177311,1,9,0,17,0,8,2,0,0,0,2,1,6,3,-1,-1,1796,1,11,-1,-1,-1
2017200177311,2,9,0,5,0,6,0,0,0,0,1,1,6,1,30,6,1388,1,11,1,1,1
2017200177312,1,9,0,4,0,1,0,0,0,0,2,1,6,3,-1,-1,-1,-1,-1,-1,-1,-1
2017200177312,2,9,0,3,0,1,0,0,0,0,1,1,6,1,24,5,998,1,7,7,1,7
2017200177312,3,9,0,3,0,1,0,0,0,0,0,1,6,2,35,6,1242,1,10,5,1,5
2017200177318,1,9,0,3,0,0,0,0,0,0,2,1,6,1,33,6,1968,1,8,1,1,1
2017200177318,2,9,0,18,0,0,0,0,0,0,1,1,6,3,-1,-1,998,1,16,-1,-1,-1
2017200177320,1,9,0,5,0,4,0,0,0,0,1,1,6,1,31,6,1598,1,10,5,1,5
2017200177320,2,1,0,18,0,4,0,0,0,0,2,1,5,1,16,4,-1,-1,-1,3,1,3
2017200177321,1,9,0,16,0,0,0,10,7,11,1,1,6,1,26,6,2204,2,11,2,1,2
2017200177328,1,9,0,18,9,1,0,0,0,0,1,1,6,1,19,4,1997,1,1,1,1,1
2017200177328,2,9,0,3,0,1,0,0,0,0,3,1,6,2,34,6,1968,2,4,2,1,2
2017200177328,3,9,0,3,0,1,0,0,0,0,1,1,6,2,48,8,1587,1,11,1,1,1
2017200177328,4,9,0,18,0,1,0,0,0,0,0,1,1,1,20,4,2993,2,1,4,1,4
2017200177335,1,9,0,5,0,1,0,0,0,0,1,1,6,1,35,6,-1,-1,-1,-1,-1,-1
2017200177337,1,9,0,18,0,1,1,0,0,0,1,1,6,1,28,6,1998,2,11,3,1,3
2017200177337,2,9,0,3,0,1,0,0,0,0,2,1,6,1,29,6,1968,2,1,2,1,2
2017200177337,3,9,0,3,0,1,0,0,0,0,2,1,6,1,28,6,1968,2,13,3,1,3
2017200177337,4,9,0,3,0,1,0,0,0,0,2,1,6,3,-1,-1,-1,-1,-1,-1,-1,-1
2017200177338,1,9,0,1,0,0,0,0,0,0,2,1,6,1,89,11,998,1,15,2,1,2
2017200177339,1,9,0,18,0,2,0,0,0,0,1,1,6,3,-1,-1,-1,-1,-1,-1,-1,-1
2017200177340,1,9,0,5,0,6,0,0,0,0,3,1,6,1,43,7,1951,2,12,1,1,1
2017200177340,2,9,0,18,0,8,0,0,0,0,1,1,6,1,26,6,1598,1,11,7,1,7
2017200177350,1,9,0,5,0,4,0,0,0,0,1,1,6,1,30,6,-1,-1,-1,-1,-1,-1
2017200177350,2,9,0,3,0,1,0,0,0,0,2,1,5,1,36,7,1248,2,8,3,1,3
2017200177352,1,9,0,5,0,6,0,0,0,0,4,1,6,1,32,6,1796,1,7,4,1,4
2017200177352,2,9,0,18,0,8,0,0,0,0,1,1,6,2,30,6,1598,2,2,10,1,10
2017200177361,1,9,0,9,0,2,0,0,0,0,4,1,6,3,-1,-1,-1,-1,-1,-1,-1,-1
2017200177383,1,9,0,18,0,0,0,0,0,0,2,1,6,1,-1,-1,1870,2,13,-1,-1,-1
2017200177383,2,9,0,3,0,0,0,0,0,0,1,1,1,1,31,6,2993,2,3,2,1,2
2017200177409,1,9,0,9,0,8,0,0,0,0,1,1,6,1,-1,-1,1597,1,17,-1,-1,-1
2017200177409,2,9,0,5,0,8,0,0,0,0,3,1,6,1,62,9,2179,2,4,1,1,1
2017200177410,1,9,0,18,0,0,0,0,0,0,1,1,6,2,24,5,1560,2,3,-1,-1,-1
2017200177410,2,3,0,4,0,0,0,0,0,0,2,1,6,1,24,5,125,1,1,2,1,2
2017200177412,1,9,0,4,0,1,0,0,0,0,1,1,2,1,41,7,2148,2,12,5,1,5
2017200177454,1,9,0,6,0,0,1,0,0,0,1,1,6,2,52,8,-1,-1,-1,-1,-1,-1
2017200177454,2,5,0,18,0,0,2,0,0,0,1,1,6,1,18,4,600,1,20,1,1,1
2017200177489,1,9,0,7,0,6,0,0,0,0,1,1,6,3,-1,-1,-1,-1,-1,-1,-1,-1
2017200177489,2,1,0,18,0,8,0,0,0,0,4,1,2,1,31,6,-1,-1,-1,1,1,1
2017200177524,1,9,0,9,0,2,0,0,0,0,1,1,6,2,32,6,1198,1,2,8,1,8
2017200177552,1,9,0,1,0,0,0,0,0,0,2,1,6,1,42,7,1796,1,11,3,1,3
2017200177563,1,9,0,3,0,1,0,0,0,0,2,1,1,1,48,8,2199,2,5,5,1,5
2017200177563,2,9,0,18,0,1,0,0,0,0,1,1,6,3,-1,-1,1199,1,13,-1,-1,-1
2017200177584,1,9,0,18,0,0,1,10,8,11,3,1,6,1,17,4,1298,1,18,1,1,1
2017200177586,1,9,0,18,0,8,0,0,7,10,1,1,6,3,-1,-1,1900,2,12,-1,-1,-1
2017200177586,2,9,0,18,0,8,0,0,0,0,4,1,6,1,46,8,1596,1,14,2,1,2
2017200177611,1,9,0,3,0,0,0,0,0,0,2,1,6,2,28,6,1596,1,11,-1,-1,-1
2017200177611,2,19,0,18,0,0,0,0,0,0,1,1,6,1,-1,-1,2402,2,13,-1,-1,-1
2017200177642,1,9,0,18,0,1,0,0,0,0,1,1,6,3,20,4,-1,-1,-1,-1,-1,-1
2017200177642,2,9,0,7,0,1,0,0,0,0,2,1,6,1,42,7,1598,1,9,1,1,1
2017200177675,1,5,0,18,0,8,0,0,1,0,1,1,6,1,35,6,883,1,5,-1,-1,-1
2017200177675,2,9,0,7,0,6,0,0,0,0,3,1,6,2,30,6,1399,2,14,2,1,2
2017200177730,1,23,0,13,0,8,1,0,0,0,1,1,6,1,20,4,125,1,1,2,1,2
2017200177730,2,9,0,9,0,5,0,0,0,0,3,1,6,2,32,6,1197,1,2,1,1,1
2017200177732,1,9,0,18,0,3,0,10,1,10,1,1,6,2,82,11,998,1,6,8,1,8
2017200177734,1,9,0,17,0,0,0,10,1,0,1,1,5,1,48,8,1560,2,9,3,1,3
2017200177734,2,11,0,16,0,0,0,0,0,0,1,1,1,1,45,7,8268,2,15,6,1,6
2017200177736,1,9,0,18,0,8,5,9,0,0,1,1,6,1,23,5,-1,-1,-1,2,1,2
2017200177745,1,5,0,18,0,4,0,0,0,0,1,1,6,1,69,10,600,1,16,6,1,6
2017200177745,2,9,0,9,0,3,0,0,0,0,4,1,6,1,22,5,1968,2,6,2,1,2
2017200177749,1,9,0,18,0,8,0,0,0,0,1,1,2,1,39,7,1598,1,11,1,1,1
2017200177749,2,9,0,9,0,6,0,0,0,0,1,1,6,3,-1,-1,-1,-1,-1,-1,-1,-1
2017200177753,1,3,0,18,0,8,0,0,0,0,1,1,2,1,48,8,123,1,27,3,1,3
2017200177753,2,9,0,9,0,6,0,0,0,0,4,1,1,2,37,7,1598,2,6,10,1,10
2017200177754,1,9,0,9,0,5,0,0,0,0,4,1,6,2,26,6,1200,1,2,-1,-1,-1
2017200177754,2,2,0,18,0,8,0,0,0,0,1,1,1,1,26,6,49,1,7,2,1,2
2017200177759,1,9,0,4,0,0,0,0,0,0,1,1,6,2,39,7,2179,2,2,-1,-1,-1
2017200177759,2,9,0,3,0,0,0,0,0,0,2,1,1,1,45,7,2993,2,3,7,2,7
2017200177759,3,9,0,3,0,0,0,0,0,0,2,1,6,1,26,6,1753,2,10,-1,-1,-1
2017200177760,1,9,0,3,0,1,0,0,0,0,2,1,6,2,39,7,1995,2,12,2,1,2
2017200177760,2,9,0,18,0,1,0,0,0,0,2,1,6,3,20,4,-1,-1,-1,-1,-1,-1
2017200177761,1,9,0,18,0,0,0,0,0,0,1,1,6,1,28,6,1995,2,3,3,1,3
2017200177761,2,9,0,3,0,0,0,0,0,0,0,1,1,1,-1,-1,2993,2,1,5,1,5
2017200177761,3,9,0,3,0,0,0,0,0,0,2,1,6,1,50,8,1796,1,15,4,1,4
2017200177761,4,9,0,3,0,0,0,0,0,0,2,1,6,1,41,7,1360,1,8,2,1,2
2017200177761,5,9,0,3,0,0,0,0,0,0,2,1,6,1,30,6,1968,2,6,3,1,3
2017200177761,6,9,0,3,0,0,0,0,0,0,2,1,6,1,60,9,1995,2,-1,7,1,7
2017200177761,7,9,0,3,0,0,0,0,0,0,2,1,6,2,44,7,1364,1,-1,1,1,1
2017200177761,8,9,0,3,0,0,0,0,0,0,2,1,6,2,33,6,1360,1,13,10,1,10
2017200177761,9,9,0,3,0,0,0,0,0,0,2,1,6,1,31,6,1797,8,3,4,1,4
2017200177761,10,9,0,3,0,0,0,0,0,0,2,1,6,1,40,7,-1,-1,-1,2,1,2
2017200177763,1,9,0,1,0,0,0,0,0,0,0,1,6,1,-1,-1,-1,-1,-1,-1,-1,-1
2017200177789,1,9,0,18,0,3,5,7,4,1,1,1,6,1,27,6,1991,1,1,2,1,2
2017200177793,1,9,0,18,0,6,0,9,0,0,0,1,6,3,-1,-1,-1,-1,-1,-1,-1,-1
2017200177793,2,5,0,18,0,4,0,0,0,0,3,1,6,1,-1,-1,1137,1,20,4,1,4
2017200177796,1,9,0,18,0,1,0,4,0,0,1,1,6,1,23,5,1984,1,2,-1,-1,-1
2017200177796,2,9,0,18,0,1,0,0,0,0,0,1,6,1,42,7,2993,2,4,2,1,2
2017200177796,3,9,0,2,0,1,0,0,0,0,1,1,6,1,27,6,1896,2,14,4,1,4
2017200177796,4,9,0,2,0,1,0,0,0,0,1,1,6,3,-1,-1,1598,1,12,-1,-1,-1
2017200177796,5,9,0,3,0,1,0,0,0,0,4,1,6,1,44,7,1998,8,1,2,1,2