Accident_Index,Vehicle_Reference,Vehicle_Type,Towing_and_Articulation,Vehicle_Manoeuvre,Vehicle_Location-Restricted_Lane,Junction_Location,Skidding_and_Overturning,Hit_Object_in_Carriageway,Vehicle_Leaving_Carriageway,Hit_Object_off_Carriageway,1st_Point_of_Impact,Was_Vehicle_Left_Hand_Drive?,Journey_Purpose_of_Driver,Sex_of_Driver,Age_of_Driver,Age_Band_of_Driver,Engine_Capacity_(CC),Propulsion_Code,Age_of_Vehicle,Driver_IMD_Decile,Driver_Home_Area_Type,Vehicle_IMD_Decile
2017200180637,1,9,0,3,0,0,0,0,0,0,2,1,6,2,49,8,-1,-1,-1,1,1,1
2017200180637,2,9,0,18,0,0,0,0,0,0,1,1,6,3,30,6,1968,2,8,-1,-1,-1
2017200180637,3,97,0,3,0,0,0,0,0,0,2,1,6,3,30,6,-1,-1,-1,-1,-1,-1
2017200180657,1,9,0,7,0,6,0,0,0,0,1,1,6,1,-1,-1,2497,1,14,-1,-1,-1
2017200180657,2,9,0,3,0,2,0,0,0,0,2,1,6,2,30,6,1796,1,7,6,1,6
2017200180679,1,9,0,18,0,2,0,0,0,0,0,1,6,1,-1,-1,1896,2,15,1,1,1
2017200180679,2,9,0,5,0,2,0,0,0,0,0,1,6,1,26,6,2143,2,5,-1,-1,-1
2017200180694,1,3,0,18,0,8,0,0,0,0,2,1,1,1,37,7,113,1,1,3,1,3
2017200180694,2,9,0,9,0,5,0,0,0,0,4,1,6,1,50,8,1998,1,13,7,1,7
2017200180706,1,9,0,9,0,6,0,0,0,0,1,1,6,3,-1,-1,1560,2,2,-1,-1,-1
2017200180706,2,9,0,5,0,6,0,0,0,0,1,1,6,1,26,6,1995,2,13,6,3,6
2017200180721,1,9,0,1,0,0,0,0,0,0,2,1,6,3,-1,-1,4197,1,10,-1,-1,-1
2017200180811,1,9,0,18,0,3,0,0,0,0,1,1,5,3,20,4,2993,2,10,-1,-1,-1
2017200180811,2,9,0,12,0,3,0,0,0,0,3,1,5,1,26,6,-1,-1,-1,1,1,1
2017200180816,1,9,0,7,0,6,0,0,0,0,1,1,2,1,25,5,2204,2,11,5,1,5
2017200180816,2,9,0,18,0,8,0,4,0,0,1,1,2,2,39,7,1910,2,9,6,1,6
2017200180816,3,9,0,2,0,2,0,0,0,0,1,1,6,3,-1,-1,-1,-1,-1,-1,-1,-1
2017200180829,1,9,0,18,0,4,0,0,0,0,0,1,6,3,-1,-1,1991,2,13,-1,-1,-1
2017200180829,2,9,0,9,0,3,0,0,0,0,0,1,6,2,43,7,1229,1,8,6,1,6
2017200180840,1,9,0,4,0,1,0,0,0,0,2,1,6,2,30,6,999,1,1,1,1,1
2017200180840,2,9,0,5,0,1,0,0,0,0,1,1,6,3,20,4,998,1,15,-1,-1,-1
2017200180876,1,9,0,7,0,6,0,0,0,0,1,1,6,3,20,4,1242,1,8,-1,-1,-1
2017200180876,2,9,0,2,0,2,0,0,0,0,2,1,6,1,45,7,1896,2,7,3,1,3
2017200180902,1,9,0,18,0,8,0,0,0,0,1,1,1,1,53,8,1598,2,5,1,1,1
2017200180902,2,9,0,18,0,8,0,0,0,0,4,1,1,1,38,7,1598,2,6,2,1,2
2017200180938,1,11,0,4,0,0,0,0,0,0,0,1,1,1,24,5,6700,2,10,2,1,2
2017200180952,1,9,0,12,0,1,0,0,0,0,3,1,6,1,-1,-1,1360,1,14,2,1,2
2017200180952,2,9,0,18,0,1,0,0,0,0,4,1,6,1,33,6,1968,2,8,3,1,3
2017200180991,1,9,0,6,0,0,0,0,0,0,3,1,6,1,38,7,1242,1,3,5,1,5
2017200180991,2,9,0,18,0,0,0,0,0,0,1,1,6,1,43,7,1422,2,9,1,1,1
2017200181021,1,98,0,18,0,0,0,0,0,0,1,1,6,3,-1,-1,-1,-1,-1,-1,-1,-1
2017200181022,1,9,0,13,0,8,0,0,0,0,4,1,6,1,37,7,2967,2,4,2,1,2
2017200181022,2,11,0,9,0,5,0,0,0,0,3,1,1,1,46,8,7300,2,14,2,1,2
2017200181054,1,9,0,5,0,6,0,0,0,0,3,1,6,1,-1,-1,1598,1,12,1,1,1
2017200181054,2,1,0,18,0,8,0,0,0,0,4,1,6,1,21,5,-1,-1,-1,4,1,4
2017200181057,1,3,0,15,0,8,0,10,7,0,1,1,2,1,23,5,124,1,2,-1,-1,-1
2017200181057,2,19,0,9,0,5,0,0,0,0,2,1,1,1,56,9,2148,2,11,9,1,9
2017200181057,3,98,0,3,1,1,0,0,0,0,2,1,6,3,-1,-1,-1,-1,-1,-1,-1,-1
2017200181060,1,9,0,9,0,2,0,0,0,0,1,1,6,1,22,5,1242,1,14,3,1,3
2017200181060,2,4,0,4,0,1,0,0,0,0,1,1,2,1,53,8,248,1,2,2,1,2
2017200181060,3,9,0,9,0,2,0,0,0,0,0,1,1,1,-1,-1,2993,2,4,2,1,2
2017200181068,1,9,0,17,0,2,0,10,1,5,1,1,6,1,20,4,1124,1,13,4,1,4
2017200181079,1,10,0,18,0,0,0,4,0,0,3,1,1,1,56,9,-1,-1,-1,-1,-1,-1
2017200181079,2,9,0,18,0,0,0,0,0,0,3,1,2,1,28,6,1896,2,12,1,1,1
2017200181079,3,9,0,2,0,0,0,0,0,0,3,1,6,1,46,8,1986,2,11,1,1,1
2017200181079,4,9,0,2,0,0,0,0,0,0,2,1,5,1,20,4,1598,1,13,-1,-1,-1
2017200181079,5,9,0,2,0,0,0,0,0,0,2,1,5,1,20,4,1396,1,17,1,1,1
2017200181147,1,9,0,9,0,6,0,0,0,0,1,1,5,2,31,6,1560,2,4,7,1,7
2017200181147,2,1,0,18,0,1,5,0,0,0,1,1,5,2,40,7,-1,-1,-1,3,1,3
2017200181160,1,9,0,18,0,1,0,0,0,0,1,1,6,2,20,4,3189,1,13,2,1,2
2017200181160,2,9,0,3,0,1,0,0,0,0,2,1,6,2,42,7,-1,-1,-1,8,1,8
2017200181160,3,9,0,3,0,1,0,0,0,0,1,1,6,1,47,8,698,1,10,6,1,6
2017200181220,1,9,0,18,0,0,0,0,0,0,1,1,6,3,-1,-1,1796,1,10,-1,-1,-1
2017200181234,1,21,1,4,0,1,0,0,0,0,1,1,6,1,49,8,12809,2,1,4,1,4
2017200181234,2,9,0,4,0,1,0,0,0,0,2,1,6,1,42,7,1339,8,10,-1,-1,-1
2017200181241,1,9,0,18,0,0,0,4,1,4,1,1,6,1,86,11,1986,1,24,6,1,6
2017200181241,2,9,0,2,0,0,0,10,1,0,2,1,3,2,49,8,1390,1,15,5,1,5
2017200181247,1,9,0,11,0,1,0,0,0,0,2,1,6,1,-1,-1,1984,1,6,-1,-1,-1
2017200181247,2,9,0,18,0,1,0,0,0,0,1,1,2,2,51,8,1995,2,12,10,1,10
2017200181278,1,9,0,14,0,0,0,4,0,0,1,1,6,1,36,7,-1,-1,-1,4,1,4
2017200181278,2,9,0,2,0,0,0,0,0,0,2,1,6,1,-1,-1,1461,2,13,3,1,3
2017200181278,3,9,0,2,0,0,0,0,0,0,2,1,6,1,-1,-1,1598,1,12,3,1,3
2017200181278,4,9,0,2,0,0,0,0,0,0,4,1,6,3,-1,-1,1896,2,9,-1,-1,-1
2017200181279,1,9,0,14,0,8,0,0,0,0,4,1,6,1,31,6,1199,1,14,1,1,1
2017200181279,2,9,0,5,0,6,0,0,0,0,1,1,1,1,69,10,1968,2,4,5,1,5
2017200181282,1,9,0,18,0,4,0,0,0,0,1,1,6,3,-1,-1,-1,-1,-1,-1,-1,-1
2017200181282,2,9,0,9,0,3,5,0,0,0,2,1,6,1,69,10,1461,2,11,9,1,9
2017200181284,1,9,0,18,0,0,0,10,1,0,1,1,6,2,50,8,1390,1,14,4,1,4
2017200181284,2,19,0,18,0,0,0,0,0,0,1,1,6,1,70,10,2148,2,9,-1,-1,-1
2017200181296,1,9,0,7,0,5,0,0,0,0,1,1,1,2,30,6,1197,1,-1,5,1,5
2017200181296,2,1,0,18,0,8,0,0,0,0,1,1,6,1,44,7,-1,-1,-1,7,1,7
2017200181297,1,9,0,18,0,8,0,0,0,0,1,1,6,1,26,6,1998,1,14,2,1,2
2017200181297,2,9,0,9,0,6,0,0,0,0,3,1,6,1,46,8,1598,1,9,2,1,2
2017200181298,1,9,0,18,0,0,0,0,0,0,4,1,3,1,71,10,1399,1,-1,1,1,1
2017200181318,1,9,0,18,0,0,0,0,0,0,1,1,6,1,-1,-1,1986,2,11,-1,-1,-1
2017200181320,1,19,0,14,0,0,0,0,0,0,0,1,1,1,45,7,2143,2,7,7,1,7
2017200181320,2,11,0,2,0,0,0,0,0,0,0,1,1,1,45,7,7300,2,5,2,1,2
2017200181324,1,9,0,4,0,0,0,0,0,0,0,1,6,2,46,8,998,1,11,10,2,10
2017200181324,2,9,0,18,0,0,0,0,0,0,1,1,6,1,20,4,1988,1,14,-1,1,-1
2017200181340,1,9,0,18,0,8,0,0,0,0,1,1,6,3,-1,-1,1951,2,16,-1,-1,-1
2017200181340,2,9,0,18,0,8,0,0,0,0,3,1,6,1,19,4,1597,1,9,6,1,6
2017200181341,1,9,0,18,0,0,0,10,1,10,1,1,6,1,27,6,1397,1,15,1,1,1
2017200181489,1,9,0,9,0,6,0,0,0,0,3,1,6,1,64,9,-1,-1,-1,4,1,4
2017200181489,2,5,0,18,0,8,0,10,1,1,1,1,6,1,38,7,599,1,14,-1,-1,-1
2017200181490,1,9,0,9,0,5,0,0,0,0,3,1,5,1,34,6,1598,1,11,9,1,9
2017200181490,2,9,0,13,0,8,0,0,0,0,1,1,3,2,36,7,1598,1,10,8,1,8
2017200181495,1,9,0,5,0,6,0,0,0,0,1,1,6,1,-1,-1,1995,2,12,-1,-1,-1
2017200181495,2,9,0,4,0,8,0,0,0,0,4,1,6,2,31,6,1968,2,11,3,1,3
2017200181499,1,98,0,9,0,6,0,0,0,0,4,1,6,1,-1,-1,-1,-1,-1,-1,-1,-1
2017200181499,2,1,0,18,0,8,0,0,0,0,1,1,2,1,33,6,-1,-1,-1,3,1,3
2017200181502,1,9,0,18,0,3,0,0,0,0,3,1,5,2,30,6,1997,2,11,-1,-1,-1
2017200181502,2,9,0,11,0,3,0,0,0,0,4,1,6,1,30,6,1968,2,2,-1,-1,-1
2017200181505,1,9,0,2,0,0,0,0,0,0,3,1,6,1,56,9,1332,1,9,2,1,2
2017200181505,2,9,0,14,0,0,0,8,0,0,4,1,1,1,32,6,2099,1,15,7,1,7
2017200181507,1,9,0,9,0,4,0,0,0,0,1,1,1,2,39,7,-1,-1,-1,7,3,7
2017200181507,2,1,0,5,0,2,0,0,0,0,4,1,4,1,13,3,-1,-1,-1,-1,-1,-1
2017200181509,1,9,0,7,9,6,0,0,0,0,4,1,3,2,47,8,1248,2,3,6,1,6
2017200181514,1,9,0,18,0,1,0,0,0,0,1,1,6,1,30,6,1598,1,1,3,1,3
2017200181514,2,9,0,9,0,6,0,0,0,0,1,1,6,1,18,4,1598,1,12,-1,-1,-1
2017200181517,1,9,0,18,0,0,0,0,0,0,1,1,6,1,-1,-1,1968,2,6,1,1,1
2017200181517,2,9,0,3,0,0,0,0,0,0,2,1,1,1,-1,-1,1998,2,10,-1,-1,-1
2017200181519,1,9,0,18,0,1,0,0,0,0,1,1,6,1,27,6,2231,2,11,1,1,1
2017200181519,2,9,0,3,0,1,0,0,0,0,2,1,6,1,31,6,1910,2,8,3,1,3
2017200181519,3,9,0,3,0,1,0,0,0,0,2,1,6,1,22,5,1390,1,11,1,1,1
2017200181527,1,5,0,18,0,0,0,0,0,0,1,1,2,1,43,7,599,1,19,4,1,4
2017200181528,1,9,0,18,0,3,0,0,0,0,1,1,6,1,-1,-1,1686,2,7,-1,-1,-1
2017200181528,2,9,0,18,0,3,0,0,0,0,3,1,6,2,38,7,1984,1,13,7,1,7
2017200181529,1,9,0,9,0,3,0,0,0,0,4,1,6,2,37,7,1598,1,3,10,1,10
2017200181529,2,9,0,18,0,4,0,0,0,0,4,1,6,2,18,4,1229,1,7,10,1,10
2017200181554,1,98,1,15,0,0,0,0,0,0,2,1,1,1,68,10,-1,-1,-1,-1,1,-1
2017200181554,2,10,0,4,0,0,0,0,0,0,1,1,1,1,54,8,2460,2,11,1,1,1
2017200181559,1,9,0,3,0,0,0,0,0,0,2,1,6,1,46,8,1995,2,4,1,1,1
2017200181559,2,9,0,4,0,0,0,0,0,0,1,1,6,1,25,5,2616,1,11,1,1,1
2017200181566,1,9,0,5,0,0,0,0,0,0,0,1,6,2,31,6,998,1,8,1,1,1
2017200181566,2,5,0,18,0,0,1,0,0,0,4,1,6,1,60,9,647,1,15,4,1,4
2017200181595,1,9,0,18,0,1,0,0,0,0,1,1,6,3,-1,-1,1896,2,13,-1,-1,-1
2017200181595,2,9,0,7,0,1,0,0,0,0,2,1,6,1,28,6,1999,1,2,1,1,1
2017200181625,1,9,0,9,0,6,0,0,0,0,3,1,6,1,72,10,1796,1,2,3,1,3
2017200181625,2,9,0,18,0,8,0,0,0,0,1,1,6,1,53,8,1199,1,15,-1,-1,-1
2017200181668,1,9,0,13,0,0,0,0,0,0,4,1,6,1,32,6,1229,1,3,7,1,7
2017200181668,2,9,0,5,0,0,0,0,0,0,3,1,6,1,37,7,1200,1,5,5,1,5
2017200181673,1,9,0,18,0,1,0,0,0,0,1,1,6,2,38,7,1197,1,2,6,1,6
2017200181693,1,9,0,18,0,1,0,0,0,0,1,1,6,2,-1,-1,1149,1,15,-1,-1,-1
2017200181693,2,9,0,3,0,1,0,0,0,0,2,1,6,2,27,6,1796,1,10,4,1,4
2017200181698,1,9,0,4,0,0,0,0,0,0,4,1,1,1,44,7,1951,2,16,1,1,1
2017200181698,2,90,0,5,0,0,0,0,0,0,1,1,6,2,52,8,-1,-1,-1,-1,-1,-1
2017200181733,1,9,0,18,0,0,1,0,1,0,4,1,6,1,21,5,998,1,3,2,1,2
2017200181767,1,9,0,18,0,8,0,0,0,0,1,1,6,3,20,4,1461,2,10,-1,-1,-1
2017200181767,2,9,0,3,0,8,0,0,0,0,2,1,1,2,34,6,1461,2,1,2,1,2
2017200181799,1,9,0,5,0,8,0,0,0,0,1,1,6,1,20,4,-1,-1,-1,1,1,1
2017200181799,2,11,0,5,0,8,0,0,0,0,3,1,1,1,37,7,6696,2,4,2,1,2
2017200181807,1,9,0,18,0,0,1,4,0,0,1,1,6,1,24,5,1388,1,14,-1,-1,-1
2017200181807,2,9,0,2,0,0,0,4,0,0,1,1,6,1,21,5,2143,2,-1,1,1,1
2017200181807,3,9,0,2,0,0,0,0,0,0,2,1,6,2,20,4,-1,-1,-1,4,1,4
2017200181807,4,9,0,18,0,0,0,0,0,0,1,1,6,2,42,7,1461,2,2,4,1,4
2017200181848,1,9,0,7,0,0,0,0,1,0,4,1,6,1,46,8,1390,1,8,1,1,1
2017200181848,2,98,1,18,0,0,0,0,0,0,-1,1,6,3,47,8,-1,-1,-1,-1,-1,-1
2017200181875,1,9,0,18,0,8,0,0,0,0,1,1,6,1,-1,-1,-1,-1,-1,-1,-1,-1
2017200181882,1,9,0,9,0,5,1,0,0,0,2,1,5,2,59,9,998,1,6,3,1,3
2017200181882,2,9,0,13,0,8,1,10,7,0,1,1,5,1,18,4,1956,2,7,2,1,2
2017200181883,1,9,0,18,0,0,0,0,0,0,1,1,6,1,-1,-1,1995,2,14,3,1,3
2017200181883,2,9,0,3,0,0,0,0,0,0,2,1,6,2,50,8,1598,1,13,1,1,1
2017200181907,1,19,0,12,0,0,0,0,0,0,3,1,6,1,23,5,2143,2,1,-1,-1,-1
2017200181907,2,5,0,13,0,0,0,7,4,0,4,1,6,1,30,6,656,1,10,1,1,1
2017200181913,1,9,0,18,0,0,0,0,0,0,1,1,6,1,22,5,2148,2,13,8,1,8
2017200181913,2,9,0,18,0,0,0,0,0,0,2,1,6,2,58,9,1339,1,4,8,1,8
2017200181913,3,9,0,18,0,0,0,0,0,0,2,1,6,2,49,8,1598,1,15,10,3,10
2017200181915,1,22,0,18,9,0,0,0,0,0,1,1,3,2,57,9,-1,-1,-1,1,1,1
2017200181926,1,9,0,13,0,0,0,0,0,0,1,1,6,2,27,6,1995,2,7,4,1,4
2017200181926,2,11,0,5,0,0,0,0,0,0,2,1,1,1,53,8,9000,2,8,5,1,5
2017200181928,1,1,0,5,0,1,0,0,0,0,0,1,6,1,23,5,-1,-1,-1,1,1,1
2017200181928,2,9,0,5,0,1,0,0,0,0,0,1,6,2,30,6,-1,-1,-1,-1,-1,-1
2017200181930,1,9,0,18,0,0,0,0,0,0,1,1,6,2,38,7,1686,2,11,1,1,1
2017200181930,2,9,0,18,0,0,0,0,0,0,2,1,6,1,-1,-1,998,1,14,7,3,7
2017200181931,1,8,0,7,9,5,0,0,0,0,0,1,6,1,-1,-1,-1,-1,-1,-1,-1,-1
2017200181941,1,3,0,14,0,8,0,0,0,0,3,1,6,1,18,4,125,1,3,1,1,1
2017200181941,2,9,0,9,0,6,0,0,0,0,1,1,6,1,-1,-1,1242,1,12,4,1,4
2017200181949,1,5,0,3,0,1,0,0,0,0,2,1,6,1,55,8,1037,1,2,7,1,7
2017200181949,2,9,0,5,0,1,0,0,0,0,1,1,6,1,35,6,1896,2,13,8,1,8
2017200181950,1,9,0,16,0,0,1,7,4,4,1,1,6,1,21,5,1395,1,2,1,1,1
2017200181950,2,9,0,18,0,0,0,0,0,0,0,1,1,1,42,7,1956,2,2,-1,-1,-1
2017200181962,1,9,0,4,0,1,0,0,0,0,1,1,6,2,35,6,1999,1,12,4,1,4
2017200181962,2,9,0,3,0,1,0,0,0,0,2,1,6,2,37,7,1596,1,12,1,1,1
2017200181962,3,9,0,3,0,1,0,0,0,0,2,1,6,1,57,9,-1,-1,-1,5,3,5
2017200181962,4,9,0,3,0,1,0,0,0,0,2,1,6,1,72,10,1995,2,6,6,3,6
2017200181972,1,9,0,18,0,8,0,0,0,0,1,1,6,1,43,7,1896,2,11,2,1,2
2017200181972,2,9,0,9,0,5,0,0,0,0,4,1,6,1,18,4,1198,1,6,10,1,10
2017200181980,1,9,0,9,0,5,0,0,7,2,2,1,2,1,49,8,1896,2,15,5,1,5
2017200181980,2,9,0,18,0,8,0,0,0,0,1,1,6,1,-1,-1,2720,2,11,-1,-1,-1
2017200181981,1,9,0,18,0,0,0,0,0,0,1,1,3,1,-1,-1,1896,2,9,-1,-1,-1
2017200182002,1,1,0,15,0,8,0,0,0,0,1,1,1,1,28,6,-1,-1,-1,1,1,1
2017200182002,2,9,0,7,0,5,0,0,0,0,4,1,6,3,-1,-1,-1,-1,-1,-1,-1,-1
2017200182025,1,9,0,18,0,8,0,0,0,0,1,1,1,3,-1,-1,-1,-1,-1,-1,-1,-1
2017200182025,2,19,0,9,0,5,0,0,0,0,1,1,6,2,38,7,1997,2,2,1,1,1
2017200182033,1,21,0,18,0,0,0,0,0,0,1,1,1,1,45,7,12900,2,5,-1,-1,-1
2017200182033,2,9,0,3,0,0,0,0,0,0,2,1,6,2,46,8,3189,1,10,10,1,10
2017200182059,1,9,0,18,0,0,0,0,0,0,1,1,1,1,39,7,1798,1,11,2,1,2
2017200182064,1,9,0,3,0,0,0,0,0,0,0,1,2,1,36,7,1198,1,3,8,1,8
2017200182064,2,2,0,18,0,0,0,0,0,0,1,1,6,1,16,4,49,1,7,2,1,2
2017200182074,1,9,0,18,0,8,0,0,0,0,0,1,6,1,-1,-1,1995,2,11,6,3,6
2017200182074,2,9,0,9,0,6,0,0,0,0,0,1,6,2,41,7,2926,2,14,2,1,2
2017200182172,1,9,0,18,0,0,0,0,0,0,2,1,6,1,-1,-1,1560,2,3,-1,-1,-1
2017200182172,2,9,0,18,0,0,0,0,0,0,1,1,6,2,29,6,1991,8,1,7,3,7
2017200182317,1,9,0,4,0,1,0,0,0,0,1,1,6,3,-1,-1,1598,2,6,-1,-1,-1
2017200182317,2,9,0,3,0,1,0,0,0,0,2,1,6,2,45,7,1390,1,13,1,1,1
2017200182319,1,9,0,18,0,0,0,0,0,0,0,1,6,1,-1,-1,1560,2,10,7,1,7
2017200182319,2,9,0,18,0,0,0,0,0,0,0,1,6,1,-1,-1,1685,2,3,6,1,6
2017200182321,1,9,0,16,0,1,0,0,0,0,1,1,6,2,21,5,1124,1,13,4,1,4
2017200182321,2,9,0,4,0,1,0,0,0,0,2,1,6,1,-1,-1,2231,2,4,-1,-1,-1
2017200182330,1,9,0,3,0,1,0,0,0,0,1,1,6,1,48,8,-1,-1,-1,3,1,3
2017200182330,2,9,0,18,0,1,0,0,0,0,2,1,6,1,-1,-1,-1,-1,-1,1,1,1
2017200182336,1,9,0,18,0,8,0,0,0,0,1,1,6,3,-1,-1,1596,1,10,-1,-1,-1
2017200182336,2,9,0,9,0,6,0,0,0,0,4,1,2,1,23,5,1686,2,10,2,1,2
2017200182337,1,9,0,9,0,5,5,0,0,0,4,1,6,2,29,6,1242,1,8,1,1,1
2017200182337,2,9,0,18,0,8,1,0,0,0,1,1,6,2,32,6,1590,1,13,1,1,1
2017200182341,1,9,0,18,0,8,1,10,1,0,1,1,6,1,33,6,1362,1,4,2,1,2
2017200182341,2,9,0,18,0,6,0,10,1,0,3,1,6,1,48,8,1896,2,10,3,1,3
2017200182349,1,9,0,18,4,2,0,10,7,3,1,1,6,1,28,6,-1,-1,-1,8,1,8
2017200182384,1,9,0,9,0,6,0,0,0,0,1,1,1,1,-1,-1,1997,2,8,1,1,1
2017200182384,2,1,0,18,0,8,0,0,0,0,1,1,6,1,22,5,-1,-1,-1,8,1,8
2017200182392,1,5,0,3,0,1,0,0,0,0,2,1,5,1,57,9,-1,-1,-1,9,1,9
2017200182392,2,9,0,4,0,1,1,0,0,0,3,1,5,2,42,7,1968,2,1,-1,-1,-1
2017200182392,3,9,0,3,0,1,0,0,0,0,2,1,5,2,59,9,2993,2,6,10,1,10
2017200182412,1,1,0,18,0,8,0,0,0,0,4,1,6,1,19,4,-1,-1,-1,6,1,6
2017200182412,2,98,0,18,0,8,0,0,0,0,3,1,6,1,-1,-1,-1,-1,-1,9,1,9
2017200182447,1,9,0,18,0,1,0,0,0,0,1,1,6,3,-1,-1,1248,1,-1,-1,-1,-1
2017200182447,2,1,0,18,0,1,0,0,0,0,1,1,4,1,13,3,-1,-1,-1,9,1,9
2017200182466,1,9,0,18,0,4,0,0,0,0,4,1,2,1,51,8,1560,2,6,9,2,9
2017200182466,2,1,0,18,0,8,0,0,0,0,1,1,5,1,43,7,-1,-1,-1,5,1,5
2017200182466,3,1,0,18,0,8,0,0,0,0,1,1,5,1,39,7,-1,-1,-1,2,1,2
2017200182485,1,9,0,18,0,0,0,4,0,0,1,1,6,3,-1,-1,1596,1,14,-1,-1,-1
2017200182485,2,9,0,18,0,0,0,0,0,0,3,1,6,1,28,6,1896,2,8,1,1,1
2017200182485,3,9,0,2,0,0,0,0,0,0,1,1,6,1,44,7,3222,2,12,2,1,2
2017200182521,1,19,0,18,0,0,1,0,0,0,1,1,1,1,59,9,6692,2,7,1,1,1
2017200182521,2,9,0,12,0,0,1,0,0,0,2,1,3,1,55,8,1242,1,10,2,1,2
2017200182529,1,9,0,5,0,1,0,0,0,0,1,1,6,2,68,10,1799,1,9,1,1,1
2017200182529,2,9,0,5,0,1,0,0,0,0,2,1,6,1,31,6,1910,2,12,3,1,3
2017200182533,1,9,0,1,0,6,0,0,0,0,2,1,3,1,-1,-1,-1,-1,-1,-1,-1,-1
2017200182645,1,9,0,18,0,1,0,0,0,0,1,1,5,3,20,4,999,1,-1,-1,-1,-1
2017200182645,2,9,0,3,0,1,0,0,0,0,2,1,5,1,22,5,1396,1,12,6,1,6
2017200182645,3,9,0,18,0,1,0,7,5,1,4,1,5,1,43,7,-1,-1,-1,4,1,4
2017200182696,1,9,0,18,0,0,0,0,0,0,1,1,5,3,20,4,-1,-1,-1,-1,-1,-1
2017200182696,2,9,0,18,0,0,2,10,2,0,4,1,5,2,43,7,1193,1,3,4,1,4
2017200182728,1,9,0,18,0,0,0,0,0,0,1,1,1,1,27,6,1299,1,12,1,1,1
2017200182744,1,9,0,7,0,6,0,0,0,0,1,1,6,1,-1,-1,999,1,5,-1,-1,-1
2017200182744,2,9,0,18,0,8,0,0,0,0,4,1,6,2,31,6,1995,1,11,3,1,3
2017200182755,1,9,0,18,0,0,0,0,0,0,1,1,6,1,-1,-1,-1,-1,-1,-1,-1,-1
2017200182785,1,5,0,18,0,8,0,0,0,0,1,1,6,1,44,7,649,1,7,9,1,9
2017200182785,2,9,0,9,0,6,0,0,0,0,4,1,6,1,81,11,2254,1,16,1,1,1
2017200182786,1,9,0,18,0,8,0,0,0,0,4,1,6,1,32,6,1995,2,6,3,1,3
2017200182786,2,9,0,12,0,8,0,0,0,0,3,1,6,1,-1,-1,3000,2,8,-1,-1,-1
2017200182787,1,9,0,18,0,0,0,0,0,0,1,1,6,3,-1,-1,1242,1,1,-1,-1,-1
2017200182787,2,9,0,18,0,0,0,0,0,0,1,1,6,1,19,4,1598,2,1,1,1,1
2017200182790,1,9,0,9,0,5,0,0,0,0,1,1,6,3,-1,-1,-1,-1,-1,-1,-1,-1
2017200182790,2,1,0,18,0,8,0,0,0,0,3,1,6,2,57,9,-1,-1,-1,1,1,1
2017200182796,1,9,0,18,0,0,1,0,0,0,1,1,6,1,16,4,1275,1,20,1,1,1
2017200182796,2,9,0,3,0,0,0,0,0,0,2,1,6,1,41,7,-1,-1,-1,4,1,4
2017200182800,1,9,0,9,0,5,0,0,0,0,1,1,6,1,56,9,1229,1,3,3,1,3
2017200182800,2,9,0,18,0,8,0,0,0,0,3,1,6,1,38,7,1339,1,11,5,1,5
2017200182814,1,9,0,18,0,1,0,0,0,0,1,1,6,1,-1,-1,1339,1,13,4,1,4
2017200182814,2,19,0,3,0,1,0,0,0,0,2,1,1,1,69,10,1796,7,12,1,1,1
2017200182822,1,9,0,5,0,6,0,0,0,0,0,1,6,1,-1,-1,1242,1,14,2,1,2
2017200182822,2,11,0,18,0,8,0,0,0,0,0,1,6,1,51,8,9000,2,7,5,1,5
2017200182836,1,9,0,18,0,8,0,0,0,0,1,1,6,2,28,6,1995,2,11,1,1,1
2017200182836,2,9,0,10,0,8,0,0,0,0,2,1,6,1,38,7,1968,2,9,1,1,1
2017200182839,1,9,0,3,0,1,0,0,0,0,2,1,6,1,37,7,1560,2,9,3,1,3
2017200182839,2,9,0,18,0,1,0,0,0,0,1,1,6,1,-1,-1,-1,-1,-1,-1,-1,-1
2017200182843,1,9,0,18,0,4,0,0,0,0,3,1,6,2,21,5,998,1,7,10,1,10
2017200182843,2,9,0,18,0,4,0,0,0,0,1,1,6,1,-1,-1,1242,1,11,2,1,2
2017200182855,1,9,0,16,0,2,0,0,0,0,1,1,5,1,45,7,1984,1,13,3,1,3
2017200182855,2,21,1,14,0,1,0,0,0,0,1,1,1,1,47,8,12809,2,5,8,1,8
2017200182882,1,9,0,15,0,8,0,0,0,0,1,1,6,1,30,6,-1,-1,-1,2,1,2
2017200182882,2,9,0,7,0,5,0,0,0,0,4,1,6,2,25,5,1229,1,7,2,1,2
2017200182882,3,9,0,2,0,1,0,0,0,0,3,1,6,2,-1,-1,1461,2,1,2,1,2
2017200182898,1,9,0,18,0,0,0,0,0,0,1,1,6,2,33,6,1598,1,8,6,1,6
2017200182898,2,9,0,18,0,0,0,0,0,0,1,1,1,1,35,6,1368,1,8,2,1,2
2017200182905,1,9,0,18,0,3,0,0,0,0,1,1,6,1,27,6,998,1,11,5,1,5
2017200182905,2,9,0,18,0,3,0,0,0,0,4,1,6,1,23,5,998,1,8,1,1,1
2017200182915,1,9,0,18,0,1,0,0,0,0,1,1,6,3,-1,-1,1242,1,3,-1,-1,-1
2017200182915,2,9,0,4,0,1,0,0,0,0,2,1,6,1,39,7,1794,1,14,3,1,3
2017200182919,1,9,0,9,0,5,0,0,0,0,1,1,2,2,43,7,1991,1,14,6,1,6