Accident_Index,Vehicle_Reference,Vehicle_Type,Towing_and_Articulation,Vehicle_Manoeuvre,Vehicle_Location-Restricted_Lane,Junction_Location,Skidding_and_Overturning,Hit_Object_in_Carriageway,Vehicle_Leaving_Carriageway,Hit_Object_off_Carriageway,1st_Point_of_Impact,Was_Vehicle_Left_Hand_Drive?,Journey_Purpose_of_Driver,Sex_of_Driver,Age_of_Driver,Age_Band_of_Driver,Engine_Capacity_(CC),Propulsion_Code,Age_of_Vehicle,Driver_IMD_Decile,Driver_Home_Area_Type,Vehicle_IMD_Decile
2017200182919,2,5,0,18,0,8,5,10,1,0,4,1,6,1,62,9,1237,1,3,5,3,5
2017200182954,1,9,0,11,0,1,0,0,0,0,1,1,1,2,22,5,1242,1,4,1,1,1
2017200182972,1,1,0,18,0,0,0,0,0,0,1,1,6,1,22,5,-1,-1,-1,5,1,5
2017200182972,2,9,0,18,0,0,0,0,0,0,4,1,6,1,20,4,1229,1,11,5,1,5
2017200182983,1,9,0,9,0,5,0,0,0,0,1,1,6,2,75,10,1995,2,6,8,3,8
2017200182983,2,1,0,18,0,8,0,0,0,0,1,1,2,1,45,7,-1,-1,-1,3,1,3
2017200182997,1,9,0,18,0,1,0,0,0,0,1,1,2,2,40,7,1596,1,7,4,1,4
2017200183013,1,9,0,9,0,5,0,0,0,0,1,1,6,1,35,6,1198,1,13,1,1,1
2017200183013,2,19,0,18,0,8,0,0,0,0,1,1,6,3,30,6,-1,-1,-1,-1,-1,-1
2017200183054,1,19,0,9,0,2,0,0,0,0,1,1,1,1,39,7,2143,2,1,4,1,4
2017200183055,1,9,0,18,0,0,0,0,0,0,1,1,6,1,20,4,1388,1,5,-1,-1,-1
2017200183055,2,9,0,3,0,0,0,0,0,0,2,1,6,2,33,6,1781,1,15,3,1,3
2017200183065,1,9,0,5,0,0,0,0,0,0,1,1,6,3,20,4,1242,1,17,-1,-1,-1
2017200183065,2,8,0,3,0,0,0,0,0,0,2,1,1,1,43,7,1995,2,5,2,1,2
2017200183091,1,98,0,18,0,8,0,0,0,0,4,1,6,3,20,4,-1,-1,-1,-1,-1,-1
2017200183091,2,9,0,18,0,8,0,0,0,0,3,1,6,2,35,6,1598,1,9,3,1,3
2017200183098,1,9,0,17,0,1,1,7,8,4,1,1,6,1,22,5,1364,1,10,2,1,2
2017200183103,1,2,0,3,0,0,0,0,0,0,2,1,6,1,17,4,50,1,1,2,1,2
2017200183103,2,9,0,18,0,0,0,0,0,0,1,1,6,3,30,6,-1,-1,-1,-1,-1,-1
2017200183110,1,11,0,17,0,0,0,0,0,0,4,1,1,1,61,9,9000,2,8,1,1,1
2017200183114,1,9,0,18,0,0,0,0,0,0,4,1,6,1,31,6,1995,2,2,3,1,3
2017200183120,1,9,0,18,0,3,0,0,0,0,1,1,6,1,66,10,-1,-1,-1,10,1,10
2017200183120,2,1,0,18,0,1,0,0,0,0,1,1,6,1,70,10,-1,-1,-1,2,1,2
2017200183134,1,9,0,15,0,0,0,0,0,0,3,1,6,3,30,6,1598,2,1,-1,-1,-1
2017200183134,2,9,0,18,0,0,0,0,0,0,4,1,6,1,35,6,1998,2,12,1,1,1
2017200183139,1,9,0,18,0,6,0,0,0,0,4,1,6,1,48,8,1753,2,9,3,1,3
2017200183139,2,9,0,18,0,8,0,0,0,0,1,1,6,1,24,5,1600,2,8,1,1,1
2017200183169,1,19,0,4,0,0,0,0,0,0,2,1,6,1,27,6,2402,2,11,1,1,1
2017200183169,2,21,1,18,0,0,0,0,5,0,4,1,1,1,37,7,12419,2,1,1,1,1
2017200183241,1,98,0,18,0,0,0,0,0,0,1,1,6,1,-1,-1,-1,-1,-1,-1,-1,-1
2017200183244,1,9,0,18,0,8,0,0,0,0,1,1,1,1,31,6,1686,2,4,-1,-1,-1
2017200183244,2,9,0,9,0,8,0,0,0,0,1,1,5,2,55,8,1596,1,14,1,1,1
2017200183245,1,98,0,18,0,1,0,0,0,0,1,1,1,1,64,9,-1,-1,-1,5,1,5
2017200183245,2,9,0,8,0,1,0,0,0,0,2,1,6,2,62,9,999,1,2,6,1,6
2017200183252,1,9,0,3,0,1,0,0,0,0,1,1,1,1,56,9,2967,2,1,8,1,8
2017200183252,2,9,0,16,0,1,0,0,0,0,2,1,1,1,51,8,1598,1,9,1,1,1
2017200183255,1,9,0,18,0,2,0,0,0,0,1,1,6,1,71,10,1587,1,11,1,1,1
2017200183255,2,9,0,18,0,1,0,10,0,0,1,1,6,3,-1,-1,-1,-1,-1,-1,-1,-1
2017200183256,1,19,0,18,0,0,0,0,0,0,3,1,6,1,-1,-1,1870,2,11,6,1,6
2017200183256,2,16,0,18,0,0,0,0,0,0,4,1,6,2,44,7,-1,-1,-1,6,1,6
2017200183257,1,9,0,14,0,0,0,0,0,0,3,1,6,1,30,6,2498,2,20,-1,-1,-1
2017200183257,2,9,0,14,0,0,0,0,0,0,4,1,1,1,29,6,1398,1,12,2,1,2
2017200183269,1,9,0,18,0,4,0,0,0,0,4,1,6,1,23,5,1598,1,14,2,1,2
2017200183269,2,9,0,9,0,4,0,0,0,0,1,1,6,1,37,7,999,1,1,1,1,1
2017200183272,1,9,0,9,0,2,0,4,0,0,1,1,6,2,-1,-1,1997,2,6,6,1,6
2017200183272,2,9,0,18,0,2,0,0,0,0,2,1,6,1,54,8,998,1,9,2,1,2
2017200183272,3,9,0,2,0,2,0,0,0,0,1,1,5,1,21,5,1248,2,7,4,1,4
2017200183283,1,9,0,1,0,2,0,0,0,0,2,1,6,1,-1,-1,3199,1,14,-1,-1,-1
2017200183299,1,9,0,18,0,6,0,0,0,0,3,1,6,2,81,11,1388,1,14,8,1,8
2017200183299,2,9,0,18,0,8,0,0,0,0,3,1,6,2,33,6,1598,1,11,3,1,3
2017200183300,1,3,0,13,0,1,0,0,0,0,1,1,6,1,21,5,124,1,6,4,1,4
2017200183300,2,98,0,9,0,5,0,0,0,0,3,1,2,1,39,7,-1,-1,-1,1,1,1
2017200183335,1,9,0,18,0,0,0,4,0,0,1,1,1,1,50,8,1896,2,13,4,1,4
2017200183335,2,9,0,2,0,0,0,0,0,0,3,1,1,1,60,9,-1,-1,-1,1,1,1
2017200183338,1,9,0,18,0,0,0,0,0,0,4,1,6,1,42,7,1242,1,15,2,1,2
2017200183365,1,3,0,18,9,0,0,4,0,0,1,1,6,1,22,5,125,1,1,4,1,4
2017200183365,2,9,0,2,0,0,0,0,0,0,4,1,6,2,-1,-1,1299,1,15,10,2,10
2017200183371,1,9,0,4,0,4,0,0,0,0,1,1,6,1,30,6,1995,2,4,2,1,2
2017200183371,2,9,0,4,0,4,0,0,0,0,2,1,1,1,30,6,-1,3,1,1,1,1
2017200183393,1,9,0,18,0,6,0,0,0,0,3,1,6,2,34,6,1998,2,9,1,1,1
2017200183393,2,3,0,18,0,8,0,0,0,0,4,1,1,1,26,6,125,1,12,1,1,1
2017200183440,1,9,0,18,0,6,0,0,0,0,1,1,6,2,-1,-1,2099,1,14,-1,-1,-1
2017200183440,2,9,0,18,0,8,0,0,0,0,1,1,6,1,50,8,1396,1,15,2,1,2
2017200183522,1,10,0,18,0,1,0,0,0,0,3,1,1,1,29,6,2400,2,11,1,1,1
2017200183522,2,9,0,6,0,1,0,0,0,0,1,1,1,1,47,8,1461,2,12,7,1,7
2017200183572,1,9,0,18,0,8,0,0,0,0,1,1,2,1,53,8,1968,2,2,3,1,3
2017200183572,2,1,0,9,0,8,0,0,0,0,2,1,2,1,29,6,-1,-1,-1,1,1,1
2017200183597,1,9,0,9,0,1,0,0,0,0,1,1,2,1,44,7,1349,1,9,6,1,6
2017200183597,2,1,0,13,0,1,0,0,0,0,1,1,2,1,32,6,-1,-1,-1,5,1,5
2017200183624,1,9,0,9,0,5,0,0,0,0,3,1,1,2,43,7,2976,1,13,7,1,7
2017200183624,2,9,0,18,0,8,0,0,0,0,3,1,1,2,51,8,999,1,-1,8,1,8
2017200183625,1,9,0,18,0,0,0,0,0,0,2,1,6,2,53,8,1461,2,3,1,1,1
2017200183625,2,9,0,5,0,0,0,0,0,0,1,1,6,1,-1,-1,2143,2,6,-1,-1,-1
2017200183664,1,9,0,18,0,1,5,4,0,0,1,1,6,3,-1,-1,1299,1,15,-1,-1,-1
2017200183664,2,9,0,2,0,2,0,0,0,0,4,1,6,1,34,6,1910,2,7,1,1,1
2017200183664,3,9,0,2,0,1,0,4,0,0,2,1,6,1,27,6,1198,1,6,1,1,1
2017200183664,4,9,0,2,0,1,0,0,0,0,2,1,6,1,32,6,2179,2,12,1,1,1
2017200183665,1,9,5,18,0,0,0,4,0,0,1,1,6,2,66,10,1395,1,1,5,1,5
2017200183665,2,9,5,2,0,0,0,0,0,0,2,1,6,3,21,5,1461,2,14,2,1,2
2017200183666,1,9,0,7,0,5,0,0,0,0,4,1,2,1,41,7,1560,2,2,1,1,1
2017200183666,2,1,0,18,0,8,0,0,0,0,1,1,2,1,46,8,-1,-1,-1,1,1,1
2017200183668,1,9,0,5,0,6,0,0,0,0,3,1,6,2,67,10,1596,1,14,3,1,3
2017200183668,2,3,0,18,0,8,0,0,0,0,1,1,6,1,22,5,-1,-1,-1,3,1,3
2017200183673,1,9,0,9,0,5,0,0,0,0,1,1,1,2,28,6,1998,1,1,3,1,3
2017200183673,2,9,0,18,0,8,0,0,0,0,4,1,1,2,31,6,1998,1,13,1,1,1
2017200183677,1,9,0,3,0,2,0,0,0,0,2,1,3,2,40,7,2967,2,5,1,1,1
2017200183677,2,9,0,5,0,2,0,0,0,0,1,1,6,1,-1,-1,1299,1,17,-1,-1,-1
2017200183688,1,19,0,18,0,0,0,0,0,0,0,1,1,1,45,7,2198,2,5,5,1,5
2017200183688,2,9,0,4,0,0,0,0,0,0,1,1,6,2,19,4,1399,2,7,-1,-1,-1
2017200183690,1,9,0,7,0,6,0,0,0,0,4,1,6,3,-1,-1,-1,-1,-1,-1,-1,-1
2017200183690,2,9,0,7,0,6,0,0,0,0,3,1,2,2,25,5,998,1,11,2,1,2
2017200183701,1,9,0,4,0,0,0,0,0,0,2,1,3,2,36,7,2497,1,12,1,1,1
2017200183701,2,19,0,18,0,0,0,0,0,0,1,1,6,1,-1,-1,1998,2,12,-1,-1,-1
2017200183704,1,98,0,7,0,1,0,0,0,0,0,1,6,1,-1,-1,-1,-1,-1,-1,-1,-1
2017200183704,2,3,0,18,0,1,2,0,0,0,0,1,6,1,23,5,125,1,3,3,1,3
2017200183716,1,21,0,18,0,8,0,0,0,0,0,1,1,1,-1,-1,6700,2,1,-1,-1,-1
2017200183716,2,9,0,18,0,8,0,0,0,0,3,1,6,2,32,6,1998,1,7,1,1,1
2017200183721,1,9,0,9,0,5,0,0,0,0,2,1,6,3,23,5,1896,2,10,3,1,3
2017200183721,2,9,0,18,0,8,0,0,0,0,4,1,6,1,19,4,1124,1,12,2,1,2
2017200183735,1,9,0,3,0,0,0,0,0,0,2,1,6,2,21,5,1390,1,7,-1,-1,-1
2017200183735,2,9,0,18,0,0,0,0,0,0,1,1,6,1,-1,-1,1910,2,10,-1,-1,-1
2017200183748,1,9,0,18,0,1,0,0,0,0,1,1,6,1,-1,-1,-1,-1,-1,-1,-1,-1
2017200183748,2,9,0,3,0,1,0,0,0,0,2,1,1,2,45,7,1461,2,8,4,1,4
2017200183774,1,9,0,9,9,6,0,0,0,0,1,1,2,1,-1,-1,1596,1,5,-1,-1,-1
2017200183774,2,1,0,18,9,8,0,0,0,0,1,1,6,1,42,7,-1,-1,-1,5,1,5
2017200183785,1,9,0,9,0,8,0,0,0,0,4,1,6,2,35,6,1199,1,14,2,1,2
2017200183785,2,9,0,9,0,8,0,0,0,0,3,1,6,1,25,5,1299,1,14,-1,-1,-1
2017200183789,1,9,0,7,0,3,0,0,0,0,1,1,6,3,-1,-1,2967,2,3,-1,-1,-1
2017200183789,2,9,0,7,0,3,0,0,0,0,2,1,6,2,49,8,1229,1,9,1,1,1
2017200183921,1,19,0,18,0,0,0,4,7,11,1,1,6,1,28,6,1461,2,5,1,1,1
2017200183921,2,9,0,2,0,0,0,0,0,0,4,1,6,1,42,7,1800,1,17,-1,-1,-1
2017200183924,1,9,0,18,0,0,0,0,0,0,1,1,6,1,25,5,1390,1,13,10,1,10
2017200183938,1,11,0,9,0,8,0,0,0,0,0,1,6,3,-1,-1,-1,-1,-1,-1,-1,-1
2017200183938,2,9,0,9,0,8,0,0,0,0,0,1,6,3,-1,-1,-1,-1,-1,-1,-1,-1
2017200183954,1,9,0,18,0,0,0,0,0,0,1,1,6,3,-1,-1,-1,-1,-1,-1,-1,-1
2017200183957,1,8,0,5,0,0,0,0,0,0,0,1,6,1,-1,-1,-1,-1,-1,-1,-1,-1
2017200183982,1,9,0,18,0,8,0,0,0,0,1,1,6,1,31,6,1390,1,7,1,1,1
2017200183982,2,9,0,9,0,6,0,0,0,0,3,1,1,1,33,6,1997,1,13,1,1,1
2017200184075,1,9,0,18,0,0,0,0,0,0,1,1,6,2,18,4,1296,1,9,-1,-1,-1
2017200184075,2,1,0,18,0,0,0,0,0,0,2,1,6,1,16,4,-1,-1,-1,5,1,5
2017200184146,1,9,0,18,0,4,0,0,0,0,3,1,6,2,37,7,1398,2,13,2,1,2
2017200184146,2,9,0,18,0,8,0,0,0,0,4,1,1,1,37,7,2204,2,9,2,1,2
2017200184189,1,1,0,18,9,8,0,0,0,0,1,1,6,1,47,8,-1,-1,-1,-1,-1,-1
2017200184189,2,9,0,7,0,5,0,0,0,0,1,1,6,1,-1,-1,998,1,5,-1,-1,-1
2017200184299,1,9,0,18,0,1,0,0,0,0,1,1,1,1,39,7,1798,1,7,3,1,3
2017200184299,2,9,0,9,0,5,0,0,0,0,3,1,6,1,-1,-1,1995,2,10,-1,-1,-1
2017200184326,1,9,0,18,0,8,0,0,0,0,3,1,1,1,31,6,1198,1,13,1,1,1
2017200184326,2,1,0,18,0,6,0,0,0,0,4,1,3,1,11,3,-1,-1,-1,1,1,1
2017200184341,1,3,0,14,0,0,1,0,0,0,0,1,2,1,21,5,124,1,5,1,1,1
2017200184347,1,9,0,7,0,6,0,0,0,0,1,1,6,3,20,4,-1,-1,-1,-1,-1,-1
2017200184347,2,9,0,4,0,8,0,10,4,7,4,1,6,2,49,8,1686,2,2,1,1,1
2017200184347,3,9,0,4,0,8,0,0,0,0,1,1,6,1,20,4,-1,-1,-1,-1,-1,-1
2017200184372,1,9,0,18,0,8,0,0,0,0,1,1,1,1,27,6,-1,-1,-1,1,1,1
2017200184372,2,9,0,18,0,8,0,0,0,0,3,1,2,1,24,5,1242,1,11,-1,-1,-1
2017200184372,3,9,0,7,0,8,0,0,0,0,3,1,6,1,43,7,2000,2,6,-1,-1,-1
2017200184409,1,9,0,9,0,6,0,0,0,0,0,1,6,3,20,4,-1,-1,-1,-1,-1,-1
2017200184409,2,9,0,9,0,1,1,0,0,0,2,1,1,1,41,7,1598,1,14,1,1,1
2017200184409,3,9,0,4,0,1,1,0,0,0,1,1,1,2,32,6,-1,-1,-1,-1,-1,-1
2017200184454,1,9,0,18,0,8,0,0,0,0,4,1,5,1,37,7,1900,2,17,9,1,9
2017200184454,2,9,0,9,0,6,0,0,0,0,1,1,5,2,20,4,1968,2,1,-1,-1,-1
2017200184484,1,9,0,3,0,1,0,0,0,0,1,1,6,1,20,4,1461,2,4,-1,-1,-1
2017200184484,2,9,0,4,0,1,0,0,0,0,2,1,6,1,24,5,1995,2,2,-1,-1,-1
2017200184538,1,9,0,13,0,8,0,0,0,0,1,1,6,1,34,6,1299,1,17,1,1,1
2017200184538,2,9,0,9,0,6,0,0,0,0,3,1,6,2,21,5,1242,1,2,1,1,1
2017200184564,1,9,0,18,0,0,0,0,0,0,1,1,6,1,48,8,1598,2,7,2,1,2
2017200184579,1,9,0,2,0,0,0,0,0,0,0,1,3,1,-1,-1,1598,2,3,-1,-1,-1
2017200184616,1,9,0,7,0,5,5,10,1,1,3,1,6,1,28,6,-1,-1,-1,8,1,8
2017200184616,2,9,0,2,0,2,0,0,0,0,3,1,5,2,30,6,1997,2,2,-1,-1,-1
2017200184653,1,9,0,2,0,0,0,0,0,0,0,1,6,1,41,7,1598,2,1,10,1,10
2017200184653,2,11,0,14,0,0,0,11,0,0,1,1,6,1,31,6,12000,2,8,3,1,3
2017200184676,1,9,0,11,0,0,0,0,0,0,1,1,6,1,28,6,998,1,11,1,1,1
2017200184676,2,21,1,18,0,0,0,0,0,0,3,1,6,1,58,9,12419,2,1,9,1,9
2017200184676,3,9,0,18,0,0,0,0,0,0,0,1,1,1,-1,-1,-1,-1,-1,1,1,1
2017200184721,1,9,0,17,0,4,0,0,0,0,1,1,6,2,50,8,1598,1,4,1,1,1
2017200184786,1,98,0,18,0,0,0,0,0,0,1,1,6,1,-1,-1,-1,-1,-1,-1,-1,-1
2017200184786,2,5,0,3,0,0,5,0,0,0,2,1,2,1,52,8,1299,1,14,8,1,8
2017200184836,1,9,0,7,0,6,0,0,0,0,1,1,6,1,41,7,1598,1,10,4,1,4
2017200184836,2,9,0,18,0,8,0,0,1,0,4,1,6,2,21,5,1968,2,1,4,1,4
2017200184852,1,9,0,18,0,0,0,4,0,0,1,1,6,2,38,7,1364,1,11,2,1,2
2017200184852,2,9,0,2,0,0,0,10,1,0,1,1,6,2,-1,-1,1598,1,9,5,1,5
2017200184908,1,9,0,16,0,0,1,10,1,1,1,1,6,1,28,6,1198,1,12,-1,-1,-1
2017200184958,1,3,0,18,0,0,1,0,0,0,0,1,2,1,20,4,124,1,10,1,1,1
2017200184958,2,9,0,6,0,0,0,0,0,0,0,1,1,1,37,7,1896,2,10,1,1,1
2017200184989,1,9,0,18,0,8,0,0,0,0,1,1,6,3,-1,-1,1598,7,15,-1,-1,-1
2017200184989,2,9,0,18,0,8,0,0,0,0,3,1,6,1,31,6,1396,1,15,1,1,1
2017200185062,1,9,0,18,0,0,0,0,0,0,1,1,6,2,34,6,1995,2,7,4,1,4
2017200185062,2,1,0,18,0,0,0,0,0,0,1,1,6,1,12,3,-1,-1,-1,2,1,2
2017200185069,1,9,0,7,0,6,0,0,0,0,1,1,6,2,38,7,1390,1,14,1,1,1
2017200185124,1,9,0,18,0,0,0,0,0,0,1,1,6,3,-1,-1,1798,1,13,-1,-1,-1
2017200185124,2,9,0,18,0,0,0,0,0,0,1,1,6,1,25,5,2143,2,3,-1,-1,-1
2017200185164,1,9,0,9,0,5,0,0,0,0,1,1,6,1,46,8,1598,1,14,2,1,2
2017200185164,2,9,0,18,0,8,0,0,0,0,1,1,6,1,63,9,2500,2,13,2,1,2
2017200185164,3,9,0,10,0,1,0,0,0,0,1,1,6,1,39,7,1998,1,3,1,1,1
2017200185187,1,9,0,18,0,8,0,0,0,0,1,1,6,1,-1,-1,1595,2,8,-1,-1,-1
2017200185187,2,9,0,18,0,8,0,0,0,0,2,1,6,1,42,7,1560,2,2,3,1,3
2017200185213,1,3,0,4,0,0,2,0,0,0,1,1,2,1,31,6,124,1,1,7,1,7
2017200185232,1,9,0,5,0,6,1,0,0,0,1,1,1,1,41,7,1968,2,8,1,1,1
2017200185232,2,9,0,18,0,8,0,10,0,0,3,1,1,1,48,8,1598,1,12,5,1,5
2017200185237,1,9,0,9,0,1,0,0,0,0,4,1,6,1,53,8,1598,1,14,3,1,3
2017200185239,1,9,0,9,0,5,0,0,0,0,3,1,6,2,28,6,1956,2,2,2,1,2
2017200185239,2,1,0,18,0,8,0,0,0,0,1,1,6,1,25,5,-1,-1,-1,1,1,1
2017200185255,1,9,0,18,0,1,0,0,0,0,1,1,6,3,-1,-1,-1,-1,-1,-1,-1,-1
2017200185255,2,9,0,3,0,1,0,0,0,0,2,1,6,2,33,6,1461,2,5,2,1,2
2017200185256,1,9,0,9,0,6,0,0,0,0,1,1,1,1,28,6,1595,1,12,3,1,3
2017200185256,2,9,0,18,0,8,0,0,0,0,1,1,1,1,31,6,998,1,1,6,1,6
2017200185258,1,9,0,5,0,6,0,0,0,0,3,1,2,1,20,4,998,1,5,3,1,3
2017200185258,2,1,0,18,0,8,0,0,0,0,1,1,6,1,31,6,-1,-1,-1,1,1,1
2017200185294,1,9,0,4,0,8,0,0,0,0,1,1,6,1,26,6,1395,1,-1,-1,-1,-1
2017200185294,2,9,0,4,0,8,0,0,0,0,3,1,6,1,27,6,1360,1,14,2,1,2
2017200185302,1,9,0,5,0,6,0,0,0,0,1,1,6,2,28,6,998,1,13,1,1,1
2017200185302,2,9,0,18,0,8,0,4,1,0,3,1,6,1,26,6,-1,-1,-1,10,1,10
2017200185302,3,19,0,2,9,2,0,0,0,0,4,1,6,1,46,8,2148,2,7,7,1,7
2017200185307,1,9,0,18,0,0,0,0,0,0,0,1,6,3,-1,-1,-1,-1,-1,-1,-1,-1
2017200185318,1,9,0,17,0,0,1,0,0,0,1,1,6,1,30,6,1595,1,13,3,1,3
2017200185318,2,9,0,16,0,0,0,0,0,0,1,1,5,2,56,9,1686,2,15,2,1,2
2017200185324,1,9,0,18,0,0,0,10,1,2,4,1,6,1,20,4,1124,1,15,-1,-1,-1
2017200185342,1,19,0,11,0,1,0,0,0,0,4,1,6,3,-1,-1,2198,2,1,-1,-1,-1
2017200185342,2,9,0,16,0,1,0,0,1,0,3,1,2,2,21,5,1206,1,6,2,1,2
2017200185344,1,9,0,15,0,2,0,0,0,0,4,1,1,2,29,6,1796,1,14,2,1,2
2017200185350,1,9,0,18,0,2,0,0,0,0,1,1,6,1,21,5,1198,1,6,2,1,2
2017200185384,1,9,0,16,0,0,0,0,0,0,4,1,6,3,-1,-1,-1,-1,-1,-1,-1,-1
2017200185389,1,11,0,18,0,2,0,0,0,0,0,1,1,1,51,8,7300,2,9,1,1,1
2017200185412,1,9,0,18,0,0,0,0,0,0,0,1,6,3,20,4,-1,-1,-1,-1,-1,-1
2017200185412,2,9,0,18,0,0,0,0,0,0,2,1,1,1,34,6,2000,2,6,3,1,3
2017200185412,3,9,0,18,0,0,0,0,0,0,1,1,1,1,45,7,1399,2,6,10,1,10
2017200185412,4,9,0,18,0,0,0,0,0,0,2,1,1,1,54,8,1995,2,13,3,1,3
2017200185444,1,8,0,4,0,1,0,0,0,0,0,1,5,3,20,4,1794,1,11,-1,-1,-1
2017200185453,1,9,0,18,0,0,0,0,0,0,1,1,6,1,36,7,1998,2,4,1,1,1
2017200185500,1,9,0,18,0,0,0,8,0,0,4,1,6,1,49,8,1461,2,11,3,1,3
2017200185500,2,9,0,2,0,0,0,0,0,0,3,1,6,1,-1,-1,1598,1,8,-1,-1,-1
2017200185509,1,8,0,1,0,0,0,0,0,0,2,1,6,1,-1,-1,1995,2,7,2,1,2
2017200185528,1,5,0,13,0,1,1,10,7,1,1,1,6,1,42,7,748,1,21,1,1,1
2017200185528,2,9,0,9,0,1,0,0,0,0,4,1,1,1,46,8,1995,2,11,5,1,5
2017200185531,1,9,0,18,0,4,0,0,0,0,0,1,6,1,-1,-1,1386,1,11,5,1,5
2017200185531,2,9,0,18,0,8,0,0,1,0,3,1,2,2,51,8,1198,1,9,3,1,3
2017200185550,1,9,0,18,0,0,0,0,0,0,1,1,6,1,32,6,2993,2,9,2,1,2
2017200185550,2,20,0,18,0,0,0,0,0,0,1,1,1,1,53,8,-1,-1,-1,8,1,8
2017200185570,1,9,0,9,0,5,0,0,7,10,4,1,6,1,93,11,1597,1,19,9,1,9
2017200185570,2,9,0,18,0,8,0,0,1,0,1,1,6,1,20,4,-1,-1,-1,8,1,8
2017200185608,1,8,0,18,0,8,0,0,0,0,1,1,6,1,34,6,2199,2,5,-1,-1,-1
2017200185608,2,9,0,18,0,6,0,0,0,0,1,1,1,1,-1,-1,-1,-1,-1,-1,-1,-1
2017200185631,1,9,0,18,0,0,0,0,0,0,1,1,6,3,20,4,1390,1,8,-1,-1,-1
2017200185631,2,9,0,4,0,0,0,0,0,0,2,1,2,1,26,6,1386,1,4,8,1,8
2017200185667,1,9,0,18,0,8,0,0,0,0,1,1,6,2,18,4,1560,2,3,-1,-1,-1
2017200185667,2,9,0,9,0,5,0,0,0,0,3,1,6,1,47,8,1461,2,6,1,1,1
2017200185682,1,97,0,18,9,0,0,0,0,0,1,1,6,3,20,4,-1,-1,-1,-1,-1,-1
2017200185690,1,8,0,9,0,5,0,0,0,0,1,1,6,3,20,4,-1,-1,-1,-1,-1,-1
2017200185732,1,9,0,18,0,0,0,0,0,0,1,1,1,1,37,7,1950,2,-1,-1,-1,-1
2017200185733,1,9,0,18,0,8,0,0,0,0,1,1,6,3,-1,-1,-1,-1,-1,-1,-1,-1
2017200185733,2,3,0,18,0,8,0,0,0,0,1,1,6,1,55,8,125,1,1,3,1,3
2017200185734,1,9,0,18,0,0,0,10,0,0,1,1,6,1,-1,-1,1995,1,13,-1,-1,-1
2017200185734,2,9,0,9,0,0,0,0,0,0,4,1,6,1,34,6,1998,1,8,8,2,8
2017200185741,1,9,0,18,0,1,0,0,0,0,1,1,6,2,23,5,1968,2,7,3,1,3
2017200185741,2,9,0,18,0,1,0,0,0,0,2,1,6,1,-1,-1,-1,-1,-1,-1,-1,-1
2017200185747,1,9,0,18,0,1,0,0,0,0,1,1,6,1,57,9,1986,2,11,3,1,3
2017200185747,2,9,0,9,0,1,0,0,0,0,2,1,6,1,47,8,1364,1,12,1,1,1
2017200185768,1,9,0,13,0,0,2,10,7,2,1,1,6,1,20,4,5000,1,8,9,1,9
2017200185781,1,9,0,18,0,0,0,4,0,0,1,1,6,2,32,6,1390,1,11,4,1,4
2017200185781,2,98,0,2,0,0,0,4,0,0,2,1,1,1,32,6,-1,-1,-1,1,1,1
2017200185781,3,9,0,2,0,0,0,0,0,0,2,1,1,1,41,7,1598,2,2,1,1,1
2017200185799,1,1,0,18,0,8,0,0,0,0,1,1,6,2,31,6,-1,-1,-1,1,1,1
2017200185799,2,9,0,18,0,6,0,0,0,0,1,1,6,3,-1,-1,1686,2,12,-1,-1,-1
2017200186056,1,9,0,9,0,3,0,0,0,0,4,1,6,2,37,7,1560,2,7,10,1,10
2017200186056,2,19,0,18,0,4,0,0,0,0,1,1,6,1,-1,-1,2298,2,7,3,1,3
2017200186056,3,9,0,18,0,4,0,0,0,0,1,1,6,1,21,5,998,1,1,6,1,6
2017200186070,1,9,0,9,0,5,0,0,0,0,4,1,6,1,20,4,1242,1,11,6,1,6
2017200186070,2,9,0,17,0,8,0,0,0,0,4,1,1,2,41,7,998,1,16,2,1,2
2017200186104,1,9,0,18,0,1,0,0,0,0,3,1,6,1,33,6,1398,1,4,6,1,6
2017200186104,2,9,0,13,0,2,0,0,0,0,1,1,6,1,-1,-1,1968,2,7,-1,-1,-1
2017200186133,1,9,0,18,0,0,0,0,0,0,1,1,6,1,30,6,1590,1,14,1,1,1
2017200186133,2,1,0,18,9,0,0,0,0,0,1,1,6,1,20,4,-1,-1,-1,1,1,1
2017200186202,1,9,0,18,0,0,0,0,0,0,1,1,6,1,20,4,1248,2,9,4,1,4
2017200186202,2,9,0,3,0,0,0,0,0,0,2,1,6,2,20,4,1248,1,2,2,1,2
2017200186202,3,9,0,3,0,0,0,0,0,0,2,1,6,1,48,8,1798,2,4,10,1,10
2017200186202,4,9,0,3,0,0,0,0,0,0,1,1,6,2,20,4,1248,1,5,1,1,1
2017200186223,1,98,0,5,0,3,0,0,0,0,1,1,1,1,-1,-1,-1,-1,-1,-1,-1,-1
2017200186223,2,9,0,12,0,8,0,0,0,0,1,1,1,1,33,6,-1,-1,-1,2,1,2
2017200186268,1,9,0,18,0,8,0,0,0,0,1,1,6,1,18,4,1995,2,5,1,1,1
2017200186268,2,9,0,9,0,5,0,0,0,0,2,1,6,2,42,7,1796,1,9,1,1,1
2017200186278,1,9,0,18,0,0,0,0,1,0,4,1,6,1,38,7,1364,2,12,1,1,1