Accident_Index,Vehicle_Reference,Vehicle_Type,Towing_and_Articulation,Vehicle_Manoeuvre,Vehicle_Location-Restricted_Lane,Junction_Location,Skidding_and_Overturning,Hit_Object_in_Carriageway,Vehicle_Leaving_Carriageway,Hit_Object_off_Carriageway,1st_Point_of_Impact,Was_Vehicle_Left_Hand_Drive?,Journey_Purpose_of_Driver,Sex_of_Driver,Age_of_Driver,Age_Band_of_Driver,Engine_Capacity_(CC),Propulsion_Code,Age_of_Vehicle,Driver_IMD_Decile,Driver_Home_Area_Type,Vehicle_IMD_Decile
2017200200557,1,9,0,9,0,6,0,0,0,0,1,1,6,2,-1,-1,1598,1,17,-1,-1,-1
2017200200557,2,9,0,18,0,8,0,0,0,0,3,1,6,2,26,6,1422,2,8,-1,-1,-1
2017200200583,1,9,0,18,0,0,0,0,0,0,4,1,6,3,-1,-1,-1,-1,-1,-1,-1,-1
2017200200599,1,9,0,18,0,0,0,0,0,0,1,1,6,2,33,6,1686,2,2,-1,-1,-1
2017200200599,2,9,0,12,0,0,0,0,0,0,3,1,6,2,36,7,1900,2,11,-1,-1,-1
2017200200621,1,9,0,4,0,6,0,0,0,0,1,1,4,2,30,6,998,1,18,-1,-1,-1
2017200200621,2,9,0,18,0,8,0,0,0,0,3,1,6,1,69,10,1560,2,2,-1,-1,-1
2017200200668,1,9,0,9,0,8,0,0,0,0,1,1,6,2,21,5,998,1,4,-1,-1,-1
2017200200668,2,5,0,18,0,8,0,0,0,0,1,1,2,1,51,8,892,1,21,1,1,1
2017200200673,1,9,0,9,0,5,0,0,0,0,4,1,6,1,-1,-1,1781,1,16,-1,-1,-1
2017200200673,2,9,0,18,0,8,0,0,0,0,1,1,6,1,33,6,1329,1,1,-1,-1,-1
2017200200684,1,9,0,18,0,8,0,0,0,0,3,1,6,2,59,9,1587,1,17,4,1,4
2017200200684,2,9,0,18,0,8,0,0,0,0,1,1,6,1,19,4,998,1,13,1,1,1
2017200200699,1,9,0,1,0,1,0,0,0,0,2,1,1,1,-1,-1,1560,2,10,-1,-1,-1
2017200200718,1,9,0,16,0,0,0,0,0,0,1,1,6,2,61,9,1591,1,4,-1,-1,-1
2017200200718,2,9,0,17,0,0,0,0,0,0,1,1,6,1,17,4,1397,1,10,-1,-1,-1
2017200200746,1,9,0,18,0,0,0,0,0,0,0,1,6,1,-1,-1,1995,2,11,-1,-1,-1
2017200200746,2,11,0,12,0,0,0,0,0,0,0,1,1,1,29,6,9360,2,4,-1,-1,-1
2017200200807,1,9,0,18,0,6,0,0,0,0,4,1,6,1,-1,-1,1390,1,8,1,1,1
2017200200807,2,9,0,18,0,8,0,0,0,0,2,1,1,1,-1,-1,-1,-1,-1,-1,-1,-1
2017200200841,1,9,0,-1,-1,0,-1,-1,-1,0,-1,1,6,2,18,4,1242,1,6,-1,-1,-1
2017200200841,2,9,-1,-1,-1,0,-1,-1,-1,0,-1,1,6,2,29,6,1956,2,5,-1,-1,-1
2017200200845,1,9,0,18,0,1,1,0,0,0,1,1,6,1,20,4,1998,1,12,2,1,2
2017200200845,2,9,0,10,0,1,0,0,0,0,2,1,1,1,54,8,-1,-1,-1,5,1,5
2017200200849,1,9,0,18,0,8,0,0,0,0,2,1,6,2,25,5,1398,1,1,2,1,2
2017200200849,2,9,0,11,0,8,0,0,0,0,0,1,6,3,-1,-1,-1,-1,-1,-1,-1,-1
2017200200849,3,9,0,18,0,8,0,0,0,0,1,1,6,3,-1,-1,-1,-1,-1,-1,-1,-1
2017200200864,1,9,0,18,0,1,0,0,0,0,3,1,6,1,69,10,1590,1,17,2,1,2
2017200200867,1,9,0,18,0,8,0,10,7,11,1,1,6,1,-1,-1,1398,2,14,-1,-1,-1
2017200200867,2,9,0,18,0,8,0,10,7,0,1,1,2,2,48,8,1422,2,15,-1,-1,-1
2017200200868,1,8,0,18,0,1,0,0,0,0,3,1,1,1,50,8,1794,1,12,1,1,1
2017200200899,1,9,0,5,0,4,0,0,0,0,1,1,6,1,68,10,998,1,8,2,1,2
2017200200899,2,9,0,5,0,4,0,0,0,0,1,1,6,2,57,9,998,1,7,4,1,4
2017200200918,1,9,0,3,0,2,0,0,0,0,4,1,6,1,82,11,998,1,17,-1,-1,-1
2017200200918,2,9,0,1,0,6,0,0,0,0,2,1,6,1,-1,-1,1984,1,14,-1,-1,-1
2017200200959,1,9,0,18,0,1,0,4,0,0,1,1,6,3,30,6,1388,1,13,-1,-1,-1
2017200200959,2,9,0,3,0,1,0,0,0,0,1,1,2,1,28,6,998,1,15,1,1,1
2017200200959,3,9,0,2,0,2,0,0,0,0,3,1,6,3,-1,-1,-1,-1,-1,-1,-1,-1
2017200200981,1,9,0,3,0,8,0,0,0,0,2,1,6,1,18,4,1598,2,4,-1,-1,-1
2017200200981,2,9,0,18,0,8,0,0,0,0,2,1,6,1,40,7,2199,2,6,6,1,6
2017200200981,3,19,0,3,0,8,0,0,0,0,1,1,6,1,-1,-1,2287,2,10,-1,-1,-1
2017200201037,1,9,0,18,0,0,0,0,0,0,0,1,6,1,20,4,1242,1,5,-1,-1,-1
2017200201081,1,19,0,18,0,0,0,0,5,0,3,1,6,1,27,6,1598,2,4,6,1,6
2017200201081,2,9,0,18,0,0,0,0,0,0,4,1,6,2,46,8,1339,1,8,-1,-1,-1
2017200201166,1,9,0,9,0,6,0,0,0,0,1,1,6,2,60,9,1339,1,4,5,1,5
2017200201167,1,9,0,18,0,1,0,7,0,0,1,1,2,1,21,5,1200,1,-1,2,1,2
2017200201167,2,9,0,18,0,2,0,0,0,0,0,1,1,1,48,8,-1,-1,-1,9,1,9
2017200201169,1,9,0,14,0,1,1,0,0,0,1,1,6,1,-1,-1,1984,1,3,-1,-1,-1
2017200201169,2,9,0,16,0,1,0,0,0,0,1,1,1,2,52,8,-1,-1,-1,-1,-1,-1
2017200201173,1,9,0,7,0,6,0,0,0,0,1,1,6,3,-1,-1,-1,-1,-1,-1,-1,-1
2017200201173,2,9,0,18,0,8,0,0,0,0,2,1,6,2,60,9,1598,1,11,-1,-1,-1
2017200201178,1,9,0,18,0,1,0,0,0,0,3,1,6,1,-1,-1,1598,1,13,-1,-1,-1
2017200201178,2,9,0,4,0,1,0,0,0,0,2,1,6,2,47,8,-1,-1,-1,-1,-1,-1
2017200201184,1,9,0,16,0,8,0,0,0,0,1,1,6,1,21,5,1984,1,2,10,1,10
2017200201190,1,9,0,18,0,8,0,0,0,0,1,1,6,2,52,8,1299,1,13,1,1,1
2017200201190,2,1,0,18,0,6,0,0,0,0,1,1,6,2,24,5,-1,-1,-1,-1,-1,-1
2017200201211,1,11,0,18,0,1,0,0,0,0,0,1,1,1,57,9,7300,2,5,-1,-1,-1
2017200201211,2,9,0,5,0,6,0,0,0,0,0,1,6,2,-1,-1,1598,2,3,4,1,4
2017200201215,1,9,0,9,0,6,0,0,0,0,3,1,5,1,-1,-1,1598,1,6,-1,-1,-1
2017200201215,2,1,0,18,0,1,0,0,0,0,1,1,2,1,22,5,-1,-1,-1,-1,-1,-1
2017200201217,1,9,0,18,0,0,0,0,0,0,1,1,1,1,30,6,1995,2,8,3,1,3
2017200201217,2,9,0,3,0,0,0,0,0,0,2,1,6,1,24,5,1388,1,7,9,1,9
2017200201217,3,9,0,3,0,0,0,0,0,0,2,1,6,2,49,8,1390,1,13,1,1,1
2017200201224,1,9,0,18,9,0,5,7,1,0,1,1,2,2,35,6,2993,2,-1,8,1,8
2017200201224,2,9,0,18,0,0,0,0,0,0,0,1,6,1,35,6,1240,1,13,2,1,2
2017200201224,3,9,0,18,0,0,0,0,0,0,0,1,6,2,53,8,1198,1,6,8,1,8
2017200201251,1,9,0,16,2,2,0,0,0,0,1,1,6,1,21,5,1199,1,13,-1,-1,-1
2017200201251,2,9,0,17,0,1,0,0,0,0,3,1,6,1,-1,-1,1997,2,12,-1,-1,-1
2017200201265,1,9,0,18,0,4,0,0,0,0,0,1,6,3,-1,-1,1995,2,6,-1,-1,-1
2017200201265,2,9,0,18,0,8,0,9,0,0,1,1,6,1,29,6,1599,1,14,-1,-1,-1
2017200201267,1,9,0,7,0,6,0,0,0,0,3,1,6,3,30,6,1997,2,17,-1,-1,-1
2017200201267,2,9,0,18,0,8,0,0,0,0,1,1,1,2,51,8,-1,-1,-1,1,1,1
2017200201291,1,22,0,18,0,0,0,0,0,0,4,1,6,1,88,11,-1,-1,-1,-1,-1,-1
2017200201291,2,9,0,18,0,0,0,0,0,0,1,1,6,1,35,6,1596,1,11,-1,-1,-1
2017200201295,1,9,0,18,0,8,0,0,0,0,1,1,6,1,37,7,1199,1,14,-1,-1,-1
2017200201295,2,9,0,5,0,8,0,0,0,0,4,1,6,2,-1,-1,1124,1,14,-1,-1,-1
2017200201302,1,9,0,4,0,0,0,0,0,0,2,1,1,1,54,8,-1,-1,-1,1,1,1
2017200201302,2,19,0,4,0,0,0,0,0,0,1,1,1,1,23,5,2143,2,5,4,1,4
2017200201335,1,9,0,18,0,8,0,0,0,0,1,1,2,2,24,5,998,1,1,1,1,1
2017200201335,2,9,0,4,0,8,0,0,0,0,4,1,2,2,-1,-1,1242,1,3,2,1,2
2017200201388,1,9,0,7,0,6,1,0,0,0,3,1,6,1,-1,-1,1956,2,3,-1,-1,-1
2017200201388,2,9,0,18,0,8,0,0,0,0,1,1,6,1,57,9,1560,2,2,-1,-1,-1
2017200201396,1,98,0,-1,-1,0,-1,-1,-1,0,1,1,5,1,48,8,-1,-1,-1,-1,-1,-1
2017200201396,2,9,0,-1,-1,0,-1,-1,-1,0,1,1,5,2,28,6,-1,-1,-1,-1,-1,-1
2017200201396,3,9,0,-1,-1,0,-1,-1,-1,0,1,1,6,1,68,10,2179,2,2,7,3,7
2017200201396,4,9,0,-1,-1,0,-1,-1,-1,0,2,1,6,1,48,8,1388,1,13,3,1,3
2017200201413,1,9,0,18,0,0,0,0,0,0,1,1,6,3,-1,-1,-1,-1,-1,-1,-1,-1
2017200201482,1,9,0,18,0,8,0,0,0,0,3,1,6,1,46,8,647,8,2,-1,-1,-1
2017200201482,2,9,0,9,0,5,0,0,0,0,1,1,6,2,88,11,998,1,15,-1,-1,-1
2017200201516,1,9,0,11,0,8,0,10,0,0,4,1,6,2,-1,-1,1997,2,14,-1,-1,-1
2017200201516,2,9,0,18,0,3,0,0,0,0,3,1,6,2,31,6,1796,1,13,-1,-1,-1
2017200201552,1,1,0,14,0,1,0,0,0,0,1,1,2,1,49,8,-1,-1,-1,-1,-1,-1
2017200201553,1,9,0,6,0,2,0,0,0,0,1,1,6,1,45,7,998,1,17,-1,-1,-1
2017200201577,1,9,0,18,0,6,0,0,0,0,4,1,6,2,27,6,2179,2,5,10,3,10
2017200201577,2,9,0,18,0,8,0,0,0,0,1,1,1,1,47,8,-1,-1,-1,-1,-1,-1
2017200201634,1,9,0,18,0,4,0,0,0,0,1,1,6,2,50,8,1598,1,7,-1,-1,-1
2017200201634,2,3,0,17,0,8,0,0,0,0,4,1,6,1,42,7,125,1,2,3,2,3
2017200201637,1,9,0,18,0,1,0,0,0,0,1,1,6,1,72,10,1988,1,15,1,1,1
2017200201646,1,9,0,4,0,0,0,0,0,0,2,1,6,2,45,7,1329,1,8,-1,-1,-1
2017200201646,2,9,0,18,0,0,0,0,0,0,1,1,6,2,35,6,2198,2,13,-1,-1,-1
2017200201651,1,9,0,17,0,0,1,10,2,2,1,1,6,1,19,4,1995,2,4,-1,-1,-1
2017200201663,1,9,0,18,0,8,0,0,0,0,0,1,6,1,35,6,1399,2,14,7,2,7
2017200201663,2,5,0,9,0,6,0,0,0,0,1,1,6,1,26,6,600,1,14,5,1,5
2017200201669,1,9,0,17,0,2,0,0,0,0,1,1,6,1,52,8,1299,1,18,-1,-1,-1
2017200201669,2,19,0,2,0,2,0,4,0,0,2,1,5,1,39,7,2151,2,13,6,1,6
2017200201669,3,9,0,2,0,2,0,0,0,0,1,1,5,1,39,7,2401,2,14,6,1,6
2017200201675,1,9,0,18,0,8,0,10,1,4,1,1,6,1,52,8,1598,1,12,-1,-1,-1
2017200201675,2,9,0,7,0,6,0,0,0,0,1,1,6,3,-1,-1,-1,-1,-1,-1,-1,-1
2017200201683,1,9,0,18,0,0,0,0,0,0,1,1,6,2,71,10,1198,1,4,-1,-1,-1
2017200201705,1,9,0,9,0,6,5,4,0,0,1,1,6,2,21,5,1229,1,7,1,1,1
2017200201705,2,9,0,2,0,8,0,4,0,0,1,1,6,1,-1,-1,1991,1,2,3,1,3
2017200201705,3,9,0,2,0,8,0,4,0,0,2,1,6,2,37,7,1197,1,6,5,1,5
2017200201723,1,9,0,2,0,0,0,0,0,0,1,1,6,2,39,7,-1,-1,-1,-1,-1,-1
2017200201723,2,9,0,1,0,0,0,10,0,0,2,1,6,1,20,4,1242,1,5,-1,-1,-1
2017200201744,1,9,0,18,0,0,0,0,0,0,1,1,6,1,-1,-1,-1,-1,-1,-1,-1,-1
2017200201780,1,21,1,5,0,1,0,0,0,0,1,1,1,1,54,8,12809,2,2,-1,-1,-1
2017200201801,1,9,0,18,0,0,0,0,0,0,1,1,6,2,-1,-1,-1,-1,-1,-1,-1,-1
2017200201857,1,1,0,18,0,0,0,0,0,0,1,1,6,1,41,7,-1,-1,-1,-1,-1,-1
2017200201857,2,9,0,18,0,0,0,0,0,0,1,1,6,1,34,6,2143,2,8,2,1,2
2017200201904,1,9,0,18,0,0,0,0,0,0,1,1,6,2,-1,-1,973,1,19,-1,-1,-1
2017200201904,2,9,0,1,0,0,0,0,0,0,2,1,6,1,-1,-1,-1,-1,-1,-1,-1,-1
2017200201904,3,9,0,18,0,0,0,0,0,0,0,1,2,1,29,6,1395,8,2,8,1,8
2017200201904,4,9,0,18,0,0,0,0,0,0,3,1,2,1,42,7,1596,1,4,1,1,1
2017200201904,5,9,0,18,0,0,0,0,0,0,3,1,6,2,28,6,999,1,1,-1,-1,-1
2017200201937,1,9,0,18,0,0,0,10,1,4,1,1,6,1,61,9,1199,1,15,-1,-1,-1
2017200201961,1,9,0,7,0,5,0,0,0,0,3,1,6,2,28,6,973,1,14,-1,-1,-1
2017200201970,1,9,0,18,0,0,0,0,0,0,0,1,6,1,41,7,1598,2,5,2,1,2
2017200201970,2,9,0,18,0,0,0,0,0,0,2,1,6,2,27,6,1390,1,13,-1,-1,-1
2017200202009,1,9,0,2,0,0,0,0,0,0,2,1,6,2,34,6,1956,2,6,2,1,2
2017200202009,2,9,0,5,0,0,0,0,0,0,1,1,6,1,41,7,2362,1,13,-1,-1,-1
2017200202084,1,9,0,18,0,1,1,4,7,0,4,1,5,1,20,4,-1,-1,-1,3,1,3
2017200202084,2,9,0,2,0,1,0,0,0,0,2,1,6,3,-1,-1,-1,-1,-1,-1,-1,-1
2017200202084,3,9,0,2,0,1,0,0,0,0,4,1,6,3,-1,-1,-1,-1,-1,-1,-1,-1
2017200202085,1,9,0,18,0,4,0,0,0,0,2,1,6,2,36,7,1598,1,8,-1,-1,-1
2017200202085,2,19,0,18,0,8,0,0,0,0,1,1,6,3,-1,-1,1753,2,12,-1,-1,-1
2017200202097,1,9,0,1,9,0,0,0,0,0,0,1,6,1,-1,-1,1598,2,6,-1,-1,-1
2017200202104,1,9,0,1,0,0,0,0,0,0,2,1,6,1,30,6,1598,1,13,-1,-1,-1
2017200202113,1,9,0,3,0,8,0,0,0,0,3,1,1,1,-1,-1,2494,1,12,-1,-1,-1
2017200202113,2,9,0,14,0,8,0,0,0,0,4,1,6,2,22,5,1390,1,7,-1,-1,-1
2017200202131,1,9,0,18,0,8,0,0,0,0,1,1,6,1,45,7,1995,2,5,2,1,2
2017200202131,2,9,0,18,0,8,0,0,0,0,0,1,6,3,-1,-1,1299,1,16,-1,-1,-1
2017200202143,1,9,0,4,0,0,0,12,0,0,1,1,6,2,39,7,1396,1,14,2,1,2
2017200202219,1,9,0,1,0,0,0,0,0,0,2,1,6,3,-1,-1,-1,-1,-1,-1,-1,-1
2017200202233,1,9,0,17,0,8,0,0,0,0,1,1,6,2,38,7,2099,2,12,2,1,2
2017200202233,2,9,0,9,0,5,0,0,0,0,3,1,6,1,29,6,1560,2,10,1,1,1
2017200202233,3,9,0,10,0,1,0,0,0,0,1,1,6,2,34,6,1596,1,5,1,1,1
2017200202246,1,2,0,18,0,8,0,0,0,0,4,1,6,1,16,4,50,1,1,-1,-1,-1
2017200202246,2,9,0,7,0,6,0,0,0,0,1,1,6,2,-1,-1,1198,1,4,-1,-1,-1
2017200202296,1,9,0,18,0,1,0,0,0,0,1,1,6,1,-1,-1,-1,-1,-1,-1,-1,-1
2017200202296,2,9,0,10,0,1,0,0,0,0,2,1,6,1,23,5,1242,1,9,10,1,10
2017200202397,1,9,0,9,0,5,0,0,0,0,4,1,6,1,28,6,1598,2,4,-1,-1,-1
2017200202397,2,5,0,18,0,8,0,0,0,0,1,1,6,1,50,8,1157,1,15,-1,-1,-1
2017200202418,1,9,0,7,0,6,0,0,0,0,3,1,2,1,33,6,998,1,5,-1,-1,-1
2017200202502,1,9,0,18,0,0,0,0,0,0,0,1,6,2,27,6,-1,-1,-1,1,1,1
2017200202505,1,9,0,18,0,0,0,4,0,0,1,1,6,1,16,4,1997,2,13,-1,-1,-1
2017200202505,2,9,0,18,0,0,0,0,0,0,3,1,6,1,35,6,1329,1,3,1,1,1
2017200202505,3,9,0,18,0,0,0,0,0,0,3,1,6,1,51,8,1896,2,12,1,1,1
2017200202505,4,9,0,18,0,0,0,0,0,0,3,1,6,2,22,5,1598,1,3,1,1,1
2017200202505,5,9,0,18,0,0,0,0,0,0,3,1,6,2,23,5,1240,1,12,-1,-1,-1
2017200202505,6,9,0,18,0,0,0,0,0,0,0,1,1,1,45,7,2993,2,3,-1,-1,-1
2017200202506,1,9,0,13,0,0,0,0,0,0,4,1,6,1,62,9,2179,2,5,-1,-1,-1
2017200202506,2,1,0,14,0,0,0,4,0,0,1,1,6,1,52,8,-1,-1,-1,-1,-1,-1
2017200202506,3,9,0,2,0,0,0,0,0,0,3,1,6,1,-1,-1,1968,2,3,-1,-1,-1
2017200202506,4,9,0,18,0,0,0,0,0,0,0,1,6,1,55,8,-1,-1,-1,-1,-1,-1
2017200202533,1,9,0,4,0,1,0,0,0,0,1,1,6,1,-1,-1,1364,1,9,-1,-1,-1
2017200202533,2,9,0,3,0,1,0,0,0,0,2,1,6,2,45,7,1498,1,10,-1,-1,-1
2017200202535,1,9,0,18,0,4,0,0,0,0,3,1,6,1,78,11,1398,1,3,-1,-1,-1
2017200202535,2,4,0,9,0,4,0,0,0,0,4,1,6,1,54,8,150,1,57,-1,-1,-1
2017200202537,1,9,0,18,0,0,0,0,0,0,1,1,6,1,25,5,2521,1,12,2,1,2
2017200202537,2,9,0,18,0,0,0,0,0,0,2,1,6,2,69,10,-1,-1,-1,-1,-1,-1
2017200202810,1,8,0,4,0,0,0,0,0,0,0,1,1,1,-1,-1,1997,2,12,-1,-1,-1
2017200202821,1,9,0,18,0,8,0,0,0,0,3,1,6,1,35,6,1995,2,8,-1,-1,-1
2017200202821,2,9,0,9,0,5,0,0,0,0,4,1,6,1,26,6,1198,1,11,1,1,1
2017200202836,1,9,0,18,0,6,0,0,0,0,1,1,6,1,17,4,1596,1,14,-1,-1,-1
2017200202836,2,9,0,18,0,8,0,4,0,0,3,1,6,1,32,6,1968,2,13,-1,-1,-1
2017200202836,3,9,0,2,0,2,0,0,0,0,1,1,6,1,-1,-1,1686,2,10,-1,-1,-1
2017200202867,1,9,0,18,0,0,0,0,0,0,1,1,6,3,-1,-1,-1,-1,-1,-1,-1,-1
2017200202867,2,1,0,18,0,0,0,0,0,0,1,1,4,1,14,3,-1,-1,-1,-1,-1,-1
2017200202872,1,9,0,6,0,8,0,0,0,0,4,1,5,2,50,8,2148,2,9,-1,-1,-1
2017200202872,2,9,0,18,0,8,0,0,0,0,1,1,5,1,20,4,1200,1,4,-1,-1,-1
2017200202874,1,9,0,8,0,1,0,0,0,0,3,1,6,2,34,6,1595,1,12,-1,-1,-1
2017200202874,2,9,0,1,0,2,0,0,0,0,3,1,6,2,41,7,1248,1,8,-1,-1,-1
2017200202881,1,9,0,18,0,6,0,7,3,6,1,1,5,2,31,6,1799,1,10,2,1,2
2017200202886,1,9,0,18,0,6,0,0,0,0,1,1,6,1,22,5,1364,1,-1,1,1,1
2017200202886,2,9,0,18,0,8,0,0,0,0,3,1,6,1,22,5,1388,1,11,1,1,1
2017200202887,1,9,0,18,0,1,0,0,0,0,1,1,6,1,30,6,-1,-1,-1,1,1,1
2017200202887,2,9,0,10,0,1,0,0,0,0,2,1,5,2,55,8,1197,1,2,10,1,10
2017200202901,1,9,0,5,0,4,0,0,0,0,1,1,1,2,47,8,1998,1,12,2,1,2
2017200202901,2,1,0,7,0,3,0,0,0,0,4,1,1,1,52,8,-1,-1,-1,6,1,6
2017200202907,1,9,0,18,0,0,0,0,0,0,1,1,6,1,30,6,-1,-1,-1,5,1,5
2017200202907,2,9,0,3,0,0,0,0,0,0,2,1,6,1,47,8,1991,1,1,6,1,6
2017200202915,1,9,0,3,0,1,0,0,0,0,2,1,5,1,40,7,1360,1,13,1,1,1
2017200202915,2,9,0,4,0,1,0,0,0,0,1,1,6,1,30,6,1799,1,11,1,1,1
2017200202921,1,9,0,4,0,1,0,0,0,0,2,1,6,1,-1,-1,1598,1,13,-1,-1,-1
2017200202921,2,9,0,4,0,1,0,0,0,0,1,1,6,2,75,10,1242,1,4,7,1,7
2017200202925,1,11,0,5,0,0,0,4,0,0,1,1,1,1,35,6,4500,2,2,1,1,1
2017200202925,2,21,0,2,0,0,0,0,0,0,2,1,1,1,47,8,4116,2,11,1,1,1
2017200203020,1,9,0,18,0,1,0,0,0,0,1,1,6,1,42,7,1769,1,11,-1,-1,-1
2017200203020,2,9,0,3,0,1,0,0,0,0,2,1,6,1,-1,-1,1596,1,13,2,1,2
2017200203031,1,9,0,18,0,6,0,0,0,0,1,1,6,1,25,5,1229,1,2,-1,-1,-1
2017200203031,2,9,0,18,0,8,0,0,0,0,3,1,6,1,33,6,1199,1,16,3,1,3
2017200203038,1,9,0,5,0,1,0,0,0,0,2,1,6,2,29,6,1995,2,9,2,1,2
2017200203038,2,9,0,5,0,1,0,0,0,0,1,1,6,1,-1,-1,2902,2,13,-1,-1,-1
2017200203042,1,19,0,18,0,6,0,0,0,0,4,1,6,1,77,11,2402,2,11,7,1,7
2017200203042,2,23,0,18,0,8,0,0,0,0,1,1,6,1,32,6,124,1,15,1,1,1
2017200203078,1,9,0,9,0,6,0,4,0,0,1,1,2,2,25,5,1461,2,11,8,1,8
2017200203078,2,3,0,14,0,8,0,4,0,0,1,1,6,1,17,4,125,1,5,7,1,7
2017200203078,3,9,0,2,0,8,0,0,0,0,3,1,6,1,-1,-1,-1,-1,-1,2,1,2
2017200203088,1,9,0,18,0,0,1,0,0,0,1,1,6,1,30,6,-1,-1,-1,-1,-1,-1
2017200203098,1,9,0,18,0,4,0,0,0,0,1,1,2,1,43,7,1896,2,10,9,1,9
2017200203098,2,1,0,18,0,8,0,0,0,0,1,1,2,1,29,6,-1,-1,-1,4,1,4
2017200203107,1,9,0,3,0,0,0,0,0,0,2,1,6,1,34,6,1339,1,13,2,1,2
2017200203107,2,9,0,18,0,0,0,0,0,0,1,1,6,1,30,6,1124,1,14,-1,-1,-1
2017200203111,1,9,0,18,9,8,0,0,0,0,1,1,6,1,-1,-1,1968,2,3,3,1,3
2017200203111,2,1,0,18,9,8,0,0,0,0,4,1,6,2,59,9,-1,-1,-1,5,1,5
2017200203112,1,9,0,18,0,1,0,0,0,0,1,1,6,1,30,6,1984,1,-1,-1,-1,-1
2017200203112,2,9,0,3,0,1,0,0,0,0,2,1,6,2,22,5,1229,1,9,4,1,4
2017200203123,1,9,0,1,9,8,0,0,0,0,2,1,6,1,-1,-1,3311,8,10,-1,-1,-1
2017200203124,1,9,0,3,0,2,0,0,0,0,2,1,3,1,31,6,1461,2,8,5,1,5
2017200203124,2,19,0,18,0,2,0,0,0,0,1,1,6,3,-1,-1,1753,2,10,-1,-1,-1
2017200203130,1,9,0,6,0,0,0,0,0,0,1,1,3,2,39,7,1598,2,4,-1,-1,-1
2017200203130,2,1,0,18,0,0,0,0,0,0,2,1,6,1,32,6,-1,-1,-1,-1,-1,-1
2017200203135,1,9,0,18,0,0,0,4,0,0,1,1,6,1,36,7,1199,1,14,5,1,5
2017200203135,2,9,0,2,0,0,0,0,0,0,2,1,1,1,51,8,1896,2,12,3,1,3
2017200203141,1,1,0,18,0,4,0,0,0,0,2,1,4,1,26,6,-1,-1,-1,-1,-1,-1
2017200203141,2,9,0,5,0,4,0,0,0,0,1,1,5,2,-1,-1,1299,1,15,-1,-1,-1
2017200203143,1,9,0,18,0,6,2,10,3,0,3,1,6,3,-1,-1,1910,2,11,-1,-1,-1
2017200203143,2,9,0,18,0,8,1,0,0,0,1,1,1,1,40,7,1995,2,9,-1,-1,-1
2017200203153,1,9,0,18,0,6,0,0,0,0,1,1,6,1,-1,-1,998,1,11,-1,-1,-1
2017200203153,2,9,0,18,0,8,5,0,0,0,4,1,6,2,75,10,1061,1,13,-1,-1,-1
2017200203166,1,9,0,13,0,0,0,0,0,0,2,1,6,3,-1,-1,-1,-1,-1,-1,-1,-1
2017200203166,2,9,0,4,0,0,0,0,0,0,2,1,6,1,49,8,1299,1,14,8,1,8
2017200203176,1,9,0,18,0,8,0,0,0,0,3,1,6,2,38,7,1598,1,18,-1,-1,-1
2017200203176,2,9,0,9,0,5,0,0,0,0,1,1,6,1,-1,-1,1461,2,13,-1,-1,-1
2017200203177,1,9,0,18,0,0,0,0,0,0,1,1,6,1,43,7,2967,2,1,-1,-1,-1
2017200203177,2,9,0,18,0,0,0,0,0,0,1,1,6,2,56,9,3200,2,3,-1,-1,-1
2017200203179,1,9,0,5,0,0,0,4,0,0,4,1,6,2,56,9,1598,2,-1,-1,-1,-1
2017200203179,2,9,0,2,0,0,0,0,0,0,4,1,6,2,27,6,1329,1,-1,-1,-1,-1
2017200203187,1,9,0,9,0,6,0,0,0,0,1,1,6,1,19,4,1360,1,10,-1,-1,-1
2017200203187,2,9,0,16,0,8,0,0,0,0,1,1,6,1,25,5,1596,1,-1,-1,-1,-1
2017200203193,1,9,0,9,0,6,0,0,0,0,3,1,6,1,26,6,1968,2,6,-1,-1,-1
2017200203193,2,9,0,5,0,8,0,0,0,0,1,1,5,1,19,4,1398,1,3,-1,-1,-1
2017200203197,1,9,0,5,0,0,1,0,0,0,1,1,2,1,30,6,1968,2,4,5,1,5
2017200203197,2,9,0,18,0,0,0,0,0,0,3,1,6,2,57,9,1598,2,-1,10,1,10
2017200203197,3,9,0,3,0,0,0,0,0,0,3,1,6,1,36,7,1968,2,3,2,1,2
2017200203197,4,9,0,3,0,0,0,0,0,0,3,1,6,1,38,7,1461,2,3,9,1,9
2017200203197,5,9,0,3,0,0,0,0,0,0,3,1,6,1,36,7,3201,1,19,4,1,4
2017200203203,1,9,0,7,0,6,0,0,0,0,1,1,6,3,-1,-1,1796,1,5,-1,-1,-1
2017200203203,2,19,0,18,0,8,0,0,0,0,4,1,1,1,41,7,1995,2,-1,1,1,1
2017200203207,1,9,0,18,0,8,0,0,0,0,1,1,6,1,38,7,1364,1,11,-1,-1,-1
2017200203207,2,5,0,10,0,8,0,0,0,0,2,1,6,1,55,8,883,1,5,-1,-1,-1
2017200203212,1,9,0,5,0,0,0,0,0,0,1,1,2,1,48,8,1956,2,4,4,1,4
2017200203218,1,9,0,15,0,8,0,0,0,0,1,1,1,1,31,6,1596,1,3,9,1,9
2017200203218,2,3,0,7,0,3,0,0,0,0,4,1,1,1,33,6,125,1,17,10,1,10
2017200203222,1,19,0,18,0,0,0,0,0,0,1,1,6,1,30,6,1753,2,14,-1,-1,-1
2017200203222,2,9,0,3,0,0,0,0,0,0,2,1,6,2,49,8,1689,2,13,1,1,1