Accident_Index,Vehicle_Reference,Vehicle_Type,Towing_and_Articulation,Vehicle_Manoeuvre,Vehicle_Location-Restricted_Lane,Junction_Location,Skidding_and_Overturning,Hit_Object_in_Carriageway,Vehicle_Leaving_Carriageway,Hit_Object_off_Carriageway,1st_Point_of_Impact,Was_Vehicle_Left_Hand_Drive?,Journey_Purpose_of_Driver,Sex_of_Driver,Age_of_Driver,Age_Band_of_Driver,Engine_Capacity_(CC),Propulsion_Code,Age_of_Vehicle,Driver_IMD_Decile,Driver_Home_Area_Type,Vehicle_IMD_Decile
2017200203235,1,9,0,5,0,0,0,0,0,0,3,1,6,1,30,6,998,1,13,-1,-1,-1
2017200203235,2,9,0,18,0,0,0,0,0,0,0,1,5,1,34,6,1896,2,12,2,1,2
2017200203239,1,9,0,15,0,4,1,0,0,0,1,1,6,3,-1,-1,1896,2,15,-1,-1,-1
2017200203239,2,9,0,5,0,4,0,0,0,0,3,1,2,1,43,7,1590,1,12,3,1,3
2017200203240,1,9,0,18,0,0,0,0,0,0,1,1,2,2,59,9,1900,2,11,7,1,7
2017200203240,2,9,0,18,0,0,0,0,0,0,2,1,2,1,53,8,1242,1,16,1,1,1
2017200203244,1,9,0,18,0,8,0,0,0,0,1,1,6,1,21,5,1984,1,3,1,1,1
2017200203244,2,9,0,9,0,6,0,0,0,0,3,1,6,1,42,7,1797,8,8,9,1,9
2017200203272,1,9,0,5,0,8,0,0,0,0,4,1,1,1,25,5,998,1,5,-1,-1,-1
2017200203276,1,3,0,13,0,0,0,0,0,0,4,1,6,1,42,7,124,1,10,-1,-1,-1
2017200203276,2,9,0,18,0,0,0,0,0,0,1,1,6,3,-1,-1,-1,-1,-1,-1,-1,-1
2017200203282,1,9,0,18,0,2,0,0,0,0,1,1,6,1,-1,-1,1781,1,16,2,1,2
2017200203282,2,9,0,3,0,2,0,0,0,0,2,1,6,1,52,8,1242,1,17,9,1,9
2017200203284,1,9,0,13,0,8,0,0,0,0,1,1,6,1,25,5,-1,-1,-1,3,1,3
2017200203284,2,9,0,9,0,5,0,0,0,0,3,1,5,1,52,8,2179,2,8,3,3,3
2017200203288,1,9,0,9,0,5,0,0,7,0,1,1,6,1,46,8,1995,2,5,-1,-1,-1
2017200203288,2,1,0,18,0,8,0,0,1,0,3,1,2,2,56,9,-1,-1,-1,-1,-1,-1
2017200203292,1,9,0,5,0,0,0,0,0,0,1,1,3,2,-1,-1,1396,1,5,-1,-1,-1
2017200203294,1,9,0,18,0,4,0,0,0,0,1,1,1,1,-1,-1,-1,-1,-1,-1,-1,-1
2017200203294,2,1,0,18,0,8,0,0,0,0,2,1,6,1,35,6,-1,-1,-1,4,1,4
2017200203301,1,9,0,9,0,8,0,0,0,0,1,1,6,2,-1,-1,1360,1,8,-1,-1,-1
2017200203301,2,1,0,18,0,8,0,0,0,0,1,1,1,1,47,8,-1,-1,-1,3,1,3
2017200203309,1,9,0,4,0,1,0,0,0,0,1,1,6,1,40,7,1896,2,14,-1,-1,-1
2017200203309,2,11,0,3,0,1,0,0,0,0,2,1,1,1,52,8,4461,2,3,-1,-1,-1
2017200203317,1,9,0,1,0,2,0,0,0,0,2,1,6,3,-1,-1,3246,1,15,-1,-1,-1
2017200203328,1,9,0,9,0,0,0,0,0,0,3,1,6,2,28,6,1242,1,13,3,1,3
2017200203328,2,9,0,18,0,0,0,0,0,0,1,1,6,2,56,9,1388,1,15,2,1,2
2017200203340,1,9,0,4,0,0,0,0,0,0,2,1,1,1,-1,-1,1797,8,8,-1,-1,-1
2017200203340,2,9,0,18,0,0,0,0,0,0,1,1,2,1,54,8,-1,-1,-1,-1,-1,-1
2017200203342,1,9,0,5,0,0,0,0,0,0,4,1,1,1,44,7,1910,2,12,-1,-1,-1
2017200203356,1,9,0,3,0,2,0,0,0,0,2,1,6,2,26,6,1229,1,12,1,1,1
2017200203356,2,9,0,18,0,2,0,0,0,0,1,1,6,1,-1,-1,1242,1,5,5,1,5
2017200203363,1,1,0,4,0,0,0,0,0,0,1,1,6,1,72,10,-1,-1,-1,-1,-1,-1
2017200203363,2,98,0,4,0,0,0,0,0,0,2,1,6,1,-1,-1,-1,-1,-1,-1,-1,-1
2017200203446,1,9,0,9,0,6,0,0,0,0,3,1,6,2,22,5,875,1,6,-1,-1,-1
2017200203446,2,9,0,18,0,8,0,0,0,0,4,1,6,1,70,10,1397,1,4,3,1,3
2017200203480,1,9,0,4,0,2,0,0,0,0,2,1,3,1,40,7,1797,8,7,1,1,1
2017200203480,2,9,0,18,0,2,0,0,0,0,1,1,6,1,-1,-1,1560,2,8,-1,-1,-1
2017200203525,1,9,0,9,0,6,0,0,0,0,1,1,6,2,53,8,1995,2,11,2,1,2
2017200203525,2,1,0,17,0,8,0,0,0,0,1,1,6,1,37,7,-1,-1,-1,-1,-1,-1
2017200203528,1,9,0,9,0,6,0,0,0,0,1,1,6,1,20,4,1598,1,14,-1,-1,-1
2017200203528,2,9,0,18,0,6,0,0,0,0,3,1,6,1,58,9,1910,2,11,1,1,1
2017200203529,1,9,0,18,0,1,0,0,0,0,1,1,6,2,-1,-1,998,1,12,-1,-1,-1
2017200203544,1,9,0,18,0,6,0,0,0,0,1,1,6,3,-1,-1,1995,2,3,-1,-1,-1
2017200203544,2,9,0,18,0,8,1,4,0,0,3,1,6,2,27,6,1200,1,-1,6,1,6
2017200203544,3,9,0,2,0,2,0,0,0,0,4,1,6,3,-1,-1,1753,2,10,-1,-1,-1
2017200203544,4,9,0,2,0,2,0,0,0,0,4,1,6,1,49,8,1595,1,12,10,2,10
2017200203604,1,9,0,18,0,0,0,0,0,0,1,1,6,1,-1,-1,1590,1,13,-1,-1,-1
2017200203604,2,9,0,3,0,0,0,0,0,0,2,1,1,1,53,8,1999,2,10,-1,-1,-1
2017200203630,1,9,0,18,0,0,0,0,0,0,1,1,6,1,-1,-1,1968,2,10,-1,-1,-1
2017200203630,2,5,0,18,0,0,0,4,0,0,1,1,6,2,24,5,660,1,4,-1,-1,-1
2017200203630,3,9,0,2,0,0,0,0,0,0,3,1,6,3,-1,-1,1997,2,12,-1,-1,-1
2017200203657,1,9,0,5,0,6,0,0,0,0,1,1,6,2,-1,-1,-1,-1,-1,-1,-1,-1
2017200203657,2,3,0,18,0,6,0,0,0,0,0,1,6,1,-1,-1,125,1,1,1,1,1
2017200203663,1,9,0,18,0,2,0,0,0,0,1,1,1,1,32,6,1388,1,13,-1,-1,-1
2017200203663,2,9,0,11,0,2,0,0,0,0,4,1,1,1,34,6,2494,1,27,-1,-1,-1
2017200203677,1,9,0,18,0,0,1,0,0,0,1,1,6,1,53,8,1998,2,8,-1,-1,-1
2017200203677,2,9,0,14,0,0,0,10,1,0,1,1,6,3,-1,-1,1242,1,15,-1,-1,-1
2017200203681,1,9,0,8,0,1,0,0,0,0,1,1,6,2,33,6,1560,2,5,1,1,1
2017200203681,2,9,0,7,0,5,1,0,0,0,1,1,6,1,20,4,1995,2,13,-1,-1,-1
2017200203685,1,9,0,5,0,0,1,0,0,0,4,1,6,1,-1,-1,-1,-1,-1,-1,-1,-1
2017200203685,2,1,0,18,0,0,0,0,0,0,3,1,6,2,45,7,-1,-1,-1,1,1,1
2017200203691,1,9,0,18,0,8,0,0,0,0,1,1,5,1,53,8,1895,1,17,4,1,4
2017200203691,2,9,0,3,0,8,0,0,0,0,2,1,5,1,48,8,1396,2,4,2,1,2
2017200203699,1,9,0,1,0,2,0,0,0,0,2,1,1,1,-1,-1,1995,2,4,-1,-1,-1
2017200203703,1,9,0,5,0,8,0,0,0,0,4,1,6,2,20,4,998,1,1,2,1,2
2017200203703,2,9,0,18,0,8,0,0,0,0,1,1,6,1,-1,-1,1896,2,10,3,1,3
2017200203723,1,9,0,5,0,6,0,0,0,0,1,1,6,1,58,9,1598,1,13,-1,-1,-1
2017200203723,2,1,0,3,0,1,0,0,0,0,1,1,6,1,36,7,-1,-1,-1,2,1,2
2017200203729,1,9,0,18,0,4,0,0,0,0,0,1,6,1,-1,-1,1995,2,3,-1,-1,-1
2017200203729,2,11,0,18,0,8,0,0,0,0,0,1,6,1,25,5,-1,-1,-1,3,1,3
2017200203737,1,9,0,5,0,1,0,0,0,0,1,1,6,1,34,6,1896,2,11,1,1,1
2017200203739,1,9,0,18,0,8,0,0,0,0,1,1,6,1,72,10,1242,1,5,6,1,6
2017200203739,2,1,0,18,0,6,0,0,0,0,1,1,6,1,14,3,-1,-1,-1,-1,-1,-1
2017200203761,1,9,0,13,0,2,0,0,0,0,4,1,6,1,-1,-1,1984,1,10,-1,-1,-1
2017200203761,2,9,0,7,0,2,0,0,0,0,3,1,1,1,50,8,2231,2,6,-1,-1,-1
2017200203764,1,9,0,18,0,8,0,0,0,0,1,1,1,1,63,9,1910,2,9,1,1,1
2017200203764,2,9,0,18,0,8,1,0,0,0,4,1,5,1,22,5,1248,2,9,2,1,2
2017200203765,1,3,0,18,0,0,1,0,0,0,1,1,6,1,53,8,125,1,6,1,1,1
2017200203765,2,9,0,3,0,0,0,0,0,0,2,1,6,1,40,7,5547,1,26,2,1,2
2017200203765,3,9,0,18,0,0,0,0,0,0,0,1,1,3,-1,-1,-1,-1,-1,-1,-1,-1
2017200203789,1,9,0,9,0,5,0,0,0,0,2,1,6,1,30,6,1796,1,9,-1,-1,-1
2017200203789,2,8,0,18,0,8,0,0,0,0,1,1,6,1,28,6,1968,2,-1,-1,-1,-1
2017200203796,1,9,0,18,0,8,0,0,0,0,0,1,6,1,-1,-1,1197,1,3,-1,-1,-1
2017200203796,2,9,0,4,0,6,0,0,0,0,4,1,6,1,47,8,998,1,18,1,1,1
2017200203801,1,9,0,18,0,8,0,0,0,0,4,1,2,1,44,7,1840,1,1,2,1,2
2017200203801,2,9,0,18,0,6,0,0,0,0,1,1,6,3,-1,-1,1800,1,18,-1,-1,-1
2017200203805,1,9,0,18,0,0,0,4,0,0,1,1,6,1,-1,-1,1461,2,6,3,1,3
2017200203805,2,9,0,2,0,0,0,0,0,0,2,1,6,1,57,9,1586,1,10,1,1,1
2017200203806,1,9,0,18,0,0,0,0,0,0,1,1,6,1,19,4,1339,1,13,1,1,1
2017200203806,2,1,0,18,0,0,0,0,0,0,1,1,6,2,27,6,-1,-1,-1,1,1,1
2017200203824,1,19,0,9,0,5,0,0,0,0,1,1,6,1,30,6,2143,2,5,7,1,7
2017200203824,2,9,0,18,0,8,0,0,1,7,3,1,6,1,62,9,1997,2,1,2,1,2
2017200203826,1,9,0,1,0,0,0,4,0,0,2,1,6,3,-1,-1,-1,-1,-1,-1,-1,-1
2017200203826,2,9,0,2,0,0,0,0,0,0,2,1,1,1,66,10,2231,2,11,1,1,1
2017200203828,1,9,0,18,0,0,1,0,0,0,3,1,6,1,26,6,1396,1,14,-1,-1,-1
2017200203828,2,9,0,12,0,0,0,0,0,0,4,1,6,3,-1,-1,-1,-1,-1,-1,-1,-1
2017200203847,1,9,0,18,0,4,0,0,0,0,4,1,2,1,44,7,998,1,18,-1,-1,-1
2017200203847,2,19,0,18,0,8,0,0,0,0,1,1,1,1,56,9,1968,2,1,-1,-1,-1
2017200203867,1,9,0,9,0,6,0,0,0,0,1,1,6,1,26,6,1998,1,9,-1,-1,-1
2017200203867,2,1,0,18,0,8,0,0,0,0,2,1,6,1,45,7,-1,-1,-1,-1,-1,-1
2017200203886,1,3,0,18,0,0,0,0,0,0,1,1,6,1,-1,-1,125,1,3,5,1,5
2017200203904,1,9,0,18,0,8,1,0,0,0,1,1,1,1,31,6,-1,-1,-1,-1,-1,-1
2017200203904,2,9,0,3,0,8,0,0,0,0,2,1,1,2,34,6,3498,1,2,-1,-1,-1
2017200203904,3,9,0,2,0,2,0,0,0,0,0,1,6,3,-1,-1,-1,-1,-1,-1,-1,-1
2017200203905,1,9,0,18,0,0,0,0,0,0,4,1,6,2,45,7,1600,2,5,8,1,8
2017200203944,1,9,0,7,0,5,0,0,0,0,1,1,6,3,-1,-1,1399,2,6,-1,-1,-1
2017200203944,2,1,0,18,0,2,0,0,0,0,1,1,6,1,12,3,-1,-1,-1,1,1,1
2017200203955,1,9,0,18,0,0,0,0,0,0,1,1,6,1,49,8,1229,1,9,1,1,1
2017200203955,2,9,0,3,0,0,0,0,0,0,1,1,6,1,39,7,1896,2,13,1,1,1
2017200203959,1,9,0,4,0,1,0,0,0,0,1,1,6,3,-1,-1,1598,1,11,-1,-1,-1
2017200203959,2,9,0,3,0,1,0,0,0,0,2,1,6,1,53,8,1598,2,4,1,1,1
2017200203975,1,9,0,18,0,0,1,0,0,0,1,1,2,1,35,6,1896,2,12,-1,-1,-1
2017200203975,2,19,0,3,0,0,0,0,0,0,2,1,1,1,57,9,1560,2,2,-1,-1,-1
2017200203990,1,9,0,7,0,6,0,0,0,0,1,1,6,2,18,4,1248,1,8,2,1,2
2017200203990,2,9,0,18,0,2,0,10,7,2,3,1,6,1,39,7,1596,1,7,2,1,2
2017200203990,3,9,0,2,9,2,0,0,0,0,1,1,6,1,34,6,-1,-1,-1,2,1,2
2017200204000,1,9,0,5,0,6,0,0,0,0,1,1,6,2,27,6,1364,1,11,1,1,1
2017200204000,2,1,0,18,0,8,0,0,0,0,1,1,6,1,17,4,-1,-1,-1,2,1,2
2017200204008,1,98,1,12,0,0,0,0,0,0,4,1,1,1,51,8,-1,-1,-1,-1,-1,-1
2017200204008,2,9,0,18,0,0,0,0,0,0,3,1,6,2,43,7,-1,-1,-1,1,1,1
2017200204009,1,9,0,7,0,6,0,0,0,0,1,1,6,2,-1,-1,1332,1,8,-1,-1,-1
2017200204009,2,9,0,18,0,8,0,0,0,0,3,1,6,2,20,4,1560,2,5,-1,-1,-1
2017200204039,1,9,0,18,0,1,0,0,0,0,1,1,6,2,33,6,1242,1,8,-1,-1,-1
2017200204069,1,9,0,4,0,1,0,0,0,0,1,1,6,1,33,6,1950,2,17,-1,-1,-1
2017200204069,2,9,0,3,0,1,0,0,0,0,2,1,6,1,44,7,1781,1,15,-1,-1,-1
2017200204069,3,9,0,4,0,1,0,0,0,0,0,1,1,1,-1,-1,1956,2,2,-1,-1,-1
2017200204070,1,9,0,9,0,8,0,0,0,0,1,1,6,1,36,7,1870,2,9,-1,-1,-1
2017200204070,2,9,0,5,0,8,0,0,0,0,1,1,6,1,38,7,1498,1,2,-1,-1,-1
2017200204112,1,9,0,18,0,0,0,0,0,0,0,1,6,3,-1,-1,-1,-1,-1,-1,-1,-1
2017200204112,2,1,0,18,0,0,0,0,0,0,0,1,6,1,28,6,-1,-1,-1,2,1,2
2017200204141,1,9,0,11,0,0,0,0,0,0,3,1,6,3,-1,-1,1398,2,14,-1,-1,-1
2017200204141,2,9,0,18,0,0,0,0,0,0,4,1,6,1,40,7,1956,2,3,-1,-1,-1
2017200204152,1,9,0,18,0,1,0,0,0,0,3,1,6,1,21,5,1596,1,7,-1,-1,-1
2017200204152,2,1,0,18,0,1,0,0,0,0,1,1,6,1,16,4,-1,-1,-1,9,1,9
2017200204156,1,9,0,13,0,0,0,0,0,0,3,1,6,1,35,6,1896,2,12,5,1,5
2017200204156,2,9,0,18,0,0,0,0,0,0,4,1,6,3,-1,-1,1497,1,12,-1,-1,-1
2017200204160,1,9,0,18,0,1,0,0,0,0,1,1,6,3,-1,-1,1968,2,8,-1,-1,-1
2017200204160,2,9,0,3,0,1,0,0,0,0,3,1,6,1,52,8,1598,2,3,-1,-1,-1
2017200204172,1,11,0,18,0,0,0,0,0,0,0,1,6,3,-1,-1,6700,2,2,-1,-1,-1
2017200204176,1,9,0,18,0,4,0,0,0,0,1,1,6,1,20,4,1991,1,3,-1,-1,-1
2017200204176,2,9,0,18,0,4,0,0,0,0,1,1,6,1,56,9,2143,2,-1,-1,-1,-1
2017200204176,3,9,0,18,0,1,0,0,0,0,1,1,6,1,47,8,2993,2,2,-1,-1,-1
2017200204193,1,9,0,18,0,0,0,0,0,0,1,1,6,3,-1,-1,-1,-1,-1,-1,-1,-1
2017200204240,1,9,0,18,0,8,0,0,0,0,1,1,1,2,62,9,796,1,8,-1,-1,-1
2017200204240,2,1,0,18,0,8,0,0,0,0,1,1,6,1,65,9,-1,-1,-1,-1,-1,-1
2017200204245,1,9,0,18,0,4,0,0,0,0,1,1,6,2,28,6,1229,1,2,-1,-1,-1
2017200204245,2,9,0,18,0,4,0,0,0,0,1,1,6,2,28,6,1240,1,14,-1,-1,-1
2017200204251,1,9,0,18,0,1,1,4,0,0,1,1,6,1,-1,-1,1590,1,15,-1,-1,-1
2017200204251,2,9,0,3,0,1,0,0,0,0,2,1,6,1,23,5,1995,2,9,3,1,3
2017200204251,3,9,0,3,0,1,0,0,0,0,2,1,6,1,25,5,2993,2,11,4,1,4
2017200204251,4,9,0,2,0,2,0,0,0,0,1,1,6,1,31,6,1995,2,6,1,1,1
2017200204251,5,9,0,18,0,1,0,0,0,0,0,1,1,1,41,7,2993,2,3,1,1,1
2017200204264,1,9,0,18,0,8,0,0,0,0,0,1,6,1,54,8,1598,1,13,-1,-1,-1
2017200204264,2,9,0,7,0,6,0,0,0,0,3,1,6,1,19,4,1388,1,14,-1,-1,-1
2017200204268,1,9,0,13,0,0,0,0,0,0,1,1,6,1,-1,-1,1248,2,9,-1,-1,-1
2017200204268,2,9,0,18,0,0,0,0,0,0,3,1,6,2,39,7,1329,1,5,-1,-1,-1
2017200204288,1,9,0,18,0,0,0,0,0,0,1,1,6,1,25,5,1995,2,7,-1,-1,-1
2017200204288,2,9,0,3,0,0,0,0,0,0,2,1,6,2,33,6,1299,1,9,-1,-1,-1
2017200204288,3,9,0,3,0,0,0,0,0,0,2,1,6,2,48,8,1984,2,7,-1,-1,-1
2017200204295,1,9,0,18,0,1,0,0,0,0,1,1,3,2,45,7,1995,2,8,-1,-1,-1
2017200204300,1,9,0,2,0,0,0,0,0,0,3,1,6,1,24,5,1997,2,8,3,1,3
2017200204300,2,1,0,14,0,0,0,8,0,0,1,1,6,1,47,8,-1,-1,-1,2,1,2
2017200204355,1,9,0,18,0,1,0,0,0,0,1,1,6,3,-1,-1,-1,-1,-1,-1,-1,-1
2017200204386,1,9,0,4,0,1,1,0,0,0,1,1,1,1,-1,-1,1299,1,10,-1,-1,-1
2017200204386,2,9,0,4,0,1,0,0,0,0,2,1,1,2,22,5,1685,2,1,-1,-1,-1
2017200204416,1,19,0,18,0,6,0,0,0,0,3,1,6,3,-1,-1,2198,2,5,-1,-1,-1
2017200204416,2,9,0,18,0,8,0,0,0,0,1,1,6,1,27,6,1124,1,15,3,1,3
2017200204429,1,9,0,9,0,6,0,0,0,0,3,1,6,1,20,4,1149,1,12,10,1,10
2017200204429,2,9,0,18,0,8,0,0,0,0,4,1,6,1,40,7,1598,1,7,9,1,9
2017200204442,1,9,0,5,0,8,0,0,0,0,1,1,6,1,40,7,1598,1,9,1,1,1
2017200204442,2,9,0,5,0,8,0,0,0,0,2,1,6,1,32,6,2979,1,13,2,1,2
2017200204450,1,9,0,18,0,1,0,0,0,0,1,1,6,1,31,6,1896,2,8,1,1,1
2017200204450,2,9,0,3,0,1,0,0,0,0,2,1,6,1,32,6,1149,1,9,2,1,2
2017200204494,1,9,0,18,0,8,0,0,0,0,1,1,6,1,38,7,1796,1,11,1,1,1
2017200204494,2,9,0,9,0,8,0,0,0,0,4,1,6,1,-1,-1,1686,2,12,1,1,1
2017200204497,1,9,0,9,0,5,0,7,4,1,1,1,6,1,25,5,1598,1,12,1,1,1
2017200204497,2,9,0,18,0,8,0,7,4,1,1,1,6,1,58,9,998,1,-1,2,1,2
2017200204501,1,9,0,7,0,5,0,0,0,0,1,1,6,1,-1,-1,1968,2,7,-1,-1,-1
2017200204501,2,9,0,18,0,1,0,0,0,0,1,1,6,1,33,6,1229,1,11,-1,-1,-1
2017200204501,3,9,0,7,0,2,0,0,0,0,3,1,6,1,19,4,1900,2,10,1,1,1
2017200204501,4,9,0,18,0,1,0,0,0,0,1,1,6,1,42,7,1668,1,12,1,1,1
2017200204501,5,9,0,8,0,1,0,0,0,0,3,1,6,2,35,6,2231,2,11,1,1,1
2017200204529,1,9,0,18,0,1,0,0,0,0,1,1,6,1,-1,-1,2967,2,10,5,1,5
2017200204529,2,9,0,3,0,1,0,0,0,0,2,1,6,2,36,7,1968,2,4,5,1,5
2017200204530,1,9,0,18,0,1,0,0,0,0,1,1,6,1,30,6,1560,2,10,-1,-1,-1
2017200204545,1,9,0,13,0,1,0,0,0,0,1,1,6,3,-1,-1,1599,1,8,-1,-1,-1
2017200204545,2,9,0,4,0,1,0,0,0,0,4,1,6,1,41,7,998,1,15,1,1,1
2017200204558,1,9,0,18,0,0,1,10,7,4,1,1,6,1,30,6,1598,1,10,-1,-1,-1
2017200204558,2,9,0,18,0,0,0,0,0,0,2,1,6,1,18,4,1956,2,5,-1,-1,-1
2017200204558,3,9,0,18,0,0,0,0,0,0,0,1,1,1,35,6,1956,2,5,-1,-1,-1
2017200204566,1,9,0,9,0,5,0,0,0,0,4,1,6,1,39,7,-1,-1,-1,-1,-1,-1
2017200204566,2,3,0,18,0,8,0,0,0,0,1,1,6,1,16,4,124,1,10,-1,-1,-1
2017200204574,1,11,0,9,0,4,0,0,0,0,0,1,1,1,-1,-1,-1,-1,-1,-1,-1,-1
2017200204577,1,9,0,18,0,0,0,4,1,11,4,1,6,1,-1,-1,3993,1,1,-1,-1,-1
2017200204577,2,21,0,4,0,0,0,0,0,0,3,1,1,1,47,8,4580,2,6,10,1,10
2017200204577,3,9,0,2,0,0,0,0,0,0,3,1,6,2,37,7,999,1,1,1,1,1
2017200204577,4,9,0,2,0,0,0,0,0,0,4,1,6,1,71,10,1595,1,15,6,1,6
2017200204577,5,9,0,18,0,0,0,0,0,0,0,1,1,1,29,6,2993,2,1,1,1,1
2017200204582,1,9,0,11,0,3,0,0,0,0,3,1,5,1,30,6,1968,2,1,7,1,7
2017200204582,2,11,0,18,0,3,0,0,0,0,4,1,1,1,57,9,6700,2,9,3,1,3
2017200204585,1,9,0,18,0,1,0,0,0,0,1,1,6,2,62,9,1197,1,3,3,1,3
2017200204585,2,9,0,10,0,1,0,0,0,0,2,1,6,2,22,5,1390,1,5,3,1,3
2017200204614,1,9,0,18,0,0,0,10,1,5,1,1,6,1,37,7,1796,1,6,-1,-1,-1
2017200204614,2,9,0,2,0,0,0,10,1,5,2,1,6,2,-1,-1,1598,2,-1,-1,-1,-1
2017200204624,1,9,0,18,0,0,0,0,0,0,1,1,2,1,47,8,1598,1,2,1,1,1
2017200204625,1,9,0,18,0,0,0,0,0,0,1,1,6,1,49,8,2496,1,13,1,1,1
2017200204625,2,9,0,18,0,0,0,0,0,0,2,1,6,1,41,7,1560,2,7,1,1,1
2017200204630,1,9,0,16,0,0,0,0,0,0,1,1,6,1,81,11,998,1,7,9,1,9
2017200204642,1,98,0,14,0,0,0,4,0,0,1,1,1,1,-1,-1,-1,-1,-1,-1,-1,-1
2017200204642,2,9,0,2,0,0,0,0,0,0,3,1,6,3,-1,-1,-1,-1,-1,-1,-1,-1
2017200204648,1,9,0,5,0,8,0,0,0,0,4,1,1,2,37,7,1360,1,11,-1,-1,-1
2017200204648,2,9,0,18,0,8,0,0,0,0,3,1,3,2,48,8,1595,1,4,-1,-1,-1
2017200204649,1,9,0,9,0,1,0,0,0,0,1,1,6,1,24,5,1388,1,11,9,1,9
2017200204649,2,9,0,18,0,1,0,0,0,0,1,1,6,1,18,4,1199,1,14,2,1,2
2017200204654,1,9,0,18,0,0,0,0,0,0,1,1,5,1,30,6,1360,1,10,1,1,1
2017200204665,1,9,0,3,0,1,0,0,0,0,1,1,6,2,28,6,1590,1,12,-1,-1,-1
2017200204665,2,9,0,3,0,1,0,0,0,0,2,1,2,2,56,9,1197,1,3,-1,-1,-1
2017200204691,1,9,0,18,0,0,0,0,0,0,1,1,6,1,30,6,1368,1,10,-1,-1,-1
2017200204691,2,9,0,3,0,0,0,0,0,0,2,1,2,1,26,6,1461,2,-1,-1,-1,-1
2017200204692,1,9,0,5,0,6,1,0,0,0,3,1,6,1,25,5,1560,2,12,1,1,1
2017200204692,2,9,0,18,0,8,0,0,0,0,1,1,6,1,54,8,1398,1,16,1,1,1
2017200204708,1,9,0,5,0,0,0,0,0,0,1,1,6,1,52,8,1595,2,15,3,1,3
2017200204708,2,9,0,13,0,0,0,0,0,0,3,1,6,1,32,6,1198,1,4,3,1,3
2017200204720,1,9,0,9,0,5,0,0,0,0,4,1,3,1,31,6,1596,1,12,-1,-1,-1
2017200204720,2,9,0,18,0,8,0,0,0,0,1,1,2,1,43,7,-1,3,2,-1,-1,-1
2017200204729,1,21,0,18,0,8,0,0,0,0,1,1,1,1,33,6,4764,2,9,-1,-1,-1
2017200204729,2,9,0,7,0,3,0,0,0,0,2,1,2,1,31,6,1995,2,5,-1,-1,-1
2017200204730,1,9,0,18,0,8,1,0,0,0,1,1,6,1,20,4,1242,1,12,-1,-1,-1
2017200204730,2,9,0,9,0,5,0,0,0,0,2,1,6,1,30,6,1598,2,5,-1,-1,-1
2017200204740,1,9,0,5,0,1,0,0,0,0,4,1,3,2,-1,-1,2143,2,2,-1,-1,-1
2017200204740,2,1,0,18,0,1,0,0,0,0,3,1,2,1,15,3,-1,-1,-1,-1,-1,-1
2017200204742,1,9,0,9,0,6,0,0,0,0,4,1,5,2,20,4,1364,1,12,-1,-1,-1
2017200204742,2,9,0,18,0,2,0,0,0,0,3,1,1,2,25,5,1198,1,5,10,1,10
2017200204746,1,9,0,18,0,0,0,0,0,0,1,1,6,1,-1,-1,-1,-1,-1,-1,-1,-1
2017200204746,2,9,0,18,0,0,0,0,0,0,3,1,6,2,48,8,1398,1,15,1,1,1
2017200204753,1,9,0,18,0,0,0,4,0,0,1,1,3,1,37,7,2204,2,11,-1,-1,-1
2017200204753,2,11,0,2,0,0,0,0,0,0,2,1,1,1,20,4,4461,2,5,-1,-1,-1
2017200204758,1,9,0,18,0,1,0,0,0,0,1,1,6,1,-1,-1,1896,2,9,3,1,3
2017200204758,2,9,0,8,0,1,0,0,0,0,2,1,6,1,56,9,1598,2,4,1,1,1
2017200204760,1,9,0,18,0,0,0,0,0,0,1,1,6,2,51,8,1390,1,10,-1,-1,-1
2017200204762,1,9,0,18,0,8,0,0,0,0,1,1,6,3,-1,-1,-1,-1,-1,-1,-1,-1
2017200204762,2,3,0,18,0,8,0,0,0,0,3,1,6,1,18,4,102,1,2,3,1,3
2017200204766,1,19,0,9,0,5,0,0,0,0,4,1,6,1,36,7,1248,2,9,-1,-1,-1
2017200204766,2,9,0,18,0,8,0,0,0,0,1,1,6,2,72,10,1360,1,12,-1,-1,-1
2017200204770,1,9,0,18,0,7,0,0,0,0,1,1,6,1,36,7,1968,2,6,-1,-1,-1
2017200204770,2,9,0,18,0,8,0,0,0,0,2,1,6,2,33,6,1461,2,4,-1,-1,-1
2017200204785,1,9,0,4,0,1,0,0,0,0,2,1,6,1,43,7,1984,1,15,-1,-1,-1
2017200204785,2,9,0,18,0,1,0,0,0,0,1,1,6,1,-1,-1,-1,-1,-1,-1,-1,-1
2017200204787,1,9,0,5,9,1,0,0,0,0,1,1,2,2,25,5,1396,1,13,1,1,1
2017200204787,2,1,0,18,9,8,0,0,0,0,1,1,4,2,7,2,-1,-1,-1,-1,-1,-1
2017200204801,1,9,0,9,0,6,0,0,0,0,0,1,6,1,74,10,2495,2,13,-1,-1,-1
2017200204801,2,9,0,18,0,8,0,0,0,0,3,1,6,1,84,11,998,1,16,-1,-1,-1
2017200204820,1,1,0,12,0,7,0,0,0,0,1,1,4,1,15,3,-1,-1,-1,-1,-1,-1
2017200204820,2,9,0,18,0,1,0,0,0,0,4,1,1,1,56,9,-1,-1,-1,-1,-1,-1
2017200204826,1,9,0,4,0,2,0,0,0,0,1,1,6,1,20,4,-1,-1,-1,-1,-1,-1
2017200204826,2,9,0,4,0,2,0,0,0,0,2,1,6,1,75,10,1468,1,23,-1,-1,-1
2017200204826,3,9,0,4,0,2,0,0,0,0,2,1,6,1,-1,-1,-1,-1,-1,-1,-1,-1