Accident_Index,Vehicle_Reference,Vehicle_Type,Towing_and_Articulation,Vehicle_Manoeuvre,Vehicle_Location-Restricted_Lane,Junction_Location,Skidding_and_Overturning,Hit_Object_in_Carriageway,Vehicle_Leaving_Carriageway,Hit_Object_off_Carriageway,1st_Point_of_Impact,Was_Vehicle_Left_Hand_Drive?,Journey_Purpose_of_Driver,Sex_of_Driver,Age_of_Driver,Age_Band_of_Driver,Engine_Capacity_(CC),Propulsion_Code,Age_of_Vehicle,Driver_IMD_Decile,Driver_Home_Area_Type,Vehicle_IMD_Decile
2017200204832,1,98,0,18,0,0,0,0,0,0,0,1,6,1,-1,-1,-1,-1,-1,-1,-1,-1
2017200204838,1,9,0,18,0,0,0,0,0,0,0,1,6,2,33,6,1400,1,12,-1,-1,-1
2017200204838,2,1,0,18,0,0,0,0,0,0,0,1,6,1,10,2,-1,-1,-1,-1,-1,-1
2017200204914,1,9,0,18,0,0,0,0,0,0,1,1,6,1,36,7,2861,1,22,6,1,6
2017200204928,1,9,0,1,9,0,0,0,0,0,2,1,6,3,-1,-1,-1,-1,-1,-1,-1,-1
2017200204934,1,9,0,18,0,4,0,0,0,0,3,1,1,2,54,8,1799,1,9,1,1,1
2017200204934,2,9,0,18,0,3,0,0,0,0,1,1,3,1,60,9,1586,1,14,4,1,4
2017200204955,1,9,0,10,0,1,0,0,0,0,1,1,3,2,23,5,1242,1,7,-1,-1,-1
2017200204955,2,9,0,16,0,1,0,0,0,0,1,1,6,1,30,6,-1,-1,-1,-1,-1,-1
2017200204964,1,9,0,5,9,6,0,0,0,0,1,1,5,1,27,6,998,1,5,8,1,8
2017200204964,2,1,0,18,9,1,0,0,0,0,4,1,6,2,9,2,-1,-1,-1,-1,-1,-1
2017200204969,1,9,0,18,0,0,0,0,0,0,4,1,6,1,37,7,1598,1,6,6,1,6
2017200204972,1,3,0,18,0,0,0,0,0,0,3,1,1,1,21,5,124,1,6,1,1,1
2017200204972,2,9,0,18,0,0,0,0,0,0,4,1,6,3,-1,-1,-1,-1,-1,-1,-1,-1
2017200204975,1,9,0,4,0,1,0,0,0,0,1,1,6,1,30,6,1896,2,15,-1,-1,-1
2017200204975,2,9,0,18,0,8,0,0,0,0,4,1,6,1,30,6,1461,2,-1,-1,-1,-1
2017200204975,3,9,0,3,0,1,0,0,0,0,2,1,6,1,66,10,1753,2,10,-1,-1,-1
2017200204983,1,9,0,18,0,0,0,0,0,0,1,1,2,3,-1,-1,2400,1,8,-1,-1,-1
2017200204998,1,19,0,18,0,2,0,0,0,0,1,1,1,1,23,5,2287,2,1,-1,-1,-1
2017200205002,1,9,0,9,0,6,0,0,0,0,1,1,2,2,44,7,1560,2,6,-1,-1,-1
2017200205005,1,9,0,18,0,8,0,0,0,0,1,1,6,3,-1,-1,998,1,1,-1,-1,-1
2017200205005,2,9,0,18,0,8,0,0,0,0,1,1,6,3,-1,-1,1598,1,9,-1,-1,-1
2017200205005,3,9,0,3,0,8,0,0,0,0,2,1,6,2,32,6,1339,1,10,-1,-1,-1
2017200205007,1,9,0,2,0,0,0,0,0,0,1,1,6,2,73,10,1796,1,10,2,1,2
2017200205007,2,1,0,18,0,0,0,0,0,0,1,1,4,1,-1,-1,-1,-1,-1,-1,-1,-1
2017200205008,1,9,0,7,0,6,0,0,0,0,4,1,6,1,30,6,-1,-1,-1,-1,-1,-1
2017200205008,2,1,0,18,0,8,0,0,0,0,3,1,6,2,19,4,-1,-1,-1,-1,-1,-1
2017200205019,1,9,0,18,0,1,0,0,0,0,2,1,6,1,46,8,1124,1,17,1,1,1
2017200205019,2,9,0,3,0,1,0,0,0,0,1,1,6,1,43,7,1910,2,9,2,1,2
2017200205025,1,98,0,18,0,8,1,0,0,0,1,1,1,1,46,8,-1,-1,-1,-1,-1,-1
2017200205025,2,9,0,18,0,8,0,0,0,0,3,1,1,1,46,8,1560,2,4,-1,-1,-1
2017200205026,1,9,0,4,0,1,0,0,0,0,1,1,2,1,47,8,2495,2,16,8,1,8
2017200205026,2,9,0,4,0,1,0,0,0,0,2,1,2,1,41,7,2696,2,12,3,1,3
2017200205026,3,9,0,4,0,1,0,0,0,0,2,1,2,2,43,7,2993,2,4,9,1,9
2017200205031,1,9,0,18,0,0,0,0,0,0,1,1,6,1,74,10,1796,1,11,1,1,1
2017200205031,2,9,0,3,0,0,0,0,0,0,2,1,6,1,49,8,1956,2,2,-1,-1,-1
2017200205051,1,9,0,18,0,8,0,0,0,0,1,1,6,3,30,6,1296,1,10,-1,-1,-1
2017200205051,2,9,0,3,0,8,0,0,0,0,2,1,5,2,38,7,1560,2,2,9,1,9
2017200205052,1,9,0,18,0,1,0,4,0,0,1,1,6,1,40,7,1364,1,12,-1,-1,-1
2017200205052,2,9,0,18,0,1,0,0,0,0,3,1,6,1,50,8,1896,2,8,-1,-1,-1
2017200205065,1,9,0,7,0,0,0,0,0,0,3,1,6,3,-1,-1,-1,-1,-1,-1,-1,-1
2017200205065,2,1,0,18,0,0,0,0,0,0,4,1,6,1,-1,-1,-1,-1,-1,10,1,10
2017200205088,1,9,0,18,0,0,0,0,0,0,1,1,2,2,26,6,1242,1,4,1,1,1
2017200205089,1,1,0,18,0,0,0,0,0,0,1,1,6,1,-1,-1,-1,-1,-1,-1,-1,-1
2017200205097,1,9,0,9,0,6,5,7,4,0,3,1,1,2,30,6,1229,1,4,-1,-1,-1
2017200205097,2,9,0,18,0,8,0,7,4,0,1,1,1,1,58,9,1968,2,10,-1,-1,-1
2017200205112,1,9,0,18,0,0,1,0,0,0,1,1,5,2,45,7,1995,2,4,2,1,2
2017200205112,2,1,0,18,0,0,0,0,0,0,4,1,5,1,5,1,-1,-1,-1,-1,-1,-1
2017200205116,1,9,0,17,0,8,0,10,2,10,4,1,6,1,35,6,2143,2,5,-1,-1,-1
2017200205116,2,9,0,9,0,8,0,7,7,0,2,1,1,1,40,7,-1,-1,-1,-1,-1,-1
2017200205138,1,9,0,13,0,8,1,10,1,3,1,1,6,3,-1,-1,1360,1,17,-1,-1,-1
2017200205138,2,9,0,18,0,8,0,0,0,0,0,1,6,1,-1,-1,-1,-1,-1,-1,-1,-1
2017200205153,1,9,0,5,0,6,0,0,0,0,1,1,6,1,-1,-1,1896,2,15,1,1,1
2017200205153,2,9,0,18,0,8,0,0,0,0,4,1,6,2,30,6,999,1,2,1,1,1
2017200205155,1,9,0,9,0,0,0,7,0,0,1,1,6,1,26,6,1497,1,12,1,1,1
2017200205155,2,9,0,18,0,0,0,0,0,0,1,1,6,1,62,9,1598,1,8,2,1,2
2017200205161,1,9,0,17,0,8,0,0,0,0,1,1,6,3,-1,-1,-1,-1,-1,-1,-1,-1
2017200205161,2,1,0,10,0,8,0,0,0,0,1,1,1,1,32,6,-1,-1,-1,2,1,2
2017200205167,1,9,0,18,0,0,0,0,0,0,3,1,6,3,30,6,-1,-1,-1,-1,-1,-1
2017200205167,2,9,0,2,0,0,0,0,0,0,0,1,3,2,38,7,1796,1,11,2,1,2
2017200205182,1,9,0,5,0,1,0,0,0,0,0,1,6,2,-1,-1,-1,-1,-1,-1,-1,-1
2017200205182,2,1,0,18,0,1,0,0,0,0,1,1,6,1,10,2,-1,-1,-1,-1,-1,-1
2017200205188,1,9,0,3,0,1,0,0,0,0,2,1,6,1,21,5,1000,1,1,1,1,1
2017200205188,2,9,0,18,0,1,0,0,0,0,1,1,6,1,-1,-1,-1,-1,-1,-1,-1,-1
2017200205188,3,97,0,18,0,1,0,0,0,0,0,1,6,1,-1,-1,-1,-1,-1,-1,-1,-1
2017200205188,4,97,0,18,0,1,0,0,0,0,0,1,6,1,-1,-1,-1,-1,-1,-1,-1,-1
2017200205191,1,9,0,18,0,0,0,0,0,0,1,1,6,1,30,6,2231,2,6,-1,-1,-1
2017200205191,2,9,0,3,0,0,0,0,0,0,2,1,6,1,25,5,1496,2,1,-1,-1,-1
2017200205203,1,9,0,18,0,1,0,10,1,4,1,1,2,2,55,8,1598,1,5,-1,-1,-1
2017200205203,2,9,0,3,0,1,0,0,0,0,2,1,2,2,33,6,1998,1,12,-1,-1,-1
2017200205208,1,9,0,18,0,4,0,0,0,0,1,1,6,2,36,7,1461,2,7,10,1,10
2017200205208,2,9,0,18,0,3,0,0,0,0,1,1,6,1,46,8,1753,2,9,5,1,5
2017200205210,1,9,0,11,0,8,0,0,0,0,3,1,6,1,30,6,-1,-1,-1,-1,-1,-1
2017200205210,2,1,0,18,0,8,0,0,0,0,4,1,6,1,30,6,-1,-1,-1,-1,-1,-1
2017200205211,1,9,0,18,0,0,0,0,0,0,3,1,6,1,72,10,1796,1,13,1,1,1
2017200205211,2,9,0,18,0,0,0,0,0,0,1,1,6,3,-1,-1,-1,-1,-1,-1,-1,-1
2017200205217,1,21,0,9,0,0,0,0,0,0,4,1,6,1,51,8,-1,-1,-1,1,1,1
2017200205217,2,11,0,18,0,0,0,0,0,0,3,1,6,1,39,7,-1,-1,-1,6,1,6
2017200205220,1,9,0,18,0,8,0,0,0,0,1,1,6,1,-1,-1,-1,-1,-1,-1,-1,-1
2017200205220,2,9,0,5,0,8,0,0,0,0,4,1,6,1,-1,-1,1242,1,10,2,1,2
2017200205239,1,9,0,18,0,1,0,0,0,0,1,1,6,1,20,4,1596,1,-1,-1,-1,-1
2017200205239,2,9,0,9,0,1,0,0,0,0,3,1,6,1,30,6,1997,2,-1,-1,-1,-1
2017200205251,1,9,0,4,0,1,0,0,0,0,1,1,6,2,22,5,1198,1,2,2,1,2
2017200205251,2,9,0,10,0,1,0,0,0,0,1,1,6,1,53,8,-1,-1,-1,-1,-1,-1
2017200205254,1,9,0,18,0,1,0,0,0,0,1,1,6,1,30,6,1560,2,12,-1,-1,-1
2017200205254,2,9,0,3,0,1,0,0,0,0,2,1,6,2,50,8,1398,1,13,-1,-1,-1
2017200205255,1,9,0,4,0,0,0,0,0,0,1,1,2,2,46,8,1598,2,2,-1,-1,-1
2017200205255,2,19,0,3,0,0,0,0,0,0,2,1,2,1,44,7,1560,2,3,-1,-1,-1
2017200205255,3,9,0,3,0,0,0,0,0,0,2,1,2,2,53,8,2179,2,2,-1,-1,-1
2017200205266,1,9,0,11,0,0,0,0,0,0,1,1,6,2,39,7,1390,1,6,-1,-1,-1
2017200205266,2,9,0,18,0,0,0,0,0,0,2,1,6,1,27,6,1968,2,8,-1,-1,-1
2017200205268,1,9,0,18,0,0,0,4,0,0,1,1,6,1,19,4,1956,2,8,-1,-1,-1
2017200205268,2,9,0,2,0,0,0,0,0,0,2,1,6,1,32,6,1560,2,2,-1,-1,-1
2017200205269,1,21,0,18,0,0,0,0,0,0,4,1,6,1,40,7,12900,2,9,-1,-1,-1
2017200205282,1,9,0,18,0,1,0,7,0,0,3,1,6,1,35,6,998,1,10,-1,-1,-1
2017200205282,2,21,1,18,0,2,0,0,0,0,1,1,6,1,60,9,10518,2,8,-1,-1,-1
2017200205284,1,9,0,18,0,0,0,0,0,0,1,1,6,1,32,6,2179,2,9,-1,-1,-1
2017200205284,2,9,0,18,0,0,0,0,0,0,2,1,6,2,64,9,1248,1,2,-1,-1,-1
2017200205284,3,9,0,18,0,0,0,0,0,0,2,1,6,2,39,7,1598,1,4,-1,-1,-1
2017200205303,1,9,0,18,0,8,0,0,0,0,1,1,6,1,33,6,1995,2,13,-1,-1,-1
2017200205303,2,9,0,9,0,6,0,0,0,0,2,1,6,1,31,6,999,1,3,-1,-1,-1
2017200205343,1,9,0,3,0,1,0,0,0,0,2,1,6,2,52,8,1248,2,8,-1,-1,-1
2017200205343,2,9,0,4,0,1,0,0,0,0,1,1,6,2,28,6,1248,2,12,-1,-1,-1
2017200205352,1,9,0,18,0,6,0,10,3,0,1,1,6,1,21,5,1390,1,13,1,1,1
2017200205352,2,9,0,18,0,8,0,0,0,0,1,1,6,1,34,6,1998,1,11,1,1,1
2017200205352,3,9,0,2,9,8,0,0,0,0,3,1,6,3,-1,-1,2171,1,14,-1,-1,-1
2017200205352,4,9,0,17,0,1,0,0,0,0,0,1,1,1,-1,-1,1956,2,2,-1,-1,-1
2017200205367,1,9,0,18,0,6,0,0,0,0,4,1,6,1,-1,-1,1798,1,10,-1,-1,-1
2017200205367,2,9,0,18,0,8,0,0,0,0,1,1,6,1,38,7,2231,2,6,1,1,1
2017200205367,3,9,0,18,0,1,0,0,0,0,1,1,1,1,-1,-1,1956,2,2,-1,-1,-1
2017200205411,1,9,0,18,0,0,0,0,0,0,2,1,6,1,35,6,1995,2,13,-1,-1,-1
2017200205411,2,9,0,18,0,0,0,0,0,0,1,1,6,1,60,9,1390,1,16,-1,-1,-1
2017200205411,3,9,0,18,0,0,0,0,0,0,1,1,6,2,31,6,1598,1,6,5,1,5
2017200205419,1,9,0,13,0,0,0,0,0,0,1,1,6,3,-1,-1,-1,-1,-1,-1,-1,-1
2017200205419,2,1,0,14,0,0,0,0,0,0,2,1,6,1,16,4,-1,-1,-1,-1,-1,-1
2017200205532,1,9,0,18,0,1,0,0,0,0,1,1,6,1,26,6,1968,2,6,3,1,3
2017200205532,2,9,0,4,0,1,0,0,0,0,2,1,6,2,33,6,1248,2,3,3,1,3
2017200205544,1,9,0,4,0,1,0,0,0,0,1,1,1,2,25,5,-1,-1,-1,-1,-1,-1
2017200205544,2,9,0,4,0,1,0,0,0,0,2,1,6,2,28,6,1198,1,13,-1,-1,-1
2017200205552,1,9,0,18,0,0,0,0,0,0,1,1,6,1,-1,-1,-1,-1,-1,5,1,5
2017200205552,2,9,0,18,0,0,0,0,0,0,2,1,6,3,-1,-1,-1,-1,-1,-1,-1,-1
2017200205554,1,9,0,18,0,6,0,0,0,0,1,1,6,1,79,11,1994,2,16,2,1,2
2017200205554,2,9,0,18,0,8,0,0,0,0,4,1,6,2,47,8,1197,1,2,1,1,1
2017200205565,1,9,0,18,0,4,1,0,0,0,1,1,6,2,22,5,1598,1,7,-1,-1,-1
2017200205565,2,9,0,9,0,4,0,0,0,0,4,1,1,1,45,7,1461,2,2,-1,-1,-1
2017200205579,1,9,0,4,0,2,0,0,0,0,0,1,6,2,26,6,998,1,2,5,1,5
2017200205580,1,9,0,14,0,1,0,0,0,0,1,1,6,2,32,6,998,1,6,9,1,9
2017200205580,2,1,0,18,0,1,0,0,0,0,1,1,6,1,14,3,-1,-1,-1,-1,-1,-1
2017200205630,1,9,0,18,0,8,0,0,0,0,1,1,6,3,-1,-1,-1,-1,-1,-1,-1,-1
2017200205630,2,9,0,5,0,4,0,0,0,0,1,1,6,1,39,7,-1,-1,-1,1,1,1
2017200205651,1,9,0,6,0,8,0,0,0,0,3,1,2,2,36,7,2199,2,-1,2,1,2
2017200205651,2,9,0,18,0,8,0,0,0,0,1,1,2,1,46,8,1396,1,17,5,1,5
2017200205656,1,9,0,18,0,0,0,0,0,0,4,1,6,1,59,9,1997,2,16,1,1,1
2017200205684,1,9,0,18,0,0,0,0,0,0,4,1,6,2,26,6,1968,2,1,1,1,1
2017200205686,1,9,0,18,0,1,0,0,0,0,0,1,6,2,53,8,1796,1,7,8,3,8
2017200205712,1,9,0,16,0,0,1,0,0,0,1,1,6,1,21,5,1995,2,7,-1,-1,-1
2017200205712,2,19,0,17,0,0,0,0,0,0,1,1,6,1,48,8,1560,2,5,-1,-1,-1
2017200205721,1,90,0,18,0,0,0,0,0,0,4,1,6,1,45,7,-1,-1,-1,-1,-1,-1
2017200205730,1,9,0,18,0,0,0,0,0,0,2,1,6,2,42,7,1794,1,15,1,1,1
2017200205730,2,9,0,3,0,0,0,0,0,0,0,1,6,1,26,6,1968,2,-1,1,1,1
2017200205770,1,9,0,1,0,8,5,0,0,0,2,1,6,1,25,5,1200,1,-1,1,1,1
2017200205770,2,9,0,3,0,8,0,4,0,0,3,1,1,1,-1,-1,2993,2,3,1,1,1
2017200205770,3,9,0,2,0,2,0,0,0,0,2,1,6,3,-1,-1,1240,1,12,-1,-1,-1
2017200205774,1,1,0,12,0,0,0,0,0,0,2,1,6,1,22,5,-1,-1,-1,-1,-1,-1
2017200205774,2,9,0,18,0,0,0,0,0,0,1,1,6,3,-1,-1,-1,-1,-1,-1,-1,-1
2017200205777,1,9,0,18,0,0,0,0,0,0,2,1,6,2,56,9,1248,1,8,2,1,2
2017200205777,2,19,0,18,0,0,0,0,0,0,1,1,1,1,-1,-1,2151,2,15,-1,-1,-1
2017200205779,1,9,0,3,0,8,0,0,0,0,2,1,5,1,27,6,1248,2,12,-1,-1,-1
2017200205779,2,19,0,4,0,8,0,0,0,0,1,1,6,3,-1,-1,2143,2,3,-1,-1,-1
2017200205789,1,9,0,18,0,0,0,6,2,7,3,1,6,2,33,6,1248,1,-1,-1,-1,-1
2017200205789,2,9,0,18,0,0,0,0,0,0,4,1,6,1,33,6,1598,1,9,-1,-1,-1
2017200205868,1,4,0,14,0,8,0,0,0,0,1,1,1,1,24,5,487,1,9,-1,-1,-1
2017200205868,2,19,0,9,0,6,0,0,0,0,1,1,1,1,47,8,2148,2,11,-1,-1,-1
2017200205898,1,9,0,18,0,8,0,0,0,0,1,1,6,1,36,7,1596,1,11,3,1,3
2017200205898,2,9,0,18,0,8,0,0,0,0,1,1,6,1,54,8,2401,2,10,2,1,2
2017200205900,1,9,0,18,0,8,1,0,0,0,1,1,6,1,-1,-1,1124,1,16,-1,-1,-1
2017200205900,2,9,0,9,0,6,0,10,0,0,3,1,6,1,39,7,-1,-1,-1,-1,-1,-1
2017200205903,1,9,0,7,0,6,0,0,0,0,1,1,6,2,37,7,1998,1,14,2,1,2
2017200205908,1,9,0,9,0,6,0,10,1,0,4,1,6,2,30,6,1339,1,10,8,1,8
2017200205911,1,9,0,11,0,0,0,4,0,0,1,1,6,1,23,5,1968,2,13,-1,-1,-1
2017200205911,2,98,0,2,0,0,0,4,0,0,2,1,6,3,-1,-1,-1,-1,-1,-1,-1,-1
2017200205911,3,9,0,2,0,0,0,0,0,0,2,1,6,3,-1,-1,1910,2,11,-1,-1,-1
2017200205914,1,9,0,16,0,0,0,0,0,0,1,1,6,1,-1,-1,1984,1,-1,-1,-1,-1
2017200205914,2,9,0,4,0,0,0,0,0,0,2,1,6,1,42,7,1598,2,2,-1,-1,-1
2017200205929,1,9,0,9,0,5,0,0,0,0,1,1,6,1,31,6,1560,2,9,3,1,3
2017200205929,2,9,0,18,0,8,0,0,0,0,3,1,6,1,33,6,1799,1,11,-1,-1,-1
2017200205949,1,9,0,18,0,1,0,0,0,0,1,1,6,1,33,6,1968,2,10,-1,-1,-1
2017200205949,2,9,0,10,0,1,0,4,0,0,2,1,6,2,32,6,1598,1,15,-1,-1,-1
2017200205949,3,9,0,2,0,8,0,0,0,0,3,1,6,2,-1,-1,1206,1,5,-1,-1,-1
2017200205949,4,9,0,2,0,8,0,0,0,0,3,1,6,2,-1,-1,1461,2,10,-1,-1,-1
2017200205951,1,9,0,9,0,1,0,0,0,0,0,1,6,1,48,8,2143,2,1,-1,-1,-1
2017200205951,2,19,0,9,0,1,0,10,7,11,1,1,6,1,48,8,2198,2,6,-1,-1,-1
2017200205960,1,9,0,18,0,8,0,10,7,2,1,1,6,1,-1,-1,1388,1,13,-1,-1,-1
2017200205960,2,8,0,18,0,8,0,10,1,1,1,1,1,1,24,5,1995,2,10,3,1,3
2017200205964,1,9,0,11,0,0,0,0,0,0,4,1,6,1,27,6,1199,1,13,4,1,4
2017200205964,2,5,0,15,0,0,0,0,0,0,3,1,6,1,70,10,1250,1,4,10,1,10
2017200205977,1,9,0,3,0,0,0,0,0,0,4,1,2,2,41,7,-1,-1,-1,-1,-1,-1
2017200205977,2,22,0,5,9,0,0,0,0,0,4,1,6,2,10,2,-1,-1,-1,-1,-1,-1
2017200205994,1,97,0,14,0,0,1,0,0,0,1,1,6,1,-1,-1,-1,-1,-1,-1,-1,-1
2017200205994,2,9,0,18,0,0,0,0,0,0,1,1,6,1,-1,-1,1910,2,10,-1,-1,-1
2017200206017,1,9,0,18,0,2,0,0,0,0,1,1,6,3,-1,-1,-1,-1,-1,-1,-1,-1
2017200206046,1,9,0,17,0,0,0,0,0,0,0,1,6,3,-1,-1,-1,-1,-1,-1,-1,-1
2017200206046,2,9,0,16,0,0,0,6,1,0,1,1,1,1,49,8,1229,1,3,3,1,3
2017200206052,1,9,0,1,0,6,0,0,0,0,2,1,6,1,80,11,1997,2,13,-1,-1,-1
2017200206073,1,9,0,18,0,0,0,0,0,0,1,1,6,2,44,7,1995,2,4,1,1,1
2017200206076,1,9,0,5,0,4,0,0,0,0,2,1,6,3,-1,-1,-1,-1,-1,-1,-1,-1
2017200206076,2,9,0,4,0,8,0,0,0,0,1,1,6,2,22,5,1997,1,11,7,2,7
2017200206076,3,9,0,4,0,8,0,0,0,0,1,1,1,2,35,6,1598,2,1,10,1,10
2017200206091,1,19,0,18,0,0,0,4,0,0,4,1,6,1,65,9,1998,2,16,-1,-1,-1
2017200206091,2,9,0,2,0,0,0,0,0,0,4,1,6,1,30,6,-1,-1,-1,-1,-1,-1
2017200206091,3,9,0,2,0,0,0,0,0,0,0,1,6,1,27,6,1596,1,-1,-1,-1,-1
2017200206115,1,9,0,17,0,0,1,10,1,2,3,1,1,1,31,6,-1,-1,-1,-1,-1,-1
2017200206177,1,9,0,9,0,5,0,0,0,0,4,1,6,1,54,8,1198,1,3,-1,-1,-1
2017200206177,2,9,0,18,0,8,0,0,0,0,1,1,6,2,54,8,1598,1,11,-1,-1,-1
2017200206177,3,9,0,18,0,6,0,0,0,0,3,1,6,2,32,6,1968,2,5,-1,-1,-1
2017200206197,1,3,0,18,0,1,0,0,0,0,1,1,6,1,18,4,125,1,3,3,1,3
2017200206197,2,9,0,10,0,1,0,0,0,0,2,1,6,2,-1,-1,1560,2,5,-1,-1,-1
2017200206203,1,8,0,5,2,0,0,0,0,0,0,1,6,1,-1,-1,2231,2,10,1,1,1
2017200206204,1,9,0,18,0,0,0,0,0,0,1,1,6,1,61,9,1975,1,11,2,1,2
2017200206204,2,9,0,4,0,0,0,0,0,0,2,1,6,1,34,6,1896,2,15,1,1,1
2017200206217,1,9,0,18,0,8,0,0,0,0,4,1,1,2,32,6,1796,2,4,-1,-1,-1
2017200206217,2,9,0,18,0,8,0,0,0,0,3,1,6,1,-1,-1,1560,2,12,-1,-1,-1
2017200206227,1,9,0,18,0,0,0,0,0,0,1,1,1,2,37,7,2143,2,2,-1,-1,-1
2017200206227,2,9,0,18,0,0,0,0,0,0,1,1,3,2,49,8,2184,2,1,-1,-1,-1
2017200206321,1,11,0,18,0,0,0,4,0,0,1,1,1,1,57,9,5900,2,14,3,1,3
2017200206321,2,11,0,3,0,0,0,0,0,0,2,1,1,1,58,9,4250,2,7,3,1,3
2017200206321,3,9,0,3,0,0,0,0,0,0,2,1,6,2,50,8,1796,1,5,2,1,2
2017200206321,4,90,0,3,0,0,0,0,0,0,2,1,1,1,62,9,2198,2,1,1,1,1
2017200206321,5,10,0,3,0,0,0,0,0,0,2,1,1,1,47,8,1997,2,16,5,1,5
2017200206327,1,9,0,6,0,0,0,0,0,0,1,1,6,3,30,6,1390,1,3,-1,-1,-1
2017200206327,2,9,0,18,0,0,0,0,0,0,3,1,6,1,29,6,1968,2,4,1,1,1
2017200206331,1,9,0,18,0,0,0,0,0,0,0,1,2,1,63,9,1796,1,8,-1,-1,-1
2017200206340,1,9,0,1,0,0,0,0,0,0,2,1,6,2,40,7,2993,2,7,-1,-1,-1
2017200206342,1,9,0,18,0,8,0,0,0,0,1,1,6,3,-1,-1,1997,1,17,-1,-1,-1
2017200206342,2,9,0,7,0,5,0,10,7,2,4,1,6,2,24,5,1956,2,3,3,1,3
2017200206345,1,9,0,12,0,0,0,0,0,0,1,1,5,1,28,6,1390,1,10,3,1,3
2017200206345,2,9,0,18,0,0,0,0,0,0,2,1,5,2,47,8,1968,2,5,1,1,1
2017200206357,1,9,0,3,0,2,0,0,0,0,1,1,6,2,38,7,1240,1,11,1,1,1
2017200206357,2,9,0,14,0,1,0,0,0,0,1,1,6,1,-1,-1,1896,2,9,2,1,2
2017200206364,1,9,0,18,0,0,0,10,1,2,1,1,6,1,73,10,1242,1,10,-1,-1,-1
2017200206364,2,9,0,18,0,0,0,0,0,0,0,1,6,2,34,6,1995,2,6,-1,-1,-1
2017200206366,1,9,0,18,0,0,2,11,1,10,1,1,1,2,19,4,1242,1,7,8,1,8
2017200206382,1,9,0,9,0,5,0,10,1,11,3,1,6,2,41,7,1998,2,8,5,1,5
2017200206382,2,9,0,13,0,1,0,0,0,0,1,1,6,1,31,6,1995,2,8,5,1,5
2017200206386,1,1,0,18,0,0,0,0,0,0,2,1,6,1,48,8,-1,-1,-1,2,1,2
2017200206386,2,9,0,18,0,0,0,0,0,0,1,1,6,1,-1,-1,1598,1,13,-1,-1,-1
2017200206401,1,8,0,2,0,0,0,0,0,0,3,1,6,3,-1,-1,-1,-1,-1,-1,-1,-1
2017200206401,2,1,0,18,0,0,0,8,0,0,1,1,1,1,49,8,-1,-1,-1,1,1,1
2017200206402,1,9,0,12,0,3,0,0,0,0,1,1,6,1,40,7,1368,1,9,-1,-1,-1
2017200206402,2,9,0,18,0,8,0,0,0,0,2,1,6,1,34,6,1995,2,14,2,1,2
2017200206405,1,9,0,18,0,1,0,0,0,0,3,1,6,1,50,8,1991,2,8,-1,-1,-1
2017200206405,2,9,0,9,0,2,0,0,0,0,3,1,6,1,22,5,1598,2,2,-1,-1,-1
2017200206410,1,9,0,18,0,1,0,0,0,0,1,1,6,3,-1,-1,1896,2,15,-1,-1,-1
2017200206410,2,1,0,18,0,1,0,0,0,0,2,1,5,2,10,2,-1,-1,-1,-1,-1,-1
2017200206431,1,9,0,18,0,0,0,0,0,0,3,1,6,2,20,4,1242,1,3,3,1,3
2017200206433,1,9,0,5,0,6,0,0,0,0,1,1,6,1,55,8,3950,1,19,-1,-1,-1
2017200206433,2,9,0,9,0,8,0,0,0,0,3,1,6,2,63,9,1398,1,3,-1,-1,-1
2017200206447,1,19,0,5,9,6,0,0,0,0,4,1,1,1,51,8,1560,2,3,-1,-1,-1
2017200206447,2,1,0,18,9,8,0,0,0,0,1,1,6,1,23,5,-1,-1,-1,-1,-1,-1
2017200206455,1,9,0,18,0,2,0,0,0,0,1,1,6,1,50,8,2720,2,11,-1,-1,-1
2017200206460,1,9,0,3,0,1,0,0,0,0,2,1,6,1,-1,-1,1360,1,15,-1,-1,-1
2017200206460,2,19,0,18,0,1,0,0,0,0,1,1,6,1,61,9,1998,2,11,-1,-1,-1
2017200206460,3,9,0,3,0,1,0,0,0,0,2,1,6,2,54,8,1498,1,2,-1,-1,-1
2017200206475,1,9,0,18,0,1,0,0,0,0,1,1,2,2,45,7,1598,1,15,-1,-1,-1
2017200206475,2,1,0,18,0,1,0,0,0,0,1,1,6,1,46,8,-1,-1,-1,-1,-1,-1
2017200206560,1,9,0,18,0,0,1,10,8,11,2,1,2,1,42,7,1997,1,16,3,1,3
2017200206605,1,9,0,7,0,3,1,0,0,0,1,1,6,2,18,4,998,1,10,8,1,8
2017200206605,2,9,0,18,0,4,0,0,0,0,1,1,2,2,54,8,1395,1,3,8,1,8
2017200206628,1,9,0,18,0,6,0,10,8,11,3,1,1,1,26,6,-1,-1,-1,1,1,1
2017200206628,2,9,0,18,0,8,0,0,0,0,1,1,1,1,26,6,1910,2,11,3,1,3
2017200206628,3,9,0,18,0,8,0,0,0,0,1,1,6,1,19,4,1686,2,12,1,1,1
2017200206659,1,9,0,18,0,0,0,0,0,0,1,1,6,1,38,7,1461,2,5,2,1,2
2017200206659,2,9,0,18,0,0,0,1,0,0,1,1,6,1,21,5,1598,1,11,8,1,8
2017200206659,3,9,0,4,0,0,0,1,0,0,1,1,6,1,34,6,1598,1,13,-1,-1,-1
2017200206659,4,9,0,3,0,0,0,1,0,0,1,1,6,1,27,6,1390,1,14,5,1,5
2017200206659,5,9,0,4,0,0,0,0,0,0,2,1,1,1,32,6,2993,2,9,1,1,1