Accident_Index,Vehicle_Reference,Vehicle_Type,Towing_and_Articulation,Vehicle_Manoeuvre,Vehicle_Location-Restricted_Lane,Junction_Location,Skidding_and_Overturning,Hit_Object_in_Carriageway,Vehicle_Leaving_Carriageway,Hit_Object_off_Carriageway,1st_Point_of_Impact,Was_Vehicle_Left_Hand_Drive?,Journey_Purpose_of_Driver,Sex_of_Driver,Age_of_Driver,Age_Band_of_Driver,Engine_Capacity_(CC),Propulsion_Code,Age_of_Vehicle,Driver_IMD_Decile,Driver_Home_Area_Type,Vehicle_IMD_Decile
2017200206665,1,9,0,18,0,0,0,0,0,0,1,1,2,2,23,5,1896,2,15,1,1,1
2017200206665,2,9,0,18,0,0,0,0,0,0,1,1,2,2,35,6,1422,2,16,6,3,6
2017200206665,3,9,0,18,0,0,0,0,0,0,0,1,6,1,40,7,1296,1,10,1,1,1
2017200206752,1,9,0,9,0,5,0,0,0,0,1,1,6,1,68,10,1598,2,3,9,1,9
2017200206752,2,9,0,18,0,8,0,0,0,0,1,1,6,2,75,10,998,1,8,1,1,1
2017200206753,1,9,0,17,0,3,0,0,0,0,1,1,6,2,37,7,1360,1,7,3,1,3
2017200206754,1,9,0,9,0,5,0,0,0,0,1,1,6,2,81,11,1199,1,15,-1,-1,-1
2017200206754,2,9,0,18,0,8,0,0,0,0,1,1,6,1,54,8,1995,2,2,-1,-1,-1
2017200206754,3,9,0,10,0,1,0,0,0,0,1,1,6,1,76,11,1364,1,8,-1,-1,-1
2017200206757,1,9,0,18,0,4,0,0,0,0,3,1,5,1,58,9,2402,2,7,4,3,4
2017200206757,2,3,0,18,0,4,0,0,0,0,1,1,5,1,23,5,124,1,6,1,1,1
2017200206768,1,9,0,9,0,6,0,0,0,0,1,1,6,3,-1,-1,1686,2,11,-1,-1,-1
2017200206768,2,9,0,18,0,8,0,0,0,0,3,1,6,1,40,7,1363,2,13,-1,-1,-1
2017200206784,1,9,0,18,0,8,0,0,1,0,1,1,6,3,-1,-1,-1,-1,-1,-1,-1,-1
2017200206784,2,9,0,10,0,8,0,0,0,0,2,1,6,2,73,10,1248,1,3,1,1,1
2017200206844,1,9,0,18,0,0,0,4,1,11,1,1,6,1,37,7,2204,2,11,-1,-1,-1
2017200206844,2,9,0,2,0,0,0,0,0,0,2,1,6,1,25,5,1798,1,4,2,1,2
2017200206852,1,9,0,18,0,0,0,0,0,0,3,1,5,1,53,8,1598,1,5,9,1,9
2017200206894,1,9,0,1,0,0,0,0,0,0,2,1,1,2,-1,-1,1339,1,14,-1,-1,-1
2017200206894,2,9,0,3,0,0,0,0,0,0,1,1,6,1,34,6,-1,-1,-1,-1,-1,-1
2017200206904,1,9,0,9,0,5,0,0,0,0,1,1,5,1,70,10,1598,1,17,3,1,3
2017200206904,2,9,0,18,0,8,0,0,0,0,1,1,5,1,32,6,1968,1,7,2,1,2
2017200206904,3,9,0,8,0,1,0,0,0,0,3,1,5,1,52,8,1461,2,10,3,1,3
2017200206978,1,9,0,9,0,5,0,0,0,0,4,1,2,2,39,7,1598,1,7,5,1,5
2017200206978,2,9,0,18,0,8,0,0,0,0,1,1,2,2,30,6,1199,1,13,2,1,2
2017200207001,1,9,0,9,0,6,0,0,0,0,3,1,1,2,29,6,1397,1,7,8,1,8
2017200207001,2,9,0,18,0,8,0,0,0,0,1,1,1,2,27,6,1598,1,1,2,1,2
2017200207135,1,98,0,5,0,6,0,0,0,0,1,1,6,1,-1,-1,-1,-1,-1,-1,-1,-1
2017200207135,2,9,0,18,0,8,5,4,0,0,3,1,4,1,21,5,1595,1,1,3,2,3
2017200207135,3,9,0,2,0,2,0,0,0,0,3,1,6,3,-1,-1,1796,1,8,-1,-1,-1
2017200207139,1,9,0,1,0,6,0,4,0,0,2,1,6,2,56,9,1560,2,4,9,1,9
2017200207139,2,9,0,2,0,8,0,0,0,0,4,1,3,1,46,8,2993,2,7,-1,-1,-1
2017200207144,1,9,0,18,0,0,0,7,4,6,0,1,1,1,56,9,-1,-1,-1,-1,-1,-1
2017200207150,1,9,0,9,0,8,0,0,0,0,4,1,2,1,61,9,1976,1,7,1,1,1
2017200207150,2,9,0,18,0,4,0,0,0,0,0,1,2,1,43,7,1968,2,1,8,1,8
2017200207164,1,3,0,14,0,1,0,0,0,0,1,1,6,1,22,5,124,1,16,-1,-1,-1
2017200207164,2,9,0,9,0,1,0,0,0,0,3,1,6,1,44,7,2143,2,4,-1,-1,-1
2017200207181,1,9,0,18,0,6,0,0,0,0,1,1,6,1,86,11,1495,1,10,-1,-1,-1
2017200207181,2,9,0,18,0,8,0,0,0,0,4,1,6,1,33,6,2967,1,18,-1,-1,-1
2017200207184,1,9,0,18,0,1,0,0,0,0,2,1,6,2,60,9,998,1,3,2,1,2
2017200207184,2,9,0,3,0,1,0,0,0,0,2,1,6,1,48,8,-1,-1,-1,1,1,1
2017200207184,3,9,0,3,0,1,0,0,0,0,2,1,6,1,36,7,1560,2,3,8,1,8
2017200207184,4,9,0,3,0,1,0,0,0,0,1,1,6,2,21,5,2393,2,-1,8,1,8
2017200207210,1,1,0,18,9,1,0,0,0,0,4,1,6,1,27,6,-1,-1,-1,2,1,2
2017200207210,2,9,0,18,0,1,0,10,7,0,3,1,6,3,-1,-1,-1,-1,-1,-1,-1,-1
2017200207214,1,9,0,18,0,1,0,0,0,0,4,1,1,1,55,8,1997,2,9,-1,-1,-1
2017200207217,1,9,0,9,0,6,0,0,0,0,1,1,6,2,-1,-1,1870,2,12,6,1,6
2017200207217,2,9,0,18,0,8,0,10,1,0,2,1,6,2,53,8,-1,-1,-1,1,1,1
2017200207217,3,1,0,18,9,1,0,0,0,0,4,1,6,1,-1,-1,-1,-1,-1,-1,-1,-1
2017200207219,1,9,0,18,0,8,0,0,0,0,1,1,6,1,33,6,1396,1,13,-1,-1,-1
2017200207219,2,1,0,5,0,6,0,0,0,0,1,1,2,1,18,4,-1,-1,-1,-1,-1,-1
2017200207249,1,9,0,7,0,5,0,0,0,0,4,1,6,3,-1,-1,-1,-1,-1,-1,-1,-1
2017200207249,2,2,0,18,0,8,0,0,0,0,1,1,1,1,16,4,-1,-1,-1,1,1,1
2017200207251,1,9,0,18,0,0,0,0,0,0,1,1,6,1,-1,-1,1396,1,15,-1,-1,-1
2017200207279,1,9,0,9,0,5,0,0,0,0,1,1,6,2,22,5,1596,1,10,-1,-1,-1
2017200207279,2,1,0,18,0,2,0,0,0,0,1,1,6,1,47,8,-1,-1,-1,-1,-1,-1
2017200207285,1,9,0,18,0,0,0,0,0,0,1,1,6,2,79,11,1598,1,3,3,1,3
2017200207285,2,9,0,18,0,0,0,0,0,0,2,1,6,1,30,6,1956,2,4,1,1,1
2017200207288,1,1,0,18,0,1,0,0,0,0,2,1,2,1,32,6,-1,-1,-1,3,1,3
2017200207288,2,9,0,7,0,5,0,0,0,0,2,1,6,3,-1,-1,-1,-1,-1,-1,-1,-1
2017200207295,1,9,0,9,0,3,5,0,0,0,4,1,1,1,62,9,2497,2,11,-1,-1,-1
2017200207295,2,9,0,18,0,8,0,0,0,0,1,1,1,1,35,6,1995,2,10,-1,-1,-1
2017200207299,1,21,1,11,0,0,0,0,0,0,4,1,1,1,32,6,12740,2,2,-1,-1,-1
2017200207299,2,9,0,18,0,0,0,0,0,0,3,1,6,2,30,6,1560,2,3,-1,-1,-1
2017200207326,1,9,0,18,0,1,0,0,0,0,1,1,6,3,30,6,2143,2,-1,-1,-1,-1
2017200207326,2,9,0,3,0,1,0,0,0,0,2,1,5,1,22,5,1499,2,2,6,1,6
2017200207364,1,9,0,3,0,8,0,0,0,0,2,1,5,1,36,7,1360,1,12,1,1,1
2017200207364,2,9,0,3,0,8,0,0,0,0,1,1,5,2,26,6,1299,1,18,7,1,7
2017200207364,3,9,0,3,0,8,0,0,0,0,1,1,6,1,30,6,1598,2,3,-1,-1,-1
2017200207425,1,9,0,3,0,1,0,0,0,0,1,1,6,2,41,7,1984,1,16,-1,-1,-1
2017200207425,2,9,0,1,0,2,0,0,0,0,2,1,6,1,-1,-1,-1,-1,-1,-1,-1,-1
2017200207435,1,9,0,10,0,0,0,0,0,0,1,1,6,2,60,9,998,1,4,-1,-1,-1
2017200207435,2,9,0,3,0,0,0,0,0,0,2,1,6,1,-1,-1,-1,-1,-1,-1,-1,-1
2017200207453,1,9,0,18,0,0,0,0,0,0,4,1,6,1,44,7,1242,1,3,-1,-1,-1
2017200207531,1,9,0,5,0,6,0,0,0,0,1,1,6,1,20,4,1242,1,9,10,1,10
2017200207531,2,9,0,18,0,8,0,0,0,0,3,1,2,1,58,9,1598,1,14,8,2,8
2017200207613,1,9,0,5,0,6,0,0,0,0,1,1,6,2,28,6,1198,1,8,2,1,2
2017200207613,2,9,0,18,0,8,0,0,0,0,4,1,6,2,21,5,999,1,3,2,1,2
2017200207642,1,9,0,5,0,2,0,0,0,0,0,1,1,1,70,10,-1,-1,-1,1,1,1
2017200207661,1,11,0,18,0,1,0,0,0,0,1,1,6,3,-1,-1,7300,2,8,-1,-1,-1
2017200207661,2,9,0,3,0,1,0,0,0,0,2,1,6,1,37,7,973,1,16,-1,-1,-1
2017200207678,1,9,0,9,0,5,0,0,0,0,1,1,6,1,26,6,1461,2,3,-1,-1,-1
2017200207678,2,1,0,18,0,8,0,0,0,0,3,1,2,2,27,6,-1,-1,-1,-1,-1,-1
2017200207697,1,9,0,17,0,8,1,0,0,0,1,1,6,1,48,8,1798,1,14,-1,-1,-1
2017200207697,2,9,0,16,0,8,0,0,0,0,3,1,6,1,27,6,1968,2,-1,-1,-1,-1
2017200207698,1,9,0,7,0,2,0,0,0,0,1,1,6,1,34,6,2777,2,9,-1,-1,-1
2017200207715,1,9,0,18,0,0,0,0,0,0,2,1,6,3,-1,-1,-1,-1,-1,-1,-1,-1
2017200207715,2,1,0,18,0,0,0,0,0,0,2,1,6,1,28,6,-1,-1,-1,-1,-1,-1
2017200207743,1,9,0,5,0,6,0,0,0,0,3,1,1,2,77,11,998,1,8,-1,-1,-1
2017200207743,2,9,0,16,0,8,5,0,0,0,4,1,1,2,28,6,998,1,7,-1,-1,-1
2017200207744,1,9,0,5,0,1,0,0,0,0,1,1,6,1,-1,-1,-1,-1,-1,-1,-1,-1
2017200207744,2,1,0,18,0,1,0,0,0,0,4,1,6,1,21,5,-1,-1,-1,-1,-1,-1
2017200207778,1,19,0,9,0,6,0,0,0,0,1,1,1,3,25,5,1248,2,-1,-1,-1,-1
2017200207778,2,9,0,18,0,8,5,0,0,0,4,1,6,2,27,6,1242,1,12,6,1,6
2017200207791,1,9,0,18,0,8,0,0,0,0,1,1,6,1,35,6,-1,-1,-1,-1,-1,-1
2017200207791,2,9,0,10,0,8,0,0,0,0,2,1,2,2,32,6,1461,2,4,-1,-1,-1
2017200207840,1,9,0,4,0,1,0,0,0,0,1,1,2,1,29,6,1149,1,12,-1,-1,-1
2017200207869,1,9,0,18,0,0,0,0,0,0,1,1,6,1,56,9,-1,-1,-1,-1,-1,-1
2017200207869,2,9,0,3,0,0,0,0,0,0,1,1,6,2,24,5,1242,1,10,10,1,10
2017200207869,3,-1,-1,-1,-1,0,-1,-1,-1,0,-1,1,6,3,-1,-1,-1,-1,-1,-1,-1,-1
2017200207887,1,9,0,18,0,0,0,0,0,0,4,1,6,3,-1,-1,1798,1,7,-1,-1,-1
2017200207923,1,9,0,14,0,1,0,0,0,0,4,1,6,2,52,8,-1,-1,-1,-1,-1,-1
2017200207923,2,9,0,9,0,5,0,0,0,0,3,1,6,1,42,7,-1,-1,-1,-1,-1,-1
2017200207945,1,9,0,18,0,2,0,0,0,0,1,1,6,1,25,5,2354,1,14,-1,-1,-1
2017200207989,1,9,0,5,0,8,0,0,0,0,4,1,6,1,51,8,1598,1,6,4,1,4
2017200207989,2,9,0,5,0,8,1,0,0,0,3,1,6,1,24,5,1995,2,5,1,1,1
2017200207998,1,9,0,18,0,0,0,0,0,0,1,1,6,2,-1,-1,1995,2,7,1,1,1
2017200208000,1,9,0,18,0,1,0,0,0,0,1,1,6,1,-1,-1,-1,-1,-1,-1,-1,-1
2017200208001,1,1,0,18,0,1,0,0,0,0,0,1,6,1,18,4,-1,-1,-1,1,1,1
2017200208001,2,19,0,18,0,1,0,0,0,0,4,1,1,1,55,8,2402,2,9,7,1,7
2017200208006,1,9,0,18,0,0,0,0,3,0,3,1,6,1,26,6,1499,2,-1,2,1,2
2017200208006,2,9,0,18,0,0,0,0,7,0,1,1,6,1,25,5,-1,-1,-1,1,1,1
2017200208006,3,9,5,18,0,0,0,0,0,0,0,1,6,3,-1,-1,2295,1,20,-1,-1,-1
2017200208007,1,9,0,18,0,8,0,0,0,0,3,1,6,1,25,5,1400,2,10,4,1,4
2017200208007,2,9,0,9,0,5,0,0,0,0,1,1,6,3,-1,-1,1560,2,11,-1,-1,-1
2017200208009,1,9,0,18,0,8,0,0,0,0,1,1,6,1,22,5,1242,1,12,1,1,1
2017200208009,2,9,0,18,0,8,0,0,0,0,3,1,2,2,55,8,1422,2,3,-1,-1,-1
2017200208021,1,9,0,9,0,6,0,0,0,0,2,1,6,1,25,5,1598,1,11,-1,-1,-1
2017200208021,2,9,0,10,0,8,0,0,0,0,1,1,1,1,46,8,999,1,2,6,1,6
2017200208026,1,9,0,18,0,1,1,0,0,0,1,1,6,1,21,5,1299,1,13,-1,-1,-1
2017200208026,2,9,0,5,0,6,0,0,0,0,1,1,6,2,35,6,2000,2,11,-1,-1,-1
2017200208031,1,9,0,7,0,5,0,0,0,0,1,1,6,1,35,6,1364,1,7,1,1,1
2017200208031,2,1,0,18,0,2,0,0,0,0,4,1,6,1,6,2,-1,-1,-1,1,1,1
2017200208066,1,1,0,18,0,0,0,0,0,0,1,1,6,1,18,4,-1,-1,-1,-1,-1,-1
2017200208069,1,9,0,18,0,2,0,0,0,0,1,1,6,1,33,6,1248,1,8,1,1,1
2017200208077,1,9,0,18,0,4,0,0,0,0,1,1,6,2,63,9,1598,1,2,-1,-1,-1
2017200208077,2,1,0,18,0,4,0,0,0,0,3,1,6,1,15,3,-1,-1,-1,-1,-1,-1
2017200208099,1,9,0,4,0,0,0,0,0,0,1,1,6,1,18,4,998,1,17,-1,-1,-1
2017200208099,2,9,0,3,0,0,0,0,0,0,2,1,6,1,32,6,1339,8,6,-1,-1,-1
2017200208104,1,9,0,1,0,0,0,0,0,0,2,1,6,3,-1,-1,1595,1,7,-1,-1,-1
2017200208104,2,9,0,3,0,0,0,0,0,0,1,1,6,2,40,7,1910,2,10,1,1,1
2017200208127,1,9,0,9,0,5,0,0,0,0,1,1,6,1,-1,-1,1796,7,14,-1,-1,-1
2017200208127,2,9,0,18,0,8,0,0,0,0,3,1,1,1,36,7,1896,2,9,-1,-1,-1
2017200208129,1,9,0,7,0,5,0,0,0,0,1,1,6,3,-1,-1,1339,1,14,-1,-1,-1
2017200208129,3,3,0,4,0,1,0,0,0,0,3,1,6,1,27,6,125,1,-1,-1,-1,-1
2017200208160,1,9,0,5,0,1,0,0,0,0,1,1,6,1,-1,-1,1995,2,4,-1,-1,-1
2017200208160,2,9,0,8,0,1,0,0,0,0,2,1,6,2,61,9,1397,1,10,-1,-1,-1
2017200208167,1,11,0,18,2,0,0,0,0,0,1,1,1,1,29,6,6700,2,2,-1,-1,-1
2017200208167,2,9,0,11,0,0,0,0,0,0,4,1,6,2,45,7,1598,1,6,-1,-1,-1
2017200208174,1,9,0,18,0,0,0,0,0,0,2,1,6,1,65,9,2148,2,16,-1,-1,-1
2017200208174,2,9,0,3,0,0,0,0,0,0,2,1,6,1,65,9,1364,1,1,1,1,1
2017200208182,1,9,0,4,0,8,0,0,0,0,1,1,6,1,26,6,1596,1,15,3,1,3
2017200208182,2,9,0,4,0,8,0,0,0,0,1,1,6,1,50,8,1229,1,8,2,1,2
2017200208188,1,9,0,18,0,8,0,0,0,0,1,1,6,1,-1,-1,2231,2,11,-1,-1,-1
2017200208188,2,9,0,9,0,5,1,0,0,0,2,1,2,2,55,8,1598,1,6,-1,-1,-1
2017200208215,1,9,0,12,0,0,0,0,0,0,0,1,6,1,-1,-1,2148,2,7,-1,-1,-1
2017200208215,2,3,0,18,0,0,0,0,0,0,0,1,6,1,38,7,125,1,1,-1,-1,-1
2017200208222,1,9,0,18,0,0,0,0,0,0,2,1,1,1,38,7,1997,1,18,1,1,1
2017200208222,2,9,0,3,0,0,0,0,0,0,1,1,6,1,-1,-1,1798,7,7,1,1,1
2017200208276,1,3,0,18,0,8,0,0,0,0,1,1,6,1,18,4,125,1,1,-1,-1,-1
2017200208276,2,9,0,9,0,5,0,0,0,0,2,1,6,1,38,7,1995,2,12,-1,-1,-1
2017200208291,1,9,0,9,0,6,0,0,0,0,4,1,6,1,-1,-1,1388,1,6,-1,-1,-1
2017200208332,1,9,0,18,0,0,-1,0,6,0,3,1,6,1,53,8,1998,2,11,2,1,2
2017200208332,2,98,0,18,0,0,-1,0,-1,0,1,1,6,3,-1,-1,-1,-1,-1,-1,-1,-1
2017200208332,3,9,0,18,0,0,-1,0,6,0,4,1,2,1,-1,-1,1968,2,2,-1,-1,-1
2017200208333,1,9,0,9,0,2,0,0,0,0,1,1,6,1,-1,-1,-1,-1,-1,-1,-1,-1
2017200208334,1,9,0,1,0,6,0,10,3,0,1,1,6,1,82,11,2497,1,14,-1,-1,-1
2017200208345,1,98,0,18,0,0,0,0,0,0,4,1,6,1,-1,-1,-1,-1,-1,-1,-1,-1
2017200208347,1,9,0,15,0,0,0,0,0,0,0,1,6,3,-1,-1,-1,-1,-1,-1,-1,-1
2017200208347,2,9,0,18,0,0,0,0,0,0,1,1,6,3,-1,-1,-1,-1,-1,-1,-1,-1
2017200208347,3,1,0,18,0,0,5,0,0,0,2,1,6,1,43,7,-1,-1,-1,-1,-1,-1
2017200208396,1,9,0,5,9,6,0,0,0,0,1,1,6,2,60,9,-1,-1,-1,-1,-1,-1
2017200208396,2,1,0,18,9,8,0,0,0,0,1,1,6,1,13,3,-1,-1,-1,-1,-1,-1
2017200208454,1,9,0,18,0,1,0,0,0,0,1,1,6,3,-1,-1,-1,-1,-1,-1,-1,-1
2017200208455,1,9,0,9,0,8,0,0,0,0,1,1,6,2,20,4,-1,-1,-1,5,1,5
2017200208455,2,9,0,18,0,8,0,0,0,0,1,1,6,2,19,4,1242,1,1,5,1,5
2017200208459,1,9,0,9,0,8,0,0,0,0,3,1,6,2,20,4,1242,1,9,5,1,5
2017200208459,2,3,0,18,0,8,0,0,0,0,1,1,6,1,25,5,125,1,1,2,1,2
2017200208468,1,9,0,5,0,6,0,0,0,0,1,1,6,1,42,7,1997,2,10,1,1,1
2017200208468,2,9,0,18,0,8,0,0,0,0,2,1,6,1,21,5,1395,1,4,2,1,2
2017200208471,1,9,0,18,0,0,0,10,7,10,1,1,6,1,23,5,1497,1,15,7,2,7
2017200208486,1,9,0,18,9,6,0,0,0,0,0,1,6,3,-1,-1,-1,-1,-1,-1,-1,-1
2017200208486,2,1,0,18,9,8,0,0,0,0,0,1,6,1,11,3,-1,-1,-1,10,2,10
2017200208493,1,9,0,18,0,0,0,0,0,0,4,1,6,1,31,6,2000,1,25,-1,-1,-1
2017200208499,1,3,0,16,0,0,0,0,0,0,1,1,6,1,22,5,124,1,-1,-1,-1,-1
2017200208499,2,9,0,17,0,0,0,0,0,0,3,1,6,1,50,8,-1,-1,-1,1,1,1
2017200208512,1,19,0,18,0,6,0,0,0,0,1,1,6,1,37,7,1598,2,10,1,1,1
2017200208512,2,9,0,18,0,8,0,10,7,11,3,1,6,2,49,8,1398,1,3,1,1,1
2017200208522,1,9,0,18,0,0,0,0,0,0,4,1,1,1,42,7,-1,-1,-1,-1,-1,-1
2017200208522,2,9,0,5,0,0,0,0,0,0,1,1,1,1,-1,-1,998,1,13,-1,-1,-1
2017200208525,1,9,0,18,0,1,0,0,0,0,1,1,6,1,-1,-1,1796,1,14,-1,-1,-1
2017200208525,2,9,0,3,0,1,0,0,0,0,2,1,6,2,26,6,1229,1,4,-1,-1,-1
2017200208527,1,9,0,18,0,0,0,10,1,10,1,1,1,1,50,8,-1,-1,-1,3,1,3
2017200208527,2,19,0,3,0,0,0,0,0,0,2,1,1,1,64,9,2198,2,7,2,1,2
2017200208534,1,9,0,9,0,6,0,0,0,0,1,1,6,2,56,9,1149,1,4,-1,-1,-1
2017200208534,2,9,0,18,0,8,1,10,4,1,2,1,6,1,47,8,1956,2,1,-1,-1,-1
2017200208535,1,9,0,9,0,8,0,0,0,0,4,1,6,1,34,6,1598,1,9,6,1,6
2017200208540,1,9,0,4,0,1,0,0,0,0,1,1,6,2,34,6,1753,2,13,-1,-1,-1
2017200208540,2,9,0,8,0,1,0,0,0,0,2,1,6,2,32,6,1997,2,15,-1,-1,-1
2017200208550,1,9,0,18,0,0,0,0,0,0,4,1,6,2,-1,-1,1461,2,2,-1,-1,-1
2017200208550,2,1,0,18,0,0,0,0,0,0,3,1,6,1,25,5,-1,-1,-1,-1,-1,-1
2017200208578,1,9,0,11,0,0,0,0,0,0,4,1,2,2,46,8,2143,2,-1,-1,-1,-1
2017200208578,2,5,0,15,0,0,0,10,1,11,3,1,2,1,19,4,645,1,5,-1,-1,-1
2017200208580,1,9,0,18,0,0,0,0,0,0,1,1,6,1,71,10,2184,2,13,-1,-1,-1
2017200208580,2,1,0,18,0,0,0,0,0,0,1,1,5,1,14,3,-1,-1,-1,-1,-1,-1
2017200208582,1,9,0,18,0,8,0,0,0,0,4,1,6,2,35,6,1995,2,6,-1,-1,-1
2017200208582,2,9,0,4,0,6,0,0,0,0,4,1,6,2,38,7,-1,-1,-1,-1,-1,-1
2017200208583,1,9,0,18,0,0,0,0,0,0,1,1,2,1,27,6,1197,1,4,-1,-1,-1
2017200208583,2,9,0,3,0,0,0,0,0,0,2,1,2,2,33,6,1199,1,13,-1,-1,-1
2017200208596,1,9,0,9,0,6,0,0,0,0,3,1,6,1,47,8,1988,2,12,-1,-1,-1
2017200208596,2,9,0,18,0,8,0,0,0,0,1,1,1,2,28,6,1242,1,-1,-1,-1,-1
2017200208600,1,9,0,18,0,1,0,0,0,0,4,1,6,1,46,8,1598,1,13,-1,-1,-1
2017200208600,2,1,0,18,0,1,0,0,0,0,2,1,6,1,51,8,-1,-1,-1,-1,-1,-1
2017200208623,1,9,0,18,0,0,1,10,0,0,1,1,6,1,-1,-1,1368,1,9,-1,-1,-1
2017200208623,2,9,0,18,0,0,0,0,0,0,1,1,6,2,-1,-1,1968,2,7,-1,-1,-1
2017200208623,3,9,0,18,0,0,0,0,0,0,0,1,1,1,-1,-1,1997,2,2,-1,-1,-1
2017200208627,1,3,0,18,0,1,1,0,0,0,1,1,6,1,19,4,125,1,17,1,1,1
2017200208627,2,9,0,9,0,6,0,0,0,0,1,1,6,1,54,8,2180,2,21,5,1,5
2017200208635,1,9,0,18,0,1,0,0,0,0,1,1,6,1,-1,-1,1149,1,19,-1,-1,-1
2017200208635,2,9,0,18,0,2,0,0,0,0,1,1,6,2,-1,-1,1399,2,8,-1,-1,-1
2017200208635,3,19,0,7,0,6,0,0,0,0,3,1,6,1,-1,-1,1995,2,1,-1,-1,-1
2017200208637,1,9,0,5,0,1,0,0,0,0,3,1,6,1,-1,-1,2143,2,5,-1,-1,-1
2017200208669,1,9,0,18,0,1,0,0,0,0,1,1,6,1,20,4,1686,2,12,1,1,1
2017200208669,2,9,0,3,0,1,0,0,0,0,2,1,2,1,46,8,-1,-1,-1,2,1,2
2017200208770,1,9,0,18,0,0,0,0,0,0,1,1,6,2,30,6,2179,2,3,6,1,6
2017200208770,2,9,0,4,0,0,0,0,0,0,2,1,6,1,37,7,2000,2,6,9,2,9
2017200208770,3,9,0,4,0,0,0,0,0,0,2,1,6,2,33,6,1398,1,-1,3,1,3
2017200208792,1,9,0,18,0,0,0,0,0,0,1,1,6,2,24,5,1798,1,1,-1,-1,-1
2017200208792,2,9,0,3,0,0,0,0,0,0,2,1,6,1,53,8,1997,2,12,-1,-1,-1
2017200208796,1,9,0,4,0,1,0,0,0,0,1,1,6,2,35,6,999,1,2,-1,-1,-1
2017200208796,2,9,0,4,0,1,0,0,0,0,0,1,6,1,32,6,1399,2,12,-1,-1,-1
2017200208799,1,98,1,13,0,0,0,0,0,0,1,1,2,1,40,7,-1,-1,-1,-1,-1,-1
2017200208799,2,9,0,18,0,0,0,0,0,0,3,1,2,2,22,5,999,1,-1,-1,-1,-1
2017200208804,1,9,0,18,0,0,0,0,0,0,1,1,6,2,49,8,1796,1,11,-1,-1,-1
2017200209007,1,9,0,18,0,3,0,0,0,0,3,1,1,1,76,11,1896,2,11,-1,-1,-1
2017200209306,1,11,0,9,0,1,0,0,0,0,1,1,1,1,-1,-1,6696,2,3,-1,-1,-1
2017200209416,1,3,0,9,0,6,5,0,0,0,3,1,6,1,25,5,125,1,25,-1,-1,-1
2017200209416,2,9,0,18,0,8,0,0,0,0,1,1,6,1,34,6,-1,-1,-1,-1,-1,-1
2017200209449,1,9,0,18,0,6,0,0,0,0,1,1,6,1,39,7,1242,1,1,-1,-1,-1
2017200209449,2,9,0,18,0,8,0,0,0,0,4,1,6,1,34,6,2993,2,11,-1,-1,-1
2017200209498,1,9,0,1,0,2,0,0,0,0,2,1,6,1,37,7,1995,2,1,-1,-1,-1
2017200209533,1,9,0,18,0,0,0,0,0,0,1,1,6,2,-1,-1,1388,1,10,-1,-1,-1
2017200209533,2,1,0,18,0,0,0,0,0,0,1,1,6,1,15,3,-1,-1,-1,-1,-1,-1
2017200209542,1,9,0,18,0,0,0,10,1,0,1,1,6,1,-1,-1,1598,1,11,-1,-1,-1
2017200209542,2,9,0,18,0,0,0,0,0,0,0,1,1,1,-1,-1,2993,2,1,-1,-1,-1
2017200209591,1,9,0,18,0,0,1,10,7,10,1,1,6,1,22,5,-1,-1,-1,-1,-1,-1
2017200209591,2,9,0,2,9,0,0,0,0,0,1,1,6,3,-1,-1,-1,-1,-1,-1,-1,-1
2017200209591,3,9,0,18,0,0,0,0,0,0,0,1,6,1,-1,-1,2993,2,4,-1,-1,-1
2017200209693,1,9,0,18,0,0,0,0,0,0,3,1,1,2,29,6,1364,1,9,-1,-1,-1
2017200209704,1,8,0,2,0,0,0,0,0,0,0,1,1,3,-1,-1,-1,-1,-1,-1,-1,-1
2017200209730,1,1,0,18,9,0,0,0,0,0,1,1,6,1,-1,-1,-1,-1,-1,-1,-1,-1
2017200209742,1,9,0,18,0,0,0,0,0,0,1,1,6,1,32,6,2143,2,2,-1,-1,-1
2017200209744,1,9,0,18,0,6,0,0,0,0,1,1,6,2,59,9,1997,2,-1,4,1,4
2017200209744,2,9,0,18,0,8,0,0,0,0,4,1,6,1,31,6,998,1,3,-1,-1,-1
2017200209761,1,9,0,9,0,6,0,0,0,0,1,1,6,1,-1,-1,2148,2,8,-1,-1,-1
2017200209762,1,9,0,5,0,6,0,0,0,0,1,1,6,1,34,6,2993,2,-1,-1,-1,-1
2017200209767,1,9,0,18,0,0,0,0,0,0,1,1,6,3,-1,-1,1586,1,10,-1,-1,-1
2017200209767,2,9,0,3,0,0,0,0,0,0,2,1,6,2,53,8,1242,1,7,7,1,7
2017200209789,1,9,0,9,0,5,0,0,0,0,1,1,6,1,79,11,1560,2,11,-1,-1,-1
2017200209789,2,9,0,18,0,8,0,0,0,0,1,1,6,2,50,8,1398,2,14,-1,-1,-1
2017200209797,1,9,0,1,0,0,0,0,0,0,2,1,6,1,-1,-1,1753,2,10,-1,-1,-1
2017200209797,2,9,0,3,0,0,0,0,0,0,1,1,1,2,48,8,1198,1,5,-1,-1,-1
2017200209813,1,9,0,18,0,0,0,0,0,0,1,1,6,3,-1,-1,1598,1,12,-1,-1,-1
2017200209813,2,9,0,3,0,0,0,0,0,0,2,1,6,1,43,7,1598,1,14,-1,-1,-1
2017200209824,1,9,0,18,0,0,0,0,0,0,1,1,6,3,-1,-1,1461,2,6,-1,-1,-1
2017200209824,2,9,0,3,0,0,0,0,0,0,2,1,6,1,49,8,1753,2,9,5,1,5