Accident_Index,Vehicle_Reference,Vehicle_Type,Towing_and_Articulation,Vehicle_Manoeuvre,Vehicle_Location-Restricted_Lane,Junction_Location,Skidding_and_Overturning,Hit_Object_in_Carriageway,Vehicle_Leaving_Carriageway,Hit_Object_off_Carriageway,1st_Point_of_Impact,Was_Vehicle_Left_Hand_Drive?,Journey_Purpose_of_Driver,Sex_of_Driver,Age_of_Driver,Age_Band_of_Driver,Engine_Capacity_(CC),Propulsion_Code,Age_of_Vehicle,Driver_IMD_Decile,Driver_Home_Area_Type,Vehicle_IMD_Decile
2017200219815,1,9,0,18,0,0,0,0,0,0,3,1,2,1,50,8,1968,2,5,-1,-1,-1
2017200219817,1,9,0,5,0,4,0,0,0,0,1,1,6,3,-1,-1,-1,-1,-1,-1,-1,-1
2017200219817,2,9,0,18,0,8,0,0,0,0,4,1,6,2,22,5,1560,2,3,-1,-1,-1
2017200219877,1,9,0,7,0,6,0,0,0,0,1,1,1,2,24,5,1398,2,2,-1,-1,-1
2017200219877,2,19,0,7,0,6,0,0,0,0,2,1,1,1,21,5,1560,2,2,-1,-1,-1
2017200219879,1,9,0,18,0,0,0,0,0,0,1,1,6,1,48,8,1910,2,11,-1,-1,-1
2017200219879,2,1,0,18,0,0,0,0,0,0,1,1,6,1,27,6,-1,-1,-1,-1,-1,-1
2017200219942,1,20,0,18,0,0,0,0,0,0,1,1,1,1,45,7,2998,2,6,-1,-1,-1
2017200219942,2,9,0,18,0,0,0,0,0,0,2,1,1,1,59,9,1997,2,-1,8,2,8
2017200219956,1,9,0,9,0,5,0,0,0,0,4,1,6,2,71,10,1598,2,4,-1,-1,-1
2017200219956,2,9,0,18,0,8,0,0,0,0,1,1,6,1,32,6,1360,1,16,-1,-1,-1
2017200219970,1,9,0,9,0,6,0,0,0,0,3,1,6,2,43,7,1598,1,9,-1,-1,-1
2017200219970,2,9,0,18,0,8,0,0,0,0,1,1,6,2,-1,-1,1461,2,2,-1,-1,-1
2017200219986,1,9,0,18,0,0,0,0,0,0,2,1,6,1,32,6,1968,2,7,-1,-1,-1
2017200219986,2,9,0,18,0,0,0,0,0,0,0,1,1,1,37,7,1598,2,1,1,1,1
2017200220007,1,9,0,18,0,8,0,0,0,0,1,1,1,1,40,7,1997,2,13,-1,-1,-1
2017200220007,2,9,0,18,0,8,0,0,0,0,2,1,6,3,30,6,-1,-1,-1,-1,-1,-1
2017200220009,1,98,0,9,0,6,0,0,0,0,3,1,6,3,-1,-1,-1,-1,-1,-1,-1,-1
2017200220009,2,3,0,18,0,8,2,0,0,0,1,1,2,1,26,6,125,1,4,-1,-1,-1
2017200220022,1,9,0,18,0,2,1,10,1,11,1,1,6,1,30,6,1396,1,12,-1,-1,-1
2017200220026,1,9,0,9,0,2,1,10,1,11,1,1,6,3,-1,-1,1598,1,14,-1,-1,-1
2017200220034,1,9,0,9,0,6,0,0,0,0,1,1,6,1,34,6,-1,-1,-1,-1,-1,-1
2017200220034,2,1,0,18,0,8,0,0,0,0,2,1,6,1,42,7,-1,-1,-1,-1,-1,-1
2017200220042,1,9,0,18,0,8,0,0,0,0,2,1,6,2,29,6,1598,1,9,3,1,3
2017200220042,2,9,0,18,0,8,0,0,0,0,1,1,6,1,-1,-1,1598,2,7,-1,-1,-1
2017200220058,1,9,0,18,0,0,0,0,0,0,3,1,6,1,-1,-1,-1,-1,-1,-1,-1,-1
2017200220058,2,9,0,18,0,0,0,4,0,0,4,1,6,2,24,5,1461,2,1,-1,-1,-1
2017200220058,3,9,0,2,0,0,0,0,0,0,3,1,6,1,-1,-1,1995,2,14,-1,-1,-1
2017200220063,1,9,0,18,0,0,0,4,0,0,1,1,6,1,26,6,998,1,17,-1,-1,-1
2017200220063,2,9,0,2,0,0,0,0,0,0,2,1,6,3,-1,-1,-1,-1,-1,-1,-1,-1
2017200220063,3,9,0,2,0,0,0,0,0,0,2,1,6,3,-1,-1,-1,-1,-1,-1,-1,-1
2017200220073,1,9,0,9,0,1,0,0,0,0,0,1,6,2,44,7,1061,1,12,-1,-1,-1
2017200220073,2,19,0,18,0,8,0,0,0,0,4,1,6,3,-1,-1,1995,2,4,-1,-1,-1
2017200220109,1,9,0,18,0,2,0,0,0,0,1,1,1,2,42,7,1493,2,7,9,2,9
2017200220109,2,9,0,18,0,2,0,0,0,0,2,1,1,2,49,8,1986,2,11,2,1,2
2017200220122,1,9,0,18,0,1,0,0,0,0,4,1,6,1,25,5,1968,2,-1,1,1,1
2017200220132,1,9,0,5,0,0,0,0,0,0,0,1,6,1,61,9,1999,2,2,8,1,8
2017200220222,1,9,0,14,0,1,0,0,0,0,2,1,6,1,64,9,1560,2,9,-1,-1,-1
2017200220222,2,9,0,9,0,6,0,0,0,0,1,1,6,1,46,8,-1,-1,-1,-1,-1,-1
2017200220228,1,9,0,5,0,4,0,0,0,0,1,1,6,2,51,8,1496,2,1,-1,-1,-1
2017200220228,2,9,0,16,0,4,0,0,0,0,1,1,6,1,21,5,1598,1,10,1,1,1
2017200220233,1,9,0,7,0,5,0,0,0,0,1,1,6,1,20,4,1587,1,11,-1,-1,-1
2017200220233,2,19,0,10,0,1,0,0,0,0,3,1,6,1,42,7,1560,2,1,-1,-1,-1
2017200220235,1,9,0,13,0,0,1,10,7,11,1,1,6,1,20,4,1995,2,9,-1,-1,-1
2017200220235,2,9,0,18,0,0,0,0,0,0,0,1,6,3,-1,-1,-1,-1,-1,-1,-1,-1
2017200220235,3,9,0,18,0,0,0,0,0,0,0,1,6,3,-1,-1,-1,-1,-1,-1,-1,-1
2017200220240,1,9,0,5,0,6,0,0,0,0,1,1,6,1,-1,-1,998,1,17,-1,-1,-1
2017200220240,2,9,0,18,0,8,0,0,0,0,3,1,6,2,18,4,1242,1,5,-1,-1,-1
2017200220244,1,9,0,18,0,1,0,0,0,0,1,1,6,2,43,7,1998,2,10,-1,-1,-1
2017200220244,2,9,0,18,0,2,0,0,0,0,1,1,6,1,52,8,-1,-1,-1,1,1,1
2017200220267,1,90,0,1,0,2,0,0,0,0,2,1,1,3,30,6,2198,2,4,-1,-1,-1
2017200220267,2,9,0,10,0,1,0,0,0,0,1,1,6,2,43,7,973,1,14,-1,-1,-1
2017200220273,1,9,0,18,0,8,0,0,0,0,1,1,6,1,34,6,2198,1,10,-1,-1,-1
2017200220273,2,9,0,9,0,8,0,0,0,0,4,1,6,1,18,4,1149,1,13,-1,-1,-1
2017200220288,1,9,0,13,0,1,0,0,0,0,4,1,6,1,-1,-1,-1,-1,-1,-1,-1,-1
2017200220288,2,19,0,9,0,6,0,0,0,0,3,1,6,1,32,6,1560,2,6,-1,-1,-1
2017200220290,1,9,0,9,0,3,0,10,0,0,1,1,6,1,45,7,1997,2,7,-1,-1,-1
2017200220290,2,9,0,7,0,4,0,0,0,0,2,1,6,2,55,8,1390,1,13,-1,-1,-1
2017200220290,3,9,0,5,0,4,0,0,0,0,1,1,6,1,40,7,1461,2,4,-1,-1,-1
2017200220304,1,9,0,18,0,4,0,0,0,0,1,1,6,2,61,9,1598,2,1,-1,-1,-1
2017200220304,2,9,0,18,0,8,0,0,0,0,4,1,6,1,20,4,1229,1,11,-1,-1,-1
2017200220330,1,9,0,18,0,8,0,0,0,0,1,1,6,3,30,6,-1,-1,-1,-1,-1,-1
2017200220330,2,9,0,9,0,8,0,0,0,0,3,1,6,1,20,4,1229,1,9,-1,-1,-1
2017200220339,1,19,0,18,0,1,0,0,0,0,1,1,2,1,30,6,1560,2,5,-1,-1,-1
2017200220339,2,9,0,10,0,1,0,0,0,0,2,1,2,2,35,6,1390,1,6,-1,-1,-1
2017200220399,1,9,0,18,0,1,0,0,0,0,1,1,6,1,39,7,1598,1,5,-1,-1,-1
2017200220399,2,9,0,4,0,1,0,0,0,0,2,1,6,1,43,7,2993,2,7,-1,-1,-1
2017200220401,1,9,0,18,0,1,0,0,0,0,2,1,6,2,50,8,1796,1,7,-1,-1,-1
2017200220401,2,9,0,18,0,1,0,0,0,0,1,1,6,3,30,6,1991,1,4,-1,-1,-1
2017200220419,1,9,0,18,0,4,0,0,0,0,4,1,6,2,30,6,1399,2,8,-1,-1,-1
2017200220419,2,3,0,12,0,4,0,0,0,0,2,1,6,1,44,7,123,1,-1,-1,-1,-1
2017200220459,1,9,0,18,0,0,0,0,0,0,1,1,1,1,53,8,1596,1,11,-1,-1,-1
2017200220470,1,9,0,18,0,0,0,0,0,0,1,1,6,1,87,11,2198,2,8,-1,-1,-1
2017200220492,1,98,4,12,0,0,3,0,0,0,1,1,1,1,46,8,-1,-1,-1,-1,-1,-1
2017200220492,2,9,0,18,0,0,0,0,0,0,4,1,2,1,63,9,1753,2,9,-1,-1,-1
2017200220536,1,9,0,18,0,2,0,0,0,0,1,1,6,3,-1,-1,-1,-1,-1,-1,-1,-1
2017200220564,1,9,0,18,0,0,0,0,0,0,1,1,6,1,21,5,1560,2,9,2,1,2
2017200220564,2,9,0,3,0,0,0,0,0,0,2,1,6,2,68,10,1248,1,3,-1,-1,-1
2017200220575,1,11,0,9,0,5,0,0,0,0,1,1,1,1,65,9,9000,2,8,-1,-1,-1
2017200220575,2,9,0,18,0,8,0,0,0,0,1,1,2,2,37,7,1242,1,4,-1,-1,-1
2017200220668,1,9,0,16,0,0,1,4,0,0,3,1,6,1,35,6,1994,1,19,-1,-1,-1
2017200220668,2,9,0,2,0,0,0,0,0,0,1,1,6,1,26,6,1597,1,9,-1,-1,-1
2017200220675,1,9,0,18,0,6,0,0,0,0,3,1,6,1,26,6,-1,-1,-1,-1,-1,-1
2017200220675,2,3,0,18,0,8,0,0,0,0,1,1,1,1,43,7,125,1,8,-1,-1,-1
2017200220676,1,9,0,18,0,3,0,10,1,3,1,1,1,1,28,6,1995,2,1,-1,-1,-1
2017200220676,2,21,1,18,0,3,0,0,0,0,0,1,1,1,33,6,12419,2,6,-1,-1,-1
2017200220677,1,9,0,18,0,0,0,0,0,0,4,1,6,2,21,5,1248,1,1,9,1,9
2017200220684,1,9,0,18,0,4,0,0,0,0,1,1,6,2,62,9,1598,1,4,-1,-1,-1
2017200220684,2,1,0,17,0,8,0,0,0,0,4,1,1,2,-1,-1,-1,-1,-1,-1,-1,-1
2017200220687,1,19,0,5,0,4,0,0,0,0,1,1,2,1,60,9,1461,2,1,5,1,5
2017200220687,2,1,0,5,0,4,0,0,0,0,2,1,2,1,65,9,-1,-1,-1,-1,-1,-1
2017200220709,1,9,0,9,0,5,0,0,0,0,4,1,6,1,60,9,1398,1,15,-1,-1,-1
2017200220709,2,3,0,18,0,8,0,0,0,0,1,1,6,1,23,5,125,1,1,-1,-1,-1
2017200220730,1,8,0,18,0,2,0,0,0,0,1,1,6,1,42,7,-1,-1,-1,-1,-1,-1
2017200220777,1,9,0,18,0,4,0,0,0,0,1,1,3,1,52,8,1390,1,5,-1,-1,-1
2017200220777,2,1,0,18,0,8,0,0,0,0,2,1,2,2,35,6,-1,-1,-1,-1,-1,-1
2017200220778,1,11,0,11,0,4,0,0,0,0,4,1,1,3,-1,-1,10667,2,1,-1,-1,-1
2017200220778,2,9,0,5,0,4,0,0,0,0,3,1,6,1,19,4,1598,1,11,-1,-1,-1
2017200220807,1,9,0,7,0,6,0,0,0,0,1,1,6,1,-1,-1,1997,1,13,-1,-1,-1
2017200220807,2,9,0,18,0,8,0,0,0,0,4,1,6,1,24,5,1781,1,19,-1,-1,-1
2017200220818,1,9,0,4,0,1,0,0,0,0,1,1,6,1,56,9,1997,2,14,-1,-1,-1
2017200220818,2,9,0,3,0,1,0,0,0,0,2,1,6,1,57,9,1950,2,1,-1,-1,-1
2017200220818,3,9,0,3,0,1,0,0,0,0,2,1,6,1,21,5,1242,1,6,-1,-1,-1
2017200220913,1,9,0,4,0,0,0,0,0,0,1,1,6,2,39,7,1598,1,14,1,1,1
2017200220913,2,9,0,4,0,0,0,0,0,0,2,1,6,1,75,10,2143,2,-1,3,1,3
2017200220947,1,9,0,18,0,0,0,0,0,0,1,1,6,1,26,6,-1,-1,-1,1,1,1
2017200220947,2,9,0,18,0,0,0,0,0,0,2,1,6,2,30,6,1995,2,7,3,1,3
2017200220965,1,90,0,18,0,2,1,4,0,0,1,1,6,1,32,6,-1,-1,-1,-1,-1,-1
2017200220965,2,9,0,2,0,2,0,0,0,0,3,1,6,2,43,7,998,1,4,-1,-1,-1
2017200221016,1,9,0,18,0,2,0,0,0,0,1,1,6,2,60,9,1364,1,2,-1,-1,-1
2017200221016,2,1,0,18,0,2,0,0,0,0,1,1,6,1,10,2,-1,-1,-1,-1,-1,-1
2017200221029,1,9,0,9,0,5,0,0,0,0,1,1,6,1,-1,-1,1240,1,12,-1,-1,-1
2017200221029,2,1,0,18,0,8,0,0,0,0,1,1,6,1,55,8,-1,-1,-1,-1,-1,-1
2017200221060,1,8,0,5,0,0,0,0,0,0,0,1,6,1,-1,-1,-1,-1,-1,-1,-1,-1
2017200221119,1,9,0,7,0,0,0,0,2,0,4,1,6,2,19,4,1422,2,9,4,1,4
2017200221119,2,9,0,18,0,0,0,0,0,0,3,1,6,1,49,8,1995,2,-1,8,1,8
2017200221143,1,9,0,13,0,0,0,0,0,0,0,1,6,2,52,8,1598,1,11,3,1,3
2017200221143,2,16,0,18,0,0,0,0,0,0,0,1,6,2,22,5,-1,-1,-1,-1,-1,-1
2017200221203,1,9,0,18,0,6,0,0,0,0,3,1,6,1,70,10,2401,2,15,7,3,7
2017200221203,2,9,0,18,0,8,0,0,0,0,1,1,6,2,41,7,1229,1,9,-1,-1,-1
2017200221205,1,19,0,9,0,1,0,0,0,0,3,1,1,1,22,5,2143,2,3,-1,-1,-1
2017200221205,2,9,0,18,0,1,0,0,0,0,1,1,1,2,29,6,1598,2,2,-1,-1,-1
2017200221207,1,9,0,18,0,1,0,0,0,0,3,1,6,2,44,7,1598,1,11,-1,-1,-1
2017200221207,2,9,0,9,0,6,0,0,0,0,1,1,6,2,18,4,998,1,9,-1,-1,-1
2017200221246,1,9,0,9,0,6,0,0,0,0,3,1,5,1,24,5,2544,1,18,-1,-1,-1
2017200221246,2,9,0,18,0,8,0,0,0,0,1,1,5,1,26,6,1388,1,11,-1,-1,-1
2017200221251,1,9,0,18,9,0,0,10,3,4,1,1,6,1,-1,-1,1984,1,6,-1,-1,-1
2017200221251,2,9,0,18,0,0,0,0,0,0,0,1,1,1,-1,-1,2993,2,1,-1,-1,-1
2017200221251,3,9,0,18,0,0,0,0,0,0,0,1,1,1,-1,-1,2993,2,-1,-1,-1,-1
2017200221323,1,9,0,4,0,4,1,0,0,0,1,1,1,2,33,6,-1,-1,-1,-1,-1,-1
2017200221323,2,19,0,18,0,8,0,0,0,0,4,1,1,1,39,7,1560,2,-1,-1,-1,-1
2017200221403,1,9,0,9,0,5,0,0,0,0,4,1,6,1,25,5,1798,8,-1,-1,-1,-1
2017200221403,2,9,0,9,0,5,0,0,0,0,3,1,6,1,39,7,2295,1,16,-1,-1,-1
2017200221408,1,9,0,4,0,0,2,0,1,7,1,1,6,2,44,7,1781,1,15,6,2,6
2017200221408,2,9,0,4,0,0,1,0,0,0,2,1,2,2,25,5,1398,1,1,1,1,1
2017200221408,3,9,0,4,0,0,0,0,0,0,2,1,6,3,32,6,1896,2,14,-1,-1,-1
2017200221415,1,9,0,18,0,8,0,0,0,0,1,1,6,1,67,10,1596,1,14,-1,-1,-1
2017200221415,2,9,0,18,0,8,0,0,0,0,3,1,1,1,55,8,-1,-1,-1,-1,-1,-1
2017200221495,1,9,0,18,0,1,0,0,0,0,1,1,6,3,30,6,1198,1,14,-1,-1,-1
2017200221495,2,9,0,3,0,1,0,0,0,0,2,1,2,2,30,6,1339,1,9,-1,-1,-1
2017200221525,1,9,0,18,0,1,0,0,0,0,1,1,6,1,-1,-1,1596,1,14,-1,-1,-1
2017200221525,2,9,0,18,0,1,0,0,0,0,2,1,6,1,29,6,1399,1,-1,-1,-1,-1
2017200221560,1,9,0,14,0,1,0,0,0,0,4,1,6,1,-1,-1,1398,1,12,-1,-1,-1
2017200221560,2,98,0,2,0,1,0,0,0,0,3,1,6,3,-1,-1,-1,-1,-1,-1,-1,-1
2017200221563,1,9,0,4,0,1,0,0,0,0,1,1,6,1,-1,-1,1560,2,3,-1,-1,-1
2017200221563,2,9,0,3,0,1,0,0,0,0,2,1,6,1,38,7,1753,2,13,-1,-1,-1
2017200221575,1,9,0,18,0,1,0,0,0,0,1,1,6,1,25,5,1984,2,9,-1,-1,-1
2017200221575,2,9,0,3,0,1,0,0,0,0,2,1,6,2,32,6,2400,1,10,-1,-1,-1
2017200221593,1,9,0,5,0,0,0,0,0,0,2,1,6,1,39,7,2498,1,20,-1,-1,-1
2017200221593,2,9,0,18,0,0,0,0,0,0,1,1,6,1,30,6,1995,1,16,-1,-1,-1
2017200221619,1,21,1,13,0,0,0,0,0,0,4,1,1,1,51,8,-1,-1,-1,7,1,7
2017200221619,2,9,0,18,0,0,0,0,5,0,3,1,6,1,25,5,1968,2,1,-1,-1,-1
2017200221644,1,9,0,17,0,0,0,10,2,11,1,1,6,1,30,6,2987,2,-1,-1,-1,-1
2017200221707,1,9,0,18,0,3,0,0,0,0,4,1,2,1,45,7,3311,8,11,-1,-1,-1
2017200221707,2,9,0,18,0,4,0,0,0,0,1,1,2,1,28,6,1997,2,6,-1,-1,-1
2017200221710,1,9,0,5,0,0,0,0,0,0,1,1,6,3,30,6,-1,-1,-1,-1,-1,-1
2017200221710,2,3,0,3,0,0,0,0,0,0,4,1,5,1,18,4,125,1,1,-1,-1,-1
2017200221713,1,9,0,18,0,8,0,0,0,0,1,1,6,3,30,6,1984,1,8,-1,-1,-1
2017200221713,2,9,0,9,0,5,0,0,0,0,2,1,6,1,33,6,1360,1,8,-1,-1,-1
2017200221717,1,9,0,18,0,8,0,10,1,0,4,1,6,1,27,6,1991,2,12,-1,-1,-1
2017200221717,2,21,1,18,0,8,0,0,0,0,1,1,1,1,55,8,12740,2,3,-1,-1,-1
2017200221732,1,9,0,4,0,1,0,0,0,0,1,1,1,3,-1,-1,2179,2,4,-1,-1,-1
2017200221732,2,9,0,8,0,1,0,0,0,0,2,1,1,1,55,8,1896,2,11,2,1,2
2017200221737,1,9,0,18,0,0,2,4,2,11,1,1,6,1,26,6,1560,2,11,-1,-1,-1
2017200221737,2,9,0,2,0,0,0,0,0,0,1,1,6,1,32,6,1560,2,2,-1,-1,-1
2017200221782,1,3,0,18,0,0,0,0,0,0,1,1,2,1,30,6,124,1,1,-1,-1,-1
2017200221810,1,9,0,18,0,4,0,0,0,0,3,1,6,1,36,7,1896,2,13,-1,-1,-1
2017200221810,2,9,0,9,0,8,0,0,0,0,4,1,6,2,40,7,1598,1,14,-1,-1,-1
2017200221815,1,9,0,18,0,0,0,0,0,0,4,1,1,1,52,8,1896,2,8,-1,-1,-1
2017200221839,1,9,0,4,0,1,0,0,0,0,1,1,6,1,-1,-1,1229,1,9,-1,-1,-1
2017200221839,2,9,0,3,0,1,0,0,0,0,2,1,6,1,58,9,1560,2,1,-1,-1,-1
2017200221858,1,9,0,7,0,5,0,0,0,0,4,1,6,1,55,8,1061,1,12,-1,-1,-1
2017200221858,2,1,0,18,9,8,0,0,0,0,1,1,6,1,21,5,-1,-1,-1,-1,-1,-1
2017200221861,1,9,0,18,0,8,0,0,0,0,1,1,6,3,-1,-1,-1,-1,-1,-1,-1,-1
2017200221861,2,9,0,7,0,6,0,0,0,0,1,1,6,1,36,7,998,1,15,-1,-1,-1
2017200221875,1,9,0,9,0,6,0,0,0,0,2,1,6,1,61,9,3498,1,12,-1,-1,-1
2017200221875,2,9,0,18,0,8,0,10,1,2,1,1,6,1,25,5,5204,1,1,-1,-1,-1
2017200221875,3,9,0,2,0,8,0,0,0,0,4,1,6,3,-1,-1,1395,1,-1,-1,-1,-1
2017200221901,1,9,0,5,0,0,0,0,0,0,1,1,6,1,20,4,1197,1,3,-1,-1,-1
2017200221901,2,9,0,18,0,0,0,0,0,0,1,1,6,1,29,6,2000,2,7,-1,-1,-1
2017200221920,1,9,0,9,0,1,0,7,4,0,2,1,6,2,41,7,1997,1,16,-1,-1,-1
2017200221920,2,9,0,18,0,1,0,0,0,0,1,1,6,2,29,6,1339,1,13,-1,-1,-1
2017200221924,1,9,0,9,0,6,0,0,0,0,2,1,6,2,24,5,1199,1,16,1,1,1
2017200221924,2,9,0,18,0,8,0,0,0,0,1,1,2,2,19,4,1242,1,3,-1,-1,-1
2017200221954,1,9,0,18,0,0,0,0,0,0,0,1,6,1,-1,-1,-1,-1,-1,-1,-1,-1
2017200221954,2,1,0,18,0,0,0,10,0,0,0,1,2,1,26,6,-1,-1,-1,-1,-1,-1
2017200221989,1,9,0,18,0,8,0,4,0,0,3,1,6,2,50,8,998,1,10,-1,-1,-1
2017200221989,2,9,0,18,0,8,0,0,0,0,3,1,6,2,33,6,1598,1,8,-1,-1,-1
2017200221989,3,9,0,2,0,2,0,0,0,0,3,1,6,2,63,9,1685,2,3,-1,-1,-1
2017200221999,1,9,0,18,0,8,0,0,0,0,1,1,1,1,54,8,-1,-1,-1,-1,-1,-1
2017200221999,2,9,0,1,0,6,0,0,0,0,2,1,1,2,-1,-1,995,1,12,-1,-1,-1
2017200222011,1,3,0,18,0,0,1,4,0,0,1,1,6,1,28,6,124,1,15,-1,-1,-1
2017200222011,2,19,0,2,9,0,0,0,0,0,1,1,6,1,28,6,1560,2,-1,-1,-1,-1
2017200222017,1,9,0,9,0,6,0,0,0,0,1,1,6,1,32,6,1591,1,4,1,1,1
2017200222017,2,9,0,18,0,8,5,0,0,0,3,1,2,1,56,9,999,1,5,-1,-1,-1
2017200222042,1,19,0,5,0,0,0,0,0,0,4,1,1,3,-1,-1,1248,2,4,-1,-1,-1
2017200222056,1,9,0,4,0,0,0,0,0,0,0,1,6,1,25,5,998,1,1,-1,-1,-1
2017200222138,1,9,0,18,0,1,1,0,0,0,1,1,6,3,30,6,2521,1,7,-1,-1,-1
2017200222138,2,9,0,5,0,1,0,0,0,0,0,1,1,1,30,6,-1,-1,-1,-1,-1,-1
2017200222138,3,9,0,18,0,6,0,0,0,0,1,1,1,1,65,9,1242,1,11,-1,-1,-1
2017200222185,1,9,0,18,0,1,0,0,0,0,1,1,1,1,59,9,3378,1,19,-1,-1,-1
2017200222280,1,9,0,18,0,0,0,0,0,0,1,1,6,2,29,6,1598,1,3,-1,-1,-1
2017200222280,2,9,0,4,0,0,0,0,0,0,2,1,6,1,23,5,1995,2,5,-1,-1,-1
2017200222341,1,19,0,2,9,0,0,0,0,0,0,1,6,3,-1,-1,2402,2,13,-1,-1,-1
2017200222401,1,9,0,5,0,0,0,0,0,0,3,1,6,1,25,5,1968,2,10,-1,-1,-1
2017200222401,2,9,0,5,0,0,0,0,0,0,4,1,6,3,30,6,2143,2,4,-1,-1,-1
2017200222432,1,9,0,7,0,0,0,0,0,0,4,1,6,1,21,5,1296,1,9,1,1,1
2017200222498,1,9,0,18,0,1,0,0,0,0,1,1,6,1,-1,-1,-1,-1,-1,-1,-1,-1
2017200222498,2,9,0,3,0,1,0,0,0,0,2,1,6,2,43,7,1248,2,6,-1,-1,-1
2017200222498,3,9,0,10,0,8,0,0,0,0,0,1,1,1,41,7,1956,2,2,-1,-1,-1
2017200222613,1,9,0,9,0,6,0,0,0,0,1,1,6,1,18,4,998,1,14,-1,-1,-1
2017200222613,2,5,0,18,0,8,2,10,7,0,4,1,2,1,21,5,645,1,17,-1,-1,-1
2017200222614,1,9,0,7,0,5,0,0,0,0,4,1,6,1,23,5,1686,2,12,-1,-1,-1
2017200222618,1,9,0,18,0,0,0,0,0,0,1,1,6,3,-1,-1,-1,-1,-1,-1,-1,-1
2017200222618,2,1,0,18,0,0,0,0,0,0,2,1,6,1,16,4,-1,-1,-1,-1,-1,-1
2017200222619,1,9,0,18,0,2,0,0,0,0,3,1,2,1,58,9,1200,1,-1,8,1,8
2017200222621,1,9,0,18,0,8,0,10,1,0,1,1,6,1,22,5,1995,2,8,-1,-1,-1
2017200222621,2,9,0,18,0,8,0,0,0,0,3,1,2,1,35,6,1198,1,9,-1,-1,-1
2017200222623,1,11,0,2,2,1,0,0,0,0,0,1,1,1,50,8,8268,2,15,-1,-1,-1
2017200222629,1,9,0,18,0,6,0,0,0,0,3,1,6,1,-1,-1,1398,1,4,-1,-1,-1
2017200222629,2,9,0,18,0,8,0,0,0,0,1,1,6,1,37,7,1995,2,15,-1,-1,-1
2017200222631,1,3,0,14,0,8,0,0,0,0,1,1,6,1,16,4,-1,-1,-1,2,1,2
2017200222631,2,9,0,9,0,6,0,0,0,0,3,1,1,1,64,9,1598,2,1,9,2,9
2017200222638,1,9,0,9,0,4,0,0,0,0,1,1,6,3,-1,-1,-1,-1,-1,-1,-1,-1
2017200222640,1,9,0,16,0,8,0,0,0,0,1,1,6,1,-1,-1,1896,2,13,-1,-1,-1
2017200222640,2,1,0,17,0,8,0,0,0,0,1,1,6,1,25,5,-1,-1,-1,-1,-1,-1
2017200222648,1,3,0,9,0,6,0,0,0,0,2,1,6,1,17,4,125,1,4,-1,-1,-1
2017200222648,2,9,0,18,0,8,0,0,0,0,2,1,6,1,75,10,1329,1,-1,-1,-1,-1
2017200222674,1,9,0,7,0,2,0,10,1,0,1,1,5,1,21,5,1240,1,13,-1,-1,-1
2017200222681,1,9,0,4,0,1,0,0,0,0,1,1,6,1,33,6,1368,1,11,-1,-1,-1
2017200222681,2,4,0,9,0,1,0,0,0,0,2,1,6,1,60,9,250,1,17,-1,-1,-1
2017200222748,1,5,0,18,0,0,0,0,0,0,1,1,6,1,32,6,599,1,27,-1,-1,-1
2017200222748,2,1,0,18,0,0,0,0,0,0,2,1,6,2,18,4,-1,-1,-1,-1,-1,-1
2017200222752,1,9,0,18,0,2,0,0,0,0,4,1,6,3,-1,-1,-1,-1,-1,-1,-1,-1
2017200222798,1,9,0,18,0,1,0,0,0,0,1,1,6,3,-1,-1,-1,-1,-1,-1,-1,-1
2017200222798,2,9,0,3,0,1,0,0,0,0,2,1,1,1,38,7,1998,2,9,-1,-1,-1
2017200222798,3,9,0,3,0,1,0,0,0,0,2,1,6,1,23,5,998,1,1,-1,-1,-1
2017200222798,4,9,0,3,0,1,0,0,0,0,2,1,6,1,30,6,1991,1,1,-1,-1,-1
2017200222839,1,9,0,5,0,4,0,0,0,0,2,1,6,3,30,6,1995,2,10,-1,-1,-1
2017200222839,2,9,0,5,0,4,0,0,0,0,1,1,6,1,42,7,1582,2,5,-1,-1,-1
2017200222855,1,9,0,9,0,5,0,0,0,0,4,1,6,1,82,11,1499,2,2,-1,-1,-1
2017200222855,2,1,0,18,0,8,0,0,0,0,1,1,6,1,48,8,-1,-1,-1,6,3,6
2017200222860,1,9,0,17,0,0,1,7,0,0,1,1,6,1,17,4,1798,1,13,4,1,4
2017200222860,2,9,0,18,0,0,0,0,0,0,1,1,6,1,-1,-1,1797,8,4,1,1,1
2017200222860,3,9,0,3,0,0,0,0,0,0,3,1,6,2,35,6,1240,1,14,1,1,1
2017200222860,4,9,0,5,0,0,0,0,0,0,0,1,6,1,-1,-1,2993,2,1,-1,-1,-1
2017200222884,1,9,0,10,0,1,0,0,0,0,1,1,6,1,29,6,998,1,14,-1,-1,-1
2017200222884,2,1,0,10,0,1,0,0,0,0,2,1,6,1,54,8,-1,-1,-1,-1,-1,-1
2017200222921,1,9,0,18,0,1,0,0,0,0,2,1,6,1,-1,-1,1396,1,9,-1,-1,-1
2017200222921,2,9,0,3,0,1,0,0,0,0,0,1,2,1,25,5,1995,2,8,-1,-1,-1
2017200222944,1,9,0,7,0,1,0,0,0,0,2,1,6,1,39,7,1360,1,15,-1,-1,-1
2017200222944,2,9,0,18,0,1,0,0,0,0,3,1,6,2,38,7,1000,1,5,-1,-1,-1
2017200222958,1,9,0,12,0,0,0,0,0,0,2,1,6,2,49,8,1796,1,10,3,1,3
2017200222958,2,9,0,18,0,0,0,0,0,0,1,1,6,2,39,7,-1,-1,-1,1,1,1