Accident_Index,Vehicle_Reference,Vehicle_Type,Towing_and_Articulation,Vehicle_Manoeuvre,Vehicle_Location-Restricted_Lane,Junction_Location,Skidding_and_Overturning,Hit_Object_in_Carriageway,Vehicle_Leaving_Carriageway,Hit_Object_off_Carriageway,1st_Point_of_Impact,Was_Vehicle_Left_Hand_Drive?,Journey_Purpose_of_Driver,Sex_of_Driver,Age_of_Driver,Age_Band_of_Driver,Engine_Capacity_(CC),Propulsion_Code,Age_of_Vehicle,Driver_IMD_Decile,Driver_Home_Area_Type,Vehicle_IMD_Decile
2017200225011,2,9,0,18,0,0,0,0,0,0,1,1,5,2,55,8,998,1,7,-1,-1,-1
2017200225014,1,9,0,9,0,1,0,7,0,0,3,1,6,1,30,6,-1,-1,-1,-1,-1,-1
2017200225018,1,9,0,9,0,5,0,0,0,0,3,1,6,3,-1,-1,1396,1,8,-1,-1,-1
2017200225019,1,9,0,18,0,1,0,0,0,0,1,1,2,2,23,5,998,1,6,-1,-1,-1
2017200225028,1,9,0,9,0,8,0,0,0,0,1,1,6,1,60,9,1586,1,10,1,1,1
2017200225039,1,9,0,5,0,4,0,0,0,0,1,1,1,1,32,6,-1,-1,-1,-1,-1,-1
2017200225039,2,19,0,5,0,4,0,0,0,0,4,1,6,1,-1,-1,2143,2,8,-1,-1,-1
2017200225040,1,9,0,18,0,8,5,10,0,0,1,1,6,1,26,6,1995,2,13,-1,-1,-1
2017200225040,2,9,0,9,0,6,0,0,0,0,1,1,6,1,-1,-1,1798,1,4,-1,-1,-1
2017200225046,1,9,0,18,0,0,0,0,0,0,3,1,6,3,-1,-1,-1,-1,-1,-1,-1,-1
2017200225046,2,9,0,5,0,0,0,0,0,0,3,1,6,1,-1,-1,1596,1,14,-1,-1,-1
2017200225046,3,9,0,18,0,0,0,0,0,0,3,1,6,2,31,6,1560,2,9,-1,-1,-1
2017200225058,1,9,0,18,0,1,0,0,0,0,1,1,6,1,22,5,-1,-1,-1,-1,-1,-1
2017200225058,2,9,0,3,0,1,0,0,0,0,2,1,6,2,28,6,1198,1,10,-1,-1,-1
2017200225058,3,9,0,3,0,1,0,0,0,0,2,1,6,1,-1,-1,1598,1,10,-1,-1,-1
2017200225060,1,3,0,13,0,8,0,0,0,0,4,1,1,1,21,5,125,1,1,-1,-1,-1
2017200225060,2,9,0,9,0,5,0,0,0,0,3,1,6,1,19,4,1360,1,11,-1,-1,-1
2017200225061,1,9,0,3,0,0,0,0,0,0,2,1,6,1,29,6,1198,1,13,-1,-1,-1
2017200225061,2,9,0,18,0,0,0,0,0,0,1,1,6,1,25,5,1398,1,3,-1,-1,-1
2017200225082,1,5,0,14,0,0,0,0,0,0,4,1,6,1,53,8,1441,1,3,-1,-1,-1
2017200225089,1,9,0,9,0,6,0,0,0,0,4,1,6,1,19,4,1598,2,-1,-1,-1,-1
2017200225089,2,9,0,18,0,8,0,0,0,0,0,1,6,1,-1,-1,999,1,2,-1,-1,-1
2017200225095,1,9,0,18,0,3,0,0,0,0,2,1,6,1,-1,-1,1896,2,15,-1,-1,-1
2017200225095,2,9,0,9,0,4,0,0,0,0,1,1,6,3,-1,-1,1598,1,12,-1,-1,-1
2017200225096,1,9,0,18,0,1,0,0,0,0,1,1,6,1,-1,-1,1968,2,8,-1,-1,-1
2017200225096,2,9,0,10,0,1,0,0,0,0,2,1,1,2,33,6,-1,-1,-1,-1,-1,-1
2017200225109,1,9,-1,-1,-1,-1,-1,-1,-1,0,-1,1,6,3,-1,-1,1199,1,14,-1,-1,-1
2017200225109,2,9,-1,-1,-1,-1,-1,-1,-1,0,-1,1,6,2,39,7,1598,1,2,-1,-1,-1
2017200225115,1,9,0,18,0,1,0,0,0,0,1,1,6,1,28,6,1590,1,12,-1,-1,-1
2017200225115,2,9,0,18,0,1,0,0,0,0,2,1,6,2,30,6,998,1,1,-1,-1,-1
2017200225124,1,19,0,7,0,5,0,0,0,0,4,1,6,1,-1,-1,2148,2,10,9,1,9
2017200225186,1,9,0,18,0,5,0,0,0,0,1,1,6,1,22,5,1299,1,15,-1,-1,-1
2017200225186,2,3,0,18,0,8,0,0,0,0,1,1,6,1,17,4,124,1,3,-1,-1,-1
2017200225225,1,9,0,18,0,1,0,0,0,0,1,1,6,1,-1,-1,1753,2,8,-1,-1,-1
2017200225225,2,19,0,8,0,1,0,0,0,0,2,1,1,1,46,8,1968,2,-1,-1,-1,-1
2017200225227,1,9,0,18,0,0,0,0,0,0,4,1,6,2,31,6,1242,1,5,-1,-1,-1
2017200225274,1,9,0,1,0,6,0,0,0,0,2,1,6,2,-1,-1,1490,1,11,-1,-1,-1
2017200225274,2,9,0,3,0,7,0,0,0,0,2,1,2,2,40,7,1396,1,12,-1,-1,-1
2017200225346,1,9,0,9,0,6,0,0,0,0,3,1,6,1,26,6,1968,2,8,-1,-1,-1
2017200225346,2,9,0,9,0,4,0,0,0,0,4,1,6,3,30,6,-1,-1,-1,-1,-1,-1
2017200225349,1,21,1,18,0,0,0,0,0,0,1,1,1,1,20,4,10837,2,2,-1,-1,-1
2017200225371,1,9,0,18,0,0,0,0,0,0,1,1,6,1,81,11,1896,2,13,-1,-1,-1
2017200225375,1,9,0,17,0,0,0,0,0,0,3,1,6,1,-1,-1,1388,1,13,-1,-1,-1
2017200225375,2,9,0,16,0,0,0,0,0,0,0,1,6,1,31,6,1968,2,1,-1,-1,-1
2017200225380,1,9,0,18,0,8,0,0,0,0,1,1,6,2,30,6,1796,1,11,-1,-1,-1
2017200225380,2,9,0,7,0,8,0,0,0,0,2,1,6,2,54,8,1000,1,4,7,1,7
2017200225408,1,9,0,9,0,8,0,0,0,0,4,1,6,1,30,6,1598,1,10,-1,-1,-1
2017200225408,2,9,0,18,0,8,1,0,0,0,1,1,6,1,31,6,1995,2,11,-1,-1,-1
2017200225417,1,9,0,18,0,0,0,0,0,0,3,1,6,1,51,8,-1,-1,-1,-1,-1,-1
2017200225417,2,9,0,5,0,0,0,0,0,0,4,1,6,2,-1,-1,2993,2,12,-1,-1,-1
2017200225427,1,9,0,5,0,1,0,0,0,0,1,1,2,1,46,8,-1,-1,-1,2,1,2
2017200225461,1,9,0,18,0,0,0,10,7,0,4,1,1,1,42,7,1995,2,14,-1,-1,-1
2017200225461,2,9,0,18,0,0,0,0,0,0,4,1,1,2,40,7,1199,1,16,-1,-1,-1
2017200225465,1,19,0,18,0,1,0,0,0,0,4,1,6,1,48,8,2198,2,6,-1,-1,-1
2017200225466,1,9,0,3,0,8,0,0,0,0,1,1,1,2,21,5,1084,1,-1,1,1,1
2017200225466,2,9,0,18,0,8,0,0,0,0,1,1,6,3,-1,-1,-1,-1,-1,-1,-1,-1
2017200225484,1,9,0,15,0,8,0,0,0,0,2,1,6,1,-1,-1,-1,-1,-1,-1,-1,-1
2017200225484,2,1,0,9,0,5,0,0,0,0,2,1,6,1,22,5,-1,-1,-1,-1,-1,-1
2017200225498,1,9,0,18,0,0,0,0,0,0,0,1,6,3,-1,-1,1390,1,6,-1,-1,-1
2017200225500,1,9,0,13,0,8,0,0,0,0,1,1,6,1,-1,-1,1598,2,4,-1,-1,-1
2017200225500,2,9,0,7,0,6,0,0,0,0,1,1,6,1,38,7,1363,2,12,-1,-1,-1
2017200225519,1,9,0,7,0,5,0,0,0,0,1,1,1,1,-1,-1,2231,2,7,-1,-1,-1
2017200225519,2,1,0,18,0,1,0,0,0,0,1,1,6,1,46,8,-1,-1,-1,-1,-1,-1
2017200225520,1,3,0,5,0,6,0,0,0,0,1,1,6,1,20,4,124,1,3,-1,-1,-1
2017200225520,2,8,0,18,0,8,0,0,0,0,1,1,6,3,-1,-1,-1,-1,-1,-1,-1,-1
2017200225523,1,21,0,11,0,0,0,0,0,0,4,1,6,1,52,8,12740,2,4,3,1,3
2017200225523,2,9,0,18,0,0,0,0,0,0,3,1,6,1,-1,-1,1596,1,11,-1,-1,-1
2017200225538,1,9,0,1,0,0,0,0,0,0,2,1,6,2,-1,-1,1598,2,5,-1,-1,-1
2017200225595,1,9,0,18,0,2,1,0,0,0,1,1,6,2,55,8,2967,2,3,6,3,6
2017200225595,2,9,0,3,0,1,0,0,0,0,1,1,3,2,41,7,2179,2,5,6,3,6
2017200225621,1,9,0,18,0,0,1,0,0,0,3,1,6,1,23,5,2979,1,2,-1,-1,-1
2017200225621,2,9,0,14,0,0,0,4,1,0,3,1,3,2,34,6,1596,1,8,-1,-1,-1
2017200225621,3,9,0,2,0,0,0,0,0,0,3,1,3,2,43,7,2143,2,1,-1,-1,-1
2017200225638,1,9,0,18,2,8,0,0,0,0,1,1,6,2,44,7,1296,1,10,-1,-1,-1
2017200225638,2,9,0,9,0,3,0,0,0,0,4,1,6,2,31,6,1896,2,8,-1,-1,-1
2017200225643,1,8,0,18,0,0,0,0,0,0,1,1,1,1,25,5,-1,-1,-1,-1,-1,-1
2017200225643,2,9,0,3,0,0,0,0,0,0,2,1,6,3,25,5,-1,-1,-1,-1,-1,-1
2017200225670,1,9,0,2,0,0,0,0,0,0,2,1,6,1,22,5,1984,1,2,-1,-1,-1
2017200225670,2,9,0,18,0,0,0,10,0,0,1,1,6,3,-1,-1,1796,1,16,-1,-1,-1
2017200225711,1,9,0,18,0,3,1,0,0,0,1,1,6,1,39,7,2191,2,3,-1,-1,-1
2017200225711,2,9,0,18,0,1,1,0,0,0,1,1,6,1,66,10,995,1,11,-1,-1,-1
2017200225728,1,9,0,9,0,5,0,0,0,0,1,1,6,1,53,8,1497,8,12,-1,-1,-1
2017200225728,2,9,0,18,0,8,0,0,0,0,1,1,6,2,24,5,1995,2,7,-1,-1,-1
2017200225752,1,9,0,14,0,0,0,0,0,0,1,1,6,3,-1,-1,-1,-1,-1,-1,-1,-1
2017200225792,1,9,0,18,0,8,0,0,0,0,1,1,6,3,-1,-1,2198,1,14,-1,-1,-1
2017200225792,2,9,0,18,0,8,0,10,8,11,4,1,6,1,67,10,1498,1,-1,-1,-1,-1
2017200225802,1,21,1,11,0,0,0,0,0,0,4,1,1,1,34,6,10518,2,6,1,1,1
2017200225802,2,9,0,18,0,0,1,0,0,0,3,1,6,2,25,5,1590,1,12,2,1,2
2017200225802,3,9,0,18,0,0,0,0,0,0,1,1,6,1,26,6,1998,8,-1,9,1,9
2017200225805,1,9,0,4,9,1,0,0,0,0,4,1,6,3,30,6,-1,-1,-1,-1,-1,-1
2017200225842,1,9,0,18,0,1,0,0,0,0,1,1,6,1,-1,-1,-1,-1,-1,-1,-1,-1
2017200225842,2,9,0,3,0,1,0,0,0,0,2,1,6,1,25,5,998,1,2,-1,-1,-1
2017200225855,1,9,0,16,0,0,2,10,7,2,1,1,6,1,32,6,1360,1,17,1,1,1
2017200225995,1,9,0,18,0,1,0,0,0,0,1,1,6,1,30,6,-1,-1,-1,-1,-1,-1
2017200225995,2,9,0,3,0,1,0,0,0,0,2,1,2,2,25,5,1560,2,12,-1,-1,-1
2017200226002,1,9,0,18,0,0,0,0,0,0,2,1,6,1,30,6,1998,2,4,-1,-1,-1
2017200226002,2,9,0,18,0,0,0,0,0,0,1,1,6,1,66,10,1956,2,7,-1,-1,-1
2017200226010,1,9,0,13,0,8,0,0,0,0,4,1,6,2,28,6,1796,1,11,-1,-1,-1
2017200226010,2,3,0,9,0,6,0,0,0,0,4,1,6,1,17,4,124,1,12,-1,-1,-1
2017200226011,1,9,0,18,0,0,1,0,0,0,1,1,6,1,24,5,1299,1,13,-1,-1,-1
2017200226011,2,9,0,3,0,0,0,0,0,0,2,1,6,2,52,8,1598,2,2,-1,-1,-1
2017200226016,1,1,0,18,9,0,0,0,0,0,1,1,6,1,-1,-1,-1,-1,-1,-1,-1,-1
2017200226027,1,9,0,18,0,0,0,0,0,0,1,1,1,1,27,6,1968,2,13,1,1,1
2017200226028,1,9,0,7,0,6,0,0,0,0,3,1,6,1,28,6,1388,1,8,4,1,4
2017200226028,2,1,0,18,0,8,0,0,0,0,4,1,5,1,48,8,-1,-1,-1,7,1,7
2017200226029,1,9,0,18,0,0,0,0,0,0,1,1,1,1,63,9,-1,-1,-1,3,1,3
2017200226029,2,9,0,18,0,0,0,0,0,0,2,1,6,2,42,7,1998,1,15,1,1,1
2017200226029,3,19,0,18,0,0,0,0,0,0,2,1,1,1,33,6,2461,2,6,2,1,2
2017200226044,1,8,0,2,0,0,0,0,0,0,3,1,6,1,-1,-1,1968,2,7,-1,-1,-1
2017200226044,2,1,0,18,0,0,0,8,0,0,1,1,2,1,41,7,-1,-1,-1,-1,-1,-1
2017200226085,1,9,0,18,0,0,0,0,0,0,1,1,6,1,29,6,1997,2,14,1,1,1
2017200226108,1,9,0,1,0,6,0,0,0,0,2,1,6,2,-1,-1,1461,2,1,-1,-1,-1
2017200226108,2,1,0,18,0,8,0,0,0,0,3,1,1,1,28,6,-1,-1,-1,-1,-1,-1
2017200226117,1,9,0,16,0,4,0,0,0,0,1,1,1,1,50,8,-1,-1,-1,-1,-1,-1
2017200226140,1,1,0,18,0,6,0,0,0,0,1,1,6,1,30,6,-1,-1,-1,-1,-1,-1
2017200226140,2,9,0,18,0,8,0,0,0,0,3,1,6,1,63,9,1995,2,9,-1,-1,-1
2017200226142,1,9,0,9,0,5,0,0,0,0,1,1,6,1,47,8,1364,2,10,-1,-1,-1
2017200226142,2,9,0,18,0,8,0,0,0,0,1,1,6,1,27,6,1799,1,11,-1,-1,-1
2017200226144,1,9,0,18,0,0,0,0,0,0,1,1,6,3,-1,-1,-1,-1,-1,-1,-1,-1
2017200226156,1,9,0,18,0,1,0,0,0,0,1,1,6,3,30,6,1399,2,14,-1,-1,-1
2017200226156,2,9,0,18,0,1,0,0,0,0,2,1,1,1,30,6,1968,2,11,-1,-1,-1
2017200226158,1,19,0,18,0,6,0,0,0,0,1,1,6,1,47,8,2143,2,7,-1,-1,-1
2017200226158,2,1,0,17,0,8,0,0,0,0,1,1,1,1,29,6,-1,-1,-1,-1,-1,-1
2017200226183,1,9,0,18,0,6,0,10,1,0,3,1,6,1,19,4,1390,1,7,-1,-1,-1
2017200226183,2,19,4,18,0,8,0,0,0,0,1,1,1,1,54,8,2198,2,3,-1,-1,-1
2017200226187,1,1,0,18,9,2,0,0,0,0,1,1,6,1,13,3,-1,-1,-1,-1,-1,-1
2017200226193,1,9,0,5,0,6,0,0,0,0,1,1,6,1,30,6,1900,2,12,-1,-1,-1
2017200226193,2,3,0,18,0,8,0,0,0,0,1,1,6,1,20,4,124,1,3,-1,-1,-1
2017200226204,1,9,0,18,0,0,0,0,0,0,1,1,6,1,66,10,1997,1,11,-1,-1,-1
2017200226204,2,19,0,18,0,0,0,0,0,0,1,1,6,3,48,8,1753,2,9,-1,-1,-1
2017200226204,3,9,0,18,0,0,1,0,0,0,2,1,6,2,29,6,998,1,-1,-1,-1,-1
2017200226204,4,9,0,18,0,0,0,0,0,0,0,1,6,2,55,8,1796,1,15,-1,-1,-1
2017200226208,1,9,0,9,0,8,0,0,0,0,2,1,6,1,28,6,2998,1,1,-1,-1,-1
2017200226208,2,5,0,18,0,8,0,0,0,0,1,1,6,1,38,7,999,1,1,-1,-1,-1
2017200226236,1,9,0,14,0,1,0,0,0,0,1,1,6,2,-1,-1,1390,1,7,-1,-1,-1
2017200226249,1,9,0,5,0,1,0,0,0,0,1,1,6,3,30,6,1364,1,13,-1,-1,-1
2017200226249,2,1,0,18,0,1,0,0,0,0,3,1,6,1,47,8,-1,-1,-1,-1,-1,-1
2017200226251,1,9,0,18,0,0,0,0,0,0,1,1,2,3,23,5,1199,1,14,-1,-1,-1
2017200226251,2,9,0,4,0,0,0,0,0,0,2,1,6,2,59,9,998,1,7,-1,-1,-1
2017200226257,1,9,0,3,0,4,0,0,0,0,2,1,6,3,-1,-1,-1,-1,-1,-1,-1,-1
2017200226257,2,9,0,3,0,4,0,0,0,0,0,1,6,1,27,6,1753,2,8,-1,-1,-1
2017200226260,1,9,0,18,0,2,1,10,7,3,4,1,6,1,19,4,1229,1,6,-1,-1,-1
2017200226260,2,9,0,18,0,1,0,0,0,0,1,1,6,1,67,10,2143,2,5,-1,-1,-1
2017200226276,1,9,0,18,0,4,0,0,0,0,3,1,1,1,30,6,1896,2,11,2,1,2
2017200226276,2,2,0,9,0,3,5,0,0,0,4,1,6,1,42,7,49,1,1,-1,-1,-1
2017200226282,1,9,0,18,0,0,0,0,0,0,1,1,6,1,34,6,1229,1,7,-1,-1,-1
2017200226282,2,9,0,6,0,0,0,0,0,0,4,1,1,1,27,6,2494,1,14,-1,-1,-1
2017200226285,1,9,0,18,0,6,0,0,0,0,1,1,6,1,-1,-1,1398,1,4,-1,-1,-1
2017200226285,2,1,0,18,0,8,0,0,0,0,3,1,6,1,32,6,-1,-1,-1,-1,-1,-1
2017200226292,1,9,0,9,0,5,0,0,0,0,4,1,6,3,30,6,-1,-1,-1,-1,-1,-1
2017200226292,2,9,0,9,0,5,0,10,1,9,3,1,6,2,53,8,1360,1,10,-1,-1,-1
2017200226295,1,3,0,18,0,0,0,0,0,0,1,1,1,1,18,4,-1,-1,-1,-1,-1,-1
2017200226305,1,9,0,4,0,6,0,0,0,0,1,1,6,1,63,9,-1,-1,-1,-1,-1,-1
2017200226305,2,9,0,18,0,8,0,0,0,0,1,1,2,2,30,6,-1,-1,-1,-1,-1,-1
2017200226307,1,9,0,5,0,0,0,0,0,0,3,1,1,1,48,8,4367,2,2,-1,-1,-1
2017200226307,2,3,0,13,0,0,0,0,0,0,4,1,1,1,17,4,125,1,20,-1,-1,-1
2017200226324,1,9,0,4,0,0,1,0,0,0,1,1,6,1,18,4,999,1,3,1,1,1
2017200226324,2,9,0,18,0,0,0,0,0,0,2,1,6,1,31,6,1895,1,15,1,1,1
2017200226348,1,9,0,18,0,4,0,0,0,0,2,1,1,1,66,10,2720,2,12,-1,-1,-1
2017200226348,2,9,0,18,0,4,0,0,0,0,1,1,6,2,30,6,1200,1,-1,-1,-1,-1
2017200226351,1,9,0,18,0,8,0,0,0,0,1,1,6,1,24,5,-1,-1,-1,-1,-1,-1
2017200226351,2,9,0,18,0,8,0,10,7,10,1,1,6,1,26,6,1995,2,12,-1,-1,-1
2017200226358,1,9,0,5,0,6,0,0,0,0,1,1,6,2,-1,-1,998,1,12,-1,-1,-1
2017200226358,2,9,0,18,0,8,0,0,0,0,4,1,6,1,17,4,999,1,19,-1,-1,-1
2017200226370,1,97,0,18,0,0,0,0,0,0,1,1,6,3,30,6,-1,-1,-1,-1,-1,-1
2017200226392,1,9,0,9,0,5,0,0,0,0,4,1,6,2,41,7,998,1,5,-1,-1,-1
2017200226392,2,9,0,18,0,8,0,0,0,0,1,1,6,1,34,6,2261,1,8,-1,-1,-1
2017200226393,1,9,0,18,0,2,0,0,0,0,4,1,6,1,25,5,1968,2,3,-1,-1,-1
2017200226394,1,9,0,18,0,8,0,0,0,0,1,1,6,1,24,5,-1,-1,-1,1,1,1
2017200226394,2,9,0,7,0,6,0,0,0,0,1,1,6,1,32,6,1560,2,-1,-1,-1,-1
2017200226402,1,9,0,9,0,6,0,0,0,0,3,1,6,2,26,6,1149,1,3,-1,-1,-1
2017200226402,2,5,0,14,0,8,1,0,0,0,1,1,6,1,46,8,955,1,16,-1,-1,-1
2017200226412,1,9,0,18,0,3,0,0,0,0,1,1,6,1,80,11,1364,1,11,-1,-1,-1
2017200226462,1,9,0,5,0,1,0,0,0,0,1,1,2,1,29,6,1984,1,8,-1,-1,-1
2017200226476,1,9,0,4,0,1,0,0,0,0,1,1,6,2,30,6,2188,2,13,-1,-1,-1
2017200226476,2,9,0,3,0,1,0,0,0,0,2,1,1,1,26,6,1998,2,9,-1,-1,-1
2017200226481,1,9,0,1,9,8,0,0,0,0,4,1,6,1,-1,-1,1242,1,11,-1,-1,-1
2017200226481,2,1,0,18,9,8,1,0,0,0,1,1,6,1,15,3,-1,-1,-1,-1,-1,-1
2017200226503,1,9,0,18,0,1,0,0,0,0,1,1,6,1,47,8,1796,1,16,-1,-1,-1
2017200226503,2,9,0,18,0,2,0,0,0,0,1,1,6,1,47,8,2967,2,2,-1,-1,-1
2017200226503,3,3,0,10,0,1,0,0,0,0,1,1,2,1,35,6,125,1,1,-1,-1,-1
2017200226525,1,11,0,4,0,8,0,0,0,0,1,1,1,1,23,5,6696,2,4,1,1,1
2017200226525,2,9,0,3,0,1,0,0,0,0,2,1,6,2,35,6,1968,2,5,-1,-1,-1
2017200226534,1,9,0,18,0,0,0,0,0,0,1,1,6,1,19,4,-1,-1,-1,-1,-1,-1
2017200226534,2,9,5,4,0,0,0,0,0,0,3,1,5,2,47,8,1498,1,8,6,1,6
2017200226582,1,9,0,9,0,8,0,0,0,0,1,1,3,2,42,7,1598,1,9,-1,-1,-1
2017200226583,1,9,0,18,0,1,1,0,0,0,1,1,6,1,22,5,1968,2,9,-1,-1,-1
2017200226583,2,9,0,3,0,1,0,0,0,0,2,1,6,2,23,5,1229,1,9,-1,-1,-1
2017200226598,1,9,0,13,0,0,5,0,0,0,1,1,1,1,39,7,1997,2,12,-1,-1,-1
2017200226598,2,9,0,3,0,0,0,0,0,0,3,1,1,2,50,8,1364,1,2,5,1,5
2017200226604,1,9,0,16,0,0,1,4,0,0,1,1,6,1,22,5,1124,1,17,2,1,2
2017200226604,2,9,0,16,0,0,0,0,0,0,0,1,6,3,34,6,1956,2,2,2,1,2
2017200226604,3,9,0,2,0,0,0,4,0,0,2,1,6,3,-1,-1,1229,1,2,-1,-1,-1
2017200226604,4,9,0,2,0,0,0,0,0,0,2,1,6,3,-1,-1,1242,1,4,-1,-1,-1
2017200226615,1,97,0,18,0,2,1,0,0,0,1,1,6,1,29,6,-1,-1,-1,-1,-1,-1
2017200226615,2,9,0,7,0,2,0,0,0,0,2,1,6,2,35,6,1598,1,8,-1,-1,-1
2017200226621,1,9,0,18,0,1,0,0,0,0,1,1,6,2,-1,-1,-1,-1,-1,-1,-1,-1
2017200226621,2,1,0,18,0,1,0,0,0,0,3,1,6,1,13,3,-1,-1,-1,-1,-1,-1
2017200226627,1,9,0,18,0,0,0,0,0,0,1,1,5,1,52,8,1596,1,6,-1,-1,-1
2017200226627,2,1,0,18,0,0,0,0,0,0,1,1,6,1,11,3,-1,-1,-1,-1,-1,-1
2017200226634,1,19,0,18,0,1,0,0,0,0,1,1,6,1,-1,-1,2402,2,14,-1,-1,-1
2017200226634,2,9,0,3,0,1,0,0,0,0,2,1,1,1,35,6,1995,2,12,-1,-1,-1
2017200226634,3,9,0,3,0,1,0,0,0,0,2,1,6,2,43,7,1349,1,4,-1,-1,-1
2017200226659,1,9,0,7,0,6,0,0,0,0,0,1,6,3,30,6,1910,2,13,-1,-1,-1
2017200226659,2,9,0,18,0,8,0,0,0,0,0,1,1,2,28,6,-1,-1,-1,-1,-1,-1
2017200226659,3,9,0,18,0,1,0,10,1,10,3,1,6,2,51,8,1598,1,12,-1,-1,-1
2017200226662,1,19,0,18,0,1,1,0,0,0,1,1,6,3,-1,-1,1997,2,7,-1,-1,-1
2017200226662,2,9,0,3,0,1,0,0,0,0,2,1,6,1,41,7,1198,1,10,-1,-1,-1
2017200226676,1,9,0,4,0,0,0,0,0,0,1,1,1,2,31,6,1598,1,3,5,1,5
2017200226683,1,98,1,5,0,0,0,0,0,0,3,1,5,1,38,7,-1,-1,-1,-1,-1,-1
2017200226695,1,9,0,16,0,1,0,10,1,4,1,1,6,3,-1,-1,1896,2,11,-1,-1,-1
2017200226723,1,9,0,9,0,5,0,0,0,0,4,1,5,1,83,11,1794,1,12,-1,-1,-1
2017200226723,2,1,0,10,0,1,0,0,0,0,1,1,5,1,52,8,-1,-1,-1,-1,-1,-1
2017200226725,1,9,0,18,0,1,0,0,0,0,1,1,6,1,82,11,1364,1,9,-1,-1,-1
2017200226740,1,9,0,3,0,1,0,0,0,0,2,1,6,2,21,5,1248,2,8,-1,-1,-1
2017200226740,2,9,0,4,0,1,0,0,0,0,1,1,6,3,-1,-1,-1,-1,-1,-1,-1,-1
2017200226744,1,9,0,18,0,3,1,7,0,0,3,1,6,1,-1,-1,1984,2,6,-1,-1,-1
2017200226744,2,9,0,13,0,3,0,0,0,0,1,1,6,1,40,7,1896,2,11,-1,-1,-1
2017200226760,1,9,0,16,0,1,0,0,0,0,1,1,2,2,32,6,1995,2,4,-1,-1,-1
2017200226760,2,9,0,16,0,1,0,7,7,2,2,1,1,1,55,8,2993,2,-1,-1,-1,-1
2017200226764,1,90,0,18,0,8,0,0,0,0,4,1,1,2,27,6,2999,2,2,-1,-1,-1
2017200226764,2,9,0,5,0,6,0,0,0,0,1,1,6,1,79,11,1560,2,4,-1,-1,-1
2017200226776,1,9,0,18,0,0,0,0,0,0,1,1,6,1,29,6,1580,8,-1,-1,-1,-1
2017200226805,1,9,0,18,0,0,5,4,0,0,4,1,6,1,88,11,1149,1,9,1,1,1
2017200226805,2,9,0,2,0,0,0,0,0,0,3,1,6,3,30,6,1986,2,8,-1,-1,-1
2017200226807,1,9,0,5,0,6,5,10,1,1,4,1,3,2,51,8,1242,1,-1,-1,-1,-1
2017200226807,2,9,0,18,0,8,0,0,0,0,1,1,3,2,35,6,1598,1,9,-1,-1,-1
2017200226829,1,9,0,4,0,2,0,0,0,0,1,1,6,1,22,5,998,1,1,-1,-1,-1
2017200226829,2,9,0,3,0,2,0,0,0,0,2,1,6,2,46,8,1968,2,5,-1,-1,-1
2017200226829,3,9,0,3,0,2,0,0,0,0,2,1,6,1,45,7,2993,2,4,-1,-1,-1
2017200226829,4,9,0,3,0,2,0,0,0,0,2,1,6,2,47,8,1995,2,4,-1,-1,-1
2017200226850,1,9,0,18,0,1,0,0,0,0,1,1,6,3,-1,-1,1560,2,11,-1,-1,-1
2017200226850,2,9,0,8,0,1,0,0,0,0,2,1,6,1,26,6,1995,2,9,-1,-1,-1
2017200226854,1,9,0,16,0,0,0,0,0,0,4,1,6,1,29,6,1399,2,8,2,1,2
2017200226854,2,9,0,17,0,0,0,0,0,0,1,1,6,2,48,8,1242,1,3,9,1,9
2017200226862,1,9,0,18,0,0,0,0,0,0,2,1,6,2,40,7,1364,1,11,2,1,2
2017200226862,2,9,0,18,0,0,0,0,0,0,1,1,6,1,-1,-1,2143,2,1,5,1,5
2017200226869,1,9,0,18,0,2,0,0,0,0,1,1,1,1,24,5,996,1,5,5,1,5
2017200226869,2,1,0,9,0,6,0,0,0,0,4,1,1,1,66,10,-1,-1,-1,1,1,1
2017200226879,1,9,0,13,0,8,0,0,0,0,4,1,6,3,-1,-1,-1,-1,-1,-1,-1,-1
2017200226879,2,1,0,9,0,5,0,0,0,0,0,1,6,1,37,7,-1,-1,-1,1,1,1
2017200226887,1,9,0,6,0,8,0,0,0,0,4,1,6,1,19,4,1896,2,14,5,1,5
2017200226887,2,9,0,18,0,8,0,0,0,0,3,1,6,2,27,6,1560,2,2,-1,-1,-1
2017200226890,1,9,0,18,0,8,0,0,0,0,0,1,6,1,35,6,1339,1,15,-1,-1,-1
2017200226890,2,3,0,18,0,8,0,0,0,0,1,1,6,1,23,5,124,1,4,2,1,2
2017200226894,1,9,0,9,0,6,0,0,0,0,1,1,6,1,-1,-1,1596,1,8,-1,-1,-1
2017200226894,2,9,0,18,0,8,0,0,0,0,4,1,6,1,26,6,1364,1,1,3,1,3
2017200226956,1,9,0,18,0,3,0,0,0,0,1,1,6,2,-1,-1,-1,-1,-1,-1,-1,-1
2017200226956,2,9,0,18,0,3,0,0,0,0,2,1,6,2,21,5,1560,2,9,-1,-1,-1
2017200226962,1,9,0,18,0,8,0,0,0,0,1,1,6,1,54,8,1998,1,10,1,1,1
2017200226962,2,8,0,9,0,5,0,0,0,0,2,1,1,1,42,7,1968,2,9,2,1,2
2017200226970,1,9,0,9,0,8,0,0,0,0,4,1,6,1,30,6,1968,2,5,-1,-1,-1
2017200226970,2,9,0,18,0,8,0,10,7,11,1,1,6,1,27,6,1968,2,10,-1,-1,-1
2017200226983,1,9,0,6,0,2,0,0,0,0,1,1,6,3,-1,-1,1149,1,12,-1,-1,-1