Accident_Index,Vehicle_Reference,Vehicle_Type,Towing_and_Articulation,Vehicle_Manoeuvre,Vehicle_Location-Restricted_Lane,Junction_Location,Skidding_and_Overturning,Hit_Object_in_Carriageway,Vehicle_Leaving_Carriageway,Hit_Object_off_Carriageway,1st_Point_of_Impact,Was_Vehicle_Left_Hand_Drive?,Journey_Purpose_of_Driver,Sex_of_Driver,Age_of_Driver,Age_Band_of_Driver,Engine_Capacity_(CC),Propulsion_Code,Age_of_Vehicle,Driver_IMD_Decile,Driver_Home_Area_Type,Vehicle_IMD_Decile
2017200226983,2,9,0,18,0,3,0,0,0,0,3,1,6,1,22,5,1596,1,11,-1,-1,-1
2017200226999,1,9,0,4,0,8,0,0,0,0,2,1,2,1,46,8,1997,2,11,-1,-1,-1
2017200226999,2,21,1,9,0,5,0,0,0,0,4,1,1,1,-1,-1,5880,2,11,-1,-1,-1
2017200227004,1,9,0,16,0,0,0,0,0,0,1,1,6,1,-1,-1,1799,1,10,-1,-1,-1
2017200227004,2,9,0,17,0,0,0,0,0,0,1,1,2,1,45,7,1988,2,14,-1,-1,-1
2017200227010,1,98,2,9,0,6,0,0,0,0,1,1,1,1,59,9,-1,-1,-1,-1,-1,-1
2017200227010,2,9,0,17,0,8,0,0,7,0,4,1,1,1,57,9,-1,-1,-1,10,1,10
2017200227047,1,9,0,18,0,8,0,0,0,0,0,1,1,1,37,7,1896,2,8,-1,-1,-1
2017200227047,2,9,0,18,0,5,0,0,0,0,4,1,6,1,29,6,1598,1,9,1,1,1
2017200227083,1,10,0,18,0,0,0,0,0,0,1,1,6,1,78,11,2287,2,2,-1,-1,-1
2017200227085,1,9,0,1,0,0,0,0,0,0,1,1,2,1,25,5,1800,1,18,2,1,2
2017200227085,2,9,0,1,0,0,0,0,0,0,2,1,2,2,31,6,1461,2,11,-1,-1,-1
2017200227085,3,9,0,1,0,0,0,0,0,0,2,1,2,1,39,7,1991,1,1,10,1,10
2017200227085,4,9,0,1,0,0,0,0,0,0,2,1,2,2,26,6,1560,2,2,9,1,9
2017200227087,1,9,0,1,0,2,0,0,0,0,2,1,6,1,24,5,2191,2,3,-1,-1,-1
2017200227087,2,8,0,3,0,1,0,0,0,0,1,1,1,1,49,8,-1,-1,-1,-1,-1,-1
2017200227092,1,9,0,7,0,6,0,10,1,2,1,1,2,2,33,6,1368,1,8,-1,-1,-1
2017200227092,2,9,0,18,0,8,0,10,7,0,4,1,1,1,33,6,-1,-1,-1,-1,-1,-1
2017200227156,1,9,0,11,0,3,0,0,0,0,4,1,6,2,20,4,1124,1,13,-1,-1,-1
2017200227156,2,9,0,18,0,3,0,0,0,0,3,1,1,2,25,5,995,1,12,-1,-1,-1
2017200227168,1,9,0,1,0,0,0,0,0,0,2,1,6,3,-1,-1,-1,-1,-1,-1,-1,-1
2017200227189,1,9,0,18,0,1,0,0,0,0,1,1,6,1,-1,-1,1997,2,11,-1,-1,-1
2017200227189,2,9,0,3,0,1,0,0,0,0,2,1,6,2,45,7,1493,2,11,-1,-1,-1
2017200227192,1,9,0,18,0,0,0,0,0,0,4,1,3,2,41,7,1598,1,13,5,1,5
2017200227200,1,9,0,18,0,0,0,0,0,0,1,1,6,1,55,8,-1,-1,-1,9,1,9
2017200227200,2,9,0,18,0,0,0,0,0,0,2,1,6,1,26,6,1386,1,12,9,1,9
2017200227200,3,9,0,18,0,0,0,0,0,0,2,1,6,2,33,6,1461,2,1,3,1,3
2017200227211,1,9,0,7,0,6,0,0,0,0,3,1,6,2,22,5,1968,2,10,-1,-1,-1
2017200227211,2,9,0,18,0,1,0,10,1,11,3,1,6,1,70,10,1560,2,7,-1,-1,-1
2017200227226,1,9,0,9,0,1,0,0,0,0,4,1,6,1,75,10,1242,1,16,-1,-1,-1
2017200227255,1,9,0,18,0,0,0,0,0,0,4,1,6,3,30,6,-1,-1,-1,-1,-1,-1
2017200227264,1,9,0,18,0,0,0,0,0,0,4,1,6,1,56,9,1399,2,8,-1,-1,-1
2017200227275,1,9,0,3,0,0,0,0,0,0,2,1,6,2,44,7,1398,1,8,-1,-1,-1
2017200227275,2,9,0,4,0,0,0,0,0,0,1,1,6,3,30,6,-1,-1,-1,-1,-1,-1
2017200227299,1,9,0,18,0,0,0,0,0,0,4,1,6,1,28,6,1999,1,10,1,1,1
2017200227299,2,1,0,18,0,0,0,0,0,0,3,1,6,1,12,3,-1,-1,-1,-1,-1,-1
2017200227319,1,9,0,18,0,4,0,0,0,0,4,1,6,3,30,6,-1,-1,-1,-1,-1,-1
2017200227319,2,9,0,18,0,4,0,0,0,0,3,1,6,2,21,5,-1,-1,-1,10,1,10
2017200227333,1,9,0,18,0,0,0,10,1,2,3,1,5,1,22,5,1794,1,16,1,1,1
2017200227352,1,9,0,18,0,0,1,10,2,2,3,1,6,1,32,6,3999,1,7,6,1,6
2017200227354,1,9,0,18,0,1,0,0,0,0,1,1,6,1,30,6,1998,1,9,-1,-1,-1
2017200227354,2,9,0,18,0,1,0,0,0,0,2,1,6,2,31,6,1598,1,9,2,1,2
2017200227364,1,9,0,18,0,0,0,0,0,0,1,1,6,1,80,11,1598,1,5,5,1,5
2017200227364,2,21,0,3,0,0,0,0,0,0,1,1,6,1,39,7,11946,2,8,5,1,5
2017200227399,1,8,0,5,0,0,0,0,0,0,0,1,1,1,-1,-1,-1,-1,-1,-1,-1,-1
2017200227408,1,9,0,18,0,0,0,0,0,0,1,1,6,1,50,8,1997,2,1,-1,-1,-1
2017200227441,1,9,0,18,0,0,0,0,0,0,1,1,6,1,-1,-1,-1,-1,-1,-1,-1,-1
2017200227441,2,1,0,18,0,0,0,0,0,0,2,1,6,1,41,7,-1,-1,-1,-1,-1,-1
2017200227491,1,9,0,9,0,5,0,0,0,0,4,1,6,2,25,5,1229,1,3,3,1,3
2017200227491,2,5,0,18,0,8,2,0,0,0,2,1,6,1,26,6,599,1,11,-1,-1,-1
2017200227534,1,9,0,18,0,1,1,0,0,0,1,1,1,3,-1,-1,3999,1,6,-1,-1,-1
2017200227534,2,9,0,4,0,1,1,0,0,0,2,1,1,1,35,6,2148,2,10,-1,-1,-1
2017200227542,1,9,0,11,0,0,1,0,1,1,1,1,2,1,30,6,-1,-1,-1,-1,-1,-1
2017200227542,2,9,0,18,0,0,0,0,0,0,3,1,2,1,62,9,-1,-1,-1,-1,-1,-1
2017200227542,3,9,0,18,0,0,0,0,0,0,3,1,2,1,45,7,-1,-1,-1,-1,-1,-1
2017200227549,1,9,0,18,0,8,0,10,7,1,1,1,6,1,21,5,1398,2,14,-1,-1,-1
2017200227549,2,9,0,9,0,6,0,0,0,0,1,1,6,1,38,7,1968,2,5,-1,-1,-1
2017200227588,1,9,0,7,0,6,0,0,0,0,1,1,6,1,20,4,1390,1,12,1,1,1
2017200227588,2,9,0,5,0,1,0,0,0,0,1,1,6,1,41,7,1598,1,15,2,1,2
2017200227588,3,9,0,7,0,6,0,0,0,0,0,1,1,1,-1,-1,2993,2,4,-1,-1,-1
2017200227599,1,-1,-1,18,0,0,1,11,0,0,-1,1,6,3,-1,-1,-1,-1,-1,-1,-1,-1
2017200227599,2,9,-1,-1,-1,0,-1,-1,-1,0,-1,1,6,3,-1,-1,-1,-1,-1,-1,-1,-1
2017200227632,1,8,0,4,0,0,1,0,0,0,1,1,1,1,50,8,1794,1,11,7,1,7
2017200227645,1,9,0,18,0,8,0,0,0,0,1,1,6,3,-1,-1,1590,1,15,-1,-1,-1
2017200227645,2,9,0,18,0,8,0,0,0,0,3,1,6,1,68,10,998,1,18,4,1,4
2017200227666,1,21,1,17,0,8,0,0,0,0,3,1,6,1,49,8,10677,2,2,3,1,3
2017200227669,1,8,0,5,0,6,0,0,0,0,1,1,6,1,30,6,1800,8,7,-1,-1,-1
2017200227669,2,1,0,18,0,8,0,0,0,0,1,1,6,2,48,8,-1,-1,-1,-1,-1,-1
2017200227707,1,9,0,14,0,0,0,0,0,0,3,1,6,2,73,10,1398,2,13,-1,-1,-1
2017200227707,2,9,0,14,0,0,0,0,0,0,3,1,6,2,73,10,1598,1,9,-1,-1,-1
2017200227707,3,9,0,2,0,0,0,0,0,0,3,1,6,3,-1,-1,-1,-1,-1,-1,-1,-1
2017200227772,1,9,0,9,0,6,0,0,0,0,1,1,6,3,-1,-1,-1,-1,-1,-1,-1,-1
2017200227772,2,9,0,18,0,8,0,0,0,0,1,1,1,2,45,7,1339,1,11,-1,-1,-1
2017200227775,1,9,0,18,0,0,0,0,0,0,3,1,6,2,21,5,1368,1,10,6,1,6
2017200227807,1,9,0,12,0,0,0,0,0,0,2,1,6,3,-1,-1,1968,2,6,-1,-1,-1
2017200227807,2,9,0,18,0,0,0,0,0,0,1,1,6,1,39,7,1995,2,6,-1,-1,-1
2017200227826,1,9,0,18,0,0,0,0,0,0,1,1,6,1,87,11,1388,1,13,2,1,2
2017200227826,2,9,-1,-1,-1,0,-1,-1,-1,0,-1,1,6,1,27,6,-1,-1,-1,1,1,1
2017200227826,3,9,0,18,0,0,0,0,0,0,3,1,6,1,35,6,1598,1,6,-1,-1,-1
2017200227891,1,-1,-1,-1,-1,0,-1,-1,-1,0,-1,1,6,3,-1,-1,-1,-1,-1,-1,-1,-1
2017200227903,1,9,0,14,0,0,0,8,0,0,4,1,6,3,30,6,-1,-1,-1,-1,-1,-1
2017200227903,2,9,0,2,0,0,0,0,0,0,4,1,6,1,22,5,998,1,2,-1,-1,-1
2017200227943,1,9,0,9,0,0,0,0,0,0,4,1,6,1,28,6,1984,1,2,-1,-1,-1
2017200227943,2,97,0,18,0,0,5,0,0,0,1,1,6,1,72,10,-1,-1,-1,1,1,1
2017200227971,1,9,0,18,0,0,1,0,0,0,1,1,6,1,38,7,1896,2,12,3,1,3
2017200228012,1,9,0,5,0,6,0,0,0,0,1,1,3,1,-1,-1,1798,8,-1,-1,-1,-1
2017200228015,1,5,0,8,0,1,0,0,0,0,3,1,6,1,31,6,599,1,7,-1,-1,-1
2017200228015,2,9,0,5,0,1,0,0,0,0,1,1,6,1,30,6,-1,-1,-1,-1,-1,-1
2017200228020,1,9,0,18,0,0,0,0,0,0,1,1,6,2,27,6,1388,1,8,-1,-1,-1
2017200228057,1,9,0,18,0,8,0,0,0,0,1,1,1,1,28,6,1984,1,-1,-1,-1,-1
2017200228057,2,9,0,10,0,8,0,0,0,0,2,1,1,1,43,7,1998,2,8,-1,-1,-1
2017200228062,1,9,0,5,9,6,0,0,0,0,2,1,6,2,35,6,1991,2,10,-1,-1,-1
2017200228075,1,9,0,4,0,0,0,0,0,0,2,1,6,1,41,7,1968,2,11,-1,-1,-1
2017200228075,2,9,0,18,0,0,0,0,0,0,1,1,6,1,34,6,1995,1,12,-1,-1,-1
2017200228079,1,9,0,18,0,1,0,0,0,0,1,1,6,1,48,8,-1,-1,-1,-1,-1,-1
2017200228079,2,8,0,18,0,1,0,0,0,0,1,1,6,1,51,8,1997,2,12,-1,-1,-1
2017200228093,1,9,0,5,0,0,0,0,0,0,1,1,6,1,24,5,1905,2,18,-1,-1,-1
2017200228112,1,9,0,18,0,8,0,0,0,0,4,1,6,2,19,4,1149,1,12,-1,-1,-1
2017200228112,2,9,0,18,0,8,0,0,0,0,3,1,6,2,47,8,1422,2,14,-1,-1,-1
2017200228140,1,9,0,18,0,1,0,0,0,0,1,1,6,2,25,5,1124,1,10,-1,-1,-1
2017200228140,2,8,0,3,0,1,0,0,0,0,2,1,2,1,56,9,2664,2,19,-1,-1,-1
2017200228161,1,9,0,18,0,0,1,0,0,0,1,1,6,1,-1,-1,2261,1,10,-1,-1,-1
2017200228171,1,9,0,16,0,0,0,0,7,10,1,1,3,2,37,7,-1,-1,-1,-1,-1,-1
2017200228179,1,9,0,9,0,6,0,0,0,0,1,1,6,2,20,4,1400,1,10,-1,-1,-1
2017200228179,2,5,0,18,0,8,5,0,0,0,1,1,1,1,41,7,599,1,6,-1,-1,-1
2017200228185,1,9,0,7,0,1,0,0,0,0,4,1,6,2,-1,-1,1390,1,12,-1,-1,-1
2017200228185,2,1,0,18,0,1,0,0,0,0,3,1,1,1,36,7,-1,-1,-1,-1,-1,-1
2017200228201,1,9,0,18,0,0,0,0,0,0,3,1,6,1,68,10,1560,2,10,-1,-1,-1
2017200228207,1,9,0,14,0,0,0,0,0,0,1,1,6,1,24,5,1493,2,6,-1,-1,-1
2017200228209,1,2,0,5,0,6,0,0,0,0,1,1,6,3,30,6,49,1,7,-1,-1,-1
2017200228209,2,9,0,18,0,2,0,0,0,0,4,1,1,2,60,9,998,1,8,-1,-1,-1
2017200228216,1,19,0,18,0,3,0,0,0,0,1,1,1,1,69,10,1560,2,3,-1,-1,-1
2017200228231,1,9,0,12,0,0,1,0,5,0,3,1,6,2,35,6,1968,2,11,-1,-1,-1
2017200228231,2,21,0,13,0,0,1,0,0,0,4,1,1,1,32,6,12740,2,3,-1,3,-1
2017200228231,3,9,0,18,0,0,1,0,0,0,1,1,6,1,39,7,1997,2,7,3,1,3
2017200228243,1,8,0,9,0,5,0,0,0,0,1,1,6,3,-1,-1,-1,-1,-1,-1,-1,-1
2017200228254,1,9,0,18,0,8,0,0,0,0,1,1,6,2,40,7,1200,1,-1,-1,-1,-1
2017200228254,2,9,0,1,0,5,0,0,0,0,2,1,6,1,-1,-1,1587,1,14,-1,-1,-1
2017200228268,1,9,0,18,0,0,0,0,0,0,1,1,6,3,-1,-1,1999,1,11,-1,-1,-1
2017200228272,1,21,0,18,0,0,0,0,0,0,4,1,6,3,-1,-1,12419,2,8,-1,-1,-1
2017200228272,2,9,0,3,0,0,0,0,0,0,0,1,5,1,49,8,1498,1,-1,-1,-1,-1
2017200228280,1,9,0,18,0,0,0,10,6,4,1,1,6,1,49,8,-1,-1,-1,-1,-1,-1
2017200228283,1,9,0,1,0,6,0,0,0,0,1,1,6,2,-1,-1,1995,2,13,-1,-1,-1
2017200228288,1,5,0,7,0,1,5,0,0,0,2,1,6,1,27,6,649,1,11,-1,-1,-1
2017200228288,2,9,0,18,0,1,0,0,0,0,1,1,1,1,23,5,1497,8,9,-1,-1,-1
2017200228305,1,19,0,17,0,0,0,0,0,0,1,1,1,1,31,6,2143,2,2,-1,-1,-1
2017200228308,1,9,0,17,0,8,0,0,1,10,4,1,5,2,38,7,1339,1,8,-1,-1,-1
2017200228308,2,19,0,9,0,6,0,0,0,0,1,1,1,1,31,6,2198,2,1,-1,-1,-1
2017200228317,1,90,0,18,0,0,0,0,0,0,1,1,4,1,11,3,-1,-1,-1,-1,-1,-1
2017200228317,2,9,0,18,0,0,0,0,0,0,3,1,5,1,47,8,-1,-1,-1,8,1,8
2017200228323,1,9,0,18,0,1,0,0,0,0,1,1,6,2,42,7,1969,2,-1,-1,-1,-1
2017200228329,1,9,0,12,0,0,0,0,0,0,3,1,6,1,31,6,1598,1,6,1,1,1
2017200228329,2,9,0,11,0,0,0,0,0,0,4,1,6,1,28,6,1598,1,2,4,1,4
2017200228336,1,9,0,14,0,0,0,0,0,0,3,1,6,1,35,6,1598,2,3,-1,-1,-1
2017200228336,2,9,0,5,0,0,0,0,0,0,3,1,6,1,19,4,1968,2,4,-1,-1,-1
2017200228345,1,9,0,5,0,4,0,0,0,0,0,1,2,1,49,8,-1,-1,-1,-1,-1,-1
2017200228345,2,1,0,18,0,5,1,0,0,0,4,1,2,2,28,6,-1,-1,-1,-1,-1,-1
2017200228353,1,9,0,18,0,0,0,4,0,0,1,1,6,3,30,6,1995,2,13,-1,-1,-1
2017200228353,2,9,0,2,0,0,0,0,0,0,1,1,2,1,39,7,2179,2,5,-1,-1,-1
2017200228355,1,9,0,9,0,1,0,0,0,0,3,1,6,1,49,8,1199,1,3,-1,-1,-1
2017200228355,2,5,0,18,0,1,0,0,0,0,0,1,6,1,59,9,599,1,16,-1,-1,-1
2017200228430,1,9,0,9,0,5,0,0,0,0,1,1,6,1,29,6,1242,1,6,-1,-1,-1
2017200228430,2,3,0,18,0,8,1,0,1,0,3,1,2,1,22,5,124,1,8,-1,-1,-1
2017200228471,1,10,0,5,0,1,0,0,0,0,1,1,6,1,58,9,2151,2,16,-1,-1,-1
2017200228471,2,9,0,3,0,1,0,0,0,0,2,1,6,2,44,7,1461,2,1,-1,-1,-1
2017200228478,1,9,0,18,0,3,0,0,0,0,4,1,6,1,49,8,1995,2,15,-1,-1,-1
2017200228478,2,9,0,18,0,3,0,0,0,0,3,1,6,2,42,7,998,1,1,-1,-1,-1
2017200228479,1,98,1,18,0,1,0,0,0,0,1,1,6,3,30,6,-1,-1,-1,-1,-1,-1
2017200228479,2,9,0,3,0,1,0,0,0,0,1,1,5,2,23,5,998,1,12,-1,-1,-1
2017200228480,1,9,0,15,0,0,0,4,0,0,1,1,6,3,30,6,1995,2,6,-1,-1,-1
2017200228480,2,9,0,4,0,0,0,0,0,0,2,1,1,1,42,7,-1,-1,-1,-1,-1,-1
2017200228480,3,9,0,2,0,0,0,0,0,0,3,1,6,2,58,9,1998,1,9,-1,-1,-1
2017200228480,4,9,0,2,0,0,0,4,0,0,1,1,6,2,31,6,1240,1,13,-1,-1,-1
2017200228480,5,9,0,2,0,0,0,0,0,0,2,1,6,2,28,6,1332,1,12,-1,-1,-1
2017200228482,1,9,0,7,0,6,0,4,0,0,1,1,6,1,-1,-1,2148,2,14,-1,-1,-1
2017200228482,2,9,0,2,0,2,0,0,0,0,3,1,6,1,40,7,1390,1,16,-1,-1,-1
2017200228487,1,9,0,9,0,6,0,0,0,0,1,1,6,1,24,5,2996,1,1,-1,-1,-1
2017200228487,2,9,0,18,0,8,0,0,0,0,4,1,6,2,58,9,1461,2,8,-1,-1,-1
2017200228508,1,9,0,4,0,1,0,0,0,0,1,1,1,2,54,8,1560,2,6,-1,-1,-1
2017200228518,1,9,0,4,0,0,0,0,0,0,2,1,6,1,26,6,2204,2,11,4,1,4
2017200228518,2,9,0,18,0,0,0,0,0,0,1,1,2,2,59,9,1349,1,5,-1,-1,-1
2017200228518,3,9,0,18,0,0,0,0,0,0,2,1,6,1,29,6,1360,1,9,-1,-1,-1
2017200228522,1,9,0,9,0,6,0,0,0,0,4,1,6,3,30,6,-1,-1,-1,-1,-1,-1
2017200228522,2,9,0,3,0,8,0,0,0,0,4,1,6,1,85,11,1598,1,16,-1,-1,-1
2017200228551,1,4,0,18,0,0,0,0,0,0,4,1,6,1,29,6,450,1,14,-1,-1,-1
2017200228551,2,9,0,5,0,0,0,0,0,0,1,1,1,1,52,8,3000,1,10,-1,-1,-1
2017200228565,1,9,0,2,0,0,0,0,0,0,1,1,3,2,31,6,1596,1,8,-1,-1,-1
2017200228565,2,9,0,1,0,0,0,0,0,0,1,1,6,1,-1,-1,-1,-1,-1,-1,-1,-1
2017200228576,1,9,0,18,0,0,0,10,7,10,1,1,6,1,25,5,1364,1,10,-1,-1,-1
2017200228582,1,9,0,3,0,1,0,0,0,0,2,1,2,1,48,8,1242,1,4,-1,-1,-1
2017200228582,2,9,0,18,0,1,0,0,0,0,1,1,6,3,30,6,2720,2,12,-1,-1,-1
2017200228591,1,3,0,5,0,6,0,0,0,0,1,1,6,3,-1,-1,124,1,3,-1,-1,-1
2017200228595,1,9,0,9,0,6,0,0,0,0,1,1,6,2,35,6,1461,2,7,-1,-1,-1
2017200228595,2,9,0,14,0,1,0,0,0,0,1,1,6,1,62,9,-1,-1,-1,-1,-1,-1
2017200228601,1,9,0,18,0,1,0,0,0,0,1,1,6,3,-1,-1,1896,2,12,-1,-1,-1
2017200228601,2,9,0,18,0,1,0,0,0,0,2,1,6,1,31,6,-1,-1,-1,-1,-1,-1
2017200228601,3,9,0,8,0,1,0,0,0,0,2,1,6,1,22,5,1364,1,11,-1,-1,-1
2017200228644,1,8,0,18,0,0,0,0,0,0,1,1,6,3,30,6,1686,2,6,-1,-1,-1
2017200228644,2,9,0,18,0,0,0,0,0,0,2,1,6,3,-1,-1,-1,-1,-1,-1,-1,-1
2017200228646,1,98,0,18,0,0,0,0,0,0,1,1,6,3,-1,-1,-1,-1,-1,-1,-1,-1
2017200228646,2,9,0,18,0,0,1,0,0,0,2,1,6,3,41,7,1997,1,14,2,1,2
2017200228646,3,9,0,18,0,0,0,0,0,0,0,1,2,1,30,6,1248,2,2,6,1,6
2017200228655,1,9,0,12,2,0,0,0,0,0,3,1,6,3,30,6,1896,2,9,-1,-1,-1
2017200228655,2,3,0,18,0,0,0,0,0,0,4,1,6,1,30,6,125,1,-1,-1,-1,-1
2017200228692,1,1,0,18,0,0,0,0,0,0,1,1,6,1,39,7,-1,-1,-1,-1,-1,-1
2017200228692,2,9,0,4,0,0,0,0,0,0,1,1,6,1,32,6,1598,2,-1,-1,-1,-1
2017200228749,1,9,0,18,0,0,1,0,0,0,1,1,2,1,36,7,1598,1,24,2,1,2
2017200228749,2,9,0,18,0,0,1,0,0,0,2,1,6,2,-1,-1,998,1,3,8,2,8
2017200228750,1,9,0,18,0,0,0,0,0,0,4,1,6,3,30,6,1968,2,10,-1,-1,-1
2017200228756,1,21,1,18,0,0,0,0,0,0,1,1,1,1,32,6,6692,2,9,-1,-1,-1
2017200228756,2,9,0,12,0,0,0,10,1,0,1,1,6,1,68,10,998,1,1,-1,-1,-1
2017200228778,1,9,0,18,0,0,0,4,0,0,1,1,6,2,35,6,1560,2,7,-1,-1,-1
2017200228778,2,9,0,2,0,0,0,0,0,0,1,1,6,3,30,6,-1,-1,-1,-1,-1,-1
2017200228792,1,9,0,18,0,0,0,0,0,0,1,1,6,1,-1,-1,1995,2,8,-1,-1,-1
2017200228792,2,9,0,3,0,0,0,0,0,0,2,1,3,2,45,7,1390,1,6,-1,-1,-1
2017200228817,1,9,0,5,0,0,0,0,0,0,1,1,6,3,30,6,1360,1,8,-1,-1,-1
2017200228817,2,9,0,18,0,0,0,0,0,0,2,1,6,1,21,5,998,1,1,-1,-1,-1
2017200228821,1,9,0,5,0,2,0,0,0,0,4,1,6,2,33,6,1598,1,4,-1,-1,-1
2017200228821,2,19,0,6,0,1,0,0,0,0,1,1,6,3,59,9,2198,2,1,-1,-1,-1
2017200228837,1,9,0,9,0,6,0,0,0,0,4,1,6,1,28,6,1560,2,12,-1,-1,-1
2017200228837,2,9,0,18,0,8,0,0,0,0,1,1,6,1,18,4,1598,1,14,-1,-1,-1
2017200228839,1,9,0,5,0,0,0,0,0,0,4,1,6,3,30,6,1598,2,4,-1,-1,-1
2017200228839,2,3,0,18,0,0,0,0,0,0,1,1,6,1,33,6,125,1,-1,-1,-1,-1
2017200228876,1,9,0,18,0,3,0,10,3,2,4,1,6,1,32,6,1896,2,14,-1,-1,-1
2017200228876,2,9,0,18,0,4,0,0,0,0,1,1,6,3,-1,-1,-1,-1,-1,-1,-1,-1
2017200228884,1,9,0,18,0,2,0,0,0,0,1,1,6,2,37,7,-1,-1,-1,-1,-1,-1
2017200228884,2,9,0,18,0,2,0,0,0,0,2,1,6,1,28,6,1900,2,12,-1,-1,-1
2017200228884,3,9,0,18,0,2,0,0,0,0,2,1,5,2,57,9,1984,1,4,-1,-1,-1
2017200228900,1,9,0,18,0,0,0,10,1,0,1,1,6,3,30,6,-1,-1,-1,-1,-1,-1
2017200228900,2,1,0,18,9,0,0,0,0,0,2,1,4,1,10,2,-1,-1,-1,-1,-1,-1
2017200228910,1,9,0,5,0,8,0,0,0,0,3,1,6,2,36,7,1248,1,7,-1,-1,-1
2017200228910,2,9,0,18,0,8,0,0,0,0,1,1,2,1,67,10,1596,1,16,-1,-1,-1
2017200228950,1,9,0,16,0,0,5,4,0,0,1,1,6,2,22,5,2000,1,12,-1,-1,-1
2017200228950,2,9,0,2,0,0,0,4,0,0,3,1,6,3,-1,-1,-1,-1,-1,-1,-1,-1
2017200228950,3,9,0,2,0,0,0,0,0,0,1,1,6,3,-1,-1,-1,-1,-1,-1,-1,-1
2017200229001,1,9,0,9,0,6,0,0,0,0,1,1,6,3,30,6,-1,-1,-1,-1,-1,-1
2017200229029,1,9,0,15,0,0,0,0,0,0,1,1,6,1,22,5,1998,1,10,-1,-1,-1
2017200229029,2,9,0,17,0,0,0,0,0,0,2,1,6,2,19,4,1560,2,6,-1,-1,-1
2017200229030,1,9,0,5,0,6,0,0,0,0,1,1,6,2,46,8,1329,1,6,-1,-1,-1
2017200229030,2,9,0,18,0,8,0,0,0,0,4,1,6,2,45,7,-1,-1,-1,-1,-1,-1
2017200229037,1,9,0,18,0,8,0,0,0,0,1,1,6,1,44,7,1997,2,8,-1,-1,-1
2017200229037,2,9,0,9,0,6,0,0,0,0,3,1,6,3,-1,-1,1200,1,4,-1,-1,-1
2017200229042,1,1,0,18,0,0,0,0,0,0,1,1,6,1,30,6,-1,-1,-1,-1,-1,-1
2017200229042,2,9,0,18,0,0,0,0,0,0,1,1,6,2,-1,-1,1600,1,12,-1,-1,-1
2017200229069,1,1,0,18,9,8,0,0,0,0,1,1,6,1,-1,-1,-1,-1,-1,5,1,5
2017200229069,2,9,4,8,0,1,0,0,0,0,4,1,6,1,62,9,1910,2,9,5,1,5
2017200229088,1,9,0,5,9,0,0,7,0,0,1,1,6,2,31,6,1995,2,-1,-1,-1,-1
2017200229099,1,9,0,18,0,0,0,0,0,0,1,1,6,1,-1,-1,-1,-1,-1,-1,-1,-1
2017200229109,1,9,0,18,0,0,2,10,1,0,3,1,6,1,18,4,1395,1,-1,-1,-1,-1
2017200229125,1,1,0,18,0,1,0,0,0,0,2,1,6,1,63,9,-1,-1,-1,-1,-1,-1
2017200229125,2,9,0,8,0,1,0,0,0,0,1,1,6,1,26,6,1598,1,9,-1,-1,-1
2017200229139,1,9,0,18,0,0,0,0,0,0,0,1,6,1,45,7,1896,2,12,-1,-1,-1
2017200229139,2,98,1,18,0,0,0,0,0,0,0,1,1,1,39,7,-1,-1,-1,-1,-1,-1
2017200229139,3,9,0,18,0,0,0,0,0,0,4,1,6,1,38,7,1300,1,13,2,1,2
2017200229165,1,9,0,9,0,1,0,0,0,0,4,1,6,2,21,5,-1,-1,-1,-1,-1,-1
2017200229165,2,1,0,18,0,1,0,0,0,0,1,1,6,1,15,3,-1,-1,-1,-1,-1,-1
2017200229171,1,9,0,18,0,0,0,4,0,0,4,1,6,2,33,6,1329,1,4,-1,-1,-1
2017200229171,2,9,0,2,0,0,0,0,0,0,3,1,6,1,62,9,-1,-1,-1,-1,-1,-1
2017200229187,1,9,0,18,0,8,0,0,0,0,4,1,6,2,31,6,2143,2,1,-1,-1,-1
2017200229187,2,9,0,9,0,6,0,0,0,0,3,1,6,2,46,8,1390,1,4,-1,-1,-1
2017200229218,1,9,0,18,0,0,1,0,1,0,1,1,6,1,21,5,-1,-1,-1,3,1,3
2017200229218,2,9,0,5,0,0,0,0,0,0,4,1,6,1,64,9,1991,2,12,-1,-1,-1
2017200229218,3,9,0,5,0,0,0,0,0,0,-1,1,6,1,53,8,-1,-1,-1,1,1,1
2017200229224,1,9,0,5,0,0,0,0,0,0,1,1,6,3,30,6,1248,2,7,-1,-1,-1
2017200229224,2,9,0,18,0,0,0,0,0,0,4,1,6,1,51,8,1910,2,11,-1,-1,-1
2017200229227,1,9,0,4,0,1,0,0,0,0,1,1,6,1,31,6,1598,2,5,-1,-1,-1
2017200229227,2,9,0,3,0,1,0,0,0,0,2,1,6,2,46,8,1240,1,13,-1,-1,-1
2017200229227,3,9,0,3,0,1,0,0,0,0,2,1,6,2,30,6,1799,1,11,-1,-1,-1
2017200229244,1,3,0,4,0,0,1,0,0,0,1,1,6,1,18,4,125,1,7,-1,-1,-1
2017200229244,2,9,0,18,0,0,0,0,0,0,1,1,6,2,63,9,1396,1,21,-1,-1,-1
2017200229255,1,9,0,9,0,5,0,0,0,0,4,1,6,2,37,7,1595,1,10,-1,-1,-1
2017200229255,2,9,0,18,0,8,0,0,0,0,1,1,6,1,32,6,1798,1,2,-1,-1,-1
2017200229303,1,3,0,18,0,0,1,0,0,0,1,1,6,1,19,4,125,1,4,-1,-1,-1
2017200229303,2,9,0,18,0,0,0,0,1,0,4,1,6,1,30,6,1910,2,8,1,1,1