Accident_Index,Vehicle_Reference,Vehicle_Type,Towing_and_Articulation,Vehicle_Manoeuvre,Vehicle_Location-Restricted_Lane,Junction_Location,Skidding_and_Overturning,Hit_Object_in_Carriageway,Vehicle_Leaving_Carriageway,Hit_Object_off_Carriageway,1st_Point_of_Impact,Was_Vehicle_Left_Hand_Drive?,Journey_Purpose_of_Driver,Sex_of_Driver,Age_of_Driver,Age_Band_of_Driver,Engine_Capacity_(CC),Propulsion_Code,Age_of_Vehicle,Driver_IMD_Decile,Driver_Home_Area_Type,Vehicle_IMD_Decile
2017200229326,1,9,0,18,0,1,0,0,0,0,1,1,6,2,48,8,1299,1,9,-1,-1,-1
2017200229326,2,21,0,1,0,2,0,0,0,0,2,1,1,3,30,6,4462,2,4,-1,-1,-1
2017200229347,1,9,0,18,0,8,0,0,0,0,1,1,6,1,30,6,1968,2,5,-1,-1,-1
2017200229347,2,9,0,9,0,8,0,0,0,0,3,1,6,1,67,10,1200,1,1,-1,-1,-1
2017200229399,1,9,0,18,0,8,0,10,1,11,4,1,6,2,25,5,1086,1,8,2,1,2
2017200229399,2,9,0,18,0,8,0,0,0,0,1,1,1,1,42,7,-1,-1,-1,1,1,1
2017200229512,1,9,0,9,0,1,0,0,0,0,1,1,6,1,22,5,1200,1,14,-1,-1,-1
2017200229512,2,1,0,18,0,1,0,0,0,0,1,1,2,1,30,6,-1,-1,-1,-1,-1,-1
2017200229514,1,9,0,9,0,8,0,0,0,0,4,1,6,1,46,8,1598,1,7,-1,-1,-1
2017200229514,2,9,0,18,0,8,0,0,0,0,1,1,6,2,55,8,1596,1,6,-1,-1,-1
2017200229522,1,9,0,18,0,1,0,0,0,0,4,1,6,1,62,9,1598,2,-1,-1,-1,-1
2017200229536,1,9,0,7,0,3,0,0,0,0,4,1,6,2,34,6,1242,1,7,-1,-1,-1
2017200229539,1,9,0,9,0,6,0,0,0,0,3,1,6,1,-1,-1,1199,1,16,-1,-1,-1
2017200229539,2,9,0,18,0,8,0,0,0,0,3,1,6,1,-1,-1,1896,2,10,-1,-1,-1
2017200229582,1,9,0,18,0,0,0,0,1,4,1,1,6,1,56,9,3996,1,19,-1,-1,-1
2017200229589,1,9,0,18,0,0,0,0,0,0,1,1,6,1,33,6,1560,2,1,-1,-1,-1
2017200229595,1,9,0,18,0,2,0,0,0,0,1,1,6,3,30,6,-1,-1,-1,-1,-1,-1
2017200229609,1,9,0,1,9,6,0,0,0,0,1,1,6,2,-1,-1,1339,1,11,-1,-1,-1
2017200229611,1,9,0,9,0,6,0,7,4,0,1,1,2,2,29,6,1998,1,2,-1,-1,-1
2017200229611,2,9,0,18,0,8,0,7,4,0,0,1,2,2,28,6,1390,1,13,-1,-1,-1
2017200229622,1,19,0,9,0,6,0,0,0,0,4,1,1,1,59,9,1996,2,6,-1,-1,-1
2017200229622,2,3,0,18,0,8,0,0,0,0,1,1,1,1,22,5,124,1,1,-1,-1,-1
2017200229643,1,21,4,18,0,0,0,0,0,0,0,1,1,1,54,8,12902,2,-1,-1,-1,-1
2017200229646,1,9,0,18,0,0,0,0,0,0,1,1,6,1,40,7,1349,1,12,-1,-1,-1
2017200229648,1,9,0,18,0,2,0,0,0,0,2,1,5,1,26,6,2354,1,13,-1,-1,-1
2017200229649,1,9,0,9,0,6,0,0,0,0,1,1,1,1,30,6,2494,8,-1,-1,-1,-1
2017200229649,2,5,0,13,0,8,2,0,0,0,1,1,2,1,27,6,599,1,19,-1,-1,-1
2017200229664,1,9,0,9,0,1,0,0,0,0,1,1,6,1,-1,-1,1984,1,10,-1,-1,-1
2017200229684,1,9,0,18,0,1,0,4,0,0,1,1,6,3,-1,-1,1896,2,10,-1,-1,-1
2017200229684,2,9,0,18,0,1,0,0,0,0,2,1,6,1,37,7,1995,2,1,-1,-1,-1
2017200229684,3,9,0,2,0,1,0,0,0,0,2,1,6,2,-1,-1,1248,2,10,-1,-1,-1
2017200229703,1,9,0,9,0,5,0,0,0,0,1,1,6,2,35,6,1596,1,5,-1,-1,-1
2017200229703,2,19,0,18,0,1,0,10,1,10,3,1,1,1,37,7,1998,2,11,-1,-1,-1
2017200229770,1,9,0,18,0,3,0,0,0,0,1,1,6,3,-1,-1,-1,-1,-1,-1,-1,-1
2017200229774,1,9,0,18,0,0,0,0,0,0,1,1,1,1,21,5,998,1,3,-1,-1,-1
2017200229774,2,21,1,14,0,0,0,0,0,0,3,1,2,1,45,7,10837,2,-1,-1,-1,-1
2017200229804,1,9,0,18,0,4,0,0,0,0,1,1,6,3,-1,-1,1149,1,14,-1,-1,-1
2017200229804,2,9,0,18,0,8,0,0,0,0,4,1,6,1,48,8,1586,1,2,-1,-1,-1
2017200229805,1,9,0,9,0,4,0,0,0,0,1,1,6,1,64,9,1762,1,18,-1,-1,-1
2017200229805,2,1,0,18,0,8,0,0,0,0,1,1,6,1,22,5,-1,-1,-1,-1,-1,-1
2017200229825,1,8,0,7,0,6,0,0,0,0,1,1,6,1,30,6,-1,-1,-1,-1,-1,-1
2017200229825,2,1,0,18,4,8,0,0,0,0,1,1,6,1,51,8,-1,-1,-1,-1,-1,-1
2017200229829,1,9,0,12,0,0,0,0,0,0,3,1,1,1,21,5,1461,2,1,-1,-1,-1
2017200229829,2,9,0,18,0,0,0,7,4,0,1,1,1,1,40,7,1968,2,1,-1,-1,-1
2017200229829,3,9,0,18,0,0,0,0,0,0,3,1,1,1,29,6,-1,-1,-1,-1,-1,-1
2017200229838,1,9,0,18,0,0,0,0,0,0,1,1,6,1,25,5,1390,1,10,-1,-1,-1
2017200229838,2,9,0,4,0,0,0,0,0,0,2,1,6,1,34,6,1798,1,11,-1,-1,-1
2017200229838,3,9,0,4,0,0,0,0,0,0,2,1,6,2,38,7,1796,1,12,-1,-1,-1
2017200229943,1,9,0,5,9,1,0,0,0,0,4,1,1,3,30,6,-1,-1,-1,-1,-1,-1
2017200229976,1,9,0,11,0,3,0,0,0,0,3,1,6,3,30,6,-1,-1,-1,-1,-1,-1
2017200229976,2,9,0,18,0,3,0,0,0,0,4,1,6,1,24,5,1368,1,11,-1,-1,-1
2017200229979,1,9,0,4,0,8,0,0,0,0,0,1,1,1,31,6,1598,2,-1,-1,-1,-1
2017200229979,2,9,0,4,0,8,0,0,0,0,2,1,2,2,33,6,1995,2,4,1,1,1
2017200229979,3,9,0,4,0,8,0,0,0,0,1,1,1,2,28,6,1242,1,7,-1,-1,-1
2017200229992,1,9,0,5,9,6,0,0,0,0,1,1,6,3,30,6,-1,-1,-1,-1,-1,-1
2017200230013,1,9,0,18,0,1,0,0,0,0,2,1,6,1,25,5,1798,1,5,-1,-1,-1
2017200230013,2,9,0,3,0,1,0,0,0,0,0,1,2,1,43,7,1995,2,9,-1,-1,-1
2017200230030,1,9,0,4,0,0,0,0,0,0,1,1,6,1,30,6,1910,2,9,-1,-1,-1
2017200230030,2,9,0,4,0,0,0,0,0,0,2,1,6,2,30,6,1598,1,8,-1,-1,-1
2017200230037,1,9,0,7,0,5,0,0,0,0,4,1,6,1,-1,-1,1397,1,16,-1,-1,-1
2017200230041,101,9,0,18,0,2,0,0,0,0,1,1,1,2,29,6,-1,-1,-1,-1,-1,-1
2017200230082,1,9,0,6,0,8,0,0,0,0,3,1,6,3,-1,-1,1560,2,9,-1,-1,-1
2017200230082,2,3,0,18,0,8,0,0,0,0,4,1,2,1,24,5,125,1,1,-1,-1,-1
2017200230095,1,9,0,18,0,0,1,4,0,0,1,1,1,1,68,10,-1,-1,-1,-1,-1,-1
2017200230095,2,9,0,2,0,0,0,0,0,0,2,1,1,1,45,7,1956,2,3,-1,-1,-1
2017200230099,1,9,0,7,0,1,0,0,0,0,1,1,2,2,34,6,-1,-1,-1,-1,-1,-1
2017200230099,2,9,0,9,0,1,0,0,0,0,4,1,6,3,30,6,-1,-1,-1,-1,-1,-1
2017200230101,1,9,0,18,0,6,0,0,0,0,4,1,6,1,25,5,1364,1,8,-1,-1,-1
2017200230101,2,9,0,18,0,8,0,0,0,0,1,1,6,1,38,7,1596,1,7,-1,-1,-1
2017200230101,3,9,0,8,0,1,0,0,0,0,3,1,6,1,31,6,1390,1,12,-1,-1,-1
2017200230106,1,9,0,9,0,6,0,0,0,0,3,1,6,2,31,6,1598,1,8,-1,-1,-1
2017200230106,2,9,0,18,0,8,0,0,0,0,1,1,6,2,25,5,1364,1,9,-1,-1,-1
2017200230113,1,9,0,18,0,8,0,0,0,0,4,1,2,2,27,6,1595,1,-1,-1,-1,-1
2017200230113,2,9,0,9,0,6,0,0,0,0,1,1,2,2,37,7,998,1,6,-1,-1,-1
2017200230127,1,9,0,14,0,0,0,0,0,0,1,1,1,1,50,8,1598,2,6,-1,-1,-1
2017200230151,1,9,0,18,0,8,0,0,0,0,0,1,6,3,-1,-1,1781,1,14,-1,-1,-1
2017200230151,2,1,0,9,0,5,0,0,0,0,0,1,6,1,52,8,-1,-1,-1,-1,-1,-1
2017200230156,1,9,0,4,0,0,0,0,0,0,1,1,6,3,30,6,1598,1,9,-1,-1,-1
2017200230156,2,9,0,3,0,0,0,0,0,0,2,1,6,1,30,6,1995,2,5,-1,-1,-1
2017200230166,1,9,0,18,0,0,0,0,0,0,3,1,6,1,35,6,2979,1,14,2,1,2
2017200230166,2,21,0,18,0,0,0,0,0,0,0,1,6,1,39,7,9365,2,9,-1,-1,-1
2017200230166,3,9,0,18,0,0,0,0,0,0,4,1,6,1,60,9,1997,2,-1,-1,-1,-1
2017200230179,1,9,0,17,0,8,1,10,0,0,1,1,6,1,26,6,1229,1,10,-1,-1,-1
2017200230204,1,9,0,18,0,0,0,0,0,0,1,1,6,3,-1,-1,-1,-1,-1,-1,-1,-1
2017200230215,1,9,0,18,0,1,0,0,0,0,1,1,6,3,30,6,-1,-1,-1,-1,-1,-1
2017200230215,2,9,0,3,0,1,0,0,0,0,2,1,6,2,54,8,-1,-1,-1,-1,-1,-1
2017200230224,1,19,0,7,0,2,0,0,0,0,1,1,1,1,30,6,2198,2,2,1,1,1
2017200230226,1,9,0,18,0,0,0,0,7,10,1,1,1,2,48,8,1587,1,10,-1,-1,-1
2017200230247,1,9,0,7,0,5,0,0,0,0,1,1,6,2,55,8,-1,-1,-1,-1,-1,-1
2017200230253,1,9,0,18,0,2,0,0,0,0,4,1,6,1,19,4,-1,-1,-1,1,1,1
2017200230256,1,8,0,7,0,2,0,0,0,0,2,1,6,1,30,6,1598,2,5,-1,-1,-1
2017200230256,2,9,0,18,0,2,0,0,0,0,1,1,6,1,37,7,1998,2,9,-1,-1,-1
2017200230264,1,9,0,4,0,8,0,0,0,0,0,1,2,2,51,8,1997,2,3,-1,-1,-1
2017200230264,2,3,0,18,0,8,0,0,0,0,0,1,2,2,42,7,125,1,1,-1,-1,-1
2017200230267,1,9,0,18,0,0,0,0,0,0,1,1,6,2,22,5,1390,1,8,-1,-1,-1
2017200230292,1,9,0,18,0,2,0,0,0,0,1,1,6,1,50,8,1997,2,13,-1,-1,-1
2017200230292,2,90,0,18,0,2,0,0,0,0,1,1,6,1,40,7,-1,-1,-1,-1,-1,-1
2017200230302,1,21,5,18,0,0,3,0,5,0,3,1,6,1,53,8,12882,2,11,1,1,1
2017200230323,1,9,0,18,0,8,0,0,0,0,3,1,6,2,22,5,998,1,1,-1,-1,-1
2017200230323,2,9,0,5,0,6,0,0,0,0,1,1,6,1,32,6,1560,2,-1,-1,-1,-1
2017200230326,1,9,0,9,0,5,0,0,0,0,3,1,6,2,27,6,1200,1,2,-1,-1,-1
2017200230326,2,1,0,13,0,1,0,0,0,0,4,1,6,1,38,7,-1,-1,-1,-1,-1,-1
2017200230327,1,9,0,4,0,0,0,0,0,0,2,1,1,1,41,7,1499,8,1,-1,-1,-1
2017200230327,2,9,0,18,8,0,0,0,0,0,1,1,6,2,-1,-1,-1,-1,-1,-1,-1,-1
2017200230332,1,9,0,18,0,6,0,0,0,0,0,1,6,1,-1,-1,1299,1,14,-1,-1,-1
2017200230332,2,9,0,18,0,8,0,0,0,0,0,1,1,1,44,7,1896,2,12,-1,-1,-1
2017200230333,1,3,0,18,0,8,0,0,0,0,1,1,6,1,-1,-1,125,1,13,-1,-1,-1
2017200230333,2,9,0,9,0,6,0,0,0,0,3,1,6,1,-1,-1,1798,8,5,-1,-1,-1
2017200230334,1,9,0,9,0,6,0,0,0,0,1,1,6,1,27,6,3311,8,11,-1,-1,-1
2017200230334,2,9,0,18,0,8,0,0,0,0,1,1,6,2,39,7,1598,2,7,-1,-1,-1
2017200230346,1,9,0,18,0,0,0,0,0,0,1,1,6,1,64,9,1995,2,2,-1,-1,-1
2017200230348,1,9,0,18,0,0,0,0,0,0,4,1,6,2,41,7,999,1,-1,-1,-1,-1
2017200230350,1,9,0,9,0,2,1,0,0,0,1,1,6,1,52,8,1598,1,11,-1,-1,-1
2017200230350,2,9,0,18,0,1,1,4,0,0,1,1,6,1,31,6,1149,1,7,-1,-1,-1
2017200230350,3,9,0,2,0,2,0,0,0,0,3,1,6,3,30,6,1590,1,16,-1,-1,-1
2017200230350,4,9,0,2,0,1,0,0,0,0,2,1,6,3,30,6,1896,2,15,-1,-1,-1
2017200230353,1,9,0,9,0,5,0,0,0,0,4,1,6,2,45,7,1900,2,11,-1,-1,-1
2017200230353,2,9,0,18,0,8,0,0,0,0,1,1,6,1,43,7,1968,2,6,-1,-1,-1
2017200230364,1,8,0,4,0,1,1,0,0,0,1,1,1,1,30,6,1997,2,12,-1,-1,-1
2017200230364,2,9,0,3,0,1,0,0,0,0,2,1,6,1,29,6,-1,-1,-1,-1,-1,-1
2017200230366,1,9,0,9,0,3,0,0,0,0,1,1,6,1,30,6,1796,1,13,-1,-1,-1
2017200230366,2,9,0,18,0,3,0,0,0,0,3,1,6,1,43,7,1753,2,11,-1,-1,-1
2017200230371,1,9,0,9,0,8,0,0,0,0,1,1,6,2,21,5,1364,1,9,-1,-1,-1
2017200230371,2,9,0,18,0,8,0,0,0,0,1,1,6,1,43,7,-1,-1,-1,-1,-1,-1
2017200230380,1,9,0,9,0,5,1,0,0,0,3,1,6,1,74,10,1360,1,12,-1,-1,-1
2017200230380,2,9,0,18,0,8,0,0,0,0,4,1,6,1,56,9,2143,2,3,-1,-1,-1
2017200230391,1,9,0,6,0,0,0,0,0,0,3,1,6,2,49,8,1198,1,5,-1,-1,-1
2017200230391,2,2,0,14,0,0,2,7,4,0,4,1,2,1,17,4,49,1,1,-1,-1,-1
2017200230414,1,19,0,18,0,1,0,0,0,0,1,1,6,1,-1,-1,1998,2,13,-1,-1,-1
2017200230414,2,9,0,9,0,2,0,0,0,0,1,1,6,2,33,6,1360,1,13,-1,-1,-1
2017200230470,1,9,0,9,0,8,0,0,0,0,1,1,6,2,18,4,1398,1,11,-1,-1,-1
2017200230470,2,9,0,18,0,8,0,10,1,0,1,1,6,1,31,6,1998,1,13,-1,-1,-1
2017200230533,1,9,0,5,9,6,0,0,0,0,3,1,1,2,-1,-1,1896,2,9,-1,-1,-1
2017200230533,2,1,0,18,9,8,0,0,0,0,1,1,6,1,14,3,-1,-1,-1,-1,-1,-1
2017200230542,1,9,0,5,0,8,0,0,0,0,4,1,6,2,25,5,1368,1,2,-1,-1,-1
2017200230542,2,9,0,5,0,8,0,0,0,0,1,1,6,1,30,6,-1,-1,-1,-1,-1,-1
2017200230580,1,9,0,18,0,0,0,0,0,0,3,1,1,1,35,6,1598,2,6,1,1,1
2017200230587,1,9,0,18,0,8,0,0,0,0,1,1,6,1,30,6,1242,1,8,-1,-1,-1
2017200230587,2,9,0,9,0,6,0,0,0,0,1,1,6,2,67,10,-1,-1,-1,-1,-1,-1
2017200230596,1,98,0,18,0,8,0,0,0,0,1,1,6,3,-1,-1,-1,-1,-1,-1,-1,-1
2017200230596,2,9,0,3,0,8,0,0,0,0,0,1,1,1,63,9,1956,2,6,-1,-1,-1
2017200230608,1,9,0,5,0,6,0,0,0,0,3,1,6,1,54,8,1240,1,12,-1,-1,-1
2017200230608,2,1,0,17,0,8,0,0,0,0,1,1,2,1,29,6,-1,-1,-1,-1,-1,-1
2017200230613,1,9,0,3,0,0,0,0,0,0,2,1,6,2,31,6,1995,2,6,-1,-1,-1
2017200230613,2,9,0,18,0,0,0,0,0,0,1,1,6,2,-1,-1,1398,1,1,-1,-1,-1
2017200230642,1,9,0,18,0,1,1,0,0,0,1,1,6,1,21,5,1896,2,10,-1,-1,-1
2017200230642,2,9,0,3,0,1,0,0,0,0,2,1,6,1,64,9,1794,1,16,-1,-1,-1
2017200230642,3,9,0,10,0,1,0,0,0,0,2,1,6,2,35,6,1390,1,8,-1,-1,-1
2017200230648,1,9,0,9,0,4,0,0,0,0,3,1,6,2,31,6,1598,1,11,-1,-1,-1
2017200230648,2,9,0,18,0,4,0,0,0,0,1,1,1,1,46,8,1397,1,9,-1,-1,-1
2017200230661,1,19,0,18,0,0,0,0,0,0,4,1,1,1,30,6,2143,2,4,-1,-1,-1
2017200230691,1,9,0,1,0,6,0,0,0,0,2,1,6,2,-1,-1,1198,1,5,-1,-1,-1
2017200230691,2,9,0,16,0,8,0,0,0,0,4,1,6,2,40,7,1910,2,8,-1,-1,-1
2017200230694,1,19,0,18,0,2,0,0,0,0,4,1,6,1,30,6,2143,2,4,-1,-1,-1
2017200230694,2,1,0,18,0,2,0,0,0,0,1,1,6,1,16,4,-1,-1,-1,-1,-1,-1
2017200230695,1,9,0,18,0,8,0,0,0,0,4,1,1,1,31,6,1896,2,10,-1,-1,-1
2017200230695,2,9,0,5,0,6,0,0,0,0,1,1,6,1,-1,-1,1596,1,11,-1,-1,-1
2017200230696,1,9,0,18,0,0,0,0,0,0,1,1,6,1,23,5,1997,2,12,-1,-1,-1
2017200230706,1,9,0,18,0,0,1,0,0,0,1,1,6,1,22,5,1248,2,13,-1,-1,-1
2017200230706,2,11,0,11,0,0,0,0,0,0,3,1,1,1,20,4,6700,2,1,7,1,7
2017200230707,1,9,0,1,0,2,0,0,0,0,2,1,6,1,27,6,1968,2,10,-1,-1,-1
2017200230716,1,9,0,11,0,0,0,0,0,0,1,1,6,1,47,8,1398,2,4,-1,-1,-1
2017200230716,2,8,0,18,0,0,0,0,0,0,2,1,2,1,43,7,2148,2,13,-1,-1,-1
2017200230734,1,9,0,5,0,4,0,0,0,0,3,1,6,1,57,9,2996,2,6,-1,-1,-1
2017200230734,2,3,0,18,0,3,0,0,0,0,1,1,2,1,53,8,125,1,4,-1,-1,-1
2017200230858,1,9,0,5,0,4,0,0,0,0,1,1,6,1,45,7,2231,2,10,-1,-1,-1
2017200230858,2,1,0,18,0,4,0,0,0,0,1,1,6,1,28,6,-1,-1,-1,-1,-1,-1
2017200230862,1,1,0,18,0,0,0,0,0,0,3,1,6,1,11,3,-1,-1,-1,-1,-1,-1
2017200230862,2,19,0,18,0,0,0,0,0,0,4,1,2,1,59,9,1560,2,-1,-1,-1,-1
2017200230863,1,9,0,18,0,0,0,0,0,0,1,1,6,1,-1,-1,1600,1,18,-1,-1,-1
2017200230888,1,9,0,18,0,0,0,10,2,0,1,1,6,1,58,9,1199,1,16,-1,-1,-1
2017200230888,2,9,0,2,9,0,0,0,0,0,2,1,6,2,-1,-1,1229,1,6,-1,-1,-1
2017200230891,1,5,0,18,0,2,0,0,0,0,1,1,1,1,53,8,1043,1,-1,-1,-1,-1
2017200230897,1,9,0,12,0,1,0,0,0,0,1,1,2,2,33,6,1598,1,13,-1,-1,-1
2017200230903,1,8,0,18,0,0,0,0,0,0,1,1,1,1,42,7,1998,1,10,-1,-1,-1
2017200230910,1,9,0,18,0,2,0,0,0,0,1,1,6,3,-1,-1,-1,-1,-1,-1,-1,-1
2017200230932,1,8,0,18,0,3,0,0,0,0,1,1,1,1,30,6,1896,2,10,-1,-1,-1
2017200230932,2,1,0,5,0,2,0,0,0,0,4,1,6,1,13,3,-1,-1,-1,-1,-1,-1
2017200230935,1,9,0,18,0,1,0,0,0,0,1,1,6,3,-1,-1,1796,1,14,-1,-1,-1
2017200230935,2,9,0,10,0,1,0,0,0,0,2,1,6,1,32,6,1799,1,10,-1,-1,-1
2017200230936,1,9,0,5,0,1,0,0,0,0,4,1,6,2,34,6,1956,2,1,-1,-1,-1
2017200230936,2,1,0,18,0,1,0,0,0,0,1,1,1,1,31,6,-1,-1,-1,-1,-1,-1
2017200230955,1,9,0,12,0,0,0,0,0,0,4,1,6,2,-1,-1,2148,2,11,-1,-1,-1
2017200230955,2,9,0,18,0,0,0,0,0,0,3,1,1,1,28,6,2143,2,-1,-1,-1,-1
2017200230981,1,9,0,18,0,0,0,0,0,0,1,1,6,1,-1,-1,1598,7,8,-1,-1,-1
2017200231016,1,9,0,18,0,6,0,0,0,0,4,1,1,1,33,6,1590,1,14,-1,-1,-1
2017200231016,2,9,0,18,0,8,0,0,0,0,1,1,6,2,37,7,1149,1,9,-1,-1,-1
2017200231033,1,9,0,18,0,2,0,0,0,0,3,1,2,2,36,7,-1,-1,-1,-1,-1,-1
2017200231033,2,9,0,18,0,1,1,0,0,0,1,1,6,3,-1,-1,-1,-1,-1,-1,-1,-1
2017200231034,1,9,0,10,0,1,0,0,0,0,4,1,3,2,35,6,1988,1,12,-1,-1,-1
2017200231034,2,1,0,5,0,1,0,0,0,0,1,1,4,2,10,2,-1,-1,-1,-1,-1,-1
2017200231067,1,9,0,5,0,3,1,0,0,0,1,1,6,1,81,11,1598,1,9,-1,-1,-1
2017200231074,1,9,0,18,0,1,0,0,0,0,1,1,6,1,21,5,-1,-1,-1,-1,-1,-1
2017200231086,1,9,0,13,0,1,0,0,0,0,1,1,6,1,18,4,1229,1,9,-1,-1,-1
2017200231086,2,9,0,9,0,5,0,0,0,0,3,1,6,2,53,8,1699,1,11,-1,-1,-1
2017200231091,1,9,0,18,0,0,0,10,1,4,1,1,1,1,40,7,1968,2,8,1,1,1
2017200231118,1,9,0,18,0,7,0,0,0,0,3,1,6,2,-1,-1,1950,2,-1,-1,-1,-1
2017200231118,2,9,0,18,0,8,0,0,0,0,4,1,6,1,30,6,-1,-1,-1,-1,-1,-1
2017200231127,1,9,0,5,0,8,0,0,0,0,1,1,6,1,41,7,1984,1,15,1,1,1
2017200231127,2,9,0,9,0,5,0,0,0,0,4,1,3,2,41,7,1149,1,3,3,1,3
2017200231129,1,90,0,18,0,0,0,0,0,0,1,1,6,1,-1,-1,2800,2,14,4,1,4
2017200231129,2,9,0,18,0,0,0,0,0,0,2,1,6,1,50,8,1229,1,6,2,1,2
2017200231138,1,9,0,9,0,5,0,0,0,0,1,1,6,1,86,11,1596,1,15,-1,-1,-1
2017200231138,2,3,0,18,0,8,0,0,0,0,1,1,6,1,35,6,125,1,5,-1,-1,-1
2017200231139,1,19,0,2,2,0,0,0,0,0,4,1,1,1,-1,-1,1560,2,7,-1,-1,-1
2017200231139,2,1,0,18,9,0,0,8,0,0,1,1,6,1,18,4,-1,-1,-1,-1,-1,-1
2017200231157,1,9,0,9,0,6,0,0,0,0,1,1,6,1,64,9,1598,2,5,-1,-1,-1
2017200231157,2,9,0,18,0,8,0,0,0,0,1,1,6,1,73,10,999,1,1,-1,-1,-1
2017200231157,3,9,0,10,0,1,0,0,1,0,1,1,6,2,42,7,998,1,1,-1,-1,-1
2017200231177,1,9,0,5,0,6,0,0,0,0,1,1,6,3,-1,-1,-1,-1,-1,-1,-1,-1
2017200231177,2,9,0,18,0,8,0,0,0,0,3,1,6,1,63,9,998,1,16,-1,-1,-1
2017200231186,1,9,0,18,0,2,0,0,0,0,4,1,6,1,39,7,2204,2,12,-1,-1,-1
2017200231190,1,9,0,1,0,2,0,0,0,0,1,1,6,3,40,7,1591,1,2,-1,-1,-1
2017200231190,2,9,0,3,0,1,0,0,0,0,1,1,5,2,35,6,2143,2,4,-1,-1,-1
2017200231200,1,9,0,6,0,0,0,0,0,0,4,1,6,1,44,7,998,1,3,-1,-1,-1
2017200231200,2,3,0,18,0,0,0,0,0,0,1,1,6,1,19,4,125,1,2,-1,-1,-1
2017200231240,1,9,0,17,0,0,0,0,0,0,3,1,1,1,36,7,-1,-1,-1,-1,-1,-1
2017200231273,1,9,0,16,0,0,5,7,6,1,1,1,2,1,38,7,1364,1,11,-1,-1,-1
2017200231301,1,9,0,11,0,4,0,0,0,0,2,1,6,1,30,6,2000,1,14,-1,-1,-1
2017200231301,2,9,0,18,0,4,0,0,0,0,1,1,6,2,89,11,1086,1,7,-1,-1,-1
2017200231311,1,9,0,18,0,6,0,0,0,0,1,1,6,1,54,8,1398,1,2,-1,-1,-1
2017200231311,2,9,0,18,0,8,0,0,7,0,4,1,6,1,19,4,2143,2,-1,-1,-1,-1
2017200231311,3,9,0,18,0,8,0,0,0,0,0,1,6,1,48,8,2967,2,1,-1,-1,-1
2017200231361,1,9,0,18,0,1,0,4,0,0,4,1,6,2,24,5,1242,1,11,-1,-1,-1
2017200231361,2,9,0,2,0,1,0,0,0,0,0,1,5,1,48,8,1910,2,12,-1,-1,-1
2017200231366,1,9,0,2,0,2,0,0,0,0,4,1,6,1,34,6,1968,2,4,-1,-1,-1
2017200231366,2,9,0,18,0,1,0,8,0,0,1,1,6,3,30,6,-1,-1,-1,-1,-1,-1
2017200231368,1,9,0,9,0,6,1,0,0,0,1,1,2,1,64,9,1598,1,12,-1,-1,-1
2017200231368,2,9,0,9,0,8,0,0,0,0,3,1,6,2,53,8,2143,2,1,-1,-1,-1
2017200231374,1,9,0,18,0,1,0,0,0,0,1,1,1,1,59,9,1968,2,10,-1,-1,-1
2017200231420,1,9,0,18,0,0,0,0,0,0,3,1,6,1,56,9,1339,1,6,-1,-1,-1
2017200231459,1,9,0,17,0,0,0,0,0,0,3,1,6,1,20,4,1248,2,3,-1,-1,-1
2017200231474,1,9,0,18,0,6,0,0,0,0,1,1,6,1,39,7,-1,-1,-1,-1,-1,-1
2017200231474,2,9,0,18,0,8,0,0,0,0,3,1,6,1,68,10,1956,2,7,-1,-1,-1
2017200231502,1,9,0,7,0,6,0,0,0,0,1,1,6,1,68,10,1984,2,3,-1,-1,-1
2017200231502,2,9,0,18,0,8,0,10,7,4,1,1,6,1,77,11,1149,1,13,-1,-1,-1
2017200231511,1,9,0,17,0,8,1,10,7,7,1,1,1,2,42,7,1587,1,11,-1,-1,-1
2017200231517,1,9,0,13,0,8,0,10,7,1,1,1,6,1,24,5,1595,1,7,-1,-1,-1
2017200231517,2,9,0,9,0,8,0,10,1,10,1,1,1,1,47,8,998,1,14,-1,-1,-1
2017200231518,1,9,0,1,0,0,0,0,0,0,1,1,6,1,30,6,1339,1,10,-1,-1,-1
2017200231518,2,9,0,18,0,0,0,0,0,0,1,1,6,2,31,6,1389,1,12,-1,-1,-1
2017200231536,1,9,0,9,0,5,0,0,0,0,4,1,6,1,26,6,1397,1,7,-1,-1,-1
2017200231536,2,9,0,18,0,8,0,0,0,0,1,1,6,1,26,6,1400,2,11,-1,-1,-1
2017200231539,1,9,0,4,0,2,0,4,0,0,1,1,6,1,29,6,1599,1,12,-1,-1,-1
2017200231539,2,9,0,4,0,1,0,0,0,0,1,1,2,2,52,8,1598,2,6,-1,-1,-1
2017200231539,3,9,0,2,0,2,0,0,0,0,3,1,6,2,56,9,1198,1,5,-1,-1,-1
2017200231542,1,9,0,18,0,0,0,0,0,0,1,1,1,1,29,6,1968,2,2,-1,-1,-1
2017200231544,1,21,5,18,0,0,0,0,0,0,1,1,6,1,34,6,10837,2,3,-1,-1,-1
2017200231544,2,21,5,18,0,0,0,0,0,0,3,1,6,1,51,8,12902,2,-1,6,3,6
2017200231544,3,21,5,18,0,0,0,0,0,0,4,1,6,1,49,8,-1,2,2,-1,-1,-1
2017200231546,1,9,0,18,0,0,0,10,0,0,3,1,1,1,46,8,1248,2,2,-1,-1,-1
2017200231546,2,20,0,11,0,0,0,0,0,0,4,1,1,1,45,7,12580,2,11,-1,-1,-1
2017200231582,1,9,0,9,0,6,0,0,0,0,0,1,6,1,38,7,-1,-1,-1,-1,-1,-1