Accident_Index,Vehicle_Reference,Vehicle_Type,Towing_and_Articulation,Vehicle_Manoeuvre,Vehicle_Location-Restricted_Lane,Junction_Location,Skidding_and_Overturning,Hit_Object_in_Carriageway,Vehicle_Leaving_Carriageway,Hit_Object_off_Carriageway,1st_Point_of_Impact,Was_Vehicle_Left_Hand_Drive?,Journey_Purpose_of_Driver,Sex_of_Driver,Age_of_Driver,Age_Band_of_Driver,Engine_Capacity_(CC),Propulsion_Code,Age_of_Vehicle,Driver_IMD_Decile,Driver_Home_Area_Type,Vehicle_IMD_Decile
2017200238254,1,9,0,18,0,0,0,0,0,0,1,1,6,2,-1,-1,1560,2,6,-1,-1,-1
2017200238254,2,9,0,3,0,0,0,0,0,0,2,1,6,1,-1,-1,1796,1,7,-1,-1,-1
2017200238254,3,9,0,3,0,0,0,0,0,0,2,1,6,1,25,5,1242,1,10,-1,-1,-1
2017200238261,1,9,0,5,0,6,0,10,4,0,3,1,1,1,18,4,998,1,1,-1,-1,-1
2017200238261,2,9,0,18,0,8,0,0,0,0,1,1,1,2,41,7,-1,-1,-1,-1,-1,-1
2017200238271,1,9,0,5,0,0,0,4,0,0,1,1,6,3,30,6,-1,-1,-1,-1,-1,-1
2017200238271,2,9,0,2,0,0,0,0,0,0,2,1,6,2,61,9,1968,2,-1,-1,-1,-1
2017200238293,1,9,0,18,0,8,0,0,0,0,4,1,6,2,22,5,1242,1,8,-1,-1,-1
2017200238293,2,9,0,18,0,8,0,0,0,0,1,1,6,3,-1,-1,1896,2,11,-1,-1,-1
2017200238295,1,5,0,12,0,0,0,0,0,0,1,1,6,1,36,7,998,1,1,-1,-1,-1
2017200238295,2,19,0,12,0,0,0,0,0,0,2,1,1,1,36,7,1997,2,3,-1,-1,-1
2017200238377,1,3,0,18,0,0,0,0,0,0,4,1,6,1,17,4,124,1,3,-1,-1,-1
2017200238379,1,9,0,18,0,6,0,10,7,1,1,1,6,3,-1,-1,1598,1,12,-1,-1,-1
2017200238379,2,9,0,18,0,8,0,10,1,4,3,1,2,2,44,7,1900,2,11,-1,-1,-1
2017200238381,1,3,0,15,0,1,5,8,0,0,4,1,1,1,25,5,125,1,5,-1,-1,-1
2017200238381,2,9,0,10,0,1,0,0,0,0,4,1,1,1,28,6,1984,1,9,-1,-1,-1
2017200238395,1,9,0,11,0,1,0,0,0,0,1,1,6,3,-1,-1,1193,1,1,-1,-1,-1
2017200238395,2,9,0,16,0,1,0,0,0,0,3,1,6,2,18,4,1198,1,1,-1,-1,-1
2017200238483,1,9,0,18,0,1,0,0,0,0,2,1,6,2,-1,-1,1461,2,11,-1,-1,-1
2017200238483,2,9,0,3,0,1,0,0,0,0,1,1,6,2,-1,-1,1794,1,9,-1,-1,-1
2017200238492,1,98,0,13,0,0,0,0,0,0,1,1,6,3,-1,-1,-1,-1,-1,-1,-1,-1
2017200238492,2,9,0,18,0,0,0,0,0,0,1,1,6,1,22,5,1596,1,12,-1,-1,-1
2017200238500,1,9,0,18,0,0,0,4,0,0,1,1,6,3,-1,-1,1461,2,8,-1,-1,-1
2017200238500,2,9,0,2,0,0,0,0,0,0,0,1,3,2,45,7,1997,2,1,-1,-1,-1
2017200238521,1,9,0,9,0,6,0,0,0,0,1,1,1,2,37,7,1248,2,-1,-1,-1,-1
2017200238524,1,9,0,18,0,8,0,0,0,0,1,1,6,2,54,8,1200,1,3,-1,-1,-1
2017200238524,2,9,0,5,0,6,0,0,0,0,1,1,6,1,77,11,1198,1,4,-1,-1,-1
2017200238536,1,9,0,12,0,0,0,0,0,0,4,1,6,3,-1,-1,-1,-1,-1,-1,-1,-1
2017200238536,2,9,0,18,0,0,1,10,0,0,3,1,6,1,23,5,1229,1,12,-1,-1,-1
2017200238558,1,9,0,18,0,1,0,0,0,0,1,1,6,1,25,5,1598,2,4,-1,-1,-1
2017200238558,2,9,0,3,0,1,0,0,0,0,2,1,2,1,22,5,1968,2,4,-1,-1,-1
2017200238566,1,9,0,17,0,0,0,0,0,0,1,1,3,2,36,7,1796,1,10,-1,-1,-1
2017200238566,2,9,0,3,0,0,0,0,0,0,2,1,2,2,36,7,1499,1,2,-1,-1,-1
2017200238566,3,9,0,3,0,0,0,0,0,0,2,1,2,2,47,8,1956,2,4,-1,-1,-1
2017200238572,1,9,0,9,0,6,0,0,0,0,1,1,6,1,21,5,1299,1,14,-1,-1,-1
2017200238572,2,9,0,18,0,8,0,0,0,0,4,1,6,2,28,6,-1,-1,-1,-1,-1,-1
2017200238572,3,9,0,18,0,1,0,0,0,0,0,1,1,1,-1,-1,-1,-1,-1,-1,-1,-1
2017200238574,1,19,0,18,0,0,1,0,0,0,3,1,6,1,-1,-1,1867,2,18,-1,-1,-1
2017200238574,2,9,0,3,0,0,0,0,0,0,0,1,1,1,-1,-1,1598,2,-1,-1,-1,-1
2017200238574,3,9,0,3,0,0,0,0,0,0,4,1,6,1,-1,-1,1997,2,8,-1,-1,-1
2017200238574,4,9,0,3,0,0,0,0,0,0,4,1,6,2,-1,-1,1995,2,15,-1,-1,-1
2017200238587,1,9,0,1,0,0,0,0,0,0,2,1,6,3,-1,-1,-1,-1,-1,-1,-1,-1
2017200238587,2,9,0,4,0,0,0,0,0,0,1,1,1,1,-1,-1,2967,2,4,-1,-1,-1
2017200238612,1,9,0,18,0,0,2,10,2,6,1,1,2,1,21,5,1396,1,18,-1,-1,-1
2017200238629,1,9,0,9,0,6,0,0,0,0,1,1,6,1,37,7,1910,2,9,-1,-1,-1
2017200238629,2,9,0,18,0,8,0,0,0,0,4,1,6,2,21,5,1242,1,2,-1,-1,-1
2017200238649,1,9,0,18,0,8,0,0,0,0,1,1,6,1,30,6,1753,2,9,-1,-1,-1
2017200238649,2,9,0,18,0,8,0,0,0,0,2,1,6,1,24,5,1499,2,2,-1,-1,-1
2017200238649,3,9,0,12,0,7,0,0,0,0,2,1,6,1,31,6,1360,1,13,-1,-1,-1
2017200238653,1,9,0,18,0,0,0,0,0,0,1,1,6,1,-1,-1,1339,1,6,-1,-1,-1
2017200238653,2,8,0,18,0,0,0,0,0,0,2,1,6,3,-1,-1,1753,2,10,-1,-1,-1
2017200238659,1,1,0,18,9,8,0,0,0,0,1,1,1,2,23,5,-1,-1,-1,-1,-1,-1
2017200238659,2,97,0,5,9,8,0,0,0,0,4,1,2,1,-1,-1,-1,-1,-1,-1,-1,-1
2017200238660,1,9,0,14,0,0,0,0,0,0,4,1,6,1,30,6,1398,1,15,-1,-1,-1
2017200238673,1,9,0,18,0,0,0,0,0,0,1,1,6,1,36,7,1461,2,5,-1,-1,-1
2017200238673,2,9,0,5,0,0,0,4,0,0,3,1,6,1,51,8,1598,1,10,-1,-1,-1
2017200238673,3,9,0,2,0,0,0,0,0,0,4,1,6,1,-1,-1,999,1,4,-1,-1,-1
2017200238687,1,9,0,18,0,4,0,0,0,0,3,1,6,3,-1,-1,1997,2,2,-1,-1,-1
2017200238687,2,8,0,18,0,8,0,0,0,0,1,1,1,1,51,8,2446,2,12,-1,-1,-1
2017200238703,1,9,0,3,0,1,0,0,0,0,2,1,6,1,41,7,1598,2,3,-1,-1,-1
2017200238703,2,9,0,18,0,1,0,0,0,0,1,1,6,1,49,8,-1,-1,-1,-1,-1,-1
2017200238717,1,9,0,18,2,1,0,0,0,0,1,1,6,3,30,6,-1,-1,-1,-1,-1,-1
2017200238726,1,9,0,5,0,8,0,0,0,0,1,1,6,3,-1,-1,-1,-1,-1,-1,-1,-1
2017200238726,2,9,0,5,0,8,0,0,0,0,4,1,6,2,21,5,1399,2,7,-1,-1,-1
2017200238756,1,3,0,18,0,1,0,0,0,0,1,1,6,1,-1,-1,125,1,1,-1,-1,-1
2017200238756,2,9,0,18,0,1,0,0,0,0,1,1,6,2,33,6,1975,1,8,-1,-1,-1
2017200238777,1,9,0,18,0,6,0,0,0,0,1,1,6,3,30,6,-1,-1,-1,-1,-1,-1
2017200238777,2,8,0,18,0,8,0,0,0,0,1,1,1,1,30,6,1896,2,12,-1,-1,-1
2017200238808,1,9,0,2,0,0,0,0,0,0,2,1,6,3,-1,-1,1084,1,-1,-1,-1,-1
2017200238808,2,1,0,18,0,0,0,4,0,0,1,1,6,1,11,3,-1,-1,-1,-1,-1,-1
2017200238819,1,9,0,18,0,0,0,0,0,0,1,1,6,3,30,6,-1,-1,-1,-1,-1,-1
2017200238819,2,1,0,18,0,0,0,0,0,0,3,1,6,1,41,7,-1,-1,-1,-1,-1,-1
2017200238829,1,9,0,18,0,0,0,0,0,0,1,1,6,2,18,4,1229,1,3,-1,-1,-1
2017200238829,2,9,0,4,0,0,0,0,0,0,2,1,6,1,57,9,1360,1,11,-1,-1,-1
2017200238829,3,9,0,4,0,0,0,0,0,0,2,1,6,1,88,11,998,1,4,-1,-1,-1
2017200238840,1,9,0,18,0,0,0,4,0,0,1,1,6,1,50,8,-1,-1,-1,-1,-1,-1
2017200238840,2,8,0,2,0,0,0,0,0,0,2,1,6,1,61,9,2664,2,19,-1,-1,-1
2017200238888,1,9,0,5,0,0,0,0,0,0,1,1,6,1,-1,-1,2204,2,10,-1,-1,-1
2017200238891,1,9,0,18,0,0,0,4,0,0,1,1,6,3,-1,-1,1598,1,11,-1,-1,-1
2017200238891,2,9,0,2,0,0,0,0,0,0,3,1,6,1,24,5,1461,2,1,2,1,2
2017200238892,1,9,0,4,0,0,2,10,1,1,3,1,6,3,-1,-1,1362,1,4,-1,-1,-1
2017200238899,1,9,0,18,0,1,0,0,0,0,1,1,6,3,-1,-1,1598,1,3,-1,-1,-1
2017200238899,2,1,0,10,0,1,0,0,0,0,2,1,6,1,36,7,-1,-1,-1,-1,-1,-1
2017200238943,1,9,0,18,0,0,0,0,0,0,4,1,6,1,-1,-1,998,1,2,-1,-1,-1
2017200238943,2,9,0,2,9,0,0,0,0,0,0,1,6,1,-1,-1,-1,-1,-1,-1,-1,-1
2017200238989,1,9,0,4,0,1,0,0,0,0,1,1,6,3,-1,-1,1900,2,18,-1,-1,-1
2017200238989,2,9,0,3,0,1,0,0,0,0,2,1,6,1,26,6,1796,1,11,-1,-1,-1
2017200238989,3,9,0,3,0,1,0,0,0,0,2,1,6,1,34,6,1398,1,14,-1,-1,-1
2017200239000,1,9,0,11,0,0,0,0,0,0,2,1,1,1,-1,-1,2000,2,8,-1,-1,-1
2017200239000,2,5,0,5,0,0,0,0,0,0,0,1,1,1,56,9,675,1,2,-1,-1,-1
2017200239025,1,9,0,18,0,0,0,0,0,0,1,1,6,1,-1,-1,1796,1,10,-1,-1,-1
2017200239025,2,9,0,3,0,0,0,0,0,0,2,1,6,1,42,7,1968,2,8,-1,-1,-1
2017200239030,1,9,0,9,0,6,0,0,0,0,1,1,6,3,-1,-1,1596,1,15,-1,-1,-1
2017200239030,2,9,0,18,0,8,0,0,0,0,4,1,6,1,61,9,973,1,13,-1,-1,-1
2017200239033,1,9,0,18,0,4,1,0,0,0,1,1,6,1,-1,-1,-1,-1,-1,-1,-1,-1
2017200239033,2,9,0,9,0,8,0,0,0,0,4,1,2,1,52,8,1968,2,-1,-1,-1,-1
2017200239056,1,9,0,7,0,5,1,0,0,0,1,1,6,1,21,5,1686,2,4,-1,-1,-1
2017200239056,2,9,0,3,0,1,0,0,0,0,3,1,6,1,57,9,998,1,17,-1,-1,-1
2017200239056,3,9,0,3,0,1,0,0,0,0,1,1,6,2,52,8,1329,1,3,-1,-1,-1
2017200239060,1,9,0,18,0,0,0,0,0,0,1,1,6,2,30,6,-1,-1,-1,-1,-1,-1
2017200239060,2,1,0,18,9,0,0,0,0,0,1,1,6,1,14,3,-1,-1,-1,-1,-1,-1
2017200239100,1,9,0,4,0,0,0,0,0,0,2,1,1,2,60,9,1498,1,8,-1,-1,-1
2017200239100,2,9,0,18,0,0,0,0,0,0,1,1,6,1,25,5,1781,1,15,-1,-1,-1
2017200239108,1,9,0,10,0,1,0,0,0,0,3,1,6,2,46,8,1796,1,12,-1,-1,-1
2017200239108,2,9,0,7,0,2,0,0,0,0,1,1,6,2,40,7,1329,1,5,-1,-1,-1
2017200239114,1,9,0,18,0,6,0,0,0,0,1,1,6,1,-1,-1,998,1,12,-1,-1,-1
2017200239114,2,9,0,18,0,8,0,0,0,0,4,1,6,2,47,8,1997,1,10,-1,-1,-1
2017200239126,1,9,0,3,0,1,0,0,0,0,0,1,1,1,62,9,1995,2,10,-1,-1,-1
2017200239126,2,9,0,18,0,1,0,0,0,0,0,1,6,2,30,6,1198,1,10,-1,-1,-1
2017200239130,1,9,0,18,0,0,0,0,0,0,1,1,1,1,53,8,-1,-1,-1,1,1,1
2017200239130,2,9,0,18,0,0,0,0,0,0,2,1,1,1,41,7,1598,2,1,3,1,3
2017200239133,1,9,0,18,0,6,0,0,0,0,3,1,4,2,45,7,1329,1,8,-1,-1,-1
2017200239133,2,9,0,9,0,8,0,0,0,0,3,1,6,3,30,6,-1,-1,-1,-1,-1,-1
2017200239134,1,9,0,3,0,0,0,0,0,0,2,1,6,2,46,8,1968,2,3,-1,-1,-1
2017200239134,2,9,0,18,0,0,0,0,0,0,1,1,6,3,-1,-1,1598,1,7,-1,-1,-1
2017200239139,1,9,0,1,0,0,0,4,0,0,2,1,6,3,-1,-1,1390,1,13,-1,-1,-1
2017200239139,2,9,0,2,0,0,0,0,0,0,0,1,6,1,34,6,1956,2,6,-1,-1,-1
2017200239198,1,19,4,18,0,3,0,0,0,0,1,1,1,1,18,4,2402,2,13,7,2,7
2017200239198,2,9,0,9,0,3,0,0,0,0,4,1,3,2,34,6,1896,2,11,-1,-1,-1
2017200239205,1,9,0,4,0,1,0,0,0,0,0,1,6,3,30,6,-1,-1,-1,-1,-1,-1
2017200239205,2,9,0,4,0,1,0,0,0,0,4,1,6,2,31,6,1197,1,1,-1,-1,-1
2017200239205,3,9,0,4,0,1,0,0,0,0,3,1,6,2,29,6,1198,1,9,-1,-1,-1
2017200239206,1,9,0,18,0,1,0,0,0,0,0,1,1,1,51,8,999,1,1,-1,-1,-1
2017200239206,2,9,0,18,0,1,0,0,0,0,2,1,6,1,21,5,1598,2,-1,-1,-1,-1
2017200239235,1,9,0,18,0,0,0,0,0,0,2,1,1,2,42,7,987,1,26,-1,-1,-1
2017200239235,2,9,0,18,0,0,0,0,0,0,2,1,6,1,-1,-1,1461,2,7,-1,-1,-1
2017200239235,3,9,0,18,0,0,0,0,0,0,2,1,6,3,-1,-1,-1,-1,-1,-1,-1,-1
2017200239257,1,9,0,18,0,0,0,0,0,0,1,1,2,2,21,5,1242,1,11,-1,-1,-1
2017200239257,2,9,0,4,0,0,0,0,0,0,2,1,2,1,33,6,1248,2,8,-1,-1,-1
2017200239338,1,9,0,9,0,2,0,0,0,0,3,1,6,1,44,7,1598,1,8,-1,-1,-1
2017200239344,1,9,0,6,0,0,0,0,0,0,1,1,6,1,63,9,1598,1,9,-1,-1,-1
2017200239344,2,5,0,18,0,0,0,0,0,0,4,1,2,1,31,6,748,1,33,-1,-1,-1
2017200239363,1,9,0,1,0,0,0,0,0,0,0,1,6,1,31,6,2497,2,11,-1,-1,-1
2017200239386,1,9,0,16,0,0,1,10,1,11,1,1,6,1,18,4,1398,1,-1,-1,-1,-1
2017200239386,2,9,0,17,0,0,0,10,1,0,3,1,1,2,33,6,2148,2,9,-1,-1,-1
2017200239400,1,9,0,5,0,0,0,0,0,0,1,1,6,1,-1,-1,1968,2,13,-1,-1,-1
2017200239400,2,9,0,3,0,0,0,0,0,0,2,1,6,1,-1,-1,1248,2,2,-1,-1,-1
2017200239410,1,9,0,9,0,6,0,0,0,0,1,1,6,2,25,5,1242,1,5,-1,-1,-1
2017200239410,2,19,0,18,0,8,0,0,0,0,3,1,6,1,24,5,1998,2,16,-1,-1,-1
2017200239419,1,11,0,18,0,2,0,0,0,0,1,1,1,1,55,8,8268,2,15,-1,-1,-1
2017200239450,1,9,0,12,0,1,0,0,0,0,3,1,6,1,-1,-1,1388,1,5,-1,-1,-1
2017200239450,2,1,0,4,0,1,0,0,0,0,4,1,6,1,32,6,-1,-1,-1,-1,-1,-1
2017200239455,1,9,0,17,0,0,1,10,1,2,1,1,2,1,26,6,1240,1,14,-1,-1,-1
2017200239477,1,9,0,18,0,0,0,0,0,0,1,1,6,1,26,6,3982,1,1,-1,-1,-1
2017200239477,2,9,0,11,0,0,1,10,2,6,3,1,6,1,22,5,1796,1,12,-1,-1,-1
2017200239482,1,9,0,18,0,8,0,0,0,0,1,1,6,1,79,11,1598,1,10,-1,-1,-1
2017200239482,2,90,0,18,0,8,0,0,0,0,4,1,1,1,23,5,-1,-1,-1,-1,-1,-1
2017200239490,1,9,0,15,0,1,0,0,0,0,4,1,6,1,37,7,1968,2,6,-1,-1,-1
2017200239490,2,9,0,3,0,1,0,0,0,0,1,1,1,1,51,8,1999,2,1,-1,-1,-1
2017200239494,1,97,0,18,9,8,0,0,0,0,1,1,6,1,17,4,-1,-1,-1,-1,-1,-1
2017200239494,2,9,0,18,9,6,0,0,0,0,3,1,1,1,41,7,1998,2,9,-1,-1,-1
2017200239539,1,9,0,9,0,5,0,0,0,0,3,1,6,2,55,8,1956,2,3,-1,-1,-1
2017200239539,2,9,0,9,0,6,0,0,0,0,1,1,6,2,17,4,1496,2,-1,-1,-1,-1
2017200239539,3,9,0,18,0,8,0,0,0,0,1,1,6,2,28,6,1229,1,10,-1,-1,-1
2017200239573,1,9,0,18,0,0,1,7,5,4,1,1,6,2,35,6,1248,2,9,-1,-1,-1
2017200239573,2,98,0,12,8,0,0,0,0,0,0,1,6,3,-1,-1,-1,-1,-1,-1,-1,-1
2017200239575,1,21,1,18,0,0,0,0,0,0,1,1,1,1,45,7,12777,2,2,1,1,1
2017200239575,2,9,0,18,0,0,0,0,0,0,2,1,6,1,59,9,1997,2,4,9,1,9
2017200239575,3,98,1,18,0,0,0,0,0,0,2,1,1,1,41,7,-1,-1,-1,-1,-1,-1
2017200239577,1,9,0,18,0,8,0,10,1,1,1,1,6,2,79,11,1560,2,2,-1,-1,-1
2017200239577,2,9,0,5,0,4,0,0,0,0,3,1,6,1,24,5,3993,1,1,-1,-1,-1
2017200239577,3,9,0,5,0,4,0,0,0,0,3,1,6,1,48,8,-1,-1,-1,-1,-1,-1
2017200239599,1,9,0,18,0,1,0,0,0,0,1,1,6,2,31,6,1598,2,6,-1,-1,-1
2017200239599,2,9,0,4,0,1,0,0,0,0,2,1,6,1,41,7,1598,1,9,-1,-1,-1
2017200239599,3,9,0,4,0,1,0,0,0,0,2,1,6,2,23,5,1299,1,14,-1,-1,-1
2017200239599,4,9,0,10,0,1,0,0,0,0,2,1,6,2,54,8,-1,-1,-1,-1,-1,-1
2017200239599,5,9,0,18,0,8,0,0,0,0,1,1,6,1,40,7,-1,-1,-1,-1,-1,-1
2017200239647,1,9,0,18,0,1,0,0,0,0,1,1,6,3,-1,-1,1598,1,15,-1,-1,-1
2017200239647,2,9,0,3,0,1,0,0,0,0,2,1,6,1,-1,-1,-1,-1,-1,-1,-1,-1
2017200239655,1,9,0,9,0,8,0,0,0,0,4,1,6,1,49,8,1968,2,1,-1,-1,-1
2017200239655,2,9,0,18,0,8,0,0,0,0,1,1,6,1,24,5,-1,-1,-1,-1,-1,-1
2017200239661,1,9,0,18,0,8,0,0,0,0,0,1,6,1,25,5,1995,2,7,-1,-1,-1
2017200239661,2,3,0,18,0,8,0,10,0,0,0,1,1,1,21,5,125,1,-1,-1,-1,-1
2017200239677,1,9,0,9,0,6,0,0,0,0,1,1,6,3,30,6,-1,-1,-1,-1,-1,-1
2017200239677,2,9,0,4,0,8,0,0,0,0,3,1,2,1,23,5,-1,-1,-1,-1,-1,-1
2017200239717,1,9,0,4,0,8,0,0,0,0,1,1,2,2,33,6,1600,1,18,-1,-1,-1
2017200239717,2,9,0,18,0,8,0,0,0,0,1,1,6,3,30,6,-1,-1,-1,-1,-1,-1
2017200239730,1,9,0,9,0,8,0,0,0,0,4,1,6,1,33,6,1598,2,1,-1,-1,-1
2017200239730,2,9,0,18,0,8,0,0,0,0,1,1,6,1,23,5,1399,2,6,-1,-1,-1
2017200239756,1,9,0,9,0,2,0,0,0,0,1,1,6,1,-1,-1,-1,-1,-1,-1,-1,-1
2017200239756,2,1,0,18,0,2,0,0,0,0,4,1,6,1,12,3,-1,-1,-1,-1,-1,-1
2017200239784,1,9,0,1,0,6,0,0,0,0,1,1,6,1,42,7,1753,2,14,-1,-1,-1
2017200239784,2,9,0,18,0,8,0,0,0,0,3,1,6,2,49,8,1198,1,6,-1,-1,-1
2017200239811,1,9,0,18,0,2,0,0,0,0,4,1,6,1,-1,-1,-1,-1,-1,-1,-1,-1
2017200239817,1,9,0,18,0,3,0,0,0,0,1,1,6,2,59,9,1498,1,11,-1,-1,-1
2017200239817,2,9,0,18,0,3,0,0,0,0,4,1,6,2,43,7,2143,2,3,-1,-1,-1
2017200239820,1,9,0,18,0,4,0,0,0,0,1,1,6,1,24,5,1596,1,11,-1,-1,-1
2017200239820,2,9,0,18,0,4,0,0,0,0,4,1,6,1,55,8,999,1,-1,-1,-1,-1
2017200239839,1,9,0,1,0,0,0,4,0,0,2,1,6,3,-1,-1,2720,2,12,-1,-1,-1
2017200239839,2,9,0,2,0,0,0,0,0,0,3,1,6,1,41,7,1329,1,8,-1,-1,-1
2017200239848,1,9,0,5,0,0,0,0,0,0,1,1,6,3,-1,-1,-1,-1,-1,-1,-1,-1
2017200239879,1,9,0,5,9,8,0,0,0,0,1,1,6,2,55,8,1242,1,7,-1,-1,-1
2017200239892,1,9,0,5,0,1,0,0,0,0,1,1,6,1,-1,-1,-1,-1,-1,-1,-1,-1
2017200239892,2,9,0,8,0,1,0,0,0,0,2,1,6,1,54,8,1461,2,5,-1,-1,-1
2017200239892,3,9,0,8,0,1,0,0,0,0,2,1,6,2,28,6,1598,1,13,-1,-1,-1
2017200239895,1,11,0,9,0,2,0,0,0,0,1,1,6,3,-1,-1,-1,-1,-1,-1,-1,-1
2017200239895,2,9,0,10,0,1,0,0,0,0,1,1,6,2,38,7,1388,1,8,-1,-1,-1
2017200239932,1,8,0,5,0,1,0,0,0,0,1,1,6,1,-1,-1,-1,-1,-1,-1,-1,-1
2017200239932,2,1,0,18,0,1,0,0,0,0,4,1,2,1,22,5,-1,-1,-1,-1,-1,-1
2017200239933,1,9,0,18,0,0,0,0,0,0,1,1,6,2,85,11,996,1,8,-1,-1,-1
2017200239933,2,9,0,3,0,0,0,0,0,0,1,1,6,1,74,10,1200,1,1,-1,-1,-1
2017200239933,3,19,0,3,0,0,0,0,0,0,0,1,2,1,23,5,2198,2,3,-1,-1,-1
2017200239941,1,1,0,4,0,1,0,8,0,0,4,1,6,1,37,7,-1,-1,-1,-1,-1,-1
2017200239941,2,9,0,2,0,2,0,0,0,0,3,1,6,2,-1,-1,1598,1,5,-1,-1,-1
2017200239966,1,9,0,18,0,8,0,0,0,0,1,1,6,3,-1,-1,-1,-1,-1,-1,-1,-1
2017200239966,2,9,0,3,0,8,0,0,0,0,2,1,6,2,49,8,1299,1,14,-1,-1,-1
2017200239969,1,1,0,5,0,0,0,0,0,0,3,1,6,1,18,4,-1,-1,-1,-1,-1,-1
2017200239969,2,9,0,18,0,0,0,0,0,0,3,1,6,3,-1,-1,1998,2,9,-1,-1,-1
2017200239976,1,9,0,18,0,0,0,0,0,0,1,1,6,3,30,6,-1,-1,-1,-1,-1,-1
2017200239990,1,9,0,18,0,0,0,4,0,0,1,1,6,2,25,5,1299,1,10,-1,-1,-1
2017200239990,2,19,0,2,0,0,0,0,0,0,2,1,6,1,54,8,1995,2,-1,-1,-1,-1
2017200239993,1,9,0,3,0,0,0,0,0,0,1,1,6,1,42,7,1588,1,19,1,1,1
2017200239993,2,9,0,1,0,0,0,0,0,0,2,1,6,2,-1,-1,1997,2,8,-1,-1,-1
2017200240011,1,9,0,14,0,0,0,0,0,0,1,1,6,2,52,8,1229,1,12,-1,-1,-1
2017200240034,1,9,0,18,0,6,0,0,0,0,1,1,6,1,-1,-1,1799,1,18,-1,-1,-1
2017200240034,2,9,0,18,0,8,0,0,0,0,4,1,6,2,28,6,1598,1,5,-1,-1,-1
2017200240081,1,21,1,11,0,0,0,0,0,0,1,1,1,1,50,8,10837,2,1,-1,-1,-1
2017200240081,2,9,0,18,0,0,1,0,0,0,2,1,2,1,28,6,1968,2,6,8,1,8
2017200240091,1,9,0,18,0,0,0,0,0,0,1,1,6,1,31,6,-1,-1,-1,-1,-1,-1
2017200240091,2,9,0,3,0,0,0,0,0,0,2,1,6,2,49,8,1975,1,9,-1,-1,-1
2017200240091,3,9,0,3,0,0,0,0,0,0,2,1,6,1,33,6,1498,1,-1,-1,-1,-1
2017200240092,1,1,0,18,0,1,0,0,0,0,1,1,6,1,13,3,-1,-1,-1,-1,-1,-1
2017200240092,2,9,0,18,0,1,0,0,0,0,4,1,6,2,65,9,1242,1,7,-1,-1,-1
2017200240099,1,9,0,18,0,2,0,7,0,0,1,1,6,1,28,6,1390,1,14,-1,-1,-1
2017200240104,1,1,0,18,0,6,0,0,0,0,1,1,6,1,60,9,-1,-1,-1,-1,-1,-1
2017200240104,2,9,0,18,0,8,0,0,0,0,1,1,6,3,-1,-1,-1,-1,-1,-1,-1,-1
2017200240134,1,9,0,3,0,1,0,0,0,0,1,1,6,2,25,5,1399,1,-1,-1,-1,-1
2017200240134,2,9,0,18,0,1,0,0,0,0,1,1,6,3,-1,-1,-1,-1,-1,-1,-1,-1
2017200240137,1,9,0,18,0,8,0,10,3,1,3,1,6,2,45,7,2143,2,5,-1,-1,-1
2017200240137,2,19,0,18,0,8,0,0,0,0,1,1,6,1,24,5,1248,2,4,-1,-1,-1
2017200240148,1,9,0,9,0,6,0,0,0,0,1,1,6,2,30,6,-1,-1,-1,-1,-1,-1
2017200240148,2,1,0,18,0,8,0,0,0,0,4,1,1,1,33,6,-1,-1,-1,-1,-1,-1
2017200240214,1,9,0,18,0,1,0,0,0,0,1,1,6,2,32,6,1753,2,11,-1,-1,-1
2017200240214,2,8,0,2,0,1,0,0,0,0,0,1,1,1,41,7,1997,2,12,-1,-1,-1
2017200240214,3,9,0,2,0,1,0,0,0,0,0,1,3,2,44,7,998,1,5,-1,-1,-1
2017200240225,1,9,0,5,0,6,0,0,0,0,4,1,6,2,24,5,999,1,1,-1,-1,-1
2017200240225,2,9,0,18,0,8,0,0,0,0,1,1,6,2,33,6,1598,2,4,-1,-1,-1
2017200240249,1,9,0,12,0,1,0,0,0,0,3,1,6,1,25,5,1984,1,2,-1,-1,-1
2017200240249,2,9,0,5,0,1,0,0,0,0,4,1,6,2,47,8,1242,1,13,-1,-1,-1
2017200240254,1,9,0,14,0,3,0,7,4,0,1,1,2,1,34,6,1796,1,7,-1,-1,-1
2017200240254,2,11,0,3,0,2,0,0,0,0,2,1,6,1,48,8,7300,2,15,-1,-1,-1
2017200240267,1,9,0,18,0,1,0,0,0,0,1,1,6,1,38,7,3999,1,10,-1,-1,-1
2017200240267,2,9,0,12,0,1,0,0,0,0,2,1,6,2,46,8,1149,1,14,-1,-1,-1
2017200240301,1,9,0,16,0,2,0,0,0,0,1,1,6,2,23,5,1242,1,9,-1,-1,-1
2017200240301,2,9,0,18,0,1,0,0,0,0,1,1,6,1,46,8,1497,8,10,-1,-1,-1
2017200240303,1,9,0,3,0,1,0,0,0,0,4,1,6,3,-1,-1,-1,-1,-1,-1,-1,-1
2017200240303,2,1,0,18,0,1,0,8,0,0,1,1,6,1,35,6,-1,-1,-1,-1,-1,-1
2017200240318,1,9,0,18,0,0,0,0,0,0,4,1,6,2,20,4,1364,1,11,-1,-1,-1
2017200240323,1,9,0,3,0,1,0,0,0,0,2,1,6,2,52,8,1798,1,13,-1,-1,-1
2017200240323,2,9,0,18,0,1,1,0,0,0,2,1,6,1,-1,-1,1397,1,15,-1,-1,-1
2017200240323,3,9,0,3,0,1,0,0,0,0,0,1,6,1,-1,-1,2143,2,2,-1,-1,-1
2017200240328,1,3,0,18,0,0,1,0,0,0,1,1,6,1,18,4,125,1,-1,-1,-1,-1
2017200240328,2,9,0,5,0,0,0,0,0,0,1,1,6,3,-1,-1,-1,-1,-1,-1,-1,-1