Accident_Index,Vehicle_Reference,Vehicle_Type,Towing_and_Articulation,Vehicle_Manoeuvre,Vehicle_Location-Restricted_Lane,Junction_Location,Skidding_and_Overturning,Hit_Object_in_Carriageway,Vehicle_Leaving_Carriageway,Hit_Object_off_Carriageway,1st_Point_of_Impact,Was_Vehicle_Left_Hand_Drive?,Journey_Purpose_of_Driver,Sex_of_Driver,Age_of_Driver,Age_Band_of_Driver,Engine_Capacity_(CC),Propulsion_Code,Age_of_Vehicle,Driver_IMD_Decile,Driver_Home_Area_Type,Vehicle_IMD_Decile
2017200244509,1,9,0,1,0,0,0,0,0,0,2,1,6,1,-1,-1,-1,-1,-1,-1,-1,-1
2017200244526,1,4,0,7,0,3,0,0,0,0,1,1,5,1,-1,-1,330,1,2,-1,-1,-1
2017200244526,2,9,0,7,0,3,0,0,0,0,4,1,5,2,53,8,1598,1,2,-1,-1,-1
2017200244536,1,9,0,18,0,0,0,0,0,0,0,1,2,1,-1,-1,-1,-1,-1,-1,-1,-1
2017200244536,2,1,0,18,0,0,0,0,0,0,4,1,2,2,45,7,-1,-1,-1,-1,-1,-1
2017200244539,1,9,0,18,0,0,0,0,0,0,2,1,6,1,40,7,1896,2,14,-1,-1,-1
2017200244539,2,9,0,18,0,0,0,0,0,0,1,1,6,1,-1,-1,1242,1,5,-1,-1,-1
2017200244550,1,9,0,18,0,6,0,0,0,0,1,1,6,1,49,8,1968,2,2,-1,-1,-1
2017200244565,1,9,0,18,0,1,0,0,0,0,1,1,6,2,-1,-1,998,1,14,-1,-1,-1
2017200244565,2,9,0,3,0,1,0,0,0,0,2,1,6,1,-1,-1,-1,-1,-1,-1,-1,-1
2017200244573,1,9,0,9,0,2,0,0,0,0,1,1,3,1,52,8,1598,1,9,-1,-1,-1
2017200244575,1,9,0,9,0,6,0,0,0,0,3,1,6,2,40,7,1598,1,4,-1,-1,-1
2017200244575,2,9,0,18,0,8,0,0,0,0,1,1,6,2,57,9,1598,1,11,-1,-1,-1
2017200244577,1,9,0,18,0,0,0,0,0,0,1,1,6,1,33,6,2000,1,-1,-1,-1,-1
2017200244588,1,9,0,18,0,0,0,0,0,0,1,1,6,1,-1,-1,1995,2,6,-1,-1,-1
2017200244588,2,9,0,18,0,0,0,0,0,0,1,1,6,2,44,7,1396,1,8,-1,-1,-1
2017200244598,1,9,0,17,0,2,2,4,1,2,1,1,6,2,21,5,1229,1,4,-1,-1,-1
2017200244598,2,9,0,2,0,2,0,0,0,0,2,1,6,2,51,8,1596,1,15,-1,-1,-1
2017200244604,1,9,0,18,0,0,0,0,0,0,4,1,6,1,33,6,1149,1,12,-1,-1,-1
2017200244635,1,9,0,18,0,1,0,0,0,0,1,1,6,2,25,5,1956,2,7,-1,-1,-1
2017200244635,2,9,0,7,0,2,0,0,0,0,1,1,6,1,33,6,1956,2,2,-1,-1,-1
2017200244654,1,9,0,7,0,4,0,0,0,0,4,1,6,2,80,11,1587,1,13,-1,-1,-1
2017200244654,2,9,0,18,0,2,0,0,0,0,4,1,6,2,-1,-1,1560,2,5,-1,-1,-1
2017200244654,3,9,0,18,0,2,0,0,0,0,4,1,6,2,-1,-1,1390,1,10,-1,-1,-1
2017200244683,1,9,0,9,0,5,0,0,0,0,3,1,6,1,59,9,1598,1,2,-1,-1,-1
2017200244683,2,9,0,18,0,8,0,0,0,0,1,1,6,1,23,5,1997,2,15,-1,-1,-1
2017200244683,3,9,0,8,0,1,0,0,0,0,1,1,6,1,89,11,1242,1,5,-1,-1,-1
2017200244692,1,9,0,7,0,6,0,0,0,0,1,1,2,1,49,8,2967,2,-1,-1,-1,-1
2017200244697,1,9,0,18,0,8,0,0,0,0,4,1,2,2,50,8,1240,1,12,-1,-1,-1
2017200244697,2,9,0,1,0,6,0,0,0,0,2,1,6,1,25,5,1149,1,11,-1,-1,-1
2017200244732,1,9,0,18,0,4,0,0,0,0,1,1,6,1,48,8,2198,2,9,-1,-1,-1
2017200244732,2,11,0,9,0,4,0,0,0,0,3,1,6,1,58,9,7300,2,5,-1,-1,-1
2017200244744,1,9,0,1,0,1,0,0,0,0,2,1,6,1,-1,-1,-1,-1,-1,-1,-1,-1
2017200244775,1,8,0,18,0,0,0,0,0,0,3,1,2,1,44,7,2402,2,15,-1,-1,-1
2017200244782,1,9,0,18,0,3,0,0,0,0,4,1,1,1,19,4,2143,2,-1,-1,-1,-1
2017200244785,1,9,0,3,0,0,0,0,0,0,2,1,6,1,32,6,1197,1,5,-1,-1,-1
2017200244785,2,9,0,4,0,0,1,0,0,0,1,1,6,1,31,6,1998,1,14,-1,-1,-1
2017200244809,1,9,0,18,0,1,0,0,0,0,1,1,6,1,30,6,1396,1,16,-1,-1,-1
2017200244809,2,9,0,3,0,1,0,0,0,0,2,1,6,2,43,7,1598,1,10,-1,-1,-1
2017200244823,1,2,0,15,0,8,0,0,0,0,1,1,6,2,48,8,49,1,6,-1,-1,-1
2017200244823,2,9,0,9,0,5,0,0,0,0,4,1,6,1,75,10,3239,1,20,-1,-1,-1
2017200244857,1,98,0,7,0,2,0,0,0,0,4,1,6,3,-1,-1,-1,-1,-1,-1,-1,-1
2017200244857,2,1,0,18,0,2,0,0,0,0,3,1,6,1,26,6,-1,-1,-1,-1,-1,-1
2017200244860,1,9,0,18,0,8,0,0,0,0,4,1,6,2,26,6,1399,2,9,-1,-1,-1
2017200244860,2,9,0,9,0,6,0,0,0,0,3,1,6,2,21,5,998,1,5,-1,-1,-1
2017200244864,1,9,0,10,0,8,0,0,0,0,4,1,2,2,23,5,1200,1,3,-1,-1,-1
2017200244864,2,9,0,15,0,8,0,0,0,0,3,1,6,3,-1,-1,-1,-1,-1,-1,-1,-1
2017200244875,1,9,0,18,0,0,0,8,0,0,1,1,6,1,49,8,1422,2,14,-1,-1,-1
2017200244875,2,9,0,3,0,0,0,0,0,0,3,1,6,2,-1,-1,1598,1,13,-1,-1,-1
2017200244903,1,9,0,18,0,4,0,0,0,0,2,1,6,1,-1,-1,2000,1,13,-1,-1,-1
2017200244903,2,9,0,18,0,4,0,0,0,0,1,1,6,2,48,8,1997,2,8,-1,-1,-1
2017200244913,1,9,0,11,0,0,1,10,1,11,4,1,6,1,18,4,1896,2,10,-1,-1,-1
2017200244913,2,9,0,18,0,0,0,0,0,0,0,1,6,2,62,9,1587,1,14,-1,-1,-1
2017200244914,1,8,0,18,0,0,0,0,0,0,1,1,1,1,34,6,-1,-1,-1,-1,-1,-1
2017200244933,1,9,0,9,0,8,1,10,1,11,4,1,1,1,25,5,1398,1,1,-1,-1,-1
2017200244933,2,9,0,18,0,4,0,0,0,0,1,1,1,2,-1,-1,1988,1,13,-1,-1,-1
2017200244948,1,9,0,9,0,6,0,0,0,0,0,1,6,3,-1,-1,-1,-1,-1,-1,-1,-1
2017200244948,2,5,0,18,0,8,2,0,0,0,0,1,2,1,31,6,781,1,17,-1,-1,-1
2017200244972,1,9,0,9,0,4,0,0,0,0,1,1,1,1,-1,-1,-1,-1,-1,-1,-1,-1
2017200244972,2,9,0,18,0,8,0,0,0,0,4,1,1,2,31,6,1591,1,6,-1,-1,-1
2017200245002,1,9,0,10,0,1,0,0,0,0,2,1,6,1,51,8,1896,2,11,-1,-1,-1
2017200245002,2,9,0,18,0,1,0,0,0,0,1,1,6,1,-1,-1,1364,1,3,-1,-1,-1
2017200245005,1,21,0,3,0,8,0,0,0,0,1,1,1,1,49,8,12809,2,-1,-1,-1,-1
2017200245005,2,9,0,5,0,4,0,10,1,0,3,1,2,2,28,6,1124,1,12,-1,-1,-1
2017200245012,1,9,0,18,0,0,0,0,0,0,1,1,2,1,24,5,2401,2,15,-1,-1,-1
2017200245012,2,1,0,18,0,0,0,0,0,0,3,1,2,1,57,9,-1,-1,-1,-1,-1,-1
2017200245016,1,9,0,18,0,0,0,0,0,0,1,1,3,2,46,8,1591,1,1,-1,-1,-1
2017200245017,1,9,0,18,0,1,0,0,0,0,1,1,6,2,20,4,1200,1,-1,-1,-1,-1
2017200245017,2,9,0,9,0,1,0,0,0,0,2,1,5,1,57,9,3969,6,17,-1,-1,-1
2017200245074,1,9,0,18,0,8,0,0,0,0,1,1,6,1,-1,-1,-1,-1,-1,-1,-1,-1
2017200245074,2,9,0,3,0,8,0,0,0,0,2,1,6,1,35,6,1598,1,11,-1,-1,-1
2017200245082,1,9,0,18,0,0,0,0,0,0,4,1,1,1,28,6,-1,-1,-1,-1,-1,-1
2017200245091,1,9,0,4,0,1,0,0,0,0,1,1,6,1,35,6,-1,-1,-1,-1,-1,-1
2017200245091,2,9,0,8,0,1,0,0,0,0,2,1,2,1,38,7,1598,2,3,-1,-1,-1
2017200245103,1,8,0,1,0,0,0,0,0,0,2,1,1,1,-1,-1,2362,1,13,-1,-1,-1
2017200245123,1,9,0,18,0,6,0,0,0,0,1,1,6,2,38,7,1995,1,9,-1,-1,-1
2017200245123,2,9,0,18,0,8,0,0,0,0,3,1,6,2,37,7,2777,2,8,-1,-1,-1
2017200245257,1,19,0,1,0,0,0,0,0,0,2,1,1,1,29,6,2148,2,11,-1,-1,-1
2017200245260,1,9,0,17,0,0,0,0,0,0,3,1,1,1,65,9,999,1,17,-1,-1,-1
2017200245267,1,9,0,18,0,3,5,7,0,0,1,1,6,1,56,9,1598,1,4,-1,-1,-1
2017200245270,1,11,0,18,0,0,0,0,0,0,4,1,6,3,-1,-1,-1,-1,-1,-1,-1,-1
2017200245290,1,98,0,5,0,1,0,0,0,0,1,1,6,1,-1,-1,-1,-1,-1,-1,-1,-1
2017200245300,1,9,0,1,9,6,0,0,0,0,2,1,6,1,-1,-1,1968,2,7,-1,-1,-1
2017200245326,1,9,0,18,0,0,0,0,0,0,1,1,2,1,53,8,1299,1,18,-1,-1,-1
2017200245326,2,1,0,14,0,0,0,0,0,0,1,1,2,1,38,7,-1,-1,-1,-1,-1,-1
2017200245328,1,9,0,18,0,0,0,0,0,0,1,1,6,1,18,4,1198,1,1,-1,-1,-1
2017200245329,1,9,0,18,0,1,0,0,0,0,1,1,6,2,-1,-1,1560,2,8,-1,-1,-1
2017200245329,2,8,0,3,0,1,0,0,0,0,2,1,1,1,34,6,1398,1,3,-1,-1,-1
2017200245344,1,9,0,9,0,6,0,0,0,0,3,1,6,1,25,5,1560,2,-1,-1,-1,-1
2017200245344,2,9,0,18,0,1,0,0,0,0,3,1,6,3,-1,-1,1968,2,4,-1,-1,-1
2017200245355,1,9,0,18,0,8,0,0,0,0,3,1,6,2,41,7,1339,1,3,-1,-1,-1
2017200245355,2,9,0,18,0,3,0,0,0,0,4,1,6,2,19,4,999,1,1,-1,-1,-1
2017200245378,1,9,0,9,0,5,0,0,0,0,1,1,1,1,32,6,2204,2,10,-1,-1,-1
2017200245395,1,9,0,18,0,0,0,0,0,0,1,1,6,3,-1,-1,1956,2,6,-1,-1,-1
2017200245395,2,9,0,18,0,0,0,0,0,0,2,1,6,1,25,5,2148,2,9,-1,-1,-1
2017200245404,1,9,0,1,0,0,0,0,0,0,2,1,6,3,-1,-1,-1,-1,-1,-1,-1,-1
2017200245426,1,9,0,18,0,0,0,0,0,0,1,1,6,1,35,6,1461,2,11,-1,-1,-1
2017200245426,2,9,0,4,0,0,0,0,0,0,2,1,6,1,24,5,2143,2,1,-1,-1,-1
2017200245427,1,9,0,18,0,0,0,0,0,0,1,1,6,1,40,7,-1,-1,-1,-1,-1,-1
2017200245427,2,9,0,3,0,0,0,0,0,0,2,1,2,2,35,6,999,1,2,-1,-1,-1
2017200245428,1,9,0,18,0,1,0,0,0,0,4,1,6,1,25,5,1995,2,5,-1,-1,-1
2017200245431,1,9,0,18,0,4,0,0,0,0,1,1,6,1,66,10,998,1,-1,-1,-1,-1
2017200245431,2,9,0,4,0,3,0,0,0,0,2,1,6,1,71,10,1242,1,1,-1,-1,-1
2017200245441,1,9,0,18,0,8,0,0,0,0,1,1,6,2,42,7,1242,1,11,-1,-1,-1
2017200245441,2,19,0,5,0,6,0,0,0,0,2,1,6,1,28,6,1997,2,2,-1,-1,-1
2017200245442,1,9,0,9,0,5,0,0,0,0,1,1,1,2,47,8,1198,1,1,-1,-1,-1
2017200245442,2,1,0,18,0,2,0,0,0,0,2,1,6,1,25,5,-1,-1,-1,-1,-1,-1
2017200245444,1,9,0,11,0,1,0,10,1,2,1,1,6,1,25,5,1596,1,18,-1,-1,-1
2017200245444,2,9,0,18,0,1,0,10,0,0,3,1,6,2,54,8,973,1,16,-1,-1,-1
2017200245467,1,9,0,5,0,0,0,0,0,0,4,1,6,2,30,6,1995,2,6,-1,-1,-1
2017200245467,2,9,0,13,0,0,0,0,0,0,1,1,6,1,-1,-1,1560,2,7,-1,-1,-1
2017200245468,1,9,0,2,0,0,0,0,0,0,3,1,1,2,38,7,1461,2,2,-1,-1,-1
2017200245468,2,1,0,18,0,0,0,8,0,0,1,1,6,1,70,10,-1,-1,-1,-1,-1,-1
2017200245495,1,9,0,18,0,0,0,0,1,0,1,1,6,1,25,5,-1,-1,-1,6,1,6
2017200245523,1,9,0,18,0,0,1,0,0,0,1,1,6,1,36,7,-1,-1,-1,1,1,1
2017200245523,2,9,0,18,0,0,0,0,0,0,1,1,6,1,25,5,-1,-1,-1,2,1,2
2017200245526,1,9,0,18,0,8,0,0,0,0,4,1,6,2,55,8,1299,1,15,-1,-1,-1
2017200245526,2,3,0,18,0,8,0,0,0,0,1,1,6,1,17,4,125,1,-1,-1,-1,-1
2017200245530,1,9,0,9,0,8,0,0,0,0,4,1,2,1,27,6,1968,2,6,-1,-1,-1
2017200245530,2,3,0,18,0,8,0,0,0,0,1,1,6,1,20,4,124,1,3,-1,-1,-1
2017200245547,1,9,0,18,0,0,0,8,0,0,4,1,6,1,36,7,1200,1,3,-1,-1,-1
2017200245547,2,9,0,2,0,0,0,0,0,0,4,1,6,3,-1,-1,-1,-1,-1,-1,-1,-1
2017200245550,1,9,0,18,0,0,1,0,0,0,2,1,1,1,51,8,1896,2,10,-1,-1,-1
2017200245550,2,9,0,18,0,0,1,0,0,0,1,1,1,2,21,5,1900,2,10,-1,-1,-1
2017200245561,1,19,0,18,0,8,0,0,0,0,1,1,1,1,61,9,2402,2,9,-1,-1,-1
2017200245561,2,9,0,9,0,6,0,0,0,0,3,1,6,1,46,8,2967,2,5,-1,-1,-1
2017200245592,1,9,0,3,0,0,0,0,0,0,2,1,1,1,43,7,-1,-1,-1,-1,-1,-1
2017200245592,2,9,0,18,0,0,0,10,1,2,3,1,6,3,-1,-1,2204,2,13,-1,-1,-1
2017200245618,1,9,0,18,0,0,0,0,0,0,0,1,1,1,60,9,1560,2,-1,-1,-1,-1
2017200245660,1,9,0,18,0,0,0,0,0,0,2,1,6,2,-1,-1,-1,-1,-1,-1,-1,-1
2017200245668,1,9,0,18,0,2,0,0,0,0,1,1,6,1,24,5,1461,2,2,-1,-1,-1
2017200245695,1,9,0,18,0,0,0,0,0,0,1,1,2,1,26,6,-1,-1,-1,-1,-1,-1
2017200245695,2,11,0,3,0,0,0,0,0,0,2,1,1,1,58,9,8268,2,16,-1,-1,-1
2017200245713,1,9,0,18,0,8,0,0,0,0,4,1,6,2,23,5,1242,1,-1,-1,-1,-1
2017200245713,2,98,1,9,0,4,0,0,0,0,1,1,6,1,52,8,-1,-1,-1,-1,-1,-1
2017200245726,1,1,0,18,0,0,0,0,0,0,3,1,6,1,-1,-1,-1,-1,-1,-1,-1,-1
2017200245726,2,9,0,18,0,0,0,0,0,0,1,1,6,3,-1,-1,-1,-1,-1,-1,-1,-1
2017200245741,1,9,0,5,0,6,0,0,0,0,1,1,6,2,-1,-1,-1,-1,-1,-1,-1,-1
2017200245759,1,9,0,18,0,0,1,0,0,0,1,1,6,1,49,8,-1,-1,-1,-1,-1,-1
2017200245770,1,9,0,7,0,6,0,0,0,0,0,1,1,1,34,6,1910,2,10,-1,-1,-1
2017200245770,2,1,0,18,0,8,0,0,0,0,3,1,1,2,34,6,-1,-1,-1,-1,-1,-1
2017200245780,1,9,0,18,0,0,0,0,0,0,4,1,1,2,51,8,1364,1,9,-1,-1,-1
2017200245787,1,9,0,7,0,6,0,0,0,0,1,1,6,2,24,5,1390,1,7,-1,-1,-1
2017200245787,2,9,0,18,0,8,0,0,0,0,4,1,6,2,26,6,998,1,10,-1,-1,-1
2017200245787,3,9,0,18,0,8,0,0,0,0,1,1,6,2,22,5,1595,1,9,-1,-1,-1
2017200245833,1,9,0,18,0,0,0,0,0,0,3,1,6,2,54,8,1596,1,13,7,1,7
2017200245837,1,9,0,18,0,1,1,10,7,11,1,1,6,1,17,4,1242,1,11,-1,-1,-1
2017200245839,1,9,0,18,0,3,0,10,6,0,3,1,6,1,28,6,3498,1,12,-1,-1,-1
2017200245839,2,9,0,18,0,1,0,0,0,0,3,1,6,1,31,6,1229,1,10,-1,-1,-1
2017200245839,3,9,0,18,0,1,0,0,0,0,1,1,6,1,30,6,1968,2,-1,-1,-1,-1
2017200245858,1,9,0,7,0,5,0,0,0,0,1,1,1,1,51,8,1598,1,4,-1,-1,-1
2017200245879,1,9,0,8,0,1,0,0,0,0,4,1,6,3,-1,-1,-1,-1,-1,-1,-1,-1
2017200245879,2,1,0,5,4,1,0,0,0,0,1,1,6,1,20,4,-1,-1,-1,-1,-1,-1
2017200245892,1,9,0,18,0,0,0,0,0,0,2,1,6,1,34,6,999,1,10,-1,-1,-1
2017200245892,2,98,0,18,0,0,0,0,0,0,1,1,6,3,-1,-1,-1,-1,-1,-1,-1,-1
2017200245902,1,9,0,18,0,8,0,0,0,0,4,1,6,1,46,8,2993,2,2,-1,-1,-1
2017200245902,2,9,0,9,0,5,0,0,0,0,3,1,6,1,26,6,1149,1,12,-1,-1,-1
2017200245903,1,9,0,1,9,0,0,0,0,0,2,1,1,2,31,6,1995,2,6,-1,-1,-1
2017200245911,1,9,0,18,0,6,0,10,7,11,4,1,6,2,32,6,1598,2,7,-1,-1,-1
2017200245911,2,9,0,18,0,8,0,10,1,11,1,1,6,2,19,4,1242,1,1,-1,-1,-1
2017200245928,1,11,0,18,0,1,0,0,0,0,1,1,1,1,64,9,6696,2,4,-1,-1,-1
2017200245931,1,9,0,18,0,0,0,0,0,0,4,1,1,2,24,5,1598,2,5,-1,-1,-1
2017200245963,1,9,0,5,0,6,0,0,0,0,1,1,6,2,-1,-1,1598,1,10,-1,-1,-1
2017200245963,2,9,0,3,0,8,0,0,0,0,4,1,6,2,43,7,1364,2,9,-1,-1,-1
2017200245964,1,9,0,18,0,1,0,0,0,0,1,1,6,1,52,8,1368,1,-1,-1,-1,-1
2017200245972,1,1,0,18,0,0,0,0,0,0,2,1,6,1,43,7,-1,-1,-1,-1,-1,-1
2017200245972,2,9,0,18,0,0,0,0,0,0,1,1,6,1,26,6,1242,1,5,-1,-1,-1
2017200245995,1,9,0,5,0,6,0,0,0,0,4,1,6,1,-1,-1,1498,1,2,-1,-1,-1
2017200245995,2,1,0,18,0,8,0,0,0,0,3,1,6,1,35,6,-1,-1,-1,-1,-1,-1
2017200246014,1,9,0,18,0,0,0,4,0,0,1,1,6,3,-1,-1,1896,2,12,-1,-1,-1
2017200246014,2,9,0,2,0,0,0,0,0,0,2,1,6,1,26,6,1598,1,4,-1,-1,-1
2017200246018,1,1,0,14,0,8,0,0,0,0,4,1,1,1,43,7,-1,-1,-1,-1,-1,-1
2017200246018,2,98,1,5,0,6,0,0,0,0,3,1,6,1,-1,-1,-1,-1,-1,-1,-1,-1
2017200246030,1,9,0,18,0,8,0,10,1,1,1,1,6,1,20,4,1753,2,13,-1,-1,-1
2017200246030,2,9,0,9,0,5,0,0,0,0,1,1,6,2,31,6,1995,2,13,-1,-1,-1
2017200246057,1,9,0,13,0,8,0,4,0,0,1,1,6,1,17,4,999,1,1,-1,-1,-1
2017200246057,2,9,0,9,0,5,0,0,0,0,1,1,6,2,28,6,1598,2,2,-1,-1,-1
2017200246057,3,9,0,2,0,1,0,0,0,0,2,1,6,3,-1,-1,-1,-1,-1,-1,-1,-1
2017200246057,4,9,0,2,0,1,0,0,0,0,2,1,6,3,-1,-1,-1,-1,-1,-1,-1,-1
2017200246069,1,9,0,16,0,1,0,0,0,0,1,1,1,2,49,8,1997,2,4,-1,-1,-1
2017200246141,1,9,0,4,0,2,1,0,0,0,3,1,6,1,23,5,1997,1,-1,-1,-1,-1
2017200246154,1,9,0,18,0,0,0,0,0,0,2,1,3,2,47,8,1360,1,5,-1,-1,-1
2017200246154,2,9,0,18,0,0,0,0,0,0,1,1,2,2,52,8,2000,1,13,-1,-1,-1
2017200246172,1,9,0,2,9,0,0,0,0,0,0,1,6,3,-1,-1,1598,2,3,-1,-1,-1
2017200246180,1,9,0,9,0,5,0,0,0,0,3,1,2,1,18,4,998,1,8,-1,-1,-1
2017200246180,2,3,0,18,0,8,0,0,0,0,1,1,2,1,22,5,125,1,2,-1,-1,-1
2017200246197,1,21,0,18,0,8,0,0,0,0,2,1,6,1,42,7,9200,2,10,-1,-1,-1
2017200246197,2,9,0,18,0,8,0,0,0,0,0,1,6,2,70,10,1598,2,3,-1,-1,-1
2017200246201,1,9,0,9,0,6,0,0,0,0,1,1,6,1,59,9,1560,2,3,-1,-1,-1
2017200246201,2,9,0,9,0,8,0,0,0,0,3,1,6,1,26,6,1968,2,10,-1,-1,-1
2017200246221,1,9,0,12,0,6,0,0,0,0,1,1,6,1,26,6,1124,1,14,-1,-1,-1
2017200246221,2,5,0,18,0,8,0,0,0,0,3,1,6,1,54,8,1441,1,2,-1,-1,-1
2017200246270,1,21,0,18,0,0,0,0,0,0,1,1,1,1,45,7,12740,2,3,-1,-1,-1
2017200246272,1,9,0,18,0,0,0,0,0,0,1,1,2,2,51,8,1998,1,16,-1,-1,-1
2017200246282,1,9,0,5,0,1,0,0,0,0,3,1,6,2,43,7,2148,2,11,-1,-1,-1
2017200246282,2,9,0,5,0,1,0,0,0,0,1,1,6,1,50,8,-1,-1,-1,-1,-1,-1
2017200246301,1,9,0,9,0,6,0,0,0,0,1,1,6,1,34,6,1124,1,12,-1,-1,-1
2017200246301,2,9,0,14,0,8,0,0,0,0,4,1,6,1,19,4,1390,1,9,-1,-1,-1
2017200246302,1,9,0,9,0,5,0,0,0,0,3,1,6,2,31,6,-1,-1,-1,-1,-1,-1
2017200246302,2,9,0,9,0,6,0,0,0,0,4,1,6,2,-1,-1,1598,1,14,-1,-1,-1
2017200246332,1,23,0,18,0,2,0,0,0,0,1,1,1,1,17,4,124,1,5,-1,-1,-1
2017200246369,1,9,0,9,0,6,0,0,0,0,1,1,6,1,22,5,1390,1,6,-1,-1,-1
2017200246369,2,9,0,17,0,8,0,0,0,0,4,1,1,1,38,7,1560,2,9,-1,-1,-1
2017200246424,1,9,0,18,0,8,0,0,0,0,1,1,2,1,24,5,998,1,12,-1,-1,-1
2017200246424,2,1,0,18,0,8,0,0,0,0,1,1,2,1,39,7,-1,-1,-1,-1,-1,-1
2017200246433,1,9,0,18,0,8,0,0,0,0,4,1,6,1,20,4,1200,1,-1,-1,-1,-1
2017200246433,2,9,0,18,0,8,0,0,0,0,1,1,6,1,46,8,2926,2,13,-1,-1,-1
2017200246444,1,9,0,18,0,1,0,0,0,0,1,1,6,1,24,5,1998,2,12,-1,-1,-1
2017200246444,2,9,0,18,0,3,0,0,0,0,1,1,6,2,52,8,1598,1,2,-1,-1,-1
2017200246444,3,9,0,18,0,3,0,0,0,0,1,1,6,1,40,7,1995,2,4,-1,-1,-1
2017200246444,4,9,0,18,0,1,0,0,0,0,1,1,6,1,66,10,1461,2,10,-1,-1,-1
2017200246444,5,9,0,18,0,3,0,10,1,11,1,1,6,2,29,6,1149,1,15,-1,-1,-1
2017200246446,1,9,0,18,0,0,0,0,0,0,2,1,6,2,69,10,1386,1,10,-1,-1,-1
2017200246446,2,9,0,5,0,0,0,0,0,0,3,1,6,1,-1,-1,-1,-1,-1,-1,-1,-1
2017200246446,3,9,0,18,0,0,0,0,0,0,1,1,6,1,-1,-1,-1,-1,-1,-1,-1,-1
2017200246501,1,9,0,9,0,6,0,0,0,0,4,1,6,1,38,7,1497,1,14,-1,-1,-1
2017200246501,2,1,0,18,0,8,0,0,0,0,1,1,1,1,64,9,-1,-1,-1,-1,-1,-1
2017200246509,1,9,0,18,0,3,0,0,0,0,0,1,1,2,37,7,1560,2,3,-1,-1,-1
2017200246509,2,9,0,11,0,3,0,0,0,0,2,1,6,1,-1,-1,1995,2,1,-1,-1,-1
2017200246515,1,19,0,11,0,0,0,4,0,0,1,1,6,3,-1,-1,1560,2,4,-1,-1,-1
2017200246515,2,9,0,2,0,0,0,0,0,0,2,1,6,2,30,6,1685,2,2,-1,-1,-1
2017200246515,3,9,0,2,9,0,0,0,0,0,2,1,6,3,-1,-1,998,1,6,-1,-1,-1
2017200246515,4,9,0,2,0,0,0,0,0,0,2,1,6,3,-1,-1,1461,2,3,-1,-1,-1
2017200246515,5,9,0,2,0,0,0,0,0,0,2,1,6,3,-1,-1,998,1,2,-1,-1,-1
2017200246521,1,98,0,18,0,0,0,0,0,0,1,1,6,3,-1,-1,-1,-1,-1,-1,-1,-1
2017200246521,2,9,0,3,0,0,0,0,0,0,3,1,1,1,29,6,1598,2,3,-1,-1,-1
2017200246551,1,9,0,18,0,0,1,10,1,2,4,1,2,1,20,4,1995,1,9,-1,-1,-1
2017200246570,1,9,0,18,0,4,0,0,0,0,1,1,6,1,-1,-1,1968,2,10,-1,-1,-1
2017200246570,2,9,0,18,0,4,0,0,0,0,3,1,6,1,30,6,1560,2,3,-1,-1,-1
2017200246576,1,8,0,4,0,0,0,0,0,0,1,1,2,1,-1,-1,1794,7,9,-1,-1,-1
2017200246576,2,9,0,18,0,0,0,0,0,0,2,1,6,3,-1,-1,1796,1,12,-1,-1,-1
2017200246583,1,9,0,18,0,1,0,0,0,0,1,1,6,1,45,7,1360,1,14,-1,-1,-1
2017200246624,1,9,0,9,0,5,0,0,0,0,1,1,1,2,-1,-1,1560,2,3,-1,-1,-1
2017200246637,1,9,0,9,0,6,0,0,0,0,1,1,2,1,46,8,1198,1,15,-1,-1,-1
2017200246637,2,3,0,18,0,8,0,0,0,0,4,1,2,1,32,6,123,1,1,-1,-1,-1
2017200246648,1,9,0,13,0,0,0,0,0,0,1,1,6,1,25,5,1796,1,3,-1,-1,-1
2017200246648,2,8,0,18,0,0,0,0,0,0,1,1,1,1,59,9,2143,2,6,-1,-1,-1
2017200246658,1,9,0,17,0,0,1,10,1,4,1,1,6,1,24,5,1496,2,2,-1,-1,-1
2017200246660,1,9,0,9,0,8,0,0,0,0,4,1,1,1,20,4,998,1,4,-1,-1,-1
2017200246660,2,4,0,5,0,8,0,0,0,0,4,1,6,1,22,5,250,1,1,-1,-1,-1
2017200246680,1,9,0,18,0,1,0,0,0,0,1,1,6,2,54,8,1995,2,7,-1,-1,-1
2017200246680,2,9,0,8,0,1,0,0,0,0,2,1,6,1,34,6,1956,2,3,-1,-1,-1
2017200246715,1,9,0,12,0,8,0,0,0,0,4,1,6,1,27,6,1598,2,3,2,1,2
2017200246715,2,9,0,3,0,8,0,0,0,0,3,1,6,2,22,5,1242,1,14,-1,-1,-1
2017200246727,1,9,0,18,0,4,0,0,0,0,1,1,6,1,30,6,-1,-1,-1,-1,-1,-1
2017200246727,2,1,0,18,0,3,0,0,0,0,3,1,6,1,55,8,-1,-1,-1,-1,-1,-1
2017200246731,1,9,0,9,0,6,0,0,0,0,1,1,6,1,-1,-1,1781,1,16,-1,-1,-1
2017200246731,2,9,0,18,0,8,0,0,0,0,1,1,6,2,57,9,998,1,6,-1,-1,-1
2017200246734,1,9,0,18,0,1,0,0,0,0,1,1,6,3,-1,-1,-1,-1,-1,-1,-1,-1
2017200246734,2,9,0,3,0,1,0,0,0,0,2,1,6,1,27,6,998,1,7,-1,-1,-1
2017200246745,1,9,0,18,0,0,0,0,0,0,1,1,1,1,43,7,1248,2,3,-1,-1,-1
2017200246768,1,9,0,18,0,0,0,0,0,0,4,1,6,1,73,10,1968,2,4,-1,-1,-1
2017200246772,1,9,0,7,0,2,0,0,0,0,4,1,6,2,-1,-1,1995,2,11,-1,-1,-1