Accident_Index,Vehicle_Reference,Vehicle_Type,Towing_and_Articulation,Vehicle_Manoeuvre,Vehicle_Location-Restricted_Lane,Junction_Location,Skidding_and_Overturning,Hit_Object_in_Carriageway,Vehicle_Leaving_Carriageway,Hit_Object_off_Carriageway,1st_Point_of_Impact,Was_Vehicle_Left_Hand_Drive?,Journey_Purpose_of_Driver,Sex_of_Driver,Age_of_Driver,Age_Band_of_Driver,Engine_Capacity_(CC),Propulsion_Code,Age_of_Vehicle,Driver_IMD_Decile,Driver_Home_Area_Type,Vehicle_IMD_Decile
2017200246772,2,1,0,18,0,2,0,0,0,0,1,1,6,2,18,4,-1,-1,-1,-1,-1,-1
2017200246773,1,8,0,18,0,1,0,0,0,0,4,1,6,1,-1,-1,-1,-1,-1,-1,-1,-1
2017200246773,2,9,0,3,0,1,0,0,0,0,3,1,6,1,-1,-1,-1,-1,-1,-1,-1,-1
2017200246797,1,19,0,18,0,8,0,0,0,0,1,1,6,1,-1,-1,2148,2,10,-1,-1,-1
2017200246797,2,9,0,7,0,6,0,0,0,0,1,1,6,2,50,8,998,1,4,-1,-1,-1
2017200246799,1,9,0,9,0,5,0,0,0,0,1,1,6,1,85,11,1596,1,14,-1,-1,-1
2017200246799,2,9,0,18,0,8,0,0,0,0,3,1,6,1,26,6,1997,1,9,-1,-1,-1
2017200246804,1,9,0,5,0,4,0,0,0,0,1,1,6,1,30,6,1598,1,14,-1,-1,-1
2017200246804,2,9,0,18,0,3,0,0,0,0,4,1,6,2,23,5,1339,1,4,-1,-1,-1
2017200246809,1,9,0,9,0,6,0,0,0,0,1,1,2,1,50,8,1997,2,2,-1,-1,-1
2017200246809,2,3,0,18,0,8,0,0,0,0,3,1,2,1,25,5,125,1,1,-1,-1,-1
2017200246816,1,9,0,1,0,1,0,0,0,0,2,1,6,1,25,5,1242,1,8,-1,-1,-1
2017200246843,1,1,0,18,0,2,0,0,0,0,3,1,4,1,17,4,-1,-1,-1,-1,-1,-1
2017200246843,2,9,0,9,0,2,0,0,0,0,1,1,6,1,50,8,1398,2,7,-1,-1,-1
2017200246844,1,9,0,9,0,5,0,0,0,0,1,1,6,3,-1,-1,-1,-1,-1,-1,-1,-1
2017200246868,1,9,0,5,0,6,0,0,0,0,1,1,1,1,62,9,1398,2,9,-1,-1,-1
2017200246868,2,1,0,9,0,6,0,0,0,0,1,1,6,1,23,5,-1,-1,-1,-1,-1,-1
2017200246881,1,3,0,13,0,0,2,7,0,0,1,1,6,1,30,6,124,1,-1,-1,-1,-1
2017200246883,1,9,0,9,0,6,0,0,0,0,0,1,6,1,35,6,1968,2,12,-1,-1,-1
2017200246928,1,9,0,18,0,0,0,0,0,0,3,1,2,1,49,8,1587,1,15,-1,-1,-1
2017200246928,2,1,0,18,0,0,0,0,0,0,1,1,2,1,53,8,-1,-1,-1,-1,-1,-1
2017200246932,1,9,0,18,0,0,0,0,0,0,3,1,6,1,-1,-1,-1,-1,-1,-1,-1,-1
2017200246966,1,9,0,3,0,0,0,0,0,0,2,1,1,2,19,4,1240,1,10,-1,-1,-1
2017200246966,2,9,0,18,0,0,0,0,0,0,1,1,6,1,-1,-1,1686,2,5,-1,-1,-1
2017200246974,1,9,0,11,0,3,0,0,0,0,4,1,6,2,64,9,1598,1,2,-1,-1,-1
2017200246974,2,9,0,7,0,3,0,0,0,0,3,1,1,1,38,7,1798,8,4,-1,-1,-1
2017200246984,1,9,0,18,0,0,0,4,0,0,1,1,1,1,-1,-1,2362,1,11,-1,-1,-1
2017200246984,2,9,0,2,0,0,0,4,0,0,4,1,6,1,50,8,-1,-1,-1,-1,-1,-1
2017200246984,3,9,0,2,0,0,0,0,0,0,1,1,6,2,39,7,2499,2,14,-1,-1,-1
2017200246985,1,9,0,18,9,1,0,0,0,0,1,1,6,2,-1,-1,1995,2,10,-1,-1,-1
2017200247004,1,9,0,18,0,1,0,0,0,0,1,1,6,2,-1,-1,2776,2,12,-1,-1,-1
2017200247004,2,9,0,10,0,1,0,0,0,0,2,1,6,1,40,7,1956,2,7,-1,-1,-1
2017200247015,1,9,0,16,0,1,0,0,0,0,3,1,6,1,77,11,1360,1,10,-1,-1,-1
2017200247033,1,8,0,15,0,1,0,0,0,0,1,1,1,1,-1,-1,2499,2,10,-1,-1,-1
2017200247033,2,9,0,18,0,1,0,0,0,0,4,1,6,1,39,7,1798,8,1,-1,-1,-1
2017200247073,1,9,0,9,0,6,0,0,0,0,1,1,6,1,30,6,1998,1,13,-1,-1,-1
2017200247073,2,8,0,18,0,8,0,0,0,0,3,1,2,1,44,7,1968,2,2,-1,-1,-1
2017200247093,1,9,0,18,0,3,0,0,0,0,1,1,6,1,22,5,1242,1,10,-1,-1,-1
2017200247142,1,9,0,1,9,1,0,0,0,0,2,1,6,1,29,6,-1,-1,-1,-1,-1,-1
2017200247142,2,1,0,18,9,1,0,0,0,0,1,1,6,1,12,3,-1,-1,-1,-1,-1,-1
2017200247157,1,9,0,18,0,2,0,0,0,0,3,1,6,1,-1,-1,-1,-1,-1,-1,-1,-1
2017200247161,1,9,0,18,0,0,0,0,0,0,1,1,6,3,-1,-1,-1,-1,-1,-1,-1,-1
2017200247206,1,9,0,18,0,0,0,0,0,0,1,1,6,2,51,8,1591,1,9,-1,-1,-1
2017200247212,1,9,0,7,0,3,0,0,0,0,1,1,6,1,33,6,1896,2,13,-1,-1,-1
2017200247249,1,3,0,14,0,0,0,8,0,0,1,1,2,1,33,6,124,1,1,-1,-1,-1
2017200247249,2,8,0,2,0,0,0,0,0,0,3,1,1,1,34,6,1794,1,12,-1,-1,-1
2017200247264,1,9,0,18,0,1,0,0,0,0,1,1,1,1,-1,-1,1968,2,10,-1,-1,-1
2017200247264,2,9,0,18,0,1,0,0,0,0,2,1,6,1,41,7,1968,2,13,-1,-1,-1
2017200247275,1,8,0,5,9,6,0,0,0,0,1,1,1,1,60,9,2446,2,17,-1,-1,-1
2017200247287,1,9,0,18,0,0,0,0,0,0,1,1,6,1,29,6,1995,2,4,-1,-1,-1
2017200247287,2,9,0,3,0,0,0,0,0,0,3,1,6,2,20,4,-1,-1,-1,-1,-1,-1
2017200247287,3,9,0,3,0,0,0,0,0,0,4,1,6,1,46,8,1995,2,13,-1,-1,-1
2017200247292,1,9,0,9,0,5,0,0,0,0,1,1,2,1,60,9,1798,8,4,-1,-1,-1
2017200247302,1,9,0,7,0,6,0,0,0,0,1,1,2,1,32,6,1896,2,11,-1,-1,-1
2017200247302,2,1,0,18,0,8,0,0,0,0,4,1,2,2,52,8,-1,-1,-1,-1,-1,-1
2017200247338,1,9,0,4,0,0,0,0,0,0,2,1,6,3,-1,-1,1364,1,9,-1,-1,-1
2017200247338,2,9,0,3,0,0,0,0,0,0,2,1,1,3,-1,-1,-1,-1,-1,-1,-1,-1
2017200247338,3,9,0,18,0,0,0,0,0,0,1,1,6,3,-1,-1,-1,-1,-1,-1,-1,-1
2017200247342,1,9,0,18,0,0,0,7,4,4,1,1,6,1,41,7,1998,1,9,-1,-1,-1
2017200247342,2,9,0,12,0,0,0,0,0,0,4,1,1,1,19,4,1590,1,12,-1,-1,-1
2017200247348,1,9,0,3,0,0,0,0,0,0,2,1,6,1,49,8,1997,1,15,-1,-1,-1
2017200247348,2,9,0,4,0,0,0,0,0,0,1,1,6,1,-1,-1,1598,1,11,-1,-1,-1
2017200247348,3,9,0,3,0,0,0,0,0,0,2,1,6,2,-1,-1,1896,2,12,-1,-1,-1
2017200247350,1,9,0,5,0,1,0,0,0,0,1,1,6,1,-1,-1,-1,-1,-1,-1,-1,-1
2017200247368,1,9,0,14,0,1,0,0,0,0,3,1,6,1,49,8,1998,2,14,-1,-1,-1
2017200247368,2,9,0,16,0,2,0,10,0,0,3,1,6,1,35,6,1968,2,7,-1,-1,-1
2017200247395,1,9,0,16,0,3,0,7,0,0,1,1,1,2,19,4,1596,1,10,-1,-1,-1
2017200247532,1,9,0,18,0,1,0,0,0,0,1,1,6,2,-1,-1,1229,1,4,-1,-1,-1
2017200247532,2,9,0,10,0,1,0,0,0,0,2,1,6,2,47,8,1997,2,15,-1,-1,-1
2017200247538,1,9,0,18,0,8,0,10,1,10,1,1,6,1,80,11,1242,1,6,-1,-1,-1
2017200247538,2,9,0,5,0,6,0,10,2,11,3,1,6,1,32,6,1229,1,10,-1,-1,-1
2017200247540,1,90,0,16,0,5,0,0,0,0,4,1,1,1,46,8,2237,8,-1,-1,-1,-1
2017200247540,2,1,0,18,0,8,0,0,0,0,1,1,6,1,61,9,-1,-1,-1,-1,-1,-1
2017200247550,1,9,0,18,0,1,0,0,0,0,1,1,6,1,22,5,-1,-1,-1,-1,-1,-1
2017200247550,2,9,0,4,0,1,0,0,0,0,2,1,3,2,42,7,1242,1,4,-1,-1,-1
2017200247550,3,9,0,3,0,1,0,0,0,0,2,1,3,2,36,7,1360,1,7,-1,-1,-1
2017200247564,1,9,0,18,0,4,0,0,0,0,1,1,6,3,-1,-1,1991,1,3,-1,-1,-1
2017200247564,2,9,0,9,0,8,1,9,7,0,4,1,1,1,50,8,-1,-1,-1,-1,-1,-1
2017200247572,1,9,0,18,0,0,0,0,0,0,1,1,6,1,29,6,1968,2,7,-1,-1,-1
2017200247572,2,9,0,3,0,0,0,0,0,0,2,1,6,2,59,9,1595,1,10,-1,-1,-1
2017200247585,1,8,0,7,0,6,0,0,0,0,3,1,6,1,-1,-1,2664,2,17,-1,-1,-1
2017200247585,2,9,0,18,0,8,0,0,0,0,4,1,1,1,43,7,1900,2,13,-1,-1,-1
2017200247594,1,9,0,18,0,1,0,0,0,0,2,1,6,1,29,6,1896,2,16,-1,-1,-1
2017200247594,2,3,0,13,0,2,0,0,0,0,1,1,2,1,49,8,124,1,-1,-1,-1,-1
2017200247606,1,19,0,18,0,1,0,0,0,0,1,1,1,1,47,8,2999,2,9,-1,-1,-1
2017200247606,2,19,0,10,0,1,0,0,0,0,2,1,1,1,56,9,1598,2,2,-1,-1,-1
2017200247607,1,9,0,18,0,8,2,7,4,0,1,1,6,1,21,5,1586,1,10,-1,-1,-1
2017200247607,2,9,0,9,0,8,1,0,0,0,1,1,6,1,40,7,2143,2,-1,-1,-1,-1
2017200247632,1,9,0,7,0,5,0,0,0,0,4,1,1,2,46,8,1395,1,-1,-1,-1,-1
2017200247632,2,1,0,18,0,8,0,0,0,0,3,1,2,1,-1,-1,-1,-1,-1,-1,-1,-1
2017200247639,1,9,0,7,0,6,0,0,0,0,1,1,6,1,-1,-1,1598,1,11,-1,-1,-1
2017200247639,2,1,0,17,0,8,0,0,0,0,3,1,6,1,54,8,-1,-1,-1,-1,-1,-1
2017200247643,1,9,0,3,0,0,0,0,0,0,0,1,6,1,28,6,1956,2,2,-1,-1,-1
2017200247643,2,9,0,3,0,0,0,0,0,0,3,1,6,1,28,6,1364,1,7,-1,-1,-1
2017200247643,3,9,0,3,0,0,0,0,0,0,4,1,6,1,35,6,2401,2,14,5,1,5
2017200247650,1,9,0,18,0,1,0,0,0,0,1,1,6,2,-1,-1,-1,-1,-1,-1,-1,-1
2017200247668,1,9,0,4,0,1,0,0,0,0,3,1,6,2,31,6,1240,1,13,-1,-1,-1
2017200247668,2,1,0,7,0,2,0,0,0,0,1,1,2,1,38,7,-1,-1,-1,-1,-1,-1
2017200247692,1,9,0,5,0,6,0,0,0,0,1,1,6,2,-1,-1,1390,1,8,-1,-1,-1
2017200247692,2,9,0,18,0,8,0,0,0,0,3,1,6,1,38,7,1986,2,12,-1,-1,-1
2017200247710,1,9,0,18,0,0,0,0,0,0,1,1,1,2,30,6,1560,2,1,-1,-1,-1
2017200247710,2,9,0,3,0,0,0,0,0,0,2,1,1,1,31,6,1200,1,3,-1,-1,-1
2017200247710,3,9,0,4,0,0,0,0,0,0,2,1,3,2,38,7,1956,2,4,-1,-1,-1
2017200247711,1,9,0,9,0,5,0,0,0,0,1,1,1,1,33,6,1242,1,2,-1,-1,-1
2017200247751,1,9,0,7,0,6,0,0,0,0,3,1,6,1,23,5,998,1,3,-1,-1,-1
2017200247751,2,9,0,18,0,8,0,0,0,0,1,1,6,1,47,8,1968,2,3,-1,-1,-1
2017200247762,1,9,0,17,0,0,1,10,7,4,1,1,6,1,33,6,1910,2,12,-1,-1,-1
2017200247766,1,9,0,2,9,2,0,0,0,0,4,1,5,1,31,6,1242,1,3,-1,-1,-1
2017200247766,2,9,0,1,9,1,1,10,1,11,1,1,3,2,46,8,1368,1,1,-1,-1,-1
2017200247767,1,9,0,18,0,1,0,0,0,0,1,1,6,1,45,7,-1,-1,-1,-1,-1,-1
2017200247767,2,9,0,3,0,1,0,0,0,0,2,1,6,1,26,6,1199,1,15,-1,-1,-1
2017200247767,3,8,0,18,0,2,0,0,0,0,1,1,1,1,49,8,1995,2,3,-1,-1,-1
2017200247832,1,9,0,18,0,8,1,0,0,0,1,1,6,1,24,5,1499,2,1,-1,-1,-1
2017200247832,2,9,0,7,0,8,0,4,0,0,2,1,6,1,24,5,1956,2,4,-1,-1,-1
2017200247832,3,9,0,2,0,1,0,0,0,0,3,1,6,3,-1,-1,2204,2,11,-1,-1,-1
2017200247839,1,9,0,13,0,0,1,10,7,3,1,1,6,1,52,8,2148,2,15,-1,-1,-1
2017200247839,2,9,0,18,0,0,0,0,0,0,2,1,1,1,45,7,-1,-1,-1,-1,-1,-1
2017200247839,3,9,0,4,0,0,0,0,0,0,3,1,6,1,39,7,1998,1,10,-1,-1,-1
2017200247839,4,9,0,3,0,0,0,0,0,0,4,1,6,1,44,7,1998,1,10,-1,-1,-1
2017200247840,1,9,0,18,0,8,0,0,0,0,1,1,6,1,41,7,2191,2,3,-1,-1,-1
2017200247840,2,9,0,18,0,8,0,0,0,0,4,1,6,1,24,5,1968,2,2,-1,-1,-1
2017200247855,1,9,0,2,0,0,0,0,0,0,4,1,3,2,30,6,1796,1,15,-1,-1,-1
2017200247855,2,9,0,18,0,0,0,0,0,0,4,1,6,1,60,9,1124,1,13,-1,-1,-1
2017200247857,1,9,0,9,0,6,0,0,0,0,3,1,6,1,36,7,1248,2,10,-1,-1,-1
2017200247857,2,9,0,18,0,8,0,0,0,0,1,1,6,1,22,5,1390,1,12,-1,-1,-1
2017200247862,1,9,0,18,0,0,0,0,0,0,1,1,6,1,21,5,1968,2,1,8,1,8
2017200247911,1,9,0,13,0,0,0,0,0,0,1,1,6,1,60,9,-1,-1,-1,5,1,5
2017200247911,2,9,0,3,0,0,0,0,0,0,2,1,6,1,40,7,-1,-1,-1,7,1,7
2017200247964,1,9,0,9,0,5,0,0,0,0,4,1,6,1,-1,-1,1299,1,14,-1,-1,-1
2017200247964,2,9,0,18,0,8,0,0,0,0,1,1,6,1,-1,-1,1686,2,13,-1,-1,-1
2017200247964,3,9,0,8,0,1,0,0,0,0,3,1,6,2,31,6,1595,2,7,-1,-1,-1
2017200248028,1,9,0,18,0,2,0,0,0,0,1,1,6,2,20,4,998,1,3,-1,-1,-1
2017200248070,1,9,0,15,0,1,0,0,0,0,3,1,6,1,-1,-1,1896,2,13,-1,-1,-1
2017200248070,2,9,0,7,0,5,0,0,0,0,4,1,6,1,56,9,-1,-1,-1,-1,-1,-1
2017200248133,1,9,0,18,0,8,0,0,0,0,1,1,6,1,-1,-1,1686,2,12,-1,-1,-1
2017200248133,2,9,0,5,0,8,0,0,0,0,1,1,1,1,36,7,1794,1,9,-1,-1,-1
2017200248144,1,9,0,9,0,2,0,0,0,0,3,1,6,2,20,4,1242,1,10,-1,-1,-1
2017200248144,2,9,0,18,0,1,0,0,0,0,1,1,6,1,58,9,-1,-1,-1,-1,-1,-1
2017200248147,1,9,0,18,0,8,0,0,0,0,4,1,6,2,62,9,1364,1,-1,-1,-1,-1
2017200248147,2,9,0,18,0,6,0,0,0,0,1,1,6,2,31,6,1390,1,12,-1,-1,-1
2017200248153,1,98,0,18,0,1,0,0,0,0,4,1,1,1,-1,-1,-1,-1,-1,-1,-1,-1
2017200248153,2,9,0,8,0,1,0,0,0,0,3,1,6,1,38,7,1998,2,8,-1,-1,-1
2017200248190,1,98,0,4,0,0,0,0,0,0,2,1,1,1,54,8,-1,-1,-1,1,1,1
2017200248190,2,19,0,18,0,0,1,0,0,0,1,1,1,1,31,6,2148,2,11,10,1,10
2017200248210,1,9,0,18,0,2,0,0,0,0,1,1,6,1,38,7,1560,2,9,-1,-1,-1
2017200248210,2,9,0,4,0,2,0,0,0,0,2,1,6,2,36,7,1461,2,7,-1,-1,-1
2017200248210,3,9,0,4,0,2,0,0,0,0,2,1,6,1,47,8,2993,2,6,-1,-1,-1
2017200248213,1,97,0,18,0,0,0,0,0,0,1,1,6,1,-1,-1,-1,-1,-1,-1,-1,-1
2017200248213,2,1,0,18,0,0,0,0,0,0,2,1,2,1,13,3,-1,-1,-1,-1,-1,-1
2017200248221,1,9,0,9,0,0,0,0,0,0,4,1,6,1,30,6,1799,1,9,-1,-1,-1
2017200248229,1,2,0,13,0,8,0,0,0,0,1,1,1,1,16,4,49,1,8,-1,-1,-1
2017200248229,2,19,0,9,0,5,0,0,0,0,3,1,1,1,52,8,2198,2,9,-1,-1,-1
2017200248291,1,9,0,1,0,1,0,0,0,0,3,1,6,1,46,8,2198,1,14,-1,-1,-1
2017200248291,2,9,0,18,0,1,0,0,0,0,1,1,1,1,-1,-1,1598,2,-1,-1,-1,-1
2017200248291,3,9,0,3,0,2,0,0,0,0,3,1,1,1,-1,-1,1598,2,1,-1,-1,-1
2017200248311,1,9,0,9,0,6,0,7,0,0,4,1,6,2,74,10,1598,1,3,-1,-1,-1
2017200248311,2,11,0,18,0,8,0,0,0,0,3,2,1,1,55,8,8268,2,13,-1,-1,-1
2017200248311,3,9,0,18,0,1,0,0,0,0,1,1,6,1,50,8,-1,-1,-1,-1,-1,-1
2017200248322,1,9,0,10,0,1,0,0,0,0,0,1,6,2,39,7,2143,2,3,-1,-1,-1
2017200248322,2,19,0,18,0,1,0,0,0,0,2,1,6,1,-1,-1,2461,2,8,-1,-1,-1
2017200248323,1,9,0,18,0,1,0,0,0,0,1,1,6,1,46,8,-1,3,2,-1,-1,-1
2017200248326,1,11,0,18,0,1,0,0,0,0,1,1,1,1,34,6,8268,2,15,-1,-1,-1
2017200248329,1,9,0,18,0,6,0,0,0,0,3,1,2,1,28,6,1560,2,7,-1,-1,-1
2017200248329,2,11,0,18,0,8,0,0,0,0,1,1,1,1,58,9,6696,2,3,-1,-1,-1
2017200248402,1,19,0,16,0,0,0,0,0,0,1,1,1,1,31,6,2402,2,15,-1,-1,-1
2017200248402,2,9,0,17,0,0,0,0,0,0,1,1,6,1,20,4,1995,2,9,-1,-1,-1
2017200248412,1,9,0,9,0,6,0,0,0,0,3,1,6,1,40,7,1850,1,17,-1,-1,-1
2017200248412,2,3,0,18,0,8,0,0,0,0,1,1,6,1,25,5,125,1,5,-1,-1,-1
2017200248433,1,9,0,18,0,6,0,10,7,11,1,1,6,3,-1,-1,1560,2,8,-1,-1,-1
2017200248433,2,9,0,18,0,8,0,0,0,0,4,1,1,1,39,7,1598,1,8,-1,-1,-1
2017200248463,1,9,0,18,0,6,0,0,0,0,0,1,6,3,-1,-1,-1,-1,-1,-1,-1,-1
2017200248463,2,9,0,18,0,8,0,10,3,1,1,1,6,1,23,5,1968,2,5,-1,-1,-1
2017200248465,1,9,0,18,0,0,0,0,0,0,1,1,6,1,-1,-1,1229,1,10,-1,-1,-1
2017200248472,1,9,0,18,0,8,0,0,0,0,3,1,6,1,31,6,1560,2,8,-1,-1,-1
2017200248472,2,9,0,18,0,8,0,0,0,0,1,1,6,1,69,10,1248,1,3,-1,-1,-1
2017200248475,1,9,0,5,0,0,0,0,0,0,1,1,6,1,36,7,1986,2,12,-1,-1,-1
2017200248475,2,9,0,5,0,0,0,0,0,0,1,1,6,1,37,7,2179,2,8,-1,-1,-1
2017200248475,3,19,0,5,0,0,0,0,0,0,1,1,1,1,51,8,2143,2,3,-1,-1,-1
2017200248505,1,9,0,18,0,8,1,0,0,0,1,1,6,1,35,6,1896,2,9,-1,-1,-1
2017200248505,2,9,0,9,0,8,5,0,0,0,4,1,6,2,70,10,1329,1,3,-1,-1,-1
2017200248554,1,9,0,18,0,1,0,0,0,0,1,1,6,1,48,8,1598,2,7,-1,-1,-1
2017200248587,1,9,0,18,0,6,0,0,0,0,1,1,6,1,29,6,1388,1,13,-1,-1,-1
2017200248587,2,9,0,18,0,8,0,0,0,0,4,1,6,1,38,7,1598,2,1,-1,-1,-1
2017200248594,1,9,0,18,0,8,0,0,0,0,1,1,6,1,24,5,1968,2,1,-1,-1,-1
2017200248594,2,19,0,9,0,4,0,10,0,0,3,1,1,1,36,7,2143,2,-1,-1,-1,-1
2017200248644,1,9,0,7,0,6,0,0,0,0,3,1,6,2,29,6,973,1,15,-1,-1,-1
2017200248644,2,9,0,14,0,8,0,0,0,0,1,1,6,1,29,6,1200,1,-1,-1,-1,-1
2017200248669,1,9,0,18,0,0,0,0,0,0,1,1,6,2,-1,-1,-1,-1,-1,-1,-1,-1
2017200248675,1,9,0,18,0,6,0,10,0,0,1,1,1,1,39,7,-1,-1,-1,-1,-1,-1
2017200248675,2,9,0,18,0,8,0,10,1,11,1,1,6,1,37,7,1984,1,9,-1,-1,-1
2017200248712,1,9,0,18,0,8,0,0,0,0,1,1,6,2,19,4,1299,1,14,-1,-1,-1
2017200248712,2,9,0,7,0,6,0,0,0,0,3,1,6,1,30,6,1461,2,3,-1,-1,-1
2017200248736,1,9,0,7,0,3,0,0,0,0,3,1,6,1,45,7,1598,1,14,-1,-1,-1
2017200248782,1,9,0,18,0,0,1,10,1,4,3,1,6,1,-1,-1,1950,1,16,-1,-1,-1
2017200248785,1,1,0,18,0,8,0,0,0,0,2,1,6,1,19,4,-1,-1,-1,-1,-1,-1
2017200248785,2,9,0,5,0,8,0,0,0,0,1,1,6,1,68,10,1998,1,-1,-1,-1,-1
2017200248787,1,3,0,18,0,3,0,0,0,0,2,1,1,1,27,6,125,1,26,-1,-1,-1
2017200248787,2,9,0,18,0,3,0,0,0,0,1,1,1,1,30,6,1242,1,10,-1,-1,-1
2017200248791,1,9,0,7,0,6,0,0,0,0,0,1,6,3,-1,-1,-1,-1,-1,-1,-1,-1
2017200248791,2,9,0,18,0,8,0,4,0,0,1,1,6,1,27,6,1598,2,1,-1,-1,-1
2017200248791,3,9,0,2,0,8,0,0,0,0,3,1,6,1,-1,-1,1910,2,11,-1,-1,-1
2017200248822,1,9,0,4,0,0,1,0,0,0,1,1,6,2,27,6,1596,1,15,7,1,7
2017200248822,2,9,0,4,0,0,0,0,0,0,2,1,6,2,65,9,1108,1,7,5,1,5
2017200248822,3,9,0,4,0,0,0,0,0,0,2,1,6,1,31,6,1753,2,10,2,1,2
2017200248822,4,9,0,4,0,0,0,0,0,0,2,1,6,1,-1,-1,1461,2,3,7,1,7
2017200248823,1,9,0,18,0,0,0,0,0,0,1,1,2,1,27,6,1598,2,5,-1,-1,-1
2017200248834,1,9,0,18,0,2,1,0,0,0,1,1,6,2,-1,-1,-1,-1,-1,-1,-1,-1
2017200248861,1,9,0,9,0,5,0,0,0,0,1,1,6,1,49,8,2979,1,13,-1,-1,-1
2017200248861,2,3,0,18,0,8,0,0,0,0,3,1,6,1,24,5,125,1,12,-1,-1,-1
2017200248874,1,9,0,18,0,0,0,0,0,0,1,1,6,1,-1,-1,1598,1,10,-1,-1,-1
2017200248874,2,9,0,3,0,0,0,0,0,0,2,1,6,1,-1,-1,998,1,15,-1,-1,-1
2017200248874,3,9,0,3,0,0,0,0,0,0,2,1,6,2,29,6,1349,1,8,-1,-1,-1
2017200248888,1,98,0,18,0,0,0,0,0,0,4,1,6,1,43,7,-1,-1,-1,-1,-1,-1
2017200248943,1,9,0,7,0,3,0,0,0,0,3,1,2,1,58,9,1200,1,1,-1,-1,-1
2017200248943,2,3,0,18,0,3,0,0,0,0,4,1,6,1,64,9,125,1,2,-1,-1,-1
2017200248999,1,9,0,18,0,8,0,0,0,0,1,1,6,2,35,6,999,1,6,-1,-1,-1
2017200248999,2,9,0,5,0,6,0,0,3,0,1,1,6,1,32,6,1984,1,1,-1,-1,-1
2017200248999,3,8,0,8,0,1,0,0,0,0,1,1,6,1,53,8,1997,2,7,-1,-1,-1
2017200249006,1,9,0,9,0,5,0,0,0,0,4,1,6,1,67,10,999,1,1,-1,-1,-1
2017200249006,2,3,0,18,0,8,0,0,0,0,3,1,6,1,21,5,124,1,1,-1,-1,-1
2017200249032,1,9,0,18,0,1,0,0,0,0,1,1,6,2,20,4,1242,1,13,-1,-1,-1
2017200249032,2,9,0,4,0,1,0,0,0,0,2,1,6,1,19,4,1598,1,11,-1,-1,-1
2017200249032,3,9,0,7,0,1,0,0,0,0,2,1,6,1,51,8,1124,1,7,-1,-1,-1
2017200249036,1,9,0,9,0,6,0,0,0,0,1,1,6,3,-1,-1,-1,-1,-1,-1,-1,-1
2017200249036,2,9,0,10,0,8,0,0,0,0,0,1,6,1,-1,-1,998,1,2,-1,-1,-1
2017200249078,1,9,0,18,0,0,0,0,0,0,1,1,2,1,78,11,1598,1,6,-1,-1,-1
2017200249083,1,9,0,5,0,1,0,0,0,0,1,1,6,2,67,10,1364,1,1,-1,-1,-1
2017200249083,2,9,0,3,0,1,0,0,0,0,2,1,6,1,57,9,4394,7,11,-1,-1,-1
2017200249104,1,9,0,18,0,8,0,0,0,0,1,1,6,1,22,5,1461,2,10,-1,-1,-1
2017200249104,2,9,0,9,0,5,0,0,0,0,4,1,6,2,49,8,1796,1,13,-1,-1,-1
2017200249109,1,9,0,16,0,0,0,0,0,0,1,1,6,2,84,11,1124,1,12,-1,-1,-1
2017200249109,2,9,0,17,0,0,0,0,0,0,2,1,6,2,25,5,2967,2,9,-1,-1,-1
2017200249147,1,1,0,18,0,0,0,0,0,0,0,1,6,1,47,8,-1,-1,-1,-1,-1,-1
2017200249173,1,9,0,18,0,6,0,0,0,0,4,1,1,1,26,6,1396,1,16,-1,-1,-1
2017200249173,2,9,0,18,0,8,0,0,0,0,1,1,1,1,25,5,1461,2,3,-1,-1,-1
2017200249177,1,9,0,9,0,5,0,10,7,1,1,1,6,1,54,8,1896,2,13,-1,-1,-1
2017200249177,2,9,0,7,0,5,0,10,1,0,1,1,6,1,20,4,1368,1,9,-1,-1,-1
2017200249189,1,8,0,18,0,0,0,0,0,0,4,1,6,1,27,6,2664,2,19,-1,-1,-1
2017200249219,1,9,0,3,0,0,0,0,0,0,2,1,6,2,52,8,2143,2,5,-1,-1,-1
2017200249219,2,19,0,4,0,0,0,0,0,0,1,1,6,1,-1,-1,2198,2,7,-1,-1,-1
2017200249227,1,1,0,18,0,8,0,0,0,0,1,1,1,1,44,7,-1,-1,-1,-1,-1,-1
2017200249227,2,9,0,7,0,5,0,0,0,0,4,1,1,1,-1,-1,-1,-1,-1,-1,-1,-1
2017200249244,1,9,0,7,0,5,0,0,0,0,1,1,6,2,41,7,1596,1,7,-1,-1,-1
2017200249245,1,9,0,18,0,0,1,6,7,4,1,1,6,1,19,4,2993,2,9,-1,-1,-1
2017200249258,1,9,0,18,0,0,0,0,0,0,1,1,6,2,44,7,1796,1,3,-1,-1,-1
2017200249285,1,9,0,18,0,0,0,0,0,0,1,1,6,1,-1,-1,1997,2,4,-1,-1,-1
2017200249285,2,9,0,3,0,0,0,0,0,0,2,1,1,1,27,6,-1,-1,-1,-1,-1,-1
2017200249314,1,9,0,18,0,8,0,0,0,0,1,1,1,1,35,6,-1,-1,-1,-1,-1,-1
2017200249314,2,9,0,18,0,8,0,0,0,0,1,1,6,1,29,6,-1,-1,-1,-1,-1,-1
2017200249314,3,9,0,18,0,1,0,0,0,0,3,1,6,1,35,6,-1,-1,-1,-1,-1,-1
2017200249325,1,9,0,9,0,5,0,0,0,0,1,1,6,1,64,9,1398,2,15,-1,-1,-1
2017200249325,2,9,0,18,0,8,0,10,0,0,3,1,6,2,45,7,1124,1,13,-1,-1,-1
2017200249325,3,9,0,18,0,1,0,0,0,0,3,1,6,1,31,6,1560,2,3,-1,-1,-1