Accident_Index,Vehicle_Reference,Vehicle_Type,Towing_and_Articulation,Vehicle_Manoeuvre,Vehicle_Location-Restricted_Lane,Junction_Location,Skidding_and_Overturning,Hit_Object_in_Carriageway,Vehicle_Leaving_Carriageway,Hit_Object_off_Carriageway,1st_Point_of_Impact,Was_Vehicle_Left_Hand_Drive?,Journey_Purpose_of_Driver,Sex_of_Driver,Age_of_Driver,Age_Band_of_Driver,Engine_Capacity_(CC),Propulsion_Code,Age_of_Vehicle,Driver_IMD_Decile,Driver_Home_Area_Type,Vehicle_IMD_Decile
2017200249400,1,9,0,18,0,6,0,0,0,0,3,1,6,1,35,6,1395,1,1,-1,-1,-1
2017200249400,2,1,0,18,0,2,0,0,0,0,4,1,6,1,51,8,-1,-1,-1,-1,-1,-1
2017200249420,1,98,1,5,0,0,0,0,0,0,1,1,1,1,28,6,-1,-1,-1,-1,-1,-1
2017200249420,2,9,0,3,0,0,0,0,0,0,2,1,2,2,26,6,999,1,5,-1,-1,-1
2017200249479,1,9,0,18,0,6,0,0,0,0,1,1,6,1,-1,-1,1360,1,13,-1,-1,-1
2017200249479,2,9,0,18,0,2,0,0,0,0,2,1,6,2,46,8,1997,2,2,-1,-1,-1
2017200249531,1,9,0,16,0,2,1,0,0,0,1,1,6,1,33,6,1796,1,10,-1,-1,-1
2017200249531,2,98,0,17,0,1,0,0,0,0,1,1,1,1,60,9,-1,-1,-1,-1,-1,-1
2017200249605,1,21,0,4,0,0,0,0,0,0,1,1,6,1,54,8,4500,2,10,3,1,3
2017200249605,2,19,0,4,0,0,0,0,0,0,2,1,6,1,53,8,2148,2,10,4,1,4
2017200249605,3,9,0,4,0,0,0,0,0,0,2,1,6,1,65,9,-1,-1,-1,-1,3,-1
2017200249605,4,19,0,4,0,0,0,0,0,0,2,1,6,1,61,9,2402,2,15,3,1,3
2017200249612,1,9,0,3,0,2,0,0,0,0,1,1,1,1,-1,-1,1799,1,11,-1,-1,-1
2017200249633,1,9,0,6,0,0,0,0,0,0,3,1,6,1,-1,-1,1598,2,2,-1,-1,-1
2017200249633,2,9,0,18,0,0,0,0,0,0,1,1,6,1,25,5,1968,2,3,-1,-1,-1
2017200249658,1,9,0,18,0,2,1,10,7,10,1,1,6,1,18,4,1798,1,11,-1,-1,-1
2017200249658,2,9,0,18,0,1,0,0,0,0,0,1,1,1,-1,-1,2993,2,-1,-1,-1,-1
2017200249668,1,9,0,9,0,6,0,0,0,0,1,1,3,2,32,6,1339,1,11,-1,-1,-1
2017200249668,2,9,0,18,0,8,0,0,0,0,4,1,2,2,39,7,2143,2,-1,-1,-1,-1
2017200250237,1,9,0,18,0,0,0,0,0,0,3,1,6,2,53,8,1995,1,7,-1,-1,-1
2017200250282,1,9,0,2,0,2,0,0,0,0,0,1,6,2,37,7,1596,1,8,-1,-1,-1
2017200250282,2,9,0,18,0,1,5,4,0,0,1,1,6,3,-1,-1,1360,1,14,-1,-1,-1
2017200250299,1,21,0,11,0,0,1,10,8,0,1,1,1,1,28,6,10837,2,2,-1,-1,-1
2017200250299,2,9,0,15,0,0,2,10,0,0,2,1,6,1,30,6,998,1,17,-1,-1,-1
2017200250299,3,9,0,18,0,0,0,10,8,0,3,1,6,2,42,7,1753,2,10,-1,-1,-1
2017200250321,1,1,0,18,9,8,0,0,0,0,3,1,6,1,67,10,-1,-1,-1,-1,-1,-1
2017200250321,2,9,0,5,9,6,0,0,0,0,1,1,6,1,23,5,1242,1,4,-1,-1,-1
2017200250330,1,9,0,18,0,0,1,10,1,0,1,1,6,1,36,7,1995,2,-1,-1,-1,-1
2017200250345,1,19,0,1,0,0,0,0,0,0,2,1,6,1,-1,-1,2151,2,13,-1,-1,-1
2017200250345,2,9,0,18,0,0,0,0,0,0,1,1,1,2,-1,-1,1968,2,-1,-1,-1,-1
2017200250345,3,9,0,18,0,0,0,0,0,0,1,1,1,1,-1,-1,2993,2,1,-1,-1,-1
2017200250357,1,9,0,18,0,8,0,0,0,0,1,1,6,1,47,8,1794,1,13,-1,-1,-1
2017200250357,22,9,0,18,0,8,0,0,0,0,4,1,6,1,34,6,-1,-1,-1,-1,-1,-1
2017200250360,1,9,0,9,0,5,0,0,0,0,1,1,1,1,28,6,1956,2,2,-1,-1,-1
2017200250360,2,9,0,18,0,8,0,0,0,0,1,1,6,1,22,5,1598,2,4,-1,-1,-1
2017200250409,1,9,0,18,0,8,0,0,0,0,3,1,6,1,30,6,1598,2,8,-1,-1,-1
2017200250409,2,8,0,9,0,6,0,0,0,0,4,1,6,1,62,9,1560,2,5,-1,-1,-1
2017200250415,1,9,0,18,0,0,0,0,0,0,1,1,6,1,-1,-1,1596,1,12,-1,-1,-1
2017200250415,2,9,0,3,0,0,0,0,0,0,2,1,6,2,35,6,1461,2,4,-1,-1,-1
2017200250425,1,9,0,18,0,6,0,10,1,0,1,1,6,1,72,10,1598,1,14,-1,-1,-1
2017200250425,2,19,0,18,0,8,0,10,1,0,1,1,6,1,27,6,1910,2,11,-1,-1,-1
2017200250459,1,9,0,9,0,5,0,0,0,0,1,1,6,2,27,6,1968,2,4,-1,-1,-1
2017200250459,2,9,0,18,0,1,0,0,0,0,4,1,6,2,28,6,1398,1,7,-1,-1,-1
2017200250460,1,9,0,5,0,6,0,0,0,0,1,1,6,2,35,6,1000,1,3,-1,-1,-1
2017200250460,2,9,0,18,0,8,0,0,0,0,3,1,6,2,33,6,1598,1,14,-1,-1,-1
2017200250460,3,9,0,9,0,1,0,0,0,0,1,1,6,1,33,6,1999,2,-1,-1,-1,-1
2017200250470,1,9,0,18,0,6,0,0,0,0,1,1,6,1,-1,-1,1389,1,13,-1,-1,-1
2017200250470,2,9,0,18,0,8,0,0,0,0,3,1,1,1,36,7,1910,2,6,-1,-1,-1
2017200250480,1,9,0,9,0,5,0,0,0,0,1,1,6,1,66,10,1461,2,5,-1,-1,-1
2017200250480,2,9,0,18,0,8,0,0,0,0,1,1,6,2,33,6,1968,2,10,-1,-1,-1
2017200250480,3,9,0,8,0,1,0,0,0,0,3,1,6,1,50,8,-1,-1,-1,-1,-1,-1
2017200250500,1,9,0,18,0,6,0,0,0,0,4,1,6,1,49,8,1339,1,15,-1,-1,-1
2017200250500,2,9,0,18,0,8,0,0,0,0,1,1,6,1,47,8,1995,2,14,-1,-1,-1
2017200250513,1,11,0,9,0,5,0,0,0,0,0,1,1,1,60,9,7300,2,10,-1,-1,-1
2017200250540,1,9,0,2,0,0,1,0,0,0,2,1,6,1,30,6,1753,2,13,-1,-1,-1
2017200250540,2,9,0,18,0,0,0,4,0,0,1,1,1,1,-1,-1,1910,2,9,-1,-1,-1
2017200250576,1,9,0,18,0,1,0,0,0,0,4,1,2,1,28,6,998,1,4,-1,-1,-1
2017200250587,1,9,0,18,0,0,1,0,0,0,1,1,6,1,-1,-1,-1,-1,-1,-1,-1,-1
2017200250587,2,9,0,3,0,0,0,0,0,0,1,1,1,1,46,8,1582,2,7,-1,-1,-1
2017200250591,1,9,0,18,0,8,0,0,0,0,1,1,6,1,-1,-1,-1,-1,-1,-1,-1,-1
2017200250591,2,9,0,18,0,8,0,0,0,0,1,1,6,2,22,5,1242,1,6,-1,-1,-1
2017200250632,1,9,0,1,0,0,0,0,0,0,2,1,6,1,-1,-1,1598,1,10,-1,-1,-1
2017200250632,2,9,0,3,0,0,0,0,0,0,1,1,6,1,22,5,1498,1,11,-1,-1,-1
2017200250708,1,9,0,18,0,0,0,0,0,0,1,1,6,2,67,10,1796,1,17,-1,-1,-1
2017200250708,2,9,0,18,0,0,0,0,0,0,4,1,6,2,31,6,1997,2,11,-1,-1,-1
2017200250784,1,9,0,18,0,1,0,0,0,0,1,1,6,2,38,7,1997,2,8,-1,-1,-1
2017200250784,2,9,0,10,0,1,0,0,0,0,2,1,1,2,-1,-1,2993,2,1,-1,-1,-1
2017200250798,1,98,0,18,0,8,0,0,0,0,1,1,6,1,-1,-1,-1,-1,-1,-1,-1,-1
2017200250798,2,9,0,10,0,8,0,0,0,0,2,1,6,2,42,7,1598,1,10,-1,-1,-1
2017200250811,1,9,0,18,0,0,0,11,0,0,1,1,6,1,-1,-1,2000,2,11,-1,-1,-1
2017200250811,2,9,0,18,0,0,0,0,0,0,0,1,1,1,-1,-1,2993,2,-1,-1,-1,-1
2017200250811,3,9,0,18,0,0,0,0,0,0,1,1,6,2,39,7,1995,2,10,-1,-1,-1
2017200250816,1,9,0,9,0,5,0,0,0,0,3,1,6,1,51,8,1591,1,4,-1,-1,-1
2017200250816,2,3,0,13,0,8,0,0,0,0,1,1,6,1,18,4,124,1,1,-1,-1,-1
2017200250872,1,3,0,14,0,8,5,0,0,0,1,1,6,1,18,4,125,1,2,-1,-1,-1
2017200250872,2,9,0,9,0,6,0,0,0,0,3,1,6,1,66,10,1910,2,11,-1,-1,-1
2017200250895,1,9,0,16,0,0,5,10,7,10,1,1,2,1,22,5,995,1,11,-1,-1,-1
2017200250895,2,9,0,4,0,0,0,0,0,0,1,1,6,2,34,6,1896,2,11,-1,-1,-1
2017200250895,3,9,0,16,0,0,0,0,0,0,0,1,1,1,-1,-1,2993,2,-1,-1,-1,-1
2017200250985,1,9,0,3,0,2,0,0,0,0,3,1,6,1,39,7,1598,1,9,-1,-1,-1
2017200251012,1,8,0,4,0,0,0,0,0,0,2,1,1,1,-1,-1,1497,8,9,-1,-1,-1
2017200251012,2,9,0,18,0,0,0,0,0,0,1,1,6,3,-1,-1,-1,-1,-1,-1,-1,-1
2017200251020,1,9,0,18,0,0,0,0,0,0,1,1,6,1,30,6,1560,2,2,-1,-1,-1
2017200251020,2,9,0,18,0,0,0,10,1,0,3,1,1,1,-1,-1,2993,2,4,-1,-1,-1
2017200251020,3,9,0,18,0,0,0,10,1,0,4,1,1,1,-1,-1,2993,2,-1,-1,-1,-1
2017200251020,4,9,0,18,0,0,0,0,0,0,3,1,1,1,-1,-1,-1,-1,-1,-1,-1,-1
2017200251069,1,98,1,18,0,3,1,10,1,0,1,1,1,3,-1,-1,-1,-1,-1,-1,-1,-1
2017200251083,1,9,0,1,0,2,0,0,0,0,2,1,6,1,30,6,-1,-1,-1,-1,-1,-1
2017200251087,1,9,0,18,0,2,0,4,0,0,1,1,6,1,-1,-1,1686,2,8,-1,-1,-1
2017200251087,2,19,0,2,0,2,0,0,0,0,2,1,1,1,41,7,2287,2,3,-1,-1,-1
2017200251197,1,9,0,18,0,0,0,0,0,0,1,1,2,2,42,7,1242,1,8,-1,-1,-1
2017200251251,1,9,0,18,0,1,0,0,0,0,3,1,2,1,43,7,-1,-1,-1,-1,-1,-1
2017200251261,1,9,0,18,0,1,0,0,0,0,1,1,6,1,-1,-1,998,1,16,-1,-1,-1
2017200251261,2,9,0,3,0,1,0,0,0,0,2,1,6,2,31,6,1329,1,7,-1,-1,-1
2017200251268,1,9,0,18,0,0,0,10,7,11,1,1,6,1,42,7,1242,1,8,-1,-1,-1
2017200251290,1,8,0,6,0,0,0,10,1,0,3,1,2,1,55,8,2231,2,9,-1,-1,-1
2017200251290,2,19,0,18,0,0,0,10,7,10,4,1,6,1,-1,-1,1598,2,-1,-1,-1,-1
2017200251307,1,9,0,13,0,8,0,0,7,0,4,1,6,1,26,6,-1,-1,-1,-1,-1,-1
2017200251307,2,9,0,6,0,8,0,0,1,0,2,1,6,1,20,4,1368,1,7,-1,-1,-1
2017200251358,1,9,0,9,0,6,0,0,0,0,1,1,6,1,-1,-1,1968,2,3,-1,-1,-1
2017200251358,2,9,0,18,0,8,1,10,7,0,3,1,6,2,46,8,1496,2,3,-1,-1,-1
2017200251372,1,9,0,18,0,8,0,10,7,10,4,1,2,1,36,7,2143,2,6,-1,-1,-1
2017200251372,2,9,0,9,0,6,0,0,0,0,3,1,6,1,-1,-1,1896,2,13,-1,-1,-1
2017200251387,1,9,0,9,0,1,0,0,0,0,3,1,6,3,-1,-1,-1,-1,-1,-1,-1,-1
2017200251417,1,9,0,18,0,0,0,0,0,0,1,1,2,2,49,8,1368,1,5,-1,-1,-1
2017200251447,1,8,0,1,0,0,0,0,0,0,2,1,6,3,-1,-1,-1,-1,-1,-1,-1,-1
2017200251475,1,9,0,18,0,2,1,0,0,0,1,1,1,1,37,7,-1,-1,-1,-1,-1,-1
2017200251501,1,9,0,18,0,8,0,0,0,0,1,1,6,1,35,6,1997,1,12,-1,-1,-1
2017200251501,2,19,0,9,0,6,0,0,0,0,4,1,6,1,65,9,1598,2,2,-1,-1,-1
2017200251527,1,9,0,18,0,0,0,0,0,0,1,1,6,1,22,5,1598,1,11,-1,-1,-1
2017200251527,2,9,0,6,0,0,0,0,0,0,3,1,6,1,27,6,2993,2,2,-1,-1,-1
2017200251622,1,8,0,6,0,8,0,0,0,0,1,1,1,1,-1,-1,1997,2,10,-1,-1,-1
2017200251646,1,9,0,9,0,8,0,0,0,0,1,1,2,1,39,7,1995,2,7,-1,-1,-1
2017200251646,2,9,0,18,0,8,0,0,0,0,1,1,2,2,71,10,1124,1,17,-1,-1,-1
2017200251709,1,9,0,7,0,4,0,0,0,0,0,1,2,2,49,8,1200,1,14,-1,-1,-1
2017200251709,2,9,0,18,0,3,0,0,0,0,2,1,6,2,-1,-1,1968,2,9,-1,-1,-1
2017200251718,1,9,0,9,0,2,0,0,0,0,1,1,6,1,32,6,1896,2,16,-1,-1,-1
2017200251718,2,9,0,16,0,1,0,0,0,0,1,1,6,2,33,6,1968,2,8,-1,-1,-1
2017200251731,1,9,0,18,0,1,0,0,0,0,1,1,6,1,51,8,1598,2,-1,-1,-1,-1
2017200251731,2,9,0,4,0,1,0,0,0,0,2,1,6,2,42,7,1995,2,-1,-1,-1,-1
2017200251823,1,9,0,18,0,1,0,0,0,0,1,1,1,2,24,5,1598,2,4,-1,-1,-1
2017200251823,2,9,0,7,0,1,0,0,0,0,2,1,1,1,23,5,1968,2,13,-1,-1,-1
2017200252063,1,9,0,18,0,1,0,0,0,0,1,1,6,1,-1,-1,1995,1,9,-1,-1,-1
2017200252063,2,9,0,3,0,1,1,0,0,0,2,1,6,1,69,10,1499,2,-1,-1,-1,-1
2017200252125,1,9,0,18,0,0,0,7,4,1,1,1,6,1,21,5,1199,1,16,-1,-1,-1
2017200252125,2,9,0,18,0,0,0,0,0,0,0,1,1,1,32,6,1956,2,2,-1,-1,-1
2017200252132,1,9,0,18,0,0,0,0,0,0,1,1,6,1,67,10,1398,1,2,-1,-1,-1
2017200252132,2,9,0,18,0,0,0,10,0,0,1,1,6,1,60,9,1995,2,1,-1,-1,-1
2017200252133,1,9,0,4,0,0,1,0,0,0,1,1,6,1,-1,-1,2720,2,12,-1,-1,-1
2017200252133,2,19,0,4,0,0,1,4,0,0,2,1,2,1,36,7,1598,2,-1,-1,-1,-1
2017200252133,3,9,0,2,0,0,0,0,0,0,3,1,6,3,-1,-1,-1,-1,-1,-1,-1,-1
2017200252133,4,9,0,4,0,0,0,0,0,0,2,1,6,3,-1,-1,-1,-1,-1,-1,-1,-1
2017200252167,1,9,0,5,9,0,0,0,0,0,1,1,6,1,-1,-1,-1,-1,-1,-1,-1,-1
2017200252176,1,9,0,1,9,0,0,0,0,0,2,1,6,1,-1,-1,1968,2,6,-1,-1,-1
2017200252219,1,9,0,1,9,6,0,0,0,0,2,1,6,1,-1,-1,1598,1,9,-1,-1,-1
2017200252241,1,90,0,18,0,0,0,8,0,0,3,1,6,3,-1,-1,-1,-1,-1,-1,-1,-1
2017200252241,2,9,0,2,0,0,0,0,0,0,3,1,6,3,-1,-1,-1,-1,-1,-1,-1,-1
2017200252256,1,9,0,18,0,1,0,0,0,0,1,1,6,2,-1,-1,1753,2,10,-1,-1,-1
2017200252256,2,9,0,4,0,1,0,0,0,0,0,1,1,2,55,8,1398,1,5,-1,-1,-1
2017200252326,1,9,0,9,0,2,0,0,0,0,1,1,2,1,42,7,1998,1,13,-1,-1,-1
2017200252413,1,9,0,6,0,8,0,0,0,0,4,1,6,1,48,8,1199,1,13,-1,-1,-1
2017200252413,2,9,0,18,0,8,0,0,0,0,1,1,2,1,48,8,1968,2,3,-1,-1,-1
2017200252435,1,9,0,18,0,1,0,0,0,0,4,1,6,2,49,8,1246,1,12,-1,-1,-1
2017200252442,1,9,0,18,0,0,0,0,0,0,1,1,6,1,39,7,1598,1,7,-1,-1,-1
2017200252512,1,9,0,12,0,0,0,0,0,0,4,1,1,1,51,8,-1,-1,-1,-1,-1,-1
2017200252512,2,9,0,3,0,0,0,0,0,0,2,1,6,2,61,9,1242,1,1,-1,-1,-1
2017200252512,3,9,0,3,0,0,0,0,0,0,2,1,6,2,55,8,1997,2,15,-1,-1,-1
2017200252512,4,9,0,3,0,0,0,0,0,0,2,1,6,1,21,5,1242,1,14,-1,-1,-1
2017200252512,5,9,0,3,0,0,0,0,0,0,2,1,5,1,-1,-1,-1,-1,-1,-1,-1,-1
2017200252573,1,9,0,18,0,8,0,0,0,0,1,1,6,1,-1,-1,2996,1,9,-1,-1,-1
2017200252573,2,1,0,18,0,8,0,0,0,0,1,1,6,1,32,6,-1,-1,-1,-1,-1,-1
2017200252616,1,9,0,18,0,1,0,0,0,0,1,1,6,3,-1,-1,1198,1,12,-1,-1,-1
2017200252616,2,9,0,3,0,1,0,0,0,0,2,1,6,1,35,6,1364,1,9,-1,-1,-1
2017200252641,1,9,0,18,0,1,0,0,0,0,1,1,6,1,37,7,1995,2,3,-1,-1,-1
2017200252641,2,9,0,3,0,1,0,0,0,0,2,1,6,3,27,6,1997,2,8,-1,-1,-1
2017200252641,3,9,0,10,0,1,0,0,0,0,2,1,6,2,48,8,1587,1,8,-1,-1,-1
2017200252654,1,9,0,18,0,1,0,0,0,0,1,1,6,1,-1,-1,1598,1,9,2,1,2
2017200252654,2,9,0,10,0,1,0,0,0,0,2,1,6,1,52,8,1995,2,11,-1,-1,-1
2017200252713,1,9,0,18,0,8,0,0,0,0,4,1,6,2,23,5,-1,-1,-1,-1,-1,-1
2017200252713,2,9,0,18,0,8,0,0,0,0,3,1,6,1,37,7,2499,2,14,-1,-1,-1
2017200252757,1,9,0,9,0,6,0,0,0,0,1,1,6,1,27,6,1995,2,4,-1,-1,-1
2017200252757,2,9,0,3,0,8,0,0,0,0,4,1,6,2,52,8,1968,2,10,-1,-1,-1
2017200252819,1,9,0,18,0,6,0,10,7,11,4,1,2,2,26,6,1242,1,-1,-1,-1,-1
2017200252819,2,9,0,18,0,8,0,0,0,0,1,1,6,1,36,7,1587,1,13,-1,-1,-1
2017200253046,1,9,0,18,0,4,0,0,0,0,3,1,2,1,-1,-1,1998,1,11,-1,-1,-1
2017200253046,2,1,0,18,0,8,0,0,0,0,4,1,2,1,-1,-1,-1,-1,-1,-1,-1,-1
2017200253049,1,3,0,13,0,8,0,4,7,0,1,1,2,1,30,6,124,1,3,-1,-1,-1
2017200253049,2,9,0,9,0,5,0,0,0,0,3,1,2,2,35,6,1582,2,8,-1,-1,-1
2017200253049,3,9,0,2,9,2,0,0,0,0,4,1,6,3,-1,-1,1868,2,16,-1,-1,-1
2017200253052,1,9,0,7,0,6,0,0,0,0,1,1,6,1,-1,-1,1399,2,5,-1,-1,-1
2017200253052,2,9,0,7,0,6,0,0,0,0,2,1,6,2,43,7,1995,2,2,-1,-1,-1
2017200253058,1,11,0,18,0,0,0,0,0,0,1,1,1,1,-1,-1,-1,-1,-1,-1,-1,-1
2017200253075,1,9,0,9,0,6,1,0,0,0,1,1,6,1,-1,-1,1598,1,10,-1,-1,-1
2017200253075,2,9,0,18,0,8,1,0,0,0,4,1,6,2,24,5,1200,1,1,-1,-1,-1
2017200253081,1,9,0,16,0,0,5,4,0,0,1,1,6,2,31,6,1968,2,8,-1,-1,-1
2017200253081,2,9,0,2,0,0,0,10,7,11,4,1,6,3,-1,-1,1461,2,10,-1,-1,-1
2017200253109,1,9,0,18,0,8,0,0,0,0,2,1,6,1,31,6,1388,1,14,-1,-1,-1
2017200253109,2,9,0,5,0,8,0,0,0,0,4,1,6,1,52,8,2967,2,3,-1,-1,-1
2017200253121,1,9,0,5,0,6,0,0,0,0,1,1,6,1,23,5,1364,1,12,-1,-1,-1
2017200253121,2,9,0,18,0,8,0,0,0,0,4,1,6,2,49,8,1598,1,10,-1,-1,-1
2017200253121,3,9,0,18,0,1,0,0,0,0,3,1,6,1,79,11,1560,2,11,-1,-1,-1
2017200253121,4,21,0,18,0,1,0,0,0,0,1,1,6,1,61,9,7146,2,9,-1,-1,-1
2017200253122,1,9,0,4,0,0,1,10,1,5,1,1,6,1,68,10,1685,2,1,-1,-1,-1
2017200253126,1,9,0,6,0,8,0,0,0,0,4,1,6,2,39,7,998,1,12,-1,-1,-1
2017200253126,2,9,0,18,0,8,0,0,0,0,1,1,6,1,32,6,1388,1,12,-1,-1,-1
2017200253126,3,9,0,18,0,8,0,0,0,0,1,1,6,2,47,8,1560,2,2,-1,-1,-1
2017200253155,1,9,0,9,0,8,0,0,0,0,1,1,6,2,32,6,1386,1,9,-1,-1,-1
2017200253174,1,9,0,9,0,2,0,0,0,0,1,1,6,2,64,9,1598,2,6,-1,-1,-1
2017200253182,1,9,0,9,0,8,0,0,0,0,1,1,6,1,26,6,1995,2,10,-1,-1,-1
2017200253182,2,2,0,18,0,8,2,0,0,0,1,1,6,1,16,4,50,1,4,-1,-1,-1
2017200253210,1,9,0,7,0,2,0,0,0,0,1,1,6,1,49,8,1870,2,7,-1,-1,-1
2017200253210,2,9,0,18,0,2,0,0,0,0,3,2,6,2,36,7,1199,1,14,-1,-1,-1
2017200253211,1,9,0,18,0,8,0,7,2,6,1,1,6,1,26,6,1781,1,16,-1,-1,-1
2017200253211,2,9,0,10,0,1,0,0,0,0,1,1,6,1,52,8,1598,1,11,-1,-1,-1
2017200253239,1,9,0,18,0,0,0,0,0,0,1,1,6,1,-1,-1,1686,2,13,-1,-1,-1
2017200253248,1,9,0,13,0,0,0,0,0,0,4,1,6,3,-1,-1,-1,-1,-1,-1,-1,-1
2017200253248,2,1,0,18,0,0,0,0,0,0,3,1,1,1,54,8,-1,-1,-1,-1,-1,-1
2017200253274,1,9,0,5,0,0,0,0,0,0,4,1,1,1,36,7,1896,2,13,-1,-1,-1
2017200253299,1,9,0,18,0,0,0,0,0,0,1,1,2,1,26,6,1388,1,12,-1,-1,-1
2017200253319,1,19,0,4,0,0,0,0,0,0,4,1,1,1,47,8,1995,2,-1,-1,-1,-1
2017200253319,2,9,0,4,0,0,0,0,0,0,3,1,1,2,27,6,1499,1,2,-1,-1,-1
2017200253355,1,9,0,9,0,3,0,0,0,0,4,1,1,2,25,5,1998,2,14,-1,-1,-1
2017200253355,2,9,0,18,0,4,0,0,0,0,1,1,6,1,66,10,1388,1,12,-1,-1,-1
2017200253366,1,9,0,9,0,6,0,0,0,0,3,1,6,1,41,7,2993,2,-1,-1,-1,-1
2017200253366,2,9,0,18,0,1,0,0,0,0,1,1,6,2,69,10,1242,1,6,-1,-1,-1
2017200253390,1,9,0,5,0,6,0,0,0,0,1,1,5,1,26,6,2993,2,7,-1,-1,-1
2017200253390,2,3,0,18,0,8,1,0,0,0,3,1,6,1,22,5,124,1,11,-1,-1,-1
2017200253454,1,9,0,18,0,0,0,0,0,0,3,1,6,2,49,8,1339,1,8,-1,-1,-1
2017200253456,1,98,0,9,9,5,0,0,0,0,1,1,6,1,-1,-1,-1,-1,-1,-1,-1,-1
2017200253456,2,9,0,8,9,8,0,0,0,0,3,1,6,2,42,7,1997,1,10,-1,-1,-1
2017200253465,1,9,0,10,0,1,0,0,0,0,0,1,1,1,46,8,1597,2,3,-1,-1,-1
2017200253465,2,9,0,15,0,1,1,0,0,0,1,1,6,1,42,7,1753,2,13,-1,-1,-1
2017200253510,1,9,0,9,0,6,0,0,0,0,1,1,1,2,33,6,1229,1,12,-1,-1,-1
2017200253512,1,9,0,5,0,0,0,0,0,0,4,1,6,2,24,5,1242,1,7,-1,-1,-1
2017200253515,1,3,0,13,0,0,0,0,0,0,1,1,6,1,23,5,124,1,2,-1,-1,-1
2017200253515,2,9,0,17,0,0,0,0,0,0,4,1,6,2,33,6,1582,2,5,-1,-1,-1
2017200253515,3,9,0,16,0,0,0,0,0,0,4,1,6,1,43,7,-1,-1,-1,-1,-1,-1
2017200253521,1,9,0,18,0,0,5,4,0,0,1,1,6,1,70,10,1399,1,1,-1,-1,-1
2017200253521,2,9,0,2,0,0,0,4,0,0,1,1,1,2,27,6,1796,1,7,-1,-1,-1
2017200253521,3,9,0,2,0,0,0,0,0,0,1,1,6,2,36,7,1598,2,5,-1,-1,-1
2017200253521,4,9,0,2,0,0,0,0,0,0,1,1,6,3,-1,-1,1360,1,11,-1,-1,-1
2017200253539,1,11,0,18,0,8,0,0,0,0,0,1,1,1,27,6,4461,2,1,-1,-1,-1
2017200253539,2,9,0,9,0,5,0,0,0,0,0,1,6,3,-1,-1,1496,2,1,-1,-1,-1
2017200253558,1,9,0,9,0,5,0,0,0,0,4,1,6,1,32,6,1339,1,11,-1,-1,-1
2017200253558,2,3,0,13,0,8,0,10,2,11,1,1,6,1,25,5,124,1,7,-1,-1,-1
2017200253578,1,9,0,18,0,8,0,0,0,0,1,1,6,1,24,5,1299,1,17,-1,-1,-1
2017200253578,2,9,0,9,0,8,0,0,0,0,4,1,1,2,25,5,1229,1,12,-1,-1,-1
2017200253619,1,9,0,18,0,8,0,0,0,0,1,1,2,1,36,7,995,1,11,-1,-1,-1
2017200253619,2,9,0,9,0,5,0,0,0,0,1,1,6,1,70,10,1753,2,13,-1,-1,-1
2017200253635,1,9,0,18,0,3,0,0,0,0,4,1,6,1,62,9,1390,1,2,-1,-1,-1
2017200253635,2,9,0,12,0,3,0,0,0,0,4,1,6,1,-1,-1,1390,1,14,-1,-1,-1
2017200253706,1,9,0,4,0,0,0,0,0,0,1,1,6,2,-1,-1,1600,1,6,-1,-1,-1
2017200253745,1,9,0,9,0,5,0,0,0,0,1,1,6,1,57,9,2231,2,10,-1,-1,-1
2017200253764,1,9,0,18,0,1,0,0,0,0,1,1,6,1,-1,-1,-1,-1,-1,-1,-1,-1
2017200253764,2,9,0,3,0,1,0,0,0,0,2,1,6,2,-1,-1,999,1,10,-1,-1,-1
2017200253804,1,9,0,9,0,2,0,0,0,0,1,1,6,1,76,11,1390,1,9,-1,-1,-1
2017200253804,2,11,0,3,0,1,0,0,0,0,1,1,1,1,43,7,8268,2,16,-1,-1,-1
2017200253846,1,9,0,9,0,5,0,0,0,0,1,1,6,2,21,5,1995,2,4,-1,-1,-1
2017200253846,2,9,0,18,0,8,0,0,0,0,1,1,6,1,22,5,1995,2,5,-1,-1,-1
2017200253943,1,9,0,18,0,0,0,0,0,0,1,1,6,3,-1,-1,-1,-1,-1,-1,-1,-1
2017200254031,1,9,0,18,0,1,0,0,0,0,1,1,6,1,-1,-1,1149,1,13,-1,-1,-1
2017200254031,2,9,0,3,0,1,0,0,0,0,2,1,3,2,23,5,1198,1,9,-1,-1,-1
2017200254089,1,8,0,18,0,0,0,0,0,0,2,1,3,1,-1,-1,1790,8,7,-1,-1,-1
2017200254089,2,9,0,18,0,0,0,0,0,0,1,1,6,2,-1,-1,1329,1,7,-1,-1,-1
2017200254116,1,9,0,18,0,0,0,0,0,0,3,1,6,2,-1,-1,1998,1,11,-1,-1,-1
2017200254116,2,1,0,18,0,0,0,0,0,0,1,1,6,1,43,7,-1,-1,-1,-1,-1,-1
2017200254131,1,9,0,18,0,0,0,0,0,0,1,1,6,1,-1,-1,2148,2,9,-1,-1,-1
2017200254131,2,9,0,4,0,0,0,0,0,0,2,1,6,2,25,5,1598,2,1,-1,-1,-1
2017200254141,1,9,0,18,0,1,0,0,0,0,1,1,6,3,-1,-1,-1,-1,-1,-1,-1,-1
2017200254186,1,9,0,9,0,1,0,0,0,0,1,1,2,2,24,5,1299,1,13,-1,-1,-1
2017200254186,2,9,0,18,0,1,0,0,0,0,1,1,6,1,-1,-1,1896,2,15,-1,-1,-1