Accident_Index,Vehicle_Reference,Vehicle_Type,Towing_and_Articulation,Vehicle_Manoeuvre,Vehicle_Location-Restricted_Lane,Junction_Location,Skidding_and_Overturning,Hit_Object_in_Carriageway,Vehicle_Leaving_Carriageway,Hit_Object_off_Carriageway,1st_Point_of_Impact,Was_Vehicle_Left_Hand_Drive?,Journey_Purpose_of_Driver,Sex_of_Driver,Age_of_Driver,Age_Band_of_Driver,Engine_Capacity_(CC),Propulsion_Code,Age_of_Vehicle,Driver_IMD_Decile,Driver_Home_Area_Type,Vehicle_IMD_Decile
2017200261060,2,9,0,2,0,0,0,0,0,0,2,1,6,1,-1,-1,1995,1,11,-1,-1,-1
2017200261060,3,9,0,18,0,0,0,0,0,0,1,1,6,2,34,6,1995,2,12,-1,-1,-1
2017200261143,1,9,0,18,0,8,1,10,1,11,1,1,6,1,-1,-1,1124,1,16,-1,-1,-1
2017200261143,2,9,0,18,0,4,0,0,0,0,1,1,6,3,-1,-1,2685,2,13,-1,-1,-1
2017200261176,1,9,0,18,0,0,0,0,0,0,1,1,6,1,-1,-1,1870,2,12,-1,-1,-1
2017200261176,2,9,0,4,0,0,0,0,0,0,2,1,6,2,38,7,2179,2,5,-1,-1,-1
2017200261254,1,19,0,7,0,1,0,0,0,0,2,1,6,1,31,6,1968,2,5,-1,-1,-1
2017200261254,2,9,0,15,2,1,0,0,0,0,1,1,6,2,40,7,5204,1,11,-1,-1,-1
2017200261358,1,9,0,11,0,8,0,0,0,0,4,1,6,1,36,7,1968,2,11,-1,-1,-1
2017200261358,2,98,1,12,0,8,0,0,0,0,1,1,1,1,47,8,-1,-1,-1,-1,-1,-1
2017200261394,1,11,0,4,0,0,0,0,0,0,0,1,1,1,-1,-1,4461,2,3,-1,-1,-1
2017200261425,1,9,0,18,0,0,5,10,1,7,1,1,6,1,68,10,1997,1,17,-1,-1,-1
2017200261890,1,9,0,14,0,1,0,0,0,0,1,1,6,1,33,6,1560,2,8,-1,-1,-1
2017200261988,1,9,0,18,0,6,0,0,0,0,3,1,1,1,42,7,1598,1,8,-1,-1,-1
2017200261988,2,9,0,18,0,8,0,0,0,0,1,1,6,1,32,6,1596,1,6,-1,-1,-1
2017200262129,1,5,0,18,0,1,0,0,0,0,1,1,1,1,-1,-1,749,1,23,-1,-1,-1
2017200262129,2,9,0,2,0,1,0,0,0,0,0,1,6,1,61,9,1198,1,12,-1,-1,-1
2017200262129,3,9,0,18,0,1,0,0,0,0,4,1,6,2,24,5,1598,1,9,-1,-1,-1
2017200262284,1,19,0,9,0,1,0,0,0,0,1,1,1,1,22,5,2198,2,3,-1,-1,-1
2017200262284,2,1,0,18,0,1,0,0,0,0,2,1,6,1,34,6,-1,-1,-1,-1,-1,-1
2017200262575,1,9,0,18,0,8,0,10,7,11,4,1,6,1,36,7,2401,2,9,-1,-1,-1
2017200262575,2,9,0,18,0,8,0,10,1,3,1,1,6,1,-1,-1,1994,2,16,-1,-1,-1
2017200262609,1,9,0,16,0,0,1,10,2,2,1,1,6,1,22,5,1995,2,6,-1,-1,-1
2017200262863,1,9,0,7,0,5,0,0,0,0,1,1,6,3,-1,-1,-1,-1,-1,-1,-1,-1
2017200262863,2,1,0,18,0,2,0,0,0,0,1,1,6,1,19,4,-1,-1,-1,-1,-1,-1
2017200262945,1,9,0,5,0,1,1,4,0,0,1,1,6,1,21,5,1991,1,3,-1,-1,-1
2017200262945,2,19,0,2,9,1,0,0,0,0,3,1,6,1,35,6,2198,2,4,-1,-1,-1
2017200262945,3,9,0,2,9,1,0,0,0,0,3,1,6,1,51,8,2000,2,8,-1,-1,-1
2017200262945,4,9,0,2,9,1,0,0,0,0,1,1,6,2,34,6,1596,1,5,-1,-1,-1
2017200262959,1,9,0,18,0,0,0,0,0,0,1,1,6,1,25,5,1984,1,8,-1,-1,-1
2017200262959,2,8,0,18,0,0,0,0,0,0,1,1,1,1,33,6,1997,2,12,-1,-1,-1
2017200262959,3,9,0,18,0,0,0,0,0,0,1,1,6,1,27,6,1296,1,10,-1,-1,-1
2017200262959,4,9,0,18,0,0,0,0,0,0,2,1,6,1,22,5,998,1,13,-1,-1,-1
2017200262959,5,8,0,18,0,0,0,0,0,0,2,1,1,1,-1,-1,1968,2,7,-1,-1,-1
2017200262959,6,9,0,18,0,0,0,0,0,0,3,1,6,1,-1,-1,2143,12,4,-1,-1,-1
2017200262959,7,9,0,18,0,0,0,0,0,0,2,1,6,1,-1,-1,898,1,2,-1,-1,-1
2017200262959,8,8,0,18,0,0,0,0,0,0,1,1,1,3,-1,-1,1997,2,12,-1,-1,-1
2017200262959,9,9,0,18,0,0,0,0,0,0,1,1,6,1,-1,-1,999,1,-1,-1,-1,-1
2017200262959,10,9,0,18,0,0,0,0,0,0,2,1,6,3,-1,-1,1995,2,10,-1,-1,-1
2017200262959,11,8,0,18,0,0,0,0,0,0,1,1,1,1,-1,-1,1997,2,12,-1,-1,-1
2017200262959,12,9,0,18,0,0,0,0,0,0,1,1,6,3,-1,-1,1984,1,-1,-1,-1,-1
2017200262959,13,9,0,18,0,0,0,0,0,0,1,1,6,1,-1,-1,1968,2,9,-1,-1,-1
2017200262959,14,9,0,18,0,0,0,0,0,0,1,1,6,3,-1,-1,1598,1,14,-1,-1,-1
2017200262996,1,9,0,7,0,3,0,0,0,0,1,1,6,1,54,8,1997,2,-1,-1,-1,-1
2017200262996,2,9,0,7,0,3,0,0,0,0,4,1,6,2,28,6,1598,2,6,-1,-1,-1
2017200263001,1,9,0,18,0,1,0,0,0,0,1,1,6,3,-1,-1,-1,-1,-1,-1,-1,-1
2017200263018,1,9,0,7,0,3,0,0,0,0,3,1,1,2,30,6,1968,2,9,-1,-1,-1
2017200263018,2,9,0,7,0,3,0,0,0,0,4,1,1,1,33,6,-1,-1,-1,-1,-1,-1
2017200263163,1,9,0,18,0,8,0,0,0,0,1,1,6,2,34,6,1596,1,15,-1,-1,-1
2017200263163,2,9,0,12,0,7,0,0,0,0,2,1,5,2,51,8,898,1,1,-1,-1,-1
2017200263362,1,9,0,18,0,1,0,0,0,0,1,1,6,1,22,5,2198,2,10,-1,-1,-1
2017200263449,1,9,0,18,0,8,0,0,0,0,2,1,6,2,31,6,1360,1,16,-1,-1,-1
2017200263449,2,9,0,9,0,5,5,0,0,0,4,1,6,2,70,10,998,1,4,-1,-1,-1
2017200263710,1,9,0,18,0,0,0,4,0,0,1,1,6,1,28,6,1598,1,4,-1,-1,-1
2017200263710,2,9,0,2,0,0,0,0,1,0,2,1,6,1,-1,-1,1598,2,6,-1,-1,-1
2017200263771,1,97,0,18,0,0,0,0,0,0,1,1,6,1,17,4,-1,-1,-1,1,1,1
2017200263771,2,19,0,10,0,0,0,0,0,0,3,1,6,1,42,7,2148,2,10,7,1,7
2017200263877,1,9,0,18,0,1,0,0,0,0,1,1,6,1,35,6,2967,2,6,-1,-1,-1
2017200263877,2,9,0,3,0,1,0,0,0,0,2,1,6,1,31,6,1390,1,9,-1,-1,-1
2017200263877,3,9,0,3,0,1,0,0,0,0,2,1,6,2,21,5,1242,1,8,-1,-1,-1
2017200263908,1,9,0,18,0,0,0,0,0,0,1,1,6,1,-1,-1,-1,-1,-1,-1,-1,-1
2017200263908,2,9,0,18,0,0,0,0,0,0,1,1,6,2,28,6,1598,2,1,-1,-1,-1
2017200263928,1,9,0,18,0,0,0,10,8,5,1,1,1,2,52,8,1240,1,8,-1,-1,-1
2017200263953,1,9,0,7,0,6,0,0,0,0,3,1,6,3,-1,-1,1596,1,12,-1,-1,-1
2017200263953,2,9,0,18,0,8,0,0,0,0,1,1,1,1,47,8,1753,2,6,-1,-1,-1
2017200263957,1,19,0,5,0,0,0,0,0,0,4,1,1,1,47,8,2143,2,-1,-1,-1,-1
2017200263976,1,9,0,18,0,4,0,9,3,1,1,1,6,1,22,5,1198,1,6,-1,-1,-1
2017200264008,1,9,0,13,0,0,0,0,0,0,1,1,1,1,54,8,1968,2,1,-1,-1,-1
2017200264008,2,9,0,18,0,0,0,0,0,0,3,1,1,1,25,5,2993,2,2,-1,-1,-1
2017200264169,1,9,0,11,0,1,0,0,0,0,1,1,6,1,25,5,1398,1,1,-1,-1,-1
2017200264169,2,9,0,18,0,1,0,0,0,0,3,1,6,2,53,8,1598,1,9,-1,-1,-1
2017200264169,3,9,0,18,0,1,0,0,0,0,2,1,6,2,27,6,1461,2,3,-1,-1,-1
2017200264170,1,9,0,9,0,2,0,0,0,0,3,1,1,1,60,9,2188,2,13,-1,-1,-1
2017200264201,1,9,0,18,0,8,0,0,0,0,4,1,6,1,73,10,1399,1,10,-1,-1,-1
2017200264201,2,5,0,13,0,8,0,0,0,0,1,1,6,1,21,5,599,1,19,-1,-1,-1
2017200264366,1,9,0,18,0,1,5,4,1,4,1,1,6,1,23,5,1399,1,1,-1,-1,-1
2017200264366,2,9,0,2,0,1,0,0,0,0,3,1,6,1,-1,-1,1591,1,4,3,1,3
2017200264366,3,9,0,2,0,2,0,0,0,0,3,1,6,1,45,7,1497,8,3,3,1,3
2017200264573,1,9,0,18,0,0,0,4,0,0,1,1,6,1,26,6,1998,2,9,-1,-1,-1
2017200264573,2,9,0,2,0,0,0,0,0,0,0,1,6,1,-1,-1,1796,1,11,-1,-1,-1
2017200264573,3,9,0,2,0,0,0,0,0,0,0,1,6,1,-1,-1,1400,1,17,-1,-1,-1
2017200264573,4,9,0,2,0,0,0,0,0,0,0,1,6,1,-1,-1,1796,7,12,-1,-1,-1
2017200264573,5,9,0,2,0,0,0,0,0,0,0,1,6,1,-1,-1,1396,1,15,-1,-1,-1
2017200264573,6,19,0,2,0,0,0,0,0,0,0,1,6,1,-1,-1,1753,2,12,-1,-1,-1
2017200264579,1,8,0,18,0,8,1,10,8,11,1,1,1,1,44,7,2402,2,11,-1,-1,-1
2017200264579,2,8,0,18,0,8,0,0,0,0,3,1,1,1,-1,-1,2499,2,10,-1,-1,-1
2017200264631,1,9,0,18,0,0,0,0,0,0,1,1,6,2,29,6,998,1,14,5,2,5
2017200264631,2,9,0,4,0,0,0,0,0,0,2,1,6,2,49,8,1229,1,9,2,1,2
2017200264631,3,9,0,4,0,0,0,0,0,0,2,1,6,1,20,4,2143,2,-1,-1,-1,-1
2017200264743,1,9,0,18,0,0,0,0,0,0,1,1,6,2,22,5,1398,1,3,-1,-1,-1
2017200264743,2,9,0,18,0,0,0,0,0,0,1,1,1,1,29,6,1560,2,10,-1,-1,-1
2017200264764,1,19,0,18,0,0,0,0,0,0,1,1,1,1,56,9,2464,2,10,-1,-1,-1
2017200264764,2,9,0,18,0,0,1,0,0,0,2,1,1,2,31,6,1400,1,11,6,1,6
2017200264764,3,9,0,18,0,0,1,0,0,0,2,1,1,2,24,5,1598,1,9,10,2,10
2017200264787,1,9,0,4,0,1,0,0,0,0,2,1,5,2,33,6,1599,1,13,-1,-1,-1
2017200264787,2,21,1,3,0,1,0,0,0,0,1,1,1,1,35,6,12900,2,9,-1,-1,-1
2017200265070,1,21,1,11,0,0,0,0,0,0,4,1,1,1,58,9,11967,2,6,1,1,1
2017200265070,2,9,0,18,0,0,0,0,0,0,3,1,2,2,25,5,1598,1,10,1,1,1
2017200265091,1,9,0,18,0,8,0,10,7,0,1,1,6,3,-1,-1,2000,2,12,-1,-1,-1
2017200265091,2,9,0,5,0,6,0,0,0,0,1,1,6,2,31,6,998,1,4,1,1,1
2017200265105,1,9,0,18,0,8,0,0,0,0,1,1,6,1,22,5,1596,1,12,-1,-1,-1
2017200265105,2,9,0,18,0,8,0,0,0,0,3,1,6,2,45,7,1199,2,7,-1,-1,-1
2017200265178,1,9,0,18,0,0,0,0,0,0,1,1,1,1,50,8,1584,1,14,-1,-1,-1
2017200265185,1,9,0,18,0,2,0,0,0,0,1,1,1,1,19,4,1299,1,13,-1,-1,-1
2017200265185,2,9,0,12,0,2,0,0,0,0,3,1,1,1,28,6,1199,2,4,-1,-1,-1
2017200265188,1,21,0,11,0,0,0,0,0,0,4,1,6,1,-1,-1,6870,2,18,-1,-1,-1
2017200265188,2,9,0,18,0,0,0,0,0,0,3,1,6,2,50,8,1395,1,-1,-1,-1,-1
2017200265261,1,9,0,9,0,5,0,0,0,0,1,1,1,2,21,5,998,1,15,-1,-1,-1
2017200265261,2,9,0,18,0,8,0,0,0,0,1,1,6,2,-1,-1,1968,2,4,-1,-1,-1
2017200265293,1,9,0,18,0,0,0,0,0,0,1,1,6,1,37,7,1598,1,11,-1,-1,-1
2017200265293,2,9,0,4,0,0,0,0,0,0,2,1,6,2,23,5,1598,1,4,-1,-1,-1
2017200265312,1,8,0,18,0,0,0,0,0,0,1,1,1,1,38,7,1997,2,7,-1,-1,-1
2017200265346,1,9,0,4,0,0,0,0,0,0,2,1,6,2,37,7,1598,1,13,-1,-1,-1
2017200265346,2,8,0,18,0,0,0,0,0,0,1,1,1,1,-1,-1,-1,-1,-1,-1,-1,-1
2017200265392,1,8,0,18,0,0,0,0,0,0,1,1,6,3,-1,-1,-1,-1,-1,-1,-1,-1
2017200265408,1,9,0,6,0,0,0,10,0,0,4,1,6,3,-1,-1,-1,-1,-1,-1,-1,-1
2017200265605,1,9,0,18,0,0,0,0,0,0,1,1,2,1,36,7,2495,2,13,-1,-1,-1
2017200265605,2,9,0,3,0,0,0,0,0,0,2,1,6,1,43,7,1997,2,8,-1,-1,-1
2017200265622,1,9,0,18,0,1,0,0,0,0,1,1,6,1,45,7,1086,1,11,-1,-1,-1
2017200265622,2,9,0,3,0,1,0,0,0,0,2,1,6,2,26,6,1197,1,-1,-1,-1,-1
2017200265684,1,9,0,18,0,0,0,4,7,11,1,1,6,1,29,6,1248,2,9,-1,-1,-1
2017200265684,2,9,0,2,0,0,0,4,0,0,2,1,6,3,-1,-1,1998,1,2,-1,-1,-1
2017200265684,3,9,0,2,0,0,0,0,0,0,2,1,6,3,-1,-1,1997,2,7,-1,-1,-1
2017200265684,4,9,0,2,0,0,0,0,0,0,1,1,6,3,-1,-1,2179,2,3,-1,-1,-1
2017200265723,1,9,0,18,0,0,0,10,1,2,1,1,6,2,23,5,-1,-1,-1,-1,-1,-1
2017200265723,2,9,0,2,9,0,0,0,0,0,1,1,6,3,-1,-1,-1,-1,-1,-1,-1,-1
2017200265961,1,9,0,4,0,1,0,0,0,0,2,1,6,2,20,4,999,1,1,-1,-1,-1
2017200265961,2,9,0,18,0,1,0,0,0,0,1,1,6,1,45,7,-1,-1,-1,-1,-1,-1
2017200266418,1,9,0,18,0,1,5,10,1,2,1,1,6,1,-1,-1,2171,1,15,-1,-1,-1
2017200266811,1,9,0,9,0,6,0,0,0,0,3,1,6,2,49,8,1198,1,6,-1,-1,-1
2017200266919,1,19,0,18,0,0,0,0,0,0,3,1,5,1,29,6,2198,2,5,-1,-1,-1
2017200266919,2,98,0,2,0,0,0,0,0,0,0,1,5,1,33,6,-1,-1,-1,-1,-1,-1
2017200267405,1,9,0,18,0,0,0,0,0,0,1,1,6,1,38,7,1399,2,8,-1,-1,-1
2017200267405,2,9,0,18,0,0,0,0,0,0,3,1,6,1,76,11,1198,1,13,-1,-1,-1
2017200267405,3,9,0,18,0,0,0,0,0,0,1,1,6,1,35,6,1582,2,5,-1,-1,-1
2017200267701,1,3,0,18,0,8,1,0,0,0,3,1,6,1,-1,-1,124,1,3,-1,-1,-1
2017200267701,2,9,0,9,0,6,0,0,0,0,1,1,6,1,41,7,2967,2,6,-1,-1,-1
2017200267701,3,9,0,18,0,2,0,0,0,0,0,1,6,3,-1,-1,-1,-1,-1,-1,-1,-1
2017200267707,1,9,0,9,0,6,0,0,0,0,4,1,2,1,58,9,1799,1,7,-1,-1,-1
2017200267707,2,3,0,18,0,8,0,0,0,0,1,1,2,1,27,6,124,1,-1,-1,-1,-1
2017200267742,1,9,0,18,0,6,0,0,0,0,3,1,6,1,44,7,-1,-1,-1,-1,-1,-1
2017200267742,2,9,0,18,0,8,0,0,0,0,1,1,6,2,38,7,999,1,1,-1,-1,-1
2017200268271,1,9,0,18,0,2,0,4,0,0,2,1,1,1,22,5,1968,2,7,-1,-1,-1
2017200268271,2,11,0,2,0,2,0,0,0,0,1,1,6,1,49,8,4500,2,10,-1,-1,-1
2017200268367,1,9,0,18,0,5,0,0,0,0,1,1,6,1,36,7,1360,1,16,-1,-1,-1
2017200268434,1,9,0,9,0,1,0,10,3,11,1,1,6,1,28,6,1598,1,10,-1,-1,-1
2017200268434,2,9,0,9,0,1,0,0,0,0,0,1,1,1,-1,-1,1956,2,2,-1,-1,-1
2017200268463,1,9,0,18,0,6,0,0,0,0,1,1,6,1,26,6,-1,-1,-1,-1,-1,-1
2017200268463,2,9,0,9,0,8,0,0,0,0,4,1,6,1,63,9,1997,2,8,-1,-1,-1
2017200268502,1,98,0,18,0,0,0,0,0,0,1,1,6,3,-1,-1,-1,-1,-1,-1,-1,-1
2017200268502,2,9,0,18,0,0,0,0,0,0,3,1,6,2,35,6,1596,1,6,-1,-1,-1
2017200268564,1,9,0,18,0,1,0,10,1,2,1,1,6,2,63,9,1498,1,11,-1,-1,-1
2017200268676,1,9,0,9,0,6,0,0,0,0,1,1,2,1,65,9,2987,2,9,-1,-1,-1
2017200268676,2,1,0,5,0,8,0,0,0,0,3,1,2,1,41,7,-1,-1,-1,-1,-1,-1
2017200268747,1,9,0,18,0,1,0,0,0,0,4,1,6,1,25,5,1796,1,9,-1,-1,-1
2017200268747,2,9,0,18,0,1,1,0,0,0,2,1,6,1,31,6,1598,1,9,-1,-1,-1
2017200268747,3,9,0,3,0,8,0,0,0,0,2,1,6,2,41,7,1896,2,13,-1,-1,-1
2017200268747,4,9,0,7,0,5,0,0,0,0,2,1,6,2,29,6,1496,2,2,-1,-1,-1
2017200269423,1,9,0,18,0,0,0,0,0,0,1,1,6,1,35,6,1598,1,13,8,1,8
2017200269423,2,9,0,18,0,0,0,0,0,0,1,1,6,1,50,8,1968,2,-1,-1,-1,-1
2017200269423,3,9,0,18,0,0,0,0,0,0,2,1,6,3,-1,-1,1686,2,12,-1,-1,-1
2017200269452,1,9,0,18,0,2,0,0,0,0,4,1,6,1,-1,-1,2521,1,10,-1,-1,-1
2017200269802,1,9,0,18,0,0,0,10,1,11,1,1,6,1,19,4,1248,2,9,-1,-1,-1
2017200270186,1,9,0,5,0,0,0,0,0,0,1,1,6,3,-1,-1,-1,-1,-1,-1,-1,-1
2017200270654,1,9,0,18,0,0,0,0,0,0,1,1,6,2,59,9,1997,2,14,-1,-1,-1
2017200270654,2,9,0,18,0,0,0,7,1,0,1,1,6,2,48,8,1339,1,14,-1,-1,-1
2017200271545,1,9,0,18,0,8,0,0,0,0,0,1,6,1,28,6,2521,1,9,-1,-1,-1
2017200271545,2,9,0,18,0,8,0,4,0,0,0,1,1,2,53,8,1332,1,12,-1,-1,-1
2017200271545,3,9,0,2,0,1,0,0,0,0,0,1,1,3,-1,-1,2616,1,10,-1,-1,-1
2017200271545,4,9,0,18,0,1,0,0,0,0,0,1,1,1,-1,-1,2993,2,-1,-1,-1,-1
2017200271657,1,9,0,18,0,8,0,0,0,0,1,1,6,1,38,7,1910,2,10,-1,-1,-1
2017200271657,2,9,0,18,0,8,0,0,0,0,3,1,6,1,33,6,1796,1,13,-1,-1,-1
2017200271657,3,9,0,18,0,2,0,0,0,0,3,1,6,1,34,6,2967,2,5,-1,-1,-1
2017200271657,4,9,0,18,0,8,0,0,0,0,3,1,6,2,61,9,1497,1,12,-1,-1,-1
2017200271657,5,9,0,2,6,2,0,0,0,0,1,1,6,3,-1,-1,-1,-1,-1,-1,-1,-1
2017200271657,6,9,0,18,0,1,0,0,0,0,0,1,1,1,-1,-1,2993,2,1,-1,-1,-1
2017200271684,1,9,0,18,0,0,0,0,0,0,1,1,6,1,20,4,1587,1,16,2,1,2
2017200271932,1,9,0,18,0,0,0,0,0,0,1,1,6,2,31,6,1560,2,3,-1,-1,-1
2017200271932,2,8,0,18,0,0,0,0,0,0,1,1,1,1,46,8,1997,2,6,-1,-1,-1
2017200272302,1,9,0,3,0,1,0,0,0,0,2,1,6,2,-1,-1,1461,2,4,-1,-1,-1
2017200272302,2,9,0,18,0,1,0,0,0,0,1,1,6,3,-1,-1,1590,1,12,-1,-1,-1
2017200273024,1,9,0,4,0,0,0,0,0,0,2,1,6,1,54,8,1968,2,3,-1,-1,-1
2017200273024,2,9,0,4,0,0,0,0,0,0,2,1,6,1,27,6,1896,2,12,-1,-1,-1
2017200273024,3,9,0,4,0,0,0,0,0,0,2,1,6,2,18,4,1198,1,4,-1,-1,-1
2017200273024,4,9,0,4,0,0,1,0,0,0,1,1,6,2,31,6,1497,8,8,-1,-1,-1
2017200273069,1,9,0,9,0,8,0,0,0,0,1,1,6,1,58,9,1997,1,9,-1,-1,-1
2017200273069,2,9,0,18,0,8,0,0,0,0,1,1,1,1,58,9,-1,-1,-1,-1,-1,-1
2017200273171,1,9,0,18,0,0,0,4,0,0,1,1,6,2,52,8,999,1,1,-1,-1,-1
2017200273171,2,9,0,2,8,0,0,0,0,0,0,1,6,3,-1,-1,2967,2,5,-1,-1,-1
2017200273171,3,9,0,2,8,0,0,0,0,0,0,1,6,3,-1,-1,2198,2,10,-1,-1,-1
2017200273238,1,1,0,18,4,8,0,0,0,0,4,1,6,1,67,10,-1,-1,-1,-1,-1,-1
2017200273238,2,9,0,5,0,6,0,0,0,0,1,1,6,2,22,5,1242,1,3,-1,-1,-1
2017200273330,1,9,0,18,0,6,0,0,0,0,1,1,6,1,37,7,1968,2,5,-1,-1,-1
2017200273330,2,9,0,18,0,8,0,0,0,0,3,1,6,2,37,7,1360,1,17,-1,-1,-1
2017200273414,1,19,0,18,0,8,0,0,0,0,1,1,6,3,-1,-1,2143,2,2,-1,-1,-1
2017200273414,2,9,0,18,0,8,0,0,0,0,2,1,6,2,23,5,1149,1,1,-1,-1,-1
2017200273914,1,9,0,7,0,5,1,10,1,11,1,1,2,1,62,9,1968,2,2,-1,-1,-1
2017200274171,1,9,0,7,0,3,0,10,7,0,1,1,6,1,28,6,1598,1,12,-1,-1,-1
2017200274171,2,9,0,4,0,1,0,0,0,0,1,1,1,1,36,7,2995,1,14,-1,-1,-1
2017200274171,3,8,0,18,0,1,0,0,0,0,4,1,6,1,26,6,2204,2,12,-1,-1,-1
2017200274171,4,1,0,18,0,2,0,0,0,0,2,1,6,2,43,7,-1,-1,-1,-1,-1,-1
2017200274385,1,9,0,1,0,1,0,0,0,0,4,1,6,3,-1,-1,1799,1,7,-1,-1,-1
2017200274389,1,9,0,4,0,1,0,0,0,0,1,1,1,2,52,8,1360,1,10,-1,-1,-1
2017200275190,1,9,0,18,0,0,0,0,0,0,4,1,6,3,-1,-1,-1,-1,-1,-1,-1,-1
2017200275284,1,9,0,18,0,0,0,4,0,0,1,1,6,1,-1,-1,1396,1,14,-1,-1,-1
2017200275284,2,19,0,2,0,0,0,0,0,0,2,1,1,1,51,8,2198,2,2,-1,-1,-1
2017200276525,1,9,0,9,0,6,0,0,0,0,4,1,1,1,42,7,2148,2,7,-1,-1,-1
2017200276715,1,9,0,12,0,0,0,0,0,0,3,1,6,2,39,7,1360,1,15,-1,-1,-1
2017200276715,2,9,0,13,0,0,0,7,5,0,1,1,6,2,48,8,999,1,-1,-1,-1,-1
2017200276767,1,21,4,11,0,0,0,0,0,0,4,1,6,1,51,8,12902,2,1,3,1,3
2017200276767,2,9,0,18,0,0,0,0,0,0,3,1,6,2,27,6,1124,1,12,2,1,2
2017200276837,1,21,1,12,0,0,0,0,0,0,3,1,6,1,25,5,-1,-1,-1,-1,-1,-1
2017200276837,2,9,0,13,0,0,0,7,5,6,4,1,6,2,27,6,998,1,11,1,1,1
2017200277453,1,9,0,3,6,0,0,0,0,0,1,1,6,1,56,9,1598,2,2,1,1,1
2017200277453,2,9,0,3,6,0,0,0,0,0,2,1,2,2,34,6,1248,2,-1,-1,-1,-1
2017200279397,1,9,0,18,0,0,0,0,2,0,1,1,6,1,57,9,2231,2,10,1,1,1
2017200279397,2,9,0,4,0,0,0,0,0,0,2,1,6,1,35,6,1149,1,10,5,1,5
2017200279397,3,9,0,4,0,0,0,0,0,0,4,1,6,1,45,7,1798,8,-1,3,1,3
2017200279526,1,9,0,18,0,1,5,7,0,0,1,1,6,1,74,10,1781,1,16,2,1,2
2017200279526,2,9,0,4,0,1,0,0,0,0,2,1,6,1,30,6,1956,2,6,5,1,5
2017200279543,1,9,0,18,0,1,0,0,0,0,1,1,6,1,30,6,3999,1,9,2,1,2
2017200279543,2,11,0,18,0,2,0,0,0,0,1,1,6,1,65,9,9000,2,9,1,1,1
2017200279755,1,21,0,7,0,8,0,0,0,0,1,1,6,1,48,8,12740,2,1,3,1,3
2017200279755,2,1,0,18,0,8,0,0,0,0,2,1,6,2,32,6,-1,-1,-1,-1,-1,-1
2017200281350,1,98,1,12,0,0,0,0,0,0,3,1,6,1,50,8,-1,-1,-1,-1,-1,-1
2017200281350,2,9,0,11,0,0,0,0,0,0,4,1,6,1,38,7,1248,1,1,8,1,8
2017200281427,1,19,0,18,0,0,1,0,0,0,1,1,6,1,28,6,2198,2,1,-1,-1,-1
2017200281427,2,9,0,18,0,0,1,0,0,0,2,1,6,1,-1,-1,1590,1,16,-1,-1,-1
2017200281427,3,9,0,18,0,0,1,0,0,0,2,1,6,3,-1,-1,1364,1,9,-1,-1,-1
2017200281761,1,9,0,18,0,1,0,0,0,0,3,1,6,1,-1,-1,-1,-1,-1,-1,-1,-1
2017200281761,2,9,0,18,0,2,0,0,0,0,3,1,1,1,-1,-1,1598,2,-1,-1,-1,-1
2017200281761,3,9,0,18,0,2,0,0,0,0,3,1,6,2,36,7,1248,1,7,-1,-1,-1
2017200281997,1,98,1,18,0,0,0,0,0,0,3,1,6,3,-1,-1,-1,-1,-1,-1,-1,-1
2017200281997,2,9,0,13,0,0,0,0,0,0,4,1,6,1,25,5,1499,1,1,10,1,10
2017200282016,1,9,0,18,0,1,0,0,0,0,1,1,6,1,33,6,-1,-1,-1,-1,-1,-1
2017200282016,2,9,0,7,0,5,0,0,0,0,1,1,6,2,40,7,1496,2,2,-1,-1,-1
2017200283401,1,9,0,9,0,5,0,0,0,0,1,1,6,2,20,4,1242,1,4,-1,-1,-1
2017200283401,2,5,0,18,0,8,0,0,0,0,1,1,6,1,37,7,599,1,15,-1,-1,-1
2017200283447,1,9,0,18,0,8,0,0,0,0,1,1,6,1,36,7,1360,1,20,-1,-1,-1
2017200283447,2,11,0,9,0,8,0,0,0,0,4,1,1,1,42,7,7300,2,7,-1,-1,-1
2017200286256,1,9,0,18,0,8,0,0,0,0,1,1,1,1,29,6,1388,1,13,-1,-1,-1
2017200286256,2,9,0,18,0,6,0,0,0,0,1,1,6,2,-1,-1,1600,1,6,-1,-1,-1
2017200290448,1,9,0,18,0,0,1,0,4,0,4,1,6,1,54,8,-1,-1,-1,6,1,6
2017200291290,1,9,0,18,0,8,0,0,0,0,4,1,6,1,27,6,1686,2,6,-1,-1,-1
2017200291290,2,1,0,18,0,6,0,0,0,0,1,1,6,1,11,3,-1,-1,-1,-1,-1,-1
2017200293198,1,9,0,4,0,1,0,0,0,0,1,1,6,1,43,7,1896,2,11,-1,-1,-1
2017200293198,2,3,0,18,0,1,0,0,0,0,1,1,6,1,17,4,125,1,6,-1,-1,-1
2017200293858,1,9,0,16,0,1,0,0,0,0,1,1,6,3,-1,-1,-1,-1,-1,-1,-1,-1
2017200293858,2,9,0,8,0,1,0,0,0,0,2,1,2,2,26,6,1900,2,10,-1,-1,-1
2017200294770,1,9,0,18,0,0,0,0,0,0,1,1,6,1,23,5,1998,2,15,1,1,1
2017200294770,2,9,0,2,0,0,0,0,0,0,3,1,6,1,69,10,2148,2,9,-1,-1,-1
2017200295167,1,9,0,18,0,1,0,0,0,0,1,1,6,1,19,4,1781,1,12,-1,-1,-1
2017200295167,2,9,0,3,0,1,0,0,0,0,4,1,2,1,30,6,1796,1,5,-1,-1,-1