Accident_Index,Vehicle_Reference,Vehicle_Type,Towing_and_Articulation,Vehicle_Manoeuvre,Vehicle_Location-Restricted_Lane,Junction_Location,Skidding_and_Overturning,Hit_Object_in_Carriageway,Vehicle_Leaving_Carriageway,Hit_Object_off_Carriageway,1st_Point_of_Impact,Was_Vehicle_Left_Hand_Drive?,Journey_Purpose_of_Driver,Sex_of_Driver,Age_of_Driver,Age_Band_of_Driver,Engine_Capacity_(CC),Propulsion_Code,Age_of_Vehicle,Driver_IMD_Decile,Driver_Home_Area_Type,Vehicle_IMD_Decile
2017200295167,3,9,0,3,0,1,0,0,0,0,3,1,2,2,39,7,1360,1,14,-1,-1,-1
2017200295350,1,9,0,18,0,0,0,0,0,0,1,1,6,1,28,6,1560,2,9,-1,-1,-1
2017200295350,2,3,0,5,0,0,0,0,0,0,1,1,6,2,41,7,125,1,-1,-1,-1,-1
2017200303947,1,9,0,18,0,2,0,10,1,10,4,1,6,1,23,5,1598,1,8,-1,-1,-1
2017200303947,2,9,0,9,0,1,0,10,7,0,1,1,6,1,27,6,1753,2,10,-1,-1,-1
2017200304693,1,9,0,18,0,8,0,4,1,0,1,1,6,1,21,5,1995,2,3,2,1,2
2017200304693,2,9,0,9,0,6,0,4,3,0,3,1,6,2,30,6,1368,1,8,2,1,2
2017200304693,3,9,0,2,0,2,0,0,0,0,2,1,6,2,-1,-1,2268,2,2,-1,-1,-1
2017200304693,4,9,0,2,0,2,0,0,0,0,2,1,6,1,-1,-1,-1,-1,-1,-1,-1,-1
2017200306267,1,9,0,1,0,0,0,4,0,0,1,1,6,1,22,5,1299,1,11,-1,-1,-1
2017200306267,2,9,0,2,0,0,0,0,0,0,4,1,6,3,-1,-1,-1,-1,-1,-1,-1,-1
2017200306267,3,98,0,2,0,0,0,0,0,0,2,1,6,3,-1,-1,-1,-1,-1,-1,-1,-1
2017200306267,4,9,0,2,0,0,0,0,0,0,2,1,6,3,-1,-1,-1,-1,-1,-1,-1,-1
2017200308518,1,9,0,18,0,8,0,0,0,0,1,1,6,2,25,5,1200,1,13,-1,-1,-1
2017200311122,1,9,0,18,0,0,1,10,4,4,3,1,6,1,28,6,2191,2,5,-1,-1,-1
2017200312098,1,5,-1,14,0,8,0,0,0,0,1,1,2,1,37,7,599,1,14,1,1,1
2017210141265,1,9,0,18,0,0,1,0,7,4,4,1,5,1,21,5,1590,1,12,3,1,3
2017210142372,1,9,0,18,0,0,0,0,0,0,1,1,6,2,46,8,1995,2,5,3,1,3
2017210142372,2,9,0,18,0,0,0,0,0,0,2,1,6,1,39,7,1997,2,8,3,1,3
2017210142372,3,9,0,18,0,0,0,0,0,0,1,1,6,1,40,7,1497,8,11,8,2,8
2017210142372,4,9,0,18,0,0,0,0,0,0,3,1,6,1,42,7,1968,2,7,9,1,9
2017210142491,1,9,0,18,0,0,0,1,4,6,1,1,6,1,30,6,2494,1,14,4,1,4
2017210142837,1,9,-1,9,0,1,0,0,0,0,1,1,6,1,37,7,-1,-1,-1,1,1,1
2017210142837,2,8,-1,18,0,1,0,0,0,0,1,1,1,1,33,6,1896,2,9,1,1,1
2017210142837,3,9,-1,18,0,1,0,0,0,0,0,1,1,1,-1,-1,1956,2,1,1,1,1
2017210142844,1,9,0,9,0,0,0,0,0,0,3,1,6,1,32,6,-1,-1,-1,8,1,8
2017210142844,2,5,0,18,0,0,0,0,0,0,1,1,6,1,40,7,953,1,13,8,1,8
2017210142991,1,9,0,18,0,0,1,0,0,0,1,1,6,2,20,4,1124,1,13,6,3,6
2017210143177,1,9,0,16,0,0,0,0,0,0,1,1,6,2,26,6,1390,1,6,-1,-1,-1
2017210143177,2,9,0,17,0,0,0,0,0,0,1,1,1,2,27,6,1200,1,3,9,3,9
2017210143638,1,9,0,16,0,2,0,7,0,0,1,1,6,2,18,4,1360,1,10,6,1,6
2017210143638,2,9,0,18,0,1,0,0,0,0,1,1,6,2,84,11,998,1,16,3,1,3
2017210143731,1,9,0,16,0,0,1,0,0,0,1,1,6,1,18,4,1108,1,9,7,1,7
2017210143912,1,9,0,18,0,8,0,0,0,0,1,1,6,2,36,7,1596,1,13,2,1,2
2017210143912,2,11,0,18,0,8,0,0,0,0,1,1,1,1,39,7,9000,2,9,-1,-1,-1
2017210143931,1,9,0,18,0,1,0,0,0,0,1,1,6,2,50,8,1242,1,6,-1,-1,-1
2017210143931,2,9,0,9,0,1,0,0,0,0,4,1,6,2,37,7,1598,2,1,9,1,9
2017210143961,1,9,0,9,0,1,0,0,0,0,1,1,6,1,63,9,998,1,2,6,1,6
2017210143983,1,9,0,16,0,1,0,0,0,0,1,1,6,1,19,4,-1,-1,-1,9,1,9
2017210143983,2,9,0,5,0,8,0,0,0,0,3,1,6,1,34,6,1124,1,15,2,1,2
2017210144100,1,9,0,14,0,0,0,0,0,0,1,1,6,1,66,10,1761,1,17,2,1,2
2017210144100,2,9,0,18,0,0,0,0,0,0,1,1,6,2,54,8,1242,1,13,9,1,9
2017210144138,1,9,0,5,0,8,0,0,0,0,4,1,6,2,78,11,1969,2,2,10,1,10
2017210144138,2,9,0,18,0,8,0,0,0,0,1,1,6,1,22,5,998,1,1,6,1,6
2017210144451,1,8,0,5,0,1,0,0,0,0,0,1,1,1,-1,-1,1995,2,3,7,1,7
2017210144455,1,9,0,18,0,1,1,0,1,0,1,1,6,2,20,4,1360,1,7,3,1,3
2017210144455,2,20,0,18,0,1,2,0,7,0,1,1,1,1,56,9,3900,2,13,2,1,2
2017210144465,1,9,0,9,0,1,1,0,3,1,1,1,6,1,18,4,1149,1,4,4,1,4
2017210144510,1,9,0,7,0,8,0,0,0,0,1,1,3,1,56,9,1910,2,12,1,1,1
2017210144510,2,3,0,18,0,1,0,0,0,0,1,1,1,1,24,5,125,1,13,1,1,1
2017210144915,1,19,0,1,0,0,0,0,0,0,2,1,1,1,58,9,1995,2,4,7,1,7
2017210144940,1,9,0,18,0,4,0,0,0,0,1,1,5,2,29,6,1422,2,11,2,1,2
2017210144940,2,1,0,18,0,8,0,0,0,0,2,1,5,1,56,9,-1,-1,-1,9,2,9
2017210144942,1,9,0,18,0,0,0,0,0,0,1,1,6,2,32,6,998,1,14,1,1,1
2017210144946,1,9,0,13,0,0,0,0,0,0,1,1,6,1,25,5,1596,1,15,5,1,5
2017210144946,2,9,0,18,0,0,0,0,0,0,1,1,6,2,45,7,1997,2,2,9,2,9
2017210144953,1,9,0,18,0,8,0,0,0,0,4,1,6,1,67,10,1956,2,1,1,1,1
2017210144953,2,9,0,18,0,8,0,0,0,0,1,1,6,2,50,8,1587,1,14,2,1,2
2017210144979,1,9,0,4,0,0,0,0,0,0,0,1,6,3,-1,-1,-1,-1,-1,-1,-1,-1
2017210144979,2,9,0,4,0,0,0,0,0,0,2,1,6,1,27,6,998,1,8,6,1,6
2017210144979,3,9,0,16,0,0,0,0,0,0,1,1,6,2,25,5,1198,1,11,8,1,8
2017210145015,1,21,0,18,0,1,0,0,0,0,1,1,6,1,48,8,12777,2,9,3,1,3
2017210145015,2,9,0,3,0,1,0,0,0,0,2,1,6,2,50,8,1398,2,2,8,3,8
2017210145015,3,9,0,3,0,1,0,0,0,0,2,1,6,1,47,8,1398,1,2,5,1,5
2017210145017,1,9,0,18,0,1,0,0,0,0,2,1,6,1,24,5,1242,1,15,8,3,8
2017210145017,2,1,0,4,0,1,0,0,0,0,2,1,6,1,52,8,-1,-1,-1,9,1,9
2017210145036,1,9,0,16,0,0,0,0,0,0,1,1,6,1,57,9,1299,1,16,1,1,1
2017210145105,1,3,0,18,-1,1,0,0,0,0,-1,1,6,3,-1,-1,-1,-1,-1,-1,-1,-1
2017210145105,2,3,-1,18,0,1,-1,-1,0,0,-1,1,6,1,52,8,125,1,1,8,1,8
2017210145226,1,9,0,18,0,3,0,0,0,0,1,1,2,1,36,7,2480,1,1,7,1,7
2017210145432,1,9,0,18,0,0,0,0,0,0,3,1,6,1,75,10,1124,1,13,5,1,5
2017210145432,2,9,0,18,0,0,0,0,0,0,4,1,6,2,23,5,1984,1,6,6,2,6
2017210145445,1,9,0,18,0,1,0,0,0,0,1,1,6,1,82,11,1398,1,7,6,1,6
2017210145445,2,9,0,3,0,1,0,0,0,0,2,1,6,1,45,7,1461,2,4,4,1,4
2017210145477,1,9,0,18,0,0,5,0,1,0,1,1,6,2,20,4,1598,2,5,10,2,10
2017210145477,2,9,0,18,0,0,0,0,0,0,1,1,6,1,21,5,1800,1,17,6,1,6
2017210145488,1,9,0,7,0,6,0,0,0,0,0,1,6,2,50,8,1781,1,17,7,1,7
2017210145489,1,9,0,18,0,0,0,0,0,0,1,1,6,2,24,5,1198,1,11,8,2,8
2017210145489,2,9,0,3,0,0,0,0,0,0,3,1,6,2,58,9,1896,2,12,9,2,9
2017210145526,1,9,0,18,0,1,0,0,3,0,1,1,1,2,21,5,1200,1,1,9,1,9
2017210145526,2,9,0,18,0,1,0,0,3,0,4,1,1,2,51,8,1598,1,14,8,1,8
2017210145591,1,9,0,4,0,1,0,0,0,0,1,1,6,1,51,8,996,1,9,-1,-1,-1
2017210145591,2,9,0,4,0,1,0,0,0,0,2,1,6,2,31,6,1395,1,4,7,1,7
2017210145599,1,9,0,16,0,0,0,0,0,0,1,1,6,2,53,8,1348,1,17,5,1,5
2017210145599,2,9,0,16,0,0,0,0,0,0,2,1,6,1,22,5,1995,2,13,7,1,7
2017210145841,1,9,0,9,0,8,0,0,0,0,1,1,6,1,47,8,1984,1,10,8,1,8
2017210145841,2,9,0,17,0,1,0,0,0,0,4,1,6,2,71,10,1200,1,1,4,1,4
2017210145871,1,9,0,18,0,1,-1,0,0,0,1,1,6,1,28,6,1242,1,12,5,1,5
2017210145871,2,9,0,4,0,1,0,0,0,0,2,1,6,1,34,6,1598,2,4,3,1,3
2017210145997,1,9,-1,14,0,0,0,8,0,0,1,1,6,1,59,9,-1,-1,-1,5,1,5
2017210146277,1,9,0,18,0,0,0,0,0,0,1,1,6,2,25,5,998,1,3,6,1,6
2017210146277,2,9,0,2,0,0,0,0,0,0,1,1,6,1,41,7,1328,1,11,2,1,2
2017210146302,1,19,0,18,0,0,0,0,0,0,1,1,6,1,23,5,1461,2,2,5,1,5
2017210146302,2,9,0,4,0,0,0,0,0,0,2,1,6,2,25,5,1956,2,4,9,2,9
2017210146302,3,9,0,18,0,0,0,0,0,0,1,1,6,2,55,8,2400,2,7,10,3,10
2017210146302,4,9,0,18,0,0,0,0,0,0,2,1,6,2,43,7,1242,1,12,2,1,2
2017210146302,5,19,0,18,0,0,0,0,0,0,2,1,6,1,46,8,2298,2,4,-1,-1,-1
2017210146302,6,21,0,18,0,0,0,0,0,0,2,1,6,1,52,8,12902,2,2,9,2,9
2017210146302,7,9,0,18,0,0,0,0,0,0,2,1,6,1,55,8,1598,1,2,4,1,4
2017210146309,1,9,0,18,0,0,0,0,0,0,1,1,2,1,40,7,1328,1,14,8,2,8
2017210146312,1,9,0,18,0,1,0,0,0,0,1,1,6,1,66,10,1995,2,2,2,1,2
2017210146341,1,9,0,9,0,8,0,0,0,0,4,1,1,1,39,7,-1,-1,-1,1,1,1
2017210146341,2,9,0,18,0,8,0,0,0,0,1,1,2,1,49,8,1685,2,4,5,1,5
2017210146343,1,19,0,18,0,0,0,0,0,0,1,1,6,1,59,9,2298,2,1,-1,-1,-1
2017210146343,2,9,0,18,0,0,0,0,0,0,2,1,1,2,38,7,3800,1,6,5,3,5
2017210146343,3,9,0,18,0,0,0,0,0,0,1,1,1,1,54,8,2143,2,4,4,2,4
2017210146353,1,19,0,14,0,0,0,0,0,0,1,1,1,1,50,8,2143,2,1,6,1,6
2017210146353,2,21,0,18,0,0,0,0,0,0,2,1,1,1,42,7,6700,2,3,9,1,9
2017210146356,1,9,0,4,0,0,0,0,0,0,2,1,6,1,63,9,2143,2,1,8,3,8
2017210146356,2,9,0,18,0,0,0,0,0,0,2,1,6,2,26,6,1328,1,6,4,1,4
2017210146356,3,9,0,18,0,0,0,0,0,0,1,1,6,1,47,8,2498,1,17,7,1,7
2017210146413,1,9,0,4,0,0,0,0,0,0,1,1,6,1,42,7,1461,2,3,4,1,4
2017210146413,2,9,0,4,0,0,0,0,0,0,2,1,6,2,30,6,1997,2,4,7,3,7
2017210146413,3,9,0,4,0,0,0,0,0,0,2,1,6,1,47,8,-1,-1,-1,2,2,2
2017210146413,4,9,0,4,0,0,0,0,0,0,2,1,6,1,31,6,-1,-1,-1,3,1,3
2017210146428,1,9,0,9,0,2,0,0,0,0,1,1,1,1,47,8,-1,-1,-1,7,1,7
2017210146428,2,9,0,18,0,1,0,0,0,0,1,1,2,1,44,7,-1,-1,-1,5,3,5
2017210146435,1,9,0,15,0,0,0,0,0,0,1,1,6,1,-1,-1,2204,2,9,7,1,7
2017210146435,2,9,0,15,0,0,0,0,0,0,1,1,2,2,24,5,1598,1,5,9,1,9
2017210146464,1,9,0,9,0,8,0,0,0,0,1,1,6,2,55,8,1685,2,5,-1,-1,-1
2017210146464,2,1,0,18,0,8,0,0,0,0,1,1,6,1,-1,-1,-1,-1,-1,10,2,10
2017210146551,1,1,0,18,0,1,0,0,0,0,4,1,6,1,18,4,-1,-1,-1,5,1,5
2017210146551,2,9,0,9,0,2,0,0,0,0,1,1,6,1,32,6,1364,1,9,2,1,2
2017210146775,1,9,0,9,0,1,0,0,0,0,3,1,6,1,34,6,1796,1,4,-1,-1,-1
2017210146775,2,3,0,18,0,1,0,0,0,0,1,1,6,1,44,7,125,1,2,9,1,9
2017210146888,1,8,-1,9,0,1,0,0,0,0,0,1,1,3,36,7,1896,2,8,1,1,1
2017210146913,1,9,0,18,0,0,0,0,0,0,1,1,6,2,36,7,998,1,17,4,1,4
2017210146913,2,9,0,2,0,0,0,0,0,0,2,1,6,2,-1,-1,1598,1,16,7,1,7
2017210146913,3,9,0,2,0,0,0,0,0,0,2,1,6,1,-1,-1,1399,1,1,-1,-1,-1
2017210146916,1,9,0,18,0,4,0,0,0,0,1,1,6,1,-1,-1,1968,2,3,3,1,3
2017210146916,2,8,0,18,0,4,0,0,0,0,2,1,6,1,49,8,1968,2,5,6,1,6
2017210147215,1,9,0,8,0,1,0,0,0,0,3,1,2,1,22,5,1586,1,5,7,1,7
2017210147231,1,9,0,7,0,8,0,0,0,0,1,1,1,1,26,6,1998,1,1,1,1,1
2017210147231,2,9,0,16,0,8,0,0,0,0,1,1,6,1,65,9,1461,2,3,8,2,8
2017210147252,1,9,0,9,0,1,0,0,0,0,1,1,6,1,74,10,1242,1,11,3,1,3
2017210147252,2,1,0,18,0,1,0,0,0,0,3,1,6,1,29,6,-1,-1,-1,3,1,3
2017210147254,1,9,0,1,0,0,0,0,0,0,2,1,1,1,46,8,1598,2,7,4,1,4
2017210147279,1,1,0,18,0,1,0,0,0,0,1,1,6,2,55,8,-1,-1,-1,-1,-1,-1
2017210147279,2,9,0,18,0,1,0,0,0,0,3,1,6,2,56,9,1388,1,9,2,1,2
2017210147281,1,9,0,18,0,0,0,0,0,0,1,1,6,1,49,8,1399,2,13,1,1,1
2017210147310,1,9,0,18,0,0,0,0,0,0,3,1,6,1,23,5,1968,2,3,1,1,1
2017210147310,2,21,0,18,0,0,0,0,0,0,3,1,6,1,41,7,-1,-1,-1,6,1,6
2017210147318,1,9,0,18,0,1,0,0,0,0,1,1,1,1,21,5,1242,1,14,4,1,4
2017210147318,2,9,0,3,0,1,0,0,0,0,2,1,1,1,67,10,998,1,4,10,1,10
2017210147318,3,9,0,3,0,1,0,0,0,0,2,1,1,1,33,6,1968,2,5,4,1,4
2017210147318,4,9,0,3,0,1,0,0,0,0,2,1,3,2,44,7,1998,1,12,10,1,10
2017210147379,1,9,0,18,0,0,0,0,0,0,1,1,6,1,39,7,3311,8,9,3,1,3
2017210147379,2,9,0,18,0,0,0,0,0,0,2,1,6,2,35,6,2179,2,10,8,2,8
2017210147388,1,9,0,18,0,0,0,0,0,0,0,1,6,2,34,6,1360,1,11,2,1,2
2017210147396,1,9,0,12,0,0,0,0,0,0,1,1,6,3,-1,-1,-1,-1,-1,-1,-1,-1
2017210147396,2,9,0,18,0,0,1,0,5,0,3,1,6,1,54,8,1968,2,5,7,1,7
2017210147656,1,9,0,18,0,0,2,0,0,0,1,1,1,1,41,7,998,1,18,7,1,7
2017210147656,2,9,0,18,0,0,0,0,0,0,3,1,1,2,52,8,1986,2,10,8,3,8
2017210147719,1,9,0,17,0,0,0,0,0,0,1,1,6,1,68,10,1248,1,8,7,1,7
2017210147719,2,9,0,16,0,0,0,0,0,0,1,1,6,1,50,8,998,1,15,7,2,7
2017210147841,1,9,0,18,0,0,0,0,0,0,1,1,6,1,24,5,2979,1,8,7,1,7
2017210147841,2,9,0,3,0,0,0,0,0,0,2,1,6,1,26,6,1598,1,15,2,1,2
2017210148033,1,97,-1,-1,-1,-1,-1,-1,-1,0,-1,1,6,1,-1,-1,-1,-1,-1,-1,-1,-1
2017210148033,2,9,-1,-1,-1,-1,-1,-1,-1,0,-1,1,2,2,34,6,1997,2,3,1,1,1
2017210148070,1,9,-1,-1,-1,0,-1,-1,-1,0,-1,1,5,1,34,6,1399,2,11,1,1,1
2017210148070,2,9,-1,-1,-1,0,-1,-1,-1,0,-1,1,5,1,42,7,1969,2,1,9,1,9
2017210148070,3,9,-1,-1,-1,0,-1,-1,-1,0,-1,1,5,1,-1,-1,-1,-1,-1,6,1,6
2017210148070,4,9,-1,-1,-1,0,-1,-1,-1,0,-1,1,5,1,-1,-1,4293,1,16,7,1,7
2017210148093,1,9,0,18,9,0,0,0,0,0,1,1,6,2,60,9,1248,1,6,1,1,1
2017210148118,1,9,0,18,0,3,0,0,0,0,1,1,6,1,24,5,1599,1,15,5,3,5
2017210148219,1,9,0,7,0,8,0,0,0,0,3,1,2,1,62,9,1956,2,5,10,1,10
2017210148219,2,1,0,18,0,1,0,0,0,0,2,1,6,1,64,9,-1,-1,-1,7,1,7
2017210148227,1,9,0,2,0,0,0,0,0,0,0,1,6,1,39,7,1299,1,14,9,1,9
2017210148242,1,9,0,18,0,1,0,0,0,0,1,1,6,1,28,6,1686,2,12,8,1,8
2017210148276,1,9,0,9,0,1,0,0,0,0,3,1,5,2,42,7,1460,2,11,3,1,3
2017210148276,2,1,0,18,0,1,0,0,0,0,1,1,1,1,20,4,-1,-1,-1,2,1,2
2017210148294,1,9,0,18,0,0,1,0,0,0,1,1,6,2,54,8,1242,1,10,8,1,8
2017210148319,1,98,-1,16,-1,0,-1,-1,-1,0,-1,1,6,3,-1,-1,-1,-1,-1,-1,-1,-1
2017210148319,2,9,-1,16,-1,0,-1,-1,-1,0,-1,1,6,2,48,8,1398,2,12,6,1,6
2017210148395,1,9,0,9,0,2,0,0,3,0,1,1,5,2,84,11,1299,1,16,6,1,6
2017210148395,2,9,0,18,0,1,0,0,3,0,1,1,5,1,52,8,3200,2,9,8,3,8
2017210148642,1,9,0,13,0,0,0,0,1,4,1,1,5,1,50,8,1796,2,4,-1,-1,-1
2017210148685,1,9,4,18,0,0,0,0,0,0,0,1,6,1,32,6,-1,-1,-1,3,2,3
2017210148701,1,9,0,2,0,0,0,0,0,0,3,1,1,1,44,7,1598,2,7,2,1,2
2017210148701,2,9,0,18,0,0,0,0,0,0,3,1,6,1,76,11,1248,1,4,3,1,3
2017210148728,1,9,0,9,0,8,0,0,0,0,1,1,2,2,41,7,1560,2,12,5,1,5
2017210148728,2,9,0,18,0,1,0,0,0,0,4,1,2,1,57,9,1896,2,12,3,1,3
2017210148736,1,9,0,18,0,1,0,0,0,0,1,1,5,2,22,5,1499,1,-1,10,1,10
2017210148736,2,9,0,18,0,1,0,0,0,0,2,1,5,1,39,7,1598,1,14,10,1,10
2017210148736,3,9,0,4,0,1,0,0,0,0,2,1,5,1,32,6,998,1,15,9,2,9
2017210148749,1,9,-1,18,0,0,0,0,0,0,1,1,6,2,22,5,1968,2,6,3,1,3
2017210148749,2,9,-1,3,0,0,0,0,0,0,2,1,1,2,39,7,1197,1,1,6,1,6
2017210148795,1,9,0,18,0,1,0,0,0,0,4,1,6,1,23,5,998,1,15,2,1,2
2017210148795,2,3,0,18,0,1,0,0,0,0,1,1,6,1,26,6,125,1,2,1,1,1
2017210148860,1,9,0,14,0,1,0,0,0,0,1,1,6,2,49,8,1200,1,1,10,2,10
2017210148860,2,9,0,3,0,1,0,0,0,0,2,1,6,1,47,8,2000,2,10,5,1,5
2017210149186,1,9,0,18,0,0,1,0,0,0,1,1,6,1,60,9,1399,1,10,1,1,1
2017210149251,1,9,0,18,0,7,0,0,0,0,4,1,6,2,41,7,998,1,10,3,1,3
2017210149258,1,9,0,18,0,4,0,0,0,0,0,1,1,1,23,5,1598,1,6,7,1,7
2017210149258,2,1,0,18,0,4,0,0,0,0,2,1,1,1,33,6,-1,-1,-1,7,1,7
2017210149414,1,9,0,18,0,0,0,0,0,0,0,1,5,1,20,4,1461,2,2,6,2,6
2017210149702,1,9,0,9,0,1,0,0,7,0,4,1,5,2,22,5,1299,1,12,3,1,3
2017210149702,2,9,0,18,0,1,0,0,0,0,1,1,5,1,33,6,3800,1,9,9,1,9
2017210149704,1,90,0,18,0,1,0,0,0,0,1,1,6,1,40,7,-1,-1,-1,7,3,7
2017210149704,2,9,0,7,0,1,0,0,1,0,2,1,2,1,39,7,1390,1,10,6,2,6
2017210149782,1,9,0,9,0,8,0,0,0,0,1,1,6,1,30,6,1598,1,6,8,2,8
2017210149782,2,9,0,18,0,1,0,0,0,0,1,1,6,1,30,6,2199,2,7,3,1,3
2017210149881,1,9,0,8,0,1,0,0,0,0,1,1,6,1,80,11,1364,1,3,2,1,2
2017210149881,2,9,0,18,0,1,0,0,0,0,1,1,6,1,50,8,2720,2,11,6,1,6
2017210150009,1,8,0,5,0,0,0,0,0,0,-1,1,1,1,50,8,-1,-1,-1,-1,-1,-1
2017210150037,1,9,0,18,0,0,0,0,0,0,1,1,6,1,62,9,1998,2,11,7,3,7
2017210150037,2,9,0,4,0,0,0,0,0,0,2,1,6,2,46,8,1598,1,7,7,1,7
2017210150136,1,9,0,18,0,0,0,0,1,4,1,1,1,1,45,7,1968,2,1,8,3,8
2017210150257,1,97,-1,-1,-1,-1,-1,-1,-1,0,-1,1,6,3,-1,-1,-1,-1,-1,-1,-1,-1
2017210150257,2,9,-1,-1,-1,-1,-1,-1,-1,0,-1,1,6,1,44,7,1248,2,3,-1,-1,-1
2017210150257,3,9,-1,-1,-1,-1,-1,-1,-1,0,-1,1,6,1,78,11,1794,1,13,4,1,4
2017210150266,1,9,0,9,-1,2,0,0,0,0,1,1,6,1,74,10,-1,-1,-1,8,1,8
2017210150266,2,9,-1,-1,-1,-1,-1,-1,-1,0,-1,1,2,2,30,6,898,1,1,2,1,2
2017210150305,1,9,0,18,4,0,0,0,0,0,1,1,6,1,87,11,995,1,10,9,1,9
2017210150305,2,9,0,2,4,0,0,0,0,0,2,1,6,1,32,6,1199,2,4,1,1,1
2017210150334,1,9,0,18,0,1,0,0,0,0,1,1,6,2,18,4,1229,1,6,8,1,8
2017210150334,2,9,0,3,0,1,0,0,0,0,2,1,3,2,44,7,1560,2,4,8,3,8
2017210150334,3,9,0,18,0,1,0,0,0,0,1,1,3,2,39,7,1598,2,2,6,1,6
2017210150377,1,9,0,18,0,3,0,0,0,0,1,1,5,1,54,8,1229,1,4,1,1,1
2017210150377,2,9,0,18,0,3,0,0,0,0,2,1,5,2,28,6,1910,2,8,-1,-1,-1
2017210150420,1,9,0,18,0,0,0,0,0,0,1,1,6,2,44,7,1389,1,21,6,1,6
2017210150558,1,9,0,13,0,0,0,0,0,0,1,1,6,1,20,4,1975,1,8,8,1,8
2017210150558,2,9,0,18,0,0,0,0,0,0,1,1,6,1,85,11,-1,-1,-1,-1,-1,-1
2017210150558,3,9,0,18,0,0,0,0,0,0,2,1,6,1,72,10,4367,2,4,6,1,6
2017210150558,4,9,0,18,0,0,0,0,0,0,1,1,6,1,58,9,1386,1,9,7,2,7
2017210150687,1,3,0,18,0,8,0,0,0,0,1,1,5,1,18,4,124,1,8,4,1,4
2017210150707,1,9,0,16,0,0,0,0,0,0,1,1,6,1,25,5,1956,2,2,6,3,6
2017210150707,2,9,0,17,0,0,0,0,0,0,1,1,6,1,20,4,-1,-1,-1,7,3,7
2017210150768,1,9,-1,18,-1,0,-1,-1,-1,0,-1,1,6,3,-1,-1,1197,1,3,-1,-1,-1
2017210150794,1,9,0,18,0,0,2,0,1,0,4,1,6,1,29,6,1910,2,12,1,1,1
2017210150814,1,9,0,18,0,0,0,0,0,0,0,1,1,1,48,8,1248,2,6,7,1,7
2017210150814,2,9,0,18,0,0,2,0,0,0,1,1,6,1,23,5,1753,2,12,-1,-1,-1
2017210150830,1,9,0,18,0,0,0,0,0,0,1,1,6,2,42,7,1995,2,1,6,3,6
2017210150869,1,9,0,18,0,0,0,0,0,0,1,1,6,2,19,4,1299,1,13,3,1,3
2017210151032,1,9,0,17,0,0,1,0,1,0,2,1,6,2,23,5,1242,1,4,7,2,7
2017210151032,2,9,0,16,0,0,0,0,0,0,1,1,6,1,48,8,-1,-1,-1,7,2,7
2017210151070,1,9,0,5,0,4,0,0,0,0,1,1,1,1,54,8,1870,2,11,5,1,5
2017210151070,2,5,0,18,0,8,0,0,0,0,1,1,2,1,46,8,599,1,7,3,1,3
2017210151202,1,9,0,4,0,0,1,0,0,0,1,1,6,1,30,6,1198,1,14,1,1,1
2017210151202,2,9,0,4,0,0,0,0,0,0,2,1,6,1,21,5,1229,1,5,-1,1,-1
2017210151252,1,8,0,17,0,2,0,0,0,0,1,1,6,1,36,7,1560,2,7,2,1,2
2017210151252,2,9,0,2,0,2,0,0,0,0,2,1,6,1,50,8,1796,1,16,2,1,2
2017210151284,1,9,0,9,0,8,0,0,0,0,1,1,6,2,65,9,1798,8,1,9,1,9
2017210151284,2,1,0,18,0,1,0,0,0,0,3,1,6,1,29,6,-1,-1,-1,3,1,3
2017210151285,1,9,0,9,0,0,0,0,0,0,1,1,1,1,47,8,-1,-1,-1,3,1,3
2017210151285,2,90,0,14,0,0,0,0,1,0,1,1,1,1,57,9,2999,2,5,1,1,1
2017210151307,1,9,0,18,0,0,0,0,0,0,1,1,6,2,23,5,1995,2,4,-1,3,-1
2017210151307,2,9,0,18,0,0,0,0,0,0,2,1,6,1,52,8,1995,2,1,2,1,2
2017210151307,3,9,0,18,0,0,0,0,0,0,2,1,6,1,27,6,1598,2,-1,7,3,7
2017210151307,4,19,0,18,0,0,0,0,0,0,1,1,6,1,73,10,2143,2,7,7,3,7
2017210151399,1,9,0,18,0,1,2,0,2,2,4,1,6,1,20,4,1679,1,18,2,1,2
2017210151399,2,9,0,18,0,1,0,0,-1,0,1,1,6,1,55,8,1398,1,2,2,1,2
2017210151399,3,9,0,5,0,1,0,0,0,0,0,1,6,2,26,6,1461,2,4,3,2,3
2017210151669,1,9,0,16,0,0,0,0,0,0,1,1,6,1,-1,-1,1248,2,10,3,1,3
2017210151669,2,9,0,4,0,0,0,0,0,0,2,1,6,1,43,7,-1,-1,-1,2,1,2
2017210151700,1,9,0,17,0,0,5,0,1,0,4,1,1,1,36,7,1597,7,5,2,1,2
2017210151702,1,9,0,9,0,0,-1,0,0,0,-1,1,6,1,67,10,1499,2,-1,9,1,9
2017210151709,1,21,0,18,0,0,0,0,0,0,4,1,1,1,44,7,4461,2,5,1,1,1
2017210151709,2,90,0,18,0,0,0,0,0,0,0,1,6,3,-1,-1,-1,-1,-1,-1,-1,-1
2017210151710,1,9,0,5,0,0,0,0,0,0,1,1,6,1,59,9,1560,2,8,7,1,7