Accident_Index,Vehicle_Reference,Vehicle_Type,Towing_and_Articulation,Vehicle_Manoeuvre,Vehicle_Location-Restricted_Lane,Junction_Location,Skidding_and_Overturning,Hit_Object_in_Carriageway,Vehicle_Leaving_Carriageway,Hit_Object_off_Carriageway,1st_Point_of_Impact,Was_Vehicle_Left_Hand_Drive?,Journey_Purpose_of_Driver,Sex_of_Driver,Age_of_Driver,Age_Band_of_Driver,Engine_Capacity_(CC),Propulsion_Code,Age_of_Vehicle,Driver_IMD_Decile,Driver_Home_Area_Type,Vehicle_IMD_Decile
2017210175105,2,19,0,2,9,2,0,0,0,0,3,1,5,1,99,11,1995,2,3,2,1,2
2017210175105,3,19,0,2,9,2,0,0,0,0,3,1,6,1,99,11,2987,2,10,2,1,2
2017210175190,1,9,-1,-1,-1,-1,-1,-1,-1,0,-1,1,6,1,30,6,1598,2,6,1,1,1
2017210175190,2,9,-1,-1,-1,-1,-1,-1,-1,0,-1,1,6,3,-1,-1,1896,2,11,-1,-1,-1
2017210175205,1,9,0,18,0,0,-1,0,0,0,3,1,6,1,61,9,998,1,3,6,2,6
2017210175205,2,1,0,9,0,0,-1,0,0,0,1,1,6,1,14,3,-1,-1,-1,6,1,6
2017210175230,1,9,0,17,0,0,0,0,0,0,1,1,6,1,44,7,2499,2,15,-1,-1,-1
2017210175230,2,9,0,16,0,0,0,0,0,0,1,1,6,1,-1,-1,1997,2,8,7,1,7
2017210175232,1,9,0,18,0,1,0,0,0,0,1,1,6,2,-1,-1,-1,-1,-1,-1,-1,-1
2017210175232,2,1,0,18,0,1,0,0,0,0,3,1,6,1,11,3,-1,-1,-1,2,1,2
2017210175238,1,3,0,16,0,0,0,0,0,0,1,1,6,1,26,6,125,1,4,1,1,1
2017210175238,2,9,0,17,0,0,0,0,0,0,1,1,6,1,35,6,1591,1,2,7,1,7
2017210175250,1,9,0,4,0,0,0,0,0,0,1,1,6,2,-1,-1,1560,2,4,2,1,2
2017210175250,2,9,0,4,0,0,0,0,0,0,2,1,6,2,40,7,1598,2,1,1,1,1
2017210175265,1,5,0,13,-1,0,0,0,0,0,1,1,6,1,49,8,1170,1,1,7,3,7
2017210175265,2,9,0,13,-1,0,0,0,0,0,4,1,6,1,37,7,1997,1,9,1,1,1
2017210175265,3,9,0,18,-1,0,0,0,0,0,2,1,6,1,67,10,2488,2,5,6,3,6
2017210175354,1,19,0,9,0,0,0,0,0,0,3,1,1,1,58,9,2198,2,8,1,1,1
2017210175354,2,5,0,18,0,0,0,0,0,0,1,1,6,1,24,5,748,1,11,6,3,6
2017210175379,1,9,-1,-1,-1,0,-1,-1,-1,0,-1,1,6,2,55,8,1896,2,14,1,1,1
2017210175379,2,9,-1,-1,-1,0,-1,-1,-1,0,-1,1,6,2,45,7,1390,2,13,9,2,9
2017210175393,1,19,0,1,0,1,0,0,0,0,2,1,1,1,62,9,1998,2,16,1,1,1
2017210175393,2,2,0,18,0,1,0,0,0,0,1,1,6,1,19,4,49,1,14,3,1,3
2017210175429,1,9,0,18,0,4,0,0,0,0,0,1,5,1,69,10,1999,1,12,10,1,10
2017210175429,2,9,0,18,0,3,0,0,0,0,2,1,5,2,42,7,1598,2,2,3,1,3
2017210175727,1,11,0,18,0,0,0,0,0,0,3,1,6,1,57,9,8268,2,16,3,1,3
2017210175727,2,1,0,18,0,0,0,0,0,0,4,1,6,3,73,10,-1,-1,-1,8,1,8
2017210175789,1,9,0,4,0,2,0,0,0,0,1,1,2,1,29,6,1596,1,6,4,1,4
2017210175789,2,9,0,18,0,8,0,0,0,0,1,1,5,1,36,7,2993,2,11,7,1,7
2017210175789,3,9,0,4,0,2,0,0,0,0,2,1,5,1,64,9,2993,2,2,8,3,8
2017210175793,1,9,0,4,0,0,0,0,0,0,1,1,6,2,40,7,1598,1,10,2,1,2
2017210175793,2,9,0,4,0,0,0,0,0,0,2,1,6,1,38,7,-1,-1,-1,1,1,1
2017210175844,1,9,0,5,0,8,0,0,0,0,3,1,1,1,52,8,2143,2,1,-1,-1,-1
2017210175844,2,9,0,18,0,1,0,0,0,0,1,1,6,1,42,7,1242,1,1,8,1,8
2017210175908,1,9,0,4,0,1,0,0,0,0,3,1,6,2,22,5,1229,1,7,2,1,2
2017210175908,2,9,0,18,0,1,0,0,0,0,3,1,6,1,57,9,1968,2,6,6,1,6
2017210176110,1,9,0,18,0,0,1,0,0,0,3,1,6,2,20,4,1229,1,3,7,1,7
2017210176110,2,9,0,18,0,0,0,0,0,0,2,1,6,1,22,5,1998,1,17,7,1,7
2017210176202,1,9,0,1,0,0,0,0,0,0,2,1,1,1,41,7,-1,-1,-1,2,1,2
2017210176234,1,9,0,18,0,0,0,0,7,0,1,1,6,1,66,10,1995,2,2,10,1,10
2017210176234,2,19,0,18,0,0,0,0,0,0,1,1,6,1,56,9,1248,2,6,-1,-1,-1
2017210176268,1,3,0,7,0,8,0,0,0,0,3,1,6,1,38,7,125,1,4,4,2,4
2017210176300,1,1,0,18,0,0,0,0,0,0,1,1,6,1,9,2,-1,-1,-1,-1,-1,-1
2017210176300,2,9,0,18,0,0,0,0,0,0,1,1,6,1,65,9,1422,2,8,1,1,1
2017210176356,1,9,0,7,0,1,2,0,1,0,1,1,6,1,23,5,1328,1,13,7,1,7
2017210176359,1,9,0,18,0,0,0,0,1,0,1,1,6,1,67,10,1800,1,17,2,1,2
2017210176359,2,9,0,2,9,0,0,0,0,0,4,1,6,1,59,9,1598,2,10,5,3,5
2017210176359,3,9,0,2,9,0,0,0,0,0,3,1,6,2,59,9,1499,1,-1,5,3,5
2017210176359,4,9,0,2,9,0,0,0,0,0,3,1,6,1,61,9,1299,1,9,8,1,8
2017210176550,1,9,0,9,0,0,0,0,0,0,1,1,6,1,36,7,1794,1,10,2,1,2
2017210176550,2,9,0,18,0,0,0,0,0,0,3,1,6,1,20,4,-1,-1,-1,5,1,5
2017210176577,1,9,0,18,0,0,0,0,0,0,1,1,6,1,30,6,2979,1,3,7,1,7
2017210176585,1,9,0,7,0,0,2,0,1,2,1,1,6,1,22,5,1998,1,15,5,1,5
2017210176656,1,97,0,18,0,0,0,0,0,0,1,1,6,1,-1,-1,-1,-1,-1,-1,-1,-1
2017210176656,2,1,0,18,0,0,0,0,0,0,2,1,6,1,8,2,-1,-1,-1,2,1,2
2017210176688,1,9,0,12,0,4,0,0,0,0,3,1,5,2,46,8,1956,2,2,2,1,2
2017210176688,2,98,0,18,0,3,0,0,0,0,1,1,1,1,55,8,-1,-1,-1,4,1,4
2017210176692,1,2,0,13,0,1,0,0,0,0,3,1,6,1,16,4,50,1,4,9,1,9
2017210176692,2,9,0,9,0,1,0,0,0,0,4,1,6,1,29,6,2198,2,10,6,1,6
2017210176765,1,9,0,18,0,0,0,11,0,0,4,1,6,1,28,6,1598,1,11,2,1,2
2017210177255,1,9,0,17,0,0,0,0,1,11,1,1,6,1,36,7,1339,1,10,1,1,1
2017210177255,2,9,0,17,0,0,0,0,0,0,0,1,1,1,-1,-1,1956,2,1,1,1,1
2017210177255,3,9,0,17,0,0,0,0,0,0,2,1,5,1,22,5,1242,1,9,7,2,7
2017210177255,4,9,0,16,0,0,0,0,0,0,3,1,5,1,39,7,1997,2,9,2,1,2
2017210177255,5,9,0,16,0,0,0,0,0,0,1,1,5,2,33,6,898,1,-1,1,1,1
2017210177255,6,9,0,18,0,0,0,0,0,0,3,1,5,2,39,7,1984,2,6,8,1,8
2017210177366,1,9,0,18,0,8,0,0,0,0,4,1,2,2,28,6,1596,1,6,3,2,3
2017210177366,2,9,0,18,0,8,0,0,0,0,1,1,2,2,47,8,1598,1,5,3,3,3
2017210177414,1,9,0,18,0,8,0,0,8,0,1,1,6,1,31,6,1560,2,7,-1,-1,-1
2017210177484,1,-1,-1,-1,-1,-1,-1,-1,-1,0,-1,1,6,3,-1,-1,-1,-1,-1,-1,-1,-1
2017210177484,2,9,0,3,0,8,0,0,0,0,2,1,6,2,66,10,1200,1,1,7,1,7
2017210177496,1,9,-1,-1,-1,0,-1,-1,-1,0,-1,1,6,2,21,5,1124,1,16,9,1,9
2017210177576,1,9,0,18,0,1,0,0,0,0,0,1,5,1,41,7,-1,-1,-1,8,3,8
2017210177576,2,9,0,9,0,1,0,0,0,0,1,1,1,2,40,7,1686,2,10,4,3,4
2017210177777,1,9,0,16,0,0,1,0,0,0,1,1,6,1,19,4,-1,-1,-1,6,1,6
2017210177777,2,9,0,10,0,0,0,0,0,0,2,1,6,2,26,6,1560,2,11,7,3,7
2017210177814,1,9,0,1,0,0,0,0,0,0,2,1,6,2,69,10,1390,1,5,9,1,9
2017210177844,1,9,0,7,0,0,-1,0,0,0,3,1,6,2,36,7,2967,2,8,2,1,2
2017210177844,2,9,0,18,0,0,-1,0,7,0,3,1,6,1,53,8,2494,2,7,8,2,8
2017210177895,1,9,0,13,0,0,0,11,4,0,1,1,6,1,56,9,1398,1,5,4,1,4
2017210177985,1,9,0,13,0,0,0,0,0,0,1,1,6,1,22,5,1598,1,12,2,1,2
2017210177985,2,9,0,18,0,0,0,0,0,0,3,1,6,1,46,8,-1,-1,-1,5,1,5
2017210178059,1,9,0,18,0,0,0,0,0,0,1,1,6,2,19,4,1396,1,12,6,3,6
2017210178059,2,9,0,18,0,0,0,0,0,0,3,1,6,1,29,6,1997,1,4,8,3,8
2017210178102,1,9,0,9,0,8,0,0,0,0,4,1,6,1,39,7,1598,2,3,7,1,7
2017210178102,2,9,0,18,0,1,0,0,0,0,1,1,6,1,38,7,1598,1,10,9,1,9
2017210178116,1,9,0,17,0,1,0,0,0,0,1,1,6,1,29,6,-1,-1,-1,2,1,2
2017210178116,2,9,0,10,0,1,0,0,0,0,2,1,6,1,26,6,1461,2,1,8,1,8
2017210178116,3,9,0,16,0,1,0,0,0,0,3,1,6,2,26,6,2967,2,7,10,1,10
2017210178135,1,9,0,9,0,1,0,0,0,0,2,1,6,2,43,7,3490,1,13,10,2,10
2017210178135,2,9,0,9,0,1,0,0,0,0,1,1,6,2,50,8,998,1,9,7,1,7
2017210178289,1,9,0,5,0,0,0,0,0,0,3,1,6,3,-1,-1,-1,-1,-1,-1,-1,-1
2017210178289,2,9,0,14,0,0,0,0,0,0,4,1,1,2,20,4,1242,1,4,7,1,7
2017210178291,1,9,0,18,0,0,0,0,0,0,1,1,6,1,20,4,1596,1,14,1,1,1
2017210178291,2,9,0,18,0,0,0,0,0,0,1,1,1,1,35,6,1956,2,1,7,1,7
2017210178291,3,19,0,2,0,0,0,0,0,0,1,1,6,3,-1,-1,1995,2,3,-1,-1,-1
2017210178366,1,9,0,13,0,0,0,0,0,0,1,1,6,1,26,6,1998,1,11,3,1,3
2017210178366,2,9,0,16,0,0,0,0,0,0,1,1,6,2,45,7,1598,2,2,8,1,8
2017210178389,1,9,0,18,0,0,0,0,0,0,1,1,5,1,36,7,1796,1,10,9,1,9
2017210178439,1,9,0,18,0,1,0,0,0,0,1,1,6,1,20,4,1399,1,8,5,1,5
2017210178439,2,9,0,7,0,1,0,0,0,0,2,1,6,1,80,11,1769,1,13,5,1,5
2017210178554,1,3,0,17,0,0,0,0,0,0,4,1,6,2,43,7,125,1,1,9,1,9
2017210178849,1,9,0,7,0,0,0,0,0,0,4,1,6,1,82,11,1999,1,12,8,1,8
2017210178849,2,9,0,2,0,0,0,0,0,0,2,1,1,1,36,7,1598,2,6,1,1,1
2017210178964,1,9,0,16,0,1,0,0,0,0,1,1,6,1,25,5,1799,1,11,7,3,7
2017210178964,2,9,0,4,0,1,0,0,0,0,2,1,6,2,22,5,1395,1,4,9,3,9
2017210178997,1,9,-1,17,-1,0,-1,-1,-1,0,-1,1,6,1,-1,-1,-1,-1,-1,4,3,4
2017210178997,2,3,0,16,0,0,0,0,0,0,1,1,6,1,18,4,125,1,1,8,1,8
2017210179207,1,9,0,18,0,0,0,0,0,0,1,1,6,2,64,9,1461,2,5,8,1,8
2017210179207,2,9,0,18,0,0,0,4,0,0,1,1,6,2,27,6,-1,-1,-1,1,1,1
2017210179207,3,9,0,2,0,0,0,0,0,0,1,1,6,2,48,8,1582,2,3,4,1,4
2017210179209,1,9,0,18,0,1,0,0,0,0,1,1,6,1,53,8,-1,-1,-1,6,1,6
2017210179209,2,9,0,18,0,1,0,0,0,0,1,1,6,1,40,7,1248,2,9,9,1,9
2017210179228,1,9,0,16,0,0,0,0,0,0,0,1,6,3,-1,-1,-1,-1,-1,-1,-1,-1
2017210179228,2,1,0,4,0,0,0,0,0,0,1,1,6,1,58,9,-1,-1,-1,10,1,10
2017210179248,1,9,0,16,0,0,0,0,0,0,1,1,6,1,57,9,2987,2,11,2,1,2
2017210179248,2,9,0,17,0,0,0,0,0,0,1,1,6,1,40,7,1362,1,5,3,1,3
2017210179264,1,9,0,18,0,4,0,0,0,0,1,1,6,1,32,6,1783,1,16,7,1,7
2017210179264,2,9,0,18,0,4,0,0,0,0,1,1,6,2,39,7,1686,2,5,5,1,5
2017210179271,1,9,0,7,0,1,0,0,0,0,1,1,6,1,39,7,1364,2,10,1,1,1
2017210179271,2,9,0,18,0,1,0,0,0,0,1,1,6,1,53,8,1598,1,10,3,1,3
2017210179299,1,19,0,9,0,1,0,0,0,0,1,1,6,1,58,9,2198,2,8,1,1,1
2017210179299,2,1,0,18,0,1,0,0,0,0,1,1,6,1,21,5,-1,-1,-1,-1,-1,-1
2017210179314,1,9,0,9,0,8,0,0,0,0,4,1,6,1,44,7,2959,2,13,1,1,1
2017210179314,2,9,0,18,0,8,0,0,0,0,1,1,6,1,65,9,1398,1,6,3,1,3
2017210179317,1,9,0,18,0,1,0,0,0,0,1,1,6,1,42,7,1896,2,10,1,1,1
2017210179317,2,9,0,18,0,1,0,0,0,0,3,1,1,1,24,5,1986,2,8,1,1,1
2017210179332,1,19,0,5,0,0,0,0,0,0,3,1,1,1,28,6,2977,2,12,5,1,5
2017210179353,1,9,0,18,0,2,0,0,0,0,1,1,6,2,34,6,1461,2,7,9,1,9
2017210179450,1,20,0,7,0,4,0,0,0,0,1,1,6,1,50,8,5880,2,18,9,1,9
2017210179450,2,9,0,7,0,4,0,0,0,0,2,1,6,2,31,6,1229,1,5,3,1,3
2017210179450,3,9,0,7,0,4,0,0,0,0,2,1,3,2,-1,-1,1242,1,3,2,1,2
2017210179508,1,9,0,16,0,0,0,0,7,0,1,1,6,2,90,11,1198,1,4,7,3,7
2017210179682,1,9,0,9,0,1,0,0,0,0,3,1,5,1,44,7,1596,1,15,9,1,9
2017210179682,2,5,0,14,0,1,0,0,0,0,1,1,6,1,61,9,998,1,11,10,2,10
2017210179842,1,9,0,18,0,0,0,0,0,0,1,1,6,2,44,7,2198,1,10,10,2,10
2017210179842,2,9,0,4,0,0,0,0,0,0,2,1,6,1,29,6,1968,2,-1,3,1,3
2017210179886,1,9,0,9,0,2,0,0,0,0,1,1,6,2,18,4,1368,1,11,2,1,2
2017210179928,1,9,0,18,0,0,0,0,0,0,2,1,6,2,23,5,1329,1,4,9,3,9
2017210179928,2,21,1,18,0,0,0,0,0,0,1,1,1,1,54,8,9364,2,11,5,1,5
2017210179961,1,9,0,4,0,4,0,0,0,0,2,1,6,1,-1,-1,1596,1,14,-1,-1,-1
2017210179961,2,9,0,18,0,4,0,0,0,0,1,1,6,2,80,11,999,1,2,9,2,9
2017210179974,1,9,0,9,0,1,0,0,0,0,1,1,5,1,26,6,1995,2,11,3,1,3
2017210179974,2,9,0,18,0,1,0,0,0,0,3,1,6,2,51,8,1910,2,11,2,1,2
2017210180008,1,9,0,18,0,0,0,0,0,0,1,1,6,2,35,6,998,1,3,10,1,10
2017210180008,2,1,-1,-1,-1,0,-1,-1,-1,0,-1,1,6,1,12,3,-1,-1,-1,10,1,10
2017210180084,1,9,0,7,0,6,0,0,0,0,1,1,6,1,25,5,1149,1,2,-1,-1,-1
2017210180084,2,1,0,18,0,1,0,0,0,0,1,1,6,1,29,6,-1,-1,-1,6,1,6
2017210180114,1,9,0,18,0,0,0,0,0,0,1,1,6,1,33,6,1984,1,14,7,1,7
2017210180114,2,9,0,18,0,0,0,0,0,0,1,1,6,2,44,7,3200,2,13,6,1,6
2017210180122,1,9,0,18,0,1,0,0,0,0,1,1,6,1,72,10,1596,1,2,1,1,1
2017210180122,2,9,0,18,0,1,0,0,0,0,2,1,5,1,63,9,1598,1,12,-1,-1,-1
2017210180122,3,9,0,18,0,1,0,0,0,0,2,1,6,1,59,9,1951,2,12,5,3,5
2017210180139,1,9,0,18,0,0,0,0,0,0,1,1,6,2,27,6,1388,1,6,9,3,9
2017210180139,2,1,0,18,0,0,0,0,0,0,2,1,6,1,31,6,-1,-1,-1,-1,-1,-1
2017210180159,1,9,0,9,0,8,0,0,0,0,0,1,2,2,39,7,2993,2,3,9,1,9
2017210180275,1,9,0,18,0,0,0,0,0,0,1,1,6,1,37,7,1995,2,5,6,1,6
2017210180275,2,9,0,3,0,0,0,0,0,0,2,1,6,1,44,7,1198,1,3,7,1,7
2017210180333,1,9,0,7,0,6,0,0,0,0,0,1,6,2,39,7,1910,2,10,4,2,4
2017210180333,2,1,0,18,4,1,0,0,0,0,2,1,6,1,41,7,-1,-1,-1,4,1,4
2017210180337,1,9,0,5,0,8,0,0,0,0,3,1,6,2,25,5,1560,2,7,6,1,6
2017210180337,2,9,0,18,0,1,0,0,0,0,1,1,6,1,28,6,998,1,1,7,3,7
2017210180343,1,9,0,9,0,5,0,0,0,0,4,1,6,1,26,6,1150,1,10,2,1,2
2017210180343,2,9,0,18,0,1,0,0,0,0,1,1,5,2,48,8,2656,1,12,5,1,5
2017210180385,1,8,0,4,0,0,0,0,0,0,1,1,6,1,-1,-1,1598,2,5,5,1,5
2017210180385,2,9,0,4,0,0,0,0,0,0,2,1,6,1,-1,-1,1560,2,2,9,1,9
2017210180385,3,9,0,4,0,0,0,0,0,0,2,1,1,2,72,10,998,1,17,8,2,8
2017210180385,4,9,0,4,0,0,0,0,0,0,2,1,6,2,53,8,1997,2,5,10,1,10
2017210180424,1,9,0,18,0,0,0,0,0,0,4,1,6,2,82,11,1595,1,5,2,1,2
2017210180424,2,19,0,18,0,0,0,0,0,0,3,1,6,1,51,8,1560,2,-1,-1,-1,-1
2017210180436,1,9,0,14,0,1,5,0,1,0,1,1,6,1,80,11,1229,1,10,4,1,4
2017210180436,2,9,0,9,0,1,0,0,0,0,1,1,6,1,47,8,1870,2,14,9,1,9
2017210180590,1,9,0,16,0,2,0,0,0,0,1,1,6,1,27,6,1600,1,6,5,1,5
2017210180590,2,9,0,2,0,2,0,0,0,0,2,1,6,2,27,6,1364,1,9,4,1,4
2017210180659,1,9,0,9,0,1,0,0,0,0,1,1,6,1,23,5,2000,2,13,4,1,4
2017210180659,2,9,0,18,0,1,0,0,0,0,1,1,6,1,49,8,1995,2,4,8,1,8
2017210180659,3,9,0,3,0,2,0,0,0,0,3,1,6,1,64,9,1364,1,11,8,1,8
2017210180717,1,9,0,18,0,1,0,0,0,0,1,1,6,1,67,10,1794,1,15,6,1,6
2017210180717,2,5,-1,-1,-1,-1,-1,-1,-1,0,1,1,6,1,53,8,-1,-1,-1,10,1,10
2017210180751,1,9,0,18,0,0,0,0,0,0,2,1,6,2,19,4,1390,1,7,5,1,5
2017210180751,2,9,0,3,0,0,0,0,0,0,1,1,6,2,23,5,1995,2,10,5,1,5
2017210181423,1,9,0,18,0,0,0,0,0,0,1,1,5,2,48,8,1598,1,10,4,1,4
2017210181423,2,1,0,18,0,0,0,0,0,0,2,1,6,1,50,8,-1,-1,-1,10,1,10
2017210181468,1,9,0,18,0,8,0,0,0,0,1,1,1,2,33,6,1596,1,11,2,1,2
2017210181468,2,1,0,18,0,8,0,0,0,0,3,1,5,1,62,9,-1,-1,-1,6,1,6
2017210181537,1,9,0,18,0,1,0,0,0,0,1,1,6,2,52,8,2179,2,6,9,3,9
2017210181537,2,1,0,9,9,1,0,0,0,0,1,1,6,1,13,3,-1,-1,-1,4,1,4
2017210181546,1,9,0,18,0,4,0,0,0,0,1,1,6,1,68,10,1197,1,1,2,1,2
2017210181546,2,3,0,18,0,4,0,0,0,0,4,1,6,1,28,6,85,1,26,4,1,4
2017210181550,1,9,0,18,0,8,0,0,0,0,1,1,6,1,58,9,1395,1,3,7,1,7
2017210181550,2,9,0,4,0,8,0,0,0,0,2,1,6,2,55,8,1399,2,12,6,1,6
2017210181601,1,9,-1,16,0,0,0,0,0,0,1,1,6,2,51,8,1598,1,14,5,1,5
2017210181601,2,9,-1,17,0,0,0,0,0,0,1,1,6,1,68,10,1685,2,1,5,1,5
2017210181643,1,1,0,18,0,0,0,0,0,0,1,1,6,1,25,5,-1,-1,-1,-1,-1,-1
2017210181643,2,9,0,18,0,0,0,0,0,0,1,1,6,1,59,9,1998,1,20,10,1,10
2017210181689,1,21,0,1,0,5,0,0,0,0,1,1,1,1,37,7,4462,2,4,-1,-1,-1
2017210181689,2,9,0,18,0,6,0,0,0,0,1,1,6,2,40,7,2967,2,2,1,1,1
2017210181708,1,9,0,18,0,0,0,0,0,0,1,1,6,1,25,5,-1,-1,-1,4,1,4
2017210181708,2,9,0,3,0,0,0,0,0,0,2,1,6,2,46,8,1248,1,6,2,1,2
2017210181708,3,9,0,3,0,0,0,0,0,0,2,1,6,1,52,8,1598,2,5,10,1,10
2017210181828,1,9,0,17,0,1,0,0,0,0,1,1,6,1,-1,-1,-1,-1,-1,-1,-1,-1
2017210181828,2,9,0,4,0,1,0,0,0,0,2,1,6,1,45,7,1399,1,11,2,1,2
2017210181890,1,9,0,7,0,1,0,0,0,0,1,1,5,1,22,5,1598,2,1,-1,-1,-1
2017210181897,1,9,0,3,0,0,0,0,0,0,2,1,6,1,50,8,1242,1,15,7,1,7
2017210181897,2,9,0,18,0,0,0,0,0,0,1,1,6,1,20,4,1560,2,12,6,1,6
2017210182040,1,9,0,9,0,0,0,0,0,0,3,1,6,1,71,10,1984,2,4,8,2,8
2017210182040,2,9,0,17,0,0,0,0,0,0,3,1,6,2,82,11,1061,1,12,10,2,10
2017210182157,1,21,0,8,0,3,0,0,0,0,2,1,6,1,-1,-1,12777,2,2,-1,-1,-1
2017210182157,2,9,0,18,0,3,0,0,0,0,1,1,6,2,49,8,1390,1,2,6,1,6
2017210182471,1,9,0,18,0,0,0,0,0,0,1,1,6,2,26,6,1596,1,15,5,1,5
2017210182471,2,9,0,18,0,0,0,0,0,0,2,1,6,2,44,7,1995,2,2,2,1,2
2017210182471,3,9,0,18,0,0,0,0,0,0,1,1,6,1,44,7,1956,2,2,4,1,4
2017210182483,1,9,0,13,0,0,0,0,0,0,4,1,6,2,37,7,-1,-1,-1,-1,-1,-1
2017210182483,2,4,0,13,0,0,0,0,7,0,1,1,6,1,24,5,656,1,11,4,2,4
2017210182483,3,9,0,18,0,0,0,0,0,0,0,1,6,1,22,5,1200,1,-1,1,1,1
2017210182508,1,9,0,18,0,0,2,0,0,0,1,1,6,2,47,8,1242,1,13,8,3,8
2017210182508,2,9,0,2,0,0,0,0,0,0,2,1,5,1,-1,-1,2495,2,18,-1,-1,-1
2017210182515,1,9,0,17,0,0,1,0,0,0,1,1,6,1,35,6,1398,1,6,9,1,9
2017210182515,2,9,0,16,0,0,5,0,0,0,1,1,6,1,40,7,-1,-1,-1,8,3,8
2017210182525,1,9,0,9,0,0,0,0,0,0,1,1,6,1,50,8,1560,2,12,4,1,4
2017210182559,1,9,0,16,0,0,0,0,0,0,1,1,2,1,33,6,1598,1,12,3,1,3
2017210182559,2,9,0,17,0,0,0,0,0,0,1,1,6,1,51,8,2143,2,3,6,3,6
2017210182573,1,9,0,18,0,0,0,0,0,0,1,1,6,1,25,5,1242,1,14,10,2,10
2017210182637,1,9,0,18,0,0,0,0,0,0,1,1,6,1,47,8,3200,2,1,8,3,8
2017210182637,2,9,0,18,0,0,0,0,0,0,2,1,6,1,63,9,1910,2,9,5,1,5
2017210182669,1,11,0,18,0,0,0,0,0,0,3,1,1,3,-1,-1,-1,-1,-1,-1,-1,-1
2017210182695,1,9,0,18,0,1,0,0,0,0,1,1,6,1,19,4,1597,1,10,4,1,4
2017210182695,2,8,0,18,0,1,0,0,0,0,3,1,1,1,27,6,1995,2,9,1,1,1
2017210183017,1,9,0,18,0,1,0,0,0,0,1,1,6,1,54,8,1598,2,3,6,1,6
2017210183017,2,9,0,3,0,1,0,0,0,0,2,1,6,2,41,7,2179,2,3,5,3,5
2017210183019,1,19,0,18,0,0,0,0,0,0,1,1,1,1,54,8,2298,2,1,7,1,7
2017210183019,2,9,0,9,0,0,0,0,0,0,-1,1,6,2,59,9,1896,2,10,2,1,2
2017210183022,1,9,0,18,0,0,0,0,7,0,-1,1,3,1,42,7,1339,1,13,2,1,2
2017210183022,2,9,0,2,0,0,0,0,0,0,-1,1,2,2,35,6,1390,1,9,3,1,3
2017210183045,1,9,0,7,0,0,0,0,0,0,4,1,6,1,22,5,1360,1,11,7,1,7
2017210183045,2,1,0,18,0,0,0,0,0,0,1,1,6,1,28,6,-1,-1,-1,1,1,1
2017210183066,1,9,0,18,0,0,-1,0,0,0,2,1,6,2,23,5,1299,1,15,2,1,2
2017210183066,2,9,0,3,0,0,-1,0,0,0,1,1,6,1,33,6,-1,-1,-1,5,1,5
2017210183127,1,9,0,2,0,0,0,0,0,0,2,1,6,3,-1,-1,1248,1,1,-1,-1,-1
2017210183127,2,9,0,18,0,0,0,0,0,0,1,1,6,1,24,5,1242,1,15,1,1,1
2017210183348,1,9,0,18,0,0,5,0,0,0,1,1,6,2,58,9,1248,1,5,8,1,8
2017210183348,2,9,0,1,0,0,0,0,0,0,2,1,6,1,55,8,1461,2,2,6,1,6
2017210183353,1,9,0,17,0,0,0,0,0,0,1,1,6,2,84,11,1598,1,4,8,2,8
2017210183353,2,19,0,2,0,0,0,0,0,0,1,1,6,2,49,8,1896,2,8,5,1,5
2017210183428,1,9,0,18,0,1,0,0,0,0,1,1,6,1,19,4,1995,2,3,4,1,4
2017210183428,2,9,0,4,0,1,0,0,0,0,2,1,6,1,49,8,1796,1,13,10,1,10
2017210183469,1,9,0,18,0,0,0,0,0,0,1,1,6,2,18,4,1242,1,5,9,1,9
2017210183469,2,9,0,9,0,0,0,0,0,0,1,1,6,2,56,9,1596,1,13,4,1,4
2017210183497,1,9,0,7,0,1,2,0,2,1,1,1,6,1,29,6,1998,1,17,1,1,1
2017210183537,1,9,0,17,0,0,5,0,7,9,1,1,6,1,19,4,1242,1,12,4,1,4
2017210183561,1,9,0,18,0,1,0,0,0,0,1,1,6,1,44,7,1968,2,5,7,3,7
2017210183561,2,9,0,9,0,1,0,0,0,0,2,1,6,1,42,7,1798,1,11,10,1,10
2017210183567,1,9,0,18,0,8,0,0,0,0,1,1,6,3,-1,-1,-1,-1,-1,-1,-1,-1
2017210183586,1,9,0,11,0,8,0,0,0,0,4,1,6,2,37,7,2198,2,2,5,3,5
2017210183586,2,9,0,18,0,8,0,0,0,0,3,1,6,2,32,6,1560,2,6,7,3,7
2017210183995,1,9,0,18,0,1,1,0,0,0,1,1,6,2,53,8,1242,1,13,10,1,10
2017210183995,2,9,0,18,0,8,0,0,0,0,4,1,1,1,60,9,-1,-1,-1,10,1,10
2017210184011,1,9,0,18,0,8,0,0,0,0,3,1,6,2,-1,-1,2143,2,4,5,1,5
2017210184011,2,5,0,9,0,8,0,0,0,0,1,1,6,1,30,6,779,1,4,4,1,4
2017210184019,1,9,0,9,0,1,0,0,0,0,1,1,6,1,68,10,1995,2,1,8,3,8
2017210184019,2,9,0,18,0,1,0,0,0,0,1,1,6,1,93,11,1108,1,7,6,1,6
2017210184080,1,9,-1,9,0,1,0,0,0,0,1,1,6,1,50,8,1299,1,18,7,1,7