Accident_Index,Vehicle_Reference,Vehicle_Type,Towing_and_Articulation,Vehicle_Manoeuvre,Vehicle_Location-Restricted_Lane,Junction_Location,Skidding_and_Overturning,Hit_Object_in_Carriageway,Vehicle_Leaving_Carriageway,Hit_Object_off_Carriageway,1st_Point_of_Impact,Was_Vehicle_Left_Hand_Drive?,Journey_Purpose_of_Driver,Sex_of_Driver,Age_of_Driver,Age_Band_of_Driver,Engine_Capacity_(CC),Propulsion_Code,Age_of_Vehicle,Driver_IMD_Decile,Driver_Home_Area_Type,Vehicle_IMD_Decile
2017210184080,2,9,-1,18,0,1,0,0,0,0,1,1,6,1,19,4,1248,1,7,8,1,8
2017210184350,1,9,0,18,0,4,0,0,0,0,1,1,1,1,41,7,1998,2,7,1,1,1
2017210184350,2,1,0,18,0,8,0,0,0,0,1,1,2,2,23,5,-1,-1,-1,4,1,4
2017210184378,1,9,-1,7,0,0,0,0,0,0,-1,1,6,3,-1,-1,-1,-1,-1,-1,-1,-1
2017210184447,1,9,0,18,0,4,0,0,0,0,1,1,6,1,77,11,1396,1,4,4,1,4
2017210184447,2,9,0,18,0,4,0,0,0,0,1,1,6,1,37,7,1997,2,13,-1,-1,-1
2017210184464,1,19,0,16,0,0,0,0,0,0,1,1,1,1,28,6,2198,2,8,1,1,1
2017210184464,2,9,0,17,0,0,0,0,0,0,1,1,6,2,36,7,1796,1,14,8,1,8
2017210184464,3,9,0,17,0,0,0,0,0,0,1,1,6,2,62,9,1596,1,5,8,1,8
2017210184495,1,9,0,18,0,0,0,0,0,0,1,1,6,1,40,7,2179,2,4,2,1,2
2017210184495,2,9,0,3,0,0,0,0,0,0,2,1,6,2,55,8,1390,1,8,10,1,10
2017210184522,1,9,0,18,0,8,0,0,0,0,3,1,6,1,20,4,1242,1,11,3,1,3
2017210184522,2,9,0,18,0,8,0,0,0,0,1,1,6,2,21,5,1968,2,11,4,1,4
2017210184658,1,9,0,18,0,8,0,0,0,0,1,1,6,1,18,4,1242,1,9,2,1,2
2017210184671,1,9,0,17,0,0,0,0,0,0,1,1,6,1,27,6,1199,1,16,4,2,4
2017210184671,2,9,0,2,0,0,0,0,0,0,4,1,6,2,-1,-1,1598,2,6,6,1,6
2017210184671,3,9,0,17,0,0,0,0,0,0,0,1,1,1,-1,-1,2993,2,3,-1,-1,-1
2017210184680,1,9,0,7,0,5,0,0,0,0,1,1,6,1,61,9,1596,1,6,4,1,4
2017210184683,1,9,0,17,0,0,1,0,0,0,1,1,6,1,19,4,1149,1,11,3,1,3
2017210184683,2,9,0,16,0,0,0,0,0,0,1,1,2,2,24,5,1242,1,7,3,1,3
2017210185010,1,9,0,10,0,0,0,0,0,0,4,1,6,2,55,8,1587,1,10,1,1,1
2017210185010,2,3,0,18,0,0,0,0,0,0,1,1,2,1,20,4,124,1,4,7,3,7
2017210185055,1,9,0,15,0,0,0,0,0,0,2,1,1,1,55,8,1794,1,9,3,1,3
2017210185055,2,9,0,2,0,0,0,0,0,0,1,1,1,1,28,6,-1,-1,-1,2,1,2
2017210185138,1,11,0,17,0,1,0,0,0,0,1,1,1,1,49,8,5850,2,15,-1,-1,-1
2017210185194,1,9,0,6,0,1,0,0,0,0,1,1,6,1,35,6,-1,-1,-1,6,3,6
2017210185194,2,5,0,13,0,1,0,0,0,0,4,1,6,1,25,5,599,1,17,6,1,6
2017210185201,1,9,0,9,0,6,0,0,0,0,1,1,6,1,68,10,1685,2,2,7,3,7
2017210185201,2,9,0,18,0,1,0,0,0,0,1,1,6,1,22,5,998,1,15,1,1,1
2017210185202,1,8,0,18,0,8,0,0,0,0,1,1,1,1,-1,-1,1995,2,5,1,1,1
2017210185202,2,8,0,18,0,8,0,0,0,0,1,1,1,1,37,7,1997,2,12,4,1,4
2017210185223,1,9,0,18,0,1,0,0,0,0,1,1,6,1,30,6,1598,2,1,7,1,7
2017210185223,2,9,0,18,0,1,0,0,0,0,2,1,6,1,55,8,2204,2,8,9,1,9
2017210185267,1,9,0,12,0,0,0,0,0,0,1,1,6,2,25,5,1398,2,6,3,1,3
2017210185267,2,9,0,3,0,0,0,0,0,0,2,1,6,2,25,5,1498,1,7,10,1,10
2017210185937,1,21,1,18,0,0,0,0,0,0,1,1,1,1,60,9,12809,2,1,1,1,1
2017210185937,2,9,0,18,0,0,0,0,0,0,2,1,2,1,45,7,998,1,14,2,1,2
2017210186001,1,9,0,18,0,4,0,0,0,0,1,1,6,1,53,8,1598,2,2,6,1,6
2017210186001,2,9,0,18,0,4,0,0,0,0,2,1,6,2,41,7,1598,2,1,10,2,10
2017210186008,1,9,0,18,0,0,0,0,0,0,1,1,6,2,27,6,1995,2,10,6,1,6
2017210186008,2,21,0,2,0,0,0,0,0,0,3,1,1,1,49,8,12809,2,2,7,1,7
2017210186008,3,21,0,2,0,0,0,0,0,0,3,1,1,1,-1,-1,-1,2,14,2,1,2
2017210186030,1,9,0,13,0,0,0,0,0,0,0,1,6,2,-1,-1,-1,-1,-1,5,3,5
2017210186030,2,1,0,18,0,0,0,0,0,0,0,1,6,1,50,8,-1,-1,-1,6,2,6
2017210186034,1,19,0,18,0,0,0,0,0,0,1,1,1,1,48,8,2198,2,1,9,1,9
2017210186034,2,3,0,18,0,0,0,0,0,0,4,1,6,1,30,6,125,1,3,3,1,3
2017210186050,1,9,0,18,0,1,0,0,0,0,0,1,6,2,20,4,1198,1,7,10,3,10
2017210186050,2,9,0,3,0,1,0,0,0,0,0,1,6,2,43,7,1910,2,11,2,1,2
2017210186057,1,1,0,18,0,0,0,0,0,0,2,1,4,1,17,4,-1,-1,-1,7,1,7
2017210186057,2,9,0,5,0,0,0,0,0,0,1,1,6,2,-1,-1,-1,-1,-1,-1,-1,-1
2017210186097,1,90,0,18,9,0,0,0,0,0,1,1,5,1,-1,-1,-1,-1,-1,-1,-1,-1
2017210186224,1,9,0,18,0,0,0,0,0,0,1,1,1,1,55,8,1598,1,10,4,1,4
2017210186224,2,9,0,18,0,0,0,0,0,0,2,1,6,2,56,9,1120,2,3,5,1,5
2017210186265,1,9,0,9,0,8,0,0,0,0,0,1,6,3,-1,-1,-1,-1,-1,-1,-1,-1
2017210186265,2,9,0,3,0,8,0,0,0,0,4,1,6,1,39,7,1560,2,3,3,1,3
2017210186265,3,9,0,18,0,8,0,0,0,0,1,1,6,2,29,6,1998,1,15,3,1,3
2017210186338,1,8,0,18,0,0,0,0,0,0,1,1,1,1,40,7,1910,2,9,2,1,2
2017210186338,2,9,0,18,0,0,0,0,0,0,2,1,1,1,48,8,1956,2,2,3,1,3
2017210186382,1,9,0,18,0,0,0,0,0,0,1,1,6,2,34,6,1398,1,1,6,1,6
2017210186382,2,9,0,2,0,0,0,0,0,0,2,1,6,2,-1,-1,1560,2,6,3,1,3
2017210186387,1,9,0,13,0,2,0,0,0,0,0,1,6,1,45,7,1596,1,14,2,1,2
2017210186387,2,3,0,18,0,2,0,0,0,0,0,1,6,2,18,4,102,1,3,1,1,1
2017210186387,3,97,0,18,0,2,0,0,0,0,0,1,6,3,-1,-1,-1,-1,-1,-1,-1,-1
2017210186759,1,9,0,18,0,0,0,0,7,0,3,1,6,1,29,6,1248,2,11,-1,-1,-1
2017210186766,1,9,0,16,0,0,0,0,0,0,3,1,6,1,67,10,1560,2,3,7,1,7
2017210186766,2,1,0,18,0,0,0,0,0,0,1,1,6,1,17,4,-1,-1,-1,7,1,7
2017210186774,1,19,0,18,0,0,0,0,0,0,4,1,6,1,32,6,1598,2,4,3,1,3
2017210186774,2,9,0,2,0,0,0,0,0,0,2,1,6,1,81,11,3960,1,21,5,1,5
2017210186795,1,21,0,18,0,0,0,0,0,0,1,1,1,1,52,8,8867,2,8,2,1,2
2017210186795,2,1,0,4,0,0,0,0,0,0,2,1,5,1,16,4,-1,-1,-1,-1,-1,-1
2017210186864,1,20,0,18,0,0,0,0,0,0,1,1,1,1,45,7,6693,2,4,3,3,3
2017210186864,2,9,0,4,0,0,0,0,0,0,2,1,1,1,45,7,1598,2,2,6,3,6
2017210186866,1,9,0,18,0,1,0,0,0,0,1,1,6,2,23,5,1560,2,10,7,1,7
2017210186866,2,9,0,4,0,1,0,0,0,0,2,1,6,2,61,9,1242,1,12,4,1,4
2017210186888,1,8,0,18,0,0,0,0,0,0,1,1,1,1,53,8,-1,-1,-1,1,1,1
2017210186888,2,9,0,18,0,0,0,0,0,0,2,1,1,2,38,7,1686,2,3,8,1,8
2017210186933,1,9,0,18,0,1,0,0,0,0,1,1,1,2,19,4,-1,-1,-1,2,1,2
2017210186933,2,9,0,4,0,1,0,0,0,0,2,1,1,2,50,8,2902,2,10,5,1,5
2017210186995,1,9,0,13,0,0,1,0,0,0,1,1,2,2,20,4,1229,1,3,4,2,4
2017210186995,2,9,0,18,0,0,0,0,0,0,2,1,6,1,48,8,1560,2,1,3,1,3
2017210187075,1,3,0,18,0,1,0,0,0,0,1,1,6,1,18,4,124,1,11,2,1,2
2017210187075,2,9,0,9,0,1,0,0,0,0,3,1,6,1,42,7,1986,2,9,1,1,1
2017210187083,1,9,0,9,0,2,0,0,0,0,0,1,6,1,69,10,1986,2,8,2,1,2
2017210187083,2,1,0,18,0,1,0,0,0,0,0,1,6,1,59,9,-1,-1,-1,3,1,3
2017210187086,1,9,0,18,0,3,0,0,0,0,1,1,6,2,70,10,1229,1,5,10,1,10
2017210187086,2,9,0,18,0,3,0,0,0,0,2,1,6,1,26,6,1560,2,12,-1,3,-1
2017210187138,1,9,0,7,0,2,5,0,0,0,1,1,6,1,44,7,2980,2,21,1,1,1
2017210187138,2,17,1,18,0,1,0,0,0,0,1,1,1,1,44,7,-1,-1,-1,-1,1,-1
2017210187172,1,9,0,18,0,8,0,0,0,0,1,1,6,1,18,4,1598,2,7,10,2,10
2017210187172,2,1,0,18,0,8,0,0,0,0,2,1,6,1,22,5,-1,-1,-1,3,1,3
2017210187256,1,9,0,1,0,0,0,0,0,0,1,1,6,1,83,11,1198,1,6,1,1,1
2017210187256,2,9,0,2,0,0,0,0,0,0,4,1,5,1,32,6,1299,1,14,1,1,1
2017210187256,3,9,0,2,0,0,0,0,0,0,3,1,5,1,-1,-1,1598,1,11,1,1,1
2017210187616,1,9,0,9,0,1,0,0,0,0,1,1,6,1,41,7,1364,1,11,1,1,1
2017210187616,2,9,0,18,0,1,0,0,0,0,1,1,6,1,25,5,1598,2,4,-1,-1,-1
2017210187657,1,9,0,7,0,1,0,0,0,0,2,1,6,1,19,4,1360,1,17,2,1,2
2017210187676,1,9,0,5,0,2,0,0,0,0,1,1,6,1,18,4,1368,1,12,5,1,5
2017210187676,2,9,0,18,0,1,0,0,0,0,3,1,6,1,25,5,1798,1,13,8,1,8
2017210187815,1,1,0,18,0,1,0,0,0,0,0,1,6,1,24,5,-1,-1,-1,2,1,2
2017210187815,2,9,0,18,0,1,0,0,0,0,0,1,6,2,22,5,1242,1,3,2,1,2
2017210187832,1,9,0,6,0,0,0,0,0,0,0,1,6,1,30,6,1399,2,14,6,1,6
2017210187832,2,3,0,18,0,0,1,0,0,0,1,1,6,1,27,6,125,1,11,2,1,2
2017210187832,3,9,0,2,0,0,0,0,0,0,4,1,6,1,24,5,1798,1,2,8,1,8
2017210187835,1,9,0,18,0,1,0,0,0,0,1,1,2,2,41,7,1598,1,12,6,3,6
2017210187835,2,9,0,4,0,1,0,0,0,0,2,1,6,2,29,6,1984,2,5,3,1,3
2017210187835,3,9,0,10,0,6,0,0,0,0,3,1,6,1,58,9,1984,2,5,3,1,3
2017210187852,1,8,0,1,0,0,0,0,0,0,2,1,1,1,46,8,1995,2,4,1,1,1
2017210187893,1,9,0,18,0,0,0,0,0,0,1,1,6,2,49,8,999,1,3,3,1,3
2017210187893,2,9,0,18,0,0,0,0,0,0,1,1,6,1,24,5,1995,2,6,9,1,9
2017210187893,3,9,0,4,0,0,0,0,0,0,2,1,6,1,61,9,1349,1,8,2,1,2
2017210187893,4,9,0,4,0,0,0,0,0,0,2,1,6,1,29,6,1242,1,5,2,1,2
2017210187893,5,9,0,4,0,0,0,0,0,0,2,1,6,1,29,6,1198,1,12,6,1,6
2017210188022,1,9,0,18,0,0,0,0,1,0,1,1,6,1,61,9,1596,1,9,3,1,3
2017210188022,2,9,0,13,0,0,5,0,0,0,1,1,6,3,-1,-1,-1,-1,-1,-1,-1,-1
2017210188074,1,9,0,9,0,1,0,0,0,0,1,1,6,2,48,8,1248,2,3,9,1,9
2017210188074,2,1,0,16,0,1,0,0,0,0,1,1,6,1,49,8,-1,-1,-1,6,1,6
2017210188084,1,9,0,9,0,4,0,0,0,0,1,1,2,2,32,6,1984,1,2,10,1,10
2017210188084,2,5,0,9,0,4,0,0,0,0,1,1,2,1,57,9,1450,1,15,6,3,6
2017210188093,1,9,0,18,0,0,0,0,0,0,3,1,6,1,23,5,1796,1,15,-1,-1,-1
2017210188093,2,9,0,18,0,0,0,0,0,0,1,1,6,1,30,6,1124,1,13,2,1,2
2017210188096,1,19,0,3,0,1,0,0,0,0,2,1,1,1,28,6,1997,2,1,1,1,1
2017210188096,2,9,0,17,0,1,0,0,0,0,1,1,6,1,19,4,1229,1,6,-1,-1,-1
2017210188133,1,9,0,17,0,1,1,0,0,0,1,1,6,1,32,6,1596,1,11,10,2,10
2017210188133,2,9,0,14,0,1,0,0,0,0,1,1,6,1,73,10,1769,1,14,2,1,2
2017210188133,3,19,0,2,0,1,0,0,0,0,2,1,5,3,-1,-1,1995,2,-1,1,1,1
2017210188164,1,9,0,18,0,0,0,0,1,0,1,1,6,1,25,5,2171,2,14,1,1,1
2017210188221,1,9,0,18,0,0,0,4,0,0,1,1,6,1,-1,-1,1910,2,11,-1,-1,-1
2017210188221,2,9,0,2,0,0,0,0,0,0,1,1,6,1,44,7,1560,2,5,1,1,1
2017210188257,1,9,0,17,0,0,0,0,0,0,1,1,6,2,20,4,1149,1,4,2,1,2
2017210188425,1,9,0,1,0,0,0,0,0,0,0,1,6,1,84,11,1582,2,2,7,3,7
2017210188425,2,1,0,3,0,0,0,0,0,0,1,1,6,2,-1,-1,-1,-1,-1,9,1,9
2017210188426,1,9,0,18,0,1,0,0,0,0,1,1,6,1,21,5,1388,1,13,1,1,1
2017210188426,2,9,0,3,0,1,0,0,0,0,2,1,6,2,37,7,1496,2,-1,1,1,1
2017210188429,1,9,0,18,0,0,0,0,0,0,1,1,6,1,27,6,1596,1,3,9,2,9
2017210188429,2,9,0,4,0,0,0,0,0,0,2,1,6,1,23,5,1910,2,9,-1,-1,-1
2017210188430,1,3,0,16,0,0,0,0,0,0,3,1,1,1,36,7,-1,-1,-1,1,1,1
2017210188430,2,90,0,17,0,0,0,0,0,0,3,1,1,1,41,7,-1,-1,-1,4,1,4
2017210188467,1,3,0,18,0,0,0,0,0,0,1,1,6,1,29,6,124,1,23,9,1,9
2017210188467,2,9,0,17,0,0,0,0,0,0,1,1,6,2,60,9,1242,1,4,4,1,4
2017210188470,1,9,0,17,0,0,0,0,0,0,1,1,6,1,25,5,1242,1,11,9,2,9
2017210188470,2,9,0,3,0,0,0,0,0,0,1,1,6,1,48,8,1995,2,8,1,1,1
2017210188528,1,9,0,18,0,0,0,0,0,0,1,1,6,1,-1,-1,1598,1,6,-1,-1,-1
2017210188528,2,9,0,3,0,0,0,0,0,0,2,1,6,1,65,9,-1,-1,-1,4,1,4
2017210188860,1,9,0,18,0,0,0,0,0,0,1,1,6,3,33,6,1997,2,4,2,1,2
2017210188860,2,9,0,3,0,0,0,0,0,0,2,1,6,2,42,7,2179,2,9,7,1,7
2017210188861,1,9,0,18,0,1,0,0,0,0,2,1,6,1,73,10,1951,2,15,3,1,3
2017210188861,2,3,0,9,0,1,0,0,0,0,1,1,6,1,18,4,124,1,15,7,3,7
2017210188864,1,9,0,18,0,0,0,0,0,0,4,1,2,2,36,7,1956,2,6,2,1,2
2017210188864,2,1,0,18,0,0,0,0,0,0,1,1,6,1,-1,-1,-1,-1,-1,-1,-1,-1
2017210188877,1,8,0,18,0,2,0,0,0,0,1,1,1,1,64,9,1968,2,7,1,1,1
2017210188959,1,-1,0,1,0,1,0,0,0,0,2,1,6,3,-1,-1,-1,-1,-1,-1,-1,-1
2017210188964,1,9,0,4,0,0,0,0,0,0,1,1,6,2,64,9,1341,1,14,4,1,4
2017210188971,1,5,0,18,0,0,1,0,0,0,1,1,6,2,46,8,847,1,-1,8,3,8
2017210188971,2,9,0,18,0,0,0,0,0,0,1,1,6,2,40,7,1399,2,6,1,1,1
2017210188982,1,9,0,18,0,0,0,0,0,0,1,1,6,2,36,7,2987,2,11,9,1,9
2017210188982,2,9,0,18,0,0,0,0,0,0,2,1,6,2,49,8,996,1,3,9,1,9
2017210189014,1,9,0,17,0,0,0,0,0,0,4,1,6,1,69,10,2435,1,11,5,1,5
2017210189068,1,9,0,8,0,1,0,0,0,0,1,1,6,2,65,9,1248,2,5,10,1,10
2017210189068,2,1,0,18,-1,1,-1,0,0,0,1,1,6,1,35,6,-1,-1,-1,3,1,3
2017210189240,1,19,0,6,0,0,0,0,0,0,1,1,6,1,23,5,2198,2,3,3,1,3
2017210189240,2,9,0,18,0,0,0,0,0,0,4,1,6,1,38,7,1598,1,10,6,1,6
2017210189317,1,9,0,9,0,4,0,0,0,0,1,1,6,2,38,7,1995,2,10,7,3,7
2017210189317,2,1,0,9,0,3,0,0,0,0,1,1,6,2,-1,-1,-1,-1,-1,8,3,8
2017210189319,1,5,0,16,0,0,1,0,0,0,3,1,6,1,46,8,998,1,15,6,3,6
2017210189319,2,90,0,17,0,0,0,0,0,0,1,1,1,1,47,8,6700,2,2,2,1,2
2017210189378,1,9,0,18,0,1,1,0,0,0,1,1,6,1,23,5,1598,1,14,2,1,2
2017210189378,2,9,0,18,0,1,0,0,0,0,0,1,6,3,-1,-1,1686,2,4,-1,-1,-1
2017210189378,3,9,0,18,0,1,0,0,0,0,1,1,6,2,24,5,1586,1,9,1,1,1
2017210189378,4,9,0,18,0,1,0,0,0,0,1,1,6,1,52,8,1388,1,8,4,1,4
2017210189796,1,9,0,18,0,0,0,2,0,0,1,1,6,1,49,8,1395,1,2,7,3,7
2017210189797,1,9,0,18,0,0,0,0,0,0,3,1,6,2,60,9,1390,1,13,8,1,8
2017210189797,2,1,0,18,0,0,5,0,0,0,1,1,6,1,9,2,-1,-1,-1,8,1,8
2017210189798,1,9,0,18,0,0,0,0,0,0,1,1,6,1,62,9,-1,-1,-1,3,1,3
2017210189833,1,1,0,5,9,0,0,0,-1,0,3,1,6,1,14,3,-1,-1,-1,-1,-1,-1
2017210189833,2,9,0,3,0,0,0,0,0,0,1,1,6,1,36,7,1242,1,14,4,1,4
2017210189845,1,9,0,18,0,0,0,0,0,0,1,1,6,2,33,6,1299,1,16,8,3,8
2017210189845,2,9,0,18,0,0,0,0,0,0,2,1,6,1,71,10,3226,2,15,6,3,6
2017210189845,3,19,0,18,0,0,0,0,0,0,2,1,1,1,29,6,1598,2,4,3,1,3
2017210189845,4,90,0,18,0,0,0,0,0,0,0,1,1,2,43,7,2999,2,2,1,1,1
2017210189896,1,9,0,17,0,0,0,0,0,0,1,1,6,1,32,6,-1,-1,-1,3,1,3
2017210189896,2,1,0,18,0,0,0,0,0,0,3,1,6,1,12,3,-1,-1,-1,3,1,3
2017210189916,1,9,0,18,-1,0,-1,-1,-1,0,-1,1,6,2,18,4,1124,1,12,2,1,2
2017210189916,2,9,0,4,-1,0,-1,-1,-1,0,-1,1,6,1,-1,-1,1560,2,13,1,1,1
2017210189931,1,19,0,18,0,0,0,0,0,0,1,1,1,1,36,7,2198,2,3,10,1,10
2017210189931,2,9,0,4,0,0,0,0,0,0,2,1,6,1,56,9,1968,2,4,7,1,7
2017210190047,1,9,0,16,0,0,0,0,0,0,1,1,6,1,21,5,1994,1,18,3,1,3
2017210190100,1,5,0,16,0,0,5,0,0,0,3,1,5,1,51,8,1250,1,15,10,1,10
2017210190100,2,9,0,17,0,0,0,0,0,0,3,1,5,1,71,10,1968,2,3,7,3,7
2017210190207,1,9,0,18,0,2,0,0,0,0,1,1,3,2,40,7,1598,1,12,7,1,7
2017210190591,1,9,0,18,0,8,0,0,0,0,1,1,5,2,41,7,1499,2,2,2,1,2
2017210190591,2,1,0,18,0,8,0,0,0,0,4,1,6,1,33,6,-1,-1,-1,7,1,7
2017210190647,1,9,0,9,0,0,0,0,0,0,1,1,6,1,72,10,1422,2,14,2,1,2
2017210190661,1,9,0,9,0,6,0,0,0,0,1,1,6,1,60,9,1968,2,9,10,2,10
2017210190661,2,1,0,17,0,1,0,0,0,0,1,1,6,1,57,9,-1,-1,-1,6,3,6
2017210190696,1,9,0,17,0,0,0,0,0,0,1,1,6,1,39,7,2198,1,12,6,3,6
2017210190696,2,9,0,16,0,0,0,0,1,0,1,1,6,2,27,6,1398,1,1,9,3,9
2017210190696,3,9,0,16,0,0,0,0,1,0,1,1,6,1,47,8,1984,1,-1,3,1,3
2017210190788,1,9,0,18,0,1,0,0,0,0,4,1,6,2,41,7,1598,1,6,8,1,8
2017210190788,2,9,0,18,0,1,0,0,0,0,1,1,6,2,33,6,1149,1,10,1,1,1
2017210191155,1,9,0,7,0,1,0,0,0,0,2,1,1,1,43,7,2967,2,1,7,1,7
2017210191155,2,2,0,18,0,1,0,0,0,0,1,1,2,1,17,4,49,1,6,7,1,7
2017210191209,1,9,0,18,0,0,0,0,0,0,1,1,6,2,53,8,1956,2,4,3,1,3
2017210191209,2,9,0,2,0,0,0,0,0,0,2,1,6,3,-1,-1,-1,-1,-1,-1,-1,-1
2017210191257,1,9,-1,18,-1,0,-1,-1,-1,0,-1,1,1,1,52,8,1461,2,2,6,1,6
2017210191324,1,9,0,4,0,0,0,0,0,0,1,1,6,1,28,6,1229,1,7,4,1,4
2017210191324,2,9,0,4,0,0,0,0,0,0,2,1,1,1,31,6,1248,1,2,3,1,3
2017210191342,1,9,0,18,0,0,1,0,0,0,1,1,1,1,47,8,2993,2,3,3,1,3
2017210191342,2,19,0,18,0,0,0,0,0,0,2,1,1,1,54,8,1560,2,3,3,1,3
2017210191427,1,9,0,18,0,7,0,10,7,0,1,1,6,1,52,8,2231,2,5,1,1,1
2017210191430,1,9,0,7,0,2,0,0,0,0,1,1,6,1,32,6,-1,-1,-1,9,1,9
2017210191430,2,9,0,4,0,2,0,0,0,0,2,1,2,1,50,8,1968,2,2,8,3,8
2017210191580,1,5,0,16,0,0,1,0,0,0,1,1,6,2,46,8,1100,1,26,5,3,5
2017210191580,2,9,0,17,0,0,0,0,0,0,3,1,6,2,47,8,1910,2,7,7,1,7
2017210191795,1,9,0,9,0,8,0,0,0,0,1,1,6,1,76,11,1242,1,9,8,1,8
2017210191795,2,9,0,9,0,8,0,0,0,0,4,1,6,1,60,9,1398,1,1,7,1,7
2017210192032,1,9,0,18,0,0,0,0,0,0,1,1,6,1,85,11,1997,2,13,3,1,3
2017210192032,2,9,0,3,0,0,0,0,1,0,2,1,6,1,81,11,1596,1,6,6,1,6
2017210192323,1,9,0,9,0,1,0,0,0,0,1,1,6,2,23,5,2143,2,7,5,1,5
2017210192323,2,1,0,14,0,7,0,0,0,0,1,1,6,1,40,7,-1,-1,-1,10,2,10
2017210192451,1,21,1,18,0,0,-1,0,0,0,2,1,1,1,51,8,12809,2,4,7,1,7
2017210192451,2,9,0,4,0,0,-1,0,0,0,1,1,6,2,49,8,1198,1,7,5,3,5
2017210192451,3,9,0,4,0,0,-1,0,0,0,2,1,2,1,39,7,1984,1,2,2,1,2
2017210192451,4,9,0,4,0,0,-1,0,0,0,2,1,6,2,53,8,3947,1,18,10,3,10
2017210192456,1,9,0,5,0,1,0,0,0,0,1,1,5,2,45,7,1560,2,2,2,1,2
2017210192456,2,3,0,18,0,1,0,0,0,0,1,1,5,1,22,5,125,1,2,3,1,3
2017210192519,1,9,0,18,0,0,0,0,0,0,1,1,6,2,17,4,1598,1,11,9,1,9
2017210192519,2,9,0,18,0,0,0,0,0,0,2,1,6,2,23,5,1229,1,8,2,1,2
2017210192581,1,9,0,5,0,1,0,0,0,0,1,1,6,2,36,7,1398,2,2,7,1,7
2017210192581,2,3,0,5,0,1,0,0,0,0,3,1,6,1,26,6,124,1,1,1,1,1
2017210192680,1,19,0,7,0,1,0,0,0,0,4,1,6,1,52,8,1753,2,9,2,1,2
2017210192680,2,1,0,18,5,1,0,0,0,0,1,1,1,1,46,8,-1,-1,-1,8,3,8
2017210192710,1,9,-1,-1,-1,0,-1,-1,-1,0,-1,1,1,1,37,7,-1,-1,-1,8,1,8
2017210192710,2,5,-1,-1,-1,0,-1,-1,-1,0,-1,1,6,1,34,6,656,1,8,2,1,2
2017210192810,1,9,0,18,0,0,0,0,0,0,4,1,5,2,73,10,1242,1,5,7,3,7
2017210192881,1,9,0,18,0,8,0,0,0,0,1,1,6,3,-1,-1,-1,-1,-1,-1,-1,-1
2017210192902,1,9,0,9,0,2,0,0,0,0,3,1,6,2,25,5,1200,1,2,7,1,7
2017210192902,2,9,0,18,0,1,0,0,0,0,1,1,6,1,46,8,1598,1,3,8,1,8
2017210193016,1,9,-1,-1,-1,-1,-1,-1,-1,0,-1,1,6,2,69,10,1398,2,13,7,1,7
2017210193016,2,3,-1,-1,-1,-1,-1,-1,-1,0,-1,1,6,1,25,5,125,1,13,2,1,2
2017210193070,1,9,0,6,0,0,0,0,0,0,0,1,6,2,49,8,1598,2,-1,6,1,6
2017210193070,2,9,0,16,0,0,0,0,8,4,1,1,6,1,22,5,1499,2,4,-1,-1,-1
2017210193087,1,9,0,9,0,1,0,0,0,0,1,1,6,2,65,9,1248,2,12,7,3,7
2017210193087,2,1,0,18,0,8,0,0,0,0,1,1,6,1,52,8,-1,-1,-1,4,1,4
2017210193137,1,9,0,9,0,0,0,0,0,0,4,1,6,1,51,8,1896,2,16,2,1,2
2017210193137,2,1,0,18,9,0,1,0,0,0,3,1,6,2,15,3,-1,-1,-1,6,1,6
2017210193171,1,9,0,18,0,0,0,0,0,0,1,1,6,1,-1,-1,1995,2,5,2,1,2
2017210193171,2,9,0,3,0,0,0,0,0,0,2,1,6,1,-1,-1,1596,1,13,2,1,2
2017210193171,3,9,0,3,0,0,0,0,0,0,2,1,6,2,-1,-1,1595,1,7,8,3,8
2017210193171,4,9,0,3,0,0,0,0,0,0,2,1,6,1,-1,-1,1560,2,9,6,1,6
2017210193171,5,9,0,10,0,0,0,0,0,0,2,1,6,1,-1,-1,1968,2,1,7,3,7
2017210193319,1,9,0,1,0,0,0,0,0,0,2,1,6,1,21,5,2143,2,6,8,1,8
2017210193325,1,9,0,18,0,1,0,0,0,0,1,1,6,1,74,10,1339,1,2,-1,-1,-1
2017210193325,2,1,0,7,0,2,0,0,0,0,3,1,6,2,7,2,-1,-1,-1,8,1,8
2017210193357,1,9,0,9,0,0,0,0,0,0,1,1,6,1,41,7,1968,2,2,5,1,5
2017210193357,2,9,0,18,0,0,0,0,0,0,1,1,6,2,54,8,1596,1,14,4,1,4
2017210193417,1,9,0,18,0,8,0,0,0,0,4,1,6,1,73,10,1560,2,1,-1,-1,-1
2017210193417,2,5,0,18,0,8,0,0,0,0,1,1,6,1,24,5,998,1,4,5,1,5
2017210193454,1,9,0,9,0,0,0,0,0,0,1,1,6,1,29,6,1199,1,15,4,1,4
2017210193454,2,9,0,18,0,0,0,0,0,0,3,1,6,2,22,5,1396,1,8,2,1,2
2017210193479,1,9,0,5,0,1,0,0,0,0,1,1,6,1,75,10,1197,1,1,5,1,5
2017210193479,2,9,0,18,0,1,0,0,0,0,3,1,6,1,46,8,-1,-1,-1,1,1,1
2017210193489,1,98,0,9,0,1,0,0,0,0,1,1,6,1,37,7,-1,-1,-1,1,1,1