Accident_Index,Vehicle_Reference,Vehicle_Type,Towing_and_Articulation,Vehicle_Manoeuvre,Vehicle_Location-Restricted_Lane,Junction_Location,Skidding_and_Overturning,Hit_Object_in_Carriageway,Vehicle_Leaving_Carriageway,Hit_Object_off_Carriageway,1st_Point_of_Impact,Was_Vehicle_Left_Hand_Drive?,Journey_Purpose_of_Driver,Sex_of_Driver,Age_of_Driver,Age_Band_of_Driver,Engine_Capacity_(CC),Propulsion_Code,Age_of_Vehicle,Driver_IMD_Decile,Driver_Home_Area_Type,Vehicle_IMD_Decile
2017210193489,2,1,0,18,0,5,0,0,0,0,1,1,6,1,16,4,-1,-1,-1,5,1,5
2017210193561,1,9,0,5,0,0,0,0,0,0,1,1,6,2,39,7,1390,1,14,4,1,4
2017210193561,2,9,0,5,0,0,0,0,0,0,2,1,6,1,36,7,1248,2,10,2,1,2
2017210193723,1,9,0,18,0,0,5,0,7,0,1,1,1,2,35,6,1595,1,9,2,1,2
2017210193746,1,9,0,18,0,0,0,0,0,0,3,1,1,2,47,8,998,1,4,3,1,3
2017210194244,1,9,0,18,0,1,0,0,0,0,1,1,6,1,84,11,1596,1,8,7,1,7
2017210194244,2,9,0,18,0,1,0,0,0,0,2,1,6,2,43,7,698,1,11,3,1,3
2017210194431,1,9,0,9,0,4,0,0,0,0,3,1,6,2,57,9,1242,1,4,-1,-1,-1
2017210194431,2,9,0,9,0,4,0,0,0,0,2,1,6,1,33,6,2993,2,10,-1,-1,-1
2017210194653,1,9,0,13,0,0,0,0,0,0,1,1,6,1,29,6,1364,1,7,5,1,5
2017210194653,2,9,0,9,0,0,0,0,0,0,1,1,6,1,62,9,1149,1,10,2,1,2
2017210194856,1,9,0,18,0,0,0,0,0,0,1,1,6,2,60,9,1108,1,15,7,3,7
2017210194856,2,9,0,10,0,0,0,0,0,0,2,1,6,2,34,6,-1,-1,-1,9,2,9
2017210194939,1,9,0,16,0,0,0,0,0,0,1,1,6,3,-1,-1,-1,-1,-1,-1,-1,-1
2017210194939,2,5,0,17,0,0,0,0,0,0,4,1,6,1,50,8,1157,1,19,7,1,7
2017210194973,1,9,0,18,0,0,0,0,0,0,1,1,6,2,19,4,1388,1,12,5,1,5
2017210194973,2,9,0,18,0,0,0,0,0,0,1,1,6,1,59,9,1199,1,13,-1,-1,-1
2017210194975,1,9,0,18,0,4,0,0,0,0,0,1,6,3,-1,-1,-1,-1,-1,-1,-1,-1
2017210194975,2,5,0,4,0,3,1,0,0,0,1,1,6,1,78,11,599,1,14,6,1,6
2017210194975,3,9,0,4,0,3,0,0,0,0,2,1,6,2,41,7,1560,2,3,10,1,10
2017210195035,1,9,0,18,0,0,0,0,0,0,1,1,6,1,20,4,1461,2,3,2,1,2
2017210195120,1,9,0,4,0,0,0,0,0,0,1,1,6,1,40,7,1199,1,14,4,1,4
2017210195120,2,9,0,3,0,0,0,0,0,0,2,1,6,2,31,6,1198,1,2,2,1,2
2017210195184,1,9,0,14,0,0,0,0,0,0,1,1,6,1,54,8,1364,1,2,2,1,2
2017210195184,2,19,0,2,0,0,0,4,0,0,2,1,6,1,39,7,6700,2,-1,-1,-1,-1
2017210195230,1,9,0,18,0,0,0,0,0,0,4,1,6,2,55,8,1968,2,2,10,1,10
2017210195265,1,9,0,18,0,8,0,0,0,0,1,1,6,1,27,6,1968,2,1,7,1,7
2017210195265,2,9,0,3,0,2,0,0,0,0,1,1,6,2,23,5,1240,1,12,7,3,7
2017210195265,3,1,0,18,0,1,0,0,0,0,1,1,6,1,31,6,-1,-1,-1,10,3,10
2017210195289,1,98,0,9,0,0,0,0,0,0,4,1,1,1,38,7,-1,-1,-1,1,1,1
2017210195289,2,19,0,18,0,0,0,0,0,0,4,1,1,1,31,6,1995,2,-1,3,1,3
2017210195308,1,9,0,18,0,1,0,0,0,0,1,1,6,1,41,7,2179,2,5,5,1,5
2017210195308,2,9,0,18,0,1,0,0,0,0,1,1,6,2,27,6,1242,1,5,5,1,5
2017210195335,1,9,0,16,0,0,1,0,1,0,1,1,6,1,19,4,1398,1,7,-1,-1,-1
2017210195344,1,9,0,7,0,1,0,0,0,0,1,1,1,1,41,7,1339,1,13,3,1,3
2017210195344,2,19,0,10,0,1,0,0,0,0,1,1,6,1,52,8,2460,2,11,10,1,10
2017210195387,1,9,0,18,0,1,1,0,0,0,1,1,6,1,20,4,1461,2,2,7,1,7
2017210195387,2,9,0,10,0,1,0,0,0,0,2,1,6,1,54,8,1896,2,14,4,1,4
2017210195389,1,9,0,9,0,1,0,0,0,0,3,1,6,2,50,8,1596,1,3,10,1,10
2017210195389,2,3,0,13,0,1,0,0,0,0,1,1,6,1,25,5,124,1,1,6,2,6
2017210195464,1,9,0,18,0,0,0,0,0,0,1,1,2,1,21,5,1896,2,15,2,1,2
2017210195464,2,9,0,18,0,0,0,0,0,0,2,1,2,2,50,8,1461,2,1,2,1,2
2017210195464,3,9,0,18,0,0,0,0,0,0,2,1,2,2,29,6,-1,-1,-1,6,1,6
2017210195492,1,9,0,18,0,2,0,0,0,0,0,1,6,1,50,8,1598,1,4,7,3,7
2017210195497,1,3,0,18,0,0,0,0,0,0,1,1,6,1,23,5,125,1,15,3,1,3
2017210195497,2,9,0,13,0,0,0,0,0,0,2,1,6,3,-1,-1,-1,-1,-1,-1,-1,-1
2017210195502,1,9,0,9,0,1,0,0,0,0,1,1,6,1,45,7,1597,2,3,10,2,10
2017210195502,2,9,0,18,0,1,0,0,0,0,1,1,6,2,45,7,1951,2,11,1,1,1
2017210195517,1,9,0,18,0,0,0,0,0,0,1,1,6,1,52,8,2143,2,7,4,1,4
2017210195517,2,9,0,18,0,0,0,0,0,0,1,1,2,1,50,8,1984,2,7,-1,-1,-1
2017210195602,1,9,0,18,0,1,0,0,0,0,0,1,6,1,37,7,1364,2,10,1,1,1
2017210195631,1,9,0,9,0,8,0,0,0,0,3,1,6,1,70,10,1995,2,1,10,2,10
2017210195631,2,1,0,17,0,1,0,0,0,0,1,1,6,1,50,8,-1,-1,-1,8,1,8
2017210195649,1,9,0,18,0,1,0,0,0,0,1,1,6,2,40,7,-1,-1,-1,2,1,2
2017210195649,2,9,0,3,0,1,0,0,0,0,2,1,6,2,32,6,1498,1,6,5,1,5
2017210195652,1,9,0,18,0,0,0,0,0,0,1,1,6,1,31,6,1796,1,18,1,1,1
2017210195703,1,9,0,13,0,0,0,0,0,0,1,1,2,1,22,5,-1,-1,-1,4,2,4
2017210195703,2,9,0,9,0,0,0,0,0,0,1,1,6,1,73,10,1386,1,5,4,2,4
2017210195712,1,9,0,7,0,1,0,0,0,0,4,1,6,1,20,4,1198,1,8,10,3,10
2017210195712,2,1,0,18,0,1,0,0,0,0,1,1,6,1,38,7,-1,-1,-1,1,1,1
2017210195860,1,9,0,18,0,0,0,0,0,0,1,1,6,1,-1,-1,-1,-1,-1,-1,-1,-1
2017210195860,2,1,0,9,0,0,0,0,0,0,1,1,6,1,29,6,-1,-1,-1,4,2,4
2017210195863,1,20,1,18,0,0,0,0,0,0,1,1,1,1,51,8,-1,-1,-1,2,1,2
2017210195955,1,9,0,18,0,1,0,0,0,0,1,1,6,2,26,6,1360,1,8,7,1,7
2017210195955,2,9,0,7,0,1,0,0,0,0,1,1,6,2,41,7,1242,1,1,6,1,6
2017210195955,3,20,1,8,0,1,0,0,0,0,3,1,6,1,75,10,-1,-1,-1,7,2,7
2017210195958,1,8,0,18,0,8,0,0,0,0,1,1,6,1,58,9,1997,2,5,9,1,9
2017210195958,2,9,0,18,0,8,0,0,0,0,3,1,6,1,42,7,1560,2,2,3,1,3
2017210196019,1,9,0,18,0,0,1,0,0,0,1,1,6,2,41,7,1149,1,9,7,1,7
2017210196022,1,9,0,7,0,1,0,0,0,0,1,1,6,1,46,8,-1,-1,-1,2,1,2
2017210196022,2,11,0,18,0,1,0,0,1,0,4,1,1,1,54,8,3900,2,14,1,1,1
2017210196200,1,9,0,9,0,8,0,0,0,0,1,1,6,1,23,5,-1,-1,-1,7,3,7
2017210196200,2,9,0,18,0,1,0,0,0,0,1,1,6,1,33,6,5439,1,11,10,1,10
2017210196200,3,9,0,3,0,1,0,0,0,0,0,1,6,1,73,10,1560,2,11,6,3,6
2017210196221,1,9,-1,5,0,1,0,0,0,0,-1,1,6,1,70,10,1598,1,7,9,1,9
2017210196221,2,9,0,18,0,1,0,0,1,0,4,1,6,1,23,5,1560,2,8,8,1,8
2017210196368,1,9,0,18,0,6,2,0,2,11,4,1,5,1,26,6,-1,-1,-1,3,1,3
2017210196408,1,9,0,16,0,0,0,0,0,0,1,1,6,2,52,8,1997,2,13,5,1,5
2017210196408,2,9,0,17,0,0,0,0,0,0,1,1,6,2,42,7,1349,1,6,7,3,7
2017210196424,1,9,0,10,0,1,0,0,3,0,1,1,6,1,84,11,1086,1,7,3,1,3
2017210196424,2,19,0,18,0,1,1,0,0,0,0,1,6,1,77,11,2496,2,19,1,1,1
2017210196523,1,19,0,7,0,1,0,0,0,0,1,1,2,1,51,8,2198,2,3,-1,-1,-1
2017210196523,2,1,0,9,0,1,0,0,0,0,2,1,6,1,52,8,-1,-1,-1,9,1,9
2017210196527,1,9,0,16,0,0,0,0,0,0,1,1,2,2,52,8,1360,1,13,5,3,5
2017210196575,1,9,0,16,0,1,0,0,0,0,1,1,6,3,-1,-1,-1,-1,-1,-1,-1,-1
2017210196575,2,9,0,17,0,1,0,0,0,0,1,1,6,2,65,9,999,1,3,6,1,6
2017210196632,1,9,0,18,0,0,0,0,0,0,4,1,6,1,60,9,1968,2,2,7,3,7
2017210196645,1,9,0,16,0,0,0,0,0,0,1,1,6,1,43,7,-1,-1,-1,2,1,2
2017210196645,2,9,0,17,0,0,0,0,0,0,3,1,6,2,37,7,1149,1,7,3,1,3
2017210196679,1,9,0,16,0,0,2,0,1,0,1,1,6,1,84,11,1995,2,13,7,1,7
2017210196679,2,19,0,16,0,0,0,0,0,0,2,1,6,1,50,8,1598,2,2,7,1,7
2017210196687,1,9,0,16,0,8,0,0,0,0,1,1,6,1,22,5,1994,2,14,7,2,7
2017210196687,2,9,0,18,0,8,0,0,0,0,0,1,1,1,-1,-1,1968,2,1,-1,-1,-1
2017210196695,1,3,0,4,0,1,1,0,0,0,4,1,6,1,17,4,124,1,5,2,1,2
2017210196708,1,9,0,9,0,4,0,0,0,0,2,1,6,2,48,8,1600,1,17,8,3,8
2017210196708,2,9,0,9,0,4,0,0,0,0,1,1,6,1,49,8,1910,2,12,-1,-1,-1
2017210196799,1,9,0,17,0,0,5,0,0,0,1,1,6,2,23,5,1086,1,9,9,1,9
2017210196828,1,9,0,9,0,6,0,0,0,0,1,1,6,2,52,8,2188,2,11,3,1,3
2017210196828,2,9,0,18,0,1,0,0,7,0,1,1,6,2,46,8,1400,2,12,2,1,2
2017210196837,1,9,0,9,0,1,0,0,0,0,1,1,6,2,34,6,1798,1,9,10,2,10
2017210196877,1,3,0,13,0,0,0,0,0,0,4,1,6,1,29,6,125,1,2,3,1,3
2017210196877,2,9,0,9,0,0,0,0,0,0,3,1,6,1,33,6,1200,1,1,7,1,7
2017210196878,1,19,0,18,0,1,0,0,0,0,1,1,1,1,55,8,4462,2,4,3,2,3
2017210196878,2,9,0,3,0,2,0,0,0,0,2,1,1,1,35,6,1968,2,5,2,1,2
2017210196878,3,9,0,3,0,1,0,0,0,0,2,1,3,2,40,7,1560,2,3,10,1,10
2017210196882,1,9,0,9,0,0,0,0,0,0,1,1,1,2,18,4,1200,1,-1,7,3,7
2017210196882,2,1,0,15,0,0,0,0,0,0,1,1,6,1,40,7,-1,-1,-1,2,1,2
2017210196926,1,9,0,9,0,4,0,0,0,0,1,1,6,2,18,4,1149,1,13,1,1,1
2017210196926,2,9,0,9,0,4,0,0,0,0,4,1,6,2,26,6,1995,2,3,5,1,5
2017210197226,1,9,0,13,0,0,0,0,0,0,3,1,6,2,31,6,1995,2,5,8,1,8
2017210197226,2,9,0,18,0,0,0,0,0,0,1,1,6,1,62,9,1197,1,4,1,1,1
2017210197233,1,9,0,18,0,0,0,0,0,0,1,1,6,1,-1,-1,998,1,6,4,1,4
2017210197273,1,9,0,7,0,8,0,0,0,0,0,1,6,2,32,6,1199,1,18,3,1,3
2017210197273,2,1,0,7,0,8,0,0,0,0,1,1,6,1,24,5,-1,-1,-1,1,1,1
2017210197279,1,9,0,9,0,0,0,0,0,0,0,1,1,1,-1,-1,1686,2,4,1,1,1
2017210197279,2,9,0,18,0,0,0,0,0,0,1,1,6,1,65,9,1396,1,15,8,2,8
2017210197279,3,9,0,4,0,0,0,0,0,0,2,1,6,2,23,5,1598,1,9,2,1,2
2017210197361,1,9,0,9,0,1,0,0,0,0,1,1,6,1,42,7,1798,8,-1,9,2,9
2017210197361,2,9,0,6,0,1,0,0,0,0,1,1,6,1,30,6,2993,2,7,6,1,6
2017210197361,3,9,0,17,0,1,0,0,0,0,1,1,6,1,23,5,1388,1,12,6,1,6
2017210197392,1,5,0,18,-1,0,-1,-1,-1,0,-1,1,6,3,-1,-1,847,1,2,-1,-1,-1
2017210197411,1,9,0,18,0,0,0,0,0,0,1,1,6,2,33,6,1587,1,12,8,2,8
2017210197411,2,9,0,18,0,0,0,0,0,0,1,1,6,1,18,4,-1,-1,-1,8,2,8
2017210197424,1,9,0,17,0,0,1,0,7,0,1,1,6,2,19,4,998,1,13,4,1,4
2017210197462,1,9,0,9,0,8,0,0,0,0,1,1,6,1,77,11,1197,1,2,8,3,8
2017210197462,2,9,0,18,0,8,0,0,0,0,1,1,6,1,21,5,-1,-1,-1,2,1,2
2017210197467,1,9,0,14,0,0,0,0,0,0,1,1,1,2,20,4,998,1,-1,-1,-1,-1
2017210197483,1,5,0,18,0,0,0,0,0,0,1,1,1,1,24,5,-1,-1,-1,-1,-1,-1
2017210197483,2,9,0,6,0,0,0,0,0,0,1,1,1,2,20,4,1299,1,10,-1,-1,-1
2017210197483,3,9,0,18,0,0,0,0,0,0,3,1,1,1,27,6,1910,2,11,-1,-1,-1
2017210197511,1,9,0,7,0,0,0,0,0,0,3,1,1,2,18,4,1390,1,2,6,3,6
2017210197511,2,5,0,18,0,0,0,0,0,0,1,1,6,1,46,8,1198,1,3,1,1,1
2017210197513,1,9,0,18,0,1,0,0,0,0,1,1,6,2,18,4,1242,1,2,5,1,5
2017210197513,2,9,0,18,0,1,0,0,0,0,2,1,6,1,35,6,2490,2,22,1,1,1
2017210197562,1,9,0,13,0,0,0,0,0,0,1,1,1,2,59,9,1598,1,10,4,1,4
2017210197562,2,9,0,18,0,0,0,0,0,0,1,1,1,1,32,6,1332,1,12,6,1,6
2017210197585,1,9,0,18,0,0,0,0,0,0,1,1,6,2,27,6,1496,2,3,-1,-1,-1
2017210197585,2,9,0,3,0,0,0,0,0,0,2,1,6,2,59,9,1242,1,11,7,2,7
2017210197585,3,9,0,3,0,0,0,0,0,0,2,1,6,2,30,6,1598,2,4,-1,-1,-1
2017210197754,1,9,0,7,0,1,0,0,0,0,1,1,6,3,-1,-1,-1,-1,-1,-1,-1,-1
2017210197754,2,1,0,18,0,1,0,0,0,0,1,1,2,1,24,5,-1,-1,-1,9,1,9
2017210197832,1,9,0,9,0,0,0,0,0,0,4,1,6,1,56,9,1995,2,10,-1,-1,-1
2017210197832,2,19,0,18,0,0,0,0,0,0,3,1,6,1,30,6,2198,2,4,-1,-1,-1
2017210197878,1,9,0,18,0,0,0,0,0,0,1,1,6,1,30,6,1560,2,5,-1,-1,-1
2017210197878,2,9,0,18,0,0,0,0,0,0,3,1,1,1,21,5,1998,2,9,4,1,4
2017210197878,3,9,0,18,0,0,0,0,0,0,3,1,6,1,68,10,998,1,3,8,2,8
2017210197956,1,9,0,18,0,0,0,0,0,0,1,1,6,1,37,7,1242,1,4,-1,-1,-1
2017210197956,2,9,0,18,0,0,0,0,0,0,1,1,6,2,17,4,1198,1,4,8,3,8
2017210198029,1,9,0,18,0,0,0,0,0,0,1,1,6,2,22,5,1398,1,6,4,1,4
2017210198029,2,9,0,18,0,0,0,0,0,0,2,1,6,2,26,6,998,1,10,-1,-1,-1
2017210198107,1,9,0,18,0,0,0,4,0,0,1,1,6,3,-1,-1,-1,-1,-1,-1,-1,-1
2017210198107,2,9,0,3,0,0,0,0,0,0,2,1,6,1,31,6,1360,1,16,1,1,1
2017210198257,1,1,0,18,0,1,0,4,0,0,1,1,6,2,22,5,-1,-1,-1,4,1,4
2017210198257,2,9,0,2,0,1,0,0,0,0,1,1,6,1,29,6,-1,-1,-1,-1,-1,-1
2017210198262,1,9,0,18,0,1,0,0,0,0,1,1,6,2,20,4,998,1,6,7,1,7
2017210198262,2,9,0,17,0,1,0,0,0,0,1,1,6,1,46,8,1598,2,2,9,1,9
2017210198306,1,9,0,13,0,0,0,0,0,0,4,1,6,1,48,8,1598,2,4,8,1,8
2017210198306,2,1,0,18,0,0,0,0,0,0,3,1,6,1,16,4,-1,-1,-1,10,1,10
2017210198868,1,9,0,7,0,0,0,0,0,0,1,1,6,2,23,5,1461,2,12,-1,-1,-1
2017210198868,2,1,0,18,0,0,0,0,0,0,4,1,6,1,28,6,-1,-1,-1,-1,-1,-1
2017210198916,1,9,-1,4,0,0,0,0,0,0,2,1,6,2,22,5,1461,2,3,-1,-1,-1
2017210198916,2,9,-1,18,0,0,0,0,0,0,1,1,6,2,31,6,1896,2,11,-1,-1,-1
2017210198916,3,9,-1,18,0,0,0,0,0,0,1,1,6,1,26,6,2000,1,7,-1,-1,-1
2017210198916,4,9,-1,18,0,0,0,0,0,0,1,1,6,1,30,6,1995,2,9,-1,-1,-1
2017210199065,1,9,0,18,0,0,0,4,0,0,1,1,6,2,74,10,1388,1,5,9,2,9
2017210199065,2,9,0,2,0,0,0,0,0,0,1,1,6,2,-1,-1,998,1,7,10,2,10
2017210199194,1,9,0,18,0,0,-1,0,0,0,0,1,6,1,43,7,1997,1,16,2,1,2
2017210199256,1,9,0,18,0,1,0,0,0,0,1,1,6,1,26,6,-1,-1,-1,2,1,2
2017210199256,2,9,0,9,0,6,0,0,0,0,1,1,6,1,35,6,1598,2,3,1,1,1
2017210199278,1,3,0,16,0,0,0,0,0,0,1,1,6,1,47,8,124,1,6,10,3,10
2017210199278,2,9,0,17,0,0,0,0,0,0,1,1,6,1,22,5,2191,2,3,4,3,4
2017210199460,1,9,0,9,0,1,0,0,0,0,4,1,6,1,52,8,1997,1,9,-1,-1,-1
2017210199460,2,9,0,18,0,1,0,0,0,0,1,1,6,1,53,8,1461,2,4,-1,-1,-1
2017210199467,1,9,0,18,0,0,0,0,0,0,1,1,6,2,19,4,1242,1,2,8,3,8
2017210199469,1,98,0,7,0,6,0,0,0,0,0,1,6,3,-1,-1,-1,-1,-1,-1,-1,-1
2017210199469,2,1,0,18,0,1,2,0,0,0,1,1,6,1,-1,-1,-1,-1,-1,5,1,5
2017210199560,1,9,0,9,0,0,0,0,0,0,1,1,6,2,61,9,2184,2,11,2,1,2
2017210199560,2,9,0,18,0,0,0,0,0,0,3,1,6,1,39,7,1332,1,9,4,1,4
2017210199664,1,1,0,16,0,0,0,0,0,0,1,1,6,1,-1,-1,-1,-1,-1,3,1,3
2017210199664,2,9,0,8,9,0,0,0,0,0,4,1,6,1,71,10,2987,2,7,8,3,8
2017210199691,1,9,0,18,0,0,0,0,0,0,1,1,6,1,23,5,2143,2,5,6,1,6
2017210199691,2,9,0,18,0,0,0,0,0,0,2,1,6,2,73,10,1329,1,5,8,2,8
2017210199691,3,21,0,18,0,0,0,0,0,0,2,1,6,1,31,6,6693,2,4,9,1,9
2017210199791,1,9,-1,9,-1,0,-1,-1,-1,0,-1,1,6,2,25,5,1229,1,2,1,1,1
2017210199791,2,4,-1,-1,-1,0,-1,-1,-1,0,-1,1,6,1,50,8,883,1,15,7,1,7
2017210199819,1,5,0,13,0,1,0,0,0,0,4,1,6,1,46,8,1130,1,15,-1,-1,-1
2017210199819,2,17,0,9,0,1,0,0,0,0,0,1,1,1,61,9,-1,2,7,-1,-1,-1
2017210199819,3,90,0,18,0,1,0,0,0,0,0,1,6,3,-1,-1,-1,-1,-1,-1,-1,-1
2017210199951,1,9,0,18,0,1,0,0,0,0,1,1,6,2,50,8,1198,1,10,4,2,4
2017210199951,2,9,0,3,0,1,0,0,0,0,2,1,6,2,30,6,2143,2,-1,9,3,9
2017210199997,1,5,0,6,0,0,0,0,0,0,3,1,6,2,49,8,998,1,1,6,1,6
2017210200010,1,9,0,18,0,4,0,0,0,0,4,1,2,1,32,6,1560,2,3,1,1,1
2017210200010,2,1,0,18,0,8,0,0,0,0,1,1,6,1,43,7,-1,-1,-1,3,1,3
2017210200019,1,9,0,18,0,1,0,0,0,0,1,1,6,1,-1,-1,1984,1,12,7,3,7
2017210200019,2,9,0,8,0,1,0,0,0,0,2,1,6,2,26,6,-1,-1,-1,3,1,3
2017210200120,1,9,0,9,0,8,0,0,0,0,4,1,6,2,63,9,998,1,3,-1,-1,-1
2017210200120,2,5,0,18,0,1,0,0,0,0,1,1,6,1,29,6,1000,1,8,-1,-1,-1
2017210200398,1,9,4,18,0,0,0,0,0,0,0,1,1,1,-1,-1,-1,-1,-1,-1,-1,-1
2017210200503,1,9,0,18,0,4,0,0,0,0,1,1,6,1,36,7,2521,1,10,5,1,5
2017210200503,2,9,0,18,0,4,0,0,0,0,2,1,6,1,59,9,1461,2,3,1,1,1
2017210200581,1,9,0,4,0,0,0,0,0,0,2,1,1,2,48,8,998,1,4,-1,-1,-1
2017210200581,2,9,0,4,0,0,0,0,0,0,1,1,6,2,32,6,1596,1,8,-1,-1,-1
2017210200613,1,9,0,5,0,1,0,0,0,0,1,1,6,1,57,9,1988,2,12,-1,-1,-1
2017210200613,2,1,0,18,9,1,0,0,0,0,0,1,6,2,34,6,-1,-1,-1,2,1,2
2017210200613,3,1,0,18,9,1,5,0,0,0,1,1,6,1,8,2,-1,-1,-1,2,1,2
2017210200926,1,9,0,4,0,0,1,0,0,0,1,1,6,2,28,6,1248,2,7,1,1,1
2017210200926,2,9,0,4,0,0,1,0,0,0,2,1,6,1,30,6,-1,-1,-1,-1,-1,-1
2017210200990,1,19,0,18,0,0,1,0,0,0,1,1,6,1,50,8,2402,2,17,2,1,2
2017210200990,2,1,0,18,0,0,5,0,0,0,1,1,6,2,31,6,-1,-1,-1,-1,-1,-1
2017210200995,1,9,0,16,0,0,0,0,0,0,1,1,6,2,38,7,1598,1,14,-1,-1,-1
2017210200995,2,9,0,17,0,0,0,0,0,0,1,1,6,1,35,6,2993,2,1,3,1,3
2017210201021,1,9,0,3,0,1,0,0,0,0,1,1,6,1,20,4,1242,1,9,-1,-1,-1
2017210201021,2,9,0,18,0,1,0,0,0,0,2,1,6,2,28,6,1560,2,1,-1,-1,-1
2017210201023,1,9,0,18,0,0,0,0,0,0,1,1,6,1,27,6,1398,1,4,7,1,7
2017210201052,1,9,0,9,0,1,0,0,0,0,1,1,1,1,32,6,1997,2,-1,-1,-1,-1
2017210201052,2,9,0,18,0,1,0,0,0,0,3,1,6,1,44,7,1560,2,1,-1,-1,-1
2017210201141,1,9,0,9,0,1,0,0,0,0,1,1,6,2,33,6,1968,2,5,3,1,3
2017210201141,2,9,0,18,0,1,0,0,0,0,1,1,6,2,62,9,1149,1,14,3,1,3
2017210201214,1,9,0,17,0,0,0,0,0,0,1,1,6,2,30,6,1596,1,18,-1,-1,-1
2017210201214,2,9,0,10,0,0,0,0,0,0,2,1,6,2,55,8,1399,1,10,1,1,1
2017210201255,1,3,0,18,0,1,0,0,0,0,1,1,1,1,35,6,125,1,4,8,2,8
2017210201255,2,9,0,18,0,1,0,0,0,0,2,1,1,2,30,6,1229,1,3,8,2,8
2017210201262,1,9,0,18,0,0,0,0,0,0,1,1,6,2,20,4,1995,2,4,1,1,1
2017210201262,2,9,0,2,0,0,0,0,0,0,2,1,6,1,-1,-1,1598,1,11,5,1,5
2017210201266,1,9,0,18,0,0,0,0,0,0,1,1,6,2,31,6,1396,1,12,-1,-1,-1
2017210201266,2,1,0,18,0,0,0,0,0,0,1,1,6,1,9,2,-1,-1,-1,-1,-1,-1
2017210201278,1,9,-1,18,-1,0,-1,-1,-1,0,-1,1,6,1,19,4,1896,2,9,-1,1,-1
2017210201278,2,9,-1,18,-1,0,-1,-1,-1,0,-1,1,6,1,63,9,1598,2,6,8,3,8
2017210201304,1,21,0,9,0,8,0,0,0,0,1,1,6,1,55,8,9364,2,14,2,1,2
2017210201304,2,19,0,18,0,8,0,0,0,0,2,1,6,1,31,6,1598,2,3,3,1,3
2017210201316,1,9,0,5,0,2,0,0,0,0,3,1,6,2,60,9,1368,1,5,-1,-1,-1
2017210201316,2,1,0,18,0,1,5,0,0,0,1,1,6,1,20,4,-1,-1,-1,-1,-1,-1
2017210201319,1,3,0,18,0,0,0,4,0,0,1,1,6,1,32,6,124,1,5,2,1,2
2017210201319,2,19,0,2,0,0,0,0,0,0,2,2,5,3,-1,-1,2198,2,9,-1,-1,-1
2017210201365,1,98,-1,11,-1,0,-1,-1,-1,0,-1,1,6,3,-1,-1,-1,-1,-1,-1,-1,-1
2017210201365,2,9,0,13,0,0,0,0,0,0,1,1,6,2,18,4,1124,1,13,6,3,6
2017210201365,3,9,0,18,0,0,0,0,0,0,1,1,6,1,74,10,2199,2,-1,10,2,10
2017210201365,4,21,0,18,0,0,0,0,0,0,2,1,1,1,55,8,7698,2,2,7,3,7
2017210201373,1,9,0,16,0,0,0,0,0,0,1,1,6,1,20,4,1870,2,14,7,3,7
2017210201373,2,9,0,17,0,0,0,0,0,0,1,1,6,1,65,9,1289,1,17,6,3,6
2017210201379,1,9,0,9,0,0,0,0,0,0,1,1,6,2,47,8,1360,1,5,6,1,6
2017210201379,2,9,0,18,0,0,0,0,0,0,1,1,6,2,57,9,1753,2,9,10,3,10
2017210201386,1,9,0,10,0,1,0,0,0,0,1,1,6,1,61,9,1598,2,7,-1,-1,-1
2017210201386,2,19,0,9,0,1,0,0,0,0,2,1,6,1,37,7,2299,2,2,-1,-1,-1
2017210201426,1,9,0,18,0,0,0,0,0,0,4,1,6,1,18,4,1390,1,12,-1,-1,-1
2017210201491,1,9,0,18,0,0,0,0,0,0,1,1,6,1,59,9,998,1,-1,4,1,4
2017210201491,2,9,0,4,0,0,0,0,0,0,2,1,6,1,35,6,1248,2,4,10,1,10
2017210201501,1,9,0,18,0,0,0,0,0,0,3,1,6,1,21,5,1598,2,4,-1,-1,-1
2017210201515,1,9,0,9,0,8,0,0,0,0,1,1,6,1,42,7,1242,1,12,1,1,1
2017210201515,2,9,0,18,0,8,0,0,0,0,1,1,6,2,36,7,1598,2,4,8,1,8
2017210201534,1,9,0,9,0,1,0,0,0,0,1,1,1,1,23,5,1598,2,5,6,3,6
2017210201534,2,1,0,17,0,1,0,0,0,0,1,1,1,1,26,6,-1,-1,-1,-1,-1,-1
2017210201543,1,9,0,18,0,8,0,0,0,0,1,1,6,1,29,6,-1,-1,-1,8,1,8
2017210201543,2,9,0,18,0,8,5,0,0,0,1,1,6,1,48,8,1461,2,1,1,1,1
2017210201543,3,9,0,3,0,1,0,0,0,0,3,1,6,1,27,6,1968,2,5,-1,-1,-1
2017210201544,1,9,0,16,0,0,0,0,0,0,1,1,6,1,20,4,1242,1,17,10,3,10
2017210201544,2,9,0,3,0,0,0,0,0,0,2,1,6,2,22,5,1588,1,13,8,3,8
2017210201544,3,9,0,3,0,0,0,0,0,0,2,1,6,3,-1,-1,1798,8,2,-1,-1,-1
2017210201587,1,9,0,18,0,0,0,0,0,0,4,1,6,1,44,7,1995,2,12,5,1,5
2017210201717,1,3,0,18,0,1,0,0,0,0,1,1,6,1,-1,-1,125,1,2,4,1,4