Accident_Index,Vehicle_Reference,Vehicle_Type,Towing_and_Articulation,Vehicle_Manoeuvre,Vehicle_Location-Restricted_Lane,Junction_Location,Skidding_and_Overturning,Hit_Object_in_Carriageway,Vehicle_Leaving_Carriageway,Hit_Object_off_Carriageway,1st_Point_of_Impact,Was_Vehicle_Left_Hand_Drive?,Journey_Purpose_of_Driver,Sex_of_Driver,Age_of_Driver,Age_Band_of_Driver,Engine_Capacity_(CC),Propulsion_Code,Age_of_Vehicle,Driver_IMD_Decile,Driver_Home_Area_Type,Vehicle_IMD_Decile
2017210213262,1,9,0,18,0,1,0,0,0,0,1,1,1,1,40,7,1910,2,9,2,1,2
2017210213262,2,1,0,9,0,8,0,0,0,0,3,1,6,1,41,7,-1,-1,-1,7,1,7
2017210213300,1,9,0,18,0,1,0,0,0,0,1,1,6,1,26,6,1598,2,3,3,1,3
2017210213368,1,9,0,18,0,1,0,0,0,0,3,1,6,1,45,7,1968,2,11,2,1,2
2017210213368,2,1,0,18,0,8,0,0,0,0,4,1,6,1,41,7,-1,-1,-1,3,1,3
2017210213661,1,9,0,18,0,1,0,0,0,0,1,1,6,2,45,7,1398,1,7,8,1,8
2017210213661,2,8,0,18,0,1,0,0,0,0,2,1,1,1,37,7,1968,2,4,1,1,1
2017210213675,1,9,0,13,0,0,0,0,0,0,1,1,1,1,59,9,-1,-1,-1,10,1,10
2017210214105,1,9,0,18,0,0,0,0,0,0,1,1,2,2,28,6,1364,1,11,4,1,4
2017210214105,2,9,0,18,0,0,0,0,0,0,2,1,6,1,19,4,1149,1,14,6,3,6
2017210214215,1,9,0,9,0,8,0,0,0,0,1,1,6,1,69,10,2204,2,10,7,1,7
2017210214215,2,9,0,18,0,4,0,0,0,0,2,1,6,2,52,8,998,1,-1,7,1,7
2017210214342,1,9,0,5,6,0,0,0,0,0,3,1,6,1,29,6,1968,2,6,1,1,1
2017210214342,2,9,0,18,0,0,0,0,0,0,4,1,6,2,45,7,1560,2,-1,9,1,9
2017210214380,1,9,0,17,0,0,2,0,2,0,4,1,6,1,16,4,1360,1,17,1,1,1
2017210214528,1,9,0,1,0,0,0,0,0,0,2,1,6,1,54,8,1870,2,12,5,1,5
2017210214542,1,3,0,13,0,1,0,0,0,0,1,1,6,1,51,8,124,1,7,5,1,5
2017210214542,2,9,0,9,0,1,0,0,0,0,4,1,6,2,53,8,998,1,3,3,1,3
2017210214563,1,9,0,18,0,0,0,0,0,0,1,1,1,1,23,5,1149,1,6,9,1,9
2017210214563,2,21,1,18,0,0,0,0,0,0,1,1,1,1,63,9,11967,2,6,3,1,3
2017210214615,1,9,0,18,0,0,0,0,0,0,1,1,5,2,22,5,1368,1,4,6,2,6
2017210214615,2,9,0,2,9,0,0,0,0,0,3,1,5,1,-1,-1,1390,1,13,6,1,6
2017210214643,1,9,0,9,0,1,0,0,0,0,4,1,1,1,46,8,1560,2,2,8,3,8
2017210214643,2,9,0,18,0,1,0,0,0,0,1,1,6,1,38,7,1997,2,14,2,1,2
2017210214668,1,9,0,18,0,0,0,0,0,0,1,1,6,1,79,11,1999,1,14,10,1,10
2017210214668,2,9,0,3,0,0,0,0,0,0,2,1,6,2,20,4,1242,1,11,5,3,5
2017210214752,1,3,0,16,0,0,0,0,0,0,1,1,6,2,55,8,124,1,7,3,1,3
2017210214752,2,19,0,17,0,0,0,0,0,0,3,1,6,1,50,8,2143,2,-1,6,1,6
2017210214767,1,1,0,7,0,2,0,0,0,0,1,1,6,1,49,8,-1,-1,-1,-1,-1,-1
2017210214767,2,9,0,18,0,1,0,0,0,0,1,1,6,1,85,11,1461,2,-1,-1,-1,-1
2017210214815,1,9,0,18,0,8,0,0,0,0,0,1,5,2,49,8,2720,2,10,-1,-1,-1
2017210214899,1,9,0,10,0,0,0,0,0,0,1,1,6,1,54,8,-1,-1,-1,9,1,9
2017210214899,2,3,0,18,0,0,0,0,0,0,1,1,6,1,20,4,124,1,2,2,1,2
2017210214901,1,9,0,18,0,1,0,0,0,0,1,1,6,1,32,6,2199,2,8,6,1,6
2017210214901,2,9,0,3,0,1,0,0,0,0,2,1,6,2,47,8,1422,2,14,4,1,4
2017210215042,1,9,0,14,0,0,0,0,0,0,2,1,1,1,27,6,1591,1,5,7,1,7
2017210215042,2,9,0,9,0,0,0,0,0,0,2,1,6,1,38,7,1197,1,1,3,1,3
2017210215105,1,9,0,18,0,0,0,0,0,0,1,1,6,1,36,7,-1,-1,-1,3,1,3
2017210215105,2,9,0,18,0,0,0,0,0,0,2,1,6,1,56,9,1399,2,5,3,1,3
2017210215105,3,9,0,18,0,0,0,0,0,0,2,1,6,1,30,6,1956,2,5,1,1,1
2017210215207,1,19,0,11,0,0,0,0,0,0,4,1,1,1,48,8,2287,2,7,3,1,3
2017210215207,2,19,0,18,0,0,5,0,1,0,2,1,1,1,62,9,-1,-1,-1,3,2,3
2017210215329,1,21,0,18,0,0,0,0,0,0,1,1,1,1,47,8,12809,2,2,1,1,1
2017210215329,2,21,0,18,0,0,0,0,0,0,2,1,1,1,43,7,11967,2,4,4,1,4
2017210215329,3,19,0,18,0,0,0,0,0,0,2,1,1,1,61,9,2198,2,2,8,1,8
2017210215329,4,19,0,18,0,0,0,0,0,0,4,1,1,1,57,9,2299,2,3,5,1,5
2017210215329,5,21,0,18,0,0,0,0,0,0,2,1,1,1,43,7,8710,2,2,-1,-1,-1
2017210215357,1,5,0,13,0,0,5,0,0,0,1,1,6,1,-1,-1,599,1,7,2,1,2
2017210215357,2,9,0,13,0,0,0,0,0,0,2,1,6,1,57,9,-1,-1,-1,6,3,6
2017210215357,3,9,0,18,0,0,0,0,0,0,0,1,6,1,60,9,998,1,3,10,3,10
2017210215425,1,9,0,9,0,2,0,0,0,0,1,1,6,2,37,7,2198,1,14,2,1,2
2017210215425,2,9,0,17,0,1,0,0,0,0,1,1,1,2,28,6,1995,2,-1,8,2,8
2017210215453,1,9,0,18,0,0,0,0,0,0,4,1,6,1,28,6,1596,1,9,3,1,3
2017210215453,2,21,1,18,0,0,0,0,0,0,3,1,1,1,55,8,12900,2,10,-1,-1,-1
2017210215529,1,98,0,2,0,8,0,0,0,0,4,1,6,1,42,7,-1,-1,-1,-1,-1,-1
2017210215529,2,1,0,18,0,1,5,4,0,0,1,1,6,1,20,4,-1,-1,-1,1,1,1
2017210215786,1,5,0,18,0,1,0,0,0,0,1,1,6,1,29,6,598,1,20,10,2,10
2017210215786,2,9,0,3,0,1,0,0,0,0,2,1,6,1,48,8,1596,1,6,9,1,9
2017210215792,1,9,0,18,0,0,0,0,0,0,1,1,6,1,23,5,2967,2,6,-1,-1,-1
2017210215792,2,1,0,18,0,0,0,0,0,0,1,1,6,1,33,6,-1,-1,-1,-1,-1,-1
2017210215826,1,17,0,18,0,0,0,0,0,0,1,1,6,1,-1,-1,3972,2,20,8,3,8
2017210215826,2,9,0,18,0,0,0,0,0,0,1,1,6,2,25,5,1242,1,-1,8,3,8
2017210215829,1,9,0,13,0,0,0,0,0,0,3,1,6,2,23,5,1368,1,3,8,2,8
2017210215829,2,98,0,18,0,0,0,0,0,0,1,1,6,1,69,10,-1,-1,-1,8,1,8
2017210215829,3,98,1,18,0,0,0,0,0,0,3,1,1,1,56,9,-1,-1,-1,-1,-1,-1
2017210215883,1,9,0,18,0,2,0,0,0,0,1,1,6,2,68,10,1998,1,21,8,3,8
2017210215883,2,9,0,18,0,1,0,0,0,0,1,1,2,2,63,9,1618,1,1,2,1,2
2017210215936,1,17,0,18,0,0,0,0,0,0,3,1,6,3,-1,-1,-1,-1,-1,-1,-1,-1
2017210215936,2,9,0,18,0,0,0,0,0,0,3,1,6,1,77,11,1400,1,8,9,2,9
2017210215963,1,9,0,17,0,0,5,0,1,0,1,1,6,2,19,4,1242,1,10,7,3,7
2017210215963,2,9,0,16,0,0,1,0,0,0,1,1,1,2,42,7,1598,2,5,2,1,2
2017210216105,1,3,0,18,0,1,0,0,0,0,1,1,2,2,24,5,124,1,5,9,1,9
2017210216105,2,9,0,3,0,1,0,0,0,0,2,1,2,1,28,6,1968,2,6,2,1,2
2017210216120,1,9,0,18,0,1,0,0,0,0,4,1,6,1,28,6,1995,2,11,10,1,10
2017210216120,2,9,0,18,0,8,0,0,0,0,1,1,6,2,51,8,1560,2,4,10,1,10
2017210216198,1,9,0,11,0,0,0,0,0,0,1,1,6,1,40,7,1956,2,4,10,2,10
2017210216198,2,9,0,10,0,0,0,0,0,0,4,1,1,2,36,7,1686,2,3,-1,-1,-1
2017210216198,3,9,0,18,0,0,0,0,0,0,3,1,6,1,90,11,1461,2,3,10,2,10
2017210216203,1,9,0,7,0,1,0,0,0,0,3,1,6,2,33,6,1796,1,10,4,1,4
2017210216203,2,9,0,18,0,1,0,0,0,0,1,1,6,1,77,11,1560,2,10,5,1,5
2017210216348,1,9,0,18,0,0,0,0,0,0,1,1,1,1,41,7,1896,2,14,4,1,4
2017210216348,2,9,0,18,0,0,0,0,0,0,1,1,5,2,19,4,1395,1,-1,-1,-1,-1
2017210216348,3,9,0,18,0,0,0,0,0,0,2,1,5,1,25,5,1248,2,4,1,1,1
2017210216395,1,9,0,10,0,1,0,0,0,0,1,1,6,1,54,8,1388,1,8,3,1,3
2017210216395,2,9,0,18,0,1,0,0,1,0,1,1,6,2,37,7,1229,1,12,2,1,2
2017210216395,3,9,0,18,0,1,0,0,0,0,0,1,6,2,37,7,1995,2,2,9,3,9
2017210216673,1,9,0,18,0,8,0,0,0,0,1,1,6,1,36,7,1796,1,17,-1,-1,-1
2017210216673,2,9,0,18,0,8,0,0,0,0,1,1,1,1,-1,-1,2993,2,1,-1,-1,-1
2017210216774,1,9,0,6,0,0,0,0,0,0,1,1,6,1,90,11,1461,2,3,10,2,10
2017210216774,2,9,0,18,0,0,0,0,0,0,1,1,6,1,33,6,1560,2,3,-1,-1,-1
2017210216857,1,9,0,5,0,1,0,0,0,0,1,1,6,1,42,7,996,1,7,2,1,2
2017210216857,2,9,0,18,0,1,0,0,0,0,1,1,6,1,20,4,973,1,19,4,1,4
2017210216912,1,9,0,9,0,1,0,0,0,0,0,1,1,1,28,6,1560,2,8,4,1,4
2017210216912,2,9,0,18,0,1,0,0,0,0,1,1,1,1,25,5,1242,1,12,8,1,8
2017210216912,3,9,0,18,0,1,0,0,0,0,3,1,1,1,53,8,1200,1,1,7,1,7
2017210216951,1,9,0,9,0,2,0,0,0,0,3,1,6,2,19,4,1242,1,8,4,1,4
2017210216951,2,9,0,18,0,1,0,0,0,0,4,1,6,1,19,4,1248,1,5,2,1,2
2017210216976,1,21,0,18,0,1,0,0,0,0,1,1,1,1,45,7,6700,2,2,6,1,6
2017210216976,2,9,0,3,0,1,0,0,0,0,2,1,2,2,18,4,998,1,9,7,2,7
2017210217141,1,9,0,2,0,0,0,0,0,0,2,1,6,2,26,6,1686,2,12,1,1,1
2017210217141,2,9,0,18,0,0,0,0,0,0,1,1,2,1,21,5,-1,-1,-1,1,1,1
2017210217141,3,9,0,18,0,0,0,0,0,0,1,1,6,2,46,8,999,1,2,6,1,6
2017210217141,4,19,0,18,0,0,0,0,0,0,1,1,2,1,28,6,2488,2,6,4,1,4
2017210217141,5,19,0,18,0,0,0,0,0,0,1,1,1,1,27,6,1560,2,4,2,1,2
2017210217184,1,9,0,9,0,0,0,0,0,0,4,1,6,1,33,6,2967,2,11,4,1,4
2017210217184,2,1,0,18,0,0,0,0,0,0,1,1,6,1,36,7,-1,-1,-1,-1,-1,-1
2017210217233,1,9,0,9,0,2,0,0,0,0,2,1,6,2,35,6,2765,2,25,-1,-1,-1
2017210217233,2,9,0,18,0,1,0,0,0,0,1,1,6,1,31,6,3165,7,14,10,1,10
2017210217244,1,9,0,17,0,0,0,0,0,0,1,1,6,1,19,4,1149,1,15,-1,-1,-1
2017210217244,2,9,0,16,0,0,0,0,0,0,1,1,6,2,21,5,1461,2,9,5,3,5
2017210217269,1,3,0,18,0,0,0,0,0,0,1,1,6,1,23,5,124,1,18,8,2,8
2017210217269,2,9,0,4,0,0,0,0,0,0,2,1,6,1,26,6,1596,1,11,8,1,8
2017210217311,1,9,0,18,0,2,0,0,0,0,1,1,5,1,35,6,2198,2,10,3,1,3
2017210217311,2,9,0,18,0,2,0,0,0,0,0,1,1,2,32,6,2993,2,3,7,1,7
2017210217693,1,9,0,18,0,1,0,0,0,0,1,1,6,2,32,6,1296,1,10,10,1,10
2017210217693,2,1,0,18,0,1,0,0,0,0,1,1,2,2,35,6,-1,-1,-1,6,1,6
2017210217944,1,9,0,5,0,6,0,0,0,0,4,1,5,1,49,8,1395,1,-1,5,1,5
2017210217944,2,3,0,18,0,1,5,0,7,0,4,1,5,1,40,7,124,1,13,5,1,5
2017210218396,1,9,0,18,0,1,0,0,0,0,4,1,6,1,75,10,2268,2,3,3,1,3
2017210218661,1,9,0,9,0,8,0,0,0,0,1,1,1,1,51,8,1794,7,11,2,1,2
2017210218661,2,9,0,18,0,8,0,0,0,0,1,1,2,1,23,5,-1,-1,-1,4,2,4
2017210218681,1,9,0,18,0,8,0,0,1,0,1,1,6,1,45,7,1998,2,11,-1,-1,-1
2017210218681,2,9,0,18,0,1,0,0,0,0,1,1,6,1,33,6,1399,2,9,-1,-1,-1
2017210218752,1,9,0,18,0,0,5,4,0,0,1,1,6,2,36,7,1968,2,3,7,1,7
2017210218752,2,9,0,2,0,0,0,0,0,0,2,1,6,1,64,9,1997,2,16,8,1,8
2017210218797,1,9,0,17,0,0,1,0,7,0,3,1,6,1,43,7,1364,1,11,-1,-1,-1
2017210219033,1,8,0,18,0,0,0,0,0,0,1,1,2,1,46,8,-1,-1,-1,5,1,5
2017210219033,2,5,0,18,0,0,0,0,0,0,1,1,2,1,43,7,998,1,11,5,3,5
2017210219188,1,9,4,7,0,5,0,0,0,0,0,1,6,1,31,6,1995,2,13,8,1,8
2017210220278,1,9,0,17,0,0,0,0,0,0,1,1,6,2,38,7,1895,1,18,3,1,3
2017210220283,1,9,0,18,0,0,0,0,0,0,4,1,6,1,19,4,998,1,5,9,1,9
2017210220313,1,1,0,18,0,6,0,0,0,0,0,1,6,1,7,2,-1,-1,-1,9,1,9
2017210220313,2,9,0,18,0,8,0,0,0,0,0,1,3,2,39,7,2902,2,11,9,1,9
2017210220335,1,9,0,18,0,0,0,0,0,0,1,1,6,1,63,9,1198,1,11,10,1,10
2017210220335,2,17,0,18,0,0,0,0,0,0,1,1,6,1,21,5,5675,2,28,-1,-1,-1
2017210220406,1,9,0,17,0,0,0,0,0,0,1,1,1,1,54,8,-1,-1,-1,2,1,2
2017210220463,1,9,0,18,0,0,0,0,0,0,1,1,6,1,28,6,1984,1,2,8,1,8
2017210220501,1,9,0,18,0,0,0,0,0,0,1,1,6,1,18,4,1398,1,2,1,1,1
2017210220512,1,21,0,18,0,0,0,0,0,0,0,1,1,1,49,8,5880,2,11,3,1,3
2017210220574,1,9,0,9,0,6,0,0,0,0,1,1,6,1,-1,-1,-1,-1,-1,-1,-1,-1
2017210220574,2,9,0,18,0,1,0,0,0,0,1,1,5,2,35,6,1598,1,16,3,1,3
2017210220637,1,9,0,18,0,1,0,0,0,0,4,1,6,1,55,8,-1,-1,-1,9,1,9
2017210220637,2,1,0,18,0,1,0,0,0,0,0,1,6,2,40,7,-1,-1,-1,2,1,2
2017210220691,1,9,0,9,0,1,0,0,0,0,1,1,6,1,77,11,999,1,2,6,1,6
2017210220691,2,9,0,18,0,1,0,0,0,0,1,1,2,1,56,9,-1,-1,-1,4,1,4
2017210220707,1,9,0,4,0,0,0,0,0,0,1,1,6,1,33,6,998,1,15,4,1,4
2017210220707,2,5,0,4,0,0,0,0,0,0,1,1,6,1,57,9,1552,1,11,-1,-1,-1
2017210220707,3,9,0,4,0,0,0,0,0,0,2,1,6,1,29,6,1364,2,3,7,1,7
2017210220773,1,9,0,18,0,1,0,0,0,0,1,1,6,1,29,6,1799,1,11,2,1,2
2017210220773,2,9,0,18,0,1,0,0,0,0,3,1,6,1,25,5,1990,1,29,2,1,2
2017210220794,1,9,0,6,0,0,0,0,0,0,1,1,6,1,69,10,1560,2,2,1,1,1
2017210220794,2,3,0,18,0,0,0,0,0,0,1,1,6,1,51,8,125,1,54,9,1,9
2017210220847,1,9,0,13,0,0,0,0,0,0,1,1,6,1,-1,-1,1149,1,16,4,1,4
2017210220847,2,1,0,18,0,0,0,0,0,0,4,1,6,1,22,5,-1,-1,-1,1,1,1
2017210220892,1,9,-1,-1,-1,-1,-1,-1,-1,0,-1,1,6,1,28,6,1398,1,7,3,1,3
2017210220892,2,5,-1,-1,-1,-1,-1,-1,-1,0,-1,1,6,1,48,8,1052,1,24,3,1,3
2017210220895,1,8,0,9,0,0,0,0,0,0,1,1,1,1,49,8,2231,2,9,1,1,1
2017210220927,1,9,0,18,0,1,1,0,0,0,1,1,5,1,35,6,1968,2,2,3,1,3
2017210220927,2,9,0,9,0,6,0,0,0,0,3,1,5,2,39,7,1598,2,2,1,1,1
2017210220942,1,8,0,2,0,0,0,0,0,0,0,1,5,1,26,6,-1,-1,-1,2,1,2
2017210221013,1,9,0,18,0,0,1,0,0,0,4,1,6,2,23,5,1997,2,15,2,1,2
2017210221017,1,21,-1,-1,-1,0,-1,-1,-1,0,-1,1,1,1,44,7,12809,2,1,1,1,1
2017210221041,1,9,0,18,0,1,0,0,0,0,4,1,2,1,47,8,1968,2,6,8,1,8
2017210221078,1,9,0,9,0,6,0,0,0,0,4,1,6,1,50,8,2143,2,2,9,1,9
2017210221078,2,9,0,18,0,8,0,0,0,0,3,1,6,2,75,10,1124,1,14,9,1,9
2017210221087,1,9,-1,-1,-1,-1,-1,-1,-1,0,-1,1,6,3,-1,-1,-1,-1,-1,-1,-1,-1
2017210221087,2,9,-1,-1,-1,-1,-1,-1,-1,0,-1,1,6,3,-1,-1,1896,2,8,-1,-1,-1
2017210221095,1,9,0,1,0,0,0,0,0,0,1,1,6,1,55,8,1390,1,13,1,1,1
2017210221095,2,3,0,17,0,0,0,0,0,0,1,1,6,1,25,5,125,1,3,9,1,9
2017210221241,1,9,-1,-1,-1,0,-1,-1,-1,0,-1,1,2,1,30,6,1242,1,10,1,1,1
2017210221241,2,9,-1,-1,-1,0,-1,-1,-1,0,-1,1,2,1,47,8,1968,2,7,1,1,1
2017210221241,3,9,-1,-1,-1,0,-1,-1,-1,0,-1,1,2,3,-1,-1,-1,-1,-1,-1,-1,-1
2017210221245,1,9,0,13,0,0,0,0,0,0,1,1,6,1,18,4,1995,2,12,1,1,1
2017210221245,2,9,0,12,0,0,0,0,-1,0,2,1,6,2,33,6,1598,1,11,6,1,6
2017210221248,1,9,0,17,0,0,0,0,0,0,1,1,6,1,36,7,1896,2,15,7,1,7
2017210221248,2,9,0,4,0,0,0,0,0,0,2,1,6,2,19,4,1598,2,3,7,1,7
2017210221248,3,9,0,4,0,0,0,0,0,0,2,1,6,1,46,8,998,1,1,10,1,10
2017210221288,1,9,0,9,0,1,0,0,0,0,1,1,1,1,52,8,1968,2,9,7,1,7
2017210221288,2,3,0,18,0,1,1,0,0,0,1,1,2,1,23,5,124,1,21,2,1,2
2017210221356,1,9,0,18,0,1,0,0,0,0,1,1,6,1,79,11,1783,1,14,8,1,8
2017210221356,2,9,0,3,0,1,0,0,0,0,2,1,6,2,69,10,1596,1,1,6,1,6
2017210221358,1,9,-1,7,-1,-1,-1,-1,-1,0,-1,1,6,2,26,6,1461,2,2,3,1,3
2017210221358,2,9,-1,18,-1,-1,-1,-1,-1,0,-1,1,6,1,-1,-1,1199,1,17,-1,-1,-1
2017210221374,1,9,0,11,0,3,0,0,0,0,4,1,6,2,28,6,1248,1,7,1,1,1
2017210221374,2,9,0,18,0,3,0,0,0,0,1,1,6,2,69,10,1318,1,1,8,2,8
2017210221407,1,19,0,18,0,0,0,0,0,0,1,1,6,1,21,5,1867,2,11,4,2,4
2017210221407,2,9,0,3,0,0,0,0,0,0,2,1,6,2,56,9,1598,2,5,7,1,7
2017210221407,3,9,0,12,0,0,0,0,0,0,2,1,6,1,68,10,1395,1,-1,8,1,8
2017210221424,1,9,0,4,0,0,1,0,0,0,3,1,6,1,27,6,1242,1,7,-1,-1,-1
2017210221424,2,9,0,3,0,0,0,0,0,0,2,1,6,2,35,6,1395,1,-1,-1,-1,-1
2017210221424,3,9,-1,4,0,0,0,0,0,0,0,1,6,2,22,5,1910,2,10,-1,-1,-1
2017210221424,4,9,-1,4,0,0,0,0,0,0,-1,1,6,2,46,8,1997,2,4,-1,-1,-1
2017210221439,1,1,0,18,0,8,0,0,0,0,2,1,6,1,38,7,-1,-1,-1,2,1,2
2017210221439,2,9,0,18,0,6,0,0,0,0,1,1,6,2,40,7,1995,2,12,2,1,2
2017210221464,1,19,-1,-1,-1,-1,-1,-1,-1,0,-1,1,6,1,61,9,2198,2,1,-1,-1,-1
2017210221464,2,1,-1,-1,-1,-1,-1,-1,-1,0,-1,1,6,1,30,6,-1,-1,-1,-1,-1,-1
2017210221475,1,3,0,3,0,1,0,0,0,0,1,1,6,1,21,5,125,1,2,-1,-1,-1
2017210221475,2,9,0,7,0,1,0,0,0,0,1,1,6,1,43,7,1794,1,10,-1,-1,-1
2017210221484,1,9,0,9,0,8,0,0,0,0,1,1,6,1,26,6,1998,1,1,10,2,10
2017210221484,2,9,0,9,0,8,0,0,0,0,1,1,1,1,48,8,1598,1,7,8,2,8
2017210221568,1,9,0,4,0,0,0,0,0,0,1,1,6,1,28,6,1560,2,4,4,3,4
2017210221568,2,9,0,14,0,0,0,0,0,0,1,1,6,1,42,7,1493,1,22,1,1,1
2017210221572,1,9,0,18,0,0,0,0,0,0,1,1,5,1,19,4,1461,2,-1,4,1,4
2017210221572,2,9,0,2,0,0,0,0,0,0,2,1,5,1,38,7,2401,2,10,1,1,1
2017210221576,1,9,0,18,0,1,0,0,0,0,1,1,6,1,33,6,1461,2,6,-1,-1,-1
2017210221576,2,9,0,3,0,1,0,0,0,0,2,1,6,1,23,5,2495,2,14,-1,-1,-1
2017210221579,1,9,0,7,0,1,0,0,0,0,1,1,1,1,25,5,1596,1,2,-1,-1,-1
2017210221579,2,1,0,18,0,8,5,0,0,0,3,1,6,1,23,5,-1,-1,-1,-1,-1,-1
2017210221580,1,9,0,5,0,0,0,0,0,0,4,1,5,1,32,6,1686,2,4,6,1,6
2017210221586,1,9,0,18,0,0,0,0,0,0,1,1,6,1,39,7,1951,2,13,2,1,2
2017210221586,2,9,0,18,0,0,0,0,0,0,2,1,1,1,26,6,1362,1,3,6,1,6
2017210221672,1,9,0,7,0,8,0,0,0,0,1,1,6,2,22,5,1390,1,6,-1,-1,-1
2017210221672,2,8,0,8,0,1,0,0,0,0,3,1,1,1,52,8,1995,2,6,-1,-1,-1
2017210221702,1,19,0,17,0,0,0,0,1,4,1,1,6,1,31,6,1686,2,11,7,1,7
2017210221775,1,9,0,18,0,0,0,0,0,0,1,1,6,2,44,7,1910,2,11,3,1,3
2017210221775,2,9,0,18,0,0,0,0,0,0,1,1,2,1,33,6,1896,2,10,10,2,10
2017210221808,1,5,0,17,0,0,2,10,1,1,1,1,6,1,35,6,918,1,18,2,1,2
2017210221855,2,5,0,18,0,1,2,0,0,0,1,1,6,1,37,7,598,1,23,1,1,1
2017210221855,3,9,0,9,0,1,0,0,0,0,3,1,6,2,39,7,1229,1,10,3,1,3
2017210221876,1,21,1,17,0,3,0,0,0,0,0,1,1,1,49,8,12740,2,2,-1,-1,-1
2017210221876,2,9,0,17,0,3,0,0,0,0,3,1,2,2,53,8,1968,2,14,7,1,7
2017210221912,1,9,0,4,0,0,0,0,0,0,4,1,6,1,23,5,1597,1,8,-1,-1,-1
2017210221912,2,9,0,4,0,0,0,0,0,0,0,1,1,1,-1,-1,2967,2,1,-1,-1,-1
2017210221938,1,9,0,18,0,0,-1,0,0,0,1,1,6,1,-1,-1,1968,2,6,-1,-1,-1
2017210221938,2,9,0,18,0,0,-1,0,0,0,2,1,1,1,-1,-1,2993,2,1,-1,-1,-1
2017210221938,3,9,0,18,9,0,-1,0,2,0,1,1,1,1,-1,-1,1968,2,2,-1,-1,-1
2017210221960,1,9,0,4,0,0,0,0,0,0,1,1,6,1,21,5,-1,-1,-1,-1,-1,-1
2017210221960,2,9,0,4,0,0,0,0,0,0,2,1,6,1,52,8,1596,1,16,-1,-1,-1
2017210221973,1,9,0,5,0,1,0,0,0,0,3,1,6,2,70,10,998,1,1,2,1,2
2017210222045,1,9,0,18,0,1,0,0,0,0,1,1,2,1,56,9,-1,-1,-1,8,3,8
2017210222045,2,9,0,18,0,1,0,0,0,0,3,1,2,1,26,6,1598,1,10,6,1,6
2017210222071,1,9,0,4,0,1,0,0,0,0,0,1,6,2,53,8,1364,1,10,-1,-1,-1
2017210222151,1,9,0,5,0,8,0,0,0,0,1,1,6,2,48,8,1968,2,9,3,1,3
2017210222151,2,9,0,18,0,1,0,0,0,0,1,1,1,1,32,6,1598,1,11,1,1,1
2017210222153,1,9,0,18,0,1,0,0,0,0,4,1,6,1,94,11,2198,1,16,2,1,2
2017210222153,2,9,0,18,0,1,0,0,0,0,1,1,6,2,25,5,1360,1,15,3,1,3
2017210222174,1,9,0,7,0,8,0,0,0,0,1,1,6,1,30,6,1368,1,7,2,1,2
2017210222174,2,9,0,18,0,8,0,0,0,0,1,1,6,1,36,7,1399,2,6,3,1,3
2017210222174,3,9,0,18,0,8,0,0,0,0,4,1,6,1,46,8,-1,-1,-1,7,1,7
2017210222186,1,3,0,4,0,1,0,0,0,0,1,1,6,1,25,5,124,1,4,-1,-1,-1
2017210222186,2,9,0,3,0,1,0,0,0,0,2,1,6,2,41,7,1598,1,16,-1,-1,-1
2017210222204,1,9,0,5,0,1,0,0,0,0,1,1,2,1,31,6,1598,1,5,1,1,1
2017210222204,2,9,0,5,0,1,0,0,0,0,2,1,6,1,72,10,-1,3,3,8,1,8
2017210222245,1,3,0,16,0,8,0,0,0,0,4,1,6,1,22,5,125,1,3,7,1,7
2017210222245,2,9,0,6,0,8,0,0,0,0,3,1,2,1,53,8,1597,2,1,10,1,10
2017210222257,1,9,0,7,0,8,0,0,0,0,1,1,6,2,18,4,1149,1,11,9,1,9
2017210222257,2,9,0,18,0,8,0,0,0,0,1,1,6,2,48,8,1396,1,5,4,1,4
2017210222257,3,9,0,18,0,8,0,0,0,0,1,1,6,2,25,5,1242,1,10,6,3,6
2017210222258,1,9,0,18,0,1,0,12,0,0,4,1,6,2,18,4,1368,1,11,-1,-1,-1
2017210222258,2,9,0,5,0,1,0,12,0,0,1,1,6,1,79,11,1796,1,8,-1,-1,-1
2017210222273,1,5,0,16,0,0,2,0,7,10,1,1,1,1,21,5,649,1,5,2,1,2
2017210222278,1,9,0,18,9,0,0,0,1,11,1,1,6,2,37,7,1364,1,3,2,1,2
2017210222293,1,8,0,6,0,0,0,0,0,0,1,1,6,1,38,7,1998,2,5,-1,-1,-1
2017210222293,2,9,0,5,0,0,0,0,0,0,1,1,6,1,25,5,2496,2,16,-1,-1,-1
2017210222361,1,9,0,18,0,0,5,0,0,0,1,1,6,1,71,10,1364,1,9,-1,-1,-1
2017210222361,2,9,0,2,0,0,0,0,0,0,2,1,6,1,-1,-1,1995,2,7,-1,-1,-1
2017210222367,1,9,0,18,0,4,0,0,0,0,1,1,6,1,29,6,1364,1,12,1,1,1
2017210222367,2,9,0,9,0,4,0,0,0,0,1,1,6,2,-1,-1,999,1,-1,2,1,2
2017210222386,1,9,0,18,0,1,0,0,0,0,1,1,6,2,23,5,1399,1,1,-1,-1,-1