Accident_Index,Vehicle_Reference,Vehicle_Type,Towing_and_Articulation,Vehicle_Manoeuvre,Vehicle_Location-Restricted_Lane,Junction_Location,Skidding_and_Overturning,Hit_Object_in_Carriageway,Vehicle_Leaving_Carriageway,Hit_Object_off_Carriageway,1st_Point_of_Impact,Was_Vehicle_Left_Hand_Drive?,Journey_Purpose_of_Driver,Sex_of_Driver,Age_of_Driver,Age_Band_of_Driver,Engine_Capacity_(CC),Propulsion_Code,Age_of_Vehicle,Driver_IMD_Decile,Driver_Home_Area_Type,Vehicle_IMD_Decile
2017210222386,2,9,0,18,0,2,0,0,0,0,2,1,6,2,39,7,1461,2,2,-1,-1,-1
2017210222402,1,21,0,18,0,1,0,0,0,0,-1,1,1,1,67,10,12777,2,3,7,3,7
2017210222402,2,9,0,18,0,2,0,0,0,0,-1,1,6,1,33,6,1968,2,6,1,1,1
2017210222684,1,9,0,4,0,0,0,0,0,0,1,1,6,1,22,5,1598,1,5,5,1,5
2017210222684,2,9,0,4,0,0,0,0,0,0,2,1,6,1,54,8,1560,2,7,7,1,7
2017210222684,3,9,0,3,0,0,0,0,0,0,2,1,6,2,30,6,2720,2,13,3,1,3
2017210222734,1,9,0,13,0,0,5,0,0,0,4,1,1,2,21,5,-1,-1,-1,4,1,4
2017210222734,2,20,1,18,0,0,0,0,0,0,3,1,1,1,64,9,-1,-1,-1,8,3,8
2017210222813,1,9,0,18,0,8,0,0,0,0,1,1,6,1,-1,-1,1299,1,17,-1,-1,-1
2017210222813,2,9,0,10,0,1,0,0,0,0,1,1,6,2,43,7,1560,2,3,6,3,6
2017210222813,3,9,0,18,0,1,0,0,0,0,0,1,1,1,31,6,1956,2,-1,-1,-1,-1
2017210222869,1,9,0,9,0,8,0,0,0,0,1,1,6,1,-1,-1,1199,1,17,10,1,10
2017210222869,2,9,0,18,0,8,0,0,0,0,1,1,6,2,64,9,1685,2,-1,10,2,10
2017210222971,1,9,0,9,0,0,0,0,0,0,1,1,1,2,74,10,-1,-1,-1,4,1,4
2017210222971,2,9,0,18,0,0,0,0,0,0,1,1,1,2,50,8,1998,1,13,7,2,7
2017210222993,1,9,0,18,0,1,0,0,0,0,0,1,6,2,50,8,1198,1,4,6,1,6
2017210223060,1,9,0,18,0,0,0,0,0,0,1,1,6,1,70,10,1229,1,3,8,3,8
2017210223060,2,9,0,4,0,0,0,0,0,0,2,1,6,2,73,10,1560,2,3,6,2,6
2017210223099,1,9,0,9,0,1,0,0,0,0,4,1,6,1,38,7,1086,1,12,3,1,3
2017210223130,1,9,0,18,0,0,0,0,0,0,1,1,1,2,20,4,2402,2,7,9,3,9
2017210223130,2,9,0,3,0,0,0,0,0,0,2,1,6,2,25,5,1598,2,2,9,1,9
2017210223130,3,9,0,3,0,0,0,0,0,0,2,1,6,1,42,7,1999,2,2,8,2,8
2017210223428,1,9,0,18,0,1,0,0,1,0,1,1,6,2,30,6,1753,2,11,-1,-1,-1
2017210223428,2,9,0,10,0,1,0,0,0,0,3,1,6,1,25,5,1968,2,6,-1,-1,-1
2017210223606,1,9,0,17,0,0,0,0,1,0,1,1,6,2,59,9,1198,1,4,6,2,6
2017210223612,1,9,0,18,0,0,0,0,0,0,1,1,1,1,22,5,1229,1,12,4,1,4
2017210223612,2,9,4,2,0,0,0,0,0,0,2,1,1,1,-1,-1,2495,2,16,-1,-1,-1
2017210223742,1,9,0,18,0,0,0,0,0,0,0,1,1,1,46,8,2393,2,-1,3,1,3
2017210223999,1,9,0,18,0,1,0,0,0,0,1,1,6,1,17,4,1149,1,15,6,1,6
2017210223999,2,9,0,4,0,1,0,0,0,0,2,1,1,1,60,9,1560,2,5,2,1,2
2017210224016,1,9,0,9,0,8,0,0,0,0,1,1,6,2,28,6,1248,1,6,2,1,2
2017210224016,2,9,0,18,0,1,0,0,0,0,1,1,6,1,44,7,1499,2,2,2,1,2
2017210224045,1,1,0,18,0,1,0,0,0,0,1,1,6,2,-1,-1,-1,-1,-1,4,1,4
2017210224045,2,9,0,18,0,1,0,0,0,0,1,1,6,1,54,8,1998,1,1,4,1,4
2017210224080,1,9,0,11,0,1,0,0,0,0,4,1,6,1,30,6,1986,2,12,-1,3,-1
2017210224080,2,5,0,9,0,1,0,0,0,0,3,1,6,1,41,7,1050,1,5,3,1,3
2017210224885,1,9,0,1,0,0,0,0,0,0,2,1,6,2,46,8,1896,2,15,8,3,8
2017210224962,1,9,0,1,0,0,0,0,0,0,2,1,5,1,17,4,1242,1,5,2,1,2
2017210225251,1,9,0,18,0,0,0,0,0,0,3,1,6,2,39,7,2967,2,3,8,3,8
2017210225251,2,1,0,18,0,0,0,0,0,0,3,1,6,1,51,8,-1,-1,-1,9,1,9
2017210225282,1,9,0,4,0,0,0,0,0,0,2,1,6,1,46,8,1461,2,12,1,1,1
2017210225282,2,9,0,18,0,0,0,0,0,0,1,1,6,1,31,6,1995,2,12,7,1,7
2017210225304,1,9,0,9,0,1,0,0,0,0,4,1,6,3,-1,-1,-1,-1,-1,-1,-1,-1
2017210225304,2,5,0,13,0,1,0,0,0,0,4,1,6,1,-1,-1,749,1,8,9,1,9
2017210225344,1,19,0,18,0,1,0,0,0,0,1,1,6,3,-1,-1,1910,2,14,-1,-1,-1
2017210225344,2,9,0,2,0,1,0,0,0,0,2,1,6,2,59,9,1968,2,-1,9,2,9
2017210225536,1,19,0,5,0,2,0,0,0,0,4,1,6,2,-1,-1,2198,2,9,-1,-1,-1
2017210225536,2,1,0,18,0,1,5,0,0,0,2,1,6,1,58,9,-1,-1,-1,-1,-1,-1
2017210225679,1,9,0,18,0,0,0,0,0,0,4,1,6,1,20,4,998,1,8,3,1,3
2017210225738,1,9,0,17,0,0,0,0,0,0,1,1,6,1,27,6,1798,7,8,-1,-1,-1
2017210225738,2,9,0,16,0,0,0,0,0,0,1,1,6,2,47,8,1596,1,2,8,1,8
2017210225790,1,9,0,18,0,1,0,0,0,0,1,1,6,2,21,5,999,1,3,1,1,1
2017210225790,2,9,0,18,0,1,0,0,0,0,2,1,6,1,43,7,2143,2,3,10,3,10
2017210225790,3,9,0,18,0,1,0,0,0,0,2,1,6,1,20,4,1248,2,7,9,2,9
2017210225861,1,9,0,1,0,0,0,0,0,0,2,1,6,1,29,6,1995,1,15,3,1,3
2017210225890,1,9,0,7,0,1,0,0,0,0,1,1,1,1,34,6,-1,-1,-1,2,1,2
2017210225890,2,9,0,7,0,1,0,0,0,0,2,1,6,1,55,8,998,1,1,2,1,2
2017210225948,1,-1,-1,17,0,8,0,0,0,0,0,1,6,3,-1,-1,-1,-1,-1,-1,-1,-1
2017210225988,1,98,-1,7,5,1,0,0,1,0,-1,1,6,3,-1,-1,-1,-1,-1,-1,-1,-1
2017210226086,1,9,0,18,0,0,0,0,0,0,4,1,6,1,35,6,3500,1,14,5,1,5
2017210226086,2,9,0,18,0,0,0,0,0,0,1,1,6,2,43,7,1896,2,12,5,1,5
2017210226337,1,9,0,16,0,7,0,0,0,0,3,1,6,1,86,11,1242,1,16,9,1,9
2017210226337,2,9,0,18,0,8,0,0,0,0,3,1,6,2,20,4,-1,-1,-1,3,1,3
2017210226376,1,-1,0,18,0,0,0,0,0,0,4,1,6,1,-1,-1,-1,-1,-1,-1,-1,-1
2017210226391,1,9,0,18,-1,-1,0,0,0,0,1,1,6,1,79,11,1197,1,-1,4,1,4
2017210226391,2,1,-1,18,-1,-1,-1,-1,-1,0,-1,1,6,1,34,6,-1,-1,-1,4,1,4
2017210226411,1,3,0,18,0,0,0,0,0,0,1,1,6,1,19,4,98,1,16,9,1,9
2017210226411,2,9,0,10,0,0,0,0,0,0,2,1,6,2,35,6,1988,1,14,9,1,9
2017210226540,1,9,0,14,0,0,0,0,0,0,4,1,6,1,83,11,1995,2,6,5,3,5
2017210226540,2,9,0,2,0,0,0,0,0,0,3,1,6,2,31,6,1598,2,4,3,1,3
2017210226687,1,9,0,9,0,0,0,0,0,0,0,1,6,2,45,7,1998,1,17,6,3,6
2017210226687,2,9,0,3,0,0,0,0,0,0,0,1,6,2,64,9,1968,2,10,9,1,9
2017210226687,3,9,0,18,0,0,0,0,0,0,0,1,6,1,33,6,1968,2,-1,-1,-1,-1
2017210226687,4,9,0,18,0,0,0,0,0,0,0,1,6,1,34,6,2993,2,2,6,1,6
2017210226769,1,90,0,18,9,0,0,0,1,0,1,1,6,1,32,6,686,1,6,2,1,2
2017210226992,1,9,0,4,0,0,0,0,0,0,1,1,1,2,-1,-1,1997,2,10,-1,-1,-1
2017210226992,2,9,0,4,0,0,0,0,0,0,1,1,6,2,-1,-1,3199,1,17,-1,-1,-1
2017210226992,3,9,0,4,0,0,0,0,0,0,2,1,6,1,56,9,2987,2,-1,-1,-1,-1
2017210227000,1,9,0,9,-1,0,0,0,0,0,0,1,6,2,18,4,1149,1,15,1,1,1
2017210227000,2,1,0,18,-1,0,0,0,0,0,0,1,1,2,64,9,-1,-1,-1,1,1,1
2017210227096,1,9,0,4,0,0,0,0,0,0,1,1,6,2,80,11,999,1,5,-1,-1,-1
2017210227096,2,9,0,3,0,0,0,0,0,0,2,1,6,2,37,7,2143,2,4,-1,-1,-1
2017210227140,1,9,0,7,0,3,0,0,0,0,1,1,6,3,-1,-1,-1,-1,-1,-1,-1,-1
2017210227140,2,22,-1,18,-1,-1,-1,-1,-1,0,-1,1,6,2,-1,-1,-1,-1,-1,3,1,3
2017210227195,1,9,0,15,0,0,0,0,0,0,1,1,6,2,53,8,2460,2,9,6,1,6
2017210227195,2,1,0,15,0,0,0,0,0,0,2,1,6,1,22,5,-1,-1,-1,2,1,2
2017210227272,1,9,0,18,0,0,0,0,0,0,1,1,6,1,24,5,1149,1,13,-1,-1,-1
2017210227272,2,98,1,18,0,0,0,0,0,0,1,1,1,1,57,9,-1,-1,-1,-1,-1,-1
2017210227321,1,9,0,18,0,0,0,0,0,0,1,1,6,2,18,4,998,1,3,7,3,7
2017210227321,2,19,0,18,0,0,0,0,0,0,1,1,1,1,50,8,2198,2,2,2,1,2
2017210227321,3,21,0,18,0,0,0,0,0,0,2,1,1,1,29,6,5880,2,13,-1,-1,-1
2017210227335,1,9,0,9,0,2,0,0,-1,0,0,1,6,1,49,8,-1,-1,-1,5,1,5
2017210227335,2,9,0,7,0,2,5,0,1,0,0,1,6,2,21,5,1390,1,5,8,1,8
2017210227344,1,9,0,18,0,0,0,0,0,0,1,1,6,3,-1,-1,-1,-1,-1,-1,-1,-1
2017210227344,2,9,0,18,0,0,0,0,0,0,2,1,6,2,61,9,998,1,7,5,2,5
2017210227353,1,9,0,2,0,0,0,0,0,0,3,1,6,1,51,8,1796,1,11,7,1,7
2017210227353,2,1,0,14,0,0,0,0,0,0,1,1,6,1,-1,-1,-1,-1,-1,-1,-1,-1
2017210227461,1,9,0,18,0,0,0,0,0,0,1,1,6,1,-1,-1,1360,1,12,2,1,2
2017210227461,2,9,0,18,0,0,0,0,0,0,3,1,1,1,51,8,1991,2,8,4,1,4
2017210227532,1,9,0,9,0,4,0,0,1,0,1,1,6,1,18,4,1299,1,15,3,1,3
2017210227608,1,9,0,9,0,8,0,0,0,0,4,1,6,1,27,6,1995,2,-1,-1,-1,-1
2017210227608,2,5,0,18,0,1,0,0,0,0,1,1,6,1,34,6,847,1,-1,4,1,4
2017210227660,1,9,0,18,0,0,0,0,0,0,3,1,6,1,28,6,-1,-1,-1,3,1,3
2017210227660,2,9,0,18,0,0,0,0,1,0,3,1,1,2,74,10,1197,1,1,9,1,9
2017210227715,1,9,0,5,0,8,0,0,0,0,4,1,6,2,26,6,1242,1,2,3,1,3
2017210227715,2,9,0,18,0,8,0,0,0,0,4,1,6,1,30,6,2143,2,-1,2,1,2
2017210227751,1,9,-1,16,0,8,0,0,0,0,1,1,1,1,19,4,1242,1,14,8,2,8
2017210227751,2,9,-1,17,0,1,0,0,0,0,1,1,1,1,44,7,1685,2,-1,7,1,7
2017210227855,1,9,-1,18,-1,-1,-1,-1,-1,0,-1,1,6,1,49,8,1598,1,10,4,1,4
2017210227855,2,2,-1,7,-1,-1,-1,-1,-1,0,-1,1,6,1,22,5,50,1,10,2,1,2
2017210227928,1,2,-1,17,-1,0,-1,-1,-1,0,-1,1,2,1,20,4,50,1,2,5,1,5
2017210227928,2,-1,-1,18,0,0,0,0,0,0,0,1,6,3,-1,-1,-1,-1,-1,-1,-1,-1
2017210227965,1,5,0,13,0,8,0,0,0,0,3,1,1,1,56,9,656,1,8,7,1,7
2017210227965,2,9,0,9,4,8,0,0,0,0,3,1,1,1,64,9,1997,2,6,4,1,4
2017210228054,1,9,0,5,0,0,0,0,0,0,1,1,6,1,59,9,2902,2,12,5,1,5
2017210228054,2,3,0,18,0,0,0,0,0,0,1,1,6,1,23,5,124,1,13,10,2,10
2017210228065,1,9,0,18,0,1,0,0,0,0,1,1,6,1,67,10,1560,2,6,5,1,5
2017210228065,2,9,0,18,0,1,0,0,0,0,1,1,6,2,81,11,995,1,9,8,3,8
2017210228114,1,9,0,14,0,0,0,0,0,0,0,1,6,2,34,6,1968,2,1,3,1,3
2017210228311,1,9,0,18,0,0,0,0,0,0,1,1,6,1,-1,-1,1995,2,4,10,1,10
2017210228311,2,9,0,18,0,0,0,0,0,0,1,1,6,1,36,7,999,1,1,-1,-1,-1
2017210228311,3,9,0,18,0,0,0,0,0,0,1,1,6,1,-1,-1,-1,-1,-1,-1,-1,-1
2017210228338,1,9,0,9,0,0,0,0,0,0,-1,1,6,1,-1,-1,1998,1,4,2,1,2
2017210228338,2,3,0,18,0,0,0,0,0,0,3,1,6,1,17,4,125,1,-1,8,3,8
2017210228390,1,2,0,18,0,0,0,0,0,0,0,1,6,2,17,4,49,1,12,9,1,9
2017210228402,1,9,0,18,0,0,1,0,7,0,4,1,6,2,19,4,1242,1,6,7,2,7
2017210228411,1,9,0,14,0,0,2,4,0,0,2,1,6,1,72,10,-1,-1,-1,8,1,8
2017210228411,2,9,0,18,-1,0,0,-1,-1,0,0,1,6,1,48,8,1910,2,9,2,1,2
2017210228411,3,9,0,2,0,0,0,0,0,0,2,1,6,3,-1,-1,-1,-1,-1,-1,-1,-1
2017210228414,1,9,-1,9,0,6,0,0,0,0,0,1,6,3,-1,-1,-1,-1,-1,-1,-1,-1
2017210228512,1,3,0,18,0,0,0,0,0,0,1,1,2,1,34,6,125,1,2,5,1,5
2017210228512,2,9,0,4,0,0,0,12,0,0,2,1,6,2,31,6,1598,2,-1,4,1,4
2017210228517,1,5,0,18,0,0,1,0,1,0,1,1,6,1,44,7,749,1,5,3,1,3
2017210228517,2,5,0,18,0,0,0,0,0,0,2,1,6,1,28,6,599,1,22,4,1,4
2017210228732,1,21,1,18,0,4,0,0,0,0,1,1,1,1,-1,-1,4580,2,11,-1,-1,-1
2017210228732,2,9,0,10,0,4,0,0,0,0,2,1,6,2,38,7,1461,2,14,4,1,4
2017210228773,1,9,0,14,0,0,0,0,0,0,0,1,6,2,81,11,1586,1,4,-1,-1,-1
2017210228773,2,19,0,2,0,0,0,0,0,0,0,1,1,1,25,5,2198,2,10,-1,-1,-1
2017210228785,1,9,0,18,0,0,0,0,0,0,0,1,6,3,-1,-1,-1,-1,-1,-1,-1,-1
2017210228801,1,9,0,18,0,0,0,0,0,0,1,1,6,1,19,4,999,1,-1,-1,-1,-1
2017210228801,2,9,0,18,0,0,0,0,0,0,2,1,6,1,34,6,1199,1,15,2,1,2
2017210228815,1,9,0,18,0,0,0,0,0,0,1,1,6,2,64,9,973,1,14,-1,-1,-1
2017210228859,1,9,-1,18,-1,0,-1,-1,-1,0,-1,1,6,2,19,4,1398,1,1,1,1,1
2017210228859,2,9,0,4,-1,0,-1,-1,-1,0,-1,1,6,3,-1,-1,-1,-1,-1,-1,-1,-1
2017210228869,1,9,0,18,-1,-1,-1,-1,-1,0,-1,1,6,2,28,6,1364,1,2,4,1,4
2017210228869,2,1,0,18,0,8,0,0,0,0,2,1,6,1,29,6,-1,-1,-1,6,3,6
2017210228897,1,9,-1,18,-1,0,-1,-1,-1,0,-1,1,6,1,63,9,1582,2,3,5,1,5
2017210228897,2,9,-1,9,-1,0,-1,-1,-1,0,-1,1,6,1,83,11,999,1,1,5,1,5
2017210228898,1,9,-1,18,-1,0,-1,-1,-1,0,-1,1,6,3,-1,-1,-1,-1,-1,-1,-1,-1
2017210228898,2,9,0,18,0,0,0,0,0,0,3,1,6,2,23,5,2720,2,12,-1,-1,-1
2017210229870,1,9,0,7,0,1,0,0,0,0,4,1,6,2,66,10,2143,2,2,-1,-1,-1
2017210229870,2,4,0,18,0,8,5,0,0,0,1,1,6,1,20,4,296,1,1,-1,-1,-1
2017210230164,1,9,0,9,0,0,0,0,0,0,1,1,6,1,22,5,1999,2,-1,10,1,10
2017210230164,2,9,0,18,0,0,0,0,0,0,1,1,2,1,34,6,2204,2,10,2,1,2
2017210230196,1,9,0,18,0,0,0,0,0,0,1,1,6,2,68,10,1896,2,11,8,3,8
2017210230196,2,9,0,18,0,0,0,0,0,0,1,1,6,1,43,7,2143,12,2,7,3,7
2017210230196,3,9,0,18,0,0,0,0,0,0,1,1,6,2,59,9,2143,2,6,8,1,8
2017210230196,4,9,0,18,0,0,0,0,0,0,1,1,6,1,37,7,1395,1,1,6,1,6
2017210230202,1,9,0,18,0,0,0,0,0,0,1,1,5,1,58,9,3996,1,17,8,1,8
2017210230202,2,9,0,18,0,0,5,0,0,0,1,1,5,1,31,6,2143,2,1,-1,-1,-1
2017210230259,1,9,0,18,0,0,1,0,7,0,1,1,6,1,22,5,2000,1,11,2,1,2
2017210230259,2,9,0,14,0,0,0,0,0,0,1,1,6,2,24,5,1242,1,5,4,1,4
2017210230435,1,9,0,16,0,6,2,0,1,0,1,1,6,1,41,7,-1,-1,-1,5,1,5
2017210230475,1,9,-1,-1,-1,-1,-1,-1,-1,0,-1,1,6,2,25,5,1595,1,10,-1,-1,-1
2017210230475,2,9,-1,-1,-1,-1,-1,-1,-1,0,-1,1,6,2,36,7,2400,2,3,-1,-1,-1
2017210230614,1,9,0,9,0,0,0,0,0,0,1,1,6,2,53,8,796,1,15,2,1,2
2017210230614,2,5,0,13,0,0,0,0,0,0,1,1,6,1,57,9,740,1,21,6,1,6
2017210230739,1,20,0,5,0,1,0,0,0,0,0,1,1,1,29,6,-1,-1,-1,10,2,10
2017210230739,2,19,-1,3,0,1,0,0,0,0,-1,1,5,1,38,7,1248,2,3,4,1,4
2017210230954,1,9,0,6,0,1,0,0,0,0,1,1,1,1,25,5,-1,-1,-1,8,1,8
2017210230954,2,9,0,18,0,8,0,0,0,0,1,1,1,2,27,6,1364,1,10,8,1,8
2017210230989,1,9,0,18,0,1,0,0,0,0,4,1,6,2,22,5,1149,1,14,-1,-1,-1
2017210231083,1,9,0,18,0,3,0,0,0,0,1,1,6,2,35,6,1398,2,7,8,3,8
2017210231083,2,9,0,10,0,1,0,0,0,0,2,1,6,2,48,8,1396,1,3,6,2,6
2017210231142,1,9,0,11,0,7,0,0,0,0,1,1,6,1,19,4,1149,1,15,2,1,2
2017210231142,2,9,0,18,0,2,0,0,0,0,2,1,1,2,45,7,1396,1,3,10,1,10
2017210231173,1,98,0,12,0,0,0,0,0,0,2,1,1,1,34,6,-1,-1,-1,-1,-1,-1
2017210231173,2,19,0,18,0,0,1,0,0,0,1,1,1,1,25,5,1896,2,21,1,1,1
2017210231230,1,9,0,18,0,0,0,0,1,0,4,1,6,1,27,6,1998,1,15,-1,-1,-1
2017210231261,1,9,0,18,0,0,0,0,0,0,3,1,6,1,54,8,-1,-1,-1,-1,-1,-1
2017210231261,2,3,0,18,0,0,5,0,0,0,0,1,6,1,22,5,124,1,11,-1,-1,-1
2017210231279,1,97,0,18,0,0,5,0,0,0,1,1,6,1,-1,-1,-1,-1,-1,-1,-1,-1
2017210231279,2,9,0,18,0,0,0,0,0,0,2,1,6,2,41,7,1560,2,7,-1,-1,-1
2017210231460,1,19,0,18,0,1,0,0,0,0,1,1,6,1,-1,-1,1995,2,7,5,1,5
2017210231460,2,9,0,3,0,1,0,0,0,0,2,1,6,1,44,7,1968,2,-1,9,1,9
2017210231559,1,9,0,9,0,8,0,0,0,0,4,1,6,2,33,6,2967,2,2,8,2,8
2017210231559,2,1,0,18,0,8,0,0,0,0,1,1,6,1,50,8,-1,-1,-1,8,3,8
2017210231803,1,9,0,1,0,0,0,0,0,0,-1,1,6,1,-1,-1,-1,-1,-1,-1,-1,-1
2017210231915,1,9,0,18,0,1,0,0,0,0,1,1,6,1,34,6,1397,1,14,1,1,1
2017210231915,2,9,0,18,0,1,0,0,0,0,2,1,6,1,51,8,1968,2,3,-1,1,-1
2017210232075,1,9,0,18,0,7,0,0,0,0,1,1,6,1,53,8,2143,2,2,7,1,7
2017210232075,2,9,0,18,0,7,0,0,0,0,2,1,6,2,61,9,1896,2,15,9,1,9
2017210232075,3,-1,-1,18,-1,2,0,0,0,0,-1,1,6,3,-1,-1,-1,-1,-1,-1,-1,-1
2017210232079,1,9,0,9,0,5,0,0,0,0,1,1,6,2,64,9,1399,2,9,7,2,7
2017210232079,2,4,0,18,0,8,0,0,0,0,1,1,6,1,21,5,400,1,28,7,3,7
2017210232094,1,9,0,9,0,2,0,0,0,0,1,1,5,2,29,6,-1,-1,-1,-1,-1,-1
2017210232112,1,9,0,18,0,0,0,0,1,0,1,1,6,1,22,5,1497,1,16,1,1,1
2017210232401,1,9,0,18,0,0,1,0,0,0,1,1,6,1,21,5,-1,-1,-1,-1,-1,-1
2017210232401,2,8,0,3,0,0,0,0,0,0,1,1,6,1,56,9,1956,2,3,-1,-1,-1
2017210232401,3,9,0,3,0,0,0,0,0,0,1,1,6,2,37,7,1595,1,-1,-1,-1,-1
2017210232401,4,19,0,3,0,0,0,0,0,0,2,1,6,1,33,6,2143,2,1,2,1,2
2017210232433,1,8,0,4,0,8,0,0,0,0,0,1,1,1,39,7,2231,2,9,5,1,5
2017210232433,2,1,0,18,9,8,0,0,0,0,3,1,5,2,21,5,-1,-1,-1,6,1,6
2017210232449,1,9,0,17,0,0,0,0,0,0,1,1,5,1,29,6,1199,1,13,4,1,4
2017210232449,2,9,0,17,0,0,0,4,0,0,2,1,5,2,37,7,898,1,2,6,1,6
2017210232449,3,9,0,2,0,0,0,0,0,0,3,1,6,2,-1,-1,1398,2,14,4,1,4
2017210232458,1,3,0,11,0,1,5,0,0,0,3,1,6,1,20,4,125,1,1,-1,-1,-1
2017210232458,2,9,0,11,0,1,0,0,0,0,1,1,1,1,36,7,1461,2,10,-1,-1,-1
2017210232486,1,5,0,18,0,0,2,11,0,0,1,1,6,1,27,6,-1,-1,-1,-1,-1,-1
2017210232486,2,9,0,3,0,0,0,0,0,0,2,1,6,1,21,5,-1,-1,-1,-1,-1,-1
2017210232556,1,9,0,18,0,8,0,0,0,0,4,1,6,2,57,9,1598,1,17,10,1,10
2017210232556,2,1,0,18,0,8,0,0,0,0,1,1,6,2,25,5,-1,-1,-1,1,1,1
2017210232560,1,5,0,18,0,0,0,4,0,0,1,1,6,1,48,8,1170,1,10,7,1,7
2017210232560,2,9,0,10,0,0,0,0,0,0,1,1,6,1,19,4,1199,1,16,10,2,10
2017210232572,1,5,0,13,0,0,1,0,0,0,3,1,6,1,22,5,-1,-1,-1,6,1,6
2017210232572,2,9,0,3,0,0,0,0,0,0,2,1,6,2,25,5,1364,1,1,-1,-1,-1
2017210232793,1,9,0,9,0,6,0,0,0,0,1,1,6,1,75,10,1396,1,16,-1,-1,-1
2017210232793,2,9,0,18,0,1,0,0,0,0,1,1,6,1,52,8,-1,-1,-1,4,1,4
2017210232823,1,9,0,18,0,0,0,0,0,0,1,1,5,1,29,6,1229,1,8,5,1,5
2017210232823,2,9,0,18,0,0,0,0,0,0,1,1,6,2,21,5,1242,1,5,-1,-1,-1
2017210232823,3,9,0,18,0,0,0,0,0,0,1,1,6,1,21,5,1364,1,12,-1,-1,-1
2017210232899,1,9,0,18,0,0,0,0,0,0,1,1,6,1,77,11,1461,2,7,-1,-1,-1
2017210232899,2,9,0,18,0,0,0,0,0,0,1,1,6,2,85,11,898,1,-1,6,3,6
2017210232899,3,9,0,18,0,0,0,0,0,0,1,1,6,1,40,7,2987,2,-1,10,1,10
2017210232903,1,9,0,7,0,1,0,0,0,0,-1,1,6,1,44,7,1968,2,4,2,1,2
2017210232915,1,9,0,13,0,0,0,0,0,0,1,1,6,3,-1,-1,-1,-1,-1,-1,-1,-1
2017210232915,2,1,-1,18,-1,0,-1,-1,-1,0,-1,1,6,1,21,5,-1,-1,-1,8,2,8
2017210232952,1,9,0,18,0,0,0,0,0,0,1,1,6,1,45,7,1995,2,1,9,1,9
2017210232952,2,21,1,4,0,0,0,0,0,0,0,1,6,1,58,9,12900,2,7,1,1,1
2017210232952,3,9,0,4,0,0,0,0,0,0,1,1,6,1,33,6,2143,2,2,9,3,9
2017210233149,1,9,0,17,0,0,0,0,0,0,1,1,6,1,46,8,1986,2,9,6,3,6
2017210233260,1,9,0,7,0,8,0,0,0,0,2,1,6,2,23,5,1398,1,1,5,1,5
2017210233260,2,1,0,9,0,8,0,0,0,0,1,1,6,1,63,9,-1,-1,-1,8,3,8
2017210233330,1,9,-1,18,-1,0,-1,-1,-1,0,-1,1,6,2,33,6,1995,1,5,10,1,10
2017210233330,2,9,-1,4,-1,0,-1,-1,-1,0,-1,1,6,1,27,6,-1,-1,-1,2,1,2
2017210233330,3,9,-1,18,-1,0,-1,-1,-1,0,-1,1,6,1,40,7,2198,2,5,6,3,6
2017210233330,4,9,-1,18,-1,0,-1,-1,-1,0,-1,1,6,1,44,7,2360,1,14,1,1,1
2017210233333,1,9,0,18,0,8,0,0,0,0,1,1,6,2,49,8,1598,1,15,2,1,2
2017210233356,1,9,-1,-1,-1,-1,-1,-1,-1,0,-1,1,6,2,32,6,2993,2,1,9,1,9
2017210233357,1,9,0,18,0,0,0,0,0,0,1,1,5,2,52,8,1951,2,14,3,1,3
2017210233359,1,8,0,10,0,8,0,0,0,0,1,1,1,1,40,7,1997,2,12,7,1,7
2017210233359,2,3,0,18,0,1,0,0,0,0,2,1,6,1,25,5,124,1,17,1,1,1
2017210233370,1,9,0,9,0,1,0,0,0,0,1,1,2,1,55,8,1988,2,11,5,1,5
2017210233370,2,9,-1,18,-1,1,-1,-1,-1,0,1,1,6,1,20,4,1124,1,12,9,1,9
2017210233421,1,9,0,18,0,0,0,-1,-1,0,1,1,1,1,20,4,998,1,2,9,1,9
2017210233421,2,9,0,18,0,0,0,-1,-1,0,1,1,1,1,49,8,1910,2,12,2,1,2
2017210233446,1,9,0,9,0,6,0,0,0,0,3,1,2,1,24,5,1968,2,4,9,1,9
2017210233446,2,5,0,18,0,1,0,0,0,0,4,1,6,1,60,9,1450,1,13,5,2,5
2017210233575,1,9,0,18,0,2,0,0,0,0,1,1,2,1,67,10,2967,2,2,-1,-1,-1
2017210233575,2,1,0,18,0,2,0,0,1,0,1,1,2,1,24,5,-1,-1,-1,3,1,3
2017210233721,1,9,0,18,0,3,0,0,0,0,1,1,6,1,25,5,1796,1,11,7,2,7
2017210233721,2,9,0,4,0,3,0,0,0,0,2,1,6,2,26,6,1598,1,5,7,1,7
2017210233756,1,9,0,18,0,8,0,0,0,0,1,1,2,1,43,7,1997,2,10,4,1,4
2017210233756,2,1,0,18,0,1,0,0,0,0,1,1,2,1,22,5,-1,-1,-1,5,3,5
2017210234050,1,9,0,9,0,6,0,0,0,0,1,1,2,2,45,7,1197,1,2,8,2,8
2017210234050,2,2,0,18,0,1,0,0,0,0,3,1,6,1,16,4,49,1,9,4,1,4
2017210234181,1,9,0,13,0,0,0,0,0,0,3,1,6,1,-1,-1,1997,2,14,-1,-1,-1
2017210234181,2,9,0,18,0,0,0,0,0,0,4,1,1,2,35,6,-1,-1,-1,5,1,5
2017210234252,1,9,0,18,0,0,0,0,0,0,1,1,6,1,22,5,1198,1,11,3,1,3