Accident_Index,Vehicle_Reference,Vehicle_Type,Towing_and_Articulation,Vehicle_Manoeuvre,Vehicle_Location-Restricted_Lane,Junction_Location,Skidding_and_Overturning,Hit_Object_in_Carriageway,Vehicle_Leaving_Carriageway,Hit_Object_off_Carriageway,1st_Point_of_Impact,Was_Vehicle_Left_Hand_Drive?,Journey_Purpose_of_Driver,Sex_of_Driver,Age_of_Driver,Age_Band_of_Driver,Engine_Capacity_(CC),Propulsion_Code,Age_of_Vehicle,Driver_IMD_Decile,Driver_Home_Area_Type,Vehicle_IMD_Decile
2017210234252,2,9,0,18,0,0,0,0,0,0,1,1,6,1,43,7,1560,2,6,2,1,2
2017210234257,1,8,0,18,0,0,0,0,0,0,0,1,5,1,-1,-1,1995,2,9,-1,-1,-1
2017210234305,1,9,0,10,0,0,0,0,0,0,1,1,5,1,22,5,1242,1,16,7,1,7
2017210234305,2,9,0,18,0,0,0,0,0,0,4,1,5,2,38,7,1896,2,12,2,1,2
2017210234427,1,22,0,18,0,1,0,0,0,0,1,1,6,1,91,11,-1,-1,-1,2,1,2
2017210234427,2,9,0,18,0,2,0,0,0,0,4,1,6,2,23,5,899,1,2,7,1,7
2017210234482,1,19,0,9,0,5,0,0,0,0,4,1,6,1,42,7,1968,2,1,3,1,3
2017210234482,2,5,0,17,0,1,0,0,7,0,1,1,5,1,49,8,1000,1,11,-1,-1,-1
2017210234681,1,9,0,18,0,1,0,0,0,0,1,1,6,1,20,4,1229,1,2,5,1,5
2017210234681,2,9,0,18,0,1,0,0,0,0,2,1,6,2,27,6,1598,2,-1,3,1,3
2017210234743,1,9,0,9,0,5,0,0,0,0,1,1,1,2,42,7,-1,3,1,8,3,8
2017210234753,1,1,0,18,0,1,0,0,0,0,1,1,6,1,10,2,-1,-1,-1,1,1,1
2017210234753,2,19,0,9,0,1,0,0,0,0,3,1,6,1,26,6,1998,2,13,1,1,1
2017210234810,1,9,0,18,0,6,0,0,0,0,3,1,6,1,21,5,1598,1,10,2,1,2
2017210234810,2,9,0,18,0,4,0,0,0,0,1,1,6,1,17,4,1198,1,9,2,1,2
2017210234842,1,9,0,5,0,6,0,0,0,0,1,1,5,2,46,8,1596,1,12,1,1,1
2017210234842,2,9,0,18,0,1,0,0,0,0,3,1,5,2,23,5,1598,1,5,1,1,1
2017210234843,1,9,4,13,0,0,0,0,0,0,0,1,1,1,51,8,1951,2,11,10,3,10
2017210234843,2,1,0,17,0,0,0,0,0,0,3,1,5,1,74,10,-1,-1,-1,1,1,1
2017210234851,1,9,0,13,0,0,5,0,7,4,2,1,1,1,28,6,1388,1,13,10,2,10
2017210234851,2,21,0,13,0,0,0,0,0,0,3,1,1,1,34,6,11705,2,8,2,1,2
2017210234851,3,21,0,18,0,0,0,0,0,0,4,1,2,1,57,9,7146,2,6,7,2,7
2017210235113,1,9,0,9,0,0,0,0,0,0,3,1,6,1,28,6,1796,1,16,4,1,4
2017210235113,2,3,0,14,0,0,0,0,0,0,1,1,6,1,38,7,124,1,2,6,2,6
2017210235113,3,9,0,3,0,0,0,0,0,0,0,1,6,2,27,6,1995,2,5,2,1,2
2017210235220,1,9,0,2,0,0,0,0,0,0,3,1,6,1,36,7,1998,2,9,1,1,1
2017210235220,2,1,0,13,0,0,0,0,0,0,4,1,6,1,44,7,-1,-1,-1,2,1,2
2017210235513,1,9,0,18,0,0,0,0,0,0,1,1,6,2,27,6,1242,1,1,6,1,6
2017210235520,1,9,0,17,0,1,0,0,0,0,1,1,6,2,21,5,1390,1,10,3,1,3
2017210235520,2,9,0,4,0,1,0,0,0,0,2,1,6,2,23,5,1364,2,3,2,1,2
2017210235620,1,8,0,18,0,1,0,0,0,0,1,1,1,1,34,6,-1,-1,-1,2,1,2
2017210235620,2,9,0,4,0,1,0,0,0,0,2,1,5,1,53,8,1794,1,13,3,1,3
2017210235620,3,9,0,3,0,1,0,0,0,0,2,1,5,2,33,6,1329,1,-1,1,1,1
2017210235834,1,9,0,18,0,0,0,4,0,0,1,1,6,1,20,4,1395,1,-1,8,1,8
2017210235834,2,9,0,2,0,0,0,0,0,0,2,1,6,1,-1,-1,1896,2,10,1,1,1
2017210235915,1,9,0,17,0,0,1,0,2,10,1,1,2,1,23,5,1896,2,11,7,1,7
2017210236325,1,21,1,18,0,0,0,0,0,0,1,1,1,1,33,6,8970,2,10,3,1,3
2017210236325,2,9,0,18,0,0,0,0,0,0,2,1,6,2,33,6,1560,2,6,9,1,9
2017210236374,1,19,0,18,0,0,0,0,0,0,1,1,6,1,39,7,2143,2,4,-1,-1,-1
2017210236374,2,9,0,3,0,0,0,0,0,0,2,1,6,1,29,6,1198,1,11,6,1,6
2017210236429,1,9,0,18,0,0,0,0,0,0,1,1,6,1,37,7,1560,2,3,3,1,3
2017210236429,2,4,-1,18,0,0,0,0,0,0,1,1,6,1,49,8,399,1,8,7,1,7
2017210236439,1,9,0,18,0,0,0,0,0,0,3,1,2,1,19,4,998,1,10,8,2,8
2017210236439,2,90,0,18,0,0,0,0,0,0,3,1,6,1,49,8,2445,2,20,8,2,8
2017210236484,1,9,0,1,0,1,0,0,0,0,2,1,6,1,20,4,1399,1,1,4,1,4
2017210236484,2,9,0,18,0,1,0,0,0,0,1,1,6,2,43,7,1995,2,5,4,1,4
2017210236513,1,9,0,5,0,4,0,0,0,0,1,1,2,2,32,6,2143,2,3,9,2,9
2017210236513,2,9,0,5,0,4,0,0,0,0,2,1,6,2,64,9,998,1,3,8,1,8
2017210236925,1,9,0,13,0,0,1,0,0,0,1,1,2,1,42,7,1590,1,5,2,1,2
2017210236925,2,9,0,17,0,0,1,0,1,4,1,1,6,1,34,6,3498,1,10,8,1,8
2017210236925,3,21,1,16,0,0,0,0,0,0,3,1,1,1,33,6,12419,2,3,3,1,3
2017210236954,1,9,0,18,0,1,0,0,1,0,1,1,6,1,20,4,1299,1,12,6,2,6
2017210237019,1,8,0,18,0,1,0,0,0,0,0,1,1,1,-1,-1,-1,-1,-1,-1,-1,-1
2017210237020,1,9,0,5,0,2,0,0,0,0,4,1,6,1,86,11,1339,8,8,-1,-1,-1
2017210237020,2,9,0,18,0,1,0,0,0,0,1,1,6,1,72,10,999,1,9,-1,-1,-1
2017210237101,1,5,0,18,0,0,0,0,0,0,1,1,6,1,66,10,1584,1,8,4,1,4
2017210237101,2,5,0,4,0,0,0,0,0,0,2,1,6,1,46,8,1298,1,14,5,1,5
2017210237149,1,9,0,18,0,8,0,0,0,0,1,1,6,2,28,6,1968,2,3,8,3,8
2017210237149,2,1,0,18,0,8,0,0,0,0,1,1,6,1,18,4,-1,-1,-1,3,1,3
2017210237405,1,8,0,5,0,1,0,0,0,0,3,1,1,1,49,8,1896,2,7,-1,-1,-1
2017210237405,2,1,0,18,0,1,5,0,0,0,1,1,1,1,52,8,-1,-1,-1,-1,-1,-1
2017210237496,1,9,0,18,0,0,0,0,0,0,1,1,6,2,74,10,1248,1,-1,7,2,7
2017210237496,2,11,0,4,0,0,0,0,0,0,2,1,1,2,49,8,9000,2,12,1,1,1
2017210237686,1,9,0,9,0,8,0,0,0,0,1,1,6,1,70,10,1796,1,9,6,1,6
2017210237686,2,9,0,18,0,1,0,0,0,0,4,1,1,1,40,7,2149,2,9,5,1,5
2017210237702,1,9,0,9,0,8,0,0,0,0,1,1,6,1,39,7,2993,2,14,-1,-1,-1
2017210237702,2,3,0,18,0,8,1,0,0,0,1,1,6,1,43,7,124,1,5,7,1,7
2017210237742,1,3,0,13,0,1,0,0,0,0,1,1,6,1,27,6,125,1,10,1,1,1
2017210237742,2,9,0,3,0,2,0,0,0,0,3,1,6,2,33,6,1995,2,4,7,1,7
2017210237802,1,9,0,13,0,1,0,0,0,0,1,1,2,1,49,8,1968,2,4,2,1,2
2017210237802,2,1,0,18,0,1,0,0,0,0,3,1,2,1,37,7,-1,-1,-1,-1,-1,-1
2017210237831,1,9,0,4,0,0,0,0,0,0,1,1,6,1,20,4,1560,2,3,8,1,8
2017210237831,2,9,0,3,0,0,0,0,0,0,2,1,1,1,41,7,1956,2,-1,2,1,2
2017210237877,1,9,0,5,0,8,0,0,0,0,1,1,6,2,25,5,1595,1,10,-1,-1,-1
2017210237877,2,9,0,18,0,8,0,0,0,0,1,1,6,2,36,7,2400,2,3,-1,-1,-1
2017210237889,1,9,0,18,0,0,0,0,0,0,1,1,6,1,52,8,1461,2,7,10,1,10
2017210237889,2,9,0,4,0,0,0,0,0,0,2,1,6,1,22,5,998,1,1,5,1,5
2017210237899,1,9,0,9,0,6,0,0,0,0,1,1,6,1,24,5,-1,-1,-1,2,1,2
2017210237899,2,9,0,18,0,1,0,0,0,0,2,1,6,1,62,9,1149,1,10,8,1,8
2017210237933,1,9,0,18,0,0,0,0,1,0,4,1,6,2,45,7,1240,1,7,8,2,8
2017210238054,1,9,0,13,0,0,0,0,0,0,0,1,6,1,69,10,2967,1,13,10,2,10
2017210238054,2,1,0,18,0,0,0,0,7,0,3,1,6,1,57,9,-1,-1,-1,9,1,9
2017210238136,1,9,0,18,0,3,0,0,0,0,1,1,2,2,28,6,1598,1,5,7,1,7
2017210238171,1,90,0,18,0,0,0,0,0,0,1,1,6,2,79,11,-1,3,2,1,1,1
2017210238172,1,9,0,18,0,0,0,0,0,0,1,1,6,1,34,6,1587,1,11,8,1,8
2017210238172,2,9,0,18,0,0,0,0,0,0,1,1,6,2,46,8,1368,1,2,9,1,9
2017210238297,1,9,0,18,0,0,0,0,0,0,1,2,6,1,24,5,-1,-1,-1,7,1,7
2017210238297,2,9,0,18,0,0,0,0,0,0,2,1,6,1,38,7,2993,2,8,2,1,2
2017210238610,1,9,0,9,0,4,0,0,0,0,4,1,6,1,86,11,1596,1,3,3,1,3
2017210238610,2,9,0,7,0,3,0,0,0,0,4,1,6,1,66,10,1560,2,12,3,1,3
2017210238644,1,9,0,7,0,0,0,0,0,0,3,1,6,1,26,6,1390,1,13,4,1,4
2017210238644,2,9,0,10,0,0,0,0,0,0,2,1,1,1,48,8,-1,-1,-1,5,1,5
2017210238678,1,9,0,18,0,0,0,0,0,0,1,1,6,1,44,7,1995,2,12,-1,-1,-1
2017210238678,2,9,0,18,0,0,0,0,0,0,1,1,6,2,-1,-1,1242,1,12,-1,-1,-1
2017210238776,1,9,0,4,0,4,-1,0,0,0,1,1,6,2,51,8,1461,2,2,6,3,6
2017210238776,2,9,0,18,0,4,-1,0,0,0,2,1,6,2,64,9,-1,-1,-1,5,3,5
2017210238780,1,3,0,13,0,0,1,0,0,0,1,1,6,1,29,6,125,1,2,-1,-1,-1
2017210238780,2,1,0,18,0,0,0,0,0,0,1,1,6,2,23,5,-1,-1,-1,-1,-1,-1
2017210238804,1,9,0,9,0,0,0,0,0,0,4,1,1,1,58,9,1968,2,2,9,1,9
2017210238804,2,1,0,18,0,0,0,0,0,0,1,1,6,1,37,7,-1,-1,-1,1,1,1
2017210238823,1,9,-1,-1,-1,0,-1,-1,-1,0,-1,1,6,1,38,7,1997,1,13,7,1,7
2017210238823,2,9,0,-1,-1,0,-1,-1,-1,0,-1,1,6,3,-1,-1,1968,2,3,-1,-1,-1
2017210238823,3,9,-1,-1,-1,0,-1,-1,-1,0,-1,1,6,1,-1,-1,1685,2,4,7,1,7
2017210238823,4,9,0,-1,-1,0,-1,-1,-1,0,-1,1,6,3,-1,-1,-1,-1,-1,3,1,3
2017210238823,5,9,0,-1,-1,0,-1,-1,-1,0,-1,1,6,1,81,11,1796,1,14,7,1,7
2017210238827,1,9,0,18,0,0,0,0,0,0,1,1,6,1,-1,-1,-1,-1,-1,-1,-1,-1
2017210238841,1,9,0,9,0,0,0,0,0,0,3,1,2,1,23,5,1395,1,-1,4,2,4
2017210238841,2,5,0,18,0,0,0,0,0,0,4,1,6,1,31,6,1170,1,12,3,1,3
2017210238844,1,9,0,17,0,0,0,0,0,0,1,1,6,1,36,7,-1,-1,-1,3,1,3
2017210238844,2,9,0,16,0,0,0,0,0,0,1,1,5,1,66,10,1796,1,10,9,1,9
2017210238855,1,9,0,9,0,6,0,0,0,0,1,1,6,1,52,8,-1,-1,-1,8,3,8
2017210238855,2,9,0,18,0,1,0,0,0,0,1,1,6,2,21,5,1997,1,15,-1,-1,-1
2017210239016,1,9,0,9,0,1,0,0,0,0,1,1,6,2,38,7,2143,2,3,5,1,5
2017210239016,2,9,0,18,0,1,0,0,0,0,1,1,6,1,77,11,996,1,7,8,1,8
2017210239031,1,9,0,18,0,0,0,0,0,0,1,1,6,2,90,11,999,1,9,10,2,10
2017210239046,1,19,0,18,0,2,0,0,0,0,4,1,6,1,47,8,1461,2,4,9,1,9
2017210239046,2,9,0,3,0,2,0,0,0,0,3,1,6,2,62,9,998,1,5,3,1,3
2017210239088,1,21,5,9,0,1,0,0,0,0,1,1,1,1,50,8,12740,2,3,3,1,3
2017210239088,2,9,0,18,0,1,0,0,0,0,1,1,5,2,26,6,1968,2,5,8,1,8
2017210239109,1,1,0,18,0,8,0,0,0,0,1,1,6,1,20,4,-1,-1,-1,2,1,2
2017210239109,2,9,0,9,0,8,0,0,0,0,4,1,6,1,56,9,1598,2,3,-1,-1,-1
2017210239156,1,9,0,9,0,8,0,0,0,0,3,1,6,2,36,7,-1,-1,-1,2,1,2
2017210239156,2,9,0,18,0,1,0,0,0,0,1,1,6,2,31,6,-1,-1,-1,5,1,5
2017210239230,1,9,0,18,0,0,0,0,0,0,1,1,1,1,37,7,1560,2,11,4,1,4
2017210239230,2,9,0,4,0,0,0,0,0,0,2,1,2,2,34,6,1390,1,4,7,2,7
2017210239242,1,9,0,7,0,1,0,0,0,0,1,1,6,1,30,6,-1,-1,-1,-1,-1,-1
2017210239242,2,1,0,18,0,1,0,0,0,0,2,1,6,1,20,4,-1,-1,-1,7,1,7
2017210239243,1,9,0,18,0,0,0,0,0,0,3,1,6,1,46,8,1248,2,-1,6,3,6
2017210239285,1,9,0,4,0,1,0,0,0,0,3,1,2,1,26,6,1229,1,13,1,1,1
2017210239285,2,9,0,18,0,3,0,0,0,0,1,1,1,2,26,6,1198,1,4,8,1,8
2017210239295,1,9,0,18,0,7,0,0,0,0,1,1,6,1,48,8,2598,1,21,9,1,9
2017210239295,2,9,0,3,0,7,0,0,0,0,1,1,6,2,25,5,1596,1,9,1,1,1
2017210239295,3,9,0,3,0,7,0,0,0,0,1,1,6,2,26,6,1799,1,7,1,1,1
2017210239295,4,9,0,3,0,7,0,0,0,0,2,1,6,2,33,6,1240,1,14,2,1,2
2017210239516,1,9,0,17,0,0,1,0,1,0,4,1,1,1,20,4,-1,-1,-1,1,1,1
2017210239658,1,21,0,4,0,1,0,0,0,0,1,1,6,3,-1,-1,12419,2,1,-1,-1,-1
2017210239658,2,9,0,4,0,1,0,0,0,0,2,1,6,2,33,6,1598,1,11,4,1,4
2017210239669,1,9,0,17,0,0,0,7,0,0,1,1,6,1,38,7,1984,1,10,-1,-1,-1
2017210239669,2,9,0,16,0,0,0,1,0,0,1,1,6,1,34,6,-1,-1,-1,3,1,3
2017210239973,1,98,0,18,0,1,0,0,0,0,1,1,1,1,58,9,-1,-1,-1,5,1,5
2017210239973,2,9,0,10,0,5,1,0,7,0,2,1,5,1,54,8,1587,1,9,5,1,5
2017210239977,1,19,0,9,0,8,0,0,0,0,4,1,1,1,64,9,2402,2,10,4,1,4
2017210239977,2,1,0,18,0,1,0,0,0,0,1,1,5,1,23,5,-1,-1,-1,-1,-1,-1
2017210240102,1,9,0,18,0,0,0,0,0,0,1,1,6,2,26,6,1596,1,15,2,1,2
2017210240102,2,9,0,2,0,0,0,0,0,0,4,1,5,3,-1,-1,973,1,18,-1,-1,-1
2017210240131,1,9,0,9,0,8,0,0,0,0,1,1,6,1,88,11,1329,1,4,10,1,10
2017210240131,2,9,0,18,0,1,0,0,0,0,1,1,6,2,59,9,1598,2,5,10,3,10
2017210240302,1,9,0,5,0,1,0,0,0,0,4,1,6,2,20,4,1499,1,3,10,1,10
2017210240369,1,9,0,7,0,8,0,0,0,0,-1,1,6,3,-1,-1,-1,-1,-1,-1,-1,-1
2017210240369,2,1,0,18,0,1,0,0,0,0,1,1,6,1,44,7,-1,-1,-1,7,1,7
2017210240409,1,98,1,18,0,0,0,0,0,0,3,1,6,1,36,7,-1,-1,-1,-1,-1,-1
2017210240409,2,9,0,15,0,0,0,0,0,0,2,1,2,1,36,7,1398,1,6,2,1,2
2017210240465,1,9,0,16,0,0,5,0,0,0,1,1,6,1,20,4,-1,-1,-1,-1,2,-1
2017210240490,1,9,0,7,0,5,0,0,0,0,1,1,3,2,27,6,-1,-1,-1,4,1,4
2017210240669,1,9,0,16,0,0,0,7,0,0,3,1,5,1,80,11,1498,1,3,7,1,7
2017210240797,1,9,0,-1,0,1,0,0,0,0,1,1,6,1,28,6,2143,2,6,2,1,2
2017210240797,2,3,0,-1,0,5,0,0,0,0,1,1,6,1,18,4,124,1,8,8,3,8
2017210240871,1,9,0,7,0,8,0,0,0,0,1,1,5,1,58,9,1364,1,1,5,1,5
2017210240948,1,9,0,18,0,3,0,0,0,0,1,1,6,1,77,11,1086,1,13,4,1,4
2017210241025,1,9,0,18,0,0,0,0,0,0,2,1,2,1,24,5,1061,1,13,2,1,2
2017210241025,2,9,0,18,0,0,0,0,0,0,1,1,2,1,20,4,1598,1,5,1,1,1
2017210241027,1,8,0,9,0,8,0,0,0,0,1,1,1,1,-1,-1,1560,2,6,3,1,3
2017210241077,1,1,0,18,0,0,0,0,0,0,1,1,6,1,51,8,-1,-1,-1,7,1,7
2017210241077,2,9,0,2,0,0,0,0,0,0,2,1,6,1,29,6,-1,-1,-1,-1,-1,-1
2017210241099,1,9,0,18,0,0,0,0,0,0,1,1,6,1,30,6,2720,2,10,3,1,3
2017210241425,1,9,0,5,0,8,0,0,0,0,1,1,6,1,85,11,1590,1,12,4,1,4
2017210241425,2,1,0,18,0,8,0,0,0,0,2,1,6,2,59,9,-1,-1,-1,8,2,8
2017210241473,1,9,0,5,0,4,0,0,0,0,1,1,1,1,73,10,2204,2,8,-1,-1,-1
2017210241473,2,9,0,4,0,4,0,0,0,0,2,1,6,2,57,9,998,1,3,7,3,7
2017210241553,1,5,0,18,0,0,0,12,0,0,1,1,6,1,64,9,-1,-1,-1,3,1,3
2017210241760,1,9,0,18,0,0,0,0,0,0,1,1,6,1,20,4,1197,1,3,-1,-1,-1
2017210241760,2,1,0,18,0,0,0,0,0,0,1,1,6,1,28,6,-1,-1,-1,-1,-1,-1
2017210241798,1,9,0,5,0,4,0,0,0,0,0,1,6,1,32,6,-1,-1,-1,2,1,2
2017210241798,2,1,0,18,0,3,0,0,0,0,1,1,6,2,40,7,-1,-1,-1,2,1,2
2017210241869,1,4,0,18,0,0,0,0,0,0,0,1,6,1,44,7,499,1,23,1,1,1
2017210241869,2,9,0,10,0,0,0,0,0,0,3,1,6,1,54,8,1997,2,6,1,1,1
2017210241907,1,9,0,18,0,0,0,4,0,0,4,1,6,3,-1,-1,1598,2,-1,-1,-1,-1
2017210241907,2,9,0,4,0,0,0,0,0,0,4,1,6,1,38,7,998,1,-1,1,1,1
2017210241907,3,9,0,4,0,0,0,0,0,0,3,1,6,1,60,9,1582,2,6,5,1,5
2017210241907,4,9,0,4,0,0,0,0,0,0,0,1,6,1,37,7,2993,2,1,7,1,7
2017210241938,1,3,0,9,0,1,0,0,0,0,-1,1,2,1,17,4,123,1,-1,2,1,2
2017210241938,2,9,0,9,0,1,0,0,0,0,-1,1,2,1,58,9,1461,2,1,9,1,9
2017210242006,1,9,0,4,0,1,0,0,0,0,1,1,6,1,37,7,-1,-1,-1,-1,-1,-1
2017210242006,2,9,0,3,0,1,0,0,0,0,2,1,6,2,47,8,1956,2,3,-1,-1,-1
2017210242029,1,9,0,18,0,1,0,0,0,0,1,1,6,1,25,5,1360,1,15,-1,-1,-1
2017210242029,2,9,0,18,0,1,0,0,0,0,1,1,6,2,55,8,1598,1,13,-1,-1,-1
2017210242155,1,9,0,3,0,2,0,0,0,0,1,1,1,1,20,4,-1,-1,-1,-1,-1,-1
2017210242155,2,9,0,3,0,2,0,0,0,0,2,1,2,2,74,10,1229,1,4,6,1,6
2017210242155,3,9,0,3,0,2,0,0,0,0,2,1,2,2,57,9,1229,1,5,7,1,7
2017210242358,1,9,0,18,0,1,1,0,0,0,1,1,6,1,38,7,1896,2,15,5,3,5
2017210242358,2,9,0,18,0,1,0,0,0,0,1,1,6,2,-1,-1,3123,1,11,-1,-1,-1
2017210242367,1,23,0,17,0,0,0,0,0,0,1,1,6,1,45,7,124,1,3,1,1,1
2017210242389,1,9,0,18,0,1,0,0,0,0,1,1,6,1,29,6,1999,1,10,-1,-1,-1
2017210242389,2,9,0,1,0,1,0,0,0,0,2,1,1,1,27,6,1968,2,7,-1,-1,-1
2017210242407,1,9,0,18,0,0,0,0,0,0,1,1,6,1,40,7,1124,1,15,1,1,1
2017210242421,1,9,-1,9,0,5,0,0,0,0,1,1,6,1,19,4,1598,1,5,-1,-1,-1
2017210242421,2,9,0,18,0,8,0,0,0,0,1,1,6,1,30,6,1968,2,1,3,1,3
2017210242426,1,3,0,18,0,0,0,0,0,0,1,1,6,1,31,6,-1,-1,-1,1,1,1
2017210242426,2,9,0,17,0,0,0,0,0,0,1,1,6,2,49,8,1590,1,7,7,1,7
2017210242455,1,9,0,13,0,0,0,0,0,0,3,1,6,3,-1,-1,-1,-1,-1,-1,-1,-1
2017210242455,2,1,0,18,0,0,0,0,0,0,4,1,6,1,21,5,-1,-1,-1,1,1,1
2017210242512,1,9,0,18,0,0,0,0,0,0,1,1,6,1,45,7,1951,2,15,-1,-1,-1
2017210242781,1,21,1,18,0,0,3,0,2,7,1,1,1,2,41,7,10837,2,3,-1,-1,-1
2017210242781,2,98,1,2,6,0,0,0,0,0,3,1,1,1,29,6,-1,-1,-1,-1,-1,-1
2017210242781,3,9,0,18,0,0,1,7,1,0,1,1,6,1,45,7,2191,2,4,-1,-1,-1
2017210242853,1,9,0,16,0,1,1,0,0,0,1,1,6,1,22,5,1199,1,16,-1,-1,-1
2017210242853,2,9,0,16,0,1,0,0,0,0,0,1,1,1,45,7,2993,2,1,-1,-1,-1
2017210242853,3,9,0,17,0,2,0,0,0,0,1,1,6,2,22,5,998,1,4,7,1,7
2017210242885,1,9,0,15,0,0,1,0,0,0,1,1,5,1,58,9,2000,2,8,-1,-1,-1
2017210242885,2,9,0,18,0,0,0,0,0,0,0,1,5,2,53,8,996,1,-1,-1,-1,-1
2017210242885,3,9,0,18,0,0,0,0,0,0,1,1,5,1,27,6,1995,2,2,-1,-1,-1
2017210242957,1,9,0,18,0,0,0,0,1,0,0,1,6,1,40,7,1560,2,6,-1,-1,-1
2017210243029,1,90,1,18,0,0,0,0,0,0,1,1,1,1,38,7,-1,-1,-1,10,1,10
2017210243029,2,9,0,4,0,0,0,0,0,0,2,1,6,1,33,6,-1,-1,-1,9,3,9
2017210243029,3,9,0,4,0,0,0,0,0,0,2,1,6,1,69,10,1597,1,21,6,3,6
2017210243029,4,19,0,4,0,0,0,0,0,0,2,1,6,1,19,4,1598,2,1,-1,-1,-1
2017210243029,5,9,0,4,0,0,0,0,0,0,2,1,6,1,27,6,1968,2,4,9,1,9
2017210243029,6,9,0,4,0,0,0,0,0,0,2,1,6,1,56,9,1968,2,6,-1,-1,-1
2017210243067,1,9,0,18,0,0,0,0,1,0,1,1,5,2,17,4,996,1,4,6,1,6
2017210243067,2,21,1,18,0,0,0,0,1,0,1,1,1,1,40,7,12777,2,-1,-1,-1,-1
2017210243129,1,9,0,4,0,1,0,0,0,0,1,1,6,1,29,6,1900,2,17,5,1,5
2017210243129,2,9,0,4,0,1,0,0,0,0,2,1,6,1,25,5,1229,1,2,9,1,9
2017210243211,1,9,0,5,0,4,0,0,0,0,1,1,1,1,30,6,1998,1,9,8,1,8
2017210243211,2,5,0,9,0,8,0,0,0,0,3,1,1,1,47,8,782,1,8,2,1,2
2017210243299,1,9,0,18,0,0,0,0,0,0,1,1,6,2,37,7,1461,2,9,-1,-1,-1
2017210243299,2,9,0,18,0,0,0,0,0,0,1,1,6,1,24,5,1360,1,7,7,1,7
2017210243320,1,9,0,18,0,1,0,0,0,0,1,1,1,1,57,9,2143,2,4,-1,-1,-1
2017210243320,2,9,0,3,0,1,0,0,0,0,2,1,1,2,53,8,1560,2,1,-1,-1,-1
2017210243382,1,9,-1,-1,-1,0,-1,-1,-1,0,-1,1,6,2,63,9,1149,1,12,7,1,7
2017210243382,2,9,-1,-1,-1,0,-1,-1,-1,0,-1,1,6,2,43,7,1598,1,8,1,1,1
2017210243394,1,9,0,13,0,1,0,0,0,0,4,1,6,1,-1,-1,2987,2,2,-1,-1,-1
2017210243394,2,9,0,16,0,1,0,0,0,0,0,1,1,1,-1,-1,2993,2,3,-1,-1,-1
2017210243394,3,9,0,16,0,1,0,0,0,0,3,1,6,1,43,7,-1,-1,-1,1,1,1
2017210243400,1,9,0,18,0,0,0,0,0,0,1,1,6,2,38,7,1398,2,9,-1,-1,-1
2017210243400,2,21,1,18,0,0,0,0,0,0,1,1,6,1,48,8,12419,2,5,6,1,6
2017210243417,1,98,0,8,0,3,0,0,0,0,1,1,6,1,-1,-1,-1,-1,-1,1,1,1
2017210243417,2,9,0,10,0,3,0,0,0,0,3,1,6,1,25,5,999,1,2,4,1,4
2017210243430,1,9,0,17,0,0,0,0,7,0,3,1,2,2,18,4,1229,1,11,6,3,6
2017210243449,1,5,0,13,0,0,0,0,0,0,4,1,6,1,34,6,1000,1,8,-1,-1,-1
2017210243449,2,9,0,9,0,0,0,0,0,0,1,1,6,1,27,6,-1,-1,-1,-1,-1,-1
2017210243461,1,9,0,18,0,0,0,0,0,0,1,1,6,2,30,6,998,1,13,5,1,5
2017210243466,1,9,0,18,0,1,0,0,0,0,4,1,1,1,63,9,1332,1,17,-1,-1,-1
2017210243466,2,1,-1,18,-1,-1,-1,-1,-1,0,-1,1,6,2,11,3,-1,-1,-1,-1,-1,-1
2017210243617,1,9,0,18,0,8,0,0,0,0,1,1,1,1,24,5,1242,1,6,10,3,10
2017210243734,1,9,0,9,0,2,0,0,0,0,1,1,5,2,47,8,1598,1,6,10,1,10
2017210243734,2,1,0,10,0,1,0,0,0,0,1,1,1,2,30,6,-1,-1,-1,6,1,6
2017210243782,1,3,0,14,0,0,0,4,0,0,4,1,6,2,39,7,-1,-1,-1,6,1,6
2017210243782,2,9,0,2,0,0,0,0,0,0,2,1,6,2,59,9,1242,1,4,4,1,4
2017210244050,1,90,0,18,0,0,0,0,0,0,0,1,1,3,-1,-1,-1,-1,-1,-1,-1,-1
2017210244096,1,9,0,18,0,1,0,0,0,0,1,1,6,2,-1,-1,1598,2,5,3,1,3
2017210244096,2,9,0,10,0,1,0,0,0,0,2,1,6,2,28,6,1988,2,13,8,1,8
2017210244119,1,90,1,2,0,0,0,0,0,0,2,1,1,1,42,7,-1,-1,-1,9,1,9
2017210244119,2,21,1,18,0,0,0,0,0,0,1,1,1,1,30,6,3920,2,4,2,1,2
2017210244123,1,9,0,18,0,4,0,0,0,0,1,1,2,1,36,7,1998,2,2,3,1,3
2017210244123,2,1,0,18,0,8,5,0,0,0,4,1,2,1,37,7,-1,-1,-1,4,1,4
2017210244265,1,19,0,18,0,0,0,0,0,0,1,1,1,1,31,6,2198,2,5,-1,-1,-1
2017210244265,2,9,0,18,0,0,0,0,0,0,1,1,6,1,26,6,1587,1,11,-1,-1,-1
2017210244265,3,9,0,2,0,0,0,0,0,0,3,1,6,2,-1,-1,1910,2,9,3,1,3
2017210244316,1,9,0,18,0,0,0,0,0,0,3,1,6,2,61,9,1968,2,6,-1,-1,-1
2017210244425,1,9,0,9,0,1,0,0,0,0,0,1,6,1,61,9,1753,2,14,-1,-1,-1