Accident_Index,Vehicle_Reference,Vehicle_Type,Towing_and_Articulation,Vehicle_Manoeuvre,Vehicle_Location-Restricted_Lane,Junction_Location,Skidding_and_Overturning,Hit_Object_in_Carriageway,Vehicle_Leaving_Carriageway,Hit_Object_off_Carriageway,1st_Point_of_Impact,Was_Vehicle_Left_Hand_Drive?,Journey_Purpose_of_Driver,Sex_of_Driver,Age_of_Driver,Age_Band_of_Driver,Engine_Capacity_(CC),Propulsion_Code,Age_of_Vehicle,Driver_IMD_Decile,Driver_Home_Area_Type,Vehicle_IMD_Decile
2017210270216,3,9,0,18,0,1,0,0,0,0,0,1,1,1,-1,-1,2993,2,3,7,1,7
2017210270277,1,9,0,5,0,6,0,0,0,0,4,1,6,2,56,9,998,1,-1,6,1,6
2017210270277,2,5,0,18,0,1,0,0,0,0,1,1,6,1,38,7,645,1,-1,6,1,6
2017210270324,1,17,0,18,0,0,0,0,0,0,1,1,1,1,36,7,4000,2,6,10,3,10
2017210270324,2,9,0,18,0,0,0,0,0,0,1,1,6,1,18,4,1242,1,5,9,2,9
2017210270379,1,9,0,5,0,0,0,0,0,0,1,1,6,2,39,7,1560,2,1,5,1,5
2017210270379,2,3,0,5,0,0,0,0,0,0,3,1,6,1,18,4,124,1,1,1,1,1
2017210271675,1,9,0,18,0,8,0,0,0,0,0,1,6,3,-1,-1,-1,-1,-1,-1,-1,-1
2017210271675,2,3,0,18,0,8,0,0,0,0,0,1,6,1,34,6,124,1,2,-1,-1,-1
2017210272012,1,9,0,4,0,1,0,0,0,0,1,1,6,2,26,6,1329,1,1,-1,-1,-1
2017210272012,2,9,0,3,0,1,0,0,0,0,2,1,6,1,45,7,-1,-1,-1,9,1,9
2017210272012,3,9,0,2,0,1,0,0,0,0,2,1,6,1,59,9,1598,1,3,8,1,8
2017210272012,4,9,0,2,0,1,0,0,0,0,2,1,6,1,22,5,1229,1,3,-1,-1,-1
2017210272051,1,9,0,18,0,0,0,0,0,0,1,1,6,2,30,6,1248,2,12,-1,-1,-1
2017210272051,2,9,0,4,0,0,0,0,0,0,2,1,6,2,36,7,998,1,2,7,2,7
2017210272176,1,9,0,1,0,0,0,0,0,0,4,1,6,1,45,7,1598,1,9,3,1,3
2017210272176,2,19,0,2,0,0,0,0,0,0,0,1,6,1,29,6,2402,2,5,2,1,2
2017210272269,1,9,0,18,0,0,1,0,1,4,1,1,6,1,28,6,1368,1,7,7,2,7
2017210272269,2,9,-1,-1,-1,0,-1,-1,-1,0,-1,1,6,2,22,5,2993,2,2,9,3,9
2017210272518,1,9,0,9,8,0,0,0,0,0,4,1,1,1,57,9,1242,1,8,9,1,9
2017210272548,1,9,0,18,0,0,0,0,0,0,2,1,6,1,-1,-1,1997,2,6,-1,-1,-1
2017210272548,2,9,0,18,0,0,0,0,0,0,0,1,6,1,-1,-1,-1,-1,-1,-1,-1,-1
2017210272548,3,9,0,18,0,0,0,0,0,0,1,1,5,2,63,9,1150,1,11,9,2,9
2017210272548,4,9,0,18,0,0,0,0,0,0,1,1,5,1,43,7,1991,2,9,3,1,3
2017210272770,1,9,0,1,0,0,0,0,0,0,2,1,6,1,28,6,1968,2,6,1,1,1
2017210272770,2,2,0,18,0,0,0,0,0,0,2,1,6,1,26,6,125,1,1,1,1,1
2017210272788,1,9,0,18,0,0,5,0,0,0,4,1,6,1,19,4,1198,1,8,8,1,8
2017210272788,2,9,0,3,0,0,0,0,0,0,4,1,6,1,19,4,1198,1,12,8,1,8
2017210272802,1,9,0,9,0,0,0,0,0,0,3,1,6,2,26,6,1198,1,1,3,1,3
2017210272802,2,9,0,5,0,0,0,0,0,0,1,1,6,1,78,11,1388,1,-1,2,1,2
2017210273269,1,9,0,18,0,4,0,0,0,0,3,1,2,2,44,7,1587,1,11,2,1,2
2017210273269,2,3,0,18,0,8,0,0,0,0,1,1,6,1,19,4,125,1,4,3,1,3
2017210273337,1,9,0,9,0,1,0,0,0,0,1,1,6,2,30,6,1598,1,9,-1,-1,-1
2017210273337,2,9,0,18,0,1,0,0,0,0,3,1,6,1,65,9,1968,2,4,-1,-1,-1
2017210273337,3,19,0,3,0,1,0,0,0,0,1,1,6,1,19,4,2299,2,2,-1,-1,-1
2017210273383,1,9,0,18,0,0,0,0,0,0,1,1,5,1,56,9,1997,2,19,8,1,8
2017210273383,2,9,0,4,0,0,0,0,0,0,2,1,5,2,19,4,1198,1,14,7,3,7
2017210273383,3,4,0,4,0,0,0,0,0,0,2,1,5,1,21,5,249,1,6,1,1,1
2017210273588,1,9,0,13,0,0,0,0,0,0,1,1,5,1,-1,-1,1999,1,8,-1,-1,-1
2017210273588,2,9,0,18,0,0,0,0,0,0,2,1,5,1,20,4,1199,1,13,2,1,2
2017210273588,3,9,0,18,0,0,0,0,0,0,3,1,5,1,-1,-1,1956,2,6,-1,-1,-1
2017210273588,4,9,0,18,0,0,0,0,0,0,3,1,5,2,19,4,1149,1,18,7,1,7
2017210273725,1,9,0,18,0,0,-1,0,-1,0,1,1,6,1,71,10,1389,1,23,9,1,9
2017210273725,2,9,0,2,0,0,-1,0,-1,0,2,1,6,1,30,6,-1,-1,-1,9,1,9
2017210274147,1,9,-1,18,0,4,0,0,0,0,1,1,6,2,72,10,1998,1,-1,-1,-1,-1
2017210274147,2,9,-1,18,0,4,0,0,0,0,2,1,6,1,40,7,-1,-1,-1,3,1,3
2017210274186,1,9,0,18,0,4,0,0,0,0,1,1,6,2,50,8,1197,1,-1,1,1,1
2017210274186,2,9,0,18,0,4,0,0,0,0,2,1,6,2,56,9,1242,1,11,-1,-1,-1
2017210274346,1,9,-1,18,-1,0,0,0,0,0,1,1,5,1,-1,-1,1400,2,17,5,1,5
2017210274346,2,9,-1,-1,0,0,0,0,0,0,2,1,6,1,51,8,998,1,12,7,1,7
2017210274382,1,11,0,4,0,0,0,0,0,0,0,1,1,1,51,8,-1,2,18,5,1,5
2017210274424,1,9,0,18,0,0,0,0,0,0,4,1,2,1,19,4,1229,1,10,2,1,2
2017210274424,2,9,0,18,0,0,0,0,0,0,4,1,2,1,54,8,1248,2,5,4,1,4
2017210274448,1,98,0,18,0,0,0,0,0,0,4,1,6,1,50,8,-1,-1,-1,4,1,4
2017210274469,1,9,0,4,0,1,0,0,0,0,1,1,6,1,24,5,1560,2,3,7,1,7
2017210274469,2,9,0,4,0,1,0,0,0,0,2,1,6,2,53,8,1998,1,1,8,1,8
2017210274559,1,9,0,18,0,0,0,0,0,0,1,1,1,1,55,8,1461,2,13,2,1,2
2017210274559,2,9,0,18,0,0,0,0,0,0,1,1,1,1,46,8,2926,2,15,5,1,5
2017210274612,1,9,0,18,0,1,0,0,0,0,1,1,6,1,78,11,1240,1,14,-1,-1,-1
2017210274612,2,9,0,3,0,1,0,0,0,0,2,1,6,1,65,9,-1,-1,-1,7,3,7
2017210274612,3,9,0,3,0,1,0,0,0,0,1,1,6,1,45,7,-1,-1,-1,6,1,6
2017210274799,1,9,0,17,0,0,2,0,1,0,1,1,6,1,78,11,1242,1,4,8,1,8
2017210274830,1,9,0,18,0,0,0,0,0,0,3,1,6,2,21,5,-1,-1,-1,6,1,6
2017210274874,1,9,0,18,0,8,1,0,0,0,1,1,6,2,50,8,1461,2,4,7,3,7
2017210274891,1,9,0,17,0,2,0,0,0,0,1,1,6,1,25,5,1598,1,11,10,1,10
2017210274891,2,9,0,18,0,2,0,0,7,7,1,1,6,1,29,6,1198,1,1,-1,-1,-1
2017210275166,1,8,0,18,0,0,0,0,0,0,0,1,1,1,43,7,1598,2,4,1,1,1
2017210275277,1,8,0,18,0,0,-1,0,0,0,1,1,1,1,54,8,1598,2,6,9,1,9
2017210275277,2,9,0,18,0,0,-1,0,0,0,2,1,6,3,-1,-1,-1,-1,-1,-1,-1,-1
2017210276173,1,9,0,7,0,0,0,0,0,0,0,1,6,1,40,7,1560,2,7,1,1,1
2017210276173,2,9,0,4,0,0,0,0,0,0,1,1,6,1,52,8,1991,8,-1,-1,-1,-1
2017210276173,3,17,4,18,0,0,0,0,0,0,2,1,6,1,19,4,6728,2,3,-1,-1,-1
2017210276446,1,9,0,7,0,1,0,0,0,0,1,1,6,1,30,6,-1,-1,-1,2,1,2
2017210276446,2,9,0,18,0,2,0,0,0,0,1,1,6,2,20,4,996,1,5,6,1,6
2017210276446,3,9,0,7,0,1,0,0,0,0,0,1,1,1,-1,-1,2993,2,3,-1,-1,-1
2017210276459,1,9,0,18,0,0,0,0,0,0,1,1,3,2,30,6,2967,2,-1,2,1,2
2017210276459,2,3,0,3,0,0,0,0,0,0,2,1,2,1,56,9,-1,-1,-1,6,1,6
2017210276474,1,9,0,9,0,5,-1,0,0,0,1,1,6,1,55,8,1229,1,7,7,1,7
2017210276513,1,9,0,18,0,2,0,0,0,0,4,1,6,1,19,4,1595,1,13,6,3,6
2017210276513,2,9,0,18,0,1,0,0,0,0,1,1,6,2,54,8,1349,1,7,5,1,5
2017210276773,1,9,0,18,0,0,0,0,0,0,1,1,1,1,27,6,-1,-1,-1,-1,-1,-1
2017210276773,2,9,0,18,0,0,0,0,0,0,1,1,6,1,33,6,1560,2,10,2,1,2
2017210277884,1,9,0,18,0,0,0,0,0,0,3,1,6,1,46,8,1968,2,5,7,1,7
2017210277884,2,9,0,18,0,0,0,0,0,0,2,1,6,1,20,4,1582,2,2,8,1,8
2017210278373,1,9,0,18,0,0,0,0,0,0,1,1,6,1,58,9,-1,-1,-1,1,1,1
2017210278373,2,9,0,5,0,0,0,0,0,0,2,1,6,1,38,7,1997,2,7,1,1,1
2017210278522,1,9,0,18,0,0,0,0,0,0,1,1,6,2,21,5,1199,1,3,8,2,8
2017210278542,1,9,0,18,0,0,0,0,0,0,1,1,6,2,21,5,1798,1,7,9,1,9
2017210278542,2,9,0,18,0,0,0,0,0,0,2,1,6,1,24,5,1998,1,13,9,1,9
2017210278542,3,9,0,18,0,0,0,0,0,0,2,1,6,1,46,8,1995,2,2,7,3,7
2017210278542,4,9,0,18,0,0,0,0,0,0,2,1,6,1,24,5,1149,1,6,6,1,6
2017210278542,5,9,0,18,0,0,0,0,0,0,2,1,6,2,27,6,1910,2,10,1,1,1
2017210278542,6,19,0,18,0,0,0,0,0,0,0,1,6,1,52,8,1598,2,3,10,1,10
2017210278568,1,9,0,18,0,0,0,0,0,0,0,1,6,2,36,7,1997,2,13,3,1,3
2017210278577,1,9,0,7,0,6,0,0,0,0,1,1,6,3,-1,-1,-1,-1,-1,-1,-1,-1
2017210279811,1,-1,0,1,0,0,0,0,0,0,2,1,6,1,-1,-1,-1,-1,-1,-1,-1,-1
2017210283472,1,9,0,18,0,0,0,0,1,0,1,1,2,2,24,5,-1,-1,-1,1,1,1
2017210283832,1,9,0,18,0,0,0,0,0,0,1,1,6,1,25,5,998,1,14,3,1,3
2017210283832,2,9,0,18,0,0,0,0,0,0,2,1,6,1,32,6,1896,2,8,2,1,2
2017210283832,3,9,0,18,0,0,0,0,0,0,0,1,6,1,30,6,2967,2,11,5,1,5
2017210283909,1,90,0,18,0,0,1,0,7,0,1,1,6,1,21,5,-1,-1,-1,2,1,2
2017210283909,2,17,0,18,0,0,0,0,0,0,1,1,1,1,32,6,-1,2,6,4,1,4
2017210283934,1,9,0,7,0,0,0,0,0,0,1,1,6,3,-1,-1,2979,1,14,-1,-1,-1
2017210283934,2,9,0,18,0,0,0,0,0,0,4,1,6,2,30,6,1200,1,2,8,1,8
2017210284649,1,9,0,7,0,1,0,0,0,0,0,1,6,2,47,8,1781,1,13,4,1,4
2017210284649,2,1,-1,18,0,1,5,0,0,0,0,1,6,1,24,5,-1,-1,-1,4,1,4
2017210285014,1,9,0,18,0,0,0,0,0,0,1,1,6,2,47,8,1149,1,-1,1,1,1
2017210285014,2,9,0,18,0,0,0,0,0,0,1,1,6,1,80,11,1560,2,7,9,3,9
2017210285495,1,9,0,18,0,0,0,0,0,0,1,1,6,3,-1,-1,-1,-1,-1,-1,-1,-1
2017210285836,1,9,0,9,0,8,0,0,0,0,3,1,6,1,26,6,1582,2,6,3,1,3
2017210285836,2,9,0,18,0,1,0,0,0,0,1,1,6,1,36,7,-1,-1,-1,1,1,1
2017210285921,1,9,0,18,0,0,0,10,2,0,1,1,6,1,-1,-1,2000,2,12,-1,-1,-1
2017210286744,1,9,0,4,0,0,0,0,0,0,1,1,2,1,22,5,1149,1,16,9,3,9
2017210286744,2,9,0,4,0,0,0,0,0,0,1,1,2,1,25,5,2979,1,14,-1,-1,-1
2017210286744,3,9,0,4,0,0,0,0,0,0,1,1,2,1,45,7,1995,2,-1,9,1,9
2017210286744,4,9,0,4,0,0,0,0,0,0,2,1,6,1,23,5,1968,2,1,4,1,4
2017210286752,1,5,0,5,0,0,0,0,7,0,4,1,6,1,49,8,750,1,20,9,2,9
2017210286752,2,9,0,5,0,0,0,0,0,0,3,1,5,2,47,8,1560,2,3,9,2,9
2017210287711,1,9,-1,-1,-1,0,-1,-1,-1,0,-1,1,6,2,56,9,1998,2,12,3,1,3
2017210287711,2,9,-1,-1,-1,0,-1,-1,-1,0,-1,1,6,2,22,5,998,1,8,7,1,7
2017210287957,1,9,0,7,0,6,0,0,0,0,4,1,6,2,54,8,1248,2,11,-1,-1,-1
2017210287957,2,3,0,18,0,6,0,0,0,0,4,1,6,1,18,4,125,1,2,7,3,7
2017210288250,1,9,0,4,0,1,0,0,0,0,1,1,6,2,81,11,1598,2,6,3,1,3
2017210288250,2,9,0,3,0,1,0,0,0,0,2,1,6,2,22,5,999,1,-1,9,1,9
2017210288250,3,9,0,3,0,1,0,0,0,0,2,1,6,1,37,7,1198,1,1,10,1,10
2017210288295,1,9,0,18,0,8,0,0,0,0,1,1,6,2,72,10,998,1,-1,8,3,8
2017210288551,1,9,0,9,0,5,0,0,0,0,3,1,1,1,38,7,2143,2,6,8,1,8
2017210288551,2,3,0,3,0,1,0,0,0,0,1,1,1,1,22,5,124,1,8,-1,-1,-1
2017210289612,1,9,0,14,0,0,0,0,0,0,1,1,5,2,22,5,1198,1,9,-1,-1,-1
2017210289917,1,5,0,13,0,4,0,0,0,0,0,1,2,1,51,8,847,1,3,8,1,8
2017210289917,2,9,0,5,0,4,0,0,0,0,0,1,6,2,39,7,-1,-1,-1,8,2,8
2017210291140,1,9,0,9,0,1,0,0,0,0,4,1,6,2,22,5,1242,1,3,9,1,9
2017210291140,2,9,0,18,0,1,0,0,0,0,1,1,6,2,23,5,1248,1,6,10,1,10
2017210292991,1,9,0,18,0,0,0,0,-1,0,1,1,6,2,39,7,1991,2,12,7,2,7
2017210292991,2,21,1,18,0,0,0,0,-1,0,1,1,1,1,34,6,12902,2,-1,4,3,4
2017210293684,1,8,0,18,0,1,0,0,0,0,1,1,1,1,64,9,1956,2,6,4,1,4
2017210293684,2,9,-1,5,-1,6,0,0,0,0,-1,1,6,3,-1,-1,-1,-1,-1,-1,-1,-1
2017210293936,1,1,0,18,0,0,0,0,0,0,1,1,4,1,-1,-1,-1,-1,-1,-1,-1,-1
2017210293936,2,9,0,18,0,0,0,0,0,0,3,1,3,2,44,7,1149,1,10,3,1,3
2017210295884,1,9,0,18,0,1,0,0,0,0,1,1,5,1,24,5,1397,1,9,2,1,2
2017210295884,2,9,0,9,0,1,0,0,0,0,1,1,5,1,23,5,1968,2,4,9,2,9
2017210295968,1,10,0,18,0,0,0,0,0,0,1,1,6,1,45,7,2370,2,19,-1,-1,-1
2017210296647,1,9,0,13,0,0,0,0,0,0,3,1,6,1,34,6,1596,1,5,2,1,2
2017210296647,2,1,0,18,0,0,0,0,0,0,0,1,6,1,24,5,-1,-1,-1,2,1,2
2017210297328,1,21,1,18,0,3,0,0,0,0,3,1,1,3,-1,-1,10308,2,4,3,1,3
2017210297328,2,9,0,18,0,3,0,0,0,0,4,1,6,2,19,4,999,1,-1,-1,-1,-1
2017210297787,1,20,0,16,0,0,0,0,0,0,1,1,1,1,28,6,-1,-1,-1,8,1,8
2017210297787,2,9,0,2,0,0,0,0,0,0,2,1,1,1,42,7,-1,-1,-1,9,1,9
2017210297787,3,9,0,2,0,0,0,0,0,0,0,1,6,3,-1,-1,1362,1,4,-1,-1,-1
2017210299570,1,9,0,9,0,0,0,0,0,0,1,1,6,1,35,6,-1,-1,-1,2,1,2
2017210299570,2,1,0,18,0,0,0,0,0,0,1,1,6,1,27,6,-1,-1,-1,9,1,9
2017210300151,1,9,0,18,0,0,0,0,0,0,1,1,6,1,42,7,1368,1,2,4,1,4
2017210300151,2,9,0,18,0,0,1,0,0,0,3,1,6,2,33,6,1499,1,1,9,1,9
2017210302973,1,9,0,18,0,3,0,0,0,0,1,1,6,2,47,8,2179,2,8,6,1,6
2017210302973,2,1,-1,18,0,8,0,0,0,0,2,1,2,1,22,5,-1,-1,-1,2,1,2
2017210304692,1,19,0,18,0,0,0,0,0,0,1,1,6,3,-1,-1,1686,2,18,-1,-1,-1
2017210304692,2,9,0,18,0,0,0,0,0,0,3,1,5,2,69,10,1198,1,2,6,3,6
2017210305319,1,9,0,10,-1,1,0,0,0,0,3,1,6,3,-1,-1,1299,1,16,-1,-1,-1
2017210305319,2,4,0,14,0,1,0,0,0,0,4,1,1,1,55,8,299,1,-1,7,3,7
2017210305520,1,90,0,18,0,4,0,0,7,0,1,1,1,1,26,6,2999,2,1,10,1,10
2017210305607,1,9,-1,18,-1,0,-1,-1,-1,0,-1,1,6,2,-1,-1,1199,1,13,1,1,1
2017210305607,2,9,0,3,-1,0,-1,-1,-1,0,2,1,6,2,37,7,1995,2,4,4,3,4
2017210311774,1,9,0,18,0,1,0,0,0,0,1,1,1,1,61,9,1598,2,1,9,1,9
2017210315087,1,9,0,18,0,2,0,0,0,0,1,1,6,1,53,8,2446,2,17,4,1,4
2017210315087,2,9,0,18,0,2,0,0,1,0,1,1,6,1,27,6,1398,1,3,2,1,2
2017217318743,1,9,0,17,0,4,0,0,0,0,1,1,1,1,21,5,1229,1,5,6,3,6
2017217318743,2,9,0,3,0,3,0,0,0,0,2,1,6,1,78,11,1560,2,6,7,1,7
2017217318743,3,19,0,3,0,3,0,0,0,0,2,1,6,1,30,6,2198,2,1,3,1,3
2017217345521,1,9,0,18,0,3,0,0,0,0,3,1,6,1,72,10,-1,-1,-1,-1,-1,-1
2017217345521,2,9,0,18,0,3,0,0,0,0,4,1,1,1,57,9,-1,-1,-1,-1,-1,-1
2017220142337,1,9,0,18,0,0,0,0,1,11,1,1,6,1,76,11,2993,2,1,9,1,9
2017220142337,2,9,0,18,0,0,5,0,0,0,1,1,6,1,67,10,1968,2,10,-1,-1,-1
2017220146643,1,3,0,18,0,0,0,4,0,0,1,1,6,1,21,5,124,1,13,5,3,5
2017220146643,2,9,0,2,0,0,0,0,0,0,2,1,6,3,-1,-1,-1,-1,-1,-1,-1,-1
2017220147434,1,3,0,18,0,0,1,0,0,0,1,1,5,1,29,6,-1,-1,-1,7,3,7
2017220148012,1,9,0,14,0,0,0,0,0,0,1,1,5,2,58,9,999,1,4,5,2,5
2017220148012,2,1,0,18,0,0,0,0,0,0,1,1,6,1,15,3,-1,-1,-1,3,3,3
2017220148047,1,9,0,9,0,5,0,0,0,0,1,1,5,1,90,11,1598,1,15,9,1,9
2017220148047,2,9,0,17,0,8,0,0,0,0,1,1,5,2,20,4,1796,1,18,7,3,7
2017220148947,1,9,0,18,0,0,0,0,0,0,1,1,6,3,34,6,-1,-1,-1,-1,-1,-1
2017220149017,1,19,0,18,0,0,0,0,0,0,3,1,2,1,30,6,2198,2,7,6,1,6
2017220149017,2,21,0,18,0,0,0,0,0,0,3,1,1,1,36,7,-1,-1,-1,2,1,2
2017220149062,1,9,0,4,0,1,0,0,0,0,2,1,6,2,58,9,1781,1,14,7,3,7
2017220149062,2,9,0,5,0,4,0,0,0,0,1,1,6,1,66,10,1870,2,10,10,2,10
2017220149087,1,9,0,17,0,0,5,0,7,0,1,1,6,1,24,5,1598,1,10,1,1,1
2017220149213,1,9,0,18,0,0,0,0,0,0,1,1,5,1,19,4,1242,1,2,7,3,7
2017220149213,2,9,0,18,0,0,0,0,0,0,1,1,5,1,75,10,1598,1,10,7,2,7
2017220149281,1,9,0,17,0,0,1,0,7,11,4,1,1,1,24,5,1124,1,12,-1,-1,-1
2017220149303,1,9,0,13,0,2,1,0,5,7,1,1,1,2,24,5,1242,1,6,5,1,5
2017220149353,1,9,0,18,0,0,0,0,0,0,4,1,6,3,34,6,-1,-1,-1,-1,-1,-1
2017220149535,1,9,0,18,0,4,0,0,0,0,3,1,6,3,34,6,-1,-1,-1,-1,-1,-1
2017220149535,2,22,0,18,0,1,0,0,0,0,1,1,5,1,55,8,-1,-1,-1,-1,-1,-1
2017220149544,1,19,0,9,0,6,0,0,0,0,1,1,6,1,36,7,1968,2,5,2,1,2
2017220149544,2,1,0,18,0,8,0,0,0,0,1,1,2,1,43,7,-1,-1,-1,1,1,1
2017220149575,1,9,0,9,0,5,0,0,0,0,1,1,6,2,53,8,1598,2,6,9,1,9
2017220149575,2,3,0,18,0,8,0,0,0,0,1,1,6,1,23,5,-1,-1,-1,5,1,5
2017220149681,1,9,0,16,0,8,1,0,1,4,1,1,5,1,17,4,1229,1,8,6,3,6
2017220149712,1,9,0,16,0,0,1,0,0,0,1,1,1,1,26,6,1124,1,12,4,2,4
2017220149712,2,9,0,16,0,0,0,0,1,0,1,1,5,1,30,6,1956,2,3,9,1,9
2017220149734,1,9,0,17,0,0,2,0,2,11,1,1,2,1,22,5,898,1,1,-1,-1,-1
2017220149835,1,9,0,5,0,3,1,0,1,10,1,1,1,2,25,5,1242,1,10,9,1,9
2017220149971,1,9,0,17,0,8,1,0,0,0,1,1,1,1,21,5,1242,1,17,-1,-1,-1
2017220149971,2,9,0,18,0,8,0,0,0,0,1,1,5,1,68,10,1560,2,3,-1,-1,-1
2017220150011,1,9,0,17,0,0,2,0,2,10,4,1,1,2,38,7,2198,1,15,3,1,3
2017220150260,1,9,0,17,0,0,0,0,7,10,1,1,5,1,55,8,1242,1,11,9,3,9
2017220150289,1,9,0,9,0,6,0,0,0,0,1,1,1,2,27,6,1229,1,6,6,1,6
2017220150289,2,9,0,5,0,6,0,0,0,0,1,1,1,2,21,5,998,1,5,6,1,6
2017220150359,1,9,0,18,0,0,0,0,0,0,1,1,2,2,24,5,1753,2,13,5,1,5
2017220150361,1,9,0,9,0,5,0,0,0,0,1,1,5,2,63,9,1997,2,12,-1,3,-1
2017220150378,1,9,0,18,0,0,1,4,0,0,1,1,5,1,29,6,1198,1,15,6,1,6
2017220150378,2,9,0,2,0,0,0,4,0,0,2,1,6,1,23,5,1995,2,13,4,2,4
2017220150378,3,9,0,2,0,0,0,0,0,0,2,1,6,1,34,6,973,1,16,6,3,6
2017220150566,1,9,0,16,0,0,0,0,0,0,1,1,2,1,25,5,1598,2,5,6,3,6
2017220150566,2,9,4,17,0,0,0,0,0,0,3,1,1,1,69,10,2143,2,3,6,3,6
2017220150604,1,9,0,9,0,6,0,0,0,0,1,1,5,2,24,5,1896,2,12,3,1,3
2017220150604,2,9,0,17,0,8,0,0,0,0,4,1,5,1,71,10,2179,2,2,5,3,5
2017220150756,1,19,0,18,7,0,0,4,0,0,1,1,1,1,22,5,2198,2,1,8,1,8
2017220150756,2,21,1,2,6,0,0,0,0,0,2,1,1,1,56,9,12777,2,2,3,1,3
2017220150817,1,5,0,7,0,6,0,4,0,0,1,1,6,1,22,5,599,1,15,4,1,4
2017220150817,2,9,0,2,0,2,0,0,0,0,2,1,6,1,45,7,1490,1,27,7,1,7
2017220150860,1,19,0,9,0,6,0,0,0,0,1,1,1,1,29,6,1686,2,11,-1,-1,-1
2017220150860,2,9,0,18,0,8,0,0,1,11,1,1,6,2,55,8,1461,2,6,5,2,5
2017220151095,1,9,0,9,0,6,0,0,0,0,1,1,1,2,62,9,1390,1,9,9,3,9
2017220151095,2,1,0,18,0,8,0,0,0,0,4,1,2,1,34,6,-1,-1,-1,6,3,6
2017220151112,1,9,0,9,0,5,0,0,0,0,2,1,5,1,18,4,1229,1,11,7,2,7
2017220151112,2,9,0,18,0,8,0,0,7,11,1,1,5,2,39,7,2664,2,15,10,1,10
2017220151283,1,9,0,18,0,0,0,0,0,0,1,1,5,2,51,8,1200,1,3,2,1,2
2017220151283,2,9,0,18,0,0,0,0,0,0,3,1,5,1,53,8,2995,8,2,-1,3,-1
2017220151394,1,9,0,16,0,1,0,10,7,2,1,1,5,1,29,6,-1,-1,-1,7,1,7
2017220151664,1,9,0,18,0,6,0,0,0,0,1,1,6,3,34,6,-1,-1,-1,-1,-1,-1
2017220151664,2,9,0,18,0,8,0,0,0,0,4,1,5,1,36,7,-1,-1,-1,6,2,6
2017220151705,1,9,0,9,0,6,0,0,0,0,1,1,6,3,34,6,1199,1,14,-1,-1,-1
2017220151705,2,1,0,18,0,8,0,0,0,0,4,1,5,1,32,6,-1,-1,-1,2,1,2
2017220151858,1,9,0,18,0,0,0,0,0,0,1,1,1,2,61,9,1560,2,6,7,3,7
2017220151858,2,1,0,14,0,0,0,0,0,0,3,1,2,1,14,3,-1,-1,-1,7,1,7
2017220151927,1,9,0,5,0,4,0,0,0,0,1,1,6,1,39,7,1598,2,2,4,1,4
2017220151927,2,1,0,18,0,8,0,0,0,0,1,1,2,1,25,5,-1,-1,-1,8,1,8
2017220151935,1,9,0,5,0,6,0,0,0,0,1,1,6,1,83,11,1496,2,3,-1,3,-1
2017220151935,2,9,0,18,0,8,0,0,0,0,1,1,6,2,43,7,1560,2,11,-1,3,-1
2017220151978,1,9,0,18,0,0,1,0,0,0,4,1,5,2,25,5,1598,1,15,5,1,5
2017220152060,1,9,0,18,0,0,0,4,0,0,1,1,6,1,81,11,1988,2,13,9,1,9
2017220152060,2,98,1,2,0,0,0,0,0,0,2,1,2,1,48,8,-1,-1,-1,4,1,4
2017220152195,1,1,0,18,9,8,0,0,0,0,1,1,6,1,14,3,-1,-1,-1,-1,-1,-1
2017220152195,2,9,0,7,9,5,0,0,0,0,3,1,6,1,48,8,-1,-1,-1,10,3,10
2017220152270,1,11,0,18,2,0,0,0,0,0,0,1,1,1,-1,-1,4250,2,13,1,1,1
2017220152328,1,21,1,18,0,1,0,0,0,0,4,1,1,1,50,8,12902,2,4,6,1,6
2017220152328,2,1,0,18,0,1,0,0,0,0,2,1,2,1,30,6,-1,-1,-1,-1,-1,-1
2017220152368,1,9,0,13,0,0,1,0,0,0,1,1,6,1,26,6,1781,1,17,6,1,6
2017220152368,2,9,0,18,0,0,0,0,7,4,1,1,6,1,57,9,1598,2,2,4,3,4
2017220152368,3,19,0,18,0,0,0,0,0,0,0,1,6,1,27,6,1997,2,5,4,1,4
2017220152368,4,9,0,18,0,0,0,0,0,0,0,1,6,1,40,7,-1,-1,-1,-1,-1,-1
2017220152609,1,9,0,2,0,0,0,4,0,0,1,1,6,2,55,8,1997,2,6,8,3,8
2017220152609,2,9,0,18,0,0,0,0,1,0,3,1,2,1,48,8,1896,2,13,9,1,9
2017220152609,3,90,0,18,0,0,0,0,0,0,1,1,1,1,62,9,5883,2,13,4,2,4
2017220152637,1,9,0,18,0,1,0,0,0,0,1,1,1,1,26,6,1989,1,18,-1,1,-1
2017220152637,2,9,0,18,0,1,0,0,0,0,2,1,6,2,48,8,1198,1,12,-1,3,-1
2017220152672,1,9,0,9,0,6,0,0,0,0,3,1,2,1,50,8,1989,1,17,8,1,8
2017220152672,2,9,0,18,0,8,0,0,0,0,1,1,2,2,49,8,1497,1,14,8,1,8
2017220152673,1,9,0,16,0,8,0,0,1,0,1,1,3,2,31,6,2179,2,8,8,2,8
2017220152673,2,9,0,10,0,8,0,0,0,0,2,1,5,1,55,8,1598,2,7,6,3,6
2017220152852,1,9,0,18,0,2,0,0,0,0,1,1,5,2,29,6,1399,1,12,3,1,3