Accident_Index,Vehicle_Reference,Vehicle_Type,Towing_and_Articulation,Vehicle_Manoeuvre,Vehicle_Location-Restricted_Lane,Junction_Location,Skidding_and_Overturning,Hit_Object_in_Carriageway,Vehicle_Leaving_Carriageway,Hit_Object_off_Carriageway,1st_Point_of_Impact,Was_Vehicle_Left_Hand_Drive?,Journey_Purpose_of_Driver,Sex_of_Driver,Age_of_Driver,Age_Band_of_Driver,Engine_Capacity_(CC),Propulsion_Code,Age_of_Vehicle,Driver_IMD_Decile,Driver_Home_Area_Type,Vehicle_IMD_Decile
2017220171670,2,1,0,16,0,8,0,0,0,0,1,1,5,2,44,7,-1,-1,-1,8,3,8
2017220171825,1,8,0,16,0,0,0,0,0,0,4,1,6,3,34,6,-1,-1,-1,-1,-1,-1
2017220171831,1,9,0,9,0,8,0,0,0,0,3,1,5,1,50,8,1368,1,11,5,1,5
2017220171831,2,1,0,18,0,8,0,0,0,0,4,1,2,1,47,8,-1,-1,-1,6,1,6
2017220171832,1,9,0,16,0,0,0,0,1,0,1,1,5,1,20,4,1995,1,9,6,2,6
2017220171832,2,9,0,18,0,0,0,0,1,0,1,1,5,1,26,6,1968,2,5,6,3,6
2017220171833,1,9,0,9,0,6,0,0,0,0,3,1,1,2,28,6,1149,1,16,5,2,5
2017220171833,2,9,0,18,0,8,0,0,0,0,1,1,5,1,83,11,1390,1,11,9,1,9
2017220171956,1,9,0,18,0,2,0,0,0,0,1,1,6,1,34,6,1390,1,10,-1,-1,-1
2017220171961,1,9,0,18,0,0,0,0,0,0,0,1,5,1,75,10,1373,1,1,6,3,6
2017220171961,2,3,0,18,0,0,0,10,1,9,4,1,5,2,29,6,124,1,17,4,1,4
2017220171995,1,9,0,18,0,8,0,0,0,0,1,1,1,1,56,9,-1,-1,-1,8,1,8
2017220171995,2,9,0,4,0,8,0,0,0,0,2,1,5,2,57,9,998,1,-1,10,1,10
2017220171995,3,9,0,4,0,8,0,0,0,0,2,1,1,1,26,6,1229,1,1,5,1,5
2017220172024,1,9,0,18,0,8,0,0,0,0,1,1,2,1,63,9,-1,-1,-1,6,3,6
2017220172024,2,1,0,18,0,6,0,0,0,0,3,1,5,2,17,4,-1,-1,-1,6,1,6
2017220172042,1,98,1,13,0,0,0,0,0,0,1,1,1,1,49,8,-1,-1,-1,1,1,1
2017220172042,2,9,0,18,0,0,2,0,1,4,3,1,5,1,67,10,998,1,1,-1,-1,-1
2017220172082,1,9,0,9,0,5,0,0,0,0,4,1,5,1,63,9,2993,2,12,2,3,2
2017220172082,2,1,0,18,0,8,0,0,0,0,1,1,5,1,50,8,-1,-1,-1,8,1,8
2017220172143,1,21,1,11,0,0,0,0,0,0,1,1,1,1,58,9,12777,2,1,4,3,4
2017220172143,2,9,0,18,0,0,1,0,0,0,3,1,5,1,77,11,1988,2,11,6,3,6
2017220172146,1,9,0,7,0,4,0,9,0,0,1,1,5,1,23,5,-1,-1,-1,2,1,2
2017220172168,1,5,0,16,0,0,0,0,0,0,1,1,5,1,36,7,999,1,5,8,1,8
2017220172168,2,9,0,17,0,0,0,0,0,0,1,1,5,2,34,6,1588,1,15,-1,-1,-1
2017220172203,1,5,0,13,0,0,0,0,0,0,1,1,5,1,31,6,-1,-1,-1,7,3,7
2017220172203,2,9,0,17,0,0,0,0,0,0,1,1,5,1,56,9,1796,1,9,-1,3,-1
2017220172213,1,8,0,18,0,0,1,0,0,0,3,1,1,1,74,10,-1,-1,-1,6,3,6
2017220172251,1,1,0,18,0,8,0,0,0,0,1,1,2,1,50,8,-1,-1,-1,9,1,9
2017220172251,2,9,0,9,0,6,0,0,0,0,1,1,6,1,34,6,-1,-1,-1,-1,-1,-1
2017220172324,1,2,0,18,0,8,0,0,0,0,1,1,5,1,20,4,49,1,4,1,1,1
2017220172324,2,9,0,9,0,6,0,0,0,0,1,1,5,2,25,5,-1,-1,-1,2,1,2
2017220172412,1,19,0,7,0,6,0,0,0,0,1,2,1,1,35,6,2287,2,1,4,1,4
2017220172412,2,1,0,18,0,8,0,0,0,0,1,1,5,1,52,8,-1,-1,-1,5,1,5
2017220172438,1,9,0,14,0,0,0,0,0,0,1,1,5,1,60,9,1229,1,6,2,1,2
2017220172462,1,98,0,18,0,0,1,0,0,0,1,1,1,1,43,7,-1,-1,-1,9,1,9
2017220172462,2,17,0,18,0,0,2,0,0,0,2,1,1,1,29,6,6728,2,5,5,3,5
2017220172511,1,9,0,13,0,0,0,0,0,0,2,1,6,3,34,6,-1,-1,-1,-1,-1,-1
2017220172511,2,5,0,13,0,0,1,0,1,0,1,1,5,1,22,5,649,1,2,6,1,6
2017220172522,1,11,0,18,2,0,0,0,0,0,4,1,1,1,45,7,4461,2,3,5,1,5
2017220172530,1,5,0,16,0,0,1,0,0,0,4,1,5,2,28,6,-1,-1,-1,8,1,8
2017220172543,1,5,0,16,0,0,0,0,0,0,4,1,5,1,54,8,1137,1,13,4,1,4
2017220172543,2,3,0,16,0,0,0,0,0,0,3,1,5,1,17,4,124,1,8,7,1,7
2017220172552,1,9,0,18,0,0,0,0,0,0,1,1,1,1,82,11,1390,1,7,7,3,7
2017220172552,2,9,0,3,0,0,0,0,0,0,2,1,2,2,21,5,999,1,6,3,1,3
2017220172583,1,9,0,18,0,6,0,0,0,0,1,1,5,1,61,9,1896,2,8,6,3,6
2017220172583,2,9,0,18,0,8,0,0,0,0,3,1,2,2,37,7,1968,2,-1,-1,-1,-1
2017220172602,1,9,0,14,0,8,0,0,7,0,4,1,5,2,65,9,1248,1,4,2,1,2
2017220172602,2,17,0,10,0,8,0,0,0,0,3,1,1,1,31,6,6788,2,9,6,3,6
2017220172627,1,9,0,18,0,0,1,0,0,0,1,1,5,2,27,6,1598,1,16,6,3,6
2017220172627,2,9,0,18,0,0,0,0,1,4,2,1,5,1,22,5,1968,2,5,7,3,7
2017220172636,1,3,0,18,0,0,0,0,5,6,3,1,5,1,20,4,124,1,6,-1,-1,-1
2017220172678,1,9,0,13,0,0,0,0,1,10,4,1,2,1,18,4,1596,1,8,4,1,4
2017220172678,2,17,4,18,0,0,0,0,0,0,2,1,1,1,64,9,4400,2,12,9,1,9
2017220173076,1,9,0,10,0,8,0,0,0,0,2,1,2,1,31,6,-1,-1,-1,5,3,5
2017220173076,2,9,0,18,0,8,1,0,0,0,1,1,2,1,34,6,1968,2,3,-1,3,-1
2017220173214,1,9,0,7,9,6,0,0,0,0,1,1,5,2,28,6,1796,1,13,2,1,2
2017220173236,1,9,0,17,0,0,0,0,0,0,4,1,3,2,25,5,1598,1,7,5,1,5
2017220173236,2,1,0,16,0,0,0,0,0,0,3,1,5,1,12,3,-1,-1,-1,5,1,5
2017220173437,1,9,0,4,0,0,0,0,0,0,2,1,5,2,57,9,1198,1,12,8,1,8
2017220173437,2,9,0,18,0,0,0,0,0,0,1,1,5,1,24,5,1598,1,12,6,3,6
2017220173476,1,9,0,4,0,5,0,0,0,0,2,1,5,1,36,7,1968,2,1,9,1,9
2017220173476,2,5,0,18,0,8,0,0,0,0,1,1,5,2,29,6,1200,1,8,3,1,3
2017220173512,1,9,0,13,0,1,0,0,0,0,4,1,6,2,91,11,1596,1,10,3,1,3
2017220173512,2,1,0,18,0,1,0,10,1,0,3,1,5,1,48,8,-1,-1,-1,8,3,8
2017220173570,1,9,0,13,0,2,0,0,0,0,4,1,5,1,83,11,1968,2,3,5,3,5
2017220173570,2,1,0,18,0,2,0,0,0,0,3,1,5,1,52,8,-1,-1,-1,4,1,4
2017220173618,1,9,0,12,0,0,0,0,0,0,0,1,6,3,34,6,1248,2,5,-1,-1,-1
2017220173618,2,9,0,18,0,0,0,0,5,6,3,1,5,2,44,7,1242,1,10,-1,-1,-1
2017220173785,1,9,0,17,0,0,0,4,0,0,1,1,5,1,34,6,1598,1,9,8,1,8
2017220173785,2,9,0,2,0,0,0,0,0,0,1,1,5,2,60,9,1998,2,13,8,1,8
2017220173833,1,9,0,18,0,4,0,0,0,0,1,1,6,2,74,10,1560,2,10,5,3,5
2017220173833,2,1,0,7,0,3,0,0,0,0,2,1,5,2,51,8,-1,-1,-1,3,1,3
2017220173953,1,98,0,18,0,0,1,0,0,0,1,1,1,1,27,6,-1,-1,-1,6,1,6
2017220173953,2,21,1,18,0,0,0,0,0,0,2,1,1,1,50,8,12740,2,4,2,1,2
2017220173964,1,9,0,4,0,1,0,0,0,0,2,1,1,1,38,7,1598,2,3,8,3,8
2017220173964,2,9,0,5,0,4,0,0,0,0,1,1,5,1,28,6,-1,-1,-1,2,1,2
2017220173996,1,9,0,9,0,4,0,0,0,0,1,1,5,2,63,9,1390,1,14,2,1,2
2017220173996,2,9,0,9,0,4,0,0,0,0,4,1,5,1,60,9,1598,2,2,6,1,6
2017220174029,1,9,0,18,0,8,0,0,0,0,4,1,5,2,23,5,1388,1,12,4,1,4
2017220174041,1,9,0,16,0,0,2,10,1,1,1,1,5,2,30,6,998,1,7,-1,-1,-1
2017220174096,1,9,0,17,0,0,1,0,1,11,1,1,2,1,21,5,1461,2,2,6,3,6
2017220174103,1,19,0,18,0,8,0,0,0,0,1,1,1,1,27,6,2198,2,3,7,1,7
2017220174103,2,9,0,10,0,8,0,0,0,0,2,1,1,1,47,8,-1,-1,-1,8,2,8
2017220174134,1,9,0,16,0,8,0,7,7,3,1,1,5,1,47,8,1951,2,15,5,1,5
2017220174142,1,3,0,17,0,8,1,0,0,0,3,1,5,1,18,4,125,1,1,-1,-1,-1
2017220174150,1,9,0,16,0,0,0,0,2,2,1,1,5,1,22,5,998,1,4,5,1,5
2017220174225,1,9,0,9,0,6,0,0,0,0,3,1,5,2,17,4,1560,2,7,8,1,8
2017220174225,2,3,0,18,0,8,0,0,0,0,1,1,5,2,55,8,124,1,14,4,1,4
2017220174266,1,9,0,4,0,6,1,0,0,0,1,1,1,1,32,6,1997,2,11,2,1,2
2017220174266,2,19,0,18,0,8,1,0,0,0,1,1,1,1,49,8,2143,2,3,6,1,6
2017220174382,1,97,0,18,0,2,0,4,7,10,1,1,5,1,16,4,-1,-1,-1,2,1,2
2017220174382,2,9,0,2,0,2,0,0,0,0,2,1,5,1,43,7,1390,1,16,3,1,3
2017220174425,1,9,0,16,0,0,5,0,7,11,1,1,5,1,78,11,1240,1,14,9,2,9
2017220174504,1,9,0,18,0,8,0,0,0,0,1,1,5,1,23,5,1596,1,3,1,1,1
2017220174504,2,9,0,9,0,5,0,0,0,0,1,1,1,1,34,6,1389,1,12,3,1,3
2017220174547,1,9,0,18,0,0,0,0,0,0,4,1,6,3,34,6,-1,-1,-1,-1,-1,-1
2017220174621,1,5,0,18,0,8,0,0,0,0,1,1,5,2,25,5,-1,-1,-1,1,1,1
2017220174621,2,19,0,9,0,6,0,0,0,0,1,1,1,1,55,8,1968,2,1,5,3,5
2017220174621,3,9,0,18,0,8,0,0,0,0,1,1,5,1,53,8,1997,2,9,3,2,3
2017220174831,1,9,0,2,0,0,0,0,0,0,2,1,5,1,32,6,-1,-1,-1,5,3,5
2017220174831,2,19,0,4,0,0,0,4,0,0,1,1,1,3,35,6,1968,2,-1,-1,-1,-1
2017220174896,1,9,0,18,0,8,0,0,0,0,1,1,6,1,22,5,1388,1,13,5,1,5
2017220174896,2,9,0,10,0,8,0,0,0,0,2,1,5,2,25,5,1332,1,19,2,1,2
2017220174913,1,9,0,9,0,6,0,0,0,0,3,1,2,1,53,8,998,1,4,9,1,9
2017220174913,2,9,0,18,0,8,0,0,0,0,1,1,1,1,51,8,1560,2,6,-1,-1,-1
2017220174940,1,9,0,17,0,0,0,0,1,1,1,1,5,2,87,11,1598,1,14,5,3,5
2017220174978,1,9,0,9,0,6,0,0,0,0,1,1,5,1,80,11,1798,8,3,-1,-1,-1
2017220174978,2,1,0,18,0,8,0,0,0,0,3,1,5,1,72,10,-1,-1,-1,7,1,7
2017220175003,1,9,0,18,0,8,0,0,0,0,1,1,5,2,59,9,1969,2,1,-1,-1,-1
2017220175003,2,9,0,10,0,8,0,0,0,0,2,1,5,1,49,8,-1,-1,-1,5,3,5
2017220175025,1,9,0,9,0,8,0,0,7,0,3,1,1,1,31,6,998,1,3,2,1,2
2017220175025,2,9,0,18,0,3,0,10,7,1,1,1,5,1,53,8,1956,2,2,5,3,5
2017220175052,1,10,0,13,0,0,0,0,0,0,4,1,6,1,-1,-1,2446,2,17,-1,-1,-1
2017220175052,2,1,0,16,0,0,0,0,0,0,3,1,5,1,50,8,-1,-1,-1,-1,-1,-1
2017220175154,1,9,0,18,0,0,5,0,1,7,1,1,5,1,72,10,1598,2,5,8,1,8
2017220175164,1,9,0,4,0,0,0,0,0,0,2,1,5,1,54,8,1398,1,15,5,3,5
2017220175164,2,1,0,18,0,0,0,0,0,0,1,1,5,1,51,8,-1,-1,-1,7,1,7
2017220175195,1,3,0,18,0,0,0,0,0,0,1,1,5,1,23,5,124,1,16,4,2,4
2017220175195,2,9,0,4,0,0,0,0,0,0,2,1,5,2,24,5,1242,1,7,4,3,4
2017220175479,1,9,0,18,0,8,0,0,0,0,1,1,5,1,44,7,1968,2,1,7,1,7
2017220175479,2,9,0,18,0,6,0,0,0,0,4,1,5,2,22,5,1499,2,2,7,3,7
2017220175566,1,98,0,18,0,0,0,0,0,0,4,1,6,1,34,6,-1,-1,-1,-1,-1,-1
2017220175668,1,9,0,18,0,0,0,4,0,0,3,1,6,2,48,8,1582,2,8,-1,-1,-1
2017220175668,2,19,0,2,0,0,0,0,0,0,3,1,1,1,30,6,2198,2,3,3,1,3
2017220175747,1,9,0,9,0,6,0,0,0,0,1,1,5,2,34,6,1995,2,1,-1,-1,-1
2017220175747,2,21,0,18,0,8,0,0,0,0,1,1,1,1,45,7,8970,2,14,-1,-1,-1
2017220175792,1,9,0,9,0,6,0,0,0,0,1,1,2,2,18,4,1229,1,11,-1,-1,-1
2017220175792,2,5,0,18,0,8,0,0,0,0,1,1,5,1,54,8,656,1,10,-1,-1,-1
2017220175889,1,19,0,7,0,1,0,0,0,0,3,1,5,1,43,7,1598,2,6,2,1,2
2017220175909,1,9,0,9,0,2,0,0,0,0,3,1,6,1,56,9,2400,2,1,2,1,2
2017220175915,1,9,0,17,0,0,5,0,7,0,1,1,5,1,22,5,2494,1,16,9,1,9
2017220175931,1,9,0,1,0,0,0,0,0,0,2,1,6,1,68,10,1956,2,7,8,2,8
2017220175931,2,1,0,18,0,0,0,0,0,0,1,1,6,1,66,10,-1,-1,-1,8,1,8
2017220175940,1,9,0,18,0,1,0,0,0,0,4,1,5,1,47,8,1796,1,15,5,1,5
2017220175940,2,9,0,7,0,6,0,0,0,0,1,1,5,1,17,4,1197,1,2,-1,-1,-1
2017220175943,1,9,0,18,0,0,0,0,0,0,1,1,5,1,84,11,998,1,1,8,1,8
2017220175943,2,9,0,18,0,0,0,0,0,0,2,1,5,2,49,8,1798,1,5,-1,-1,-1
2017220175960,1,9,0,18,0,0,0,0,0,0,1,1,5,1,70,10,1968,2,2,6,1,6
2017220175960,2,9,0,4,0,0,0,0,0,0,2,1,5,1,75,10,1299,1,11,3,1,3
2017220175960,3,9,0,4,0,0,0,0,0,0,2,2,5,2,63,9,-1,-1,-1,-1,-1,-1
2017220176089,1,9,0,18,0,0,0,0,0,0,4,1,2,2,59,9,1248,1,-1,-1,-1,-1
2017220176095,1,5,0,18,0,1,1,0,0,0,1,1,6,1,45,7,1127,1,29,3,1,3
2017220176095,2,9,0,3,0,1,0,0,0,0,2,1,6,2,31,6,1598,1,14,5,1,5
2017220176127,1,9,0,9,0,5,0,0,0,0,1,1,5,1,67,10,1968,2,7,-1,-1,-1
2017220176127,2,9,0,18,0,8,0,0,1,0,1,1,5,2,34,6,1360,1,11,5,3,5
2017220176241,1,5,0,18,0,8,0,0,1,0,1,1,5,1,15,3,-1,-1,-1,1,1,1
2017220176241,2,9,0,9,0,6,0,0,0,0,3,1,5,2,33,6,2497,2,12,6,2,6
2017220176246,1,9,0,18,0,1,0,0,0,0,1,1,5,2,21,5,1360,1,13,1,1,1
2017220176246,2,9,0,3,0,1,0,0,0,0,2,1,5,2,28,6,1149,1,13,3,1,3
2017220176246,3,9,0,3,0,1,0,0,0,0,2,1,6,1,23,5,1596,1,2,10,3,10
2017220176338,1,9,0,16,0,0,5,10,1,0,4,1,5,1,53,8,-1,-1,-1,7,3,7
2017220176365,1,9,0,18,0,0,0,0,0,0,1,1,6,3,34,6,-1,-1,-1,-1,-1,-1
2017220176365,2,1,0,18,0,0,0,0,0,0,2,1,5,2,16,4,-1,-1,-1,1,1,1
2017220176373,1,9,0,17,0,0,5,12,7,4,1,1,1,2,34,6,1896,2,14,5,3,5
2017220176387,1,9,0,9,0,6,0,0,0,0,1,1,5,2,57,9,1686,2,4,7,2,7
2017220176394,1,9,0,4,0,0,0,0,0,0,0,1,5,2,21,5,1968,2,1,8,1,8
2017220176394,2,1,0,4,0,0,0,0,0,0,4,1,5,1,69,10,-1,-1,-1,-1,-1,-1
2017220176402,1,9,0,18,0,1,0,0,0,0,1,1,6,1,76,11,1388,1,14,-1,-1,-1
2017220176402,2,9,0,8,0,1,0,0,0,0,2,1,5,2,46,8,1242,1,7,-1,-1,-1
2017220176410,1,9,0,18,0,2,0,0,0,0,0,1,5,2,23,5,1124,1,7,8,1,8
2017220176410,2,9,0,3,0,1,0,0,0,0,4,1,5,1,41,7,1686,2,5,5,1,5
2017220176410,3,9,0,18,0,1,0,0,0,0,1,1,5,1,73,10,1596,1,11,8,1,8
2017220176477,1,4,0,18,0,0,0,0,0,0,1,1,5,1,24,5,998,1,10,3,2,3
2017220176477,2,9,0,4,0,0,0,0,0,0,2,1,1,1,59,9,1997,2,3,-1,1,-1
2017220176499,1,19,0,18,0,1,0,0,0,0,1,1,1,1,56,9,2198,2,1,7,3,7
2017220176499,2,9,0,4,0,1,0,0,0,0,2,1,5,2,35,6,1796,1,15,5,2,5
2017220176499,3,9,0,4,0,1,0,0,0,0,2,1,5,1,38,7,1896,2,11,9,2,9
2017220176499,4,9,0,4,0,1,0,0,0,0,2,1,5,1,27,6,1598,1,10,10,1,10
2017220176633,1,9,0,7,0,7,0,0,0,0,3,1,6,3,34,6,-1,-1,-1,-1,-1,-1
2017220176633,2,9,0,9,0,5,0,0,7,10,4,1,5,2,49,8,1399,2,9,3,1,3
2017220176679,1,9,0,18,0,1,0,0,0,0,1,1,6,1,36,7,1998,1,20,9,1,9
2017220176679,2,9,0,10,0,8,0,0,0,0,2,1,6,1,55,8,1997,2,3,9,3,9
2017220176822,1,98,1,18,0,0,0,0,0,0,3,1,1,1,23,5,-1,-1,-1,-1,-1,-1
2017220176822,2,19,0,13,0,0,0,0,0,0,4,1,6,1,50,8,1896,2,17,5,2,5
2017220176872,1,9,0,5,0,1,0,0,0,0,1,1,3,1,45,7,2997,1,19,6,3,6
2017220176872,2,8,0,5,0,1,0,0,0,0,2,1,4,1,59,9,1997,2,1,8,1,8
2017220176937,1,11,0,5,8,0,0,0,0,0,1,1,1,1,40,7,4250,2,10,8,1,8
2017220176953,1,19,0,18,0,0,0,0,1,4,1,1,1,1,43,7,1560,2,2,-1,-1,-1
2017220177083,1,9,0,9,0,4,0,0,0,0,1,1,6,1,37,7,1997,2,16,2,1,2
2017220177083,2,9,0,10,0,1,0,0,0,0,2,1,5,1,39,7,1995,2,10,9,1,9
2017220177141,1,9,0,18,0,0,0,0,1,11,4,1,2,1,30,6,1995,2,9,9,1,9
2017220177150,1,98,0,13,0,0,0,0,0,0,0,1,5,3,40,7,-1,-1,-1,-1,-1,-1
2017220177150,2,1,0,18,0,0,0,0,0,0,1,1,6,1,38,7,-1,-1,-1,6,1,6
2017220177282,1,9,0,16,0,0,1,0,7,4,1,1,5,1,18,4,1364,2,12,7,1,7
2017220177283,1,9,0,18,0,8,1,0,0,0,3,1,1,2,31,6,1995,2,11,2,1,2
2017220177283,2,9,0,9,0,5,0,0,0,0,1,1,5,2,18,4,1229,1,8,6,1,6
2017220177452,1,9,0,18,0,2,1,0,0,0,1,1,2,1,21,5,1600,1,26,9,1,9
2017220177452,2,8,0,18,0,2,0,0,0,0,2,1,1,1,52,8,1560,2,3,9,1,9
2017220177531,1,9,0,9,0,5,0,0,0,0,1,1,5,1,20,4,1599,1,14,9,2,9
2017220177531,2,9,0,18,0,8,0,0,0,0,1,1,5,1,56,9,2179,2,5,10,3,10
2017220177532,1,21,1,18,0,0,0,0,0,0,1,1,1,1,29,6,10677,2,2,3,1,3
2017220177532,2,9,0,18,0,0,0,0,1,7,2,1,5,1,50,8,2286,1,42,7,3,7
2017220177549,1,19,0,18,0,1,0,0,0,0,1,1,1,1,33,6,2148,2,9,2,1,2
2017220177549,2,19,0,3,0,1,0,0,0,0,2,1,1,1,52,8,2198,2,1,3,1,3
2017220177601,1,9,0,18,0,1,0,0,0,0,1,1,6,3,33,6,1596,1,14,-1,-1,-1
2017220177601,2,9,0,5,0,6,0,0,0,0,1,1,6,2,20,4,998,1,1,-1,-1,-1
2017220177816,1,17,4,17,0,0,0,0,0,0,3,1,6,1,45,7,-1,-1,-1,-1,-1,-1
2017220177816,2,5,0,16,0,0,0,0,0,0,1,1,5,1,53,8,897,1,13,-1,3,-1
2017220177826,1,9,0,16,0,0,2,0,2,4,1,1,6,1,17,4,1198,1,13,5,3,5
2017220177983,1,9,0,17,0,8,0,0,0,0,4,1,5,2,21,5,1388,1,10,5,1,5
2017220177983,2,8,0,9,0,6,0,0,0,0,1,1,1,1,61,9,1598,2,6,4,1,4
2017220178149,1,90,0,18,0,0,0,0,0,0,4,1,6,1,65,9,2300,2,2,6,3,6
2017220178249,1,9,0,18,0,0,0,0,1,11,1,1,5,1,21,5,1598,2,4,-1,-1,-1
2017220178281,1,9,0,18,0,6,0,0,0,0,1,1,5,1,21,5,1328,1,9,8,1,8
2017220178281,2,19,0,18,0,1,0,0,0,0,4,1,1,1,49,8,2143,2,1,-1,-1,-1
2017220178296,1,9,0,4,0,1,0,0,0,0,1,1,6,1,34,6,-1,-1,-1,-1,-1,-1
2017220178296,2,8,0,3,0,1,0,0,0,0,2,1,1,1,59,9,1995,2,4,-1,-1,-1
2017220178319,1,9,0,18,0,0,5,0,1,11,1,1,5,1,22,5,1248,2,10,1,1,1
2017220178330,1,9,0,18,0,0,0,0,0,0,1,1,5,2,34,6,1598,2,4,-1,-1,-1
2017220178330,2,8,0,4,0,0,0,0,0,0,2,1,1,1,57,9,1910,2,11,9,1,9
2017220178348,1,17,0,5,0,6,0,0,0,0,1,1,1,1,31,6,-1,-1,-1,6,3,6
2017220178348,2,9,0,18,0,8,1,0,7,10,1,1,5,1,31,6,1997,2,13,6,3,6
2017220178352,1,9,0,18,0,8,0,0,0,0,4,1,5,1,57,9,1998,2,13,-1,-1,-1
2017220178352,2,9,0,9,0,6,0,0,0,0,1,1,6,3,34,6,1997,2,15,-1,-1,-1
2017220178565,1,9,0,12,0,3,0,10,0,0,4,1,6,3,34,6,2993,2,3,-1,-1,-1
2017220178565,2,9,0,18,0,3,0,0,0,0,0,1,5,1,42,7,2179,2,8,7,1,7
2017220178585,1,1,0,18,0,0,0,0,1,0,3,1,6,1,62,9,-1,-1,-1,9,2,9
2017220178585,2,-1,-1,15,0,0,0,0,0,0,3,1,6,2,46,8,-1,-1,-1,5,3,5
2017220178587,1,9,0,18,0,8,0,0,0,0,1,1,5,2,84,11,1560,2,5,4,3,4
2017220178587,2,1,0,5,0,6,0,0,0,0,2,1,5,1,38,7,-1,-1,-1,5,3,5
2017220178604,1,9,0,18,0,0,0,0,0,0,4,1,5,1,24,5,998,1,16,1,1,1
2017220178604,2,9,0,5,0,0,0,0,0,0,3,1,6,1,33,6,1248,1,4,7,1,7
2017220178611,1,97,0,18,0,1,0,0,0,0,4,1,6,3,18,4,-1,-1,-1,-1,-1,-1
2017220178618,1,9,0,18,0,0,0,0,0,0,3,1,3,1,17,4,999,1,1,8,3,8
2017220178690,1,9,0,18,0,0,0,4,0,0,1,1,6,1,55,8,-1,-1,-1,-1,-1,-1
2017220178690,2,19,0,2,0,0,0,0,0,0,4,1,5,1,29,6,1995,2,10,8,1,8
2017220178748,1,9,0,14,0,1,0,0,0,0,4,1,5,1,27,6,1956,2,6,8,1,8
2017220178748,2,19,0,9,0,5,0,0,0,0,3,1,1,1,-1,-1,2999,2,14,5,3,5
2017220178859,1,9,0,18,0,0,0,0,0,0,1,1,5,1,74,10,1560,2,7,5,1,5
2017220178989,1,19,0,18,0,1,0,0,0,0,1,1,5,1,51,8,2402,2,7,-1,-1,-1
2017220178989,2,9,0,3,0,1,0,0,0,0,2,1,5,2,51,8,1242,1,3,-1,-1,-1
2017220178989,3,9,0,3,0,1,0,0,0,0,2,1,5,2,30,6,1596,1,10,-1,-1,-1
2017220178990,1,5,0,17,0,8,1,0,1,0,1,1,5,1,33,6,599,1,19,5,1,5
2017220179187,1,9,0,18,0,6,0,0,0,0,1,1,6,3,25,5,-1,-1,-1,-1,-1,-1
2017220179187,2,9,0,18,0,1,0,0,0,0,1,1,6,1,49,8,1199,1,14,7,3,7
2017220179362,1,9,0,7,0,6,0,0,0,0,1,1,5,1,55,8,1560,2,10,-1,-1,-1
2017220179362,2,1,0,18,0,8,0,0,0,0,4,1,5,1,47,8,-1,-1,-1,-1,-1,-1
2017220179374,1,9,0,9,0,8,0,0,0,0,4,1,5,2,62,9,1242,1,10,7,1,7
2017220179374,2,5,0,18,0,8,1,0,0,0,1,1,6,1,32,6,865,1,3,-1,-1,-1
2017220179401,1,9,0,7,0,6,0,0,0,0,1,1,5,1,65,9,-1,-1,-1,10,1,10
2017220179401,2,9,0,18,0,8,0,0,0,0,1,1,5,2,28,6,1560,2,-1,5,3,5
2017220179401,3,9,0,10,0,1,0,0,0,0,1,1,5,2,70,10,1560,2,5,8,2,8
2017220179423,1,9,0,17,0,0,0,0,1,0,1,1,1,1,24,5,-1,-1,-1,7,1,7
2017220179423,2,9,0,16,0,0,0,0,0,0,1,1,2,1,69,10,1997,2,9,4,3,4
2017220179476,1,98,1,9,0,6,0,0,0,0,3,1,1,1,53,8,-1,-1,-1,-1,-1,-1
2017220179476,2,9,0,18,0,1,0,0,0,0,1,1,6,1,31,6,2993,2,2,4,3,4
2017220179477,1,9,0,17,0,1,0,10,1,11,1,1,5,2,22,5,1332,1,7,2,1,2
2017220179480,1,21,1,11,0,0,0,0,0,0,4,1,1,1,69,10,12777,2,5,10,1,10
2017220179480,2,9,0,18,0,0,0,0,0,0,3,1,2,1,35,6,1598,1,11,-1,-1,-1
2017220179505,1,9,0,18,0,0,0,0,0,0,1,1,5,2,53,8,1360,1,10,4,3,4
2017220179511,1,19,0,3,0,0,0,0,0,0,2,1,1,1,39,7,1598,2,1,2,1,2
2017220179511,2,9,0,3,0,0,0,0,0,0,2,1,1,1,49,8,1968,2,3,10,1,10
2017220179511,3,9,0,18,0,0,0,0,0,0,1,1,1,1,66,10,2494,8,1,9,2,9
2017220179528,1,9,0,5,0,8,1,0,0,0,4,1,5,1,24,5,1596,1,3,2,3,2
2017220179528,2,98,0,18,0,4,0,0,0,0,1,1,1,1,35,6,-1,-1,-1,7,1,7
2017220179533,1,9,0,18,0,8,0,0,0,0,4,1,5,2,31,6,1997,2,4,8,3,8
2017220179533,2,1,0,9,0,6,0,0,0,0,1,1,5,1,15,3,-1,-1,-1,10,1,10
2017220179547,1,9,0,13,0,0,0,0,0,0,0,1,2,1,25,5,1968,2,12,5,3,5
2017220179547,2,19,0,18,0,0,1,0,1,0,1,1,6,1,44,7,1998,2,14,4,3,4
2017220179549,1,9,0,9,0,1,0,0,0,0,3,1,6,1,55,8,2191,2,1,-1,2,-1