Accident_Index,Vehicle_Reference,Vehicle_Type,Towing_and_Articulation,Vehicle_Manoeuvre,Vehicle_Location-Restricted_Lane,Junction_Location,Skidding_and_Overturning,Hit_Object_in_Carriageway,Vehicle_Leaving_Carriageway,Hit_Object_off_Carriageway,1st_Point_of_Impact,Was_Vehicle_Left_Hand_Drive?,Journey_Purpose_of_Driver,Sex_of_Driver,Age_of_Driver,Age_Band_of_Driver,Engine_Capacity_(CC),Propulsion_Code,Age_of_Vehicle,Driver_IMD_Decile,Driver_Home_Area_Type,Vehicle_IMD_Decile
2017220179549,2,5,0,18,0,1,2,0,0,0,1,1,6,1,51,8,-1,-1,-1,4,1,4
2017220179560,1,9,0,4,0,0,0,0,0,0,1,1,5,2,36,7,1798,1,14,-1,-1,-1
2017220179560,2,9,0,3,0,0,0,0,0,0,2,1,5,1,26,6,1240,1,13,-1,-1,-1
2017220179560,3,9,0,3,0,0,0,0,0,0,2,1,5,1,77,11,1598,1,3,-1,-1,-1
2017220179566,1,9,0,18,0,0,2,0,1,3,1,1,5,1,19,4,1598,1,12,7,2,7
2017220179569,1,9,0,18,0,0,0,0,0,0,3,1,6,2,73,10,1596,1,16,7,1,7
2017220179569,2,8,0,18,0,0,0,0,0,0,3,1,1,1,58,9,1686,2,5,3,1,3
2017220179580,1,3,0,13,0,1,1,0,0,0,1,1,5,1,26,6,125,1,12,3,1,3
2017220179580,2,9,0,9,0,8,0,0,0,0,2,1,5,2,56,9,1461,2,6,4,1,4
2017220179585,1,8,0,13,0,0,0,0,0,0,4,1,6,3,45,7,-1,-1,-1,-1,-1,-1
2017220179585,2,16,0,18,0,0,0,0,0,0,3,1,5,2,51,8,-1,-1,-1,9,3,9
2017220179609,1,21,0,18,0,1,0,0,0,0,1,1,1,1,46,8,4461,2,9,5,1,5
2017220179609,2,19,0,4,0,1,0,0,1,0,2,1,1,1,36,7,1560,2,2,6,3,6
2017220179609,3,19,0,18,0,1,0,0,1,0,2,1,1,1,65,9,1560,2,1,9,1,9
2017220179609,4,9,0,9,0,1,0,0,0,0,0,1,5,2,53,8,2231,2,6,7,3,7
2017220179687,1,9,0,4,0,1,0,0,0,0,1,1,5,1,52,8,1998,2,10,4,1,4
2017220179687,2,9,0,4,0,1,0,0,0,0,2,1,5,1,34,6,2993,2,12,-1,-1,-1
2017220179692,1,9,0,5,0,1,0,0,0,0,1,1,5,1,31,6,998,1,3,4,2,4
2017220179692,2,9,0,3,0,1,0,0,0,0,0,1,5,1,22,5,1596,1,6,6,3,6
2017220179751,1,5,0,13,0,8,1,0,7,11,1,1,5,1,67,10,998,1,10,5,1,5
2017220179751,2,19,0,6,0,8,0,0,0,0,3,1,5,1,43,7,1968,2,-1,2,1,2
2017220179820,1,9,0,18,0,8,0,10,1,1,1,1,5,1,34,6,1598,2,6,3,1,3
2017220180023,1,3,0,16,0,0,1,0,0,0,3,1,5,2,18,4,124,1,4,8,3,8
2017220180096,1,9,0,18,0,0,0,4,0,0,1,1,6,1,42,7,1997,2,15,3,1,3
2017220180096,2,9,0,2,0,0,0,0,7,0,4,1,5,1,54,8,-1,-1,-1,1,1,1
2017220180195,1,9,0,18,0,0,1,0,0,0,1,1,1,1,54,8,1968,2,2,-1,1,-1
2017220180195,2,21,1,18,0,0,0,0,0,0,2,1,1,1,56,9,10677,2,2,9,3,9
2017220180195,3,9,0,18,0,0,0,0,0,0,2,1,1,1,59,9,1995,2,4,10,1,10
2017220180195,4,9,0,18,0,0,0,0,0,0,1,1,1,1,57,9,1968,2,1,-1,2,-1
2017220180206,1,9,0,18,0,0,0,0,0,0,1,1,6,1,37,7,2993,2,13,-1,-1,-1
2017220180206,2,9,0,3,0,0,0,0,0,0,2,1,6,1,40,7,1968,2,3,8,3,8
2017220180334,1,21,1,18,0,0,2,0,2,9,4,1,1,1,49,8,12740,2,6,8,2,8
2017220180360,1,9,0,18,0,0,0,0,0,0,3,1,5,1,66,10,-1,-1,-1,7,3,7
2017220180426,1,9,0,9,0,6,1,0,0,0,3,1,5,1,19,4,-1,-1,-1,4,1,4
2017220180426,2,1,0,18,0,1,0,0,0,0,3,1,5,1,13,3,-1,-1,-1,6,1,6
2017220180446,1,9,0,9,0,0,0,0,0,0,1,1,6,1,62,9,1799,1,8,2,1,2
2017220180446,2,1,0,18,4,0,0,0,0,0,4,1,1,1,62,9,-1,-1,-1,2,1,2
2017220180458,1,9,0,6,0,8,0,0,0,0,4,1,5,1,23,5,2143,2,1,9,2,9
2017220180458,2,11,0,16,0,8,0,0,0,0,1,1,1,1,34,6,6700,2,9,-1,3,-1
2017220180464,1,1,0,17,0,8,0,0,0,0,1,1,5,1,28,6,-1,-1,-1,10,1,10
2017220180464,2,9,0,13,0,3,0,0,0,0,4,1,5,2,57,9,-1,-1,-1,7,1,7
2017220180465,1,9,0,4,0,0,0,0,0,0,2,1,5,1,77,11,1197,1,3,10,1,10
2017220180465,2,9,0,18,0,0,0,0,0,0,1,1,5,1,78,11,1560,2,4,4,2,4
2017220180465,3,9,0,18,0,0,0,0,0,0,1,1,5,1,53,8,1461,2,6,5,3,5
2017220180465,4,9,0,18,0,0,0,0,0,0,1,1,5,1,63,9,1968,2,6,9,1,9
2017220180465,5,19,0,18,0,0,0,0,0,0,1,1,5,1,58,9,2198,2,2,5,3,5
2017220180465,6,19,0,18,0,0,0,0,0,0,1,1,5,1,42,7,2198,2,1,7,3,7
2017220180681,1,9,0,9,0,6,0,0,0,0,1,1,5,1,26,6,1124,1,13,8,1,8
2017220180692,1,9,0,18,0,0,0,0,0,0,1,1,1,2,37,7,1956,2,3,2,1,2
2017220180692,2,9,0,18,0,0,0,0,0,0,2,1,1,2,49,8,998,1,4,3,1,3
2017220180692,3,9,0,18,0,0,0,0,0,0,3,1,1,1,73,10,1798,1,6,1,1,1
2017220180692,4,9,0,18,0,0,0,0,0,0,2,1,1,1,30,6,1399,1,1,5,3,5
2017220180692,5,9,0,18,0,0,0,0,0,0,2,1,1,1,32,6,1248,1,3,7,1,7
2017220180715,1,9,0,3,0,1,0,0,0,0,2,1,5,1,44,7,1461,2,4,4,3,4
2017220180715,2,9,0,4,0,1,0,0,0,0,1,1,5,1,63,9,1896,2,9,5,3,5
2017220180813,1,5,0,9,0,5,0,10,1,10,2,1,5,1,55,8,999,1,8,6,3,6
2017220180813,2,9,0,9,0,6,0,0,0,0,1,1,5,1,32,6,1596,1,6,5,2,5
2017220180856,1,2,0,18,0,1,0,0,0,0,2,1,6,1,40,7,49,1,17,3,1,3
2017220180856,2,9,0,18,0,1,0,0,0,0,1,1,6,2,40,7,1896,2,10,5,3,5
2017220180856,3,9,0,2,0,1,0,0,0,0,3,1,6,1,45,7,1560,2,9,7,1,7
2017220180856,4,9,0,2,0,1,0,0,0,0,3,1,6,1,47,8,1686,2,13,-1,2,-1
2017220180884,1,9,0,18,0,0,0,0,0,0,1,1,5,2,51,8,2999,2,14,8,3,8
2017220180946,1,9,0,4,0,0,0,0,0,0,2,1,5,2,45,7,1242,1,4,4,1,4
2017220180946,2,9,0,18,0,0,0,0,0,0,1,1,6,2,42,7,1398,2,14,4,2,4
2017220181013,1,9,0,18,0,3,0,0,0,0,3,1,5,1,20,4,-1,-1,-1,1,1,1
2017220181013,2,9,0,11,0,3,0,0,7,0,4,1,5,1,56,9,1598,1,12,8,1,8
2017220181043,1,9,0,17,0,0,2,4,1,11,1,1,6,1,31,6,-1,-1,-1,-1,3,-1
2017220181043,2,9,0,2,9,0,0,0,0,0,3,1,6,1,42,7,2488,1,9,4,3,4
2017220181045,1,9,0,9,0,8,0,0,0,0,1,1,5,1,32,6,-1,-1,-1,6,2,6
2017220181045,2,1,0,7,0,4,0,0,0,0,2,1,2,2,35,6,-1,-1,-1,4,1,4
2017220181055,1,9,0,9,0,5,0,0,0,0,4,1,5,1,76,11,1197,1,-1,5,3,5
2017220181055,2,5,0,17,0,8,0,0,0,0,1,1,5,1,36,7,-1,-1,-1,-1,-1,-1
2017220181100,1,9,0,13,0,0,0,0,0,0,1,1,5,1,27,6,1598,1,13,2,1,2
2017220181100,2,9,0,18,0,0,0,0,0,0,1,1,5,1,20,4,1395,1,-1,4,1,4
2017220181100,3,21,1,18,0,0,0,0,0,0,1,1,1,1,60,9,10837,2,3,5,3,5
2017220181100,4,21,1,18,0,0,0,0,0,0,3,1,1,1,55,8,12777,2,4,6,1,6
2017220181204,1,9,0,13,0,8,0,0,0,0,1,1,1,1,54,8,1560,2,4,6,1,6
2017220181204,2,9,0,18,0,8,0,0,0,0,3,1,1,1,50,8,1596,1,4,6,1,6
2017220181239,1,9,0,17,0,1,1,0,1,4,1,1,6,1,23,5,1984,1,23,-1,-1,-1
2017220181276,1,9,0,9,0,6,0,0,0,0,1,1,6,1,32,6,1240,1,13,4,2,4
2017220181276,2,9,0,18,0,8,0,0,0,0,4,1,6,2,63,9,1061,1,12,1,1,1
2017220181583,1,9,0,18,0,5,0,0,0,0,3,1,5,1,42,7,2477,2,17,-1,3,-1
2017220181583,2,1,0,9,0,5,1,0,0,0,1,1,5,2,18,4,-1,-1,-1,6,1,6
2017220181588,1,9,0,16,0,1,0,0,8,7,1,1,5,1,21,5,1242,1,1,3,1,3
2017220181646,1,9,0,4,0,0,1,0,7,0,3,1,6,1,32,6,1395,1,1,5,1,5
2017220181646,2,9,0,4,0,0,0,0,0,0,0,1,1,1,43,7,-1,-1,-1,-1,-1,-1
2017220181682,1,9,0,7,0,5,1,0,1,10,1,1,5,2,19,4,998,1,2,-1,-1,-1
2017220181716,1,9,0,4,0,4,0,0,0,0,2,1,5,1,64,9,1998,1,17,8,1,8
2017220181716,2,9,0,5,0,4,0,0,0,0,1,1,5,1,62,9,-1,-1,-1,6,3,6
2017220181726,1,9,0,4,0,8,0,0,0,0,2,1,5,1,32,6,1299,1,15,2,1,2
2017220181726,2,9,0,18,0,8,0,0,0,0,1,1,6,2,-1,-1,1248,1,1,4,1,4
2017220181726,3,9,0,18,0,8,0,0,0,0,1,1,6,2,59,9,998,1,12,5,1,5
2017220181726,4,9,0,18,0,8,0,0,0,0,1,1,6,2,48,8,1388,1,13,8,1,8
2017220181734,1,9,0,18,0,0,5,0,2,10,1,1,6,1,51,8,2495,2,21,5,3,5
2017220181747,1,9,0,18,0,2,0,0,0,0,1,1,2,2,54,8,3311,8,10,10,1,10
2017220181755,1,9,0,9,0,8,0,10,1,10,1,1,5,2,79,11,1796,1,9,8,3,8
2017220181776,1,9,0,18,0,2,0,0,0,0,1,1,6,2,21,5,1199,1,13,8,1,8
2017220181802,1,21,0,16,0,8,0,0,0,0,3,1,1,1,43,7,4462,2,3,5,1,5
2017220181802,2,98,0,17,0,8,0,0,0,0,3,1,1,3,34,6,-1,-1,-1,-1,-1,-1
2017220181839,1,9,0,9,0,5,0,0,0,0,1,1,5,2,47,8,1242,1,3,6,1,6
2017220181839,2,9,0,18,0,8,0,0,0,0,1,1,5,1,60,9,1998,2,13,9,1,9
2017220181839,3,9,0,10,0,1,0,0,0,0,1,1,5,1,28,6,1198,1,3,-1,-1,-1
2017220181866,1,9,0,5,0,0,0,0,0,0,2,1,5,2,23,5,-1,-1,-1,3,1,3
2017220181866,2,3,0,5,0,0,0,0,0,0,1,1,5,1,20,4,124,1,2,2,1,2
2017220181869,1,9,0,12,0,0,0,0,0,0,0,1,2,1,31,6,1968,2,5,6,1,6
2017220181869,2,9,0,4,0,0,0,0,0,0,0,1,2,1,54,8,1248,1,1,-1,-1,-1
2017220181870,1,9,0,13,0,0,0,0,0,0,3,1,5,1,33,6,2171,2,14,6,3,6
2017220181870,2,9,0,18,0,0,0,0,0,0,3,1,6,3,34,6,-1,-1,-1,-1,-1,-1
2017220181888,1,9,0,6,0,8,0,0,0,0,1,1,1,1,54,8,998,1,3,8,1,8
2017220181888,2,1,0,18,0,8,0,0,0,0,2,1,5,1,53,8,-1,-1,-1,-1,1,-1
2017220181894,1,19,0,18,0,0,1,0,0,0,1,1,1,1,29,6,1998,2,13,2,1,2
2017220181894,2,9,0,4,0,0,0,0,0,0,2,1,5,2,52,8,1582,2,7,7,1,7
2017220181984,1,9,0,18,0,4,0,0,0,0,1,1,2,2,45,7,1995,1,9,7,1,7
2017220181984,2,1,0,9,0,8,0,0,0,0,2,1,2,1,53,8,-1,-1,-1,7,1,7
2017220182197,1,9,0,4,0,1,0,0,0,0,4,1,1,2,40,7,1248,2,2,6,2,6
2017220182197,2,1,0,18,0,6,0,0,0,0,1,1,5,1,12,3,-1,-1,-1,6,2,6
2017220182206,1,9,0,3,0,0,0,0,0,0,2,1,2,2,39,7,-1,-1,-1,5,3,5
2017220182206,2,9,0,18,0,0,0,0,0,0,1,1,6,2,28,6,1685,2,4,6,2,6
2017220182224,1,9,0,18,0,0,0,0,0,0,1,1,6,3,25,5,-1,-1,-1,-1,-1,-1
2017220182281,1,9,0,17,0,0,0,0,2,10,1,1,5,2,24,5,1364,1,11,4,1,4
2017220182342,1,9,0,13,0,0,0,0,0,0,1,1,6,3,34,6,-1,-1,-1,-1,-1,-1
2017220182342,2,1,0,18,0,0,0,0,0,0,2,1,4,1,16,4,-1,-1,-1,4,1,4
2017220182399,1,9,0,18,0,0,0,0,0,0,1,1,5,1,34,6,1896,2,7,-1,-1,-1
2017220182399,2,9,0,1,0,0,0,0,0,0,2,1,6,1,40,7,1199,1,15,-1,-1,-1
2017220182500,1,9,0,18,0,8,0,0,0,0,1,1,5,2,20,4,1360,1,12,5,1,5
2017220182500,2,9,0,18,0,6,0,0,0,0,1,1,5,2,47,8,1229,1,5,5,1,5
2017220182581,1,9,0,18,0,0,0,0,0,0,3,1,5,2,24,5,996,1,4,5,1,5
2017220182581,2,1,0,18,0,0,0,0,0,0,1,1,5,1,14,3,-1,-1,-1,2,1,2
2017220182597,1,5,0,13,0,0,0,10,4,6,1,1,5,1,68,10,782,1,14,2,1,2
2017220182614,1,9,0,9,0,3,0,0,0,0,4,1,6,3,34,6,-1,-1,-1,-1,-1,-1
2017220182614,2,1,0,7,0,3,0,0,0,0,3,1,5,1,30,6,-1,-1,-1,5,3,5
2017220182621,1,9,0,18,0,0,0,0,7,0,3,1,1,1,55,8,2494,2,2,-1,-1,-1
2017220182622,1,9,0,5,0,0,0,0,0,0,1,1,6,2,21,5,1360,1,11,-1,-1,-1
2017220182622,2,1,0,18,0,0,0,0,0,0,2,1,6,1,20,4,-1,-1,-1,2,1,2
2017220182808,1,9,0,5,0,4,0,0,0,0,2,1,5,1,51,8,1995,2,13,4,3,4
2017220182808,2,98,0,5,0,4,0,0,0,0,1,2,6,1,34,6,-1,-1,-1,-1,-1,-1
2017220182830,1,8,0,1,0,1,0,0,0,0,2,1,1,1,37,7,-1,-1,-1,-1,-1,-1
2017220182830,2,2,0,2,0,1,0,0,0,0,3,1,5,2,18,4,49,1,7,-1,-1,-1
2017220183016,1,9,0,18,0,1,0,0,0,0,1,1,6,1,18,4,998,1,1,10,2,10
2017220183016,2,9,0,10,0,8,0,0,0,0,2,1,6,2,30,6,1997,2,5,2,1,2
2017220183170,1,19,0,8,0,1,0,0,0,0,1,1,6,3,50,8,2148,2,9,-1,-1,-1
2017220183170,2,9,0,8,0,1,0,0,0,0,2,1,1,1,55,8,1461,2,2,1,1,1
2017220183186,1,9,0,16,0,0,0,0,0,0,1,1,6,1,26,6,1896,2,13,-1,-1,-1
2017220183186,2,9,0,17,0,0,0,0,1,0,1,1,6,1,48,8,1995,2,2,4,3,4
2017220183258,1,9,0,18,0,0,2,0,1,4,1,1,5,2,57,9,1248,2,13,5,3,5
2017220183267,1,9,0,4,0,8,0,0,0,0,1,1,5,1,48,8,2993,2,8,5,1,5
2017220183317,1,9,0,5,0,6,0,0,0,0,1,1,5,2,63,9,1598,2,4,4,3,4
2017220183317,2,9,0,17,0,8,0,0,0,0,1,1,5,2,72,10,1388,1,6,8,1,8
2017220183344,1,9,0,4,0,1,0,0,0,0,1,1,6,2,24,5,1587,1,12,-1,-1,-1
2017220183344,2,9,0,8,0,1,0,0,0,0,2,1,5,2,22,5,1199,1,14,-1,-1,-1
2017220183444,1,9,0,9,0,6,0,0,0,0,1,1,5,2,33,6,1390,1,15,4,1,4
2017220183444,2,9,0,18,0,8,0,0,0,0,1,1,5,2,33,6,1200,1,2,4,1,4
2017220183548,1,19,0,2,0,0,0,0,0,0,0,1,1,1,24,5,2143,2,1,2,1,2
2017220183548,2,9,0,18,0,0,0,0,0,0,1,1,6,2,75,10,-1,-1,-1,-1,-1,-1
2017220183607,1,9,0,9,0,5,0,0,0,0,1,1,6,3,34,6,-1,-1,-1,-1,-1,-1
2017220183607,2,1,0,18,0,8,0,0,0,0,1,1,5,1,40,7,-1,-1,-1,-1,-1,-1
2017220183931,1,2,0,16,0,0,0,10,1,10,1,1,5,1,16,4,49,1,3,4,3,4
2017220184129,1,9,0,17,0,0,1,10,2,4,3,1,5,1,16,4,1362,1,5,5,1,5
2017220184143,1,9,0,17,0,8,0,0,0,0,1,1,5,2,25,5,1197,1,2,-1,2,-1
2017220184143,2,9,0,16,0,8,0,0,0,0,1,1,6,1,55,8,2488,1,14,4,3,4
2017220184172,1,9,0,7,9,6,0,10,0,0,4,1,6,3,34,6,-1,-1,-1,-1,-1,-1
2017220184199,1,9,0,7,5,6,0,0,0,0,4,1,3,1,42,7,2179,2,8,4,1,4
2017220184199,2,1,0,18,5,8,0,0,0,0,1,1,2,2,59,9,-1,-1,-1,4,2,4
2017220184243,1,9,0,18,0,4,0,0,0,0,1,1,1,2,51,8,1598,1,17,3,1,3
2017220184243,2,9,0,18,0,8,0,0,0,0,4,1,5,1,29,6,1686,2,11,10,1,10
2017220184250,1,9,0,17,0,0,0,0,1,11,1,1,5,2,24,5,1149,1,13,2,1,2
2017220184269,1,9,0,16,9,8,0,0,0,0,4,1,6,3,34,6,-1,-1,-1,-1,-1,-1
2017220184436,1,9,0,18,0,1,0,0,0,0,1,1,6,1,39,7,1560,2,12,2,1,2
2017220184436,2,9,0,8,0,1,0,0,0,0,2,1,6,2,26,6,1197,1,3,1,1,1
2017220184554,1,98,0,18,0,0,2,10,5,6,1,1,2,1,31,6,-1,-1,-1,1,1,1
2017220184614,1,9,0,9,0,6,0,0,0,0,1,1,2,2,42,7,1598,1,12,8,2,8
2017220184614,2,9,0,14,0,1,0,0,0,0,1,1,5,2,23,5,1995,2,9,6,1,6
2017220184621,1,9,0,6,0,0,0,0,0,0,3,1,5,1,49,8,1999,2,-1,-1,3,-1
2017220184621,2,5,0,14,0,0,0,0,0,0,1,1,5,1,35,6,1352,1,7,5,3,5
2017220184632,1,10,0,5,0,1,0,0,0,0,2,1,1,1,-1,-1,2999,2,5,7,1,7
2017220184632,2,2,0,10,0,8,0,0,0,0,1,1,6,2,47,8,847,1,2,8,1,8
2017220184637,1,2,0,12,0,0,0,0,0,0,3,1,2,2,17,4,49,1,7,6,3,6
2017220184637,2,9,0,13,0,0,0,0,0,0,4,1,5,2,87,11,1399,2,13,5,3,5
2017220184659,1,9,0,18,0,1,0,0,0,0,1,1,6,1,55,8,2995,1,-1,8,3,8
2017220184659,2,9,0,10,0,1,0,0,0,0,2,1,6,1,54,8,1598,1,7,10,1,10
2017220184760,1,9,0,9,0,6,0,0,0,0,0,1,5,1,77,11,1598,2,1,4,3,4
2017220184760,2,3,0,18,0,1,1,0,0,0,4,1,5,1,26,6,125,1,1,4,2,4
2017220184787,1,21,0,9,0,5,0,0,0,0,4,1,1,1,48,8,12900,2,9,6,1,6
2017220184787,2,2,0,18,0,1,0,0,0,0,1,1,6,1,17,4,50,1,3,1,1,1
2017220184808,1,9,0,4,0,0,0,0,0,0,4,1,5,2,44,7,-1,-1,-1,1,1,1
2017220184849,1,1,0,18,0,0,0,4,0,0,1,1,5,1,49,8,-1,-1,-1,10,1,10
2017220184849,2,9,0,2,0,0,0,0,0,0,2,1,5,1,54,8,1242,1,1,9,1,9
2017220184864,1,9,0,14,0,0,0,0,0,0,4,1,6,1,-1,-1,1597,1,15,-1,-1,-1
2017220184879,1,9,0,16,0,0,0,0,0,0,1,1,5,2,19,4,998,1,12,5,3,5
2017220184879,2,9,0,17,0,0,0,0,0,0,1,1,3,1,38,7,1998,2,16,5,3,5
2017220184959,1,9,0,18,0,0,0,0,0,0,1,1,5,1,27,6,1896,2,13,5,1,5
2017220184959,2,17,4,18,0,0,0,0,0,0,2,1,1,1,23,5,-1,2,21,7,3,7
2017220185131,1,9,0,9,0,2,0,0,0,0,3,1,6,2,80,11,1596,1,15,9,2,9
2017220185131,2,5,0,18,0,8,0,0,0,0,1,1,6,1,54,8,781,1,17,7,3,7
2017220185216,1,9,0,18,0,1,0,0,0,0,3,1,2,2,57,9,1598,1,14,8,2,8
2017220185216,2,9,0,9,0,6,0,0,0,0,3,1,5,1,63,9,2494,8,2,6,1,6
2017220185285,1,9,0,14,0,1,5,0,7,10,1,1,5,1,65,9,1461,2,4,4,3,4
2017220185285,2,9,0,9,0,1,0,0,0,0,3,1,5,2,30,6,1896,2,14,4,3,4
2017220185351,1,9,0,9,0,6,0,0,0,0,3,1,5,2,66,10,1198,1,1,3,1,3
2017220185351,2,3,0,18,0,1,0,0,0,0,1,1,5,1,30,6,124,1,-1,6,1,6
2017220185410,1,9,0,18,0,0,0,0,0,0,1,1,5,2,88,11,1339,1,8,8,3,8
2017220185410,2,9,0,18,0,0,0,0,7,0,1,1,2,1,42,7,1598,1,14,8,1,8
2017220185413,1,1,0,18,0,6,0,0,0,0,3,1,2,2,19,4,-1,-1,-1,3,1,3
2017220185413,2,9,0,7,0,6,0,0,0,0,1,1,5,1,64,9,1975,1,12,4,2,4
2017220185488,1,19,0,18,0,0,0,0,0,0,4,1,6,3,35,6,1998,2,12,-1,-1,-1
2017220185559,1,3,0,18,0,1,0,0,0,0,1,1,5,1,18,4,124,1,21,5,3,5
2017220185559,2,9,0,9,0,5,0,0,0,0,4,1,5,2,36,7,1968,2,6,5,3,5
2017220185941,1,9,0,18,0,0,0,0,0,0,1,1,6,1,41,7,1598,1,16,1,1,1
2017220185941,2,9,0,3,0,0,0,0,0,0,2,1,5,2,19,4,1496,1,1,3,1,3
2017220185944,1,9,0,7,9,6,0,0,0,0,1,1,6,2,-1,-1,1999,2,1,6,3,6
2017220186052,1,9,0,18,0,0,0,0,0,0,0,1,5,1,85,11,2995,1,12,9,1,9
2017220186055,1,9,0,18,0,1,0,0,0,0,1,1,5,1,29,6,2184,2,8,3,1,3
2017220186064,1,9,0,5,0,5,0,0,0,0,4,1,5,2,34,6,1397,1,8,6,1,6
2017220186064,2,5,0,18,0,1,0,0,0,0,1,1,6,1,62,9,955,1,11,8,1,8
2017220186071,1,5,0,9,0,5,0,0,0,0,4,1,5,1,56,9,1202,1,1,-1,1,-1
2017220186071,2,9,0,18,0,1,0,0,0,0,1,1,5,2,46,8,1229,1,11,-1,3,-1
2017220186077,1,9,0,18,0,0,1,0,0,0,1,1,6,2,23,5,1595,1,11,2,1,2
2017220186077,2,9,0,18,0,0,0,0,1,0,1,1,6,1,19,4,999,1,1,10,1,10
2017220186077,3,9,0,18,0,0,0,0,0,0,1,1,6,2,48,8,1796,1,9,4,1,4
2017220186088,1,9,0,17,0,0,0,0,1,4,1,1,6,1,28,6,-1,-1,-1,9,1,9
2017220186092,1,9,0,5,9,0,0,0,0,0,1,1,5,2,28,6,998,1,12,-1,-1,-1
2017220186118,1,3,0,18,0,1,0,4,3,0,1,1,5,1,26,6,125,1,1,4,1,4
2017220186118,2,1,0,18,0,1,0,0,0,0,3,1,5,1,57,9,-1,-1,-1,10,1,10
2017220186118,3,19,0,2,0,2,0,0,0,0,3,1,5,1,40,7,1896,2,19,-1,-1,-1
2017220186120,1,3,0,18,0,0,2,0,1,0,1,1,5,1,23,5,125,1,11,2,1,2
2017220186171,1,9,0,9,0,5,0,0,0,0,1,1,5,2,78,11,2204,2,9,2,1,2
2017220186171,2,4,0,18,0,8,1,0,0,0,1,1,5,1,59,9,500,1,51,-1,-1,-1
2017220186171,3,9,0,4,0,1,0,0,0,0,3,1,5,2,17,4,1299,1,15,5,3,5
2017220186175,1,8,0,9,0,5,0,0,0,0,1,1,1,3,34,6,-1,-1,-1,-1,-1,-1
2017220186182,1,9,0,18,0,0,0,0,0,0,1,1,5,1,45,7,1995,2,6,5,1,5
2017220186182,2,9,0,18,0,0,0,0,0,0,1,1,5,2,28,6,1598,1,6,8,1,8
2017220186190,1,9,0,9,0,1,0,0,0,0,1,1,5,1,29,6,1248,1,4,-1,-1,-1
2017220186201,1,9,0,3,0,1,0,0,0,0,4,1,5,1,22,5,1388,1,7,9,1,9
2017220186201,2,1,0,18,0,6,0,0,0,0,1,1,5,1,12,3,-1,-1,-1,9,1,9
2017220186205,1,9,0,18,0,1,0,0,0,0,1,1,6,2,64,9,1998,8,1,10,1,10
2017220186205,2,9,0,3,0,1,0,0,0,0,2,1,5,1,35,6,1910,2,9,-1,-1,-1
2017220186466,1,9,0,18,0,6,5,0,1,0,3,1,5,1,83,11,1968,2,-1,4,3,4
2017220186466,2,19,0,18,0,8,1,0,7,0,1,1,1,1,62,9,1560,2,10,-1,-1,-1
2017220186532,1,9,0,2,0,0,0,0,0,0,2,1,6,2,32,6,1560,2,4,3,1,3
2017220186532,2,9,0,17,0,0,0,4,0,0,1,1,5,2,79,11,1242,1,13,5,1,5
2017220186548,1,9,0,14,0,0,0,0,0,0,3,1,6,1,75,10,3200,2,3,-1,-1,-1
2017220186548,2,16,0,3,0,0,0,0,0,0,3,1,5,2,20,4,-1,-1,-1,-1,-1,-1
2017220186564,1,9,0,14,0,1,0,0,0,0,1,1,5,1,35,6,1999,1,11,5,1,5
2017220186564,2,9,0,9,0,5,0,0,0,0,3,1,5,1,29,6,1997,2,5,5,1,5
2017220186569,1,90,0,13,0,0,0,0,0,0,1,1,5,1,19,4,-1,-1,-1,4,3,4
2017220186569,2,1,0,18,0,0,0,0,0,0,1,1,5,1,13,3,-1,-1,-1,5,1,5
2017220186640,1,9,0,18,0,0,0,0,0,0,2,1,5,1,41,7,2204,2,7,8,1,8
2017220186649,1,9,0,13,0,0,5,0,0,0,1,1,5,1,21,5,1272,1,27,7,1,7
2017220186649,2,9,0,18,0,0,0,0,0,0,3,1,5,1,20,4,1598,1,20,9,2,9
2017220186720,1,9,0,18,0,0,0,0,0,0,0,1,6,3,35,6,-1,-1,-1,-1,-1,-1
2017220186720,2,1,0,18,0,0,0,10,0,0,4,1,5,1,18,4,-1,-1,-1,9,1,9
2017220186721,1,9,0,18,0,0,0,0,0,0,1,1,6,1,39,7,1997,2,11,3,1,3
2017220186721,2,9,0,4,0,0,0,0,0,0,2,1,3,1,42,7,1598,2,5,8,1,8
2017220186721,3,9,0,4,0,0,0,0,0,0,2,1,6,1,50,8,2967,2,2,4,3,4
2017220186799,1,9,0,18,0,0,5,0,7,4,1,1,6,1,84,11,1587,1,13,2,3,2
2017220186813,1,9,0,18,0,0,0,0,0,0,1,1,5,1,63,9,998,1,6,9,1,9
2017220186813,2,11,0,3,0,0,0,0,0,0,1,1,1,1,57,9,5900,2,9,1,1,1
2017220186862,1,9,0,14,0,2,0,0,0,0,1,1,6,2,45,7,1200,1,3,8,1,8
2017220186893,1,98,0,1,0,1,0,0,0,0,2,1,5,1,55,8,-1,-1,-1,9,1,9
2017220186906,1,9,0,18,0,0,0,0,0,0,4,1,3,2,49,8,1598,1,11,10,1,10
2017220186906,2,1,0,18,0,0,0,0,0,0,1,1,4,1,11,3,-1,-1,-1,7,1,7
2017220186915,1,9,0,17,0,0,0,0,8,1,3,1,5,2,27,6,1149,1,8,-1,-1,-1