Accident_Index,Vehicle_Reference,Vehicle_Type,Towing_and_Articulation,Vehicle_Manoeuvre,Vehicle_Location-Restricted_Lane,Junction_Location,Skidding_and_Overturning,Hit_Object_in_Carriageway,Vehicle_Leaving_Carriageway,Hit_Object_off_Carriageway,1st_Point_of_Impact,Was_Vehicle_Left_Hand_Drive?,Journey_Purpose_of_Driver,Sex_of_Driver,Age_of_Driver,Age_Band_of_Driver,Engine_Capacity_(CC),Propulsion_Code,Age_of_Vehicle,Driver_IMD_Decile,Driver_Home_Area_Type,Vehicle_IMD_Decile
2017220186935,1,9,0,18,0,0,0,0,0,0,3,1,1,1,43,7,2993,2,5,7,1,7
2017220186961,1,9,0,16,0,0,0,0,8,0,1,1,5,1,20,4,-1,-1,-1,5,1,5
2017220186961,2,9,0,17,0,0,0,0,0,0,1,1,5,1,33,6,2792,1,17,5,3,5
2017220187010,1,9,0,17,0,0,1,0,7,4,1,1,5,1,29,6,1596,1,15,9,1,9
2017220187187,1,9,0,17,0,0,0,0,0,0,3,1,6,2,36,7,1598,1,9,5,1,5
2017220187187,2,1,0,16,0,0,0,0,0,0,3,1,6,1,22,5,-1,-1,-1,7,1,7
2017220187238,1,9,0,18,0,0,1,4,0,0,1,1,2,1,28,6,1896,2,14,-1,-1,-1
2017220187238,2,9,0,2,6,0,0,4,0,0,2,1,6,1,75,10,1868,2,15,7,3,7
2017220187238,3,9,0,2,6,0,0,0,0,0,2,1,6,3,34,6,1590,1,15,-1,-1,-1
2017220187238,4,9,0,2,6,0,0,4,0,0,2,1,6,1,58,9,1796,1,10,3,1,3
2017220187238,5,9,0,2,6,0,0,0,0,0,2,1,6,1,55,8,1997,2,6,10,1,10
2017220187254,1,1,0,17,0,0,1,0,0,0,3,1,5,1,45,7,-1,-1,-1,9,1,9
2017220187269,1,9,0,17,0,1,0,0,2,10,4,1,5,1,26,6,1995,1,8,1,1,1
2017220187272,1,19,0,5,0,6,0,0,0,0,1,1,1,1,41,7,2198,2,4,10,1,10
2017220187272,2,9,0,18,0,8,0,0,0,0,1,1,5,1,29,6,1956,2,3,6,1,6
2017220187300,1,9,0,18,0,0,0,0,0,0,1,1,6,1,26,6,1598,2,3,-1,-1,-1
2017220187300,2,9,0,18,0,0,0,0,0,0,1,1,6,1,79,11,2953,2,10,7,3,7
2017220187300,3,9,0,2,0,0,0,0,0,0,1,1,6,2,57,9,-1,-1,-1,6,3,6
2017220187593,1,9,0,18,0,1,0,0,0,0,1,1,2,1,34,6,1998,1,24,6,3,6
2017220187594,1,2,0,9,0,6,0,0,0,0,2,1,5,2,19,4,50,1,4,2,1,2
2017220187594,2,9,0,16,0,8,0,0,0,0,1,1,5,1,55,8,2688,2,16,-1,3,-1
2017220187618,1,9,0,18,0,0,1,0,0,0,3,1,5,2,85,11,1198,1,6,8,1,8
2017220187618,2,9,0,18,0,0,1,0,4,6,4,1,1,1,55,8,1968,2,-1,7,3,7
2017220187640,1,9,0,9,0,5,0,0,0,0,3,1,5,1,39,7,1248,2,10,-1,-1,-1
2017220187640,2,4,0,13,0,8,0,0,0,0,1,1,5,1,59,9,124,1,12,1,1,1
2017220187652,1,9,0,18,0,0,1,0,0,0,0,1,6,3,34,6,-1,-1,-1,-1,-1,-1
2017220187652,2,9,0,18,0,0,2,0,5,6,3,1,5,1,44,7,1598,1,7,8,1,8
2017220187709,1,9,0,5,0,0,0,0,0,0,3,1,1,1,37,7,998,1,5,8,1,8
2017220187709,2,3,0,18,0,0,0,0,0,0,1,1,5,1,21,5,124,1,7,1,1,1
2017220187754,1,9,0,13,0,8,0,0,0,0,1,1,6,1,75,10,1199,1,3,10,1,10
2017220187754,2,1,0,9,0,5,0,0,0,0,3,1,5,1,57,9,-1,-1,-1,2,1,2
2017220187857,1,3,0,18,0,0,1,0,0,0,1,1,6,1,48,8,124,1,17,4,1,4
2017220187867,1,9,0,18,0,3,0,0,0,0,3,1,5,1,33,6,1998,1,13,9,1,9
2017220187867,2,9,0,18,0,4,0,0,1,0,3,1,5,2,78,11,1339,1,11,7,2,7
2017220187887,1,9,0,7,0,5,0,10,0,0,1,1,6,1,-1,-1,-1,-1,-1,1,1,1
2017220187887,2,19,0,7,0,5,0,0,0,0,4,1,5,1,47,8,2198,2,4,6,1,6
2017220187888,1,9,0,5,0,6,0,0,0,0,1,1,5,1,21,5,1398,1,15,8,1,8
2017220187888,2,3,0,18,0,1,0,0,0,0,1,1,6,1,25,5,-1,-1,-1,2,1,2
2017220187982,1,5,0,16,0,8,0,0,1,11,1,1,5,1,24,5,-1,-1,-1,-1,3,-1
2017220187982,2,9,0,9,0,6,0,0,0,0,3,1,5,2,61,9,1995,2,1,4,3,4
2017220187985,1,9,0,17,0,0,0,10,7,4,1,1,5,1,33,6,1968,2,1,7,1,7
2017220188030,1,9,0,4,0,0,0,0,0,0,2,1,5,1,66,10,2148,2,15,6,3,6
2017220188030,2,9,0,18,0,0,0,0,0,0,1,1,5,1,31,6,1896,2,16,-1,-1,-1
2017220188030,3,9,0,18,0,0,0,0,0,0,1,1,5,1,18,4,1229,1,3,6,2,6
2017220188036,1,9,0,18,0,1,0,0,0,0,1,1,5,1,28,6,1242,1,12,4,3,4
2017220188036,2,9,0,18,0,2,0,0,0,0,1,1,5,1,39,7,1398,1,6,-1,2,-1
2017220188092,1,9,0,18,0,0,0,0,7,11,3,1,2,1,60,9,1198,1,3,-1,-1,-1
2017220188118,1,9,0,4,0,1,0,0,0,0,2,1,5,2,48,8,1396,1,18,9,1,9
2017220188118,2,9,0,18,0,1,0,0,0,0,1,1,6,2,64,9,1995,2,5,10,1,10
2017220188118,3,9,0,3,0,1,0,0,0,0,2,1,6,1,53,8,2993,2,9,-1,-1,-1
2017220188163,1,9,0,18,0,1,0,0,0,0,1,1,6,1,41,7,1598,1,9,4,1,4
2017220188163,2,9,0,10,0,1,0,0,0,0,2,1,6,2,58,9,1968,2,1,10,1,10
2017220188171,1,9,0,9,0,5,1,0,1,1,4,1,5,2,39,7,1968,2,10,10,2,10
2017220188171,2,19,0,18,0,1,0,0,0,0,1,1,1,1,50,8,1560,2,7,4,1,4
2017220188197,1,3,0,18,0,8,0,0,0,0,1,1,6,2,63,9,115,1,2,5,2,5
2017220188197,2,9,0,5,0,4,0,0,0,0,3,1,6,1,51,8,2179,2,3,9,1,9
2017220188274,1,9,0,18,0,0,1,0,0,0,1,1,6,1,34,6,1910,2,9,10,1,10
2017220188274,2,9,0,4,0,0,0,0,0,0,1,1,5,1,57,9,1248,2,4,3,1,3
2017220188305,1,9,0,18,0,1,0,0,0,0,1,1,5,1,25,5,1596,1,8,7,1,7
2017220188305,2,1,0,18,0,6,0,0,0,0,4,1,5,1,15,3,-1,-1,-1,5,1,5
2017220188485,1,9,0,9,0,5,0,0,0,0,1,1,5,2,30,6,1870,2,11,2,1,2
2017220188485,2,1,0,17,0,8,0,0,0,0,1,1,5,1,40,7,-1,-1,-1,2,1,2
2017220188670,1,11,0,5,0,0,0,0,0,0,1,1,1,1,27,6,4250,2,14,2,1,2
2017220188670,2,9,0,3,0,0,0,0,0,0,2,1,5,1,46,8,1560,2,4,8,1,8
2017220188670,3,9,0,3,0,0,0,0,0,0,2,1,5,1,60,9,1332,1,5,-1,1,-1
2017220188676,1,9,0,9,0,5,0,0,0,0,3,1,6,1,36,7,-1,-1,-1,-1,-1,-1
2017220188676,2,9,0,7,0,6,0,0,0,0,3,1,2,2,21,5,1242,1,1,3,1,3
2017220188719,1,9,0,18,0,8,2,0,2,10,1,1,1,1,24,5,-1,-1,-1,6,2,6
2017220188719,2,9,0,3,0,8,0,0,0,0,4,1,2,1,48,8,2460,2,23,4,2,4
2017220188725,1,9,0,4,0,0,0,0,0,0,2,1,5,1,62,9,1560,2,6,6,3,6
2017220188725,2,1,0,18,0,0,0,0,0,0,1,1,5,1,68,10,-1,-1,-1,6,1,6
2017220188886,1,9,0,18,0,8,0,0,0,0,1,1,6,2,59,9,1275,1,24,10,1,10
2017220188886,2,9,0,9,0,5,0,0,0,0,1,1,6,2,21,5,1149,1,9,5,3,5
2017220188891,1,9,0,3,0,1,0,0,0,0,2,1,5,2,24,5,998,1,3,9,1,9
2017220188891,2,9,0,5,0,4,0,0,0,0,1,1,5,1,23,5,2198,2,10,4,1,4
2017220188943,1,9,0,17,0,8,0,0,0,0,1,1,1,2,29,6,1598,1,9,5,1,5
2017220188943,2,9,0,9,0,6,0,0,0,0,1,1,5,1,65,9,1995,2,13,-1,-1,-1
2017220189003,1,9,0,5,0,6,0,0,0,0,1,1,5,2,17,4,-1,-1,-1,4,1,4
2017220189003,2,9,0,18,0,8,0,0,0,0,1,1,2,2,53,8,1242,1,5,5,3,5
2017220189008,1,9,0,18,0,8,0,0,0,0,3,1,5,2,51,8,998,1,10,-1,-1,-1
2017220189008,2,1,0,18,0,6,0,0,0,0,1,1,6,1,11,3,-1,-1,-1,-1,-1,-1
2017220189015,1,9,0,17,0,0,0,0,0,0,4,1,6,1,36,7,1248,2,5,5,1,5
2017220189042,1,9,0,18,0,0,1,0,0,0,1,1,5,2,43,7,1461,2,2,7,1,7
2017220189042,2,9,0,18,0,0,1,0,0,0,1,1,5,1,45,7,1997,2,4,-1,-1,-1
2017220189093,1,9,0,9,0,5,0,0,0,0,1,1,5,1,45,7,1598,1,6,4,1,4
2017220189093,2,9,0,18,0,1,0,0,0,0,1,1,5,1,49,8,1584,1,11,4,2,4
2017220189107,1,9,0,18,0,0,0,0,0,0,1,1,5,1,24,5,2993,2,12,3,1,3
2017220189107,2,9,0,11,0,0,5,0,4,6,2,1,5,1,66,10,1560,2,1,1,1,1
2017220189148,1,9,0,14,0,0,0,0,0,0,3,1,5,2,47,8,1896,2,12,4,1,4
2017220189148,2,9,0,18,0,0,0,0,0,0,3,1,5,1,27,6,1248,2,5,3,1,3
2017220189387,1,9,0,9,0,6,0,0,0,0,3,1,6,2,51,8,1598,2,11,-1,-1,-1
2017220189387,2,9,0,18,0,1,0,0,0,0,1,1,6,2,26,6,1364,1,12,-1,-1,-1
2017220189434,1,9,0,18,0,0,0,0,0,0,1,1,6,3,-1,-1,2993,2,5,-1,-1,-1
2017220189434,2,9,0,3,0,0,0,0,0,0,3,1,6,1,38,7,1896,2,10,7,1,7
2017220189466,1,9,0,18,0,0,0,0,0,0,4,1,6,1,32,6,1422,2,9,-1,-1,-1
2017220189472,1,9,0,18,0,0,0,0,0,0,4,1,5,2,21,5,1200,1,4,10,1,10
2017220189472,2,1,0,18,0,0,0,0,0,0,3,1,5,1,46,8,-1,-1,-1,10,1,10
2017220189481,1,9,0,9,0,6,0,0,0,0,1,1,2,1,41,7,1997,2,13,5,1,5
2017220189481,2,3,0,18,0,8,0,0,0,0,1,1,2,1,20,4,125,1,1,8,1,8
2017220189499,1,3,0,17,0,0,0,0,2,0,4,1,5,1,30,6,124,1,10,2,2,2
2017220189751,1,11,0,2,0,0,0,0,0,0,4,1,1,1,34,6,-1,-1,-1,-1,-1,-1
2017220189841,1,9,0,12,0,0,0,0,0,0,3,1,1,1,64,9,1997,2,-1,6,1,6
2017220189841,2,21,1,11,0,0,0,0,0,0,1,1,1,1,34,6,12777,2,8,8,1,8
2017220189843,1,5,0,16,0,0,1,0,7,0,1,1,5,1,40,7,1352,1,11,5,1,5
2017220189843,2,9,0,17,0,0,0,0,0,0,1,1,5,1,50,8,1368,1,8,8,1,8
2017220189843,3,9,0,17,0,0,0,0,0,0,3,1,5,1,36,7,999,1,2,6,1,6
2017220189963,1,9,0,18,0,8,0,0,0,0,1,1,5,2,53,8,1390,1,10,9,1,9
2017220189963,2,9,0,9,0,6,0,0,0,0,3,1,5,1,70,10,1956,2,6,8,3,8
2017220189994,1,9,0,18,0,0,0,0,0,0,1,1,5,2,57,9,1968,2,5,7,1,7
2017220189994,2,9,0,3,0,0,0,0,0,0,2,1,1,1,42,7,1399,1,1,8,1,8
2017220189999,1,9,0,9,0,6,0,0,0,0,1,1,5,2,49,8,1396,1,17,4,1,4
2017220189999,2,23,0,18,0,8,0,0,0,0,1,1,1,1,46,8,-1,-1,-1,5,2,5
2017220190050,1,9,0,18,0,0,0,0,0,0,4,1,5,2,41,7,1587,1,17,6,3,6
2017220190050,2,1,0,15,0,0,0,0,0,0,1,1,5,1,35,6,-1,-1,-1,8,1,8
2017220190072,1,9,0,18,0,0,1,0,7,0,1,1,5,1,32,6,1242,1,18,5,1,5
2017220190149,1,19,0,8,0,1,0,0,0,0,2,1,5,2,49,8,1896,2,10,7,1,7
2017220190149,2,9,0,7,0,6,0,0,0,0,1,1,5,1,22,5,1753,2,9,-1,2,-1
2017220190205,1,3,0,4,0,8,1,0,0,0,3,1,5,1,86,11,125,1,7,7,1,7
2017220190226,1,9,0,18,0,8,0,0,1,11,1,1,5,1,57,9,4196,1,10,4,2,4
2017220190226,2,9,0,9,0,6,0,0,0,0,3,1,5,1,52,8,1868,2,15,-1,2,-1
2017220190239,1,9,0,16,0,0,2,0,7,3,1,1,2,1,29,6,1988,1,14,3,1,3
2017220190270,1,9,0,6,0,8,0,0,0,0,1,1,5,2,74,10,1999,1,7,8,3,8
2017220190270,2,3,0,18,0,1,0,0,0,0,1,1,5,1,17,4,125,1,3,7,3,7
2017220190270,3,9,0,2,0,1,0,0,0,0,3,1,5,2,25,5,1242,1,4,5,1,5
2017220190437,1,9,0,4,0,0,0,0,0,0,0,1,5,3,30,6,1296,1,10,-1,-1,-1
2017220190437,2,9,0,4,0,0,0,0,0,0,1,1,5,1,50,8,1991,1,15,1,1,1
2017220190437,3,9,0,4,0,0,0,0,0,0,2,1,2,2,22,5,-1,-1,-1,6,1,6
2017220190437,4,9,0,4,0,0,0,0,0,0,0,1,5,2,50,8,1998,1,1,10,3,10
2017220190469,1,3,0,5,0,6,1,0,0,0,3,1,5,2,23,5,125,1,1,7,3,7
2017220190480,1,9,0,7,0,4,0,0,0,0,1,1,6,2,77,11,-1,-1,-1,-1,-1,-1
2017220190480,2,98,0,4,0,1,0,0,0,0,2,1,1,1,44,7,-1,-1,-1,1,1,1
2017220190499,1,9,0,1,0,6,0,4,0,0,2,1,6,1,56,9,1995,2,4,-1,-1,-1
2017220190499,2,9,0,2,0,8,0,0,0,0,4,1,5,2,67,10,1560,2,6,8,1,8
2017220190500,1,9,0,18,0,0,0,0,0,0,4,1,1,1,34,6,-1,-1,-1,10,1,10
2017220190555,1,9,0,4,0,1,0,0,0,0,1,1,2,2,23,5,1391,1,15,2,1,2
2017220190555,2,9,0,4,0,1,0,0,0,0,2,1,6,1,24,5,-1,-1,-1,-1,-1,-1
2017220190568,1,9,0,18,0,0,0,0,1,11,1,1,5,1,32,6,2967,2,1,6,3,6
2017220190597,1,9,0,5,0,6,0,0,0,0,3,1,5,1,40,7,-1,-1,-1,4,3,4
2017220190597,2,1,0,18,0,8,1,0,0,0,1,1,5,1,46,8,-1,-1,-1,6,1,6
2017220190603,1,9,0,5,0,6,0,0,1,11,1,1,5,2,37,7,998,1,18,7,1,7
2017220190645,1,9,0,18,0,0,0,0,1,11,1,1,5,1,47,8,999,1,2,6,3,6
2017220190653,1,9,0,1,0,6,0,0,0,0,4,1,2,2,53,8,1248,2,3,10,1,10
2017220190653,2,5,0,16,0,8,0,0,1,11,1,1,2,1,51,8,599,1,7,-1,-1,-1
2017220190733,1,9,0,4,0,8,0,0,0,0,2,1,5,2,25,5,973,1,14,8,3,8
2017220190733,2,9,0,4,0,8,0,0,0,0,1,1,5,1,87,11,1461,2,14,6,1,6
2017220190745,1,9,0,18,0,0,0,4,0,0,1,1,5,1,71,10,1598,2,4,2,1,2
2017220190745,2,9,0,2,0,0,0,0,0,0,2,1,5,2,64,9,1248,2,5,3,1,3
2017220190762,1,9,0,18,0,8,0,0,0,0,1,1,2,2,58,9,1951,2,11,5,1,5
2017220190762,2,9,0,9,0,6,0,0,0,0,3,1,2,1,26,6,1598,2,2,5,1,5
2017220190769,1,9,0,18,0,0,0,0,0,0,0,1,6,3,34,6,-1,-1,-1,-1,-1,-1
2017220190769,2,1,0,18,0,0,0,0,0,0,4,1,6,1,52,8,-1,-1,-1,10,3,10
2017220190846,1,11,0,9,0,6,0,0,0,0,1,1,1,1,43,7,4500,2,5,2,1,2
2017220190846,2,9,0,17,0,8,0,0,0,0,4,1,5,2,32,6,1242,1,8,3,1,3
2017220190880,1,5,0,4,0,0,0,0,0,0,2,1,5,1,56,9,1085,1,18,4,3,4
2017220190880,2,9,0,18,0,0,0,0,0,0,1,1,6,2,44,7,1499,2,-1,-1,-1,-1
2017220191016,1,9,0,18,0,0,0,4,0,0,4,1,2,2,28,6,1896,2,10,6,1,6
2017220191016,2,9,0,2,0,0,0,0,0,0,3,1,5,1,34,6,2993,2,8,5,1,5
2017220191053,1,19,0,16,0,0,0,0,1,0,1,1,2,1,48,8,2287,2,2,4,3,4
2017220191053,2,9,0,17,0,0,0,0,0,0,1,1,5,1,33,6,1798,1,15,1,1,1
2017220191169,1,9,0,1,0,0,5,0,0,0,3,1,2,2,43,7,1368,1,7,2,1,2
2017220191228,1,9,0,9,0,6,0,0,0,0,1,2,5,2,58,9,1560,2,10,-1,-1,-1
2017220191228,2,9,0,16,0,8,0,0,0,0,1,2,5,1,66,10,1998,1,-1,-1,-1,-1
2017220191309,1,9,0,13,0,0,5,0,1,10,1,1,5,1,71,10,999,1,1,-1,-1,-1
2017220191309,2,19,0,18,0,0,0,0,0,0,2,1,1,1,61,9,2143,2,2,-1,1,-1
2017220191407,1,9,0,5,0,4,0,0,0,0,1,1,2,1,55,8,998,1,6,-1,-1,-1
2017220191407,2,9,0,3,0,1,0,0,0,0,2,1,2,2,48,8,1399,2,7,-1,-1,-1
2017220191618,1,9,0,7,0,5,0,0,0,0,4,1,5,1,33,6,1199,1,13,-1,-1,-1
2017220191618,2,1,0,18,0,1,0,0,0,0,1,1,5,1,48,8,-1,-1,-1,10,2,10
2017220191692,1,9,0,18,0,8,0,0,0,0,1,1,5,1,68,10,1493,2,12,10,2,10
2017220191692,2,19,0,5,0,6,0,0,1,1,3,1,1,1,54,8,2298,2,5,-1,-1,-1
2017220191702,1,9,0,18,0,0,0,0,7,2,1,1,6,1,77,11,-1,-1,-1,-1,-1,-1
2017220191702,2,9,0,1,0,0,0,0,0,0,4,1,5,2,55,8,1395,1,3,10,1,10
2017220191702,3,9,0,1,0,0,0,0,0,0,1,1,5,2,21,5,998,1,10,10,1,10
2017220191702,4,9,0,1,0,0,0,0,0,0,1,1,5,1,44,7,1685,2,3,10,1,10
2017220191702,5,9,0,2,0,0,0,0,0,0,1,1,6,1,45,7,1497,1,16,10,1,10
2017220191710,1,9,0,4,0,0,0,0,0,0,4,1,2,2,49,8,2967,2,5,7,1,7
2017220191837,1,9,0,9,0,4,0,0,0,0,1,1,5,2,22,5,1341,1,14,6,1,6
2017220191837,2,3,0,18,0,8,0,0,0,0,4,1,1,2,50,8,124,1,7,6,3,6
2017220192041,1,9,0,4,0,8,0,0,0,0,2,1,5,2,50,8,1598,1,8,7,3,7
2017220192041,2,9,0,18,0,8,0,0,0,0,1,1,5,1,19,4,1229,1,4,10,1,10
2017220192072,1,9,0,5,0,6,0,0,0,0,1,1,5,2,30,6,1598,1,10,-1,-1,-1
2017220192072,2,9,0,18,0,8,0,0,0,0,4,1,5,2,78,11,-1,-1,-1,8,1,8
2017220192074,1,8,0,6,0,1,0,0,0,0,4,1,1,1,43,7,1582,2,1,-1,-1,-1
2017220192085,1,9,0,18,0,1,0,0,0,0,3,1,5,2,26,6,1598,1,9,5,3,5
2017220192085,2,9,0,18,0,1,0,0,0,0,3,1,5,2,27,6,1493,2,8,4,3,4
2017220192085,3,9,0,9,0,6,0,0,0,0,1,1,5,1,51,8,1598,1,11,6,3,6
2017220192098,1,5,0,18,0,1,1,0,0,0,1,1,6,1,40,7,998,1,10,-1,-1,-1
2017220192098,2,9,0,9,0,5,0,0,0,0,3,1,5,1,22,5,1242,1,6,-1,-1,-1
2017220192119,1,9,0,3,0,0,0,0,0,0,1,1,6,2,53,8,1461,2,6,-1,2,-1
2017220192119,2,98,0,1,0,0,0,0,0,0,2,1,6,1,35,6,-1,-1,-1,-1,-1,-1
2017220192129,1,9,0,18,0,1,0,0,0,0,1,1,6,1,22,5,1975,1,9,5,3,5
2017220192129,2,9,0,3,0,1,0,0,0,0,2,1,6,1,47,8,1461,2,2,8,1,8
2017220192129,3,9,0,10,0,1,0,0,0,0,2,1,6,2,45,7,2993,2,1,-1,-1,-1
2017220192303,1,9,0,14,0,0,0,0,0,0,1,1,5,1,62,9,1997,2,9,4,1,4
2017220192307,1,21,0,2,0,0,0,0,0,0,0,1,1,1,37,7,6370,2,14,1,1,1
2017220192307,2,21,0,1,0,0,0,4,0,0,2,1,1,3,35,6,4751,2,12,-1,-1,-1
2017220192307,3,9,0,2,0,0,0,0,0,0,3,1,6,1,68,10,-1,-1,-1,9,1,9
2017220192307,4,9,0,2,0,0,0,0,7,0,1,1,6,1,38,7,1560,2,-1,8,1,8
2017220192327,1,9,0,16,0,1,0,0,0,0,1,1,5,2,46,8,1560,2,8,10,1,10
2017220192327,2,19,0,10,0,8,0,0,0,0,2,1,5,1,35,6,2402,2,9,-1,-1,-1
2017220192412,1,9,0,18,0,4,0,0,0,0,1,1,6,1,52,8,1461,2,3,8,1,8
2017220192412,2,9,0,3,0,1,0,0,0,0,2,1,2,1,23,5,1398,1,2,-1,-1,-1
2017220192701,1,9,0,18,0,0,0,0,0,0,1,1,5,2,32,6,1398,1,3,3,1,3
2017220192728,1,9,0,18,0,0,2,10,2,0,4,1,2,1,40,7,1795,1,12,7,1,7
2017220192728,2,9,0,5,8,0,0,0,0,0,0,1,5,1,67,10,1399,2,11,4,1,4
2017220192743,1,9,0,18,0,0,0,0,0,0,1,1,5,1,18,4,1596,1,8,8,1,8
2017220192755,1,9,0,18,0,8,0,10,1,10,1,1,5,1,20,4,-1,-1,-1,8,1,8
2017220192761,1,9,0,9,0,6,0,0,0,0,3,1,5,1,77,11,1493,2,10,6,3,6
2017220192761,2,19,0,18,0,8,0,0,0,0,1,1,1,1,30,6,2402,2,8,6,3,6
2017220192860,1,9,0,18,9,8,0,10,0,0,1,1,6,3,34,6,-1,-1,-1,-1,-1,-1
2017220192860,2,1,0,5,9,8,0,0,0,0,1,1,5,1,53,8,-1,-1,-1,-1,-1,-1
2017220192884,1,9,0,5,0,4,0,0,0,0,1,1,5,1,67,10,1910,2,8,2,1,2
2017220192884,2,9,0,4,0,4,0,0,0,0,2,1,2,2,27,6,1242,1,4,3,1,3
2017220192884,3,9,0,18,0,8,0,0,0,0,0,1,6,1,34,6,-1,-1,-1,-1,-1,-1
2017220192947,1,9,0,16,0,0,1,0,7,11,1,1,5,1,35,6,1560,2,11,3,2,3
2017220192995,1,9,0,18,0,0,0,12,0,0,3,1,5,2,18,4,-1,-1,-1,8,1,8
2017220193038,1,9,0,9,0,5,0,0,0,0,1,1,1,1,42,7,1896,2,15,6,2,6
2017220193038,2,9,0,18,0,8,0,0,0,0,1,1,2,2,23,5,875,1,2,2,1,2
2017220193054,1,9,0,5,0,6,0,0,0,0,3,1,5,2,23,5,1560,2,2,-1,-1,-1
2017220193054,2,1,0,18,0,8,0,0,0,0,1,1,5,1,66,10,-1,-1,-1,-1,-1,-1
2017220193117,1,9,0,18,0,0,2,4,0,0,3,1,6,1,21,5,998,1,20,-1,-1,-1
2017220193117,2,19,0,2,0,0,0,0,0,0,4,1,1,1,43,7,2148,2,8,-1,-1,-1
2017220193117,3,9,0,2,0,0,0,0,0,0,1,1,6,1,41,7,1798,1,11,8,1,8
2017220193180,1,9,0,11,0,0,0,0,0,0,1,1,5,1,80,11,1242,1,5,1,1,1
2017220193180,2,9,0,3,0,0,0,0,0,0,2,1,5,2,49,8,1968,2,2,8,3,8
2017220193188,1,9,0,9,0,5,0,0,0,0,4,1,5,1,44,7,1598,1,7,4,1,4
2017220193188,2,5,0,13,0,8,0,0,7,0,1,1,5,1,52,8,599,1,6,4,3,4
2017220193208,1,9,0,18,0,0,1,0,0,0,1,1,1,1,54,8,-1,-1,-1,-1,-1,-1
2017220193208,2,9,0,3,0,0,0,0,0,0,2,1,5,1,35,6,1753,2,14,4,2,4
2017220193208,3,9,0,3,0,0,0,0,0,0,2,1,5,2,49,8,1968,2,-1,10,1,10
2017220193208,4,9,0,3,0,0,0,0,0,0,2,1,5,1,34,6,-1,-1,-1,9,1,9
2017220193329,1,9,0,17,0,1,0,0,0,0,1,1,2,1,60,9,1598,2,5,6,3,6
2017220193329,2,9,0,4,0,1,0,0,0,0,2,1,2,1,32,6,1598,1,15,1,1,1
2017220193358,1,9,0,14,0,0,0,0,0,0,4,1,6,1,24,5,1248,2,5,2,1,2
2017220193553,1,9,0,5,0,0,0,4,0,0,1,1,5,2,37,7,1200,1,2,8,3,8
2017220193553,2,9,0,2,0,0,0,0,0,0,0,1,5,1,84,11,1364,1,8,9,1,9
2017220193553,3,9,0,2,0,0,0,0,0,0,3,1,5,1,52,8,1398,1,12,5,3,5
2017220193613,1,5,0,18,0,0,0,0,0,0,3,1,5,1,31,6,998,1,8,4,1,4
2017220193624,1,9,0,2,9,0,0,0,0,0,3,1,1,1,57,9,2184,2,11,-1,-1,-1
2017220193624,2,1,0,18,0,0,0,8,0,0,1,1,2,1,58,9,-1,-1,-1,-1,-1,-1
2017220193661,1,9,0,18,0,0,2,0,0,0,1,1,5,2,19,4,-1,-1,-1,-1,-1,-1
2017220193661,2,21,0,18,0,0,0,0,0,0,2,1,1,1,53,8,12740,2,3,6,1,6
2017220193695,1,9,0,18,0,8,1,10,7,4,1,1,5,1,19,4,1242,1,12,7,1,7
2017220193695,2,9,0,9,0,5,0,0,0,0,0,1,1,1,67,10,1396,2,2,6,1,6
2017220193716,1,9,0,9,0,6,0,0,0,0,3,1,2,1,34,6,2979,1,15,-1,-1,-1
2017220193716,2,5,0,18,0,8,0,0,0,0,4,1,2,1,44,7,-1,-1,-1,-1,-1,-1
2017220193721,1,9,0,18,0,1,0,0,0,0,1,1,5,1,26,6,1995,2,12,-1,-1,-1
2017220193721,2,9,0,10,0,8,0,0,0,0,2,1,5,1,66,10,1598,1,14,-1,-1,-1
2017220193745,1,9,0,17,0,1,0,0,0,0,1,1,6,2,33,6,2790,1,11,4,3,4
2017220193745,2,1,0,9,0,6,0,0,0,0,1,1,6,1,37,7,-1,-1,-1,1,1,1
2017220193761,1,3,0,13,0,8,1,0,0,0,1,1,5,1,19,4,124,1,5,1,1,1
2017220193761,2,19,0,9,0,5,0,0,0,0,3,1,1,1,25,5,2299,2,2,-1,-1,-1
2017220193768,1,9,0,4,0,4,0,0,0,0,2,1,6,1,-1,-1,1596,1,11,-1,-1,-1
2017220193768,2,9,0,5,0,4,0,0,0,0,1,1,5,1,23,5,2487,2,17,-1,-1,-1
2017220193800,1,5,0,18,0,8,1,0,1,0,4,1,5,1,62,9,1063,1,11,2,1,2
2017220193800,2,9,0,5,0,6,0,0,0,0,0,1,5,1,44,7,-1,-1,-1,4,1,4
2017220193899,1,9,0,17,0,0,2,0,2,0,1,1,5,1,27,6,2495,2,23,4,3,4
2017220193899,2,9,0,16,0,0,0,0,0,0,0,1,5,2,18,4,1399,2,10,6,3,6
2017220194190,1,8,0,9,0,5,0,0,0,0,1,1,1,1,41,7,1997,2,11,-1,-1,-1
2017220194224,1,19,0,17,0,2,0,0,0,0,1,1,5,1,54,8,2460,2,13,4,2,4
2017220194230,1,5,0,18,0,0,0,0,7,0,1,1,5,1,53,8,750,1,29,8,2,8