Accident_Index,Vehicle_Reference,Vehicle_Type,Towing_and_Articulation,Vehicle_Manoeuvre,Vehicle_Location-Restricted_Lane,Junction_Location,Skidding_and_Overturning,Hit_Object_in_Carriageway,Vehicle_Leaving_Carriageway,Hit_Object_off_Carriageway,1st_Point_of_Impact,Was_Vehicle_Left_Hand_Drive?,Journey_Purpose_of_Driver,Sex_of_Driver,Age_of_Driver,Age_Band_of_Driver,Engine_Capacity_(CC),Propulsion_Code,Age_of_Vehicle,Driver_IMD_Decile,Driver_Home_Area_Type,Vehicle_IMD_Decile
2017220206002,1,9,0,17,0,0,5,0,0,0,1,1,6,1,19,4,1390,1,12,-1,-1,-1
2017220206002,2,9,0,18,0,0,0,0,0,0,1,1,6,1,26,6,1968,2,4,-1,-1,-1
2017220206031,1,9,0,18,0,0,0,0,0,0,3,1,6,2,30,6,1242,1,6,-1,-1,-1
2017220206078,1,9,0,18,0,0,0,0,0,0,3,1,5,1,70,10,2156,1,20,-1,-1,-1
2017220206078,2,1,0,18,0,0,0,0,0,0,4,1,5,1,35,6,-1,-1,-1,-1,-1,-1
2017220206123,1,9,0,12,0,7,2,0,2,7,3,1,5,2,53,8,2497,2,12,7,1,7
2017220206123,2,9,0,18,0,8,1,0,0,0,4,1,5,1,48,8,1798,1,8,-1,-1,-1
2017220206291,1,17,4,17,0,0,3,0,0,0,4,1,1,1,25,5,-1,2,7,4,3,4
2017220206291,2,9,0,4,0,0,0,0,0,0,3,1,5,2,17,4,1124,1,16,6,3,6
2017220206437,1,9,0,7,0,6,0,0,0,0,0,1,6,1,56,9,1596,1,12,-1,-1,-1
2017220206437,2,3,0,17,0,1,1,0,0,0,3,1,5,1,18,4,125,1,2,-1,-1,-1
2017220206448,1,19,0,9,0,6,0,4,0,0,1,1,1,1,40,7,2143,2,3,-1,-1,-1
2017220206448,2,9,0,2,0,2,0,0,0,0,3,1,5,2,34,6,1896,2,8,-1,-1,-1
2017220206565,1,1,0,18,0,0,0,0,0,0,1,1,5,1,23,5,-1,-1,-1,-1,-1,-1
2017220206565,2,9,0,4,0,0,0,0,0,0,2,1,5,1,63,9,1396,1,14,-1,-1,-1
2017220206574,1,9,0,3,0,1,0,0,0,0,2,1,5,1,37,7,999,1,-1,-1,3,-1
2017220206574,2,9,0,3,0,1,0,0,0,0,2,1,5,1,17,4,1596,1,12,5,3,5
2017220206574,3,9,0,4,0,1,0,0,0,0,1,1,5,2,80,11,2000,2,6,4,3,4
2017220206598,1,9,0,18,0,0,1,0,4,6,3,1,6,1,29,6,1995,2,5,-1,-1,-1
2017220206607,1,9,0,9,0,8,0,0,0,0,1,1,6,2,54,8,1200,1,2,-1,-1,-1
2017220206607,2,9,0,18,0,4,0,0,0,0,4,1,6,1,22,5,1195,1,20,-1,-1,-1
2017220206630,1,9,0,18,0,1,0,0,0,0,1,1,6,1,57,9,2457,1,16,-1,-1,-1
2017220206630,2,9,0,8,0,1,0,0,0,0,2,1,5,2,19,4,1199,1,13,-1,-1,-1
2017220206631,1,9,0,17,0,0,1,0,7,11,1,1,5,1,35,6,3586,1,17,4,3,4
2017220206637,1,98,0,1,0,0,0,0,0,0,2,1,1,1,48,8,-1,-1,-1,3,1,3
2017220206637,2,4,0,3,0,0,0,0,0,0,1,1,6,1,64,9,198,1,37,-1,-1,-1
2017220206641,1,9,0,18,0,8,0,0,0,0,3,1,6,1,76,11,1896,2,15,6,2,6
2017220206641,2,4,0,18,0,8,0,0,0,0,4,1,6,1,57,9,490,1,37,6,1,6
2017220206644,1,9,0,18,0,0,0,10,7,1,1,1,5,2,82,11,1598,1,5,-1,-1,-1
2017220206653,1,9,0,17,0,0,5,0,7,4,1,1,5,1,32,6,-1,-1,-1,-1,-1,-1
2017220206683,1,9,0,9,0,0,0,0,0,0,4,1,6,2,62,9,1600,1,13,-1,-1,-1
2017220206683,2,9,0,17,0,0,0,0,1,0,1,1,6,1,40,7,1598,1,2,-1,-1,-1
2017220206693,1,19,0,18,0,0,5,10,0,0,0,1,1,1,52,8,2151,2,14,-1,-1,-1
2017220206693,2,9,0,18,0,0,0,0,0,0,4,1,6,3,-1,-1,-1,-1,-1,-1,-1,-1
2017220206707,1,9,0,3,0,0,0,0,0,0,3,1,5,2,52,8,1596,1,2,-1,-1,-1
2017220206707,2,9,0,18,0,0,0,0,0,0,4,1,5,1,70,10,2179,2,5,-1,-1,-1
2017220206734,1,3,0,4,0,4,1,0,0,0,1,1,5,1,19,4,124,1,6,-1,-1,-1
2017220206736,1,8,0,18,0,0,0,0,7,11,3,1,1,1,56,9,1995,2,8,-1,-1,-1
2017220206822,1,9,0,14,0,0,0,0,0,0,0,1,6,2,42,7,1995,2,2,5,3,5
2017220206822,2,9,0,4,0,0,0,0,0,0,1,1,6,1,27,6,-1,-1,-1,2,1,2
2017220206822,3,9,0,4,0,0,0,0,0,0,2,1,6,2,19,4,1242,1,3,-1,-1,-1
2017220206871,1,9,0,16,0,0,1,0,0,0,3,1,5,2,37,7,1587,1,15,4,1,4
2017220206871,2,9,0,17,0,0,0,0,0,0,1,1,5,1,19,4,2521,1,8,10,2,10
2017220206885,1,9,0,13,0,0,0,0,0,0,3,1,6,1,38,7,1753,2,10,-1,-1,-1
2017220206885,2,5,0,13,0,0,0,0,0,0,1,1,6,1,49,8,600,1,12,-1,-1,-1
2017220206885,3,9,0,18,0,0,0,0,0,0,0,1,6,1,60,9,1997,2,3,-1,-1,-1
2017220207016,1,9,0,4,0,1,0,0,0,0,1,1,5,2,24,5,1368,1,8,9,1,9
2017220207016,2,9,0,8,0,1,0,0,0,0,2,1,5,2,30,6,1299,1,12,5,1,5
2017220207039,1,21,0,2,0,1,0,0,0,0,0,1,1,1,-1,-1,-1,-1,-1,7,3,7
2017220207039,2,9,0,18,0,1,0,0,0,0,3,1,2,2,61,9,-1,-1,-1,9,1,9
2017220207042,1,9,0,18,0,1,0,0,0,0,1,1,6,2,32,6,2143,2,8,-1,-1,-1
2017220207042,2,9,0,3,0,1,0,0,0,0,2,1,6,2,22,5,1198,1,11,-1,-1,-1
2017220207057,1,9,0,17,0,0,1,0,1,7,4,1,5,1,18,4,973,1,17,1,1,1
2017220207060,1,9,0,18,0,0,0,4,0,0,2,1,6,1,49,8,2435,1,14,-1,-1,-1
2017220207060,2,9,0,2,0,0,0,0,0,0,1,1,6,2,55,8,1242,1,14,2,1,2
2017220207060,3,9,0,18,0,0,0,0,0,0,1,1,6,2,35,6,1796,1,11,-1,-1,-1
2017220207118,1,9,0,18,0,0,0,0,0,0,4,1,6,3,40,7,1997,2,3,-1,-1,-1
2017220207118,2,1,0,18,0,0,1,0,0,0,3,1,2,1,18,4,-1,-1,-1,-1,-1,-1
2017220207195,1,9,0,18,0,2,0,0,0,0,4,1,2,2,47,8,1997,2,9,-1,-1,-1
2017220207231,1,9,0,18,0,1,0,0,0,0,1,1,6,1,24,5,1242,1,6,-1,-1,-1
2017220207231,2,9,0,3,0,1,0,0,0,0,2,1,5,2,23,5,1598,1,13,-1,-1,-1
2017220207231,3,9,0,10,0,8,0,0,0,0,2,1,6,1,50,8,1598,1,17,-1,-1,-1
2017220207259,1,98,1,12,0,2,0,0,0,0,4,1,1,1,54,8,-1,-1,-1,-1,-1,-1
2017220207259,2,9,0,5,0,2,0,0,0,0,1,1,6,1,45,7,1499,2,-1,-1,-1,-1
2017220207308,1,9,0,18,0,0,0,0,7,11,1,1,5,2,58,9,2993,2,6,-1,-1,-1
2017220207380,1,9,0,5,0,6,0,0,0,0,1,1,5,2,51,8,1388,1,6,4,1,4
2017220207380,2,5,0,17,0,1,0,0,0,0,1,1,5,1,58,9,1965,1,7,3,1,3
2017220207410,1,21,0,18,0,0,0,0,0,0,4,1,1,1,50,8,3920,2,12,-1,-1,-1
2017220207410,2,98,0,18,0,0,0,0,0,0,0,1,6,3,35,6,-1,-1,-1,-1,-1,-1
2017220207455,1,9,0,18,0,1,0,0,0,0,1,1,5,1,96,11,998,1,2,-1,-1,-1
2017220207455,2,9,0,4,0,1,0,0,0,0,2,1,5,1,73,10,1896,2,13,-1,-1,-1
2017220207455,3,17,0,8,0,1,0,0,0,0,0,1,1,1,29,6,-1,-1,-1,-1,-1,-1
2017220207459,1,9,0,17,0,0,1,0,8,10,1,1,2,1,19,4,1984,1,12,5,3,5
2017220207461,1,9,0,18,0,0,1,0,1,4,4,1,5,2,46,8,-1,-1,-1,6,3,6
2017220207461,2,9,0,18,0,0,0,0,0,0,0,1,6,3,22,5,-1,-1,-1,-1,-1,-1
2017220207470,1,9,0,18,0,0,0,0,1,0,3,1,5,2,65,9,1200,1,2,-1,-1,-1
2017220207470,2,19,0,18,0,0,0,0,0,0,3,1,1,1,20,4,2198,2,2,-1,-1,-1
2017220207658,1,9,0,18,0,0,5,0,0,0,3,1,5,2,64,9,998,1,3,8,1,8
2017220207658,2,9,0,18,0,0,1,0,0,0,3,1,5,1,44,7,1560,2,3,-1,-1,-1
2017220207658,3,9,0,18,0,0,0,0,0,0,1,1,6,2,70,10,1124,1,18,-1,-1,-1
2017220207660,1,9,0,18,0,8,0,0,0,0,1,1,5,1,77,11,1988,2,12,-1,-1,-1
2017220207660,2,9,0,18,0,6,0,0,0,0,3,1,5,1,76,11,-1,-1,-1,9,1,9
2017220207675,1,9,0,17,0,0,1,0,0,0,3,1,5,1,18,4,1360,1,17,-1,-1,-1
2017220207675,2,9,0,18,0,0,2,0,0,0,3,1,5,1,28,6,1229,1,4,6,3,6
2017220207696,1,9,0,18,0,0,1,4,0,0,1,1,5,1,23,5,1995,2,9,9,1,9
2017220207696,2,21,1,2,0,0,0,0,0,0,2,1,1,1,29,6,12419,2,5,-1,-1,-1
2017220207794,1,9,0,18,0,1,0,0,0,0,1,1,5,1,24,5,2993,2,1,-1,-1,-1
2017220207794,2,9,0,3,0,1,0,0,0,0,2,1,5,2,39,7,1461,2,1,-1,-1,-1
2017220207794,3,9,0,3,0,1,0,0,0,0,2,1,5,2,41,7,1995,2,7,-1,-1,-1
2017220207803,1,9,0,7,0,6,0,0,3,0,1,1,5,1,19,4,1360,1,7,9,1,9
2017220207853,1,9,0,6,0,0,0,0,0,0,3,1,5,2,72,10,2143,2,2,-1,-1,-1
2017220207853,2,5,0,14,0,0,0,0,0,0,1,1,5,1,51,8,1690,1,1,-1,-1,-1
2017220207856,1,2,0,18,0,8,0,0,0,0,1,1,5,2,39,7,50,1,-1,-1,-1,-1
2017220207856,2,9,0,10,0,8,0,0,0,0,2,1,5,1,48,8,1598,1,11,-1,-1,-1
2017220207874,1,9,0,1,0,6,0,0,0,0,2,1,5,1,43,7,1997,2,1,-1,-1,-1
2017220207874,2,2,0,3,0,8,0,0,0,0,1,1,5,2,39,7,50,1,-1,-1,-1,-1
2017220207900,1,5,0,17,0,0,1,0,1,0,1,1,5,1,32,6,599,1,14,-1,-1,-1
2017220207903,1,9,0,4,0,0,1,0,0,0,1,1,5,1,21,5,1493,1,22,-1,-1,-1
2017220207903,2,9,0,3,0,0,0,0,0,0,2,1,5,2,59,9,1596,1,3,-1,-1,-1
2017220207903,3,9,0,3,0,0,0,0,0,0,2,1,5,3,35,6,1600,1,45,-1,-1,-1
2017220207905,1,9,0,18,0,2,0,0,0,0,1,1,5,2,64,9,2179,2,4,6,3,6
2017220207905,2,21,1,18,0,1,0,0,0,0,3,1,1,1,38,7,7790,2,5,-1,-1,-1
2017220207905,3,21,1,18,0,1,0,0,0,0,1,1,1,1,51,8,12777,2,3,-1,-1,-1
2017220207918,1,9,0,3,0,1,0,0,0,0,2,1,5,2,54,8,1368,1,5,-1,-1,-1
2017220207918,2,9,0,4,0,1,0,0,0,0,1,1,5,2,32,6,1398,1,2,-1,-1,-1
2017220207921,1,5,0,4,0,1,0,0,0,0,1,1,6,1,30,6,898,1,3,-1,-1,-1
2017220207921,2,9,0,3,0,1,0,0,0,0,0,1,6,2,52,8,1997,2,2,-1,-1,-1
2017220207921,3,9,0,3,0,1,0,0,0,0,0,1,6,1,33,6,1968,2,5,-1,-1,-1
2017220207936,1,1,0,18,0,0,0,0,1,0,1,1,5,1,45,7,-1,-1,-1,-1,-1,-1
2017220207980,1,9,0,5,0,6,0,0,7,10,4,1,2,2,44,7,1598,1,9,-1,-1,-1
2017220207980,2,9,0,18,0,8,0,0,0,0,1,1,5,1,64,9,1598,2,5,-1,-1,-1
2017220207995,1,9,0,9,0,6,0,0,0,0,1,1,5,1,90,11,1951,2,15,-1,-1,-1
2017220207995,2,90,0,17,0,8,0,0,0,0,4,1,5,1,61,9,2800,2,17,-1,-1,-1
2017220208090,1,9,0,5,0,6,0,0,0,0,3,1,6,2,51,8,-1,-1,-1,4,3,4
2017220208090,2,9,0,18,0,1,1,0,0,0,1,1,1,1,28,6,-1,-1,-1,2,1,2
2017220208153,1,1,0,18,0,0,0,4,0,0,1,1,5,1,52,8,-1,-1,-1,-1,-1,-1
2017220208153,2,9,0,2,0,0,0,0,0,0,2,1,5,1,-1,-1,1242,1,16,-1,-1,-1
2017220208208,1,9,0,7,0,5,0,0,0,0,1,1,6,1,71,10,-1,-1,-1,-1,-1,-1
2017220208208,2,22,0,18,0,8,0,0,0,0,4,1,6,1,79,11,-1,-1,-1,-1,-1,-1
2017220208259,1,9,0,18,0,1,0,0,0,0,1,1,6,2,21,5,1124,1,12,-1,-1,-1
2017220208259,2,9,0,4,0,1,0,0,0,0,2,1,6,2,28,6,1560,2,5,-1,-1,-1
2017220208264,1,9,0,16,0,0,0,0,0,0,1,1,5,2,52,8,1086,1,9,-1,-1,-1
2017220208264,2,9,0,17,0,0,0,0,0,0,1,1,5,1,57,9,1999,1,12,-1,-1,-1
2017220208293,1,8,0,18,0,0,0,0,7,4,1,1,1,1,51,8,1968,2,13,-1,-1,-1
2017220208293,2,9,0,18,0,0,0,0,0,0,0,1,6,3,28,6,-1,-1,-1,-1,-1,-1
2017220208331,1,9,0,18,0,0,2,10,7,6,3,1,5,2,23,5,1124,1,16,-1,-1,-1
2017220208372,1,9,0,9,0,6,0,0,0,0,1,1,5,2,63,9,1560,2,3,5,1,5
2017220208372,2,9,0,18,0,1,0,0,0,0,1,1,5,1,35,6,1598,1,10,-1,-1,-1
2017220208386,1,9,0,18,0,0,0,0,0,0,1,1,6,1,-1,-1,-1,-1,-1,-1,-1,-1
2017220208386,2,9,0,4,0,0,0,0,0,0,2,1,5,1,33,6,1560,2,11,-1,-1,-1
2017220208463,1,9,0,5,0,6,0,0,0,0,1,1,6,3,34,6,-1,-1,-1,-1,-1,-1
2017220208463,2,1,0,18,0,8,0,0,0,0,4,1,2,1,21,5,-1,-1,-1,-1,-1,-1
2017220208742,1,3,0,4,0,0,1,0,0,0,1,1,5,1,17,4,124,1,6,-1,-1,-1
2017220208858,1,1,0,18,0,8,0,0,0,0,4,1,2,1,34,6,-1,-1,-1,-1,-1,-1
2017220208858,2,9,0,18,0,4,0,0,0,0,1,1,5,1,64,9,1461,2,3,-1,-1,-1
2017220208875,1,9,0,18,0,4,0,0,0,0,1,1,6,2,27,6,1398,1,7,-1,-1,-1
2017220208875,2,5,0,18,0,3,0,0,0,0,4,1,6,1,51,8,1215,1,5,-1,-1,-1
2017220208890,1,9,0,4,0,0,0,0,0,0,2,1,5,2,20,4,1248,1,7,-1,-1,-1
2017220208890,2,9,0,18,0,0,1,0,0,0,1,1,5,2,26,6,1242,1,11,-1,-1,-1
2017220208890,3,9,0,18,0,0,0,0,0,0,1,1,5,1,44,7,1896,2,16,-1,-1,-1
2017220208921,1,5,0,14,0,0,1,0,0,0,4,1,5,1,63,9,636,1,1,-1,1,-1
2017220208921,2,9,0,6,0,0,0,0,0,0,3,1,5,1,20,4,2000,2,11,-1,3,-1
2017220208975,1,11,0,4,0,0,0,0,0,0,3,1,1,1,31,6,-1,2,16,-1,-1,-1
2017220209021,1,11,0,4,0,1,0,0,0,0,0,1,1,1,48,8,-1,-1,-1,-1,-1,-1
2017220209047,1,9,0,7,0,1,0,0,0,0,4,1,6,1,43,7,2497,1,12,-1,-1,-1
2017220209047,2,1,0,18,0,1,0,0,0,0,1,1,6,2,21,5,-1,-1,-1,-1,-1,-1
2017220209108,1,9,0,9,0,6,0,0,0,0,1,1,5,1,56,9,998,1,16,-1,-1,-1
2017220209108,2,9,0,18,0,8,0,0,0,0,3,1,5,1,84,11,1298,1,15,-1,-1,-1
2017220209141,1,21,1,18,0,1,0,0,0,0,1,1,1,1,26,6,12809,2,3,-1,3,-1
2017220209141,2,21,1,4,0,1,0,0,0,0,2,1,1,1,50,8,12902,2,-1,-1,-1,-1
2017220209141,3,19,0,18,0,2,0,0,0,0,1,1,1,1,31,6,1686,2,12,-1,-1,-1
2017220209141,4,19,0,18,0,2,0,0,1,0,1,1,1,1,51,8,2198,2,10,-1,-1,-1
2017220209141,5,9,0,4,0,1,0,0,0,0,0,1,1,1,63,9,1582,2,4,-1,-1,-1
2017220209214,1,19,0,9,0,6,0,0,0,0,1,1,5,1,39,7,1995,2,5,-1,-1,-1
2017220209214,2,5,0,17,0,8,0,0,0,0,4,1,5,1,57,9,865,1,4,-1,-1,-1
2017220209665,1,8,0,13,0,0,0,0,0,0,4,1,6,3,34,6,-1,-1,-1,-1,-1,-1
2017220209665,2,1,0,18,0,0,0,0,0,0,3,1,5,1,29,6,-1,-1,-1,-1,-1,-1
2017220209715,1,9,0,18,0,8,0,0,0,0,1,1,5,2,37,7,2497,2,12,-1,-1,-1
2017220209715,2,9,0,10,0,8,0,0,0,0,2,1,5,1,52,8,1997,1,15,-1,-1,-1
2017220209781,1,9,0,4,0,1,0,0,0,0,3,1,6,1,93,11,1339,1,9,-1,-1,-1
2017220210063,1,9,0,5,0,4,0,0,0,0,1,1,2,2,44,7,1396,2,5,-1,-1,-1
2017220210063,2,1,0,18,0,8,0,0,0,0,2,1,5,2,37,7,-1,-1,-1,-1,-1,-1
2017220210093,1,9,0,17,0,8,0,0,0,0,1,1,5,1,36,7,1796,1,8,-1,-1,-1
2017220210102,1,9,0,1,0,0,0,0,0,0,2,1,5,1,39,7,1896,2,14,-1,-1,-1
2017220210156,1,9,0,18,0,0,0,0,0,0,4,1,6,1,70,10,1769,1,11,-1,-1,-1
2017220210171,1,9,0,18,0,8,0,0,0,0,1,1,5,1,46,8,2521,1,10,1,1,1
2017220210171,2,9,0,9,0,8,0,0,0,0,2,1,5,1,50,8,1598,1,7,-1,-1,-1
2017220210241,1,9,0,13,0,2,0,0,0,0,4,1,6,2,59,9,-1,-1,-1,-1,-1,-1
2017220210241,2,1,0,16,0,2,0,10,1,0,3,1,5,1,67,10,-1,-1,-1,6,3,6
2017220210246,1,9,0,4,9,2,0,10,0,0,1,1,6,2,69,10,1339,1,2,-1,-1,-1
2017220210246,2,1,0,18,9,1,0,0,0,0,1,1,2,1,26,6,-1,-1,-1,7,1,7
2017220210283,1,19,0,18,0,0,0,0,0,0,4,1,5,1,71,10,2198,2,4,4,3,4
2017220210308,1,9,0,18,0,0,0,7,1,1,1,1,5,1,31,6,1396,1,15,-1,-1,-1
2017220210328,1,9,0,18,0,0,0,0,0,0,4,1,6,1,36,7,1997,2,8,7,2,7
2017220210345,1,17,0,17,0,0,0,0,0,0,1,1,1,1,52,8,-1,2,8,9,3,9
2017220210345,2,9,0,16,0,0,1,0,0,0,1,1,5,1,18,4,1400,1,19,5,3,5
2017220210348,1,5,0,18,0,0,0,0,0,0,1,1,5,1,49,8,883,1,12,8,1,8
2017220210401,1,19,0,17,0,0,0,0,0,0,1,1,1,1,27,6,2198,2,4,-1,-1,-1
2017220210401,2,9,0,16,0,0,0,0,0,0,1,1,5,2,26,6,999,1,3,-1,-1,-1
2017220210446,1,9,0,17,0,0,0,0,0,0,1,1,5,1,28,6,1995,1,10,-1,-1,-1
2017220210446,2,9,0,16,0,0,0,0,0,0,1,1,5,2,18,4,1242,1,14,-1,-1,-1
2017220210637,1,9,0,16,0,0,1,0,7,11,1,1,5,1,17,4,1242,1,11,4,3,4
2017220210697,1,9,0,16,0,8,1,0,1,0,1,1,2,1,53,8,2495,2,13,-1,-1,-1
2017220210697,2,9,0,4,0,8,1,0,0,0,2,1,2,1,27,6,998,1,14,-1,-1,-1
2017220210697,3,17,4,8,0,8,0,0,0,0,3,1,1,1,21,5,8984,2,2,7,3,7
2017220210749,1,9,0,9,0,5,0,0,0,0,4,1,5,1,35,6,1753,2,8,-1,-1,-1
2017220210749,2,5,0,15,0,8,0,0,0,0,1,1,5,1,51,8,999,1,11,-1,-1,-1
2017220210749,3,9,0,10,0,8,0,0,0,0,0,1,5,1,35,6,-1,-1,-1,-1,-1,-1
2017220210754,1,9,0,18,0,0,5,0,5,6,1,1,5,1,67,10,2521,1,8,-1,-1,-1
2017220210768,1,1,0,18,0,0,0,0,1,0,4,1,5,1,32,6,-1,-1,-1,-1,-1,-1
2017220210792,1,9,0,18,0,4,0,0,0,0,1,1,6,1,33,6,1998,2,10,-1,-1,-1
2017220210792,2,9,0,18,0,4,0,0,0,0,2,1,6,2,47,8,1461,2,10,-1,-1,-1
2017220210895,1,9,0,18,0,0,0,0,0,0,1,1,2,1,37,7,999,1,3,10,1,10
2017220210895,2,9,0,4,0,0,0,0,0,0,2,1,2,2,29,6,-1,-1,-1,7,3,7
2017220211000,1,9,0,16,0,0,1,0,0,0,1,1,2,2,22,5,-1,-1,-1,-1,-1,-1
2017220211000,2,9,0,17,0,0,1,0,0,0,1,1,5,2,45,7,2720,2,12,-1,-1,-1
2017220211106,1,9,0,18,0,1,0,0,0,0,1,1,5,2,53,8,1240,1,8,-1,-1,-1
2017220211106,2,9,0,10,0,8,0,0,0,0,2,1,5,1,74,10,1461,2,-1,-1,-1,-1
2017220211166,1,9,0,5,0,6,0,0,0,0,1,1,2,2,47,8,2500,2,14,5,3,5
2017220211166,2,5,0,18,0,8,0,0,0,0,4,1,5,1,47,8,599,1,10,-1,-1,-1
2017220211237,1,9,0,3,0,1,0,0,0,0,2,1,5,1,37,7,2993,2,3,-1,-1,-1
2017220211237,2,9,0,4,0,1,0,0,0,0,2,1,5,2,70,10,1318,1,1,-1,-1,-1
2017220211237,3,21,1,18,0,1,0,0,0,0,1,1,1,1,64,9,4500,2,1,-1,-1,-1
2017220211317,1,9,0,17,0,0,0,0,0,0,1,1,5,1,46,8,1560,2,1,5,3,5
2017220211317,2,9,0,16,0,0,0,0,0,0,1,1,5,1,78,11,1598,1,1,-1,-1,-1
2017220211346,1,21,1,18,0,0,0,0,0,0,0,1,1,1,26,6,12777,2,9,-1,-1,-1
2017220211346,2,1,0,4,0,0,0,0,1,9,4,1,5,2,62,9,-1,-1,-1,-1,-1,-1
2017220211355,1,9,0,18,0,0,0,0,0,0,1,1,6,1,23,5,998,1,7,-1,-1,-1
2017220211355,2,9,0,18,0,0,0,0,0,0,1,1,6,1,49,8,1299,1,12,-1,-1,-1
2017220211396,1,9,0,17,0,0,0,0,1,0,3,1,5,1,61,9,1796,1,15,-1,-1,-1
2017220211396,2,19,0,16,0,0,0,0,1,0,3,1,6,1,48,8,1996,2,3,-1,-1,-1
2017220211419,1,3,0,3,0,0,0,0,0,0,4,1,6,1,21,5,125,1,2,7,1,7
2017220211419,2,19,0,18,0,0,0,0,0,0,3,1,6,1,38,7,1968,2,7,-1,-1,-1
2017220211446,1,9,0,4,0,2,0,0,0,0,2,1,5,2,31,6,1997,2,3,-1,-1,-1
2017220211446,2,9,0,4,0,2,0,0,0,0,1,1,5,2,39,7,1997,2,7,-1,-1,-1
2017220211592,1,9,0,18,0,0,1,0,7,10,1,1,5,1,40,7,1968,2,1,-1,-1,-1
2017220211592,2,9,0,18,0,0,1,0,1,0,1,1,5,1,51,8,2000,1,13,-1,-1,-1
2017220211592,3,9,0,18,0,0,1,0,1,0,2,1,5,1,64,9,2231,2,5,-1,-1,-1
2017220211598,1,9,0,4,0,4,0,0,0,0,1,1,5,2,24,5,1229,1,5,-1,-1,-1
2017220211598,2,9,0,10,0,8,0,0,0,0,2,1,5,2,49,8,1995,2,-1,10,1,10
2017220211693,1,9,0,5,0,6,0,0,0,0,1,1,2,1,30,6,-1,-1,-1,-1,-1,-1
2017220211693,2,9,0,8,0,1,0,0,0,0,2,1,2,1,70,10,2184,2,12,-1,-1,-1
2017220211730,1,9,0,18,0,0,0,0,2,10,1,1,5,2,59,9,-1,-1,-1,-1,-1,-1
2017220211774,1,98,0,18,0,0,1,0,0,0,0,1,1,1,23,5,-1,-1,-1,-1,-1,-1
2017220211774,2,9,0,18,0,0,0,0,0,0,3,1,2,2,48,8,1997,2,12,-1,-1,-1
2017220211895,1,9,0,17,0,0,0,0,1,4,1,1,5,2,18,4,1598,1,11,8,2,8
2017220211922,1,9,0,18,0,0,1,0,0,0,1,1,5,1,24,5,1389,1,14,-1,-1,-1
2017220211922,2,9,0,18,0,0,0,0,0,0,2,1,5,2,53,8,-1,-1,-1,-1,-1,-1
2017220211922,3,9,0,4,0,0,0,0,0,0,0,1,6,2,-1,-1,1997,1,7,-1,-1,-1
2017220211940,1,19,0,1,0,1,0,0,0,0,2,1,1,1,28,6,2999,2,6,-1,-1,-1
2017220212192,1,17,4,1,0,6,0,0,0,0,0,1,6,1,28,6,6702,2,5,-1,-1,-1
2017220212192,2,1,0,18,0,1,1,0,0,0,2,1,5,1,45,7,-1,-1,-1,-1,-1,-1
2017220212192,3,1,0,18,0,1,1,0,0,0,1,1,5,2,45,7,-1,-1,-1,-1,-1,-1
2017220212263,1,19,0,18,0,0,0,0,0,0,2,1,2,1,54,8,1968,2,4,-1,-1,-1
2017220212263,2,3,0,18,0,0,1,0,0,0,1,1,2,1,28,6,124,1,12,-1,-1,-1
2017220212293,1,98,4,18,0,0,3,0,0,0,3,1,6,3,38,7,-1,-1,-1,-1,-1,-1
2017220212293,2,16,0,18,0,0,0,0,0,0,3,1,5,2,23,5,-1,-1,-1,6,3,6
2017220212316,1,5,0,4,0,4,1,0,0,0,1,1,6,1,46,8,748,1,5,-1,-1,-1
2017220212333,1,9,0,18,0,6,0,4,1,11,1,1,5,1,19,4,1587,1,10,-1,-1,-1
2017220212333,2,9,0,2,0,2,0,0,0,0,2,1,5,1,61,9,998,1,12,-1,-1,-1
2017220212335,1,9,0,18,0,1,0,0,0,0,4,1,5,2,43,7,1796,1,18,-1,-1,-1
2017220212335,2,1,0,18,0,2,0,0,0,0,1,1,5,2,9,2,-1,-1,-1,-1,-1,-1
2017220212353,1,17,4,18,0,0,0,0,0,0,3,1,1,1,22,5,-1,-1,-1,-1,-1,-1
2017220212353,2,9,0,18,0,0,0,0,0,0,3,1,6,2,21,5,998,1,2,-1,-1,-1
2017220212366,1,9,0,17,0,0,1,0,1,9,1,1,5,1,24,5,2521,1,8,-1,-1,-1
2017220212384,1,9,0,3,0,8,0,0,0,0,4,1,5,1,24,5,1388,1,6,6,2,6
2017220212384,2,21,0,5,0,8,0,0,0,0,3,1,5,2,52,8,8970,2,16,6,3,6
2017220212503,1,9,0,18,0,0,0,0,0,0,1,1,5,1,28,6,2000,1,10,-1,-1,-1
2017220212503,2,9,0,4,0,0,0,0,0,0,2,1,5,2,41,7,2143,2,1,-1,-1,-1
2017220212503,3,9,0,4,0,0,0,0,0,0,2,1,5,1,74,10,1997,1,4,-1,-1,-1
2017220212506,1,9,0,1,0,6,0,0,0,0,2,1,1,1,56,9,-1,-1,-1,-1,-1,-1
2017220212535,1,2,0,16,0,0,0,0,0,0,1,1,5,1,48,8,49,1,4,-1,-1,-1
2017220212535,2,9,0,17,0,0,0,0,0,0,1,1,5,1,58,9,-1,-1,-1,-1,-1,-1
2017220212549,1,9,0,12,0,0,0,0,0,0,0,1,5,3,45,7,-1,-1,-1,-1,-1,-1
2017220212549,2,5,0,18,0,0,1,0,0,0,4,1,5,1,28,6,599,1,11,-1,-1,-1