Accident_Index,Vehicle_Reference,Vehicle_Type,Towing_and_Articulation,Vehicle_Manoeuvre,Vehicle_Location-Restricted_Lane,Junction_Location,Skidding_and_Overturning,Hit_Object_in_Carriageway,Vehicle_Leaving_Carriageway,Hit_Object_off_Carriageway,1st_Point_of_Impact,Was_Vehicle_Left_Hand_Drive?,Journey_Purpose_of_Driver,Sex_of_Driver,Age_of_Driver,Age_Band_of_Driver,Engine_Capacity_(CC),Propulsion_Code,Age_of_Vehicle,Driver_IMD_Decile,Driver_Home_Area_Type,Vehicle_IMD_Decile
2017220219791,1,9,0,16,0,0,1,10,2,0,4,1,6,1,34,6,1896,2,16,-1,-1,-1
2017220219791,2,9,0,18,0,0,0,0,0,0,1,1,5,1,77,11,1968,2,1,-1,-1,-1
2017220219845,1,9,0,18,0,0,1,0,0,0,1,1,5,1,17,4,1199,1,14,-1,-1,-1
2017220219890,1,9,0,9,0,5,0,0,0,0,1,1,5,1,21,5,1299,1,13,-1,-1,-1
2017220219890,2,1,0,18,0,8,0,0,0,0,3,1,5,1,38,7,-1,-1,-1,-1,-1,-1
2017220219892,1,9,0,4,0,0,0,0,0,0,2,1,5,1,38,7,1796,1,20,-1,-1,-1
2017220219892,2,19,0,18,0,0,0,0,0,0,1,1,1,1,53,8,2198,2,2,-1,-1,-1
2017220219894,1,9,0,18,0,0,0,0,4,6,4,1,5,2,43,7,-1,-1,-1,8,3,8
2017220219894,2,98,1,12,0,0,0,0,0,0,3,1,1,1,57,9,-1,-1,-1,-1,-1,-1
2017220219909,1,9,0,18,0,8,1,7,1,2,1,1,5,2,73,10,-1,-1,-1,-1,-1,-1
2017220219922,1,9,0,9,0,5,0,0,0,0,1,1,5,1,84,11,1910,2,9,-1,-1,-1
2017220219922,2,9,0,18,0,8,5,0,0,0,3,1,5,2,47,8,1242,1,5,-1,-1,-1
2017220219923,1,19,0,9,0,5,0,0,0,0,1,1,6,1,45,7,1560,2,1,-1,-1,-1
2017220219923,2,9,0,18,0,8,0,0,0,0,1,1,2,2,27,6,1248,2,5,-1,-1,-1
2017220219929,1,9,0,17,0,0,1,0,1,11,1,1,6,1,20,4,1900,2,17,-1,-1,-1
2017220219980,1,9,0,7,0,3,0,0,0,0,1,1,2,1,52,8,1584,1,14,-1,-1,-1
2017220219980,2,1,0,18,0,6,0,0,0,0,3,1,2,1,24,5,-1,-1,-1,-1,-1,-1
2017220220029,1,21,1,4,0,1,3,0,7,2,1,1,1,1,62,9,12740,2,3,-1,-1,-1
2017220220067,1,9,0,18,0,0,0,0,0,0,1,1,6,1,65,9,1956,2,3,-1,-1,-1
2017220220067,2,9,0,4,0,0,0,0,0,0,2,1,5,1,22,5,1781,1,18,-1,-1,-1
2017220220077,1,9,0,18,0,8,0,0,0,0,1,1,5,1,42,7,1596,1,8,-1,-1,-1
2017220220077,2,9,0,3,0,8,0,0,0,0,2,1,2,2,28,6,1198,1,3,-1,-1,-1
2017220220082,1,9,0,18,0,2,0,0,0,0,1,1,2,2,25,5,1598,1,12,-1,-1,-1
2017220220082,2,1,0,18,0,6,0,0,0,0,1,1,6,1,15,3,-1,-1,-1,-1,-1,-1
2017220220369,1,9,0,4,0,1,0,0,0,0,1,1,6,1,-1,-1,1396,1,19,-1,-1,-1
2017220220369,2,9,0,3,0,1,0,0,0,0,2,1,3,2,71,10,1199,1,14,-1,-1,-1
2017220220390,1,9,0,9,0,6,0,0,0,0,0,1,5,1,82,11,1997,1,8,6,3,6
2017220220390,2,9,0,18,0,8,2,0,1,11,1,1,5,2,27,6,1796,1,12,-1,3,-1
2017220220485,1,9,0,18,0,8,0,0,0,0,1,1,5,1,35,6,2967,2,4,-1,-1,-1
2017220220485,2,5,0,5,0,4,1,0,0,0,1,1,5,1,64,9,1043,1,3,-1,-1,-1
2017220220485,3,9,0,3,0,1,0,0,0,0,3,1,5,1,69,10,1799,1,11,4,3,4
2017220220520,1,9,0,4,0,0,0,0,0,0,1,1,5,2,80,11,1339,1,9,-1,-1,-1
2017220220520,2,9,0,1,0,0,0,0,0,0,2,1,6,1,20,4,1390,1,16,-1,-1,-1
2017220220546,1,9,0,18,0,0,0,0,0,0,3,1,5,1,30,6,1598,1,9,-1,-1,-1
2017220220546,2,1,0,18,0,0,0,0,0,0,1,1,2,1,38,7,-1,-1,-1,-1,-1,-1
2017220220620,1,9,0,5,0,6,0,0,0,0,0,1,5,1,43,7,998,1,1,-1,-1,-1
2017220220620,2,1,0,18,0,8,0,0,0,0,3,1,5,2,28,6,-1,-1,-1,-1,-1,-1
2017220220648,1,3,0,17,0,0,0,0,0,0,1,1,2,2,54,8,114,1,2,-1,-1,-1
2017220220648,2,19,0,16,0,0,0,0,0,0,1,1,2,1,63,9,1499,2,-1,-1,-1,-1
2017220220694,1,9,0,18,0,3,0,0,0,0,1,1,5,1,56,9,-1,-1,-1,-1,-1,-1
2017220220694,2,9,0,7,0,4,0,0,0,0,1,1,5,2,32,6,1799,1,11,-1,-1,-1
2017220220720,1,1,0,18,0,0,0,0,1,9,3,1,5,1,16,4,-1,-1,-1,-1,-1,-1
2017220220720,2,9,0,13,0,0,0,0,0,0,4,1,5,1,58,9,1951,2,15,-1,-1,-1
2017220220857,1,5,0,16,0,0,1,0,1,0,3,1,5,1,64,9,999,1,6,-1,-1,-1
2017220220857,2,11,0,17,0,0,0,0,0,0,3,1,5,1,59,9,2400,2,14,-1,-1,-1
2017220221050,1,5,0,13,0,8,0,0,7,0,1,1,5,1,42,7,1250,1,9,-1,-1,-1
2017220221050,2,9,0,9,0,5,0,0,0,0,3,1,5,1,31,6,1796,1,11,-1,-1,-1
2017220221061,1,19,0,18,0,0,0,0,0,0,3,1,1,1,45,7,2198,2,3,-1,-1,-1
2017220221105,1,3,0,18,0,1,1,0,0,0,1,1,5,1,59,9,124,1,17,-1,-1,-1
2017220221105,2,3,0,7,0,1,0,0,0,0,2,1,5,1,54,8,123,1,9,-1,-1,-1
2017220221161,1,9,0,17,0,2,5,0,1,11,4,1,5,1,75,10,1596,1,2,-1,-1,-1
2017220221199,1,2,0,18,0,0,0,0,0,0,1,1,5,1,18,4,49,1,14,-1,-1,-1
2017220221199,2,9,0,4,0,0,0,0,0,0,2,1,5,1,37,7,1242,1,12,-1,-1,-1
2017220221242,1,1,0,18,0,0,0,0,0,0,1,1,5,2,53,8,-1,-1,-1,-1,-1,-1
2017220221242,2,1,0,18,0,0,0,0,0,0,1,1,5,2,48,8,-1,-1,-1,-1,-1,-1
2017220221326,1,90,0,17,0,0,0,0,0,0,1,1,5,1,74,10,-1,-1,-1,-1,-1,-1
2017220221326,2,9,0,16,0,0,0,0,0,0,3,1,5,1,21,5,1299,1,9,-1,-1,-1
2017220221326,3,19,0,16,0,0,0,0,0,0,1,1,1,1,23,5,2402,2,6,-1,-1,-1
2017220221970,1,9,0,16,0,0,2,0,7,0,1,1,5,1,24,5,2500,2,18,-1,-1,-1
2017220222095,1,3,0,12,0,0,0,0,0,0,3,1,5,1,35,6,125,1,2,-1,-1,-1
2017220222095,2,9,3,13,0,0,0,0,0,0,4,1,5,1,60,9,2198,2,10,-1,-1,-1
2017220222098,1,9,0,18,0,1,0,0,0,0,1,1,3,2,41,7,1339,1,10,-1,-1,-1
2017220222362,1,9,0,18,0,0,0,0,0,0,1,1,5,2,53,8,1339,1,5,-1,-1,-1
2017220222362,2,1,0,18,0,0,0,0,0,0,2,1,5,1,42,7,-1,-1,-1,-1,-1,-1
2017220222652,1,9,0,18,0,6,0,0,0,0,1,1,5,1,36,7,1896,2,14,-1,-1,-1
2017220222652,2,9,0,18,0,8,0,0,0,0,3,1,5,1,70,10,996,1,6,-1,-1,-1
2017220222696,1,5,0,17,0,0,0,0,0,0,1,1,5,1,54,8,742,1,15,-1,-1,-1
2017220222696,2,9,0,4,0,0,0,0,0,0,1,1,1,2,44,7,1796,2,5,-1,-1,-1
2017220222722,1,9,0,9,0,5,0,0,0,0,1,1,5,1,59,9,1461,2,10,-1,-1,-1
2017220222722,2,1,0,13,0,8,0,0,0,0,1,1,5,1,50,8,-1,-1,-1,-1,-1,-1
2017220222767,1,5,0,17,0,0,0,0,0,0,3,1,5,1,71,10,1050,1,8,-1,-1,-1
2017220222767,2,9,0,16,0,0,0,0,0,0,1,1,5,1,73,10,1997,1,4,-1,-1,-1
2017220222768,1,9,0,16,0,2,2,0,1,9,1,1,5,1,19,4,1124,1,15,4,2,4
2017220222777,1,9,0,7,0,6,0,0,0,0,3,1,5,1,19,4,1299,1,15,5,3,5
2017220222777,2,9,0,13,0,8,0,0,0,0,1,1,5,2,40,7,-1,-1,-1,3,2,3
2017220222831,1,9,0,1,9,6,0,0,1,4,2,1,5,1,89,11,1390,1,7,-1,-1,-1
2017220222870,1,19,0,9,0,5,0,0,0,0,1,1,1,1,28,6,1998,2,11,2,1,2
2017220222870,2,9,0,18,0,8,0,0,0,0,1,1,5,2,31,6,1390,1,11,5,1,5
2017220222873,1,9,0,18,0,0,0,0,0,0,1,1,2,2,60,9,1560,2,1,-1,-1,-1
2017220222873,2,9,0,18,0,0,0,0,0,0,2,1,2,2,45,7,1598,1,8,-1,-1,-1
2017220222873,3,8,0,14,0,0,0,0,0,0,0,1,6,3,34,6,-1,-1,-1,-1,-1,-1
2017220222874,1,9,0,18,0,0,0,0,7,0,1,1,5,1,54,8,998,1,-1,-1,-1,-1
2017220222874,2,9,0,18,0,0,0,0,0,0,1,1,5,2,30,6,1994,2,8,-1,3,-1
2017220222891,1,9,0,11,0,0,1,0,5,6,1,1,5,2,37,7,1388,1,10,2,1,2
2017220222905,1,9,0,18,0,8,0,0,0,0,4,1,5,1,37,7,1968,2,5,8,1,8
2017220222905,2,1,0,7,0,6,0,0,0,0,1,1,5,2,11,3,-1,-1,-1,2,1,2
2017220222977,1,5,0,17,0,0,0,0,7,10,1,1,2,1,51,8,998,1,23,-1,-1,-1
2017220222998,1,9,0,18,0,4,0,0,0,0,1,1,2,2,19,4,1399,2,7,-1,-1,-1
2017220222998,2,1,0,18,0,8,0,0,0,0,1,1,5,1,16,4,-1,-1,-1,-1,-1,-1
2017220223004,1,9,0,9,0,6,0,0,0,0,1,1,5,2,32,6,1198,1,3,-1,-1,-1
2017220223046,1,19,0,2,0,2,0,0,0,0,2,1,2,1,45,7,1598,2,-1,-1,-1,-1
2017220223046,2,9,0,18,0,2,0,4,0,0,1,1,5,2,32,6,1582,2,1,-1,-1,-1
2017220223110,1,19,0,9,0,5,0,0,0,0,4,1,1,1,27,6,2287,2,4,1,1,1
2017220223110,2,3,0,18,0,8,0,0,0,0,1,1,5,1,24,5,125,1,9,-1,-1,-1
2017220223211,1,11,0,18,0,0,0,0,0,0,4,1,1,3,34,6,-1,-1,-1,-1,-1,-1
2017220223264,1,9,0,18,0,0,0,0,0,0,1,1,5,1,46,8,1999,2,1,-1,-1,-1
2017220223264,2,9,0,18,0,0,0,0,0,0,1,1,5,1,61,9,2184,2,11,-1,-1,-1
2017220223277,1,5,0,17,0,0,1,0,7,11,1,1,5,1,44,7,805,1,14,6,1,6
2017220223277,2,9,0,4,0,0,0,0,0,0,0,1,6,3,40,7,2500,2,13,-1,-1,-1
2017220223280,1,9,0,9,0,5,1,0,0,0,1,1,5,1,44,7,-1,-1,-1,-1,-1,-1
2017220223280,2,9,0,18,0,8,1,0,1,9,1,1,5,1,44,7,1598,1,16,-1,-1,-1
2017220223296,1,9,0,9,0,5,0,0,0,0,1,1,5,1,35,6,1560,2,5,1,1,1
2017220223296,2,9,0,18,0,8,0,0,0,0,1,1,5,1,70,10,1388,1,13,2,1,2
2017220223307,1,5,0,5,0,8,1,0,7,1,1,1,5,1,36,7,599,1,7,-1,-1,-1
2017220223320,1,9,0,12,0,7,1,0,0,0,1,1,1,1,24,5,1390,1,5,-1,-1,-1
2017220223320,2,9,0,12,0,7,1,0,1,1,3,1,1,1,30,6,-1,-1,-1,-1,-1,-1
2017220223321,1,9,0,5,0,2,0,0,0,0,3,1,5,1,32,6,1248,2,13,-1,-1,-1
2017220223346,1,21,1,4,0,1,2,9,0,0,4,1,1,1,56,9,12902,2,4,-1,-1,-1
2017220223360,1,9,0,9,0,6,0,0,0,0,1,1,6,3,34,6,-1,-1,-1,-1,-1,-1
2017220223360,2,1,0,18,0,8,0,0,0,0,1,1,2,2,39,7,-1,-1,-1,2,1,2
2017220223382,1,9,0,1,0,0,0,0,0,0,2,1,6,1,27,6,1560,2,1,5,1,5
2017220223426,1,9,0,16,0,0,0,0,7,1,1,1,5,2,57,9,1198,1,-1,-1,-1,-1
2017220223443,1,9,0,18,0,0,2,0,1,0,1,1,5,2,33,6,1388,1,10,-1,-1,-1
2017220223462,1,9,0,18,0,1,0,0,0,0,1,1,2,1,20,4,1229,1,4,-1,-1,-1
2017220223462,2,9,0,9,0,5,0,0,0,0,1,1,5,1,42,7,1560,2,-1,-1,-1,-1
2017220223467,1,17,4,5,0,0,0,0,0,0,3,1,1,1,49,8,-1,2,16,-1,3,-1
2017220223467,2,9,0,18,0,0,0,0,0,0,1,1,6,1,46,8,-1,-1,-1,5,1,5
2017220223498,1,9,0,9,0,5,0,0,0,0,1,1,5,2,55,8,1242,1,9,-1,-1,-1
2017220223498,2,1,0,18,0,8,0,0,0,0,1,1,2,1,21,5,-1,-1,-1,-1,-1,-1
2017220223505,1,9,0,9,0,5,0,0,0,0,1,1,2,2,54,8,1995,2,2,-1,-1,-1
2017220223505,2,9,0,18,0,8,0,0,0,0,1,1,2,2,56,9,1388,1,13,-1,-1,-1
2017220223515,1,9,0,5,0,6,0,0,2,11,1,1,5,1,83,11,1398,2,12,4,2,4
2017220223562,1,9,0,12,0,0,0,0,0,0,1,1,5,2,69,10,1560,2,7,-1,-1,-1
2017220223562,2,17,4,12,0,0,0,0,0,0,2,1,1,1,25,5,6788,2,2,-1,-1,-1
2017220223569,1,9,0,18,0,1,0,0,0,0,1,1,5,1,65,9,2198,2,4,4,3,4
2017220223569,2,9,0,4,0,1,0,0,0,0,2,1,5,1,32,6,1598,2,4,-1,1,-1
2017220223569,3,9,0,10,0,1,0,0,0,0,2,1,5,1,51,8,-1,-1,-1,-1,3,-1
2017220223579,1,19,0,18,0,8,1,0,0,0,1,1,5,1,33,6,1248,2,10,-1,-1,-1
2017220223579,2,1,0,18,0,6,0,0,0,0,1,1,5,2,9,2,-1,-1,-1,-1,-1,-1
2017220223631,1,9,0,4,0,1,0,0,0,0,3,1,5,1,71,10,1560,2,2,-1,-1,-1
2017220223669,1,97,0,18,0,8,1,0,0,0,1,1,5,1,22,5,-1,-1,-1,-1,-1,-1
2017220223669,2,9,0,9,0,5,0,0,8,0,1,1,5,2,73,10,1896,2,11,-1,-1,-1
2017220223741,1,1,0,18,0,0,0,0,0,0,4,1,5,1,65,9,-1,-1,-1,4,2,4
2017220223808,1,9,0,18,0,0,0,4,0,0,1,1,5,2,58,9,2967,2,7,-1,-1,-1
2017220223808,2,19,0,2,0,0,0,0,0,0,2,1,1,1,29,6,2198,2,4,-1,-1,-1
2017220223808,3,9,0,2,0,0,0,0,0,0,1,1,5,2,57,9,999,1,2,-1,-1,-1
2017220223828,1,5,0,17,0,0,1,0,0,0,4,1,5,1,56,9,645,1,3,7,1,7
2017220223903,1,90,0,17,0,0,0,0,0,0,3,1,5,1,43,7,2800,2,13,-1,1,-1
2017220223903,2,1,0,4,0,0,0,0,0,0,4,1,5,1,57,9,-1,-1,-1,7,1,7
2017220224105,1,9,0,18,0,2,0,0,1,10,1,1,5,2,35,6,1582,2,5,-1,-1,-1
2017220224105,2,9,0,14,0,1,0,0,0,0,1,1,5,1,65,9,3909,1,52,5,3,5
2017220224216,1,9,0,18,0,0,0,10,1,11,1,1,5,1,22,5,1560,2,9,-1,-1,-1
2017220224220,1,9,0,18,0,0,0,4,0,0,1,1,5,1,59,9,1348,1,16,-1,-1,-1
2017220224220,2,9,0,2,0,0,0,10,1,11,2,1,5,1,35,6,-1,-1,-1,-1,-1,-1
2017220224243,1,5,0,13,0,8,0,0,0,0,1,1,5,1,54,8,656,1,12,-1,-1,-1
2017220224243,2,19,0,9,0,5,0,0,0,0,3,1,1,1,33,6,1753,2,12,-1,-1,-1
2017220224257,1,1,0,18,0,8,0,10,1,0,3,1,2,1,58,9,-1,-1,-1,-1,-1,-1
2017220224257,2,9,0,13,0,8,0,0,0,0,4,1,6,3,34,6,-1,-1,-1,-1,-1,-1
2017220224268,1,9,0,5,9,6,0,0,0,0,1,1,5,2,69,10,1598,1,15,-1,-1,-1
2017220224294,1,9,0,9,0,5,0,0,0,0,1,1,1,2,20,4,998,1,8,-1,-1,-1
2017220224294,2,1,0,5,0,8,0,0,0,0,1,1,4,1,12,3,-1,-1,-1,-1,-1,-1
2017220224327,1,9,0,18,0,0,0,0,1,11,1,1,5,2,35,6,1400,1,11,-1,-1,-1
2017220224444,1,17,4,18,0,4,0,0,0,0,2,1,1,1,24,5,12880,2,5,-1,-1,-1
2017220224444,2,9,0,18,0,4,0,9,0,0,4,1,2,1,18,4,998,1,2,-1,-1,-1
2017220224633,1,9,5,13,0,0,0,0,7,4,1,1,5,1,21,5,1596,1,13,-1,-1,-1
2017220224633,2,9,0,13,0,0,0,0,0,0,4,1,5,1,28,6,1149,1,11,-1,-1,-1
2017220224633,3,9,0,18,0,0,0,0,0,0,3,1,5,2,37,7,1968,2,5,-1,-1,-1
2017220224655,1,9,0,5,0,4,0,0,0,0,1,1,5,1,73,10,1596,1,4,-1,-1,-1
2017220224655,2,3,0,3,0,1,0,0,0,0,2,1,2,2,61,9,125,1,6,-1,-1,-1
2017220224661,1,9,0,13,0,0,2,0,1,4,4,1,3,2,38,7,1461,2,12,-1,-1,-1
2017220224661,2,98,0,16,0,0,0,0,0,0,1,1,1,1,71,10,-1,-1,-1,-1,-1,-1
2017220224694,1,9,0,17,0,0,5,0,8,4,1,1,5,2,72,10,-1,-1,-1,5,3,5
2017220224706,1,9,0,16,0,1,0,0,7,11,3,1,2,2,25,5,1000,1,2,-1,-1,-1
2017220224708,1,9,0,7,0,5,0,0,0,0,4,1,5,2,33,6,1998,1,9,-1,-1,-1
2017220224713,1,3,0,18,0,8,1,0,0,0,3,1,2,1,19,4,125,1,-1,7,3,7
2017220224713,2,9,0,18,0,4,0,0,0,0,0,1,6,3,34,6,-1,-1,-1,-1,-1,-1
2017220224726,1,9,0,16,0,0,2,0,8,0,3,1,5,1,85,11,1999,2,-1,-1,-1,-1
2017220224981,1,9,0,18,0,8,0,0,0,0,1,1,5,1,44,7,1598,1,13,-1,-1,-1
2017220224981,2,9,0,4,0,8,0,0,0,0,2,1,5,1,22,5,1686,2,11,-1,-1,-1
2017220225048,1,9,0,18,0,0,1,0,1,3,4,1,6,1,18,4,1997,2,18,6,2,6
2017220225087,1,9,0,18,0,0,0,0,0,0,2,1,5,1,51,8,1339,8,8,-1,-1,-1
2017220225087,2,9,0,18,0,0,0,0,0,0,1,1,5,1,42,7,1956,2,1,-1,-1,-1
2017220225087,3,9,0,18,0,0,0,0,0,0,1,1,5,1,27,6,2967,2,8,-1,-1,-1
2017220225087,4,9,0,18,0,0,0,0,0,0,3,1,5,1,24,5,1896,2,14,-1,-1,-1
2017220225087,5,19,0,18,0,0,0,0,0,0,1,2,5,1,48,8,1248,2,2,-1,-1,-1
2017220225087,6,9,0,18,0,0,0,0,0,0,2,1,5,1,56,9,1598,1,2,-1,-1,-1
2017220225112,1,9,0,18,0,3,0,0,0,0,1,1,6,3,34,6,-1,-1,-1,-1,-1,-1
2017220225112,2,1,0,18,0,2,0,0,0,0,3,1,5,1,19,4,-1,-1,-1,-1,-1,-1
2017220225143,1,19,0,1,0,2,0,0,0,0,2,1,1,1,34,6,1995,2,1,-1,-1,-1
2017220225165,1,9,0,18,0,0,0,0,2,7,3,1,1,1,47,8,1968,2,-1,-1,-1,-1
2017220225165,2,9,0,2,6,0,0,0,0,0,2,1,1,1,40,7,999,1,-1,-1,-1,-1
2017220225167,1,9,0,18,0,0,0,0,0,0,1,1,5,1,61,9,1950,2,1,-1,-1,-1
2017220225167,2,21,1,18,0,0,1,0,0,0,1,1,1,1,50,8,11705,2,10,-1,-1,-1
2017220225198,1,9,0,16,0,0,2,10,4,2,1,1,2,2,25,5,1956,2,8,-1,-1,-1
2017220225213,1,9,0,18,0,1,0,0,0,0,1,1,5,1,70,10,2993,2,1,8,3,8
2017220225213,2,9,0,9,0,6,0,0,0,0,3,1,1,1,63,9,1461,2,3,-1,-1,-1
2017220225230,1,1,0,18,0,8,0,0,0,0,2,1,6,1,38,7,-1,-1,-1,-1,-1,-1
2017220225230,2,9,0,18,0,4,0,0,0,0,1,1,6,2,30,6,-1,-1,-1,-1,-1,-1
2017220225247,1,19,0,9,0,5,0,0,0,0,3,1,5,1,71,10,1248,2,3,-1,-1,-1
2017220225247,2,1,0,18,0,1,0,0,0,0,1,1,5,1,28,6,-1,-1,-1,-1,-1,-1
2017220225350,1,1,0,18,0,0,0,0,0,0,2,1,5,1,27,6,-1,-1,-1,-1,-1,-1
2017220225350,2,9,0,18,0,0,0,0,0,0,4,1,6,3,34,6,-1,-1,-1,-1,-1,-1
2017220225392,1,9,0,18,0,0,0,0,0,0,1,1,5,2,69,10,1968,2,3,-1,-1,-1
2017220225392,2,9,0,3,0,0,0,0,0,0,2,1,5,1,76,11,1685,2,2,-1,-1,-1
2017220225392,3,9,3,3,0,0,0,0,0,0,2,1,5,1,27,6,1896,2,16,-1,-1,-1
2017220225560,1,9,0,18,0,0,0,0,2,0,1,1,5,1,23,5,1598,2,4,-1,-1,-1
2017220225560,2,9,0,3,0,0,0,0,0,0,2,1,5,1,52,8,3824,1,12,-1,-1,-1
2017220225560,3,9,0,3,0,0,0,0,0,0,2,1,5,2,25,5,1461,2,2,-1,-1,-1
2017220225596,1,9,0,18,0,1,0,0,0,0,1,1,5,1,67,10,1582,2,7,8,3,8
2017220225596,2,9,0,3,0,1,0,0,0,0,2,1,5,1,22,5,1395,1,1,-1,-1,-1
2017220225596,3,9,0,10,0,1,0,0,0,0,2,1,5,2,35,6,2461,2,9,8,3,8
2017220225680,1,9,0,18,0,1,2,0,1,0,1,1,3,2,46,8,998,1,18,7,1,7
2017220225680,2,11,0,3,0,1,0,0,0,0,4,1,1,1,68,10,9600,2,22,-1,-1,-1
2017220225720,1,9,0,10,0,1,0,0,0,0,2,1,6,2,35,6,1400,2,10,-1,-1,-1
2017220225720,2,11,0,18,0,1,0,0,0,0,1,1,1,1,24,5,-1,-1,-1,-1,-1,-1
2017220225781,1,9,0,17,0,1,2,0,2,1,1,1,4,1,26,6,1968,2,11,-1,-1,-1
2017220225888,1,9,0,3,0,2,0,0,0,0,4,1,5,1,45,7,1461,2,5,-1,-1,-1
2017220225888,2,1,0,18,0,2,0,0,0,0,3,1,2,1,56,9,-1,-1,-1,9,1,9
2017220225913,1,9,0,18,0,8,1,10,1,10,4,1,5,2,21,5,1598,1,15,-1,-1,-1
2017220225913,2,9,0,9,0,6,0,0,0,0,1,1,2,1,35,6,1968,2,1,-1,-1,-1
2017220225949,1,9,0,18,0,0,0,0,0,0,1,1,5,1,24,5,1399,2,13,3,1,3
2017220225949,2,9,0,3,0,0,0,0,0,0,2,1,5,2,32,6,1996,1,2,-1,-1,-1
2017220225949,3,9,0,2,0,0,0,0,0,0,1,1,5,1,-1,-1,1956,2,5,3,1,3
2017220225984,1,9,0,5,0,8,0,0,0,0,2,1,5,1,17,4,1390,1,13,-1,-1,-1
2017220225984,2,2,0,5,0,8,0,0,0,0,1,1,5,1,69,10,49,1,24,-1,-1,-1
2017220225999,1,8,0,5,0,0,0,0,0,0,4,1,1,1,34,6,1560,2,3,-1,-1,-1
2017220226078,1,9,0,18,9,0,0,4,7,0,1,1,5,1,30,6,1398,1,6,-1,-1,-1
2017220226078,2,9,0,2,9,0,0,0,0,0,1,1,5,1,20,4,1461,2,3,-1,-1,-1
2017220226096,1,9,0,18,0,8,0,0,0,0,1,1,6,1,34,6,1973,1,17,-1,-1,-1
2017220226096,2,9,0,7,0,5,0,0,0,0,2,1,5,1,57,9,2495,2,20,4,3,4
2017220226111,1,9,0,17,0,0,5,0,8,11,3,1,5,1,19,4,1598,1,10,6,3,6
2017220226118,1,17,4,1,0,2,0,0,0,0,2,1,1,1,22,5,-1,2,9,-1,-1,-1
2017220226118,2,9,0,4,0,2,0,0,0,0,1,1,2,1,32,6,2996,1,10,-1,-1,-1
2017220226197,1,9,0,16,0,0,1,0,8,7,1,1,5,2,30,6,1997,2,10,-1,-1,-1
2017220226210,1,3,0,9,0,5,1,0,0,0,3,1,2,1,17,4,125,1,5,6,3,6
2017220226241,1,9,0,4,0,4,0,0,0,0,2,1,6,1,29,6,1968,2,10,-1,-1,-1
2017220226241,2,9,0,18,0,4,0,0,0,0,1,1,3,2,34,6,1296,1,10,-1,-1,-1
2017220226309,1,9,0,18,0,0,1,10,7,11,1,1,2,2,18,4,1149,1,12,-1,-1,-1
2017220226418,1,9,0,18,0,8,0,0,0,0,1,1,2,2,31,6,1390,1,8,-1,-1,-1
2017220226418,2,9,0,10,0,8,0,0,0,0,2,1,2,2,25,5,1995,1,7,-1,-1,-1
2017220226463,1,8,0,9,0,5,0,0,0,0,3,1,1,1,40,7,2143,2,2,-1,-1,-1
2017220226535,1,9,0,9,9,5,0,0,0,0,1,1,5,1,77,11,1560,2,12,-1,-1,-1
2017220226571,1,9,0,9,0,5,0,0,0,0,4,1,5,2,22,5,1868,2,15,5,3,5
2017220226571,2,9,0,18,0,8,0,0,0,0,1,1,5,1,27,6,1968,2,10,-1,-1,-1
2017220226748,1,19,0,16,0,0,1,0,0,0,1,1,2,1,34,6,2143,2,2,4,1,4
2017220226748,2,19,0,17,0,0,0,0,1,0,3,1,2,1,53,8,2461,2,14,4,3,4
2017220226750,1,5,0,18,0,8,0,0,0,0,1,1,5,1,38,7,749,1,13,-1,-1,-1
2017220226750,2,19,0,10,0,8,0,0,0,0,2,1,1,1,24,5,2143,2,2,-1,-1,-1
2017220226787,1,9,0,18,0,5,1,0,1,0,1,1,2,2,47,8,1799,1,9,-1,-1,-1
2017220226788,1,9,0,16,0,0,1,0,0,0,1,1,3,1,50,8,1686,2,15,-1,-1,-1
2017220226788,2,9,0,17,0,0,0,0,1,9,3,1,1,1,50,8,1396,1,6,-1,1,-1
2017220226791,1,1,0,7,0,3,1,0,0,0,4,1,5,1,56,9,-1,-1,-1,-1,-1,-1
2017220227026,1,1,0,18,0,1,0,0,0,0,1,1,2,1,28,6,-1,-1,-1,-1,-1,-1
2017220227026,2,9,0,5,0,6,0,0,0,0,1,1,2,2,28,6,1339,8,10,-1,-1,-1
2017220227444,1,9,0,18,0,0,0,0,0,0,4,1,5,2,67,10,1399,2,8,-1,-1,-1
2017220227444,2,1,0,18,0,0,0,0,0,0,2,1,2,1,35,6,-1,-1,-1,-1,-1,-1
2017220227719,1,9,0,12,0,0,0,0,0,0,1,1,2,2,60,9,1598,1,8,-1,-1,-1
2017220227719,2,9,0,4,0,0,0,0,0,0,2,1,5,2,49,8,1364,1,-1,-1,-1,-1
2017220227732,1,9,0,9,0,0,0,0,0,0,1,1,5,1,33,6,1599,1,8,-1,-1,-1
2017220227732,2,1,0,18,0,0,0,0,0,0,3,1,5,2,52,8,-1,-1,-1,-1,-1,-1
2017220227757,1,9,0,1,0,0,0,0,0,0,2,1,6,1,57,9,-1,-1,-1,-1,3,-1
2017220227757,2,9,0,3,0,0,0,0,0,0,1,1,5,2,25,5,1560,2,3,-1,-1,-1
2017220227820,1,9,0,18,0,0,0,0,0,0,4,1,2,2,31,6,1781,1,16,-1,-1,-1
2017220228466,1,9,0,9,9,6,0,0,0,0,1,1,5,2,26,6,1198,1,12,-1,-1,-1