Accident_Index,Vehicle_Reference,Vehicle_Type,Towing_and_Articulation,Vehicle_Manoeuvre,Vehicle_Location-Restricted_Lane,Junction_Location,Skidding_and_Overturning,Hit_Object_in_Carriageway,Vehicle_Leaving_Carriageway,Hit_Object_off_Carriageway,1st_Point_of_Impact,Was_Vehicle_Left_Hand_Drive?,Journey_Purpose_of_Driver,Sex_of_Driver,Age_of_Driver,Age_Band_of_Driver,Engine_Capacity_(CC),Propulsion_Code,Age_of_Vehicle,Driver_IMD_Decile,Driver_Home_Area_Type,Vehicle_IMD_Decile
2017220228466,2,22,0,18,9,8,0,0,0,0,3,1,5,1,85,11,-1,-1,-1,-1,-1,-1
2017220228516,1,9,0,18,0,0,0,0,7,10,3,1,2,1,25,5,1388,1,11,-1,-1,-1
2017220228598,1,9,0,9,0,6,0,0,0,0,1,1,6,3,34,6,1997,2,4,-1,-1,-1
2017220228598,2,9,0,18,0,8,0,0,0,0,4,1,5,1,26,6,-1,-1,-1,-1,-1,-1
2017220228615,1,9,0,17,0,0,0,0,0,0,1,1,6,1,30,6,1229,1,3,-1,-1,-1
2017220228631,1,9,0,16,0,8,1,0,2,11,4,1,2,1,21,5,1198,1,11,3,1,3
2017220228666,1,9,0,5,0,6,0,0,0,0,1,1,6,1,-1,-1,1399,1,9,-1,-1,-1
2017220228666,2,1,0,18,0,1,0,0,0,0,4,1,5,2,48,8,-1,-1,-1,-1,-1,-1
2017220228679,1,5,0,18,0,0,0,0,0,0,1,1,5,1,63,9,805,1,4,-1,1,-1
2017220228679,2,9,0,4,0,0,0,0,0,0,2,1,5,2,18,4,1242,1,-1,8,3,8
2017220228709,1,9,0,9,0,8,0,0,0,0,1,1,5,1,31,6,1686,2,5,10,1,10
2017220228709,2,9,0,18,0,1,0,0,0,0,1,1,2,1,39,7,1598,2,3,10,1,10
2017220228765,1,9,0,9,0,5,0,0,0,0,4,1,5,1,22,5,1600,1,9,-1,-1,-1
2017220228765,2,9,0,18,0,1,0,0,0,0,1,1,5,1,19,4,1598,1,11,-1,-1,-1
2017220228809,1,8,0,5,0,8,0,0,7,0,4,1,1,1,31,6,2143,2,1,-1,-1,-1
2017220228809,2,9,0,18,0,1,0,0,0,0,1,1,5,1,22,5,1360,1,16,-1,-1,-1
2017220228848,1,9,0,7,0,1,0,0,1,0,2,1,6,1,37,7,1995,2,9,-1,-1,-1
2017220228848,2,19,0,18,0,1,0,0,0,0,1,1,6,1,62,9,2198,2,7,-1,-1,-1
2017220228885,1,9,0,9,0,5,0,0,0,0,2,1,5,1,62,9,1956,2,8,-1,-1,-1
2017220228885,2,5,0,13,0,8,0,0,0,0,1,1,5,1,52,8,1050,1,1,-1,-1,-1
2017220228987,1,21,1,16,0,0,0,0,0,0,3,1,1,1,51,8,12902,2,4,-1,-1,-1
2017220228987,2,9,0,13,0,0,1,0,0,0,1,1,5,1,20,4,1995,2,11,-1,-1,-1
2017220228987,3,8,0,17,0,0,0,0,0,0,1,1,1,1,61,9,1598,2,4,-1,-1,-1
2017220229005,1,9,0,4,0,1,0,0,0,0,2,1,2,1,40,7,1999,1,7,8,3,8
2017220229005,2,9,0,18,0,1,0,0,0,0,1,1,1,1,60,9,1685,2,-1,5,3,5
2017220229025,1,19,0,12,0,8,0,0,0,0,3,1,1,1,28,6,2299,2,-1,-1,-1,-1
2017220229025,2,9,0,18,0,8,0,0,0,0,4,1,1,1,44,7,1910,2,8,-1,-1,-1
2017220229238,1,9,0,18,0,1,0,0,0,0,1,1,6,3,25,5,-1,-1,-1,-1,-1,-1
2017220229238,2,9,0,3,0,1,0,0,0,0,2,1,6,2,58,9,1499,8,1,-1,-1,-1
2017220229311,1,9,0,5,0,1,0,0,0,0,4,1,6,2,35,6,1298,1,8,-1,-1,-1
2017220229311,2,1,0,18,9,6,0,0,0,0,1,1,6,1,38,7,-1,-1,-1,-1,-1,-1
2017220229336,1,9,0,5,0,6,0,0,0,0,3,1,5,2,49,8,1598,1,5,-1,-1,-1
2017220229336,2,1,0,18,0,6,0,0,0,0,1,1,4,1,13,3,-1,-1,-1,-1,-1,-1
2017220229344,1,9,0,18,0,2,0,0,0,0,4,1,5,2,69,10,1395,1,2,4,3,4
2017220229359,1,9,0,9,0,5,0,0,0,0,4,1,5,1,39,7,1242,1,6,-1,-1,-1
2017220229359,2,3,0,18,0,8,0,0,0,0,1,1,2,1,18,4,-1,-1,-1,-1,-1,-1
2017220229605,1,5,0,18,0,0,0,7,7,7,1,1,6,1,48,8,883,1,2,-1,-1,-1
2017220229657,1,9,0,16,0,1,1,0,7,2,1,1,5,1,26,6,973,1,16,-1,-1,-1
2017220229672,1,19,0,18,0,0,0,0,5,6,1,1,1,1,53,8,1968,2,7,-1,-1,-1
2017220229729,1,9,0,13,0,0,0,0,0,0,4,1,6,1,34,6,-1,-1,-1,6,2,6
2017220229729,2,1,0,17,0,0,0,0,0,0,3,1,5,1,37,7,-1,-1,-1,10,2,10
2017220229766,1,19,0,9,0,5,0,0,0,0,4,1,1,1,48,8,1560,2,3,5,3,5
2017220229766,2,5,0,18,0,8,0,0,0,0,1,1,5,1,70,10,865,1,2,9,1,9
2017220229781,1,19,0,16,0,0,0,0,1,10,1,1,5,1,27,6,1870,2,13,-1,-1,-1
2017220229781,2,9,0,4,0,0,0,0,1,9,1,1,5,2,30,6,1360,1,15,-1,-1,-1
2017220229789,1,9,0,9,0,6,0,0,1,0,1,1,5,1,65,9,1560,2,-1,-1,-1,-1
2017220229789,2,9,0,18,0,1,0,0,1,0,3,1,5,2,78,11,1390,1,13,-1,-1,-1
2017220229796,1,9,0,16,0,8,0,0,0,0,1,1,5,2,50,8,1242,1,5,-1,-1,-1
2017220229796,2,1,0,18,0,6,0,10,3,0,2,1,5,1,9,2,-1,-1,-1,-1,-1,-1
2017220229813,1,9,0,7,0,5,0,0,0,0,4,1,6,3,72,10,-1,-1,-1,-1,-1,-1
2017220229813,2,1,0,18,0,8,0,0,0,0,1,1,5,1,73,10,-1,-1,-1,-1,-1,-1
2017220229830,1,21,1,18,0,0,2,4,1,0,1,1,1,1,42,7,12600,2,13,-1,-1,-1
2017220229830,2,21,1,2,0,0,0,0,0,0,2,1,1,1,37,7,12900,2,9,-1,-1,-1
2017220229832,1,19,0,18,0,1,0,0,0,0,1,1,6,1,40,7,2198,2,4,-1,-1,-1
2017220229834,1,9,0,17,0,2,1,0,1,11,1,1,5,1,24,5,1398,2,11,-1,-1,-1
2017220229844,1,9,0,18,0,0,0,4,0,0,1,1,6,2,80,11,998,1,1,-1,-1,-1
2017220229844,2,9,0,2,0,0,0,0,0,0,3,1,5,1,22,5,1229,1,2,-1,-1,-1
2017220229861,1,9,0,10,0,1,0,0,0,0,2,1,5,2,34,6,1596,1,12,-1,-1,-1
2017220229861,2,9,0,4,0,1,0,0,0,0,1,1,6,1,31,6,1910,2,10,-1,-1,-1
2017220229948,1,9,0,16,0,0,0,0,0,0,1,1,2,1,28,6,1596,1,9,6,1,6
2017220229948,2,9,0,17,0,0,0,0,0,0,1,1,2,1,66,10,2993,2,11,5,3,5
2017220230141,1,11,0,18,0,0,0,0,0,0,1,1,1,2,49,8,5900,2,15,-1,-1,-1
2017220230141,2,1,0,18,0,0,0,0,0,0,3,1,4,1,13,3,-1,-1,-1,-1,-1,-1
2017220230160,1,9,0,18,0,0,0,10,7,2,1,1,5,2,31,6,1461,2,12,-1,-1,-1
2017220230331,1,9,0,18,0,0,0,4,7,11,1,1,1,2,48,8,1968,2,7,-1,-1,-1
2017220230331,2,9,0,2,0,0,0,0,0,0,4,1,5,1,20,4,1339,1,1,-1,-1,-1
2017220230347,1,9,0,9,0,5,0,0,0,0,1,1,5,2,82,11,1061,1,13,6,3,6
2017220230347,2,5,0,18,0,8,0,0,0,0,1,1,5,1,43,7,918,1,18,-1,-1,-1
2017220230534,1,9,0,18,0,8,0,0,0,0,1,1,5,2,44,7,1364,1,9,-1,-1,-1
2017220230534,2,9,0,5,0,6,0,0,0,0,3,1,5,1,76,11,1364,1,1,-1,-1,-1
2017220230590,1,9,0,9,0,8,0,0,0,0,4,1,5,2,18,4,1590,1,24,-1,-1,-1
2017220230590,2,9,0,18,0,4,0,0,0,0,1,1,5,2,67,10,999,1,2,-1,-1,-1
2017220230617,1,9,0,5,0,6,0,0,0,0,1,1,5,2,31,6,1598,1,7,5,3,5
2017220230619,1,1,0,18,0,0,0,0,0,0,1,1,2,1,62,9,-1,-1,-1,-1,-1,-1
2017220230619,2,9,0,3,0,0,0,0,0,0,3,1,2,1,58,9,-1,-1,-1,-1,-1,-1
2017220230634,1,9,0,16,0,0,0,0,0,0,3,1,5,2,23,5,1560,2,10,-1,-1,-1
2017220230634,2,21,1,17,0,0,0,0,0,0,1,1,1,1,60,9,-1,-1,-1,-1,-1,-1
2017220230714,1,9,0,9,0,6,0,0,0,0,4,1,5,1,75,10,1596,1,10,-1,-1,-1
2017220230714,2,9,0,9,0,5,0,0,0,0,3,1,1,1,51,8,1753,2,8,-1,-1,-1
2017220230745,1,3,0,13,0,8,0,4,7,0,1,1,5,1,64,9,125,1,2,-1,-1,-1
2017220230745,2,9,0,5,0,6,0,0,0,0,1,1,5,1,32,6,1870,2,12,-1,-1,-1
2017220230776,1,9,0,9,0,6,0,0,0,0,1,1,5,1,30,6,1560,2,12,-1,-1,-1
2017220230781,1,9,0,1,0,0,0,4,0,0,2,1,5,2,26,6,-1,-1,-1,-1,-1,-1
2017220230781,2,9,0,2,0,0,0,0,0,0,2,1,5,1,31,6,1956,2,5,-1,-1,-1
2017220230877,1,9,0,4,0,1,1,0,0,0,1,1,5,2,58,9,1783,1,14,-1,-1,-1
2017220230877,2,9,0,4,0,1,1,0,0,0,2,1,5,2,62,9,1339,1,8,-1,-1,-1
2017220230877,3,9,0,4,0,1,1,0,0,0,2,1,5,2,18,4,1362,1,4,-1,-1,-1
2017220230877,4,9,0,4,0,1,0,0,0,0,2,1,5,1,55,8,2698,2,7,-1,-1,-1
2017220230879,1,9,0,16,0,0,0,6,0,0,1,1,5,1,46,8,1598,2,4,10,1,10
2017220230952,1,9,0,18,9,0,0,10,0,0,4,1,6,3,34,6,-1,-1,-1,-1,-1,-1
2017220230990,1,9,0,18,0,0,5,0,0,0,1,1,2,2,27,6,998,1,1,-1,-1,-1
2017220230990,2,9,0,18,0,0,0,0,0,0,1,1,2,1,23,5,1399,1,1,-1,-1,-1
2017220231163,1,3,0,18,0,0,1,0,0,0,4,1,2,1,22,5,124,1,12,-1,-1,-1
2017220231250,1,9,0,18,0,8,0,0,0,0,1,1,5,1,49,8,1594,7,12,-1,-1,-1
2017220231250,2,9,0,9,0,5,0,0,0,0,1,1,5,1,23,5,1999,1,6,-1,-1,-1
2017220231272,1,9,0,7,0,6,0,0,0,0,1,1,5,1,35,6,1995,2,13,-1,-1,-1
2017220231272,2,9,0,4,0,6,0,0,0,0,4,1,1,1,36,7,1242,1,-1,-1,-1,-1
2017220231317,1,9,0,17,0,0,0,0,0,0,0,1,6,3,34,6,-1,-1,-1,-1,-1,-1
2017220231317,2,3,0,16,0,0,1,0,1,0,3,1,1,1,17,4,125,1,1,-1,-1,-1
2017220231341,1,9,0,16,0,0,0,0,7,10,1,1,5,2,53,8,998,1,2,8,3,8
2017220231356,1,9,0,18,0,8,0,10,1,2,1,1,5,2,33,6,-1,-1,-1,-1,-1,-1
2017220231400,1,9,0,1,0,0,0,0,0,0,2,1,1,1,29,6,2362,1,11,-1,-1,-1
2017220231406,1,9,0,18,0,4,0,0,0,0,1,1,5,1,50,8,1560,2,6,-1,-1,-1
2017220231406,2,9,0,3,0,1,0,0,0,0,2,1,5,2,55,8,1388,1,7,-1,-1,-1
2017220231499,1,9,0,10,0,1,0,0,0,0,2,1,1,1,45,7,1124,1,17,-1,-1,-1
2017220231499,2,9,0,18,0,1,0,0,0,0,1,1,1,1,44,7,1956,2,1,-1,-1,-1
2017220231574,1,8,0,4,0,0,0,0,0,0,2,1,1,1,29,6,-1,-1,-1,-1,-1,-1
2017220231574,2,1,0,18,0,0,0,0,0,0,1,1,5,1,41,7,-1,-1,-1,-1,-1,-1
2017220231699,1,9,0,13,0,0,0,0,0,0,4,1,5,1,74,10,1560,2,5,-1,-1,-1
2017220231699,2,1,0,18,0,0,0,0,0,0,3,1,5,1,69,10,-1,-1,-1,-1,-1,-1
2017220231700,1,9,0,18,0,6,0,0,0,0,1,1,5,1,54,8,1596,1,8,-1,-1,-1
2017220231700,2,1,0,18,0,8,0,0,0,0,4,1,5,1,49,8,-1,-1,-1,-1,-1,-1
2017220231726,1,9,0,18,0,0,1,0,0,0,1,1,6,1,59,9,-1,-1,-1,-1,-1,-1
2017220231728,1,9,0,16,0,0,1,0,0,0,1,1,1,2,22,5,998,1,15,-1,-1,-1
2017220231728,2,19,0,17,0,0,0,0,0,0,1,1,1,1,28,6,2143,2,1,-1,-1,-1
2017220231733,1,1,0,16,0,8,1,0,0,0,1,1,5,1,62,9,-1,-1,-1,-1,-1,-1
2017220231733,2,9,0,7,0,5,0,0,0,0,3,1,5,1,57,9,-1,-1,-1,-1,-1,-1
2017220231735,1,3,0,16,0,0,1,0,0,0,1,1,5,1,17,4,124,1,14,-1,-1,-1
2017220231735,2,9,0,17,0,0,0,0,0,0,3,1,5,1,47,8,1995,2,4,-1,-1,-1
2017220231830,1,9,0,13,0,8,5,0,0,0,1,1,5,1,21,5,1984,1,12,3,1,3
2017220231830,2,9,0,9,0,6,0,0,0,0,3,1,5,1,70,10,1461,2,2,6,3,6
2017220231869,1,9,0,18,0,4,0,0,0,0,1,1,6,2,25,5,1397,1,9,-1,-1,-1
2017220231869,2,9,0,9,0,8,0,0,1,10,1,1,6,1,61,9,1968,2,2,-1,-1,-1
2017220231933,1,9,0,18,0,8,0,0,0,0,1,1,2,2,29,6,1598,2,4,-1,-1,-1
2017220231933,2,2,0,18,0,8,0,0,0,0,2,1,2,1,16,4,48,1,-1,-1,-1,-1
2017220231949,1,19,0,17,0,0,0,0,0,0,3,1,2,1,29,6,2198,2,7,-1,-1,-1
2017220231949,2,9,0,16,0,0,0,0,0,0,3,1,2,1,56,9,2179,2,3,-1,-1,-1
2017220231991,1,9,0,7,0,4,0,0,0,0,1,1,5,2,73,10,1956,2,6,-1,-1,-1
2017220231991,2,1,0,18,0,8,0,0,0,0,4,1,5,1,51,8,-1,-1,-1,-1,-1,-1
2017220232017,1,9,0,16,0,0,2,0,1,11,4,1,5,2,40,7,1229,1,13,-1,-1,-1
2017220232046,1,9,0,18,0,0,0,0,7,0,1,1,6,1,28,6,2204,2,10,-1,-1,-1
2017220232046,2,9,0,18,0,0,0,0,0,0,1,1,5,1,35,6,1968,2,-1,-1,-1,-1
2017220232067,1,9,0,10,0,8,0,0,0,0,2,1,5,1,41,7,2000,2,12,-1,-1,-1
2017220232067,2,9,0,18,0,1,5,10,0,0,1,1,5,1,84,11,1582,2,1,-1,-1,-1
2017220232104,1,19,0,9,0,6,0,0,0,0,4,1,1,1,20,4,1598,2,2,-1,-1,-1
2017220232104,2,3,0,18,0,8,0,0,0,0,1,1,5,2,17,4,125,1,4,-1,-1,-1
2017220232137,1,9,0,18,0,0,2,10,7,10,1,1,1,1,53,8,1896,2,11,-1,-1,-1
2017220232217,1,9,0,10,0,8,0,0,0,0,2,1,5,1,21,5,1242,1,10,-1,-1,-1
2017220232217,2,19,0,18,0,8,1,0,0,0,1,1,2,1,30,6,1968,2,4,-1,-1,-1
2017220232278,1,9,0,18,0,1,0,0,0,0,1,1,2,1,24,5,1242,1,3,5,3,5
2017220232278,2,9,0,18,0,8,0,0,0,0,1,1,5,1,34,6,1997,1,11,-1,-1,-1
2017220232278,3,9,0,3,0,1,0,0,0,0,2,1,5,1,40,7,1969,2,1,-1,-1,-1
2017220232278,4,9,0,3,0,1,0,0,1,0,2,1,5,1,48,8,1598,2,1,3,1,3
2017220232330,1,9,0,4,0,6,0,0,0,0,1,1,6,1,40,7,-1,-1,-1,-1,1,-1
2017220232330,2,1,0,18,0,8,0,0,0,0,4,1,6,1,58,9,-1,-1,-1,-1,-1,-1
2017220232346,1,9,0,18,0,1,0,0,1,10,3,1,5,2,19,4,1229,1,8,-1,-1,-1
2017220232346,2,1,0,18,0,6,0,0,0,0,1,1,2,1,63,9,-1,-1,-1,-1,-1,-1
2017220232362,1,9,0,9,0,4,0,0,0,0,1,1,5,1,80,11,998,1,3,-1,-1,-1
2017220232362,2,1,0,18,0,3,0,0,0,0,4,1,5,1,56,9,-1,-1,-1,-1,-1,-1
2017220232383,1,9,0,18,0,0,2,10,2,4,1,1,2,1,25,5,1998,1,14,-1,-1,-1
2017220232398,1,9,0,18,0,0,0,12,0,0,1,1,2,2,34,6,1956,2,6,5,1,5
2017220232398,2,9,0,18,0,0,0,12,0,0,1,1,2,1,55,8,1596,1,12,-1,-1,-1
2017220232420,1,9,0,17,0,0,1,12,0,0,1,1,5,1,34,6,1988,2,11,-1,-1,-1
2017220232483,1,9,0,5,0,6,0,0,1,0,3,1,6,2,65,9,998,1,14,-1,-1,-1
2017220232483,2,9,0,18,0,1,1,0,0,0,1,1,6,1,20,4,1598,2,4,-1,-1,-1
2017220232523,1,9,0,5,0,6,0,0,0,0,4,1,5,1,69,10,2771,2,21,-1,-1,-1
2017220232550,1,20,1,18,0,1,1,0,0,0,1,1,1,1,69,10,-1,2,14,6,3,6
2017220232550,2,9,0,9,0,6,0,0,0,0,3,1,6,2,86,11,1086,1,12,-1,-1,-1
2017220232618,1,9,0,16,0,0,5,0,7,9,1,1,5,2,17,4,1198,1,-1,-1,-1,-1
2017220232625,1,9,0,18,0,8,0,0,0,0,1,1,1,1,52,8,1390,1,17,-1,-1,-1
2017220232625,2,10,0,9,0,6,0,0,0,0,1,1,1,1,41,7,-1,-1,-1,5,2,5
2017220232640,1,9,0,18,0,0,0,0,0,0,4,1,3,2,40,7,1560,2,7,-1,-1,-1
2017220232664,1,9,0,18,0,1,0,0,0,0,1,1,6,1,47,8,-1,-1,-1,-1,-1,-1
2017220232664,2,9,0,9,0,5,0,0,0,0,1,1,6,1,53,8,1328,1,9,-1,-1,-1
2017220232760,1,9,0,5,0,6,0,0,0,0,1,1,2,2,37,7,1149,1,9,-1,-1,-1
2017220232760,2,9,0,18,0,1,0,0,0,0,3,1,5,1,69,10,1995,2,3,-1,-1,-1
2017220232764,1,9,0,18,0,0,0,0,0,0,1,1,6,2,55,8,1560,2,9,6,3,6
2017220232764,2,9,0,18,0,0,0,0,0,0,1,1,6,1,79,11,1796,1,13,-1,-1,-1
2017220232798,1,9,0,18,0,0,0,0,0,0,1,1,2,1,21,5,-1,-1,-1,-1,-1,-1
2017220232798,2,9,0,2,0,0,0,0,0,0,2,1,1,1,29,6,1686,2,10,-1,-1,-1
2017220232798,3,9,0,2,0,0,0,0,0,0,2,1,1,1,23,5,-1,-1,-1,-1,-1,-1
2017220232798,4,9,0,2,0,0,0,0,0,0,2,1,2,1,24,5,2987,2,2,-1,-1,-1
2017220232798,5,19,0,3,0,0,0,0,0,0,2,1,1,1,35,6,2198,2,4,-1,-1,-1
2017220232842,1,9,0,18,0,0,0,0,0,0,4,1,6,1,40,7,1598,2,1,-1,-1,-1
2017220232842,2,1,0,18,0,0,0,0,0,0,3,1,6,1,37,7,-1,-1,-1,-1,-1,-1
2017220232880,1,5,0,6,0,8,0,0,0,0,3,1,5,1,44,7,1237,1,6,-1,-1,-1
2017220232937,1,9,0,18,0,0,0,0,0,0,1,1,1,2,45,7,1995,2,3,-1,-1,-1
2017220232937,2,9,0,4,0,0,0,0,0,0,2,1,6,1,26,6,1997,2,11,-1,-1,-1
2017220232969,1,5,0,9,0,8,0,0,0,0,1,1,6,1,29,6,942,1,10,-1,-1,-1
2017220232969,2,9,0,18,0,1,0,0,0,0,1,1,6,2,50,8,973,1,15,-1,-1,-1
2017220233018,1,9,0,5,0,0,0,0,0,0,3,1,5,2,55,8,1198,1,4,-1,-1,-1
2017220233018,2,9,0,14,0,0,0,0,0,0,4,1,5,2,36,7,1598,1,2,-1,-1,-1
2017220233036,1,3,0,18,0,3,1,0,0,0,1,1,5,1,22,5,124,1,6,-1,-1,-1
2017220233105,1,9,0,17,0,0,5,0,1,0,3,1,5,2,17,4,998,1,8,-1,-1,-1
2017220233286,1,9,0,5,0,6,0,0,0,0,1,1,2,1,60,9,1242,1,4,-1,-1,-1
2017220233286,2,1,0,18,0,8,0,0,0,0,4,1,2,2,59,9,-1,-1,-1,-1,-1,-1
2017220233464,1,17,0,17,0,8,0,0,0,0,4,1,1,1,71,10,3800,2,3,-1,-1,-1
2017220233504,1,9,0,9,0,5,0,0,0,0,4,1,6,1,53,8,1560,2,3,-1,-1,-1
2017220233504,2,5,0,18,0,1,1,0,0,0,1,1,6,1,41,7,1299,1,15,-1,-1,-1
2017220233551,1,98,0,18,0,0,2,0,2,10,1,1,1,1,27,6,-1,-1,-1,-1,-1,-1
2017220233551,2,98,0,18,0,0,0,0,0,0,1,1,1,1,58,9,-1,-1,-1,-1,-1,-1
2017220233625,1,9,0,18,0,0,0,0,0,0,1,1,6,1,88,11,2953,1,2,-1,-1,-1
2017220233625,2,9,0,18,0,0,0,0,0,0,1,1,3,1,39,7,2967,2,7,-1,-1,-1
2017220233844,1,1,0,18,0,4,0,0,0,0,3,1,1,1,27,6,-1,-1,-1,-1,-1,-1
2017220233844,2,9,0,18,0,4,0,0,0,0,1,1,6,3,28,6,-1,-1,-1,-1,-1,-1
2017220233884,1,9,0,9,0,6,0,0,0,0,3,1,2,2,47,8,1388,1,18,-1,-1,-1
2017220233884,2,3,0,18,0,1,0,0,0,0,1,1,2,1,38,7,124,1,26,-1,-1,-1
2017220233894,1,9,0,16,0,0,0,0,0,0,0,1,6,2,30,6,-1,-1,-1,-1,-1,-1
2017220233894,2,3,0,17,0,0,0,0,1,0,1,1,5,1,21,5,-1,-1,-1,-1,-1,-1
2017220233940,1,9,0,11,0,1,0,0,1,11,4,1,5,2,47,8,1398,2,15,-1,-1,-1
2017220233940,2,21,0,18,0,1,0,0,0,0,3,1,1,1,57,9,12740,2,1,-1,-1,-1
2017220233952,1,9,0,9,0,6,0,0,0,0,0,1,5,2,32,6,1969,2,3,5,3,5
2017220233952,2,9,0,18,0,8,0,0,1,11,1,1,5,2,58,9,1999,2,-1,-1,-1,-1
2017220233958,1,9,0,18,0,0,0,0,7,4,1,1,6,1,51,8,1998,1,15,-1,-1,-1
2017220234063,1,9,0,17,0,8,0,4,0,0,4,1,5,1,78,11,1390,1,10,-1,-1,-1
2017220234063,2,9,0,2,0,8,0,0,0,0,3,1,5,2,53,8,2987,2,7,-1,-1,-1
2017220234063,3,9,0,2,0,8,0,0,0,0,3,1,5,2,70,10,1896,2,14,-1,-1,-1
2017220234090,1,9,0,9,0,8,0,0,0,0,3,1,6,1,22,5,998,1,17,-1,-1,-1
2017220234090,2,9,0,18,0,3,0,0,0,0,4,1,5,1,28,6,1968,2,1,-1,-1,-1
2017220234217,1,9,0,9,0,2,0,0,0,0,1,1,5,2,64,9,1870,2,15,-1,-1,-1
2017220234370,1,9,0,18,0,0,0,0,4,6,1,1,5,1,25,5,998,1,12,-1,-1,-1
2017220234370,2,98,1,11,0,0,0,0,0,0,4,1,1,1,40,7,-1,-1,-1,-1,-1,-1
2017220234415,1,9,0,16,0,0,2,0,7,0,1,1,5,1,24,5,1598,1,16,-1,-1,-1
2017220234453,1,9,0,10,0,8,0,0,0,0,3,1,5,2,71,10,1395,1,2,-1,-1,-1
2017220234453,2,9,0,18,0,1,2,0,1,0,3,1,5,1,32,6,1598,1,10,-1,-1,-1
2017220234461,1,9,0,18,0,0,0,0,0,0,1,1,6,3,25,5,-1,-1,-1,-1,-1,-1
2017220234461,2,9,0,4,0,0,0,0,0,0,2,1,5,2,37,7,1198,1,11,-1,-1,-1
2017220234467,1,9,0,18,0,0,0,10,1,11,1,1,5,1,39,7,1968,2,13,-1,-1,-1
2017220234546,1,9,0,1,0,6,0,0,0,0,2,1,6,1,40,7,1397,1,15,-1,-1,-1
2017220234546,2,9,0,18,0,1,0,0,0,0,4,1,6,2,41,7,1248,2,10,-1,-1,-1
2017220234637,1,9,0,9,0,5,0,0,0,0,1,1,1,2,42,7,1598,1,7,-1,-1,-1
2017220234637,2,9,0,18,0,8,0,0,0,0,3,1,5,2,52,8,2198,2,12,-1,-1,-1
2017220234648,1,9,0,18,0,0,0,0,0,0,1,1,6,1,72,10,1598,1,10,2,1,2
2017220234648,2,1,0,18,0,0,0,0,0,0,2,1,6,1,44,7,-1,-1,-1,-1,-1,-1
2017220234691,1,9,0,13,0,0,2,0,1,4,1,1,5,1,25,5,1796,1,12,-1,-1,-1
2017220234764,1,9,0,10,0,8,0,0,0,0,4,1,1,1,36,7,2993,2,-1,-1,-1,-1
2017220234764,2,19,0,18,0,8,0,0,0,0,1,1,6,1,34,6,2198,2,5,-1,-1,-1
2017220234778,1,9,0,16,0,0,0,0,0,0,1,1,5,2,66,10,1397,1,5,-1,-1,-1
2017220234778,2,9,0,17,0,0,0,0,0,0,1,1,5,2,47,8,1390,1,6,-1,-1,-1
2017220234792,1,9,0,13,0,8,2,10,7,0,1,1,5,1,19,4,1229,1,7,-1,-1,-1
2017220234792,2,9,0,18,0,8,0,0,0,0,1,1,5,1,24,5,1399,2,14,-1,-1,-1
2017220234835,1,1,0,18,0,0,0,0,0,0,4,1,5,1,26,6,-1,-1,-1,-1,-1,-1
2017220234835,2,9,0,18,0,0,0,10,0,0,3,1,5,3,30,6,-1,-1,-1,-1,-1,-1
2017220234884,1,9,0,18,0,0,1,4,0,0,1,1,5,2,79,11,1339,1,8,-1,-1,-1
2017220234884,2,9,0,2,0,0,0,0,0,0,2,1,5,1,47,8,1896,2,9,6,1,6
2017220234897,1,9,0,17,0,4,0,0,0,0,3,1,6,2,94,11,1339,1,4,-1,-1,-1
2017220234897,2,9,0,9,0,4,0,0,0,0,4,1,5,2,33,6,1910,2,8,-1,-1,-1
2017220234994,1,9,0,18,0,6,0,10,0,0,2,1,1,1,26,6,1685,2,3,-1,-1,-1
2017220234994,2,21,1,9,0,6,0,0,0,0,1,1,1,1,27,6,10677,2,2,-1,-1,-1
2017220235020,1,9,0,18,0,2,1,4,0,0,1,1,2,1,20,4,1242,1,6,1,1,1
2017220235020,2,9,0,2,9,1,0,0,0,0,1,1,5,1,58,9,-1,-1,-1,4,3,4
2017220235072,1,5,0,18,4,1,0,0,0,0,1,1,2,1,61,9,-1,-1,-1,-1,-1,-1
2017220235103,1,9,0,16,0,0,5,10,8,2,1,1,5,1,19,4,898,1,2,-1,-1,-1
2017220235110,1,9,0,18,0,1,0,0,0,0,1,1,6,1,-1,-1,2616,1,13,-1,-1,-1
2017220235110,2,9,0,4,0,1,0,0,0,0,2,1,6,2,70,10,1461,2,5,-1,-1,-1
2017220235110,3,9,0,4,0,1,0,0,0,0,2,1,6,2,29,6,1242,1,10,-1,-1,-1
2017220235116,1,9,0,17,0,0,0,0,2,3,1,1,6,1,21,5,1896,2,10,-1,-1,-1
2017220235123,1,9,0,18,0,0,0,0,0,0,4,1,5,2,74,10,1364,1,-1,-1,-1,-1
2017220235157,1,3,0,18,0,0,0,0,0,0,1,1,2,1,22,5,125,1,5,-1,-1,-1
2017220235157,2,9,0,18,0,0,0,0,0,0,3,1,5,1,70,10,1229,1,6,-1,-1,-1
2017220235157,3,9,0,1,0,0,0,0,0,0,0,1,5,2,50,8,1910,2,11,-1,-1,-1
2017220235244,1,19,0,17,0,0,5,0,7,9,1,1,1,1,45,7,2460,2,10,-1,-1,-1
2017220235589,1,98,0,1,0,0,0,0,0,0,2,1,6,1,-1,-1,-1,-1,-1,-1,-1,-1
2017220235701,1,9,0,17,0,0,0,0,0,0,1,1,1,1,48,8,1360,1,15,-1,-1,-1