Accident_Index,Vehicle_Reference,Vehicle_Type,Towing_and_Articulation,Vehicle_Manoeuvre,Vehicle_Location-Restricted_Lane,Junction_Location,Skidding_and_Overturning,Hit_Object_in_Carriageway,Vehicle_Leaving_Carriageway,Hit_Object_off_Carriageway,1st_Point_of_Impact,Was_Vehicle_Left_Hand_Drive?,Journey_Purpose_of_Driver,Sex_of_Driver,Age_of_Driver,Age_Band_of_Driver,Engine_Capacity_(CC),Propulsion_Code,Age_of_Vehicle,Driver_IMD_Decile,Driver_Home_Area_Type,Vehicle_IMD_Decile
2017220243966,2,1,0,18,0,8,0,0,0,0,1,1,5,1,38,7,-1,-1,-1,-1,-1,-1
2017220244254,1,9,0,18,0,3,0,0,0,0,1,1,5,2,37,7,2497,2,11,-1,-1,-1
2017220244254,2,9,0,3,0,2,0,0,0,0,2,1,5,2,29,6,1368,7,10,-1,-1,-1
2017220244254,3,9,0,3,0,2,0,0,0,0,2,1,5,1,34,6,2204,2,8,-1,-1,-1
2017220244270,1,9,0,9,0,5,0,0,0,0,4,1,5,1,66,10,1956,2,4,-1,-1,-1
2017220244270,2,5,0,18,0,1,0,0,0,0,1,1,5,1,29,6,599,1,8,-1,-1,-1
2017220244271,1,9,0,4,0,1,0,0,0,0,1,1,6,1,36,7,1798,1,16,-1,-1,-1
2017220244271,2,9,0,4,0,1,0,0,0,0,4,1,1,1,43,7,2993,2,1,-1,-1,-1
2017220244271,3,9,0,4,0,1,0,0,0,0,4,1,1,1,38,7,2993,2,1,-1,-1,-1
2017220244271,4,9,0,4,0,1,0,0,0,0,3,1,1,1,40,7,2993,2,2,-1,-1,-1
2017220244285,1,21,0,18,0,0,0,0,0,0,1,1,1,1,56,9,5880,2,13,-1,-1,-1
2017220244285,2,98,0,4,0,0,0,0,0,0,2,1,1,1,22,5,-1,-1,-1,-1,-1,-1
2017220244285,3,19,0,4,0,0,0,0,0,0,2,1,1,1,44,7,1995,2,-1,-1,-1,-1
2017220244285,4,9,0,4,0,0,0,0,0,0,2,1,1,1,55,8,1560,2,4,-1,-1,-1
2017220244305,1,9,0,17,0,0,0,0,1,2,1,1,5,2,44,7,1995,2,10,-1,-1,-1
2017220244305,2,9,0,17,0,0,0,0,0,0,1,1,6,3,34,6,-1,-1,-1,-1,-1,-1
2017220244308,1,9,0,13,0,0,0,0,0,0,4,1,5,1,75,10,1242,1,3,-1,-1,-1
2017220244308,2,1,0,18,0,0,0,0,0,0,3,1,5,1,65,9,-1,-1,-1,-1,-1,-1
2017220244459,1,9,0,9,0,4,0,0,0,0,1,1,5,1,17,4,1390,1,9,-1,-1,-1
2017220244459,2,1,0,17,0,8,0,0,0,0,1,1,2,1,38,7,-1,-1,-1,-1,-1,-1
2017220244462,1,9,0,13,0,8,0,10,8,2,1,1,2,1,26,6,2204,2,8,-1,-1,-1
2017220244462,2,9,0,9,0,5,1,10,8,2,2,1,2,1,20,4,1242,1,10,-1,-1,-1
2017220244490,1,3,0,18,0,8,0,0,0,0,1,1,2,1,21,5,124,1,7,-1,-1,-1
2017220244490,2,9,0,9,0,4,0,0,0,0,3,1,2,2,20,4,1242,1,1,-1,-1,-1
2017220244492,1,19,0,1,0,0,0,0,0,0,2,1,6,1,34,6,1997,2,12,1,1,1
2017220244492,2,3,0,3,0,0,0,0,0,0,1,1,2,2,36,7,125,1,2,6,3,6
2017220244558,1,3,0,18,0,2,1,0,0,0,3,1,5,1,19,4,125,1,-1,8,3,8
2017220244613,1,9,0,18,0,0,0,0,0,0,1,1,5,2,35,6,1798,1,10,-1,-1,-1
2017220244613,2,9,0,18,0,0,0,0,0,0,1,1,5,2,54,8,1796,1,5,-1,-1,-1
2017220244638,1,9,0,13,0,0,0,0,0,0,2,1,6,1,27,6,2521,1,8,-1,-1,-1
2017220244638,2,9,0,15,0,0,0,0,2,0,3,1,6,1,28,6,4163,1,3,-1,-1,-1
2017220244638,3,9,0,5,0,0,0,0,0,0,1,1,1,1,45,7,1598,2,3,-1,-1,-1
2017220244638,4,9,0,4,0,0,0,0,0,0,4,1,1,1,47,8,1997,2,-1,-1,-1,-1
2017220244648,1,9,0,4,0,0,0,0,0,0,2,1,5,1,54,8,2993,2,1,5,3,5
2017220244648,2,9,0,17,0,0,0,0,0,0,1,1,5,1,25,5,1198,1,10,-1,3,-1
2017220244662,1,9,0,17,0,0,0,0,0,0,1,1,2,2,41,7,1242,1,12,-1,-1,-1
2017220244662,2,98,0,17,0,0,0,0,0,0,2,1,1,1,63,9,-1,-1,-1,-1,-1,-1
2017220244734,1,3,0,17,0,8,1,0,0,0,3,1,5,1,25,5,109,1,3,-1,-1,-1
2017220244814,1,9,0,3,0,8,0,0,0,0,2,1,6,1,27,6,1968,2,5,-1,-1,-1
2017220244814,2,9,0,18,0,8,0,0,0,0,1,1,6,1,24,5,1199,2,7,-1,-1,-1
2017220244827,1,5,0,13,0,1,0,0,0,0,4,1,2,1,33,6,1200,1,19,-1,-1,-1
2017220244827,2,9,0,12,0,1,0,0,0,0,3,1,3,2,41,7,1598,1,4,-1,-1,-1
2017220244827,3,9,0,18,0,2,0,0,0,0,2,1,3,2,35,6,1560,2,8,-1,-1,-1
2017220244952,1,3,0,18,0,1,0,0,0,0,1,1,5,1,17,4,125,1,1,-1,-1,-1
2017220244952,2,9,0,4,0,1,0,0,0,0,2,1,6,1,40,7,999,1,1,-1,-1,-1
2017220244969,1,9,0,18,0,0,0,0,0,0,3,1,2,1,36,7,2143,2,3,-1,-1,-1
2017220245028,1,9,0,16,0,0,0,0,7,11,1,1,6,1,69,10,1242,1,14,8,2,8
2017220245124,1,9,0,9,0,6,0,0,0,0,1,1,5,2,80,11,1242,1,6,-1,-1,-1
2017220245124,2,11,0,18,0,8,0,0,0,0,1,1,1,2,49,8,5900,2,10,-1,-1,-1
2017220245145,1,9,0,18,0,3,1,10,7,1,1,1,4,1,22,5,1328,1,15,-1,-1,-1
2017220245150,1,9,0,17,0,0,1,0,7,11,1,1,1,1,50,8,1598,1,14,-1,-1,-1
2017220245158,1,9,0,16,0,0,1,0,7,11,1,1,5,1,18,4,1149,1,14,-1,-1,-1
2017220245474,1,9,0,18,0,8,0,0,0,0,1,1,3,1,46,8,2148,2,15,-1,-1,-1
2017220245474,2,9,0,10,0,1,0,0,0,0,1,1,5,2,50,8,1498,1,-1,-1,-1,-1
2017220245474,3,19,0,9,0,5,0,0,0,0,1,1,1,1,59,9,1598,2,1,-1,-1,-1
2017220245666,1,9,0,17,0,0,2,0,7,4,1,1,5,1,26,6,1299,1,16,-1,-1,-1
2017220245703,1,9,0,4,0,1,0,0,0,0,2,1,6,2,34,6,1769,1,15,-1,-1,-1
2017220245703,2,9,0,5,0,4,0,0,0,0,1,1,6,2,44,7,-1,-1,-1,-1,-1,-1
2017220245734,1,9,0,18,0,1,1,0,0,0,1,1,5,1,27,6,1997,2,12,-1,-1,-1
2017220245734,2,9,0,4,0,1,0,0,0,0,2,1,5,2,26,6,1910,2,13,-1,-1,-1
2017220245734,3,9,0,10,0,8,0,0,0,0,2,1,5,1,23,5,1998,2,12,-1,-1,-1
2017220245737,1,9,0,18,0,4,0,0,0,0,1,1,6,2,33,6,1598,2,5,-1,-1,-1
2017220245737,2,9,0,3,0,4,0,0,0,0,2,1,6,1,30,6,1998,1,12,-1,-1,-1
2017220245737,3,9,0,18,0,4,0,0,0,0,0,1,6,3,25,5,-1,-1,-1,-1,-1,-1
2017220245782,1,9,0,9,0,5,0,0,0,0,1,1,5,1,33,6,1968,2,6,-1,-1,-1
2017220245852,1,9,0,18,0,0,0,0,1,0,1,1,2,1,20,4,-1,-1,-1,5,3,5
2017220245852,2,9,0,18,0,0,0,0,1,0,1,1,5,2,66,10,1339,1,5,4,3,4
2017220245954,1,98,1,11,0,0,0,0,0,0,4,1,1,3,34,6,-1,-1,-1,-1,-1,-1
2017220245954,2,9,0,18,0,0,0,0,0,0,3,1,1,1,50,8,1499,2,4,-1,-1,-1
2017220245956,1,5,0,13,0,8,0,0,0,0,1,1,5,1,29,6,-1,-1,-1,8,1,8
2017220245956,2,9,0,9,0,5,0,0,0,0,2,1,5,1,67,10,1395,1,2,9,1,9
2017220245983,1,9,0,18,0,0,0,0,0,0,1,1,6,1,34,6,1685,2,2,5,3,5
2017220245983,2,9,0,4,0,0,0,0,0,0,1,1,5,1,60,9,1598,1,4,-1,-1,-1
2017220245992,1,10,0,9,0,6,5,0,0,0,3,1,5,1,36,7,-1,-1,-1,9,3,9
2017220245992,2,9,0,18,0,1,0,0,0,0,1,1,5,1,83,11,1560,2,10,1,1,1
2017220246003,1,9,0,18,0,0,0,0,0,0,1,1,6,1,23,5,-1,-1,-1,-1,-1,-1
2017220246003,2,9,0,18,0,0,0,0,0,0,1,1,6,2,39,7,1560,2,13,-1,-1,-1
2017220246003,3,9,0,18,0,0,0,0,0,0,2,1,6,1,47,8,1395,1,2,-1,-1,-1
2017220246003,4,9,0,18,0,0,0,0,0,0,1,1,6,1,21,5,2143,2,4,-1,-1,-1
2017220246010,1,9,0,9,0,1,0,0,0,0,2,1,2,1,33,6,1598,1,9,-1,-1,-1
2017220246010,2,9,0,18,0,1,0,0,0,0,1,1,1,1,21,5,-1,-1,-1,-1,-1,-1
2017220246025,1,9,0,18,0,6,0,0,3,10,1,1,5,1,87,11,1360,1,18,8,1,8
2017220246043,1,9,0,6,0,4,0,0,0,0,1,1,6,1,19,4,1686,2,4,-1,-1,-1
2017220246043,2,1,0,18,0,8,0,0,0,0,1,1,2,1,46,8,-1,-1,-1,-1,-1,-1
2017220246048,1,19,0,18,0,1,0,0,0,0,1,1,1,1,37,7,2198,2,4,-1,-1,-1
2017220246048,2,9,0,9,0,6,0,0,1,10,1,1,2,2,49,8,1248,1,4,7,2,7
2017220246058,1,9,0,18,0,0,0,0,7,0,3,1,2,1,29,6,1197,1,-1,-1,-1,-1
2017220246060,1,9,0,17,0,0,2,10,2,1,1,1,5,1,45,7,2148,2,14,5,3,5
2017220246072,1,9,0,9,0,6,0,0,0,0,1,1,6,1,32,6,875,1,5,-1,-1,-1
2017220246072,2,9,0,18,0,1,0,0,0,0,1,1,6,1,62,9,1598,2,2,-1,-1,-1
2017220246072,3,8,0,18,0,1,0,0,0,0,3,1,1,2,45,7,1598,2,3,-1,-1,-1
2017220246072,4,9,0,18,0,1,0,0,0,0,3,1,6,1,52,8,1229,1,9,-1,-1,-1
2017220246078,1,9,0,9,0,6,0,0,7,11,3,1,5,1,87,11,1248,1,4,-1,-1,-1
2017220246078,2,9,0,18,0,1,0,0,7,0,1,1,5,1,27,6,1461,2,6,-1,-1,-1
2017220246086,1,9,0,9,0,5,0,0,0,0,1,1,2,1,18,4,1199,1,14,-1,-1,-1
2017220246106,1,9,0,18,0,0,0,0,0,0,4,1,6,3,35,6,-1,-1,-1,-1,-1,-1
2017220246110,1,5,0,17,0,0,1,0,1,1,1,1,5,1,52,8,1137,1,17,2,1,2
2017220246117,1,9,0,4,0,1,0,0,0,0,1,1,1,2,54,8,1395,1,3,7,2,7
2017220246189,1,9,0,18,0,0,0,0,0,0,3,1,2,1,40,7,3200,2,20,5,3,5
2017220246189,2,9,0,16,0,0,0,0,-1,0,3,1,1,1,26,6,1910,2,9,-1,-1,-1
2017220246293,1,17,4,9,0,5,0,0,0,0,4,1,1,1,22,5,-1,2,4,-1,3,-1
2017220246293,2,9,0,18,0,1,0,0,0,0,1,1,2,1,48,8,-1,-1,-1,8,1,8
2017220246349,1,9,0,9,0,8,0,0,0,0,3,1,5,2,59,9,1242,1,5,8,1,8
2017220246349,2,5,0,13,0,1,0,0,0,0,1,1,5,1,63,9,1441,1,3,5,3,5
2017220246460,1,9,0,9,0,6,0,0,0,0,1,1,5,1,84,11,1339,1,9,-1,-1,-1
2017220246460,2,3,0,18,0,8,1,0,0,0,1,1,5,1,28,6,125,1,12,-1,-1,-1
2017220246575,1,9,0,9,0,6,0,0,0,0,3,1,2,2,62,9,1598,1,5,-1,-1,-1
2017220246575,2,1,0,18,0,1,0,0,0,0,1,1,2,1,38,7,-1,-1,-1,-1,-1,-1
2017220246601,1,1,0,18,0,0,0,11,0,0,1,1,2,1,53,8,-1,-1,-1,-1,-1,-1
2017220246601,2,9,0,18,0,0,0,0,0,0,0,1,6,3,38,7,-1,-1,-1,-1,-1,-1
2017220246669,1,9,0,18,0,0,0,4,0,0,1,1,5,2,24,5,1995,2,12,-1,-1,-1
2017220246669,2,9,0,2,0,0,0,0,0,0,2,1,6,1,31,6,1797,8,4,-1,-1,-1
2017220246669,3,9,0,2,0,0,0,0,0,0,2,1,6,1,73,10,1197,1,2,-1,-1,-1
2017220246682,1,9,0,18,0,8,2,0,0,0,1,1,2,1,62,9,1998,2,13,-1,-1,-1
2017220246696,1,9,0,4,0,1,0,0,0,0,2,1,5,2,40,7,-1,-1,-1,-1,-1,-1
2017220246696,2,9,0,16,0,1,0,0,0,0,1,1,5,2,47,8,1200,1,2,-1,-1,-1
2017220246698,1,9,0,17,0,0,2,10,2,0,4,1,5,1,20,4,-1,-1,-1,-1,-1,-1
2017220246736,1,19,0,18,0,0,0,0,0,0,3,1,2,1,54,8,1995,2,10,5,3,5
2017220246767,1,98,0,5,0,6,0,0,0,0,3,1,1,1,39,7,-1,-1,-1,-1,-1,-1
2017220246767,2,3,0,18,0,1,0,0,0,0,1,1,5,1,19,4,-1,-1,-1,7,3,7
2017220246815,1,9,0,5,0,6,0,0,0,0,1,1,3,1,45,7,-1,-1,-1,-1,-1,-1
2017220246905,1,9,0,18,0,0,1,0,1,1,1,1,5,1,24,5,1995,2,4,-1,-1,-1
2017220246992,1,9,0,18,0,0,0,0,0,0,1,1,2,2,58,9,1461,2,-1,-1,-1,-1
2017220246992,2,9,0,2,0,0,0,0,0,0,2,1,6,1,54,8,1995,2,14,-1,-1,-1
2017220247024,1,9,0,2,0,0,0,0,0,0,2,1,5,2,22,5,1360,1,10,-1,-1,-1
2017220247024,2,2,0,16,0,0,0,4,0,0,1,1,5,1,33,6,-1,-1,-1,-1,-1,-1
2017220247028,1,9,0,17,0,3,1,0,0,0,3,1,6,1,20,4,1461,2,15,-1,-1,-1
2017220247028,2,9,0,16,0,4,0,0,0,0,1,1,6,2,45,7,-1,-1,-1,-1,-1,-1
2017220247106,1,9,0,18,0,0,0,0,0,0,1,1,6,2,-1,-1,1242,1,10,-1,-1,-1
2017220247106,2,9,0,3,0,0,0,0,0,0,2,1,5,1,33,6,1598,2,-1,-1,-1,-1
2017220247186,1,9,0,5,0,6,0,0,0,0,1,1,5,1,18,4,998,1,-1,-1,-1,-1
2017220247186,2,1,0,18,0,8,0,0,0,0,1,1,5,2,50,8,-1,-1,-1,-1,-1,-1
2017220247220,1,9,0,5,0,6,0,0,0,0,3,1,5,1,24,5,1596,1,14,-1,-1,-1
2017220247381,1,9,0,7,0,2,0,7,8,1,1,1,5,1,35,6,-1,-1,-1,-1,-1,-1
2017220247384,1,9,0,18,0,0,0,10,0,0,1,1,5,2,49,8,1242,1,15,1,1,1
2017220247384,2,9,0,18,0,0,0,0,0,0,1,1,5,2,51,8,1397,1,5,9,1,9
2017220247588,1,9,0,17,0,0,2,0,8,0,3,1,2,2,31,6,1349,1,5,-1,-1,-1
2017220247755,1,9,0,18,0,0,0,0,0,0,1,1,5,1,18,4,1242,1,8,-1,-1,-1
2017220247755,2,9,0,18,0,0,0,0,0,0,1,1,5,2,60,9,1560,2,12,-1,-1,-1
2017220247826,1,9,0,18,0,0,0,0,0,0,1,1,5,1,22,5,998,1,13,-1,-1,-1
2017220247826,2,9,0,4,0,0,0,0,0,0,2,1,5,2,52,8,1998,1,1,-1,-1,-1
2017220248075,1,9,0,7,0,2,0,4,0,0,1,1,2,2,57,9,-1,-1,-1,-1,-1,-1
2017220248075,2,9,0,2,0,2,0,0,0,0,2,1,5,1,64,9,-1,-1,-1,-1,-1,-1
2017220248075,3,98,0,2,0,2,0,0,0,0,2,1,5,2,51,8,-1,-1,-1,-1,-1,-1
2017220248091,1,9,0,5,9,6,0,0,0,0,1,1,1,2,21,5,1197,1,2,-1,-1,-1
2017220248092,1,3,0,9,0,5,0,0,0,0,1,1,6,1,18,4,125,1,2,-1,-1,-1
2017220248092,2,9,0,17,0,1,0,0,0,0,1,1,6,2,46,8,1398,2,5,-1,-1,-1
2017220248108,1,3,0,18,0,0,0,0,0,0,1,1,5,1,26,6,124,1,-1,-1,-1,-1
2017220248108,2,9,0,18,0,0,0,0,0,0,1,1,5,1,-1,-1,1560,2,-1,-1,3,-1
2017220248261,1,9,0,4,0,0,0,0,0,0,3,1,6,3,55,8,-1,-1,-1,-1,-1,-1
2017220248261,2,3,0,3,0,0,1,0,0,0,0,1,6,1,19,4,125,1,4,-1,-1,-1
2017220248273,1,9,0,17,0,2,0,0,1,11,1,1,6,1,22,5,1197,1,1,-1,-1,-1
2017220248290,1,9,0,7,0,5,0,0,0,0,3,1,5,2,51,8,1461,2,-1,-1,-1,-1
2017220248290,2,1,0,18,0,8,0,0,0,0,1,1,5,1,12,3,-1,-1,-1,-1,-1,-1
2017220248333,1,5,0,18,0,4,1,9,3,1,1,1,5,1,44,7,599,1,21,-1,-1,-1
2017220248409,1,9,0,14,0,0,0,0,0,0,1,1,1,1,59,9,1997,2,1,-1,-1,-1
2017220249015,1,9,0,4,0,1,1,0,0,0,1,1,6,2,34,6,1596,1,15,-1,-1,-1
2017220249015,2,9,0,3,0,1,0,0,0,0,2,1,5,2,34,6,1229,1,4,-1,-1,-1
2017220249290,1,19,0,5,0,0,0,0,0,0,4,1,6,1,34,6,1399,2,6,-1,-1,-1
2017220249307,1,9,0,17,0,0,0,0,0,0,1,1,6,1,31,6,1360,1,18,-1,-1,-1
2017220249307,2,9,0,16,0,0,0,0,0,0,1,1,6,1,28,6,1598,1,9,-1,-1,-1
2017220249334,1,9,0,9,0,5,0,0,0,0,3,1,5,2,57,9,1200,1,1,-1,-1,-1
2017220249334,2,19,0,13,0,8,0,0,0,0,1,1,6,1,34,6,-1,-1,-1,-1,-1,-1
2017220249339,1,9,0,18,0,1,0,0,0,0,1,1,6,1,33,6,1896,2,10,-1,-1,-1
2017220249339,2,9,0,10,0,1,0,0,0,0,2,1,6,2,35,6,1956,2,7,8,3,8
2017220249424,1,9,0,17,0,0,2,0,1,0,1,1,2,2,23,5,1399,2,10,-1,-1,-1
2017220249447,1,9,0,16,0,0,0,0,1,9,1,1,5,1,31,6,1199,1,16,-1,-1,-1
2017220249447,2,9,0,18,0,0,0,0,0,0,0,1,1,1,40,7,2993,2,2,-1,-1,-1
2017220249560,1,9,0,18,0,8,0,0,0,0,1,1,5,1,85,11,1198,1,6,-1,-1,-1
2017220249560,2,17,5,10,0,8,0,0,0,0,2,1,1,1,28,6,2000,2,2,-1,-1,-1
2017220249640,1,21,1,18,0,0,4,0,4,2,1,1,1,1,55,8,12580,2,12,-1,-1,-1
2017220250041,1,9,0,4,0,1,0,10,0,0,1,1,5,2,64,9,1200,1,15,-1,-1,-1
2017220250041,2,9,0,7,0,3,1,0,0,0,2,1,5,2,27,6,-1,-1,-1,-1,-1,-1
2017220250116,1,9,0,16,0,5,0,0,7,1,1,1,5,2,18,4,1390,1,13,-1,-1,-1
2017220250138,1,9,0,18,0,1,1,0,0,0,1,1,6,1,79,11,1598,1,16,5,3,5
2017220250138,2,9,0,10,0,1,0,0,0,0,2,1,6,2,65,9,1995,2,-1,-1,-1,-1
2017220250138,3,9,0,18,0,1,0,0,0,0,1,1,6,2,48,8,1969,2,2,-1,-1,-1
2017220250140,1,9,0,5,0,2,0,0,0,0,4,1,5,1,18,4,1242,1,10,-1,-1,-1
2017220250141,1,9,0,17,0,0,2,0,7,1,1,1,5,1,19,4,1149,1,11,-1,-1,-1
2017220250156,1,9,0,18,0,1,2,0,0,0,1,1,5,2,50,8,1596,1,9,-1,-1,-1
2017220250177,1,9,0,18,0,4,5,9,1,1,1,1,5,2,52,8,1998,2,11,-1,-1,-1
2017220250251,1,9,0,17,0,0,1,0,1,4,4,1,2,1,31,6,1896,2,14,-1,-1,-1
2017220250332,1,21,0,18,0,0,1,0,0,0,1,1,1,1,44,7,12777,2,10,-1,-1,-1
2017220250332,2,9,0,4,0,0,0,0,0,0,2,1,5,1,60,9,1560,2,6,-1,-1,-1
2017220250332,3,9,0,4,0,0,0,0,0,0,2,1,5,2,53,8,1896,2,15,-1,-1,-1
2017220250333,1,9,0,1,9,6,0,0,0,0,2,1,5,1,18,4,1396,1,12,6,3,6
2017220250373,1,9,0,7,0,5,0,0,0,0,1,1,6,2,71,10,1242,1,6,-1,-1,-1
2017220250373,2,9,0,18,0,8,0,4,0,0,4,1,5,2,62,9,1995,2,15,8,1,8
2017220250373,3,9,0,2,0,2,0,0,0,0,2,1,6,1,38,7,1753,2,10,-1,-1,-1
2017220250411,1,9,0,9,0,6,0,0,0,0,1,1,5,1,57,9,-1,-1,-1,-1,-1,-1
2017220250519,1,19,0,18,0,0,0,0,0,0,1,1,1,1,24,5,2143,2,5,-1,-1,-1
2017220250519,2,9,0,18,0,0,0,0,0,0,2,1,1,1,46,8,1685,2,1,-1,-1,-1
2017220250533,1,19,0,16,0,0,1,0,0,0,1,1,1,1,39,7,1560,2,3,-1,-1,-1
2017220250543,1,9,0,18,0,0,2,0,7,11,1,1,2,1,28,6,1242,1,8,-1,-1,-1
2017220250549,1,9,0,18,0,4,0,0,0,0,1,1,2,2,45,7,1598,1,11,-1,-1,-1
2017220250549,2,9,0,4,0,1,0,0,0,0,2,1,2,1,35,6,1560,2,10,-1,-1,-1
2017220250603,1,9,0,9,0,6,0,10,1,4,3,1,5,2,85,11,1242,1,3,-1,-1,-1
2017220250603,2,9,0,18,0,8,0,0,0,0,1,1,5,2,60,9,1360,1,14,-1,-1,-1
2017220250629,1,9,0,5,0,4,0,0,0,0,1,1,5,2,28,6,1560,2,4,-1,-1,-1
2017220250629,2,9,0,3,0,1,0,0,0,0,2,1,5,1,45,7,6750,1,30,-1,-1,-1
2017220250837,1,9,0,18,0,2,0,0,0,0,3,1,3,2,33,6,1995,2,14,-1,-1,-1
2017220251094,1,9,0,18,0,0,0,0,0,0,4,1,5,1,52,8,1995,2,5,-1,-1,-1
2017220251102,1,9,0,18,0,8,0,0,0,0,1,1,2,1,18,4,1124,1,13,-1,-1,-1
2017220251102,2,1,0,10,0,8,0,0,0,0,2,1,2,2,54,8,-1,-1,-1,-1,-1,-1
2017220251317,1,9,0,9,0,6,0,0,0,0,1,1,2,1,23,5,1968,2,3,-1,-1,-1
2017220251332,1,9,0,7,0,6,0,0,0,0,1,1,5,1,29,6,1598,1,15,-1,-1,-1
2017220251332,2,9,0,18,0,8,0,0,0,0,1,1,1,2,33,6,1598,2,3,-1,-1,-1
2017220251548,1,9,0,18,0,1,0,0,0,0,1,1,5,2,25,5,1598,1,13,-1,-1,-1
2017220251548,2,9,0,8,0,1,0,0,0,0,2,1,5,1,71,10,1299,1,16,-1,-1,-1
2017220251596,1,9,0,17,0,0,2,0,8,10,1,1,5,2,21,5,1242,1,11,10,3,10
2017220251734,1,9,0,9,0,6,0,0,0,0,3,1,5,2,61,9,1560,2,4,-1,-1,-1
2017220251734,2,9,0,17,0,8,0,0,0,0,4,1,5,2,25,5,-1,-1,-1,-1,-1,-1
2017220251854,1,9,0,18,0,1,2,0,1,9,1,1,2,2,24,5,1399,2,7,-1,-1,-1
2017220251889,1,9,0,18,0,6,0,0,0,0,1,1,6,2,38,7,998,1,3,-1,-1,-1
2017220251889,2,9,0,18,0,8,0,0,0,0,4,1,2,1,46,8,1997,2,7,-1,-1,-1
2017220251902,1,9,0,9,0,4,0,0,0,0,4,1,5,2,46,8,1560,2,4,-1,-1,-1
2017220251902,2,9,0,18,0,1,0,0,1,0,1,1,5,2,43,7,-1,-1,-1,-1,-1,-1
2017220251911,1,98,0,18,0,1,0,0,0,0,1,1,1,1,28,6,-1,-1,-1,-1,-1,-1
2017220251911,2,19,0,4,0,1,0,0,0,0,2,1,1,1,36,7,2143,2,1,-1,-1,-1
2017220252081,1,9,0,17,0,1,0,0,0,0,1,1,6,1,40,7,2494,8,3,-1,-1,-1
2017220252081,2,9,0,3,0,1,0,0,0,0,2,1,5,1,38,7,1968,2,3,-1,-1,-1
2017220252158,1,9,0,3,0,1,0,0,0,0,2,1,5,2,33,6,1198,1,3,-1,-1,-1
2017220252158,2,9,0,18,0,1,0,0,0,0,1,1,5,2,34,6,2720,2,12,-1,-1,-1
2017220252198,1,9,0,18,0,0,0,0,5,6,2,1,6,2,53,8,1400,1,11,-1,-1,-1
2017220252202,1,9,0,18,0,0,0,0,1,2,1,1,5,1,17,4,1124,1,14,-1,-1,-1
2017220252216,1,9,0,16,0,0,1,0,7,0,1,1,6,1,22,5,1997,1,10,-1,-1,-1
2017220252216,2,9,0,17,0,0,0,0,0,0,1,1,5,1,58,9,1999,2,1,-1,-1,-1
2017220252452,1,9,0,18,0,1,0,0,1,11,1,1,2,1,20,4,1248,2,10,-1,-1,-1
2017220252497,1,9,0,18,0,0,0,0,0,0,1,1,5,1,53,8,1685,2,3,6,3,6
2017220252513,1,9,0,18,0,0,1,0,0,0,1,1,6,2,26,6,1595,1,11,-1,-1,-1
2017220252513,2,9,0,4,0,0,0,0,0,0,2,1,6,2,28,6,1596,1,7,-1,-1,-1
2017220252520,1,9,0,17,0,2,1,0,1,10,1,1,5,2,22,5,1362,1,4,-1,-1,-1
2017220252556,1,9,0,18,0,1,1,0,0,0,1,1,6,1,35,6,-1,-1,-1,-1,-1,-1
2017220252556,2,9,0,3,0,1,0,0,0,0,2,1,5,1,35,6,1686,2,12,-1,-1,-1
2017220252568,1,98,0,18,0,8,0,0,0,0,4,1,6,1,60,9,-1,-1,-1,-1,3,-1
2017220252568,2,9,0,5,0,6,0,0,0,0,1,1,1,1,29,6,1229,1,2,7,1,7
2017220252596,1,3,0,18,0,0,0,0,0,0,0,1,5,1,18,4,124,1,3,-1,-1,-1
2017220252599,1,9,0,18,0,0,0,0,0,0,1,1,5,1,29,6,1242,1,11,-1,-1,-1
2017220252599,2,9,0,18,0,0,0,0,0,0,2,1,5,2,50,8,1560,2,11,-1,-1,-1
2017220252699,1,9,0,18,0,0,0,4,0,0,1,1,6,1,34,6,-1,-1,-1,-1,-1,-1
2017220252699,2,9,0,2,6,0,0,0,0,0,1,1,5,1,26,6,1896,2,15,-1,-1,-1
2017220252791,1,9,0,17,0,0,1,0,1,4,1,1,2,1,60,9,1329,1,6,-1,-1,-1
2017220253057,1,9,0,9,0,5,0,0,0,0,1,1,5,1,21,5,1998,1,10,-1,-1,-1
2017220253057,2,3,0,18,0,8,0,0,0,0,1,1,5,1,25,5,124,1,-1,-1,-1,-1
2017220253118,1,19,0,1,0,2,0,0,0,0,2,1,1,1,30,6,1968,2,-1,-1,-1,-1
2017220253118,2,9,0,3,0,1,0,0,0,0,1,1,5,1,22,5,1199,2,4,-1,-1,-1
2017220253133,1,9,0,17,0,0,0,0,0,0,0,1,6,2,28,6,-1,-1,-1,5,3,5
2017220253133,2,16,0,16,0,0,0,0,0,0,0,1,5,2,64,9,-1,-1,-1,7,3,7
2017220253139,1,9,0,13,0,0,5,0,1,7,4,1,5,1,26,6,1560,2,3,-1,-1,-1
2017220253150,1,9,0,9,0,5,1,0,0,0,1,1,5,2,45,7,993,1,18,-1,-1,-1
2017220253150,2,9,0,18,0,8,0,0,0,0,1,1,5,2,20,4,1388,1,14,-1,-1,-1
2017220253167,1,9,0,9,0,5,0,0,0,0,3,1,5,2,61,9,-1,-1,-1,-1,-1,-1
2017220253167,2,9,0,18,0,8,0,0,1,0,3,1,5,2,25,5,998,1,1,-1,-1,-1
2017220253170,1,9,0,18,0,0,1,0,5,6,1,1,1,2,35,6,2979,1,4,-1,-1,-1
2017220253203,1,9,0,16,0,0,0,6,1,11,1,1,5,1,51,8,2457,1,7,-1,-1,-1