Accident_Index,Vehicle_Reference,Vehicle_Type,Towing_and_Articulation,Vehicle_Manoeuvre,Vehicle_Location-Restricted_Lane,Junction_Location,Skidding_and_Overturning,Hit_Object_in_Carriageway,Vehicle_Leaving_Carriageway,Hit_Object_off_Carriageway,1st_Point_of_Impact,Was_Vehicle_Left_Hand_Drive?,Journey_Purpose_of_Driver,Sex_of_Driver,Age_of_Driver,Age_Band_of_Driver,Engine_Capacity_(CC),Propulsion_Code,Age_of_Vehicle,Driver_IMD_Decile,Driver_Home_Area_Type,Vehicle_IMD_Decile
2017230161596,1,9,0,18,0,6,0,0,7,1,4,1,2,1,29,6,-1,-1,-1,7,2,7
2017230161596,2,9,0,18,0,8,0,0,1,0,1,1,2,1,60,9,2143,2,5,6,1,6
2017230161606,1,9,0,18,0,0,0,0,0,0,1,1,1,1,42,7,1598,2,1,-1,-1,-1
2017230161606,2,9,0,4,0,0,0,0,0,0,2,1,1,1,48,8,1997,2,6,6,2,6
2017230161675,1,9,0,18,0,0,0,0,0,0,1,1,5,2,36,7,1240,1,10,5,1,5
2017230161675,2,9,0,3,0,0,0,0,0,0,2,1,2,2,43,7,998,1,1,-1,-1,-1
2017230161675,3,9,0,3,0,0,0,0,0,0,2,1,5,2,46,8,1199,2,4,9,2,9
2017230161675,4,9,0,3,0,0,0,0,0,0,2,1,5,1,34,6,1968,2,8,2,1,2
2017230161748,1,9,0,17,0,8,5,10,1,1,1,1,5,1,49,8,-1,-1,-1,3,1,3
2017230161802,1,9,0,4,0,2,1,0,1,11,1,1,5,1,41,7,1753,2,8,5,1,5
2017230161802,2,9,0,18,0,2,1,0,0,0,1,1,1,1,23,5,-1,-1,-1,3,1,3
2017230161865,1,9,0,16,0,8,0,10,3,11,1,1,5,1,12,3,1910,2,10,3,1,3
2017230161976,1,9,0,5,0,1,0,0,0,0,1,1,6,1,25,5,1984,2,8,7,2,7
2017230161976,2,9,0,4,0,1,0,0,0,0,2,1,6,2,51,8,1400,1,11,8,1,8
2017230161989,1,9,0,9,0,0,0,0,0,0,1,1,5,1,67,10,1197,1,1,9,1,9
2017230161989,2,9,0,18,0,0,0,0,0,0,1,1,6,1,28,6,-1,-1,-1,-1,-1,-1
2017230162001,1,9,0,9,0,5,0,0,0,0,1,1,5,1,60,9,1995,2,7,3,1,3
2017230162001,2,9,0,18,0,1,0,0,0,0,1,1,5,1,42,7,1984,2,8,-1,-1,-1
2017230162001,3,9,0,8,0,1,0,0,0,0,4,1,5,1,84,11,998,1,9,3,1,3
2017230162035,1,9,0,17,0,0,1,0,0,0,1,1,5,2,24,5,1349,1,4,7,3,7
2017230162035,2,19,0,16,0,0,0,0,0,0,1,1,1,1,65,9,2287,2,6,8,1,8
2017230162113,1,9,0,9,0,1,0,0,0,0,1,1,6,1,27,6,1395,1,3,5,1,5
2017230162113,2,8,0,5,0,1,0,0,0,0,1,1,5,1,41,7,-1,-1,-1,2,1,2
2017230162128,1,9,0,9,0,5,0,0,0,0,1,1,5,2,48,8,1995,2,10,8,3,8
2017230162128,2,9,0,18,0,1,0,0,0,0,1,1,5,1,57,9,2893,1,6,6,1,6
2017230162128,3,9,0,10,0,1,0,0,0,0,1,1,5,1,71,10,-1,-1,-1,10,3,10
2017230162142,1,9,0,16,0,0,1,0,7,10,1,1,2,1,29,6,1560,2,12,8,2,8
2017230162158,1,9,0,1,0,5,0,0,0,0,2,1,5,1,25,5,1496,2,1,6,1,6
2017230162158,2,9,0,3,0,1,0,0,0,0,1,1,5,1,29,6,1390,1,20,6,1,6
2017230162165,1,9,0,1,0,0,0,4,0,0,3,1,6,2,30,6,1242,1,4,9,1,9
2017230162165,2,19,0,2,0,0,0,0,0,0,1,1,1,1,25,5,2143,2,1,4,1,4
2017230162259,1,9,0,16,0,0,0,0,1,7,1,1,5,1,21,5,1388,1,15,6,1,6
2017230162373,1,9,0,4,0,0,0,0,0,0,1,1,5,1,50,8,1969,2,2,9,1,9
2017230162373,2,9,0,4,0,0,0,0,0,0,0,1,5,2,27,6,1229,1,2,8,1,8
2017230162373,3,9,0,4,0,0,0,0,0,0,2,1,5,1,67,10,1598,2,3,2,1,2
2017230162386,1,9,0,7,9,5,0,0,0,0,1,1,5,1,38,7,1997,2,5,4,1,4
2017230162386,2,22,0,18,9,8,0,0,0,0,1,1,5,1,69,10,-1,-1,-1,4,1,4
2017230162423,1,98,0,2,0,0,0,0,0,0,3,1,1,1,34,6,-1,-1,-1,-1,-1,-1
2017230162423,2,1,0,18,0,0,0,8,0,0,1,1,2,2,22,5,-1,-1,-1,8,1,8
2017230162440,1,9,0,7,0,6,0,0,0,0,4,1,2,2,35,6,1560,2,7,9,2,9
2017230162440,2,1,0,18,0,8,0,0,0,0,1,1,2,1,24,5,-1,-1,-1,9,2,9
2017230162441,1,9,0,18,0,1,0,0,0,0,1,1,5,1,54,8,-1,-1,-1,7,2,7
2017230162441,2,9,0,4,0,1,0,0,0,0,2,1,2,1,26,6,1560,2,1,1,1,1
2017230162797,1,9,0,18,0,0,1,0,0,0,1,1,2,1,26,6,-1,-1,-1,8,1,8
2017230162797,2,9,0,18,0,0,1,0,0,0,1,1,2,2,25,5,1242,1,8,3,1,3
2017230162797,3,9,0,18,0,0,1,0,0,0,1,1,2,1,42,7,1968,2,2,6,1,6
2017230162797,4,9,0,18,0,0,1,0,0,0,1,1,2,1,38,7,1995,2,4,4,1,4
2017230162797,5,19,0,4,0,0,1,0,0,0,2,1,2,1,30,6,1248,2,1,6,3,6
2017230162954,1,9,0,18,0,0,0,0,0,0,1,1,5,1,63,9,-1,-1,-1,5,1,5
2017230162954,2,9,0,3,0,0,0,0,0,0,2,1,5,1,43,7,2143,2,2,-1,2,-1
2017230162964,1,9,0,4,0,1,0,0,0,0,1,1,6,2,27,6,1598,2,2,7,1,7
2017230162964,2,9,0,8,0,1,0,0,0,0,2,1,1,2,18,4,998,1,13,7,1,7
2017230163025,1,9,0,9,0,5,0,0,0,0,0,1,2,2,60,9,998,1,1,-1,-1,-1
2017230163025,2,2,0,18,0,8,1,0,0,0,4,1,2,1,51,8,50,1,-1,-1,-1,-1
2017230163166,1,9,0,18,0,8,0,0,0,0,1,1,5,1,36,7,1896,2,11,4,1,4
2017230163166,2,9,0,4,0,8,0,0,0,0,2,1,2,2,27,6,1390,1,5,9,1,9
2017230163166,3,9,0,9,0,5,0,0,0,0,4,1,2,2,53,8,2400,2,8,10,1,10
2017230163236,1,9,0,2,0,0,0,0,0,0,4,1,6,2,52,8,1390,1,15,6,3,6
2017230163236,2,1,0,15,0,0,0,8,0,0,1,1,5,1,55,8,-1,-1,-1,10,1,10
2017230163244,1,9,0,12,0,0,0,0,0,0,1,1,5,1,25,5,3123,1,10,4,1,4
2017230163244,2,9,0,18,0,0,0,0,0,0,2,1,5,1,34,6,1596,1,9,7,1,7
2017230163335,1,21,1,12,0,0,3,0,5,6,1,1,1,1,54,8,11967,2,8,5,1,5
2017230163335,2,9,0,18,0,0,1,0,4,6,4,1,1,2,30,6,1598,2,5,7,1,7
2017230163335,3,9,0,18,0,0,0,0,0,0,1,1,1,2,24,5,998,1,17,5,1,5
2017230163335,4,11,0,18,0,0,0,0,0,0,1,2,1,1,55,8,-1,-1,-1,-1,-1,-1
2017230163335,5,9,0,18,0,0,0,0,0,0,1,1,1,2,48,8,1995,2,1,8,3,8
2017230163484,1,9,0,12,0,0,0,0,0,0,2,1,5,2,37,7,1796,1,13,4,1,4
2017230163484,2,4,0,18,0,0,0,0,0,0,1,1,5,1,30,6,1340,1,7,3,1,3
2017230163484,3,4,0,18,0,0,0,0,0,0,1,1,5,1,31,6,1352,1,8,8,1,8
2017230163498,1,9,0,18,0,0,0,4,0,0,1,1,5,2,57,9,1248,2,2,6,3,6
2017230163498,2,9,0,2,0,0,0,0,0,0,3,1,5,1,45,7,1956,2,3,3,1,3
2017230163522,1,5,0,7,0,2,1,0,0,0,4,1,5,1,21,5,599,1,7,8,2,8
2017230163557,1,9,0,17,0,0,1,0,7,4,1,1,5,1,18,4,1242,1,4,7,1,7
2017230163562,1,9,0,18,0,4,0,9,1,4,1,1,5,1,27,6,1997,1,15,1,1,1
2017230163671,1,19,0,12,0,0,0,0,0,0,3,1,1,1,45,7,2287,2,1,1,1,1
2017230163671,2,9,0,18,0,0,0,0,4,6,4,1,2,2,24,5,998,1,16,-1,-1,-1
2017230163758,1,9,0,2,0,0,0,0,0,0,3,1,5,1,42,7,2521,1,10,7,1,7
2017230163758,2,98,0,5,0,0,0,4,0,0,1,1,6,3,34,6,-1,-1,-1,-1,-1,-1
2017230163775,1,9,0,7,0,3,1,0,1,0,2,1,5,1,33,6,2000,2,13,3,1,3
2017230163775,2,21,1,18,0,8,0,0,0,0,1,1,1,1,63,9,12740,2,4,8,1,8
2017230163838,1,9,0,18,0,0,0,11,0,0,1,1,5,2,17,4,1560,2,8,5,2,5
2017230163857,1,9,0,9,0,6,0,0,0,0,1,1,5,1,72,10,1390,1,7,7,1,7
2017230163857,2,9,0,18,0,8,0,0,0,0,4,1,5,2,40,7,998,1,9,-1,-1,-1
2017230163859,1,21,1,18,0,0,0,0,0,0,0,1,6,1,57,9,10677,2,3,1,1,1
2017230163859,2,9,0,18,0,0,1,0,1,0,1,1,6,2,24,5,1988,1,16,6,1,6
2017230163859,3,21,0,18,0,0,0,0,0,0,3,1,1,1,55,8,-1,-1,-1,10,1,10
2017230163862,1,9,0,9,0,6,0,0,0,0,3,1,2,1,27,6,1590,1,14,1,1,1
2017230163862,2,9,0,18,0,8,0,0,0,0,1,1,5,1,30,6,-1,-1,-1,3,1,3
2017230163892,1,9,0,16,0,0,0,0,0,0,3,1,6,1,52,8,1995,2,2,8,3,8
2017230163892,2,9,0,17,0,0,0,0,0,0,3,1,5,2,31,6,1590,1,15,7,3,7
2017230164072,1,9,0,18,0,6,0,0,0,0,1,1,2,1,37,7,1560,2,6,4,1,4
2017230164072,2,9,0,18,0,1,0,0,0,0,4,1,2,2,49,8,1197,1,2,4,1,4
2017230164184,1,9,0,11,0,0,0,4,0,0,1,1,2,1,43,7,1840,1,15,6,1,6
2017230164184,2,9,0,2,0,0,0,0,1,7,2,1,5,1,37,7,1796,1,21,2,1,2
2017230164202,1,9,0,18,0,0,0,0,0,0,1,1,5,2,42,7,1999,2,2,7,3,7
2017230164213,1,9,0,17,0,0,0,0,0,0,1,1,5,1,20,4,1390,1,13,7,1,7
2017230164213,2,9,0,16,0,0,0,0,0,0,1,1,5,1,32,6,-1,-1,-1,3,1,3
2017230164219,1,9,0,18,0,1,0,0,1,0,3,1,5,1,41,7,1590,1,13,1,1,1
2017230164219,2,9,0,18,0,2,0,0,2,0,3,1,5,1,55,8,1197,1,4,-1,-1,-1
2017230164262,1,9,0,5,0,6,0,0,0,0,1,1,6,2,63,9,1398,1,5,4,1,4
2017230164262,2,9,0,17,0,1,0,0,0,0,4,1,6,2,22,5,1968,2,1,4,1,4
2017230164321,1,9,0,5,0,8,0,0,0,0,1,1,6,2,34,6,-1,-1,-1,-1,-1,-1
2017230164321,2,9,0,5,0,8,0,0,0,0,2,1,5,2,29,6,1124,1,13,4,1,4
2017230164351,1,9,0,7,0,6,0,0,0,0,4,1,6,1,37,7,1995,2,3,7,1,7
2017230164351,2,1,0,18,0,6,0,0,0,0,1,1,6,2,27,6,-1,-1,-1,5,1,5
2017230164465,1,9,0,11,0,0,0,0,0,0,1,1,1,1,26,6,-1,-1,-1,9,1,9
2017230164465,2,9,0,4,0,0,0,0,0,0,2,1,5,1,58,9,1998,1,15,9,1,9
2017230164465,3,9,0,4,0,0,0,0,0,0,3,1,2,1,45,7,1248,2,5,3,1,3
2017230164465,4,9,0,4,0,0,0,0,0,0,2,1,1,1,60,9,-1,-1,-1,4,1,4
2017230164465,5,9,0,4,0,0,0,0,0,0,2,1,2,2,27,6,1598,2,4,8,1,8
2017230164516,1,9,0,18,0,0,0,0,1,11,1,1,5,2,28,6,2993,2,4,8,1,8
2017230164518,1,9,0,17,0,6,0,0,0,0,4,1,5,1,55,8,1248,2,5,4,1,4
2017230164518,2,9,0,16,0,8,0,0,1,11,3,1,5,2,18,4,1248,2,5,7,3,7
2017230164531,1,9,0,18,0,0,0,0,0,0,4,1,5,1,33,6,1586,1,9,7,2,7
2017230164588,1,9,0,18,0,0,0,0,0,0,1,1,5,1,63,9,1396,1,16,1,1,1
2017230164607,1,9,0,7,0,5,0,0,0,0,4,1,6,1,27,6,1360,1,15,1,1,1
2017230164607,2,1,0,18,9,1,0,0,0,0,1,1,6,1,30,6,-1,-1,-1,2,1,2
2017230164665,1,9,0,5,0,6,0,0,0,0,1,1,5,1,82,11,1388,1,8,8,3,8
2017230164665,2,9,0,18,0,8,0,0,1,0,1,1,1,2,40,7,1598,2,6,2,1,2
2017230164678,1,21,1,5,0,2,0,0,0,0,1,1,1,1,65,9,12419,2,4,2,3,2
2017230164678,2,9,0,3,0,2,0,0,0,0,2,1,3,1,43,7,1397,1,9,8,1,8
2017230164904,1,9,0,14,0,0,0,0,0,0,4,1,3,2,42,7,1461,2,11,9,2,9
2017230164920,1,5,0,18,0,1,1,0,0,0,1,1,2,1,59,9,-1,-1,-1,5,3,5
2017230164920,2,98,0,10,0,1,0,0,0,0,2,1,1,1,40,7,-1,-1,-1,10,2,10
2017230165143,1,9,0,18,0,0,0,4,0,0,1,1,6,1,67,10,1197,1,1,3,1,3
2017230165143,2,9,0,2,0,0,0,0,0,0,3,1,6,1,68,10,1560,2,4,10,1,10
2017230165143,3,9,0,2,0,0,0,0,0,0,3,1,6,1,30,6,1798,1,13,10,1,10
2017230165143,4,9,0,2,0,0,0,0,0,0,1,1,6,1,36,7,2967,2,11,7,1,7
2017230165193,1,9,0,18,0,1,0,0,0,0,1,1,6,3,45,7,-1,-1,-1,-1,-1,-1
2017230165193,2,9,0,3,0,1,0,0,0,0,2,1,6,1,36,7,1598,1,14,6,1,6
2017230165222,1,9,0,18,0,0,0,0,0,0,1,1,5,2,32,6,1198,1,14,-1,-1,-1
2017230165222,2,9,0,3,0,0,0,0,0,0,2,1,5,1,83,11,2231,2,7,10,1,10
2017230165226,1,21,1,12,0,0,0,0,0,0,1,2,1,1,49,8,-1,-1,-1,-1,-1,-1
2017230165226,2,9,0,18,0,0,0,0,1,0,4,1,6,1,53,8,1198,1,12,5,1,5
2017230165253,1,9,0,5,0,0,0,0,0,0,3,1,2,1,64,9,-1,-1,-1,5,1,5
2017230165253,2,9,0,14,0,0,1,0,0,0,4,1,6,1,31,6,-1,-1,-1,-1,-1,-1
2017230165253,3,9,0,2,0,0,0,0,0,0,2,1,6,1,71,10,1968,2,7,5,1,5
2017230165253,4,9,0,2,0,0,0,0,0,0,1,1,6,1,38,7,1839,1,14,6,1,6
2017230165279,1,9,0,18,0,0,0,0,8,4,1,1,5,1,24,5,1390,1,20,8,3,8
2017230165306,1,9,0,18,0,7,0,0,0,0,1,1,1,1,46,8,1560,2,11,4,1,4
2017230165306,2,19,0,18,0,7,0,0,0,0,2,1,1,1,31,6,2143,2,3,1,1,1
2017230165306,3,9,0,18,0,7,0,0,0,0,2,1,1,1,23,5,1995,2,11,4,1,4
2017230165332,1,9,0,12,0,8,0,0,0,0,1,1,5,1,36,7,1798,1,10,3,1,3
2017230165332,2,9,0,3,0,8,0,0,0,0,2,1,1,1,46,8,2993,2,1,5,1,5
2017230165411,1,5,0,16,0,0,0,0,0,0,1,1,5,1,30,6,1050,1,5,4,1,4
2017230165411,2,98,0,17,0,0,0,0,0,0,1,1,5,1,56,9,-1,-1,-1,8,3,8
2017230165434,1,9,0,9,0,6,0,0,0,0,1,1,6,2,79,11,-1,-1,-1,9,2,9
2017230165434,2,5,0,14,0,8,0,0,0,0,3,1,6,1,22,5,600,1,16,1,1,1
2017230165447,1,9,0,18,0,0,1,0,0,0,1,1,5,1,62,9,1493,2,10,9,2,9
2017230165447,2,9,0,3,0,0,0,0,0,0,2,1,5,2,46,8,1995,2,1,8,3,8
2017230165447,3,9,0,3,0,0,0,0,0,0,2,1,6,1,38,7,1968,2,2,9,2,9
2017230165493,1,11,0,18,0,2,0,0,0,0,4,1,1,1,58,9,6700,2,2,10,1,10
2017230165522,1,98,0,18,0,0,0,0,1,0,1,1,1,1,32,6,-1,-1,-1,8,1,8
2017230165522,2,9,0,3,0,0,0,0,0,0,2,1,6,1,66,10,1598,2,5,10,1,10
2017230165522,3,9,0,18,0,0,0,0,0,0,1,1,6,2,73,10,998,1,1,6,1,6
2017230165522,4,9,0,1,0,0,0,0,0,0,2,1,6,1,72,10,1390,1,7,8,2,8
2017230165583,1,11,0,9,7,0,0,0,0,0,3,1,1,1,57,9,2148,2,2,9,2,9
2017230165583,2,9,0,13,0,0,0,0,0,0,1,2,5,1,26,6,-1,-1,-1,7,3,7
2017230165601,1,98,0,9,0,8,0,0,0,0,3,2,1,1,41,7,-1,-1,-1,-1,-1,-1
2017230165601,2,9,0,18,0,3,0,0,0,0,4,1,2,1,24,5,1242,1,3,-1,-1,-1
2017230165640,1,9,0,18,0,0,0,0,0,0,1,1,5,2,38,7,1299,1,15,2,1,2
2017230165640,2,9,0,4,0,0,0,0,0,0,2,1,5,1,43,7,1968,2,10,4,2,4
2017230165647,1,19,0,16,0,3,0,0,0,0,1,1,6,1,34,6,2198,2,9,5,1,5
2017230165647,2,9,0,4,0,3,0,0,0,0,2,1,2,2,22,5,-1,-1,-1,8,3,8
2017230165660,1,9,0,18,0,1,0,0,0,0,1,1,5,1,54,8,1769,1,14,4,1,4
2017230165684,1,9,0,11,0,3,0,0,0,0,4,1,5,2,61,9,1796,1,15,5,2,5
2017230165684,2,9,0,9,0,8,0,0,0,0,3,1,5,2,27,6,1229,1,6,7,3,7
2017230165753,1,9,0,18,0,7,0,0,7,9,1,1,5,1,19,4,1398,1,1,3,1,3
2017230165798,1,9,0,18,0,0,0,0,0,0,1,1,5,2,25,5,1296,1,10,5,1,5
2017230165852,1,9,0,18,0,0,0,0,5,6,1,1,5,1,27,6,2143,2,4,6,1,6
2017230165880,1,9,0,5,0,6,0,0,1,0,3,1,5,1,85,11,1796,1,7,6,2,6
2017230165880,2,9,0,18,0,8,0,0,0,0,1,1,5,2,48,8,1956,2,4,10,1,10
2017230165901,1,21,0,9,0,6,0,0,0,0,1,1,3,1,45,7,12580,2,11,7,1,7
2017230165901,2,9,0,18,0,8,0,0,0,0,4,1,1,2,32,6,1995,2,6,-1,-1,-1
2017230165927,1,9,0,9,0,5,0,0,0,0,1,1,5,2,53,8,2497,2,6,8,1,8
2017230165927,2,9,0,18,0,8,0,0,0,0,1,1,5,2,39,7,1197,1,6,8,3,8
2017230165927,3,9,0,10,0,1,0,0,0,0,1,1,1,1,37,7,1968,2,2,4,1,4
2017230165948,1,9,0,18,0,6,0,0,0,0,1,1,5,1,21,5,1197,1,4,3,1,3
2017230165948,2,9,0,18,0,8,0,0,0,0,4,1,5,2,70,10,1995,2,2,4,1,4
2017230165988,1,9,0,4,0,0,0,0,0,0,2,1,6,3,34,6,1995,2,3,-1,-1,-1
2017230165988,2,3,0,18,0,0,0,0,0,0,1,1,5,1,22,5,124,1,1,1,1,1
2017230166061,1,9,0,7,0,6,0,0,0,0,1,1,6,3,34,6,-1,-1,-1,-1,-1,-1
2017230166156,1,9,0,18,0,1,0,0,0,0,1,1,2,1,27,6,1968,2,13,6,1,6
2017230166156,2,5,0,3,0,1,0,0,0,0,2,1,6,1,27,6,1050,1,9,8,3,8
2017230166156,3,9,0,3,0,1,0,0,0,0,2,1,1,1,47,8,1598,2,1,6,1,6
2017230166261,1,8,0,18,0,1,0,0,0,0,4,1,6,3,34,6,-1,-1,-1,-1,-1,-1
2017230166284,1,21,0,18,0,0,0,0,0,0,1,1,1,1,40,7,10518,2,3,4,1,4
2017230166284,2,9,0,4,8,0,0,0,0,0,2,1,5,1,50,8,1598,1,2,2,1,2
2017230166333,1,98,1,18,0,0,0,0,0,0,4,1,1,3,34,6,-1,-1,-1,-1,-1,-1
2017230166333,2,1,0,18,0,0,0,0,0,0,3,1,2,1,54,8,-1,-1,-1,4,1,4
2017230166445,1,9,0,7,0,6,0,0,0,0,1,1,6,3,34,6,-1,-1,-1,-1,-1,-1
2017230166445,2,9,0,7,0,6,0,0,0,0,2,1,1,1,63,9,1498,1,1,9,3,9
2017230166464,1,9,0,18,0,8,0,0,0,0,1,1,6,2,73,10,1600,1,12,6,1,6
2017230166464,2,9,0,4,0,8,0,0,0,0,2,1,5,1,43,7,1896,2,11,9,1,9
2017230166501,1,9,0,16,0,7,1,0,7,7,1,1,5,1,23,5,1596,1,17,5,1,5
2017230166559,1,21,0,17,0,0,1,10,0,0,4,1,1,1,26,6,5900,2,10,4,1,4
2017230166559,2,9,0,16,0,0,0,0,1,9,3,1,5,2,73,10,1598,1,17,8,1,8
2017230166618,1,9,0,9,0,6,0,0,0,0,1,1,6,3,20,4,-1,-1,-1,-1,-1,-1
2017230166618,2,9,0,18,0,1,0,0,0,0,4,1,5,1,62,9,1560,2,2,3,1,3
2017230166693,1,9,0,9,0,6,0,0,0,0,1,1,6,1,34,6,1360,1,8,2,1,2
2017230166693,2,1,0,18,0,8,0,0,0,0,2,1,5,1,56,9,-1,-1,-1,9,1,9
2017230166712,1,9,0,18,0,0,0,0,0,0,0,1,5,2,52,8,1198,1,-1,9,3,9
2017230166712,2,9,0,18,0,0,2,0,7,9,3,1,5,1,36,7,1560,2,10,-1,-1,-1
2017230166774,1,9,0,18,0,8,0,0,0,0,4,1,5,1,17,4,1796,1,9,10,1,10
2017230166774,2,1,0,18,0,6,0,0,0,0,1,1,5,1,52,8,-1,-1,-1,5,1,5
2017230166854,1,9,0,9,0,6,0,10,7,2,1,1,5,1,19,4,1242,1,13,7,1,7
2017230166854,2,9,0,2,0,1,0,0,0,0,1,1,5,2,57,9,1995,2,1,3,1,3
2017230166870,1,9,0,18,0,0,1,0,0,0,1,1,5,1,33,6,1200,1,-1,1,1,1
2017230166870,2,9,0,4,0,0,0,0,0,0,2,1,5,1,19,4,998,1,19,4,1,4
2017230166971,1,9,0,18,0,0,0,0,0,0,4,1,5,2,80,11,1200,1,5,10,1,10
2017230167389,1,9,0,18,0,0,0,0,1,9,4,1,5,2,59,9,1560,2,9,-1,-1,-1
2017230167463,1,9,0,18,0,8,0,10,1,4,1,1,5,2,71,10,-1,-1,-1,10,1,10
2017230167476,1,5,0,17,0,0,1,0,0,0,4,1,2,1,63,9,689,1,3,10,2,10
2017230167483,1,9,0,17,0,0,0,0,0,0,1,1,6,2,73,10,1200,1,1,8,3,8
2017230167483,2,9,0,3,0,0,0,0,0,0,1,1,2,2,19,4,1197,1,4,6,3,6
2017230167511,1,9,0,18,0,8,0,0,0,0,1,1,2,1,20,4,1896,2,11,8,1,8
2017230167511,2,9,0,3,0,8,0,0,0,0,3,1,2,2,30,6,1968,2,3,9,1,9
2017230167511,3,19,0,8,0,8,0,0,0,0,2,1,1,1,51,8,2143,2,3,8,2,8
2017230167517,1,9,0,9,0,6,0,0,0,0,1,1,5,1,50,8,-1,-1,-1,4,2,4
2017230167517,2,9,0,18,0,6,0,0,0,0,1,1,5,1,29,6,1870,2,13,5,1,5
2017230167560,1,19,0,18,0,8,0,0,0,0,1,1,1,1,29,6,2198,2,5,4,1,4
2017230167560,2,21,0,7,0,5,0,0,0,0,2,1,1,1,26,6,-1,-1,-1,4,1,4
2017230167575,1,9,0,9,0,5,0,0,0,0,4,1,5,1,72,10,-1,-1,-1,9,2,9
2017230167575,2,5,0,18,0,8,1,0,0,0,1,1,5,1,65,9,650,1,3,3,1,3
2017230167575,3,9,0,18,0,1,0,0,0,0,3,1,5,1,55,8,1598,1,10,6,2,6
2017230167575,4,19,0,18,0,2,0,0,0,0,0,1,1,1,61,9,2198,2,3,8,3,8
2017230167633,1,9,0,18,0,0,0,0,0,0,0,1,6,1,36,7,1598,1,12,5,1,5
2017230167633,2,1,0,18,0,0,0,0,1,9,4,1,2,1,34,6,-1,-1,-1,3,1,3
2017230167640,1,9,0,16,0,0,0,0,0,0,1,1,6,1,61,9,2993,2,2,-1,-1,-1
2017230167640,2,19,0,16,0,0,0,0,0,0,2,1,5,2,38,7,1997,2,4,4,1,4
2017230167654,1,19,0,7,0,4,0,0,0,0,4,1,1,2,57,9,1868,2,12,5,2,5
2017230167654,2,1,0,18,0,4,0,0,0,0,3,1,2,2,43,7,-1,-1,-1,5,2,5
2017230167699,1,9,0,2,0,0,0,0,0,0,4,1,6,2,39,7,1390,1,4,10,3,10
2017230167746,1,9,0,12,0,0,0,0,0,0,3,1,5,1,46,8,1995,2,5,1,1,1
2017230167746,2,3,0,16,0,0,0,0,0,0,1,1,5,1,19,4,124,1,2,4,1,4
2017230167770,1,9,0,18,0,0,1,10,2,2,4,1,5,1,27,6,-1,-1,-1,6,3,6
2017230167770,2,9,0,18,0,0,0,0,0,0,0,1,1,1,52,8,2993,2,1,5,1,5
2017230167773,1,9,0,9,0,5,0,0,0,0,4,1,5,1,33,6,1200,1,1,-1,1,-1
2017230167773,2,3,0,7,0,5,0,0,0,0,1,1,5,1,25,5,124,1,9,8,1,8
2017230167823,1,9,0,18,0,4,0,9,0,0,1,1,5,2,34,6,1995,2,1,4,1,4
2017230167875,1,9,0,18,0,0,2,0,0,0,3,1,5,1,55,8,-1,-1,-1,8,1,8
2017230168034,1,1,0,7,0,5,0,0,0,0,4,1,5,1,78,11,-1,-1,-1,10,2,10
2017230168034,2,9,0,17,0,8,0,0,0,0,3,1,5,2,71,10,-1,-1,-1,6,3,6
2017230168080,1,9,0,4,0,0,0,0,0,0,1,1,2,1,39,7,1598,2,2,4,1,4
2017230168080,2,9,0,4,0,0,0,0,0,0,2,1,2,1,21,5,1390,1,6,10,2,10
2017230168080,3,9,0,4,0,0,0,0,0,0,2,1,5,1,41,7,3982,1,1,7,1,7
2017230168103,1,9,0,18,0,0,0,4,0,0,1,1,5,1,41,7,1896,2,8,5,1,5
2017230168103,2,9,0,2,0,0,0,4,0,0,1,1,5,1,70,10,2720,2,10,3,1,3
2017230168103,3,98,0,2,0,0,0,4,0,0,1,1,6,3,34,6,-1,-1,-1,-1,-1,-1
2017230168103,4,9,0,2,0,0,0,0,0,0,2,1,5,1,39,7,-1,-1,-1,1,1,1
2017230168104,1,9,0,5,0,6,0,0,0,0,1,1,6,3,52,8,3956,1,17,-1,-1,-1
2017230168107,1,9,0,18,0,0,0,0,0,0,1,1,6,1,58,9,1598,1,18,9,1,9
2017230168268,1,9,0,5,0,6,0,0,0,0,1,1,5,1,93,11,2765,2,18,-1,-1,-1
2017230168268,2,9,0,2,0,8,0,0,0,0,3,1,3,2,33,6,1995,2,1,6,1,6
2017230168268,3,9,0,2,0,8,0,0,0,0,3,1,3,2,36,7,1242,1,1,2,1,2
2017230168268,4,9,0,2,0,8,0,0,0,0,3,1,5,1,23,5,1995,2,3,7,1,7
2017230168269,1,9,0,9,0,6,0,0,0,0,1,1,5,1,22,5,1390,1,6,6,1,6
2017230168269,2,9,0,18,0,8,0,0,0,0,1,1,5,2,44,7,1997,2,8,4,3,4
2017230168331,1,9,0,16,0,0,1,0,2,0,1,1,5,1,28,6,1968,2,2,3,2,3
2017230168331,2,9,0,17,0,0,1,0,0,0,1,1,5,2,51,8,1997,1,9,2,1,2
2017230168399,1,1,0,9,0,5,1,0,0,0,3,1,5,1,69,10,-1,-1,-1,10,1,10
2017230168486,1,9,0,9,0,6,0,0,0,0,1,1,5,1,59,9,1149,1,7,3,1,3
2017230168486,2,9,0,18,0,6,0,0,0,0,1,1,1,2,30,6,1997,2,10,10,1,10