Accident_Index,Vehicle_Reference,Vehicle_Type,Towing_and_Articulation,Vehicle_Manoeuvre,Vehicle_Location-Restricted_Lane,Junction_Location,Skidding_and_Overturning,Hit_Object_in_Carriageway,Vehicle_Leaving_Carriageway,Hit_Object_off_Carriageway,1st_Point_of_Impact,Was_Vehicle_Left_Hand_Drive?,Journey_Purpose_of_Driver,Sex_of_Driver,Age_of_Driver,Age_Band_of_Driver,Engine_Capacity_(CC),Propulsion_Code,Age_of_Vehicle,Driver_IMD_Decile,Driver_Home_Area_Type,Vehicle_IMD_Decile
2017230168516,1,9,0,9,0,5,0,0,0,0,1,1,2,1,29,6,-1,-1,-1,8,1,8
2017230168516,2,9,0,18,0,8,0,0,0,0,1,1,2,1,24,5,1910,2,11,4,1,4
2017230168516,3,9,0,10,0,8,0,0,0,0,1,1,2,1,39,7,2993,2,7,9,1,9
2017230168516,4,9,0,3,0,1,0,0,0,0,1,1,2,1,59,9,1798,1,8,6,3,6
2017230168652,1,9,0,18,0,0,0,11,0,0,1,1,1,1,24,5,1598,2,4,-1,-1,-1
2017230168670,1,9,0,18,0,0,1,0,2,4,1,1,1,1,25,5,2143,2,2,4,1,4
2017230168746,1,9,0,18,0,0,0,10,2,0,1,1,5,2,71,10,1390,1,4,6,3,6
2017230168746,2,9,0,18,0,0,0,0,7,0,1,1,5,1,53,8,-1,-1,-1,6,3,6
2017230168746,3,21,1,18,0,0,0,0,0,0,1,1,1,1,48,8,10837,2,1,-1,-1,-1
2017230168780,1,98,0,18,0,4,0,0,0,0,1,1,1,1,47,8,-1,-1,-1,8,1,8
2017230168780,2,19,0,3,0,1,0,0,0,0,2,1,1,1,77,11,2799,2,16,8,2,8
2017230168780,3,21,1,18,0,8,0,0,0,0,1,1,1,1,55,8,12419,2,1,5,1,5
2017230168780,4,20,0,18,0,4,0,0,0,0,1,1,1,1,57,9,2143,2,3,7,1,7
2017230168784,1,9,0,18,0,0,2,0,2,0,1,1,1,1,21,5,2993,2,3,6,3,6
2017230168784,2,9,0,18,0,0,0,0,0,0,1,1,5,2,74,10,1390,1,5,8,3,8
2017230168807,1,9,0,11,0,0,0,0,1,10,1,1,5,2,39,7,1395,1,1,-1,-1,-1
2017230168821,1,9,0,5,0,6,0,0,0,0,1,1,6,3,65,9,2987,2,6,-1,-1,-1
2017230168821,2,1,0,18,0,8,0,0,0,0,4,1,6,1,13,3,-1,-1,-1,6,1,6
2017230168825,1,9,0,18,0,1,0,0,0,0,1,1,6,1,45,7,-1,-1,-1,3,1,3
2017230168825,2,9,0,9,0,6,0,0,0,0,3,1,6,1,42,7,1975,1,14,5,1,5
2017230168826,1,9,0,18,0,1,0,0,0,0,1,1,5,1,28,6,1242,1,2,8,1,8
2017230168826,2,9,0,10,0,1,0,0,0,0,2,1,5,2,25,5,1598,1,4,2,1,2
2017230168874,1,9,0,18,0,6,0,0,0,0,1,1,2,1,19,4,998,1,1,3,1,3
2017230168874,2,9,0,18,0,8,1,0,1,1,3,1,2,2,22,5,1229,1,12,5,1,5
2017230168891,1,9,0,18,0,0,1,0,5,6,1,1,5,1,29,6,2400,2,9,1,1,1
2017230168891,2,9,0,18,0,0,0,0,0,0,3,1,5,2,23,5,-1,-1,-1,5,3,5
2017230168906,1,9,0,5,0,0,0,0,0,0,1,1,6,3,44,7,-1,-1,-1,-1,-1,-1
2017230168906,2,1,0,18,0,0,0,0,0,0,4,1,4,1,15,3,-1,-1,-1,2,1,2
2017230169092,1,9,0,7,0,5,0,0,0,0,4,1,2,1,51,8,2143,2,4,6,1,6
2017230169092,2,1,0,18,0,6,0,0,0,0,1,1,2,1,53,8,-1,-1,-1,5,1,5
2017230169119,1,9,0,5,8,0,0,4,0,0,3,1,1,1,64,9,1499,2,2,9,1,9
2017230169119,2,21,1,18,0,0,0,0,0,0,4,1,1,1,56,9,12777,2,6,-1,-1,-1
2017230169119,3,21,1,2,6,0,0,0,0,0,1,1,1,1,54,8,9200,2,11,10,1,10
2017230169140,1,9,0,13,0,8,0,0,0,0,1,1,5,1,43,7,2979,1,1,8,1,8
2017230169140,2,9,0,9,0,6,0,0,0,0,3,1,5,2,17,4,-1,-1,-1,8,1,8
2017230169197,1,9,0,10,0,1,0,0,0,0,1,1,5,1,27,6,1587,1,13,7,1,7
2017230169197,2,9,0,10,0,1,0,0,0,0,2,1,5,1,61,9,1596,1,3,10,1,10
2017230169208,1,9,0,9,0,6,0,0,0,0,1,1,5,1,78,11,2698,2,12,6,2,6
2017230169208,2,9,0,18,0,8,0,0,0,0,1,1,5,2,85,11,-1,-1,-1,-1,-1,-1
2017230169238,1,9,0,5,0,4,0,0,0,0,1,1,6,2,51,8,1328,1,13,4,1,4
2017230169238,2,9,0,5,0,4,0,0,0,0,2,1,5,2,25,5,1399,2,15,5,1,5
2017230169558,1,9,0,7,0,3,0,0,0,0,4,1,6,3,34,6,1598,1,11,-1,-1,-1
2017230169558,2,1,0,18,0,8,0,0,0,0,1,1,5,1,62,9,-1,-1,-1,8,1,8
2017230169625,1,21,0,18,0,8,0,0,0,0,1,1,1,1,50,8,4461,2,9,8,3,8
2017230169625,2,9,0,3,0,8,0,0,0,0,2,1,2,2,32,6,1390,1,13,9,2,9
2017230169625,3,9,0,3,0,8,0,0,0,0,2,1,2,1,33,6,2494,1,15,10,1,10
2017230169635,1,9,0,1,0,2,0,0,0,0,2,1,5,1,40,7,1299,1,15,3,1,3
2017230169635,2,9,0,4,0,1,0,0,0,0,1,1,1,1,42,7,-1,-1,-1,5,1,5
2017230169635,3,9,0,4,0,8,0,0,0,0,0,1,1,1,39,7,2993,2,1,-1,-1,-1
2017230169635,4,9,0,4,0,8,0,0,0,0,0,1,1,1,38,7,-1,-1,-1,-1,-1,-1
2017230169732,1,98,1,12,0,0,0,0,0,0,1,1,1,1,46,8,-1,-1,-1,-1,-1,-1
2017230169732,2,9,0,18,0,0,0,0,1,0,4,1,5,2,66,10,1999,2,2,5,3,5
2017230169732,3,21,5,18,0,0,1,0,0,0,1,1,1,1,29,6,9364,2,14,10,1,10
2017230169732,4,98,1,4,0,0,0,0,0,0,2,1,1,1,53,8,-1,-1,-1,3,1,3
2017230169794,1,9,0,4,0,1,0,0,0,0,1,1,6,2,34,6,1299,1,15,5,1,5
2017230169794,2,9,0,4,0,1,0,0,0,0,2,1,5,1,57,9,1598,2,1,10,3,10
2017230169884,1,97,0,18,0,0,0,0,0,0,0,1,6,3,42,7,-1,-1,-1,-1,-1,-1
2017230169884,2,5,0,18,0,0,0,0,1,10,1,1,6,1,53,8,955,1,13,4,1,4
2017230169910,1,21,1,18,0,0,0,0,0,0,1,1,1,1,60,9,12419,2,2,-1,-1,-1
2017230169910,2,21,1,18,0,0,0,0,0,0,1,1,1,1,64,9,12419,2,4,-1,-1,-1
2017230169910,3,98,1,4,0,0,0,0,0,0,2,1,1,1,34,6,-1,-1,-1,-1,1,-1
2017230169938,1,9,0,9,0,5,0,0,0,0,0,1,6,1,23,5,1199,1,17,3,1,3
2017230169938,2,3,0,18,0,8,0,10,1,0,1,1,5,1,66,10,124,1,6,10,2,10
2017230169975,1,9,0,9,0,6,0,0,0,0,1,1,6,3,34,6,-1,-1,-1,-1,-1,-1
2017230169975,2,5,0,16,0,8,0,0,0,0,1,1,5,1,42,7,1800,1,15,1,1,1
2017230169999,1,5,0,13,0,8,0,0,0,0,1,1,2,1,24,5,645,1,9,2,1,2
2017230169999,2,19,0,9,0,5,0,0,0,0,3,1,5,1,57,9,1753,2,8,5,1,5
2017230170012,1,3,0,18,0,8,1,0,0,0,1,1,5,1,17,4,-1,-1,-1,10,1,10
2017230170012,2,9,0,18,0,8,0,0,0,0,3,1,5,1,32,6,2204,2,12,-1,-1,-1
2017230170060,1,5,0,17,0,0,0,0,1,0,1,1,5,1,68,10,745,1,51,5,1,5
2017230170076,1,5,0,16,0,0,0,0,0,0,1,1,5,1,59,9,805,1,12,7,1,7
2017230170076,2,90,0,17,0,0,0,0,0,0,3,1,5,1,67,10,2287,2,4,5,1,5
2017230170079,1,5,0,18,0,8,1,0,0,0,1,1,5,1,42,7,647,1,11,8,2,8
2017230170079,2,9,0,3,0,8,0,0,0,0,2,1,5,1,29,6,1968,2,6,9,1,9
2017230170079,3,9,0,10,0,8,0,0,0,0,1,1,5,1,34,6,-1,-1,-1,5,1,5
2017230170079,4,5,0,18,0,8,1,0,1,9,4,1,5,1,48,8,750,1,26,8,3,8
2017230170100,1,1,0,18,0,1,0,0,0,0,2,1,5,1,17,4,-1,-1,-1,-1,-1,-1
2017230170100,2,9,0,4,0,1,0,0,0,0,1,1,5,2,61,9,2143,2,7,8,1,8
2017230170183,1,9,0,18,0,0,5,0,2,7,1,1,5,1,88,11,1461,2,3,7,1,7
2017230170183,2,9,0,18,0,0,1,0,0,0,4,1,1,1,53,8,1956,2,3,9,3,9
2017230170500,1,9,0,18,0,0,5,10,7,9,3,1,5,1,57,9,1997,2,15,4,1,4
2017230170544,1,98,0,5,0,1,0,0,0,0,1,1,1,1,35,6,-1,-1,-1,-1,-1,-1
2017230170544,2,9,0,5,0,1,0,0,0,0,2,1,5,1,82,11,998,1,2,10,1,10
2017230170561,1,9,0,18,0,8,0,0,0,0,1,1,5,1,36,7,1995,2,13,5,1,5
2017230170561,2,9,0,10,0,8,0,0,0,0,2,1,5,1,50,8,1997,2,6,6,1,6
2017230170624,1,9,0,16,0,0,2,0,1,1,1,1,5,1,92,11,1242,1,6,-1,-1,-1
2017230170631,1,9,0,18,0,0,0,0,0,0,1,1,5,2,52,8,1398,1,1,4,2,4
2017230170631,2,9,0,4,0,0,0,0,0,0,2,1,5,1,28,6,2401,2,14,5,1,5
2017230170631,3,9,0,3,0,0,0,0,0,0,2,1,5,1,30,6,1560,2,4,9,2,9
2017230170669,1,9,0,9,0,6,0,0,0,0,1,1,5,1,64,9,1598,1,14,8,2,8
2017230170669,2,1,0,18,0,8,0,0,0,0,1,1,2,1,31,6,-1,-1,-1,1,1,1
2017230170975,1,9,0,18,0,0,0,0,0,0,1,1,1,1,48,8,1995,2,3,5,1,5
2017230170975,2,9,0,4,0,0,0,0,0,0,2,1,1,2,27,6,1396,1,16,4,2,4
2017230170988,1,9,0,18,0,4,0,0,0,0,1,1,6,2,75,10,1560,2,4,-1,-1,-1
2017230170988,2,9,0,4,0,1,0,0,0,0,2,1,5,1,37,7,1343,1,12,5,3,5
2017230171032,1,9,0,17,0,8,0,0,0,0,3,1,6,3,34,6,-1,-1,-1,-1,-1,-1
2017230171032,2,1,0,18,0,8,0,0,0,0,4,1,4,1,12,3,-1,-1,-1,7,1,7
2017230171055,1,9,0,9,0,5,1,0,0,0,1,1,6,3,34,6,-1,-1,-1,-1,-1,-1
2017230171055,2,9,0,5,0,6,0,0,0,0,1,1,5,1,51,8,3222,2,13,4,1,4
2017230171074,1,9,0,18,0,0,0,0,2,4,1,1,6,2,41,7,1999,1,12,9,1,9
2017230171074,2,98,1,18,0,0,0,0,0,0,2,1,1,1,47,8,-1,-1,-1,7,1,7
2017230171147,1,9,0,7,0,5,1,0,0,0,1,1,5,2,37,7,1598,1,15,5,1,5
2017230171147,2,9,0,4,0,1,0,0,0,0,3,1,5,1,41,7,2967,2,9,5,1,5
2017230171169,1,9,0,18,0,0,0,0,0,0,4,1,5,1,42,7,4266,7,16,2,1,2
2017230171269,1,9,0,18,0,4,0,9,1,9,3,1,5,2,30,6,1242,1,8,7,1,7
2017230171269,2,21,1,18,0,4,0,0,0,0,4,1,1,1,53,8,12902,2,2,-1,-1,-1
2017230171280,1,19,0,13,0,8,1,0,0,0,1,1,2,1,25,5,1560,2,8,-1,1,-1
2017230171280,2,1,0,9,0,5,0,0,0,0,2,1,5,1,57,9,-1,-1,-1,10,1,10
2017230171643,1,9,0,4,0,0,0,0,0,0,1,1,5,2,35,6,1422,2,1,5,1,5
2017230171643,2,9,0,4,0,0,0,0,0,0,2,1,5,1,23,5,1598,1,9,8,3,8
2017230171643,3,9,0,4,0,0,0,0,0,0,2,1,1,1,54,8,1995,2,3,9,1,9
2017230171686,1,9,0,13,0,0,0,0,0,0,4,1,6,3,34,6,-1,-1,-1,-1,-1,-1
2017230171686,2,1,0,18,0,0,0,0,1,0,3,1,5,1,62,9,-1,-1,-1,-1,-1,-1
2017230171861,1,9,0,5,0,6,0,0,0,0,1,1,5,1,29,6,1560,2,4,5,1,5
2017230171888,1,9,0,5,0,0,0,0,0,0,3,1,6,1,24,5,1390,1,15,6,1,6
2017230171888,2,9,0,2,0,0,0,0,0,0,0,1,5,1,48,8,1742,1,2,9,2,9
2017230171929,1,9,0,9,0,5,0,0,0,0,1,1,5,2,71,10,1598,1,1,10,1,10
2017230171929,2,9,0,18,0,8,0,0,0,0,1,1,5,1,34,6,1124,1,13,10,1,10
2017230171965,1,9,0,18,0,0,0,0,0,0,1,1,5,2,54,8,1364,1,4,4,1,4
2017230171965,2,9,0,4,0,0,0,0,0,0,2,1,5,1,23,5,1242,1,1,9,2,9
2017230171990,1,9,0,18,0,8,0,4,1,0,1,1,5,1,23,5,1796,1,12,5,1,5
2017230171990,2,9,0,10,0,8,0,0,0,0,1,1,5,1,33,6,1968,2,1,-1,-1,-1
2017230171990,3,9,0,2,0,2,0,4,0,0,2,1,6,2,52,8,1791,8,6,2,1,2
2017230171990,4,9,0,2,0,2,0,0,0,0,2,1,6,3,34,6,1587,1,14,-1,-1,-1
2017230172095,1,21,1,18,0,3,2,10,0,0,4,1,1,1,39,7,12777,2,4,-1,3,-1
2017230172098,1,9,0,18,0,1,0,0,0,0,1,1,2,1,26,6,2982,2,2,9,2,9
2017230172098,2,9,0,10,0,8,0,0,0,0,2,1,6,2,32,6,1461,2,3,10,2,10
2017230172098,3,9,0,18,0,1,0,0,0,0,1,1,6,2,40,7,1999,2,-1,7,1,7
2017230172166,1,5,0,13,0,8,1,0,0,0,4,1,5,1,52,8,-1,-1,-1,5,2,5
2017230172166,2,9,0,9,0,5,0,0,0,0,1,1,5,2,54,8,1197,1,1,5,2,5
2017230172166,3,9,0,18,0,2,0,0,0,0,3,1,5,1,50,8,-1,-1,-1,9,1,9
2017230172242,1,98,0,9,0,6,0,0,0,0,4,1,6,3,34,6,-1,-1,-1,-1,-1,-1
2017230172242,2,97,0,18,0,8,0,0,0,0,3,1,2,1,35,6,-1,-1,-1,5,1,5
2017230172487,1,9,0,18,0,6,0,0,0,0,3,1,5,1,81,11,1229,1,7,-1,-1,-1
2017230172487,2,9,0,18,0,8,0,0,0,0,1,1,5,1,51,8,2198,1,14,3,1,3
2017230172549,1,9,0,18,0,0,0,0,0,0,1,1,5,1,31,6,1995,2,13,-1,-1,-1
2017230172549,2,21,0,18,0,0,0,0,0,0,2,1,1,1,29,6,12900,2,9,9,3,9
2017230172792,1,9,0,7,0,6,0,0,0,0,1,1,5,1,62,9,1240,1,12,3,1,3
2017230172999,1,9,0,17,0,2,0,0,2,11,4,1,5,1,19,4,1598,2,5,6,1,6
2017230173069,1,2,0,17,0,0,0,0,0,0,1,1,5,1,16,4,49,1,-1,8,1,8
2017230173069,2,9,0,4,0,0,0,0,0,0,2,1,5,1,45,7,1998,2,12,6,1,6
2017230173391,1,9,0,18,0,1,0,0,0,0,1,1,6,1,25,5,1998,1,11,10,1,10
2017230173391,2,9,0,8,0,1,0,0,0,0,2,1,6,2,66,10,1595,1,-1,8,3,8
2017230173552,1,4,0,16,0,2,1,0,7,0,1,1,5,1,21,5,499,1,21,2,1,2
2017230173746,1,9,0,4,0,8,1,0,0,0,1,1,5,1,26,6,1598,2,4,10,3,10
2017230173746,2,9,0,4,0,8,1,0,0,0,2,1,5,2,44,7,1998,1,1,8,1,8
2017230173746,3,9,0,3,0,8,0,0,0,0,2,1,5,2,66,10,1900,2,10,6,3,6
2017230173746,4,19,0,10,0,8,0,0,0,0,2,1,5,1,35,6,2299,2,3,1,1,1
2017230173768,1,9,0,17,0,0,0,0,0,0,1,1,1,2,25,5,999,1,7,8,1,8
2017230173768,2,10,0,16,0,0,0,0,0,0,3,1,1,1,69,10,2300,2,10,1,1,1
2017230173825,1,9,0,7,0,6,0,0,0,0,1,1,6,3,34,6,-1,-1,-1,-1,-1,-1
2017230173825,2,9,0,18,0,8,0,0,0,0,4,1,5,2,61,9,1339,1,14,9,1,9
2017230173857,1,9,0,11,0,0,0,0,0,0,4,1,1,1,39,7,1910,2,11,2,1,2
2017230173857,2,19,0,18,0,0,0,0,0,0,3,1,1,1,42,7,1461,2,1,2,1,2
2017230173857,3,21,0,18,0,0,0,0,0,0,1,1,1,1,51,8,12902,2,4,2,1,2
2017230173987,1,9,0,18,0,0,0,0,0,0,3,1,5,1,81,11,2496,1,11,6,3,6
2017230173997,1,5,0,13,0,8,0,0,1,9,1,1,2,1,40,7,660,1,10,5,2,5
2017230173997,2,98,0,9,0,5,1,0,0,0,1,1,2,1,42,7,-1,-1,-1,5,1,5
2017230174011,1,9,0,9,0,6,0,0,0,0,4,1,2,2,24,5,1364,1,10,9,1,9
2017230174011,2,9,0,18,0,8,0,0,0,0,1,1,2,2,34,6,1582,2,2,7,1,7
2017230174285,1,19,0,5,0,6,0,0,0,0,3,1,1,1,56,9,1399,2,8,7,2,7
2017230174285,2,9,0,9,0,6,0,0,0,0,1,1,5,1,80,11,1397,1,10,3,1,3
2017230174285,3,9,0,3,0,8,0,0,0,0,0,1,5,2,28,6,973,1,17,4,1,4
2017230174301,1,90,0,13,0,0,0,0,0,0,0,1,1,2,21,5,2999,2,4,8,1,8
2017230174301,2,4,0,4,0,0,1,0,0,0,3,1,5,1,56,9,1584,1,9,7,1,7
2017230174406,1,9,0,16,0,0,0,0,0,0,0,1,6,1,34,6,-1,-1,-1,-1,-1,-1
2017230174406,2,9,0,17,0,0,0,0,2,3,1,1,1,1,47,8,3189,1,11,10,1,10
2017230174515,1,9,0,18,0,4,0,0,0,0,1,1,6,2,52,8,998,1,4,10,2,10
2017230174515,2,1,0,9,0,8,0,0,0,0,4,1,5,1,47,8,-1,-1,-1,10,1,10
2017230174570,1,9,0,7,0,3,0,0,0,0,1,1,5,1,19,4,1995,1,8,8,1,8
2017230174570,2,21,1,18,0,1,0,0,0,0,3,1,1,1,36,7,10837,2,2,4,1,4
2017230174615,1,19,0,6,0,0,0,0,0,0,3,1,1,1,39,7,1997,2,12,1,1,1
2017230174615,2,20,0,18,0,0,1,0,0,0,1,1,1,1,37,7,4580,2,22,7,1,7
2017230174883,1,9,0,14,0,2,0,0,0,0,4,1,6,3,34,6,3248,1,16,-1,-1,-1
2017230175031,1,9,0,18,0,3,1,10,7,0,1,1,5,1,19,4,998,1,1,8,1,8
2017230175364,1,19,0,7,0,3,0,0,0,0,4,1,2,1,47,8,2198,2,11,7,1,7
2017230175364,2,1,0,9,0,8,0,0,0,0,3,1,2,1,35,6,-1,-1,-1,-1,-1,-1
2017230175378,1,9,0,16,0,0,0,0,0,0,1,1,5,2,36,7,2993,2,4,7,1,7
2017230175378,2,9,0,17,0,0,0,0,0,0,1,1,5,2,52,8,1995,2,4,5,2,5
2017230175494,1,9,0,9,0,6,0,0,0,0,1,1,5,1,29,6,1796,1,7,3,1,3
2017230175494,2,9,0,18,0,8,0,0,0,0,1,1,5,2,38,7,1560,2,5,9,3,9
2017230175500,1,5,0,16,0,0,0,0,0,0,4,1,5,1,25,5,599,1,18,-1,-1,-1
2017230175514,1,5,0,18,0,0,0,0,1,0,1,1,5,1,63,9,1450,1,16,7,1,7
2017230175571,1,9,0,18,0,8,1,0,0,0,1,1,5,2,54,8,1560,2,7,-1,-1,-1
2017230175571,2,9,0,10,0,8,0,0,0,0,2,1,5,1,41,7,999,1,3,7,3,7
2017230175571,3,9,0,4,0,8,0,0,0,0,1,1,5,1,53,8,1997,2,12,9,2,9
2017230175735,1,5,0,12,0,7,0,0,0,0,1,1,2,1,21,5,600,1,18,3,1,3
2017230175735,2,21,1,4,0,8,0,0,0,0,4,1,1,1,25,5,-1,2,2,-1,-1,-1
2017230175827,1,9,0,11,0,0,2,0,2,7,1,1,5,2,39,7,1598,1,11,3,1,3
2017230175830,1,9,0,18,0,0,1,0,0,0,1,1,5,1,19,4,-1,-1,-1,-1,-1,-1
2017230175830,2,9,0,4,0,0,0,0,0,0,2,1,5,2,28,6,1560,2,4,-1,-1,-1
2017230175830,3,9,0,4,0,0,0,0,0,0,2,1,5,2,31,6,1984,1,4,5,1,5
2017230175873,1,9,0,18,0,1,1,0,0,0,1,1,6,1,43,7,-1,-1,-1,2,1,2
2017230175873,2,9,0,18,0,2,0,0,1,0,1,1,2,1,30,6,1598,2,6,1,1,1
2017230175873,3,9,0,4,0,1,0,0,0,0,2,1,2,1,32,6,1390,1,14,3,1,3
2017230175886,1,1,0,18,0,6,0,0,0,0,1,1,5,1,7,2,-1,-1,-1,3,1,3
2017230175886,2,9,0,14,0,1,0,0,0,0,4,1,5,1,74,10,1242,1,6,3,1,3
2017230175897,1,20,0,18,0,0,5,0,0,0,3,1,1,1,56,9,5861,2,16,1,1,1
2017230176055,1,9,0,18,0,0,0,0,1,11,1,1,5,2,26,6,1560,2,6,5,1,5
2017230176055,2,9,0,18,0,0,0,0,0,0,2,1,2,1,37,7,-1,-1,-1,2,1,2
2017230176143,1,21,1,11,0,0,0,0,0,0,3,2,1,1,59,9,-1,-1,-1,-1,-1,-1
2017230176143,2,9,0,18,0,0,1,0,0,0,4,1,2,1,26,6,1910,2,10,-1,-1,-1
2017230176288,1,9,0,18,0,0,1,0,0,0,1,1,6,2,36,7,1197,1,3,10,2,10
2017230176288,2,9,0,3,0,0,0,0,0,0,2,1,6,2,31,6,1229,1,7,6,2,6
2017230176288,3,9,0,3,0,0,0,0,0,0,2,1,6,3,23,5,-1,-1,-1,-1,-1,-1
2017230176400,1,9,0,7,0,6,0,0,0,0,1,1,5,1,59,9,1997,2,13,3,1,3
2017230176400,2,9,0,16,0,1,0,0,0,0,1,1,1,1,21,5,1242,1,1,-1,-1,-1
2017230176419,1,9,0,2,0,0,0,0,0,0,3,1,6,1,49,8,1999,1,6,10,1,10
2017230176419,2,1,0,18,0,0,0,8,0,0,1,1,2,2,24,5,-1,-1,-1,9,1,9
2017230176527,1,9,0,5,0,4,0,0,0,0,1,1,5,1,49,8,1596,1,5,7,1,7
2017230176527,2,1,0,18,0,8,0,0,0,0,4,1,5,1,42,7,-1,-1,-1,4,1,4
2017230176597,1,21,0,18,0,0,0,0,0,0,4,1,1,1,26,6,9200,2,13,3,1,3
2017230176604,1,9,0,14,0,1,0,0,0,0,1,1,1,1,33,6,2993,2,1,5,1,5
2017230176630,1,9,0,18,0,8,1,0,0,0,1,1,1,1,40,7,1868,2,15,7,1,7
2017230176630,2,9,0,4,0,8,0,0,0,0,1,1,5,1,72,10,1240,1,8,6,1,6
2017230176642,1,21,0,9,0,6,0,0,0,0,1,1,1,1,61,9,6693,2,4,4,1,4
2017230176642,2,9,0,18,0,8,0,0,0,0,1,1,5,2,50,8,1995,1,6,5,2,5
2017230176652,1,9,0,9,0,5,0,0,0,0,1,1,5,2,76,11,998,1,4,3,1,3
2017230176652,2,9,0,18,0,8,0,0,0,0,1,1,5,1,70,10,1360,1,16,10,3,10
2017230176678,1,9,0,18,0,0,0,0,1,3,1,1,6,1,27,6,1781,1,19,4,1,4
2017230176748,1,5,0,18,0,0,1,11,7,0,3,1,5,1,26,6,-1,-1,-1,-1,-1,-1
2017230176785,1,9,0,18,0,0,0,0,0,0,3,1,6,2,35,6,-1,-1,-1,-1,-1,-1
2017230176785,2,9,0,18,0,0,0,0,0,0,3,1,5,2,48,8,1496,1,1,7,3,7
2017230176807,1,98,0,9,0,6,0,0,0,0,3,1,1,1,28,6,-1,-1,-1,6,1,6
2017230176807,2,21,0,18,0,1,1,0,0,0,1,1,1,1,54,8,12902,2,1,7,3,7
2017230176964,1,9,0,18,0,0,0,0,0,0,3,1,5,1,31,6,1560,2,9,4,1,4
2017230176968,1,9,0,5,0,6,0,0,0,0,4,1,5,2,37,7,1390,1,5,6,1,6
2017230176968,2,1,0,18,0,1,0,0,0,0,1,1,2,1,42,7,-1,-1,-1,5,1,5
2017230177002,1,1,0,18,0,0,0,0,0,0,1,1,6,1,27,6,-1,-1,-1,-1,-1,-1
2017230177002,2,9,0,7,0,0,0,0,0,0,4,1,2,1,51,8,-1,-1,-1,6,1,6
2017230177118,1,9,0,5,0,6,0,0,0,0,4,1,5,2,19,4,-1,-1,-1,6,1,6
2017230177118,2,9,0,18,0,1,0,0,0,0,1,1,5,2,49,8,1598,1,7,6,1,6
2017230177137,1,9,0,6,0,2,0,0,0,0,3,1,5,2,23,5,1124,1,15,-1,-1,-1
2017230177137,2,5,0,13,0,2,0,0,0,0,1,1,5,1,58,9,1000,1,2,7,3,7
2017230177158,1,20,4,18,0,0,0,0,0,0,0,1,1,1,42,7,2998,2,10,-1,-1,-1
2017230177158,2,3,0,18,0,0,0,11,0,0,1,1,3,1,33,6,124,1,2,7,2,7
2017230177331,1,9,0,18,0,0,1,0,2,4,1,1,5,1,28,6,1124,1,17,7,1,7
2017230177362,1,1,0,18,9,0,0,0,0,0,1,1,6,2,23,5,-1,-1,-1,-1,-1,-1
2017230177515,1,19,0,18,0,4,0,0,0,0,1,1,1,1,45,7,-1,-1,-1,2,1,2
2017230177515,2,1,0,18,0,3,0,0,0,0,4,1,5,1,43,7,-1,-1,-1,9,1,9
2017230177580,1,9,0,16,0,2,1,0,1,4,1,1,5,2,69,10,1595,1,1,7,2,7
2017230177629,1,9,0,17,0,0,1,0,7,0,1,1,5,2,19,4,1399,1,11,8,1,8
2017230177629,2,17,4,16,0,0,0,0,0,0,3,1,1,1,63,9,-1,2,4,2,3,2
2017230177689,1,21,1,17,0,8,5,0,0,0,4,1,1,1,39,7,12900,2,6,1,1,1
2017230177689,2,9,0,8,0,1,0,0,0,0,1,1,2,1,35,6,2996,1,10,9,2,9
2017230177778,1,98,0,12,0,1,0,0,0,0,0,1,6,3,34,6,-1,-1,-1,-1,-1,-1
2017230177778,2,97,0,18,0,1,1,7,7,10,1,1,2,1,20,4,-1,-1,-1,7,1,7
2017230177792,1,9,0,14,0,4,0,0,0,0,4,1,6,3,22,5,-1,-1,-1,-1,-1,-1
2017230177792,2,9,0,18,0,4,0,0,0,0,1,1,2,2,25,5,1598,1,13,5,1,5
2017230177798,1,9,0,18,0,3,1,0,2,7,1,1,5,1,27,6,1600,1,27,10,1,10
2017230177829,1,9,0,18,0,1,0,0,0,0,1,1,5,1,80,11,1248,1,3,8,3,8
2017230177829,2,9,0,18,0,4,0,0,0,0,2,1,2,2,62,9,1598,2,2,9,1,9
2017230177890,1,90,0,18,0,8,0,0,0,0,1,1,5,2,52,8,-1,-1,-1,-1,-1,-1
2017230177890,2,9,0,9,0,6,0,0,0,0,3,1,5,2,53,8,1598,1,14,7,1,7
2017230177915,1,9,0,18,0,4,0,0,0,0,1,1,6,3,34,6,1229,1,9,-1,-1,-1
2017230177915,2,1,0,9,0,8,0,0,0,0,4,1,2,2,36,7,-1,-1,-1,2,1,2
2017230177957,1,9,0,18,0,2,0,0,0,0,1,1,6,1,34,6,-1,-1,-1,-1,-1,-1
2017230177957,2,9,0,4,0,2,0,0,0,0,2,1,5,2,78,11,1399,2,9,6,1,6
2017230178030,1,9,0,12,0,0,1,0,7,0,1,1,6,1,23,5,1896,2,16,1,1,1
2017230178030,2,9,0,11,0,0,1,0,7,0,1,1,6,2,28,6,1998,1,16,2,1,2
2017230178030,3,9,0,9,0,0,0,0,1,0,2,1,6,1,68,10,1124,1,14,3,1,3