Accident_Index,Vehicle_Reference,Vehicle_Type,Towing_and_Articulation,Vehicle_Manoeuvre,Vehicle_Location-Restricted_Lane,Junction_Location,Skidding_and_Overturning,Hit_Object_in_Carriageway,Vehicle_Leaving_Carriageway,Hit_Object_off_Carriageway,1st_Point_of_Impact,Was_Vehicle_Left_Hand_Drive?,Journey_Purpose_of_Driver,Sex_of_Driver,Age_of_Driver,Age_Band_of_Driver,Engine_Capacity_(CC),Propulsion_Code,Age_of_Vehicle,Driver_IMD_Decile,Driver_Home_Area_Type,Vehicle_IMD_Decile
2017230178260,1,9,0,18,0,0,0,0,4,6,1,1,5,2,49,8,1248,2,8,1,1,1
2017230178260,2,9,0,18,0,0,0,11,0,0,1,1,5,1,29,6,1968,2,2,1,1,1
2017230178285,1,9,0,18,0,0,0,0,0,0,4,1,6,3,34,6,-1,-1,-1,-1,-1,-1
2017230178321,1,9,0,16,0,1,0,0,0,0,1,1,5,2,29,6,1360,1,12,3,1,3
2017230178321,2,9,0,4,0,1,0,0,0,0,2,1,5,2,29,6,1999,2,1,-1,-1,-1
2017230178545,1,9,0,5,0,6,0,0,0,0,3,1,5,2,35,6,-1,-1,-1,1,1,1
2017230178545,2,5,0,16,0,8,0,0,0,0,1,1,6,1,28,6,999,1,11,1,1,1
2017230178559,1,9,0,18,0,0,0,0,0,0,3,1,2,2,31,6,1995,2,5,8,2,8
2017230178915,1,1,0,13,0,8,0,0,0,0,4,1,5,1,50,8,-1,-1,-1,7,3,7
2017230178915,2,9,0,9,0,5,0,0,0,0,3,1,5,1,24,5,1995,2,8,7,3,7
2017230178957,1,9,0,18,0,0,0,0,0,0,1,1,5,1,21,5,1995,2,12,8,2,8
2017230178957,2,9,0,4,0,0,0,0,0,0,2,1,5,2,42,7,1596,1,7,-1,-1,-1
2017230178959,1,1,0,13,0,0,1,4,0,0,1,1,5,1,47,8,-1,-1,-1,8,2,8
2017230178959,2,9,0,2,0,0,0,0,0,0,2,1,6,2,27,6,2720,2,9,5,3,5
2017230178959,3,11,0,18,0,0,0,0,0,0,0,1,1,1,48,8,-1,-1,-1,-1,-1,-1
2017230178988,1,9,0,18,0,6,0,0,0,0,1,1,5,1,41,7,1798,1,13,3,1,3
2017230178988,2,9,0,18,0,8,0,0,0,0,3,1,1,1,39,7,999,1,1,10,3,10
2017230179001,1,9,0,4,0,1,0,0,0,0,4,1,3,2,44,7,1896,2,12,7,1,7
2017230179013,1,9,0,18,0,1,0,0,0,0,4,1,5,1,18,4,998,1,15,7,1,7
2017230179013,2,9,0,9,0,6,0,0,0,0,3,1,5,2,35,6,1242,1,2,5,1,5
2017230179246,1,9,0,9,0,5,0,0,0,0,4,1,5,1,28,6,2494,1,15,7,1,7
2017230179246,2,9,0,16,0,8,0,0,0,0,1,1,5,1,25,5,1596,1,15,4,1,4
2017230179335,1,9,0,9,0,6,0,0,0,0,4,1,5,1,26,6,1595,1,-1,5,1,5
2017230179545,1,9,0,16,0,0,0,0,0,0,1,1,2,1,22,5,1242,1,11,2,1,2
2017230179545,2,9,0,17,0,0,0,0,0,0,1,1,2,1,60,9,2720,2,11,6,1,6
2017230179640,1,9,0,18,0,2,0,0,0,0,3,1,5,2,69,10,-1,-1,-1,6,3,6
2017230179736,1,19,0,1,0,8,0,0,0,0,3,1,1,1,32,6,1968,2,2,2,3,2
2017230179736,2,9,0,2,0,1,0,0,0,0,0,1,5,2,50,8,1999,2,1,10,2,10
2017230179829,1,9,0,18,0,0,0,0,0,0,1,1,5,1,31,6,-1,-1,-1,8,2,8
2017230179829,2,9,0,3,0,0,0,0,0,0,2,1,5,1,17,4,1198,1,8,6,3,6
2017230179873,1,9,0,5,0,6,0,0,0,0,1,1,6,2,-1,-1,2143,2,1,-1,3,-1
2017230179873,2,1,0,18,0,8,0,0,0,0,3,1,2,1,27,6,-1,-1,-1,-1,-1,-1
2017230179873,3,9,0,3,0,1,0,0,0,0,1,1,6,1,45,7,-1,-1,-1,-1,-1,-1
2017230179897,1,9,0,18,0,0,0,0,0,0,1,1,2,1,36,7,1968,2,5,10,2,10
2017230179897,2,9,0,18,0,0,0,0,1,0,1,1,2,1,35,6,1560,2,6,7,1,7
2017230179919,1,9,0,9,9,5,0,10,7,10,1,1,5,2,64,9,1685,2,3,-1,-1,-1
2017230179982,1,9,0,18,0,8,1,0,0,0,1,1,5,1,47,8,1198,1,1,6,1,6
2017230179982,2,9,0,3,0,8,0,0,0,0,2,1,5,2,33,6,1499,1,-1,6,1,6
2017230179982,3,9,0,10,0,8,0,0,0,0,2,1,5,1,40,7,1799,1,9,10,1,10
2017230179994,1,9,0,1,0,8,0,4,1,10,2,1,5,2,80,11,1197,1,-1,5,1,5
2017230179994,2,9,0,2,0,8,0,0,0,0,1,1,5,2,44,7,1598,2,2,5,1,5
2017230180350,1,9,0,9,0,6,0,0,0,0,3,1,5,1,35,6,1596,1,6,6,2,6
2017230180350,2,5,0,18,0,8,0,0,0,0,1,1,5,1,58,9,998,1,6,7,3,7
2017230180439,1,9,0,4,0,1,0,0,0,0,0,1,6,3,-1,-1,1198,1,8,-1,-1,-1
2017230180439,2,90,0,18,0,1,0,0,0,0,0,1,1,1,39,7,2999,2,1,2,1,2
2017230180600,1,9,0,18,0,8,0,0,7,0,1,1,5,1,28,6,1229,1,11,6,3,6
2017230180600,2,9,0,10,0,8,0,0,0,0,0,1,5,2,32,6,1969,2,1,5,3,5
2017230180600,3,9,0,18,0,8,0,0,1,0,1,1,5,1,18,4,1399,1,1,7,1,7
2017230180652,1,5,0,16,0,0,1,0,7,1,1,1,6,1,32,6,749,1,8,7,1,7
2017230180945,1,9,0,18,0,8,0,0,0,0,1,1,2,2,26,6,1248,1,3,9,1,9
2017230180945,2,1,0,18,0,8,0,0,0,0,4,1,2,1,26,6,-1,-1,-1,4,1,4
2017230181497,1,9,0,18,0,1,0,0,0,0,1,1,5,1,69,10,1587,1,9,2,1,2
2017230181515,1,9,0,18,0,1,0,0,0,0,1,1,5,3,25,5,1240,1,14,3,1,3
2017230181515,2,9,0,3,0,1,0,0,0,0,2,1,5,1,43,7,1798,1,10,5,1,5
2017230181515,3,9,0,3,0,1,0,0,0,0,2,1,5,2,29,6,1242,1,17,3,1,3
2017230181692,1,9,0,18,0,0,1,0,5,6,1,1,5,1,18,4,1388,1,13,1,1,1
2017230181703,1,9,0,9,0,6,0,0,0,0,1,1,6,2,17,4,1242,1,14,5,1,5
2017230181703,2,9,0,18,0,8,0,0,0,0,1,1,1,1,37,7,1598,1,9,5,1,5
2017230181751,1,9,0,13,0,0,0,0,0,0,1,1,5,1,24,5,1598,1,7,9,1,9
2017230181751,2,9,0,18,0,0,0,0,0,0,1,1,5,1,33,6,1896,2,15,4,1,4
2017230181751,3,98,1,18,0,0,0,0,0,0,0,1,6,1,32,6,-1,-1,-1,8,1,8
2017230181795,1,3,0,4,0,1,1,0,0,0,1,1,2,1,20,4,125,1,11,2,1,2
2017230181795,2,9,0,4,0,1,0,0,0,0,2,1,2,1,32,6,2295,1,14,1,1,1
2017230181803,1,9,0,18,0,1,0,0,0,0,1,1,5,1,71,10,1598,1,1,4,1,4
2017230181803,2,9,0,18,0,1,0,0,0,0,2,1,5,1,88,11,1200,1,2,7,1,7
2017230181811,1,3,0,18,0,1,0,0,0,0,1,1,5,1,23,5,124,1,2,1,1,1
2017230181811,2,9,0,4,0,1,0,0,0,0,2,1,5,2,26,6,1242,1,6,5,3,5
2017230181826,1,11,0,5,0,6,0,0,0,0,1,1,1,1,38,7,12580,2,12,7,1,7
2017230181826,2,9,0,5,0,6,0,0,0,0,2,1,2,1,58,9,1951,2,14,7,2,7
2017230181834,1,98,0,18,0,1,0,0,0,0,0,1,6,3,34,6,-1,-1,-1,-1,-1,-1
2017230181834,2,1,0,18,0,1,0,0,0,0,3,1,5,1,46,8,-1,-1,-1,6,1,6
2017230181855,1,19,0,9,0,5,0,0,0,0,1,1,6,1,53,8,2494,2,10,5,2,5
2017230181855,2,1,0,18,0,8,0,0,0,0,1,1,5,1,38,7,-1,-1,-1,1,1,1
2017230181908,1,9,0,18,0,4,0,0,0,0,1,1,5,2,28,6,1242,1,8,4,1,4
2017230181908,2,19,0,18,0,3,0,0,0,0,1,1,6,1,23,5,1560,2,3,3,1,3
2017230182023,1,9,0,18,0,0,0,0,1,2,1,1,5,1,68,10,1995,2,3,10,1,10
2017230182199,1,9,0,18,0,8,1,0,0,0,1,1,5,1,21,5,1998,1,14,10,1,10
2017230182199,2,9,0,7,0,6,0,0,0,0,0,1,5,2,58,9,1598,1,5,9,3,9
2017230182199,3,9,0,18,0,8,0,0,1,9,1,1,5,1,44,7,1560,2,6,4,1,4
2017230182220,1,9,0,9,0,5,0,0,0,0,1,1,6,1,54,8,2384,1,5,-1,-1,-1
2017230182220,2,9,0,5,0,6,0,0,0,0,1,1,5,2,37,7,1240,1,11,6,1,6
2017230182258,1,1,0,4,9,1,0,0,0,0,3,1,5,1,45,7,-1,-1,-1,-1,-1,-1
2017230182258,2,9,0,18,0,1,0,0,0,0,1,1,5,1,72,10,1997,2,7,9,2,9
2017230182260,1,9,0,18,0,3,0,0,0,0,4,1,6,1,29,6,-1,-1,-1,10,1,10
2017230182260,2,9,0,18,0,3,0,0,1,1,3,1,5,1,60,9,1499,1,2,-1,-1,-1
2017230182280,1,5,0,18,0,1,0,0,7,0,1,1,6,1,49,8,1450,1,13,9,1,9
2017230182299,1,9,0,5,0,0,0,0,0,0,1,1,6,1,19,4,1124,1,19,5,1,5
2017230182705,1,9,0,18,0,1,0,0,0,0,1,1,5,1,64,9,1995,2,5,8,1,8
2017230182705,2,11,0,5,0,7,0,0,0,0,4,1,1,1,38,7,-1,-1,-1,-1,-1,-1
2017230182735,1,9,0,4,0,0,0,0,0,0,1,1,6,2,50,8,1197,1,5,10,2,10
2017230182735,2,9,0,4,0,0,0,0,0,0,3,1,6,1,29,6,1364,1,6,-1,-1,-1
2017230182791,1,9,0,9,0,6,0,0,0,0,3,1,2,2,29,6,1242,1,12,10,1,10
2017230182791,2,9,0,18,0,8,0,0,0,0,1,1,2,2,52,8,999,1,3,8,1,8
2017230182918,1,9,0,13,0,0,0,0,0,0,1,1,6,3,30,6,1968,2,8,-1,-1,-1
2017230182918,2,9,0,18,0,0,1,0,1,4,2,1,2,2,24,5,1399,2,6,3,1,3
2017230183119,1,19,0,18,0,1,1,0,0,0,0,1,2,1,28,6,2198,2,6,4,1,4
2017230183119,2,9,0,3,0,1,0,0,0,0,1,1,2,2,32,6,1329,1,1,8,1,8
2017230183326,1,9,0,11,0,0,1,0,0,0,1,1,6,1,23,5,1390,1,10,2,1,2
2017230183326,2,19,0,18,0,0,1,0,0,0,3,1,6,1,41,7,1598,2,2,3,1,3
2017230183326,3,21,0,18,0,0,1,0,0,0,3,1,6,1,49,8,5132,2,1,5,1,5
2017230183412,1,9,0,18,0,0,0,0,0,0,1,1,6,3,34,6,2000,1,11,-1,-1,-1
2017230183412,2,9,0,3,0,0,0,0,0,0,2,1,1,1,39,7,1968,2,7,5,1,5
2017230183423,1,9,0,18,0,0,0,4,0,0,1,1,5,2,53,8,1242,1,2,9,1,9
2017230183423,2,9,0,2,0,0,0,0,0,0,2,1,6,1,64,9,1598,2,2,10,1,10
2017230183436,1,9,0,18,0,1,0,0,0,0,1,1,5,1,44,7,1395,1,4,7,2,7
2017230183436,2,9,0,18,0,1,0,0,0,0,1,1,5,1,33,6,1490,1,9,7,2,7
2017230183436,3,19,0,4,0,1,0,0,0,0,2,1,1,1,49,8,2402,2,10,-1,-1,-1
2017230183917,1,9,0,13,0,8,0,0,7,0,1,1,5,1,26,6,1995,2,12,3,1,3
2017230183917,2,19,0,9,0,5,0,0,7,0,3,1,5,1,38,7,1968,2,5,2,1,2
2017230183970,1,9,0,7,0,5,0,0,0,0,4,1,2,1,64,9,1598,1,6,5,1,5
2017230183970,2,1,0,17,0,8,0,0,0,0,3,1,2,1,44,7,-1,-1,-1,10,1,10
2017230184042,1,9,0,18,0,8,0,0,0,0,3,1,2,1,50,8,1587,1,11,5,2,5
2017230184042,2,8,0,9,0,5,0,0,0,0,4,1,1,1,29,6,1986,2,8,4,1,4
2017230184079,1,9,0,17,0,0,0,0,0,0,4,1,2,1,63,9,-1,-1,-1,6,2,6
2017230184145,1,9,0,4,0,2,0,4,1,10,1,1,5,1,69,10,2143,2,1,-1,-1,-1
2017230184145,2,9,0,2,0,2,0,4,0,0,2,1,6,3,34,6,1388,1,12,-1,-1,-1
2017230184145,3,9,0,2,0,2,0,10,1,11,2,1,6,3,48,8,1896,2,14,-1,-1,-1
2017230184155,1,98,0,4,0,0,1,0,0,0,1,1,1,1,39,7,-1,-1,-1,5,1,5
2017230184155,2,9,0,18,0,0,0,0,0,0,2,1,1,1,58,9,1968,2,3,-1,1,-1
2017230184192,1,9,0,4,0,1,0,0,0,0,2,1,5,1,79,11,1198,1,2,7,2,7
2017230184192,2,98,0,18,0,1,0,0,0,0,1,1,6,3,34,6,-1,-1,-1,-1,-1,-1
2017230184192,3,9,0,18,0,1,0,0,0,0,1,1,5,1,45,7,1598,2,-1,5,1,5
2017230184195,1,9,0,18,0,0,0,0,0,0,4,1,5,1,27,6,1242,1,7,1,1,1
2017230184206,1,9,0,4,0,1,0,0,0,0,1,1,1,2,26,6,1968,2,-1,-1,-1,-1
2017230184206,2,9,0,3,0,1,0,0,0,0,2,1,5,1,22,5,1984,2,8,10,1,10
2017230184257,1,9,0,14,0,0,0,0,0,0,1,1,5,2,18,4,998,1,19,8,1,8
2017230184257,2,9,0,5,0,0,0,0,0,0,3,1,5,2,55,8,1995,2,16,8,1,8
2017230184450,1,9,0,18,0,8,0,0,0,0,4,1,2,2,52,8,1242,1,2,6,2,6
2017230184450,2,9,0,7,0,6,0,0,0,0,1,1,2,1,23,5,1117,1,35,-1,-1,-1
2017230184508,1,9,0,18,0,3,0,0,0,0,1,1,5,2,45,7,1390,1,18,8,2,8
2017230184508,2,9,0,3,0,3,0,0,0,0,2,1,5,2,49,8,1364,1,9,7,1,7
2017230184634,1,9,0,18,0,0,0,0,1,0,1,1,5,1,43,7,-1,-1,-1,6,1,6
2017230184655,1,9,0,18,0,0,1,0,0,0,1,1,5,1,43,7,1597,1,8,4,1,4
2017230184655,2,21,0,18,0,0,1,0,4,6,2,1,1,1,26,6,5193,2,2,-1,-1,-1
2017230184664,1,9,0,18,0,0,0,0,0,0,4,1,2,1,27,6,2497,2,10,7,3,7
2017230184664,2,1,0,18,0,0,0,0,0,0,3,1,5,1,33,6,-1,-1,-1,5,3,5
2017230184678,1,9,0,18,0,0,2,0,5,6,1,1,5,2,34,6,1896,2,11,-1,-1,-1
2017230184996,1,9,0,18,0,0,1,0,1,0,1,1,2,1,53,8,1360,1,14,4,1,4
2017230185034,1,9,0,14,0,1,0,0,0,0,1,1,6,2,58,9,1296,1,10,9,1,9
2017230185289,1,9,0,18,0,0,2,4,0,0,1,1,6,1,85,11,-1,-1,-1,4,1,4
2017230185289,2,9,0,2,9,0,0,0,0,0,1,1,5,1,70,10,1998,1,16,-1,-1,-1
2017230185289,3,9,0,2,9,0,0,0,0,0,1,1,5,1,48,8,-1,-1,-1,-1,-1,-1
2017230185358,1,9,0,7,0,6,0,0,0,0,3,1,5,1,26,6,1796,1,15,-1,-1,-1
2017230185358,2,1,0,18,0,1,0,0,0,0,1,1,5,1,5,1,-1,-1,-1,1,1,1
2017230185372,1,9,0,9,0,6,0,0,0,0,1,1,5,2,56,9,1240,1,11,7,2,7
2017230185372,2,9,0,18,0,1,0,0,7,9,1,1,5,2,52,8,1364,2,3,3,3,3
2017230185431,1,9,0,18,0,0,2,10,1,9,1,1,2,1,22,5,1360,1,11,2,1,2
2017230185432,1,9,0,18,0,2,0,0,0,0,4,1,6,3,28,6,-1,-1,-1,-1,-1,-1
2017230185432,2,1,0,18,0,2,0,0,0,0,3,1,6,1,52,8,-1,-1,-1,4,1,4
2017230185480,1,5,0,14,0,1,0,0,7,0,1,1,2,1,20,4,599,1,7,10,1,10
2017230185480,2,9,0,10,0,7,0,0,0,0,4,1,2,1,30,6,1686,2,9,5,1,5
2017230185480,3,9,0,18,0,1,0,0,0,0,1,1,6,1,53,8,1596,1,6,3,1,3
2017230185510,1,9,0,18,0,0,0,0,0,0,1,1,6,1,51,8,1998,1,12,10,1,10
2017230185517,1,21,0,4,0,0,0,0,0,0,1,1,1,1,30,6,6870,2,5,5,1,5
2017230185517,2,9,0,3,0,0,0,0,0,0,2,1,1,2,20,4,1499,1,1,6,1,6
2017230185517,3,9,0,3,0,0,0,0,0,0,2,1,6,2,35,6,1984,2,5,8,1,8
2017230185537,1,9,0,9,0,6,0,0,0,0,3,1,1,1,19,4,1229,1,7,6,1,6
2017230185537,2,9,0,18,0,1,0,0,0,0,1,1,1,2,56,9,1596,1,11,6,1,6
2017230185565,1,9,0,14,0,1,0,0,0,0,1,1,6,3,23,5,-1,-1,-1,-1,-1,-1
2017230185565,2,5,0,17,0,2,1,0,0,0,1,1,5,1,23,5,645,1,17,3,1,3
2017230185578,1,9,0,18,0,0,2,0,1,4,1,1,6,1,18,4,1198,1,13,-1,-1,-1
2017230185606,1,9,0,18,0,1,0,0,0,0,1,1,5,1,22,5,1229,1,6,7,3,7
2017230185606,2,9,0,10,0,8,0,0,0,0,2,1,5,2,47,8,2497,2,12,10,2,10
2017230185706,1,9,0,17,0,0,2,0,1,0,1,1,6,2,39,7,1598,1,16,-1,-1,-1
2017230186140,1,9,0,18,0,0,1,0,0,0,1,1,1,1,19,4,1108,1,16,6,1,6
2017230186140,2,9,0,18,0,0,0,0,0,0,2,1,1,1,41,7,1685,2,2,3,1,3
2017230186275,1,9,0,5,0,4,0,0,0,0,1,1,1,1,22,5,1951,2,13,9,1,9
2017230186275,2,9,0,10,0,1,0,0,0,0,2,1,1,1,32,6,1560,2,4,2,1,2
2017230186318,1,8,0,17,0,0,0,0,0,0,0,1,1,1,35,6,-1,-1,-1,-1,-1,-1
2017230186355,1,19,0,7,0,6,0,0,0,0,1,1,1,1,54,8,2198,2,1,6,1,6
2017230186355,2,9,0,18,0,8,0,0,0,0,4,1,2,2,61,9,1560,2,9,3,1,3
2017230186391,1,9,0,18,0,6,0,0,0,0,1,1,2,1,30,6,1781,1,16,3,1,3
2017230186391,2,9,0,10,0,1,0,0,0,0,2,1,2,2,27,6,1988,1,15,9,2,9
2017230186411,1,9,0,16,0,0,0,0,0,0,1,1,5,1,19,4,1297,1,28,-1,-1,-1
2017230186411,2,9,0,17,0,0,0,0,0,0,1,1,5,1,21,5,1390,1,6,-1,-1,-1
2017230186436,1,9,0,18,0,0,1,0,1,1,1,1,5,1,22,5,1242,1,2,8,2,8
2017230186493,1,3,0,18,0,1,0,0,0,0,2,1,1,1,41,7,125,1,8,1,1,1
2017230186493,2,9,0,18,0,1,0,0,0,0,1,1,1,1,29,6,1598,1,15,2,1,2
2017230186494,1,9,0,18,0,0,0,0,0,0,4,1,6,3,22,5,-1,-1,-1,-1,-1,-1
2017230186510,1,19,0,18,0,0,0,0,0,0,1,1,1,1,30,6,2148,2,9,2,1,2
2017230186510,2,9,0,18,0,0,0,0,0,0,2,1,1,2,50,8,1997,2,7,6,1,6
2017230186510,3,9,0,18,0,0,0,0,0,0,2,1,1,1,52,8,1499,1,2,1,1,1
2017230186617,1,9,0,9,0,6,0,0,3,10,2,1,5,1,82,11,998,1,18,8,3,8
2017230186617,2,9,0,18,0,8,0,0,0,0,1,1,5,2,38,7,1995,2,-1,9,3,9
2017230186811,1,9,0,7,0,5,0,0,7,11,1,1,5,2,20,4,-1,-1,-1,10,3,10
2017230186890,1,9,0,18,0,0,0,10,2,4,4,1,5,2,24,5,1796,1,18,8,1,8
2017230186898,1,5,0,17,0,0,1,0,0,0,4,1,6,1,24,5,749,1,3,5,1,5
2017230187099,1,1,0,17,0,0,0,0,0,0,3,1,2,1,26,6,-1,-1,-1,9,1,9
2017230187099,2,9,0,18,0,0,0,0,0,0,2,1,2,1,42,7,2179,2,4,8,1,8
2017230187241,1,9,0,13,0,0,0,0,0,0,0,1,1,1,27,6,1686,2,5,-1,-1,-1
2017230187241,2,9,0,18,0,0,0,0,0,0,1,1,5,1,39,7,1997,2,3,10,3,10
2017230187241,3,9,0,4,0,0,0,0,0,0,2,1,5,2,48,8,998,1,1,3,1,3
2017230187658,1,9,0,9,0,5,0,0,0,0,4,1,6,2,50,8,1753,2,7,8,3,8
2017230187658,2,1,0,18,0,1,0,0,0,0,1,1,6,2,52,8,-1,-1,-1,10,1,10
2017230187734,1,19,0,5,0,1,0,0,0,0,1,1,6,1,35,6,1560,2,5,-1,-1,-1
2017230187765,1,9,0,18,0,0,5,10,2,4,1,1,5,2,48,8,-1,-1,-1,4,1,4
2017230187837,1,9,0,18,0,8,0,0,0,0,3,1,5,2,34,6,2179,2,5,2,1,2
2017230187837,2,9,0,18,0,8,0,0,0,0,4,1,5,2,19,4,998,1,10,6,1,6
2017230187845,1,9,0,1,9,0,0,0,0,0,2,1,5,1,61,9,1995,2,3,10,1,10
2017230187845,2,1,0,18,9,0,0,0,0,0,4,1,5,1,3,1,-1,-1,-1,4,1,4
2017230187870,1,9,0,18,0,0,1,4,0,0,3,1,5,1,26,6,1598,1,16,5,1,5
2017230187870,2,9,0,2,0,0,0,0,0,0,3,1,5,1,55,8,1596,1,7,5,1,5
2017230187870,3,9,0,2,0,0,0,0,0,0,3,1,5,1,61,9,1951,2,13,5,1,5
2017230187981,1,19,0,18,0,0,0,0,0,0,1,1,6,1,-1,-1,1898,2,-1,-1,-1,-1
2017230187981,2,8,0,3,0,0,0,0,0,0,2,1,1,1,32,6,-1,-1,-1,9,1,9
2017230187981,3,9,0,3,0,0,0,0,0,0,2,1,6,1,47,8,2143,2,2,7,1,7
2017230188157,1,9,0,3,0,1,0,0,0,0,2,1,6,1,35,6,1968,2,-1,8,2,8
2017230188157,2,9,0,4,0,1,0,0,0,0,1,1,6,1,28,6,2198,2,12,6,1,6
2017230188160,1,9,0,5,0,6,0,0,0,0,3,1,2,2,18,4,1229,1,3,7,1,7
2017230188160,2,21,0,17,0,1,0,0,0,0,1,1,5,1,57,9,4580,2,22,7,3,7
2017230188198,1,9,0,18,0,0,0,0,0,0,1,1,2,2,26,6,1364,1,8,3,2,3
2017230188198,2,9,0,4,0,0,0,0,0,0,2,1,2,1,29,6,1956,2,6,2,1,2
2017230188282,1,19,0,18,0,0,0,0,0,0,1,1,1,1,50,8,2143,2,6,6,1,6
2017230188282,2,90,0,18,0,0,0,0,0,0,2,1,1,1,34,6,7146,2,7,6,1,6
2017230188328,1,9,0,9,0,5,0,0,0,0,1,1,5,1,52,8,1422,2,13,1,1,1
2017230188328,2,9,0,18,0,8,0,0,0,0,1,1,5,1,18,4,1242,1,9,8,1,8
2017230188464,1,9,0,18,0,0,1,0,1,9,1,1,1,1,24,5,1461,2,1,2,1,2
2017230188546,1,9,0,18,0,1,0,0,0,0,1,1,2,1,41,7,1560,2,11,4,1,4
2017230188546,2,9,0,18,0,1,0,0,0,0,1,1,6,2,38,7,1995,2,2,6,3,6
2017230188546,3,9,0,9,0,8,0,0,0,0,2,1,6,1,57,9,2720,2,8,6,3,6
2017230188663,1,9,0,4,0,0,0,0,0,0,2,1,6,1,23,5,2998,1,1,5,1,5
2017230188663,2,9,0,18,0,0,0,0,0,0,1,1,6,1,32,6,1761,1,16,3,1,3
2017230188717,1,9,0,4,0,0,0,0,0,0,2,1,5,2,26,6,-1,-1,-1,6,2,6
2017230188717,2,5,0,4,0,0,0,0,0,0,1,1,5,1,43,7,955,1,17,8,3,8
2017230188761,1,9,0,18,0,0,1,0,1,7,2,1,6,2,21,5,998,1,11,9,2,9
2017230188798,1,9,0,11,0,8,0,0,0,0,1,1,1,1,25,5,-1,-1,-1,10,1,10
2017230188798,2,9,0,18,0,8,0,0,0,0,2,1,2,2,35,6,1999,2,-1,9,1,9
2017230188798,3,9,0,18,0,8,0,0,0,0,2,1,5,2,43,7,2179,2,10,10,1,10
2017230188913,1,9,0,4,0,1,0,0,0,0,1,1,6,3,34,6,1984,1,16,-1,-1,-1
2017230188913,2,9,0,3,0,1,0,0,0,0,2,1,5,2,30,6,1596,1,10,4,1,4
2017230188942,1,9,0,18,0,0,0,0,0,0,0,1,6,3,20,4,-1,-1,-1,-1,-1,-1
2017230189865,1,9,0,7,0,6,0,0,0,0,1,1,6,1,71,10,1997,2,8,-1,-1,-1
2017230189865,2,9,0,4,0,1,0,0,0,0,2,1,5,2,57,9,1590,1,13,8,2,8
2017230189901,1,22,0,4,0,0,0,0,0,0,1,1,2,2,67,10,-1,-1,-1,5,1,5
2017230189901,2,9,0,4,0,0,0,0,0,0,2,1,6,3,34,6,-1,-1,-1,-1,-1,-1
2017230189982,1,9,0,18,0,0,0,0,0,0,1,1,2,1,27,6,1975,1,10,10,2,10
2017230189982,2,9,0,4,0,0,0,0,0,0,2,1,2,1,28,6,1560,2,3,9,1,9
2017230189982,3,9,0,4,0,0,0,0,0,0,2,1,2,2,55,8,3498,1,11,10,3,10
2017230190012,1,9,0,18,0,0,0,0,2,11,4,1,6,1,28,6,2143,2,2,9,1,9
2017230190012,2,21,1,18,0,0,0,0,0,0,1,1,1,1,30,6,12900,2,7,6,1,6
2017230190012,3,9,0,18,0,0,0,0,0,0,1,1,1,1,33,6,3246,1,14,5,1,5
2017230190038,1,21,1,18,0,0,0,0,0,0,1,1,1,1,33,6,12809,2,2,9,2,9
2017230190038,2,19,0,4,0,0,0,0,0,0,2,1,1,1,33,6,2143,2,5,-1,1,-1
2017230190038,3,9,0,4,0,0,0,0,0,0,2,1,5,1,33,6,2000,2,13,8,1,8
2017230190164,1,19,0,5,0,0,0,0,0,0,1,1,6,1,34,6,2402,2,9,-1,-1,-1
2017230190164,2,1,0,18,0,0,0,0,0,0,4,1,5,1,42,7,-1,-1,-1,7,1,7
2017230190227,1,9,0,16,0,8,2,0,2,0,4,1,5,1,42,7,1390,1,13,-1,-1,-1
2017230190227,2,9,0,17,0,8,0,0,0,0,3,1,5,2,79,11,1388,1,5,9,3,9
2017230190257,1,9,0,18,0,4,0,0,0,0,1,1,1,1,24,5,2494,1,15,10,1,10
2017230190257,2,9,0,3,0,1,0,0,0,0,2,1,1,2,21,5,1242,1,11,3,1,3
2017230190259,1,9,0,18,0,0,1,0,5,6,1,1,2,1,40,7,1999,1,12,9,2,9
2017230190358,1,97,0,18,0,2,0,0,0,0,1,1,6,3,34,6,-1,-1,-1,-1,-1,-1
2017230190430,1,9,0,16,0,0,1,0,0,0,1,1,1,1,29,6,1598,1,15,7,3,7
2017230190430,2,9,0,17,0,0,1,0,0,0,1,1,1,2,62,9,999,1,3,10,3,10
2017230190454,1,9,0,17,0,4,0,0,0,0,1,1,2,1,34,6,2969,2,12,7,1,7
2017230190454,2,1,0,17,0,4,0,0,1,0,4,1,2,1,42,7,-1,-1,-1,6,3,6
2017230190562,1,9,0,17,0,0,0,0,1,0,1,1,5,1,29,6,-1,-1,-1,9,2,9
2017230190562,2,5,0,16,0,0,0,0,0,0,1,1,5,1,58,9,798,1,5,7,3,7
2017230190773,1,9,0,18,0,0,1,0,0,0,0,1,6,2,30,6,998,1,9,3,1,3
2017230190886,1,9,0,18,0,8,1,0,0,0,1,1,6,3,34,6,2499,2,12,-1,-1,-1
2017230190886,2,9,0,10,0,8,0,0,0,0,2,1,5,1,30,6,1995,2,4,10,1,10
2017230191046,1,9,0,18,0,1,0,0,0,0,3,1,5,1,64,9,1560,2,6,9,1,9