Accident_Index,Vehicle_Reference,Vehicle_Type,Towing_and_Articulation,Vehicle_Manoeuvre,Vehicle_Location-Restricted_Lane,Junction_Location,Skidding_and_Overturning,Hit_Object_in_Carriageway,Vehicle_Leaving_Carriageway,Hit_Object_off_Carriageway,1st_Point_of_Impact,Was_Vehicle_Left_Hand_Drive?,Journey_Purpose_of_Driver,Sex_of_Driver,Age_of_Driver,Age_Band_of_Driver,Engine_Capacity_(CC),Propulsion_Code,Age_of_Vehicle,Driver_IMD_Decile,Driver_Home_Area_Type,Vehicle_IMD_Decile
2017230191046,2,9,0,4,0,1,0,0,0,0,0,1,5,2,23,5,1242,1,16,-1,-1,-1
2017230191046,3,9,0,17,0,2,0,0,0,0,3,1,5,1,76,11,1598,1,7,7,3,7
2017230191154,1,4,0,18,0,0,0,0,0,0,1,1,6,2,46,8,250,1,1,10,1,10
2017230191154,2,9,0,4,0,0,0,0,0,0,2,1,6,2,27,6,1329,1,2,-1,-1,-1
2017230191214,1,9,0,5,0,6,0,0,0,0,4,1,5,1,19,4,973,1,14,3,1,3
2017230191214,2,1,0,18,0,8,0,0,0,0,1,1,5,2,33,6,-1,-1,-1,7,3,7
2017230191283,1,9,0,9,0,6,0,0,0,0,1,1,6,1,34,6,-1,-1,-1,-1,-1,-1
2017230191283,2,1,0,18,0,8,0,0,0,0,1,1,2,1,19,4,-1,-1,-1,6,1,6
2017230191292,1,8,0,5,0,4,0,0,0,0,1,1,1,1,44,7,-1,-1,-1,-1,-1,-1
2017230191292,2,1,0,18,0,8,0,0,0,0,4,1,6,2,47,8,-1,-1,-1,-1,-1,-1
2017230191521,1,9,0,18,0,0,0,0,0,0,1,1,5,2,33,6,2191,2,1,9,1,9
2017230191521,2,9,0,18,0,0,0,0,0,0,1,1,5,2,43,7,1396,1,5,6,1,6
2017230191521,3,9,0,4,0,0,0,0,0,0,2,1,5,1,74,10,-1,-1,-1,10,1,10
2017230191530,1,9,0,5,0,0,0,0,0,0,4,1,2,2,21,5,1124,1,15,-1,-1,-1
2017230191530,2,3,0,18,0,0,0,0,7,9,1,1,2,1,29,6,124,1,3,5,1,5
2017230191804,1,3,0,9,0,8,0,0,0,0,4,1,5,2,26,6,124,1,9,7,1,7
2017230191804,2,9,0,18,0,1,1,0,0,0,1,1,5,1,35,6,1368,1,9,10,1,10
2017230191823,1,9,0,2,4,0,0,0,0,0,3,1,5,2,49,8,1398,1,1,-1,-1,-1
2017230191823,2,1,0,18,4,0,0,8,0,0,1,1,5,1,50,8,-1,-1,-1,6,1,6
2017230191835,1,9,0,18,0,0,1,0,0,0,1,1,6,1,24,5,1798,1,11,8,3,8
2017230191835,2,9,0,4,0,0,0,0,0,0,2,1,1,1,26,6,-1,-1,-1,2,1,2
2017230191835,3,9,0,4,0,0,0,0,0,0,2,1,6,1,40,7,1997,1,8,6,3,6
2017230191835,4,9,0,4,0,0,0,0,0,0,1,1,6,1,35,6,1910,2,11,2,1,2
2017230191843,1,19,0,2,6,0,0,0,0,0,3,1,6,1,38,7,2400,2,15,1,1,1
2017230191843,2,21,1,18,0,0,0,0,0,0,4,1,6,1,55,8,-1,-1,-1,-1,1,-1
2017230192013,1,9,0,17,0,0,1,0,1,10,1,1,5,1,21,5,1124,1,16,10,1,10
2017230192067,1,9,0,13,0,3,0,0,0,0,4,1,3,2,46,8,2143,2,6,10,1,10
2017230192067,2,9,0,9,0,8,0,0,0,0,3,1,5,1,58,9,2998,1,1,4,1,4
2017230192077,1,9,0,18,0,1,0,0,0,0,1,1,6,1,25,5,1499,1,2,-1,-1,-1
2017230192077,2,9,0,18,0,1,0,0,0,0,3,1,6,2,50,8,1242,1,3,8,1,8
2017230192089,1,5,0,18,0,1,0,0,0,0,1,1,6,1,24,5,748,1,28,-1,-1,-1
2017230192089,2,9,0,9,0,5,0,0,0,0,3,1,6,2,59,9,-1,-1,-1,9,1,9
2017230192093,1,9,0,18,0,0,0,0,0,0,1,1,5,1,76,11,1868,2,15,8,1,8
2017230192093,2,9,0,3,0,0,0,0,0,0,3,1,5,1,43,7,-1,-1,-1,9,1,9
2017230192093,3,9,0,3,0,0,0,0,0,0,2,1,5,1,64,9,1598,2,4,5,1,5
2017230192095,1,9,0,5,0,1,0,0,0,0,1,1,5,2,31,6,1197,1,1,2,1,2
2017230192110,1,98,0,18,0,1,0,0,0,0,1,1,6,1,30,6,-1,-1,-1,-1,-1,-1
2017230192110,2,9,0,3,0,1,0,0,0,0,2,1,2,2,53,8,1390,1,4,9,1,9
2017230192170,1,98,0,9,0,0,0,0,0,0,3,1,1,1,26,6,-1,-1,-1,1,1,1
2017230192170,2,5,0,18,0,0,0,0,0,0,1,1,6,1,46,8,942,1,9,-1,-1,-1
2017230192195,1,9,0,18,0,0,0,0,0,0,1,1,5,1,29,6,998,1,16,5,1,5
2017230192195,2,9,0,4,0,0,0,0,0,0,2,1,5,2,37,7,1753,2,14,6,1,6
2017230192205,1,9,0,9,0,5,0,0,0,0,1,1,1,1,64,9,-1,-1,-1,8,1,8
2017230192205,2,9,0,18,0,1,0,0,0,0,1,1,6,1,29,6,1398,1,7,4,1,4
2017230192293,1,9,0,9,0,6,0,0,0,0,1,1,1,2,26,6,998,1,3,7,3,7
2017230192293,2,9,0,18,0,8,0,0,0,0,1,1,1,1,38,7,1968,2,1,7,1,7
2017230192309,1,21,1,5,0,6,0,0,0,0,1,1,1,1,45,7,12419,2,4,6,1,6
2017230192309,2,9,0,18,0,1,0,0,0,0,3,1,6,2,34,6,1388,1,12,9,1,9
2017230192309,3,21,1,3,0,1,0,0,0,0,1,1,1,1,56,9,11705,2,5,8,1,8
2017230192336,1,9,0,9,0,5,0,0,0,0,1,1,6,1,56,9,2496,1,14,4,1,4
2017230192336,2,3,0,18,0,1,0,0,0,0,3,1,6,1,23,5,124,1,3,10,1,10
2017230192469,1,9,0,18,0,0,0,0,0,0,3,1,1,1,50,8,-1,-1,-1,10,1,10
2017230192528,1,9,0,13,0,0,0,0,7,0,1,1,6,1,40,7,1240,1,14,1,1,1
2017230192528,2,9,0,16,0,0,0,0,0,0,1,1,1,1,62,9,-1,-1,-1,8,1,8
2017230192560,1,9,0,16,0,0,1,6,2,0,1,1,2,1,37,7,1598,1,10,1,1,1
2017230192560,2,9,0,18,0,0,0,0,1,0,1,1,5,1,71,10,1998,1,1,10,1,10
2017230192594,1,9,0,18,0,0,1,0,0,0,1,1,5,1,28,6,1896,2,13,5,2,5
2017230192594,2,9,0,18,0,0,0,0,0,0,1,1,5,2,58,9,1198,1,2,6,3,6
2017230192636,1,9,0,9,0,1,0,0,0,0,1,1,5,2,86,11,-1,-1,-1,8,2,8
2017230192636,2,1,0,18,0,1,0,0,0,0,1,1,4,1,16,4,-1,-1,-1,8,2,8
2017230192672,1,9,0,18,0,0,0,0,0,0,1,1,6,2,46,8,2496,2,13,8,1,8
2017230192672,2,9,0,18,0,0,0,0,0,0,2,1,6,1,50,8,2148,2,8,2,1,2
2017230192682,1,9,0,9,0,4,0,0,0,0,3,1,5,2,28,6,1598,1,15,4,1,4
2017230192682,2,1,0,18,0,8,0,0,0,0,1,1,2,1,51,8,-1,-1,-1,9,1,9
2017230192739,1,9,0,4,0,0,0,0,0,0,1,1,5,2,70,10,1360,1,8,3,1,3
2017230192753,1,9,0,5,0,6,0,0,0,0,1,1,5,2,36,7,-1,-1,-1,6,1,6
2017230192753,2,1,0,18,0,8,0,0,0,0,2,1,5,1,51,8,-1,-1,-1,9,1,9
2017230192757,1,9,0,18,0,0,0,0,0,0,1,1,2,1,51,8,2401,2,9,4,2,4
2017230192757,2,9,0,4,0,0,0,0,0,0,2,1,2,2,49,8,1999,1,9,5,2,5
2017230192757,3,9,0,4,0,0,0,0,0,0,2,1,2,2,31,6,1956,2,3,-1,-1,-1
2017230193045,1,9,0,18,0,0,0,0,0,0,1,1,5,1,21,5,1781,1,14,6,2,6
2017230193168,1,1,0,18,0,6,0,0,0,0,1,1,4,1,14,3,-1,-1,-1,4,1,4
2017230193168,2,9,0,18,0,8,0,0,0,0,3,1,5,2,17,4,1299,1,14,4,1,4
2017230193177,1,9,0,17,0,0,1,0,1,7,1,1,2,1,18,4,1198,1,10,8,1,8
2017230193193,1,97,0,4,0,0,1,0,0,0,3,1,5,1,30,6,-1,-1,-1,10,1,10
2017230193197,1,9,0,7,0,4,1,0,0,0,1,1,1,1,32,6,-1,-1,-1,3,1,3
2017230193197,2,9,0,8,0,1,0,0,0,0,2,1,1,2,32,6,-1,-1,-1,5,1,5
2017230193367,1,9,0,18,0,0,5,4,0,0,1,1,5,1,27,6,1598,1,9,7,3,7
2017230193367,2,9,0,2,0,0,0,10,1,10,2,1,5,1,40,7,1364,1,9,9,1,9
2017230193424,1,9,0,16,0,0,5,4,0,0,1,1,1,2,39,7,1339,1,6,-1,-1,-1
2017230193424,2,9,0,2,0,0,0,0,1,0,3,1,5,1,59,9,1199,1,15,7,1,7
2017230193589,1,9,0,18,0,0,2,0,1,0,4,1,5,1,24,5,1229,1,12,2,1,2
2017230193636,1,9,0,18,0,0,0,0,7,4,1,1,6,1,32,6,1686,2,5,5,1,5
2017230193844,1,9,0,17,0,0,0,0,1,11,1,1,5,1,38,7,1395,1,-1,1,1,1
2017230193873,1,1,0,4,0,1,0,0,0,0,1,1,5,1,77,11,-1,-1,-1,7,3,7
2017230193873,2,9,0,4,0,1,0,0,0,0,2,1,5,1,41,7,1461,2,5,1,1,1
2017230193886,1,9,0,16,0,1,0,0,0,0,4,1,5,1,19,4,1388,1,17,6,2,6
2017230193886,2,9,0,5,0,6,0,0,0,0,3,1,6,2,69,10,2199,2,4,9,3,9
2017230193889,1,9,0,11,0,3,5,0,1,1,1,1,5,1,34,6,1598,1,14,7,3,7
2017230194335,1,9,0,9,0,6,0,0,0,0,0,1,6,1,26,6,2993,2,9,-1,-1,-1
2017230194335,2,5,0,18,0,1,1,0,0,0,3,1,6,1,42,7,599,1,8,-1,-1,-1
2017230194390,1,9,0,9,0,6,0,0,0,0,1,1,6,2,34,6,-1,-1,-1,-1,-1,-1
2017230194390,2,1,0,18,0,8,0,0,0,0,4,1,4,1,15,3,-1,-1,-1,9,1,9
2017230194452,1,9,0,18,0,6,0,0,0,0,1,1,5,1,59,9,1360,1,11,1,1,1
2017230194452,2,9,0,18,0,1,0,0,1,0,3,1,5,1,35,6,1299,1,18,-1,-1,-1
2017230194534,1,9,0,6,0,0,0,0,0,0,3,1,5,2,30,6,2698,2,12,5,1,5
2017230194534,2,5,0,13,0,0,0,0,0,0,1,1,5,1,30,6,656,1,8,5,1,5
2017230194637,1,9,0,18,0,8,0,0,0,0,4,1,5,1,30,6,2967,2,4,7,1,7
2017230194637,2,19,0,7,0,6,0,0,0,0,1,1,5,1,50,8,2143,2,2,-1,-1,-1
2017230194650,1,9,0,5,0,8,0,0,0,0,1,1,2,1,45,7,1796,1,6,2,1,2
2017230194650,2,9,0,9,0,6,0,0,0,0,1,1,2,1,19,4,2179,2,9,7,3,7
2017230194655,1,9,0,9,0,2,0,0,0,0,1,1,5,2,84,11,1560,2,3,-1,-1,-1
2017230194667,1,9,0,18,0,8,0,0,7,3,1,1,5,2,67,10,1560,2,5,6,1,6
2017230194667,2,9,0,18,0,6,0,0,0,0,4,1,2,2,38,7,1560,2,3,1,1,1
2017230194841,1,9,0,4,0,1,0,0,0,0,1,1,1,2,35,6,2996,1,6,-1,-1,-1
2017230194841,2,9,0,4,0,1,0,0,0,0,2,1,1,1,61,9,1598,2,-1,-1,-1,-1
2017230194860,1,9,0,7,0,4,0,0,0,0,1,1,5,1,48,8,1997,2,1,-1,-1,-1
2017230194860,2,1,0,18,0,8,0,0,0,0,4,1,5,2,42,7,-1,-1,-1,-1,-1,-1
2017230195064,1,9,0,16,0,0,0,6,7,9,1,1,5,1,18,4,1149,1,13,-1,-1,-1
2017230195092,1,9,0,17,0,8,5,0,0,0,1,1,6,1,23,5,2261,1,-1,-1,-1,-1
2017230195144,1,9,0,18,0,2,0,0,0,0,1,1,5,2,82,11,-1,-1,-1,-1,-1,-1
2017230195144,2,1,0,18,0,2,0,0,0,0,2,1,5,1,58,9,-1,-1,-1,-1,-1,-1
2017230195197,1,9,0,18,0,0,0,0,0,0,1,1,6,1,94,11,1598,1,10,-1,-1,-1
2017230195197,2,9,0,3,0,0,0,0,0,0,2,1,6,2,35,6,-1,-1,-1,-1,-1,-1
2017230195197,3,9,0,3,0,0,0,0,0,0,2,1,6,1,26,6,1242,1,2,-1,-1,-1
2017230195197,4,9,0,3,0,0,0,0,0,0,2,1,6,2,25,5,-1,-1,-1,-1,-1,-1
2017230195246,1,9,0,17,0,0,0,0,0,0,1,1,1,1,48,8,1950,2,-1,-1,-1,-1
2017230195246,2,9,0,16,0,0,0,0,0,0,1,1,1,1,39,7,1968,2,-1,-1,-1,-1
2017230195426,1,9,0,18,0,0,0,0,0,0,1,1,1,2,26,6,1598,2,2,-1,-1,-1
2017230195481,1,1,0,16,0,0,0,0,0,0,1,1,5,1,82,11,-1,-1,-1,-1,-1,-1
2017230195864,1,9,0,18,0,6,0,0,0,0,1,1,5,1,21,5,1086,1,13,4,1,4
2017230195864,2,9,0,18,0,8,0,0,0,0,4,1,5,1,17,4,1248,2,1,8,1,8
2017230196209,1,9,0,3,0,0,0,0,0,0,2,1,5,1,47,8,998,1,7,-1,-1,-1
2017230196209,2,9,0,18,0,0,0,0,0,0,1,1,5,1,-1,-1,1149,1,10,-1,-1,-1
2017230196250,1,98,0,18,0,0,1,0,0,0,1,2,1,1,38,7,-1,-1,-1,-1,-1,-1
2017230196250,2,9,0,18,0,0,0,0,0,0,2,1,6,2,22,5,998,1,3,-1,-1,-1
2017230196251,1,19,3,18,0,0,0,0,0,0,0,1,6,1,55,8,2799,2,18,-1,-1,-1
2017230196251,2,9,0,18,0,0,0,0,0,0,1,1,5,2,34,6,1200,1,-1,-1,-1,-1
2017230196485,1,5,0,18,0,0,0,7,0,0,1,1,5,1,35,6,1000,1,41,2,1,2
2017230196570,1,8,0,18,0,8,1,0,0,0,1,1,1,1,57,9,1995,2,5,-1,-1,-1
2017230196643,1,9,0,18,0,0,1,0,1,0,1,1,2,2,32,6,1149,1,14,10,1,10
2017230196643,2,9,0,18,0,0,0,0,1,0,3,1,2,2,29,6,998,1,-1,-1,-1,-1
2017230196643,3,9,0,2,6,0,0,0,0,0,1,1,6,3,40,7,1896,2,10,-1,-1,-1
2017230196643,4,9,0,2,6,0,0,0,0,0,2,1,6,3,30,6,1149,1,11,-1,-1,-1
2017230196733,1,9,0,16,0,0,0,10,7,2,1,1,5,2,60,9,1598,2,3,-1,-1,-1
2017230196734,1,9,0,18,0,6,1,0,1,10,1,1,2,1,46,8,1596,1,12,4,1,4
2017230196734,2,9,0,18,0,8,1,0,7,10,1,1,2,1,55,8,-1,-1,-1,6,1,6
2017230196773,1,90,0,18,0,8,0,10,1,0,4,1,5,1,22,5,-1,-1,-1,-1,-1,-1
2017230196809,1,21,1,18,0,0,0,0,0,0,1,1,1,1,60,9,11967,2,4,-1,-1,-1
2017230196813,1,9,0,18,0,0,5,0,6,6,1,1,6,1,22,5,1596,1,12,-1,-1,-1
2017230196814,1,1,0,18,0,3,0,0,0,0,1,1,2,1,50,8,-1,-1,-1,-1,-1,-1
2017230196814,2,9,0,18,0,3,0,0,0,0,4,1,2,1,34,6,1753,2,11,-1,-1,-1
2017230196890,1,9,0,18,0,6,0,0,7,0,1,1,5,1,37,7,1896,2,9,5,1,5
2017230196890,2,9,0,18,0,8,0,0,1,0,3,1,5,2,53,8,973,1,16,8,1,8
2017230196897,1,9,0,6,8,0,0,0,0,0,1,1,5,1,62,9,1998,1,10,-1,-1,-1
2017230196897,2,5,0,18,0,0,0,0,0,0,1,1,5,1,64,9,883,1,9,-1,-1,-1
2017230196939,1,9,0,9,0,6,0,0,0,0,1,1,1,1,61,9,1998,2,7,-1,-1,-1
2017230196939,2,9,0,17,0,8,0,0,0,0,1,1,5,1,31,6,1999,2,2,-1,-1,-1
2017230196939,3,9,5,16,0,8,0,0,0,0,1,1,5,1,53,8,2495,2,16,-1,-1,-1
2017230196967,1,9,0,9,0,6,0,0,0,0,3,1,5,2,40,7,2401,2,14,-1,-1,-1
2017230196967,2,9,0,18,0,1,0,0,0,0,1,1,5,1,42,7,1086,1,12,-1,-1,-1
2017230196991,1,9,0,18,0,0,0,4,0,0,1,1,5,1,35,6,5204,1,6,-1,-1,-1
2017230196991,2,9,0,2,0,0,0,4,0,0,2,1,5,1,58,9,898,1,-1,-1,-1,-1
2017230196991,3,9,0,2,6,0,0,0,0,0,3,1,5,1,75,10,1398,1,2,-1,-1,-1
2017230197043,1,9,0,18,0,0,1,0,0,0,1,1,5,1,29,6,1990,1,22,-1,-1,-1
2017230197043,2,9,0,18,0,0,0,0,0,0,1,1,5,2,28,6,1145,1,15,3,1,3
2017230197043,3,9,0,18,0,0,0,0,0,0,1,1,5,2,47,8,1242,1,6,10,1,10
2017230197093,1,9,0,18,0,8,0,0,0,0,1,1,1,2,29,6,1998,2,9,-1,-1,-1
2017230197093,2,9,0,10,0,8,0,0,0,0,2,1,5,2,42,7,-1,3,2,-1,-1,-1
2017230197116,1,9,0,18,0,0,0,0,0,0,1,1,5,2,85,11,1391,1,16,-1,-1,-1
2017230197116,2,9,0,3,0,0,0,0,0,0,2,1,1,1,36,7,1968,2,1,-1,-1,-1
2017230197128,1,9,0,9,0,7,0,0,0,0,1,1,5,1,44,7,1598,2,2,-1,-1,-1
2017230197128,2,9,0,18,0,8,0,0,0,0,1,1,5,1,79,11,2967,2,4,-1,-1,-1
2017230197164,1,9,0,9,0,6,0,0,0,0,3,1,5,2,61,9,1686,2,3,7,2,7
2017230197164,2,21,1,16,0,8,0,0,0,0,1,1,1,1,22,5,11021,2,11,5,2,5
2017230197210,1,9,0,7,0,5,0,7,0,0,1,1,5,1,21,5,2000,1,18,5,1,5
2017230197238,1,9,0,9,0,6,0,0,0,0,4,1,1,1,26,6,1796,1,11,3,1,3
2017230197238,2,3,0,18,0,8,0,0,0,0,1,1,1,1,63,9,124,1,6,3,1,3
2017230197319,1,19,0,7,0,6,0,0,0,0,4,1,1,1,44,7,1560,2,2,1,1,1
2017230197319,2,1,0,4,0,8,0,0,0,0,1,1,2,1,33,6,-1,-1,-1,3,1,3
2017230197333,1,9,0,9,0,8,0,0,0,0,3,1,5,2,42,7,1997,2,9,7,2,7
2017230197333,2,9,0,18,0,3,0,0,0,0,1,1,5,2,30,6,1968,2,3,-1,-1,-1
2017230197387,1,9,0,18,0,0,0,0,0,0,1,1,6,3,34,6,4134,2,3,-1,-1,-1
2017230197387,2,9,0,4,0,0,0,0,0,0,2,1,1,1,30,6,1995,2,2,-1,-1,-1
2017230197387,3,19,0,4,0,0,0,0,0,0,2,1,1,1,38,7,2143,2,-1,-1,-1,-1
2017230197439,1,9,0,11,0,1,0,0,0,0,1,1,5,1,38,7,1968,2,2,3,1,3
2017230197439,2,9,0,3,0,1,0,0,0,0,2,1,5,2,44,7,1597,2,3,6,1,6
2017230197439,3,9,0,3,0,1,0,0,0,0,2,1,5,2,51,8,1242,1,5,7,1,7
2017230197868,1,19,0,9,0,5,0,0,0,0,1,1,1,1,31,6,2198,2,5,-1,-1,-1
2017230197868,2,1,0,9,0,5,0,0,0,0,2,1,5,1,96,11,-1,-1,-1,-1,-1,-1
2017230198021,1,21,1,18,0,0,0,0,0,0,1,1,1,1,33,6,12900,2,6,-1,-1,-1
2017230198021,2,9,0,18,0,0,0,0,0,0,2,1,6,1,27,6,1368,1,4,-1,-1,-1
2017230198021,3,9,0,18,0,0,0,0,0,0,2,1,6,1,24,5,1900,2,13,5,1,5
2017230198038,1,9,0,9,0,5,0,0,0,0,1,1,6,1,22,5,1364,1,8,-1,-1,-1
2017230198038,2,1,0,18,0,8,0,0,0,0,1,1,2,2,45,7,-1,-1,-1,-1,-1,-1
2017230198050,1,9,0,17,0,0,5,0,0,0,1,1,5,2,62,9,2179,2,6,-1,-1,-1
2017230198050,2,9,0,16,0,0,0,0,0,0,3,1,5,2,72,10,4163,1,12,-1,-1,-1
2017230198092,1,21,1,18,0,0,0,0,0,0,1,1,1,1,54,8,11967,2,4,-1,-1,-1
2017230198092,2,21,1,18,0,0,0,0,0,0,2,1,1,1,52,8,12777,2,6,-1,-1,-1
2017230198092,3,21,1,18,0,0,0,0,0,0,2,1,1,1,46,8,12419,2,2,-1,-1,-1
2017230198133,1,9,0,18,0,0,2,0,2,1,1,1,2,1,55,8,1349,1,9,-1,-1,-1
2017230198134,1,9,0,3,0,1,0,0,0,0,2,1,5,1,39,7,1686,2,7,5,1,5
2017230198134,2,19,0,5,0,4,0,0,0,0,1,1,1,2,30,6,2143,2,3,4,3,4
2017230198165,1,9,0,11,0,3,0,0,1,0,4,1,5,1,18,4,1798,1,12,-1,-1,-1
2017230198165,2,9,0,18,0,8,0,0,0,0,3,1,5,2,31,6,1900,2,11,-1,-1,-1
2017230198184,1,9,0,18,0,0,0,0,0,0,1,1,6,1,43,7,1598,1,8,-1,-1,-1
2017230198184,2,9,0,18,0,0,0,0,0,0,2,1,6,1,37,7,1390,1,10,-1,-1,-1
2017230198208,1,9,0,9,0,6,1,0,0,0,1,1,2,1,63,9,1493,2,12,-1,-1,-1
2017230198208,2,9,0,18,0,1,1,0,0,0,4,1,2,2,59,9,1968,2,1,-1,-1,-1
2017230198311,1,9,0,18,0,0,0,0,4,6,1,1,6,1,35,6,1590,1,16,-1,-1,-1
2017230198413,1,9,0,9,0,6,0,0,3,10,3,1,5,1,72,10,2720,2,12,-1,-1,-1
2017230198413,2,9,0,18,0,8,1,0,0,0,1,1,5,1,24,5,1598,1,6,4,1,4
2017230198432,1,9,0,9,0,5,0,0,0,0,1,1,6,1,22,5,1364,1,9,-1,-1,-1
2017230198432,2,9,0,3,0,1,0,0,0,0,1,1,6,1,25,5,998,1,3,-1,-1,-1
2017230198441,1,9,0,9,0,5,0,0,0,0,1,1,5,2,42,7,1798,8,4,-1,-1,-1
2017230198441,2,1,0,18,0,8,0,0,0,0,3,1,2,2,50,8,-1,-1,-1,-1,-1,-1
2017230198470,1,9,0,5,0,6,0,0,0,0,4,1,5,1,35,6,1200,1,1,-1,-1,-1
2017230198470,2,9,0,18,0,8,1,0,0,0,1,1,5,1,48,8,2993,2,2,-1,-1,-1
2017230198477,1,9,0,17,0,3,0,0,0,0,1,1,6,3,34,6,-1,-1,-1,-1,-1,-1
2017230198477,2,9,0,7,0,3,0,0,0,0,3,1,5,1,55,8,2143,2,5,-1,-1,-1
2017230198587,1,9,0,18,0,8,0,0,0,0,1,1,2,1,43,7,1753,2,15,-1,-1,-1
2017230198587,2,9,0,4,0,8,0,0,0,0,2,1,2,2,30,6,999,1,1,-1,-1,-1
2017230198587,3,9,0,10,0,1,0,0,0,0,4,1,5,2,66,10,1198,1,8,-1,-1,-1
2017230198829,1,9,0,18,0,0,1,0,2,4,1,1,6,1,19,4,1364,1,12,-1,-1,-1
2017230198848,1,98,0,11,0,0,0,0,0,0,4,2,1,1,40,7,-1,-1,-1,-1,-1,-1
2017230198848,2,5,0,11,0,0,1,0,0,0,3,1,6,1,74,10,891,1,24,-1,-1,-1
2017230198853,1,9,0,17,0,0,2,0,1,9,1,1,6,1,21,5,998,1,17,8,1,8
2017230198882,1,9,0,18,0,0,1,0,0,0,1,1,5,1,23,5,1997,2,11,-1,-1,-1
2017230198882,2,9,0,18,0,0,0,0,0,0,1,1,1,1,44,7,1984,1,5,-1,-1,-1
2017230198882,3,9,0,18,0,0,0,0,0,0,3,1,5,2,39,7,1596,1,13,-1,-1,-1
2017230198882,4,9,0,18,0,0,0,0,0,0,3,1,5,2,19,4,998,1,8,-1,-1,-1
2017230198882,5,9,0,18,0,0,0,0,0,0,1,1,5,1,36,7,2874,2,19,-1,-1,-1
2017230198918,1,9,0,16,0,0,1,0,1,9,4,1,2,1,18,4,-1,-1,-1,-1,-1,-1
2017230198926,1,3,0,4,0,1,1,0,0,0,3,1,2,1,18,4,124,1,5,-1,-1,-1
2017230198926,2,9,0,4,0,4,0,0,0,0,0,1,6,3,34,6,-1,-1,-1,-1,-1,-1
2017230199063,1,4,0,13,0,0,0,7,0,0,1,1,5,1,25,5,998,1,3,-1,-1,-1
2017230199063,2,9,0,16,0,0,0,0,0,0,0,1,5,1,29,6,2498,1,14,-1,-1,-1
2017230199103,1,9,0,18,0,1,0,0,0,0,1,1,6,3,30,6,-1,-1,-1,-1,-1,-1
2017230199103,2,9,0,10,0,1,0,0,0,0,2,1,5,2,27,6,1396,1,8,-1,-1,-1
2017230199170,1,9,0,6,0,2,0,0,0,0,1,1,5,1,33,6,1360,1,10,-1,-1,-1
2017230199170,2,5,0,18,0,1,1,0,0,0,1,1,5,1,30,6,1157,1,12,-1,-1,-1
2017230199195,1,9,0,16,0,8,1,0,0,0,1,1,2,1,26,6,1997,2,-1,7,1,7
2017230199195,2,9,0,10,0,8,0,0,0,0,2,1,5,2,56,9,1598,2,1,8,3,8
2017230199214,1,9,0,9,0,5,0,0,0,0,1,1,1,2,65,9,998,1,1,4,2,4
2017230199214,2,2,0,18,0,8,0,0,0,0,1,1,2,1,17,4,125,1,4,4,2,4
2017230199232,1,9,0,18,0,3,0,0,0,0,1,1,5,1,78,11,1499,2,2,-1,-1,-1
2017230199232,2,9,0,4,0,1,0,0,0,0,1,1,5,1,47,8,1956,2,3,10,1,10
2017230199232,3,9,0,4,0,1,0,0,0,0,1,1,5,1,28,6,2179,2,5,8,3,8
2017230199281,1,19,0,7,0,5,0,0,0,0,4,1,6,1,47,8,2143,2,-1,-1,-1,-1
2017230199281,2,1,0,18,0,6,0,0,0,0,1,1,1,1,19,4,-1,-1,-1,-1,-1,-1
2017230199353,1,9,0,5,0,6,0,0,3,9,3,1,5,2,25,5,1390,1,5,-1,-1,-1
2017230199353,2,9,0,17,0,8,1,0,0,0,1,1,2,1,28,6,1995,2,10,-1,-1,-1
2017230199388,1,9,0,18,0,0,0,0,0,0,4,1,6,3,38,7,-1,-1,-1,-1,-1,-1
2017230199388,2,1,0,18,0,0,0,0,0,0,3,1,5,1,55,8,-1,-1,-1,6,2,6
2017230199399,1,9,0,18,0,3,0,9,0,0,4,1,1,2,34,6,1341,1,13,-1,-1,-1
2017230199399,2,20,0,18,0,3,0,0,0,0,3,1,5,1,22,5,-1,-1,-1,-1,-1,-1
2017230199402,1,9,0,18,0,1,0,0,0,0,1,1,5,2,45,7,1896,2,12,9,1,9
2017230199402,2,9,0,3,0,1,0,0,0,0,2,1,5,2,40,7,1995,2,-1,-1,-1,-1
2017230199412,1,3,0,18,0,6,0,0,0,0,3,1,5,1,23,5,125,1,2,5,1,5
2017230199412,2,19,0,18,0,8,0,0,0,0,1,1,2,1,36,7,2198,2,2,-1,-1,-1
2017230199575,1,9,0,16,0,0,0,0,0,0,1,1,5,1,32,6,1598,1,13,3,3,3
2017230199575,2,19,0,17,0,0,0,0,0,0,1,1,2,1,29,6,1968,2,2,6,3,6
2017230199588,1,9,0,5,0,6,0,0,0,0,4,1,5,2,67,10,1598,1,18,-1,-1,-1
2017230199588,2,9,0,18,0,8,0,0,7,10,1,1,5,1,43,7,2993,2,3,-1,-1,-1
2017230199675,1,9,0,18,0,8,0,0,0,0,1,1,5,1,42,7,1598,1,11,6,1,6
2017230199675,2,9,0,10,0,8,0,0,0,0,2,1,5,1,26,6,1360,1,28,10,1,10
2017230199803,1,9,0,5,0,0,0,0,0,0,1,1,6,1,53,8,1598,1,10,-1,-1,-1
2017230199803,2,9,0,18,0,0,0,0,0,0,4,1,5,2,26,6,1198,1,6,-1,-1,-1