Accident_Index,Vehicle_Reference,Vehicle_Type,Towing_and_Articulation,Vehicle_Manoeuvre,Vehicle_Location-Restricted_Lane,Junction_Location,Skidding_and_Overturning,Hit_Object_in_Carriageway,Vehicle_Leaving_Carriageway,Hit_Object_off_Carriageway,1st_Point_of_Impact,Was_Vehicle_Left_Hand_Drive?,Journey_Purpose_of_Driver,Sex_of_Driver,Age_of_Driver,Age_Band_of_Driver,Engine_Capacity_(CC),Propulsion_Code,Age_of_Vehicle,Driver_IMD_Decile,Driver_Home_Area_Type,Vehicle_IMD_Decile
2017230200055,1,21,0,6,0,0,0,0,0,0,3,1,1,1,30,6,12740,2,2,-1,-1,-1
2017230200055,2,9,0,18,0,0,0,7,5,6,4,1,5,2,24,5,1398,1,3,-1,-1,-1
2017230200067,1,9,0,18,0,0,0,0,5,6,1,1,5,1,81,11,1995,2,3,9,3,9
2017230200072,1,9,0,9,0,6,0,0,0,0,3,1,6,1,39,7,1499,2,1,-1,-1,-1
2017230200072,2,5,0,18,0,8,1,0,0,0,1,1,5,1,26,6,998,1,16,-1,-1,-1
2017230200081,1,22,0,18,9,0,5,0,0,0,1,1,5,2,48,8,-1,-1,-1,-1,-1,-1
2017230200095,1,9,0,18,0,0,1,0,0,0,1,1,6,1,61,9,2902,2,11,-1,-1,-1
2017230200095,2,9,0,18,0,0,0,0,0,0,2,1,6,1,45,7,1956,2,4,-1,-1,-1
2017230200095,3,9,0,18,0,0,0,0,0,0,2,1,6,1,58,9,1968,2,7,-1,-1,-1
2017230200123,1,9,0,17,0,0,0,0,0,0,1,1,5,1,21,5,1364,1,7,-1,-1,-1
2017230200123,2,9,0,16,0,0,0,0,0,0,1,1,2,1,51,8,1839,1,14,-1,-1,-1
2017230200186,1,8,0,9,0,6,0,0,0,0,1,1,1,1,33,6,1995,2,7,-1,-1,-1
2017230200186,2,3,0,18,0,1,1,0,0,0,1,1,2,1,51,8,125,1,5,-1,-1,-1
2017230200202,1,9,0,3,0,1,0,0,0,0,2,1,6,1,30,6,1995,2,8,-1,-1,-1
2017230200202,2,9,0,18,0,1,0,0,0,0,1,1,6,2,66,10,1299,1,15,-1,-1,-1
2017230200217,1,9,0,4,0,1,0,0,0,0,1,1,6,2,41,7,1800,1,18,-1,-1,-1
2017230200217,2,9,0,8,0,1,0,0,0,0,2,1,5,2,39,7,1240,1,13,-1,-1,-1
2017230200252,1,9,0,5,0,6,1,0,7,0,2,1,5,1,54,8,1595,1,-1,-1,-1,-1
2017230200252,2,9,0,18,0,1,1,0,0,0,1,1,5,2,21,5,1299,1,10,-1,-1,-1
2017230200254,1,8,0,9,0,5,0,0,0,0,4,1,1,1,33,6,1996,2,10,-1,-1,-1
2017230200254,2,9,0,18,0,1,0,0,0,0,4,1,2,1,52,8,1910,2,11,2,1,2
2017230200259,1,9,0,7,0,1,0,0,0,0,1,1,2,1,28,6,1596,1,12,9,1,9
2017230200259,2,9,0,10,0,1,0,0,0,0,2,1,2,2,45,7,1395,1,2,10,1,10
2017230200314,1,9,0,18,0,0,0,0,1,11,1,1,6,1,33,6,2204,2,10,-1,-1,-1
2017230200314,2,17,0,18,0,0,0,0,0,0,2,1,1,1,31,6,-1,-1,-1,-1,-1,-1
2017230200460,1,9,0,18,0,0,0,0,0,0,1,1,5,2,24,5,1242,1,15,-1,-1,-1
2017230200460,2,9,0,4,0,0,0,0,0,0,2,1,5,2,74,10,1124,1,11,-1,-1,-1
2017230200513,1,9,0,18,0,1,1,0,0,0,1,1,5,1,27,6,1598,1,12,-1,-1,-1
2017230200513,2,9,0,5,0,6,0,0,0,0,3,1,5,2,28,6,1242,1,11,-1,-1,-1
2017230200535,1,9,0,9,0,6,0,0,0,0,1,1,2,1,61,9,1248,2,12,3,1,3
2017230200535,2,3,0,18,0,8,1,0,0,0,4,1,2,1,25,5,125,1,2,-1,-1,-1
2017230200574,1,9,0,18,0,0,0,4,1,0,1,1,5,1,23,5,1396,1,18,-1,-1,-1
2017230200574,2,9,0,2,0,0,0,0,0,0,2,1,6,1,46,8,4398,1,15,-1,-1,-1
2017230200610,1,9,0,5,0,6,0,0,0,0,1,1,5,3,30,6,-1,-1,-1,-1,-1,-1
2017230200610,2,9,0,3,0,8,0,0,0,0,4,1,5,1,31,6,1248,1,7,-1,-1,-1
2017230200637,1,9,0,5,0,1,0,0,0,0,1,1,6,2,36,7,2148,2,9,-1,-1,-1
2017230200825,1,1,0,16,0,8,0,0,0,0,1,1,6,1,18,4,-1,-1,-1,-1,-1,-1
2017230200825,2,9,0,9,0,6,0,0,0,0,3,1,5,1,34,6,2143,2,3,6,1,6
2017230201182,1,98,1,18,0,4,0,0,0,0,1,2,1,1,33,6,-1,-1,-1,-1,-1,-1
2017230201182,2,9,0,9,0,8,0,0,0,0,2,1,2,1,32,6,1398,1,4,-1,-1,-1
2017230201208,1,9,0,1,0,0,0,4,0,0,4,1,6,3,44,7,1985,1,29,-1,-1,-1
2017230201208,2,9,0,2,0,0,0,0,0,0,3,1,6,1,30,6,1349,1,5,-1,-1,-1
2017230201233,1,9,0,17,0,8,0,0,0,0,1,1,6,3,34,6,1995,2,1,-1,-1,-1
2017230201233,2,9,0,10,0,8,0,0,0,0,2,1,5,1,31,6,1968,2,4,-1,-1,-1
2017230201279,1,9,0,11,0,8,0,0,0,0,4,1,5,1,61,9,1598,2,6,-1,-1,-1
2017230201279,2,9,0,18,0,8,0,0,0,0,3,1,5,2,21,5,1399,1,10,-1,-1,-1
2017230201310,1,9,0,18,0,0,0,0,0,0,3,1,5,1,64,9,1968,2,5,-1,-1,-1
2017230201310,2,9,0,18,0,0,0,0,0,0,3,1,3,2,45,7,2967,2,3,-1,-1,-1
2017230201334,1,9,0,18,0,1,0,0,0,0,1,1,5,1,35,6,1997,2,8,-1,-1,-1
2017230201334,2,9,0,3,0,1,0,0,0,0,2,1,5,1,35,6,1364,1,10,7,3,7
2017230201406,1,21,1,18,0,0,0,0,1,4,1,1,1,1,53,8,12740,2,-1,-1,-1,-1
2017230201430,1,21,1,18,0,0,0,0,0,0,2,1,1,1,54,8,12900,2,5,-1,-1,-1
2017230201430,2,9,0,18,0,0,0,0,0,0,1,1,6,1,44,7,1910,2,10,-1,-1,-1
2017230201430,3,98,1,18,0,0,0,0,0,0,1,2,1,1,52,8,-1,-1,-1,-1,-1,-1
2017230201437,1,9,0,14,0,0,1,7,0,0,1,1,2,2,42,7,1368,1,8,-1,-1,-1
2017230201444,1,5,0,11,0,0,0,0,0,0,1,1,1,1,21,5,600,1,5,-1,-1,-1
2017230201444,2,9,0,18,0,0,0,0,0,0,2,1,1,2,58,9,1596,1,9,-1,-1,-1
2017230201466,1,9,0,18,0,0,0,0,0,0,1,1,6,1,37,7,1388,1,14,-1,-1,-1
2017230201466,2,9,0,18,0,0,0,0,0,0,2,1,6,1,59,9,1995,2,1,-1,-1,-1
2017230201476,1,9,0,18,0,0,0,0,0,0,1,1,2,1,58,9,1560,2,4,-1,-1,-1
2017230201476,2,21,1,18,0,0,0,0,0,0,2,1,2,1,60,9,10677,2,1,-1,-1,-1
2017230201591,1,9,0,16,0,0,0,0,0,0,3,1,6,1,-1,-1,-1,-1,-1,-1,-1,-1
2017230201591,2,5,0,17,0,0,1,0,1,9,3,1,5,1,26,6,998,1,13,-1,-1,-1
2017230201690,1,11,0,5,0,1,0,0,0,0,1,1,1,1,27,6,-1,-1,-1,-1,-1,-1
2017230201690,2,9,0,3,0,1,0,0,0,0,2,1,5,2,24,5,1598,2,1,-1,-1,-1
2017230201693,1,9,0,6,0,0,0,0,0,0,3,1,6,2,34,6,-1,-1,-1,-1,-1,-1
2017230201693,2,2,0,14,0,0,0,0,0,0,1,1,5,1,65,9,49,1,32,5,1,5
2017230201722,1,9,0,17,0,0,0,0,0,0,1,1,5,1,29,6,1398,1,1,-1,-1,-1
2017230201722,2,9,0,16,0,0,0,0,0,0,1,1,5,2,40,7,875,1,1,-1,-1,-1
2017230201746,1,9,0,13,0,8,0,0,0,0,1,1,6,3,34,6,-1,-1,-1,-1,-1,-1
2017230201746,2,1,0,18,0,8,0,0,0,0,2,1,5,2,35,6,-1,-1,-1,-1,-1,-1
2017230201783,1,9,0,18,0,0,0,0,0,0,1,1,6,1,34,6,1364,1,12,-1,-1,-1
2017230201783,2,19,0,3,0,0,0,0,0,0,2,1,5,1,24,5,1560,2,3,9,1,9
2017230201948,1,9,0,18,0,4,0,0,0,0,1,1,5,1,37,7,1686,2,6,5,1,5
2017230201948,2,1,0,18,0,8,0,0,0,0,4,1,5,1,19,4,-1,-1,-1,6,3,6
2017230201986,1,9,0,18,0,4,5,0,0,0,3,1,5,1,37,7,-1,-1,-1,-1,-1,-1
2017230201986,2,9,0,9,0,3,0,0,0,0,1,1,5,2,27,6,1796,1,10,-1,-1,-1
2017230202007,1,3,0,18,0,3,1,0,0,0,3,1,2,1,26,6,125,1,2,7,2,7
2017230202061,1,9,0,5,0,6,0,0,0,0,1,1,5,2,21,5,1587,1,10,6,3,6
2017230202061,2,9,0,18,0,8,2,0,2,10,3,1,5,1,70,10,-1,-1,-1,8,3,8
2017230202070,1,9,0,17,0,0,1,0,0,0,1,1,2,2,28,6,998,1,16,5,1,5
2017230202070,2,9,0,16,0,0,0,0,0,0,1,1,1,1,52,8,2198,2,6,6,2,6
2017230202082,1,9,0,18,0,8,0,0,0,0,1,1,5,1,38,7,1968,2,11,-1,-1,-1
2017230202082,2,21,1,1,0,5,0,0,0,0,3,1,1,1,31,6,11967,2,4,-1,-1,-1
2017230202105,1,19,0,18,0,0,0,10,7,0,1,1,1,1,36,7,2143,2,1,-1,-1,-1
2017230202153,1,4,0,17,0,6,0,0,0,0,1,1,5,1,48,8,487,1,15,9,1,9
2017230202153,2,9,0,4,0,1,0,0,0,0,2,1,5,2,32,6,1995,1,9,5,1,5
2017230202267,1,9,0,18,7,0,0,4,1,0,1,1,6,1,24,5,1390,1,6,-1,-1,-1
2017230202267,2,21,1,2,6,0,0,0,0,0,2,1,1,1,48,8,12777,2,-1,-1,-1,-1
2017230202367,1,9,0,4,0,0,0,0,0,0,1,1,5,1,68,10,3456,8,5,-1,-1,-1
2017230202367,2,19,0,4,0,0,0,0,0,0,2,1,1,1,54,8,2287,2,-1,-1,-1,-1
2017230202608,1,9,0,18,0,0,0,11,0,0,1,1,5,1,47,8,1598,1,6,4,1,4
2017230202769,1,9,0,4,0,0,2,0,4,6,1,1,5,1,59,9,-1,-1,-1,-1,-1,-1
2017230202769,2,9,0,4,0,0,0,0,0,0,1,1,2,1,50,8,1986,2,11,-1,-1,-1
2017230202769,3,9,0,18,0,0,0,0,0,0,1,1,5,1,35,6,1896,2,13,9,1,9
2017230202800,1,9,0,13,0,0,0,0,0,0,4,1,6,1,69,10,2967,1,12,7,1,7
2017230202800,2,1,0,18,0,0,0,0,0,0,3,1,5,1,41,7,-1,-1,-1,5,1,5
2017230202816,1,9,0,18,0,1,0,0,0,0,1,1,6,2,43,7,1587,1,11,-1,-1,-1
2017230202816,2,9,0,3,0,1,0,0,0,0,2,1,6,1,59,9,1560,2,9,3,1,3
2017230202820,1,11,0,18,0,0,0,0,0,0,3,1,1,1,32,6,9360,2,4,-1,-1,-1
2017230202820,2,11,0,18,0,0,0,0,0,0,4,1,1,1,43,7,12400,2,4,-1,-1,-1
2017230202833,1,9,0,18,0,1,0,0,0,0,1,1,2,1,52,8,2401,2,10,6,3,6
2017230202833,2,9,0,4,0,1,0,0,0,0,2,1,2,1,38,7,-1,-1,-1,6,1,6
2017230203103,1,9,0,18,0,0,0,0,0,0,4,1,2,2,18,4,1299,1,16,6,1,6
2017230203110,1,9,0,18,0,2,1,0,0,0,1,1,2,2,65,9,1560,2,7,8,2,8
2017230203110,2,9,0,3,0,2,0,0,0,0,2,1,2,1,64,9,1598,2,1,-1,-1,-1
2017230203122,1,9,0,18,0,1,0,0,0,0,1,1,5,1,17,4,1149,1,14,2,1,2
2017230203122,2,9,0,7,0,1,0,0,0,0,2,1,5,2,52,8,898,1,3,9,3,9
2017230203216,1,19,0,9,0,1,0,0,0,0,4,1,1,1,27,6,2198,2,7,9,2,9
2017230203216,2,9,0,18,0,1,0,0,0,0,1,1,2,2,58,9,1598,1,7,8,1,8
2017230203216,3,19,0,18,0,1,0,0,0,0,3,1,6,1,34,6,1910,2,14,6,3,6
2017230203264,1,9,0,18,0,0,0,0,1,0,1,1,2,1,34,6,1900,2,12,10,1,10
2017230203264,2,9,0,18,0,0,0,0,1,0,1,1,2,2,62,9,1339,1,9,-1,-1,-1
2017230203286,1,1,0,18,0,6,0,0,0,0,1,1,6,1,25,5,-1,-1,-1,-1,-1,-1
2017230203286,2,9,0,4,0,1,0,0,0,0,3,1,5,1,47,8,1198,1,11,10,2,10
2017230203381,1,9,0,9,0,5,0,0,0,0,1,1,5,2,44,7,998,1,2,-1,-1,-1
2017230203381,2,1,0,18,0,1,0,0,0,0,1,1,5,1,55,8,-1,-1,-1,-1,-1,-1
2017230203394,1,9,0,18,0,0,0,0,0,0,1,1,5,2,32,6,1299,1,14,-1,-1,-1
2017230203394,2,19,0,18,0,0,0,0,0,0,2,1,2,1,62,9,1560,2,2,-1,-1,-1
2017230203394,3,9,0,18,0,0,0,0,0,0,2,1,2,1,32,6,-1,-1,-1,-1,-1,-1
2017230203435,1,9,0,18,0,0,0,0,0,0,1,1,5,1,74,10,1598,1,7,-1,-1,-1
2017230203435,2,9,0,18,0,0,0,0,0,0,2,1,5,1,54,8,1968,2,1,9,3,9
2017230203535,1,9,0,18,0,0,0,0,0,0,1,1,6,1,22,5,1364,1,8,10,2,10
2017230203535,2,9,0,3,0,0,0,0,0,0,2,1,2,2,55,8,1198,1,4,4,1,4
2017230203586,1,1,0,18,0,2,0,0,0,0,1,1,5,1,40,7,-1,-1,-1,2,1,2
2017230203586,2,9,0,3,0,2,0,0,0,0,2,1,5,2,37,7,1798,1,1,10,1,10
2017230203612,1,9,0,9,0,0,0,0,0,0,4,1,5,2,42,7,1595,1,15,-1,-1,-1
2017230203612,2,1,0,18,0,0,0,0,0,0,1,1,5,1,52,8,-1,-1,-1,-1,-1,-1
2017230203647,1,9,0,5,0,6,0,0,0,0,1,1,6,1,59,9,2993,2,-1,-1,-1,-1
2017230203647,2,1,0,5,0,6,0,0,0,0,3,1,6,1,44,7,-1,-1,-1,-1,-1,-1
2017230203662,1,9,0,5,0,6,0,0,0,0,1,1,6,1,72,10,1796,1,14,10,1,10
2017230203662,2,1,0,18,0,8,0,0,0,0,3,1,5,1,53,8,-1,-1,-1,10,1,10
2017230203688,1,9,0,18,0,0,0,0,0,0,3,1,6,3,23,5,-1,-1,-1,-1,-1,-1
2017230203688,2,9,0,18,0,0,0,0,0,0,3,1,2,1,29,6,1997,2,13,-1,-1,-1
2017230204044,1,9,0,17,0,0,1,0,0,0,2,1,2,1,29,6,1598,1,12,-1,-1,-1
2017230204044,2,9,0,16,0,0,0,0,0,0,1,1,6,2,37,7,1589,1,28,-1,-1,-1
2017230204098,1,9,0,9,0,5,1,0,1,0,1,1,5,1,19,4,1248,2,11,7,3,7
2017230204098,2,9,0,18,0,1,0,0,0,0,1,1,5,1,42,7,1968,2,3,9,3,9
2017230204327,1,9,0,18,0,0,5,0,7,0,3,1,5,1,46,8,1600,1,18,-1,-1,-1
2017230204340,1,9,0,18,0,0,0,0,0,0,1,1,5,1,24,5,1343,1,13,-1,-1,-1
2017230204340,2,9,0,3,0,0,0,0,0,0,2,1,5,2,47,8,1995,2,7,-1,-1,-1
2017230204374,1,9,0,9,0,6,0,0,0,0,4,1,6,1,48,8,2204,2,13,-1,-1,-1
2017230204374,2,5,0,18,0,1,0,0,0,0,1,1,6,1,58,9,599,1,17,-1,-1,-1
2017230204518,1,9,0,17,0,1,1,10,1,2,1,1,5,1,22,5,1198,1,4,2,1,2
2017230204600,1,9,0,18,0,1,1,0,0,0,1,1,5,2,36,7,1242,1,14,9,1,9
2017230204600,2,9,0,5,0,6,0,0,0,0,3,1,6,1,20,4,1364,1,-1,-1,-1,-1
2017230204984,1,9,0,6,0,6,0,0,0,0,3,1,2,1,37,7,1997,1,16,-1,-1,-1
2017230204984,2,9,0,18,0,1,1,0,0,0,1,1,2,1,33,6,1796,7,13,-1,-1,-1
2017230205041,1,1,0,18,0,1,0,0,0,0,1,1,6,1,23,5,-1,-1,-1,-1,-1,-1
2017230205041,2,9,0,10,0,1,0,0,0,0,3,1,6,1,52,8,1968,2,5,-1,-1,-1
2017230205055,1,1,0,18,0,6,0,0,0,0,1,1,5,1,18,4,-1,-1,-1,10,3,10
2017230205055,2,9,0,14,0,8,1,0,4,0,1,1,5,1,34,6,1896,2,15,6,1,6
2017230205222,1,9,0,12,0,2,0,0,0,0,0,1,5,1,23,5,-1,-1,-1,-1,-1,-1
2017230205222,2,9,0,17,0,2,0,7,0,0,4,1,5,2,21,5,-1,-1,-1,-1,-1,-1
2017230205224,1,9,0,18,0,1,0,0,0,0,1,1,5,2,27,6,1995,2,10,6,3,6
2017230205224,2,5,0,4,0,1,0,0,0,0,2,1,5,1,37,7,599,1,7,2,1,2
2017230205260,1,9,0,9,0,5,0,0,0,0,1,1,5,2,27,6,1461,2,1,-1,-1,-1
2017230205260,2,9,0,18,0,1,0,0,0,0,1,1,5,1,29,6,1527,2,16,-1,-1,-1
2017230205329,1,9,0,7,0,6,1,0,7,0,1,1,2,1,49,8,1389,1,22,-1,-1,-1
2017230205329,2,9,0,18,0,1,1,0,7,0,4,1,5,2,40,7,1198,1,9,-1,-1,-1
2017230205820,1,9,0,9,0,5,0,0,0,0,4,1,6,2,29,6,1560,2,5,3,1,3
2017230205820,2,3,0,18,0,1,0,0,0,0,1,1,2,1,27,6,124,1,2,5,1,5
2017230205822,1,9,0,18,0,8,0,0,0,0,4,1,5,2,22,5,999,1,1,-1,-1,-1
2017230205822,2,1,0,18,0,6,0,0,0,0,1,1,5,1,57,9,-1,-1,-1,-1,-1,-1
2017230205835,1,9,0,18,0,0,1,0,1,0,1,1,6,2,48,8,1242,1,14,7,3,7
2017230205835,2,9,0,18,0,0,2,0,1,0,2,1,6,1,49,8,-1,-1,-1,7,3,7
2017230205836,1,5,0,17,0,0,0,0,1,11,1,1,6,1,22,5,599,1,19,-1,-1,-1
2017230205839,1,9,0,4,0,0,0,0,0,0,1,1,5,2,20,4,1299,1,9,-1,-1,-1
2017230205839,2,9,0,4,0,0,0,0,0,0,2,1,5,2,35,6,999,1,-1,-1,-1,-1
2017230205862,1,9,0,9,0,6,0,0,0,0,1,1,5,1,26,6,1796,1,10,3,1,3
2017230205862,2,9,0,18,0,1,0,0,0,0,1,1,5,1,58,9,1560,2,8,-1,-1,-1
2017230205901,1,9,0,5,0,6,0,0,0,0,1,1,5,1,31,6,2793,1,16,-1,-1,-1
2017230205901,2,3,0,4,0,1,0,0,0,0,4,1,5,1,38,7,125,1,-1,-1,-1,-1
2017230205926,1,9,0,9,0,6,0,0,0,0,4,1,5,1,20,4,973,1,15,-1,-1,-1
2017230205926,2,9,0,18,0,8,0,0,0,0,1,1,1,1,46,8,1587,1,13,-1,-1,-1
2017230205952,1,9,0,18,0,0,0,0,7,9,1,1,2,2,57,9,1596,1,16,-1,-1,-1
2017230206038,1,9,0,9,0,8,1,0,7,0,4,1,2,2,51,8,1598,2,1,6,1,6
2017230206038,2,9,0,18,0,1,1,0,0,0,1,1,2,2,26,6,1339,1,8,7,2,7
2017230206043,1,9,0,18,0,0,0,0,0,0,1,1,5,1,87,11,998,1,2,-1,-1,-1
2017230206043,2,1,0,18,0,0,0,0,0,0,2,1,5,1,75,10,-1,-1,-1,-1,-1,-1
2017230206095,1,9,0,18,0,1,0,0,0,0,1,1,5,3,28,6,2184,2,14,-1,-1,-1
2017230206095,2,9,0,3,0,1,0,0,0,0,2,1,5,2,42,7,1339,8,8,-1,-1,-1
2017230206134,1,21,1,18,0,0,0,0,0,0,4,1,1,1,54,8,12419,2,2,9,1,9
2017230206159,1,9,0,18,0,3,0,0,0,0,1,1,6,3,25,5,-1,-1,-1,-1,-1,-1
2017230206165,1,9,4,14,0,0,0,0,0,0,4,1,6,1,54,8,1560,2,6,-1,-1,-1
2017230206165,2,5,0,18,0,0,0,0,0,0,3,1,2,1,49,8,1000,1,33,-1,-1,-1
2017230206185,1,9,0,18,0,8,0,0,0,0,1,1,6,3,25,5,-1,-1,-1,-1,-1,-1
2017230206185,2,9,0,3,0,1,0,0,0,0,1,1,6,1,35,6,2143,2,4,-1,-1,-1
2017230206191,1,9,0,9,0,7,0,0,0,0,1,1,5,2,24,5,1242,1,8,-1,-1,-1
2017230206191,2,11,0,18,0,1,0,0,0,0,0,1,1,3,40,7,-1,-1,-1,-1,-1,-1
2017230206191,3,9,0,18,0,1,0,0,0,0,3,1,5,1,40,7,1997,2,1,-1,-1,-1
2017230206200,1,98,1,18,0,1,0,0,0,0,1,1,1,1,29,6,-1,-1,-1,-1,-1,-1
2017230206200,2,9,0,5,0,6,0,0,0,0,3,1,6,2,19,4,1149,1,16,-1,-1,-1
2017230206205,1,9,0,18,5,0,0,0,0,0,0,1,6,3,35,6,-1,-1,-1,-1,-1,-1
2017230206205,2,1,0,18,5,0,0,0,0,0,1,1,6,1,47,8,-1,-1,-1,-1,-1,-1
2017230206209,1,9,0,9,0,6,0,0,0,0,3,1,5,3,30,6,2979,1,1,-1,-1,-1
2017230206209,2,9,0,18,0,1,0,0,0,0,1,1,1,2,28,6,1997,2,1,-1,-1,-1
2017230206225,1,9,0,5,0,6,0,0,0,0,1,1,2,2,33,6,898,1,2,-1,-1,-1
2017230206225,2,2,0,18,0,1,0,0,0,0,1,1,2,1,17,4,-1,-1,-1,3,2,3
2017230206229,1,9,0,18,0,0,0,0,1,11,1,1,5,2,20,4,1397,1,10,-1,-1,-1
2017230206235,1,9,0,18,0,1,0,0,0,0,1,1,2,2,26,6,2496,1,16,-1,-1,-1
2017230206235,2,9,0,18,0,1,0,0,0,0,2,1,5,1,28,6,1582,2,7,-1,-1,-1
2017230206247,1,9,0,18,0,6,0,0,0,0,4,1,6,1,67,10,1590,1,19,-1,-1,-1
2017230206247,2,9,0,18,0,1,0,0,0,0,1,1,6,1,70,10,1299,1,17,-1,-1,-1
2017230206248,1,9,0,18,0,0,1,0,0,0,1,1,5,1,18,4,998,1,16,-1,-1,-1
2017230206248,2,9,0,18,0,0,0,0,0,0,1,1,5,1,60,9,1968,2,1,-1,-1,-1
2017230206253,1,9,0,18,0,0,5,10,1,4,1,1,5,2,25,5,1560,2,2,-1,-1,-1
2017230206270,1,9,0,18,0,0,0,0,0,0,1,1,1,1,69,10,-1,-1,-1,-1,-1,-1
2017230206421,1,9,0,16,0,1,1,0,0,0,1,1,2,1,17,4,2926,2,16,-1,-1,-1
2017230206421,2,9,0,3,0,1,0,0,0,0,2,1,2,1,27,6,1986,2,11,-1,-1,-1
2017230206421,3,9,0,18,0,2,0,0,0,0,1,1,2,1,65,9,1968,2,1,-1,-1,-1
2017230206487,1,9,0,18,0,0,0,0,0,0,1,1,6,1,25,5,-1,-1,-1,-1,-1,-1
2017230206487,2,9,0,18,0,0,0,0,0,0,1,1,6,2,75,10,1988,1,13,-1,-1,-1
2017230206489,1,9,0,18,0,0,0,0,0,0,1,1,5,2,18,4,1388,1,13,-1,-1,-1
2017230206489,2,9,0,18,0,0,0,0,0,0,1,1,5,1,41,7,1995,2,12,-1,-1,-1
2017230206524,1,5,0,18,0,0,0,12,0,0,1,1,2,1,57,9,998,1,-1,-1,-1,-1
2017230206629,1,9,0,18,0,6,0,0,0,0,1,1,6,1,37,7,1368,1,1,-1,-1,-1
2017230206629,2,9,0,18,0,1,0,0,0,0,3,1,6,1,44,7,1753,2,10,-1,-1,-1
2017230207064,1,19,0,18,0,0,0,0,0,0,1,1,1,1,26,6,2143,2,5,-1,-1,-1
2017230207064,2,9,0,18,0,0,0,0,0,0,2,1,5,2,23,5,2179,2,5,6,3,6
2017230207265,1,98,0,4,0,0,0,0,0,0,1,1,6,1,57,9,-1,-1,-1,-1,-1,-1
2017230207265,2,9,0,4,0,0,0,0,0,0,2,1,6,1,60,9,1685,2,-1,-1,-1,-1
2017230207265,3,9,0,4,0,0,0,0,0,0,2,1,6,1,56,9,1999,2,-1,-1,-1,-1
2017230207265,4,9,0,4,0,0,0,0,0,0,2,1,6,2,69,10,1560,2,5,-1,-1,-1
2017230207327,1,9,0,18,0,0,2,0,0,0,1,1,6,1,56,9,999,1,-1,-1,-1,-1
2017230207327,2,9,0,18,0,0,0,0,0,0,2,1,6,2,53,8,1229,1,11,-1,-1,-1
2017230207379,1,9,0,3,0,1,0,11,0,0,1,1,6,1,22,5,-1,-1,-1,-1,-1,-1
2017230207381,1,5,0,18,0,0,1,0,0,0,4,1,5,1,47,8,656,1,6,-1,-1,-1
2017230207386,1,9,0,18,0,8,0,0,0,0,1,1,6,2,36,7,1398,1,5,-1,-1,-1
2017230207386,2,9,0,18,0,6,0,0,0,0,3,1,6,2,37,7,1461,2,5,-1,-1,-1
2017230207392,1,21,0,5,0,0,0,0,0,0,1,1,6,1,49,8,12777,2,5,-1,-1,-1
2017230207392,2,9,0,5,0,0,0,0,0,0,2,1,6,2,61,9,1396,1,6,-1,1,-1
2017230207411,1,21,1,4,0,0,1,0,4,0,1,1,6,1,44,7,8970,2,10,-1,-1,-1
2017230207411,2,9,0,4,0,0,0,0,0,0,2,1,6,1,55,8,1399,2,10,-1,-1,-1
2017230207411,3,9,0,4,0,0,0,0,0,0,2,1,6,1,37,7,1560,2,-1,-1,-1,-1
2017230207411,4,9,0,4,0,0,0,0,0,0,2,1,6,2,58,9,1598,1,4,-1,-1,-1
2017230207412,1,9,0,5,0,6,0,0,0,0,1,1,6,1,27,6,1968,2,14,-1,-1,-1
2017230207412,2,9,0,18,0,1,0,0,0,0,4,1,2,1,32,6,1598,1,12,-1,-1,-1
2017230207726,1,9,0,18,0,0,0,0,0,0,1,1,2,1,42,7,998,1,7,2,1,2
2017230207726,2,9,0,18,0,0,0,0,1,9,1,1,2,1,30,6,1596,1,9,-1,-1,-1
2017230207736,1,9,0,9,0,6,0,0,0,0,4,1,6,1,48,8,2494,2,1,-1,-1,-1
2017230207736,2,9,0,18,0,8,0,0,0,0,4,1,5,1,38,7,1998,1,14,-1,-1,-1
2017230207799,1,9,0,5,0,6,0,0,7,10,3,1,5,2,32,6,-1,-1,-1,-1,-1,-1
2017230207809,1,9,0,18,0,0,2,0,2,0,1,1,5,1,36,7,2143,2,3,-1,-1,-1
2017230207809,2,9,0,18,0,0,0,0,0,0,1,1,5,1,31,6,1200,1,1,-1,-1,-1
2017230207809,3,9,0,18,0,0,0,0,0,0,1,1,5,2,22,5,1398,1,5,-1,-1,-1
2017230207809,4,9,0,18,0,0,0,0,0,0,0,1,5,2,30,6,1999,2,-1,-1,-1,-1
2017230207838,1,9,0,18,0,4,0,9,0,0,1,1,5,1,31,6,2967,2,6,2,1,2
2017230207851,1,9,0,18,9,8,0,10,0,0,1,1,6,1,25,5,1968,2,11,-1,-1,-1
2017230207851,2,5,0,10,9,8,0,0,0,0,3,1,5,1,47,8,745,1,3,5,2,5
2017230207872,1,9,0,7,0,8,0,0,0,0,4,1,6,1,36,7,1968,2,9,-1,-1,-1
2017230207872,2,1,0,18,0,8,0,0,0,0,3,1,6,2,33,6,-1,-1,-1,-1,-1,-1
2017230207928,1,9,0,13,0,0,0,0,0,0,4,1,2,1,31,6,-1,-1,-1,-1,-1,-1
2017230207928,2,9,0,6,0,0,0,0,0,0,1,1,6,1,40,7,1598,2,8,-1,-1,-1
2017230208036,1,9,0,4,0,1,0,0,0,0,0,1,6,3,34,6,-1,-1,-1,-1,-1,-1