Accident_Index,Vehicle_Reference,Vehicle_Type,Towing_and_Articulation,Vehicle_Manoeuvre,Vehicle_Location-Restricted_Lane,Junction_Location,Skidding_and_Overturning,Hit_Object_in_Carriageway,Vehicle_Leaving_Carriageway,Hit_Object_off_Carriageway,1st_Point_of_Impact,Was_Vehicle_Left_Hand_Drive?,Journey_Purpose_of_Driver,Sex_of_Driver,Age_of_Driver,Age_Band_of_Driver,Engine_Capacity_(CC),Propulsion_Code,Age_of_Vehicle,Driver_IMD_Decile,Driver_Home_Area_Type,Vehicle_IMD_Decile
2017230208036,2,3,0,17,0,1,0,0,0,0,3,1,5,1,65,9,124,1,5,2,1,2
2017230208038,1,9,0,18,0,0,0,0,0,0,2,1,5,2,24,5,1587,1,12,-1,-1,-1
2017230208038,2,9,0,18,0,0,0,0,0,0,1,1,2,1,44,7,1998,8,2,-1,-1,-1
2017230208038,3,9,0,18,0,0,0,0,0,0,2,1,2,1,55,8,1240,1,13,-1,-1,-1
2017230208038,4,90,0,18,0,0,0,0,0,0,1,1,5,1,65,9,-1,-1,-1,-1,-1,-1
2017230208074,1,9,0,18,0,2,2,0,7,4,1,1,5,1,24,5,1149,1,15,-1,-1,-1
2017230208584,1,9,0,9,0,6,0,0,0,0,1,1,5,2,35,6,1582,2,2,-1,-1,-1
2017230208584,2,5,0,13,0,8,0,0,0,0,1,1,5,2,60,9,676,1,16,-1,-1,-1
2017230208584,3,9,0,4,0,8,0,0,0,0,0,1,5,1,65,9,1956,2,5,-1,-1,-1
2017230208849,1,9,0,18,0,1,0,0,0,0,4,1,5,1,60,9,1686,2,7,-1,-1,-1
2017230208849,2,1,0,9,0,6,0,0,0,0,1,1,5,1,12,3,-1,-1,-1,-1,-1,-1
2017230208901,1,9,0,17,0,3,1,10,1,2,1,1,6,1,24,5,-1,-1,-1,-1,-1,-1
2017230209305,1,9,0,18,0,3,0,0,0,0,0,1,6,1,34,6,-1,-1,-1,-1,-1,-1
2017230209305,2,9,0,18,0,1,0,0,0,0,0,1,5,2,37,7,1968,2,3,-1,-1,-1
2017230209426,1,98,0,1,0,0,0,11,0,0,2,1,1,1,48,8,-1,-1,-1,-1,-1,-1
2017230209426,2,9,0,18,0,0,0,11,2,0,3,1,5,1,71,10,2179,2,12,-1,-1,-1
2017230209470,1,9,0,18,0,0,0,0,0,0,1,1,6,1,31,6,1796,1,10,-1,-1,-1
2017230209470,2,9,0,4,0,0,0,0,0,0,2,1,6,2,24,5,1200,1,5,-1,-1,-1
2017230209974,1,9,0,9,0,5,0,0,0,0,1,1,5,2,20,4,998,1,13,-1,-1,-1
2017230209974,2,1,0,18,0,1,0,0,0,0,1,1,5,1,49,8,-1,-1,-1,-1,-1,-1
2017230210025,1,21,0,18,0,0,2,0,2,7,4,1,1,1,49,8,4461,2,6,2,1,2
2017230210078,1,19,0,9,0,5,0,0,0,0,0,1,1,1,35,6,2198,2,7,-1,-1,-1
2017230210078,2,1,0,18,9,8,0,0,1,11,1,1,6,1,32,6,-1,-1,-1,-1,-1,-1
2017230210183,1,10,0,16,0,0,1,0,8,7,1,1,5,1,40,7,-1,-1,-1,-1,-1,-1
2017230210337,1,9,0,9,0,6,0,0,0,0,1,1,2,2,55,8,1248,1,6,-1,-1,-1
2017230210337,2,1,0,18,0,8,0,0,0,0,1,1,5,1,15,3,-1,-1,-1,-1,-1,-1
2017230210368,1,19,0,18,0,0,0,4,0,0,1,1,1,1,19,4,2402,2,11,-1,-1,-1
2017230210368,2,9,0,2,0,0,1,0,0,0,2,1,5,2,24,5,1799,1,11,-1,-1,-1
2017230210394,1,9,0,17,0,0,0,0,0,0,1,1,5,1,72,10,1398,1,2,-1,-1,-1
2017230210394,2,9,0,16,0,0,0,0,0,0,1,1,5,2,58,9,1349,1,7,-1,-1,-1
2017230210450,1,3,0,18,0,3,0,0,0,0,1,1,5,1,17,4,120,1,2,-1,-1,-1
2017230210498,1,9,0,18,0,2,0,0,0,0,4,1,6,2,75,10,1749,1,15,-1,-1,-1
2017230210675,1,9,0,18,0,0,1,0,4,0,1,1,2,2,29,6,1753,2,13,-1,-1,-1
2017230210675,2,9,0,18,0,0,0,0,1,0,2,1,2,1,42,7,1968,2,6,-1,-1,-1
2017230210960,1,9,0,9,0,5,0,0,0,0,4,1,3,1,51,8,1560,2,4,-1,-1,-1
2017230210960,2,5,0,18,0,8,0,0,0,0,1,1,5,1,32,6,998,1,15,-1,-1,-1
2017230211211,1,9,0,17,0,0,2,0,2,0,1,1,2,1,41,7,1149,1,7,-1,-1,-1
2017230211213,1,9,0,3,0,1,0,0,0,0,4,1,2,2,27,6,999,1,1,9,1,9
2017230211230,1,9,0,18,0,0,1,0,1,0,2,1,5,1,37,7,2204,2,8,-1,-1,-1
2017230211230,2,9,0,18,0,0,0,0,4,6,2,1,5,1,38,7,1798,1,7,-1,-1,-1
2017230211650,1,9,0,18,0,0,0,0,0,0,1,1,5,1,34,6,1560,2,8,-1,-1,-1
2017230211650,2,9,0,4,0,0,0,0,0,0,2,1,5,1,32,6,2497,2,20,-1,-1,-1
2017230211725,1,3,0,13,0,0,0,0,0,0,1,1,2,1,18,4,124,1,5,-1,-1,-1
2017230211725,2,9,0,4,0,0,0,0,0,0,2,1,2,2,30,6,2402,2,6,-1,-1,-1
2017230211751,1,9,0,18,0,0,0,0,0,0,3,1,5,1,62,9,2967,2,2,10,2,10
2017230211751,2,5,0,18,0,0,0,0,5,6,4,1,2,1,51,8,599,1,17,3,1,3
2017230211793,1,9,0,18,0,8,1,0,0,0,1,1,5,2,26,6,1360,1,12,3,1,3
2017230211793,2,9,0,4,0,8,0,0,0,0,2,1,5,2,69,10,1200,1,4,10,1,10
2017230211793,3,9,0,9,0,5,0,0,0,0,0,1,5,1,65,9,2099,2,11,9,3,9
2017230211886,1,9,0,13,0,0,0,0,0,0,4,1,6,1,69,10,1969,2,2,-1,-1,-1
2017230211886,2,1,0,16,0,0,0,0,0,0,3,1,2,1,31,6,-1,-1,-1,-1,-1,-1
2017230211923,1,9,0,18,0,1,0,0,0,0,1,1,5,1,23,5,1229,1,2,-1,-1,-1
2017230211923,2,9,0,7,0,1,0,0,0,0,2,1,5,2,23,5,1398,2,4,-1,-1,-1
2017230211945,1,9,0,18,0,0,1,0,4,6,1,1,5,1,30,6,1796,1,13,-1,-1,-1
2017230211945,2,21,1,18,0,0,0,0,0,0,2,1,1,1,46,8,12419,2,-1,-1,-1,-1
2017230211967,1,98,0,18,0,0,0,0,0,0,4,1,6,3,40,7,-1,-1,-1,-1,-1,-1
2017230212127,1,9,0,18,0,0,0,4,1,0,1,1,6,1,36,7,2148,2,9,-1,-1,-1
2017230212127,2,9,0,2,0,0,0,0,0,0,2,1,5,1,35,6,1399,2,12,-1,-1,-1
2017230212127,3,9,0,2,0,0,0,0,0,0,2,1,5,2,42,7,2720,2,11,-1,-1,-1
2017230212160,1,21,0,5,0,7,0,0,0,0,1,1,1,1,51,8,3920,2,5,-1,-1,-1
2017230212160,2,9,0,4,0,7,0,0,0,0,2,1,5,2,36,7,1248,2,9,-1,-1,-1
2017230212212,1,19,0,9,0,6,0,0,0,0,3,1,5,1,25,5,2198,2,7,3,1,3
2017230212212,2,9,0,18,0,1,0,0,0,0,1,1,5,2,47,8,1995,2,2,7,1,7
2017230212491,1,9,0,18,0,1,0,0,0,0,1,1,6,2,22,5,1399,2,9,-1,-1,-1
2017230212536,1,5,0,5,0,1,0,0,3,0,1,1,6,1,57,9,1151,1,6,-1,-1,-1
2017230212536,2,9,0,3,0,4,1,0,7,0,3,1,6,1,19,4,1590,1,13,-1,-1,-1
2017230212603,1,9,0,4,0,0,0,0,0,0,0,1,1,1,36,7,1950,2,-1,-1,-1,-1
2017230212637,1,8,0,9,0,6,0,0,0,0,3,1,1,1,57,9,1560,2,4,4,1,4
2017230212637,2,3,0,18,0,1,0,0,0,0,1,1,5,1,27,6,125,1,2,3,1,3
2017230212654,1,9,0,18,0,8,0,0,0,0,3,1,6,3,26,6,-1,-1,-1,-1,-1,-1
2017230212654,2,9,0,9,0,8,0,9,7,1,4,1,5,1,24,5,2143,2,4,-1,-1,-1
2017230212670,1,9,0,17,0,0,0,0,0,0,1,1,5,2,52,8,1390,1,13,1,1,1
2017230212862,1,9,0,18,0,0,0,0,0,0,1,1,5,1,33,6,1560,2,10,-1,-1,-1
2017230212862,2,9,0,3,0,0,0,0,0,0,2,1,5,2,35,6,1389,1,13,-1,-1,-1
2017230212870,1,9,0,17,0,0,1,0,1,9,4,1,6,1,17,4,3189,1,11,-1,-1,-1
2017230212914,1,9,0,18,0,1,0,0,0,0,1,1,1,1,24,5,1590,1,13,-1,-1,-1
2017230212955,1,9,0,18,0,0,0,0,7,0,1,1,2,1,21,5,1198,1,11,-1,-1,-1
2017230212955,2,9,0,3,0,0,0,0,0,0,2,1,5,2,56,9,1969,2,1,-1,-1,-1
2017230213154,1,9,0,18,0,0,0,0,0,0,1,1,6,1,35,6,1997,2,11,-1,-1,-1
2017230213154,2,9,0,18,0,0,5,0,0,0,2,1,6,2,74,10,1199,1,13,-1,-1,-1
2017230213175,1,98,1,12,0,0,0,0,0,0,3,2,1,1,33,6,-1,-1,-1,-1,-1,-1
2017230213175,2,9,0,18,0,0,1,0,1,0,4,1,6,2,48,8,1587,1,13,-1,-1,-1
2017230213184,1,9,0,4,0,0,0,0,0,0,1,1,5,1,52,8,1968,2,12,-1,-1,-1
2017230213184,2,9,0,4,0,0,0,0,0,0,2,1,5,1,37,7,-1,-1,-1,-1,-1,-1
2017230213192,1,9,0,18,0,0,0,4,0,0,1,1,2,1,39,7,2143,2,5,-1,-1,-1
2017230213192,2,9,0,4,0,0,0,0,0,0,2,1,2,1,56,9,1796,1,18,-1,-1,-1
2017230213194,1,9,0,2,0,0,0,0,0,0,3,1,6,1,49,8,1998,1,11,6,1,6
2017230213194,2,1,0,14,0,0,0,8,0,0,1,1,6,1,30,6,-1,-1,-1,-1,-1,-1
2017230213240,1,9,0,1,0,0,0,0,0,0,2,1,6,2,34,6,1560,2,4,-1,-1,-1
2017230213371,1,9,0,18,6,0,0,4,0,0,1,1,6,1,35,6,1396,1,8,-1,-1,-1
2017230213371,2,19,0,2,6,0,0,0,0,0,2,1,1,1,26,6,2198,2,3,-1,-1,-1
2017230213772,1,9,0,18,0,0,1,0,5,6,1,1,1,2,23,5,998,1,1,-1,-1,-1
2017230213772,2,9,0,18,0,0,0,0,0,0,2,1,5,1,65,9,-1,-1,-1,-1,-1,-1
2017230214026,1,9,0,18,0,0,5,0,1,7,1,1,5,2,20,4,998,1,11,9,3,9
2017230214035,1,9,0,18,0,0,0,0,0,0,1,1,6,3,34,6,-1,-1,-1,-1,-1,-1
2017230214186,1,5,0,17,0,0,1,0,1,1,1,1,5,1,31,6,636,1,12,-1,-1,-1
2017230214220,1,5,0,16,0,8,1,0,1,11,1,1,5,1,24,5,599,1,7,-1,-1,-1
2017230214231,1,9,0,18,0,0,1,0,1,4,1,1,5,1,26,6,1390,1,15,-1,-1,-1
2017230214490,1,9,0,16,0,0,0,0,0,0,1,1,5,1,51,8,-1,-1,-1,-1,-1,-1
2017230214490,2,9,0,17,0,0,0,0,1,0,1,1,2,2,46,8,1399,2,5,-1,-1,-1
2017230214597,1,1,0,18,0,8,0,0,0,0,3,1,6,1,18,4,-1,-1,-1,-1,-1,-1
2017230214597,2,9,0,4,0,1,0,0,0,0,1,1,6,1,19,4,1197,1,2,-1,-1,-1
2017230214607,1,9,0,9,0,5,0,0,0,0,4,1,2,1,40,7,1868,2,16,3,1,3
2017230214607,2,9,0,18,0,8,0,0,0,0,1,1,5,1,29,6,-1,-1,-1,2,1,2
2017230214736,1,9,0,16,0,0,0,10,7,10,1,1,5,1,25,5,1398,1,4,-1,-1,-1
2017230214861,1,9,0,18,0,8,0,0,0,0,4,1,5,1,27,6,1390,1,3,-1,-1,-1
2017230214861,2,9,0,5,0,4,0,0,0,0,1,1,6,3,34,6,-1,-1,-1,-1,-1,-1
2017230214924,1,19,0,9,0,6,0,0,0,0,3,1,5,1,78,11,2874,2,19,-1,-1,-1
2017230214924,2,5,0,13,0,8,1,0,0,0,1,1,5,1,57,9,865,1,7,-1,-1,-1
2017230214995,1,97,0,13,0,0,1,0,7,9,1,1,5,1,26,6,-1,-1,-1,-1,-1,-1
2017230215217,1,9,0,16,0,7,0,0,0,0,1,1,6,1,29,6,-1,-1,-1,-1,-1,-1
2017230215217,2,9,0,16,0,7,0,0,0,0,4,1,5,2,33,6,1397,1,7,5,1,5
2017230215296,1,9,0,18,0,8,0,0,0,0,1,1,5,2,16,4,998,1,-1,-1,-1,-1
2017230215296,2,9,0,10,0,8,0,0,0,0,2,1,5,1,31,6,1398,1,14,-1,-1,-1
2017230215449,1,90,0,4,0,0,0,0,0,0,1,1,5,1,41,7,8867,2,8,9,1,9
2017230215449,2,9,0,4,0,0,0,0,0,0,2,1,5,1,42,7,1995,2,7,3,1,3
2017230215449,3,90,0,14,0,0,0,0,0,0,0,1,1,3,34,6,8867,2,8,-1,-1,-1
2017230215498,1,19,0,18,0,4,0,0,0,0,1,1,1,2,36,7,2198,2,9,-1,-1,-1
2017230215498,2,9,0,4,0,1,0,0,0,0,2,1,2,2,35,6,1242,1,2,-1,-1,-1
2017230215530,1,9,0,18,0,0,0,0,0,0,1,1,6,1,25,5,1560,2,7,-1,-1,-1
2017230215530,2,9,0,4,0,0,0,0,0,0,2,1,2,1,59,9,1461,2,2,-1,-1,-1
2017230215547,1,9,0,9,0,5,0,0,0,0,1,1,5,2,72,10,998,1,-1,-1,-1,-1
2017230215547,2,3,0,18,0,8,0,0,0,0,1,1,5,1,20,4,125,1,-1,-1,-1,-1
2017230215569,1,19,0,9,0,5,0,0,0,0,4,1,1,1,60,9,2143,2,3,-1,-1,-1
2017230215569,2,5,0,18,0,8,0,0,0,0,1,1,5,1,26,6,675,1,9,-1,-1,-1
2017230215569,3,9,0,18,0,8,0,0,0,0,1,1,5,1,21,5,998,1,4,-1,-1,-1
2017230216049,1,9,0,18,0,8,0,0,0,0,1,1,6,1,79,11,1587,1,15,-1,-1,-1
2017230216185,1,19,0,5,0,6,0,0,0,0,1,1,1,1,29,6,2143,2,1,-1,-1,-1
2017230216185,2,9,0,18,0,8,0,0,8,0,1,1,5,2,63,9,1368,1,-1,-1,-1,-1
2017230216185,3,98,0,3,0,8,0,0,0,0,1,1,5,1,30,6,-1,-1,-1,-1,-1,-1
2017230216269,1,9,0,18,0,8,0,0,0,0,1,1,5,2,25,5,-1,-1,-1,-1,-1,-1
2017230216269,2,9,0,3,0,8,0,0,0,0,2,1,5,1,43,7,5461,1,3,-1,-1,-1
2017230216432,1,9,0,18,0,8,0,0,0,0,4,1,2,1,28,6,1984,1,8,-1,-1,-1
2017230216432,2,9,0,7,0,6,0,0,0,0,1,1,5,1,70,10,1995,2,-1,-1,-1,-1
2017230216685,1,9,0,18,0,0,1,0,0,0,1,1,5,2,32,6,-1,-1,-1,-1,-1,-1
2017230216685,2,9,0,18,0,0,0,0,0,0,1,1,5,1,42,7,1998,2,13,7,1,7
2017230216724,1,9,0,5,0,6,0,0,0,0,4,1,5,2,48,8,2191,2,4,7,1,7
2017230216724,2,9,0,18,0,8,0,0,0,0,1,1,5,2,67,10,1398,2,2,8,3,8
2017230216765,1,5,0,18,0,0,0,0,0,0,1,1,5,1,27,6,599,1,8,-1,-1,-1
2017230216765,2,9,0,18,0,0,0,0,0,0,2,1,5,2,31,6,1598,1,3,-1,-1,-1
2017230216765,3,9,0,18,0,0,0,0,0,0,3,1,5,1,41,7,-1,-1,-1,-1,-1,-1
2017230216765,4,9,0,2,0,0,0,0,0,0,3,1,5,2,35,6,2874,2,13,-1,-1,-1
2017230216765,5,9,0,2,0,0,0,0,0,0,3,1,5,1,72,10,1388,1,9,-1,-1,-1
2017230216810,1,9,0,7,0,3,0,0,0,0,1,1,6,1,32,6,2993,2,11,-1,-1,-1
2017230216810,2,9,0,9,0,4,0,0,0,0,1,1,5,2,23,5,1598,1,12,-1,-1,-1
2017230216922,1,9,0,5,0,6,5,0,0,0,3,1,2,2,23,5,996,1,7,-1,-1,-1
2017230216922,2,9,0,18,0,8,0,0,0,0,1,1,5,2,43,7,1968,2,1,-1,-1,-1
2017230217038,1,9,0,5,0,0,0,0,0,0,1,1,6,3,34,6,-1,-1,-1,-1,-1,-1
2017230217038,2,4,0,18,0,0,1,0,0,0,3,1,5,1,56,9,1450,1,17,3,1,3
2017230217402,1,9,0,14,0,0,0,0,0,0,1,1,5,1,19,4,1242,1,14,-1,-1,-1
2017230217402,2,11,0,18,0,0,0,0,0,0,1,1,1,1,68,10,4580,2,9,-1,-1,-1
2017230217434,1,9,0,18,0,0,0,0,0,0,1,1,2,1,32,6,2979,1,15,-1,-1,-1
2017230217434,2,9,0,18,0,0,0,0,0,0,1,1,6,1,78,11,1396,1,4,-1,-1,-1
2017230217473,1,1,0,18,0,1,0,0,0,0,1,1,5,1,15,3,-1,-1,-1,-1,-1,-1
2017230217473,2,9,0,18,0,1,0,0,0,0,3,1,2,2,56,9,1968,2,4,-1,-1,-1
2017230217473,3,9,0,10,0,8,0,0,0,0,3,1,2,1,48,8,1796,1,14,-1,-1,-1
2017230217504,1,9,0,18,0,0,0,0,0,0,1,1,6,1,36,7,1197,1,-1,-1,-1,-1
2017230217504,2,9,0,18,0,0,0,0,0,0,2,1,6,2,44,7,1363,2,13,-1,-1,-1
2017230217513,1,98,1,13,0,0,5,0,1,0,1,2,1,1,59,9,-1,-1,-1,-1,-1,-1
2017230217783,1,9,0,9,0,5,0,0,0,0,1,1,2,2,23,5,1242,1,1,-1,-1,-1
2017230217783,2,9,0,18,0,8,0,0,0,0,1,1,2,1,59,9,1997,2,14,-1,-1,-1
2017230217783,3,9,0,8,0,1,0,0,0,0,1,1,2,1,63,9,-1,3,2,-1,-1,-1
2017230217905,1,98,0,18,0,0,0,0,0,0,1,1,6,3,34,6,-1,-1,-1,-1,-1,-1
2017230217905,2,9,0,18,0,0,0,0,0,0,2,1,5,2,32,6,1399,2,5,-1,-1,-1
2017230218222,1,1,0,18,9,1,0,0,0,0,1,1,2,1,29,6,-1,-1,-1,-1,-1,-1
2017230218222,2,9,0,3,9,6,0,0,0,0,3,1,6,2,58,9,1396,1,7,4,1,4
2017230218241,1,9,0,18,0,1,1,0,0,0,1,1,5,2,37,7,1124,1,12,-1,-1,-1
2017230218241,2,9,0,10,0,8,0,0,0,0,2,1,5,2,21,5,1598,1,1,-1,-1,-1
2017230218267,1,9,0,5,0,6,0,0,0,0,1,1,2,1,66,10,1596,1,11,10,1,10
2017230218267,2,9,0,18,0,8,0,0,1,0,3,1,5,1,25,5,1395,1,1,8,3,8
2017230218345,1,9,0,18,0,8,0,0,0,0,1,1,5,1,76,11,1124,1,11,5,2,5
2017230218345,2,9,0,18,0,6,0,0,1,0,4,1,5,1,19,4,1229,1,8,9,3,9
2017230218373,1,9,0,17,0,0,0,0,0,0,1,1,5,2,38,7,998,1,8,2,1,2
2017230218402,1,9,0,18,0,0,5,0,7,10,1,1,5,2,16,4,1598,1,12,7,1,7
2017230218420,1,9,0,18,0,0,1,0,7,0,1,1,2,1,50,8,1318,1,1,-1,-1,-1
2017230218420,2,90,0,18,0,0,1,0,0,0,1,1,1,1,37,7,-1,-1,-1,6,1,6
2017230218421,1,1,0,18,0,0,0,4,0,0,1,1,6,1,53,8,-1,-1,-1,-1,-1,-1
2017230218421,2,8,0,2,0,0,0,0,0,0,2,1,1,1,26,6,-1,-1,-1,-1,-1,-1
2017230218692,1,98,0,4,0,6,0,10,3,10,1,1,5,1,29,6,-1,-1,-1,-1,-1,-1
2017230218692,2,9,0,2,0,8,0,0,0,0,1,1,5,1,66,10,1395,1,2,-1,-1,-1
2017230219020,1,9,0,17,0,1,1,0,2,9,1,1,5,1,18,4,1596,1,10,-1,-1,-1
2017230219027,1,9,0,8,0,4,0,0,0,0,1,1,5,1,50,8,1596,1,8,-1,-1,-1
2017230219027,2,1,0,18,0,3,0,0,0,0,4,1,5,2,40,7,-1,-1,-1,-1,-1,-1
2017230219221,1,9,0,17,0,0,2,0,2,0,1,1,5,1,62,9,-1,-1,-1,-1,-1,-1
2017230219233,1,9,0,18,0,0,1,0,1,9,1,1,5,1,23,5,1587,1,16,10,1,10
2017230219253,1,9,0,18,0,4,0,0,0,0,1,1,6,3,34,6,-1,-1,-1,-1,-1,-1
2017230219253,2,9,0,18,0,8,0,0,0,0,4,1,5,1,72,10,1560,2,12,-1,-1,-1
2017230219276,1,3,0,18,0,8,1,0,0,0,1,1,2,1,17,4,-1,-1,-1,-1,-1,-1
2017230219276,2,9,0,10,0,8,0,0,0,0,2,1,1,1,51,8,-1,-1,-1,-1,-1,-1
2017230219373,1,9,0,16,0,8,1,0,0,0,1,1,5,2,30,6,1753,2,14,-1,-1,-1
2017230219373,2,9,0,17,0,8,0,0,0,0,3,1,5,2,61,9,999,1,2,-1,-1,-1
2017230219419,1,21,1,18,0,1,1,0,0,0,1,1,1,1,45,7,10518,2,9,-1,-1,-1
2017230219419,2,9,0,3,0,1,0,0,0,0,2,1,1,2,37,7,-1,-1,-1,-1,-1,-1
2017230219419,3,21,1,3,0,1,0,0,0,0,2,1,1,1,55,8,12902,2,1,-1,-1,-1
2017230219678,1,19,0,17,0,0,1,0,7,4,4,1,1,1,37,7,1461,2,6,-1,-1,-1
2017230219739,1,19,0,9,0,5,0,0,0,0,4,1,5,1,30,6,2148,2,8,-1,-1,-1
2017230219739,2,5,0,18,0,8,1,0,0,0,1,1,5,1,57,9,998,1,10,-1,-1,-1
2017230219739,3,9,0,18,0,8,0,0,0,0,1,1,5,1,44,7,-1,-1,-1,-1,-1,-1
2017230219773,1,21,0,5,0,6,0,4,0,0,3,1,1,1,68,10,9200,2,13,-1,-1,-1
2017230219773,2,19,0,2,0,8,0,0,0,0,4,1,5,1,52,8,2198,2,3,-1,-1,-1
2017230219773,3,9,0,2,0,8,0,0,0,0,2,1,5,2,35,6,1997,2,2,-1,-1,-1
2017230219773,4,9,0,2,0,8,0,0,0,0,2,1,5,1,67,10,1497,2,2,5,3,5
2017230219796,1,8,0,5,0,0,0,0,0,0,4,1,1,1,40,7,2148,2,8,-1,-1,-1
2017230219796,2,1,0,15,0,0,0,0,1,10,3,1,5,1,40,7,-1,-1,-1,-1,-1,-1
2017230220051,1,9,0,7,0,6,0,0,0,0,0,1,6,3,34,6,-1,-1,-1,-1,-1,-1
2017230220051,2,19,0,13,0,2,1,0,1,4,1,1,2,1,20,4,1753,2,10,-1,-1,-1
2017230220068,1,11,0,18,0,0,0,0,0,0,1,1,1,1,33,6,6700,2,5,-1,-1,-1
2017230220229,1,9,0,18,9,6,0,0,0,0,1,1,6,2,55,8,-1,-1,-1,-1,-1,-1
2017230220314,1,9,0,4,0,2,0,0,0,0,2,1,5,1,18,4,1596,1,5,-1,-1,-1
2017230220314,2,9,0,18,0,2,1,0,0,0,1,1,5,1,20,4,1596,1,10,-1,-1,-1
2017230220447,1,9,0,18,0,8,0,0,0,0,1,1,6,2,44,7,1560,2,3,5,3,5
2017230220447,2,9,0,9,0,6,0,0,0,0,3,1,5,2,26,6,1995,1,7,-1,-1,-1
2017230220507,1,9,0,16,0,0,1,0,1,4,1,1,1,1,23,5,1149,1,9,-1,-1,-1
2017230220674,1,19,0,9,0,5,0,0,0,0,1,1,1,1,26,6,1997,2,1,-1,-1,-1
2017230220674,2,21,0,18,0,8,0,0,0,0,1,1,1,1,31,6,3920,2,14,-1,-1,-1
2017230220703,1,9,0,18,0,6,0,0,0,0,1,1,5,2,39,7,1998,1,12,-1,-1,-1
2017230220703,2,9,0,5,0,8,0,0,1,10,3,1,5,1,22,5,1998,1,13,-1,-1,-1
2017230220751,1,9,0,4,0,1,0,0,0,0,1,1,5,2,38,7,1840,1,15,-1,-1,-1
2017230220751,2,9,0,3,0,1,0,0,0,0,2,1,5,1,31,6,1598,2,3,-1,-1,-1
2017230220751,3,9,0,3,0,1,0,0,0,0,2,1,6,3,34,6,-1,-1,-1,-1,-1,-1
2017230220799,1,9,0,5,0,4,0,10,7,0,3,1,5,2,24,5,-1,-1,-1,-1,-1,-1
2017230220799,2,9,0,18,0,8,0,10,7,1,1,1,5,1,21,5,998,1,1,-1,-1,-1
2017230220810,1,9,0,18,0,8,0,0,0,0,1,1,1,1,25,5,1753,2,10,-1,-1,-1
2017230220810,2,9,0,5,0,6,0,0,1,11,3,1,2,1,17,4,999,1,-1,-1,-1,-1
2017230220810,3,9,0,2,9,2,0,0,0,0,3,1,5,1,52,8,1950,2,-1,-1,-1,-1
2017230220871,1,9,0,7,4,5,0,0,0,0,4,1,6,2,52,8,973,1,15,-1,-1,-1
2017230220871,2,1,0,18,4,8,0,0,0,0,3,1,2,1,42,7,-1,-1,-1,-1,-1,-1
2017230221036,1,19,0,18,0,0,0,0,2,7,1,1,5,2,74,10,1998,1,12,-1,-1,-1
2017230221088,1,9,0,18,0,0,0,0,0,0,1,1,5,2,25,5,2035,1,11,-1,-1,-1
2017230221088,2,9,0,3,0,0,0,0,0,0,2,1,5,2,46,8,2143,2,-1,-1,-1,-1
2017230221488,1,9,0,9,0,4,0,0,0,0,1,1,6,2,30,6,1582,2,6,-1,-1,-1
2017230221488,2,9,0,18,0,4,0,0,0,0,3,1,5,2,20,4,1242,1,3,-1,-1,-1
2017230221642,1,9,0,11,0,0,0,0,0,0,0,1,6,3,34,6,-1,-1,-1,-1,-1,-1
2017230221642,2,9,0,11,0,0,2,0,1,7,1,1,5,1,30,6,1360,1,16,-1,-1,-1
2017230221709,1,9,0,16,0,0,0,7,7,1,1,1,5,2,33,6,2922,1,13,7,1,7
2017230221800,1,9,0,17,0,0,0,0,0,0,1,1,5,1,58,9,998,1,7,-1,-1,-1
2017230222116,1,9,0,13,0,0,0,0,0,0,4,1,6,1,50,8,5000,1,18,7,1,7
2017230222116,2,9,0,14,0,0,0,0,0,0,3,1,5,1,18,4,1229,1,10,-1,-1,-1
2017230222334,1,9,0,7,0,6,0,0,0,0,1,1,3,1,65,9,1984,2,5,-1,-1,-1
2017230222334,2,1,0,18,0,8,0,0,0,0,4,1,6,1,43,7,-1,-1,-1,-1,-1,-1
2017230222426,1,9,0,5,9,6,0,0,0,0,4,1,5,2,40,7,1968,2,7,-1,-1,-1
2017230222426,2,1,0,18,9,8,0,0,0,0,1,1,6,1,12,3,-1,-1,-1,-1,-1,-1
2017230222441,1,9,0,5,0,6,0,0,0,0,3,1,5,1,53,8,1896,2,7,-1,-1,-1
2017230222441,2,9,0,18,0,8,0,0,0,0,1,1,5,1,29,6,1242,1,13,-1,-1,-1
2017230222751,1,9,0,9,4,5,0,0,0,0,4,1,5,2,34,6,1390,1,5,-1,-1,-1
2017230222751,2,1,0,17,4,8,0,0,0,0,1,1,5,1,38,7,-1,-1,-1,-1,-1,-1
2017230223076,1,9,0,18,0,0,0,0,0,0,1,1,5,2,30,6,1796,1,8,-1,-1,-1
2017230223076,2,9,0,4,0,0,0,0,0,0,2,1,5,2,30,6,2143,2,2,-1,-1,-1
2017230223604,1,9,0,15,0,8,0,10,1,4,1,1,5,2,24,5,1910,2,11,10,3,10
2017230223604,2,19,0,7,0,5,0,0,0,0,4,1,1,1,33,6,2298,2,4,7,1,7
2017230223739,1,9,0,18,0,1,1,0,0,0,1,1,5,1,37,7,-1,-1,-1,3,1,3
2017230223739,2,9,0,4,0,1,0,0,0,0,2,1,5,2,44,7,1598,1,13,7,1,7
2017230223760,1,9,0,18,0,6,0,0,0,0,4,1,5,1,18,4,1329,1,5,10,1,10
2017230223760,2,9,0,18,0,8,0,0,0,0,1,1,5,2,27,6,1390,1,5,1,1,1
2017230224070,1,9,0,18,0,2,0,0,0,0,1,1,6,1,34,6,1998,2,9,-1,-1,-1