Accident_Index,Vehicle_Reference,Vehicle_Type,Towing_and_Articulation,Vehicle_Manoeuvre,Vehicle_Location-Restricted_Lane,Junction_Location,Skidding_and_Overturning,Hit_Object_in_Carriageway,Vehicle_Leaving_Carriageway,Hit_Object_off_Carriageway,1st_Point_of_Impact,Was_Vehicle_Left_Hand_Drive?,Journey_Purpose_of_Driver,Sex_of_Driver,Age_of_Driver,Age_Band_of_Driver,Engine_Capacity_(CC),Propulsion_Code,Age_of_Vehicle,Driver_IMD_Decile,Driver_Home_Area_Type,Vehicle_IMD_Decile
2017230259102,2,9,0,6,0,8,0,0,1,11,3,1,5,1,22,5,1198,1,14,-1,-1,-1
2017230259367,1,9,0,18,0,0,0,4,0,0,1,1,5,1,79,11,1398,2,2,-1,-1,-1
2017230259367,2,9,0,2,0,0,0,0,0,0,3,1,6,3,34,6,1798,1,12,-1,-1,-1
2017230259441,1,11,0,2,0,0,0,0,0,0,2,1,1,1,60,9,4250,2,9,-1,-1,-1
2017230259441,2,9,0,18,0,0,0,4,0,0,1,1,1,1,57,9,1998,2,6,-1,-1,-1
2017230259569,1,9,0,18,0,0,0,4,0,0,1,1,6,1,25,5,1896,2,17,-1,-1,-1
2017230259569,2,9,0,2,0,0,0,0,0,0,2,1,6,1,28,6,1753,2,8,-1,-1,-1
2017230259644,1,9,0,7,0,6,0,0,0,0,1,1,5,2,83,11,1149,1,8,-1,-1,-1
2017230259649,1,9,0,16,0,0,1,0,7,4,3,1,5,2,60,9,2179,2,7,-1,-1,-1
2017230259893,1,9,0,18,0,0,2,0,1,7,1,1,5,1,24,5,-1,-1,-1,-1,-1,-1
2017230260393,1,9,0,18,0,8,0,0,0,0,3,1,2,1,-1,-1,1968,2,-1,-1,-1,-1
2017230260393,2,9,0,18,0,8,0,0,0,0,1,1,6,1,-1,-1,1229,1,3,-1,-1,-1
2017230261263,1,9,0,18,0,0,0,0,0,0,1,1,5,1,66,10,1598,2,2,-1,-1,-1
2017230261263,2,5,0,4,0,0,0,0,0,0,2,1,2,1,54,8,696,1,8,10,1,10
2017230261907,1,9,0,18,0,0,0,0,1,7,1,1,5,2,51,8,1248,1,6,-1,-1,-1
2017230261907,2,9,0,18,0,0,0,0,0,0,2,1,2,1,39,7,1396,2,4,-1,-1,-1
2017230264662,1,3,0,16,0,0,1,0,0,0,1,1,6,1,22,5,124,1,6,-1,-1,-1
2017230266588,1,9,0,18,0,0,0,0,7,11,1,1,2,1,37,7,-1,-1,-1,-1,-1,-1
2017230267680,1,9,0,17,0,0,5,0,1,3,1,1,6,1,36,7,1560,2,1,10,1,10
2017230268204,1,19,0,9,0,6,0,0,3,0,1,1,1,1,37,7,2143,2,3,-1,-1,-1
2017230268204,2,9,0,18,0,8,0,0,7,0,1,1,5,2,62,9,1968,2,5,-1,-1,-1
2017301700007,1,9,0,18,0,0,0,0,0,0,2,1,6,2,40,7,1997,2,8,2,1,2
2017301700007,2,9,0,18,0,0,0,0,0,0,2,1,6,2,21,5,1390,1,2,-1,-1,-1
2017301700007,3,9,0,18,0,0,0,0,0,0,1,1,6,1,23,5,1598,2,5,-1,-1,-1
2017301700009,1,9,0,18,0,0,1,0,0,0,1,1,6,1,19,4,1560,2,4,7,1,7
2017301700009,2,9,0,4,0,0,0,0,0,0,2,1,6,2,22,5,1388,1,9,7,1,7
2017301700012,1,3,0,4,0,1,1,0,0,0,0,1,2,1,22,5,125,1,2,4,1,4
2017301700012,2,8,0,9,0,6,0,0,0,0,0,2,1,1,59,9,2231,2,9,1,1,1
2017301700033,1,9,0,4,0,2,0,0,0,0,2,1,6,1,53,8,1975,7,12,1,1,1
2017301700033,2,9,0,18,0,2,0,0,0,0,1,1,6,3,-1,-1,-1,-1,-1,-1,-1,-1
2017301700034,1,9,0,9,0,5,0,0,0,0,1,1,2,2,27,6,1490,1,10,2,2,2
2017301700034,2,9,0,18,0,8,0,0,0,0,1,1,2,2,23,5,1229,1,2,4,1,4
2017301700038,1,9,0,18,0,0,0,0,0,0,1,1,2,3,33,6,1299,1,13,2,1,2
2017301700038,2,9,0,18,0,0,0,0,0,0,2,1,2,2,26,6,1242,1,2,3,1,3
2017301700040,1,9,0,18,0,0,5,0,1,10,1,1,2,2,18,4,1229,1,2,7,3,7
2017301700041,1,9,0,7,0,6,0,0,0,0,1,1,6,3,-1,-1,-1,-1,-1,-1,-1,-1
2017301700041,2,1,0,17,0,8,0,0,0,0,4,1,6,1,61,9,-1,-1,-1,7,1,7
2017301700042,1,9,0,18,0,0,0,0,0,0,3,1,6,2,51,8,1389,1,13,6,1,6
2017301700044,1,9,0,18,0,0,0,0,7,11,1,1,6,1,19,4,1360,1,12,7,1,7
2017301700045,1,3,0,16,0,0,1,0,7,11,1,1,6,2,48,8,125,1,1,4,1,4
2017301700047,1,9,0,17,0,0,1,4,1,11,1,1,6,2,26,6,1599,1,14,8,1,8
2017301700047,2,9,0,2,0,0,0,0,0,0,2,1,6,3,-1,-1,1560,2,7,-1,-1,-1
2017301700048,1,9,0,16,0,1,1,10,4,7,1,1,6,1,20,4,999,1,1,6,1,6
2017301700049,1,9,0,8,0,1,0,0,0,0,2,1,6,2,28,6,998,1,16,10,2,10
2017301700049,2,9,0,18,0,1,0,0,0,0,1,1,6,3,-1,-1,1242,1,5,-1,-1,-1
2017301700051,1,9,0,4,0,1,0,0,0,0,2,1,6,2,36,7,1598,1,12,9,1,9
2017301700051,2,9,0,18,0,1,0,0,0,0,1,1,6,3,-1,-1,-1,-1,-1,-1,-1,-1
2017301700052,1,9,0,3,0,1,0,0,0,0,2,1,6,2,46,8,1200,1,-1,4,1,4
2017301700052,2,9,0,18,0,1,0,0,1,0,1,1,1,1,53,8,1595,1,14,1,1,1
2017301700053,1,9,0,5,0,4,0,0,0,0,0,1,6,1,19,4,1360,1,10,7,3,7
2017301700053,2,9,0,9,0,1,0,0,0,0,1,1,6,1,69,10,1197,1,3,5,3,5
2017301700054,1,9,0,16,0,8,0,0,0,0,1,1,2,1,58,9,2143,2,4,10,2,10
2017301700054,2,9,0,17,0,8,0,0,0,0,1,1,2,1,47,8,1896,2,13,4,1,4
2017301700061,1,19,0,4,0,0,0,0,0,0,2,1,6,1,31,6,1995,2,4,7,1,7
2017301700061,2,9,0,4,0,0,0,0,0,0,2,1,6,2,27,6,1995,2,7,3,1,3
2017301700061,3,9,0,18,0,0,0,0,0,0,1,1,6,2,20,4,1461,2,5,7,1,7
2017301700062,1,9,0,7,0,6,0,0,0,0,1,1,6,1,30,6,1199,1,13,6,1,6
2017301700062,2,1,0,18,0,8,0,0,0,0,4,1,6,1,37,7,-1,-1,-1,4,1,4
2017301700063,1,9,0,18,0,1,0,0,0,0,2,1,6,1,68,10,1598,1,14,4,1,4
2017301700063,2,19,0,18,0,1,0,0,0,0,1,1,6,1,61,9,2143,2,4,2,1,2
2017301700065,1,2,0,10,0,1,0,0,0,0,1,1,2,1,48,8,49,1,2,1,1,1
2017301700065,2,19,0,7,0,2,0,0,0,0,1,1,6,1,43,7,2151,2,14,3,1,3
2017301700066,1,9,0,3,0,0,0,0,0,0,2,1,6,2,53,8,1685,2,2,9,1,9
2017301700066,2,9,0,18,0,0,0,0,0,0,1,1,6,1,75,10,1686,2,13,6,1,6
2017301700067,1,9,0,18,0,0,5,0,0,0,3,1,6,2,29,6,1124,1,12,10,1,10
2017301700068,1,9,0,18,0,0,0,0,0,0,1,1,6,1,21,5,1360,1,18,1,1,1
2017301700068,2,9,0,18,0,0,1,0,6,11,2,1,6,1,21,5,1995,2,1,2,1,2
2017301700070,1,9,0,17,0,0,1,0,7,11,1,1,2,2,44,7,1995,1,13,-1,-1,-1
2017301700071,1,9,0,1,9,6,0,0,0,0,2,1,6,1,22,5,1197,1,2,8,2,8
2017301700072,1,9,0,9,0,6,0,0,0,0,1,1,6,3,-1,-1,-1,-1,-1,-1,-1,-1
2017301700072,2,1,0,18,0,8,0,0,0,0,1,1,2,1,51,8,-1,-1,-1,2,1,2
2017301700073,1,9,0,9,0,5,0,0,0,0,3,1,6,1,51,8,1598,1,12,9,2,9
2017301700073,2,9,0,13,0,8,0,0,0,0,1,1,1,2,65,9,1108,1,7,1,1,1
2017301700074,1,9,0,18,0,8,0,0,0,0,2,1,6,2,19,4,1397,1,7,3,1,3
2017301700074,2,9,0,11,0,8,0,0,0,0,1,1,6,2,39,7,1398,2,15,5,2,5
2017301700077,1,9,0,7,0,5,0,0,0,0,2,1,6,2,39,7,2198,2,11,9,2,9
2017301700077,2,9,0,18,0,1,0,0,0,0,1,1,6,2,32,6,1968,2,10,9,2,9
2017301700080,1,9,0,18,0,8,0,0,0,0,1,1,6,1,39,7,1956,2,2,2,1,2
2017301700080,2,8,0,9,0,6,0,0,0,0,3,1,6,2,70,10,1000,1,4,4,1,4
2017301700081,1,9,0,18,0,0,0,0,0,0,4,1,6,1,30,6,1598,1,14,2,1,2
2017301700081,2,9,0,18,0,0,0,0,0,0,1,1,6,1,22,5,1388,1,12,7,3,7
2017301700083,1,21,1,12,0,1,0,0,0,0,3,1,1,1,50,8,12809,2,4,7,1,7
2017301700083,2,9,0,18,0,1,0,0,0,0,4,1,6,1,28,6,1398,1,15,2,1,2
2017301700085,1,9,0,9,0,6,0,0,0,0,1,1,6,1,20,4,1242,1,16,10,1,10
2017301700085,2,4,0,18,0,8,0,0,0,0,1,1,6,1,17,4,124,1,5,1,1,1
2017301700086,1,9,0,9,0,6,0,0,0,0,1,1,2,2,28,6,1329,1,4,-1,-1,-1
2017301700086,2,3,0,18,0,8,0,0,0,0,1,1,2,1,36,7,125,1,10,7,1,7
2017301700089,1,19,0,18,0,0,0,0,0,0,1,1,1,1,26,6,2402,2,14,5,3,5
2017301700089,2,11,0,18,0,0,0,0,0,0,1,1,1,1,52,8,6370,2,12,8,2,8
2017301700091,1,9,0,18,9,0,0,0,0,0,4,1,6,3,-1,-1,-1,-1,-1,-1,-1,-1
2017301700099,1,9,0,13,0,0,0,0,0,0,4,1,6,1,59,9,1587,1,15,4,2,4
2017301700099,2,1,0,18,0,0,0,0,0,0,4,1,6,2,24,5,-1,-1,-1,8,3,8
2017301700100,1,3,0,18,0,8,0,0,0,0,1,1,6,2,18,4,124,1,7,10,2,10
2017301700100,2,9,0,9,0,6,0,0,0,0,1,1,6,2,38,7,2993,2,4,10,2,10
2017301700100,3,9,0,7,0,5,0,0,0,0,0,1,6,3,-1,-1,-1,-1,-1,-1,-1,-1
2017301700108,1,9,0,18,0,0,0,0,0,0,2,1,6,2,55,8,1229,1,5,6,1,6
2017301700108,2,9,0,18,0,0,0,0,0,0,1,1,6,1,-1,-1,1229,1,8,2,1,2
2017301700108,3,9,0,12,0,0,0,0,0,0,0,1,6,3,-1,-1,-1,-1,-1,-1,-1,-1
2017301700118,1,9,0,9,0,6,0,0,0,0,3,1,6,1,39,7,1461,2,4,9,1,9
2017301700118,2,1,0,18,0,8,0,0,0,0,1,1,6,1,15,3,-1,-1,-1,5,1,5
2017301700130,1,9,0,5,0,1,0,0,0,0,1,1,6,1,79,11,2198,1,16,7,3,7
2017301700132,1,9,0,14,0,0,0,4,0,0,1,1,6,1,55,8,999,1,1,5,1,5
2017301700132,2,9,0,2,0,0,0,0,0,0,2,1,6,3,-1,-1,1984,1,17,-1,-1,-1
2017301700132,3,19,0,18,0,0,0,0,0,0,0,1,6,3,-1,-1,-1,-1,-1,-1,-1,-1
2017301700133,1,9,0,18,0,0,0,0,1,4,1,1,1,1,32,6,1598,1,6,8,1,8
2017301700134,1,9,0,18,0,0,2,0,7,2,3,2,2,1,29,6,2521,1,10,4,1,4
2017301700135,1,2,0,18,0,8,0,0,0,0,1,1,6,1,16,4,49,1,10,3,1,3
2017301700135,2,9,0,9,0,6,0,0,0,0,1,1,2,2,26,6,-1,-1,-1,6,2,6
2017301700136,1,9,0,18,0,0,1,0,1,4,1,1,6,1,30,6,1798,1,15,2,1,2
2017301700141,1,11,0,4,0,0,0,0,0,0,0,1,1,2,53,8,4250,2,5,5,1,5
2017301700143,1,3,0,18,0,0,0,0,0,0,1,1,6,1,20,4,124,1,1,4,1,4
2017301700144,1,9,0,4,0,0,0,0,0,0,2,1,6,1,25,5,1590,1,12,9,1,9
2017301700144,2,21,1,4,0,0,1,0,0,0,1,1,1,1,55,8,10837,2,3,7,1,7
2017301700145,1,9,0,18,0,0,1,0,5,6,3,1,6,2,18,4,1299,1,15,-1,-1,-1
2017301700148,1,9,0,18,0,1,0,7,0,0,1,1,6,1,81,11,1339,1,9,5,1,5
2017301700151,1,11,0,18,0,0,0,6,1,11,4,1,1,1,23,5,6871,2,9,2,1,2
2017301700152,1,9,0,18,0,0,5,0,7,4,4,1,2,2,23,5,1995,2,4,7,3,7
2017301700153,1,11,0,3,0,2,0,0,0,0,2,1,1,2,36,7,-1,-1,-1,2,1,2
2017301700153,2,11,0,18,0,2,0,0,0,0,1,1,1,3,31,6,-1,-1,-1,1,1,1
2017301700154,1,9,0,18,0,0,0,0,0,0,1,1,6,1,24,5,1984,1,7,3,1,3
2017301700154,2,9,0,18,0,0,0,0,0,0,2,1,1,1,43,7,1896,2,13,1,1,1
2017301700155,1,3,0,18,0,8,0,0,0,0,1,1,2,1,18,4,124,1,1,9,1,9
2017301700155,2,9,0,9,0,6,0,0,0,0,1,1,2,1,50,8,1339,8,5,9,1,9
2017301700157,1,9,0,5,0,4,0,0,0,0,1,1,2,1,54,8,1587,1,13,5,1,5
2017301700157,2,1,0,18,0,8,0,0,0,0,4,1,6,1,39,7,-1,-1,-1,7,1,7
2017301700160,1,9,0,18,0,0,0,0,0,0,1,1,2,2,38,7,998,1,1,7,1,7
2017301700161,1,9,0,18,0,1,0,0,0,0,1,1,6,2,43,7,1896,2,9,10,2,10
2017301700161,2,9,0,3,0,1,0,0,0,0,2,1,6,2,38,7,1560,2,5,2,1,2
2017301700162,1,9,0,18,0,2,0,0,0,0,1,1,6,1,20,4,1598,2,4,2,1,2
2017301700162,2,9,0,18,0,1,0,0,0,0,1,1,6,1,56,9,1242,1,-1,8,1,8
2017301700163,1,3,0,18,0,8,1,0,0,0,1,1,6,1,30,6,125,1,3,2,1,2
2017301700163,2,9,0,18,0,8,0,0,0,0,1,1,2,1,66,10,1997,2,7,7,1,7
2017301700166,1,11,0,9,0,5,0,0,0,0,4,1,1,1,49,8,9000,2,7,3,1,3
2017301700166,2,3,0,18,0,8,0,0,0,0,1,1,6,1,17,4,125,1,1,5,1,5
2017301700167,1,1,0,18,0,2,0,0,0,0,0,1,1,1,48,8,-1,-1,-1,10,1,10
2017301700168,1,19,0,18,0,1,0,0,7,4,1,1,1,1,19,4,1461,2,3,7,3,7
2017301700168,2,9,0,5,0,6,0,0,0,0,1,1,6,1,35,6,998,1,3,9,1,9
2017301700169,1,9,0,7,0,6,0,0,0,0,0,1,6,3,-1,-1,-1,-1,-1,-1,-1,-1
2017301700169,2,9,0,18,0,1,0,10,0,0,0,1,6,2,29,6,1582,2,2,4,1,4
2017301700171,1,9,0,18,0,0,1,0,1,10,1,1,2,2,39,7,1299,1,12,1,1,1
2017301700172,1,19,0,18,0,0,1,0,6,2,1,1,2,1,52,8,1753,2,9,3,1,3
2017301700173,1,9,0,3,9,1,0,0,0,0,2,1,6,2,21,5,1490,1,12,7,1,7
2017301700173,2,9,0,18,0,1,1,0,0,0,1,1,6,2,58,9,1242,1,4,6,1,6
2017301700174,1,9,0,16,0,0,1,0,1,9,2,1,6,1,44,7,998,1,6,2,1,2
2017301700176,1,9,0,16,0,0,0,0,0,0,1,1,6,2,27,6,-1,-1,-1,7,1,7
2017301700176,2,9,0,17,0,0,0,0,0,0,1,1,6,2,24,5,1461,2,4,10,1,10
2017301700177,1,9,0,9,0,6,0,0,0,0,1,1,6,1,28,6,1360,1,15,4,1,4
2017301700177,2,3,0,18,0,8,0,0,0,0,1,1,6,1,53,8,124,1,3,10,1,10
2017301700179,1,11,0,2,0,0,0,0,0,0,0,1,1,1,39,7,4500,2,1,1,1,1
2017301700181,1,9,0,18,0,0,0,0,0,0,1,1,6,1,60,9,1598,1,16,4,1,4
2017301700182,1,9,0,9,0,5,0,0,0,0,4,1,6,2,45,7,1968,2,11,10,1,10
2017301700182,2,1,0,18,0,1,0,0,0,0,1,1,6,1,30,6,-1,-1,-1,5,1,5
2017301700183,1,21,4,18,0,0,0,0,5,6,1,1,1,1,45,7,10837,2,10,2,1,2
2017301700183,2,17,5,18,0,0,0,0,5,6,2,1,1,1,58,9,-1,2,12,2,1,2
2017301700184,1,9,0,18,0,0,0,0,0,0,1,1,6,1,49,8,1329,1,2,6,1,6
2017301700185,1,9,0,18,0,0,0,0,0,0,1,1,6,1,71,10,-1,-1,-1,9,1,9
2017301700185,2,9,0,18,0,0,0,0,0,0,1,1,6,1,46,8,2987,2,10,2,1,2
2017301700190,1,9,0,18,0,0,0,0,0,0,1,1,1,1,31,6,1686,2,6,5,1,5
2017301700190,2,19,0,1,0,0,0,0,0,0,2,1,6,3,-1,-1,2402,2,9,-1,-1,-1
2017301700191,1,9,0,18,0,8,0,0,0,0,1,1,1,1,26,6,-1,-1,-1,7,3,7
2017301700191,2,9,0,18,0,8,0,0,0,0,1,1,6,2,32,6,998,1,1,3,1,3
2017301700192,1,9,0,18,0,0,0,0,0,0,4,1,6,3,-1,-1,1968,2,4,-1,-1,-1
2017301700193,1,9,0,5,9,0,0,0,0,0,4,1,6,2,20,4,1229,1,3,5,1,5
2017301700196,1,9,0,17,0,0,1,0,1,11,1,1,1,1,30,6,1395,8,1,-1,-1,-1
2017301700200,1,9,0,17,0,0,0,0,0,0,1,1,6,1,34,6,1598,1,8,9,1,9
2017301700200,2,19,0,17,0,0,0,0,0,0,1,1,6,1,-1,-1,2198,2,2,9,1,9
2017301700200,3,9,0,16,0,0,0,0,7,0,1,1,6,1,27,6,1199,2,3,5,1,5
2017301700201,1,9,0,16,0,0,0,0,0,0,1,1,2,1,36,7,1796,1,8,3,1,3
2017301700202,1,9,0,2,0,0,0,0,0,0,3,1,3,1,30,6,1299,1,10,1,1,1
2017301700202,2,1,0,14,0,0,0,4,0,0,1,1,6,1,47,8,-1,-1,-1,1,1,1
2017301700203,1,19,0,9,0,6,0,0,0,0,1,1,1,1,31,6,2198,2,5,1,1,1
2017301700203,2,1,0,18,0,8,0,0,0,0,1,1,2,1,27,6,-1,-1,-1,-1,-1,-1
2017301700207,1,8,0,10,0,1,0,0,0,0,0,1,6,1,58,9,1997,2,13,3,1,3
2017301700207,2,3,0,18,0,8,1,0,0,0,0,1,1,2,24,5,125,1,3,3,1,3
2017301700208,1,9,0,5,0,6,0,0,0,0,1,1,6,1,-1,-1,1560,2,4,2,1,2
2017301700208,2,9,0,10,0,8,0,0,0,0,1,1,6,2,25,5,1299,1,16,5,2,5
2017301700209,1,9,0,7,0,6,0,0,0,0,1,1,1,1,54,8,1997,2,13,6,1,6
2017301700209,2,9,0,18,0,8,0,0,0,0,1,1,6,2,21,5,1200,1,4,5,3,5
2017301700210,1,9,0,17,0,0,0,0,0,0,1,1,6,1,19,4,1242,1,2,7,1,7
2017301700211,1,9,0,18,0,0,0,0,0,0,4,1,6,1,58,9,1598,1,15,2,2,2
2017301700213,1,9,0,18,0,2,0,0,2,2,1,1,6,2,48,8,1596,1,14,5,1,5
2017301700214,1,9,0,9,0,6,0,0,0,0,3,1,6,1,73,10,1296,1,10,10,1,10
2017301700214,2,9,0,18,0,8,0,0,0,0,1,1,6,2,41,7,1242,1,16,3,1,3
2017301700215,1,9,0,2,0,0,0,0,0,0,3,1,6,3,-1,-1,1796,1,14,-1,-1,-1
2017301700215,2,1,0,14,0,0,0,0,0,0,1,1,6,2,78,11,-1,-1,-1,1,1,1
2017301700216,1,20,0,5,0,0,0,0,0,0,1,1,6,3,-1,-1,-1,-1,-1,-1,-1,-1
2017301700217,1,9,0,9,0,5,0,0,0,0,4,1,2,2,27,6,1596,1,14,6,1,6
2017301700217,2,1,0,15,0,8,0,0,0,0,1,1,6,2,41,7,-1,-1,-1,8,1,8
2017301700217,3,9,0,3,0,1,0,0,0,0,0,1,6,3,-1,-1,-1,-1,-1,-1,-1,-1
2017301700218,1,9,0,18,0,0,0,0,0,0,1,1,6,3,-1,-1,-1,-1,-1,-1,-1,-1
2017301700218,2,9,0,4,0,0,0,0,0,0,2,1,1,2,37,7,1600,1,17,1,1,1
2017301700219,1,19,0,18,0,0,0,0,0,0,4,1,2,1,23,5,2198,2,4,2,1,2
2017301700220,1,9,0,7,0,6,0,0,0,0,1,1,1,1,60,9,1124,1,15,-1,-1,-1
2017301700220,2,1,0,18,0,8,0,0,0,0,1,1,2,2,47,8,-1,-1,-1,9,1,9
2017301700222,1,9,0,9,0,2,0,0,0,0,1,1,6,1,60,9,1598,1,14,10,2,10
2017301700223,1,9,0,9,0,6,0,0,0,0,3,1,6,2,49,8,2993,2,5,9,3,9
2017301700223,2,1,0,18,0,8,0,0,0,0,1,1,6,1,37,7,-1,-1,-1,7,1,7
2017301700224,1,9,0,14,0,0,5,4,0,0,1,1,6,1,80,11,1995,2,14,2,1,2
2017301700224,2,9,0,2,0,0,0,0,0,0,4,1,6,3,-1,-1,2183,2,5,-1,-1,-1
2017301700226,1,9,0,18,0,0,1,0,1,11,3,1,6,1,25,5,1242,1,16,6,3,6
2017301700228,1,9,0,18,0,0,0,0,0,0,3,1,6,2,58,9,998,1,12,1,1,1
2017301700229,1,9,0,17,0,0,0,0,0,0,1,1,6,1,19,4,973,1,14,3,1,3
2017301700229,2,9,0,2,0,0,0,0,0,0,3,1,6,3,-1,-1,1686,2,7,-1,-1,-1
2017301700230,1,19,0,3,0,0,0,0,0,0,2,1,1,1,26,6,2143,2,2,4,1,4
2017301700230,2,9,0,18,0,0,0,0,1,0,1,1,6,1,28,6,1149,1,17,7,2,7
2017301700232,1,8,0,18,0,0,0,0,0,0,1,1,6,1,54,8,1686,2,4,8,1,8
2017301700234,1,9,0,18,0,0,0,0,0,0,1,1,6,1,87,11,1997,2,16,10,1,10
2017301700234,2,9,0,18,0,0,0,0,0,0,1,1,6,1,38,7,1598,1,10,3,1,3
2017301700234,3,9,0,18,0,0,0,0,0,0,0,1,6,3,-1,-1,1995,2,7,-1,-1,-1
2017301700235,1,9,0,18,0,0,5,4,0,0,1,1,6,2,66,10,3000,7,11,7,1,7
2017301700235,2,9,0,2,0,0,0,0,0,0,2,1,6,3,-1,-1,1968,2,9,-1,-1,-1
2017301700236,1,9,0,18,0,4,0,0,0,0,3,1,2,2,59,9,1896,2,10,1,1,1
2017301700236,2,9,0,18,0,3,0,0,0,0,1,1,2,1,45,7,1398,8,3,4,1,4
2017301700237,1,9,0,17,0,0,1,0,1,11,4,1,2,1,17,4,1198,1,11,7,3,7
2017301700238,1,3,0,3,0,0,0,0,0,0,2,1,2,1,25,5,124,1,11,3,1,3
2017301700238,2,19,0,18,0,0,0,0,0,0,1,1,6,3,-1,-1,-1,-1,-1,-1,-1,-1
2017301700239,1,9,0,18,0,0,0,0,0,0,1,1,6,2,50,8,1999,2,1,10,2,10
2017301700239,2,9,0,18,0,0,0,0,0,0,1,1,6,2,47,8,1248,2,1,2,1,2
2017301700239,3,9,0,2,0,0,0,0,0,0,1,1,6,3,-1,-1,2967,2,9,-1,-1,-1
2017301700240,1,9,0,18,0,0,0,0,0,0,2,1,6,1,44,7,-1,-1,-1,7,3,7
2017301700240,2,9,0,18,0,0,1,0,1,2,1,1,6,1,27,6,1988,7,16,2,1,2
2017301700241,1,19,0,18,0,0,0,0,0,0,4,1,1,1,44,7,2198,2,4,4,3,4
2017301700242,1,19,0,9,0,6,0,0,0,0,1,1,1,1,28,6,2402,2,14,10,1,10
2017301700242,2,9,0,18,0,8,1,0,1,4,4,1,2,2,-1,-1,1598,2,6,4,1,4
2017301700247,1,9,0,18,0,0,0,0,1,11,1,1,6,3,-1,-1,-1,-1,-1,-1,-1,-1
2017301700248,1,19,0,4,0,0,0,0,0,0,2,1,1,1,54,8,-1,-1,-1,5,1,5
2017301700248,2,9,0,18,0,0,0,0,0,0,1,1,2,2,36,7,1984,1,13,6,1,6
2017301700250,1,9,0,5,9,0,0,0,0,0,4,1,6,1,70,10,2799,1,19,2,1,2
2017301700251,1,9,0,18,0,0,0,0,0,0,4,1,6,3,-1,-1,-1,-1,-1,-1,-1,-1
2017301700252,1,9,0,18,0,1,0,0,0,0,1,1,6,2,54,8,1598,1,4,4,1,4
2017301700253,1,9,0,18,0,0,0,0,0,0,1,1,6,1,54,8,2902,2,13,7,3,7
2017301700253,2,9,0,4,0,0,0,0,0,0,2,1,2,1,45,7,2198,1,11,3,1,3
2017301700253,3,9,0,18,0,0,0,0,0,0,2,1,6,1,45,7,1296,1,9,3,1,3
2017301700256,1,9,0,2,0,0,0,0,0,0,2,1,6,1,28,6,1896,2,16,1,1,1
2017301700256,2,19,0,18,0,0,2,4,0,0,1,1,1,1,39,7,1968,2,4,3,1,3
2017301700259,1,9,0,5,0,8,0,0,0,0,3,1,2,1,55,8,1997,2,3,8,3,8
2017301700259,2,5,0,18,0,1,0,0,7,0,1,1,2,2,43,7,649,1,1,5,1,5
2017301700260,1,9,0,18,0,8,0,0,0,0,1,1,6,1,32,6,1242,1,11,-1,-1,-1
2017301700260,2,9,0,7,0,8,0,0,0,0,3,1,6,2,27,6,1896,2,9,1,1,1
2017301700263,1,9,0,18,0,1,0,0,0,0,1,1,6,3,-1,-1,-1,-1,-1,-1,-1,-1
2017301700263,2,9,0,3,0,1,0,0,0,0,2,1,6,2,32,6,1498,1,10,1,1,1
2017301700263,3,9,0,3,0,1,0,0,0,0,2,1,6,3,-1,-1,-1,-1,-1,-1,-1,-1
2017301700264,1,2,0,18,0,0,0,0,0,0,1,1,6,1,16,4,49,1,3,3,1,3
2017301700266,1,9,0,16,0,0,1,0,7,9,2,1,6,2,56,9,1598,1,8,2,1,2
2017301700267,1,9,0,18,0,0,0,0,0,0,1,1,2,1,39,7,2720,2,10,1,1,1
2017301700267,2,1,0,18,0,0,0,0,1,0,2,1,6,1,36,7,-1,-1,-1,9,2,9
2017301700268,1,9,0,18,0,0,1,0,7,2,4,1,6,1,31,6,1989,1,17,2,1,2
2017301700272,1,9,0,13,0,0,0,0,0,0,4,1,6,2,77,11,1598,1,3,10,3,10
2017301700272,2,1,0,18,0,0,0,0,1,9,3,1,6,2,50,8,-1,-1,-1,9,1,9
2017301700274,1,8,0,5,0,0,0,0,0,0,0,1,1,1,72,10,1596,1,4,7,1,7
2017301700275,1,9,0,6,0,0,0,0,0,0,1,1,6,2,44,7,1956,2,3,4,1,4
2017301700276,1,9,0,9,0,6,0,0,0,0,1,1,6,2,28,6,1349,1,8,10,1,10
2017301700277,1,9,0,18,0,8,0,0,7,2,1,1,6,1,49,8,-1,-1,-1,1,1,1
2017301700283,1,9,0,18,0,8,0,0,0,0,1,1,6,3,-1,-1,-1,-1,-1,-1,-1,-1
2017301700283,2,9,0,3,0,2,0,0,0,0,2,1,6,2,29,6,1560,2,12,1,1,1
2017301700284,1,5,0,13,0,8,0,0,0,0,1,1,6,2,65,9,647,1,21,3,1,3
2017301700284,2,9,0,9,0,5,0,0,0,0,3,2,2,2,49,8,898,1,1,6,1,6
2017301700285,1,9,0,17,0,0,0,0,0,0,3,2,6,1,58,9,3800,1,20,4,2,4
2017301700285,2,9,0,16,0,0,0,0,0,0,3,1,6,1,44,7,1598,2,7,2,1,2
2017301700286,1,9,0,5,0,6,1,0,0,0,1,1,2,1,66,10,1870,2,10,4,1,4