Accident_Index,Vehicle_Reference,Vehicle_Type,Towing_and_Articulation,Vehicle_Manoeuvre,Vehicle_Location-Restricted_Lane,Junction_Location,Skidding_and_Overturning,Hit_Object_in_Carriageway,Vehicle_Leaving_Carriageway,Hit_Object_off_Carriageway,1st_Point_of_Impact,Was_Vehicle_Left_Hand_Drive?,Journey_Purpose_of_Driver,Sex_of_Driver,Age_of_Driver,Age_Band_of_Driver,Engine_Capacity_(CC),Propulsion_Code,Age_of_Vehicle,Driver_IMD_Decile,Driver_Home_Area_Type,Vehicle_IMD_Decile
2017301700588,3,9,0,2,0,0,0,0,0,0,4,1,6,2,47,8,2435,1,15,10,1,10
2017301700589,1,5,0,16,0,0,1,0,7,0,1,1,6,1,41,7,1000,1,17,2,1,2
2017301700590,1,9,0,5,0,6,0,0,0,0,0,1,6,1,37,7,1984,1,1,4,1,4
2017301700590,2,9,0,18,0,1,0,0,0,0,0,1,6,1,78,11,1591,1,1,10,3,10
2017301700591,1,9,0,9,0,6,0,0,0,0,1,1,6,1,56,9,2497,2,21,2,1,2
2017301700591,2,3,0,18,0,1,0,0,0,0,4,1,6,1,17,4,49,1,1,8,1,8
2017301700592,1,19,4,18,0,0,0,0,0,0,3,1,1,1,26,6,2198,2,7,2,3,2
2017301700592,2,19,0,18,0,0,0,0,0,0,1,1,1,1,54,8,2198,2,2,4,1,4
2017301700593,1,1,0,18,0,6,0,0,0,0,1,1,6,2,9,2,-1,-1,-1,2,1,2
2017301700593,2,9,0,18,0,8,0,0,0,0,3,1,6,2,19,4,1149,1,13,3,1,3
2017301700594,1,5,0,13,0,0,0,4,0,0,1,1,6,1,31,6,999,1,6,1,1,1
2017301700594,2,9,0,2,0,0,0,0,0,0,2,1,6,3,-1,-1,1997,2,16,-1,-1,-1
2017301700594,3,9,0,18,0,0,0,0,0,0,2,1,2,2,45,7,2979,1,2,4,1,4
2017301700595,1,9,0,9,0,5,0,0,0,0,2,1,6,2,64,9,1299,1,9,7,1,7
2017301700595,2,2,0,18,0,8,0,0,0,0,3,1,2,1,24,5,124,1,2,4,1,4
2017301700597,1,1,0,18,0,0,0,12,0,0,1,1,6,1,33,6,-1,-1,-1,3,1,3
2017301700598,1,4,0,13,0,8,1,0,0,0,1,1,6,1,19,4,125,1,13,2,3,2
2017301700598,2,9,0,9,0,1,0,0,0,0,3,1,2,2,65,9,998,1,3,-1,-1,-1
2017301700599,1,9,0,14,0,0,0,0,0,0,1,1,6,2,55,8,-1,-1,-1,10,1,10
2017301700599,2,11,0,2,0,0,0,0,0,0,0,1,1,3,-1,-1,-1,-1,-1,-1,-1,-1
2017301700600,1,9,0,18,0,0,0,0,0,0,1,1,6,1,18,4,1598,2,3,8,1,8
2017301700600,2,9,0,18,0,0,0,0,0,0,1,2,6,1,38,7,-1,-1,-1,2,1,2
2017301700601,1,9,0,9,0,6,0,0,0,0,1,1,2,1,58,9,1968,2,4,4,1,4
2017301700601,2,3,0,14,0,8,0,0,0,0,1,1,2,1,20,4,125,1,9,5,1,5
2017301700601,3,9,0,3,0,1,0,0,0,0,0,1,6,3,-1,-1,-1,-1,-1,-1,-1,-1
2017301700603,1,9,0,18,0,2,1,0,2,10,3,1,6,1,89,11,1796,1,14,4,1,4
2017301700603,2,9,0,18,0,1,0,0,0,0,1,1,6,2,32,6,1461,2,5,8,1,8
2017301700603,3,9,0,18,0,1,0,0,0,0,1,1,1,2,-1,-1,1598,2,3,5,3,5
2017301700603,4,9,0,3,0,2,0,0,0,0,2,1,6,2,19,4,998,1,2,8,3,8
2017301700603,5,9,0,3,0,2,0,0,0,0,4,1,6,1,43,7,1332,1,18,-1,1,-1
2017301700604,1,9,0,18,0,0,0,0,0,0,1,1,1,1,52,8,1991,8,1,8,1,8
2017301700604,2,9,0,18,0,0,0,0,7,11,3,1,6,1,63,9,1796,1,15,3,2,3
2017301700605,1,9,0,18,0,6,0,0,0,11,1,1,6,1,26,6,1587,1,18,3,1,3
2017301700606,1,9,0,18,0,0,0,0,0,0,4,1,6,2,61,9,1988,1,13,7,3,7
2017301700607,1,9,0,1,9,2,0,0,0,0,2,1,6,3,-1,-1,-1,-1,-1,-1,-1,-1
2017301700608,1,19,0,10,0,1,0,0,0,0,2,1,1,1,27,6,2198,2,2,6,2,6
2017301700608,2,9,0,18,0,1,0,0,0,0,1,1,6,1,18,4,999,1,16,9,2,9
2017301700609,1,9,0,9,0,6,0,0,3,0,1,1,6,2,58,9,1586,1,2,5,1,5
2017301700609,2,9,0,18,0,8,0,0,0,0,1,1,6,1,56,9,2495,2,22,6,3,6
2017301700611,1,9,0,4,0,1,0,0,0,0,1,1,6,1,33,6,1796,1,17,7,1,7
2017301700611,2,21,1,3,0,1,0,0,0,0,2,1,1,1,57,9,12902,2,1,8,2,8
2017301700612,1,5,0,18,0,0,0,0,0,0,1,1,6,1,19,4,645,1,4,9,1,9
2017301700612,2,9,0,18,0,0,0,0,0,0,1,1,6,2,28,6,1997,2,2,7,1,7
2017301700613,1,9,0,9,0,5,0,0,0,0,1,1,6,1,30,6,1242,1,3,3,1,3
2017301700614,1,5,0,18,0,0,1,0,0,0,1,1,6,1,24,5,599,1,19,1,1,1
2017301700614,2,20,0,12,0,0,0,0,0,0,1,1,6,1,66,10,2402,2,10,6,3,6
2017301700615,1,9,0,5,0,6,0,0,0,0,1,1,6,3,-1,-1,-1,-1,-1,-1,-1,-1
2017301700615,2,1,0,18,9,1,0,0,0,0,1,1,6,1,24,5,-1,-1,-1,4,1,4
2017301700626,1,9,0,18,0,0,0,0,0,0,1,1,3,2,29,6,1388,1,11,8,1,8
2017301700626,2,9,0,18,0,0,0,0,0,0,2,1,6,2,67,10,1461,2,5,4,1,4
2017301700627,1,9,0,18,0,1,0,0,0,0,1,1,6,2,54,8,1595,1,9,1,1,1
2017301700627,2,9,0,18,0,1,0,0,0,0,2,1,6,2,45,7,1149,1,13,2,1,2
2017301700629,1,9,0,3,0,0,0,0,0,0,2,1,6,2,27,6,1598,2,5,7,1,7
2017301700629,2,3,0,18,0,0,0,0,0,0,1,1,6,1,-1,-1,124,1,4,2,1,2
2017301700630,1,9,0,9,0,6,0,0,0,0,1,1,6,3,-1,-1,-1,-1,-1,-1,-1,-1
2017301700630,2,9,0,18,0,8,0,0,0,0,1,1,6,1,42,7,1598,1,9,4,1,4
2017301700631,1,9,0,18,0,1,0,0,1,0,1,1,6,1,37,7,-1,-1,-1,6,2,6
2017301700631,2,9,0,18,0,2,0,0,7,1,4,1,1,2,23,5,1360,1,16,3,1,3
2017301700632,1,9,0,9,0,6,0,0,0,0,1,1,6,2,54,8,973,1,16,1,1,1
2017301700632,2,9,0,18,0,1,0,0,0,0,1,1,6,1,97,11,1398,2,14,3,1,3
2017301700633,1,9,0,18,0,0,0,0,0,0,1,1,6,1,-1,-1,1798,8,1,5,1,5
2017301700633,2,9,0,18,0,0,0,0,0,0,2,1,1,1,56,9,2521,1,8,5,1,5
2017301700634,1,9,0,4,0,0,0,0,0,0,4,1,2,2,44,7,2179,2,5,6,1,6
2017301700635,1,9,0,18,0,2,0,0,0,0,1,1,6,2,43,7,1198,1,5,4,1,4
2017301700636,1,9,0,18,0,0,0,0,0,0,1,1,6,3,-1,-1,-1,-1,-1,-1,-1,-1
2017301700636,2,9,0,3,0,0,0,0,0,0,2,1,6,2,-1,-1,1388,1,2,6,1,6
2017301700637,1,9,0,5,0,4,0,0,0,0,0,1,6,3,-1,-1,-1,-1,-1,-1,-1,-1
2017301700637,2,9,0,18,0,8,1,0,0,0,3,1,6,2,31,6,1242,1,13,7,1,7
2017301700637,3,9,0,18,0,8,0,0,0,0,1,1,6,1,32,6,-1,-1,-1,4,1,4
2017301700638,1,8,0,18,0,0,0,0,0,0,1,1,6,1,51,8,1332,1,19,3,1,3
2017301700638,2,9,0,18,0,0,0,0,5,2,1,1,6,1,63,9,2268,2,2,9,1,9
2017301700639,1,9,0,18,0,0,2,0,2,11,1,1,6,1,21,5,1229,1,11,9,1,9
2017301700640,1,9,0,1,9,1,0,0,0,0,2,1,6,1,50,8,1587,1,13,8,1,8
2017301700643,1,9,0,4,0,0,0,0,0,0,1,1,3,1,47,8,1956,2,6,10,2,10
2017301700644,1,9,0,18,0,0,0,0,1,11,1,1,6,2,59,9,1560,2,7,1,1,1
2017301700644,2,9,0,18,0,0,0,0,1,11,1,1,2,1,48,8,1596,1,13,-1,-1,-1
2017301700646,1,9,0,9,0,4,0,0,0,0,1,1,6,1,40,7,1598,1,7,8,1,8
2017301700646,2,1,0,17,0,8,0,0,0,0,2,1,2,1,56,9,-1,-1,-1,7,1,7
2017301700647,1,3,0,13,0,8,0,0,0,0,1,1,6,1,24,5,125,1,1,7,3,7
2017301700647,2,9,0,9,0,5,0,0,0,0,3,1,6,2,34,6,3628,2,10,9,1,9
2017301700648,1,21,1,11,0,8,0,0,0,0,4,1,6,3,-1,-1,-1,-1,-1,-1,-1,-1
2017301700648,2,9,0,18,0,8,0,0,0,10,3,1,1,2,30,6,1242,1,12,3,1,3
2017301700650,1,11,0,9,0,5,0,0,0,0,1,1,1,1,48,8,4250,2,11,1,1,1
2017301700650,2,9,0,18,0,8,0,0,0,0,1,1,6,1,22,5,1422,2,16,6,1,6
2017301700651,1,9,0,18,0,0,5,0,1,11,1,1,6,1,19,4,1329,1,4,4,1,4
2017301700652,1,9,0,5,0,2,0,0,0,0,1,1,6,3,-1,-1,-1,-1,-1,-1,-1,-1
2017301700653,1,8,0,6,0,0,0,0,0,0,1,1,6,3,-1,-1,1896,2,13,-1,-1,-1
2017301700654,1,9,0,3,0,1,0,0,0,0,2,1,6,1,49,8,1364,1,9,2,1,2
2017301700654,2,9,0,18,0,1,0,0,0,0,1,1,6,2,-1,-1,1229,1,11,-1,-1,-1
2017301700655,1,9,0,18,0,8,0,0,0,0,2,1,6,2,26,6,1149,1,15,5,1,5
2017301700655,2,9,0,9,0,6,0,0,0,0,1,1,6,3,-1,-1,-1,-1,-1,-1,-1,-1
2017301700656,1,9,0,18,0,1,0,0,0,0,4,1,6,3,-1,-1,-1,-1,-1,-1,-1,-1
2017301700657,1,9,0,4,0,0,0,0,0,0,2,1,6,2,29,6,1597,2,2,5,3,5
2017301700657,2,9,0,4,0,0,0,0,0,0,2,1,3,2,30,6,1598,1,4,4,1,4
2017301700657,3,9,0,18,0,0,0,0,0,0,1,1,2,1,53,8,1988,2,9,4,3,4
2017301700658,1,9,0,9,0,5,0,0,0,0,4,1,6,1,20,4,1968,2,9,3,1,3
2017301700658,2,9,0,18,0,8,0,0,0,0,1,1,6,2,-1,-1,973,1,14,9,1,9
2017301700659,1,9,0,18,0,8,0,0,0,0,2,1,4,1,34,6,2993,2,12,1,1,1
2017301700659,2,11,0,18,0,8,0,0,0,0,1,1,1,1,31,6,9000,2,13,10,2,10
2017301700660,1,9,0,9,0,3,0,0,0,0,4,1,6,2,42,7,996,1,8,2,1,2
2017301700660,2,9,0,18,0,4,0,0,0,0,1,1,6,1,51,8,1896,2,16,8,1,8
2017301700661,1,1,0,18,0,8,0,0,0,0,1,1,6,1,45,7,-1,-1,-1,9,1,9
2017301700661,2,9,0,9,0,8,0,0,0,0,1,1,6,2,69,10,1598,1,8,10,1,10
2017301700662,1,9,0,18,0,0,0,0,0,0,1,1,6,1,54,8,1582,2,4,5,1,5
2017301700662,2,9,0,18,0,0,0,0,0,0,1,1,6,1,21,5,1390,1,17,9,1,9
2017301700663,1,9,0,14,0,0,0,0,0,0,1,1,6,1,38,7,1968,2,5,1,1,1
2017301700663,2,19,0,18,0,0,0,0,0,0,3,1,6,1,51,8,1598,2,3,9,1,9
2017301700664,1,9,0,18,0,1,0,0,0,0,3,1,6,3,-1,-1,-1,-1,-1,-1,-1,-1
2017301700665,1,9,0,18,0,8,0,0,0,0,4,1,6,1,44,7,1598,1,8,3,1,3
2017301700665,2,10,0,18,0,8,0,0,0,0,1,1,6,1,17,4,-1,-1,-1,6,1,6
2017301700666,1,9,0,14,0,8,0,0,0,0,3,1,6,1,50,8,5700,1,20,2,1,2
2017301700666,2,11,0,18,0,8,0,0,0,0,3,1,1,1,48,8,4250,2,13,4,1,4
2017301700666,3,9,0,2,0,8,0,0,0,0,0,1,6,3,-1,-1,-1,-1,-1,-1,-1,-1
2017301700667,1,11,0,2,0,8,0,0,0,0,0,1,1,1,49,8,7698,2,2,7,3,7
2017301700667,2,11,0,14,0,1,0,0,0,0,4,1,1,1,50,8,6370,2,4,2,1,2
2017301700668,1,19,0,9,0,2,0,0,0,0,1,1,6,3,-1,-1,-1,-1,-1,-1,-1,-1
2017301700669,1,9,0,18,0,0,0,0,7,10,1,1,6,2,40,7,1299,1,12,8,1,8
2017301700670,1,9,0,15,0,0,1,0,0,0,1,1,1,1,26,6,-1,-1,-1,1,1,1
2017301700670,2,9,0,18,0,0,0,0,0,0,4,1,1,1,46,8,1685,2,2,10,2,10
2017301700670,3,9,0,18,0,0,0,0,0,0,1,1,6,1,59,9,1390,1,13,3,3,3
2017301700671,1,4,0,18,0,8,0,0,0,0,4,1,6,1,21,5,124,1,4,5,2,5
2017301700671,2,9,0,18,0,4,0,0,0,0,1,1,6,1,26,6,1390,1,12,4,1,4
2017301700672,1,10,0,5,0,1,0,0,0,0,1,1,1,2,60,9,-1,-1,-1,2,1,2
2017301700672,2,4,0,3,0,4,0,0,0,0,2,1,6,2,17,4,125,1,3,4,1,4
2017301700674,1,9,0,18,0,0,0,0,0,0,1,1,6,3,-1,-1,-1,-1,-1,-1,-1,-1
2017301700675,1,9,0,4,0,0,0,0,0,0,1,1,6,1,22,5,1596,1,3,5,2,5
2017301700675,2,9,0,3,0,0,0,0,0,0,2,1,6,2,32,6,1368,1,8,3,2,3
2017301700676,1,9,0,18,0,0,0,0,0,0,2,1,6,1,51,8,-1,-1,-1,9,1,9
2017301700676,2,9,0,18,0,0,0,0,0,0,1,1,6,1,37,7,973,1,18,4,2,4
2017301700679,1,9,0,18,0,0,0,0,7,0,1,1,6,1,24,5,1686,2,13,4,1,4
2017301700679,2,11,0,18,0,0,0,0,0,0,3,1,1,1,53,8,9000,2,13,3,1,3
2017301700679,3,9,0,18,0,0,0,0,0,0,2,1,6,2,52,8,-1,-1,-1,9,2,9
2017301700679,4,9,0,18,0,0,0,0,0,0,1,1,6,2,-1,-1,1984,1,15,4,1,4
2017301700680,1,4,0,18,0,1,0,0,0,0,1,1,6,1,32,6,347,1,5,6,3,6
2017301700680,2,9,4,7,0,5,0,0,0,0,1,1,6,1,68,10,2198,2,3,9,3,9
2017301700681,1,9,0,18,0,0,0,0,0,0,1,1,6,1,23,5,1749,1,16,5,1,5
2017301700681,2,9,0,18,0,0,0,0,0,0,1,1,6,2,52,8,1586,1,10,4,1,4
2017301700682,1,9,0,5,0,1,0,0,1,0,2,1,6,2,64,9,1364,1,10,1,1,1
2017301700682,2,9,0,5,0,1,0,0,1,0,1,1,6,3,-1,-1,1699,1,11,-1,-1,-1
2017301700683,1,1,0,16,0,8,0,0,0,0,1,1,1,1,25,5,-1,-1,-1,3,1,3
2017301700683,2,9,0,18,0,6,0,0,0,0,1,1,6,3,-1,-1,-1,-1,-1,-1,-1,-1
2017301700684,1,9,0,13,0,0,1,0,0,0,3,1,6,1,19,4,1242,1,19,2,1,2
2017301700684,2,9,0,18,0,0,0,0,1,0,3,1,2,1,35,6,1598,1,5,7,1,7
2017301700686,1,9,0,18,0,0,0,0,0,0,2,1,2,2,21,5,996,1,7,10,1,10
2017301700686,2,19,0,18,0,0,0,0,0,0,1,1,2,1,20,4,2198,2,9,9,1,9
2017301700686,3,9,0,4,0,0,0,0,0,0,0,1,6,3,-1,-1,-1,-1,-1,-1,-1,-1
2017301700687,1,9,0,18,0,0,5,0,7,4,1,1,6,1,23,5,1988,1,14,3,1,3
2017301700688,1,9,0,9,0,6,0,0,0,0,1,1,1,1,35,6,1968,2,3,8,3,8
2017301700688,2,9,0,18,0,8,0,0,0,0,1,1,2,1,44,7,1896,2,10,4,1,4
2017301700689,1,9,0,1,0,0,0,0,0,0,2,1,6,2,28,6,1197,1,1,10,2,10
2017301700689,2,1,0,18,0,0,0,4,0,0,1,1,6,2,10,2,-1,-1,-1,10,2,10
2017301700690,1,9,0,18,0,5,0,0,2,7,1,1,6,1,41,7,1997,1,13,9,1,9
2017301700690,2,19,0,18,0,5,0,0,5,7,3,1,6,1,63,9,1998,2,11,3,2,3
2017301700691,1,9,0,18,0,0,0,0,0,0,1,1,6,1,47,8,-1,-1,-1,7,1,7
2017301700693,1,9,0,18,0,1,1,0,0,0,1,1,6,1,20,4,1299,1,15,3,1,3
2017301700693,2,9,0,3,0,1,0,0,0,0,2,1,6,2,24,5,1968,2,6,10,1,10
2017301700694,1,9,0,14,0,0,0,0,0,0,1,1,6,1,53,8,2926,2,12,6,3,6
2017301700694,2,9,0,18,0,0,1,0,0,0,1,1,6,2,78,11,1349,1,8,8,3,8
2017301700695,1,9,0,18,0,0,2,0,1,7,4,1,6,1,20,4,1242,1,11,3,1,3
2017301700696,1,9,0,18,0,0,0,0,0,0,1,1,6,3,-1,-1,1598,1,12,-1,-1,-1
2017301700697,1,5,0,13,0,1,0,0,7,0,4,1,1,1,24,5,749,1,21,-1,-1,-1
2017301700697,2,9,0,6,0,1,0,0,0,0,3,1,6,3,-1,-1,1560,2,7,-1,-1,-1
2017301700698,1,9,0,18,0,0,0,0,1,4,1,1,6,1,28,6,1493,2,10,6,1,6
2017301700699,1,8,0,18,0,8,0,0,0,0,1,1,1,1,52,8,1997,2,10,7,1,7
2017301700699,2,1,0,18,0,6,0,0,0,0,1,1,6,1,16,4,-1,-1,-1,3,1,3
2017301700700,1,9,0,18,0,7,0,0,0,0,1,1,6,2,86,11,999,1,2,7,1,7
2017301700700,2,9,0,18,0,7,0,0,0,0,2,1,1,2,52,8,1560,2,3,4,2,4
2017301700701,1,2,0,18,0,0,1,4,0,0,1,1,6,1,16,4,49,1,8,4,1,4
2017301700701,2,9,0,2,0,0,0,0,0,0,2,1,6,3,-1,-1,1598,1,10,-1,-1,-1
2017301700702,1,19,0,1,0,0,0,0,0,0,2,1,1,1,26,6,2143,2,5,-1,-1,-1
2017301700703,1,9,0,18,0,0,0,0,0,0,4,1,6,3,-1,-1,-1,-1,-1,-1,-1,-1
2017301700703,2,1,0,18,0,0,0,0,0,0,3,1,6,1,79,11,-1,-1,-1,4,1,4
2017301700704,1,9,0,16,0,0,1,0,7,11,3,1,6,1,17,4,1198,1,13,7,1,7
2017301700705,1,9,0,16,0,0,0,0,1,0,1,1,6,2,34,6,1596,1,12,10,1,10
2017301700705,2,9,0,17,0,0,0,0,1,0,1,1,6,1,49,8,1968,2,6,5,2,5
2017301700706,1,22,0,18,0,2,0,0,0,0,1,1,6,3,-1,-1,-1,-1,-1,-1,-1,-1
2017301700707,1,9,0,18,0,0,0,0,7,9,3,1,6,2,34,6,1868,2,15,4,1,4
2017301700708,1,9,0,9,0,8,0,0,0,0,0,1,6,2,-1,-1,1753,2,8,8,1,8
2017301700708,2,1,0,18,0,1,0,0,0,0,0,1,6,1,55,8,-1,-1,-1,7,1,7
2017301700709,1,9,0,5,4,8,0,0,0,0,4,1,1,2,41,7,1997,2,9,10,1,10
2017301700709,2,1,0,18,4,8,0,0,0,0,2,1,1,1,29,6,-1,-1,-1,9,1,9
2017301700710,1,9,0,13,0,1,0,0,0,0,1,1,6,1,36,7,1685,2,3,3,1,3
2017301700710,2,9,0,9,0,8,0,0,7,11,3,1,6,1,41,7,1598,2,1,10,1,10
2017301700711,1,9,0,17,0,8,0,0,0,0,3,1,6,3,-1,-1,-1,-1,-1,-1,-1,-1
2017301700712,1,9,0,17,0,8,0,0,0,0,1,1,6,1,30,6,1586,1,10,7,1,7
2017301700712,2,9,0,16,0,8,0,0,0,0,1,1,6,1,47,8,3628,2,7,5,3,5
2017301700713,1,19,0,8,0,8,0,0,0,0,2,1,6,1,35,6,1560,2,3,8,1,8
2017301700713,2,9,0,18,0,1,0,0,0,0,1,1,6,3,-1,-1,1699,1,10,-1,-1,-1
2017301700714,1,9,0,5,0,6,0,0,3,10,1,1,6,2,17,4,1299,1,13,5,1,5
2017301700714,2,9,0,10,0,8,0,0,0,0,3,1,6,1,36,7,1753,2,15,7,3,7
2017301700714,3,9,0,18,0,8,0,0,0,0,1,1,6,1,43,7,1399,1,9,9,2,9
2017301700716,1,9,0,17,0,0,2,0,1,9,1,1,6,1,21,5,1363,2,12,7,3,7
2017301700717,1,9,0,5,0,8,0,0,0,0,1,1,6,1,37,7,1998,2,7,3,1,3
2017301700717,2,1,0,18,0,8,0,0,0,0,2,1,6,1,24,5,-1,-1,-1,2,1,2
2017301700718,1,9,0,11,0,0,0,0,0,0,4,1,6,1,51,8,1560,2,7,10,2,10
2017301700719,1,9,0,18,0,0,0,0,0,0,1,1,6,1,26,6,2967,1,11,7,1,7
2017301700720,1,19,0,7,4,8,0,0,0,0,4,1,6,3,-1,-1,-1,-1,-1,-1,-1,-1
2017301700720,2,1,0,18,4,1,0,0,0,0,3,1,6,1,68,10,-1,-1,-1,5,1,5
2017301700721,1,9,0,13,0,8,0,0,7,4,1,1,6,2,23,5,1248,2,9,6,1,6
2017301700721,2,9,0,9,0,8,0,0,0,0,3,1,6,1,18,4,998,1,3,10,1,10
2017301700722,1,9,0,4,0,1,1,0,0,0,1,1,6,2,33,6,1360,1,9,8,1,8
2017301700722,2,9,0,3,0,1,0,0,0,0,2,1,6,2,27,6,1598,1,9,1,1,1
2017301700722,3,9,0,3,0,1,0,0,0,0,2,1,6,3,-1,-1,-1,-1,-1,-1,-1,-1
2017301700723,1,9,0,18,0,0,0,0,0,7,4,1,6,1,18,4,1242,1,13,4,1,4
2017301700724,1,4,0,18,0,0,0,0,0,0,0,1,6,1,36,7,449,1,-1,7,1,7
2017301700725,1,8,0,18,0,0,0,0,0,0,1,1,1,1,19,4,1910,2,9,2,1,2
2017301700725,2,9,0,18,0,0,0,0,0,0,2,1,6,1,-1,-1,1560,2,10,6,2,6
2017301700725,3,9,0,18,0,0,0,0,0,0,2,1,6,2,60,9,1299,1,9,6,1,6
2017301700725,4,9,0,18,0,0,0,0,0,0,2,1,6,2,45,7,1560,2,6,5,1,5
2017301700726,1,9,0,7,0,5,0,10,1,0,1,1,6,2,72,10,1198,1,2,6,1,6
2017301700727,1,9,0,18,0,1,0,10,7,2,3,1,6,2,71,10,1086,1,7,1,1,1
2017301700728,1,9,0,5,0,1,0,0,0,0,1,1,6,1,53,8,1995,2,16,10,1,10
2017301700728,2,9,0,9,0,5,0,0,0,0,3,1,6,1,52,8,1995,2,3,10,1,10
2017301700729,1,9,0,18,0,0,2,0,1,7,1,1,6,2,26,6,1364,1,7,6,1,6
2017301700731,1,19,0,18,0,1,0,0,0,0,1,1,1,1,36,7,2461,2,6,2,1,2
2017301700731,2,9,0,10,0,8,0,0,0,0,2,1,6,1,67,10,1400,1,13,6,1,6
2017301700732,1,9,0,18,0,2,0,0,0,0,1,1,6,2,28,6,1998,1,9,2,1,2
2017301700732,2,9,0,2,0,2,0,0,0,0,2,1,6,1,45,7,1596,1,8,2,1,2
2017301700734,1,90,0,18,0,1,0,0,0,0,4,1,6,1,65,9,2198,2,4,5,2,5
2017301700735,1,9,0,1,0,6,0,0,0,0,2,1,6,1,48,8,1896,2,13,1,1,1
2017301700735,2,1,0,18,0,8,0,0,0,0,1,1,6,1,28,6,-1,-1,-1,2,1,2
2017301700736,1,3,0,18,0,3,1,0,0,7,1,1,6,1,20,4,-1,-1,-1,3,1,3
2017301700737,1,9,0,18,0,0,0,0,0,0,1,1,6,1,40,7,-1,-1,-1,5,3,5
2017301700737,2,9,0,18,0,0,5,0,0,0,3,1,6,1,30,6,998,1,4,9,3,9
2017301700738,1,9,0,5,0,8,0,0,0,0,1,1,6,1,27,6,973,1,15,1,1,1
2017301700738,2,9,0,18,0,8,0,0,1,11,2,1,6,2,37,7,1398,1,12,4,1,4
2017301700739,1,9,0,18,0,0,0,0,0,0,1,1,6,3,-1,-1,-1,-1,-1,-1,-1,-1
2017301700739,2,9,0,3,0,0,0,0,0,0,2,1,6,2,70,10,989,1,18,1,1,1
2017301700740,1,9,0,9,0,8,0,0,0,0,1,1,6,2,40,7,1995,2,3,7,3,7
2017301700740,2,1,0,18,0,8,0,0,0,0,3,1,6,1,52,8,-1,-1,-1,3,1,3
2017301700741,1,9,0,9,0,4,0,0,0,0,1,1,6,1,65,9,1398,2,4,7,1,7
2017301700741,2,1,0,18,0,8,0,0,0,0,1,1,6,1,25,5,-1,-1,-1,4,1,4
2017301700742,1,11,0,13,0,8,0,0,0,0,4,1,1,1,49,8,8268,2,14,1,1,1
2017301700742,2,1,0,16,0,8,0,0,0,0,3,1,6,1,60,9,-1,-1,-1,9,1,9
2017301700744,1,19,0,4,0,8,0,0,0,0,1,1,1,1,26,6,2198,2,3,6,1,6
2017301700744,2,9,0,4,0,8,0,0,0,0,2,1,6,1,-1,-1,1600,1,17,4,2,4
2017301700745,1,9,0,7,0,6,0,0,0,0,1,1,6,2,61,9,1597,2,1,7,1,7
2017301700745,2,1,0,10,0,8,0,0,0,0,3,1,6,1,60,9,-1,-1,-1,9,3,9
2017301700746,1,3,0,3,0,1,0,0,0,0,1,1,6,1,63,9,124,1,6,5,1,5
2017301700747,1,9,0,3,0,4,0,0,0,0,2,1,1,2,20,4,1197,1,6,3,1,3
2017301700747,2,9,0,3,0,1,0,0,0,0,1,1,2,2,-1,-1,1296,1,9,3,3,3
2017301700748,1,21,1,18,0,0,0,0,0,0,1,1,1,1,63,9,12740,2,2,-1,1,-1
2017301700748,2,21,1,2,0,0,0,0,0,0,2,1,1,1,32,6,12777,2,2,10,1,10
2017301700749,1,9,0,1,0,8,0,0,0,0,4,1,6,2,31,6,1956,2,6,2,1,2
2017301700749,2,1,0,18,0,8,0,0,0,0,1,1,6,1,5,1,-1,-1,-1,2,1,2
2017301700750,1,9,0,18,0,8,0,0,7,11,1,1,6,1,23,5,1596,1,12,8,3,8
2017301700750,2,9,0,18,0,6,0,0,0,0,1,1,6,1,17,4,1229,1,3,8,1,8
2017301700751,1,9,0,12,0,7,0,0,0,0,3,1,6,2,35,6,1595,1,12,3,1,3
2017301700751,2,9,0,18,0,8,0,0,0,0,4,1,6,1,45,7,2143,2,5,7,1,7
2017301700752,1,9,0,18,0,0,0,0,0,0,1,1,6,1,54,8,2143,2,8,4,2,4
2017301700752,2,9,0,18,0,0,0,0,0,0,1,1,6,2,37,7,1560,2,6,6,1,6
2017301700753,1,9,0,18,0,2,0,0,0,0,4,1,6,1,56,9,1968,2,7,10,1,10
2017301700753,2,1,0,18,0,2,0,0,0,0,4,1,6,1,27,6,-1,-1,-1,1,1,1
2017301700754,1,9,0,3,0,0,0,0,0,0,2,1,6,1,61,9,-1,-1,-1,2,1,2
2017301700754,2,9,0,18,0,0,0,0,0,0,1,1,6,1,24,5,1560,2,6,1,1,1
2017301700755,1,9,0,18,0,0,0,0,0,0,4,1,6,3,-1,-1,-1,-1,-1,-1,-1,-1
2017301700756,1,9,0,5,0,0,0,0,0,0,4,1,6,2,49,8,1995,2,12,9,1,9
2017301700757,1,9,0,9,0,6,0,0,1,0,2,1,6,1,36,7,1798,1,1,2,1,2
2017301700757,2,9,0,18,0,8,0,0,0,0,1,1,6,1,23,5,1242,1,15,1,1,1
2017301700758,1,9,0,9,0,6,0,0,0,0,1,1,6,3,-1,-1,-1,-1,-1,-1,-1,-1
2017301700758,2,1,0,18,0,8,0,0,0,0,1,1,1,1,60,9,-1,-1,-1,6,1,6
2017301700759,1,9,0,15,0,8,0,0,1,11,4,1,6,2,77,11,998,1,11,8,2,8