Accident_Index,Vehicle_Reference,Vehicle_Type,Towing_and_Articulation,Vehicle_Manoeuvre,Vehicle_Location-Restricted_Lane,Junction_Location,Skidding_and_Overturning,Hit_Object_in_Carriageway,Vehicle_Leaving_Carriageway,Hit_Object_off_Carriageway,1st_Point_of_Impact,Was_Vehicle_Left_Hand_Drive?,Journey_Purpose_of_Driver,Sex_of_Driver,Age_of_Driver,Age_Band_of_Driver,Engine_Capacity_(CC),Propulsion_Code,Age_of_Vehicle,Driver_IMD_Decile,Driver_Home_Area_Type,Vehicle_IMD_Decile
2017301700917,2,9,0,18,0,0,0,0,0,0,3,1,6,2,51,8,1587,1,11,10,1,10
2017301700918,1,9,0,18,0,0,0,0,0,0,1,1,6,2,58,9,1950,2,1,10,1,10
2017301700919,1,9,0,18,0,1,0,0,0,0,1,1,6,3,-1,-1,1149,1,12,-1,-1,-1
2017301700919,2,9,0,3,0,1,0,0,0,0,2,1,6,2,43,7,1368,1,1,2,1,2
2017301700920,1,9,0,1,9,0,0,0,0,0,2,1,6,2,70,10,1364,1,11,7,2,7
2017301700921,1,9,0,2,0,2,0,0,0,0,0,1,6,2,32,6,1686,2,6,2,1,2
2017301700921,2,9,0,2,0,2,0,0,0,0,1,1,6,3,-1,-1,1390,1,9,-1,-1,-1
2017301700922,1,9,0,18,0,1,0,0,0,0,1,1,6,3,-1,-1,5400,1,15,-1,-1,-1
2017301700922,2,9,0,18,0,8,1,0,0,0,4,1,6,1,66,10,1998,2,14,3,1,3
2017301700923,1,9,0,1,0,5,0,0,0,0,2,1,6,1,47,8,1197,1,3,10,2,10
2017301700923,2,1,0,13,0,8,0,0,0,0,4,1,6,1,20,4,-1,-1,-1,10,2,10
2017301700924,1,19,0,7,0,5,0,0,0,0,1,1,6,1,32,6,2402,2,14,4,1,4
2017301700924,2,9,0,3,0,5,0,0,0,0,2,1,6,1,42,7,2979,1,2,4,1,4
2017301700925,1,19,0,9,0,5,0,0,0,0,0,1,6,1,43,7,2198,2,8,4,1,4
2017301700925,2,9,0,18,0,8,1,0,1,0,1,1,6,1,77,11,1998,1,14,7,2,7
2017301700925,3,9,0,10,0,1,0,0,0,0,3,1,6,2,23,5,1896,2,14,8,3,8
2017301700925,4,9,0,1,0,8,0,0,0,0,2,1,2,1,-1,-1,1995,2,1,5,1,5
2017301700925,5,9,0,7,0,5,0,0,0,0,3,1,6,2,33,6,1900,2,18,5,3,5
2017301700926,1,9,0,3,0,0,0,0,0,0,2,1,2,2,30,6,-1,-1,-1,8,1,8
2017301700926,2,3,0,4,0,0,1,0,0,0,1,1,6,1,23,5,-1,-1,-1,3,1,3
2017301700927,1,4,0,18,0,8,0,0,0,0,1,1,2,1,50,8,998,1,13,8,1,8
2017301700927,2,9,0,9,0,8,0,0,0,0,1,1,1,1,48,8,1995,2,8,2,1,2
2017301700928,1,9,0,9,0,5,0,0,0,0,1,1,6,2,40,7,1422,2,9,6,1,6
2017301700928,2,9,0,18,0,8,0,0,0,0,1,1,6,1,19,4,1390,1,12,9,1,9
2017301700930,1,1,0,16,0,0,1,0,0,0,0,1,6,1,44,7,-1,-1,-1,10,2,10
2017301700931,1,8,0,5,0,6,1,0,0,0,1,1,1,1,62,9,2499,2,9,1,1,1
2017301700931,2,1,0,18,0,8,0,0,0,0,1,1,6,2,43,7,-1,-1,-1,7,1,7
2017301700932,1,3,0,13,0,8,0,0,0,0,1,1,6,1,28,6,124,1,13,5,3,5
2017301700932,2,1,0,9,0,5,0,0,0,0,3,1,6,1,42,7,-1,-1,-1,6,1,6
2017301700933,1,9,0,18,0,3,0,0,0,0,3,1,6,2,54,8,1582,2,8,1,1,1
2017301700933,2,9,0,18,0,3,0,0,0,0,4,1,6,2,38,7,1242,1,6,3,1,3
2017301700935,1,9,0,16,0,8,0,0,0,0,1,1,6,1,20,4,1389,1,22,9,1,9
2017301700935,2,1,0,17,0,8,0,0,0,0,1,1,6,1,59,9,-1,-1,-1,-1,-1,-1
2017301700936,1,9,0,18,0,0,1,10,8,11,4,1,6,2,22,5,1108,1,7,6,1,6
2017301700937,1,9,0,18,0,2,0,0,0,0,3,1,6,2,-1,-1,999,1,-1,3,1,3
2017301700938,1,5,0,18,0,0,0,0,0,0,1,1,6,1,42,7,1043,1,7,5,1,5
2017301700938,2,9,0,4,0,0,0,0,0,0,0,1,6,2,32,6,1461,2,1,2,1,2
2017301700938,3,9,0,18,0,0,0,0,0,0,2,1,6,1,67,10,1560,2,9,-1,1,-1
2017301700939,1,9,0,1,0,2,0,0,0,0,2,1,6,1,24,5,1686,2,7,2,1,2
2017301700940,1,9,0,18,0,0,0,0,0,0,4,1,6,1,82,11,1999,2,-1,8,2,8
2017301700940,2,1,0,3,0,0,0,0,0,0,3,1,6,1,32,6,-1,-1,-1,8,1,8
2017301700941,1,9,0,18,0,0,0,0,0,0,4,1,6,3,-1,-1,-1,-1,-1,-1,-1,-1
2017301700942,1,90,0,14,0,0,0,0,0,0,1,1,6,1,22,5,-1,-1,-1,6,1,6
2017301700942,2,9,0,18,0,0,0,0,0,0,1,1,6,1,43,7,1997,2,13,4,1,4
2017301700942,3,90,0,2,0,0,0,0,0,0,0,1,1,3,-1,-1,-1,-1,-1,-1,-1,-1
2017301700943,1,9,0,18,0,8,0,0,0,0,1,1,6,2,78,11,898,1,1,-1,-1,-1
2017301700943,2,1,0,18,0,8,0,0,0,0,2,1,6,2,38,7,-1,-1,-1,1,1,1
2017301700944,1,9,0,18,0,0,0,0,0,0,1,1,6,1,26,6,1560,2,10,3,1,3
2017301700945,1,9,0,18,4,0,0,0,0,0,4,1,2,1,66,10,2316,1,23,7,3,7
2017301700945,2,1,0,18,4,0,0,10,0,0,3,1,2,1,43,7,-1,-1,-1,3,1,3
2017301700946,1,9,0,18,0,1,0,0,0,0,1,1,6,2,28,6,1598,1,11,8,1,8
2017301700946,2,9,0,3,0,1,0,0,0,0,2,1,6,2,55,8,1242,1,1,8,1,8
2017301700947,1,9,0,1,9,1,0,0,0,0,2,1,6,2,64,9,1598,1,5,5,1,5
2017301700948,1,9,0,5,0,1,0,0,0,0,1,1,2,2,34,6,1598,1,4,3,1,3
2017301700948,2,1,0,18,0,1,0,0,0,0,4,1,6,1,24,5,-1,-1,-1,3,1,3
2017301700949,1,3,0,18,0,0,0,0,0,0,4,1,6,1,40,7,124,1,5,3,1,3
2017301700949,2,4,0,18,0,0,0,0,0,0,4,1,6,1,23,5,-1,-1,-1,1,1,1
2017301700950,1,9,0,18,0,0,0,0,0,0,1,1,6,1,51,8,1995,2,13,1,1,1
2017301700951,1,9,0,9,0,5,0,0,0,0,1,1,6,2,21,5,1399,1,11,6,1,6
2017301700951,2,4,0,18,0,8,0,0,0,0,1,1,6,1,55,8,496,1,37,2,1,2
2017301700952,1,10,0,18,0,0,0,0,0,0,1,1,6,1,28,6,-1,-1,-1,2,1,2
2017301700952,2,9,0,3,0,0,0,0,0,0,2,1,6,2,44,7,1242,1,13,1,1,1
2017301700952,3,9,0,3,0,0,0,0,0,0,2,1,6,1,39,7,1395,1,1,9,1,9
2017301700953,1,9,0,5,0,4,0,0,0,0,1,1,6,2,53,8,1390,1,16,7,1,7
2017301700953,2,1,0,5,0,4,0,0,0,0,2,1,6,2,25,5,-1,-1,-1,4,1,4
2017301700954,1,9,0,17,0,0,0,0,0,0,3,1,6,1,23,5,1590,1,12,2,1,2
2017301700954,2,9,0,17,0,0,0,0,0,0,4,1,6,1,24,5,1590,1,16,1,1,1
2017301700955,1,9,0,18,0,0,2,0,0,0,1,1,2,2,22,5,1995,2,13,3,1,3
2017301700955,2,9,0,18,0,0,1,0,1,0,1,1,2,2,28,6,1388,1,9,4,1,4
2017301700956,1,9,0,5,9,0,0,0,0,0,4,1,6,3,-1,-1,-1,-1,-1,-1,-1,-1
2017301700957,1,9,0,4,0,0,0,0,0,0,0,1,6,3,-1,-1,-1,-1,-1,-1,-1,-1
2017301700957,2,11,0,18,0,0,0,0,0,0,0,1,1,1,29,6,6700,2,1,2,1,2
2017301700958,1,9,0,18,0,1,0,0,0,0,1,1,6,2,-1,-1,2497,2,10,7,1,7
2017301700958,2,9,0,3,0,1,0,0,0,0,2,1,6,1,44,7,1242,1,1,1,1,1
2017301700959,1,9,0,2,0,1,0,0,0,0,3,1,6,1,31,6,-1,-1,-1,5,1,5
2017301700959,2,9,0,14,0,1,0,0,0,0,4,1,6,2,20,4,1198,1,13,-1,-1,-1
2017301700960,1,9,0,16,0,3,0,0,0,0,1,1,6,3,-1,-1,-1,-1,-1,-1,-1,-1
2017301700960,2,9,0,16,0,3,0,0,0,0,2,1,6,1,47,8,998,1,15,10,2,10
2017301700961,1,8,0,18,0,8,0,0,0,0,1,1,6,3,-1,-1,-1,-1,-1,-1,-1,-1
2017301700962,1,11,0,4,0,2,0,0,0,0,0,1,1,1,51,8,4500,2,1,8,2,8
2017301700962,2,9,0,18,0,2,0,0,0,0,0,1,6,3,-1,-1,-1,-1,-1,-1,-1,-1
2017301700963,1,9,0,18,0,0,0,0,0,0,4,1,6,3,-1,-1,-1,-1,-1,-1,-1,-1
2017301700964,1,9,0,16,0,8,0,0,0,0,1,1,6,1,18,4,1598,1,10,2,1,2
2017301700965,1,9,0,9,0,8,0,0,0,0,1,1,1,1,-1,-1,1686,2,3,3,1,3
2017301700965,2,9,0,18,0,8,0,0,0,0,3,1,6,2,20,4,1296,1,9,6,1,6
2017301700966,1,9,0,18,0,1,0,0,0,0,1,1,6,2,61,9,1398,1,15,9,1,9
2017301700967,1,19,0,18,0,1,0,0,0,0,1,1,6,3,-1,-1,-1,-1,-1,-1,-1,-1
2017301700968,1,9,0,14,0,0,0,0,0,0,1,1,2,1,49,8,1596,1,13,8,1,8
2017301700968,2,9,0,2,0,0,0,0,0,0,0,1,6,3,-1,-1,-1,-1,-1,-1,-1,-1
2017301700969,1,9,0,14,0,2,0,0,0,0,3,1,6,2,50,8,1398,1,2,3,1,3
2017301700969,2,9,0,2,0,1,0,0,0,0,4,1,6,3,-1,-1,1995,2,11,-1,-1,-1
2017301700972,1,3,0,18,0,0,1,0,0,0,0,1,6,1,39,7,124,1,3,5,3,5
2017301700972,2,9,0,18,0,0,0,0,0,0,0,1,1,2,43,7,2993,2,1,5,1,5
2017301700972,3,9,0,18,0,0,0,0,0,0,0,1,6,2,39,7,2143,2,6,7,3,7
2017301700973,1,9,0,18,0,8,0,0,0,0,4,1,6,1,76,11,1199,1,14,9,1,9
2017301700973,2,1,0,18,0,8,0,0,0,0,1,1,6,1,61,9,-1,-1,-1,9,1,9
2017301700974,1,9,0,5,0,4,0,0,0,0,1,1,6,2,26,6,1398,1,-1,7,3,7
2017301700974,2,1,0,18,0,8,0,0,0,0,4,1,6,1,41,7,-1,-1,-1,-1,-1,-1
2017301700975,1,9,0,3,0,0,0,0,0,0,2,1,2,2,-1,-1,1242,1,5,2,1,2
2017301700975,2,9,0,3,0,0,0,0,0,0,2,1,2,2,50,8,1560,2,6,5,1,5
2017301700975,3,9,0,18,0,0,0,0,0,0,1,1,6,1,25,5,1390,1,10,5,1,5
2017301700976,1,9,0,18,0,0,0,0,0,0,1,1,6,2,20,4,-1,-1,-1,-1,-1,-1
2017301700976,2,9,0,4,0,0,0,0,0,0,2,1,6,2,32,6,1968,2,12,3,1,3
2017301700977,1,19,0,18,0,1,0,0,0,0,1,1,2,1,34,6,2198,2,5,2,1,2
2017301700977,2,9,0,3,0,1,0,0,0,1,2,1,6,2,25,5,1229,1,9,4,1,4
2017301700979,1,9,0,18,0,0,1,0,2,7,1,1,6,1,35,6,1796,1,14,1,1,1
2017301700980,1,9,0,18,0,1,0,0,0,0,1,1,6,1,50,8,1997,2,14,3,1,3
2017301700980,2,9,0,18,0,2,2,0,0,0,1,1,6,2,31,6,1999,2,1,9,1,9
2017301700982,1,9,0,9,0,8,0,0,0,0,1,1,6,1,35,6,1999,1,7,-1,-1,-1
2017301700982,2,1,0,9,0,8,0,0,0,0,2,1,6,1,28,6,-1,-1,-1,4,1,4
2017301700983,1,9,0,18,0,4,0,0,0,0,1,1,6,3,-1,-1,1364,1,13,-1,-1,-1
2017301700983,2,1,0,17,0,8,0,0,0,0,4,1,6,1,31,6,-1,-1,-1,6,3,6
2017301700985,1,9,0,18,0,1,0,0,0,0,4,1,6,3,-1,-1,-1,-1,-1,-1,-1,-1
2017301700986,1,9,0,9,0,6,0,0,0,0,1,1,6,1,28,6,1968,2,11,5,1,5
2017301700986,2,5,0,14,0,8,0,0,0,0,1,1,2,1,19,4,599,1,28,5,1,5
2017301700986,3,9,0,3,0,1,0,0,0,0,0,1,6,3,-1,-1,-1,-1,-1,-1,-1,-1
2017301700987,1,9,0,18,0,4,0,0,7,2,1,1,6,1,84,11,1769,1,14,10,1,10
2017301700987,2,19,0,9,0,3,0,0,0,0,1,1,2,1,20,4,1248,2,3,10,1,10
2017301700989,1,19,0,18,0,0,0,0,0,0,4,1,1,1,46,8,1598,2,2,6,3,6
2017301700990,1,9,0,18,0,1,0,0,0,0,1,1,6,1,19,4,1686,2,10,2,2,2
2017301700990,2,9,0,3,0,1,0,0,0,0,2,1,6,2,37,7,1995,2,5,4,1,4
2017301700991,1,90,0,13,0,1,0,0,7,0,1,1,1,1,33,6,-1,-1,-1,3,1,3
2017301700991,2,9,0,9,0,5,0,0,1,0,3,1,6,1,21,5,1390,1,4,8,3,8
2017301700992,1,9,0,5,0,8,0,0,0,0,1,1,6,3,-1,-1,-1,-1,-1,-1,-1,-1
2017301700992,2,9,0,18,0,8,1,0,7,11,4,1,6,1,20,4,1598,1,10,9,1,9
2017301700994,1,9,0,18,0,8,1,0,1,4,2,1,6,2,48,8,2179,2,5,9,1,9
2017301700996,1,19,0,4,0,0,1,0,0,0,1,1,6,1,51,8,1598,2,11,6,1,6
2017301700996,2,9,0,4,0,0,0,0,0,0,2,1,6,1,38,7,1999,1,9,-1,-1,-1
2017301700997,1,9,0,13,0,0,0,0,0,0,4,1,6,3,-1,-1,-1,-1,-1,-1,-1,-1
2017301700997,2,1,0,18,0,0,0,0,0,0,3,1,2,1,75,10,-1,-1,-1,8,1,8
2017301700998,1,9,0,5,0,4,0,0,0,0,1,1,2,1,57,9,1364,1,10,3,1,3
2017301700998,2,5,0,18,0,8,0,0,0,0,2,1,1,1,27,6,745,1,9,5,1,5
2017301700999,1,3,0,17,0,8,1,0,0,0,1,1,6,1,29,6,125,1,-1,5,1,5
2017301700999,2,9,0,16,0,8,0,0,0,0,1,1,6,1,35,6,1781,1,15,5,1,5
2017301701000,1,5,0,17,0,0,0,10,0,0,1,1,6,1,48,8,1084,1,18,2,2,2
2017301701001,1,9,0,18,0,8,0,0,0,0,4,1,6,3,-1,-1,-1,-1,-1,-1,-1,-1
2017301701001,2,9,0,18,0,8,0,0,0,0,3,1,6,2,41,7,1598,1,5,2,1,2
2017301701003,1,9,0,17,0,0,0,0,0,0,1,1,6,1,61,9,1951,2,11,9,1,9
2017301701003,2,3,0,16,0,0,0,0,0,0,1,1,6,1,-1,-1,124,1,2,1,1,1
2017301701004,1,9,0,9,0,8,0,0,0,0,1,1,6,2,36,7,1364,1,3,7,3,7
2017301701004,2,3,0,18,0,1,0,0,0,0,4,1,6,1,61,9,1050,1,6,7,1,7
2017301701005,1,9,0,18,0,1,0,0,0,0,3,1,6,2,38,7,1390,1,2,8,1,8
2017301701005,2,9,0,9,0,8,0,0,0,0,1,1,6,1,54,8,1582,2,3,8,1,8
2017301701006,1,9,0,18,0,4,0,0,0,0,1,1,6,1,47,8,1799,1,6,7,3,7
2017301701006,2,1,0,11,0,8,0,0,0,0,4,1,2,1,33,6,-1,-1,-1,4,1,4
2017301701007,1,9,0,9,0,8,0,0,0,0,1,1,6,1,28,6,1900,2,12,3,1,3
2017301701007,2,3,0,17,0,8,0,0,0,0,1,1,1,1,20,4,124,1,2,9,1,9
2017301701008,1,9,0,5,0,8,0,0,0,0,0,2,6,3,-1,-1,-1,-1,-1,-1,-1,-1
2017301701008,2,9,0,18,0,8,0,0,0,0,0,1,6,3,-1,-1,-1,-1,-1,-1,-1,-1
2017301701008,3,9,0,18,0,8,0,0,0,0,0,1,6,2,61,9,1200,1,2,2,1,2
2017301701008,4,9,0,18,0,8,0,0,0,0,2,1,6,1,47,8,998,1,16,-1,-1,-1
2017301701008,5,5,0,18,0,8,0,0,0,0,1,1,6,1,56,9,680,1,7,3,1,3
2017301701009,1,9,0,17,0,2,0,10,1,10,1,1,6,1,66,10,1461,2,3,10,1,10
2017301701010,1,5,0,4,0,1,0,0,0,0,1,1,6,1,53,8,599,1,11,4,2,4
2017301701010,2,9,0,9,0,8,0,0,0,0,3,1,6,1,53,8,1796,1,13,4,1,4
2017301701011,1,9,0,18,0,0,0,0,0,0,2,1,6,2,22,5,1389,1,12,5,1,5
2017301701011,2,5,0,11,0,0,1,0,0,0,4,1,6,1,-1,-1,645,1,7,7,1,7
2017301701012,1,9,0,3,0,0,0,0,0,0,2,1,6,1,-1,-1,1753,2,13,9,2,9
2017301701012,2,9,0,18,0,0,0,0,0,0,1,1,6,2,18,4,1299,1,16,5,2,5
2017301701013,1,5,0,16,0,0,1,0,0,0,1,1,6,1,23,5,998,1,10,-1,-1,-1
2017301701013,2,9,0,17,0,0,0,0,0,0,1,1,6,2,57,9,1598,1,9,6,3,6
2017301701014,1,9,0,17,0,8,0,0,0,0,1,1,6,1,29,6,1398,1,1,7,1,7
2017301701014,2,9,0,9,0,6,0,0,0,0,3,1,6,2,41,7,1995,2,7,8,1,8
2017301701015,1,9,0,18,0,4,0,9,0,0,1,1,6,1,19,4,1086,1,11,4,1,4
2017301701015,2,9,0,18,0,1,0,0,0,0,0,1,6,1,18,4,1391,1,21,9,2,9
2017301701015,3,9,0,18,0,1,0,0,0,0,0,1,6,1,18,4,973,1,15,8,3,8
2017301701016,1,9,0,5,0,1,0,0,0,0,1,1,6,2,25,5,1398,1,4,10,2,10
2017301701017,1,9,0,18,0,1,0,0,0,0,1,1,1,1,21,5,1242,1,5,8,1,8
2017301701017,2,19,0,2,0,1,0,0,0,0,0,1,6,3,-1,-1,-1,-1,-1,-1,-1,-1
2017301701018,1,5,0,17,0,0,0,0,2,4,1,1,6,1,29,6,996,1,19,1,1,1
2017301701019,1,9,0,17,0,0,1,10,1,11,1,1,6,1,18,4,1998,2,10,10,3,10
2017301701019,2,9,0,2,0,0,0,0,0,0,2,1,6,3,-1,-1,1124,1,12,-1,-1,-1
2017301701020,1,8,0,18,0,4,0,0,0,0,1,1,1,1,65,9,1753,2,11,2,1,2
2017301701020,2,1,0,18,0,4,0,0,0,0,2,1,6,1,39,7,-1,-1,-1,5,1,5
2017301701021,1,9,0,7,0,2,0,0,0,0,4,1,3,2,64,9,1598,1,8,9,3,9
2017301701022,1,1,0,18,9,6,0,0,1,10,1,1,6,1,77,11,-1,-1,-1,10,3,10
2017301701024,1,9,0,18,0,8,0,0,0,0,1,1,6,2,21,5,1229,1,10,1,1,1
2017301701025,1,4,0,18,0,1,1,0,0,0,1,1,2,1,20,4,124,1,5,2,1,2
2017301701025,2,9,0,9,0,8,0,0,0,0,4,1,2,1,19,4,1248,2,9,1,1,1
2017301701026,1,9,0,17,0,0,0,0,0,0,1,1,6,2,83,11,1318,1,1,7,3,7
2017301701027,1,9,0,18,0,0,0,0,0,0,1,1,6,1,58,9,2495,2,28,7,1,7
2017301701027,2,1,0,4,0,0,0,0,1,3,1,1,6,2,49,8,-1,-1,-1,4,1,4
2017301701028,1,9,0,18,0,0,2,10,1,0,3,1,6,2,34,6,1896,2,10,1,1,1
2017301701029,1,9,0,18,0,2,0,0,1,11,1,1,6,2,28,6,2179,2,3,9,2,9
2017301701029,2,21,1,18,0,1,0,0,0,0,3,2,1,1,39,7,-1,-1,-1,-1,-1,-1
2017301701029,3,9,0,18,0,1,2,0,1,0,4,1,6,1,18,4,1399,2,9,6,1,6
2017301701030,1,9,0,5,0,6,0,0,0,0,1,1,6,1,19,4,1896,2,15,5,1,5
2017301701030,2,1,0,18,0,8,0,0,0,0,2,1,6,1,23,5,-1,-1,-1,1,1,1
2017301701032,1,3,0,18,0,1,0,0,0,0,0,1,6,2,39,7,89,1,24,6,2,6
2017301701032,2,9,0,7,0,8,0,0,0,0,0,1,6,2,-1,-1,1368,1,3,7,1,7
2017301701033,1,9,0,18,0,1,0,0,0,0,3,1,6,1,36,7,1968,2,9,1,1,1
2017301701033,2,9,0,18,0,1,0,0,0,0,1,1,1,1,59,9,2495,2,15,6,2,6
2017301701034,1,9,0,18,0,0,0,0,0,0,1,1,6,3,-1,-1,-1,-1,-1,-1,-1,-1
2017301701035,1,9,0,16,0,0,0,0,0,0,1,1,6,1,54,8,1461,2,4,-1,-1,-1
2017301701035,2,16,0,16,0,0,0,0,0,0,1,1,6,1,39,7,-1,-1,-1,8,3,8
2017301701036,1,9,0,7,0,2,1,0,1,10,4,1,6,1,23,5,1968,2,1,-1,-1,-1
2017301701037,1,9,0,18,0,1,0,0,0,0,1,1,3,2,31,6,1596,1,6,6,1,6
2017301701037,2,9,0,10,0,1,0,0,0,0,2,1,1,1,41,7,-1,-1,-1,6,1,6
2017301701038,1,3,0,13,0,8,0,0,0,0,4,1,2,2,19,4,125,1,4,3,1,3
2017301701038,2,19,0,9,0,5,0,0,0,0,3,1,1,1,31,6,2298,2,2,3,1,3
2017301701041,1,9,0,2,0,8,0,0,0,0,1,1,6,1,56,9,1968,2,5,10,1,10
2017301701041,2,9,0,18,0,8,0,4,0,0,1,1,6,1,69,10,1560,2,6,6,1,6
2017301701042,1,9,0,9,0,5,0,0,0,0,4,1,6,1,40,7,1997,2,1,-1,-1,-1
2017301701042,2,1,0,18,0,8,0,0,0,0,1,1,6,1,33,6,-1,-1,-1,7,2,7
2017301701043,1,9,0,18,0,0,0,0,0,0,4,1,6,3,-1,-1,1299,1,16,-1,-1,-1
2017301701044,1,9,0,9,0,6,0,0,0,0,1,1,6,1,56,9,1968,2,2,8,1,8
2017301701044,2,9,0,10,0,1,0,0,0,0,0,1,6,2,43,7,1586,1,-1,8,1,8
2017301701045,1,9,0,18,0,8,0,0,0,0,4,1,2,2,33,6,1968,2,12,10,2,10
2017301701045,2,9,0,7,0,6,0,0,0,0,1,1,6,2,25,5,1560,2,2,3,1,3
2017301701046,1,9,0,17,0,0,1,0,0,0,1,1,6,1,27,6,1360,1,10,10,1,10
2017301701046,2,9,0,16,0,0,1,0,2,7,1,1,6,2,29,6,1149,1,6,5,1,5
2017301701048,1,9,0,5,0,4,0,0,0,0,2,1,2,1,32,6,1598,1,11,5,1,5
2017301701048,2,9,0,5,0,4,0,0,0,0,1,1,2,1,38,7,2143,2,2,7,1,7
2017301701049,1,19,0,18,0,1,0,0,0,0,1,1,6,1,47,8,1598,2,2,8,1,8
2017301701049,2,1,0,18,0,1,0,0,0,0,3,1,6,1,12,3,-1,-1,-1,7,1,7
2017301701050,1,9,0,5,0,0,0,0,0,0,1,1,6,1,-1,-1,2995,1,11,6,1,6
2017301701051,1,9,0,18,0,4,0,0,0,0,2,1,6,1,47,8,1560,2,2,3,1,3
2017301701051,2,9,0,18,0,1,0,0,0,0,1,1,6,2,51,8,1197,1,3,5,1,5
2017301701052,1,9,0,18,0,0,0,0,0,0,2,1,6,1,62,9,2830,2,23,7,1,7
2017301701052,2,9,0,13,0,0,0,0,0,0,1,1,6,1,60,9,3200,2,12,8,3,8
2017301701053,1,9,0,18,0,8,0,0,0,0,1,1,6,2,17,4,998,1,12,7,1,7
2017301701053,2,9,0,7,0,6,0,0,0,0,2,1,6,1,29,6,1968,2,7,1,1,1
2017301701054,1,19,0,18,0,8,0,0,0,0,3,1,6,1,34,6,-1,-1,-1,2,1,2
2017301701054,2,9,0,9,0,6,0,0,0,0,1,1,6,1,73,10,1753,2,10,6,1,6
2017301701055,1,8,0,17,0,0,0,0,0,0,4,1,1,1,52,8,1997,2,16,2,1,2
2017301701056,1,9,0,9,0,5,1,10,1,1,4,1,6,2,21,5,1328,1,11,1,1,1
2017301701056,2,90,0,9,0,1,0,0,0,0,0,1,1,3,-1,-1,2999,2,5,-1,-1,-1
2017301701056,3,9,0,3,0,1,0,0,0,0,0,1,6,3,-1,-1,-1,-1,-1,-1,-1,-1
2017301701057,1,19,0,14,0,8,0,0,0,0,1,1,6,1,53,8,2287,2,6,3,1,3
2017301701057,2,1,0,18,0,6,0,0,0,0,1,1,6,1,16,4,-1,-1,-1,5,1,5
2017301701057,3,9,0,2,0,1,0,0,0,0,0,1,6,3,-1,-1,-1,-1,-1,-1,-1,-1
2017301701058,1,3,0,14,0,0,0,0,0,0,1,1,6,3,-1,-1,125,1,4,-1,-1,-1
2017301701058,2,1,0,18,0,0,0,0,0,0,2,1,6,1,29,6,-1,-1,-1,1,1,1
2017301701058,3,9,0,2,0,0,0,0,0,0,0,1,6,3,-1,-1,-1,-1,-1,-1,-1,-1
2017301701059,1,9,0,18,0,0,0,0,0,0,1,1,6,1,33,6,1997,2,7,1,1,1
2017301701059,2,1,0,18,0,0,0,0,0,0,4,1,6,1,24,5,-1,-1,-1,4,1,4
2017301701060,1,9,0,13,0,8,0,0,0,0,4,1,1,2,25,5,1686,2,5,1,1,1
2017301701060,2,9,0,9,0,5,0,0,0,0,3,1,6,1,51,8,1956,2,1,1,1,1
2017301701061,1,1,0,18,0,2,0,0,0,0,1,1,6,1,-1,-1,-1,-1,-1,2,1,2
2017301701061,2,9,0,9,0,2,0,0,0,0,1,1,6,2,46,8,1395,1,-1,10,2,10
2017301701062,1,9,0,9,0,0,0,0,0,0,0,1,6,1,-1,-1,1242,1,12,7,2,7
2017301701062,2,5,0,18,0,0,1,0,0,0,0,1,6,1,52,8,748,1,10,3,1,3
2017301701063,1,9,0,17,0,8,0,0,0,0,2,1,6,1,19,4,998,1,12,5,1,5
2017301701063,2,9,0,17,0,8,0,0,0,0,2,1,6,1,52,8,1796,1,18,3,1,3
2017301701063,3,9,0,17,0,8,0,0,0,0,1,1,6,1,20,4,1390,1,15,2,1,2
2017301701063,4,9,0,18,0,8,0,0,0,0,1,1,6,1,23,5,1199,2,6,5,1,5
2017301701064,1,9,0,18,0,8,5,0,0,0,4,1,6,1,47,8,-1,-1,-1,5,3,5
2017301701064,2,9,0,18,0,1,0,0,0,0,1,1,6,2,32,6,998,1,6,5,1,5
2017301701065,1,9,0,18,0,0,0,0,0,0,4,1,6,1,31,6,2231,2,9,1,1,1
2017301701066,1,9,0,9,0,2,0,0,0,0,1,1,6,3,-1,-1,-1,-1,-1,-1,-1,-1
2017301701067,1,9,0,16,0,0,5,0,0,0,4,1,1,1,22,5,1149,1,17,7,3,7
2017301701068,1,19,0,4,9,6,0,0,0,0,1,1,6,3,-1,-1,-1,-1,-1,-1,-1,-1
2017301701069,1,9,0,18,0,0,0,0,0,0,4,1,1,2,48,8,1149,1,9,8,1,8
2017301701070,1,9,0,18,0,2,5,7,0,0,3,1,6,1,19,4,1461,2,8,5,1,5
2017301701071,1,9,0,9,0,6,0,0,0,0,3,1,6,2,60,9,1198,1,7,7,1,7
2017301701071,2,5,0,14,0,8,0,0,0,0,1,1,6,1,34,6,1801,1,1,6,3,6
2017301701071,3,9,0,2,0,1,0,0,0,0,0,1,6,3,-1,-1,-1,-1,-1,-1,-1,-1
2017301701072,1,9,0,18,0,6,0,0,0,0,1,1,6,1,73,10,1242,1,8,8,1,8
2017301701072,2,9,0,18,0,8,0,0,0,0,1,1,6,1,40,7,1598,1,6,4,1,4
2017301701073,1,9,0,18,0,0,5,0,0,0,1,1,2,1,33,6,2499,2,21,2,1,2
2017301701073,2,9,0,18,0,0,0,0,0,0,1,1,2,1,43,7,1984,1,11,8,1,8
2017301701074,1,4,0,18,0,8,0,0,0,0,1,1,6,1,21,5,471,1,2,9,2,9