Accident_Index,Vehicle_Reference,Vehicle_Type,Towing_and_Articulation,Vehicle_Manoeuvre,Vehicle_Location-Restricted_Lane,Junction_Location,Skidding_and_Overturning,Hit_Object_in_Carriageway,Vehicle_Leaving_Carriageway,Hit_Object_off_Carriageway,1st_Point_of_Impact,Was_Vehicle_Left_Hand_Drive?,Journey_Purpose_of_Driver,Sex_of_Driver,Age_of_Driver,Age_Band_of_Driver,Engine_Capacity_(CC),Propulsion_Code,Age_of_Vehicle,Driver_IMD_Decile,Driver_Home_Area_Type,Vehicle_IMD_Decile
2017301701074,2,9,0,9,0,5,0,0,0,0,4,1,1,1,27,6,-1,-1,-1,10,3,10
2017301701075,1,9,0,18,0,8,0,0,0,0,0,1,6,3,-1,-1,-1,-1,-1,-1,-1,-1
2017301701076,1,9,0,5,0,4,0,0,0,0,4,1,6,2,47,8,1364,1,10,1,1,1
2017301701076,2,1,0,5,0,4,0,0,0,0,3,1,6,2,30,6,-1,-1,-1,1,1,1
2017301701077,1,9,0,7,0,6,0,0,0,0,1,1,6,3,-1,-1,-1,-1,-1,-1,-1,-1
2017301701078,1,9,0,9,0,5,0,0,0,0,1,1,3,2,-1,-1,1368,1,8,5,1,5
2017301701078,2,1,0,18,0,8,0,0,0,0,3,1,2,2,45,7,-1,-1,-1,5,1,5
2017301701079,1,9,0,7,0,8,0,0,0,0,0,1,6,1,30,6,998,1,1,4,1,4
2017301701079,2,9,0,18,0,1,0,4,0,0,2,1,6,1,37,7,1242,1,2,4,1,4
2017301701079,3,9,0,2,0,1,0,0,0,0,1,1,6,3,-1,-1,1398,2,12,-1,-1,-1
2017301701079,4,9,0,2,0,1,0,0,0,0,1,1,6,3,-1,-1,1396,2,7,-1,-1,-1
2017301701080,1,9,0,10,0,8,0,0,0,0,1,1,6,2,43,7,-1,-1,-1,1,1,1
2017301701080,2,9,0,3,0,1,0,0,0,0,1,1,6,2,23,5,1390,1,10,3,1,3
2017301701080,3,9,0,18,0,8,0,0,0,0,1,1,6,3,-1,-1,1781,1,15,-1,-1,-1
2017301701081,1,9,0,18,0,1,1,0,0,0,1,1,6,1,39,7,1997,2,11,4,1,4
2017301701081,2,9,0,3,0,8,0,0,0,0,2,1,6,2,54,8,1461,2,3,7,1,7
2017301701081,3,9,0,10,0,8,0,0,0,0,2,1,6,2,19,4,1199,1,16,2,2,2
2017301701082,1,9,0,1,0,0,0,0,0,0,4,1,6,1,19,4,1422,2,2,3,1,3
2017301701082,2,9,0,2,0,0,0,0,0,0,0,1,6,1,26,6,1388,1,13,3,1,3
2017301701083,1,9,0,12,0,0,0,0,0,0,0,1,6,3,-1,-1,-1,-1,-1,-1,-1,-1
2017301701083,2,11,0,18,0,0,0,0,0,0,0,1,1,1,29,6,-1,-1,-1,2,1,2
2017301701084,1,9,0,9,0,5,0,0,0,0,4,1,6,1,63,9,1997,2,18,3,1,3
2017301701084,2,1,0,15,0,8,0,0,0,0,1,1,6,1,-1,-1,-1,-1,-1,1,1,1
2017301701084,3,20,0,3,0,1,0,0,0,0,0,1,6,3,-1,-1,-1,-1,-1,-1,-1,-1
2017301701085,1,9,0,17,0,0,0,0,0,0,1,1,6,3,-1,-1,1199,1,13,-1,-1,-1
2017301701085,2,9,0,16,0,0,0,0,0,0,1,1,6,2,27,6,1560,2,12,1,1,1
2017301701086,1,9,0,2,4,0,0,0,0,0,2,1,6,2,67,10,1229,1,7,4,2,4
2017301701086,2,1,0,18,4,0,0,0,0,0,1,1,6,1,57,9,-1,-1,-1,6,1,6
2017301701087,1,9,0,1,0,8,0,0,0,0,4,1,6,1,87,11,1240,1,14,5,3,5
2017301701088,1,9,0,17,0,2,1,10,2,11,1,1,6,1,33,6,2171,1,15,3,1,3
2017301701088,2,9,0,16,0,1,0,0,0,0,1,1,6,2,66,10,1399,2,7,4,2,4
2017301701088,3,9,0,2,0,2,0,0,0,0,2,1,6,3,-1,-1,1364,2,3,-1,-1,-1
2017301701088,4,9,0,2,0,2,0,0,0,0,4,1,6,3,-1,-1,1598,1,10,-1,-1,-1
2017301701089,1,9,0,3,0,0,0,0,0,0,1,1,6,1,-1,-1,1968,2,5,-1,-1,-1
2017301701089,2,9,0,3,0,0,0,0,0,0,2,1,6,2,32,6,1149,1,16,4,1,4
2017301701090,1,9,0,18,0,0,0,0,0,0,3,1,1,1,47,8,1560,2,3,4,1,4
2017301701090,2,9,0,4,0,0,0,0,0,0,4,1,6,1,29,6,1998,1,19,9,1,9
2017301701091,1,9,0,10,0,1,0,0,0,0,2,1,6,1,32,6,1995,2,10,8,1,8
2017301701091,2,9,0,3,0,1,0,0,0,0,2,1,6,1,56,9,-1,-1,-1,3,1,3
2017301701091,3,9,0,4,0,1,0,0,0,0,1,1,6,1,31,6,1796,1,7,7,1,7
2017301701092,1,9,0,7,0,3,0,0,0,0,1,1,6,1,65,9,1597,2,3,3,3,3
2017301701092,2,1,0,6,0,8,0,0,0,0,2,1,6,2,42,7,-1,-1,-1,2,1,2
2017301701093,1,9,0,1,9,8,0,0,0,0,2,1,6,1,46,8,1796,1,11,7,1,7
2017301701093,2,1,0,18,9,1,0,0,0,0,4,1,6,2,45,7,-1,-1,-1,1,1,1
2017301701094,1,9,0,1,0,1,0,0,0,0,2,1,6,3,-1,-1,-1,-1,-1,-1,-1,-1
2017301701095,1,90,0,18,0,6,0,0,0,0,0,1,1,1,75,10,-1,-1,-1,7,3,7
2017301701095,2,1,0,18,0,1,0,0,0,0,0,1,6,1,49,8,-1,-1,-1,9,3,9
2017301701096,1,9,0,18,0,8,0,0,0,0,4,1,2,1,58,9,1388,1,5,7,1,7
2017301701096,2,9,0,18,0,4,0,0,0,0,1,1,2,1,18,4,998,1,1,5,2,5
2017301701097,1,9,0,18,0,1,0,0,0,0,4,1,6,3,-1,-1,-1,-1,-1,-1,-1,-1
2017301701098,1,9,0,5,0,8,2,0,3,0,1,1,2,1,20,4,1560,2,8,2,1,2
2017301701098,2,9,0,18,0,1,1,0,1,9,1,1,2,2,37,7,1598,1,9,9,1,9
2017301701099,1,1,0,18,0,0,0,0,1,0,0,1,6,1,57,9,-1,-1,-1,6,3,6
2017301701100,1,9,0,9,0,8,0,0,0,0,3,1,6,3,-1,-1,-1,-1,-1,-1,-1,-1
2017301701100,2,9,0,9,0,8,0,0,0,0,3,1,6,1,44,7,1120,2,3,9,1,9
2017301701101,1,9,0,9,0,8,0,0,0,0,1,1,3,1,28,6,1598,2,2,5,1,5
2017301701101,2,1,0,18,0,1,0,0,0,0,1,1,6,1,-1,-1,-1,-1,-1,4,1,4
2017301701102,1,19,0,4,0,1,0,0,0,0,0,1,6,3,-1,-1,-1,-1,-1,-1,-1,-1
2017301701102,2,11,0,4,0,1,0,0,0,0,0,1,6,1,33,6,7300,2,8,2,1,2
2017301701103,1,19,0,9,0,8,0,0,0,0,1,1,2,1,40,7,1248,2,10,8,1,8
2017301701103,2,4,0,17,0,1,1,0,0,0,1,1,2,1,23,5,125,1,3,5,1,5
2017301701104,1,9,0,18,0,0,0,0,0,0,0,1,6,3,-1,-1,-1,-1,-1,-1,-1,-1
2017301701104,2,9,0,18,0,0,2,0,0,0,0,1,6,1,18,4,1086,1,11,4,1,4
2017301701105,1,19,0,9,0,8,0,0,0,0,4,1,6,3,-1,-1,-1,-1,-1,-1,-1,-1
2017301701105,2,1,0,18,0,8,0,0,0,0,1,1,6,1,46,8,-1,-1,-1,10,1,10
2017301701106,1,9,0,18,0,0,0,0,0,0,1,1,6,2,59,9,1896,2,8,5,1,5
2017301701106,2,19,0,18,0,0,0,0,0,0,1,1,2,1,58,9,2151,2,15,7,3,7
2017301701107,1,19,0,18,0,0,0,0,0,0,1,1,1,1,-1,-1,1995,2,1,4,1,4
2017301701107,2,9,0,18,0,0,0,0,0,0,2,1,6,1,31,6,1560,2,8,4,1,4
2017301701107,3,9,0,18,0,0,0,0,0,0,2,1,6,1,25,5,1753,2,7,1,1,1
2017301701108,1,11,0,4,0,0,0,0,0,0,0,1,1,2,54,8,6700,2,4,9,1,9
2017301701109,1,9,0,11,0,8,0,0,0,0,4,1,6,3,-1,-1,-1,-1,-1,-1,-1,-1
2017301701109,2,3,0,18,0,4,0,0,0,0,1,1,2,1,34,6,124,1,9,8,1,8
2017301701110,1,9,0,18,0,0,1,0,0,0,2,1,6,1,23,5,1560,2,7,3,1,3
2017301701110,2,9,0,18,0,0,0,0,0,0,1,1,2,2,23,5,1149,1,12,7,3,7
2017301701111,1,8,0,1,0,0,0,0,0,0,2,1,6,3,-1,-1,-1,-1,-1,-1,-1,-1
2017301701111,2,11,0,18,0,0,0,0,0,0,1,1,6,3,-1,-1,-1,-1,-1,-1,-1,-1
2017301701112,1,1,0,16,0,1,0,0,0,0,1,1,6,1,60,9,-1,-1,-1,1,1,1
2017301701112,2,9,0,16,0,1,0,0,0,0,2,1,6,3,-1,-1,-1,-1,-1,-1,-1,-1
2017301701113,1,9,0,18,0,1,0,0,0,0,1,1,2,1,21,5,1995,2,9,2,1,2
2017301701113,2,9,0,18,0,1,0,0,0,0,3,1,2,1,62,9,1242,1,7,1,1,1
2017301701113,3,9,0,9,0,1,0,0,0,0,4,1,3,2,60,9,1398,1,6,3,1,3
2017301701114,1,9,0,9,0,6,0,0,0,0,1,2,3,2,46,8,1598,2,1,10,1,10
2017301701114,2,2,0,13,0,8,0,0,0,0,4,1,2,1,17,4,-1,-1,-1,7,2,7
2017301701115,1,9,0,3,0,0,0,0,0,0,2,1,6,1,22,5,1798,1,5,7,1,7
2017301701115,2,1,0,4,0,0,0,0,0,0,1,1,6,1,14,3,-1,-1,-1,6,1,6
2017301701116,1,9,0,18,0,0,0,0,0,0,4,1,6,2,83,11,1198,1,10,6,1,6
2017301701117,1,9,0,4,0,8,0,0,0,0,2,1,1,1,46,8,-1,-1,-1,9,1,9
2017301701117,2,1,0,18,0,1,0,0,0,0,1,1,6,1,38,7,-1,-1,-1,6,1,6
2017301701118,1,9,0,18,0,8,0,0,0,0,1,1,2,2,43,7,1339,1,12,1,1,1
2017301701118,2,9,0,9,0,1,0,0,0,0,1,1,2,1,51,8,2179,2,9,7,3,7
2017301701119,1,9,0,16,0,0,0,0,0,0,1,1,6,1,68,10,1560,2,5,5,1,5
2017301701119,2,5,0,13,0,0,0,0,1,0,1,1,6,1,-1,-1,1170,1,3,5,2,5
2017301701120,1,19,0,18,0,0,0,0,0,0,1,1,2,1,27,6,2143,2,2,4,2,4
2017301701120,2,1,0,18,0,0,0,0,1,9,2,1,6,1,72,10,-1,-1,-1,8,2,8
2017301701123,1,1,0,18,9,8,0,0,0,0,1,1,6,1,-1,-1,-1,-1,-1,-1,-1,-1
2017301701123,2,9,0,1,0,8,0,0,0,0,2,1,6,1,50,8,1248,1,5,5,1,5
2017301701124,1,9,0,18,0,1,0,0,0,0,1,1,6,1,56,9,2982,2,2,9,1,9
2017301701124,2,1,0,10,0,8,0,0,3,0,2,1,6,1,17,4,-1,-1,-1,8,2,8
2017301701125,1,9,0,4,0,2,0,0,0,0,1,1,2,1,40,7,2993,2,7,9,1,9
2017301701127,1,11,0,18,0,0,0,0,0,0,4,1,1,1,65,9,-1,2,20,8,1,8
2017301701128,1,9,0,18,0,0,0,0,5,6,1,1,6,2,23,5,998,1,5,-1,2,-1
2017301701129,1,9,0,18,0,0,0,0,0,0,1,1,2,2,38,7,2967,2,3,7,1,7
2017301701130,1,9,0,4,0,0,0,0,0,0,2,1,6,2,19,4,1198,1,8,4,1,4
2017301701130,2,3,0,4,0,0,0,0,0,0,1,1,6,1,18,4,125,1,14,3,1,3
2017301701131,1,9,0,7,0,1,0,0,0,0,4,1,1,1,19,4,1242,1,10,2,1,2
2017301701131,2,1,0,15,0,1,0,0,0,0,3,1,6,1,18,4,-1,-1,-1,3,1,3
2017301701132,1,9,0,2,0,0,0,0,0,0,0,1,2,1,56,9,1598,1,13,3,1,3
2017301701132,2,9,0,14,0,0,0,0,0,0,4,1,6,2,60,9,1582,2,1,3,1,3
2017301701133,1,9,0,18,0,1,0,0,0,0,3,1,2,1,23,5,1364,1,10,8,1,8
2017301701134,1,9,0,9,0,5,0,0,0,0,1,1,6,1,20,4,1229,1,5,4,1,4
2017301701135,1,8,0,18,0,8,0,0,0,0,3,1,6,1,49,8,1896,2,13,1,1,1
2017301701135,2,9,0,9,0,1,1,0,1,0,1,1,6,1,33,6,1968,2,9,1,1,1
2017301701137,1,9,0,5,0,8,0,0,0,0,3,1,6,1,49,8,1762,1,17,3,1,3
2017301701137,2,1,0,18,0,1,0,0,0,0,1,1,6,1,72,10,-1,-1,-1,9,3,9
2017301701138,1,8,0,9,0,2,0,0,0,0,1,1,1,1,32,6,1896,2,13,1,1,1
2017301701138,2,2,0,18,0,8,0,0,0,0,1,1,2,1,31,6,-1,-1,-1,2,1,2
2017301701139,1,1,0,18,0,1,0,4,1,0,2,1,6,1,46,8,-1,-1,-1,10,1,10
2017301701139,2,9,0,18,0,1,0,0,0,0,1,1,6,3,-1,-1,-1,-1,-1,-1,-1,-1
2017301701140,1,9,0,18,0,8,0,0,0,0,3,1,6,2,24,5,1896,2,9,6,1,6
2017301701140,2,9,0,9,0,1,0,0,0,0,1,1,6,1,43,7,1896,2,12,2,1,2
2017301701141,1,9,0,18,0,0,0,4,1,0,1,1,6,2,26,6,1248,2,3,7,1,7
2017301701141,2,9,0,2,0,0,0,0,0,0,2,1,6,1,63,9,1798,8,1,5,1,5
2017301701142,1,5,0,18,0,1,0,0,0,0,1,1,6,1,41,7,-1,-1,-1,2,3,2
2017301701142,2,9,0,9,0,8,0,0,0,0,1,1,6,1,-1,-1,998,1,6,5,2,5
2017301701143,1,9,0,9,0,8,0,0,0,0,3,1,6,3,-1,-1,-1,-1,-1,-1,-1,-1
2017301701145,1,9,0,7,0,6,0,0,0,0,1,1,6,1,42,7,1328,1,10,3,1,3
2017301701145,2,1,0,18,0,1,0,0,0,0,0,1,6,1,40,7,-1,-1,-1,7,1,7
2017301701147,1,9,0,16,0,0,0,4,0,0,1,1,6,1,66,10,1149,1,7,3,1,3
2017301701147,2,9,0,2,0,0,0,0,0,0,3,1,6,3,-1,-1,1968,2,10,-1,-1,-1
2017301701147,3,9,0,2,0,0,0,0,0,0,3,1,6,3,-1,-1,1242,1,11,-1,-1,-1
2017301701148,1,9,0,18,0,3,0,0,0,0,1,1,6,2,38,7,1395,1,3,7,1,7
2017301701148,2,1,0,18,0,4,0,0,0,0,2,1,6,2,25,5,-1,-1,-1,-1,-1,-1
2017301701149,1,9,0,9,0,8,0,0,0,0,3,1,6,1,46,8,2231,2,9,7,3,7
2017301701149,2,1,0,18,0,8,0,0,0,0,0,1,6,1,45,7,-1,-1,-1,7,1,7
2017301701150,1,9,0,18,0,0,0,0,0,0,3,1,6,1,31,6,1590,1,14,3,1,3
2017301701150,2,9,0,18,0,0,0,0,0,0,2,1,6,1,31,6,1956,2,7,2,1,2
2017301701152,1,9,0,7,0,6,0,0,0,0,1,1,6,1,29,6,1796,1,15,4,1,4
2017301701153,1,8,0,1,0,0,0,0,0,0,2,1,3,3,-1,-1,1995,2,14,-1,-1,-1
2017301701154,1,9,0,18,0,0,0,0,0,0,1,1,6,1,68,10,1995,2,5,9,3,9
2017301701154,2,9,0,18,0,0,0,0,0,0,1,1,1,1,50,8,1598,2,1,4,2,4
2017301701156,1,9,0,13,0,0,0,0,0,0,4,1,2,1,38,7,1598,1,12,1,1,1
2017301701156,2,3,0,18,0,0,0,0,0,0,4,1,2,1,34,6,125,1,1,3,1,3
2017301701157,1,9,0,17,0,0,2,0,1,9,1,1,1,1,19,4,1328,1,11,7,3,7
2017301701157,2,98,0,16,0,0,0,0,0,0,0,1,6,3,-1,-1,-1,-1,-1,-1,-1,-1
2017301701158,1,3,0,18,0,1,0,0,0,0,1,1,2,1,19,4,124,1,7,9,1,9
2017301701158,2,9,0,5,0,6,0,0,0,0,3,1,2,1,43,7,1598,1,12,7,1,7
2017301701159,1,19,0,18,0,1,0,0,1,0,1,1,1,2,23,5,-1,-1,-1,7,1,7
2017301701159,2,21,0,5,0,6,0,0,0,0,1,1,1,1,48,8,12777,2,7,5,1,5
2017301701160,1,9,0,18,0,1,0,0,0,0,1,1,2,2,19,4,-1,-1,-1,5,1,5
2017301701160,2,19,0,10,0,1,0,0,0,0,2,1,6,1,63,9,2400,2,15,1,1,1
2017301701161,1,9,0,18,0,0,0,0,0,0,1,1,1,2,44,7,1149,1,15,2,1,2
2017301701161,2,20,0,2,0,0,0,0,0,0,0,1,6,3,-1,-1,2800,2,19,-1,-1,-1
2017301701162,1,9,0,18,0,1,0,0,0,0,1,1,6,3,-1,-1,1598,1,8,-1,-1,-1
2017301701162,2,20,0,4,0,1,0,0,0,0,2,1,6,1,36,7,2143,2,3,2,1,2
2017301701164,1,9,0,16,0,0,0,0,0,0,1,1,6,1,41,7,998,1,1,10,1,10
2017301701164,2,9,0,17,0,0,1,0,0,0,1,1,6,2,18,4,1598,1,14,5,1,5
2017301701165,1,9,0,5,0,8,1,0,1,0,1,1,6,1,77,11,1364,1,10,1,1,1
2017301701165,2,9,0,9,0,8,1,0,0,0,4,1,6,2,31,6,1198,1,13,1,1,1
2017301701166,1,9,0,18,0,1,0,4,0,0,1,1,6,1,63,9,1461,2,1,7,1,7
2017301701166,2,21,0,2,0,8,0,0,0,0,1,1,6,1,39,7,5880,2,18,2,1,2
2017301701168,1,9,0,18,0,4,0,0,0,0,3,1,6,1,78,11,999,1,-1,2,1,2
2017301701168,2,5,0,18,0,8,1,0,0,0,4,1,6,1,51,8,998,1,11,9,1,9
2017301701169,1,9,0,17,0,0,1,0,0,0,1,1,6,1,32,6,1781,1,17,3,2,3
2017301701169,2,9,0,3,0,0,0,0,0,0,3,1,6,2,71,10,2143,2,6,5,3,5
2017301701169,3,9,0,3,0,0,0,0,0,0,3,1,6,2,47,8,1560,2,-1,8,1,8
2017301701169,4,9,0,18,0,0,0,0,0,0,1,1,6,1,56,9,1598,2,1,8,2,8
2017301701170,1,9,0,10,0,1,0,0,0,0,2,1,6,1,67,10,2179,2,8,3,2,3
2017301701170,2,9,0,18,0,1,0,0,0,0,1,1,6,1,41,7,1360,1,14,7,2,7
2017301701171,1,9,0,16,0,2,0,0,0,0,1,1,6,1,29,6,1968,2,14,1,1,1
2017301701173,1,9,0,9,0,6,0,0,0,0,1,1,6,2,62,9,1349,1,15,9,1,9
2017301701173,2,9,0,18,0,8,0,0,0,0,1,1,6,2,28,6,1598,1,11,1,1,1
2017301701173,3,9,0,3,0,1,0,0,0,0,2,1,6,1,29,6,1149,1,12,4,1,4
2017301701174,1,9,0,18,0,2,1,0,0,0,3,1,6,1,64,9,1798,1,-1,2,1,2
2017301701174,2,9,0,18,0,1,0,0,0,0,1,1,6,2,20,4,1242,1,4,7,2,7
2017301701175,1,19,0,18,0,0,0,0,0,0,1,1,6,1,47,8,2494,2,11,6,3,6
2017301701178,1,9,0,18,0,1,0,0,0,0,1,1,6,1,24,5,1199,1,14,2,1,2
2017301701178,2,8,0,3,0,1,0,0,0,0,2,1,6,1,49,8,1896,2,14,1,1,1
2017301701179,1,1,0,5,0,1,0,0,0,0,1,1,1,1,54,8,-1,-1,-1,5,1,5
2017301701179,2,9,0,5,0,1,0,0,0,0,1,1,6,1,57,9,999,1,9,5,1,5
2017301701181,1,9,0,5,0,2,0,0,1,0,3,1,6,2,24,5,998,1,2,7,1,7
2017301701181,2,9,0,18,0,1,0,0,0,0,1,1,6,2,19,4,1395,1,1,8,1,8
2017301701183,1,9,0,18,0,1,0,0,0,0,1,1,6,3,-1,-1,-1,-1,-1,-1,-1,-1
2017301701183,2,9,0,3,0,1,0,0,0,0,2,1,6,2,49,8,1598,1,13,10,2,10
2017301701184,1,9,0,16,0,0,1,0,0,0,1,1,6,1,19,4,998,1,2,8,1,8
2017301701184,2,9,0,17,0,0,0,0,1,9,1,1,6,2,32,6,1124,1,17,3,1,3
2017301701185,1,9,0,18,0,1,1,0,0,0,1,1,6,1,22,5,1390,1,13,8,1,8
2017301701185,2,9,0,5,0,6,0,0,0,0,3,1,2,1,23,5,2143,2,5,8,2,8
2017301701186,1,9,0,16,0,1,1,0,5,6,1,1,2,2,59,9,1242,1,6,4,1,4
2017301701187,1,9,0,12,0,0,0,0,0,0,1,1,6,1,38,7,1968,2,6,4,1,4
2017301701187,2,9,0,4,0,0,0,0,0,0,2,1,6,1,27,6,1248,2,12,1,1,1
2017301701188,1,9,0,18,0,1,0,0,0,0,1,1,6,2,40,7,1124,1,14,7,1,7
2017301701188,2,9,0,18,0,1,0,0,0,0,2,1,6,1,18,4,1390,1,6,7,1,7
2017301701192,1,9,0,18,0,1,0,0,0,0,1,2,6,1,56,9,2982,2,2,9,1,9
2017301701192,2,1,0,4,0,1,0,0,0,0,2,1,6,1,17,4,-1,-1,-1,8,2,8
2017301701193,1,9,0,1,0,1,0,0,0,0,2,1,6,3,-1,-1,2231,2,9,-1,-1,-1
2017301701194,1,9,0,7,0,5,0,0,0,0,2,1,6,2,-1,-1,993,1,16,5,1,5
2017301701194,2,5,0,13,0,1,1,0,0,0,1,1,6,1,49,8,998,1,10,3,1,3
2017301701196,1,9,0,4,0,0,0,0,0,0,1,1,6,1,46,8,1798,1,1,7,1,7
2017301701197,1,9,0,16,0,0,2,0,0,0,1,1,6,2,20,4,1199,1,13,5,3,5
2017301701197,2,9,0,17,0,0,1,0,1,11,1,1,6,1,64,9,1598,1,14,5,3,5
2017301701198,1,9,0,18,0,0,0,0,0,0,4,1,6,1,91,11,1364,2,10,9,1,9
2017301701200,1,5,0,14,0,0,0,0,0,0,3,1,6,1,62,9,883,1,4,7,1,7
2017301701200,2,5,0,14,0,0,0,0,0,0,4,1,6,1,52,8,1500,1,19,5,1,5
2017301701200,3,9,0,2,0,0,0,0,0,0,0,1,6,3,-1,-1,-1,-1,-1,-1,-1,-1
2017301701201,1,9,0,4,0,1,0,0,0,0,1,1,6,1,38,7,1461,2,13,1,1,1
2017301701201,2,9,0,4,0,1,0,0,1,9,2,1,6,2,20,4,1299,1,16,3,1,3
2017301701201,3,9,0,10,0,8,0,0,0,0,0,1,6,3,-1,-1,-1,-1,-1,-1,-1,-1
2017301701202,1,9,0,18,0,1,0,0,0,0,1,1,6,1,42,7,1796,1,10,2,1,2
2017301701202,2,9,0,3,0,1,0,0,0,0,2,1,6,1,31,6,2521,1,8,6,1,6
2017301701203,1,9,0,18,0,8,0,0,0,0,1,1,6,1,73,10,1242,1,15,4,2,4
2017301701203,2,9,0,10,0,8,0,0,0,0,2,1,6,1,20,4,1229,1,7,9,1,9
2017301701204,1,9,0,18,9,0,0,10,1,9,4,1,1,2,31,6,-1,-1,-1,9,2,9
2017301701204,2,9,0,18,0,0,0,0,0,0,1,1,2,1,40,7,1798,8,-1,10,1,10
2017301701204,3,9,0,18,0,0,0,0,0,0,1,1,6,1,27,6,1598,2,5,-1,-1,-1
2017301701205,1,9,0,11,0,0,0,0,0,0,1,1,6,1,31,6,2500,2,17,3,1,3
2017301701205,2,1,0,18,0,0,0,0,0,0,1,1,6,1,46,8,-1,-1,-1,9,1,9
2017301701209,1,21,1,12,0,8,0,0,0,0,0,1,1,1,31,6,6700,2,1,4,1,4
2017301701209,2,9,0,18,0,8,1,0,5,6,3,1,2,2,22,5,1149,1,13,2,1,2
2017301701210,1,9,0,18,0,0,0,0,0,0,3,1,6,1,25,5,1229,1,3,9,2,9
2017301701210,2,9,0,18,0,0,0,0,1,11,3,1,6,1,55,8,1248,2,7,4,2,4
2017301701211,1,9,0,4,0,0,0,0,0,0,2,1,6,1,38,7,999,1,-1,6,1,6
2017301701211,2,19,0,18,0,0,0,0,0,0,1,1,6,3,-1,-1,2198,2,6,-1,-1,-1
2017301701212,1,9,0,2,0,0,0,0,0,0,2,1,6,3,-1,-1,1598,1,15,-1,-1,-1
2017301701212,2,9,0,16,0,0,1,4,0,0,1,1,2,1,28,6,1149,1,8,3,1,3
2017301701212,3,9,0,16,0,0,1,4,0,0,1,1,6,1,34,6,1396,1,14,1,1,1
2017301701213,1,9,0,7,0,2,0,0,0,0,1,1,6,2,91,11,1149,1,7,5,1,5
2017301701213,2,19,0,16,0,1,0,0,0,0,1,1,6,1,26,6,2148,2,11,1,1,1
2017301701214,1,19,0,9,0,6,0,0,0,0,3,1,1,1,30,6,1560,2,2,4,1,4
2017301701214,2,5,0,18,0,8,1,0,0,0,1,1,2,1,30,6,750,1,16,2,1,2
2017301701215,1,5,0,4,0,0,1,0,1,9,0,1,2,1,59,9,647,1,17,5,1,5
2017301701215,2,9,0,18,0,0,0,0,0,0,0,1,6,3,-1,-1,-1,-1,-1,-1,-1,-1
2017301701216,1,19,0,18,0,0,0,0,0,0,1,1,1,1,51,8,1598,2,-1,7,1,7
2017301701216,2,19,0,4,0,0,0,0,0,0,2,1,1,1,45,7,2198,2,1,7,1,7
2017301701217,1,9,0,14,0,0,0,0,0,0,1,1,6,2,43,7,1200,1,15,4,1,4
2017301701217,2,1,0,11,0,0,0,0,0,0,1,1,6,1,13,3,-1,-1,-1,9,3,9
2017301701217,3,9,0,2,0,0,0,0,0,0,0,1,6,3,-1,-1,-1,-1,-1,-1,-1,-1
2017301701218,1,9,0,5,0,0,0,0,0,0,1,1,3,2,29,6,1388,1,8,2,1,2
2017301701219,1,9,0,18,0,6,0,0,0,0,4,1,6,2,31,6,-1,3,5,4,1,4
2017301701219,2,1,0,18,0,8,0,0,0,0,1,1,6,1,43,7,-1,-1,-1,5,1,5
2017301701220,1,9,0,18,0,0,0,0,0,0,4,1,6,1,74,10,1796,1,10,9,1,9
2017301701221,1,9,0,18,0,1,0,0,0,0,3,1,6,2,28,6,1995,2,6,5,1,5
2017301701221,2,11,0,9,0,8,0,0,0,0,3,1,1,2,56,9,5900,2,15,9,1,9
2017301701222,1,9,0,4,0,0,0,0,0,0,1,1,6,1,73,10,1598,2,2,9,1,9
2017301701222,2,9,0,4,0,0,0,0,0,0,2,1,6,2,50,8,1595,1,13,8,2,8
2017301701223,1,9,0,9,0,6,0,0,0,0,1,1,6,3,-1,-1,-1,-1,-1,-1,-1,-1
2017301701223,2,1,0,18,0,8,0,0,0,0,2,1,6,1,18,4,-1,-1,-1,5,1,5
2017301701224,1,9,0,9,0,5,0,0,0,0,3,1,6,1,-1,-1,-1,-1,-1,5,3,5
2017301701224,2,5,0,8,0,1,0,0,0,0,3,1,6,1,67,10,773,1,4,10,1,10
2017301701225,1,9,0,18,0,0,0,0,0,0,1,1,6,2,34,6,1598,1,10,1,1,1
2017301701225,2,1,0,18,0,0,0,0,0,0,1,1,6,2,10,2,-1,-1,-1,1,1,1
2017301701225,3,19,0,2,0,0,0,0,0,0,0,1,6,3,-1,-1,-1,-1,-1,-1,-1,-1
2017301701226,1,9,0,18,0,3,1,0,6,0,4,1,6,1,46,8,2143,2,3,5,1,5
2017301701226,2,9,0,12,0,3,0,0,0,0,3,1,2,1,34,6,1396,1,13,2,1,2
2017301701227,1,9,0,9,0,8,0,0,0,0,0,1,6,1,19,4,1995,2,12,4,2,4
2017301701227,2,5,0,16,0,1,1,0,0,0,0,1,6,1,65,9,953,1,13,6,1,6
2017301701228,1,9,0,16,0,0,1,10,7,2,4,1,6,1,20,4,1999,1,10,4,1,4
2017301701229,1,9,0,18,0,8,0,0,0,0,3,1,1,1,43,7,1995,2,14,1,1,1
2017301701229,2,9,0,9,0,6,0,0,0,0,1,1,6,2,29,6,1685,2,4,1,1,1
2017301701230,1,9,0,18,0,8,0,0,0,0,1,1,6,1,34,6,799,2,7,7,1,7
2017301701230,2,9,0,7,0,4,0,0,0,0,1,1,6,1,76,11,1598,1,4,7,3,7
2017301701232,1,9,0,7,0,1,0,0,0,0,1,1,6,3,-1,-1,1388,1,14,-1,-1,-1