Accident_Index,Vehicle_Reference,Vehicle_Type,Towing_and_Articulation,Vehicle_Manoeuvre,Vehicle_Location-Restricted_Lane,Junction_Location,Skidding_and_Overturning,Hit_Object_in_Carriageway,Vehicle_Leaving_Carriageway,Hit_Object_off_Carriageway,1st_Point_of_Impact,Was_Vehicle_Left_Hand_Drive?,Journey_Purpose_of_Driver,Sex_of_Driver,Age_of_Driver,Age_Band_of_Driver,Engine_Capacity_(CC),Propulsion_Code,Age_of_Vehicle,Driver_IMD_Decile,Driver_Home_Area_Type,Vehicle_IMD_Decile
2017301701232,2,9,0,8,0,1,0,0,0,0,2,1,6,1,37,7,1598,2,5,1,1,1
2017301701234,1,9,0,18,0,6,0,0,0,0,3,2,2,2,24,5,1242,1,8,3,1,3
2017301701234,2,19,0,18,0,8,0,0,1,0,1,1,1,1,52,8,1996,2,3,1,1,1
2017301701234,3,9,0,2,0,1,0,0,0,0,1,1,6,1,71,10,1896,2,14,1,1,1
2017301701235,1,9,0,9,0,6,0,0,0,0,3,1,6,1,18,4,1242,1,10,7,1,7
2017301701235,2,9,0,18,0,8,0,0,1,0,1,1,6,2,18,4,999,1,7,2,1,2
2017301701236,1,11,0,4,0,0,0,0,0,0,0,1,6,3,-1,-1,-1,-1,-1,-1,-1,-1
2017301701237,1,9,0,4,0,1,0,0,0,0,1,1,2,2,42,7,1591,1,9,8,3,8
2017301701238,1,19,0,18,0,8,0,0,0,0,1,1,6,3,-1,-1,1968,2,2,-1,-1,-1
2017301701238,2,9,0,10,0,8,0,0,0,0,2,1,1,2,32,6,1560,2,5,2,1,2
2017301701240,1,9,0,18,0,0,0,0,0,0,4,1,6,3,-1,-1,1992,2,10,-1,-1,-1
2017301701241,1,9,0,18,0,8,0,0,0,0,4,1,6,1,60,9,1582,2,2,6,3,6
2017301701241,2,1,0,9,0,6,0,0,0,0,1,1,6,1,47,8,-1,-1,-1,8,2,8
2017301701242,1,9,0,18,0,0,0,0,0,0,1,1,6,1,22,5,998,1,2,8,2,8
2017301701242,2,9,0,4,0,0,0,0,4,6,2,1,6,1,29,6,999,1,1,7,1,7
2017301701242,3,9,0,4,0,0,0,0,0,0,2,1,6,1,24,5,1956,2,2,-1,1,-1
2017301701244,1,9,0,9,0,5,0,0,0,0,1,1,6,2,61,9,1995,2,3,9,1,9
2017301701244,2,9,0,17,0,8,0,0,0,0,1,1,2,1,18,4,1299,1,9,6,2,6
2017301701245,1,90,0,15,0,8,2,0,1,4,1,1,6,1,56,9,722,1,-1,6,1,6
2017301701245,2,9,0,10,0,8,0,0,0,0,2,1,6,2,49,8,1395,1,1,8,1,8
2017301701246,1,9,0,3,0,0,0,0,0,0,2,1,6,1,25,5,1910,2,12,3,1,3
2017301701246,2,9,0,3,0,0,0,0,0,0,2,1,6,1,32,6,2498,1,18,8,1,8
2017301701246,3,9,0,18,0,0,0,0,0,0,1,1,6,2,64,9,1398,1,5,7,1,7
2017301701246,4,21,1,18,0,0,1,0,1,11,4,1,1,1,60,9,12777,2,7,9,1,9
2017301701247,1,9,0,9,0,6,0,0,0,0,3,1,6,1,52,8,2685,2,14,7,1,7
2017301701247,2,9,0,18,0,8,0,0,0,0,1,1,6,2,37,7,1364,1,8,9,1,9
2017301701248,1,9,0,16,0,0,2,0,8,3,1,1,6,1,41,7,1781,1,12,1,1,1
2017301701249,1,9,0,18,0,0,2,4,0,0,1,1,6,1,29,6,-1,-1,-1,9,3,9
2017301701249,2,9,0,2,0,0,0,0,0,0,3,1,6,3,-1,-1,1328,1,16,-1,-1,-1
2017301701249,3,9,0,2,0,0,0,0,0,0,3,1,6,3,-1,-1,1796,1,14,-1,-1,-1
2017301701250,1,9,0,18,0,0,0,0,0,0,1,1,6,1,28,6,1199,1,13,2,1,2
2017301701250,2,1,0,12,0,0,0,0,0,0,1,1,6,1,44,7,-1,-1,-1,2,1,2
2017301701253,1,9,0,16,0,0,1,0,7,1,1,1,6,1,22,5,1149,1,11,4,1,4
2017301701254,1,8,0,1,0,0,0,0,0,0,4,1,1,1,66,10,1896,2,10,1,1,1
2017301701256,1,21,1,11,0,0,0,0,0,0,4,1,1,3,-1,-1,12777,2,4,-1,-1,-1
2017301701256,2,9,0,18,0,0,2,0,1,2,3,1,6,2,27,6,998,1,2,2,1,2
2017301701258,1,3,0,7,0,4,0,0,0,0,1,1,6,2,51,8,124,1,17,3,1,3
2017301701258,2,9,0,18,0,8,0,0,0,0,4,1,6,1,51,8,-1,-1,-1,1,1,1
2017301701259,1,9,0,2,0,0,0,0,0,0,1,1,6,3,-1,-1,1248,1,6,-1,-1,-1
2017301701259,2,3,0,18,0,0,0,4,0,0,1,1,6,1,26,6,125,1,1,2,1,2
2017301701261,1,19,0,18,0,2,0,0,0,0,4,1,2,1,44,7,2299,2,-1,1,1,1
2017301701262,1,9,0,4,0,1,0,0,0,0,1,1,6,1,19,4,1199,1,15,9,1,9
2017301701262,2,9,0,3,0,1,0,0,0,0,2,1,6,2,47,8,1199,1,15,4,1,4
2017301701265,1,9,0,18,0,0,0,4,1,0,1,1,6,2,53,8,1560,2,5,5,1,5
2017301701265,2,9,0,2,0,0,0,0,0,0,1,1,6,3,-1,-1,1364,2,13,-1,-1,-1
2017301701265,3,9,0,2,0,0,0,0,0,0,2,1,6,3,-1,-1,1086,1,9,-1,-1,-1
2017301701266,1,19,0,18,0,0,0,0,0,0,4,1,1,1,60,9,2198,2,1,-1,-1,-1
2017301701267,1,9,0,11,0,0,0,0,0,0,1,1,6,2,38,7,1590,1,9,6,3,6
2017301701267,2,9,0,3,0,0,0,0,0,0,2,1,6,2,32,6,2199,2,5,5,1,5
2017301701267,3,9,0,3,0,0,0,0,0,0,2,1,6,1,71,10,2198,2,11,7,3,7
2017301701267,4,9,0,3,0,0,0,0,0,0,2,1,6,1,59,9,1560,2,11,9,1,9
2017301701268,1,11,0,2,2,0,0,0,0,0,0,1,1,1,48,8,4250,2,9,7,1,7
2017301701269,1,5,0,7,0,3,0,0,0,0,1,1,6,1,48,8,1170,1,1,4,1,4
2017301701269,2,9,0,18,0,8,0,0,0,0,3,1,6,1,62,9,1998,1,13,4,3,4
2017301701270,1,9,0,14,0,0,0,0,0,0,4,1,6,2,-1,-1,1798,1,10,9,3,9
2017301701270,2,9,0,2,0,0,0,0,0,0,4,1,6,2,45,7,998,1,7,7,2,7
2017301701271,1,9,0,16,0,0,1,4,1,2,1,1,6,2,20,4,1598,1,9,1,1,1
2017301701271,2,9,0,2,0,0,0,0,0,0,2,1,6,3,-1,-1,1461,2,7,-1,-1,-1
2017301701273,1,11,0,4,0,0,0,0,0,0,0,1,6,1,36,7,4500,2,6,2,1,2
2017301701274,1,9,0,18,0,0,2,0,5,6,3,1,6,1,38,7,1598,1,17,3,1,3
2017301701275,1,9,0,10,0,8,0,0,0,0,2,1,6,1,56,9,2993,2,7,8,1,8
2017301701275,2,3,0,18,0,8,1,0,1,9,1,1,6,1,23,5,124,1,3,8,3,8
2017301701276,1,9,0,16,0,0,0,0,0,0,1,1,6,1,61,9,1242,1,10,3,3,3
2017301701276,2,9,0,17,0,0,1,0,0,0,1,1,6,1,38,7,1248,2,12,5,1,5
2017301701277,1,9,0,17,0,0,5,0,7,0,1,1,1,2,23,5,1328,1,10,2,1,2
2017301701277,2,9,0,18,0,0,0,0,0,0,1,1,1,2,20,4,1229,1,1,6,2,6
2017301701278,1,3,0,18,0,3,1,0,0,0,2,1,2,1,32,6,125,1,3,3,1,3
2017301701279,1,9,0,9,0,6,0,0,0,0,1,1,6,1,-1,-1,1975,1,8,5,1,5
2017301701279,2,1,0,18,0,8,0,0,0,0,1,1,6,1,37,7,-1,-1,-1,6,3,6
2017301701280,1,9,0,17,0,0,1,0,7,0,3,1,2,1,55,8,1998,1,15,3,1,3
2017301701280,2,9,0,18,0,0,0,0,1,0,1,1,6,2,27,6,1242,1,3,6,1,6
2017301701281,1,9,0,18,0,8,1,0,0,0,1,1,6,1,46,8,1560,2,3,-1,1,-1
2017301701281,2,9,0,18,0,8,0,0,0,0,1,1,6,1,30,6,1868,2,16,9,3,9
2017301701282,1,10,0,18,0,0,0,0,0,0,1,1,6,1,29,6,2402,2,7,8,1,8
2017301701282,2,9,0,18,0,0,0,0,0,0,2,1,6,1,22,5,1598,1,5,5,1,5
2017301701283,1,9,0,18,0,1,0,4,3,11,1,1,6,2,81,11,1560,2,3,6,2,6
2017301701283,2,9,0,2,0,8,0,0,1,11,3,1,6,3,-1,-1,1598,1,14,-1,-1,-1
2017301701284,1,3,0,17,0,8,0,0,0,0,1,1,2,1,24,5,125,1,-1,9,1,9
2017301701284,2,9,0,17,0,8,0,0,0,0,2,1,6,3,-1,-1,-1,-1,-1,-1,-1,-1
2017301701285,1,8,0,9,0,5,0,0,0,0,2,1,6,1,43,7,1600,1,17,-1,-1,-1
2017301701285,2,1,0,9,0,5,0,0,0,0,3,1,1,1,-1,-1,-1,-1,-1,1,1,1
2017301701286,1,5,0,17,0,0,1,12,1,0,3,1,6,1,43,7,1198,1,4,3,1,3
2017301701287,1,5,0,16,0,0,0,0,7,11,1,1,6,1,37,7,998,1,7,3,1,3
2017301701288,1,19,0,1,0,0,0,0,0,0,2,1,6,1,-1,-1,2143,2,5,1,1,1
2017301701288,2,4,0,3,0,0,0,0,0,0,1,1,6,2,54,8,124,1,7,3,2,3
2017301701289,1,5,0,16,0,0,1,0,0,0,0,1,6,1,58,9,599,1,15,4,3,4
2017301701290,1,9,0,7,0,2,0,0,0,0,1,1,6,1,42,7,2993,2,1,5,3,5
2017301701290,2,9,0,18,0,1,0,0,0,0,1,1,6,2,27,6,1329,1,1,9,1,9
2017301701291,1,9,0,18,0,8,0,0,0,0,1,1,6,3,-1,-1,1896,2,15,-1,-1,-1
2017301701291,2,9,0,9,0,6,0,0,0,0,3,1,6,2,75,10,996,1,1,9,3,9
2017301701292,1,9,0,16,0,0,0,0,0,0,1,1,6,2,34,6,1796,1,14,8,2,8
2017301701292,2,1,0,17,0,0,0,0,0,0,1,1,6,1,11,3,-1,-1,-1,8,2,8
2017301701293,1,5,0,18,0,8,0,0,0,0,1,1,6,1,54,8,1301,1,2,2,2,2
2017301701293,2,9,0,9,0,6,0,0,0,0,1,1,6,1,40,7,1995,2,3,4,1,4
2017301701294,1,5,0,17,0,8,0,0,0,0,4,1,6,1,61,9,865,1,11,6,1,6
2017301701294,2,9,0,18,0,4,0,0,0,0,1,1,6,1,38,7,1596,1,8,2,1,2
2017301701295,1,9,0,4,0,0,0,0,0,0,2,1,6,2,49,8,1198,1,1,10,1,10
2017301701295,2,19,0,18,0,0,0,0,0,0,1,1,6,3,-1,-1,2198,2,10,-1,-1,-1
2017301701296,1,9,0,16,0,0,1,0,0,0,2,1,6,2,18,4,1199,1,13,10,2,10
2017301701296,2,9,0,17,0,0,0,0,0,0,1,1,6,2,53,8,1299,1,14,9,1,9
2017301701297,1,8,0,1,0,2,0,0,0,0,2,1,1,1,41,7,1910,2,8,7,1,7
2017301701298,1,9,0,9,0,5,0,0,0,0,1,1,3,2,31,6,1781,1,17,4,1,4
2017301701298,2,4,0,18,0,8,0,0,0,0,1,1,6,1,20,4,125,1,1,-1,-1,-1
2017301701299,1,9,0,17,0,0,0,0,0,0,1,1,6,1,27,6,1596,1,10,6,1,6
2017301701299,2,1,0,18,0,0,0,0,0,0,3,1,6,1,16,4,-1,-1,-1,2,1,2
2017301701300,1,9,0,18,0,0,0,0,1,11,1,1,6,2,39,7,1422,2,8,4,1,4
2017301701301,1,9,0,16,0,0,0,0,1,4,1,1,6,1,25,5,1598,1,15,3,1,3
2017301701301,2,17,0,4,0,0,0,0,0,0,1,1,1,1,47,8,-1,2,3,4,2,4
2017301701302,1,9,0,4,0,1,0,0,0,0,1,1,6,1,54,8,2494,2,10,7,3,7
2017301701302,2,1,0,7,0,5,0,0,0,0,1,1,6,1,45,7,-1,-1,-1,7,1,7
2017301701303,1,9,0,9,0,6,0,0,0,0,0,1,6,3,-1,-1,-1,-1,-1,-1,-1,-1
2017301701303,2,9,0,18,0,2,0,10,0,0,3,1,1,1,26,6,1229,1,6,8,1,8
2017301701304,1,9,0,3,0,0,0,0,0,0,2,1,1,2,38,7,1364,1,9,1,1,1
2017301701304,2,9,0,18,0,0,1,0,0,0,1,1,1,1,25,5,1364,1,10,5,1,5
2017301701305,1,19,0,1,0,8,0,0,0,0,2,1,6,1,67,10,1753,2,12,-1,-1,-1
2017301701305,2,9,0,4,0,8,0,0,0,0,1,1,1,1,36,7,1248,2,3,8,1,8
2017301701305,3,9,0,18,0,3,0,0,0,0,2,1,6,1,61,9,1591,1,2,-1,-1,-1
2017301701305,4,9,0,18,0,3,0,0,0,0,2,1,6,1,37,7,2979,1,13,4,1,4
2017301701306,1,9,0,18,0,0,1,6,0,0,1,1,6,2,50,8,1398,1,11,8,1,8
2017301701306,2,9,0,3,0,0,0,0,0,0,1,1,6,1,60,9,2143,2,4,6,3,6
2017301701307,1,21,0,2,6,1,0,0,0,0,1,1,1,1,60,9,-1,-1,-1,9,1,9
2017301701307,2,9,0,17,0,2,0,0,0,0,1,1,1,1,49,8,2402,2,8,8,3,8
2017301701308,1,9,0,4,0,1,0,0,0,0,2,1,3,2,41,7,1896,2,12,1,1,1
2017301701308,2,9,0,18,0,1,0,0,0,0,1,1,2,1,48,8,2179,2,5,1,1,1
2017301701309,1,9,0,18,0,8,0,0,2,10,1,1,6,2,69,10,1339,1,3,9,1,9
2017301701309,2,9,0,18,0,8,0,0,0,0,1,1,6,1,38,7,1991,2,7,6,1,6
2017301701310,1,9,0,9,0,6,0,0,0,0,3,1,6,2,-1,-1,1364,1,1,1,1,1
2017301701310,2,1,0,17,0,8,0,0,0,0,1,1,6,1,61,9,-1,-1,-1,-1,-1,-1
2017301701311,1,9,0,9,0,5,0,0,0,0,0,1,6,3,-1,-1,-1,-1,-1,-1,-1,-1
2017301701311,2,11,0,18,0,1,0,0,0,0,0,1,1,1,54,8,4500,2,6,2,1,2
2017301701312,1,4,0,16,0,0,1,0,0,0,1,1,6,1,18,4,-1,-1,-1,2,1,2
2017301701312,2,9,0,17,0,0,0,0,0,0,1,1,6,2,74,10,1997,2,15,9,3,9
2017301701313,1,9,0,3,0,0,0,0,0,0,1,1,6,1,55,8,2231,2,8,7,3,7
2017301701313,2,2,0,16,0,0,0,0,0,0,1,1,6,1,17,4,124,1,-1,8,3,8
2017301701314,1,9,0,5,0,6,0,0,0,0,1,1,6,1,19,4,1248,1,2,1,1,1
2017301701314,2,11,0,18,0,8,0,0,0,0,4,1,6,2,-1,-1,4250,2,6,6,1,6
2017301701315,1,9,0,9,0,6,0,0,0,0,3,1,6,3,-1,-1,1560,2,6,-1,-1,-1
2017301701315,2,3,0,13,0,6,0,0,0,0,4,1,6,1,25,5,124,1,12,5,1,5
2017301701316,1,9,0,9,0,6,0,0,0,0,1,1,6,2,60,9,998,1,2,10,1,10
2017301701316,2,1,0,18,0,8,0,0,0,0,1,1,6,1,37,7,-1,-1,-1,2,1,2
2017301701317,1,9,0,16,0,8,0,0,0,0,1,1,6,1,75,10,1984,1,23,4,1,4
2017301701317,2,9,0,10,0,8,0,0,0,0,2,1,6,1,55,8,1781,1,32,10,1,10
2017301701318,1,9,0,7,0,3,0,0,0,0,4,1,6,3,-1,-1,1584,1,15,-1,-1,-1
2017301701318,2,1,0,18,0,8,0,0,0,0,1,1,6,1,50,8,-1,-1,-1,6,1,6
2017301701319,1,9,0,9,0,3,0,0,0,0,4,1,6,2,20,4,1198,1,4,10,2,10
2017301701319,2,9,0,18,0,4,0,0,0,0,1,1,6,1,81,11,1197,1,1,9,2,9
2017301701320,1,9,0,4,0,0,0,0,0,0,4,1,6,3,-1,-1,-1,-1,-1,-1,-1,-1
2017301701320,2,1,0,18,0,0,0,0,0,0,3,1,6,1,47,8,-1,-1,-1,2,1,2
2017301701321,1,9,0,9,0,5,0,0,0,0,1,1,6,2,19,4,1582,2,3,4,1,4
2017301701321,2,9,0,18,0,8,0,0,0,0,1,1,6,2,29,6,1598,2,4,9,2,9
2017301701321,3,9,0,18,0,1,0,0,0,0,1,1,6,2,20,4,1242,1,13,5,3,5
2017301701322,1,9,0,13,0,2,0,0,0,0,4,1,6,3,-1,-1,1598,1,4,-1,-1,-1
2017301701322,2,1,0,18,0,2,0,0,0,0,3,1,6,2,28,6,-1,-1,-1,2,1,2
2017301701323,1,9,0,9,0,5,0,0,0,0,4,1,6,1,39,7,2979,1,1,10,1,10
2017301701323,2,1,0,18,0,8,0,0,0,0,1,1,6,1,34,6,-1,-1,-1,8,1,8
2017301701324,1,19,0,17,0,0,0,0,0,0,1,1,6,1,28,6,2198,2,1,6,1,6
2017301701324,2,9,0,16,0,0,0,0,0,0,1,1,6,1,60,9,1686,2,8,9,1,9
2017301701325,1,9,0,4,0,1,0,0,0,0,2,1,6,2,63,9,1591,1,7,2,1,2
2017301701325,2,9,0,18,0,1,0,0,0,0,1,1,6,1,45,7,1796,1,12,1,1,1
2017301701325,3,9,0,3,0,1,0,0,0,0,1,1,6,3,20,4,1596,1,9,7,2,7
2017301701325,4,9,0,4,0,1,0,0,0,0,1,1,6,1,23,5,3498,1,12,2,1,2
2017301701326,1,9,0,9,0,0,0,0,0,0,2,1,2,1,26,6,1560,2,7,4,1,4
2017301701326,2,3,0,9,0,0,1,0,0,0,1,1,2,1,25,5,124,1,5,5,1,5
2017301701327,1,9,0,9,0,6,0,0,0,0,1,1,6,2,77,11,1398,2,3,5,1,5
2017301701327,2,1,0,18,0,8,0,0,0,0,1,1,6,1,52,8,-1,-1,-1,8,3,8
2017301701328,1,4,0,18,0,8,0,0,0,0,1,1,6,1,73,10,346,1,38,9,2,9
2017301701328,2,9,0,9,0,6,0,0,0,0,1,1,6,2,19,4,998,1,11,10,2,10
2017301701329,1,9,0,3,0,0,0,0,0,0,2,1,6,1,23,5,1968,1,11,6,1,6
2017301701329,2,9,0,3,0,0,0,0,0,0,2,1,6,1,18,4,1124,1,15,9,2,9
2017301701329,3,9,0,3,0,0,0,0,0,0,1,1,6,1,23,5,-1,-1,-1,9,1,9
2017301701330,1,3,0,17,0,0,1,0,1,11,1,1,2,1,26,6,125,1,1,4,2,4
2017301701331,1,9,0,18,0,2,0,0,0,0,1,1,6,1,30,6,1560,2,10,-1,-1,-1
2017301701331,2,1,0,18,0,2,0,0,0,0,3,1,6,1,32,6,-1,-1,-1,9,1,9
2017301701332,1,9,0,18,0,0,0,0,0,0,3,1,6,1,22,5,1968,2,6,1,1,1
2017301701332,2,8,0,18,0,0,0,0,0,0,3,1,1,2,60,9,1998,2,14,3,1,3
2017301701333,1,9,0,18,0,4,0,0,0,0,1,1,6,1,21,5,1900,2,11,4,1,4
2017301701333,2,9,0,18,0,8,0,7,0,10,4,1,6,1,70,10,1560,2,5,3,1,3
2017301701334,1,9,0,9,0,8,0,0,7,0,4,1,6,2,44,7,1242,1,3,6,1,6
2017301701334,2,5,0,13,0,1,0,0,0,0,1,1,6,1,30,6,988,1,15,2,1,2
2017301701334,3,90,0,18,0,1,0,0,0,0,0,1,6,3,-1,-1,-1,-1,-1,-1,-1,-1
2017301701335,1,21,0,7,0,2,0,0,0,0,1,1,1,1,50,8,9200,2,11,2,1,2
2017301701335,2,9,0,18,0,1,0,0,0,0,1,1,1,2,28,6,1598,1,6,4,1,4
2017301701337,1,21,1,18,0,0,0,0,0,0,1,1,6,3,-1,-1,-1,-1,-1,-1,-1,-1
2017301701337,2,9,0,18,0,0,0,0,0,0,2,1,6,2,36,7,1360,1,10,4,3,4
2017301701338,1,19,0,18,0,0,0,0,0,0,4,1,1,1,50,8,4500,2,1,7,1,7
2017301701338,2,1,0,18,0,0,0,0,1,9,2,1,6,1,46,8,-1,-1,-1,10,1,10
2017301701339,1,9,0,5,0,4,0,0,0,0,1,1,6,2,31,6,998,1,9,8,1,8
2017301701339,2,1,0,18,0,8,0,0,0,0,4,1,2,1,43,7,-1,-1,-1,7,1,7
2017301701340,1,9,0,18,0,2,1,0,3,11,1,1,6,1,48,8,-1,-1,-1,4,1,4
2017301701341,1,5,0,17,0,0,1,0,1,0,0,1,6,1,53,8,1157,1,21,10,2,10
2017301701342,1,3,0,18,0,0,0,0,0,0,1,1,6,1,55,8,107,1,2,6,1,6
2017301701342,2,1,0,6,0,0,0,0,0,0,2,1,6,2,23,5,-1,-1,-1,10,1,10
2017301701343,1,9,0,17,0,0,1,0,1,3,1,1,6,2,44,7,1998,1,14,7,1,7
2017301701344,1,3,0,13,0,0,0,0,0,0,1,1,6,1,20,4,-1,-1,-1,1,1,1
2017301701344,2,9,0,10,0,0,0,0,0,0,3,1,6,1,22,5,1598,1,11,2,1,2
2017301701345,1,9,0,3,0,4,0,0,0,0,2,1,6,2,73,10,1299,1,15,8,1,8
2017301701345,2,9,0,18,0,4,0,0,0,0,1,1,6,1,25,5,1896,2,9,10,2,10
2017301701346,1,9,0,9,0,8,0,0,0,0,1,1,6,3,-1,-1,1968,2,7,-1,-1,-1
2017301701346,2,9,0,18,0,1,0,0,0,0,1,1,6,1,34,6,1199,1,16,1,1,1
2017301701347,1,3,0,18,0,0,0,0,0,0,4,1,6,1,20,4,125,1,1,5,1,5
2017301701347,2,3,0,15,0,0,0,0,1,3,3,1,6,1,19,4,124,1,1,3,1,3
2017301701349,1,9,0,18,0,1,0,0,0,0,1,1,6,2,28,6,1498,1,4,10,2,10
2017301701349,2,9,0,3,0,1,0,0,0,0,2,1,6,2,67,10,1396,1,18,10,2,10
2017301701350,1,9,0,18,0,0,0,0,0,0,1,1,6,2,42,7,1582,2,3,9,1,9
2017301701350,2,9,0,3,0,0,0,0,0,0,2,1,6,1,51,8,1968,2,9,8,1,8
2017301701352,1,9,0,5,0,8,0,0,0,0,1,1,6,2,49,8,1248,2,5,6,1,6
2017301701352,2,1,0,18,0,1,0,0,0,0,4,1,6,1,21,5,-1,-1,-1,8,1,8
2017301701353,1,9,0,18,0,0,0,0,0,0,1,1,1,1,53,8,1242,1,5,5,2,5
2017301701354,1,9,0,18,0,1,0,0,0,0,1,1,6,2,29,6,1968,2,9,9,1,9
2017301701354,2,9,0,18,0,1,0,0,0,0,1,1,6,1,41,7,2993,2,7,3,1,3
2017301701355,1,5,0,18,0,0,0,0,0,0,4,1,6,1,49,8,660,1,12,1,1,1
2017301701355,2,5,0,18,0,0,0,0,0,0,3,1,6,2,32,6,638,1,12,1,1,1
2017301701356,1,9,0,9,0,1,0,0,0,0,4,1,6,2,25,5,998,1,1,2,1,2
2017301701356,2,1,0,4,0,8,0,0,0,0,3,1,6,1,53,8,-1,-1,-1,8,2,8
2017301701357,1,9,0,18,0,0,0,0,0,0,1,1,2,1,23,5,1199,1,16,-1,-1,-1
2017301701357,2,9,0,4,0,0,0,0,0,0,2,1,6,2,21,5,998,1,7,4,3,4
2017301701358,1,9,0,17,0,0,0,0,1,4,1,1,6,1,30,6,1598,1,15,2,1,2
2017301701359,1,9,0,4,0,0,0,0,0,0,2,1,6,1,20,4,1242,1,7,7,3,7
2017301701359,2,9,0,3,0,0,0,0,0,0,2,1,6,2,48,8,1298,1,17,4,3,4
2017301701359,3,9,0,18,0,0,0,0,0,0,1,1,6,1,23,5,1999,1,9,7,3,7
2017301701359,4,9,0,18,0,0,0,0,0,0,1,1,1,1,71,10,1753,2,8,8,1,8
2017301701360,1,9,0,18,0,0,0,0,0,0,1,1,2,1,40,7,1797,1,18,3,1,3
2017301701361,1,9,0,17,0,0,1,4,7,10,1,1,6,1,24,5,1798,1,-1,8,1,8
2017301701361,2,9,0,2,9,0,0,0,0,10,1,1,6,3,-1,-1,1461,2,7,-1,-1,-1
2017301701362,1,9,0,9,0,8,0,0,0,0,3,1,6,1,26,6,1598,2,3,8,1,8
2017301701362,2,9,0,18,0,8,0,0,0,0,1,1,6,2,47,8,1497,8,-1,7,1,7
2017301701363,1,9,0,5,0,4,0,0,0,0,1,1,6,1,59,9,2143,2,4,9,1,9
2017301701363,2,9,0,5,0,4,0,0,0,0,2,1,6,1,37,7,1242,1,4,-1,-1,-1
2017301701364,1,9,0,18,0,5,0,0,0,0,1,2,6,2,22,5,1198,1,3,10,2,10
2017301701364,2,9,0,3,0,5,0,0,0,1,2,1,2,2,36,7,1596,1,15,3,1,3
2017301701366,1,19,0,18,0,1,0,0,0,0,1,1,1,1,-1,-1,2800,2,15,5,1,5
2017301701366,2,9,0,7,0,1,0,0,0,0,3,1,6,1,19,4,1248,2,14,7,3,7
2017301701367,1,9,0,9,0,1,0,0,0,0,3,1,6,2,49,8,998,1,16,9,3,9
2017301701367,2,9,0,13,0,1,0,0,7,0,1,1,2,1,19,4,1248,1,5,8,3,8
2017301701368,1,9,0,16,0,0,0,0,7,0,1,1,1,1,24,5,1598,1,13,5,1,5
2017301701368,2,9,0,17,0,0,0,0,0,0,1,1,6,2,66,10,998,1,3,9,1,9
2017301701369,1,9,0,7,0,5,0,0,0,0,4,1,6,1,53,8,1461,2,7,4,1,4
2017301701369,2,1,0,18,9,1,0,0,0,0,3,1,6,1,29,6,-1,-1,-1,4,1,4
2017301701370,1,9,0,6,0,0,0,0,0,0,3,1,6,1,47,8,1560,2,9,1,1,1
2017301701370,2,9,0,18,0,0,0,0,0,0,1,1,6,1,26,6,1995,2,1,2,1,2
2017301701372,1,9,0,3,0,1,0,0,0,0,2,1,6,3,-1,-1,-1,-1,-1,-1,-1,-1
2017301701372,2,9,0,3,0,1,0,0,0,0,1,1,6,2,50,8,1896,2,12,8,1,8
2017301701373,1,11,0,18,0,2,0,0,0,0,1,1,1,1,43,7,-1,-1,-1,5,3,5
2017301701374,1,9,0,18,0,8,1,0,0,0,1,1,6,2,29,6,1598,2,4,4,1,4
2017301701374,2,9,0,5,0,1,0,0,0,0,1,1,6,1,51,8,1900,2,10,3,1,3
2017301701375,1,9,0,5,0,0,0,0,0,0,0,1,2,1,32,6,1686,2,15,6,2,6
2017301701376,1,9,0,9,0,6,0,0,0,0,3,1,6,2,30,6,1397,1,17,6,1,6
2017301701376,2,1,0,18,0,1,0,0,0,0,1,1,6,1,16,4,-1,-1,-1,1,1,1
2017301701377,1,1,0,18,0,0,0,0,0,0,3,1,6,1,13,3,-1,-1,-1,6,1,6
2017301701377,2,9,0,18,0,0,0,0,0,0,1,1,2,2,26,6,998,1,10,10,1,10
2017301701379,1,9,0,4,0,0,0,0,0,0,1,1,6,1,32,6,1950,2,1,1,1,1
2017301701379,2,9,0,3,0,0,0,0,0,0,2,1,6,2,30,6,1984,2,2,3,3,3
2017301701379,3,9,0,4,0,0,0,0,0,0,1,1,6,1,23,5,1242,1,9,9,1,9
2017301701379,4,9,0,4,0,0,0,0,0,0,1,1,6,1,35,6,1968,2,1,10,2,10
2017301701380,1,9,0,14,0,0,0,0,0,0,3,1,2,1,24,5,1364,1,8,4,1,4
2017301701381,1,9,0,3,0,2,0,0,0,0,2,1,6,1,57,9,-1,-1,-1,8,3,8
2017301701381,2,9,0,4,0,1,0,0,0,0,1,1,6,2,24,5,1896,2,15,8,3,8
2017301701381,3,9,0,4,0,2,0,0,0,0,1,1,6,2,48,8,1396,1,4,9,1,9
2017301701382,1,9,0,16,0,0,1,0,0,0,1,1,2,1,37,7,1399,2,13,4,1,4
2017301701382,2,21,0,17,0,0,0,0,0,0,3,1,2,1,28,6,3920,2,11,5,1,5
2017301701383,1,9,0,18,0,0,0,0,0,0,2,1,6,1,64,9,1968,2,7,8,3,8
2017301701383,2,1,0,18,0,0,1,0,0,0,1,1,6,1,54,8,-1,-1,-1,9,2,9
2017301701384,1,9,0,10,0,1,0,0,0,0,2,1,6,2,23,5,998,1,-1,2,1,2