Accident_Index,Vehicle_Reference,Vehicle_Type,Towing_and_Articulation,Vehicle_Manoeuvre,Vehicle_Location-Restricted_Lane,Junction_Location,Skidding_and_Overturning,Hit_Object_in_Carriageway,Vehicle_Leaving_Carriageway,Hit_Object_off_Carriageway,1st_Point_of_Impact,Was_Vehicle_Left_Hand_Drive?,Journey_Purpose_of_Driver,Sex_of_Driver,Age_of_Driver,Age_Band_of_Driver,Engine_Capacity_(CC),Propulsion_Code,Age_of_Vehicle,Driver_IMD_Decile,Driver_Home_Area_Type,Vehicle_IMD_Decile
2017301701384,2,9,0,4,0,1,0,0,0,0,1,1,6,2,30,6,1896,2,8,5,1,5
2017301701386,1,9,0,5,0,4,0,0,0,0,4,1,6,2,25,5,1390,1,7,5,1,5
2017301701386,2,9,0,5,0,4,0,0,0,0,1,1,6,1,68,10,-1,-1,-1,2,1,2
2017301701387,1,5,0,10,0,0,0,0,0,0,3,1,6,1,37,7,999,1,4,6,1,6
2017301701387,2,9,0,14,0,0,0,0,0,0,4,1,6,3,-1,-1,1390,1,5,-1,-1,-1
2017301701388,1,4,0,4,0,0,0,0,0,0,1,1,6,1,63,9,690,1,3,8,2,8
2017301701388,2,4,0,4,0,0,0,0,0,0,2,1,6,1,-1,-1,1237,1,5,5,3,5
2017301701389,1,9,0,18,0,0,0,0,0,0,1,1,6,2,52,8,1499,1,1,9,1,9
2017301701389,2,9,0,18,0,0,0,0,7,11,1,1,6,2,63,9,1149,1,6,4,2,4
2017301701390,1,9,0,9,0,6,0,0,0,0,1,1,6,1,44,7,1968,2,2,8,1,8
2017301701390,2,5,0,18,0,2,0,0,0,0,1,1,6,1,28,6,999,1,7,1,1,1
2017301701391,1,9,0,18,0,0,2,7,8,2,1,1,6,1,25,5,1598,1,10,-1,-1,-1
2017301701393,1,9,0,14,0,1,0,0,0,0,1,1,6,2,17,4,998,1,9,8,1,8
2017301701393,2,9,0,4,0,1,0,0,0,0,0,1,6,1,41,7,2179,2,7,8,1,8
2017301701394,1,9,0,7,0,1,0,0,1,0,0,1,2,2,46,8,1398,1,1,3,1,3
2017301701394,2,1,0,13,0,1,0,0,0,0,0,1,6,1,51,8,-1,-1,-1,4,1,4
2017301701395,1,9,0,10,0,1,0,0,0,0,2,1,6,1,-1,-1,2204,2,11,9,2,9
2017301701395,2,9,0,18,0,1,0,0,0,0,1,1,6,2,-1,-1,1242,1,8,6,3,6
2017301701396,1,4,0,17,0,0,1,10,1,0,1,1,6,1,20,4,400,1,23,5,1,5
2017301701396,2,9,0,2,6,0,0,0,0,0,2,1,6,3,-1,-1,1998,2,11,-1,-1,-1
2017301701396,3,19,0,2,6,0,0,0,0,0,2,1,6,3,-1,-1,1997,2,12,-1,-1,-1
2017301701397,1,9,0,7,0,1,0,0,0,0,2,1,6,2,-1,-1,1240,1,12,7,1,7
2017301701397,2,9,0,18,0,1,0,0,0,0,1,1,6,1,-1,-1,1596,1,12,6,1,6
2017301701398,1,9,0,18,0,0,0,0,0,0,1,1,6,1,33,6,-1,-1,-1,1,1,1
2017301701398,2,9,0,5,0,0,0,0,0,0,3,1,6,2,28,6,2996,1,9,1,1,1
2017301701399,1,9,0,13,0,0,0,0,0,0,1,1,6,1,65,9,1197,1,1,-1,-1,-1
2017301701399,2,1,0,18,0,0,0,0,0,0,2,1,6,1,28,6,-1,-1,-1,3,1,3
2017301701400,1,9,0,3,0,1,0,0,0,0,2,1,1,2,38,7,1798,1,9,6,1,6
2017301701400,2,10,0,5,0,1,0,0,0,0,1,1,6,2,56,9,-1,-1,-1,6,2,6
2017301701401,1,9,0,1,0,0,0,0,0,0,2,1,6,2,60,9,1598,1,5,8,1,8
2017301701402,1,9,0,18,0,1,0,0,0,0,1,1,6,1,33,6,1596,1,4,8,1,8
2017301701402,2,1,0,9,0,1,0,0,0,0,2,1,6,1,12,3,-1,-1,-1,1,1,1
2017301701403,1,9,0,3,0,0,0,0,1,11,3,1,6,2,39,7,1386,1,14,10,2,10
2017301701403,2,9,0,18,0,0,0,0,0,0,1,1,6,2,27,6,1995,2,10,7,2,7
2017301701404,1,9,0,9,0,5,1,0,0,0,1,1,6,3,-1,-1,-1,-1,-1,-1,-1,-1
2017301701404,2,9,0,4,0,1,0,0,0,0,3,1,6,1,29,6,-1,-1,-1,5,2,5
2017301701405,1,19,0,18,0,0,0,0,0,0,2,1,1,1,58,9,2143,2,7,1,1,1
2017301701405,2,4,0,18,0,0,0,0,0,0,1,1,2,1,20,4,1078,1,6,9,1,9
2017301701406,1,9,0,18,0,0,1,0,6,7,4,1,6,1,36,7,1685,2,1,6,1,6
2017301701406,2,9,0,6,0,0,0,0,6,0,1,1,6,2,71,10,1998,1,10,10,3,10
2017301701407,1,9,0,18,0,0,1,0,0,0,4,1,2,1,21,5,1598,1,16,5,1,5
2017301701408,1,9,0,18,0,0,1,0,0,0,1,1,6,1,22,5,1124,1,13,8,3,8
2017301701408,2,9,0,2,0,0,0,0,0,0,2,1,6,3,-1,-1,1396,1,4,-1,-1,-1
2017301701408,3,9,0,2,0,0,0,0,0,0,2,1,6,3,-1,-1,1242,7,11,-1,-1,-1
2017301701409,1,9,0,18,0,0,0,0,0,0,1,1,6,1,37,7,-1,-1,-1,9,1,9
2017301701410,1,9,0,18,0,0,0,0,0,0,4,1,6,2,23,5,1796,1,16,6,3,6
2017301701410,2,1,0,18,0,0,0,0,0,0,3,1,6,1,53,8,-1,-1,-1,7,3,7
2017301701411,1,9,0,4,0,8,0,0,0,0,0,1,6,2,56,9,1560,2,4,10,1,10
2017301701411,2,2,0,5,0,8,0,0,0,0,0,1,6,2,17,4,124,1,24,5,3,5
2017301701414,1,9,0,18,0,6,0,0,0,1,1,1,6,2,71,10,1997,2,6,4,2,4
2017301701414,2,9,0,18,0,1,0,0,1,0,0,1,6,2,43,7,2199,2,6,5,2,5
2017301701415,1,9,0,5,0,4,0,0,0,0,1,1,6,2,54,8,1149,1,3,7,1,7
2017301701415,2,1,0,18,0,8,0,0,0,0,3,1,6,1,38,7,-1,-1,-1,4,1,4
2017301701417,1,9,0,18,0,2,1,0,3,0,3,1,6,1,20,4,1149,1,9,7,1,7
2017301701417,2,19,0,18,0,1,0,0,0,0,1,1,6,1,35,6,2402,2,8,2,1,2
2017301701418,1,3,0,18,0,0,0,0,0,0,0,1,6,1,21,5,-1,-1,-1,1,1,1
2017301701419,1,9,0,18,0,1,0,0,0,0,0,1,6,3,66,10,2191,2,1,4,1,4
2017301701419,2,4,0,18,0,1,1,0,0,0,4,1,6,2,34,6,125,1,1,4,1,4
2017301701420,1,19,0,18,0,1,2,0,0,0,1,1,2,1,55,8,1996,2,4,7,2,7
2017301701420,2,9,0,2,0,1,0,0,0,0,3,1,6,3,-1,-1,1685,2,2,-1,-1,-1
2017301701420,3,9,0,2,0,1,0,0,0,0,3,1,6,3,-1,-1,1995,2,4,-1,-1,-1
2017301701421,1,4,0,13,0,1,0,0,0,0,1,1,6,1,39,7,1170,1,2,2,1,2
2017301701421,2,9,0,5,0,6,0,0,0,0,1,1,6,1,38,7,2204,2,12,8,3,8
2017301701422,1,9,0,18,0,0,0,0,0,0,4,1,6,2,19,4,998,1,2,7,2,7
2017301701424,1,21,1,18,0,4,0,0,0,0,4,1,1,1,48,8,12809,2,1,3,1,3
2017301701424,2,9,0,18,0,4,0,0,0,0,3,1,2,2,44,7,1798,1,-1,8,3,8
2017301701425,1,9,0,5,9,6,0,0,0,0,1,1,6,2,65,9,1596,1,13,7,2,7
2017301701425,2,1,0,18,9,1,0,0,0,0,1,1,6,1,51,8,-1,-1,-1,7,3,7
2017301701426,1,9,0,4,0,0,0,0,0,0,2,1,6,1,66,10,1560,2,5,10,1,10
2017301701426,2,4,0,4,0,0,0,0,0,0,1,1,6,1,28,6,749,1,21,1,1,1
2017301701427,1,9,0,16,0,0,5,4,0,0,1,1,6,2,29,6,1560,2,1,9,1,9
2017301701427,2,9,0,2,0,0,0,0,0,0,1,1,6,3,-1,-1,1968,2,9,-1,-1,-1
2017301701428,1,3,0,18,0,0,0,0,2,1,4,1,6,1,20,4,124,1,16,6,2,6
2017301701429,1,9,0,18,0,0,0,0,0,0,1,1,6,3,-1,-1,-1,-1,-1,-1,-1,-1
2017301701430,1,9,0,18,0,4,1,0,3,1,0,1,6,1,62,9,1363,2,14,1,1,1
2017301701431,1,9,0,18,0,0,0,0,0,0,1,1,6,1,43,7,1598,1,10,-1,-1,-1
2017301701432,1,9,0,1,0,0,0,0,0,0,2,1,2,1,51,8,1398,1,12,-1,-1,-1
2017301701433,1,19,0,9,0,1,0,0,0,0,1,1,6,3,-1,-1,-1,-1,-1,-1,-1,-1
2017301701433,2,1,0,9,0,1,0,0,0,0,1,1,2,2,39,7,-1,-1,-1,7,1,7
2017301701434,1,21,1,18,0,0,0,0,0,0,1,1,1,3,-1,-1,12809,2,4,-1,-1,-1
2017301701435,1,9,0,18,0,0,0,0,1,0,1,1,6,1,30,6,1762,1,20,3,1,3
2017301701437,1,21,1,18,0,8,0,0,0,0,3,1,6,3,-1,-1,10837,2,6,-1,-1,-1
2017301701437,2,9,0,18,0,8,0,0,0,0,4,1,6,2,57,9,1364,1,-1,7,3,7
2017301701439,1,5,0,18,0,0,1,0,0,0,1,1,6,1,65,9,1084,1,18,3,1,3
2017301701439,2,19,0,18,0,0,0,0,0,0,1,1,6,1,22,5,1753,2,12,7,3,7
2017301701440,1,9,0,18,0,2,0,0,1,10,1,1,6,3,-1,-1,1910,2,9,-1,-1,-1
2017301701441,1,9,0,2,0,0,0,0,0,0,3,1,1,2,45,7,1910,2,8,4,1,4
2017301701441,2,1,0,18,0,0,0,0,0,0,3,1,6,1,84,11,-1,-1,-1,7,1,7
2017301701442,1,9,0,9,0,5,5,10,3,10,1,1,6,2,43,7,1598,1,12,4,1,4
2017301701442,2,9,0,2,0,1,0,0,0,0,2,1,6,3,-1,-1,1598,1,18,-1,-1,-1
2017301701443,1,9,0,18,0,2,0,0,0,0,4,1,6,1,29,6,1796,1,11,4,1,4
2017301701443,2,9,0,11,0,2,0,0,0,0,3,1,6,1,71,10,998,1,7,10,2,10
2017301701445,1,9,0,17,9,0,0,10,2,11,1,1,6,2,30,6,1997,2,14,2,1,2
2017301701447,1,9,0,18,0,1,0,0,0,0,4,1,6,3,-1,-1,-1,-1,-1,-1,-1,-1
2017301701447,2,1,0,18,0,1,0,0,0,0,4,1,6,1,55,8,-1,-1,-1,8,1,8
2017301701448,1,9,0,18,0,1,0,11,0,0,1,1,6,3,-1,-1,-1,-1,-1,-1,-1,-1
2017301701449,1,9,0,9,0,1,0,0,0,0,1,1,6,3,-1,-1,-1,-1,-1,-1,-1,-1
2017301701449,2,1,0,18,0,1,0,0,0,0,4,1,6,1,66,10,-1,-1,-1,9,1,9
2017301701451,1,19,0,9,0,5,0,0,0,0,4,1,2,1,48,8,2402,2,9,2,1,2
2017301701451,2,5,0,18,0,8,1,0,0,0,1,1,2,1,40,7,599,1,6,9,1,9
2017301701453,1,9,0,9,0,1,0,0,0,0,3,1,6,2,55,8,2685,2,14,-1,-1,-1
2017301701453,2,9,0,18,0,1,0,0,0,0,1,1,6,1,46,8,-1,-1,-1,5,2,5
2017301701454,1,9,0,8,0,1,0,0,0,0,1,2,6,3,-1,-1,1389,1,20,-1,-1,-1
2017301701457,1,9,0,18,0,1,0,0,0,0,4,1,6,3,-1,-1,1388,1,13,-1,-1,-1
2017301701457,2,9,0,18,0,1,0,0,0,0,3,1,6,2,34,6,1388,1,9,2,1,2
2017301701458,1,9,0,7,0,1,0,0,0,0,3,1,6,3,-1,-1,-1,-1,-1,-1,-1,-1
2017301701458,2,9,0,18,0,1,0,0,0,0,1,1,2,1,46,8,1248,2,9,2,1,2
2017301701459,1,4,0,4,0,0,1,0,0,0,1,1,6,1,23,5,248,1,21,7,1,7
2017301701459,2,19,0,18,0,0,0,0,0,0,2,1,6,1,48,8,2402,2,11,4,1,4
2017301701460,1,11,0,2,0,0,0,0,0,0,0,1,1,1,63,9,11000,2,13,8,1,8
2017301701461,1,9,0,9,0,1,0,0,0,0,4,1,6,1,21,5,1595,1,16,7,3,7
2017301701461,2,1,0,18,0,2,0,0,1,9,0,1,6,1,17,4,-1,-1,-1,10,2,10
2017301701462,1,9,0,5,0,1,0,0,0,0,1,1,6,1,20,4,1388,1,14,3,2,3
2017301701462,2,19,0,5,0,1,0,0,0,0,2,2,1,1,64,9,1248,2,8,6,3,6
2017301701463,1,9,0,18,0,0,0,0,0,0,1,1,6,2,41,7,1242,1,14,1,1,1
2017301701463,2,9,0,3,0,0,0,0,4,0,2,1,6,2,34,6,1229,1,4,4,1,4
2017301701464,1,9,0,5,0,8,0,0,0,0,2,2,6,3,-1,-1,2993,2,8,-1,-1,-1
2017301701464,2,9,0,5,0,1,0,0,0,0,1,1,6,2,62,9,2179,2,4,7,1,7
2017301701465,1,9,0,5,0,6,0,0,0,0,0,1,6,1,52,8,1997,2,10,6,3,6
2017301701465,2,9,0,18,0,1,1,10,0,0,0,1,6,1,25,5,2926,2,16,7,1,7
2017301701465,3,9,0,18,0,1,0,0,0,0,2,1,6,1,82,11,1339,1,2,5,3,5
2017301701465,4,19,0,18,0,1,0,0,0,0,1,1,6,1,36,7,1998,2,12,4,1,4
2017301701465,5,9,0,18,0,1,1,0,1,0,1,1,6,2,62,9,-1,-1,-1,4,3,4
2017301701466,1,9,0,18,0,8,0,0,0,0,1,1,6,1,20,4,1299,1,15,2,1,2
2017301701466,2,9,0,7,0,1,0,0,0,0,1,1,6,1,38,7,1596,1,8,7,1,7
2017301701467,1,10,0,18,0,0,0,0,0,0,4,1,1,3,-1,-1,-1,-1,-1,-1,-1,-1
2017301701467,2,1,0,18,0,0,0,0,0,0,3,1,6,1,15,3,-1,-1,-1,1,1,1
2017301701469,1,9,0,18,0,0,0,0,0,0,1,1,6,3,-1,-1,1956,2,4,-1,-1,-1
2017301701469,2,9,0,12,0,0,0,0,0,0,2,1,6,2,41,7,1968,2,6,8,1,8
2017301701470,1,9,0,18,0,1,0,0,0,0,1,1,6,3,-1,-1,-1,-1,-1,-1,-1,-1
2017301701472,1,9,0,9,0,1,0,0,0,0,1,1,6,2,54,8,1332,1,6,7,1,7
2017301701472,2,2,0,18,0,1,0,0,0,0,1,1,6,1,28,6,295,1,18,4,1,4
2017301701473,1,5,0,17,0,0,1,10,2,11,1,1,6,1,36,7,749,1,10,6,2,6
2017301701474,1,9,0,13,0,5,0,0,8,7,3,1,6,2,40,7,2720,2,11,4,1,4
2017301701474,2,9,0,11,0,5,1,10,2,7,4,1,6,1,42,7,1997,2,10,9,1,9
2017301701475,1,9,0,5,0,0,0,0,0,0,1,1,1,1,33,6,1598,2,1,-1,-1,-1
2017301701475,2,20,5,18,0,0,0,0,0,0,1,1,6,1,56,9,4461,2,9,3,1,3
2017301701476,1,9,0,18,0,0,0,0,0,0,2,1,2,1,69,10,1242,1,11,6,2,6
2017301701476,2,3,0,13,0,0,0,0,0,0,1,1,6,1,44,7,599,1,16,5,1,5
2017301701476,3,5,0,18,0,0,0,0,0,0,1,1,6,2,42,7,599,1,6,4,2,4
2017301701478,1,9,0,18,0,0,0,0,0,0,1,1,6,1,41,7,1598,1,6,2,1,2
2017301701479,1,9,0,5,8,1,0,10,7,9,3,1,6,2,-1,-1,1197,1,-1,-1,-1,-1
2017301701479,2,9,0,18,0,1,0,0,0,0,4,1,6,1,44,7,1685,2,2,4,1,4
2017301701481,1,9,0,5,0,2,0,0,0,0,1,1,6,2,22,5,1998,1,11,6,3,6
2017301701481,2,5,0,14,0,8,0,0,0,0,1,1,6,2,50,8,398,1,24,3,1,3
2017301701484,1,9,0,14,0,0,0,0,0,0,3,1,6,3,-1,-1,1248,2,5,5,1,5
2017301701484,2,4,0,14,0,0,0,0,0,0,0,1,6,1,34,6,2294,1,3,2,1,2
2017301701485,1,20,1,18,0,1,0,0,0,0,1,1,1,1,67,10,12900,2,6,8,3,8
2017301701485,2,19,0,9,0,6,0,0,1,11,1,1,1,1,51,8,2402,2,7,7,1,7
2017301701485,3,19,0,18,0,1,0,0,0,0,0,1,6,1,37,7,1248,2,10,6,1,6
2017301701487,1,9,0,4,0,0,0,0,6,0,2,1,2,1,55,8,1490,1,11,3,1,3
2017301701487,2,9,0,18,0,0,1,0,0,0,1,1,2,1,23,5,-1,-1,-1,6,1,6
2017301701488,1,19,0,18,0,0,0,0,0,0,1,1,6,1,18,4,1753,2,15,5,1,5
2017301701488,2,9,0,18,0,0,0,0,0,0,2,1,6,1,21,5,1596,1,1,6,1,6
2017301701489,1,5,0,18,0,0,0,0,0,0,1,1,6,1,32,6,675,1,5,9,1,9
2017301701489,2,9,0,3,0,0,0,0,0,0,2,1,6,1,23,5,1995,2,3,6,1,6
2017301701490,1,9,0,13,0,0,0,0,0,0,1,1,6,1,48,8,998,1,18,5,1,5
2017301701490,2,1,0,9,0,0,0,0,0,0,2,1,6,1,34,6,-1,-1,-1,4,1,4
2017301701492,1,9,0,9,0,8,0,0,0,0,4,1,6,3,-1,-1,1596,1,12,-1,-1,-1
2017301701492,2,9,0,18,0,8,0,0,0,0,1,1,6,1,53,8,1995,2,15,3,1,3
2017301701493,1,3,0,17,0,0,1,0,2,4,1,1,6,1,20,4,124,1,2,2,1,2
2017301701494,1,4,0,18,0,0,1,0,0,0,3,1,6,1,18,4,125,1,2,2,1,2
2017301701496,1,9,0,18,0,0,0,0,0,0,1,1,6,2,34,6,1461,2,1,7,1,7
2017301701497,1,9,0,18,0,0,2,10,0,0,1,2,6,2,19,4,1299,1,11,5,1,5
2017301701498,1,9,0,9,0,8,0,0,0,0,3,1,6,2,67,10,1388,1,8,8,3,8
2017301701498,2,1,0,18,0,1,0,0,0,0,1,1,6,2,56,9,-1,-1,-1,9,1,9
2017301701500,1,9,0,12,0,3,0,0,0,0,1,1,6,1,80,11,1598,1,5,7,1,7
2017301701500,2,4,0,16,0,3,0,0,0,0,4,1,6,1,52,8,883,1,13,7,2,7
2017301701501,1,9,0,3,0,0,0,0,0,0,2,1,6,2,46,8,1598,1,1,8,1,8
2017301701501,2,20,0,3,0,0,0,0,0,0,1,1,1,1,-1,-1,-1,-1,-1,4,2,4
2017301701502,1,9,0,18,0,8,0,0,0,0,1,1,6,3,-1,-1,1995,2,-1,-1,-1,-1
2017301701502,2,9,0,18,0,8,0,0,0,0,2,1,6,2,53,8,1997,2,1,2,1,2
2017301701503,1,9,0,16,0,0,0,0,0,11,1,1,6,2,57,9,1560,2,4,9,1,9
2017301701504,1,9,0,18,0,0,0,0,1,0,1,1,6,1,38,7,1598,1,7,4,3,4
2017301701505,1,9,0,7,0,1,0,0,0,0,1,1,2,1,26,6,998,1,11,4,1,4
2017301701505,2,1,0,18,0,1,0,0,0,0,1,1,6,1,13,3,-1,-1,-1,2,1,2
2017301701506,1,9,0,18,0,1,0,0,0,0,1,1,6,2,24,5,998,1,3,1,1,1
2017301701506,2,9,0,5,0,1,0,0,0,0,3,1,2,1,44,7,1388,1,5,3,1,3
2017301701508,1,9,0,18,0,0,0,0,0,6,1,1,1,1,20,4,1199,1,14,1,1,1
2017301701508,2,17,4,18,0,0,0,0,0,6,2,1,1,1,25,5,-1,2,25,6,3,6
2017301701509,1,9,0,18,0,1,0,0,0,1,1,1,6,1,35,6,1598,1,9,2,1,2
2017301701509,2,9,0,9,0,1,0,0,0,0,1,1,6,2,86,11,1242,1,5,8,1,8
2017301701510,1,9,0,18,0,0,1,0,0,0,1,1,2,1,51,8,1997,2,7,8,1,8
2017301701510,2,9,0,18,0,0,0,0,0,0,1,1,6,1,33,6,1686,2,3,1,1,1
2017301701511,1,9,0,9,0,8,0,0,0,0,1,1,6,2,86,11,1298,1,15,4,1,4
2017301701511,2,9,0,18,0,1,0,0,0,0,1,1,6,1,50,8,1388,1,12,4,1,4
2017301701512,1,9,0,4,0,1,0,0,0,0,1,1,6,2,26,6,1229,1,5,3,1,3
2017301701512,2,9,0,10,0,1,0,0,0,0,0,1,6,1,72,10,1781,1,12,10,1,10
2017301701513,1,21,0,18,0,0,0,0,7,11,1,1,1,1,32,6,6692,2,8,1,1,1
2017301701513,2,9,0,2,9,0,0,0,0,0,2,1,6,3,-1,-1,1461,2,5,-1,-1,-1
2017301701514,1,9,0,18,0,0,5,0,7,11,1,1,2,1,25,5,1242,1,18,4,1,4
2017301701515,1,9,0,16,0,0,1,0,1,0,3,2,6,1,30,6,1796,1,16,5,1,5
2017301701515,2,9,0,17,0,0,0,0,1,0,3,2,6,1,76,11,1956,2,3,9,3,9
2017301701517,1,9,0,13,0,0,1,0,1,1,1,1,2,1,26,6,1686,2,5,1,1,1
2017301701517,2,9,0,17,0,0,0,0,0,0,0,1,2,1,61,9,1560,2,6,8,1,8
2017301701518,1,9,0,11,0,3,0,0,0,0,4,1,2,1,-1,-1,1995,2,5,7,3,7
2017301701518,2,5,0,12,0,8,1,0,0,0,3,1,2,1,27,6,1085,1,20,8,2,8
2017301701519,1,9,0,18,0,0,0,0,0,0,1,1,2,2,19,4,1124,1,10,2,1,2
2017301701519,2,9,0,10,0,0,0,0,0,0,2,1,6,1,36,7,1598,1,4,4,1,4
2017301701520,1,9,0,14,0,0,0,0,0,0,1,1,6,1,47,8,1598,1,18,7,1,7
2017301701521,1,9,0,18,0,0,1,0,0,0,1,2,6,1,50,8,1999,1,2,1,1,1
2017301701521,2,9,0,18,0,0,0,0,0,0,2,2,6,1,36,7,1461,2,4,2,1,2
2017301701522,1,9,0,9,0,1,0,0,0,0,1,1,6,3,-1,-1,1199,1,13,5,1,5
2017301701522,2,1,0,18,0,8,0,0,0,0,0,1,6,1,71,10,-1,-1,-1,7,1,7
2017301701523,1,3,0,18,0,8,0,0,0,0,4,1,6,1,21,5,125,1,5,9,1,9
2017301701523,2,9,0,9,0,8,0,0,0,0,1,1,6,1,85,11,1598,1,10,6,1,6
2017301701524,1,9,0,17,0,0,0,0,7,4,1,1,6,2,22,5,1997,2,14,9,3,9
2017301701525,1,9,0,10,0,1,0,0,0,0,1,1,1,1,64,9,1560,2,8,8,1,8
2017301701525,2,9,0,9,0,5,0,0,0,0,1,1,6,1,76,11,1598,1,6,7,1,7
2017301701526,1,9,0,9,0,2,0,10,1,2,1,1,6,1,20,4,1242,1,10,5,1,5
2017301701528,1,9,0,3,0,4,0,0,0,0,2,1,6,2,42,7,998,1,-1,8,1,8
2017301701528,2,9,0,18,0,4,0,0,0,0,1,1,6,2,36,7,1560,2,2,1,1,1
2017301701531,1,9,0,9,0,8,0,0,0,0,1,1,2,1,25,5,1299,1,9,6,1,6
2017301701531,2,1,0,18,0,1,0,0,0,0,1,1,6,1,41,7,-1,-1,-1,8,2,8
2017301701532,1,21,1,3,0,0,0,0,0,0,2,1,1,1,31,6,12777,2,6,-1,-1,-1
2017301701532,2,9,0,18,0,0,0,0,0,0,1,1,6,1,23,5,998,1,11,1,1,1
2017301701532,3,9,0,18,0,0,0,0,0,0,1,1,6,2,70,10,1598,1,12,9,2,9
2017301701533,1,9,0,18,0,0,1,0,5,6,1,1,6,1,55,8,2993,2,8,5,1,5
2017301701533,2,9,0,18,0,0,5,0,1,1,2,1,6,2,60,9,1461,2,1,10,3,10
2017301701534,1,21,1,18,0,0,0,0,0,0,1,1,1,1,50,8,12419,2,-1,4,1,4
2017301701534,2,9,0,4,0,0,0,0,0,0,2,1,6,2,22,5,1397,1,10,1,1,1
2017301701535,1,9,0,18,0,0,0,0,0,0,4,1,6,2,79,11,999,1,1,9,2,9
2017301701535,2,9,0,2,0,0,0,0,0,0,4,1,6,3,-1,-1,2460,2,12,-1,-1,-1
2017301701536,1,9,0,3,0,0,0,0,0,0,1,1,3,2,40,7,1995,2,4,8,3,8
2017301701537,1,9,0,16,0,0,0,0,0,0,1,1,1,1,19,4,999,1,20,5,1,5
2017301701537,2,16,0,18,0,0,0,0,0,0,2,1,6,2,29,6,-1,-1,-1,2,2,2
2017301701538,1,9,0,18,0,8,0,0,0,0,1,1,2,1,18,4,1242,1,10,6,1,6
2017301701538,2,9,0,18,0,4,0,0,0,0,3,1,6,1,78,11,1587,1,10,1,1,1
2017301701539,1,9,0,3,0,4,0,0,0,0,2,2,6,2,41,7,1200,1,2,4,1,4
2017301701539,2,9,0,3,0,1,0,0,0,0,1,2,6,3,-1,-1,-1,-1,-1,-1,-1,-1
2017301701540,1,9,0,4,0,5,0,0,0,0,1,1,6,1,37,7,1242,1,13,7,1,7
2017301701540,2,9,0,4,0,5,0,0,0,0,2,1,6,1,38,7,1968,2,7,6,1,6
2017301701541,1,5,0,13,0,1,0,0,0,0,1,1,6,1,32,6,649,1,2,5,2,5
2017301701541,2,1,0,9,0,1,0,0,0,0,3,1,6,2,48,8,-1,-1,-1,7,3,7
2017301701542,1,9,0,16,0,0,2,0,1,2,3,1,2,1,41,7,1997,1,14,4,1,4
2017301701543,1,9,0,9,0,4,0,0,0,0,1,1,6,1,71,10,2199,2,2,6,2,6
2017301701543,2,1,0,9,0,3,0,0,0,0,4,1,2,1,25,5,-1,-1,-1,8,1,8
2017301701545,1,90,0,18,0,0,0,0,0,0,4,1,6,3,-1,-1,-1,-1,-1,-1,-1,-1
2017301701545,2,1,0,18,0,0,0,0,0,0,0,1,1,1,38,7,-1,-1,-1,5,1,5
2017301701546,1,9,0,3,0,8,0,0,0,0,1,1,6,1,18,4,1242,1,12,7,1,7
2017301701546,2,9,0,4,0,8,0,0,0,0,2,1,2,2,38,7,1968,2,1,10,1,10
2017301701548,1,98,0,9,0,2,0,0,0,0,3,1,6,3,-1,-1,-1,-1,-1,-1,-1,-1
2017301701548,2,9,0,18,0,1,0,0,0,0,4,1,6,1,19,4,1400,1,10,3,1,3
2017301701549,1,9,0,18,0,0,1,0,4,6,1,1,6,1,20,4,1597,1,9,3,1,3
2017301701549,2,20,0,18,0,0,0,0,0,0,2,1,6,1,-1,-1,-1,2,25,6,1,6
2017301701550,1,11,0,5,0,0,0,0,0,0,0,1,1,1,50,8,4461,2,3,4,1,4
2017301701551,1,9,0,18,0,2,1,0,0,0,1,1,6,1,19,4,1199,1,14,7,1,7
2017301701551,2,9,0,18,0,1,0,0,0,0,1,1,6,2,58,9,1399,2,8,5,1,5
2017301701551,3,9,0,18,0,1,0,0,0,0,1,1,6,1,32,6,1242,1,15,1,1,1
2017301701552,1,9,0,18,9,0,0,0,1,0,4,1,6,2,68,10,1197,1,3,8,1,8
2017301701553,1,9,0,18,0,6,0,11,0,0,1,1,6,2,79,11,1560,2,-1,5,1,5
2017301701553,2,9,0,18,0,2,0,0,0,0,1,1,2,1,70,10,1149,1,5,6,1,6
2017301701554,1,9,0,17,0,0,0,0,0,0,1,1,3,2,41,7,1956,2,8,10,2,10
2017301701554,2,9,0,16,0,0,1,0,0,0,1,1,6,1,18,4,1242,1,14,9,1,9
2017301701555,1,9,0,18,0,0,0,0,0,0,1,1,6,2,65,9,1399,2,13,3,1,3
2017301701555,2,22,0,18,0,0,5,0,0,0,4,1,6,2,93,11,-1,-1,-1,6,1,6
2017301701556,1,9,0,18,0,0,1,4,2,11,1,1,6,1,35,6,1995,2,10,3,1,3
2017301701556,2,9,0,2,0,0,0,0,0,0,4,1,6,3,-1,-1,1587,1,11,-1,-1,-1
2017301701556,3,9,0,2,0,0,0,0,0,0,0,1,6,3,-1,-1,1910,2,8,-1,-1,-1
2017301701557,1,8,0,5,0,0,0,0,0,0,0,1,1,1,58,9,2143,2,3,2,1,2
2017301701558,1,9,0,18,0,0,0,0,7,0,1,1,6,1,22,5,1586,1,8,3,1,3