Accident_Index,Vehicle_Reference,Vehicle_Type,Towing_and_Articulation,Vehicle_Manoeuvre,Vehicle_Location-Restricted_Lane,Junction_Location,Skidding_and_Overturning,Hit_Object_in_Carriageway,Vehicle_Leaving_Carriageway,Hit_Object_off_Carriageway,1st_Point_of_Impact,Was_Vehicle_Left_Hand_Drive?,Journey_Purpose_of_Driver,Sex_of_Driver,Age_of_Driver,Age_Band_of_Driver,Engine_Capacity_(CC),Propulsion_Code,Age_of_Vehicle,Driver_IMD_Decile,Driver_Home_Area_Type,Vehicle_IMD_Decile
2017301702049,2,9,0,4,0,0,0,0,0,0,1,1,6,1,85,11,1560,2,-1,9,1,9
2017301702050,1,19,0,18,0,2,0,0,0,0,1,2,2,1,32,6,2198,2,7,9,3,9
2017301702051,1,9,0,18,0,0,1,0,0,1,1,1,6,1,59,9,2720,2,11,7,1,7
2017301702051,2,8,0,18,0,0,0,0,0,0,1,1,6,1,39,7,1598,2,6,1,1,1
2017301702052,1,11,0,4,0,0,0,0,0,0,0,1,1,1,29,6,4250,2,3,6,1,6
2017301702053,1,8,0,5,0,0,0,0,0,0,4,1,1,3,-1,-1,-1,-1,-1,-1,-1,-1
2017301702054,1,9,0,18,0,4,0,0,0,0,1,1,6,1,43,7,1685,2,-1,3,1,3
2017301702054,2,9,0,9,0,3,0,0,0,0,4,1,6,1,39,7,2967,2,4,3,1,3
2017301702055,1,9,0,3,0,1,0,0,0,0,0,1,6,2,22,5,1339,1,9,7,1,7
2017301702055,2,19,0,18,0,1,1,0,0,0,1,1,2,1,25,5,1461,2,12,9,1,9
2017301702056,1,9,0,5,0,4,0,0,0,0,1,1,6,1,25,5,1968,2,9,1,1,1
2017301702056,2,1,0,18,0,8,0,0,0,0,4,1,6,1,31,6,-1,-1,-1,4,1,4
2017301702057,1,8,0,18,0,0,0,0,0,0,1,1,6,3,-1,-1,-1,-1,-1,-1,-1,-1
2017301702057,2,19,0,3,0,0,0,0,0,0,2,1,2,1,55,8,1968,2,4,1,1,1
2017301702058,1,9,0,3,0,0,0,0,0,0,1,1,2,1,52,8,1994,1,15,2,1,2
2017301702059,1,90,0,9,0,1,0,0,0,0,1,1,6,3,-1,-1,-1,-1,-1,-1,-1,-1
2017301702060,1,9,0,9,0,6,0,0,0,0,3,1,6,1,42,7,1999,1,2,4,1,4
2017301702060,2,1,0,18,0,1,0,0,0,0,1,1,6,1,63,9,-1,-1,-1,4,1,4
2017301702061,1,9,0,18,0,0,0,0,0,0,1,1,2,1,24,5,1968,2,8,3,1,3
2017301702061,2,9,0,18,0,0,1,0,0,0,1,1,2,1,21,5,1998,1,13,5,1,5
2017301702062,1,9,0,18,0,0,0,0,0,0,1,1,6,1,79,11,1896,2,8,7,1,7
2017301702063,1,9,0,9,0,1,0,0,0,0,4,1,6,2,36,7,1390,1,19,6,1,6
2017301702063,2,1,0,18,0,1,0,0,0,0,1,1,6,1,56,9,-1,-1,-1,1,1,1
2017301702064,1,19,0,18,0,0,0,0,0,0,4,1,6,3,-1,-1,2198,2,2,-1,-1,-1
2017301702065,1,21,0,12,0,0,0,0,0,0,3,2,1,1,57,9,-1,-1,-1,-1,-1,-1
2017301702065,2,9,0,18,0,0,0,0,0,0,4,1,6,2,51,8,998,1,2,6,3,6
2017301702066,1,9,0,3,0,1,0,0,0,0,2,1,6,1,43,7,2099,2,10,1,1,1
2017301702066,2,9,0,18,0,8,0,0,0,0,1,1,6,2,30,6,1248,2,3,1,1,1
2017301702066,3,8,0,13,0,1,0,0,0,0,1,1,1,1,33,6,1596,1,12,1,1,1
2017301702067,1,9,0,18,0,5,0,0,0,7,1,1,6,1,26,6,2979,1,2,8,1,8
2017301702068,1,9,0,18,0,0,0,0,0,0,1,1,6,1,85,11,1242,1,8,7,3,7
2017301702068,2,8,0,4,0,0,0,0,0,0,2,1,1,1,61,9,1997,2,9,7,1,7
2017301702068,3,19,0,4,0,0,0,0,0,0,2,1,1,1,60,9,1248,2,3,3,1,3
2017301702069,1,4,0,7,0,1,0,0,0,0,2,1,6,1,57,9,1084,1,15,2,1,2
2017301702069,2,9,0,8,0,6,0,0,0,0,1,1,6,1,58,9,1596,1,15,2,1,2
2017301702071,1,19,0,9,0,8,0,0,0,0,0,1,1,1,27,6,2402,2,11,5,1,5
2017301702071,2,1,0,18,0,8,1,0,1,10,4,1,6,1,66,10,-1,-1,-1,6,1,6
2017301702072,1,9,0,9,0,8,0,0,0,0,1,1,6,2,52,8,1598,2,5,4,1,4
2017301702073,1,19,0,7,0,3,0,0,0,0,3,1,6,3,-1,-1,2198,2,2,5,1,5
2017301702073,2,1,0,18,0,8,0,0,0,0,1,1,6,2,37,7,-1,-1,-1,7,1,7
2017301702074,1,9,0,18,0,0,0,0,0,0,3,1,6,1,45,7,2995,1,-1,9,2,9
2017301702074,2,4,0,18,0,0,0,0,0,0,4,1,1,1,23,5,471,1,4,10,2,10
2017301702075,1,9,0,10,0,5,0,0,0,0,2,1,6,1,45,7,875,1,1,5,3,5
2017301702075,2,9,0,18,0,1,0,0,0,0,1,1,2,1,53,8,1998,1,13,8,1,8
2017301702076,1,9,0,10,0,1,0,0,0,0,2,1,2,1,56,9,1995,2,-1,2,1,2
2017301702076,2,9,0,4,0,1,0,4,0,0,2,1,2,2,51,8,1598,2,4,3,1,3
2017301702076,3,9,0,18,0,1,0,0,0,0,1,1,1,1,-1,-1,2993,2,3,5,1,5
2017301702077,1,9,0,18,0,0,1,0,0,0,1,1,6,1,24,5,1390,1,11,2,1,2
2017301702077,2,9,0,18,0,0,0,0,0,0,3,1,6,1,46,8,1242,1,3,7,2,7
2017301702078,1,9,0,7,0,8,0,0,0,0,1,1,6,1,59,9,1995,2,4,6,3,6
2017301702078,2,1,0,18,0,8,0,0,0,0,2,1,6,1,43,7,-1,-1,-1,9,1,9
2017301702079,1,9,0,7,0,1,0,0,0,0,3,1,2,1,30,6,1794,1,13,5,1,5
2017301702079,2,1,0,18,0,1,0,0,0,0,1,1,6,1,53,8,-1,-1,-1,9,3,9
2017301702080,1,3,0,18,0,0,0,0,0,0,1,1,6,1,26,6,124,1,10,6,1,6
2017301702081,1,9,0,9,0,6,0,0,0,0,1,1,2,1,35,6,1998,2,12,5,1,5
2017301702081,2,1,0,18,0,1,0,0,0,0,1,1,2,1,40,7,-1,-1,-1,2,1,2
2017301702082,1,9,0,5,0,1,0,0,1,0,4,1,3,2,60,9,1398,1,1,3,1,3
2017301702082,2,9,0,18,0,1,0,0,0,0,1,1,2,1,55,8,1197,1,5,5,1,5
2017301702083,1,98,0,12,0,8,0,0,0,0,3,1,6,3,-1,-1,-1,-1,-1,-1,-1,-1
2017301702083,2,9,0,18,0,8,0,0,7,0,4,1,6,2,24,5,998,1,9,6,1,6
2017301702084,1,9,0,15,0,0,0,0,0,0,0,1,6,1,44,7,1999,2,1,8,3,8
2017301702084,2,1,0,18,0,0,0,10,0,0,0,1,6,1,45,7,-1,-1,-1,7,1,7
2017301702085,1,9,0,4,0,0,0,0,0,0,2,1,6,2,22,5,1360,1,8,4,1,4
2017301702085,2,9,0,18,0,0,0,4,0,0,1,1,6,3,-1,-1,1753,2,10,-1,-1,-1
2017301702086,1,9,0,18,0,0,0,0,0,0,1,1,6,1,75,10,1896,2,10,10,2,10
2017301702087,1,9,0,18,0,1,0,0,0,0,1,1,6,1,26,6,1560,2,9,4,1,4
2017301702087,2,9,0,18,0,1,0,0,0,0,1,1,6,1,55,8,1896,2,7,6,3,6
2017301702087,3,9,0,10,0,1,0,0,0,0,0,1,6,1,31,6,1956,2,6,10,1,10
2017301702088,1,9,0,18,0,0,5,0,0,0,1,1,6,1,65,9,1896,2,9,10,1,10
2017301702089,1,9,0,18,0,0,1,0,0,0,1,1,1,1,29,6,1600,1,18,7,1,7
2017301702089,2,9,0,18,0,0,0,0,0,0,1,1,1,1,31,6,1910,2,11,5,1,5
2017301702090,1,9,0,18,0,1,0,0,0,0,1,1,6,2,23,5,1956,2,4,9,1,9
2017301702091,1,9,0,11,0,0,1,0,1,4,4,1,6,2,24,5,1242,1,6,8,3,8
2017301702093,1,9,0,18,0,8,0,0,0,0,1,1,6,3,-1,-1,-1,-1,-1,-1,-1,-1
2017301702093,2,1,0,9,0,8,1,0,0,0,1,1,6,1,20,4,-1,-1,-1,2,1,2
2017301702094,1,9,0,5,0,0,0,0,0,0,1,2,2,2,49,8,1597,1,11,4,2,4
2017301702094,2,9,0,18,0,0,0,4,0,0,1,2,6,1,72,10,1399,2,15,4,2,4
2017301702094,3,90,0,2,0,0,0,0,0,0,2,2,6,3,-1,-1,-1,-1,-1,-1,-1,-1
2017301702095,1,9,0,9,0,6,0,0,0,0,1,1,6,1,34,6,1368,1,7,2,1,2
2017301702095,2,9,0,17,0,1,0,0,0,0,3,1,6,1,44,7,1360,1,8,2,1,2
2017301702096,1,4,0,18,6,0,0,0,0,0,1,1,6,1,47,8,123,1,-1,1,1,1
2017301702096,2,98,4,2,0,0,0,0,0,0,2,1,6,3,-1,-1,-1,-1,-1,-1,-1,-1
2017301702097,1,8,0,1,0,8,0,0,0,0,3,1,1,1,41,7,1968,2,10,4,1,4
2017301702098,1,9,0,9,0,1,0,0,0,0,1,1,6,3,-1,-1,-1,-1,-1,-1,-1,-1
2017301702098,2,9,0,18,0,1,0,0,0,0,1,1,6,2,73,10,1461,2,11,1,1,1
2017301702099,1,9,0,5,0,8,0,0,0,0,2,1,6,1,63,9,1796,1,13,8,1,8
2017301702099,2,9,0,5,0,4,0,0,0,0,1,1,6,1,40,7,-1,-1,-1,2,1,2
2017301702100,1,9,0,1,9,8,0,0,0,0,2,1,6,1,49,8,1995,2,2,7,3,7
2017301702100,2,1,0,18,9,1,0,0,0,0,4,1,6,1,13,3,-1,-1,-1,7,3,7
2017301702101,1,19,0,18,0,0,0,0,0,0,4,1,6,3,-1,-1,-1,-1,-1,-1,-1,-1
2017301702102,1,21,1,4,0,1,0,0,0,0,2,1,1,1,32,6,10837,2,1,1,1,1
2017301702102,2,21,1,4,0,1,0,0,0,0,2,1,1,1,51,8,12809,2,3,1,1,1
2017301702102,3,19,0,18,0,1,0,0,0,0,1,1,1,1,49,8,12740,2,1,2,1,2
2017301702104,1,9,0,17,0,0,1,0,7,7,1,1,6,2,32,6,1598,1,16,2,1,2
2017301702105,1,9,0,18,0,0,1,10,1,7,2,1,2,1,32,6,1896,2,13,1,1,1
2017301702107,1,9,0,1,0,0,0,0,0,0,2,1,1,2,50,8,998,1,2,10,1,10
2017301702109,1,11,0,4,0,8,0,0,0,0,0,1,6,2,46,8,4250,2,8,7,1,7
2017301702110,1,19,0,18,0,0,0,0,1,0,1,1,2,1,22,5,1998,2,14,1,1,1
2017301702111,1,5,0,18,0,8,0,0,0,0,1,1,2,1,48,8,798,1,4,5,1,5
2017301702111,2,9,0,13,0,5,0,0,0,0,4,1,6,1,-1,-1,1984,1,16,5,1,5
2017301702112,1,9,0,18,0,1,0,0,0,0,1,1,6,1,41,7,-1,-1,-1,10,2,10
2017301702112,2,9,0,9,0,6,0,0,3,0,3,1,2,2,24,5,1560,2,3,5,3,5
2017301702113,1,9,0,17,0,0,0,0,0,0,3,1,6,1,44,7,1461,2,-1,8,1,8
2017301702113,2,19,0,18,0,0,0,0,0,0,3,1,6,1,37,7,1870,2,18,9,1,9
2017301702114,1,9,0,18,0,0,2,0,2,7,1,1,6,1,31,6,1590,1,14,1,1,1
2017301702114,2,9,0,18,0,0,0,0,0,0,1,1,6,1,27,6,1242,1,2,4,1,4
2017301702115,1,9,0,13,0,0,0,0,0,0,1,1,2,1,58,9,1388,1,12,1,1,1
2017301702115,2,8,0,10,0,0,0,0,0,0,2,1,1,1,41,7,1910,2,9,7,1,7
2017301702116,1,9,0,18,0,0,2,0,1,4,4,1,6,1,29,6,1988,1,15,1,1,1
2017301702116,2,9,0,18,0,0,0,0,1,4,3,1,6,2,65,9,1197,1,1,8,2,8
2017301702117,1,9,0,16,0,0,0,0,0,0,4,1,6,2,26,6,1896,2,16,2,1,2
2017301702118,1,9,0,5,0,8,0,0,0,0,3,1,6,1,43,7,2993,2,-1,7,3,7
2017301702118,2,2,0,18,0,1,1,0,0,0,1,1,6,1,17,4,49,1,14,4,1,4
2017301800008,1,21,1,18,0,8,5,0,0,0,3,1,1,1,42,7,11967,2,5,7,1,7
2017301800008,2,9,0,18,0,8,0,0,0,0,4,1,6,1,39,7,2720,2,12,2,1,2
2017301800009,1,9,0,18,0,0,0,0,0,0,1,1,1,1,31,6,1686,2,3,5,1,5
2017301800009,2,9,0,18,0,0,0,0,2,10,1,1,6,1,28,6,973,1,14,3,1,3
2017301800011,1,9,0,18,0,0,1,0,2,11,1,1,6,1,22,5,1753,2,14,4,2,4
2017301800012,1,9,0,16,0,0,0,0,0,0,1,1,6,1,62,9,1398,1,7,5,1,5
2017301800012,2,1,0,17,0,0,0,0,0,0,1,1,6,1,26,6,-1,-1,-1,10,1,10
2017301800013,1,9,0,18,0,1,0,0,0,0,3,1,6,1,74,10,2179,2,6,6,3,6
2017301800014,1,5,0,18,0,0,1,0,7,4,1,1,6,1,26,6,999,1,-1,7,1,7
2017301800015,1,9,0,13,0,0,2,0,5,6,1,1,6,1,17,4,-1,-1,-1,2,1,2
2017301800015,2,9,0,18,0,0,0,0,0,0,2,1,6,2,27,6,1197,1,1,4,1,4
2017301800017,1,9,0,2,0,2,0,0,0,0,2,1,6,3,-1,-1,999,1,4,-1,-1,-1
2017301800017,2,9,0,18,0,2,0,0,0,0,1,1,6,1,31,6,1299,1,14,3,1,3
2017301800018,1,9,0,6,0,0,0,0,0,0,3,1,6,1,55,8,1364,1,3,8,1,8
2017301800018,2,9,0,18,0,0,0,0,7,0,4,1,6,1,40,7,2993,2,2,9,1,9
2017301800019,1,9,0,9,0,1,0,0,0,0,1,1,6,1,28,6,-1,-1,-1,1,1,1
2017301800019,2,3,0,18,0,1,1,0,0,0,4,1,6,1,46,8,124,1,12,2,1,2
2017301800031,1,9,0,18,0,0,0,4,0,0,1,1,1,1,34,6,-1,-1,-1,1,1,1
2017301800031,2,9,0,2,0,0,0,0,0,0,3,1,6,3,-1,-1,2198,2,11,-1,-1,-1
2017301800051,1,9,0,18,0,2,0,0,7,10,1,1,6,1,38,7,1956,2,6,1,1,1
2017301800051,2,9,0,18,0,1,0,0,0,0,0,1,6,1,47,8,1598,1,3,1,1,1
2017301800064,1,9,0,18,0,0,5,0,0,0,1,2,2,1,28,6,1968,2,4,5,2,5
2017301800064,2,21,0,18,0,0,0,0,0,0,1,1,1,1,35,6,9290,2,1,1,1,1
2017301800065,1,9,0,18,0,1,0,0,0,0,1,1,6,1,27,6,1598,1,16,5,1,5
2017301800065,2,9,0,7,0,6,0,0,0,0,1,1,6,2,55,8,1598,1,11,2,1,2
2017301800080,1,9,0,16,0,4,0,0,0,0,3,1,6,1,41,7,1896,2,9,6,1,6
2017301800080,2,9,0,16,0,4,0,0,0,0,4,1,6,2,36,7,1900,2,12,9,1,9
2017301800091,1,11,0,18,0,1,0,0,0,0,1,1,1,1,54,8,6871,2,9,6,1,6
2017301800121,1,9,0,16,0,0,0,4,0,0,1,1,6,1,19,4,1399,2,13,9,1,9
2017301800121,2,9,0,2,0,0,0,0,0,0,3,1,6,2,49,8,1598,1,5,7,1,7
2017301800122,1,9,0,18,0,1,0,0,0,0,1,1,6,1,-1,-1,1364,1,3,5,1,5
2017301800122,2,9,0,3,0,1,0,0,0,0,2,1,6,1,24,5,1198,1,10,7,3,7
2017301800135,1,21,1,18,0,1,0,0,0,0,1,1,1,1,24,5,12419,2,7,2,1,2
2017301800135,2,9,0,10,0,1,0,0,0,0,2,1,6,2,24,5,1968,2,6,7,3,7
2017301800161,1,21,1,5,0,1,0,0,0,0,3,1,1,1,58,9,12419,2,-1,10,1,10
2017301800161,2,19,0,5,0,1,0,0,0,0,4,1,1,1,36,7,2497,2,6,2,1,2
2017301800163,1,9,0,14,0,2,0,0,0,0,1,1,6,1,66,10,1685,2,3,6,3,6
2017301800163,2,9,0,18,0,1,0,0,0,0,1,1,6,1,59,9,1968,2,4,9,1,9
2017301800163,3,9,0,2,0,2,0,0,0,0,0,1,6,3,-1,-1,-1,-1,-1,-1,-1,-1
2017301800232,1,9,0,18,0,0,0,0,0,0,4,1,6,3,-1,-1,-1,-1,-1,-1,-1,-1
2017301800232,2,1,0,18,0,0,0,0,0,0,2,1,6,1,28,6,-1,-1,-1,4,1,4
2017301800234,1,9,0,18,0,2,0,0,2,10,3,1,6,1,89,11,1796,1,14,4,1,4
2017301800234,2,9,0,18,0,1,0,0,0,0,1,1,6,2,32,6,1461,2,5,8,1,8
2017301800234,3,9,0,18,0,1,0,0,0,0,1,1,6,2,-1,-1,1598,2,3,5,3,5
2017301800234,4,9,0,3,0,1,0,0,0,0,1,1,6,2,19,4,998,1,2,8,3,8
2017301800234,5,9,0,3,0,2,0,0,0,0,4,1,1,1,43,7,1332,1,18,-1,1,-1
2017301800235,1,9,0,17,0,2,0,0,1,10,1,1,6,1,66,10,1461,2,3,10,1,10
2017301800264,1,9,0,18,0,0,0,0,0,0,1,1,6,2,51,8,1329,1,7,7,3,7
2017301800264,2,9,0,1,0,0,0,0,0,0,2,1,6,1,67,10,1984,1,19,6,1,6
2017301800280,1,9,0,18,0,1,0,0,0,0,1,1,6,3,-1,-1,1598,1,13,5,1,5
2017301800280,2,9,0,3,0,1,0,0,0,0,2,1,6,1,44,7,1248,2,9,-1,-1,-1
2017301800280,3,9,0,3,0,1,0,0,0,0,2,1,6,3,-1,-1,1995,2,13,5,1,5
2017301800280,4,9,0,3,0,1,0,0,0,0,2,1,6,3,-1,-1,1995,2,2,5,1,5
2017301800281,1,9,0,15,9,0,0,0,0,0,4,1,6,3,-1,-1,-1,-1,-1,-1,-1,-1
2017301800293,1,21,1,13,0,0,0,0,0,0,4,1,1,1,48,8,15607,2,14,4,2,4
2017301800293,2,1,0,18,0,0,0,0,0,0,3,1,6,1,34,6,-1,-1,-1,2,1,2
2017301800355,1,9,0,9,0,6,0,0,0,0,1,1,6,1,77,11,1197,1,-1,7,3,7
2017301800355,2,90,0,18,0,8,0,0,0,0,1,1,6,1,27,6,800,1,-1,2,1,2
201731A000517,1,9,0,9,0,6,0,0,0,0,4,1,6,1,48,8,1599,1,13,2,1,2
201731A000517,2,19,0,18,0,8,0,0,0,0,1,1,6,1,37,7,1995,2,5,8,1,8
201731A001317,1,9,0,18,0,0,0,0,0,0,1,1,6,1,27,6,-1,-1,-1,5,1,5
201731A001317,2,9,0,3,0,0,0,0,0,0,2,1,6,1,65,9,1120,2,4,4,2,4
201731A001317,3,9,0,3,0,0,0,0,0,0,2,1,6,2,36,7,-1,-1,-1,5,3,5
201731A001317,4,9,0,3,0,0,1,0,0,0,2,1,6,1,67,10,1685,2,1,4,2,4
201731A002117,1,9,0,9,0,5,0,0,0,0,3,1,6,1,27,6,1229,1,12,2,1,2
201731A002117,2,3,0,18,0,8,0,0,1,0,4,1,2,1,19,4,125,1,1,-1,-1,-1
201731A002717,1,3,0,4,0,1,0,0,0,0,4,1,6,1,22,5,125,1,18,2,1,2
201731A002717,2,21,0,9,0,5,0,0,0,0,3,1,1,1,-1,-1,12777,2,3,7,1,7
201731A002817,1,9,0,18,0,0,0,0,1,9,1,1,6,1,49,8,1598,1,14,6,1,6
201731A002817,2,19,0,18,0,0,0,0,1,0,3,1,6,1,26,6,2402,2,13,7,1,7
201731A003317,1,9,0,17,0,0,0,4,0,0,1,1,2,1,22,5,998,1,5,6,1,6
201731A003317,2,9,0,2,0,0,0,0,0,0,1,1,6,3,-1,-1,1461,2,2,-1,-1,-1
201731A003817,1,8,0,7,0,6,0,0,0,0,1,1,1,1,49,8,-1,-1,-1,4,1,4
201731A003817,2,1,0,18,0,8,0,0,0,0,4,1,6,1,45,7,-1,-1,-1,4,1,4
201731A004217,1,9,0,7,0,5,0,0,0,0,1,1,2,2,36,7,1995,2,4,2,1,2
201731A004217,2,1,0,18,0,2,0,0,0,0,1,1,4,1,14,3,-1,-1,-1,6,1,6
201731A004517,1,9,0,2,9,1,0,0,0,0,3,1,6,1,26,6,1896,2,14,3,1,3
201731A004517,2,1,0,14,5,1,0,0,0,0,1,1,2,1,44,7,-1,-1,-1,7,1,7
201731A004817,1,11,0,16,0,1,0,0,0,0,0,1,1,1,37,7,4250,2,8,1,1,1
201731A005117,1,9,0,18,0,4,0,0,0,0,1,1,6,1,75,10,1560,2,3,10,1,10
201731A005117,2,9,0,9,0,5,0,0,0,0,4,1,6,2,34,6,1995,2,4,8,1,8
201731A005317,1,9,0,9,0,6,0,0,0,0,3,1,6,2,52,8,998,1,4,2,1,2
201731A005317,2,3,0,18,0,8,0,0,0,0,1,1,2,1,22,5,102,1,2,7,1,7
201731A005717,1,11,0,4,0,0,0,0,0,0,0,1,1,1,43,7,4500,2,5,4,1,4
201731A006117,1,19,4,18,0,0,0,0,0,0,0,1,1,1,34,6,1968,2,6,2,1,2
201731A006517,1,9,0,18,0,0,0,0,7,2,1,1,6,2,73,10,1582,2,10,2,1,2
201731A006917,1,9,0,16,0,0,0,0,7,0,1,1,6,1,26,6,1968,2,12,3,3,3
201731A006917,2,9,0,17,0,0,0,0,0,0,1,1,6,1,48,8,2148,2,13,4,1,4
201731A007117,1,9,0,18,0,1,0,0,0,0,1,1,6,1,33,6,2993,2,14,6,1,6
201731A007217,1,9,0,18,0,1,0,4,0,0,4,1,6,2,63,9,1396,2,6,1,1,1
201731A007217,2,9,0,2,0,1,0,0,0,0,4,1,6,1,43,7,1798,1,10,1,1,1
201731A007917,1,9,0,18,0,1,0,0,0,0,3,1,2,1,52,8,1398,2,7,7,3,7
201731A008717,1,3,0,13,0,8,1,0,0,0,1,1,6,1,21,5,125,1,1,4,1,4
201731A008717,2,19,0,9,0,5,0,0,0,0,3,1,1,1,44,7,1968,2,2,2,1,2
201731A009117,1,9,0,9,0,2,0,0,0,0,1,1,6,2,23,5,1390,1,5,3,2,3
201731A009317,1,9,0,2,0,0,0,0,0,0,1,1,6,1,85,11,1984,2,6,5,1,5
201731A009317,2,9,0,18,0,0,0,0,0,0,1,1,6,2,25,5,1598,2,5,5,1,5
201731A009817,1,22,0,18,0,8,5,0,0,0,4,1,6,2,-1,-1,-1,-1,-1,2,1,2
201731A009817,2,9,0,7,0,6,0,0,0,0,1,1,2,2,48,8,1397,1,10,1,1,1
201731A010117,1,9,0,9,0,6,0,0,0,0,3,1,6,1,27,6,1149,1,13,1,1,1
201731A010117,2,9,0,16,0,8,0,0,0,0,1,1,6,2,34,6,1339,1,3,7,1,7
201731A010517,1,9,0,9,0,5,0,0,0,0,4,1,6,1,19,4,1595,1,13,6,1,6
201731A010517,2,1,0,18,0,8,0,0,0,0,1,1,6,1,19,4,-1,-1,-1,4,2,4
201731A010817,1,9,0,7,0,6,0,0,0,0,1,1,6,2,73,10,1997,2,5,2,1,2
201731A010817,2,19,0,14,0,1,0,0,0,0,1,1,1,2,55,8,2198,2,7,2,1,2
201731A011417,1,19,0,18,0,8,0,0,0,0,4,1,6,3,-1,-1,-1,-1,-1,-1,-1,-1
201731A011417,2,3,0,18,0,8,1,10,0,0,3,1,6,1,27,6,125,1,5,1,1,1
201731A011817,1,19,0,9,0,5,0,0,0,0,1,1,2,1,58,9,1461,2,10,1,1,1
201731A011817,2,5,0,18,0,8,0,0,0,0,3,1,2,1,23,5,1250,1,14,1,1,1
201731A013217,1,3,0,9,0,6,1,0,1,10,1,1,6,1,18,4,124,1,7,7,1,7
201731A013717,1,9,0,7,0,3,0,0,0,0,4,1,6,2,68,10,1339,1,2,9,1,9
201731A015517,1,2,0,6,0,0,0,0,0,0,3,1,6,1,16,4,50,1,1,2,1,2
201731A015517,2,9,0,13,0,0,1,0,0,0,1,1,6,1,53,8,1998,1,17,7,1,7
201731A016017,1,9,0,12,0,0,0,0,0,0,3,1,2,2,57,9,1461,2,6,1,1,1
201731A016017,2,9,0,18,0,0,2,0,5,10,4,1,2,1,31,6,1461,2,1,5,1,5
201731A016017,3,9,0,18,0,0,0,0,5,10,2,1,2,2,57,9,1461,2,2,8,1,8
201731A016317,1,9,0,18,0,0,0,0,1,11,1,1,6,1,40,7,1834,1,17,5,1,5
201731A016517,1,9,0,9,0,6,0,0,0,0,1,1,2,2,21,5,1596,1,5,9,1,9
201731A016517,2,3,0,18,0,8,0,0,0,0,4,1,2,1,25,5,124,1,1,7,2,7
201731A016617,1,9,0,18,0,0,1,0,0,0,1,1,2,2,25,5,1197,1,2,10,2,10
201731A016617,2,9,0,5,0,0,0,0,0,0,2,1,2,1,30,6,1200,1,1,1,1,1
201731A016917,1,9,0,9,0,5,0,0,0,0,1,1,3,2,43,7,1329,1,1,5,1,5
201731A016917,2,9,0,18,0,8,0,0,0,0,1,1,6,2,32,6,1360,1,18,4,1,4
201731A017817,1,19,0,1,0,0,0,0,0,0,2,1,6,3,-1,-1,-1,-1,-1,-1,-1,-1
201731A017817,2,9,0,2,0,0,0,0,0,0,3,1,6,2,24,5,1199,1,15,2,1,2
201731A018217,1,9,0,16,0,0,0,0,0,0,1,1,6,1,-1,-1,1368,1,1,-1,-1,-1
201731A018217,2,9,0,17,0,0,0,0,0,0,2,1,6,2,65,9,1956,2,4,5,1,5
201731A018217,3,9,0,17,0,0,0,0,0,0,1,1,6,2,30,6,1299,1,15,7,1,7
201731A018317,1,11,0,17,0,1,0,0,0,0,0,1,1,2,41,7,3900,2,13,1,1,1
201731A018817,1,9,0,9,9,6,0,0,0,0,3,1,2,1,60,9,1598,2,2,3,1,3
201731A019117,1,9,0,18,0,0,0,0,2,0,1,1,6,1,23,5,1896,2,9,5,1,5
201731A019117,2,9,0,18,0,0,0,0,1,9,1,1,6,2,43,7,1997,1,14,2,1,2
201731A019217,1,9,0,9,0,5,0,0,0,0,1,1,6,1,17,4,1560,2,8,2,1,2
201731A019217,2,9,0,18,0,8,0,0,0,0,1,1,6,1,25,5,1275,1,20,5,1,5
201731A019717,1,5,0,18,0,0,1,0,0,0,1,1,2,1,20,4,645,1,1,4,1,4
201731A021217,1,9,0,3,0,0,0,0,0,0,2,1,6,2,32,6,1753,2,6,4,1,4
201731A021217,2,9,0,18,0,0,0,0,0,0,1,1,6,3,-1,-1,1242,1,18,-1,-1,-1
201731A021617,1,9,0,6,0,0,0,0,0,0,1,1,6,2,44,7,1389,1,14,3,1,3
201731A021617,2,3,0,18,0,0,0,0,0,0,1,1,6,1,21,5,-1,-1,-1,4,1,4
201731A024217,1,9,0,13,0,0,0,0,0,0,4,1,6,1,-1,-1,-1,-1,-1,-1,-1,-1
201731A024717,1,9,0,18,0,8,0,0,7,7,4,1,6,3,-1,-1,999,1,1,-1,-1,-1
201731A024717,2,9,0,18,0,8,0,0,0,0,1,1,6,1,18,4,973,1,14,9,1,9
201731A024917,1,19,0,18,0,0,0,0,0,0,1,1,1,1,19,4,1560,2,1,3,1,3
201731A024917,2,21,1,18,0,0,0,0,0,0,2,1,1,1,48,8,12777,2,4,1,1,1
201731A025117,1,19,0,13,0,0,0,0,0,0,1,1,6,1,29,6,-1,-1,-1,1,1,1
201731A025117,2,9,0,18,0,0,0,0,0,0,1,1,2,1,55,8,-1,-1,-1,-1,-1,-1
201731A027617,1,9,0,9,0,6,0,0,0,0,3,1,6,2,39,7,3189,1,10,2,1,2
201731A027617,2,1,0,18,0,8,0,0,0,0,1,1,1,1,48,8,-1,-1,-1,4,1,4
201731A029017,1,9,0,18,0,0,0,0,0,0,2,1,6,1,45,7,2979,1,14,3,1,3
201731A029017,2,20,0,18,0,0,0,0,0,0,1,1,1,1,39,7,-1,-1,-1,3,1,3