Accident_Index,Vehicle_Reference,Vehicle_Type,Towing_and_Articulation,Vehicle_Manoeuvre,Vehicle_Location-Restricted_Lane,Junction_Location,Skidding_and_Overturning,Hit_Object_in_Carriageway,Vehicle_Leaving_Carriageway,Hit_Object_off_Carriageway,1st_Point_of_Impact,Was_Vehicle_Left_Hand_Drive?,Journey_Purpose_of_Driver,Sex_of_Driver,Age_of_Driver,Age_Band_of_Driver,Engine_Capacity_(CC),Propulsion_Code,Age_of_Vehicle,Driver_IMD_Decile,Driver_Home_Area_Type,Vehicle_IMD_Decile
201731A029117,1,9,0,18,0,1,1,0,1,0,1,1,6,1,29,6,1598,1,15,-1,-1,-1
201731A029117,2,9,0,7,0,5,0,0,0,0,0,1,6,1,26,6,1149,1,14,-1,-1,-1
201731A029217,1,9,0,18,0,0,0,0,0,0,2,1,6,2,22,5,1598,1,11,4,2,4
201731A029217,2,9,0,18,0,0,0,0,0,0,1,1,6,2,25,5,998,1,11,4,2,4
201731A029317,1,9,0,3,0,1,0,0,0,0,2,1,2,1,37,7,2000,1,23,9,1,9
201731A029317,2,9,0,14,0,1,0,0,0,0,1,1,2,1,36,7,1968,2,7,3,1,3
201731A029917,1,9,0,18,0,0,0,0,0,0,4,1,6,1,46,8,2996,1,10,6,2,6
201731A029917,2,3,0,12,0,0,1,0,0,0,3,1,6,1,26,6,124,1,26,10,2,10
201731A030517,1,9,0,4,0,1,0,0,0,0,2,1,6,1,39,7,3456,8,10,10,1,10
201731A030517,2,9,0,18,0,1,0,0,0,0,1,1,6,2,46,8,1242,1,14,1,1,1
201731A030817,1,5,0,16,0,0,0,0,7,4,1,1,6,1,43,7,-1,-1,-1,2,3,2
201731A031217,1,9,0,9,0,6,0,0,0,0,0,1,6,1,66,10,1896,2,12,4,1,4
201731A031217,2,2,0,18,0,1,1,0,0,0,4,1,6,1,24,5,49,1,8,2,1,2
201731A031517,1,9,0,9,0,6,0,0,0,0,1,1,6,2,27,6,1461,2,4,2,1,2
201731A031517,2,9,0,18,0,8,0,0,0,0,4,1,6,2,40,7,1560,2,5,5,1,5
201731A031617,1,9,0,18,0,1,0,0,0,0,1,1,6,2,40,7,1798,1,4,4,1,4
201731A031617,2,9,0,10,0,8,0,0,0,0,2,1,6,2,44,7,1783,1,13,3,1,3
201731A032217,1,9,0,2,0,1,0,0,3,11,1,1,6,2,22,5,1596,1,9,2,1,2
201731A032617,1,9,0,7,0,3,0,0,0,0,1,1,6,1,25,5,1598,1,15,9,1,9
201731A032617,2,5,0,7,0,3,0,0,0,0,2,1,6,1,45,7,599,1,9,6,1,6
201731A033117,1,9,0,17,0,1,0,7,0,0,3,1,6,1,61,9,1396,1,13,4,1,4
201731A034117,1,9,0,18,0,0,0,0,0,0,1,1,1,2,50,8,998,1,2,5,1,5
201731A034117,2,9,0,4,0,0,0,0,0,0,2,1,6,1,23,5,-1,-1,-1,5,3,5
201731A035617,1,9,0,5,0,6,0,0,0,0,1,1,2,2,35,6,1590,1,10,6,1,6
201731A035617,2,9,0,18,0,8,0,0,0,0,4,1,6,2,35,6,-1,-1,-1,3,1,3
201731A036117,1,3,0,18,0,0,1,0,1,0,3,1,2,2,23,5,124,1,3,3,1,3
201731A036417,1,1,0,18,0,0,0,0,0,0,1,1,2,1,31,6,-1,-1,-1,6,3,6
201731A037017,1,9,0,18,0,8,0,0,1,2,1,1,6,1,35,6,1910,2,13,1,1,1
201731A037017,2,9,0,18,0,8,0,0,0,0,1,1,6,2,22,5,1910,2,13,2,1,2
201731A037717,1,9,0,11,0,0,0,0,0,0,4,1,2,1,57,9,1796,1,12,4,1,4
201731A037717,2,9,0,18,0,0,0,0,0,0,3,1,2,1,-1,-1,1796,1,10,2,1,2
201731A039117,1,9,0,18,0,8,0,0,0,0,4,1,6,2,50,8,998,1,6,8,1,8
201731A039117,2,1,0,7,0,6,0,0,0,0,1,1,1,1,38,7,-1,-1,-1,-1,-1,-1
201731A039517,1,9,0,17,0,0,2,0,2,2,1,1,6,1,69,10,2902,2,12,5,1,5
201731A039917,1,8,0,18,0,1,0,0,0,0,1,1,1,1,31,6,1560,2,3,2,1,2
201731A041217,1,9,0,9,0,6,0,0,0,0,4,1,6,2,68,10,1998,1,17,-1,-1,-1
201731A041217,2,9,0,18,0,8,0,0,0,0,1,1,6,1,-1,-1,1390,1,2,1,1,1
201731A041317,1,9,0,18,0,8,0,0,0,0,1,1,6,2,22,5,998,1,5,2,1,2
201731A041317,2,9,0,18,0,8,0,0,0,0,1,1,2,2,47,8,1796,1,10,-1,-1,-1
201731A043817,1,9,0,7,0,5,0,0,0,0,4,1,6,2,36,7,1360,1,13,4,1,4
201731A043817,2,9,0,18,0,8,0,0,0,0,1,1,6,1,26,6,1199,2,5,-1,-1,-1
201731A044317,1,9,0,9,0,6,0,0,0,0,1,1,6,1,36,7,1339,8,4,3,1,3
201731A044317,2,9,0,18,0,1,0,0,0,0,1,1,6,2,21,5,1399,2,8,3,1,3
201731A044817,1,9,0,9,0,6,0,0,0,0,4,1,2,1,27,6,1753,2,11,-1,-1,-1
201731A044817,2,9,0,18,0,8,0,0,0,0,1,1,6,1,34,6,1398,1,6,1,1,1
201731A044817,3,11,0,10,0,1,0,0,0,0,3,1,1,1,32,6,4461,2,4,-1,-1,-1
201731A045617,1,9,0,17,0,0,0,0,1,1,1,1,6,1,27,6,1396,1,13,-1,-1,-1
201731A045817,1,9,0,18,0,1,0,0,0,0,1,1,6,2,34,6,1618,1,1,4,1,4
201731A045817,2,9,0,3,0,1,0,0,0,0,2,1,6,1,-1,-1,-1,-1,-1,8,1,8
201731A046917,1,9,0,17,0,0,2,10,1,9,4,1,6,1,19,4,1149,1,12,8,2,8
201731A047017,1,3,0,18,0,2,0,0,0,0,1,1,6,3,-1,-1,125,1,4,-1,-1,-1
201731A048517,1,9,0,18,0,1,0,0,0,0,1,1,2,2,20,4,1598,2,6,5,1,5
201731A048517,2,9,0,10,0,1,0,0,0,0,2,1,2,1,48,8,1108,1,30,6,1,6
201731A048517,3,19,0,18,0,1,0,0,0,0,1,1,1,1,51,8,2198,2,4,-1,-1,-1
201731A050817,1,3,0,18,0,0,1,0,0,0,3,1,6,2,20,4,125,1,4,2,1,2
201731A051717,1,9,3,14,0,0,0,0,0,0,4,1,6,1,-1,-1,2199,2,5,3,1,3
201731A051717,2,1,0,16,0,0,0,0,0,0,3,1,6,1,34,6,-1,-1,-1,3,1,3
201731A051817,1,9,0,18,0,8,0,0,0,0,1,1,6,1,22,5,998,1,-1,-1,-1,-1
201731A051817,2,9,0,18,0,8,0,0,0,0,3,1,6,1,46,8,1997,2,14,-1,-1,-1
201731A053217,1,19,0,9,0,5,0,0,0,0,4,1,1,1,21,5,2198,2,4,3,1,3
201731A053217,2,3,0,18,0,8,0,0,0,0,1,1,6,2,33,6,125,1,3,3,2,3
201731A053717,1,9,0,9,0,6,0,0,0,0,4,1,1,1,41,7,2184,2,3,8,1,8
201731A053717,2,1,0,18,0,8,0,0,0,0,1,1,1,1,43,7,-1,-1,-1,2,1,2
201731A053917,1,9,0,18,0,0,0,0,0,0,1,1,1,1,26,6,-1,-1,-1,6,1,6
201731A053917,2,9,0,4,0,0,0,0,0,0,2,1,6,1,43,7,2494,1,13,1,1,1
201731A055317,1,9,0,1,0,6,0,0,0,0,2,1,6,1,52,8,-1,-1,-1,7,3,7
201731A056617,1,9,0,18,0,0,1,10,7,3,4,1,6,1,23,5,1896,2,15,5,1,5
201731A056617,2,9,0,18,0,0,0,0,0,0,0,1,6,3,-1,-1,-1,-1,-1,-1,-1,-1
201731A059717,1,9,0,5,0,2,0,0,0,0,3,1,6,2,-1,-1,998,1,4,6,1,6
201731A059717,2,2,0,13,0,2,0,0,0,0,1,1,6,2,20,4,50,1,3,1,1,1
201731A060717,1,9,0,4,0,1,0,0,0,0,1,1,1,2,38,7,1685,2,1,4,1,4
201731A060717,2,1,0,18,9,8,0,0,0,0,4,1,6,2,18,4,-1,-1,-1,8,1,8
201731A062017,1,11,0,4,0,1,0,0,0,0,0,1,1,2,39,7,-1,-1,-1,-1,-1,-1
201731A063417,1,3,0,18,0,8,0,0,0,0,1,1,6,1,30,6,124,1,6,7,1,7
201731A064517,1,9,0,16,0,8,0,4,0,0,1,1,6,1,33,6,1388,1,13,-1,-1,-1
201731A064517,2,9,0,2,0,1,0,0,1,11,3,1,6,3,-1,-1,1198,1,4,-1,-1,-1
201731A065517,1,20,0,18,0,8,0,0,0,0,1,1,1,1,54,8,-1,-1,-1,7,3,7
201731A065517,2,9,0,18,0,8,0,0,0,0,2,1,6,2,-1,-1,1997,1,5,3,1,3
201731A065617,1,9,0,9,0,5,0,0,0,0,1,1,6,1,46,8,1495,1,16,2,1,2
201731A065617,2,9,0,18,0,8,0,0,0,0,1,1,6,1,49,8,-1,-1,-1,7,1,7
201731A066517,1,9,0,18,0,4,1,0,0,0,1,1,1,1,28,6,1560,2,10,3,1,3
201731A066517,2,9,0,9,0,8,0,0,0,0,4,1,1,1,19,4,1242,1,5,5,2,5
201731A066917,1,9,0,17,0,8,1,0,7,7,3,1,6,1,33,6,2000,1,42,8,1,8
201731A067417,1,5,0,18,0,8,1,4,0,0,1,1,6,1,19,4,599,1,20,1,1,1
201731A067417,2,9,0,2,0,8,0,4,0,0,1,1,6,3,-1,-1,1995,2,4,-1,-1,-1
201731A067417,3,9,0,2,0,8,0,0,0,0,2,1,6,3,-1,-1,-1,-1,-1,-1,-1,-1
201731A067617,1,9,0,18,0,1,0,0,0,0,1,1,6,1,36,7,1598,2,8,4,1,4
201731A067617,2,9,0,2,0,2,0,0,0,0,3,1,1,1,-1,-1,1560,2,3,5,3,5
201731A067717,1,11,0,2,2,0,0,0,0,0,0,1,6,1,47,8,3900,2,13,-1,-1,-1
201731A067917,1,9,0,5,0,1,0,0,0,0,1,1,6,2,25,5,999,1,2,-1,-1,-1
201731A067917,2,9,0,7,0,1,0,0,0,0,2,1,6,2,44,7,-1,-1,-1,-1,-1,-1
201731A068117,1,9,0,9,0,6,0,0,0,0,1,1,6,1,20,4,1229,1,11,9,1,9
201731A068117,2,1,0,18,0,8,0,0,0,0,3,1,6,1,-1,-1,-1,-1,-1,-1,-1,-1
201731A068217,1,9,0,5,0,8,1,0,0,0,4,1,6,1,22,5,1995,2,-1,4,1,4
201731A068917,1,11,0,18,0,2,0,0,0,0,0,1,1,1,-1,-1,3900,2,13,4,1,4
201731A070117,1,9,0,18,0,0,0,0,0,0,1,1,6,1,28,6,1995,2,10,9,1,9
201731A071317,1,5,0,15,2,8,0,0,0,0,1,1,6,1,53,8,-1,-1,-1,2,2,2
201731A071317,2,9,0,9,0,5,0,0,0,0,1,1,6,1,31,6,1968,2,4,6,1,6
201731A071317,3,9,0,3,0,1,0,0,0,0,1,1,6,2,-1,-1,998,1,3,5,1,5
201731A071517,1,11,0,5,0,1,0,0,0,0,1,1,1,1,46,8,6696,2,3,2,1,2
201731A071517,2,9,0,3,0,1,0,0,0,0,2,1,2,1,32,6,1956,2,3,3,1,3
201731A072617,1,9,0,18,0,1,1,10,0,0,3,1,6,1,21,5,1596,1,14,1,1,1
201731A072617,2,9,0,5,0,1,0,0,0,0,3,1,6,1,33,6,1799,1,10,8,1,8
201731A073617,1,11,0,18,0,1,0,0,0,0,0,1,1,1,56,9,8268,2,14,2,1,2
201731A073817,1,3,0,17,0,0,0,0,1,0,1,1,6,1,18,4,124,1,2,-1,-1,-1
201731A073817,2,9,0,2,9,0,0,0,0,0,2,1,6,3,-1,-1,1588,1,14,-1,-1,-1
201731A074117,1,8,0,11,0,0,0,0,0,0,4,1,1,1,47,8,1995,2,1,5,1,5
201731A074117,2,9,0,18,0,0,0,0,0,0,3,1,2,1,40,7,1997,2,-1,8,1,8
201731A074217,1,9,0,1,0,1,0,0,0,0,2,1,6,1,37,7,1968,2,3,-1,-1,-1
201731A074217,2,19,0,3,0,1,0,0,0,0,1,1,1,1,46,8,1461,2,12,4,1,4
201731A074317,1,9,0,9,0,6,0,0,0,0,0,1,6,3,-1,-1,1199,1,16,-1,-1,-1
201731A074317,2,9,0,18,0,8,0,0,0,0,0,1,6,1,44,7,-1,-1,-1,3,2,3
201731A075017,1,19,0,18,0,1,0,0,0,0,1,1,6,1,72,10,2148,2,12,4,1,4
201731A075017,2,9,0,3,0,1,0,0,0,0,2,1,6,1,33,6,2199,2,5,2,1,2
201731A076717,1,9,0,4,0,1,0,0,0,0,1,1,6,2,21,5,1762,1,18,1,1,1
201731A076717,2,9,0,3,0,1,0,0,0,0,2,1,2,2,56,9,1388,1,8,7,1,7
201731A076817,1,3,0,9,0,6,0,0,0,0,0,1,6,3,-1,-1,-1,-1,-1,-1,-1,-1
201731A076817,2,11,0,18,0,1,0,0,0,0,0,1,1,1,37,7,4500,2,5,5,1,5
201731A076917,1,11,0,18,0,0,0,0,0,0,0,1,1,1,61,9,3900,2,13,2,1,2
201731A077417,1,8,0,18,0,1,0,0,0,0,4,1,1,3,-1,-1,-1,-1,-1,-1,-1,-1
201731A077817,1,9,0,18,0,0,0,0,0,0,1,1,3,2,58,9,1149,1,1,5,3,5
201731A078117,1,9,0,18,0,1,0,0,1,11,1,1,6,1,30,6,-1,-1,-1,2,1,2
201731A078317,1,9,0,4,0,1,0,0,0,0,2,1,1,1,30,6,1984,1,6,7,1,7
201731A078317,2,9,0,18,0,1,0,0,0,0,1,1,1,1,57,9,2179,2,5,6,2,6
201731A078517,1,9,0,18,0,3,1,0,1,10,4,1,6,1,26,6,1968,2,10,1,1,1
201731A078617,1,9,0,18,0,1,0,0,0,0,1,1,6,1,57,9,2685,2,13,5,1,5
201731A078617,2,9,0,4,0,1,0,0,0,0,2,1,6,2,29,6,1248,2,7,4,1,4
201731A078717,1,9,0,9,0,5,5,0,0,0,0,1,1,2,56,9,1461,2,-1,2,1,2
201731A078717,2,3,0,18,0,1,1,0,0,0,3,1,6,1,30,6,123,1,1,8,1,8
201731A078817,1,9,0,7,0,6,0,0,0,0,3,1,6,2,30,6,973,1,16,8,1,8
201731A078817,2,9,0,18,0,8,0,0,0,0,1,1,6,2,48,8,1398,1,7,2,1,2
201731A079317,1,9,0,5,0,6,0,0,0,0,1,1,6,1,49,8,1598,1,-1,4,1,4
201731A079317,2,19,0,18,0,1,0,0,0,0,1,1,6,1,21,5,2488,2,6,5,1,5
201731A079517,1,9,0,18,0,0,0,10,1,0,4,1,6,1,28,6,1390,1,13,1,1,1
201731A079717,1,9,0,5,0,4,0,0,0,0,1,1,6,2,45,7,1796,1,12,7,1,7
201731A079717,2,1,0,18,0,8,0,0,0,0,4,1,2,1,38,7,-1,-1,-1,-1,-1,-1
201731A080117,1,9,0,18,0,0,1,4,0,0,1,1,6,1,19,4,-1,-1,-1,2,1,2
201731A080117,2,19,0,2,0,0,0,0,0,0,3,1,6,3,-1,-1,2188,2,15,-1,-1,-1
201731A080117,3,9,0,2,0,0,0,0,0,0,1,1,6,3,-1,-1,1108,1,16,-1,-1,-1
201731A080217,1,9,0,9,0,5,0,0,0,0,1,1,6,2,42,7,1587,1,13,-1,-1,-1
201731A080217,2,9,0,17,0,8,0,0,0,0,1,1,6,2,49,8,1686,2,4,-1,-1,-1
201731A080417,1,11,0,5,0,1,0,0,0,0,0,1,1,1,45,7,4500,2,1,3,2,3
201731A081117,1,1,0,18,0,8,0,0,0,0,3,1,6,1,13,3,-1,-1,-1,1,1,1
201731A081117,2,9,0,4,0,1,0,0,0,0,4,1,6,1,47,8,1360,1,14,1,1,1
201731A081617,1,9,0,13,0,0,0,0,0,0,0,1,6,3,-1,-1,-1,-1,-1,-1,-1,-1
201731A081617,2,9,0,18,0,0,0,0,1,10,1,1,1,2,37,7,1560,2,3,4,1,4
201731A081717,1,9,0,7,0,6,0,0,0,0,1,1,6,2,20,4,1388,1,20,5,1,5
201731A081717,2,9,0,18,0,1,0,0,7,11,3,1,6,1,74,10,1598,1,12,5,1,5
201731A084417,1,9,0,18,0,0,0,0,0,0,1,1,6,3,-1,-1,-1,-1,-1,-1,-1,-1
201731A085017,1,9,0,9,0,5,0,0,0,0,3,1,6,1,21,5,-1,-1,-1,9,1,9
201731A085017,2,9,0,9,0,5,0,0,1,2,4,1,6,1,20,4,796,1,8,9,1,9
201731A085517,1,9,0,9,0,5,0,0,0,0,1,1,6,2,26,6,-1,-1,-1,1,1,1
201731A085517,2,9,0,18,0,8,0,0,0,0,1,1,6,1,52,8,1242,1,2,6,1,6
201731A086017,1,1,0,18,0,6,1,0,0,0,3,1,6,1,53,8,-1,-1,-1,3,1,3
201731A086017,2,9,0,18,0,2,0,0,0,0,1,1,6,1,18,4,1398,1,1,5,1,5
201731A086417,1,19,0,18,0,8,0,0,0,0,1,1,6,1,47,8,-1,-1,-1,2,1,2
201731A086417,2,9,0,18,0,8,0,0,0,0,1,1,6,1,42,7,1149,1,13,2,1,2
201731A086617,1,21,1,18,0,0,0,0,0,0,4,1,1,1,48,8,12777,2,4,1,1,1
201731A087517,1,9,0,18,0,0,1,0,7,10,1,1,6,1,19,4,1396,1,13,4,1,4
201731A087717,1,9,0,9,0,5,0,0,0,0,1,1,6,1,21,5,1598,1,14,2,2,2
201731A087717,2,9,0,16,0,8,0,0,0,0,3,1,6,1,31,6,1598,1,23,5,1,5
201731A088217,1,9,0,18,0,0,0,0,0,0,1,1,6,3,-1,-1,-1,-1,-1,-1,-1,-1
201731A088217,2,9,0,3,0,0,0,0,0,0,2,1,2,1,22,5,1461,2,4,6,3,6
201731A088417,1,9,0,9,0,6,0,0,0,0,1,1,6,1,26,6,998,1,14,1,1,1
201731A088417,2,9,0,18,0,8,0,0,0,0,3,1,6,2,42,7,1586,1,1,6,1,6
201731A088517,1,9,0,17,0,0,0,0,1,4,1,1,6,1,36,7,1598,1,11,4,1,4
201731A089917,1,9,0,10,0,5,0,0,0,0,2,1,6,2,40,7,1560,2,1,3,1,3
201731A089917,2,9,0,18,0,8,0,0,0,0,1,1,6,3,36,7,1998,1,2,5,1,5
201731A090317,1,19,0,18,0,0,0,0,0,0,1,1,6,1,-1,-1,-1,-1,-1,-1,-1,-1
201731A090917,1,9,0,1,0,5,0,0,0,0,2,1,6,1,48,8,1560,2,2,-1,-1,-1
201731A091117,1,1,0,18,0,1,0,0,0,0,1,1,6,1,65,9,-1,-1,-1,-1,-1,-1
201731A091117,2,9,0,2,0,1,0,0,0,0,2,1,6,2,53,8,1999,1,9,3,2,3
201731A091817,1,9,0,4,0,1,0,0,0,0,1,1,6,1,28,6,2099,2,11,-1,-1,-1
201731A091817,2,9,0,3,0,1,0,0,0,0,2,1,6,1,33,6,1587,1,9,3,3,3
201731A092017,1,9,0,18,0,1,0,0,0,0,1,1,6,1,-1,-1,-1,-1,-1,-1,-1,-1
201731A092017,2,9,0,3,0,1,0,0,0,0,2,1,6,1,25,5,1498,1,15,-1,-1,-1
201731A092017,3,9,0,3,0,1,0,0,0,0,2,1,2,1,27,6,1910,2,11,-1,-1,-1
201731A092517,1,8,0,18,0,0,0,0,0,0,3,1,1,1,59,9,2198,2,2,2,1,2
201731A093217,1,5,0,15,0,0,1,0,0,0,3,1,2,1,37,7,599,1,11,9,1,9
201731A093217,2,9,0,18,0,0,0,0,0,0,4,1,6,2,61,9,1248,2,3,4,2,4
201731A093817,1,5,0,17,0,0,0,4,0,0,1,1,6,1,-1,-1,599,1,16,-1,-1,-1
201731A093817,2,9,0,2,0,0,0,0,0,0,4,1,6,3,-1,-1,1999,1,15,-1,-1,-1
201731A093817,3,9,0,2,0,0,0,0,0,0,2,1,6,3,-1,-1,1598,1,4,-1,-1,-1
201731A094117,1,9,0,18,0,8,0,0,7,3,4,1,6,2,24,5,1149,1,6,-1,-1,-1
201731A094117,2,9,0,18,0,8,0,0,1,3,1,1,6,1,30,6,1596,1,11,-1,-1,-1
201731A095417,1,19,0,18,0,0,0,0,0,0,1,1,2,1,49,8,1995,2,8,7,1,7
201731A095417,2,9,0,3,0,0,0,0,0,0,2,1,6,2,28,6,1149,1,7,-1,-1,-1
201731A095417,3,9,0,3,0,0,0,0,0,0,2,1,2,1,37,7,2979,1,15,9,1,9
201731A095417,4,3,0,3,0,0,0,0,0,0,2,1,2,1,45,7,124,1,1,3,1,3
201731A095417,5,9,0,3,0,0,0,0,0,0,2,1,6,2,36,7,1598,1,15,2,1,2
201731A097217,1,9,0,9,0,6,0,0,0,0,3,1,6,1,45,7,1995,2,7,2,1,2
201731A097217,2,3,0,18,0,8,0,0,0,0,1,1,6,1,18,4,125,1,12,9,3,9
201731A098317,1,1,0,18,0,8,0,0,0,0,1,1,6,1,15,3,-1,-1,-1,4,2,4
201731A098317,2,19,0,18,0,8,0,0,0,0,4,1,6,2,44,7,-1,-1,-1,4,1,4
201731A098417,1,9,0,18,0,2,1,0,0,0,1,1,6,1,-1,-1,1997,2,16,2,1,2
201731A098717,1,9,0,18,0,0,0,0,0,0,1,1,2,2,53,8,1798,1,8,2,3,2
201731A098717,2,9,0,4,0,0,0,0,0,0,2,1,1,2,25,5,1461,2,1,2,1,2
201731A099017,1,9,0,18,0,1,0,0,0,0,1,1,6,1,37,7,1995,2,8,5,1,5
201731A099517,1,19,0,5,0,8,0,0,0,0,1,1,1,1,26,6,2198,2,10,5,1,5
201731A099517,2,9,0,18,0,8,0,0,0,0,3,1,6,1,22,5,1364,1,11,7,2,7
201731A100117,1,9,0,18,0,0,0,0,0,0,1,1,2,1,62,9,1896,2,11,3,1,3
201731A100117,2,19,0,18,0,0,0,0,0,0,1,1,1,1,61,9,1560,2,3,1,1,1
201731A100417,1,22,0,18,0,1,0,0,0,0,1,1,6,2,31,6,-1,-1,-1,3,1,3
201731A100417,2,9,0,18,0,1,0,0,0,0,3,1,6,2,48,8,1329,1,6,5,3,5
201731A101217,1,9,0,18,0,8,0,0,0,0,3,1,6,2,-1,-1,-1,-1,-1,-1,-1,-1
201731A101217,2,1,0,18,0,8,0,0,0,0,1,1,6,1,13,3,-1,-1,-1,3,3,3
201731A102717,1,9,0,3,0,8,0,0,0,0,2,1,6,1,43,7,1582,2,2,2,1,2
201731A102717,2,1,0,7,0,6,0,0,0,0,1,1,6,1,16,4,-1,-1,-1,6,1,6
201731A103517,1,9,0,17,0,0,1,0,1,0,1,1,6,1,48,8,1124,1,15,6,1,6
201731A103517,2,9,0,18,0,0,0,0,0,0,1,1,6,2,32,6,2179,2,9,5,1,5
201731A104017,1,1,0,18,0,8,0,0,0,0,1,1,2,1,49,8,-1,-1,-1,8,1,8
201731A104017,2,19,0,9,0,6,0,0,0,0,3,1,1,1,41,7,1968,2,-1,4,1,4
201731A104317,1,9,0,13,0,0,0,0,0,0,1,1,6,3,-1,-1,2494,1,15,-1,-1,-1
201731A104317,2,9,0,18,0,0,5,0,0,0,3,1,6,2,72,10,1388,1,7,4,1,4
201731A104317,3,9,0,18,0,0,0,0,0,0,3,1,6,2,49,8,1240,1,8,7,1,7
201731A104317,4,9,0,18,0,0,0,10,1,0,1,1,6,2,48,8,1364,2,3,5,1,5
201731A104317,5,9,0,2,0,0,0,0,0,0,2,1,6,3,-1,-1,1248,2,10,-1,-1,-1
201731A104717,1,3,0,5,0,8,0,0,0,0,1,1,6,2,28,6,125,1,1,7,2,7
201731A104717,2,9,0,5,0,8,0,0,0,0,3,1,6,1,25,5,1560,2,5,3,1,3
201731A105617,1,9,0,18,0,1,0,0,0,0,1,1,6,1,18,4,1896,2,15,5,1,5
201731A105617,2,9,0,3,0,1,0,0,0,0,2,1,6,1,56,9,1598,1,5,6,1,6
201731A105617,3,9,0,3,0,1,0,0,0,0,2,1,6,1,20,4,1242,1,13,6,1,6
201731A105617,4,9,0,3,0,1,0,0,0,0,4,1,6,2,71,10,-1,-1,-1,9,1,9
201731A105617,5,19,0,3,0,1,0,0,0,0,2,1,1,1,-1,-1,6370,2,10,-1,-1,-1
201731A105617,6,9,0,18,0,1,0,0,0,0,0,1,1,1,-1,-1,2400,2,1,-1,-1,-1
201731A105917,1,9,0,7,0,2,0,10,7,11,3,1,3,2,31,6,998,1,15,2,1,2
201731A107517,1,9,0,12,0,0,0,0,0,0,4,1,2,1,50,8,2143,2,8,7,1,7
201731A107517,2,21,0,18,0,0,0,0,0,0,3,1,1,1,26,6,12902,2,3,8,1,8
201731A108117,1,9,0,3,0,0,0,0,0,0,0,1,6,1,30,6,2495,2,21,2,1,2
201731A108117,2,9,0,3,0,0,0,0,0,0,2,1,6,2,48,8,1598,1,3,5,1,5
201731A108117,3,5,4,4,0,0,0,0,0,0,4,1,6,1,59,9,-1,-1,-1,2,1,2
201731A108217,1,5,0,18,0,4,0,10,0,0,1,1,6,1,27,6,599,1,16,10,1,10
201731A108317,1,9,0,9,0,5,0,0,0,0,3,1,6,1,52,8,2401,2,11,9,1,9
201731A108317,2,5,0,13,0,8,0,0,7,4,1,1,6,1,48,8,-1,-1,-1,-1,-1,-1
201731A109317,1,9,0,17,0,0,0,0,8,10,3,1,6,1,29,6,1997,2,15,-1,-1,-1
201731A110217,1,9,0,6,0,0,0,0,0,0,3,1,6,1,23,5,1995,2,12,5,1,5
201731A110217,2,9,0,18,0,0,0,0,0,0,1,1,2,1,54,8,1896,2,14,1,1,1
201731A110317,1,9,0,9,0,6,0,0,0,0,3,1,6,1,63,9,2179,2,3,1,1,1
201731A110317,2,9,0,18,0,8,1,0,0,0,1,1,6,1,22,5,1598,1,15,-1,-1,-1
201731A110317,3,21,0,18,0,1,0,0,0,0,1,1,6,1,35,6,6700,2,-1,3,1,3
201731A110417,1,9,0,9,0,6,0,0,0,0,3,1,6,2,26,6,2461,2,13,6,1,6
201731A110417,2,9,0,18,0,8,0,0,0,0,1,1,6,2,21,5,1149,1,12,4,2,4
201731A110817,1,9,0,18,0,8,0,0,0,0,1,1,2,2,23,5,1242,1,5,2,1,2
201731A110817,2,1,0,9,0,6,0,0,0,0,3,1,6,1,21,5,-1,-1,-1,2,1,2
201731A112417,1,9,0,7,0,6,1,0,7,11,1,1,6,1,31,6,1199,1,13,2,1,2
201731A112917,1,19,0,18,0,1,0,0,0,0,1,1,6,2,68,10,-1,-1,-1,6,1,6
201731A112917,2,9,0,4,0,1,0,0,0,0,2,1,6,1,40,7,1753,2,8,2,1,2
201731A116617,1,19,0,18,0,0,0,0,0,0,0,1,6,2,38,7,1870,2,11,2,1,2
201731A116617,2,9,0,18,0,0,0,0,0,0,0,1,3,2,45,7,1781,1,15,9,1,9
201731A117717,1,9,0,18,0,0,0,0,0,0,3,1,6,1,57,9,1582,2,3,4,1,4
201731A117717,2,9,0,18,0,0,0,0,0,0,3,1,6,2,21,5,1229,1,3,8,1,8
201731A118517,1,9,0,9,0,8,1,0,7,7,1,1,2,1,18,4,1149,1,13,4,1,4
201731A119417,1,9,0,18,0,1,0,0,0,0,1,1,6,1,46,8,2967,2,1,4,1,4
201731A120017,1,20,0,12,0,0,0,0,0,0,3,1,6,3,-1,-1,-1,-1,-1,-1,-1,-1
201731A120017,2,5,0,18,0,0,0,0,0,0,1,1,2,1,47,8,675,1,3,9,3,9
201731A121217,1,9,0,5,0,0,0,0,0,0,3,1,1,2,32,6,1329,1,5,-1,-1,-1
201731A121217,2,9,0,16,0,0,0,0,0,0,1,1,1,1,40,7,2198,2,10,-1,-1,-1
201731A122317,1,9,0,18,0,8,0,0,0,0,1,1,6,1,27,6,1997,1,10,-1,-1,-1
201731A122317,2,1,0,18,0,8,0,0,0,0,4,1,6,1,8,2,-1,-1,-1,-1,-1,-1
201731A122917,1,9,0,17,0,0,1,10,7,3,1,1,6,2,30,6,1598,1,12,4,2,4
201731A123217,1,9,0,9,0,5,0,0,0,0,1,1,2,1,20,4,1988,1,14,2,1,2