Accident_Index,Vehicle_Reference,Vehicle_Type,Towing_and_Articulation,Vehicle_Manoeuvre,Vehicle_Location-Restricted_Lane,Junction_Location,Skidding_and_Overturning,Hit_Object_in_Carriageway,Vehicle_Leaving_Carriageway,Hit_Object_off_Carriageway,1st_Point_of_Impact,Was_Vehicle_Left_Hand_Drive?,Journey_Purpose_of_Driver,Sex_of_Driver,Age_of_Driver,Age_Band_of_Driver,Engine_Capacity_(CC),Propulsion_Code,Age_of_Vehicle,Driver_IMD_Decile,Driver_Home_Area_Type,Vehicle_IMD_Decile
201731A123217,2,9,0,16,0,8,0,0,0,0,3,1,2,2,44,7,1242,1,2,9,1,9
201731A123617,1,9,0,18,0,0,1,0,0,0,1,1,2,2,36,7,998,1,5,8,1,8
201731A123617,2,9,0,18,0,0,0,0,0,0,2,1,6,1,28,6,1598,1,10,2,1,2
201731A123617,3,9,0,18,0,0,0,0,0,0,2,1,6,2,57,9,1229,1,5,9,1,9
201731A123617,4,9,0,18,0,0,0,0,0,0,2,1,6,1,-1,-1,1968,2,2,2,1,2
201731A124017,1,9,0,16,0,0,0,0,0,0,1,1,2,1,27,6,1124,1,13,8,1,8
201731A124017,2,9,0,17,0,0,0,0,0,0,1,1,6,1,51,8,1560,2,10,3,1,3
201731A124117,1,9,0,17,0,0,0,0,0,0,3,1,6,2,47,8,1229,1,11,2,1,2
201731A124117,2,9,0,16,0,0,0,0,0,0,3,1,6,1,43,7,1968,2,7,1,1,1
201731A124217,1,9,0,6,0,0,0,0,0,0,3,1,2,2,59,9,1896,2,7,10,1,10
201731A124217,2,5,0,13,0,0,0,0,0,0,1,1,2,1,50,8,999,1,6,8,1,8
201731A124317,1,4,0,18,0,1,0,0,0,0,0,1,6,3,-1,-1,-1,-1,-1,-1,-1,-1
201731A126117,1,9,0,9,0,5,0,0,0,0,1,1,6,2,31,6,1984,1,14,4,1,4
201731A126117,2,9,0,18,0,8,0,0,0,0,3,1,6,2,17,4,1397,1,10,-1,-1,-1
201731A127017,1,3,0,13,0,8,0,0,0,0,4,1,6,3,-1,-1,-1,-1,-1,-1,-1,-1
201731A127017,2,1,0,9,0,5,0,0,0,0,3,1,6,1,42,7,-1,-1,-1,2,1,2
201731A127117,1,9,0,18,0,0,0,0,7,11,1,1,6,1,62,9,1598,1,16,9,1,9
201731A129317,1,2,0,14,0,8,0,0,0,0,1,1,1,1,56,9,49,1,5,4,1,4
201731A129317,2,9,0,9,0,6,0,0,0,0,3,1,1,2,45,7,1349,1,5,9,1,9
201731A129417,1,5,0,13,0,1,0,0,0,0,1,1,6,1,40,7,999,1,5,4,2,4
201731A130317,1,9,0,3,0,1,0,0,0,0,2,1,6,1,27,6,1242,1,13,5,1,5
201731A130317,2,19,0,4,0,1,0,0,0,0,1,1,1,1,36,7,1753,2,6,4,2,4
201731A130917,1,9,0,18,0,1,0,0,0,0,1,1,6,3,-1,-1,1598,2,1,-1,-1,-1
201731A130917,2,9,0,3,0,1,0,0,0,0,2,1,6,1,66,10,1968,2,5,3,3,3
201731A131017,1,9,0,13,0,0,0,0,0,0,1,1,2,2,28,6,1398,1,-1,3,3,3
201731A131017,2,1,0,16,0,0,0,0,0,0,2,1,6,1,14,3,-1,-1,-1,4,2,4
201731A131917,1,9,0,16,0,4,1,10,1,7,4,1,6,2,47,8,-1,-1,-1,3,1,3
201731A133317,1,9,0,16,0,0,2,0,7,4,1,1,2,1,26,6,1360,1,8,5,1,5
201731A133417,1,9,0,1,0,6,0,0,0,0,2,1,6,1,44,7,1686,2,13,4,1,4
201731A133417,2,2,0,18,0,1,0,0,0,0,1,1,6,2,16,4,49,1,15,1,1,1
201731A133517,1,9,0,18,0,0,0,4,0,0,1,1,6,1,37,7,2902,2,11,7,1,7
201731A133517,2,9,0,2,0,0,0,0,0,0,2,1,6,2,44,7,-1,-1,-1,9,1,9
201731A133517,3,9,0,2,0,0,0,0,0,0,1,1,6,2,24,5,1398,1,2,2,1,2
201731A133817,1,9,0,5,0,1,0,0,0,0,2,1,6,1,54,8,-1,-1,-1,4,1,4
201731A133817,2,21,1,5,0,1,0,0,0,0,1,1,1,1,63,9,-1,-1,-1,7,1,7
201731A134317,1,9,0,18,0,0,0,0,0,0,1,1,6,3,-1,-1,-1,-1,-1,-1,-1,-1
201731A134617,1,9,0,9,0,5,0,0,0,0,1,1,6,1,24,5,1198,1,4,3,1,3
201731A134617,2,9,0,18,0,8,0,0,0,0,1,1,6,1,-1,-1,1149,1,10,8,1,8
201731A134817,1,9,0,18,0,0,0,0,0,0,1,1,6,1,-1,-1,-1,-1,-1,-1,-1,-1
201731A134817,2,9,0,2,0,0,0,0,0,0,4,1,6,3,-1,-1,1896,2,16,-1,-1,-1
201731A134917,1,11,0,4,0,0,0,0,0,0,0,1,1,1,51,8,8268,2,14,4,1,4
201731A135317,1,9,0,3,0,2,0,0,0,0,2,1,6,1,32,6,1398,2,5,5,1,5
201731A135317,2,9,0,4,0,2,0,0,0,0,1,1,6,2,23,5,1299,1,12,8,1,8
201731A136017,1,11,0,18,0,8,0,0,0,0,0,1,1,1,38,7,4250,2,15,1,1,1
201731A136017,2,9,0,18,0,8,0,0,0,0,0,1,1,1,-1,-1,1560,2,3,-1,-1,-1
201731A136217,1,9,0,18,0,1,1,7,1,0,1,1,6,1,72,10,1118,1,26,10,2,10
201731A137017,1,9,0,9,0,5,0,0,0,0,1,1,2,1,27,6,2204,2,8,3,1,3
201731A137017,2,9,0,18,0,8,0,0,0,0,3,1,1,2,58,9,1997,2,16,1,1,1
201731A137617,1,9,0,18,0,0,5,10,1,0,4,1,6,1,24,5,1781,1,16,4,2,4
201731A137817,1,9,0,18,0,8,0,0,0,0,1,1,6,1,26,6,2143,2,8,-1,-1,-1
201731A137817,2,1,0,18,0,8,0,0,0,0,1,1,6,1,23,5,-1,-1,-1,1,1,1
201731A138117,1,9,0,18,0,0,0,0,1,0,3,1,6,2,21,5,998,1,9,5,1,5
201731A138117,2,21,0,11,0,0,0,0,0,0,4,1,1,1,49,8,12809,2,4,6,1,6
201731A138217,1,9,0,10,0,1,0,0,0,0,0,1,6,2,22,5,1242,1,14,2,1,2
201731A138217,2,1,0,17,0,1,1,0,0,0,1,1,6,1,54,8,-1,-1,-1,3,1,3
201731A138417,1,19,0,18,0,0,0,4,0,0,1,1,1,1,-1,-1,2143,2,1,-1,-1,-1
201731A138417,2,9,0,2,0,0,0,0,0,0,3,1,6,3,-1,-1,1995,2,15,-1,-1,-1
201731A138717,1,9,0,5,0,1,0,0,0,0,1,1,6,2,56,9,998,1,6,2,1,2
201731A138717,2,9,0,8,0,1,0,0,0,0,2,1,1,1,60,9,1499,2,1,3,1,3
201731A139017,1,9,0,9,0,8,0,0,0,0,3,1,6,2,62,9,1798,1,4,8,2,8
201731A139017,2,9,0,17,0,1,0,0,0,0,1,1,2,1,65,9,1399,2,14,7,1,7
201731A139517,1,9,0,3,0,2,0,0,0,0,2,1,6,2,57,9,1149,1,14,5,1,5
201731A139517,2,9,0,4,0,2,0,0,0,0,1,1,6,1,69,10,1951,2,14,5,1,5
201731A141917,1,9,0,9,0,8,0,0,0,0,3,1,6,2,36,7,999,1,8,6,1,6
201731A141917,2,5,0,7,0,3,0,0,0,0,4,1,6,1,64,9,800,1,1,7,1,7
201731A143117,1,9,0,17,0,1,1,0,1,11,1,1,6,2,29,6,1368,1,7,8,1,8
201731A144417,1,9,0,18,0,8,0,0,0,0,1,1,6,1,-1,-1,1587,1,14,-1,-1,-1
201731A144417,2,9,0,9,0,5,0,0,0,0,4,1,6,1,23,5,1242,1,3,2,1,2
201731A144617,1,5,0,18,0,8,1,0,0,0,1,1,6,1,-1,-1,-1,-1,-1,-1,-1,-1
201731A144617,2,9,0,9,0,8,0,0,0,0,4,1,6,1,44,7,1560,2,6,3,1,3
201731A145217,1,21,0,4,9,0,0,0,0,0,0,1,1,1,58,9,11705,2,9,7,1,7
201731A146117,1,9,0,10,0,1,0,0,0,0,3,1,6,1,35,6,1998,1,8,2,1,2
201731A146117,2,1,0,9,0,8,0,0,0,0,1,1,6,2,10,2,-1,-1,-1,2,1,2
201731A146317,1,9,0,7,0,8,0,0,0,0,1,1,2,2,51,8,1229,1,12,2,1,2
201731A146317,2,9,0,18,0,8,0,0,0,0,3,1,6,2,46,8,1196,1,21,1,1,1
201731A146817,1,3,0,18,0,3,1,0,0,0,3,1,6,1,35,6,-1,-1,-1,5,1,5
201731A147117,1,11,0,5,0,1,0,0,0,0,0,1,1,1,57,9,6700,2,5,4,1,4
201731A147617,1,9,0,13,0,8,0,0,7,11,1,1,6,1,22,5,1998,1,19,3,1,3
201731A147617,2,9,0,9,0,5,0,0,0,0,3,1,6,1,56,9,1248,1,6,7,1,7
201731A148217,1,9,0,18,0,0,0,0,0,0,1,1,6,1,-1,-1,-1,-1,-1,-1,-1,-1
201731A148717,1,9,0,18,0,0,0,0,7,2,1,1,6,2,19,4,1229,1,10,3,1,3
201731A149117,1,9,0,1,0,2,0,0,0,0,2,1,1,2,59,9,1910,2,7,5,1,5
201731A149417,1,9,0,1,9,6,0,0,0,0,2,1,6,1,82,11,2597,1,14,-1,-1,-1
201731A149617,1,9,0,4,0,1,0,0,0,0,1,1,6,1,-1,-1,1124,1,13,-1,-1,-1
201731A149617,2,5,0,3,0,1,0,0,0,0,2,1,6,1,34,6,899,1,18,2,1,2
201731A150117,1,9,0,2,0,0,0,0,0,0,1,1,6,3,-1,-1,1589,1,20,-1,-1,-1
201731A150117,2,3,0,18,0,0,1,4,0,0,1,1,6,1,19,4,124,1,1,5,1,5
201731A150317,1,21,3,9,0,6,0,11,0,0,1,1,6,1,40,7,6692,2,6,5,2,5
201731A151217,1,9,0,9,0,5,0,0,0,0,1,1,6,1,18,4,1242,1,11,6,1,6
201731A151217,2,9,0,18,0,8,0,0,0,0,1,1,6,1,24,5,1956,2,8,2,2,2
201731A152217,1,9,0,18,0,0,0,0,0,0,1,1,6,2,23,5,1149,1,10,4,1,4
201731A152217,2,9,0,18,0,0,0,0,0,0,2,1,6,1,49,8,1956,2,8,2,2,2
201731A152817,1,1,0,9,0,6,0,0,0,0,1,1,6,1,13,3,-1,-1,-1,3,1,3
201731A152817,2,9,0,18,0,8,0,0,0,0,4,1,6,1,81,11,1396,1,7,4,1,4
201731A153617,1,9,0,18,0,0,0,0,0,0,1,1,6,1,67,10,1598,1,22,1,1,1
201731A153617,2,9,0,2,0,0,0,0,0,0,2,1,6,2,-1,-1,1461,2,1,-1,-1,-1
201731A153717,1,2,0,7,0,4,0,0,0,0,4,1,6,1,39,7,49,1,15,1,1,1
201731A154117,1,9,0,18,0,1,0,0,0,0,1,1,6,3,-1,-1,1493,2,12,-1,-1,-1
201731A154117,2,9,0,3,0,1,0,0,0,0,2,1,2,2,47,8,899,1,3,5,1,5
201731A154717,1,9,0,13,0,8,0,0,7,1,1,1,1,1,29,6,1560,2,3,2,1,2
201731A154717,2,9,0,9,0,5,0,0,0,0,3,1,6,2,76,11,1296,1,9,3,2,3
201731A155617,1,4,0,16,0,2,1,4,0,0,1,1,6,1,64,9,123,1,6,4,1,4
201731A155617,2,19,0,2,0,2,0,0,0,0,1,1,6,3,-1,-1,2143,2,-1,-1,-1,-1
201731A155817,1,9,0,9,0,5,0,0,0,0,1,1,6,2,75,10,2231,2,10,1,1,1
201731A155817,2,3,0,18,0,1,0,0,0,0,1,1,6,1,21,5,125,1,2,8,1,8
201731A157117,1,9,0,18,0,0,0,0,5,6,2,1,6,1,41,7,1753,2,10,2,1,2
201731A157117,2,9,0,18,0,0,0,0,0,0,1,1,6,3,-1,-1,-1,-1,-1,-1,-1,-1
201731A158317,1,9,0,18,0,0,5,7,1,0,1,1,6,2,57,9,1390,1,8,4,1,4
201731A158317,2,9,0,18,0,0,0,1,0,0,1,1,6,2,31,6,1968,2,7,2,1,2
201731A159217,1,9,0,9,0,5,0,0,0,0,1,1,6,2,44,7,1968,1,8,3,1,3
201731A159217,2,9,0,18,0,8,0,0,0,0,3,1,6,2,26,6,1398,2,8,3,1,3
201731A159417,1,9,0,14,0,2,0,0,0,0,4,1,6,1,56,9,1685,2,2,2,1,2
201731A159917,1,9,0,4,0,1,0,0,0,0,1,1,6,1,50,8,2720,2,9,7,1,7
201731A159917,2,1,0,18,0,8,0,0,0,0,1,1,6,1,12,3,-1,-1,-1,6,2,6
201731A161317,1,9,0,10,0,5,0,0,0,0,2,1,6,1,43,7,1956,2,5,6,1,6
201731A161317,2,9,0,18,0,8,0,0,0,0,1,1,6,2,18,4,1560,2,9,7,1,7
201731A162517,1,9,0,18,0,1,0,0,0,0,1,1,6,2,21,5,1396,1,3,2,1,2
201731A162517,2,9,0,4,0,1,0,0,0,0,2,1,6,1,74,10,1968,2,1,5,1,5
201731A162517,3,9,0,10,0,5,0,0,0,0,0,1,6,1,27,6,1398,2,4,9,1,9
201731A162617,1,11,0,2,0,2,0,0,0,0,0,1,1,1,43,7,4250,2,5,6,2,6
201731A162817,1,9,0,14,0,8,0,0,0,0,1,1,6,2,50,8,1461,2,1,4,2,4
201731A162817,2,3,0,18,0,8,0,0,0,0,1,1,6,1,54,8,782,1,8,4,2,4
201731A164017,1,9,0,9,0,5,0,0,0,0,3,1,6,1,41,7,1598,1,12,5,1,5
201731A164017,2,9,0,9,0,6,0,0,0,0,1,1,6,2,68,10,1200,1,2,7,1,7
201731A164117,1,9,0,18,0,2,0,0,0,0,1,1,6,1,30,6,1896,2,12,2,1,2
201731A164117,2,9,0,18,0,2,0,0,0,0,1,1,6,1,42,7,1968,2,6,6,1,6
201731A164117,3,9,0,18,0,2,0,0,0,0,2,1,6,2,-1,-1,-1,-1,-1,6,3,6
201731A164717,1,9,0,17,0,0,1,0,1,11,1,1,6,1,28,6,1968,2,8,2,1,2
201731A164717,2,9,0,17,0,0,0,0,0,0,1,1,6,1,59,9,1396,1,13,3,1,3
201731A164717,3,9,0,3,0,0,0,0,0,0,2,1,2,1,57,9,1598,2,1,7,1,7
201731A164717,4,9,0,18,0,0,1,0,0,0,1,1,2,2,20,4,1242,1,3,4,1,4
201731A165517,1,3,0,18,0,8,0,0,0,0,1,1,6,1,20,4,124,1,1,1,1,1
201731A165517,2,9,0,7,0,5,0,0,0,0,4,1,6,2,29,6,1490,1,12,2,2,2
201731A166017,1,9,0,17,0,0,2,10,1,0,1,1,2,1,23,5,1197,1,2,8,1,8
201731A166417,1,9,0,16,0,3,0,0,0,0,3,1,2,2,50,8,998,1,8,4,2,4
201731A166417,2,21,0,11,0,3,0,0,0,0,4,2,1,1,42,7,-1,-1,-1,-1,-1,-1
201731A166717,1,9,0,18,0,1,0,0,0,0,1,1,6,2,25,5,1398,1,-1,3,1,3
201731A166717,2,9,0,18,0,1,0,0,0,0,2,1,2,2,46,8,1390,1,10,4,2,4
201731A166717,3,9,0,4,0,1,0,0,0,0,2,1,6,1,40,7,1598,2,5,8,1,8
201731A166817,1,9,0,7,0,8,0,0,0,0,1,1,2,1,61,9,1997,2,7,1,1,1
201731A166817,2,9,0,7,0,8,0,0,0,0,2,1,2,1,37,7,1560,2,3,3,1,3
201731A167817,1,9,0,3,0,1,0,0,0,0,2,1,6,1,41,7,1956,2,4,3,1,3
201731A167817,2,9,0,18,0,1,0,0,0,0,1,1,2,2,50,8,1560,2,7,6,1,6
201731A168117,1,9,0,14,0,0,0,0,0,0,3,1,2,2,24,5,1596,1,9,1,1,1
201731A168117,2,9,0,14,0,0,0,0,0,0,4,1,1,1,54,8,2993,2,5,2,1,2
201731A168117,3,9,0,3,0,0,0,0,0,0,0,1,6,2,61,9,3498,1,3,6,3,6
201731A169317,1,9,0,16,0,1,5,10,0,0,1,1,6,1,42,7,1248,1,-1,9,1,9
201731A169317,2,9,0,16,0,3,1,0,0,0,1,1,6,1,60,9,6208,1,5,4,1,4
201731A169617,1,11,0,18,0,1,0,0,0,0,0,1,1,1,64,9,-1,-1,-1,1,1,1
201731A169917,1,11,0,7,0,6,0,0,0,0,0,1,6,1,40,7,9000,2,12,2,1,2
201731A170017,1,9,0,5,0,0,0,0,0,0,1,1,6,1,31,6,1968,2,5,4,2,4
201731A170017,2,1,0,2,9,0,0,0,0,0,2,1,6,1,15,3,-1,-1,-1,3,1,3
201731A170117,1,9,0,18,0,1,0,0,0,0,2,1,2,2,19,4,1368,1,9,4,1,4
201731A170117,2,9,0,18,0,1,0,0,0,0,1,1,6,1,-1,-1,-1,-1,-1,-1,-1,-1
201731A171317,1,1,0,18,5,6,0,0,0,0,1,1,6,1,15,3,-1,-1,-1,3,2,3
201731A171317,2,9,0,8,0,1,0,0,0,0,3,1,6,1,68,10,1398,1,6,9,1,9
201731A171417,1,9,0,18,0,0,0,4,0,0,4,1,6,1,50,8,1995,2,-1,1,1,1
201731A171417,2,9,0,2,0,0,0,0,0,0,3,1,6,3,-1,-1,1368,1,7,-1,-1,-1
201731A171417,3,9,0,2,0,0,0,0,0,0,3,1,6,3,-1,-1,1587,1,12,-1,-1,-1
201731A171417,4,9,0,2,0,0,0,4,0,0,2,1,6,3,-1,-1,1999,1,10,-1,-1,-1
201731A171417,5,9,0,2,0,0,0,4,0,0,2,1,6,3,-1,-1,2720,2,9,-1,-1,-1
201731A171417,6,9,0,2,0,0,0,0,0,0,2,1,6,3,-1,-1,1299,1,14,-1,-1,-1
201731A172617,1,9,0,18,0,0,0,0,1,4,1,1,2,1,35,6,1997,2,16,10,1,10
201731A173117,1,3,0,18,0,0,0,10,0,0,4,1,6,1,57,9,125,1,3,3,2,3
201731A173217,1,9,0,18,0,8,1,0,0,0,1,1,2,1,23,5,1896,2,16,4,1,4
201731A173217,2,9,0,18,0,8,1,0,0,0,4,1,6,1,57,9,1598,1,12,2,1,2
201731A173217,3,9,0,18,0,8,1,0,1,0,1,1,6,1,-1,-1,2179,2,2,2,1,2
201731A173917,1,11,0,7,0,5,0,0,0,0,0,1,6,1,67,10,4250,2,5,6,1,6
201731A174817,1,9,0,9,0,5,0,0,0,0,1,1,6,1,24,5,1995,2,14,-1,-1,-1
201731A174817,2,1,0,18,1,8,0,0,0,0,3,1,6,1,69,10,-1,-1,-1,3,1,3
201731A175017,1,11,0,17,0,0,0,0,0,0,0,1,1,1,53,8,4500,2,1,9,1,9
201731A175617,1,9,0,18,0,2,0,0,0,0,1,1,6,1,20,4,1298,1,12,5,1,5
201731A175717,1,9,0,18,0,0,0,0,0,0,3,1,6,1,22,5,1995,2,10,1,1,1
201731A175717,2,9,0,13,0,0,0,0,0,0,4,1,6,1,31,6,1991,1,4,2,1,2
201731A176617,1,9,0,18,0,8,0,0,0,0,4,1,6,1,57,9,1339,1,14,3,1,3
201731A176617,2,1,0,18,0,8,0,0,0,0,1,1,6,1,14,3,-1,-1,-1,-1,-1,-1
201731A176917,1,1,0,18,0,8,0,0,0,0,1,1,6,1,48,8,-1,-1,-1,-1,-1,-1
201731A176917,2,9,0,18,0,8,0,0,0,0,4,1,6,2,68,10,1399,2,10,6,1,6
201731A179317,1,9,0,18,0,1,0,0,0,0,1,1,6,3,-1,-1,-1,-1,-1,-1,-1,-1
201731A180117,1,19,0,18,0,8,0,0,0,0,1,1,6,1,49,8,2477,2,8,8,2,8
201731A180117,2,9,0,9,0,6,0,0,0,0,3,1,6,2,52,8,998,1,3,9,1,9
201731A181217,1,9,0,18,0,8,0,0,0,0,1,1,6,2,47,8,1796,1,10,5,1,5
201731A181217,2,9,0,6,0,8,0,0,0,0,2,1,4,1,49,8,1998,1,24,1,1,1
201731A181517,1,3,0,18,0,8,1,0,0,0,3,1,6,1,18,4,124,1,17,8,1,8
201731A181817,1,5,0,16,0,8,0,2,0,0,4,1,6,1,36,7,954,1,14,10,1,10
201731A182217,1,9,0,18,0,2,0,0,1,1,1,1,6,1,53,8,1600,1,-1,1,1,1
201731A182517,1,11,0,2,0,0,0,0,0,0,0,1,1,1,30,6,4500,2,5,4,1,4
201731A182717,1,9,0,7,0,6,0,0,0,0,1,1,2,1,27,6,1984,1,6,2,1,2
201731A182717,2,1,0,18,0,8,0,0,0,0,1,1,1,1,-1,-1,-1,-1,-1,9,1,9
201731A183317,1,9,0,9,0,5,0,0,0,0,1,1,6,2,57,9,1997,2,7,6,1,6
201731A183317,2,5,0,18,0,8,0,0,0,0,1,1,6,1,22,5,1063,1,18,5,1,5
201731A183717,1,9,0,18,0,8,0,0,0,0,1,1,6,1,73,10,1368,1,8,7,1,7
201731A183717,2,9,0,5,0,6,0,0,0,0,3,1,6,2,31,6,1598,1,11,4,1,4
201731A183817,1,9,0,5,0,0,0,0,0,0,0,1,6,1,84,11,-1,-1,-1,1,1,1
201731A183817,2,11,0,18,0,0,0,0,0,0,0,1,1,1,-1,-1,4250,2,5,1,1,1
201731A184117,1,9,0,18,0,0,2,7,0,0,1,1,6,1,24,5,1397,1,15,9,1,9
201731A184117,2,9,0,18,0,0,0,0,0,0,1,1,6,2,36,7,1560,2,5,5,2,5
201731A184917,1,9,0,18,0,1,0,0,0,0,1,1,6,1,-1,-1,1560,2,6,-1,-1,-1
201731A184917,2,9,0,3,0,8,0,0,0,0,2,1,6,2,38,7,1900,2,13,5,2,5
201731A185117,1,9,0,18,0,0,1,0,0,0,1,1,6,1,19,4,1596,1,16,1,1,1
201731A185117,2,9,0,18,0,0,0,0,0,0,1,1,6,2,-1,-1,998,1,9,1,1,1
201731A185217,1,9,0,9,0,5,0,0,0,0,4,1,6,2,26,6,1200,1,3,8,1,8
201731A185217,2,1,0,18,0,8,0,0,0,0,1,1,6,1,65,9,-1,-1,-1,5,1,5
201731A185617,1,9,0,7,0,6,0,0,0,0,1,1,1,1,49,8,1560,2,4,2,1,2
201731A185717,1,3,0,9,0,6,0,0,0,0,1,1,6,1,19,4,125,1,2,2,1,2
201731A185717,2,9,0,7,0,5,0,0,0,0,1,1,6,2,35,6,1560,2,7,3,2,3
201731A186117,1,1,0,16,0,0,0,0,0,0,1,1,6,1,19,4,-1,-1,-1,5,1,5
201731A186117,2,9,0,14,0,0,0,0,0,0,1,1,2,1,45,7,-1,-1,-1,5,1,5
201731A187217,1,5,0,18,0,0,0,0,0,0,1,1,6,1,32,6,899,1,13,5,2,5
201731A187217,2,9,0,3,0,0,0,0,0,0,2,1,6,2,50,8,1206,1,7,3,1,3
201731A188017,1,9,0,3,0,8,0,0,0,0,2,1,6,1,49,8,1968,2,3,4,1,4
201731A188017,2,9,0,18,0,8,0,0,0,0,1,1,6,1,20,4,1598,1,14,4,1,4
201731A188117,1,4,0,18,0,2,1,0,0,0,1,1,2,1,34,6,347,1,23,2,1,2
201731A188117,2,9,0,12,0,2,0,0,0,0,2,1,6,1,61,9,1598,1,13,3,2,3
201731A188317,1,90,0,18,0,0,0,0,0,0,4,1,1,3,-1,-1,-1,-1,-1,-1,-1,-1
201731A188617,1,9,0,18,0,8,0,0,0,0,1,1,6,1,19,4,2172,2,13,3,1,3
201731A188617,2,9,0,18,0,8,0,0,1,1,4,1,6,2,-1,-1,1596,1,1,4,1,4
201731A188617,3,9,0,18,0,8,0,0,0,0,4,1,6,2,21,5,1149,1,-1,5,1,5
201731A189517,1,9,0,18,0,1,0,0,0,0,1,1,6,2,29,6,1968,2,4,6,1,6
201731A189517,2,9,0,4,0,1,0,0,0,0,2,1,6,1,54,8,1198,1,5,7,1,7
201731A189717,1,9,0,4,0,0,0,0,0,0,0,1,6,3,-1,-1,-1,-1,-1,-1,-1,-1
201731A189717,2,9,0,18,0,0,0,0,0,0,2,1,2,2,31,6,1499,2,1,6,1,6
201731A189717,3,9,0,18,0,0,0,0,0,0,1,1,2,1,17,4,1198,1,4,5,1,5
201731A190317,1,9,0,5,0,1,0,0,0,0,1,1,2,2,18,4,1242,1,7,5,1,5
201731A190317,2,9,0,3,0,1,0,0,0,0,2,1,2,1,47,8,1248,2,10,4,1,4
201731A190417,1,9,0,6,0,0,0,0,0,0,1,1,6,1,-1,-1,1910,2,11,-1,-1,-1
201731A190417,2,9,0,18,0,0,0,0,0,0,4,1,6,2,31,6,1399,2,10,6,1,6
201731A190717,1,9,0,13,0,8,0,0,0,0,1,1,6,1,39,7,1596,1,4,4,1,4
201731A190717,2,11,0,9,0,5,0,0,0,0,3,1,1,2,39,7,4250,2,15,1,1,1
201731A191017,1,19,0,18,0,1,0,0,0,0,1,1,1,1,22,5,1753,2,11,6,1,6
201731A191117,1,9,0,18,0,0,0,0,0,0,1,1,6,2,53,8,1598,1,12,7,1,7
201731A191117,2,9,0,3,0,0,0,0,0,0,2,1,1,2,59,9,1200,1,-1,9,1,9
201731A191317,1,3,0,7,0,8,0,0,0,0,1,1,6,1,21,5,125,1,1,9,1,9
201731A192017,1,9,0,9,0,6,0,0,0,0,1,1,6,1,86,11,1596,1,2,5,3,5
201731A192017,2,9,0,18,0,8,0,0,0,0,4,1,6,2,53,8,1587,1,9,6,1,6
201731A192117,1,9,0,17,0,0,0,10,1,11,2,1,6,1,17,4,1199,1,14,2,2,2
201731A193317,1,9,0,3,0,0,0,0,0,0,2,1,2,2,18,4,1242,1,6,3,2,3
201731A193317,2,9,0,18,0,0,0,0,0,0,1,1,6,1,38,7,1968,2,1,-1,-1,-1
201731A193517,1,11,0,5,0,2,0,0,0,0,0,1,1,2,52,8,6696,2,3,-1,-1,-1
201731A194617,1,9,0,1,0,6,0,0,0,0,2,1,6,3,-1,-1,-1,-1,-1,-1,-1,-1
201731A194617,2,3,0,3,0,8,0,0,0,0,4,1,6,1,19,4,124,1,-1,9,1,9
201731A194717,1,9,0,18,0,8,0,0,0,0,1,1,6,1,76,11,1596,1,1,8,1,8
201731A194717,2,9,0,9,0,8,0,0,0,0,1,1,6,2,49,8,1399,2,13,1,1,1
201731A194717,3,9,0,3,0,8,0,0,0,0,1,1,6,2,31,6,1598,1,8,6,1,6
201731A195317,1,4,0,18,0,0,0,0,0,0,3,1,6,1,16,4,-1,-1,-1,-1,-1,-1
201731A195317,2,9,0,18,0,0,0,0,0,0,1,1,6,1,39,7,1998,1,12,4,1,4
201731A195917,1,9,0,7,0,5,0,0,7,11,3,1,6,1,24,5,1986,2,12,2,1,2
201731A196517,1,9,0,18,0,1,0,4,1,0,1,1,6,2,24,5,1679,1,15,2,1,2
201731A196517,2,9,0,2,0,1,0,0,1,11,2,1,6,3,-1,-1,1998,1,9,-1,-1,-1
201731A197217,1,9,0,18,0,0,5,0,7,4,1,1,6,2,80,11,1197,1,-1,4,2,4
201731A197417,1,9,0,4,0,1,0,0,0,0,1,1,6,2,43,7,3200,2,16,3,1,3
201731A197417,2,9,0,3,0,1,0,0,0,0,2,1,6,1,25,5,2204,2,10,1,1,1
201731A197717,1,19,0,9,0,6,0,0,0,0,3,1,2,1,46,8,1868,2,15,2,1,2
201731A197717,2,4,0,18,0,1,0,0,0,0,1,1,6,1,27,6,459,1,14,2,1,2
201731A198417,1,9,0,18,0,0,0,0,0,0,3,1,6,2,38,7,1399,2,13,6,1,6
201731A198417,2,9,0,5,0,0,0,0,0,0,4,1,6,2,22,5,1150,1,11,5,1,5
201731A198517,1,9,0,18,0,1,0,0,0,0,3,1,6,1,67,10,1149,1,20,5,1,5
201731A198517,2,9,0,11,0,1,0,0,0,0,4,1,6,1,22,5,1396,1,3,5,1,5
201731A199817,1,21,1,18,0,0,0,5,0,0,2,1,1,1,30,6,12902,2,4,-1,-1,-1
201731A199817,2,9,0,18,0,0,0,0,0,0,1,1,2,1,27,6,1995,2,3,2,1,2
201731A199917,1,9,0,17,0,0,0,0,0,0,1,1,6,3,-1,-1,-1,-1,-1,-1,-1,-1
201731A201517,1,22,0,18,0,2,0,0,0,0,1,1,6,1,-1,-1,-1,-1,-1,-1,-1,-1