Accident_Index,Vehicle_Reference,Vehicle_Type,Towing_and_Articulation,Vehicle_Manoeuvre,Vehicle_Location-Restricted_Lane,Junction_Location,Skidding_and_Overturning,Hit_Object_in_Carriageway,Vehicle_Leaving_Carriageway,Hit_Object_off_Carriageway,1st_Point_of_Impact,Was_Vehicle_Left_Hand_Drive?,Journey_Purpose_of_Driver,Sex_of_Driver,Age_of_Driver,Age_Band_of_Driver,Engine_Capacity_(CC),Propulsion_Code,Age_of_Vehicle,Driver_IMD_Decile,Driver_Home_Area_Type,Vehicle_IMD_Decile
201731A201617,1,9,0,9,0,5,0,0,1,0,1,1,2,2,43,7,996,1,-1,2,1,2
201731A201617,2,9,0,18,0,8,0,0,1,0,1,1,6,1,23,5,1124,1,12,5,1,5
201731A202517,1,3,0,18,0,4,0,0,0,0,1,1,2,1,23,5,124,1,32,-1,-1,-1
201731A202517,2,21,1,9,0,8,0,0,0,0,3,1,1,1,26,6,12419,2,5,-1,-1,-1
201731A203417,1,9,0,4,0,1,0,0,0,0,1,1,2,1,21,5,1364,1,10,5,1,5
201731A203417,2,9,0,3,0,1,0,0,0,0,2,1,2,1,34,6,1461,2,4,4,1,4
201731A203817,1,9,0,1,9,0,0,0,0,0,2,1,6,1,-1,-1,1995,2,3,-1,-1,-1
201731A207217,1,1,0,18,9,8,0,0,0,0,1,1,6,1,17,4,-1,-1,-1,-1,-1,-1
201731A207617,1,9,0,10,0,8,0,0,0,0,2,1,6,2,58,9,1560,2,-1,3,1,3
201731A207617,2,19,0,18,0,1,0,0,0,0,1,1,6,1,26,6,1461,2,2,-1,-1,-1
201731A207717,1,9,0,18,0,3,0,0,0,0,1,1,6,3,-1,-1,-1,-1,-1,-1,-1,-1
201731A207717,2,1,0,18,0,3,0,0,0,0,2,1,6,1,33,6,-1,-1,-1,1,2,1
201731A208017,1,9,0,13,0,0,1,0,2,7,1,1,6,1,37,7,1360,1,13,6,2,6
201731A208017,2,9,0,18,0,0,0,0,0,0,3,1,1,1,58,9,1969,2,1,3,1,3
201731A208917,1,9,0,9,0,5,0,0,0,0,4,1,6,1,49,8,1998,2,12,6,1,6
201731A208917,2,9,0,17,0,8,0,0,0,0,1,1,6,2,36,7,1242,1,14,6,2,6
201731A209917,1,9,0,9,0,8,0,0,0,0,1,1,6,1,21,5,-1,-1,-1,1,1,1
201731A210017,1,9,0,9,0,5,0,0,0,0,4,1,3,2,31,6,1299,1,15,-1,-1,-1
201731A210017,2,1,0,18,0,8,0,0,0,0,1,1,6,2,69,10,-1,-1,-1,-1,-1,-1
201731A210417,1,9,0,1,0,1,0,0,0,0,2,1,6,2,33,6,1497,1,12,1,1,1
201731A210417,2,9,0,3,0,1,0,0,0,0,1,1,6,1,37,7,1339,1,14,1,1,1
201731A210617,1,19,0,13,0,0,0,0,0,0,4,1,6,3,-1,-1,-1,-1,-1,-1,-1,-1
201731A210617,2,1,0,13,0,0,0,0,0,0,3,1,6,1,11,3,-1,-1,-1,8,1,8
201731A210817,1,9,0,9,0,6,0,0,0,0,3,1,6,1,22,5,1910,2,12,2,1,2
201731A210817,2,3,0,18,0,8,0,0,0,0,1,1,6,1,27,6,124,1,9,2,1,2
201731A211617,1,9,0,4,0,0,0,0,0,0,1,1,2,1,24,5,1596,1,12,5,1,5
201731A211617,2,9,0,3,0,0,0,0,0,0,2,1,2,2,21,5,1397,1,14,1,1,1
201731A211617,3,19,0,3,0,0,0,0,0,0,2,1,6,1,21,5,1598,2,10,7,1,7
201731A213217,1,9,0,6,0,0,0,0,0,0,3,1,1,3,-1,-1,1229,1,6,-1,-1,-1
201731A213217,2,5,0,18,0,0,0,0,0,0,1,1,6,1,48,8,1450,1,19,4,1,4
201731A213517,1,1,0,18,0,8,0,0,1,1,1,1,2,1,59,9,-1,-1,-1,1,1,1
201731A215017,1,9,0,18,0,8,0,0,1,1,3,1,6,2,66,10,1461,2,10,1,1,1
201731A215017,2,9,0,18,0,8,0,0,7,0,1,1,6,2,61,9,1364,1,8,4,1,4
201731A215017,3,9,0,2,9,2,0,0,0,0,1,1,6,1,30,6,1997,2,14,-1,-1,-1
201731A215317,1,19,0,18,0,0,0,0,0,0,1,1,6,1,25,5,1868,2,13,8,1,8
201731A215517,1,9,0,18,0,1,0,0,0,0,1,1,6,1,-1,-1,1242,1,18,-1,-1,-1
201731A215517,2,9,0,3,0,1,0,0,0,0,2,1,1,1,43,7,1248,1,6,10,1,10
201731A216417,1,9,0,3,0,1,0,0,0,0,4,1,6,1,32,6,1248,2,4,1,1,1
201731A217417,1,9,0,18,0,0,0,0,0,0,4,1,6,2,23,5,1242,1,4,6,1,6
201731A217717,1,9,0,18,0,1,0,0,0,0,3,1,6,2,19,4,1360,1,14,1,2,1
201731A217717,2,9,0,18,0,1,0,0,0,0,4,1,6,1,18,4,1229,1,4,2,1,2
201731A217717,3,9,0,18,0,1,0,0,0,0,2,1,6,2,50,8,998,1,3,9,1,9
201731A219517,1,9,0,9,0,2,0,0,0,0,3,1,6,1,34,6,1685,2,-1,2,1,2
201731A219617,1,9,0,8,0,1,0,0,0,0,2,1,6,2,46,8,1086,1,10,9,1,9
201731A219617,2,9,0,18,0,1,0,0,0,0,1,1,6,3,-1,-1,-1,-1,-1,-1,-1,-1
201731A219917,1,9,0,2,9,8,0,0,0,0,4,1,6,3,-1,-1,1997,2,5,-1,-1,-1
201731A219917,2,1,0,18,9,8,0,0,0,0,1,1,6,1,33,6,-1,-1,-1,6,1,6
201731A220217,1,9,0,18,0,1,1,4,1,2,1,1,6,1,29,6,1596,1,17,2,2,2
201731A220217,2,9,0,2,0,2,0,0,0,0,1,1,6,3,-1,-1,1910,2,10,-1,-1,-1
201731A220217,3,9,0,2,0,2,0,0,0,0,1,1,6,3,-1,-1,1461,2,7,-1,-1,-1
201731A220217,4,9,0,2,0,2,0,0,0,0,1,1,6,3,-1,-1,996,1,5,-1,-1,-1
201731A222017,1,9,0,6,0,0,0,0,0,0,3,1,6,1,47,8,996,1,7,5,1,5
201731A222017,2,19,0,13,0,0,0,0,0,0,1,1,6,1,34,6,1598,2,3,-1,-1,-1
201731A223517,1,9,0,16,0,0,0,0,7,11,1,1,6,2,47,8,1360,1,16,3,1,3
201731A223517,2,19,0,17,0,0,0,0,0,0,3,1,1,1,36,7,1248,2,3,4,2,4
201731A224017,1,9,0,9,0,5,0,0,0,0,1,1,6,2,86,11,1598,1,8,4,1,4
201731A224017,2,9,0,18,0,8,0,0,0,0,1,1,6,2,21,5,1360,1,16,2,1,2
201731A224817,1,3,0,7,0,6,1,0,0,0,4,1,6,1,31,6,125,1,1,3,1,3
201731A225917,1,3,0,17,0,0,1,0,0,0,3,1,2,1,25,5,123,1,2,2,1,2
201731A226217,1,3,0,18,0,2,0,0,0,0,1,1,6,1,23,5,124,1,1,4,2,4
201731A226217,2,9,0,4,0,2,0,0,0,0,2,1,6,1,26,6,1560,2,12,2,1,2
201731A228217,1,11,0,5,0,1,0,0,0,0,0,1,1,1,67,10,4250,2,7,1,1,1
201731A228317,1,9,0,9,0,6,0,0,0,0,3,1,6,1,50,8,1590,1,13,1,1,1
201731A228317,2,9,0,18,0,8,0,0,0,0,1,1,6,2,46,8,1299,1,20,5,1,5
201731A228617,1,9,0,18,0,1,0,0,0,0,1,1,6,2,36,7,1199,1,16,3,1,3
201731A228617,2,9,0,3,0,1,0,0,0,0,2,1,6,2,30,6,1198,1,12,1,1,1
201731A228617,3,19,0,3,0,1,0,0,0,0,2,1,6,3,-1,-1,-1,-1,-1,-1,-1,-1
201731A229517,1,9,0,18,0,1,0,0,0,0,1,1,6,1,58,9,1560,2,12,-1,-1,-1
201731A229517,2,9,0,3,0,1,0,0,0,0,2,1,6,1,43,7,1910,2,9,-1,-1,-1
201731A229517,3,9,0,3,0,1,0,0,0,0,2,1,6,2,22,5,998,1,12,3,2,3
201731A229717,1,9,0,18,0,1,0,0,0,0,3,1,6,1,39,7,1242,1,10,3,2,3
201731A230017,1,9,0,14,0,1,0,7,0,0,1,1,6,2,52,8,1199,1,15,2,1,2
201731A230617,1,9,0,5,0,8,0,0,0,0,3,1,6,2,64,9,1328,1,13,3,1,3
201731A230617,2,1,0,18,0,8,0,0,0,0,1,1,6,1,14,3,-1,-1,-1,2,1,2
201731A231217,1,21,1,18,0,0,0,0,0,0,3,1,1,1,28,6,-1,-1,-1,-1,-1,-1
201731A231217,2,19,0,13,0,0,0,0,1,0,4,1,6,1,54,8,1997,2,14,5,3,5
201731A232517,1,9,0,18,0,2,0,0,0,0,4,1,6,3,-1,-1,-1,-1,-1,-1,-1,-1
201731A233517,1,9,0,16,0,8,1,0,7,10,1,1,6,1,26,6,1896,2,17,5,1,5
201731A234217,1,3,0,18,0,8,1,0,0,0,1,1,6,1,21,5,124,1,7,3,1,3
201731A234217,2,9,0,9,0,4,0,0,0,0,1,1,6,2,31,6,1598,2,5,9,1,9
201731A234217,3,9,0,3,0,1,0,0,0,0,1,1,6,3,-1,-1,-1,-1,-1,-1,-1,-1
201731A234517,1,9,0,9,0,5,0,0,0,0,1,1,6,1,72,10,1395,1,2,-1,-1,-1
201731A234517,2,9,0,18,0,8,0,0,0,0,3,1,6,1,25,5,1968,2,7,10,1,10
201731A235117,1,5,0,16,0,0,0,0,0,0,1,1,6,1,44,7,1137,1,17,3,2,3
201731A235117,2,9,0,17,0,0,0,0,0,0,3,1,6,1,54,8,1560,2,1,6,1,6
201731A235317,1,9,0,18,0,1,1,0,0,0,1,1,6,3,-1,-1,-1,-1,-1,-1,-1,-1
201731A235317,2,9,0,8,0,1,0,0,0,0,2,1,1,1,26,6,1461,2,3,4,1,4
201731A235617,1,9,0,7,0,1,1,0,0,0,1,1,6,1,30,6,1797,8,3,1,1,1
201731A235617,2,9,0,8,0,1,0,0,0,0,2,1,6,1,54,8,1587,1,16,1,1,1
201731A236117,1,9,0,18,0,1,0,0,0,0,1,1,6,2,29,6,1560,2,8,6,1,6
201731A236117,2,9,0,9,0,6,0,0,0,0,3,1,6,1,-1,-1,2972,1,20,2,1,2
201731A236617,1,9,0,18,0,3,0,0,0,0,1,1,6,1,-1,-1,-1,-1,-1,-1,-1,-1
201731A236617,2,9,0,3,0,3,0,0,0,0,2,1,6,2,34,6,1560,2,5,8,1,8
201731A237017,1,3,0,7,0,4,1,10,1,2,1,1,6,1,54,8,124,1,22,1,1,1
201731A237617,1,19,0,6,0,8,0,0,0,0,3,1,2,1,37,7,1598,2,2,-1,-1,-1
201731A237617,2,9,0,18,0,8,0,0,0,0,1,1,2,1,39,7,1461,2,7,6,1,6
201731A237817,1,9,0,16,0,1,0,0,0,0,1,1,2,1,20,4,-1,-1,-1,6,2,6
201731A237917,1,21,1,18,0,0,0,0,0,0,1,1,1,1,38,7,6692,2,9,8,1,8
201731A237917,2,21,0,2,6,0,0,0,0,0,2,1,1,1,44,7,12777,2,5,-1,-1,-1
201731A238317,1,9,0,9,0,6,0,0,0,0,1,1,6,1,-1,-1,1998,2,10,-1,-1,-1
201731A238317,2,9,0,18,0,8,0,0,0,0,3,1,6,1,27,6,1999,1,5,4,1,4
201731A239417,1,9,0,18,0,5,0,0,0,0,1,1,6,1,76,11,2148,2,9,6,1,6
201731A239417,2,19,0,18,0,1,0,0,0,0,1,1,1,1,55,8,-1,-1,-1,5,1,5
201731A239417,3,9,0,2,0,2,0,0,0,0,2,1,6,2,23,5,1390,1,3,5,1,5
201731A239417,4,9,0,2,0,2,0,0,0,0,2,1,6,2,24,5,1995,2,5,7,1,7
201731A239417,5,9,0,2,0,2,0,0,0,0,4,1,6,1,27,6,1968,2,-1,5,1,5
201731A239417,6,9,0,2,0,2,0,0,0,0,4,1,6,1,43,7,1598,1,7,5,1,5
201731A240017,1,9,0,18,0,1,0,0,0,0,1,1,2,1,51,8,1956,2,5,9,1,9
201731A240017,2,9,0,4,0,1,0,0,0,0,2,1,2,1,34,6,1582,2,5,4,1,4
201731A240017,3,19,0,3,0,1,0,0,0,0,2,1,2,1,29,6,1248,2,12,5,1,5
201731A240017,4,9,0,3,0,8,0,0,0,0,2,1,6,1,70,10,1242,1,4,5,1,5
201731A240117,1,11,0,2,0,0,0,0,0,0,0,1,1,1,62,9,8268,2,14,5,1,5
201731A240217,1,9,0,18,0,8,0,0,0,0,1,1,6,3,-1,-1,-1,-1,-1,-1,-1,-1
201731A240717,1,9,0,18,0,0,0,0,7,2,1,1,6,1,42,7,1396,1,5,2,1,2
201731A240817,1,9,0,18,0,0,0,0,0,0,4,1,6,2,-1,-1,1242,1,5,-1,-1,-1
201731A240817,2,9,0,2,0,0,0,0,0,0,3,1,3,2,32,6,1395,1,2,2,1,2
201731A240917,1,9,0,3,0,2,0,0,0,0,2,1,6,2,49,8,1242,1,10,3,3,3
201731A240917,2,9,0,9,0,5,0,0,0,0,1,1,6,1,33,6,1398,2,13,1,1,1
201731A241717,1,9,0,18,0,0,0,0,0,0,4,1,6,1,48,8,-1,-1,-1,5,1,5
201731A242317,1,9,0,7,0,6,0,0,0,0,1,1,2,1,31,6,2495,2,19,5,1,5
201731A242317,2,9,0,18,0,8,0,0,1,2,4,1,6,1,24,5,1560,2,11,1,1,1
201731A242617,1,9,0,18,0,1,0,0,0,0,3,1,6,3,-1,-1,-1,-1,-1,-1,-1,-1
201731A242617,2,9,0,18,0,2,0,0,0,0,3,1,6,2,29,6,1242,1,2,4,1,4
201731A242617,3,9,0,18,0,2,0,0,0,0,3,1,6,2,87,11,1598,1,14,8,1,8
201731A242617,4,9,0,18,0,8,0,0,0,0,3,1,6,1,63,9,1587,1,10,2,1,2
201731A242617,5,9,0,18,0,1,0,0,0,0,3,1,1,1,27,6,1968,2,-1,-1,-1,-1
201731A242917,1,3,0,18,0,0,1,10,1,4,1,1,6,2,23,5,-1,-1,-1,2,1,2
201731A245417,1,9,0,16,0,1,1,0,0,0,1,1,6,1,23,5,1781,1,14,5,1,5
201731A245417,2,9,0,18,0,2,1,0,0,0,1,1,2,2,33,6,1799,1,8,6,1,6
201731A246117,1,9,0,18,0,0,0,0,0,0,0,1,6,1,-1,-1,-1,-1,-1,-1,-1,-1
201731A247217,1,11,0,18,0,0,0,0,0,0,0,1,6,1,51,8,4250,2,5,3,1,3
201731A247317,1,9,0,2,0,0,0,0,0,0,4,1,6,3,-1,-1,1461,2,5,-1,-1,-1
201731A247317,2,9,0,14,0,0,0,0,0,0,4,1,6,3,-1,-1,-1,-1,-1,-1,-1,-1
201731A248617,1,9,0,14,0,0,0,0,0,0,4,1,6,3,-1,-1,-1,-1,-1,-1,-1,-1
201731A248817,1,9,0,18,0,1,1,0,0,0,3,1,6,1,59,9,999,1,4,2,1,2
201731A248817,2,9,0,18,0,1,1,0,0,0,4,1,6,2,-1,-1,-1,-1,-1,-1,-1,-1
201731A249317,1,1,0,18,9,0,0,0,0,0,1,1,6,1,-1,-1,-1,-1,-1,-1,-1,-1
201731A249717,1,9,0,18,0,1,0,0,0,0,2,1,6,1,49,8,2231,2,10,4,1,4
201731A249717,2,9,0,18,0,1,0,0,0,0,1,1,6,1,28,6,1995,2,12,2,1,2
201731A249817,1,9,0,18,0,8,0,0,0,0,1,1,6,2,29,6,1560,2,4,7,1,7
201731A249817,2,20,0,9,0,6,0,0,0,0,4,1,6,3,-1,-1,12900,2,10,-1,-1,-1
201731A251617,1,9,0,18,0,8,0,0,0,0,1,1,2,1,58,9,1598,1,4,5,1,5
201731A251617,2,9,0,9,0,6,1,0,0,0,3,1,2,2,32,6,1956,2,5,2,1,2
201731A252117,1,9,0,9,0,5,0,0,0,0,1,1,6,1,-1,-1,1799,1,10,8,1,8
201731A252117,2,1,0,15,0,8,0,0,0,0,1,1,1,1,54,8,-1,-1,-1,7,1,7
201731A252417,1,9,0,9,0,6,2,0,0,0,1,1,6,2,60,9,1360,1,9,8,3,8
201731A252417,2,9,0,18,0,8,1,0,0,0,4,1,6,2,38,7,1398,1,2,2,1,2
201731A253417,1,9,0,7,0,1,0,0,0,0,1,1,6,2,36,7,2191,2,1,6,2,6
201731A254317,1,19,0,1,0,2,0,0,0,0,2,1,6,1,32,6,2143,2,3,2,1,2
201731A254317,2,11,0,3,0,2,0,0,0,0,1,1,1,1,58,9,6871,2,8,2,1,2
201731A254817,1,9,0,18,0,0,0,0,0,0,1,1,2,1,47,8,1598,1,11,2,1,2
201731A254817,2,20,4,18,0,0,0,0,1,0,1,1,2,1,42,7,4485,2,-1,6,1,6
201731A254817,3,9,0,18,0,0,0,0,0,0,1,1,2,2,22,5,998,1,2,7,1,7
201731A255017,1,9,0,18,0,2,0,0,0,0,1,1,6,1,52,8,1497,8,10,7,1,7
201731A255217,1,19,0,18,0,0,0,0,0,0,4,1,6,1,-1,-1,-1,-1,-1,-1,-1,-1
201731A255317,1,9,0,9,0,6,0,0,0,0,1,1,6,1,60,9,1997,2,-1,6,1,6
201731A255317,2,3,0,18,0,8,0,0,0,0,1,1,6,1,25,5,125,1,2,2,1,2
201731A255517,1,9,0,17,0,0,0,0,1,4,1,1,6,1,18,4,1242,1,7,2,1,2
201731A255817,1,3,0,16,0,1,1,0,0,0,1,1,6,1,44,7,124,1,6,-1,-1,-1
201731A255817,2,9,0,4,0,8,0,0,0,0,2,1,6,1,67,10,2184,2,2,-1,-1,-1
201731A256317,1,9,0,18,0,0,0,0,1,11,1,1,6,1,17,4,1198,1,7,4,1,4
201731A257417,1,9,0,9,0,5,0,0,0,0,1,1,6,1,37,7,1796,1,15,6,1,6
201731A257717,1,9,0,6,0,8,0,0,0,0,1,1,6,1,51,8,2967,2,4,-1,-1,-1
201731A257717,2,9,0,8,0,1,0,0,0,0,3,1,6,2,35,6,1598,2,6,9,1,9
201731A258217,1,9,0,18,0,0,2,10,7,0,4,1,6,1,56,9,1240,1,11,6,1,6
201731A259317,1,8,0,18,0,0,0,0,0,0,1,1,1,1,51,8,1598,2,4,2,1,2
201731A259517,1,9,0,18,0,0,0,0,1,10,1,1,6,1,28,6,1596,1,6,7,1,7
201731A259617,1,9,0,18,9,8,0,10,7,1,1,1,6,2,23,5,1896,2,12,2,1,2
201731A259717,1,9,0,18,0,8,0,0,0,0,1,1,6,1,47,8,3950,1,16,1,1,1
201731A259717,2,9,0,7,0,5,0,0,0,0,2,1,6,2,45,7,1995,2,7,6,1,6
201731A260217,1,9,0,17,0,0,1,0,1,11,1,1,6,2,26,6,1390,1,10,4,1,4
201731A260717,1,9,0,9,0,6,0,0,0,0,4,1,6,1,24,5,1390,1,6,4,1,4
201731A260717,2,9,0,18,0,8,0,0,0,0,1,1,6,1,26,6,1598,1,10,4,2,4
201731A261317,1,9,0,18,0,0,0,0,0,0,1,1,1,1,45,7,1951,2,16,6,2,6
201731A261317,2,9,0,4,0,0,0,0,0,0,2,1,1,2,42,7,1242,1,4,4,2,4
201731A262217,1,19,0,18,0,0,0,0,0,0,1,1,6,1,49,8,2000,2,14,4,1,4
201731A262817,1,9,0,4,0,0,0,0,0,0,1,1,6,1,-1,-1,1398,2,15,-1,-1,-1
201731A262817,2,9,0,3,0,0,0,0,0,0,2,1,2,1,22,5,998,1,2,4,1,4
201731A262817,3,9,0,3,0,0,0,0,0,0,2,1,6,1,20,4,999,1,4,2,1,2
201731A263217,1,9,0,18,0,1,0,0,0,0,1,1,6,1,61,9,2720,2,11,4,1,4
201731A263217,2,9,0,4,0,1,0,7,0,0,2,1,1,1,37,7,995,1,10,3,1,3
201731A264117,1,9,0,18,0,8,0,0,0,0,1,1,6,1,-1,-1,1362,1,5,-1,-1,-1
201731A264117,2,1,0,18,0,8,0,0,0,0,1,1,6,1,20,4,-1,-1,-1,5,1,5
201731A264417,1,22,0,18,9,0,0,0,0,0,1,1,6,1,68,10,-1,-1,-1,8,1,8
201731A264617,1,11,0,5,0,0,0,0,0,0,0,1,1,1,54,8,4500,2,6,8,1,8
201731A265017,1,9,0,9,0,5,0,0,0,0,1,1,6,1,18,4,1598,2,-1,9,1,9
201731A265017,2,3,0,18,0,1,0,0,0,0,1,1,6,1,21,5,124,1,3,8,1,8
201731A265217,1,3,0,18,9,1,0,0,0,0,1,1,6,1,17,4,-1,-1,-1,4,1,4
201731A265217,2,9,0,7,0,5,0,0,0,0,4,1,6,1,49,8,2720,2,12,2,1,2
201731A265417,1,9,0,7,0,6,0,0,0,0,1,1,6,3,-1,-1,1299,1,13,-1,-1,-1
201731A265417,2,9,0,18,0,8,0,0,0,0,4,1,6,2,25,5,1497,1,13,2,1,2
201731A266317,1,19,0,18,0,8,1,0,1,2,1,1,6,1,28,6,2402,2,9,3,1,3
201731A266317,2,9,0,10,0,5,0,0,0,0,2,1,6,1,44,7,1968,2,3,4,1,4
201731A266317,3,11,0,18,0,8,0,0,0,0,3,1,6,1,43,7,7300,2,9,3,1,3
201731A266617,1,19,0,18,0,0,0,0,0,0,3,1,1,2,40,7,-1,-1,-1,10,1,10
201731A266617,2,9,0,4,0,0,0,0,0,0,2,1,6,2,73,10,1242,1,10,8,1,8
201731A266617,3,9,0,18,0,0,0,0,0,0,1,1,6,2,19,4,995,1,8,5,1,5
201731A267117,1,9,0,7,0,6,1,0,0,0,3,1,6,1,30,6,1998,1,13,1,1,1
201731A267117,2,9,0,18,0,8,1,0,0,0,1,1,6,2,20,4,1299,1,13,1,1,1
201731A268217,1,9,0,18,0,8,0,0,0,0,1,1,6,1,24,5,1149,1,14,2,1,2
201731A268217,2,9,0,10,0,8,0,0,0,0,2,1,6,2,49,8,998,1,2,5,1,5
201731A268717,1,21,1,4,0,1,0,0,0,0,1,2,1,1,-1,-1,-1,-1,-1,-1,-1,-1
201731A268717,2,9,0,5,0,1,0,0,0,0,2,1,6,1,61,9,1997,2,1,7,1,7
201731A270017,1,9,0,17,0,0,1,4,1,3,1,1,6,1,37,7,1984,1,1,1,1,1
201731A270017,2,9,0,2,0,0,0,0,0,0,2,1,6,3,-1,-1,1997,2,16,-1,-1,-1
201731B000117,1,9,0,18,0,0,2,0,7,0,1,1,2,2,19,4,1149,1,16,4,1,4
201731B001117,1,9,0,18,0,0,2,0,1,11,1,1,6,2,21,5,998,1,6,2,2,2
201731B001417,1,19,0,9,0,6,0,0,0,0,3,1,6,1,54,8,-1,-1,-1,6,1,6
201731B001417,2,9,0,18,0,8,0,0,0,0,1,1,6,1,73,10,1598,1,7,6,2,6
201731B001517,1,19,0,14,0,0,0,0,0,0,4,1,6,1,45,7,1560,2,3,9,1,9
201731B001817,1,9,0,18,0,0,1,0,7,4,1,1,6,1,24,5,1896,2,17,1,1,1
201731B002317,1,9,0,18,0,1,0,0,0,0,1,1,2,1,27,6,1229,1,8,4,1,4
201731B002317,2,9,0,4,0,1,0,0,0,0,2,1,6,2,47,8,1197,1,1,7,3,7
201731B002917,1,9,0,18,0,8,0,0,0,0,1,1,6,2,26,6,1242,1,8,7,1,7
201731B002917,2,9,0,4,0,8,0,0,0,0,2,1,6,2,26,6,1242,1,9,7,1,7
201731B002917,3,9,0,4,0,8,0,0,0,0,2,1,6,1,63,9,1968,2,4,8,3,8
201731B003017,1,9,0,18,0,0,1,0,0,0,3,1,6,2,83,11,998,1,2,5,1,5
201731B003017,2,19,0,18,0,0,0,0,1,0,3,1,1,1,49,8,2463,2,11,3,2,3
201731B003217,1,9,0,16,0,0,1,0,7,4,1,1,2,1,28,6,1497,1,13,8,3,8
201731B003617,1,9,0,18,0,2,0,10,0,0,1,1,6,1,70,10,1560,2,3,3,2,3
201731B003617,2,9,0,18,0,1,0,0,0,0,1,1,2,1,27,6,1986,2,10,3,2,3
201731B003617,3,9,0,10,0,8,0,0,0,0,0,1,1,1,27,6,-1,-1,-1,3,2,3
201731B003717,1,9,0,9,0,5,0,0,0,0,4,1,6,1,29,6,1968,2,10,8,1,8
201731B003717,2,9,0,18,0,8,0,0,0,0,1,1,6,1,24,5,1242,1,15,2,1,2
201731B004017,1,9,0,18,0,0,1,0,0,0,4,1,1,1,42,7,1598,1,16,2,1,2
201731B004017,2,9,0,13,0,0,0,0,0,0,3,1,1,1,43,7,2500,2,16,4,1,4
201731B004317,1,9,0,18,0,0,0,0,0,0,1,1,1,2,43,7,1198,1,7,4,1,4
201731B004317,2,9,0,18,0,0,0,0,0,0,1,1,2,2,53,8,1999,2,-1,6,3,6
201731B004617,1,19,0,18,0,0,0,0,0,0,0,1,6,3,-1,-1,-1,-1,-1,-1,-1,-1
201731B004617,2,9,0,18,0,0,0,0,0,0,1,1,1,2,19,4,1598,2,5,3,2,3
201731B005417,1,9,0,9,0,1,1,0,0,0,4,1,6,2,25,5,1896,2,13,3,1,3
201731B005417,2,9,0,18,0,1,1,0,0,0,1,1,2,1,47,8,1968,2,7,8,1,8
201731B005517,1,21,1,18,0,0,3,0,5,6,1,1,6,1,60,9,12740,2,4,7,1,7
201731B005517,2,9,0,18,0,0,0,0,0,0,1,1,6,1,46,8,1248,1,1,3,1,3
201731B005517,3,8,0,18,0,0,0,0,0,0,1,1,6,1,63,9,1968,2,2,4,1,4
201731B005617,1,9,0,1,0,0,0,0,0,0,2,1,6,2,42,7,2830,2,23,5,1,5
201731B005617,2,9,0,3,0,0,0,0,0,0,1,1,6,1,55,8,1997,2,12,3,2,3
201731B005917,1,9,0,18,0,1,0,0,0,0,1,1,6,3,-1,-1,-1,-1,-1,-1,-1,-1
201731B006317,1,9,0,1,8,0,0,0,0,0,2,1,3,1,64,9,1499,2,1,2,2,2
201731B006417,1,3,0,6,0,0,0,0,0,0,3,1,6,1,21,5,122,1,42,9,2,9
201731B006417,2,9,0,18,0,0,0,0,0,0,1,1,2,1,53,8,1994,1,15,3,2,3
201731B006417,3,9,0,18,0,0,0,0,0,0,1,1,6,2,38,7,1997,2,7,9,1,9
201731B006717,1,1,0,15,4,8,0,0,0,0,1,1,6,1,56,9,-1,-1,-1,3,2,3
201731B006717,2,9,0,9,0,5,0,0,0,0,4,1,6,1,61,9,2996,1,12,3,2,3
201731B007317,1,9,0,17,0,8,2,0,1,11,1,1,6,1,62,9,1242,1,2,-1,-1,-1
201731B007717,1,9,0,9,0,6,0,0,0,0,3,1,6,2,35,6,999,1,2,4,1,4
201731B007717,2,19,0,18,0,8,1,0,7,0,1,1,1,1,22,5,1399,2,7,6,1,6
201731B007817,1,9,0,13,0,0,0,0,0,0,4,1,6,2,88,11,1248,1,1,7,3,7
201731B007817,2,1,0,18,0,0,0,0,1,0,3,1,6,1,42,7,-1,-1,-1,3,1,3
201731B008917,1,9,0,18,0,8,0,0,0,0,1,1,6,1,21,5,1984,1,10,-1,-1,-1
201731B008917,2,9,0,9,0,6,0,0,0,0,2,1,6,1,30,6,1796,1,13,1,1,1
201731B009217,1,9,0,18,0,2,0,0,0,0,1,1,1,1,31,6,1968,2,1,9,3,9
201731B009217,2,1,0,18,0,2,0,0,0,0,3,1,6,1,-1,-1,-1,-1,-1,9,3,9
201731B009917,1,19,0,18,0,0,1,4,1,4,1,1,1,1,38,7,2198,2,4,7,3,7
201731B009917,2,9,0,2,0,0,0,0,0,0,2,1,6,1,72,10,1197,1,3,2,1,2
201731B011617,1,9,0,9,0,6,0,0,0,0,1,1,6,3,-1,-1,1318,1,2,-1,-1,-1
201731B011617,2,1,0,18,0,8,0,0,0,0,1,1,6,1,-1,-1,-1,-1,-1,5,1,5
201731B012017,1,9,0,18,0,2,0,0,0,0,4,1,6,3,-1,-1,1598,1,13,-1,-1,-1
201731B012417,1,9,0,16,0,8,1,0,7,9,3,1,6,1,19,4,1398,1,6,9,3,9
201731B012517,1,9,0,18,0,0,0,0,0,0,1,1,6,2,46,8,-1,-1,-1,6,1,6
201731B012517,2,1,0,18,9,0,0,0,0,0,1,1,4,1,13,3,-1,-1,-1,4,1,4