Accident_Index,Vehicle_Reference,Vehicle_Type,Towing_and_Articulation,Vehicle_Manoeuvre,Vehicle_Location-Restricted_Lane,Junction_Location,Skidding_and_Overturning,Hit_Object_in_Carriageway,Vehicle_Leaving_Carriageway,Hit_Object_off_Carriageway,1st_Point_of_Impact,Was_Vehicle_Left_Hand_Drive?,Journey_Purpose_of_Driver,Sex_of_Driver,Age_of_Driver,Age_Band_of_Driver,Engine_Capacity_(CC),Propulsion_Code,Age_of_Vehicle,Driver_IMD_Decile,Driver_Home_Area_Type,Vehicle_IMD_Decile
201731B012617,1,9,0,9,0,6,0,0,0,0,1,1,6,2,44,7,1598,1,2,1,1,1
201731B012617,2,9,0,17,0,8,0,0,1,0,1,1,2,1,26,6,1598,1,10,10,1,10
201731B013317,1,9,0,18,0,0,1,0,7,9,1,1,6,2,26,6,1229,1,4,-1,-1,-1
201731B013517,1,9,0,18,0,0,0,0,0,0,3,1,6,2,41,7,1956,2,7,-1,3,-1
201731B013517,2,9,0,13,0,0,0,0,0,0,1,1,6,3,-1,-1,-1,-1,-1,-1,-1,-1
201731B014117,1,9,0,4,0,1,1,7,0,0,1,1,6,1,21,5,-1,-1,-1,1,1,1
201731B014317,1,9,0,13,0,2,0,0,0,0,4,1,6,3,-1,-1,-1,-1,-1,-1,-1,-1
201731B014317,2,1,0,18,0,1,0,0,0,0,3,1,6,2,47,8,-1,-1,-1,4,1,4
201731B014717,1,9,0,18,0,0,1,0,7,4,1,1,2,1,25,5,1124,1,11,8,3,8
201731B014917,1,9,0,18,0,1,0,0,0,0,1,1,6,1,30,6,1796,1,15,8,1,8
201731B014917,2,9,0,18,0,1,0,0,0,0,3,1,6,1,36,7,1997,2,7,7,3,7
201731B015617,1,9,0,18,0,0,0,0,0,0,1,1,1,1,49,8,1968,2,2,1,1,1
201731B015717,1,9,0,18,0,8,0,9,0,0,1,1,6,1,40,7,1968,2,9,4,2,4
201731B015717,2,9,0,3,0,1,0,0,0,0,3,1,2,1,55,8,-1,-1,-1,6,3,6
201731B015817,1,19,0,18,0,0,0,0,4,6,1,1,6,1,18,4,2198,2,2,3,1,3
201731B015817,2,21,1,18,0,0,0,0,0,0,3,1,1,1,57,9,11967,2,5,7,3,7
201731B016717,1,9,0,18,0,0,5,7,0,0,1,1,1,1,47,8,1582,2,2,6,1,6
201731B016717,2,9,0,18,0,0,0,0,0,0,3,1,1,1,65,9,1797,8,3,9,1,9
201731B018417,1,9,0,18,0,0,0,4,0,0,1,1,6,1,27,6,1390,1,15,2,2,2
201731B018417,2,9,0,2,0,0,0,0,0,0,2,1,6,2,37,7,1598,1,10,9,1,9
201731B019617,1,9,0,16,0,0,1,0,1,10,4,1,1,2,40,7,1999,1,11,8,1,8
201731B020017,1,1,0,18,0,8,0,0,0,0,2,1,6,1,19,4,-1,-1,-1,1,1,1
201731B020017,2,9,0,13,0,8,0,0,0,0,1,1,6,3,-1,-1,-1,-1,-1,-1,-1,-1
201731B020217,1,9,0,7,0,5,1,0,3,1,1,1,6,1,22,5,1229,1,12,4,1,4
201731B020317,1,9,0,18,0,1,0,0,0,0,1,1,6,2,27,6,1360,1,16,-1,-1,-1
201731B020317,2,9,0,8,0,5,0,0,0,0,2,1,6,2,65,9,998,1,2,-1,-1,-1
201731B022517,1,9,0,18,0,0,2,10,1,0,4,1,1,2,19,4,998,1,5,5,2,5
201731B022717,1,9,0,2,0,0,0,0,0,0,3,1,3,1,38,7,2987,2,8,4,1,4
201731B022717,2,9,0,18,0,0,0,4,0,0,3,1,6,1,46,8,1598,1,13,1,1,1
201731B022817,1,9,0,18,0,0,0,0,0,0,4,1,2,1,33,6,1596,1,8,3,3,3
201731B022817,2,9,0,18,0,0,1,10,1,0,3,1,2,1,42,7,1242,1,19,4,3,4
201731B023417,1,9,0,18,0,0,1,0,5,6,3,1,6,2,19,4,1299,1,9,6,2,6
201731B023617,1,9,0,18,0,0,0,0,0,0,1,1,6,2,53,8,1596,1,2,3,2,3
201731B023617,2,9,0,18,0,0,0,0,0,0,1,1,6,1,50,8,1995,2,2,8,2,8
201731B023617,3,9,0,18,0,0,0,0,0,0,2,1,6,2,24,5,1397,1,8,-1,-1,-1
201731B023617,4,9,0,18,0,0,0,0,1,9,1,1,6,1,41,7,4477,1,21,8,2,8
201731B025317,1,9,0,18,0,1,0,0,0,0,1,1,6,2,23,5,1587,1,12,3,1,3
201731B025317,2,9,0,3,0,1,0,0,0,0,2,1,6,2,48,8,1997,1,12,8,1,8
201731B025317,3,9,0,3,0,1,0,0,0,0,2,1,6,2,32,6,1968,2,3,2,1,2
201731B026117,1,9,0,1,0,0,0,0,0,0,2,1,6,1,-1,-1,1868,2,13,-1,-1,-1
201731B026117,2,9,0,2,0,0,0,0,0,0,1,1,6,1,-1,-1,1997,2,2,-1,-1,-1
201731B027117,1,9,0,17,0,0,5,10,7,0,1,1,2,2,18,4,1229,1,10,5,1,5
201731B027117,2,9,0,16,0,0,0,0,0,0,1,1,6,1,61,9,3100,2,22,6,3,6
201731B027417,1,9,0,18,0,0,0,0,0,0,1,1,2,2,35,6,1396,1,17,6,2,6
201731B027917,1,20,1,18,0,0,0,0,0,0,1,1,1,1,37,7,-1,-1,-1,2,1,2
201731B027917,2,9,0,4,0,0,0,0,0,0,2,1,6,1,50,8,-1,-1,-1,9,3,9
201731B027917,3,9,0,4,0,0,0,0,0,0,2,1,2,1,45,7,1956,2,5,7,1,7
201731B027917,4,9,0,4,0,0,0,0,0,0,2,1,6,2,65,9,1390,1,14,8,1,8
201731B028017,1,9,0,13,0,0,0,0,5,6,3,1,6,2,29,6,1461,2,3,9,3,9
201731B029817,1,21,1,18,0,0,4,0,0,0,1,1,1,1,38,7,12419,2,6,7,1,7
201731B029817,2,9,0,4,0,0,0,0,1,0,2,1,6,1,61,9,2993,2,1,3,1,3
201731B029817,3,9,0,4,0,0,0,0,1,9,2,1,6,2,28,6,1560,2,6,3,1,3
201731B029817,4,9,0,3,0,0,0,0,0,0,2,1,6,1,52,8,1997,2,3,10,1,10
201731B029817,5,21,1,3,0,0,0,0,0,0,2,1,1,1,43,7,-1,-1,-1,-1,-1,-1
201731B029817,6,9,0,3,0,0,0,0,0,0,2,1,6,1,74,10,1596,1,8,7,1,7
201731B030017,1,9,0,13,0,0,5,0,1,10,1,1,2,2,23,5,1360,1,15,10,2,10
201731B030217,1,9,0,18,0,0,0,0,0,0,3,1,6,1,74,10,1910,2,8,9,2,9
201731B030217,2,9,0,18,0,0,0,0,0,0,3,1,6,1,30,6,1198,1,14,3,2,3
201731B030217,3,9,0,18,0,0,0,0,0,0,1,1,2,2,52,8,1242,1,4,8,3,8
201731B030717,1,9,0,9,0,6,0,0,0,0,1,1,1,2,55,8,1149,1,11,9,1,9
201731B030717,2,9,0,18,0,8,0,0,0,0,1,1,1,2,34,6,1242,1,3,3,1,3
201731B030917,1,9,0,18,0,8,0,0,5,6,4,1,6,2,64,9,1242,1,4,3,1,3
201731B030917,2,21,0,18,0,8,0,0,0,0,3,1,1,1,59,9,10837,2,2,7,3,7
201731B031017,1,9,0,18,0,0,0,0,0,0,1,1,6,2,23,5,1360,1,10,6,3,6
201731B031017,2,9,0,4,0,0,0,0,0,0,2,1,6,2,27,6,1598,1,6,6,2,6
201731B031017,3,9,0,4,0,0,0,0,0,0,2,1,6,1,64,9,1395,1,4,3,3,3
201731B031117,1,9,0,9,0,6,1,0,0,0,1,1,6,1,33,6,1149,1,11,6,1,6
201731B031117,2,9,0,17,0,8,1,0,0,0,1,1,6,2,24,5,1598,2,5,4,2,4
201731B031417,1,9,0,18,0,2,0,0,0,0,3,1,6,2,52,8,2967,2,5,7,3,7
201731B031417,2,1,0,18,0,6,0,0,0,0,3,1,6,2,-1,-1,-1,-1,-1,4,1,4
201731B032117,1,9,0,18,0,8,0,0,3,9,1,1,2,2,20,4,1596,1,14,8,3,8
201731B033617,1,9,0,17,0,0,1,0,0,0,1,1,6,1,72,10,1242,1,3,8,2,8
201731B033617,2,9,0,16,0,0,1,0,0,0,1,1,2,2,43,7,1388,1,13,1,1,1
201731B034617,1,9,0,18,0,0,2,0,1,2,1,1,6,1,34,6,1598,1,14,-1,-1,-1
201731B034717,1,9,0,18,0,2,0,0,0,0,1,1,6,2,43,7,1200,1,2,6,2,6
201731B034917,1,9,0,9,0,6,0,0,0,0,3,1,6,1,49,8,1461,2,2,4,1,4
201731B034917,2,9,0,17,0,8,0,0,0,0,4,1,6,1,25,5,1598,1,3,8,1,8
201731B035017,1,1,0,18,9,8,0,0,0,0,1,1,6,2,7,2,-1,-1,-1,-1,-1,-1
201731B035017,2,19,0,18,0,8,0,0,0,0,4,1,6,1,34,6,1870,2,11,-1,-1,-1
201731B035717,1,90,0,18,0,0,0,0,0,0,4,1,6,1,62,9,-1,-1,-1,6,1,6
201731B035717,2,9,0,18,0,0,0,0,0,0,1,1,6,1,50,8,1587,1,10,2,1,2
201731B035917,1,9,0,18,0,1,0,2,0,0,4,1,6,2,-1,-1,-1,-1,-1,-1,-1,-1
201731B036717,1,19,0,13,0,8,0,0,7,0,1,1,6,1,17,4,1560,2,3,1,1,1
201731B036717,2,9,0,9,0,5,0,0,0,0,3,1,6,1,57,9,1360,1,10,7,1,7
201731B037617,1,9,0,18,0,1,0,0,1,11,1,1,6,1,27,6,2993,2,7,7,2,7
201731B037617,2,9,0,2,0,1,0,0,0,0,2,1,6,3,-1,-1,1149,1,15,-1,-1,-1
201731B038017,1,9,0,16,0,4,2,7,3,0,1,1,6,1,18,4,1598,1,7,7,2,7
201731B038617,1,9,0,18,0,1,0,0,0,0,1,1,6,3,-1,-1,-1,-1,-1,-1,-1,-1
201731B038617,2,9,0,4,0,4,0,0,0,0,2,1,6,2,44,7,2993,2,1,7,3,7
201731B038717,1,9,0,18,0,1,5,10,3,0,3,1,1,1,23,5,1149,1,15,8,2,8
201731B038817,1,9,0,18,0,8,0,0,0,0,1,1,6,2,42,7,1794,1,13,-1,-1,-1
201731B038817,2,19,4,17,0,8,0,0,1,2,3,1,1,1,54,8,12900,2,7,4,2,4
201731B039617,1,9,0,16,0,0,0,0,7,10,3,1,1,2,38,7,1461,2,7,6,3,6
201731B040617,1,9,0,18,0,1,0,0,0,0,1,1,6,2,38,7,2967,2,9,3,2,3
201731B040617,2,9,0,3,0,1,0,0,1,0,2,1,2,1,65,9,1995,2,-1,8,3,8
201731B040817,1,9,0,9,0,6,0,0,0,0,0,1,6,3,-1,-1,-1,-1,-1,-1,-1,-1
201731B040817,2,11,0,18,0,1,0,0,0,0,0,1,1,1,41,7,6700,2,9,1,1,1
201731B041017,1,9,0,9,0,1,1,10,7,1,1,1,6,2,34,6,1598,1,14,3,1,3
201731B041517,1,9,0,9,0,6,0,0,0,0,1,1,6,2,64,9,998,1,5,7,1,7
201731B041517,2,9,0,17,0,8,0,0,0,0,4,1,6,1,29,6,1685,2,1,7,2,7
201731B041817,1,1,0,18,0,6,0,0,0,0,1,1,6,1,31,6,-1,-1,-1,-1,-1,-1
201731B041817,2,9,0,18,0,8,0,0,0,0,4,1,1,2,22,5,1796,1,8,6,1,6
201731B042217,1,9,0,9,0,6,0,0,0,0,1,1,6,3,-1,-1,-1,-1,-1,-1,-1,-1
201731B042617,1,2,0,18,0,0,0,0,0,0,4,1,6,1,17,4,49,1,9,7,1,7
201731B042617,2,9,0,6,0,0,0,0,0,0,1,1,6,2,-1,-1,-1,-1,-1,-1,-1,-1
201731B042717,1,9,0,18,0,0,0,0,0,0,4,1,6,2,82,11,-1,-1,-1,8,3,8
201731B043717,1,9,0,18,0,0,0,0,7,4,1,1,6,1,23,5,1998,1,12,1,2,1
201731B043917,1,9,0,7,0,5,0,0,0,0,1,1,6,2,58,9,1686,2,12,2,1,2
201731B044617,1,8,0,18,0,4,0,0,0,0,1,1,1,1,41,7,1598,1,10,1,1,1
201731B044617,2,9,0,9,0,5,0,0,0,0,4,1,6,1,19,4,1197,1,1,1,1,1
201731B045217,1,2,0,18,0,0,0,0,0,0,1,1,6,1,16,4,50,1,6,3,3,3
201731B047517,1,19,0,9,0,6,0,0,0,0,3,1,1,1,39,7,1968,2,1,2,1,2
201731B047517,2,9,0,18,0,8,1,0,0,0,1,1,6,2,22,5,1198,1,8,6,1,6
201731B047917,1,9,0,17,0,0,2,0,7,4,1,1,2,1,26,6,2498,2,19,3,2,3
201731B048617,1,9,0,18,0,1,0,0,0,0,1,1,6,1,-1,-1,-1,-1,-1,-1,-1,-1
201731B048617,2,9,0,3,0,1,0,0,0,0,2,1,6,1,32,6,1796,1,14,3,1,3
201731B049117,1,9,0,9,0,6,0,0,0,0,1,1,6,2,51,8,1197,1,2,7,1,7
201731B049117,2,9,0,9,0,5,0,0,0,0,3,1,6,1,48,8,1968,2,12,6,1,6
201731B051217,1,3,0,18,0,0,1,0,0,0,3,1,6,1,23,5,102,1,10,5,3,5
201731B051417,1,9,0,18,0,1,0,0,0,0,1,1,6,3,-1,-1,-1,-1,-1,-1,-1,-1
201731B051517,1,9,0,18,0,1,1,0,0,0,1,1,2,2,18,4,1388,1,13,3,1,3
201731B051517,2,19,0,10,0,1,0,0,0,0,2,1,1,1,62,9,2402,2,7,2,1,2
201731B051617,1,9,0,18,0,2,0,0,0,0,1,1,2,2,42,7,1560,2,4,10,2,10
201731B051617,2,9,0,3,0,2,0,0,0,0,2,1,2,2,25,5,1560,2,7,7,1,7
201731B051617,3,19,0,3,0,2,0,0,0,0,2,1,1,1,69,10,1753,2,13,9,2,9
201731B052617,1,1,0,6,0,0,0,0,0,0,3,1,6,1,64,9,-1,-1,-1,10,2,10
201731B052617,2,5,0,18,0,0,0,0,7,0,1,1,6,1,65,9,798,1,4,-1,-1,-1
201731B052917,1,4,0,12,0,8,0,10,1,0,4,1,2,1,25,5,133,1,5,7,2,7
201731B053017,1,9,0,18,0,1,0,0,0,0,1,1,6,1,33,6,1240,1,13,3,1,3
201731B053017,2,9,0,3,0,1,0,0,0,0,2,1,6,2,31,6,1950,2,1,7,1,7
201731B053117,1,9,0,13,0,8,0,0,7,11,4,1,6,2,22,5,1598,1,16,3,1,3
201731B053117,2,20,1,9,0,5,0,0,0,0,3,1,6,1,51,8,5880,2,3,1,1,1
201731B053517,1,9,0,7,0,1,0,0,0,0,2,1,3,2,46,8,1995,2,5,7,2,7
201731B053517,2,9,0,18,0,1,0,0,0,0,1,1,2,2,22,5,998,1,2,7,2,7
201731B054217,1,9,0,16,0,0,0,0,0,0,1,1,6,1,22,5,1968,2,-1,4,1,4
201731B054217,2,9,0,17,0,0,0,0,7,9,1,1,6,1,20,4,1753,2,10,9,3,9
201731B054317,1,9,0,16,0,0,2,10,7,4,1,1,6,1,22,5,2616,1,9,3,3,3
201731B055517,1,19,0,18,0,0,0,0,0,0,1,1,1,1,32,6,2143,2,1,-1,1,-1
201731B055517,2,9,0,4,0,0,0,0,0,0,2,1,6,2,33,6,1798,1,10,5,1,5
201731B056317,1,9,0,17,0,8,0,0,0,0,0,1,1,2,41,7,1198,1,5,2,1,2
201731B056317,2,9,0,9,0,6,0,0,0,0,2,1,6,1,34,6,2987,2,8,1,1,1
201731B056317,3,10,0,18,0,1,0,0,0,0,1,1,1,1,40,7,-1,-1,-1,2,1,2
201731B056817,1,9,0,18,0,1,0,0,0,0,1,1,6,1,37,7,1598,1,3,6,1,6
201731B056817,2,9,0,10,0,8,0,0,8,0,2,1,6,1,45,7,1968,2,2,10,1,10
201731B058117,1,9,0,18,0,8,0,0,0,0,0,1,6,3,-1,-1,-1,-1,-1,-1,-1,-1
201731B058117,2,11,0,18,0,1,0,0,0,0,0,1,1,1,53,8,-1,-1,-1,2,1,2
201731B058317,1,1,0,18,0,0,0,0,0,0,3,1,6,1,28,6,-1,-1,-1,7,1,7
201731B058317,2,9,0,13,0,0,0,0,0,0,4,1,6,1,-1,-1,-1,-1,-1,-1,-1,-1
201731B059217,1,9,0,18,0,0,0,0,5,6,1,1,6,1,48,8,2179,2,4,7,1,7
201731B060017,1,9,0,5,0,2,0,0,0,0,1,1,6,2,-1,-1,1560,2,2,6,3,6
201731B060017,2,1,0,18,0,2,0,0,0,0,3,1,2,1,19,4,-1,-1,-1,1,1,1
201731B060217,1,9,0,16,0,0,1,0,1,0,1,1,2,2,67,10,1796,1,7,6,1,6
201731B060217,2,21,0,18,0,0,0,0,0,0,1,1,1,1,47,8,5880,2,4,6,3,6
201731B060817,1,11,0,16,0,0,0,0,0,0,0,1,1,1,25,5,3900,2,13,5,1,5
201731B061017,1,21,1,18,0,0,0,0,0,0,0,1,1,1,59,9,12780,2,1,1,1,1
201731B061017,2,9,0,18,0,0,5,10,1,0,4,1,6,2,35,6,1753,2,11,8,2,8
201731B061117,1,4,0,18,0,0,1,4,0,0,1,1,6,1,25,5,125,1,5,9,2,9
201731B061117,2,9,0,18,0,0,0,0,0,0,1,1,6,3,-1,-1,-1,-1,-1,-1,-1,-1
201731B061117,3,9,0,2,0,0,0,0,0,0,4,1,6,1,48,8,1229,1,7,-1,-1,-1
201731B061217,1,17,4,9,0,5,0,0,0,0,3,1,1,1,70,10,-1,2,14,7,2,7
201731B061217,2,9,0,13,0,8,0,0,0,0,1,1,6,2,51,8,2000,2,6,6,3,6
201731B061217,3,1,0,13,0,8,0,0,0,0,1,1,6,1,57,9,-1,-1,-1,10,3,10
201731B061317,1,19,0,5,0,6,0,0,0,0,4,1,1,1,45,7,1598,2,1,7,2,7
201731B061317,2,4,0,18,0,1,0,0,1,0,1,1,6,1,54,8,250,1,2,2,1,2
201731B061617,1,9,0,16,0,0,2,0,7,9,1,1,6,1,29,6,998,1,13,5,1,5
201731B061717,1,9,0,13,0,0,0,0,0,0,0,1,6,3,-1,-1,-1,-1,-1,-1,-1,-1
201731B061717,2,3,0,18,0,0,0,0,1,0,4,1,6,1,21,5,124,1,1,3,2,3
201731B062817,1,21,0,18,0,0,0,0,0,0,0,1,1,1,35,6,6871,2,5,4,1,4
201731B062817,2,16,0,18,0,0,0,0,1,9,4,1,6,2,-1,-1,-1,-1,-1,-1,-1,-1
201731B063617,1,9,0,18,0,0,2,6,1,0,1,1,6,1,31,6,-1,-1,-1,-1,-1,-1
201731B063817,1,9,0,18,0,1,1,0,0,0,1,1,1,2,45,7,1998,2,10,6,3,6
201731B063817,2,9,0,10,0,1,0,0,0,0,2,1,6,2,30,6,1598,1,11,6,1,6
201731B065217,1,9,0,16,0,8,1,0,7,0,3,1,1,2,18,4,1198,1,3,3,1,3
201731B065217,2,9,0,17,0,8,0,0,0,0,3,1,1,1,31,6,3189,1,13,8,1,8
201731B065417,1,9,0,17,0,0,1,0,0,0,3,1,6,1,20,4,1399,2,13,4,1,4
201731B065417,2,9,0,18,0,0,0,0,0,0,3,1,6,1,69,10,1318,1,2,3,1,3
201731B065817,1,9,0,18,0,2,0,0,0,0,1,1,6,2,28,6,1461,2,1,7,1,7
201731B065817,2,9,0,4,0,2,0,0,0,0,2,1,6,1,47,8,1596,1,18,6,1,6
201731B065817,3,9,0,4,0,2,0,0,0,0,2,1,6,1,65,9,998,1,3,7,1,7
201731B065917,1,21,1,4,0,0,0,0,0,0,1,1,1,1,55,8,10837,2,4,1,1,1
201731B065917,2,9,0,3,0,0,0,0,0,0,2,1,6,1,86,11,1598,2,2,9,1,9
201731B065917,3,9,0,3,0,0,0,0,0,0,2,1,6,1,52,8,1499,2,1,4,1,4
201731B065917,4,9,0,3,0,0,0,0,0,0,2,1,6,1,69,10,1560,2,10,6,3,6
201731B066017,1,11,0,2,0,0,0,0,0,0,0,1,1,2,24,5,8268,2,12,4,1,4
201731B066317,1,9,0,18,0,0,0,0,0,0,1,1,2,1,54,8,1999,2,2,5,2,5
201731B066317,2,19,0,18,0,0,0,0,5,6,2,1,2,1,47,8,1248,2,6,8,1,8
201731B066617,1,9,0,13,0,1,0,0,0,0,0,1,6,1,-1,-1,-1,-1,-1,-1,-1,-1
201731B066617,2,1,0,18,0,3,0,7,0,0,3,1,6,1,-1,-1,-1,-1,-1,-1,-1,-1
201731B066817,1,19,0,13,0,1,1,0,7,0,1,1,6,1,29,6,-1,-1,-1,6,3,6
201731B066817,2,9,0,18,0,1,0,0,1,0,1,1,6,2,-1,-1,1339,1,2,8,2,8
201731B066817,3,21,1,18,0,1,0,0,0,0,3,1,6,3,-1,-1,-1,-1,-1,-1,-1,-1
201731B068017,1,9,0,18,0,1,1,0,0,0,1,1,6,2,38,7,1299,1,12,2,2,2
201731B068017,2,9,0,18,0,1,0,0,0,0,1,1,2,1,-1,-1,1968,2,1,-1,-1,-1
201731B068017,3,9,0,9,0,6,0,0,0,0,0,1,6,3,-1,-1,-1,-1,-1,-1,-1,-1
201731B068717,1,9,4,13,0,0,0,0,0,0,4,1,6,3,-1,-1,-1,-1,-1,-1,-1,-1
201731B068717,2,1,0,18,0,0,0,0,0,0,3,1,6,3,-1,-1,-1,-1,-1,-1,-1,-1
201731B068717,3,1,0,18,0,0,0,0,1,0,3,1,6,1,69,10,-1,-1,-1,8,3,8
201731B069017,1,9,0,3,0,2,0,0,0,0,2,1,6,1,31,6,1598,2,2,5,1,5
201731B069017,2,9,0,18,0,2,0,0,0,0,1,1,2,2,73,10,1242,1,5,7,1,7
201731B069917,1,9,0,18,0,0,0,0,0,0,1,1,6,2,-1,-1,1197,1,3,2,1,2
201731B069917,2,9,0,3,0,0,0,0,0,0,2,2,6,1,26,6,-1,-1,-1,4,1,4
201731B069917,3,9,0,3,0,0,0,0,0,0,2,1,6,2,28,6,1397,1,7,6,2,6
201731B070017,1,9,0,3,0,8,0,0,0,0,2,1,6,1,65,9,1997,2,13,6,1,6
201731B070017,2,9,0,18,0,8,0,0,0,0,1,1,6,1,28,6,1242,1,15,2,1,2
201731B070917,1,9,0,12,0,8,0,7,4,1,3,1,6,1,28,6,2495,2,20,7,1,7
201731B070917,2,9,0,18,0,8,0,7,4,1,4,1,6,1,48,8,2995,1,1,7,3,7
201731B071017,1,9,0,16,0,0,0,0,0,0,1,1,6,2,24,5,1396,1,8,3,1,3
201731B071017,2,9,0,3,0,0,0,0,0,0,2,1,6,1,30,6,1242,1,11,1,1,1
201731B072117,1,3,0,18,0,8,0,0,0,0,1,1,6,1,19,4,124,1,6,5,1,5
201731B072117,2,9,0,9,0,4,0,0,0,0,3,1,6,1,73,10,1598,2,1,3,3,3
201731B072217,1,9,0,18,0,2,0,0,0,0,1,1,6,2,-1,-1,-1,-1,-1,-1,-1,-1
201731B073117,1,9,0,18,0,2,0,0,0,0,1,1,6,1,20,4,1399,1,1,8,1,8
201731B073117,2,9,0,2,0,2,0,0,0,0,3,1,1,1,36,7,1560,2,4,1,1,1
201731B073717,1,5,0,15,0,0,0,0,0,0,1,1,6,1,74,10,1000,1,34,8,1,8
201731B073717,2,9,0,11,0,0,0,0,0,0,4,1,6,1,47,8,1781,1,16,5,1,5
201731B073917,1,19,0,2,0,1,0,0,0,0,0,1,6,3,-1,-1,-1,-1,-1,-1,-1,-1
201731B073917,2,9,0,14,0,8,0,0,0,0,1,1,6,2,44,7,998,1,11,9,1,9
201731B073917,3,9,0,9,0,6,0,0,0,0,4,1,6,1,49,8,1598,1,15,6,1,6
201731B074417,1,9,0,18,0,2,0,0,0,0,1,1,6,2,28,6,1490,1,10,7,1,7
201731B074417,2,9,0,3,0,2,0,0,0,0,2,1,6,1,68,10,1968,2,-1,8,3,8
201731B074417,3,9,0,3,0,2,0,0,0,0,2,1,6,1,48,8,1598,2,2,10,3,10
201731B074417,4,9,0,7,0,6,0,0,0,0,2,1,6,1,38,7,1242,1,11,7,2,7
201731B074517,1,9,0,18,0,1,0,0,0,0,1,1,6,1,39,7,1598,1,15,6,1,6
201731B074617,1,9,0,7,0,5,0,0,0,0,3,1,6,3,-1,-1,-1,-1,-1,-1,-1,-1
201731B074617,2,9,0,7,0,5,0,0,0,0,3,1,6,2,27,6,1150,1,10,1,1,1
201731B074717,1,9,0,9,0,5,0,0,0,0,1,1,6,1,26,6,1997,2,8,1,1,1
201731B074717,2,9,0,18,0,8,0,0,0,0,1,1,6,1,34,6,1998,1,15,1,1,1
201731B075617,1,9,0,9,0,5,0,0,0,0,4,1,6,2,54,8,1598,2,2,10,2,10
201731B075617,2,9,0,18,0,8,0,0,1,0,1,1,6,2,40,7,2143,2,1,5,1,5
201731B076117,1,9,0,16,0,3,1,0,0,0,1,1,6,2,29,6,1299,1,16,2,1,2
201731B076117,2,9,0,18,0,1,0,0,0,0,3,1,6,2,54,8,1200,1,4,6,3,6
201731B076617,1,9,0,13,0,0,0,0,0,0,1,1,6,3,-1,-1,-1,-1,-1,-1,-1,-1
201731B076617,2,1,0,18,0,0,0,0,1,0,2,1,6,1,21,5,-1,-1,-1,2,1,2
201731B077017,1,21,0,9,0,6,0,0,0,0,3,1,1,1,61,9,11705,2,8,9,3,9
201731B077017,2,5,0,18,0,1,0,0,0,0,1,1,6,1,57,9,999,1,2,8,1,8
201731B078217,1,19,0,18,0,2,0,7,7,4,1,1,6,1,22,5,1998,2,12,-1,-1,-1
201731B079117,1,9,0,7,0,5,0,0,0,0,4,1,6,1,33,6,1560,2,11,9,1,9
201731B080617,1,9,0,3,0,0,0,0,0,0,2,1,6,2,24,5,1598,2,4,7,2,7
201731B080617,2,9,0,4,0,0,0,0,0,0,1,1,1,2,62,9,1248,1,6,2,2,2
201731B080717,1,9,0,18,0,0,0,0,0,0,1,1,6,1,26,6,1997,2,6,7,1,7
201731B081217,1,9,0,18,0,1,0,0,0,0,1,1,6,1,19,4,-1,-1,-1,2,2,2
201731B081217,2,9,0,18,0,1,0,0,0,0,1,1,6,2,34,6,1596,1,14,3,2,3
201731B081217,3,9,0,10,0,8,0,0,0,0,2,1,6,2,48,8,-1,-1,-1,1,1,1
201731B081317,1,9,0,9,0,8,1,7,0,0,1,1,2,2,21,5,1596,1,6,1,1,1
201731B081817,1,9,0,18,0,4,0,0,0,0,3,1,6,1,58,9,1956,2,5,8,1,8
201731B081817,2,1,0,18,0,8,0,0,0,0,1,1,6,2,43,7,-1,-1,-1,7,1,7
201731B081917,1,9,0,5,0,1,0,0,0,0,1,1,6,2,31,6,1956,2,1,9,1,9
201731B081917,2,9,0,5,0,1,0,0,0,0,2,1,6,2,25,5,1560,2,3,2,2,2
201731B082117,1,9,0,18,0,0,0,0,0,0,0,1,2,2,25,5,1248,1,6,1,1,1
201731B082217,1,9,0,18,0,1,0,0,0,0,4,1,6,3,-1,-1,-1,-1,-1,-1,-1,-1
201731B082517,1,5,0,18,0,0,1,0,0,0,4,1,1,1,27,6,599,1,12,6,3,6
201731B082617,1,3,0,18,0,1,1,0,0,0,1,1,1,1,18,4,125,1,1,8,3,8
201731B082917,1,21,1,4,0,5,0,0,0,0,1,1,1,1,50,8,12902,2,1,5,1,5
201731B082917,2,19,0,18,0,5,0,0,0,0,1,1,1,1,53,8,1598,2,2,9,1,9
201731B083517,1,9,0,18,0,8,0,0,0,0,4,1,1,1,35,6,1685,2,1,2,1,2
201731B083517,2,9,0,18,0,8,0,0,0,0,1,1,6,2,20,4,1124,1,8,2,1,2
201731B084117,1,19,0,18,0,1,1,0,1,9,1,1,6,1,19,4,1686,2,15,2,1,2
201731B084117,2,9,0,10,0,1,0,0,0,0,2,1,1,1,27,6,1198,1,3,4,1,4
201731B084217,1,9,0,12,0,0,0,0,0,0,3,1,6,2,30,6,1753,2,11,8,2,8
201731B084517,1,9,0,7,0,6,0,0,0,0,3,1,6,2,35,6,1997,2,13,1,2,1
201731B084517,2,9,0,18,0,8,1,0,7,11,1,1,6,1,76,11,1796,1,16,5,2,5
201731B084617,1,9,0,18,0,0,0,0,0,0,1,1,6,1,53,8,1910,2,10,2,1,2