Accident_Index,Vehicle_Reference,Vehicle_Type,Towing_and_Articulation,Vehicle_Manoeuvre,Vehicle_Location-Restricted_Lane,Junction_Location,Skidding_and_Overturning,Hit_Object_in_Carriageway,Vehicle_Leaving_Carriageway,Hit_Object_off_Carriageway,1st_Point_of_Impact,Was_Vehicle_Left_Hand_Drive?,Journey_Purpose_of_Driver,Sex_of_Driver,Age_of_Driver,Age_Band_of_Driver,Engine_Capacity_(CC),Propulsion_Code,Age_of_Vehicle,Driver_IMD_Decile,Driver_Home_Area_Type,Vehicle_IMD_Decile
201731B085217,1,9,0,18,0,8,0,0,0,0,1,1,6,1,67,10,1798,1,2,9,1,9
201731B085217,2,9,0,4,0,8,0,0,0,0,2,1,6,2,18,4,1396,2,3,7,3,7
201731B085917,1,1,0,12,0,1,0,0,0,0,2,1,6,1,44,7,-1,-1,-1,7,1,7
201731B085917,2,21,1,13,0,1,0,0,0,0,1,1,1,1,69,10,10518,2,5,4,1,4
201731B086717,1,9,0,5,0,0,0,0,0,0,1,1,6,1,55,8,1560,2,3,10,3,10
201731B087117,1,9,0,1,0,8,0,0,0,0,2,1,6,2,-1,-1,-1,-1,-1,-1,-1,-1
201731B087617,1,5,0,17,0,0,0,0,1,9,4,1,6,1,76,11,750,1,60,6,3,6
201731B088617,1,9,0,18,0,0,0,0,0,0,1,1,3,2,31,6,1598,1,11,3,1,3
201731B089217,1,9,0,9,0,5,0,0,0,0,4,1,1,2,26,6,1995,2,4,4,1,4
201731B089217,2,9,0,18,0,1,0,0,0,0,1,1,2,1,37,7,2401,2,13,8,1,8
201731B089417,1,21,0,18,0,8,0,0,0,0,4,1,1,1,37,7,-1,-1,-1,7,1,7
201731B089417,2,9,0,18,0,8,1,0,0,0,1,1,6,1,66,10,1995,2,9,7,3,7
201731B089717,1,1,0,18,0,0,0,0,1,0,2,1,6,1,63,9,-1,-1,-1,6,2,6
201731B089717,2,1,0,18,0,0,0,0,0,0,1,1,6,1,33,6,-1,-1,-1,6,2,6
201731B091717,1,1,0,18,0,4,0,0,0,0,1,1,6,1,29,6,-1,-1,-1,9,1,9
201731B092117,1,9,0,3,0,0,0,0,0,0,2,1,6,1,45,7,1598,1,15,5,3,5
201731B092117,2,9,0,18,0,0,0,0,0,0,1,1,6,3,-1,-1,1560,2,7,-1,-1,-1
201731B092217,1,9,0,18,5,6,0,0,0,0,3,1,6,1,55,8,3498,1,10,10,1,10
201731B092217,2,1,0,18,5,1,0,0,0,0,1,1,6,2,16,4,-1,-1,-1,2,1,2
201731B092317,1,9,0,17,0,0,0,0,8,4,4,1,2,1,21,5,998,1,15,6,3,6
201731B092817,1,9,0,9,0,5,0,0,0,0,3,1,1,1,27,6,1398,2,14,6,2,6
201731B092817,2,9,0,13,0,8,1,0,7,9,4,1,1,2,52,8,998,1,8,6,3,6
201731B093017,1,9,0,7,0,6,0,0,0,0,1,1,2,1,65,9,1390,1,9,7,1,7
201731B093117,1,5,0,16,0,0,1,0,7,9,1,1,6,1,73,10,599,1,19,3,3,3
201731B093417,1,5,0,13,0,1,0,0,7,0,1,1,6,1,66,10,885,1,20,-1,-1,-1
201731B093417,2,9,0,9,0,6,0,0,0,0,3,1,6,1,66,10,1399,2,11,6,1,6
201731B093617,1,9,0,16,0,8,0,0,0,0,3,1,6,1,53,8,-1,-1,-1,2,1,2
201731B093617,2,9,0,17,0,8,0,0,0,0,3,1,6,1,61,9,-1,-1,-1,10,1,10
201731B093917,1,9,0,17,0,0,0,0,1,9,1,1,6,2,25,5,999,1,9,5,2,5
201731B094217,1,19,0,9,0,6,0,0,0,0,3,1,2,1,52,8,1996,2,6,6,2,6
201731B094217,2,5,0,18,0,1,0,0,1,11,1,1,6,1,53,8,599,1,23,6,2,6
201731B095217,1,3,0,18,0,1,0,0,0,0,1,1,6,1,39,7,124,1,2,3,1,3
201731B095217,2,9,0,10,0,1,0,0,0,0,2,1,6,1,29,6,1997,2,9,6,3,6
201731B095317,1,8,0,7,0,6,0,0,0,0,1,1,2,2,70,10,1598,2,1,5,3,5
201731B095317,2,9,0,18,0,8,5,0,7,0,4,1,2,1,49,8,2204,2,11,1,1,1
201731B095717,1,9,0,18,0,0,0,0,0,0,3,1,1,1,57,9,2143,2,1,-1,-1,-1
201731B096317,1,1,0,11,9,8,1,0,0,0,4,1,6,2,62,9,-1,-1,-1,10,2,10
201731B096817,1,9,0,16,0,1,2,4,0,0,1,1,6,2,17,4,1398,1,-1,5,1,5
201731B096817,2,9,0,2,0,1,0,0,0,0,1,1,6,3,-1,-1,1398,1,3,-1,-1,-1
201731B096817,3,9,0,2,0,1,0,0,0,0,2,1,6,3,-1,-1,-1,-1,-1,-1,-1,-1
201731B097317,1,2,0,18,0,0,1,0,0,0,1,1,2,1,18,4,50,1,6,8,3,8
201731B097717,1,90,0,3,0,0,0,0,0,0,4,1,6,1,62,9,2800,2,12,5,3,5
201731B097717,2,9,0,3,0,0,0,0,0,0,4,1,6,2,21,5,1242,1,4,5,1,5
201731B097717,3,9,0,3,0,0,0,0,0,0,2,1,6,1,68,10,2179,2,9,7,3,7
201731B097717,4,9,0,18,0,0,0,0,1,0,1,1,6,1,47,8,1396,1,8,9,3,9
201731B097717,5,9,0,18,0,0,0,0,0,0,1,1,6,1,83,11,1242,1,14,10,1,10
201731B097817,1,9,0,12,0,0,0,0,0,0,3,1,6,2,44,7,1339,1,6,8,3,8
201731B097817,2,5,0,18,0,0,0,0,0,0,1,1,6,1,42,7,645,1,18,3,2,3
201731B098117,1,21,1,18,0,1,0,0,0,0,1,1,1,1,32,6,10677,2,3,2,1,2
201731B098117,2,19,0,3,0,1,0,0,0,0,2,1,1,1,28,6,2143,2,1,1,1,1
201731B098117,3,9,0,3,0,1,0,0,0,0,2,1,6,1,45,7,2982,2,5,2,2,2
201731B098117,4,9,0,10,0,1,0,0,0,0,2,1,6,2,47,8,1560,2,5,2,1,2
201731B098517,1,9,0,18,0,0,0,0,0,0,1,1,6,2,23,5,1198,1,13,3,1,3
201731B099117,1,9,0,18,0,0,0,0,0,0,1,1,2,1,18,4,1197,1,2,8,1,8
201731B099317,1,9,0,9,0,5,0,0,0,0,0,1,6,1,30,6,1596,1,15,2,1,2
201731B099317,2,3,0,18,0,8,1,0,0,0,4,1,6,1,67,10,125,1,1,2,1,2
201731B100517,1,9,0,9,0,6,0,0,0,0,3,1,6,1,23,5,1796,1,11,6,1,6
201731B100517,2,5,0,17,0,8,0,0,0,0,1,1,6,1,48,8,996,1,17,2,1,2
201731B101017,1,9,0,16,0,4,0,10,3,4,1,1,6,1,18,4,1149,1,13,7,1,7
201731B101417,1,3,0,13,0,8,0,0,0,0,4,1,6,3,-1,-1,-1,-1,-1,-1,-1,-1
201731B101417,2,1,0,18,0,8,0,0,0,0,3,1,6,1,56,9,-1,-1,-1,2,1,2
201731B101517,1,9,0,9,0,5,0,0,1,1,4,1,6,1,87,11,1596,1,15,5,3,5
201731B101517,2,9,0,18,0,8,0,0,4,6,1,1,6,2,70,10,2143,2,-1,6,1,6
201731B101717,1,9,0,9,0,6,0,0,0,0,1,1,2,1,51,8,1124,1,15,1,1,1
201731B101717,2,4,0,9,0,5,0,0,0,0,3,1,2,1,63,9,244,1,9,8,1,8
201731B101817,1,9,0,18,0,8,0,0,0,0,1,1,2,1,27,6,1598,1,8,1,1,1
201731B101817,2,19,0,18,0,8,0,0,0,0,4,1,6,1,59,9,1870,2,14,3,1,3
201731B102017,1,9,0,18,0,0,1,0,0,0,1,1,6,3,-1,-1,1598,1,16,-1,-1,-1
201731B102017,2,19,0,18,0,0,0,0,0,0,1,1,1,1,59,9,2198,2,5,1,1,1
201731B102117,1,9,0,18,0,0,0,0,0,0,1,1,6,2,18,4,1349,1,8,8,1,8
201731B102117,2,9,0,4,0,0,0,0,0,0,2,1,6,2,36,7,1956,2,7,6,1,6
201731B102317,1,1,0,18,0,8,0,0,0,0,3,1,6,2,20,4,-1,-1,-1,1,1,1
201731B102317,2,19,0,18,0,6,0,0,0,0,1,1,3,1,-1,-1,-1,-1,-1,-1,-1,-1
201731B102617,1,19,0,4,0,7,0,0,0,0,2,1,1,1,25,5,1560,2,-1,-1,-1,-1
201731B102617,2,9,0,18,0,7,0,0,0,0,1,1,6,1,41,7,1896,2,9,6,2,6
201731B102817,1,9,0,1,0,6,0,4,0,0,2,1,6,2,80,11,999,1,2,3,2,3
201731B102817,2,9,0,2,0,8,0,0,0,0,3,1,6,2,45,7,1198,1,1,3,2,3
201731B103117,1,9,0,18,0,0,0,4,0,0,1,1,6,1,18,4,1395,1,4,9,3,9
201731B103117,2,9,0,2,0,0,0,0,0,0,2,1,6,3,-1,-1,998,1,1,-1,-1,-1
201731B103217,1,9,0,17,0,0,2,0,7,10,3,1,2,2,22,5,1242,1,4,7,3,7
201731B103417,1,5,0,18,0,8,1,10,1,7,1,1,6,1,30,6,636,1,12,3,2,3
201731B103417,2,9,0,9,0,6,0,0,0,0,0,1,6,1,-1,-1,1149,1,12,2,1,2
201731B103817,1,9,0,4,0,1,0,0,0,0,1,1,6,1,48,8,1998,1,14,5,1,5
201731B103817,2,9,0,3,0,1,0,0,0,0,2,1,6,2,32,6,1364,2,2,8,3,8
201731B104117,1,9,0,18,0,0,0,0,0,0,1,1,6,2,32,6,1242,1,13,-1,1,-1
201731B104117,2,9,0,4,0,0,0,0,0,0,2,1,6,1,39,7,1598,1,13,8,2,8
201731B104117,3,9,0,4,0,0,0,0,0,0,2,1,6,2,48,8,1390,1,3,10,2,10
201731B104117,4,9,0,3,0,0,0,0,0,0,2,1,6,1,54,8,2496,1,11,9,2,9
201731B104517,1,9,0,13,0,0,0,0,0,0,1,1,2,2,55,8,1364,1,9,4,1,4
201731B104517,2,11,0,18,0,0,0,0,0,0,1,1,1,1,55,8,10964,2,-1,5,2,5
201731B104817,1,1,0,18,0,0,0,0,0,0,2,1,6,1,15,3,-1,-1,-1,2,1,2
201731B104817,2,9,0,13,0,0,0,0,0,0,1,1,6,1,21,5,1995,2,4,9,3,9
201731B104917,1,9,0,16,0,0,2,0,1,0,1,1,2,1,40,7,1598,1,14,8,1,8
201731B105717,1,9,0,18,0,4,0,0,0,0,1,1,1,2,49,8,1598,1,2,9,3,9
201731B105717,2,3,0,18,0,8,0,0,0,0,2,1,1,1,22,5,124,1,2,6,1,6
201731B106417,1,3,0,17,0,0,0,0,2,3,4,1,6,1,25,5,124,1,3,4,1,4
201731B107017,1,9,0,18,0,8,1,0,0,0,4,1,6,1,21,5,1496,2,1,8,3,8
201731B107017,2,9,0,18,0,1,0,0,1,4,1,1,6,2,32,6,1686,2,5,8,1,8
201731B107217,1,9,0,10,0,5,0,0,0,0,2,1,6,2,27,6,1596,1,12,1,1,1
201731B107217,2,19,0,18,0,1,0,0,0,0,1,1,1,1,21,5,2198,2,1,2,1,2
201731B108417,1,1,0,18,9,8,0,0,0,0,3,1,6,1,13,3,-1,-1,-1,7,1,7
201731B108417,2,9,0,7,0,5,0,0,0,0,1,1,6,1,20,4,1968,2,7,4,1,4
201731B108517,1,9,0,18,0,0,0,0,0,0,1,1,6,1,40,7,1598,1,3,1,1,1
201731B108517,2,9,0,4,0,0,0,0,0,0,2,1,6,2,40,7,2967,2,1,8,3,8
201731B108917,1,9,0,9,0,5,0,0,0,0,3,1,2,2,32,6,1900,2,11,8,3,8
201731B108917,2,5,0,13,0,8,0,0,0,0,1,1,6,1,69,10,1170,1,8,7,2,7
201731B109017,1,9,0,16,0,0,0,0,0,0,3,1,6,1,35,6,1984,2,6,2,1,2
201731B109017,2,9,0,18,0,0,0,0,1,0,3,1,2,1,30,6,1753,2,10,9,1,9
201731B109417,1,9,0,18,0,1,0,0,0,0,1,1,6,2,45,7,1968,2,8,1,1,1
201731B109417,2,9,0,3,0,1,0,0,0,0,2,1,6,1,32,6,1794,1,25,3,3,3
201731B109617,1,1,0,18,0,0,0,0,0,0,3,1,6,1,11,3,-1,-1,-1,7,1,7
201731B109617,2,9,0,18,0,0,0,0,0,0,1,1,6,1,54,8,1388,1,15,5,1,5
201731B109717,1,9,0,12,0,0,0,0,0,0,0,1,6,3,-1,-1,-1,-1,-1,-1,-1,-1
201731B109717,2,9,0,18,0,0,2,0,5,6,3,1,6,2,27,6,1399,2,9,3,2,3
201731B110117,1,9,0,9,0,5,0,0,1,9,3,1,6,1,84,11,1197,1,-1,-1,-1,-1
201731B110117,2,21,1,14,0,8,0,0,0,0,1,1,1,1,56,9,10837,2,4,6,3,6
201731B110617,1,9,0,18,0,0,0,0,0,0,1,1,2,1,36,7,1995,2,3,9,1,9
201731B111717,1,9,0,9,0,5,0,0,0,0,0,1,6,3,-1,-1,-1,-1,-1,-1,-1,-1
201731B111717,2,11,0,18,0,8,0,0,0,0,0,1,1,1,37,7,9000,2,6,3,1,3
201731B111817,1,9,0,18,0,1,0,0,0,0,1,1,6,3,-1,-1,-1,-1,-1,-1,-1,-1
201731B111817,2,1,0,7,0,2,0,0,0,0,1,1,6,1,26,6,-1,-1,-1,4,1,4
201731B112317,1,90,0,9,0,8,0,0,0,0,3,1,1,1,57,9,2999,2,5,5,1,5
201731B112317,2,9,0,18,0,3,0,0,0,0,4,1,6,2,45,7,1999,1,9,2,1,2
201731B113117,1,9,0,18,0,8,0,0,0,0,1,1,6,1,36,7,1360,1,12,7,1,7
201731B113117,2,9,0,18,0,8,0,0,0,0,1,1,6,2,45,7,1997,1,4,5,3,5
201731B113817,1,21,0,17,0,0,1,0,1,9,3,1,6,1,24,5,-1,-1,-1,6,3,6
201731B113817,2,9,0,16,0,0,1,0,1,9,3,1,6,1,31,6,1910,2,10,1,1,1
201731B114417,1,3,0,13,0,8,0,0,0,0,1,1,6,1,43,7,125,1,2,3,2,3
201731B114417,2,9,0,9,0,5,0,0,0,0,3,1,6,1,38,7,1289,1,18,3,1,3
201731B115217,1,19,0,1,0,0,0,0,0,0,2,1,1,1,49,8,2143,2,1,5,3,5
201731B115217,2,2,0,3,0,0,0,0,0,0,1,1,2,1,17,4,50,1,3,5,1,5
201731B115317,1,9,0,18,0,8,0,0,1,1,1,1,1,1,20,4,1368,1,9,7,3,7
201731B115317,2,9,0,18,0,8,0,0,7,2,4,1,1,2,40,7,1598,2,2,5,3,5
201731B115717,1,9,0,18,0,1,0,0,0,0,1,1,6,2,-1,-1,1296,1,11,3,2,3
201731B115717,2,9,0,7,0,5,0,0,1,0,2,1,6,2,30,6,1560,2,12,3,2,3
201731B116517,1,9,0,18,0,0,0,0,0,0,4,1,6,1,48,8,1242,1,-1,-1,-1,-1
201731B116817,1,90,0,2,0,0,0,0,0,0,0,1,6,3,-1,-1,-1,-1,-1,-1,-1,-1
201731B117317,1,19,0,18,0,1,0,0,0,0,1,1,6,1,27,6,2198,2,10,2,1,2
201731B117317,2,9,0,3,0,1,0,0,0,0,2,1,6,2,53,8,1390,1,11,9,1,9
201731B117317,3,9,0,10,0,8,0,0,0,0,2,1,6,1,60,9,1995,2,2,8,1,8
201731B117817,1,9,0,18,0,1,1,0,0,0,1,1,6,1,81,11,2188,2,12,1,2,1
201731B117817,2,9,0,2,0,1,0,0,0,0,2,1,6,3,-1,-1,-1,-1,-1,-1,-1,-1
201731B117917,1,1,0,18,0,1,0,0,0,0,1,1,6,1,-1,-1,-1,-1,-1,-1,-1,-1
201731B118217,1,9,0,18,0,0,0,0,0,0,0,1,6,1,19,4,998,1,13,5,3,5
201731B118617,1,9,0,18,0,0,0,0,1,4,1,1,6,1,23,5,1390,1,13,-1,-1,-1
201731B118717,1,9,0,9,0,6,0,0,0,0,2,1,6,3,-1,-1,1242,1,10,-1,-1,-1
201731B118717,2,9,0,9,0,6,0,0,0,0,1,1,6,2,33,6,1499,2,-1,3,1,3
201731B118817,1,9,0,18,0,8,0,0,0,0,3,1,6,2,59,9,1329,1,7,3,1,3
201731B118817,2,9,0,9,0,5,0,0,0,0,1,1,2,2,40,7,1398,1,3,3,2,3
201731B119017,1,19,0,18,0,0,0,12,0,0,1,1,1,1,45,7,2198,2,1,4,1,4
201731B119217,1,9,0,16,0,0,1,10,7,0,1,1,6,1,18,4,1250,1,14,7,1,7
201731B119217,2,9,0,17,0,0,1,0,0,0,3,1,6,2,22,5,998,1,3,6,3,6
201731B119517,1,9,0,18,0,8,0,0,0,0,4,1,6,1,72,10,999,1,-1,7,1,7
201731B119517,2,1,0,18,0,8,0,0,0,0,1,1,6,2,53,8,-1,-1,-1,8,2,8
201731B119617,1,9,0,9,0,5,0,0,0,0,0,1,6,2,67,10,996,1,7,5,2,5
201731B119617,2,1,0,15,4,1,0,10,1,0,1,1,6,1,36,7,-1,-1,-1,-1,-1,-1
201731B119817,1,9,0,18,0,2,0,0,0,0,1,1,6,3,-1,-1,1199,1,16,-1,-1,-1
201731B119817,2,9,0,3,0,2,0,0,0,0,2,1,6,1,28,6,1995,2,7,-1,-1,-1
201731B120517,1,9,0,18,0,2,0,0,0,0,3,1,6,2,37,7,1596,1,11,5,2,5
201731B120917,1,9,0,9,0,6,0,0,0,0,3,1,6,2,19,4,998,1,13,8,1,8
201731B120917,2,9,0,18,0,1,0,0,0,0,1,1,2,2,51,8,1496,2,2,5,1,5
201731B121117,1,9,0,18,0,0,1,0,4,6,1,1,6,1,38,7,1149,1,7,7,1,7
201731B121717,1,9,0,18,0,0,0,0,7,9,1,1,1,1,58,9,1598,2,6,5,1,5
201731B121817,1,9,0,9,0,8,0,10,0,0,3,1,6,2,38,7,1598,1,8,8,1,8
201731B121817,2,9,0,18,0,3,0,0,0,0,4,1,6,2,65,9,-1,-1,-1,-1,-1,-1
201731B122017,1,11,0,4,0,1,0,0,0,0,0,1,6,2,-1,-1,3900,2,11,-1,-1,-1
201731B122217,1,9,0,4,0,1,1,0,0,0,1,2,1,1,29,6,4942,1,49,3,2,3
201731B122217,2,9,0,10,0,1,0,0,0,0,2,1,6,1,27,6,2143,2,1,5,3,5
201731B122517,1,9,0,18,0,0,0,0,1,0,1,1,6,1,33,6,1997,2,6,5,1,5
201731B123117,1,9,0,18,0,0,0,0,0,0,1,1,6,2,72,10,1896,2,10,7,2,7
201731B123117,2,9,0,18,0,0,0,0,1,0,1,1,6,2,46,8,1461,2,1,7,1,7
201731B124517,1,9,0,18,0,8,0,0,0,0,1,1,6,1,31,6,1870,2,12,8,2,8
201731B124517,2,1,0,18,0,8,0,0,0,0,1,1,6,1,13,3,-1,-1,-1,-1,-1,-1
201731B124917,1,19,0,18,0,0,5,4,0,0,4,1,6,1,43,7,1686,2,11,2,1,2
201731B124917,2,9,0,2,0,0,0,0,0,0,3,1,6,3,-1,-1,1598,1,10,-1,-1,-1
201731B125617,1,9,0,9,0,6,0,0,0,0,1,1,6,2,41,7,1968,2,4,10,1,10
201731B125617,2,19,0,18,0,6,0,0,0,0,1,1,2,1,45,7,1560,2,8,4,3,4
201731B125917,1,5,0,16,0,0,1,0,7,4,4,1,6,1,43,7,748,1,14,4,2,4
201731B126017,1,19,0,18,0,0,5,10,1,0,4,1,1,1,59,9,2198,2,6,4,1,4
201731B126217,1,9,0,18,0,1,0,0,0,0,1,1,6,1,64,9,1197,1,2,3,1,3
201731B126517,1,9,0,9,0,6,0,0,0,0,1,1,6,2,57,9,1560,2,8,2,2,2
201731B126517,2,9,0,18,0,1,0,0,0,0,4,1,6,2,33,6,1796,1,10,9,1,9
201731B126617,1,9,0,18,0,0,0,0,0,0,1,1,6,1,23,5,1900,2,11,6,3,6
201731B126617,2,9,0,4,0,0,0,0,0,0,2,1,6,2,46,8,1995,2,3,10,1,10
201731B126817,1,9,0,18,0,0,0,0,0,0,1,1,1,2,22,5,1229,1,-1,7,2,7
201731B126817,2,22,0,18,0,0,0,0,0,0,3,1,6,2,81,11,-1,-1,-1,2,2,2
201731B127217,1,9,0,13,0,0,0,0,0,0,3,1,6,1,-1,-1,-1,-1,-1,-1,-1,-1
201731B127217,2,3,0,13,0,0,1,0,0,0,1,1,2,1,18,4,96,1,8,5,3,5
201731B127317,1,9,0,9,0,5,0,0,0,0,1,1,6,1,82,11,-1,-1,-1,7,2,7
201731B127317,2,1,0,18,0,8,0,0,0,0,3,1,6,1,47,8,-1,-1,-1,5,1,5
201731B127717,1,9,0,18,0,8,0,0,7,0,3,1,6,2,24,5,1598,1,6,2,1,2
201731B127717,2,9,0,18,0,8,0,0,0,0,3,1,6,1,35,6,1596,1,6,8,1,8
201731B127717,3,9,0,18,0,6,0,0,0,0,1,1,6,1,-1,-1,-1,-1,-1,-1,-1,-1
201731B127917,1,9,0,7,0,6,0,0,0,0,4,1,2,2,42,7,1598,1,7,4,1,4
201731B127917,2,1,0,18,0,8,0,0,0,0,1,1,2,1,44,7,-1,-1,-1,4,2,4
201731B128017,1,9,0,16,0,8,1,0,7,11,1,1,2,1,20,4,1248,2,7,7,2,7
201731B128017,2,9,0,17,0,8,0,0,0,0,3,1,6,3,-1,-1,-1,-1,-1,-1,-1,-1
201731B128817,1,9,0,5,0,6,0,0,0,0,1,1,6,1,21,5,1596,1,10,4,1,4
201731B128817,2,9,0,18,0,8,5,0,0,0,4,1,6,2,20,4,1242,1,9,8,2,8
201731B128917,1,9,0,9,0,5,0,0,0,0,3,1,2,1,19,4,1461,2,3,8,1,8
201731B128917,2,9,0,18,0,8,0,0,1,0,3,1,6,2,47,8,1968,2,1,8,1,8
201731B129017,1,9,0,18,0,0,0,0,0,0,1,1,6,2,34,6,1329,1,5,5,1,5
201731B129017,2,9,0,18,0,0,0,0,4,6,2,1,6,1,46,8,-1,-1,-1,5,1,5
201731B129017,3,9,0,18,0,0,0,0,0,0,4,1,6,2,53,8,1199,2,5,9,2,9
201731B129217,1,9,0,18,0,0,0,0,0,0,4,1,6,1,59,9,1498,1,2,3,1,3
201731B129217,2,9,0,5,0,0,0,0,0,0,1,1,6,1,41,7,1248,2,13,3,1,3
201731B129717,1,19,0,9,0,5,0,0,0,0,3,1,6,1,-1,-1,1560,2,6,-1,-1,-1
201731B129717,2,3,0,14,0,5,0,0,0,0,1,1,6,1,-1,-1,125,1,1,10,1,10
201731B130217,1,9,0,10,0,8,0,0,0,0,2,1,3,2,50,8,1798,1,1,5,1,5
201731B130217,2,19,0,18,0,8,0,0,0,0,1,1,1,1,54,8,1598,2,2,9,1,9
201731B130517,1,9,0,5,0,6,0,0,0,0,1,1,6,1,46,8,1390,1,11,1,1,1
201731B130617,1,9,0,9,0,6,0,0,0,0,3,1,2,2,41,7,1995,2,4,10,1,10
201731B130617,2,2,0,14,0,8,0,0,0,0,1,1,6,1,-1,-1,49,1,17,4,1,4
201731B130717,1,9,0,18,0,4,0,0,0,0,3,1,6,1,64,9,1560,2,4,4,1,4
201731B130717,2,1,0,17,0,8,0,0,0,0,4,1,2,1,44,7,-1,-1,-1,8,2,8
201731B131317,1,9,0,18,0,5,0,0,3,7,1,1,6,1,26,6,1149,1,15,1,1,1
201731B131717,1,9,0,16,0,0,1,0,7,7,1,1,6,1,40,7,1596,1,17,1,1,1
201731B131717,2,21,1,17,0,0,0,0,0,0,1,1,1,1,48,8,12740,2,6,-1,-1,-1
201731B132217,1,9,0,13,0,0,0,0,0,0,4,1,6,1,72,10,1395,1,3,-1,-1,-1
201731B132217,2,1,0,9,0,0,0,0,0,0,3,1,6,1,12,3,-1,-1,-1,-1,-1,-1
201731B132417,1,9,0,9,0,5,0,0,0,0,1,1,2,2,48,8,1590,1,16,5,1,5
201731B132417,2,9,0,18,0,8,0,0,0,0,1,1,2,1,49,8,1686,2,15,1,1,1
201731B133017,1,21,1,18,0,4,0,0,0,0,1,1,1,1,32,6,11705,2,5,3,1,3
201731B133017,2,19,0,18,0,8,0,0,0,0,1,1,1,1,40,7,-1,-1,-1,5,2,5
201731B133117,1,9,0,18,0,1,0,2,0,0,1,1,6,1,50,8,1998,2,12,-1,-1,-1
201731B133117,2,9,0,3,0,1,0,2,0,0,2,1,6,1,39,7,1968,2,1,7,3,7
201731B133117,3,9,0,3,0,1,0,2,0,0,2,1,6,1,45,7,996,1,8,6,1,6
201731B133617,1,20,1,12,0,0,0,0,0,0,3,2,1,1,44,7,-1,-1,-1,-1,-1,-1
201731B133617,2,9,0,13,0,0,0,0,1,0,4,1,6,2,61,9,-1,-1,-1,4,2,4
201731B133717,1,9,0,18,0,1,0,0,0,0,1,1,6,1,78,11,998,1,14,6,1,6
201731B133717,2,9,0,10,0,8,0,0,0,0,2,1,6,1,29,6,1396,1,15,5,2,5
201731B134017,1,9,0,18,0,1,0,0,0,0,1,1,6,1,27,6,1910,2,10,1,1,1
201731B134017,2,9,0,10,0,1,0,0,0,0,2,1,6,1,40,7,2495,2,12,2,1,2
201731B134017,3,9,0,18,0,1,0,0,0,0,1,1,6,2,21,5,1360,1,14,7,3,7
201731B134117,1,11,0,4,0,2,0,0,0,0,0,1,1,2,44,7,8268,2,15,4,2,4
201731B134217,1,17,5,13,0,0,0,0,0,0,4,1,6,1,-1,-1,-1,-1,-1,-1,-1,-1
201731B134217,2,1,0,18,0,0,0,0,0,0,3,1,6,2,49,8,-1,-1,-1,10,1,10
201731B135017,1,5,0,13,0,8,0,0,0,0,1,1,6,1,26,6,599,1,-1,1,2,1
201731B135017,2,9,0,9,0,5,0,0,0,0,3,1,6,2,47,8,1364,2,11,5,2,5
201731B135117,1,5,0,17,0,1,0,0,1,9,1,1,6,1,35,6,998,1,13,8,2,8
201731B135717,1,9,0,1,0,6,0,0,0,0,4,1,6,2,21,5,1390,1,9,5,1,5
201731B135717,2,3,0,18,0,8,0,0,0,0,1,1,6,1,57,9,125,1,56,9,1,9
201731B136317,1,9,0,18,0,8,0,0,0,0,1,1,6,1,-1,-1,-1,-1,-1,-1,-1,-1
201731B136317,2,1,0,18,0,8,0,0,0,0,3,1,6,1,48,8,-1,-1,-1,7,1,7
201731B136417,1,9,0,6,0,0,0,0,0,0,3,1,6,2,62,9,1395,1,1,9,1,9
201731B136417,2,5,0,13,0,0,0,0,0,0,1,1,6,1,31,6,599,1,9,4,2,4
201731B136817,1,9,0,18,0,0,0,0,0,0,3,1,2,1,55,8,1400,1,11,7,1,7
201731B136817,2,9,0,18,0,0,0,0,0,0,1,1,6,2,45,7,1781,1,18,7,1,7
201731B137317,1,9,0,14,0,0,0,0,0,0,1,1,6,1,43,7,2494,2,6,7,2,7
201731B137317,2,19,0,18,0,0,0,0,0,0,1,1,6,1,22,5,-1,-1,-1,1,1,1
201731B137517,1,9,0,9,0,6,0,0,0,0,3,1,6,1,77,11,1783,1,13,1,1,1
201731B137517,2,1,0,18,0,8,0,0,0,0,1,1,6,1,42,7,-1,-1,-1,9,2,9
201731B138017,1,19,0,18,0,1,1,0,1,0,1,1,1,1,27,6,1499,2,1,-1,1,-1
201731B138017,2,21,1,7,0,5,0,0,0,0,2,1,1,1,45,7,12900,2,9,9,2,9
201731B139217,1,9,0,18,0,0,0,0,0,0,1,1,6,1,25,5,2500,2,18,7,1,7
201731B139217,2,5,0,3,0,0,0,0,0,0,2,1,6,1,54,8,1000,1,1,8,3,8
201731B139217,3,9,0,3,0,0,0,0,0,0,2,1,6,2,47,8,998,1,5,7,1,7
201731B139417,1,1,0,18,0,0,0,0,1,2,1,1,6,2,12,3,-1,-1,-1,5,1,5
201731B139817,1,11,0,4,0,0,0,0,0,0,0,1,1,1,-1,-1,-1,-1,-1,1,2,1
201731B140117,1,9,0,9,0,6,0,0,0,0,1,1,6,1,86,11,1997,2,3,5,2,5
201731B140117,2,9,0,18,0,8,0,0,0,0,4,1,6,2,18,4,1149,1,14,6,1,6
201731B141117,1,9,0,18,0,3,0,0,0,0,4,1,6,1,52,8,1956,2,3,6,1,6