Accident_Index,Vehicle_Reference,Vehicle_Type,Towing_and_Articulation,Vehicle_Manoeuvre,Vehicle_Location-Restricted_Lane,Junction_Location,Skidding_and_Overturning,Hit_Object_in_Carriageway,Vehicle_Leaving_Carriageway,Hit_Object_off_Carriageway,1st_Point_of_Impact,Was_Vehicle_Left_Hand_Drive?,Journey_Purpose_of_Driver,Sex_of_Driver,Age_of_Driver,Age_Band_of_Driver,Engine_Capacity_(CC),Propulsion_Code,Age_of_Vehicle,Driver_IMD_Decile,Driver_Home_Area_Type,Vehicle_IMD_Decile
201731B141117,2,1,0,18,0,8,0,0,0,0,1,1,6,2,39,7,-1,-1,-1,-1,-1,-1
201731B141417,1,22,0,18,0,2,0,0,0,0,1,1,6,1,66,10,-1,-1,-1,2,1,2
201731B141517,1,19,0,18,0,0,0,0,0,0,4,1,6,3,-1,-1,1998,2,13,-1,-1,-1
201731B142617,1,19,0,7,0,4,0,0,0,0,3,1,1,1,60,9,2477,2,11,8,2,8
201731B142617,2,1,0,18,0,8,0,0,0,0,1,1,6,1,78,11,-1,-1,-1,10,2,10
201731B142817,1,9,0,18,0,8,0,0,0,0,4,1,6,1,34,6,1988,1,16,2,1,2
201731B142817,2,9,0,18,0,1,0,0,0,0,1,1,6,1,59,9,2993,2,5,7,1,7
201731B143217,1,9,0,16,0,8,0,0,7,11,1,1,2,1,36,7,1388,1,12,3,2,3
201731B143517,1,19,0,2,0,2,0,0,0,0,3,1,1,1,44,7,1968,2,2,7,3,7
201731B143517,2,1,0,18,0,2,0,4,0,0,4,1,1,2,77,11,-1,-1,-1,6,1,6
201731B143817,1,9,0,18,0,0,0,0,7,0,1,1,6,1,35,6,998,1,10,-1,-1,-1
201731B143817,2,1,0,12,0,0,0,0,0,0,2,1,6,1,60,9,-1,-1,-1,5,1,5
201731B145417,1,9,0,18,0,1,0,0,0,0,4,1,6,2,-1,-1,-1,-1,-1,-1,-1,-1
201731B145617,1,9,0,16,0,0,0,0,0,0,1,1,6,1,-1,-1,-1,-1,-1,-1,-1,-1
201731B145617,2,9,0,16,0,0,0,0,0,0,0,1,1,1,53,8,2400,2,1,10,2,10
201731B145617,3,9,0,18,0,0,0,0,0,0,3,1,6,1,72,10,1368,1,2,9,3,9
201731B145617,4,19,0,18,0,0,0,0,0,0,3,1,6,1,51,8,1461,2,1,6,3,6
201731B145617,5,9,0,18,0,0,0,0,0,0,3,1,6,2,49,8,1998,2,12,4,1,4
201731B145617,6,9,0,18,0,0,0,0,0,0,3,1,6,1,59,9,4663,1,3,2,1,2
201731B145617,7,9,0,18,0,0,0,0,0,0,3,1,6,2,40,7,1596,1,9,10,1,10
201731B145617,8,19,0,18,0,0,0,0,0,0,1,1,1,1,29,6,1968,2,1,7,1,7
201731B146217,1,1,0,18,0,0,0,0,0,0,1,1,6,1,51,8,-1,-1,-1,-1,-1,-1
201731B146217,2,9,0,2,0,0,0,0,0,0,2,1,6,1,17,4,1124,1,15,-1,-1,-1
201731B146917,1,9,0,3,0,1,0,0,0,0,2,1,1,1,47,8,1686,2,10,5,1,5
201731B146917,2,9,0,3,0,1,0,0,0,0,2,1,6,1,27,6,1975,1,18,2,1,2
201731B146917,3,9,0,4,0,1,0,0,0,0,1,1,2,1,58,9,1597,2,4,3,1,3
201731B147017,1,9,0,18,0,0,1,0,7,0,1,1,6,2,19,4,1360,1,13,8,2,8
201731B148117,1,9,0,9,0,5,0,0,0,0,4,1,6,2,-1,-1,998,1,4,6,1,6
201731B148117,2,9,0,17,0,8,0,0,0,0,1,1,6,2,89,11,1248,1,7,5,1,5
201731B148517,1,9,0,18,0,8,0,0,0,0,4,1,2,1,44,7,1998,8,-1,5,3,5
201731B148517,2,4,0,18,0,8,0,0,0,0,1,1,6,1,71,10,499,1,14,5,3,5
201731B148817,1,9,0,18,0,8,0,0,3,11,1,1,6,2,25,5,1149,1,14,5,2,5
201731B149317,1,19,0,1,0,0,0,4,0,0,2,1,1,2,-1,-1,1686,2,14,-1,-1,-1
201731B149317,2,19,0,2,0,0,0,0,0,0,2,1,6,1,45,7,1560,2,3,2,2,2
201731B149717,1,9,0,17,0,8,0,0,0,0,1,1,2,1,29,6,1197,1,-1,5,1,5
201731B149717,2,11,0,18,0,6,0,0,0,0,2,1,1,1,55,8,3900,2,11,4,2,4
201731B151617,1,9,0,18,0,0,0,0,0,0,1,1,6,1,32,6,1796,1,5,10,2,10
201731B151817,1,9,0,18,0,1,0,0,0,0,1,1,1,2,22,5,-1,-1,-1,6,1,6
201731B151817,2,9,0,8,0,1,0,0,0,0,2,1,6,1,27,6,1598,2,1,3,2,3
201731B152017,1,9,0,18,0,6,0,0,5,1,3,1,6,1,74,10,1997,2,12,4,1,4
201731B152017,2,9,0,17,0,8,1,0,0,0,1,1,6,1,50,8,1582,2,8,6,1,6
201731B152417,1,1,0,18,0,1,0,0,0,0,3,1,6,1,14,3,-1,-1,-1,2,1,2
201731B152417,2,9,0,7,0,6,0,0,0,0,1,1,6,3,-1,-1,-1,-1,-1,-1,-1,-1
201731B152617,1,21,1,9,0,5,0,0,0,0,1,1,1,1,62,9,12809,2,4,1,1,1
201731B152617,2,9,0,18,0,8,0,0,0,0,3,1,6,2,25,5,1229,1,3,4,2,4
201731B152717,1,9,0,9,0,6,0,0,0,0,1,1,6,2,24,5,1299,1,15,8,1,8
201731B152717,2,9,0,18,0,8,0,0,0,0,4,1,6,2,17,4,1582,2,1,6,1,6
201731B153517,1,21,0,16,0,1,5,0,0,0,3,1,1,1,51,8,12740,2,2,1,1,1
201731B154017,1,9,0,16,0,0,0,0,7,0,1,1,6,2,59,9,1198,1,2,5,2,5
201731B154017,2,9,0,17,0,0,0,0,0,0,1,1,1,1,62,9,1969,2,1,6,2,6
201731B154017,3,9,0,17,0,0,0,0,0,0,1,1,6,2,51,8,1499,1,-1,5,3,5
201731B155517,1,3,0,18,0,1,0,11,0,0,1,1,2,1,30,6,124,1,8,2,1,2
201731B156517,1,9,0,13,0,8,0,0,7,0,1,1,6,1,71,10,1995,2,4,7,1,7
201731B156517,2,17,5,9,0,5,0,0,0,0,3,1,1,1,21,5,-1,2,1,-1,-1,-1
201731B157317,1,9,0,18,0,8,0,0,0,0,1,1,6,2,24,5,1910,2,7,-1,-1,-1
201731B157317,2,9,0,3,0,8,0,0,0,0,2,1,6,1,53,8,1499,2,-1,-1,-1,-1
201731B157317,3,9,0,10,0,5,0,0,0,0,2,1,6,2,69,10,1389,1,19,3,3,3
201731B157417,1,9,0,18,0,8,0,0,1,1,3,1,6,2,85,11,1240,1,12,8,1,8
201731B157417,2,9,0,7,0,3,0,0,0,0,1,1,1,2,46,8,1461,2,5,6,1,6
201731B157717,1,9,0,9,0,6,0,0,0,0,3,1,6,1,38,7,2184,2,3,3,2,3
201731B157717,2,9,0,18,0,8,0,0,0,0,4,1,6,1,64,9,1995,2,5,2,2,2
201731B157917,1,9,0,13,0,2,1,0,1,11,1,1,2,1,39,7,2500,1,19,7,3,7
201731B157917,2,19,0,18,0,1,0,0,1,4,1,1,1,1,45,7,2500,2,11,1,1,1
201731B158417,1,9,0,18,0,0,0,0,0,0,1,1,6,3,-1,-1,-1,-1,-1,-1,-1,-1
201731B159317,1,4,0,18,0,0,1,0,0,0,4,1,6,1,65,9,1199,1,15,6,1,6
201731B159617,1,9,0,16,0,0,2,0,1,9,4,1,2,1,25,5,1587,1,14,4,1,4
201731B160017,1,9,0,16,0,1,0,0,0,0,1,1,6,1,22,5,1910,2,10,6,3,6
201731B160017,2,9,0,3,0,1,0,0,0,0,2,1,6,1,56,9,2993,2,1,9,3,9
201731B160017,3,9,0,10,0,1,0,0,0,0,2,1,6,1,56,9,1968,2,3,3,3,3
201731B160417,1,9,0,5,0,2,0,0,0,0,1,1,6,1,-1,-1,998,1,2,-1,-1,-1
201731B161217,1,9,0,16,0,0,1,0,2,2,2,1,6,2,37,7,1995,2,10,1,1,1
201731B162317,1,20,0,17,0,0,0,0,0,0,3,1,1,1,37,7,4250,2,6,1,1,1
201731B162317,2,19,0,16,0,0,0,0,0,0,3,1,1,1,48,8,12777,2,2,-1,-1,-1
201731B162317,3,21,1,16,0,0,0,0,0,0,1,1,2,1,58,9,12900,2,6,-1,-1,-1
201731B162317,4,9,0,17,0,0,0,0,0,0,1,1,6,2,56,9,2143,2,-1,7,3,7
201731B162317,5,9,0,17,0,0,0,0,0,0,1,1,6,2,52,8,1984,1,2,6,3,6
201731B162717,1,9,0,5,0,4,0,0,0,0,1,1,6,2,71,10,1582,2,8,7,1,7
201731B163017,1,9,0,7,0,6,0,0,0,0,1,1,6,1,53,8,1560,2,1,-1,-1,-1
201731B163017,2,19,0,18,0,8,0,0,0,0,4,1,6,1,61,9,2300,1,53,3,1,3
201731B163117,1,3,0,13,0,8,1,0,0,0,1,1,6,1,17,4,124,1,1,1,1,1
201731B163117,2,9,0,5,0,6,0,0,0,0,3,1,6,2,90,11,1598,1,10,5,1,5
201731B163517,1,9,0,12,0,8,0,0,0,0,3,1,6,1,77,11,1398,1,-1,8,1,8
201731B163517,2,3,0,18,0,3,0,0,7,0,1,1,2,1,19,4,124,1,8,5,2,5
201731B163717,1,9,0,7,0,6,1,0,0,0,1,1,6,1,-1,-1,973,1,15,-1,-1,-1
201731B163717,2,9,0,18,0,8,0,0,0,0,1,1,6,2,75,10,698,1,13,3,3,3
201731B163917,1,9,0,5,0,1,0,0,0,0,1,1,6,2,24,5,1422,2,10,5,3,5
201731B163917,2,3,0,3,0,1,0,0,0,0,2,1,1,1,18,4,125,1,1,2,1,2
201731B165017,1,19,0,4,0,0,1,0,0,0,1,1,6,1,22,5,1998,2,12,3,2,3
201731B165017,2,21,1,4,0,0,0,0,0,0,2,1,1,1,53,8,12809,2,3,4,1,4
201731B165117,1,21,1,12,0,0,0,0,0,0,3,2,1,1,42,7,-1,-1,-1,-1,-1,-1
201731B165117,2,9,0,18,0,0,0,0,0,0,4,1,6,1,36,7,2204,2,11,2,1,2
201731B165217,1,3,0,18,0,4,0,0,0,0,1,1,1,1,27,6,-1,-1,-1,1,1,1
201731B165217,2,9,0,18,0,8,0,0,0,0,4,1,6,3,-1,-1,-1,-1,-1,-1,-1,-1
201731B165317,1,9,0,18,0,0,5,0,1,3,4,1,6,2,26,6,1242,1,4,1,1,1
201731B165417,1,19,0,13,0,0,1,7,5,9,1,1,1,1,56,9,2198,2,2,3,1,3
201731B165417,2,21,1,18,0,0,0,0,0,0,2,1,1,1,66,10,11946,2,5,6,3,6
201731B166117,1,9,0,9,0,5,0,0,0,0,3,1,2,2,28,6,1997,2,-1,-1,-1,-1
201731B166117,2,2,0,13,0,8,0,0,0,0,1,1,6,1,16,4,50,1,2,9,1,9
201731B166317,1,9,0,18,0,1,0,0,0,0,1,1,6,1,78,11,1598,1,5,8,1,8
201731B166317,2,3,0,9,0,8,0,0,0,0,1,1,6,1,18,4,-1,-1,-1,3,3,3
201731B167117,1,9,0,18,0,0,0,0,0,0,1,1,6,1,66,10,1364,2,10,6,1,6
201731B167117,2,1,0,18,0,0,0,0,0,0,2,1,6,1,66,10,-1,-1,-1,8,1,8
201731B167217,1,9,2,18,0,0,0,0,0,0,3,1,6,2,64,9,1598,1,2,9,3,9
201731B167917,1,1,0,18,0,0,0,0,0,0,3,1,6,1,16,4,-1,-1,-1,9,3,9
201731B167917,2,9,0,13,0,0,0,0,0,0,4,1,6,1,54,8,1896,2,11,7,2,7
201731B168317,1,3,0,18,0,0,0,0,0,0,1,1,6,1,19,4,124,1,4,5,2,5
201731B168317,2,9,0,3,0,0,0,0,0,0,2,2,2,1,40,7,-1,-1,-1,-1,-1,-1
201731B169017,1,1,0,18,0,0,0,0,0,0,4,1,6,1,62,9,-1,-1,-1,8,3,8
201731B169017,2,1,0,18,0,0,0,0,1,9,3,1,6,1,62,9,-1,-1,-1,10,2,10
201731B169217,1,9,0,18,0,8,0,0,0,0,4,1,6,2,24,5,1910,2,9,2,2,2
201731B169217,2,1,0,18,0,8,0,0,0,0,1,1,6,1,47,8,-1,-1,-1,6,2,6
201731B169517,1,9,0,17,0,0,1,0,0,0,2,1,2,1,23,5,1364,2,10,10,2,10
201731B169517,2,19,0,18,0,0,0,0,0,0,1,1,1,1,31,6,2198,2,1,6,1,6
201731B169717,1,9,0,7,0,5,0,0,0,0,4,1,2,2,36,7,998,1,13,3,1,3
201731B169717,2,1,0,18,4,1,1,0,0,0,1,1,2,1,55,8,-1,-1,-1,3,1,3
201731B170317,1,9,0,9,0,5,0,0,1,0,4,1,6,1,79,11,1388,1,6,8,3,8
201731B170317,2,9,0,18,0,8,5,0,0,0,1,1,6,2,24,5,1389,1,16,8,1,8
201731B170317,3,9,0,18,0,1,0,0,0,0,1,1,6,2,72,10,1198,1,9,5,3,5
201731B171717,1,9,0,18,0,0,0,0,1,3,1,1,6,2,64,9,1995,2,19,3,1,3
201731B172517,1,1,0,18,0,1,0,0,0,0,1,1,1,2,26,6,-1,-1,-1,7,1,7
201731B172517,2,9,0,18,0,1,0,0,0,0,4,1,1,2,30,6,898,1,-1,8,1,8
201731B172717,1,1,0,18,0,0,0,4,0,0,1,1,6,1,67,10,-1,-1,-1,-1,-1,-1
201731B172717,2,19,0,2,0,0,0,0,0,0,2,1,1,1,39,7,1753,2,14,9,1,9
201731B172817,1,9,0,11,0,0,0,0,1,1,1,1,6,1,18,4,1198,1,14,3,1,3
201731B172917,1,9,0,18,0,0,2,0,0,0,4,1,6,2,32,6,1240,1,12,-1,-1,-1
201731B173017,1,9,0,16,0,0,2,10,1,0,4,1,6,2,36,7,1390,1,5,2,1,2
201731B173417,1,9,0,9,0,5,0,0,0,0,1,1,6,2,71,10,1499,2,1,7,1,7
201731B173417,2,1,0,7,0,6,0,0,0,0,1,1,6,1,62,9,-1,-1,-1,3,1,3
201731B174017,1,19,0,18,0,0,0,0,0,0,1,1,2,1,25,5,1598,2,2,9,1,9
201731B174017,2,9,0,4,0,0,0,0,0,0,2,1,6,1,35,6,1910,2,10,10,2,10
201731B174017,3,19,0,4,0,0,0,0,0,0,2,1,1,1,-1,-1,-1,-1,-1,10,1,10
201731B174017,4,9,0,4,0,0,0,0,0,0,2,1,6,2,57,9,1339,1,11,9,2,9
201731B176017,1,17,4,7,0,5,0,0,0,0,3,1,6,1,68,10,6728,2,1,6,2,6
201731B176017,2,9,0,18,0,8,1,0,0,0,1,1,6,1,78,11,1197,1,2,7,3,7
201731B176017,3,19,0,18,0,1,0,0,0,0,3,1,6,2,32,6,-1,-1,-1,3,1,3
201731B176117,1,19,0,18,0,0,0,0,7,4,1,1,6,1,28,6,1753,2,8,6,3,6
201731B177917,1,9,0,13,0,0,0,0,0,0,1,1,6,1,-1,-1,1461,2,12,-1,-1,-1
201731B177917,2,3,0,18,0,0,0,0,0,0,2,1,6,1,38,7,-1,-1,-1,-1,-1,-1
201731B177917,3,9,0,2,0,0,0,0,0,0,3,1,6,1,-1,-1,1360,1,10,-1,-1,-1
201731B178717,1,21,1,9,0,4,0,0,0,0,3,2,1,1,55,8,-1,-1,-1,-1,-1,-1
201731B178717,2,9,0,9,0,8,0,0,0,0,4,1,2,1,28,6,1399,2,7,7,1,7
201731B178817,1,9,0,18,0,0,0,0,1,0,4,1,6,1,61,9,1298,1,15,6,1,6
201731B179017,1,9,0,13,0,1,0,0,0,0,4,1,6,1,-1,-1,-1,-1,-1,-1,-1,-1
201731B179017,2,1,0,18,4,1,0,0,0,0,3,1,6,1,63,9,-1,-1,-1,9,1,9
201731B180017,1,9,0,18,0,1,0,7,0,0,1,1,2,1,55,8,1753,2,15,6,1,6
201731B180717,1,9,0,18,0,8,1,0,0,0,4,1,1,1,44,7,-1,-1,-1,3,2,3
201731B180717,2,9,0,12,0,8,0,0,0,0,3,1,6,2,32,6,1762,1,17,1,1,1
201731B180917,1,9,0,18,0,0,0,0,0,0,1,1,1,1,41,7,2401,2,13,5,2,5
201731B180917,2,1,0,18,0,0,0,0,0,0,2,1,1,2,45,7,-1,-1,-1,8,3,8
201731B181117,1,9,0,16,0,1,0,0,0,0,1,1,6,1,-1,-1,-1,-1,-1,-1,-1,-1
201731B182917,1,1,0,18,0,8,0,0,0,0,3,1,6,1,60,9,-1,-1,-1,6,3,6
201731B182917,2,9,0,9,0,8,0,0,0,0,1,1,6,1,85,11,1596,1,14,9,1,9
201731B184217,1,19,0,6,0,0,0,0,0,0,3,1,6,1,63,9,2198,2,5,9,3,9
201731B184217,2,3,0,13,0,0,1,0,0,0,1,1,6,1,23,5,124,1,16,-1,2,-1
201731B185017,1,21,1,5,0,0,0,0,0,0,1,1,1,1,46,8,12902,2,3,2,1,2
201731B185317,1,19,0,18,7,0,0,4,0,0,1,2,1,1,30,6,-1,-1,-1,-1,-1,-1
201731B185317,2,9,0,2,6,0,0,0,5,6,2,1,2,1,52,8,4197,1,12,8,1,8
201731B185417,1,9,0,18,0,0,0,0,0,0,1,1,6,1,61,9,1248,2,4,3,1,3
201731B185417,2,9,0,18,0,0,2,0,1,0,2,1,6,1,50,8,1061,1,13,4,1,4
201731B186217,1,9,0,18,0,8,0,0,0,0,1,1,6,1,51,8,1987,1,-1,7,3,7
201731B186217,2,9,0,18,0,8,0,0,7,4,4,1,6,1,26,6,-1,-1,-1,4,1,4
201731B186817,1,1,0,18,0,0,0,4,0,0,1,1,4,1,12,3,-1,-1,-1,2,1,2
201731B186817,2,9,0,2,0,0,0,0,0,0,2,1,6,3,-1,-1,1360,1,11,-1,-1,-1
201731B187717,1,9,0,9,0,5,0,0,0,0,4,1,6,1,51,8,1560,2,5,2,1,2
201731B187717,2,3,0,18,0,8,0,0,0,0,1,1,6,1,26,6,125,1,4,4,1,4
201731B187817,1,9,0,18,0,0,1,10,2,4,2,1,6,2,19,4,1242,1,5,3,3,3
201731B188217,1,9,0,18,0,2,0,7,0,0,1,1,6,1,36,7,1984,2,4,9,3,9
201731B188217,2,9,0,18,0,1,0,0,0,0,3,1,6,1,27,6,1686,2,6,4,1,4
201731B188517,1,21,1,18,0,1,1,0,5,6,1,1,1,1,25,5,11946,2,5,5,3,5
201731B188517,2,19,0,7,0,1,5,0,1,1,2,1,1,1,54,8,2143,2,3,1,1,1
201731B188517,3,9,0,18,0,1,5,0,1,7,4,1,2,2,46,8,1461,2,3,10,3,10
201731B188917,1,1,0,17,0,0,0,0,0,0,1,1,6,1,60,9,-1,-1,-1,7,3,7
201731B189217,1,9,0,18,0,0,2,0,4,9,1,1,6,1,18,4,1242,1,9,8,1,8
201731B189317,1,9,0,18,0,2,1,0,3,9,1,1,6,1,20,4,1149,1,10,10,2,10
201731B190817,1,1,0,18,0,0,0,0,0,0,4,1,6,2,51,8,-1,-1,-1,6,3,6
201731B190917,1,9,0,17,0,2,1,10,1,11,1,1,6,1,55,8,1386,1,8,2,1,2
201731B191917,1,9,0,17,0,2,1,0,1,9,4,1,6,1,56,9,1390,1,11,4,1,4
201731B192417,1,5,0,4,0,0,0,0,7,9,1,1,6,1,64,9,1188,1,26,1,1,1
201731B192517,1,9,0,18,0,0,0,0,0,0,1,1,2,2,49,8,2993,2,4,8,1,8
201731B194117,1,9,0,18,0,0,0,4,0,0,1,1,6,1,46,8,-1,-1,-1,2,1,2
201731B194117,2,9,0,2,0,0,0,4,0,0,1,1,6,3,-1,-1,1396,2,6,-1,-1,-1
201731B194117,3,9,0,2,0,0,0,4,0,0,1,1,6,3,-1,-1,1461,2,4,-1,-1,-1
201731B194117,4,9,0,2,0,0,0,0,0,0,1,1,6,3,-1,-1,1968,2,2,-1,-1,-1
201731B194517,1,9,0,18,0,0,0,0,0,0,1,1,6,1,19,4,1240,1,14,2,1,2
201731B194517,2,19,0,3,0,0,0,0,0,0,2,1,6,1,24,5,-1,-1,-1,7,3,7
201731B195217,1,3,0,14,0,0,0,4,0,0,1,1,6,1,22,5,124,1,5,-1,-1,-1
201731B195217,2,9,0,2,0,0,0,0,0,0,3,1,6,1,-1,-1,1596,1,10,-1,-1,-1
201731B195817,1,9,0,18,0,0,0,0,0,0,4,1,6,3,-1,-1,-1,-1,-1,-1,-1,-1
201731B195817,2,1,0,18,4,0,0,0,0,0,3,1,1,1,20,4,-1,-1,-1,4,1,4
201731B196317,1,9,0,18,0,0,0,0,0,0,1,1,2,1,53,8,-1,-1,-1,6,1,6
201731B196917,1,9,0,7,0,3,0,0,1,1,1,1,6,1,22,5,1998,1,5,2,1,2
201731B197317,1,9,0,18,0,4,0,0,7,1,1,1,6,2,42,7,1229,1,2,8,2,8
201731B197317,2,9,0,18,0,8,0,0,7,11,4,1,6,2,46,8,1686,2,3,5,3,5
201731B197617,1,5,0,16,0,0,1,0,7,0,1,1,2,1,31,6,599,1,15,6,3,6
201731B197617,2,9,0,17,0,0,0,0,1,0,1,1,2,1,33,6,1956,2,4,8,3,8
201731B197817,1,17,4,9,0,5,0,0,0,0,1,1,1,1,60,9,-1,2,6,7,3,7
201731B197817,2,5,0,18,0,8,0,0,1,0,3,1,6,1,50,8,1157,1,17,6,3,6
201731B198217,1,9,0,18,0,8,0,0,0,0,1,1,6,1,22,5,1360,1,10,7,1,7
201731B198217,2,1,0,9,0,5,0,0,0,0,3,1,6,1,12,3,-1,-1,-1,2,1,2
201731B198317,1,9,0,15,9,0,0,0,1,0,4,1,6,3,-1,-1,1560,2,2,-1,-1,-1
201731B198317,2,9,0,3,0,0,0,0,0,0,4,1,6,1,17,4,1240,1,12,7,1,7
201731B198917,1,9,0,7,0,6,0,0,0,0,3,1,6,2,40,7,1560,2,9,1,2,1
201731B198917,2,9,0,18,0,8,0,0,0,0,1,1,6,1,68,10,1591,1,3,-1,-1,-1
201731B199017,1,9,0,18,0,2,0,0,0,0,1,1,6,2,33,6,2179,2,10,6,3,6
201731B199017,2,9,0,3,0,2,0,0,0,0,2,1,6,1,61,9,1968,2,4,7,3,7
201731B200517,1,9,0,9,0,6,0,0,0,0,3,1,2,1,75,10,2993,2,3,7,3,7
201731B200517,2,9,0,18,0,1,0,0,0,0,1,1,6,2,48,8,1796,1,9,6,2,6
201731B200617,1,9,0,16,0,0,2,0,7,11,1,1,6,2,23,5,998,1,6,2,1,2
201731B201117,1,9,0,9,0,6,0,0,0,0,3,1,6,2,27,6,2776,2,10,4,2,4
201731B201117,2,2,0,18,0,8,0,0,0,0,1,1,6,2,40,7,49,1,13,5,2,5
201731B201217,1,9,0,18,0,0,0,0,0,0,3,1,6,2,48,8,1798,1,-1,9,1,9
201731B201217,2,9,0,18,0,0,0,0,4,6,4,1,6,2,25,5,1248,1,4,3,1,3
201731B201717,1,9,0,18,0,0,1,0,1,9,1,1,6,2,22,5,1598,1,11,9,1,9
201731B202917,1,9,0,7,0,5,0,4,0,0,3,1,6,1,79,11,1318,1,-1,3,1,3
201731B202917,2,9,0,2,0,1,0,0,0,0,3,1,6,3,-1,-1,1198,1,10,-1,-1,-1
201731B202917,3,9,0,2,0,2,0,0,0,0,4,1,6,3,-1,-1,1390,1,7,-1,-1,-1
201731B202917,4,9,0,2,0,2,0,0,0,0,2,1,6,3,-1,-1,1598,1,12,-1,-1,-1
201731B203017,1,19,0,18,0,4,0,0,0,0,1,1,6,3,-1,-1,-1,-1,-1,-1,-1,-1
201731B203017,2,11,0,18,0,8,0,0,0,0,4,1,1,1,37,7,6696,2,4,1,1,1
201731B203617,1,1,0,18,9,0,0,0,0,0,1,1,6,1,38,7,-1,-1,-1,3,1,3
201731B203617,2,9,0,18,0,0,0,0,0,0,3,1,1,2,43,7,973,1,16,3,2,3
201731B203717,1,19,0,18,9,6,0,0,0,0,1,1,1,1,48,8,1997,2,7,7,1,7
201731B203917,1,9,0,5,0,6,0,0,0,0,3,1,6,1,49,8,1999,2,1,10,3,10
201731B203917,2,1,0,18,5,1,0,0,0,0,1,1,6,1,21,5,-1,-1,-1,4,1,4
201731B203917,3,1,0,18,5,1,0,0,0,0,1,1,6,1,15,3,-1,-1,-1,8,3,8
201731B203917,4,1,0,18,5,1,0,0,0,0,1,1,6,2,19,4,-1,-1,-1,4,1,4
201731B203917,5,1,0,18,5,1,0,0,0,0,1,1,6,2,15,3,-1,-1,-1,8,1,8
201731B204017,1,9,0,18,0,1,0,0,0,0,1,1,2,1,27,6,1390,1,2,9,1,9
201731B204017,2,9,0,3,0,1,0,0,0,0,2,1,2,2,20,4,1242,1,4,3,2,3
201731B204117,1,9,0,18,0,2,0,0,0,0,1,1,2,2,27,6,1242,1,4,9,3,9
201731B204417,1,1,0,18,9,0,0,0,0,0,1,1,6,2,44,7,-1,-1,-1,1,1,1
201731B204417,2,9,0,18,0,0,0,0,0,0,4,1,6,1,42,7,1998,1,16,3,1,3
201731B205317,1,9,0,14,0,0,0,0,0,0,3,1,6,2,26,6,1560,2,2,8,1,8
201731B205317,2,5,0,18,0,0,0,0,0,0,3,1,6,1,66,10,1200,1,13,7,3,7
201731B205617,1,9,0,5,0,6,0,0,0,0,4,1,6,1,76,11,2143,2,2,8,2,8
201731B205617,2,9,0,18,0,8,0,0,0,0,1,1,2,1,51,8,1364,1,13,2,1,2
201731B205917,1,19,0,4,0,0,1,0,0,0,1,1,6,1,84,11,2500,2,8,6,2,6
201731B205917,2,9,0,3,0,0,0,0,0,0,2,1,6,2,33,6,1995,2,8,8,1,8
201731B206017,1,9,0,9,0,6,0,0,0,0,2,1,6,2,72,10,2204,2,9,3,3,3
201731B206017,2,3,0,18,0,1,1,0,0,0,1,1,6,1,26,6,125,1,1,2,2,2
201731B206617,1,9,0,9,0,6,0,0,0,0,3,1,6,2,36,7,1598,2,5,6,1,6
201731B206617,2,3,0,18,0,8,0,0,0,0,1,1,6,1,28,6,125,1,8,1,1,1
201731B207917,1,9,0,17,0,8,0,0,1,1,1,1,6,2,47,8,1997,2,7,9,2,9
201731B208717,1,9,0,18,0,0,0,0,1,9,1,1,6,2,20,4,1599,1,14,7,1,7
201731B209017,1,9,0,18,0,0,0,0,0,0,3,1,6,2,53,8,1956,2,8,7,2,7
201731B209217,1,4,0,4,0,1,0,0,0,0,3,1,6,1,51,8,1043,1,2,2,1,2
201731B209217,2,4,0,4,0,1,0,0,0,0,2,1,6,1,35,6,998,1,1,7,2,7
201731B209217,3,9,0,17,0,2,1,0,1,9,3,1,6,2,24,5,1995,2,3,8,2,8
201731B209417,1,9,0,18,0,0,1,0,7,9,4,1,6,2,25,5,1364,1,6,2,1,2
201731B209417,2,9,0,18,0,0,1,0,0,0,1,1,6,2,25,5,998,1,7,8,1,8
201731B211417,1,9,0,18,0,0,1,0,0,0,1,1,2,2,33,6,1229,1,3,7,2,7
201731B211417,2,19,0,3,0,0,0,0,0,0,2,1,6,1,43,7,1996,2,3,8,1,8
201731B211417,3,9,0,3,0,0,0,0,0,0,2,1,6,1,66,10,1390,1,11,7,2,7
201731B211417,4,9,0,3,0,0,0,0,0,0,2,1,6,2,27,6,1798,1,11,8,1,8
201731B211417,5,19,0,3,0,0,0,0,0,0,2,1,6,1,47,8,1995,2,-1,8,1,8
201731B211817,1,2,0,18,0,8,1,0,0,0,1,1,6,1,24,5,49,1,5,3,1,3
201731B211817,2,9,0,18,0,8,0,0,0,0,4,1,6,1,19,4,1598,2,3,2,1,2
201731B211917,1,19,0,18,0,1,0,0,0,0,1,1,6,1,-1,-1,-1,-1,-1,-1,-1,-1
201731B211917,2,9,0,3,0,1,0,0,0,0,2,1,6,2,32,6,1248,2,9,2,1,2
201731B212517,1,1,0,18,0,0,0,0,0,0,1,1,6,1,45,7,-1,-1,-1,8,2,8
201731B212517,2,9,0,2,0,0,0,0,0,0,2,1,6,2,36,7,1686,2,6,8,2,8