Accident_Index,Vehicle_Reference,Vehicle_Type,Towing_and_Articulation,Vehicle_Manoeuvre,Vehicle_Location-Restricted_Lane,Junction_Location,Skidding_and_Overturning,Hit_Object_in_Carriageway,Vehicle_Leaving_Carriageway,Hit_Object_off_Carriageway,1st_Point_of_Impact,Was_Vehicle_Left_Hand_Drive?,Journey_Purpose_of_Driver,Sex_of_Driver,Age_of_Driver,Age_Band_of_Driver,Engine_Capacity_(CC),Propulsion_Code,Age_of_Vehicle,Driver_IMD_Decile,Driver_Home_Area_Type,Vehicle_IMD_Decile
201731C051117,1,22,0,18,0,0,0,0,0,0,3,1,6,2,62,9,-1,-1,-1,4,1,4
201731C051117,2,9,0,18,0,0,0,0,0,0,1,1,6,1,-1,-1,1390,1,7,-1,-1,-1
201731C052017,1,8,0,9,0,5,0,0,0,0,3,1,1,1,-1,-1,1598,2,4,5,1,5
201731C052017,2,1,0,18,0,8,0,0,0,0,1,1,1,1,55,8,-1,-1,-1,7,1,7
201731C052117,1,9,0,7,0,6,0,0,0,0,4,1,1,1,-1,-1,-1,-1,-1,-1,-1,-1
201731C052317,1,9,0,18,0,1,0,0,0,0,1,1,6,1,44,7,1560,2,4,5,1,5
201731C052317,2,8,0,18,0,1,0,0,0,0,4,1,1,1,36,7,1998,2,8,2,1,2
201731C052517,1,9,0,9,0,6,0,0,0,0,1,1,1,1,25,5,2000,2,6,1,1,1
201731C052517,2,9,0,18,0,8,0,0,0,0,1,1,6,2,24,5,1598,1,9,2,1,2
201731C052717,1,9,0,5,0,1,0,0,0,0,1,1,2,2,40,7,1686,2,12,6,1,6
201731C052717,2,1,0,18,0,1,0,0,0,0,3,1,2,2,32,6,-1,-1,-1,1,1,1
201731C053417,1,9,0,7,0,6,0,0,0,0,1,1,6,2,-1,-1,-1,-1,-1,-1,-1,-1
201731C053617,1,9,0,11,0,1,0,0,0,0,0,1,6,3,-1,-1,-1,-1,-1,-1,-1,-1
201731C053617,2,9,0,18,0,1,0,10,0,0,4,1,6,1,44,7,1968,2,13,2,1,2
201731C053817,1,9,0,9,0,5,0,0,1,11,1,1,6,2,49,8,1582,2,1,1,1,1
201731C054017,1,9,0,15,2,8,0,0,0,0,1,1,6,3,-1,-1,1896,2,11,-1,-1,-1
201731C054017,2,9,0,7,0,5,0,0,0,0,4,1,2,1,54,8,1200,1,-1,6,1,6
201731C054617,1,8,0,18,0,0,0,0,0,0,4,1,1,1,49,8,2446,2,14,2,1,2
201731C054817,1,19,0,2,0,1,0,0,0,0,2,1,6,3,-1,-1,-1,-1,-1,-1,-1,-1
201731C055217,1,11,0,5,2,0,0,0,0,0,3,1,1,1,42,7,7300,2,9,9,1,9
201731C055817,1,11,0,18,0,0,0,0,0,0,0,1,1,1,54,8,6696,2,3,6,1,6
201731C055917,1,9,0,18,0,4,0,0,0,0,1,1,6,2,30,6,1199,1,14,2,1,2
201731C055917,2,1,0,9,0,8,0,0,0,0,2,1,6,1,52,8,-1,-1,-1,1,1,1
201731C056017,1,9,0,7,0,5,0,0,0,0,4,1,6,2,-1,-1,2143,2,2,-1,-1,-1
201731C056017,2,1,0,18,0,8,0,0,0,0,1,1,1,1,-1,-1,-1,-1,-1,9,2,9
201731C056217,1,9,0,18,0,8,0,0,0,0,0,1,6,1,-1,-1,2993,2,2,-1,-1,-1
201731C056217,2,11,0,9,0,6,0,0,0,0,0,1,1,1,64,9,6696,2,3,2,1,2
201731C056417,1,9,0,18,0,8,0,0,0,0,1,1,6,1,42,7,2993,2,12,1,1,1
201731C056417,2,9,0,9,0,5,0,0,0,0,4,1,6,1,52,8,-1,-1,-1,4,1,4
201731C056717,1,1,0,18,9,6,0,0,0,0,1,1,4,2,16,4,-1,-1,-1,-1,-1,-1
201731C056717,2,5,0,8,0,1,0,0,0,0,3,1,6,2,58,9,-1,-1,-1,-1,-1,-1
201731C057017,1,9,0,18,0,1,0,0,0,0,1,1,6,2,23,5,998,1,5,-1,-1,-1
201731C057017,2,9,0,18,0,1,0,0,0,0,2,1,6,2,25,5,-1,-1,-1,4,1,4
201731C057017,3,9,0,18,0,1,0,0,0,0,2,1,6,1,27,6,1388,1,10,5,1,5
201731C057217,1,9,0,18,9,0,0,0,1,0,1,1,6,2,34,6,1229,1,7,4,1,4
201731C057517,1,9,0,9,0,6,0,0,0,0,1,1,6,1,20,4,1910,2,8,7,1,7
201731C058017,1,9,0,9,0,5,0,0,0,0,1,1,6,1,58,9,1896,2,13,9,1,9
201731C058517,1,9,0,9,0,5,0,0,0,0,1,1,6,2,33,6,1242,1,8,2,1,2
201731C058517,2,1,0,15,0,8,0,0,0,0,1,1,2,1,30,6,-1,-1,-1,1,1,1
201731C058617,1,9,0,9,0,6,0,0,0,0,1,1,6,1,63,9,1364,1,7,-1,-1,-1
201731C058617,2,9,0,18,0,8,0,0,0,0,3,1,6,1,31,6,1686,2,13,3,1,3
201731C058817,1,9,0,18,0,0,0,0,0,0,1,1,6,1,18,4,1796,2,3,1,1,1
201731C058817,2,9,0,18,0,0,0,0,0,0,2,1,6,1,38,7,1497,1,13,5,1,5
201731C058917,1,9,0,18,0,8,0,0,0,0,1,1,6,3,-1,-1,1798,1,1,-1,-1,-1
201731C058917,2,9,0,9,0,8,0,0,0,0,3,1,6,1,23,5,1395,1,2,5,1,5
201731C059317,1,3,0,18,0,8,0,0,0,0,1,1,6,1,27,6,125,1,1,3,1,3
201731C059317,2,9,0,9,0,6,0,0,0,0,3,1,6,1,46,8,1248,2,4,6,1,6
201731C059617,1,18,5,5,1,0,0,0,0,0,0,1,1,3,-1,-1,-1,-1,-1,-1,-1,-1
201731C059917,1,2,0,18,0,2,1,0,3,11,1,1,6,1,21,5,49,1,12,2,1,2
201731C059917,2,9,0,2,9,2,0,0,0,0,1,1,6,3,-1,-1,1995,2,12,-1,-1,-1
201731C060517,1,9,0,18,0,8,0,0,0,0,1,1,6,1,60,9,1598,1,6,1,1,1
201731C060517,2,9,0,18,0,4,0,0,0,0,3,1,6,1,30,6,1388,1,12,-1,-1,-1
201731C060617,1,9,0,18,0,0,0,0,0,0,4,1,6,1,25,5,1598,1,11,1,1,1
201731C061817,1,9,0,18,0,2,0,0,0,0,1,1,6,3,-1,-1,-1,-1,-1,-1,-1,-1
201731C061817,2,9,0,3,0,2,0,0,0,0,2,1,6,2,61,9,1399,2,6,9,1,9
201731C061817,3,19,0,3,0,2,0,0,0,0,2,1,1,1,46,8,1248,2,8,7,3,7
201731C061917,1,9,0,18,0,0,0,0,0,0,4,1,6,2,24,5,1968,2,6,-1,-1,-1
201731C062217,1,9,0,18,0,2,1,4,0,0,1,1,6,1,27,6,1343,1,15,7,1,7
201731C062217,2,9,0,2,0,1,0,0,0,0,1,1,6,3,-1,-1,1461,2,12,-1,-1,-1
201731C062217,3,9,0,2,0,1,0,0,0,0,1,1,6,3,-1,-1,1598,2,7,-1,-1,-1
201731C062417,1,9,0,3,0,1,0,0,0,0,2,1,6,1,49,8,1998,1,11,1,1,1
201731C062417,2,9,0,18,0,1,0,0,0,0,1,1,6,1,31,6,1587,1,13,4,1,4
201731C062517,1,9,0,18,0,8,0,0,0,0,1,1,6,1,33,6,1968,2,3,10,1,10
201731C062517,2,9,0,9,0,5,0,0,7,11,4,1,6,1,70,10,1997,2,5,5,1,5
201731C062517,3,9,0,2,9,2,0,0,0,0,2,1,6,3,-1,-1,1799,1,11,-1,-1,-1
201731C062617,1,19,0,18,0,1,0,0,0,0,1,1,1,1,-1,-1,1560,2,2,-1,-1,-1
201731C062617,2,9,0,3,0,1,0,0,0,0,2,1,6,2,46,8,998,1,16,1,1,1
201731C062717,1,11,0,5,0,1,0,0,0,0,1,1,1,3,-1,-1,-1,-1,-1,-1,-1,-1
201731C063317,1,19,0,4,0,0,0,0,0,0,1,1,1,1,23,5,2402,2,16,6,1,6
201731C063317,2,9,0,3,0,0,0,0,0,0,2,1,6,1,47,8,1598,1,12,2,1,2
201731C063317,3,9,0,3,0,0,0,0,0,0,2,1,6,1,58,9,1560,2,4,4,1,4
201731C063317,4,9,0,3,0,0,0,0,0,0,2,1,6,2,32,6,1364,2,4,7,1,7
201731C063717,1,9,0,7,0,5,0,0,0,0,4,1,6,1,51,8,1900,2,12,1,1,1
201731C063717,2,1,0,18,0,8,0,0,0,0,1,1,1,1,23,5,-1,-1,-1,2,1,2
201731C064217,1,9,3,9,0,5,0,0,0,0,3,1,2,1,65,9,1968,2,2,9,1,9
201731C064217,2,9,0,13,0,8,0,0,0,0,4,1,1,1,62,9,1995,2,6,6,1,6
201731C064317,1,19,0,1,0,2,0,0,0,0,2,1,1,1,-1,-1,4580,2,1,-1,-1,-1
201731C064317,2,3,0,3,0,2,0,0,0,0,1,1,6,1,49,8,124,1,7,3,1,3
201731C064617,1,1,0,18,0,2,0,0,0,0,4,1,6,1,19,4,-1,-1,-1,-1,-1,-1
201731C064617,2,9,0,18,0,2,0,0,0,0,1,1,6,1,20,4,1900,2,10,1,1,1
201731C064717,1,9,0,18,0,8,0,0,0,0,1,1,6,1,-1,-1,1388,1,14,2,1,2
201731C064717,2,9,0,3,0,8,0,0,0,0,2,1,2,2,43,7,1242,1,7,10,1,10
201731C064817,1,8,0,7,0,5,0,0,0,0,0,1,1,1,43,7,1995,2,3,2,1,2
201731C064817,2,1,0,18,0,8,0,10,1,3,4,1,1,1,41,7,-1,-1,-1,1,1,1
201731C065317,1,8,0,18,0,1,0,7,0,0,1,1,1,1,45,7,1995,2,6,1,1,1
201731C065717,1,9,0,5,0,8,0,0,0,0,1,1,6,1,64,9,1560,2,3,3,1,3
201731C065717,2,19,0,2,0,8,0,0,0,0,2,1,6,1,38,7,-1,-1,-1,-1,-1,-1
201731C066217,1,9,0,9,0,5,0,0,0,0,4,1,6,1,-1,-1,1598,1,13,1,1,1
201731C066217,2,9,0,18,0,8,0,0,0,0,1,1,6,2,-1,-1,1398,2,11,10,1,10
201731C066417,1,9,0,18,0,0,0,0,0,0,1,1,6,1,31,6,-1,-1,-1,1,1,1
201731C066417,2,1,0,18,0,0,0,0,1,0,1,1,6,1,15,3,-1,-1,-1,1,1,1
201731C066717,1,9,0,13,0,0,5,4,7,11,4,1,6,1,18,4,1229,1,7,5,1,5
201731C066717,2,9,0,18,0,0,0,0,0,0,3,1,6,1,18,4,1248,1,5,4,1,4
201731C066717,3,9,0,2,0,0,0,0,0,0,1,1,6,3,-1,-1,998,1,2,-1,-1,-1
201731C067217,1,9,0,18,0,1,0,0,0,0,1,1,1,1,-1,-1,2400,2,1,-1,-1,-1
201731C067217,2,9,0,3,0,1,0,0,0,0,2,1,6,1,20,4,1796,1,14,1,1,1
201731C067317,1,9,0,9,0,6,0,0,0,0,1,1,2,1,34,6,2987,2,9,1,1,1
201731C067817,1,19,0,18,0,0,0,0,0,0,1,1,6,1,48,8,1998,2,15,1,1,1
201731C067817,2,3,0,3,0,0,0,0,0,0,2,1,6,2,19,4,125,1,3,3,1,3
201731C068517,1,9,0,9,0,8,0,0,0,0,1,1,2,1,60,9,1598,1,7,4,1,4
201731C068517,2,19,0,18,0,4,0,0,0,0,1,1,6,1,56,9,2402,2,13,4,1,4
201731C068817,1,5,0,4,0,1,1,0,0,0,4,1,2,1,48,8,-1,-1,-1,6,1,6
201731C069117,1,9,0,18,0,8,0,0,0,0,4,1,6,1,-1,-1,1998,1,12,-1,-1,-1
201731C069217,1,9,0,3,0,1,0,0,0,0,2,1,6,1,27,6,-1,-1,-1,10,2,10
201731C069217,2,2,0,18,0,1,0,0,0,0,1,1,6,1,16,4,-1,-1,-1,3,1,3
201731C069317,1,9,0,9,0,5,0,0,0,0,1,1,6,1,36,7,2496,1,14,2,1,2
201731C069317,2,3,0,18,0,8,0,0,0,0,1,1,2,1,29,6,125,1,3,4,1,4
201731C069617,1,9,0,9,0,5,0,0,0,0,3,1,6,1,44,7,2993,2,9,2,1,2
201731C069617,2,9,0,9,0,6,0,0,0,0,1,1,6,2,21,5,1398,1,4,6,1,6
201731C069817,1,11,0,18,0,2,0,0,0,0,4,1,1,1,43,7,9000,2,12,9,1,9
201731C070217,1,9,0,18,0,0,0,0,0,0,1,1,6,3,-1,-1,-1,-1,-1,-1,-1,-1
201731C070217,2,9,0,18,0,0,0,0,0,0,1,1,6,1,17,4,1388,1,10,2,1,2
201731C070317,1,9,0,12,0,2,0,0,0,0,1,1,2,1,41,7,1242,1,13,7,1,7
201731C070317,2,9,0,4,0,2,0,0,0,0,2,1,2,1,51,8,2494,1,18,7,1,7
201731C070417,1,9,0,12,0,7,1,0,0,0,0,1,6,1,-1,-1,-1,-1,-1,-1,-1,-1
201731C070417,2,1,0,7,0,3,1,10,0,0,4,1,6,1,-1,-1,-1,-1,-1,2,1,2
201731C070517,1,9,0,6,0,1,0,0,0,0,1,1,6,1,34,6,1598,1,12,6,1,6
201731C070517,2,9,0,3,0,1,0,0,0,0,2,1,6,2,43,7,1991,2,7,1,1,1
201731C070817,1,9,0,7,0,6,0,0,0,0,1,1,6,3,-1,-1,-1,-1,-1,-1,-1,-1
201731C070817,2,9,0,18,0,8,0,0,0,0,4,1,6,2,40,7,1248,2,11,1,1,1
201731C071117,1,9,0,7,0,6,0,0,0,0,1,1,6,1,46,8,1910,2,9,9,1,9
201731C071117,2,1,0,18,9,1,0,0,0,0,1,1,6,2,23,5,-1,-1,-1,9,1,9
201731C071217,1,9,0,18,0,1,0,0,0,0,1,1,6,3,-1,-1,-1,-1,-1,-1,-1,-1
201731C071217,2,9,0,3,0,1,0,0,0,0,2,1,6,1,89,11,796,1,10,2,1,2
201731C071717,1,9,0,18,0,8,0,0,0,0,1,1,2,1,54,8,1591,1,6,1,1,1
201731C071917,1,9,0,18,0,1,0,0,0,0,1,1,6,1,69,10,1797,1,24,9,2,9
201731C072517,1,9,0,18,0,0,0,0,0,0,1,1,6,1,29,6,1968,2,9,1,1,1
201731C072517,2,9,0,18,0,0,0,0,0,0,2,1,6,1,46,8,2172,2,14,1,1,1
201731C072517,3,9,0,18,0,0,0,0,0,0,2,1,6,1,35,6,1399,2,14,1,1,1
201731C072517,4,9,0,18,0,0,0,0,0,0,2,1,6,1,39,7,1596,1,12,1,1,1
201731C072517,5,9,0,18,0,0,0,0,0,0,2,1,6,1,26,6,1497,1,14,5,1,5
201731C072517,6,9,0,18,0,0,0,0,0,0,2,1,6,3,-1,-1,-1,-1,-1,-1,-1,-1
201731C072817,1,21,1,18,0,0,0,0,0,0,1,1,1,1,62,9,11946,2,4,4,1,4
201731C072817,2,9,0,4,0,0,0,0,0,0,2,1,6,2,62,9,1984,1,10,5,1,5
201731C074017,1,19,0,18,0,4,0,0,0,0,3,1,1,1,44,7,1753,2,14,2,1,2
201731C074017,2,9,0,9,0,8,0,0,0,0,1,1,6,2,38,7,998,1,4,1,1,1
201731C074917,1,9,0,9,0,6,0,0,0,0,1,1,6,2,27,6,1598,1,10,1,1,1
201731C074917,2,9,0,18,0,8,0,0,0,0,3,1,6,1,31,6,1968,2,-1,6,1,6
201731C075217,1,9,0,18,0,8,0,0,0,0,3,1,6,1,36,7,998,1,3,8,1,8
201731C075217,2,9,0,18,0,8,0,0,0,0,1,1,6,2,25,5,998,1,6,4,1,4
201731C075317,1,19,4,9,0,5,0,0,0,0,2,1,6,1,29,6,1968,2,4,-1,-1,-1
201731C075317,2,19,0,18,0,8,0,0,0,0,1,1,1,1,27,6,1560,2,-1,2,1,2
201731C075417,1,9,0,18,0,8,0,0,3,11,1,1,6,1,24,5,1368,1,12,1,1,1
201731C075517,1,9,0,18,0,0,0,7,0,0,1,1,6,2,66,10,1587,1,15,-1,-1,-1
201731C075717,1,9,0,9,0,5,0,0,0,0,1,1,6,1,19,4,1968,2,6,5,1,5
201731C075717,2,9,0,18,0,8,0,0,0,0,1,1,6,1,31,6,1999,2,-1,1,1,1
201731C075917,1,9,0,7,0,8,0,0,0,0,1,1,6,1,25,5,1968,2,7,1,1,1
201731C075917,2,11,0,12,0,1,0,0,0,0,3,1,1,1,56,9,6696,2,4,7,1,7
201731C076017,1,9,0,17,0,2,0,0,0,0,1,1,6,1,24,5,1997,2,7,-1,-1,-1
201731C076317,1,9,0,11,0,1,0,0,0,0,4,1,6,1,-1,-1,-1,-1,-1,-1,-1,-1
201731C076317,2,3,0,3,0,1,0,0,0,0,3,1,2,1,30,6,124,1,1,8,1,8
201731C077117,1,9,0,9,0,6,0,0,0,0,4,1,6,2,50,8,998,1,6,1,1,1
201731C077317,1,11,0,18,0,1,0,0,0,0,0,1,1,1,70,10,4250,2,5,1,1,1
201731C077617,1,9,0,18,0,8,0,7,7,1,1,1,6,1,26,6,3000,2,7,1,1,1
201731C077617,2,9,0,18,0,8,0,0,0,0,3,1,6,2,57,9,1995,2,2,2,1,2
201731C079617,1,9,0,11,0,0,0,0,0,0,4,1,2,1,32,6,1200,1,3,4,1,4
201731C079617,2,3,0,18,0,0,0,0,0,0,3,1,2,1,44,7,124,1,10,5,1,5
201731C079817,1,9,0,7,0,6,1,0,3,11,1,1,6,1,49,8,1796,1,10,3,1,3
201731C080017,1,19,0,18,0,1,0,0,0,0,1,1,6,1,35,6,-1,-1,-1,-1,-1,-1
201731C080017,2,9,0,3,0,1,0,0,0,0,2,1,2,2,36,7,1784,1,12,5,1,5
201731C080317,1,11,0,18,0,8,0,0,0,0,1,1,1,1,49,8,4461,2,4,3,1,3
201731C080517,1,9,0,7,4,5,0,0,0,0,4,1,6,1,22,5,1360,1,14,-1,-1,-1
201731C080517,2,1,0,18,4,8,0,0,0,0,1,1,2,1,46,8,-1,-1,-1,9,1,9
201731C080817,1,8,0,7,0,2,1,0,0,0,1,1,1,1,37,7,1686,2,4,1,1,1
201731C080917,1,9,0,7,0,2,0,0,0,0,4,1,6,1,48,8,1560,2,4,6,1,6
201731C081417,1,11,0,18,0,0,0,0,0,0,4,1,1,1,-1,-1,-1,-1,-1,-1,-1,-1
201731C082017,1,11,0,18,0,2,0,0,0,0,1,1,1,1,28,6,-1,3,1,1,1,1
201731C082717,1,9,0,18,0,1,0,0,0,0,4,1,6,2,59,9,1997,1,10,2,1,2
201731C082817,1,9,0,7,0,6,0,0,0,0,1,1,6,3,-1,-1,-1,-1,-1,-1,-1,-1
201731C082817,2,1,0,18,0,8,0,0,0,0,4,1,6,2,43,7,-1,-1,-1,1,1,1
201731C083117,1,1,0,11,0,1,0,0,1,0,1,1,6,1,18,4,-1,-1,-1,2,1,2
201731C083217,1,9,0,5,0,1,0,0,0,0,2,1,6,2,89,11,1199,1,15,5,1,5
201731C083217,2,9,0,3,0,1,0,0,0,0,1,1,1,2,31,6,1398,1,2,7,1,7
201731C083417,1,9,0,18,0,8,0,0,0,0,1,1,1,2,-1,-1,1560,2,3,3,1,3
201731C083417,2,9,0,18,0,8,0,0,0,0,3,1,6,1,20,4,1299,1,16,8,1,8
201731C083617,1,9,0,18,0,0,0,0,0,0,1,1,6,3,-1,-1,-1,-1,-1,-1,-1,-1
201731C083717,1,9,0,18,0,0,0,0,0,0,4,1,6,3,-1,-1,-1,-1,-1,-1,-1,-1
201731C083817,1,9,0,9,0,5,0,0,0,0,4,1,6,2,25,5,1598,1,11,2,1,2
201731C083817,2,1,0,18,0,8,0,0,0,0,1,1,2,1,35,6,-1,-1,-1,1,1,1
201731C083917,1,19,0,18,0,1,0,0,0,0,1,1,6,3,-1,-1,-1,-1,-1,-1,-1,-1
201731C083917,2,9,0,3,0,1,0,0,0,0,2,1,6,2,43,7,1242,1,9,4,1,4
201731C083917,3,9,0,3,0,1,0,0,0,0,2,1,1,2,19,4,998,1,1,8,1,8
201731C084017,1,9,0,18,0,0,0,0,0,0,1,1,6,2,35,6,1364,1,2,3,1,3
201731C084017,2,9,0,2,0,0,0,0,1,0,1,1,6,3,-1,-1,1198,1,3,-1,-1,-1
201731C084717,1,9,0,10,0,1,0,0,0,0,2,1,6,2,44,7,1587,1,12,7,1,7
201731C084717,2,9,0,18,0,1,0,0,0,0,1,1,6,1,50,8,1598,1,9,1,1,1
201731C084817,1,9,0,18,0,0,0,0,0,0,1,1,6,3,-1,-1,-1,-1,-1,-1,-1,-1
201731C084817,2,1,0,18,0,0,0,0,0,0,3,1,6,2,27,6,-1,-1,-1,2,1,2
201731C085117,1,9,0,9,0,4,1,0,0,0,1,1,6,1,18,4,998,1,2,5,1,5
201731C085117,2,1,0,9,0,8,1,0,0,0,2,1,6,2,28,6,-1,-1,-1,4,1,4
201731C085317,1,11,0,18,0,1,0,0,0,0,0,1,1,1,63,9,4250,2,5,5,1,5
201731C085817,1,9,0,14,0,1,0,7,7,0,1,1,1,2,27,6,1686,2,4,1,1,1
201731C085817,2,9,0,9,0,6,0,0,0,0,1,1,3,1,40,7,1598,1,11,7,1,7
201731C087217,1,9,0,9,0,4,1,0,0,0,1,1,6,1,68,10,1598,1,15,1,1,1
201731C087217,2,1,0,18,0,8,0,0,0,0,2,1,2,1,40,7,-1,-1,-1,2,1,2
201731C087417,1,9,0,1,0,0,0,0,0,0,2,1,6,1,-1,-1,1332,1,19,-1,-1,-1
201731C087417,2,9,0,2,0,0,0,0,0,0,2,1,6,2,32,6,1360,1,8,-1,-1,-1
201731C087817,1,9,0,18,0,8,0,0,0,0,1,1,6,1,62,9,1796,1,12,1,1,1
201731C087817,2,9,0,9,0,6,0,0,0,0,3,1,6,1,22,5,1398,1,6,2,1,2
201731C088017,1,3,0,18,0,0,0,0,0,0,1,1,6,1,-1,-1,-1,-1,-1,-1,-1,-1
201731C088117,1,3,0,18,0,8,0,0,0,0,0,1,6,3,-1,-1,-1,-1,-1,-1,-1,-1
201731C088117,2,11,0,18,0,1,0,0,0,0,0,1,1,1,50,8,-1,-1,-1,-1,-1,-1
201731C088317,1,9,0,18,0,1,0,0,0,0,1,1,6,3,-1,-1,-1,-1,-1,-1,-1,-1
201731C088717,1,9,0,18,0,1,0,0,0,0,1,1,6,2,39,7,1598,2,-1,2,1,2
201731C088917,1,9,0,9,0,5,0,0,0,0,1,1,6,2,40,7,1910,2,7,1,1,1
201731C088917,2,9,0,18,0,8,1,0,0,0,1,1,1,1,55,8,1998,2,7,7,1,7
201731C089017,1,9,0,18,0,0,0,0,0,0,1,1,6,2,40,7,1595,1,16,4,1,4
201731C089017,2,9,0,4,0,0,0,0,0,0,2,1,2,1,41,7,1197,1,2,9,3,9
201731C089017,3,9,0,4,0,0,0,0,0,0,2,1,2,1,22,5,1986,2,11,7,1,7
201731C089117,1,9,0,18,0,4,0,0,0,0,1,1,6,1,53,8,1560,2,11,1,1,1
201731C089117,2,9,0,9,0,8,0,0,1,11,2,1,6,1,45,7,1997,2,11,3,1,3
201731C089517,1,9,0,18,0,2,0,0,0,0,1,1,6,2,43,7,1397,1,14,6,1,6
201731C089817,1,9,0,18,0,0,0,0,7,11,1,1,6,1,24,5,1910,2,11,1,1,1
201731C090117,1,9,0,12,0,0,1,0,0,0,3,1,2,2,42,7,1781,1,15,2,1,2
201731C090117,2,9,0,18,0,0,1,0,0,0,4,1,6,1,39,7,1595,2,7,2,1,2
201731C090217,1,1,0,18,0,2,0,0,0,0,1,1,6,1,51,8,-1,-1,-1,-1,-1,-1
201731C090217,2,9,0,5,0,1,0,0,0,0,3,1,6,2,27,6,1229,1,9,1,1,1
201731C090517,1,9,0,7,0,5,0,0,0,0,4,1,6,2,-1,-1,-1,-1,-1,-1,-1,-1
201731C090517,2,1,0,18,0,8,0,0,0,0,1,1,1,1,57,9,-1,-1,-1,4,1,4
201731C090617,1,9,0,18,0,8,0,0,0,0,1,1,6,3,-1,-1,1997,2,10,-1,-1,-1
201731C090617,2,1,0,18,0,8,0,0,0,0,1,1,6,1,6,2,-1,-1,-1,-1,-1,-1
201731C090817,1,9,0,18,0,0,0,0,0,0,1,1,6,1,29,6,1995,2,10,-1,-1,-1
201731C090817,2,9,0,18,0,0,0,0,7,0,1,1,6,1,30,6,1968,2,11,-1,-1,-1
201731C090817,3,8,0,2,0,0,0,0,0,0,2,1,6,1,27,6,2664,2,18,3,1,3
201731C091017,1,9,0,12,0,0,0,0,0,0,1,1,6,1,37,7,989,1,13,5,1,5
201731C091017,2,11,0,18,0,0,0,0,0,0,1,1,1,1,57,9,9000,2,9,7,2,7
201731C091017,3,19,0,2,0,0,0,0,0,0,2,1,6,1,63,9,1560,2,2,-1,-1,-1
201731C091417,1,9,0,18,0,0,0,10,1,11,1,1,6,1,31,6,1968,2,10,8,2,8
201731C092417,1,9,0,18,0,7,0,0,0,0,1,1,2,2,26,6,1364,1,8,3,1,3
201731C092417,2,9,0,18,0,7,0,0,0,0,2,1,6,2,48,8,1389,1,15,1,1,1
201731C092617,1,9,0,9,0,6,0,0,0,0,3,1,6,1,-1,-1,1910,2,11,-1,-1,-1
201731C092617,2,9,0,9,0,5,0,0,0,0,3,1,6,1,30,6,1560,2,6,1,1,1
201731C092917,1,9,0,18,0,1,0,0,0,0,1,1,6,1,36,7,1968,2,6,1,1,1
201731C092917,2,9,0,3,0,1,0,0,0,0,2,1,6,1,29,6,998,1,3,1,1,1
201731C093317,1,9,0,18,0,6,0,0,0,0,1,1,6,1,22,5,1242,1,7,8,1,8
201731C093317,2,9,0,4,0,6,0,0,0,0,2,1,6,2,29,6,2143,2,2,3,1,3
201731C093717,1,1,0,18,0,3,0,0,0,0,1,1,6,2,40,7,-1,-1,-1,4,1,4
201731C093717,2,8,0,3,0,1,0,0,0,0,3,1,1,1,41,7,1794,1,10,3,1,3
201731C094317,1,20,0,12,0,6,0,0,0,0,3,1,1,1,25,5,11946,2,9,2,1,2
201731C094317,2,9,0,18,0,2,0,0,7,10,4,1,6,1,37,7,1422,2,1,1,1,1
201731C094417,1,9,0,9,0,6,0,0,0,0,1,1,6,1,48,8,1999,1,12,1,1,1
201731C094417,2,9,0,18,0,8,0,0,0,0,3,1,6,2,56,9,-1,-1,-1,1,1,1
201731C094517,1,9,0,18,0,1,0,0,0,0,1,1,6,1,-1,-1,1229,1,2,9,1,9
201731C094517,2,9,0,3,0,1,0,0,0,0,2,1,6,1,41,7,1794,1,10,3,1,3
201731C094617,1,9,0,4,0,0,0,0,0,0,1,1,6,1,-1,-1,2401,2,13,3,1,3
201731C094617,2,9,0,3,0,0,0,0,0,0,2,1,6,1,29,6,1995,2,10,3,1,3
201731C094717,1,8,0,5,0,0,0,0,0,0,4,1,1,1,-1,-1,1797,8,6,-1,-1,-1
201731C094817,1,9,0,18,0,8,0,0,0,0,0,1,6,3,-1,-1,-1,-1,-1,-1,-1,-1
201731C094817,2,11,0,18,0,8,0,0,0,0,0,1,1,1,-1,-1,9000,2,8,2,1,2
201731C095017,1,19,0,5,0,1,0,0,0,0,1,1,6,3,-1,-1,-1,-1,-1,-1,-1,-1
201731C095017,2,9,0,10,0,6,0,0,0,0,2,1,6,2,59,9,1998,1,18,1,1,1
201731C095117,1,9,0,18,0,1,1,0,0,0,1,1,6,1,24,5,1000,1,4,6,1,6
201731C095117,2,9,0,18,0,8,1,0,0,0,2,1,6,1,22,5,1398,2,10,7,1,7
201731C095117,3,9,0,4,0,8,0,0,0,0,2,1,6,1,36,7,1995,2,6,5,1,5
201731C095517,1,5,0,7,0,6,1,0,0,0,4,1,6,1,46,8,599,1,2,6,1,6
201731C095617,1,9,0,18,0,4,0,0,0,0,1,1,2,2,22,5,1242,1,10,5,1,5
201731C095617,2,9,0,18,0,8,0,0,0,0,4,1,2,2,28,6,1910,2,10,8,1,8
201731C095817,1,9,0,1,0,1,0,0,0,0,4,1,6,1,-1,-1,-1,-1,-1,-1,-1,-1
201731C095917,1,5,0,18,0,8,0,0,0,0,1,1,6,2,57,9,600,1,20,8,1,8
201731C095917,2,9,0,9,0,5,0,0,0,0,1,1,2,2,33,6,1798,8,5,4,1,4
201731C096017,1,18,0,18,1,0,0,0,0,0,1,1,1,1,31,6,-1,-1,-1,1,1,1