Accident_Index,Vehicle_Reference,Vehicle_Type,Towing_and_Articulation,Vehicle_Manoeuvre,Vehicle_Location-Restricted_Lane,Junction_Location,Skidding_and_Overturning,Hit_Object_in_Carriageway,Vehicle_Leaving_Carriageway,Hit_Object_off_Carriageway,1st_Point_of_Impact,Was_Vehicle_Left_Hand_Drive?,Journey_Purpose_of_Driver,Sex_of_Driver,Age_of_Driver,Age_Band_of_Driver,Engine_Capacity_(CC),Propulsion_Code,Age_of_Vehicle,Driver_IMD_Decile,Driver_Home_Area_Type,Vehicle_IMD_Decile
201731C096217,1,19,0,18,0,2,0,0,0,0,1,1,6,3,-1,-1,-1,-1,-1,-1,-1,-1
201731C096217,2,1,0,18,0,2,0,0,0,0,3,1,2,2,25,5,-1,-1,-1,2,1,2
201731C096617,1,3,0,9,0,6,1,0,3,0,3,1,6,1,24,5,124,1,1,10,3,10
201731C096917,1,9,0,9,0,8,0,0,0,0,1,1,6,1,34,6,998,1,17,1,1,1
201731C096917,2,9,0,18,0,4,0,0,0,0,3,1,2,2,27,6,998,1,8,3,1,3
201731C097017,1,19,0,12,0,7,0,0,0,0,0,1,6,3,-1,-1,4461,2,8,-1,-1,-1
201731C097017,2,9,0,18,0,8,0,7,0,0,1,1,6,2,22,5,1496,2,1,9,3,9
201731C097117,1,9,0,18,0,0,0,0,0,0,1,1,6,1,51,8,1149,1,11,5,1,5
201731C097117,2,1,0,18,0,0,0,0,0,0,3,1,6,1,13,3,-1,-1,-1,1,1,1
201731C097417,1,2,0,18,9,0,0,0,0,0,1,1,6,1,-1,-1,-1,-1,-1,-1,-1,-1
201731C097517,1,9,0,18,0,0,0,0,0,0,1,1,6,1,67,10,1497,8,10,3,1,3
201731C097517,2,1,0,18,0,0,0,0,0,0,4,1,2,1,25,5,-1,-1,-1,2,1,2
201731C097617,1,9,0,5,0,2,0,0,0,0,1,1,6,1,23,5,1995,2,9,8,3,8
201731C097617,2,3,0,3,0,2,0,0,0,0,2,1,1,1,19,4,124,1,11,4,1,4
201731C098217,1,9,0,18,0,0,5,4,0,0,3,1,6,1,25,5,1198,1,13,10,1,10
201731C098217,2,9,0,2,0,0,0,0,0,0,3,1,6,3,-1,-1,1499,2,-1,-1,-1,-1
201731C099617,1,8,0,4,0,1,0,0,0,0,2,1,6,1,44,7,1686,2,8,-1,-1,-1
201731C099617,2,9,0,18,0,1,0,0,0,0,1,1,6,2,73,10,1598,2,2,6,1,6
201731C099817,1,9,0,7,0,6,1,0,0,0,1,1,6,1,18,4,1398,1,-1,2,1,2
201731C099817,2,9,0,18,0,1,0,0,0,0,3,1,6,2,45,7,1596,1,6,1,1,1
201731C099917,1,3,0,15,0,8,0,0,0,0,1,1,1,1,38,7,125,1,2,2,1,2
201731C099917,2,9,0,9,0,5,0,0,0,0,4,1,6,2,55,8,1598,1,16,1,1,1
201731C100017,1,9,0,7,0,4,0,0,0,0,2,1,2,1,56,9,1984,2,8,2,1,2
201731C100017,2,11,0,9,0,8,0,0,0,0,1,1,1,1,29,6,6700,2,5,-1,-1,-1
201731C100217,1,9,0,12,0,1,0,0,0,0,3,1,6,2,-1,-1,1560,2,5,-1,-1,-1
201731C100217,2,9,0,18,0,1,0,0,0,0,4,1,6,2,38,7,2179,2,5,1,1,1
201731C100617,1,9,0,3,0,1,0,0,0,0,2,1,1,2,46,8,1499,1,1,1,1,1
201731C100617,2,19,0,18,0,1,0,0,0,0,1,1,1,1,28,6,2402,2,12,4,1,4
201731C100817,1,9,0,18,0,1,0,0,0,0,4,1,6,3,-1,-1,-1,-1,-1,-1,-1,-1
201731C101317,1,9,0,5,0,0,0,0,0,0,3,1,6,2,28,6,1685,2,4,1,1,1
201731C101317,2,9,0,18,0,0,0,0,0,0,4,1,6,2,58,9,1582,2,1,2,1,2
201731C102217,1,11,0,5,0,8,0,0,0,0,0,1,1,1,37,7,9000,2,3,3,1,3
201731C102517,1,9,0,18,0,0,0,0,0,0,1,1,1,1,55,8,1461,2,-1,7,1,7
201731C102917,1,9,0,3,0,1,0,0,0,0,2,1,6,2,33,6,1598,1,10,1,1,1
201731C102917,2,5,0,18,0,1,0,0,0,0,1,1,6,1,-1,-1,1200,1,18,-1,-1,-1
201731C103317,1,19,0,18,0,1,1,0,0,0,1,1,2,2,42,7,1248,2,6,2,1,2
201731C103317,2,9,0,4,0,1,0,0,0,0,2,1,6,2,44,7,2143,2,2,6,3,6
201731C103917,1,1,0,9,0,2,0,0,0,0,1,1,6,1,-1,-1,-1,-1,-1,-1,-1,-1
201731C104417,1,9,0,18,0,1,0,0,0,0,1,1,6,2,32,6,1390,1,5,2,1,2
201731C104417,2,9,0,4,0,1,0,0,0,0,2,1,6,2,40,7,1598,1,5,2,1,2
201731C104617,1,9,0,18,0,1,0,0,0,0,1,1,3,1,38,7,1998,1,12,2,1,2
201731C104617,2,9,0,3,0,1,0,0,0,0,2,1,6,2,60,9,1390,1,3,1,1,1
201731C105317,1,19,0,6,0,0,0,0,0,0,1,1,6,1,33,6,2198,2,2,2,1,2
201731C105317,2,9,0,18,0,0,0,0,0,0,4,1,6,2,55,8,1386,1,6,2,1,2
201731C105417,1,9,0,7,0,2,0,0,0,0,1,1,1,1,72,10,-1,-1,-1,8,1,8
201731C105817,1,9,0,18,0,2,0,0,0,0,4,1,6,1,33,6,1560,2,1,6,1,6
201731C106017,1,9,0,7,0,5,0,0,0,0,1,1,6,3,-1,-1,1686,2,11,-1,-1,-1
201731C106017,2,9,0,18,0,8,0,0,0,0,4,1,6,1,33,6,2231,2,9,1,1,1
201731C106017,3,9,0,18,0,1,0,0,0,0,0,1,1,3,-1,-1,-1,-1,-1,-1,-1,-1
201731C106117,1,9,0,7,0,5,0,0,0,0,4,1,6,1,-1,-1,-1,-1,-1,-1,-1,-1
201731C106117,2,1,0,18,2,8,1,0,0,0,1,1,1,1,24,5,-1,-1,-1,3,1,3
201731C106817,1,19,0,18,0,0,0,0,0,0,1,1,6,1,26,6,1896,2,8,9,1,9
201731C106817,2,9,0,4,0,0,0,0,0,0,2,1,6,1,29,6,1870,2,11,4,1,4
201731C107117,1,9,0,9,0,6,0,0,0,0,0,1,6,3,-1,-1,-1,-1,-1,-1,-1,-1
201731C107117,2,1,0,18,0,1,0,0,0,0,1,1,2,1,45,7,-1,-1,-1,1,1,1
201731C107317,1,9,0,7,0,5,1,0,7,4,1,1,6,1,27,6,2496,2,10,2,1,2
201731C107717,1,9,0,18,0,1,0,0,0,0,1,1,6,1,49,8,1395,1,1,1,1,1
201731C107717,2,9,0,7,0,1,0,0,0,0,2,1,6,2,51,8,1461,2,12,2,1,2
201731C107817,1,9,0,18,0,0,0,7,1,4,1,1,6,1,34,6,2496,2,13,4,1,4
201731C107917,1,4,0,7,0,6,1,0,3,11,1,1,6,1,-1,-1,-1,-1,-1,-1,-1,-1
201731C108717,1,9,0,4,0,0,0,0,0,0,2,1,6,2,34,6,1956,2,8,3,1,3
201731C108717,2,9,0,18,0,0,1,0,0,0,1,1,6,1,59,9,1399,2,6,2,1,2
201731C108717,3,9,0,18,0,0,1,0,0,0,1,1,6,2,32,6,1390,1,10,1,1,1
201731C109817,1,9,0,18,0,1,0,0,0,0,1,1,6,2,-1,-1,3199,1,13,-1,-1,-1
201731C109817,2,1,0,18,5,8,0,0,0,0,4,1,6,1,20,4,-1,-1,-1,7,1,7
201731C110717,1,9,0,9,0,8,0,0,0,0,1,1,6,3,-1,-1,-1,-1,-1,-1,-1,-1
201731C110717,2,9,0,18,0,3,0,0,0,0,4,1,6,2,40,7,1598,2,2,5,1,5
201731C110917,1,5,0,13,0,8,0,0,0,0,1,1,6,1,31,6,748,1,8,2,1,2
201731C110917,2,9,0,9,0,5,0,0,0,0,3,1,6,1,24,5,1896,2,13,5,1,5
201731C111517,1,8,0,18,0,0,0,0,0,0,1,1,6,1,-1,-1,-1,-1,-1,-1,-1,-1
201731C111517,2,1,0,12,0,0,0,0,0,0,4,1,4,1,12,3,-1,-1,-1,1,1,1
201731C112017,1,11,0,18,0,0,0,0,0,0,0,1,1,1,51,8,6374,2,10,9,1,9
201731C112217,1,1,0,18,0,2,0,2,0,0,1,1,6,1,49,8,-1,-1,-1,7,1,7
201731C112517,1,9,0,7,0,5,0,0,0,0,4,1,6,1,-1,-1,-1,-1,-1,-1,-1,-1
201731C112617,1,9,0,18,0,2,0,0,0,0,1,1,6,3,-1,-1,1242,1,14,-1,-1,-1
201731C112617,2,9,0,3,0,2,0,0,0,0,2,1,6,1,24,5,-1,-1,-1,1,1,1
201731C113017,1,9,0,9,0,5,0,0,0,0,4,1,2,1,19,4,1794,1,15,7,1,7
201731C113017,2,1,0,18,0,8,0,0,0,0,1,1,6,1,52,8,-1,-1,-1,3,1,3
201731C113217,1,9,0,13,0,8,0,0,0,0,1,1,6,1,31,6,1968,2,7,3,1,3
201731C113217,2,1,0,9,0,5,0,0,0,0,3,1,1,2,41,7,-1,-1,-1,5,1,5
201731C113317,1,9,0,14,0,8,1,4,0,0,1,1,6,1,21,5,1984,1,1,2,1,2
201731C113317,2,9,0,2,0,8,0,0,0,0,2,1,6,3,-1,-1,-1,-1,-1,-1,-1,-1
201731C113417,1,3,0,18,1,0,0,0,0,0,3,1,6,1,43,7,-1,-1,-1,4,1,4
201731C113517,1,5,0,18,0,0,0,0,0,0,3,1,2,1,30,6,600,1,21,1,1,1
201731C113517,2,9,0,4,0,0,0,0,0,0,2,1,2,1,51,8,2171,1,16,5,1,5
201731C114117,1,9,0,17,0,8,0,0,0,0,1,1,6,1,49,8,1796,1,10,9,1,9
201731C114217,1,19,0,18,0,0,0,0,0,0,1,1,6,3,-1,-1,-1,-1,-1,-1,-1,-1
201731C114217,2,9,0,3,0,0,0,0,0,0,2,1,2,2,49,8,1198,1,2,9,2,9
201731C114217,3,9,0,3,0,0,0,0,0,0,2,1,2,1,39,7,2993,2,5,10,2,10
201731C114317,1,1,0,18,0,0,0,0,0,0,1,1,6,1,59,9,-1,-1,-1,5,1,5
201731C114617,1,9,0,18,0,1,0,0,0,0,1,1,6,3,-1,-1,1968,2,12,-1,-1,-1
201731C114617,2,9,0,10,0,8,0,0,0,0,2,1,6,1,21,5,1389,1,19,5,1,5
201731C114717,1,9,0,7,0,5,0,0,0,0,4,1,2,2,46,8,1242,1,4,10,2,10
201731C114717,2,1,0,18,0,1,1,0,0,0,1,1,2,1,21,5,-1,-1,-1,1,1,1
201731C114917,1,9,0,18,0,1,0,0,0,0,1,1,6,1,68,10,2188,2,13,1,1,1
201731C114917,2,11,0,3,0,1,0,0,0,0,2,1,1,2,39,7,4250,2,17,2,1,2
201731C115517,1,9,0,1,0,1,0,0,0,0,2,1,6,1,41,7,1198,1,9,1,1,1
201731C115617,1,9,0,7,0,5,0,0,0,0,4,1,6,3,-1,-1,-1,-1,-1,-1,-1,-1
201731C115617,2,1,0,18,5,1,0,0,0,0,1,1,2,1,19,4,-1,-1,-1,6,1,6
201731C115817,1,9,0,18,0,8,0,0,0,0,4,1,6,1,43,7,1995,2,10,5,1,5
201731C115817,2,9,0,18,2,8,0,0,0,0,1,1,1,1,31,6,998,1,6,6,1,6
201731C116417,1,1,0,18,0,1,0,0,0,0,1,1,6,1,-1,-1,-1,-1,-1,-1,-1,-1
201731C116917,1,3,0,18,5,2,0,0,0,0,1,1,6,3,-1,-1,-1,-1,-1,-1,-1,-1
201731C116917,2,1,0,18,5,1,0,0,0,0,1,1,6,1,35,6,-1,-1,-1,2,1,2
201731C117117,1,9,0,9,0,6,0,0,0,0,1,1,6,2,59,9,995,1,9,1,1,1
201731C117117,2,9,0,18,0,8,0,0,1,2,4,1,2,1,33,6,1560,2,3,10,1,10
201731C117217,1,19,0,18,0,0,0,0,0,0,3,1,6,1,-1,-1,-1,-1,-1,-1,-1,-1
201731C117417,1,8,0,18,0,1,0,0,0,0,4,1,1,1,53,8,2402,2,12,10,1,10
201731C117517,1,9,0,18,0,1,0,0,0,0,1,1,1,1,36,7,1797,8,6,2,1,2
201731C117517,2,9,0,10,0,1,0,0,0,0,2,1,1,2,57,9,3311,8,11,1,1,1
201731C118017,1,4,0,14,0,1,1,0,0,0,1,1,6,3,-1,-1,-1,-1,-1,-1,-1,-1
201731C118317,1,9,0,9,0,5,5,0,0,0,4,1,6,2,24,5,1390,1,15,6,1,6
201731C118317,2,9,0,18,0,8,1,0,0,0,1,1,6,3,-1,-1,1896,2,15,-1,-1,-1
201731C118417,1,9,0,18,0,1,0,0,0,0,1,1,6,1,35,6,1364,1,11,1,1,1
201731C118417,2,9,0,3,0,1,0,0,0,0,2,1,6,1,53,8,1339,1,12,9,1,9
201731C118917,1,19,0,18,0,0,0,0,0,0,1,1,1,1,25,5,2402,2,15,1,1,1
201731C119317,1,9,0,14,0,1,0,0,0,0,0,1,6,3,-1,-1,-1,-1,-1,-1,-1,-1
201731C119317,2,19,0,7,0,6,0,0,0,0,0,1,6,1,43,7,2800,2,15,1,1,1
201731C119917,1,9,0,17,0,8,0,0,0,0,1,1,6,2,49,8,999,1,3,-1,-1,-1
201731C120117,1,9,0,18,0,0,0,0,0,0,1,1,2,2,30,6,1364,1,7,2,1,2
201731C120117,2,9,0,3,0,0,0,0,0,0,2,1,6,2,39,7,2143,2,1,7,1,7
201731C120217,1,19,0,18,0,0,0,0,0,0,3,1,6,1,-1,-1,2148,2,10,2,1,2
201731C120217,2,9,0,18,0,0,0,0,0,0,3,1,6,1,-1,-1,1368,1,6,8,1,8
201731C120317,1,9,0,13,0,0,0,0,7,11,4,1,6,1,20,4,1400,1,11,5,1,5
201731C120317,2,8,0,12,0,0,0,0,0,0,3,1,1,1,-1,-1,1797,8,3,2,1,2
201731C120417,1,1,0,18,0,2,0,0,0,0,1,1,6,1,14,3,-1,-1,-1,-1,-1,-1
201731C120417,2,9,0,2,0,8,0,0,0,0,3,1,6,1,42,7,1997,1,13,1,1,1
201731C121417,1,9,0,18,0,8,1,0,0,0,1,1,6,2,64,9,1242,1,2,7,1,7
201731C121417,2,9,0,7,0,6,1,0,0,0,3,1,6,1,75,10,1794,1,11,4,1,4
201731C121617,1,9,0,5,0,1,0,0,0,0,1,1,6,2,28,6,1995,2,-1,-1,3,-1
201731C121617,2,9,0,3,0,1,0,0,0,0,2,1,1,1,31,6,1798,8,5,2,1,2
201731C121917,1,9,0,9,0,5,0,0,0,0,1,1,6,1,17,4,998,1,4,10,2,10
201731C121917,2,9,0,18,0,8,0,0,0,0,3,1,6,1,27,6,1599,1,8,10,2,10
201731C122417,1,9,0,14,0,8,0,0,0,0,1,1,6,1,58,9,1598,2,4,10,1,10
201731C122417,2,1,0,14,0,8,0,0,0,0,2,1,1,1,22,5,-1,-1,-1,7,1,7
201731C122617,1,9,0,9,0,5,0,0,0,0,1,1,6,2,-1,-1,-1,-1,-1,2,1,2
201731C122617,2,1,0,18,0,8,0,0,0,0,3,1,2,1,43,7,-1,-1,-1,2,1,2
201731C122717,1,9,0,11,0,8,0,0,0,0,4,1,6,2,34,6,1998,1,10,2,1,2
201731C122717,2,9,0,18,0,8,0,0,0,0,3,1,6,2,41,7,1329,1,3,-1,-1,-1
201731C122817,1,9,0,9,0,6,0,0,0,0,1,1,6,1,-1,-1,-1,-1,-1,-1,-1,-1
201731C122817,2,1,0,18,0,8,0,0,0,0,4,1,6,1,42,7,-1,-1,-1,1,1,1
201731C123317,1,9,0,18,0,8,0,7,1,0,1,1,6,1,21,5,1397,1,14,3,1,3
201731C123417,1,9,0,18,0,8,1,0,1,11,4,1,6,2,26,6,-1,-1,-1,5,1,5
201731C123417,2,9,0,9,0,6,0,0,0,0,1,1,6,1,36,7,1995,2,10,5,1,5
201731C123717,1,11,0,5,0,0,0,0,0,0,0,1,1,1,59,9,9000,2,10,2,1,2
201731C123817,1,9,0,18,0,2,0,0,0,0,1,1,2,2,77,11,1598,1,15,9,1,9
201731C123917,1,9,0,18,0,0,0,11,0,0,3,1,6,2,27,6,1328,1,12,1,1,1
201731C124717,1,9,0,18,0,0,0,0,0,0,1,1,6,1,-1,-1,-1,-1,-1,-1,-1,-1
201731C124717,2,9,0,3,0,0,0,0,0,0,2,1,6,1,42,7,1999,2,1,10,1,10
201731C125117,1,9,0,5,0,1,0,0,0,0,1,1,6,3,-1,-1,1686,2,14,-1,-1,-1
201731C125817,1,9,0,9,0,5,0,0,0,0,4,1,6,1,27,6,1362,1,4,1,1,1
201731C125817,2,9,0,18,0,1,0,0,0,0,1,1,6,1,66,10,1560,2,4,-1,1,-1
201731C125817,3,9,0,8,0,1,0,0,0,0,3,1,6,1,38,7,2996,2,7,1,1,1
201731C126317,1,9,0,18,0,0,0,0,0,0,1,1,6,2,-1,-1,1896,2,15,-1,-1,-1
201731C126317,2,9,0,3,0,0,0,0,0,0,2,1,6,1,26,6,1229,1,4,5,1,5
201731C126417,1,9,0,9,0,5,0,0,0,0,1,1,6,2,31,6,1796,1,13,6,1,6
201731C126417,2,9,0,18,0,8,0,0,0,0,4,1,2,1,53,8,1956,2,4,1,1,1
201731C126917,1,9,0,13,0,8,0,0,0,0,1,1,6,1,17,4,1368,1,9,4,1,4
201731C126917,2,8,0,9,0,5,0,0,0,0,3,1,1,1,54,8,1896,2,7,9,1,9
201731C127417,1,9,0,5,0,8,0,0,0,0,1,1,2,1,18,4,1956,2,8,-1,-1,-1
201731C127417,2,1,0,18,0,6,0,0,0,0,4,1,6,1,10,2,-1,-1,-1,-1,-1,-1
201731C127617,1,9,0,18,0,8,0,0,0,0,1,1,3,2,36,7,1598,1,11,1,1,1
201731C127617,2,9,0,7,0,6,0,0,1,0,3,1,6,1,44,7,-1,-1,-1,5,1,5
201731C127817,1,3,0,9,0,8,1,0,0,0,3,1,1,1,25,5,125,1,7,2,1,2
201731C128117,1,21,1,18,0,4,0,0,0,0,2,1,1,1,-1,-1,4461,2,8,-1,-1,-1
201731C128117,2,9,0,18,0,4,0,0,0,0,2,1,6,1,54,8,1364,1,7,9,1,9
201731C128217,1,11,0,18,0,0,0,0,0,0,1,1,1,1,53,8,6696,2,3,2,1,2
201731C128217,2,9,0,3,0,0,0,0,0,0,2,1,6,1,56,9,1988,1,15,2,1,2
201731C128317,1,9,0,12,0,2,0,0,0,0,3,1,6,2,25,5,998,1,6,4,2,4
201731C128317,2,21,0,18,0,2,0,0,0,0,4,1,1,1,39,7,12777,2,3,-1,1,-1
201731C128417,1,4,0,18,9,8,0,0,0,0,1,1,6,3,-1,-1,-1,-1,-1,-1,-1,-1
201731C128617,1,19,0,18,0,1,0,0,0,0,3,1,6,2,27,6,1461,2,10,4,1,4
201731C128617,2,5,0,11,0,1,0,0,0,0,4,1,6,1,21,5,599,1,20,3,1,3
201731C128717,1,5,0,18,0,0,0,0,0,0,1,1,2,1,44,7,-1,-1,-1,1,1,1
201731C128717,2,9,0,11,0,0,0,0,0,0,2,1,2,1,21,5,-1,-1,-1,5,1,5
201731C129617,1,9,0,12,0,1,0,0,0,0,0,1,6,3,-1,-1,-1,-1,-1,-1,-1,-1
201731C129617,2,9,0,18,0,1,0,0,0,0,2,1,6,2,48,8,1198,1,13,1,1,1
201731C129617,3,9,0,18,0,1,0,0,0,0,1,1,6,2,44,7,1198,1,14,1,1,1
201731C129617,4,9,0,18,0,1,0,0,0,0,1,1,6,1,-1,-1,-1,-1,-1,3,1,3
201731C129817,1,9,0,18,0,0,0,0,1,1,1,1,6,1,19,4,1595,1,7,10,2,10
201731C129917,1,8,0,18,0,0,0,0,0,0,1,1,1,1,81,11,2446,2,17,10,1,10
201731C129917,2,9,0,3,0,0,0,0,0,0,2,1,6,1,51,8,2199,2,7,6,1,6
201731C130017,1,9,0,17,0,2,0,0,0,0,1,1,2,2,38,7,1197,1,-1,1,1,1
201731C130117,1,9,0,18,0,1,0,7,0,0,1,1,6,2,49,8,1398,1,12,6,1,6
201731C131217,1,9,0,17,0,0,1,4,8,11,1,1,6,1,28,6,1995,2,12,1,1,1
201731C131217,2,9,0,2,0,0,0,0,0,0,1,1,6,3,-1,-1,1975,1,12,-1,-1,-1
201731C131417,1,9,0,11,0,8,0,0,0,0,4,1,6,3,-1,-1,1395,1,-1,-1,-1,-1
201731C131417,2,9,0,9,0,8,0,0,0,0,3,1,3,1,47,8,1995,2,1,-1,-1,-1
201731C131817,1,9,0,18,0,4,0,0,0,0,1,1,6,1,-1,-1,1598,1,4,-1,-1,-1
201731C131817,2,1,0,18,0,8,0,0,0,0,4,1,6,2,27,6,-1,-1,-1,2,1,2
201731C132017,1,9,0,18,0,2,0,0,0,0,1,1,1,1,37,7,1798,8,2,3,1,3
201731C132117,1,9,0,18,0,2,0,0,0,0,1,1,2,2,24,5,1997,2,12,2,1,2
201731C132817,1,9,0,12,0,1,0,0,0,0,3,1,6,3,-1,-1,1910,2,11,-1,-1,-1
201731C132817,2,9,0,18,0,1,0,0,0,0,4,1,2,2,35,6,1600,1,13,7,1,7
201731C132917,1,9,0,16,0,0,0,0,0,0,1,1,6,3,-1,-1,1596,1,15,-1,-1,-1
201731C132917,2,9,0,16,0,0,0,0,0,0,2,1,6,1,23,5,1995,2,12,5,2,5
201731C133917,1,9,0,18,0,0,0,0,0,0,1,1,6,2,81,11,1275,1,17,1,1,1
201731C134417,1,9,0,18,0,8,0,0,0,0,1,1,6,3,-1,-1,-1,-1,-1,-1,-1,-1
201731C134417,2,9,0,7,0,5,0,0,0,0,4,1,3,2,44,7,1999,1,-1,2,1,2
201731C134717,1,9,0,18,0,0,0,0,0,0,1,1,6,1,58,9,1598,1,16,2,1,2
201731C134717,2,9,0,18,0,0,0,0,0,0,2,1,6,1,32,6,1596,1,15,4,1,4
201731C134717,3,90,0,18,0,0,0,0,0,0,0,1,1,1,-1,-1,-1,-1,-1,-1,-1,-1
201731C135417,1,8,0,9,0,6,0,0,0,0,3,1,1,1,69,10,2402,2,13,7,1,7
201731C135417,2,3,0,18,0,8,0,0,0,0,1,1,6,1,22,5,124,1,2,-1,-1,-1
201731C135517,1,9,0,12,0,8,0,0,0,0,3,1,1,1,57,9,2319,1,15,2,1,2
201731C135517,2,9,0,18,0,8,0,0,0,0,4,1,6,1,35,6,1997,2,14,2,1,2
201731C136117,1,9,0,9,0,6,0,0,0,0,3,1,2,2,39,7,1329,1,4,3,1,3
201731C136117,2,1,0,18,0,8,1,0,0,0,1,1,2,1,26,6,-1,-1,-1,5,1,5
201731C137417,1,9,0,9,0,5,0,0,0,0,1,1,6,1,20,4,1896,2,11,3,1,3
201731C137417,2,5,0,18,0,8,0,0,1,0,3,1,6,1,68,10,1050,1,-1,5,2,5
201731C137917,1,9,0,7,0,5,0,0,0,0,4,1,6,1,36,7,1986,2,10,6,1,6
201731C137917,2,1,0,18,2,8,0,0,0,0,1,1,6,1,35,6,-1,-1,-1,1,1,1
201731C138317,1,9,0,18,0,6,0,0,0,0,1,1,6,1,-1,-1,1800,2,14,-1,-1,-1
201731C138317,2,9,0,18,0,8,0,0,0,0,3,1,6,1,38,7,2400,2,2,1,1,1
201731C139117,1,9,0,9,0,6,0,0,0,0,3,1,6,2,-1,-1,-1,-1,-1,-1,-1,-1
201731C139117,2,2,0,14,0,8,0,0,0,0,1,1,6,1,16,4,49,1,5,9,1,9
201731C140017,1,9,0,3,0,1,0,0,0,0,2,1,6,2,31,6,1796,1,11,4,1,4
201731C140017,2,9,0,4,0,1,0,0,0,0,1,1,1,1,55,8,2987,2,10,9,1,9
201731C140317,1,5,0,13,0,0,1,0,0,0,1,1,6,1,-1,-1,595,1,21,9,1,9
201731C140317,2,9,0,6,0,0,0,0,0,0,3,1,6,1,47,8,2143,2,7,10,1,10
201731C140417,1,9,0,18,0,0,0,0,0,0,1,1,6,3,-1,-1,-1,-1,-1,-1,-1,-1
201731C140617,1,9,0,2,0,8,0,0,0,0,3,1,6,1,-1,-1,1794,1,13,6,1,6
201731C140617,2,1,0,14,0,8,0,0,0,0,1,1,6,1,39,7,-1,-1,-1,-1,-1,-1
201731C140817,1,11,0,5,0,0,0,0,0,0,0,1,6,1,29,6,9000,2,3,1,1,1
201731C141017,1,9,0,5,0,0,0,0,0,0,1,1,6,1,38,7,1598,2,2,7,1,7
201731C141017,2,9,0,3,0,0,0,0,0,0,2,1,6,1,50,8,1396,2,5,6,1,6
201731C141217,1,9,0,12,0,8,0,0,0,0,1,1,6,1,-1,-1,1598,1,15,-1,-1,-1
201731C141217,2,9,0,16,0,8,0,0,0,0,2,1,6,1,26,6,1199,1,14,3,1,3
201731C141717,1,9,0,18,0,8,0,0,0,0,1,1,6,1,-1,-1,1984,1,2,-1,-1,-1
201731C141717,2,8,0,3,0,2,0,0,0,0,2,1,1,1,62,9,1790,8,6,4,1,4
201731C141817,1,9,0,9,0,6,0,0,0,0,4,1,1,1,40,7,1968,2,-1,5,1,5
201731C141817,2,9,0,18,0,8,0,0,0,0,1,1,1,1,54,8,1120,2,4,2,1,2
201731C142117,1,19,0,4,0,0,0,0,0,0,1,1,6,1,27,6,1998,2,13,6,1,6
201731C142117,2,9,0,3,0,0,0,0,0,0,2,1,6,1,53,8,1499,2,4,1,1,1
201731C142117,3,9,0,3,0,0,0,0,0,0,2,1,6,1,39,7,1968,2,11,4,1,4
201731C142317,1,9,0,9,0,5,1,7,1,11,4,1,6,1,25,5,1598,1,15,-1,-1,-1
201731C142517,1,1,0,18,0,0,0,4,0,0,1,1,6,1,21,5,-1,-1,-1,5,1,5
201731C142517,2,9,0,2,0,0,0,0,0,0,3,1,6,1,-1,-1,1360,1,11,-1,-1,-1
201731C142917,1,9,0,9,0,5,0,0,0,0,4,1,6,1,63,9,1360,1,13,1,1,1
201731C142917,2,1,0,18,0,8,0,0,0,0,1,1,6,2,28,6,-1,-1,-1,3,1,3
201731C143017,1,9,0,18,0,0,0,0,0,0,1,1,6,1,46,8,-1,-1,-1,9,2,9
201731C143017,2,9,0,3,0,0,0,0,0,0,2,1,6,2,41,7,1461,2,1,8,1,8
201731C143417,1,2,0,18,0,8,1,0,0,0,1,1,6,2,22,5,49,1,1,10,1,10
201731C143917,1,11,0,18,0,0,0,0,0,0,0,1,1,1,26,6,10800,2,2,6,1,6
201731C144017,1,9,0,9,0,5,0,0,0,0,4,1,6,2,24,5,1598,1,4,3,1,3
201731C144017,2,19,0,18,0,8,0,0,0,0,1,1,6,1,35,6,2198,2,2,8,1,8
201731C144117,1,9,0,18,0,6,0,0,0,0,3,1,6,1,20,4,1395,1,3,9,3,9
201731C144117,2,1,0,18,0,8,0,0,0,0,1,1,6,1,31,6,-1,-1,-1,2,1,2
201731C144217,1,9,0,14,0,2,0,0,0,0,4,1,6,2,31,6,1598,1,15,3,1,3
201731C144517,1,9,0,18,0,8,0,0,1,11,1,1,6,2,33,6,1362,1,5,7,1,7
201731C144517,2,19,0,18,0,8,0,0,0,0,1,1,1,1,51,8,2198,2,3,6,1,6
201731C145017,1,9,0,18,0,0,0,0,0,0,1,1,6,1,-1,-1,-1,-1,-1,-1,-1,-1
201731C145017,2,1,0,18,0,0,0,0,0,0,2,1,6,1,17,4,-1,-1,-1,3,1,3
201731C145117,1,19,0,1,9,6,0,0,0,0,2,1,6,3,-1,-1,-1,-1,-1,-1,-1,-1
201731C145117,2,1,0,18,9,1,0,0,0,0,1,1,6,1,-1,-1,-1,-1,-1,7,1,7
201731C145717,1,9,0,4,0,0,0,0,0,0,1,1,6,1,71,10,1489,1,-1,1,1,1
201731C145717,2,9,0,3,0,0,0,0,0,0,2,1,6,2,32,6,1389,1,14,9,1,9
201731C145817,1,1,0,18,0,8,0,0,0,0,1,1,1,1,21,5,-1,-1,-1,2,1,2
201731C145817,2,9,0,8,0,1,0,0,0,0,1,1,6,1,34,6,2967,2,5,3,1,3
201731C146017,1,20,0,5,0,8,0,0,0,0,3,1,6,3,-1,-1,-1,-1,-1,-1,-1,-1
201731C146017,2,9,0,5,0,8,0,0,0,0,4,1,6,2,25,5,1598,2,3,1,1,1