Accident_Index,Vehicle_Reference,Vehicle_Type,Towing_and_Articulation,Vehicle_Manoeuvre,Vehicle_Location-Restricted_Lane,Junction_Location,Skidding_and_Overturning,Hit_Object_in_Carriageway,Vehicle_Leaving_Carriageway,Hit_Object_off_Carriageway,1st_Point_of_Impact,Was_Vehicle_Left_Hand_Drive?,Journey_Purpose_of_Driver,Sex_of_Driver,Age_of_Driver,Age_Band_of_Driver,Engine_Capacity_(CC),Propulsion_Code,Age_of_Vehicle,Driver_IMD_Decile,Driver_Home_Area_Type,Vehicle_IMD_Decile
201731D081017,1,9,0,18,0,4,0,0,0,0,3,1,1,1,-1,-1,-1,-1,-1,8,1,8
201731D081017,2,1,0,18,0,8,0,0,0,0,1,1,6,1,16,4,-1,-1,-1,2,1,2
201731D081517,1,19,0,18,0,1,1,0,0,0,1,1,6,1,31,6,1995,2,5,2,1,2
201731D081517,2,9,0,3,0,1,0,0,0,0,2,1,6,2,34,6,1753,2,9,5,1,5
201731D081517,3,9,0,3,0,1,0,0,0,0,2,1,6,1,44,7,2000,2,6,5,1,5
201731D082317,1,19,0,18,0,8,0,0,0,0,1,1,6,1,-1,-1,1995,2,10,-1,-1,-1
201731D082317,2,9,0,18,0,8,0,0,0,0,3,1,6,1,24,5,1956,2,5,4,1,4
201731D082417,1,9,0,18,0,2,0,0,0,0,1,1,6,1,62,9,1598,2,3,7,3,7
201731D083017,1,3,0,18,0,0,0,0,0,0,1,1,6,1,17,4,124,1,2,6,1,6
201731D084917,1,9,0,16,0,0,0,0,7,9,1,1,6,2,32,6,1900,2,13,8,3,8
201731D085617,1,9,0,13,0,0,2,0,5,6,1,1,2,1,31,6,1968,2,12,6,1,6
201731D085717,1,9,0,7,0,6,0,0,0,0,3,1,6,2,64,9,1339,1,9,10,2,10
201731D085717,2,9,0,18,0,8,0,0,0,0,1,1,6,2,68,10,1560,2,9,10,3,10
201731D086117,1,9,0,7,0,4,0,0,0,0,1,1,6,1,83,11,1798,1,1,8,1,8
201731D086117,2,1,0,18,0,8,0,0,0,0,1,1,6,1,38,7,-1,-1,-1,-1,-1,-1
201731D086817,1,9,0,9,0,8,0,0,0,0,1,1,6,2,62,9,1685,2,6,-1,-1,-1
201731D086817,2,1,0,18,0,8,0,0,0,0,3,1,2,1,44,7,-1,-1,-1,4,1,4
201731D087017,1,19,0,18,0,1,0,0,0,0,1,1,6,1,-1,-1,1753,2,11,-1,-1,-1
201731D087017,2,9,0,3,0,1,0,0,0,0,2,1,3,2,35,6,996,1,9,7,1,7
201731D087917,1,4,0,17,0,0,0,0,1,9,1,1,6,2,38,7,656,1,8,9,2,9
201731D088817,1,9,0,10,0,1,0,0,0,0,2,1,6,1,24,5,1995,2,5,8,1,8
201731D088817,2,9,0,3,0,1,0,0,0,0,2,1,6,1,35,6,647,8,1,7,3,7
201731D088817,3,19,0,18,0,1,0,0,0,0,1,1,6,1,72,10,1686,2,9,4,1,4
201731D089317,1,19,0,18,0,0,0,0,0,0,1,1,6,1,35,6,2402,2,9,9,3,9
201731D089317,2,9,0,12,0,0,0,0,5,6,2,1,6,2,19,4,1198,1,15,10,2,10
201731D089617,1,9,0,18,0,0,2,0,1,11,1,1,6,1,48,8,1598,1,11,7,1,7
201731D090017,1,9,0,16,0,0,1,0,1,2,4,1,6,1,23,5,1984,1,20,6,1,6
201731D090717,1,9,0,18,0,0,0,0,1,11,1,1,6,1,69,10,1299,1,12,6,1,6
201731D090717,2,9,0,18,0,0,0,0,0,0,1,1,6,1,52,8,1995,2,7,8,1,8
201731D091217,1,9,0,7,0,3,0,0,1,0,1,1,6,1,60,9,1329,1,5,6,1,6
201731D091217,2,1,0,9,0,8,0,0,0,0,3,1,6,1,34,6,-1,-1,-1,4,1,4
201731D091317,1,9,0,18,0,1,0,0,0,0,1,1,6,3,-1,-1,1242,1,5,-1,-1,-1
201731D091317,2,9,0,3,0,1,0,0,0,0,2,1,1,1,41,7,1910,2,9,9,1,9
201731D091617,1,11,0,5,3,8,0,0,0,0,0,1,1,2,52,8,6696,2,3,4,1,4
201731D094017,1,9,0,9,0,6,0,0,0,0,1,1,6,2,21,5,-1,-1,-1,6,2,6
201731D094017,2,9,0,18,0,1,0,0,0,0,3,1,1,1,54,8,1686,2,6,5,1,5
201731D094917,1,9,0,18,0,0,0,0,0,0,1,1,6,1,-1,-1,-1,-1,-1,-1,-1,-1
201731D094917,2,9,0,3,0,0,0,0,0,0,1,1,6,2,25,5,998,1,3,9,1,9
201731D096117,1,1,0,18,0,8,0,0,0,0,4,1,6,1,-1,-1,-1,-1,-1,-1,-1,-1
201731D096117,2,9,0,18,0,8,0,0,0,0,1,1,6,3,-1,-1,-1,-1,-1,-1,-1,-1
201731D096417,1,9,0,9,0,5,0,0,0,0,3,1,6,1,-1,-1,-1,-1,-1,-1,-1,-1
201731D096417,2,1,0,18,0,1,0,0,0,0,1,1,6,1,-1,-1,-1,-1,-1,6,1,6
201731D096517,1,9,0,7,0,6,0,0,0,0,1,1,6,1,-1,-1,1598,1,16,-1,-1,-1
201731D096517,2,9,0,18,0,8,0,0,0,0,4,1,6,2,26,6,1595,1,14,7,1,7
201731D097917,1,8,0,2,0,2,0,0,0,0,4,1,1,1,31,6,1995,2,7,3,1,3
201731D098017,1,1,0,16,0,1,0,10,0,0,1,1,6,1,36,7,-1,-1,-1,4,1,4
201731D098617,1,9,0,18,0,1,0,0,0,0,1,1,6,1,24,5,1149,1,5,-1,-1,-1
201731D098617,2,9,0,4,0,1,0,0,1,11,2,1,6,2,31,6,1248,2,11,8,1,8
201731D098817,1,9,0,3,0,1,0,0,0,0,2,1,6,1,-1,-1,-1,-1,-1,10,1,10
201731D098817,2,9,0,18,0,1,0,0,0,0,1,1,6,1,-1,-1,1797,8,6,-1,-1,-1
201731D098917,1,9,0,18,0,8,0,0,0,0,1,1,2,2,19,4,998,1,7,5,1,5
201731D098917,2,9,0,18,0,8,0,0,0,0,1,1,2,1,50,8,1753,2,15,8,1,8
201731D099217,1,3,0,13,0,8,0,0,0,0,3,1,6,1,28,6,124,1,10,3,1,3
201731D099217,2,9,0,9,0,5,0,0,0,0,0,1,2,1,45,7,1956,2,6,3,1,3
201731D100717,1,19,4,18,0,0,0,0,0,0,1,1,1,1,-1,-1,-1,-1,-1,-1,-1,-1
201731D100717,2,9,0,4,0,0,0,0,0,0,2,1,6,1,26,6,1998,1,13,2,1,2
201731D100717,3,9,0,3,0,0,0,0,0,0,2,1,6,2,78,11,998,1,10,4,1,4
201731D100917,1,5,0,17,0,0,0,10,1,9,1,1,6,1,40,7,689,1,2,6,1,6
201731D101117,1,9,0,9,0,6,0,0,0,0,1,1,6,2,-1,-1,1870,2,8,8,2,8
201731D101117,2,9,0,9,0,5,0,0,0,0,3,1,1,2,24,5,1596,1,8,7,1,7
201731D101617,1,9,0,18,0,0,0,0,6,0,1,1,6,1,44,7,1560,2,3,4,1,4
201731D101617,2,3,0,18,0,0,0,0,0,0,1,1,2,1,38,7,124,1,3,4,1,4
201731D102417,1,9,0,18,0,0,0,0,0,0,1,1,3,1,49,8,1973,1,18,9,1,9
201731D103617,1,9,0,4,0,1,1,0,0,0,1,1,6,1,80,11,1299,1,14,6,1,6
201731D103617,2,9,0,3,0,1,0,0,0,0,2,1,6,1,51,8,1560,2,5,7,1,7
201731D103717,1,9,0,4,0,0,0,0,0,0,2,1,6,2,-1,-1,-1,-1,-1,-1,-1,-1
201731D103717,2,1,0,18,0,0,0,0,0,0,1,1,6,1,27,6,-1,-1,-1,6,1,6
201731D104217,1,9,0,3,0,1,0,0,0,0,4,1,6,1,-1,-1,1395,1,-1,6,1,6
201731D104217,2,1,0,18,0,8,0,0,0,0,1,1,6,1,12,3,-1,-1,-1,4,1,4
201731D105017,1,9,0,18,0,1,0,0,0,0,1,1,6,2,-1,-1,-1,-1,-1,-1,-1,-1
201731D105217,1,3,0,13,0,2,0,0,0,0,4,1,6,1,31,6,124,1,2,3,1,3
201731D105217,2,9,0,18,0,2,0,0,0,0,3,1,6,3,-1,-1,-1,-1,-1,-1,-1,-1
201731D105217,3,9,0,2,0,2,0,0,0,0,2,1,6,1,29,6,-1,-1,-1,-1,-1,-1
201731D106217,1,9,0,9,0,6,0,0,0,0,1,1,6,2,50,8,1598,1,-1,9,1,9
201731D106217,2,9,0,9,0,6,0,0,0,0,1,1,3,2,39,7,998,1,14,2,1,2
201731D106517,1,9,0,18,0,2,0,0,0,0,1,1,6,1,21,5,1968,2,6,7,1,7
201731D106717,1,9,0,4,9,0,0,0,1,0,1,1,6,2,-1,-1,-1,-1,-1,-1,-1,-1
201731D106917,1,9,0,13,0,0,0,0,0,0,4,1,6,1,86,11,998,1,3,9,1,9
201731D106917,2,1,0,18,0,0,0,0,0,0,3,1,1,1,34,6,-1,-1,-1,5,1,5
201731D107417,1,9,0,18,0,2,0,0,0,0,3,1,6,2,-1,-1,995,1,11,-1,-1,-1
201731D107417,2,9,0,11,0,2,0,0,0,0,4,1,6,2,30,6,1796,1,14,2,1,2
201731D107617,1,9,0,18,0,8,0,0,0,0,1,1,6,1,47,8,1598,2,2,10,1,10
201731D107617,2,9,0,5,0,8,0,0,0,0,4,1,6,1,19,4,998,1,16,-1,-1,-1
201731D108017,1,9,0,5,0,0,0,0,1,0,4,1,6,1,-1,-1,-1,-1,-1,-1,-1,-1
201731D108617,1,9,0,17,0,1,1,0,0,0,1,1,6,1,18,4,998,1,11,8,2,8
201731D108617,2,9,0,16,0,8,0,0,0,0,1,1,6,1,44,7,1242,1,8,8,2,8
201731D108817,1,9,0,18,0,0,5,10,1,2,4,1,6,2,18,4,1242,1,12,8,1,8
201731D109117,1,9,0,9,0,6,0,0,0,0,3,1,6,2,53,8,1200,1,1,8,3,8
201731D109117,2,9,0,18,0,8,0,0,0,0,1,1,6,1,69,10,1587,1,22,7,3,7
201731D109917,1,1,0,18,0,2,0,4,0,0,4,1,6,1,13,3,-1,-1,-1,-1,-1,-1
201731D109917,2,1,0,18,0,2,0,0,0,0,4,1,6,1,13,3,-1,-1,-1,10,2,10
201731D109917,3,9,0,2,0,2,0,0,0,0,3,1,6,2,-1,-1,2188,2,15,7,3,7
201731D111117,1,5,0,13,0,8,0,4,7,4,1,1,6,1,15,3,1127,1,27,5,1,5
201731D111117,2,9,0,9,0,5,0,0,0,0,3,1,6,2,68,10,1198,1,7,-1,-1,-1
201731D111117,3,9,0,2,0,2,0,0,0,0,2,1,6,3,-1,-1,2500,2,14,-1,-1,-1
201731D111217,1,1,0,18,5,1,0,0,0,0,1,1,6,1,16,4,-1,-1,-1,5,1,5
201731D111417,1,3,0,18,0,8,0,0,0,0,1,1,2,1,17,4,124,1,12,2,1,2
201731D111417,2,19,0,9,0,5,0,0,0,0,1,1,1,1,31,6,2143,2,2,4,1,4
201731D111617,1,9,0,18,0,8,0,0,0,0,1,1,6,1,32,6,1598,1,8,4,1,4
201731D111617,2,9,0,9,0,6,0,0,0,0,1,1,1,1,47,8,1560,2,7,4,1,4
201731D111917,1,9,0,1,0,1,0,0,0,0,2,1,6,1,-1,-1,1398,1,1,-1,-1,-1
201731D111917,2,9,0,3,0,1,0,0,0,0,1,1,6,2,-1,-1,1968,2,-1,1,1,1
201731D112117,1,9,0,18,0,0,0,0,0,0,1,1,6,2,19,4,998,1,3,8,3,8
201731D112117,2,9,0,4,0,0,0,0,0,0,2,1,6,2,26,6,1197,1,2,9,1,9
201731D112717,1,9,0,18,0,1,0,0,0,0,1,1,6,2,59,9,1560,2,3,4,2,4
201731D112717,2,9,0,4,0,1,0,0,0,0,2,1,6,1,65,9,1591,1,7,6,3,6
201731D112817,1,9,0,18,0,1,1,0,7,4,1,1,6,2,35,6,1598,2,1,9,1,9
201731D113717,1,19,0,18,0,0,1,0,1,9,3,1,2,1,42,7,1868,2,13,8,1,8
201731D113717,2,9,0,13,0,0,0,0,0,0,4,1,6,3,-1,-1,-1,-1,-1,-1,-1,-1
201731D113917,1,9,0,1,0,0,0,10,0,0,4,1,6,1,44,7,898,1,1,2,1,2
201731D114017,1,9,0,16,0,4,0,0,0,0,3,1,6,1,60,9,1910,2,16,6,1,6
201731D114017,2,9,0,16,0,8,0,0,0,0,1,1,6,1,29,6,1198,1,13,9,1,9
201731D114517,1,9,0,18,0,0,0,0,0,0,1,1,6,1,18,4,1299,1,13,-1,-1,-1
201731D114517,2,19,0,18,0,0,0,0,0,0,1,1,6,1,70,10,1248,2,10,7,1,7
201731D114517,3,9,0,18,0,0,0,0,1,0,1,1,6,1,34,6,1840,1,16,7,1,7
201731D114817,1,4,0,18,0,6,0,0,0,0,3,1,6,1,16,4,-1,-1,-1,7,1,7
201731D114817,2,9,0,18,0,8,0,0,0,0,1,1,6,1,23,5,-1,-1,-1,4,1,4
201731D115117,1,11,0,9,0,6,0,0,0,0,1,1,1,1,-1,-1,4250,2,3,-1,-1,-1
201731D115117,2,9,0,18,0,8,0,0,0,0,3,1,6,2,51,8,1197,1,2,8,3,8
201731D115417,1,9,0,18,0,0,0,0,0,0,1,1,2,1,36,7,1390,1,6,5,2,5
201731D115417,2,1,0,18,0,0,0,0,0,0,1,1,6,1,12,3,-1,-1,-1,2,1,2
201731D115917,1,9,0,18,0,0,0,0,0,0,0,1,6,3,-1,-1,1999,2,2,-1,-1,-1
201731D116017,1,19,0,9,0,6,0,0,0,0,3,1,6,1,78,11,1560,2,10,10,2,10
201731D116017,2,1,0,18,0,8,0,0,0,0,1,1,6,2,30,6,-1,-1,-1,10,1,10
201731D116117,1,9,0,18,0,1,0,0,0,0,1,1,6,1,-1,-1,1686,2,14,6,3,6
201731D116117,2,9,0,3,0,1,0,0,0,0,2,1,6,1,40,7,3800,1,4,8,3,8
201731D116217,1,9,0,18,0,1,5,0,0,0,1,1,6,1,21,5,999,1,2,2,1,2
201731D116217,2,9,0,9,0,5,0,10,0,0,2,1,6,1,68,10,1598,1,9,3,1,3
201731D116317,1,9,0,9,0,5,0,0,0,0,1,1,6,1,-1,-1,-1,-1,-1,3,1,3
201731D116317,2,1,0,18,0,8,0,0,0,0,1,1,6,1,24,5,-1,-1,-1,6,2,6
201731D117017,1,5,0,13,0,8,0,0,1,11,1,1,6,1,21,5,599,1,19,5,1,5
201731D117017,2,9,0,9,0,5,0,0,0,0,3,1,6,2,46,8,1248,1,1,8,1,8
201731D117617,1,9,0,9,0,5,0,0,0,0,1,1,2,1,49,8,1956,2,3,10,3,10
201731D117617,2,9,0,18,0,8,0,0,0,0,1,1,1,2,30,6,1598,1,10,5,1,5
201731D118117,1,9,0,18,0,1,0,7,0,0,1,1,6,2,45,7,1998,1,9,7,2,7
201731D119117,1,9,0,18,0,0,0,0,0,0,2,1,6,2,60,9,1560,2,2,5,3,5
201731D119117,2,19,0,11,0,0,0,0,0,0,1,1,1,1,-1,-1,-1,-1,-1,3,1,3
201731D119717,1,9,0,18,0,1,1,0,0,0,1,1,6,1,19,4,1596,1,4,9,2,9
201731D119717,2,9,0,3,0,1,0,0,0,0,2,1,3,2,39,7,1995,2,5,10,2,10
201731D120617,1,4,0,13,0,8,0,0,0,0,1,1,6,1,27,6,499,1,31,-1,-1,-1
201731D120617,2,9,0,9,0,5,0,0,0,0,3,1,6,2,46,8,1596,1,5,7,1,7
201731D120717,1,9,0,6,0,0,0,0,0,0,3,1,6,2,36,7,1598,1,7,8,1,8
201731D120717,2,5,0,13,0,0,0,0,0,0,1,1,6,1,47,8,899,1,25,1,1,1
201731D120817,1,9,0,18,0,0,0,0,0,0,1,1,6,3,-1,-1,-1,-1,-1,-1,-1,-1
201731D120817,2,11,0,2,0,0,0,0,0,0,2,1,1,1,45,7,9000,2,13,2,1,2
201731D121017,1,9,0,9,0,5,0,0,0,0,1,1,6,1,29,6,1999,1,12,9,2,9
201731D121017,2,9,0,18,0,8,0,0,0,0,3,1,2,2,47,8,1388,1,13,4,1,4
201731D122117,1,9,0,18,0,8,0,0,0,0,1,1,6,2,70,10,1497,8,1,10,3,10
201731D122117,2,9,0,18,0,8,0,0,0,0,2,1,6,1,29,6,1329,1,2,2,1,2
201731D122117,3,9,0,18,0,2,0,0,0,0,2,1,6,2,36,7,1998,2,8,7,1,7
201731D123017,1,9,0,18,9,0,0,0,7,1,1,1,6,2,59,9,1296,1,10,10,1,10
201731D123017,2,9,0,18,9,0,0,0,0,0,2,1,6,1,23,5,-1,-1,-1,9,1,9
201731D123517,1,9,0,16,0,0,1,0,0,0,1,1,2,1,37,7,1596,1,16,-1,-1,-1
201731D123517,2,9,0,18,0,0,0,0,1,0,1,1,1,1,53,8,1396,2,-1,-1,-1,-1
201731D124417,1,3,0,16,0,0,1,0,0,0,4,1,2,2,24,5,125,1,1,8,2,8
201731D124817,1,9,0,18,0,0,0,0,2,1,1,1,6,2,70,10,1598,1,7,10,2,10
201731D125017,1,9,0,9,0,5,0,0,0,0,1,1,6,2,88,11,1595,1,12,10,2,10
201731D125017,2,21,1,18,0,8,0,0,0,0,1,1,1,1,48,8,12900,2,3,7,1,7
201731D125217,1,1,0,18,0,0,0,0,1,0,4,1,6,1,14,3,-1,-1,-1,7,2,7
201731D125217,2,9,0,13,0,0,0,0,0,0,0,1,6,1,-1,-1,-1,-1,-1,-1,-1,-1
201731D125417,1,9,0,9,0,5,0,0,0,0,1,1,2,1,73,10,1587,1,10,10,1,10
201731D125417,2,9,0,18,0,8,0,0,0,0,1,1,6,2,65,9,1598,1,7,9,1,9
201731D125417,3,9,0,18,0,1,0,0,0,0,1,1,2,2,27,6,998,1,7,4,1,4
201731D125717,1,9,0,7,0,5,0,10,3,1,1,1,6,1,53,8,2597,1,16,9,1,9
201731D127517,1,9,0,9,0,5,0,0,0,0,1,1,6,1,36,7,1598,1,19,4,1,4
201731D127517,2,9,0,18,0,8,0,0,0,0,1,1,6,1,42,7,998,1,3,8,1,8
201731D127517,3,9,0,4,0,1,0,0,0,0,1,1,6,2,17,4,1229,1,3,10,1,10
201731D129117,1,9,0,17,0,0,0,0,1,4,1,1,6,3,-1,-1,1685,2,4,-1,-1,-1
201731D129517,1,1,0,18,0,0,0,10,0,0,1,1,6,1,41,7,-1,-1,-1,2,1,2
201731D130817,1,9,0,9,0,5,0,0,0,0,1,1,6,2,26,6,998,1,9,4,1,4
201731D130817,2,5,0,18,0,8,0,0,0,0,3,1,6,1,66,10,744,1,39,2,1,2
201731D131117,1,9,0,18,0,0,0,0,0,0,1,1,6,2,23,5,1149,1,15,5,1,5
201731D131117,2,9,0,3,0,0,0,0,0,0,2,1,6,2,34,6,1598,1,8,4,1,4
201731D131117,3,9,0,3,0,0,0,0,0,0,2,1,6,2,30,6,1598,2,-1,5,1,5
201731D131117,4,9,0,18,0,0,0,0,0,0,1,1,6,1,37,7,1896,2,15,4,1,4
201731D131517,1,2,0,18,0,0,0,0,0,0,1,1,6,1,16,4,49,1,9,6,1,6
201731D132317,1,3,0,18,0,0,1,0,0,0,4,1,2,1,19,4,124,1,17,10,2,10
201731D132317,2,9,0,18,0,0,0,0,0,0,3,1,6,1,53,8,2199,2,5,9,1,9
201731D132517,1,9,0,9,0,6,0,0,0,0,3,1,6,2,88,11,1197,1,6,8,2,8
201731D132517,2,9,0,18,0,8,0,0,1,0,1,1,6,2,27,6,1461,2,3,9,1,9
201731D132617,1,9,0,4,0,1,0,0,0,0,1,1,2,1,60,9,1995,2,7,6,2,6
201731D132617,2,9,0,3,0,1,0,0,0,0,2,1,2,2,40,7,1360,1,5,10,2,10
201731D132617,3,9,0,3,0,1,0,0,0,0,2,1,2,1,41,7,1560,2,10,4,1,4
201731D132717,1,9,0,7,0,6,0,0,0,0,3,1,6,1,19,4,999,1,11,9,3,9
201731D132717,2,9,0,16,0,8,0,0,0,0,1,1,6,1,36,7,1796,1,17,6,1,6
201731D133217,1,9,0,18,0,1,0,0,1,1,4,1,6,1,-1,-1,2967,2,13,-1,-1,-1
201731D133217,2,9,0,18,0,1,0,0,0,0,3,1,6,1,22,5,1364,1,9,4,1,4
201731D133217,3,9,0,18,0,1,0,0,0,0,3,1,6,2,47,8,998,1,10,9,1,9
201731D133217,4,9,0,2,9,2,0,0,0,0,3,1,6,1,-1,-1,1968,2,5,-1,-1,-1
201731D133217,5,9,0,2,9,2,0,0,0,0,0,1,6,1,-1,-1,1796,1,13,-1,-1,-1
201731D133217,6,9,0,2,9,2,0,0,0,0,2,1,6,1,-1,-1,1968,2,11,-1,-1,-1
201731D133217,7,9,0,2,9,2,0,0,0,0,1,1,6,1,-1,-1,1910,2,12,-1,-1,-1
201731D133217,8,9,0,2,9,2,0,0,0,0,1,1,6,1,-1,-1,-1,-1,-1,-1,-1,-1
201731D133217,9,9,0,2,9,2,0,0,0,0,2,1,6,1,-1,-1,1798,1,2,-1,-1,-1
201731D133217,10,19,0,2,9,2,0,0,0,0,2,1,6,1,-1,-1,1560,2,4,-1,-1,-1
201731D134517,1,9,0,18,0,8,1,0,0,0,1,1,6,1,26,6,2000,2,13,4,2,4
201731D134517,2,9,0,3,0,8,0,0,0,0,2,1,6,1,21,5,1968,2,1,10,2,10
201731D135217,1,9,0,18,0,0,0,7,0,0,1,1,6,2,42,7,1686,2,7,10,2,10
201731D135817,1,9,0,18,0,8,0,0,0,0,1,1,6,2,26,6,1242,1,7,10,1,10
201731D135817,2,19,0,18,0,8,0,0,0,0,4,1,6,1,31,6,1598,2,-1,1,1,1
201731D135917,1,9,0,9,0,6,0,0,0,0,3,1,6,1,69,10,1950,2,1,5,3,5
201731D135917,2,19,0,18,0,8,1,0,0,0,1,1,1,1,65,9,2384,2,24,10,2,10
201731D136617,1,21,0,5,0,8,0,0,0,0,1,1,1,1,49,8,12900,2,5,6,1,6
201731D136617,2,19,0,3,0,8,0,0,0,0,2,1,1,1,57,9,-1,-1,-1,6,1,6
201731D136717,1,5,0,16,0,0,1,0,8,2,3,1,2,1,25,5,636,1,14,5,2,5
201731D136917,1,9,0,9,0,6,0,0,0,0,3,1,6,2,20,4,1360,1,10,8,3,8
201731D136917,2,9,0,18,0,8,0,0,0,0,1,1,2,2,35,6,2401,2,15,7,2,7
201731D137117,1,9,0,18,0,0,0,0,0,0,1,1,6,1,59,9,1896,2,10,6,1,6
201731D137117,2,9,0,18,0,0,0,0,0,0,2,1,6,1,28,6,1242,1,11,9,2,9
201731D137217,1,9,0,18,0,0,0,0,0,0,1,1,2,1,33,6,1299,1,15,7,2,7
201731D137217,2,9,0,3,0,0,0,0,0,0,2,1,2,1,53,8,2204,2,8,9,3,9
201731D138517,1,9,0,12,0,1,0,0,0,0,1,1,6,1,44,7,1956,2,8,5,2,5
201731D138517,2,9,0,18,0,1,0,0,0,0,2,1,6,1,50,8,1796,1,9,2,1,2
201731D138617,1,9,0,5,0,0,0,0,0,0,1,1,1,1,20,4,1598,1,13,5,1,5
201731D138617,2,9,0,18,0,0,0,0,0,0,1,1,1,1,78,11,1198,1,8,7,1,7
201731D138617,3,9,0,2,0,0,0,0,0,0,3,1,6,3,-1,-1,1199,1,13,-1,-1,-1
201731D138817,1,9,0,18,0,1,0,10,1,11,1,1,6,1,83,11,1198,1,3,7,1,7
201731D138917,1,9,0,18,0,0,0,0,0,0,1,1,6,1,24,5,1329,1,8,4,2,4
201731D138917,2,9,0,3,0,0,0,0,0,0,2,1,2,1,23,5,998,1,12,10,1,10
201731D139317,1,9,0,7,0,6,0,0,0,0,4,1,6,1,70,10,1360,1,11,8,2,8
201731D139317,2,1,0,18,0,8,0,0,0,0,2,1,6,2,58,9,-1,-1,-1,10,2,10
201731D139617,1,8,0,18,0,1,0,0,0,0,1,1,1,3,-1,-1,-1,-1,-1,-1,-1,-1
201731D139617,2,3,0,18,0,1,0,0,0,0,2,1,2,1,28,6,-1,-1,-1,4,1,4
201731D139917,1,90,0,18,0,0,0,0,7,10,1,1,6,1,20,4,-1,-1,-1,5,2,5
201731D139917,2,19,0,2,0,0,0,0,0,0,4,1,6,3,-1,-1,1995,2,9,-1,-1,-1
201731D140517,1,9,0,9,0,6,0,0,0,0,1,1,1,2,67,10,1956,2,5,3,1,3
201731D140517,2,9,0,18,0,8,0,0,0,0,3,1,1,2,35,6,1560,2,2,9,1,9
201731D140717,1,5,0,17,0,0,1,0,1,9,1,1,6,1,52,8,1340,1,9,2,1,2
201731D140717,2,19,0,3,0,0,0,0,0,0,2,1,6,1,31,6,1248,2,9,9,2,9
201731D140917,1,9,0,9,0,6,0,0,0,0,0,1,6,1,40,7,1598,2,4,6,1,6
201731D140917,2,5,0,14,0,1,0,0,0,0,0,1,6,1,23,5,600,1,19,3,1,3
201731D141317,1,9,0,9,0,8,0,0,0,0,1,1,6,2,49,8,1968,2,10,2,1,2
201731D141617,1,9,0,5,0,1,0,0,0,0,1,1,6,3,-1,-1,-1,-1,-1,-1,-1,-1
201731D141617,2,9,0,3,0,1,0,0,0,0,2,1,2,2,28,6,1388,1,10,2,1,2
201731D141617,3,9,0,3,0,1,0,0,0,0,2,1,6,1,31,6,1968,2,2,8,1,8
201731D141617,4,9,0,3,0,1,0,0,0,0,2,1,6,1,41,7,2987,2,12,2,1,2
201731D142017,1,9,0,18,0,0,0,0,0,0,4,1,6,2,78,11,1388,1,8,8,1,8
201731D142217,1,5,0,7,0,1,1,10,3,0,4,1,2,1,57,9,919,1,12,7,2,7
201731D142417,1,9,0,9,0,5,0,0,0,0,1,1,6,1,20,4,1198,1,11,7,1,7
201731D142417,2,9,0,18,0,8,0,0,0,0,1,1,6,1,18,4,999,1,3,10,1,10
201731D142417,3,9,0,3,0,1,0,0,0,0,3,1,6,2,46,8,1587,1,15,10,1,10
201731D142717,1,1,0,18,0,0,0,0,1,0,1,1,6,1,26,6,-1,-1,-1,-1,-1,-1
201731D143317,1,9,0,9,0,5,0,0,0,0,4,1,1,1,37,7,1598,2,1,3,1,3
201731D143317,2,9,0,18,0,1,0,0,0,0,1,1,1,2,35,6,1598,2,4,9,1,9
201731D144317,1,9,0,9,0,6,0,0,0,0,1,1,2,2,17,4,1896,2,13,3,1,3
201731D144317,2,9,0,18,0,8,0,0,0,0,4,1,6,1,77,11,1586,1,9,3,1,3
201731D144717,1,9,0,18,0,0,0,0,0,0,1,1,6,2,46,8,1997,2,10,5,2,5
201731D144717,2,9,0,4,0,0,0,0,0,0,2,1,6,2,50,8,1968,2,2,10,3,10
201731D145317,1,20,1,12,0,0,0,0,0,0,3,1,6,3,-1,-1,-1,-1,-1,-1,-1,-1
201731D145317,2,9,0,18,0,0,0,0,0,0,4,1,2,2,36,7,1490,1,11,2,1,2
201731D145517,1,9,0,18,0,0,0,0,0,0,1,1,6,1,-1,-1,-1,-1,-1,-1,-1,-1
201731D145517,2,9,0,18,0,0,0,0,0,0,2,1,6,2,-1,-1,-1,-1,-1,-1,-1,-1
201731D145917,1,5,0,18,0,0,0,0,7,9,1,1,6,1,52,8,1002,1,20,3,1,3
201731D146517,1,9,0,18,0,1,0,0,0,0,1,1,6,3,-1,-1,-1,-1,-1,-1,-1,-1
201731D146517,2,9,0,9,0,5,0,0,0,0,2,1,6,2,32,6,1995,2,11,6,1,6
201731D146617,1,9,0,9,0,5,0,0,0,0,3,1,6,1,36,7,1560,2,4,6,1,6
201731D146617,2,3,0,14,0,8,0,0,0,0,1,1,6,1,24,5,124,1,6,1,1,1
201731D147217,1,9,0,9,0,5,0,0,7,9,4,1,6,2,71,10,1299,1,9,10,2,10
201731D147217,2,9,0,18,0,1,0,0,1,9,1,1,6,2,21,5,1248,2,6,2,1,2
201731D147317,1,9,0,18,0,0,0,0,0,0,1,1,6,2,-1,-1,1390,1,7,-1,-1,-1
201731D147317,2,9,0,18,0,0,0,0,0,0,2,1,6,2,21,5,1242,1,10,3,2,3