Accident_Index,Vehicle_Reference,Vehicle_Type,Towing_and_Articulation,Vehicle_Manoeuvre,Vehicle_Location-Restricted_Lane,Junction_Location,Skidding_and_Overturning,Hit_Object_in_Carriageway,Vehicle_Leaving_Carriageway,Hit_Object_off_Carriageway,1st_Point_of_Impact,Was_Vehicle_Left_Hand_Drive?,Journey_Purpose_of_Driver,Sex_of_Driver,Age_of_Driver,Age_Band_of_Driver,Engine_Capacity_(CC),Propulsion_Code,Age_of_Vehicle,Driver_IMD_Decile,Driver_Home_Area_Type,Vehicle_IMD_Decile
201731D147917,1,9,0,13,0,0,1,0,1,1,1,1,2,2,27,6,1598,2,1,4,1,4
201731D147917,2,9,0,18,0,0,0,0,1,1,2,1,2,1,30,6,998,1,21,-1,-1,-1
201731D148017,1,9,0,18,0,1,0,0,0,0,1,1,6,2,60,9,1975,1,7,9,2,9
201731D148017,2,9,0,10,0,1,0,0,0,0,2,1,6,2,51,8,1242,1,17,10,2,10
201731D148417,1,9,0,18,0,8,0,0,0,0,1,1,6,1,18,4,998,1,11,2,1,2
201731D148417,2,19,0,18,0,8,0,0,0,0,2,1,6,1,63,9,1248,2,-1,10,2,10
201731D148417,3,9,0,18,0,2,0,0,0,0,2,1,6,1,32,6,1598,1,12,-1,-1,-1
201731D148617,1,9,0,18,0,0,0,0,0,0,1,1,1,2,23,5,2000,2,8,8,1,8
201731D148617,2,9,0,3,0,0,0,0,0,0,2,1,1,1,47,8,1997,2,5,8,1,8
201731D148617,3,9,0,18,0,0,0,0,0,0,2,1,1,2,28,6,1229,1,6,6,1,6
201731D148617,4,9,0,4,0,0,0,0,0,0,0,1,6,3,-1,-1,1242,1,-1,-1,-1,-1
201731D149017,1,9,0,18,0,2,0,0,0,0,4,1,6,3,-1,-1,-1,-1,-1,-1,-1,-1
201731D149217,1,9,0,18,0,0,5,0,7,11,3,1,2,1,41,7,1596,1,13,4,1,4
201731D149517,1,9,0,18,0,0,0,0,0,0,1,1,6,2,19,4,1149,1,15,1,1,1
201731D149517,2,19,0,4,0,0,0,0,0,0,2,1,1,1,22,5,1598,2,3,5,1,5
201731D149817,1,9,0,7,0,5,0,0,0,0,4,1,6,1,78,11,1242,1,2,8,1,8
201731D150017,1,9,0,2,0,2,0,0,0,0,2,1,6,1,60,9,1598,2,4,9,2,9
201731D150017,2,9,0,18,0,1,1,4,0,0,4,1,6,1,45,7,2179,2,3,9,2,9
201731D150517,1,9,0,18,0,8,0,0,0,0,4,1,6,3,-1,-1,-1,-1,-1,-1,-1,-1
201731D150517,2,1,0,7,0,6,0,0,0,0,1,1,6,1,14,3,-1,-1,-1,5,2,5
201731D150617,1,9,0,17,0,0,5,0,1,9,1,1,6,2,26,6,1596,1,6,8,1,8
201731D150717,1,9,0,18,0,0,0,0,0,0,1,1,6,1,78,11,1339,1,12,8,1,8
201731D150717,2,9,0,3,0,0,0,0,0,0,2,1,6,1,67,10,2495,2,16,8,3,8
201731D150917,1,9,0,18,0,0,0,0,0,0,3,1,6,1,37,7,1598,1,6,3,1,3
201731D150917,2,19,0,18,0,0,0,0,0,0,3,1,6,1,44,7,1870,2,12,5,2,5
201731D150917,3,9,0,18,0,0,0,0,0,0,3,1,6,1,61,9,2000,1,12,9,2,9
201731D150917,4,9,0,18,0,0,0,0,0,0,1,1,6,1,49,8,1956,2,8,-1,-1,-1
201731D151417,1,11,0,18,0,1,0,0,0,0,1,1,1,1,36,7,9186,2,4,6,2,6
201731D151417,2,21,1,9,0,5,0,0,0,0,4,1,1,1,41,7,-1,-1,-1,-1,-1,-1
201731D151717,1,9,0,18,0,4,0,0,0,0,1,1,6,1,42,7,-1,-1,-1,-1,-1,-1
201731D151717,2,11,0,7,0,8,0,0,0,0,1,1,1,1,44,7,9000,5,-1,1,1,1
201731D151917,1,11,0,5,0,2,0,0,0,0,1,1,1,1,46,8,6374,2,10,2,1,2
201731D152117,1,9,0,16,0,0,0,0,0,0,1,1,6,2,26,6,1560,2,5,1,1,1
201731D152117,2,9,0,17,0,0,0,0,1,9,1,1,6,1,35,6,1798,1,10,8,2,8
201731D152917,1,2,0,17,0,0,0,0,0,0,4,1,6,1,16,4,50,1,1,-1,-1,-1
201731D153317,1,5,0,18,0,1,1,0,0,0,4,1,6,1,26,6,750,1,12,2,1,2
201731D154417,1,19,0,18,0,1,0,0,0,0,1,1,6,3,-1,-1,2198,2,5,-1,-1,-1
201731D154417,2,9,0,10,0,1,0,0,0,0,2,1,6,2,33,6,-1,-1,-1,10,1,10
201731D155017,1,9,0,18,0,1,0,0,0,0,3,1,6,2,33,6,-1,-1,-1,10,3,10
201731D155017,2,1,0,18,0,1,1,0,0,0,1,1,6,1,12,3,-1,-1,-1,2,1,2
201731D155217,1,9,0,18,0,8,0,0,0,0,1,1,6,1,31,6,1796,2,2,10,1,10
201731D155217,2,9,0,18,0,8,5,0,0,0,3,1,6,1,20,4,1149,1,15,7,1,7
201731D156117,1,9,0,13,0,0,0,0,0,0,1,1,6,2,-1,-1,1796,1,6,10,1,10
201731D156117,2,1,0,18,0,0,0,0,0,0,2,1,6,1,-1,-1,-1,-1,-1,9,1,9
201731D156217,1,20,0,13,0,0,0,0,0,0,4,1,6,3,-1,-1,-1,-1,-1,-1,-1,-1
201731D156217,2,9,0,18,0,0,0,0,1,0,3,1,2,1,27,6,1560,2,9,8,1,8
201731D156317,1,19,0,18,0,1,0,0,0,0,1,1,6,1,32,6,2143,2,3,8,1,8
201731D156317,2,9,0,10,0,5,0,0,0,0,2,1,1,2,35,6,-1,-1,-1,4,1,4
201731D156417,1,9,0,16,0,1,0,0,0,0,3,1,2,1,47,8,1600,1,5,10,1,10
201731D156817,1,9,0,18,0,1,0,0,0,0,1,1,2,2,27,6,1499,1,2,9,1,9
201731D156817,2,9,0,4,0,1,0,0,0,0,2,1,6,1,28,6,1598,2,6,9,2,9
201731D157517,1,9,0,16,0,0,1,10,7,11,1,1,6,1,21,5,1149,1,12,10,1,10
201731D158217,1,11,0,18,0,8,0,0,0,0,4,1,1,1,60,9,9000,2,14,1,1,1
201731D158217,2,9,0,9,0,6,0,0,0,0,1,1,6,1,86,11,-1,-1,-1,10,1,10
201731D158517,1,9,0,18,0,1,0,4,0,0,1,1,6,1,50,8,1596,1,8,7,2,7
201731D158517,2,9,0,2,0,1,0,0,0,0,3,1,6,3,-1,-1,1998,1,-1,-1,-1,-1
201731D158617,1,9,0,18,0,1,0,4,1,3,1,1,6,1,49,8,2393,2,1,10,1,10
201731D158617,2,9,0,2,0,1,0,0,7,0,1,1,6,3,-1,-1,1389,1,15,-1,-1,-1
201731D158617,3,9,0,2,0,2,0,0,0,0,2,1,6,3,-1,-1,1600,2,6,-1,-1,-1
201731D159117,1,9,0,9,0,6,0,0,0,0,1,1,6,1,-1,-1,-1,-1,-1,-1,-1,-1
201731D159117,2,9,0,18,0,8,0,0,0,0,4,1,6,1,59,9,1596,1,12,2,1,2
201731D159817,1,1,0,18,0,0,0,10,0,0,1,1,6,1,69,10,-1,-1,-1,8,1,8
201731D160217,1,9,0,13,0,0,1,0,7,9,1,1,6,1,21,5,1388,1,12,3,2,3
201731D160217,2,19,0,17,0,0,0,0,0,0,3,1,1,1,50,8,-1,-1,-1,-1,-1,-1
201731D161117,1,9,0,1,0,0,0,0,0,0,2,1,6,1,93,11,1248,1,6,9,1,9
201731D161117,2,9,0,2,0,0,0,0,0,0,1,1,6,1,73,10,2521,7,12,4,1,4
201731D161917,1,19,0,13,0,0,0,0,0,0,3,1,1,1,31,6,1968,2,1,1,1,1
201731D161917,2,5,0,13,0,0,0,0,0,0,4,1,6,1,58,9,800,1,6,9,1,9
201731D163217,1,9,0,3,0,1,0,0,0,0,2,1,6,2,47,8,1198,1,10,2,1,2
201731D163217,2,9,0,18,0,1,0,0,0,0,1,1,6,1,-1,-1,1989,1,17,1,1,1
201731D163417,1,9,0,17,0,0,0,0,0,0,1,1,2,1,43,7,1598,1,9,-1,-1,-1
201731D163417,2,9,0,17,0,0,1,0,0,0,1,1,2,1,43,7,3628,2,10,-1,-1,-1
201731D163617,1,9,0,18,0,0,0,10,1,4,4,1,6,1,22,5,-1,-1,-1,6,1,6
201731D163817,1,9,0,18,0,1,0,0,0,0,1,1,6,1,22,5,1198,1,2,6,1,6
201731D163817,2,9,0,3,0,1,0,0,0,0,2,1,6,2,36,7,1198,1,9,9,2,9
201731D164217,1,8,0,7,0,6,0,0,0,0,1,1,1,1,36,7,1998,2,8,4,1,4
201731D164517,1,9,0,9,0,5,0,0,0,0,1,1,6,2,18,4,998,1,8,1,1,1
201731D164517,2,9,0,18,0,8,0,0,0,0,1,2,6,1,29,6,-1,-1,-1,-1,-1,-1
201731D164817,1,9,0,18,0,0,0,10,1,0,4,1,6,1,31,6,1796,1,13,2,1,2
201731D165617,1,9,0,18,0,0,0,0,0,0,1,1,6,1,32,6,1968,2,6,5,1,5
201731D166217,1,9,0,9,0,5,0,0,0,0,1,1,6,1,88,11,-1,-1,-1,8,1,8
201731D166217,2,9,0,18,0,8,0,0,0,0,1,1,6,2,45,7,1598,2,4,8,1,8
201731D166517,1,9,0,9,0,6,0,0,0,0,3,1,6,1,44,7,1998,1,3,10,2,10
201731D166617,1,9,0,18,0,2,0,0,0,0,1,1,6,1,43,7,1560,2,4,8,1,8
201731D166917,1,3,0,18,0,1,1,0,0,0,1,1,6,1,24,5,125,1,2,-1,-1,-1
201731D166917,2,9,0,4,0,1,0,0,0,0,2,1,2,1,31,6,1598,1,16,-1,-1,-1
201731D167717,1,9,0,9,0,6,0,0,0,0,1,1,6,2,65,9,1798,8,1,10,2,10
201731D167717,2,9,0,17,0,8,0,0,0,0,1,1,6,1,21,5,1900,2,16,-1,-1,-1
201731D168017,1,5,0,18,0,1,0,0,1,0,1,1,6,1,53,8,1170,1,9,8,3,8
201731D168017,2,9,0,3,0,1,0,0,0,0,2,1,6,2,44,7,998,1,-1,9,2,9
201731D168217,1,5,0,13,0,8,0,0,0,0,1,1,1,1,26,6,599,1,13,3,1,3
201731D168217,2,9,0,9,0,6,0,0,0,0,3,1,6,2,62,9,1587,1,16,10,1,10
201731D169417,1,9,0,9,0,6,0,0,0,0,1,1,6,2,71,10,1400,1,13,8,1,8
201731D169417,2,9,0,9,0,5,0,0,0,0,3,1,6,1,44,7,1497,8,3,10,1,10
201731D170517,1,9,0,18,0,8,0,0,1,11,1,1,2,2,18,4,1796,1,10,-1,-1,-1
201731D170517,2,9,0,18,0,8,0,0,7,1,4,1,2,2,20,4,-1,-1,-1,8,1,8
201731D170617,1,1,0,18,0,1,0,0,0,0,1,1,6,1,53,8,-1,-1,-1,-1,-1,-1
201731D170817,1,9,0,16,0,0,2,0,1,9,4,1,1,2,19,4,1560,2,8,-1,-1,-1
201731D171117,1,1,0,18,0,0,0,0,0,0,3,1,6,2,11,3,-1,-1,-1,8,1,8
201731D171117,2,10,0,18,0,0,0,0,0,0,1,1,1,1,56,9,2999,2,5,6,2,6
201731D171217,1,9,0,9,0,6,0,0,0,0,1,1,6,1,31,6,1397,1,15,5,1,5
201731D171217,2,3,0,18,0,8,0,0,0,0,1,1,6,1,33,6,124,1,12,7,2,7
201731D171517,1,9,0,18,0,8,0,0,0,0,1,1,6,1,56,9,1598,1,5,7,3,7
201731D171517,2,1,0,18,0,8,0,0,0,0,3,1,6,1,29,6,-1,-1,-1,5,2,5
201731D171817,1,9,0,13,0,2,0,0,0,0,1,1,2,1,27,6,2000,2,12,4,1,4
201731D171817,2,9,0,18,0,1,0,0,0,0,1,1,2,1,56,9,2198,2,10,10,2,10
201731D172317,1,9,0,7,0,6,0,0,0,0,3,1,6,1,83,11,1596,1,17,3,1,3
201731D172317,2,3,0,16,0,8,0,0,0,0,1,1,6,1,27,6,124,1,6,5,1,5
201731D174617,1,9,0,18,0,0,0,0,0,0,1,1,6,3,-1,-1,-1,-1,-1,-1,-1,-1
201731D174617,2,1,0,18,0,0,0,0,0,0,2,1,6,1,-1,-1,-1,-1,-1,1,1,1
201731D175417,1,9,0,18,0,1,0,0,0,0,1,1,6,2,30,6,1998,2,13,1,1,1
201731D175417,2,9,0,4,0,1,0,0,0,0,2,1,6,1,65,9,2000,1,12,8,1,8
201731D176317,1,9,0,7,0,8,0,0,0,0,4,1,6,1,-1,-1,-1,-1,-1,-1,-1,-1
201731D176317,2,9,0,7,0,8,0,0,0,0,3,1,1,1,35,6,1686,2,4,2,1,2
201731D176417,1,9,0,18,0,0,0,0,0,0,1,1,6,1,18,4,1368,1,10,9,1,9
201731D176417,2,9,0,4,0,0,0,0,0,0,2,1,2,2,32,6,998,1,4,5,1,5
201731D176717,1,9,0,1,0,6,0,0,0,0,4,1,6,1,69,10,1596,1,17,7,1,7
201731D176717,2,9,0,18,0,8,0,0,0,0,1,1,6,1,18,4,1242,1,6,4,1,4
201731D176817,1,9,0,7,0,6,0,0,0,0,1,1,6,2,41,7,1360,1,10,10,1,10
201731D176817,2,9,0,18,0,8,0,0,0,0,4,1,6,1,56,9,5461,1,11,1,1,1
201731D177017,1,9,0,5,0,6,0,0,0,0,1,1,6,2,43,7,2184,2,7,9,1,9
201731D177117,1,9,0,18,0,8,0,0,0,0,1,1,6,1,77,11,999,1,1,5,1,5
201731D177117,2,9,0,18,0,4,0,0,0,0,3,1,6,2,34,6,2438,1,19,4,1,4
201731D177217,1,5,0,18,0,2,0,0,0,0,1,1,6,1,24,5,599,1,13,7,1,7
201731D177217,2,9,0,7,0,6,0,0,0,0,2,1,6,2,30,6,1997,2,15,2,1,2
201731D178117,1,9,0,6,0,0,0,0,0,0,1,1,6,2,23,5,1198,1,6,3,1,3
201731D178117,2,9,0,13,0,0,0,0,0,0,1,1,6,1,20,4,1984,1,14,9,1,9
201731D178317,1,9,0,9,0,5,0,0,7,0,1,1,6,2,45,7,1995,2,4,10,1,10
201731D178317,2,9,0,18,0,8,0,0,0,0,1,1,6,1,77,11,1596,1,6,7,1,7
201731D178517,1,9,0,18,0,8,0,0,0,0,4,1,6,1,46,8,1995,2,7,2,1,2
201731D178617,1,9,0,9,0,6,0,0,0,0,1,1,1,1,46,8,1496,2,1,5,1,5
201731D178617,2,9,0,18,0,8,0,0,0,0,1,1,1,1,50,8,-1,-1,-1,1,1,1
201731D179617,1,9,0,18,0,2,0,0,0,0,1,1,6,2,45,7,1995,2,1,10,3,10
201731D179617,2,9,0,3,0,2,0,0,0,0,2,1,6,1,34,6,2143,2,2,7,3,7
201731D179817,1,9,0,9,0,4,0,0,0,0,3,1,2,2,19,4,1242,1,10,1,1,1
201731D179817,2,9,0,18,0,8,0,0,0,0,1,1,2,2,36,7,1997,2,7,9,1,9
201731D180317,1,9,0,18,0,1,0,0,0,0,4,1,1,2,59,9,1968,2,3,10,1,10
201731D180417,1,9,0,17,0,2,0,0,1,11,1,1,6,1,34,6,1589,1,17,9,1,9
201731D180517,1,9,0,9,0,6,0,0,0,0,3,1,6,2,40,7,1997,2,8,6,1,6
201731D180517,2,4,0,18,0,1,0,0,0,0,1,1,6,1,52,8,299,1,3,6,1,6
201731D181317,1,9,0,4,0,1,0,0,0,0,1,1,1,1,21,5,1200,1,2,-1,-1,-1
201731D181317,2,9,0,18,0,4,0,0,0,0,2,1,1,2,28,6,1364,1,6,3,1,3
201731D181417,1,9,0,18,0,8,0,10,3,4,3,1,6,1,35,6,1968,2,9,7,3,7
201731D181417,2,9,0,18,0,8,0,10,7,0,1,1,6,2,41,7,1339,1,8,10,2,10
201731D181617,1,9,0,18,0,0,0,0,0,0,1,1,1,2,24,5,1685,2,3,6,3,6
201731D181717,1,9,0,16,0,0,1,0,8,4,2,1,1,1,25,5,1598,1,14,4,1,4
201731D181917,1,9,0,9,0,5,0,0,0,0,1,1,1,2,30,6,1995,2,9,2,1,2
201731D181917,2,9,0,10,0,5,0,0,0,0,2,1,6,1,36,7,599,1,15,2,1,2
201731D182117,1,9,0,12,0,0,0,0,0,0,3,1,6,1,49,8,2967,2,2,3,1,3
201731D182117,2,9,0,18,0,0,0,0,0,0,4,1,2,1,21,5,1364,1,7,3,1,3
201731D182817,1,3,0,4,0,3,1,0,0,0,3,1,6,1,61,9,125,1,11,1,1,1
201731D183617,1,9,0,6,0,0,0,0,0,0,2,1,6,2,48,8,1796,1,3,3,1,3
201731D183617,2,9,0,3,0,0,0,0,0,0,2,1,6,1,42,7,1398,1,7,6,1,6
201731D183617,3,21,0,18,0,0,0,0,0,0,1,1,1,1,37,7,11946,2,4,2,1,2
201731D184717,1,9,0,18,0,0,0,0,7,9,1,1,6,2,40,7,2993,2,5,10,2,10
201731D185517,1,9,0,13,0,0,0,0,0,0,3,1,2,1,66,10,1242,1,13,7,3,7
201731D185517,2,1,0,18,0,0,0,0,0,0,3,1,2,1,38,7,-1,-1,-1,2,1,2
201731D185817,1,9,0,13,0,0,0,7,0,0,1,1,6,2,22,5,1968,2,4,7,3,7
201731D187117,1,3,0,7,0,5,1,0,0,0,4,1,6,1,17,4,124,1,1,2,1,2
201731D187417,1,9,0,18,9,0,0,0,0,0,1,1,6,2,-1,-1,-1,-1,-1,-1,-1,-1
201731D187517,1,9,0,6,0,0,0,0,0,0,2,1,6,1,22,5,1200,1,-1,1,1,1
201731D187517,2,9,0,18,0,0,0,0,0,0,1,1,6,2,-1,-1,999,1,1,2,1,2
201731D189117,1,1,0,18,0,6,1,0,0,0,1,1,6,1,14,3,-1,-1,-1,7,1,7
201731D189117,2,9,0,18,0,1,0,0,0,0,4,1,2,1,52,8,1396,1,3,7,1,7
201731D189617,1,9,0,16,0,0,5,0,7,9,1,1,6,2,19,4,1198,1,10,8,3,8
201731D189917,1,9,0,14,0,0,0,0,0,0,1,1,6,2,52,8,1242,1,9,9,1,9
201731D189917,2,9,0,14,0,0,0,0,0,0,1,1,6,2,20,4,1598,2,-1,1,1,1
201731D190017,1,9,0,18,0,8,0,0,0,0,1,1,6,1,24,5,1248,2,4,8,1,8
201731D190017,2,9,0,9,0,6,0,0,0,0,3,1,6,2,84,11,1329,1,1,9,1,9
201731D190117,1,9,0,9,0,5,0,0,0,0,4,1,1,1,52,8,998,1,9,9,1,9
201731D190117,2,1,0,18,0,8,0,0,0,0,1,1,6,1,23,5,-1,-1,-1,4,1,4
201731D191417,1,9,0,9,0,6,0,0,0,0,1,1,6,2,51,8,1560,2,3,5,1,5
201731D191417,2,1,0,18,9,8,0,0,0,0,1,1,6,1,17,4,-1,-1,-1,5,2,5
201731D191517,1,9,0,18,0,0,0,0,0,0,3,1,6,1,75,10,1200,1,2,7,1,7
201731D191517,2,1,0,13,0,0,0,0,0,0,1,1,6,1,-1,-1,-1,-1,-1,-1,-1,-1
201731D193117,1,19,0,17,0,0,1,0,1,11,1,1,6,1,34,6,1998,2,13,6,1,6
201731D193217,1,9,0,9,0,6,0,0,0,0,0,1,6,1,32,6,1598,1,8,2,1,2
201731D193217,2,5,0,18,0,1,1,0,0,0,4,1,6,1,50,8,696,1,8,5,1,5
201731D193817,1,9,0,18,0,1,0,0,0,0,1,1,6,3,-1,-1,-1,-1,-1,-1,-1,-1
201731D193817,2,9,0,3,0,1,0,0,0,0,2,1,2,1,46,8,-1,-1,-1,2,1,2
201731D194017,1,9,0,16,0,0,1,0,0,0,1,1,2,2,31,6,1248,2,7,1,1,1
201731D194017,2,9,0,18,0,0,0,0,1,0,1,1,2,1,30,6,1598,1,8,8,2,8
201731D194217,1,9,0,16,0,0,0,0,0,0,1,1,6,2,29,6,-1,-1,-1,2,1,2
201731D194217,2,9,0,17,0,0,0,0,0,0,1,1,6,2,48,8,1910,2,9,4,1,4
201731D194917,1,9,0,9,0,5,0,0,0,0,2,1,6,1,46,8,2191,2,1,2,1,2
201731D194917,2,9,0,18,0,1,0,0,0,0,1,1,6,1,50,8,1997,2,3,7,2,7
201731D195417,1,9,0,5,0,1,0,0,0,0,1,1,6,1,41,7,-1,-1,-1,4,1,4
201731D195417,2,9,0,3,0,1,0,0,0,0,2,1,6,2,30,6,1998,2,13,-1,-1,-1
201731D195617,1,9,0,18,0,1,0,0,0,0,1,1,2,2,-1,-1,1968,2,10,5,1,5
201731D195617,2,9,0,4,0,1,0,0,1,9,2,1,6,1,29,6,1596,1,10,1,1,1
201731D195717,1,9,0,9,0,6,0,0,0,0,1,1,6,1,62,9,2987,2,11,6,1,6
201731D195717,2,9,0,18,0,8,0,0,0,0,4,1,6,2,24,5,1242,1,5,2,1,2
201731D196017,1,19,0,18,0,1,0,0,0,0,1,1,6,1,63,9,1598,2,4,7,1,7
201731D196017,2,9,0,3,0,1,0,0,0,0,2,1,6,1,67,10,1388,1,13,7,1,7
201731D196717,1,9,0,9,0,5,0,0,0,0,4,1,6,1,84,11,1395,1,2,9,2,9
201731D196717,2,9,0,18,0,8,0,0,0,0,1,1,6,2,27,6,1124,1,14,1,1,1
201731D198017,1,9,0,12,0,8,0,0,7,1,3,1,2,1,23,5,1560,2,9,6,1,6
201731D198017,2,9,0,7,0,3,0,0,7,0,4,1,2,1,47,8,2495,2,23,8,1,8
201731D198117,1,9,0,18,0,8,0,0,1,0,4,1,6,2,62,9,1591,1,1,6,1,6
201731D198117,2,10,0,7,0,6,0,0,0,0,1,1,1,1,20,4,2800,2,13,2,1,2
201731D199117,1,9,0,18,0,1,0,0,0,0,1,1,6,1,35,6,1598,1,10,5,1,5
201731D199217,1,9,0,18,0,0,0,0,0,0,1,1,6,1,18,4,1390,1,10,8,2,8
201731D199217,2,9,0,3,0,0,0,0,0,0,2,1,6,1,30,6,1796,1,11,4,1,4
201731D199517,1,9,0,17,0,0,1,0,2,4,1,1,6,1,40,7,3999,1,9,5,1,5
201731D200217,1,9,0,18,0,0,0,0,0,0,1,1,6,1,23,5,1596,1,15,1,1,1
201731D200217,2,9,0,18,0,0,0,0,0,0,2,1,1,1,-1,-1,2400,2,1,5,3,5
201731D200317,1,20,0,11,0,0,0,0,0,0,0,1,6,3,-1,-1,-1,-1,-1,-1,-1,-1
201731D200317,2,9,0,18,0,0,0,0,1,4,1,1,1,1,44,7,1598,2,7,3,1,3
201731D200417,1,9,0,4,0,0,0,0,0,0,4,1,6,1,48,8,1598,2,6,2,1,2
201731D202017,1,9,0,5,0,8,0,0,0,0,4,1,6,1,62,9,1997,2,4,3,1,3
201731D202017,2,9,0,18,0,8,0,0,0,0,1,1,6,1,83,11,1587,1,15,10,1,10
201731D202317,1,9,0,9,0,6,0,0,0,0,1,1,1,1,65,9,1997,1,17,7,1,7
201731D202317,2,1,0,17,0,8,0,0,0,0,1,1,1,1,70,10,-1,-1,-1,4,1,4
201731D203117,1,1,0,12,0,1,0,0,0,0,2,1,1,1,49,8,-1,-1,-1,10,1,10
201731D203117,2,19,0,18,0,1,0,0,0,0,1,1,1,1,24,5,1998,2,12,3,1,3
201731D203317,1,9,0,18,0,0,0,12,0,0,1,1,6,2,33,6,1999,1,2,-1,-1,-1
201731D203517,1,9,0,4,0,1,0,0,0,0,1,1,6,1,49,8,1596,1,6,7,1,7
201731D203517,2,9,0,8,0,1,0,0,0,0,2,1,6,2,24,5,1149,1,5,10,1,10
201731D204217,1,9,0,18,0,0,0,0,0,0,3,1,6,1,-1,-1,-1,-1,-1,-1,-1,-1
201731D204917,1,9,0,3,0,1,0,0,0,0,1,1,1,1,30,6,2987,2,9,-1,-1,-1
201731D204917,2,9,0,1,0,2,0,0,0,0,2,1,6,1,-1,-1,-1,-1,-1,-1,-1,-1
201731D205517,1,1,0,18,9,0,0,0,0,0,1,1,6,3,-1,-1,-1,-1,-1,-1,-1,-1
201731D205717,1,9,0,18,0,8,0,0,0,0,1,1,6,1,-1,-1,998,1,-1,-1,-1,-1
201731D205717,2,9,0,18,0,8,0,0,0,0,3,1,6,1,23,5,1199,1,13,8,1,8
201731D205817,1,9,0,13,0,0,0,0,0,0,1,1,6,2,43,7,1995,2,2,10,3,10
201731D205817,2,2,0,18,0,0,0,0,0,0,3,1,1,1,58,9,49,1,-1,5,2,5
201731D206117,1,9,0,18,0,0,0,0,0,0,1,1,6,1,24,5,1600,1,12,5,1,5
201731D206117,2,9,0,4,0,0,0,0,0,0,2,1,6,2,25,5,1685,2,5,3,1,3
201731D206217,1,9,0,18,0,1,0,0,0,0,1,1,6,1,74,10,1781,1,14,3,1,3
201731D206917,1,9,0,18,0,0,0,0,0,0,1,1,1,2,60,9,1390,1,5,5,1,5
201731D207017,1,9,0,5,0,8,0,0,0,0,1,1,6,2,25,5,1496,1,2,7,1,7
201731D207117,1,9,0,18,0,0,0,0,0,0,1,1,6,3,-1,-1,-1,-1,-1,-1,-1,-1
201731D207417,1,9,0,6,0,0,0,0,0,0,3,1,6,2,26,6,1995,2,4,1,1,1
201731D207417,2,9,0,18,0,0,0,0,0,0,3,1,6,2,25,5,1390,1,11,2,1,2
201731D208617,1,9,0,18,0,0,0,0,0,0,4,1,6,1,39,7,1968,2,6,3,1,3
201731D208817,1,1,0,18,0,4,0,0,0,0,1,1,6,2,41,7,-1,-1,-1,4,1,4
201731D208817,2,9,0,18,0,8,0,0,0,0,4,1,6,2,21,5,1390,1,3,6,1,6
201731D209117,1,9,0,18,0,1,0,0,0,0,1,1,6,1,22,5,1198,1,11,3,1,3
201731D209117,2,9,0,4,0,1,0,0,0,0,2,1,6,1,70,10,-1,-1,-1,5,1,5
201731D209317,1,9,0,18,0,0,0,0,0,0,1,1,2,1,49,8,1461,2,2,2,1,2
201731D209817,1,9,0,16,0,0,1,0,7,4,3,1,6,2,38,7,1199,1,18,7,2,7
201731D209817,2,9,0,17,0,0,0,0,0,0,4,1,6,2,53,8,1395,1,3,10,1,10
201731D211217,1,9,0,18,0,0,0,0,0,0,1,1,6,1,-1,-1,-1,-1,-1,-1,-1,-1
201731D211717,1,19,0,18,0,0,0,0,1,9,4,1,2,1,59,9,1461,2,3,1,1,1
201731D212017,1,19,0,18,0,8,0,0,0,0,1,1,1,1,32,6,1461,2,-1,-1,-1,-1
201731D212017,2,9,0,9,0,8,0,0,0,0,4,1,6,1,47,8,1910,2,9,-1,-1,-1
201731D212117,1,9,0,18,0,1,0,0,0,0,4,1,6,1,79,11,1497,8,3,8,1,8
201731D212317,1,9,0,16,0,0,0,0,0,0,1,1,6,2,31,6,1587,1,13,5,1,5
201731D212317,2,9,0,2,0,0,0,0,0,0,2,1,6,1,-1,-1,1598,1,12,-1,-1,-1
201731D212317,3,9,0,2,0,0,0,0,0,0,2,1,6,2,-1,-1,1798,1,10,-1,-1,-1
201731D214517,1,9,0,9,0,6,1,10,0,0,1,1,6,1,-1,-1,2204,2,9,-1,-1,-1
201731D214517,2,9,0,18,0,1,1,0,0,0,3,1,6,1,69,10,2401,2,10,8,1,8
201731D214817,1,9,0,16,0,0,0,0,0,0,3,1,6,2,47,8,1461,2,2,3,1,3
201731D214817,2,9,0,17,0,0,0,0,0,0,3,1,6,1,20,4,1995,2,-1,10,3,10
201731D215117,1,9,0,18,0,0,0,0,0,0,1,1,2,2,22,5,1242,1,7,6,1,6
201731D216117,1,9,0,9,0,6,0,0,0,0,4,1,6,2,27,6,1398,1,4,8,1,8
201731D216717,1,19,0,9,0,6,0,0,0,0,1,1,6,1,65,9,1686,2,14,8,1,8
201731D216717,2,1,0,18,0,8,0,0,0,0,4,1,6,1,-1,-1,-1,-1,-1,1,1,1
201731D217017,1,9,0,5,0,0,0,0,0,0,1,1,2,1,33,6,1968,2,-1,-1,-1,-1
201731D217017,2,19,0,4,0,0,0,0,0,0,2,1,1,1,47,8,1968,2,2,4,1,4
201731D217317,1,19,0,18,0,0,0,0,5,6,3,1,2,1,42,7,1560,2,1,2,1,2