Accident_Index,Vehicle_Reference,Vehicle_Type,Towing_and_Articulation,Vehicle_Manoeuvre,Vehicle_Location-Restricted_Lane,Junction_Location,Skidding_and_Overturning,Hit_Object_in_Carriageway,Vehicle_Leaving_Carriageway,Hit_Object_off_Carriageway,1st_Point_of_Impact,Was_Vehicle_Left_Hand_Drive?,Journey_Purpose_of_Driver,Sex_of_Driver,Age_of_Driver,Age_Band_of_Driver,Engine_Capacity_(CC),Propulsion_Code,Age_of_Vehicle,Driver_IMD_Decile,Driver_Home_Area_Type,Vehicle_IMD_Decile
2017320012521,2,9,0,18,0,0,0,0,7,0,1,1,6,1,47,8,1870,2,12,2,1,2
2017320012569,1,9,0,18,0,0,0,0,0,0,1,1,6,3,-1,-1,-1,-1,-1,-1,-1,-1
2017320013134,1,3,0,3,0,1,0,0,0,0,1,1,2,1,22,5,124,1,6,1,1,1
2017320013134,2,9,0,9,0,1,0,0,0,0,1,1,1,2,27,6,1685,2,1,10,2,10
2017320013412,1,9,0,18,0,0,0,0,0,0,1,1,6,1,79,11,1248,2,5,8,3,8
2017320013412,2,9,0,10,0,0,0,0,0,0,2,1,6,2,60,9,1997,1,1,4,3,4
2017320013669,1,9,0,13,0,0,0,0,0,0,1,1,6,2,35,6,1968,2,4,4,2,4
2017320013669,2,19,0,18,0,0,0,0,0,0,1,1,1,1,25,5,2198,2,2,4,3,4
2017320013707,1,9,0,18,0,0,0,0,0,0,1,1,6,1,79,11,1398,1,7,9,2,9
2017320013707,2,9,0,2,0,0,0,0,0,0,2,1,6,1,67,10,2979,8,5,9,3,9
2017320014349,1,9,0,18,0,0,0,0,0,0,1,1,6,1,-1,-1,-1,-1,-1,-1,-1,-1
2017320014365,1,9,0,18,0,0,0,0,0,0,1,1,1,1,27,6,1796,1,15,3,1,3
2017320014365,2,9,0,18,0,0,0,0,0,0,2,1,1,1,26,6,1360,1,13,5,1,5
2017320015016,1,10,0,18,0,0,0,0,0,0,4,1,1,2,64,9,-1,-1,-1,7,1,7
2017320015370,1,3,0,18,0,1,1,0,1,0,0,1,6,1,18,4,-1,-1,-1,8,1,8
2017320015611,1,9,0,9,0,1,0,0,0,0,0,1,6,2,25,5,1328,1,10,3,1,3
2017320015611,2,9,0,17,0,1,0,0,0,0,0,1,6,2,52,8,1590,1,1,7,1,7
2017320016547,1,9,0,18,0,0,1,0,7,0,1,1,1,2,22,5,1329,1,8,4,3,4
2017320017102,1,9,0,17,0,0,0,0,1,9,4,1,6,2,34,6,2497,2,1,6,2,6
2017320017153,1,19,0,9,0,8,0,0,0,0,3,1,1,1,56,9,-1,-1,-1,-1,-1,-1
2017320017153,2,9,0,18,0,8,0,0,0,0,1,1,6,2,34,6,1360,1,16,3,3,3
2017320017296,1,2,0,18,0,0,0,0,0,0,0,1,6,2,16,4,50,1,1,8,3,8
2017320017503,1,9,0,5,0,6,0,0,0,0,3,1,6,2,38,7,1596,1,10,3,3,3
2017320017503,2,9,0,18,0,1,0,0,0,0,4,1,6,1,64,9,1968,2,4,3,3,3
2017320017569,1,9,0,18,0,0,0,0,7,3,1,1,6,2,60,9,1598,1,10,5,3,5
2017320017569,2,9,0,18,0,0,0,0,7,0,1,1,2,1,55,8,1783,1,15,-1,-1,-1
2017320017683,1,9,0,5,0,0,0,0,0,0,1,1,6,2,21,5,1149,1,12,8,3,8
2017320017683,2,9,0,18,0,0,0,0,0,0,4,1,6,2,42,7,1364,1,1,4,1,4
2017320017713,1,9,0,16,0,0,0,0,6,1,1,1,1,1,45,7,1587,1,11,8,1,8
2017320017757,1,98,5,9,0,5,0,0,0,0,1,1,1,1,57,9,-1,-1,-1,-1,-1,-1
2017320017757,2,9,0,18,0,1,0,0,0,0,3,2,6,2,33,6,-1,-1,-1,7,2,7
2017320017849,1,90,0,3,0,1,0,0,0,0,3,1,1,1,50,8,2999,2,5,8,1,8
2017320017849,2,4,0,18,0,1,0,0,0,0,1,1,6,1,50,8,125,1,7,8,1,8
2017320018175,1,9,0,18,0,2,0,0,0,0,1,1,1,1,30,6,-1,-1,-1,5,1,5
2017320018175,2,1,0,18,0,1,0,0,0,0,1,1,6,1,-1,-1,-1,-1,-1,-1,-1,-1
2017320018433,1,9,0,18,0,0,1,0,7,9,3,1,2,2,19,4,1229,1,10,8,2,8
2017320018999,1,19,0,5,0,8,0,0,0,0,1,1,6,3,-1,-1,1598,2,2,-1,-1,-1
2017320019070,1,9,0,18,0,0,2,0,7,0,0,1,6,2,78,11,1296,1,11,4,3,4
2017320019423,1,9,0,18,0,0,0,0,0,0,1,1,6,1,22,5,1968,2,6,5,3,5
2017320019423,2,9,0,18,0,0,0,0,0,0,1,1,6,1,51,8,1560,2,7,6,3,6
2017320019498,1,9,0,5,0,2,0,0,0,0,1,1,1,2,-1,-1,-1,-1,-1,7,1,7
2017320019498,2,1,0,18,0,1,0,0,0,0,1,1,1,1,29,6,-1,-1,-1,5,1,5
2017320019859,1,9,0,18,0,0,1,0,8,10,1,1,6,2,21,5,1398,1,7,4,3,4
2017320020063,1,9,0,16,0,0,2,0,0,0,4,1,6,2,18,4,1240,1,13,4,3,4
2017320020239,1,9,0,9,0,6,0,0,0,0,1,1,6,2,85,11,998,1,5,4,1,4
2017320020239,2,5,0,18,0,1,0,0,0,0,4,1,6,1,35,6,803,1,1,1,1,1
2017320020239,3,9,0,18,0,1,0,0,0,0,0,1,6,1,52,8,1753,2,7,3,1,3
2017320020587,1,9,0,5,0,8,0,0,0,0,1,1,6,3,-1,-1,-1,-1,-1,-1,-1,-1
2017320020587,2,19,0,5,0,8,0,0,0,0,2,1,1,1,34,6,2148,2,9,8,1,8
2017320020690,1,19,0,18,0,1,0,0,0,0,1,1,1,1,38,7,2299,2,3,4,3,4
2017320020690,2,9,0,9,0,1,0,0,0,0,2,1,1,1,24,5,1685,2,2,7,2,7
2017320021640,1,9,0,9,0,8,0,0,0,0,1,1,6,3,-1,-1,1997,1,13,-1,-1,-1
2017320021640,2,9,0,18,0,2,0,0,7,4,1,1,6,2,67,10,1951,2,12,1,1,1
2017320021718,1,9,0,18,0,0,0,12,0,0,1,1,6,1,58,9,1995,2,15,4,1,4
2017320022163,1,9,0,18,0,0,5,0,7,9,1,1,6,2,41,7,1590,1,15,6,2,6
2017320022217,1,9,0,18,0,0,0,0,0,0,1,1,6,1,78,11,1598,1,15,1,1,1
2017320022543,1,9,0,18,0,0,0,0,1,4,1,1,6,2,29,6,996,1,7,-1,-1,-1
2017320022560,1,9,0,18,0,0,0,0,0,0,1,1,6,1,32,6,1299,1,19,6,3,6
2017320022560,2,9,0,18,0,0,0,0,0,0,1,1,6,2,55,8,1995,2,9,5,1,5
2017320022560,3,9,0,2,0,0,0,0,0,0,1,2,6,3,-1,-1,1598,1,10,-1,-1,-1
2017320022560,4,9,0,2,0,0,0,0,0,0,2,1,6,3,-1,-1,1329,1,6,-1,-1,-1
2017320022576,1,98,0,18,0,0,0,0,0,0,1,1,6,3,-1,-1,-1,-1,-1,-1,-1,-1
2017320022583,1,9,0,13,0,0,0,10,1,2,1,1,6,1,21,5,1910,2,12,1,1,1
2017320022797,1,90,1,18,0,0,4,0,2,1,4,1,1,1,65,9,-1,-1,-1,-1,-1,-1
2017320022797,2,19,0,18,0,0,0,0,0,0,1,1,1,1,63,9,2143,2,1,7,2,7
2017320023110,1,9,0,18,0,6,0,0,0,0,2,1,2,2,46,8,1997,2,13,5,3,5
2017320023110,2,5,0,18,0,1,0,0,0,0,1,1,2,1,21,5,599,1,15,5,3,5
2017320023158,1,9,0,18,0,0,0,0,1,0,1,1,3,2,41,7,1149,1,14,6,1,6
2017320023501,1,9,0,15,0,0,1,0,0,0,3,1,2,1,22,5,1896,2,12,6,3,6
2017320023501,2,9,0,18,0,0,1,0,0,0,3,1,2,1,19,4,1398,1,5,6,2,6
2017320023539,1,9,0,9,0,6,0,0,0,0,1,1,1,1,29,6,-1,-1,-1,2,1,2
2017320023539,2,9,0,18,0,1,0,0,0,11,1,1,6,2,81,11,998,1,3,8,1,8
2017320023719,1,9,0,9,0,0,0,0,7,0,4,1,1,1,24,5,1560,2,4,3,1,3
2017320023719,2,19,0,18,0,0,0,0,1,0,1,1,1,1,53,8,2464,2,10,3,1,3
2017320023982,1,9,0,18,0,0,5,10,0,0,3,1,2,2,24,5,998,1,10,5,1,5
2017320024052,1,9,0,18,0,0,0,4,1,0,1,1,1,2,52,8,1461,2,1,7,2,7
2017320024052,2,9,0,2,0,0,0,0,0,0,1,1,6,2,56,9,-1,-1,-1,2,1,2
2017320024052,3,9,0,2,0,0,0,0,0,0,1,1,6,2,34,6,1598,1,2,2,1,2
2017320024052,4,9,0,2,0,0,0,0,0,0,2,1,6,2,34,6,1796,1,16,2,1,2
2017320024542,1,9,0,18,0,0,2,0,7,9,3,1,2,1,31,6,1560,2,4,2,1,2
2017320025053,1,9,0,16,0,0,2,0,1,0,1,1,6,1,45,7,1398,2,11,3,3,3
2017320025211,1,9,0,18,0,8,0,0,0,0,1,1,1,2,60,9,1398,1,16,-1,-1,-1
2017320025211,2,9,0,18,0,8,0,0,0,0,2,1,1,2,75,10,1198,1,12,-1,-1,-1
2017320025455,1,9,0,18,0,0,0,0,0,0,1,1,6,2,55,8,1587,1,12,-1,-1,-1
2017320025455,2,9,0,18,0,0,0,0,0,0,1,1,6,2,65,9,1124,1,14,2,1,2
2017320025480,1,9,0,5,0,0,0,0,0,0,4,1,3,2,43,7,1198,1,3,7,1,7
2017320025636,1,9,0,16,0,0,0,0,7,3,1,1,6,1,23,5,1968,2,5,-1,-1,-1
2017320026460,1,9,0,18,0,0,0,0,0,0,1,1,2,1,70,10,2000,2,6,-1,-1,-1
2017320026460,2,9,0,4,0,0,0,0,0,0,2,1,2,2,50,8,1318,1,1,6,3,6
2017320026867,1,9,0,9,0,2,0,0,1,0,1,1,2,1,54,8,-1,-1,-1,9,2,9
2017320026882,1,9,0,16,0,0,1,0,1,4,4,1,6,1,77,11,2143,2,3,5,1,5
2017320026882,2,9,0,18,0,0,0,0,0,0,3,1,6,1,66,10,2987,2,6,5,3,5
2017320026998,1,9,0,5,9,0,0,0,0,0,1,1,6,2,36,7,2993,2,4,6,1,6
2017320026998,2,9,0,17,0,0,0,0,0,0,3,1,6,2,37,7,1598,1,12,-1,-1,-1
2017320027117,1,9,0,18,0,0,0,0,0,0,1,1,2,2,47,8,1798,1,16,4,2,4
2017320027117,2,9,0,18,0,0,0,0,0,0,1,1,6,2,59,9,995,1,6,7,3,7
2017320027242,1,9,0,18,0,0,0,0,0,0,1,1,6,1,21,5,1242,1,3,4,3,4
2017320027242,2,9,0,1,0,0,0,0,0,0,3,1,6,2,62,9,1398,1,2,4,3,4
2017320027845,1,9,0,1,9,8,0,0,0,0,2,1,6,2,82,11,999,1,7,8,2,8
2017320027867,1,98,1,17,0,8,0,0,0,0,0,1,1,1,-1,-1,-1,-1,-1,-1,-1,-1
2017320027867,2,9,0,16,0,8,0,0,0,0,2,2,2,2,23,5,1242,1,3,5,3,5
2017320027867,3,9,0,16,0,8,0,0,0,0,1,2,2,2,45,7,2143,2,1,7,1,7
2017320028146,1,9,0,18,0,0,0,0,0,0,4,1,6,1,71,10,1248,1,4,4,3,4
2017320028194,1,9,0,18,0,0,0,0,1,10,1,1,6,2,26,6,1560,2,3,6,2,6
2017320028267,1,9,0,3,0,0,0,0,0,0,0,1,6,1,-1,-1,-1,-1,-1,-1,-1,-1
2017320028327,1,19,0,9,0,8,0,0,0,0,1,1,1,1,49,8,2198,2,1,8,1,8
2017320028327,2,1,0,18,4,1,0,0,0,0,1,1,4,1,14,3,-1,-1,-1,8,1,8
2017320028456,1,3,0,18,0,1,0,0,0,0,1,1,2,1,51,8,125,1,5,6,1,6
2017320028456,2,21,0,2,0,1,0,0,0,0,1,1,1,1,63,9,12902,2,1,8,1,8
2017320028585,1,9,0,9,0,8,1,10,0,0,1,1,6,1,20,4,1149,1,7,1,1,1
2017320028732,1,22,0,18,9,0,0,0,0,0,4,1,3,2,45,7,-1,-1,-1,3,3,3
2017320028732,2,9,0,2,0,0,0,0,0,0,3,1,6,1,43,7,1896,2,8,1,2,1
2017320028953,1,9,0,7,0,3,0,0,0,0,1,1,6,1,-1,-1,-1,-1,-1,4,3,4
2017320028953,2,9,0,9,0,3,0,0,0,0,2,1,6,2,33,6,1956,2,7,9,2,9
2017320028953,3,9,0,9,0,3,0,0,0,0,2,1,6,1,-1,-1,1799,1,7,7,1,7
2017320028953,4,2,0,18,0,3,0,0,0,0,0,1,6,3,-1,-1,-1,-1,-1,-1,-1,-1
2017320029142,1,9,0,18,0,0,0,0,0,0,4,1,6,1,73,10,1598,1,13,2,1,2
2017320029576,1,9,0,18,0,0,1,0,1,0,1,1,6,2,17,4,1248,2,5,6,3,6
2017320029657,1,9,0,17,0,0,0,0,0,0,1,1,1,1,25,5,1994,2,16,4,3,4
2017320029657,2,19,0,16,0,0,0,0,0,0,1,1,6,1,61,9,1753,2,5,4,3,4
2017320030128,1,8,0,5,0,8,0,0,0,0,3,1,1,1,33,6,1997,2,7,-1,-1,-1
2017320030128,2,8,0,18,0,1,0,0,0,0,1,1,1,2,32,6,1968,2,10,-1,-1,-1
2017320030172,1,9,0,18,0,0,0,0,0,0,3,1,6,3,-1,-1,2143,2,3,-1,-1,-1
2017320030172,2,1,0,18,0,0,0,0,0,0,3,1,1,1,49,8,-1,-1,-1,9,2,9
2017320030473,1,9,0,9,0,8,0,0,0,0,1,1,6,1,25,5,998,1,6,5,3,5
2017320030473,2,90,0,18,0,8,0,0,0,0,1,1,6,3,-1,-1,-1,-1,-1,-1,-1,-1
2017320030827,1,9,0,3,0,2,0,0,0,0,1,1,6,1,30,6,1896,2,12,3,3,3
2017320030827,2,9,0,3,0,2,0,0,0,0,4,1,6,1,26,6,1390,1,15,3,1,3
2017320031363,1,3,0,7,0,3,0,0,0,0,1,1,6,1,16,4,49,1,11,3,1,3
2017320031363,2,19,0,18,0,4,0,0,0,0,3,1,1,1,48,8,2143,2,3,2,1,2
2017320032336,1,3,0,17,0,1,0,0,1,0,1,1,6,1,24,5,125,1,10,-1,-1,-1
2017320032591,1,9,0,18,0,1,0,0,1,0,1,1,2,1,25,5,1998,2,15,6,3,6
2017320032591,2,21,1,18,0,1,3,0,1,0,4,1,1,1,29,6,11946,2,5,5,1,5
2017320033693,1,9,0,18,0,2,0,0,0,0,1,1,6,2,78,11,1240,1,7,1,1,1
2017320033693,2,1,0,18,0,1,0,0,0,0,3,1,6,1,-1,-1,-1,-1,-1,-1,-1,-1
2017320033956,1,9,0,5,0,8,0,0,0,0,1,1,6,3,41,7,-1,-1,-1,5,1,5
2017320033956,2,1,0,18,0,1,0,0,0,0,4,1,6,2,57,9,-1,-1,-1,7,1,7
2017320034040,1,3,0,14,0,8,2,0,0,0,4,1,6,1,35,6,124,1,1,1,1,1
2017320034040,2,9,0,10,0,8,0,0,0,0,3,1,6,1,36,7,1968,2,5,6,2,6
2017320034129,1,9,0,17,0,1,0,0,0,1,1,1,2,2,18,4,1398,1,13,7,3,7
2017320034129,2,21,1,16,0,1,0,0,0,0,1,1,1,1,58,9,12777,2,2,5,2,5
2017320034330,1,9,0,18,0,1,0,0,0,0,1,1,6,2,27,6,2696,2,12,-1,-1,-1
2017320034330,2,1,0,18,0,1,0,0,0,0,1,1,6,2,32,6,-1,-1,-1,3,1,3
2017320034810,1,9,0,4,0,0,1,0,0,0,2,1,1,1,71,10,1299,1,21,-1,-1,-1
2017320034810,2,9,0,2,0,0,0,0,0,0,0,1,2,1,25,5,998,1,3,-1,-1,-1
2017320035209,1,9,0,11,0,3,0,0,0,0,2,1,1,1,-1,-1,-1,-1,-1,-1,-1,-1
2017320035209,2,9,0,18,0,3,0,0,0,0,1,1,2,1,29,6,1997,2,15,-1,-1,-1
2017320035754,1,90,0,13,0,1,0,0,0,0,1,1,1,1,52,8,-1,-1,-1,4,1,4
2017320035754,2,9,0,9,0,1,0,0,0,0,2,1,6,1,81,11,-1,-1,-1,10,1,10
2017320035754,3,9,0,4,0,1,0,0,0,0,3,1,6,1,32,6,-1,-1,-1,7,1,7
2017320035932,1,9,0,18,0,0,1,0,2,0,4,1,6,1,18,4,1390,1,14,-1,-1,-1
2017320035936,1,9,0,10,0,1,0,0,0,0,2,1,6,1,37,7,1969,2,1,4,1,4
2017320035936,2,9,0,4,0,1,0,0,0,0,1,1,6,1,19,4,998,1,4,6,1,6
2017320035974,1,9,0,17,0,0,1,0,1,9,3,1,6,1,22,5,-1,-1,-1,10,1,10
2017320036144,1,9,0,17,0,0,0,0,0,7,3,1,1,2,20,4,1461,2,9,5,2,5
2017320036729,1,9,0,17,0,0,1,0,7,11,1,1,6,1,30,6,-1,-1,-1,8,3,8
2017320036855,1,9,0,5,8,1,0,0,0,0,2,1,6,1,44,7,1598,1,9,1,1,1
2017320036855,2,3,0,18,0,1,5,0,0,0,1,1,6,1,32,6,125,1,3,3,1,3
2017320036943,1,9,0,16,0,0,1,0,2,4,1,1,6,1,18,4,1149,1,17,3,2,3
2017320037187,1,3,0,16,0,0,1,0,0,0,4,1,6,2,26,6,-1,-1,-1,-1,-1,-1
2017320037770,1,9,0,8,0,1,0,0,0,0,1,1,2,1,17,4,1198,1,13,1,1,1
2017320038231,1,9,0,18,0,0,1,0,1,3,4,1,6,1,19,4,1124,1,12,9,3,9
2017320038626,1,9,0,9,0,4,0,0,0,0,1,1,2,2,61,9,1560,2,7,5,3,5
2017320038626,2,3,0,18,0,3,0,0,7,0,1,1,2,1,17,4,125,1,1,9,2,9
2017320038842,1,9,0,18,0,1,0,0,0,0,4,1,6,1,39,7,1753,2,8,5,1,5
2017320038842,2,9,0,18,0,1,0,0,0,0,1,1,6,2,48,8,-1,-1,-1,2,1,2
2017320039573,1,9,0,9,0,1,0,0,0,0,1,1,6,3,-1,-1,-1,-1,-1,-1,-1,-1
2017320039662,1,9,0,8,0,1,0,0,0,0,1,1,6,3,-1,-1,-1,-1,-1,-1,-1,-1
2017320039737,1,9,0,18,0,1,0,0,0,1,2,1,2,2,40,7,1968,2,3,-1,-1,-1
2017320039737,2,1,0,18,0,1,0,0,0,0,2,1,6,1,40,7,-1,-1,-1,-1,-1,-1
2017320040726,1,9,0,18,0,0,1,0,1,9,3,1,6,1,58,9,1951,2,17,4,3,4
2017320040746,1,9,0,18,0,0,1,0,1,10,1,1,6,1,18,4,1248,2,7,4,3,4
2017320040787,1,9,0,16,0,0,0,0,1,0,1,1,6,1,51,8,1229,1,4,1,1,1
2017320040847,1,9,0,9,0,8,0,0,0,0,3,1,6,1,83,11,1339,1,8,8,3,8
2017320041001,1,9,0,18,0,0,0,0,1,11,1,1,6,1,77,11,1496,2,1,4,3,4
2017320041001,2,9,0,2,0,0,0,0,0,0,0,1,6,1,63,9,1896,2,16,4,3,4
2017320041025,1,9,0,9,0,8,0,0,1,0,3,1,6,2,23,5,1951,2,13,6,3,6
2017320041025,2,9,0,18,0,8,0,0,0,0,1,1,6,2,25,5,1398,2,14,8,3,8
2017320041047,1,9,0,2,0,0,0,0,0,0,2,1,6,2,32,6,1560,2,11,5,1,5
2017320041047,2,9,0,2,0,0,0,0,0,0,1,1,6,3,-1,-1,1896,2,9,-1,-1,-1
2017320041055,1,9,0,9,0,1,0,0,0,0,1,1,6,1,56,9,-1,-1,-1,7,1,7
2017320041055,2,9,0,18,0,1,0,0,0,0,3,1,6,1,44,7,2204,2,10,-1,-1,-1
2017320041468,1,9,0,16,0,0,1,0,1,9,2,1,6,1,20,4,998,1,10,-1,-1,-1
2017320042188,1,21,0,18,0,8,0,0,1,1,3,1,1,1,45,7,12900,2,5,-1,-1,-1
2017320042188,2,19,0,18,0,8,1,0,7,4,1,1,1,1,49,8,2143,2,4,2,1,2
2017320042288,1,9,0,17,0,8,0,0,0,0,0,1,6,2,-1,-1,-1,-1,-1,-1,-1,-1
2017320042288,2,3,0,17,0,8,5,0,0,0,0,1,6,1,20,4,125,1,-1,4,3,4
2017320042528,1,19,0,18,0,0,0,4,0,0,1,1,1,1,73,10,2298,2,6,3,2,3
2017320042528,2,9,0,3,0,0,0,0,0,0,2,1,1,1,44,7,1560,2,9,4,2,4
2017320042528,3,9,0,3,0,0,0,0,1,0,2,1,1,1,23,5,1360,1,8,2,1,2
2017320042528,4,19,0,3,0,0,0,0,0,0,2,1,1,1,38,7,2402,2,10,3,1,3
2017320043570,1,9,0,18,0,0,0,0,0,0,1,1,6,3,-1,-1,2179,2,10,-1,-1,-1
2017320044757,1,9,0,17,0,0,5,0,1,2,3,1,2,1,25,5,1364,1,12,6,1,6
2017320044759,1,9,0,5,0,1,0,0,0,0,1,1,6,1,77,11,1999,2,-1,5,2,5
2017320045448,1,19,0,18,0,0,0,0,2,4,1,2,1,1,40,7,-1,-1,-1,-1,-1,-1
2017320046082,1,9,0,18,0,0,0,0,1,4,2,1,6,1,30,6,1587,1,10,1,1,1
2017320046082,2,9,0,18,0,0,0,0,0,0,1,1,6,1,48,8,1870,2,12,1,1,1
2017320046082,3,9,0,18,8,0,0,0,0,0,0,1,6,3,-1,-1,-1,-1,-1,-1,-1,-1
2017320046356,1,9,0,18,0,8,2,0,1,4,1,1,1,2,34,6,1560,2,3,1,1,1
2017320046356,2,9,0,18,0,8,0,0,0,0,2,1,1,1,53,8,1968,2,1,4,1,4
2017320046636,1,9,0,18,0,1,0,0,0,0,1,1,6,3,-1,-1,1781,1,14,-1,-1,-1
2017320046636,2,9,0,9,0,6,0,0,0,0,3,1,6,1,40,7,998,1,15,5,3,5
2017320047290,1,9,0,18,0,0,0,0,0,0,1,1,6,1,59,9,2148,2,8,2,1,2
2017320047290,2,19,0,9,0,0,0,0,7,0,2,1,2,1,57,9,1248,2,12,5,3,5
2017320047583,1,9,0,15,0,0,0,0,0,0,4,1,2,1,56,9,1598,1,4,7,1,7
2017320047583,2,9,0,2,0,0,0,0,0,0,1,1,6,3,-1,-1,1968,2,8,-1,-1,-1
2017320047605,1,9,0,18,0,0,0,0,0,0,1,1,6,1,73,10,1997,12,5,4,3,4
2017320047605,2,20,0,2,9,0,0,0,0,0,2,1,6,1,23,5,-1,-1,-1,8,1,8
2017320047667,1,20,0,18,0,0,0,0,0,0,3,1,6,3,-1,-1,-1,-1,-1,-1,-1,-1
2017320047667,2,1,0,18,0,0,0,0,1,0,4,1,6,1,64,9,-1,-1,-1,-1,-1,-1
2017320047694,1,9,0,9,0,1,1,10,7,3,1,1,6,1,18,4,-1,-1,-1,5,3,5
2017320047828,1,9,0,3,0,1,0,0,0,0,2,1,6,1,20,4,2967,2,1,3,1,3
2017320047828,2,9,0,3,0,1,0,0,0,0,1,1,2,1,51,8,1996,1,15,4,1,4
2017320048062,1,1,0,18,0,8,0,0,1,9,1,1,1,1,49,8,-1,-1,-1,8,1,8
2017320048202,1,21,1,18,0,0,1,0,0,0,1,1,1,1,48,8,12740,2,4,-1,-1,-1
2017320048306,1,5,0,18,0,2,5,0,1,0,1,1,6,1,50,8,749,1,11,6,3,6
2017320048432,1,21,1,18,0,0,0,11,0,0,1,1,6,1,47,8,12419,2,5,-1,-1,-1
2017320048432,2,21,1,18,0,0,0,0,0,0,0,1,6,1,44,7,12777,2,4,-1,-1,-1
2017320048432,3,21,1,18,0,0,0,0,0,0,0,1,6,1,43,7,11705,2,9,-1,-1,-1
2017320048432,4,19,0,18,0,0,0,0,0,0,0,1,6,1,-1,-1,2287,2,1,-1,-1,-1
2017320048568,1,9,0,18,0,0,1,0,0,0,1,1,6,1,21,5,1490,1,10,2,1,2
2017320048568,2,9,0,18,0,0,0,0,0,0,2,1,6,2,31,6,2179,2,10,2,2,2
2017320049027,1,9,0,18,0,0,0,0,0,0,1,1,6,1,50,8,1390,1,6,2,1,2
2017320049063,1,9,0,18,0,0,5,0,1,0,1,1,6,2,44,7,1248,1,6,6,2,6
2017320049087,1,9,0,10,0,0,0,0,0,0,1,1,6,1,24,5,1332,1,20,5,1,5
2017320049087,2,3,0,18,0,0,0,0,0,0,2,1,6,1,24,5,108,1,1,4,1,4
2017320049106,1,9,0,16,0,0,5,0,1,0,4,1,1,1,31,6,1870,2,10,3,1,3
2017320049116,1,3,0,14,0,8,5,0,0,0,1,1,6,1,28,6,125,1,1,2,1,2
2017320049116,2,9,0,9,0,6,0,0,0,0,3,1,6,1,47,8,1798,1,12,7,1,7
2017320049116,3,9,0,3,0,8,0,0,0,0,3,1,6,2,59,9,1328,1,9,8,3,8
2017320049237,1,9,0,9,0,8,0,0,0,0,1,1,6,1,20,4,1910,2,10,5,3,5
2017320049237,2,9,0,18,0,1,0,0,0,0,1,1,6,1,57,9,1560,2,11,7,1,7
2017320049238,1,9,0,18,0,1,0,0,0,0,1,1,3,1,37,7,1685,2,2,7,1,7
2017320049238,2,9,0,4,0,1,0,0,0,0,2,1,6,1,19,4,1198,1,13,10,3,10
2017320049238,3,9,0,4,0,1,0,0,0,0,2,1,6,1,76,11,1560,2,2,6,1,6
2017320050625,1,9,0,5,0,3,2,0,1,2,1,1,1,1,26,6,-1,-1,-1,-1,-1,-1
2017320051302,1,9,0,18,0,1,0,0,0,0,1,1,6,2,30,6,1997,2,10,-1,-1,-1
2017320051302,2,9,0,3,0,1,0,0,0,0,2,1,6,2,34,6,1329,1,6,10,2,10
2017320051302,3,9,0,3,0,1,0,0,0,0,2,1,6,2,33,6,-1,-1,-1,8,1,8
2017320051440,1,3,0,7,0,4,2,0,7,1,1,1,6,1,23,5,125,1,4,6,3,6
2017320051468,1,9,0,16,9,2,0,0,1,11,4,1,6,1,79,11,2393,1,8,8,2,8
2017320051771,1,9,0,9,0,8,0,0,0,0,1,1,6,1,18,4,1108,1,14,9,1,9
2017320051771,2,9,0,18,0,2,0,0,0,0,1,1,6,1,31,6,1968,2,7,9,1,9
2017320051986,1,9,0,18,0,0,2,0,0,6,1,1,6,1,18,4,1275,1,22,6,2,6
2017320052020,1,19,0,4,0,2,1,0,7,0,1,1,6,1,25,5,1686,2,11,8,1,8
2017320052048,1,9,0,18,0,0,0,1,7,0,1,1,6,2,66,10,1591,1,2,1,1,1
2017320052048,2,9,0,18,0,0,0,1,7,0,3,1,6,2,57,9,-1,-1,-1,5,2,5
2017320052058,1,9,0,17,0,0,2,0,7,9,3,1,6,1,17,4,1199,1,14,7,3,7
2017320052955,1,9,0,10,0,1,0,0,0,0,1,1,6,2,20,4,1360,1,14,7,2,7
2017320052955,2,9,0,7,0,1,1,0,0,0,1,1,6,3,-1,-1,-1,-1,-1,-1,-1,-1
2017320053164,1,20,1,18,0,1,0,0,0,0,4,2,6,1,-1,-1,-1,-1,-1,-1,-1,-1
2017320053164,2,19,0,18,0,8,0,0,1,7,3,1,1,1,34,6,2402,2,7,1,1,1
2017320053633,1,21,0,18,0,1,0,0,0,0,1,1,6,3,-1,-1,-1,-1,-1,-1,-1,-1
2017320053633,2,9,0,18,0,1,0,0,0,0,2,1,2,1,37,7,2184,2,14,3,1,3
2017320054192,1,19,0,13,0,0,2,0,1,9,1,1,1,1,47,8,2299,2,4,1,1,1
2017320054192,2,20,1,18,0,0,0,0,0,0,3,1,1,1,54,8,-1,-1,-1,4,1,4
2017320054741,1,9,0,9,0,5,0,0,0,0,1,1,1,1,27,6,1956,2,2,4,2,4
2017320054741,2,19,0,18,0,8,0,0,0,0,1,1,1,1,57,9,2998,2,2,7,1,7
2017320055035,1,9,0,16,0,0,1,0,1,0,4,1,6,1,48,8,1360,1,15,4,1,4
2017320055066,1,9,0,9,0,8,0,0,0,0,3,1,6,2,38,7,1968,2,6,10,1,10
2017320055066,2,3,0,18,0,1,0,0,0,0,1,1,6,1,37,7,124,1,9,-1,-1,-1