Accident_Index,Vehicle_Reference,Vehicle_Type,Towing_and_Articulation,Vehicle_Manoeuvre,Vehicle_Location-Restricted_Lane,Junction_Location,Skidding_and_Overturning,Hit_Object_in_Carriageway,Vehicle_Leaving_Carriageway,Hit_Object_off_Carriageway,1st_Point_of_Impact,Was_Vehicle_Left_Hand_Drive?,Journey_Purpose_of_Driver,Sex_of_Driver,Age_of_Driver,Age_Band_of_Driver,Engine_Capacity_(CC),Propulsion_Code,Age_of_Vehicle,Driver_IMD_Decile,Driver_Home_Area_Type,Vehicle_IMD_Decile
2017320056593,1,9,0,16,0,8,0,10,1,0,1,1,6,1,17,4,1242,1,14,-1,-1,-1
2017320056593,2,19,0,8,0,6,0,0,0,0,1,1,1,1,43,7,-1,-1,-1,7,1,7
2017320057226,1,9,0,9,0,5,0,0,0,0,4,1,6,2,76,11,1399,2,8,8,2,8
2017320057279,1,98,4,18,0,0,0,0,0,0,1,1,1,1,53,8,-1,-1,-1,-1,-1,-1
2017320057279,2,9,0,18,0,0,0,0,1,9,3,1,2,1,54,8,2179,2,4,8,1,8
2017320057362,1,9,0,18,0,0,5,0,0,0,1,1,6,1,31,6,1598,2,3,10,2,10
2017320057362,2,21,1,18,0,0,0,0,1,0,1,1,1,1,34,6,12902,2,5,7,1,7
2017320058289,1,9,0,14,0,2,0,4,0,0,1,1,2,1,62,9,1686,2,8,4,3,4
2017320058289,2,20,0,2,0,2,0,0,0,0,2,1,6,1,46,8,-1,-1,-1,5,3,5
2017320058496,1,9,0,9,0,2,0,0,0,0,1,1,6,1,37,7,1398,1,2,6,2,6
2017320058496,2,9,0,18,0,1,0,7,1,1,3,1,6,1,63,9,1997,2,14,5,1,5
2017320059306,1,9,0,18,0,0,1,0,0,0,1,1,6,1,22,5,1388,1,14,-1,-1,-1
2017320059306,2,19,0,4,0,0,0,0,0,0,2,1,1,1,-1,-1,2143,2,3,8,2,8
2017320059455,1,9,0,5,0,1,0,0,0,0,2,1,6,1,86,11,1198,1,4,3,1,3
2017320059455,2,1,0,18,0,8,0,0,0,0,1,1,6,2,54,8,-1,-1,-1,2,1,2
2017320060081,1,9,0,7,4,1,0,0,0,0,1,1,1,2,37,7,1461,2,2,4,1,4
2017320060081,2,1,0,18,4,2,0,0,0,0,1,1,6,1,50,8,-1,-1,-1,-1,-1,-1
2017320060249,1,9,0,18,0,0,2,0,8,11,1,1,6,1,22,5,1988,1,14,6,3,6
2017320060249,2,9,0,18,0,0,0,0,0,0,0,1,6,1,28,6,1988,1,15,4,1,4
2017320060249,3,9,0,18,0,0,0,0,0,0,0,1,6,1,22,5,1596,1,15,3,1,3
2017320060815,1,2,0,18,0,0,1,0,0,0,1,1,6,1,25,5,-1,-1,-1,5,3,5
2017320060815,2,9,0,18,0,0,0,0,0,0,2,1,6,1,26,6,-1,-1,-1,5,3,5
2017320061215,1,9,0,18,0,0,1,0,7,0,4,1,6,1,18,4,1120,1,18,7,1,7
2017320061215,2,9,0,18,0,0,0,12,0,0,3,1,6,1,61,9,1999,1,15,3,3,3
2017320061338,1,9,0,16,0,0,0,0,7,3,1,1,6,1,22,5,1388,1,15,1,1,1
2017320061543,1,9,0,9,0,8,0,0,0,0,1,1,6,1,20,4,1396,1,2,1,1,1
2017320061543,2,9,0,18,0,1,1,0,0,0,1,1,6,1,26,6,1242,1,15,8,1,8
2017320061683,1,9,0,18,0,0,0,0,1,0,1,1,6,1,79,11,1242,1,3,5,3,5
2017320061983,1,9,0,9,0,1,0,0,0,0,1,1,6,2,50,8,1798,1,4,8,1,8
2017320061983,2,9,0,18,0,2,0,0,0,0,1,1,6,1,65,9,1587,1,12,3,1,3
2017320062109,1,9,0,18,0,1,0,0,0,0,4,1,6,1,55,8,1997,2,2,6,3,6
2017320062171,1,9,0,16,0,3,2,0,0,7,1,1,6,2,36,7,1796,1,14,3,1,3
2017320062487,1,9,0,18,0,3,0,0,0,0,4,1,6,2,26,6,1968,2,7,8,1,8
2017320062487,2,90,0,18,0,3,0,0,0,0,3,1,6,3,-1,-1,-1,-1,-1,-1,-1,-1
2017320062741,1,9,0,18,0,4,0,0,0,0,1,1,6,1,31,6,-1,-1,-1,-1,-1,-1
2017320062741,2,9,0,18,0,8,0,0,0,0,2,1,6,1,31,6,-1,-1,-1,3,3,3
2017320062744,1,9,0,5,0,8,0,0,0,0,3,1,2,1,46,8,1896,2,15,3,1,3
2017320062744,2,1,0,18,0,1,0,0,0,0,1,1,2,1,21,5,-1,-1,-1,4,1,4
2017320063188,1,9,0,18,0,1,0,0,0,0,3,1,6,1,43,7,1997,2,10,3,1,3
2017320063188,2,19,0,18,0,1,0,0,0,0,3,2,1,1,39,7,-1,-1,-1,-1,-1,-1
2017320063188,3,9,0,4,1,1,0,0,0,0,3,1,2,1,53,8,1956,2,7,2,1,2
2017320063413,1,9,0,18,0,4,0,0,0,0,1,1,6,1,92,11,999,1,5,6,2,6
2017320063413,2,9,0,18,0,3,0,0,0,0,4,1,6,2,18,4,1242,1,5,9,2,9
2017320063454,1,9,0,18,0,0,0,0,0,0,1,1,6,1,71,10,1560,2,5,7,3,7
2017320063454,2,9,0,4,0,0,0,0,0,0,2,1,6,2,72,10,1339,1,8,10,2,10
2017320063535,1,9,0,17,0,0,0,0,7,0,1,1,6,1,75,10,1997,1,15,7,1,7
2017320063535,2,21,1,16,0,0,0,0,0,0,1,1,1,1,55,8,12740,2,6,10,2,10
2017320063535,3,19,0,16,0,0,0,0,0,0,1,1,1,1,37,7,-1,-1,-1,6,1,6
2017320063656,1,21,0,18,0,0,1,0,7,10,1,1,1,1,28,6,11705,2,10,2,1,2
2017320063854,1,9,0,9,0,5,0,0,0,0,1,1,6,2,32,6,999,1,1,4,1,4
2017320063854,2,9,0,17,0,8,0,0,0,0,1,1,2,1,56,9,1686,2,8,8,2,8
2017320064004,1,4,0,16,0,0,0,0,0,0,3,1,6,1,40,7,745,1,2,4,1,4
2017320064053,1,21,5,18,0,0,3,0,1,4,4,1,1,1,66,10,-1,-1,-1,1,1,1
2017320064053,2,21,0,18,0,0,0,0,1,4,1,1,1,1,53,8,7698,2,3,2,1,2
2017320064087,1,9,0,18,0,0,0,0,0,0,1,1,1,2,-1,-1,1997,2,14,8,2,8
2017320064087,2,9,0,18,0,0,0,0,0,0,1,1,1,2,29,6,1248,2,7,5,3,5
2017320064239,1,19,0,13,0,0,0,0,0,0,1,1,1,1,32,6,2799,2,16,4,1,4
2017320064239,2,9,0,18,0,0,0,0,0,0,1,1,1,2,35,6,1242,1,10,-1,-1,-1
2017320064428,1,9,0,18,0,0,2,0,1,1,1,1,2,1,30,6,1242,1,15,2,1,2
2017320064441,1,9,0,7,0,6,1,0,0,0,2,1,1,2,21,5,1248,1,4,5,3,5
2017320064441,2,9,0,18,0,1,0,0,0,0,1,1,1,2,21,5,1197,1,-1,10,2,10
2017320064640,1,9,0,18,0,0,1,0,1,4,3,1,2,1,27,6,1560,2,11,3,1,3
2017320064702,1,20,0,9,0,2,0,0,0,0,1,1,1,1,37,7,2143,2,4,1,1,1
2017320064702,2,9,0,18,0,1,0,0,0,0,4,1,1,2,43,7,1598,1,5,3,3,3
2017320064892,1,21,0,9,0,1,0,0,0,0,0,1,1,1,28,6,4500,2,2,3,1,3
2017320064892,2,9,0,18,0,1,0,0,0,0,1,1,6,1,51,8,1124,1,15,4,1,4
2017320065148,1,9,0,18,0,0,2,0,1,9,1,1,2,1,52,8,1951,2,12,4,1,4
2017320065646,1,9,0,15,0,2,0,0,0,0,1,1,6,2,79,11,1299,1,10,9,2,9
2017320065646,2,9,0,18,0,1,0,0,0,0,1,1,6,1,72,10,-1,-1,-1,9,2,9
2017320065907,1,9,0,18,0,0,0,0,1,0,3,1,6,2,85,11,1590,1,15,5,3,5
2017320065907,2,9,0,18,0,0,0,0,7,0,3,1,6,1,60,9,1968,2,3,9,1,9
2017320066191,1,9,0,16,0,0,2,0,1,9,2,1,2,2,22,5,998,1,11,8,1,8
2017320066448,1,9,0,1,0,0,0,0,0,0,2,1,6,1,51,8,1796,1,15,2,1,2
2017320066448,2,9,0,4,0,0,0,0,0,0,1,1,6,1,62,9,2495,2,14,3,3,3
2017320066893,1,19,0,18,0,0,2,0,1,9,1,1,6,1,42,7,1560,2,10,-1,-1,-1
2017320066939,1,9,0,18,0,0,0,4,0,0,1,1,1,1,27,6,1242,1,10,4,1,4
2017320066939,2,19,0,2,6,0,0,0,0,0,2,1,1,1,56,9,2143,2,5,4,3,4
2017320066997,1,9,0,18,0,1,0,0,0,0,1,1,6,1,33,6,4999,1,12,-1,-1,-1
2017320066997,2,9,0,2,0,2,0,0,7,0,1,1,6,1,54,8,1753,2,13,1,1,1
2017320067119,1,9,0,9,0,5,0,0,0,0,1,1,6,1,69,10,-1,-1,-1,8,2,8
2017320067119,2,9,0,18,0,1,0,0,1,0,3,1,2,2,27,6,1360,1,9,5,2,5
2017320067251,1,9,0,18,0,0,1,0,7,9,1,1,6,2,32,6,1199,1,14,1,1,1
2017320067289,1,9,0,16,0,0,2,0,1,9,1,1,2,2,22,5,-1,-1,-1,5,3,5
2017320067407,1,9,0,18,0,8,0,0,0,0,1,1,6,2,33,6,1560,2,12,3,1,3
2017320067496,1,9,0,18,0,0,2,0,7,0,3,1,1,1,37,7,848,1,21,-1,-1,-1
2017320067508,1,9,0,18,0,1,5,0,6,0,3,1,1,1,29,6,1086,1,8,3,3,3
2017320067640,1,19,0,5,0,8,0,0,0,0,1,1,6,3,-1,-1,-1,-1,-1,-1,-1,-1
2017320067640,2,9,0,18,0,1,0,0,7,11,1,1,6,1,50,8,2198,1,16,4,2,4
2017320067729,1,90,0,18,0,1,0,0,0,0,1,1,6,1,16,4,-1,-1,-1,8,1,8
2017320067729,2,20,0,9,0,2,0,0,0,0,2,1,1,1,50,8,-1,-1,-1,8,2,8
2017320068332,1,9,0,16,0,0,0,0,1,0,0,1,6,2,33,6,2902,2,8,2,1,2
2017320068509,1,9,0,18,0,0,2,0,1,0,1,1,2,2,41,7,1396,1,2,8,1,8
2017320068563,1,9,0,18,0,0,0,0,0,0,1,1,2,1,43,7,2993,2,1,6,1,6
2017320068563,2,9,0,18,0,0,0,0,0,0,2,1,6,2,41,7,1995,2,6,8,1,8
2017320068695,1,9,0,18,0,0,0,0,1,4,1,1,2,2,49,8,1360,1,11,7,2,7
2017320069632,1,9,0,18,0,8,0,0,0,0,4,1,6,1,79,11,998,1,3,2,1,2
2017320070522,1,19,0,18,0,0,2,0,1,4,1,1,1,1,28,6,-1,-1,-1,3,1,3
2017320071734,1,5,0,18,0,1,0,0,1,0,1,1,6,1,54,8,1050,1,3,9,1,9
2017320071938,1,9,0,18,0,4,0,0,0,0,1,1,6,1,27,6,1360,1,14,5,2,5
2017320071938,2,9,0,18,0,4,0,0,0,0,4,1,6,1,26,6,1968,2,-1,9,3,9
2017320071993,1,9,0,18,0,8,2,0,7,1,4,1,6,2,28,6,2198,1,15,3,1,3
2017320071993,2,9,0,5,0,8,0,0,0,0,1,1,6,1,22,5,-1,-1,-1,8,1,8
2017320072591,1,5,0,9,0,5,0,0,1,0,0,1,6,1,58,9,955,1,1,5,3,5
2017320072869,1,9,0,18,0,0,0,0,0,0,1,1,6,1,83,11,1332,1,8,6,3,6
2017320072869,2,9,0,18,0,0,0,0,0,0,1,1,6,1,25,5,1396,1,5,4,1,4
2017320072881,1,9,0,18,0,0,5,0,0,0,1,1,6,1,65,9,-1,-1,-1,7,2,7
2017320072881,2,9,0,18,0,0,0,0,0,0,1,1,6,1,71,10,1596,1,14,4,3,4
2017320073901,1,9,0,18,0,0,0,0,0,0,4,1,6,1,45,7,999,1,2,-1,-1,-1
2017320074430,1,1,0,18,0,1,0,0,0,0,1,1,6,1,77,11,-1,-1,-1,4,1,4
2017320074430,2,9,0,7,0,1,0,0,0,0,3,1,6,3,-1,-1,1390,1,7,-1,-1,-1
2017320074844,1,21,0,18,0,1,0,0,0,0,1,1,1,1,61,9,12777,2,6,-1,-1,-1
2017320074844,2,9,0,3,0,4,0,0,0,0,2,1,6,1,45,7,1910,2,10,4,3,4
2017320075068,1,9,0,18,0,2,1,0,7,0,3,1,2,1,41,7,1896,2,10,6,3,6
2017320075070,1,9,0,18,0,8,0,0,1,4,1,1,6,1,18,4,1390,1,14,8,1,8
2017320075357,1,9,0,17,0,0,1,0,1,4,1,1,2,1,54,8,2993,2,4,7,3,7
2017320075831,1,9,0,4,0,0,2,0,1,9,1,1,6,1,54,8,1998,1,18,3,3,3
2017320075831,2,21,0,18,0,0,0,0,0,0,4,1,1,1,64,9,12777,2,2,-1,-1,-1
2017320075831,3,19,0,4,0,0,0,0,0,0,2,1,1,1,25,5,2143,2,2,-1,-1,-1
2017320075901,1,5,0,2,9,8,0,0,0,0,1,1,6,1,62,9,748,1,28,3,2,3
2017320076075,1,9,0,1,0,0,0,0,0,0,2,1,6,2,33,6,2179,2,3,9,1,9
2017320076329,1,9,0,18,0,2,0,0,0,0,2,1,6,1,27,6,1998,2,9,5,1,5
2017320076329,2,3,0,18,0,8,0,0,0,0,3,1,1,1,48,8,124,1,3,4,1,4
2017320076356,1,3,0,18,0,0,0,0,1,0,1,1,2,1,45,7,113,1,1,1,1,1
2017320076860,1,9,0,18,0,5,0,10,1,3,1,2,6,2,81,11,1598,1,10,8,1,8
2017320077790,1,9,0,18,0,1,0,0,0,0,1,1,6,3,-1,-1,1397,1,15,-1,-1,-1
2017320077790,2,9,0,3,0,1,0,0,0,0,2,1,6,2,43,7,1796,1,12,-1,-1,-1
2017320077939,1,9,0,9,0,6,0,0,0,0,1,1,4,2,77,11,1390,1,7,8,1,8
2017320077939,2,9,0,8,0,6,0,0,0,0,4,1,2,2,28,6,-1,-1,-1,2,1,2
2017320078370,1,9,0,18,0,1,1,9,0,1,1,1,6,1,23,5,1796,1,11,5,3,5
2017320078514,1,9,0,1,0,0,0,0,0,0,2,1,6,3,-1,-1,-1,-1,-1,-1,-1,-1
2017320079363,1,19,0,18,0,0,5,0,1,11,1,1,1,1,30,6,2299,2,1,2,3,2
2017320080044,1,9,0,18,0,0,0,0,0,0,1,1,6,1,32,6,1968,2,13,3,3,3
2017320080044,2,1,0,18,0,0,0,0,1,0,2,1,6,1,32,6,-1,-1,-1,-1,-1,-1
2017320080437,1,9,0,18,0,3,0,0,0,0,1,1,6,3,-1,-1,1998,1,10,-1,-1,-1
2017320080437,2,9,0,18,0,3,0,0,0,0,2,1,6,2,32,6,1968,1,12,7,3,7
2017320080456,1,9,0,5,0,6,0,0,0,0,1,1,6,2,56,9,1242,1,2,6,1,6
2017320080456,2,9,0,18,0,1,0,0,0,0,1,1,6,2,48,8,-1,-1,-1,9,1,9
2017320081823,1,9,0,16,0,0,0,0,1,0,1,1,6,1,25,5,1998,1,15,3,3,3
2017320082265,1,20,0,18,0,0,1,0,1,0,1,1,1,1,48,8,-1,-1,-1,7,1,7
2017320082666,1,9,0,18,0,3,0,0,0,0,1,1,6,3,-1,-1,-1,-1,-1,-1,-1,-1
2017320082672,1,9,0,18,0,1,0,0,3,0,1,1,2,2,21,5,1398,1,3,7,1,7
2017320083642,1,2,0,18,0,1,0,0,0,0,1,1,1,1,45,7,49,1,13,1,1,1
2017320083642,2,11,0,5,0,6,0,0,0,0,0,1,1,1,41,7,6374,2,7,2,1,2
2017320083759,1,20,0,18,0,0,0,0,0,0,3,1,6,1,67,10,2496,2,31,8,3,8
2017320083759,2,9,0,18,0,0,0,0,0,0,2,1,6,1,52,8,1124,1,19,3,1,3
2017320083759,3,9,0,18,0,0,0,0,0,0,3,1,6,1,46,8,1390,1,14,8,1,8
2017320083775,1,9,0,4,0,3,0,0,0,0,1,1,6,1,81,11,1396,1,2,4,3,4
2017320083832,1,9,0,18,0,0,0,0,1,0,1,1,6,2,25,5,1595,1,9,9,3,9
2017320084707,1,9,0,7,0,4,0,0,0,0,1,1,6,1,54,8,1796,1,11,5,1,5
2017320084707,2,9,0,11,0,3,0,0,0,0,1,1,6,1,54,8,-1,-1,-1,-1,-1,-1
2017320084868,1,9,0,5,9,0,0,0,1,10,1,1,6,2,85,11,1364,1,8,7,2,7
2017320085406,1,21,0,18,0,0,5,0,7,0,4,1,1,1,64,9,12740,2,5,5,1,5
2017320085437,1,9,0,17,0,2,1,0,1,3,3,1,2,2,23,5,1360,1,18,5,3,5
2017320086432,1,9,0,5,0,0,0,0,0,0,1,1,6,1,72,10,1686,2,13,4,3,4
2017320086432,2,9,0,14,0,0,0,0,0,0,1,1,6,2,74,10,2493,1,13,4,3,4
2017320087280,1,9,0,9,0,1,0,0,0,0,1,1,2,1,43,7,1997,1,15,3,1,3
2017320087280,2,9,0,18,0,1,0,0,0,0,1,1,6,1,59,9,2499,1,7,8,3,8
2017320087306,1,9,0,16,0,0,5,0,1,0,1,1,6,1,28,6,1956,2,8,10,1,10
2017320087337,1,8,0,4,9,0,0,0,1,2,1,1,6,1,45,7,1896,2,14,2,1,2
2017320087592,1,9,0,18,0,1,0,0,0,0,1,1,6,2,51,8,1398,2,2,6,2,6
2017320087793,1,8,0,18,0,0,0,0,0,0,1,1,1,1,38,7,1968,2,10,-1,-1,-1
2017320088436,1,9,0,18,0,2,0,0,0,0,4,1,6,1,35,6,-1,-1,-1,-1,-1,-1
2017320088751,1,9,0,18,0,0,0,0,0,0,3,1,6,2,29,6,1598,1,4,4,1,4
2017320088751,2,9,0,18,0,0,0,0,0,0,3,1,6,2,33,6,1582,2,5,9,2,9
2017320088753,1,9,0,17,0,0,1,0,1,4,1,1,6,1,50,8,1461,2,10,2,1,2
2017320088870,1,9,0,9,0,1,0,0,0,0,2,1,6,2,21,5,999,1,16,8,1,8
2017320088870,2,9,0,18,0,1,0,0,0,0,1,1,6,1,60,9,-1,-1,-1,8,1,8
2017320089112,1,9,0,18,0,0,0,0,1,10,1,1,6,1,26,6,2967,2,9,-1,-1,-1
2017320089161,1,9,0,18,0,1,0,0,0,0,1,1,6,1,20,4,1796,1,12,4,1,4
2017320089161,2,9,0,18,0,1,0,0,1,0,1,1,2,1,41,7,1951,2,15,4,1,4
2017320089411,1,9,0,18,0,0,0,0,0,0,1,1,1,2,19,4,1360,1,15,3,3,3
2017320090186,1,11,0,18,0,0,0,0,0,0,4,1,1,1,55,8,8268,2,14,6,3,6
2017320090400,1,9,0,5,0,4,0,0,0,0,3,1,2,2,-1,-1,-1,-1,-1,3,1,3
2017320090400,2,1,0,18,0,8,0,0,0,0,1,1,6,1,49,8,-1,-1,-1,-1,-1,-1
2017320090470,1,9,0,16,0,0,0,0,0,0,4,1,6,1,81,11,1997,1,13,6,1,6
2017320090497,1,9,0,7,0,1,0,0,0,0,1,1,6,2,70,10,2143,2,3,-1,-1,-1
2017320090497,2,1,0,18,0,8,0,0,0,0,1,1,6,1,60,9,-1,-1,-1,-1,-1,-1
2017320090566,1,22,0,5,9,0,0,0,0,0,1,1,6,1,-1,-1,-1,-1,-1,-1,-1,-1
2017320091081,1,9,0,18,6,0,0,0,1,0,3,1,3,1,17,4,973,1,16,7,2,7
2017320091081,2,9,0,18,0,0,0,0,1,11,1,1,6,1,18,4,1798,1,2,3,3,3
2017320091403,1,9,0,16,0,0,5,0,1,0,1,1,6,1,70,10,1398,2,11,4,3,4
2017320091509,1,9,0,18,0,0,0,0,1,9,4,1,6,1,23,5,1149,1,16,9,2,9
2017320091776,1,9,0,18,0,0,1,0,7,0,1,1,3,2,35,6,2967,2,3,5,3,5
2017320091776,2,11,0,18,0,0,0,0,7,10,1,1,1,1,68,10,5883,2,15,-1,-1,-1
2017320091946,1,9,0,5,0,6,0,0,0,0,1,1,6,2,50,8,1560,2,8,8,3,8
2017320091946,2,9,0,18,0,1,1,0,7,9,1,1,6,1,48,8,1229,1,6,-1,-1,-1
2017320092083,1,9,0,18,0,1,0,0,3,0,2,1,1,2,21,5,1124,1,13,3,3,3
2017320092083,2,9,0,18,0,1,0,0,0,0,1,1,6,1,61,9,1956,2,8,1,1,1
2017320092192,1,9,0,9,0,5,0,0,0,0,1,1,6,1,26,6,1248,2,6,4,1,4
2017320092192,2,19,0,3,0,6,0,0,0,0,1,1,6,1,41,7,1248,2,9,2,1,2
2017320092192,3,9,0,18,0,2,0,0,1,0,1,1,6,1,35,6,1796,1,20,8,2,8
2017320093304,1,20,0,5,0,2,0,0,0,0,1,1,1,1,20,4,-1,-1,-1,-1,-1,-1
2017320093304,2,9,0,18,0,1,0,0,0,0,1,1,2,2,28,6,1368,1,10,3,1,3
2017320093320,1,2,0,18,0,1,0,0,0,0,4,1,1,1,16,4,49,1,-1,8,1,8
2017320093320,2,98,1,9,0,1,0,0,0,0,1,1,1,1,42,7,-1,-1,-1,-1,-1,-1
2017320093664,1,9,0,4,0,1,0,0,0,0,1,1,6,1,28,6,3227,2,16,1,1,1
2017320093664,2,9,0,4,0,1,0,0,0,0,2,1,6,1,61,9,1248,1,2,5,1,5
2017320094100,1,9,0,18,0,3,1,0,1,2,3,1,6,1,35,6,1796,1,18,1,1,1
2017320094310,1,9,0,18,0,0,0,4,0,0,1,1,6,1,32,6,1388,1,15,5,2,5
2017320094310,2,9,0,2,0,0,0,0,0,0,2,1,6,3,24,5,2171,2,14,2,2,2
2017320094357,1,9,0,18,0,8,0,0,0,0,2,1,6,1,69,10,1997,2,9,7,3,7
2017320094357,2,9,0,18,0,1,1,0,1,0,1,1,6,1,74,10,1388,1,5,5,2,5
2017320094478,1,9,0,16,0,0,1,0,1,9,2,1,6,2,18,4,1299,1,13,9,3,9
2017320094633,1,19,0,18,0,6,0,0,0,0,3,1,6,3,-1,-1,2198,2,10,-1,-1,-1
2017320094633,2,1,0,18,0,1,0,0,0,0,4,1,6,2,28,6,-1,-1,-1,9,1,9
2017320094685,1,9,0,9,0,8,0,0,0,0,1,1,6,1,42,7,1149,1,12,5,1,5
2017320094685,2,1,0,18,0,8,0,0,0,0,1,1,6,2,59,9,-1,-1,-1,7,1,7
2017320094756,1,9,0,18,0,0,1,0,7,0,1,1,1,1,42,7,1998,2,12,6,2,6
2017320095727,1,9,0,18,0,1,0,0,0,0,4,1,6,2,41,7,1598,2,2,4,1,4
2017320095879,1,9,0,4,0,1,0,11,0,0,1,1,2,2,17,4,1360,1,15,3,2,3
2017320095879,2,1,0,18,9,6,0,0,0,0,4,1,6,1,89,11,-1,-1,-1,1,1,1
2017320096269,1,9,0,12,0,0,0,0,0,0,3,1,6,1,53,8,1968,2,1,7,3,7
2017320096269,2,9,0,18,0,0,5,0,7,0,4,1,1,2,51,8,1598,2,6,9,2,9
2017320096724,1,19,0,7,0,2,0,0,0,0,3,1,6,3,-1,-1,-1,-1,-1,-1,-1,-1
2017320097041,1,9,0,9,0,1,0,0,0,0,4,1,6,1,-1,-1,2401,2,11,-1,-1,-1
2017320097041,2,9,0,18,0,1,0,0,0,0,1,1,6,1,73,10,1242,1,5,3,3,3
2017320098208,1,9,0,18,0,1,0,0,0,0,1,1,6,3,-1,-1,-1,-1,-1,-1,-1,-1
2017320098464,1,9,0,18,0,2,1,10,0,0,1,1,6,1,19,4,-1,-1,-1,8,3,8
2017320098532,1,9,0,18,0,2,0,0,7,10,4,1,6,2,72,10,1388,1,6,6,2,6
2017320098532,2,9,0,18,0,1,0,0,0,0,1,1,6,1,57,9,1798,8,1,3,3,3
2017320099606,1,9,0,7,0,1,0,0,0,0,4,1,6,2,22,5,1399,2,11,10,1,10
2017320099606,2,1,0,17,0,1,0,0,0,0,4,1,6,1,-1,-1,-1,-1,-1,8,1,8
2017320100014,1,9,0,18,0,0,0,0,7,0,1,1,1,1,25,5,998,1,5,6,1,6
2017320100401,1,9,0,4,0,0,0,0,0,0,2,1,6,2,37,7,998,1,2,-1,-1,-1
2017320100401,2,1,0,18,0,0,0,0,0,0,1,1,6,1,21,5,-1,-1,-1,5,3,5
2017320100438,1,9,0,5,0,6,0,0,0,0,2,1,2,2,18,4,998,1,8,7,2,7
2017320100438,2,9,0,18,0,2,0,0,0,0,1,1,6,2,24,5,1389,1,17,6,2,6
2017320101295,1,9,0,18,0,0,0,0,0,0,1,1,2,2,41,7,1598,2,7,4,3,4
2017320101295,2,9,0,2,0,0,0,0,0,0,2,1,6,1,41,7,1796,1,14,5,2,5
2017320101311,1,9,0,18,0,0,0,0,0,0,1,1,6,1,19,4,1229,1,6,9,1,9
2017320101311,2,9,0,18,0,0,0,0,0,0,2,1,6,1,36,7,1199,1,16,3,1,3
2017320101392,1,11,0,4,0,4,0,0,0,0,1,1,1,1,-1,-1,-1,-1,-1,-1,-1,-1
2017320101392,2,9,0,4,0,4,0,0,0,0,2,1,6,2,-1,-1,1560,2,2,-1,-1,-1
2017320102195,1,1,0,18,0,0,0,0,0,0,1,1,6,1,61,9,-1,-1,-1,-1,-1,-1
2017320102195,2,19,0,2,0,0,0,0,0,0,2,1,1,1,27,6,1598,2,2,5,2,5
2017320102517,1,9,0,18,0,0,0,0,0,0,1,1,6,1,86,11,1560,2,9,8,1,8
2017320102517,2,20,0,18,0,0,0,0,0,0,1,1,2,1,47,8,-1,-1,-1,3,3,3
2017320102760,1,19,0,18,0,0,2,0,1,10,1,1,1,1,46,8,1598,2,-1,9,3,9
2017320104354,1,9,0,18,0,0,1,0,1,4,1,1,6,1,28,6,1796,1,11,4,1,4
2017320104491,1,9,0,18,0,1,0,0,0,0,1,1,6,3,-1,-1,-1,-1,-1,-1,-1,-1
2017320104491,2,9,0,18,0,1,0,0,0,0,2,1,6,1,59,9,-1,-1,-1,4,3,4
2017320104897,1,5,0,18,0,0,1,0,1,2,1,1,6,1,25,5,821,1,3,-1,-1,-1
2017320105011,1,20,0,18,0,0,0,0,0,0,1,1,6,1,53,8,-1,-1,-1,3,3,3
2017320105011,2,1,0,18,0,0,0,0,0,0,2,1,6,1,46,8,-1,-1,-1,4,1,4
2017320105124,1,9,0,5,0,0,0,0,0,0,1,1,6,1,56,9,5935,1,13,5,1,5
2017320105124,2,3,0,18,0,0,1,0,0,0,1,1,1,1,20,4,108,1,1,6,1,6
2017320105689,1,9,0,17,0,0,1,0,2,7,1,1,2,1,23,5,1149,1,13,4,1,4
2017320106177,1,9,0,13,0,0,0,0,0,0,4,1,6,2,22,5,1240,1,9,7,3,7
2017320106177,2,9,0,18,0,0,0,0,1,0,3,1,6,1,25,5,1390,1,12,5,1,5
2017320106359,1,90,0,18,0,0,0,0,0,0,1,1,6,3,-1,-1,-1,-1,-1,-1,-1,-1
2017320106359,2,2,0,18,0,0,0,0,1,0,4,1,1,1,55,8,49,1,-1,7,1,7
2017320106604,1,9,0,9,0,8,0,0,0,0,4,1,6,1,31,6,1798,1,11,7,1,7
2017320106604,2,4,0,18,0,8,0,0,0,0,1,1,6,1,46,8,-1,-1,-1,7,1,7
2017320106633,1,5,0,17,0,0,0,0,0,0,4,1,4,1,54,8,599,1,19,-1,-1,-1
2017320106694,1,9,0,18,9,0,0,0,0,0,1,1,6,3,-1,-1,1242,1,11,-1,-1,-1
2017320107208,1,9,0,9,0,8,0,0,0,0,1,1,6,1,40,7,1324,1,18,2,1,2
2017320107208,2,3,0,18,0,1,0,0,0,0,1,1,1,1,21,5,108,1,1,1,1,1
2017320107641,1,9,0,18,0,0,0,4,1,0,1,1,2,1,46,8,998,1,2,7,3,7
2017320107641,2,9,0,2,0,0,0,0,1,0,1,1,6,3,-1,-1,1388,1,5,-1,-1,-1
2017320108716,1,9,0,13,0,0,0,0,0,0,1,1,6,1,41,7,1956,2,6,8,1,8
2017320108716,2,9,0,18,0,0,0,0,1,9,1,1,6,1,60,9,1796,1,14,-1,-1,-1