Accident_Index,Vehicle_Reference,Vehicle_Type,Towing_and_Articulation,Vehicle_Manoeuvre,Vehicle_Location-Restricted_Lane,Junction_Location,Skidding_and_Overturning,Hit_Object_in_Carriageway,Vehicle_Leaving_Carriageway,Hit_Object_off_Carriageway,1st_Point_of_Impact,Was_Vehicle_Left_Hand_Drive?,Journey_Purpose_of_Driver,Sex_of_Driver,Age_of_Driver,Age_Band_of_Driver,Engine_Capacity_(CC),Propulsion_Code,Age_of_Vehicle,Driver_IMD_Decile,Driver_Home_Area_Type,Vehicle_IMD_Decile
2017320108949,1,19,0,18,0,1,0,0,0,0,1,1,6,1,48,8,2499,2,15,3,1,3
2017320108949,2,9,0,18,0,1,0,0,0,0,2,1,1,2,50,8,1910,2,12,-1,-1,-1
2017320108949,3,9,0,18,0,1,0,0,0,0,2,1,1,1,29,6,2148,2,8,3,1,3
2017320108960,1,9,0,9,0,8,0,0,0,0,1,1,6,1,50,8,1461,2,6,8,1,8
2017320108960,2,9,0,18,0,1,0,0,0,0,1,1,6,2,44,7,1587,1,12,6,2,6
2017320109415,1,9,0,9,0,1,0,0,0,0,1,1,6,1,45,7,1896,2,11,2,1,2
2017320109415,2,9,0,16,0,1,0,0,0,0,0,1,6,1,48,8,1796,1,16,2,1,2
2017320109664,1,21,0,18,0,1,0,5,0,5,1,1,1,1,50,8,12740,2,7,8,1,8
2017320110114,1,9,0,6,0,0,1,0,0,0,1,1,6,2,40,7,898,1,2,4,1,4
2017320110114,2,9,0,16,0,0,0,0,0,0,1,1,6,2,27,6,1124,1,16,3,3,3
2017320110280,1,9,0,16,0,0,1,0,7,9,1,1,6,1,23,5,-1,-1,-1,3,1,3
2017320110301,1,9,0,5,0,4,5,0,0,0,3,1,6,2,42,7,1199,1,13,5,3,5
2017320110301,2,9,0,18,0,4,0,0,0,0,1,1,6,1,19,4,1390,1,2,2,1,2
2017320110634,1,5,0,18,0,0,0,0,1,9,1,1,6,1,53,8,998,1,38,3,1,3
2017320110712,1,9,0,16,0,0,0,0,7,10,1,1,6,1,22,5,1299,1,14,7,3,7
2017320111039,1,9,0,9,0,8,0,0,0,0,1,1,6,2,38,7,1796,1,4,6,1,6
2017320112033,1,9,0,18,0,0,0,0,0,0,1,1,6,1,79,11,1596,1,9,3,1,3
2017320112033,2,9,0,2,0,0,0,0,0,0,1,1,6,2,26,6,1596,1,10,1,1,1
2017320112440,1,19,0,7,0,1,0,0,0,0,4,1,1,1,26,6,2198,2,1,2,1,2
2017320112440,2,1,0,18,0,1,0,0,0,0,1,1,1,1,38,7,-1,-1,-1,8,3,8
2017320112796,1,9,0,18,0,0,0,0,0,0,1,1,1,1,31,6,1229,1,11,1,1,1
2017320113367,1,9,0,9,0,8,0,0,0,0,1,1,6,2,81,11,-1,-1,-1,9,3,9
2017320113367,2,9,0,18,0,8,0,0,1,0,1,1,6,1,69,10,1499,1,-1,8,3,8
2017320113912,1,9,0,18,0,1,0,0,0,0,1,1,2,2,43,7,1910,2,10,2,1,2
2017320113912,2,9,0,18,0,1,0,0,0,0,2,1,6,2,66,10,1997,2,1,7,3,7
2017320115331,1,9,0,18,0,0,0,0,0,0,4,1,3,2,57,9,1975,1,7,5,3,5
2017320115338,1,3,0,18,0,8,0,0,0,0,0,1,6,1,25,5,124,1,2,2,2,2
2017320115338,2,16,0,18,0,8,0,0,0,0,0,1,6,2,39,7,-1,-1,-1,1,2,1
2017320115460,1,9,0,14,0,0,0,0,0,0,1,1,6,2,55,8,1794,1,16,9,2,9
2017320115460,2,9,0,18,0,0,0,0,0,0,1,1,6,1,29,6,1240,1,13,-1,-1,-1
2017320115574,1,9,0,9,0,6,0,0,0,0,1,1,6,1,29,6,1596,1,6,10,1,10
2017320115574,2,9,0,18,0,1,0,0,0,0,4,1,2,2,55,8,2000,2,5,4,2,4
2017320115597,1,8,0,18,0,2,0,0,0,0,1,1,6,1,55,8,2231,2,5,1,1,1
2017320116045,1,9,0,18,0,0,0,0,0,0,1,1,6,2,28,6,-1,-1,-1,7,3,7
2017320116045,2,21,1,18,0,0,1,0,0,0,1,1,1,1,44,7,12902,2,2,1,1,1
2017320117709,1,9,0,7,0,6,0,0,0,0,2,1,2,2,30,6,1560,2,7,5,3,5
2017320117709,2,9,0,18,0,1,0,0,1,0,4,1,2,1,34,6,1686,2,11,-1,-1,-1
2017320117745,1,9,0,18,0,0,0,0,1,3,1,1,6,1,37,7,1798,1,13,4,3,4
2017320118075,1,9,0,17,0,8,1,0,1,10,1,1,6,1,84,11,1242,1,11,1,1,1
2017320118377,1,9,0,9,0,6,0,0,0,0,1,1,2,2,18,4,1242,1,-1,5,1,5
2017320118377,2,9,0,18,0,8,0,0,0,0,1,1,6,2,35,6,1686,2,10,4,1,4
2017320118395,1,9,0,16,0,3,1,0,7,1,4,1,6,1,32,6,1242,1,13,5,3,5
2017320119821,1,5,0,5,0,2,0,0,0,0,3,1,1,1,46,8,-1,-1,-1,6,1,6
2017320119821,2,9,0,18,0,1,0,0,0,0,4,1,6,2,73,10,1398,1,2,7,3,7
2017320119822,1,9,0,13,0,0,0,0,1,0,0,1,6,1,19,4,1598,1,13,4,3,4
2017320119822,2,9,0,18,0,0,5,0,0,0,0,1,1,2,34,6,1560,2,8,9,2,9
2017320119941,1,9,0,17,0,0,0,0,7,9,1,1,2,2,30,6,1598,2,3,5,1,5
2017320120051,1,4,0,18,6,0,2,0,7,0,1,1,6,1,18,4,125,1,5,5,3,5
2017320120148,1,1,0,18,9,1,0,0,0,0,1,1,2,1,18,4,-1,-1,-1,9,2,9
2017320120148,2,9,0,5,9,6,0,0,0,0,3,1,6,1,-1,-1,-1,-1,-1,8,2,8
2017320120181,1,20,0,18,0,0,0,0,1,4,1,1,1,1,29,6,-1,-1,-1,1,1,1
2017320120512,1,9,0,18,0,2,0,0,0,0,1,1,6,2,18,4,998,1,5,6,2,6
2017320121153,1,9,0,7,0,8,0,0,0,0,3,1,6,1,27,6,1997,2,14,5,2,5
2017320121153,2,8,0,9,0,8,0,0,0,0,4,1,1,2,31,6,998,1,10,5,2,5
2017320121974,1,9,0,18,0,8,5,0,0,0,1,1,2,2,20,4,1360,1,12,6,2,6
2017320121974,2,9,0,18,0,8,0,0,0,0,1,1,6,1,80,11,1396,1,13,-1,-1,-1
2017320122219,1,9,0,18,0,0,0,0,1,0,1,1,6,2,61,9,1240,1,9,10,1,10
2017320122219,2,9,3,18,0,0,3,0,1,0,1,1,6,1,65,9,-1,-1,-1,6,3,6
2017320122804,1,9,0,14,0,4,0,0,2,0,3,1,6,3,-1,-1,-1,-1,-1,-1,-1,-1
2017320122804,2,9,0,18,0,4,0,0,0,0,4,1,6,1,63,9,1248,1,1,2,1,2
2017320122808,1,9,0,18,0,0,0,0,0,0,1,1,6,2,68,10,1598,1,15,7,3,7
2017320122808,2,9,0,18,0,0,0,0,1,0,1,1,6,2,34,6,2995,1,-1,5,3,5
2017320123182,1,9,4,18,0,0,0,0,0,0,4,1,1,1,68,10,4367,2,2,6,3,6
2017320123182,2,1,0,18,0,0,0,0,0,0,1,1,6,1,61,9,-1,-1,-1,9,2,9
2017320123254,1,9,0,18,0,0,2,0,7,10,1,1,6,1,18,4,-1,-1,-1,5,3,5
2017320123309,1,19,0,12,0,1,0,0,0,0,3,1,6,1,27,6,-1,-1,-1,-1,-1,-1
2017320123309,2,9,0,13,0,1,1,7,8,6,4,1,1,1,42,7,2143,2,2,6,2,6
2017320124384,1,9,0,7,0,6,0,0,0,0,4,1,6,1,88,11,1598,1,16,4,3,4
2017320124559,1,5,0,18,0,0,1,0,0,0,1,1,6,2,34,6,599,1,16,-1,-1,-1
2017320124660,1,9,0,17,0,0,0,0,1,11,1,1,6,2,85,11,1598,1,7,5,3,5
2017320124709,1,9,0,1,7,6,0,0,0,0,2,1,6,1,20,4,1389,1,14,-1,-1,-1
2017320124709,2,9,0,18,1,1,0,0,0,0,4,1,6,1,33,6,1799,1,11,9,1,9
2017320124807,1,9,0,18,0,0,1,0,7,4,1,1,6,1,48,8,1995,2,5,2,1,2
2017320124996,1,9,0,18,0,2,0,0,0,0,3,1,6,1,30,6,2143,2,5,6,2,6
2017320125139,1,9,0,5,0,8,0,0,0,0,3,1,6,1,19,4,1596,1,12,1,1,1
2017320125139,2,9,0,18,0,1,0,0,0,0,1,1,6,1,-1,-1,1368,1,7,2,1,2
2017320125189,1,9,0,15,0,0,0,0,1,0,1,1,6,1,17,4,998,1,5,7,2,7
2017320125339,1,5,0,7,0,0,2,0,7,0,1,1,6,1,42,7,690,1,2,-1,-1,-1
2017320125339,2,9,0,9,0,0,0,0,0,0,1,1,6,2,55,8,-1,-1,-1,-1,-1,-1
2017320125403,1,5,0,17,0,0,0,0,1,0,1,1,2,1,29,6,599,1,18,2,1,2
2017320125548,1,9,0,12,0,1,0,0,0,0,4,1,6,1,19,4,1997,2,18,4,2,4
2017320125548,2,9,0,18,0,1,0,0,0,0,1,1,6,1,45,7,998,1,10,2,1,2
2017320125755,1,9,0,13,0,0,5,0,7,9,4,1,6,1,34,6,1390,1,13,7,3,7
2017320125755,2,17,0,9,0,0,0,0,0,0,3,1,1,1,58,9,-1,2,9,-1,-1,-1
2017320125889,1,9,0,18,0,0,1,0,0,0,1,1,6,1,48,8,1360,1,14,4,1,4
2017320125889,2,9,0,3,0,0,0,0,0,0,2,1,6,1,52,8,998,1,11,8,2,8
2017320125889,3,9,0,3,0,0,0,0,0,0,2,1,6,1,34,6,1798,8,2,8,1,8
2017320126000,1,9,0,18,0,1,1,0,0,0,1,1,6,1,34,6,1998,2,15,4,1,4
2017320126000,2,9,0,9,0,8,0,0,7,0,4,1,6,1,57,9,2982,2,3,8,2,8
2017320126073,1,5,0,18,0,8,0,0,0,0,1,1,6,1,51,8,999,1,9,6,3,6
2017320126073,2,9,0,7,0,8,0,0,0,0,3,1,6,2,40,7,1560,2,1,-1,-1,-1
2017320126131,1,9,0,18,0,1,0,4,0,0,3,1,6,1,20,4,1796,1,15,1,1,1
2017320126131,2,9,0,2,0,1,0,0,0,0,3,1,6,1,20,4,1364,1,11,1,1,1
2017320126131,3,9,0,2,0,1,0,0,0,0,4,1,6,1,52,8,1560,2,6,1,1,1
2017320126131,4,19,0,2,0,1,0,0,0,0,1,1,6,2,31,6,2151,2,14,3,1,3
2017320126131,5,9,0,2,0,1,0,0,0,0,1,1,6,1,33,6,1461,2,4,1,1,1
2017320126227,1,9,0,17,0,0,5,0,7,11,1,1,6,1,37,7,1396,1,19,4,1,4
2017320126365,1,9,0,17,0,0,0,0,7,9,1,1,6,1,25,5,1998,1,13,3,3,3
2017320126365,2,9,0,16,0,0,0,0,0,0,1,1,6,1,54,8,1398,1,6,3,3,3
2017320127099,1,9,0,18,0,1,0,0,0,0,1,1,6,3,-1,-1,-1,-1,-1,-1,-1,-1
2017320127236,1,5,0,18,0,1,0,0,0,0,1,1,6,1,29,6,599,1,11,9,3,9
2017320127236,2,9,0,4,0,1,0,0,0,0,3,1,6,2,64,9,2494,1,12,5,2,5
2017320127241,1,5,0,18,0,0,1,0,7,0,3,1,6,1,53,8,800,1,4,5,1,5
2017320127291,1,9,0,14,9,1,0,10,7,10,1,1,6,1,33,6,-1,-1,-1,2,1,2
2017320127291,2,9,0,9,0,5,0,0,0,0,0,1,2,1,26,6,1753,2,11,1,1,1
2017320127514,1,9,0,18,0,0,0,0,0,0,1,1,6,1,25,5,1368,1,7,-1,-1,-1
2017320127689,1,9,0,18,0,0,2,0,1,0,1,1,6,1,28,6,-1,-1,-1,4,1,4
2017320127689,2,9,0,18,0,0,0,0,0,0,2,1,6,1,23,5,1999,1,9,5,1,5
2017320127832,1,9,0,18,0,2,1,0,7,0,3,1,6,2,32,6,1796,1,14,5,2,5
2017320127948,1,9,0,17,0,0,0,0,0,0,1,2,6,1,44,7,-1,-1,-1,4,3,4
2017320127948,2,9,0,16,0,0,0,0,0,0,1,1,6,1,21,5,-1,-1,-1,-1,-1,-1
2017320127979,1,1,0,18,0,0,0,0,0,0,1,1,6,1,25,5,-1,-1,-1,-1,-1,-1
2017320128012,1,9,0,18,0,1,0,0,0,0,1,1,6,1,18,4,-1,-1,-1,-1,-1,-1
2017320128012,2,9,0,9,0,1,0,0,0,0,2,1,6,2,34,6,1896,2,14,8,1,8
2017320128265,1,9,0,7,0,5,0,0,0,0,1,1,6,3,-1,-1,1395,1,1,-1,-1,-1
2017320128645,1,9,0,13,0,6,0,0,0,0,1,1,6,2,57,9,2199,2,6,9,1,9
2017320128645,2,9,0,18,0,2,0,0,1,0,3,1,6,1,65,9,1598,2,-1,7,3,7
2017320128709,1,9,0,5,0,1,0,0,0,0,1,1,6,1,24,5,1124,1,14,-1,-1,-1
2017320128911,1,9,0,9,0,8,0,0,0,0,2,1,6,1,56,9,1364,1,11,5,2,5
2017320128911,2,9,0,18,0,1,0,0,0,0,1,1,6,1,35,6,1997,1,12,9,3,9
2017320129012,1,9,0,7,0,5,0,4,0,0,1,1,2,1,20,4,1560,2,7,6,1,6
2017320129012,2,9,0,7,3,1,0,0,0,0,1,1,2,2,38,7,2204,2,8,9,1,9
2017320130049,1,1,0,18,9,0,0,0,0,0,1,1,6,1,7,2,-1,-1,-1,3,1,3
2017320130049,2,9,0,9,9,0,0,0,0,0,3,1,6,3,-1,-1,1461,2,5,-1,-1,-1
2017320130082,1,9,0,9,0,6,1,0,0,0,1,1,6,1,41,7,1560,2,12,3,1,3
2017320130082,2,9,0,3,0,1,0,0,0,0,2,1,6,2,32,6,1242,1,1,-1,-1,-1
2017320130131,1,19,0,10,0,1,0,0,0,0,1,1,1,1,32,6,-1,-1,-1,1,1,1
2017320130131,2,9,0,16,0,1,0,0,0,0,4,1,6,2,21,5,-1,-1,-1,3,3,3
2017320130258,1,9,0,18,0,1,0,0,0,0,1,1,1,2,52,8,-1,-1,-1,8,1,8
2017320130258,2,9,0,9,0,1,0,0,7,1,1,1,6,2,43,7,2143,2,1,6,3,6
2017320130421,1,8,0,18,0,0,0,0,0,0,3,1,1,1,54,8,1798,1,9,3,1,3
2017320130472,1,98,1,18,0,0,0,0,0,0,1,1,1,1,55,8,-1,-1,-1,3,2,3
2017320130472,2,9,0,4,0,0,0,0,1,0,2,1,6,1,45,7,-1,-1,-1,2,1,2
2017320130473,1,9,0,9,0,2,0,0,0,0,3,1,6,2,38,7,1398,1,6,5,3,5
2017320130473,2,9,0,17,0,6,0,0,0,0,1,1,6,2,46,8,-1,-1,-1,1,1,1
2017320130813,1,1,0,16,0,2,0,0,0,0,1,1,6,1,25,5,-1,-1,-1,5,1,5
2017320130845,1,19,0,18,0,1,0,0,7,9,1,1,1,1,55,8,1461,2,12,9,1,9
2017320130845,2,9,0,9,0,1,0,0,0,0,3,1,6,1,25,5,1998,2,13,6,3,6
2017320130857,1,9,0,10,0,1,0,0,7,1,4,1,1,2,36,7,1229,1,9,8,1,8
2017320130857,2,19,0,18,0,8,0,0,0,0,1,1,1,1,-1,-1,1995,2,-1,-1,-1,-1
2017320131440,1,9,0,18,0,0,0,0,1,0,4,1,6,2,19,4,998,1,14,10,2,10
2017320131701,1,5,0,18,0,3,1,10,0,0,0,1,6,1,54,8,950,1,16,3,1,3
2017320131751,1,9,0,18,0,0,0,0,0,0,0,1,6,1,80,11,1598,1,10,6,1,6
2017320132088,1,9,0,16,0,0,0,0,0,0,1,1,6,1,18,4,1868,2,18,7,1,7
2017320132433,1,9,0,11,0,0,1,0,1,9,1,1,6,1,79,11,1997,1,13,-1,-1,-1
2017320133141,1,9,0,9,0,8,0,0,0,0,4,1,2,1,55,8,1992,2,11,2,1,2
2017320133141,2,21,1,18,0,8,0,0,0,0,1,1,1,1,46,8,-1,-1,-1,6,2,6
2017320133656,1,9,0,17,0,0,0,0,7,9,1,1,6,1,26,6,2099,2,10,4,3,4
2017320133669,1,9,0,2,0,0,0,0,0,0,3,1,6,1,43,7,1242,1,13,-1,-1,-1
2017320133669,2,9,0,18,0,0,0,0,0,0,4,1,6,2,51,8,1999,1,6,-1,-1,-1
2017320134097,1,9,0,9,0,2,0,0,0,0,0,1,6,2,60,9,1991,2,11,4,3,4
2017320134097,2,19,0,18,0,8,0,0,0,0,2,1,6,1,47,8,1560,2,8,4,3,4
2017320134097,3,9,0,18,0,8,0,0,0,0,1,1,6,1,52,8,1597,1,18,8,2,8
2017320134359,1,11,0,5,0,2,0,0,0,0,0,1,1,1,-1,-1,-1,-1,-1,-1,-1,-1
2017320135297,1,9,0,18,0,0,0,0,0,0,1,1,6,3,-1,-1,-1,-1,-1,-1,-1,-1
2017320135658,1,9,0,13,0,2,0,0,0,0,1,1,6,1,89,11,1248,1,6,-1,-1,-1
2017320135658,2,20,0,2,0,1,0,0,0,0,2,1,6,1,29,6,-1,-1,-1,7,2,7
2017320135708,1,9,0,9,0,6,0,0,0,0,1,1,6,1,38,7,1560,2,6,8,3,8
2017320135708,2,19,0,9,0,5,0,0,0,0,1,1,3,1,56,9,1560,2,3,8,3,8
2017320136557,1,9,0,9,0,1,0,0,0,0,4,1,6,1,61,9,-1,-1,-1,10,3,10
2017320136557,2,4,0,18,0,1,0,0,7,0,1,1,6,1,56,9,279,1,9,4,3,4
2017320136557,3,9,0,18,0,1,0,0,0,0,1,1,2,1,52,8,1968,2,8,2,2,2
2017320136780,1,9,0,18,0,1,2,0,1,10,1,1,6,1,47,8,1587,1,13,-1,-1,-1
2017320137115,1,2,0,18,0,0,0,0,1,0,4,1,6,1,19,4,49,1,-1,7,3,7
2017320137188,1,9,0,18,0,0,0,0,1,0,1,1,6,1,21,5,1390,1,6,8,2,8
2017320137517,1,5,0,17,0,0,1,0,1,4,1,1,6,1,50,8,-1,-1,-1,4,1,4
2017320137594,1,5,0,16,0,1,1,0,7,0,3,1,6,1,52,8,1441,1,5,4,1,4
2017320138535,1,9,0,14,0,1,0,0,0,0,4,1,6,2,79,11,1497,8,4,6,2,6
2017320138735,1,9,0,18,0,2,0,0,0,0,1,1,6,1,50,8,1997,2,14,8,1,8
2017320138735,2,9,0,18,0,1,0,0,0,0,4,1,6,2,35,6,1461,2,9,-1,-1,-1
2017320139486,1,20,0,18,0,0,0,0,0,0,1,1,1,1,41,7,-1,-1,-1,5,3,5
2017320139486,2,9,0,18,0,0,0,0,0,0,2,1,6,1,56,9,2993,2,9,5,3,5
2017320139486,3,9,0,18,0,0,0,0,0,0,2,1,6,1,33,6,1998,1,1,5,1,5
2017320139530,1,5,0,17,0,0,1,0,0,0,4,1,6,1,60,9,1649,1,4,-1,-1,-1
2017320139908,1,9,0,4,0,3,0,0,0,0,2,1,2,1,57,9,2143,2,-1,2,1,2
2017320139908,2,9,0,18,0,3,0,0,0,0,1,1,2,1,57,9,1991,2,9,8,1,8
2017320140144,1,9,0,18,0,1,0,4,0,0,1,1,6,1,67,10,998,1,17,7,1,7
2017320140144,2,9,0,3,0,1,0,4,0,0,2,1,6,1,47,8,2993,2,6,4,3,4
2017320140144,3,9,0,9,0,1,0,0,0,0,2,1,6,3,-1,-1,1582,2,5,-1,-1,-1
2017320141565,1,9,0,9,0,5,0,0,0,0,4,1,6,2,22,5,998,1,3,7,1,7
2017320141565,2,5,0,18,0,1,1,0,0,0,1,1,6,1,27,6,599,1,15,8,3,8
2017320141570,1,9,0,18,0,0,0,0,7,9,3,1,6,2,35,6,-1,-1,-1,5,3,5
2017320141596,1,9,0,4,0,0,0,0,0,0,1,1,6,2,18,4,998,1,11,4,3,4
2017320141596,2,9,0,3,0,0,0,0,0,0,2,1,6,2,26,6,998,1,10,3,1,3
2017320141628,1,9,0,18,0,0,0,4,0,0,1,1,6,1,18,4,-1,-1,-1,1,1,1
2017320141628,2,8,0,18,0,0,0,0,0,0,2,1,1,1,35,6,1997,2,3,5,1,5
2017320141628,3,9,0,2,0,0,0,0,0,0,4,1,6,3,-1,-1,1997,2,2,-1,-1,-1
2017320142314,1,9,0,1,0,0,0,0,0,0,2,1,6,1,23,5,999,1,-1,2,1,2
2017320142342,1,9,0,18,0,1,0,0,0,0,1,1,6,1,87,11,1595,1,4,7,1,7
2017320142342,2,9,0,3,0,1,0,0,0,0,2,1,6,1,18,4,1199,1,14,2,1,2
2017320142342,3,9,4,9,0,1,0,0,0,0,0,1,6,1,69,10,1986,2,11,5,3,5
2017320142350,1,9,0,18,0,0,0,0,0,0,2,1,6,2,25,5,1242,1,5,6,1,6
2017320142350,2,21,1,18,0,0,0,0,0,0,1,1,6,1,-1,-1,-1,-1,-1,-1,-1,-1
2017320142601,1,9,0,18,0,0,0,0,0,0,4,1,6,2,75,10,1388,1,6,-1,-1,-1
2017320142671,1,9,0,5,0,0,0,0,0,0,3,1,6,1,30,6,1868,2,16,1,1,1
2017320143050,1,9,0,18,0,0,1,0,0,0,1,1,6,1,34,6,1598,1,13,3,2,3
2017320143050,2,9,0,18,0,0,0,0,0,0,2,2,6,1,48,8,-1,-1,-1,6,1,6
2017320143230,1,9,0,18,0,0,0,0,0,0,1,1,6,1,26,6,1242,1,4,8,1,8
2017320143230,2,9,0,18,0,0,0,0,0,0,2,1,6,1,24,5,1951,2,16,9,1,9
2017320144451,1,1,0,4,0,0,0,0,0,0,1,1,6,2,53,8,-1,-1,-1,5,2,5
2017320144501,1,9,0,3,0,0,0,0,0,0,0,1,6,2,24,5,1368,1,7,-1,-1,-1
2017320144501,2,19,0,4,0,0,0,0,0,0,1,1,6,1,58,9,-1,-1,-1,-1,-1,-1
2017320144501,3,9,0,3,0,0,0,0,0,0,0,1,6,1,52,8,2495,2,15,-1,-1,-1
2017320144501,4,9,0,4,0,0,0,0,0,0,1,1,6,2,56,9,1968,2,10,-1,-1,-1
2017320144522,1,9,0,18,0,0,0,0,7,1,1,1,2,2,20,4,1686,2,8,7,1,7
2017320144522,2,9,0,2,9,0,0,0,0,0,3,1,6,2,24,5,1997,2,3,6,1,6
2017320144758,1,9,0,18,0,8,0,0,0,0,1,1,6,1,34,6,1896,2,10,6,3,6
2017320144758,2,19,0,9,0,1,1,0,0,0,2,1,2,1,36,7,1868,2,11,9,3,9
2017320145014,1,9,0,18,0,0,1,0,1,3,1,1,6,1,27,6,1242,1,17,4,1,4
2017320145215,1,9,0,18,0,0,0,0,0,0,1,1,2,1,20,4,1368,1,11,1,1,1
2017320145512,1,9,0,18,6,0,0,0,7,0,1,1,6,1,78,11,1598,1,11,-1,-1,-1
2017320146164,1,9,0,18,0,0,5,0,1,0,0,1,6,2,55,8,1329,1,7,8,3,8
2017320146257,1,9,0,18,0,0,0,0,0,0,1,1,6,2,25,5,1124,1,15,4,3,4
2017320146257,2,9,0,4,0,0,0,0,0,0,2,1,6,1,49,8,1395,1,3,10,3,10
2017320146548,1,9,0,18,0,3,0,0,1,2,1,1,6,1,28,6,1229,1,5,10,1,10
2017320146548,2,21,0,18,0,4,0,0,0,0,1,1,1,1,36,7,12900,2,8,2,1,2
2017320146590,1,9,0,13,0,0,0,0,1,0,1,1,6,1,26,6,1590,1,20,5,2,5
2017320146590,2,17,0,18,0,0,0,0,0,0,0,1,1,1,29,6,6728,2,6,7,2,7
2017320146601,1,9,0,18,0,0,0,0,0,0,1,1,6,1,70,10,1560,2,3,6,3,6
2017320146601,2,9,0,18,0,0,0,12,0,0,0,1,6,1,21,5,-1,-1,-1,-1,1,-1
2017320147151,1,9,0,9,0,1,0,0,0,0,4,1,6,2,43,7,1329,1,5,-1,1,-1
2017320147151,2,1,0,18,0,1,0,0,0,0,1,1,6,1,48,8,-1,-1,-1,5,3,5
2017320147330,1,9,0,3,0,8,0,0,0,0,1,1,6,1,35,6,1598,1,12,3,2,3
2017320147330,2,9,0,3,0,8,0,0,0,0,2,1,6,2,23,5,1229,1,1,3,3,3
2017320147330,3,9,0,3,0,8,0,0,0,0,2,1,6,1,23,5,1799,1,11,1,1,1
2017320147335,1,9,0,17,0,1,0,0,0,0,1,1,6,1,70,10,2179,2,2,4,1,4
2017320147335,2,5,0,16,0,1,0,0,0,0,4,1,6,1,51,8,652,1,13,6,3,6
2017320147417,1,9,0,18,0,2,0,0,0,0,1,1,6,1,-1,-1,2494,1,14,-1,-1,-1
2017320147417,2,9,0,18,0,1,0,0,0,0,1,1,6,1,-1,-1,1995,2,13,-1,-1,-1
2017320147430,1,97,0,18,0,3,5,0,0,0,1,1,6,1,44,7,-1,-1,-1,6,3,6
2017320147430,2,5,0,18,0,3,5,0,0,0,2,1,6,1,62,9,1800,1,10,3,1,3
2017320147608,1,9,0,18,0,0,5,0,1,9,1,1,6,1,27,6,1242,1,7,-1,-1,-1
2017320147750,1,9,0,5,0,8,0,0,0,0,0,1,6,3,-1,-1,1299,1,12,-1,-1,-1
2017320147750,2,11,0,5,0,8,0,0,0,0,0,1,1,1,55,8,6700,2,8,8,3,8
2017320147964,1,9,0,18,0,0,5,0,7,0,1,1,6,1,23,5,998,1,1,9,2,9
2017320148580,1,5,0,15,0,0,0,0,7,0,1,1,6,1,54,8,1043,1,-1,7,2,7
2017320148627,1,16,0,18,0,1,0,0,0,0,1,1,6,2,57,9,-1,-1,-1,5,3,5
2017320148749,1,1,0,18,0,4,0,0,0,0,0,1,6,1,64,9,-1,-1,-1,10,2,10
2017320148861,1,1,0,18,0,0,0,0,0,0,3,1,6,1,44,7,-1,-1,-1,9,1,9
2017320148861,2,9,0,18,0,0,0,0,0,0,3,1,6,2,29,6,1753,2,10,-1,-1,-1
2017320148861,3,1,0,18,0,0,0,0,0,0,0,1,6,1,54,8,-1,-1,-1,-1,-1,-1
2017320148868,1,9,0,18,0,0,1,0,0,0,1,1,6,1,49,8,2000,1,-1,4,3,4
2017320148868,2,9,0,18,0,0,0,0,0,0,2,1,6,2,33,6,1595,1,11,2,1,2
2017320148868,3,9,0,18,0,0,0,0,0,0,2,1,6,1,33,6,1598,2,1,4,3,4
2017320149010,1,21,1,9,0,8,0,0,0,0,4,1,1,1,34,6,-1,-1,-1,-1,-1,-1
2017320149010,2,21,1,18,0,8,0,0,0,0,1,1,1,1,52,8,12809,2,3,-1,-1,-1
2017320149010,3,21,1,3,0,1,0,0,0,0,1,1,1,1,45,7,-1,-1,-1,-1,-1,-1
2017320149020,1,9,0,16,0,0,0,0,7,4,1,1,6,1,17,4,1390,1,9,9,3,9
2017320149028,1,9,0,18,0,0,0,0,0,0,0,1,6,1,25,5,-1,-1,-1,2,1,2
2017320149028,2,9,0,18,0,0,0,0,0,0,1,1,6,1,36,7,1997,2,13,2,1,2
2017320151277,1,9,0,13,0,0,0,0,1,9,3,1,1,2,38,7,1198,1,8,9,1,9
2017320151277,2,9,0,13,0,0,0,0,1,9,4,1,1,1,53,8,998,1,7,9,1,9
2017320151277,3,5,0,18,0,0,0,0,0,0,1,1,1,1,53,8,-1,-1,-1,3,1,3
2017320151551,1,9,0,9,0,8,0,0,0,0,4,1,6,1,69,10,1753,2,15,5,1,5
2017320151551,2,9,0,18,0,8,0,0,0,0,1,1,6,1,65,9,2184,2,11,5,1,5
2017320151807,1,9,0,9,0,5,0,0,0,0,4,1,6,2,36,7,2993,2,1,6,3,6
2017320151807,2,9,0,18,0,1,1,0,0,0,1,1,6,2,61,9,1998,1,19,3,1,3
2017320151807,3,9,0,10,0,2,0,0,0,0,1,1,6,1,45,7,1796,1,17,1,1,1
2017320151885,1,9,0,16,0,1,0,0,0,0,1,1,2,1,57,9,1995,2,5,5,1,5
2017320151885,2,1,0,17,0,1,0,0,0,0,1,1,2,1,55,8,-1,-1,-1,8,1,8
2017320152037,1,9,0,9,0,6,0,0,0,0,1,1,6,2,83,11,1124,1,15,8,1,8