Accident_Index,Vehicle_Reference,Vehicle_Type,Towing_and_Articulation,Vehicle_Manoeuvre,Vehicle_Location-Restricted_Lane,Junction_Location,Skidding_and_Overturning,Hit_Object_in_Carriageway,Vehicle_Leaving_Carriageway,Hit_Object_off_Carriageway,1st_Point_of_Impact,Was_Vehicle_Left_Hand_Drive?,Journey_Purpose_of_Driver,Sex_of_Driver,Age_of_Driver,Age_Band_of_Driver,Engine_Capacity_(CC),Propulsion_Code,Age_of_Vehicle,Driver_IMD_Decile,Driver_Home_Area_Type,Vehicle_IMD_Decile
2017320152037,2,19,0,18,0,1,1,0,0,0,1,1,6,1,53,8,2987,2,7,9,1,9
2017320152127,1,9,0,18,0,8,0,0,0,1,1,1,6,2,78,11,1390,1,14,4,1,4
2017320152435,1,9,0,18,0,8,0,0,0,0,1,1,2,1,21,5,999,1,1,7,1,7
2017320152649,1,9,0,18,0,0,0,0,7,0,1,1,6,1,28,6,1086,1,12,-1,-1,-1
2017320155030,1,19,0,18,0,0,0,0,0,0,4,1,6,3,-1,-1,2198,2,10,-1,-1,-1
2017320155130,1,9,0,18,0,1,0,0,0,0,1,1,1,1,25,5,-1,-1,-1,9,2,9
2017320155130,2,9,0,18,0,1,0,0,0,0,2,1,6,1,41,7,1991,8,-1,5,2,5
2017320155130,3,9,0,9,0,1,0,0,0,0,2,1,6,1,22,5,1968,2,6,7,1,7
2017320155139,1,9,0,18,0,1,0,0,0,0,3,1,6,2,29,6,1598,1,7,9,3,9
2017320155140,1,9,0,5,0,8,0,0,0,0,1,1,6,1,87,11,1753,2,8,9,2,9
2017320155140,2,8,0,18,0,1,2,0,7,9,2,1,1,1,34,6,1968,2,3,4,1,4
2017320155140,3,17,5,8,0,1,0,0,0,0,1,1,1,1,16,4,5675,2,30,5,3,5
2017320155563,1,9,0,18,0,1,0,0,0,0,1,1,6,3,-1,-1,-1,-1,-1,-1,-1,-1
2017320156438,1,9,0,17,0,0,5,0,1,0,2,1,6,1,26,6,1582,2,2,-1,-1,-1
2017320156691,1,9,0,9,0,1,0,0,0,0,1,1,6,1,55,8,1796,1,8,4,2,4
2017320156691,2,9,0,18,0,1,0,0,1,4,1,1,6,1,76,11,-1,-1,-1,4,3,4
2017320156807,1,9,0,18,0,4,0,11,3,2,1,1,1,1,47,8,1796,1,17,-1,-1,-1
2017320156984,1,10,0,18,0,1,0,0,0,0,0,1,1,1,50,8,-1,-1,-1,-1,-1,-1
2017320158466,1,9,0,1,0,0,0,0,0,0,2,1,6,2,61,9,1248,2,8,3,1,3
2017320158466,2,5,0,18,0,0,0,0,1,0,1,1,6,1,72,10,599,1,21,4,1,4
2017320158587,1,9,0,2,6,0,0,0,0,0,0,1,6,3,-1,-1,1796,1,16,-1,-1,-1
2017320158861,1,9,0,18,0,1,0,0,0,0,1,1,6,3,-1,-1,4163,1,10,-1,-1,-1
2017320158861,2,9,0,3,0,2,1,0,1,11,1,1,6,1,19,4,998,1,4,-1,-1,-1
2017320158956,1,9,0,18,0,0,5,0,1,9,1,1,6,1,17,4,-1,-1,-1,8,1,8
2017320159038,1,9,0,17,0,0,1,0,1,4,3,1,6,1,20,4,1242,1,10,6,3,6
2017320159150,1,9,0,16,0,0,5,0,1,0,1,1,6,2,24,5,1490,1,9,2,1,2
2017320159646,1,17,0,18,0,0,0,0,1,9,4,1,1,1,22,5,6788,2,3,3,3,3
2017320159668,1,9,0,16,0,0,0,0,7,11,1,1,6,2,58,9,1318,1,1,-1,-1,-1
2017320159799,1,9,0,18,0,0,0,0,0,0,1,1,6,1,27,6,2143,2,6,1,1,1
2017320159799,2,9,0,18,0,0,0,0,0,0,2,1,6,1,56,9,3199,1,14,8,3,8
2017320159841,1,9,3,18,0,0,4,0,1,0,3,1,6,2,32,6,2495,2,15,10,1,10
2017320159841,2,9,0,18,0,0,0,0,1,0,1,1,6,1,77,11,998,1,1,-1,-1,-1
2017320159841,3,9,0,18,0,0,0,0,1,0,3,1,6,2,25,5,998,1,9,5,3,5
2017320160020,1,5,0,16,0,0,1,0,0,0,3,1,6,1,68,10,1215,1,2,8,3,8
2017320160020,2,9,0,17,0,0,0,0,0,0,3,1,6,1,57,9,1364,1,1,6,1,6
2017320160020,3,9,0,17,0,0,0,0,0,0,3,1,6,1,53,8,1560,2,5,-1,-1,-1
2017320160186,1,9,0,18,0,0,0,0,0,0,1,1,6,1,27,6,-1,-1,-1,8,2,8
2017320160186,2,9,0,18,0,0,0,0,0,0,1,1,6,1,40,7,1560,2,2,3,2,3
2017320160186,3,9,0,18,0,0,0,0,0,0,2,1,6,2,38,7,1686,2,7,3,1,3
2017320160985,1,9,0,18,0,0,0,0,0,0,3,1,6,3,50,8,-1,-1,-1,-1,-1,-1
2017320160985,2,9,0,18,0,0,0,0,0,0,3,1,6,2,72,10,796,1,7,4,3,4
2017320161040,1,9,0,18,0,0,0,0,0,0,1,1,6,1,30,6,-1,-1,-1,3,1,3
2017320161040,2,9,0,18,0,0,0,0,0,0,2,1,6,2,24,5,1200,1,4,9,1,9
2017320161040,3,9,0,18,0,0,0,0,0,0,2,1,6,2,30,6,1910,2,9,3,1,3
2017320161109,1,9,0,9,0,1,0,0,3,9,0,1,1,1,39,7,-1,-1,-1,8,1,8
2017320161109,2,9,0,13,0,1,1,0,0,0,1,1,6,1,35,6,2143,2,3,-1,-1,-1
2017320161166,1,9,0,18,0,1,0,0,0,0,1,1,6,1,24,5,1229,1,1,4,1,4
2017320161272,1,9,0,18,0,0,0,0,0,0,1,1,6,2,41,7,1596,1,10,8,1,8
2017320161272,2,9,0,18,0,0,0,0,0,0,1,1,6,2,26,6,1560,2,3,2,3,2
2017320161272,3,9,0,18,0,0,0,0,0,0,1,1,6,1,20,4,1242,1,5,6,1,6
2017320161272,4,10,0,18,0,0,0,0,0,0,2,1,6,1,38,7,-1,-1,-1,5,2,5
2017320161373,1,9,0,18,0,0,5,0,7,4,1,1,6,1,56,9,993,1,14,1,1,1
2017320161560,1,9,0,18,0,0,0,0,1,0,1,1,6,1,79,11,1995,2,2,9,3,9
2017320161560,2,20,0,18,0,0,0,0,7,4,1,1,2,1,54,8,2402,2,8,8,2,8
2017320161560,3,20,0,18,0,0,0,0,0,0,1,1,2,1,31,6,-1,-1,-1,9,3,9
2017320161707,1,9,0,5,0,4,0,0,0,0,1,1,6,1,64,9,1248,1,8,5,1,5
2017320161707,2,9,0,18,0,3,0,0,1,0,4,1,2,1,34,6,-1,-1,-1,-1,-1,-1
2017320161710,1,9,0,18,0,0,0,0,7,9,3,1,6,1,78,11,2204,2,11,6,1,6
2017320161906,1,8,0,18,0,0,5,0,0,0,4,1,1,1,30,6,2402,2,14,1,1,1
2017320162571,1,9,0,9,0,1,0,0,0,0,4,1,6,2,-1,-1,1560,2,6,7,1,7
2017320162571,2,1,0,18,0,1,0,0,0,0,1,1,2,1,19,4,-1,-1,-1,7,1,7
2017320163345,1,9,0,5,0,6,0,0,0,0,1,1,6,2,40,7,2204,2,11,8,1,8
2017320163345,2,1,0,17,0,1,0,0,0,0,4,1,2,1,38,7,-1,-1,-1,2,1,2
2017320164580,1,9,0,18,0,2,0,0,0,0,1,1,6,1,36,7,1596,1,16,2,1,2
2017320164580,2,9,0,18,0,1,0,0,1,0,1,1,6,1,60,9,1997,2,8,8,1,8
2017320164706,1,19,0,17,0,0,0,0,0,0,1,1,1,1,32,6,1598,2,1,3,1,3
2017320164706,2,9,0,16,0,0,0,0,0,0,1,1,6,2,60,9,1999,2,2,10,2,10
2017320164937,1,9,0,11,0,1,0,0,0,0,1,1,6,3,-1,-1,-1,-1,-1,-1,-1,-1
2017320164937,2,9,0,12,0,1,0,0,0,0,2,1,2,1,49,8,1242,1,8,6,2,6
2017320164945,1,9,0,18,0,0,5,0,1,4,1,1,6,2,26,6,1798,1,13,3,1,3
2017320165016,1,4,0,18,0,8,1,0,1,10,3,1,2,1,22,5,499,1,12,4,3,4
2017320165642,1,9,0,18,0,0,0,4,0,0,1,1,6,2,63,9,1498,1,1,3,1,3
2017320165642,2,9,0,2,0,0,0,0,0,0,2,1,6,1,35,6,-1,-1,-1,3,3,3
2017320166235,1,9,0,18,0,0,0,0,0,0,1,1,2,1,21,5,1390,1,6,8,1,8
2017320166235,2,19,0,18,0,0,0,0,0,0,2,1,1,1,33,6,2198,2,1,-1,-1,-1
2017320166235,3,19,0,18,0,0,0,0,0,0,2,1,1,1,39,7,-1,-1,-1,5,1,5
2017320166283,1,9,0,18,0,2,0,0,0,0,1,1,6,2,-1,-1,-1,-1,-1,-1,-1,-1
2017320167145,1,5,0,5,0,2,0,0,0,0,1,1,2,1,55,8,1000,1,1,3,1,3
2017320167314,1,5,0,16,0,1,1,0,0,0,0,1,6,1,32,6,1000,1,15,3,1,3
2017320167409,1,17,4,9,0,5,0,0,0,0,2,1,2,1,32,6,6596,2,1,5,3,5
2017320167409,2,5,0,17,0,1,0,0,0,0,1,1,6,1,49,8,1285,1,1,5,3,5
2017320167454,1,8,0,18,0,0,0,0,0,0,4,1,1,1,50,8,1896,2,9,2,1,2
2017320167454,2,1,0,18,0,0,0,0,0,0,1,1,6,1,16,4,-1,-1,-1,5,1,5
2017320167916,1,9,0,9,0,6,0,0,1,0,1,1,6,1,41,7,-1,-1,-1,9,1,9
2017320167916,2,9,0,18,0,1,0,0,0,0,1,1,6,2,27,6,1968,2,9,2,1,2
2017320168641,1,9,0,18,0,8,5,0,1,11,3,1,6,1,59,9,-1,-1,-1,4,3,4
2017320168641,2,9,0,18,0,8,0,0,7,11,1,1,6,2,55,8,1398,2,10,9,1,9
2017320168755,1,9,0,18,0,8,0,0,0,0,1,1,6,3,-1,-1,-1,-1,-1,-1,-1,-1
2017320169016,1,9,0,5,0,8,0,0,1,0,1,1,2,2,48,8,1910,2,11,3,1,3
2017320169016,2,9,0,18,0,8,0,0,7,0,4,1,6,2,21,5,-1,-1,-1,7,1,7
2017320169101,1,3,0,16,0,1,0,0,0,0,3,1,1,1,22,5,108,1,1,9,1,9
2017320169101,2,17,0,8,0,1,0,0,0,0,0,1,6,1,-1,-1,-1,-1,-1,-1,-1,-1
2017320169402,1,9,0,5,0,4,0,0,0,0,1,1,1,2,49,8,1388,1,8,7,1,7
2017320169402,2,1,0,18,0,8,0,0,0,0,1,1,6,1,37,7,-1,-1,-1,3,1,3
2017320169967,1,9,0,5,0,8,0,0,0,0,1,1,1,2,31,6,1398,1,3,3,1,3
2017320169967,2,19,0,18,0,8,0,0,0,0,1,1,1,1,25,5,2143,2,1,1,1,1
2017320170133,1,19,0,13,0,8,0,0,7,0,1,1,1,1,55,8,2287,2,5,7,1,7
2017320170133,2,19,0,18,0,8,0,0,7,11,3,1,1,1,54,8,2143,2,2,8,1,8
2017320170181,1,9,0,18,0,0,0,4,0,0,1,1,6,1,41,7,1149,1,16,7,1,7
2017320170181,2,9,0,2,0,0,0,0,0,0,1,1,6,3,-1,-1,-1,-1,-1,-1,-1,-1
2017320170458,1,9,0,18,0,0,0,0,0,0,1,1,6,2,18,4,1596,1,12,6,3,6
2017320170458,2,19,0,3,0,0,0,0,0,0,1,1,6,1,47,8,1560,2,1,6,1,6
2017320170458,3,1,0,18,0,0,0,0,0,0,1,1,4,1,14,3,-1,-1,-1,5,1,5
2017320170667,1,19,0,18,0,6,1,0,0,0,1,1,1,2,31,6,-1,-1,-1,3,1,3
2017320170667,2,9,0,18,0,1,0,0,7,0,4,1,6,1,43,7,-1,-1,-1,5,2,5
2017320170812,1,9,0,18,0,1,0,0,0,0,1,1,6,1,59,9,2393,2,-1,9,2,9
2017320170812,2,9,0,3,0,4,0,0,0,0,2,1,6,2,71,10,1598,1,5,10,3,10
2017320171355,1,19,0,18,0,1,0,0,0,0,1,1,1,1,45,7,2464,2,11,3,3,3
2017320171355,2,9,0,9,0,8,0,0,0,0,2,1,2,2,37,7,1995,2,3,1,1,1
2017320171430,1,9,0,18,0,8,0,0,0,0,1,1,6,1,62,9,-1,-1,-1,-1,-1,-1
2017320171430,2,1,0,9,0,8,0,0,0,0,2,1,6,1,45,7,-1,-1,-1,2,2,2
2017320172507,1,9,0,18,0,0,1,0,7,4,1,1,6,1,18,4,-1,-1,-1,10,1,10
2017320172781,1,9,0,18,0,1,0,0,0,0,1,1,2,2,52,8,-1,-1,-1,5,3,5
2017320172781,2,9,0,4,0,1,0,0,0,0,2,1,2,2,51,8,1341,1,15,6,3,6
2017320172817,1,9,0,18,0,8,0,0,0,0,3,1,6,1,44,7,1560,2,8,3,1,3
2017320172817,2,1,0,18,0,8,0,0,0,0,1,1,1,1,58,9,-1,-1,-1,8,1,8
2017320175651,1,9,0,9,0,6,0,0,0,0,3,1,6,2,18,4,-1,-1,-1,9,2,9
2017320175651,2,9,0,18,0,1,0,0,0,0,1,1,6,1,63,9,-1,-1,-1,5,3,5
2017320175869,1,9,0,17,0,0,5,0,1,0,1,1,6,1,35,6,1796,1,17,-1,-1,-1
2017320176341,1,1,0,18,0,0,0,0,1,0,4,1,6,2,45,7,-1,-1,-1,5,1,5
2017320176496,1,9,0,5,0,6,0,0,0,0,1,1,6,1,83,11,1396,1,12,6,3,6
2017320176496,2,9,0,18,0,1,0,0,0,0,4,1,6,1,58,9,1598,1,3,1,1,1
2017320176599,1,9,0,18,0,8,0,11,0,0,1,1,6,1,53,8,1968,2,5,9,1,9
2017320176599,2,1,0,9,0,8,0,0,0,0,2,1,6,1,21,5,-1,-1,-1,3,1,3
2017320176674,1,4,0,18,0,0,1,0,0,0,3,1,6,1,54,8,198,1,15,6,3,6
2017320176760,1,9,0,17,0,0,1,0,7,0,1,1,6,1,20,4,1388,1,10,5,2,5
2017320176871,1,9,0,9,0,6,0,0,0,0,1,1,6,2,36,7,-1,-1,-1,4,1,4
2017320177023,1,9,0,9,0,8,1,0,7,0,1,1,2,2,30,6,1248,2,8,2,1,2
2017320177023,2,9,0,18,0,1,0,0,0,0,1,1,6,1,36,7,2980,2,19,10,1,10
2017320177099,1,9,0,18,0,1,0,0,0,0,1,1,6,1,17,4,1388,1,14,1,1,1
2017320177099,2,9,0,4,0,1,0,0,0,0,2,1,2,2,52,8,1490,1,11,4,1,4
2017320177396,1,9,0,18,0,0,0,6,7,11,1,1,6,1,28,6,2497,2,13,2,3,2
2017320177404,1,9,0,18,0,0,0,0,0,0,1,1,6,2,-1,-1,647,8,1,-1,-1,-1
2017320177404,2,9,0,18,0,0,0,0,0,0,1,1,6,1,-1,-1,1242,1,16,-1,-1,-1
2017320177983,1,9,0,18,0,0,0,0,0,0,1,1,6,3,-1,-1,1596,1,2,-1,-1,-1
2017320178256,1,1,0,18,9,1,0,0,0,0,1,1,6,1,41,7,-1,-1,-1,4,1,4
2017320178256,2,9,0,18,0,1,0,0,0,0,1,1,6,2,32,6,1796,1,11,6,2,6
2017320178312,1,9,0,18,0,1,0,4,0,0,1,1,6,1,47,8,1995,2,12,3,1,3
2017320178312,2,9,0,18,0,1,0,4,0,0,2,1,6,1,33,6,1598,1,14,1,1,1
2017320178312,3,9,0,18,0,1,0,4,0,0,2,1,6,1,47,8,1997,2,8,3,1,3
2017320178350,1,9,0,18,0,1,0,0,0,0,3,1,6,1,47,8,1995,2,12,3,1,3
2017320178350,2,9,0,2,0,1,0,4,0,0,3,1,6,3,-1,-1,1229,1,3,-1,-1,-1
2017320178350,3,9,0,2,0,1,0,0,0,0,1,1,6,3,-1,-1,1598,1,11,-1,-1,-1
2017320178660,1,9,0,18,0,0,0,0,0,0,1,1,6,2,45,7,1596,1,15,10,2,10
2017320178873,1,9,0,18,0,8,0,0,0,0,1,1,6,1,53,8,1997,2,13,5,1,5
2017320178873,2,9,0,18,0,1,0,0,0,0,1,1,6,2,26,6,1496,1,1,9,2,9
2017320179207,1,2,0,18,0,0,0,0,0,0,1,1,6,1,16,4,50,1,10,2,3,2
2017320179328,1,9,0,5,0,1,0,0,0,0,0,1,1,1,51,8,-1,-1,-1,2,1,2
2017320179343,1,9,0,18,0,8,0,0,0,0,1,1,6,1,62,9,1248,1,1,2,1,2
2017320179364,1,5,0,17,0,1,1,0,1,0,1,1,6,1,45,7,996,1,16,-1,-1,-1
2017320179610,1,9,0,5,0,4,0,0,0,0,2,1,6,1,22,5,2799,1,17,9,2,9
2017320179610,2,9,0,5,0,4,0,0,0,0,1,1,6,2,54,8,1598,1,8,1,1,1
2017320179619,1,9,0,18,0,0,0,0,0,0,1,1,6,1,23,5,1598,2,4,4,1,4
2017320179619,2,9,0,9,0,0,0,0,0,0,3,1,6,1,56,9,1461,2,5,-1,-1,-1
2017320179639,1,9,0,18,0,1,0,4,0,0,1,1,6,2,27,6,998,1,3,-1,-1,-1
2017320179639,2,9,0,2,0,1,0,0,0,0,3,1,6,1,-1,-1,2495,2,21,6,1,6
2017320181046,1,9,0,18,0,1,0,0,0,0,1,1,6,3,-1,-1,-1,-1,-1,-1,-1,-1
2017320181933,1,9,0,18,0,0,5,0,1,0,1,1,6,1,30,6,1968,2,10,5,1,5
2017320182083,1,9,0,13,0,0,1,0,7,9,1,1,6,1,36,7,1753,2,9,1,1,1
2017320182083,2,19,0,10,0,0,1,0,0,0,1,1,6,1,54,8,1598,2,3,3,3,3
2017320183051,1,9,0,18,0,1,0,0,0,0,1,1,2,2,33,6,1240,1,11,9,3,9
2017320183051,2,9,0,18,0,1,0,0,0,0,2,1,2,2,33,6,899,1,3,7,1,7
2017320183135,1,19,0,18,0,1,0,0,0,0,1,1,2,1,50,8,2402,2,9,5,1,5
2017320183135,2,9,0,9,0,2,0,0,0,0,2,1,3,1,37,7,1796,1,14,7,2,7
2017320184148,1,9,0,2,6,0,0,0,0,0,4,1,6,1,23,5,1956,2,8,3,1,3
2017320184148,2,1,0,18,0,0,0,0,0,0,0,1,6,1,31,6,-1,-1,-1,6,1,6
2017320184327,1,9,0,18,0,1,0,0,0,0,3,1,6,1,64,9,1968,2,-1,9,2,9
2017320184327,2,11,0,18,0,1,0,0,0,0,1,1,2,1,47,8,6690,2,2,8,3,8
2017320184549,1,9,0,16,0,2,0,0,0,0,1,1,6,1,81,11,1998,2,12,5,3,5
2017320184549,2,9,0,18,0,1,0,0,0,0,4,1,6,2,18,4,1198,1,10,9,2,9
2017320185163,1,9,0,18,0,0,0,0,0,0,2,1,6,2,64,9,1242,1,1,4,1,4
2017320185539,1,19,0,18,0,0,0,0,0,0,2,1,6,3,-1,-1,2287,2,6,-1,-1,-1
2017320185539,2,1,0,18,0,0,0,0,0,0,1,1,6,2,24,5,-1,-1,-1,10,1,10
2017320185577,1,9,0,5,0,0,0,0,0,0,1,1,6,1,46,8,1994,1,14,1,1,1
2017320185725,1,9,0,4,0,1,0,0,0,0,1,1,6,2,40,7,1753,2,11,1,1,1
2017320185725,2,9,0,3,0,1,0,0,0,0,2,1,2,1,34,6,1910,2,10,2,1,2
2017320185883,1,1,0,18,0,1,0,0,0,0,4,1,2,1,31,6,-1,-1,-1,6,3,6
2017320185895,1,9,0,18,0,0,0,0,1,0,1,1,1,2,25,5,1997,2,15,2,1,2
2017320185945,1,9,0,18,0,0,0,12,0,0,1,1,2,1,54,8,1956,2,5,10,1,10
2017320186330,1,9,0,14,0,0,1,0,7,0,1,1,6,1,28,6,1199,1,14,-1,-1,-1
2017320186330,2,20,1,18,0,0,1,0,7,0,1,1,1,1,54,8,-1,-1,-1,-1,-1,-1
2017320186729,1,9,0,18,0,0,5,0,1,0,1,1,6,1,26,6,1390,1,15,1,1,1
2017320187244,1,9,0,18,0,1,0,0,1,0,4,1,1,1,67,10,1998,1,10,7,1,7
2017320187244,2,9,0,9,0,6,0,0,1,0,1,1,3,2,29,6,1997,2,9,10,1,10
2017320187389,1,9,0,18,0,1,0,0,0,0,1,1,6,2,90,11,1598,1,15,6,3,6
2017320187389,2,9,0,18,0,1,0,0,0,0,1,1,6,1,50,8,-1,-1,-1,9,1,9
2017320187433,1,9,0,5,0,6,0,0,0,0,4,1,6,1,35,6,2204,2,11,4,3,4
2017320187433,2,9,0,18,0,8,0,0,0,0,1,1,6,2,50,8,-1,-1,-1,9,2,9
2017320187455,1,9,0,4,0,1,0,0,0,0,1,1,6,3,-1,-1,-1,-1,-1,-1,-1,-1
2017320187455,2,9,0,8,0,4,0,0,0,0,2,1,2,1,23,5,1248,1,8,6,1,6
2017320187749,1,20,0,18,0,0,0,0,0,0,4,1,1,1,-1,-1,2148,2,8,2,1,2
2017320187749,2,9,0,18,0,0,0,0,0,0,0,1,6,3,-1,-1,2143,2,3,-1,-1,-1
2017320187749,3,9,0,18,0,0,0,0,0,0,3,1,6,1,30,6,-1,-1,-1,4,1,4
2017320187749,4,9,0,18,0,0,0,0,0,0,1,1,6,3,-1,-1,2987,2,6,-1,-1,-1
2017320187999,1,9,0,18,0,8,5,0,1,0,1,1,1,1,20,4,1124,1,13,1,1,1
2017320188084,1,9,0,17,0,1,0,0,0,0,1,1,2,1,25,5,1586,1,10,7,3,7
2017320188084,2,19,0,16,0,1,0,0,0,0,1,1,2,1,30,6,2460,2,9,7,1,7
2017320188651,1,9,0,18,0,2,0,0,0,0,1,1,6,2,41,7,-1,-1,-1,6,1,6
2017320188651,2,9,0,18,0,1,0,0,0,0,4,1,6,2,33,6,1149,1,16,3,1,3
2017320188820,1,9,0,18,0,2,0,0,7,9,1,1,6,2,80,11,1497,8,4,6,2,6
2017320188820,2,9,0,18,0,1,1,0,0,0,1,1,6,1,26,6,1997,2,15,7,1,7
2017320189881,1,9,0,14,0,0,1,0,7,9,1,1,6,1,40,7,-1,-1,-1,6,2,6
2017320189906,1,9,0,2,0,2,0,0,0,0,3,1,6,2,48,8,1995,2,6,8,2,8
2017320189906,2,1,0,18,0,8,0,0,0,0,1,1,6,1,32,6,-1,-1,-1,4,3,4
2017320190497,1,9,0,18,0,0,0,2,0,0,1,1,6,1,25,5,2148,2,14,2,1,2
2017320190497,2,9,0,18,0,0,0,0,0,0,3,1,6,2,19,4,1360,1,17,3,1,3
2017320192133,1,9,0,9,0,0,0,0,0,0,1,1,6,2,67,10,1685,2,2,6,1,6
2017320192791,1,9,0,17,0,0,5,0,7,0,3,1,6,2,26,6,1461,2,11,6,1,6
2017320193288,1,90,0,5,0,6,0,0,0,0,0,1,6,3,-1,-1,-1,-1,-1,-1,-1,-1
2017320193288,2,9,0,18,0,1,1,0,0,0,0,1,1,2,37,7,1968,2,6,9,3,9
2017320193692,1,9,0,9,0,1,0,0,0,0,4,1,6,2,54,8,1149,1,15,7,1,7
2017320193692,2,9,0,18,0,1,0,0,0,0,1,1,6,1,27,6,-1,-1,-1,6,3,6
2017320193692,3,9,0,18,0,1,0,0,0,0,1,1,6,1,55,8,-1,-1,-1,6,3,6
2017320194425,1,9,0,9,0,8,0,0,0,0,1,1,6,1,70,10,1968,2,8,6,1,6
2017320194425,2,1,0,18,0,8,0,0,0,0,1,1,6,1,82,11,-1,-1,-1,6,1,6
2017320194702,1,21,0,9,0,8,0,0,0,0,1,1,1,1,58,9,12809,2,1,3,1,3
2017320194702,2,9,0,18,0,8,0,0,0,0,3,1,3,2,50,8,1597,2,2,6,3,6
2017320195033,1,11,0,18,0,0,0,0,0,0,4,1,1,1,52,8,9600,2,19,1,1,1
2017320195033,2,1,0,18,0,0,0,0,0,0,3,1,6,2,57,9,-1,-1,-1,10,1,10
2017320195145,1,3,0,18,0,0,0,0,0,0,4,1,6,1,22,5,124,1,-1,4,1,4
2017320195362,1,9,0,18,0,8,0,4,0,0,1,1,6,1,19,4,-1,-1,-1,-1,-1,-1
2017320195362,2,9,0,18,0,1,0,4,0,0,2,1,2,1,36,7,1390,1,12,7,1,7
2017320195362,3,9,0,18,0,1,0,0,0,0,2,1,1,1,-1,-1,1995,2,1,6,3,6
2017320195461,1,9,0,9,0,8,0,0,0,0,4,1,6,2,37,7,1395,1,2,10,1,10
2017320195461,2,3,0,18,0,1,0,0,0,0,1,1,2,1,59,9,125,1,7,8,1,8
2017320195565,1,9,0,17,0,0,5,0,7,10,1,1,6,1,70,10,2969,1,27,9,1,9
2017320196136,1,21,1,9,0,3,4,0,1,2,4,1,1,1,49,8,-1,-1,-1,-1,-1,-1
2017320196333,1,9,0,18,0,1,0,0,0,0,0,1,6,3,-1,-1,-1,-1,-1,-1,-1,-1
2017320196333,2,9,0,18,0,2,0,0,1,9,0,1,6,2,36,7,996,1,3,1,3,1
2017320196606,1,9,0,18,0,3,0,0,2,2,4,1,6,1,26,6,1390,1,18,2,2,2
2017320196674,1,19,0,9,0,8,0,0,0,0,1,1,1,1,54,8,-1,-1,-1,4,3,4
2017320196674,2,5,0,18,0,1,0,0,0,0,1,1,6,1,64,9,1340,1,1,4,3,4
2017320196726,1,9,0,18,0,1,1,0,7,2,1,1,6,2,81,11,1364,1,9,9,2,9
2017320197167,1,21,0,4,0,1,0,0,0,0,1,1,1,1,-1,-1,6692,2,8,7,1,7
2017320197167,2,9,0,4,0,1,0,0,0,0,2,1,2,2,56,9,1794,1,14,8,1,8
2017320197495,1,9,0,18,0,0,0,0,0,0,2,1,1,2,37,7,1248,1,2,-1,-1,-1
2017320197495,2,9,0,18,0,0,0,0,0,0,1,1,6,2,68,10,-1,-1,-1,2,1,2
2017320197940,1,9,0,18,0,0,1,0,1,0,1,1,6,1,49,8,1348,1,16,5,1,5
2017320197940,2,9,0,18,0,0,0,0,7,0,2,1,2,2,28,6,998,1,8,5,1,5
2017320197940,3,9,0,18,0,0,0,0,0,0,0,1,1,1,45,7,1560,2,4,3,1,3
2017320198279,1,19,0,18,0,1,0,0,0,0,3,1,1,1,-1,-1,2143,2,1,-1,-1,-1
2017320198279,2,1,0,18,4,8,0,0,0,0,1,1,6,1,51,8,-1,-1,-1,7,1,7
2017320199139,1,9,0,18,0,0,0,0,1,4,1,1,6,1,22,5,1598,1,14,5,1,5
2017320199409,1,9,0,14,0,8,5,0,1,10,1,1,6,1,19,4,1149,1,16,-1,-1,-1
2017320199468,1,9,0,17,0,0,5,0,1,4,1,1,2,2,34,6,1998,1,14,4,3,4
2017320199996,1,9,0,18,0,8,0,0,0,0,3,1,6,2,29,6,1997,2,1,5,2,5
2017320199996,2,5,0,18,0,8,5,0,0,0,4,1,6,1,67,10,937,1,-1,5,1,5
2017320200088,1,9,0,12,0,0,5,0,1,9,1,1,6,1,21,5,1242,1,10,10,2,10
2017320200088,2,9,0,18,0,0,5,0,0,0,2,1,6,2,63,9,2953,2,13,4,1,4
2017320200791,1,22,0,18,9,0,0,0,0,0,1,1,6,1,60,9,-1,-1,-1,9,1,9
2017320201309,1,9,0,17,0,0,0,0,1,9,1,1,6,2,46,8,1360,1,10,6,2,6
2017320201391,1,9,0,5,0,4,0,0,0,0,3,1,6,2,41,7,1364,1,10,4,1,4
2017320201391,2,1,0,18,0,8,0,0,0,0,1,1,6,1,56,9,-1,-1,-1,10,2,10
2017320201554,1,9,0,18,0,2,0,0,0,0,3,1,6,2,31,6,1968,2,5,6,3,6
2017320201554,2,9,0,18,0,1,0,0,0,0,1,1,6,1,32,6,898,1,3,9,2,9
2017320202074,1,3,0,18,0,1,0,0,0,0,3,1,6,1,17,4,125,1,7,3,3,3
2017320202411,1,9,0,18,0,0,0,0,1,3,1,1,6,2,27,6,998,1,14,2,3,2
2017320202446,1,3,0,18,0,1,1,0,0,0,1,1,6,2,21,5,124,1,7,9,1,9
2017320202446,2,9,0,9,0,8,0,0,0,0,0,1,1,2,34,6,1349,1,5,3,1,3
2017320203359,1,9,0,17,0,8,2,0,7,4,2,1,6,2,61,9,1560,2,10,6,1,6
2017320203365,1,9,0,18,0,0,0,0,0,0,1,1,6,2,83,11,1968,2,3,6,3,6