Accident_Index,Vehicle_Reference,Vehicle_Type,Towing_and_Articulation,Vehicle_Manoeuvre,Vehicle_Location-Restricted_Lane,Junction_Location,Skidding_and_Overturning,Hit_Object_in_Carriageway,Vehicle_Leaving_Carriageway,Hit_Object_off_Carriageway,1st_Point_of_Impact,Was_Vehicle_Left_Hand_Drive?,Journey_Purpose_of_Driver,Sex_of_Driver,Age_of_Driver,Age_Band_of_Driver,Engine_Capacity_(CC),Propulsion_Code,Age_of_Vehicle,Driver_IMD_Decile,Driver_Home_Area_Type,Vehicle_IMD_Decile
2017320553577,2,9,0,18,0,0,0,0,0,0,2,1,6,1,46,8,1968,2,6,10,2,10
2017320553580,1,9,0,18,0,3,0,0,0,0,1,1,6,1,58,9,1599,1,9,3,1,3
2017320553580,2,9,0,2,0,2,0,0,0,0,2,1,6,1,37,7,1998,2,12,1,1,1
2017320553622,1,9,0,7,0,7,0,0,0,0,1,1,6,2,49,8,1242,1,9,1,1,1
2017320553622,2,9,0,16,0,1,0,0,0,0,4,1,6,1,19,4,973,1,14,6,1,6
2017320554034,1,9,0,18,0,1,0,0,0,0,1,1,6,2,33,6,1598,1,12,7,1,7
2017320554615,1,9,0,9,0,6,0,0,0,0,1,1,6,2,21,5,1388,1,10,3,1,3
2017320554615,2,8,0,18,0,8,1,0,0,0,1,1,1,1,53,8,1910,2,9,8,3,8
2017320554694,1,9,0,18,0,0,1,0,1,0,1,1,2,1,26,6,1997,2,8,3,1,3
2017320554697,1,9,0,18,0,2,0,0,0,0,1,1,6,1,71,10,1240,1,13,3,3,3
2017320554697,2,9,0,18,0,4,0,0,0,0,3,1,6,2,48,8,1388,1,14,6,2,6
2017320555196,1,9,0,18,0,6,0,0,0,0,1,1,6,1,27,6,1390,1,11,-1,-1,-1
2017320555196,2,9,0,18,0,8,0,0,0,0,1,1,6,2,60,9,1560,2,5,6,3,6
2017320555285,1,21,0,11,0,8,0,0,0,0,4,1,1,1,54,8,12777,2,4,-1,-1,-1
2017320555285,2,9,0,18,0,8,0,0,0,0,1,1,6,2,26,6,1389,1,12,5,3,5
2017320555389,1,9,0,4,0,1,0,0,0,0,2,1,6,1,27,6,1329,1,7,-1,-1,-1
2017320555389,2,9,0,4,0,1,0,0,0,0,1,1,6,3,-1,-1,1390,1,10,-1,-1,-1
2017320555495,1,9,0,18,0,0,0,0,1,1,0,1,6,1,57,9,1242,1,12,1,1,1
2017320555495,2,9,0,18,0,0,0,0,0,0,2,1,6,2,34,6,1997,2,10,4,3,4
2017320555902,1,9,0,18,0,0,0,0,0,0,1,1,6,3,-1,-1,-1,-1,-1,-1,-1,-1
2017320556566,1,9,0,18,0,0,0,0,0,0,1,1,6,1,48,8,-1,-1,-1,-1,-1,-1
2017320556566,2,9,0,18,0,0,0,0,0,0,2,1,6,2,21,5,1596,1,12,4,1,4
2017320556778,1,2,0,18,0,1,1,0,0,0,4,1,6,2,45,7,49,1,3,9,2,9
2017320557052,1,9,0,17,0,0,5,0,1,1,1,1,2,2,31,6,1997,2,4,8,3,8
2017320557117,1,9,0,5,0,6,0,0,0,0,3,1,6,2,23,5,1461,2,3,4,2,4
2017320557316,1,3,0,18,0,1,0,0,0,0,4,1,6,1,17,4,124,1,8,8,1,8
2017320557316,2,9,0,7,0,2,0,0,0,0,1,1,6,2,76,11,998,1,3,6,1,6
2017320557325,1,9,0,18,0,0,0,0,0,0,1,1,6,1,42,7,1197,1,2,8,1,8
2017320557325,2,9,0,18,0,0,0,0,1,0,2,1,6,2,55,8,1397,1,7,9,2,9
2017320558636,1,9,0,9,0,8,0,0,0,2,1,1,6,2,30,6,1248,1,5,10,3,10
2017320558636,2,9,0,18,0,1,0,0,0,0,1,1,6,1,28,6,1753,2,14,2,1,2
2017320558646,1,9,0,18,0,1,0,0,0,0,4,1,6,1,60,9,-1,-1,-1,4,3,4
2017320558671,1,9,0,4,0,0,5,0,1,0,1,1,2,1,24,5,1560,2,10,4,1,4
2017320558738,1,9,0,18,0,1,0,0,0,0,3,1,2,1,23,5,1560,2,3,4,2,4
2017320558887,1,9,0,18,0,0,0,0,0,0,1,1,2,1,61,9,1242,1,11,1,1,1
2017320558887,2,9,0,18,0,0,1,0,1,9,4,1,6,1,62,9,3000,2,16,4,3,4
2017320559008,1,9,0,10,0,2,0,0,0,0,1,1,6,3,-1,-1,1969,2,1,-1,-1,-1
2017320559008,2,9,0,18,0,1,0,0,0,0,4,1,6,2,38,7,1975,1,7,9,1,9
2017320559472,1,4,0,9,9,2,1,0,7,11,1,1,6,1,19,4,249,1,26,1,1,1
2017320560477,1,9,4,18,0,0,0,0,0,0,0,1,1,1,70,10,2664,2,14,8,1,8
2017320560661,1,19,0,18,0,0,0,0,1,0,1,1,2,1,35,6,2299,2,5,1,1,1
2017320560703,1,9,0,1,9,6,0,0,0,0,2,1,6,2,24,5,-1,-1,-1,9,1,9
2017320561546,1,9,0,7,0,0,0,0,0,0,1,1,6,1,18,4,1229,1,9,-1,-1,-1
2017320561546,2,9,0,9,0,0,0,0,0,0,1,1,6,1,35,6,1956,2,6,-1,-1,-1
2017320561698,1,9,0,18,0,8,0,0,0,0,1,1,6,1,85,11,1299,1,16,4,1,4
2017320561698,2,9,0,18,0,8,0,0,0,0,1,1,6,1,35,6,1229,1,6,3,1,3
2017320561703,1,9,0,15,0,0,0,0,0,0,0,1,6,1,18,4,1900,2,12,7,3,7
2017320561703,2,9,0,15,0,0,0,0,0,0,0,1,6,2,29,6,1586,1,13,3,1,3
2017320561888,1,9,0,16,0,0,0,0,7,9,1,1,6,1,34,6,1995,1,14,6,1,6
2017320562102,1,9,0,18,0,4,1,9,3,1,1,1,6,1,29,6,1149,1,18,4,1,4
2017320562363,1,9,0,16,0,1,0,0,0,0,1,1,6,1,56,9,1991,2,9,-1,-1,-1
2017320562363,2,9,0,17,0,2,0,0,0,0,0,1,6,1,89,11,1390,1,6,-1,-1,-1
2017320562621,1,9,0,18,0,0,0,0,0,0,1,1,6,2,52,8,1560,2,10,6,1,6
2017320563192,1,9,0,4,0,0,0,0,0,0,2,1,1,1,61,9,1598,2,2,-1,-1,-1
2017320563192,2,3,0,18,0,0,0,0,0,0,1,1,6,1,45,7,108,1,-1,1,3,1
2017320563470,1,9,0,18,0,1,0,0,0,0,1,1,6,2,25,5,1599,1,14,4,2,4
2017320563470,2,9,0,10,0,1,0,0,0,0,2,1,2,1,61,9,2143,2,-1,3,2,3
2017320563546,1,9,0,18,0,0,5,0,7,0,0,1,6,2,58,9,1591,1,5,7,1,7
2017320563737,1,9,0,18,0,0,0,0,0,0,3,1,6,1,56,9,2204,2,8,8,2,8
2017320563742,1,9,0,9,0,2,0,0,0,0,1,1,2,1,46,8,1596,1,14,5,1,5
2017320563742,2,1,0,18,0,1,0,0,0,0,1,1,6,1,35,6,-1,-1,-1,-1,-1,-1
2017320563755,1,9,0,7,0,6,0,0,0,0,3,1,1,1,42,7,1796,1,12,3,1,3
2017320563755,2,1,0,18,0,1,0,0,0,0,1,1,6,1,44,7,-1,-1,-1,3,1,3
2017320563956,1,9,0,16,0,1,0,0,1,1,1,1,2,1,56,9,1598,2,3,7,3,7
2017320564065,1,5,0,16,0,0,2,0,7,1,1,1,2,1,48,8,1137,1,19,3,1,3
2017320564478,1,9,0,4,0,2,0,0,0,0,1,1,6,2,47,8,1968,2,6,10,1,10
2017320564478,2,9,0,18,0,2,0,0,0,0,4,1,6,2,34,6,1362,1,3,5,3,5
2017320565236,1,9,0,18,0,4,0,0,0,0,1,1,6,2,36,7,1587,1,12,-1,-1,-1
2017320565236,2,1,0,18,0,4,0,0,0,0,1,1,6,1,52,8,-1,-1,-1,-1,-1,-1
2017320565624,1,9,0,18,0,0,0,0,0,0,1,1,2,1,37,7,1910,2,9,1,1,1
2017320565624,2,9,0,18,0,0,0,0,0,0,2,1,6,2,28,6,1686,2,12,10,3,10
2017320565779,1,9,0,9,0,1,0,0,0,0,1,1,1,1,40,7,-1,-1,-1,1,1,1
2017320565779,2,9,0,18,0,1,0,0,0,0,1,1,6,2,52,8,1560,2,6,7,2,7
2017320565922,1,9,0,18,0,1,0,0,0,0,1,1,6,1,18,4,1360,1,11,-1,-1,-1
2017320565922,2,9,0,9,0,1,0,0,0,0,2,1,1,1,47,8,1686,2,4,10,1,10
2017320566387,1,9,0,18,0,0,1,0,1,4,1,1,2,1,24,5,1229,1,6,1,1,1
2017320567643,1,9,0,18,0,1,0,0,0,0,1,1,6,3,-1,-1,1242,1,14,-1,-1,-1
2017320567643,2,9,0,18,0,1,0,0,0,0,2,1,6,1,62,9,1597,2,-1,10,2,10
2017320567726,1,9,0,16,0,0,1,0,7,4,1,1,1,2,40,7,1900,2,12,2,1,2
2017320567954,1,9,0,17,0,0,0,0,1,0,1,1,6,1,76,11,-1,-1,-1,6,3,6
2017320568922,1,9,0,18,0,0,0,0,0,0,1,1,6,3,-1,-1,-1,-1,-1,-1,-1,-1
2017320569068,1,1,0,18,0,1,0,0,0,0,0,1,2,2,17,4,-1,-1,-1,3,1,3
2017320569274,1,98,0,18,0,1,0,0,0,0,1,1,6,3,-1,-1,-1,-1,-1,-1,-1,-1
2017320569274,2,11,0,18,0,1,0,0,0,0,4,1,1,1,35,6,-1,-1,-1,3,1,3
2017320569282,1,3,0,18,0,2,2,0,0,10,1,1,6,1,24,5,125,1,1,1,1,1
2017320569540,1,9,0,9,9,5,0,0,0,0,1,1,2,2,50,8,1339,1,5,10,1,10
2017320569540,2,1,0,18,0,1,0,0,0,0,4,1,6,1,14,3,-1,-1,-1,3,1,3
2017320569824,1,5,0,13,0,0,1,0,7,10,4,1,6,1,41,7,1043,1,-1,4,3,4
2017320570033,1,9,0,18,0,0,0,0,0,0,1,1,6,1,28,6,2967,2,12,2,1,2
2017320570033,2,9,0,18,0,0,0,0,0,0,1,1,6,1,80,11,1364,2,6,7,1,7
2017320570033,3,9,0,18,0,0,0,0,0,0,2,1,6,1,50,8,2400,2,7,9,1,9
2017320570033,4,9,0,18,0,0,0,0,0,0,2,1,6,1,37,7,2993,2,4,9,1,9
2017320570033,5,9,0,18,0,0,0,0,0,0,2,1,6,1,26,6,1598,1,12,-1,-1,-1
2017320570139,1,9,0,16,0,0,5,0,7,10,1,1,6,2,52,8,-1,-1,-1,9,3,9
2017320976647,1,9,0,18,0,1,0,0,0,0,3,1,6,1,-1,-1,-1,-1,-1,-1,-1,-1
2017330171126,1,9,0,16,0,0,0,0,1,11,1,1,2,2,19,4,-1,-1,-1,7,1,7
2017330171126,2,8,0,17,0,0,0,0,0,0,2,1,1,1,39,7,-1,-1,-1,4,1,4
2017330171126,3,9,0,16,0,0,0,0,0,0,1,1,2,1,24,5,1496,2,2,5,1,5
2017331605011,1,9,0,18,0,1,0,0,0,0,0,1,6,1,41,7,1598,1,11,-1,-1,-1
2017331605011,2,9,0,18,0,1,0,0,0,0,0,1,6,1,52,8,-1,-1,-1,-1,-1,-1
2017331700001,1,9,0,18,0,0,1,10,1,9,1,1,6,2,26,6,998,1,11,5,1,5
2017331700002,1,9,0,17,0,0,0,0,0,0,2,1,6,2,40,7,1390,1,14,9,1,9
2017331700002,2,9,0,16,0,0,0,0,0,0,1,1,6,1,39,7,1796,1,9,2,1,2
2017331700003,1,9,0,9,0,4,0,0,0,0,3,1,6,1,33,6,1950,2,1,7,1,7
2017331700003,2,1,0,18,0,8,0,0,0,0,1,1,6,2,50,8,-1,-1,-1,5,1,5
2017331700004,1,1,0,3,0,1,0,0,0,0,1,1,6,1,24,5,-1,-1,-1,3,1,3
2017331700004,2,9,0,7,0,5,0,0,0,0,1,1,6,1,-1,-1,-1,-1,-1,-1,-1,-1
2017331700006,1,8,0,18,0,2,0,0,0,0,1,1,6,3,-1,-1,-1,-1,-1,-1,-1,-1
2017331700007,1,19,0,18,0,0,0,0,0,0,1,1,1,1,22,5,2148,2,9,10,1,10
2017331700008,1,9,0,4,0,8,0,0,0,0,4,1,3,2,33,6,-1,-1,-1,8,1,8
2017331700008,2,9,0,9,0,6,0,0,0,0,1,1,6,1,60,9,2400,2,10,-1,-1,-1
2017331700009,1,3,0,4,0,1,1,0,0,0,1,1,2,1,60,9,124,1,2,5,1,5
2017331700009,2,9,0,2,0,1,0,0,0,0,2,1,2,1,28,6,1560,2,10,4,1,4
2017331700009,3,9,0,2,0,2,0,0,0,0,0,1,1,1,48,8,1598,2,1,3,1,3
2017331700010,1,9,0,17,0,0,1,0,7,4,3,1,6,1,25,5,1560,2,10,-1,-1,-1
2017331700011,1,9,0,18,0,2,0,0,0,0,1,1,6,2,42,7,1396,1,4,5,1,5
2017331700012,1,9,0,3,0,1,0,0,0,0,2,1,6,1,52,8,1995,2,14,4,1,4
2017331700012,2,9,0,18,0,1,0,0,0,0,1,1,6,1,-1,-1,1686,2,6,-1,-1,-1
2017331700013,1,9,0,9,0,6,0,0,0,0,1,1,6,2,35,6,-1,-1,-1,-1,-1,-1
2017331700013,2,1,0,7,0,6,0,0,0,0,1,1,6,1,16,4,-1,-1,-1,4,1,4
2017331700014,1,9,0,18,0,0,0,0,0,0,1,1,6,1,45,7,-1,-1,-1,-1,-1,-1
2017331700014,2,1,0,18,0,0,0,0,0,0,1,1,6,1,15,3,-1,-1,-1,2,1,2
2017331700015,1,9,0,1,0,1,0,0,0,0,2,1,6,1,-1,-1,-1,-1,-1,-1,-1,-1
2017331700016,1,9,0,18,0,0,5,0,7,4,1,1,6,1,18,4,1998,2,13,5,1,5
2017331700017,1,8,0,18,0,0,0,0,0,0,1,1,6,1,30,6,-1,-1,-1,-1,-1,-1
2017331700018,1,21,0,7,0,5,0,0,0,0,1,1,6,1,-1,-1,-1,-1,-1,-1,-1,-1
2017331700018,2,1,0,18,0,8,0,0,0,0,2,1,6,1,26,6,-1,-1,-1,1,1,1
2017331700019,1,9,0,18,0,0,5,0,4,10,4,1,6,2,20,4,1598,1,3,4,1,4
2017331700020,1,3,0,18,0,2,0,0,0,0,1,1,6,1,20,4,125,1,2,-1,-1,-1
2017331700020,2,9,0,18,0,8,0,0,0,0,0,1,6,3,-1,-1,-1,-1,-1,-1,-1,-1
2017331700021,1,9,0,18,0,0,0,0,0,0,4,1,6,3,80,11,998,1,8,8,1,8
2017331700022,1,9,0,16,0,2,0,0,0,0,0,1,6,1,18,4,1362,1,5,7,2,7
2017331700022,2,9,0,16,0,2,1,10,1,0,3,1,6,2,18,4,1598,1,12,10,2,10
2017331700023,1,9,0,18,0,0,0,0,0,0,1,1,1,1,48,8,-1,-1,-1,4,1,4
2017331700023,2,1,0,18,0,0,0,0,1,0,2,1,1,1,37,7,-1,-1,-1,3,1,3
2017331700024,1,9,0,3,0,2,0,0,0,0,2,1,6,2,60,9,1975,1,10,2,1,2
2017331700024,2,20,0,9,0,2,0,0,0,0,1,1,1,1,55,8,4461,2,5,9,1,9
2017331700025,1,9,0,5,0,6,0,0,0,0,3,1,6,1,28,6,1422,2,13,3,1,3
2017331700025,2,9,0,3,0,8,0,0,0,0,1,1,6,1,35,6,2231,2,11,1,1,1
2017331700027,1,9,0,7,0,4,0,0,0,0,2,1,1,1,19,4,1242,1,11,7,1,7
2017331700027,2,9,0,7,0,4,0,0,0,0,1,1,6,2,-1,-1,1988,1,16,-1,-1,-1
2017331700028,1,19,0,18,0,0,0,0,0,0,4,1,6,1,-1,-1,1598,2,1,-1,-1,-1
2017331700029,1,9,0,6,0,0,0,0,7,0,3,1,6,2,41,7,1598,1,4,9,1,9
2017331700029,2,9,0,18,0,0,0,0,7,0,1,1,6,2,36,7,2148,2,9,10,1,10
2017331700030,1,9,0,16,0,0,1,0,0,0,1,1,2,2,41,7,1398,2,14,6,1,6
2017331700030,2,9,0,18,0,0,0,0,0,0,3,1,2,2,53,8,1995,2,1,6,3,6
2017331700031,1,9,0,18,0,8,0,0,7,10,4,1,6,1,93,11,1588,1,16,3,1,3
2017331700031,2,9,0,18,0,8,0,0,0,0,1,1,6,1,31,6,1999,1,12,1,1,1
2017331700032,1,9,0,4,0,8,0,0,0,0,1,1,6,2,32,6,2000,2,12,2,1,2
2017331700032,2,9,0,9,0,6,1,0,0,0,1,1,6,1,24,5,1796,1,13,1,1,1
2017331700033,1,9,0,4,0,1,0,0,0,0,1,1,6,2,36,7,-1,-1,-1,4,1,4
2017331700033,2,9,0,3,0,1,0,0,0,0,2,1,6,1,35,6,1598,2,5,-1,-1,-1
2017331700034,1,9,0,18,0,0,0,0,0,0,1,2,6,3,30,6,-1,-1,-1,-1,-1,-1
2017331700035,1,1,0,18,0,8,0,0,0,0,1,1,6,1,32,6,-1,-1,-1,5,1,5
2017331700035,2,9,0,9,0,5,0,0,0,0,1,1,6,1,-1,-1,-1,-1,-1,8,1,8
2017331700036,1,9,0,18,0,8,0,0,0,0,2,1,6,2,26,6,1995,2,11,9,1,9
2017331700036,2,1,0,18,0,8,0,0,0,0,3,1,6,1,51,8,-1,-1,-1,10,1,10
2017331700037,1,9,0,18,0,8,0,0,0,0,1,1,6,2,42,7,1388,1,11,4,1,4
2017331700037,2,9,0,5,0,6,1,0,0,0,1,1,6,1,26,6,-1,-1,-1,4,1,4
2017331700038,1,9,0,9,0,6,0,0,0,0,0,1,6,3,-1,-1,-1,-1,-1,-1,-1,-1
2017331700038,2,11,0,4,0,8,0,0,0,0,0,1,1,1,-1,-1,-1,-1,-1,4,1,4
2017331700039,1,19,0,18,0,0,2,0,7,4,1,1,2,1,66,10,2198,2,10,8,3,8
2017331700042,1,9,0,18,0,6,0,0,0,0,3,1,1,1,52,8,2143,2,3,4,1,4
2017331700042,2,8,0,18,0,8,0,0,0,0,1,1,2,2,50,8,-1,-1,-1,6,1,6
2017331700043,1,9,0,3,0,1,0,0,0,0,0,1,6,1,26,6,1229,1,10,10,1,10
2017331700044,1,9,0,18,0,1,0,0,0,0,1,1,6,1,32,6,998,1,3,8,2,8
2017331700044,2,1,0,18,0,1,0,0,0,0,4,1,6,1,13,3,-1,-1,-1,9,1,9
2017331700045,1,9,0,4,0,8,0,0,7,1,2,1,2,2,36,7,1242,1,17,6,1,6
2017331700045,2,9,0,4,0,8,1,0,0,0,1,1,6,1,52,8,1198,1,3,1,1,1
2017331700046,1,9,0,18,0,0,0,0,0,0,1,1,6,2,39,7,1360,1,12,1,1,1
2017331700047,1,9,0,4,0,1,0,0,0,0,2,1,6,2,53,8,1598,1,5,7,1,7
2017331700047,2,9,0,4,0,1,1,0,1,0,1,1,6,1,23,5,1248,2,12,4,1,4
2017331700047,3,9,0,3,0,1,0,0,0,0,0,1,6,3,-1,-1,-1,-1,-1,-1,-1,-1
2017331700048,1,1,0,5,0,8,0,0,0,0,4,1,6,2,54,8,-1,-1,-1,10,1,10
2017331700048,2,9,0,9,0,6,0,0,0,0,1,1,6,1,-1,-1,-1,-1,-1,-1,-1,-1
2017331700050,1,9,0,5,0,2,0,4,0,0,3,1,6,1,-1,-1,-1,-1,-1,-1,-1,-1
2017331700050,2,9,0,2,0,2,0,0,0,0,3,1,6,3,-1,-1,1396,1,16,-1,-1,-1
2017331700050,3,9,0,2,0,2,0,0,0,0,3,1,6,3,-1,-1,998,1,3,-1,-1,-1
2017331700051,1,9,0,5,0,0,0,0,0,0,1,1,6,3,-1,-1,-1,-1,-1,-1,-1,-1
2017331700052,1,9,0,9,0,5,0,0,0,0,4,1,2,2,25,5,1560,2,2,2,1,2
2017331700052,2,1,0,18,0,8,0,0,0,0,1,1,2,1,36,7,-1,-1,-1,2,1,2
2017331700053,1,9,0,12,0,0,0,0,0,0,3,1,6,2,68,10,998,1,9,-1,-1,-1
2017331700053,2,9,0,13,0,0,0,0,0,0,1,1,2,2,35,6,1199,1,13,5,1,5
2017331700054,1,9,0,7,0,6,0,0,0,0,1,1,6,1,59,9,1596,1,7,7,1,7
2017331700054,2,1,0,18,0,8,0,0,0,0,1,1,6,1,59,9,-1,-1,-1,10,2,10
2017331700055,1,9,0,18,0,8,0,0,7,0,1,1,6,1,-1,-1,1896,2,12,-1,-1,-1
2017331700055,2,9,0,7,0,6,0,0,0,0,1,1,6,1,45,7,1240,1,7,1,1,1
2017331700056,1,9,0,9,0,8,0,0,0,0,1,1,6,2,31,6,1399,2,11,1,1,1
2017331700056,2,5,0,14,0,8,0,0,0,0,4,1,6,1,36,7,-1,-1,-1,5,1,5
2017331700056,3,9,0,3,0,8,0,0,0,0,0,1,6,3,-1,-1,-1,-1,-1,-1,-1,-1
2017331700056,4,9,0,3,0,8,0,0,0,0,0,1,6,3,-1,-1,-1,-1,-1,-1,-1,-1
2017331700057,1,9,0,18,0,8,1,0,0,0,1,1,6,2,35,6,1997,2,14,10,1,10
2017331700057,2,9,0,9,0,5,0,0,0,0,4,1,6,1,76,11,1461,2,5,7,2,7
2017331700058,1,19,0,1,0,1,0,0,0,0,2,1,6,1,30,6,1248,2,3,-1,-1,-1
2017331700059,1,9,0,18,0,0,2,0,1,10,1,1,6,2,26,6,1149,1,14,7,1,7
2017331700060,1,9,0,18,0,0,0,0,0,0,1,1,2,2,33,6,1796,1,12,5,1,5
2017331700060,2,1,0,18,0,0,0,0,0,0,3,1,6,1,17,4,-1,-1,-1,-1,-1,-1
2017331700061,1,9,0,18,0,0,0,0,0,0,3,1,1,2,35,6,998,1,18,3,1,3
2017331700061,2,19,0,18,0,0,0,0,0,0,3,1,1,1,66,10,-1,-1,-1,7,2,7
2017331700061,3,9,0,18,0,0,0,0,0,0,1,1,1,2,35,6,998,1,1,4,2,4
2017331700062,1,9,0,5,0,1,0,0,0,0,1,1,6,2,24,5,1596,1,13,7,1,7
2017331700062,2,1,0,18,0,1,0,0,0,0,1,1,4,1,11,3,-1,-1,-1,4,1,4
2017331700063,1,9,0,13,0,1,0,0,0,0,3,1,6,1,23,5,1199,1,14,4,1,4
2017331700063,2,90,0,4,0,1,0,0,0,0,3,1,2,2,40,7,-1,-1,-1,6,3,6
2017331700063,3,9,0,16,0,2,0,0,0,0,3,1,6,1,26,6,1995,2,9,7,1,7
2017331700064,1,5,0,18,0,8,0,0,7,0,3,1,2,1,34,6,998,1,12,9,1,9
2017331700064,2,19,0,10,0,8,0,0,0,0,0,1,6,3,-1,-1,-1,-1,-1,-1,-1,-1
2017331700064,3,9,0,18,0,8,0,0,0,0,3,1,6,1,-1,-1,2191,2,3,-1,-1,-1
2017331700065,1,9,0,9,0,6,0,0,0,0,3,1,6,2,30,6,-1,-1,-1,6,2,6
2017331700065,2,1,0,18,0,8,0,0,0,0,1,1,6,2,17,4,-1,-1,-1,6,2,6
2017331700067,1,9,0,3,0,1,0,0,0,0,2,1,2,1,31,6,1896,2,13,4,1,4
2017331700067,2,9,0,18,0,1,0,0,0,0,1,1,6,1,-1,-1,1598,1,14,-1,-1,-1
2017331700068,1,9,0,12,0,7,1,0,1,0,1,1,6,1,20,4,1360,1,12,6,2,6
2017331700068,2,9,0,4,0,7,1,0,0,0,2,1,6,2,43,7,1598,1,9,7,2,7
2017331700069,1,9,0,18,0,4,0,0,0,0,1,1,1,1,34,6,2495,2,14,9,1,9
2017331700069,2,3,0,7,0,3,0,0,0,0,3,1,1,1,22,5,125,1,2,9,1,9
2017331700070,1,9,0,18,0,1,0,0,0,0,1,1,6,3,-1,-1,-1,-1,-1,-1,-1,-1
2017331700071,1,9,0,18,0,0,0,4,0,0,1,1,6,1,36,7,1999,1,8,8,3,8
2017331700071,2,9,0,2,0,0,0,4,0,0,2,1,6,3,-1,-1,1299,1,14,-1,-1,-1
2017331700071,3,9,0,2,0,0,0,0,0,0,1,1,6,3,-1,-1,-1,-1,-1,-1,-1,-1
2017331700072,1,9,0,18,0,1,0,0,0,0,1,1,6,1,-1,-1,-1,-1,-1,-1,-1,-1
2017331700073,1,9,0,14,0,0,0,0,0,0,1,1,6,3,-1,-1,-1,-1,-1,-1,-1,-1
2017331700073,2,9,0,3,0,0,0,0,0,0,0,1,6,3,-1,-1,-1,-1,-1,-1,-1,-1
2017331700074,1,9,0,17,0,0,0,0,7,0,4,1,2,1,26,6,1686,2,10,2,1,2
2017331700074,2,9,0,16,0,0,0,0,1,0,0,1,2,2,53,8,1984,1,1,9,2,9
2017331700075,1,9,0,18,0,1,0,0,0,0,1,1,6,3,-1,-1,1968,2,11,-1,-1,-1
2017331700075,2,9,0,3,0,1,0,0,0,0,2,1,6,1,21,5,1995,2,12,8,1,8
2017331700076,1,9,0,18,0,1,0,0,0,0,2,1,2,1,37,7,-1,-1,-1,10,2,10
2017331700076,2,9,0,18,0,1,0,0,0,0,1,1,6,3,-1,-1,-1,-1,-1,-1,-1,-1
2017331700077,1,9,0,18,0,0,0,0,7,4,1,1,6,2,19,4,1242,1,10,8,1,8
2017331700077,2,9,0,2,0,0,0,0,0,0,2,1,6,2,18,4,1395,1,2,8,3,8
2017331700077,3,9,0,2,0,0,0,0,0,0,2,1,6,1,45,7,1598,1,10,9,2,9
2017331700077,4,9,0,17,0,0,0,0,0,0,1,1,6,2,56,9,1587,1,13,10,1,10
2017331700078,1,9,0,8,0,1,0,0,0,0,3,1,6,2,35,6,-1,-1,-1,6,1,6
2017331700078,2,1,0,18,0,8,0,0,0,0,1,1,6,1,-1,-1,-1,-1,-1,-1,-1,-1
2017331700079,1,9,0,7,0,6,0,0,0,0,3,1,1,1,50,8,-1,-1,-1,3,1,3
2017331700079,2,1,0,18,0,8,0,0,0,0,3,1,1,1,56,9,-1,-1,-1,4,1,4
2017331700080,1,9,0,18,0,8,1,0,0,0,1,1,6,1,60,9,-1,-1,-1,5,3,5
2017331700080,2,19,0,5,0,6,5,0,2,3,3,1,1,1,23,5,1598,2,2,8,1,8
2017331700081,1,9,0,18,0,1,0,0,0,0,1,1,6,1,32,6,2000,1,8,2,1,2
2017331700081,2,9,0,2,0,2,0,0,0,0,2,1,6,1,-1,-1,4973,1,34,-1,-1,-1
2017331700081,3,9,0,18,0,2,0,0,0,0,4,1,6,1,59,9,1299,1,15,3,1,3
2017331700081,4,9,0,18,0,1,0,0,0,0,3,1,6,3,35,6,-1,-1,-1,2,1,2
2017331700082,1,9,0,18,0,6,0,0,0,0,4,1,6,3,36,7,1339,1,9,-1,-1,-1
2017331700082,2,9,0,18,0,8,0,0,0,0,1,1,6,2,34,6,1364,1,10,8,2,8
2017331700083,1,8,0,9,0,8,0,0,0,0,1,1,1,1,40,7,-1,-1,-1,2,1,2
2017331700084,1,3,0,18,0,8,0,0,0,0,1,1,6,1,17,4,124,1,3,1,1,1
2017331700084,2,9,0,9,0,5,0,0,0,0,1,1,6,3,-1,-1,-1,-1,-1,-1,-1,-1
2017331700085,1,11,0,18,0,1,0,0,0,0,0,1,1,1,56,9,-1,-1,-1,-1,-1,-1
2017331700085,2,9,0,7,0,5,0,0,0,0,0,1,6,3,-1,-1,1598,1,10,-1,-1,-1
2017331700086,1,10,0,18,0,0,5,0,1,3,1,1,2,1,62,9,2494,2,11,1,1,1
2017331700087,1,9,0,2,0,2,0,0,0,0,2,1,6,1,80,11,1242,1,6,3,1,3
2017331700087,2,9,0,1,0,6,0,0,0,0,2,1,6,3,-1,-1,1896,2,21,-1,-1,-1
2017331700088,1,9,0,18,0,1,0,0,0,0,1,1,6,1,-1,-1,-1,-1,-1,-1,-1,-1
2017331700089,1,9,0,18,0,2,1,0,7,11,2,1,1,1,31,6,1390,1,3,3,1,3
2017331700089,2,9,0,18,0,2,0,0,0,0,0,1,6,3,-1,-1,-1,-1,-1,-1,-1,-1
2017331700089,3,9,0,18,0,2,0,0,0,0,0,1,6,3,-1,-1,-1,-1,-1,-1,-1,-1
2017331700090,1,9,0,18,0,7,0,0,0,0,2,1,6,2,60,9,1560,2,5,10,1,10
2017331700090,2,9,0,11,0,8,0,0,0,0,1,1,2,1,59,9,1275,1,19,4,1,4
2017331700091,1,5,0,14,0,1,0,0,0,0,1,1,6,1,20,4,645,1,17,-1,-1,-1