Accident_Index,Vehicle_Reference,Vehicle_Type,Towing_and_Articulation,Vehicle_Manoeuvre,Vehicle_Location-Restricted_Lane,Junction_Location,Skidding_and_Overturning,Hit_Object_in_Carriageway,Vehicle_Leaving_Carriageway,Hit_Object_off_Carriageway,1st_Point_of_Impact,Was_Vehicle_Left_Hand_Drive?,Journey_Purpose_of_Driver,Sex_of_Driver,Age_of_Driver,Age_Band_of_Driver,Engine_Capacity_(CC),Propulsion_Code,Age_of_Vehicle,Driver_IMD_Decile,Driver_Home_Area_Type,Vehicle_IMD_Decile
2017331700243,2,9,0,18,0,0,0,0,0,0,1,1,6,2,23,5,1242,1,3,8,1,8
2017331700244,1,21,0,7,0,5,0,0,0,0,4,1,1,1,62,9,7284,2,16,-1,-1,-1
2017331700244,2,1,0,7,0,5,0,0,0,0,3,1,2,2,53,8,-1,-1,-1,-1,-1,-1
2017331700245,1,9,0,10,0,1,0,0,0,0,2,1,6,1,37,7,6208,1,4,3,1,3
2017331700245,2,9,0,3,0,1,0,0,0,0,2,1,6,1,50,8,1998,2,13,3,1,3
2017331700245,3,9,0,18,0,1,0,0,0,0,1,1,6,1,17,4,1398,2,9,6,1,6
2017331700246,1,9,0,18,0,0,1,10,1,4,1,1,6,1,32,6,1796,1,24,2,1,2
2017331700247,1,9,0,7,0,8,0,0,0,0,1,1,6,3,-1,-1,1796,1,8,-1,-1,-1
2017331700248,1,9,0,9,0,8,0,0,0,0,3,1,6,2,55,8,1398,2,10,8,1,8
2017331700248,2,21,1,13,0,8,0,0,0,0,1,1,1,1,48,8,10837,2,6,7,1,7
2017331700249,1,9,0,18,0,6,0,0,0,0,1,2,2,2,52,8,1600,2,15,4,1,4
2017331700249,2,9,0,18,0,8,0,0,0,0,3,1,2,1,21,5,1986,2,10,4,1,4
2017331700250,1,21,0,18,0,1,0,0,0,0,3,1,1,1,53,8,3900,2,14,1,1,1
2017331700252,1,9,0,5,0,8,0,0,0,0,1,1,2,1,37,7,2295,1,15,9,2,9
2017331700252,2,3,0,18,0,8,1,0,0,0,1,1,6,1,21,5,124,1,2,9,2,9
2017331700253,1,9,0,18,0,1,1,0,0,0,1,1,6,3,-1,-1,1461,2,1,-1,-1,-1
2017331700253,2,9,0,18,0,1,0,0,0,0,2,1,6,1,26,6,2000,1,9,2,1,2
2017331700254,1,9,0,1,5,8,0,0,0,0,4,1,6,1,35,6,-1,-1,-1,-1,-1,-1
2017331700254,2,1,0,18,5,8,0,0,0,0,1,1,4,1,15,3,-1,-1,-1,-1,-1,-1
2017331700255,1,3,0,9,0,8,0,0,0,0,1,1,1,1,23,5,125,1,3,6,1,6
2017331700255,2,9,0,1,0,8,0,0,0,0,2,1,6,3,-1,-1,-1,-1,-1,-1,-1,-1
2017331700256,1,9,0,18,0,1,0,0,0,0,1,1,6,1,69,10,1798,2,7,5,3,5
2017331700256,2,9,0,4,0,1,0,0,0,0,2,1,6,2,31,6,-1,-1,-1,1,1,1
2017331700257,1,9,0,6,0,3,0,0,0,0,1,1,6,1,-1,-1,-1,-1,-1,-1,-1,-1
2017331700257,2,9,0,9,0,4,0,0,0,0,1,1,6,2,36,7,1596,1,3,1,1,1
2017331700258,1,8,0,18,0,6,0,0,0,0,1,1,1,1,50,8,1998,2,10,5,1,5
2017331700258,2,9,0,18,0,8,0,0,4,4,4,1,6,2,50,8,1762,1,19,2,1,2
2017331700259,1,19,0,18,0,0,0,0,7,10,1,1,6,1,30,6,1560,2,10,-1,-1,-1
2017331700260,1,9,0,18,0,1,0,0,0,0,1,1,6,1,30,6,998,1,12,-1,-1,-1
2017331700260,2,9,0,18,0,1,0,0,0,0,2,1,6,1,29,6,-1,-1,-1,2,1,2
2017331700261,1,9,0,18,0,6,0,0,1,0,3,1,6,1,20,4,1968,2,1,10,1,10
2017331700261,2,9,0,18,0,8,0,0,7,0,1,1,6,1,22,5,1598,1,14,9,1,9
2017331700262,1,9,0,18,0,8,0,0,1,2,3,1,1,1,45,7,1598,2,2,6,1,6
2017331700262,2,19,0,7,0,8,0,0,0,0,4,1,1,1,23,5,2998,2,11,6,1,6
2017331700263,1,9,0,3,0,0,0,0,0,0,2,1,6,1,29,6,1560,2,5,8,3,8
2017331700263,2,9,0,18,0,0,0,0,0,0,1,1,6,1,47,8,2979,1,1,10,1,10
2017331700264,1,5,0,18,0,2,1,4,0,0,1,1,2,1,70,10,1298,1,12,3,1,3
2017331700264,2,19,0,2,0,2,0,0,0,0,3,1,6,3,-1,-1,1868,2,11,-1,-1,-1
2017331700265,1,3,0,17,0,0,0,10,1,11,4,1,2,1,24,5,124,1,1,9,1,9
2017331700266,1,9,0,4,0,1,0,0,0,0,1,1,6,1,40,7,1587,1,11,-1,-1,-1
2017331700266,2,9,0,3,0,1,0,0,0,0,2,1,6,2,21,5,-1,-1,-1,1,1,1
2017331700267,1,9,0,3,0,1,0,0,0,0,2,1,6,2,21,5,1560,2,5,-1,-1,-1
2017331700267,2,9,0,4,0,1,0,0,0,0,1,1,6,2,45,7,2099,1,12,-1,-1,-1
2017331700268,1,9,0,16,0,0,0,10,0,0,1,1,6,2,19,4,1124,1,12,9,3,9
2017331700268,2,9,0,17,0,0,0,0,0,0,1,1,1,1,44,7,1598,2,1,1,1,1
2017331700269,1,9,0,18,0,0,2,0,1,10,1,1,6,1,51,8,2993,2,8,2,1,2
2017331700269,2,9,0,18,0,0,0,0,1,11,3,1,6,1,67,10,2902,2,14,10,1,10
2017331700270,1,19,0,18,0,0,2,0,6,6,1,1,6,1,39,7,-1,-1,-1,-1,-1,-1
2017331700270,2,19,0,18,0,0,0,1,0,0,1,1,6,1,-1,-1,1248,2,2,-1,-1,-1
2017331700270,3,19,0,18,0,0,0,1,0,0,1,1,6,1,40,7,2494,2,10,-1,-1,-1
2017331700270,4,9,0,18,0,0,0,1,0,0,1,1,6,1,35,6,1998,2,12,-1,-1,-1
2017331700271,1,9,0,18,0,0,0,4,0,0,1,1,6,1,34,6,1388,1,13,8,2,8
2017331700271,2,9,0,2,0,0,0,4,0,0,2,1,6,3,-1,-1,1796,1,17,-1,-1,-1
2017331700271,3,9,0,2,0,0,0,0,0,0,2,1,6,3,-1,-1,1248,1,7,-1,-1,-1
2017331700272,1,11,0,5,0,8,0,0,0,0,0,1,1,2,32,6,3900,2,15,6,1,6
2017331700273,1,9,0,5,0,0,0,0,0,0,1,1,6,1,70,10,1328,1,15,-1,-1,-1
2017331700273,2,1,0,5,0,0,0,0,0,0,2,1,6,1,60,9,-1,-1,-1,5,1,5
2017331700274,1,9,0,18,0,8,0,0,0,0,4,1,6,1,40,7,1896,2,17,1,1,1
2017331700275,1,9,0,18,0,0,0,0,0,0,1,1,6,3,-1,-1,-1,-1,-1,-1,-1,-1
2017331700275,2,3,0,18,0,0,0,0,0,0,2,1,2,1,21,5,124,1,5,9,2,9
2017331700276,1,3,0,3,0,1,0,0,0,0,2,1,1,1,18,4,125,1,2,2,1,2
2017331700276,2,11,0,4,0,1,1,0,0,0,1,1,1,1,77,11,1045,2,32,1,1,1
2017331700278,1,9,0,4,0,8,0,0,0,0,1,1,6,1,88,11,2922,1,24,8,1,8
2017331700278,2,19,0,10,0,8,0,0,0,0,2,1,6,1,39,7,1870,2,14,10,1,10
2017331700278,3,9,0,18,0,8,0,0,0,0,3,1,6,1,63,9,-1,-1,-1,8,2,8
2017331700279,1,19,0,2,0,0,0,0,0,0,2,1,1,1,39,7,1996,2,6,8,1,8
2017331700279,2,9,0,2,0,0,0,0,1,0,2,1,2,1,37,7,1686,2,13,2,1,2
2017331700279,3,9,0,18,0,0,0,0,7,0,1,1,6,1,40,7,1598,2,3,8,1,8
2017331700280,1,9,0,2,0,1,0,0,0,0,3,1,6,1,64,9,1248,1,8,3,1,3
2017331700280,2,1,0,18,0,1,0,8,0,0,1,1,6,1,60,9,-1,-1,-1,10,1,10
2017331700281,1,9,0,18,0,0,0,0,0,0,4,1,6,1,64,9,1896,2,13,8,1,8
2017331700281,2,21,1,18,0,0,0,0,0,0,3,1,6,3,-1,-1,-1,-1,-1,-1,-1,-1
2017331700282,1,8,0,5,0,4,0,0,0,0,1,1,1,1,49,8,1800,8,4,-1,-1,-1
2017331700282,2,9,0,9,0,5,0,0,0,0,4,1,6,1,29,6,1390,1,15,-1,-1,-1
2017331700286,1,1,0,18,4,1,0,0,0,0,1,1,1,1,21,5,-1,-1,-1,2,1,2
2017331700286,2,9,0,12,4,2,0,0,0,0,1,1,6,3,-1,-1,1598,1,12,-1,-1,-1
2017331700287,1,9,0,18,0,8,0,0,1,0,1,1,6,2,31,6,1596,1,2,8,1,8
2017331700287,2,9,0,9,0,6,0,0,1,10,4,1,6,1,46,8,1339,1,10,3,1,3
2017331700288,1,20,1,17,0,0,0,0,0,0,2,1,1,1,48,8,-1,-1,-1,9,3,9
2017331700288,2,9,0,4,0,0,1,0,0,0,1,1,6,1,22,5,-1,-1,-1,5,1,5
2017331700289,1,9,0,13,0,8,2,0,7,9,3,1,2,1,52,8,1398,2,14,5,1,5
2017331700289,2,9,0,9,0,6,0,0,0,0,1,1,2,2,60,9,1390,1,10,10,2,10
2017331700289,3,9,0,7,0,5,0,0,0,0,0,1,6,3,-1,-1,-1,-1,-1,-1,-1,-1
2017331700290,1,9,0,13,0,0,5,0,7,9,1,1,2,1,21,5,1988,1,14,-1,-1,-1
2017331700290,2,17,0,18,0,0,5,0,7,9,2,1,1,2,61,9,4400,2,5,7,1,7
2017331700290,3,9,0,12,0,0,0,0,0,0,3,1,3,1,18,4,-1,-1,-1,10,2,10
2017331700290,4,9,0,18,0,0,0,0,0,0,0,1,6,3,-1,-1,-1,-1,-1,-1,-1,-1
2017331700290,5,9,0,18,0,0,0,0,0,0,0,1,6,3,-1,-1,-1,-1,-1,-1,-1,-1
2017331700291,1,9,0,16,0,0,0,0,0,0,1,1,6,1,70,10,1995,2,10,2,1,2
2017331700291,2,9,0,17,0,0,0,0,0,0,3,1,6,2,28,6,1794,1,13,9,3,9
2017331700291,3,9,0,18,0,0,0,0,0,0,1,1,6,1,40,7,1999,2,1,9,3,9
2017331700292,1,9,0,18,0,8,0,0,0,0,4,1,6,1,29,6,2143,2,6,4,1,4
2017331700292,2,9,0,18,0,6,0,0,0,0,1,1,6,2,36,7,1198,1,6,-1,-1,-1
2017331700293,1,9,0,16,0,0,0,0,0,0,3,1,6,1,82,11,1598,1,10,5,2,5
2017331700293,2,9,0,17,0,0,0,0,0,0,3,1,6,2,44,7,-1,-1,-1,8,2,8
2017331700294,1,9,0,9,0,8,0,0,0,0,1,1,6,2,50,8,1422,2,8,3,1,3
2017331700294,2,9,0,18,0,8,0,0,0,0,1,1,6,2,61,9,1388,1,14,6,1,6
2017331700295,1,9,0,12,0,8,0,0,0,0,1,1,6,1,25,5,1590,1,14,1,1,1
2017331700296,1,9,0,9,0,6,0,0,0,0,1,1,2,2,50,8,989,1,11,6,2,6
2017331700296,2,9,0,18,0,8,0,0,0,0,1,1,1,2,38,7,1108,1,7,8,1,8
2017331700297,1,9,0,4,0,8,0,0,0,0,2,1,3,2,49,8,1339,8,9,6,1,6
2017331700297,2,9,0,9,0,8,0,0,0,0,1,1,6,1,32,6,-1,-1,-1,-1,-1,-1
2017331700297,3,9,0,9,0,8,0,0,0,0,2,1,6,2,66,10,1598,1,13,-1,-1,-1
2017331700298,1,9,0,13,0,0,0,0,0,0,0,1,6,2,-1,-1,-1,-1,-1,-1,-1,-1
2017331700298,2,9,0,18,0,0,0,0,0,0,1,1,1,1,25,5,1995,2,-1,7,2,7
2017331700298,3,9,0,18,0,0,0,0,0,0,2,1,6,1,20,4,-1,-1,-1,9,2,9
2017331700298,4,98,0,18,0,0,0,0,0,0,0,1,6,3,-1,-1,-1,-1,-1,-1,-1,-1
2017331700299,1,19,0,17,0,0,0,0,0,0,3,1,6,1,28,6,1598,2,1,5,1,5
2017331700299,2,9,0,16,0,0,0,0,0,0,3,1,6,1,-1,-1,1597,1,17,-1,-1,-1
2017331700300,1,9,0,7,0,6,0,0,0,0,1,1,6,2,29,6,-1,-1,-1,-1,-1,-1
2017331700300,2,9,0,18,0,8,0,0,0,0,4,1,6,1,21,5,-1,-1,-1,-1,-1,-1
2017331700301,1,9,0,18,6,0,0,0,7,6,1,1,6,1,37,7,1332,1,8,2,1,2
2017331700301,2,21,1,2,6,0,0,0,0,0,2,1,1,1,27,6,10677,2,1,1,1,1
2017331700302,1,9,0,18,9,0,0,0,1,0,4,1,6,2,40,7,1248,1,8,-1,-1,-1
2017331700303,1,9,0,9,0,5,0,0,0,0,2,1,6,1,28,6,1995,2,4,3,1,3
2017331700303,2,3,0,18,0,8,0,0,0,0,1,1,6,1,17,4,-1,-1,-1,6,1,6
2017331700304,1,9,0,3,0,0,0,0,0,0,2,1,6,2,18,4,1242,1,9,-1,-1,-1
2017331700304,2,9,0,3,0,0,0,0,0,0,2,1,6,1,53,8,1997,2,4,8,2,8
2017331700304,3,9,0,3,0,0,0,0,0,0,2,1,6,2,45,7,1598,1,16,10,1,10
2017331700304,4,9,0,4,0,0,0,0,0,0,1,1,6,2,27,6,1461,2,5,9,3,9
2017331700305,1,9,0,18,0,5,0,0,0,0,1,1,3,1,36,7,2148,2,15,4,1,4
2017331700306,1,9,0,18,0,8,0,0,0,0,4,1,6,3,-1,-1,-1,-1,-1,-1,-1,-1
2017331700307,1,9,0,7,0,6,2,0,0,0,3,1,1,1,37,7,1590,1,12,9,3,9
2017331700307,2,9,0,2,0,2,0,0,0,0,1,1,6,3,-1,-1,1349,1,8,-1,-1,-1
2017331700308,1,9,0,1,0,6,0,0,0,0,2,1,1,1,55,8,1560,2,3,7,1,7
2017331700309,1,9,0,18,0,1,0,0,7,11,1,1,6,1,76,11,1329,1,2,7,2,7
2017331700310,1,9,0,9,0,5,1,7,0,0,0,1,6,2,26,6,1248,2,8,7,3,7
2017331700310,2,9,0,18,0,8,0,0,0,0,1,1,6,1,31,6,1995,1,14,2,1,2
2017331700311,1,9,0,17,0,0,1,0,1,9,1,1,6,1,56,9,3200,1,16,5,1,5
2017331700312,1,9,0,10,0,8,0,0,0,0,3,1,6,1,20,4,998,1,9,-1,-1,-1
2017331700312,2,9,0,5,0,8,0,0,0,0,1,1,6,1,33,6,1956,2,5,-1,-1,-1
2017331700313,1,9,0,9,0,5,0,0,0,0,3,1,6,2,50,8,1242,1,11,-1,-1,-1
2017331700313,2,97,0,13,0,8,1,0,0,0,1,1,6,1,-1,-1,-1,-1,-1,-1,-1,-1
2017331700314,1,9,0,18,0,0,0,0,0,0,1,1,6,1,30,6,1149,1,15,1,1,1
2017331700314,2,9,0,3,0,0,0,0,0,0,2,1,6,2,44,7,1339,1,3,6,3,6
2017331700315,1,9,0,18,0,0,0,0,1,9,3,1,1,1,19,4,1896,2,15,7,1,7
2017331700315,2,9,0,18,0,0,0,0,1,9,3,1,1,2,30,6,-1,-1,-1,6,2,6
2017331700316,1,9,0,18,0,1,0,0,0,0,1,1,6,1,21,5,1598,1,8,5,1,5
2017331700317,1,9,0,7,0,6,0,0,0,0,1,1,6,2,40,7,1753,2,12,9,1,9
2017331700317,2,9,0,18,0,8,0,0,0,0,2,1,6,1,67,10,-1,-1,-1,-1,-1,-1
2017331700318,1,9,0,18,0,1,0,0,0,0,1,1,6,2,34,6,2926,2,15,2,1,2
2017331700318,2,9,0,10,0,1,0,0,0,0,2,1,6,1,28,6,1968,2,1,1,1,1
2017331700318,3,9,0,18,0,8,0,0,0,0,0,1,6,3,-1,-1,-1,-1,-1,-1,-1,-1
2017331700319,1,9,0,11,0,1,0,0,0,0,2,1,6,2,57,9,1598,1,16,2,1,2
2017331700319,2,9,0,15,0,1,0,0,0,0,1,1,6,1,20,4,1968,2,4,8,1,8
2017331700320,1,9,0,5,0,6,0,0,0,0,1,1,6,2,78,11,-1,-1,-1,4,2,4
2017331700320,2,9,0,18,0,8,0,0,7,0,1,1,6,2,36,7,1596,1,9,-1,-1,-1
2017331700321,1,9,0,18,0,2,0,0,0,0,1,1,6,1,30,6,1870,2,15,6,1,6
2017331700322,1,9,0,9,4,5,0,0,0,0,4,1,3,1,34,6,1398,2,14,4,1,4
2017331700322,2,1,0,15,4,8,0,0,0,0,1,1,6,1,18,4,-1,-1,-1,-1,-1,-1
2017331700322,3,9,0,3,0,1,0,0,0,0,0,1,6,3,-1,-1,-1,-1,-1,-1,-1,-1
2017331700323,1,3,0,4,0,1,1,0,0,0,1,1,6,1,18,4,-1,-1,-1,6,3,6
2017331700324,1,9,0,18,0,8,0,0,0,0,1,1,6,1,73,10,2179,2,3,10,1,10
2017331700324,2,9,0,9,0,6,0,0,0,0,1,1,6,1,-1,-1,-1,-1,-1,-1,-1,-1
2017331700325,1,9,0,9,0,5,0,0,0,0,1,1,6,2,36,7,1968,2,3,7,1,7
2017331700325,2,9,0,18,0,8,0,0,0,0,1,1,6,1,44,7,1598,1,15,1,1,1
2017331700326,1,9,0,18,0,8,0,0,0,0,1,1,6,1,59,9,-1,-1,-1,4,1,4
2017331700327,1,21,1,14,0,2,0,0,0,0,4,1,1,1,38,7,12902,2,4,6,1,6
2017331700327,2,1,0,3,0,2,0,0,0,0,3,1,6,1,86,11,-1,-1,-1,6,1,6
2017331700328,1,9,0,18,0,8,0,0,8,4,1,1,6,2,53,8,1896,2,9,-1,-1,-1
2017331700328,2,9,0,5,0,6,0,0,0,0,1,1,6,1,50,8,1390,1,9,8,1,8
2017331700329,1,9,0,18,0,6,0,0,0,0,1,1,6,1,-1,-1,1796,1,6,-1,-1,-1
2017331700329,2,9,0,18,0,8,0,4,1,0,3,1,6,1,55,8,1242,1,2,3,1,3
2017331700329,3,9,0,2,0,2,0,4,0,0,2,1,6,3,-1,-1,1500,1,22,-1,-1,-1
2017331700329,4,9,0,2,0,2,0,4,0,0,2,1,6,3,-1,-1,1951,2,15,-1,-1,-1
2017331700329,5,9,0,2,0,2,0,0,0,0,2,1,6,3,-1,-1,1595,1,15,-1,-1,-1
2017331700330,1,9,0,9,0,8,0,0,0,0,1,1,1,2,37,7,1397,1,14,1,1,1
2017331700330,2,19,0,9,0,8,0,0,0,0,1,1,1,1,31,6,1560,2,4,8,1,8
2017331700331,1,9,0,16,0,0,5,0,0,0,4,1,6,1,21,5,1598,1,8,1,1,1
2017331700331,2,9,0,16,0,0,0,0,0,0,3,1,3,2,34,6,1598,7,15,4,1,4
2017331700332,1,9,0,17,0,0,1,0,0,0,1,1,6,1,-1,-1,1461,2,11,-1,-1,-1
2017331700332,2,9,0,16,0,0,0,0,0,0,1,1,2,1,33,6,1956,2,3,3,1,3
2017331700333,1,9,0,9,0,2,0,0,0,0,1,1,1,1,27,6,1398,1,6,8,1,8
2017331700334,1,9,0,18,0,1,1,0,7,0,4,1,6,2,72,10,1591,1,1,6,1,6
2017331700334,2,9,0,13,0,1,2,4,0,0,1,1,6,1,25,5,1995,2,12,6,1,6
2017331700335,1,9,0,1,9,0,0,0,0,0,2,1,6,2,27,6,1560,2,5,-1,-1,-1
2017331700336,1,9,0,4,0,0,0,0,0,0,1,1,6,1,-1,-1,1198,1,7,-1,-1,-1
2017331700336,2,9,0,4,0,0,0,0,0,0,2,1,6,1,55,8,1995,2,15,5,1,5
2017331700337,1,9,0,12,0,1,0,0,0,0,4,1,6,1,25,5,1587,1,10,-1,-1,-1
2017331700337,2,9,0,3,0,1,0,0,0,0,3,1,6,2,35,6,1364,1,7,6,3,6
2017331700338,1,1,0,18,0,1,0,0,0,0,1,1,6,1,24,5,-1,-1,-1,4,1,4
2017331700338,2,9,0,18,0,1,0,0,0,0,1,1,6,1,30,6,-1,-1,-1,-1,-1,-1
2017331700339,1,9,0,18,0,0,0,0,0,0,1,1,6,1,35,6,1598,1,16,5,1,5
2017331700339,2,9,0,3,0,0,0,0,0,0,2,1,6,2,40,7,3628,2,9,3,1,3
2017331700340,1,3,0,4,0,1,0,0,0,0,2,1,6,1,17,4,49,1,17,-1,-1,-1
2017331700340,2,19,0,18,0,1,0,0,0,0,1,1,6,3,-1,-1,-1,-1,-1,-1,-1,-1
2017331700342,1,9,0,9,0,6,5,0,0,0,1,1,6,1,31,6,2179,2,10,-1,-1,-1
2017331700342,2,9,0,2,0,2,0,0,0,0,3,1,6,3,-1,-1,1364,1,11,-1,-1,-1
2017331700342,3,9,0,2,0,2,0,0,0,0,4,1,6,3,-1,-1,-1,-1,-1,-1,-1,-1
2017331700343,1,9,0,18,0,1,0,0,0,0,1,1,6,1,78,11,-1,-1,-1,-1,-1,-1
2017331700343,2,1,0,18,0,1,0,0,0,0,1,1,6,2,17,4,-1,-1,-1,-1,-1,-1
2017331700344,1,3,0,16,0,0,0,0,0,0,1,1,6,1,23,5,125,1,1,5,1,5
2017331700344,2,9,0,17,0,0,0,0,0,0,1,1,6,2,57,9,973,1,15,8,1,8
2017331700345,1,9,0,18,0,0,0,0,0,0,2,1,6,2,18,4,1299,1,12,7,1,7
2017331700345,2,9,0,18,0,0,0,0,0,0,1,1,6,2,-1,-1,-1,-1,-1,-1,-1,-1
2017331700346,1,9,0,18,0,8,0,0,0,0,1,1,2,1,46,8,-1,3,3,9,1,9
2017331700346,2,2,0,10,0,8,0,0,0,0,2,1,2,1,20,4,49,1,4,5,1,5
2017331700348,1,9,0,18,0,8,0,9,0,0,1,1,6,3,-1,-1,1998,1,17,-1,-1,-1
2017331700349,1,9,0,18,0,8,0,0,0,0,1,1,1,2,56,9,1587,1,14,10,1,10
2017331700349,2,9,0,9,0,8,0,0,0,0,1,1,6,1,-1,-1,1984,1,3,-1,-1,-1
2017331700350,1,9,0,18,0,0,0,0,0,0,4,1,6,3,-1,-1,-1,-1,-1,-1,-1,-1
2017331700351,1,9,0,7,0,6,0,0,0,0,1,1,1,1,41,7,2401,2,11,6,1,6
2017331700352,1,9,0,18,0,8,0,0,0,0,1,1,1,1,38,7,1685,2,3,2,1,2
2017331700352,2,9,0,9,0,8,0,0,0,0,1,1,6,2,41,7,1791,8,6,8,3,8
2017331700353,1,9,0,18,0,0,0,4,1,1,1,1,1,1,21,5,-1,-1,-1,8,2,8
2017331700353,2,9,0,2,0,0,0,0,0,0,3,1,1,3,-1,-1,1796,1,8,-1,-1,-1
2017331700354,1,9,0,18,0,8,0,0,0,0,2,1,2,2,57,9,998,1,1,7,3,7
2017331700354,2,9,0,18,0,4,0,0,0,0,1,1,2,2,22,5,-1,-1,-1,-1,-1,-1
2017331700356,1,19,0,18,9,0,0,0,2,0,4,1,6,3,-1,-1,-1,-1,-1,-1,-1,-1
2017331700357,1,9,0,17,0,0,5,0,7,9,4,1,6,2,59,9,1360,1,5,7,3,7
2017331700358,1,9,0,10,0,2,0,0,0,0,2,1,6,2,25,5,1597,1,18,-1,-1,-1
2017331700358,2,9,0,18,0,2,0,0,0,0,1,1,1,1,-1,-1,-1,-1,-1,5,1,5
2017331700359,1,9,0,9,0,8,0,0,0,0,4,1,6,1,44,7,1796,1,11,-1,-1,-1
2017331700359,2,9,0,18,0,4,0,0,0,0,1,1,6,1,-1,-1,-1,-1,-1,-1,-1,-1
2017331700360,1,9,0,17,0,8,2,0,7,10,1,1,6,2,23,5,1995,1,7,8,1,8
2017331700361,1,19,0,5,0,0,0,0,0,0,2,1,2,1,56,9,2148,2,10,10,2,10
2017331700362,1,9,0,17,0,0,2,0,1,4,4,1,6,2,47,8,1975,1,8,-1,-1,-1
2017331700363,1,9,0,13,0,0,0,0,0,0,1,1,2,1,50,8,1461,2,12,4,1,4
2017331700363,2,9,0,16,0,0,1,0,0,0,1,1,1,1,52,8,1799,1,6,10,1,10
2017331700363,3,9,0,17,0,0,0,0,0,0,0,1,6,3,-1,-1,-1,-1,-1,-1,-1,-1
2017331700363,4,9,0,17,0,0,0,0,0,0,0,1,6,3,-1,-1,-1,-1,-1,-1,-1,-1
2017331700364,1,9,0,12,0,0,0,0,0,0,0,1,6,3,-1,-1,-1,-1,-1,-1,-1,-1
2017331700364,2,5,0,4,0,0,1,0,0,0,0,1,6,2,21,5,535,1,16,3,1,3
2017331700365,1,19,0,9,0,8,0,0,0,0,3,1,1,1,22,5,-1,-1,-1,7,1,7
2017331700365,2,5,0,9,0,8,0,0,0,0,1,1,6,1,46,8,600,1,17,7,1,7
2017331700366,1,9,0,18,0,6,0,0,0,0,3,1,6,2,58,9,1598,1,9,8,3,8
2017331700366,2,9,0,9,0,6,0,0,0,0,1,1,6,1,35,6,1796,1,10,5,1,5
2017331700367,1,9,0,16,0,0,0,0,1,11,1,1,6,2,41,7,1197,1,2,7,1,7
2017331700367,2,9,0,17,0,0,0,0,0,0,1,1,6,2,27,6,1242,1,9,8,2,8
2017331700368,1,9,0,18,0,6,0,0,0,0,1,1,1,1,53,8,2494,2,6,9,2,9
2017331700368,2,9,0,18,0,8,0,0,0,0,3,1,6,1,25,5,995,1,10,10,2,10
2017331700369,1,9,0,18,0,0,2,0,0,0,1,1,6,1,19,4,998,1,13,2,1,2
2017331700369,2,9,0,2,0,0,0,0,0,0,2,1,6,3,-1,-1,1398,1,-1,1,1,1
2017331700370,1,9,0,5,0,1,0,0,0,0,3,1,2,2,53,8,-1,-1,-1,2,1,2
2017331700370,2,21,0,18,0,1,0,0,0,0,4,1,1,1,-1,-1,-1,-1,-1,-1,-1,-1
2017331700370,3,9,0,2,0,1,0,0,0,0,3,1,6,3,-1,-1,1968,2,6,-1,-1,-1
2017331700371,1,9,0,1,9,0,0,0,0,0,2,1,6,3,-1,-1,2198,2,4,9,2,9
2017331700372,1,9,0,16,0,8,0,0,0,0,1,1,6,1,71,10,2720,2,12,8,3,8
2017331700372,2,9,0,6,0,8,0,0,0,0,2,1,6,2,43,7,1598,2,3,10,1,10
2017331700373,1,9,0,18,0,6,1,0,0,0,1,1,6,2,25,5,1587,1,14,8,1,8
2017331700373,2,9,0,18,0,8,1,0,0,0,1,1,6,1,57,9,1896,2,16,3,1,3
2017331700374,1,9,0,18,0,2,0,0,0,0,4,1,6,2,33,6,1998,1,8,9,1,9
2017331700376,1,9,0,13,0,0,0,0,1,4,1,1,2,1,25,5,-1,-1,-1,8,2,8
2017331700376,2,9,0,13,0,0,0,0,7,4,1,1,2,1,39,7,999,1,1,7,3,7
2017331700376,3,21,1,18,0,0,0,0,0,0,0,1,1,1,48,8,-1,-1,-1,-1,-1,-1
2017331700376,4,98,0,18,0,0,0,0,0,0,0,1,1,3,-1,-1,-1,-1,-1,-1,-1,-1
2017331700377,1,9,0,18,0,1,0,0,0,0,1,1,6,1,50,8,1598,2,6,-1,-1,-1
2017331700378,1,3,0,18,0,8,0,0,0,0,1,1,6,1,19,4,124,1,7,6,2,6
2017331700378,2,8,0,5,0,4,0,0,0,0,3,1,6,1,28,6,1968,2,8,1,1,1
2017331700379,1,9,0,4,0,1,0,0,0,0,2,1,6,1,43,7,3498,1,12,6,1,6
2017331700379,2,9,0,18,0,1,0,0,0,0,2,1,6,1,38,7,1461,2,2,-1,-1,-1
2017331700379,3,9,0,18,0,1,0,0,0,0,2,1,6,1,45,7,1995,2,5,9,1,9
2017331700379,4,9,0,4,0,1,0,0,0,0,1,1,6,2,56,9,1499,2,3,9,2,9
2017331700379,5,9,0,4,0,1,0,0,0,0,0,1,6,3,-1,-1,-1,-1,-1,-1,-1,-1
2017331700380,1,9,0,9,0,8,0,0,0,0,2,1,6,1,32,6,1968,2,6,4,1,4
2017331700380,2,9,0,6,0,8,0,0,0,0,1,1,6,1,36,7,1896,2,10,6,1,6
2017331700381,1,9,0,18,0,8,0,0,0,0,1,1,6,1,53,8,1386,1,4,8,3,8
2017331700381,2,9,0,18,0,8,0,0,0,0,4,1,6,1,51,8,1999,2,2,8,1,8
2017331700382,1,9,0,18,0,8,0,0,0,0,4,1,6,1,52,8,2088,2,27,8,1,8
2017331700382,2,19,0,18,0,6,0,0,0,0,1,1,1,1,47,8,-1,-1,-1,4,2,4