Accident_Index,Vehicle_Reference,Vehicle_Type,Towing_and_Articulation,Vehicle_Manoeuvre,Vehicle_Location-Restricted_Lane,Junction_Location,Skidding_and_Overturning,Hit_Object_in_Carriageway,Vehicle_Leaving_Carriageway,Hit_Object_off_Carriageway,1st_Point_of_Impact,Was_Vehicle_Left_Hand_Drive?,Journey_Purpose_of_Driver,Sex_of_Driver,Age_of_Driver,Age_Band_of_Driver,Engine_Capacity_(CC),Propulsion_Code,Age_of_Vehicle,Driver_IMD_Decile,Driver_Home_Area_Type,Vehicle_IMD_Decile
2017331700383,1,9,0,18,0,1,0,0,0,0,1,1,6,1,52,8,1794,1,11,3,1,3
2017331700383,2,9,0,18,0,1,0,0,0,0,1,1,6,1,40,7,2967,2,3,-1,-1,-1
2017331700384,1,9,0,1,0,5,0,0,0,0,2,1,6,1,-1,-1,1386,1,14,-1,-1,-1
2017331700385,1,9,0,18,0,8,1,10,4,1,4,1,6,1,49,8,1560,2,7,10,2,10
2017331700385,2,90,0,18,0,6,0,0,0,0,1,1,6,1,46,8,1997,2,15,-1,-1,-1
2017331700386,1,90,0,4,0,0,0,0,0,0,4,1,6,2,-1,-1,-1,-1,-1,-1,-1,-1
2017331700388,1,9,0,18,0,8,0,0,1,10,1,1,2,2,46,8,1951,2,13,-1,-1,-1
2017331700388,2,9,0,9,0,5,0,0,0,0,1,1,2,1,27,6,1560,2,12,2,1,2
2017331700389,1,9,0,18,0,8,0,0,0,0,1,1,6,2,30,6,1995,2,10,5,1,5
2017331700389,2,9,0,18,0,6,0,0,0,0,1,1,2,2,48,8,-1,-1,-1,-1,-1,-1
2017331700390,1,9,0,18,0,6,0,0,0,0,1,1,6,1,35,6,1968,2,8,8,1,8
2017331700390,2,9,0,18,0,8,0,0,0,0,4,1,6,2,35,6,1598,1,10,4,1,4
2017331700391,1,9,0,18,0,0,0,0,0,0,1,1,6,1,44,7,1461,2,7,-1,-1,-1
2017331700391,2,9,0,18,0,0,0,0,0,0,2,1,6,1,37,7,1339,8,7,5,1,5
2017331700391,3,9,0,18,0,0,0,0,0,0,2,1,6,1,-1,-1,1997,1,12,-1,-1,-1
2017331700392,1,1,0,9,0,6,0,0,0,0,3,1,6,1,69,10,-1,-1,-1,10,1,10
2017331700392,2,9,0,18,0,8,0,0,0,0,1,1,6,1,18,4,1198,1,15,6,3,6
2017331700393,1,9,0,9,0,4,0,0,0,0,1,1,6,1,58,9,2360,1,13,4,1,4
2017331700393,2,9,0,18,0,8,0,0,0,0,1,1,6,1,25,5,1149,1,15,8,1,8
2017331700394,1,9,0,9,0,6,0,0,0,0,1,1,1,1,51,8,-1,-1,-1,-1,-1,-1
2017331700394,2,9,0,18,0,8,0,4,0,0,4,1,1,1,20,4,1986,2,10,-1,-1,-1
2017331700394,3,9,0,2,0,2,0,4,0,0,1,1,1,3,-1,-1,973,1,14,-1,-1,-1
2017331700394,4,9,0,2,0,2,0,0,0,0,2,1,1,3,-1,-1,1397,1,7,-1,-1,-1
2017331700395,1,9,0,9,0,5,0,0,0,0,1,1,6,2,37,7,1197,1,2,-1,-1,-1
2017331700395,2,1,0,4,0,1,0,0,0,0,1,1,6,2,47,8,-1,-1,-1,7,1,7
2017331700396,1,9,0,17,0,0,0,0,1,10,1,1,2,1,50,8,-1,-1,-1,1,1,1
2017331700397,1,9,0,13,0,0,0,0,0,0,1,1,6,1,44,7,1796,1,4,-1,-1,-1
2017331700397,2,9,0,16,0,0,0,0,1,0,3,1,6,1,19,4,1490,1,8,-1,-1,-1
2017331700397,3,21,1,17,0,0,0,0,0,0,3,1,1,1,53,8,12809,2,2,-1,-1,-1
2017331700399,1,8,0,18,0,8,0,0,0,0,3,1,1,1,60,9,1598,2,3,-1,-1,-1
2017331700399,2,9,0,9,0,4,0,0,0,0,1,1,1,1,30,6,-1,-1,-1,-1,-1,-1
2017331700400,1,9,0,9,0,8,0,0,0,0,4,1,6,1,71,10,1997,2,6,9,1,9
2017331700400,2,1,0,17,0,8,0,0,0,0,1,1,6,1,19,4,-1,-1,-1,9,3,9
2017331700401,1,1,0,18,5,8,0,0,0,0,1,1,2,1,45,7,-1,-1,-1,8,2,8
2017331700401,2,17,0,7,0,6,0,0,0,0,1,1,1,1,33,6,3387,2,1,7,1,7
2017331700402,1,9,0,18,0,2,0,0,0,0,0,1,6,1,52,8,1493,2,12,1,1,1
2017331700402,2,5,0,18,0,2,0,0,0,0,3,1,6,1,39,7,883,1,6,7,1,7
2017331700402,3,5,0,18,0,2,0,0,0,0,4,1,6,1,27,6,883,1,8,9,1,9
2017331700403,1,1,0,7,0,5,0,0,0,0,3,1,6,1,44,7,-1,-1,-1,2,1,2
2017331700403,2,9,0,7,0,5,0,0,0,0,4,1,6,3,-1,-1,-1,-1,-1,-1,-1,-1
2017331700404,1,9,0,7,0,5,0,0,0,0,1,1,6,2,71,10,1997,2,-1,6,1,6
2017331700404,2,1,0,18,0,8,0,0,0,0,2,1,6,2,-1,-1,-1,-1,-1,-1,-1,-1
2017331700405,1,9,0,4,0,0,0,0,0,0,1,1,6,1,80,11,1318,1,2,8,1,8
2017331700405,2,16,0,18,0,0,0,0,0,0,1,1,6,2,18,4,-1,-1,-1,7,1,7
2017331700406,1,9,0,4,0,3,0,0,1,1,1,1,6,2,40,7,-1,-1,-1,2,1,2
2017331700406,2,9,0,4,0,3,0,0,0,0,0,1,6,3,-1,-1,-1,-1,-1,-1,-1,-1
2017331700407,1,3,0,18,0,8,0,0,0,0,1,1,1,1,18,4,124,1,16,1,1,1
2017331700407,2,9,0,9,0,8,0,0,0,0,4,1,1,1,45,7,1896,2,14,8,1,8
2017331700408,1,9,0,18,0,1,0,0,0,0,1,1,6,1,37,7,1590,1,14,6,1,6
2017331700408,2,9,0,4,0,1,0,0,0,0,2,1,6,1,58,9,1968,2,1,6,1,6
2017331700409,1,1,0,18,0,8,0,0,0,0,4,1,6,1,50,8,-1,-1,-1,8,2,8
2017331700409,2,9,0,5,0,4,0,0,0,0,1,1,2,1,30,6,1995,1,16,3,1,3
2017331700410,1,9,0,18,0,0,0,0,0,0,3,1,1,1,56,9,1997,2,3,6,1,6
2017331700411,1,9,0,1,9,0,0,0,0,0,2,1,6,3,-1,-1,-1,-1,-1,-1,-1,-1
2017331700412,1,9,0,5,0,4,1,0,0,0,1,1,1,2,61,9,-1,-1,-1,4,1,4
2017331700412,2,9,0,18,0,8,5,0,0,0,4,1,2,2,56,9,1461,2,4,7,3,7
2017331700413,1,9,0,18,0,0,0,4,0,0,1,1,6,2,85,11,1598,1,16,6,3,6
2017331700413,2,9,0,2,0,0,0,0,1,0,1,1,6,3,-1,-1,1984,1,4,-1,-1,-1
2017331700414,1,9,0,3,0,1,0,0,0,0,2,1,2,2,28,6,1360,1,15,-1,-1,-1
2017331700414,2,11,0,5,0,1,0,0,0,0,1,1,1,1,27,6,4250,2,6,-1,-1,-1
2017331700416,1,5,0,18,0,0,0,0,0,0,1,1,6,1,40,7,1203,1,10,-1,-1,-1
2017331700416,2,9,0,18,0,0,0,0,0,0,2,1,6,2,30,6,2993,2,3,-1,-1,-1
2017331700417,1,9,0,18,0,0,2,0,1,0,4,1,1,1,52,8,2495,2,18,6,3,6
2017331700418,1,9,0,9,0,5,0,0,0,0,1,1,6,1,40,7,2993,2,11,8,1,8
2017331700419,1,9,0,18,0,8,0,9,3,1,1,1,6,2,33,6,1995,2,5,9,3,9
2017331700420,1,8,0,9,0,6,0,0,0,0,1,1,1,1,38,7,1997,2,1,4,1,4
2017331700420,2,9,0,18,0,8,0,0,0,0,4,1,6,2,53,8,1998,2,12,7,1,7
2017331700421,1,9,0,4,0,1,0,0,0,0,2,1,6,2,42,7,1998,1,-1,8,1,8
2017331700421,2,9,0,16,0,1,0,0,0,0,1,1,6,1,77,11,1339,1,2,7,1,7
2017331700422,1,9,0,10,0,8,0,0,0,0,2,1,6,1,66,10,1995,2,11,5,2,5
2017331700422,2,21,1,18,0,8,1,0,0,0,1,1,1,1,50,8,12902,2,2,9,1,9
2017331700423,1,9,0,3,0,1,0,0,0,0,0,1,6,2,29,6,1896,2,12,5,1,5
2017331700423,2,9,0,16,0,1,0,0,0,0,1,1,6,2,26,6,1396,1,8,4,1,4
2017331700424,1,9,4,9,0,5,0,0,0,0,1,1,1,1,52,8,1968,2,8,8,3,8
2017331700424,2,9,0,18,0,8,0,0,1,0,1,1,6,1,67,10,1199,1,13,5,1,5
2017331700424,3,9,0,2,0,8,0,0,0,0,2,1,1,1,59,9,-1,-1,-1,2,1,2
2017331700425,1,9,0,18,0,4,0,0,0,0,1,1,6,1,-1,-1,1199,1,14,-1,-1,-1
2017331700425,2,9,0,9,0,3,0,0,0,0,4,1,6,2,18,4,-1,-1,-1,9,1,9
2017331700426,1,9,0,16,0,0,1,0,7,11,1,1,6,1,28,6,1798,1,16,2,1,2
2017331700427,1,9,0,18,0,0,0,0,0,0,1,1,6,1,57,9,1997,2,9,6,1,6
2017331700427,2,1,0,18,0,0,0,0,0,0,1,1,6,2,11,3,-1,-1,-1,-1,-1,-1
2017331700428,1,5,0,16,0,1,0,0,0,0,1,1,6,1,71,10,650,1,5,10,1,10
2017331700428,2,9,0,7,0,2,0,0,0,0,3,1,6,2,34,6,1796,1,21,7,3,7
2017331700429,1,9,0,18,0,0,0,0,0,0,4,1,3,2,41,7,1796,1,12,-1,-1,-1
2017331700430,1,9,0,5,0,0,0,0,0,0,3,1,6,2,71,10,1339,1,13,1,1,1
2017331700431,1,9,0,18,0,1,0,0,0,0,1,1,6,1,-1,-1,-1,-1,-1,-1,-1,-1
2017331700433,1,9,0,18,0,0,0,0,0,0,1,1,6,1,-1,-1,2698,2,10,-1,-1,-1
2017331700433,2,9,0,4,0,0,0,0,0,0,2,1,6,2,28,6,1360,1,14,3,1,3
2017331700433,3,9,0,4,0,0,0,0,0,0,2,1,2,2,29,6,1248,1,5,9,1,9
2017331700433,4,19,0,4,0,0,0,0,0,0,2,1,2,1,53,8,1560,2,6,9,1,9
2017331700434,1,9,0,18,0,1,0,0,0,0,1,1,6,3,-1,-1,-1,-1,-1,-1,-1,-1
2017331700434,2,9,0,3,0,1,0,0,0,0,2,1,6,1,42,7,-1,-1,-1,-1,-1,-1
2017331700435,1,9,0,3,0,0,0,0,1,11,4,1,1,1,22,5,1248,2,10,5,1,5
2017331700435,2,9,0,18,0,0,0,1,0,0,1,1,6,2,23,5,1396,1,15,6,1,6
2017331700436,1,1,0,18,9,0,0,4,0,0,1,1,6,1,25,5,-1,-1,-1,-1,-1,-1
2017331700436,2,9,0,2,0,0,0,0,0,0,4,1,6,3,-1,-1,1198,1,15,-1,-1,-1
2017331700437,1,9,0,18,0,8,0,0,0,0,1,1,1,1,60,9,1999,2,-1,10,2,10
2017331700437,2,8,0,18,0,8,0,0,0,0,1,1,1,1,32,6,2499,2,7,3,1,3
2017331700438,1,19,0,4,0,0,1,0,4,0,1,1,6,1,-1,-1,2494,2,15,-1,-1,-1
2017331700438,2,19,0,4,0,0,0,0,0,0,2,1,2,1,27,6,1598,2,3,1,1,1
2017331700439,1,3,0,4,0,0,1,0,0,0,2,1,6,1,19,4,125,1,1,10,1,10
2017331700439,2,3,0,17,0,0,0,0,0,0,1,1,6,1,17,4,125,1,9,5,1,5
2017331700440,1,9,0,18,0,2,0,0,4,6,1,1,6,1,42,7,1839,1,13,1,1,1
2017331700441,1,9,0,7,0,3,0,0,0,0,0,1,6,1,43,7,1968,2,1,-1,-1,-1
2017331700441,2,22,0,5,9,2,5,0,0,0,3,1,6,1,83,11,-1,-1,-1,9,1,9
2017331700442,1,9,0,16,0,2,0,12,0,0,1,1,6,2,62,9,1796,2,3,10,1,10
2017331700443,1,9,0,18,0,0,0,0,0,0,2,1,2,2,48,8,-1,-1,-1,1,1,1
2017331700443,2,19,0,18,0,0,0,0,0,0,1,1,1,1,53,8,-1,-1,-1,6,1,6
2017331700444,1,5,0,18,0,1,0,0,0,0,1,1,6,1,34,6,998,1,13,1,1,1
2017331700444,2,9,0,4,0,1,0,0,0,0,2,1,6,1,53,8,1905,2,19,1,1,1
2017331700445,1,9,0,18,0,6,0,0,0,0,4,1,6,2,39,7,1582,2,8,9,1,9
2017331700445,2,9,0,18,0,8,0,0,0,0,1,1,6,1,73,10,1796,1,9,6,3,6
2017331700446,1,9,0,18,0,8,2,0,1,10,1,1,6,1,57,9,1598,1,12,6,1,6
2017331700447,1,9,0,18,0,8,2,0,1,1,1,1,6,1,21,5,1984,1,3,-1,-1,-1
2017331700447,2,8,0,9,0,8,0,0,0,0,1,1,1,1,28,6,1791,8,6,1,1,1
2017331700448,1,9,0,18,0,4,0,0,0,0,1,1,6,2,69,10,1329,1,2,10,2,10
2017331700448,2,1,0,18,0,8,0,0,0,0,2,1,6,1,65,9,-1,-1,-1,6,3,6
2017331700449,1,9,0,18,0,0,1,0,7,6,2,1,6,1,35,6,1997,2,13,1,1,1
2017331700449,2,9,0,4,0,0,1,0,7,6,1,1,6,1,23,5,1995,2,3,7,3,7
2017331700450,1,9,0,16,0,8,0,0,0,0,1,1,2,1,23,5,1984,1,7,4,1,4
2017331700450,2,9,0,9,0,6,0,0,0,0,3,1,2,1,35,6,1399,1,8,6,3,6
2017331700452,1,98,0,9,0,5,0,0,0,0,1,2,1,1,64,9,-1,-1,-1,-1,-1,-1
2017331700452,2,9,0,17,0,8,0,0,0,0,1,1,2,1,32,6,1396,1,19,8,2,8
2017331700453,1,9,0,5,0,6,0,0,0,0,1,1,6,1,45,7,1461,2,4,8,1,8
2017331700453,2,9,0,9,0,5,0,0,0,0,1,1,6,1,22,5,1199,1,16,1,1,1
2017331700454,1,9,0,18,0,8,0,0,0,0,3,1,2,2,24,5,1364,1,8,10,1,10
2017331700454,2,9,0,18,0,6,0,0,0,0,1,1,6,1,29,6,-1,-1,-1,4,1,4
2017331700455,1,9,0,18,0,8,0,0,0,0,1,1,6,2,28,6,1360,1,13,1,1,1
2017331700455,2,8,0,18,0,6,0,0,0,0,4,1,1,1,28,6,1968,2,8,4,1,4
2017331700456,1,9,0,3,0,1,0,0,0,0,2,1,3,2,29,6,1896,2,14,7,3,7
2017331700456,2,9,0,5,0,1,0,0,0,0,1,1,2,1,55,8,2179,2,2,-1,-1,-1
2017331700457,1,9,0,18,0,2,0,0,0,0,3,1,6,1,28,6,1995,2,8,6,3,6
2017331700458,1,9,0,18,0,8,0,0,0,0,1,1,6,1,60,9,2148,2,8,5,1,5
2017331700458,2,9,0,9,0,6,0,0,0,0,3,1,6,2,24,5,1910,2,9,9,1,9
2017331700458,3,9,0,10,0,8,0,0,0,0,3,1,6,1,33,6,1396,1,15,3,1,3
2017331700459,1,9,0,18,0,0,0,0,0,0,3,1,6,2,23,5,1796,1,5,4,1,4
2017331700459,2,19,0,18,0,0,0,0,0,0,3,1,6,1,-1,-1,1560,2,6,-1,-1,-1
2017331700460,1,9,0,16,0,0,0,0,7,10,1,1,6,3,16,4,1998,1,13,-1,-1,-1
2017331700461,1,1,0,18,0,8,0,0,0,0,2,1,6,1,45,7,-1,-1,-1,3,1,3
2017331700461,2,9,0,18,0,8,0,0,0,0,1,1,6,1,-1,-1,-1,-1,-1,-1,-1,-1
2017331700462,1,9,0,18,0,8,0,0,0,0,1,1,6,3,-1,-1,-1,-1,-1,-1,-1,-1
2017331700462,2,1,0,9,0,6,0,0,0,0,1,1,6,1,20,4,-1,-1,-1,1,1,1
2017331700463,1,9,0,1,9,1,0,0,0,0,2,1,6,1,50,8,2987,2,2,-1,-1,-1
2017331700464,1,21,1,12,0,0,0,0,0,0,3,1,1,1,25,5,12740,2,3,3,3,3
2017331700464,2,9,0,18,0,0,0,0,4,6,4,1,1,1,70,10,999,1,-1,6,1,6
2017331700465,1,9,0,7,0,8,0,0,0,0,1,1,6,1,71,10,-1,-1,-1,6,1,6
2017331700466,1,9,0,9,0,8,0,0,0,0,0,1,3,2,33,6,1598,2,3,5,2,5
2017331700466,2,9,0,18,0,8,0,0,0,0,0,1,6,3,-1,-1,1781,1,14,-1,-1,-1
2017331700467,1,9,0,9,0,5,0,0,0,0,3,1,6,2,44,7,2435,1,23,-1,-1,-1
2017331700467,2,3,0,13,0,8,0,0,7,0,1,1,6,1,21,5,124,1,2,8,1,8
2017331700468,1,9,0,3,0,0,0,0,0,0,2,1,2,2,30,6,-1,-1,-1,8,2,8
2017331700468,2,9,0,3,0,0,0,0,0,0,2,1,6,2,29,6,-1,-1,-1,-1,-1,-1
2017331700468,3,9,0,18,0,0,0,0,0,0,1,1,6,3,-1,-1,-1,-1,-1,-1,-1,-1
2017331700469,1,9,0,1,0,0,0,0,0,0,2,1,6,1,28,6,1598,1,14,7,1,7
2017331700469,2,9,0,18,0,0,0,0,0,0,0,1,6,3,-1,-1,-1,-1,-1,-1,-1,-1
2017331700470,1,9,0,18,0,1,1,0,2,11,1,1,6,1,19,4,1242,1,10,3,2,3
2017331700471,1,9,0,17,0,0,0,0,1,10,1,1,6,1,46,8,2148,2,12,6,1,6
2017331700471,2,9,0,16,0,0,0,0,1,0,1,1,6,2,56,9,-1,-1,-1,6,1,6
2017331700472,1,9,0,18,0,8,0,0,0,0,1,1,6,2,41,7,1956,2,7,3,1,3
2017331700472,2,9,0,18,0,6,0,0,1,11,1,1,6,1,27,6,-1,-1,-1,5,1,5
2017331700473,1,9,0,18,0,6,0,0,0,0,0,1,6,1,46,8,2401,2,15,-1,-1,-1
2017331700473,2,9,0,18,0,8,0,10,1,11,1,1,6,1,19,4,1229,1,9,6,1,6
2017331700474,1,9,0,13,0,8,2,0,7,3,1,1,6,1,22,5,-1,-1,-1,-1,-1,-1
2017331700474,2,9,0,16,0,8,0,0,0,0,0,1,6,3,-1,-1,-1,-1,-1,-1,-1,-1
2017331700475,1,9,0,5,0,0,0,0,0,0,4,1,6,2,57,9,2179,2,7,1,1,1
2017331700475,2,97,0,18,0,0,0,0,0,0,1,1,6,1,32,6,-1,-1,-1,1,1,1
2017331700476,1,11,0,3,0,0,0,0,0,0,2,1,1,1,52,8,4250,2,14,1,1,1
2017331700476,2,9,0,3,0,0,0,0,0,0,2,1,2,2,47,8,1997,2,4,2,1,2
2017331700476,3,9,0,18,0,0,0,0,0,0,1,1,2,1,28,6,1320,1,17,3,1,3
2017331700477,1,9,0,10,0,8,0,0,0,0,2,1,6,2,60,9,1299,1,12,5,1,5
2017331700477,2,9,0,16,0,8,0,0,0,0,1,1,6,1,49,8,1753,2,10,6,1,6
2017331700478,1,9,0,4,0,0,0,0,0,0,2,1,6,2,21,5,1197,1,1,8,1,8
2017331700478,2,1,0,18,0,0,0,0,0,0,1,1,6,1,17,4,-1,-1,-1,8,1,8
2017331700479,1,9,0,16,0,2,0,0,1,4,1,1,1,2,29,6,1598,1,9,5,1,5
2017331700480,1,9,0,5,0,6,0,0,0,0,1,1,6,2,57,9,1461,2,3,-1,1,-1
2017331700480,2,9,0,18,0,8,1,0,4,6,1,1,6,1,32,6,2143,2,4,8,2,8
2017331700481,1,9,0,17,0,0,5,0,1,0,1,1,6,1,33,6,1968,2,2,8,2,8
2017331700482,1,9,0,1,0,6,0,0,0,0,2,1,1,2,35,6,1910,2,11,2,1,2
2017331700482,2,5,0,18,0,8,0,0,0,0,1,1,1,1,45,7,645,1,4,7,1,7
2017331700483,1,9,0,16,0,0,1,0,1,0,1,1,2,1,20,4,1124,1,16,5,1,5
2017331700483,2,17,0,17,0,0,5,0,0,0,3,1,1,1,52,8,-1,2,9,8,2,8
2017331700484,1,9,0,13,0,8,0,0,0,0,1,1,2,2,42,7,-1,-1,-1,10,1,10
2017331700484,2,9,0,9,0,5,0,0,0,0,3,1,2,2,32,6,1560,2,13,10,2,10
2017331700485,1,9,0,18,0,1,0,0,0,0,2,1,1,1,58,9,1587,1,12,1,1,1
2017331700485,2,9,0,2,0,1,0,0,0,0,2,1,1,1,52,8,1997,2,8,1,1,1
2017331700485,3,9,0,3,0,1,0,0,0,0,1,1,2,2,48,8,1197,1,1,3,1,3
2017331700486,1,8,0,18,2,8,0,0,0,0,2,1,1,1,41,7,-1,-1,-1,1,1,1
2017331700486,2,8,0,9,2,6,0,0,0,0,3,1,1,1,60,9,1798,8,1,2,1,2
2017331700487,1,9,0,17,0,8,0,0,1,10,3,1,6,2,60,9,1197,1,7,5,1,5
2017331700488,1,9,0,18,0,1,0,0,0,0,1,1,2,1,59,9,1596,1,7,1,1,1
2017331700488,2,1,0,4,0,6,0,0,0,10,1,1,6,1,14,3,-1,-1,-1,6,1,6
2017331700490,1,9,0,18,0,0,0,4,0,0,1,1,6,1,26,6,1398,2,15,3,1,3
2017331700490,2,9,0,2,0,0,0,0,0,0,1,1,6,3,-1,-1,-1,-1,-1,-1,-1,-1
2017331700491,1,9,0,9,0,6,0,0,0,0,1,1,6,1,50,8,1388,1,15,-1,-1,-1
2017331700491,2,1,0,18,0,8,0,0,0,0,1,1,2,1,39,7,-1,-1,-1,9,1,9
2017331700492,1,11,0,9,0,8,0,0,0,0,1,1,1,3,47,8,-1,-1,-1,-1,-1,-1
2017331700493,1,9,0,7,0,6,0,0,0,0,1,1,6,1,81,11,1896,2,15,5,1,5
2017331700493,2,9,0,18,0,8,0,0,0,0,4,1,6,2,65,9,1398,1,-1,9,2,9
2017331700493,3,21,0,10,0,1,0,0,0,0,1,1,1,1,63,9,9290,2,5,5,1,5
2017331700494,1,1,0,9,0,0,0,0,0,0,1,1,4,1,14,3,-1,-1,-1,3,1,3
2017331700494,2,9,0,18,0,0,0,0,0,0,4,1,2,2,23,5,-1,-1,-1,10,2,10
2017331700495,1,9,0,3,0,8,0,0,0,0,1,1,6,1,29,6,1198,1,9,6,3,6
2017331700495,2,9,0,17,0,8,0,0,0,0,3,1,6,1,24,5,1596,1,19,9,1,9
2017331700496,1,19,0,18,0,4,0,0,0,0,1,1,6,3,-1,-1,-1,-1,-1,-1,-1,-1
2017331700496,2,1,0,7,0,3,0,0,0,0,1,1,1,1,26,6,-1,-1,-1,6,1,6
2017331700497,1,9,0,15,0,8,0,0,0,0,3,1,1,1,52,8,2198,1,16,-1,-1,-1
2017331700497,2,9,0,7,0,6,0,0,0,0,4,1,6,1,38,7,-1,-1,-1,3,1,3
2017331700498,1,9,0,18,0,0,0,0,0,0,1,1,6,1,24,5,1149,1,15,-1,-1,-1
2017331700498,2,9,0,3,0,0,0,0,0,0,2,1,6,2,32,6,1498,1,2,-1,-1,-1
2017331700498,3,9,0,2,0,0,0,0,0,0,2,1,6,3,-1,-1,-1,-1,-1,-1,-1,-1
2017331700500,1,9,0,13,0,0,0,0,0,0,3,1,6,2,19,4,1242,1,10,7,2,7
2017331700500,2,3,0,18,0,0,0,0,0,0,3,1,6,1,21,5,124,1,7,4,1,4
2017331700500,3,1,0,18,0,0,0,0,0,0,0,1,6,3,-1,-1,-1,-1,-1,-1,-1,-1
2017331700501,1,9,0,18,0,4,0,0,0,0,1,1,6,2,31,6,1596,1,2,5,2,5
2017331700501,2,9,0,11,0,4,0,0,0,0,1,1,6,2,30,6,1798,1,10,-1,-1,-1
2017331700502,1,19,0,18,0,8,0,0,0,0,4,1,3,1,37,7,1598,2,2,3,1,3
2017331700502,2,9,0,18,0,6,0,0,0,0,1,1,6,1,75,10,-1,-1,-1,6,1,6
2017331700503,1,19,0,18,0,8,0,0,0,0,1,1,1,1,45,7,1686,2,5,7,2,7
2017331700503,2,9,0,4,0,8,0,0,0,0,2,1,2,2,54,8,1198,1,3,8,1,8
2017331700504,1,9,0,7,0,6,0,0,0,0,4,1,1,2,21,5,1242,1,4,1,1,1
2017331700504,2,1,0,18,0,8,0,0,0,0,1,1,1,1,35,6,-1,-1,-1,1,1,1
2017331700507,1,9,0,3,0,1,0,0,0,0,2,1,6,1,53,8,1198,1,4,8,2,8
2017331700507,2,9,0,16,0,1,0,0,0,0,1,1,6,1,19,4,1390,1,12,2,1,2
2017331700508,1,8,0,9,0,6,0,0,0,0,1,1,1,1,51,8,1997,2,3,3,1,3
2017331700508,2,1,0,18,0,8,0,0,0,0,1,1,6,1,24,5,-1,-1,-1,1,1,1
2017331700509,1,9,0,18,9,0,0,7,1,0,1,1,6,2,80,11,1248,1,3,3,1,3
2017331700509,2,9,0,2,9,0,0,0,0,0,2,1,6,3,-1,-1,1242,1,14,-1,-1,-1
2017331700509,3,9,0,2,9,0,0,0,0,0,2,1,6,3,-1,-1,-1,-1,-1,-1,-1,-1
2017331700509,4,9,0,2,9,0,0,0,0,0,1,1,6,3,-1,-1,1997,2,16,-1,-1,-1
2017331700509,5,9,0,2,9,0,0,0,0,0,1,1,6,3,-1,-1,-1,-1,-1,-1,-1,-1
2017331700509,6,9,0,2,9,0,0,0,0,0,1,1,6,3,-1,-1,-1,-1,-1,-1,-1,-1
2017331700510,1,8,0,18,0,1,1,0,1,11,2,1,1,1,38,7,1797,8,6,2,1,2
2017331700510,2,9,0,18,0,1,1,0,8,11,1,1,6,3,-1,-1,1956,2,3,-1,-1,-1
2017331700511,1,9,0,18,0,8,0,0,0,0,1,1,1,2,28,6,1598,1,12,7,1,7
2017331700511,2,9,0,18,0,6,0,10,2,4,3,1,1,2,27,6,998,1,17,3,1,3
2017331700512,1,9,0,11,0,8,0,0,0,0,4,1,6,1,30,6,2204,2,10,3,1,3
2017331700512,2,3,0,18,0,8,0,0,0,0,3,1,6,1,20,4,124,1,2,3,1,3
2017331700513,1,9,0,4,0,8,1,0,0,0,3,1,6,1,51,8,1489,1,-1,4,1,4
2017331700513,2,9,0,5,0,6,0,0,0,0,1,1,6,1,-1,-1,-1,-1,-1,-1,-1,-1
2017331700515,1,9,0,7,0,2,0,0,0,0,1,1,2,1,21,5,1248,1,3,2,1,2
2017331700515,2,1,0,18,0,2,0,0,0,0,1,1,6,1,50,8,-1,-1,-1,7,1,7
2017331700516,1,9,0,7,0,6,0,0,0,0,1,1,6,3,-1,-1,-1,-1,-1,-1,-1,-1
2017331700517,1,9,0,4,0,0,0,0,0,0,2,1,6,1,32,6,2179,2,9,8,3,8
2017331700517,2,9,0,18,0,0,0,0,0,0,1,1,6,1,38,7,-1,-1,-1,1,1,1
2017331700517,3,9,0,4,0,0,0,0,0,0,0,1,6,3,-1,-1,-1,-1,-1,-1,-1,-1
2017331700518,1,9,0,9,0,6,0,0,0,0,1,1,6,1,24,5,1995,2,8,4,2,4
2017331700518,2,9,0,18,0,8,0,0,0,0,1,1,6,1,42,7,-1,-1,-1,3,1,3
2017331700519,1,21,1,12,0,0,0,0,8,7,1,1,1,1,58,9,12310,2,12,5,1,5
2017331700520,1,9,0,7,0,8,0,0,0,0,1,1,6,1,34,6,1598,2,7,6,1,6
2017331700520,2,1,0,5,0,6,0,0,0,0,1,1,6,1,27,6,-1,-1,-1,4,1,4
2017331700522,1,9,0,7,0,8,0,0,0,0,1,1,6,2,59,9,1998,8,1,7,2,7
2017331700522,2,9,0,18,0,8,0,0,0,0,4,1,6,1,43,7,1560,2,5,3,1,3
2017331700523,1,9,0,18,0,0,1,4,0,0,3,1,6,1,27,6,1396,1,20,3,1,3
2017331700523,2,9,0,2,0,0,0,0,0,0,4,1,6,3,27,6,1998,2,9,3,1,3
2017331700524,1,9,0,18,0,0,1,0,1,0,1,1,6,1,42,7,1910,2,10,2,1,2
2017331700524,2,9,0,18,0,0,0,0,0,0,3,1,6,1,21,5,1198,1,14,1,1,1
2017331700524,3,9,0,18,0,0,0,0,0,0,3,1,1,2,26,6,1242,1,7,5,1,5
2017331700525,1,9,0,3,0,1,0,0,0,0,4,1,6,1,-1,-1,-1,-1,-1,-1,-1,-1
2017331700525,2,1,0,4,0,1,0,8,0,0,3,1,6,1,50,8,-1,-1,-1,1,1,1
2017331700526,1,9,0,18,0,0,0,0,0,0,1,1,6,1,37,7,1796,2,4,4,1,4