Accident_Index,Vehicle_Reference,Vehicle_Type,Towing_and_Articulation,Vehicle_Manoeuvre,Vehicle_Location-Restricted_Lane,Junction_Location,Skidding_and_Overturning,Hit_Object_in_Carriageway,Vehicle_Leaving_Carriageway,Hit_Object_off_Carriageway,1st_Point_of_Impact,Was_Vehicle_Left_Hand_Drive?,Journey_Purpose_of_Driver,Sex_of_Driver,Age_of_Driver,Age_Band_of_Driver,Engine_Capacity_(CC),Propulsion_Code,Age_of_Vehicle,Driver_IMD_Decile,Driver_Home_Area_Type,Vehicle_IMD_Decile
2017331700685,3,9,0,16,0,0,0,0,0,0,1,1,6,1,30,6,1997,2,10,8,1,8
2017331700686,1,19,0,18,0,8,1,0,0,0,1,1,6,1,29,6,1995,2,9,10,1,10
2017331700686,2,9,0,18,0,8,0,0,1,1,3,1,2,2,22,5,1598,1,5,8,2,8
2017331700687,1,9,0,18,0,8,0,0,0,0,3,1,6,1,74,10,1560,2,5,3,1,3
2017331700687,2,20,1,9,0,6,0,0,0,0,1,1,1,1,46,8,3920,2,7,1,1,1
2017331700688,1,9,0,18,0,2,0,0,0,0,1,1,6,1,38,7,1896,2,15,2,1,2
2017331700688,2,9,0,3,0,2,0,0,0,0,2,1,6,2,23,5,1896,2,13,10,2,10
2017331700689,1,1,0,13,0,8,0,0,0,0,1,1,6,1,45,7,-1,-1,-1,2,1,2
2017331700689,2,9,0,7,0,5,0,0,0,0,2,1,6,1,46,8,1997,2,4,9,1,9
2017331700690,1,19,0,9,0,5,0,0,0,0,1,1,1,1,70,10,1248,2,1,8,2,8
2017331700690,2,1,0,13,0,8,0,0,0,0,1,1,6,2,30,6,-1,-1,-1,9,1,9
2017331700691,1,9,0,15,0,8,0,0,0,0,1,1,6,2,37,7,1968,2,10,-1,-1,-1
2017331700691,2,19,0,9,0,6,0,0,0,0,1,1,6,2,55,8,1598,2,5,-1,-1,-1
2017331700691,3,9,0,10,0,1,0,0,0,0,0,1,6,3,-1,-1,-1,-1,-1,-1,-1,-1
2017331700692,1,9,0,18,0,0,0,0,0,0,1,1,6,1,19,4,-1,-1,-1,-1,-1,-1
2017331700692,2,9,0,18,0,0,0,0,1,9,1,1,6,1,56,9,1984,1,6,9,3,9
2017331700695,1,5,0,16,0,0,1,0,1,4,4,1,6,1,51,8,893,1,22,6,2,6
2017331700698,1,1,0,10,0,8,0,0,0,0,2,1,1,1,55,8,-1,-1,-1,6,1,6
2017331700698,2,9,0,5,0,8,0,0,0,0,1,1,6,2,-1,-1,2171,2,14,-1,-1,-1
2017331700699,1,9,0,9,0,6,0,0,3,0,3,1,1,1,53,8,-1,-1,-1,7,3,7
2017331700699,2,5,0,16,0,8,1,0,0,0,1,1,6,1,51,8,1050,1,9,9,1,9
2017331700700,1,9,0,3,0,0,0,0,0,0,1,1,1,1,47,8,1686,2,4,5,1,5
2017331700700,2,19,0,1,0,0,0,0,0,0,2,1,6,1,30,6,-1,-1,-1,-1,-1,-1
2017331700701,1,9,0,18,0,6,0,0,3,0,4,1,6,1,39,7,2500,2,-1,6,2,6
2017331700701,2,9,0,18,0,8,0,0,3,0,1,1,6,2,50,8,1968,2,10,5,1,5
2017331700703,1,9,0,18,0,8,0,0,0,0,1,1,2,2,26,6,1398,2,7,5,1,5
2017331700703,2,9,0,18,0,8,5,0,0,0,3,1,6,2,27,6,998,1,-1,10,2,10
2017331700704,1,9,0,5,0,4,0,0,0,0,1,1,6,2,47,8,1968,2,7,-1,-1,-1
2017331700704,2,9,0,4,0,4,0,0,0,0,2,1,6,1,-1,-1,1990,1,12,-1,-1,-1
2017331700705,1,9,0,18,0,0,0,0,0,0,1,1,6,1,23,5,1200,1,2,7,1,7
2017331700705,2,9,0,3,0,0,0,0,1,11,1,1,6,1,26,6,1999,1,10,10,1,10
2017331700706,1,9,0,4,0,8,0,0,7,10,1,1,2,2,36,7,1229,1,2,-1,-1,-1
2017331700706,2,9,0,9,0,5,0,0,0,0,0,1,6,3,-1,-1,-1,-1,-1,-1,-1,-1
2017331700708,1,9,0,5,0,1,0,0,0,0,1,1,6,1,36,7,1968,2,9,-1,-1,-1
2017331700708,2,5,0,18,0,2,0,0,0,0,1,1,6,1,59,9,650,1,-1,-1,-1,-1
2017331700709,1,9,0,11,0,8,0,0,0,0,1,1,6,1,46,8,999,1,1,1,1,1
2017331700709,2,9,0,18,0,8,0,0,0,0,1,1,6,1,32,6,-1,-1,-1,1,1,1
2017331700710,1,9,0,18,0,0,0,0,1,4,3,1,6,2,59,9,1596,1,16,6,3,6
2017331700710,2,9,0,18,0,0,0,0,1,9,1,1,6,1,24,5,1910,2,10,4,1,4
2017331700711,1,9,0,18,0,0,0,0,0,0,1,1,6,1,46,8,1896,2,15,7,1,7
2017331700712,1,19,0,4,0,1,0,0,0,0,2,1,1,1,54,8,1560,2,1,7,1,7
2017331700712,2,19,0,18,0,1,0,0,0,0,1,1,1,1,40,7,-1,-1,-1,7,3,7
2017331700712,3,9,0,4,0,1,0,0,0,0,0,1,6,3,-1,-1,-1,-1,-1,-1,-1,-1
2017331700713,1,9,0,18,0,0,0,0,0,0,1,1,6,1,73,10,1896,2,13,6,1,6
2017331700713,2,9,0,2,0,0,0,0,0,0,2,1,6,1,36,7,1998,1,13,8,1,8
2017331700714,1,3,0,4,0,8,1,0,0,0,1,1,1,1,32,6,125,1,2,2,1,2
2017331700714,2,9,0,7,0,6,0,0,0,0,2,1,6,3,35,6,-1,-1,-1,-1,-1,-1
2017331700715,1,9,0,9,0,6,0,0,0,0,3,1,1,2,-1,-1,-1,-1,-1,-1,-1,-1
2017331700715,2,1,0,17,0,8,0,0,0,0,1,1,6,1,51,8,-1,-1,-1,1,1,1
2017331700716,1,9,0,18,0,8,0,0,1,10,3,1,1,2,51,8,1598,1,5,10,1,10
2017331700716,2,9,0,18,0,6,0,0,7,10,1,1,6,3,-1,-1,998,1,8,-1,-1,-1
2017331700717,1,9,0,16,0,2,1,7,0,0,1,1,6,2,23,5,1198,1,3,10,1,10
2017331700718,1,9,0,18,0,3,0,7,0,0,1,1,6,2,34,6,1598,1,12,4,1,4
2017331700719,1,9,0,18,0,0,0,0,0,0,1,1,2,1,27,6,1461,2,1,9,2,9
2017331700720,1,9,0,9,0,5,0,0,0,0,1,1,6,2,50,8,1461,2,3,5,2,5
2017331700721,1,5,0,13,0,8,0,0,0,0,1,1,6,1,24,5,849,1,26,3,1,3
2017331700721,2,9,0,9,0,5,0,0,0,0,3,1,6,1,63,9,1997,2,3,10,2,10
2017331700722,1,9,0,18,0,4,0,0,0,0,1,1,6,1,79,11,999,1,4,9,1,9
2017331700722,2,9,0,18,0,8,0,0,0,0,1,1,1,1,25,5,2198,2,3,8,3,8
2017331700723,1,9,0,4,0,1,1,0,0,0,1,1,6,1,40,7,1753,2,10,-1,-1,-1
2017331700723,2,9,0,3,0,1,0,0,0,0,2,1,1,1,59,9,-1,-1,-1,5,1,5
2017331700724,1,1,0,4,0,8,0,0,0,0,1,1,6,1,29,6,-1,-1,-1,8,1,8
2017331700724,2,9,0,5,0,4,0,0,0,0,0,1,6,1,35,6,1149,1,8,9,1,9
2017331700725,1,9,0,3,0,1,0,0,0,0,3,1,6,2,30,6,1799,1,8,4,1,4
2017331700725,2,9,0,18,0,8,0,0,0,0,1,1,6,1,-1,-1,1995,2,7,2,1,2
2017331700726,1,1,0,18,4,8,0,0,0,0,4,1,6,1,58,9,-1,-1,-1,1,1,1
2017331700726,2,9,0,5,4,6,0,0,0,0,1,1,6,1,50,8,-1,-1,-1,-1,-1,-1
2017331700727,1,9,0,16,0,0,2,0,7,8,3,1,6,1,29,6,1496,2,1,5,1,5
2017331700728,1,19,0,18,0,8,0,0,0,0,1,1,1,1,55,8,2143,2,-1,5,1,5
2017331700728,2,9,0,18,0,8,0,0,0,0,1,1,6,2,47,8,1560,2,5,4,1,4
2017331700728,3,9,0,4,0,8,0,0,0,0,0,1,6,3,-1,-1,-1,-1,-1,-1,-1,-1
2017331700729,1,9,0,2,0,0,0,0,0,0,4,1,6,3,-1,-1,1198,1,14,-1,-1,-1
2017331700729,2,8,0,6,0,0,0,0,0,0,3,1,6,1,38,7,1798,8,2,1,1,1
2017331700729,3,9,0,18,0,0,0,0,0,0,4,1,6,1,22,5,-1,-1,-1,1,1,1
2017331700730,1,19,0,18,0,0,2,0,7,9,1,1,6,2,56,9,1298,1,14,9,2,9
2017331700731,1,90,4,4,0,0,1,0,8,6,1,1,1,1,43,7,-1,-1,-1,10,3,10
2017331700731,2,21,1,18,0,0,0,0,0,0,2,1,1,1,55,8,12900,2,8,1,1,1
2017331700731,3,21,0,18,0,0,0,0,0,0,2,1,1,1,55,8,12809,2,3,4,1,4
2017331700733,1,9,0,5,0,1,0,0,0,0,2,1,6,1,25,5,1595,1,-1,6,1,6
2017331700733,2,21,0,5,0,1,0,0,0,0,1,1,6,1,43,7,12902,2,2,-1,-1,-1
2017331700739,1,8,0,18,0,1,0,0,0,0,1,1,1,1,48,8,1797,8,4,8,1,8
2017331700739,2,1,0,4,0,8,0,0,0,0,1,1,6,1,28,6,-1,-1,-1,4,1,4
2017331700740,1,9,0,18,0,4,0,0,0,0,3,1,6,2,-1,-1,1498,1,12,-1,-1,-1
2017331700740,2,9,0,9,0,8,0,0,0,0,4,1,6,2,27,6,1240,1,12,8,1,8
2017331700741,1,9,0,4,0,0,0,0,0,0,2,1,6,1,55,8,1839,1,12,9,1,9
2017331700741,2,3,0,18,0,0,0,0,0,0,1,1,6,1,19,4,124,1,6,6,2,6
2017331700741,3,11,0,17,0,0,0,0,0,0,0,1,1,2,39,7,9000,2,12,2,1,2
2017331700742,1,9,0,18,0,0,0,0,0,0,4,1,6,2,34,6,1388,1,13,1,1,1
2017331700744,1,9,0,13,0,8,0,0,7,10,4,1,6,1,73,10,2997,1,9,9,2,9
2017331700744,2,9,0,9,0,8,0,0,0,0,3,1,6,1,35,6,1461,2,9,5,1,5
2017331700745,1,9,0,18,0,4,0,0,0,0,1,1,6,3,-1,-1,1870,2,15,-1,-1,-1
2017331700745,2,9,0,18,0,8,0,0,0,0,4,1,6,2,45,7,-1,-1,-1,4,1,4
2017331700746,1,9,0,5,9,1,0,0,0,0,1,1,6,3,-1,-1,-1,-1,-1,-1,-1,-1
2017331700747,1,9,0,18,0,0,5,10,6,0,1,1,6,1,29,6,1598,1,10,6,1,6
2017331700748,1,9,0,10,0,8,0,0,0,0,2,1,1,1,50,8,-1,-1,-1,8,3,8
2017331700748,2,19,0,18,0,8,0,0,1,9,1,1,1,1,24,5,-1,-1,-1,9,2,9
2017331700748,3,9,0,18,0,8,0,0,0,0,3,1,1,2,44,7,1598,2,4,4,3,4
2017331700749,1,19,0,3,0,1,0,0,0,0,2,1,6,1,-1,-1,1248,2,2,-1,-1,-1
2017331700749,2,9,0,3,0,1,0,0,0,0,2,1,6,2,50,8,1461,2,4,9,1,9
2017331700749,3,19,0,4,0,1,0,0,0,0,1,1,6,1,-1,-1,2198,2,11,-1,-1,-1
2017331700751,1,5,0,13,0,0,0,0,0,0,1,1,6,1,57,9,647,1,18,-1,1,-1
2017331700751,2,9,0,6,0,0,0,0,0,0,3,1,6,1,57,9,1299,1,18,-1,-1,-1
2017331700752,1,3,0,18,0,1,0,0,0,0,1,1,6,1,36,7,125,1,1,1,1,1
2017331700752,2,9,0,4,0,1,0,0,0,0,2,1,2,2,25,5,-1,-1,-1,8,1,8
2017331700752,3,9,0,9,0,5,0,0,0,0,0,1,6,3,-1,-1,-1,-1,-1,-1,-1,-1
2017331700753,1,9,0,18,0,0,0,0,0,0,0,1,6,1,63,9,-1,-1,-1,8,2,8
2017331700753,2,16,0,18,0,0,0,0,0,0,0,1,6,1,55,8,-1,-1,-1,8,2,8
2017331700754,1,19,0,4,0,0,0,0,0,0,1,1,6,1,-1,-1,2148,2,14,-1,-1,-1
2017331700754,2,9,0,4,0,0,0,0,0,0,2,1,6,1,50,8,1796,1,3,10,2,10
2017331700757,1,3,0,4,0,1,0,0,0,0,1,1,6,1,19,4,124,1,7,2,1,2
2017331700758,1,19,0,9,0,8,0,0,0,0,1,1,6,3,-1,-1,-1,-1,-1,-1,-1,-1
2017331700758,2,8,0,9,0,8,0,0,0,0,3,1,6,1,46,8,1364,1,2,4,1,4
2017331700759,1,9,0,4,0,1,0,0,0,0,3,1,2,2,47,8,1498,1,1,-1,-1,-1
2017331700759,2,1,0,18,0,1,0,0,0,0,1,1,6,1,-1,-1,-1,-1,-1,-1,-1,-1
2017331700760,1,1,0,18,0,0,0,0,0,0,1,1,6,2,24,5,-1,-1,-1,-1,-1,-1
2017331700760,2,9,0,13,0,0,0,0,0,0,1,1,6,1,-1,-1,-1,-1,-1,-1,-1,-1
2017331700761,1,9,0,9,0,5,0,0,0,0,4,1,6,2,37,7,3200,2,10,3,1,3
2017331700761,2,1,0,18,0,8,0,0,0,0,1,1,2,1,36,7,-1,-1,-1,2,1,2
2017331700763,1,9,0,18,0,0,0,0,0,0,1,1,6,1,17,4,1399,2,11,-1,-1,-1
2017331700764,1,9,0,18,0,0,1,0,2,10,3,1,6,2,29,6,1396,1,19,1,1,1
2017331700764,2,9,0,11,0,0,0,0,0,0,0,1,6,3,-1,-1,-1,-1,-1,-1,-1,-1
2017331700765,1,9,0,18,0,0,1,0,7,4,4,1,6,2,32,6,-1,-1,-1,6,1,6
2017331700768,1,9,0,18,0,0,1,0,1,10,3,1,6,2,62,9,1975,1,11,6,3,6
2017331700768,2,9,0,13,0,0,1,0,0,0,4,1,6,1,-1,-1,-1,-1,-1,-1,-1,-1
2017331700769,1,9,0,18,0,0,0,0,0,0,1,1,6,1,-1,-1,-1,-1,-1,-1,-1,-1
2017331700769,2,1,0,18,0,0,0,0,0,0,1,1,6,1,32,6,-1,-1,-1,3,1,3
2017331700770,1,9,0,6,9,0,0,0,7,10,1,1,6,2,66,10,1332,1,18,2,1,2
2017331700771,1,9,0,3,0,8,0,0,0,0,4,1,6,1,57,9,1364,2,9,-1,-1,-1
2017331700771,2,9,0,7,0,6,0,0,0,0,1,1,1,1,21,5,1598,1,15,6,1,6
2017331700772,1,9,0,18,0,8,0,0,0,0,1,1,3,1,66,10,2720,2,11,4,1,4
2017331700772,2,9,0,18,0,8,0,0,3,10,1,1,6,1,-1,-1,1242,1,9,-1,-1,-1
2017331700773,1,9,0,18,0,0,2,0,8,3,1,1,6,1,22,5,1388,1,15,8,1,8
2017331700773,2,9,0,18,0,0,0,0,0,0,1,1,6,1,50,8,1497,8,-1,7,1,7
2017331700774,1,19,0,18,0,0,0,0,0,0,1,1,6,1,55,8,1995,2,-1,2,1,2
2017331700774,2,9,0,4,0,0,0,0,0,0,4,1,6,1,30,6,1560,2,9,8,1,8
2017331700774,3,9,0,4,0,0,0,0,0,0,2,1,6,1,28,6,1248,1,2,10,2,10
2017331700774,4,9,0,4,0,0,0,0,0,0,2,1,6,2,42,7,1560,2,5,-1,-1,-1
2017331700774,5,9,0,4,0,0,0,0,0,0,2,1,6,1,52,8,2179,2,3,-1,-1,-1
2017331700775,1,9,0,18,0,8,0,0,0,0,3,1,2,2,65,9,1386,1,5,7,1,7
2017331700775,2,9,0,11,0,8,0,0,0,0,4,1,6,3,-1,-1,-1,-1,-1,-1,-1,-1
2017331700776,1,9,0,4,0,0,0,0,0,0,1,1,2,2,47,8,1229,1,12,10,1,10
2017331700776,2,9,0,18,0,0,0,0,0,0,1,1,2,1,24,5,1149,1,14,4,1,4
2017331700777,1,9,0,5,0,6,0,0,0,0,3,1,6,1,50,8,1396,1,18,6,1,6
2017331700777,2,9,0,18,0,8,0,0,0,0,1,1,6,2,67,10,1198,1,4,6,1,6
2017331700778,1,9,0,18,0,8,1,0,7,11,1,1,6,1,55,8,2495,2,16,5,3,5
2017331700778,2,9,0,18,0,6,2,0,7,0,3,1,6,2,19,4,998,1,17,-1,-1,-1
2017331700779,1,9,0,17,0,0,0,4,0,0,1,1,6,1,37,7,1896,2,11,2,1,2
2017331700779,2,9,0,2,0,0,0,4,1,0,2,1,6,3,-1,-1,1598,1,10,-1,-1,-1
2017331700779,3,9,0,2,0,0,0,0,0,0,1,1,6,3,-1,-1,999,1,15,-1,-1,-1
2017331700779,4,9,0,2,0,0,0,0,0,0,1,1,6,3,-1,-1,1796,1,12,-1,-1,-1
2017331700780,1,9,0,4,0,0,0,0,0,0,1,1,6,3,-1,-1,2993,2,8,-1,-1,-1
2017331700780,2,9,0,3,0,0,0,0,0,0,2,1,6,1,31,6,1995,1,10,3,1,3
2017331700780,3,9,0,3,0,0,0,0,0,0,2,1,6,2,-1,-1,1896,2,11,2,1,2
2017331700781,1,8,0,18,2,8,0,0,0,0,1,1,1,1,52,8,1197,1,6,6,1,6
2017331700781,2,9,0,9,2,5,0,0,0,0,1,1,6,2,22,5,1360,1,16,3,1,3
2017331700782,1,9,0,2,0,0,0,0,0,0,3,1,3,2,34,6,1248,1,8,4,1,4
2017331700782,2,19,0,18,0,0,0,8,0,0,1,1,6,1,-1,-1,-1,-1,-1,4,1,4
2017331700783,1,3,0,18,0,8,0,0,0,0,3,1,6,2,49,8,124,1,4,5,2,5
2017331700783,2,9,0,9,0,6,0,0,0,0,1,1,6,3,-1,-1,-1,-1,-1,-1,-1,-1
2017331700784,1,9,0,7,0,5,0,0,0,0,4,1,6,1,54,8,-1,-1,-1,1,1,1
2017331700784,2,9,0,18,0,8,0,0,0,0,1,1,6,1,25,5,1796,1,10,2,1,2
2017331700785,1,9,0,4,0,1,0,0,0,0,2,1,6,2,64,9,1968,2,3,1,1,1
2017331700785,2,9,0,18,0,1,0,0,0,0,1,1,6,2,33,6,1398,1,13,7,1,7
2017331700786,1,9,0,3,0,0,0,0,0,0,2,1,6,2,50,8,1997,2,4,8,1,8
2017331700786,2,9,0,18,0,0,0,0,0,0,1,1,6,1,45,7,2987,2,10,5,1,5
2017331700786,3,9,0,3,0,0,0,0,0,0,3,1,1,1,45,7,1968,2,1,6,1,6
2017331700787,1,9,0,5,0,1,0,0,0,0,2,1,6,2,48,8,-1,-1,-1,3,1,3
2017331700787,2,9,0,5,0,1,0,0,0,0,1,1,6,1,38,7,1198,1,13,1,1,1
2017331700788,1,9,0,3,0,8,0,0,0,0,2,1,3,2,34,6,1596,1,11,8,1,8
2017331700788,2,9,0,3,0,8,0,0,0,0,2,1,2,2,65,9,1299,1,16,8,1,8
2017331700788,3,9,0,18,0,8,0,0,0,0,1,1,3,2,40,7,2143,2,5,2,1,2
2017331700789,1,9,0,9,0,8,0,0,0,0,1,1,6,1,30,6,1390,1,14,-1,-1,-1
2017331700789,2,4,0,14,0,8,0,0,0,0,4,1,6,1,68,10,248,1,12,9,1,9
2017331700789,3,9,0,3,0,1,0,0,0,0,0,1,6,3,-1,-1,1896,2,12,-1,-1,-1
2017331700790,1,9,0,4,0,1,0,0,3,9,1,1,6,1,70,10,3456,8,5,5,1,5
2017331700791,1,9,0,6,0,8,0,0,0,0,4,1,6,1,74,10,1796,1,12,10,3,10
2017331700791,2,9,0,16,0,8,0,0,0,0,1,1,1,1,36,7,1339,8,7,3,1,3
2017331700793,1,9,0,18,0,8,0,0,0,0,1,1,1,1,61,9,1783,1,15,8,2,8
2017331700793,2,9,0,9,0,5,0,0,0,0,4,1,1,1,54,8,1968,2,4,9,2,9
2017331700793,3,19,0,9,0,5,0,0,0,0,0,1,6,3,-1,-1,-1,-1,-1,-1,-1,-1
2017331700795,1,19,0,4,0,1,0,0,0,0,1,1,6,1,31,6,1686,2,14,10,1,10
2017331700795,2,9,0,18,0,2,0,0,0,0,1,1,6,2,57,9,1753,2,13,8,1,8
2017331700795,3,9,0,4,0,1,0,0,0,0,0,1,6,3,-1,-1,-1,-1,-1,-1,-1,-1
2017331700796,1,5,0,18,0,1,0,0,0,0,1,1,6,1,35,6,998,1,12,7,1,7
2017331700796,2,5,0,11,0,1,0,0,0,0,0,1,6,1,55,8,1052,1,20,-1,-1,-1
2017331700797,1,9,0,18,0,8,0,0,0,0,1,1,1,1,43,7,1686,2,2,-1,-1,-1
2017331700797,2,9,0,18,0,8,0,0,0,0,4,1,1,1,43,7,1968,2,5,2,1,2
2017331700797,3,90,0,3,0,8,0,0,0,0,0,1,6,3,-1,-1,-1,-1,-1,-1,-1,-1
2017331700798,1,9,0,18,0,8,0,9,0,0,1,1,6,3,-1,-1,1796,1,15,-1,-1,-1
2017331700799,1,9,0,6,0,1,0,0,0,0,1,1,6,1,59,9,2204,2,10,1,1,1
2017331700799,2,9,0,18,0,1,0,0,0,0,3,1,6,2,22,5,1086,1,12,1,1,1
2017331700800,1,9,0,10,0,8,0,0,7,0,2,1,6,1,20,4,-1,-1,-1,-1,-1,-1
2017331700800,2,9,0,18,0,8,0,0,0,0,1,1,6,2,20,4,1991,2,8,2,1,2
2017331700801,1,4,0,7,0,6,0,0,0,0,3,1,6,1,73,10,248,1,19,9,3,9
2017331700801,2,9,0,18,0,8,0,0,0,0,1,1,6,2,25,5,1896,2,9,5,1,5
2017331700802,1,9,0,18,0,8,1,0,1,4,1,1,6,1,55,8,1753,2,9,6,1,6
2017331700802,2,9,0,9,0,6,1,0,0,0,4,1,6,1,25,5,2000,2,12,7,1,7
2017331700803,1,5,0,5,0,8,1,9,0,0,1,1,6,1,30,6,689,1,1,2,1,2
2017331700804,1,9,0,18,0,0,0,0,0,0,1,1,6,1,51,8,1997,1,15,5,1,5
2017331700804,2,21,1,18,0,0,0,0,0,0,2,1,1,1,40,7,10837,2,2,-1,-1,-1
2017331700806,1,9,0,18,0,1,0,0,7,0,1,1,6,1,-1,-1,1753,2,10,-1,-1,-1
2017331700806,2,9,0,2,9,2,0,0,0,0,1,1,6,3,-1,-1,1587,1,15,-1,-1,-1
2017331700807,1,9,0,9,0,3,0,0,0,0,4,1,1,1,26,6,898,1,2,-1,-1,-1
2017331700807,2,1,0,18,0,4,0,0,0,0,1,1,2,1,56,9,-1,-1,-1,-1,-1,-1
2017331700808,1,9,0,17,0,0,0,0,0,0,2,1,2,1,49,8,1968,2,-1,-1,-1,-1
2017331700808,2,9,0,16,0,0,0,0,0,0,1,1,2,1,27,6,998,1,1,8,2,8
2017331700809,1,9,0,16,0,0,1,0,1,9,1,1,6,2,17,4,1242,1,16,7,2,7
2017331700810,1,5,0,18,0,8,0,0,1,9,1,1,1,1,23,5,600,1,20,7,3,7
2017331700810,2,21,1,9,0,6,0,0,0,0,3,1,1,1,47,8,12902,2,4,7,1,7
2017331700811,1,9,0,17,0,0,0,0,0,0,1,1,1,1,25,5,1968,2,10,4,1,4
2017331700811,2,9,0,16,0,0,0,0,0,0,1,1,2,1,44,7,1794,1,15,1,1,1
2017331700811,3,9,0,16,0,0,0,0,0,0,1,1,6,2,30,6,1956,2,5,6,1,6
2017331700813,1,3,0,18,0,8,0,0,0,0,1,1,2,1,50,8,124,1,7,5,1,5
2017331700813,2,9,0,6,0,8,0,0,0,0,1,1,6,2,33,6,-1,-1,-1,5,1,5
2017331700814,1,19,0,18,0,0,0,0,0,0,4,1,6,1,20,4,1998,2,13,-1,-1,-1
2017331700815,1,9,0,1,0,0,0,0,0,0,2,1,6,1,20,4,1995,2,8,-1,-1,-1
2017331700815,2,9,0,18,0,0,0,0,0,0,1,1,2,2,63,9,1598,1,4,6,1,6
2017331700817,1,9,0,9,0,5,0,0,0,0,2,1,6,1,37,7,1598,1,4,2,1,2
2017331700817,2,9,0,16,0,8,0,0,0,0,1,1,6,1,18,4,998,1,1,3,2,3
2017331700818,1,5,0,17,0,8,1,0,1,1,1,1,6,1,26,6,781,1,17,1,1,1
2017331700819,1,9,0,7,0,5,0,0,0,0,4,1,6,1,25,5,-1,-1,-1,4,1,4
2017331700819,2,3,0,18,0,8,0,0,0,0,1,1,6,1,29,6,125,1,9,1,1,1
2017331700820,1,9,0,5,9,8,0,0,0,0,1,1,6,1,35,6,-1,-1,-1,-1,-1,-1
2017331700820,2,1,0,18,9,8,0,0,0,0,1,1,4,2,15,3,-1,-1,-1,3,1,3
2017331700821,1,9,0,9,0,6,1,0,1,0,1,1,3,2,58,9,1590,1,12,3,1,3
2017331700821,2,2,0,18,0,8,0,0,0,0,1,1,1,1,-1,-1,-1,-1,-1,-1,-1,-1
2017331700823,1,9,0,5,0,0,0,0,0,0,4,1,2,1,22,5,1368,1,9,3,1,3
2017331700823,2,1,0,3,0,0,0,0,0,0,3,1,6,1,46,8,-1,-1,-1,6,1,6
2017331700824,1,8,0,5,0,1,0,0,0,0,2,1,1,1,26,6,998,1,4,-1,-1,-1
2017331700824,2,9,0,18,0,1,0,0,0,0,1,1,6,1,25,5,1299,1,14,-1,-1,-1
2017331700825,1,9,0,9,0,5,0,0,0,0,1,1,6,1,61,9,1390,1,9,-1,-1,-1
2017331700825,2,9,0,18,0,8,0,0,0,0,3,1,6,1,20,4,1995,2,5,10,1,10
2017331700826,1,9,0,18,0,8,0,0,1,0,1,1,6,2,22,5,1496,2,1,1,1,1
2017331700826,2,9,0,5,0,6,0,7,0,0,1,1,6,1,38,7,-1,-1,-1,-1,-1,-1
2017331700827,1,2,0,5,0,8,0,0,0,0,4,1,6,1,50,8,49,1,5,8,1,8
2017331700827,2,9,0,5,0,8,0,0,0,0,4,1,6,1,65,9,-1,-1,-1,-1,-1,-1
2017331700828,1,9,0,18,0,0,0,0,0,0,4,1,6,1,19,4,1895,1,16,3,1,3
2017331700828,2,9,0,18,0,0,0,0,0,0,3,1,6,1,23,5,1364,1,11,1,1,1
2017331700829,1,9,0,4,0,1,1,0,1,4,3,1,2,2,45,7,1686,2,12,5,2,5
2017331700829,2,21,0,18,0,2,0,0,0,0,3,1,1,1,59,9,12902,2,2,1,1,1
2017331700829,3,9,0,10,0,8,0,0,0,0,0,1,6,3,-1,-1,-1,-1,-1,-1,-1,-1
2017331700830,1,9,0,18,0,0,0,0,0,0,1,1,6,3,-1,-1,-1,-1,-1,-1,-1,-1
2017331700830,2,19,0,2,0,0,0,0,0,0,0,1,1,3,-1,-1,2496,2,17,-1,-1,-1
2017331700831,1,9,0,9,0,8,0,0,0,0,3,1,1,1,29,6,2179,2,4,8,1,8
2017331700831,2,3,0,18,0,8,0,0,0,0,1,1,6,1,-1,-1,-1,-1,-1,-1,-1,-1
2017331700832,1,9,0,18,0,8,0,0,0,0,1,1,6,1,35,6,1598,1,17,6,1,6
2017331700832,2,9,0,4,0,8,0,0,0,0,2,1,6,2,37,7,1389,1,13,6,1,6
2017331700833,1,9,0,3,0,1,0,0,0,0,2,1,6,2,62,9,998,1,6,8,1,8
2017331700833,2,8,0,4,0,1,0,0,0,0,1,1,6,1,-1,-1,-1,-1,-1,7,3,7
2017331700834,1,9,0,7,0,3,0,0,0,0,2,1,2,2,43,7,2143,2,7,8,3,8
2017331700834,2,9,0,7,0,3,0,0,0,0,1,1,6,1,35,6,1596,1,9,-1,-1,-1
2017331700835,1,9,0,3,0,0,0,0,0,0,2,1,6,1,45,7,-1,-1,-1,8,1,8
2017331700835,2,9,0,4,0,0,1,0,0,0,1,1,6,1,-1,-1,1968,2,9,-1,-1,-1
2017331700836,1,9,0,5,0,2,0,0,0,0,1,1,2,2,41,7,-1,-1,-1,-1,-1,-1
2017331700836,2,9,0,3,0,2,0,0,0,0,2,1,2,2,38,7,-1,-1,-1,6,1,6
2017331700836,3,19,0,3,0,2,0,0,0,0,2,1,2,1,38,7,-1,-1,-1,-1,-1,-1
2017331700838,1,9,0,14,0,0,0,0,0,0,4,1,6,1,-1,-1,999,1,1,9,1,9
2017331700838,2,90,0,3,0,0,0,0,0,0,0,1,1,3,-1,-1,-1,-1,-1,-1,-1,-1
2017331700839,1,9,0,4,0,0,0,0,0,0,1,1,6,1,30,6,1582,2,2,9,1,9
2017331700839,2,9,0,3,0,0,0,0,0,0,2,1,6,2,46,8,1197,1,-1,2,1,2