Accident_Index,Vehicle_Reference,Vehicle_Type,Towing_and_Articulation,Vehicle_Manoeuvre,Vehicle_Location-Restricted_Lane,Junction_Location,Skidding_and_Overturning,Hit_Object_in_Carriageway,Vehicle_Leaving_Carriageway,Hit_Object_off_Carriageway,1st_Point_of_Impact,Was_Vehicle_Left_Hand_Drive?,Journey_Purpose_of_Driver,Sex_of_Driver,Age_of_Driver,Age_Band_of_Driver,Engine_Capacity_(CC),Propulsion_Code,Age_of_Vehicle,Driver_IMD_Decile,Driver_Home_Area_Type,Vehicle_IMD_Decile
2017331700839,3,9,0,3,0,0,0,0,0,0,2,1,6,1,40,7,999,1,1,2,1,2
2017331700839,4,9,0,3,0,0,0,0,0,0,2,1,6,1,30,6,1582,2,2,8,1,8
2017331700840,1,9,0,3,0,1,0,0,0,0,2,1,6,1,30,6,1199,1,15,-1,-1,-1
2017331700840,2,9,0,18,0,1,0,0,0,0,1,1,6,1,-1,-1,-1,-1,-1,-1,-1,-1
2017331700841,1,9,0,18,0,8,0,0,0,0,1,1,6,2,40,7,2204,2,10,-1,-1,-1
2017331700841,2,9,0,3,0,8,0,0,0,0,2,1,6,1,-1,-1,1997,2,9,3,1,3
2017331700842,1,5,0,18,0,8,1,10,0,0,2,1,6,1,50,8,-1,-1,-1,7,2,7
2017331700843,1,9,0,4,0,0,0,0,0,0,2,1,2,1,55,8,875,1,1,9,2,9
2017331700843,2,9,0,18,0,0,0,0,0,0,1,1,2,2,38,7,998,1,5,3,1,3
2017331700843,3,21,1,18,0,0,0,0,0,0,3,1,1,1,46,8,11946,2,6,1,1,1
2017331700844,1,9,0,9,0,5,0,0,0,0,4,1,6,2,36,7,1596,1,10,8,1,8
2017331700844,2,9,0,18,0,8,0,0,0,0,1,1,6,1,62,9,1364,1,3,5,1,5
2017331700846,1,9,0,18,0,0,0,0,0,0,4,1,6,1,41,7,1968,2,11,7,1,7
2017331700846,2,9,0,5,8,0,0,0,0,0,3,1,6,2,31,6,1910,2,9,8,1,8
2017331700848,1,9,0,16,0,2,0,0,0,0,4,1,6,3,-1,-1,-1,-1,-1,-1,-1,-1
2017331700849,1,9,0,7,0,4,1,9,0,0,1,1,6,1,59,9,1968,2,1,4,1,4
2017331700850,1,9,0,4,0,0,0,0,0,0,4,1,2,1,50,8,998,1,4,7,1,7
2017331700850,2,1,0,18,0,0,0,0,0,0,1,1,6,1,37,7,-1,-1,-1,-1,-1,-1
2017331700851,1,9,0,5,0,4,0,0,0,0,1,1,6,1,-1,-1,1968,2,8,-1,-1,-1
2017331700851,2,9,0,4,0,4,0,0,0,0,2,1,2,2,32,6,1390,1,12,8,1,8
2017331700851,3,9,0,18,0,8,0,0,0,0,0,1,6,3,-1,-1,-1,-1,-1,-1,-1,-1
2017331700854,1,9,0,18,0,2,0,0,0,0,1,1,6,2,30,6,1364,1,2,-1,-1,-1
2017331700855,1,9,0,4,0,1,0,0,0,0,1,1,6,2,75,10,1461,2,8,8,2,8
2017331700855,2,9,0,4,0,1,0,0,0,0,1,1,6,2,48,8,1598,2,3,4,1,4
2017331700855,3,9,0,4,0,1,0,0,0,0,2,1,6,2,40,7,1364,1,8,3,1,3
2017331700856,1,9,0,15,0,0,1,0,0,0,1,1,6,1,26,6,1229,1,6,6,2,6
2017331700856,2,9,0,18,0,0,1,0,1,4,2,1,6,1,61,9,1598,1,8,6,3,6
2017331700857,1,8,0,18,0,0,0,0,0,0,3,1,6,1,36,7,1995,2,5,4,1,4
2017331700858,1,21,1,18,0,0,1,0,1,0,1,1,1,1,44,7,12900,2,8,7,1,7
2017331700858,2,9,0,4,0,0,1,0,0,0,2,1,1,2,21,5,1598,2,6,10,1,10
2017331700858,3,19,0,4,0,0,5,0,0,0,2,1,2,1,33,6,1997,2,1,-1,-1,-1
2017331700858,4,9,0,4,0,0,0,0,0,0,2,1,2,2,22,5,1299,1,14,1,1,1
2017331700859,1,9,0,5,0,8,1,0,7,1,3,1,6,1,60,9,1976,1,6,7,1,7
2017331700859,2,19,0,18,0,6,0,0,0,0,1,1,6,1,38,7,2148,2,11,-1,-1,-1
2017331700860,1,9,0,4,0,1,0,0,1,11,4,1,6,1,43,7,2493,8,4,3,1,3
2017331700861,1,9,0,17,0,2,1,10,8,11,1,1,6,2,24,5,1299,1,17,8,2,8
2017331700862,1,9,0,16,0,0,0,0,0,0,1,1,1,1,22,5,1560,2,8,7,1,7
2017331700862,2,19,0,17,0,0,0,0,0,0,3,1,6,2,66,10,-1,-1,-1,7,2,7
2017331700862,3,19,0,17,0,0,0,0,0,0,1,1,1,1,46,8,1560,2,-1,-1,-1,-1
2017331700863,1,19,0,4,0,0,0,0,0,0,1,1,6,1,41,7,2148,2,12,1,1,1
2017331700863,2,9,0,4,0,0,0,0,0,0,2,1,6,1,46,8,1986,2,12,7,1,7
2017331700864,1,9,0,18,0,0,0,0,0,0,1,1,6,3,-1,-1,-1,-1,-1,-1,-1,-1
2017331700865,1,9,0,9,0,5,0,0,0,0,3,1,3,2,35,6,1598,1,15,9,1,9
2017331700865,2,9,0,13,0,8,0,0,0,0,4,1,2,1,52,8,-1,-1,-1,9,1,9
2017331700866,1,9,0,7,4,3,0,0,0,0,4,1,6,2,22,5,1598,1,5,3,1,3
2017331700866,2,1,0,7,4,3,0,0,0,0,3,1,2,2,45,7,-1,-1,-1,1,1,1
2017331700867,1,9,0,18,0,1,0,0,0,0,1,1,6,1,32,6,-1,-1,-1,1,1,1
2017331700867,2,9,0,17,0,2,0,0,0,0,1,1,3,1,40,7,2204,2,10,1,1,1
2017331700870,1,9,0,18,0,8,0,0,0,0,4,1,6,2,23,5,998,1,-1,6,1,6
2017331700870,2,9,0,18,0,6,0,0,0,0,4,1,6,1,65,9,1391,1,16,-1,-1,-1
2017331700871,1,3,0,4,0,1,0,0,0,0,1,1,6,1,23,5,125,1,8,2,1,2
2017331700871,2,9,0,3,0,1,0,0,0,0,2,1,6,2,57,9,2231,2,11,6,1,6
2017331700872,1,3,0,18,0,3,0,0,0,0,4,1,2,1,20,4,125,1,1,1,1,1
2017331700872,2,9,0,9,0,8,0,0,0,0,3,1,2,1,42,7,1598,1,9,2,1,2
2017331700873,1,9,0,9,0,6,0,0,0,0,1,1,1,2,66,10,1995,2,1,8,2,8
2017331700873,2,9,0,18,0,8,0,0,0,0,1,1,1,1,52,8,-1,-1,-1,2,1,2
2017331700874,1,9,0,18,0,0,0,0,0,0,1,1,6,1,-1,-1,-1,-1,-1,-1,-1,-1
2017331700875,1,9,0,18,0,0,0,0,0,0,1,1,6,1,45,7,1995,2,5,-1,-1,-1
2017331700875,2,9,0,4,0,0,0,0,0,0,2,1,6,1,49,8,998,1,4,7,1,7
2017331700876,1,9,0,18,0,4,0,0,0,0,1,1,6,2,50,8,1497,8,10,-1,-1,-1
2017331700876,2,1,0,18,0,8,0,0,0,0,1,1,6,1,74,10,-1,-1,-1,-1,-1,-1
2017331700877,1,9,0,18,0,8,0,0,0,0,1,1,6,2,74,10,1390,1,12,-1,-1,-1
2017331700877,2,9,0,9,0,5,0,0,0,0,1,1,6,2,84,11,1339,1,11,10,3,10
2017331700878,1,1,0,18,0,8,0,0,0,0,4,1,2,2,50,8,-1,-1,-1,5,1,5
2017331700878,2,9,0,5,0,8,0,0,0,0,1,1,6,3,-1,-1,-1,-1,-1,-1,-1,-1
2017331700879,1,9,0,3,0,0,0,0,0,0,2,1,6,2,21,5,1598,1,13,3,1,3
2017331700879,2,9,0,18,0,0,0,0,0,0,1,1,6,3,-1,-1,1749,1,16,-1,-1,-1
2017331700880,1,9,0,17,0,0,1,0,1,11,1,1,6,1,28,6,1598,1,10,9,2,9
2017331700881,1,19,0,4,0,8,0,0,0,0,2,1,1,1,22,5,2198,2,7,2,1,2
2017331700881,2,9,0,18,0,8,0,0,0,0,1,1,2,1,47,8,1998,1,13,5,1,5
2017331700881,3,9,0,18,0,8,0,0,0,0,1,1,2,2,27,6,1242,1,10,5,1,5
2017331700881,4,19,0,6,0,8,0,0,0,0,0,1,6,3,-1,-1,-1,-1,-1,-1,-1,-1
2017331700882,1,9,0,5,0,1,0,0,0,0,1,1,2,1,20,4,1390,1,7,5,1,5
2017331700882,2,9,0,5,0,1,0,0,0,0,2,1,2,1,38,7,1248,1,1,8,2,8
2017331700882,3,9,0,5,0,1,0,0,0,0,2,1,2,2,34,6,1596,1,7,9,1,9
2017331700882,4,19,0,5,0,1,0,0,0,0,2,1,2,1,41,7,2198,2,6,10,1,10
2017331700884,1,9,0,5,0,6,0,0,0,3,3,1,1,1,28,6,-1,-1,-1,-1,-1,-1
2017331700884,2,1,0,18,0,8,0,0,0,0,1,1,6,2,21,5,-1,-1,-1,-1,-1,-1
2017331700885,1,9,0,3,0,0,0,0,0,0,2,1,1,2,43,7,1796,1,10,9,1,9
2017331700885,2,9,0,18,0,0,0,0,0,0,1,1,6,1,20,4,1329,1,3,-1,-1,-1
2017331700886,1,9,0,18,0,0,0,0,1,11,1,1,6,1,24,5,1596,1,11,4,1,4
2017331700887,1,9,0,18,0,0,5,0,0,0,4,1,6,1,75,10,1560,2,5,-1,-1,-1
2017331700889,1,9,0,18,0,8,0,0,0,0,1,1,6,1,64,9,1498,1,1,8,3,8
2017331700889,2,9,0,9,0,5,0,0,0,0,4,1,6,2,41,7,1984,1,10,-1,-1,-1
2017331700890,1,9,0,18,0,1,0,0,0,0,1,1,6,2,30,6,973,1,18,4,1,4
2017331700890,2,9,0,18,0,1,0,0,0,0,2,1,6,2,48,8,1360,1,11,5,1,5
2017331700890,3,9,0,18,0,1,0,0,0,0,2,1,6,1,67,10,1242,1,11,6,1,6
2017331700891,1,9,0,18,0,1,0,0,0,0,1,1,6,1,26,6,1149,1,13,8,1,8
2017331700891,2,9,0,3,0,1,0,0,0,0,2,1,6,1,52,8,1896,2,13,4,1,4
2017331700891,3,9,0,3,0,1,0,0,0,0,2,1,6,2,21,5,1229,1,9,-1,-1,-1
2017331700892,1,9,0,5,0,6,1,0,0,0,3,1,6,2,66,10,2184,2,10,10,1,10
2017331700892,2,19,0,18,0,8,1,0,7,9,1,1,1,1,37,7,2198,2,5,10,3,10
2017331700893,1,9,0,3,0,1,0,0,0,0,2,1,2,2,34,6,1598,1,7,8,1,8
2017331700893,2,9,0,3,0,1,0,0,0,0,2,1,2,1,22,5,1968,2,6,9,2,9
2017331700893,3,9,0,4,0,1,0,0,0,0,1,1,2,1,30,6,1596,1,14,-1,-1,-1
2017331700894,1,9,0,18,0,2,0,0,0,0,1,1,6,2,72,10,1396,1,14,4,1,4
2017331700894,2,19,0,4,0,2,0,0,0,0,2,1,6,2,29,6,-1,-1,-1,1,1,1
2017331700894,3,9,0,4,0,2,0,0,0,0,2,1,6,2,57,9,1587,1,13,9,3,9
2017331700894,4,9,0,4,0,2,0,0,0,0,2,1,6,2,23,5,1395,1,1,-1,-1,-1
2017331700894,5,9,0,4,0,2,0,0,0,0,2,1,6,1,29,6,1248,2,11,-1,-1,-1
2017331700894,6,9,0,4,0,2,0,0,0,0,0,1,6,1,33,6,1796,1,6,-1,-1,-1
2017331700895,1,9,0,18,0,8,0,0,0,0,3,1,6,1,80,11,998,1,4,7,1,7
2017331700895,2,9,0,18,0,8,0,0,0,0,1,1,1,2,31,6,998,1,16,4,1,4
2017331700896,1,8,0,9,0,8,0,0,0,0,1,1,6,1,59,9,1596,1,8,1,1,1
2017331700897,1,9,0,17,0,0,1,0,1,10,3,1,6,1,33,6,1560,2,12,6,1,6
2017331700898,1,9,0,18,0,8,0,0,0,0,1,1,6,1,35,6,1796,1,8,3,1,3
2017331700898,2,9,0,9,0,8,0,0,0,0,4,1,6,1,18,4,973,1,15,7,1,7
2017331700899,1,19,0,4,0,4,1,0,0,0,1,1,6,1,28,6,1598,2,6,10,1,10
2017331700899,2,9,0,18,0,8,0,0,0,0,4,1,6,2,39,7,1968,2,2,9,3,9
2017331700900,1,8,0,9,0,8,0,0,0,0,1,1,1,1,47,8,1797,8,4,8,1,8
2017331700901,1,9,0,7,0,8,1,10,3,11,1,1,6,1,40,7,1910,2,12,3,1,3
2017331700902,1,9,0,18,0,6,0,0,7,0,1,1,6,1,49,8,1968,2,8,8,2,8
2017331700902,2,9,0,16,0,8,0,0,1,1,3,1,6,1,74,10,1596,1,17,5,1,5
2017331700903,1,9,0,18,0,2,1,0,1,2,1,1,6,2,19,4,998,1,6,-1,-1,-1
2017331700904,1,9,0,1,9,0,0,0,0,0,2,1,6,1,-1,-1,-1,-1,-1,-1,-1,-1
2017331700905,1,9,0,9,0,6,0,0,0,0,1,1,6,2,32,6,-1,-1,-1,10,2,10
2017331700905,2,9,0,18,0,8,0,0,0,0,1,1,6,2,45,7,1896,2,14,3,1,3
2017331700907,1,9,0,17,0,0,1,0,2,4,1,1,6,1,21,5,-1,-1,-1,-1,-1,-1
2017331700908,1,9,0,13,0,0,2,0,1,9,2,1,6,2,31,6,1229,1,9,7,1,7
2017331700908,2,9,0,18,0,0,0,0,0,0,1,1,6,2,28,6,1796,1,16,1,1,1
2017331700909,1,9,0,18,0,2,0,0,0,0,1,1,6,1,18,4,995,1,11,9,1,9
2017331700912,1,19,0,6,0,6,0,0,0,0,4,1,6,1,32,6,1995,2,4,7,3,7
2017331700912,2,9,0,18,0,8,0,0,0,0,1,1,6,1,17,4,1199,1,13,3,1,3
2017331700913,1,9,0,18,0,0,0,0,0,0,1,1,1,1,36,7,1968,2,-1,-1,-1,-1
2017331700913,2,2,0,18,0,0,0,0,0,0,2,1,1,1,25,5,49,1,3,3,1,3
2017331700914,1,9,0,18,0,2,0,7,0,0,1,1,2,2,56,9,1598,1,13,8,1,8
2017331700915,1,9,0,4,0,0,0,0,0,0,2,1,1,1,50,8,-1,-1,-1,-1,-1,-1
2017331700915,2,9,0,4,0,0,0,0,0,0,1,1,1,1,57,9,1242,1,7,-1,-1,-1
2017331700916,1,9,0,16,0,0,1,0,7,4,1,1,6,2,53,8,-1,-1,-1,-1,-1,-1
2017331700917,1,9,0,9,0,6,0,0,0,0,1,1,6,1,35,6,2698,2,11,-1,-1,-1
2017331700917,2,1,0,18,0,8,1,0,0,0,2,1,2,1,32,6,-1,-1,-1,2,1,2
2017331700918,1,9,0,16,0,0,0,4,0,0,1,1,6,3,-1,-1,1560,2,12,-1,-1,-1
2017331700918,2,9,0,2,0,0,0,0,0,0,1,1,6,3,-1,-1,-1,-1,-1,-1,-1,-1
2017331700918,3,9,0,2,0,0,0,0,0,0,1,1,6,3,-1,-1,-1,-1,-1,-1,-1,-1
2017331700919,1,19,0,18,0,4,0,0,0,0,1,1,1,1,61,9,1560,2,4,-1,-1,-1
2017331700919,2,9,0,18,0,8,0,0,0,0,4,1,2,1,33,6,1797,8,8,-1,-1,-1
2017331700920,1,9,0,3,0,1,0,0,0,0,2,1,1,2,22,5,-1,-1,-1,-1,-1,-1
2017331700920,2,9,0,4,0,1,0,0,0,0,1,1,6,1,-1,-1,-1,-1,-1,-1,-1,-1
2017331700921,1,17,4,13,0,0,0,0,0,0,4,1,1,1,19,4,6750,2,8,9,1,9
2017331700921,2,1,0,18,0,0,0,0,0,0,3,1,6,1,64,9,-1,-1,-1,8,3,8
2017331700922,1,9,0,16,0,0,1,0,0,0,3,1,6,1,19,4,1368,1,7,3,1,3
2017331700922,2,9,0,17,0,0,0,0,0,0,3,1,6,1,79,11,-1,-1,-1,8,2,8
2017331700923,1,9,0,9,0,5,0,7,0,0,4,1,6,1,59,9,1794,1,16,5,1,5
2017331700923,2,9,0,18,0,8,0,0,0,0,1,1,6,3,-1,-1,-1,-1,-1,-1,-1,-1
2017331700924,1,9,0,16,0,0,0,0,0,0,1,1,2,1,28,6,1951,2,16,9,2,9
2017331700924,2,19,0,17,0,0,0,0,0,0,1,1,2,1,28,6,2198,2,1,-1,-1,-1
2017331700925,1,9,0,16,0,0,0,0,7,9,1,1,6,1,78,11,-1,-1,-1,9,3,9
2017331700925,2,9,0,17,0,0,0,0,0,0,0,1,1,1,56,9,-1,-1,-1,5,3,5
2017331700928,1,9,0,4,0,1,1,10,7,10,2,1,6,1,22,5,1587,1,12,9,1,9
2017331700928,2,17,4,18,0,2,0,0,0,0,1,1,1,1,23,5,-1,-1,-1,7,3,7
2017331700928,3,9,0,4,0,1,0,0,0,0,0,1,6,3,-1,-1,-1,-1,-1,-1,-1,-1
2017331700929,1,9,0,3,0,8,0,0,0,0,2,1,6,1,65,9,1598,1,10,3,1,3
2017331700929,2,9,0,3,0,8,0,0,0,0,2,1,6,2,22,5,1240,1,12,8,2,8
2017331700929,3,9,0,18,0,8,0,0,0,0,1,1,6,2,25,5,1364,1,2,-1,-1,-1
2017331700930,1,9,0,3,0,1,0,0,0,0,1,1,6,2,42,7,1598,1,5,-1,-1,-1
2017331700930,2,1,0,18,0,2,0,0,0,0,1,1,6,1,42,7,-1,-1,-1,-1,-1,-1
2017331700930,3,1,0,18,9,2,0,0,0,0,0,1,6,3,-1,-1,-1,-1,-1,-1,-1,-1
2017331700931,1,9,0,4,0,0,0,0,0,0,2,1,6,1,54,8,2143,2,2,-1,-1,-1
2017331700931,2,19,0,18,0,0,0,0,0,0,1,1,6,1,23,5,1560,2,3,-1,-1,-1
2017331700932,1,9,0,18,0,8,0,0,7,0,3,1,6,2,50,8,1600,1,6,7,1,7
2017331700932,2,9,0,4,0,6,0,0,3,2,1,1,6,2,72,10,-1,-1,-1,8,3,8
2017331700933,1,9,0,16,0,3,0,0,0,0,2,2,6,1,53,8,-1,-1,-1,-1,-1,-1
2017331700933,2,1,0,12,0,8,0,0,0,0,1,1,6,2,34,6,-1,-1,-1,7,1,7
2017331700934,1,9,0,18,0,4,0,0,0,0,4,1,6,2,20,4,1398,1,3,1,1,1
2017331700934,2,9,0,9,0,8,0,0,0,0,1,1,6,3,-1,-1,-1,-1,-1,-1,-1,-1
2017331700935,1,5,0,17,0,0,1,0,1,9,1,1,6,1,35,6,1099,1,8,8,3,8
2017331700936,1,5,0,17,0,0,1,0,0,0,1,1,6,1,37,7,918,1,24,-1,-1,-1
2017331700936,2,9,0,4,0,0,0,0,0,0,1,1,6,1,49,8,2143,2,-1,8,3,8
2017331700937,1,9,0,18,0,1,0,0,0,0,1,1,2,1,35,6,1560,2,4,4,1,4
2017331700937,2,8,0,4,0,1,0,0,0,0,2,1,1,1,35,6,1686,2,5,-1,-1,-1
2017331700938,1,21,0,2,0,0,0,0,0,0,2,1,1,1,63,9,4500,2,10,1,1,1
2017331700938,2,2,0,17,0,0,0,0,0,0,1,1,6,1,20,4,-1,-1,-1,-1,-1,-1
2017331700939,1,9,0,17,0,0,0,0,0,0,1,1,6,2,52,8,1199,1,3,10,1,10
2017331700939,2,19,0,16,0,0,0,0,0,0,1,1,2,1,43,7,2461,2,16,-1,-1,-1
2017331700940,1,9,0,18,0,8,0,0,0,0,1,1,6,2,58,9,2000,2,8,7,1,7
2017331700940,2,9,0,5,0,6,0,0,0,0,1,1,6,1,18,4,1390,1,12,7,1,7
2017331700940,3,9,0,3,0,1,0,0,0,0,0,1,6,3,-1,-1,-1,-1,-1,-1,-1,-1
2017331700941,1,9,0,9,0,5,0,0,0,0,4,1,6,1,53,8,1242,1,9,5,1,5
2017331700941,2,9,0,18,0,8,0,0,0,0,1,1,6,2,26,6,-1,-1,-1,4,1,4
2017331700942,1,9,0,16,0,0,1,7,0,0,1,1,6,2,47,8,-1,-1,-1,2,1,2
2017331700942,2,9,0,15,0,0,0,0,0,0,0,1,6,3,-1,-1,-1,-1,-1,-1,-1,-1
2017331700943,1,19,0,4,0,2,1,0,0,0,1,1,1,1,37,7,2998,2,11,3,1,3
2017331700944,1,9,0,5,0,6,0,0,0,0,2,1,6,2,30,6,-1,-1,-1,-1,-1,-1
2017331700944,2,1,0,18,0,8,0,0,0,0,1,1,6,2,29,6,-1,-1,-1,1,1,1
2017331700945,1,11,0,13,0,2,0,0,0,0,4,1,1,1,45,7,-1,-1,-1,10,2,10
2017331700945,2,1,0,16,0,2,0,10,1,0,3,1,6,1,64,9,-1,-1,-1,10,1,10
2017331700946,1,9,0,3,0,8,0,0,0,0,2,1,2,2,31,6,1968,2,4,-1,-1,-1
2017331700946,2,9,0,4,0,8,0,0,0,0,1,1,2,2,20,4,1198,1,4,5,1,5
2017331700947,1,9,0,18,0,0,5,0,2,1,1,1,6,1,63,9,1995,2,14,1,1,1
2017331700948,1,9,0,16,0,0,0,0,0,0,1,1,6,1,31,6,2000,1,22,1,1,1
2017331700948,2,9,0,4,0,0,0,0,0,0,1,1,6,1,51,8,1956,2,5,2,1,2
2017331700948,3,9,0,2,0,0,0,0,0,0,4,1,6,1,63,9,1396,1,19,2,1,2
2017331700949,1,9,0,18,0,8,0,0,0,0,4,1,6,2,21,5,1587,1,13,6,1,6
2017331700949,2,8,0,18,0,6,0,0,0,0,1,1,6,1,41,7,1598,2,5,1,1,1
2017331700950,1,9,0,18,0,0,0,0,0,0,1,1,3,2,30,6,1796,1,13,1,1,1
2017331700950,2,9,0,18,0,0,1,0,0,0,1,1,6,1,25,5,1998,1,15,-1,-1,-1
2017331700950,3,9,0,2,0,0,0,0,0,0,4,1,6,3,-1,-1,1781,1,15,-1,-1,-1
2017331700951,1,9,0,9,0,6,0,10,1,0,4,1,1,1,36,7,1341,1,14,3,1,3
2017331700951,2,9,0,18,0,8,0,0,0,0,1,1,6,1,-1,-1,-1,-1,-1,-1,-1,-1
2017331700952,1,11,0,18,0,8,0,0,3,10,1,1,1,1,57,9,4250,2,11,1,1,1
2017331700953,1,9,0,5,0,1,0,0,0,0,1,1,6,2,80,11,2148,2,9,6,1,6
2017331700953,2,1,0,3,0,1,0,0,0,0,2,1,6,2,23,5,-1,-1,-1,6,1,6
2017331700954,1,9,0,3,0,1,0,0,0,0,2,1,6,2,40,7,1461,2,13,3,1,3
2017331700954,2,9,0,18,0,1,0,0,0,0,1,1,6,3,35,6,1242,1,4,-1,-1,-1
2017331700955,1,9,0,9,0,6,0,0,0,0,1,1,6,1,-1,-1,1364,1,11,-1,-1,-1
2017331700955,2,5,0,18,0,8,0,0,0,0,1,1,6,1,63,9,1215,1,5,-1,-1,-1
2017331700957,1,9,0,18,0,4,0,0,0,0,0,1,6,3,30,6,1248,1,4,-1,-1,-1
2017331700957,2,5,0,9,0,8,1,0,0,0,0,1,6,1,22,5,600,1,23,10,2,10
2017331700958,1,9,0,11,0,1,0,0,0,0,3,1,2,1,26,6,1598,2,3,6,3,6
2017331700958,2,9,0,18,0,1,0,0,0,0,2,1,1,2,51,8,1461,2,-1,-1,-1,-1
2017331700961,1,9,0,18,0,0,2,0,7,0,4,1,6,1,51,8,2143,2,3,10,2,10
2017331700962,1,9,0,8,0,1,0,0,0,0,2,1,2,1,44,7,1984,1,10,6,3,6
2017331700962,2,20,0,18,0,1,0,0,0,0,1,1,1,1,43,7,-1,-1,-1,-1,-1,-1
2017331700963,1,9,0,18,0,1,0,7,0,0,1,1,1,1,40,7,1797,8,4,1,1,1
2017331700964,1,9,0,9,0,6,1,0,0,0,1,1,1,2,34,6,1598,2,5,10,2,10
2017331700964,2,5,0,17,0,8,1,0,0,0,1,1,6,1,34,6,918,1,18,8,2,8
2017331700965,1,9,0,18,0,1,1,0,0,0,1,1,2,1,24,5,1956,2,3,5,1,5
2017331700965,2,1,0,18,0,1,0,0,0,0,1,1,6,1,15,3,-1,-1,-1,5,1,5
2017331700966,1,9,0,18,0,8,0,0,0,0,1,1,1,2,29,6,1242,1,8,2,1,2
2017331700966,2,9,0,9,0,6,0,0,0,0,3,1,6,3,-1,-1,-1,-1,-1,-1,-1,-1
2017331700967,1,9,0,9,0,6,0,0,0,0,4,1,6,1,22,5,1242,1,5,10,1,10
2017331700967,2,9,0,18,0,8,0,0,0,0,4,1,6,1,33,6,1997,2,5,3,1,3
2017331700968,1,9,0,18,0,0,0,0,0,0,4,1,6,2,68,10,998,1,20,5,1,5
2017331700969,1,9,0,18,0,6,0,0,0,0,1,1,6,2,33,6,-1,-1,-1,1,1,1
2017331700969,2,19,0,16,0,8,0,0,0,0,4,1,6,1,58,9,1560,2,1,5,1,5
2017331700970,1,9,0,18,0,0,0,0,0,0,1,1,6,1,-1,-1,-1,-1,-1,-1,-1,-1
2017331700971,1,9,0,16,0,0,0,10,1,2,4,1,6,1,19,4,1199,1,15,3,1,3
2017331700974,1,5,0,16,0,8,0,0,1,0,3,1,6,1,54,8,1170,1,11,5,1,5
2017331700975,1,9,0,9,0,5,0,0,0,0,1,1,6,1,21,5,1496,1,2,7,1,7
2017331700975,2,1,0,18,0,8,0,0,0,0,2,1,6,2,27,6,-1,-1,-1,10,2,10
2017331700976,1,9,0,18,0,1,1,10,1,10,1,1,6,1,21,5,1997,1,15,1,1,1
2017331700977,1,9,0,4,0,0,0,0,0,0,2,1,6,1,50,8,1499,2,1,5,1,5
2017331700977,2,9,0,17,0,0,0,0,1,2,1,1,6,1,-1,-1,-1,-1,-1,-1,-1,-1
2017331700978,1,9,0,14,0,0,0,0,0,0,4,1,2,2,47,8,1999,1,15,1,1,1
2017331700979,1,9,0,18,0,8,0,0,0,0,1,1,6,1,27,6,1242,1,4,8,1,8
2017331700979,2,9,0,11,0,8,0,0,0,0,4,1,6,2,32,6,1499,2,1,-1,-1,-1
2017331700980,1,1,0,18,0,2,0,0,0,0,3,1,6,2,20,4,-1,-1,-1,5,1,5
2017331700980,2,11,0,18,0,2,0,0,0,0,1,1,1,1,57,9,9200,2,11,4,1,4
2017331700981,1,21,0,2,0,1,0,0,0,0,3,1,1,1,32,6,9290,2,7,2,1,2
2017331700981,2,9,0,9,0,2,0,0,0,0,4,1,2,1,39,7,1199,1,13,6,1,6
2017331700982,1,9,0,4,0,0,0,0,0,0,2,1,6,2,31,6,1560,2,4,-1,-1,-1
2017331700982,2,9,0,4,0,0,0,0,0,0,2,1,6,1,29,6,1149,1,14,-1,-1,-1
2017331700982,3,9,0,4,0,0,0,0,0,0,1,1,6,2,44,7,1598,1,14,-1,-1,-1
2017331700983,1,19,0,18,0,0,0,0,1,4,1,1,6,1,27,6,-1,-1,-1,-1,-1,-1
2017331700985,1,9,0,18,0,0,0,0,0,0,1,1,6,1,68,10,1968,2,3,5,2,5
2017331700985,2,9,0,3,0,0,0,0,0,0,2,1,6,2,25,5,1998,8,1,3,2,3
2017331700986,1,5,0,18,0,0,0,0,0,0,1,1,6,2,70,10,-1,-1,-1,6,1,6
2017331700988,1,9,0,18,0,2,0,10,1,10,1,1,6,1,37,7,1796,1,10,8,1,8
2017331700989,1,9,0,18,0,0,0,0,7,10,1,1,6,1,74,10,1870,2,10,9,1,9
2017331700990,1,9,0,4,0,2,0,0,0,0,2,1,6,1,43,7,1991,2,10,6,1,6
2017331700990,2,9,0,7,0,3,0,0,0,0,1,1,6,2,37,7,2143,2,7,5,1,5
2017331700992,1,9,0,4,0,6,0,0,0,0,1,1,6,2,46,8,1618,1,-1,10,1,10
2017331700992,2,9,0,17,0,8,0,0,0,0,4,1,6,1,73,10,1896,2,9,6,1,6
2017331700993,1,3,0,16,0,2,0,10,0,0,0,1,6,2,31,6,124,1,6,-1,-1,-1
2017331700994,1,9,0,18,0,6,0,0,0,0,1,1,6,3,-1,-1,1995,2,10,-1,-1,-1
2017331700994,2,3,0,9,0,8,0,0,0,0,3,1,6,2,36,7,124,1,14,2,1,2
2017331700995,1,9,0,4,0,0,0,0,0,0,1,1,2,1,27,6,998,1,-1,5,1,5
2017331700997,1,9,0,4,0,8,0,0,3,11,1,1,6,2,51,8,1598,1,8,3,1,3
2017331700998,1,9,0,9,0,5,0,0,0,0,4,1,6,2,28,6,1998,1,-1,10,1,10
2017331700998,2,2,0,18,0,8,0,0,0,0,1,1,2,1,17,4,49,1,9,6,1,6