Accident_Index,Vehicle_Reference,Vehicle_Type,Towing_and_Articulation,Vehicle_Manoeuvre,Vehicle_Location-Restricted_Lane,Junction_Location,Skidding_and_Overturning,Hit_Object_in_Carriageway,Vehicle_Leaving_Carriageway,Hit_Object_off_Carriageway,1st_Point_of_Impact,Was_Vehicle_Left_Hand_Drive?,Journey_Purpose_of_Driver,Sex_of_Driver,Age_of_Driver,Age_Band_of_Driver,Engine_Capacity_(CC),Propulsion_Code,Age_of_Vehicle,Driver_IMD_Decile,Driver_Home_Area_Type,Vehicle_IMD_Decile
2017331701453,1,9,0,4,0,1,0,0,0,0,4,1,2,1,56,9,1596,1,15,8,1,8
2017331701453,2,9,0,3,0,1,0,0,0,0,0,1,6,3,-1,-1,-1,-1,-1,-1,-1,-1
2017331701454,1,9,0,9,0,2,0,0,0,0,3,1,6,2,36,7,1560,2,8,7,1,7
2017331701455,1,19,0,17,0,2,2,0,1,4,1,1,1,1,45,7,1997,2,1,2,1,2
2017331701456,1,9,0,4,0,2,0,0,0,0,1,1,1,1,43,7,2179,2,6,5,1,5
2017331701457,1,9,0,3,0,0,0,0,0,0,2,1,2,1,59,9,2946,1,18,9,3,9
2017331701457,2,9,0,4,0,0,1,0,0,0,1,1,2,1,46,8,1968,2,6,-1,-1,-1
2017331701457,3,21,0,18,0,0,0,0,0,0,1,1,1,1,51,8,12740,2,-1,3,1,3
2017331701458,1,9,0,18,0,0,1,0,1,4,4,1,6,1,25,5,1994,1,12,3,1,3
2017331701459,1,9,0,13,0,0,0,0,1,0,1,1,6,1,17,4,1299,1,11,10,1,10
2017331701459,2,9,0,18,0,0,0,0,1,0,1,1,6,2,31,6,1197,1,3,9,1,9
2017331701460,1,9,0,1,0,0,0,0,0,0,2,1,6,1,69,10,2993,2,6,10,1,10
2017331701461,1,9,0,5,0,1,0,0,0,0,1,1,6,2,36,7,1598,1,9,6,1,6
2017331701462,1,9,0,18,0,0,0,0,0,0,1,1,6,2,74,10,-1,-1,-1,10,1,10
2017331701462,2,19,0,18,0,0,0,0,1,11,3,1,1,1,55,8,1968,2,-1,8,1,8
2017331701463,1,9,0,13,0,8,0,0,7,4,1,1,6,1,25,5,1896,2,14,8,1,8
2017331701463,2,9,0,9,0,5,0,0,0,0,3,1,6,1,25,5,1796,1,11,8,1,8
2017331701465,1,9,0,13,0,3,0,0,0,0,1,1,6,3,-1,-1,-1,-1,-1,-1,-1,-1
2017331701465,2,1,0,18,0,2,0,0,0,0,1,1,6,1,49,8,-1,-1,-1,-1,-1,-1
2017331701465,3,9,0,18,0,3,0,0,0,0,0,1,6,3,-1,-1,-1,-1,-1,-1,-1,-1
2017331701466,1,8,0,18,0,0,0,0,0,0,1,1,1,1,42,7,1797,8,2,5,1,5
2017331701468,1,4,0,2,0,0,0,0,0,0,2,1,6,1,70,10,487,1,13,6,3,6
2017331701468,2,9,0,18,0,0,0,4,0,0,1,1,3,2,48,8,1339,1,4,5,3,5
2017331701469,1,9,0,18,0,3,1,0,2,0,1,1,2,2,42,7,1299,1,10,10,1,10
2017331701469,2,21,1,11,0,3,0,0,0,0,4,1,1,1,25,5,10677,2,2,4,3,4
2017331701470,1,1,0,18,0,8,0,0,0,0,1,1,6,1,48,8,-1,-1,-1,10,1,10
2017331701470,2,9,0,7,0,6,0,0,0,0,3,1,6,3,-1,-1,1397,1,14,-1,-1,-1
2017331701471,1,1,0,9,0,3,0,0,0,0,1,1,6,1,51,8,-1,-1,-1,9,3,9
2017331701471,2,9,0,4,0,4,0,0,0,0,3,1,6,2,-1,-1,1461,2,1,-1,-1,-1
2017331701472,1,9,0,18,0,1,0,0,0,0,3,1,6,1,24,5,1998,1,3,1,1,1
2017331701473,1,9,0,18,0,8,0,4,0,0,1,1,6,2,52,8,-1,-1,-1,10,2,10
2017331701473,2,9,0,2,0,8,0,0,0,0,2,1,1,1,36,7,1686,2,5,-1,-1,-1
2017331701474,1,9,0,9,0,6,0,0,0,0,1,1,2,1,21,5,1598,1,5,3,1,3
2017331701474,2,9,0,18,0,8,0,0,1,10,2,1,2,2,41,7,-1,-1,-1,9,1,9
2017331701475,1,9,0,7,0,5,0,0,0,0,1,1,1,1,40,7,1956,2,7,1,1,1
2017331701476,1,9,0,18,0,0,5,4,0,0,1,1,6,2,84,11,-1,-1,-1,5,1,5
2017331701476,2,9,0,2,0,0,0,0,0,0,1,1,1,1,-1,-1,1390,1,13,-1,-1,-1
2017331701477,1,9,0,18,0,6,0,0,0,0,1,1,2,1,22,5,1390,1,4,7,1,7
2017331701477,2,9,0,18,0,8,0,0,7,1,4,1,6,2,48,8,1598,1,4,10,1,10
2017331701478,1,9,0,9,0,5,0,0,0,0,3,1,6,2,58,9,-1,-1,-1,-1,-1,-1
2017331701479,1,9,0,13,0,0,0,0,0,0,1,1,6,1,72,10,2179,2,5,8,3,8
2017331701479,2,21,1,18,0,0,0,0,0,0,0,1,1,1,37,7,12902,2,4,7,1,7
2017331701479,3,9,0,18,0,0,0,0,7,0,1,1,6,1,67,10,1596,1,14,6,2,6
2017331701480,1,9,0,9,0,2,0,0,0,0,1,1,6,1,42,7,1798,1,5,5,1,5
2017331701480,2,1,0,18,0,1,0,0,0,0,1,1,6,1,20,4,-1,-1,-1,-1,-1,-1
2017331701481,1,9,0,4,0,0,0,0,0,0,1,1,6,1,33,6,1997,2,9,9,1,9
2017331701481,2,9,0,16,0,0,0,0,0,0,1,1,6,1,90,11,998,1,16,8,1,8
2017331701482,1,9,0,18,0,0,0,0,0,0,1,1,6,1,28,6,1597,1,20,-1,-1,-1
2017331701482,2,9,0,18,0,0,0,0,1,0,2,1,6,1,76,11,-1,-1,-1,10,1,10
2017331701483,1,9,0,18,0,8,0,0,7,9,3,1,6,1,77,11,1598,1,8,10,2,10
2017331701483,2,19,0,9,0,8,0,0,0,0,1,1,6,1,26,6,1995,2,10,5,1,5
2017331701484,1,11,0,4,0,1,0,0,0,0,0,1,1,1,57,9,6370,2,8,6,1,6
2017331701484,2,9,0,9,0,6,0,0,0,0,0,1,6,3,-1,-1,-1,-1,-1,-1,-1,-1
2017331701485,1,9,0,18,0,0,0,0,0,0,1,1,2,1,24,5,1997,2,2,10,1,10
2017331701485,2,21,1,18,0,0,0,0,7,10,1,1,1,1,57,9,10837,2,3,8,2,8
2017331701486,1,9,0,18,0,0,2,0,7,9,1,1,6,1,26,6,1968,2,13,3,1,3
2017331701489,1,9,0,16,0,0,0,0,7,4,1,1,2,2,25,5,1598,2,5,6,1,6
2017331701490,1,9,0,18,0,0,0,0,0,0,3,1,6,1,67,10,1587,1,18,6,1,6
2017331701490,2,90,0,18,0,0,0,0,0,0,3,1,1,1,52,8,-1,-1,-1,2,2,2
2017331701490,3,19,0,18,0,0,0,0,0,0,2,1,6,1,35,6,-1,-1,-1,4,3,4
2017331701490,4,9,0,18,0,0,0,0,0,0,1,1,6,1,38,7,1984,1,4,9,1,9
2017331701490,5,19,0,18,0,0,0,0,0,0,1,1,6,1,54,8,2143,2,7,-1,-1,-1
2017331701490,6,9,0,18,0,0,0,0,0,0,1,1,6,1,19,4,1390,1,13,-1,-1,-1
2017331701491,1,9,0,18,0,2,0,0,0,0,1,1,6,1,26,6,1149,1,14,8,2,8
2017331701493,1,9,0,9,0,5,0,0,0,0,4,1,2,1,29,6,-1,-1,-1,1,1,1
2017331701493,2,5,0,18,0,8,0,0,0,0,1,1,2,1,25,5,1050,1,12,8,1,8
2017331701493,3,9,0,18,0,2,0,0,0,0,0,1,6,3,-1,-1,-1,-1,-1,-1,-1,-1
2017331701494,1,9,0,18,0,8,0,0,0,0,3,1,2,1,55,8,1461,2,7,-1,-1,-1
2017331701494,2,21,0,4,0,8,0,0,0,0,1,1,1,1,54,8,10837,2,-1,-1,-1,-1
2017331701495,1,9,0,9,0,6,0,0,0,0,0,1,2,2,38,7,1329,1,4,-1,-1,-1
2017331701495,2,9,0,18,0,8,0,0,0,0,1,1,2,1,24,5,1199,1,16,1,1,1
2017331701495,3,19,0,18,0,8,0,0,0,0,1,1,2,1,46,8,1248,2,6,-1,-1,-1
2017331701496,1,9,0,17,0,0,0,0,0,0,1,1,6,1,25,5,5000,1,8,9,1,9
2017331701496,2,9,0,16,0,0,0,0,0,0,1,1,6,1,21,5,2494,1,17,3,1,3
2017331701497,1,9,0,16,0,0,2,0,2,4,1,1,6,1,24,5,1998,1,12,10,1,10
2017331701498,1,90,0,18,0,8,0,0,0,0,1,1,1,2,50,8,2999,2,5,9,1,9
2017331701498,2,9,0,18,0,8,0,0,0,0,3,1,6,1,67,10,1999,1,10,2,1,2
2017331701499,1,9,0,9,0,8,0,0,0,0,3,1,6,1,46,8,1997,2,27,2,1,2
2017331701499,2,5,0,13,0,8,0,0,0,0,1,1,2,1,29,6,599,1,14,1,1,1
2017331701499,3,98,0,18,0,1,0,0,0,0,0,1,1,3,-1,-1,-1,-1,-1,-1,-1,-1
2017331701500,1,9,0,18,0,0,0,0,0,0,1,1,6,2,34,6,1229,1,12,8,1,8
2017331701501,1,9,0,4,0,1,0,0,0,0,1,1,6,1,25,5,-1,-1,-1,-1,-1,-1
2017331701501,2,8,0,3,0,1,0,0,0,0,2,1,1,1,46,8,1797,8,3,4,1,4
2017331701502,1,9,0,9,0,5,0,0,0,0,1,1,6,1,25,5,1997,2,8,8,2,8
2017331701503,1,9,0,18,0,0,0,4,0,0,1,1,6,1,20,4,1461,2,8,-1,-1,-1
2017331701503,2,9,0,2,0,0,0,0,0,0,3,1,6,1,29,6,1796,1,13,-1,-1,-1
2017331701503,3,9,0,2,0,0,0,0,0,0,3,1,6,3,-1,-1,1242,1,10,-1,-1,-1
2017331701503,4,9,0,2,0,0,0,0,0,0,1,1,6,3,-1,-1,1200,1,1,-1,-1,-1
2017331701503,5,9,0,2,0,0,0,0,0,0,0,1,6,3,-1,-1,-1,-1,-1,-1,-1,-1
2017331701504,1,9,0,18,0,8,1,0,0,0,0,1,1,1,35,6,-1,-1,-1,-1,-1,-1
2017331701505,1,9,0,18,0,0,0,10,1,0,1,1,6,1,30,6,999,1,-1,1,1,1
2017331701505,2,9,0,18,0,0,0,0,0,0,1,1,6,2,60,9,998,1,4,9,1,9
2017331701506,1,9,0,14,0,2,0,0,0,0,1,1,2,2,38,7,1596,1,7,4,1,4
2017331701506,2,11,0,3,0,2,0,0,0,0,0,1,1,3,-1,-1,-1,-1,-1,-1,-1,-1
2017331701507,1,21,0,3,0,0,0,0,0,0,2,1,1,1,40,7,6700,2,2,9,2,9
2017331701507,2,19,0,4,0,0,1,0,0,0,1,1,1,1,44,7,2198,2,10,3,1,3
2017331701514,1,21,4,4,0,1,0,0,0,0,2,1,1,1,56,9,10677,2,3,-1,-1,-1
2017331701514,2,21,0,4,0,1,0,0,0,0,1,1,1,1,42,7,10677,2,3,-1,-1,-1
2017331701514,3,19,0,18,0,2,0,0,1,4,1,1,1,1,34,6,-1,-1,-1,-1,-1,-1
2017331701514,4,9,0,9,0,5,0,0,0,0,0,1,6,3,-1,-1,-1,-1,-1,-1,-1,-1
2017331701515,1,9,0,8,0,1,0,0,0,0,2,1,6,2,62,9,1299,1,15,4,1,4
2017331701515,2,9,0,4,0,1,1,0,0,0,1,1,2,1,27,6,2143,2,1,9,1,9
2017331701516,1,9,0,9,0,5,0,0,0,0,4,1,2,2,48,8,1497,1,15,9,3,9
2017331701516,2,9,0,7,0,5,0,0,0,0,1,1,2,2,28,6,1595,1,10,-1,-1,-1
2017331701517,1,9,0,4,0,0,0,0,0,0,2,1,6,1,26,6,-1,-1,-1,4,1,4
2017331701517,2,9,0,18,0,0,0,0,0,0,1,1,6,1,60,9,1896,2,14,2,1,2
2017331701518,1,9,0,18,0,0,0,0,0,0,1,1,6,1,35,6,1560,2,5,-1,-1,-1
2017331701519,1,9,0,18,0,0,0,0,0,0,2,1,6,2,34,6,1896,2,10,1,1,1
2017331701519,2,9,0,18,0,0,0,0,0,0,1,1,1,1,-1,-1,1988,1,18,-1,-1,-1
2017331701520,1,8,0,7,0,6,0,0,0,0,1,1,6,1,35,6,-1,-1,-1,-1,-1,-1
2017331701520,2,1,0,18,0,8,0,0,0,0,4,1,6,1,31,6,-1,-1,-1,3,1,3
2017331701521,1,11,0,18,0,2,0,0,0,0,3,1,1,1,23,5,6696,2,3,1,1,1
2017331701522,1,90,0,7,0,2,0,0,0,0,2,1,1,1,50,8,-1,-1,-1,7,1,7
2017331701522,2,9,0,18,0,2,0,0,0,0,1,1,6,1,40,7,-1,-1,-1,-1,-1,-1
2017331701523,1,9,0,18,0,8,0,0,0,0,1,1,1,1,26,6,-1,-1,-1,-1,-1,-1
2017331701523,2,9,0,9,0,6,0,0,0,0,2,1,6,1,66,10,-1,-1,-1,5,1,5
2017331701524,1,9,0,16,0,0,1,0,1,9,4,1,6,1,17,4,1397,1,17,9,2,9
2017331701525,1,9,0,16,0,0,0,0,0,0,1,1,2,2,53,8,1397,1,7,1,1,1
2017331701526,1,9,0,1,0,0,0,0,0,0,2,1,2,1,30,6,-1,-1,-1,-1,-1,-1
2017331701527,1,9,0,18,0,8,0,0,7,11,1,1,6,3,-1,-1,4163,1,11,-1,-1,-1
2017331701527,2,19,0,5,0,6,0,0,0,0,1,1,6,1,60,9,1686,2,18,7,1,7
2017331701528,1,9,0,18,0,2,0,0,0,0,1,1,1,1,-1,-1,1781,1,16,2,1,2
2017331701528,2,9,0,3,0,2,0,0,0,0,2,1,6,1,25,5,2000,2,8,3,1,3
2017331701528,3,8,0,3,0,2,0,0,0,0,2,1,1,1,38,7,-1,-1,-1,3,1,3
2017331701529,1,9,0,4,0,2,0,0,0,0,4,1,6,1,38,7,2000,1,11,2,1,2
2017331701529,2,3,0,7,0,2,1,0,7,1,1,1,6,2,26,6,124,1,-1,3,1,3
2017331701530,1,19,0,7,0,5,0,0,0,0,4,1,1,1,28,6,1461,2,12,6,3,6
2017331701531,1,19,0,18,0,0,0,0,0,0,1,1,1,1,50,8,2299,2,4,5,3,5
2017331701531,2,20,0,2,0,0,0,0,0,0,2,1,1,1,50,8,3920,2,4,1,1,1
2017331701532,1,9,0,13,0,0,0,0,0,0,1,1,6,1,24,5,1598,1,10,10,2,10
2017331701532,2,9,0,18,0,0,0,0,0,0,1,1,6,1,45,7,1362,1,5,4,1,4
2017331701532,3,9,0,18,0,0,0,0,0,0,0,1,6,1,-1,-1,-1,-1,-1,-1,-1,-1
2017331701533,1,9,0,9,0,5,0,0,0,0,1,1,6,2,21,5,1242,1,8,1,1,1
2017331701533,2,3,0,18,0,8,0,0,0,0,1,1,1,1,24,5,108,1,1,6,1,6
2017331701534,1,9,0,9,0,5,0,0,0,0,1,1,6,1,24,5,1149,1,9,2,1,2
2017331701534,2,9,0,4,0,6,0,0,0,0,1,1,6,2,30,6,1339,1,11,2,1,2
2017331701535,1,9,0,9,0,6,0,0,3,11,3,1,6,2,25,5,1398,1,6,5,1,5
2017331701535,2,9,0,18,0,8,0,0,0,0,1,1,6,1,55,8,-1,-1,-1,10,2,10
2017331701536,1,9,0,4,0,0,0,0,0,0,4,1,6,1,22,5,1598,1,13,9,2,9
2017331701537,1,9,0,16,0,0,1,10,7,11,1,1,2,1,21,5,1598,1,11,6,1,6
2017331701537,2,9,0,17,0,0,0,0,0,0,4,1,2,1,38,7,1398,2,14,9,1,9
2017331701541,1,9,0,4,0,0,0,0,0,0,1,1,6,2,74,10,1596,1,1,2,1,2
2017331701541,2,9,0,4,0,0,0,0,0,0,2,1,6,1,34,6,1896,2,12,4,1,4
2017331701542,1,9,0,18,0,0,2,0,1,4,1,1,6,1,33,6,-1,-1,-1,-1,-1,-1
2017331701545,1,9,0,8,0,1,0,0,0,0,2,1,6,2,56,9,1796,1,16,3,1,3
2017331701545,2,9,0,18,0,1,0,0,0,0,1,1,6,1,25,5,1242,1,2,-1,-1,-1
2017331701546,1,9,0,16,0,0,2,0,1,11,4,1,1,1,31,6,1199,1,16,6,3,6
2017331701546,2,9,0,17,0,0,0,0,0,0,0,1,6,3,50,8,-1,-1,-1,-1,-1,-1
2017331701547,1,9,0,5,0,6,0,0,0,0,1,1,2,1,62,9,1390,1,5,-1,-1,-1
2017331701547,2,19,0,18,0,8,0,0,0,0,3,1,1,1,34,6,1968,2,-1,5,1,5
2017331701548,1,9,0,18,0,8,0,0,0,0,1,1,6,1,25,5,1598,1,13,-1,-1,-1
2017331701548,2,8,0,16,0,8,0,0,1,1,3,1,1,1,51,8,1956,2,5,6,1,6
2017331701549,1,9,0,18,0,1,0,0,0,0,1,1,6,3,-1,-1,-1,-1,-1,-1,-1,-1
2017331701550,1,9,0,4,0,0,0,0,0,0,1,1,2,2,18,4,1461,2,2,8,2,8
2017331701550,2,9,0,3,0,0,0,0,0,0,2,1,6,2,57,9,1390,1,5,8,1,8
2017331701550,3,9,0,3,0,0,0,0,0,0,2,1,6,1,39,7,2143,2,1,8,1,8
2017331701551,1,20,0,9,0,8,0,0,0,0,3,1,1,1,22,5,10837,2,2,3,1,3
2017331701551,2,9,0,18,0,8,0,0,0,0,1,1,6,1,64,9,1397,1,5,9,2,9
2017331701552,1,9,0,5,0,1,0,0,0,0,4,1,6,2,36,7,2000,2,8,8,1,8
2017331701552,2,1,0,18,0,1,0,0,0,0,1,1,1,1,45,7,-1,-1,-1,1,1,1
2017331701553,1,9,0,18,0,0,5,0,1,4,1,1,6,1,22,5,-1,-1,-1,-1,-1,-1
2017331701554,1,9,0,4,0,0,0,0,0,0,0,1,1,1,50,8,-1,-1,-1,-1,-1,-1
2017331701555,1,9,0,18,0,0,0,0,0,0,1,1,1,1,37,7,1686,2,3,6,1,6
2017331701555,2,21,1,18,0,0,0,0,1,9,1,1,1,1,65,9,12902,2,1,5,1,5
2017331701556,1,9,0,7,0,5,0,0,0,0,4,1,6,1,40,7,-1,-1,-1,-1,-1,-1
2017331701556,2,1,0,7,0,5,0,0,0,0,3,1,6,2,54,8,-1,-1,-1,9,1,9
2017331701557,1,9,0,18,0,0,0,0,0,0,4,1,6,2,32,6,2497,2,10,-1,-1,-1
2017331701557,2,90,0,2,0,0,0,0,0,0,0,1,1,1,43,7,6370,2,8,10,2,10
2017331701558,1,9,0,18,0,3,0,0,0,0,1,1,6,1,33,6,1998,1,12,7,1,7
2017331701558,2,9,0,4,0,3,0,0,0,0,2,1,6,1,50,8,1364,2,7,6,1,6
2017331701560,1,9,0,9,0,6,0,0,0,0,3,1,1,1,63,9,2184,2,13,6,1,6
2017331701560,2,3,0,18,0,8,0,0,0,0,0,1,1,1,22,5,124,1,7,2,1,2
2017331701561,1,9,0,18,0,0,0,0,0,0,1,1,6,1,33,6,1968,2,1,3,1,3
2017331701562,1,9,0,18,0,0,0,0,0,0,3,1,6,1,40,7,1339,1,7,-1,-1,-1
2017331701562,2,9,0,18,0,0,0,0,0,0,3,1,1,1,71,10,1995,2,9,7,1,7
2017331701563,1,9,0,7,0,6,0,0,0,0,1,1,6,1,20,4,1753,2,16,-1,-1,-1
2017331701563,2,9,0,18,0,8,0,0,0,0,1,1,6,1,45,7,1248,2,10,3,1,3
2017331701564,1,1,0,18,0,1,0,0,0,0,3,1,6,2,55,8,-1,-1,-1,1,1,1
2017331701564,2,9,0,18,0,1,0,0,0,0,4,1,6,3,-1,-1,-1,-1,-1,-1,-1,-1
2017331701565,1,9,0,18,0,0,0,0,0,0,1,1,6,2,73,10,1349,1,3,6,1,6
2017331701565,2,1,0,7,0,0,0,0,0,0,1,1,6,1,10,2,-1,-1,-1,8,1,8
2017331701566,1,21,0,18,0,0,0,0,0,0,1,2,6,1,-1,-1,-1,-1,-1,-1,-1,-1
2017331701566,2,9,0,18,0,0,0,0,0,0,2,1,3,1,35,6,1956,2,7,1,1,1
2017331701567,1,9,0,4,0,0,0,0,0,0,4,1,6,2,45,7,1598,1,12,-1,-1,-1
2017331701568,1,9,0,3,0,1,0,0,0,0,2,1,6,2,53,8,1299,1,20,8,1,8
2017331701568,2,9,0,18,0,1,0,0,0,0,1,1,6,2,54,8,1200,1,4,1,1,1
2017331701569,1,9,0,6,0,0,0,0,7,0,3,1,6,2,24,5,1229,1,-1,2,1,2
2017331701569,2,9,0,18,0,0,0,0,0,0,1,1,6,3,-1,-1,-1,-1,-1,-1,-1,-1
2017331701570,1,9,0,3,0,8,0,0,0,0,2,1,6,2,23,5,1368,1,-1,7,1,7
2017331701570,2,9,0,18,0,8,0,0,0,0,1,1,6,1,30,6,4163,1,10,5,1,5
2017331701571,1,19,0,3,0,0,0,0,0,0,2,1,2,1,57,9,1968,2,10,3,1,3
2017331701571,2,9,0,5,0,0,0,0,0,0,1,1,2,2,36,7,1560,2,6,1,1,1
2017331701572,1,9,0,9,0,6,0,0,0,0,4,1,6,2,81,11,1399,2,14,8,3,8
2017331701572,2,1,0,16,0,8,0,0,1,0,3,1,6,2,70,10,-1,-1,-1,9,3,9
2017331701573,1,9,0,4,0,1,0,0,0,0,1,1,6,1,31,6,-1,-1,-1,4,1,4
2017331701573,2,1,0,18,0,8,0,0,0,0,1,1,6,1,18,4,-1,-1,-1,2,1,2
2017331701574,1,9,0,8,0,1,0,0,0,0,2,1,6,2,30,6,1364,1,10,-1,-1,-1
2017331701574,2,9,0,18,0,1,0,0,0,0,1,1,6,2,30,6,1582,2,8,-1,-1,-1
2017331701575,1,9,0,5,9,8,0,0,0,0,1,1,6,1,40,7,1560,2,7,2,1,2
2017331701575,2,1,0,18,9,8,0,0,0,0,3,1,6,1,17,4,-1,-1,-1,9,1,9
2017331701577,1,9,0,5,0,1,0,0,0,0,1,1,2,1,33,6,1984,1,15,9,1,9
2017331701577,2,1,0,18,0,8,0,0,0,0,1,1,3,1,13,3,-1,-1,-1,9,1,9
2017331701578,1,9,0,9,0,8,0,0,0,0,1,1,6,2,25,5,-1,-1,-1,-1,-1,-1
2017331701578,2,1,0,9,0,8,0,0,0,0,1,1,6,2,17,4,-1,-1,-1,1,1,1
2017331701579,1,3,0,14,0,8,0,0,0,0,4,1,6,2,23,5,124,1,3,6,3,6
2017331701579,2,9,0,9,0,8,0,0,0,0,1,1,6,1,50,8,2987,2,4,7,1,7
2017331701580,1,1,0,18,0,6,0,0,0,0,0,1,2,2,54,8,-1,-1,-1,-1,-1,-1
2017331701580,2,9,0,13,0,1,0,0,0,0,0,1,6,1,-1,-1,-1,-1,-1,-1,-1,-1
2017331701580,3,9,0,18,0,1,0,0,0,0,0,1,6,1,-1,-1,-1,-1,-1,-1,-1,-1
2017331701581,1,9,0,18,0,1,0,0,0,0,1,1,6,3,-1,-1,1124,1,16,-1,-1,-1
2017331701581,2,9,0,18,0,1,0,0,1,10,2,1,6,1,57,9,1348,1,16,-1,-1,-1
2017331701582,1,9,0,17,9,2,0,0,0,0,1,1,6,3,-1,-1,-1,-1,-1,-1,-1,-1
2017331701583,1,9,0,5,0,8,0,0,0,0,1,1,6,2,40,7,1398,1,14,3,1,3
2017331701583,2,3,0,18,0,8,0,0,0,0,3,1,6,1,26,6,124,1,6,6,1,6
2017331701584,1,9,0,16,0,0,0,0,0,0,1,1,6,1,24,5,1600,1,10,3,1,3
2017331701585,1,9,0,18,0,8,0,0,0,0,1,1,6,2,81,11,3474,1,19,9,1,9
2017331701585,2,9,0,9,0,6,0,0,0,0,3,1,6,1,72,10,1399,1,6,10,1,10
2017331701586,1,9,0,18,0,0,0,0,0,0,4,1,6,3,-1,-1,-1,-1,-1,-1,-1,-1
2017331701587,1,9,0,9,0,8,0,0,1,10,4,1,2,1,47,8,1296,1,10,3,1,3
2017331701587,2,9,0,18,0,8,0,0,0,0,1,1,6,1,19,4,1395,1,-1,3,1,3
2017331701588,1,9,0,18,0,1,0,0,0,0,1,1,6,3,-1,-1,-1,-1,-1,-1,-1,-1
2017331701589,1,9,0,4,0,0,0,0,0,0,2,1,6,2,80,11,-1,-1,-1,6,3,6
2017331701589,2,9,0,18,0,0,0,0,0,0,1,1,6,1,27,6,2982,2,5,6,3,6
2017331701589,3,9,0,14,0,0,0,0,0,0,0,1,6,3,-1,-1,-1,-1,-1,-1,-1,-1
2017331701590,1,1,0,16,0,0,0,10,0,0,1,1,6,1,65,9,-1,-1,-1,8,1,8
2017331701591,1,9,0,5,0,4,0,0,0,0,3,1,6,2,81,11,1598,1,10,5,1,5
2017331701591,2,9,0,18,0,8,0,0,0,0,1,1,6,3,-1,-1,-1,-1,-1,-1,-1,-1
2017331701592,1,9,0,18,0,0,0,0,0,0,1,1,6,2,34,6,1998,1,13,4,1,4
2017331701592,2,9,0,3,0,0,0,0,0,0,2,1,6,2,53,8,1984,1,9,8,2,8
2017331701593,1,9,0,4,0,1,0,0,0,0,1,1,6,2,42,7,2987,2,5,4,1,4
2017331701593,2,9,0,3,0,1,0,0,0,0,2,1,6,2,23,5,1390,1,3,-1,-1,-1
2017331701594,1,9,0,5,0,6,0,0,0,0,1,1,6,1,-1,-1,1398,1,13,2,1,2
2017331701594,2,1,0,18,0,8,0,0,0,0,1,1,6,1,56,9,-1,-1,-1,2,1,2
2017331701595,1,9,0,4,0,6,0,0,0,0,1,1,6,2,19,4,1598,1,4,9,2,9
2017331701595,2,9,0,18,0,8,0,0,0,0,4,1,6,1,85,11,1390,1,11,1,1,1
2017331701596,1,9,0,4,0,6,1,0,0,0,3,1,6,1,45,7,2926,2,12,9,3,9
2017331701596,2,9,0,18,0,8,0,0,0,0,1,1,6,2,66,10,1798,1,12,6,1,6
2017331701597,1,9,0,18,0,0,0,0,0,0,4,1,6,3,-1,-1,-1,-1,-1,-1,-1,-1
2017331701598,1,2,0,18,0,0,0,0,0,0,0,1,6,1,17,4,49,1,-1,-1,-1,-1
2017331701598,2,9,0,18,0,0,0,0,0,0,0,1,6,3,-1,-1,-1,-1,-1,-1,-1,-1
2017331701599,1,9,0,18,0,8,0,0,0,0,1,1,6,1,22,5,1229,1,12,10,1,10
2017331701599,2,9,0,9,0,5,0,0,0,0,4,1,6,1,-1,-1,1596,1,14,-1,-1,-1
2017331701600,1,9,0,18,0,8,1,10,2,10,1,1,2,2,48,8,1360,1,16,8,3,8
2017331701600,2,9,0,4,0,8,1,0,0,0,1,1,6,1,65,9,-1,-1,-1,4,1,4
2017331701601,1,9,0,9,0,8,0,0,0,0,2,1,1,1,55,8,-1,-1,-1,9,1,9
2017331701601,2,9,0,7,0,8,0,0,0,0,1,1,3,2,41,7,1199,1,15,5,1,5
2017331701602,1,9,0,18,0,8,0,0,0,0,1,1,6,3,-1,-1,1968,2,10,-1,-1,-1
2017331701602,2,9,0,7,0,3,0,0,0,0,2,1,6,2,50,8,998,1,-1,-1,-1,-1
2017331701603,1,9,0,9,0,5,0,0,0,0,1,1,6,1,29,6,-1,-1,-1,-1,-1,-1
2017331701603,2,9,0,18,0,8,0,0,0,0,1,1,6,2,61,9,1360,1,11,2,1,2
2017331701604,1,9,0,5,0,0,0,0,0,0,2,1,6,1,23,5,1995,2,6,2,1,2
2017331701604,2,9,0,18,0,0,0,0,0,0,1,1,6,1,25,5,998,1,-1,1,1,1
2017331701605,1,9,0,18,0,8,0,0,0,0,1,1,2,2,36,7,1896,2,7,3,1,3
2017331701605,2,8,0,18,0,6,0,0,0,0,1,1,2,1,35,6,1997,2,9,4,1,4
2017331701606,1,9,0,7,0,3,0,7,7,2,1,1,6,1,88,11,1086,1,14,8,2,8
2017331701607,1,9,0,4,0,0,0,0,0,0,1,1,6,1,19,4,1598,1,16,10,1,10
2017331701607,2,9,0,18,0,0,0,0,0,0,2,1,6,1,29,6,998,1,5,7,1,7
2017331701608,1,9,0,7,0,6,0,0,0,0,3,1,6,2,63,9,1198,1,8,9,1,9
2017331701608,2,1,0,18,0,8,0,0,0,0,4,1,6,1,78,11,-1,-1,-1,4,1,4
2017331701609,1,1,0,18,0,8,0,0,1,0,2,1,2,1,38,7,-1,-1,-1,5,1,5