Accident_Index,Vehicle_Reference,Vehicle_Type,Towing_and_Articulation,Vehicle_Manoeuvre,Vehicle_Location-Restricted_Lane,Junction_Location,Skidding_and_Overturning,Hit_Object_in_Carriageway,Vehicle_Leaving_Carriageway,Hit_Object_off_Carriageway,1st_Point_of_Impact,Was_Vehicle_Left_Hand_Drive?,Journey_Purpose_of_Driver,Sex_of_Driver,Age_of_Driver,Age_Band_of_Driver,Engine_Capacity_(CC),Propulsion_Code,Age_of_Vehicle,Driver_IMD_Decile,Driver_Home_Area_Type,Vehicle_IMD_Decile
2017331705026,2,9,0,18,0,8,0,0,0,0,2,1,6,1,31,6,1995,2,4,-1,-1,-1
2017331705029,1,9,0,18,0,8,0,0,0,0,1,1,6,1,27,6,1560,2,7,-1,-1,-1
2017331705029,2,9,0,18,0,8,0,0,0,0,2,1,6,2,44,7,-1,-1,-1,-1,-1,-1
2017331705030,1,9,0,18,0,0,0,0,0,0,1,1,6,2,44,7,1242,1,3,-1,-1,-1
2017331705030,2,9,0,18,0,0,0,0,0,0,2,1,6,3,-1,-1,-1,-1,-1,-1,-1,-1
2017331705031,1,9,0,18,0,0,0,0,0,0,1,1,6,1,69,10,2902,2,11,-1,-1,-1
2017331705031,2,16,0,18,0,0,0,0,0,0,2,1,6,2,40,7,-1,-1,-1,-1,-1,-1
2017331705032,1,9,0,18,0,8,0,0,0,0,1,1,6,1,54,8,1686,2,13,-1,-1,-1
2017331705032,2,9,0,18,0,8,0,0,0,0,2,1,6,1,-1,-1,1753,2,17,-1,-1,-1
2017331705034,1,3,0,18,0,0,0,0,0,0,1,1,6,1,20,4,124,1,10,-1,-1,-1
2017331705034,2,9,0,18,0,0,0,0,0,0,2,1,6,1,23,5,1596,1,9,-1,-1,-1
2017331705034,3,9,0,18,0,0,0,0,0,0,2,1,6,1,27,6,1229,1,-1,-1,-1,-1
2017331705036,1,9,0,18,0,8,0,0,0,0,1,1,6,2,-1,-1,1896,2,15,-1,-1,-1
2017331705036,2,1,0,18,0,8,0,0,0,0,2,1,6,1,25,5,-1,-1,-1,-1,-1,-1
2017331705037,1,9,0,18,0,0,0,0,0,0,1,1,6,1,45,7,1597,1,13,-1,-1,-1
2017331705046,1,9,0,18,0,8,0,0,0,0,1,1,6,1,39,7,1997,2,8,-1,-1,-1
2017331705046,2,9,0,18,0,8,0,0,0,0,1,1,6,1,34,6,1968,2,4,-1,-1,-1
2017331705049,1,9,0,18,0,0,0,0,0,0,1,1,1,1,-1,-1,-1,-1,-1,-1,-1,-1
2017331705049,2,9,0,18,0,0,0,0,0,0,1,1,6,1,27,6,-1,-1,-1,-1,-1,-1
2017331705051,1,9,0,18,0,0,0,0,0,0,1,1,6,1,76,11,998,1,3,-1,-1,-1
2017331705052,1,9,0,18,0,0,0,0,0,0,1,1,6,3,-1,-1,-1,-1,-1,-1,-1,-1
2017331705053,1,9,0,18,0,0,0,0,0,0,1,1,6,1,68,10,2902,2,12,-1,-1,-1
2017331705053,2,9,0,18,0,0,0,0,0,0,2,1,6,1,26,6,-1,-1,-1,-1,-1,-1
2017331705059,1,9,0,18,0,1,0,0,0,0,1,1,6,1,38,7,1686,2,5,-1,-1,-1
2017331705059,2,9,0,18,0,1,0,0,0,0,2,1,6,2,28,6,1198,1,5,-1,-1,-1
2017331705059,3,9,0,18,0,1,0,0,0,0,2,1,6,2,-1,-1,1598,1,13,-1,-1,-1
2017331705059,4,9,0,18,0,1,0,0,0,0,2,1,6,2,47,8,-1,-1,-1,-1,-1,-1
2017331705060,1,9,0,18,0,1,0,0,0,0,1,1,6,2,51,8,1598,2,3,-1,-1,-1
2017331705060,2,9,0,18,0,1,0,0,0,0,2,1,6,1,33,6,1497,1,16,-1,-1,-1
2017331705061,1,9,0,18,0,0,0,0,0,0,1,1,6,1,21,5,1995,2,14,-1,-1,-1
2017331705061,2,9,0,18,0,0,0,0,0,0,2,1,6,2,33,6,-1,-1,-1,-1,-1,-1
2017331705063,1,9,0,18,0,0,0,0,0,0,1,1,6,1,42,7,3400,6,19,-1,-1,-1
2017331705064,1,19,0,18,0,0,0,0,0,0,1,1,6,1,46,8,2198,2,5,-1,-1,-1
2017331705064,2,1,0,18,0,0,0,0,0,0,2,1,6,1,32,6,-1,-1,-1,-1,-1,-1
2017331705066,1,9,0,18,0,8,0,0,0,0,1,1,6,1,18,4,1229,1,7,-1,-1,-1
2017331705066,2,9,0,18,0,8,0,0,0,0,2,1,6,2,28,6,1390,1,7,-1,-1,-1
2017331705066,3,1,0,18,0,8,0,0,0,0,0,1,6,2,-1,-1,-1,-1,-1,-1,-1,-1
2017331705069,1,9,0,18,0,0,0,0,0,0,1,1,6,1,26,6,1896,2,12,-1,-1,-1
2017331705069,2,9,0,18,0,0,0,0,0,0,2,1,6,2,23,5,1598,1,11,-1,-1,-1
2017331705071,1,5,0,18,0,2,0,0,0,0,1,1,6,1,-1,-1,-1,-1,-1,-1,-1,-1
2017331705071,2,9,0,18,0,2,0,0,0,0,1,1,6,2,37,7,1598,2,4,-1,-1,-1
2017331705071,3,19,0,18,0,2,0,0,0,0,1,1,6,1,36,7,1598,2,3,-1,-1,-1
2017331705072,1,9,0,18,0,0,0,0,0,0,1,1,6,1,-1,-1,2993,2,3,-1,-1,-1
2017331705072,2,9,0,18,0,0,0,0,0,0,1,1,6,1,17,4,1968,2,6,-1,-1,-1
2017331705072,3,9,0,18,0,0,0,0,0,0,1,1,6,1,47,8,1994,2,15,-1,-1,-1
2017331705072,4,9,0,2,0,0,0,0,0,0,1,1,6,3,-1,-1,998,1,6,-1,-1,-1
2017331705074,1,9,0,18,0,0,0,0,0,0,1,1,6,1,27,6,1120,1,21,-1,-1,-1
2017331705075,1,9,0,18,0,0,0,0,0,0,1,1,6,1,57,9,1598,1,14,-1,-1,-1
2017331705075,2,21,0,18,0,0,0,0,0,0,2,1,6,1,43,7,10518,2,6,-1,-1,-1
2017331705079,1,9,0,1,9,6,0,0,0,0,2,1,6,2,34,6,1956,2,3,4,1,4
2017331705080,1,9,0,4,0,1,0,0,0,0,2,1,6,2,42,7,998,1,-1,8,1,8
2017331705080,2,9,0,5,0,1,0,0,0,0,1,1,6,1,41,7,1398,1,17,3,1,3
2017331705080,3,9,0,18,0,6,0,0,0,0,0,1,6,3,-1,-1,-1,-1,-1,-1,-1,-1
2017331705082,1,3,0,4,0,1,0,0,0,0,3,1,1,1,26,6,125,1,2,5,1,5
2017331705085,1,9,0,18,0,8,0,0,7,4,3,1,6,1,23,5,1124,1,16,1,1,1
2017331705086,1,5,0,18,0,8,0,0,0,0,1,1,2,1,37,7,996,1,8,-1,-1,-1
2017331705086,2,9,0,18,0,4,0,0,0,0,3,1,1,1,21,5,1198,1,5,8,1,8
2017331705088,1,9,0,18,0,8,0,0,0,0,1,1,6,1,22,5,1242,1,7,-1,-1,-1
2017331705088,2,9,0,18,0,8,0,0,0,0,1,1,6,1,18,4,1368,1,11,-1,-1,-1
2017331705090,1,9,0,18,0,0,0,0,0,0,1,1,6,2,34,6,1248,2,9,-1,-1,-1
2017331705090,2,1,0,18,0,0,0,0,0,0,1,1,6,1,16,4,-1,-1,-1,-1,-1,-1
2017331705091,1,9,0,11,0,1,0,0,0,0,1,1,6,1,23,5,1799,1,10,4,1,4
2017331705091,2,1,0,3,0,1,0,0,0,0,1,1,6,1,30,6,-1,-1,-1,9,2,9
2017331705092,1,9,0,18,0,0,0,0,0,0,1,1,6,2,19,4,973,1,14,5,1,5
2017331705092,2,1,0,18,0,0,0,0,0,0,2,1,6,1,22,5,-1,-1,-1,2,1,2
2017331705093,1,9,0,18,0,0,0,0,0,0,1,1,6,1,41,7,-1,-1,-1,-1,-1,-1
2017331705094,1,9,0,18,0,0,0,0,0,0,1,1,6,1,45,7,1798,8,4,9,1,9
2017331705095,1,9,0,18,0,1,0,0,0,0,1,1,6,2,30,6,1499,2,4,-1,-1,-1
2017331705095,2,9,0,18,0,1,0,0,0,0,1,1,6,1,54,8,-1,-1,-1,-1,-1,-1
2017331705097,1,3,0,18,0,8,0,0,0,0,1,1,6,1,58,9,113,1,2,-1,-1,-1
2017331705097,2,9,0,18,0,8,0,0,0,0,1,1,6,1,17,4,1997,2,3,-1,-1,-1
2017331705098,1,9,0,18,0,0,0,0,0,0,1,1,6,1,40,7,-1,-1,-1,-1,-1,-1
2017331705098,2,19,0,18,0,0,0,0,0,0,1,1,6,1,59,9,2400,2,11,-1,-1,-1
2017331705099,1,9,0,18,0,8,0,0,0,0,1,1,6,1,25,5,1596,1,15,-1,-1,-1
2017331705099,2,1,0,18,0,8,0,0,0,0,1,1,6,1,60,9,-1,-1,-1,-1,-1,-1
2017331705101,1,9,0,2,0,0,0,0,0,0,3,1,6,2,29,6,1296,1,10,6,1,6
2017331705101,2,9,0,18,0,0,0,0,0,0,1,1,6,3,-1,-1,1390,1,13,-1,-1,-1
2017331705102,1,19,0,18,0,0,0,0,0,0,1,1,6,1,40,7,2143,2,4,-1,-1,-1
2017331705102,2,1,0,18,0,0,0,0,0,0,1,1,6,1,51,8,-1,-1,-1,-1,-1,-1
2017331705103,1,9,0,18,0,0,0,0,0,0,1,1,6,3,-1,-1,-1,-1,-1,-1,-1,-1
2017331705103,2,9,0,18,0,0,0,0,0,0,1,1,6,1,49,8,1997,1,5,-1,-1,-1
2017331705104,1,1,0,4,0,1,0,0,0,0,1,1,6,1,34,6,-1,-1,-1,-1,-1,-1
2017331705104,2,9,0,18,0,1,0,0,0,0,0,1,6,3,-1,-1,-1,-1,-1,-1,-1,-1
2017331705105,1,9,0,18,0,0,0,0,0,0,1,1,6,1,25,5,1198,1,12,-1,-1,-1
2017331705106,1,9,0,18,0,0,0,0,0,0,1,1,6,1,22,5,1956,2,7,-1,-1,-1
2017331705106,2,9,0,18,0,0,0,0,0,0,2,1,6,1,27,6,2295,1,16,-1,-1,-1
2017331705106,3,9,0,18,0,0,0,0,0,0,2,1,6,1,53,8,2997,1,17,-1,-1,-1
2017331705107,1,19,0,18,0,0,0,0,0,0,1,1,6,1,37,7,1995,2,-1,-1,-1,-1
2017331705107,2,9,0,18,0,0,0,0,0,0,2,1,6,1,61,9,-1,-1,-1,-1,-1,-1
2017331705108,1,9,0,18,0,1,0,0,0,0,1,1,6,1,-1,-1,1598,2,1,-1,-1,-1
2017331705108,2,19,0,18,0,1,0,0,0,0,2,1,6,1,46,8,1560,2,2,-1,-1,-1
2017331705109,1,9,0,9,0,8,0,0,0,0,1,1,6,1,50,8,1997,2,5,-1,-1,-1
2017331705111,1,9,0,18,0,0,0,0,0,0,1,1,6,1,-1,-1,1560,2,12,-1,-1,-1
2017331705112,1,9,0,16,0,0,0,0,0,0,1,1,6,1,78,11,1339,1,9,-1,-1,-1
2017331705112,2,9,0,16,0,0,0,0,0,0,2,1,6,2,32,6,1242,1,5,-1,-1,-1
2017331705113,1,19,0,18,0,0,0,0,0,0,1,1,6,1,70,10,1686,2,12,-1,-1,-1
2017331705115,1,9,0,18,0,1,0,0,0,0,1,1,6,3,-1,-1,-1,-1,-1,-1,-1,-1
2017331705115,2,9,0,18,0,1,0,0,0,0,1,1,6,3,-1,-1,1560,2,5,-1,-1,-1
2017331705115,3,9,0,18,0,1,0,0,0,0,1,1,6,1,48,8,1461,2,7,-1,-1,-1
2017331705117,1,9,0,18,0,0,0,0,0,0,1,1,6,2,57,9,998,1,4,-1,-1,-1
2017331705118,1,19,0,18,0,8,0,0,0,0,1,1,6,1,49,8,2143,2,-1,-1,-1,-1
2017331705118,2,9,0,18,0,8,0,0,0,0,2,1,6,1,86,11,1229,1,11,-1,-1,-1
2017331705119,1,9,0,18,0,2,0,0,0,0,1,1,6,3,-1,-1,-1,-1,-1,-1,-1,-1
2017331705121,1,9,0,18,0,0,0,0,0,0,1,1,6,1,34,6,-1,-1,-1,-1,-1,-1
2017331705121,2,9,0,18,0,0,0,0,0,0,2,1,6,1,36,7,1799,1,9,-1,-1,-1
2017331705122,1,21,0,18,0,0,0,0,0,0,0,1,6,3,-1,-1,12740,2,7,-1,-1,-1
2017331705122,2,9,0,18,0,0,0,0,0,0,1,1,6,2,44,7,1598,1,11,-1,-1,-1
2017331705122,3,9,0,18,0,0,0,0,0,0,1,1,6,2,38,7,1461,2,7,-1,-1,-1
2017331705122,4,9,0,18,0,0,0,0,0,0,1,1,6,1,28,6,1461,2,3,-1,-1,-1
2017331705124,1,9,0,18,0,0,0,0,0,0,1,1,6,2,74,10,1995,2,4,-1,-1,-1
2017331705124,2,9,0,18,0,0,0,0,0,0,1,1,6,2,22,5,1229,1,11,-1,-1,-1
2017331705125,1,9,0,18,0,0,0,0,0,0,1,1,6,1,-1,-1,1598,1,14,-1,-1,-1
2017331705125,2,19,0,18,0,0,0,0,0,0,1,1,6,1,23,5,1968,2,4,-1,-1,-1
2017331705129,1,9,0,18,0,0,0,0,0,0,1,1,6,2,19,4,998,1,1,-1,-1,-1
2017331705129,2,21,0,18,0,0,0,0,0,0,1,1,6,1,62,9,12777,2,3,-1,-1,-1
2017332017011,1,9,0,1,0,1,0,0,0,0,2,1,6,1,23,5,2993,2,13,1,1,1
201734NC00207,1,9,0,18,0,0,0,10,7,0,1,1,6,1,82,11,1490,1,14,4,1,4
201734NC00207,2,19,0,18,0,0,0,0,0,0,3,1,1,1,51,8,2463,2,11,8,1,8
201734NC00207,3,9,0,18,0,0,0,0,0,0,1,1,6,2,18,4,1242,1,7,3,1,3
201734NC00207,4,9,0,18,0,0,0,0,0,0,1,1,6,1,31,6,1984,1,16,2,1,2
201734NC00327,1,9,0,18,0,8,0,0,0,0,1,1,6,1,53,8,2497,1,15,4,1,4
201734NC00347,1,9,0,9,0,8,0,0,0,0,1,1,6,1,-1,-1,1399,2,13,-1,-1,-1
201734NC00347,2,3,0,18,0,8,0,0,0,0,1,1,6,1,20,4,125,1,1,2,1,2
201734NC00577,1,9,0,9,0,8,0,0,0,0,1,1,6,1,-1,-1,1596,1,8,5,1,5
201734NC00577,2,2,0,18,0,8,0,0,0,0,1,1,2,1,35,6,49,1,3,2,1,2
201734NC00707,1,9,0,18,0,0,0,0,0,0,3,1,6,3,-1,-1,-1,-1,-1,-1,-1,-1
201734NC00777,1,9,0,18,0,0,0,0,0,0,3,1,6,1,-1,-1,1598,2,1,-1,-1,-1
201734NC00837,1,9,0,18,0,8,0,0,0,0,3,1,6,3,-1,-1,-1,-1,-1,-1,-1,-1
201734NC00927,1,9,0,18,0,0,0,0,0,0,3,1,6,1,-1,-1,1229,1,12,-1,-1,-1
201734NC00927,2,9,0,18,0,0,0,0,0,0,3,1,6,1,47,8,1798,1,8,2,1,2
201734NC00967,1,9,0,7,0,8,0,0,0,0,1,1,6,3,-1,-1,1749,1,16,-1,-1,-1
201734NC00987,1,19,0,13,0,0,1,0,7,9,2,1,6,1,58,9,1868,2,16,1,1,1
201734NC01017,1,9,0,9,0,8,0,0,0,0,1,1,6,2,68,10,1390,1,10,-1,-1,-1
201734NC01017,2,9,0,18,0,8,0,0,0,0,1,1,6,2,47,8,1598,1,12,4,1,4
201734NC01127,1,9,0,14,0,8,0,0,0,0,1,1,6,1,25,5,-1,-1,-1,-1,-1,-1
201734NC01127,2,21,0,18,0,8,0,0,0,0,1,1,6,1,-1,-1,12902,2,3,-1,-1,-1
201734NC01127,3,9,0,10,0,8,0,0,0,0,0,1,6,2,-1,-1,999,1,1,-1,-1,-1
201734NC01297,1,9,0,18,0,8,0,0,0,0,1,1,6,3,-1,-1,1910,2,9,-1,-1,-1
201734NC01297,2,2,0,18,0,8,0,0,0,0,2,1,2,1,17,4,49,1,2,6,2,6
201734NC01587,1,9,0,18,0,8,0,0,0,0,1,1,6,1,63,9,1242,1,4,6,1,6
201734NC01587,2,9,0,18,0,8,0,0,0,0,1,1,6,1,-1,-1,-1,-1,-1,-1,-1,-1
201734NC01617,1,9,0,18,0,8,0,0,0,0,4,1,6,1,-1,-1,-1,-1,-1,-1,-1,-1
201734NC01617,2,1,0,18,0,8,0,0,0,0,1,1,2,1,39,7,-1,-1,-1,1,1,1
201734NC01877,1,9,0,1,0,8,0,0,0,0,2,1,6,1,19,4,1368,1,11,1,1,1
201734NC01917,1,8,0,18,0,0,0,0,0,0,1,1,6,1,-1,-1,-1,-1,-1,-1,-1,-1
201734NC02017,1,9,0,7,0,8,0,0,0,0,4,1,6,3,-1,-1,-1,-1,-1,-1,-1,-1
201734NC02297,1,9,0,7,0,8,0,0,0,0,4,1,6,1,-1,-1,-1,-1,-1,-1,-1,-1
201734NC02297,2,2,0,8,0,8,0,0,0,0,3,1,6,1,74,10,1352,1,6,-1,-1,-1
201734NC02417,1,8,0,18,0,8,0,0,0,0,1,1,6,1,-1,-1,1997,2,10,-1,-1,-1
201734NC02417,2,8,0,3,0,8,0,0,0,0,2,1,1,1,57,9,-1,-1,-1,2,1,2
201734NC02557,1,9,0,9,0,8,0,0,0,0,1,1,6,1,44,7,1598,1,11,1,1,1
201734NC02557,2,1,0,18,0,8,0,0,0,0,1,1,6,1,17,4,-1,-1,-1,-1,-1,-1
201734NC02647,1,19,0,1,0,0,0,0,0,0,2,1,6,1,-1,-1,-1,-1,-1,-1,-1,-1
201734NC02647,2,9,0,2,0,0,0,0,0,0,1,1,6,2,35,6,1198,1,13,1,1,1
201734NC02827,1,9,0,9,0,8,0,0,0,0,4,1,6,3,-1,-1,-1,-1,-1,-1,-1,-1
201734NC02827,2,9,0,18,0,8,0,0,0,0,2,1,6,2,36,7,1349,1,3,4,1,4
201734NC02867,1,9,0,18,0,0,1,0,0,0,1,1,6,1,83,11,1339,1,11,8,3,8
201734NC02867,2,9,0,3,0,0,0,0,0,0,2,1,6,2,65,9,2494,2,5,9,1,9
201734NC02917,1,9,0,18,0,0,0,0,0,0,1,1,6,2,35,6,1998,1,9,-1,-1,-1
201734NC02917,2,1,0,18,0,0,0,0,0,0,1,1,6,1,13,3,-1,-1,-1,1,1,1
201734NC03017,1,9,0,18,0,8,0,0,0,0,1,1,2,2,38,7,1598,1,10,2,1,2
201734NC03017,2,9,0,3,0,8,0,0,0,0,2,1,6,2,38,7,1598,1,11,3,1,3
201734NC03097,1,9,0,18,0,0,0,0,0,0,3,1,6,1,54,8,2496,2,14,4,1,4
201734NC03097,2,9,0,18,0,0,0,0,0,0,1,1,2,1,58,9,1596,1,16,2,1,2
201734NC03197,1,9,0,18,0,0,0,0,7,0,1,1,6,2,44,7,1797,8,6,8,1,8
201734NC03197,2,21,0,18,0,0,0,0,0,0,1,1,6,1,67,10,-1,-1,-1,8,2,8
201734NC03237,1,3,0,18,0,8,1,0,0,0,3,1,2,1,22,5,125,1,1,6,1,6
201734NC03277,1,9,0,18,0,8,0,0,0,0,1,1,6,2,48,8,1998,2,9,1,1,1
201734NC03277,2,9,0,18,0,8,0,0,0,0,1,1,6,2,80,11,1199,1,15,5,1,5
201734NC03407,1,9,0,18,0,8,0,0,0,0,1,1,6,1,26,6,1997,2,1,-1,-1,-1
201734NC03537,1,9,0,18,0,0,0,0,0,0,1,1,6,3,-1,-1,-1,-1,-1,-1,-1,-1
201734NC03537,2,9,0,2,0,0,0,0,0,0,2,1,6,1,44,7,1796,1,14,2,1,2
201734NC03997,1,9,0,18,0,8,0,0,0,0,1,1,6,1,-1,-1,1896,2,13,-1,-1,-1
201734NC03997,2,9,0,10,0,8,0,0,0,0,3,1,1,1,18,4,1242,1,1,3,1,3
201734NC04327,1,9,0,18,0,0,0,0,0,0,1,1,2,1,22,5,998,1,13,9,1,9
201734NC04327,2,9,0,3,0,0,0,0,0,0,2,1,2,1,52,8,2191,2,1,7,1,7
201734NC04327,3,9,0,3,0,0,0,0,0,0,2,1,2,1,50,8,-1,-1,-1,6,2,6
201734NC04327,4,9,0,3,0,0,0,0,0,0,2,1,2,1,46,8,1956,2,1,6,1,6
201734NC04437,1,5,0,18,0,0,0,0,0,0,4,1,2,2,35,6,471,1,1,2,1,2
201734NC04437,2,3,0,2,0,0,0,0,0,0,3,1,2,1,40,7,124,1,16,5,1,5
201734NC04437,3,9,0,2,0,0,0,0,0,0,3,1,2,1,52,8,-1,-1,-1,10,3,10
201734NC04487,1,9,0,18,0,8,0,0,0,0,3,1,6,1,62,9,-1,-1,-1,7,1,7
201734NC04487,2,9,0,18,0,8,0,0,0,0,1,1,6,2,40,7,1998,2,9,8,1,8
201734NC04607,1,9,0,18,0,8,0,0,0,0,1,1,6,2,59,9,1997,2,9,7,2,7
201734NC04607,2,9,0,18,0,8,0,0,0,0,1,1,2,2,35,6,1200,1,-1,4,1,4
201734NC04607,3,9,0,18,0,8,0,0,0,0,2,1,6,1,31,6,999,1,9,9,2,9
201734NC04667,1,90,0,18,0,8,0,0,0,0,1,1,6,1,11,3,-1,-1,-1,5,1,5
201734NC04667,2,9,0,18,0,8,0,0,0,0,4,1,3,2,40,7,1910,2,7,2,1,2
201734NC04687,1,9,0,18,0,0,0,0,0,0,4,1,2,2,42,7,1560,2,5,8,1,8
201734NC04697,1,8,0,18,0,8,0,0,0,0,3,1,1,1,67,10,1997,2,2,-1,-1,-1
201734NC04697,2,1,0,18,0,8,0,0,0,0,1,1,6,1,50,8,-1,-1,-1,5,1,5
201734NC04757,1,9,0,18,0,8,0,0,0,0,1,1,6,1,55,8,3498,1,13,5,1,5
201734NC04757,2,1,0,18,0,8,0,0,0,0,1,1,6,1,7,2,-1,-1,-1,8,1,8
201734NC04777,1,9,0,18,0,8,0,0,0,0,1,1,2,2,43,7,-1,-1,-1,10,1,10
201734NC04777,2,1,0,18,0,8,0,0,0,0,1,1,6,2,57,9,-1,-1,-1,2,1,2
201734NC04817,1,9,0,9,0,8,0,0,0,0,1,1,6,1,42,7,-1,-1,-1,2,1,2
201734NC04817,2,1,0,18,4,8,0,0,0,0,3,1,6,1,46,8,-1,-1,-1,1,1,1
201734NC05197,1,9,0,1,0,0,0,0,0,0,2,1,6,1,68,10,1598,1,12,7,2,7
201734NC05197,2,1,0,14,0,0,0,0,0,0,1,1,6,1,38,7,-1,-1,-1,4,1,4
201734NC05427,1,9,0,18,0,8,0,0,0,0,1,1,2,1,26,6,1596,1,7,3,1,3
201734NC05427,2,1,0,18,0,8,0,0,0,0,3,1,6,1,8,2,-1,-1,-1,-1,-1,-1
201734NC05457,1,9,0,1,0,8,0,0,0,0,2,1,1,1,49,8,-1,-1,-1,3,1,3
201734NC05457,2,1,0,18,0,8,0,0,0,0,1,1,6,2,35,6,-1,-1,-1,5,1,5
201734NC05527,1,19,0,16,0,0,1,0,0,0,1,1,1,1,42,7,2178,2,14,4,1,4
201734NC05527,2,9,0,17,0,0,0,0,0,0,1,1,6,2,51,8,2497,2,19,7,3,7
201734NC05567,1,1,0,18,0,0,0,0,0,0,1,1,6,1,18,4,-1,-1,-1,-1,-1,-1
201734NC05567,2,9,0,18,0,0,0,0,0,0,1,1,6,2,40,7,899,1,2,3,1,3
201734NC05617,1,9,0,13,0,0,0,0,0,0,1,1,6,2,-1,-1,1596,1,15,-1,-1,-1
201734NC05617,2,9,0,3,0,0,0,0,0,0,2,1,6,1,24,5,1242,1,14,-1,-1,-1
201734NC05947,1,9,0,18,0,0,0,0,0,0,4,1,6,1,-1,-1,-1,-1,-1,-1,-1,-1
201734NC06027,1,9,0,18,0,0,0,0,0,0,2,1,6,1,-1,-1,-1,-1,-1,-1,-1,-1
201734NC06027,2,1,0,18,0,0,0,0,0,0,1,1,6,2,10,2,-1,-1,-1,8,1,8
201734NC06057,1,9,0,18,0,8,0,0,0,0,2,1,3,1,19,4,998,1,9,8,3,8
201734NC06057,2,1,0,18,0,8,0,0,0,0,1,1,6,1,17,4,-1,-1,-1,2,1,2
201734NC06137,1,9,0,7,0,8,0,0,0,0,1,1,6,1,-1,-1,1997,2,8,-1,-1,-1
201734NC06137,2,9,0,9,0,8,0,0,0,0,1,1,6,1,23,5,1999,1,12,7,3,7
201734NC06257,1,9,0,18,0,8,0,0,0,0,1,1,6,2,27,6,899,1,3,7,1,7
201734NC06347,1,9,0,18,0,8,0,0,0,0,1,1,6,1,73,10,1596,1,6,1,1,1
201734NC06347,2,3,0,18,0,8,0,0,0,0,1,1,1,1,45,7,-1,-1,-1,-1,-1,-1
201734NC06517,1,9,0,6,0,0,0,0,0,0,1,1,2,1,24,5,1796,1,8,9,2,9
201734NC06517,2,3,0,13,0,0,0,0,0,0,1,1,6,1,19,4,125,1,1,5,1,5
201734NC06607,1,21,1,18,0,0,1,0,0,0,1,1,1,1,47,8,10837,2,1,9,2,9
201734NC06607,2,9,0,3,0,0,0,0,0,0,2,1,6,2,22,5,1242,1,13,4,1,4
201734NC06607,3,9,0,3,0,0,0,0,0,0,2,1,6,2,27,6,1200,1,2,8,1,8
201734NC06617,1,9,0,9,0,8,0,0,0,0,1,1,2,2,24,5,1198,1,14,3,1,3
201734NC06617,2,9,0,18,0,8,0,0,0,0,1,1,6,1,77,11,1242,1,1,3,1,3
201734NC06747,1,5,0,18,0,0,0,0,0,0,1,1,6,1,-1,-1,125,1,10,-1,-1,-1
201734NC06747,2,9,0,3,0,0,0,0,0,0,2,1,6,1,18,4,1229,1,2,4,1,4
201734NC06907,1,3,0,18,0,8,0,0,0,0,1,1,6,1,26,6,124,1,11,-1,-1,-1
201734NC06907,2,9,0,18,0,8,0,0,0,0,4,1,6,1,50,8,1598,1,14,-1,-1,-1
201734NC06947,1,9,0,18,0,8,0,0,0,0,4,1,6,2,-1,-1,1248,2,10,3,1,3
201734NC07117,1,90,0,18,0,8,0,0,0,0,1,1,6,1,-1,-1,-1,-1,-1,-1,-1,-1
201734NC07207,1,9,0,18,0,8,0,0,0,0,1,1,6,2,58,9,1988,1,14,4,1,4
201734NC07207,2,9,0,18,0,8,0,0,0,0,4,1,6,3,-1,-1,1968,2,10,-1,-1,-1
201734NC07237,1,19,0,18,0,8,0,0,0,0,1,1,1,2,24,5,1968,2,1,3,1,3
201734NC07237,2,9,0,3,0,8,0,0,0,0,2,1,1,2,35,6,1198,1,3,3,1,3
201734NC07247,1,9,0,18,0,8,0,0,0,0,1,1,6,3,-1,-1,-1,-1,-1,-1,-1,-1
201734NC07247,2,9,0,9,0,8,0,0,0,0,3,1,2,2,28,6,1597,2,3,1,1,1
201734NC07517,1,9,0,18,0,0,1,10,2,0,1,1,6,3,-1,-1,2793,1,19,-1,-1,-1
201734NC07517,2,9,0,14,0,0,0,0,0,0,1,1,6,1,54,8,2494,1,14,2,1,2
201734NC07517,3,9,0,3,0,0,0,0,0,0,3,1,6,3,-1,-1,1386,1,13,-1,-1,-1
201734NC07517,4,9,0,2,0,0,0,0,0,0,3,1,6,3,-1,-1,1229,1,5,-1,-1,-1
201734NC07537,1,9,0,18,0,0,0,0,0,0,1,1,6,2,18,4,1242,1,14,5,1,5
201734NC07537,2,1,0,18,0,0,0,0,0,0,1,1,6,2,33,6,-1,-1,-1,5,1,5
201734NC07577,1,21,2,18,0,8,0,0,0,0,1,1,1,1,35,6,12809,2,4,1,1,1
201734NC07577,2,19,4,3,0,8,0,0,0,0,2,1,1,1,22,5,3000,2,6,8,3,8
201734NC07937,1,9,0,18,0,0,0,0,0,0,4,1,6,3,-1,-1,1360,1,11,-1,-1,-1
201734NC08147,1,9,0,18,0,0,0,0,0,0,1,1,6,3,-1,-1,-1,-1,-1,-1,-1,-1
201734NC08147,2,5,0,18,0,0,0,0,0,0,2,1,6,1,36,7,636,1,1,7,1,7
201734NC08217,1,9,0,18,0,8,0,0,0,0,4,1,6,2,29,6,1390,1,6,6,1,6
201734NC08217,2,9,0,9,0,8,0,0,0,0,1,1,6,2,36,7,1984,1,13,-1,-1,-1
201734NC08457,1,9,0,16,0,8,0,0,0,0,1,1,2,2,52,8,1368,1,9,2,1,2
201734NC08757,1,8,0,18,0,0,0,0,0,0,4,1,1,1,58,9,1997,2,10,3,1,3
201734NC09237,1,9,0,18,0,8,0,0,0,0,1,1,6,1,-1,-1,-1,-1,-1,-1,-1,-1
201734NC09237,2,1,0,18,0,8,0,0,0,0,4,1,2,1,37,7,-1,-1,-1,4,1,4
201734NC09277,1,9,0,18,0,0,0,0,0,0,1,1,6,1,18,4,998,1,2,9,3,9
201734NC09277,2,21,0,2,0,0,0,0,0,0,2,1,6,3,-1,-1,12419,2,4,-1,-1,-1