Accident_Index,Vehicle_Reference,Vehicle_Type,Towing_and_Articulation,Vehicle_Manoeuvre,Vehicle_Location-Restricted_Lane,Junction_Location,Skidding_and_Overturning,Hit_Object_in_Carriageway,Vehicle_Leaving_Carriageway,Hit_Object_off_Carriageway,1st_Point_of_Impact,Was_Vehicle_Left_Hand_Drive?,Journey_Purpose_of_Driver,Sex_of_Driver,Age_of_Driver,Age_Band_of_Driver,Engine_Capacity_(CC),Propulsion_Code,Age_of_Vehicle,Driver_IMD_Decile,Driver_Home_Area_Type,Vehicle_IMD_Decile
201734NK02437,1,9,0,18,0,8,0,0,0,0,1,1,6,3,-1,-1,1149,1,10,-1,-1,-1
201734NK02437,2,9,0,18,0,8,0,0,0,0,3,1,6,2,38,7,1910,2,6,2,1,2
201734NK02437,3,9,0,2,0,8,0,0,0,0,2,1,6,1,35,6,1587,1,12,2,1,2
201734NK02437,4,9,0,2,0,8,0,0,0,0,3,1,6,3,-1,-1,1587,1,10,-1,-1,-1
201734NK02437,5,19,0,2,0,8,0,0,0,0,2,1,6,3,-1,-1,-1,-1,-1,-1,-1,-1
201734NK02517,1,19,0,6,0,0,0,0,0,0,1,1,6,3,-1,-1,-1,-1,-1,-1,-1,-1
201734NK02517,2,9,0,3,0,0,0,0,0,0,2,1,2,2,43,7,1560,2,4,6,2,6
201734NK02517,3,9,0,3,0,0,0,0,0,0,2,1,6,1,-1,-1,1598,1,12,-1,-1,-1
201734NK02537,1,9,0,18,0,8,0,0,0,0,4,1,6,3,-1,-1,-1,-1,-1,-1,-1,-1
201734NK02697,1,9,0,18,0,8,0,0,0,0,4,1,2,1,50,8,2148,2,13,6,1,6
201734NK02697,2,1,0,18,0,8,0,0,0,0,1,1,6,1,45,7,-1,-1,-1,-1,-1,-1
201734NK02777,1,9,0,18,0,8,0,0,0,0,0,1,6,3,-1,-1,-1,-1,-1,-1,-1,-1
201734NK02777,2,1,0,18,0,8,0,0,0,0,0,1,6,1,12,3,-1,-1,-1,8,1,8
201734NK02887,1,9,0,18,0,8,0,0,0,0,1,1,6,1,36,7,1995,2,6,8,1,8
201734NK02887,2,9,0,3,0,8,0,0,0,0,2,1,6,2,27,6,2143,2,2,6,2,6
201734NK02887,3,9,0,3,0,8,0,0,0,0,2,1,6,2,36,7,1499,2,3,6,1,6
201734NK03007,1,9,0,3,0,8,0,0,0,0,2,1,6,2,50,8,1598,1,15,5,1,5
201734NK03007,2,9,0,18,0,8,0,0,0,0,1,1,6,1,-1,-1,-1,-1,-1,-1,-1,-1
201734NK03037,1,21,0,1,0,0,0,0,0,0,2,2,6,1,-1,-1,-1,-1,-1,-1,-1,-1
201734NK03037,2,9,0,2,0,0,0,0,0,0,1,1,1,2,29,6,1461,2,2,9,2,9
201734NK03057,1,9,0,18,0,0,0,0,0,0,4,1,6,3,-1,-1,-1,-1,-1,-1,-1,-1
201734NK03157,1,9,0,16,0,0,0,0,7,0,1,1,6,1,23,5,1124,1,18,2,1,2
201734NK03157,2,9,0,2,0,0,0,0,0,0,2,1,6,3,-1,-1,1968,2,5,-1,-1,-1
201734NK03157,3,19,0,2,0,0,0,0,0,0,2,1,6,3,-1,-1,2198,2,3,-1,-1,-1
201734NK03167,1,3,0,15,0,8,0,0,0,0,1,1,2,1,20,4,125,1,4,8,1,8
201734NK03167,2,9,0,10,0,8,0,0,0,0,4,1,6,1,28,6,1799,1,8,2,1,2
201734NK03177,1,9,0,18,0,8,0,0,0,0,1,1,6,1,50,8,1999,1,15,1,1,1
201734NK03177,2,9,0,18,0,8,0,0,0,0,4,1,1,1,29,6,1686,2,5,1,1,1
201734NK03497,1,9,0,18,0,8,0,0,0,0,4,1,1,2,48,8,1398,1,10,2,1,2
201734NK03557,1,9,0,18,0,0,0,0,0,0,0,-1,1,2,71,10,1596,1,10,-1,-1,-1
201734NK03637,1,21,0,18,0,0,0,0,0,0,1,1,1,1,55,8,12740,2,4,9,1,9
201734NK03637,2,9,0,18,0,0,0,0,0,0,2,1,6,2,54,8,998,1,-1,8,1,8
201734NK03647,1,9,0,17,0,8,0,0,0,0,1,1,2,1,57,9,1496,2,1,-1,-1,-1
201734NK03647,2,1,0,16,0,8,0,0,0,0,3,1,6,1,45,7,-1,-1,-1,7,2,7
201734NK03687,1,9,0,18,0,8,0,0,0,0,1,1,6,2,85,11,1796,1,17,6,2,6
201734NK03687,2,9,0,18,0,8,0,0,0,0,1,1,6,1,35,6,1596,1,15,3,1,3
201734NK03687,3,9,0,18,0,8,0,0,0,0,1,1,6,1,35,6,1798,1,17,1,1,1
201734NK03767,1,19,0,18,0,8,0,0,0,0,1,1,6,1,62,9,-1,-1,-1,-1,-1,-1
201734NK03767,2,1,0,18,0,8,0,0,0,0,3,1,6,1,11,3,-1,-1,-1,9,1,9
201734NK03777,1,9,0,9,0,8,0,0,0,0,1,1,6,1,86,11,1360,1,14,8,1,8
201734NK03777,2,9,0,18,0,8,0,0,0,0,1,1,6,1,80,11,1397,1,15,-1,-1,-1
201734NK03777,3,9,0,9,0,8,0,0,0,0,1,1,6,2,46,8,-1,-1,-1,-1,-1,-1
201734NK03787,1,19,0,12,0,0,1,0,0,0,3,1,2,1,55,8,1995,2,5,-1,-1,-1
201734NK03787,2,9,0,12,0,0,1,0,0,0,4,1,2,1,63,9,1242,1,14,2,1,2
201734NK03957,1,9,0,9,0,8,0,0,0,0,4,1,6,2,-1,-1,-1,-1,-1,-1,-1,-1
201734NK03957,2,1,0,18,0,8,0,0,0,0,1,1,2,1,19,4,-1,-1,-1,8,1,8
201734NK03987,1,9,0,18,0,8,0,0,0,0,1,1,6,3,-1,-1,1997,1,10,-1,-1,-1
201734NK03987,2,9,0,18,0,8,0,0,0,0,1,1,2,1,50,8,1686,2,10,3,1,3
201734NK04067,1,9,0,18,0,0,0,0,0,0,1,1,6,2,21,5,1796,1,13,-1,-1,-1
201734NK04067,2,9,0,3,0,0,0,0,0,0,2,1,6,2,24,5,1299,1,13,3,2,3
201734NK04297,1,9,0,18,0,8,0,0,0,0,1,1,6,1,58,9,1598,1,7,3,1,3
201734NK04297,2,3,0,18,0,8,0,0,0,0,1,1,2,1,19,4,124,1,-1,8,1,8
201734NK04307,1,9,0,18,0,8,0,0,0,0,1,1,6,2,46,8,999,1,2,8,1,8
201734NK04307,2,9,0,3,0,8,0,0,0,0,2,1,6,1,46,8,1997,2,4,9,1,9
201734NK04337,1,9,0,18,0,0,1,0,0,0,1,1,2,1,38,7,-1,-1,-1,7,1,7
201734NK04407,1,19,0,7,0,8,0,0,0,0,1,1,1,1,51,8,-1,-1,-1,4,2,4
201734NK04407,2,11,0,18,0,8,0,0,0,0,3,1,1,1,51,8,3900,2,11,4,2,4
201734NK04447,1,9,0,16,0,0,0,0,0,0,1,1,6,1,-1,-1,1299,1,16,-1,-1,-1
201734NK04447,2,9,0,17,0,0,0,0,0,0,1,1,2,2,19,4,1398,1,-1,9,1,9
201734NK04497,1,9,0,18,0,0,0,0,7,0,1,1,6,1,27,6,1796,1,12,3,1,3
201734NK04567,1,9,0,11,0,0,0,0,0,0,4,1,2,1,38,7,2497,2,10,-1,-1,-1
201734NK04567,2,5,0,18,0,0,0,0,0,0,3,1,2,1,58,9,385,1,16,5,2,5
201734NK04577,1,9,0,18,0,8,0,0,0,0,1,1,6,1,20,4,999,1,14,5,2,5
201734NK04577,2,9,0,3,0,8,0,0,0,0,2,1,6,2,35,6,1398,1,2,8,3,8
201734NK04707,1,9,0,18,0,8,0,0,0,0,4,1,6,1,82,11,1229,1,7,5,1,5
201734NK04727,1,19,0,18,0,0,0,0,0,0,1,1,1,1,41,7,1968,2,1,-1,-1,-1
201734NK04727,2,9,0,3,0,0,0,0,0,0,2,1,3,2,37,7,995,1,9,1,1,1
201734NK04727,3,9,0,3,0,0,0,0,0,0,1,1,6,1,57,9,1598,2,2,3,2,3
201734NK04807,1,9,0,18,0,0,0,0,0,0,1,1,6,1,80,11,1984,1,23,8,1,8
201734NK04807,2,9,0,18,0,0,0,0,0,0,2,1,6,1,50,8,-1,-1,-1,9,1,9
201734NK04867,1,9,0,18,0,8,0,0,0,0,4,1,3,2,35,6,1086,1,10,1,1,1
201734NK04967,1,9,0,18,0,8,0,0,0,0,1,1,6,3,-1,-1,2664,2,15,-1,-1,-1
201734NK04967,2,9,0,18,0,8,0,0,0,0,4,1,6,2,21,5,1493,2,9,-1,-1,-1
201734NK05157,1,9,0,18,0,8,0,0,0,0,1,1,6,1,-1,-1,-1,-1,-1,-1,-1,-1
201734NK05157,2,3,0,10,0,8,0,0,0,0,2,1,6,1,17,4,-1,-1,-1,2,1,2
201734NK05317,1,9,0,16,0,0,0,0,0,0,2,1,6,1,-1,-1,2401,2,15,-1,-1,-1
201734NK05317,2,3,0,18,0,0,0,0,0,0,1,1,2,1,25,5,125,1,2,5,1,5
201734NK05317,3,9,0,17,0,0,0,0,0,0,0,1,6,1,-1,-1,4200,1,10,-1,-1,-1
201734NK05317,4,16,0,18,0,0,0,0,0,0,0,1,6,2,-1,-1,-1,-1,-1,-1,-1,-1
201734NK05447,1,19,0,9,0,8,0,0,0,0,1,1,6,2,27,6,1560,2,1,1,1,1
201734NK05447,2,9,0,18,0,8,0,0,1,0,1,1,6,1,32,6,2967,2,1,3,1,3
201734NK05447,3,9,0,8,0,8,0,0,0,0,1,1,6,2,72,10,1386,1,4,10,2,10
201734NK05517,1,9,0,18,0,8,0,0,0,0,1,1,6,1,31,6,1496,2,2,8,1,8
201734NK05517,2,9,0,18,0,8,0,0,0,0,1,1,6,1,47,8,1998,1,-1,8,3,8
201734NK05577,1,9,0,9,0,8,0,0,0,0,1,1,6,1,37,7,1339,1,14,4,1,4
201734NK05577,2,9,0,18,0,8,0,0,0,0,1,1,2,2,44,7,1124,1,14,1,1,1
201734NK05847,1,11,0,16,0,8,0,0,0,0,4,1,1,1,-1,-1,9000,2,6,-1,-1,-1
201734NK05907,1,9,0,18,0,8,0,0,0,0,1,1,6,2,-1,-1,-1,-1,-1,-1,-1,-1
201734NK05907,2,9,0,10,0,8,0,0,0,0,2,1,6,1,26,6,-1,-1,-1,3,2,3
201734NK06017,1,9,0,18,0,0,0,0,0,0,4,1,6,2,-1,-1,1598,1,17,-1,-1,-1
201734NK06117,1,3,0,18,0,8,0,10,7,1,1,1,6,1,29,6,125,1,16,1,1,1
201734NK06207,1,8,0,18,0,8,0,0,0,0,1,1,1,1,44,7,1896,2,7,3,1,3
201734NK06207,2,9,0,18,0,8,0,0,0,0,1,1,2,2,30,6,1398,2,12,-1,-1,-1
201734NK06267,1,9,0,18,0,8,1,0,1,3,1,1,6,2,24,5,1598,1,13,3,1,3
201734NK06287,1,9,0,18,0,0,0,0,0,0,4,1,6,2,22,5,1242,1,11,1,1,1
201734NK06307,1,9,0,17,0,0,0,0,0,0,4,1,6,3,-1,-1,1997,2,12,-1,-1,-1
201734NK06307,2,9,0,2,0,0,0,0,0,0,0,1,6,3,-1,-1,1240,1,12,-1,-1,-1
201734NK06387,1,9,0,17,0,0,0,0,0,0,0,1,1,1,20,4,-1,-1,-1,-1,-1,-1
201734NK06407,1,5,0,14,0,8,0,0,0,0,1,1,2,1,21,5,498,1,21,3,1,3
201734NK06407,2,9,0,9,0,8,0,0,0,0,3,1,2,2,53,8,1753,2,16,2,1,2
201734NK06457,1,9,0,18,0,8,0,0,0,0,1,1,6,2,56,9,1598,2,1,9,2,9
201734NK06457,2,9,0,10,0,8,0,0,0,0,2,1,1,2,53,8,998,1,1,8,1,8
201734NK06487,1,9,0,9,0,8,0,0,0,0,1,1,6,2,23,5,1299,1,18,1,1,1
201734NK06487,2,5,0,18,0,8,2,0,0,0,1,1,6,2,39,7,599,1,16,-1,-1,-1
201734NK06587,1,9,0,18,0,8,0,0,0,0,1,1,6,1,78,11,1998,1,5,8,3,8
201734NK06587,2,9,0,18,0,8,0,0,0,0,1,1,6,2,43,7,-1,-1,-1,10,1,10
201734NK06647,1,9,0,18,0,0,0,0,0,0,1,1,6,1,-1,-1,-1,-1,-1,-1,-1,-1
201734NK06647,2,1,0,18,0,0,0,0,0,0,1,1,6,1,44,7,-1,-1,-1,1,1,1
201734NK06737,1,9,0,18,0,0,0,0,0,0,0,1,6,3,-1,-1,-1,-1,-1,-1,-1,-1
201734NK06737,2,1,0,18,0,0,0,0,0,0,0,1,6,1,50,8,-1,-1,-1,8,2,8
201734NK06787,1,9,0,13,0,0,0,0,0,0,3,1,6,3,-1,-1,-1,-1,-1,-1,-1,-1
201734NK06787,2,9,0,18,0,0,0,0,7,6,4,1,2,1,47,8,1461,2,4,3,1,3
201734NK06827,1,21,1,13,0,0,0,0,0,0,1,1,1,1,-1,-1,12777,2,9,4,2,4
201734NK06827,2,17,0,18,0,0,0,0,1,0,2,1,1,1,69,10,-1,2,20,6,3,6
201734NK06837,1,9,0,18,0,8,0,0,0,0,1,1,6,2,42,7,1560,2,6,6,3,6
201734NK06837,2,9,0,10,0,8,0,0,0,0,2,1,6,2,41,7,-1,-1,-1,6,3,6
201734NK06897,1,9,0,18,0,7,0,0,0,0,2,1,6,1,38,7,1198,1,10,3,2,3
201734NK06897,2,9,0,18,0,7,0,0,0,0,1,1,6,1,21,5,1497,8,6,4,3,4
201734NK07037,1,9,0,18,0,8,0,0,0,0,1,1,6,1,21,5,1242,1,11,3,1,3
201734NK07037,2,9,0,18,0,8,0,0,0,0,4,1,6,1,50,8,2198,1,14,1,1,1
201734NK07077,1,21,1,18,0,0,1,0,0,0,1,2,1,1,60,9,-1,-1,-1,-1,-1,-1
201734NK07077,2,9,0,18,0,0,0,0,0,0,3,1,1,2,66,10,1560,2,5,10,1,10
201734NK07097,1,9,0,18,0,8,0,0,0,0,3,1,6,2,23,5,1368,1,9,8,2,8
201734NK07097,2,1,0,18,0,8,0,0,0,0,1,1,6,1,23,5,-1,-1,-1,7,2,7
201734NK07187,1,9,0,18,0,8,0,0,0,0,1,1,6,1,-1,-1,1910,2,10,-1,-1,-1
201734NK07187,2,9,0,3,0,8,0,0,0,0,2,1,6,2,49,8,1149,1,16,1,1,1
201734NK07277,1,9,0,14,0,0,0,0,0,0,4,1,3,2,41,7,1598,1,4,8,1,8
201734NK07287,1,9,0,9,0,6,0,0,0,0,1,1,6,3,-1,-1,-1,-1,-1,-1,-1,-1
201734NK07287,2,9,0,9,0,5,0,0,0,0,1,1,6,1,78,11,-1,-1,-1,2,1,2
201734NK07297,1,9,0,18,0,8,0,0,0,0,1,1,6,1,85,11,1339,1,9,5,1,5
201734NK07297,2,1,0,9,0,8,0,0,0,0,1,1,4,1,15,3,-1,-1,-1,5,1,5
201734NK07377,1,8,0,18,0,8,0,0,0,0,1,1,6,2,17,4,1086,1,10,8,2,8
201734NK07377,2,9,0,18,0,8,0,0,0,0,1,1,6,1,40,7,1560,2,12,5,1,5
201734NK07387,1,9,0,18,0,0,0,0,0,0,4,1,6,1,-1,-1,2926,2,16,-1,-1,-1
201734NK07387,2,1,0,18,0,0,0,0,0,0,4,1,6,1,60,9,-1,-1,-1,-1,-1,-1
201734NK07687,1,9,0,18,0,0,0,0,0,0,1,1,6,2,73,10,-1,-1,-1,-1,-1,-1
201734NK07687,2,9,3,6,0,0,0,0,0,0,1,1,6,1,49,8,1499,2,2,-1,-1,-1
201734NK07687,3,21,0,3,0,0,0,0,0,0,2,1,1,1,61,9,12900,2,9,-1,-1,-1
201734NK07717,1,9,0,-1,0,8,0,0,0,0,1,1,6,1,-1,-1,-1,-1,-1,-1,-1,-1
201734NK07717,2,1,0,-1,0,8,0,0,0,0,1,1,1,2,49,8,-1,-1,-1,2,1,2
201734NK07727,1,21,0,18,0,8,0,0,0,0,4,1,1,1,46,8,12740,2,1,2,1,2
201734NK07787,1,9,0,18,0,8,0,0,0,0,1,1,6,2,55,8,-1,-1,-1,1,1,1
201734NK07897,1,19,0,18,0,8,0,0,0,0,1,1,6,1,-1,-1,-1,-1,-1,-1,-1,-1
201734NK07897,2,9,0,6,0,8,0,0,0,0,2,1,1,2,51,8,-1,-1,-1,-1,-1,-1
201734NK07987,1,9,0,7,0,8,0,0,0,0,1,1,3,2,-1,-1,-1,-1,-1,-1,-1,-1
201734NK07987,2,1,0,18,0,8,0,0,0,0,4,1,6,1,10,2,-1,-1,-1,-1,-1,-1
201734NK08017,1,9,0,18,0,0,0,0,0,0,1,1,6,3,-1,-1,-1,-1,-1,-1,-1,-1
201734NK08017,2,3,0,18,0,0,0,0,0,0,2,1,6,1,19,4,125,1,2,-1,-1,-1
201734NK08177,1,9,0,18,0,8,0,0,0,0,1,1,6,1,69,10,1796,1,16,10,1,10
201734NK08177,2,9,0,3,0,8,0,0,0,0,2,1,3,2,23,5,1197,1,-1,-1,-1,-1
201734NK08277,1,9,0,9,0,8,0,0,0,0,1,1,6,1,18,4,1896,2,13,3,1,3
201734NK08277,2,5,0,18,0,8,0,0,0,0,1,1,6,1,24,5,675,1,4,7,3,7
201734NK08397,1,9,0,18,0,0,0,0,0,0,4,1,6,1,52,8,1796,1,5,10,1,10
201734NK08397,2,1,0,18,0,0,0,0,0,0,1,1,6,1,11,3,-1,-1,-1,-1,-1,-1
201734NK08417,1,1,0,18,0,8,0,0,0,0,1,1,4,2,14,3,-1,-1,-1,-1,-1,-1
201734NK08417,2,9,0,18,0,8,0,0,0,0,4,1,3,2,40,7,1229,1,10,2,1,2
201734NK08497,1,9,0,18,0,0,0,0,0,0,3,1,1,2,44,7,1968,2,3,10,1,10
201734NK08497,2,5,0,13,0,0,0,0,0,0,1,1,1,1,45,7,-1,-1,-1,7,3,7
201734NK08517,1,9,0,18,0,7,5,0,7,0,1,1,2,2,52,8,1198,1,3,4,2,4
201734NK08517,2,9,0,3,0,7,0,0,0,0,3,1,1,2,22,5,1364,1,10,4,2,4
201734NK08517,3,9,0,18,0,1,0,0,0,0,4,1,6,1,53,8,2191,2,1,8,1,8
201734NK08697,1,9,0,18,0,8,1,0,0,0,1,1,6,1,30,6,1598,1,12,2,1,2
201734NK08697,2,8,0,18,0,8,0,0,0,0,2,1,1,2,35,6,1598,2,3,9,1,9
201734NK08717,1,11,0,18,0,0,0,0,0,0,1,1,1,1,-1,-1,-1,-1,-1,-1,-1,-1
201734NK08717,2,19,0,4,0,0,0,0,0,0,0,1,6,3,-1,-1,-1,-1,-1,-1,-1,-1
201734NK08797,1,9,0,18,0,8,1,0,0,0,1,1,6,2,20,4,1598,1,-1,1,1,1
201734NK08797,2,9,0,18,0,8,0,4,8,3,4,1,6,2,53,8,2720,2,10,3,1,3
201734NK08797,3,9,0,2,0,8,0,0,0,0,2,1,6,1,-1,-1,1968,2,4,1,1,1
201734NK08807,1,5,0,18,0,8,0,7,7,11,1,1,6,1,34,6,599,1,16,5,1,5
201734NK08817,1,9,0,11,0,8,0,0,0,0,4,1,6,1,-1,-1,1995,2,9,-1,-1,-1
201734NK08817,2,9,0,17,0,8,0,0,0,0,1,1,2,1,37,7,1796,7,14,3,1,3
201734NK08887,1,19,0,18,0,8,0,0,0,0,1,1,1,1,37,7,2143,2,6,-1,-1,-1
201734NK08887,2,9,0,3,0,8,0,0,0,0,2,1,6,1,58,9,-1,-1,-1,-1,-1,-1
201734NK09027,1,9,0,18,0,0,0,0,0,0,4,1,6,1,-1,-1,1998,1,12,-1,-1,-1
201734NK09027,2,1,0,18,0,0,0,0,1,0,2,1,6,1,29,6,-1,-1,-1,5,1,5
201734NK09047,1,9,0,18,0,8,0,0,0,0,1,1,1,1,42,7,-1,-1,-1,2,1,2
201734NK09047,2,3,0,3,0,8,0,0,0,0,2,1,6,1,29,6,124,1,1,-1,-1,-1
201734NK09197,1,9,0,17,0,8,0,0,0,0,1,1,6,1,18,4,1198,1,12,6,2,6
201734NK09197,2,9,0,3,0,8,0,0,0,0,2,1,6,3,-1,-1,2494,1,13,-1,-1,-1
201734NK09197,3,9,0,4,0,8,0,0,0,0,3,1,6,3,-1,-1,1599,1,11,-1,-1,-1
201734NK09337,1,9,0,18,0,0,0,0,0,0,3,1,6,1,31,6,1968,2,6,1,1,1
201734NK09467,1,9,0,17,0,0,0,0,0,0,4,1,6,1,-1,-1,-1,-1,-1,-1,-1,-1
201734NK09647,1,3,0,18,0,8,0,10,1,0,1,1,6,1,54,8,125,1,1,-1,-1,-1
201734NK09777,1,9,0,18,0,0,0,0,0,0,1,1,6,1,-1,-1,1968,2,11,-1,-1,-1
201734NK09777,2,9,0,3,0,0,0,0,0,0,2,1,6,2,58,9,1390,1,12,-1,-1,-1
201734NK09847,1,21,0,17,0,0,0,0,0,0,4,1,1,1,52,8,-1,-1,-1,-1,-1,-1
201734NK09847,2,9,0,18,0,0,0,0,0,0,1,1,6,1,44,7,1999,1,3,-1,-1,-1
201734NK09847,3,20,0,3,0,0,0,0,0,0,0,1,6,1,-1,-1,1995,2,-1,-1,-1,-1
201734NK09977,1,9,0,18,0,8,0,0,0,0,1,1,6,2,-1,-1,1560,2,5,-1,-1,-1
201734NK09977,2,9,0,3,0,8,0,0,0,0,2,1,1,2,49,8,1364,1,7,7,3,7
201734NK10037,1,9,0,18,0,8,0,0,0,0,1,1,6,2,-1,-1,-1,-1,-1,-1,-1,-1
201734NK10037,2,9,0,18,0,8,0,0,0,0,4,1,6,2,51,8,1242,1,5,8,1,8
201734NK10107,1,9,0,18,0,0,0,0,0,0,1,1,6,2,18,4,998,1,8,8,1,8
201734NK10107,2,9,0,3,0,0,0,0,0,0,2,1,2,1,29,6,999,1,1,-1,-1,-1
201734NK10107,3,9,0,3,0,0,0,0,0,0,2,1,2,2,50,8,1248,1,5,9,1,9
201734NK10127,1,19,0,9,0,8,0,0,0,0,1,1,1,1,60,9,1997,2,3,7,2,7
201734NK10127,2,9,0,18,0,8,0,0,0,0,0,1,6,2,51,8,1368,1,9,7,3,7
201734NK10227,1,9,0,17,0,0,0,0,0,0,1,1,6,1,-1,-1,2496,1,16,-1,-1,-1
201734NK10227,2,9,0,2,0,0,0,0,0,0,2,1,6,1,49,8,1461,2,15,4,1,4
201734NK10317,1,19,0,1,0,0,0,0,0,0,2,1,1,1,35,6,2198,2,2,-1,-1,-1
201734NK10317,2,9,0,18,0,0,0,0,0,0,1,1,6,1,54,8,2362,1,15,4,1,4
201734NK10327,1,9,0,18,0,8,0,0,0,0,1,1,6,1,40,7,1560,2,6,3,1,3
201734NK10407,1,9,0,18,0,0,0,0,0,0,1,1,6,2,63,9,1329,1,4,9,1,9
201734NK10407,2,9,0,2,0,0,0,0,0,0,2,1,6,1,-1,-1,999,1,1,-1,-1,-1
201734NK10447,1,19,0,18,0,0,0,0,0,0,1,1,1,1,39,7,2402,2,11,3,1,3
201734NK10447,2,19,0,18,0,0,1,0,0,0,1,1,1,2,23,5,1560,2,3,8,1,8
201734NK10447,3,9,0,18,0,0,1,0,0,0,2,1,1,1,28,6,1984,1,5,8,2,8
201734NK10537,1,9,0,9,0,8,0,0,0,0,2,1,2,1,31,6,-1,-1,-1,10,1,10
201734NK10537,2,9,0,18,0,8,0,0,0,0,1,1,2,2,51,8,1560,2,6,8,1,8
201734NK10607,1,9,0,9,0,8,0,0,0,0,1,1,2,1,24,5,1198,1,-1,-1,-1,-1
201734NK10627,1,9,0,18,0,8,0,0,0,0,1,1,2,2,22,5,1299,1,14,5,1,5
201734NK10627,2,9,0,18,0,8,0,0,0,0,1,1,6,2,35,6,-1,-1,-1,-1,-1,-1
201734NK80387,1,9,0,18,0,0,0,0,2,0,1,1,6,1,24,5,1300,1,22,-1,-1,-1
201734NK80387,2,9,0,18,0,0,0,0,0,0,1,1,6,1,48,8,2495,2,13,-1,-1,-1
201734NW00027,1,9,0,18,0,8,0,0,0,0,1,1,6,2,89,11,1061,1,14,3,1,3
201734NW00027,2,9,0,18,0,8,0,0,0,0,1,1,6,2,20,4,1364,1,10,-1,-1,-1
201734NW00127,1,9,0,16,0,0,2,0,7,9,1,1,2,2,34,6,2143,2,1,7,3,7
201734NW00127,2,19,0,17,0,0,0,0,1,0,1,1,1,1,21,5,1399,2,7,10,1,10
201734NW00187,1,9,0,18,0,0,0,0,0,0,1,1,6,1,38,7,1587,1,15,5,1,5
201734NW00187,2,9,0,18,0,0,0,0,0,0,1,1,6,2,65,9,1399,1,1,10,2,10
201734NW00267,1,9,0,18,0,8,1,0,1,2,1,1,6,1,29,6,1997,2,8,1,1,1
201734NW00287,1,9,0,18,0,8,0,0,0,0,2,1,3,2,46,8,1198,1,6,5,1,5
201734NW00287,2,1,0,18,0,8,0,0,0,0,1,1,6,1,14,3,-1,-1,-1,1,1,1
201734NW00467,1,9,0,12,0,0,1,0,1,2,4,1,6,2,41,7,1753,2,16,4,1,4
201734NW00467,2,9,0,18,0,0,0,0,1,0,3,1,6,1,76,11,1560,2,7,9,1,9
201734NW00537,1,9,0,18,0,8,0,0,0,0,4,1,6,1,-1,-1,1598,1,13,-1,-1,-1
201734NW00747,1,9,0,13,0,0,0,0,0,0,4,1,6,2,23,5,998,1,6,3,2,3
201734NW00747,2,19,0,9,0,0,0,0,0,0,3,1,6,2,-1,-1,1248,2,4,-1,-1,-1
201734NW00857,1,9,0,13,0,8,0,10,6,6,1,1,6,1,20,4,1595,1,27,3,1,3
201734NW00857,2,9,0,18,0,8,0,0,0,0,1,1,6,1,44,7,1590,1,14,8,1,8
201734NW00917,1,9,0,18,0,8,0,0,0,0,1,1,6,3,-1,-1,1229,1,12,-1,-1,-1
201734NW00917,2,1,0,18,0,8,0,0,0,0,1,1,6,1,32,6,-1,-1,-1,-1,-1,-1
201734NW01237,1,9,0,2,0,0,0,0,0,0,2,1,6,2,-1,-1,1240,1,13,-1,-1,-1
201734NW01237,2,9,0,18,0,0,0,0,0,0,1,1,6,2,25,5,1390,1,14,8,3,8
201734NW01237,3,9,0,2,0,0,0,0,0,0,2,1,6,2,-1,-1,1398,1,3,-1,-1,-1
201734NW01327,1,9,0,18,0,8,0,0,0,0,1,1,2,1,45,7,1198,1,7,2,1,2
201734NW01327,2,3,0,18,0,8,0,0,0,0,1,1,2,1,35,6,-1,-1,-1,7,3,7
201734NW01487,1,9,0,16,0,0,1,0,1,0,1,1,2,2,17,4,1796,1,10,9,3,9
201734NW01487,2,9,0,17,0,0,0,0,0,0,1,1,6,1,65,9,2993,2,7,9,3,9
201734NW01507,1,9,0,18,0,8,0,0,0,0,4,1,6,3,-1,-1,-1,-1,-1,-1,-1,-1
201734NW01547,1,9,0,18,0,8,0,0,0,0,1,1,2,2,56,9,1587,1,10,8,1,8
201734NW01687,1,9,0,18,0,8,0,0,0,0,1,1,6,1,81,11,1242,1,11,7,1,7
201734NW01777,1,9,0,13,0,0,0,0,0,0,4,1,6,1,-1,-1,-1,-1,-1,-1,-1,-1
201734NW01777,2,9,0,18,0,0,0,0,0,0,3,1,6,1,40,7,-1,-1,-1,9,3,9
201734NW01847,1,9,0,6,0,0,0,0,0,0,1,1,6,2,39,7,-1,-1,-1,1,1,1
201734NW01847,2,9,0,18,0,0,0,0,0,0,1,1,2,2,20,4,999,1,3,2,1,2
201734NW02037,1,9,0,18,0,8,0,0,0,0,1,1,6,1,-1,-1,1998,2,15,-1,-1,-1
201734NW02037,2,9,0,18,0,8,0,0,0,0,2,1,2,1,24,5,1388,1,7,7,3,7
201734NW02037,3,9,0,18,0,8,0,0,0,0,2,1,6,1,64,9,1596,1,6,6,1,6
201734NW02037,4,9,0,18,0,8,0,0,0,0,0,1,6,1,-1,-1,-1,-1,-1,-1,-1,-1
201734NW02087,1,9,0,3,0,0,0,0,0,0,1,1,6,1,-1,-1,1598,1,19,-1,-1,-1
201734NW02087,2,9,0,3,0,0,0,0,0,0,2,1,2,2,60,9,1796,1,9,5,1,5
201734NW02097,1,19,0,18,0,0,0,0,0,0,3,1,6,1,-1,-1,-1,-1,-1,-1,-1,-1
201734NW02097,2,21,0,18,0,0,0,0,0,0,1,1,1,1,48,8,11946,2,5,8,2,8
201734NW02267,1,9,0,18,0,0,0,0,0,0,1,1,6,2,61,9,1248,2,8,4,1,4
201734NW02487,1,9,0,18,0,0,0,0,0,0,1,1,6,2,28,6,1596,1,12,2,1,2
201734NW02487,2,9,0,18,0,0,0,0,0,0,2,1,6,2,33,6,-1,-1,-1,1,1,1
201734NW02677,1,19,0,6,0,0,0,0,0,0,3,1,1,1,44,7,2198,2,10,9,1,9