Accident_Index,Vehicle_Reference,Vehicle_Type,Towing_and_Articulation,Vehicle_Manoeuvre,Vehicle_Location-Restricted_Lane,Junction_Location,Skidding_and_Overturning,Hit_Object_in_Carriageway,Vehicle_Leaving_Carriageway,Hit_Object_off_Carriageway,1st_Point_of_Impact,Was_Vehicle_Left_Hand_Drive?,Journey_Purpose_of_Driver,Sex_of_Driver,Age_of_Driver,Age_Band_of_Driver,Engine_Capacity_(CC),Propulsion_Code,Age_of_Vehicle,Driver_IMD_Decile,Driver_Home_Area_Type,Vehicle_IMD_Decile
201734NW02677,2,9,0,13,0,0,1,0,7,4,4,1,1,1,64,9,1956,2,5,5,1,5
201734NW02767,1,9,0,1,0,8,0,0,0,0,4,1,6,3,-1,-1,-1,-1,-1,-1,-1,-1
201734NW02837,1,2,0,7,0,8,0,0,0,0,1,1,6,2,18,4,50,1,10,1,1,1
201734NW02837,2,9,0,18,0,8,0,0,0,0,3,1,2,1,58,9,-1,-1,-1,3,1,3
201734NW02857,1,9,0,9,0,7,0,0,0,0,1,1,2,1,24,5,1000,1,17,9,3,9
201734NW02857,2,3,0,18,0,8,0,0,0,0,1,1,2,1,28,6,124,1,1,4,2,4
201734NW02897,1,5,0,18,0,0,0,6,7,8,1,1,6,1,26,6,599,1,8,3,3,3
201734NW02997,1,10,0,18,0,8,0,0,0,0,4,1,6,1,66,10,-1,-1,-1,3,1,3
201734NW03137,1,9,0,14,0,8,0,0,0,0,1,1,6,1,-1,-1,-1,-1,-1,-1,-1,-1
201734NW03207,1,9,0,18,0,8,0,0,0,0,1,1,4,1,27,6,1834,1,17,-1,-1,-1
201734NW03207,2,9,0,9,0,8,0,0,0,0,2,1,6,2,30,6,1598,1,7,9,2,9
201734NW03207,3,9,0,2,0,8,0,0,0,0,1,1,6,1,-1,-1,1686,2,6,5,1,5
201734NW03217,1,9,0,8,0,8,0,0,0,0,2,1,3,2,35,6,1968,2,9,1,1,1
201734NW03217,2,1,0,18,0,8,0,0,0,0,1,1,6,1,13,3,-1,-1,-1,-1,-1,-1
201734NW03287,1,19,0,9,0,8,0,0,0,0,1,1,1,1,40,7,2198,2,1,1,1,1
201734NW03287,2,9,0,18,0,8,0,0,0,0,3,1,6,2,77,11,1995,2,-1,9,1,9
201734NW03367,1,5,0,18,0,0,0,0,0,0,1,1,6,1,32,6,-1,-1,-1,9,1,9
201734NW03617,1,9,0,9,0,8,0,0,0,0,3,1,6,1,48,8,2993,2,10,4,1,4
201734NW03617,2,9,0,18,0,8,0,0,0,0,1,1,6,2,42,7,2184,2,8,6,1,6
201734NW03677,1,9,0,18,0,8,0,0,0,0,1,1,3,2,39,7,1199,1,14,1,1,1
201734NW03807,1,9,0,18,0,8,0,0,0,0,3,1,6,1,21,5,1796,1,16,1,1,1
201734NW03857,1,9,0,9,0,8,0,0,0,0,4,1,6,1,43,7,1686,2,6,3,1,3
201734NW03857,2,9,0,5,0,8,0,0,0,0,3,1,6,1,71,10,1388,1,7,3,1,3
201734NW03907,1,9,0,18,0,8,0,0,0,0,1,1,6,1,25,5,1956,2,7,2,1,2
201734NW03907,2,9,0,3,0,8,0,0,0,0,2,1,6,1,33,6,1986,2,10,4,1,4
201734NW03927,1,9,0,12,0,8,0,0,0,0,1,1,6,2,51,8,1984,1,7,6,2,6
201734NW03927,2,9,0,18,0,8,0,0,0,0,1,1,6,2,55,8,2000,1,12,2,1,2
201734NW03927,3,9,0,18,0,8,0,0,0,0,0,1,1,1,25,5,-1,-1,-1,2,1,2
201734NW04277,1,9,0,7,0,8,0,0,0,0,1,1,6,2,39,7,999,1,1,-1,-1,-1
201734NW04277,2,3,0,9,0,8,0,0,0,0,1,1,6,1,21,5,125,1,4,9,1,9
201734NW04317,1,9,0,18,0,8,0,0,0,0,1,1,2,1,45,7,2198,1,16,1,1,1
201734NW04317,2,1,0,18,0,8,0,0,0,0,2,1,6,1,39,7,-1,-1,-1,4,1,4
201734NW04367,1,9,0,18,0,8,0,0,0,0,1,1,6,1,70,10,1598,2,-1,4,1,4
201734NW04367,2,9,0,18,0,8,0,0,0,0,3,1,6,2,29,6,1968,2,3,4,1,4
201734NW04377,1,9,0,4,0,0,0,0,0,0,0,1,6,3,-1,-1,-1,-1,-1,-1,-1,-1
201734NW04377,2,11,0,18,0,0,0,0,0,0,0,1,1,1,51,8,9000,2,6,8,3,8
201734NW04387,1,19,0,18,0,8,0,0,1,11,3,1,6,1,29,6,2198,2,7,7,3,7
201734NW04387,2,9,0,18,0,8,0,0,7,11,1,1,6,1,35,6,2902,2,14,-1,-1,-1
201734NW04527,1,9,0,14,0,0,0,4,0,0,1,1,1,1,-1,-1,1598,2,1,-1,-1,-1
201734NW04527,2,9,0,18,0,0,0,4,0,0,1,1,6,1,37,7,-1,-1,-1,-1,-1,-1
201734NW04527,3,9,0,2,0,0,0,0,0,0,1,1,6,3,-1,-1,2777,2,8,-1,-1,-1
201734NW04527,4,9,0,2,0,0,0,0,0,0,1,1,6,3,-1,-1,2179,2,9,-1,-1,-1
201734NW04527,5,9,0,2,0,0,0,0,0,0,1,1,6,3,-1,-1,1796,1,15,-1,-1,-1
201734NW04587,1,9,0,18,0,8,0,0,0,0,1,1,6,1,35,6,1360,1,6,9,1,9
201734NW04597,1,9,0,18,0,0,0,0,0,0,1,1,2,2,18,4,1240,1,12,-1,-1,-1
201734NW04847,1,9,0,18,0,0,0,0,0,0,1,1,6,1,22,5,2497,2,12,-1,-1,-1
201734NW04847,2,9,0,3,0,0,0,0,0,0,1,1,6,1,56,9,2143,2,2,-1,-1,-1
201734NW04847,3,9,0,3,0,0,0,0,0,0,2,1,1,1,26,6,1968,2,5,8,2,8
201734NW04907,1,9,0,18,0,8,0,9,1,0,1,1,6,1,31,6,-1,-1,-1,9,1,9
201734NW04927,1,9,0,18,0,0,2,0,1,9,1,1,2,1,22,5,2148,2,13,4,1,4
201734NW05037,1,9,0,18,0,0,0,0,0,0,4,1,6,2,54,8,2967,2,1,5,1,5
201734NW05057,1,9,0,18,0,8,0,0,0,0,3,1,6,2,54,8,2198,1,11,1,1,1
201734NW05057,2,19,0,2,0,8,0,0,0,0,1,1,6,3,-1,-1,1560,2,4,-1,-1,-1
201734NW05107,1,11,0,18,0,0,0,0,7,2,1,1,1,2,59,9,9000,2,6,6,2,6
201734NW05107,2,9,0,18,0,0,0,0,0,0,0,1,6,1,64,9,1910,2,11,7,1,7
201734NW05107,3,9,0,18,0,0,0,0,0,0,2,1,6,2,33,6,1596,1,14,2,1,2
201734NW05127,1,9,0,16,0,0,0,0,7,11,0,1,6,1,19,4,1870,2,14,6,1,6
201734NW05207,1,3,0,18,0,0,2,0,0,0,4,1,2,1,27,6,-1,-1,-1,2,1,2
201734NW05247,1,5,0,18,0,8,0,0,1,11,4,1,6,1,48,8,689,1,-1,2,1,2
201734NW05417,1,9,0,7,0,8,0,0,0,0,1,1,6,2,41,7,1149,1,15,1,1,1
201734NW05417,2,9,0,18,0,8,0,0,0,0,1,1,6,2,67,10,1560,2,5,3,1,3
201734NW05557,1,8,0,5,0,0,0,0,0,0,0,1,1,1,-1,-1,1686,2,5,-1,-1,-1
201734NW05967,1,9,0,17,0,0,0,0,0,0,4,1,6,1,-1,-1,1596,1,12,-1,-1,-1
201734NW05967,2,9,0,16,0,0,0,0,0,0,3,1,6,2,60,9,1598,1,12,-1,-1,-1
201734NW06077,1,9,0,18,0,8,0,0,0,0,1,1,1,1,43,7,1686,2,5,2,1,2
201734NW06077,2,1,0,18,0,8,0,0,0,0,4,1,6,2,49,8,-1,-1,-1,3,1,3
201734NW06167,1,9,0,18,0,0,0,0,0,0,1,1,1,2,36,7,1799,1,11,-1,-1,-1
201734NW06167,2,9,0,14,0,0,0,0,0,0,1,1,1,2,41,7,2143,2,5,7,1,7
201734NW06167,3,9,0,18,0,0,0,0,0,0,1,1,6,1,40,7,2143,2,2,7,3,7
201734NW06247,1,5,0,13,0,8,0,0,0,0,1,1,6,1,31,6,636,1,10,-1,-1,-1
201734NW06247,2,9,0,9,0,8,0,0,0,0,1,1,6,1,35,6,1896,2,14,6,2,6
201734NW06327,1,9,0,9,0,8,0,0,0,0,1,1,6,1,-1,-1,2996,2,8,8,1,8
201734NW06327,2,9,0,18,0,8,0,0,0,0,2,1,6,2,31,6,1149,1,9,8,1,8
201734NW06507,1,9,0,18,0,0,0,0,0,0,4,1,6,1,23,5,1896,2,11,-1,-1,-1
201734NW06977,1,9,0,10,0,8,0,0,0,0,2,1,6,1,26,6,998,1,9,4,2,4
201734NW06977,2,9,0,18,0,8,0,0,0,0,1,1,1,2,50,8,1598,2,-1,10,2,10
201734NW07027,1,10,0,9,0,8,0,0,0,0,1,1,1,1,52,8,-1,-1,-1,1,1,1
201734NW07027,2,9,0,18,0,8,0,0,0,0,4,1,6,1,19,4,1341,1,12,5,1,5
201734NW07087,1,9,0,18,0,0,0,0,7,4,3,1,6,2,29,6,1868,2,18,2,1,2
201734NW07347,1,9,0,17,0,8,2,0,0,0,1,1,3,2,31,6,1364,1,8,6,2,6
201734NW07367,1,9,0,1,0,0,0,0,0,0,2,1,6,2,-1,-1,-1,-1,-1,-1,-1,-1
201734NW07367,2,1,0,18,5,0,0,0,0,0,1,1,4,1,14,3,-1,-1,-1,4,1,4
201734NW07507,1,9,0,18,0,8,0,0,0,0,4,1,2,2,35,6,1242,1,1,5,1,5
201734NW07657,1,8,0,18,0,0,1,10,1,0,1,1,1,2,59,9,1598,2,5,1,1,1
201734NW07657,2,19,0,16,0,0,0,10,1,0,1,1,6,1,32,6,-1,-1,-1,9,1,9
201734NW07677,1,9,0,18,0,0,0,0,0,0,1,1,2,1,50,8,1796,1,13,4,1,4
201734NW07677,2,9,0,5,0,0,0,0,0,0,2,1,2,1,31,6,1968,2,2,8,1,8
201734NW07677,3,9,0,6,0,0,0,0,0,0,0,1,6,1,-1,-1,1560,2,3,-1,-1,-1
201734NW07767,1,9,0,17,0,0,0,0,7,11,1,1,2,2,52,8,1988,1,16,6,2,6
201734NW07977,1,9,0,18,0,0,1,0,8,11,1,1,6,1,31,6,-1,-1,-1,-1,-1,-1
201734NW08127,1,9,0,9,0,8,0,0,0,0,1,1,6,2,47,8,1998,1,13,7,2,7
201734NW08127,2,9,0,18,0,8,0,0,0,0,2,1,6,2,23,5,1396,1,18,9,3,9
201734NW08227,1,9,0,9,0,8,0,0,0,0,0,1,6,1,-1,-1,1388,1,9,-1,-1,-1
201734NW08227,2,1,0,-1,0,8,0,0,0,0,1,1,1,1,52,8,-1,-1,-1,4,1,4
201734NW08307,1,21,0,18,0,0,0,0,0,0,1,1,1,1,25,5,12740,2,6,6,1,6
201734NW08307,2,19,0,3,0,0,0,0,0,0,2,1,1,1,42,7,1968,2,9,-1,-1,-1
201734NW08307,3,19,0,3,0,0,0,0,0,0,2,1,1,1,23,5,2143,2,2,-1,-1,-1
201734NW08347,1,19,0,18,0,0,0,0,0,0,1,1,6,1,31,6,1598,2,2,2,1,2
201734NW08347,2,9,0,18,0,0,0,0,0,0,1,1,2,1,30,6,1998,2,11,4,1,4
201734NW08407,1,9,0,18,0,8,0,0,0,0,3,1,2,1,41,7,2143,2,1,10,2,10
201734NW08407,2,1,0,18,0,8,0,0,0,0,1,1,6,1,46,8,-1,-1,-1,-1,-1,-1
201734NW08547,1,9,0,9,0,8,1,0,0,0,3,1,6,1,42,7,1990,1,16,1,1,1
201734NW08547,2,9,0,2,0,8,0,0,0,0,3,1,6,1,57,9,1197,1,-1,4,1,4
201734NW08607,1,9,0,18,0,8,0,0,0,0,1,1,6,3,-1,-1,-1,-1,-1,-1,-1,-1
201734NW08607,2,2,0,18,0,8,0,0,0,0,4,1,1,1,35,6,-1,-1,-1,4,1,4
201734NW08657,1,9,0,3,0,0,0,0,0,0,3,1,6,2,56,9,1587,1,13,1,1,1
201734NW08657,2,9,0,18,0,0,0,0,0,0,2,1,6,1,-1,-1,698,1,14,-1,-1,-1
201734NW08737,1,9,0,18,0,8,0,0,0,0,1,1,6,3,-1,-1,1248,1,3,-1,-1,-1
201734NW08737,2,9,0,3,0,8,0,0,0,0,2,1,6,1,50,8,2143,12,-1,9,1,9
201734NW08837,1,9,0,18,0,8,0,0,0,0,1,1,6,2,59,9,1870,2,13,-1,-1,-1
201734NW08837,2,2,0,18,0,8,0,0,0,0,4,1,2,1,55,8,49,1,10,2,1,2
201734NW08867,1,9,0,18,0,0,0,0,0,0,1,1,1,1,45,7,1956,2,4,3,1,3
201734NW08867,2,9,0,18,0,0,0,0,0,0,1,1,1,1,29,6,1995,2,5,4,1,4
201734NW08967,1,9,0,18,0,0,0,0,1,10,4,1,6,1,-1,-1,1995,2,11,-1,-1,-1
201734NW08977,1,9,0,8,0,8,0,0,0,0,1,1,6,2,36,7,1598,1,5,-1,-1,-1
201734NW08977,2,2,0,13,0,8,0,0,0,0,1,1,6,1,17,4,49,1,1,-1,-1,-1
201734NW08987,1,9,0,5,0,0,0,0,0,0,0,1,6,3,-1,-1,-1,-1,-1,-1,-1,-1
201734NW08987,2,3,0,18,0,0,0,0,0,0,0,1,6,1,17,4,124,1,8,-1,-1,-1
201734NW09117,1,9,0,18,0,8,0,0,0,0,4,1,6,2,-1,-1,1560,2,6,-1,-1,-1
201734NW09347,1,9,0,18,0,0,0,0,0,0,1,1,6,1,-1,-1,-1,-1,-1,-1,-1,-1
201734NW09347,2,9,0,18,0,0,0,0,0,0,2,1,1,1,35,6,1149,1,9,3,1,3
201734NW09407,1,9,0,18,0,0,0,0,0,0,1,1,6,1,76,11,1591,1,3,9,1,9
201734NW09407,2,9,0,18,0,0,0,0,0,0,1,1,2,2,29,6,1598,2,1,8,1,8
201734NW09417,1,9,0,18,0,8,0,0,0,0,1,1,6,1,-1,-1,1242,1,10,-1,-1,-1
201734NW09417,2,1,0,18,0,8,0,0,0,0,4,1,6,1,43,7,-1,-1,-1,3,1,3
201734NW09427,1,9,0,18,0,8,0,0,0,0,1,1,6,2,23,5,1360,1,8,8,1,8
201734NW09427,2,9,0,18,0,8,0,0,0,0,1,1,6,1,54,8,2290,1,13,5,1,5
201734NW09447,1,19,0,18,0,8,0,0,0,0,0,1,6,1,-1,-1,-1,-1,-1,-1,-1,-1
201734NW09447,2,1,0,9,0,8,0,0,0,0,0,1,6,1,57,9,-1,-1,-1,5,2,5
201734NW09497,1,9,0,17,0,8,0,0,0,0,1,1,3,2,29,6,998,1,11,2,1,2
201734NW09497,2,9,0,17,0,7,0,0,0,0,2,1,2,1,40,7,2143,2,2,-1,-1,-1
201734NW09597,1,9,0,18,0,0,1,10,7,10,4,1,6,2,27,6,1596,1,16,4,2,4
201734NW09707,1,9,0,18,0,0,0,0,0,0,3,1,1,1,38,7,-1,-1,-1,10,2,10
201734NW09707,2,9,0,18,0,0,0,0,0,0,3,1,6,1,38,7,1560,2,3,9,3,9
201734NW09797,1,9,0,18,0,8,0,0,0,0,1,1,6,2,28,6,1242,1,11,7,1,7
201734NW09797,2,9,0,2,0,8,0,0,0,0,3,1,6,3,-1,-1,-1,-1,-1,-1,-1,-1
201734NW09887,1,9,0,18,0,8,0,0,0,0,3,1,6,1,19,4,1242,1,4,-1,-1,-1
201734NW09967,1,9,0,18,0,8,0,0,0,0,1,1,6,1,36,7,1389,1,15,3,1,3
201734NW10007,1,9,0,12,0,0,0,0,0,0,3,1,6,1,46,8,1598,1,9,2,1,2
201734NW10007,2,9,0,17,0,0,0,0,0,0,4,1,1,2,40,7,1686,2,2,2,1,2
201734NW10057,1,9,0,7,0,8,0,0,0,0,1,1,6,1,-1,-1,-1,-1,-1,-1,-1,-1
201734NW10357,1,9,0,18,0,8,0,0,0,0,1,1,6,2,52,8,1598,1,11,4,2,4
201734NW10357,2,1,0,17,0,8,0,0,0,0,1,1,6,1,22,5,-1,-1,-1,-1,-1,-1
201734NW10417,1,5,0,14,0,8,0,0,7,11,1,1,6,1,20,4,645,1,6,2,1,2
201734NW10417,2,9,0,9,0,8,0,0,0,0,1,1,6,2,72,10,999,1,2,8,3,8
201734NW10497,1,19,0,18,0,8,0,0,1,9,1,1,6,1,23,5,1248,2,6,3,1,3
201734NW10527,1,9,0,17,0,0,0,10,0,7,1,1,1,1,39,7,1399,1,12,2,1,2
201734NW80227,1,21,1,17,0,0,4,7,1,0,1,1,1,1,41,7,10837,2,9,5,1,5
201734NW80257,1,9,0,18,0,0,0,10,2,9,2,1,6,1,37,7,1997,2,10,8,1,8
201734NW80407,1,9,0,18,0,0,0,0,0,0,3,1,6,2,54,8,1149,1,4,-1,-1,-1
201734WD00087,1,9,0,16,0,0,0,0,7,9,1,1,6,1,70,10,998,1,2,7,2,7
201734WD00177,1,9,0,7,0,8,0,0,0,0,3,1,6,1,-1,-1,1596,1,1,-1,-1,-1
201734WD00437,1,3,0,18,0,0,1,0,0,0,1,1,6,1,31,6,124,1,2,-1,-1,-1
201734WD00437,2,9,0,4,0,0,0,0,0,0,2,1,2,1,62,9,-1,-1,-1,9,1,9
201734WD00487,1,9,0,18,0,8,0,0,0,0,1,1,6,2,73,10,1299,1,16,9,2,9
201734WD00487,2,9,0,10,0,8,0,0,0,0,2,1,6,1,-1,-1,2993,2,1,-1,-1,-1
201734WD00487,3,9,0,18,0,8,0,0,0,0,1,1,6,1,-1,-1,1289,1,18,-1,-1,-1
201734WD00517,1,19,0,18,0,8,0,0,0,0,1,1,6,1,-1,-1,2198,2,5,-1,-1,-1
201734WD00517,2,21,1,2,0,8,0,0,0,0,3,1,6,1,-1,-1,11705,2,10,-1,-1,-1
201734WD00627,1,9,0,18,0,8,1,0,3,0,1,1,6,1,-1,-1,599,1,16,-1,-1,-1
201734WD00627,2,9,0,18,0,8,5,0,7,0,1,1,6,2,73,10,1461,2,1,10,3,10
201734WD00637,1,9,0,16,0,0,1,0,7,4,1,1,1,2,27,6,1360,1,13,9,3,9
201734WD00727,1,9,0,18,0,8,0,0,0,0,1,1,1,1,41,7,1968,2,3,8,3,8
201734WD00727,2,9,0,18,0,8,0,0,0,0,1,1,1,2,36,7,1968,2,5,-1,-1,-1
201734WD00957,1,9,0,18,0,0,0,0,0,4,1,1,6,2,50,8,1984,1,1,6,3,6
201734WD01057,1,21,1,18,0,0,5,0,7,0,3,1,1,1,50,8,10677,2,3,-1,-1,-1
201734WD01067,1,9,0,18,0,0,2,0,1,0,1,1,1,1,27,6,1998,1,14,3,1,3
201734WD01077,1,9,0,18,0,0,0,0,0,0,1,1,6,1,38,7,1995,2,3,8,1,8
201734WD01077,2,21,0,18,0,0,0,0,0,0,1,1,6,1,-1,-1,10837,2,7,-1,-1,-1
201734WD01077,3,9,0,18,0,0,0,0,0,0,1,1,6,1,-1,-1,1596,1,15,-1,-1,-1
201734WD01097,1,9,0,18,0,8,1,0,7,0,1,1,3,2,43,7,2171,1,16,9,3,9
201734WD01097,2,9,0,18,0,8,0,0,7,0,1,1,6,2,74,10,1400,1,11,9,1,9
201734WD01117,1,19,0,18,0,8,0,0,0,0,1,1,6,1,50,8,-1,-1,-1,3,1,3
201734WD01117,2,9,0,18,0,8,0,0,0,1,1,1,6,1,-1,-1,-1,-1,-1,-1,-1,-1
201734WD01137,1,9,0,18,0,0,0,0,0,0,1,1,2,1,51,8,-1,-1,-1,10,2,10
201734WD01187,1,19,0,18,0,0,1,0,0,0,1,1,1,1,36,7,9290,2,6,2,1,2
201734WD01187,2,21,0,2,0,0,0,0,0,0,2,1,6,1,-1,-1,12900,2,5,-1,-1,-1
201734WD01337,1,9,0,18,0,0,0,0,0,0,3,1,6,1,62,9,2148,2,9,6,3,6
201734WD01457,1,9,0,18,0,0,0,0,0,0,4,1,6,2,-1,-1,999,1,7,-1,-1,-1
201734WD01557,1,9,0,18,0,8,0,0,0,0,4,1,6,1,-1,-1,-1,-1,-1,-1,-1,-1
201734WD01597,1,9,0,18,0,0,1,0,0,0,1,1,6,1,51,8,1388,1,16,1,1,1
201734WD01597,2,21,1,18,0,0,0,0,0,0,3,1,1,1,40,7,12777,2,2,-1,-1,-1
201734WD01627,1,9,0,18,0,8,0,0,1,9,1,1,6,1,25,5,1598,1,12,4,1,4
201734WD01627,2,9,0,18,0,8,0,0,1,9,1,1,2,1,49,8,2497,2,19,2,1,2
201734WD01637,1,9,0,17,0,0,0,10,2,0,1,1,6,1,-1,-1,1797,8,5,-1,-1,-1
201734WD01637,2,9,0,16,0,0,0,0,0,0,1,1,6,2,34,6,1798,1,5,8,2,8
201734WD01817,1,21,0,18,0,0,0,0,0,0,1,1,1,1,53,8,10837,2,4,5,3,5
201734WD01817,2,21,4,18,0,0,0,0,0,0,2,1,1,1,41,7,6692,2,5,-1,-1,-1
201734WD02077,1,9,0,18,0,8,0,0,0,0,1,1,2,1,62,9,-1,-1,-1,9,3,9
201734WD02077,2,9,0,9,0,8,0,0,0,0,3,1,6,2,64,9,1242,1,-1,8,2,8
201734WD02207,1,19,0,14,0,0,0,0,0,0,1,1,2,1,52,8,2402,2,16,4,1,4
201734WD02207,2,9,0,18,0,0,0,0,0,0,1,1,6,1,17,4,1198,1,9,6,3,6
201734WD02247,1,9,0,16,0,0,0,0,0,0,1,1,6,2,35,6,1299,1,11,10,2,10
201734WD02247,2,9,0,17,0,0,0,0,0,0,1,1,6,1,69,10,1896,2,19,5,3,5
201734WD02287,1,9,0,16,0,0,0,0,7,11,1,1,6,2,28,6,-1,-1,-1,6,1,6
201734WD02317,1,9,0,18,0,0,0,0,1,0,1,1,1,1,33,6,2401,2,15,7,1,7
201734WD02317,2,9,0,18,0,0,0,0,0,0,1,1,6,2,57,9,2143,2,3,7,1,7
201734WD02317,3,9,0,18,0,0,0,0,0,0,1,1,6,2,-1,-1,1685,2,-1,-1,-1,-1
201734WD02367,1,9,0,9,0,8,0,0,0,0,1,1,2,2,37,7,1242,1,3,8,1,8
201734WD02367,2,5,0,14,0,8,0,0,0,0,1,1,2,1,20,4,689,1,1,9,1,9
201734WD02387,1,9,0,17,0,0,2,0,2,0,1,1,2,1,35,6,2495,2,13,10,2,10
201734WD02387,2,21,0,18,0,0,0,0,0,0,0,1,6,1,-1,-1,12740,2,2,-1,-1,-1
201734WD02397,1,9,0,18,0,0,0,10,1,0,4,1,6,1,-1,-1,1388,1,16,-1,-1,-1
201734WD02397,2,9,0,14,0,0,0,0,0,0,0,1,6,2,-1,-1,2179,2,7,-1,-1,-1
201734WD02427,1,9,0,18,0,0,0,0,0,0,1,1,6,1,25,5,1995,2,4,8,1,8
201734WD02667,1,9,0,18,0,0,0,0,0,0,1,1,6,1,41,7,-1,-1,-1,9,3,9
201734WD02667,2,9,0,18,0,0,0,0,0,0,1,1,6,1,70,10,2926,2,17,-1,-1,-1
201734WD02667,3,9,0,18,0,0,0,0,0,0,1,1,6,1,83,11,1499,1,-1,4,1,4
201734WD02847,1,9,0,18,0,8,0,0,0,0,1,1,2,1,37,7,3993,1,-1,9,1,9
201734WD02847,2,9,0,18,0,8,0,0,0,0,1,1,2,1,48,8,1905,2,24,2,1,2
201734WD02947,1,3,0,16,0,8,0,0,0,0,1,1,6,1,54,8,124,1,35,8,2,8
201734WD02947,2,19,0,10,0,8,0,0,0,0,1,1,6,1,37,7,-1,-1,-1,3,1,3
201734WD03027,1,9,0,9,0,8,0,0,0,0,0,1,2,1,34,6,-1,-1,-1,7,1,7
201734WD03027,2,9,0,18,0,8,0,10,7,11,1,1,2,1,26,6,-1,-1,-1,5,1,5
201734WD03267,1,9,0,18,0,8,0,0,0,0,0,1,6,3,-1,-1,-1,-1,-1,-1,-1,-1
201734WD03267,2,9,0,18,0,8,1,9,3,1,1,1,6,1,47,8,1299,1,15,-1,-1,-1
201734WD03267,3,17,4,18,0,8,5,0,0,0,1,1,1,1,70,10,4500,2,20,8,3,8
201734WD03327,1,8,0,1,0,8,0,0,0,0,2,1,1,1,-1,-1,-1,-1,-1,-1,-1,-1
201734WD03327,2,9,0,18,0,8,0,0,0,0,1,1,6,1,-1,-1,-1,-1,-1,-1,-1,-1
201734WD03387,1,19,0,18,0,0,0,0,0,0,1,1,1,1,60,9,1560,2,2,5,1,5
201734WD03387,2,9,0,3,0,0,0,0,0,0,2,1,6,1,-1,-1,-1,-1,-1,-1,-1,-1
201734WD03427,1,21,0,18,0,8,0,0,0,0,1,1,6,1,-1,-1,10837,2,-1,-1,-1,-1
201734WD03427,2,9,0,10,0,8,0,0,0,0,2,1,6,1,85,11,1910,2,11,10,2,10
201734WD03447,1,9,0,14,0,8,0,0,0,0,1,1,6,2,-1,-1,3200,2,3,-1,-1,-1
201734WD03447,2,1,0,18,0,8,0,0,0,0,3,1,6,1,10,2,-1,-1,-1,-1,-1,-1
201734WD03517,1,19,0,18,0,8,0,9,0,0,1,1,6,1,35,6,2494,2,15,8,1,8
201734WD03567,1,9,0,18,0,0,0,0,0,0,1,1,6,3,-1,-1,-1,-1,-1,-1,-1,-1
201734WD03567,2,9,0,3,0,0,0,0,0,0,1,1,6,1,34,6,1598,1,10,8,2,8
201734WD03587,1,1,0,18,0,0,0,0,0,0,1,1,2,1,41,7,-1,-1,-1,6,1,6
201734WD03587,2,9,0,18,0,0,0,0,0,0,1,1,6,2,22,5,1149,1,13,10,1,10
201734WD03657,1,9,0,18,0,0,2,0,1,9,1,1,2,2,51,8,998,1,14,9,1,9
201734WD03737,1,9,0,9,0,8,0,0,0,0,1,1,6,1,-1,-1,1364,1,2,-1,-1,-1
201734WD03737,2,9,0,7,0,8,0,0,0,0,1,1,6,2,72,10,-1,-1,-1,4,1,4
201734WD03747,1,9,0,18,0,0,0,0,0,0,2,1,6,1,42,7,1595,1,20,1,1,1
201734WD03747,2,9,0,18,0,0,0,0,0,0,1,2,1,1,38,7,-1,-1,-1,-1,-1,-1
201734WD03797,1,9,0,18,0,0,0,0,7,10,0,1,6,1,23,5,1396,1,17,-1,-1,-1
201734WD03797,2,9,0,18,0,0,0,0,0,0,0,1,1,1,34,6,1969,2,1,-1,-1,-1
201734WD03817,1,9,0,18,0,8,0,0,0,0,3,1,6,2,31,6,1598,2,6,-1,-1,-1
201734WD03817,2,9,0,18,0,8,0,0,0,0,1,1,6,1,50,8,-1,-1,-1,2,1,2
201734WD03867,1,9,0,18,0,0,0,0,0,0,1,1,6,1,19,4,1368,1,7,7,3,7
201734WD03867,2,9,0,18,0,0,0,0,0,0,1,1,2,2,21,5,2199,2,8,9,2,9
201734WD04007,1,19,0,18,0,0,0,0,0,0,1,1,1,1,45,7,1248,2,3,5,2,5
201734WD04007,2,9,0,2,0,0,0,0,0,6,2,1,1,1,34,6,1364,1,13,1,1,1
201734WD04017,1,9,0,18,0,0,0,0,0,0,2,1,2,1,21,5,1390,1,7,7,1,7
201734WD04017,2,3,0,18,0,0,0,0,0,0,1,1,6,1,20,4,125,1,10,10,2,10
201734WD04057,1,3,0,18,0,0,0,0,0,0,3,1,6,1,-1,-1,125,1,8,-1,-1,-1
201734WD04057,2,11,0,2,0,0,0,0,0,0,0,1,1,3,-1,-1,-1,-1,-1,-1,-1,-1
201734WD04057,3,11,0,2,0,0,0,0,0,0,0,1,1,3,-1,-1,-1,-1,-1,-1,-1,-1
201734WD04057,4,9,0,2,0,0,0,0,0,0,0,1,6,3,-1,-1,-1,-1,-1,-1,-1,-1
201734WD04077,1,9,0,13,0,0,0,0,0,0,1,1,6,1,32,6,1600,1,17,3,1,3
201734WD04077,2,17,0,9,0,0,0,0,0,0,3,1,6,1,-1,-1,6788,2,2,-1,-1,-1
201734WD04107,1,9,0,18,0,0,0,0,0,0,1,1,2,1,40,7,-1,-1,-1,-1,-1,-1
201734WD04117,1,9,0,18,0,0,0,0,0,0,1,1,1,1,67,10,1560,2,3,7,1,7
201734WD04117,2,1,0,18,0,0,0,0,0,0,1,1,1,1,12,3,-1,-1,-1,3,1,3
201734WD04147,1,9,0,16,0,0,1,0,7,9,1,1,2,2,24,5,1229,1,10,-1,-1,-1
201734WD04207,1,19,0,1,0,0,0,0,0,0,2,1,6,1,-1,-1,-1,-1,-1,-1,-1,-1
201734WD04257,1,9,0,18,0,8,0,0,0,0,1,1,1,1,23,5,1368,1,6,10,2,10
201734WD04257,2,21,0,18,0,8,0,0,0,0,2,1,1,1,43,7,12902,2,2,9,1,9
201734WD04257,3,3,0,9,0,8,0,0,0,0,2,1,6,1,20,4,125,1,-1,7,3,7