Accident_Index,Vehicle_Reference,Vehicle_Type,Towing_and_Articulation,Vehicle_Manoeuvre,Vehicle_Location-Restricted_Lane,Junction_Location,Skidding_and_Overturning,Hit_Object_in_Carriageway,Vehicle_Leaving_Carriageway,Hit_Object_off_Carriageway,1st_Point_of_Impact,Was_Vehicle_Left_Hand_Drive?,Journey_Purpose_of_Driver,Sex_of_Driver,Age_of_Driver,Age_Band_of_Driver,Engine_Capacity_(CC),Propulsion_Code,Age_of_Vehicle,Driver_IMD_Decile,Driver_Home_Area_Type,Vehicle_IMD_Decile
201734WS07737,1,21,1,1,0,0,0,0,0,0,2,2,1,1,23,5,-1,-1,-1,-1,-1,-1
201734WS07737,2,9,0,18,0,0,0,0,0,0,2,1,6,1,46,8,1560,2,3,4,1,4
201734WS07737,3,9,0,18,0,0,0,0,0,0,1,1,6,1,20,4,1229,1,2,9,1,9
201734WS07847,1,9,0,18,0,0,0,0,0,0,4,1,1,1,59,9,2143,2,7,8,3,8
201734WS07867,1,5,0,12,0,8,0,0,0,0,1,1,6,1,71,10,1000,1,31,5,1,5
201734WS07997,1,9,0,18,0,8,0,0,0,0,1,1,6,1,85,11,1997,1,8,7,3,7
201734WS07997,2,5,0,8,0,8,0,0,0,0,3,1,6,1,48,8,1215,1,4,9,1,9
201734WS08067,1,9,0,17,0,8,0,0,1,11,1,1,6,1,43,7,3498,1,9,3,1,3
201734WS08427,1,9,0,9,0,8,0,0,0,0,3,1,6,2,58,9,1998,1,-1,4,1,4
201734WS08427,2,9,0,18,0,8,0,0,0,0,4,1,6,1,32,6,1560,2,3,10,1,10
201734WS08537,1,9,0,18,0,8,0,0,0,0,3,1,2,3,36,7,1590,1,13,8,1,8
201734WS08537,2,9,0,3,0,8,0,0,0,0,2,1,1,1,38,7,998,1,9,8,3,8
201734WS08567,1,19,0,18,0,0,0,0,0,0,4,1,1,1,32,6,4580,2,2,3,1,3
201734WS08597,1,9,0,9,0,8,0,0,0,0,1,1,6,2,27,6,1596,1,10,1,1,1
201734WS08597,2,9,0,18,0,8,0,0,0,0,1,1,6,1,48,8,1461,2,2,10,2,10
201734WS08707,1,9,0,18,0,0,0,0,0,0,1,1,6,1,60,9,2148,2,9,7,1,7
201734WS08707,2,9,0,18,0,0,0,0,0,0,3,1,6,2,45,7,1992,2,12,2,1,2
201734WS08827,1,19,0,18,0,0,0,0,0,0,4,1,1,1,45,7,1968,2,4,8,1,8
201734WS08917,1,21,1,12,0,0,0,0,0,0,0,2,1,1,-1,-1,-1,-1,-1,-1,-1,-1
201734WS08917,2,9,0,12,0,0,0,0,0,0,1,1,1,2,43,7,1798,8,5,3,1,3
201734WS08917,3,9,0,18,0,0,5,0,1,0,2,1,2,1,59,9,1461,2,-1,-1,-1,-1
201734WS09037,1,9,0,9,0,8,0,0,0,0,3,1,6,1,82,11,2184,2,11,9,3,9
201734WS09037,2,1,0,10,0,8,0,0,0,0,1,1,6,1,31,6,-1,-1,-1,10,2,10
201734WS09107,1,19,0,17,0,0,0,0,7,0,1,1,1,1,22,5,1598,2,5,7,2,7
201734WS09107,2,9,0,17,0,0,0,0,0,0,1,1,6,2,47,8,999,1,1,6,3,6
201734WS09127,1,9,0,16,0,0,0,0,0,0,1,1,6,2,35,6,1910,2,10,-1,-1,-1
201734WS09127,2,9,0,17,0,0,0,0,0,0,1,1,2,2,48,8,2401,2,10,-1,-1,-1
201734WS09187,1,21,1,18,0,0,0,0,0,0,1,1,1,1,54,8,12740,2,2,4,1,4
201734WS09187,2,21,0,3,0,0,0,0,1,0,2,1,1,1,38,7,6700,2,1,3,1,3
201734WS09297,1,9,0,18,0,8,0,0,0,0,1,1,2,1,24,5,999,1,6,10,2,10
201734WS09637,1,9,0,18,0,8,1,0,0,0,1,1,6,1,58,9,2143,2,4,8,3,8
201734WS09637,2,19,0,17,0,8,2,0,1,0,1,1,1,1,58,9,2143,2,7,8,3,8
201734WS09657,1,9,0,9,0,8,0,0,0,0,1,1,6,2,71,10,2231,2,11,7,3,7
201734WS09657,2,9,0,18,0,8,0,0,0,0,1,1,6,1,55,8,2995,1,3,9,2,9
201734WS09667,1,8,0,17,0,0,0,0,7,9,1,1,6,1,-1,-1,2143,2,3,-1,-1,-1
201734WS09687,1,9,0,13,0,0,2,0,1,7,3,1,6,1,39,7,1597,1,9,3,1,3
201734WS09687,2,19,0,18,0,0,0,0,0,0,3,1,1,1,48,8,2198,2,4,3,1,3
201734WS09727,1,9,0,12,0,8,1,0,7,2,3,1,2,2,18,4,998,1,8,10,2,10
201734WS09727,2,9,0,18,0,8,0,0,7,1,1,1,6,1,25,5,1461,2,2,9,1,9
201734WS10157,1,19,4,13,0,8,0,0,0,0,1,1,6,1,35,6,-1,-1,-1,-1,-1,-1
201734WS10157,2,9,0,9,0,8,0,0,0,0,3,1,6,2,44,7,1598,2,6,10,2,10
201734WS10217,1,9,0,18,0,8,0,0,7,0,1,1,6,1,17,4,954,1,27,8,3,8
201734WS10217,2,9,0,18,0,8,0,0,0,0,1,1,6,1,50,8,1597,2,-1,9,3,9
201734WS10287,1,9,0,18,0,0,0,0,7,10,1,1,2,1,24,5,1124,1,15,9,2,9
201734WS10287,2,9,0,10,0,0,0,0,7,0,2,1,2,2,17,4,1598,1,13,10,3,10
201734WS10287,3,9,0,17,0,0,0,0,0,0,3,1,6,1,50,8,1598,1,3,9,2,9
201734WS10387,1,9,0,17,0,0,0,0,0,0,1,1,2,1,36,7,1461,2,1,6,1,6
201734WS10387,2,9,0,18,0,0,0,0,0,0,1,1,2,2,44,7,-1,-1,-1,3,1,3
201734WS10387,3,9,0,18,0,0,0,0,0,0,1,1,2,2,26,6,1229,1,11,2,1,2
201734WS10427,1,9,0,16,0,0,5,0,0,0,1,1,6,1,19,4,1587,1,16,5,1,5
201734WS10467,1,21,0,11,0,8,0,0,1,7,1,1,1,1,57,9,4462,2,4,5,3,5
201734WS10467,2,9,0,3,0,8,0,0,0,0,2,1,6,1,55,8,2499,2,15,3,1,3
201734WS10487,1,19,0,18,0,0,0,0,1,11,1,1,1,1,39,7,2143,2,3,1,1,1
201734WS10547,1,9,0,17,0,0,5,10,7,0,1,1,2,1,47,8,1150,1,9,7,3,7
201734WS10577,1,9,0,18,0,8,0,0,0,0,1,1,1,1,35,6,-1,-1,-1,5,1,5
201734WS10577,2,9,0,3,0,8,0,0,0,0,2,1,1,1,30,6,2143,2,1,1,1,1
201734WS10587,1,9,0,17,0,8,0,10,7,0,1,1,6,1,22,5,1149,1,14,9,2,9
201734WS10587,2,9,0,18,0,8,0,0,1,10,2,1,6,1,48,8,3696,1,1,8,3,8
201734WS10667,1,21,1,18,0,8,5,9,8,0,1,1,1,1,51,8,12740,2,4,5,3,5
201734WS80117,1,9,0,18,0,0,0,0,1,4,0,1,6,1,34,6,1229,1,7,-1,-1,-1
201734WS80127,1,5,0,18,0,0,0,0,0,0,1,1,6,1,51,8,749,1,18,-1,-1,-1
201734WS80127,2,9,0,9,0,0,0,0,0,0,0,1,6,2,60,9,1896,2,13,-1,-1,-1
201734WS80147,1,19,0,18,0,0,0,0,1,11,1,1,6,1,24,5,1996,2,6,8,3,8
201734WS80157,1,21,1,18,0,0,5,0,1,9,1,2,1,1,63,9,-1,-1,-1,-1,-1,-1
201734WS80207,1,9,0,18,0,0,0,0,0,0,0,1,6,1,58,9,2967,2,8,8,3,8
201734WS80277,1,5,0,18,0,0,0,0,0,0,1,1,6,1,27,6,600,1,5,10,2,10
201734WS80277,2,9,0,18,0,0,0,0,0,0,1,1,6,2,26,6,1968,2,2,7,3,7
201734WS80287,1,21,1,18,0,0,5,0,6,6,1,1,1,1,62,9,12740,2,-1,-1,-1,-1
201734WS80287,2,9,0,18,0,0,0,0,0,0,1,1,6,2,80,11,1497,8,10,9,2,9
201734WS80287,3,9,0,18,0,0,0,0,0,0,1,1,6,1,34,6,1968,2,1,-1,2,-1
201734WS80287,4,9,0,18,0,0,5,0,0,0,1,1,6,1,52,8,1368,1,2,1,1,1
201734WS80287,5,9,0,18,0,0,0,0,0,0,1,1,6,1,61,9,1598,1,7,8,1,8
201734WS80287,6,9,0,18,0,0,0,0,0,0,1,1,6,1,26,6,1560,2,3,9,1,9
201734WS80357,1,9,0,18,0,0,0,0,0,0,1,1,2,1,37,7,1461,2,9,10,1,10
201734WS80427,1,9,0,13,0,0,5,10,7,4,2,1,6,1,18,4,1242,1,16,9,2,9
201734WS80427,2,9,0,18,0,0,0,0,0,0,0,1,6,3,42,7,1598,1,8,-1,-1,-1
201734WS80427,3,9,0,18,0,0,0,0,0,0,0,1,6,2,-1,-1,1461,2,1,-1,-1,-1
201734WS80427,4,9,0,17,0,0,0,0,0,0,0,1,2,1,52,8,1368,1,7,6,3,6
201734WS80437,1,9,0,16,0,0,1,0,0,0,4,1,6,1,64,9,2198,1,16,6,1,6
201734WS80437,2,9,0,17,0,0,0,0,0,0,3,1,6,1,43,7,1332,1,12,5,1,5
201734WS80447,1,9,0,18,0,0,5,0,4,6,1,1,6,1,60,9,1197,1,-1,8,3,8
201734WS80447,2,9,0,18,0,0,0,0,0,0,1,1,6,1,29,6,-1,-1,-1,9,1,9
201734WS80447,3,19,0,18,0,0,0,0,0,0,2,1,6,1,50,8,1968,2,2,6,1,6
201734WS80447,4,9,0,17,0,0,0,0,0,0,2,1,6,1,76,11,1995,2,6,5,1,5
201734WS80447,5,9,0,18,0,0,0,0,0,0,1,1,6,2,31,6,999,1,2,6,1,6
2017350142543,1,9,0,18,0,0,0,0,0,0,1,1,5,2,49,8,1997,2,12,10,2,10
2017350143546,1,9,0,17,0,0,1,0,2,0,4,1,6,1,75,10,1599,1,12,10,2,10
2017350143546,2,19,0,18,0,0,0,0,0,0,1,1,6,1,42,7,1995,2,4,-1,-1,-1
2017350145097,1,9,0,18,0,0,0,0,0,0,1,1,6,1,-1,-1,2199,2,4,4,1,4
2017350145847,1,21,0,17,0,0,0,0,0,0,4,1,1,1,24,5,-1,-1,-1,7,1,7
2017350146457,1,9,0,18,0,0,1,0,1,11,1,1,6,1,-1,-1,1124,1,17,2,1,2
2017350146510,1,20,0,18,0,0,0,5,0,0,1,1,5,1,26,6,1968,2,6,2,1,2
2017350146536,1,9,0,16,0,0,1,0,0,0,3,1,5,1,73,10,1061,1,12,4,3,4
2017350146536,2,9,0,17,0,0,0,0,0,0,3,1,5,1,71,10,1997,2,18,5,3,5
2017350146547,1,9,0,15,0,0,0,0,0,0,4,1,6,1,30,6,1199,1,14,4,1,4
2017350146547,2,9,0,9,0,0,0,10,7,0,3,1,6,1,72,10,1390,1,16,7,1,7
2017350146662,1,9,0,18,0,0,1,0,1,3,1,1,6,1,28,6,1199,1,13,4,1,4
2017350146686,1,9,0,18,0,0,5,0,7,9,1,1,6,2,32,6,1596,1,11,6,2,6
2017350146697,1,9,0,1,0,0,0,0,0,0,2,1,5,1,79,11,1797,8,2,8,1,8
2017350146747,1,9,0,16,0,0,1,0,2,0,1,1,1,2,53,8,1968,2,4,3,3,3
2017350146767,1,9,0,9,0,0,0,0,0,0,1,1,5,1,43,7,1956,2,7,7,3,7
2017350146767,2,9,0,7,0,0,0,0,0,0,1,1,2,1,44,7,1896,2,15,4,1,4
2017350146800,1,-1,0,9,0,1,0,0,0,0,1,1,6,3,-1,-1,-1,-1,-1,-1,-1,-1
2017350146800,2,1,0,9,0,1,0,0,0,0,1,1,6,1,-1,-1,-1,-1,-1,10,1,10
2017350146819,1,9,0,9,0,8,1,0,0,0,1,1,6,1,34,6,1998,1,17,6,2,6
2017350146819,2,9,0,18,0,8,0,0,0,0,3,1,6,1,36,7,1198,1,11,7,1,7
2017350146926,1,9,0,5,0,8,0,0,0,0,3,1,6,3,-1,-1,-1,-1,-1,-1,-1,-1
2017350146926,2,1,0,9,0,8,0,0,0,0,1,1,6,1,23,5,-1,-1,-1,2,1,2
2017350146965,1,9,0,2,0,0,0,0,0,0,3,1,1,2,54,8,1686,2,6,10,2,10
2017350146965,2,1,0,18,0,0,0,8,0,0,1,1,6,2,52,8,-1,-1,-1,10,1,10
2017350146969,1,9,0,14,0,0,0,0,0,0,4,1,6,2,76,11,1998,1,1,1,1,1
2017350147012,1,9,0,7,0,0,0,0,0,0,4,1,6,3,-1,-1,-1,-1,-1,-1,-1,-1
2017350147012,2,1,0,18,0,0,0,0,0,0,1,1,2,2,18,4,-1,-1,-1,10,3,10
2017350147064,1,9,0,9,0,2,0,0,0,0,1,1,6,1,74,10,1998,2,10,3,1,3
2017350147077,1,9,0,6,3,0,0,0,0,0,1,1,6,2,52,8,1390,1,13,8,2,8
2017350147078,1,9,0,18,0,1,0,0,0,0,1,1,5,1,29,6,1390,1,20,1,1,1
2017350147078,2,19,0,4,0,8,0,0,0,0,2,1,5,1,42,7,1998,2,16,2,3,2
2017350147177,1,9,0,5,9,0,0,0,0,0,4,1,6,1,-1,-1,1242,1,2,-1,-1,-1
2017350147199,1,1,0,18,0,1,0,0,0,0,0,1,6,1,73,10,-1,-1,-1,2,1,2
2017350147209,1,9,0,18,0,0,1,0,1,0,1,1,6,2,55,8,998,1,6,6,2,6
2017350147265,1,9,0,18,0,1,0,0,0,0,3,1,5,1,81,11,999,1,1,8,2,8
2017350147285,1,9,0,18,0,4,5,9,3,10,1,1,5,1,21,5,1968,2,9,3,1,3
2017350147297,1,8,0,18,0,0,0,0,0,0,4,1,1,1,-1,-1,-1,-1,-1,-1,-1,-1
2017350147308,1,9,0,18,0,0,0,0,5,0,1,1,1,1,31,6,1596,1,16,10,2,10
2017350147308,2,98,1,18,0,0,0,0,0,0,0,1,6,3,-1,-1,-1,-1,-1,-1,-1,-1
2017350147398,1,9,0,17,0,0,1,0,7,9,3,1,5,1,68,10,1995,2,4,10,2,10
2017350147458,1,9,0,18,0,1,0,0,0,0,1,1,5,1,65,9,1968,2,1,9,1,9
2017350147458,2,9,0,3,0,1,0,0,0,0,2,1,5,2,33,6,1598,2,4,6,1,6
2017350147458,3,9,0,3,0,1,0,0,0,0,2,1,1,1,41,7,2171,1,15,5,1,5
2017350147506,1,9,0,13,0,0,0,0,0,0,1,1,6,1,76,11,1499,2,2,7,3,7
2017350147506,2,9,0,13,0,0,0,0,0,0,2,1,5,1,46,8,1995,2,2,7,3,7
2017350147746,1,9,0,18,0,4,0,0,0,0,1,1,6,1,21,5,1598,1,5,-1,-1,-1
2017350147746,2,9,0,18,0,8,0,0,0,0,4,1,6,2,29,6,1390,1,9,-1,-1,-1
2017350147821,1,9,0,18,0,1,0,0,3,0,1,1,5,2,32,6,1199,1,13,10,3,10
2017350147870,1,9,0,18,0,0,0,4,0,0,1,1,6,1,85,11,1560,2,4,6,2,6
2017350147870,2,9,0,2,0,0,0,0,0,0,2,1,5,3,-1,-1,1461,2,11,-1,-1,-1
2017350147870,3,9,0,18,0,0,0,0,0,0,0,1,6,3,-1,-1,-1,-1,-1,-1,-1,-1
2017350147920,1,9,0,18,0,0,1,0,2,7,1,1,5,1,38,7,1796,1,19,2,1,2
2017350147920,2,9,0,18,0,0,5,0,2,0,1,1,6,2,49,8,1149,1,9,5,3,5
2017350147960,1,9,0,18,0,0,0,0,0,0,1,1,6,3,-1,-1,-1,-1,-1,-1,-1,-1
2017350147960,2,1,0,9,0,0,5,0,0,0,2,1,5,1,47,8,-1,-1,-1,4,3,4
2017350147962,1,19,0,4,0,0,0,0,0,0,1,1,1,1,67,10,2143,2,2,10,1,10
2017350147962,2,9,0,4,0,0,0,0,0,0,2,1,5,2,66,10,1360,1,9,9,1,9
2017350148048,1,9,0,18,0,8,0,0,0,0,4,1,6,2,18,4,1461,2,11,3,1,3
2017350148048,2,9,0,18,0,4,0,0,0,0,1,1,6,2,38,7,1299,1,13,4,3,4
2017350148061,1,21,0,18,0,0,0,0,0,0,1,1,1,1,-1,-1,3920,2,10,10,2,10
2017350148061,2,9,0,4,0,0,0,0,0,0,2,1,5,2,58,9,1229,1,12,8,3,8
2017350148138,1,9,0,18,0,0,0,0,0,0,3,1,6,2,47,8,1364,2,10,5,2,5
2017350148138,2,3,0,14,0,0,0,0,0,0,1,1,1,1,29,6,124,1,2,7,3,7
2017350148173,1,8,0,18,0,0,0,0,0,0,1,1,1,1,37,7,1968,2,4,1,1,1
2017350148205,1,9,0,16,0,0,0,0,0,0,1,1,2,1,55,8,1149,1,15,3,3,3
2017350148205,2,9,0,17,0,0,0,0,0,0,3,1,5,1,53,8,1388,1,12,2,3,2
2017350148301,1,21,1,5,0,3,0,0,0,0,4,1,6,1,47,8,12900,2,5,-1,-1,-1
2017350148301,2,9,0,3,0,3,0,0,0,0,3,1,2,2,48,8,1149,1,8,8,3,8
2017350148302,1,9,0,18,0,0,0,0,0,0,1,1,6,1,-1,-1,1598,1,9,8,1,8
2017350148302,2,19,0,4,0,0,0,0,0,0,2,1,6,1,27,6,1598,2,1,7,1,7
2017350148350,1,9,0,18,0,0,0,0,0,0,1,1,5,2,23,5,1896,2,16,5,1,5
2017350148350,2,9,0,10,0,0,0,0,0,0,2,1,1,1,43,7,1896,2,15,8,3,8
2017350148393,1,21,1,11,0,0,0,0,0,0,1,1,1,1,39,7,12900,2,6,2,1,2
2017350148393,2,9,0,18,0,0,0,0,0,0,3,1,5,2,38,7,1999,1,12,4,1,4
2017350148425,1,9,0,4,0,7,0,0,0,0,1,1,6,2,-1,-1,1995,2,11,-1,-1,-1
2017350148425,2,9,0,3,0,7,0,0,0,0,2,1,6,2,24,5,1388,1,9,3,1,3
2017350148430,1,9,0,18,0,0,0,0,0,0,1,1,6,2,38,7,1968,2,5,6,3,6
2017350148430,2,9,0,18,0,0,0,0,0,0,1,1,6,1,29,6,-1,-1,-1,7,1,7
2017350148466,1,19,0,18,0,0,1,0,0,0,1,1,1,1,20,4,2198,2,6,7,1,7
2017350148466,2,9,0,4,0,0,0,0,0,0,2,1,1,1,39,7,-1,-1,-1,7,3,7
2017350148466,3,9,0,4,0,0,0,0,0,0,2,1,1,1,29,6,1461,2,2,6,1,6
2017350148506,1,9,0,9,0,2,0,0,0,0,1,1,6,1,31,6,1598,2,2,7,1,7
2017350148551,1,1,0,9,0,6,0,0,0,0,4,1,2,1,40,7,-1,-1,-1,8,1,8
2017350148551,2,9,0,18,0,1,0,0,1,0,3,1,2,2,51,8,1229,1,12,7,2,7
2017350148587,1,1,0,18,0,0,5,0,0,0,1,1,6,1,27,6,-1,-1,-1,1,1,1
2017350148587,2,9,0,5,0,0,0,0,0,0,3,1,6,1,59,9,1560,2,4,8,3,8
2017350148688,1,9,0,9,0,0,0,0,0,0,4,1,6,1,-1,-1,1896,2,12,8,1,8
2017350148688,2,1,0,18,0,0,0,0,0,0,1,1,6,2,-1,-1,-1,-1,-1,7,1,7
2017350148703,1,9,0,13,0,1,0,0,0,0,4,1,6,2,-1,-1,1956,2,7,6,3,6
2017350148703,2,1,0,9,0,8,0,0,0,0,1,1,5,2,16,4,-1,-1,-1,10,3,10
2017350148710,1,9,0,17,0,0,1,0,1,0,2,1,5,2,46,8,1242,1,5,10,2,10
2017350148748,1,9,0,7,0,6,0,0,0,0,1,1,2,1,49,8,1995,1,12,9,3,9
2017350148748,2,1,0,18,0,8,0,0,0,0,4,1,2,2,38,7,-1,-1,-1,10,1,10
2017350148769,1,9,0,5,0,0,0,0,3,0,1,1,5,1,67,10,1968,2,7,6,3,6
2017350148776,1,9,0,18,0,0,0,0,0,0,1,1,6,2,36,7,1388,1,18,4,1,4
2017350148792,1,98,0,18,0,0,0,0,0,0,3,1,6,1,-1,-1,-1,-1,-1,-1,-1,-1
2017350148792,2,9,0,13,0,0,0,0,0,0,4,1,5,2,34,6,1900,2,10,3,1,3
2017350148857,1,5,0,18,0,1,1,0,0,0,1,1,5,1,53,8,996,1,18,5,2,5
2017350148857,2,9,0,9,0,1,0,0,0,0,2,1,5,1,18,4,1198,1,3,7,1,7
2017350148890,1,9,0,18,0,0,2,0,1,0,4,1,5,2,22,5,1299,1,14,10,2,10
2017350148916,1,9,0,9,0,8,0,0,0,0,1,1,6,1,72,10,1951,2,13,10,1,10
2017350148916,2,1,0,18,0,8,0,0,0,0,1,1,6,1,34,6,-1,-1,-1,5,1,5
2017350148949,1,9,0,18,0,0,0,0,0,0,4,1,6,3,-1,-1,-1,-1,-1,-1,-1,-1
2017350148973,1,9,0,18,0,0,0,0,0,0,1,1,2,1,46,8,1910,2,12,7,3,7
2017350148973,2,9,0,18,0,0,0,0,0,0,1,1,1,1,26,6,-1,-1,-1,5,3,5
2017350149004,1,-1,0,7,0,8,0,0,0,0,1,1,6,1,-1,-1,-1,-1,-1,-1,-1,-1
2017350149004,2,1,0,18,0,8,0,0,0,0,3,1,1,1,-1,-1,-1,-1,-1,2,1,2
2017350149074,1,9,0,5,0,8,0,0,0,0,3,1,6,2,-1,-1,-1,-1,-1,-1,-1,-1
2017350149074,2,1,0,18,4,8,0,0,0,0,1,1,6,1,35,6,-1,-1,-1,8,1,8
2017350149198,1,9,0,13,0,1,0,0,0,0,1,1,5,1,26,6,1298,1,15,2,1,2
2017350149198,2,9,0,18,0,1,0,0,0,0,1,1,5,2,35,6,1798,1,8,2,1,2
2017350149198,3,9,0,2,0,1,0,0,0,0,0,1,6,3,-1,-1,-1,-1,-1,-1,-1,-1
2017350149212,1,19,0,18,0,0,0,0,0,0,1,1,5,3,-1,-1,2148,2,9,-1,-1,-1
2017350149212,2,1,0,18,0,0,0,0,0,0,4,1,6,1,15,3,-1,-1,-1,9,1,9
2017350149270,1,9,0,18,0,8,1,0,0,0,1,1,5,1,41,7,1994,1,17,4,3,4
2017350149270,2,9,0,18,0,8,0,0,7,2,4,1,5,1,33,6,1796,1,9,6,2,6
2017350149401,1,19,0,18,0,0,1,0,1,9,1,1,5,1,58,9,2198,2,3,6,1,6
2017350149411,1,9,0,9,0,8,0,0,0,0,1,1,6,1,82,11,2982,2,10,10,1,10
2017350149411,2,19,0,9,0,8,0,0,0,0,2,1,6,1,41,7,1560,2,5,10,3,10
2017350149423,1,9,0,4,0,0,0,0,0,0,1,1,1,1,26,6,2993,2,3,2,3,2
2017350149423,2,9,0,4,0,0,0,0,0,0,2,1,1,1,60,9,-1,-1,-1,3,1,3
2017350149460,1,9,0,18,0,0,0,4,2,0,1,1,2,1,51,8,1598,2,6,-1,-1,-1
2017350149460,2,90,1,2,6,0,0,0,0,0,3,1,5,1,35,6,-1,-1,-1,-1,-1,-1
2017350149460,3,19,0,18,0,0,0,0,0,0,2,1,1,1,63,9,1598,2,3,7,1,7
2017350149482,1,98,0,18,0,0,0,0,0,0,4,1,6,2,45,7,-1,-1,-1,-1,-1,-1
2017350149483,1,9,0,15,0,2,0,0,0,0,1,1,6,3,-1,-1,-1,-1,-1,-1,-1,-1
2017350149483,2,1,0,5,0,2,0,0,0,0,2,1,4,1,16,4,-1,-1,-1,-1,-1,-1
2017350149563,1,19,0,18,0,0,0,0,0,0,1,1,6,1,-1,-1,1560,2,10,7,1,7
2017350149563,2,19,0,18,0,0,0,0,0,0,2,1,1,1,36,7,1248,2,3,2,1,2
2017350149654,1,9,0,18,0,0,0,0,0,0,1,1,6,2,31,6,1753,2,13,9,1,9
2017350149654,2,9,0,3,0,0,0,0,0,0,2,1,6,1,64,9,1598,1,11,9,1,9
2017350149662,1,9,0,12,0,3,0,0,0,0,2,1,2,2,40,7,1598,1,10,4,1,4
2017350149662,2,9,0,15,0,3,0,0,0,0,1,1,6,1,-1,-1,4961,1,11,-1,-1,-1
2017350149668,1,9,0,18,0,8,0,0,0,0,1,1,6,2,-1,-1,1368,1,7,-1,-1,-1
2017350149668,2,9,0,2,0,8,0,0,0,0,2,1,6,2,24,5,1197,1,5,9,3,9
2017350149700,1,9,0,12,0,7,0,0,0,0,1,1,5,1,58,9,1995,2,1,1,1,1
2017350149700,2,9,0,18,0,2,0,0,0,0,2,1,5,1,32,6,2996,2,8,3,1,3
2017350149709,1,10,0,9,0,8,0,0,0,0,2,1,1,1,57,9,3920,2,6,3,1,3
2017350149709,2,1,0,18,0,1,0,0,0,0,1,1,6,1,37,7,-1,-1,-1,9,1,9
2017350149714,1,9,0,4,0,0,0,0,0,0,1,1,1,2,22,5,2295,1,15,7,1,7
2017350149714,2,9,0,11,0,0,0,0,0,0,2,1,6,1,28,6,2204,2,13,1,1,1
2017350149746,1,9,0,16,0,1,0,0,0,0,4,1,6,2,58,9,1242,1,2,9,2,9
2017350149746,2,9,0,9,0,5,0,0,0,0,3,1,6,1,21,5,1229,1,11,-1,-1,-1
2017350149766,1,9,0,18,0,1,1,0,1,0,0,1,2,1,30,6,1794,1,16,8,3,8
2017350149790,1,9,0,9,0,8,0,0,0,0,1,1,6,2,22,5,1397,1,9,10,2,10
2017350149790,2,9,0,18,0,8,0,0,0,0,1,1,6,1,29,6,1910,2,10,3,1,3
2017350149824,1,9,0,16,0,0,2,0,7,0,3,1,2,1,24,5,1360,1,11,3,1,3
2017350149922,1,9,0,18,0,0,1,12,0,0,1,1,6,1,43,7,1461,2,10,2,1,2
2017350149922,2,9,0,18,0,0,0,0,0,0,1,1,6,1,56,9,1686,2,12,5,1,5
2017350149967,1,9,0,9,0,1,0,0,0,0,3,1,2,1,59,9,1870,2,8,1,1,1
2017350149967,2,9,0,18,0,1,0,0,0,0,1,1,2,1,44,7,1753,2,8,5,1,5
2017350150310,1,9,0,1,0,2,0,0,0,0,2,1,6,3,-1,-1,1598,2,1,-1,-1,-1
2017350150321,1,9,0,9,0,8,0,0,0,0,1,1,5,1,46,8,1796,1,6,9,1,9
2017350150321,2,9,0,18,0,1,0,0,0,0,1,1,5,1,56,9,-1,-1,-1,5,2,5
2017350150353,1,9,0,7,0,2,0,4,0,0,1,1,5,1,49,8,2499,2,18,2,1,2
2017350150353,2,9,0,2,0,2,0,0,0,0,2,1,5,2,31,6,1598,1,13,4,1,4
2017350150356,1,9,0,5,0,6,0,0,0,0,3,1,6,1,41,7,1368,1,4,8,3,8
2017350150356,2,1,0,14,0,8,0,0,0,0,1,1,6,1,61,9,-1,-1,-1,-1,-1,-1
2017350150386,1,9,0,11,0,1,0,0,0,0,0,1,6,3,-1,-1,-1,-1,-1,-1,-1,-1
2017350150386,2,9,0,4,0,1,0,0,0,0,2,1,5,2,63,9,1998,1,2,4,3,4
2017350150386,3,9,0,18,0,1,0,0,0,0,1,1,5,2,25,5,1598,1,2,9,1,9
2017350150386,4,21,1,18,0,1,0,0,0,0,1,1,1,1,36,7,12777,2,2,3,1,3
2017350150450,1,9,0,9,0,0,0,0,7,0,4,1,6,1,25,5,1595,2,7,9,1,9
2017350150450,2,9,0,18,0,0,0,0,1,0,1,1,6,1,28,6,1896,2,17,3,1,3
2017350150577,1,9,0,18,0,0,2,0,7,0,1,1,6,2,33,6,1149,1,14,7,3,7
2017350150636,1,22,0,5,9,0,0,0,0,0,1,1,6,2,-1,-1,-1,-1,-1,9,1,9
2017350150702,1,9,0,18,0,1,0,0,0,0,4,1,6,2,32,6,998,1,1,6,1,6
2017350150702,2,1,0,18,0,2,5,0,0,0,1,1,6,1,28,6,-1,-1,-1,6,1,6
2017350150725,1,9,0,18,0,8,0,0,0,0,4,1,6,1,-1,-1,1596,1,12,6,1,6
2017350150725,2,9,0,18,0,8,0,0,0,0,3,1,6,2,43,7,1560,2,6,7,2,7
2017350150736,1,9,0,18,0,2,0,0,0,0,1,1,5,2,45,7,1496,2,3,8,3,8
2017350150753,1,9,0,13,0,0,0,0,0,0,1,1,5,1,24,5,1149,1,3,1,1,1
2017350150753,2,9,0,18,0,0,0,0,0,0,1,1,5,2,79,11,1364,1,6,4,2,4
2017350150803,1,9,0,16,0,0,1,0,7,0,1,1,2,1,58,9,2982,2,6,10,2,10