Accident_Index,Vehicle_Reference,Vehicle_Type,Towing_and_Articulation,Vehicle_Manoeuvre,Vehicle_Location-Restricted_Lane,Junction_Location,Skidding_and_Overturning,Hit_Object_in_Carriageway,Vehicle_Leaving_Carriageway,Hit_Object_off_Carriageway,1st_Point_of_Impact,Was_Vehicle_Left_Hand_Drive?,Journey_Purpose_of_Driver,Sex_of_Driver,Age_of_Driver,Age_Band_of_Driver,Engine_Capacity_(CC),Propulsion_Code,Age_of_Vehicle,Driver_IMD_Decile,Driver_Home_Area_Type,Vehicle_IMD_Decile
2017350150803,2,9,0,17,0,0,0,0,0,0,1,1,2,2,29,6,1398,1,6,5,2,5
2017350150948,1,9,0,1,0,0,0,0,0,0,2,1,1,3,-1,-1,-1,-1,-1,-1,-1,-1
2017350151170,1,90,0,18,0,2,1,0,0,0,1,1,1,1,47,8,2987,2,3,8,3,8
2017350151170,2,9,0,18,0,8,0,0,0,0,3,1,5,1,56,9,1997,2,12,7,2,7
2017350151173,1,8,0,9,0,1,0,0,0,0,2,1,2,1,48,8,2143,2,3,7,1,7
2017350151173,2,9,0,18,0,1,0,0,0,0,1,1,6,1,27,6,1596,1,13,8,1,8
2017350151177,1,9,0,18,0,0,0,0,7,2,1,1,6,2,31,6,1399,1,10,6,1,6
2017350151208,1,9,0,4,0,1,0,0,0,0,1,1,6,2,21,5,1364,1,10,1,1,1
2017350151208,2,9,0,3,0,1,0,0,0,0,2,1,6,2,30,6,1461,2,5,10,3,10
2017350151232,1,9,0,18,0,0,2,0,7,0,1,1,1,1,51,8,698,1,14,4,2,4
2017350151257,1,9,0,18,0,0,0,0,0,0,1,1,5,2,42,7,-1,-1,-1,2,1,2
2017350151310,1,21,0,18,0,3,0,0,0,0,1,1,1,1,49,8,3920,2,3,4,1,4
2017350151310,2,9,0,4,0,3,0,0,0,0,2,1,6,1,27,6,-1,-1,-1,1,1,1
2017350151329,1,9,0,18,0,8,0,0,0,0,1,1,5,2,46,8,1386,1,11,6,3,6
2017350151329,2,9,0,18,0,8,0,0,0,0,3,1,5,2,32,6,1560,2,4,6,1,6
2017350151336,1,9,0,9,0,0,0,0,0,0,4,1,6,1,44,7,1968,2,1,7,3,7
2017350151336,2,9,0,18,0,0,0,0,0,0,3,1,2,1,55,8,-1,-1,-1,6,1,6
2017350151375,1,9,0,18,0,0,0,0,0,0,1,1,6,3,-1,-1,1124,1,15,-1,-1,-1
2017350151375,2,9,0,18,0,0,0,0,0,0,2,1,6,1,42,7,1560,2,1,9,2,9
2017350151390,1,98,1,17,0,0,0,0,0,0,1,1,1,1,45,7,-1,-1,-1,-1,-1,-1
2017350151390,2,9,0,16,0,0,0,0,0,0,1,1,2,1,21,5,1390,1,12,7,3,7
2017350151422,1,9,0,18,0,0,2,0,1,0,1,1,6,1,44,7,1997,2,17,9,2,9
2017350151435,1,9,0,4,0,1,0,0,3,0,1,1,2,2,26,6,1598,1,11,8,1,8
2017350151444,1,19,0,9,0,2,0,0,0,0,1,1,6,1,25,5,2198,2,4,7,1,7
2017350151444,2,3,0,18,0,8,5,0,0,0,3,1,6,1,31,6,125,1,2,1,1,1
2017350151444,3,9,0,2,0,2,0,0,0,0,1,1,6,3,-1,-1,2148,2,9,-1,-1,-1
2017350151444,4,9,0,2,0,2,0,0,0,0,3,1,6,3,-1,-1,-1,-1,-1,-1,-1,-1
2017350151448,1,98,0,5,0,4,0,0,0,0,1,1,1,1,58,9,-1,-1,-1,3,1,3
2017350151448,2,9,0,5,0,4,0,0,0,0,2,1,2,2,29,6,1149,1,9,6,3,6
2017350151519,1,9,0,18,0,2,0,0,0,0,1,1,2,1,29,6,2967,2,5,10,2,10
2017350151519,2,1,0,18,0,2,0,0,0,0,4,1,4,2,24,5,-1,-1,-1,10,2,10
2017350151532,1,9,0,17,0,1,1,0,0,0,4,1,1,2,59,9,1364,1,2,5,3,5
2017350151532,2,9,0,5,0,8,0,0,0,0,1,1,1,2,21,5,1798,8,1,5,2,5
2017350151547,1,9,0,18,0,0,0,0,7,0,1,1,5,1,58,9,-1,-1,-1,10,2,10
2017350151547,2,9,0,2,6,0,0,0,0,0,3,1,6,1,62,9,1461,2,8,-1,-1,-1
2017350151547,3,9,0,2,6,0,0,0,0,0,3,1,6,2,60,9,1798,8,2,-1,-1,-1
2017350151579,1,9,0,17,0,0,0,10,1,3,4,1,6,1,42,7,2996,1,2,2,1,2
2017350151592,1,8,0,7,0,4,0,0,0,0,1,1,6,1,-1,-1,-1,-1,-1,-1,-1,-1
2017350151592,2,1,0,18,0,8,1,0,0,0,4,1,5,2,30,6,-1,-1,-1,9,1,9
2017350151665,1,19,0,4,0,1,0,0,0,0,1,1,6,1,-1,-1,2198,2,8,3,1,3
2017350151665,2,9,0,3,0,4,0,0,0,0,2,1,6,2,63,9,1364,1,11,6,2,6
2017350151674,1,9,0,18,0,0,0,4,0,0,1,1,6,1,20,4,1360,1,17,2,1,2
2017350151674,2,8,0,2,6,0,0,0,0,0,2,1,1,1,28,6,1968,2,9,1,1,1
2017350151712,1,9,0,1,9,0,0,0,0,0,2,1,6,1,-1,-1,1364,1,9,-1,-1,-1
2017350151770,1,9,0,18,0,0,0,4,0,0,3,1,5,1,44,7,1995,2,6,-1,-1,-1
2017350151770,2,9,0,2,0,0,0,0,0,0,3,1,1,1,50,8,-1,-1,-1,2,1,2
2017350151808,1,9,0,18,0,0,0,0,0,0,1,1,6,1,24,5,-1,-1,-1,6,2,6
2017350151808,2,19,0,3,0,0,0,0,0,0,2,1,6,1,-1,-1,1560,2,4,-1,-1,-1
2017350151874,1,9,0,8,0,4,0,0,0,0,2,1,5,2,65,9,1399,2,9,8,3,8
2017350151874,2,9,0,18,0,1,2,0,0,0,1,1,5,1,81,11,1798,1,10,9,2,9
2017350151908,1,-1,0,18,0,1,0,0,0,0,1,1,6,3,-1,-1,-1,-1,-1,-1,-1,-1
2017350151908,2,9,0,3,0,1,0,0,0,0,2,1,6,2,48,8,1968,2,7,3,1,3
2017350152103,1,9,0,3,0,1,0,0,0,0,2,1,6,1,76,11,1560,2,3,1,1,1
2017350152103,2,9,0,18,0,1,0,0,1,0,1,1,6,1,25,5,-1,-1,-1,2,1,2
2017350152201,1,90,0,18,4,1,0,0,0,0,1,1,6,2,-1,-1,-1,-1,-1,-1,-1,-1
2017350152293,1,1,0,13,0,0,0,0,0,0,4,1,6,1,-1,-1,-1,-1,-1,-1,-1,-1
2017350152293,2,1,0,18,0,0,0,0,0,0,3,1,6,2,23,5,-1,-1,-1,7,1,7
2017350152554,1,98,0,18,0,0,0,0,0,0,1,1,1,1,47,8,-1,-1,-1,-1,-1,-1
2017350152554,2,9,0,12,0,0,0,0,0,0,1,1,2,1,35,6,1124,1,11,7,3,7
2017350152607,1,9,0,17,0,3,0,0,0,0,3,1,5,2,27,6,1299,1,15,-1,-1,-1
2017350152607,2,9,0,11,0,3,0,0,0,0,4,1,5,2,38,7,1796,1,15,9,2,9
2017350152660,1,9,0,18,0,0,5,0,7,9,1,1,2,1,54,8,-1,-1,-1,4,1,4
2017350152695,1,9,0,13,0,0,0,0,7,0,4,1,5,1,63,9,1198,1,5,8,3,8
2017350152695,2,9,0,9,0,0,0,0,7,0,3,1,5,2,25,5,1910,2,8,6,1,6
2017350152728,1,9,0,16,0,0,1,0,7,4,1,1,5,2,40,7,1390,1,15,9,3,9
2017350152748,1,1,0,18,0,8,0,0,0,0,4,1,6,2,24,5,-1,-1,-1,8,1,8
2017350152748,2,9,0,7,0,8,0,0,0,0,1,1,6,1,59,9,1689,2,16,7,1,7
2017350152769,1,9,0,18,0,0,0,0,0,0,1,1,1,1,35,6,-1,-1,-1,4,1,4
2017350152769,2,9,0,4,0,0,0,0,0,0,2,1,5,1,36,7,2500,2,13,8,3,8
2017350152786,1,21,1,18,0,0,1,0,0,0,1,1,1,1,45,7,12740,2,2,-1,-1,-1
2017350152786,2,98,1,4,0,0,0,0,0,0,2,1,1,1,40,7,-1,-1,-1,-1,-1,-1
2017350152821,1,21,1,1,0,8,0,0,0,0,2,1,1,1,46,8,12902,2,3,4,1,4
2017350152821,2,9,0,18,0,1,0,0,1,0,1,1,6,1,77,11,2099,1,12,10,2,10
2017350152826,1,9,0,12,0,0,0,0,0,0,1,1,5,2,18,4,1242,1,7,-1,-1,-1
2017350152826,2,9,0,18,0,0,0,0,0,0,1,1,5,2,66,10,1968,2,6,9,2,9
2017350152857,1,5,0,18,0,0,1,0,1,0,1,1,6,1,30,6,649,1,5,2,1,2
2017350152904,1,9,0,18,0,0,0,4,0,0,1,1,6,2,45,7,1796,1,16,6,3,6
2017350152904,2,9,0,2,0,0,0,0,1,11,2,1,6,3,-1,-1,1229,1,9,-1,-1,-1
2017350152928,1,9,0,18,0,0,1,0,4,6,1,1,5,2,39,7,1390,1,16,8,1,8
2017350152934,1,9,0,18,0,0,0,0,0,0,2,1,5,2,44,7,1896,2,14,5,1,5
2017350152934,2,9,0,18,0,0,0,1,0,0,1,1,5,2,54,8,1560,2,7,9,1,9
2017350152934,3,9,0,18,0,0,0,1,0,0,1,1,5,1,58,9,-1,-1,-1,9,1,9
2017350152934,4,9,0,18,0,0,0,1,0,0,1,1,5,2,82,11,-1,-1,-1,7,1,7
2017350152941,1,9,0,18,0,3,1,10,7,4,4,1,5,1,31,6,1560,2,8,2,1,2
2017350153028,1,9,0,18,0,0,0,0,0,0,3,1,5,2,60,9,1591,1,1,8,2,8
2017350153028,2,9,0,18,0,0,0,0,1,0,3,1,5,1,29,6,1390,1,14,9,1,9
2017350153035,1,19,0,18,0,0,1,0,0,0,1,1,1,1,56,9,2198,2,4,6,1,6
2017350153035,2,9,0,3,0,0,0,0,0,0,2,1,2,1,51,8,1999,2,1,6,1,6
2017350153035,3,9,0,3,0,0,0,0,0,0,2,1,2,1,39,7,-1,-1,-1,5,1,5
2017350153035,4,9,0,3,0,0,0,0,0,0,2,1,1,1,20,4,1395,1,1,8,1,8
2017350153078,1,19,0,4,0,0,0,0,0,0,1,1,2,1,-1,-1,1598,2,5,5,3,5
2017350153078,2,9,0,4,0,0,0,0,0,0,2,1,2,1,32,6,998,1,2,9,1,9
2017350153078,3,9,0,4,0,0,0,0,0,0,2,1,2,1,-1,-1,1995,2,3,5,2,5
2017350153203,1,9,0,18,0,8,0,0,0,0,3,1,6,1,17,4,1900,2,13,1,1,1
2017350153203,2,9,0,9,0,8,0,0,0,0,1,1,6,2,39,7,1198,1,7,4,1,4
2017350153209,1,9,0,18,0,2,0,0,0,0,1,1,6,2,70,10,1968,2,12,9,2,9
2017350153209,2,9,0,17,0,1,0,0,0,0,1,1,3,1,40,7,1461,2,3,9,3,9
2017350153256,1,19,0,18,0,0,0,0,4,6,1,1,5,1,31,6,2143,2,2,6,1,6
2017350153256,2,9,0,4,0,0,0,0,0,0,2,1,5,1,21,5,1242,1,2,6,2,6
2017350153256,3,19,0,4,0,0,0,0,0,0,2,1,5,1,32,6,2148,2,9,5,1,5
2017350153261,1,19,0,17,0,0,0,0,0,0,1,1,1,1,23,5,2198,2,2,3,1,3
2017350153261,2,9,0,18,0,0,0,0,0,0,1,1,2,1,26,6,1598,1,7,5,3,5
2017350153266,1,9,0,13,0,0,2,0,1,0,4,1,6,1,29,6,2188,2,14,7,1,7
2017350153307,1,9,0,18,0,0,0,0,7,7,1,1,5,1,51,8,1840,1,17,8,2,8
2017350153320,1,9,0,18,0,0,0,0,0,0,3,1,1,1,71,10,1560,2,5,-1,-1,-1
2017350153365,1,9,0,14,0,0,0,0,0,0,1,1,5,1,59,9,1329,1,8,6,1,6
2017350153373,1,9,0,5,0,0,0,0,0,0,3,1,6,1,51,8,2198,2,12,5,1,5
2017350153373,2,5,0,18,0,0,0,0,0,0,1,1,6,1,61,9,599,1,21,4,1,4
2017350153379,1,9,0,4,0,1,0,0,0,0,1,1,5,1,49,8,1910,2,11,8,3,8
2017350153379,2,9,0,3,0,1,0,0,0,0,2,1,5,1,67,10,1968,2,2,8,1,8
2017350153433,1,9,0,18,0,0,0,0,0,0,3,1,1,1,35,6,1499,2,1,9,2,9
2017350153433,2,9,0,18,0,0,0,0,4,0,4,1,1,1,58,9,1124,1,16,7,1,7
2017350153433,3,98,1,18,8,0,0,0,0,0,0,1,1,3,-1,-1,-1,-1,-1,-1,-1,-1
2017350153450,1,9,0,18,0,0,1,0,0,0,3,1,6,2,45,7,1599,1,14,10,2,10
2017350153450,2,9,0,13,0,0,0,0,0,0,4,1,6,1,42,7,1969,2,3,-1,-1,-1
2017350153517,1,9,0,18,0,8,0,0,0,0,1,1,5,1,46,8,1998,2,11,5,2,5
2017350153517,2,9,0,18,0,1,0,0,0,0,2,1,6,1,63,9,1968,2,11,2,1,2
2017350153522,1,19,0,16,0,0,5,0,7,0,1,1,1,1,28,6,1248,2,9,10,3,10
2017350153690,1,9,0,18,0,0,1,0,1,0,1,1,6,1,39,7,1870,2,11,6,2,6
2017350153690,2,19,0,18,0,0,0,0,1,0,1,1,1,1,36,7,2143,2,5,5,2,5
2017350153730,1,9,0,18,0,8,0,0,0,0,1,1,6,2,-1,-1,-1,-1,-1,-1,-1,-1
2017350153730,2,1,0,9,0,8,0,0,0,0,3,1,6,2,41,7,-1,-1,-1,5,1,5
2017350153814,1,9,0,18,0,0,1,10,7,9,1,1,6,1,46,8,1560,2,9,7,1,7
2017350153909,1,9,0,18,0,0,0,0,0,0,4,1,5,2,72,10,1395,1,3,7,1,7
2017350153939,1,9,0,17,0,0,2,0,1,0,1,1,6,1,50,8,2982,2,21,4,1,4
2017350153967,1,9,0,9,0,8,0,0,0,0,1,1,6,3,-1,-1,-1,-1,-1,-1,-1,-1
2017350153967,2,1,0,18,4,8,0,0,0,0,3,1,6,2,58,9,-1,-1,-1,5,1,5
2017350153992,1,9,0,18,0,0,0,6,2,7,1,1,6,1,22,5,1360,1,18,2,1,2
2017350154033,1,9,0,5,0,4,0,0,0,0,3,1,5,1,28,6,1461,2,4,1,1,1
2017350154033,2,3,0,18,0,8,5,0,0,0,1,1,1,1,52,8,125,1,5,2,1,2
2017350154104,1,9,0,5,0,8,0,0,0,0,1,1,3,1,33,6,1364,1,13,2,1,2
2017350154104,2,1,0,7,0,8,0,0,0,0,3,1,5,1,58,9,-1,-1,-1,2,1,2
2017350154108,1,9,0,11,0,5,5,0,1,0,1,1,1,1,54,8,1398,2,11,1,1,1
2017350154193,1,3,0,7,0,1,0,0,0,0,0,1,4,1,18,4,125,1,1,3,3,3
2017350154449,1,1,0,18,0,3,0,0,0,0,1,1,6,2,56,9,-1,-1,-1,3,1,3
2017350154449,2,8,0,9,0,3,0,0,0,0,4,1,1,1,41,7,-1,-1,-1,8,3,8
2017350154494,1,3,0,16,0,3,1,0,0,0,4,1,6,1,17,4,125,1,5,9,2,9
2017350154582,1,-1,0,18,0,0,0,0,0,0,1,1,6,3,-1,-1,-1,-1,-1,-1,-1,-1
2017350154607,1,9,0,9,0,8,0,0,0,0,1,1,6,2,34,6,1596,1,12,5,1,5
2017350154607,2,1,0,18,0,8,0,0,0,0,3,1,6,1,22,5,-1,-1,-1,10,1,10
2017350154650,1,9,0,16,0,0,0,0,7,9,1,1,2,1,25,5,1796,1,18,5,2,5
2017350154811,1,3,0,16,0,0,0,0,0,0,1,1,5,1,17,4,124,1,6,4,1,4
2017350154811,2,9,0,18,0,0,0,0,0,0,1,1,5,2,67,10,-1,-1,-1,8,1,8
2017350154832,1,19,0,5,9,0,0,0,0,0,1,1,6,1,-1,-1,1995,2,9,3,1,3
2017350155073,1,9,0,18,0,8,0,0,0,0,1,1,5,2,-1,-1,1242,1,11,6,1,6
2017350155338,1,9,0,13,0,0,0,0,7,0,2,1,3,2,18,4,1796,1,16,4,2,4
2017350155338,2,19,0,18,0,0,0,0,1,0,1,1,1,1,29,6,2198,2,5,6,2,6
2017350155405,1,1,0,18,0,0,0,4,0,0,1,1,6,1,24,5,-1,-1,-1,9,1,9
2017350155405,2,9,0,2,0,0,0,0,0,0,2,1,6,2,-1,-1,1997,2,4,-1,-1,-1
2017350155457,1,9,0,3,0,0,0,0,0,0,1,1,6,1,18,4,-1,-1,-1,2,1,2
2017350155457,2,9,0,3,0,0,0,0,0,0,2,1,6,1,29,6,-1,-1,-1,5,1,5
2017350155459,1,19,0,4,0,0,0,0,0,0,1,1,1,1,61,9,2148,2,11,5,1,5
2017350155459,2,21,1,4,0,0,0,0,0,0,2,1,1,1,40,7,6693,2,4,7,1,7
2017350155459,3,19,0,4,0,0,0,0,0,0,2,1,1,1,49,8,2999,2,5,3,3,3
2017350155459,4,21,0,4,0,0,0,0,0,0,1,1,1,1,53,8,5880,2,3,4,3,4
2017350155459,5,9,0,4,0,0,0,0,0,0,1,1,5,1,64,9,1975,1,9,5,3,5
2017350155534,1,9,0,9,0,2,0,0,1,0,4,1,2,2,37,7,998,1,34,8,3,8
2017350155534,2,19,0,18,0,8,1,0,1,0,3,1,2,1,45,7,2402,2,6,3,1,3
2017350155546,1,9,0,9,0,8,0,0,0,0,1,1,6,2,50,8,1900,2,12,10,1,10
2017350155546,2,1,0,18,4,8,0,0,0,0,3,1,6,1,61,9,-1,-1,-1,10,1,10
2017350155609,1,9,0,18,0,0,0,0,1,7,1,1,2,1,44,7,1587,1,12,6,2,6
2017350155633,1,19,0,17,0,0,0,0,7,9,1,1,1,1,26,6,2151,2,15,2,1,2
2017350155712,1,9,0,12,0,0,0,0,0,0,1,1,2,1,19,4,999,1,2,10,3,10
2017350155712,2,4,0,18,0,0,0,0,1,0,1,1,2,1,63,9,499,1,1,7,2,7
2017350155746,1,9,0,18,0,0,0,0,0,0,1,1,5,2,63,9,1200,1,5,1,1,1
2017350155746,2,1,0,18,0,0,0,0,0,0,3,1,6,1,30,6,-1,-1,-1,1,1,1
2017350155844,1,98,0,18,0,0,0,0,0,0,1,1,5,2,73,10,-1,-1,-1,5,2,5
2017350155844,2,9,0,3,0,0,0,0,0,0,2,1,5,2,47,8,1399,2,8,5,2,5
2017350155844,3,9,0,2,0,0,0,0,0,0,4,1,5,1,-1,-1,1991,2,10,4,1,4
2017350156098,1,9,0,7,0,8,0,0,0,0,3,1,5,1,21,5,1388,1,14,5,1,5
2017350156098,2,1,0,18,0,8,0,0,0,0,1,1,5,2,43,7,-1,-1,-1,5,1,5
2017350156161,1,9,0,18,0,0,0,0,0,0,1,1,6,1,-1,-1,-1,-1,-1,-1,-1,-1
2017350156211,1,9,0,3,1,0,0,0,0,0,1,1,6,2,35,6,1596,1,5,3,1,3
2017350156211,2,9,0,3,1,0,0,0,0,0,2,1,1,1,41,7,-1,-1,-1,-1,-1,-1
2017350156267,1,9,0,18,0,0,0,0,0,0,4,1,2,1,27,6,-1,-1,-1,2,1,2
2017350156499,1,9,0,18,0,6,0,0,0,0,1,1,5,1,69,10,1598,1,10,5,2,5
2017350156523,1,9,0,3,0,1,0,0,7,0,2,1,5,2,27,6,1968,2,9,4,1,4
2017350156523,2,3,0,18,0,1,0,0,0,0,1,1,5,1,18,4,124,1,1,5,1,5
2017350156572,1,9,0,18,0,0,0,0,0,0,1,1,2,2,23,5,1199,1,13,9,1,9
2017350156572,2,9,0,4,0,0,0,0,0,0,2,1,2,1,27,6,998,1,7,10,1,10
2017350156572,3,9,0,4,0,0,0,0,0,0,2,1,2,1,47,8,1796,1,10,6,3,6
2017350156609,1,19,4,18,0,0,0,0,0,0,1,1,1,1,67,10,2287,2,4,9,1,9
2017350156609,2,9,0,4,0,0,0,0,0,0,2,1,1,1,28,6,1896,2,16,8,1,8
2017350156609,3,19,0,4,0,0,0,0,0,0,2,1,2,1,54,8,1560,2,1,6,1,6
2017350156701,1,9,0,5,0,0,0,0,0,0,4,1,6,1,-1,-1,-1,-1,-1,-1,-1,-1
2017350156714,1,9,0,18,0,0,0,0,0,0,1,1,6,1,70,10,1390,1,6,7,3,7
2017350156714,2,9,0,18,0,0,0,0,1,0,1,1,6,1,70,10,1956,2,3,4,3,4
2017350156722,1,1,0,18,0,8,0,0,0,0,4,1,6,1,-1,-1,-1,-1,-1,10,1,10
2017350156722,2,9,0,7,0,4,0,0,0,0,1,1,6,1,36,7,1390,1,13,8,1,8
2017350156739,1,9,0,13,0,0,0,0,0,0,1,1,5,1,28,6,1968,2,12,5,3,5
2017350156739,2,21,1,18,0,0,0,0,1,0,3,1,1,1,42,7,12809,2,3,3,1,3
2017350156933,1,9,0,5,0,4,0,0,0,0,1,1,6,1,62,9,995,1,7,8,2,8
2017350156933,2,1,0,18,0,8,0,0,0,0,4,1,6,2,22,5,-1,-1,-1,6,1,6
2017350157271,1,9,0,18,0,1,0,0,0,0,1,1,6,2,45,7,1679,1,17,10,2,10
2017350157271,2,9,0,5,0,1,0,0,0,0,2,1,6,1,45,7,1598,2,8,10,2,10
2017350157271,3,9,0,5,0,1,0,0,0,0,2,1,6,2,45,7,1364,1,10,8,2,8
2017350157550,1,9,0,18,0,0,0,0,1,9,1,1,6,1,50,8,1796,1,14,2,1,2
2017350157717,1,98,1,18,0,0,0,0,0,0,1,1,1,1,45,7,-1,-1,-1,4,1,4
2017350157740,1,9,0,11,0,0,1,0,1,1,4,1,6,1,34,6,1390,1,16,4,1,4
2017350157740,2,9,0,18,0,0,0,0,0,0,0,1,6,2,57,9,1339,1,15,6,3,6
2017350157759,1,9,0,13,0,0,0,0,0,0,1,1,6,1,-1,-1,1398,2,15,-1,-1,-1
2017350157759,2,1,0,18,0,0,0,0,0,0,3,1,6,1,48,8,-1,-1,-1,1,1,1
2017350157794,1,1,0,18,0,8,0,0,0,0,1,1,2,1,37,7,-1,-1,-1,3,2,3
2017350157794,2,9,0,4,0,3,0,0,0,0,1,1,6,1,65,9,1596,1,10,3,1,3
2017350157803,1,9,0,18,0,0,0,0,0,0,1,1,6,3,-1,-1,1587,1,17,-1,-1,-1
2017350157803,2,9,0,7,0,0,0,0,1,0,3,1,1,2,43,7,1061,1,14,2,1,2
2017350157828,1,9,0,18,0,4,0,0,0,0,1,1,5,1,60,9,1988,2,13,1,1,1
2017350157828,2,3,0,9,0,8,0,0,0,0,4,1,1,1,31,6,108,1,1,4,1,4
2017350157886,1,9,0,6,0,0,0,0,0,0,3,1,6,1,39,7,2993,2,11,10,1,10
2017350157886,2,1,0,18,0,0,0,0,0,0,1,1,6,2,31,6,-1,-1,-1,7,1,7
2017350157947,1,9,0,9,0,8,0,0,0,0,4,1,6,3,-1,-1,1596,1,11,-1,-1,-1
2017350157947,2,1,0,18,0,1,0,0,0,0,1,1,6,1,21,5,-1,-1,-1,8,1,8
2017350157959,1,9,0,18,0,8,0,0,0,0,1,1,6,2,-1,-1,-1,-1,-1,-1,-1,-1
2017350157959,2,1,0,18,0,8,0,0,0,0,1,1,1,1,20,4,-1,-1,-1,6,1,6
2017350157973,1,9,0,18,0,3,0,0,0,0,1,1,6,3,-1,-1,1368,1,11,-1,-1,-1
2017350157987,1,9,0,16,0,0,2,0,1,0,1,1,5,1,28,6,3200,1,8,10,2,10
2017350158073,1,9,0,9,0,2,0,0,0,0,1,1,6,1,24,5,2495,1,22,7,1,7
2017350158073,2,9,0,18,0,1,0,0,0,0,1,1,6,1,35,6,1499,2,1,3,1,3
2017350158086,1,9,0,3,0,2,0,0,0,0,1,1,6,2,-1,-1,-1,-1,-1,-1,-1,-1
2017350158111,1,9,0,8,0,0,0,0,0,0,2,1,5,2,75,10,1587,1,11,3,1,3
2017350158111,2,2,0,3,0,0,0,0,1,0,1,1,5,1,16,4,50,1,4,2,1,2
2017350158145,1,1,0,18,0,1,0,0,0,0,2,1,6,1,32,6,-1,-1,-1,7,1,7
2017350158145,2,9,0,18,0,1,0,0,0,0,1,1,6,1,24,5,1390,2,16,7,1,7
2017350158183,1,19,0,18,0,0,0,4,0,0,1,1,5,1,52,8,1461,2,10,8,3,8
2017350158183,2,9,0,2,0,0,0,4,0,0,2,1,5,1,-1,-1,1968,2,8,6,2,6
2017350158183,3,9,0,2,0,0,0,0,0,0,2,1,5,2,20,4,1388,1,7,6,2,6
2017350158211,1,9,0,9,0,0,0,0,0,0,1,1,5,1,54,8,2987,2,3,9,1,9
2017350158211,2,9,0,18,0,0,0,0,0,0,1,1,5,2,19,4,1124,1,13,5,2,5
2017350158213,1,9,0,18,0,8,0,0,0,0,1,1,6,2,57,9,1796,1,10,7,1,7
2017350158213,2,1,0,18,0,8,5,0,0,0,4,1,6,1,23,5,-1,-1,-1,9,1,9
2017350158308,1,9,0,5,0,6,0,0,0,0,1,1,6,2,37,7,1598,1,14,1,1,1
2017350158308,2,1,0,18,0,8,0,0,0,0,4,1,2,1,41,7,-1,-1,-1,4,1,4
2017350158561,1,19,0,16,0,1,0,0,0,0,1,1,1,1,-1,-1,1560,2,4,4,3,4
2017350158561,2,9,0,8,0,1,0,0,0,0,2,1,5,1,45,7,1988,1,13,4,2,4
2017350158573,1,9,0,13,0,0,1,0,0,0,1,1,5,1,20,4,-1,-1,-1,-1,-1,-1
2017350158573,2,9,0,18,0,0,2,0,1,9,1,1,1,1,27,6,-1,-1,-1,-1,-1,-1
2017350158755,1,9,0,13,0,0,0,0,0,0,4,1,6,2,37,7,1560,2,8,10,2,10
2017350158755,2,1,0,18,0,0,0,0,0,0,3,1,6,1,28,6,-1,-1,-1,1,1,1
2017350158936,1,19,0,18,0,4,0,0,0,0,3,1,5,1,44,7,1997,2,6,7,1,7
2017350158936,2,5,0,9,0,8,0,0,0,0,4,1,5,1,52,8,980,1,24,8,1,8
2017350158992,1,9,0,5,0,0,0,0,0,0,0,1,6,1,54,8,1896,2,8,9,3,9
2017350158992,2,9,0,3,0,0,0,0,0,0,1,1,5,2,43,7,1969,2,2,8,3,8
2017350158992,3,9,0,3,0,0,0,0,0,0,2,1,5,2,24,5,1198,1,5,8,1,8
2017350159046,1,21,1,18,0,0,0,0,0,0,3,1,1,1,70,10,12900,2,8,3,3,3
2017350159092,1,9,0,18,0,0,0,0,0,0,1,1,3,2,44,7,1997,2,7,9,3,9
2017350159092,2,9,0,18,0,0,0,0,0,0,1,1,3,2,51,8,1242,1,10,10,3,10
2017350159135,1,8,0,18,9,1,0,0,0,0,4,1,1,1,20,4,2684,2,14,2,1,2
2017350159192,1,9,0,18,0,0,0,0,0,0,1,1,5,1,20,4,1388,1,14,7,3,7
2017350159192,2,9,0,4,0,0,0,0,0,0,2,1,5,1,40,7,1968,2,3,5,2,5
2017350159204,1,9,0,18,0,0,0,0,7,4,1,1,6,2,39,7,1360,1,10,5,1,5
2017350159210,1,9,0,18,0,0,1,0,0,0,1,1,6,1,19,4,-1,-1,-1,6,1,6
2017350159210,2,9,0,18,0,0,0,0,0,0,1,1,5,1,77,11,-1,-1,-1,6,2,6
2017350159253,1,98,1,18,0,0,0,0,0,0,4,1,6,3,-1,-1,-1,-1,-1,-1,-1,-1
2017350159253,2,98,0,2,6,0,0,0,0,0,3,1,1,1,37,7,-1,-1,-1,-1,-1,-1
2017350159265,1,9,0,9,0,0,0,0,0,0,1,1,6,2,44,7,2179,2,8,6,2,6
2017350159265,2,9,0,18,0,0,0,0,0,0,1,1,6,2,59,9,999,1,1,9,1,9
2017350159319,1,1,0,9,0,0,0,0,0,0,4,1,5,2,19,4,-1,-1,-1,5,1,5
2017350159319,2,9,0,18,0,0,0,0,0,0,1,1,5,1,29,6,1390,1,6,3,1,3
2017350159417,1,5,0,17,0,0,2,0,1,9,0,1,5,1,44,7,1262,1,1,8,2,8
2017350159444,1,9,0,9,0,6,0,0,0,0,3,1,6,1,33,6,-1,-1,-1,9,2,9
2017350159444,2,9,0,18,0,1,0,0,0,0,1,1,6,2,56,9,1560,2,3,9,2,9
2017350159498,1,9,0,7,0,2,0,4,7,10,1,1,5,1,16,4,1896,2,15,1,1,1