Accident_Index,Vehicle_Reference,Vehicle_Type,Towing_and_Articulation,Vehicle_Manoeuvre,Vehicle_Location-Restricted_Lane,Junction_Location,Skidding_and_Overturning,Hit_Object_in_Carriageway,Vehicle_Leaving_Carriageway,Hit_Object_off_Carriageway,1st_Point_of_Impact,Was_Vehicle_Left_Hand_Drive?,Journey_Purpose_of_Driver,Sex_of_Driver,Age_of_Driver,Age_Band_of_Driver,Engine_Capacity_(CC),Propulsion_Code,Age_of_Vehicle,Driver_IMD_Decile,Driver_Home_Area_Type,Vehicle_IMD_Decile
2017350159498,2,8,0,2,0,2,0,0,0,0,2,1,6,3,-1,-1,1968,2,6,-1,-1,-1
2017350159529,1,21,1,18,0,0,1,4,0,0,1,1,1,1,56,9,12777,2,4,5,3,5
2017350159529,2,21,0,2,0,0,0,0,1,0,2,1,1,1,35,6,12740,2,-1,4,1,4
2017350159529,3,9,0,18,0,0,0,4,1,0,1,1,1,2,35,6,998,1,7,7,3,7
2017350159538,1,22,0,18,9,0,5,0,1,0,3,1,5,1,68,10,-1,-1,-1,7,3,7
2017350159554,1,2,0,18,0,1,2,0,0,0,1,1,5,1,16,4,49,1,6,8,1,8
2017350159554,2,9,0,9,0,1,0,0,0,0,2,1,5,2,38,7,1798,1,3,10,1,10
2017350159714,1,9,0,9,0,6,0,0,0,0,1,1,5,1,45,7,1360,1,10,2,1,2
2017350159817,1,9,0,18,0,1,0,0,0,0,1,1,5,1,24,5,1896,2,8,7,1,7
2017350159817,2,1,0,12,0,1,0,0,0,0,3,1,2,2,31,6,-1,-1,-1,6,1,6
2017350159903,1,19,0,6,0,1,0,0,0,0,3,1,1,1,28,6,1461,2,12,2,3,2
2017350159903,2,3,0,18,0,1,0,0,0,0,1,1,2,1,23,5,124,1,9,3,1,3
2017350159997,1,19,0,7,0,0,0,0,0,0,4,1,1,1,48,8,1598,2,3,6,1,6
2017350159997,2,1,0,18,2,0,0,0,0,0,1,1,6,2,23,5,-1,-1,-1,-1,-1,-1
2017350160022,1,5,0,3,0,1,0,0,0,0,1,1,6,1,31,6,599,1,13,10,1,10
2017350160062,1,9,0,15,0,0,1,0,1,2,1,1,6,1,34,6,1229,1,10,5,2,5
2017350160062,2,9,0,2,0,0,0,0,0,0,4,1,6,3,-1,-1,1598,1,2,-1,-1,-1
2017350160345,1,9,0,18,0,0,5,0,7,0,1,1,5,2,18,4,998,1,6,5,3,5
2017350160359,1,5,0,14,0,0,0,0,0,0,1,1,6,1,22,5,599,1,16,10,2,10
2017350160359,2,9,0,9,0,0,0,0,0,0,3,1,6,1,51,8,1396,1,5,8,3,8
2017350160417,1,9,0,17,0,8,0,0,0,0,4,1,1,1,-1,-1,1995,2,1,3,1,3
2017350160417,2,9,0,17,0,8,0,0,0,0,3,1,1,1,43,7,1896,2,8,3,1,3
2017350160422,1,9,0,18,0,0,5,0,1,0,1,1,6,1,19,4,1364,1,11,9,2,9
2017350160483,1,9,0,9,0,0,0,0,0,0,3,1,6,1,-1,-1,-1,-1,-1,-1,-1,-1
2017350160483,2,5,0,14,0,0,5,0,0,0,1,1,2,1,30,6,600,1,20,10,2,10
2017350160486,1,9,0,3,0,1,0,0,0,0,2,1,5,1,47,8,1461,2,10,5,2,5
2017350160486,2,9,0,4,0,1,0,0,0,0,1,1,6,1,-1,-1,1896,2,12,-1,-1,-1
2017350160530,1,98,0,4,0,0,0,0,0,0,1,1,6,1,34,6,-1,-1,-1,9,1,9
2017350160530,2,9,0,4,0,0,0,0,0,0,2,1,5,1,44,7,1896,2,10,1,1,1
2017350160557,1,9,0,18,0,1,0,0,0,0,1,1,6,1,-1,-1,1229,1,10,3,1,3
2017350160557,2,3,0,3,0,1,0,0,0,0,2,1,6,1,26,6,125,1,12,3,1,3
2017350160605,1,9,0,2,0,0,0,0,0,0,1,1,6,3,-1,-1,-1,-1,-1,-1,-1,-1
2017350160605,2,19,0,1,0,0,0,4,0,0,2,1,6,1,52,8,2464,2,10,10,1,10
2017350160644,1,21,1,18,0,1,0,0,0,0,1,1,6,1,60,9,12902,2,2,5,2,5
2017350160644,2,9,0,3,0,1,0,0,0,0,2,1,5,1,48,8,2967,2,10,4,3,4
2017350160750,1,9,0,4,0,0,0,0,0,0,2,1,5,2,24,5,1496,1,-1,6,2,6
2017350160750,2,9,0,4,0,0,0,0,0,0,1,1,1,1,64,9,1969,2,1,9,3,9
2017350160750,3,9,0,4,0,0,0,0,0,0,1,1,5,1,80,11,-1,-1,-1,9,1,9
2017350160763,1,90,1,18,0,8,0,0,0,0,4,1,1,1,32,6,-1,-1,-1,8,2,8
2017350160763,2,9,0,3,0,8,0,0,0,0,3,1,6,2,24,5,1461,2,11,6,1,6
2017350160898,1,1,0,4,0,0,0,0,0,0,3,1,5,1,55,8,-1,-1,-1,3,1,3
2017350160898,2,98,0,18,0,0,0,0,0,0,4,1,6,1,-1,-1,-1,-1,-1,-1,-1,-1
2017350160973,1,9,0,14,0,0,0,0,0,0,4,1,6,2,48,8,1798,1,11,3,1,3
2017350161172,1,1,0,18,0,8,0,0,0,0,1,1,6,1,19,4,-1,-1,-1,9,1,9
2017350161172,2,19,0,9,0,8,0,0,0,0,4,1,6,1,38,7,2198,2,7,6,2,6
2017350161270,1,9,0,18,0,0,0,0,1,0,1,1,5,1,80,11,1339,1,5,7,3,7
2017350161270,2,9,0,18,0,0,0,0,0,0,1,1,1,2,49,8,998,1,15,6,1,6
2017350161332,1,9,0,18,0,0,0,7,7,4,1,1,6,1,28,6,1587,1,14,7,1,7
2017350161377,1,9,0,18,0,1,0,0,0,0,1,1,2,1,28,6,1896,2,13,2,1,2
2017350161377,2,9,0,9,0,5,0,0,7,0,4,1,2,2,59,9,1582,2,1,5,3,5
2017350161445,1,9,0,13,0,0,0,0,0,0,4,1,2,1,27,6,1598,1,1,5,2,5
2017350161445,2,21,1,18,0,0,0,0,0,0,3,1,1,1,43,7,12130,2,14,6,2,6
2017350161508,1,19,0,4,0,0,0,0,0,0,1,1,6,1,40,7,1968,2,1,3,1,3
2017350161508,2,9,0,4,0,0,0,0,0,0,2,1,6,1,51,8,1968,2,10,3,2,3
2017350161639,1,1,0,18,0,0,0,0,0,0,1,1,5,1,33,6,-1,-1,-1,7,1,7
2017350161639,2,1,0,18,0,0,0,0,0,0,2,1,5,3,-1,-1,-1,-1,-1,-1,-1,-1
2017350161650,1,9,0,17,0,0,5,0,1,9,1,1,6,2,24,5,1999,1,11,5,1,5
2017350161864,1,9,0,18,0,0,2,0,7,0,4,1,6,2,33,6,1598,1,7,10,2,10
2017350161898,1,9,0,18,0,0,5,0,1,7,1,1,2,1,18,4,998,1,12,7,1,7
2017350161908,1,9,0,5,0,6,1,0,1,0,3,1,2,2,61,9,1598,1,8,9,3,9
2017350161908,2,9,0,18,0,8,0,0,0,0,1,1,2,1,51,8,1598,2,2,10,1,10
2017350161937,1,9,0,9,0,8,0,0,0,0,4,1,5,1,17,4,1360,1,11,10,2,10
2017350161937,2,9,0,18,0,8,0,0,0,0,1,1,5,1,55,8,1388,1,10,7,1,7
2017350161942,1,3,0,17,0,1,2,0,0,0,3,1,5,1,23,5,125,1,6,6,3,6
2017350161944,1,9,0,18,0,0,1,0,7,0,1,1,1,1,25,5,-1,-1,-1,5,3,5
2017350161944,2,9,0,4,0,0,0,0,0,0,0,1,6,3,-1,-1,-1,-1,-1,-1,-1,-1
2017350161944,3,9,0,4,0,0,0,0,0,0,0,1,6,3,-1,-1,-1,-1,-1,-1,-1,-1
2017350161987,1,19,0,4,0,0,0,0,0,0,1,1,5,1,54,8,1868,2,13,2,1,2
2017350161987,2,9,0,10,7,0,0,0,0,0,2,1,5,2,22,5,1390,1,6,9,2,9
2017350162006,1,9,0,18,0,0,0,4,0,0,1,1,5,1,29,6,1910,2,10,2,3,2
2017350162006,2,9,0,2,0,0,0,0,0,0,2,1,5,1,49,8,1896,2,8,3,1,3
2017350162006,3,9,0,2,0,0,0,0,0,0,2,1,5,1,29,6,1596,1,15,3,1,3
2017350162006,4,9,0,2,0,0,0,0,0,0,2,1,5,1,29,6,1250,1,19,3,1,3
2017350162006,5,9,0,2,0,0,0,0,0,0,3,1,5,2,31,6,1896,2,15,3,1,3
2017350162006,6,9,0,2,0,0,0,0,0,0,1,1,5,1,27,6,2685,2,13,3,1,3
2017350162006,7,9,0,2,0,0,0,0,0,0,3,1,5,2,-1,-1,1997,2,15,3,1,3
2017350162033,1,9,0,4,0,1,0,0,0,0,1,1,6,3,-1,-1,-1,-1,-1,-1,-1,-1
2017350162033,2,9,0,3,0,1,0,0,0,0,2,1,1,1,25,5,2143,2,2,10,1,10
2017350162061,1,9,0,18,0,0,2,10,1,4,3,1,6,1,39,7,1587,1,16,-1,-1,-1
2017350162135,1,3,0,9,0,8,0,0,0,0,3,1,5,2,19,4,125,1,2,7,3,7
2017350162179,1,9,0,9,0,8,0,0,0,0,1,1,6,2,-1,-1,1364,2,10,1,1,1
2017350162179,2,9,0,18,0,8,0,0,0,0,4,1,5,1,71,10,1598,1,12,1,1,1
2017350162180,1,9,0,18,0,0,0,0,0,0,1,1,5,2,25,5,1796,2,4,9,3,9
2017350162180,2,9,0,4,0,0,0,0,0,0,2,1,2,2,40,7,1149,1,12,10,1,10
2017350162216,1,9,0,18,0,0,0,0,0,0,1,1,1,1,30,6,-1,-1,-1,10,1,10
2017350162216,2,9,0,18,0,0,0,0,0,0,2,1,1,1,28,6,1422,2,2,5,1,5
2017350162220,1,11,0,18,0,0,0,0,0,0,1,1,5,1,54,8,7698,2,2,10,2,10
2017350162320,1,9,0,18,0,1,0,0,0,0,1,1,6,1,-1,-1,-1,-1,-1,1,1,1
2017350162320,2,9,0,3,0,1,0,0,0,0,2,1,5,1,29,6,1956,2,7,2,1,2
2017350162320,3,9,0,3,0,1,0,0,0,0,2,1,6,2,-1,-1,-1,-1,-1,-1,-1,-1
2017350162343,1,9,0,4,0,0,1,0,0,0,1,1,1,1,24,5,-1,-1,-1,2,1,2
2017350162343,2,9,0,4,0,0,0,0,0,0,2,1,1,1,-1,-1,-1,-1,-1,4,1,4
2017350162343,3,9,0,4,0,0,0,0,0,0,2,1,1,1,29,6,1997,2,2,10,2,10
2017350162351,1,9,0,1,0,0,0,0,0,0,2,1,5,2,51,8,1686,2,13,6,2,6
2017350162378,1,1,0,18,0,0,0,0,0,0,4,1,5,1,48,8,-1,-1,-1,2,1,2
2017350162383,1,9,0,5,0,8,0,0,0,0,1,1,6,1,59,9,1198,1,8,8,1,8
2017350162383,2,1,0,18,0,8,0,0,0,0,4,1,6,2,38,7,-1,-1,-1,8,1,8
2017350162439,1,9,0,9,0,0,0,0,0,0,1,1,6,1,-1,-1,3192,1,10,9,1,9
2017350162439,2,1,0,18,0,0,0,0,0,0,4,1,6,1,53,8,-1,-1,-1,9,1,9
2017350162651,1,19,0,9,0,0,0,0,0,0,3,1,1,1,36,7,2148,2,9,7,1,7
2017350162699,1,9,0,18,0,0,0,0,0,0,4,1,3,2,32,6,1598,2,1,9,2,9
2017350162701,1,9,0,7,9,0,0,0,0,0,1,1,5,1,57,9,1390,1,11,7,1,7
2017350162701,2,1,0,18,9,0,0,0,0,0,1,1,5,2,43,7,-1,-1,-1,2,1,2
2017350162793,1,9,0,13,0,0,5,0,1,11,4,1,1,1,51,8,1560,2,2,2,1,2
2017350162793,2,9,0,18,0,0,0,0,0,0,3,1,2,1,54,8,1598,1,10,5,1,5
2017350162879,1,9,0,18,0,0,0,0,0,0,1,1,6,1,25,5,1388,1,10,9,2,9
2017350162879,2,9,0,4,0,0,0,0,0,0,2,1,6,2,24,5,1968,2,1,6,3,6
2017350162968,1,9,0,18,0,0,0,0,1,1,1,1,5,1,38,7,4398,1,12,3,1,3
2017350162997,1,9,0,18,0,0,2,0,1,0,4,1,2,1,20,4,1242,1,9,4,2,4
2017350163026,1,9,0,18,0,1,0,0,0,0,1,1,5,2,-1,-1,1998,1,19,4,3,4
2017350163026,2,9,0,4,0,1,0,0,0,0,2,1,5,1,46,8,1910,2,12,9,3,9
2017350163068,1,9,0,18,0,0,0,0,0,0,1,1,6,1,-1,-1,1968,2,8,-1,-1,-1
2017350163068,2,9,0,4,0,0,0,0,0,0,2,1,5,1,55,8,2435,1,15,6,1,6
2017350163068,3,9,0,18,0,0,0,0,0,0,1,1,5,1,26,6,2494,1,15,1,1,1
2017350163068,4,9,0,2,0,0,0,0,0,0,2,1,6,3,-1,-1,1229,1,7,-1,-1,-1
2017350163068,5,9,0,2,0,0,0,0,0,0,1,1,5,3,-1,-1,1896,2,7,-1,-1,-1
2017350163068,6,1,0,18,0,0,0,0,0,0,1,1,5,1,21,5,-1,-1,-1,3,1,3
2017350163069,1,9,0,16,0,8,0,0,0,0,1,1,5,1,73,10,1998,1,15,6,1,6
2017350163069,2,16,0,17,0,8,5,0,0,0,1,1,5,2,56,9,-1,-1,-1,10,2,10
2017350163069,3,16,0,17,0,8,5,0,0,0,3,1,5,2,50,8,-1,-1,-1,5,1,5
2017350163153,1,19,0,17,0,3,0,0,1,0,1,1,5,1,-1,-1,1998,2,16,6,2,6
2017350163153,2,21,1,18,0,3,0,0,0,0,2,1,1,1,43,7,12902,2,2,4,3,4
2017350163239,1,9,0,18,0,8,0,0,0,0,2,1,6,2,20,4,1242,1,6,5,1,5
2017350163239,2,19,0,18,0,8,0,0,0,0,1,1,6,1,36,7,1560,2,1,10,2,10
2017350163281,1,9,0,18,0,2,0,0,0,0,1,1,2,2,23,5,1248,1,6,9,2,9
2017350163281,2,20,0,18,0,1,2,0,0,0,3,1,1,1,27,6,2998,2,9,1,1,1
2017350163365,1,19,0,18,0,0,0,0,1,0,1,1,6,1,41,7,2477,2,10,2,1,2
2017350163365,2,21,1,18,0,0,0,0,0,0,2,1,1,1,26,6,10837,2,1,2,1,2
2017350163415,1,9,0,18,0,0,0,0,0,0,4,1,1,1,25,5,1396,1,7,5,1,5
2017350163427,1,9,0,10,0,6,1,0,0,0,1,1,2,2,32,6,1595,1,9,9,1,9
2017350163427,2,9,0,16,0,1,1,0,0,0,4,1,3,1,46,8,1596,1,10,7,1,7
2017350163427,3,9,0,16,0,1,0,0,0,0,4,1,2,1,19,4,1229,1,2,6,3,6
2017350163486,1,98,0,18,0,1,0,0,1,0,1,1,1,1,61,9,-1,-1,-1,1,1,1
2017350163486,2,9,0,10,0,1,0,0,1,0,2,1,2,1,36,7,1995,2,12,10,2,10
2017350163486,3,9,0,18,0,1,0,0,0,0,1,1,2,2,34,6,998,1,3,1,1,1
2017350163486,4,9,0,18,0,1,0,0,0,0,1,1,6,2,33,6,1968,2,3,6,1,6
2017350163513,1,9,0,9,0,8,0,0,0,0,3,1,6,2,19,4,1596,1,2,6,3,6
2017350163513,2,9,0,18,0,8,0,0,0,0,4,1,6,1,40,7,1896,2,12,3,1,3
2017350163580,1,20,0,18,0,0,0,0,0,0,1,1,6,3,-1,-1,-1,2,18,-1,-1,-1
2017350163580,2,9,0,3,0,0,0,0,0,0,2,1,2,1,59,9,1590,1,13,8,1,8
2017350163593,1,9,0,18,0,4,0,0,0,0,1,1,6,2,61,9,1339,1,7,1,1,1
2017350163593,2,1,0,18,0,8,0,0,0,0,4,1,6,2,26,6,-1,-1,-1,1,1,1
2017350163680,1,9,0,18,0,0,1,11,0,0,1,1,6,2,30,6,1796,1,13,8,3,8
2017350163752,1,9,0,18,0,0,0,0,0,0,1,1,5,1,74,10,1995,1,12,8,1,8
2017350163752,2,9,0,4,0,0,0,0,0,0,2,1,5,1,27,6,999,1,1,-1,-1,-1
2017350163770,1,9,0,17,0,0,2,0,1,9,1,1,5,1,25,5,1989,1,18,7,1,7
2017350163796,1,19,0,18,0,0,0,0,0,0,1,1,1,1,61,9,1753,2,5,6,1,6
2017350163796,2,9,0,2,6,0,0,0,0,0,3,1,5,1,-1,-1,1560,2,5,-1,-1,-1
2017350163796,3,21,1,2,6,0,0,0,0,0,1,1,1,1,-1,-1,12902,2,4,-1,-1,-1
2017350163854,1,9,0,9,0,2,0,4,0,0,2,1,6,2,34,6,1598,1,12,9,2,9
2017350163854,2,9,0,18,0,2,0,0,0,0,1,1,6,1,24,5,2993,2,3,8,1,8
2017350163854,3,9,0,2,0,2,0,0,0,0,2,1,6,2,25,5,1956,2,2,8,1,8
2017350163995,1,9,0,5,0,8,0,0,0,0,1,1,6,1,65,9,1896,2,14,6,1,6
2017350163995,2,1,0,18,0,8,0,0,0,0,4,1,6,2,61,9,-1,-1,-1,7,1,7
2017350164051,1,9,0,9,0,6,0,0,0,0,1,1,5,1,53,8,2393,1,14,7,1,7
2017350164051,2,1,0,18,0,8,0,0,0,0,4,1,5,1,39,7,-1,-1,-1,8,1,8
2017350164208,1,9,0,18,0,0,5,0,1,4,4,1,6,1,-1,-1,-1,-1,-1,-1,-1,-1
2017350164396,1,9,0,18,2,0,0,7,0,0,1,1,6,1,23,5,2143,2,3,7,1,7
2017350164482,1,9,0,18,9,0,1,0,1,11,1,1,5,1,26,6,1984,1,19,1,1,1
2017350164482,2,9,0,18,0,0,0,0,0,0,0,1,1,1,44,7,2993,2,1,-1,-1,-1
2017350164553,1,9,0,18,0,1,0,0,0,0,1,1,5,2,77,11,1587,1,12,8,3,8
2017350164553,2,9,0,3,0,1,0,0,0,0,2,1,5,1,33,6,1000,1,2,9,2,9
2017350164553,3,9,0,3,0,1,0,0,0,0,2,1,5,1,61,9,1590,1,17,8,3,8
2017350164553,4,9,0,10,0,8,0,0,0,0,2,1,5,2,76,11,-1,-1,-1,8,3,8
2017350164603,1,9,0,4,0,1,0,0,0,0,1,1,5,1,42,7,1986,2,8,9,2,9
2017350164603,2,9,0,4,0,1,0,0,0,0,2,1,5,1,59,9,1329,1,6,1,1,1
2017350164627,1,9,0,9,0,6,0,0,2,6,1,1,5,2,56,9,1197,1,3,4,1,4
2017350164627,2,9,0,9,0,6,0,0,7,0,4,1,1,2,28,6,1997,2,1,4,3,4
2017350164862,1,1,0,16,0,8,0,0,0,0,1,1,5,2,54,8,-1,-1,-1,8,1,8
2017350164862,2,9,0,2,0,8,0,0,0,0,3,1,6,2,49,8,1896,2,11,8,1,8
2017350164876,1,9,0,18,0,8,0,0,0,0,1,1,6,1,17,4,1598,2,3,8,3,8
2017350164876,2,1,0,18,0,8,0,0,0,0,0,1,6,2,60,9,-1,-1,-1,7,3,7
2017350164885,1,3,0,18,0,0,0,0,0,0,1,1,6,2,18,4,125,1,1,8,3,8
2017350164885,2,9,0,18,0,0,0,0,0,0,0,1,6,1,44,7,1797,8,5,7,1,7
2017350165271,1,1,0,12,0,0,0,0,0,0,1,1,5,1,26,6,-1,-1,-1,10,2,10
2017350165271,2,9,0,18,0,0,0,0,0,0,4,1,5,1,30,6,1598,2,5,6,1,6
2017350165758,1,19,0,4,0,0,0,0,0,0,2,1,2,1,37,7,2402,2,6,5,1,5
2017350165758,2,9,0,18,0,0,0,0,0,0,1,1,2,2,38,7,1124,1,11,6,1,6
2017350165758,3,9,0,3,0,0,0,0,0,0,2,1,2,1,52,8,1242,1,4,8,1,8
2017350165758,4,19,0,3,0,0,0,0,0,0,2,1,6,1,61,9,1995,2,9,1,1,1
2017350165771,1,3,0,18,0,0,2,0,0,0,4,1,2,1,28,6,125,1,4,3,1,3
2017350165771,2,9,0,18,0,0,0,0,0,0,4,1,6,3,-1,-1,-1,-1,-1,-1,-1,-1
2017350165771,3,-1,0,18,0,0,0,0,0,0,3,1,6,3,-1,-1,-1,-1,-1,-1,-1,-1
2017350165833,1,9,0,18,9,2,0,0,1,0,1,1,6,1,51,8,1951,2,15,3,1,3
2017350165908,1,9,0,18,0,0,1,0,1,9,1,1,6,1,28,6,1994,1,17,8,2,8
2017350166034,1,9,0,18,0,0,0,0,0,0,1,1,1,2,25,5,1598,2,3,4,1,4
2017350166034,2,19,0,4,0,0,0,0,0,0,2,1,1,1,38,7,2402,2,6,4,3,4
2017350166034,3,9,0,4,0,0,0,0,0,0,2,1,2,1,55,8,1796,2,3,7,3,7
2017350166034,4,9,0,4,0,0,0,0,0,0,2,1,2,2,26,6,1560,2,3,1,1,1
2017350166078,1,9,0,15,0,0,0,0,0,0,1,1,6,1,31,6,1984,1,20,7,2,7
2017350166078,2,1,0,18,0,0,0,0,0,0,1,1,6,1,53,8,-1,-1,-1,10,1,10
2017350166274,1,19,0,5,9,0,0,0,0,0,4,1,2,1,56,9,2402,2,10,7,1,7
2017350166274,2,1,0,18,9,0,2,0,0,0,1,1,6,2,68,10,-1,-1,-1,5,1,5
2017350166319,1,9,0,4,0,1,0,0,0,0,2,1,6,1,33,6,1896,2,12,1,1,1
2017350166319,2,9,0,4,0,1,0,0,0,0,1,1,6,2,26,6,1242,1,18,4,3,4
2017350166323,1,19,0,18,0,0,0,0,0,0,1,1,1,1,21,5,2198,2,5,7,3,7
2017350166323,2,9,0,3,0,0,0,0,0,0,2,1,1,1,49,8,1598,2,1,8,2,8
2017350166323,3,9,0,3,0,0,0,0,0,0,2,1,5,1,82,11,1686,2,6,5,3,5
2017350166376,1,90,1,1,0,0,0,0,0,0,2,1,1,1,36,7,-1,-1,-1,-1,1,-1
2017350166376,2,9,0,18,0,0,0,0,0,0,4,1,6,1,67,10,1968,2,4,4,3,4
2017350166422,1,9,0,5,0,1,0,0,0,0,1,1,6,1,22,5,1248,2,10,5,3,5
2017350166422,2,3,0,3,0,1,0,0,0,0,2,1,1,1,40,7,123,1,1,7,1,7
2017350166460,1,9,0,17,0,0,0,0,0,0,3,1,6,2,28,6,1794,1,14,3,1,3
2017350166460,2,9,0,16,0,0,0,0,0,0,1,1,5,1,46,8,1796,1,5,4,1,4
2017350166463,1,9,0,18,0,0,0,0,1,11,2,1,6,3,-1,-1,1398,1,17,-1,-1,-1
2017350166504,1,9,0,18,0,0,1,0,7,11,1,1,5,1,18,4,1900,2,12,5,1,5
2017350166504,2,9,0,2,0,0,0,0,0,0,1,1,5,3,-1,-1,1299,1,14,-1,-1,-1
2017350166538,1,11,0,18,0,8,0,0,0,0,4,1,1,1,30,6,4461,2,3,3,1,3
2017350166538,2,9,0,9,0,8,0,0,0,0,1,1,6,2,28,6,1242,1,10,7,3,7
2017350166601,1,9,0,18,0,1,0,0,0,0,1,1,5,1,21,5,1199,1,16,1,1,1
2017350166601,2,9,0,18,0,1,0,0,0,0,2,1,5,1,52,8,1910,2,11,6,1,6
2017350166614,1,9,0,18,0,4,0,0,0,0,1,1,5,1,25,5,-1,-1,-1,1,1,1
2017350166614,2,9,0,18,0,8,0,0,0,0,4,1,5,1,57,9,1995,2,13,3,1,3
2017350166643,1,9,0,17,0,0,1,0,1,9,1,1,5,1,18,4,1299,1,9,5,1,5
2017350166685,1,9,0,9,0,0,0,0,0,0,4,1,5,1,38,7,1364,1,8,3,1,3
2017350166685,2,3,0,18,0,0,0,0,0,0,1,1,5,1,25,5,123,1,1,8,1,8
2017350166708,1,98,0,18,0,2,0,0,0,0,3,1,6,1,84,11,-1,-1,-1,10,1,10
2017350166738,1,9,0,17,0,0,0,0,0,0,3,1,1,1,48,8,1968,2,6,8,3,8
2017350166738,2,1,0,18,0,0,0,0,0,0,4,1,1,1,34,6,-1,-1,-1,8,1,8
2017350166785,1,90,1,18,0,0,5,0,0,0,3,1,1,1,44,7,-1,-1,-1,7,2,7
2017350166785,2,90,0,18,0,0,0,0,0,0,1,1,1,1,54,8,-1,-1,-1,4,1,4
2017350166785,3,19,0,18,0,0,0,0,0,0,4,1,1,1,86,11,2143,2,1,8,2,8
2017350166875,1,9,0,17,0,0,2,10,7,9,1,1,5,1,87,11,1339,1,12,9,3,9
2017350166956,1,9,0,1,7,0,0,4,0,0,2,1,5,1,25,5,1124,1,12,7,1,7
2017350166956,2,9,0,2,6,0,0,0,0,0,4,1,6,1,-1,-1,1396,1,15,-1,-1,-1
2017350167004,1,9,0,18,0,1,5,0,0,0,4,1,6,1,59,9,2495,2,13,7,1,7
2017350167004,2,9,0,12,0,7,0,0,0,0,3,1,1,1,40,7,2993,2,5,-1,-1,-1
2017350167172,1,19,0,18,0,0,0,0,0,0,1,1,1,1,33,6,2198,2,6,6,1,6
2017350167172,2,9,0,4,0,0,0,0,0,0,2,1,1,1,49,8,2191,2,-1,6,2,6
2017350167252,1,8,0,5,0,6,0,0,0,0,1,1,6,1,-1,-1,-1,-1,-1,-1,-1,-1
2017350167252,2,1,0,18,0,8,0,0,0,0,4,1,6,1,19,4,-1,-1,-1,7,1,7
2017350167331,1,9,0,4,0,0,0,0,0,0,1,1,2,1,38,7,-1,-1,-1,2,1,2
2017350167331,2,9,0,4,0,0,0,0,0,0,2,1,2,2,31,6,1598,2,6,5,1,5
2017350167351,1,9,0,18,0,2,2,0,1,2,1,1,6,1,30,6,1395,8,1,10,1,10
2017350167473,1,21,0,7,0,8,0,0,0,0,4,1,1,1,26,6,9186,2,5,4,3,4
2017350167473,2,1,0,18,0,8,0,0,0,0,1,1,6,1,21,5,-1,-1,-1,10,2,10
2017350167568,1,9,0,18,0,0,1,0,1,9,1,1,2,1,35,6,1686,2,15,4,1,4
2017350167606,1,9,0,18,0,0,0,0,0,0,1,1,2,1,23,5,1596,1,10,5,1,5
2017350167732,1,9,0,18,0,0,0,0,0,0,1,1,5,2,40,7,1956,2,3,3,1,3
2017350167732,2,98,0,18,0,0,0,0,0,0,2,1,1,3,-1,-1,-1,-1,-1,-1,-1,-1
2017350167767,1,9,0,3,0,1,0,0,0,0,2,1,6,2,30,6,998,1,6,5,1,5
2017350167767,2,9,0,18,0,1,0,0,0,0,1,1,6,1,82,11,1560,2,8,10,1,10
2017350167777,1,21,0,7,0,3,0,0,0,0,1,1,1,1,53,8,12740,2,1,7,2,7
2017350167777,2,1,0,15,0,8,0,0,0,0,3,1,6,2,21,5,-1,-1,-1,5,1,5
2017350167799,1,19,0,18,0,1,0,0,0,0,1,1,2,1,51,8,1598,2,2,5,2,5
2017350167799,2,9,0,4,0,1,0,0,0,0,2,1,2,1,26,6,1598,2,3,4,3,4
2017350167805,1,9,0,18,0,0,0,4,0,0,1,1,2,1,57,9,1588,1,16,10,2,10
2017350167805,2,9,0,2,0,0,0,4,0,0,1,1,5,1,59,9,1796,1,15,10,2,10
2017350167805,3,9,0,2,0,0,0,0,2,0,1,1,5,1,76,11,1198,1,11,10,2,10
2017350167911,1,9,0,18,0,0,0,0,0,0,1,1,6,1,34,6,1968,2,2,7,3,7
2017350167911,2,8,0,18,0,0,0,0,1,0,2,1,1,1,31,6,2402,2,13,1,1,1
2017350167958,1,9,0,2,0,1,0,0,0,0,3,1,5,2,20,4,1497,1,12,10,1,10
2017350167958,2,1,0,18,0,1,0,8,0,0,1,1,5,1,34,6,-1,-1,-1,6,1,6
2017350168044,1,1,0,4,0,1,0,0,1,0,3,1,6,1,23,5,-1,-1,-1,5,1,5
2017350168044,2,8,0,3,0,1,0,0,0,0,4,1,1,1,44,7,1968,2,2,10,2,10
2017350168094,1,9,0,5,0,4,0,0,0,0,0,1,1,1,40,7,1597,2,4,5,1,5
2017350168094,2,1,0,18,0,8,0,0,0,0,3,1,1,1,39,7,-1,-1,-1,3,1,3
2017350168098,1,9,0,18,0,0,0,0,0,0,1,1,5,2,57,9,1108,1,11,10,1,10
2017350168098,2,98,0,10,0,0,0,0,0,0,2,1,5,1,23,5,-1,-1,-1,10,2,10
2017350168144,1,1,0,18,4,0,0,4,0,0,1,1,6,1,58,9,-1,-1,-1,10,2,10
2017350168144,2,9,0,2,4,0,0,0,0,0,2,1,6,1,-1,-1,1499,1,2,-1,-1,-1
2017350168221,1,9,0,9,0,0,0,0,0,0,4,1,6,1,50,8,2982,2,3,10,1,10