Accident_Index,Vehicle_Reference,Vehicle_Type,Towing_and_Articulation,Vehicle_Manoeuvre,Vehicle_Location-Restricted_Lane,Junction_Location,Skidding_and_Overturning,Hit_Object_in_Carriageway,Vehicle_Leaving_Carriageway,Hit_Object_off_Carriageway,1st_Point_of_Impact,Was_Vehicle_Left_Hand_Drive?,Journey_Purpose_of_Driver,Sex_of_Driver,Age_of_Driver,Age_Band_of_Driver,Engine_Capacity_(CC),Propulsion_Code,Age_of_Vehicle,Driver_IMD_Decile,Driver_Home_Area_Type,Vehicle_IMD_Decile
2017350168221,2,1,0,18,4,0,0,0,0,0,1,1,6,2,38,7,-1,-1,-1,8,1,8
2017350168368,1,9,0,14,0,0,0,0,0,0,1,1,6,2,60,9,1396,1,5,8,2,8
2017350168386,1,1,0,18,9,2,0,0,0,0,1,1,6,3,-1,-1,-1,-1,-1,-1,-1,-1
2017350168391,1,19,0,4,0,0,0,0,0,0,1,1,1,1,30,6,2198,2,1,3,3,3
2017350168391,2,21,1,4,0,0,0,0,0,0,2,1,1,1,30,6,12809,2,4,5,3,5
2017350168540,1,9,0,9,0,0,0,0,0,0,1,1,6,1,-1,-1,1686,2,4,-1,-1,-1
2017350168540,2,1,0,18,0,0,0,0,0,0,3,1,6,2,31,6,-1,-1,-1,9,1,9
2017350168584,1,9,0,1,0,8,0,0,0,0,4,1,5,1,34,6,1799,1,11,5,3,5
2017350168584,2,9,0,18,0,1,0,0,0,0,1,1,5,1,41,7,2987,2,7,9,1,9
2017350168657,1,9,0,18,0,0,0,0,1,9,1,1,5,1,20,4,1612,1,7,7,1,7
2017350168724,1,9,0,5,0,8,0,0,0,0,1,1,6,1,27,6,4163,1,9,4,1,4
2017350168737,1,9,0,3,0,1,0,0,0,0,2,1,6,2,34,6,1796,1,7,6,3,6
2017350168737,2,21,0,18,0,1,0,0,0,0,1,1,1,1,38,7,6693,2,4,-1,-1,-1
2017350168992,1,9,0,9,0,5,0,0,0,0,4,1,1,1,54,8,998,1,17,3,1,3
2017350168992,2,1,0,18,0,1,0,0,0,0,1,1,2,1,63,9,-1,-1,-1,10,1,10
2017350168994,1,3,0,18,0,0,0,0,0,0,0,1,1,1,39,7,108,1,1,4,1,4
2017350168994,2,90,3,18,0,0,0,0,0,0,0,1,6,3,-1,-1,2402,2,12,-1,-1,-1
2017350169000,1,98,0,5,0,1,0,0,0,0,3,1,6,3,-1,-1,-1,-1,-1,-1,-1,-1
2017350169019,1,9,0,18,0,1,0,0,0,0,1,1,6,2,26,6,1598,1,2,6,1,6
2017350169019,2,5,0,12,0,1,0,0,0,0,3,1,6,1,34,6,675,1,2,5,1,5
2017350169021,1,9,0,18,0,1,1,0,0,0,1,1,6,1,39,7,2993,2,1,1,1,1
2017350169021,2,9,0,4,0,1,0,0,0,0,2,1,5,2,34,6,1968,2,1,8,3,8
2017350169063,1,11,0,5,0,0,0,0,0,0,1,1,1,1,50,8,6700,2,7,9,1,9
2017350169063,2,1,0,11,0,0,0,0,0,0,4,1,6,1,22,5,-1,-1,-1,8,1,8
2017350169114,1,19,0,18,0,0,0,0,0,0,1,1,6,1,22,5,1686,2,13,1,1,1
2017350169134,1,9,0,5,0,8,0,0,0,0,1,1,6,1,17,4,1200,1,13,7,3,7
2017350169134,2,1,0,18,0,8,0,0,0,0,3,1,6,2,16,4,-1,-1,-1,10,1,10
2017350169142,1,9,0,9,0,8,0,0,0,0,1,1,6,2,53,8,1968,2,8,8,3,8
2017350169142,2,3,0,18,0,8,0,0,0,0,3,1,6,1,21,5,123,1,1,9,1,9
2017350169157,1,9,0,7,4,0,0,0,0,0,0,1,1,1,46,8,2143,2,3,5,1,5
2017350169157,2,1,0,18,4,0,0,0,0,0,0,1,5,2,10,2,-1,-1,-1,9,1,9
2017350169378,1,9,0,18,0,0,0,0,0,0,1,1,5,1,80,11,2198,1,12,9,3,9
2017350169378,2,1,0,18,0,0,0,0,1,9,2,1,5,1,54,8,-1,-1,-1,6,3,6
2017350169823,1,19,0,9,0,4,0,0,0,0,1,1,1,1,33,6,1560,2,2,5,1,5
2017350169823,2,1,0,18,0,8,0,0,0,0,1,1,1,2,32,6,-1,-1,-1,3,1,3
2017350169983,1,9,0,18,0,0,1,0,0,0,1,1,6,3,-1,-1,1598,2,6,-1,-1,-1
2017350169983,2,9,0,2,0,0,0,0,0,0,2,1,6,3,-1,-1,1586,1,3,-1,-1,-1
2017350169983,3,9,0,18,0,0,0,0,0,0,1,1,6,2,47,8,1493,2,10,2,1,2
2017350169983,4,9,0,2,0,0,0,0,0,0,3,1,6,3,-1,-1,1242,1,13,-1,-1,-1
2017350169983,5,9,0,2,0,0,0,0,0,0,1,1,6,3,-1,-1,1229,1,4,-1,-1,-1
2017350170041,1,9,0,18,0,0,0,0,0,0,1,1,6,1,35,6,2967,1,17,1,1,1
2017350170070,1,9,0,9,0,8,0,0,0,0,1,1,2,1,23,5,1390,1,7,10,1,10
2017350170070,2,1,0,18,0,8,0,0,0,0,1,1,2,2,27,6,-1,-1,-1,5,2,5
2017350170164,1,9,0,18,0,0,5,0,7,9,1,1,6,1,46,8,1796,1,10,5,3,5
2017350170267,1,9,0,2,0,1,0,0,0,0,3,1,2,1,47,8,1910,2,11,2,1,2
2017350170267,2,1,0,18,0,1,0,0,0,0,1,1,2,2,16,4,-1,-1,-1,2,1,2
2017350170292,1,9,0,5,0,6,0,0,0,0,4,1,5,2,18,4,1149,1,10,-1,-1,-1
2017350170292,2,9,0,17,0,1,0,0,0,0,1,1,5,1,20,4,1896,2,16,4,2,4
2017350170372,1,9,0,18,0,0,0,0,0,0,1,1,6,3,-1,-1,-1,-1,-1,-1,-1,-1
2017350170473,1,21,1,18,0,0,1,0,0,0,1,1,6,1,32,6,12777,2,2,1,1,1
2017350170473,2,9,0,3,0,0,1,0,0,0,2,1,6,2,28,6,-1,-1,-1,-1,-1,-1
2017350170473,3,9,0,3,0,0,1,0,0,0,2,1,6,1,49,8,1995,1,15,9,2,9
2017350170473,4,9,0,3,0,0,1,0,0,0,2,1,6,1,42,7,2967,2,8,10,1,10
2017350170473,5,9,0,3,0,0,0,0,0,0,2,1,6,1,34,6,1995,2,4,-1,-1,-1
2017350170636,1,21,0,18,0,8,1,0,0,0,1,1,1,1,47,8,5132,2,3,-1,-1,-1
2017350170636,2,9,0,10,0,8,0,0,0,0,2,1,5,2,62,9,998,1,13,4,2,4
2017350170664,1,19,0,1,0,0,0,0,0,0,3,1,6,1,52,8,2143,2,5,9,1,9
2017350170664,2,1,0,18,9,0,0,0,0,0,1,1,6,2,33,6,-1,-1,-1,9,1,9
2017350170691,1,9,0,16,0,0,0,0,0,0,1,1,6,2,34,6,1870,2,12,6,1,6
2017350170691,2,9,0,17,0,0,0,0,0,0,1,1,6,1,35,6,1560,2,9,4,1,4
2017350170735,1,9,0,18,0,0,0,4,0,0,1,1,1,1,35,6,2204,2,7,10,1,10
2017350170735,2,9,0,2,0,0,0,0,0,0,2,1,1,1,31,6,2496,2,13,6,1,6
2017350170748,1,9,0,18,0,0,0,0,0,0,1,1,5,1,22,5,1124,1,17,6,3,6
2017350170748,2,9,0,17,0,0,1,0,0,0,1,1,5,1,29,6,1998,2,10,2,1,2
2017350170752,1,5,0,13,0,0,0,0,0,0,4,1,6,1,52,8,1170,1,5,8,1,8
2017350170752,2,9,0,9,0,0,0,0,0,0,3,1,6,1,50,8,-1,-1,-1,9,3,9
2017350170795,1,9,0,5,0,4,0,0,0,0,3,1,5,1,28,6,1396,1,14,-1,-1,-1
2017350170795,2,1,0,18,0,8,0,0,0,0,1,1,5,1,39,7,-1,-1,-1,-1,-1,-1
2017350170814,1,19,0,18,0,2,0,0,0,0,1,1,1,1,64,9,2402,2,6,3,1,3
2017350170814,2,8,0,12,0,7,0,0,0,0,3,1,5,1,30,6,1896,2,8,5,1,5
2017350170814,3,-1,0,4,0,2,0,0,0,0,0,1,6,3,-1,-1,-1,-1,-1,-1,-1,-1
2017350170821,1,9,0,18,0,1,0,0,7,0,1,1,6,2,29,6,1598,1,3,8,2,8
2017350170821,2,1,0,7,0,6,2,0,0,0,2,1,4,1,12,3,-1,-1,-1,9,1,9
2017350170862,1,9,0,18,0,6,0,0,0,0,4,1,6,1,65,9,1598,2,2,10,3,10
2017350170934,1,9,0,18,0,4,0,0,0,0,1,1,6,2,-1,-1,1248,2,7,-1,-1,-1
2017350170934,2,9,0,3,0,1,0,0,0,0,2,1,6,1,30,6,1399,2,7,4,1,4
2017350170993,1,21,0,4,0,0,0,0,0,0,1,1,1,1,61,9,6370,2,12,9,1,9
2017350170993,2,21,1,3,0,0,0,0,0,0,2,1,5,1,63,9,4461,2,6,8,1,8
2017350170993,3,9,0,3,0,0,0,0,0,0,2,1,1,2,37,7,1596,1,12,9,3,9
2017350171045,1,9,0,7,0,0,0,0,1,0,3,1,5,2,22,5,1248,2,8,3,1,3
2017350171045,2,17,5,9,0,0,0,0,0,0,4,1,6,1,26,6,-1,2,7,3,1,3
2017350171133,1,9,0,18,0,1,0,0,0,0,1,1,5,2,89,11,1329,1,7,10,1,10
2017350171133,2,1,0,12,0,1,0,0,0,0,2,1,6,2,45,7,-1,-1,-1,7,1,7
2017350171157,1,9,0,18,0,0,0,4,0,0,1,1,6,1,31,6,2993,2,11,5,2,5
2017350171157,2,9,0,2,0,0,0,0,0,0,1,1,6,2,27,6,1197,1,1,6,2,6
2017350171189,1,9,0,18,0,0,1,0,1,10,1,1,5,1,33,6,1762,1,18,9,2,9
2017350171282,1,9,0,7,0,2,0,0,0,0,1,1,6,1,18,4,1461,2,7,6,1,6
2017350171418,1,9,0,11,0,0,0,0,4,0,1,1,5,2,56,9,1395,1,1,10,1,10
2017350171418,2,9,0,2,0,0,1,0,1,4,2,1,5,2,44,7,1199,1,16,2,1,2
2017350171554,1,9,0,18,0,0,1,0,0,0,1,1,6,1,66,10,1598,2,5,9,2,9
2017350171554,2,9,0,18,0,0,0,0,1,0,2,1,6,2,27,6,1396,1,6,8,2,8
2017350171554,3,9,0,18,0,0,0,0,0,0,2,1,6,1,56,9,2495,2,19,6,3,6
2017350171554,4,9,0,18,0,0,0,0,0,0,2,1,6,1,57,9,2997,2,8,9,2,9
2017350171554,5,9,0,4,0,0,0,0,0,0,2,1,6,1,64,9,1560,2,10,6,2,6
2017350171554,6,9,0,4,0,0,1,0,0,0,1,1,6,2,53,8,1390,1,17,-1,1,-1
2017350171601,1,9,0,18,0,0,0,0,1,9,1,1,6,2,25,5,1587,1,15,9,1,9
2017350171815,1,21,1,18,0,0,1,0,0,0,1,1,6,1,45,7,4461,2,5,6,2,6
2017350171815,2,98,1,4,0,0,0,0,0,0,2,1,6,1,48,8,-1,-1,-1,-1,-1,-1
2017350171868,1,8,0,9,0,8,0,0,0,0,2,1,1,2,49,8,-1,-1,-1,7,2,7
2017350171868,2,9,0,18,0,8,0,0,0,0,1,1,5,2,60,9,1390,1,6,10,2,10
2017350171874,1,9,0,18,0,0,0,0,0,0,1,1,6,1,-1,-1,1248,1,1,-1,-1,-1
2017350171874,2,9,0,4,0,0,0,0,0,0,2,1,6,2,43,7,1995,2,8,10,3,10
2017350171890,1,21,1,12,0,0,0,0,0,0,2,1,1,1,41,7,12902,2,1,8,3,8
2017350171890,2,19,0,18,0,0,0,0,0,0,1,1,1,1,34,6,2143,2,4,2,1,2
2017350171967,1,9,0,18,0,1,0,0,0,0,1,1,1,1,35,6,-1,-1,-1,1,1,1
2017350171967,2,19,0,3,0,1,0,0,0,0,2,1,5,1,56,9,1870,2,15,3,1,3
2017350171971,1,9,0,5,0,0,0,0,0,0,3,1,5,1,24,5,998,1,1,9,3,9
2017350172019,1,8,0,5,0,0,0,0,0,0,1,1,1,1,29,6,1896,2,12,6,1,6
2017350172019,2,1,0,18,4,0,0,0,0,0,1,1,1,1,26,6,-1,-1,-1,3,1,3
2017350172112,1,9,4,18,0,0,0,0,0,0,3,1,5,2,40,7,1998,2,10,5,3,5
2017350172112,2,98,1,18,0,0,0,0,0,0,1,1,1,1,46,8,-1,-1,-1,-1,-1,-1
2017350172112,3,19,0,18,0,0,0,0,0,0,3,1,5,1,36,7,1686,2,16,9,2,9
2017350172208,1,5,0,14,0,1,0,0,0,0,1,1,5,1,70,10,689,1,1,10,1,10
2017350172208,2,19,4,10,0,1,0,0,0,0,3,1,5,1,68,10,2460,2,10,8,3,8
2017350172229,1,9,0,9,0,8,0,0,0,0,1,1,6,2,25,5,1149,1,14,5,1,5
2017350172229,2,11,0,8,0,1,0,0,0,0,0,1,6,2,51,8,6870,2,16,4,3,4
2017350172229,3,9,0,18,0,3,0,0,0,0,3,1,6,1,67,10,1596,1,6,6,3,6
2017350172309,1,9,0,7,0,0,1,0,0,0,4,1,1,1,33,6,-1,-1,-1,4,3,4
2017350172309,2,9,0,9,0,0,0,0,0,0,3,1,1,1,29,6,1753,2,14,5,1,5
2017350172390,1,1,0,18,5,0,5,0,0,0,1,1,6,2,57,9,-1,-1,-1,7,1,7
2017350172390,2,1,0,18,5,0,5,0,0,0,1,1,6,1,-1,-1,-1,-1,-1,-1,-1,-1
2017350172418,1,9,0,9,0,0,0,0,0,0,3,1,5,1,20,4,1124,1,12,8,2,8
2017350172418,2,1,0,18,4,0,0,0,0,0,1,1,2,1,61,9,-1,-1,-1,8,1,8
2017350172429,1,5,0,18,0,0,1,0,0,0,0,1,6,1,65,9,1202,1,5,7,1,7
2017350172505,1,9,0,3,0,1,0,0,0,0,4,1,2,1,46,8,1794,1,13,9,1,9
2017350172505,2,1,0,18,0,1,0,0,0,0,2,1,2,1,58,9,-1,-1,-1,9,1,9
2017350172565,1,9,0,18,0,0,0,0,0,0,1,1,6,1,39,7,1995,2,12,2,1,2
2017350172650,1,9,0,18,0,0,0,0,0,0,1,1,5,1,47,8,2179,2,14,5,1,5
2017350172650,2,9,0,10,0,0,0,0,0,0,2,1,2,2,57,9,1995,2,3,2,1,2
2017350172668,1,9,0,18,0,0,0,0,1,0,1,1,5,1,25,5,-1,-1,-1,8,1,8
2017350172668,2,9,0,2,0,0,0,0,0,0,3,1,5,3,-1,-1,1390,1,13,-1,-1,-1
2017350172668,3,9,0,18,0,0,0,0,0,0,2,1,5,1,30,6,1390,1,13,-1,-1,-1
2017350172668,4,9,0,18,0,0,0,0,0,0,0,1,1,1,48,8,2993,2,2,3,2,3
2017350172791,1,9,0,4,0,1,0,0,1,0,4,1,6,1,-1,-1,1391,1,20,-1,-1,-1
2017350172791,2,9,0,4,0,1,0,0,1,0,4,1,1,1,46,8,1968,2,4,-1,-1,-1
2017350172861,1,9,0,14,0,0,0,0,0,0,1,1,2,1,35,6,-1,3,4,4,1,4
2017350172861,2,19,0,2,0,0,0,0,0,0,1,1,6,1,45,7,1598,2,2,7,1,7
2017350173353,1,9,0,15,0,0,0,0,0,0,4,1,2,1,39,7,1560,2,1,6,2,6
2017350173363,1,9,0,9,0,1,0,0,0,0,3,1,6,2,35,6,1390,1,13,6,2,6
2017350173363,2,9,0,18,0,1,1,0,0,0,4,1,6,2,76,11,1200,1,3,10,1,10
2017350173386,1,9,0,4,0,1,0,0,0,0,1,1,6,1,-1,-1,-1,-1,-1,-1,-1,-1
2017350173386,2,19,0,3,0,1,0,0,0,0,2,1,1,1,37,7,1995,2,8,6,1,6
2017350173424,1,9,0,5,0,1,0,0,0,0,1,1,6,2,78,11,1199,1,16,9,3,9
2017350173424,2,1,0,18,0,1,0,0,0,0,4,1,5,2,44,7,-1,-1,-1,-1,-1,-1
2017350173458,1,9,0,4,0,0,0,0,0,0,1,1,6,2,38,7,1560,2,6,9,3,9
2017350173458,2,19,0,3,0,0,0,0,0,0,2,1,6,1,51,8,1248,2,5,3,1,3
2017350173458,3,9,0,3,0,0,0,0,0,0,2,1,6,1,75,10,1461,2,1,5,1,5
2017350173458,4,9,0,3,0,0,0,0,0,0,2,1,6,2,46,8,2231,2,6,7,3,7
2017350173458,5,98,1,3,0,0,0,0,0,0,2,1,6,1,35,6,-1,-1,-1,-1,-1,-1
2017350173611,1,9,0,18,0,0,0,0,1,8,1,1,6,1,45,7,1298,1,12,4,2,4
2017350173635,1,9,0,18,0,0,0,0,0,0,1,1,2,2,55,8,1840,1,14,8,2,8
2017350173702,1,9,0,7,0,8,0,0,0,0,1,1,1,2,26,6,1998,1,14,2,1,2
2017350173848,1,9,0,11,0,0,0,0,0,0,2,1,6,1,43,7,1999,2,1,7,3,7
2017350173848,2,9,0,4,0,0,0,0,0,0,1,1,6,1,57,9,-1,-1,-1,7,3,7
2017350173848,3,9,0,4,0,0,0,0,0,0,1,1,6,2,35,6,1794,1,14,2,1,2
2017350173848,4,9,0,3,0,0,0,0,0,0,2,1,6,1,35,6,1149,1,8,7,1,7
2017350173848,5,9,0,3,0,0,0,0,0,0,2,1,6,1,61,9,1753,2,9,3,3,3
2017350173907,1,9,0,10,0,1,0,0,0,0,2,1,5,2,39,7,1397,1,5,9,1,9
2017350173907,2,9,0,3,0,1,0,0,0,0,2,1,5,2,31,6,1956,2,1,8,1,8
2017350173907,3,9,0,18,0,1,0,0,0,0,1,1,5,2,17,4,1390,1,10,7,3,7
2017350173962,1,9,0,9,0,1,0,0,0,0,3,1,5,1,75,10,1397,1,15,1,1,1
2017350173962,2,9,0,18,0,1,0,0,0,0,1,1,2,1,44,7,1896,2,13,1,1,1
2017350174002,1,9,0,9,0,8,1,0,0,0,1,1,6,1,20,4,1242,1,5,9,2,9
2017350174002,2,9,0,18,0,8,1,0,0,0,1,1,6,1,37,7,1598,1,5,6,3,6
2017350174002,3,9,0,10,0,1,0,0,0,0,3,1,1,1,37,7,1798,8,2,6,1,6
2017350174072,1,9,0,9,0,8,0,0,0,0,1,1,5,1,20,4,1388,1,15,8,2,8
2017350174072,2,9,0,18,0,8,5,0,0,0,1,1,2,1,59,9,1242,1,8,10,2,10
2017350174102,1,9,0,4,0,1,0,0,0,0,1,1,5,2,69,10,1598,1,2,4,1,4
2017350174102,2,9,0,3,0,1,0,0,0,0,2,1,5,1,72,10,1560,2,9,6,2,6
2017350174128,1,9,0,9,0,2,0,0,0,0,4,1,6,2,69,10,1596,1,12,6,2,6
2017350174128,2,3,0,14,0,8,0,0,0,0,4,1,1,1,19,4,124,1,1,4,1,4
2017350174162,1,9,0,9,0,6,0,0,0,0,1,1,6,2,55,8,1149,1,1,3,1,3
2017350174162,2,9,0,5,0,6,0,0,0,0,1,1,6,2,77,11,1582,2,3,3,3,3
2017350174241,1,9,0,18,0,0,1,0,1,0,1,1,2,1,36,7,1587,1,12,5,3,5
2017350174321,1,9,0,13,0,1,5,0,0,0,1,1,2,1,49,8,898,1,1,6,1,6
2017350174321,2,9,0,9,0,1,0,0,0,0,3,1,6,2,31,6,1560,2,3,10,1,10
2017350174463,1,3,0,17,0,0,1,0,1,0,4,1,5,1,26,6,124,1,5,7,3,7
2017350174472,1,9,0,18,0,0,0,0,0,0,1,1,5,1,28,6,-1,-1,-1,1,1,1
2017350174472,2,9,0,18,0,0,0,0,0,0,1,1,5,1,25,5,1388,1,10,8,3,8
2017350174472,3,9,0,4,0,0,0,0,0,0,2,1,2,1,60,9,1997,2,9,4,3,4
2017350174493,1,9,0,9,0,1,0,0,0,0,4,1,1,1,58,9,1242,1,5,10,2,10
2017350174493,2,1,0,18,0,1,0,0,0,0,1,1,6,1,53,8,-1,-1,-1,10,1,10
2017350174498,1,9,0,18,0,1,0,0,0,0,1,1,5,2,42,7,1560,2,2,10,2,10
2017350174498,2,9,0,4,0,1,0,0,0,0,2,1,5,1,40,7,2179,2,11,2,1,2
2017350174512,1,19,0,9,0,8,0,0,0,0,0,1,5,1,27,6,2198,2,1,8,2,8
2017350174516,1,9,0,4,0,1,0,0,0,0,1,1,6,1,-1,-1,1991,1,21,3,1,3
2017350174516,2,9,0,3,0,4,0,0,0,0,2,1,6,1,26,6,1229,1,4,3,1,3
2017350174528,1,19,0,18,0,0,0,0,0,0,4,1,6,1,60,9,2402,2,9,6,3,6
2017350174528,2,1,0,18,0,0,0,0,0,0,3,1,6,2,26,6,-1,-1,-1,10,1,10
2017350174563,1,5,0,4,0,0,0,0,0,0,1,1,2,1,22,5,599,1,10,10,2,10
2017350174563,2,21,1,4,0,0,0,0,0,0,2,1,1,1,32,6,12740,2,1,4,1,4
2017350174599,1,5,0,18,0,0,0,0,0,0,3,1,2,1,57,9,1700,1,2,-1,-1,-1
2017350174599,2,9,0,11,0,0,0,0,0,0,4,1,2,2,31,6,1496,2,1,6,2,6
2017350174620,1,9,0,18,0,0,1,0,0,0,3,1,6,2,18,4,2143,2,4,9,1,9
2017350174620,2,9,0,4,0,0,0,0,0,0,3,1,6,1,26,6,1124,1,13,6,1,6
2017350174927,1,9,0,16,0,0,1,0,3,10,1,1,6,1,36,7,1461,2,3,6,2,6
2017350174941,1,9,0,18,0,0,2,0,1,0,4,1,5,2,24,5,1199,1,18,1,1,1
2017350175267,1,9,0,18,0,8,0,0,0,0,1,1,6,1,19,4,1349,1,12,2,1,2
2017350175267,2,9,0,18,0,8,0,0,0,0,2,1,6,3,-1,-1,2979,1,14,-1,-1,-1
2017350175283,1,19,0,18,0,0,0,0,0,0,4,1,5,1,47,8,1997,2,16,7,2,7
2017350175283,2,90,0,18,0,0,0,0,1,0,3,1,5,2,48,8,-1,-1,-1,7,2,7
2017350175373,1,8,0,5,0,0,0,0,0,0,1,1,1,1,39,7,-1,-1,-1,8,3,8
2017350175373,2,9,0,2,0,0,0,0,0,0,2,1,6,3,-1,-1,-1,-1,-1,-1,-1,-1
2017350175424,1,9,0,10,0,0,0,0,0,0,1,1,6,2,75,10,1339,1,3,9,2,9
2017350175424,2,1,0,18,0,0,1,0,0,0,4,1,5,1,38,7,-1,-1,-1,8,2,8
2017350175475,1,9,0,15,0,1,0,0,0,0,1,1,6,1,39,7,1390,1,4,1,1,1
2017350175475,2,1,0,18,0,1,0,0,0,0,2,1,4,1,13,3,-1,-1,-1,2,1,2
2017350175631,1,9,0,12,0,0,0,0,0,0,1,1,6,1,23,5,1995,2,10,-1,-1,-1
2017350175631,2,9,0,18,0,0,0,0,1,9,1,1,6,2,83,11,1388,1,12,9,3,9
2017350175633,1,-1,0,18,0,0,0,0,0,0,1,1,6,1,-1,-1,-1,-1,-1,-1,-1,-1
2017350175633,2,1,0,18,0,0,0,0,0,0,1,1,6,1,37,7,-1,-1,-1,10,1,10
2017350175811,1,8,0,1,0,0,0,0,0,0,2,1,1,1,46,8,2402,2,13,5,1,5
2017350175845,1,9,0,18,0,0,0,0,0,0,3,1,3,2,26,6,1461,2,-1,2,1,2
2017350175923,1,1,0,18,0,0,0,0,0,0,3,1,5,2,62,9,-1,-1,-1,8,1,8
2017350175923,2,21,4,18,0,0,0,0,0,0,1,1,1,1,60,9,15607,2,10,6,1,6
2017350176050,1,8,0,18,0,0,0,0,0,0,1,1,1,1,33,6,1896,2,8,4,3,4
2017350176050,2,9,0,3,0,0,0,0,0,0,2,1,5,1,32,6,1753,2,13,8,2,8
2017350176050,3,9,0,3,0,0,0,0,0,0,2,1,5,1,35,6,1995,2,10,1,1,1
2017350176096,1,9,0,5,0,1,0,0,0,0,1,1,6,2,48,8,998,1,2,2,1,2
2017350176096,2,9,0,3,0,1,0,0,0,0,2,1,6,2,38,7,1198,1,3,6,1,6
2017350176131,1,9,0,1,0,0,0,0,0,0,2,1,5,1,17,4,1199,1,13,2,1,2
2017350176131,2,9,0,17,0,0,0,0,0,0,1,1,5,1,46,8,1997,2,2,2,1,2
2017350176140,1,9,0,18,0,8,0,0,0,0,1,1,6,1,39,7,-1,-1,-1,3,3,3
2017350176140,2,9,0,18,0,8,0,0,0,0,3,1,6,2,28,6,1360,1,16,3,3,3
2017350176168,1,1,0,18,0,0,0,0,0,0,1,1,5,1,50,8,-1,-1,-1,2,1,2
2017350176168,2,9,0,2,0,0,0,0,0,0,4,1,5,1,54,8,1596,1,8,8,2,8
2017350176310,1,9,0,14,0,0,0,0,0,0,1,1,6,2,41,7,1997,2,12,4,1,4
2017350176310,2,9,0,18,0,0,0,0,0,0,1,1,6,1,35,6,1596,1,15,4,1,4
2017350176340,1,9,0,5,0,0,0,0,0,0,1,1,6,1,34,6,1490,1,9,8,3,8
2017350176340,2,9,0,5,0,0,0,0,0,0,1,1,6,1,31,6,1900,2,12,5,3,5
2017350176409,1,9,0,18,0,0,0,0,1,2,1,1,2,1,21,5,1596,1,19,4,3,4
2017350176515,1,9,0,9,0,6,1,0,0,0,3,1,2,2,56,9,1896,2,7,6,1,6
2017350176515,2,9,0,18,0,1,1,0,7,0,1,1,2,1,68,10,1997,2,14,2,1,2
2017350176555,1,9,0,5,0,4,0,0,0,0,1,1,1,1,30,6,1396,1,14,7,1,7
2017350176555,2,1,0,18,0,8,0,0,0,0,1,1,2,2,33,6,-1,-1,-1,6,1,6
2017350176635,1,9,0,18,0,0,0,0,8,11,3,1,6,2,37,7,999,1,2,6,1,6
2017350176658,1,9,0,18,0,8,0,0,0,0,1,1,6,1,-1,-1,2171,1,17,2,1,2
2017350176658,2,1,0,18,0,8,0,0,0,0,1,1,6,1,40,7,-1,-1,-1,7,1,7
2017350176698,1,9,0,14,0,0,0,0,0,0,3,1,1,1,50,8,2143,2,3,9,2,9
2017350176698,2,9,0,13,0,0,1,10,7,0,4,1,1,1,27,6,1968,2,4,8,3,8
2017350176711,1,19,1,9,0,0,0,0,0,0,3,1,1,1,59,9,2299,2,-1,6,1,6
2017350176711,2,5,0,13,0,0,0,0,0,0,4,1,5,1,42,7,1084,1,19,-1,-1,-1
2017350176910,1,5,0,18,0,0,2,0,0,0,4,1,5,1,49,8,1150,1,9,7,1,7
2017350176944,1,9,0,4,0,0,0,0,0,0,1,1,6,2,24,5,1199,1,15,6,1,6
2017350176944,2,9,0,4,0,0,0,0,0,0,2,1,6,1,28,6,1896,2,13,1,1,1
2017350176952,1,9,0,18,0,0,0,0,1,9,4,1,6,3,-1,-1,1781,1,12,-1,-1,-1
2017350176991,1,9,0,9,0,8,0,0,3,0,1,1,2,1,37,7,1968,2,1,6,2,6
2017350176991,2,9,0,18,0,8,0,0,7,0,1,1,5,2,78,11,2204,2,11,5,3,5
2017350177008,1,5,0,13,0,1,1,0,0,0,0,1,1,1,55,8,599,1,17,7,1,7
2017350177008,2,9,0,9,0,8,0,0,0,0,0,1,1,2,32,6,1587,1,10,5,2,5
2017350177026,1,9,0,18,0,0,0,0,0,0,1,1,5,1,65,9,1984,1,6,9,1,9
2017350177026,2,9,0,4,0,0,0,0,0,0,2,1,5,1,51,8,1798,8,1,4,1,4
2017350177026,3,9,0,18,0,0,0,0,0,0,1,1,5,1,82,11,1198,1,3,8,1,8
2017350177026,4,9,0,4,0,0,0,0,0,0,0,1,5,2,62,9,1586,1,11,7,3,7
2017350177087,1,-1,0,18,0,0,0,0,0,0,1,1,6,3,-1,-1,-1,-1,-1,-1,-1,-1
2017350177087,2,9,0,18,0,0,0,0,0,0,2,1,6,2,27,6,1329,1,4,2,1,2
2017350177436,1,9,0,7,0,0,0,0,0,0,4,1,6,1,76,11,898,1,1,9,1,9
2017350177538,1,9,0,18,0,8,1,7,8,0,2,1,6,1,23,5,1598,1,9,4,1,4
2017350177935,1,19,0,18,0,0,0,0,2,0,1,1,1,1,66,10,1998,2,14,4,1,4
2017350178486,1,9,0,3,0,1,0,0,0,0,2,1,6,1,41,7,2231,2,11,1,1,1
2017350178486,2,9,0,5,0,1,0,0,0,0,1,1,6,2,23,5,1598,2,6,8,1,8
2017350178598,1,19,0,9,0,8,0,0,0,0,1,1,1,1,37,7,1995,2,9,4,1,4