Accident_Index,Vehicle_Reference,Vehicle_Type,Towing_and_Articulation,Vehicle_Manoeuvre,Vehicle_Location-Restricted_Lane,Junction_Location,Skidding_and_Overturning,Hit_Object_in_Carriageway,Vehicle_Leaving_Carriageway,Hit_Object_off_Carriageway,1st_Point_of_Impact,Was_Vehicle_Left_Hand_Drive?,Journey_Purpose_of_Driver,Sex_of_Driver,Age_of_Driver,Age_Band_of_Driver,Engine_Capacity_(CC),Propulsion_Code,Age_of_Vehicle,Driver_IMD_Decile,Driver_Home_Area_Type,Vehicle_IMD_Decile
2017350188105,2,9,0,4,0,0,0,0,0,0,2,1,5,2,51,8,-1,-1,-1,8,3,8
2017350188120,1,9,0,7,0,8,0,0,0,0,3,1,6,2,33,6,1596,1,10,5,3,5
2017350188120,2,9,0,18,0,8,0,0,0,0,1,1,2,1,49,8,1896,2,13,5,2,5
2017350188178,1,9,0,18,0,0,0,12,7,0,1,1,5,2,35,6,1596,1,17,10,2,10
2017350188205,1,9,0,18,0,8,1,0,7,11,4,1,1,1,28,6,1968,2,2,3,1,3
2017350188205,2,9,0,18,0,8,0,0,0,0,1,1,1,2,65,9,1968,2,1,6,2,6
2017350188273,1,9,0,18,0,0,0,0,1,11,4,1,6,2,18,4,1398,2,10,8,2,8
2017350188273,2,9,0,2,0,0,0,0,0,0,1,1,6,2,-1,-1,1339,1,5,-1,-1,-1
2017350188503,1,9,0,18,0,1,0,0,0,0,1,1,5,1,66,10,1598,1,9,6,1,6
2017350188503,2,9,0,9,0,8,0,0,0,0,3,1,5,1,27,6,1395,1,-1,3,1,3
2017350188565,1,9,0,7,0,2,0,0,0,0,1,1,6,3,-1,-1,-1,-1,-1,-1,-1,-1
2017350189040,1,19,0,18,0,0,5,0,1,9,1,1,5,1,50,8,2460,2,11,4,3,4
2017350189067,1,9,0,9,0,8,0,0,0,0,1,1,6,1,35,6,-1,-1,-1,3,1,3
2017350189067,2,1,0,18,0,8,0,0,0,0,3,1,6,2,60,9,-1,-1,-1,8,2,8
2017350189099,1,9,0,18,0,3,0,0,0,0,1,1,6,3,-1,-1,1398,2,14,-1,-1,-1
2017350189099,2,9,0,18,0,3,0,0,0,0,3,1,6,2,53,8,1598,2,4,2,1,2
2017350189132,1,5,0,18,0,1,0,10,0,0,1,1,5,1,24,5,748,1,24,5,1,5
2017350189250,1,19,0,18,0,0,0,10,2,2,1,1,6,1,18,4,1398,2,11,9,3,9
2017350189261,1,21,1,17,0,0,0,0,0,0,1,2,1,1,57,9,-1,-1,-1,-1,-1,-1
2017350189261,2,5,0,16,0,0,2,0,0,0,1,1,5,1,60,9,998,1,16,7,2,7
2017350189305,1,9,0,18,0,1,1,0,7,4,3,1,6,1,31,6,1995,2,11,-1,-1,-1
2017350189359,1,1,0,18,9,1,0,0,0,0,3,1,3,2,-1,-1,-1,-1,-1,-1,-1,-1
2017350189359,2,9,0,7,0,1,0,0,0,0,4,1,2,2,41,7,1296,1,9,2,1,2
2017350189424,1,9,0,18,0,8,0,0,0,0,4,1,6,2,20,4,1598,2,7,2,1,2
2017350189424,2,9,0,9,0,4,0,0,0,0,1,1,2,2,55,8,1999,1,12,5,2,5
2017350189470,1,9,0,18,0,0,0,0,0,0,1,1,5,2,63,9,1587,1,11,10,1,10
2017350189503,1,9,0,5,0,0,0,0,0,0,0,1,1,2,41,7,1582,2,5,-1,-1,-1
2017350189596,1,9,0,18,0,4,0,10,1,1,1,1,6,1,18,4,1360,1,8,10,3,10
2017350189602,1,5,0,18,0,1,0,0,0,0,3,1,5,2,20,4,-1,-1,-1,1,1,1
2017350189602,2,9,0,18,0,2,0,0,0,0,3,1,5,2,36,7,1598,1,13,1,1,1
2017350189613,1,9,0,18,0,1,0,0,0,0,1,1,6,1,41,7,1596,1,17,6,2,6
2017350189613,2,9,0,18,0,1,0,0,0,0,2,1,6,1,47,8,1798,1,13,2,1,2
2017350189626,1,9,0,18,0,2,0,0,0,0,4,1,2,1,51,8,-1,-1,-1,7,1,7
2017350189635,1,9,0,4,0,0,1,0,7,0,2,1,5,2,64,9,998,1,9,4,1,4
2017350189635,2,9,0,18,0,0,0,0,0,0,1,1,2,1,26,6,1796,1,15,9,1,9
2017350189647,1,9,0,18,0,1,1,0,0,0,1,1,5,1,33,6,1910,2,7,-1,-1,-1
2017350189647,2,21,1,3,0,1,0,0,0,0,2,1,1,1,55,8,12900,2,7,4,1,4
2017350189844,1,9,0,18,0,0,0,0,1,9,1,1,5,2,28,6,1796,1,18,-1,-1,-1
2017350189844,2,9,0,4,0,0,0,0,0,0,2,1,5,2,43,7,1360,1,14,-1,-1,-1
2017350189844,3,9,0,3,0,0,0,0,0,0,2,1,5,1,-1,-1,1461,2,1,-1,-1,-1
2017350189844,4,9,0,3,0,0,0,0,0,0,2,1,5,1,34,6,1368,1,11,-1,-1,-1
2017350189972,1,9,0,1,0,0,0,0,0,0,2,1,5,2,30,6,1390,1,10,6,3,6
2017350189972,2,19,0,18,0,0,0,0,0,0,4,1,2,1,28,6,1598,2,-1,6,1,6
2017350190075,1,9,0,9,0,2,0,0,0,0,1,1,6,3,-1,-1,-1,-1,-1,-1,-1,-1
2017350190160,1,9,0,18,0,0,0,0,0,0,1,1,1,1,21,5,1388,1,10,-1,-1,-1
2017350190160,2,9,0,4,0,0,0,0,0,0,2,1,5,2,49,8,1461,2,2,7,1,7
2017350190160,3,9,0,4,0,0,0,0,0,0,2,1,5,2,51,8,1984,1,7,-1,-1,-1
2017350190214,1,9,0,18,0,0,0,0,0,0,1,1,6,3,-1,-1,2685,2,13,-1,-1,-1
2017350190214,2,9,0,3,0,0,0,0,0,0,2,1,5,1,37,7,1461,2,13,1,1,1
2017350190224,1,9,0,4,0,0,0,0,0,0,2,1,5,1,43,7,1968,2,8,4,1,4
2017350190224,2,9,0,4,0,0,0,0,0,0,2,1,5,1,26,6,1799,1,9,4,1,4
2017350190224,3,9,0,4,0,0,1,0,0,0,2,1,2,2,31,6,1397,1,8,4,1,4
2017350190224,4,19,0,18,0,0,1,0,0,0,1,1,1,1,43,7,1560,2,-1,8,3,8
2017350190265,1,19,0,18,0,1,0,0,0,0,1,1,1,1,28,6,1995,2,-1,1,1,1
2017350190265,2,9,0,3,0,1,0,0,0,0,2,1,1,1,35,6,1560,2,4,5,1,5
2017350190265,3,9,0,3,0,1,0,0,0,0,2,1,5,2,62,9,1597,2,1,3,3,3
2017350190288,1,9,0,18,0,0,2,0,7,3,1,1,6,2,18,4,1242,1,6,9,2,9
2017350190303,1,9,0,18,0,6,0,0,0,0,1,1,6,3,-1,-1,1598,1,12,-1,-1,-1
2017350190303,2,1,0,18,0,8,5,0,0,0,4,1,6,1,76,11,-1,-1,-1,8,1,8
2017350190367,1,3,0,18,0,0,1,0,1,10,1,1,6,1,40,7,124,1,-1,-1,-1,-1
2017350190385,1,9,0,9,0,6,0,0,0,0,1,1,6,2,22,5,1497,8,2,8,3,8
2017350190385,2,5,0,13,0,8,0,0,0,0,3,1,6,1,27,6,689,1,2,10,1,10
2017350190386,1,9,0,13,0,0,5,0,0,0,1,1,6,1,32,6,1364,1,7,10,3,10
2017350190386,2,19,0,18,0,0,0,0,0,0,2,1,6,1,34,6,2198,2,9,5,1,5
2017350190404,1,9,0,14,0,0,0,0,0,0,4,1,6,2,-1,-1,1997,2,10,-1,-1,-1
2017350190411,1,9,0,6,0,8,0,0,0,0,0,1,6,3,-1,-1,1968,2,1,-1,-1,-1
2017350190411,2,9,0,18,0,8,0,0,0,0,1,1,5,2,45,7,2000,1,10,5,2,5
2017350190411,3,9,0,18,0,8,0,0,0,0,2,1,5,1,21,5,1995,2,10,6,1,6
2017350190428,1,9,0,18,0,8,0,0,0,0,1,1,2,2,-1,-1,1339,1,10,3,1,3
2017350190428,2,9,0,9,0,8,0,0,0,0,4,1,5,1,31,6,1995,2,13,-1,-1,-1
2017350190449,1,9,0,18,0,0,0,0,0,0,4,1,5,1,21,5,1968,2,11,5,1,5
2017350190449,2,1,0,18,0,0,0,0,0,0,1,1,5,2,23,5,-1,-1,-1,1,1,1
2017350190465,1,4,0,17,0,0,2,0,1,1,1,1,2,1,20,4,471,1,-1,10,3,10
2017350190489,1,9,0,18,0,0,0,0,0,0,1,1,6,3,-1,-1,-1,-1,-1,-1,-1,-1
2017350190495,1,9,0,6,0,0,0,0,0,0,4,1,6,1,24,5,1461,2,10,4,1,4
2017350190495,2,5,0,18,0,0,0,0,0,0,1,1,6,1,29,6,599,1,8,6,1,6
2017350190501,1,9,0,16,0,0,0,10,1,4,4,1,5,1,19,4,1461,2,13,5,3,5
2017350190505,1,9,0,9,0,8,0,0,0,0,1,1,6,1,59,9,1390,1,15,10,2,10
2017350190505,2,5,0,18,0,8,0,0,0,0,3,1,6,1,35,6,865,1,2,5,3,5
2017350190532,1,9,0,9,0,8,0,0,0,0,3,1,5,2,43,7,1597,2,1,7,3,7
2017350190532,2,5,0,11,0,8,0,0,0,0,4,1,6,1,23,5,1202,1,2,7,1,7
2017350190550,1,9,0,4,0,0,0,0,0,0,1,1,1,2,22,5,1900,2,13,5,3,5
2017350190550,2,9,0,18,0,0,1,0,0,0,1,1,6,3,-1,-1,1995,2,2,-1,-1,-1
2017350190556,1,9,0,18,0,1,0,0,0,0,0,1,6,3,-1,-1,-1,-1,-1,-1,-1,-1
2017350190556,2,1,0,18,0,8,0,10,3,0,1,1,5,2,52,8,-1,-1,-1,6,1,6
2017350190650,1,5,0,18,0,1,0,0,0,0,1,1,1,1,25,5,1157,1,12,5,1,5
2017350190650,2,9,0,10,0,1,0,0,0,0,2,1,2,1,67,10,-1,-1,-1,9,3,9
2017350190666,1,9,0,18,0,0,0,0,0,0,1,1,6,2,55,8,2191,2,1,7,3,7
2017350190666,2,1,0,18,0,0,0,0,0,0,1,1,5,2,8,2,-1,-1,-1,8,3,8
2017350190694,1,9,0,18,0,0,0,0,0,0,1,1,6,2,-1,-1,998,1,4,-1,-1,-1
2017350190694,2,1,0,18,0,0,0,0,0,0,1,1,6,2,20,4,-1,-1,-1,1,1,1
2017350190716,1,9,0,5,0,0,0,0,0,0,1,1,6,1,72,10,1999,2,-1,10,2,10
2017350190716,2,9,0,4,0,0,0,0,0,0,2,1,6,2,23,5,1598,2,4,6,3,6
2017350190718,1,9,0,2,0,0,0,0,0,0,3,1,6,2,-1,-1,1364,2,11,-1,-1,-1
2017350190718,2,1,0,18,0,0,0,0,0,0,1,1,6,1,41,7,-1,-1,-1,2,1,2
2017350190723,1,1,0,18,0,0,0,0,0,0,1,1,5,1,25,5,-1,-1,-1,3,1,3
2017350190723,2,9,0,2,0,0,0,0,0,0,4,1,6,3,-1,-1,1598,1,10,-1,-1,-1
2017350190746,1,9,0,18,0,0,0,0,0,0,1,1,6,1,-1,-1,-1,-1,-1,-1,-1,-1
2017350190747,1,5,0,18,0,1,1,0,0,0,1,1,6,1,28,6,1150,1,5,10,1,10
2017350190786,1,9,0,7,0,3,0,0,0,0,4,1,6,3,-1,-1,3400,6,18,-1,-1,-1
2017350190786,2,1,0,18,0,2,0,0,0,0,3,1,5,1,56,9,-1,-1,-1,6,2,6
2017350190798,1,9,0,18,0,8,0,0,0,0,3,1,6,1,61,9,2993,2,-1,5,3,5
2017350190798,2,1,0,18,0,8,0,0,0,0,4,1,6,1,21,5,-1,-1,-1,2,1,2
2017350190817,1,9,0,18,0,0,0,0,7,0,1,1,2,1,68,10,1493,2,9,1,1,1
2017350190817,2,9,0,18,0,0,0,0,0,0,1,1,2,1,34,6,1798,1,10,1,1,1
2017350190836,1,9,0,18,0,1,0,0,0,0,1,1,5,1,47,8,2183,2,7,7,1,7
2017350190836,2,9,0,5,0,4,0,0,0,0,2,1,5,2,71,10,-1,-1,-1,8,1,8
2017350190849,1,9,0,9,0,8,0,0,0,0,1,1,5,1,37,7,2993,2,13,6,3,6
2017350190849,2,9,0,18,0,8,0,0,0,0,1,1,5,2,65,9,2487,2,17,5,3,5
2017350190877,1,21,1,18,0,4,0,0,0,0,3,1,6,1,-1,-1,10677,2,1,2,1,2
2017350190877,2,9,0,9,0,8,0,0,0,0,4,1,6,1,27,6,1896,2,10,3,3,3
2017350190893,1,98,0,18,0,0,0,0,0,0,1,1,1,2,53,8,-1,-1,-1,6,1,6
2017350190893,2,98,1,18,0,0,0,0,0,0,2,1,1,1,30,6,-1,-1,-1,-1,-1,-1
2017350190918,1,9,0,18,0,0,2,0,1,3,1,1,6,1,17,4,1199,1,15,3,3,3
2017350190961,1,9,0,3,0,1,0,0,0,0,1,1,6,1,33,6,2494,2,7,4,3,4
2017350190961,2,19,0,1,0,1,0,0,0,0,2,1,1,1,57,9,1997,2,4,6,1,6
2017350190987,1,9,0,18,0,8,0,0,0,0,1,1,5,1,74,10,1968,2,3,1,1,1
2017350190987,2,9,0,4,0,8,0,0,0,0,2,1,5,1,38,7,1968,2,2,3,1,3
2017350190987,3,9,0,18,0,1,0,0,0,0,0,1,1,1,36,7,1968,2,3,-1,-1,-1
2017350191014,1,19,0,5,0,8,0,0,0,0,1,1,1,1,38,7,1996,2,6,-1,-1,-1
2017350191014,2,9,0,18,0,8,0,0,0,0,1,1,5,2,42,7,2996,2,19,4,1,4
2017350191112,1,9,0,15,0,0,5,4,1,11,1,1,6,2,-1,-1,-1,-1,-1,-1,-1,-1
2017350191112,2,9,0,18,0,0,0,0,0,0,0,1,6,1,27,6,999,1,16,8,1,8
2017350191112,3,9,0,2,0,0,0,0,0,0,1,1,6,3,-1,-1,1995,2,11,-1,-1,-1
2017350191112,4,9,0,2,0,0,0,0,0,0,2,1,6,3,-1,-1,998,1,15,-1,-1,-1
2017350191146,1,1,0,10,0,0,0,0,0,0,3,1,5,2,26,6,-1,-1,-1,5,3,5
2017350191146,2,9,0,14,0,0,0,0,0,0,4,1,6,3,-1,-1,-1,-1,-1,-1,-1,-1
2017350191181,1,9,0,18,0,1,0,4,0,0,3,1,2,1,36,7,1968,2,5,9,2,9
2017350191181,2,9,0,2,0,2,0,0,0,0,2,1,6,1,38,7,1600,1,18,6,2,6
2017350191256,1,9,0,18,0,0,0,0,0,0,1,1,1,1,28,6,1198,1,8,4,1,4
2017350191256,2,21,0,1,0,0,0,0,0,0,2,1,1,1,49,8,9200,2,6,7,1,7
2017350191281,1,9,0,16,0,0,0,10,7,2,1,1,6,1,-1,-1,1794,1,13,-1,-1,-1
2017350191293,1,19,0,7,0,8,0,0,0,0,1,1,1,1,56,9,2198,2,2,6,1,6
2017350191293,2,1,0,18,0,8,0,0,0,0,2,1,5,1,29,6,-1,-1,-1,7,1,7
2017350191306,1,9,0,18,0,0,0,0,0,0,3,1,5,1,60,9,1896,2,14,6,1,6
2017350191306,2,1,0,14,0,0,0,0,0,0,1,1,5,1,21,5,-1,-1,-1,-1,-1,-1
2017350191311,1,9,0,9,0,8,0,0,0,0,1,1,6,2,38,7,1598,1,9,-1,-1,-1
2017350191311,2,1,0,4,0,1,0,0,0,0,1,1,1,2,30,6,-1,-1,-1,3,1,3
2017350191320,1,9,0,4,0,1,0,0,0,0,1,1,6,1,24,5,1995,2,10,10,2,10
2017350191320,2,1,0,4,0,1,0,0,0,0,3,1,2,1,24,5,-1,-1,-1,10,1,10
2017350191363,1,9,0,9,0,6,1,0,0,0,1,1,2,1,72,10,698,1,12,5,2,5
2017350191363,2,19,0,18,0,8,1,0,0,0,4,1,1,1,29,6,2298,2,2,8,2,8
2017350191377,1,9,0,18,0,0,0,0,0,0,1,1,2,1,40,7,1296,1,11,8,1,8
2017350191377,2,9,0,4,0,0,0,0,0,0,2,1,2,2,25,5,998,1,2,8,1,8
2017350191377,3,9,0,4,0,0,0,0,0,0,2,1,5,1,46,8,1997,2,1,5,3,5
2017350191386,1,9,0,18,0,0,0,0,8,0,1,1,6,2,66,10,1461,2,6,9,2,9
2017350191398,1,9,0,18,0,0,1,10,0,0,4,1,5,1,20,4,-1,-1,-1,7,1,7
2017350191423,1,9,0,4,0,1,0,0,0,0,2,1,5,1,38,7,2494,1,13,5,1,5
2017350191423,2,9,0,18,0,1,0,0,0,0,1,1,5,1,55,8,1999,1,9,5,1,5
2017350191474,1,11,0,13,0,0,0,0,0,0,4,1,1,1,49,8,10667,2,-1,4,1,4
2017350191474,2,1,0,18,0,0,0,0,1,0,3,1,5,1,44,7,-1,-1,-1,10,1,10
2017350191491,1,9,0,7,0,8,0,0,0,0,3,1,6,2,39,7,1560,2,6,9,1,9
2017350191491,2,5,0,18,0,8,0,0,0,0,4,1,6,2,34,6,649,1,1,8,2,8
2017350191587,1,9,0,15,0,0,5,4,0,0,1,1,5,1,34,6,1398,1,1,4,1,4
2017350191587,2,9,0,2,0,0,0,0,0,0,3,1,6,3,-1,-1,1796,1,9,-1,-1,-1
2017350191605,1,9,0,18,0,0,0,0,0,0,1,1,5,1,24,5,1368,1,5,7,1,7
2017350191605,2,9,0,4,0,0,0,0,0,0,2,1,1,1,40,7,1560,2,5,5,1,5
2017350191678,1,9,0,16,0,6,2,0,0,0,1,1,5,2,25,5,1781,1,30,8,2,8
2017350191678,2,9,0,4,0,1,0,0,1,9,2,1,2,1,50,8,-1,-1,-1,3,1,3
2017350191709,1,9,0,14,0,0,0,0,0,0,1,1,2,2,20,4,1395,1,1,8,2,8
2017350191709,2,9,0,2,0,0,0,0,0,0,0,1,2,1,23,5,1596,1,19,10,2,10
2017350191756,1,9,0,7,0,1,0,0,0,0,2,1,5,1,21,5,998,1,18,-1,-1,-1
2017350191756,2,19,0,18,0,1,0,0,0,0,1,1,5,1,48,8,1998,2,11,2,1,2
2017350191758,1,9,0,18,0,0,0,6,0,0,4,1,5,2,64,9,1461,2,6,5,3,5
2017350191788,1,97,0,18,0,0,0,0,0,0,0,1,6,3,-1,-1,-1,-1,-1,-1,-1,-1
2017350191796,1,9,0,1,6,0,0,0,7,9,3,1,5,2,73,10,1248,2,7,2,1,2
2017350191808,1,9,0,5,0,0,0,0,0,0,1,1,6,1,-1,-1,-1,-1,-1,-1,-1,-1
2017350191809,1,98,0,18,0,0,0,0,0,0,0,1,6,3,-1,-1,-1,-1,-1,-1,-1,-1
2017350191809,2,3,0,18,0,0,0,0,1,0,1,1,5,1,28,6,124,1,2,3,1,3
2017350191815,1,9,0,9,0,8,0,0,0,0,0,1,5,1,57,9,1390,1,5,9,1,9
2017350191815,2,1,0,18,4,1,0,0,0,0,0,1,2,1,39,7,-1,-1,-1,8,1,8
2017350192040,1,9,0,13,0,0,0,0,0,0,0,1,1,1,-1,-1,1582,2,5,-1,-1,-1
2017350192040,2,19,0,18,0,0,1,0,1,0,4,1,1,1,25,5,1870,2,15,3,2,3
2017350192059,1,1,0,18,0,2,0,10,1,0,4,1,5,2,49,8,-1,-1,-1,10,1,10
2017350192070,1,9,0,18,0,2,0,4,0,0,4,1,6,1,35,6,2143,2,3,1,1,1
2017350192070,2,9,0,2,0,2,0,0,0,0,4,1,6,3,-1,-1,1986,2,9,-1,-1,-1
2017350192078,1,19,0,18,0,0,0,0,0,0,1,1,1,1,38,7,2198,2,3,4,1,4
2017350192078,2,9,0,18,0,0,0,0,0,0,3,1,5,1,72,10,1999,1,10,6,1,6
2017350192099,1,9,0,16,0,0,0,0,0,0,1,1,6,1,28,6,1781,1,15,2,1,2
2017350192099,2,9,0,17,0,0,0,0,0,0,1,1,6,1,59,9,1994,2,9,6,2,6
2017350192106,1,5,0,18,0,0,0,0,0,0,3,1,5,1,41,7,1585,1,7,4,1,4
2017350192121,1,19,0,18,0,0,2,0,1,0,1,1,1,1,34,6,1995,2,4,3,1,3
2017350192121,2,21,1,18,0,0,0,0,0,0,2,1,1,1,42,7,10837,2,-1,7,3,7
2017350192141,1,9,0,18,0,0,0,0,0,0,1,1,6,2,48,8,1997,1,11,7,1,7
2017350192156,1,9,0,18,0,1,0,0,0,0,1,1,6,1,25,5,1968,2,7,5,1,5
2017350192156,2,9,0,3,0,1,0,0,0,0,2,1,2,1,35,6,1995,2,10,4,2,4
2017350192162,1,9,0,18,0,2,0,0,0,0,1,1,6,3,-1,-1,-1,-1,-1,-1,-1,-1
2017350192162,2,22,0,18,0,1,0,0,0,0,3,1,5,1,84,11,-1,-1,-1,3,1,3
2017350192172,1,9,0,10,0,1,0,0,0,0,0,1,5,2,63,9,1399,2,9,7,1,7
2017350192172,2,3,0,18,0,1,5,0,0,0,0,1,6,1,17,4,124,1,5,4,3,4
2017350192191,1,9,0,18,0,8,0,0,0,0,0,1,5,1,19,4,1596,1,1,6,3,6
2017350192191,2,9,0,9,0,8,0,0,1,0,0,1,6,2,68,10,1968,2,10,-1,-1,-1
2017350192194,1,9,0,18,0,0,0,0,0,0,1,1,6,1,27,6,1896,2,14,9,3,9
2017350192194,2,9,0,18,0,0,0,0,0,0,2,1,6,1,67,10,1582,2,4,10,2,10
2017350192206,1,9,0,18,0,4,0,0,0,0,3,1,6,2,36,7,1229,1,8,7,2,7
2017350192206,2,2,0,18,0,8,0,0,0,0,1,1,6,1,18,4,49,1,9,8,2,8
2017350192208,1,9,0,18,0,1,1,4,0,0,1,1,6,1,23,5,1560,2,8,9,2,9
2017350192208,2,19,0,2,0,2,0,0,0,0,3,1,6,1,-1,-1,1870,2,13,-1,-1,-1
2017350192208,3,9,0,2,0,2,0,0,0,0,1,1,6,1,34,6,2496,2,14,8,2,8
2017350192210,1,1,0,18,0,0,0,0,0,0,1,1,6,1,56,9,-1,-1,-1,10,2,10
2017350192210,2,9,0,2,0,0,0,0,0,0,2,1,6,2,52,8,1781,1,14,10,2,10
2017350192227,1,9,0,18,0,1,0,0,0,0,1,1,5,1,43,7,1796,1,7,7,1,7
2017350192227,2,9,0,4,0,1,0,0,0,0,2,1,2,1,48,8,2494,8,2,7,1,7
2017350192227,3,9,0,3,0,1,0,0,0,0,2,1,5,1,75,10,2268,2,2,9,1,9
2017350192227,4,9,0,3,0,1,0,0,0,0,2,1,5,1,27,6,1248,2,11,5,1,5
2017350192227,5,9,0,3,0,1,0,0,0,0,2,1,2,2,24,5,1198,1,2,10,1,10
2017350192274,1,4,0,17,0,0,0,0,1,0,1,1,5,1,35,6,398,1,21,4,1,4
2017350192297,1,9,0,18,0,0,0,0,0,0,1,1,5,1,80,11,1124,1,10,1,1,1
2017350192322,1,9,0,3,0,0,0,0,0,0,2,1,6,1,35,6,1242,1,10,9,2,9
2017350192322,2,9,0,18,0,0,0,0,0,0,1,1,6,2,44,7,-1,3,-1,-1,-1,-1
2017350192333,1,9,0,4,0,0,0,0,0,0,2,1,6,1,70,10,2987,2,5,10,3,10
2017350192333,2,9,0,18,0,0,0,0,0,0,1,1,6,2,67,10,1995,2,9,6,3,6
2017350192405,1,9,0,4,0,1,0,0,0,0,2,1,6,1,48,8,1686,2,4,1,1,1
2017350192405,2,1,0,18,0,1,0,0,0,0,1,1,6,1,54,8,-1,-1,-1,-1,-1,-1
2017350192495,1,8,0,7,0,6,0,0,0,0,1,1,6,3,-1,-1,-1,-1,-1,-1,-1,-1
2017350192495,2,1,0,18,0,8,0,0,0,0,1,1,6,1,38,7,-1,-1,-1,1,1,1
2017350192499,1,9,0,14,0,0,0,0,0,0,1,1,6,1,22,5,-1,-1,-1,1,1,1
2017350192539,1,9,0,18,0,1,0,0,0,0,1,1,2,2,34,6,1240,1,10,6,1,6
2017350192539,2,9,0,3,0,1,0,0,0,0,2,1,2,1,63,9,1968,2,3,9,2,9
2017350192539,3,9,0,3,0,1,0,0,0,0,2,1,2,1,50,8,1956,2,7,6,1,6
2017350192558,1,9,0,7,0,6,0,0,1,0,3,1,6,1,47,8,2982,2,4,8,1,8
2017350192558,2,9,0,18,0,1,0,0,0,0,1,1,6,1,59,9,-1,-1,-1,8,3,8
2017350192600,1,9,0,7,0,8,0,0,0,0,1,1,1,1,26,6,1995,2,7,2,1,2
2017350192600,2,1,0,18,0,8,0,0,0,0,1,1,4,1,13,3,-1,-1,-1,7,1,7
2017350192616,1,9,0,1,9,0,0,0,0,0,2,1,6,3,-1,-1,1398,1,17,-1,-1,-1
2017350192616,2,1,0,18,9,0,0,0,0,0,1,1,6,2,12,3,-1,-1,-1,2,1,2
2017350192623,1,9,0,18,0,0,0,0,0,0,1,1,6,1,83,11,1200,1,2,10,1,10
2017350192623,2,1,0,18,0,0,0,0,0,0,4,1,6,2,55,8,-1,-1,-1,2,3,2
2017350192624,1,9,0,9,0,6,0,0,0,0,3,1,6,3,-1,-1,-1,-1,-1,-1,-1,-1
2017350192624,2,1,0,18,0,8,0,0,0,0,1,1,5,2,18,4,-1,-1,-1,8,3,8
2017350192692,1,9,0,18,0,1,0,0,2,0,1,1,1,2,51,8,1598,1,14,-1,-1,-1
2017350192692,2,9,0,18,0,1,0,0,5,1,4,1,6,2,31,6,998,1,4,8,2,8
2017350192716,1,9,0,5,0,4,0,0,0,0,1,1,5,2,38,7,1598,1,10,6,2,6
2017350192716,2,9,0,4,0,8,0,0,0,0,2,1,2,1,42,7,1598,1,10,1,1,1
2017350192913,1,9,0,18,0,1,0,0,0,0,1,1,5,2,29,6,1360,1,13,7,1,7
2017350192913,2,21,1,4,0,1,0,0,0,0,2,1,1,1,60,9,12902,2,3,2,1,2
2017350192939,1,9,0,4,0,1,0,0,0,0,1,1,5,1,67,10,2198,1,11,2,3,2
2017350192939,2,9,0,4,0,1,0,0,0,0,2,1,2,1,31,6,1796,1,11,6,2,6
2017350192958,1,9,0,18,0,8,0,0,0,0,1,1,6,3,-1,-1,-1,-1,-1,-1,-1,-1
2017350192958,2,1,0,18,0,8,0,0,0,0,2,1,6,1,81,11,-1,-1,-1,7,1,7
2017350192980,1,9,0,9,0,8,0,0,0,0,3,1,3,1,57,9,2995,1,2,7,1,7
2017350192980,2,3,0,18,0,8,0,0,0,0,1,1,2,1,17,4,124,1,-1,-1,-1,-1
2017350193011,1,1,0,18,0,0,0,0,0,0,1,1,5,1,16,4,-1,-1,-1,2,1,2
2017350193011,2,9,0,18,0,0,0,0,0,0,1,1,5,2,48,8,1596,1,5,8,1,8
2017350193039,1,9,0,16,0,0,1,0,1,7,1,1,6,1,22,5,1997,2,11,3,1,3
2017350193067,1,9,0,9,0,8,0,0,0,0,1,1,6,2,62,9,1968,2,3,-1,-1,-1
2017350193067,2,5,0,18,0,8,2,0,0,0,3,1,2,1,-1,-1,1050,1,7,5,1,5
2017350193085,1,9,0,9,0,8,0,0,0,0,1,1,6,1,-1,-1,-1,-1,-1,-1,-1,-1
2017350193085,2,9,0,18,0,8,0,0,0,0,3,1,6,1,25,5,1229,1,12,1,1,1
2017350193116,1,3,0,14,0,8,0,0,0,0,1,1,6,1,21,5,124,1,4,1,1,1
2017350193116,2,9,0,9,0,5,0,0,0,0,3,1,6,1,47,8,1997,2,3,7,1,7
2017350193190,1,9,0,1,0,0,0,0,0,0,2,1,6,2,26,6,1598,1,10,2,1,2
2017350193293,1,9,0,18,0,8,0,0,0,0,3,1,6,2,-1,-1,-1,-1,-1,-1,-1,-1
2017350193293,2,9,0,18,0,8,0,0,7,11,4,1,2,2,51,8,1149,1,5,7,1,7
2017350193337,1,98,0,18,0,1,0,0,0,0,1,1,1,2,64,9,-1,-1,-1,6,2,6
2017350193365,1,9,0,5,4,2,0,0,0,0,3,1,6,1,31,6,1950,2,1,7,1,7
2017350193365,2,1,0,18,4,8,0,0,0,0,1,1,2,1,31,6,-1,-1,-1,8,1,8
2017350193453,1,9,0,18,0,8,0,0,0,0,1,1,6,3,-1,-1,1248,2,13,-1,-1,-1
2017350193453,2,9,0,18,0,8,0,0,0,0,1,1,6,1,26,6,1968,2,2,5,1,5
2017350193501,1,9,0,18,0,8,0,0,0,0,3,1,2,1,45,7,1997,1,4,9,3,9
2017350193501,2,9,0,18,0,8,0,0,0,0,1,1,2,2,28,6,1400,1,11,-1,-1,-1