Accident_Index,Vehicle_Reference,Vehicle_Type,Towing_and_Articulation,Vehicle_Manoeuvre,Vehicle_Location-Restricted_Lane,Junction_Location,Skidding_and_Overturning,Hit_Object_in_Carriageway,Vehicle_Leaving_Carriageway,Hit_Object_off_Carriageway,1st_Point_of_Impact,Was_Vehicle_Left_Hand_Drive?,Journey_Purpose_of_Driver,Sex_of_Driver,Age_of_Driver,Age_Band_of_Driver,Engine_Capacity_(CC),Propulsion_Code,Age_of_Vehicle,Driver_IMD_Decile,Driver_Home_Area_Type,Vehicle_IMD_Decile
2017350193764,1,19,0,13,0,0,0,0,0,0,3,1,1,1,27,6,2298,2,3,7,1,7
2017350193764,2,5,0,13,0,0,2,0,7,9,4,1,2,1,50,8,1170,1,2,7,1,7
2017350194207,1,9,0,16,0,0,5,0,1,0,1,1,6,1,17,4,1248,2,13,8,1,8
2017350194227,1,19,0,18,0,8,0,0,0,0,3,1,2,2,50,8,1560,2,3,5,3,5
2017350194227,2,9,0,18,0,8,0,0,0,0,1,1,2,1,38,7,1968,2,3,6,1,6
2017350194263,1,9,0,18,0,1,0,0,0,0,1,1,6,1,25,5,1910,2,12,-1,-1,-1
2017350194263,2,9,0,3,0,4,0,0,0,0,2,1,5,2,25,5,1364,1,7,-1,-1,-1
2017350194266,1,9,0,18,0,0,0,0,0,0,1,1,1,2,39,7,1560,2,8,-1,-1,-1
2017350194266,2,9,0,18,0,0,0,0,0,0,2,1,1,1,42,7,1995,2,3,-1,-1,-1
2017350194368,1,9,0,13,0,0,5,0,7,0,1,1,6,1,37,7,1586,1,1,-1,-1,-1
2017350194368,2,9,0,18,0,0,0,0,0,0,1,1,6,1,38,7,1398,2,4,-1,-1,-1
2017350194368,3,19,0,18,0,0,0,0,1,0,1,1,1,1,51,8,1560,2,4,-1,-1,-1
2017350194405,1,9,0,1,0,0,0,0,0,0,2,1,5,2,29,6,2179,2,5,9,1,9
2017350194469,1,98,1,9,0,6,0,0,0,0,3,1,1,1,49,8,-1,-1,-1,-1,-1,-1
2017350194469,2,9,0,18,0,8,0,0,0,0,1,1,5,2,64,9,1799,1,10,-1,-1,-1
2017350194498,1,9,0,7,0,8,0,0,0,0,4,1,6,1,43,7,1496,2,1,9,1,9
2017350194498,2,1,0,18,0,1,0,0,0,0,1,1,6,2,20,4,-1,-1,-1,-1,-1,-1
2017350194532,1,9,0,18,0,0,0,0,0,0,4,1,5,1,50,8,1498,1,2,6,1,6
2017350194532,2,1,0,18,0,0,0,0,0,0,3,1,5,1,55,8,-1,-1,-1,9,2,9
2017350194588,1,9,0,9,0,8,0,0,0,0,1,1,6,1,50,8,1991,2,15,-1,-1,-1
2017350194588,2,3,0,18,0,8,0,0,0,0,1,1,6,1,56,9,124,1,12,-1,-1,-1
2017350194707,1,9,0,18,0,0,0,0,0,0,1,1,6,1,18,4,1388,1,13,9,1,9
2017350194707,2,9,0,4,0,0,0,0,0,0,2,1,6,2,40,7,1598,1,12,6,1,6
2017350195189,1,9,0,18,0,0,0,0,0,0,1,1,5,1,19,4,1560,2,6,6,2,6
2017350195189,2,9,0,18,0,0,1,0,1,0,1,1,5,2,35,6,1998,1,2,3,2,3
2017350195189,3,9,0,18,0,0,5,0,0,0,3,1,5,2,25,5,1398,1,3,-1,-1,-1
2017350195226,1,9,0,18,0,0,1,0,7,4,4,1,6,1,44,7,1598,1,12,-1,-1,-1
2017350195255,1,9,0,18,9,0,0,10,1,0,4,1,6,2,36,7,1591,1,-1,-1,-1,-1
2017350195346,1,9,0,13,0,0,0,0,0,0,4,1,6,1,45,7,2995,1,-1,-1,-1,-1
2017350195346,2,2,0,9,0,0,0,0,0,0,3,1,6,2,16,4,50,1,-1,-1,-1,-1
2017350195439,1,9,0,4,0,8,0,0,0,0,1,1,5,1,59,9,1799,1,19,-1,-1,-1
2017350195439,2,9,0,4,0,8,0,0,0,0,2,1,5,1,31,6,2998,1,1,-1,-1,-1
2017350195457,1,9,0,18,0,0,5,10,1,0,4,1,6,2,28,6,1596,1,11,-1,-1,-1
2017350195470,1,19,0,18,0,1,0,0,0,0,1,1,2,1,23,5,2198,2,3,2,1,2
2017350195470,2,9,0,3,0,1,0,0,0,0,2,1,5,1,60,9,1998,2,11,8,2,8
2017350195470,3,9,0,3,0,1,0,0,0,0,2,1,5,1,50,8,1560,2,5,5,2,5
2017350195470,4,9,0,3,0,1,0,0,0,0,2,1,5,1,31,6,1598,1,7,5,1,5
2017350195496,1,1,0,18,0,1,0,0,0,0,3,1,6,1,17,4,-1,-1,-1,-1,-1,-1
2017350195496,2,10,0,18,0,1,0,0,0,0,4,1,6,1,53,8,2198,2,3,-1,-1,-1
2017350195498,1,11,0,18,0,0,0,0,0,0,4,1,1,1,64,9,7300,2,13,2,1,2
2017350195565,1,1,0,18,0,0,0,0,0,0,2,1,1,1,19,4,-1,-1,-1,-1,-1,-1
2017350195578,1,9,0,18,0,0,0,0,0,0,1,1,2,2,45,7,1998,2,1,7,3,7
2017350195578,2,9,0,4,0,0,0,0,0,0,2,1,5,1,41,7,1596,1,11,-1,-1,-1
2017350195578,3,9,0,18,0,0,0,0,0,0,1,1,5,1,65,9,1560,2,4,-1,-1,-1
2017350195578,4,9,0,4,0,0,0,0,0,0,2,1,5,1,56,9,1596,1,10,-1,-1,-1
2017350195620,1,1,0,18,0,0,0,0,0,0,3,1,6,1,14,3,-1,-1,-1,1,1,1
2017350195620,2,9,0,16,0,0,0,0,0,0,1,1,6,1,58,9,1997,2,-1,2,1,2
2017350195646,1,9,0,18,0,8,0,0,0,0,1,1,5,1,29,6,1587,1,13,5,1,5
2017350195646,2,9,0,9,0,8,0,0,0,0,3,1,5,1,22,5,2544,1,18,5,1,5
2017350195646,3,21,1,10,0,1,0,0,0,0,0,1,1,1,54,8,12777,2,1,5,1,5
2017350195686,1,9,0,9,0,8,0,0,0,0,1,1,5,1,69,10,3189,1,13,3,2,3
2017350195686,2,1,0,18,0,8,0,0,0,0,1,1,6,2,18,4,-1,-1,-1,8,1,8
2017350195755,1,9,0,14,0,0,0,0,0,0,1,1,6,3,-1,-1,-1,-1,-1,-1,-1,-1
2017350195755,2,1,0,18,0,0,0,0,0,0,1,1,6,1,12,3,-1,-1,-1,-1,-1,-1
2017350195770,1,9,0,18,0,1,0,0,0,0,1,1,6,1,69,10,1968,2,5,-1,-1,-1
2017350195770,2,19,0,4,0,1,0,0,0,0,2,1,6,1,68,10,1868,2,14,-1,-1,-1
2017350195770,3,9,0,3,0,1,0,0,0,0,2,1,6,1,49,8,1587,1,11,-1,-1,-1
2017350195786,1,9,0,14,0,1,0,0,7,9,1,1,6,1,29,6,998,1,10,3,2,3
2017350195786,2,9,0,10,0,1,0,0,7,9,2,1,6,2,49,8,-1,-1,-1,2,3,2
2017350195810,1,9,0,9,0,8,0,0,0,0,1,1,6,3,-1,-1,1598,1,3,-1,-1,-1
2017350195810,2,1,0,18,0,8,0,0,0,0,3,1,6,1,29,6,-1,-1,-1,-1,-1,-1
2017350195861,1,5,0,18,0,0,0,0,0,0,1,1,5,1,31,6,599,1,18,9,3,9
2017350195861,2,9,0,18,0,0,0,0,0,0,2,1,1,2,45,7,1349,1,7,9,1,9
2017350195876,1,5,0,18,0,0,0,0,1,10,1,1,5,1,49,8,1402,1,15,8,2,8
2017350195916,1,9,0,17,0,8,0,0,0,0,0,1,1,3,-1,-1,1997,2,6,-1,-1,-1
2017350195916,2,1,0,17,0,8,0,0,0,0,1,1,6,2,42,7,-1,-1,-1,10,1,10
2017350195937,1,19,0,18,0,8,0,0,0,0,1,1,6,1,-1,-1,1870,2,11,2,1,2
2017350195937,2,9,0,9,0,8,0,0,0,0,1,1,5,2,48,8,1390,1,13,1,1,1
2017350195956,1,9,0,18,0,0,2,0,1,0,1,1,5,1,59,9,1061,1,-1,8,3,8
2017350195971,1,11,0,18,0,0,0,0,0,0,1,1,1,1,27,6,-1,2,33,-1,-1,-1
2017350195995,1,9,0,18,0,1,0,0,0,0,1,1,6,3,-1,-1,-1,-1,-1,-1,-1,-1
2017350195995,2,9,0,3,0,1,0,0,0,0,2,1,6,2,41,7,2231,2,6,8,2,8
2017350196123,1,1,0,18,0,0,0,0,0,0,1,1,4,1,14,3,-1,-1,-1,-1,-1,-1
2017350196174,1,97,0,15,4,1,0,0,0,0,1,1,6,2,-1,-1,-1,-1,-1,-1,-1,-1
2017350196391,1,98,0,18,0,0,0,0,0,0,0,1,6,3,-1,-1,-1,-1,-1,-1,-1,-1
2017350196396,1,9,0,18,0,0,0,4,0,0,1,1,6,1,28,6,1390,1,8,-1,-1,-1
2017350196396,2,9,0,5,0,0,0,0,0,0,2,1,6,1,23,5,998,1,21,-1,-1,-1
2017350196396,3,19,0,2,0,0,0,0,0,0,0,1,6,3,-1,-1,1968,2,13,-1,-1,-1
2017350196568,1,9,0,18,0,8,0,0,1,9,1,1,6,1,54,8,1870,2,13,-1,-1,-1
2017350196568,2,9,0,18,0,8,1,0,0,0,1,1,5,1,67,10,1498,1,9,-1,-1,-1
2017350196973,1,9,0,7,0,2,0,0,7,7,2,1,5,2,68,10,1149,1,4,-1,-1,-1
2017350196973,2,9,0,18,0,2,0,0,0,0,1,1,1,2,40,7,2143,2,-1,-1,-1,-1
2017350196981,1,9,0,18,0,4,0,0,0,0,1,1,2,2,29,6,998,1,2,-1,-1,-1
2017350196981,2,5,0,18,0,8,0,0,0,0,1,1,2,1,50,8,599,1,18,-1,-1,-1
2017350197007,1,9,0,18,0,2,0,0,0,0,1,1,6,1,36,7,1598,1,2,-1,-1,-1
2017350197052,1,9,0,18,0,1,0,0,0,0,1,1,6,1,-1,-1,1998,1,18,-1,-1,-1
2017350197052,2,9,0,3,0,1,0,0,0,0,2,1,5,2,47,8,1398,1,3,-1,-1,-1
2017350197064,1,9,0,2,0,0,0,0,0,0,3,1,6,1,35,6,1968,2,4,-1,-1,-1
2017350197064,2,1,0,18,0,0,0,0,0,0,4,1,6,1,15,3,-1,-1,-1,-1,-1,-1
2017350197064,3,1,0,18,0,0,0,0,0,0,4,1,6,1,16,4,-1,-1,-1,-1,-1,-1
2017350197119,1,9,0,1,0,0,0,0,0,0,2,1,6,3,-1,-1,-1,-1,-1,-1,-1,-1
2017350197262,1,9,0,18,0,0,0,6,0,0,4,1,6,2,29,6,1588,1,15,-1,-1,-1
2017350197262,2,9,0,18,0,0,0,0,0,0,1,1,2,1,54,8,996,1,8,-1,-1,-1
2017350197302,1,9,0,18,0,2,0,0,0,0,1,1,2,2,42,7,1910,2,10,-1,-1,-1
2017350197370,1,1,0,18,0,8,0,0,0,0,1,1,6,1,24,5,-1,-1,-1,-1,-1,-1
2017350197370,2,9,0,18,0,8,0,0,0,0,3,1,6,1,-1,-1,1388,1,9,-1,-1,-1
2017350197548,1,9,0,16,0,0,0,0,0,0,1,1,5,2,32,6,1598,2,7,-1,-1,-1
2017350197548,2,5,0,17,0,0,0,0,1,0,3,1,2,1,27,6,124,1,14,-1,-1,-1
2017350197581,1,19,0,18,0,8,0,0,0,0,1,1,1,1,33,6,1686,2,11,-1,-1,-1
2017350197581,2,9,0,18,0,8,0,0,0,0,4,1,5,1,42,7,1242,1,10,2,1,2
2017350197607,1,9,0,18,0,0,2,0,1,0,1,1,5,1,75,10,1598,2,1,-1,-1,-1
2017350197607,2,98,1,18,0,0,0,0,0,0,2,1,1,1,51,8,-1,-1,-1,-1,-1,-1
2017350197614,1,8,0,18,0,1,0,10,1,1,4,1,1,1,52,8,2143,2,5,-1,-1,-1
2017350197614,2,1,0,18,0,1,0,0,1,10,4,1,6,2,30,6,-1,-1,-1,-1,-1,-1
2017350197761,1,9,0,18,0,8,0,0,0,0,1,1,6,1,23,5,1598,1,12,-1,-1,-1
2017350197761,2,1,0,9,0,8,0,0,0,0,2,1,6,1,61,9,-1,-1,-1,-1,-1,-1
2017350197904,1,9,0,2,0,1,0,0,0,0,3,1,6,3,-1,-1,-1,-1,-1,-1,-1,-1
2017350197904,2,1,0,18,0,1,0,0,0,0,1,1,6,2,47,8,-1,-1,-1,-1,-1,-1
2017350197942,1,9,0,16,0,1,0,0,7,2,1,1,5,1,76,11,1461,2,4,-1,-1,-1
2017350197974,1,9,0,13,0,8,0,0,0,0,1,1,6,1,71,10,1197,1,-1,-1,-1,-1
2017350197974,2,1,0,9,0,8,0,0,0,0,2,1,4,2,12,3,-1,-1,-1,-1,-1,-1
2017350198010,1,9,0,17,0,0,2,0,7,10,1,1,5,1,26,6,1999,1,15,-1,-1,-1
2017350198034,1,19,0,9,0,8,0,0,0,0,4,1,3,1,40,7,1995,2,4,-1,-1,-1
2017350198034,2,90,0,18,0,8,0,0,0,0,1,1,1,1,28,6,2987,2,3,-1,-1,-1
2017350198062,1,2,0,18,0,0,0,0,0,0,1,1,6,1,16,4,49,1,2,-1,-1,-1
2017350198062,2,9,0,9,0,0,0,0,0,0,1,1,6,2,62,9,3199,1,17,-1,-1,-1
2017350198194,1,3,0,13,0,1,0,0,0,0,1,1,6,2,39,7,125,1,2,-1,-1,-1
2017350198194,2,9,0,4,0,1,0,0,0,0,3,1,5,1,69,10,1560,2,2,-1,-1,-1
2017350198194,3,11,0,18,0,1,0,0,0,0,1,1,1,2,59,9,9600,2,17,-1,-1,-1
2017350198194,4,9,0,7,0,6,0,0,0,0,0,1,1,3,-1,-1,2993,2,6,-1,-1,-1
2017350198283,1,19,0,4,0,0,0,0,0,0,4,1,1,3,-1,-1,1995,2,-1,-1,-1,-1
2017350198283,2,1,0,18,0,0,0,0,0,0,2,1,6,2,53,8,-1,-1,-1,-1,-1,-1
2017350198328,1,1,0,18,0,8,0,0,0,0,2,1,6,2,38,7,-1,-1,-1,-1,-1,-1
2017350198328,2,9,0,18,0,8,0,0,0,0,1,1,6,1,18,4,1242,1,11,-1,-1,-1
2017350198348,1,9,0,18,0,0,0,0,7,6,1,1,6,1,85,11,1598,2,-1,-1,-1,-1
2017350198348,2,19,0,18,0,0,0,0,0,0,2,1,6,1,60,9,2143,2,1,-1,-1,-1
2017350198377,1,9,0,18,0,1,0,0,0,0,1,1,6,2,31,6,1956,2,6,-1,-1,-1
2017350198377,2,9,0,3,0,1,0,0,0,0,2,1,6,1,39,7,1968,2,5,-1,-1,-1
2017350198383,1,9,0,18,0,0,2,0,1,0,1,1,5,1,66,10,2993,2,-1,-1,-1,-1
2017350198434,1,9,0,9,0,8,0,0,0,0,1,1,5,1,75,10,-1,-1,-1,-1,-1,-1
2017350198434,2,3,0,17,0,8,0,0,0,0,4,1,5,1,17,4,124,1,2,-1,-1,-1
2017350198780,1,21,1,18,0,0,1,0,0,0,1,1,1,1,54,8,12580,2,12,-1,-1,-1
2017350198818,1,9,0,18,0,1,0,0,0,0,1,1,6,1,-1,-1,1461,2,1,-1,-1,-1
2017350198818,2,9,0,3,0,1,0,0,0,0,2,1,6,1,40,7,1598,2,-1,-1,-1,-1
2017350198844,1,9,0,12,0,0,0,0,0,0,1,1,5,1,36,7,1999,1,11,-1,-1,-1
2017350198844,2,19,0,18,0,0,0,0,0,0,1,1,1,1,25,5,2143,2,3,-1,-1,-1
2017350198887,1,19,0,4,0,1,0,0,0,0,1,1,1,1,41,7,1995,2,8,-1,-1,-1
2017350198887,2,9,0,3,0,1,0,0,0,0,2,1,3,2,38,7,2143,2,-1,-1,-1,-1
2017350198934,1,3,0,9,0,8,0,0,0,0,3,1,5,1,27,6,124,1,2,-1,-1,-1
2017350198934,2,9,0,18,0,3,0,0,0,0,4,1,5,1,54,8,1997,2,-1,-1,-1,-1
2017350198969,1,19,0,5,0,4,0,0,0,0,1,1,6,1,53,8,1997,2,6,-1,-1,-1
2017350198969,2,5,0,18,0,8,0,0,0,0,4,1,6,1,54,8,1700,1,3,-1,-1,-1
2017350198991,1,21,1,18,0,0,0,0,1,9,1,1,1,1,38,7,11946,2,5,-1,-1,-1
2017350198991,2,5,0,18,0,0,5,0,1,9,2,1,6,1,56,9,790,1,12,-1,-1,-1
2017350199016,1,1,0,18,0,0,5,0,0,0,3,1,6,1,29,6,-1,-1,-1,-1,-1,-1
2017350199016,2,11,0,13,0,0,0,0,0,0,4,1,1,3,-1,-1,-1,-1,-1,-1,-1,-1
2017350199033,1,3,0,9,0,8,2,0,0,0,0,1,6,1,19,4,124,1,1,-1,-1,-1
2017350199033,2,9,0,18,0,1,0,0,0,0,0,1,6,1,-1,-1,-1,-1,-1,-1,-1,-1
2017350199070,1,19,0,18,0,0,0,0,0,0,4,1,6,3,-1,-1,2143,2,5,-1,-1,-1
2017350199087,1,9,0,9,0,8,0,0,0,0,4,1,2,2,21,5,1598,1,4,-1,-1,-1
2017350199087,2,3,0,18,0,8,0,0,0,0,1,1,6,1,23,5,108,1,1,-1,-1,-1
2017350199153,1,19,0,1,0,1,0,0,0,0,2,1,1,1,56,9,1598,2,7,-1,-1,-1
2017350199187,1,9,0,18,0,0,0,0,0,0,4,1,5,2,48,8,1598,1,10,-1,-1,-1
2017350199224,1,9,0,5,0,6,0,0,0,0,4,1,5,1,54,8,1598,1,10,4,1,4
2017350199224,2,1,0,18,0,6,0,0,0,0,3,1,6,1,50,8,-1,-1,-1,7,1,7
2017350199251,1,9,0,5,0,0,0,0,0,0,1,1,6,3,-1,-1,1229,1,4,-1,-1,-1
2017350199251,2,1,0,18,0,0,0,0,0,0,4,1,2,2,-1,-1,-1,-1,-1,-1,-1,-1
2017350199262,1,19,0,4,0,0,0,0,0,0,1,1,6,1,-1,-1,1997,2,6,-1,-1,-1
2017350199262,2,9,0,3,0,0,0,0,0,0,2,1,6,1,54,8,1390,1,12,-1,-1,-1
2017350199371,1,1,0,18,0,4,0,0,0,0,1,1,6,1,76,11,-1,-1,-1,-1,-1,-1
2017350199371,2,9,0,9,0,8,0,0,0,0,1,1,6,1,40,7,1781,1,14,-1,-1,-1
2017350199405,1,9,0,5,8,0,0,0,1,4,2,1,6,2,55,8,1318,1,1,-1,-1,-1
2017350199405,2,9,0,18,0,0,0,0,0,0,1,1,6,1,19,4,1984,1,9,-1,-1,-1
2017350199411,1,19,0,10,0,1,0,0,7,0,2,1,1,1,23,5,2143,2,4,9,1,9
2017350199411,2,19,0,18,0,8,0,0,1,1,1,1,1,1,49,8,1248,2,2,5,2,5
2017350199435,1,9,0,5,0,1,0,0,0,0,3,1,6,1,-1,-1,1948,1,20,-1,-1,-1
2017350199435,2,9,0,14,0,1,0,0,0,0,4,1,5,1,26,6,1995,2,8,7,1,7
2017350199443,1,9,0,18,0,0,0,0,0,0,1,1,6,1,40,7,1560,2,10,2,1,2
2017350199452,1,98,0,1,0,0,0,0,0,0,2,1,1,3,-1,-1,-1,-1,-1,-1,-1,-1
2017350199463,1,1,0,18,0,8,0,0,0,0,1,1,6,2,-1,-1,-1,-1,-1,9,1,9
2017350199463,2,9,0,4,0,8,0,0,0,0,2,1,6,2,75,10,1497,8,12,9,1,9
2017350199540,1,9,0,18,0,0,5,0,5,6,3,1,6,1,35,6,2494,2,3,8,1,8
2017350199592,1,9,0,4,0,3,0,0,0,0,2,1,6,1,42,7,1968,2,-1,7,2,7
2017350199592,2,9,0,18,0,3,0,0,0,0,1,1,6,1,52,8,1796,1,16,-1,-1,-1
2017350199592,3,9,0,7,0,6,0,0,0,0,0,1,5,1,25,5,2497,1,7,6,1,6
2017350199645,1,21,1,18,0,0,1,0,0,0,1,1,1,1,49,8,12902,2,4,-1,-1,-1
2017350199645,2,21,1,4,0,0,0,0,0,0,2,1,1,1,45,7,10308,2,4,1,1,1
2017350199714,1,9,0,13,0,1,0,0,7,1,1,1,6,1,69,10,2495,2,13,-1,-1,-1
2017350199714,2,9,0,9,0,5,0,0,7,1,3,1,6,1,50,8,1598,2,3,-1,-1,-1
2017350199779,1,9,0,18,0,1,0,0,0,0,1,1,2,1,21,5,1396,1,19,6,2,6
2017350199779,2,9,0,12,0,1,0,0,1,0,2,1,5,1,45,7,-1,-1,-1,9,1,9
2017350199779,3,9,0,12,0,1,0,0,1,0,2,1,2,2,50,8,996,1,7,6,1,6
2017350199847,1,21,1,12,0,1,0,0,0,0,1,1,1,1,51,8,10518,2,4,2,1,2
2017350199847,2,19,0,3,0,1,0,0,0,0,2,1,6,1,48,8,-1,-1,-1,-1,-1,-1
2017350199847,3,21,1,5,0,4,0,0,0,0,2,1,1,1,59,9,12777,2,10,5,1,5
2017350199915,1,9,0,18,0,0,0,0,0,0,1,1,5,1,49,8,1896,2,15,-1,-1,-1
2017350199915,2,9,0,3,0,0,0,0,0,0,2,1,5,1,24,5,1199,1,15,-1,-1,-1
2017350199915,3,9,0,3,0,0,0,0,0,0,2,1,5,2,49,8,1968,2,-1,4,1,4
2017350199958,1,5,0,13,0,1,0,0,0,0,1,1,6,1,21,5,689,1,1,-1,-1,-1
2017350199958,2,9,0,9,0,8,0,0,0,0,3,1,6,1,53,8,2993,2,7,-1,-1,-1
2017350199970,1,9,0,18,0,0,0,0,0,0,1,1,6,1,41,7,1598,2,-1,-1,-1,-1
2017350199970,2,9,0,18,0,0,0,0,0,0,1,1,6,1,22,5,1461,2,11,-1,-1,-1
2017350200030,1,19,0,6,0,1,0,0,0,0,3,1,1,1,23,5,2198,2,3,5,1,5
2017350200030,2,3,0,13,0,1,0,0,7,0,1,1,2,1,21,5,124,1,6,3,3,3
2017350200056,1,9,0,4,0,4,0,0,0,0,2,1,6,2,40,7,2148,2,14,-1,-1,-1
2017350200056,2,9,0,18,0,4,0,0,0,0,1,1,6,1,32,6,1896,2,11,-1,-1,-1
2017350200096,1,9,0,12,0,0,0,0,0,0,1,1,1,2,48,8,1984,1,15,-1,-1,-1
2017350200096,2,9,0,18,0,0,0,0,0,0,1,1,1,2,59,9,998,1,11,10,2,10
2017350200141,1,98,1,18,0,1,0,0,0,0,1,1,1,1,-1,-1,-1,-1,-1,-1,-1,-1
2017350200141,2,9,0,3,0,1,0,0,0,0,2,1,5,1,24,5,1956,2,7,6,1,6
2017350200160,1,9,0,9,0,6,0,0,0,0,3,1,2,1,46,8,1197,1,1,10,1,10
2017350200160,2,9,0,18,0,8,0,0,0,0,1,1,2,1,39,7,1598,1,8,3,1,3
2017350200192,1,8,0,4,0,0,0,0,0,0,0,1,1,1,37,7,1997,2,9,-1,-1,-1
2017350200195,1,9,0,9,0,8,0,0,0,0,3,1,6,2,23,5,1900,2,11,-1,-1,-1
2017350200195,2,1,0,18,0,8,0,0,0,0,1,1,6,2,57,9,-1,-1,-1,-1,-1,-1
2017350200209,1,9,0,10,0,1,0,0,0,0,2,1,2,1,28,6,1995,2,7,-1,-1,-1
2017350200209,2,3,0,18,0,1,0,0,0,0,1,1,2,1,19,4,124,1,2,-1,-1,-1
2017350200244,1,9,0,18,0,0,0,0,0,0,1,1,6,1,45,7,1968,2,11,-1,-1,-1
2017350200244,2,19,0,3,0,0,0,0,0,0,2,1,1,1,28,6,1995,2,6,-1,-1,-1
2017350200383,1,3,0,4,0,1,2,0,0,0,1,1,6,1,52,8,125,1,5,-1,-1,-1
2017350200455,1,5,0,16,0,1,1,0,7,0,1,1,6,1,64,9,1298,1,-1,-1,-1,-1
2017350200563,1,9,0,9,0,8,0,0,0,0,2,1,6,1,51,8,2995,8,6,-1,-1,-1
2017350200563,2,1,0,18,0,2,0,0,0,0,3,1,5,1,43,7,-1,-1,-1,-1,-1,-1
2017350200638,1,9,0,13,0,0,0,0,0,0,4,1,5,1,36,7,2198,1,11,-1,-1,-1
2017350200638,2,9,0,3,0,0,0,0,0,0,3,1,5,1,33,6,1686,2,3,3,3,3
2017350200638,3,9,0,2,0,0,0,0,0,0,2,1,5,2,-1,-1,2000,1,17,-1,-1,-1
2017350200891,1,5,0,17,0,0,1,0,1,4,1,1,6,1,25,5,599,1,20,-1,-1,-1
2017350200911,1,90,0,13,0,2,0,7,7,1,1,1,1,2,23,5,2987,2,3,10,1,10
2017350200911,2,21,1,4,0,8,0,0,0,0,0,1,1,1,39,7,12777,2,-1,6,3,6
2017350200932,1,9,0,9,0,8,0,0,0,0,1,1,5,1,20,4,1796,1,13,-1,-1,-1
2017350200932,2,1,0,18,0,8,0,0,0,0,4,1,6,1,61,9,-1,-1,-1,-1,-1,-1
2017350200974,1,9,0,2,0,2,0,0,0,0,3,1,6,1,-1,-1,-1,-1,-1,-1,-1,-1
2017350200974,2,1,0,14,0,2,0,8,0,0,1,1,6,1,12,3,-1,-1,-1,8,3,8
2017350200993,1,9,0,18,0,0,0,4,0,0,1,1,5,2,19,4,1360,1,10,-1,-1,-1
2017350200993,2,9,0,2,0,0,0,0,0,0,2,1,5,1,64,9,1998,2,10,1,1,1
2017350201017,1,9,0,14,0,0,0,0,0,0,3,1,2,2,42,7,1997,2,5,2,1,2
2017350201017,2,19,0,18,0,0,0,0,0,0,3,1,1,1,25,5,2143,2,3,7,3,7
2017350201046,1,9,0,9,0,2,0,0,0,0,1,1,6,2,48,8,1149,1,17,-1,-1,-1
2017350201046,2,1,0,10,0,1,0,0,0,0,1,1,2,1,54,8,-1,-1,-1,3,1,3
2017350201057,1,9,0,18,0,1,0,0,0,0,1,1,6,2,25,5,1388,1,13,-1,-1,-1
2017350201057,2,9,0,4,0,1,0,0,0,0,2,1,5,2,41,7,1598,1,12,-1,-1,-1
2017350201107,1,19,0,4,0,0,0,0,0,0,1,1,5,1,70,10,1998,2,12,-1,-1,-1
2017350201108,1,9,0,7,0,3,0,0,0,0,1,1,6,1,30,6,1997,1,3,-1,-1,-1
2017350201108,2,9,0,4,0,2,0,0,0,0,2,1,2,2,51,8,1398,2,9,6,2,6
2017350201108,3,9,0,3,0,2,0,0,0,0,2,1,6,1,57,9,1197,1,3,8,3,8
2017350201213,1,19,0,9,0,8,0,0,0,0,1,1,2,1,47,8,1868,2,11,-1,-1,-1
2017350201213,2,5,0,18,0,8,0,0,0,0,1,1,2,1,52,8,689,1,1,-1,-1,-1
2017350201270,1,9,0,1,0,0,0,0,0,0,2,1,6,1,-1,-1,1398,1,7,10,1,10
2017350201270,2,9,0,4,0,0,0,0,0,0,3,1,6,1,36,7,1997,2,7,-1,-1,-1
2017350201309,1,11,0,18,0,0,0,11,0,0,4,1,1,1,69,10,7300,2,5,-1,-1,-1
2017350201309,2,9,0,2,2,0,0,0,0,0,3,1,6,3,-1,-1,-1,-1,-1,-1,-1,-1
2017350201321,1,9,0,6,0,2,0,0,0,0,1,1,6,1,63,9,1968,2,9,-1,-1,-1
2017350201321,2,1,0,18,0,1,0,0,0,0,3,1,6,1,36,7,-1,-1,-1,-1,-1,-1
2017350201393,1,9,0,1,0,0,0,0,0,0,2,1,3,2,31,6,1999,1,9,4,3,4
2017350201393,2,5,0,3,0,0,0,0,0,0,1,1,6,1,53,8,1298,1,3,-1,-1,-1
2017350201429,1,9,0,4,0,8,0,0,0,0,1,1,6,1,74,10,1991,2,14,-1,-1,-1
2017350201429,2,1,0,18,0,8,0,0,0,0,3,1,6,1,22,5,-1,-1,-1,-1,-1,-1
2017350201442,1,9,0,18,0,0,5,0,4,0,4,1,5,1,50,8,1598,2,1,-1,-1,-1
2017350201442,2,9,0,12,0,0,0,0,0,0,3,1,5,2,21,5,2400,1,13,-1,-1,-1
2017350201460,1,9,0,16,0,5,2,10,6,9,1,1,5,1,32,6,1596,1,15,-1,-1,-1
2017350201461,1,5,0,18,0,8,0,0,0,0,4,1,6,1,57,9,647,1,19,-1,-1,-1
2017350201461,2,9,0,3,0,8,0,0,0,0,3,1,6,2,59,9,1497,8,1,-1,-1,-1
2017350201463,1,9,0,18,0,1,1,0,7,0,1,1,6,1,40,7,1360,1,16,-1,-1,-1
2017350201463,2,9,0,18,0,2,0,0,0,0,1,1,6,1,18,4,1390,1,10,6,2,6
2017350201481,1,21,1,17,0,1,1,0,0,0,1,1,1,1,46,8,12740,2,6,-1,-1,-1