Accident_Index,Vehicle_Reference,Vehicle_Type,Towing_and_Articulation,Vehicle_Manoeuvre,Vehicle_Location-Restricted_Lane,Junction_Location,Skidding_and_Overturning,Hit_Object_in_Carriageway,Vehicle_Leaving_Carriageway,Hit_Object_off_Carriageway,1st_Point_of_Impact,Was_Vehicle_Left_Hand_Drive?,Journey_Purpose_of_Driver,Sex_of_Driver,Age_of_Driver,Age_Band_of_Driver,Engine_Capacity_(CC),Propulsion_Code,Age_of_Vehicle,Driver_IMD_Decile,Driver_Home_Area_Type,Vehicle_IMD_Decile
2017350201481,2,9,0,4,0,1,0,0,0,0,2,1,6,1,44,7,1598,2,5,-1,-1,-1
2017350201481,3,9,0,7,0,5,0,0,0,0,2,1,6,2,37,7,1582,2,4,-1,-1,-1
2017350201511,1,19,0,18,0,1,0,0,0,0,1,1,1,1,67,10,1753,2,11,-1,-1,-1
2017350201511,2,9,0,9,0,1,0,10,0,0,2,1,5,1,55,8,999,1,9,-1,-1,-1
2017350201547,1,19,0,4,0,1,0,0,0,0,1,1,6,1,42,7,2143,2,3,9,1,9
2017350201547,2,9,0,3,0,4,0,0,0,0,2,1,2,1,36,7,1197,1,3,3,1,3
2017350201580,1,9,0,13,0,0,0,0,1,0,1,1,6,1,20,4,1984,1,1,-1,-1,-1
2017350201580,2,9,0,17,0,0,0,0,1,0,1,1,2,1,37,7,1242,1,10,-1,-1,-1
2017350201580,3,9,0,16,0,0,0,0,7,0,2,1,5,1,74,10,1588,1,16,-1,-1,-1
2017350201581,1,1,0,18,0,8,0,0,0,0,1,1,6,1,50,8,-1,-1,-1,-1,-1,-1
2017350201581,2,9,0,5,0,4,0,0,0,0,1,1,6,1,87,11,1398,1,4,-1,-1,-1
2017350201596,1,5,0,13,0,0,2,0,7,11,4,1,2,1,32,6,599,1,18,-1,-1,-1
2017350201596,2,9,0,9,0,0,0,0,0,0,3,1,5,1,45,7,2000,2,8,-1,-1,-1
2017350201671,1,3,0,7,0,8,0,0,7,0,1,1,5,1,23,5,125,1,2,5,2,5
2017350201671,2,9,0,3,0,1,0,0,0,0,1,1,6,1,64,9,1968,2,9,9,2,9
2017350201677,1,9,0,13,0,0,0,0,0,0,4,1,6,3,-1,-1,1499,2,-1,-1,-1,-1
2017350201677,2,1,0,18,0,0,0,0,0,0,3,1,6,1,51,8,-1,-1,-1,9,3,9
2017350201711,1,3,0,18,9,0,0,7,0,0,1,1,6,1,17,4,125,1,1,-1,-1,-1
2017350201714,1,9,0,6,0,8,0,0,0,0,0,1,2,1,76,11,2967,1,13,-1,-1,-1
2017350201714,2,2,0,18,0,8,2,0,0,0,0,1,2,1,16,4,50,1,1,-1,-1,-1
2017350201763,1,19,0,9,0,8,0,0,0,0,1,1,1,1,61,9,1753,2,11,-1,-1,-1
2017350201763,2,3,0,18,0,8,2,0,0,0,3,1,6,1,21,5,124,1,3,-1,-1,-1
2017350201781,1,19,0,4,0,1,0,0,0,0,1,1,2,1,41,7,1995,2,4,-1,-1,-1
2017350201781,2,9,0,3,0,1,0,0,0,0,2,1,2,2,56,9,1560,2,5,-1,-1,-1
2017350201781,3,9,0,3,0,1,0,0,0,0,2,1,2,2,25,5,1968,2,4,-1,-1,-1
2017350201781,4,19,0,10,0,5,0,0,0,0,2,1,2,2,63,9,1753,2,14,-1,-1,-1
2017350201824,1,9,0,18,0,0,0,0,0,0,1,1,5,2,40,7,2995,1,12,-1,-1,-1
2017350201834,1,9,0,9,0,0,0,0,0,0,1,1,6,1,30,6,-1,-1,-1,-1,-1,-1
2017350201834,2,1,0,18,9,0,0,0,0,0,1,1,6,3,33,6,-1,-1,-1,-1,-1,-1
2017350201855,1,9,0,18,0,0,2,0,7,9,1,1,6,2,17,4,1242,1,13,9,3,9
2017350201860,1,1,0,7,0,2,0,0,0,0,1,1,5,2,63,9,-1,-1,-1,-1,-1,-1
2017350201860,2,11,0,18,0,1,0,0,0,0,1,1,1,1,32,6,6700,2,7,-1,-1,-1
2017350201878,1,9,0,7,0,8,0,0,0,0,1,1,6,2,39,7,1587,1,13,-1,-1,-1
2017350201878,2,1,0,9,0,8,0,0,0,0,1,1,6,1,24,5,-1,-1,-1,-1,-1,-1
2017350201881,1,9,0,13,0,1,1,0,7,11,1,1,2,1,51,8,2199,2,6,-1,-1,-1
2017350201881,2,19,4,9,0,8,1,0,1,11,3,1,1,1,22,5,2402,2,12,-1,-1,-1
2017350201911,1,9,0,18,0,0,0,0,0,0,1,1,6,1,37,7,2496,2,16,-1,-1,-1
2017350201911,2,9,0,3,0,0,0,0,0,0,2,1,5,2,24,5,1796,1,14,-1,-1,-1
2017350201915,1,9,0,18,0,0,0,0,0,0,1,1,6,1,56,9,1956,2,6,1,1,1
2017350201947,1,1,0,18,0,1,0,0,0,0,4,1,2,1,-1,-1,-1,-1,-1,2,1,2
2017350201947,2,9,0,4,0,8,0,0,0,0,3,1,6,3,76,11,1390,1,19,8,1,8
2017350201960,1,9,0,9,0,5,0,0,0,0,1,1,6,2,17,4,998,1,13,6,2,6
2017350201960,2,1,0,18,0,1,0,0,0,0,1,1,6,1,56,9,-1,-1,-1,8,1,8
2017350201960,3,19,0,8,0,1,0,0,0,0,1,1,1,1,29,6,1968,2,3,6,2,6
2017350202025,1,19,0,18,0,0,0,0,0,0,1,1,1,1,35,6,2143,2,3,-1,-1,-1
2017350202025,2,9,0,4,0,0,0,0,0,0,2,1,6,1,31,6,1994,2,15,-1,-1,-1
2017350202030,1,9,0,11,0,0,5,0,0,0,1,1,2,2,20,4,998,1,4,7,2,7
2017350202030,2,9,0,4,0,0,0,0,0,0,3,1,5,1,78,11,1461,2,12,8,3,8
2017350202037,1,9,0,18,0,0,1,0,0,0,1,1,5,1,29,6,1596,1,16,-1,-1,-1
2017350202037,2,9,0,4,0,0,0,0,0,0,2,1,6,2,31,6,1995,2,1,-1,-1,-1
2017350202047,1,21,1,9,0,8,0,0,0,0,3,1,6,1,30,6,12419,2,4,-1,-1,-1
2017350202047,2,19,0,18,0,3,0,0,0,0,4,1,1,1,47,8,1560,2,1,-1,-1,-1
2017350202112,1,9,0,9,0,6,0,0,0,0,3,1,2,2,36,7,1995,2,4,-1,-1,-1
2017350202112,2,5,0,18,0,8,5,0,0,0,1,1,2,1,28,6,599,1,10,6,1,6
2017350202142,1,9,0,7,0,8,0,0,0,0,4,1,2,1,55,8,-1,-1,-1,-1,-1,-1
2017350202142,2,1,0,15,0,8,0,0,0,0,3,1,2,1,51,8,-1,-1,-1,-1,-1,-1
2017350202152,1,9,0,16,0,0,0,0,7,4,1,1,2,2,35,6,1598,1,11,4,2,4
2017350202173,1,19,0,5,0,8,0,0,0,0,3,1,1,1,51,8,2143,2,5,-1,-1,-1
2017350202173,2,5,0,18,0,8,5,0,0,0,1,1,2,1,50,8,1170,1,1,-1,-1,-1
2017350202176,1,9,0,13,0,0,0,0,0,0,4,1,2,2,51,8,1298,1,14,8,3,8
2017350202176,2,1,0,18,0,0,5,0,0,0,3,1,4,2,23,5,-1,-1,-1,6,1,6
2017350202177,1,9,0,11,0,0,2,10,0,0,1,1,5,2,33,6,-1,-1,-1,-1,-1,-1
2017350202193,1,9,0,12,0,0,1,0,0,0,3,1,5,2,18,4,1299,1,9,-1,-1,-1
2017350202193,2,21,1,18,0,0,0,0,0,0,3,1,1,1,63,9,12419,2,2,-1,-1,-1
2017350202213,1,9,0,18,0,0,1,0,0,0,1,1,5,2,68,10,1461,2,2,5,1,5
2017350202213,2,9,0,3,0,0,0,0,0,0,2,1,5,1,59,9,1796,1,6,9,2,9
2017350202213,3,9,0,18,0,0,0,0,0,0,3,1,5,1,30,6,1598,1,16,4,1,4
2017350202239,1,5,0,18,0,0,1,0,0,0,1,1,6,1,38,7,1299,1,10,-1,-1,-1
2017350202239,2,19,0,18,0,0,1,0,0,0,3,1,1,1,36,7,2287,2,5,-1,-1,-1
2017350202244,1,98,1,12,0,0,0,0,0,0,3,1,1,1,40,7,-1,-1,-1,-1,-1,-1
2017350202244,2,9,0,11,0,0,0,0,0,0,4,1,2,1,44,7,1686,2,5,1,1,1
2017350202268,1,9,0,9,0,6,0,0,0,0,3,1,6,2,45,7,1968,2,8,-1,-1,-1
2017350202268,2,5,0,18,0,8,1,0,0,0,1,1,2,1,35,6,749,1,20,-1,-1,-1
2017350202303,1,9,0,4,0,1,0,0,0,0,1,1,6,1,42,7,2143,12,3,-1,-1,-1
2017350202303,2,1,0,3,0,1,0,0,0,0,2,1,6,2,41,7,-1,-1,-1,-1,-1,-1
2017350202311,1,9,0,18,0,0,0,0,0,0,1,1,5,1,46,8,2179,2,4,-1,-1,-1
2017350202311,2,9,0,3,0,0,0,0,1,0,2,1,5,2,54,8,1560,2,8,7,3,7
2017350202311,3,9,0,10,0,0,0,0,0,0,2,1,5,2,41,7,1560,2,7,-1,-1,-1
2017350202341,1,9,0,7,0,5,0,0,0,0,4,1,5,2,33,6,1968,2,10,10,1,10
2017350202341,2,1,0,18,0,1,0,0,0,0,1,1,5,2,59,9,-1,-1,-1,-1,-1,-1
2017350202355,1,9,0,10,0,0,0,0,7,10,2,1,5,1,59,9,5000,1,3,-1,-1,-1
2017350202355,2,19,0,18,0,0,0,0,1,0,1,1,1,1,25,5,2198,2,2,-1,-1,-1
2017350202370,1,98,0,13,0,1,0,0,0,0,4,1,6,1,30,6,-1,-1,-1,8,1,8
2017350202370,2,1,0,16,0,1,5,10,0,0,3,1,6,2,22,5,-1,-1,-1,10,1,10
2017350202380,1,9,0,18,0,0,0,0,0,0,3,1,5,1,19,4,1598,1,16,-1,-1,-1
2017350202394,1,9,0,11,6,0,0,4,1,0,1,1,6,1,39,7,1242,1,13,5,2,5
2017350202394,2,21,1,2,6,0,0,0,0,0,2,1,1,1,60,9,10518,2,9,6,1,6
2017350202449,1,9,0,5,0,6,0,0,0,0,3,1,2,1,21,5,1390,1,8,-1,-1,-1
2017350202449,2,5,0,18,0,8,0,0,0,0,1,1,2,1,59,9,1700,1,6,-1,-1,-1
2017350202459,1,9,0,18,0,0,0,0,0,0,4,1,6,1,19,4,1968,2,-1,-1,-1,-1
2017350202471,1,9,0,18,0,8,0,7,0,0,1,1,1,1,29,6,1686,2,5,-1,-1,-1
2017350202471,2,19,0,18,0,8,0,7,0,0,1,1,1,1,42,7,2402,2,7,-1,-1,-1
2017350202538,1,9,0,18,0,0,0,0,0,0,1,1,6,1,-1,-1,-1,-1,-1,5,1,5
2017350202538,2,1,0,18,0,0,0,0,0,0,1,1,6,1,23,5,-1,-1,-1,5,1,5
2017350202556,1,11,0,14,0,0,0,0,0,0,1,1,1,1,26,6,8268,2,12,6,1,6
2017350202556,2,9,0,18,0,0,0,0,0,0,1,1,5,1,27,6,1686,2,5,4,3,4
2017350202556,3,21,1,2,0,0,0,0,0,0,0,1,1,1,51,8,12740,2,2,5,1,5
2017350202614,1,9,0,18,0,0,0,0,0,0,0,1,6,3,-1,-1,-1,-1,-1,-1,-1,-1
2017350202614,2,3,0,14,0,0,1,0,7,0,1,1,5,1,72,10,49,1,1,7,2,7
2017350202649,1,9,0,4,0,1,0,0,0,0,4,1,5,2,75,10,1997,2,3,-1,-1,-1
2017350202649,2,1,0,5,0,6,0,0,0,0,1,1,2,2,28,6,-1,-1,-1,-1,-1,-1
2017350202704,1,9,0,9,0,6,0,0,0,0,1,1,6,2,17,4,998,1,4,-1,-1,-1
2017350202704,2,9,0,18,0,8,0,0,1,0,1,1,6,2,81,11,1198,1,14,-1,-1,-1
2017350202724,1,9,0,3,0,1,0,0,0,0,2,1,3,2,44,7,1397,1,8,-1,-1,-1
2017350202724,2,9,0,18,0,1,0,0,0,0,1,1,6,1,18,4,1229,1,5,-1,-1,-1
2017350202749,1,-1,0,18,0,0,0,0,0,0,1,1,6,3,-1,-1,-1,-1,-1,-1,-1,-1
2017350202749,2,1,0,18,0,0,0,0,0,0,2,1,5,1,-1,-1,-1,-1,-1,8,2,8
2017350202784,1,90,0,5,0,8,0,0,0,0,1,1,1,2,56,9,-1,-1,-1,-1,-1,-1
2017350202784,2,3,0,18,0,1,2,0,0,0,1,1,2,1,26,6,125,1,3,-1,-1,-1
2017350202785,1,9,0,9,0,8,0,0,0,0,1,1,5,1,82,11,1896,2,7,-1,-1,-1
2017350202785,2,9,0,18,0,8,0,0,0,0,1,1,2,2,21,5,1360,1,14,-1,-1,-1
2017350202812,1,9,0,18,0,0,5,4,0,0,1,1,6,1,20,4,1248,1,2,-1,-1,-1
2017350202812,2,9,0,2,0,0,0,0,0,0,1,1,5,2,-1,-1,998,1,11,-1,-1,-1
2017350202830,1,5,0,13,0,0,2,0,7,0,1,1,5,1,30,6,897,1,12,9,1,9
2017350202830,2,9,0,9,0,0,0,0,0,0,3,1,6,1,28,6,1390,1,8,8,1,8
2017350202830,3,9,0,2,9,0,0,0,0,0,2,1,5,3,-1,-1,1200,1,14,-1,-1,-1
2017350202830,4,1,0,18,0,0,0,0,0,0,1,1,6,2,14,3,-1,-1,-1,2,1,2
2017350202838,1,9,0,18,0,1,0,0,0,0,1,1,6,1,-1,-1,1560,2,7,-1,-1,-1
2017350202838,2,9,0,4,0,1,0,0,0,0,2,1,6,2,62,9,1596,1,5,-1,-1,-1
2017350203043,1,98,0,17,0,0,0,0,0,0,1,1,6,3,-1,-1,-1,-1,-1,-1,-1,-1
2017350203043,2,1,0,16,0,0,0,0,0,0,3,1,4,1,15,3,-1,-1,-1,-1,-1,-1
2017350203117,1,9,0,16,0,4,0,0,0,0,1,1,2,1,27,6,1995,2,14,-1,-1,-1
2017350203117,2,1,0,4,0,8,0,0,0,0,4,1,2,1,28,6,-1,-1,-1,8,1,8
2017350203509,1,9,0,18,0,0,0,0,0,0,1,1,6,1,-1,-1,-1,-1,-1,-1,-1,-1
2017350203509,2,9,0,18,0,0,0,0,0,0,2,1,1,1,37,7,1896,2,12,-1,-1,-1
2017350203607,1,9,0,11,0,0,0,0,0,0,0,1,6,3,-1,-1,-1,-1,-1,-1,-1,-1
2017350203607,2,9,0,18,0,0,0,0,1,4,4,1,5,1,23,5,2171,1,17,-1,-1,-1
2017350203625,1,9,0,18,0,0,0,0,0,0,1,1,3,1,48,8,1995,2,5,-1,-1,-1
2017350203625,2,9,0,3,0,0,0,0,0,0,2,1,6,1,43,7,1798,1,9,-1,-1,-1
2017350203625,3,9,0,3,0,0,0,0,0,0,2,1,6,1,36,7,1598,2,1,-1,-1,-1
2017350203676,2,1,0,18,0,0,0,0,0,0,1,1,6,1,-1,-1,-1,-1,-1,-1,-1,-1
2017350203730,1,9,0,5,0,1,0,0,0,0,4,1,1,1,18,4,1242,1,10,5,3,5
2017350203730,2,9,0,12,0,1,0,0,0,0,3,1,6,1,71,10,2148,2,10,-1,-1,-1
2017350203754,1,9,0,18,0,0,0,0,1,4,1,1,6,2,49,8,1599,1,12,-1,-1,-1
2017350203795,1,3,0,18,0,0,5,0,1,0,4,1,6,1,53,8,124,1,1,-1,-1,-1
2017350203844,1,1,0,9,0,2,0,0,0,0,1,1,6,1,-1,-1,-1,-1,-1,-1,-1,-1
2017350203844,2,9,0,8,0,1,0,0,0,0,1,1,6,2,30,6,1753,2,11,9,1,9
2017350203902,1,3,0,17,0,0,0,11,1,3,1,1,1,1,51,8,124,1,11,5,2,5
2017350204006,1,9,0,18,0,8,0,0,7,0,1,1,5,1,36,7,1769,1,11,-1,-1,-1
2017350204006,2,3,0,16,0,8,0,0,1,0,3,1,5,1,32,6,124,1,3,-1,-1,-1
2017350204075,1,9,0,7,0,8,0,0,0,0,4,1,6,2,36,7,1120,2,1,-1,-1,-1
2017350204075,2,1,0,18,0,8,0,0,0,0,3,1,5,1,43,7,-1,-1,-1,-1,-1,-1
2017350204196,1,9,0,4,0,1,0,0,0,0,2,1,6,2,31,6,2231,2,11,-1,-1,-1
2017350204196,2,9,0,18,0,1,0,0,0,0,1,1,6,1,25,5,1968,2,9,-1,-1,-1
2017350204632,1,9,4,13,0,0,1,0,1,0,4,1,2,1,46,8,1968,2,11,8,3,8
2017350204632,2,21,0,18,0,0,1,0,1,0,3,1,1,1,69,10,6870,2,5,4,3,4
2017350204639,1,9,0,17,0,0,1,0,7,9,3,1,5,2,18,4,1240,1,11,8,3,8
2017350204643,1,21,0,18,0,0,0,0,0,0,1,1,1,1,28,6,11967,2,5,7,3,7
2017350204643,2,9,0,3,0,0,0,0,0,0,2,1,1,1,31,6,1499,2,4,-1,-1,-1
2017350204643,3,19,0,3,0,0,0,0,0,0,2,1,1,1,31,6,2402,2,7,-1,-1,-1
2017350204643,4,9,0,3,0,0,0,0,0,0,2,1,1,1,23,5,-1,-1,-1,-1,-1,-1
2017350204643,5,21,0,3,0,0,0,0,0,0,2,1,1,1,28,6,10837,2,2,-1,-1,-1
2017350204670,1,9,0,16,0,0,1,0,0,0,1,1,5,1,74,10,1596,1,13,-1,-1,-1
2017350204670,2,9,0,17,0,0,1,0,0,0,3,1,5,1,42,7,1598,1,12,-1,-1,-1
2017350204682,1,9,0,18,0,0,1,0,0,0,1,1,6,2,28,6,1968,2,6,8,1,8
2017350204682,2,19,0,18,0,0,0,0,0,0,1,1,6,1,47,8,2148,2,11,8,3,8
2017350204682,3,9,0,3,0,0,0,0,0,0,3,1,6,1,61,9,1997,1,5,-1,-1,-1
2017350204682,4,9,0,18,0,0,1,0,1,9,1,1,6,2,34,6,1461,2,-1,-1,-1,-1
2017350204696,1,9,0,18,0,0,0,0,0,0,1,1,6,1,25,5,1905,2,19,-1,-1,-1
2017350204696,2,9,0,4,0,0,0,0,0,0,2,1,1,2,17,4,1149,1,13,-1,-1,-1
2017350204696,3,98,0,9,0,0,0,0,0,0,1,1,6,3,-1,-1,-1,-1,-1,-1,-1,-1
2017350204697,1,9,0,4,0,4,0,0,0,0,3,1,6,2,61,9,1587,1,10,-1,-1,-1
2017350204697,2,9,0,18,0,4,0,0,0,0,4,1,6,1,27,6,2521,1,10,-1,-1,-1
2017350204719,1,9,0,6,0,2,0,0,0,0,4,1,5,2,75,10,1399,2,14,-1,-1,-1
2017350204719,2,9,0,18,0,1,0,0,0,0,1,1,5,2,46,8,1461,2,3,-1,-1,-1
2017350204786,1,98,0,18,0,0,0,8,0,0,4,1,6,3,-1,-1,-1,-1,-1,-1,-1,-1
2017350204786,2,9,0,2,0,0,0,0,0,0,4,1,5,1,39,7,1595,1,18,-1,-1,-1
2017350204899,1,8,0,18,9,0,0,0,1,0,4,1,1,1,-1,-1,-1,-1,-1,-1,-1,-1
2017350204978,1,9,0,4,0,1,0,0,0,0,1,1,6,2,41,7,1761,1,17,-1,-1,-1
2017350204978,2,9,0,3,0,1,0,0,0,0,2,1,6,1,51,8,1598,1,5,-1,-1,-1
2017350205000,1,9,0,5,0,4,0,0,0,0,1,1,5,1,21,5,1796,1,14,6,1,6
2017350205000,2,9,0,4,0,4,0,0,0,0,2,1,5,2,19,4,1598,2,3,1,1,1
2017350205036,1,9,0,7,0,6,0,0,0,0,3,1,6,1,83,11,1397,1,7,7,1,7
2017350205036,2,1,0,18,0,8,0,0,0,0,1,1,1,2,42,7,-1,-1,-1,5,1,5
2017350205048,1,9,0,5,0,8,0,0,0,0,1,1,6,1,31,6,1596,1,11,-1,-1,-1
2017350205048,2,9,0,18,0,8,0,0,0,0,4,1,6,2,72,10,1364,1,6,-1,-1,-1
2017350205048,3,16,0,18,0,1,0,0,0,0,3,1,5,2,42,7,-1,-1,-1,-1,-1,-1
2017350205094,1,98,0,18,0,2,0,4,0,0,4,1,6,3,-1,-1,-1,-1,-1,-1,-1,-1
2017350205094,2,8,0,2,0,1,0,0,0,0,4,1,6,1,24,5,1968,2,5,1,1,1
2017350205108,1,9,0,16,0,0,1,4,0,0,1,1,1,1,30,6,1988,1,15,3,1,3
2017350205108,2,9,0,2,0,0,0,0,0,0,3,1,6,3,-1,-1,-1,-1,-1,-1,-1,-1
2017350205136,1,9,0,7,0,2,0,0,0,0,1,1,6,2,26,6,1598,1,7,6,1,6
2017350205553,1,21,1,7,0,6,0,0,0,0,3,1,1,1,39,7,16400,2,2,4,1,4
2017350205553,2,1,0,18,0,6,0,0,0,0,1,1,5,2,72,10,-1,-1,-1,-1,-1,-1
2017350205590,1,8,0,2,0,0,0,0,0,0,3,1,1,1,-1,-1,1560,2,6,-1,-1,-1
2017350205590,2,1,0,14,0,0,0,8,0,0,1,1,6,2,37,7,-1,-1,-1,8,1,8
2017350205637,1,8,0,18,0,0,0,0,0,0,4,1,1,1,-1,-1,1798,8,3,5,3,5
2017350205648,1,4,0,18,0,0,0,0,1,5,1,1,6,1,60,9,-1,-1,-1,-1,-1,-1
2017350205735,1,9,0,18,5,0,0,0,0,0,4,1,6,1,44,7,2982,2,2,-1,-1,-1
2017350205735,2,1,0,18,5,0,0,0,0,0,1,1,2,2,40,7,-1,-1,-1,-1,-1,-1
2017350205858,1,9,0,18,0,4,0,0,0,0,3,1,5,1,20,4,1896,2,14,-1,-1,-1
2017350205858,2,5,0,18,0,8,0,0,0,0,1,1,5,1,22,5,649,1,2,-1,-1,-1
2017350205945,1,9,0,18,0,1,0,0,0,0,1,1,6,2,43,7,1360,1,12,-1,-1,-1
2017350205945,2,9,0,3,0,1,0,0,0,0,2,1,5,2,28,6,1242,1,15,6,3,6
2017350205987,1,9,0,13,0,1,0,0,0,0,4,1,6,3,-1,-1,-1,-1,-1,-1,-1,-1
2017350205987,2,1,0,18,0,1,0,0,0,0,3,1,5,1,56,9,-1,-1,-1,-1,-1,-1
2017350206015,1,9,0,18,0,1,0,0,0,0,1,1,5,1,35,6,2993,2,4,8,3,8
2017350206015,2,9,0,3,0,1,0,0,0,0,2,1,5,2,26,6,1198,1,10,5,2,5
2017350206054,1,9,0,18,0,8,0,0,0,0,1,1,5,1,48,8,1998,1,-1,1,1,1
2017350206054,2,9,0,18,0,8,0,0,7,0,4,1,5,2,32,6,1596,1,12,1,1,1
2017350206075,1,9,0,18,0,1,1,0,0,0,1,1,2,1,68,10,1997,2,10,3,1,3
2017350206075,2,9,0,4,0,1,0,0,0,0,2,1,5,1,40,7,1999,2,-1,5,3,5
2017350206079,1,22,0,3,9,0,0,0,0,0,4,1,6,2,66,10,-1,-1,-1,-1,-1,-1
2017350206079,2,9,0,18,9,0,0,0,0,0,1,1,6,2,-1,-1,1587,1,10,-1,-1,-1
2017350206136,1,9,0,13,0,0,0,0,0,0,4,1,6,2,-1,-1,-1,-1,-1,-1,-1,-1
2017350206136,2,1,0,18,4,0,5,0,0,0,3,1,6,1,57,9,-1,-1,-1,5,1,5
2017350206141,1,9,0,17,0,0,2,0,1,0,2,1,1,1,53,8,1389,1,15,-1,-1,-1
2017350206222,1,9,0,16,0,0,1,0,1,10,4,1,6,1,31,6,2616,1,12,4,3,4
2017350206250,1,9,0,18,0,0,0,0,0,0,1,1,5,1,52,8,1998,1,18,4,1,4
2017350206250,2,9,0,3,0,0,0,0,1,0,2,1,5,2,53,8,1560,2,6,8,2,8
2017350206250,3,9,0,3,0,0,0,0,0,0,2,1,5,2,39,7,1398,1,5,7,2,7
2017350206277,1,9,0,18,0,0,0,0,0,0,1,1,5,2,61,9,1968,2,-1,-1,-1,-1
2017350206286,1,9,0,18,0,0,0,0,0,0,1,1,6,1,-1,-1,-1,-1,-1,-1,-1,-1
2017350206286,2,1,0,4,0,0,0,0,0,0,2,1,6,1,28,6,-1,-1,-1,-1,-1,-1
2017350206288,1,9,0,11,0,8,0,0,0,0,4,1,5,1,30,6,3222,2,14,-1,-1,-1
2017350206288,2,19,0,18,0,8,0,0,0,0,3,1,1,1,54,8,2998,2,12,-1,-1,-1
2017350206462,1,9,0,18,0,0,1,0,0,0,1,1,5,3,-1,-1,1984,1,-1,-1,-1,-1
2017350206462,2,9,0,18,0,0,1,0,1,0,1,1,2,1,51,8,1769,1,17,-1,-1,-1
2017350206505,1,9,0,13,0,0,5,0,1,0,1,1,5,1,30,6,1598,1,13,-1,-1,-1
2017350206612,1,9,0,9,0,6,0,0,0,0,3,1,2,1,37,7,1781,1,15,-1,-1,-1
2017350206612,2,1,0,14,0,1,0,0,0,0,1,1,2,1,33,6,-1,-1,-1,-1,-1,-1
2017350206613,1,9,0,16,0,0,1,0,0,0,3,1,5,1,38,7,1796,1,18,-1,-1,-1
2017350206613,2,9,0,17,0,0,0,0,1,0,3,1,6,1,38,7,1248,2,10,9,1,9
2017350206613,3,9,0,18,0,0,0,0,0,0,0,1,1,1,-1,-1,1598,2,2,7,1,7
2017350206692,1,9,0,5,0,8,0,0,0,0,1,1,6,1,24,5,1900,2,16,1,1,1
2017350206692,2,9,0,18,0,1,0,0,0,0,4,1,6,1,18,4,1198,1,10,2,1,2
2017350206804,1,9,0,18,0,8,0,0,1,0,3,1,5,2,52,8,1339,1,9,-1,-1,-1
2017350206804,2,9,0,5,0,8,0,0,0,0,1,1,1,2,35,6,1590,1,15,-1,-1,-1
2017350206895,1,9,0,7,0,2,0,0,0,0,3,1,6,2,49,8,1596,1,11,-1,-1,-1
2017350206895,2,1,0,18,0,8,0,0,0,0,1,1,6,2,55,8,-1,-1,-1,-1,-1,-1
2017350206924,1,9,0,5,0,0,0,0,0,0,1,1,6,1,42,7,4398,2,6,-1,-1,-1
2017350206924,2,1,0,18,0,0,0,0,0,0,4,1,6,2,38,7,-1,-1,-1,-1,-1,-1
2017350206937,1,9,0,9,0,8,0,0,0,0,3,1,5,2,69,10,1560,2,2,-1,-1,-1
2017350206937,2,9,0,18,0,1,0,0,0,0,1,1,5,1,53,8,1560,2,11,-1,-1,-1
2017350206973,1,9,0,16,0,0,0,0,7,9,1,1,6,1,41,7,2324,1,15,8,1,8
2017350206986,1,9,0,17,0,0,1,0,2,7,1,1,5,1,19,4,1272,1,27,8,3,8
2017350207069,1,98,0,18,0,0,0,0,0,0,1,1,6,3,-1,-1,-1,-1,-1,-1,-1,-1
2017350207069,2,9,0,3,0,0,0,0,0,0,2,1,1,2,-1,-1,602,1,30,-1,-1,-1
2017350207077,1,9,0,9,0,6,0,0,0,0,3,1,1,1,20,4,1364,1,9,3,1,3
2017350207077,2,9,0,18,0,8,0,0,0,0,1,1,1,1,31,6,1968,2,6,9,1,9
2017350207111,1,5,0,16,0,0,1,0,7,9,1,1,6,1,64,9,999,1,17,9,1,9
2017350207167,1,1,0,18,0,8,0,0,0,0,1,1,6,1,27,6,-1,-1,-1,-1,-1,-1
2017350207167,2,8,0,18,0,8,0,0,0,0,1,1,1,1,38,7,1598,2,6,-1,-1,-1
2017350207204,1,5,0,18,0,0,0,0,0,0,1,1,5,1,56,9,749,1,19,-1,-1,-1
2017350207204,2,9,0,18,0,0,0,0,0,0,2,1,5,1,38,7,1461,2,9,10,1,10
2017350207204,3,19,0,18,0,0,0,0,0,0,1,1,5,1,32,6,2402,2,14,9,1,9
2017350207429,1,9,0,5,0,4,0,0,0,0,3,1,5,2,30,6,1598,1,7,7,1,7
2017350207429,2,1,0,18,0,8,0,0,0,0,1,1,5,2,16,4,-1,-1,-1,3,1,3
2017350207458,1,9,0,6,0,0,0,0,0,0,4,1,5,1,36,7,1991,2,12,-1,-1,-1
2017350207458,2,9,0,18,0,0,0,0,0,0,1,1,5,2,60,9,1997,2,15,-1,-1,-1
2017350207673,1,9,0,5,0,4,0,0,0,0,1,1,6,1,81,11,1275,1,19,-1,-1,-1
2017350207673,2,9,0,4,0,4,0,0,0,0,2,1,6,1,57,9,1796,1,10,-1,-1,-1
2017350208055,1,21,0,9,0,8,0,0,0,0,3,1,1,1,55,8,-1,-1,-1,6,1,6
2017350208055,2,5,0,13,0,1,5,0,0,0,1,1,5,1,49,8,749,1,10,2,1,2
2017350208092,1,98,1,7,0,6,0,0,0,0,1,1,1,1,55,8,-1,-1,-1,-1,-1,-1
2017350208092,2,9,0,18,0,1,0,0,0,0,4,1,5,1,58,9,2967,2,2,9,1,9