Accident_Index,Vehicle_Reference,Vehicle_Type,Towing_and_Articulation,Vehicle_Manoeuvre,Vehicle_Location-Restricted_Lane,Junction_Location,Skidding_and_Overturning,Hit_Object_in_Carriageway,Vehicle_Leaving_Carriageway,Hit_Object_off_Carriageway,1st_Point_of_Impact,Was_Vehicle_Left_Hand_Drive?,Journey_Purpose_of_Driver,Sex_of_Driver,Age_of_Driver,Age_Band_of_Driver,Engine_Capacity_(CC),Propulsion_Code,Age_of_Vehicle,Driver_IMD_Decile,Driver_Home_Area_Type,Vehicle_IMD_Decile
2017350217054,1,9,0,9,0,8,0,0,0,0,3,1,6,1,51,8,4163,1,3,-1,-1,-1
2017350217054,2,3,0,18,0,1,0,0,0,0,1,1,6,1,21,5,124,1,2,-1,-1,-1
2017350217197,1,9,0,18,0,2,1,0,0,0,1,1,5,1,58,9,-1,-1,-1,-1,-1,-1
2017350217349,1,9,0,18,0,8,0,0,7,9,3,1,2,1,54,8,1388,1,12,-1,-1,-1
2017350217349,2,9,0,18,0,8,0,0,7,9,1,1,2,1,54,8,-1,-1,-1,-1,-1,-1
2017350217426,1,9,0,18,0,8,0,0,0,0,4,1,5,2,38,7,2204,2,9,-1,-1,-1
2017350217426,2,1,0,9,0,8,0,0,0,0,1,1,5,1,86,11,-1,-1,-1,-1,-1,-1
2017350217502,1,19,0,18,0,0,0,0,1,4,1,1,6,1,40,7,1598,2,6,-1,-1,-1
2017350217502,2,17,4,18,0,0,0,0,0,0,2,1,1,1,19,4,-1,-1,-1,-1,-1,-1
2017350217673,1,9,0,18,0,8,0,0,0,0,1,1,5,1,30,6,1781,1,14,5,1,5
2017350217673,2,1,0,18,0,8,0,0,0,0,2,1,1,1,27,6,-1,-1,-1,3,1,3
2017350217858,1,9,0,7,0,0,0,0,0,0,1,1,6,1,-1,-1,2616,1,10,-1,-1,-1
2017350217881,1,9,0,13,0,8,0,0,0,0,4,1,2,1,58,9,1753,2,10,-1,-1,-1
2017350217881,2,1,0,12,0,8,0,0,0,0,4,1,5,1,15,3,-1,-1,-1,-1,-1,-1
2017350217900,1,21,0,18,0,0,0,0,0,0,1,1,1,1,34,6,10677,2,-1,-1,-1,-1
2017350217900,2,19,0,5,0,0,0,0,0,0,2,1,1,1,31,6,1995,2,1,-1,-1,-1
2017350217900,3,9,0,5,0,0,0,0,0,0,2,1,6,1,59,9,1360,1,15,-1,-1,-1
2017350217900,4,9,0,5,0,0,0,0,0,0,2,1,6,1,70,10,1560,2,9,-1,-1,-1
2017350217955,1,9,0,18,0,0,2,0,1,0,1,1,2,2,45,7,1598,1,5,-1,-1,-1
2017350217957,1,3,0,4,0,0,2,0,0,0,0,1,5,2,20,4,113,1,1,-1,-1,-1
2017350218088,1,9,0,7,0,3,0,0,0,0,4,1,6,2,17,4,1242,1,15,9,2,9
2017350218088,2,1,0,17,0,8,0,0,0,0,3,1,6,2,31,6,-1,-1,-1,3,1,3
2017350218191,1,1,0,18,4,1,0,0,0,0,1,1,5,2,29,6,-1,-1,-1,-1,-1,-1
2017350218191,2,1,0,9,4,8,0,0,0,0,4,1,5,1,70,10,-1,-1,-1,-1,-1,-1
2017350218218,1,9,0,7,0,8,0,0,0,0,4,1,6,2,43,7,1798,1,5,-1,-1,-1
2017350218218,2,1,0,9,0,8,0,0,0,0,3,1,6,1,21,5,-1,-1,-1,-1,-1,-1
2017350218274,1,9,0,17,0,0,0,0,1,4,4,1,5,2,27,6,1461,2,8,4,1,4
2017350218291,1,9,0,9,0,2,0,0,0,0,1,1,6,1,16,4,2793,1,18,-1,-1,-1
2017350218291,2,9,0,18,0,1,0,0,0,0,1,1,2,1,23,5,1598,1,14,3,1,3
2017350218338,1,19,0,1,0,0,0,0,0,0,2,1,1,1,34,6,2198,2,2,-1,-1,-1
2017350218338,2,3,0,3,0,0,0,0,0,0,1,1,6,1,33,6,125,1,4,-1,-1,-1
2017350218393,1,5,0,4,0,0,5,0,0,0,0,1,5,1,20,4,645,1,10,6,3,6
2017350218406,1,9,0,18,0,0,0,0,0,0,4,1,6,1,33,6,2993,2,8,-1,-1,-1
2017350218409,1,8,0,4,0,8,0,7,0,0,3,1,1,1,38,7,1896,2,7,-1,-1,-1
2017350218416,1,9,0,18,0,1,0,0,0,0,1,1,6,3,-1,-1,1229,1,13,-1,-1,-1
2017350218416,2,9,0,3,0,4,0,0,0,0,2,1,5,2,35,6,1461,2,8,1,1,1
2017350218544,1,9,0,5,0,4,0,0,0,0,1,1,1,1,44,7,1339,1,7,-1,-1,-1
2017350218589,1,1,0,18,0,1,0,0,0,0,1,1,1,1,27,6,-1,-1,-1,-1,-1,-1
2017350218589,2,9,0,18,0,3,0,0,0,0,4,1,5,1,32,6,1598,1,12,-1,-1,-1
2017350218751,1,19,0,18,0,1,0,0,0,0,1,1,6,1,-1,-1,2198,2,2,-1,-1,-1
2017350218751,2,9,0,7,0,6,0,0,0,0,1,1,6,1,37,7,-1,-1,-1,-1,-1,-1
2017350218789,1,9,0,16,0,0,0,10,7,9,3,1,6,2,22,5,1364,1,11,-1,-1,-1
2017350218903,1,9,0,4,0,0,0,0,0,0,1,1,6,1,19,4,996,1,8,-1,-1,-1
2017350218903,2,9,0,3,0,0,0,0,0,0,2,1,6,2,29,6,1395,1,2,-1,-1,-1
2017350218910,1,3,0,17,0,0,1,0,0,0,3,1,5,2,20,4,108,1,-1,-1,-1,-1
2017350218933,1,1,0,11,0,0,0,0,0,0,1,1,1,1,35,6,-1,-1,-1,3,1,3
2017350218933,2,9,0,18,0,0,0,0,0,0,1,1,5,1,25,5,1799,1,8,4,1,4
2017350218938,1,9,0,16,0,0,0,0,0,0,1,1,5,1,32,6,1686,2,16,-1,-1,-1
2017350218938,2,9,0,17,0,0,0,0,0,0,1,1,5,1,51,8,-1,-1,-1,-1,-1,-1
2017350218969,1,9,0,18,0,0,1,10,1,9,1,1,5,1,34,6,1596,1,9,10,3,10
2017350219002,1,9,0,13,0,0,1,0,0,0,1,1,2,1,23,5,-1,-1,-1,9,3,9
2017350219002,2,9,0,16,0,0,0,0,1,9,1,1,5,1,42,7,1349,1,18,-1,-1,-1
2017350219040,1,9,0,18,0,1,1,0,8,7,3,1,1,1,41,7,-1,-1,-1,9,3,9
2017350219040,2,9,0,18,0,8,0,0,0,0,4,1,5,2,33,6,1197,1,2,-1,-1,-1
2017350219060,1,9,0,1,0,1,0,0,0,0,2,1,6,1,60,9,-1,-1,-1,10,3,10
2017350219060,2,1,0,3,0,1,0,0,0,0,1,1,2,2,41,7,-1,-1,-1,9,1,9
2017350219073,1,21,1,18,0,1,1,0,0,0,1,1,1,1,23,5,12740,2,4,-1,-1,-1
2017350219073,2,21,1,4,0,4,0,0,0,0,2,1,1,1,54,8,12777,2,3,-1,-1,-1
2017350219148,1,9,0,6,0,0,0,0,0,0,3,1,6,1,23,5,-1,-1,-1,-1,-1,-1
2017350219148,2,5,0,13,0,0,0,0,7,0,1,1,6,1,24,5,656,1,5,9,1,9
2017350219160,1,17,0,7,0,8,0,0,0,0,3,1,1,1,56,9,-1,2,15,9,1,9
2017350219160,2,19,0,16,0,1,0,0,0,0,3,1,1,1,24,5,2143,2,5,-1,-1,-1
2017350219166,1,98,4,13,0,1,0,0,0,0,0,1,6,3,-1,-1,-1,-1,-1,-1,-1,-1
2017350219166,2,1,0,18,0,1,0,0,0,0,0,1,6,2,33,6,-1,-1,-1,-1,-1,-1
2017350219249,1,9,0,14,0,0,0,4,0,0,4,1,6,2,18,4,998,1,16,-1,-1,-1
2017350219249,2,9,0,2,0,0,0,0,0,0,4,1,6,3,-1,-1,-1,-1,-1,-1,-1,-1
2017350219263,1,9,0,4,0,0,1,0,0,0,1,1,5,2,29,6,1560,2,6,1,1,1
2017350219263,2,9,0,18,0,0,0,0,0,0,4,1,5,2,31,6,2143,2,4,6,2,6
2017350219278,1,9,0,18,0,0,0,4,7,11,1,1,5,1,44,7,1951,2,12,-1,-1,-1
2017350219278,2,9,0,2,0,0,0,0,0,0,4,1,6,3,-1,-1,-1,-1,-1,-1,-1,-1
2017350219280,1,9,0,18,0,0,0,0,0,0,1,1,5,1,37,7,1997,2,1,-1,-1,-1
2017350219280,2,9,0,4,0,0,0,0,0,0,2,1,5,2,53,8,1560,2,3,7,3,7
2017350219343,1,9,0,9,0,8,0,0,0,0,1,1,5,1,34,6,1398,2,15,2,1,2
2017350219343,2,3,0,10,0,8,0,0,0,0,3,1,5,1,19,4,124,1,34,-1,-1,-1
2017350219343,3,9,0,18,0,1,0,0,0,0,0,1,1,1,33,6,1968,2,4,9,1,9
2017350219387,1,9,0,4,0,1,0,0,0,0,1,1,1,1,65,9,1796,1,13,-1,-1,-1
2017350219387,2,9,0,4,0,1,0,0,0,0,2,1,1,1,30,6,1598,1,11,-1,-1,-1
2017350219418,1,9,0,9,0,6,0,0,0,0,1,1,6,1,-1,-1,1969,2,-1,-1,-1,-1
2017350219418,2,4,0,18,0,1,0,0,0,0,1,1,6,1,45,7,250,1,2,-1,-1,-1
2017350219425,1,9,0,18,0,1,0,0,0,0,1,1,6,1,50,8,1968,2,10,-1,-1,-1
2017350219425,2,9,0,3,0,1,0,0,0,0,2,1,6,1,30,6,1997,2,12,-1,-1,-1
2017350219455,1,19,0,18,0,1,0,0,0,0,1,1,1,1,24,5,1753,2,4,6,2,6
2017350219455,2,9,0,7,0,5,0,0,0,0,2,1,6,2,56,9,1997,2,14,7,1,7
2017350219455,3,9,0,3,0,1,0,0,0,0,3,1,6,2,41,7,999,1,1,9,2,9
2017350219481,1,9,0,4,0,0,1,0,0,0,1,1,5,1,31,6,1870,2,12,-1,-1,-1
2017350219481,2,9,0,4,0,0,0,0,0,0,2,1,5,1,62,9,2295,1,17,-1,-1,-1
2017350219481,3,19,0,18,0,0,1,0,0,0,1,1,1,1,-1,-1,2198,2,2,-1,-1,-1
2017350219481,4,9,0,11,0,0,1,0,0,0,2,1,5,1,61,9,2000,1,12,-1,-1,-1
2017350219559,1,9,0,18,0,0,0,0,0,0,3,1,5,1,34,6,1598,1,9,-1,-1,-1
2017350219559,2,9,0,18,0,0,0,0,0,0,4,1,1,1,-1,-1,2993,2,1,-1,-1,-1
2017350219559,3,9,0,18,0,0,0,0,0,0,1,1,1,1,-1,-1,2993,2,2,-1,-1,-1
2017350219626,1,19,0,18,0,0,0,0,0,0,1,1,1,1,79,11,2402,2,6,5,3,5
2017350219626,2,98,1,3,0,0,0,0,0,0,2,1,1,1,-1,-1,-1,-1,-1,-1,-1,-1
2017350220136,1,19,0,18,0,0,5,0,1,9,1,1,5,1,70,10,1868,2,13,-1,-1,-1
2017350220136,2,17,0,4,0,0,0,0,0,0,0,1,1,3,-1,-1,-1,-1,-1,-1,-1,-1
2017350220140,1,9,0,18,0,0,0,0,0,0,1,1,6,3,-1,-1,-1,-1,-1,-1,-1,-1
2017350220142,1,3,0,17,0,0,2,0,1,0,0,1,6,1,26,6,125,1,-1,-1,-1,-1
2017350220143,1,98,0,5,0,8,0,0,0,0,1,1,1,1,35,6,-1,-1,-1,-1,-1,-1
2017350220143,2,1,0,18,0,8,0,0,0,0,4,1,6,2,43,7,-1,-1,-1,-1,-1,-1
2017350220322,1,9,0,9,0,5,0,0,0,0,1,1,5,1,62,9,-1,-1,-1,-1,-1,-1
2017350220322,2,9,0,18,0,8,1,0,1,0,1,1,5,1,28,6,1997,2,16,-1,-1,-1
2017350220326,1,9,0,17,0,0,2,0,1,4,1,1,6,1,25,5,1390,1,13,6,2,6
2017350220364,1,9,0,5,0,0,0,0,0,0,1,1,5,1,40,7,1968,2,1,9,1,9
2017350220364,2,9,0,5,0,0,0,0,0,0,2,1,5,2,33,6,1364,1,11,1,1,1
2017350220388,1,9,0,4,0,1,0,0,0,0,1,1,6,1,21,5,1149,1,18,-1,-1,-1
2017350220388,2,9,0,10,0,1,0,0,0,0,2,1,6,1,32,6,1197,1,2,-1,-1,-1
2017350220420,1,9,0,9,0,6,0,0,0,0,4,1,6,1,34,6,1388,1,14,2,1,2
2017350220420,2,97,0,18,0,1,1,0,0,0,1,1,6,1,47,8,-1,-1,-1,2,1,2
2017350220524,1,9,0,9,0,4,0,0,0,0,1,1,5,2,53,8,1910,2,8,-1,-1,-1
2017350220524,2,1,0,9,0,8,5,0,0,0,1,1,5,1,61,9,-1,-1,-1,-1,-1,-1
2017350220534,1,9,0,9,0,8,0,0,0,0,1,1,5,2,-1,-1,1198,1,1,-1,-1,-1
2017350220582,1,9,0,9,0,8,0,0,0,0,1,1,5,1,38,7,2204,2,13,5,1,5
2017350220582,2,9,0,18,0,4,0,0,0,0,3,1,5,2,31,6,1596,1,11,4,1,4
2017350220627,1,9,0,18,0,0,5,4,0,0,1,1,6,1,20,4,999,1,2,-1,-1,-1
2017350220627,2,9,0,2,0,0,0,0,0,0,1,1,6,1,33,6,1598,1,11,-1,-1,-1
2017350220633,1,9,0,1,0,0,0,0,0,0,2,1,6,1,-1,-1,1395,8,2,-1,-1,-1
2017350220642,1,9,0,12,0,0,0,0,0,0,3,1,6,2,-1,-1,1497,8,-1,-1,-1,-1
2017350220642,2,9,0,18,0,0,0,0,0,0,4,1,6,1,31,6,1197,1,4,-1,-1,-1
2017350220644,1,9,0,13,0,0,0,0,0,0,1,1,6,1,80,11,-1,3,3,-1,-1,-1
2017350220644,2,19,0,18,0,0,0,0,1,0,2,1,1,1,39,7,1560,2,-1,-1,-1,-1
2017350220766,1,9,0,13,0,0,0,0,0,0,4,1,6,1,-1,-1,1398,1,5,-1,-1,-1
2017350220766,2,1,0,18,4,0,0,0,0,0,3,1,5,2,46,8,-1,-1,-1,-1,-1,-1
2017350220919,1,9,0,18,0,4,0,0,0,0,1,1,6,1,32,6,1910,2,10,-1,-1,-1
2017350220919,2,9,0,18,0,8,1,0,1,11,4,1,1,1,25,5,-1,-1,-1,-1,-1,-1
2017350221080,1,9,0,17,0,0,0,0,0,0,1,1,5,1,25,5,1149,1,12,-1,-1,-1
2017350221080,2,9,0,16,0,0,0,0,0,0,1,1,5,1,27,6,1896,2,8,-1,-1,-1
2017350221104,1,1,0,18,0,0,0,0,0,0,1,1,1,1,20,4,-1,-1,-1,5,1,5
2017350221206,1,98,0,18,0,0,0,0,1,0,1,1,1,1,29,6,-1,-1,-1,-1,-1,-1
2017350221206,2,9,0,12,8,0,0,0,1,0,2,1,5,2,29,6,-1,-1,-1,-1,-1,-1
2017350221214,1,9,0,9,0,2,0,0,0,0,1,1,2,2,36,7,1390,1,15,-1,-1,-1
2017350221214,2,3,0,14,0,1,5,0,7,0,1,1,5,1,17,4,125,1,5,-1,-1,-1
2017350221256,1,9,0,18,0,3,0,0,0,0,1,1,6,2,37,7,1360,1,16,3,1,3
2017350221256,2,2,0,18,0,3,2,0,0,0,2,1,6,1,17,4,49,1,4,-1,-1,-1
2017350221265,1,9,0,18,0,0,1,12,7,4,3,1,2,2,29,6,1242,1,12,-1,-1,-1
2017350221287,1,9,0,9,0,8,0,0,0,0,1,1,6,2,26,6,1596,1,15,-1,-1,-1
2017350221287,2,9,0,18,0,1,0,0,0,0,1,1,6,1,21,5,1968,2,10,-1,-1,-1
2017350221300,1,21,0,11,0,2,0,0,0,0,4,1,5,1,51,8,9200,2,9,-1,-1,-1
2017350221300,2,9,0,18,0,2,2,0,5,6,3,1,5,2,53,8,2198,2,3,-1,-1,-1
2017350221381,1,9,0,9,0,5,0,0,0,0,4,1,5,2,44,7,1995,2,4,-1,-1,-1
2017350221381,2,9,0,18,0,8,0,0,0,0,1,1,5,2,34,6,1596,1,8,-1,-1,-1
2017350221384,1,9,0,18,0,0,0,0,0,0,1,1,1,1,24,5,1598,1,11,-1,-1,-1
2017350221384,2,19,0,18,0,0,0,0,0,0,2,1,1,1,30,6,1995,2,3,-1,-1,-1
2017350221419,1,9,0,17,0,0,1,0,1,3,4,1,5,2,22,5,995,1,9,-1,-1,-1
2017350221421,1,21,1,11,0,0,0,0,0,0,1,1,1,1,55,8,10837,2,6,-1,-1,-1
2017350221421,2,9,0,18,0,0,1,0,2,7,2,1,2,2,46,8,2191,2,2,-1,-1,-1
2017350221492,1,9,0,5,0,0,0,0,0,0,3,1,2,2,37,7,2800,1,17,-1,-1,-1
2017350221492,2,8,0,18,0,0,0,0,0,0,1,1,1,1,54,8,1997,2,8,-1,-1,-1
2017350221514,1,9,0,9,0,1,0,0,0,0,1,1,5,1,60,9,1395,1,1,-1,-1,-1
2017350221514,2,9,0,16,0,3,0,0,0,0,4,1,2,2,31,6,1598,1,15,-1,-1,-1
2017350221532,1,9,0,18,0,0,0,0,0,0,1,1,6,1,-1,-1,1968,2,12,-1,-1,-1
2017350221637,1,9,0,1,0,0,0,0,0,0,2,1,3,2,29,6,1560,2,1,-1,-1,-1
2017350221668,1,9,0,18,0,1,0,0,0,0,1,1,6,1,28,6,1995,1,14,-1,-1,-1
2017350221668,2,9,0,3,0,1,0,0,0,0,2,1,5,1,55,8,2000,2,13,-1,-1,-1
2017350221681,1,9,0,18,0,0,0,0,0,0,1,1,2,2,17,4,1242,1,4,4,1,4
2017350221681,2,9,0,3,0,0,0,0,0,0,2,1,2,1,36,7,1587,1,13,6,2,6
2017350221681,3,9,0,14,0,0,0,0,0,0,0,1,1,1,25,5,1582,2,3,6,1,6
2017350221688,1,2,0,18,0,3,5,10,0,0,1,1,5,1,37,7,49,1,-1,8,2,8
2017350221743,1,9,0,4,0,0,0,0,0,0,1,1,2,1,37,7,1910,2,12,10,1,10
2017350221743,2,9,0,4,0,0,1,0,0,0,2,1,2,1,47,8,1781,1,13,8,2,8
2017350221820,1,9,0,18,0,0,0,0,0,0,3,1,5,2,23,5,1870,2,12,8,2,8
2017350221846,1,9,0,18,0,0,0,0,2,11,4,1,2,2,47,8,1984,1,8,7,3,7
2017350222080,1,19,0,7,4,5,0,0,0,0,4,1,1,1,-1,-1,1686,2,13,-1,-1,-1
2017350222080,2,1,0,18,4,8,2,0,0,0,3,1,2,1,37,7,-1,-1,-1,-1,-1,-1
2017350222193,1,21,0,18,0,0,0,0,0,0,0,1,1,1,28,6,12902,2,1,-1,-1,-1
2017350222193,2,9,0,18,0,0,1,0,5,6,3,1,5,1,33,6,1956,2,2,-1,-1,-1
2017350222233,1,9,0,9,0,4,0,0,0,0,3,1,2,2,65,9,1242,1,4,5,1,5
2017350222233,2,1,0,9,0,8,0,0,0,0,1,1,2,1,23,5,-1,-1,-1,10,2,10
2017350222235,1,9,0,18,0,0,5,0,7,0,1,1,2,1,32,6,-1,-1,-1,-1,-1,-1
2017350222276,1,9,0,9,0,5,0,0,0,0,4,1,2,2,28,6,1968,2,1,5,3,5
2017350222276,2,1,0,18,0,8,0,0,0,0,1,1,2,1,35,6,-1,-1,-1,10,2,10
2017350222369,1,3,0,17,0,8,2,0,0,0,3,1,6,2,37,7,102,1,10,-1,-1,-1
2017350222841,1,9,0,17,0,0,5,0,1,9,1,1,6,1,22,5,1796,1,8,-1,-1,-1
2017350222847,1,9,0,16,0,0,5,4,0,0,1,1,6,1,25,5,1984,1,1,-1,-1,-1
2017350222847,2,9,0,2,0,0,0,0,0,0,2,1,6,1,28,6,1910,2,13,8,3,8
2017350222847,3,9,0,2,0,0,0,0,0,0,2,1,6,3,-1,-1,1686,2,15,-1,-1,-1
2017350222847,4,9,0,2,0,0,0,0,0,0,1,1,6,3,-1,-1,1686,2,4,-1,-1,-1
2017350222897,1,9,0,13,0,0,0,0,0,0,4,1,6,2,54,8,2987,2,10,-1,-1,-1
2017350222897,2,1,0,18,0,0,5,0,0,0,3,1,5,1,36,7,-1,-1,-1,-1,-1,-1
2017350222932,1,11,0,18,0,0,0,0,0,0,1,1,1,1,54,8,6700,2,1,-1,-1,-1
2017350222932,2,1,0,13,0,0,0,0,0,0,1,1,6,2,18,4,-1,-1,-1,-1,-1,-1
2017350222986,1,21,1,18,0,0,0,0,0,0,1,1,1,1,44,7,4462,2,4,-1,-1,-1
2017350222986,2,9,0,4,0,0,0,0,0,0,2,1,2,1,49,8,1686,2,7,-1,-1,-1
2017350222986,3,9,0,4,0,0,0,0,0,0,2,1,2,1,47,8,2993,2,5,-1,-1,-1
2017350222990,1,21,1,12,0,0,0,0,0,0,3,1,1,1,31,6,15607,2,4,-1,-1,-1
2017350222990,2,9,0,18,0,0,1,0,0,0,4,1,5,2,52,8,1598,1,11,-1,-1,-1
2017350222990,3,9,0,18,0,0,0,0,0,0,1,1,5,2,21,5,1248,2,10,-1,-1,-1
2017350223068,1,9,0,17,0,0,1,0,1,9,1,1,5,1,39,7,1781,1,16,4,1,4
2017350223096,1,9,0,14,0,0,0,0,0,0,3,1,5,1,40,7,1395,1,3,-1,-1,-1
2017350223096,2,9,0,3,0,0,0,0,0,0,3,1,2,2,37,7,1398,1,7,-1,-1,-1
2017350223096,3,9,0,18,0,0,0,0,0,0,4,1,2,2,23,5,1240,1,7,-1,-1,-1
2017350223124,1,21,1,4,0,0,1,0,0,0,1,1,1,1,44,7,12777,2,3,-1,-1,-1
2017350223124,2,9,0,3,0,0,0,0,0,0,2,1,2,1,32,6,1968,2,9,-1,-1,-1
2017350223124,3,9,0,8,0,0,0,0,0,0,2,1,1,1,50,8,1364,1,3,-1,-1,-1
2017350223146,1,9,0,3,0,0,0,0,0,0,2,1,6,1,30,6,2184,2,15,-1,-1,-1
2017350223146,2,90,0,18,0,0,0,0,0,0,1,1,6,1,-1,-1,-1,-1,-1,-1,-1,-1
2017350223156,1,9,0,17,0,0,1,0,1,7,1,1,1,1,31,6,1598,1,13,9,2,9
2017350223156,2,19,0,18,0,0,0,1,0,0,3,1,1,1,61,9,1968,2,1,6,1,6
2017350223188,1,9,0,9,0,8,1,0,0,0,1,1,5,1,70,10,1910,2,9,5,1,5
2017350223188,2,9,0,18,0,1,1,0,1,2,3,1,5,1,56,9,1598,1,4,-1,-1,-1
2017350223231,1,9,0,18,0,7,0,0,0,0,1,1,1,1,34,6,1968,2,5,3,1,3
2017350223231,2,9,0,4,0,7,0,0,0,0,2,1,5,1,50,8,1596,1,5,-1,-1,-1
2017350223249,1,8,0,4,0,8,0,0,0,0,0,1,1,1,48,8,1598,2,5,-1,-1,-1
2017350223287,1,19,0,18,0,0,0,0,0,0,1,1,1,1,51,8,2143,2,4,-1,-1,-1
2017350223287,2,19,0,18,0,0,0,0,0,0,2,1,1,1,25,5,1560,2,-1,-1,-1,-1
2017350223306,1,1,0,18,0,8,0,0,0,0,4,1,5,1,10,2,-1,-1,-1,6,2,6
2017350223306,2,9,0,18,0,8,1,0,0,0,1,1,5,1,70,10,1596,1,9,9,2,9
2017350223317,1,9,0,18,0,0,1,0,1,9,4,1,5,1,20,4,1896,2,13,6,3,6
2017350223326,1,9,0,18,0,1,0,0,0,0,1,1,6,2,28,6,1560,2,7,6,1,6
2017350223326,2,9,0,7,0,8,0,0,0,0,2,1,5,2,55,8,1595,1,4,5,2,5
2017350223354,1,9,0,9,0,0,0,0,0,0,1,1,5,1,49,8,2435,1,13,-1,-1,-1
2017350223354,2,5,0,18,0,0,0,0,0,0,4,1,5,1,25,5,-1,-1,-1,-1,-1,-1
2017350223442,1,9,0,18,0,0,0,0,0,0,1,1,2,1,36,7,1598,2,5,-1,-1,-1
2017350223442,2,9,0,4,0,0,1,0,0,0,2,1,5,2,80,11,1396,1,5,-1,-1,-1
2017350223442,3,9,0,18,0,0,0,0,0,0,3,1,5,1,66,10,5000,1,4,6,3,6
2017350223668,1,9,0,5,0,3,0,0,0,0,1,1,6,3,-1,-1,-1,-1,-1,-1,-1,-1
2017350223668,2,1,0,18,0,3,0,0,0,0,1,1,5,2,65,9,-1,-1,-1,-1,-1,-1
2017350223708,1,5,0,13,0,0,1,0,0,0,0,1,2,1,36,7,847,1,2,-1,-1,-1
2017350223738,1,9,0,18,0,0,0,4,0,0,1,1,1,1,36,7,1595,1,15,-1,-1,-1
2017350223738,2,19,0,2,0,0,0,0,0,0,2,1,1,1,33,6,1461,2,4,-1,-1,-1
2017350223835,1,9,0,5,0,0,0,0,0,0,1,1,1,1,25,5,2143,2,-1,-1,-1,-1
2017350223835,2,5,0,3,0,0,0,0,0,0,2,1,6,1,50,8,865,1,3,-1,-1,-1
2017350223853,1,8,0,4,0,1,0,0,0,0,4,1,1,1,48,8,2664,2,14,1,1,1
2017350223853,2,1,0,18,0,5,0,0,0,0,1,1,5,2,45,7,-1,-1,-1,3,1,3
2017350223888,1,9,0,17,0,0,2,0,1,0,1,1,5,1,18,4,1199,1,13,-1,-1,-1
2017350223904,1,9,0,4,0,0,0,0,0,0,1,1,2,2,22,5,1590,1,14,6,3,6
2017350223904,2,9,0,4,0,0,0,0,0,0,2,1,6,2,28,6,1364,1,7,4,1,4
2017350223904,3,9,0,8,0,0,0,0,0,0,2,1,2,1,22,5,1560,2,8,-1,-1,-1
2017350223975,1,9,0,16,0,0,1,0,7,0,1,1,1,1,43,7,1995,2,5,10,1,10
2017350224017,1,5,0,13,0,0,0,0,4,6,2,1,2,1,33,6,599,1,15,8,3,8
2017350224017,2,19,0,13,0,0,0,0,0,0,1,1,2,1,41,7,1499,2,-1,10,2,10
2017350224332,1,9,0,16,0,1,0,0,0,0,1,1,5,1,54,8,1968,2,1,5,1,5
2017350224332,2,9,0,4,0,1,0,0,0,0,2,1,5,1,55,8,1399,1,1,-1,-1,-1
2017350224332,3,9,0,3,0,1,0,0,0,0,2,1,5,1,42,7,1598,1,14,4,1,4
2017350225062,1,9,0,9,0,8,0,0,0,0,4,1,2,2,44,7,1995,2,3,-1,-1,-1
2017350225062,2,5,0,16,0,1,1,0,0,0,1,1,2,1,-1,-1,599,1,21,-1,-1,-1
2017350225157,1,9,0,8,0,0,0,0,0,0,4,1,6,2,21,5,1242,1,13,-1,-1,-1
2017350225157,2,1,0,18,4,0,0,0,0,0,1,1,5,2,51,8,-1,-1,-1,-1,-1,-1
2017350225179,1,9,0,2,0,0,0,0,0,0,3,1,6,1,52,8,1339,1,12,-1,-1,-1
2017350225179,2,1,0,18,0,0,0,0,0,0,1,1,6,2,44,7,-1,-1,-1,-1,-1,-1
2017350225306,1,9,0,9,4,8,0,0,0,0,4,1,6,2,38,7,1798,1,4,8,1,8
2017350225306,2,1,0,18,4,1,5,0,0,0,1,1,6,2,28,6,-1,-1,-1,5,1,5
2017350225369,1,21,0,15,0,1,0,0,0,0,3,1,6,1,57,9,10837,2,-1,-1,-1,-1
2017350225369,2,9,0,3,0,1,0,0,0,0,4,1,6,1,33,6,1769,1,15,4,1,4
2017350225407,1,19,0,18,0,0,0,0,7,11,3,1,6,1,23,5,2198,2,2,-1,-1,-1
2017350225407,2,9,0,2,9,0,0,0,0,0,2,1,6,3,-1,-1,-1,-1,-1,-1,-1,-1
2017350225407,3,9,0,2,9,0,0,0,0,0,2,1,6,3,-1,-1,-1,-1,-1,-1,-1,-1
2017350225455,1,9,0,18,0,8,0,0,0,0,1,1,6,1,47,8,-1,-1,-1,-1,-1,-1
2017350225455,2,1,0,7,0,8,0,0,0,0,2,1,6,1,-1,-1,-1,-1,-1,-1,-1,-1
2017350225501,1,9,0,18,0,0,1,0,7,0,1,1,6,1,22,5,1598,1,12,-1,-1,-1
2017350225561,1,8,0,18,0,0,0,0,0,0,1,1,6,1,-1,-1,1598,2,6,-1,-1,-1
2017350225561,2,1,0,10,0,0,0,0,0,0,2,1,6,1,37,7,-1,-1,-1,-1,-1,-1
2017350225597,1,9,0,18,0,0,1,0,0,0,1,1,5,1,50,8,1910,2,14,-1,-1,-1
2017350225597,2,19,0,3,0,0,0,0,0,0,2,1,1,1,38,7,1995,2,-1,-1,-1,-1
2017350225597,3,9,0,3,0,0,0,0,0,0,2,1,5,2,29,6,1598,1,16,-1,-1,-1
2017350225597,4,9,0,3,0,0,0,0,0,0,2,1,1,1,-1,-1,1968,2,1,5,3,5
2017350225597,5,9,0,3,0,0,0,0,0,0,2,1,1,2,52,8,1968,2,11,4,3,4