Accident_Index,Vehicle_Reference,Vehicle_Type,Towing_and_Articulation,Vehicle_Manoeuvre,Vehicle_Location-Restricted_Lane,Junction_Location,Skidding_and_Overturning,Hit_Object_in_Carriageway,Vehicle_Leaving_Carriageway,Hit_Object_off_Carriageway,1st_Point_of_Impact,Was_Vehicle_Left_Hand_Drive?,Journey_Purpose_of_Driver,Sex_of_Driver,Age_of_Driver,Age_Band_of_Driver,Engine_Capacity_(CC),Propulsion_Code,Age_of_Vehicle,Driver_IMD_Decile,Driver_Home_Area_Type,Vehicle_IMD_Decile
2017350225601,1,9,0,18,0,0,0,0,0,0,1,1,5,1,84,11,1396,2,2,-1,-1,-1
2017350225601,2,9,0,4,0,0,0,0,0,0,2,1,5,1,33,6,1399,2,7,-1,1,-1
2017350225601,3,19,0,4,0,0,0,0,0,0,2,1,1,1,46,8,2442,2,1,-1,-1,-1
2017350225694,1,2,0,18,0,2,0,0,0,0,1,1,6,1,13,3,49,1,20,2,1,2
2017350225694,2,9,0,18,0,8,0,0,0,0,1,1,6,1,45,7,1999,1,8,2,1,2
2017350225751,1,9,0,18,0,0,1,0,1,9,0,1,6,1,30,6,1388,1,9,4,3,4
2017350225751,2,9,0,2,0,0,0,0,0,0,2,1,6,1,52,8,1171,1,17,3,1,3
2017350225751,3,9,0,3,0,0,0,0,0,0,2,1,6,2,47,8,1685,2,3,3,1,3
2017350225751,4,9,0,3,0,0,0,0,0,0,2,1,6,1,21,5,1997,2,9,5,2,5
2017350225751,5,9,0,18,0,0,0,0,0,0,1,1,6,1,21,5,1242,1,15,4,3,4
2017350225758,1,9,0,5,9,0,0,0,0,0,2,1,5,3,-1,-1,998,1,18,-1,-1,-1
2017350225788,1,19,0,18,0,0,1,0,0,0,1,1,6,2,43,7,1997,2,8,-1,-1,-1
2017350225788,2,9,0,4,0,0,0,0,0,0,2,1,5,1,21,5,1199,2,4,-1,-1,-1
2017350225788,3,9,0,4,0,0,0,0,0,0,2,1,5,1,21,5,1299,1,12,-1,-1,-1
2017350225846,1,9,0,2,0,0,0,0,0,0,2,1,6,3,-1,-1,1910,2,11,-1,-1,-1
2017350225846,2,9,0,5,0,0,0,0,0,0,1,1,6,1,77,11,1399,1,1,-1,-1,-1
2017350225898,1,9,0,13,0,0,0,0,0,0,4,1,6,1,-1,-1,-1,-1,-1,-1,-1,-1
2017350225898,2,9,0,18,0,0,0,0,1,0,3,1,5,1,19,4,1198,1,7,4,3,4
2017350225924,1,5,0,18,0,8,1,10,0,0,0,1,2,1,32,6,999,1,12,-1,-1,-1
2017350225937,1,9,0,18,0,0,0,0,0,0,1,1,2,2,28,6,1200,1,5,-1,-1,-1
2017350225938,1,9,0,18,0,2,0,0,3,11,1,1,6,1,84,11,998,1,2,9,1,9
2017350225940,1,5,0,18,0,0,1,0,0,0,1,1,6,1,51,8,999,1,11,-1,-1,-1
2017350225941,1,3,0,18,0,4,2,0,1,0,1,1,2,1,17,4,-1,-1,-1,9,1,9
2017350225943,1,5,0,18,0,0,0,0,0,0,1,1,6,1,50,8,1130,1,16,-1,-1,-1
2017350225943,2,19,0,4,0,0,0,0,0,0,2,1,6,1,40,7,1870,2,11,-1,-1,-1
2017350225950,1,9,4,12,0,2,0,0,0,0,3,1,6,3,-1,-1,-1,-1,-1,-1,-1,-1
2017350225950,2,9,0,18,0,2,0,0,0,0,4,1,6,1,24,5,2143,2,-1,-1,-1,-1
2017350225952,1,1,0,18,0,0,0,0,0,0,1,1,6,1,51,8,-1,-1,-1,-1,-1,-1
2017350225952,2,9,0,4,0,0,0,0,0,0,2,1,6,1,-1,-1,-1,-1,-1,-1,-1,-1
2017350225960,1,9,0,17,0,0,1,0,1,0,0,1,2,2,46,8,1124,1,14,6,1,6
2017350225998,1,9,0,17,0,0,0,0,0,0,1,1,2,1,36,7,1499,2,-1,8,2,8
2017350225998,2,9,0,16,0,0,0,0,0,0,1,1,3,2,43,7,1998,7,8,8,3,8
2017350226046,1,9,0,17,0,0,0,0,0,0,1,1,5,2,49,8,1587,1,19,-1,-1,-1
2017350226046,2,9,0,16,0,0,0,0,0,0,1,1,6,2,55,8,1560,2,9,-1,-1,-1
2017350226050,1,9,0,12,6,0,0,0,0,0,3,1,6,1,73,10,2979,1,2,-1,-1,-1
2017350226050,2,9,0,18,0,0,0,0,0,0,4,1,1,2,28,6,1461,2,3,-1,-1,-1
2017350226053,1,9,0,17,0,0,1,0,1,4,4,1,5,1,31,6,1999,1,10,-1,-1,-1
2017350226055,1,9,0,18,0,3,0,0,0,0,2,1,2,2,49,8,1339,1,11,-1,-1,-1
2017350226055,2,9,0,18,0,8,0,0,0,0,1,1,2,2,38,7,1242,1,9,-1,-1,-1
2017350226056,1,9,0,18,0,1,0,0,0,0,1,1,6,1,20,4,1560,2,8,-1,-1,-1
2017350226056,2,9,0,4,0,1,0,0,0,0,2,1,6,1,21,5,1360,1,13,-1,-1,-1
2017350226056,3,9,0,4,0,1,0,0,0,0,2,1,6,2,35,6,899,1,3,-1,-1,-1
2017350226066,1,9,0,18,0,1,1,0,5,6,1,1,6,1,50,8,1988,1,14,-1,-1,-1
2017350226071,1,9,0,12,0,0,0,0,5,6,3,1,5,1,51,8,3960,6,19,-1,-1,-1
2017350226071,2,9,0,4,0,0,0,0,0,0,3,1,5,1,39,7,4163,1,3,-1,-1,-1
2017350226071,3,9,0,18,0,0,0,0,0,0,0,1,5,1,50,8,1968,2,7,-1,-1,-1
2017350226167,1,9,0,18,0,0,2,10,1,0,1,1,2,1,18,4,1360,1,14,-1,-1,-1
2017350226189,1,9,0,18,0,0,2,0,1,3,4,1,2,2,28,6,1396,1,7,2,3,2
2017350227276,1,9,0,18,0,4,0,0,0,0,1,1,6,2,76,11,1956,2,5,-1,-1,-1
2017350227276,2,1,0,18,0,8,0,0,0,0,4,1,6,2,50,8,-1,-1,-1,-1,-1,-1
2017350227292,1,9,0,17,0,0,1,0,0,0,4,1,6,2,17,4,1124,1,17,-1,-1,-1
2017350227292,2,21,1,16,0,0,0,0,0,0,1,1,1,1,42,7,12900,2,5,-1,-1,-1
2017350227327,1,9,0,18,0,0,0,0,0,0,1,1,6,1,38,7,1798,1,2,-1,-1,-1
2017350227327,2,9,0,4,0,0,0,0,0,0,2,1,6,1,50,8,1598,1,15,-1,-1,-1
2017350227327,3,9,0,4,0,0,0,0,0,0,2,1,6,1,45,7,2199,2,3,-1,-1,-1
2017350227341,1,9,0,18,0,1,0,0,0,0,3,1,6,1,-1,-1,1984,1,15,10,3,10
2017350227341,2,1,0,18,0,1,0,0,0,0,4,1,4,1,8,2,-1,-1,-1,10,3,10
2017350227361,1,9,0,9,0,8,0,0,1,9,3,1,6,1,-1,-1,1968,2,11,-1,-1,-1
2017350227361,2,9,0,18,0,1,0,0,0,0,3,1,2,1,45,7,2698,2,9,-1,-1,-1
2017350227496,1,11,0,18,2,0,0,0,0,0,1,1,1,1,52,8,6700,2,5,-1,-1,-1
2017350227521,1,9,0,4,0,2,1,0,0,0,1,1,2,1,27,6,1560,2,6,4,1,4
2017350227521,2,9,0,3,0,2,0,0,0,0,2,1,2,1,62,9,1896,2,14,4,1,4
2017350227591,1,9,0,4,0,1,0,0,0,0,1,1,6,3,-1,-1,1753,2,11,-1,-1,-1
2017350227591,2,9,0,3,0,1,0,0,0,0,2,1,6,1,31,6,2179,2,6,2,1,2
2017350227760,1,9,0,14,0,0,0,7,0,0,3,1,6,1,-1,-1,-1,-1,-1,-1,-1,-1
2017350227760,2,1,0,18,9,0,0,0,0,0,1,1,4,2,11,3,-1,-1,-1,10,3,10
2017350227763,1,9,0,9,0,0,0,0,0,0,3,1,2,1,53,8,2987,2,10,-1,-1,-1
2017350227763,2,9,0,18,0,0,1,0,0,0,1,1,6,2,22,5,1560,2,9,-1,-1,-1
2017350227788,1,9,0,18,0,0,0,0,0,0,1,1,6,3,-1,-1,2967,2,9,-1,-1,-1
2017350227889,1,3,0,7,0,1,1,0,0,0,0,1,6,2,23,5,124,1,17,5,1,5
2017350227902,1,9,0,4,0,1,0,0,0,0,3,1,6,2,-1,-1,1242,1,5,-1,-1,-1
2017350227902,2,1,0,10,0,1,0,0,0,0,2,1,5,1,31,6,-1,-1,-1,7,1,7
2017350227930,1,9,0,18,0,8,1,0,5,6,1,1,5,1,28,6,2179,2,4,-1,-1,-1
2017350227952,1,19,0,3,0,1,0,0,0,0,2,1,1,1,25,5,2198,2,2,-1,-1,-1
2017350227952,2,9,0,4,0,1,0,0,0,0,1,1,6,1,40,7,1896,2,15,-1,-1,-1
2017350228009,1,9,0,4,0,0,0,0,0,0,2,1,6,1,-1,-1,2148,2,12,-1,-1,-1
2017350228009,2,9,0,4,0,0,0,0,0,0,1,1,6,1,40,7,1995,2,3,-1,-1,-1
2017350228009,3,9,0,4,0,0,0,0,0,0,1,1,6,1,42,7,1598,2,6,-1,-1,-1
2017350228009,4,9,0,4,0,0,0,0,0,0,1,1,6,1,24,5,2401,2,10,-1,-1,-1
2017350228060,1,11,0,18,0,1,0,0,0,0,1,1,1,1,29,6,3900,2,11,1,1,1
2017350228060,2,8,0,10,0,1,0,0,0,0,2,1,1,1,33,6,1968,2,7,1,1,1
2017350228063,1,9,0,17,0,0,5,0,1,9,1,1,6,2,56,9,1560,2,6,-1,-1,-1
2017350228086,1,9,0,5,0,1,0,0,0,0,1,1,6,2,44,7,1968,2,6,-1,-1,-1
2017350228086,2,9,0,5,0,1,0,0,0,0,2,1,6,2,68,10,1769,1,11,-1,-1,-1
2017350228089,1,9,0,18,0,8,0,0,0,0,1,1,6,1,50,8,1598,2,5,7,3,7
2017350228089,2,9,0,18,0,8,0,0,0,0,1,1,6,1,22,5,2521,1,10,-1,-1,-1
2017350228211,1,9,0,13,0,0,0,0,0,0,1,1,6,1,50,8,1368,1,7,-1,-1,-1
2017350228211,2,9,0,18,0,0,0,0,0,0,2,1,6,1,32,6,1596,1,12,-1,-1,-1
2017350228211,3,9,0,18,0,0,0,0,0,0,2,1,6,1,26,6,1398,2,6,-1,-1,-1
2017350228211,4,9,0,18,0,0,0,0,0,0,2,1,6,1,27,6,2143,2,2,-1,-1,-1
2017350228316,1,20,0,18,0,0,0,0,0,0,1,1,1,1,42,7,2998,2,6,-1,-1,-1
2017350228316,2,9,0,3,0,0,0,0,1,0,2,1,5,1,38,7,1998,2,7,-1,-1,-1
2017350228316,3,9,0,9,0,0,5,0,0,0,2,1,5,2,36,7,1598,1,9,-1,-1,-1
2017350228347,1,9,0,18,0,1,0,0,0,0,1,1,6,1,24,5,1461,2,14,1,1,1
2017350228429,1,9,0,18,0,0,1,0,0,0,1,1,6,1,25,5,1995,2,5,-1,-1,-1
2017350228429,2,9,0,18,0,0,0,0,0,0,2,1,6,1,40,7,2148,2,10,-1,-1,-1
2017350228443,1,9,0,18,0,4,2,9,3,0,1,1,1,1,-1,-1,2993,2,1,-1,-1,-1
2017350228474,1,9,0,5,0,1,0,0,0,0,1,1,2,2,56,9,1598,1,13,-1,-1,-1
2017350228474,2,5,0,3,0,1,5,0,0,0,1,1,2,1,54,8,748,1,11,-1,-1,-1
2017350228502,1,9,0,9,0,2,0,0,0,0,1,1,6,2,60,9,998,1,5,-1,-1,-1
2017350228502,2,1,0,18,4,1,0,0,0,0,1,1,6,1,38,7,-1,-1,-1,-1,-1,-1
2017350228830,1,9,0,9,0,1,0,0,0,0,1,1,1,1,39,7,1798,8,2,-1,-1,-1
2017350228830,2,5,0,18,0,1,0,0,0,0,1,1,1,1,51,8,600,1,9,-1,-1,-1
2017350228835,1,9,0,18,0,3,0,0,0,0,1,1,6,3,-1,-1,2231,2,11,-1,-1,-1
2017350228835,2,1,0,18,0,2,0,0,0,0,3,1,2,2,20,4,-1,-1,-1,-1,-1,-1
2017350228843,1,9,0,9,0,5,0,0,0,0,1,1,6,1,41,7,2143,2,4,-1,-1,-1
2017350228843,2,1,0,18,0,8,0,0,0,0,1,1,6,1,26,6,-1,-1,-1,-1,-1,-1
2017350228899,1,9,0,17,0,0,0,0,0,0,1,1,5,1,73,10,1995,2,-1,-1,-1,-1
2017350228899,2,9,0,16,0,0,0,0,7,0,1,1,5,1,55,8,1197,1,3,-1,-1,-1
2017350228971,1,9,0,18,0,0,2,0,1,8,3,1,5,2,54,8,1396,1,15,-1,-1,-1
2017350229009,1,9,0,5,0,0,0,0,0,0,1,1,6,2,46,8,1596,1,8,-1,-1,-1
2017350229009,2,1,0,18,0,0,0,0,0,0,2,1,4,2,14,3,-1,-1,-1,-1,-1,-1
2017350229026,1,9,0,9,0,0,0,0,0,0,3,1,6,1,36,7,2993,2,11,-1,-1,-1
2017350229026,2,3,0,13,0,0,0,0,0,0,4,1,6,1,19,4,125,1,1,-1,-1,-1
2017350229031,1,9,0,4,0,0,0,0,0,0,2,1,5,2,73,10,1560,2,4,-1,-1,-1
2017350229031,2,19,0,18,0,0,0,0,0,0,1,1,1,1,29,6,1968,2,2,-1,-1,-1
2017350229065,1,19,0,18,0,1,1,0,0,0,1,1,1,1,18,4,2143,2,7,-1,-1,-1
2017350229065,2,9,0,10,0,5,0,0,0,0,2,1,1,2,28,6,1399,2,7,-1,-1,-1
2017350229177,1,9,0,5,0,0,0,0,0,0,1,1,5,2,69,10,1596,1,7,-1,-1,-1
2017350229177,2,9,0,4,0,0,0,0,0,0,2,1,5,2,44,7,1798,8,5,-1,-1,-1
2017350229190,1,-1,0,18,0,0,0,0,0,0,3,1,6,3,-1,-1,-1,-1,-1,-1,-1,-1
2017350229190,2,9,0,18,0,0,0,0,0,0,3,1,6,2,-1,-1,2143,2,4,10,2,10
2017350229306,1,9,0,7,0,6,0,0,0,0,1,1,5,1,-1,-1,1242,1,13,-1,-1,-1
2017350229306,2,9,0,18,0,8,0,0,0,0,4,1,5,2,29,6,1461,2,7,-1,-1,-1
2017350229583,1,5,0,4,0,1,0,0,0,0,3,1,1,1,50,8,659,1,9,-1,-1,-1
2017350229588,1,9,0,18,0,0,0,0,1,8,0,1,2,1,21,5,1999,1,13,-1,-1,-1
2017350229843,1,9,0,18,0,0,0,0,0,0,1,1,6,1,53,8,1596,1,9,-1,-1,-1
2017350229843,2,9,0,18,0,0,0,0,0,0,1,1,6,2,46,8,1560,2,6,-1,-1,-1
2017350230183,1,1,0,7,0,6,0,0,0,0,3,1,6,2,19,4,-1,-1,-1,-1,-1,-1
2017350230183,2,98,0,7,0,6,0,0,0,0,4,1,6,3,-1,-1,-1,-1,-1,-1,-1,-1
2017350230194,1,3,0,4,0,1,2,10,1,9,1,1,5,1,27,6,124,1,17,3,1,3
2017350230227,1,9,0,18,0,0,0,0,0,0,1,1,2,2,32,6,1995,2,11,5,1,5
2017350230227,2,9,0,4,0,0,0,0,0,0,2,1,2,1,53,8,1360,1,12,7,2,7
2017350230227,3,9,0,18,0,0,0,0,0,0,1,1,2,2,25,5,1956,2,4,1,1,1
2017350230241,1,9,0,4,0,1,0,0,0,0,1,1,1,1,43,7,1596,1,6,-1,-1,-1
2017350230241,2,19,0,4,0,1,0,0,0,0,1,1,1,1,46,8,1996,2,10,-1,-1,-1
2017350230245,1,1,0,15,0,0,0,0,1,10,3,1,5,1,28,6,-1,-1,-1,-1,-1,-1
2017350230245,2,8,0,13,0,0,0,0,0,0,4,1,1,1,40,7,2198,2,3,-1,-1,-1
2017350230246,1,9,0,18,0,0,0,0,0,0,1,1,5,2,30,6,2143,2,3,-1,-1,-1
2017350230246,2,98,1,13,0,0,0,0,0,0,2,1,1,1,35,6,-1,-1,-1,-1,-1,-1
2017350230257,1,11,0,18,2,1,0,0,0,0,1,1,1,3,-1,-1,6700,2,7,-1,-1,-1
2017350230268,1,9,0,18,0,8,0,12,0,0,1,1,5,2,48,8,1999,2,-1,-1,-1,-1
2017350230268,2,3,0,18,0,8,2,12,0,0,1,1,5,1,39,7,125,1,13,-1,-1,-1
2017350230274,1,1,0,9,0,8,5,0,0,0,1,1,5,1,22,5,-1,-1,-1,-1,-1,-1
2017350230274,2,9,0,18,0,4,0,0,0,0,3,1,2,1,33,6,-1,-1,-1,-1,-1,-1
2017350230356,1,9,0,18,0,0,0,0,0,0,0,1,6,1,-1,-1,1498,1,7,-1,-1,-1
2017350230356,2,11,0,4,0,0,0,0,0,0,0,1,1,1,28,6,6870,2,16,-1,-1,-1
2017350230381,1,9,0,18,0,0,0,0,0,0,1,1,5,1,39,7,1395,1,-1,-1,-1,-1
2017350230381,2,9,0,18,0,0,0,0,0,0,1,1,5,1,40,7,1968,2,2,-1,-1,-1
2017350230397,1,9,0,2,6,0,0,0,0,0,4,1,3,1,53,8,1398,2,9,-1,-1,-1
2017350230397,2,1,0,18,5,0,0,0,0,0,1,1,4,1,15,3,-1,-1,-1,-1,-1,-1
2017350230400,1,9,0,18,0,8,0,0,0,0,1,1,5,2,62,9,1997,2,-1,-1,-1,-1
2017350230400,2,9,0,9,0,8,0,0,0,0,4,1,5,2,73,10,1339,1,11,-1,-1,-1
2017350230422,1,1,0,15,4,0,0,0,0,0,1,1,2,1,30,6,-1,-1,-1,-1,-1,-1
2017350230422,2,9,0,7,0,0,0,0,0,0,4,1,5,1,25,5,-1,-1,-1,-1,-1,-1
2017350230438,1,9,0,5,0,4,0,0,0,0,3,1,5,2,75,10,1388,1,7,-1,-1,-1
2017350230438,2,1,0,9,0,8,5,0,0,0,1,1,6,1,88,11,-1,-1,-1,-1,-1,-1
2017350230455,1,9,0,18,0,0,0,0,1,0,1,1,5,1,32,6,1399,2,10,-1,-1,-1
2017350230455,2,9,0,18,0,0,0,0,0,0,0,1,1,1,-1,-1,2993,2,2,-1,-1,-1
2017350230455,3,9,0,18,0,0,5,4,0,0,2,1,2,1,71,10,1461,2,-1,-1,-1,-1
2017350230455,4,9,0,2,0,0,0,0,0,0,3,1,5,1,26,6,1968,2,8,-1,-1,-1
2017350230527,1,9,0,14,0,0,1,0,0,0,1,1,5,1,17,4,1229,1,10,-1,-1,-1
2017350230572,1,9,0,18,0,2,0,0,0,0,1,1,6,1,33,6,998,1,-1,-1,-1,-1
2017350230572,2,1,0,18,0,2,0,0,0,0,3,1,4,1,12,3,-1,-1,-1,-1,-1,-1
2017350230725,1,2,0,18,0,1,0,0,0,0,3,1,5,1,16,4,49,1,9,-1,-1,-1
2017350230725,2,19,0,1,0,2,0,0,0,0,3,1,5,1,28,6,1560,2,2,-1,-1,-1
2017350230996,1,22,0,18,0,1,0,0,0,0,3,1,6,2,93,11,-1,-1,-1,-1,-1,-1
2017350230996,2,9,0,3,0,1,0,0,0,0,0,1,6,2,80,11,2987,2,2,-1,-1,-1
2017350231080,1,9,0,3,0,1,0,0,0,0,1,1,5,1,84,11,1796,1,14,-1,-1,-1
2017350231080,2,9,0,5,0,4,0,0,0,0,2,1,5,2,33,6,1995,1,7,-1,-1,-1
2017350231122,1,1,0,18,0,0,0,0,1,0,1,1,6,1,63,9,-1,-1,-1,-1,-1,-1
2017350231167,1,9,0,18,0,1,0,0,0,0,1,1,6,1,-1,-1,998,1,3,-1,-1,-1
2017350231167,2,9,0,4,0,1,0,0,0,0,2,1,1,2,56,9,999,1,-1,-1,-1,-1
2017350231180,1,9,0,5,0,1,0,0,0,0,1,1,5,1,34,6,2157,2,-1,4,1,4
2017350231180,2,1,0,18,0,6,0,0,0,0,1,1,5,1,51,8,-1,-1,-1,1,1,1
2017350231235,1,1,0,18,5,0,0,0,0,0,1,1,6,2,-1,-1,-1,-1,-1,-1,-1,-1
2017350231259,1,9,0,18,0,0,0,4,0,0,4,1,6,1,55,8,2494,8,1,-1,-1,-1
2017350231259,2,9,0,2,0,0,0,0,0,0,3,1,6,2,71,10,998,1,6,-1,-1,-1
2017350231348,1,19,0,4,0,1,0,0,0,0,1,1,6,1,31,6,2143,2,-1,-1,-1,-1
2017350231348,2,9,0,4,0,1,0,0,0,0,2,1,6,1,47,8,1685,2,5,-1,-1,-1
2017350231372,1,21,1,18,0,2,0,0,0,0,1,1,1,1,30,6,10308,2,4,-1,-1,-1
2017350231372,2,9,0,18,0,1,0,0,0,0,1,1,6,1,32,6,1796,1,12,-1,-1,-1
2017350231391,1,9,0,5,0,2,0,0,0,0,1,1,6,1,49,8,1984,1,15,-1,-1,-1
2017350231391,2,9,0,3,0,2,0,0,0,0,2,1,3,2,40,7,998,1,9,-1,-1,-1
2017350231441,1,9,0,18,0,8,1,0,0,0,1,1,1,1,34,6,1299,1,15,-1,-1,-1
2017350231441,2,9,0,18,0,1,1,0,0,0,1,1,1,2,61,9,1461,2,2,-1,-1,-1
2017350231462,1,9,0,18,0,2,0,0,0,0,1,1,6,1,23,5,1598,1,4,-1,-1,-1
2017350231462,2,9,0,3,0,2,0,0,0,0,2,1,5,1,32,6,1956,2,2,-1,-1,-1
2017350231516,1,3,0,18,0,0,1,0,0,0,0,1,6,1,17,4,124,1,22,-1,-1,-1
2017350231516,2,9,0,18,0,0,0,0,0,0,0,1,6,3,-1,-1,1461,2,1,-1,-1,-1
2017350231516,3,9,0,18,0,0,0,0,0,0,0,1,6,3,-1,-1,1461,2,1,-1,-1,-1
2017350231516,4,9,0,18,0,0,0,0,0,0,0,1,6,3,-1,-1,1461,2,1,-1,-1,-1
2017350231516,5,9,0,18,0,0,0,0,0,0,0,1,6,3,-1,-1,1461,2,1,-1,-1,-1
2017350231551,1,9,0,9,0,8,0,0,0,0,1,1,1,2,33,6,1596,1,9,-1,-1,-1
2017350231551,2,9,0,18,0,3,1,0,1,0,2,1,1,2,56,9,1598,1,10,-1,-1,-1
2017350231573,1,9,0,18,0,8,0,0,0,0,0,1,5,3,-1,-1,-1,-1,-1,-1,-1,-1
2017350231573,2,9,0,18,0,8,0,0,0,0,4,1,5,2,19,4,1341,1,12,9,2,9
2017350231573,3,9,0,18,0,4,0,0,0,0,1,1,5,2,30,6,2179,2,5,-1,-1,-1
2017350232012,1,3,0,4,0,1,0,0,0,0,2,1,6,1,39,7,124,1,3,-1,-1,-1
2017350232012,2,9,0,3,0,1,0,0,0,0,0,1,6,1,41,7,1560,2,7,-1,-1,-1
2017350232096,1,9,0,18,0,0,0,7,5,0,1,1,6,1,51,8,-1,-1,-1,-1,-1,-1
2017350232125,1,9,0,7,0,6,0,0,0,0,4,1,6,3,-1,-1,1242,1,11,-1,-1,-1
2017350232125,2,1,0,7,0,6,0,0,0,0,2,1,6,1,-1,-1,-1,-1,-1,-1,-1,-1
2017350232131,1,19,0,18,0,0,0,0,0,0,1,1,6,1,-1,-1,2198,2,2,-1,-1,-1
2017350232131,2,1,0,18,0,0,0,0,0,0,2,1,6,1,39,7,-1,-1,-1,-1,-1,-1
2017350232194,1,9,0,16,0,0,0,0,0,0,1,1,6,3,-1,-1,1396,1,17,-1,-1,-1
2017350232194,2,9,0,17,0,0,0,0,0,0,1,1,5,2,17,4,1248,2,6,-1,-1,-1
2017350232247,1,9,0,1,0,0,0,0,0,0,2,1,6,3,-1,-1,-1,-1,-1,-1,-1,-1
2017350232283,1,9,0,18,0,0,0,0,0,0,1,1,6,1,-1,-1,1199,1,16,-1,-1,-1
2017350232283,2,9,0,3,0,0,0,0,0,0,2,1,1,2,46,8,2143,2,4,-1,-1,-1
2017350232296,1,1,0,18,0,0,0,0,0,0,3,1,5,1,48,8,-1,-1,-1,-1,-1,-1
2017350232296,2,9,0,18,0,0,0,0,0,0,1,1,5,2,53,8,1598,1,5,-1,-1,-1
2017350232439,1,9,0,18,0,0,0,0,7,9,3,1,5,1,18,4,898,1,-1,3,1,3
2017350232525,1,9,0,18,0,0,0,0,0,0,1,1,6,1,-1,-1,1798,1,8,-1,-1,-1
2017350232525,2,9,0,10,0,0,0,0,0,0,2,1,5,2,37,7,1988,1,14,-1,-1,-1
2017350232610,1,9,0,11,0,0,0,0,0,0,4,1,1,1,34,6,1956,2,6,-1,-1,-1
2017350232610,2,9,0,18,0,0,5,0,0,0,3,1,1,1,46,8,-1,-1,-1,-1,-1,-1
2017350232630,1,9,0,9,0,5,0,0,0,0,1,1,5,1,82,11,1970,1,16,-1,-1,-1
2017350232630,2,1,0,18,0,8,5,0,0,0,3,1,6,2,41,7,-1,-1,-1,-1,-1,-1
2017350232983,1,9,0,18,0,0,2,10,7,0,0,1,2,1,22,5,1388,1,8,-1,-1,-1
2017350233022,1,9,0,18,0,4,0,0,0,0,1,1,6,1,43,7,1984,1,7,-1,-1,-1
2017350233022,2,5,0,18,0,8,0,0,0,0,4,1,6,1,60,9,782,1,6,-1,-1,-1
2017350233024,1,9,0,9,0,0,0,0,0,0,4,1,6,3,-1,-1,1395,1,-1,3,1,3
2017350233024,2,1,0,18,0,0,0,0,0,0,2,1,5,2,11,3,-1,-1,-1,5,1,5
2017350233161,1,9,0,18,0,8,0,0,0,0,1,1,6,2,-1,-1,3301,1,14,5,3,5
2017350233161,2,9,0,9,0,2,0,0,0,0,1,1,6,1,32,6,2199,2,4,-1,-1,-1
2017350233176,1,9,0,3,0,1,0,0,0,0,3,1,2,1,46,8,1587,1,11,8,1,8
2017350233176,2,3,0,4,0,1,0,0,0,0,3,1,4,1,18,4,124,1,5,2,1,2
2017350233178,1,9,0,18,0,0,0,0,0,0,1,1,6,2,45,7,1124,1,13,-1,-1,-1
2017350233178,2,1,0,18,0,0,0,0,0,0,1,1,5,2,10,2,-1,-1,-1,-1,-1,-1
2017350233223,1,19,0,3,0,2,0,0,0,0,1,1,1,1,40,7,1499,2,-1,-1,-1,-1
2017350233253,1,9,0,18,0,0,1,0,0,0,4,1,5,2,84,11,1389,1,11,10,3,10
2017350233253,2,21,1,18,0,0,0,0,0,0,1,1,1,1,49,8,12902,2,4,1,1,1
2017350233393,1,9,0,7,0,4,0,0,0,0,3,1,6,2,-1,-1,1995,2,10,-1,-1,-1
2017350233393,2,3,0,18,0,8,0,0,0,0,1,1,2,1,29,6,124,1,5,-1,-1,-1
2017350233402,1,9,0,4,0,0,0,0,0,0,2,1,6,1,35,6,1348,1,17,-1,-1,-1
2017350233402,2,9,0,18,0,0,0,0,0,0,1,1,6,3,-1,-1,-1,-1,-1,-1,-1,-1
2017350233461,1,9,0,7,0,4,0,0,0,0,1,1,6,2,45,7,1124,1,11,-1,-1,-1
2017350233461,2,1,0,18,0,8,0,0,0,0,4,1,2,1,44,7,-1,-1,-1,6,3,6
2017350233466,1,19,0,1,0,1,0,0,0,0,0,1,6,2,48,8,1461,2,1,-1,-1,-1
2017350233466,2,19,0,1,0,1,0,0,0,0,0,1,6,1,27,6,1248,2,2,-1,-1,-1
2017350233613,1,9,0,9,0,2,0,0,0,0,1,1,6,2,48,8,1995,2,-1,-1,-1,-1
2017350233613,2,1,0,18,0,2,5,0,0,0,0,1,5,1,46,8,-1,-1,-1,-1,-1,-1
2017350233722,1,9,0,18,0,0,0,0,1,0,1,1,6,1,85,11,1999,1,6,6,3,6
2017350233722,2,9,0,4,0,0,0,0,0,0,2,1,1,1,53,8,2143,2,2,-1,-1,-1
2017350234049,1,-1,0,18,0,0,0,0,0,0,4,1,6,3,-1,-1,-1,-1,-1,-1,-1,-1
2017350234103,1,9,0,9,0,8,0,0,0,0,4,1,5,1,32,6,1360,1,7,-1,-1,-1
2017350234103,2,9,0,18,0,8,0,0,0,0,1,1,1,1,43,7,1968,2,6,-1,-1,-1
2017350234119,1,98,0,17,0,8,0,7,0,0,4,1,5,2,73,10,-1,-1,-1,-1,-1,-1
2017350234169,1,9,0,16,0,0,1,0,1,4,2,1,2,1,62,9,1229,1,9,-1,-1,-1
2017350234277,1,1,0,18,0,1,0,0,0,0,1,1,6,1,20,4,-1,-1,-1,-1,-1,-1
2017350234277,2,19,0,8,0,1,0,0,0,0,1,1,6,1,22,5,1461,2,2,-1,-1,-1
2017350234293,1,9,0,18,0,0,0,0,0,0,1,1,6,1,42,7,1796,1,16,-1,-1,-1
2017350234293,2,9,0,18,0,0,0,0,0,0,1,1,6,2,31,6,1390,1,3,-1,-1,-1