Accident_Index,Vehicle_Reference,Vehicle_Type,Towing_and_Articulation,Vehicle_Manoeuvre,Vehicle_Location-Restricted_Lane,Junction_Location,Skidding_and_Overturning,Hit_Object_in_Carriageway,Vehicle_Leaving_Carriageway,Hit_Object_off_Carriageway,1st_Point_of_Impact,Was_Vehicle_Left_Hand_Drive?,Journey_Purpose_of_Driver,Sex_of_Driver,Age_of_Driver,Age_Band_of_Driver,Engine_Capacity_(CC),Propulsion_Code,Age_of_Vehicle,Driver_IMD_Decile,Driver_Home_Area_Type,Vehicle_IMD_Decile
2017350234293,3,21,1,2,6,0,0,0,0,0,2,1,1,1,57,9,10837,2,1,-1,-1,-1
2017350234311,1,9,0,9,0,8,0,0,0,0,3,1,5,1,42,7,-1,-1,-1,-1,-1,-1
2017350234311,2,1,0,18,0,6,0,0,0,0,1,1,5,2,17,4,-1,-1,-1,-1,-1,-1
2017350234361,1,9,0,5,0,1,0,0,0,0,1,1,5,1,20,4,1598,1,12,-1,-1,-1
2017350234361,2,9,0,18,0,1,0,0,0,0,1,1,6,2,43,7,-1,-1,-1,-1,-1,-1
2017350234361,3,90,0,10,0,1,0,0,0,0,3,1,5,1,41,7,6370,2,12,-1,-1,-1
2017350234361,4,21,0,10,0,1,0,0,0,0,0,1,5,1,50,8,4461,2,9,-1,-1,-1
2017350234531,1,9,0,18,0,8,0,0,3,0,1,1,6,2,62,9,1997,2,3,7,3,7
2017350234582,1,9,0,11,0,5,5,0,1,1,1,1,6,2,47,8,1598,1,6,2,1,2
2017350234619,1,9,0,18,0,0,0,0,0,0,1,1,2,2,39,7,1397,1,17,-1,-1,-1
2017350234664,1,9,0,5,0,4,0,0,0,0,3,1,5,2,68,10,-1,-1,-1,-1,-1,-1
2017350234664,2,9,0,7,0,3,0,0,0,0,4,1,5,1,48,8,-1,-1,-1,-1,-1,-1
2017350234698,1,-1,0,18,0,1,0,0,0,0,1,1,6,1,-1,-1,-1,-1,-1,-1,-1,-1
2017350234750,1,9,0,9,0,6,0,0,0,0,3,1,5,2,39,7,2499,1,7,9,1,9
2017350234750,2,9,0,18,0,1,0,0,0,0,1,1,2,2,29,6,1591,1,9,-1,-1,-1
2017350234768,1,9,0,18,0,1,0,0,0,0,1,1,5,1,62,9,1796,1,14,-1,-1,-1
2017350234768,2,9,0,2,0,1,0,0,0,0,2,1,5,1,58,9,1798,1,10,-1,-1,-1
2017350234768,3,9,0,2,0,1,0,0,0,0,1,1,5,2,46,8,1498,1,5,-1,-1,-1
2017350234772,1,1,0,18,0,0,0,0,0,0,1,1,5,2,31,6,-1,-1,-1,2,1,2
2017350234772,2,9,0,18,0,0,0,0,0,0,1,1,6,3,-1,-1,-1,-1,-1,-1,-1,-1
2017350234798,1,9,0,18,0,0,0,0,0,0,1,1,5,1,42,7,1984,1,17,-1,-1,-1
2017350234798,2,9,0,9,0,0,0,0,0,0,4,1,6,3,-1,-1,1781,1,18,-1,-1,-1
2017350234809,1,9,0,12,8,0,0,0,0,0,3,1,6,1,26,6,1395,1,3,5,3,5
2017350234809,2,1,0,18,0,0,5,0,0,0,4,1,6,1,-1,-1,-1,-1,-1,6,1,6
2017350234916,1,9,0,18,0,0,0,0,0,0,1,1,6,3,-1,-1,-1,-1,-1,-1,-1,-1
2017350234916,2,9,0,18,0,0,0,0,0,0,1,1,6,3,-1,-1,-1,-1,-1,-1,-1,-1
2017350234943,1,9,0,7,0,6,0,0,0,0,1,1,6,1,26,6,2967,2,7,-1,-1,-1
2017350234943,2,9,0,18,0,8,0,0,0,0,4,1,5,2,31,6,1197,1,1,-1,-1,-1
2017350235059,1,9,0,18,0,0,0,0,0,0,1,1,5,1,18,4,1149,1,15,-1,-1,-1
2017350235059,2,9,0,4,0,0,0,0,0,0,2,1,2,2,32,6,1560,2,6,-1,-1,-1
2017350235059,3,9,0,4,0,0,0,0,0,0,2,1,2,1,54,8,1198,1,2,-1,-1,-1
2017350235090,1,9,0,18,0,0,0,0,0,0,4,1,5,1,51,8,1242,1,15,2,1,2
2017350235092,1,9,0,17,0,0,2,0,1,9,4,1,1,1,48,8,1995,2,5,7,1,7
2017350235132,1,9,0,18,0,0,0,0,0,0,1,1,6,1,28,6,1360,1,8,-1,-1,-1
2017350235132,2,9,0,18,0,0,0,0,1,0,2,1,5,1,56,9,1390,1,5,7,3,7
2017350235138,1,9,4,18,0,0,0,0,0,0,1,1,5,1,64,9,1998,2,12,-1,-1,-1
2017350235169,1,9,0,17,0,0,2,0,1,0,2,1,2,2,23,5,1388,1,14,-1,-1,-1
2017350235170,1,9,0,18,0,0,2,0,1,0,4,1,5,2,45,7,2993,2,4,-1,-1,-1
2017350235203,1,9,0,18,0,8,0,0,0,0,1,1,5,2,47,8,2987,2,-1,-1,-1,-1
2017350235222,1,19,0,18,0,6,0,0,0,0,1,1,1,1,50,8,2298,2,1,-1,-1,-1
2017350235222,2,5,0,18,0,8,2,0,4,0,1,1,2,1,31,6,1000,1,17,-1,-1,-1
2017350235226,1,11,0,18,9,0,0,0,1,0,4,1,1,3,-1,-1,-1,-1,-1,-1,-1,-1
2017350235228,1,9,0,18,9,0,0,0,1,11,1,1,2,1,65,9,999,1,4,-1,-1,-1
2017350235232,1,9,0,18,0,0,0,0,0,0,3,1,5,2,60,9,1499,2,1,-1,-1,-1
2017350235232,2,9,0,18,0,0,0,0,0,0,3,1,6,1,36,7,1995,2,3,-1,-1,-1
2017350235232,3,9,0,18,0,0,0,0,0,0,1,1,6,1,47,8,2987,2,2,8,3,8
2017350235243,1,9,0,9,0,8,0,0,0,0,1,1,5,1,66,10,1997,2,15,10,1,10
2017350235243,2,1,0,18,0,8,0,0,0,0,3,1,1,1,47,8,-1,-1,-1,-1,-1,-1
2017350235339,1,9,0,18,0,0,0,0,0,0,1,1,1,1,-1,-1,2993,2,1,-1,-1,-1
2017350235339,2,9,0,18,0,0,0,0,0,0,3,1,6,1,21,5,3199,1,19,-1,-1,-1
2017350235339,3,98,0,18,0,0,0,0,0,0,0,1,6,1,45,7,-1,-1,-1,-1,-1,-1
2017350235441,1,21,0,18,0,0,0,0,0,0,1,1,5,1,22,5,6870,2,10,-1,-1,-1
2017350235449,1,9,0,1,9,0,0,0,0,0,2,1,5,2,72,10,2494,1,13,-1,-1,-1
2017350235449,2,1,0,18,9,0,5,0,0,0,3,1,2,1,35,6,-1,-1,-1,-1,-1,-1
2017350235501,1,9,0,14,0,0,0,0,0,0,3,1,5,2,59,9,1497,8,1,-1,-1,-1
2017350235507,1,9,0,18,0,0,0,0,0,0,1,1,6,1,78,11,1294,1,32,8,1,8
2017350235516,1,19,0,17,0,0,0,0,1,4,1,1,1,1,40,7,1598,2,1,-1,-1,-1
2017350235525,1,9,0,13,0,0,2,0,7,0,1,1,6,2,28,6,1896,2,11,6,2,6
2017350235528,1,9,0,4,0,1,1,0,0,0,1,1,6,1,20,4,1598,1,10,-1,-1,-1
2017350235528,2,9,0,4,0,1,0,0,0,0,2,1,5,2,29,6,1598,1,5,-1,-1,-1
2017350235529,1,19,0,18,0,1,0,0,0,0,1,1,2,1,30,6,1995,2,6,-1,-1,-1
2017350235543,1,19,0,18,0,1,0,0,0,0,1,1,2,1,21,5,1560,2,-1,-1,-1,-1
2017350235543,2,9,0,3,0,1,0,0,0,0,2,1,6,2,50,8,1896,2,13,-1,-1,-1
2017350235553,1,-1,0,18,0,8,0,0,0,0,1,1,6,3,-1,-1,-1,-1,-1,-1,-1,-1
2017350235553,2,1,0,18,0,8,0,0,0,0,4,1,6,1,36,7,-1,-1,-1,-1,-1,-1
2017350235653,1,9,0,9,0,6,0,0,0,0,1,1,6,2,60,9,2993,2,6,9,3,9
2017350235653,2,9,0,18,0,1,0,0,0,0,3,1,6,1,60,9,1390,1,12,7,3,7
2017350235722,1,19,0,9,0,8,0,0,0,0,3,1,2,1,53,8,2286,2,11,-1,-1,-1
2017350235722,2,1,0,18,0,1,0,0,0,0,1,1,1,1,58,9,-1,-1,-1,-1,-1,-1
2017350235723,1,8,0,7,0,5,0,0,0,0,0,1,1,1,-1,-1,1798,8,4,-1,-1,-1
2017350235723,2,1,0,18,0,1,5,0,0,0,0,1,2,2,28,6,-1,-1,-1,-1,-1,-1
2017350235750,1,8,0,18,0,8,0,0,0,0,1,1,1,1,42,7,1798,8,4,-1,-1,-1
2017350235750,2,1,0,18,0,8,0,0,0,0,3,1,6,2,23,5,-1,-1,-1,-1,-1,-1
2017350235751,1,9,0,18,0,8,0,0,0,0,1,1,5,1,80,11,1596,1,6,-1,-1,-1
2017350235751,2,9,0,18,0,8,0,0,0,0,2,1,5,2,35,6,1597,2,1,-1,-1,-1
2017350235751,3,9,0,18,0,8,0,0,0,0,0,1,1,1,55,8,-1,-1,-1,-1,-1,-1
2017350235770,1,9,0,18,0,6,0,0,0,0,1,1,5,1,38,7,1997,2,15,-1,-1,-1
2017350235770,2,9,0,18,0,2,0,0,0,0,4,1,5,1,31,6,1968,2,5,-1,-1,-1
2017350235819,1,9,0,4,0,1,0,0,0,0,1,1,6,2,70,10,999,1,7,-1,-1,-1
2017350235819,2,9,0,3,0,4,0,0,0,0,2,1,6,2,42,7,1560,2,3,-1,-1,-1
2017350235841,1,9,0,5,0,4,0,0,0,0,1,1,5,1,19,4,998,1,-1,-1,-1,-1
2017350235841,2,9,0,3,0,4,0,0,0,0,2,1,5,2,43,7,1598,1,10,-1,-1,-1
2017350235938,1,9,0,18,0,0,0,0,7,4,1,1,5,1,58,9,2993,2,1,-1,-1,-1
2017350235941,1,21,1,4,0,0,1,0,0,0,1,1,1,1,-1,-1,12777,2,1,-1,-1,-1
2017350235941,2,11,0,4,0,0,0,0,0,0,2,1,1,1,50,8,11600,2,16,-1,-1,-1
2017350235941,3,19,0,4,0,0,0,0,0,0,2,1,1,1,40,7,1560,2,2,-1,-1,-1
2017350235941,4,21,0,4,0,0,0,0,0,0,2,1,1,1,52,8,6870,2,6,-1,-1,-1
2017350235959,1,9,0,4,0,1,0,0,0,0,1,1,6,1,-1,-1,999,1,1,-1,-1,-1
2017350235959,2,9,0,3,0,1,0,0,0,0,2,1,6,1,25,5,1598,1,7,-1,-1,-1
2017350236249,1,9,0,18,0,0,0,4,0,0,1,1,5,1,66,10,1598,1,7,-1,-1,-1
2017350236249,2,98,0,2,0,0,0,0,0,0,2,1,6,3,-1,-1,-1,-1,-1,-1,-1,-1
2017350236253,1,9,0,11,0,0,0,0,0,0,1,1,6,1,30,6,1582,2,4,-1,-1,-1
2017350236253,2,9,0,4,0,0,0,0,0,0,2,1,6,2,36,7,1398,1,4,-1,-1,-1
2017350236253,3,9,0,4,0,0,0,0,0,0,2,1,6,2,61,9,1598,1,11,-1,-1,-1
2017350236254,1,9,0,4,0,0,0,0,0,0,1,1,1,1,29,6,1560,2,4,6,1,6
2017350236254,2,1,0,18,0,0,0,0,0,0,4,1,3,2,12,3,-1,-1,-1,7,1,7
2017350236293,1,9,0,7,0,4,0,0,0,0,1,1,6,2,40,7,2993,2,6,-1,-1,-1
2017350236293,2,1,0,18,0,8,0,0,0,0,4,1,2,2,22,5,-1,-1,-1,7,1,7
2017350236368,1,20,0,9,0,5,0,0,0,0,3,1,1,1,62,9,2148,2,9,-1,-1,-1
2017350236368,2,5,0,9,0,6,0,0,0,0,1,1,5,1,52,8,1170,1,6,-1,-1,-1
2017350236455,1,11,0,18,0,8,0,0,0,0,3,1,1,3,-1,-1,-1,-1,-1,-1,-1,-1
2017350236455,2,1,0,5,0,8,0,0,0,0,4,1,6,2,25,5,-1,-1,-1,-1,-1,-1
2017350236460,1,9,0,16,0,1,1,0,3,10,1,1,6,1,-1,-1,1956,2,6,-1,-1,-1
2017350236572,1,9,0,5,0,0,0,0,0,0,1,1,1,1,20,4,1248,2,3,-1,-1,-1
2017350236572,2,9,0,5,0,0,0,0,0,0,2,1,1,1,30,6,2685,2,16,-1,-1,-1
2017350236572,3,19,0,5,0,0,0,0,0,0,2,1,1,1,31,6,1499,2,1,-1,-1,-1
2017350236572,4,9,0,5,0,0,0,0,0,0,2,1,1,1,32,6,1999,1,11,-1,-1,-1
2017350236894,1,9,0,18,0,0,0,0,0,0,1,1,6,1,41,7,5998,1,1,-1,-1,-1
2017350236972,1,9,0,18,0,0,1,10,1,1,3,1,5,2,42,7,1598,1,9,-1,-1,-1
2017350237007,1,9,0,18,0,0,0,0,0,0,1,1,6,3,-1,-1,1061,1,12,-1,-1,-1
2017350237007,3,9,0,18,0,0,0,0,0,0,0,1,1,1,51,8,2993,2,5,-1,-1,-1
2017350237018,1,9,0,9,0,8,0,0,0,0,3,1,5,1,39,7,1596,1,8,-1,-1,-1
2017350237018,2,9,0,18,0,8,0,0,0,0,1,1,5,1,21,5,1596,1,6,-1,-1,-1
2017350237054,1,9,0,5,0,4,0,0,0,0,1,1,2,2,54,8,1969,2,1,-1,-1,-1
2017350237054,2,9,0,3,0,4,0,0,0,0,2,1,2,2,41,7,1461,2,2,-1,-1,-1
2017350237085,1,5,0,18,0,1,1,0,1,1,1,1,5,1,54,8,1200,1,8,-1,-1,-1
2017350237106,1,9,0,18,0,4,0,0,0,0,1,1,6,1,44,7,1248,2,9,-1,-1,-1
2017350237106,2,1,0,9,0,8,0,0,0,0,2,1,6,2,27,6,-1,-1,-1,-1,-1,-1
2017350237114,1,9,0,18,0,0,1,0,0,0,4,1,5,1,83,11,1560,2,2,-1,-1,-1
2017350237185,1,9,0,18,0,0,0,0,0,0,1,1,6,2,27,6,1198,1,11,-1,-1,-1
2017350237185,2,9,0,10,0,0,0,0,0,0,2,1,6,2,27,6,1968,2,1,-1,-1,-1
2017350237190,1,9,0,18,0,0,0,0,1,0,1,1,6,1,25,5,-1,-1,-1,-1,-1,-1
2017350237190,2,9,0,3,0,0,0,0,0,0,2,1,6,1,49,8,1598,1,10,-1,-1,-1
2017350237190,3,9,0,3,0,0,0,0,0,0,2,1,6,1,51,8,1560,2,4,-1,-1,-1
2017350237190,4,9,0,3,0,0,0,0,0,0,2,1,6,2,52,8,998,1,4,-1,-1,-1
2017350237306,1,5,0,14,0,0,0,0,0,0,4,1,6,1,57,9,1299,1,13,-1,-1,-1
2017350237306,2,9,0,9,0,0,0,0,0,0,1,1,6,2,49,8,1598,1,12,-1,-1,-1
2017350237402,1,9,0,18,0,0,1,0,0,0,1,1,6,2,40,7,1596,1,13,-1,-1,-1
2017350237402,2,9,0,4,0,0,1,0,0,0,2,1,6,1,52,8,1560,2,2,-1,-1,-1
2017350237402,3,9,0,4,0,0,0,0,0,0,2,1,6,1,20,4,1388,1,12,-1,-1,-1
2017350237402,4,9,0,4,0,0,0,0,1,0,0,1,6,2,40,7,1596,1,11,-1,-1,-1
2017350237473,1,9,0,7,0,8,0,0,0,0,3,1,6,1,-1,-1,1598,2,1,-1,-1,-1
2017350237473,2,9,0,18,0,8,0,0,0,0,1,1,2,2,61,9,1329,1,5,-1,-1,-1
2017350237479,1,9,0,18,0,0,0,0,0,0,1,1,5,2,47,8,1332,1,19,-1,-1,-1
2017350237498,1,9,0,18,0,1,0,0,0,0,1,1,6,1,-1,-1,-1,-1,-1,-1,-1,-1
2017350237498,2,1,0,18,0,8,5,0,0,0,3,1,6,2,16,4,-1,-1,-1,-1,-1,-1
2017350237502,1,9,0,3,0,0,0,0,0,0,2,1,5,2,28,6,1910,2,11,4,3,4
2017350237502,2,9,0,18,0,0,0,0,0,0,1,1,6,2,25,5,1997,2,3,-1,-1,-1
2017350237544,1,9,0,9,0,8,0,0,0,0,4,1,6,1,28,6,1598,1,10,-1,-1,-1
2017350237544,2,9,0,18,0,8,0,0,0,0,1,1,6,1,50,8,1299,1,12,-1,-1,-1
2017350237545,1,9,0,3,0,1,0,0,0,0,1,1,1,1,19,4,1560,2,5,-1,-1,-1
2017350237545,2,9,0,4,0,1,0,0,0,0,2,1,5,1,71,10,1798,8,1,-1,-1,-1
2017350237594,1,9,0,18,0,0,1,0,1,0,2,1,6,2,18,4,1149,1,11,-1,-1,-1
2017350237594,2,9,0,18,0,0,0,0,0,0,1,1,6,1,47,8,1598,2,1,-1,-1,-1
2017350237685,1,19,0,18,0,1,0,0,0,0,1,1,1,1,22,5,2143,2,6,-1,-1,-1
2017350237685,2,9,0,3,0,4,0,0,0,0,2,1,5,1,72,10,1329,1,7,-1,-1,-1
2017350237696,1,19,0,18,0,0,0,0,0,0,1,1,1,1,48,8,1968,2,1,-1,-1,-1
2017350237696,2,19,0,3,0,0,0,0,0,0,2,1,5,1,38,7,1248,2,10,-1,-1,-1
2017350237696,3,9,0,3,0,0,0,0,0,0,2,1,5,2,55,8,2967,2,5,-1,-1,-1
2017350237696,4,9,0,3,0,0,0,0,0,0,0,1,5,2,28,6,1242,1,6,-1,-1,-1
2017350237700,1,9,0,18,0,0,0,0,0,0,1,1,6,1,22,5,1796,1,11,3,1,3
2017350237738,1,19,0,9,4,8,0,0,0,0,1,1,6,1,-1,-1,1686,2,8,-1,-1,-1
2017350237738,2,1,0,18,4,8,5,0,1,0,3,1,6,1,25,5,-1,-1,-1,-1,-1,-1
2017350237744,1,9,0,18,0,0,2,0,1,2,1,1,6,2,44,7,1598,1,12,-1,-1,-1
2017350237781,1,9,0,18,0,0,0,0,0,0,1,1,6,3,-1,-1,1590,1,20,-1,-1,-1
2017350237781,2,8,0,4,0,0,0,0,0,0,2,1,1,1,-1,-1,2143,2,4,-1,-1,-1
2017350237832,1,9,0,6,0,0,0,0,0,0,1,1,5,1,47,8,1984,1,15,2,1,2
2017350237832,2,9,0,18,0,0,0,0,0,0,4,1,1,2,23,5,-1,-1,-1,1,1,1
2017350237838,1,3,0,18,0,0,5,0,0,0,1,1,5,1,51,8,124,1,3,-1,-1,-1
2017350237904,1,9,0,3,0,8,0,0,0,0,2,1,5,1,50,8,1995,2,11,-1,-1,-1
2017350237904,2,9,0,18,0,8,0,0,0,0,1,1,5,2,22,5,1149,1,6,-1,-1,-1
2017350237922,1,8,0,18,0,0,0,0,0,0,3,1,1,1,38,7,1968,2,6,-1,-1,-1
2017350237922,2,1,0,18,0,0,0,0,0,0,1,1,5,1,49,8,-1,-1,-1,-1,-1,-1
2017350238063,1,9,0,18,0,1,0,0,0,0,1,1,5,2,23,5,1395,1,-1,5,1,5
2017350238063,2,9,0,4,0,1,0,0,0,0,2,1,5,1,35,6,1995,2,4,6,2,6
2017350238233,1,9,0,9,0,8,0,0,0,0,3,1,5,1,70,10,1339,1,6,10,3,10
2017350238233,2,9,0,4,0,8,2,0,0,0,1,1,5,1,32,6,1124,1,14,-1,-1,-1
2017350238248,1,9,0,13,0,8,1,0,7,4,4,1,6,1,55,8,1794,1,12,-1,-1,-1
2017350238248,2,9,0,9,0,8,0,0,0,0,3,1,6,1,27,6,1896,2,17,-1,-1,-1
2017350238276,1,9,0,18,0,2,2,0,3,9,1,1,2,1,29,6,2143,2,-1,7,2,7
2017350238288,1,19,0,18,0,1,0,0,0,0,1,1,6,1,62,9,2499,2,-1,-1,-1,-1
2017350238309,1,9,0,13,0,0,0,0,0,0,4,1,6,2,-1,-1,-1,-1,-1,-1,-1,-1
2017350238309,2,1,0,18,0,0,0,0,0,0,2,1,6,1,40,7,-1,-1,-1,-1,-1,-1
2017350238322,1,9,0,17,0,2,0,0,0,0,1,1,5,1,20,4,1797,8,7,-1,-1,-1
2017350238532,1,9,0,9,0,0,0,0,0,0,1,1,6,1,74,10,1149,1,16,-1,-1,-1
2017350238532,2,9,0,18,0,0,0,0,0,0,1,1,6,2,31,6,1364,1,10,-1,-1,-1
2017350238683,1,9,0,9,0,8,0,0,0,0,4,1,5,1,75,10,1998,2,8,-1,-1,-1
2017350238683,2,1,0,18,0,1,0,0,0,0,1,1,5,1,23,5,-1,-1,-1,-1,-1,-1
2017350238727,1,9,0,18,0,0,0,0,0,0,1,1,2,2,50,8,998,1,14,3,1,3
2017350238810,1,9,0,18,0,0,1,0,7,0,4,1,5,2,35,6,1998,1,12,-1,-1,-1
2017350238856,1,9,0,18,0,0,0,0,0,0,1,1,5,2,36,7,1360,1,7,-1,-1,-1
2017350238856,2,98,0,3,0,0,0,0,0,0,2,1,1,1,49,8,-1,-1,-1,-1,-1,-1
2017350238856,3,9,0,3,0,0,0,0,0,0,2,1,5,2,33,6,1242,1,1,-1,-1,-1
2017350238896,1,8,0,18,0,0,0,0,0,0,1,1,1,1,52,8,1968,2,8,9,1,9
2017350238932,1,9,0,17,0,0,1,0,7,9,1,1,6,1,24,5,1598,1,14,-1,-1,-1
2017350238935,1,21,0,3,0,4,0,0,0,0,4,1,1,1,40,7,12419,2,2,-1,-1,-1
2017350238935,2,9,0,3,0,4,0,0,0,0,3,1,1,2,23,5,1598,2,5,-1,-1,-1
2017350238968,1,9,0,18,0,0,1,0,0,0,1,1,2,2,20,4,1229,1,7,-1,-1,-1
2017350238968,2,9,0,3,0,0,0,0,0,0,2,1,2,2,48,8,1197,1,-1,-1,-1,-1
2017350238985,1,9,0,4,0,0,0,0,0,0,4,1,5,1,34,6,1086,1,11,-1,-1,-1
2017350238985,2,1,0,18,0,0,0,0,0,0,1,1,5,1,15,3,-1,-1,-1,-1,-1,-1
2017350239026,1,19,0,18,0,0,0,0,0,0,1,1,1,1,22,5,1461,2,2,-1,-1,-1
2017350239026,2,9,0,3,0,0,0,0,0,0,2,1,6,1,78,11,1398,1,2,-1,-1,-1
2017350239026,3,9,0,18,0,0,0,0,0,0,1,1,6,2,21,5,1124,1,13,-1,-1,-1
2017350239149,1,9,0,18,0,4,0,0,0,0,3,1,1,1,45,7,1364,1,-1,-1,-1,-1
2017350239149,2,9,0,9,0,8,1,0,0,0,1,1,1,2,50,8,1360,1,10,-1,-1,-1
2017350239279,1,9,0,18,0,0,1,0,7,0,4,1,6,2,24,5,1686,2,12,-1,-1,-1
2017350239279,2,19,0,18,0,0,0,0,1,0,1,1,2,1,41,7,2402,2,8,-1,-1,-1
2017350239384,1,3,0,4,0,0,0,0,0,0,1,1,6,1,17,4,108,1,2,3,1,3
2017350239384,2,9,0,4,0,0,0,0,0,0,2,1,6,1,36,7,1598,1,11,1,1,1
2017350239404,1,9,0,18,0,0,0,4,0,0,1,1,6,2,18,4,1242,1,12,-1,-1,-1
2017350239404,2,9,0,2,0,0,0,0,0,0,2,1,6,2,37,7,1596,1,8,-1,-1,-1
2017350239404,3,9,0,2,0,0,0,0,0,0,2,1,6,1,37,7,1992,2,9,-1,-1,-1
2017350239428,1,11,0,1,0,0,0,0,0,0,2,1,1,1,61,9,6374,2,9,-1,-1,-1
2017350239428,2,11,0,2,0,0,0,0,0,0,1,1,1,1,58,9,6696,2,4,-1,-1,-1
2017350239452,1,21,1,18,0,0,0,0,0,0,4,1,1,1,70,10,12130,2,18,3,3,3
2017350239491,1,9,0,18,0,2,0,0,1,0,1,1,5,1,18,4,1229,1,3,-1,-1,-1
2017350239556,1,9,0,18,0,4,0,0,0,0,3,1,2,1,34,6,1956,2,4,-1,-1,-1
2017350239556,2,1,0,18,0,4,0,0,0,0,2,1,2,1,26,6,-1,-1,-1,-1,-1,-1
2017350239639,1,1,0,7,0,3,0,0,0,0,1,1,2,1,31,6,-1,-1,-1,-1,-1,-1
2017350239639,2,9,0,5,0,4,0,0,0,0,3,1,6,2,50,8,1598,1,9,-1,-1,-1
2017350239946,1,9,0,5,0,4,0,0,0,0,1,1,2,2,24,5,1364,1,11,-1,-1,-1
2017350239946,2,1,0,9,0,8,0,0,0,0,1,1,2,1,43,7,-1,-1,-1,-1,-1,-1
2017350239979,1,9,0,7,0,4,0,0,0,0,0,1,1,1,62,9,-1,-1,-1,-1,-1,-1
2017350239979,2,1,0,18,0,3,0,7,0,0,3,1,2,2,30,6,-1,-1,-1,-1,-1,-1
2017350240018,1,9,0,3,0,3,0,0,0,0,2,1,6,1,34,6,1399,2,10,-1,-1,-1
2017350240018,2,9,0,3,0,3,0,0,1,9,1,1,6,1,58,9,2171,2,12,-1,-1,-1
2017350240046,1,9,0,9,0,4,0,0,0,0,1,1,5,1,50,8,-1,-1,-1,-1,-1,-1
2017350240046,2,1,0,9,0,8,0,0,0,0,4,1,6,2,-1,-1,-1,-1,-1,-1,-1,-1
2017350240075,1,9,0,5,0,4,0,0,0,0,3,1,2,1,26,6,1796,1,11,-1,-1,-1
2017350240075,2,1,0,9,0,8,0,0,0,0,1,1,2,1,28,6,-1,-1,-1,-1,-1,-1
2017350240117,1,1,0,18,4,8,0,0,0,0,4,1,6,1,-1,-1,-1,-1,-1,-1,-1,-1
2017350240117,2,1,0,18,4,8,0,0,0,0,4,1,6,2,25,5,-1,-1,-1,-1,-1,-1
2017350240117,3,11,0,7,0,8,0,0,0,0,1,1,1,2,55,8,12742,2,-1,-1,-1,-1
2017350240142,1,1,0,15,4,1,0,0,0,0,1,1,6,2,33,6,-1,-1,-1,6,1,6
2017350240142,2,9,0,9,0,8,0,0,0,0,4,1,6,2,-1,-1,2179,2,4,8,1,8
2017350240152,1,9,0,18,0,8,0,0,0,0,1,1,6,2,-1,-1,996,1,1,-1,-1,-1
2017350240179,1,9,0,18,0,1,0,0,0,0,3,1,6,2,63,9,998,1,4,-1,-1,-1
2017350240183,1,9,0,9,0,8,0,0,0,0,3,1,5,2,46,8,1497,8,3,-1,-1,-1
2017350240183,2,9,0,17,0,8,0,0,0,0,3,1,5,1,79,11,1560,2,2,-1,-1,-1
2017350240255,1,10,0,13,0,0,0,0,0,0,4,1,1,1,52,8,-1,-1,-1,-1,-1,-1
2017350240255,2,5,0,12,0,0,1,0,0,0,3,1,1,1,51,8,1202,1,-1,-1,-1,-1
2017350240273,1,9,0,5,0,0,0,0,0,0,4,1,2,1,31,6,998,1,5,-1,-1,-1
2017350240273,2,9,0,18,0,0,0,0,0,0,1,1,2,1,44,7,1984,1,12,-1,-1,-1
2017350240280,1,9,0,18,0,0,0,0,0,0,1,1,5,1,72,10,2204,2,11,-1,-1,-1
2017350240412,1,21,1,9,0,8,0,0,0,0,1,1,1,1,46,8,15607,2,4,-1,-1,-1
2017350240412,2,1,0,18,0,1,0,0,0,0,3,1,6,2,71,10,-1,-1,-1,-1,-1,-1
2017350240443,1,9,0,9,0,8,0,0,0,0,1,1,2,1,23,5,1390,1,13,7,3,7
2017350240443,2,9,0,18,0,8,0,0,0,0,1,1,3,2,37,7,1386,1,7,-1,-1,-1
2017350240450,1,9,0,18,0,0,0,0,0,0,3,1,6,1,44,7,1796,1,17,-1,-1,-1
2017350240450,2,1,0,18,0,0,0,0,0,0,4,1,6,1,6,2,-1,-1,-1,-1,-1,-1
2017350240460,1,9,0,5,0,0,0,0,0,0,3,1,6,1,-1,-1,-1,-1,-1,-1,-1,-1
2017350240460,2,1,0,18,0,0,0,0,0,0,1,1,3,2,11,3,-1,-1,-1,-1,-1,-1
2017350240467,1,9,0,17,0,0,1,0,1,9,3,1,5,1,35,6,1988,1,14,-1,-1,-1
2017350240467,2,9,0,16,0,0,1,0,0,0,3,1,5,1,27,6,1242,1,3,-1,-1,-1
2017350240478,1,3,0,16,0,0,1,0,7,10,3,1,6,1,18,4,124,1,-1,-1,-1,-1
2017350240634,1,21,0,18,0,0,1,0,0,0,1,1,1,1,40,7,9290,2,-1,5,1,5
2017350240660,1,9,0,18,0,0,0,0,0,0,1,1,6,1,20,4,1197,1,6,-1,-1,-1
2017350240660,2,9,0,3,0,0,0,0,0,0,2,1,6,2,55,8,1399,2,7,-1,-1,-1
2017350240706,1,9,0,18,0,0,1,0,6,0,1,1,5,1,43,7,1998,1,12,-1,-1,-1
2017350240706,2,9,0,18,0,0,0,0,0,0,1,1,5,1,38,7,1896,2,15,-1,-1,-1
2017350240709,1,3,0,18,0,0,0,0,0,0,1,1,5,1,-1,-1,124,1,4,-1,-1,-1
2017350240709,2,9,0,18,0,0,0,0,0,0,2,1,5,1,56,9,1798,1,10,-1,-1,-1
2017350240736,1,9,0,4,0,0,0,0,0,0,1,1,5,2,21,5,1390,1,13,5,3,5
2017350240736,2,9,0,4,0,0,0,0,0,0,2,1,5,2,33,6,1461,2,1,8,3,8