Accident_Index,Vehicle_Reference,Vehicle_Type,Towing_and_Articulation,Vehicle_Manoeuvre,Vehicle_Location-Restricted_Lane,Junction_Location,Skidding_and_Overturning,Hit_Object_in_Carriageway,Vehicle_Leaving_Carriageway,Hit_Object_off_Carriageway,1st_Point_of_Impact,Was_Vehicle_Left_Hand_Drive?,Journey_Purpose_of_Driver,Sex_of_Driver,Age_of_Driver,Age_Band_of_Driver,Engine_Capacity_(CC),Propulsion_Code,Age_of_Vehicle,Driver_IMD_Decile,Driver_Home_Area_Type,Vehicle_IMD_Decile
2017350240736,3,9,0,4,0,0,0,0,0,0,2,1,5,2,43,7,2993,2,3,9,1,9
2017350240753,1,9,0,18,0,1,0,0,0,0,1,1,2,2,19,4,998,1,5,-1,-1,-1
2017350240753,2,9,0,10,0,1,0,0,0,0,2,1,5,2,40,7,1461,2,11,-1,-1,-1
2017350240768,1,9,0,18,0,0,0,4,0,0,3,1,6,2,50,8,1364,2,11,10,1,10
2017350240768,2,19,0,18,0,0,5,0,1,0,3,1,6,1,69,10,1968,2,4,10,2,10
2017350240768,3,9,0,2,0,0,0,0,0,0,3,1,6,3,-1,-1,-1,-1,-1,-1,-1,-1
2017350240780,1,9,0,13,0,0,0,0,7,9,1,1,2,1,45,7,2993,2,14,-1,-1,-1
2017350240780,2,9,0,18,0,0,5,0,0,0,1,1,5,2,28,6,2993,2,12,-1,-1,-1
2017350240781,1,98,1,12,0,0,0,0,0,0,3,2,1,3,51,8,-1,-1,-1,-1,-1,-1
2017350240781,2,9,0,11,0,0,1,0,1,0,4,1,6,2,24,5,1686,2,13,4,1,4
2017350240824,1,9,0,5,0,0,0,0,0,0,1,1,6,1,69,10,1560,2,10,-1,-1,-1
2017350240824,2,9,0,18,0,0,0,0,1,0,3,1,5,3,38,7,1997,2,2,-1,-1,-1
2017350240827,1,9,0,18,0,0,0,0,0,0,1,1,2,1,63,9,2143,2,5,-1,-1,-1
2017350240827,2,10,0,4,0,0,0,0,0,0,2,1,5,1,27,6,2198,2,6,-1,-1,-1
2017350240835,1,21,1,4,0,0,0,0,0,0,1,1,1,1,49,8,12740,2,5,-1,-1,-1
2017350240835,2,19,0,4,0,0,0,0,0,0,1,1,1,1,49,8,2497,2,7,-1,-1,-1
2017350240835,3,21,1,4,0,0,0,0,0,0,2,1,1,1,29,6,12777,2,-1,-1,-1,-1
2017350240853,1,9,0,18,0,0,0,0,0,0,0,1,6,2,72,10,1968,2,7,-1,-1,-1
2017350240853,2,1,0,18,0,0,5,0,0,0,3,1,4,1,15,3,-1,-1,-1,-1,-1,-1
2017350240875,1,9,0,18,0,0,1,0,1,4,2,1,5,1,29,6,998,1,17,-1,-1,-1
2017350240875,2,19,0,18,0,0,0,0,0,0,1,1,1,1,57,9,1461,2,14,-1,-1,-1
2017350240890,1,9,0,9,0,8,0,0,0,0,4,1,5,2,20,4,1364,1,7,-1,-1,-1
2017350240890,2,9,0,18,0,8,0,0,0,0,1,1,5,2,31,6,1968,2,7,-1,-1,-1
2017350240937,1,9,0,18,0,3,0,0,0,0,1,1,6,1,24,5,1124,1,17,-1,-1,-1
2017350240937,2,9,0,18,0,1,0,0,0,0,1,1,6,1,37,7,1796,1,15,-1,-1,-1
2017350240964,1,9,0,18,0,0,0,0,0,0,4,1,5,1,78,11,1299,1,13,-1,-1,-1
2017350240968,1,19,0,9,0,8,0,0,0,0,1,1,1,1,28,6,2143,2,-1,-1,-1,-1
2017350240968,2,9,0,18,0,8,0,0,0,0,1,1,5,1,67,10,1395,1,-1,-1,-1,-1
2017350240972,1,17,4,9,0,0,0,0,0,0,3,1,1,1,21,5,6596,2,-1,-1,-1,-1
2017350240972,2,9,0,18,0,0,0,0,0,0,1,1,6,2,63,9,2494,1,13,-1,-1,-1
2017350241051,1,9,0,18,0,2,0,0,0,0,1,1,6,2,61,9,2231,2,9,-1,-1,-1
2017350241051,2,8,0,3,0,2,0,0,0,0,2,1,1,1,30,6,1968,2,7,-1,-1,-1
2017350241051,3,9,0,3,0,2,0,0,0,0,2,1,6,1,-1,-1,2204,2,12,-1,-1,-1
2017350241060,1,9,0,16,0,0,1,0,7,3,1,1,5,2,18,4,1198,1,12,-1,-1,-1
2017350241070,1,9,0,18,0,6,0,0,0,0,1,1,6,1,19,4,1599,1,10,9,1,9
2017350241070,2,9,0,18,0,8,0,0,0,0,1,1,6,2,17,4,998,1,11,5,2,5
2017350241104,1,9,0,18,0,7,0,0,0,0,0,1,6,2,28,6,1399,2,10,-1,-1,-1
2017350241104,2,9,0,18,0,7,0,0,0,0,1,1,6,1,26,6,-1,-1,-1,-1,-1,-1
2017350241104,3,9,0,18,0,7,0,0,0,0,1,1,6,1,36,7,2720,2,11,-1,-1,-1
2017350241104,4,9,0,18,0,7,0,0,0,0,1,1,6,1,46,8,1560,2,1,-1,-1,-1
2017350241206,1,9,0,9,0,6,0,0,0,0,4,1,2,2,54,8,1995,1,6,-1,-1,-1
2017350241206,2,3,0,18,0,1,2,0,1,0,3,1,2,1,17,4,125,1,-1,-1,-1,-1
2017350241234,1,9,0,18,0,1,0,0,0,0,1,1,6,1,47,8,2143,2,3,-1,-1,-1
2017350241272,1,9,0,18,0,0,0,0,0,0,1,1,6,2,25,5,1598,2,6,8,1,8
2017350241297,1,11,0,4,0,0,0,0,0,0,0,1,1,1,66,10,4461,2,3,-1,-1,-1
2017350241349,1,9,0,12,0,0,0,0,0,0,1,1,6,2,64,9,1997,2,8,-1,-1,-1
2017350241349,2,9,0,18,0,0,0,0,0,0,2,1,6,1,31,6,1360,1,14,-1,-1,-1
2017350241349,3,9,0,18,0,0,0,0,0,0,2,1,6,2,23,5,998,1,2,-1,-1,-1
2017350241386,1,19,0,18,0,0,0,0,0,0,1,1,6,1,24,5,1248,2,12,3,1,3
2017350241386,2,9,0,13,0,0,0,0,0,0,1,1,6,1,34,6,-1,-1,-1,5,2,5
2017350241459,1,19,0,13,0,0,0,0,0,0,4,1,6,1,35,6,1968,2,1,-1,-1,-1
2017350241459,2,9,0,9,0,0,0,0,0,0,3,1,6,1,25,5,1149,1,14,-1,-1,-1
2017350241516,1,9,0,16,0,0,0,0,7,4,1,1,2,1,53,8,1242,1,6,-1,-1,-1
2017350241539,1,9,0,4,0,0,0,0,0,0,1,1,2,1,-1,-1,1995,2,6,-1,-1,-1
2017350241539,2,9,0,3,0,0,0,0,0,0,2,1,2,1,41,7,1895,1,20,-1,-1,-1
2017350241541,1,9,0,18,0,0,0,0,0,0,1,1,2,1,35,6,2204,2,7,-1,-1,-1
2017350241541,2,19,0,3,0,0,0,0,0,0,2,1,1,1,49,8,1598,2,-1,-1,-1,-1
2017350241555,1,9,3,18,0,7,4,0,1,9,1,1,2,2,35,6,1995,2,14,7,1,7
2017350241558,1,9,0,4,0,0,0,0,0,0,1,1,2,2,60,9,1198,1,13,-1,-1,-1
2017350241558,2,9,0,3,0,0,0,0,0,0,2,1,5,1,73,10,1461,2,-1,-1,-1,-1
2017350241558,3,98,0,4,0,0,0,0,0,0,4,1,2,1,28,6,-1,-1,-1,-1,-1,-1
2017350241595,1,1,0,15,0,8,0,0,0,0,1,1,5,1,21,5,-1,-1,-1,-1,1,-1
2017350241595,2,9,0,10,0,8,0,0,0,0,1,1,2,1,28,6,1198,1,10,9,1,9
2017350241602,1,9,0,18,0,0,0,0,0,0,1,1,5,1,45,7,1968,2,6,-1,-1,-1
2017350241659,1,3,0,18,0,0,0,10,1,7,1,1,5,1,61,9,124,1,9,-1,-1,-1
2017350241680,1,9,0,18,0,0,0,0,0,0,3,1,5,2,-1,-1,1896,2,19,-1,-1,-1
2017350241680,2,9,0,18,0,0,0,0,0,0,3,1,5,2,27,6,1686,2,13,-1,-1,-1
2017350241707,1,1,0,7,0,8,0,0,0,0,3,1,2,2,43,7,-1,-1,-1,-1,-1,-1
2017350241707,2,9,0,7,0,8,0,0,0,0,4,1,6,3,-1,-1,-1,-1,-1,-1,-1,-1
2017350241710,1,8,0,7,0,4,1,0,0,0,3,1,1,1,45,7,1968,2,7,-1,-1,-1
2017350241710,2,8,0,9,0,8,0,0,0,0,4,1,1,1,43,7,1968,2,3,-1,-1,-1
2017350241731,1,9,0,18,0,4,0,0,0,0,1,1,2,2,38,7,1582,2,4,-1,-1,-1
2017350241731,2,1,0,9,0,8,0,0,0,0,1,1,6,2,51,8,-1,-1,-1,-1,-1,-1
2017350242038,1,9,0,4,0,0,0,0,0,0,1,1,6,2,35,6,1995,2,2,-1,-1,-1
2017350242038,2,9,0,4,0,0,0,0,0,0,2,1,6,2,23,5,1560,2,9,-1,-1,-1
2017350242103,1,9,0,13,0,0,0,0,0,0,0,1,6,3,-1,-1,-1,-1,-1,-1,-1,-1
2017350242103,2,1,0,18,0,0,0,0,0,0,1,1,5,1,-1,-1,-1,-1,-1,-1,-1,-1
2017350242183,1,9,0,18,0,0,0,0,2,7,4,1,1,1,68,10,-1,-1,-1,-1,-1,-1
2017350242183,2,9,0,18,0,0,0,0,1,0,4,1,5,1,38,7,2967,2,2,-1,-1,-1
2017350242299,1,9,0,4,0,2,0,0,0,0,2,1,2,1,30,6,1461,2,2,-1,-1,-1
2017350242299,2,3,0,18,0,2,0,0,0,0,1,1,2,1,20,4,124,1,5,-1,-1,-1
2017350242405,1,9,0,18,0,0,0,0,8,0,1,1,5,2,19,4,1229,1,-1,6,2,6
2017350242413,1,3,0,18,0,0,2,0,0,0,0,1,6,1,38,7,125,1,2,9,2,9
2017350242457,1,9,0,5,5,0,1,0,1,0,1,1,6,2,27,6,-1,-1,-1,-1,-1,-1
2017350242457,2,1,0,18,5,0,1,0,0,0,4,1,6,1,23,5,-1,-1,-1,-1,-1,-1
2017350242466,1,9,0,5,0,8,0,0,0,0,1,1,5,1,22,5,1398,2,13,6,2,6
2017350242466,2,9,0,18,0,1,0,0,0,0,1,1,5,2,57,9,1398,2,13,7,3,7
2017350242479,1,9,0,18,4,1,0,0,0,0,1,1,6,3,-1,-1,-1,-1,-1,-1,-1,-1
2017350242479,2,1,0,18,4,1,5,0,0,0,2,1,6,1,18,4,-1,-1,-1,-1,-1,-1
2017350242505,1,9,0,9,0,6,0,0,0,0,1,1,5,2,41,7,1598,1,8,-1,-1,-1
2017350242505,2,1,0,18,0,8,0,0,0,0,1,1,6,1,17,4,-1,-1,-1,-1,-1,-1
2017350242530,1,9,0,9,0,0,0,0,0,0,0,1,6,1,58,9,1362,1,5,9,1,9
2017350242530,2,9,0,18,0,0,0,0,0,0,1,1,6,1,23,5,1360,1,16,3,3,3
2017350242530,3,9,0,4,0,0,0,0,0,0,2,1,6,1,58,9,2987,2,5,10,1,10
2017350242723,1,9,0,4,0,1,1,0,1,1,1,1,5,2,80,11,2500,1,20,8,2,8
2017350242805,1,1,0,18,0,0,0,0,0,0,1,1,1,1,27,6,-1,-1,-1,-1,-1,-1
2017350242805,2,21,0,18,0,0,0,0,0,0,4,1,1,1,55,8,6693,2,4,-1,-1,-1
2017350242912,1,21,1,18,0,1,0,0,0,0,1,1,1,1,35,6,10518,2,4,7,1,7
2017350242912,2,21,1,18,0,1,0,0,0,0,1,1,1,1,62,9,12777,2,4,2,1,2
2017350243089,1,9,0,18,0,0,0,0,0,0,1,1,5,1,32,6,1997,2,14,-1,-1,-1
2017350243089,2,9,0,2,0,0,0,4,0,0,1,1,5,2,27,6,1598,2,6,-1,-1,-1
2017350243301,1,9,0,9,0,8,0,0,0,0,4,1,1,1,25,5,998,1,7,-1,-1,-1
2017350243301,2,3,0,18,0,1,0,0,0,0,1,1,6,1,52,8,123,1,3,-1,-1,-1
2017350243330,1,21,1,12,0,0,0,0,0,0,0,1,1,1,54,8,12902,2,4,-1,-1,-1
2017350243330,2,9,0,18,0,0,1,0,1,7,3,1,5,1,23,5,1360,1,12,-1,-1,-1
2017350243771,1,9,0,1,0,0,0,0,0,0,2,1,5,1,71,10,999,1,5,7,3,7
2017350243844,1,9,0,18,0,2,0,0,0,0,2,1,1,2,55,8,1388,1,5,-1,-1,-1
2017350243844,2,5,0,18,0,2,1,0,0,0,1,1,1,2,46,8,782,1,11,-1,-1,-1
2017350243862,1,9,0,4,0,0,1,0,0,0,1,1,2,2,50,8,1299,1,17,-1,-1,-1
2017350243862,2,19,0,4,0,0,0,0,0,0,2,1,1,1,47,8,2143,2,4,-1,-1,-1
2017350243865,1,9,0,16,0,0,0,0,0,0,1,1,5,1,35,6,3222,2,13,-1,-1,-1
2017350243866,1,9,0,17,0,0,5,0,2,4,3,1,5,1,24,5,1910,2,8,-1,-1,-1
2017350244136,1,9,0,18,0,4,0,0,0,0,1,1,6,1,35,6,1499,1,11,-1,-1,-1
2017350244136,2,1,0,18,0,8,0,0,0,0,1,1,2,1,29,6,-1,-1,-1,-1,-1,-1
2017350244191,1,9,0,4,0,0,0,0,0,0,1,1,5,2,24,5,1199,1,15,-1,-1,-1
2017350244191,2,9,0,4,0,0,0,0,0,0,2,1,5,2,45,7,1995,2,1,-1,-1,-1
2017350244191,3,9,3,4,0,0,0,0,0,0,0,1,6,1,58,9,1997,2,4,-1,-1,-1
2017350244226,1,9,0,18,2,0,1,0,0,0,1,1,6,2,-1,-1,-1,-1,-1,-1,-1,-1
2017350244252,1,9,0,9,0,5,0,0,0,0,4,2,2,2,30,6,1800,1,2,-1,-1,-1
2017350244252,2,1,0,15,0,1,0,0,0,0,3,1,5,2,17,4,-1,-1,-1,-1,-1,-1
2017350244258,1,3,0,7,0,6,1,0,0,0,4,1,5,1,19,4,124,1,6,-1,-1,-1
2017350244304,1,9,0,1,0,1,0,0,0,0,2,1,6,3,-1,-1,-1,-1,-1,-1,-1,-1
2017350244318,1,9,0,3,0,0,0,0,0,0,4,1,5,2,23,5,1200,1,1,-1,-1,-1
2017350244318,2,1,0,15,4,0,0,0,0,0,1,1,5,1,-1,-1,-1,-1,-1,-1,-1,-1
2017350244419,1,9,0,18,0,0,0,0,2,4,1,1,5,2,20,4,1998,1,18,-1,-1,-1
2017350244448,1,9,0,13,0,0,1,0,7,9,1,1,5,1,53,8,1560,2,7,-1,-1,-1
2017350244448,2,9,0,18,0,0,0,0,0,0,0,1,2,3,-1,-1,-1,-1,-1,-1,-1,-1
2017350244448,3,9,0,18,0,0,1,0,0,0,1,1,6,2,21,5,1999,1,10,-1,-1,-1
2017350244510,1,19,0,18,0,0,1,0,0,0,1,1,1,1,22,5,1968,2,-1,-1,-1,-1
2017350244510,2,9,0,18,0,0,1,0,0,0,0,1,1,2,-1,-1,1596,1,16,-1,-1,-1
2017350244510,3,9,0,18,0,0,1,0,1,0,4,1,1,1,-1,-1,1390,1,13,-1,-1,-1
2017350244549,1,9,0,18,0,0,0,0,0,0,1,1,6,3,-1,-1,-1,-1,-1,-1,-1,-1
2017350244608,1,9,0,9,0,7,0,0,0,0,4,1,6,2,45,7,1798,1,11,-1,-1,-1
2017350244608,2,3,0,18,0,8,0,0,0,0,1,1,6,1,22,5,124,1,2,-1,-1,-1
2017350244678,1,9,0,9,0,8,0,0,0,0,1,1,2,2,52,8,1984,1,13,-1,-1,-1
2017350244678,2,1,0,18,0,1,0,0,0,0,1,1,2,2,44,7,-1,-1,-1,8,1,8
2017350244704,1,9,0,5,0,0,0,0,0,0,3,1,6,1,48,8,1560,2,7,-1,-1,-1
2017350244754,1,9,0,9,0,8,0,0,0,0,1,1,6,2,55,8,1596,1,11,8,1,8
2017350244754,2,1,0,18,4,8,5,0,0,0,4,1,6,1,64,9,-1,-1,-1,-1,-1,-1
2017350244820,1,9,0,9,0,8,0,0,0,0,1,1,6,3,-1,-1,-1,-1,-1,-1,-1,-1
2017350244820,2,1,0,18,0,8,5,0,0,0,3,1,5,1,65,9,-1,-1,-1,-1,-1,-1
2017350244847,1,9,0,7,0,8,1,0,3,9,1,1,5,1,51,8,1588,1,12,7,3,7
2017350245035,1,9,0,17,0,0,2,0,1,9,1,1,5,2,23,5,1198,1,5,-1,-1,-1
2017350245064,1,3,0,14,0,0,1,0,7,0,4,1,2,1,21,5,124,1,16,-1,-1,-1
2017350245079,1,11,0,9,0,8,0,0,0,0,1,1,1,1,34,6,6700,2,7,5,1,5
2017350245079,2,1,0,18,0,3,2,0,1,0,2,1,2,1,26,6,-1,-1,-1,-1,-1,-1
2017350245094,1,9,0,9,0,3,0,0,0,0,1,1,6,1,-1,-1,1364,1,11,-1,-1,-1
2017350245094,2,9,0,18,0,3,0,0,0,0,4,1,5,2,20,4,1560,2,4,-1,-1,-1
2017350245135,1,9,0,7,0,8,0,0,1,0,4,1,1,2,30,6,998,1,1,-1,-1,-1
2017350245135,2,1,0,18,0,8,0,0,0,0,1,1,2,2,-1,-1,-1,-1,-1,-1,-1,-1
2017350245141,1,4,0,16,0,0,2,0,7,9,3,1,5,1,21,5,398,1,25,-1,-1,-1
2017350245189,1,9,0,18,0,0,1,0,0,0,4,1,1,1,38,7,1839,1,14,7,3,7
2017350245189,2,9,0,18,0,0,0,0,0,0,1,1,6,1,49,8,-1,-1,-1,10,2,10
2017350245275,1,9,0,7,0,3,0,0,0,0,1,1,5,1,82,11,999,1,1,10,2,10
2017350245275,2,9,0,7,0,3,0,0,0,0,4,1,5,2,25,5,1242,1,3,6,2,6
2017350245285,1,9,0,16,0,0,1,0,7,0,3,1,6,1,37,7,1995,2,4,-1,-1,-1
2017350245285,2,9,0,17,0,0,1,0,0,0,3,1,2,1,54,8,-1,-1,-1,3,3,3
2017350245292,1,9,0,18,0,0,0,0,0,0,1,1,6,3,-1,-1,1596,1,12,-1,-1,-1
2017350245292,2,1,0,18,0,0,0,0,0,0,2,1,5,2,20,4,-1,-1,-1,-1,-1,-1
2017350245374,1,11,0,18,0,0,0,0,0,0,1,1,1,3,-1,-1,-1,-1,-1,-1,-1,-1
2017350245393,1,9,0,5,0,1,0,0,0,0,1,1,6,3,-1,-1,-1,-1,-1,-1,-1,-1
2017350245393,2,1,0,5,0,1,0,0,0,0,2,1,2,1,25,5,-1,-1,-1,-1,-1,-1
2017350245560,1,3,0,7,0,5,1,10,7,0,1,1,5,2,31,6,125,1,-1,-1,-1,-1
2017350245567,1,9,0,18,0,0,2,12,1,9,1,1,5,1,65,9,1686,2,15,-1,-1,-1
2017350245575,1,9,0,18,4,0,0,0,0,0,1,1,6,3,-1,-1,-1,-1,-1,-1,-1,-1
2017350245575,2,1,0,18,4,0,0,0,0,0,2,1,5,2,28,6,-1,-1,-1,9,1,9
2017350245596,1,9,0,5,0,4,0,0,0,0,1,1,6,1,49,8,1997,2,-1,-1,-1,-1
2017350245596,2,1,0,18,0,8,5,0,0,0,4,1,1,2,38,7,-1,-1,-1,-1,-1,-1
2017350245602,1,9,0,5,0,8,0,0,0,0,2,1,6,1,76,11,1598,1,1,-1,-1,-1
2017350245602,2,9,0,5,0,8,0,0,0,0,1,1,6,1,31,6,2967,2,10,-1,-1,-1
2017350245611,1,9,0,7,0,1,0,0,0,0,1,1,6,1,-1,-1,796,1,11,-1,-1,-1
2017350245611,2,9,0,18,0,1,0,0,0,0,4,1,5,1,35,6,1968,2,11,-1,-1,-1
2017350245677,1,3,0,4,0,0,2,0,0,0,1,1,1,1,21,5,124,1,2,-1,-1,-1
2017350245677,2,9,0,4,0,0,0,0,0,0,2,1,6,2,31,6,1997,2,3,-1,-1,-1
2017350245724,1,9,0,1,0,0,0,0,0,0,2,1,6,3,-1,-1,2959,2,11,-1,-1,-1
2017350245724,2,9,0,3,0,0,0,0,0,0,1,1,1,1,49,8,2993,2,1,-1,-1,-1
2017350245727,1,1,0,18,0,8,0,0,0,0,1,1,1,1,26,6,-1,-1,-1,-1,-1,-1
2017350245727,2,9,0,18,0,8,0,0,0,0,3,1,1,1,36,7,1896,2,7,-1,-1,-1
2017350245766,1,9,0,7,0,8,0,0,0,0,3,1,6,1,37,7,1598,2,3,5,3,5
2017350245766,2,3,0,18,0,8,0,0,0,0,4,1,6,1,18,4,125,1,-1,7,2,7
2017350245944,1,9,0,16,0,0,0,0,1,0,1,1,5,1,78,11,2148,2,13,7,1,7
2017350245944,2,19,0,17,0,0,0,0,1,0,1,1,5,1,52,8,2198,2,4,6,2,6
2017350245944,3,9,0,17,0,0,0,0,0,0,3,1,5,2,40,7,1598,2,5,10,2,10
2017350246038,1,21,1,18,0,1,0,0,0,0,1,1,6,1,-1,-1,12902,2,2,-1,-1,-1
2017350246038,2,9,0,18,0,1,0,0,0,0,2,1,2,2,65,9,1497,8,9,-1,-1,-1
2017350246063,1,9,-1,18,0,8,0,0,0,0,1,1,6,2,57,9,1399,2,8,6,2,6
2017350246063,2,9,0,4,0,8,0,0,0,0,2,1,6,1,-1,-1,-1,-1,-1,-1,-1,-1
2017350246063,3,9,0,7,0,8,0,0,0,0,0,1,6,1,-1,-1,-1,-1,-1,-1,-1,-1
2017350246088,1,5,0,13,0,0,0,0,0,0,1,1,6,1,44,7,1261,1,14,-1,-1,-1
2017350246088,2,9,0,18,0,0,0,0,1,0,3,1,6,1,59,9,1995,2,-1,-1,-1,-1
2017350246088,3,9,0,18,0,0,0,0,0,0,0,1,6,2,34,6,4511,1,12,-1,-1,-1
2017350246088,4,90,0,2,6,0,0,0,0,0,0,1,5,1,30,6,-1,-1,-1,-1,-1,-1
2017350246091,1,9,0,18,0,0,0,0,0,0,4,1,6,1,61,9,1598,1,11,-1,-1,-1
2017350246111,1,9,0,1,0,0,0,0,0,0,2,1,6,1,44,7,1797,8,2,-1,-1,-1
2017350246111,2,2,0,18,0,0,0,0,0,0,3,1,6,2,16,4,49,1,2,-1,-1,-1
2017350246145,1,9,0,16,0,8,1,0,0,0,2,1,2,1,18,4,1400,1,11,-1,-1,-1
2017350246145,2,9,0,18,0,8,0,0,0,0,3,1,1,1,39,7,2393,2,-1,5,1,5
2017350246145,3,9,0,16,0,8,1,0,0,0,4,1,2,2,24,5,1596,1,7,-1,-1,-1
2017350246145,4,9,0,18,0,8,0,0,0,0,3,1,2,2,43,7,1896,2,16,-1,-1,-1
2017350246371,1,9,0,7,0,0,0,0,0,0,4,1,6,1,-1,-1,2800,1,18,-1,-1,-1
2017350246371,2,9,0,18,0,0,0,0,0,0,1,1,5,2,24,5,1900,2,11,-1,-1,-1
2017350246461,1,9,0,17,0,8,0,0,0,0,1,1,5,1,36,7,1386,1,8,-1,-1,-1
2017350246485,1,9,0,17,0,0,1,0,1,0,1,1,6,1,28,6,-1,-1,-1,-1,-1,-1
2017350246508,1,9,0,7,0,6,0,0,0,0,1,1,6,2,-1,-1,2199,2,7,-1,-1,-1
2017350246508,2,1,0,18,0,8,0,0,0,0,1,1,6,2,24,5,-1,-1,-1,9,1,9
2017350246525,1,9,0,17,0,0,0,6,0,0,1,1,5,1,19,4,1527,2,17,6,2,6
2017350246534,1,9,0,18,0,1,1,0,0,0,1,1,6,1,19,4,1596,1,11,-1,-1,-1
2017350246534,2,9,0,4,0,1,0,0,0,0,2,1,6,1,48,8,1999,1,10,-1,-1,-1
2017350246534,3,9,0,4,0,1,0,0,0,0,2,1,6,2,56,9,1796,1,10,-1,-1,-1
2017350246565,1,1,0,15,0,2,0,0,0,0,1,1,2,2,30,6,-1,-1,-1,-1,-1,-1
2017350246565,2,9,0,9,0,2,0,0,0,0,1,1,2,1,-1,-1,1968,2,7,-1,-1,-1
2017350246588,1,11,0,18,0,0,0,0,0,0,3,1,1,1,-1,-1,9000,2,3,-1,-1,-1
2017350246588,2,9,0,18,0,0,0,0,0,0,4,1,2,2,53,8,998,1,1,-1,-1,-1
2017350246665,1,19,0,4,9,0,0,0,0,0,3,1,6,1,26,6,1995,2,5,3,1,3
2017350246665,2,9,0,4,9,0,0,0,0,0,4,1,1,1,34,6,2993,2,1,6,1,6
2017350246665,3,9,0,4,9,0,0,0,0,0,3,1,1,1,36,7,2993,2,1,6,1,6
2017350246665,4,9,0,4,0,0,0,0,0,0,0,1,1,1,43,7,2993,2,1,6,1,6
2017350246668,1,9,0,8,0,1,0,0,0,0,1,1,1,1,67,10,1994,2,10,6,3,6
2017350246668,2,9,0,18,0,1,2,0,1,0,4,1,1,1,53,8,1061,1,12,-1,-1,-1
2017350246681,1,9,0,18,0,0,1,0,1,6,1,1,5,1,80,11,1798,1,10,-1,-1,-1
2017350246681,2,9,0,18,0,0,0,0,1,0,3,1,5,2,32,6,998,1,3,9,1,9
2017350246723,1,9,0,13,0,0,0,0,0,0,4,1,6,1,-1,-1,-1,-1,-1,10,2,10
2017350246723,2,9,0,12,0,0,0,0,0,0,0,1,1,1,41,7,-1,-1,-1,-1,-1,-1
2017350246800,1,19,0,18,0,0,1,0,0,0,1,1,1,1,50,8,2143,2,1,10,2,10
2017350246800,2,19,0,4,0,0,0,0,0,0,2,1,1,1,26,6,1968,2,5,6,2,6
2017350246803,1,9,0,18,0,2,0,0,0,0,1,1,1,2,21,5,-1,-1,-1,-1,-1,-1
2017350246803,2,9,0,18,0,1,0,0,0,0,1,1,5,2,37,7,2184,2,14,-1,-1,-1
2017350246876,1,9,0,18,0,0,1,0,1,0,1,1,5,1,18,4,1596,1,8,9,3,9
2017350246890,1,9,0,9,0,2,0,0,0,0,1,1,5,2,29,6,1200,1,1,6,1,6
2017350246892,1,21,1,18,0,0,0,0,0,0,2,1,2,1,43,7,12777,2,4,10,3,10
2017350246892,2,9,0,18,0,0,0,0,0,0,1,1,2,2,37,7,1582,2,2,10,2,10
2017350246900,1,9,0,18,0,0,0,0,0,0,1,1,5,1,22,5,1986,2,11,-1,-1,-1
2017350246900,2,9,0,18,0,0,0,0,0,0,4,1,5,2,61,9,1998,1,1,-1,-1,-1
2017350246987,1,9,0,18,0,1,2,0,1,0,1,1,6,1,22,5,1086,1,9,-1,-1,-1
2017350246990,1,9,0,18,0,0,0,4,1,0,1,1,6,2,62,9,1332,1,9,-1,-1,-1
2017350246990,2,9,0,2,0,0,0,0,1,0,2,1,6,1,54,8,1968,2,8,9,3,9
2017350247000,1,19,0,4,0,0,1,0,0,0,1,1,6,1,21,5,1868,2,14,-1,-1,-1
2017350247000,2,9,0,4,0,0,0,0,0,0,2,1,6,1,50,8,1968,2,2,-1,-1,-1
2017350247000,3,9,0,4,0,0,0,0,0,0,2,1,6,1,52,8,-1,-1,-1,-1,-1,-1
2017350247000,4,9,0,4,0,0,0,0,0,0,2,1,6,1,24,5,1560,2,4,-1,-1,-1
2017350247088,1,1,0,18,0,4,0,0,0,0,0,1,2,1,37,7,-1,-1,-1,-1,-1,-1
2017350247088,2,9,0,18,0,4,0,0,0,0,0,1,6,1,-1,-1,1593,1,27,3,1,3
2017350247135,1,9,0,18,0,8,0,0,0,0,1,1,5,1,45,7,-1,-1,-1,-1,-1,-1
2017350247135,2,1,0,18,0,8,0,0,0,0,3,1,5,2,25,5,-1,-1,-1,-1,-1,-1
2017350247137,1,8,0,11,0,0,0,0,0,0,2,1,1,1,53,8,-1,-1,-1,-1,-1,-1
2017350247137,2,5,0,18,0,0,5,0,1,0,1,1,2,1,48,8,998,1,9,-1,-1,-1
2017350247152,1,9,0,9,0,8,0,0,3,0,3,1,6,2,55,8,1229,1,1,-1,-1,-1
2017350247152,2,19,0,18,0,8,0,0,0,0,1,1,6,1,45,7,2499,2,1,6,3,6
2017350247162,1,9,0,18,0,0,1,0,0,0,2,1,1,1,28,6,1596,1,13,-1,-1,-1
2017350247162,2,9,0,18,0,0,0,0,0,0,1,1,1,1,22,5,1229,1,3,-1,-1,-1
2017350247162,3,9,0,18,0,0,0,0,0,0,1,1,6,3,-1,-1,-1,-1,-1,-1,-1,-1
2017350247174,1,1,0,10,0,1,0,0,0,0,4,1,5,1,30,6,-1,-1,-1,-1,-1,-1
2017350247174,2,9,0,15,0,1,0,0,0,0,3,1,5,1,-1,-1,1796,1,10,-1,-1,-1
2017350247234,1,9,0,3,0,8,0,10,1,0,2,1,6,2,34,6,1395,1,1,-1,-1,-1