Accident_Index,Vehicle_Reference,Vehicle_Type,Towing_and_Articulation,Vehicle_Manoeuvre,Vehicle_Location-Restricted_Lane,Junction_Location,Skidding_and_Overturning,Hit_Object_in_Carriageway,Vehicle_Leaving_Carriageway,Hit_Object_off_Carriageway,1st_Point_of_Impact,Was_Vehicle_Left_Hand_Drive?,Journey_Purpose_of_Driver,Sex_of_Driver,Age_of_Driver,Age_Band_of_Driver,Engine_Capacity_(CC),Propulsion_Code,Age_of_Vehicle,Driver_IMD_Decile,Driver_Home_Area_Type,Vehicle_IMD_Decile
2017350254320,1,9,0,18,0,0,1,0,5,6,1,1,6,1,19,4,1360,1,15,-1,-1,-1
2017350254334,1,9,0,18,0,0,0,0,0,0,1,1,2,1,27,6,1896,2,20,-1,-1,-1
2017350254344,1,9,0,8,0,7,0,0,0,0,1,1,5,1,45,7,1998,2,10,-1,-1,-1
2017350254344,2,9,0,8,0,7,0,0,0,0,2,1,5,2,35,6,1598,2,-1,-1,-1,-1
2017350254348,1,9,0,16,0,0,0,0,0,0,1,1,5,1,28,6,1368,1,-1,-1,-1,-1
2017350254348,2,9,0,18,0,0,0,0,1,4,2,1,1,1,38,7,1968,2,10,-1,-1,-1
2017350254359,1,9,0,15,0,0,0,0,0,0,1,1,6,1,44,7,-1,-1,-1,-1,-1,-1
2017350254359,2,1,0,18,0,0,0,0,0,0,3,1,6,1,29,6,-1,-1,-1,-1,-1,-1
2017350254377,1,9,0,18,0,0,0,0,0,0,1,1,6,3,-1,-1,-1,-1,-1,-1,-1,-1
2017350254377,2,23,0,18,0,0,0,0,1,0,4,1,2,1,22,5,-1,-1,-1,-1,-1,-1
2017350254398,1,-1,0,9,0,6,0,0,0,0,3,1,6,1,-1,-1,-1,-1,-1,-1,-1,-1
2017350254398,2,1,0,18,0,8,0,0,0,0,1,1,1,2,45,7,-1,-1,-1,-1,-1,-1
2017350254420,1,9,0,18,0,0,1,0,7,9,0,1,5,1,18,4,2000,1,17,-1,-1,-1
2017350254557,1,9,0,4,0,3,0,0,0,0,1,1,5,1,27,6,1598,2,1,-1,-1,-1
2017350254557,2,9,0,4,0,4,0,0,0,0,1,1,1,1,40,7,1598,2,6,-1,-1,-1
2017350254601,1,9,0,9,0,6,0,0,0,0,1,1,5,1,37,7,2204,2,10,-1,-1,-1
2017350254636,1,9,0,9,0,1,0,0,0,0,4,1,6,1,53,8,1499,1,-1,-1,-1,-1
2017350254636,2,9,0,4,0,1,0,0,0,0,1,1,6,1,37,7,1560,2,1,-1,-1,-1
2017350254636,3,9,0,18,0,1,0,0,0,0,4,1,6,1,59,9,1596,1,5,10,2,10
2017350254669,1,9,0,16,0,1,5,0,1,9,1,1,6,1,40,7,1956,2,3,-1,-1,-1
2017350254714,1,1,0,12,0,3,0,0,0,0,3,1,4,1,19,4,-1,-1,-1,-1,-1,-1
2017350254714,2,9,0,15,0,3,0,0,0,0,4,1,5,1,36,7,-1,-1,-1,3,1,3
2017350254921,1,9,0,18,0,0,1,0,1,9,1,1,6,1,24,5,1598,1,7,-1,-1,-1
2017350254937,1,9,0,4,0,1,0,0,0,0,1,1,5,2,22,5,1198,1,11,-1,-1,-1
2017350254937,2,9,0,3,0,1,0,0,0,0,2,1,1,1,29,6,-1,-1,-1,-1,-1,-1
2017350255023,1,9,0,18,0,0,0,0,0,0,1,1,2,1,28,6,1988,2,12,5,1,5
2017350255023,2,1,0,18,0,0,0,0,0,0,3,1,2,1,22,5,-1,-1,-1,-1,-1,-1
2017350255071,1,9,0,18,0,0,0,0,0,0,1,1,6,1,22,5,1390,1,14,-1,-1,-1
2017350255071,2,9,0,18,0,0,0,0,0,0,2,1,6,1,56,9,1798,8,4,-1,-1,-1
2017350255071,3,9,0,18,0,0,0,0,0,0,2,1,6,1,48,8,2148,2,8,-1,-1,-1
2017350255081,1,9,0,10,0,1,0,0,0,0,1,1,5,1,90,11,2400,2,-1,-1,-1,-1
2017350255081,2,9,0,18,0,2,0,0,0,0,1,1,5,1,42,7,2993,2,2,-1,-1,-1
2017350255081,3,-1,-1,-1,-1,-1,-1,-1,-1,0,-1,1,6,3,-1,-1,-1,-1,-1,-1,-1,-1
2017350255152,1,9,0,17,0,0,2,0,7,0,4,1,6,2,79,11,2494,2,10,9,3,9
2017350255197,1,9,0,18,0,4,5,9,1,0,1,1,6,1,40,7,2993,2,2,-1,-1,-1
2017350255200,1,9,0,18,0,0,0,0,7,0,3,1,6,1,36,7,1968,2,8,-1,-1,-1
2017350255200,2,9,0,18,0,0,0,0,1,0,3,1,5,2,73,10,1390,1,6,-1,-1,-1
2017350255218,1,9,0,9,0,6,0,0,0,0,0,1,6,3,-1,-1,-1,-1,-1,-1,-1,-1
2017350255218,2,23,0,18,0,8,5,0,0,0,0,1,5,2,16,4,-1,-1,-1,-1,-1,-1
2017350255221,1,9,0,18,0,0,1,0,0,0,1,1,5,1,39,7,998,1,4,-1,-1,-1
2017350255221,2,9,0,8,0,0,0,0,0,0,2,1,5,1,52,8,1999,2,1,-1,-1,-1
2017350255230,1,9,0,17,0,0,0,0,0,0,3,1,6,1,-1,-1,1229,1,10,-1,-1,-1
2017350255230,2,9,0,16,0,0,0,0,0,0,1,1,6,2,60,9,1422,2,2,-1,-1,-1
2017350255254,1,3,0,5,0,1,0,0,0,0,0,1,2,1,22,5,125,1,1,-1,-1,-1
2017350255288,1,9,0,4,0,2,2,0,7,9,1,1,5,2,20,4,1364,2,11,-1,-1,-1
2017350255315,1,9,0,18,0,2,0,0,0,0,1,1,6,1,51,8,2993,2,1,-1,-1,-1
2017350255315,2,9,0,18,0,2,0,0,0,0,3,1,6,2,28,6,1968,2,1,-1,-1,-1
2017350255360,1,9,0,5,0,6,0,0,0,0,3,1,5,1,59,9,1560,2,1,-1,-1,-1
2017350255360,2,9,0,18,0,1,0,0,0,0,1,1,2,2,21,5,998,1,2,-1,-1,-1
2017350255391,1,9,0,17,0,0,2,0,5,0,1,1,2,2,60,9,1149,1,8,-1,-1,-1
2017350255397,1,1,0,18,0,0,0,0,0,0,1,1,6,2,32,6,-1,-1,-1,-1,-1,-1
2017350255402,1,9,0,18,0,0,1,0,1,9,1,1,5,2,24,5,1248,1,6,-1,-1,-1
2017350255402,2,9,0,18,0,0,0,0,1,4,1,1,5,2,36,7,1995,2,-1,-1,-1,-1
2017350255469,1,9,0,1,5,0,0,0,0,0,2,1,5,1,26,6,1600,2,7,-1,-1,-1
2017350255478,1,9,0,18,0,2,1,0,0,0,1,1,6,1,34,6,1587,1,16,-1,-1,-1
2017350255478,2,9,0,18,0,2,0,0,0,0,2,1,6,2,32,6,1968,2,1,-1,-1,-1
2017350255543,1,9,0,4,0,0,0,7,0,0,2,1,5,1,27,6,1197,1,-1,-1,-1,-1
2017350255543,2,9,0,4,0,0,0,0,0,0,1,1,5,1,31,6,1998,1,10,-1,-1,-1
2017350255595,1,9,0,16,0,0,1,0,1,0,1,1,6,1,19,4,1896,2,18,-1,-1,-1
2017350255595,2,21,1,4,0,0,0,0,0,0,1,1,6,1,38,7,12900,2,10,-1,-1,-1
2017350255595,3,19,4,16,0,0,0,0,0,0,2,1,6,1,37,7,2198,2,1,-1,-1,-1
2017350255717,1,19,0,18,0,1,0,0,0,0,1,1,1,1,33,6,2198,2,2,-1,-1,-1
2017350255717,2,9,0,12,0,7,0,0,0,0,3,1,1,1,35,6,1995,2,13,-1,-1,-1
2017350255730,1,1,0,18,0,1,0,0,0,0,0,1,2,2,26,6,-1,-1,-1,-1,-1,-1
2017350255730,2,9,0,9,0,1,0,0,0,0,1,1,6,1,80,11,2401,2,11,-1,-1,-1
2017350255751,1,9,0,17,0,0,2,0,1,0,1,1,5,1,30,6,1229,1,4,-1,-1,-1
2017350255758,1,9,0,18,0,2,0,0,0,0,3,1,6,1,24,5,2494,2,4,-1,-1,-1
2017350255758,2,9,0,18,0,1,0,0,0,0,4,1,6,1,29,6,1582,2,4,-1,-1,-1
2017350255779,1,9,0,3,0,1,0,0,0,0,2,1,5,2,50,8,1995,2,6,-1,-1,-1
2017350255779,2,9,0,5,0,1,0,0,0,0,1,1,5,1,60,9,1796,1,16,-1,-1,-1
2017350255806,1,21,0,18,0,3,0,0,0,0,3,1,6,1,58,9,12902,2,3,-1,-1,-1
2017350255806,2,1,0,7,0,4,0,0,0,0,1,1,6,2,52,8,-1,-1,-1,-1,-1,-1
2017350255845,1,9,0,4,0,0,0,0,0,0,2,1,5,2,88,11,1339,1,2,10,2,10
2017350255845,2,1,0,4,0,0,0,0,0,0,1,1,5,1,16,4,-1,-1,-1,10,2,10
2017350255851,1,9,0,3,0,1,0,0,0,0,2,1,6,2,38,7,1968,2,7,-1,-1,-1
2017350255851,2,19,0,18,0,1,0,0,0,0,1,1,6,1,30,6,1968,2,9,-1,-1,-1
2017350255860,1,9,0,5,0,0,0,0,7,0,0,1,6,2,25,5,1240,1,14,-1,-1,-1
2017350255860,2,23,0,4,0,0,2,0,7,0,1,1,6,2,54,8,-1,-1,-1,3,1,3
2017350255862,1,19,0,18,6,0,0,0,7,0,1,1,1,1,54,8,1995,2,-1,-1,-1,-1
2017350255917,1,9,0,18,0,0,0,4,1,0,1,1,6,1,36,7,1686,2,12,-1,-1,-1
2017350255917,2,9,0,2,0,0,0,0,0,0,2,1,6,1,22,5,1299,1,11,-1,-1,-1
2017350255917,3,9,0,2,0,0,0,4,0,0,2,1,6,1,58,9,-1,-1,-1,-1,-1,-1
2017350255917,4,9,0,2,0,0,0,0,0,0,2,1,6,1,55,8,1995,2,12,-1,-1,-1
2017350255939,1,9,0,18,0,0,0,0,0,0,3,1,6,1,50,8,1560,2,7,-1,-1,-1
2017350255939,2,9,0,18,0,0,0,0,0,0,3,1,6,2,50,8,1560,2,1,-1,-1,-1
2017350255972,1,9,0,18,0,0,0,0,0,0,1,1,5,2,38,7,1120,2,6,-1,-1,-1
2017350255972,2,9,0,3,0,0,0,0,0,0,2,1,5,2,63,9,998,1,2,-1,-1,-1
2017350255998,1,9,0,18,0,0,0,0,0,0,1,1,6,2,43,7,1995,2,1,-1,-1,-1
2017350255998,2,21,1,18,0,0,0,0,0,0,1,1,1,1,53,8,12809,2,4,-1,-1,-1
2017350255998,3,21,1,18,0,0,0,0,0,0,2,1,1,1,37,7,12419,2,3,-1,-1,-1
2017350256057,1,9,0,7,0,0,1,0,0,0,1,1,5,1,17,4,1197,1,6,-1,-1,-1
2017350256057,2,9,0,18,0,0,0,0,0,0,4,1,6,3,-1,-1,1598,2,8,-1,-1,-1
2017350256200,1,9,0,18,0,0,0,0,0,0,4,1,6,3,-1,-1,-1,-1,-1,-1,-1,-1
2017350256237,1,9,0,18,0,0,0,4,0,0,1,1,5,1,32,6,1995,2,7,-1,-1,-1
2017350256237,2,9,0,2,0,0,1,0,1,0,2,1,6,2,46,8,1299,1,15,-1,-1,-1
2017350256298,1,19,0,18,0,0,0,0,0,0,1,1,1,2,33,6,1995,2,-1,-1,-1,-1
2017350256298,2,9,0,4,0,0,0,0,0,0,2,1,5,1,68,10,2400,1,19,-1,-1,-1
2017350256307,1,9,0,18,0,1,0,0,0,0,3,1,1,1,61,9,2982,2,3,-1,-1,-1
2017350256307,2,9,0,9,0,6,0,0,0,0,3,1,5,1,31,6,1560,2,8,4,1,4
2017350256314,1,9,0,18,0,0,5,0,7,0,4,1,6,1,29,6,1781,1,15,9,1,9
2017350256314,2,9,0,18,0,0,0,0,0,0,2,1,6,1,32,6,1149,1,14,-1,-1,-1
2017350256377,1,9,0,18,0,0,1,0,2,0,3,1,1,1,47,8,2993,2,1,-1,-1,-1
2017350256387,1,5,0,18,0,4,1,9,3,1,1,1,5,1,24,5,600,1,12,-1,-1,-1
2017350256545,1,19,0,18,0,0,1,11,0,0,1,1,6,1,55,8,2198,2,9,6,3,6
2017350256545,2,9,0,18,0,0,0,11,0,0,2,1,6,1,56,9,1560,2,11,-1,-1,-1
2017350256545,3,9,0,2,0,0,0,11,0,0,2,1,6,1,21,5,1596,1,14,8,1,8
2017350256545,4,9,0,18,0,0,0,11,0,0,2,1,5,1,64,9,1956,2,7,2,1,2
2017350256545,5,9,0,18,0,0,0,11,0,0,2,1,5,1,-1,-1,1582,2,2,7,1,7
2017350256545,6,9,0,18,0,0,0,11,0,0,2,1,5,1,29,6,1560,2,4,-1,-1,-1
2017350256549,1,9,0,18,0,0,0,0,0,0,1,1,6,3,-1,-1,1242,1,13,-1,-1,-1
2017350256549,2,1,0,18,0,0,0,0,0,0,2,1,1,1,29,6,-1,-1,-1,-1,-1,-1
2017350256553,1,9,0,9,0,8,0,0,0,0,1,1,6,1,21,5,1248,1,1,-1,-1,-1
2017350256553,2,19,0,18,0,1,0,0,0,0,1,1,1,1,53,8,2198,2,1,-1,-1,-1
2017350256558,1,9,0,18,0,0,1,0,4,6,3,1,2,2,29,6,1968,2,10,-1,-1,-1
2017350256696,1,9,0,18,0,0,0,0,0,0,1,1,2,2,26,6,1598,2,1,-1,-1,-1
2017350256696,2,9,0,18,0,0,0,0,0,0,2,1,1,1,21,5,-1,-1,-1,-1,-1,-1
2017350256747,1,9,0,16,0,5,0,7,0,0,1,1,5,1,20,4,-1,-1,-1,-1,-1,-1
2017350256789,1,9,0,6,0,8,0,0,0,0,4,1,5,1,42,7,1968,2,9,-1,-1,-1
2017350256789,2,9,0,18,0,8,0,0,0,0,1,1,5,1,31,6,1896,2,7,-1,-1,-1
2017350256793,1,9,0,18,0,4,0,0,0,0,1,1,5,2,20,4,998,1,19,-1,-1,-1
2017350256793,2,9,0,18,0,4,0,0,0,0,2,1,5,1,49,8,1798,1,15,-1,-1,-1
2017350256793,3,9,0,18,0,4,0,0,0,0,2,1,5,1,52,8,999,1,-1,-1,-1,-1
2017350256833,1,9,0,3,0,0,0,0,0,0,1,1,5,1,26,6,1984,1,5,-1,-1,-1
2017350256833,2,9,0,3,0,0,0,0,0,0,2,1,1,1,52,8,1395,1,-1,-1,-1,-1
2017350256845,1,9,0,18,0,0,0,0,1,0,1,1,5,1,52,8,1995,2,13,-1,-1,-1
2017350256873,1,9,0,18,0,1,0,0,0,0,0,1,5,2,-1,-1,-1,-1,-1,-1,-1,-1
2017350256873,2,9,0,9,0,1,0,0,0,0,1,1,5,2,47,8,898,1,3,-1,-1,-1
2017350256885,1,9,0,7,0,8,1,0,0,0,1,1,2,1,32,6,1198,1,10,-1,-1,-1
2017350256955,1,9,0,18,0,0,0,0,0,0,3,1,5,2,22,5,-1,-1,-1,3,3,3
2017350256955,2,19,0,18,0,0,0,0,0,0,1,1,1,1,60,9,1560,2,2,-1,-1,-1
2017350256955,3,9,0,18,0,0,0,0,0,0,1,1,5,2,54,8,1496,1,-1,-1,-1,-1
2017350256957,1,9,0,18,0,1,0,11,0,0,1,1,6,2,55,8,1905,2,24,-1,-1,-1
2017350256964,1,9,0,18,0,0,1,0,1,1,1,1,6,2,57,9,1299,1,14,-1,-1,-1
2017350257121,1,9,0,17,0,0,0,0,1,0,4,1,2,2,23,5,1368,1,9,-1,-1,-1
2017350257165,1,21,1,18,0,0,0,0,0,0,1,1,1,1,24,5,12809,2,-1,4,3,4
2017350257181,1,9,0,5,0,5,0,0,0,0,3,1,5,1,37,7,1995,2,14,-1,-1,-1
2017350257181,2,9,0,18,0,1,0,0,4,0,1,1,5,2,26,6,1149,1,13,-1,-1,-1
2017350257187,1,9,0,18,0,0,0,0,0,0,1,1,6,3,-1,-1,-1,-1,-1,-1,-1,-1
2017350257187,2,1,0,18,0,0,5,0,0,0,4,1,5,1,15,3,-1,-1,-1,-1,-1,-1
2017350257218,1,9,0,18,0,1,0,0,0,0,1,1,5,1,43,7,1984,1,-1,-1,-1,-1
2017350257218,2,11,0,18,0,1,0,0,0,0,1,1,1,1,44,7,6700,2,-1,-1,-1,-1
2017350257341,1,9,0,4,0,0,0,0,0,0,1,1,5,1,69,10,1796,1,11,-1,-1,-1
2017350257341,2,9,0,3,0,0,0,0,0,0,2,1,5,1,40,7,2143,2,2,-1,-1,-1
2017350257341,3,9,0,3,0,0,0,0,0,0,2,1,5,1,37,7,1986,1,4,-1,-1,-1
2017350257420,1,9,0,18,0,0,0,0,1,9,1,1,6,1,22,5,1950,2,-1,-1,-1,-1
2017350257747,1,9,0,12,0,0,0,0,0,0,3,1,6,3,-1,-1,-1,-1,-1,-1,-1,-1
2017350257747,2,9,0,18,0,0,1,0,4,0,4,1,5,1,20,4,1461,2,14,1,1,1
2017350257829,1,9,0,18,0,8,0,0,0,0,1,1,2,1,17,4,1596,1,10,-1,-1,-1
2017350257829,2,9,0,5,0,1,0,0,0,0,1,1,3,2,32,6,2143,2,1,-1,-1,-1
2017350257849,1,9,0,7,0,1,0,0,1,0,1,1,5,1,25,5,1995,2,10,-1,-1,-1
2017350257899,1,19,0,18,0,0,1,0,1,6,3,1,1,1,20,4,2148,2,10,-1,-1,-1
2017350257955,1,9,0,18,0,4,0,0,0,0,3,1,6,1,-1,-1,1275,1,21,-1,-1,-1
2017350257955,2,21,4,9,0,8,0,0,0,0,4,1,1,1,55,8,10518,2,3,-1,-1,-1
2017350258038,1,9,0,9,0,6,0,0,0,0,3,1,5,2,78,11,1598,1,10,8,3,8
2017350258038,2,9,0,18,0,8,0,0,0,0,3,1,5,1,22,5,1396,1,19,-1,-1,-1
2017350258581,1,9,0,18,0,0,0,0,1,0,1,1,6,1,44,7,2179,2,2,-1,-1,-1
2017350258581,2,9,0,10,0,0,0,0,0,0,2,1,5,1,40,7,1598,1,6,-1,-1,-1
2017350259020,1,9,0,18,0,3,0,0,0,0,4,1,1,1,35,6,1798,8,1,-1,-1,-1
2017350259020,2,1,0,18,0,3,0,0,0,0,1,1,6,1,26,6,-1,-1,-1,-1,-1,-1
2017350259030,1,21,1,18,0,0,2,0,4,2,3,1,1,1,48,8,12902,2,1,-1,-1,-1
2017350259030,2,9,0,18,0,0,0,0,0,0,4,1,5,1,63,9,1598,1,12,-1,-1,-1
2017350259099,1,2,0,4,0,4,1,0,0,0,0,1,4,2,17,4,-1,-1,-1,-1,-1,-1
2017350259330,1,5,0,18,0,0,1,4,0,0,1,1,5,1,32,6,800,1,1,-1,-1,-1
2017350259330,2,9,0,2,0,0,0,0,0,0,2,1,6,3,-1,-1,-1,-1,-1,-1,-1,-1
2017350259362,1,9,0,18,0,0,5,0,1,0,1,1,5,1,31,6,1988,1,17,-1,-1,-1
2017350259415,1,9,0,2,0,0,0,0,0,0,3,1,6,3,-1,-1,-1,-1,-1,-1,-1,-1
2017350259415,2,9,0,18,0,0,0,0,0,0,1,1,6,1,47,8,1950,2,1,-1,-1,-1
2017350259646,1,9,0,18,0,0,0,0,0,0,1,1,6,1,63,9,1598,1,15,-1,-1,-1
2017350259646,2,1,0,18,0,0,0,0,0,0,4,1,5,1,59,9,-1,-1,-1,-1,-1,-1
2017350259949,1,9,0,2,6,0,1,0,0,0,0,1,1,2,36,7,1332,1,19,-1,-1,-1
2017350259949,2,9,0,2,6,0,0,0,0,0,0,1,1,1,35,6,2979,1,16,-1,-1,-1
2017350259949,3,9,0,5,6,0,1,0,0,0,3,1,1,1,33,6,1582,2,6,-1,-1,-1
2017350260607,1,3,0,17,0,0,0,0,0,0,1,1,5,1,17,4,125,1,14,-1,-1,-1
2017350260607,2,9,0,16,0,0,2,10,0,0,4,1,5,1,25,5,1995,2,13,-1,-1,-1
2017350260770,1,9,0,5,0,0,0,0,0,0,3,1,5,2,74,10,1197,1,2,-1,-1,-1
2017350260770,2,3,0,18,0,0,1,0,0,0,1,1,5,1,20,4,124,1,5,-1,-1,-1
2017350260919,1,9,0,18,0,0,1,0,7,0,1,1,6,2,24,5,1199,1,14,-1,-1,-1
2017350261016,1,9,0,15,0,1,0,0,0,0,1,1,6,1,17,4,1999,2,-1,-1,-1,-1
2017350261016,2,9,0,9,0,8,0,0,0,0,3,1,6,2,50,8,1364,1,10,-1,-1,-1
2017350261016,3,9,0,18,0,1,0,0,0,0,1,1,6,2,21,5,1197,1,2,-1,-1,-1
2017350261016,4,9,0,18,0,1,0,0,0,0,0,1,1,1,-1,-1,-1,-1,-1,-1,-1,-1
2017350261126,1,9,0,18,0,0,0,0,0,0,1,1,5,2,17,4,1910,2,14,-1,-1,-1
2017350261126,2,9,0,18,0,0,0,0,0,0,2,1,5,2,27,6,1388,1,13,7,1,7
2017350261573,1,9,0,16,0,0,0,0,0,0,1,1,6,2,67,10,1591,1,6,-1,-1,-1
2017350261573,2,9,0,2,0,0,0,0,0,0,2,1,6,2,-1,-1,1242,1,13,-1,-1,-1
2017350263045,1,8,0,18,0,0,0,0,0,0,1,1,6,1,38,7,1968,2,9,-1,-1,-1
2017350263045,2,19,0,18,0,0,0,0,1,0,1,1,6,1,50,8,2143,2,4,-1,-1,-1
2017350263045,3,9,0,2,0,0,0,0,0,0,3,1,6,2,19,4,1598,1,8,-1,-1,-1
2017350263301,1,9,0,9,0,0,0,0,0,0,1,1,6,1,27,6,2000,2,8,-1,-1,-1
2017350263417,1,9,0,15,0,8,0,0,7,0,1,1,2,2,61,9,1587,1,16,-1,-1,-1
2017350263417,2,9,0,4,0,8,0,0,0,0,1,1,2,1,49,8,-1,-1,-1,-1,-1,-1
2017350263581,1,9,0,18,0,0,0,0,1,0,1,1,5,1,84,11,1242,1,7,-1,-1,-1
2017350264261,1,9,0,4,0,0,0,0,0,0,1,1,6,1,29,6,-1,-1,-1,-1,-1,-1
2017350264261,2,9,0,4,0,0,0,0,0,0,2,1,1,2,29,6,1242,1,4,-1,-1,-1
2017350264261,3,9,0,4,0,0,0,0,0,0,2,1,1,1,34,6,1560,2,11,9,2,9
2017350264338,1,21,0,18,0,4,0,0,0,0,1,1,1,1,55,8,6871,2,2,-1,-1,-1
2017350264625,1,9,0,18,0,0,0,0,0,0,1,1,5,1,70,10,998,1,1,-1,-1,-1
2017350264625,2,9,0,18,0,0,0,0,0,0,1,1,5,1,44,7,1596,1,12,-1,-1,-1
2017350264625,3,9,0,18,0,0,0,0,0,0,1,1,5,2,47,8,1120,2,4,-1,-1,-1
2017350265436,1,9,0,18,0,1,0,0,0,0,1,1,1,2,53,8,2967,1,14,-1,-1,-1
2017350265709,1,9,0,5,0,6,1,10,0,0,4,1,5,2,35,6,1598,2,-1,-1,-1,-1
2017350265709,2,9,0,18,0,8,1,0,0,0,1,1,6,1,48,8,998,1,12,-1,-1,-1
2017350266151,1,9,0,3,0,1,0,0,0,0,1,1,5,1,22,5,1388,1,13,-1,-1,-1
2017350266151,2,9,0,3,0,1,0,0,0,0,2,1,5,1,47,8,1999,2,-1,-1,-1,-1
2017350268284,1,9,0,18,0,1,1,0,7,11,1,1,1,1,36,7,1582,2,2,-1,-1,-1
2017350268284,2,9,0,9,0,1,1,0,7,11,3,1,5,2,55,8,1496,1,-1,-1,-1,-1
2017350268819,1,9,0,9,0,0,0,0,0,0,1,1,2,1,22,5,1339,1,7,-1,-1,-1
2017350268819,2,9,0,18,0,0,0,0,0,0,1,1,6,2,55,8,1598,1,13,-1,-1,-1
2017350268819,3,9,0,18,0,0,0,0,0,0,3,1,6,2,46,8,1984,1,1,-1,-1,-1
2017350269354,1,9,0,18,6,0,5,0,1,7,1,1,5,1,22,5,1590,1,14,-1,-1,-1
2017350269554,1,9,0,18,0,8,0,0,0,0,1,1,2,2,26,6,998,1,2,-1,-1,-1
2017350269554,2,1,0,9,0,8,5,0,0,0,4,1,5,1,16,4,-1,-1,-1,-1,-1,-1
2017350270214,1,90,0,18,9,0,1,11,0,0,1,1,6,1,16,4,-1,-1,-1,-1,-1,-1
2017350271075,1,9,0,4,0,0,0,0,0,0,1,1,5,1,25,5,1995,2,11,-1,-1,-1
2017350272455,1,21,1,18,0,0,0,0,0,0,4,1,1,1,59,9,11120,2,2,-1,-1,-1
2017350274198,1,9,0,17,0,0,1,0,7,4,1,1,5,1,27,6,1339,1,13,-1,-1,-1
2017350274207,1,9,0,16,0,0,0,0,0,0,1,1,5,2,37,7,1598,2,3,-1,-1,-1
2017350274207,2,19,0,17,0,0,0,0,0,0,1,1,1,1,65,9,1598,2,1,6,3,6
2017350274207,3,9,0,17,0,0,0,0,0,0,3,1,5,2,53,8,1149,1,13,-1,-1,-1
2017350274377,1,9,0,17,0,1,1,0,7,4,1,1,5,1,19,4,1390,1,11,-1,-1,-1
2017350276710,1,5,0,12,0,0,0,0,0,0,1,1,5,1,30,6,996,1,16,-1,-1,-1
2017350276710,2,9,0,18,0,0,0,0,0,0,4,1,2,2,-1,-1,1598,1,2,-1,-1,-1
2017350277156,1,9,0,16,0,0,1,0,7,9,4,1,1,2,25,5,1240,1,12,-1,-1,-1
2017350277156,2,9,0,17,0,0,0,0,0,0,1,1,1,2,61,9,-1,-1,-1,-1,-1,-1
2017350277840,1,10,0,10,0,1,0,0,0,0,3,1,1,1,69,10,2998,2,7,-1,-1,-1
2017350277840,2,1,0,10,0,1,0,0,0,0,3,1,5,1,78,11,-1,-1,-1,-1,-1,-1
2017350278413,1,9,0,14,0,0,1,0,7,0,1,1,5,1,23,5,1986,2,11,-1,-1,-1
2017350278413,2,5,0,18,0,0,2,0,0,0,1,1,2,1,58,9,1441,1,5,-1,-1,-1
2017350279133,1,1,0,18,0,0,0,0,1,0,4,1,5,1,58,9,-1,-1,-1,8,3,8
2017350283093,1,2,0,15,4,0,0,0,0,0,1,1,2,1,62,9,49,1,20,-1,-1,-1
2017350283093,2,9,0,18,0,0,0,0,0,0,4,1,6,2,-1,-1,-1,-1,-1,-1,-1,-1
2017350283266,1,9,0,18,9,8,0,0,7,0,1,1,5,2,71,10,1686,2,15,-1,-1,-1
2017350283266,2,9,0,9,0,6,0,0,0,0,4,1,5,2,-1,-1,1242,1,2,-1,-1,-1
2017350283818,1,9,0,5,0,0,0,0,0,0,1,1,1,1,32,6,1995,2,10,-1,-1,-1
2017350284184,1,9,0,6,0,3,0,0,0,0,3,1,6,1,35,6,1598,2,3,-1,-1,-1
2017350284184,2,3,0,14,0,3,0,0,0,0,1,1,6,1,22,5,125,1,10,-1,-1,-1
2017350284251,1,9,0,17,0,0,2,10,7,0,4,1,6,1,21,5,-1,-1,-1,-1,-1,-1
2017350285264,1,98,0,18,0,0,0,0,0,0,3,1,6,3,-1,-1,-1,-1,-1,-1,-1,-1
2017350285264,2,9,0,18,0,0,0,0,0,0,4,1,3,2,31,6,1999,1,12,-1,-1,-1
2017350289480,1,9,0,4,0,1,0,0,0,0,2,1,1,1,44,7,1598,2,3,-1,-1,-1
2017350289480,2,9,0,18,0,1,0,0,1,7,1,1,5,2,70,10,1896,2,7,-1,-1,-1
2017350291396,1,21,1,18,0,0,0,0,0,0,1,1,1,1,54,8,12777,2,6,-1,-1,-1
2017350291396,2,98,1,18,0,0,0,0,0,0,2,1,1,1,45,7,-1,-1,-1,-1,-1,-1
2017350291504,1,9,0,13,0,0,1,0,7,11,1,1,5,1,26,6,1242,1,20,-1,-1,-1
2017350300129,1,9,0,18,0,6,0,0,0,0,1,1,5,1,35,6,1149,1,16,-1,-1,-1
2017350300129,2,1,0,18,0,8,0,0,0,0,2,1,5,1,47,8,-1,-1,-1,-1,-1,-1
2017360145181,1,9,0,18,0,0,0,0,1,4,1,1,6,1,64,9,2996,1,9,5,2,5
2017360145443,1,9,0,18,0,8,0,0,0,0,3,1,5,2,72,10,1984,1,8,5,3,5
2017360145443,2,9,0,18,0,8,0,0,0,0,1,1,5,1,33,6,1910,2,11,3,2,3
2017360145521,1,9,0,18,0,0,0,0,7,4,4,1,6,2,25,5,998,1,15,10,1,10
2017360145537,1,9,0,13,0,0,0,0,0,0,1,1,6,1,81,11,1598,2,3,8,2,8
2017360145537,2,9,0,4,0,0,0,0,0,0,2,1,5,2,49,8,1242,1,2,-1,-1,-1
2017360145537,3,17,4,9,0,0,0,0,0,0,3,1,1,1,28,6,4485,2,4,4,1,4