Accident_Index,Vehicle_Reference,Vehicle_Type,Towing_and_Articulation,Vehicle_Manoeuvre,Vehicle_Location-Restricted_Lane,Junction_Location,Skidding_and_Overturning,Hit_Object_in_Carriageway,Vehicle_Leaving_Carriageway,Hit_Object_off_Carriageway,1st_Point_of_Impact,Was_Vehicle_Left_Hand_Drive?,Journey_Purpose_of_Driver,Sex_of_Driver,Age_of_Driver,Age_Band_of_Driver,Engine_Capacity_(CC),Propulsion_Code,Age_of_Vehicle,Driver_IMD_Decile,Driver_Home_Area_Type,Vehicle_IMD_Decile
2017360158319,1,9,0,18,0,1,2,0,1,11,1,1,6,1,41,7,2000,1,13,2,1,2
2017360158324,1,9,0,18,0,0,1,0,0,0,1,1,6,1,40,7,2435,1,18,6,2,6
2017360158324,2,9,0,3,0,0,0,0,0,0,1,1,6,1,65,9,1896,2,14,6,3,6
2017360158343,1,9,0,18,0,0,1,0,7,0,4,1,5,1,17,4,1769,1,16,2,1,2
2017360158343,2,9,0,18,0,0,0,0,0,0,0,1,6,1,31,6,2993,2,3,-1,-1,-1
2017360158477,1,9,0,9,0,8,0,0,0,0,4,1,5,1,23,5,1560,2,3,3,3,3
2017360158477,2,3,0,18,0,8,5,0,0,0,1,1,2,1,27,6,124,1,14,2,2,2
2017360158543,1,9,0,9,0,8,0,0,0,0,4,1,5,1,89,11,998,1,7,2,1,2
2017360158543,2,1,0,18,0,1,5,0,0,0,1,1,5,1,54,8,-1,-1,-1,1,1,1
2017360158741,1,3,0,18,0,8,5,0,0,0,1,1,6,1,26,6,125,1,2,2,1,2
2017360158741,2,9,0,9,0,8,0,0,0,0,1,1,3,2,41,7,1368,1,1,3,1,3
2017360158749,1,9,0,18,0,0,0,0,0,0,0,1,3,2,49,8,1598,2,1,5,1,5
2017360158873,1,9,0,5,0,4,0,0,0,0,3,1,2,1,67,10,1998,2,13,7,3,7
2017360158873,2,3,0,9,0,4,5,0,0,0,4,1,2,1,22,5,124,1,6,2,3,2
2017360159502,1,9,0,6,0,0,0,0,0,0,2,1,6,1,68,10,2995,1,11,5,2,5
2017360159502,2,3,0,18,0,0,5,0,0,0,1,1,6,1,53,8,124,1,23,1,1,1
2017360159542,1,9,0,9,0,1,0,0,0,0,1,1,5,1,57,9,2494,1,18,4,2,4
2017360159542,2,9,0,18,0,1,0,0,0,0,1,1,5,2,32,6,1560,2,10,9,3,9
2017360159686,1,19,0,18,0,0,0,0,0,0,4,1,6,1,63,9,1753,2,14,5,3,5
2017360159686,2,1,0,18,0,0,0,0,0,0,3,1,5,1,42,7,-1,-1,-1,4,3,4
2017360159757,1,11,0,9,0,8,0,0,0,0,0,1,1,1,59,9,9400,2,11,10,2,10
2017360159762,1,3,0,18,0,4,5,0,0,0,1,1,5,1,28,6,50,1,9,-1,-1,-1
2017360159762,2,21,1,18,0,8,0,0,0,0,1,1,1,1,61,9,10837,2,7,2,3,2
2017360159850,1,9,0,17,0,8,0,0,0,0,1,1,2,2,23,5,998,1,14,3,1,3
2017360159850,2,9,0,16,0,8,0,0,0,0,1,1,5,1,44,7,1995,2,3,10,2,10
2017360159884,1,9,0,18,0,0,0,0,0,0,4,1,6,2,25,5,1598,1,4,6,3,6
2017360159912,1,9,0,18,0,1,0,0,0,0,1,1,5,1,52,8,1596,1,11,3,1,3
2017360159928,1,5,0,17,0,1,2,0,1,9,1,1,5,1,28,6,996,1,20,5,3,5
2017360159957,1,9,0,5,0,2,0,0,0,0,3,1,6,2,18,4,1598,1,15,4,3,4
2017360159957,2,1,0,17,0,2,5,0,0,0,1,1,6,1,61,9,-1,-1,-1,3,1,3
2017360160008,1,9,0,9,0,8,0,0,0,0,1,1,6,2,46,8,1299,1,13,2,1,2
2017360160008,2,9,0,18,0,1,0,0,0,0,4,1,6,2,65,9,1198,1,4,3,1,3
2017360160121,1,9,0,9,0,6,0,0,0,0,3,1,5,2,51,8,1422,2,1,9,1,9
2017360160391,1,9,0,18,0,0,0,0,7,4,4,1,5,2,26,6,1149,1,12,4,2,4
2017360160429,1,19,0,18,0,1,0,0,0,0,1,1,1,1,61,9,1998,2,11,5,3,5
2017360160429,2,19,0,9,0,6,0,0,0,0,3,1,2,1,30,6,1868,2,17,9,2,9
2017360160429,3,9,0,9,0,6,0,0,0,0,1,1,2,2,33,6,998,1,11,9,2,9
2017360160429,4,98,1,5,0,5,0,0,0,0,0,1,6,3,-1,-1,-1,-1,-1,-1,-1,-1
2017360160473,1,9,0,18,0,1,0,0,0,0,1,1,2,1,56,9,1248,2,3,9,2,9
2017360160473,2,9,0,18,0,1,0,0,0,0,1,1,2,1,18,4,-1,-1,-1,6,3,6
2017360160492,1,9,0,4,0,0,0,0,0,0,1,1,6,1,57,9,-1,-1,-1,3,1,3
2017360160492,2,9,0,4,0,0,0,0,0,0,2,1,6,1,64,9,1560,2,9,1,1,1
2017360160525,1,9,0,18,0,1,0,0,0,0,3,1,5,2,32,6,1598,1,17,1,1,1
2017360160525,2,9,0,18,0,1,0,0,0,0,1,1,5,2,56,9,1364,1,3,8,2,8
2017360160545,1,9,0,9,0,8,0,0,0,0,1,1,6,2,42,7,1248,1,4,3,1,3
2017360160545,2,9,0,18,2,1,0,0,0,0,1,1,6,1,27,6,1995,1,11,4,1,4
2017360160556,1,16,0,3,0,0,0,0,0,0,1,1,5,2,-1,-1,-1,-1,-1,-1,-1,-1
2017360160556,2,1,0,3,0,0,0,0,0,0,2,1,5,1,50,8,-1,-1,-1,7,3,7
2017360160563,1,9,0,18,0,0,2,0,0,0,1,1,6,1,36,7,1527,2,15,1,1,1
2017360160578,1,9,0,18,0,0,5,10,1,0,3,1,5,1,17,4,1229,1,4,4,3,4
2017360160583,1,9,0,18,0,0,0,0,0,0,1,1,6,1,34,6,1781,1,15,8,2,8
2017360160583,2,9,0,2,0,0,0,0,0,0,2,1,6,3,-1,-1,-1,-1,-1,-1,-1,-1
2017360160598,1,21,0,18,0,0,0,0,0,0,1,1,1,1,48,8,6370,2,9,7,2,7
2017360160598,2,9,0,4,0,0,0,0,0,0,2,1,2,1,61,9,1197,1,3,10,1,10
2017360160616,1,3,0,18,0,1,0,0,0,0,1,1,6,2,40,7,124,1,4,1,1,1
2017360160616,2,9,0,3,0,1,0,0,0,0,2,1,6,2,25,5,1587,1,13,1,1,1
2017360160626,1,9,0,6,0,0,0,0,0,0,1,1,6,1,-1,-1,-1,-1,-1,9,1,9
2017360160626,2,1,0,18,0,0,5,0,0,0,1,1,6,2,22,5,-1,-1,-1,4,1,4
2017360160627,1,9,0,9,0,6,0,0,0,0,3,1,2,1,27,6,1399,2,5,4,1,4
2017360160627,2,2,0,18,0,1,5,0,0,0,1,1,4,1,16,4,49,1,12,5,1,5
2017360160636,1,9,0,5,0,8,0,0,0,0,3,1,6,2,30,6,1598,1,14,5,1,5
2017360160636,2,9,0,18,0,1,0,0,0,0,1,1,6,2,28,6,1398,1,1,4,1,4
2017360160655,1,9,0,18,0,0,0,0,0,0,1,1,6,2,17,4,2000,2,11,5,3,5
2017360160655,2,9,0,3,0,0,0,0,0,0,2,1,6,1,21,5,1199,1,13,8,1,8
2017360160655,3,9,0,3,0,0,0,0,0,0,2,1,6,2,45,7,2400,2,3,5,3,5
2017360160667,1,9,0,5,0,6,0,0,0,0,1,1,5,1,70,10,1596,1,2,6,3,6
2017360160667,2,9,0,7,0,1,0,0,0,0,1,1,5,2,46,8,1461,2,7,8,1,8
2017360160685,1,3,0,18,0,0,0,12,0,0,1,1,5,1,58,9,125,1,3,2,1,2
2017360160687,1,9,0,17,0,0,2,0,7,4,1,1,2,1,25,5,1391,1,17,9,2,9
2017360160699,1,9,0,4,0,1,0,0,0,0,1,1,6,2,58,9,1769,1,13,8,3,8
2017360160699,2,9,0,4,0,1,0,0,0,0,2,1,6,1,45,7,1896,2,10,9,2,9
2017360160699,3,98,4,18,0,1,0,0,0,0,0,1,6,3,-1,-1,-1,-1,-1,-1,-1,-1
2017360160729,1,9,0,4,0,1,0,0,0,0,1,1,6,2,19,4,1587,1,11,6,2,6
2017360160729,2,9,0,4,0,1,0,0,0,0,1,1,2,1,35,6,1997,2,2,-1,-1,-1
2017360160849,1,9,0,18,0,0,0,0,0,0,1,1,6,1,17,4,1598,2,1,4,3,4
2017360160849,2,9,0,18,0,0,0,0,0,0,1,1,6,1,57,9,1461,2,3,5,3,5
2017360160899,1,9,0,3,0,1,0,0,0,0,2,1,1,2,44,7,1986,2,12,6,2,6
2017360160899,2,9,0,18,0,1,0,0,0,0,1,1,5,1,59,9,1399,1,1,4,2,4
2017360160919,1,9,0,18,0,0,5,0,7,0,1,1,5,1,34,6,2996,1,12,6,3,6
2017360160988,1,9,0,16,0,1,0,0,0,0,1,1,5,2,35,6,1995,2,13,6,3,6
2017360160988,2,9,0,17,0,1,0,0,0,0,1,1,2,1,56,9,1493,2,12,8,3,8
2017360161021,1,9,0,10,0,1,0,0,0,0,1,1,2,1,54,8,1395,1,1,7,1,7
2017360161021,2,9,0,10,0,1,0,0,0,0,2,1,2,2,28,6,1598,2,1,6,3,6
2017360161253,1,9,0,18,0,0,0,0,0,0,4,1,6,2,70,10,1796,1,12,4,2,4
2017360161253,2,1,0,18,9,0,0,0,0,0,3,1,6,1,9,2,-1,-1,-1,7,2,7
2017360161372,1,9,0,16,0,0,1,0,1,3,4,1,6,1,27,6,1994,2,13,-1,-1,-1
2017360161412,1,9,0,18,0,1,0,0,0,0,1,1,6,1,45,7,1995,2,13,4,2,4
2017360161412,2,9,0,3,0,1,0,0,0,0,2,1,6,1,68,10,-1,-1,-1,6,3,6
2017360161412,3,9,0,10,0,1,0,0,0,0,2,1,6,1,33,6,1149,1,15,7,2,7
2017360161441,1,9,0,18,0,0,0,0,0,0,3,1,2,1,54,8,-1,-1,-1,6,3,6
2017360161441,2,10,0,18,0,0,0,0,0,0,3,1,2,1,38,7,2370,2,17,-1,-1,-1
2017360161467,1,9,0,18,0,1,1,0,0,0,1,1,1,1,51,8,-1,-1,-1,-1,-1,-1
2017360161467,2,1,0,17,0,8,0,0,1,0,4,1,6,2,51,8,-1,-1,-1,3,2,3
2017360161506,1,9,0,9,0,6,0,0,0,0,1,1,6,2,23,5,1198,1,4,7,1,7
2017360161506,2,3,0,18,0,1,0,0,0,0,4,1,6,2,18,4,108,1,2,9,2,9
2017360161645,1,9,0,9,0,1,0,0,0,0,1,1,5,1,30,6,1242,1,16,9,1,9
2017360161645,2,1,0,18,0,1,0,0,0,0,1,1,1,2,24,5,-1,-1,-1,4,1,4
2017360161755,1,9,0,18,0,0,0,0,0,0,3,1,5,1,49,8,1560,2,11,7,1,7
2017360161816,1,9,0,18,0,1,0,0,0,0,4,1,5,2,23,5,1560,2,5,5,3,5
2017360161824,1,9,0,7,0,6,0,0,0,0,3,1,6,3,-1,-1,-1,-1,-1,-1,-1,-1
2017360161824,2,3,0,18,0,1,5,0,0,0,1,1,2,1,32,6,124,1,4,2,3,2
2017360161861,1,9,0,18,0,0,0,0,0,0,3,1,6,1,53,8,1968,2,1,3,2,3
2017360161861,2,9,0,18,0,0,0,0,0,0,1,1,6,1,47,8,1998,1,16,9,1,9
2017360161949,1,9,0,3,0,1,0,0,1,0,1,1,6,2,79,11,1242,1,13,10,1,10
2017360161949,2,9,0,18,0,1,0,0,7,11,1,1,6,1,87,11,-1,-1,-1,6,1,6
2017360161977,1,9,0,18,0,0,0,0,0,0,3,1,6,1,35,6,-1,-1,-1,3,1,3
2017360161988,1,9,0,18,0,0,2,0,1,11,4,1,6,1,46,8,1560,2,3,3,1,3
2017360162046,1,9,0,18,0,0,0,0,0,0,3,1,6,2,22,5,1598,1,16,5,3,5
2017360162154,1,9,0,18,0,1,0,0,0,0,0,1,6,2,20,4,998,1,2,-1,-1,-1
2017360162154,2,1,0,18,0,1,0,0,0,0,0,1,6,1,45,7,-1,-1,-1,9,1,9
2017360162193,1,8,0,18,0,1,0,0,0,0,3,1,1,1,56,9,1956,2,5,2,1,2
2017360162193,2,1,0,18,0,1,0,0,0,0,4,1,5,1,70,10,-1,-1,-1,8,1,8
2017360162231,1,9,0,7,0,1,0,0,0,0,1,1,1,1,28,6,-1,-1,-1,6,3,6
2017360162231,2,9,0,18,0,1,0,0,0,0,1,1,2,1,26,6,1968,2,7,-1,-1,-1
2017360162266,1,9,0,18,0,0,0,0,0,0,3,1,6,2,26,6,1242,1,8,5,3,5
2017360162266,2,9,0,18,0,0,0,0,0,0,3,1,6,1,75,10,1242,1,8,4,2,4
2017360162301,1,9,0,18,0,1,0,0,0,0,1,1,5,1,53,8,1798,1,9,6,1,6
2017360162301,2,1,0,18,0,1,0,0,0,0,1,1,6,2,22,5,-1,-1,-1,9,1,9
2017360162334,1,9,0,18,0,0,0,0,0,0,1,1,5,1,19,4,1198,1,4,5,3,5
2017360162334,2,9,0,2,0,0,0,0,0,0,2,1,6,3,-1,-1,-1,-1,-1,-1,-1,-1
2017360162347,1,9,0,18,0,1,0,0,0,0,4,1,6,2,27,6,1956,2,6,5,3,5
2017360162365,1,9,0,3,0,0,0,0,0,0,2,1,5,2,58,9,1248,2,11,4,2,4
2017360162365,2,9,0,3,0,0,0,0,0,0,1,1,5,1,54,8,1968,2,4,3,1,3
2017360162421,1,9,0,18,0,3,0,0,0,0,4,1,6,1,37,7,-1,-1,-1,1,1,1
2017360162569,1,19,0,5,0,0,0,0,0,0,3,1,1,1,41,7,1998,2,13,1,1,1
2017360162569,2,9,0,5,0,0,0,0,1,0,4,1,1,2,39,7,1598,1,7,3,3,3
2017360162574,1,9,0,18,0,0,0,0,7,0,3,1,6,1,62,9,1896,2,11,4,3,4
2017360162574,2,9,0,18,0,0,0,0,0,0,3,1,6,1,33,6,1968,2,1,5,2,5
2017360162578,1,20,0,18,0,1,0,0,0,0,0,1,1,1,55,8,4250,2,11,4,3,4
2017360162578,2,9,0,18,0,1,0,0,0,0,3,1,5,2,51,8,1242,1,8,5,2,5
2017360162587,1,9,0,17,0,0,5,0,1,0,3,1,5,1,30,6,1896,2,15,3,3,3
2017360162597,1,8,0,9,0,0,0,0,0,0,1,1,1,1,50,8,1956,2,7,2,1,2
2017360162629,1,19,0,18,0,1,0,0,0,0,1,1,6,1,29,6,1997,2,7,1,1,1
2017360162672,1,11,0,18,0,1,0,0,0,0,0,1,1,1,39,7,-1,-1,-1,1,1,1
2017360162675,1,9,0,7,0,1,0,0,0,0,1,1,5,2,41,7,1598,2,6,6,3,6
2017360162675,2,9,0,7,0,1,0,0,0,0,2,1,5,2,51,8,999,1,-1,7,3,7
2017360162703,1,9,0,18,0,0,0,0,0,0,0,1,6,3,-1,-1,-1,-1,-1,-1,-1,-1
2017360162703,2,9,0,18,0,0,0,0,0,0,2,1,6,2,41,7,1388,1,11,4,3,4
2017360162703,3,5,0,18,0,0,0,0,0,0,1,1,6,1,21,5,689,1,1,9,2,9
2017360162712,1,9,0,13,0,1,1,0,7,0,1,1,6,1,31,6,1997,2,12,4,3,4
2017360162712,2,9,0,18,0,1,1,0,1,0,1,1,6,1,42,7,2967,1,17,9,1,9
2017360162753,1,9,0,16,0,0,2,0,1,0,1,1,6,2,19,4,1229,1,12,-1,-1,-1
2017360162927,1,9,0,18,0,0,0,0,0,0,1,1,6,1,71,10,1598,1,13,5,3,5
2017360162927,2,9,0,10,0,0,0,0,0,0,2,1,6,2,37,7,-1,-1,-1,7,3,7
2017360162942,1,9,0,5,0,0,0,0,0,0,3,1,6,2,78,11,1343,1,17,9,2,9
2017360162942,2,9,0,18,0,0,0,0,0,0,1,1,6,1,22,5,1753,2,13,6,3,6
2017360162959,1,9,0,18,0,0,0,0,0,0,1,1,6,2,49,8,2495,2,18,2,1,2
2017360162959,2,9,0,3,0,0,0,0,0,0,2,1,6,1,46,8,1560,2,7,8,1,8
2017360162959,3,9,0,3,0,0,0,0,0,0,2,1,6,1,23,5,1242,1,11,3,2,3
2017360162959,4,9,0,3,0,0,0,0,0,0,2,1,6,1,29,6,1968,2,5,1,1,1
2017360162959,5,9,0,3,0,0,0,0,0,0,2,1,6,1,41,7,1968,2,8,9,1,9
2017360163282,1,97,0,9,0,5,0,0,0,0,1,1,6,3,-1,-1,-1,-1,-1,-1,-1,-1
2017360163282,2,1,0,18,0,8,5,0,0,0,3,1,6,1,15,3,-1,-1,-1,1,1,1
2017360163749,1,5,0,17,0,3,0,0,0,0,1,1,6,1,56,9,1199,1,3,10,1,10
2017360163749,2,9,0,16,0,3,0,0,0,0,3,1,6,1,72,10,1968,2,2,6,3,6
2017360163750,1,9,0,5,0,4,0,0,0,0,3,1,6,1,36,7,1598,1,9,4,1,4
2017360163750,2,1,0,18,0,8,0,0,0,0,4,1,6,2,26,6,-1,-1,-1,-1,-1,-1
2017360163790,1,9,0,18,0,0,0,4,0,0,4,1,6,1,91,11,1399,1,11,6,1,6
2017360163790,2,9,0,2,0,0,0,0,0,0,2,1,6,2,-1,-1,1364,1,8,8,1,8
2017360163817,1,9,0,18,0,0,1,0,1,0,1,1,6,1,27,6,1598,1,9,5,2,5
2017360163866,1,9,0,18,0,1,0,0,0,0,1,1,6,1,19,4,1490,1,10,6,1,6
2017360163866,2,9,0,3,0,1,0,0,0,0,2,1,6,1,40,7,1498,1,1,3,1,3
2017360163974,1,9,0,18,0,1,0,0,0,0,1,1,6,2,54,8,1769,1,15,1,1,1
2017360163974,2,9,0,18,0,1,0,0,0,0,1,1,5,1,75,10,-1,1,-1,4,1,4
2017360164039,1,5,0,16,0,0,2,0,0,0,1,1,6,3,-1,-1,599,1,29,-1,-1,-1
2017360164039,2,9,0,17,0,0,0,0,0,0,2,1,5,1,32,6,1149,1,9,1,1,1
2017360164062,1,9,0,13,0,0,0,0,0,0,4,1,2,1,32,6,1560,2,3,5,2,5
2017360164062,2,2,0,18,0,0,5,0,0,0,3,1,3,1,16,4,49,1,1,3,3,3
2017360164096,1,9,0,18,0,0,0,0,0,0,1,1,6,1,18,4,1149,1,14,7,1,7
2017360164096,2,9,0,18,0,0,0,0,0,0,1,1,6,1,52,8,-1,-1,-1,5,1,5
2017360164132,1,9,0,17,0,0,2,0,1,0,4,1,3,2,44,7,2495,2,15,4,2,4
2017360164139,1,9,0,18,0,0,0,0,0,0,1,1,5,1,74,10,1956,2,3,2,3,2
2017360164139,2,9,0,18,0,0,0,0,0,0,1,1,5,1,26,6,-1,-1,-1,1,1,1
2017360164156,1,9,0,9,0,0,0,0,0,0,1,1,6,2,24,5,1200,1,2,1,1,1
2017360164156,2,9,0,18,0,0,0,0,0,0,1,1,6,2,25,5,1390,1,15,6,1,6
2017360164181,1,9,0,7,0,1,0,0,0,0,1,1,6,1,70,10,3200,2,15,9,2,9
2017360164181,2,19,0,10,0,1,0,0,0,0,1,1,1,1,24,5,1598,2,1,4,3,4
2017360164186,1,1,0,18,0,0,5,0,0,0,0,1,5,1,53,8,-1,-1,-1,-1,-1,-1
2017360164233,1,9,0,9,0,8,0,0,0,0,3,1,6,1,73,10,1795,1,19,4,1,4
2017360164233,2,9,0,18,0,8,0,0,0,0,4,1,2,1,22,5,1390,1,17,8,2,8
2017360164264,1,9,0,18,0,0,2,0,7,0,1,1,6,1,82,11,1229,1,6,6,1,6
2017360164339,1,9,0,18,0,1,0,0,0,0,1,1,5,1,26,6,2967,1,17,5,3,5
2017360164339,2,9,0,4,0,1,0,0,0,0,2,1,6,2,48,8,2435,1,10,8,1,8
2017360164339,3,9,0,10,0,1,0,0,0,0,2,1,6,2,49,8,1956,2,4,-1,-1,-1
2017360164367,1,9,0,18,0,0,0,0,0,0,1,1,1,1,29,6,1198,1,8,7,3,7
2017360164367,2,3,0,8,0,0,5,0,0,0,2,1,1,1,64,9,124,1,5,7,3,7
2017360164500,1,9,0,5,0,6,1,0,0,0,1,1,5,2,24,5,1995,1,10,5,1,5
2017360164500,2,9,0,18,0,1,0,0,0,0,4,1,5,2,30,6,1587,1,10,5,3,5
2017360164538,1,19,0,18,0,0,0,0,0,0,1,1,1,1,39,7,2143,2,2,6,3,6
2017360164538,2,9,0,3,0,0,0,0,0,0,2,1,5,1,26,6,1598,1,15,7,1,7
2017360164555,1,9,0,4,0,0,1,0,0,0,2,1,2,2,23,5,1360,1,14,10,3,10
2017360164555,2,19,0,18,0,0,0,0,0,0,1,1,1,1,34,6,2402,2,13,4,1,4
2017360164559,1,9,0,2,0,1,0,0,0,0,0,1,1,1,49,8,2720,2,9,4,3,4
2017360164564,1,9,0,18,0,0,0,0,0,0,1,1,5,1,19,4,1299,1,16,4,3,4
2017360164564,2,9,0,4,0,0,0,0,0,0,2,1,5,2,52,8,3200,2,11,4,3,4
2017360164564,3,9,0,9,0,0,0,0,0,0,0,1,5,1,46,8,1896,2,15,4,3,4
2017360164604,1,9,0,18,0,1,0,0,0,0,1,1,5,1,23,5,-1,-1,-1,5,3,5
2017360164625,1,9,0,18,0,0,0,0,0,0,1,1,5,2,88,11,1149,1,14,6,1,6
2017360164631,1,9,0,18,0,0,1,0,0,0,1,1,6,1,25,5,998,1,9,1,1,1
2017360164631,2,2,0,18,0,0,5,0,0,0,1,1,6,2,16,4,49,1,2,2,1,2
2017360164639,1,9,0,18,0,1,0,0,0,0,1,1,6,3,-1,-1,-1,-1,-1,-1,-1,-1
2017360164639,2,9,0,18,0,1,0,0,0,0,1,1,6,2,42,7,1598,2,3,6,1,6
2017360164653,1,98,1,18,0,1,0,0,0,0,4,1,6,1,55,8,-1,-1,-1,3,1,3
2017360164653,2,9,0,18,0,5,0,0,0,0,1,1,6,2,51,8,1461,2,1,3,3,3
2017360164677,1,9,0,18,0,1,0,11,0,0,1,1,5,2,53,8,1968,2,12,6,3,6
2017360164704,1,9,0,9,0,6,0,0,0,0,1,1,6,1,-1,-1,1988,1,15,5,1,5
2017360164704,2,2,0,14,0,1,5,0,0,0,4,1,6,1,16,4,49,1,3,5,2,5
2017360164883,1,1,0,18,0,0,5,0,0,0,3,1,6,1,17,4,-1,-1,-1,-1,-1,-1
2017360164883,2,9,0,18,0,0,0,0,0,0,1,1,5,1,79,11,2993,2,8,4,1,4
2017360165037,1,9,0,5,0,6,0,0,0,0,4,1,5,1,33,6,-1,-1,-1,-1,-1,-1
2017360165037,2,9,0,18,0,8,0,0,0,0,1,1,5,1,65,9,2999,2,14,7,2,7
2017360165077,1,9,0,18,0,0,0,11,0,0,0,1,6,1,40,7,1422,1,1,-1,-1,-1
2017360165132,1,19,0,1,0,0,0,0,0,0,2,1,1,1,28,6,2143,2,4,4,1,4
2017360165132,2,5,0,4,0,0,5,0,0,0,1,1,5,1,50,8,1037,1,2,3,3,3
2017360165137,1,9,0,9,0,5,0,0,0,0,4,1,5,1,58,9,1242,1,9,5,3,5
2017360165137,2,9,0,18,0,1,0,0,0,0,4,1,2,2,39,7,1461,2,7,6,3,6
2017360165196,1,9,0,1,0,0,0,0,0,0,2,1,6,3,-1,-1,-1,-1,-1,-1,-1,-1
2017360165196,2,9,0,2,0,0,0,0,0,0,1,1,6,3,-1,-1,-1,-1,-1,-1,-1,-1
2017360165217,1,9,0,18,0,1,0,0,0,0,1,1,2,1,52,8,1598,2,2,6,3,6
2017360165217,2,19,0,10,0,1,0,0,0,0,2,1,2,1,27,6,2198,2,5,6,3,6
2017360165225,1,9,0,18,0,8,0,0,0,0,1,1,6,1,28,6,1998,1,13,8,1,8
2017360165225,2,9,0,5,0,8,0,0,0,0,3,1,6,2,36,7,1968,2,2,10,1,10
2017360165237,1,9,0,16,0,0,1,0,7,0,1,1,6,1,48,8,1956,2,3,5,2,5
2017360165250,1,1,0,-1,0,1,5,0,0,0,-1,1,5,1,49,8,-1,-1,-1,1,1,1
2017360165250,2,9,0,-1,-1,-1,-1,-1,-1,0,-1,1,6,3,-1,-1,-1,-1,-1,-1,-1,-1
2017360165395,1,9,0,7,0,8,0,0,0,0,1,1,5,2,61,9,1598,2,6,8,3,8
2017360165395,2,9,0,14,0,1,0,0,0,0,3,1,5,2,36,7,1339,1,8,7,3,7
2017360165430,1,9,0,18,0,0,0,0,0,0,1,1,2,1,47,8,1896,2,12,4,2,4
2017360165430,2,9,0,4,0,0,0,0,0,0,2,1,2,2,45,7,1395,1,1,4,2,4
2017360165451,1,22,0,18,9,1,0,0,0,0,1,1,6,2,70,10,-1,-1,-1,-1,-1,-1
2017360165571,1,9,0,18,0,0,0,0,0,0,1,1,6,1,52,8,1596,1,8,5,1,5
2017360165571,2,9,0,4,0,0,0,0,0,0,2,1,2,2,30,6,2179,2,5,5,3,5
2017360165605,1,9,0,18,0,1,0,0,0,0,1,1,5,1,20,4,1400,1,17,7,3,7
2017360165605,2,9,0,18,0,1,0,0,0,0,1,1,5,2,32,6,1598,1,8,10,3,10
2017360165667,1,9,0,10,0,1,0,0,0,0,3,1,5,1,46,8,1997,2,13,-1,-1,-1
2017360165667,2,1,0,18,0,1,5,0,0,0,1,1,6,2,20,4,-1,-1,-1,8,1,8
2017360165667,3,9,0,3,0,1,0,0,0,0,1,1,5,1,56,9,2000,2,12,3,3,3
2017360165686,1,19,0,18,0,8,0,0,0,0,4,1,6,1,23,5,2299,2,3,6,1,6
2017360165686,2,9,0,18,0,8,0,0,0,0,1,1,6,2,60,9,1242,1,10,5,3,5
2017360165697,1,9,0,18,0,0,0,0,0,0,1,1,3,1,34,6,1910,2,10,1,1,1
2017360165697,2,9,0,1,0,0,0,0,0,0,2,1,5,1,21,5,1399,1,1,4,1,4
2017360165800,1,1,0,18,0,1,0,0,0,0,1,1,5,1,52,8,-1,-1,-1,8,2,8
2017360165995,1,3,0,13,0,0,0,0,0,0,1,1,2,1,29,6,124,1,9,1,1,1
2017360165995,2,9,0,1,0,0,0,0,0,0,1,1,2,1,18,4,1124,1,12,9,2,9
2017360166090,1,9,0,18,0,0,0,0,0,0,1,1,6,1,83,11,1499,1,1,10,1,10
2017360166090,2,9,0,3,0,0,0,0,0,0,2,1,6,1,55,8,1461,2,11,6,3,6
2017360166125,1,9,0,18,0,0,0,0,0,0,3,1,5,2,36,7,898,1,2,4,1,4
2017360166125,2,1,0,18,0,0,0,0,0,0,1,1,5,1,61,9,-1,-1,-1,2,1,2
2017360166127,1,9,0,18,0,0,0,0,0,0,4,1,1,1,62,9,1598,2,5,10,1,10
2017360166192,1,8,0,18,0,0,0,0,0,0,1,1,1,1,62,9,1997,2,3,2,2,2
2017360166192,2,9,0,18,0,0,0,0,0,0,3,1,6,1,70,10,-1,-1,-1,6,1,6
2017360166331,1,9,0,18,0,1,1,0,0,0,1,1,6,2,31,6,1956,2,7,8,1,8
2017360166331,2,9,0,4,0,1,0,0,0,0,2,1,6,1,62,9,1560,2,10,4,1,4
2017360166331,3,9,0,4,0,1,0,0,0,0,2,1,6,1,39,7,-1,-1,-1,2,1,2
2017360166331,4,9,0,4,0,1,0,0,0,0,2,1,6,2,36,7,1997,2,10,2,1,2
2017360166350,1,9,0,16,0,0,0,0,1,0,1,1,5,1,18,4,1149,1,14,6,1,6
2017360166382,1,9,0,16,0,0,1,0,0,0,3,1,5,2,19,4,1422,2,9,6,3,6
2017360166382,2,9,0,17,0,0,0,0,0,0,3,1,5,2,57,9,1560,2,6,4,3,4
2017360166382,3,9,0,18,0,0,0,0,0,0,3,1,5,2,37,7,-1,3,1,9,3,9
2017360166396,1,9,0,18,0,0,0,0,0,0,1,1,6,3,-1,-1,999,1,4,-1,-1,-1
2017360166396,2,9,0,18,0,0,0,0,0,0,1,1,1,1,39,7,1596,1,12,5,3,5
2017360166410,1,9,0,1,0,1,0,0,0,0,2,1,6,1,-1,-1,1242,1,11,7,1,7
2017360166419,1,9,0,18,0,6,0,0,0,0,1,1,5,2,18,4,1242,1,8,5,3,5