Accident_Index,Vehicle_Reference,Vehicle_Type,Towing_and_Articulation,Vehicle_Manoeuvre,Vehicle_Location-Restricted_Lane,Junction_Location,Skidding_and_Overturning,Hit_Object_in_Carriageway,Vehicle_Leaving_Carriageway,Hit_Object_off_Carriageway,1st_Point_of_Impact,Was_Vehicle_Left_Hand_Drive?,Journey_Purpose_of_Driver,Sex_of_Driver,Age_of_Driver,Age_Band_of_Driver,Engine_Capacity_(CC),Propulsion_Code,Age_of_Vehicle,Driver_IMD_Decile,Driver_Home_Area_Type,Vehicle_IMD_Decile
2017360174318,2,9,0,18,0,0,0,0,0,0,2,1,6,2,40,7,1461,2,7,7,1,7
2017360174318,3,9,0,18,0,0,0,0,0,0,2,1,6,1,40,7,2987,2,10,6,2,6
2017360174318,4,9,0,18,0,0,0,0,0,0,2,1,6,1,36,7,1598,2,1,6,1,6
2017360174632,1,9,0,7,0,5,0,0,0,0,4,1,5,2,59,9,-1,-1,-1,7,1,7
2017360174632,2,1,0,18,0,1,5,0,0,0,1,1,2,2,30,6,-1,-1,-1,2,1,2
2017360174973,1,9,0,17,0,0,0,0,0,0,1,1,6,1,31,6,1796,1,16,5,3,5
2017360174973,2,9,0,18,0,0,0,0,0,0,1,1,6,1,68,10,2204,2,11,6,2,6
2017360175217,1,19,0,4,0,1,0,0,0,0,1,1,5,1,34,6,2198,2,8,2,1,2
2017360175217,2,9,0,18,0,1,0,0,0,0,1,1,5,1,63,9,1997,1,14,3,1,3
2017360175245,1,9,0,18,0,0,0,0,0,0,1,1,5,1,70,10,1997,1,11,2,1,2
2017360175309,1,9,0,3,0,1,0,0,0,0,3,1,2,2,33,6,1753,2,11,8,3,8
2017360175309,2,9,0,18,0,1,0,0,0,0,1,1,5,2,39,7,1598,1,14,4,1,4
2017360175343,1,9,0,18,0,0,0,0,0,0,1,1,1,1,28,6,1360,1,17,4,2,4
2017360175343,2,5,0,18,0,0,0,0,0,0,1,1,6,1,53,8,996,1,18,6,3,6
2017360175409,1,19,0,18,0,0,0,0,0,0,1,1,1,1,56,9,2143,2,2,1,1,1
2017360175409,2,8,0,4,0,0,0,0,0,0,1,1,1,1,62,9,-1,-1,-1,7,2,7
2017360175409,3,9,0,4,0,0,0,0,0,0,3,1,1,1,61,9,1596,1,2,2,1,2
2017360175409,4,19,0,4,0,0,0,0,0,0,3,1,1,1,43,7,1995,2,1,6,3,6
2017360175416,1,9,0,6,0,0,0,0,0,0,1,1,5,2,32,6,1328,1,10,3,1,3
2017360175416,2,3,0,18,0,0,5,0,0,0,1,1,5,1,17,4,124,1,12,1,1,1
2017360175434,1,9,0,18,0,0,0,0,0,0,1,1,6,1,58,9,1499,1,1,7,1,7
2017360175434,2,1,0,18,0,0,0,0,0,0,1,1,6,1,10,2,-1,-1,-1,1,1,1
2017360175513,1,9,0,18,0,1,0,0,0,0,3,1,5,2,90,11,1289,1,22,4,3,4
2017360175513,2,9,0,4,0,1,0,0,0,0,1,1,5,2,33,6,1968,2,7,5,3,5
2017360175648,1,9,0,1,0,0,0,0,0,0,1,1,5,1,20,4,1900,2,18,1,1,1
2017360175740,1,9,0,18,0,1,1,0,3,0,4,1,6,1,57,9,1560,2,4,3,3,3
2017360175740,2,9,0,18,0,2,0,0,0,0,3,1,6,1,73,10,1560,2,6,8,1,8
2017360175808,1,9,0,18,0,0,0,0,0,0,1,1,6,1,-1,-1,3199,1,20,-1,-1,-1
2017360175808,2,9,0,4,0,0,0,0,0,0,2,1,5,1,55,8,1229,1,5,3,1,3
2017360175880,1,9,0,18,0,0,0,0,1,4,1,1,5,1,51,8,1242,1,14,-1,-1,-1
2017360175924,1,9,0,18,0,0,0,0,0,0,1,1,5,1,77,11,1997,1,9,6,1,6
2017360175924,2,9,0,18,0,0,0,0,0,0,1,1,6,1,56,9,1870,2,9,1,1,1
2017360175924,3,9,0,4,0,0,0,0,0,0,2,1,6,1,76,11,1499,2,3,2,3,2
2017360175924,4,9,0,4,0,0,0,0,0,0,2,1,6,2,54,8,1997,2,15,1,1,1
2017360175953,1,3,0,18,0,8,5,0,0,0,3,1,5,1,48,8,125,1,2,8,3,8
2017360175953,2,9,0,18,0,8,0,0,0,0,4,1,5,3,22,5,1998,2,11,3,1,3
2017360175970,1,9,0,5,0,0,0,0,0,0,3,1,5,1,24,5,2000,1,12,5,2,5
2017360175970,2,1,0,18,0,0,5,0,0,0,1,1,6,2,43,7,-1,-1,-1,6,2,6
2017360175989,1,9,0,18,0,0,0,0,0,0,1,1,5,1,41,7,698,1,13,3,1,3
2017360175989,2,9,0,4,0,0,0,0,0,0,2,1,5,2,32,6,1796,1,10,4,1,4
2017360176205,1,19,0,18,0,1,0,0,0,0,3,1,1,2,53,8,1560,2,8,4,1,4
2017360176205,2,1,0,18,0,8,0,0,0,0,2,1,5,2,56,9,-1,-1,-1,4,1,4
2017360176205,3,1,0,18,0,8,0,0,0,0,3,1,5,2,70,10,-1,-1,-1,4,1,4
2017360176255,1,9,0,18,0,1,0,0,0,0,3,1,5,1,21,5,1149,1,10,8,1,8
2017360176255,2,9,0,18,0,1,0,0,0,0,3,1,5,2,46,8,1364,1,10,7,2,7
2017360176333,1,9,0,18,0,1,0,0,0,0,4,1,5,1,68,10,1900,2,18,6,3,6
2017360176333,2,1,0,18,0,1,0,0,0,0,0,1,2,1,52,8,-1,-1,-1,10,1,10
2017360176433,1,9,0,18,0,8,0,0,0,0,3,1,6,3,-1,-1,-1,-1,-1,-1,-1,-1
2017360176433,2,1,0,18,0,8,5,0,0,0,1,1,6,1,14,3,-1,-1,-1,1,1,1
2017360176436,1,9,0,1,0,0,0,0,3,11,1,1,6,1,62,9,1341,1,13,8,3,8
2017360176436,2,9,0,18,0,0,0,0,1,11,1,1,6,1,38,7,1781,1,27,6,1,6
2017360176598,1,9,0,18,0,0,0,0,0,0,1,1,2,1,52,8,2720,2,10,7,3,7
2017360176598,2,9,0,18,0,0,0,0,0,0,2,1,6,2,52,8,1560,2,3,9,1,9
2017360176648,1,9,0,18,0,0,0,0,7,11,3,1,5,1,57,9,-1,-1,-1,5,2,5
2017360176752,1,9,3,18,0,0,0,0,0,0,1,1,5,1,36,7,1956,2,4,2,2,2
2017360176752,2,9,0,4,0,0,0,0,0,0,2,1,5,1,58,9,4398,1,13,7,3,7
2017360176752,3,9,0,4,0,0,0,0,0,0,2,1,5,1,76,11,1560,2,1,2,2,2
2017360176818,1,9,0,18,0,1,1,0,1,0,1,1,5,2,31,6,1229,1,6,2,1,2
2017360176823,1,11,0,5,0,0,0,0,0,0,1,1,1,1,66,10,12000,2,15,1,1,1
2017360176898,1,9,0,18,0,8,0,0,0,0,3,1,5,2,66,10,1598,2,5,3,3,3
2017360176898,2,9,0,18,0,1,0,0,0,0,3,1,5,1,56,9,2231,2,11,10,2,10
2017360176947,1,9,0,18,0,0,0,0,0,0,1,1,1,1,52,8,1796,1,12,7,3,7
2017360176947,2,9,0,4,0,0,0,0,0,0,2,1,5,2,21,5,1197,1,1,4,3,4
2017360176970,1,9,0,18,0,0,0,0,0,0,1,1,6,1,35,6,1997,2,14,4,2,4
2017360176970,2,19,0,18,0,0,0,0,0,0,1,1,6,1,56,9,1995,2,8,5,1,5
2017360177043,1,9,0,18,0,0,0,0,1,4,1,1,5,1,58,9,1300,1,28,5,3,5
2017360177085,1,9,0,7,0,1,0,0,0,0,4,1,6,1,53,8,1998,2,12,2,1,2
2017360177085,2,1,0,18,0,1,5,0,0,0,3,1,6,1,37,7,-1,-1,-1,1,1,1
2017360177112,1,9,0,18,0,1,0,0,0,0,4,1,5,1,48,8,1968,2,7,1,1,1
2017360177112,2,9,0,18,0,1,0,0,0,0,1,1,6,1,45,7,2295,1,14,4,3,4
2017360177192,1,19,0,18,0,1,5,0,0,0,4,1,6,1,43,7,2198,2,3,7,1,7
2017360177192,2,9,0,18,0,1,0,0,0,0,1,1,6,1,39,7,1995,2,13,8,1,8
2017360177193,1,9,0,18,0,1,0,0,0,0,1,1,6,1,28,6,2191,2,4,9,2,9
2017360177193,2,9,0,4,0,1,0,0,0,0,2,1,6,2,48,8,1598,1,1,8,1,8
2017360177199,1,9,0,18,0,1,0,0,0,0,4,1,6,1,37,7,1951,2,13,8,1,8
2017360177199,2,1,0,18,0,1,0,0,0,0,1,1,6,2,35,6,-1,-1,-1,4,1,4
2017360177202,1,9,0,9,0,1,0,0,0,0,3,1,6,1,31,6,1986,2,9,2,1,2
2017360177202,2,3,0,18,0,1,0,0,0,0,1,1,6,1,19,4,125,1,2,4,3,4
2017360177202,3,9,0,3,0,1,0,0,0,0,2,1,6,1,29,6,1995,2,5,8,3,8
2017360177202,4,9,0,18,0,1,0,0,0,0,1,1,6,1,30,6,1390,1,16,8,1,8
2017360177202,5,9,0,18,0,1,0,0,0,0,1,1,6,1,33,6,1753,2,8,5,1,5
2017360177209,1,9,0,18,0,0,0,0,0,0,3,1,6,1,41,7,1870,2,14,1,1,1
2017360177341,1,21,0,18,0,0,0,0,0,0,1,1,6,1,24,5,8970,2,12,2,1,2
2017360177341,2,9,0,4,0,0,0,0,0,0,2,1,6,2,70,10,1560,2,11,5,3,5
2017360177385,1,9,0,9,0,0,0,0,0,0,4,1,6,2,35,6,1999,1,11,4,3,4
2017360177385,2,9,0,18,0,0,0,0,0,0,1,1,6,1,39,7,1995,2,13,-1,-1,-1
2017360177437,1,9,0,18,0,0,0,0,0,0,1,1,6,1,53,8,2184,2,8,7,2,7
2017360177453,1,9,0,5,0,8,0,0,0,0,1,1,1,1,59,9,1998,1,7,3,1,3
2017360177453,2,1,0,18,0,8,5,0,0,0,4,1,6,1,28,6,-1,-1,-1,4,1,4
2017360177479,1,9,0,9,0,6,0,0,0,0,1,1,5,1,31,6,1781,1,15,4,1,4
2017360177479,2,19,0,18,0,1,0,0,0,0,1,1,1,1,44,7,2148,2,11,2,2,2
2017360177536,1,9,0,18,0,0,0,0,0,0,1,1,5,2,37,7,1598,2,1,9,2,9
2017360177536,2,9,0,4,0,0,0,0,0,0,2,1,1,2,26,6,1197,1,-1,3,2,3
2017360177569,1,9,0,18,0,1,0,0,0,0,1,1,5,2,67,10,996,1,8,7,2,7
2017360177569,2,9,0,3,0,1,0,0,0,0,2,1,5,2,59,9,1364,1,7,1,1,1
2017360177598,1,9,0,18,0,0,0,0,1,4,1,1,6,2,32,6,1997,2,4,8,3,8
2017360177619,1,9,0,18,0,8,0,0,0,0,3,1,6,1,30,6,1870,2,14,7,3,7
2017360177619,2,9,0,9,0,8,0,0,0,0,1,1,6,2,42,7,1997,2,8,4,3,4
2017360177653,1,19,0,18,0,0,0,0,7,0,1,1,2,1,33,6,2198,2,6,6,2,6
2017360177653,2,9,0,18,0,0,0,0,0,0,1,1,2,1,21,5,1398,2,4,-1,-1,-1
2017360177703,1,9,0,18,0,0,0,0,0,0,1,1,6,1,41,7,1396,1,14,6,3,6
2017360177728,1,9,0,18,0,0,0,0,0,0,1,1,2,1,34,6,1596,1,9,-1,-1,-1
2017360177728,2,9,0,4,0,0,0,0,0,0,2,1,5,1,39,7,1560,2,5,8,1,8
2017360177802,1,9,0,18,0,0,0,0,0,0,1,1,5,2,27,6,998,1,3,4,1,4
2017360177802,2,9,0,18,0,0,0,0,0,0,1,1,5,1,37,7,-1,-1,-1,2,1,2
2017360177802,3,9,0,18,0,0,0,0,0,0,1,1,5,1,28,6,1781,1,16,8,1,8
2017360177869,1,9,0,18,0,1,0,0,0,0,1,1,6,1,-1,-1,2993,2,1,-1,-1,-1
2017360177869,2,9,0,2,0,1,0,0,0,0,2,1,5,2,31,6,1995,2,8,6,1,6
2017360178147,1,1,0,18,0,8,5,0,0,0,3,1,2,1,31,6,-1,-1,-1,7,1,7
2017360178147,2,9,0,9,0,8,0,0,0,0,1,1,2,1,28,6,1685,2,1,4,1,4
2017360178669,1,9,0,7,0,0,0,0,0,0,1,1,3,2,36,7,2191,2,4,3,3,3
2017360178669,2,2,0,18,0,0,5,0,0,0,1,1,4,2,17,4,50,1,1,5,3,5
2017360178700,1,9,0,18,0,0,0,0,0,0,1,1,5,1,27,6,1390,1,19,-1,-1,-1
2017360178758,1,9,0,9,0,0,0,0,0,0,4,1,5,1,29,6,1798,1,12,4,2,4
2017360178799,1,9,0,18,0,0,0,0,0,0,1,1,5,1,45,7,1598,1,17,7,3,7
2017360178799,2,9,0,3,0,0,0,0,0,0,2,1,6,2,18,4,998,1,4,5,3,5
2017360178799,3,9,0,4,0,0,0,0,0,0,2,1,5,1,22,5,1598,1,10,7,2,7
2017360178799,4,9,0,3,0,0,0,0,0,0,2,1,5,1,48,8,1598,1,8,4,1,4
2017360178923,1,9,0,18,0,8,5,0,3,0,1,1,5,1,18,4,599,1,15,6,3,6
2017360178993,1,5,0,13,0,1,5,0,0,0,4,1,5,1,34,6,790,1,12,3,1,3
2017360178993,2,21,0,12,0,1,0,0,0,0,3,1,1,1,72,10,12902,2,2,4,1,4
2017360179003,1,21,0,18,0,0,0,0,0,0,1,1,1,2,47,8,12809,2,2,4,1,4
2017360179188,1,9,0,5,0,6,5,0,0,0,3,1,6,1,65,9,1199,1,17,8,1,8
2017360179188,2,19,0,18,0,8,0,0,0,0,1,1,1,1,56,9,-1,-1,-1,1,1,1
2017360179230,1,9,0,18,0,0,0,0,0,0,1,1,5,1,70,10,1200,1,1,1,1,1
2017360179251,1,9,0,18,0,0,0,0,0,0,1,1,6,1,27,6,1686,2,14,7,2,7
2017360179251,2,19,0,18,0,0,0,0,0,0,1,1,6,1,27,6,2143,2,1,4,3,4
2017360179305,1,9,0,18,0,0,0,0,1,3,4,1,5,1,18,4,1398,1,-1,1,1,1
2017360179323,1,9,0,18,0,0,0,0,7,0,1,1,6,1,24,5,1600,1,25,6,3,6
2017360179325,1,9,0,18,0,4,0,0,0,0,1,1,1,1,32,6,1798,8,-1,1,1,1
2017360179325,2,1,0,18,0,8,5,0,0,0,1,1,6,1,28,6,-1,-1,-1,2,1,2
2017360179365,1,9,0,10,0,1,0,0,0,0,1,1,6,2,17,4,999,1,1,7,3,7
2017360179365,2,9,0,18,0,1,0,0,0,0,1,1,2,1,33,6,-1,-1,-1,4,1,4
2017360179453,1,9,0,18,0,2,0,0,7,10,1,1,1,1,25,5,-1,-1,-1,7,1,7
2017360179453,2,9,0,18,0,1,0,0,0,0,3,1,5,2,69,10,796,1,7,6,2,6
2017360179453,3,9,0,18,0,1,0,0,1,10,3,1,5,1,66,10,1798,1,1,6,2,6
2017360179478,1,11,0,4,0,0,0,0,0,0,0,1,1,1,53,8,9000,2,14,7,2,7
2017360179498,1,9,0,18,0,0,0,0,7,0,1,1,5,1,29,6,1398,2,13,6,3,6
2017360179498,2,9,4,18,0,0,0,0,7,0,2,1,5,1,47,8,-1,-1,-1,6,3,6
2017360179567,1,20,0,18,0,0,0,0,0,0,3,1,1,1,37,7,4485,2,1,4,3,4
2017360179567,2,9,0,2,0,0,0,0,0,0,3,1,6,3,-1,-1,-1,-1,-1,-1,-1,-1
2017360179567,3,9,0,2,0,0,0,0,0,0,3,1,6,3,-1,-1,-1,-1,-1,-1,-1,-1
2017360179567,4,9,0,2,0,0,0,0,0,0,2,1,6,3,-1,-1,-1,-1,-1,-1,-1,-1
2017360179702,1,19,0,18,0,1,0,0,0,0,1,1,6,1,30,6,1560,2,5,6,2,6
2017360179702,2,9,0,18,0,1,0,0,0,0,3,1,6,2,26,6,1461,2,5,3,3,3
2017360179727,1,9,0,18,0,0,0,0,0,0,3,1,6,3,-1,-1,-1,-1,-1,-1,-1,-1
2017360179727,2,9,0,18,0,0,0,0,0,0,3,1,6,2,26,6,1598,1,6,6,1,6
2017360179768,1,9,0,18,0,8,0,0,0,0,1,1,5,2,31,6,1598,1,13,4,1,4
2017360179768,2,9,0,18,0,8,0,0,0,0,4,1,1,1,-1,-1,1499,2,1,-1,-1,-1
2017360179846,1,9,0,13,0,0,0,0,0,0,0,1,6,3,-1,-1,-1,-1,-1,-1,-1,-1
2017360179846,2,1,0,14,0,0,2,0,0,0,1,1,5,1,44,7,-1,-1,-1,6,3,6
2017360179864,1,9,0,18,0,0,0,0,7,4,1,1,5,2,58,9,1994,2,9,4,1,4
2017360179901,1,9,0,17,0,0,1,0,0,0,1,1,5,1,33,6,1398,2,15,9,2,9
2017360179901,2,9,0,16,0,0,0,0,0,0,1,1,5,1,34,6,2993,2,12,6,3,6
2017360180022,1,9,0,18,0,0,0,0,0,0,1,1,6,1,17,4,1896,2,11,4,3,4
2017360180022,2,9,0,18,0,0,0,0,0,0,1,1,6,1,27,6,1796,1,10,5,3,5
2017360180135,1,9,0,18,0,0,0,0,0,0,1,1,6,1,31,6,1242,1,15,8,1,8
2017360180214,1,9,0,18,0,0,0,0,0,0,1,1,6,3,-1,-1,-1,-1,-1,-1,-1,-1
2017360180214,2,9,0,18,0,0,0,0,0,0,1,1,6,1,34,6,-1,-1,-1,4,2,4
2017360180295,1,9,0,18,0,0,0,0,0,0,3,1,6,1,57,9,2497,2,1,4,1,4
2017360180295,2,3,0,18,0,0,0,0,0,0,1,1,6,1,18,4,125,1,5,4,3,4
2017360180540,1,9,0,18,0,1,0,0,0,0,1,1,5,2,25,5,-1,-1,-1,5,1,5
2017360180540,2,9,0,9,0,1,0,0,0,0,4,1,6,1,17,4,-1,-1,-1,6,2,6
2017360180580,1,9,0,18,0,0,0,0,0,0,1,1,5,2,76,11,1395,1,1,3,3,3
2017360180580,2,9,0,2,0,0,0,0,0,0,2,1,5,1,24,5,1396,1,12,8,1,8
2017360180740,1,9,0,18,0,0,0,0,0,0,4,1,6,2,20,4,998,1,15,6,2,6
2017360180740,2,9,0,18,0,0,0,0,0,0,1,1,6,1,66,10,-1,-1,-1,3,3,3
2017360180998,1,9,0,16,0,0,0,0,0,0,1,1,5,1,20,4,999,1,11,4,3,4
2017360180998,2,9,0,17,0,0,0,0,0,0,3,1,5,2,71,10,1798,8,5,7,2,7
2017360181140,1,9,0,18,0,8,0,0,0,0,4,1,5,1,48,8,1797,8,2,8,1,8
2017360181140,2,1,0,18,0,1,5,0,0,0,1,1,5,1,55,8,-1,-1,-1,3,1,3
2017360181492,1,9,0,18,0,2,5,9,0,0,1,1,6,1,19,4,1587,1,13,1,1,1
2017360181492,2,90,0,9,0,8,0,0,0,0,2,1,1,1,46,8,-1,-1,-1,1,1,1
2017360181516,1,9,0,13,0,0,0,0,7,4,3,1,6,1,37,7,1896,2,18,2,1,2
2017360181516,2,9,0,12,0,0,0,0,0,0,0,1,6,1,49,8,2099,1,15,1,1,1
2017360181516,3,9,0,18,0,0,0,0,0,0,0,1,6,3,-1,-1,-1,-1,-1,-1,-1,-1
2017360181542,1,9,0,9,0,1,0,0,0,0,1,1,1,1,20,4,1149,1,14,5,3,5
2017360181542,2,9,0,18,0,1,0,0,0,0,1,1,5,2,74,10,-1,-1,-1,9,1,9
2017360181606,1,9,0,18,0,0,0,0,0,0,1,1,6,1,24,5,1422,2,13,1,1,1
2017360181606,2,9,0,18,0,0,0,0,0,0,1,1,6,2,27,6,1599,1,12,8,1,8
2017360181606,3,9,0,18,0,0,0,0,0,0,1,1,6,2,-1,-1,1997,1,12,1,1,1
2017360181670,1,98,0,7,0,1,0,0,0,0,1,1,6,1,51,8,-1,-1,-1,5,3,5
2017360181670,2,1,0,9,0,1,0,0,0,0,1,1,6,1,27,6,-1,-1,-1,1,1,1
2017360181818,1,9,0,-1,-1,-1,-1,-1,-1,0,-1,1,5,1,76,11,1560,2,3,5,3,5
2017360181824,1,9,0,18,0,0,0,0,0,0,1,1,1,2,30,6,1598,1,12,4,3,4
2017360181854,1,9,0,18,0,0,0,0,0,0,3,1,5,1,49,8,1468,1,14,1,1,1
2017360181859,1,3,0,18,0,0,0,0,0,0,1,1,6,1,21,5,124,1,3,4,3,4
2017360181859,2,9,0,18,0,0,0,0,0,0,4,1,6,1,83,11,1796,1,11,4,3,4
2017360181982,1,9,0,17,0,0,0,0,0,0,1,1,5,1,59,9,1985,7,15,7,3,7
2017360181982,2,9,0,16,0,0,0,0,0,0,1,1,3,1,18,4,-1,-1,-1,4,1,4
2017360182053,1,9,0,1,0,0,0,0,0,0,2,1,5,2,66,10,-1,3,3,9,2,9
2017360182131,1,9,0,17,0,0,1,0,1,4,1,1,1,1,20,4,-1,-1,-1,8,3,8
2017360182223,1,9,0,6,0,0,0,0,0,0,4,1,3,2,26,6,1390,1,9,1,1,1
2017360182223,2,11,0,18,0,0,0,0,0,0,1,1,1,2,47,8,4250,2,8,4,2,4
2017360182225,1,9,0,17,0,0,1,0,0,0,1,1,6,1,53,8,1796,1,13,6,3,6
2017360182225,2,9,0,16,0,0,0,0,1,0,1,1,6,1,28,6,1061,1,14,7,3,7
2017360182274,1,98,0,9,0,5,0,0,0,0,1,1,1,1,48,8,-1,-1,-1,9,1,9
2017360182274,2,1,0,18,0,1,5,0,0,0,1,1,6,1,39,7,-1,-1,-1,2,1,2
2017360182290,1,9,0,18,0,0,0,0,0,0,3,1,5,1,34,6,1461,2,7,4,1,4
2017360182553,1,9,0,18,0,6,0,0,0,0,1,1,5,2,32,6,1598,1,13,1,1,1
2017360182553,2,9,0,18,0,8,0,0,0,0,4,1,1,1,58,9,-1,-1,-1,9,1,9
2017360182652,1,9,0,9,0,0,0,0,0,0,3,1,5,2,60,9,1598,1,8,6,2,6
2017360182652,2,9,0,8,0,0,0,0,0,0,4,1,5,1,32,6,4163,1,8,3,3,3
2017360182688,1,9,0,18,0,1,0,0,0,0,1,1,2,1,32,6,1968,2,10,3,1,3
2017360182688,2,9,0,18,0,1,0,0,0,0,1,1,6,2,58,9,-1,-1,-1,7,3,7
2017360182688,3,19,0,18,0,1,0,0,0,0,1,1,1,1,30,6,1997,2,11,7,3,7
2017360182688,4,3,0,18,0,1,0,0,0,0,0,1,5,2,18,4,115,1,1,6,3,6
2017360182758,1,9,0,18,0,8,0,0,0,0,3,1,1,1,20,4,1198,1,14,2,1,2
2017360182758,2,9,0,18,0,8,0,0,0,0,1,1,1,1,18,4,-1,-1,-1,7,3,7
2017360182823,1,9,0,5,0,8,0,0,0,0,1,1,5,1,17,4,1248,2,9,6,2,6
2017360182823,2,3,0,18,0,1,0,0,0,0,1,1,5,2,68,10,124,1,12,-1,-1,-1
2017360182885,1,3,0,18,0,8,0,0,0,0,1,1,2,1,25,5,124,1,6,8,3,8
2017360182885,2,9,0,18,0,8,0,0,0,0,4,1,5,2,62,9,1368,1,5,9,1,9
2017360183095,1,9,0,18,0,0,0,0,0,0,1,1,5,2,32,6,2204,2,11,1,1,1
2017360183095,2,1,0,18,0,0,5,0,0,0,3,1,5,1,8,2,-1,-1,-1,1,1,1
2017360183123,1,9,3,18,0,3,0,0,0,0,3,1,6,1,44,7,1997,2,4,10,1,10
2017360183123,2,19,0,18,0,3,0,0,0,0,4,1,6,2,45,7,-1,-1,-1,4,3,4
2017360183200,1,9,0,18,0,0,0,0,0,0,4,1,1,1,29,6,1798,8,1,2,1,2
2017360183205,1,19,0,9,0,1,0,0,0,0,1,1,1,1,65,9,1461,2,4,4,3,4
2017360183205,2,5,0,18,0,1,0,0,0,0,4,1,5,1,26,6,599,1,12,2,1,2
2017360183215,1,9,0,9,0,1,0,0,0,0,1,1,5,1,28,6,1910,2,12,-1,-1,-1
2017360183215,2,9,0,18,0,1,0,0,0,0,1,1,5,1,36,7,1598,1,15,-1,-1,-1
2017360183251,1,9,0,9,0,0,0,0,0,0,1,1,5,2,81,11,1390,1,12,4,3,4
2017360183251,2,3,0,18,0,0,5,0,0,0,1,1,6,1,23,5,125,1,7,5,3,5
2017360183408,1,9,0,9,0,6,0,0,0,0,1,1,5,1,75,10,1997,2,1,4,1,4
2017360183408,2,20,0,18,0,1,0,0,0,0,1,1,5,2,51,8,2000,2,32,6,1,6
2017360183590,1,9,0,18,0,0,0,0,0,0,3,1,6,3,-1,-1,-1,-1,-1,-1,-1,-1
2017360183590,2,9,0,18,0,0,0,0,0,0,3,1,6,1,57,9,1461,2,2,6,1,6
2017360183627,1,9,0,18,0,0,2,0,1,9,1,1,6,1,32,6,1994,1,12,-1,-1,-1
2017360183669,1,9,0,9,0,0,0,0,7,0,1,1,2,2,27,6,1995,2,3,4,3,4
2017360183669,2,9,0,18,0,0,0,0,0,0,3,1,2,1,50,8,-1,-1,-1,3,1,3
2017360183941,1,9,0,18,0,0,0,0,0,0,1,1,6,3,-1,-1,-1,-1,-1,-1,-1,-1
2017360184030,1,9,0,18,0,0,0,0,0,0,1,1,6,1,-1,-1,-1,-1,-1,-1,-1,-1
2017360184113,1,9,0,18,0,0,0,0,0,0,4,1,6,2,58,9,1197,1,3,6,3,6
2017360184113,2,9,0,3,0,0,0,0,0,0,2,1,6,1,31,6,1364,1,9,7,1,7
2017360184113,3,9,0,3,0,0,0,0,0,0,3,1,6,2,55,8,998,1,5,8,1,8
2017360184191,1,9,0,9,0,8,0,0,0,0,1,1,6,2,54,8,1587,1,11,2,1,2
2017360184191,2,9,0,18,0,1,0,0,0,0,1,1,6,1,20,4,-1,-1,-1,5,2,5
2017360184214,1,9,0,18,0,1,0,0,1,0,1,1,5,1,29,6,1398,1,15,10,1,10
2017360184214,2,9,0,2,0,1,0,0,0,0,2,1,6,3,-1,-1,-1,-1,-1,-1,-1,-1
2017360184214,3,9,0,2,0,1,0,0,0,0,0,1,6,3,-1,-1,-1,-1,-1,-1,-1,-1
2017360184214,4,9,0,2,0,1,0,0,0,0,2,1,6,3,-1,-1,-1,-1,-1,-1,-1,-1
2017360184214,5,9,0,2,0,1,0,0,0,0,2,1,6,3,-1,-1,-1,-1,-1,-1,-1,-1
2017360184247,1,9,0,4,0,0,0,0,0,0,0,1,6,2,18,4,-1,-1,-1,3,3,3
2017360184247,2,9,0,7,0,0,0,0,0,0,0,1,6,1,50,8,-1,-1,-1,4,3,4
2017360184268,1,9,0,18,0,0,0,0,0,0,1,1,5,2,17,4,1598,1,15,9,1,9
2017360184268,2,9,0,4,0,0,0,0,0,0,2,1,2,1,66,10,1968,2,2,10,3,10
2017360184268,3,9,0,4,0,0,0,0,0,0,2,1,5,1,69,10,-1,-1,-1,6,1,6
2017360184338,1,9,0,18,0,1,0,0,0,0,1,1,2,1,28,6,-1,-1,-1,4,3,4
2017360184338,2,9,0,7,0,1,0,0,0,0,2,1,5,1,56,9,1389,1,11,6,2,6
2017360184381,1,9,0,18,0,1,0,0,0,0,1,1,2,1,32,6,1997,2,12,1,1,1
2017360184381,2,9,0,10,0,1,0,0,0,0,2,1,2,2,25,5,998,1,4,-1,-1,-1
2017360184551,1,9,0,18,0,2,0,0,0,0,1,1,5,2,44,7,1796,1,10,4,1,4
2017360184567,1,9,0,3,0,0,0,0,0,0,2,1,6,1,84,11,1560,2,11,9,3,9
2017360184567,2,9,0,4,0,0,0,0,0,0,2,1,6,1,40,7,1240,1,9,-1,-1,-1
2017360184567,3,9,0,4,0,0,0,0,0,0,2,1,6,2,25,5,1242,1,3,10,1,10
2017360184567,4,9,0,18,0,0,0,0,0,0,1,1,6,1,32,6,2261,1,1,2,1,2
2017360184758,1,9,0,18,0,0,0,0,0,0,1,1,6,3,-1,-1,-1,-1,-1,-1,-1,-1
2017360184781,1,9,0,18,0,3,0,0,0,0,1,1,6,1,48,8,1984,1,-1,6,3,6
2017360184781,2,21,1,2,0,1,0,0,0,0,3,1,6,1,49,8,12809,2,1,8,3,8
2017360184781,3,9,0,18,0,8,0,0,0,0,0,1,6,1,61,9,1368,1,1,6,3,6
2017360184880,1,9,0,18,0,0,0,0,0,0,3,1,6,2,80,11,1560,2,5,6,3,6
2017360184880,2,9,0,14,0,0,5,0,0,0,2,1,6,3,-1,-1,-1,-1,-1,-1,-1,-1