Accident_Index,Vehicle_Reference,Vehicle_Type,Towing_and_Articulation,Vehicle_Manoeuvre,Vehicle_Location-Restricted_Lane,Junction_Location,Skidding_and_Overturning,Hit_Object_in_Carriageway,Vehicle_Leaving_Carriageway,Hit_Object_off_Carriageway,1st_Point_of_Impact,Was_Vehicle_Left_Hand_Drive?,Journey_Purpose_of_Driver,Sex_of_Driver,Age_of_Driver,Age_Band_of_Driver,Engine_Capacity_(CC),Propulsion_Code,Age_of_Vehicle,Driver_IMD_Decile,Driver_Home_Area_Type,Vehicle_IMD_Decile
2017360184952,1,9,0,9,0,8,0,0,0,0,3,1,1,1,56,9,1685,2,1,5,3,5
2017360184952,2,1,0,7,0,8,5,0,0,0,3,1,5,1,30,6,-1,-1,-1,2,1,2
2017360184978,1,9,0,18,0,0,0,0,0,0,1,1,5,2,25,5,1242,1,15,5,3,5
2017360184978,2,9,0,18,0,0,0,0,0,0,1,1,5,2,37,7,1598,1,7,9,2,9
2017360185004,1,9,0,5,0,0,0,0,0,0,3,1,6,2,32,6,1596,1,3,7,3,7
2017360185065,1,9,0,18,0,0,0,0,0,0,1,1,5,2,54,8,1796,1,15,5,3,5
2017360185090,1,9,0,18,0,0,5,0,7,9,3,1,6,1,38,7,1910,2,11,4,3,4
2017360185264,1,9,0,16,0,1,2,0,1,9,1,1,5,1,25,5,1753,2,17,3,1,3
2017360185264,2,9,0,16,0,1,0,0,0,0,0,1,1,1,41,7,1997,2,4,-1,-1,-1
2017360185271,1,5,0,18,0,0,5,0,0,0,1,1,6,1,30,6,-1,-1,-1,1,1,1
2017360185271,2,5,0,18,0,0,0,0,0,0,2,1,6,1,25,5,749,1,10,5,1,5
2017360185366,1,9,0,9,0,1,0,0,0,0,1,1,6,1,20,4,1598,1,11,6,1,6
2017360185366,2,9,0,17,0,1,0,0,0,0,3,1,6,1,22,5,-1,-1,-1,6,2,6
2017360185396,1,9,0,18,0,0,0,0,0,0,1,1,6,1,68,10,2435,1,12,5,3,5
2017360185396,2,9,0,5,0,0,0,0,0,0,1,1,6,2,41,7,1560,2,11,6,2,6
2017360185418,1,9,0,9,0,6,0,0,0,0,3,1,5,2,54,8,998,1,3,6,1,6
2017360185418,2,3,0,18,0,1,5,0,0,0,1,1,5,1,33,6,125,1,15,2,2,2
2017360185436,1,9,0,14,0,1,0,0,0,0,1,1,6,1,24,5,3528,1,31,6,3,6
2017360185436,2,9,0,18,0,1,0,0,0,0,1,1,6,2,64,9,1975,1,11,9,3,9
2017360185436,3,9,0,4,0,1,0,0,0,0,0,1,6,1,36,7,1998,1,8,5,3,5
2017360185455,1,9,0,17,0,0,0,0,0,0,1,1,6,1,25,5,1910,2,12,7,3,7
2017360185455,2,9,0,4,0,0,0,0,0,0,2,1,6,1,61,9,1598,2,4,-1,-1,-1
2017360185522,1,5,0,16,0,0,2,0,0,0,4,1,5,1,37,7,645,1,12,3,1,3
2017360185536,1,9,0,18,0,0,0,0,0,0,1,1,5,1,56,9,1499,2,-1,4,3,4
2017360185536,2,21,1,18,0,0,0,0,0,0,1,1,1,1,55,8,10518,2,5,3,3,3
2017360185553,1,9,4,18,0,2,0,0,0,0,1,1,5,1,31,6,1560,2,8,3,1,3
2017360185553,2,9,0,4,0,2,0,0,0,0,2,1,5,1,47,8,-1,-1,-1,6,1,6
2017360185612,1,9,0,18,0,0,5,0,0,0,3,1,5,1,53,8,1596,1,15,2,1,2
2017360185612,2,9,0,2,0,0,0,0,0,0,2,1,6,3,-1,-1,-1,-1,-1,-1,-1,-1
2017360185637,1,9,0,18,0,0,0,0,0,0,1,1,6,1,23,5,1390,1,16,8,1,8
2017360185702,1,9,0,18,0,1,0,0,0,0,1,1,6,1,-1,-1,-1,-1,-1,-1,-1,-1
2017360185702,2,19,0,4,0,1,0,0,0,0,2,1,6,1,49,8,1560,2,1,2,1,2
2017360185985,1,9,0,6,0,0,0,0,0,0,2,1,5,1,88,11,-1,-1,-1,5,2,5
2017360185985,2,9,5,2,0,0,0,0,0,0,1,1,6,3,-1,-1,-1,-1,-1,-1,-1,-1
2017360186015,1,9,0,12,0,0,1,0,1,9,1,1,2,1,20,4,-1,-1,-1,5,3,5
2017360186015,2,9,0,18,0,0,2,0,1,9,4,1,5,1,33,6,2000,1,13,-1,-1,-1
2017360186220,1,3,0,3,0,6,0,0,0,0,4,1,1,1,23,5,125,1,3,1,1,1
2017360186220,2,9,0,18,0,1,0,0,0,0,1,1,6,1,27,6,-1,-1,-1,4,3,4
2017360186247,1,1,0,18,0,0,0,0,0,0,1,1,6,1,20,4,-1,-1,-1,6,3,6
2017360186247,2,9,0,18,0,0,0,0,0,0,1,1,6,3,16,4,-1,-1,-1,-1,-1,-1
2017360186390,1,9,0,1,0,0,0,0,0,0,2,1,6,1,27,6,1399,2,8,2,1,2
2017360186503,1,9,0,18,0,0,0,0,0,0,1,1,2,1,52,8,2198,1,15,3,1,3
2017360186533,1,9,0,7,0,6,0,0,0,0,2,1,5,2,82,11,1339,1,10,3,3,3
2017360186533,2,9,0,18,0,1,0,0,0,0,1,1,5,1,65,9,3498,1,10,7,3,7
2017360186590,1,5,0,13,0,0,0,0,0,0,4,1,6,1,59,9,996,1,17,-1,-1,-1
2017360186726,1,9,0,18,0,0,0,0,0,0,4,1,6,3,17,4,-1,-1,-1,-1,-1,-1
2017360186803,1,9,0,4,0,0,0,0,0,0,4,1,5,2,28,6,1968,2,1,9,1,9
2017360186803,2,9,0,18,0,0,0,0,0,0,1,1,5,1,54,8,1968,2,7,3,1,3
2017360186835,1,9,0,18,0,0,0,0,0,0,4,1,6,3,30,6,-1,-1,-1,5,3,5
2017360186963,1,9,0,18,0,0,0,0,0,0,1,1,6,3,17,4,-1,-1,-1,-1,-1,-1
2017360186963,2,1,0,18,0,0,0,0,0,0,2,1,5,1,49,8,-1,-1,-1,5,3,5
2017360186981,1,9,0,9,0,8,0,0,0,0,3,1,1,1,56,9,-1,-1,-1,8,1,8
2017360186981,2,5,0,18,0,8,0,0,0,0,3,1,2,1,47,8,918,1,18,4,2,4
2017360187001,1,98,0,5,0,6,0,0,0,0,1,1,6,3,-1,-1,-1,-1,-1,-1,-1,-1
2017360187001,2,1,0,18,0,1,5,0,0,0,4,1,6,1,60,9,-1,-1,-1,6,1,6
2017360187133,1,9,0,18,0,1,1,0,7,11,1,1,5,1,21,5,1896,2,16,1,1,1
2017360187133,2,9,0,3,0,1,0,0,0,0,1,1,2,1,57,9,1796,1,15,1,1,1
2017360187578,1,9,0,18,0,0,0,0,0,0,1,1,6,3,-1,-1,-1,-1,-1,-1,-1,-1
2017360187578,2,1,0,18,0,0,5,0,0,0,2,1,6,1,22,5,-1,-1,-1,7,1,7
2017360187600,1,3,0,18,0,0,0,0,0,0,1,1,6,1,49,8,125,1,2,8,3,8
2017360187600,2,9,0,18,0,0,0,0,0,0,2,1,6,1,36,7,2435,1,18,7,1,7
2017360187634,1,9,0,13,0,0,0,0,0,0,1,1,6,1,62,9,1783,1,14,-1,-1,-1
2017360187634,2,9,0,18,0,0,0,0,0,0,3,1,6,2,17,4,1242,1,14,5,2,5
2017360187634,3,9,0,18,0,0,0,0,0,0,1,1,6,1,20,4,1560,2,3,7,1,7
2017360187684,1,9,0,18,0,0,0,0,0,0,1,1,6,2,25,5,1896,2,9,1,1,1
2017360187684,2,1,0,18,0,0,0,0,0,0,1,1,6,2,44,7,-1,-1,-1,10,1,10
2017360187743,1,9,0,18,0,0,0,0,0,0,1,1,6,1,21,5,1124,1,15,1,1,1
2017360187743,2,9,0,18,0,0,0,0,0,0,4,1,6,1,36,7,2993,2,10,1,1,1
2017360187804,1,9,0,18,0,0,0,0,0,0,1,1,6,3,-1,-1,-1,-1,-1,-1,-1,-1
2017360187804,2,3,0,18,0,0,0,0,0,0,1,1,6,1,33,6,124,1,6,4,1,4
2017360187900,1,9,0,1,0,1,0,0,0,0,2,1,5,1,38,7,-1,-1,-1,2,1,2
2017360187954,1,9,0,18,0,0,0,0,7,1,3,1,6,1,68,10,1997,2,3,7,3,7
2017360187954,2,9,0,5,0,0,0,0,0,0,0,1,5,1,22,5,1598,1,2,2,1,2
2017360187980,1,21,1,9,0,5,0,0,0,0,4,1,1,1,21,5,10518,2,8,6,3,6
2017360187980,2,3,0,18,0,1,5,0,0,0,1,1,4,2,18,4,124,1,2,-1,-1,-1
2017360188227,1,9,0,7,0,6,0,0,0,0,1,1,6,1,40,7,1999,1,2,8,1,8
2017360188227,2,9,0,4,0,2,0,0,0,0,2,1,2,1,20,4,1242,1,10,5,1,5
2017360188331,1,9,0,18,0,0,0,0,1,4,1,1,5,2,20,4,1360,1,10,8,2,8
2017360188436,1,9,0,9,0,8,0,0,0,0,1,1,5,2,80,11,1499,1,1,6,2,6
2017360188436,2,9,0,9,0,8,0,0,0,0,2,1,5,2,59,9,1248,1,3,4,3,4
2017360188474,1,9,0,1,0,0,0,0,0,0,2,1,5,1,42,7,1200,1,3,2,1,2
2017360188474,2,9,0,2,0,0,0,0,0,0,4,1,5,2,31,6,999,1,-1,1,1,1
2017360188507,1,9,0,18,0,4,5,0,0,0,1,1,5,2,43,7,1995,2,2,5,3,5
2017360188651,1,9,0,18,0,0,0,0,0,0,1,1,5,1,53,8,1968,2,4,5,3,5
2017360188651,2,9,0,18,0,0,0,0,0,0,1,1,5,1,23,5,1296,1,17,3,1,3
2017360188697,1,9,0,18,0,8,0,0,0,0,0,1,5,2,50,8,1796,1,15,4,2,4
2017360188697,2,1,0,9,0,8,0,0,0,0,0,1,5,2,43,7,-1,-1,-1,1,1,1
2017360188708,1,98,0,18,0,0,2,0,0,0,1,1,5,1,22,5,-1,-1,-1,1,1,1
2017360188708,2,9,0,18,0,0,0,0,0,0,4,1,5,2,38,7,1910,2,12,6,3,6
2017360188785,1,9,0,5,0,1,0,0,0,0,2,1,5,1,46,8,1560,2,2,3,1,3
2017360188785,2,9,0,18,0,1,0,0,0,0,1,1,5,2,40,7,1242,1,6,-1,-1,-1
2017360188848,1,9,0,18,0,0,0,0,0,0,1,1,6,1,19,4,1242,1,11,1,1,1
2017360188881,1,9,0,9,0,1,0,0,0,0,1,1,5,2,84,11,998,1,6,-1,-1,-1
2017360188881,2,9,0,18,0,1,0,0,0,0,1,1,5,1,52,8,1999,1,16,7,3,7
2017360188910,1,9,0,18,0,0,0,0,0,0,2,1,5,1,26,6,-1,-1,-1,4,3,4
2017360188910,2,9,0,18,0,0,0,0,0,0,2,1,2,2,48,8,1910,2,7,4,3,4
2017360188910,3,9,0,18,0,0,0,0,0,0,0,1,1,1,37,7,2993,2,4,5,3,5
2017360188929,1,9,0,18,0,0,0,0,0,0,1,1,6,2,47,8,1595,1,1,3,1,3
2017360188929,2,9,0,18,0,0,0,0,0,0,3,1,6,1,29,6,-1,-1,-1,1,1,1
2017360188983,1,9,0,18,0,0,0,0,0,0,1,1,6,2,51,8,1229,1,7,7,3,7
2017360188983,2,1,0,18,0,0,0,0,0,0,1,1,6,2,47,8,-1,-1,-1,5,1,5
2017360189031,1,3,0,18,0,0,0,0,0,0,3,1,2,1,21,5,108,1,-1,6,2,6
2017360189063,1,9,0,18,0,1,0,0,0,0,1,1,1,1,25,5,-1,-1,-1,6,2,6
2017360189063,2,9,0,5,0,1,0,0,0,0,2,1,2,1,54,8,-1,-1,-1,4,3,4
2017360189113,1,9,0,18,0,0,0,0,0,0,1,1,6,1,42,7,1896,2,13,1,1,1
2017360189113,2,9,0,18,0,0,0,0,0,0,4,1,5,2,53,8,1995,2,4,6,3,6
2017360189390,1,9,0,18,0,8,5,0,1,1,4,1,5,1,37,7,1998,1,13,5,2,5
2017360189810,1,9,0,18,0,0,0,0,0,0,1,1,1,1,37,7,-1,-1,-1,4,3,4
2017360189849,1,9,0,8,0,2,0,0,0,0,4,1,5,1,19,4,1796,1,16,2,3,2
2017360189849,2,1,0,18,9,1,5,0,0,0,1,1,6,1,42,7,-1,-1,-1,1,1,1
2017360189950,1,9,0,17,0,1,5,0,1,3,1,1,5,1,46,8,2495,2,15,5,3,5
2017360189967,1,19,0,18,0,0,0,0,0,0,1,1,6,1,34,6,1998,2,12,-1,-1,-1
2017360189967,2,1,0,18,0,0,5,0,0,0,2,1,6,1,45,7,-1,-1,-1,5,3,5
2017360189998,1,19,0,9,0,0,0,0,0,0,4,1,1,1,53,8,1598,2,1,4,1,4
2017360189998,2,19,0,18,0,0,0,0,0,0,1,1,1,1,26,6,1686,2,15,8,1,8
2017360190077,1,19,0,14,0,1,0,0,0,0,4,1,1,1,44,7,2198,2,1,2,1,2
2017360190077,2,90,0,3,0,2,0,0,0,0,0,1,6,3,-1,-1,-1,-1,-1,-1,-1,-1
2017360190252,1,9,0,18,0,0,0,0,0,0,0,1,6,1,-1,-1,1796,1,16,2,1,2
2017360190252,2,1,0,18,0,0,0,0,0,0,1,1,6,1,49,8,-1,-1,-1,8,1,8
2017360190264,1,9,0,18,0,0,0,0,0,0,1,1,5,1,75,10,1984,1,22,2,1,2
2017360190264,2,9,0,3,0,0,0,0,0,0,2,1,5,1,43,7,1997,2,6,3,1,3
2017360190264,3,9,0,3,0,0,0,0,0,0,2,1,5,2,37,7,1560,2,2,4,3,4
2017360190308,1,9,0,18,0,0,0,0,0,0,1,1,5,1,85,11,796,1,13,4,3,4
2017360190308,2,9,0,2,0,0,0,0,0,0,2,1,6,2,34,6,1999,2,1,4,3,4
2017360190340,1,4,0,18,0,0,2,0,7,0,0,1,5,1,21,5,499,1,10,6,2,6
2017360190365,1,1,0,18,0,0,0,0,0,0,1,1,6,1,52,8,-1,-1,-1,2,1,2
2017360190365,2,9,0,18,0,0,0,0,0,0,2,1,6,1,28,6,1596,1,7,3,1,3
2017360190418,1,9,0,9,0,8,0,0,0,0,1,1,5,1,20,4,1796,1,8,1,1,1
2017360190418,2,9,0,18,0,1,5,0,0,0,1,1,3,1,18,4,1242,1,7,7,3,7
2017360190459,1,9,0,18,0,0,0,0,0,0,1,1,6,1,33,6,2435,1,15,1,1,1
2017360190459,2,5,0,18,0,0,0,0,0,0,1,1,6,1,38,7,1100,1,17,7,3,7
2017360190508,1,9,0,18,0,0,0,0,0,0,1,1,6,1,27,6,1598,1,16,1,1,1
2017360190547,1,9,0,18,0,0,0,0,0,0,1,1,6,3,-1,-1,1598,1,17,-1,-1,-1
2017360190606,1,3,0,18,0,0,5,0,0,0,1,1,6,1,35,6,124,1,-1,-1,-1,-1
2017360190606,2,9,0,18,0,0,0,0,0,0,1,1,5,2,41,7,1999,1,16,1,1,1
2017360190635,1,17,4,4,0,0,0,0,0,0,2,1,1,1,35,6,6596,2,-1,8,2,8
2017360190635,2,9,0,18,0,0,0,0,0,0,1,1,5,1,68,10,2399,2,33,3,2,3
2017360190675,1,21,0,18,0,0,0,0,0,0,1,1,6,1,32,6,6700,2,1,1,1,1
2017360190675,2,21,0,4,0,0,0,0,0,0,2,1,6,1,29,6,2998,2,2,10,1,10
2017360190675,3,98,0,4,0,0,0,0,0,0,2,1,6,1,23,5,-1,-1,-1,6,2,6
2017360190736,1,1,0,18,0,8,5,0,0,0,1,1,6,1,20,4,-1,-1,-1,9,1,9
2017360190736,2,9,0,18,0,8,0,0,0,0,1,1,6,2,43,7,1796,1,8,4,1,4
2017360190760,1,9,0,9,0,8,0,0,0,0,1,1,5,1,24,5,1995,2,9,2,1,2
2017360190760,2,9,0,18,0,8,0,0,0,0,1,1,1,1,32,6,1997,2,4,2,2,2
2017360190760,3,9,0,18,0,8,0,0,0,0,3,1,5,2,23,5,1198,1,1,6,2,6
2017360190827,1,9,0,18,0,1,1,0,2,0,3,1,5,1,54,8,1999,2,1,3,1,3
2017360190827,2,11,0,10,0,2,0,0,0,0,3,1,1,1,25,5,-1,2,15,4,3,4
2017360190843,1,9,0,18,0,0,0,0,0,0,1,1,5,1,66,10,1948,1,16,5,3,5
2017360190843,2,9,0,2,0,0,0,0,0,0,4,1,6,3,-1,-1,-1,-1,-1,-1,-1,-1
2017360190843,3,9,0,2,0,0,0,0,0,0,1,1,6,3,-1,-1,-1,-1,-1,-1,-1,-1
2017360190843,4,9,0,2,0,0,0,0,0,0,4,1,6,3,-1,-1,-1,-1,-1,-1,-1,-1
2017360190873,1,-1,-1,18,0,4,0,0,0,0,0,1,6,3,-1,-1,-1,-1,-1,-1,-1,-1
2017360190873,2,9,0,4,0,4,0,0,0,0,2,1,1,2,41,7,998,1,10,7,2,7
2017360190873,3,9,0,4,0,1,0,0,0,0,1,1,6,1,43,7,1997,2,12,6,1,6
2017360190894,1,9,0,18,0,8,0,0,1,0,2,1,5,2,42,7,999,1,18,2,1,2
2017360190894,2,9,0,18,0,8,0,0,0,0,1,1,5,2,70,10,4999,1,7,6,3,6
2017360190976,1,9,0,18,0,8,0,0,0,0,1,1,5,1,20,4,1390,1,15,6,3,6
2017360190976,2,9,0,9,0,8,0,0,0,0,1,1,5,2,28,6,1582,2,4,10,1,10
2017360191015,1,9,0,18,0,0,0,0,0,0,1,1,6,1,-1,-1,1596,1,20,7,3,7
2017360191034,1,9,0,5,0,0,0,0,0,0,1,1,1,1,41,7,1598,1,3,10,1,10
2017360191118,1,9,0,18,0,0,0,0,0,0,4,1,5,2,22,5,1360,1,13,3,1,3
2017360191139,1,9,0,9,0,6,0,0,0,0,1,1,5,1,93,11,2387,2,14,4,1,4
2017360191139,2,5,0,18,0,1,5,0,0,0,1,1,5,1,30,6,1690,1,2,6,3,6
2017360191139,3,5,0,18,0,1,5,0,0,0,1,1,5,1,56,9,1690,1,3,7,1,7
2017360191185,1,9,0,18,0,0,0,0,0,0,1,1,2,2,21,5,1598,1,7,4,2,4
2017360191185,2,9,0,4,0,0,0,0,0,0,2,1,6,1,51,8,1896,2,8,8,2,8
2017360191185,3,9,0,4,0,0,0,0,0,0,0,1,6,2,22,5,-1,-1,-1,5,3,5
2017360191203,1,3,0,18,0,0,0,0,0,0,4,1,1,1,25,5,125,1,1,8,1,8
2017360191203,2,9,0,18,0,0,0,0,0,0,-1,1,3,1,46,8,1796,1,14,8,1,8
2017360191244,1,9,0,18,0,0,0,0,0,0,1,1,6,1,28,6,1896,2,16,1,1,1
2017360191244,2,1,0,18,0,0,0,0,0,0,3,1,6,1,15,3,-1,-1,-1,4,1,4
2017360191254,1,9,0,18,0,0,1,0,1,0,1,1,5,1,50,8,2143,2,4,8,1,8
2017360191318,1,9,0,18,0,0,0,0,0,0,1,1,6,1,28,6,1587,1,14,4,2,4
2017360191336,1,9,0,18,0,0,0,0,0,0,1,1,6,2,20,4,1199,1,15,9,1,9
2017360191336,2,1,0,18,0,0,0,0,0,0,2,1,6,2,25,5,-1,-1,-1,8,1,8
2017360191348,1,9,0,18,0,3,0,0,0,0,1,1,5,1,81,11,2400,2,4,10,3,10
2017360191348,2,9,0,18,0,3,0,0,0,0,1,1,5,1,21,5,1999,1,12,8,3,8
2017360191402,1,9,0,18,0,1,0,0,0,0,1,1,6,3,-1,-1,1497,8,5,-1,-1,-1
2017360191402,2,1,0,18,0,1,0,0,0,0,1,1,6,1,30,6,-1,-1,-1,7,3,7
2017360191425,1,-1,-1,18,0,1,0,0,0,0,-1,1,6,3,-1,-1,-1,-1,-1,-1,-1,-1
2017360191719,1,9,0,18,0,0,0,0,0,0,1,1,5,1,29,6,1968,2,7,8,1,8
2017360191719,2,9,0,18,0,0,0,0,0,0,2,1,5,1,62,9,1248,2,1,6,3,6
2017360191786,1,9,0,18,0,2,0,0,0,0,1,1,5,1,24,5,1968,2,10,6,3,6
2017360191786,2,9,0,18,0,1,0,0,0,0,4,1,5,2,27,6,1910,2,8,6,3,6
2017360192028,1,9,0,9,0,8,0,0,0,0,4,1,5,1,42,7,1900,2,17,4,1,4
2017360192028,2,4,0,18,0,8,5,0,0,0,1,1,5,1,58,9,500,1,55,3,1,3
2017360192038,1,9,0,17,0,0,2,0,1,9,1,1,6,3,-1,-1,-1,-1,-1,-1,-1,-1
2017360192045,1,5,0,17,0,1,2,0,0,0,4,1,5,1,59,9,1157,1,21,6,1,6
2017360192135,1,9,0,18,0,0,0,0,0,0,1,1,6,2,20,4,999,1,-1,5,3,5
2017360192135,2,9,0,3,0,0,0,0,0,0,2,1,6,1,52,8,1984,1,3,5,3,5
2017360192135,3,9,0,3,0,0,0,0,0,0,2,1,6,1,51,8,-1,-1,-1,3,1,3
2017360192159,1,9,0,6,0,0,0,0,0,0,3,1,1,2,58,9,1753,2,10,4,3,4
2017360192159,2,9,0,18,0,0,0,0,0,0,1,1,2,1,58,9,1596,1,8,4,1,4
2017360192193,1,9,0,2,0,0,0,0,0,0,3,1,6,2,25,5,-1,-1,-1,1,1,1
2017360192193,2,1,0,14,0,0,0,0,0,0,1,1,2,2,47,8,-1,-1,-1,1,1,1
2017360192452,1,9,0,7,0,2,0,0,0,0,1,1,5,1,48,8,2967,2,2,5,3,5
2017360192452,2,9,0,18,0,1,0,0,0,0,1,1,6,1,72,10,1896,2,13,10,1,10
2017360192514,1,9,0,9,0,2,0,0,0,0,1,1,6,1,-1,-1,2148,2,15,-1,-1,-1
2017360192514,2,9,0,18,0,1,0,0,0,0,1,1,5,1,28,6,1598,1,13,1,1,1
2017360192514,3,9,0,2,0,2,0,0,0,0,3,1,5,1,38,7,2993,2,13,3,1,3
2017360192515,1,3,0,4,0,0,0,0,0,0,1,1,5,1,19,4,108,1,-1,2,1,2
2017360192515,2,97,0,4,0,0,0,0,0,0,2,1,5,1,38,7,-1,-1,-1,8,1,8
2017360192515,3,3,0,4,0,0,0,0,0,0,0,1,6,1,20,4,108,1,-1,7,1,7
2017360192530,1,9,0,18,0,0,0,0,0,0,1,1,6,2,27,6,998,1,1,4,2,4
2017360192530,2,9,0,4,0,0,0,0,0,0,2,1,6,1,81,11,1870,2,11,6,2,6
2017360192530,3,9,0,4,0,0,0,0,0,0,1,1,5,2,67,10,875,1,4,3,1,3
2017360192530,4,9,0,4,0,0,0,0,0,0,2,1,2,2,37,7,1461,2,11,5,1,5
2017360192621,1,21,1,18,0,0,0,0,0,0,3,1,6,1,47,8,-1,-1,-1,-1,-1,-1
2017360192621,2,21,1,18,0,0,0,0,0,0,3,1,6,1,62,9,6692,2,9,4,3,4
2017360192666,1,9,0,1,0,0,0,0,0,0,2,1,6,3,-1,-1,-1,-1,-1,-1,-1,-1
2017360192666,2,9,0,18,0,0,0,0,0,0,2,1,5,2,18,4,1149,1,9,6,1,6
2017360192691,1,9,0,9,0,2,0,0,0,0,2,1,6,2,28,6,1998,1,13,6,1,6
2017360192691,2,9,0,18,0,1,0,0,0,0,1,1,6,1,59,9,1598,1,10,2,1,2
2017360192719,1,9,0,9,0,1,0,0,0,0,1,1,6,1,50,8,2993,2,12,8,1,8
2017360192719,2,5,0,18,0,1,5,0,0,0,1,1,6,1,55,8,1043,1,2,9,1,9
2017360192731,1,9,0,18,0,0,0,0,0,0,1,1,5,2,26,6,1299,1,13,2,1,2
2017360192746,1,9,0,18,0,1,0,0,0,0,1,1,5,2,40,7,1598,2,5,1,1,1
2017360192746,2,9,0,4,0,1,0,0,0,0,2,1,5,1,24,5,1332,1,20,10,1,10
2017360192914,1,19,0,18,0,0,0,0,0,0,1,1,1,1,34,6,1996,2,3,1,1,1
2017360192914,2,9,0,18,0,0,0,0,0,0,1,1,1,1,54,8,1598,1,16,-1,-1,-1
2017360192983,1,9,0,18,0,0,0,0,0,0,0,1,6,2,31,6,1910,2,12,7,2,7
2017360193100,1,9,0,18,0,0,0,0,0,0,1,1,2,2,34,6,2000,1,4,4,3,4
2017360193100,2,17,0,18,0,0,0,0,0,0,1,1,6,3,-1,-1,-1,-1,-1,-1,-1,-1
2017360193146,1,9,0,18,0,0,0,0,0,0,1,1,6,2,25,5,1390,1,14,4,1,4
2017360193146,2,9,0,18,0,0,0,0,0,0,1,1,6,2,37,7,998,1,18,6,1,6
2017360193198,1,9,0,18,0,0,0,0,0,0,0,1,6,1,21,5,1390,1,10,7,1,7
2017360193296,1,21,0,18,0,1,0,0,0,0,1,1,1,1,52,8,9290,2,5,7,1,7
2017360193296,2,9,0,9,0,1,0,0,0,0,2,1,5,2,22,5,1968,2,11,6,3,6
2017360193300,1,9,0,18,0,0,5,0,0,0,3,1,1,1,48,8,1997,2,8,5,1,5
2017360193300,2,9,0,18,0,0,1,0,0,0,4,1,6,1,55,8,1399,1,1,6,1,6
2017360193300,3,9,0,18,0,0,1,0,0,0,4,1,5,1,70,10,1998,1,7,10,1,10
2017360193360,1,21,0,5,0,4,0,0,0,0,1,1,1,1,72,10,-1,2,18,4,1,4
2017360193360,2,9,0,5,0,4,0,0,0,0,2,1,6,2,44,7,1598,1,5,1,1,1
2017360193411,1,98,0,18,0,0,0,0,0,0,4,1,1,1,43,7,-1,-1,-1,5,1,5
2017360193432,1,9,0,18,0,1,0,0,0,0,1,1,1,2,47,8,-1,-1,-1,5,1,5
2017360193432,2,1,0,18,0,2,5,0,0,0,1,1,5,1,16,4,-1,-1,-1,1,1,1
2017360193467,1,9,0,18,0,0,0,0,1,0,1,1,5,1,27,6,1995,2,7,10,1,10
2017360193477,1,1,0,18,0,0,5,0,0,0,0,1,5,1,48,8,-1,-1,-1,3,1,3
2017360193477,2,9,0,14,0,0,0,0,0,0,0,1,6,1,70,10,-1,-1,-1,1,1,1
2017360193486,1,3,0,16,0,0,0,0,0,0,1,1,5,1,29,6,125,1,1,5,3,5
2017360193486,2,9,0,17,0,0,0,0,0,0,3,1,5,1,32,6,1560,2,9,6,2,6
2017360193500,1,19,0,18,0,1,0,0,0,0,1,1,6,1,48,8,1560,2,2,9,1,9
2017360193500,2,9,0,3,0,1,0,0,0,0,2,1,6,1,50,8,1364,1,3,7,1,7
2017360193500,3,9,0,3,0,1,0,0,0,0,2,1,5,1,57,9,1197,1,3,7,2,7
2017360193547,1,9,0,7,0,1,1,0,0,0,1,1,5,1,68,10,1397,1,9,3,3,3
2017360193547,2,9,0,18,0,1,2,0,1,9,4,1,2,2,23,5,1598,1,11,4,2,4
2017360193548,1,9,0,18,0,0,0,0,0,0,4,1,5,2,62,9,1197,1,5,6,2,6
2017360193588,1,98,1,18,0,8,0,0,0,0,3,1,1,1,64,9,-1,-1,-1,-1,-1,-1
2017360193588,2,9,0,18,0,1,0,0,0,0,1,1,6,1,36,7,2987,2,10,7,1,7
2017360193594,1,9,0,16,0,0,0,0,0,0,1,1,6,1,33,6,1910,2,12,3,1,3
2017360193594,2,9,0,18,0,0,0,0,0,0,1,1,5,1,59,9,1796,1,9,6,3,6
2017360193611,1,9,0,10,0,1,0,0,0,0,4,1,5,2,89,11,1598,1,9,8,1,8
2017360193611,2,1,0,18,0,1,5,0,0,0,1,1,2,1,38,7,-1,-1,-1,-1,-1,-1
2017360193631,1,9,0,3,0,1,0,0,0,0,1,1,5,2,60,9,1600,1,18,10,1,10
2017360193631,2,9,0,18,0,1,0,0,0,0,1,1,1,2,30,6,1598,2,-1,-1,-1,-1
2017360193635,1,-1,-1,-1,-1,0,-1,-1,-1,0,-1,1,6,3,-1,-1,-1,-1,-1,-1,-1,-1
2017360193640,1,9,0,5,0,7,0,0,0,0,4,1,5,1,75,10,1753,2,7,8,1,8
2017360193640,2,9,0,18,0,8,0,4,0,0,3,1,5,2,54,8,1360,1,12,2,1,2
2017360193640,3,9,0,2,0,2,0,0,0,0,2,1,6,3,-1,-1,-1,-1,-1,-1,-1,-1
2017360194220,1,9,0,18,0,8,0,0,1,0,4,1,6,2,71,10,1398,2,12,-1,-1,-1
2017360194220,2,9,0,18,0,8,0,0,7,0,1,1,6,1,47,8,1398,2,3,-1,-1,-1
2017360194275,1,90,0,18,0,0,0,0,0,0,0,1,5,1,29,6,-1,-1,-1,-1,-1,-1