Accident_Index,Vehicle_Reference,Vehicle_Type,Towing_and_Articulation,Vehicle_Manoeuvre,Vehicle_Location-Restricted_Lane,Junction_Location,Skidding_and_Overturning,Hit_Object_in_Carriageway,Vehicle_Leaving_Carriageway,Hit_Object_off_Carriageway,1st_Point_of_Impact,Was_Vehicle_Left_Hand_Drive?,Journey_Purpose_of_Driver,Sex_of_Driver,Age_of_Driver,Age_Band_of_Driver,Engine_Capacity_(CC),Propulsion_Code,Age_of_Vehicle,Driver_IMD_Decile,Driver_Home_Area_Type,Vehicle_IMD_Decile
2017360212030,1,21,0,18,0,1,0,0,0,0,1,1,1,1,74,10,11946,2,7,6,2,6
2017360212030,2,9,0,10,0,1,0,0,0,0,2,1,5,2,34,6,1686,2,12,1,1,1
2017360212088,1,5,0,13,0,0,2,0,7,0,4,1,5,1,21,5,599,1,24,6,1,6
2017360212088,2,9,0,18,0,0,0,0,0,0,4,1,6,2,43,7,1582,2,3,4,2,4
2017360212122,1,9,0,18,0,0,0,0,0,0,1,1,6,1,47,8,1527,2,20,1,1,1
2017360212122,2,9,0,18,0,0,0,0,0,0,1,1,5,1,78,11,1364,1,8,9,1,9
2017360212711,1,9,0,18,0,0,0,0,0,0,4,1,6,2,67,10,1318,1,-1,-1,-1,-1
2017360212769,1,9,0,18,0,0,0,0,0,0,1,1,5,1,30,6,1956,2,4,-1,-1,-1
2017360212769,2,9,0,18,0,0,0,0,0,0,2,1,5,1,34,6,1956,2,2,-1,-1,-1
2017360212828,1,9,0,18,0,1,0,0,0,0,4,1,6,1,68,10,1598,1,12,8,1,8
2017360212828,2,1,0,11,0,2,0,0,0,0,1,1,5,1,29,6,-1,-1,-1,5,1,5
2017360212874,1,9,0,18,0,0,0,0,0,0,1,1,6,1,25,5,1984,1,8,-1,-1,-1
2017360212874,2,9,0,18,0,0,0,0,0,0,3,1,6,1,18,4,1390,1,15,-1,-1,-1
2017360212875,1,1,0,18,0,8,5,0,0,0,3,1,5,1,6,2,-1,-1,-1,4,3,4
2017360212875,2,9,0,18,0,8,1,0,0,0,1,1,5,1,28,6,1968,2,1,4,3,4
2017360213017,1,9,0,18,0,8,0,0,0,0,1,1,6,1,23,5,1995,2,11,-1,-1,-1
2017360213017,2,9,0,5,0,8,0,0,0,0,3,1,5,1,69,10,2204,2,10,-1,-1,-1
2017360213115,1,9,0,9,0,8,0,0,0,0,1,1,2,2,51,8,1360,1,13,-1,-1,-1
2017360213115,2,3,0,13,0,8,0,0,0,0,1,1,3,1,17,4,125,1,2,6,3,6
2017360213281,1,9,5,9,0,1,0,0,0,0,1,1,5,2,50,8,1388,1,11,8,1,8
2017360213281,2,9,5,18,0,1,0,0,0,0,1,1,5,2,21,5,1200,1,-1,-1,-1,-1
2017360213302,1,8,0,18,0,0,0,0,0,0,1,1,6,2,28,6,1299,1,16,-1,-1,-1
2017360213316,1,9,0,18,0,0,0,0,0,0,1,1,5,1,72,10,1242,1,3,6,3,6
2017360213316,2,9,5,2,0,0,0,0,0,0,2,1,5,1,50,8,1596,1,18,4,2,4
2017360213348,1,9,0,18,0,3,0,0,0,0,4,1,6,1,-1,-1,2198,2,13,-1,-1,-1
2017360213348,2,9,0,9,0,1,0,0,0,0,3,1,5,1,79,11,1248,1,2,3,1,3
2017360213348,3,9,0,2,0,3,0,0,0,0,0,1,1,1,46,8,-1,-1,-1,-1,-1,-1
2017360213404,1,9,0,18,0,1,0,0,0,0,1,1,5,1,55,8,1560,2,3,-1,-1,-1
2017360213480,1,9,0,18,0,1,0,0,0,0,1,1,5,1,65,9,1997,1,1,8,1,8
2017360213480,2,1,0,18,0,1,0,0,0,0,1,1,6,2,30,6,-1,-1,-1,-1,-1,-1
2017360213482,1,9,0,18,0,8,0,0,0,0,1,1,5,2,38,7,1560,2,13,4,3,4
2017360213482,2,9,0,18,0,8,0,0,0,0,1,1,5,1,79,11,1396,1,12,4,3,4
2017360213488,1,9,0,18,0,1,2,0,0,0,0,1,5,1,45,7,-1,-1,-1,1,1,1
2017360213488,2,9,0,1,0,1,0,0,0,0,0,1,2,2,24,5,1248,2,5,5,1,5
2017360213497,1,9,0,18,0,2,0,0,0,0,1,1,6,3,-1,-1,-1,-1,-1,-1,-1,-1
2017360213502,1,9,0,18,0,0,0,0,0,0,4,1,1,1,22,5,-1,-1,-1,6,3,6
2017360213502,2,9,0,9,0,0,0,0,0,0,1,1,5,2,50,8,1560,2,7,-1,-1,-1
2017360213519,1,9,0,18,0,0,0,0,0,0,1,1,5,1,72,10,1497,8,2,8,1,8
2017360213519,2,9,0,2,0,0,0,0,0,0,2,1,6,3,-1,-1,-1,-1,-1,-1,-1,-1
2017360213519,3,9,0,2,0,0,0,0,0,0,2,1,6,3,-1,-1,-1,-1,-1,-1,-1,-1
2017360213519,4,9,0,2,0,0,0,0,0,0,1,1,6,3,-1,-1,-1,-1,-1,-1,-1,-1
2017360213519,5,9,0,2,0,0,0,0,0,0,1,1,6,3,-1,-1,-1,-1,-1,-1,-1,-1
2017360213519,6,9,0,2,0,0,0,0,0,0,2,1,6,3,-1,-1,-1,-1,-1,-1,-1,-1
2017360213631,1,9,0,1,0,1,0,0,0,0,2,1,5,1,56,9,1461,2,1,-1,-1,-1
2017360213667,1,9,0,18,0,1,0,0,0,0,1,1,5,1,75,10,2400,2,1,6,2,6
2017360213667,2,9,0,18,0,1,0,0,0,0,1,1,5,2,23,5,1422,2,3,5,3,5
2017360213740,1,9,0,18,0,1,0,0,0,0,1,1,6,1,48,8,-1,-1,-1,7,1,7
2017360213740,2,9,0,3,0,1,0,0,0,0,2,1,6,1,46,8,1364,1,-1,5,3,5
2017360213769,1,9,0,13,0,0,0,0,0,0,4,1,6,3,-1,-1,-1,-1,-1,-1,-1,-1
2017360213769,2,1,0,18,0,0,5,0,1,0,3,1,6,1,49,8,-1,-1,-1,6,3,6
2017360213794,1,9,0,18,0,0,0,0,0,0,1,1,6,2,41,7,1397,1,15,5,1,5
2017360213794,2,9,0,3,0,0,0,0,0,0,2,1,6,1,39,7,1910,2,11,4,3,4
2017360213816,1,9,0,9,0,0,0,0,0,0,1,1,5,2,34,6,1560,2,8,2,1,2
2017360213816,2,9,4,18,0,0,0,0,0,0,1,1,5,1,46,8,1997,2,14,-1,-1,-1
2017360213827,1,9,0,7,0,8,0,0,0,0,1,1,5,1,51,8,-1,-1,-1,4,1,4
2017360213827,2,5,0,18,0,8,5,0,0,0,4,1,5,1,54,8,800,1,22,-1,-1,-1
2017360213836,1,9,0,18,0,8,0,0,3,10,1,1,5,1,45,7,1598,1,14,3,2,3
2017360213846,1,9,0,2,9,0,0,0,0,0,3,1,6,2,-1,-1,-1,-1,-1,-1,-1,-1
2017360213846,2,1,0,18,0,0,5,0,0,0,1,1,6,1,30,6,-1,-1,-1,1,1,1
2017360213870,1,9,0,18,0,2,5,0,0,0,1,1,5,1,40,7,1461,2,2,4,2,4
2017360213911,1,9,0,1,0,0,0,0,0,0,1,1,5,2,81,11,1596,1,3,4,3,4
2017360213911,2,19,0,18,0,0,0,0,0,0,1,1,1,1,24,5,2143,2,3,5,3,5
2017360213936,1,9,0,18,0,2,0,0,0,0,1,1,5,2,24,5,1360,1,14,2,1,2
2017360213936,2,9,0,18,0,2,0,0,0,0,1,1,2,1,58,9,1896,2,13,-1,-1,-1
2017360213936,3,21,1,4,0,2,0,0,0,0,3,1,2,1,37,7,5900,2,14,-1,-1,-1
2017360213936,4,19,0,4,0,2,0,0,0,0,3,1,1,1,21,5,2198,2,1,-1,-1,-1
2017360214063,1,9,0,18,0,8,2,0,1,4,1,1,5,1,30,6,1796,1,15,4,1,4
2017360214098,1,9,0,18,0,8,0,0,0,0,0,1,6,3,-1,-1,-1,-1,-1,-1,-1,-1
2017360214098,2,9,0,18,0,8,0,0,0,0,4,1,2,2,26,6,1598,2,1,7,3,7
2017360214101,1,9,0,17,0,0,0,0,0,0,1,1,1,1,45,7,1968,2,5,4,2,4
2017360214101,2,9,0,16,0,0,0,0,1,0,1,1,1,1,28,6,1388,1,13,10,2,10
2017360214176,1,9,0,18,0,2,0,0,0,0,1,1,2,2,20,4,1149,1,8,-1,-1,-1
2017360214176,2,1,0,18,0,1,0,0,0,0,0,1,2,1,44,7,-1,-1,-1,-1,-1,-1
2017360214209,1,9,0,3,0,1,0,0,0,0,2,1,6,1,30,6,1956,2,7,5,2,5
2017360214209,2,9,0,5,0,1,0,0,0,0,1,1,6,3,-1,-1,1398,1,7,-1,-1,-1
2017360214209,3,9,0,5,0,1,0,0,0,0,2,1,6,3,-1,-1,-1,-1,-1,-1,-1,-1
2017360214209,4,9,0,5,0,1,0,0,0,0,1,1,6,2,-1,-1,998,1,3,-1,-1,-1
2017360214264,1,9,0,17,0,0,0,0,0,0,1,1,2,1,36,7,-1,-1,-1,-1,-1,-1
2017360214264,2,9,0,16,0,0,0,0,0,0,1,1,5,1,38,7,1560,2,10,5,2,5
2017360214267,1,9,0,4,0,1,0,0,0,0,4,1,5,1,39,7,1984,1,8,2,1,2
2017360214267,2,21,4,7,0,8,0,0,0,0,4,1,1,1,26,6,12777,2,4,-1,-1,-1
2017360214279,1,9,0,18,0,0,0,0,0,0,1,1,6,2,31,6,1248,1,5,2,1,2
2017360214293,1,11,0,18,0,1,0,0,0,0,1,1,5,1,29,6,4500,2,1,1,1,1
2017360214323,1,9,0,18,0,8,0,0,0,0,4,1,6,1,60,9,-1,-1,-1,-1,-1,-1
2017360214323,2,1,0,18,0,8,0,0,0,0,1,1,5,1,16,4,-1,-1,-1,-1,-1,-1
2017360214353,1,9,0,18,0,0,2,0,7,0,1,1,5,2,63,9,-1,-1,-1,5,3,5
2017360214359,1,3,0,9,0,8,0,0,0,0,4,1,5,1,26,6,124,1,2,-1,-1,-1
2017360214364,1,98,0,18,0,0,0,0,0,0,1,1,6,1,78,11,-1,-1,-1,9,3,9
2017360214364,2,9,0,18,0,0,0,0,0,0,3,1,6,1,44,7,1398,1,3,6,2,6
2017360214373,1,19,0,9,0,1,0,0,0,0,4,1,1,1,51,8,2402,2,9,7,3,7
2017360214373,2,1,0,18,0,1,5,0,0,0,1,1,5,1,51,8,-1,-1,-1,4,1,4
2017360214412,1,9,0,12,0,0,0,0,0,0,0,1,6,3,-1,-1,-1,-1,-1,-1,-1,-1
2017360214412,2,5,0,18,0,0,0,0,0,0,0,1,5,1,28,6,1262,1,1,6,3,6
2017360214562,1,9,0,18,0,8,0,0,0,0,1,1,5,1,24,5,2204,2,9,9,3,9
2017360214562,2,9,0,18,0,8,0,0,7,9,1,1,2,1,65,9,2401,2,11,6,2,6
2017360214562,3,9,0,18,0,8,0,0,7,0,3,1,5,1,71,10,998,1,13,7,1,7
2017360214638,1,9,0,4,0,1,0,0,0,0,1,1,6,2,54,8,1398,2,4,-1,-1,-1
2017360214638,2,9,0,18,0,1,0,0,0,0,1,1,6,1,74,10,1998,2,10,-1,-1,-1
2017360214638,3,1,0,18,0,1,0,0,0,0,1,1,6,1,28,6,-1,-1,-1,-1,-1,-1
2017360214713,1,9,0,18,0,8,0,0,0,0,1,1,5,1,71,10,1596,1,15,-1,-1,-1
2017360214713,2,9,0,18,0,8,5,0,7,9,1,1,5,2,59,9,1248,2,8,4,1,4
2017360214739,1,4,0,18,0,8,0,0,0,0,4,1,5,1,52,8,198,1,22,3,1,3
2017360214779,1,9,0,18,0,1,0,0,0,0,1,1,6,1,30,6,1242,1,14,-1,-1,-1
2017360214779,2,9,0,10,0,1,0,0,0,0,2,1,6,2,25,5,1299,1,15,3,3,3
2017360214780,1,3,0,18,0,8,0,0,0,0,1,1,5,2,26,6,124,1,3,3,3,3
2017360214780,2,9,0,9,0,8,0,0,0,0,3,1,5,1,69,10,999,1,-1,5,1,5
2017360214790,1,5,0,18,0,0,1,0,0,0,3,1,5,1,39,7,1261,1,15,3,2,3
2017360214794,1,1,0,18,0,0,0,0,0,0,3,1,5,2,16,4,-1,-1,-1,4,3,4
2017360214850,1,9,0,1,0,0,0,0,0,0,2,1,6,1,47,8,-1,-1,-1,7,3,7
2017360214850,2,1,0,3,0,0,0,0,0,0,1,1,5,1,73,10,-1,-1,-1,8,2,8
2017360214910,1,9,0,18,0,8,0,0,0,0,1,1,6,2,56,9,1499,2,1,-1,-1,-1
2017360214910,2,2,0,3,0,8,0,0,0,0,2,1,5,1,16,4,49,1,3,6,2,6
2017360214957,1,9,0,18,0,1,0,0,0,0,3,1,6,1,63,9,1798,1,5,7,1,7
2017360214957,2,9,0,18,0,1,0,0,0,0,1,1,6,1,84,11,1997,2,3,9,1,9
2017360214980,1,9,0,18,0,1,0,0,1,9,1,1,5,1,30,6,1968,2,9,3,1,3
2017360214980,2,9,0,18,0,1,0,0,0,0,0,1,1,1,30,6,1560,2,3,-1,-1,-1
2017360215152,1,9,0,18,0,0,0,0,0,0,1,1,5,1,69,10,2698,2,9,-1,-1,-1
2017360215174,1,9,0,18,0,0,5,4,0,0,3,1,2,2,56,9,1248,2,8,-1,-1,-1
2017360215174,2,9,0,2,0,0,0,0,0,0,2,1,6,3,-1,-1,-1,-1,-1,-1,-1,-1
2017360215327,1,1,0,18,0,8,0,0,0,0,3,1,5,1,52,8,-1,-1,-1,-1,-1,-1
2017360215327,2,9,0,7,0,8,0,0,0,0,4,1,6,1,26,6,1910,2,11,-1,-1,-1
2017360215370,1,9,0,9,0,0,0,0,0,0,3,1,6,1,53,8,3490,1,23,8,1,8
2017360215370,2,9,0,18,0,0,0,0,0,0,1,1,1,2,47,8,1242,1,13,4,1,4
2017360215404,1,9,0,18,0,0,0,0,0,0,1,1,6,1,38,7,1798,1,9,10,1,10
2017360215406,1,9,0,18,0,1,0,0,0,0,1,1,6,3,-1,-1,-1,-1,-1,-1,-1,-1
2017360215406,2,19,0,3,0,1,0,0,0,0,2,1,1,1,29,6,1248,2,6,-1,-1,-1
2017360215473,1,9,0,18,0,0,0,0,0,0,1,1,5,2,23,5,1149,1,6,-1,-1,-1
2017360215473,2,9,0,18,0,0,0,0,0,0,3,1,5,2,41,7,1999,2,-1,-1,-1,-1
2017360215544,1,9,0,18,0,0,5,0,0,0,1,1,1,1,18,4,1390,1,6,-1,-1,-1
2017360215544,2,9,0,4,0,0,0,0,0,0,3,1,5,1,83,11,1598,1,2,10,2,10
2017360215544,3,9,0,18,0,0,2,0,0,0,2,1,5,2,44,7,2000,2,12,-1,-1,-1
2017360215544,4,9,0,18,0,0,0,0,0,0,2,1,6,2,21,5,1229,1,8,5,3,5
2017360215544,5,21,0,18,0,0,0,0,0,0,0,1,6,1,28,6,6700,2,-1,-1,-1,-1
2017360215544,6,9,0,18,0,0,0,0,0,0,0,1,1,1,37,7,1997,2,1,-1,-1,-1
2017360215560,1,4,0,18,0,0,0,0,0,0,0,1,5,1,19,4,450,1,13,-1,-1,-1
2017360215628,1,9,0,12,0,0,0,0,0,0,2,1,2,1,55,8,1956,2,2,4,1,4
2017360215628,2,9,0,18,0,0,5,0,0,0,1,1,5,1,16,4,-1,-1,-1,10,2,10
2017360215666,1,9,0,17,0,0,2,0,1,0,1,1,2,1,37,7,1598,1,16,-1,-1,-1
2017360215675,1,9,0,18,0,1,0,0,0,0,1,1,5,2,24,5,1242,1,12,10,3,10
2017360215675,2,98,0,18,0,1,0,0,0,0,1,1,5,2,65,9,-1,-1,-1,10,1,10
2017360215811,1,9,0,18,0,0,1,0,1,0,4,1,5,1,18,4,1397,1,10,5,3,5
2017360215811,2,9,0,18,0,0,1,0,0,0,1,1,1,1,56,9,1910,2,10,4,1,4
2017360215850,1,5,0,18,0,0,5,0,0,0,3,1,6,1,20,4,125,1,12,2,3,2
2017360215850,2,9,0,18,0,0,0,0,0,0,1,1,6,2,23,5,1968,2,1,7,1,7
2017360216104,1,9,0,18,0,0,0,0,0,0,3,1,6,3,-1,-1,-1,-1,-1,-1,-1,-1
2017360216104,2,1,0,18,0,0,0,0,0,0,1,1,6,2,26,6,-1,-1,-1,-1,-1,-1
2017360216312,1,9,0,18,0,0,0,0,0,0,1,1,5,2,52,8,1581,1,17,2,1,2
2017360216312,2,19,0,4,0,0,0,0,0,0,2,1,1,2,34,6,1560,2,1,-1,-1,-1
2017360216312,3,9,0,4,0,0,0,0,0,0,2,1,1,1,68,10,-1,-1,-1,-1,-1,-1
2017360216394,1,9,0,11,0,0,0,0,0,0,0,1,5,1,30,6,1598,1,16,-1,-1,-1
2017360216394,2,9,0,18,0,0,0,0,0,0,0,1,5,1,42,7,1364,1,-1,-1,-1,-1
2017360216464,1,9,0,18,0,1,0,0,0,0,1,1,1,1,46,8,-1,-1,-1,4,1,4
2017360216464,2,9,0,18,0,1,0,0,0,0,1,1,1,1,26,6,-1,-1,-1,3,3,3
2017360216497,1,9,0,18,0,1,0,0,0,0,1,1,1,1,23,5,1597,1,10,-1,-1,-1
2017360216497,2,9,0,18,0,4,0,0,0,0,2,1,5,1,34,6,998,1,5,-1,-1,-1
2017360216532,1,19,0,5,0,0,0,0,0,0,1,1,1,1,41,7,2143,2,5,-1,-1,-1
2017360216532,2,9,0,18,0,0,0,0,0,0,3,1,5,1,21,5,1197,1,-1,4,3,4
2017360216554,1,9,0,7,0,0,1,0,2,11,1,1,5,2,20,4,1149,1,12,-1,-1,-1
2017360216703,1,9,0,4,0,0,0,0,0,0,1,1,6,1,50,8,1968,2,8,-1,-1,-1
2017360216703,2,9,0,4,0,0,0,0,0,0,2,1,6,2,23,5,1598,1,12,-1,-1,-1
2017360216703,3,9,0,4,0,0,0,0,0,0,2,1,6,2,34,6,1596,1,6,-1,-1,-1
2017360216753,1,5,0,18,0,0,0,0,0,0,1,1,6,1,40,7,599,1,14,-1,-1,-1
2017360217190,1,9,0,18,0,0,0,0,0,0,1,1,6,3,-1,-1,1597,2,4,-1,-1,-1
2017360217218,1,3,0,18,0,2,5,0,0,0,1,1,2,1,55,8,125,1,15,3,1,3
2017360217218,2,19,0,18,0,1,0,0,0,0,1,1,1,1,59,9,2187,2,15,4,3,4
2017360217374,1,9,0,9,0,0,0,0,0,0,1,1,6,2,47,8,2099,1,15,7,1,7
2017360217374,2,3,0,18,0,0,5,0,0,0,3,1,6,1,25,5,125,1,3,-1,-1,-1
2017360217409,1,9,0,18,0,1,1,0,7,0,0,1,5,2,64,9,1242,1,14,7,3,7
2017360217409,2,17,4,10,0,1,0,0,0,0,0,1,1,1,35,6,7365,2,-1,4,3,4
2017360217425,1,9,0,18,0,1,0,0,0,0,1,1,1,1,29,6,-1,-1,-1,8,1,8
2017360217425,2,1,0,18,0,1,5,0,0,0,4,1,2,2,25,5,-1,-1,-1,-1,-1,-1
2017360217684,1,19,0,18,0,1,0,0,0,0,1,1,1,1,37,7,2198,2,1,4,3,4
2017360217684,2,9,0,7,0,1,2,0,1,0,3,1,5,2,67,10,1587,1,9,7,3,7
2017360217707,1,9,0,18,0,0,1,0,1,0,1,1,5,1,36,7,1956,2,3,6,3,6
2017360217707,2,9,0,18,0,0,0,0,1,0,1,1,5,1,22,5,1870,2,15,5,3,5
2017360217719,1,9,0,18,0,1,0,0,0,0,1,1,6,3,-1,-1,-1,-1,-1,-1,-1,-1
2017360217719,2,9,0,9,0,8,0,0,0,0,4,1,6,1,37,7,2143,2,8,-1,-1,-1
2017360217736,1,9,0,18,0,8,0,0,0,0,1,1,6,1,40,7,1229,1,3,7,2,7
2017360217736,2,9,0,18,0,8,0,0,0,0,4,1,5,1,37,7,1598,2,8,6,3,6
2017360217890,1,9,0,9,0,0,0,0,0,0,1,1,6,1,40,7,1781,1,16,2,1,2
2017360217890,2,9,0,18,0,0,0,0,0,0,3,1,6,2,32,6,1360,1,8,4,1,4
2017360218059,1,9,0,18,0,0,2,0,7,4,1,1,6,1,23,5,2993,2,3,5,1,5
2017360218163,1,9,0,4,0,1,0,0,0,0,2,1,6,1,23,5,-1,-1,-1,-1,-1,-1
2017360218163,2,9,0,18,0,1,0,0,0,0,1,1,6,2,51,8,1242,1,16,5,3,5
2017360218163,3,9,0,18,0,1,0,0,0,0,1,1,6,1,46,8,-1,-1,-1,-1,-1,-1
2017360218186,1,9,0,13,0,0,0,0,0,0,1,1,5,1,28,6,1598,1,16,4,1,4
2017360218186,2,9,0,13,0,0,0,0,0,0,1,1,5,1,70,10,1397,1,10,2,1,2
2017360218382,1,9,0,18,0,1,0,0,0,0,0,1,5,2,25,5,1582,2,1,-1,-1,-1
2017360218408,1,9,0,13,0,0,2,0,7,9,1,1,5,2,27,6,1242,1,10,5,3,5
2017360218408,2,17,0,9,0,0,0,0,0,0,3,1,1,1,20,4,4525,2,8,7,3,7
2017360218570,1,3,0,18,0,0,2,0,1,0,1,1,6,1,18,4,125,1,8,-1,-1,-1
2017360218576,1,9,0,9,0,0,0,0,0,0,1,1,6,1,61,9,1995,2,2,-1,-1,-1
2017360218576,2,2,0,18,0,0,5,0,0,0,1,1,6,1,16,4,49,1,3,-1,-1,-1
2017360218627,1,9,0,13,0,0,0,0,0,0,4,1,6,3,-1,-1,-1,-1,-1,-1,-1,-1
2017360218627,2,1,0,18,0,0,0,0,0,0,3,1,6,1,16,4,-1,-1,-1,-1,-1,-1
2017360218684,1,9,0,18,0,1,0,0,0,0,1,1,5,2,50,8,1198,1,3,9,2,9
2017360218684,2,9,0,18,0,1,0,0,0,0,3,1,2,1,30,6,2179,2,8,-1,-1,-1
2017360218699,1,9,0,18,0,0,0,0,0,0,1,1,6,1,21,5,1796,1,13,1,1,1
2017360218790,1,9,0,9,0,8,0,0,0,0,1,1,6,1,27,6,1229,1,11,9,1,9
2017360218790,2,5,0,18,0,1,5,0,0,0,1,1,6,1,24,5,649,1,-1,-1,-1,-1
2017360218804,1,9,0,18,0,0,0,0,0,0,1,1,6,1,44,7,1796,1,15,-1,-1,-1
2017360218804,2,9,0,18,0,0,0,0,0,0,3,1,6,1,45,7,1461,2,3,2,1,2
2017360218923,1,9,4,4,0,0,0,0,0,0,2,1,5,1,36,7,1596,1,10,4,1,4
2017360218923,2,3,0,4,0,0,5,0,0,0,1,1,5,1,22,5,125,1,2,7,1,7
2017360218945,1,9,0,18,0,0,0,0,0,0,1,1,6,1,-1,-1,1598,2,3,8,3,8
2017360218945,2,9,0,3,0,0,5,0,0,0,2,1,6,1,45,7,-1,-1,-1,3,1,3
2017360218945,3,9,0,3,0,0,0,0,0,0,2,1,6,2,38,7,1248,1,7,4,1,4
2017360218950,1,3,0,18,0,0,5,0,0,0,1,1,5,1,23,5,124,1,16,7,1,7
2017360218986,1,9,0,9,0,8,0,0,0,0,0,1,6,3,-1,-1,-1,-1,-1,-1,-1,-1
2017360218986,2,5,0,18,0,8,2,0,1,7,1,1,2,1,50,8,636,1,14,-1,-1,-1
2017360219043,1,19,0,12,0,0,0,0,0,0,2,1,2,1,59,9,1998,2,15,-1,-1,-1
2017360219043,2,9,0,18,0,0,0,0,0,0,1,1,5,2,26,6,1388,1,13,-1,-1,-1
2017360219047,1,9,0,18,0,8,0,0,0,0,1,1,5,2,26,6,1995,2,5,-1,-1,-1
2017360219047,2,3,0,18,0,8,0,0,0,0,4,1,5,2,21,5,124,1,-1,-1,-1,-1
2017360219057,1,9,0,17,0,0,0,0,0,0,1,1,2,1,21,5,1809,1,24,6,3,6
2017360219057,2,9,0,16,0,0,0,0,0,0,1,1,5,1,39,7,1995,2,11,5,3,5
2017360219106,1,19,0,16,0,0,0,0,0,0,1,1,5,2,52,8,2198,2,9,-1,-1,-1
2017360219106,2,9,0,17,0,0,0,0,0,0,3,1,1,2,21,5,1560,2,7,-1,-1,-1
2017360219110,1,9,0,18,0,0,0,0,0,0,1,1,6,1,-1,-1,1995,2,11,-1,-1,-1
2017360219110,2,9,0,3,0,0,0,0,0,0,2,1,6,1,29,6,1398,1,12,-1,-1,-1
2017360219139,1,9,0,6,0,0,0,0,0,0,3,1,5,2,34,6,1896,2,13,-1,-1,-1
2017360219139,2,5,0,18,0,0,0,0,0,0,1,1,5,1,30,6,750,1,11,-1,-1,-1
2017360219154,1,9,0,5,0,6,0,0,0,0,2,1,5,2,18,4,1298,1,9,4,2,4
2017360219154,2,9,0,18,0,1,1,0,1,11,1,1,5,2,42,7,1995,2,1,-1,-1,-1
2017360219267,1,3,0,18,0,0,5,0,0,0,1,1,6,2,23,5,124,1,12,3,1,3
2017360219267,2,9,0,3,0,0,0,0,0,0,2,1,6,2,36,7,1781,1,16,4,1,4
2017360219277,1,9,0,18,0,0,0,0,0,0,1,1,1,1,27,6,-1,-1,-1,7,1,7
2017360219277,2,9,0,4,0,0,0,0,0,0,2,1,5,1,21,5,1995,2,5,8,1,8
2017360219277,3,19,0,4,0,0,0,0,0,0,2,1,1,1,18,4,2198,2,2,1,1,1
2017360219374,1,9,0,18,0,8,0,0,0,0,1,1,5,1,65,9,3000,2,22,-1,-1,-1
2017360219374,2,1,0,18,0,8,0,0,0,0,1,1,5,1,11,3,-1,-1,-1,-1,-1,-1
2017360219586,1,9,0,18,0,0,0,0,0,0,1,1,6,1,20,4,1149,1,12,5,3,5
2017360219586,2,9,0,18,0,0,0,0,7,0,4,1,6,1,42,7,1988,2,13,-1,-1,-1
2017360219598,1,9,0,18,0,8,0,0,0,0,1,1,5,1,30,6,-1,-1,-1,5,1,5
2017360219598,2,9,0,18,0,8,0,0,0,0,3,1,5,1,28,6,-1,-1,-1,5,1,5
2017360219618,1,9,0,5,0,8,0,0,0,0,3,1,5,2,24,5,1598,1,11,-1,-1,-1
2017360219618,2,5,0,18,0,8,0,0,0,0,3,1,5,1,48,8,636,1,12,-1,-1,-1
2017360219618,3,9,0,7,0,8,0,0,0,0,0,1,6,3,-1,-1,-1,-1,-1,-1,-1,-1
2017360219644,1,19,0,1,0,0,0,0,0,0,1,1,1,1,60,9,1995,2,-1,-1,-1,-1
2017360219653,1,9,0,18,0,1,0,0,0,0,1,1,6,1,-1,-1,1242,1,-1,-1,-1,-1
2017360219653,2,19,0,3,0,1,0,0,0,0,2,1,1,1,25,5,1598,2,1,-1,-1,-1
2017360219916,1,9,0,4,0,0,0,0,0,0,1,1,6,3,-1,-1,-1,-1,-1,-1,-1,-1
2017360219916,2,22,0,5,0,0,0,0,0,0,1,1,6,2,63,9,-1,-1,-1,-1,-1,-1
2017360219921,1,9,0,18,0,0,0,0,0,0,1,1,6,1,30,6,-1,-1,-1,-1,-1,-1
2017360219921,2,9,0,18,0,0,0,0,0,0,1,1,5,2,56,9,1496,2,1,3,3,3
2017360219928,1,9,0,18,0,0,0,0,0,0,1,1,6,2,31,6,1242,1,7,3,1,3
2017360219928,2,9,0,3,0,0,0,0,0,0,2,1,6,1,60,9,2387,2,8,-1,-1,-1
2017360219928,3,9,0,3,0,0,0,0,0,0,2,1,6,1,38,7,1798,1,15,-1,-1,-1
2017360219981,1,9,0,18,0,1,0,0,0,0,1,1,5,1,86,11,1591,1,3,5,3,5
2017360219981,2,9,0,3,0,1,0,0,0,0,2,1,5,1,60,9,1995,2,1,5,1,5
2017360219981,3,9,0,3,0,1,0,0,0,0,2,1,5,1,39,7,-1,-1,-1,6,3,6
2017360220050,1,9,0,18,0,0,0,0,0,0,1,1,5,1,57,9,1997,2,9,6,3,6
2017360220050,2,9,0,4,0,0,0,0,0,0,2,1,5,2,20,4,1242,1,9,6,1,6
2017360220061,1,9,0,18,0,0,1,0,0,0,1,1,5,1,20,4,999,1,2,5,2,5
2017360220061,2,9,0,18,0,0,0,0,0,0,1,1,1,1,66,10,1997,2,10,8,2,8
2017360220258,1,9,0,18,0,0,1,0,1,4,2,1,5,2,30,6,1124,1,12,5,3,5
2017360220454,1,9,0,9,0,8,0,0,0,0,1,1,5,1,72,10,875,1,3,-1,-1,-1
2017360220454,2,1,0,18,0,8,0,0,0,0,1,1,6,1,56,9,-1,-1,-1,7,3,7
2017360220510,1,9,0,5,0,8,0,0,0,0,4,1,6,1,56,9,1587,1,20,-1,-1,-1