Accident_Index,Vehicle_Reference,Vehicle_Type,Towing_and_Articulation,Vehicle_Manoeuvre,Vehicle_Location-Restricted_Lane,Junction_Location,Skidding_and_Overturning,Hit_Object_in_Carriageway,Vehicle_Leaving_Carriageway,Hit_Object_off_Carriageway,1st_Point_of_Impact,Was_Vehicle_Left_Hand_Drive?,Journey_Purpose_of_Driver,Sex_of_Driver,Age_of_Driver,Age_Band_of_Driver,Engine_Capacity_(CC),Propulsion_Code,Age_of_Vehicle,Driver_IMD_Decile,Driver_Home_Area_Type,Vehicle_IMD_Decile
2017360220510,2,9,0,18,0,8,0,0,0,0,1,1,6,1,46,8,1395,8,2,-1,-1,-1
2017360220597,1,9,0,18,0,1,0,0,0,0,1,1,5,2,49,8,1956,2,6,-1,-1,-1
2017360220597,2,9,0,18,0,1,0,0,0,0,2,1,5,2,38,7,1598,1,11,-1,-1,-1
2017360220597,3,9,0,4,0,1,0,0,0,0,2,1,5,1,30,6,1596,1,6,-1,-1,-1
2017360220597,4,9,0,4,0,1,0,0,0,0,2,1,5,1,30,6,1560,2,9,7,1,7
2017360220597,5,9,0,4,0,1,0,0,0,0,2,1,5,2,46,8,1329,1,6,-1,-1,-1
2017360220849,1,9,0,18,0,1,0,0,0,0,1,1,5,2,26,6,1242,1,16,-1,-1,-1
2017360220849,2,9,0,3,0,1,0,0,0,0,2,1,5,2,52,8,1686,2,5,-1,-1,-1
2017360220875,1,9,0,10,0,1,0,0,0,0,2,1,5,1,20,4,1598,1,12,1,1,1
2017360220875,2,9,0,4,0,1,0,0,0,0,2,1,5,1,23,5,1900,2,17,9,3,9
2017360220875,3,9,0,18,0,1,0,0,0,0,1,1,5,1,72,10,1896,2,11,8,1,8
2017360220900,1,9,0,18,0,0,0,0,0,0,3,1,5,1,25,5,1600,1,13,-1,-1,-1
2017360221049,1,9,0,18,0,2,0,0,0,0,1,1,2,2,33,6,2179,2,5,4,1,4
2017360221049,2,9,0,4,0,2,0,0,0,0,2,1,6,2,42,7,2967,2,3,10,2,10
2017360221070,1,9,0,13,0,0,1,0,1,4,4,1,5,2,53,8,996,1,8,8,2,8
2017360221070,2,21,1,18,0,0,0,0,0,0,1,1,1,1,55,8,12902,2,4,6,1,6
2017360221141,1,9,0,17,0,0,1,0,0,0,3,1,6,1,27,6,-1,-1,-1,4,3,4
2017360221141,2,21,0,18,0,0,0,0,0,0,1,1,1,1,24,5,10837,2,3,8,1,8
2017360221158,1,19,0,16,0,0,1,0,0,0,1,1,1,1,22,5,2143,2,-1,-1,-1,-1
2017360221158,2,1,0,18,0,0,5,0,0,0,3,1,2,1,56,9,-1,-1,-1,-1,-1,-1
2017360221252,1,9,0,5,0,8,0,0,0,0,1,1,2,2,20,4,1997,2,7,5,3,5
2017360221252,2,9,0,7,0,8,0,0,0,0,1,1,5,1,35,6,2497,2,13,-1,-1,-1
2017360221357,1,9,0,1,0,0,0,0,0,0,3,1,5,1,72,10,1968,2,6,9,1,9
2017360221385,1,9,0,18,0,2,0,0,0,0,1,1,6,2,48,8,1248,1,1,7,2,7
2017360221385,2,9,0,10,0,1,0,0,0,0,2,1,6,2,49,8,1997,2,3,2,1,2
2017360221426,1,9,0,18,0,1,0,0,0,0,1,1,5,1,55,8,1388,1,8,-1,-1,-1
2017360221426,2,9,0,18,0,1,5,0,0,0,4,1,5,2,48,8,-1,-1,-1,-1,-1,-1
2017360221546,1,9,0,5,0,0,0,0,1,11,1,1,5,2,79,11,1590,1,17,6,3,6
2017360221546,2,9,0,2,0,0,0,0,0,0,2,1,6,3,-1,-1,-1,-1,-1,-1,-1,-1
2017360221546,3,9,0,2,0,0,0,0,0,0,1,1,6,3,-1,-1,-1,-1,-1,-1,-1,-1
2017360221555,1,9,0,18,0,0,0,0,0,0,1,1,6,3,-1,-1,-1,-1,-1,-1,-1,-1
2017360221555,2,9,0,4,0,0,0,0,0,0,2,1,5,1,83,11,2179,2,7,10,3,10
2017360221591,1,9,0,18,0,8,0,0,0,0,1,1,5,2,24,5,1390,1,8,2,1,2
2017360221591,2,21,1,18,0,8,0,0,0,0,3,1,1,1,62,9,10837,2,4,-1,-1,-1
2017360221682,1,3,0,13,0,0,5,0,0,0,3,1,6,1,21,5,124,1,10,2,3,2
2017360221682,2,9,0,9,0,0,0,0,0,0,3,1,6,1,60,9,-1,-1,-1,8,2,8
2017360221690,1,9,0,18,0,0,0,0,1,0,1,1,2,1,18,4,1399,2,6,5,1,5
2017360221690,2,9,0,18,0,0,0,0,0,0,2,1,2,1,58,9,-1,-1,-1,6,3,6
2017360221693,1,9,0,18,0,1,0,0,0,0,1,1,6,3,-1,-1,-1,-1,-1,-1,-1,-1
2017360221693,2,3,0,9,0,1,5,0,0,0,2,1,5,1,50,8,125,1,9,5,2,5
2017360222004,1,9,0,6,0,0,0,0,0,0,3,1,5,1,34,6,1242,1,12,9,1,9
2017360222004,2,3,0,13,0,0,5,0,0,0,1,1,5,1,23,5,108,1,-1,4,1,4
2017360222040,1,9,0,7,0,0,0,0,0,0,1,1,5,1,86,11,1998,1,15,4,3,4
2017360222040,2,5,0,18,0,0,5,0,0,0,3,1,2,1,50,8,1050,1,1,5,3,5
2017360222060,1,4,0,18,0,1,5,0,0,0,1,1,5,1,47,8,487,1,21,-1,-1,-1
2017360222060,2,9,0,4,0,1,0,0,0,0,2,1,5,1,67,10,1896,2,8,3,3,3
2017360222231,1,9,0,1,0,6,0,0,0,0,2,1,6,2,20,4,1240,1,11,-1,-1,-1
2017360222303,1,9,0,18,0,0,0,0,1,10,4,1,6,1,36,7,1560,2,8,5,3,5
2017360222303,2,9,0,18,0,0,0,0,0,0,0,1,6,3,-1,-1,-1,-1,-1,-1,-1,-1
2017360222366,1,9,0,7,0,1,5,0,0,0,1,1,5,1,38,7,999,1,4,-1,-1,-1
2017360222366,2,5,0,8,0,1,5,0,0,0,2,1,5,1,55,8,1584,1,10,4,1,4
2017360222389,1,9,0,18,0,0,0,0,0,0,4,1,5,2,40,7,1587,1,14,-1,-1,-1
2017360222389,2,9,0,2,0,0,0,0,0,0,3,1,6,3,-1,-1,-1,-1,-1,-1,-1,-1
2017360222404,1,9,0,18,0,0,0,0,0,0,1,1,5,1,43,7,1598,1,15,4,1,4
2017360222404,2,98,0,2,0,0,0,0,0,0,2,1,6,3,-1,-1,-1,-1,-1,-1,-1,-1
2017360222447,1,9,0,9,0,0,0,0,0,0,3,1,6,2,34,6,1995,2,3,6,1,6
2017360222447,2,9,0,18,0,0,0,0,0,0,1,1,6,2,66,10,1086,1,8,5,1,5
2017360222643,1,19,0,7,0,6,0,0,0,0,3,1,5,1,62,9,2496,2,20,3,3,3
2017360222643,2,5,0,18,0,8,5,0,1,10,1,1,5,1,32,6,599,1,17,2,1,2
2017360222643,3,9,0,18,0,8,0,0,0,0,3,1,5,1,27,6,1995,2,6,5,1,5
2017360223386,1,9,0,18,0,0,0,0,0,0,1,1,6,2,26,6,1461,2,2,-1,-1,-1
2017360223386,2,90,0,9,0,0,0,0,0,0,1,1,1,2,25,5,2299,2,3,-1,-1,-1
2017360223386,3,9,0,4,0,0,0,0,0,0,0,1,6,1,65,9,-1,-1,-1,-1,-1,-1
2017360223459,1,9,0,18,0,0,5,0,1,0,2,1,6,1,32,6,1560,2,6,-1,-1,-1
2017360223459,2,9,0,18,0,0,0,0,1,0,1,1,6,2,26,6,1461,2,2,6,1,6
2017360223696,1,1,0,18,4,0,0,0,0,0,2,1,5,1,16,4,-1,-1,-1,-1,-1,-1
2017360223696,2,9,0,18,0,0,0,0,0,0,1,1,5,1,53,8,1587,1,10,6,1,6
2017360223917,1,1,0,18,0,0,0,0,0,0,1,1,6,1,71,10,-1,-1,-1,-1,-1,-1
2017360224131,1,9,0,18,0,0,0,0,0,0,1,1,6,2,38,7,1598,1,8,-1,-1,-1
2017360224131,2,9,0,18,0,0,0,0,0,0,2,1,6,2,18,4,1299,1,14,-1,-1,-1
2017360224286,1,98,-1,9,0,5,0,0,0,0,3,1,6,1,-1,-1,-1,-1,-1,-1,-1,-1
2017360224286,2,5,0,3,0,1,5,0,0,0,4,1,5,1,32,6,942,1,8,7,1,7
2017360224331,1,5,0,18,0,0,0,0,0,0,1,1,5,1,61,9,1584,1,41,-1,-1,-1
2017360224331,2,9,0,18,0,0,0,0,0,0,1,1,5,1,38,7,1422,2,8,6,3,6
2017360224334,1,98,0,9,0,6,0,0,0,0,3,1,6,3,-1,-1,-1,-1,-1,-1,-1,-1
2017360224334,2,3,0,18,0,1,5,0,0,0,1,1,1,2,23,5,108,1,2,-1,-1,-1
2017360224426,1,9,0,9,0,8,0,0,0,0,1,1,6,1,29,6,1796,1,11,4,3,4
2017360224426,2,9,0,18,0,8,0,0,0,0,1,1,6,2,51,8,1560,2,5,-1,-1,-1
2017360224439,1,9,0,18,0,2,0,0,0,0,1,1,5,1,33,6,1149,1,15,-1,-1,-1
2017360224439,2,9,0,18,0,1,0,0,0,0,2,1,5,1,45,7,1995,2,2,-1,-1,-1
2017360224623,1,19,0,18,0,0,0,0,0,0,4,1,6,1,21,5,1598,2,1,-1,-1,-1
2017360224623,2,9,0,18,0,0,5,0,0,0,1,1,6,1,43,7,1995,2,2,-1,-1,-1
2017360224702,1,9,0,18,0,0,5,0,1,0,4,1,5,2,38,7,1149,1,14,-1,-1,-1
2017360224864,1,9,0,18,0,0,0,0,0,0,1,1,5,1,69,10,2171,2,14,4,2,4
2017360224864,2,9,0,18,0,0,0,0,0,0,3,1,5,1,59,9,1686,2,5,4,2,4
2017360224864,3,9,0,18,0,0,0,0,0,0,1,1,5,2,27,6,2993,2,7,6,2,6
2017360224951,1,9,0,9,0,8,0,0,1,11,4,1,2,1,19,4,998,1,4,-1,-1,-1
2017360224951,2,9,0,18,0,8,0,0,0,0,1,1,6,1,37,7,1598,1,5,-1,-1,-1
2017360224983,1,9,0,18,0,0,0,0,0,0,3,1,1,1,51,8,-1,-1,-1,-1,-1,-1
2017360224983,2,4,0,18,0,0,0,0,0,0,1,1,5,1,30,6,899,1,18,-1,-1,-1
2017360224985,1,9,0,18,0,0,0,0,0,0,1,1,6,1,35,6,1596,1,6,-1,-1,-1
2017360224985,2,9,0,2,0,0,0,0,0,0,2,1,1,1,42,7,1956,2,6,-1,-1,-1
2017360224985,3,9,0,2,0,0,0,0,0,0,2,1,6,2,28,6,1798,1,3,-1,-1,-1
2017360225001,1,9,0,13,0,0,0,0,0,0,1,1,6,1,43,7,1598,1,9,-1,-1,-1
2017360225001,2,9,0,9,0,0,0,0,0,0,3,1,6,2,33,6,1587,1,15,-1,-1,-1
2017360225008,1,9,0,18,0,0,0,0,0,0,3,1,6,1,30,6,1796,1,16,-1,-1,-1
2017360225008,2,9,0,18,0,0,0,0,0,0,1,1,6,1,61,9,1796,1,12,-1,-1,-1
2017360225092,1,9,0,18,0,0,0,0,8,0,1,1,5,1,40,7,3199,1,14,-1,-1,-1
2017360225160,1,9,0,13,0,1,0,0,0,0,4,1,6,3,-1,-1,-1,-1,-1,-1,-1,-1
2017360225160,2,1,0,18,0,1,0,0,0,0,1,1,5,2,38,7,-1,-1,-1,-1,-1,-1
2017360225182,1,19,0,18,0,0,5,0,1,0,1,1,2,1,44,7,1686,2,14,-1,-1,-1
2017360225182,2,98,0,18,0,0,0,0,0,0,0,1,1,1,24,5,-1,-1,-1,-1,-1,-1
2017360225362,1,1,0,10,0,1,0,0,0,0,0,1,6,2,34,6,-1,-1,-1,-1,-1,-1
2017360225362,2,9,0,18,0,1,0,0,0,0,3,1,6,1,-1,-1,1753,2,6,-1,-1,-1
2017360225572,1,19,0,9,0,8,0,0,0,0,1,1,5,1,28,6,2198,2,11,-1,-1,-1
2017360225572,2,9,0,18,0,8,0,0,0,0,1,1,5,1,67,10,1753,2,10,-1,-1,-1
2017360225707,1,5,0,17,0,0,1,0,0,0,4,1,5,1,67,10,2294,1,7,-1,-1,-1
2017360225707,2,9,0,17,0,0,0,1,0,0,4,1,5,1,35,6,1968,2,2,-1,-1,-1
2017360225823,1,9,0,5,0,0,0,4,0,0,1,1,5,1,29,6,1598,1,13,-1,-1,-1
2017360225823,2,9,0,3,0,0,0,4,0,0,2,1,2,2,40,7,-1,-1,-1,-1,-1,-1
2017360225854,1,9,0,18,0,1,0,0,0,0,1,1,5,2,23,5,1995,2,7,-1,-1,-1
2017360225854,2,9,0,4,0,1,0,0,0,0,2,1,3,1,63,9,1896,2,13,-1,-1,-1
2017360225859,1,9,0,18,0,8,0,0,3,0,1,1,6,1,58,9,1560,2,7,-1,-1,-1
2017360225859,2,9,0,18,0,8,0,0,0,0,1,1,6,1,66,10,1597,2,2,-1,-1,-1
2017360225939,1,9,0,18,0,8,0,0,0,0,1,1,6,1,34,6,1990,1,19,-1,-1,-1
2017360225939,2,9,0,18,0,8,0,0,0,0,1,1,6,2,31,6,1242,1,3,-1,-1,-1
2017360226061,1,9,0,18,0,0,0,0,0,0,4,1,6,2,57,9,998,1,4,10,1,10
2017360226115,1,9,0,18,0,1,0,0,0,0,1,1,5,1,75,10,1595,1,1,-1,-1,-1
2017360226115,2,98,0,3,0,1,0,0,0,0,2,1,1,1,47,8,-1,-1,-1,-1,-1,-1
2017360226242,1,9,0,18,0,0,0,0,0,0,1,1,5,2,44,7,1398,2,13,-1,-1,-1
2017360226255,1,9,0,18,0,2,0,0,0,0,3,1,5,2,27,6,1198,1,4,-1,-1,-1
2017360226255,2,19,0,18,0,1,0,0,0,0,1,1,2,1,44,7,2499,2,16,-1,-1,-1
2017360226296,1,9,0,18,0,0,0,0,0,0,1,1,5,1,33,6,1749,1,13,4,3,4
2017360226296,2,9,0,18,0,0,0,0,0,0,1,1,5,1,48,8,2521,1,8,-1,-1,-1
2017360226314,1,9,5,18,0,1,1,0,0,0,3,1,6,2,20,4,-1,-1,-1,-1,-1,-1
2017360226344,1,9,0,9,0,2,0,0,0,0,1,1,6,1,-1,-1,1598,1,10,-1,-1,-1
2017360226344,2,9,0,18,0,1,0,0,0,0,4,1,6,1,32,6,1598,1,10,-1,-1,-1
2017360226350,1,9,0,18,0,1,0,0,0,0,1,1,6,2,-1,-1,-1,-1,-1,-1,-1,-1
2017360226363,1,9,0,18,0,1,0,0,0,0,1,1,2,1,24,5,1689,2,14,-1,-1,-1
2017360226390,1,22,0,18,9,0,0,0,0,0,1,1,6,2,-1,-1,-1,-1,-1,-1,-1,-1
2017360226397,1,9,5,18,0,1,0,0,0,0,1,1,6,1,-1,-1,1896,2,13,-1,-1,-1
2017360226397,2,9,0,8,0,1,0,0,0,0,4,1,2,1,57,9,-1,-1,-1,-1,-1,-1
2017360226551,1,9,0,17,0,0,0,0,0,0,1,1,5,1,20,4,1400,2,10,6,1,6
2017360226554,1,9,0,16,0,0,2,0,2,10,1,1,2,2,20,4,1149,1,11,-1,-1,-1
2017360226563,1,9,0,18,0,0,0,0,0,0,4,1,6,2,-1,-1,-1,-1,-1,-1,-1,-1
2017360226563,2,1,0,18,0,0,0,0,0,0,1,1,5,1,55,8,-1,-1,-1,7,1,7
2017360226579,1,1,0,18,0,1,0,0,0,0,1,1,5,1,72,10,-1,-1,-1,3,1,3
2017360226579,2,9,0,18,0,1,0,0,0,0,1,1,1,1,61,9,1968,2,2,2,1,2
2017360226599,1,11,0,18,0,0,0,0,0,0,4,1,1,2,57,9,7300,2,15,7,3,7
2017360226670,1,9,0,5,0,8,0,0,0,0,2,1,1,1,45,7,-1,-1,-1,-1,-1,-1
2017360226670,2,9,0,18,0,8,0,0,0,0,1,1,5,1,37,7,1968,2,1,-1,-1,-1
2017360226696,1,5,0,18,0,2,1,0,0,0,1,1,5,1,57,9,1157,1,14,-1,-1,-1
2017360226696,2,9,0,18,0,1,0,0,0,0,1,1,2,1,19,4,1783,1,15,-1,-1,-1
2017360226758,1,19,0,18,0,0,0,0,0,0,1,1,6,1,18,4,1753,2,8,-1,-1,-1
2017360226758,2,9,0,4,0,0,0,0,0,0,1,1,6,2,42,7,-1,-1,-1,-1,-1,-1
2017360226784,1,9,0,18,0,0,0,0,1,0,4,1,6,1,37,7,1783,1,16,-1,-1,-1
2017360226784,2,9,0,18,0,0,0,0,0,0,3,1,6,1,70,10,2720,2,11,-1,-1,-1
2017360226985,1,21,1,18,0,0,0,0,0,0,4,1,1,1,50,8,12900,2,9,10,1,10
2017360226996,1,19,0,5,0,1,0,0,0,0,4,1,1,1,36,7,1753,2,5,-1,-1,-1
2017360226996,2,1,0,18,4,1,5,0,0,0,1,1,2,1,17,4,-1,-1,-1,-1,-1,-1
2017360227019,1,9,0,18,0,1,0,0,0,0,1,1,5,2,27,6,1390,1,10,-1,-1,-1
2017360227019,2,22,0,18,0,1,5,0,0,0,3,1,5,2,70,10,-1,-1,-1,-1,-1,-1
2017360227075,1,8,0,18,0,0,0,0,0,0,0,1,1,1,59,9,1997,2,1,-1,-1,-1
2017360227099,1,21,0,18,0,1,0,0,0,0,1,1,1,1,51,8,10837,2,2,-1,-1,-1
2017360227099,2,9,0,4,0,1,0,0,0,0,2,1,5,2,68,10,1299,1,15,-1,-1,-1
2017360227099,3,9,0,5,0,6,0,0,0,0,3,1,5,1,41,7,1910,2,11,-1,-1,-1
2017360227148,1,19,0,9,0,8,0,0,0,0,1,1,1,2,26,6,1399,2,7,-1,-1,-1
2017360227148,2,1,0,17,0,1,5,0,0,0,1,1,6,1,38,7,-1,-1,-1,-1,-1,-1
2017360227153,1,9,0,9,0,4,0,0,0,0,3,1,6,3,-1,-1,-1,-1,-1,-1,-1,-1
2017360227153,2,1,0,18,0,4,5,0,0,0,3,1,4,3,13,3,-1,-1,-1,-1,-1,-1
2017360227164,1,9,0,18,0,1,0,0,0,0,1,1,6,1,72,10,-1,-1,-1,-1,-1,-1
2017360227164,2,9,0,9,0,1,0,0,0,0,3,1,6,1,79,11,1598,2,5,-1,-1,-1
2017360227237,1,9,0,5,0,1,0,0,0,0,1,1,5,2,21,5,1242,1,5,-1,-1,-1
2017360227237,2,9,0,3,0,1,0,0,0,0,2,1,5,2,52,8,996,1,-1,-1,-1,-1
2017360227256,1,9,0,18,0,8,0,0,0,0,4,1,1,1,38,7,1968,2,9,-1,-1,-1
2017360227256,2,9,0,18,0,8,0,0,0,0,1,1,5,2,45,7,1998,1,2,-1,-1,-1
2017360227297,1,9,0,13,0,1,0,0,0,0,1,1,5,1,20,4,1560,2,8,-1,-1,-1
2017360227297,2,19,0,4,0,1,0,0,0,0,3,1,1,1,31,6,1560,2,1,-1,-1,-1
2017360227324,1,9,0,18,0,1,0,0,0,0,1,1,1,1,34,6,998,1,15,3,1,3
2017360227324,2,9,0,2,0,8,0,0,0,0,2,1,5,2,50,8,1398,2,9,4,1,4
2017360227326,1,3,0,4,0,0,2,0,0,0,3,1,2,1,23,5,125,1,-1,-1,-1,-1
2017360227345,1,9,0,18,0,0,0,0,5,0,1,1,5,1,37,7,1000,1,26,-1,-1,-1
2017360227345,2,2,0,18,0,0,5,0,0,0,2,1,5,1,18,4,49,1,4,-1,-1,-1
2017360227349,1,9,0,9,0,8,0,0,0,0,4,1,2,2,19,4,1242,1,2,6,3,6
2017360227349,2,9,0,18,0,8,0,0,0,0,1,1,5,2,31,6,1229,1,4,-1,-1,-1
2017360227468,1,9,0,9,0,6,0,0,0,0,3,1,5,2,22,5,2993,2,-1,-1,-1,-1
2017360227468,2,98,0,18,0,1,0,0,0,0,1,1,1,1,50,8,-1,-1,-1,-1,-1,-1
2017360227481,1,1,0,18,0,0,0,0,0,0,1,1,6,1,17,4,-1,-1,-1,-1,-1,-1
2017360227481,2,9,0,18,0,0,0,0,0,0,1,1,6,2,61,9,1598,1,4,-1,-1,-1
2017360227506,1,5,0,16,0,0,5,0,0,0,1,1,6,1,29,6,1157,1,20,4,3,4
2017360227506,2,17,4,17,0,0,0,0,0,0,3,1,1,1,22,5,6702,2,3,5,3,5
2017360227538,1,9,0,18,0,1,0,0,0,0,0,1,2,1,23,5,1995,2,13,-1,-1,-1
2017360227538,2,19,0,18,0,1,0,0,1,4,1,1,1,1,48,8,2198,2,1,-1,-1,-1
2017360227729,1,9,0,18,0,0,0,0,2,4,1,1,5,1,38,7,1596,1,17,-1,-1,-1
2017360227929,1,9,0,1,9,0,0,0,0,0,2,1,6,1,18,4,1248,1,9,-1,-1,-1
2017360227937,1,9,0,18,0,1,0,0,0,0,1,1,5,2,59,9,1086,1,10,-1,-1,-1
2017360227937,2,1,0,18,0,1,5,0,0,0,1,1,6,1,14,3,-1,-1,-1,-1,-1,-1
2017360227948,1,9,0,13,0,0,0,0,0,0,1,1,6,1,47,8,1339,1,11,-1,-1,-1
2017360227948,2,9,0,18,0,0,0,0,0,0,1,1,6,1,40,7,1332,1,21,-1,-1,-1
2017360228010,1,9,0,9,0,8,0,0,0,0,1,1,6,2,33,6,998,1,9,-1,-1,-1
2017360228010,2,1,0,18,0,8,5,0,0,0,1,1,6,1,46,8,-1,-1,-1,-1,-1,-1
2017360228077,1,3,0,18,0,4,5,0,0,0,3,1,5,1,32,6,124,1,5,-1,-1,-1
2017360228077,2,9,0,18,0,4,0,0,0,0,1,1,5,2,24,5,1587,1,10,-1,-1,-1
2017360228104,1,97,0,18,0,8,0,0,0,0,1,1,5,1,45,7,-1,-1,-1,-1,-1,-1
2017360228104,2,9,0,9,0,8,0,0,0,0,3,1,5,1,28,6,1598,1,5,-1,-1,-1
2017360228116,1,9,0,17,0,0,0,0,0,0,1,1,5,1,25,5,1990,1,13,-1,-1,-1
2017360228210,1,9,0,16,0,0,1,0,1,0,1,1,5,2,32,6,1299,1,16,-1,-1,-1
2017360228281,1,20,0,18,0,1,0,0,0,0,1,1,6,1,41,7,4500,2,3,-1,-1,-1
2017360228281,2,9,0,5,0,1,0,0,0,0,2,1,6,1,43,7,1871,2,14,-1,-1,-1
2017360228375,1,3,0,4,0,1,0,0,0,0,4,1,1,2,25,5,124,1,11,-1,-1,-1
2017360228409,1,9,0,6,0,8,0,0,0,0,4,1,5,1,79,11,1951,2,17,-1,-1,-1
2017360228409,2,9,0,3,0,8,0,0,0,0,3,1,3,2,29,6,1796,1,12,-1,-1,-1
2017360228417,1,2,0,16,0,0,2,0,1,9,0,1,5,1,16,4,50,1,-1,-1,-1,-1
2017360228432,1,9,0,18,0,0,0,0,0,0,1,1,2,2,24,5,875,1,6,-1,-1,-1
2017360228432,2,19,0,2,0,0,0,0,0,0,2,1,1,1,41,7,2402,2,5,-1,-1,-1
2017360228574,1,9,0,18,0,0,0,0,0,0,1,1,5,1,36,7,2996,1,9,-1,-1,-1
2017360228574,2,9,0,18,0,0,0,0,0,0,1,1,5,1,24,5,1349,1,9,-1,-1,-1
2017360228624,1,9,0,18,0,0,0,0,0,0,1,1,6,2,55,8,1242,1,3,-1,-1,-1
2017360228638,1,9,0,10,0,8,0,0,0,0,1,1,6,2,60,9,1991,2,11,-1,-1,-1
2017360228638,2,1,0,18,0,8,0,0,0,0,1,1,6,2,56,9,-1,-1,-1,-1,-1,-1
2017360228651,1,9,0,18,0,0,0,4,1,0,4,1,6,1,24,5,2960,1,25,-1,-1,-1
2017360228651,2,9,0,2,0,0,0,0,0,0,4,1,5,1,33,6,1396,1,8,-1,-1,-1
2017360228651,3,9,0,2,0,0,0,0,0,0,2,1,6,3,-1,-1,-1,-1,-1,-1,-1,-1
2017360228651,4,19,4,2,0,0,0,0,0,0,2,1,6,1,21,5,2143,2,2,3,2,3
2017360228684,1,9,0,18,0,0,0,0,1,4,1,1,5,1,71,10,1968,2,1,-1,-1,-1
2017360228727,1,9,0,9,0,8,0,0,0,0,3,1,5,1,39,7,1598,1,15,-1,-1,-1
2017360228727,2,9,0,18,0,8,0,0,0,0,4,1,5,2,74,10,-1,-1,-1,-1,-1,-1
2017360228736,1,9,0,18,0,0,0,0,0,0,1,1,6,2,71,10,1242,1,6,-1,-1,-1
2017360228736,2,9,0,18,0,0,0,0,0,0,1,1,6,2,44,7,-1,-1,-1,-1,-1,-1
2017360228774,1,9,0,18,0,0,1,0,1,4,1,1,6,2,23,5,998,1,6,-1,-1,-1
2017360228845,1,3,0,18,0,8,0,4,0,0,1,1,5,1,21,5,108,1,-1,-1,-1,-1
2017360228845,2,9,0,5,0,8,0,0,0,0,1,1,5,1,32,6,1686,2,12,-1,-1,-1
2017360228879,1,9,0,9,0,0,0,0,0,0,3,1,1,1,42,7,1560,2,9,-1,-1,-1
2017360228879,2,9,0,18,0,0,0,0,0,0,1,1,5,1,84,11,1390,1,8,-1,-1,-1
2017360228902,1,9,0,18,0,0,0,0,2,0,1,1,5,2,23,5,996,1,3,-1,-1,-1
2017360228902,2,19,0,18,0,0,0,0,0,0,2,1,5,1,68,10,1753,2,15,-1,-1,-1
2017360228920,1,9,0,18,0,0,0,0,0,0,1,1,6,3,-1,-1,-1,-1,-1,-1,-1,-1
2017360228920,2,1,0,18,0,0,5,0,0,0,3,1,6,2,48,8,-1,-1,-1,-1,-1,-1
2017360229101,1,1,0,18,0,0,1,0,0,0,1,1,4,1,13,3,-1,-1,-1,-1,-1,-1
2017360229101,2,98,0,2,0,0,0,0,0,0,2,1,6,1,50,8,-1,-1,-1,-1,-1,-1
2017360229114,1,8,0,1,0,0,0,0,0,0,2,1,6,3,-1,-1,-1,-1,-1,-1,-1,-1
2017360229214,1,9,0,18,0,0,0,0,0,0,1,1,5,2,54,8,1999,1,12,-1,-1,-1
2017360229276,1,9,0,1,0,0,0,0,0,0,0,1,6,3,19,4,1598,2,-1,-1,-1,-1
2017360229277,1,9,0,4,0,0,0,0,0,0,2,1,6,2,59,9,1984,1,1,-1,-1,-1
2017360229277,2,3,0,18,0,0,1,0,0,0,4,1,6,1,25,5,125,1,-1,-1,-1,-1
2017360229534,1,9,0,18,0,0,0,0,0,0,0,1,6,3,-1,-1,-1,-1,-1,-1,-1,-1
2017360229534,2,9,0,18,0,0,1,0,1,10,4,1,5,2,40,7,1968,2,5,-1,-1,-1
2017360229542,1,9,0,18,0,0,0,0,0,0,1,1,5,1,81,11,1398,1,4,5,1,5
2017360229550,1,9,0,18,0,1,0,0,0,0,1,1,5,1,57,9,2179,2,2,-1,-1,-1
2017360229550,2,9,0,3,0,1,0,0,0,0,2,1,2,1,62,9,2143,2,2,-1,-1,-1
2017360229568,1,9,0,18,0,0,1,0,1,0,1,1,5,1,54,8,-1,-1,-1,-1,-1,-1
2017360229573,1,9,0,18,0,1,0,0,0,0,4,1,6,1,79,11,1598,1,16,-1,-1,-1
2017360229573,2,1,0,18,0,1,0,0,0,0,1,1,5,2,53,8,-1,-1,-1,6,2,6
2017360229593,1,9,0,18,0,0,0,0,0,0,3,1,6,1,28,6,1199,1,14,-1,-1,-1
2017360229627,1,9,0,18,0,0,1,0,1,0,1,1,5,2,69,10,1339,1,14,-1,-1,-1
2017360229627,2,9,0,18,0,0,0,0,0,0,1,1,5,1,59,9,1956,2,3,9,3,9
2017360229735,1,9,0,18,0,1,0,0,0,0,1,1,6,3,-1,-1,-1,-1,-1,-1,-1,-1
2017360229735,2,3,0,3,0,1,0,0,0,0,2,1,5,1,40,7,125,1,5,-1,-1,-1
2017360229771,1,5,0,17,0,0,0,0,0,0,1,1,5,1,53,8,693,1,-1,-1,-1,-1
2017360229771,2,1,0,18,0,0,0,0,0,0,1,1,5,1,21,5,-1,-1,-1,-1,-1,-1
2017360229783,1,9,0,9,0,0,0,0,0,0,1,1,6,1,68,10,1200,1,1,-1,-1,-1
2017360229783,2,3,0,18,0,0,0,0,0,0,1,1,6,1,17,4,125,1,10,-1,-1,-1
2017360229852,1,5,0,16,0,0,0,0,1,0,3,1,2,1,31,6,599,1,10,-1,-1,-1
2017360229862,1,9,0,5,9,0,0,0,0,0,1,1,2,2,23,5,1242,1,5,-1,-1,-1
2017360229862,2,1,0,18,9,0,0,0,0,0,3,1,4,1,10,2,-1,-1,-1,7,2,7