Accident_Index,Vehicle_Reference,Vehicle_Type,Towing_and_Articulation,Vehicle_Manoeuvre,Vehicle_Location-Restricted_Lane,Junction_Location,Skidding_and_Overturning,Hit_Object_in_Carriageway,Vehicle_Leaving_Carriageway,Hit_Object_off_Carriageway,1st_Point_of_Impact,Was_Vehicle_Left_Hand_Drive?,Journey_Purpose_of_Driver,Sex_of_Driver,Age_of_Driver,Age_Band_of_Driver,Engine_Capacity_(CC),Propulsion_Code,Age_of_Vehicle,Driver_IMD_Decile,Driver_Home_Area_Type,Vehicle_IMD_Decile
2017370149703,2,9,0,18,0,8,0,0,0,0,1,1,6,1,62,9,1596,1,17,4,3,4
2017370149745,1,9,0,9,0,8,0,0,0,0,1,1,6,1,45,7,-1,-1,-1,5,2,5
2017370149745,2,9,0,9,0,8,0,0,0,0,2,1,2,1,25,5,-1,-1,-1,4,2,4
2017370149908,1,9,0,18,0,1,0,0,0,0,1,1,6,2,91,11,1396,1,11,6,2,6
2017370149908,2,9,0,3,0,1,0,0,0,0,2,1,1,1,63,9,1560,2,4,6,3,6
2017370149928,1,9,0,18,0,1,1,0,0,0,1,1,2,2,48,8,1910,2,9,8,3,8
2017370149928,2,9,0,18,0,1,0,0,0,0,1,1,5,2,40,7,1896,2,15,6,3,6
2017370149928,3,9,0,18,0,1,0,0,0,0,0,1,5,2,76,11,1199,1,13,6,3,6
2017370149937,1,9,0,5,0,8,0,0,0,0,1,1,5,2,26,6,1598,1,11,7,3,7
2017370149937,2,1,0,18,0,8,5,0,0,0,3,1,5,1,35,6,-1,-1,-1,7,1,7
2017370149942,1,9,0,1,0,0,0,0,0,0,2,1,6,1,25,5,-1,-1,-1,9,2,9
2017370150032,1,9,0,17,0,0,1,0,1,10,4,1,1,1,32,6,1560,2,2,-1,-1,-1
2017370150059,1,9,5,18,0,0,0,0,0,0,1,1,5,2,53,8,1242,1,14,5,3,5
2017370150059,2,9,0,18,0,0,0,0,0,0,4,1,1,1,66,10,-1,-1,-1,7,3,7
2017370150059,3,9,0,18,0,0,0,0,0,0,1,1,5,2,39,7,1590,1,18,6,3,6
2017370150279,1,9,0,18,0,0,1,0,0,0,1,1,2,1,19,4,1600,1,27,7,3,7
2017370150279,2,9,0,18,0,0,0,0,0,0,1,1,5,1,54,8,1598,2,6,7,2,7
2017370150323,1,9,0,4,0,0,0,0,0,0,1,1,1,1,32,6,-1,-1,-1,7,3,7
2017370150323,2,9,0,4,0,0,0,0,0,0,1,1,2,1,53,8,1968,2,8,7,3,7
2017370150323,3,9,0,4,0,0,0,0,0,0,1,1,5,1,58,9,1995,2,1,5,2,5
2017370150323,4,9,0,4,0,0,0,0,0,0,1,1,5,2,28,6,1388,1,8,8,3,8
2017370150323,5,9,0,18,0,0,0,0,0,0,2,1,5,2,19,4,-1,-1,-1,2,1,2
2017370150409,1,9,0,18,0,0,0,0,1,11,1,1,6,3,-1,-1,1896,2,15,-1,-1,-1
2017370150409,2,9,0,18,0,0,0,0,0,0,2,1,5,1,29,6,1956,2,8,2,1,2
2017370150442,1,9,0,18,0,0,0,0,0,0,1,1,6,1,32,6,1798,1,15,6,1,6
2017370150442,2,9,0,18,0,0,0,0,0,0,1,1,6,1,22,5,1796,1,15,2,1,2
2017370150461,1,98,0,16,0,0,0,0,0,0,1,1,6,1,74,10,-1,-1,-1,4,3,4
2017370150461,2,9,0,17,0,0,0,0,0,0,4,1,6,1,42,7,1124,1,16,7,3,7
2017370150511,1,98,0,5,0,8,0,0,0,0,1,1,6,1,40,7,-1,-1,-1,5,1,5
2017370150511,2,9,0,18,0,8,0,0,0,0,1,1,6,2,40,7,1598,2,3,7,1,7
2017370150550,1,9,0,1,0,6,0,0,0,0,2,1,3,2,41,7,1461,2,10,4,1,4
2017370150550,2,9,0,18,0,1,0,0,0,0,4,1,2,2,43,7,1242,1,7,3,1,3
2017370150563,1,9,0,9,0,8,0,0,0,0,3,1,6,2,20,4,1598,1,13,10,1,10
2017370150563,2,98,0,18,0,1,0,0,0,0,1,1,1,1,52,8,-1,-1,-1,6,1,6
2017370150584,1,9,0,18,0,1,0,0,0,0,1,1,5,2,62,9,-1,-1,-1,6,2,6
2017370150584,2,9,0,9,0,1,0,0,0,0,2,1,5,1,27,6,-1,-1,-1,5,3,5
2017370150622,1,21,1,18,0,1,0,0,0,0,1,1,5,1,65,9,12902,2,4,5,3,5
2017370150622,2,9,0,7,0,1,0,0,0,0,2,1,5,1,50,8,1596,1,7,5,1,5
2017370150643,1,9,0,18,0,0,0,0,0,0,1,1,5,1,25,5,-1,-1,-1,4,1,4
2017370150643,2,9,0,18,0,0,0,0,0,0,1,1,5,1,27,6,1560,2,7,7,2,7
2017370150836,1,9,0,9,0,8,0,0,0,0,3,1,5,1,41,7,2261,1,11,7,1,7
2017370150836,2,2,0,18,0,1,5,0,0,0,1,1,5,1,18,4,49,1,12,8,2,8
2017370150913,1,90,0,18,0,0,0,0,0,0,3,1,6,1,53,8,1196,2,8,2,1,2
2017370150923,1,9,0,18,0,0,0,0,1,2,1,1,6,1,71,10,1798,1,9,4,3,4
2017370150923,2,9,0,2,0,0,0,0,0,0,2,1,6,3,-1,-1,-1,-1,-1,-1,-1,-1
2017370150953,1,9,0,7,0,8,0,0,0,0,1,1,6,2,27,6,1997,2,6,1,1,1
2017370150978,1,9,0,18,0,0,0,0,0,0,4,1,6,3,-1,-1,-1,-1,-1,-1,-1,-1
2017370150978,2,9,0,4,0,0,0,0,0,0,3,1,6,1,40,7,1598,1,13,5,2,5
2017370150978,3,8,0,18,0,0,0,0,0,0,0,1,6,2,25,5,-1,-1,-1,10,2,10
2017370151026,1,9,0,18,0,0,0,0,0,0,4,1,2,2,25,5,2979,1,13,6,1,6
2017370151067,1,9,0,18,0,1,1,0,0,0,1,1,6,2,40,7,1124,1,14,6,3,6
2017370151067,2,9,0,18,0,1,0,0,0,0,3,1,6,1,56,9,4164,2,13,7,3,7
2017370151122,1,9,0,18,0,0,0,0,7,0,1,1,5,1,22,5,1800,1,18,6,2,6
2017370151122,2,9,0,18,0,0,0,0,0,0,1,1,2,1,48,8,1248,2,9,5,3,5
2017370151200,1,21,0,18,0,0,0,0,0,0,4,1,1,1,58,9,12902,2,2,4,2,4
2017370151200,2,1,0,18,0,0,5,0,1,0,2,1,2,1,25,5,-1,-1,-1,6,1,6
2017370151227,1,9,0,18,0,0,0,0,0,0,1,1,6,2,65,9,1399,2,6,4,2,4
2017370151781,1,9,0,9,0,6,0,0,0,0,3,1,6,1,27,6,-1,-1,-1,3,1,3
2017370151781,2,9,0,18,0,1,0,0,0,0,3,1,6,2,58,9,2000,2,10,7,3,7
2017370151804,1,9,0,16,0,0,1,0,0,0,1,1,6,1,23,5,1197,1,1,1,1,1
2017370151804,2,9,0,17,0,0,0,0,0,0,1,1,6,2,23,5,2993,2,12,9,2,9
2017370151819,1,3,0,16,0,0,0,0,0,0,1,1,6,1,18,4,125,1,2,7,3,7
2017370151840,1,9,0,2,0,0,0,0,0,0,2,1,5,1,53,8,2295,1,16,6,2,6
2017370151840,2,9,0,18,0,0,0,0,0,0,1,1,6,1,42,7,-1,-1,-1,6,3,6
2017370151860,1,9,0,18,0,0,1,0,0,0,1,1,6,1,22,5,-1,-1,-1,1,1,1
2017370151860,2,9,0,2,0,0,0,0,0,0,1,1,6,3,-1,-1,-1,-1,-1,-1,-1,-1
2017370151970,1,3,0,14,0,0,0,0,0,0,1,1,6,1,19,4,124,1,3,5,3,5
2017370151970,2,9,0,5,0,0,0,0,0,0,1,1,6,2,42,7,1895,1,16,7,1,7
2017370152015,1,9,0,13,0,0,5,0,0,0,1,1,6,1,24,5,1497,1,16,1,1,1
2017370152092,1,9,0,6,0,0,0,0,0,0,1,1,4,1,18,4,998,1,14,3,1,3
2017370152092,2,9,0,4,0,0,0,0,0,0,1,1,5,1,58,9,1998,1,18,1,1,1
2017370152139,1,9,0,18,0,0,1,0,1,0,0,1,6,2,28,6,1242,1,4,7,2,7
2017370152163,1,9,0,5,0,0,0,0,0,0,1,1,6,2,-1,-1,2429,1,12,-1,-1,-1
2017370152163,2,9,0,2,0,0,0,0,0,0,3,1,5,1,31,6,1598,2,1,10,1,10
2017370152393,1,9,0,7,0,2,0,0,0,0,1,1,6,1,72,10,1586,1,4,7,3,7
2017370152393,2,9,0,18,0,1,0,0,0,0,1,1,6,2,50,8,1360,1,12,7,3,7
2017370152560,1,9,0,18,0,0,0,0,0,0,1,1,6,2,32,6,1229,1,11,7,3,7
2017370152560,2,9,0,18,0,0,0,0,0,0,1,1,6,1,45,7,1997,2,11,7,3,7
2017370152588,1,9,0,18,0,8,0,0,0,0,4,1,6,1,49,8,1598,2,2,7,1,7
2017370152588,2,9,0,18,0,8,0,0,0,0,1,1,6,1,52,8,998,1,18,8,3,8
2017370153038,1,9,0,7,0,8,0,0,0,0,4,1,6,1,31,6,-1,-1,-1,8,2,8
2017370153073,1,9,0,5,0,4,0,0,0,0,1,1,6,2,52,8,1969,2,2,8,2,8
2017370153073,2,1,0,18,0,8,0,0,0,0,4,1,6,1,16,4,-1,-1,-1,5,1,5
2017370153218,1,9,0,18,0,0,5,0,1,3,1,1,6,2,35,6,1968,2,3,4,2,4
2017370153248,1,9,0,18,0,0,0,0,8,4,1,1,5,1,25,5,1796,1,15,4,3,4
2017370153267,1,9,0,9,0,8,0,0,0,0,1,1,5,2,45,7,1598,2,2,6,3,6
2017370153267,2,9,0,18,0,1,0,0,0,0,1,1,1,1,28,6,998,1,3,5,1,5
2017370153539,1,9,0,17,0,0,1,0,0,0,1,1,5,1,18,4,1995,2,2,5,3,5
2017370153827,1,9,0,18,0,0,0,0,0,0,4,1,6,2,-1,-1,1329,1,2,-1,-1,-1
2017370153886,1,9,0,18,0,4,0,0,0,0,3,1,5,1,37,7,1360,1,13,4,1,4
2017370153886,2,1,0,18,0,8,5,0,0,0,1,1,6,1,40,7,-1,-1,-1,4,1,4
2017370153933,1,9,0,18,0,1,0,0,0,0,1,1,6,1,31,6,-1,-1,-1,6,1,6
2017370153933,2,9,0,4,0,1,0,0,0,0,2,1,6,1,51,8,2143,12,4,6,1,6
2017370153933,3,9,0,10,0,1,0,0,0,0,2,1,6,1,32,6,-1,-1,-1,6,3,6
2017370153964,1,9,0,18,0,0,1,4,7,0,1,1,3,2,32,6,1396,1,14,7,1,7
2017370153964,2,9,0,2,0,0,0,0,1,0,2,1,5,1,26,6,1968,2,6,9,1,9
2017370153964,3,9,0,18,0,0,0,0,0,0,1,1,6,2,36,7,1248,1,6,4,1,4
2017370153998,1,9,0,17,0,0,0,0,0,0,1,1,2,2,27,6,1149,1,16,6,2,6
2017370153998,2,9,0,16,0,0,0,0,0,0,1,1,5,2,46,8,1349,1,4,5,3,5
2017370154024,1,9,0,18,0,1,0,0,0,0,1,1,6,1,42,7,998,1,3,8,1,8
2017370154024,2,9,0,3,0,4,0,0,0,0,2,1,6,2,32,6,1995,1,10,5,2,5
2017370154028,1,9,0,7,0,2,0,0,0,0,4,1,6,3,-1,-1,-1,-1,-1,-1,-1,-1
2017370154028,2,1,0,18,0,2,5,0,0,0,3,1,5,1,15,3,-1,-1,-1,8,2,8
2017370154047,1,9,0,5,0,8,0,0,0,0,1,1,6,1,48,8,-1,-1,-1,1,1,1
2017370154047,2,9,0,5,0,1,0,0,0,0,3,1,6,2,35,6,2720,2,12,5,1,5
2017370154057,1,9,0,18,0,0,1,0,0,0,1,1,6,3,-1,-1,-1,-1,-1,-1,-1,-1
2017370154057,2,3,0,18,0,0,5,0,0,0,1,1,5,2,29,6,-1,-1,-1,2,1,2
2017370154063,1,9,0,5,0,0,0,0,0,0,0,1,6,1,72,10,2987,2,11,6,2,6
2017370154063,2,9,0,18,0,0,1,0,7,9,3,1,6,1,32,6,1896,2,6,4,1,4
2017370154160,1,9,0,18,0,0,2,10,7,4,1,1,5,2,59,9,1796,1,8,10,1,10
2017370154177,1,9,0,9,0,1,0,0,0,0,1,1,5,2,82,11,1396,1,13,8,2,8
2017370154177,2,9,0,18,0,1,0,0,0,0,1,1,2,1,57,9,1995,2,5,7,3,7
2017370154204,1,9,0,18,0,4,0,0,0,0,1,1,5,1,18,4,999,1,3,6,3,6
2017370154204,2,8,0,18,0,4,0,0,0,0,1,1,1,1,34,6,3227,2,15,4,1,4
2017370154213,1,9,0,18,0,8,0,0,0,0,1,1,5,1,55,8,-1,-1,-1,2,1,2
2017370154213,2,9,0,18,0,8,0,0,0,0,3,1,2,1,46,8,-1,-1,-1,7,1,7
2017370154235,1,9,0,18,0,4,0,0,0,0,3,1,1,1,72,10,3222,2,12,8,2,8
2017370154235,2,1,0,18,0,4,2,0,0,0,1,1,5,1,60,9,-1,-1,-1,6,1,6
2017370154264,1,9,0,17,0,0,0,0,0,0,1,1,3,2,29,6,1984,1,8,8,1,8
2017370154268,1,9,0,1,0,0,0,0,0,0,2,1,5,1,64,9,1398,1,2,9,3,9
2017370154329,1,9,0,9,0,6,0,0,0,0,3,1,5,2,43,7,2720,2,9,9,3,9
2017370154329,2,9,0,18,0,1,0,0,0,0,1,1,5,1,68,10,-1,-1,-1,6,3,6
2017370154332,1,9,0,18,0,2,0,0,0,0,1,1,6,1,62,9,1598,1,16,5,3,5
2017370154370,1,9,0,18,0,0,0,0,0,0,1,1,5,1,77,11,1997,2,9,9,1,9
2017370154370,2,9,0,4,0,0,0,0,0,0,2,1,6,2,26,6,2457,1,16,5,1,5
2017370154371,1,9,0,5,0,8,0,0,0,0,1,1,6,2,25,5,1397,1,9,6,3,6
2017370154371,2,21,0,18,0,1,0,0,0,0,1,1,6,1,63,9,4580,2,8,4,1,4
2017370154523,1,9,0,18,0,1,0,0,0,0,0,1,6,1,84,11,1588,1,15,9,1,9
2017370154548,1,9,0,5,0,1,0,0,0,0,1,1,5,1,51,8,1968,2,3,9,2,9
2017370154548,2,9,0,8,0,1,0,0,0,0,2,1,5,2,17,4,1124,1,14,9,2,9
2017370154575,1,1,0,18,0,0,5,0,0,0,1,1,6,1,20,4,-1,-1,-1,1,1,1
2017370154575,2,9,0,2,0,0,0,0,0,0,2,1,6,3,-1,-1,-1,-1,-1,-1,-1,-1
2017370154597,1,3,0,14,0,0,5,0,0,0,1,1,4,1,19,4,124,1,5,6,3,6
2017370154597,2,9,0,9,0,0,0,0,0,0,1,1,2,2,26,6,998,1,3,6,3,6
2017370154707,1,9,0,9,0,0,1,0,0,0,1,1,5,1,20,4,1149,1,15,1,1,1
2017370154810,1,9,0,16,0,0,2,0,0,0,4,1,5,1,29,6,1124,1,16,6,2,6
2017370154978,1,9,0,18,0,0,0,0,0,0,1,1,5,2,23,5,1198,1,11,5,3,5
2017370154978,2,9,0,2,0,0,0,0,0,0,1,1,6,3,-1,-1,-1,-1,-1,-1,-1,-1
2017370155247,1,9,0,18,0,1,0,0,0,0,1,1,5,1,32,6,2493,8,3,3,1,3
2017370155247,2,21,1,9,0,6,0,0,0,0,3,1,1,1,29,6,-1,-1,-1,-1,-1,-1
2017370156174,1,9,0,18,0,3,0,0,0,0,4,1,6,2,40,7,998,1,2,7,1,7
2017370156174,2,1,0,18,0,3,5,0,0,0,3,1,6,1,48,8,-1,-1,-1,3,1,3
2017370156205,1,9,0,13,0,0,0,0,0,0,4,1,6,3,-1,-1,-1,-1,-1,-1,-1,-1
2017370156205,2,1,0,18,0,0,5,0,0,0,3,1,5,2,46,8,-1,-1,-1,4,1,4
2017370156224,1,9,0,12,0,0,1,0,2,4,1,1,5,2,20,4,1229,1,9,8,2,8
2017370156358,1,9,0,5,0,0,0,0,7,9,1,1,1,2,49,8,1896,2,12,5,3,5
2017370156358,2,9,0,18,0,0,0,0,7,9,1,1,5,2,32,6,1598,1,17,6,3,6
2017370156485,1,9,0,18,0,0,0,0,1,11,1,1,5,1,25,5,1400,1,18,4,2,4
2017370156790,1,9,0,9,0,4,0,0,0,0,3,1,5,2,35,6,2295,1,15,5,3,5
2017370156790,2,9,0,9,0,8,0,0,0,0,1,1,5,2,43,7,998,1,5,5,3,5
2017370156927,1,9,0,18,0,0,0,4,0,0,1,1,6,2,36,7,1598,1,17,5,1,5
2017370156927,2,9,0,2,0,0,0,0,0,0,1,1,6,3,-1,-1,-1,-1,-1,-1,-1,-1
2017370156962,1,9,0,5,9,0,0,0,0,0,1,1,6,1,21,5,2204,2,10,1,1,1
2017370157218,1,9,0,18,0,4,0,0,0,0,1,1,6,2,33,6,1975,1,12,6,3,6
2017370157218,2,9,0,9,0,8,0,0,0,0,4,1,5,1,24,5,1598,2,3,9,1,9
2017370157380,1,9,0,18,0,2,0,0,0,0,1,1,6,1,-1,-1,3199,1,19,6,1,6
2017370157380,2,9,0,18,0,1,0,0,0,0,4,1,5,2,39,7,2776,2,12,7,2,7
2017370157380,3,9,0,2,0,1,0,0,0,0,2,1,5,1,51,8,2987,2,3,9,3,9
2017370158076,1,9,0,7,0,4,0,0,1,0,1,1,6,1,31,6,1248,1,4,7,3,7
2017370158076,2,9,0,9,0,8,0,0,0,0,4,1,6,1,27,6,2171,1,15,3,1,3
2017370158135,1,9,0,18,0,0,0,0,0,0,1,1,3,1,34,6,1398,1,5,6,3,6
2017370158135,2,9,0,18,0,0,0,0,0,0,1,1,2,2,59,9,1198,1,9,9,3,9
2017370158171,1,19,0,11,0,0,0,0,0,0,1,1,1,1,34,6,2464,2,9,6,1,6
2017370158171,2,98,1,2,0,0,0,0,0,0,2,1,1,1,25,5,-1,-1,-1,-1,-1,-1
2017370158246,1,9,0,6,0,0,0,0,0,0,3,1,1,1,31,6,4969,1,1,9,1,9
2017370158246,2,9,0,18,0,0,0,0,0,0,1,1,5,2,48,8,1598,1,1,7,3,7
2017370158247,1,9,0,7,0,1,1,0,0,0,1,1,6,1,20,4,-1,-1,-1,8,1,8
2017370158272,1,9,0,9,0,0,0,0,0,0,3,1,2,2,22,5,999,1,4,9,1,9
2017370158272,2,1,0,18,0,0,5,0,0,0,1,1,6,1,66,10,-1,-1,-1,7,1,7
2017370158307,1,9,0,18,0,0,2,0,1,0,0,1,2,2,19,4,1149,1,11,7,2,7
2017370158347,1,9,0,7,0,1,0,0,0,0,1,1,5,1,47,8,2199,2,7,6,3,6
2017370158347,2,1,0,18,0,1,5,0,0,0,1,1,5,1,61,9,-1,-1,-1,4,2,4
2017370158510,1,9,0,18,0,0,1,0,0,0,1,1,2,1,21,5,1560,2,9,3,1,3
2017370158616,1,9,0,18,0,0,0,0,0,0,1,1,6,1,39,7,1798,1,9,7,2,7
2017370158616,2,1,0,18,0,0,0,0,0,0,2,1,6,1,31,6,-1,-1,-1,6,3,6
2017370158677,1,9,0,18,0,0,2,0,0,0,4,1,5,1,17,4,1149,1,15,7,3,7
2017370158687,1,9,0,18,0,0,0,0,7,0,1,1,5,1,22,5,998,1,13,8,2,8
2017370158697,1,9,0,-1,-1,-1,-1,-1,-1,0,4,1,5,1,41,7,1328,1,17,2,1,2
2017370158697,2,1,-1,-1,-1,-1,-1,-1,-1,0,-1,1,6,1,26,6,-1,-1,-1,-1,-1,-1
2017370158718,1,9,0,18,0,0,0,0,0,0,3,1,5,1,66,10,1598,1,10,7,2,7
2017370158718,2,9,0,18,0,0,0,0,0,0,1,1,5,1,69,10,1995,2,7,6,1,6
2017370158718,3,9,0,18,0,0,0,0,0,0,3,1,6,1,79,11,998,1,10,4,3,4
2017370158777,1,9,0,18,0,1,0,0,8,4,1,1,5,1,30,6,1242,1,14,6,2,6
2017370158807,1,9,0,9,0,8,0,0,0,0,1,1,6,1,85,11,-1,-1,-1,9,2,9
2017370158807,2,9,0,18,0,1,0,0,0,0,3,1,5,2,43,7,1956,2,2,7,1,7
2017370158833,1,9,0,18,0,1,0,0,8,10,4,1,5,2,36,7,999,1,17,-1,-1,-1
2017370158854,1,9,0,5,0,4,0,0,0,0,1,1,5,1,76,11,1560,2,7,8,1,8
2017370158854,2,3,0,3,0,4,5,0,0,0,2,1,5,2,45,7,125,1,2,1,1,1
2017370159496,1,9,0,18,0,0,0,0,0,0,1,1,1,1,43,7,1989,1,17,5,1,5
2017370159496,2,17,0,18,0,0,0,0,0,0,2,1,1,1,38,7,4400,2,8,3,1,3
2017370159545,1,9,0,18,0,0,1,0,0,0,1,1,5,2,22,5,998,1,22,7,3,7
2017370159545,2,19,0,4,0,0,0,0,0,0,1,1,5,1,67,10,2198,2,7,3,1,3
2017370159545,3,9,0,4,0,0,1,0,0,0,2,1,5,1,55,8,1997,2,1,10,1,10
2017370159739,1,8,0,1,0,0,0,0,0,0,2,1,6,1,44,7,2198,2,3,-1,-1,-1
2017370159988,1,1,0,18,0,0,5,4,0,0,1,1,2,1,49,8,-1,-1,-1,10,1,10
2017370159988,2,9,0,2,0,0,0,0,0,0,2,1,6,3,-1,-1,-1,-1,-1,-1,-1,-1
2017370160075,1,9,0,14,0,0,0,0,0,0,3,1,5,2,51,8,1229,1,4,-1,-1,-1
2017370160075,2,9,0,18,0,0,0,0,0,0,3,1,6,1,20,4,1461,2,3,4,1,4
2017370160097,1,9,0,18,0,4,1,7,1,0,3,1,6,1,43,7,-1,-1,-1,-1,-1,-1
2017370160134,1,9,0,17,0,0,0,0,0,0,3,1,6,1,54,8,2179,2,2,7,3,7
2017370160134,2,9,0,16,0,0,0,0,0,0,3,1,6,1,36,7,1995,2,12,10,1,10
2017370160327,1,4,0,18,0,0,5,0,1,11,1,1,6,1,59,9,471,1,1,6,2,6
2017370160341,1,9,0,18,0,8,0,0,0,0,1,1,5,2,62,9,1968,2,1,6,3,6
2017370160341,2,4,0,18,0,8,5,0,0,0,1,1,5,1,56,9,399,1,34,7,3,7
2017370160341,3,9,0,18,0,8,0,0,0,0,0,1,6,3,-1,-1,-1,-1,-1,-1,-1,-1
2017370160375,1,9,0,18,0,0,0,0,0,0,1,1,3,1,44,7,2979,1,15,7,1,7
2017370160375,2,9,0,2,9,0,0,0,0,0,1,1,5,2,-1,-1,1339,1,8,9,1,9
2017370160378,1,9,0,1,0,0,0,0,0,0,2,1,6,1,53,8,1598,1,2,3,1,3
2017370160456,1,9,0,5,0,3,0,0,0,0,1,1,5,2,88,11,1299,1,19,6,3,6
2017370160456,2,9,0,18,0,3,0,0,0,0,1,1,5,2,39,7,1360,1,14,3,1,3
2017370160480,1,11,0,18,0,1,0,0,0,0,1,1,1,1,60,9,4461,2,1,7,1,7
2017370160504,1,9,0,18,0,1,0,0,0,0,1,1,6,2,36,7,1560,2,9,1,1,1
2017370160504,2,9,0,18,0,1,0,0,0,0,2,1,5,1,58,9,1968,2,11,3,1,3
2017370160537,1,9,0,18,0,0,0,0,0,0,3,1,5,2,24,5,1242,1,7,7,2,7
2017370160560,1,9,0,1,0,1,0,0,0,0,0,1,6,1,55,8,1796,1,15,7,1,7
2017370160585,1,9,0,14,0,0,0,0,0,0,1,1,6,1,34,6,-1,-1,-1,6,3,6
2017370160585,2,9,0,18,0,0,0,0,0,0,3,1,6,2,37,7,1968,2,10,7,1,7
2017370160585,3,9,0,10,0,0,0,0,0,0,3,1,6,2,46,8,1896,2,13,2,1,2
2017370160591,1,9,0,18,0,0,0,0,0,0,0,1,6,3,-1,-1,-1,-1,-1,-1,-1,-1
2017370160591,2,9,0,18,0,0,0,0,0,0,2,1,6,1,66,10,-1,-1,-1,6,2,6
2017370160591,3,1,0,18,0,0,0,0,0,0,1,1,6,1,-1,-1,-1,-1,-1,3,1,3
2017370160597,1,11,0,5,0,0,0,0,0,0,3,1,1,1,30,6,7300,2,8,4,1,4
2017370160665,1,9,0,18,0,0,0,0,0,0,1,1,5,1,78,11,1997,2,14,8,3,8
2017370160665,2,3,0,18,0,0,0,0,0,0,4,1,5,1,18,4,125,1,12,9,1,9
2017370160681,1,17,4,18,0,0,2,0,2,0,4,1,6,1,36,7,-1,2,18,5,1,5
2017370160688,1,9,0,9,0,1,0,0,0,0,3,1,6,2,33,6,1598,1,14,4,1,4
2017370160688,2,2,0,18,0,1,0,0,0,0,3,1,6,1,41,7,49,1,9,9,1,9
2017370160806,1,9,0,16,0,0,1,0,8,9,1,1,2,1,25,5,1397,1,6,10,1,10
2017370160813,1,9,0,18,0,0,0,0,0,0,3,1,5,2,27,6,1392,1,25,2,1,2
2017370161044,1,9,0,18,0,1,0,0,0,0,1,1,1,2,54,8,-1,-1,-1,4,1,4
2017370161044,2,1,0,18,0,1,0,0,0,0,2,1,2,2,24,5,-1,-1,-1,8,1,8
2017370161085,1,9,0,18,0,0,0,0,0,0,3,1,6,2,50,8,1461,2,2,6,3,6
2017370161085,2,9,0,18,0,0,0,0,0,0,3,1,6,1,48,8,-1,-1,-1,7,3,7
2017370161119,1,9,0,18,0,4,0,0,0,0,1,1,5,2,67,10,996,1,6,3,1,3
2017370161119,2,1,0,18,0,8,5,0,0,0,4,1,2,1,34,6,-1,-1,-1,8,2,8
2017370161137,1,9,0,18,0,0,0,0,0,0,1,1,1,2,52,8,1560,2,1,9,1,9
2017370161137,2,9,0,18,0,0,0,0,1,0,1,1,6,2,62,9,1388,1,9,7,1,7
2017370161137,3,9,0,18,0,0,0,0,0,0,3,1,5,1,28,6,3999,1,6,6,2,6
2017370161320,1,9,0,16,0,0,0,0,0,0,4,1,6,1,63,9,1461,2,7,5,2,5
2017370161379,1,9,0,3,0,1,0,0,0,0,2,1,5,2,82,11,2148,2,13,9,2,9
2017370161379,2,19,0,3,0,1,0,0,0,0,1,1,1,1,34,6,2198,2,5,2,1,2
2017370161476,1,9,0,4,0,0,0,0,0,0,4,1,5,2,21,5,-1,-1,-1,6,3,6
2017370161476,2,9,0,3,0,0,0,0,0,0,2,1,5,1,20,4,1198,1,11,10,1,10
2017370161525,1,98,0,16,0,0,0,4,0,0,1,1,6,2,21,5,-1,-1,-1,8,3,8
2017370161525,2,9,0,2,0,0,5,0,0,0,2,1,6,1,25,5,1596,1,15,5,2,5
2017370161540,1,9,0,18,0,1,0,0,0,0,3,1,6,1,21,5,1560,2,1,3,1,3
2017370161540,2,9,0,2,0,1,0,0,0,0,0,1,6,1,-1,-1,1560,2,3,-1,-1,-1
2017370161549,1,9,0,5,0,6,0,0,0,0,3,1,6,1,19,4,1086,1,13,5,3,5
2017370161549,2,9,0,18,0,1,2,0,0,0,1,1,6,1,47,8,1364,2,4,8,3,8
2017370161578,1,9,0,7,0,1,0,0,0,0,1,1,1,1,26,6,1910,2,12,5,3,5
2017370161578,2,9,0,7,0,1,0,0,0,0,1,1,5,2,21,5,1364,1,13,10,1,10
2017370161597,1,9,0,18,0,1,0,0,1,0,1,1,5,1,58,9,1598,1,13,-1,-1,-1
2017370161599,1,3,0,18,0,8,1,0,0,0,3,1,6,1,22,5,124,1,11,5,3,5
2017370161599,2,9,0,9,0,8,0,0,0,0,2,1,6,2,40,7,1360,1,11,1,1,1
2017370161600,1,19,0,18,0,0,0,0,0,0,1,1,6,1,43,7,1968,2,6,-1,-1,-1
2017370161604,1,9,0,18,0,0,0,0,0,0,1,1,5,1,35,6,1995,1,15,4,1,4
2017370161604,2,9,0,4,0,0,0,0,0,0,2,1,2,1,61,9,1199,2,6,10,3,10
2017370161604,3,9,0,3,0,0,0,0,0,0,2,1,1,1,38,7,-1,-1,-1,4,1,4
2017370161604,4,9,0,3,0,0,0,0,0,0,2,1,5,2,53,8,1598,1,9,8,3,8
2017370161628,1,9,0,4,0,1,0,0,0,0,3,1,5,1,61,9,1242,1,11,7,3,7
2017370161638,1,9,0,18,0,0,0,0,0,0,0,1,6,3,-1,-1,-1,-1,-1,-1,-1,-1
2017370161638,2,9,0,18,0,0,0,0,0,0,1,1,5,1,18,4,1360,1,13,10,2,10
2017370161670,1,9,0,18,0,0,0,0,0,0,1,1,6,1,24,5,2143,2,6,7,3,7