Accident_Index,Vehicle_Reference,Vehicle_Type,Towing_and_Articulation,Vehicle_Manoeuvre,Vehicle_Location-Restricted_Lane,Junction_Location,Skidding_and_Overturning,Hit_Object_in_Carriageway,Vehicle_Leaving_Carriageway,Hit_Object_off_Carriageway,1st_Point_of_Impact,Was_Vehicle_Left_Hand_Drive?,Journey_Purpose_of_Driver,Sex_of_Driver,Age_of_Driver,Age_Band_of_Driver,Engine_Capacity_(CC),Propulsion_Code,Age_of_Vehicle,Driver_IMD_Decile,Driver_Home_Area_Type,Vehicle_IMD_Decile
2017370170538,2,3,0,18,0,0,0,0,0,0,4,1,6,1,23,5,125,1,2,3,1,3
2017370170565,1,9,0,18,0,0,0,4,0,0,1,1,6,1,78,11,1242,1,13,2,1,2
2017370170565,2,9,0,18,0,0,0,0,0,0,3,1,6,1,31,6,1598,1,5,4,1,4
2017370170565,3,9,0,2,0,0,0,0,0,0,3,1,5,1,27,6,1229,1,11,4,1,4
2017370170810,1,9,0,5,0,3,0,0,0,0,1,1,6,2,31,6,1229,1,7,4,1,4
2017370170810,2,1,0,9,0,3,1,0,0,0,1,1,6,1,30,6,-1,-1,-1,5,1,5
2017370170813,1,9,0,18,0,8,0,0,0,0,1,1,6,3,-1,-1,-1,-1,-1,-1,-1,-1
2017370170813,2,1,0,18,0,8,5,0,0,0,2,1,6,1,45,7,-1,-1,-1,1,1,1
2017370170823,1,9,0,18,0,4,0,0,0,0,1,1,5,1,36,7,1686,2,5,6,1,6
2017370170823,2,1,0,18,0,8,5,0,0,0,1,1,5,1,49,8,-1,-1,-1,6,3,6
2017370170845,1,9,0,9,0,2,0,0,0,0,1,1,5,2,46,8,1197,1,3,10,1,10
2017370170845,2,11,0,5,0,2,0,0,0,0,1,1,1,1,63,9,4580,2,9,10,1,10
2017370171035,1,9,0,9,0,1,0,0,0,0,3,1,6,1,20,4,1596,1,11,6,2,6
2017370171035,2,9,0,18,0,1,0,0,0,0,1,1,6,1,-1,-1,1895,1,16,-1,-1,-1
2017370171041,1,9,0,16,0,0,1,0,1,4,1,1,6,1,41,7,1997,2,10,3,2,3
2017370171041,2,19,0,17,0,0,0,0,0,0,3,1,6,1,54,8,2143,2,1,5,1,5
2017370171120,1,9,0,3,0,1,0,0,0,0,1,1,6,2,45,7,1988,1,15,4,3,4
2017370171120,2,9,0,4,0,1,0,0,0,0,2,1,5,1,38,7,1200,1,-1,1,1,1
2017370171154,1,9,0,18,0,1,0,0,0,0,3,1,5,1,23,5,1368,1,1,5,1,5
2017370171154,2,1,0,18,0,4,5,0,0,0,4,1,2,1,42,7,-1,-1,-1,3,1,3
2017370171186,1,9,0,18,0,0,0,4,0,0,1,1,6,1,24,5,1242,1,12,2,1,2
2017370171186,2,9,0,2,0,0,0,0,0,0,3,1,6,3,-1,-1,-1,-1,-1,-1,-1,-1
2017370171186,3,9,0,18,0,0,0,0,0,0,1,1,6,1,38,7,1240,1,11,1,1,1
2017370171192,1,9,0,18,0,0,0,10,0,0,4,1,5,1,64,9,-1,-1,-1,7,3,7
2017370171236,1,9,0,9,0,6,0,0,0,0,1,1,3,2,36,7,1686,2,12,4,1,4
2017370171258,1,9,0,18,0,1,0,0,0,0,1,1,5,2,30,6,-1,-1,-1,5,3,5
2017370171258,2,9,0,10,0,1,0,0,0,0,2,1,5,2,41,7,1968,2,9,4,1,4
2017370171298,1,9,0,18,0,0,1,0,1,3,1,1,2,1,32,6,1999,1,10,2,1,2
2017370171351,1,9,0,4,0,1,0,0,0,0,4,1,6,2,42,7,1124,1,17,4,2,4
2017370171355,1,9,0,18,0,0,0,0,0,0,1,1,6,2,37,7,1968,2,5,9,2,9
2017370171355,2,19,0,18,0,0,0,0,0,0,1,1,6,1,49,8,2198,2,1,4,3,4
2017370171443,1,8,0,4,0,0,0,0,0,0,4,1,1,1,74,10,1968,2,6,5,3,5
2017370171468,1,9,0,18,0,6,0,0,0,0,4,1,5,2,21,5,998,1,5,7,3,7
2017370171468,2,9,0,18,0,8,0,0,0,0,1,1,5,1,38,7,1998,2,4,5,3,5
2017370171501,1,9,0,18,0,8,2,0,0,0,4,1,5,1,25,5,1679,1,16,7,2,7
2017370171557,1,98,0,12,0,7,0,0,0,0,1,1,1,1,40,7,-1,-1,-1,-1,-1,-1
2017370171557,2,9,0,18,0,1,0,0,0,0,4,1,5,1,64,9,1598,1,7,6,3,6
2017370171579,1,9,0,18,0,0,0,0,0,0,1,1,5,1,52,8,1870,2,10,9,3,9
2017370171579,2,1,0,18,0,0,0,0,0,0,1,1,2,1,47,8,-1,-1,-1,5,2,5
2017370171611,1,9,0,18,0,0,0,0,0,0,1,1,5,2,30,6,1951,2,12,3,1,3
2017370171611,2,9,0,4,0,0,0,0,0,0,2,1,5,1,63,9,1248,1,6,9,1,9
2017370171611,3,9,0,4,0,0,0,0,0,0,2,1,5,1,29,6,1124,1,21,6,3,6
2017370171657,1,3,0,13,0,1,0,0,0,0,1,1,6,1,20,4,124,1,6,2,1,2
2017370171659,1,9,0,5,0,0,0,0,0,0,2,1,5,1,57,9,1339,1,1,7,1,7
2017370171659,2,9,0,18,0,0,0,0,0,0,1,1,5,2,80,11,1596,1,13,8,2,8
2017370171659,3,9,0,4,0,0,0,0,0,0,1,1,6,2,26,6,1598,1,6,7,1,7
2017370171659,4,9,0,18,0,0,0,0,0,0,1,1,6,1,19,4,1149,1,16,6,3,6
2017370171690,1,9,0,18,0,0,0,0,0,0,4,1,6,3,-1,-1,-1,-1,-1,-1,-1,-1
2017370171690,2,1,0,18,0,0,1,0,1,0,3,1,4,1,15,3,-1,-1,-1,7,3,7
2017370171713,1,9,0,18,0,0,0,0,0,0,3,1,5,1,21,5,1108,1,7,8,3,8
2017370171738,1,9,0,18,0,0,0,0,0,0,4,1,5,1,76,11,1997,2,12,9,1,9
2017370171850,1,9,0,5,0,1,0,0,0,0,3,1,5,2,55,8,-1,-1,-1,7,3,7
2017370171850,2,9,0,18,0,1,0,0,0,0,1,1,6,2,48,8,1991,2,9,9,1,9
2017370171877,1,9,0,1,0,0,0,0,0,0,2,1,5,1,78,11,1560,2,6,4,1,4
2017370171883,1,9,0,4,0,0,0,0,0,0,3,1,5,1,17,4,1229,1,9,4,1,4
2017370171883,2,9,0,18,0,0,0,0,0,0,1,1,5,2,68,10,1242,1,16,5,2,5
2017370172205,1,9,0,9,0,8,0,0,0,0,1,1,2,1,42,7,2000,1,10,6,3,6
2017370172655,1,9,0,1,0,0,0,0,0,0,2,1,6,1,51,8,1560,2,7,6,2,6
2017370172660,1,9,0,18,0,0,0,0,0,0,0,1,5,1,58,9,1582,2,1,9,3,9
2017370172660,2,1,0,18,0,0,0,0,0,0,1,1,5,1,15,3,-1,-1,-1,10,1,10
2017370172695,1,9,0,18,0,3,0,0,0,0,1,1,5,2,19,4,1199,1,14,10,1,10
2017370172695,2,98,0,4,0,2,0,0,0,0,2,1,5,1,74,10,-1,-1,-1,7,1,7
2017370172774,1,9,0,1,0,0,0,0,0,0,2,1,5,1,17,4,1242,1,11,1,1,1
2017370172852,1,9,0,9,0,8,0,0,0,0,1,1,5,1,80,11,1197,1,2,6,1,6
2017370172852,2,1,0,18,0,8,0,0,0,0,3,1,5,1,28,6,-1,-1,-1,1,1,1
2017370172863,1,9,0,18,0,1,1,0,7,10,1,1,5,1,85,11,1590,1,16,4,3,4
2017370172893,1,9,0,13,0,0,0,0,0,0,0,1,6,3,-1,-1,-1,-1,-1,-1,-1,-1
2017370172893,2,1,0,18,0,0,2,0,0,0,0,1,5,1,67,10,-1,-1,-1,6,2,6
2017370173034,1,9,0,16,0,0,1,0,0,0,1,1,2,1,18,4,1596,1,12,2,1,2
2017370173034,2,19,0,17,0,0,0,0,1,0,1,1,1,1,74,10,2402,2,8,-1,-1,-1
2017370173081,1,5,0,16,0,0,2,0,7,0,3,1,5,1,40,7,998,1,12,5,1,5
2017370173129,1,5,0,18,0,0,0,0,0,0,3,1,5,1,26,6,988,1,13,6,2,6
2017370173165,1,9,0,15,0,0,0,0,0,0,3,1,2,1,44,7,1368,1,8,5,1,5
2017370173165,2,9,0,4,0,0,0,0,0,0,4,1,5,1,85,11,996,1,6,6,1,6
2017370173183,1,9,0,18,0,0,0,0,0,0,4,1,5,1,56,9,-1,-1,-1,9,1,9
2017370173355,1,9,0,7,0,6,0,0,0,0,1,1,5,2,49,8,1956,2,6,6,1,6
2017370173355,2,9,0,18,0,1,0,0,0,0,4,1,2,2,23,5,1686,2,13,7,1,7
2017370173601,1,9,0,1,0,0,0,0,0,0,4,1,5,2,61,9,1598,2,3,4,3,4
2017370173601,2,9,0,18,0,0,0,0,0,0,4,1,6,2,52,8,1461,2,5,9,1,9
2017370173619,1,9,0,18,0,0,0,0,7,10,1,1,5,2,38,7,1596,1,11,6,1,6
2017370173667,1,9,0,18,0,0,0,0,0,0,0,1,6,1,80,11,2521,1,13,7,3,7
2017370173687,1,5,0,13,0,0,2,0,0,0,0,1,6,1,44,7,1002,1,15,2,1,2
2017370173687,2,21,0,18,0,0,0,0,0,0,1,1,5,1,29,6,9834,2,18,5,1,5
2017370174158,1,9,0,18,0,0,0,0,0,0,1,1,2,1,55,8,1997,2,12,6,1,6
2017370174158,2,9,0,18,0,0,0,0,1,0,1,1,1,2,37,7,1598,2,2,-1,-1,-1
2017370174168,1,9,0,18,0,0,0,0,7,0,1,1,1,2,38,7,1206,1,5,6,2,6
2017370174168,2,9,0,18,0,0,0,0,7,0,1,1,3,2,25,5,1781,1,17,6,2,6
2017370174196,1,4,0,18,0,0,5,0,1,4,1,1,5,1,53,8,449,1,2,7,3,7
2017370174228,1,9,0,18,0,0,0,0,0,0,1,1,6,1,51,8,-1,-1,-1,6,3,6
2017370174228,2,9,0,18,0,0,0,0,0,0,3,1,5,1,23,5,1598,1,13,10,2,10
2017370174228,3,9,0,18,0,0,0,0,1,0,1,1,5,1,43,7,1968,2,2,8,1,8
2017370174298,1,9,0,18,0,4,0,0,0,0,1,1,5,1,68,10,2993,2,5,5,2,5
2017370174298,2,1,0,18,0,8,0,0,0,0,0,1,5,1,42,7,-1,-1,-1,2,1,2
2017370174414,1,9,0,18,0,0,0,0,0,0,1,1,5,1,22,5,2979,1,7,8,1,8
2017370174414,2,9,0,18,0,0,0,0,0,0,2,1,5,2,17,4,1229,1,9,4,2,4
2017370174503,1,9,0,18,0,0,0,0,0,0,1,1,6,1,-1,-1,-1,-1,-1,-1,-1,-1
2017370174503,2,1,0,18,0,0,0,0,0,0,1,1,6,1,10,2,-1,-1,-1,6,1,6
2017370174830,1,9,0,4,0,0,0,0,0,0,1,1,6,3,-1,-1,1796,1,17,3,1,3
2017370174830,2,9,0,4,0,0,0,0,0,0,2,1,6,2,17,4,1598,1,11,5,1,5
2017370174938,1,9,0,18,0,6,0,0,0,0,3,1,6,1,58,9,2000,1,13,4,1,4
2017370174938,2,9,0,8,0,8,0,0,0,0,1,1,5,1,22,5,1995,2,11,1,1,1
2017370175138,1,9,0,18,0,0,0,0,0,0,1,1,6,2,32,6,1299,1,16,1,1,1
2017370175138,2,9,0,4,0,0,0,0,0,0,2,1,6,2,51,8,1197,1,1,7,2,7
2017370175204,1,9,0,9,0,1,0,0,0,0,1,1,6,1,52,8,1798,1,9,7,2,7
2017370175204,2,9,0,18,0,1,0,0,1,0,1,1,6,1,75,10,1596,1,8,10,3,10
2017370175344,1,9,0,9,0,5,0,0,0,0,1,1,5,1,94,11,1242,1,9,-1,-1,-1
2017370175344,2,9,0,18,0,1,0,0,0,0,1,1,5,2,49,8,1229,1,12,6,1,6
2017370175481,1,9,0,18,0,0,0,0,0,0,1,1,2,1,18,4,998,1,13,4,3,4
2017370175481,2,9,0,4,0,0,0,0,0,0,2,1,3,2,35,6,1995,2,6,3,1,3
2017370175639,1,9,0,12,0,3,0,0,0,0,1,1,5,1,18,4,1124,1,13,1,1,1
2017370175639,2,9,0,18,0,1,0,0,0,0,1,1,5,1,39,7,1997,2,2,5,1,5
2017370175692,1,9,0,9,0,6,0,0,0,0,1,1,6,1,23,5,973,1,15,5,1,5
2017370175692,2,9,0,18,0,1,0,0,0,0,1,1,6,1,48,8,-1,-1,-1,6,2,6
2017370175775,1,9,0,9,0,6,0,0,0,0,4,1,6,1,67,10,1910,2,12,3,1,3
2017370175775,2,9,0,18,0,1,0,0,0,0,3,1,2,2,51,8,1560,2,3,-1,-1,-1
2017370175860,1,9,0,9,0,6,0,0,0,0,1,1,5,1,19,4,998,1,9,7,1,7
2017370175860,2,1,0,14,0,1,5,0,0,0,1,1,5,1,28,6,-1,-1,-1,3,1,3
2017370175890,1,9,0,18,0,1,0,0,0,0,1,1,2,2,33,6,1598,1,15,6,1,6
2017370175890,2,9,0,4,0,1,0,0,0,0,2,1,2,1,34,6,1587,1,11,4,1,4
2017370175919,1,9,0,18,0,0,0,0,0,0,4,1,6,1,76,11,1781,1,13,4,3,4
2017370175919,2,9,0,2,0,0,0,0,0,0,2,1,6,1,-1,-1,1339,1,8,10,2,10
2017370175919,3,9,0,2,0,0,0,0,0,0,2,1,6,2,62,9,1598,1,4,-1,-1,-1
2017370175987,1,9,0,5,0,2,0,0,0,0,3,1,6,1,23,5,1149,1,15,6,1,6
2017370175987,2,9,0,18,0,1,0,0,0,0,3,1,6,1,23,5,1398,1,16,1,1,1
2017370176219,1,5,0,7,0,0,0,0,0,0,3,1,5,1,55,8,918,1,21,7,2,7
2017370176516,1,9,0,11,0,0,0,0,0,0,1,1,6,1,41,7,1399,2,14,5,1,5
2017370176516,2,21,1,18,0,0,0,0,0,0,2,1,1,1,57,9,12740,2,4,5,1,5
2017370176548,1,9,0,18,0,0,1,0,7,4,1,1,5,2,59,9,1598,1,13,8,1,8
2017370176580,1,9,0,9,0,0,0,0,0,0,1,1,5,2,37,7,2254,1,15,6,2,6
2017370176580,2,9,0,18,0,0,0,0,0,0,1,1,1,2,28,6,1086,1,10,6,2,6
2017370176605,1,9,0,18,0,8,0,0,0,0,1,1,6,2,50,8,2993,2,1,4,3,4
2017370176605,2,9,0,18,0,8,0,0,0,0,3,1,6,1,27,6,-1,-1,-1,6,3,6
2017370176628,1,9,0,18,0,0,0,0,0,0,1,1,5,1,21,5,1461,2,5,4,1,4
2017370176825,1,9,0,9,0,6,0,0,0,0,3,1,5,2,29,6,1598,1,9,5,1,5
2017370176825,2,9,0,18,0,1,0,0,0,0,1,1,5,1,28,6,-1,-1,-1,7,1,7
2017370176826,1,9,0,18,0,0,0,0,7,4,4,1,5,1,19,4,1997,2,15,5,2,5
2017370176875,1,9,0,9,0,5,0,0,0,0,1,1,5,2,20,4,1199,1,16,2,1,2
2017370176875,2,1,0,18,0,1,5,0,0,0,1,1,5,1,60,9,-1,-1,-1,7,1,7
2017370177006,1,9,0,18,0,8,0,0,0,0,1,1,6,3,-1,-1,-1,-1,-1,-1,-1,-1
2017370177006,2,9,0,18,0,8,0,0,0,0,2,1,5,2,31,6,1598,1,11,6,1,6
2017370177057,1,9,0,18,0,1,0,0,0,0,0,1,6,1,-1,-1,-1,-1,-1,-1,-1,-1
2017370177057,2,9,0,18,0,1,0,0,0,0,0,1,6,3,-1,-1,-1,-1,-1,-1,-1,-1
2017370177098,1,9,0,16,0,0,0,0,0,0,4,1,2,2,21,5,1199,1,13,7,2,7
2017370177164,1,9,0,1,0,0,0,0,0,0,2,1,5,1,51,8,-1,-1,-1,-1,-1,-1
2017370177168,1,9,0,1,0,0,0,0,0,0,1,1,6,1,19,4,-1,-1,-1,5,1,5
2017370177168,2,9,0,18,0,0,0,0,0,0,2,1,6,1,26,6,1364,1,8,3,1,3
2017370177347,1,5,0,18,0,0,0,0,0,0,1,1,1,1,49,8,598,1,22,6,3,6
2017370177354,1,9,0,18,0,0,5,10,2,4,1,1,5,1,35,6,1798,1,12,3,1,3
2017370177357,1,9,0,9,0,8,0,0,0,0,3,1,6,1,79,11,1596,1,11,3,1,3
2017370177357,2,19,0,18,0,1,0,0,0,0,1,1,6,1,41,7,2198,2,4,2,1,2
2017370177397,1,9,0,9,0,8,1,0,1,1,4,1,5,2,50,8,2700,6,17,4,3,4
2017370177411,1,5,0,14,0,8,5,0,0,0,1,1,5,1,35,6,649,1,8,10,3,10
2017370177411,2,9,0,9,0,8,0,0,0,0,4,1,5,2,20,4,1124,1,16,4,1,4
2017370177418,1,9,0,1,0,6,0,0,0,0,3,1,5,1,77,11,1364,2,11,2,1,2
2017370177418,2,1,0,18,0,1,5,0,0,0,2,1,5,1,14,3,-1,-1,-1,2,1,2
2017370177498,1,9,0,18,0,0,0,0,0,0,1,1,6,1,47,8,2199,2,-1,10,3,10
2017370177498,2,9,0,4,0,0,0,0,0,0,2,1,5,2,42,7,1991,2,11,7,2,7
2017370177514,1,9,0,18,0,0,0,0,1,4,4,1,5,1,22,5,1968,2,11,5,2,5
2017370177546,1,5,0,18,0,0,5,0,0,0,1,1,5,1,26,6,998,1,8,3,1,3
2017370177546,2,9,0,18,0,0,0,0,0,0,1,1,5,1,49,8,1968,2,6,8,2,8
2017370177558,1,9,0,17,0,0,5,0,1,9,4,1,5,1,17,4,999,1,18,5,3,5
2017370177680,1,9,0,9,0,6,0,0,0,0,1,1,5,2,59,9,1596,1,10,4,3,4
2017370177680,2,9,0,18,0,1,0,0,0,0,1,1,5,1,66,10,1197,1,6,4,1,4
2017370177695,1,1,0,18,0,0,5,0,0,0,3,1,5,1,20,4,-1,-1,-1,2,1,2
2017370177695,2,9,0,18,0,0,0,0,0,0,4,1,1,1,48,8,1560,2,3,1,1,1
2017370177738,1,9,0,10,0,0,0,0,0,0,1,1,1,1,40,7,1956,2,3,6,1,6
2017370177738,2,9,0,18,0,0,0,0,0,0,1,1,5,1,31,6,1329,1,1,6,2,6
2017370177771,1,9,0,10,0,1,0,0,0,0,1,1,5,1,32,6,1248,1,2,3,1,3
2017370177771,2,9,0,18,0,1,0,0,0,0,1,1,5,2,39,7,1598,2,3,5,1,5
2017370177950,1,9,0,18,0,0,0,0,2,0,1,1,5,2,46,8,1229,1,8,6,3,6
2017370177950,2,9,0,2,0,0,0,0,0,0,3,1,6,2,26,6,1368,1,1,8,2,8
2017370178049,1,9,0,17,0,0,5,0,0,0,1,1,6,1,17,4,1199,1,15,7,3,7
2017370178143,1,9,0,1,0,0,0,0,0,0,2,1,6,3,-1,-1,2664,2,17,-1,-1,-1
2017370178175,1,5,0,18,0,0,0,0,1,1,1,1,5,1,23,5,599,1,21,8,1,8
2017370178181,1,3,0,18,0,0,0,0,0,0,1,1,2,2,32,6,125,1,2,5,1,5
2017370178181,2,9,0,4,0,0,0,0,0,0,2,1,5,2,26,6,1870,2,9,7,1,7
2017370178181,3,8,0,2,0,0,0,0,0,0,0,1,6,3,-1,-1,-1,-1,-1,-1,-1,-1
2017370178206,1,9,0,18,0,0,0,0,0,0,1,1,5,2,73,10,1339,1,6,6,3,6
2017370178206,2,9,0,2,0,0,0,0,0,0,1,1,6,3,-1,-1,-1,-1,-1,-1,-1,-1
2017370178206,3,9,0,2,0,0,0,0,0,0,1,1,6,3,-1,-1,-1,-1,-1,-1,-1,-1
2017370178206,4,9,0,2,0,0,0,0,0,0,1,1,6,3,-1,-1,-1,-1,-1,-1,-1,-1
2017370178739,1,9,0,7,0,6,0,0,0,0,3,1,5,1,81,11,2143,2,3,6,2,6
2017370178739,2,23,0,18,0,1,5,0,0,0,1,1,6,2,45,7,-1,-1,-1,8,1,8
2017370178836,1,1,0,18,0,0,5,0,0,0,4,1,4,1,12,3,-1,-1,-1,9,1,9
2017370178836,2,9,0,18,0,0,0,0,0,0,1,1,5,1,43,7,1995,1,10,2,1,2
2017370178863,1,9,0,16,0,0,0,0,0,0,3,1,2,1,50,8,1997,2,1,10,1,10
2017370178863,2,9,0,17,0,0,0,0,0,0,3,1,5,2,60,9,1685,2,3,6,3,6
2017370178947,1,9,0,17,0,0,0,0,0,0,3,1,6,3,-1,-1,-1,-1,-1,-1,-1,-1
2017370178947,2,3,0,16,0,0,5,0,0,0,3,1,2,1,17,4,124,1,1,6,3,6
2017370178955,1,3,0,13,0,1,0,0,0,0,4,1,6,2,30,6,124,1,6,5,1,5
2017370178955,2,9,0,9,0,1,0,0,0,0,3,1,6,2,20,4,1422,2,14,5,1,5
2017370179354,1,9,0,9,0,6,0,0,0,0,1,1,5,1,25,5,1997,2,9,8,1,8
2017370179354,2,9,0,18,0,1,0,0,0,0,4,1,5,1,25,5,-1,-1,-1,9,1,9
2017370179472,1,9,0,9,0,7,0,0,0,0,3,1,2,1,44,7,1586,1,2,2,1,2
2017370179472,2,9,0,18,0,1,0,0,0,0,1,1,2,1,43,7,3824,1,11,10,3,10
2017370179503,1,19,0,1,0,0,0,0,0,0,2,1,1,1,27,6,2500,2,17,6,1,6
2017370179503,2,3,0,18,0,0,5,0,0,0,1,1,5,2,24,5,124,1,3,1,1,1
2017370179525,1,19,0,18,0,0,0,0,0,0,1,1,5,1,43,7,2198,2,2,5,3,5
2017370179579,1,9,0,9,0,1,0,0,0,0,1,1,5,2,56,9,1596,1,9,5,1,5
2017370179579,2,9,0,18,0,1,0,0,0,0,4,1,2,1,49,8,1798,8,1,4,1,4
2017370179589,1,9,0,18,0,1,0,0,0,0,1,1,5,1,31,6,1596,1,16,3,1,3
2017370179589,2,19,0,4,0,1,0,0,0,0,2,1,1,2,28,6,2143,2,4,1,1,1
2017370179636,1,9,0,17,0,8,0,0,0,0,1,1,1,1,22,5,1995,2,10,5,1,5
2017370179636,2,90,0,10,0,8,0,0,0,0,1,1,5,1,44,7,-1,-1,-1,4,2,4
2017370179795,1,9,0,9,0,8,0,0,0,0,3,1,5,2,25,5,1560,2,3,9,3,9
2017370179795,2,9,0,18,0,1,0,0,0,0,4,1,2,1,33,6,1598,1,5,10,1,10
2017370179880,1,98,1,18,0,1,0,0,0,0,0,1,1,1,37,7,-1,-1,-1,7,1,7
2017370179880,2,22,0,18,0,1,5,0,0,0,0,1,5,2,57,9,-1,-1,-1,1,1,1
2017370179990,1,9,0,18,0,0,2,0,1,4,1,1,5,1,71,10,1388,1,9,4,3,4
2017370180007,1,9,0,18,0,0,0,0,0,0,1,1,6,1,-1,-1,2204,2,11,10,1,10
2017370180007,2,9,0,4,0,0,0,0,0,0,2,1,5,2,31,6,2993,2,2,9,1,9
2017370180255,1,9,0,12,0,0,0,0,0,0,1,1,6,1,28,6,1995,2,13,9,1,9
2017370180255,2,9,0,4,0,0,0,0,0,0,2,1,6,1,48,8,1968,2,-1,8,1,8
2017370180255,3,9,0,4,0,0,0,0,0,0,2,1,6,1,37,7,1461,2,5,2,1,2
2017370180255,4,19,0,4,0,0,0,0,0,0,2,1,6,1,28,6,2198,2,7,3,1,3
2017370180261,1,9,0,18,0,0,0,0,0,0,3,1,6,1,34,6,1242,1,2,6,3,6
2017370180261,2,3,0,18,0,0,0,0,0,0,4,1,6,1,67,10,125,1,7,9,2,9
2017370180327,1,9,0,18,0,0,0,0,0,0,1,1,6,2,-1,-1,-1,-1,-1,-1,-1,-1
2017370180497,1,9,0,1,0,0,0,0,0,0,2,1,5,1,51,8,1596,1,8,10,3,10
2017370180687,1,9,0,18,0,0,0,0,0,0,1,1,6,1,42,7,1248,1,4,10,1,10
2017370180687,2,1,0,18,0,0,0,0,0,0,1,1,6,1,13,3,-1,-1,-1,10,1,10
2017370180969,1,9,0,18,0,2,0,0,0,0,1,1,5,1,46,8,1995,2,3,2,1,2
2017370180969,2,9,0,18,0,1,0,0,0,0,1,1,2,1,51,8,1956,2,8,7,3,7
2017370181228,1,9,0,18,0,8,0,0,0,0,4,1,6,2,51,8,1145,1,14,4,1,4
2017370181228,2,1,0,18,9,1,0,0,0,0,4,1,6,1,14,3,-1,-1,-1,5,3,5
2017370181510,1,9,0,13,0,0,0,0,7,4,4,1,5,1,19,4,1896,2,15,5,3,5
2017370181510,2,9,0,18,0,0,0,0,0,0,3,1,5,1,20,4,1781,1,26,5,3,5
2017370181510,3,9,0,18,0,0,0,0,0,0,0,1,5,1,20,4,1900,2,11,5,1,5
2017370181694,1,9,0,18,0,0,0,0,0,0,3,1,6,3,-1,-1,-1,-1,-1,-1,-1,-1
2017370181709,1,9,0,18,0,0,0,0,0,0,1,1,6,1,76,11,1197,1,3,5,3,5
2017370181789,1,-1,-1,18,0,0,0,0,0,0,1,1,6,3,-1,-1,-1,-1,-1,-1,-1,-1
2017370181789,2,3,5,18,0,0,0,0,0,0,1,1,5,1,24,5,108,1,-1,4,3,4
2017370181850,1,1,0,18,0,1,5,0,0,0,1,1,6,2,11,3,-1,-1,-1,1,1,1
2017370181850,2,9,0,18,0,1,0,0,0,0,1,1,6,1,22,5,1686,2,16,2,1,2
2017370181887,1,9,0,18,0,0,2,7,7,4,1,1,5,1,29,6,1390,1,18,8,3,8
2017370181887,2,9,0,2,0,0,0,0,0,0,3,1,6,3,-1,-1,-1,-1,-1,-1,-1,-1
2017370181956,1,19,0,9,0,8,0,0,0,0,1,1,6,1,20,4,1868,2,16,5,3,5
2017370181956,2,98,1,18,0,1,0,0,0,0,1,1,1,1,39,7,-1,-1,-1,-1,-1,-1
2017370182018,1,5,0,13,0,1,5,0,0,0,1,1,5,1,66,10,-1,-1,-1,4,2,4
2017370182018,2,17,4,9,0,1,0,0,0,0,3,1,6,1,55,8,4000,2,13,7,3,7
2017370182035,1,9,0,7,0,3,0,0,0,0,1,1,5,1,32,6,1686,2,12,6,3,6
2017370182035,2,1,0,18,0,4,0,0,0,0,1,1,6,1,44,7,-1,-1,-1,7,1,7
2017370182098,1,9,0,18,0,2,0,0,0,0,1,1,5,2,37,7,1870,2,9,9,2,9
2017370182105,1,9,0,18,0,0,1,0,1,1,1,1,1,1,29,6,2179,2,4,6,3,6
2017370182105,2,9,0,18,0,0,0,0,0,0,1,1,1,1,62,9,-1,-1,-1,9,3,9
2017370182136,1,-1,-1,18,0,1,0,0,0,0,-1,1,6,3,-1,-1,-1,-1,-1,-1,-1,-1
2017370182136,2,1,0,18,0,1,0,0,0,0,-1,1,6,1,17,4,-1,-1,-1,4,1,4
2017370182190,1,9,0,18,0,1,0,0,0,0,1,1,1,1,40,7,1997,2,2,7,3,7
2017370182190,2,9,0,4,0,1,0,0,0,0,2,1,1,1,62,9,-1,-1,-1,2,1,2
2017370182190,3,9,0,10,0,1,0,0,0,0,2,1,1,1,61,9,-1,-1,-1,8,3,8
2017370182212,1,9,0,18,0,0,0,0,0,0,-1,1,6,1,-1,-1,1896,2,15,4,2,4
2017370182212,2,1,0,18,0,0,0,0,0,0,1,1,6,1,49,8,-1,-1,-1,1,1,1
2017370182241,1,9,0,13,0,1,0,0,0,0,1,1,5,1,32,6,1896,2,16,2,1,2
2017370182241,2,2,0,18,0,1,0,0,0,0,3,1,2,1,30,6,49,1,4,9,1,9
2017370182253,1,9,0,18,0,8,0,0,0,0,1,1,6,1,37,7,1968,2,11,6,3,6
2017370182253,2,9,0,18,0,2,0,0,0,0,4,1,6,2,24,5,1598,1,9,2,1,2
2017370182492,1,9,0,9,0,6,0,0,0,0,4,1,5,1,36,7,1995,2,8,2,1,2
2017370182492,2,3,0,18,0,8,0,0,0,0,1,1,1,1,19,4,114,1,2,7,1,7
2017370182593,1,9,0,5,0,8,0,0,0,0,1,1,5,1,40,7,2494,1,13,3,1,3
2017370182593,2,3,0,18,0,8,0,0,0,0,1,1,5,1,18,4,125,1,8,1,1,1
2017370182687,1,9,0,5,0,8,0,0,0,0,1,1,5,1,27,6,-1,-1,-1,2,3,2
2017370182687,2,9,0,5,0,8,0,0,0,0,2,1,5,1,62,9,2143,2,2,6,1,6
2017370182782,1,9,0,18,0,0,0,0,0,0,1,1,6,2,22,5,1229,1,3,4,1,4