Accident_Index,Vehicle_Reference,Vehicle_Type,Towing_and_Articulation,Vehicle_Manoeuvre,Vehicle_Location-Restricted_Lane,Junction_Location,Skidding_and_Overturning,Hit_Object_in_Carriageway,Vehicle_Leaving_Carriageway,Hit_Object_off_Carriageway,1st_Point_of_Impact,Was_Vehicle_Left_Hand_Drive?,Journey_Purpose_of_Driver,Sex_of_Driver,Age_of_Driver,Age_Band_of_Driver,Engine_Capacity_(CC),Propulsion_Code,Age_of_Vehicle,Driver_IMD_Decile,Driver_Home_Area_Type,Vehicle_IMD_Decile
2017370182782,2,8,0,18,0,0,0,0,0,0,1,1,1,1,57,9,1968,2,3,7,1,7
2017370182927,1,5,0,13,0,0,2,0,0,0,1,1,6,1,56,9,1200,1,19,4,1,4
2017370182927,2,9,0,18,0,0,0,0,0,0,1,1,6,2,60,9,1905,2,22,2,1,2
2017370183028,1,9,0,18,0,0,0,0,0,0,1,1,5,1,20,4,973,1,16,5,2,5
2017370183028,2,9,0,4,0,0,0,0,0,0,2,1,5,1,35,6,1598,2,5,-1,-1,-1
2017370183179,1,9,0,18,0,0,0,0,1,3,1,1,5,1,74,10,1200,1,3,6,1,6
2017370183286,1,9,0,18,0,0,0,0,0,0,2,1,6,1,-1,-1,2494,2,1,-1,-1,-1
2017370183286,2,9,0,2,0,0,0,0,0,0,1,1,5,1,62,9,-1,-1,-1,7,3,7
2017370183346,1,9,0,5,0,0,0,0,0,0,3,1,6,1,-1,-1,-1,-1,-1,-1,-1,-1
2017370183346,2,1,0,18,0,0,5,0,0,0,1,1,6,1,41,7,-1,-1,-1,3,1,3
2017370183542,1,9,0,18,0,1,0,0,3,10,1,1,6,1,20,4,1968,2,7,9,1,9
2017370183679,1,9,0,9,0,1,0,0,0,0,1,1,5,2,24,5,1598,1,1,6,3,6
2017370183679,2,3,0,18,0,1,0,0,0,0,1,1,5,1,17,4,124,1,9,6,2,6
2017370183693,1,9,0,18,0,0,0,0,0,0,3,1,5,2,47,8,1997,2,1,2,1,2
2017370183693,2,1,0,18,0,0,0,0,0,0,2,1,2,1,61,9,-1,-1,-1,8,1,8
2017370183718,1,3,0,18,0,1,0,0,0,0,1,1,5,2,54,8,125,1,1,1,1,1
2017370183718,2,9,0,9,0,1,0,0,0,0,2,1,5,1,52,8,1364,1,7,6,1,6
2017370183731,1,9,0,1,0,0,0,0,0,0,2,1,3,2,29,6,1598,1,18,5,1,5
2017370183985,1,9,0,14,0,0,0,4,0,0,4,1,5,2,29,6,1198,1,10,4,1,4
2017370183985,2,9,0,2,0,0,0,0,0,0,2,1,5,1,50,8,1796,1,8,4,1,4
2017370183985,3,9,0,2,0,0,0,0,0,0,2,1,5,1,43,7,2800,2,23,4,1,4
2017370184008,1,9,0,9,0,2,0,0,0,0,1,1,6,1,66,10,1896,2,16,5,1,5
2017370184008,2,98,0,18,0,1,0,0,0,0,1,1,6,2,35,6,-1,-1,-1,2,1,2
2017370184043,1,9,0,18,0,1,0,0,0,0,1,1,5,2,29,6,1560,2,6,6,3,6
2017370184043,2,9,0,10,0,1,0,0,0,0,2,1,5,2,46,8,2350,1,14,6,3,6
2017370184078,1,9,0,16,0,0,0,0,7,0,1,1,5,1,21,5,1242,1,11,10,2,10
2017370184078,2,9,0,2,0,0,0,0,0,0,2,1,6,3,-1,-1,-1,-1,-1,-1,-1,-1
2017370184216,1,9,0,18,0,0,0,0,0,0,1,1,2,2,50,8,1240,1,13,9,1,9
2017370184221,1,9,5,18,0,0,0,0,0,0,1,1,6,3,30,6,1390,1,14,-1,-1,-1
2017370184221,2,11,5,18,0,0,0,0,0,0,1,1,1,1,43,7,7698,2,3,5,2,5
2017370184255,1,9,0,18,0,0,0,0,0,0,1,1,6,2,20,4,1595,1,10,6,3,6
2017370184255,2,9,0,3,0,0,0,0,0,0,2,1,1,1,26,6,1368,1,8,9,1,9
2017370184255,3,9,0,3,0,0,0,0,0,0,2,1,5,1,66,10,1999,2,-1,4,1,4
2017370184296,1,21,0,18,0,0,0,0,0,0,4,1,1,1,29,6,6370,2,6,2,1,2
2017370184339,1,1,0,9,0,0,5,0,0,0,1,1,6,1,30,6,-1,-1,-1,9,1,9
2017370184339,2,9,0,7,0,0,0,0,0,0,1,1,6,1,18,4,1229,1,12,3,1,3
2017370184399,1,19,0,18,0,0,0,0,0,0,3,1,1,1,23,5,1248,2,2,6,3,6
2017370184399,2,5,0,13,0,0,5,0,0,0,4,1,1,1,34,6,599,1,8,9,2,9
2017370184513,1,9,0,18,0,0,0,0,4,6,3,1,6,2,28,6,1368,1,6,8,3,8
2017370184540,1,9,0,9,0,8,0,0,0,0,4,1,2,2,56,9,1360,1,15,9,1,9
2017370184739,1,9,0,18,0,1,0,0,0,0,1,1,6,3,-1,-1,-1,-1,-1,-1,-1,-1
2017370184826,1,9,0,18,0,1,0,0,0,0,1,1,6,2,-1,-1,2720,2,12,5,3,5
2017370184826,2,9,0,10,0,5,0,0,0,0,2,1,6,2,64,9,1396,1,15,4,1,4
2017370184913,1,19,0,5,0,0,0,0,0,0,1,1,1,2,49,8,2143,2,2,7,1,7
2017370184936,1,9,0,4,0,1,0,0,0,0,3,1,5,2,70,10,998,1,3,4,1,4
2017370184936,2,1,0,18,0,6,5,0,0,0,1,1,6,1,19,4,-1,-1,-1,6,1,6
2017370184962,1,9,0,16,0,0,0,0,0,0,1,1,6,1,39,7,1896,2,23,3,1,3
2017370184962,2,4,0,16,0,0,5,0,8,11,1,1,6,1,60,9,249,1,3,5,3,5
2017370185047,1,9,0,18,0,1,0,0,0,0,1,1,6,1,34,6,1124,1,13,3,1,3
2017370185047,2,90,0,18,0,1,0,0,0,0,0,1,1,1,40,7,-1,-1,-1,-1,-1,-1
2017370185063,1,9,0,13,0,0,0,0,0,0,4,1,6,1,70,10,1598,1,16,6,3,6
2017370185063,2,1,0,18,0,0,5,0,0,0,3,1,6,1,48,8,-1,-1,-1,8,1,8
2017370185120,1,9,0,7,0,6,0,0,0,0,1,1,5,2,90,11,1240,1,9,7,2,7
2017370185120,2,9,0,18,0,1,0,0,0,0,1,1,5,1,48,8,-1,-1,-1,10,1,10
2017370185158,1,9,0,5,0,0,0,0,0,0,0,1,1,1,44,7,1896,2,9,6,1,6
2017370185209,1,9,0,18,0,0,0,0,0,0,1,1,5,2,18,4,1149,1,10,10,1,10
2017370185234,1,9,0,18,0,1,0,0,0,0,1,1,6,2,25,5,1598,2,6,3,1,3
2017370185234,2,9,0,4,0,1,0,0,0,0,2,1,6,1,43,7,1598,1,9,3,1,3
2017370185296,1,9,0,13,0,0,0,0,0,0,0,1,6,3,-1,-1,-1,-1,-1,-1,-1,-1
2017370185296,2,9,0,7,0,0,0,0,0,0,1,1,5,2,23,5,1796,1,9,3,1,3
2017370185352,1,97,0,7,0,0,5,4,0,0,1,1,6,1,25,5,-1,-1,-1,-1,-1,-1
2017370185352,2,9,0,2,0,0,0,0,0,0,1,1,6,3,-1,-1,-1,-1,-1,-1,-1,-1
2017370185352,3,9,0,2,0,0,0,0,0,0,2,1,6,3,-1,-1,-1,-1,-1,-1,-1,-1
2017370185481,1,9,0,18,0,0,0,0,0,0,1,1,5,1,34,6,1598,1,20,3,1,3
2017370185481,2,9,0,18,0,0,0,0,0,0,1,1,5,2,59,9,1997,2,3,10,2,10
2017370186012,1,9,0,4,0,0,0,0,0,0,2,1,5,2,39,7,1995,2,10,4,1,4
2017370186012,2,9,5,4,0,0,0,0,0,0,1,1,2,1,68,10,1769,1,12,-1,-1,-1
2017370186012,3,9,0,4,0,0,0,0,0,0,2,1,1,1,27,6,-1,-1,-1,7,1,7
2017370186012,4,19,0,4,0,0,0,0,0,0,2,1,2,1,26,6,1998,2,12,2,1,2
2017370186012,5,9,0,4,0,0,0,0,0,0,2,1,2,1,53,8,-1,-1,-1,9,1,9
2017370186096,1,9,0,18,0,0,0,0,7,0,3,1,6,1,25,5,1951,2,13,-1,-1,-1
2017370186096,2,9,0,18,0,0,0,0,0,0,2,1,6,1,22,5,1390,1,7,10,2,10
2017370186185,1,17,0,18,0,0,0,0,0,0,1,1,6,1,20,4,-1,-1,-1,8,3,8
2017370186185,2,2,0,18,0,0,0,0,0,0,1,1,6,2,19,4,535,1,23,6,1,6
2017370186231,1,9,0,1,0,0,0,0,0,0,2,1,2,2,39,7,1461,2,3,10,1,10
2017370186325,1,9,0,18,0,0,0,0,0,0,1,1,5,1,33,6,1360,1,12,5,2,5
2017370186343,1,9,0,18,0,2,0,0,0,0,1,1,6,2,22,5,1368,1,5,5,3,5
2017370186343,2,9,0,18,0,1,0,0,0,0,1,1,6,3,16,4,1984,1,16,-1,-1,-1
2017370186416,1,9,0,18,0,1,0,0,0,0,1,1,1,1,26,6,-1,-1,-1,8,1,8
2017370186416,2,9,0,18,0,1,0,0,0,0,3,1,6,2,52,8,1242,1,7,5,1,5
2017370186416,3,9,0,18,0,1,0,0,0,0,2,1,6,2,42,7,1560,2,5,6,3,6
2017370186626,1,9,0,5,0,3,0,0,0,0,1,1,4,2,40,7,1198,1,5,10,1,10
2017370186626,2,9,0,18,0,8,0,0,0,0,4,1,5,1,80,11,1388,1,10,7,1,7
2017370186646,1,17,4,9,0,1,0,0,0,0,1,1,1,1,18,4,-1,2,4,-1,-1,-1
2017370186646,2,1,0,18,0,1,0,0,0,0,1,1,5,1,62,9,-1,-1,-1,6,1,6
2017370186697,1,9,0,9,0,8,0,0,0,0,1,1,6,1,74,10,1997,2,3,10,2,10
2017370186697,2,1,0,7,0,1,5,0,0,0,1,1,6,1,27,6,-1,-1,-1,7,1,7
2017370186711,1,9,0,18,0,0,0,0,0,0,3,1,6,3,-1,-1,-1,-1,-1,-1,-1,-1
2017370186711,2,1,0,18,4,0,5,0,0,0,2,1,5,1,17,4,-1,-1,-1,4,1,4
2017370186747,1,9,0,13,0,0,0,0,0,0,1,1,5,1,80,11,1398,2,10,7,2,7
2017370186747,2,9,0,9,0,0,0,0,0,0,2,1,1,1,44,7,-1,-1,-1,-1,-1,-1
2017370186855,1,9,0,18,0,0,0,0,0,0,1,1,6,2,80,11,1596,1,-1,1,1,1
2017370186855,2,9,0,2,0,0,0,0,0,0,1,1,6,3,-1,-1,-1,-1,-1,-1,-1,-1
2017370186855,3,9,0,18,0,0,0,0,0,0,1,1,6,2,70,10,1242,1,7,1,1,1
2017370186855,4,9,0,18,0,0,0,0,0,0,1,1,6,2,42,7,2143,2,2,3,1,3
2017370187091,1,9,0,9,0,1,0,0,0,0,4,1,6,2,82,11,1199,1,15,7,1,7
2017370187091,2,9,0,18,0,1,0,0,0,0,1,1,6,1,48,8,-1,-1,-1,9,1,9
2017370187707,1,9,0,18,0,0,0,0,0,0,2,1,6,3,-1,-1,-1,-1,-1,-1,-1,-1
2017370187834,1,9,0,18,0,0,0,0,0,0,1,1,6,1,30,6,-1,-1,-1,1,1,1
2017370187834,2,1,0,18,0,0,0,0,0,0,1,1,6,1,14,3,-1,-1,-1,1,1,1
2017370188293,1,9,0,18,0,0,2,0,1,0,0,1,5,1,30,6,1598,1,16,-1,-1,-1
2017370188438,1,9,4,18,0,8,0,0,0,0,1,1,6,1,69,10,1997,2,3,4,1,4
2017370188438,2,9,0,3,0,8,0,0,0,0,2,1,6,1,26,6,1229,1,3,6,1,6
2017370188547,1,9,0,16,0,0,0,0,1,0,3,1,1,1,24,5,1796,1,10,5,3,5
2017370188576,1,9,0,17,0,8,0,0,0,0,1,1,1,2,24,5,1360,1,16,6,1,6
2017370188578,1,9,0,18,0,0,0,0,0,0,0,1,5,1,-1,-1,973,1,17,5,1,5
2017370188578,2,1,0,18,0,0,5,0,0,0,1,1,5,1,18,4,-1,-1,-1,6,3,6
2017370188613,1,9,0,7,0,5,0,0,0,0,1,1,1,1,42,7,1997,2,16,1,1,1
2017370188613,2,1,0,17,0,8,5,0,0,0,2,1,2,1,34,6,-1,-1,-1,10,1,10
2017370188679,1,5,0,18,0,0,5,0,0,0,0,1,5,1,56,9,1312,1,13,3,3,3
2017370188679,2,90,0,4,0,0,0,0,0,0,3,1,6,1,40,7,2300,2,7,10,1,10
2017370188946,1,9,0,18,0,0,0,0,0,0,4,1,5,2,47,8,1686,2,15,4,1,4
2017370188988,1,9,0,18,0,0,0,0,0,0,1,1,6,1,24,5,2993,2,7,7,1,7
2017370188988,2,9,0,18,0,0,0,0,0,0,2,1,5,2,25,5,1242,1,6,5,3,5
2017370188988,3,9,0,18,0,0,0,0,0,0,2,1,5,2,34,6,2143,2,3,1,1,1
2017370189019,1,9,0,18,0,0,0,0,0,0,1,1,5,2,49,8,-1,-1,-1,1,2,1
2017370189039,1,9,0,18,0,0,0,0,0,0,3,1,6,1,24,5,1995,2,1,7,1,7
2017370189039,2,11,0,18,0,0,0,0,0,0,4,1,6,1,61,9,4250,2,8,6,3,6
2017370189041,1,9,0,1,0,1,0,0,0,0,0,1,6,3,18,4,1242,1,13,2,1,2
2017370189266,1,9,0,17,0,0,2,0,2,10,4,1,5,1,19,4,1560,2,8,8,2,8
2017370189266,2,9,0,16,0,0,0,0,0,0,0,1,6,1,73,10,3800,1,8,6,1,6
2017370189752,1,9,0,18,0,0,0,0,0,0,0,1,5,1,34,6,2967,2,6,7,3,7
2017370189787,1,9,0,18,0,0,0,0,0,0,1,1,6,1,21,5,1389,1,18,4,3,4
2017370190056,1,9,0,9,0,5,0,0,0,0,1,1,6,2,62,9,1397,1,5,8,3,8
2017370190056,2,1,0,18,0,1,5,0,0,0,1,1,5,1,27,6,-1,-1,-1,8,1,8
2017370190096,1,9,0,14,0,2,0,0,0,0,1,1,2,1,71,10,1198,1,-1,5,2,5
2017370190096,2,1,0,18,0,1,5,0,0,0,1,1,4,1,12,3,-1,-1,-1,3,1,3
2017370190311,1,9,0,18,0,0,0,0,0,0,0,1,6,1,86,11,1390,1,5,4,3,4
2017370190311,2,5,0,18,0,0,0,0,0,0,0,1,6,1,-1,-1,1450,1,14,4,3,4
2017370190441,1,9,0,18,0,0,0,0,0,0,1,1,6,1,49,8,2143,2,6,4,1,4
2017370190493,1,21,1,18,0,0,1,0,1,4,1,1,1,1,37,7,7698,2,2,3,1,3
2017370190493,2,98,1,18,0,0,0,0,0,0,0,1,6,3,-1,-1,-1,-1,-1,-1,-1,-1
2017370190516,1,9,0,9,0,8,0,0,0,0,3,1,1,1,39,7,1995,2,12,2,1,2
2017370190516,2,9,0,18,0,1,0,0,0,0,1,1,1,2,23,5,1422,2,13,8,2,8
2017370190534,1,1,0,18,0,0,0,0,0,0,1,1,6,1,24,5,-1,-1,-1,6,1,6
2017370190534,2,9,0,2,0,0,0,0,0,0,1,1,6,3,-1,-1,-1,-1,-1,-1,-1,-1
2017370190697,1,9,0,16,0,0,0,0,0,0,3,1,5,2,61,9,1598,1,10,8,1,8
2017370190784,1,5,0,13,0,0,1,0,1,0,1,1,6,1,27,6,750,1,1,8,1,8
2017370190802,1,1,0,18,0,8,5,0,0,0,1,1,6,1,15,3,-1,-1,-1,4,1,4
2017370190802,2,9,0,18,-1,-1,-1,-1,-1,0,-1,1,6,1,24,5,2494,2,30,2,1,2
2017370190844,1,9,0,7,9,0,0,0,0,0,1,1,6,1,62,9,1598,1,16,9,1,9
2017370190844,2,22,0,18,9,0,0,0,0,0,1,1,5,2,52,8,-1,-1,-1,9,1,9
2017370190887,1,10,0,18,0,0,0,0,0,0,0,1,6,3,-1,-1,-1,-1,-1,-1,-1,-1
2017370190887,2,1,0,18,0,0,0,0,1,0,1,1,6,1,43,7,-1,-1,-1,10,1,10
2017370190941,1,9,0,18,0,0,0,0,0,0,4,1,2,1,32,6,998,1,3,3,1,3
2017370190941,2,1,0,18,0,0,0,0,0,0,3,1,2,1,52,8,-1,-1,-1,1,1,1
2017370190956,1,9,0,18,0,0,2,0,2,10,4,1,2,1,20,4,1364,1,12,5,2,5
2017370191006,1,1,0,9,0,1,0,0,0,0,2,1,5,1,13,3,-1,-1,-1,6,1,6
2017370191006,2,9,0,18,0,1,0,0,0,0,1,1,4,1,39,7,1999,1,10,6,1,6
2017370191039,1,9,0,5,0,2,0,0,0,0,1,1,5,2,41,7,1999,1,13,-1,-1,-1
2017370191039,2,9,0,3,0,2,0,0,0,0,2,1,5,2,37,7,1242,1,5,9,1,9
2017370191065,1,9,0,4,0,2,0,0,0,0,2,1,2,1,39,7,1560,2,7,3,1,3
2017370191065,2,9,0,4,0,2,0,0,0,0,2,1,2,2,55,8,1499,2,2,6,3,6
2017370191065,3,19,0,4,0,2,0,0,0,0,2,1,5,1,56,9,1998,2,15,1,1,1
2017370191065,4,20,0,4,0,2,1,0,0,0,1,1,1,1,26,6,2402,2,10,4,2,4
2017370191087,1,5,0,18,0,0,5,0,1,0,1,1,2,1,29,6,999,1,1,5,1,5
2017370191159,1,9,0,18,0,0,0,0,0,0,4,1,6,3,-1,-1,-1,-1,-1,-1,-1,-1
2017370191287,1,2,0,18,0,0,0,0,0,0,1,1,5,2,18,4,49,1,1,5,3,5
2017370191287,2,9,0,17,0,0,0,0,0,0,1,1,5,1,34,6,2179,2,7,5,2,5
2017370191449,1,9,5,18,0,0,0,0,0,0,1,1,5,1,22,5,1368,1,7,2,1,2
2017370191499,1,9,0,18,0,1,0,0,0,0,1,1,6,1,-1,-1,1598,1,11,-1,-1,-1
2017370191499,2,1,0,18,0,1,0,0,0,0,1,1,2,1,47,8,-1,-1,-1,10,1,10
2017370191565,1,9,0,18,0,0,0,0,0,0,1,1,5,1,24,5,1229,1,5,9,2,9
2017370191565,2,9,0,2,0,0,0,0,0,0,2,1,6,3,-1,-1,-1,-1,-1,-1,-1,-1
2017370191565,3,9,0,2,0,0,0,0,0,0,2,1,6,3,-1,-1,-1,-1,-1,-1,-1,-1
2017370191565,4,9,0,2,0,0,0,0,0,0,1,1,6,3,-1,-1,-1,-1,-1,-1,-1,-1
2017370191602,1,1,0,7,0,6,5,0,0,0,3,1,6,1,69,10,-1,-1,-1,4,1,4
2017370191602,2,9,0,9,0,6,0,0,0,0,1,1,6,1,54,8,1596,1,13,1,1,1
2017370191769,1,9,0,18,0,1,0,0,0,0,0,1,2,1,24,5,1968,2,10,6,1,6
2017370191769,2,1,0,18,0,2,5,0,0,0,0,1,1,2,36,7,-1,-1,-1,-1,-1,-1
2017370191779,1,9,0,18,0,0,0,0,0,0,1,1,6,3,-1,-1,1997,2,14,-1,-1,-1
2017370191779,2,9,0,18,0,0,0,0,0,0,1,1,6,2,56,9,998,1,4,3,1,3
2017370191779,3,9,0,18,0,0,0,0,0,0,2,1,6,1,69,10,2902,2,11,-1,-1,-1
2017370192016,1,9,0,17,0,0,0,0,1,11,4,1,5,2,20,4,1229,1,11,7,3,7
2017370192057,1,9,0,7,0,5,0,0,0,0,1,1,6,1,-1,-1,-1,-1,-1,-1,-1,-1
2017370192057,2,1,0,9,0,6,5,0,0,0,3,1,2,1,50,8,-1,-1,-1,2,1,2
2017370192097,1,9,0,18,0,1,0,0,0,0,1,1,2,1,38,7,-1,-1,-1,7,2,7
2017370192097,2,9,0,3,0,1,0,0,0,0,2,1,3,1,46,8,-1,-1,-1,3,2,3
2017370192130,1,9,0,18,0,0,0,0,0,0,1,1,5,2,20,4,1364,1,11,5,3,5
2017370192130,2,9,0,3,0,0,0,0,0,0,2,1,6,2,44,7,1390,1,4,10,1,10
2017370192178,1,9,0,9,0,6,0,0,0,0,2,1,6,1,44,7,-1,-1,-1,4,3,4
2017370192178,2,9,0,18,0,1,0,0,1,0,1,1,5,2,34,6,1995,2,13,8,3,8
2017370192228,1,90,0,18,0,8,0,0,0,0,0,1,5,1,79,11,2490,2,20,8,2,8
2017370192246,1,5,0,18,0,1,0,0,0,0,1,1,5,1,53,8,1450,1,17,2,1,2
2017370192246,2,5,0,18,0,1,0,0,0,0,1,1,5,1,60,9,1084,1,15,1,1,1
2017370192266,1,20,1,18,0,0,0,0,0,0,1,1,1,1,34,6,9290,2,2,5,1,5
2017370192266,2,9,0,4,0,0,0,0,0,0,2,1,5,2,56,9,1984,1,9,10,2,10
2017370192266,3,9,0,3,0,0,0,0,0,0,2,1,5,1,56,9,1598,2,1,10,2,10
2017370192304,1,9,0,18,0,1,0,0,0,0,1,1,6,3,-1,-1,-1,-1,-1,-1,-1,-1
2017370192304,2,5,0,5,0,1,5,0,0,0,2,1,6,1,31,6,1157,1,16,3,1,3
2017370192316,1,9,0,18,0,1,0,0,0,0,1,1,5,1,27,6,1997,2,10,4,2,4
2017370192316,2,9,0,3,0,1,0,0,0,0,2,1,5,1,26,6,1560,2,8,2,1,2
2017370192329,1,9,0,5,0,8,0,0,0,0,1,1,6,2,81,11,1796,1,11,5,3,5
2017370192329,2,9,0,18,0,1,0,0,0,0,4,1,6,1,37,7,2967,1,14,6,3,6
2017370192367,1,9,0,18,0,0,5,0,1,0,4,1,5,1,32,6,1124,1,16,6,3,6
2017370192394,1,9,0,9,0,2,0,0,0,0,4,1,5,1,74,10,1896,2,14,2,1,2
2017370192394,2,9,0,18,0,1,0,0,0,0,1,1,1,1,43,7,2993,2,1,-1,-1,-1
2017370192436,1,9,0,18,0,0,0,0,0,0,1,1,6,3,-1,-1,-1,-1,-1,-1,-1,-1
2017370192436,2,1,0,18,0,0,0,0,0,0,2,1,6,1,35,6,-1,-1,-1,5,2,5
2017370192463,1,9,0,18,0,0,0,0,0,0,1,1,2,2,38,7,1399,2,7,-1,-1,-1
2017370192463,2,9,0,18,0,0,1,0,4,6,2,1,5,1,70,10,2926,2,16,7,2,7
2017370192491,1,9,0,17,0,0,1,0,7,3,1,1,2,1,53,8,1461,2,3,4,1,4
2017370192580,1,9,0,18,0,0,0,0,0,0,1,1,6,1,17,4,1242,1,10,3,1,3
2017370192664,1,9,0,18,0,0,1,0,1,0,1,1,6,1,23,5,1596,1,7,4,1,4
2017370192684,1,9,0,9,0,8,0,0,0,0,1,1,6,1,18,4,1896,2,16,1,1,1
2017370192684,2,9,0,18,0,1,0,0,0,0,1,1,6,2,37,7,998,1,8,6,1,6
2017370192724,1,9,0,16,0,3,1,0,0,0,2,1,6,1,29,6,2979,1,1,8,2,8
2017370192829,1,9,0,18,0,0,0,0,0,0,4,1,5,1,46,8,1598,1,8,8,1,8
2017370192829,2,1,0,18,0,0,5,0,0,0,3,1,6,1,9,2,-1,-1,-1,3,1,3
2017370192911,1,3,0,18,0,0,0,0,0,0,1,1,6,1,17,4,124,1,15,3,1,3
2017370192911,2,9,0,18,0,0,0,0,0,0,2,1,6,1,33,6,1910,2,10,8,1,8
2017370192969,1,9,0,18,0,0,0,0,0,0,4,1,5,1,86,11,1318,1,1,8,3,8
2017370192969,2,1,0,18,0,0,5,0,0,0,3,1,6,2,46,8,-1,-1,-1,5,2,5
2017370193033,1,9,0,18,0,0,0,0,0,0,0,1,6,3,-1,-1,-1,-1,-1,-1,-1,-1
2017370193033,2,9,0,18,0,0,0,0,0,0,0,1,6,1,25,5,-1,-1,-1,8,2,8
2017370193086,1,19,0,18,0,0,0,0,0,0,0,1,1,1,56,9,2402,2,8,8,1,8
2017370193086,2,9,0,18,0,0,0,0,0,0,1,1,2,2,47,8,1363,2,12,10,3,10
2017370193165,1,9,4,18,0,0,0,0,0,0,1,1,5,1,72,10,-1,-1,-1,7,3,7
2017370193165,2,9,0,18,0,0,0,0,0,0,3,1,5,2,43,7,1968,2,8,7,2,7
2017370193228,1,5,0,18,0,0,5,0,0,0,1,1,6,1,24,5,599,1,13,5,3,5
2017370193228,2,9,0,18,0,0,5,0,0,0,3,1,5,2,29,6,1242,1,6,5,2,5
2017370193228,3,9,0,18,0,0,0,0,0,0,1,1,1,1,47,8,2400,2,-1,-1,-1,-1
2017370193267,1,9,0,18,0,0,0,0,1,0,1,1,5,1,52,8,2435,1,15,1,1,1
2017370193355,1,9,0,9,0,2,0,0,0,0,1,1,2,2,24,5,1299,1,16,8,3,8
2017370193355,2,9,0,18,0,1,0,0,0,0,1,1,1,2,27,6,1299,1,11,7,3,7
2017370193378,1,19,0,18,0,4,0,0,1,0,1,1,2,1,43,7,1896,2,12,7,1,7
2017370193397,1,9,0,18,0,0,0,0,0,0,1,1,6,2,48,8,1796,1,5,-1,-1,-1
2017370193397,2,22,0,18,0,0,0,0,0,0,1,1,6,2,50,8,-1,-1,-1,-1,-1,-1
2017370193464,1,21,1,18,0,1,0,0,0,0,1,1,1,1,26,6,10837,2,1,5,3,5
2017370193464,2,9,0,18,0,1,0,0,0,0,2,1,5,2,45,7,1997,2,9,7,2,7
2017370193531,1,9,0,18,0,0,1,0,2,1,1,1,5,1,20,4,1198,1,14,8,1,8
2017370193545,1,9,0,6,0,0,0,0,0,0,3,1,6,2,38,7,1598,2,4,9,1,9
2017370193545,2,9,0,18,0,0,0,0,0,0,1,1,1,2,25,5,1149,1,13,9,1,9
2017370193787,1,9,0,18,0,1,0,0,0,0,1,1,5,1,60,9,1595,1,9,6,2,6
2017370193787,2,9,0,5,0,1,0,0,0,0,2,1,1,2,50,8,1496,2,-1,10,1,10
2017370193799,1,10,0,11,0,0,0,0,0,0,4,1,6,3,-1,-1,-1,-1,-1,-1,-1,-1
2017370193799,2,9,0,18,0,0,0,0,0,0,3,1,5,2,42,7,2393,2,1,7,1,7
2017370194198,1,9,0,18,0,0,0,0,0,0,1,1,5,1,30,6,1248,2,10,-1,-1,-1
2017370194198,2,9,0,4,0,0,0,0,0,0,2,1,6,3,-1,-1,1598,2,3,-1,-1,-1
2017370194304,1,9,0,18,0,1,0,0,0,0,1,1,2,1,18,4,1124,1,12,-1,-1,-1
2017370194304,2,9,0,4,0,1,0,0,7,0,2,1,5,2,26,6,973,1,16,-1,-1,-1
2017370194559,1,9,0,9,0,1,0,0,0,0,1,1,2,1,24,5,1364,2,12,-1,-1,-1
2017370194559,2,1,0,18,5,1,5,0,0,0,1,1,5,1,16,4,-1,-1,-1,-1,-1,-1
2017370194714,1,9,0,18,0,0,0,0,0,0,4,1,2,2,66,10,1995,2,4,6,3,6
2017370194750,1,9,0,17,0,0,2,0,5,0,1,1,5,2,29,6,1390,1,11,3,3,3
2017370194779,1,9,0,1,0,1,0,0,0,0,2,1,5,1,29,6,1984,1,23,5,1,5
2017370194802,1,1,0,16,0,1,2,0,0,0,0,1,5,1,38,7,-1,-1,-1,-1,-1,-1
2017370194853,1,21,0,18,0,0,0,0,0,0,3,1,6,3,-1,-1,4485,2,1,-1,-1,-1
2017370194853,2,21,0,18,0,0,0,0,0,0,3,1,1,1,56,9,4462,2,4,5,1,5
2017370195007,1,5,0,18,0,2,0,0,0,0,4,1,5,2,53,8,883,1,5,-1,-1,-1
2017370195031,1,90,5,7,0,0,0,0,0,0,3,1,1,1,49,8,-1,-1,-1,3,1,3
2017370195073,1,9,0,13,0,0,0,0,0,0,4,1,6,1,65,9,1968,2,10,-1,-1,-1
2017370195073,2,1,0,18,0,0,5,0,0,0,3,1,6,1,46,8,-1,-1,-1,-1,-1,-1
2017370195096,1,19,0,13,0,0,0,0,0,0,4,1,6,3,-1,-1,2198,2,5,-1,-1,-1
2017370195096,2,1,0,18,0,0,0,0,0,0,0,1,6,1,54,8,-1,-1,-1,-1,-1,-1
2017370195278,1,9,0,18,0,0,0,0,0,0,1,1,5,1,67,10,1997,2,12,6,1,6
2017370195278,2,19,0,3,0,0,0,0,0,0,1,1,1,2,51,8,1560,2,2,2,1,2
2017370195518,1,19,0,13,0,0,0,0,0,0,4,1,1,1,49,8,2198,2,1,-1,-1,-1
2017370195518,2,1,0,18,0,0,0,0,0,0,0,1,6,1,39,7,-1,-1,-1,-1,-1,-1
2017370195562,1,9,0,18,0,0,0,0,0,0,1,1,3,2,18,4,1399,2,6,7,3,7
2017370195562,2,9,0,18,0,0,0,0,0,0,1,1,5,1,51,8,-1,-1,-1,7,2,7