Accident_Index,Vehicle_Reference,Vehicle_Type,Towing_and_Articulation,Vehicle_Manoeuvre,Vehicle_Location-Restricted_Lane,Junction_Location,Skidding_and_Overturning,Hit_Object_in_Carriageway,Vehicle_Leaving_Carriageway,Hit_Object_off_Carriageway,1st_Point_of_Impact,Was_Vehicle_Left_Hand_Drive?,Journey_Purpose_of_Driver,Sex_of_Driver,Age_of_Driver,Age_Band_of_Driver,Engine_Capacity_(CC),Propulsion_Code,Age_of_Vehicle,Driver_IMD_Decile,Driver_Home_Area_Type,Vehicle_IMD_Decile
2017370205172,1,9,0,18,0,0,0,0,0,0,1,1,6,2,80,11,1248,1,7,-1,-1,-1
2017370205172,2,9,0,3,0,0,0,0,0,0,2,1,5,1,34,6,2993,2,6,-1,-1,-1
2017370205172,3,9,0,3,0,0,0,0,0,0,2,1,5,1,37,7,1198,1,1,-1,-1,-1
2017370205185,1,9,0,18,0,8,0,0,0,0,1,1,6,1,75,10,1997,2,14,-1,-1,-1
2017370205185,2,9,0,4,0,1,0,0,0,0,2,1,6,2,31,6,1596,1,12,-1,-1,-1
2017370205185,3,9,0,18,0,1,0,0,0,0,0,1,1,1,-1,-1,1560,2,4,-1,-1,-1
2017370205248,1,9,0,18,9,0,0,0,0,0,0,1,6,3,-1,-1,-1,-1,-1,-1,-1,-1
2017370205257,1,9,0,18,0,1,0,0,0,0,1,1,5,1,40,7,2720,2,11,-1,-1,-1
2017370205257,2,9,0,4,0,1,0,0,0,0,2,1,5,2,29,6,1200,1,-1,-1,-1,-1
2017370205527,1,2,0,18,0,1,0,0,0,0,1,1,2,1,51,8,49,1,13,-1,-1,-1
2017370205527,2,9,0,4,0,1,0,0,0,0,2,1,5,1,79,11,998,1,4,-1,-1,-1
2017370205561,1,3,0,18,0,8,5,10,0,0,1,1,5,1,24,5,125,1,1,2,1,2
2017370205575,1,5,0,18,0,0,2,0,0,0,1,1,5,1,58,9,1298,1,18,6,3,6
2017370205575,2,9,0,18,0,0,0,0,0,0,1,1,5,1,41,7,2926,2,14,6,2,6
2017370205636,1,9,0,2,0,0,0,0,0,0,3,1,2,1,52,8,1388,1,17,5,2,5
2017370205636,2,1,0,18,0,0,5,0,0,0,1,1,6,2,63,9,-1,-1,-1,6,1,6
2017370205679,1,9,0,18,0,0,0,0,0,0,3,1,6,1,21,5,1390,1,2,-1,-1,-1
2017370205679,2,9,0,18,0,0,0,0,0,0,4,1,1,1,39,7,1598,2,5,-1,-1,-1
2017370205705,1,9,0,5,0,0,0,0,0,0,4,1,6,1,38,7,2099,1,13,-1,-1,-1
2017370205724,1,9,0,9,0,0,0,0,0,0,4,1,5,1,64,9,1995,2,9,-1,-1,-1
2017370205724,2,1,0,18,0,0,5,0,0,0,1,1,5,2,34,6,-1,-1,-1,-1,-1,-1
2017370205757,1,9,0,13,0,0,0,0,0,0,1,1,1,1,40,7,1497,8,9,-1,-1,-1
2017370205757,2,1,0,9,0,0,5,0,0,0,3,1,6,1,13,3,-1,-1,-1,-1,-1,-1
2017370205793,1,9,0,18,0,2,2,0,0,0,4,1,5,1,27,6,-1,-1,-1,-1,-1,-1
2017370205793,2,9,0,18,0,2,0,0,0,0,1,1,5,1,45,7,1582,2,1,-1,-1,-1
2017370205810,1,1,0,18,0,1,5,0,0,0,1,1,6,1,30,6,-1,-1,-1,-1,-1,-1
2017370205810,2,9,0,18,0,1,0,0,0,0,1,1,6,2,40,7,1596,1,9,-1,-1,-1
2017370205941,1,9,0,9,0,6,0,0,0,0,3,1,5,2,84,11,1364,1,1,8,1,8
2017370205941,2,9,0,18,0,1,0,0,0,0,1,1,2,1,55,8,-1,-1,-1,3,1,3
2017370206171,1,9,0,18,0,2,0,0,0,0,1,1,6,2,-1,-1,1398,2,12,-1,-1,-1
2017370206171,2,9,0,18,0,1,0,0,0,0,1,1,6,2,72,10,1386,1,5,-1,-1,-1
2017370206237,1,9,0,18,0,0,0,0,0,0,1,1,6,1,18,4,1389,1,14,2,1,2
2017370206237,2,9,0,18,0,0,0,0,0,0,1,1,6,2,72,10,998,1,2,-1,-1,-1
2017370206377,1,9,0,18,0,0,0,0,0,0,1,1,6,1,85,11,2184,2,11,-1,-1,-1
2017370206377,2,9,0,18,0,0,0,0,0,0,1,1,6,2,37,7,2777,2,8,-1,-1,-1
2017370206469,1,9,0,18,0,0,0,0,0,0,1,1,6,1,20,4,1364,1,13,-1,-1,-1
2017370206593,1,9,0,18,0,8,0,0,0,0,1,1,2,2,32,6,1598,1,7,6,1,6
2017370206593,2,9,0,18,0,8,0,0,0,0,4,1,5,1,28,6,1598,2,7,-1,-1,-1
2017370206643,1,9,0,18,0,0,0,0,0,0,1,1,5,2,80,11,1596,1,10,3,1,3
2017370206643,2,21,1,4,0,0,0,0,0,0,2,1,1,1,56,9,12777,2,-1,-1,-1,-1
2017370206648,1,9,0,18,0,8,0,0,0,0,3,1,5,2,44,7,1753,2,10,-1,-1,-1
2017370206648,2,9,0,18,0,8,0,0,0,0,1,1,5,1,39,7,973,1,16,-1,-1,-1
2017370206649,1,9,0,18,0,0,0,0,0,0,2,1,6,1,41,7,1796,1,12,-1,-1,-1
2017370206667,1,9,0,18,0,0,0,0,0,0,1,1,6,2,32,6,1364,2,12,-1,-1,-1
2017370206674,1,9,0,18,0,0,0,0,0,0,1,1,5,1,77,11,1598,1,5,-1,-1,-1
2017370206674,2,9,0,18,0,0,0,0,0,0,1,1,5,1,61,9,1997,2,2,-1,-1,-1
2017370206686,1,3,0,18,0,0,5,4,0,0,1,1,5,1,24,5,124,1,5,-1,-1,-1
2017370206686,2,9,0,2,0,0,0,0,0,0,2,1,6,3,-1,-1,-1,-1,-1,-1,-1,-1
2017370206719,1,9,0,16,0,0,0,0,0,0,1,1,3,2,46,8,1598,1,9,-1,-1,-1
2017370206719,2,9,0,17,0,0,0,0,0,0,1,1,2,1,26,6,1364,1,2,-1,-1,-1
2017370206758,1,97,0,18,0,0,5,0,0,0,1,1,5,1,26,6,-1,-1,-1,-1,-1,-1
2017370206758,2,9,0,2,0,0,0,0,0,0,3,1,6,3,-1,-1,-1,-1,-1,-1,-1,-1
2017370206781,1,9,0,9,0,1,0,0,0,0,4,1,6,2,59,9,1997,2,1,6,3,6
2017370206781,2,9,0,18,0,1,0,0,0,0,1,1,6,1,57,9,2429,1,12,-1,-1,-1
2017370206809,1,11,0,18,0,1,0,0,0,0,1,1,1,1,39,7,7300,2,12,10,1,10
2017370206867,1,9,0,18,0,8,0,0,0,0,3,1,5,1,70,10,1995,2,1,-1,-1,-1
2017370206908,1,1,0,18,0,1,5,0,0,0,1,1,6,1,12,3,-1,-1,-1,8,1,8
2017370206908,2,9,0,18,0,1,5,0,0,0,3,1,6,2,30,6,-1,-1,-1,2,1,2
2017370206956,1,9,0,18,0,8,0,0,0,0,1,1,6,2,21,5,999,1,1,-1,-1,-1
2017370206956,2,9,0,3,0,8,0,0,0,0,2,1,6,1,34,6,1769,1,28,-1,-1,-1
2017370206990,1,9,0,18,0,8,0,0,0,0,3,1,5,1,22,5,1968,2,11,-1,-1,-1
2017370206990,2,9,0,10,0,8,0,0,0,0,3,1,5,2,45,7,1997,2,10,8,3,8
2017370207031,1,9,0,18,0,0,0,0,0,0,1,1,5,1,29,6,1596,1,6,-1,-1,-1
2017370207031,2,19,0,5,0,0,0,0,0,0,1,1,1,2,49,8,1998,2,13,-1,-1,-1
2017370207031,3,9,0,3,0,0,0,0,0,0,2,1,1,1,52,8,2993,2,5,4,3,4
2017370207058,1,9,0,18,0,1,0,0,0,0,1,1,1,2,54,8,1360,1,8,4,1,4
2017370207058,2,9,0,10,0,1,0,0,0,0,2,1,5,1,59,9,1598,1,4,6,1,6
2017370207075,1,9,0,18,0,0,0,0,7,4,1,1,6,1,23,5,1984,1,13,4,2,4
2017370207075,2,9,0,18,0,0,0,0,0,0,0,1,6,1,41,7,1997,2,3,-1,-1,-1
2017370207092,1,9,0,1,0,0,0,0,0,0,2,1,6,2,49,8,1796,1,15,8,1,8
2017370207092,2,9,0,18,0,0,0,0,0,0,2,1,6,1,25,5,1496,2,2,4,1,4
2017370207109,1,9,0,18,0,0,1,0,0,0,1,1,5,1,18,4,1388,1,13,-1,-1,-1
2017370207109,2,9,0,4,0,0,0,0,0,0,2,1,5,2,23,5,1910,2,11,-1,-1,-1
2017370207324,1,9,0,18,0,0,0,0,0,0,1,1,2,2,57,9,1248,2,8,6,3,6
2017370207324,2,9,0,18,0,0,0,0,0,0,1,1,5,2,50,8,1798,1,10,5,3,5
2017370207376,1,9,0,18,0,8,0,0,0,0,1,1,1,2,22,5,1498,1,7,2,1,2
2017370207376,2,9,0,18,0,8,0,0,0,0,3,1,2,1,18,4,1560,2,12,6,1,6
2017370207406,1,9,0,18,0,0,0,0,0,0,0,1,5,2,30,6,1956,2,3,5,3,5
2017370207432,1,9,0,17,0,0,2,0,0,0,1,1,5,2,52,8,1360,1,9,6,3,6
2017370207451,1,9,0,18,0,0,0,0,1,11,1,1,5,1,77,11,1998,1,18,2,1,2
2017370207460,1,9,0,18,4,0,0,0,0,0,1,1,6,3,-1,-1,-1,-1,-1,-1,-1,-1
2017370207460,2,1,0,18,4,0,5,0,0,0,2,1,6,1,18,4,-1,-1,-1,-1,-1,-1
2017370207604,1,9,0,18,0,1,0,0,0,0,1,1,5,2,48,8,1242,1,17,7,1,7
2017370207604,2,1,0,18,0,2,5,0,0,0,1,1,5,1,21,5,-1,-1,-1,-1,-1,-1
2017370207690,1,9,0,9,0,8,0,0,0,0,3,1,6,2,46,8,1598,1,15,-1,-1,-1
2017370207690,2,9,0,18,0,1,0,0,0,0,4,1,5,2,46,8,1896,2,11,-1,-1,-1
2017370207963,1,9,0,18,0,1,0,0,0,0,1,1,5,2,33,6,1229,1,9,7,1,7
2017370207963,2,1,0,18,0,1,0,0,0,0,2,1,5,1,53,8,-1,-1,-1,-1,-1,-1
2017370208273,1,9,0,18,0,1,0,0,0,0,4,1,5,1,27,6,1956,2,6,-1,-1,-1
2017370208273,2,9,0,18,0,1,0,0,0,0,1,1,5,1,80,11,1242,1,4,-1,-1,-1
2017370208405,1,9,0,4,0,0,0,0,0,0,3,1,6,1,18,4,1599,1,12,-1,-1,-1
2017370208405,2,9,0,18,0,0,0,0,0,0,3,1,6,1,50,8,1900,2,12,-1,-1,-1
2017370208422,1,98,0,18,0,0,0,0,0,0,1,1,6,3,-1,-1,-1,-1,-1,-1,-1,-1
2017370208422,2,1,0,18,0,0,5,0,0,0,2,1,6,1,40,7,-1,-1,-1,5,1,5
2017370208505,1,9,0,18,0,0,0,0,0,0,1,1,5,1,42,7,6208,1,4,-1,-1,-1
2017370208562,1,9,0,18,0,0,0,0,1,2,1,1,6,1,30,6,1753,2,15,-1,-1,-1
2017370208562,2,9,0,2,0,0,0,0,0,0,1,1,6,3,-1,-1,-1,-1,-1,-1,-1,-1
2017370208893,1,9,0,18,0,0,2,0,1,4,3,1,5,1,18,4,998,1,4,2,1,2
2017370208893,2,90,0,18,0,0,0,0,0,0,0,1,5,1,48,8,-1,-1,-1,6,3,6
2017370208927,1,9,0,9,0,1,0,0,0,0,1,1,5,1,21,5,1896,2,19,9,3,9
2017370208927,2,3,0,18,0,1,5,0,0,0,1,1,5,1,21,5,125,1,5,7,1,7
2017370208946,1,1,0,18,0,0,5,0,0,0,1,1,6,1,30,6,-1,-1,-1,-1,-1,-1
2017370208946,2,9,0,2,0,0,0,0,0,0,4,1,6,3,-1,-1,-1,-1,-1,-1,-1,-1
2017370208997,1,9,0,18,0,1,0,0,0,0,1,1,5,2,66,10,1197,1,2,7,3,7
2017370208997,2,9,0,16,0,1,0,0,0,0,1,1,5,2,51,8,1149,1,4,-1,-1,-1
2017370209040,1,9,0,4,0,2,0,0,0,0,1,1,5,1,20,4,1364,1,9,-1,-1,-1
2017370209040,2,5,0,4,0,2,2,0,1,10,4,1,5,1,55,8,1043,1,2,5,1,5
2017370209040,3,9,0,10,0,2,0,0,0,0,0,1,5,2,48,8,1198,1,5,5,2,5
2017370209074,1,9,0,18,0,0,0,0,0,0,0,1,2,1,-1,-1,-1,-1,-1,2,1,2
2017370209092,1,9,0,18,0,4,0,0,0,0,1,1,6,1,61,9,1596,1,12,-1,-1,-1
2017370209092,2,1,0,18,0,4,0,0,0,0,4,1,6,1,69,10,-1,-1,-1,-1,-1,-1
2017370209138,1,9,0,18,0,0,0,0,0,0,1,1,6,2,23,5,1390,1,7,5,3,5
2017370209138,2,9,0,4,0,0,0,0,0,0,2,1,5,1,28,6,1997,2,7,-1,-1,-1
2017370209138,3,9,0,3,0,0,0,0,0,0,2,1,5,2,34,6,1896,2,12,-1,-1,-1
2017370209177,1,98,0,18,0,0,0,0,0,0,0,1,6,3,-1,-1,-1,-1,-1,-1,-1,-1
2017370209177,2,16,0,18,0,0,0,0,0,0,0,1,5,2,54,8,-1,-1,-1,-1,-1,-1
2017370209192,1,1,0,18,0,1,5,0,0,0,4,1,1,2,15,3,-1,-1,-1,10,1,10
2017370209192,2,9,0,18,0,1,0,0,0,0,1,1,5,2,56,9,1995,2,3,9,1,9
2017370209216,1,9,0,18,0,1,0,0,0,0,1,1,6,1,34,6,1461,2,1,5,2,5
2017370209216,2,19,0,10,0,1,0,0,0,0,2,1,6,1,29,6,2198,2,5,3,2,3
2017370209240,1,9,0,18,0,0,0,0,0,0,1,1,6,3,-1,-1,-1,-1,-1,-1,-1,-1
2017370209240,2,1,0,18,0,0,0,0,0,0,2,1,6,2,11,3,-1,-1,-1,-1,-1,-1
2017370209247,1,9,0,9,0,8,0,0,0,0,1,1,1,2,71,10,1992,2,9,8,2,8
2017370209247,2,9,0,9,0,8,0,0,0,0,3,1,5,2,20,4,998,1,2,7,3,7
2017370209275,1,9,0,9,0,5,0,0,0,0,1,1,5,1,79,11,1984,2,6,6,3,6
2017370209377,1,9,0,18,0,0,0,0,0,0,4,1,5,1,26,6,1995,1,7,1,1,1
2017370209377,2,9,0,18,0,0,5,0,0,0,1,1,5,1,20,4,-1,-1,-1,6,1,6
2017370209583,1,9,0,5,0,1,0,0,0,0,3,1,6,1,19,4,1196,1,23,3,1,3
2017370209583,2,9,0,18,0,1,0,0,0,0,1,1,2,1,29,6,1299,1,10,6,1,6
2017370209637,1,90,0,18,0,0,5,0,0,0,2,1,6,1,13,3,-1,-1,-1,1,1,1
2017370209637,2,98,0,18,0,0,0,0,0,0,1,1,6,1,53,8,-1,-1,-1,7,1,7
2017370209991,1,9,0,18,0,0,0,0,0,0,4,1,5,1,66,10,2720,2,12,5,1,5
2017370210067,1,9,0,18,0,0,0,0,0,0,1,1,2,1,39,7,1984,1,8,5,1,5
2017370210067,2,9,0,4,0,0,0,0,0,0,2,1,6,2,40,7,1995,2,11,-1,-1,-1
2017370210083,1,19,0,5,0,1,0,0,0,0,1,1,1,1,24,5,2198,2,1,9,3,9
2017370210083,2,5,0,3,0,1,5,0,0,0,2,1,1,1,61,9,1127,1,29,7,1,7
2017370210135,1,4,0,14,0,0,0,0,0,0,0,1,5,1,52,8,278,1,4,1,1,1
2017370210155,1,9,0,18,0,4,0,0,0,0,3,1,1,1,45,7,999,1,2,4,3,4
2017370210155,2,1,0,18,0,4,0,0,0,0,4,1,2,1,49,8,-1,-1,-1,5,3,5
2017370210315,1,9,0,1,0,0,0,0,0,0,2,1,6,1,34,6,1196,1,23,3,1,3
2017370210339,1,9,0,18,0,0,0,4,0,0,1,1,5,1,53,8,2179,2,2,5,1,5
2017370210339,2,9,0,18,0,0,0,4,0,0,1,1,6,1,33,6,1596,1,15,8,3,8
2017370210340,1,9,-1,17,0,0,0,0,0,0,0,1,6,3,-1,-1,-1,-1,-1,-1,-1,-1
2017370210340,2,97,0,17,0,0,0,0,0,0,0,1,5,3,-1,-1,-1,-1,-1,-1,-1,-1
2017370210340,3,9,0,16,0,0,1,0,1,4,2,1,5,1,30,6,3980,1,21,-1,-1,-1
2017370210347,1,9,0,18,0,8,0,0,0,0,1,1,6,1,40,7,1910,2,9,-1,-1,-1
2017370210347,2,9,0,18,0,8,0,0,0,0,2,1,5,1,29,6,1560,2,8,2,1,2
2017370210451,1,9,0,18,0,0,0,0,0,0,1,1,6,1,-1,-1,1991,1,15,-1,-1,-1
2017370210451,2,9,0,18,0,0,0,0,0,0,3,1,5,2,19,4,1229,1,5,-1,-1,-1
2017370210487,1,9,0,18,0,0,0,0,0,0,1,1,6,3,60,9,-1,-1,-1,-1,-1,-1
2017370210487,2,1,0,18,0,0,0,0,0,0,1,1,6,1,46,8,-1,-1,-1,-1,-1,-1
2017370210533,1,11,0,18,0,0,0,0,0,0,1,1,1,1,26,6,9360,2,9,-1,-1,-1
2017370210593,1,9,0,18,0,0,0,0,0,0,0,1,6,3,-1,-1,-1,-1,-1,-1,-1,-1
2017370210610,1,2,0,18,0,1,0,0,0,0,1,1,5,1,16,4,49,1,3,-1,-1,-1
2017370210610,2,9,0,18,0,1,0,0,0,0,2,1,5,1,19,4,-1,-1,-1,-1,-1,-1
2017370210664,1,9,0,18,0,1,0,0,0,0,1,1,6,2,-1,-1,1753,2,12,6,2,6
2017370210664,2,1,0,18,0,1,0,0,0,0,1,1,6,1,45,7,-1,-1,-1,5,2,5
2017370210673,1,5,5,18,0,1,0,0,0,0,1,1,5,1,61,9,599,1,13,-1,-1,-1
2017370210691,1,9,5,18,0,2,0,0,0,0,1,1,6,2,74,10,1086,1,10,-1,-1,-1
2017370210691,2,9,5,18,0,1,0,0,0,0,1,1,5,2,43,7,1560,2,2,-1,-1,-1
2017370210740,1,9,0,18,0,0,1,0,0,0,1,1,5,2,59,9,1598,1,11,6,3,6
2017370210760,1,9,0,18,0,1,0,0,0,0,3,1,5,1,18,4,1242,1,10,7,3,7
2017370210931,1,9,0,1,0,0,0,0,0,0,2,1,6,1,-1,-1,998,1,17,-1,-1,-1
2017370210931,2,9,0,3,0,0,0,0,0,0,1,1,6,1,62,9,2987,2,4,4,2,4
2017370210959,1,3,0,18,0,0,5,0,0,0,1,1,6,1,23,5,125,1,1,8,1,8
2017370210959,2,17,0,18,0,0,0,0,0,0,1,1,1,1,26,6,-1,2,2,6,3,6
2017370210984,1,9,0,18,0,0,0,0,0,0,1,1,5,1,25,5,1598,1,-1,7,2,7
2017370210984,2,9,0,7,0,0,0,0,0,0,2,1,5,2,79,11,1364,2,10,4,3,4
2017370210984,3,9,0,18,0,0,0,0,0,0,1,1,5,1,70,10,1598,1,5,-1,-1,-1
2017370210997,1,9,0,12,0,1,0,0,0,0,3,1,6,1,30,6,1598,1,8,9,2,9
2017370210997,2,9,0,18,0,1,0,0,0,0,4,1,5,2,23,5,1910,2,11,3,1,3
2017370211018,1,9,0,18,0,8,0,0,0,0,1,1,5,1,80,11,-1,-1,-1,7,3,7
2017370211018,2,9,0,3,0,8,0,0,0,0,2,1,5,2,45,7,1896,2,14,-1,-1,-1
2017370211018,3,9,0,3,0,8,0,0,0,0,2,1,5,2,62,9,1398,2,7,-1,-1,-1
2017370211057,1,9,0,18,0,0,0,0,0,0,3,1,5,1,25,5,-1,-1,-1,8,2,8
2017370211057,2,9,0,18,0,0,0,0,0,0,2,1,2,1,31,6,-1,-1,-1,8,2,8
2017370211081,1,17,4,7,0,1,0,0,0,0,0,1,6,3,-1,-1,-1,-1,-1,-1,-1,-1
2017370211081,2,98,1,9,0,1,0,0,0,0,0,1,1,1,43,7,-1,-1,-1,5,3,5
2017370211161,1,21,0,13,0,1,0,0,0,0,4,1,1,1,29,6,4461,2,8,5,1,5
2017370211161,2,19,0,9,0,1,0,0,0,0,3,1,1,1,44,7,1995,2,5,6,3,6
2017370211195,1,9,0,18,0,4,0,0,0,0,3,1,6,1,65,9,999,1,2,5,3,5
2017370211195,2,9,0,18,0,4,0,0,0,0,1,1,6,1,20,4,1149,1,13,1,1,1
2017370211205,1,9,0,5,0,0,0,0,0,0,1,1,2,2,48,8,1390,1,7,6,3,6
2017370211205,2,1,0,18,0,0,5,0,0,0,1,1,5,1,25,5,-1,-1,-1,6,1,6
2017370211207,1,19,0,18,0,0,0,0,0,0,1,1,6,1,48,8,2298,2,1,6,2,6
2017370211207,2,9,0,4,0,0,0,0,0,0,2,1,6,2,50,8,1998,1,14,-1,-1,-1
2017370211207,3,9,0,18,0,0,0,0,0,0,1,1,6,1,51,8,2378,7,13,-1,-1,-1
2017370211470,1,21,0,9,0,1,0,0,0,0,1,1,6,1,42,7,10837,2,1,-1,-1,-1
2017370211470,2,9,0,10,0,1,0,0,0,0,1,1,6,1,68,10,1984,1,7,-1,-1,-1
2017370211470,3,9,0,18,0,1,0,0,0,0,1,1,6,2,67,10,1598,1,5,-1,-1,-1
2017370211498,1,9,0,18,0,0,0,0,0,0,1,1,5,1,46,8,2354,1,13,4,1,4
2017370211498,2,19,0,18,0,0,0,0,0,0,1,1,1,1,60,9,2402,2,7,8,1,8
2017370211687,1,9,5,18,0,0,0,0,0,0,1,1,6,2,22,5,-1,-1,-1,-1,-1,-1
2017370211708,1,9,0,18,0,1,0,0,0,0,1,1,5,2,19,4,1242,1,5,-1,-1,-1
2017370211728,1,9,0,18,0,0,1,0,1,0,1,1,5,1,59,9,2495,2,13,6,1,6
2017370211801,1,9,0,14,0,1,5,0,0,0,1,1,5,1,17,4,-1,-1,-1,5,3,5
2017370211801,2,9,0,9,0,2,0,0,0,0,1,1,5,2,27,6,1299,1,18,2,1,2
2017370211801,3,19,0,3,0,1,0,0,0,0,0,1,1,1,42,7,2198,2,2,6,1,6
2017370211805,1,5,0,18,0,4,2,7,0,0,4,1,5,1,30,6,1250,1,17,9,1,9
2017370211819,1,9,0,18,0,1,0,0,0,0,1,1,6,1,32,6,-1,-1,-1,9,1,9
2017370211819,2,9,0,18,0,1,0,0,0,0,1,1,6,2,18,4,1124,1,16,-1,-1,-1
2017370211843,1,9,0,18,0,1,0,0,0,0,1,1,5,1,55,8,2400,2,5,4,1,4
2017370211843,2,1,0,18,0,1,0,0,0,0,4,1,5,1,14,3,-1,-1,-1,2,1,2
2017370211989,1,9,0,18,0,4,0,0,0,0,1,1,5,1,75,10,1686,2,12,7,1,7
2017370211989,2,1,0,18,0,8,5,0,0,0,4,1,5,1,48,8,-1,-1,-1,-1,-1,-1
2017370211992,1,21,1,18,0,0,0,0,0,0,1,1,1,1,52,8,15607,2,4,5,1,5
2017370211992,2,21,1,4,0,0,0,0,0,0,2,1,6,1,45,7,8867,2,9,2,1,2
2017370211994,1,9,0,18,0,4,0,0,0,0,1,1,6,3,-1,-1,-1,-1,-1,-1,-1,-1
2017370211994,2,9,0,18,0,8,0,0,0,0,1,1,6,1,28,6,2993,2,5,-1,-1,-1
2017370211997,1,9,0,7,0,0,0,0,0,0,1,1,5,1,40,7,1368,1,3,1,1,1
2017370211997,2,1,0,18,0,0,5,0,0,0,1,1,5,1,53,8,-1,-1,-1,7,1,7
2017370212022,1,9,0,9,0,2,0,0,0,0,1,1,5,1,30,6,2170,2,12,-1,-1,-1
2017370212022,2,9,0,18,0,1,0,0,0,0,1,1,5,2,54,8,1896,2,10,-1,-1,-1
2017370212025,1,9,0,16,0,1,0,0,0,0,3,1,5,2,20,4,973,1,16,8,3,8
2017370212025,2,9,0,17,0,1,0,0,0,0,2,1,2,1,28,6,-1,-1,-1,-1,-1,-1
2017370212027,1,9,0,17,0,1,1,0,1,4,3,1,2,2,19,4,1388,1,15,1,1,1
2017370212031,1,9,0,9,0,1,0,0,0,0,3,1,1,2,39,7,-1,-1,-1,10,2,10
2017370212031,2,9,0,18,0,1,0,0,0,0,1,1,1,1,32,6,-1,-1,-1,5,1,5
2017370212703,1,9,0,18,0,1,0,0,0,0,4,1,6,1,20,4,999,1,-1,-1,-1,-1
2017370212703,2,9,0,18,0,1,0,0,0,0,1,1,6,1,17,4,1399,2,11,-1,-1,-1
2017370213178,1,9,0,18,0,0,0,0,0,0,1,1,5,1,56,9,2698,2,6,-1,-1,-1
2017370213178,2,9,0,3,0,0,0,0,0,0,2,1,5,2,26,6,998,1,1,-1,-1,-1
2017370213190,1,9,0,18,0,0,5,0,1,0,1,1,5,1,88,11,1598,1,20,-1,-1,-1
2017370213349,1,9,0,18,0,1,0,0,0,0,1,1,5,1,31,6,1796,1,13,-1,-1,-1
2017370213349,2,9,0,18,0,1,0,0,0,0,2,1,5,1,24,5,1398,2,6,-1,-1,-1
2017370213389,1,9,0,18,0,0,0,0,0,0,0,1,6,3,-1,-1,-1,-1,-1,-1,-1,-1
2017370213389,2,9,0,18,0,0,0,0,0,0,0,1,6,2,28,6,1997,2,3,-1,-1,-1
2017370213396,1,9,0,5,0,0,0,0,0,0,4,1,5,2,21,5,998,1,2,-1,-1,-1
2017370213396,2,1,0,18,5,0,0,0,0,0,4,1,6,2,12,3,-1,-1,-1,-1,-1,-1
2017370213454,1,9,0,18,0,0,0,0,0,0,3,1,6,1,45,7,1968,2,3,6,3,6
2017370213454,2,1,0,9,0,0,0,0,0,0,1,1,6,1,45,7,-1,-1,-1,5,1,5
2017370213491,1,9,0,9,0,6,0,0,0,0,1,1,5,2,68,10,1198,1,3,7,3,7
2017370213491,2,9,0,18,0,1,0,0,0,0,1,1,5,2,23,5,1686,2,5,5,2,5
2017370213491,3,9,0,3,0,1,0,0,0,0,1,1,5,2,61,9,1968,2,2,5,3,5
2017370213506,1,9,0,13,0,1,0,0,0,0,1,1,5,2,31,6,1329,1,2,5,3,5
2017370213506,2,9,0,9,0,1,0,0,0,0,1,1,5,1,72,10,1896,2,11,3,1,3
2017370213522,1,9,0,18,0,0,0,0,0,0,1,1,5,1,45,7,1587,1,12,6,1,6
2017370213522,2,9,0,4,0,0,0,0,0,0,2,1,6,2,57,9,1198,1,1,5,1,5
2017370213619,1,9,0,16,0,0,1,0,0,0,3,1,5,1,20,4,-1,-1,-1,-1,-1,-1
2017370213619,2,17,4,17,0,0,0,0,0,0,2,1,1,1,19,4,6728,2,-1,-1,-1,-1
2017370213703,1,9,0,7,0,0,0,0,0,0,4,1,5,1,59,9,1388,1,13,7,3,7
2017370213703,2,1,0,18,0,0,5,0,0,0,3,1,6,1,48,8,-1,-1,-1,7,3,7
2017370213716,1,9,0,9,0,2,0,0,0,0,0,1,6,3,-1,-1,-1,-1,-1,-1,-1,-1
2017370213716,2,1,0,18,0,1,5,0,0,0,0,1,5,1,16,4,-1,-1,-1,-1,-1,-1
2017370213755,1,9,0,18,0,0,0,0,4,6,1,1,1,2,19,4,1242,1,11,10,1,10
2017370213799,1,9,0,18,0,0,2,0,7,0,1,1,5,1,23,5,1390,1,16,5,2,5
2017370213853,1,2,0,18,0,1,5,0,0,0,3,1,6,1,17,4,49,1,1,-1,-1,-1
2017370213853,2,9,0,18,0,1,0,0,0,0,1,1,6,2,54,8,1061,1,12,-1,-1,-1
2017370213884,1,9,0,18,0,0,0,0,0,0,4,1,6,2,46,8,2987,2,-1,-1,-1,-1
2017370213884,2,9,0,18,0,0,5,0,0,0,3,1,2,1,63,9,-1,-1,-1,3,2,3
2017370213904,1,3,0,18,0,0,2,0,0,0,1,1,2,1,22,5,124,1,12,7,2,7
2017370213904,2,9,0,3,0,0,0,0,0,0,2,1,5,1,54,8,-1,-1,-1,-1,-1,-1
2017370214037,1,9,0,18,0,8,0,0,0,0,1,1,5,2,85,11,1199,1,16,6,1,6
2017370214037,2,5,0,18,0,8,2,0,0,0,1,1,5,1,37,7,918,1,21,5,3,5
2017370214121,1,9,0,18,0,1,0,0,0,0,1,1,1,1,31,6,-1,-1,-1,1,1,1
2017370214121,2,1,0,18,0,6,5,0,0,0,1,1,2,1,49,8,-1,-1,-1,-1,-1,-1
2017370214130,1,9,0,17,0,0,0,4,0,0,4,1,6,1,70,10,1968,2,5,-1,-1,-1
2017370214130,2,9,0,2,0,0,0,0,0,0,4,1,6,3,-1,-1,-1,-1,-1,-1,-1,-1