Accident_Index,Vehicle_Reference,Vehicle_Type,Towing_and_Articulation,Vehicle_Manoeuvre,Vehicle_Location-Restricted_Lane,Junction_Location,Skidding_and_Overturning,Hit_Object_in_Carriageway,Vehicle_Leaving_Carriageway,Hit_Object_off_Carriageway,1st_Point_of_Impact,Was_Vehicle_Left_Hand_Drive?,Journey_Purpose_of_Driver,Sex_of_Driver,Age_of_Driver,Age_Band_of_Driver,Engine_Capacity_(CC),Propulsion_Code,Age_of_Vehicle,Driver_IMD_Decile,Driver_Home_Area_Type,Vehicle_IMD_Decile
2017370225044,1,9,0,18,0,4,0,0,0,0,1,1,6,2,49,8,2143,2,1,-1,-1,-1
2017370225044,2,9,0,3,0,4,0,0,0,0,2,1,5,1,42,7,998,1,9,-1,-1,-1
2017370225078,1,9,0,18,0,0,0,0,0,0,1,1,5,1,38,7,2688,2,13,-1,-1,-1
2017370225078,2,21,0,18,0,0,0,0,0,0,2,1,1,1,37,7,-1,-1,-1,-1,-1,-1
2017370225078,3,9,0,18,0,0,0,0,0,0,1,1,5,1,53,8,999,1,2,-1,-1,-1
2017370225324,1,9,0,5,0,8,0,0,0,0,1,1,5,2,88,11,1149,1,6,-1,-1,-1
2017370225324,2,21,0,18,0,8,0,0,0,0,1,1,2,1,40,7,12900,2,6,-1,-1,-1
2017370225416,1,9,0,7,0,8,0,0,0,0,2,1,5,2,24,5,1229,1,5,-1,-1,-1
2017370225416,2,5,0,18,0,1,0,0,0,0,1,1,5,1,62,9,893,1,22,-1,-1,-1
2017370225452,1,1,0,18,0,0,0,0,0,0,1,1,5,1,74,10,-1,-1,-1,-1,-1,-1
2017370225452,2,20,0,4,0,0,0,0,0,0,4,1,1,1,47,8,-1,-1,-1,-1,-1,-1
2017370225460,1,9,0,18,0,0,5,0,0,0,4,1,6,1,23,5,1299,1,16,-1,-1,-1
2017370225460,2,9,0,2,0,0,0,0,0,0,3,1,6,3,-1,-1,-1,-1,-1,-1,-1,-1
2017370225460,3,98,0,2,0,0,0,0,0,0,4,1,6,3,-1,-1,-1,-1,-1,-1,-1,-1
2017370225480,1,9,0,18,0,1,0,0,0,0,1,1,5,1,23,5,2495,2,19,-1,-1,-1
2017370225480,2,9,0,3,0,1,0,0,0,0,2,1,5,2,32,6,1149,1,6,-1,-1,-1
2017370225489,1,1,0,18,0,0,0,0,0,0,1,1,1,1,51,8,-1,-1,-1,-1,-1,-1
2017370225489,2,9,0,5,0,0,0,0,0,0,1,1,5,2,34,6,998,1,8,-1,-1,-1
2017370225544,1,1,0,18,0,0,0,0,0,0,1,1,1,1,18,4,-1,-1,-1,-1,-1,-1
2017370225544,2,9,0,4,0,0,0,0,0,0,2,1,1,1,46,8,-1,-1,-1,-1,-1,-1
2017370225681,1,19,0,18,0,0,0,0,0,0,4,1,6,1,33,6,1248,2,10,-1,-1,-1
2017370225681,2,1,0,18,0,0,5,0,0,0,3,1,6,1,40,7,-1,-1,-1,-1,-1,-1
2017370225775,1,9,0,18,0,1,0,0,0,0,4,1,6,1,27,6,1995,2,10,-1,-1,-1
2017370225775,2,9,0,4,0,1,0,0,1,0,2,1,6,1,42,7,1984,1,15,-1,-1,-1
2017370225827,1,9,0,18,0,8,0,0,0,0,3,1,2,1,19,4,1149,1,9,-1,-1,-1
2017370225827,2,5,0,18,0,8,0,0,0,0,1,1,2,1,47,8,1237,1,5,-1,-1,-1
2017370225955,1,9,0,5,0,4,0,0,0,0,3,1,6,2,50,8,1686,2,3,-1,-1,-1
2017370225955,2,1,0,18,0,8,0,0,0,0,4,1,6,2,29,6,-1,-1,-1,-1,-1,-1
2017370226034,1,9,0,18,0,0,0,0,7,0,1,1,5,1,68,10,2792,1,16,-1,-1,-1
2017370226072,1,9,0,9,0,8,0,0,0,0,1,1,3,1,68,10,2148,2,14,-1,-1,-1
2017370226072,2,9,0,18,0,8,0,0,0,0,4,1,5,1,81,11,1390,1,18,-1,-1,-1
2017370226100,1,1,0,18,0,0,0,0,7,0,1,1,1,1,54,8,-1,-1,-1,-1,-1,-1
2017370226268,1,9,5,18,0,0,0,0,0,0,1,1,6,1,38,7,998,1,5,-1,-1,-1
2017370226268,3,9,0,-1,-1,0,-1,-1,-1,0,-1,1,6,1,18,4,1360,1,15,-1,-1,-1
2017370226291,1,9,0,18,0,1,0,0,0,0,1,1,5,1,48,8,-1,-1,-1,-1,-1,-1
2017370226291,2,9,0,3,0,1,0,0,0,0,2,1,5,2,48,8,1796,1,11,-1,-1,-1
2017370226291,3,9,0,3,0,1,0,0,0,0,2,1,6,1,53,8,1840,1,17,-1,-1,-1
2017370226308,1,9,0,18,0,0,0,0,0,0,1,1,6,1,-1,-1,2765,2,28,-1,-1,-1
2017370226308,2,9,0,18,0,0,0,0,0,0,1,1,1,1,41,7,1997,2,6,-1,-1,-1
2017370226321,1,9,0,18,0,0,0,0,0,0,1,1,6,1,46,8,-1,-1,-1,-1,-1,-1
2017370226321,2,1,0,18,0,0,0,0,0,0,1,1,6,1,37,7,-1,-1,-1,-1,-1,-1
2017370226321,3,9,0,18,0,0,0,0,0,0,3,1,6,2,-1,-1,1796,1,15,-1,-1,-1
2017370226417,1,9,0,18,0,0,0,0,0,0,3,1,6,1,42,7,-1,-1,-1,-1,-1,-1
2017370226417,2,1,0,18,0,0,0,0,0,0,4,1,6,1,45,7,-1,-1,-1,-1,-1,-1
2017370226589,1,9,0,4,0,1,0,0,0,0,1,1,6,1,47,8,1461,2,13,-1,-1,-1
2017370226589,2,9,0,3,0,1,0,0,0,0,2,1,6,1,46,8,1388,1,11,-1,-1,-1
2017370226629,1,9,0,18,0,1,0,0,0,0,1,1,5,1,32,6,-1,-1,-1,-1,-1,-1
2017370226635,1,9,0,18,0,0,0,0,7,1,1,1,6,1,69,10,-1,-1,-1,-1,-1,-1
2017370226647,1,1,0,18,0,0,5,0,0,0,0,1,5,1,22,5,-1,-1,-1,-1,-1,-1
2017370226664,1,9,0,18,0,0,0,0,0,0,1,1,1,1,38,7,-1,-1,-1,-1,-1,-1
2017370226664,2,11,0,4,0,0,0,0,0,0,2,1,1,1,49,8,5900,2,17,-1,-1,-1
2017370226703,1,9,5,18,0,1,0,0,0,0,1,1,5,1,29,6,1229,1,9,5,1,5
2017370226705,1,9,0,18,0,3,0,0,0,0,1,1,5,1,29,6,-1,-1,-1,-1,-1,-1
2017370226705,2,1,0,18,0,3,5,0,0,0,2,1,2,1,14,3,-1,-1,-1,-1,-1,-1
2017370227006,1,9,0,18,0,0,0,0,1,4,1,1,5,2,22,5,1900,2,11,5,3,5
2017370227055,1,9,0,6,0,0,0,0,0,0,1,1,6,2,25,5,1242,1,2,-1,-1,-1
2017370227055,2,1,0,18,0,0,5,0,0,0,1,1,6,1,36,7,-1,-1,-1,-1,-1,-1
2017370227059,1,9,0,5,0,0,0,0,0,0,3,1,5,2,26,6,1422,2,9,5,3,5
2017370227059,2,9,0,18,0,0,0,0,0,0,1,1,5,1,22,5,1348,1,9,4,1,4
2017370227128,1,9,0,18,0,0,5,0,1,4,4,1,5,1,34,6,2993,2,7,2,1,2
2017370227130,1,3,0,17,0,0,2,0,1,0,4,1,6,1,19,4,125,1,2,-1,-1,-1
2017370227150,1,9,0,18,0,0,0,0,0,0,1,1,2,2,19,4,1299,1,12,-1,-1,-1
2017370227150,2,9,0,4,0,0,0,0,0,0,2,1,2,2,37,7,1998,1,3,-1,-1,-1
2017370227150,3,19,0,3,0,0,0,0,0,0,2,1,1,1,32,6,1560,2,2,-1,-1,-1
2017370227169,1,1,0,18,0,1,5,0,0,0,1,1,6,1,34,6,-1,-1,-1,-1,-1,-1
2017370227169,2,9,0,7,0,5,0,0,0,0,4,1,6,1,42,7,2143,2,2,-1,-1,-1
2017370227198,1,2,0,18,0,8,0,0,0,0,1,1,6,1,24,5,49,1,16,-1,-1,-1
2017370227198,2,98,0,18,0,8,0,0,0,0,3,1,6,1,48,8,-1,-1,-1,-1,-1,-1
2017370227203,1,9,0,18,0,0,0,0,0,0,1,1,6,1,82,11,998,1,3,5,1,5
2017370227203,2,9,0,3,0,0,0,0,0,0,2,1,6,1,46,8,1968,2,3,4,3,4
2017370227218,1,4,0,18,0,0,0,0,0,0,1,1,6,1,19,4,296,1,2,-1,-1,-1
2017370227267,1,19,0,18,0,0,0,0,7,2,3,1,5,1,31,6,1399,2,6,-1,-1,-1
2017370227282,1,9,0,18,0,8,1,0,0,0,1,1,5,1,23,5,1596,1,20,-1,-1,-1
2017370227282,2,9,0,18,0,8,0,0,0,0,2,1,1,1,51,8,1896,2,16,-1,-1,-1
2017370227315,1,19,0,18,0,0,0,0,0,0,1,1,2,1,33,6,2198,2,5,-1,-1,-1
2017370227315,2,9,0,18,0,0,0,0,0,0,2,1,5,1,59,9,2979,1,14,-1,-1,-1
2017370227360,1,9,0,18,0,0,0,0,0,0,3,1,5,2,31,6,1995,2,7,-1,-1,-1
2017370227631,1,9,0,18,0,0,0,0,0,0,1,1,6,2,34,6,1834,1,14,-1,-1,-1
2017370227631,2,9,0,4,0,0,0,0,0,0,2,1,6,1,41,7,2494,2,6,-1,-1,-1
2017370227631,3,9,0,2,0,0,0,0,0,0,0,1,6,2,38,7,2460,2,13,-1,-1,-1
2017370227848,1,9,0,7,0,8,0,0,0,0,1,1,6,2,70,10,2148,2,9,-1,-1,-1
2017370227848,2,9,0,18,0,8,0,0,0,0,1,1,5,2,57,9,1493,2,10,-1,-1,-1
2017370228173,1,9,0,18,0,8,0,0,0,0,1,1,2,1,27,6,1995,2,5,-1,-1,-1
2017370228173,2,9,0,18,0,8,0,0,0,0,4,1,2,2,42,7,1586,1,1,-1,-1,-1
2017370228233,1,9,0,16,0,0,0,0,0,0,3,1,2,1,28,6,1839,1,22,-1,-1,-1
2017370228233,2,9,0,17,0,0,0,0,0,0,3,1,5,2,37,7,1242,1,2,-1,-1,-1
2017370228251,1,9,0,18,0,0,1,0,7,3,1,1,5,1,28,6,2143,2,2,-1,-1,-1
2017370228318,1,19,0,1,0,0,0,0,0,0,2,1,1,1,37,7,1968,2,1,-1,-1,-1
2017370228318,2,9,0,2,0,0,0,0,0,0,1,1,2,2,48,8,1197,1,1,-1,-1,-1
2017370228575,1,9,0,18,0,0,0,0,0,0,3,1,6,1,78,11,1396,1,7,-1,-1,-1
2017370228671,1,9,0,18,0,0,0,0,0,0,2,1,6,1,22,5,1399,2,15,-1,-1,-1
2017370228744,1,9,0,9,0,6,0,0,0,0,1,1,5,1,72,10,2188,2,9,4,3,4
2017370228744,2,9,0,18,0,8,0,0,0,0,1,1,5,2,25,5,1298,1,13,-1,-1,-1
2017370228911,1,9,0,7,0,8,0,0,0,0,3,1,5,1,50,8,1998,2,9,-1,-1,-1
2017370228911,2,3,0,18,0,8,1,0,0,0,1,1,5,1,28,6,125,1,12,-1,-1,-1
2017370229043,1,9,0,18,0,0,0,4,0,0,4,1,5,2,17,4,1598,1,12,-1,-1,-1
2017370229043,2,9,0,2,0,0,0,0,0,0,3,1,5,1,57,9,1299,1,12,-1,-1,-1
2017370229049,1,21,1,18,0,0,0,0,0,0,1,1,1,1,51,8,10837,2,3,-1,-1,-1
2017370229049,2,9,0,3,0,0,0,0,0,0,2,1,1,1,52,8,2179,2,2,-1,-1,-1
2017370229074,1,9,0,1,0,8,0,0,0,0,2,1,6,1,45,7,2148,2,14,-1,-1,-1
2017370229141,1,3,0,18,2,2,0,0,0,0,3,1,2,1,18,4,124,1,5,-1,-1,-1
2017370229141,2,11,0,2,2,2,0,0,0,0,2,1,1,1,38,7,8268,2,14,-1,-1,-1
2017370229193,1,19,0,18,0,0,0,0,0,0,3,1,1,1,65,9,1461,2,13,-1,-1,-1
2017370229212,1,9,0,9,0,8,0,0,0,0,1,1,3,2,43,7,1598,2,4,-1,-1,-1
2017370229212,2,1,0,5,0,8,0,0,0,0,1,1,6,2,50,8,-1,-1,-1,-1,-1,-1
2017370229331,1,11,0,18,0,1,0,0,0,0,0,1,6,1,55,8,4250,2,9,-1,-1,-1
2017370229331,2,9,0,18,0,8,0,0,0,0,0,1,6,1,19,4,1149,1,13,-1,-1,-1
2017370229492,1,9,0,18,1,0,0,0,0,0,3,1,5,1,73,10,2198,2,9,6,1,6
2017370229492,2,90,5,18,1,0,0,0,0,0,1,1,1,1,42,7,-1,-1,-1,9,2,9
2017370229562,1,19,0,18,0,0,0,0,0,0,1,1,5,1,63,9,1995,2,7,-1,-1,-1
2017370229562,2,9,0,5,0,0,0,0,0,0,2,1,2,2,50,8,1560,2,9,-1,-1,-1
2017370229575,1,9,0,18,0,1,0,0,1,1,1,1,6,1,50,8,2198,1,14,-1,-1,-1
2017370229600,1,21,5,18,0,0,1,0,0,0,1,1,1,1,29,6,12900,2,9,-1,-1,-1
2017370229600,2,9,0,18,0,0,1,0,0,0,3,1,5,1,21,5,-1,-1,-1,-1,-1,-1
2017370229650,1,9,0,18,0,0,0,0,0,0,4,1,6,2,66,10,1248,2,8,-1,-1,-1
2017370229678,1,9,0,17,0,0,1,0,1,4,1,1,5,1,33,6,1461,2,12,-1,-1,-1
2017370229701,1,9,0,9,0,8,1,0,0,0,1,1,5,1,87,11,1498,1,2,-1,-1,-1
2017370229701,2,19,0,18,0,8,1,0,0,0,1,1,1,1,47,8,1248,2,4,-1,-1,-1
2017370229706,1,9,0,18,0,1,0,0,0,0,1,1,6,1,30,6,999,1,-1,-1,-1,-1
2017370229706,2,1,0,10,0,1,0,0,0,0,2,1,5,1,43,7,-1,-1,-1,-1,-1,-1
2017370229822,1,2,0,5,0,6,0,0,0,0,1,1,5,1,36,7,49,1,20,-1,-1,-1
2017370229822,2,21,0,18,0,8,0,0,0,0,4,1,1,1,24,5,-1,-1,-1,-1,-1,-1
2017370229857,1,9,0,5,0,8,0,0,0,0,4,1,6,1,83,11,1995,2,2,-1,-1,-1
2017370229857,2,9,0,18,0,1,0,0,0,0,1,1,6,1,25,5,1796,1,13,-1,-1,-1
2017370229880,1,9,0,5,0,0,1,0,1,0,4,1,5,1,42,7,1968,2,4,-1,-1,-1
2017370229880,2,9,0,18,0,0,1,0,0,0,1,1,5,2,49,8,1587,1,10,-1,-1,-1
2017370229900,1,2,0,18,0,1,5,0,0,0,4,1,5,2,16,4,49,1,-1,-1,-1,-1
2017370229900,2,9,0,18,0,8,0,0,0,0,0,1,6,3,-1,-1,-1,-1,-1,-1,-1,-1
2017370230143,1,21,0,18,0,0,0,0,0,0,1,1,1,1,23,5,12777,2,4,-1,-1,-1
2017370230143,2,9,0,4,0,0,0,0,0,0,2,1,5,2,46,8,1197,1,2,-1,-1,-1
2017370230150,1,9,0,18,0,0,0,0,0,0,1,1,6,1,61,9,996,1,1,-1,-1,-1
2017370230150,2,3,0,18,0,0,0,0,0,0,3,1,5,1,40,7,124,1,12,-1,-1,-1
2017370230157,1,9,0,18,0,0,0,0,0,0,3,1,6,2,68,10,1587,1,12,-1,-1,-1
2017370230157,2,19,0,3,0,0,0,0,0,0,4,1,6,1,44,7,1248,2,3,-1,-1,-1
2017370230174,1,9,0,9,0,8,0,0,0,0,1,1,5,2,26,6,998,1,7,-1,-1,-1
2017370230174,2,19,0,18,0,8,0,0,0,0,1,1,5,1,48,8,1868,2,16,-1,-1,-1
2017370230212,1,19,0,3,0,1,0,0,0,0,1,1,1,1,39,7,2198,2,2,-1,-1,-1
2017370230212,2,9,0,3,0,1,0,0,0,0,2,1,6,2,48,8,2000,2,9,-1,-1,-1
2017370230263,1,3,0,18,0,3,2,0,0,0,0,1,1,1,20,4,124,1,5,-1,-1,-1
2017370230271,1,9,0,18,0,0,0,0,0,0,1,1,6,2,-1,-1,1560,2,3,-1,-1,-1
2017370230271,2,9,0,3,0,0,0,0,0,0,2,1,5,2,17,4,1229,1,8,-1,-1,-1
2017370230276,1,9,0,18,0,0,1,0,0,0,1,1,5,1,33,6,1596,1,15,-1,-1,-1
2017370230276,2,9,0,18,0,0,0,0,0,0,1,1,5,2,51,8,2497,2,9,-1,-1,-1
2017370230474,1,9,0,18,0,0,0,0,7,0,1,1,6,1,33,6,1969,2,1,-1,-1,-1
2017370230539,1,9,0,17,0,1,5,0,7,0,1,1,5,1,56,9,1396,1,14,-1,-1,-1
2017370230546,1,9,0,18,0,1,0,0,0,0,1,1,1,1,30,6,2401,2,15,-1,-1,-1
2017370230546,2,9,0,18,0,2,0,0,0,0,1,1,1,1,30,6,-1,-1,-1,-1,-1,-1
2017370230625,1,19,0,18,0,0,0,0,0,0,1,1,1,1,35,6,2143,2,2,-1,-1,-1
2017370230625,2,19,0,18,0,0,0,0,0,0,2,1,1,1,53,8,2402,2,8,-1,-1,-1
2017370230753,1,3,0,15,0,8,0,10,0,0,3,1,5,1,51,8,125,1,2,-1,-1,-1
2017370230758,1,9,0,18,0,0,1,0,7,4,1,1,5,2,51,8,1598,1,10,-1,-1,-1
2017370230865,1,9,0,17,0,0,0,0,7,9,1,1,5,1,71,10,1593,1,15,6,3,6
2017370231024,1,9,0,18,0,0,0,0,0,0,1,1,5,1,22,5,2143,2,4,-1,-1,-1
2017370231106,1,19,0,18,0,2,0,0,0,0,1,1,1,1,56,9,1248,2,8,7,3,7
2017370231106,2,19,0,18,0,2,0,0,0,0,2,1,1,1,38,7,2143,2,5,-1,-1,-1
2017370231130,1,9,0,1,9,0,0,0,0,0,2,1,6,1,21,5,2993,2,13,4,1,4
2017370231165,1,17,4,18,0,0,0,0,0,0,3,1,1,1,30,6,6100,2,4,-1,-1,-1
2017370231165,2,9,0,18,0,0,0,0,1,10,3,1,5,2,35,6,1248,2,12,-1,-1,-1
2017370231244,1,97,0,18,0,0,2,0,0,0,3,1,2,1,55,8,-1,-1,-1,-1,-1,-1
2017370231256,1,9,0,18,0,0,0,0,0,0,1,1,5,2,52,8,1685,2,-1,-1,-1,-1
2017370231256,2,3,0,3,0,0,0,0,0,0,2,1,2,1,19,4,125,1,8,-1,-1,-1
2017370231269,1,9,0,9,0,8,0,0,0,0,1,1,6,1,50,8,1896,2,13,-1,-1,-1
2017370231269,2,9,0,18,0,8,0,0,0,0,3,1,6,1,60,9,998,1,4,-1,-1,-1
2017370231274,1,9,0,18,0,0,0,10,1,2,3,1,2,1,25,5,999,1,1,-1,-1,-1
2017370231371,1,19,0,16,0,0,1,0,7,11,1,1,1,1,19,4,2143,2,4,-1,-1,-1
2017370231371,2,9,0,18,0,0,0,0,0,0,0,1,6,3,-1,-1,-1,-1,-1,-1,-1,-1
2017370231377,1,9,0,18,0,0,1,0,0,0,1,1,2,1,21,5,1599,1,13,-1,-1,-1
2017370231403,1,1,0,18,0,0,5,0,0,0,1,1,5,1,20,4,-1,-1,-1,-1,-1,-1
2017370231403,2,9,0,18,0,0,0,0,0,0,4,1,5,2,-1,-1,2497,1,6,-1,-1,-1
2017370231422,1,9,0,18,0,2,0,0,0,0,1,1,6,1,23,5,1998,2,11,-1,-1,-1
2017370231423,1,22,0,7,0,0,0,0,0,0,3,1,6,1,84,11,-1,-1,-1,-1,-1,-1
2017370231423,2,19,0,7,0,0,0,0,0,0,4,1,6,1,36,7,1968,2,3,-1,-1,-1
2017370231442,1,9,0,18,0,1,0,0,0,0,1,1,1,1,30,6,1461,2,3,-1,-1,-1
2017370231442,2,9,0,18,0,1,0,0,0,0,1,1,1,2,22,5,1242,1,5,-1,-1,-1
2017370231455,1,9,5,18,0,1,2,0,0,0,1,1,6,1,32,6,1388,1,11,-1,-1,-1
2017370231506,1,9,5,18,0,0,0,0,0,0,1,1,6,1,72,10,1598,1,3,-1,-1,-1
2017370231513,1,9,5,18,0,0,0,0,0,0,3,1,5,1,79,11,1599,1,14,1,1,1
2017370231513,2,9,0,2,0,0,0,0,0,0,3,1,5,2,41,7,1242,1,5,-1,-1,-1
2017370231554,1,9,0,18,0,1,0,0,0,0,1,1,1,1,40,7,-1,-1,-1,-1,-1,-1
2017370231554,2,1,0,18,0,2,0,0,0,0,1,1,2,1,21,5,-1,-1,-1,-1,-1,-1
2017370231587,1,9,0,18,0,0,0,0,0,0,1,1,5,1,23,5,-1,-1,-1,-1,-1,-1
2017370231587,2,-1,-1,18,0,0,0,0,0,0,1,1,6,3,-1,-1,-1,-1,-1,-1,-1,-1
2017370231592,1,19,0,18,0,0,1,0,0,0,1,1,2,1,20,4,1560,2,6,7,3,7
2017370231592,2,98,0,4,0,0,0,0,0,0,2,1,6,3,-1,-1,-1,-1,-1,-1,-1,-1
2017370231592,3,9,0,18,0,0,0,0,0,0,1,1,1,2,25,5,1560,2,5,-1,-1,-1
2017370231762,1,9,0,18,0,0,1,10,1,10,3,1,5,2,34,6,1242,1,16,8,3,8
2017370231788,1,17,4,18,0,0,0,0,0,0,1,1,1,1,23,5,6702,2,4,4,2,4
2017370231788,2,98,0,2,0,0,0,0,0,0,2,1,6,3,-1,-1,-1,-1,-1,-1,-1,-1
2017370231810,1,9,5,18,0,2,0,0,0,0,3,1,5,1,68,10,1998,2,10,-1,-1,-1
2017370231810,2,9,0,18,0,2,0,0,0,0,1,1,5,2,22,5,1197,1,-1,-1,-1,-1
2017370231868,1,9,0,18,0,2,0,0,0,0,1,1,5,1,80,11,1242,1,3,-1,-1,-1
2017370231887,1,9,5,18,0,1,0,0,0,0,1,1,2,1,52,8,1398,1,5,-1,-1,-1
2017370231887,2,9,0,18,0,2,0,0,0,0,3,1,5,1,71,10,2912,1,-1,-1,-1,-1
2017370231911,1,9,0,16,0,0,0,0,0,0,1,1,5,2,22,5,1298,1,17,-1,-1,-1
2017370231911,2,9,0,17,0,0,0,0,0,0,3,1,1,1,38,7,-1,-1,-1,-1,-1,-1
2017370232111,1,9,0,17,0,0,0,0,0,0,3,1,5,1,34,6,1685,2,4,-1,-1,-1
2017370232111,2,9,0,16,0,0,0,0,0,0,3,1,5,2,23,5,1399,2,6,-1,-1,-1
2017370232234,1,9,0,18,0,2,0,0,0,0,1,1,5,1,37,7,1596,1,13,-1,-1,-1
2017370232234,2,1,0,5,0,1,0,0,0,0,1,1,5,1,11,3,-1,-1,-1,-1,-1,-1
2017370232369,1,9,0,18,0,0,0,0,0,0,1,1,6,3,-1,-1,-1,-1,-1,-1,-1,-1
2017370232369,2,1,0,18,0,0,0,0,0,0,2,1,5,1,21,5,-1,-1,-1,-1,-1,-1
2017370232387,1,9,0,18,0,0,0,0,0,0,1,1,5,1,73,10,-1,-1,-1,-1,-1,-1
2017370232387,2,9,0,18,0,0,0,0,0,0,1,1,5,2,50,8,1596,1,7,-1,-1,-1
2017370232505,1,9,0,13,0,0,0,0,0,0,4,1,1,1,66,10,1956,2,4,-1,-1,-1
2017370232505,2,19,0,18,0,0,0,0,0,0,1,1,1,1,50,8,2198,2,10,-1,-1,-1
2017370232539,1,3,0,18,0,1,1,0,0,0,1,1,2,1,51,8,125,1,7,-1,-1,-1
2017370232539,2,19,0,18,0,1,0,0,0,0,2,1,2,1,30,6,1753,2,11,-1,-1,-1
2017370232539,3,9,0,9,0,8,0,0,0,0,0,1,6,3,-1,-1,-1,-1,-1,-1,-1,-1
2017370232565,1,9,0,17,0,0,1,0,1,0,1,1,6,1,30,6,1086,1,11,-1,-1,-1
2017370232579,1,9,0,18,0,0,0,0,0,0,1,1,2,2,24,5,1587,1,20,-1,-1,-1
2017370232579,2,9,0,18,0,0,0,0,0,0,1,1,5,2,78,11,1200,1,-1,-1,-1,-1
2017370232897,1,9,0,18,0,0,0,0,0,0,1,1,5,1,55,8,1796,7,13,-1,-1,-1
2017370232976,1,9,0,17,0,0,1,0,0,0,4,1,6,1,24,5,-1,-1,-1,-1,-1,-1
2017370233058,1,19,0,18,0,1,0,0,0,0,1,1,1,3,36,7,2402,2,17,-1,-1,-1
2017370233058,2,19,0,18,0,1,0,0,0,0,1,1,6,1,41,7,2298,2,2,-1,-1,-1
2017370233058,3,9,0,10,0,1,0,0,0,0,1,1,5,1,52,8,-1,-1,-1,-1,-1,-1
2017370233172,1,9,0,5,0,7,0,0,0,0,1,1,5,2,73,10,1198,1,2,-1,-1,-1
2017370233172,2,5,0,18,0,8,0,0,0,0,4,1,5,1,61,9,998,1,14,-1,-1,-1
2017370233200,1,9,0,7,0,1,0,0,0,0,3,1,6,1,72,10,1753,2,10,-1,-1,-1
2017370233200,2,9,0,18,0,1,0,0,0,0,1,1,6,2,48,8,1399,1,1,-1,-1,-1
2017370233224,1,9,0,7,0,1,0,0,0,0,3,1,5,1,76,11,1598,1,6,-1,-1,-1
2017370233224,2,1,0,18,0,1,5,0,0,0,1,1,6,1,15,3,-1,-1,-1,-1,-1,-1
2017370233240,1,9,0,9,0,8,0,0,0,0,1,1,2,1,25,5,1229,1,3,-1,-1,-1
2017370233240,2,3,0,5,0,8,0,0,0,0,1,1,1,1,58,9,124,1,9,-1,-1,-1
2017370233263,1,9,0,5,0,1,0,0,0,0,1,1,5,2,36,7,1997,2,15,-1,-1,-1
2017370233263,2,3,0,5,0,1,0,0,0,0,2,1,2,1,26,6,125,1,1,-1,-1,-1
2017370233345,1,9,0,18,0,8,0,0,0,0,3,1,6,1,30,6,1995,2,8,-1,-1,-1
2017370233345,2,21,0,18,0,8,0,0,0,0,3,1,6,1,64,9,12902,2,1,-1,-1,-1
2017370233347,1,9,0,9,0,1,0,0,0,0,1,1,6,1,32,6,2500,2,24,-1,-1,-1
2017370233347,2,9,0,18,0,1,0,0,0,0,1,1,6,2,44,7,1998,1,1,-1,-1,-1
2017370233384,1,9,0,18,0,8,0,0,0,0,1,1,5,2,60,9,1242,1,11,-1,-1,-1
2017370233384,2,1,0,18,0,8,0,0,0,0,0,1,6,1,11,3,-1,-1,-1,-1,-1,-1
2017370233386,1,8,0,5,0,0,0,0,0,0,3,1,1,1,65,9,1997,2,12,-1,-1,-1
2017370233386,2,1,0,18,4,0,0,0,0,0,1,1,5,1,17,4,-1,-1,-1,-1,-1,-1
2017370233423,1,9,0,18,0,0,0,0,0,0,1,1,5,1,55,8,-1,-1,-1,-1,-1,-1
2017370233447,1,9,0,18,0,4,0,0,0,0,1,1,6,3,-1,-1,1198,1,-1,-1,-1,-1
2017370233447,2,5,0,18,0,8,5,0,0,0,1,1,5,2,45,7,649,1,-1,-1,-1,-1
2017370233473,1,9,0,18,0,1,0,0,0,0,1,1,5,1,34,6,1992,2,10,-1,-1,-1
2017370233473,2,9,0,3,0,1,0,0,0,0,2,1,5,1,77,11,1197,1,-1,-1,-1,-1
2017370233499,1,9,0,5,0,1,0,0,0,0,1,1,6,1,70,10,1560,2,10,-1,-1,-1
2017370233499,2,9,0,9,0,1,0,0,0,0,1,1,5,1,41,7,-1,-1,-1,-1,-1,-1
2017370233658,1,9,0,18,0,0,0,0,0,0,3,1,5,1,65,9,1951,2,11,-1,-1,-1
2017370233658,2,9,0,4,0,0,0,0,0,0,1,1,5,2,23,5,1598,2,3,-1,-1,-1
2017370233777,1,9,0,9,0,8,0,0,0,0,1,1,5,2,77,11,1240,1,13,-1,-1,-1
2017370233777,2,9,0,18,0,8,0,0,0,0,4,1,2,1,43,7,1560,2,5,-1,-1,-1
2017370233795,1,9,0,5,0,0,0,0,0,0,0,1,6,1,74,10,1587,1,7,-1,-1,-1
2017370233797,1,9,0,18,0,0,0,0,0,0,4,1,5,2,51,8,1329,1,4,-1,-1,-1
2017370233797,2,1,0,18,0,0,0,0,0,0,1,1,5,1,16,4,-1,-1,-1,-1,-1,-1
2017370234040,1,19,0,1,0,8,0,0,0,0,2,1,1,1,47,8,2402,2,6,8,3,8
2017370234304,1,9,0,18,0,0,1,0,0,0,1,1,2,1,21,5,1422,2,8,10,1,10
2017370234304,2,9,0,18,0,0,0,0,0,0,1,1,3,1,17,4,1242,1,13,-1,-1,-1
2017370234314,1,9,0,16,0,0,1,0,0,0,1,1,6,1,54,8,1968,2,6,-1,-1,-1
2017370234314,2,11,0,17,0,0,1,0,1,11,1,1,1,1,44,7,5900,2,11,-1,-1,-1