Accident_Index,Vehicle_Reference,Vehicle_Type,Towing_and_Articulation,Vehicle_Manoeuvre,Vehicle_Location-Restricted_Lane,Junction_Location,Skidding_and_Overturning,Hit_Object_in_Carriageway,Vehicle_Leaving_Carriageway,Hit_Object_off_Carriageway,1st_Point_of_Impact,Was_Vehicle_Left_Hand_Drive?,Journey_Purpose_of_Driver,Sex_of_Driver,Age_of_Driver,Age_Band_of_Driver,Engine_Capacity_(CC),Propulsion_Code,Age_of_Vehicle,Driver_IMD_Decile,Driver_Home_Area_Type,Vehicle_IMD_Decile
2017370252162,1,9,0,18,0,2,0,0,0,0,1,1,1,1,25,5,1968,2,7,-1,-1,-1
2017370252162,2,9,0,18,0,2,0,0,0,0,2,1,1,2,49,8,1598,1,6,-1,-1,-1
2017370252169,1,21,4,5,0,0,0,0,0,0,1,1,1,1,50,8,12902,2,4,-1,-1,-1
2017370252200,1,1,0,18,0,0,0,0,0,0,1,1,2,1,33,6,-1,-1,-1,-1,-1,-1
2017370252200,2,9,0,2,0,0,0,0,0,0,2,1,6,3,-1,-1,-1,-1,-1,-1,-1,-1
2017370252236,1,9,0,18,0,0,1,0,1,4,1,1,6,1,17,4,1596,1,11,-1,-1,-1
2017370252236,2,9,0,18,0,0,0,0,0,0,2,1,5,2,21,5,1229,1,11,-1,-1,-1
2017370252285,1,21,4,6,0,0,0,0,0,0,3,1,1,1,31,6,11946,2,5,-1,-1,-1
2017370252285,2,9,0,18,0,0,0,0,0,0,4,1,5,1,18,4,1598,1,17,-1,-1,-1
2017370252293,1,19,0,9,0,8,0,0,0,0,3,1,1,1,28,6,2198,2,7,-1,-1,-1
2017370252293,2,1,0,18,0,8,0,0,0,0,1,1,6,1,45,7,-1,-1,-1,-1,-1,-1
2017370252373,1,9,0,18,0,0,1,0,0,0,1,1,6,2,36,7,1242,1,1,-1,-1,-1
2017370252373,2,9,0,2,0,0,0,0,0,0,2,1,6,3,-1,-1,-1,-1,-1,-1,-1,-1
2017370252373,3,9,0,2,0,0,0,0,0,0,2,1,6,3,-1,-1,-1,-1,-1,-1,-1,-1
2017370252376,1,9,0,5,0,0,1,0,0,0,1,1,5,1,40,7,1999,1,12,-1,-1,-1
2017370252407,1,9,0,17,0,0,2,0,1,0,1,1,5,1,18,4,1968,2,10,-1,-1,-1
2017370252414,1,9,0,17,0,0,1,0,1,4,1,1,1,1,32,6,1400,2,10,-1,-1,-1
2017370252423,1,9,0,18,0,0,2,0,1,3,1,1,5,1,18,4,1596,1,14,-1,-1,-1
2017370252439,1,9,0,18,0,0,1,0,1,0,1,1,5,2,35,6,1796,1,10,-1,-1,-1
2017370252458,1,9,0,18,0,0,1,0,7,2,3,1,5,2,58,9,1685,2,-1,-1,-1,-1
2017370252465,1,9,0,1,0,0,0,0,0,0,2,1,1,2,39,7,1560,2,3,-1,-1,-1
2017370252484,1,9,0,18,0,4,0,0,0,0,3,1,6,1,38,7,1910,2,10,-1,-1,-1
2017370252484,2,9,0,18,0,8,0,0,0,0,1,1,6,1,34,6,1598,2,4,-1,-1,-1
2017370252494,1,9,0,4,0,0,1,0,0,0,1,1,2,2,25,5,1242,1,7,-1,-1,-1
2017370252496,1,9,0,14,0,1,0,0,0,0,1,1,3,2,19,4,1240,1,12,-1,-1,-1
2017370252496,2,9,0,18,0,1,0,0,0,0,1,1,1,2,55,8,-1,-1,-1,-1,-1,-1
2017370252499,1,9,0,18,0,1,0,0,0,0,1,1,6,2,25,5,1390,1,11,-1,-1,-1
2017370252499,2,9,0,3,0,1,0,0,0,0,2,1,3,1,54,8,1199,2,6,-1,-1,-1
2017370252515,1,9,0,16,0,0,1,0,1,0,4,1,2,2,22,5,-1,-1,-1,-1,-1,-1
2017370252532,1,9,0,18,0,0,0,0,0,0,3,1,6,3,-1,-1,-1,-1,-1,-1,-1,-1
2017370252532,2,9,0,18,0,0,0,0,0,0,3,1,1,1,23,5,1124,1,12,-1,-1,-1
2017370252535,1,9,0,17,0,7,0,0,0,0,1,1,1,1,55,8,1242,1,11,4,1,4
2017370252557,1,9,0,9,0,0,0,0,0,0,3,1,6,1,39,7,1596,1,12,-1,-1,-1
2017370252557,2,19,0,18,0,0,0,0,0,0,1,1,5,1,28,6,2402,2,16,-1,-1,-1
2017370252569,1,9,0,2,0,0,0,0,0,0,2,1,6,3,-1,-1,-1,-1,-1,-1,-1,-1
2017370252574,1,9,0,18,0,1,0,0,0,0,1,1,6,1,-1,-1,1995,2,11,-1,-1,-1
2017370252574,2,9,0,3,0,1,0,0,0,0,2,1,5,2,58,9,1461,2,13,-1,-1,-1
2017370252587,1,9,0,5,0,0,0,0,0,0,3,1,6,1,83,11,1997,2,14,-1,-1,-1
2017370252587,2,9,0,3,0,0,0,0,0,0,0,1,5,1,19,4,1598,1,13,-1,-1,-1
2017370252625,1,9,0,18,0,0,0,0,0,0,1,1,5,1,19,4,1360,1,12,1,1,1
2017370252625,2,1,0,18,0,0,0,0,0,0,2,1,5,1,57,9,-1,-1,-1,9,3,9
2017370253140,1,9,0,5,0,1,0,0,0,0,3,1,5,1,23,5,1197,1,1,-1,-1,-1
2017370253140,2,1,0,18,0,1,0,0,0,0,1,1,2,1,57,9,-1,-1,-1,-1,-1,-1
2017370253163,1,9,0,16,0,0,1,0,0,0,1,1,1,1,27,6,1206,1,7,-1,-1,-1
2017370253163,2,21,0,17,0,0,1,0,0,0,1,1,1,1,32,6,6370,2,8,-1,-1,-1
2017370253178,1,9,0,1,0,0,0,0,0,0,2,1,5,2,52,8,1560,2,4,-1,-1,-1
2017370253337,1,9,0,18,0,2,0,0,0,0,1,1,1,2,-1,-1,1910,2,10,-1,-1,-1
2017370253337,2,9,0,18,0,6,0,0,0,0,3,1,5,2,42,7,1560,2,10,-1,-1,-1
2017370253381,1,9,0,18,0,0,0,0,0,0,2,1,1,1,28,6,-1,-1,-1,-1,-1,-1
2017370253569,1,9,0,14,0,2,0,0,0,0,3,1,2,1,32,6,1783,1,16,2,1,2
2017370253569,2,9,0,18,0,1,0,0,0,0,3,1,5,1,22,5,1199,1,14,6,2,6
2017370253651,1,9,0,18,0,8,0,0,0,0,1,1,5,2,52,8,1618,1,1,-1,-1,-1
2017370253651,2,9,0,18,0,8,0,0,0,0,1,1,5,2,46,8,1248,1,-1,-1,-1,-1
2017370253674,1,9,0,18,0,0,0,0,1,11,3,1,2,1,17,4,1461,2,10,-1,-1,-1
2017370253674,2,9,0,2,0,0,0,0,0,0,2,1,5,1,63,9,-1,-1,-1,-1,-1,-1
2017370253683,1,9,0,18,0,0,0,0,0,0,3,1,6,1,70,10,-1,-1,-1,-1,-1,-1
2017370253720,1,2,0,18,0,0,0,0,0,0,1,1,1,1,57,9,49,1,10,-1,-1,-1
2017370253721,1,3,0,16,0,0,2,0,0,0,3,1,2,1,20,4,125,1,-1,10,1,10
2017370253827,1,9,0,3,0,1,1,0,0,0,1,1,2,1,27,6,2148,2,12,-1,-1,-1
2017370253827,2,9,0,4,0,1,1,0,0,0,2,1,2,2,28,6,1598,1,10,-1,-1,-1
2017370253827,3,9,0,18,0,8,0,0,0,0,1,1,2,1,77,11,-1,-1,-1,-1,-1,-1
2017370253855,1,9,0,18,0,1,0,0,0,0,4,1,5,1,18,4,1198,1,11,-1,-1,-1
2017370253855,2,9,0,18,0,1,0,0,0,0,1,1,5,2,51,8,1797,8,2,-1,-1,-1
2017370254453,1,9,0,9,0,6,0,0,0,0,3,1,5,2,57,9,1461,2,1,-1,-1,-1
2017370254453,2,5,0,18,0,1,0,0,0,0,1,1,1,1,62,9,680,1,12,-1,-1,-1
2017370254535,1,9,0,1,0,0,0,0,4,0,1,1,6,1,71,10,1560,2,4,-1,-1,-1
2017370254535,2,9,0,4,0,0,0,0,0,0,2,1,5,2,45,7,1596,1,6,-1,-1,-1
2017370254535,3,9,0,4,0,0,0,0,0,0,1,1,6,2,37,7,998,1,16,-1,-1,-1
2017370254566,1,21,0,12,0,3,0,0,0,0,1,1,1,1,24,5,6700,2,3,-1,-1,-1
2017370254566,2,9,0,18,0,3,0,0,0,0,4,1,1,2,33,6,1397,1,9,-1,-1,-1
2017370254685,1,9,0,1,0,0,0,0,0,0,2,1,5,1,44,7,1596,1,12,-1,-1,-1
2017370254746,1,9,0,18,0,0,5,0,0,0,1,1,1,1,41,7,1339,8,4,-1,-1,-1
2017370254746,2,9,0,2,0,0,0,0,0,0,4,1,5,2,30,6,1242,1,12,-1,-1,-1
2017370254746,3,9,0,2,0,0,0,0,0,0,3,1,5,2,43,7,1997,2,9,-1,-1,-1
2017370255374,1,9,0,18,0,0,0,0,1,4,4,1,5,1,24,5,1998,1,14,-1,-1,-1
2017370255485,1,9,0,18,0,1,0,0,0,0,1,1,5,1,55,8,1870,2,11,-1,-1,-1
2017370255485,2,9,0,18,0,1,0,0,0,0,2,1,2,2,22,5,1390,1,18,-1,-1,-1
2017370255485,3,9,0,18,0,1,0,0,0,0,2,1,5,2,52,8,3456,8,1,-1,-1,-1
2017370255638,1,9,0,18,0,0,0,0,0,0,1,1,5,1,77,11,998,1,1,-1,-1,-1
2017370255638,2,19,0,18,0,0,0,0,0,0,2,1,1,1,-1,-1,2143,2,1,-1,-1,-1
2017370255727,1,9,0,18,0,4,0,0,0,0,1,1,2,2,21,5,1968,2,11,-1,-1,-1
2017370255727,2,9,0,18,0,4,0,0,0,0,2,1,5,1,50,8,1997,2,10,-1,-1,-1
2017370255747,1,9,0,18,0,0,0,0,0,0,1,1,6,1,65,9,1598,2,3,-1,-1,-1
2017370255747,2,1,0,18,0,0,0,0,0,0,1,1,6,1,20,4,-1,-1,-1,-1,-1,-1
2017370255865,1,9,0,18,0,0,0,0,0,0,1,1,6,1,47,8,1242,1,9,-1,-1,-1
2017370255934,1,9,0,18,0,0,0,0,0,0,1,1,6,1,85,11,1061,1,12,-1,-1,-1
2017370255969,1,19,0,18,0,0,0,0,0,0,1,1,5,1,35,6,1995,2,9,-1,-1,-1
2017370255969,2,9,0,4,0,0,0,0,0,0,2,1,5,2,27,6,1896,2,7,-1,-1,-1
2017370256004,1,9,0,18,0,0,1,0,0,0,4,1,2,1,31,6,998,1,4,-1,-1,-1
2017370256004,2,9,0,4,0,0,0,0,0,0,2,1,5,2,35,6,1124,1,16,-1,-1,-1
2017370256024,1,9,0,18,0,0,0,0,0,0,2,1,5,1,23,5,1388,1,14,-1,-1,-1
2017370256090,1,9,0,18,0,6,0,0,0,0,3,1,6,1,83,11,1596,1,6,-1,-1,-1
2017370256090,2,9,0,18,0,1,0,0,0,0,4,1,6,2,28,6,998,1,4,-1,-1,-1
2017370256207,1,9,0,18,0,0,1,0,0,0,1,1,1,1,41,7,-1,-1,-1,-1,-1,-1
2017370256207,2,9,0,18,0,0,1,0,0,0,1,1,5,1,31,6,1360,1,13,-1,-1,-1
2017370256234,1,9,0,18,0,8,0,0,0,0,1,1,5,1,69,10,1598,2,4,3,1,3
2017370256323,1,9,0,7,0,4,0,0,0,0,0,1,6,1,45,7,1995,2,1,-1,-1,-1
2017370256323,2,5,0,18,0,8,5,0,0,0,0,1,5,1,55,8,649,1,8,-1,-1,-1
2017370256344,1,9,0,18,0,8,0,0,0,0,3,1,5,2,77,11,1560,2,6,-1,-1,-1
2017370256344,2,9,0,18,0,1,0,0,0,0,1,1,5,2,50,8,1995,2,3,-1,-1,-1
2017370256415,1,9,0,4,0,0,0,0,0,0,2,1,5,1,20,4,2926,2,13,-1,-1,-1
2017370256415,2,9,0,18,0,0,0,0,0,0,2,1,1,1,34,6,1499,2,1,-1,-1,-1
2017370256415,3,9,0,18,0,0,0,0,0,0,1,1,1,1,33,6,2993,2,2,-1,-1,-1
2017370256415,4,9,0,18,0,0,0,0,0,0,4,1,1,1,32,6,1560,2,5,-1,-1,-1
2017370256444,1,9,0,18,0,0,1,0,0,0,1,1,5,1,65,9,1588,1,16,-1,-1,-1
2017370256444,2,9,0,18,0,0,2,0,1,0,1,1,2,2,20,4,1198,1,12,-1,-1,-1
2017370256444,3,9,0,18,0,0,1,0,0,0,0,1,2,2,23,5,1248,2,4,-1,-1,-1
2017370257194,1,9,4,18,0,0,2,0,1,0,0,1,5,2,61,9,-1,-1,-1,-1,-1,-1
2017370257194,2,9,0,18,0,0,0,0,0,0,3,1,5,2,66,10,1461,2,2,-1,-1,-1
2017370257194,3,9,0,18,0,0,0,0,0,0,1,1,5,2,27,6,1968,2,8,-1,-1,-1
2017370257214,1,3,0,18,0,0,2,0,0,0,0,1,5,2,17,4,125,1,2,-1,-1,-1
2017370257282,1,21,1,18,0,0,0,0,1,0,4,1,1,1,47,8,12740,2,4,-1,-1,-1
2017370257310,1,9,0,9,0,6,0,0,0,0,1,1,6,1,59,9,1496,2,3,-1,-1,-1
2017370257310,2,9,0,14,0,1,5,0,0,0,1,1,6,1,31,6,-1,-1,-1,-1,-1,-1
2017370257310,3,9,0,3,0,2,0,0,0,0,3,1,6,2,46,8,1910,2,11,-1,-1,-1
2017370257310,4,9,0,3,0,2,0,0,0,0,2,1,6,2,70,10,1560,2,7,-1,-1,-1
2017370257358,1,98,0,18,0,0,0,0,0,0,4,1,6,3,-1,-1,-1,-1,-1,-1,-1,-1
2017370257358,2,9,0,18,0,0,0,0,1,0,3,1,5,1,53,8,1360,1,13,-1,-1,-1
2017370257379,1,9,0,4,0,8,1,0,1,0,1,1,2,1,30,6,2231,2,12,-1,-1,-1
2017370257381,1,9,0,18,0,1,0,0,0,0,1,1,5,1,30,6,1769,1,15,-1,-1,-1
2017370257381,2,9,0,4,0,1,0,0,0,0,2,1,5,1,46,8,2295,1,17,-1,-1,-1
2017370257387,1,9,0,18,0,0,0,0,0,0,1,1,5,2,53,8,1596,1,15,-1,-1,-1
2017370257387,2,9,0,18,0,0,0,0,0,0,2,1,1,1,56,9,2967,2,1,-1,-1,-1
2017370257394,1,9,0,18,0,0,0,0,0,0,3,1,5,1,21,5,1242,1,4,-1,-1,-1
2017370257394,2,9,0,18,0,0,0,0,0,0,1,1,6,2,40,7,3500,1,-1,-1,-1,-1
2017370257394,3,9,0,18,0,0,0,0,0,0,1,1,5,2,52,8,2495,2,24,-1,-1,-1
2017370257434,1,9,0,4,0,0,0,0,0,0,2,1,5,2,33,6,1769,1,15,-1,-1,-1
2017370257434,2,9,0,18,0,0,0,0,0,0,1,1,5,1,27,6,1596,1,12,-1,-1,-1
2017370257434,3,3,0,18,0,0,0,0,0,0,1,1,5,1,29,6,124,1,4,-1,-1,-1
2017370257469,1,98,1,12,0,0,0,0,0,0,3,1,1,1,27,6,-1,-1,-1,-1,-1,-1
2017370257469,2,9,0,18,0,0,0,0,1,0,4,1,2,2,36,7,1582,2,7,-1,-1,-1
2017370257505,1,2,0,4,0,1,0,0,0,0,2,1,6,2,23,5,50,1,-1,-1,-1,-1
2017370257505,2,9,0,10,0,1,0,0,0,0,2,1,6,1,21,5,1995,2,10,-1,-1,-1
2017370257522,1,9,0,4,0,0,0,0,0,0,1,1,2,1,18,4,1124,1,14,-1,-1,-1
2017370257522,2,9,0,4,0,0,0,0,0,0,1,1,2,2,47,8,1900,2,10,-1,-1,-1
2017370257553,1,9,0,18,0,1,0,0,0,0,1,1,6,2,56,9,1390,1,16,-1,-1,-1
2017370257566,1,9,0,18,0,1,0,0,0,0,2,1,5,2,78,11,1598,1,11,5,3,5
2017370257566,2,9,0,18,0,1,0,0,0,0,1,1,5,1,72,10,1997,2,-1,-1,-1,-1
2017370257736,1,9,0,1,9,0,0,0,0,0,0,1,6,3,-1,-1,-1,-1,-1,-1,-1,-1
2017370257780,1,9,0,18,0,0,0,0,0,0,1,1,5,1,22,5,1796,1,14,-1,-1,-1
2017370257780,2,9,0,9,0,0,0,0,0,0,1,1,5,2,64,9,1390,1,7,-1,-1,-1
2017370257800,1,9,0,4,0,2,0,0,0,0,1,1,5,1,21,5,1390,1,13,-1,-1,-1
2017370257826,1,9,0,18,0,8,0,0,0,0,2,1,5,1,-1,-1,1968,2,4,-1,-1,-1
2017370257826,2,1,0,18,0,8,0,0,0,0,1,1,6,1,49,8,-1,-1,-1,-1,-1,-1
2017370257845,1,19,0,4,0,1,0,0,0,0,1,1,1,1,35,6,2402,2,12,-1,-1,-1
2017370257845,2,9,0,4,0,1,0,0,0,0,2,1,1,1,41,7,1560,2,2,-1,-1,-1
2017370257859,1,9,0,18,0,0,0,0,0,0,4,1,6,3,-1,-1,-1,-1,-1,-1,-1,-1
2017370257897,1,9,0,5,0,2,0,0,0,0,1,1,2,2,19,4,1686,2,16,-1,-1,-1
2017370257897,2,1,0,18,0,1,0,0,0,0,1,1,5,1,72,10,-1,-1,-1,6,1,6
2017370257942,1,9,0,16,0,1,0,0,0,0,1,1,5,2,64,9,999,1,1,-1,-1,-1
2017370257942,2,9,0,16,0,1,0,0,0,0,1,1,5,1,63,9,1248,1,6,-1,-1,-1
2017370257982,1,9,0,1,0,0,0,0,0,0,2,1,6,2,68,10,1499,2,4,-1,-1,-1
2017370257993,1,9,0,18,0,8,0,0,0,0,1,1,6,3,-1,-1,-1,-1,-1,-1,-1,-1
2017370257993,2,9,0,4,0,8,0,0,0,0,2,1,5,2,29,6,1461,2,1,-1,-1,-1
2017370258012,1,9,0,5,0,2,0,0,0,0,1,1,5,1,88,11,1390,1,9,-1,-1,-1
2017370258012,2,9,0,18,0,1,2,0,0,0,1,1,5,1,19,4,-1,-1,-1,-1,-1,-1
2017370258055,1,9,0,5,0,1,0,0,0,0,2,1,6,3,-1,-1,-1,-1,-1,-1,-1,-1
2017370258055,2,3,0,18,0,1,0,0,0,0,1,1,2,1,27,6,124,1,8,-1,-1,-1
2017370258117,1,9,0,18,0,8,0,0,0,0,1,1,6,2,-1,-1,1598,2,5,-1,-1,-1
2017370258117,2,9,0,18,0,8,0,0,0,0,3,1,5,2,32,6,1781,1,16,-1,-1,-1
2017370258145,1,9,0,17,0,0,1,0,7,9,3,1,1,1,37,7,-1,-1,-1,-1,-1,-1
2017370258260,1,9,0,18,0,4,1,10,1,1,3,1,2,1,20,4,1995,2,9,-1,-1,-1
2017370258260,2,9,0,18,0,8,0,0,0,0,1,1,5,2,26,6,999,1,-1,-1,-1,-1
2017370258325,1,9,0,18,0,0,0,0,0,0,1,1,6,2,35,6,3000,1,4,-1,-1,-1
2017370258325,2,3,0,18,0,0,0,0,0,0,1,1,6,1,33,6,125,1,-1,-1,-1,-1
2017370258353,1,9,0,18,0,1,0,0,0,0,1,1,5,1,22,5,1968,2,6,-1,-1,-1
2017370258405,1,9,0,18,0,8,1,0,7,3,4,1,5,1,28,6,2143,2,4,-1,-1,-1
2017370258405,2,9,0,2,0,2,0,0,0,0,1,1,6,3,-1,-1,-1,-1,-1,-1,-1,-1
2017370258405,3,9,0,2,0,2,0,0,0,0,2,1,6,3,-1,-1,-1,-1,-1,-1,-1,-1
2017370258405,4,9,0,2,0,1,0,0,0,0,2,1,6,3,-1,-1,-1,-1,-1,-1,-1,-1
2017370258503,1,9,0,7,0,6,0,0,0,0,3,1,2,2,36,7,1997,1,10,-1,-1,-1
2017370258503,2,1,0,18,0,8,2,0,0,0,4,1,5,2,63,9,-1,-1,-1,-1,-1,-1
2017370258552,1,9,0,18,0,4,0,0,0,0,1,1,6,2,49,8,1598,1,14,-1,-1,-1
2017370258552,2,9,0,18,0,8,0,0,0,0,3,1,2,2,25,5,1240,1,14,-1,-1,-1
2017370258693,1,9,0,18,0,3,1,0,1,11,1,1,5,1,18,4,1198,1,13,-1,-1,-1
2017370258944,1,9,0,18,0,0,0,7,0,0,1,1,5,1,23,5,1794,1,17,-1,-1,-1
2017370258968,1,9,0,18,0,0,0,0,0,0,1,1,5,1,55,8,1197,1,1,5,2,5
2017370258970,1,9,0,18,0,1,0,0,0,0,3,1,2,2,25,5,1995,2,4,-1,-1,-1
2017370258993,1,9,0,5,0,0,0,0,0,0,1,1,6,2,50,8,1242,1,9,6,1,6
2017370258993,2,1,0,5,0,0,0,0,0,0,3,1,6,1,22,5,-1,-1,-1,-1,-1,-1
2017370259281,1,9,0,18,0,8,0,0,1,0,3,1,1,2,18,4,1198,1,13,-1,-1,-1
2017370259281,2,9,0,18,0,8,0,0,0,0,1,1,6,1,50,8,1388,1,14,-1,-1,-1
2017370259322,1,9,0,18,0,0,0,0,0,0,1,1,6,1,26,6,1995,2,8,-1,-1,-1
2017370259322,2,9,0,18,0,0,0,0,0,0,1,1,6,1,48,8,1198,1,15,-1,-1,-1
2017370259322,3,9,0,18,0,0,0,0,0,0,1,1,6,1,42,7,-1,-1,-1,-1,-1,-1
2017370259359,1,9,0,18,0,0,0,0,0,0,3,1,6,1,31,6,1560,2,2,-1,-1,-1
2017370259359,2,9,0,2,0,0,0,0,0,0,3,1,6,3,-1,-1,-1,-1,-1,-1,-1,-1
2017370259359,3,9,0,2,0,0,0,0,0,0,2,1,6,3,-1,-1,-1,-1,-1,-1,-1,-1
2017370259392,1,9,0,18,0,0,0,0,0,0,1,1,6,1,55,8,-1,-1,-1,-1,-1,-1
2017370259412,1,9,0,18,0,1,0,0,0,0,1,1,5,1,21,5,999,1,20,-1,-1,-1
2017370259412,2,90,0,18,0,1,0,0,0,0,0,1,5,1,16,4,-1,-1,-1,-1,-1,-1
2017370259449,1,9,0,18,0,0,0,0,0,0,1,1,6,2,27,6,1364,1,9,-1,-1,-1
2017370260084,1,98,4,18,0,0,0,0,0,0,1,1,6,3,-1,-1,-1,-1,-1,-1,-1,-1
2017370260084,2,1,0,18,0,0,5,0,0,0,2,1,6,1,9,2,-1,-1,-1,-1,-1,-1
2017370260319,1,9,0,9,0,5,0,0,0,0,4,1,5,1,65,9,1364,1,-1,-1,-1,-1
2017370260319,2,9,0,18,0,1,2,0,0,0,1,1,2,1,24,5,-1,-1,-1,-1,-1,-1
2017370260340,1,9,0,9,0,6,0,0,0,0,1,1,2,1,45,7,1895,1,17,-1,-1,-1
2017370260340,2,9,0,18,0,1,0,0,0,0,1,1,5,1,25,5,-1,-1,-1,-1,-1,-1
2017370260388,1,9,0,4,0,0,0,0,0,0,1,1,1,2,47,8,1388,1,14,-1,-1,-1
2017370260388,2,9,0,4,0,0,0,0,0,0,2,1,5,1,67,10,1197,1,1,-1,-1,-1
2017370260400,1,9,0,18,0,1,0,0,0,0,1,1,5,1,28,6,1994,1,13,-1,-1,-1
2017370260400,2,9,0,4,0,1,0,0,0,0,2,1,5,1,32,6,1598,1,11,-1,-1,-1
2017370260555,1,9,0,18,0,0,0,0,0,0,1,1,5,2,69,10,1360,1,6,-1,-1,-1
2017370260555,2,9,0,3,0,0,0,0,0,0,2,1,5,2,25,5,1968,2,6,-1,-1,-1
2017370260688,1,1,0,18,0,2,0,0,0,0,4,1,6,1,40,7,-1,-1,-1,-1,-1,-1
2017370260688,2,9,0,18,0,6,0,0,0,0,3,1,5,1,36,7,1395,1,-1,-1,-1,-1
2017370261031,1,9,0,7,0,6,0,0,0,0,1,1,6,2,23,5,-1,-1,-1,-1,-1,-1
2017370261031,2,97,0,18,0,1,2,0,0,0,1,1,6,1,18,4,-1,-1,-1,-1,-1,-1
2017370261276,1,9,0,18,0,8,0,0,0,0,1,1,5,2,68,10,1242,1,3,-1,-1,-1
2017370261564,1,9,0,18,0,0,0,0,0,0,4,1,1,2,22,5,1349,1,6,-1,-1,-1
2017370263159,1,9,0,9,0,8,0,0,0,0,1,1,6,1,22,5,1596,1,13,-1,-1,-1
2017370263159,2,9,0,18,0,8,0,0,0,0,1,1,5,1,45,7,1798,1,13,-1,-1,-1
2017370263487,1,9,0,16,0,0,0,0,7,0,1,1,5,2,23,5,1240,1,7,-1,-1,-1
2017370263520,1,9,0,18,0,1,0,0,0,0,1,1,6,1,51,8,1968,2,12,-1,-1,-1
2017370263520,2,9,0,9,0,1,0,0,0,0,2,1,6,1,55,8,998,1,3,-1,-1,-1
2017370264441,1,9,0,18,0,4,0,0,0,0,1,1,5,1,28,6,1995,2,3,-1,-1,-1
2017370264557,1,9,0,18,0,1,2,0,7,0,4,1,5,2,32,6,2400,1,4,-1,-1,-1
2017370264557,2,9,0,18,0,8,1,0,7,0,1,1,5,1,50,8,1197,1,2,-1,-1,-1
2017370267398,1,9,0,9,0,6,0,0,0,0,4,1,5,2,43,7,1560,2,10,-1,-1,-1
2017370267398,2,1,0,3,0,5,0,0,0,0,1,1,6,2,61,9,-1,-1,-1,-1,-1,-1
2017370268059,1,9,0,18,0,1,0,0,0,0,3,1,2,2,28,6,1560,2,11,-1,-1,-1
2017370268059,2,1,0,18,0,6,0,0,0,0,1,1,6,1,11,3,-1,-1,-1,-1,-1,-1
2017370284757,1,9,0,18,0,0,1,0,0,0,1,1,5,2,34,6,1390,1,11,-1,-1,-1
2017370284757,2,9,0,4,0,0,0,0,0,0,2,1,5,2,67,10,1364,1,11,-1,-1,-1
2017370284757,3,9,0,18,0,0,0,0,0,0,1,1,2,2,31,6,1896,2,15,-1,-1,-1
2017370294647,1,9,0,18,0,0,0,0,0,0,1,1,2,1,30,6,-1,-1,-1,-1,-1,-1
2017370294647,2,5,0,18,0,0,0,0,0,0,3,1,6,1,52,8,1690,1,-1,-1,-1,-1
2017370312294,1,9,0,18,0,8,0,0,0,0,1,1,6,2,52,8,-1,-1,-1,-1,-1,-1
2017370312294,2,9,0,10,0,6,0,0,0,0,3,1,4,2,38,7,1986,1,7,-1,-1,-1
2017400142209,1,1,0,17,0,0,0,0,0,0,3,1,1,1,28,6,-1,-1,-1,9,2,9
2017400142209,2,20,0,17,0,0,0,0,0,0,4,1,5,1,59,9,2800,2,12,2,1,2
2017400142976,1,21,0,18,0,0,0,0,0,0,1,1,1,1,25,5,12777,2,3,9,1,9
2017400142976,2,9,0,18,0,0,0,0,1,0,1,1,6,2,33,6,2143,2,4,4,1,4
2017400142976,3,9,0,4,0,0,0,0,1,0,2,1,6,2,19,4,1299,1,11,5,1,5
2017400142976,4,9,0,4,0,0,0,0,0,0,2,1,6,1,53,8,2143,2,1,8,1,8
2017400142976,5,9,0,4,0,0,0,0,0,0,3,1,6,1,67,10,1586,1,1,10,1,10
2017400142976,6,9,0,4,0,0,0,0,0,0,2,1,6,1,56,9,1560,2,4,9,1,9
2017400142976,7,9,0,4,0,0,0,0,0,0,2,1,6,1,21,5,1395,1,1,-1,-1,-1
2017400144277,1,9,0,7,0,0,0,0,0,0,0,1,6,1,-1,-1,-1,-1,-1,-1,-1,-1
2017400144277,2,9,0,18,0,0,1,0,7,0,1,1,1,1,42,7,1388,1,15,3,1,3
2017400144277,3,9,0,18,0,0,1,0,0,0,1,1,1,1,67,10,1364,1,9,10,1,10
2017400144277,4,19,0,18,0,0,1,0,2,3,1,1,1,1,30,6,2402,2,6,9,2,9
2017400144397,1,9,0,2,0,1,0,0,0,0,0,1,6,3,-1,-1,-1,-1,-1,-1,-1,-1
2017400144397,2,9,0,18,0,2,0,0,0,0,2,1,6,2,18,4,1149,1,16,10,1,10
2017400146007,1,9,0,5,0,0,0,0,0,0,1,1,6,2,22,5,1398,1,1,3,1,3
2017400146007,2,9,0,18,0,0,0,0,0,0,3,1,6,2,56,9,998,1,4,3,1,3
2017400146069,1,9,0,18,0,0,1,0,4,0,1,1,5,2,31,6,1398,1,3,10,3,10
2017400146073,1,9,0,4,0,1,1,0,0,0,2,1,6,2,25,5,1968,2,11,2,1,2
2017400146073,2,9,0,10,0,1,0,0,0,0,2,1,6,2,-1,-1,-1,-1,-1,-1,-1,-1
2017400146073,3,9,0,4,0,1,1,0,0,0,1,1,6,1,-1,-1,2143,2,1,-1,-1,-1
2017400146126,1,9,0,18,0,0,0,0,0,0,1,1,5,2,37,7,1598,2,7,2,1,2
2017400146155,1,9,0,18,0,1,0,0,0,0,1,1,6,1,-1,-1,1364,1,8,-1,-1,-1
2017400146155,2,19,0,3,0,1,0,0,0,0,2,1,5,1,59,9,-1,-1,-1,5,1,5
2017400146237,1,2,0,7,0,8,0,0,0,0,1,1,6,1,25,5,49,1,2,6,3,6