Accident_Index,Vehicle_Reference,Vehicle_Type,Towing_and_Articulation,Vehicle_Manoeuvre,Vehicle_Location-Restricted_Lane,Junction_Location,Skidding_and_Overturning,Hit_Object_in_Carriageway,Vehicle_Leaving_Carriageway,Hit_Object_off_Carriageway,1st_Point_of_Impact,Was_Vehicle_Left_Hand_Drive?,Journey_Purpose_of_Driver,Sex_of_Driver,Age_of_Driver,Age_Band_of_Driver,Engine_Capacity_(CC),Propulsion_Code,Age_of_Vehicle,Driver_IMD_Decile,Driver_Home_Area_Type,Vehicle_IMD_Decile
2017400146237,2,9,4,18,0,8,0,0,0,0,3,1,6,2,63,9,1956,2,6,9,3,9
2017400146305,1,9,0,18,0,1,0,0,0,0,1,1,5,1,-1,-1,-1,-1,-1,10,1,10
2017400146305,2,9,0,3,0,1,0,0,0,0,2,1,2,2,23,5,1999,1,2,4,1,4
2017400146363,1,9,0,17,0,0,1,0,7,9,1,1,5,1,36,7,1595,1,17,3,1,3
2017400146440,1,90,0,18,0,0,0,0,0,0,3,1,1,3,-1,-1,-1,-1,-1,-1,-1,-1
2017400146440,2,8,0,13,0,0,0,0,0,0,4,1,1,1,-1,-1,-1,-1,-1,-1,-1,-1
2017400146469,1,9,0,18,0,1,0,0,0,0,1,1,6,2,52,8,1910,2,11,9,3,9
2017400146469,2,1,0,18,0,1,0,0,0,0,3,1,6,1,52,8,-1,-1,-1,1,1,1
2017400146492,1,9,0,13,0,0,1,0,7,9,1,1,2,1,58,9,1968,2,10,9,3,9
2017400147206,1,9,0,9,0,8,0,0,0,0,4,1,6,1,62,9,1968,2,2,10,1,10
2017400147206,2,90,0,18,0,8,0,0,0,0,1,1,6,2,63,9,278,1,2,1,1,1
2017400147238,1,9,0,18,0,3,1,0,1,0,1,1,6,1,17,4,1242,1,11,6,1,6
2017400147293,1,9,0,17,0,0,1,0,0,0,1,1,5,1,20,4,-1,-1,-1,9,2,9
2017400147293,2,9,0,16,0,0,1,0,0,0,1,1,5,2,54,8,1598,1,12,9,2,9
2017400147349,1,9,0,18,0,2,0,0,0,0,1,1,6,1,58,9,999,1,3,8,2,8
2017400147781,1,9,0,1,0,0,0,4,0,0,4,1,6,1,50,8,1198,1,3,10,1,10
2017400147781,2,9,0,2,0,0,0,0,0,0,3,1,6,1,33,6,2143,2,5,3,1,3
2017400147781,3,9,0,2,0,0,0,0,0,0,3,1,6,3,-1,-1,1199,2,6,-1,-1,-1
2017400147937,1,9,0,16,0,0,2,0,0,0,4,1,5,1,18,4,1360,1,12,9,3,9
2017400148127,1,9,0,18,0,0,0,0,5,6,1,1,6,1,49,8,1796,1,18,4,1,4
2017400148127,2,9,0,18,0,0,0,1,5,6,1,1,6,1,30,6,1388,1,14,4,1,4
2017400148411,1,9,0,14,0,0,0,0,0,0,1,1,5,2,51,8,1598,1,1,7,1,7
2017400148411,2,9,0,14,0,0,0,0,0,0,1,1,5,2,48,8,1686,2,10,7,1,7
2017400148411,3,98,0,2,0,0,0,0,0,0,4,1,5,2,24,5,-1,-1,-1,9,3,9
2017400148437,1,9,0,18,0,0,2,0,1,11,3,1,5,1,38,7,1242,1,10,8,3,8
2017400148443,1,9,0,1,0,0,0,0,0,0,2,1,5,2,76,11,2204,2,11,2,1,2
2017400148609,1,19,0,5,0,4,0,0,0,0,3,1,1,1,33,6,2287,2,5,3,1,3
2017400148609,2,1,0,9,0,8,0,0,0,0,4,1,6,1,37,7,-1,-1,-1,4,1,4
2017400148664,1,9,0,17,0,0,0,0,1,0,1,1,6,1,32,6,2354,1,11,10,2,10
2017400148721,1,9,0,16,0,0,1,0,1,0,1,1,6,1,61,9,1560,2,6,3,1,3
2017400148758,1,9,0,4,0,0,1,0,0,0,3,1,5,2,24,5,998,1,4,2,1,2
2017400148793,1,9,0,2,0,0,0,0,0,0,0,1,6,3,-1,-1,-1,-1,-1,-1,-1,-1
2017400148793,2,9,0,4,0,0,0,0,0,0,3,1,2,2,21,5,1299,1,16,9,1,9
2017400148807,1,9,0,9,0,8,0,0,0,0,1,1,6,1,85,11,2967,2,4,8,2,8
2017400148807,2,21,0,18,0,8,0,0,0,0,1,1,6,1,34,6,10518,2,4,6,2,6
2017400148854,1,5,0,13,0,0,0,0,0,0,4,1,6,2,34,6,999,1,10,7,1,7
2017400148854,2,9,0,12,0,0,0,0,0,0,3,1,6,1,39,7,1995,2,12,5,1,5
2017400148854,3,9,0,18,0,0,0,0,0,0,2,1,6,1,43,7,1242,1,8,7,3,7
2017400148898,1,9,0,13,0,8,0,0,0,0,4,1,6,1,26,6,1896,2,15,5,1,5
2017400148898,2,9,0,9,0,8,1,0,0,0,3,1,2,1,28,6,1242,1,3,7,1,7
2017400148921,1,9,0,5,0,1,0,0,0,0,1,1,6,2,39,7,1364,1,10,10,1,10
2017400148926,1,9,0,9,0,8,0,0,0,0,1,1,5,1,80,11,1998,1,-1,-1,-1,-1
2017400148926,2,9,0,18,0,8,0,0,0,0,1,1,5,2,49,8,998,1,4,9,1,9
2017400148955,1,9,0,18,0,1,0,0,0,0,2,1,5,1,52,8,1796,1,12,8,1,8
2017400148955,2,9,0,18,0,1,0,0,0,0,1,1,6,3,-1,-1,3189,1,10,-1,-1,-1
2017400149012,1,9,0,9,0,8,0,0,0,0,1,1,6,2,27,6,1900,2,13,3,1,3
2017400149012,2,1,0,18,0,8,0,0,0,0,1,1,6,1,30,6,-1,-1,-1,4,1,4
2017400149047,1,98,0,1,0,0,0,4,0,0,2,1,1,1,-1,-1,-1,-1,-1,-1,-1,-1
2017400149047,2,19,0,2,0,0,0,0,0,0,2,1,1,1,48,8,2198,2,2,1,1,1
2017400149064,1,19,0,18,0,0,0,0,0,0,1,1,6,1,32,6,1753,2,11,2,1,2
2017400149064,2,9,0,3,0,0,0,0,0,0,2,1,6,1,33,6,1968,2,4,2,1,2
2017400149064,3,9,0,3,0,0,0,0,0,0,2,1,6,2,28,6,1686,2,7,2,1,2
2017400149088,1,98,0,12,0,1,0,0,0,0,1,1,1,1,-1,-1,-1,-1,-1,-1,-1,-1
2017400149088,2,5,0,3,0,1,0,0,0,0,4,1,2,1,49,8,998,1,15,10,1,10
2017400149100,1,9,0,9,0,2,0,0,0,0,3,1,6,3,-1,-1,-1,-1,-1,-1,-1,-1
2017400149143,1,19,0,18,0,0,0,0,0,0,1,1,1,1,23,5,1248,2,5,5,1,5
2017400149143,2,9,0,4,0,0,0,0,0,0,2,1,1,1,49,8,-1,-1,-1,5,3,5
2017400149143,3,21,4,4,0,0,0,0,0,0,2,1,1,1,42,7,4580,2,4,4,3,4
2017400149194,1,1,0,16,0,0,1,0,0,0,4,1,6,1,69,10,-1,-1,-1,9,2,9
2017400149248,1,9,0,13,0,1,0,0,1,0,1,1,2,2,19,4,1198,1,4,5,1,5
2017400149248,2,9,0,18,0,1,0,0,1,0,1,1,2,1,47,8,1395,1,4,7,2,7
2017400149248,3,9,0,18,0,1,0,0,0,0,0,1,6,2,55,8,2495,1,16,5,2,5
2017400149252,1,9,0,9,0,8,0,0,0,0,1,1,6,2,45,7,1910,2,10,10,2,10
2017400149252,2,9,0,18,0,8,1,0,0,0,4,1,6,2,46,8,1124,1,19,6,1,6
2017400149335,1,1,0,18,0,0,0,0,0,0,4,1,2,2,63,9,-1,-1,-1,7,1,7
2017400149335,2,9,0,18,0,0,0,0,0,0,1,1,2,1,51,8,1598,1,12,7,1,7
2017400149362,1,9,0,3,0,1,0,0,0,0,1,1,3,2,39,7,1560,2,2,9,2,9
2017400149367,1,9,0,18,0,0,0,0,0,0,1,1,6,3,-1,-1,1339,1,14,-1,-1,-1
2017400149398,1,9,0,9,0,8,0,0,0,0,1,1,6,2,41,7,1896,2,13,3,1,3
2017400149398,2,1,0,18,0,8,0,0,0,0,1,1,6,1,42,7,-1,-1,-1,2,1,2
2017400149640,1,9,0,18,0,0,0,0,0,0,3,1,6,1,18,4,1598,2,5,8,1,8
2017400149640,2,9,0,13,0,0,0,0,0,0,4,1,6,1,-1,-1,1968,2,2,-1,-1,-1
2017400149640,3,9,0,18,0,0,0,0,0,0,2,1,6,1,-1,-1,2000,2,10,3,1,3
2017400149658,1,19,0,18,0,0,0,0,0,0,1,1,6,1,33,6,1560,2,3,5,1,5
2017400149658,2,9,0,2,0,0,0,0,1,0,2,1,6,3,-1,-1,1598,2,3,-1,-1,-1
2017400149706,1,9,0,13,0,0,0,0,0,0,4,1,6,3,-1,-1,-1,-1,-1,-1,-1,-1
2017400149706,2,1,0,18,0,0,0,10,1,0,3,1,6,1,38,7,-1,-1,-1,6,2,6
2017400149880,1,9,0,18,0,0,0,0,0,0,1,1,6,1,27,6,1794,1,15,8,1,8
2017400149880,2,9,0,4,0,0,0,0,0,0,2,1,6,1,35,6,1997,2,9,2,1,2
2017400150103,1,9,0,17,0,0,2,0,1,0,3,1,5,1,27,6,1360,1,11,6,2,6
2017400150129,1,9,0,18,0,0,0,0,0,0,1,1,6,3,-1,-1,1968,2,7,-1,-1,-1
2017400150129,2,9,0,3,0,0,0,0,0,0,2,1,6,2,36,7,1796,1,11,10,1,10
2017400150250,1,9,0,18,0,0,0,0,0,0,3,1,6,1,36,7,1329,1,6,-1,-1,-1
2017400150360,1,9,0,18,0,0,0,0,0,0,1,1,6,3,-1,-1,1149,1,3,-1,-1,-1
2017400150360,2,9,0,3,0,0,0,0,0,0,2,1,1,1,33,6,1995,2,4,10,1,10
2017400150385,1,9,0,9,0,2,0,0,0,0,3,1,6,1,36,7,1560,2,3,5,1,5
2017400150418,1,9,0,18,0,0,0,0,0,0,1,1,6,1,24,5,1956,2,7,7,1,7
2017400150418,2,9,0,18,0,0,0,0,0,0,2,1,6,1,41,7,1198,1,11,4,1,4
2017400150483,1,9,0,4,0,1,0,0,0,0,2,1,6,1,22,5,1242,1,6,2,1,2
2017400150483,2,9,0,18,0,1,0,0,0,0,1,1,6,1,20,4,1124,1,14,8,1,8
2017400150500,1,1,-1,18,0,0,0,0,0,0,3,1,5,2,-1,-1,-1,-1,-1,7,2,7
2017400150500,2,9,0,18,0,0,0,0,0,0,1,1,6,2,-1,-1,-1,-1,-1,-1,-1,-1
2017400150518,1,9,0,18,0,0,0,0,0,0,1,1,6,3,-1,-1,1956,2,6,-1,-1,-1
2017400150586,1,9,0,18,0,0,0,0,0,0,1,1,3,2,25,5,1598,1,14,3,1,3
2017400150618,1,9,0,7,0,1,0,0,0,0,0,1,5,1,66,10,1686,2,23,4,1,4
2017400150618,2,1,0,18,0,1,0,0,0,0,2,1,5,2,48,8,-1,-1,-1,1,1,1
2017400150631,1,19,0,18,0,0,1,0,7,0,1,1,5,1,55,8,2198,2,5,7,3,7
2017400150631,2,9,0,18,0,0,2,0,0,0,1,1,6,2,43,7,1968,2,2,8,3,8
2017400150645,1,9,0,18,0,5,0,0,0,0,4,1,6,1,20,4,998,1,6,9,1,9
2017400150645,2,9,0,18,0,8,0,0,0,0,1,1,6,1,32,6,1995,2,13,5,1,5
2017400150669,1,9,0,16,0,0,2,0,0,0,4,1,3,2,39,7,1199,1,16,7,3,7
2017400150675,1,9,0,5,0,1,0,0,0,0,1,1,3,1,49,8,-1,-1,-1,6,1,6
2017400150742,1,9,0,18,0,0,0,0,0,0,1,1,6,3,-1,-1,1229,1,10,-1,-1,-1
2017400150742,2,9,0,3,0,0,0,0,0,0,3,1,6,1,27,6,1896,2,11,5,1,5
2017400150813,1,9,0,18,0,1,1,4,3,6,1,1,6,3,-1,-1,1968,2,1,-1,-1,-1
2017400150813,2,9,0,18,0,1,0,0,0,0,0,1,1,1,24,5,1248,2,3,2,1,2
2017400150813,3,9,0,2,0,2,0,0,0,0,4,1,6,3,-1,-1,-1,-1,-1,-1,-1,-1
2017400150816,1,98,0,17,0,8,1,6,1,7,4,1,1,1,41,7,-1,-1,-1,7,1,7
2017400150828,1,9,0,16,0,0,1,0,7,4,1,1,2,1,25,5,1988,1,17,2,1,2
2017400150829,1,9,0,12,0,0,0,0,0,0,1,1,6,2,76,11,1986,1,26,5,1,5
2017400150829,2,9,0,18,0,0,0,0,0,0,1,1,6,1,33,6,1910,2,11,4,1,4
2017400150829,3,9,0,18,0,0,0,0,0,0,1,1,6,2,47,8,1995,2,4,9,3,9
2017400150867,1,9,0,18,0,0,0,0,0,0,1,1,3,2,47,8,1396,1,1,10,2,10
2017400150876,1,9,0,3,0,8,0,0,0,0,2,1,6,1,-1,-1,1968,2,12,1,1,1
2017400150876,2,19,0,5,0,1,0,0,0,0,1,1,6,1,24,5,1598,2,2,9,1,9
2017400150881,1,9,0,9,0,1,0,0,0,0,1,1,6,1,29,6,1956,2,5,4,1,4
2017400150881,2,9,0,18,0,1,0,0,0,0,1,1,6,1,39,7,1968,2,12,7,3,7
2017400150908,1,3,0,7,0,1,1,0,0,0,3,1,6,1,25,5,125,1,1,6,1,6
2017400150951,1,9,0,18,0,0,0,0,0,0,1,1,5,1,82,11,1587,1,10,4,1,4
2017400150951,2,9,0,18,0,0,0,0,0,0,1,1,5,1,33,6,1995,2,9,5,1,5
2017400150957,1,9,0,18,0,0,0,7,7,11,1,1,5,1,51,8,-1,-1,-1,3,1,3
2017400150957,2,9,0,18,0,0,0,0,0,0,1,1,5,1,17,4,1388,1,11,-1,-1,-1
2017400150957,3,9,0,18,0,0,0,0,0,0,1,1,5,2,41,7,2000,2,8,-1,-1,-1
2017400150981,1,9,0,18,0,0,0,0,0,0,1,1,6,1,22,5,3498,1,13,10,2,10
2017400150981,2,9,0,4,0,0,0,0,0,0,2,1,6,2,54,8,1461,2,4,5,1,5
2017400150981,3,9,0,18,0,0,0,0,0,0,1,1,6,1,23,5,1596,1,13,9,1,9
2017400150999,1,9,0,18,0,1,0,0,0,0,1,1,6,1,32,6,1598,1,13,-1,-1,-1
2017400150999,2,9,0,3,0,1,0,0,0,0,2,1,6,2,41,7,1910,2,10,2,1,2
2017400150999,3,9,0,3,0,1,0,0,3,0,2,1,6,1,83,11,1595,1,2,5,1,5
2017400151011,1,9,0,18,0,1,0,0,0,0,1,1,6,2,42,7,1956,2,2,10,1,10
2017400151011,2,9,0,3,0,1,0,0,0,0,2,1,6,2,54,8,1991,2,9,9,3,9
2017400151011,3,9,0,3,0,1,0,0,0,0,2,1,6,1,49,8,1995,2,5,7,1,7
2017400151135,1,9,0,13,0,3,0,0,0,0,4,1,6,1,43,7,1896,2,7,3,1,3
2017400151135,2,1,0,18,0,8,0,0,0,0,2,1,6,2,-1,-1,-1,-1,-1,-1,-1,-1
2017400151187,1,98,1,11,0,0,0,0,0,0,4,1,1,1,32,6,-1,-1,-1,-1,-1,-1
2017400151187,2,9,0,18,0,0,1,0,1,7,2,1,6,2,41,7,1598,1,3,9,1,9
2017400151199,1,9,0,18,0,0,0,0,0,0,4,1,1,2,18,4,1560,2,12,7,1,7
2017400151212,1,9,0,16,0,0,1,0,1,0,3,1,2,2,21,5,1199,1,15,10,1,10
2017400151212,2,9,0,17,0,0,0,0,0,0,3,1,2,2,47,8,1598,1,7,9,2,9
2017400151212,3,9,0,17,0,0,0,0,0,0,1,1,2,1,39,7,1968,2,13,6,1,6
2017400151250,1,19,0,9,0,3,0,0,0,0,1,1,6,1,25,5,2198,2,4,6,1,6
2017400151250,2,1,0,18,0,6,0,0,0,0,1,1,6,1,15,3,-1,-1,-1,2,1,2
2017400151265,1,9,0,1,0,0,0,0,0,0,4,1,5,1,82,11,1390,1,15,10,1,10
2017400151299,1,9,0,1,0,1,0,0,0,0,2,1,6,1,-1,-1,-1,-1,-1,-1,-1,-1
2017400151299,2,9,0,3,0,1,0,0,0,0,1,1,5,1,24,5,1590,1,3,3,1,3
2017400151348,1,1,0,18,0,1,0,0,0,0,1,1,2,1,31,6,-1,-1,-1,5,1,5
2017400151348,2,21,0,3,0,1,0,0,0,0,2,1,1,1,34,6,6700,2,1,1,1,1
2017400151403,1,9,0,11,0,0,0,0,0,0,1,1,5,1,19,4,1360,1,13,3,1,3
2017400151403,2,9,0,4,0,0,0,0,0,0,2,1,5,1,45,7,1896,2,15,5,1,5
2017400151454,1,9,0,5,0,8,0,0,0,0,1,1,1,1,48,8,1910,2,9,3,1,3
2017400151514,1,19,0,4,0,0,0,0,0,0,1,1,2,1,29,6,1598,2,2,4,3,4
2017400151514,2,9,0,4,0,0,0,0,0,0,2,1,2,1,31,6,-1,-1,-1,5,1,5
2017400151569,1,9,0,9,0,0,0,0,0,0,3,1,5,2,74,10,1198,1,5,4,1,4
2017400151569,2,9,0,18,0,0,0,0,0,0,3,1,5,1,47,8,2231,2,12,-1,-1,-1
2017400151622,1,9,0,18,0,0,0,4,0,0,1,1,5,2,46,8,1686,2,8,3,1,3
2017400151622,2,19,0,2,0,0,0,0,0,0,2,1,5,3,-1,-1,1995,2,7,-1,-1,-1
2017400151650,1,9,0,5,0,0,0,0,1,0,4,1,2,1,45,7,1598,1,13,5,1,5
2017400151650,2,9,0,18,0,0,1,0,1,0,1,1,1,1,34,6,2143,2,1,6,1,6
2017400151673,1,9,0,16,0,8,1,4,7,0,1,1,2,1,35,6,1360,1,15,7,1,7
2017400151673,2,9,0,2,0,2,0,0,0,0,2,1,5,3,-1,-1,-1,-1,-1,-1,-1,-1
2017400151722,1,9,0,18,0,0,0,0,0,0,1,1,2,1,27,6,2987,2,8,2,1,2
2017400151776,1,98,0,17,0,2,0,0,0,0,1,1,1,1,41,7,-1,-1,-1,5,1,5
2017400151879,1,9,0,17,0,0,5,0,1,0,4,1,1,2,20,4,1560,2,9,5,2,5
2017400151997,1,9,0,18,0,8,0,0,0,0,1,1,6,1,26,6,1493,1,25,9,1,9
2017400151997,2,9,0,9,0,6,0,0,0,0,3,1,6,1,91,11,2967,1,18,9,1,9
2017400152577,1,9,0,7,0,0,0,0,1,0,3,1,1,1,44,7,1956,2,4,5,1,5
2017400152577,2,9,0,2,0,0,0,0,0,0,0,1,6,1,-1,-1,1700,2,14,-1,-1,-1
2017400152624,1,9,0,3,0,1,0,0,0,0,2,1,6,2,39,7,1968,2,9,3,1,3
2017400152624,2,9,0,18,0,1,0,0,0,0,1,1,6,2,31,6,1968,2,12,4,1,4
2017400152696,1,9,0,5,0,0,0,0,0,0,1,1,6,1,46,8,1598,1,7,10,2,10
2017400152829,1,9,0,13,0,0,0,0,1,0,1,1,2,2,25,5,-1,-1,-1,1,1,1
2017400152847,1,5,0,9,0,6,2,0,0,0,1,1,2,1,23,5,847,1,3,2,1,2
2017400152914,1,98,0,4,0,0,0,0,0,0,2,1,6,3,-1,-1,-1,-1,-1,-1,-1,-1
2017400152914,2,1,0,18,0,0,0,0,0,0,1,1,4,1,13,3,-1,-1,-1,2,1,2
2017400152939,1,9,0,18,0,0,0,0,0,0,1,1,6,2,-1,-1,1229,1,10,3,1,3
2017400152939,2,9,0,3,0,0,0,0,0,0,2,1,6,2,53,8,1968,2,1,9,1,9
2017400152971,1,5,0,18,0,0,0,0,0,0,1,1,6,3,-1,-1,530,1,3,-1,-1,-1
2017400152971,2,9,0,3,0,0,0,0,0,0,2,1,5,1,43,7,1998,2,13,4,1,4
2017400153060,1,19,0,5,0,8,0,0,0,0,4,1,6,2,36,7,2198,2,4,-1,-1,-1
2017400153060,2,9,0,18,0,8,0,0,0,0,3,1,6,2,24,5,1299,1,14,6,1,6
2017400153063,1,19,0,18,0,8,0,0,0,0,4,1,5,1,39,7,1995,2,6,4,1,4
2017400153063,2,9,0,9,0,5,0,0,0,0,4,1,5,2,62,9,1598,1,10,6,1,6
2017400153063,3,19,0,3,0,1,0,0,0,0,1,1,5,1,37,7,1248,2,10,9,1,9
2017400153089,1,5,0,18,0,0,1,4,0,0,1,1,6,1,26,6,649,1,2,9,3,9
2017400153089,2,9,0,2,0,0,0,0,0,0,2,1,5,3,-1,-1,1910,2,10,-1,-1,-1
2017400153175,1,9,0,18,0,8,0,0,0,0,0,1,2,1,29,6,1598,2,1,5,1,5
2017400153175,2,19,0,18,0,8,0,0,0,0,3,1,6,1,-1,-1,2463,2,12,2,1,2
2017400153239,1,11,0,9,0,2,0,0,0,0,1,1,6,1,64,9,-1,2,28,10,1,10
2017400153351,1,9,0,18,0,0,0,0,0,0,1,1,5,2,57,9,1388,1,6,4,1,4
2017400153388,1,9,0,18,0,0,2,0,8,0,1,1,5,1,52,8,3996,1,16,9,1,9
2017400153598,1,9,0,3,0,1,0,0,0,0,1,1,6,1,22,5,1686,2,12,3,1,3
2017400153645,1,21,1,5,0,0,0,0,0,0,4,1,1,1,-1,-1,15607,2,6,-1,-1,-1
2017400153740,1,-1,0,18,0,0,0,0,0,0,1,1,6,3,-1,-1,-1,-1,-1,-1,-1,-1
2017400153896,1,-1,0,1,0,1,0,0,0,0,2,1,6,3,-1,-1,-1,-1,-1,-1,-1,-1
2017400154168,1,9,0,18,0,0,0,0,1,11,4,1,6,1,34,6,1390,1,13,5,2,5
2017400154168,2,9,0,2,0,0,0,0,0,0,2,1,5,2,47,8,1598,1,16,10,1,10
2017400154206,1,9,0,11,0,0,0,0,0,0,0,1,6,3,-1,-1,-1,-1,-1,-1,-1,-1
2017400154206,2,21,1,18,0,0,0,0,0,0,1,1,1,1,29,6,7698,2,1,2,1,2
2017400154206,3,9,0,18,0,0,1,0,0,0,2,1,2,1,38,7,1997,2,15,3,1,3
2017400154230,1,9,0,18,0,4,0,0,0,0,1,1,6,1,-1,-1,2324,1,17,-1,-1,-1
2017400154230,2,9,0,9,0,8,0,0,0,0,4,1,5,1,30,6,998,1,14,4,1,4
2017400154237,1,9,0,9,0,2,0,0,0,0,1,1,6,1,42,7,1956,2,1,5,1,5
2017400154237,2,9,0,18,0,1,0,0,0,0,3,1,6,2,34,6,1598,1,6,2,1,2
2017400154287,1,9,0,18,0,3,0,0,0,0,4,1,5,1,74,10,1497,8,9,10,1,10
2017400154287,2,1,0,18,0,2,0,0,0,0,1,1,5,1,17,4,-1,-1,-1,2,1,2
2017400154288,1,21,1,18,0,0,0,0,0,0,3,1,6,1,-1,-1,6370,2,9,1,1,1
2017400154288,2,98,1,18,0,0,0,0,0,0,3,1,6,3,-1,-1,-1,-1,-1,-1,-1,-1
2017400154288,3,9,0,18,0,0,0,0,0,0,1,1,6,2,30,6,1198,1,4,10,2,10
2017400154308,1,21,1,18,0,0,1,0,0,0,1,1,1,1,61,9,11705,2,10,4,1,4
2017400154308,2,19,0,10,0,0,0,0,0,0,2,1,1,1,26,6,2998,2,8,9,1,9
2017400154566,1,9,0,13,0,0,1,0,0,0,1,1,6,1,60,9,1596,1,9,3,1,3
2017400154566,2,9,0,18,0,0,0,0,0,0,4,1,6,2,44,7,1242,1,13,3,1,3
2017400154566,3,9,0,13,0,0,0,0,0,0,1,1,6,1,80,11,1364,1,7,4,1,4
2017400154566,4,9,4,18,0,0,0,0,0,0,3,1,6,1,25,5,-1,-1,-1,9,3,9
2017400154619,1,9,0,13,0,0,1,0,0,0,1,1,6,1,40,7,1870,2,9,6,2,6
2017400154619,2,9,0,18,0,0,1,0,2,0,1,1,6,1,24,5,1364,1,13,10,1,10
2017400154619,3,9,0,18,0,0,1,0,2,0,1,1,6,1,22,5,1248,2,4,8,3,8
2017400154676,1,9,0,1,0,0,0,0,0,0,2,1,6,1,22,5,1598,2,1,3,1,3
2017400154676,2,9,0,2,0,0,0,0,0,0,1,1,6,1,36,7,2496,2,18,7,1,7
2017400154723,1,9,0,18,0,4,0,0,0,0,3,1,5,1,26,6,1968,2,4,2,1,2
2017400154723,2,9,0,18,0,8,0,0,0,0,1,1,5,2,38,7,1968,2,13,4,1,4
2017400155156,1,19,0,18,0,0,0,0,0,0,1,1,6,1,65,9,2977,2,8,5,1,5
2017400155156,2,9,0,3,0,0,0,0,0,0,2,1,6,1,50,8,898,1,1,-1,-1,-1
2017400155156,3,9,0,3,0,0,0,0,0,0,2,1,6,1,55,8,2143,2,7,3,1,3
2017400155227,1,-1,0,18,0,0,0,0,0,0,1,1,6,1,-1,-1,-1,-1,-1,-1,-1,-1
2017400155988,1,9,0,9,0,8,0,0,0,0,1,1,1,1,37,7,998,1,15,4,1,4
2017400155998,1,21,0,18,0,0,0,0,0,0,4,1,1,1,59,9,3908,2,14,7,3,7
2017400155999,1,9,0,18,0,0,0,0,0,0,4,1,6,2,64,9,1797,8,6,5,1,5
2017400156234,1,9,0,9,0,2,0,0,0,0,1,1,6,1,19,4,1590,1,13,7,1,7
2017400156234,2,9,0,18,0,2,0,0,0,0,3,1,6,1,24,5,1794,1,14,7,1,7
2017400156549,1,9,0,3,0,0,0,0,0,0,2,1,5,2,47,8,1796,1,7,4,1,4
2017400156549,2,9,0,3,0,0,0,0,0,0,2,1,5,1,55,8,998,1,38,9,3,9
2017400156549,3,9,0,4,0,0,0,0,0,0,1,1,5,1,48,8,1998,2,2,5,1,5
2017400156670,1,9,0,13,0,0,5,0,0,0,1,1,6,1,28,6,1124,1,15,6,1,6
2017400156670,2,98,1,18,0,0,0,0,0,0,3,1,1,1,30,6,-1,-1,-1,-1,-1,-1
2017400156726,1,9,0,18,0,0,0,0,0,0,4,1,5,2,78,11,998,1,3,9,2,9
2017400156726,2,9,0,3,0,0,0,0,0,0,4,1,5,2,29,6,1199,1,14,3,1,3
2017400156940,1,9,0,5,9,0,0,0,3,11,1,1,2,2,47,8,1900,2,11,2,1,2
2017400156975,1,9,0,18,0,0,0,0,0,0,3,1,5,2,53,8,999,1,4,7,3,7
2017400157118,1,9,0,18,0,0,0,0,0,0,1,1,6,1,27,6,898,1,1,3,1,3
2017400157118,2,9,0,4,0,0,0,0,0,0,2,1,6,1,32,6,2979,1,12,6,1,6
2017400157191,1,9,0,18,0,1,0,0,0,0,1,1,5,1,56,9,1150,1,10,3,1,3
2017400157191,2,9,0,9,0,8,0,0,0,0,3,1,5,1,44,7,2987,2,9,9,1,9
2017400157228,1,9,0,9,0,2,0,0,0,0,1,1,6,1,37,7,2497,2,11,4,1,4
2017400157228,2,9,0,18,0,1,0,0,0,0,4,1,6,2,27,6,1248,2,13,2,1,2
2017400157232,1,9,0,18,0,0,0,0,0,0,4,1,6,1,28,6,-1,-1,-1,9,3,9
2017400157359,1,9,0,18,0,0,0,0,0,0,1,1,6,2,-1,-1,1995,2,1,7,3,7
2017400157359,2,9,0,3,0,0,0,0,0,0,2,1,5,1,53,8,5204,1,-1,8,3,8
2017400157367,1,9,0,7,0,0,0,0,0,0,3,1,6,1,25,5,1997,2,10,8,1,8
2017400157367,2,9,0,18,0,0,0,0,0,0,3,1,6,1,47,8,1348,1,15,9,1,9
2017400157502,1,9,0,7,0,2,1,4,3,11,1,1,5,1,27,6,1590,1,16,4,1,4
2017400157502,2,9,0,18,0,1,0,0,0,0,0,1,1,3,-1,-1,-1,-1,-1,-1,-1,-1
2017400157502,3,9,0,2,0,2,0,4,0,0,1,1,5,3,-1,-1,4164,2,16,-1,-1,-1
2017400157502,4,9,0,2,0,2,0,0,0,0,2,1,5,3,-1,-1,-1,-1,-1,-1,-1,-1
2017400157502,5,9,0,2,0,2,0,0,0,0,2,1,5,3,-1,-1,2143,2,3,-1,-1,-1
2017400157675,1,9,0,4,0,0,0,0,0,0,1,1,5,2,50,8,1299,1,9,-1,-1,-1
2017400157675,2,9,0,3,0,0,0,0,0,0,2,1,5,1,57,9,1686,2,7,7,2,7
2017400157675,3,9,0,3,0,0,0,0,0,0,2,1,5,1,29,6,1995,2,3,8,3,8
2017400157783,1,9,0,18,0,1,0,4,0,0,1,1,5,2,-1,-1,-1,-1,-1,-1,-1,-1
2017400157783,2,9,0,2,0,1,0,0,0,0,4,1,6,3,-1,-1,-1,-1,-1,-1,-1,-1
2017400158192,1,9,0,18,0,1,0,0,0,0,1,1,6,1,70,10,1798,1,2,8,3,8