Accident_Index,Vehicle_Reference,Vehicle_Type,Towing_and_Articulation,Vehicle_Manoeuvre,Vehicle_Location-Restricted_Lane,Junction_Location,Skidding_and_Overturning,Hit_Object_in_Carriageway,Vehicle_Leaving_Carriageway,Hit_Object_off_Carriageway,1st_Point_of_Impact,Was_Vehicle_Left_Hand_Drive?,Journey_Purpose_of_Driver,Sex_of_Driver,Age_of_Driver,Age_Band_of_Driver,Engine_Capacity_(CC),Propulsion_Code,Age_of_Vehicle,Driver_IMD_Decile,Driver_Home_Area_Type,Vehicle_IMD_Decile
2017400158192,2,9,0,9,0,6,0,0,0,0,1,1,1,1,52,8,1598,1,12,9,1,9
2017400158244,1,9,0,18,0,0,1,0,0,0,4,1,2,2,58,9,1199,1,17,10,2,10
2017400158244,2,9,0,18,0,0,0,0,0,0,4,1,2,2,20,4,998,1,9,10,3,10
2017400158244,3,9,0,13,0,0,0,0,0,0,3,1,6,3,-1,-1,-1,-1,-1,-1,-1,-1
2017400158509,1,9,0,18,0,1,0,0,0,0,4,1,6,1,32,6,1149,1,3,2,1,2
2017400158524,1,9,0,18,0,0,1,0,0,0,1,1,6,1,22,5,1598,1,11,6,3,6
2017400158524,2,9,0,18,0,0,0,0,0,0,1,1,6,2,23,5,1999,1,12,7,1,7
2017400158582,1,9,0,18,0,0,0,0,0,0,1,1,6,1,-1,-1,1995,2,13,-1,-1,-1
2017400158582,2,9,0,3,0,0,0,0,0,0,2,1,6,2,-1,-1,2000,2,7,4,1,4
2017400158639,1,9,0,9,0,5,0,0,0,0,1,1,6,2,39,7,1329,1,2,8,1,8
2017400158639,2,9,0,18,0,8,0,0,0,0,1,1,2,2,23,5,1149,1,15,3,1,3
2017400158656,1,9,0,18,0,0,1,0,1,4,1,1,6,2,22,5,1364,2,7,7,2,7
2017400158725,1,20,0,18,0,1,0,0,0,0,1,1,1,1,-1,-1,4250,2,10,4,1,4
2017400158725,2,9,0,10,0,1,0,0,0,0,2,1,6,2,39,7,1149,1,1,2,1,2
2017400158728,1,9,0,18,0,0,0,0,1,4,1,1,5,1,29,6,1229,1,3,2,1,2
2017400158834,1,9,0,5,0,0,0,0,0,0,1,1,5,2,74,10,1596,1,6,7,1,7
2017400158863,1,9,0,9,0,5,0,0,0,0,1,1,1,1,26,6,1560,2,7,9,1,9
2017400158863,2,9,0,18,0,8,0,0,0,0,1,1,1,1,44,7,2148,2,11,-1,-1,-1
2017400158910,1,9,0,18,0,0,0,0,0,0,1,1,6,3,-1,-1,1896,2,13,-1,-1,-1
2017400159019,1,9,0,18,0,0,0,0,0,0,1,1,6,1,-1,-1,2993,2,7,-1,-1,-1
2017400159019,2,9,0,3,0,0,0,0,0,0,2,1,1,1,23,5,1596,1,5,2,1,2
2017400159019,3,9,0,3,0,0,0,0,0,0,2,1,1,1,22,5,1461,2,1,5,1,5
2017400159138,1,9,0,18,9,0,0,0,0,0,3,1,6,1,24,5,998,1,10,3,1,3
2017400159138,2,9,0,18,0,0,0,0,0,0,3,1,1,2,56,9,2987,2,6,-1,-1,-1
2017400159184,1,9,0,9,0,1,0,0,0,0,1,1,6,1,-1,-1,1199,1,17,10,1,10
2017400159184,2,1,0,18,0,1,0,0,0,0,1,1,6,1,36,7,-1,-1,-1,7,1,7
2017400159324,1,8,0,18,0,0,0,0,0,0,1,1,1,1,57,9,-1,-1,-1,2,1,2
2017400159401,1,9,0,12,0,1,1,0,0,0,3,1,5,1,53,8,973,1,15,2,1,2
2017400159401,2,9,0,18,0,1,0,0,0,0,4,1,2,2,27,6,1560,2,5,5,1,5
2017400159411,1,-1,0,9,0,6,0,0,0,0,4,1,6,3,-1,-1,-1,-1,-1,-1,-1,-1
2017400159411,2,1,0,18,0,8,0,0,0,0,1,1,6,1,47,8,-1,-1,-1,4,1,4
2017400159424,1,9,0,18,0,8,2,9,1,0,1,1,3,2,35,6,1229,1,12,10,1,10
2017400159449,1,9,0,16,0,1,1,0,0,0,1,1,6,1,16,4,-1,-1,-1,1,1,1
2017400159449,2,9,0,17,0,2,0,0,0,0,1,1,1,1,38,7,-1,-1,-1,1,1,1
2017400159449,3,9,0,16,0,1,0,0,0,0,0,1,1,1,40,7,2993,2,1,2,1,2
2017400159460,1,9,0,18,0,0,0,0,0,0,4,1,5,2,61,9,1360,1,17,4,1,4
2017400159488,1,9,0,18,0,8,0,0,0,0,1,1,5,1,20,4,1995,2,2,1,1,1
2017400159488,2,9,0,18,0,1,0,0,0,0,1,1,6,2,-1,-1,1910,2,9,4,1,4
2017400159488,3,9,0,2,0,2,0,0,0,0,2,1,6,1,-1,-1,1598,1,16,2,1,2
2017400159488,4,9,0,2,0,2,0,0,0,0,2,1,6,2,-1,-1,1400,1,12,2,1,2
2017400159488,5,9,0,2,0,2,0,0,0,0,2,1,6,2,-1,-1,1497,8,9,2,1,2
2017400159532,1,9,0,16,0,3,0,0,0,0,1,1,5,1,36,7,1149,1,15,2,1,2
2017400159685,1,9,0,18,0,0,0,0,0,0,1,1,6,1,76,11,1796,1,10,4,1,4
2017400159685,2,9,0,3,0,0,0,0,0,0,2,1,6,1,71,10,2494,8,2,3,1,3
2017400159685,3,9,0,3,0,0,0,0,0,0,2,1,6,2,85,11,1388,1,6,9,1,9
2017400159685,4,9,0,3,0,0,0,0,0,0,2,1,6,1,54,8,1995,2,1,7,1,7
2017400159690,1,9,0,7,0,0,0,0,0,0,4,1,5,2,29,6,1598,1,7,5,1,5
2017400159690,2,9,0,3,0,0,0,0,0,0,2,1,5,1,-1,-1,1229,1,10,4,1,4
2017400159690,3,9,0,4,0,0,0,0,0,0,1,1,2,1,25,5,1598,2,7,9,1,9
2017400159709,1,9,0,18,0,0,1,0,7,11,4,1,1,2,32,6,1399,2,15,4,1,4
2017400159721,1,9,0,18,0,8,0,0,0,0,1,1,2,1,37,7,1587,1,14,3,1,3
2017400159721,2,9,4,18,0,8,0,0,0,0,3,1,2,1,57,9,1968,2,9,4,1,4
2017400159725,1,9,0,9,0,6,0,0,0,0,1,1,5,1,22,5,1586,1,1,4,1,4
2017400159725,2,5,0,18,0,1,0,0,0,0,1,1,2,1,57,9,656,1,12,9,1,9
2017400159752,1,9,0,18,0,2,0,0,7,0,1,1,2,1,-1,-1,1598,1,14,2,1,2
2017400159752,2,9,0,5,0,2,0,0,0,0,1,1,5,2,36,7,1587,1,12,5,1,5
2017400159760,1,9,0,5,0,4,0,0,0,0,3,1,1,1,22,5,1598,2,3,9,1,9
2017400159760,2,9,0,17,0,8,0,0,0,0,4,1,1,1,27,6,1969,2,3,10,1,10
2017400159760,3,9,0,17,0,8,0,0,0,0,1,1,2,1,30,6,1798,8,5,10,2,10
2017400159793,1,9,0,9,0,0,0,0,0,0,4,1,2,1,34,6,1968,2,7,1,1,1
2017400159793,2,1,0,18,0,0,0,0,0,0,1,1,5,1,42,7,-1,-1,-1,3,1,3
2017400159861,1,9,0,18,0,0,0,0,0,0,1,1,6,1,48,8,-1,-1,-1,1,1,1
2017400159861,2,9,0,18,0,0,0,0,0,0,1,1,6,1,53,8,1598,1,4,10,1,10
2017400159869,1,90,0,18,0,0,5,0,1,0,1,1,5,1,27,6,-1,-1,-1,4,1,4
2017400159869,2,9,0,12,0,0,0,0,0,0,2,1,5,3,-1,-1,1600,2,7,-1,-1,-1
2017400159869,3,9,0,18,0,0,0,0,0,0,3,1,2,1,37,7,1956,2,6,9,1,9
2017400160114,1,9,0,9,0,1,0,0,0,0,1,1,5,1,40,7,1995,2,2,9,1,9
2017400160114,2,9,0,18,0,1,0,0,0,0,4,1,5,1,44,7,1332,1,20,5,1,5
2017400160320,1,9,0,18,0,0,0,0,0,0,1,1,6,1,29,6,-1,-1,-1,8,1,8
2017400160320,2,9,0,4,0,0,0,0,0,0,2,1,6,1,71,10,1950,2,1,8,3,8
2017400160390,1,5,0,18,0,0,1,0,1,4,1,1,5,1,44,7,1157,1,17,5,3,5
2017400160524,1,9,0,18,0,2,1,10,7,2,3,1,5,1,24,5,1686,2,8,2,1,2
2017400160546,1,9,0,18,0,0,0,0,0,0,1,1,6,3,-1,-1,1390,1,6,4,1,4
2017400160546,2,9,0,4,0,0,0,0,0,0,2,1,6,1,32,6,999,1,1,8,1,8
2017400160565,1,19,0,5,0,4,0,0,0,0,1,1,1,1,43,7,2143,2,4,2,1,2
2017400160565,2,9,0,18,0,8,0,0,0,0,4,1,6,2,50,8,1240,1,7,6,1,6
2017400160624,1,9,0,1,0,0,0,0,0,0,3,1,5,1,-1,-1,1798,1,7,-1,-1,-1
2017400160624,2,9,0,3,0,0,0,0,0,0,3,1,5,2,33,6,2698,2,10,4,1,4
2017400160662,1,9,0,7,0,8,0,0,0,0,1,1,1,1,41,7,1798,1,9,8,1,8
2017400160662,2,1,0,18,0,1,0,0,0,0,4,1,1,1,41,7,-1,-1,-1,8,1,8
2017400160746,1,21,0,12,0,0,0,0,0,0,1,1,1,1,70,10,4461,2,5,-1,-1,-1
2017400160746,2,9,0,4,0,0,0,0,0,0,2,1,5,1,24,5,1995,2,5,3,1,3
2017400160746,3,98,1,4,0,0,0,0,0,0,2,1,1,1,32,6,-1,-1,-1,-1,-1,-1
2017400160776,1,9,0,2,0,2,0,0,0,0,3,1,6,1,23,5,1598,2,5,2,1,2
2017400160776,2,1,0,18,0,2,0,8,0,0,1,1,6,1,42,7,-1,-1,-1,3,1,3
2017400160824,1,9,0,9,0,8,0,0,0,0,4,1,6,1,64,9,1596,1,11,10,1,10
2017400160824,2,9,0,7,0,8,0,0,0,0,3,1,6,1,41,7,1997,1,14,9,2,9
2017400160870,1,9,0,18,0,0,0,0,0,0,1,1,6,1,89,11,2354,1,13,5,3,5
2017400160889,1,9,0,3,0,1,0,0,0,0,2,1,6,1,34,6,1598,1,13,4,1,4
2017400160889,2,9,0,18,0,1,0,0,0,0,1,1,6,1,53,8,-1,-1,-1,4,1,4
2017400160889,3,9,0,18,0,1,0,0,0,0,4,1,5,1,21,5,1197,1,4,6,1,6
2017400160889,4,9,0,11,0,1,0,0,0,0,4,1,1,1,46,8,1968,2,5,3,1,3
2017400160889,5,98,1,12,0,2,0,0,0,0,3,1,6,1,47,8,-1,-1,-1,-1,-1,-1
2017400160892,1,8,0,18,0,8,0,0,0,0,1,1,1,1,35,6,1997,2,1,3,1,3
2017400160920,1,9,0,18,0,0,0,0,5,6,3,1,1,1,22,5,1499,2,1,7,1,7
2017400160957,1,98,1,7,0,2,0,0,0,0,3,1,1,1,43,7,-1,-1,-1,-1,-1,-1
2017400160957,2,9,0,7,0,2,0,0,0,0,4,1,6,2,20,4,1229,1,11,3,1,3
2017400160998,1,9,0,9,0,6,0,0,0,0,1,1,6,3,-1,-1,-1,-1,-1,-1,-1,-1
2017400160998,2,3,0,14,0,8,5,0,0,0,4,1,5,1,19,4,125,1,4,2,1,2
2017400161010,1,9,0,5,0,8,0,0,0,0,3,1,6,1,29,6,1796,1,11,3,1,3
2017400161010,2,9,0,18,0,1,0,0,0,0,1,1,6,1,65,9,848,1,18,7,3,7
2017400161030,1,9,0,11,0,1,2,0,0,0,4,1,5,1,27,6,1339,1,11,6,1,6
2017400161038,1,9,0,1,0,2,0,0,0,0,2,1,5,1,30,6,1968,2,1,5,1,5
2017400161059,1,5,0,4,0,1,1,0,4,0,3,1,5,1,56,9,1450,1,15,-1,-1,-1
2017400161111,1,9,0,18,0,0,0,0,0,0,1,1,6,1,-1,-1,1598,2,5,-1,-1,-1
2017400161315,1,9,0,7,0,0,1,0,1,0,2,1,5,1,33,6,1596,1,14,4,1,4
2017400161315,2,9,0,18,0,0,0,0,0,0,1,1,5,2,40,7,1598,1,13,5,1,5
2017400161395,1,9,0,18,0,0,0,0,0,0,1,1,6,1,51,8,1968,2,4,5,1,5
2017400161395,2,9,0,18,0,0,0,0,0,0,2,1,6,2,57,9,1798,1,4,8,3,8
2017400161395,3,9,0,18,0,0,0,0,0,0,2,1,6,1,36,7,1242,1,1,6,3,6
2017400161395,4,9,0,18,0,0,0,0,0,0,2,1,6,1,51,8,1956,2,3,10,1,10
2017400161575,1,9,0,18,0,0,0,10,2,4,4,1,1,1,57,9,2995,1,-1,5,1,5
2017400161671,1,9,0,18,0,0,0,0,0,0,1,1,6,1,27,6,-1,-1,-1,7,2,7
2017400161671,2,9,0,9,0,0,0,0,7,11,4,1,6,2,18,4,1197,1,6,9,1,9
2017400161671,3,9,0,18,0,0,0,0,0,0,3,1,6,1,43,7,1998,2,11,7,2,7
2017400161686,1,9,0,15,0,8,0,0,0,0,1,1,6,3,-1,-1,1997,2,8,-1,-1,-1
2017400161686,2,98,0,9,0,8,0,0,0,0,3,1,6,1,77,11,-1,-1,-1,10,1,10
2017400161696,1,9,0,18,0,0,0,0,0,0,1,1,1,1,61,9,-1,-1,-1,9,1,9
2017400161696,2,9,0,2,0,0,0,0,0,0,4,1,5,3,-1,-1,1598,1,14,-1,-1,-1
2017400161696,3,1,0,11,0,0,5,0,0,0,1,1,6,1,33,6,-1,-1,-1,-1,-1,-1
2017400161843,1,9,0,18,0,4,0,0,0,0,3,1,6,1,48,8,1896,2,13,2,1,2
2017400161887,1,9,0,9,0,8,0,0,0,0,4,1,1,1,60,9,1968,2,1,4,1,4
2017400161887,2,9,0,18,0,1,0,0,0,0,1,1,5,2,54,8,899,1,3,8,3,8
2017400162000,1,98,0,18,0,0,0,0,0,0,1,1,6,1,30,6,-1,-1,-1,3,1,3
2017400162000,2,9,0,4,0,0,0,0,0,0,1,1,6,2,18,4,998,1,7,4,1,4
2017400162000,3,9,0,4,0,0,0,0,0,0,2,1,6,2,60,9,1769,1,17,10,1,10
2017400162121,1,9,0,18,0,1,0,0,0,0,4,1,6,2,31,6,1984,1,17,7,1,7
2017400162147,1,9,0,18,0,0,0,0,0,0,1,1,6,2,46,8,2993,2,3,10,2,10
2017400162166,1,9,0,18,0,1,0,0,0,0,3,1,5,2,32,6,1390,1,11,10,1,10
2017400162197,1,9,0,18,0,0,0,0,0,0,1,1,1,1,33,6,1497,8,8,3,1,3
2017400162197,2,9,0,3,0,0,0,0,0,0,1,1,6,1,35,6,1339,1,7,6,2,6
2017400162306,1,9,0,18,0,0,0,0,0,0,1,1,6,3,-1,-1,1461,2,-1,-1,-1,-1
2017400162306,2,9,0,3,0,0,0,0,0,0,2,1,1,1,40,7,1598,1,7,10,1,10
2017400162331,1,9,0,7,0,2,0,0,0,0,3,1,6,2,34,6,1596,1,14,8,1,8
2017400162331,2,9,0,18,0,1,0,0,0,0,3,1,6,2,47,8,1275,1,21,8,3,8
2017400162420,1,9,0,5,0,1,0,0,0,0,4,1,6,2,22,5,1398,1,1,4,1,4
2017400162719,1,5,0,18,0,7,1,0,0,0,4,1,5,2,24,5,600,1,3,4,1,4
2017400162784,1,9,0,18,0,0,0,0,0,0,1,1,6,3,-1,-1,1061,1,12,-1,-1,-1
2017400162784,2,9,0,3,0,0,0,0,0,0,2,1,6,2,42,7,1796,1,8,2,1,2
2017400162847,1,98,0,5,0,8,0,0,0,0,1,1,6,3,-1,-1,-1,-1,-1,-1,-1,-1
2017400162911,1,9,0,14,0,0,0,0,0,0,3,1,6,2,48,8,1984,2,6,3,1,3
2017400162911,2,9,0,2,0,0,0,0,0,0,4,1,6,3,-1,-1,-1,-1,-1,-1,-1,-1
2017400163021,1,9,0,4,0,1,0,0,0,0,2,1,3,2,32,6,1360,1,12,2,1,2
2017400163021,2,9,0,18,0,1,1,0,0,0,1,1,6,1,-1,-1,1390,1,16,-1,-1,-1
2017400163087,1,9,0,18,0,3,0,0,0,0,1,1,6,3,-1,-1,-1,-1,-1,-1,-1,-1
2017400163117,1,9,0,18,0,0,0,0,0,0,1,1,6,1,59,9,2993,2,3,1,1,1
2017400163117,2,9,0,18,0,0,0,0,0,0,1,1,6,1,27,6,998,1,7,1,1,1
2017400163144,1,9,0,18,0,1,0,0,0,0,1,1,6,3,-1,-1,-1,-1,-1,-1,-1,-1
2017400163144,2,9,0,3,0,1,0,0,0,0,2,1,5,2,56,9,996,1,1,7,1,7
2017400163164,1,9,0,4,0,0,0,0,0,0,4,1,5,2,65,9,1229,1,10,6,1,6
2017400163193,1,9,0,5,0,0,0,0,0,0,1,1,5,2,50,8,1799,1,10,5,1,5
2017400163193,2,3,0,18,0,0,0,0,0,0,3,1,5,1,21,5,124,1,8,1,1,1
2017400163265,1,9,0,6,0,0,0,0,0,0,3,1,2,2,21,5,1496,1,1,8,2,8
2017400163265,2,5,0,14,0,0,0,0,7,0,1,1,2,1,54,8,988,1,14,2,1,2
2017400163270,1,9,0,4,0,0,0,0,0,0,2,1,3,1,53,8,-1,-1,-1,5,1,5
2017400163270,2,9,0,18,0,0,0,0,0,0,1,1,2,2,44,7,1997,2,6,8,1,8
2017400163334,1,9,0,4,0,0,0,0,0,0,2,1,6,2,45,7,2354,1,14,10,1,10
2017400163334,2,9,0,18,0,0,0,0,0,0,1,1,2,2,26,6,973,1,15,10,1,10
2017400163349,1,9,0,15,0,0,0,0,0,0,1,1,6,3,-1,-1,2387,2,14,-1,-1,-1
2017400163349,2,9,0,7,0,0,0,0,0,0,4,1,5,2,30,6,1598,1,4,1,1,1
2017400163500,1,9,0,18,0,1,0,0,0,0,1,1,6,3,-1,-1,-1,-1,-1,-1,-1,-1
2017400163611,1,9,0,18,0,0,0,0,1,11,1,1,5,1,82,11,1582,2,7,8,2,8
2017400164011,1,8,0,7,0,6,0,0,0,0,1,1,1,1,38,7,1560,2,5,3,1,3
2017400164011,2,5,0,18,0,3,0,0,0,0,1,1,6,1,24,5,689,1,1,9,3,9
2017400164044,1,9,0,18,0,1,0,0,0,0,1,1,2,1,48,8,-1,-1,-1,4,1,4
2017400164044,2,9,0,5,0,8,0,0,0,0,3,1,2,2,24,5,1242,1,5,6,3,6
2017400164121,1,9,0,18,0,0,0,0,0,0,1,1,6,3,-1,-1,-1,-1,-1,-1,-1,-1
2017400164121,2,9,0,3,0,0,0,0,0,0,2,1,5,1,40,7,1398,1,4,-1,-1,-1
2017400164231,1,9,0,9,0,0,0,0,0,0,4,1,2,1,54,8,1968,2,1,6,2,6
2017400164231,2,1,0,18,0,0,5,0,0,0,1,1,6,1,22,5,-1,-1,-1,-1,-1,-1
2017400164322,1,9,0,9,0,0,0,4,0,0,3,1,1,2,39,7,1997,2,14,4,1,4
2017400164322,2,9,0,2,0,0,0,0,0,0,3,1,6,3,-1,-1,1870,2,6,-1,-1,-1
2017400164380,1,9,0,18,0,0,0,0,0,0,1,1,2,2,23,5,1968,2,2,5,1,5
2017400164544,1,19,0,5,0,0,0,0,0,0,3,1,6,1,58,9,2402,2,9,2,1,2
2017400164544,2,9,0,12,0,0,0,0,0,0,4,1,6,2,53,8,1242,1,7,9,1,9
2017400164684,1,9,0,18,0,0,0,0,0,0,1,1,6,1,-1,-1,1124,1,13,-1,-1,-1
2017400164684,2,9,0,18,0,0,0,0,0,0,2,1,6,2,40,7,1796,1,16,4,1,4
2017400164743,1,9,0,18,0,1,0,0,0,0,1,1,6,1,17,4,1798,1,10,3,1,3
2017400164743,2,9,0,3,0,1,0,0,0,0,2,1,6,1,52,8,1124,1,14,7,1,7
2017400164754,1,9,0,5,0,0,0,0,0,0,3,1,5,2,41,7,1796,1,3,5,1,5
2017400164754,2,9,0,18,0,0,0,0,0,0,3,1,6,2,-1,-1,1086,1,11,3,1,3
2017400164796,1,98,0,18,0,1,0,0,0,0,1,1,6,1,-1,-1,-1,-1,-1,-1,-1,-1
2017400164923,1,9,0,9,0,2,0,0,0,0,3,1,5,2,19,4,998,1,4,6,1,6
2017400164923,2,9,0,4,0,1,0,0,0,0,3,1,5,2,54,8,1598,1,3,6,1,6
2017400164985,1,9,0,18,0,0,0,4,0,0,1,1,6,1,81,11,2995,1,11,-1,-1,-1
2017400164985,2,9,0,2,0,0,0,0,0,0,2,1,5,2,20,4,1598,1,5,10,2,10
2017400165047,1,8,0,2,0,0,0,0,0,0,4,1,1,1,48,8,1798,8,4,2,1,2
2017400165122,1,9,0,18,0,1,0,0,0,0,4,1,6,1,40,7,1984,1,15,4,1,4
2017400165122,2,1,0,12,0,1,0,0,0,0,3,1,4,1,16,4,-1,-1,-1,4,1,4
2017400165162,1,9,0,18,0,2,0,0,0,0,4,1,5,2,45,7,1360,1,11,8,1,8
2017400165192,1,9,0,5,0,4,0,0,0,0,2,1,6,1,-1,-1,1560,2,11,3,1,3
2017400165192,2,9,0,5,0,3,0,0,0,0,1,1,5,1,32,6,1398,1,5,4,1,4
2017400165201,1,9,0,9,0,4,0,0,0,0,1,1,5,1,48,8,-1,-1,-1,6,1,6
2017400165201,2,3,0,18,0,3,0,0,0,0,3,1,2,1,22,5,125,1,1,4,1,4
2017400165209,1,21,1,18,0,0,0,0,0,0,1,1,1,1,45,7,10837,2,8,3,1,3
2017400165209,2,9,0,4,0,0,0,0,0,0,2,1,6,2,50,8,1198,1,4,-1,-1,-1
2017400165209,3,9,0,4,0,0,0,0,0,0,2,1,6,1,39,7,1598,1,11,6,1,6
2017400165228,1,9,0,18,0,0,0,0,0,0,1,1,5,2,42,7,-1,-1,-1,7,3,7
2017400165228,2,9,0,10,0,0,0,0,0,0,2,1,5,1,42,7,1968,2,1,9,1,9
2017400165238,1,9,0,4,0,7,0,0,0,0,1,1,5,2,22,5,1124,1,12,1,1,1
2017400165238,2,9,0,3,0,7,0,0,0,0,2,1,5,2,27,6,1769,1,12,6,1,6
2017400165340,1,9,0,14,0,0,0,0,0,0,1,1,3,2,41,7,1596,1,14,8,2,8
2017400165384,1,9,0,18,0,2,0,0,0,0,3,1,6,1,37,7,1796,1,10,3,1,3
2017400165438,1,9,0,9,0,8,0,0,0,0,1,1,6,3,-1,-1,1968,2,10,-1,-1,-1
2017400165438,2,9,0,18,0,8,0,0,0,0,1,1,6,1,35,6,1968,2,8,5,1,5
2017400165487,1,9,0,3,0,0,0,0,0,0,1,1,5,1,31,6,1388,1,14,2,1,2
2017400165487,2,9,0,18,0,0,0,0,0,0,4,1,5,2,38,7,1229,1,5,9,1,9
2017400165509,1,9,0,18,0,2,0,0,0,0,4,1,6,2,51,8,1560,2,9,4,1,4
2017400165566,1,97,0,18,0,8,0,0,0,0,1,1,6,1,-1,-1,-1,-1,-1,-1,-1,-1
2017400165566,2,9,0,9,0,8,0,0,0,0,3,1,5,1,35,6,-1,-1,-1,5,3,5
2017400165586,1,9,0,18,0,2,0,10,3,2,1,1,5,1,44,7,2926,2,17,9,3,9
2017400165659,1,9,0,14,0,0,0,0,0,0,1,1,6,2,30,6,1299,1,12,2,1,2
2017400165875,1,9,0,14,0,8,0,0,0,0,3,1,6,1,41,7,1596,1,12,1,1,1
2017400165875,2,9,0,10,0,8,0,0,0,0,3,1,5,2,36,7,1461,2,6,3,1,3
2017400165875,3,9,0,3,0,1,0,0,0,0,3,1,5,2,60,9,-1,-1,-1,6,1,6
2017400165932,1,19,4,4,0,0,0,0,0,0,0,1,1,1,39,7,2198,2,1,1,1,1
2017400165932,2,9,0,18,0,0,0,0,0,0,1,1,6,2,70,10,1997,1,7,8,3,8
2017400165932,3,9,0,4,0,0,0,0,0,0,2,1,6,2,38,7,1997,1,8,-1,-1,-1
2017400165932,4,19,4,4,0,0,0,0,0,0,0,1,1,1,22,5,2298,2,2,1,1,1
2017400166031,1,98,0,16,0,0,0,0,0,0,3,1,1,1,60,9,-1,-1,-1,2,1,2
2017400166031,2,9,0,16,0,0,0,0,0,0,3,1,2,1,-1,-1,1398,1,4,1,1,1
2017400166041,1,9,0,18,0,0,0,0,1,9,1,1,5,1,23,5,1988,1,18,4,1,4
2017400166041,2,9,0,18,0,0,0,0,0,0,1,1,5,1,24,5,999,1,2,4,1,4
2017400166096,1,9,0,17,0,1,0,0,0,0,4,1,3,2,43,7,2496,2,15,2,1,2
2017400166096,2,8,0,18,0,1,0,0,0,0,1,1,1,1,42,7,2776,2,1,2,1,2
2017400166104,1,9,0,9,0,8,0,0,0,0,4,1,6,2,67,10,1497,8,4,7,1,7
2017400166177,1,9,0,13,0,0,2,0,2,0,4,1,6,1,40,7,1598,1,9,7,3,7
2017400166206,1,21,0,3,0,1,0,0,0,0,1,1,6,3,-1,-1,9200,2,7,-1,-1,-1
2017400166206,2,9,0,9,0,1,0,0,0,0,2,1,6,1,53,8,1595,1,14,5,1,5
2017400166227,1,98,0,18,0,1,0,0,0,0,3,1,1,1,52,8,-1,-1,-1,7,1,7
2017400166320,1,9,0,17,0,2,0,0,0,0,3,1,5,1,23,5,1461,2,3,9,1,9
2017400166356,1,21,0,18,0,1,0,0,0,0,4,1,1,1,70,10,10800,2,13,6,1,6
2017400166356,2,19,0,10,0,6,0,0,0,0,1,1,1,1,38,7,2198,2,9,3,1,3
2017400166533,1,9,0,1,0,0,0,0,0,0,2,1,6,3,-1,-1,1461,2,8,-1,-1,-1
2017400166642,1,9,0,3,0,2,0,0,0,0,2,1,6,2,35,6,1598,2,2,3,1,3
2017400166642,2,1,0,18,0,2,0,0,0,0,1,1,6,1,18,4,-1,-1,-1,4,1,4
2017400166719,1,9,0,18,0,0,1,0,2,0,1,1,5,1,21,5,1896,2,10,2,1,2
2017400166737,1,9,0,18,0,1,0,0,0,0,0,1,5,1,49,8,2143,12,1,9,1,9
2017400166768,1,9,0,18,0,0,0,0,0,0,1,1,5,1,37,7,1596,1,2,2,1,2
2017400166768,2,1,0,18,0,0,0,0,0,0,2,1,5,1,12,3,-1,-1,-1,4,1,4
2017400166924,1,9,0,1,0,0,0,0,0,0,2,1,6,1,18,4,999,1,1,4,1,4
2017400166924,2,9,0,18,0,0,0,0,0,0,1,1,6,2,50,8,1329,1,5,3,1,3
2017400166979,1,11,0,18,0,1,0,0,0,0,0,1,1,1,-1,-1,4250,2,12,3,1,3
2017400166979,2,98,0,18,0,8,0,0,0,0,0,1,6,1,32,6,-1,-1,-1,-1,-1,-1
2017400167210,1,9,0,18,0,0,1,0,0,0,1,1,6,1,18,4,1399,1,7,2,1,2
2017400167210,2,9,0,18,0,0,0,0,0,0,1,1,6,1,54,8,1400,2,10,8,1,8
2017400167240,1,9,0,10,0,0,0,0,0,0,0,1,6,1,47,8,1560,2,3,8,1,8
2017400167240,2,9,0,18,0,0,0,0,0,0,0,1,6,2,29,6,1968,2,1,9,1,9
2017400167312,1,9,0,18,0,0,0,0,0,0,3,1,6,1,-1,-1,2143,2,6,-1,-1,-1
2017400167312,2,9,0,18,0,0,0,0,0,0,0,1,1,1,40,7,2400,2,3,-1,-1,-1
2017400167312,3,9,0,18,0,0,0,0,0,0,3,1,2,2,32,6,1229,1,2,1,1,1
2017400167312,4,9,0,4,0,0,0,0,0,0,3,1,2,1,33,6,1798,1,6,9,1,9
2017400167312,5,9,0,3,0,0,0,0,0,0,3,1,6,2,28,6,1229,1,10,1,1,1
2017400167461,1,19,0,18,0,2,0,0,0,0,1,1,6,1,43,7,2198,2,2,-1,-1,-1
2017400167461,2,9,0,18,0,1,0,0,0,0,2,1,6,2,29,6,1598,2,1,4,1,4
2017400167551,1,19,0,18,0,1,0,0,0,0,1,1,1,1,50,8,2143,2,7,8,3,8
2017400167551,2,9,0,18,0,1,0,0,0,0,2,1,1,1,48,8,1997,2,3,3,1,3
2017400167593,1,9,0,18,0,0,0,0,0,0,1,1,6,3,-1,-1,-1,-1,-1,-1,-1,-1
2017400167593,2,98,0,2,0,0,0,0,0,0,2,1,6,1,-1,-1,-1,-1,-1,-1,-1,-1
2017400167609,1,3,0,14,0,0,0,0,0,0,1,1,6,1,23,5,125,1,12,2,1,2
2017400167609,2,9,0,9,0,0,0,0,0,0,3,1,6,1,-1,-1,1598,1,10,5,1,5