Accident_Index,Vehicle_Reference,Vehicle_Type,Towing_and_Articulation,Vehicle_Manoeuvre,Vehicle_Location-Restricted_Lane,Junction_Location,Skidding_and_Overturning,Hit_Object_in_Carriageway,Vehicle_Leaving_Carriageway,Hit_Object_off_Carriageway,1st_Point_of_Impact,Was_Vehicle_Left_Hand_Drive?,Journey_Purpose_of_Driver,Sex_of_Driver,Age_of_Driver,Age_Band_of_Driver,Engine_Capacity_(CC),Propulsion_Code,Age_of_Vehicle,Driver_IMD_Decile,Driver_Home_Area_Type,Vehicle_IMD_Decile
2017400176075,3,9,0,18,0,0,0,0,0,0,2,1,6,2,32,6,1229,1,3,7,1,7
2017400176075,4,9,0,18,0,0,0,0,0,0,4,1,6,1,36,7,1995,2,4,3,1,3
2017400176075,5,21,0,18,0,0,0,0,0,0,2,1,1,1,41,7,10837,2,4,6,1,6
2017400176075,6,9,0,18,0,0,0,0,0,0,4,1,6,1,52,8,1968,2,2,8,1,8
2017400176323,1,3,0,18,0,8,0,0,0,0,1,1,6,1,23,5,125,1,3,5,2,5
2017400176323,2,9,0,9,0,8,0,0,0,0,2,1,6,1,30,6,1560,2,2,7,2,7
2017400176344,2,98,0,18,0,0,0,0,0,0,4,1,6,3,-1,-1,-1,-1,-1,-1,-1,-1
2017400176418,1,98,1,12,0,0,0,0,0,0,3,1,1,1,32,6,-1,-1,-1,-1,-1,-1
2017400176418,2,9,0,18,0,0,1,0,2,7,4,1,6,1,53,8,1399,2,9,3,1,3
2017400176608,1,9,0,18,0,4,0,0,0,0,1,1,6,3,-1,-1,-1,-1,-1,-1,-1,-1
2017400176608,2,9,0,17,0,8,0,0,0,0,4,1,5,2,39,7,1199,1,16,2,1,2
2017400176691,1,9,0,3,0,0,0,0,0,0,3,1,6,1,37,7,1997,2,8,2,1,2
2017400176691,2,9,0,14,0,0,0,0,0,0,4,1,5,3,-1,-1,-1,-1,-1,-1,-1,-1
2017400176763,1,9,0,18,0,0,0,0,0,0,1,1,6,3,-1,-1,1199,1,13,-1,-1,-1
2017400176808,1,9,0,18,0,1,0,0,0,0,0,1,1,3,-1,-1,2400,2,3,-1,-1,-1
2017400176808,2,9,0,18,0,4,2,10,0,0,1,1,5,1,24,5,1968,2,4,4,1,4
2017400176848,1,2,0,18,0,1,2,0,0,0,1,1,5,1,16,4,49,1,3,7,1,7
2017400176848,2,9,0,3,0,1,0,0,0,0,2,1,5,1,38,7,1329,1,3,3,1,3
2017400176848,3,19,0,18,0,1,0,0,0,0,1,1,6,2,28,6,1995,2,10,3,1,3
2017400176881,1,9,0,18,0,0,0,10,7,11,1,1,2,2,-1,-1,1596,1,4,5,1,5
2017400176912,1,9,0,9,0,8,0,0,0,0,1,1,1,1,23,5,1398,1,1,3,1,3
2017400176912,2,9,0,18,0,8,0,0,0,0,1,1,6,2,67,10,1995,2,12,2,1,2
2017400177009,1,19,0,12,0,0,0,0,0,0,3,1,5,1,53,8,2299,2,5,6,1,6
2017400177009,2,9,0,13,0,0,0,0,0,0,4,1,6,1,-1,-1,2198,2,11,3,1,3
2017400177146,1,9,0,4,0,0,0,0,0,0,1,1,6,2,29,6,998,1,4,5,1,5
2017400177146,2,9,0,4,0,0,0,0,0,0,2,1,6,2,33,6,1560,2,6,3,1,3
2017400177389,1,9,0,18,0,0,1,0,1,2,1,1,1,2,22,5,1997,2,1,6,1,6
2017400177403,1,9,0,15,0,0,5,4,0,0,4,1,5,1,18,4,1149,1,11,7,3,7
2017400177403,2,19,0,2,0,0,0,0,0,0,3,1,5,1,27,6,2198,2,4,5,1,5
2017400177500,1,9,0,18,0,1,0,0,0,0,1,1,5,1,22,5,2143,2,3,1,1,1
2017400177561,1,9,0,4,0,1,0,0,0,0,0,1,5,1,43,7,1798,8,3,4,1,4
2017400177746,1,9,0,18,0,3,0,0,0,0,1,1,6,3,-1,-1,-1,-1,-1,-1,-1,-1
2017400177746,2,9,0,18,0,3,0,0,0,0,3,1,6,3,-1,-1,1422,2,7,-1,-1,-1
2017400177807,1,9,0,9,0,8,0,0,0,0,4,1,5,1,45,7,4008,1,18,2,2,2
2017400177807,2,3,0,18,0,8,0,0,0,0,1,1,5,1,24,5,125,1,1,2,1,2
2017400177887,1,2,0,18,0,1,0,0,0,0,1,1,5,1,23,5,49,1,12,2,1,2
2017400177887,2,9,0,10,0,8,0,0,0,0,1,1,5,1,28,6,999,1,1,4,1,4
2017400177977,1,9,0,18,0,0,0,0,0,0,4,1,5,1,41,7,1896,2,7,3,1,3
2017400177992,1,9,0,1,9,0,0,0,0,0,3,1,1,1,-1,-1,1794,1,13,3,1,3
2017400178310,1,9,0,18,0,0,0,0,0,0,1,1,2,2,55,8,998,1,2,8,1,8
2017400178310,2,9,0,4,0,0,0,0,0,0,2,1,2,2,18,4,998,1,13,2,1,2
2017400178441,1,98,0,1,0,1,0,0,0,0,2,1,1,1,44,7,-1,-1,-1,1,1,1
2017400178515,1,9,0,18,0,8,0,0,0,0,1,1,6,1,24,5,1124,1,14,4,1,4
2017400178515,2,9,0,9,0,6,0,0,0,0,1,1,6,2,35,6,1390,1,9,8,1,8
2017400178569,1,9,0,16,0,1,0,0,0,0,1,1,2,2,29,6,1200,1,1,8,1,8
2017400178569,2,9,0,17,0,2,0,0,0,0,1,1,2,2,30,6,998,1,11,10,1,10
2017400178569,3,19,0,17,0,2,0,0,0,0,1,1,2,1,47,8,1995,2,6,9,1,9
2017400178796,1,9,0,18,0,0,0,4,0,0,1,1,5,1,20,4,1997,1,5,1,1,1
2017400178796,2,9,0,3,0,0,0,0,0,0,1,1,5,2,24,5,1390,1,13,1,1,1
2017400178796,3,9,0,2,0,0,0,0,0,0,2,1,5,3,-1,-1,1598,2,5,-1,-1,-1
2017400178906,1,9,0,18,0,8,0,0,0,0,3,1,1,1,36,7,1995,2,11,-1,-1,-1
2017400178906,2,9,0,9,0,8,0,0,0,0,1,1,2,2,22,5,1598,1,4,6,1,6
2017400178940,1,-1,0,18,0,0,0,0,0,0,1,1,6,3,-1,-1,-1,-1,-1,-1,-1,-1
2017400179328,1,9,0,18,0,2,0,0,1,0,4,1,1,1,43,7,1956,2,5,-1,-1,-1
2017400179659,1,9,0,11,0,0,1,0,1,0,2,1,5,1,39,7,1968,2,10,5,1,5
2017400179659,2,21,1,18,0,0,0,0,1,0,1,1,1,1,46,8,12740,2,1,10,2,10
2017400179816,1,19,0,18,0,0,1,0,0,0,1,1,6,1,53,8,2151,2,14,-1,-1,-1
2017400179816,2,3,0,3,0,0,0,0,0,0,2,1,2,1,22,5,102,1,12,5,1,5
2017400179881,1,9,0,4,0,0,0,0,0,0,1,1,6,1,27,6,1596,1,12,2,1,2
2017400179899,1,9,0,18,0,0,0,0,0,0,1,1,6,1,38,7,1910,2,10,4,1,4
2017400179899,2,9,0,1,0,0,0,0,0,0,3,1,6,2,23,5,1248,2,9,2,1,2
2017400179909,1,9,0,4,0,1,0,0,0,0,1,1,6,1,46,8,1968,2,5,7,3,7
2017400179909,2,19,0,3,0,1,0,0,0,0,2,1,6,1,64,9,1753,2,10,3,1,3
2017400179964,1,9,0,18,0,0,2,10,1,0,4,1,5,2,25,5,1995,2,7,9,1,9
2017400179993,1,9,0,18,0,1,0,0,1,4,1,1,5,1,28,6,1399,1,1,2,1,2
2017400179993,2,9,0,18,0,1,0,0,0,0,0,1,5,3,-1,-1,-1,-1,-1,-1,-1,-1
2017400180041,2,3,0,18,0,0,1,0,0,0,4,1,6,1,26,6,124,1,3,6,1,6
2017400180041,3,3,0,7,0,0,0,0,0,0,1,1,6,1,51,8,125,1,5,4,1,4
2017400180124,1,-1,0,9,0,5,0,0,0,0,1,1,6,3,-1,-1,-1,-1,-1,-1,-1,-1
2017400180148,1,9,0,9,0,5,0,0,0,0,1,1,1,1,67,10,1497,8,9,8,1,8
2017400180148,2,5,0,18,0,1,0,0,0,0,1,1,5,1,46,8,998,1,11,6,3,6
2017400180192,1,9,0,18,0,0,0,0,0,0,0,1,1,1,49,8,1598,2,1,3,1,3
2017400180192,2,9,0,13,0,0,1,4,1,11,1,1,5,1,36,7,1900,2,13,5,1,5
2017400180192,3,9,0,18,0,0,0,0,0,0,3,1,5,2,58,9,1200,1,-1,5,2,5
2017400180192,4,9,0,18,0,0,1,4,0,0,3,1,5,1,42,7,1498,1,-1,5,2,5
2017400180192,5,19,0,2,0,0,0,0,0,0,4,1,5,3,-1,-1,2198,2,1,-1,-1,-1
2017400180192,6,19,0,2,0,0,0,0,0,0,2,1,5,3,-1,-1,2198,2,6,-1,-1,-1
2017400180245,1,9,0,18,0,0,1,0,2,0,1,1,5,1,38,7,1984,1,8,-1,-1,-1
2017400180245,2,9,0,18,0,0,0,0,0,0,2,1,5,2,32,6,-1,-1,-1,3,1,3
2017400180276,1,9,0,11,0,0,0,0,0,0,4,1,5,1,37,7,-1,-1,-1,1,1,1
2017400180276,2,9,0,18,0,0,0,0,0,0,3,1,5,1,66,10,-1,-1,-1,4,1,4
2017400180326,1,9,0,18,0,8,1,10,7,0,2,1,6,2,20,4,998,1,9,8,1,8
2017400180352,1,9,0,1,0,0,0,0,0,0,2,1,6,1,28,6,1753,2,7,1,1,1
2017400180431,1,9,0,3,0,0,0,0,0,0,2,1,1,1,54,8,3498,8,3,8,3,8
2017400180431,2,5,0,18,0,0,0,0,0,0,1,1,1,1,69,10,800,1,4,7,3,7
2017400180431,3,-1,0,9,0,0,0,0,0,0,0,1,1,3,-1,-1,-1,-1,-1,-1,-1,-1
2017400180484,1,19,0,18,0,0,1,0,0,0,1,1,2,1,37,7,1995,2,4,2,1,2
2017400180484,2,9,0,4,0,0,0,0,0,0,2,1,2,2,38,7,1560,2,1,3,1,3
2017400180520,1,9,0,18,0,0,0,0,0,0,1,1,6,1,26,6,1389,1,16,3,1,3
2017400180520,2,19,0,4,0,0,0,0,0,0,2,1,6,1,55,8,1560,2,8,5,3,5
2017400180520,3,9,0,18,0,0,0,0,0,0,0,1,1,1,48,8,1248,2,5,3,1,3
2017400180577,1,9,0,18,0,0,0,0,0,0,3,1,3,2,48,8,1796,1,11,7,1,7
2017400180622,1,9,0,18,0,0,0,0,0,0,1,1,2,1,37,7,1598,1,10,9,1,9
2017400180622,2,9,0,18,0,0,0,0,0,0,1,1,2,1,60,9,1796,1,13,5,1,5
2017400180713,1,19,0,18,0,0,0,0,0,0,1,1,1,1,52,8,2143,2,5,9,1,9
2017400180736,1,19,0,18,0,0,0,0,0,0,1,1,6,1,25,5,1560,2,3,4,1,4
2017400180736,2,9,0,4,0,0,0,0,0,0,2,1,6,2,53,8,1389,1,16,9,3,9
2017400180763,1,9,0,18,0,0,0,0,0,0,1,1,6,3,-1,-1,1997,2,1,-1,-1,-1
2017400180763,2,9,0,3,0,0,0,0,0,0,2,1,6,1,48,8,1686,2,6,3,1,3
2017400180868,1,21,1,18,0,0,1,0,0,0,1,1,1,1,61,9,10308,2,5,7,2,7
2017400180868,2,98,4,2,0,0,0,4,0,0,2,1,1,1,34,6,-1,-1,-1,-1,-1,-1
2017400181717,1,90,0,18,0,0,5,0,0,0,1,1,5,1,29,6,-1,-1,-1,9,2,9
2017400181777,1,3,0,18,0,1,2,4,0,0,1,1,6,1,28,6,124,1,9,2,1,2
2017400181777,2,9,0,18,0,1,0,0,0,0,0,1,5,1,45,7,2149,2,10,3,1,3
2017400181777,3,9,0,2,0,2,0,0,0,0,3,1,6,3,-1,-1,1329,1,5,-1,-1,-1
2017400181867,1,9,0,18,0,0,0,0,0,0,3,1,6,1,68,10,1968,2,8,7,1,7
2017400181867,2,9,0,18,0,0,0,0,0,0,3,1,1,1,55,8,-1,-1,-1,3,2,3
2017400181911,1,5,0,18,0,8,0,0,0,0,4,1,5,3,-1,-1,749,1,8,-1,-1,-1
2017400181911,2,9,0,18,0,4,0,0,0,0,4,1,3,3,-1,-1,1497,8,1,-1,-1,-1
2017400182210,1,9,0,18,0,2,1,4,7,0,1,1,2,2,33,6,1124,1,14,5,1,5
2017400182210,2,9,0,2,0,2,0,0,0,0,2,1,6,3,-1,-1,1560,2,3,-1,-1,-1
2017400182273,1,9,0,18,0,1,0,0,0,0,1,1,6,2,42,7,1242,1,9,10,1,10
2017400182273,2,1,0,9,0,5,0,0,0,0,1,1,6,1,42,7,-1,-1,-1,2,1,2
2017400182298,1,9,0,18,0,1,0,0,0,0,1,1,6,1,35,6,1794,1,11,9,1,9
2017400182298,2,9,0,4,0,1,0,0,0,0,2,1,6,1,42,7,2231,2,10,1,1,1
2017400182333,1,9,0,18,0,1,0,0,0,0,1,1,6,1,42,7,998,1,2,-1,-1,-1
2017400182352,1,5,0,18,0,1,2,0,0,0,1,1,5,1,23,5,599,1,18,10,2,10
2017400182352,2,9,0,10,0,1,0,0,0,0,2,1,5,1,68,10,1242,1,3,4,1,4
2017400182448,1,9,0,4,0,1,0,0,0,0,2,1,6,1,31,6,1968,2,8,6,1,6
2017400182448,2,9,0,18,0,1,0,0,0,0,1,1,6,2,56,9,1598,1,16,2,1,2
2017400182488,1,9,0,18,0,0,0,4,0,0,1,1,6,2,57,9,1240,1,14,9,3,9
2017400182488,2,9,0,2,0,0,0,0,0,0,2,1,6,1,-1,-1,1390,1,16,-1,-1,-1
2017400182488,3,9,0,2,0,0,0,0,0,0,1,1,6,2,-1,-1,-1,-1,-1,-1,-1,-1
2017400182537,1,9,0,9,0,8,0,0,0,0,4,1,5,1,39,7,1998,2,8,4,1,4
2017400182537,2,9,0,18,0,8,0,0,0,0,1,1,1,1,42,7,1396,1,18,5,3,5
2017400182694,1,9,0,7,0,8,0,0,0,0,1,1,1,1,41,7,1598,2,2,-1,-1,-1
2017400182694,2,9,0,18,0,8,0,0,0,0,4,1,5,1,38,7,1395,1,4,6,1,6
2017400182722,1,9,0,12,0,0,0,0,0,0,3,1,6,1,24,5,2143,2,6,3,1,3
2017400182722,2,9,0,18,0,0,0,0,0,0,4,1,6,2,23,5,1560,2,3,9,1,9
2017400182743,1,9,0,18,0,0,1,0,7,0,1,1,6,1,18,4,1349,1,9,3,1,3
2017400182743,2,9,0,2,9,0,0,0,0,0,4,1,6,3,-1,-1,1248,1,1,-1,-1,-1
2017400182781,1,2,0,4,0,0,1,0,0,0,1,1,1,1,16,4,-1,-1,-1,6,1,6
2017400182781,2,9,0,18,0,0,0,0,0,0,2,1,6,2,22,5,1527,2,15,2,1,2
2017400182789,1,9,0,4,0,1,0,0,0,0,1,1,6,2,48,8,1999,2,1,6,2,6
2017400182789,2,9,0,8,0,1,0,0,0,0,2,1,6,2,57,9,2179,2,2,-1,-1,-1
2017400182819,1,-1,0,17,0,0,0,0,0,0,0,1,6,3,-1,-1,-1,-1,-1,-1,-1,-1
2017400182819,2,9,0,17,0,0,1,0,7,1,3,1,5,2,36,7,1968,2,3,4,3,4
2017400182848,1,9,0,9,0,6,0,0,0,0,3,1,3,3,-1,-1,1368,1,13,-1,-1,-1
2017400182848,2,9,0,18,0,8,0,0,0,0,4,1,1,2,30,6,1240,1,11,3,2,3
2017400182901,1,21,0,16,0,2,0,0,0,0,3,1,1,1,29,6,3920,2,13,5,1,5
2017400182901,2,98,0,17,0,1,0,0,0,0,3,1,6,3,-1,-1,-1,-1,-1,-1,-1,-1
2017400182936,1,19,0,18,0,1,0,0,0,0,1,1,5,2,35,6,2402,2,10,8,1,8
2017400182936,2,9,0,9,0,1,0,0,0,0,2,1,5,2,40,7,1999,2,-1,9,1,9
2017400182988,1,9,0,1,9,0,0,4,0,0,2,1,6,1,33,6,1995,2,12,9,1,9
2017400182988,2,9,0,2,9,0,0,0,0,0,1,1,6,1,46,8,1598,1,5,9,1,9
2017400183035,1,10,0,18,0,5,0,0,0,0,1,1,6,3,-1,-1,-1,-1,-1,-1,-1,-1
2017400183035,2,1,0,7,4,5,0,0,0,0,4,1,5,1,52,8,-1,-1,-1,10,1,10
2017400183112,1,9,0,9,0,8,0,0,0,0,1,1,2,1,66,10,1797,8,3,6,3,6
2017400183112,2,1,0,17,0,8,0,0,0,0,1,1,2,1,47,8,-1,-1,-1,9,1,9
2017400183196,1,9,0,9,0,8,0,0,0,0,4,1,6,2,-1,-1,1299,1,10,-1,-1,-1
2017400183196,2,9,0,18,0,8,0,0,0,0,1,1,6,1,25,5,1998,2,10,9,2,9
2017400183206,1,-1,0,18,0,1,0,0,0,0,1,1,6,3,-1,-1,-1,-1,-1,-1,-1,-1
2017400183206,2,9,0,3,0,1,0,0,0,0,2,1,6,2,43,7,2400,2,9,7,1,7
2017400183212,1,9,0,4,0,1,0,0,0,0,4,1,5,2,41,7,1598,1,7,2,1,2
2017400183261,1,9,0,4,0,0,0,0,0,0,2,1,5,1,-1,-1,1984,1,10,6,1,6
2017400183261,2,9,0,13,0,0,0,0,0,0,1,1,2,1,-1,-1,2967,2,3,4,1,4
2017400183316,1,21,1,11,0,0,0,0,0,0,4,1,1,1,46,8,10677,2,-1,7,1,7
2017400183316,2,9,0,18,0,0,1,0,0,0,3,1,5,1,46,8,1596,1,11,10,1,10
2017400183316,3,9,0,18,0,0,0,0,0,0,4,1,5,2,32,6,1896,2,10,4,1,4
2017400183360,1,9,0,1,0,0,0,0,0,0,2,1,6,1,32,6,2204,2,10,8,1,8
2017400183399,1,9,0,9,0,8,0,0,0,0,1,1,1,1,38,7,1598,2,5,7,1,7
2017400183399,2,1,0,18,0,8,0,0,0,0,4,1,4,2,11,3,-1,-1,-1,7,1,7
2017400183418,1,9,0,15,0,0,1,0,1,0,1,1,6,1,30,6,1796,1,17,9,2,9
2017400183418,2,9,0,18,0,0,0,0,0,0,1,1,6,1,51,8,2143,2,2,9,1,9
2017400183484,1,9,0,9,0,8,0,0,0,0,3,1,6,1,29,6,1389,1,11,2,1,2
2017400183484,2,9,0,18,0,8,0,0,0,0,1,1,6,1,41,7,1896,2,17,5,1,5
2017400183515,1,5,0,4,0,1,2,0,0,0,4,1,1,1,44,7,1157,1,12,5,1,5
2017400183529,1,9,0,18,0,1,0,0,0,0,1,1,6,1,28,6,-1,-1,-1,5,3,5
2017400183529,2,9,0,3,0,1,0,0,0,0,2,1,6,2,23,5,1229,1,3,9,3,9
2017400183737,1,9,0,17,0,1,0,0,1,0,1,1,6,2,31,6,2360,1,17,6,1,6
2017400183762,1,9,0,18,0,0,0,4,0,0,1,1,1,1,53,8,1997,2,13,8,1,8
2017400183762,2,9,0,2,0,0,0,11,0,0,2,1,5,3,-1,-1,1229,1,9,-1,-1,-1
2017400183919,1,9,0,18,0,4,5,9,3,4,1,1,5,1,36,7,1595,1,13,3,1,3
2017400183929,1,9,0,18,0,0,0,0,0,0,3,1,6,2,22,5,1242,1,6,4,1,4
2017400183929,2,9,0,18,0,0,0,0,0,0,1,1,6,1,22,5,1596,1,11,3,1,3
2017400183971,1,9,0,18,0,0,1,0,0,0,3,1,6,2,71,10,1956,2,2,5,3,5
2017400183971,2,9,0,2,0,0,0,0,0,0,3,1,6,3,-1,-1,1896,2,14,-1,-1,-1
2017400183998,1,9,0,18,0,0,0,0,1,7,4,1,6,2,30,6,-1,-1,-1,-1,-1,-1
2017400184040,1,9,0,18,0,0,0,0,0,0,3,1,5,3,-1,-1,-1,-1,-1,-1,-1,-1
2017400184103,1,9,-1,18,0,0,0,0,0,0,3,1,6,2,42,7,1229,1,9,4,1,4
2017400184103,2,5,0,18,0,0,2,0,0,0,1,1,6,1,29,6,-1,-1,-1,9,1,9
2017400184161,1,9,0,18,0,2,0,11,0,0,1,1,1,1,27,6,1388,1,15,10,1,10
2017400184183,1,9,0,18,0,0,0,0,0,0,1,1,6,3,-1,-1,1398,1,3,4,1,4
2017400184183,2,9,0,18,0,0,0,0,0,0,2,1,6,1,27,6,973,1,15,2,1,2
2017400184215,1,9,0,18,0,1,0,0,0,0,0,1,1,1,32,6,2993,2,1,2,1,2
2017400184215,2,9,0,18,0,1,1,0,0,0,1,1,6,1,19,4,1796,1,11,-1,-1,-1
2017400184215,3,9,0,3,0,1,0,0,0,0,2,1,1,1,31,6,1968,2,4,3,1,3
2017400184215,4,98,0,3,0,1,0,0,0,0,2,1,1,1,47,8,-1,-1,-1,4,1,4
2017400184215,5,9,0,3,0,1,0,0,0,0,2,1,6,2,52,8,1686,2,13,1,1,1
2017400184263,1,9,0,18,0,0,0,0,0,0,1,1,5,2,48,8,-1,-1,-1,7,1,7
2017400184337,1,9,0,18,0,3,1,0,0,0,1,1,2,1,39,7,1796,1,14,3,1,3
2017400184337,2,9,0,18,0,1,0,0,0,0,3,1,2,2,39,7,1968,2,-1,9,2,9
2017400184410,1,9,0,9,0,8,0,0,0,0,3,1,1,1,25,5,1149,1,15,9,1,9
2017400184410,2,5,0,13,0,8,0,0,0,0,1,1,5,1,17,4,124,1,4,4,1,4
2017400184444,1,9,0,18,0,0,0,0,0,0,1,1,2,2,51,8,1769,1,14,2,1,2
2017400184444,2,9,0,4,0,0,0,0,0,0,2,1,2,1,32,6,1995,2,12,4,1,4
2017400184444,3,9,0,4,0,0,0,0,0,0,2,1,2,1,26,6,2143,2,3,5,1,5
2017400184526,1,9,0,18,0,0,0,0,0,0,1,1,5,2,21,5,-1,-1,-1,3,1,3
2017400184526,2,9,0,4,0,0,0,0,0,0,2,1,5,1,33,6,1998,2,7,4,3,4
2017400184548,1,9,0,18,0,0,0,0,2,11,1,1,6,1,46,8,1998,1,11,4,1,4
2017400184558,1,9,0,18,0,0,0,0,0,0,1,1,5,1,74,10,1240,1,13,8,3,8
2017400184558,2,9,0,4,0,0,0,0,0,0,2,1,5,2,35,6,1796,1,10,4,1,4
2017400184622,1,8,0,18,0,8,0,0,0,0,4,1,1,3,-1,-1,-1,-1,-1,-1,-1,-1
2017400184622,2,1,0,18,0,8,0,0,0,0,3,1,2,2,32,6,-1,-1,-1,3,1,3
2017400184657,1,9,0,18,0,1,0,0,0,0,1,1,5,1,35,6,1995,2,12,9,1,9
2017400184672,1,9,0,18,0,0,0,4,0,0,1,1,5,1,19,4,1390,1,3,8,1,8
2017400184672,2,9,0,3,0,0,0,4,0,0,2,1,1,1,41,7,1796,1,14,5,2,5
2017400184672,3,9,0,2,0,0,0,12,0,0,1,1,1,3,-1,-1,1229,1,12,-1,-1,-1
2017400184718,1,9,0,18,0,1,0,0,0,0,2,1,6,1,48,8,1389,1,19,2,1,2
2017400184718,2,19,0,18,0,1,0,0,0,0,2,1,6,2,41,7,1598,2,1,-1,-1,-1
2017400184718,3,9,0,18,0,1,0,0,0,0,1,1,6,1,53,8,1598,2,2,-1,-1,-1
2017400184741,1,9,0,18,0,0,0,0,0,0,1,1,6,2,19,4,1242,1,8,6,3,6
2017400184741,2,19,0,4,0,0,0,0,0,0,2,1,6,1,44,7,1995,2,6,9,1,9
2017400184741,3,9,0,3,0,0,0,0,0,0,2,1,6,2,39,7,1995,2,6,9,1,9
2017400184831,1,9,0,18,0,3,0,0,0,0,1,1,6,3,-1,-1,-1,-1,-1,-1,-1,-1
2017400184831,2,1,0,18,0,2,0,0,0,0,3,1,6,1,16,4,-1,-1,-1,2,1,2
2017400184848,1,9,0,3,0,4,0,0,0,0,1,1,6,1,59,9,2148,2,14,6,1,6
2017400184916,1,9,0,18,0,2,0,0,0,0,1,1,2,1,46,8,1896,2,14,2,1,2
2017400184933,1,9,0,9,0,8,0,0,0,0,1,1,2,1,28,6,1360,1,11,3,1,3
2017400184933,2,1,0,18,0,8,0,0,0,0,1,1,2,2,46,8,-1,-1,-1,10,1,10
2017400184943,1,9,0,18,0,1,0,0,0,0,2,1,6,3,-1,-1,1124,1,16,-1,-1,-1
2017400185001,1,9,0,6,0,0,0,0,0,0,3,1,6,1,57,9,2793,1,19,7,3,7
2017400185001,2,5,0,13,0,0,0,0,0,0,1,1,6,1,37,7,645,1,1,10,1,10
2017400185029,1,9,0,18,0,0,0,0,0,0,1,1,2,1,23,5,1248,1,8,10,2,10
2017400185029,2,9,0,4,0,0,0,0,0,0,2,1,2,2,27,6,1496,2,1,9,2,9
2017400185051,1,9,0,17,0,0,1,0,7,4,1,1,5,1,44,7,1995,2,12,1,1,1
2017400185057,1,19,0,4,0,0,0,0,0,0,2,1,1,1,42,7,1248,2,-1,1,1,1
2017400185057,2,19,0,18,0,0,0,0,0,0,1,1,1,1,32,6,2198,2,2,-1,-1,-1
2017400185112,1,1,0,12,0,1,0,0,0,0,1,1,6,1,-1,-1,-1,-1,-1,-1,-1,-1
2017400185112,2,9,0,18,0,2,0,0,0,0,3,1,2,1,22,5,-1,-1,-1,10,1,10
2017400185135,1,19,0,18,0,0,0,0,5,6,3,1,2,1,40,7,1560,2,3,6,1,6
2017400185173,1,98,0,16,0,0,1,10,1,9,4,1,6,2,30,6,-1,-1,-1,10,1,10
2017400185300,1,9,0,18,0,0,0,0,0,0,4,1,1,2,-1,-1,1896,2,8,2,1,2
2017400185341,1,9,0,18,0,1,0,0,0,0,1,1,6,1,31,6,1395,1,1,10,2,10
2017400185341,2,9,0,3,0,1,0,0,0,0,2,1,6,2,48,8,1798,1,7,3,1,3
2017400185356,1,9,0,18,0,1,0,0,0,0,1,1,6,1,36,7,1461,2,4,-1,-1,-1
2017400185356,2,9,0,18,0,1,0,0,0,0,4,1,6,1,-1,-1,-1,-1,-1,4,1,4
2017400185356,3,9,0,2,0,1,0,0,0,0,0,1,6,1,45,7,2400,2,3,-1,-1,-1
2017400185401,1,9,0,18,0,8,0,0,0,0,1,1,5,1,42,7,2171,1,12,2,1,2
2017400185401,2,9,0,18,0,8,0,0,0,0,1,1,5,1,25,5,1896,2,10,6,1,6
2017400186010,1,9,0,18,0,8,0,0,0,0,1,1,6,1,-1,-1,1686,2,5,-1,-1,-1
2017400186010,2,9,0,18,0,4,0,0,0,0,4,1,6,1,19,4,1496,2,2,3,1,3
2017400186010,3,9,0,18,0,3,0,0,0,0,3,1,6,1,41,7,2204,2,11,2,1,2
2017400186112,1,9,0,18,0,4,0,0,0,0,1,1,5,1,77,11,1198,1,1,4,1,4
2017400186112,2,5,0,18,0,8,0,0,0,0,4,1,5,1,54,8,1170,1,3,10,1,10
2017400186153,1,9,0,18,0,0,0,4,0,0,1,1,5,2,40,7,1598,1,14,2,1,2
2017400186153,2,9,0,2,9,0,0,0,1,2,2,1,5,3,-1,-1,1968,2,3,-1,-1,-1
2017400186194,1,9,0,9,0,6,0,0,0,0,3,1,5,1,57,9,1685,2,3,9,1,9
2017400186194,2,3,0,14,0,8,0,0,0,0,1,1,6,1,24,5,124,1,4,3,1,3
2017400186226,1,9,0,4,0,1,0,0,0,0,1,1,2,1,25,5,1598,2,7,5,3,5
2017400186226,2,9,0,3,0,1,0,0,0,0,2,1,2,1,32,6,1995,2,13,8,3,8
2017400186345,1,9,0,18,0,0,0,0,0,0,3,1,5,1,41,7,1364,1,11,4,1,4
2017400186345,2,9,0,3,0,0,0,0,0,0,4,1,5,2,69,10,1781,1,16,6,2,6
2017400186417,1,1,0,15,0,0,5,7,0,0,1,1,5,1,70,10,-1,-1,-1,2,1,2
2017400186471,1,98,1,17,0,8,0,0,0,0,1,1,1,1,37,7,-1,-1,-1,-1,-1,-1
2017400186471,2,9,0,7,0,3,0,0,0,0,4,1,5,2,31,6,1395,1,1,3,1,3
2017400186521,1,9,0,18,0,3,0,0,0,0,1,1,6,2,18,4,999,1,2,-1,-1,-1
2017400186521,2,1,0,11,0,3,0,0,0,0,3,1,6,1,64,9,-1,-1,-1,8,2,8
2017400186591,1,1,0,18,0,0,5,0,0,0,3,1,5,1,13,3,-1,-1,-1,4,1,4
2017400186591,2,5,0,18,0,0,1,0,0,0,1,1,5,1,50,8,599,1,23,3,1,3
2017400186600,1,9,0,9,0,8,0,0,0,0,3,1,6,2,49,8,1598,1,13,6,1,6