Accident_Index,Vehicle_Reference,Vehicle_Type,Towing_and_Articulation,Vehicle_Manoeuvre,Vehicle_Location-Restricted_Lane,Junction_Location,Skidding_and_Overturning,Hit_Object_in_Carriageway,Vehicle_Leaving_Carriageway,Hit_Object_off_Carriageway,1st_Point_of_Impact,Was_Vehicle_Left_Hand_Drive?,Journey_Purpose_of_Driver,Sex_of_Driver,Age_of_Driver,Age_Band_of_Driver,Engine_Capacity_(CC),Propulsion_Code,Age_of_Vehicle,Driver_IMD_Decile,Driver_Home_Area_Type,Vehicle_IMD_Decile
2017400186600,2,1,0,18,0,8,0,0,0,0,4,1,6,1,36,7,-1,-1,-1,9,1,9
2017400186628,1,11,0,18,0,0,0,0,0,0,4,1,1,1,43,7,9000,2,12,4,1,4
2017400186633,1,1,0,18,0,0,0,0,0,0,2,1,5,1,58,9,-1,-1,-1,7,1,7
2017400186633,2,9,0,18,0,0,0,0,0,0,3,1,6,1,48,8,3246,1,14,3,1,3
2017400186651,1,9,0,18,0,0,0,0,0,0,1,1,5,1,23,5,1685,2,1,5,1,5
2017400186662,1,11,0,18,0,0,0,0,0,0,1,1,1,1,24,5,9360,2,6,5,1,5
2017400186662,2,19,0,4,0,0,0,0,0,0,2,1,2,1,36,7,1968,2,1,8,3,8
2017400186662,3,9,0,4,0,0,0,0,0,0,2,1,6,1,58,9,1318,1,1,10,3,10
2017400186739,1,9,0,18,0,0,1,0,4,6,3,1,1,2,23,5,1200,1,4,7,1,7
2017400186758,1,1,0,7,0,2,0,0,0,0,3,1,6,1,30,6,-1,-1,-1,1,1,1
2017400186758,2,8,0,18,0,8,0,0,0,0,4,1,1,1,66,10,1598,2,-1,2,1,2
2017400186781,1,19,0,18,0,0,0,0,0,0,1,1,1,1,53,8,2488,2,7,5,2,5
2017400186781,2,9,0,18,0,0,0,0,0,0,1,1,1,1,38,7,898,1,1,2,1,2
2017400186800,1,9,0,18,0,8,0,0,0,0,1,1,6,2,-1,-1,1395,1,1,9,2,9
2017400186821,1,9,0,18,0,0,0,0,4,6,1,1,6,1,37,7,1995,2,7,8,1,8
2017400186821,2,9,0,4,0,0,0,0,0,0,2,1,2,2,26,6,1968,2,11,1,1,1
2017400186843,1,9,0,4,0,0,0,0,0,0,2,1,6,2,36,7,2967,2,7,9,1,9
2017400186843,2,9,0,3,0,0,0,0,0,0,1,1,5,2,22,5,1229,1,12,3,1,3
2017400186857,1,9,0,18,0,4,0,0,0,0,1,1,6,1,78,11,2496,1,14,2,1,2
2017400186857,2,9,0,18,0,3,0,0,0,0,3,1,6,1,18,4,1248,2,4,2,1,2
2017400186892,1,21,1,5,0,4,0,0,0,0,3,1,1,1,-1,-1,12900,2,5,4,3,4
2017400186892,2,5,0,18,0,8,2,0,0,0,4,1,6,1,60,9,1050,1,7,7,1,7
2017400186900,1,9,0,18,0,8,0,0,0,0,1,1,6,1,25,5,1956,2,3,9,1,9
2017400186900,2,9,0,9,0,8,0,0,3,0,3,1,6,1,21,5,1229,1,3,8,1,8
2017400186900,3,9,0,4,0,1,0,0,0,0,1,1,6,1,26,6,2402,2,5,8,1,8
2017400186931,1,98,0,18,0,0,0,0,0,0,4,1,1,3,-1,-1,-1,-1,-1,-1,-1,-1
2017400186964,1,9,0,18,0,0,0,0,0,0,3,1,6,3,-1,-1,1951,2,15,-1,-1,-1
2017400186964,2,9,0,18,0,0,0,10,1,0,3,1,5,1,44,7,1596,1,16,7,2,7
2017400186969,1,9,0,17,0,8,2,0,7,10,1,1,2,1,25,5,-1,-1,-1,8,3,8
2017400186969,2,-1,0,16,0,8,0,0,0,0,0,1,6,3,-1,-1,-1,-1,-1,-1,-1,-1
2017400186987,1,9,0,13,0,0,1,0,5,6,3,1,5,1,32,6,3498,1,13,9,3,9
2017400187000,1,9,0,4,0,1,0,0,0,0,1,1,6,1,34,6,2987,2,1,8,1,8
2017400187000,2,9,0,3,0,1,0,0,0,0,2,1,6,2,25,5,1242,1,7,2,1,2
2017400187526,1,19,0,18,0,4,0,0,0,0,1,1,6,1,31,6,2461,2,14,6,1,6
2017400187526,2,9,0,3,0,1,0,0,0,0,2,1,6,2,30,6,1497,8,4,3,1,3
2017400187543,1,19,0,16,0,2,0,0,0,0,4,1,3,1,30,6,1995,2,4,1,1,1
2017400187560,1,9,0,9,0,6,0,0,0,0,3,1,1,1,51,8,1998,2,12,4,1,4
2017400187560,2,9,0,18,0,8,0,0,0,0,1,1,6,2,25,5,1198,1,10,4,1,4
2017400187613,1,9,0,18,0,0,0,4,0,0,1,1,5,2,77,11,1599,1,8,6,1,6
2017400187613,2,9,0,2,0,0,0,0,0,0,2,1,6,3,-1,-1,2496,2,15,-1,-1,-1
2017400187668,1,9,0,9,0,6,0,0,0,0,3,1,5,1,26,6,-1,-1,-1,-1,-1,-1
2017400187668,2,5,0,17,0,8,0,0,0,0,4,1,1,1,32,6,883,1,-1,5,3,5
2017400187699,1,19,4,4,0,1,0,0,0,0,1,1,1,1,31,6,2402,2,15,8,2,8
2017400187699,2,9,0,4,0,1,0,0,0,0,2,1,6,2,53,8,1388,1,10,4,1,4
2017400187699,3,9,0,3,0,1,0,0,0,0,2,1,6,2,42,7,1560,2,3,5,3,5
2017400187762,1,9,0,18,0,1,0,0,0,0,1,1,6,3,-1,-1,-1,-1,-1,-1,-1,-1
2017400187762,2,1,0,18,0,2,5,0,1,11,2,1,5,1,11,3,-1,-1,-1,9,1,9
2017400187790,1,1,0,16,0,0,5,0,0,0,1,1,5,1,59,9,-1,-1,-1,8,3,8
2017400187790,2,21,0,3,0,0,0,0,0,0,1,1,1,1,59,9,10837,2,-1,4,2,4
2017400187830,1,9,0,18,0,0,0,0,0,0,1,1,5,2,52,8,2688,2,12,9,3,9
2017400187830,2,9,0,18,0,0,0,0,0,0,3,1,1,1,31,6,1598,1,16,2,1,2
2017400187864,1,9,0,18,0,0,0,0,0,0,0,1,6,3,-1,-1,-1,-1,-1,-1,-1,-1
2017400187864,2,19,0,18,0,0,2,10,7,9,1,1,6,1,24,5,1995,2,9,10,1,10
2017400187927,1,9,0,16,0,0,1,0,0,0,1,1,6,1,28,6,1199,1,16,3,1,3
2017400187927,2,19,0,17,0,0,0,0,0,0,1,1,2,1,32,6,1968,2,1,4,1,4
2017400187953,1,9,0,5,0,8,0,0,0,0,1,1,6,1,-1,-1,2496,1,14,-1,-1,-1
2017400188014,1,9,0,4,0,1,0,0,0,0,1,1,6,2,31,6,1242,1,12,4,1,4
2017400188014,2,1,0,18,0,8,5,0,0,0,4,1,6,2,55,8,-1,-1,-1,7,1,7
2017400188072,1,9,0,18,0,0,0,4,0,0,4,1,5,1,41,7,1991,2,13,3,1,3
2017400188072,2,9,0,2,0,0,0,0,0,0,3,1,5,1,51,8,1896,2,12,2,1,2
2017400188072,3,9,0,2,0,0,0,0,0,0,3,1,5,2,39,7,1329,1,7,2,1,2
2017400188127,1,9,0,18,0,0,5,0,0,0,4,1,2,1,43,7,1995,2,4,6,3,6
2017400188127,2,21,1,18,0,0,0,0,0,0,3,1,1,1,33,6,15607,2,13,6,3,6
2017400188151,1,9,0,18,0,3,0,0,7,11,1,1,5,2,22,5,1149,1,16,2,1,2
2017400188167,1,3,0,13,0,8,1,0,0,0,1,1,6,3,-1,-1,124,1,13,-1,-1,-1
2017400188167,2,9,0,9,0,8,0,0,0,0,3,1,5,2,19,4,1149,1,12,6,1,6
2017400188203,1,9,0,18,0,0,0,0,0,0,1,1,6,2,35,6,1591,1,8,9,3,9
2017400188235,1,19,0,18,0,0,0,0,0,0,1,1,1,1,-1,-1,1870,2,13,9,3,9
2017400188344,1,11,0,18,0,1,0,0,0,0,4,1,6,3,-1,-1,-1,-1,-1,-1,-1,-1
2017400188493,1,9,0,9,0,8,0,0,0,0,4,1,2,1,50,8,2494,8,2,10,2,10
2017400188493,2,1,0,18,0,8,0,0,0,0,1,1,2,1,50,8,-1,-1,-1,3,1,3
2017400188519,1,9,0,18,0,1,0,0,0,0,1,1,6,1,30,6,1560,2,12,3,3,3
2017400188519,2,9,0,8,0,1,0,0,0,0,2,1,6,1,21,5,1299,1,15,5,1,5
2017400188550,1,21,0,18,0,1,0,0,0,0,1,1,1,1,40,7,5900,2,10,6,1,6
2017400188550,2,9,0,4,0,1,0,0,0,0,2,1,5,1,29,6,1461,2,2,7,1,7
2017400188569,1,1,0,18,0,0,0,0,0,0,3,1,5,1,21,5,-1,-1,-1,1,1,1
2017400188569,2,9,0,18,0,0,0,0,0,0,1,1,5,2,66,10,1498,1,11,3,1,3
2017400188592,1,9,0,1,0,0,0,0,0,0,2,1,5,1,46,8,2979,1,15,1,1,1
2017400188592,2,9,0,18,0,0,0,0,0,0,1,1,5,3,-1,-1,1984,2,6,-1,-1,-1
2017400188612,1,9,0,4,0,1,0,0,0,0,1,1,6,1,66,10,1364,1,2,9,1,9
2017400188612,2,1,0,18,0,8,0,0,0,0,4,1,2,1,40,7,-1,-1,-1,1,1,1
2017400188649,1,9,0,18,0,1,0,0,0,0,2,1,6,1,37,7,1598,1,12,-1,-1,-1
2017400188649,2,9,0,3,0,1,0,0,0,0,2,1,6,1,47,8,1598,1,10,2,1,2
2017400188649,3,9,0,3,0,1,0,0,0,0,1,1,6,1,37,7,1796,1,14,2,1,2
2017400188673,1,9,0,9,0,8,0,0,0,0,4,1,5,1,62,9,1998,1,13,6,1,6
2017400188673,2,9,0,18,0,8,0,0,0,0,1,1,5,1,55,8,1598,1,9,5,1,5
2017400188815,1,21,0,9,0,6,0,0,0,0,2,1,1,1,49,8,3920,2,5,7,1,7
2017400188815,2,5,0,18,0,8,2,0,0,0,1,1,2,1,25,5,1000,1,9,4,1,4
2017400188898,1,9,0,3,0,0,0,0,0,0,2,1,6,1,29,6,1461,2,2,5,1,5
2017400188898,2,9,0,5,0,0,0,0,0,0,1,1,5,2,48,8,5462,1,10,5,1,5
2017400188998,1,9,0,18,0,0,0,0,0,0,3,1,6,1,17,4,1968,2,6,-1,-1,-1
2017400188998,2,9,0,4,0,0,0,0,0,0,3,1,6,1,20,4,1796,1,8,10,1,10
2017400189037,1,9,0,18,0,1,0,0,0,0,1,1,5,2,66,10,1398,1,1,5,1,5
2017400189037,2,9,0,11,0,1,0,0,0,0,4,1,5,1,59,9,2494,8,1,9,1,9
2017400189037,3,9,0,18,0,1,0,0,1,0,2,1,5,1,59,9,2996,1,8,7,1,7
2017400189075,1,9,0,18,0,8,0,0,0,0,1,1,6,1,23,5,1199,2,6,3,1,3
2017400189075,2,9,0,4,0,1,0,0,0,0,2,1,1,1,52,8,1797,8,5,4,1,4
2017400189123,1,11,0,18,0,0,0,0,0,0,1,1,6,3,-1,-1,9000,2,12,-1,-1,-1
2017400189209,1,9,0,4,0,0,5,10,1,0,4,1,6,1,19,4,1364,1,8,4,1,4
2017400189282,1,9,0,7,0,8,0,0,1,0,3,1,6,2,20,4,998,8,-1,9,2,9
2017400189282,2,11,0,18,2,8,0,0,0,0,4,1,1,1,28,6,6700,2,6,9,1,9
2017400189288,1,1,0,18,5,0,0,0,0,0,0,1,5,1,81,11,-1,-1,-1,8,1,8
2017400189354,1,90,0,18,0,0,5,0,0,0,1,1,6,1,38,7,-1,-1,-1,1,1,1
2017400189362,1,10,0,18,0,0,0,0,0,0,4,1,6,1,70,10,-1,-1,-1,-1,-1,-1
2017400189414,1,9,0,18,9,1,0,0,7,0,1,1,6,1,41,7,1560,2,1,3,1,3
2017400189502,1,9,0,9,0,8,0,0,0,0,4,1,1,1,27,6,-1,-1,-1,8,1,8
2017400189502,2,9,0,18,0,1,1,0,0,0,1,1,5,1,20,4,1275,1,25,9,1,9
2017400189627,1,9,0,18,0,0,0,0,0,0,1,1,6,1,19,4,1910,2,9,3,1,3
2017400189637,1,97,0,18,0,8,0,0,0,0,3,1,6,3,-1,-1,-1,-1,-1,-1,-1,-1
2017400189637,2,9,0,9,0,8,0,0,0,0,1,1,5,1,52,8,1685,2,1,10,1,10
2017400189753,1,9,0,18,0,0,0,0,0,0,1,1,5,2,69,10,1242,1,3,4,1,4
2017400189794,1,9,0,18,0,0,0,0,0,0,1,1,6,3,-1,-1,-1,-1,-1,-1,-1,-1
2017400189985,1,5,0,16,0,0,1,0,7,9,1,1,5,1,29,6,1050,1,9,1,1,1
2017400190030,1,9,0,5,0,8,0,0,0,0,3,1,6,2,37,7,1896,2,11,8,2,8
2017400190030,2,1,0,18,0,8,0,0,0,0,1,1,6,1,39,7,-1,-1,-1,8,1,8
2017400190078,1,9,0,17,0,0,0,0,0,0,1,1,5,1,76,11,3199,1,15,6,1,6
2017400190078,2,9,0,16,0,0,0,0,0,0,1,1,5,1,69,10,1197,1,5,8,3,8
2017400190118,1,9,0,11,0,0,0,0,0,0,3,1,6,2,24,5,2993,2,2,7,1,7
2017400190118,2,9,0,4,0,0,0,0,0,0,2,1,1,1,63,9,1995,2,5,6,2,6
2017400190118,3,9,0,18,0,0,0,0,0,0,3,1,5,1,38,7,1598,2,7,-1,-1,-1
2017400190118,4,9,0,18,0,0,0,0,0,0,3,1,5,1,22,5,1995,1,10,3,1,3
2017400190118,5,19,0,18,0,0,0,0,0,0,2,1,6,1,32,6,2402,2,10,7,1,7
2017400190218,1,98,1,17,0,8,0,0,0,0,3,1,1,1,44,7,-1,-1,-1,3,1,3
2017400190218,2,9,0,11,0,3,2,0,0,0,4,1,1,1,51,8,-1,-1,-1,5,1,5
2017400190281,1,9,0,18,0,1,0,4,0,0,1,1,6,2,45,7,1197,1,2,5,1,5
2017400190281,2,98,0,2,4,1,0,4,0,0,3,1,5,3,-1,-1,-1,-1,-1,-1,-1,-1
2017400190281,3,9,0,2,4,1,0,0,0,0,2,1,5,2,-1,-1,1248,2,9,5,1,5
2017400190355,1,9,0,4,0,0,1,0,0,0,1,1,5,1,20,4,1598,2,4,7,1,7
2017400190355,2,9,0,3,0,0,0,0,0,0,2,1,5,1,33,6,1596,1,15,8,1,8
2017400190408,1,9,0,9,0,6,0,0,0,0,1,1,1,2,43,7,1388,1,13,5,1,5
2017400190408,2,4,0,18,0,8,0,0,0,0,1,1,1,1,53,8,498,1,21,7,3,7
2017400190422,1,9,0,1,0,8,0,0,0,0,3,1,2,1,34,6,1368,1,7,4,1,4
2017400190422,2,9,0,14,0,1,0,0,0,0,1,1,2,1,39,7,-1,3,2,3,1,3
2017400190472,1,9,0,18,0,0,0,0,0,0,1,1,6,3,-1,-1,1596,1,8,-1,-1,-1
2017400190472,2,8,0,3,0,0,0,0,0,0,2,1,6,1,42,7,1797,8,3,3,1,3
2017400190517,1,98,1,16,0,0,0,0,0,0,3,1,1,3,-1,-1,-1,-1,-1,-1,-1,-1
2017400190517,2,98,0,17,0,0,0,0,0,0,3,1,1,1,55,8,-1,-1,-1,4,1,4
2017400190543,1,21,0,18,0,0,0,0,0,0,4,1,6,1,33,6,12419,2,2,5,1,5
2017400190543,2,1,0,18,0,0,0,0,0,0,3,1,2,1,36,7,-1,-1,-1,3,1,3
2017400190638,1,9,0,12,0,0,0,0,0,0,3,1,5,1,17,4,1364,1,10,1,1,1
2017400190638,2,5,0,18,0,0,0,0,0,0,1,1,5,1,45,7,645,1,18,-1,-1,-1
2017400190705,1,9,0,18,0,0,0,0,0,0,1,1,6,1,22,5,1997,2,12,8,1,8
2017400190705,2,1,0,18,0,0,0,0,0,0,3,1,6,1,14,3,-1,-1,-1,3,1,3
2017400190738,1,9,0,18,0,2,0,0,0,0,1,1,2,1,29,6,1389,1,19,1,1,1
2017400190912,1,9,0,18,0,1,0,0,0,0,1,1,6,3,-1,-1,1796,1,10,-1,-1,-1
2017400190912,2,9,0,4,0,1,0,0,0,0,2,1,6,2,54,8,1493,2,8,4,1,4
2017400190954,1,9,0,18,0,0,0,0,0,0,1,1,6,1,42,7,1797,8,4,2,1,2
2017400190989,1,9,0,3,0,0,0,0,0,0,2,1,6,1,30,6,1984,1,17,2,1,2
2017400190989,2,9,0,18,0,0,0,0,0,0,1,1,6,3,-1,-1,1598,1,2,-1,-1,-1
2017400191028,1,9,0,5,0,8,0,0,0,0,3,1,6,2,22,5,1397,1,9,10,1,10
2017400191028,2,1,0,18,0,8,0,0,0,0,1,1,6,1,70,10,-1,-1,-1,9,2,9
2017400191215,1,9,0,7,0,4,0,0,0,0,1,1,6,1,18,4,1149,1,12,5,1,5
2017400191215,2,9,0,3,0,8,0,0,0,0,1,1,2,2,49,8,1242,1,6,3,1,3
2017400191215,3,19,0,3,0,1,0,0,0,0,1,1,2,1,34,6,1870,2,15,3,1,3
2017400191215,4,9,0,3,0,1,0,0,0,0,2,1,6,1,43,7,1998,1,12,2,1,2
2017400191297,1,98,0,18,0,0,0,0,0,0,4,1,1,3,-1,-1,-1,-1,-1,-1,-1,-1
2017400191297,2,1,0,18,0,0,0,0,0,0,3,1,1,2,31,6,-1,-1,-1,3,1,3
2017400191338,1,9,0,13,0,0,0,0,0,0,3,1,6,1,35,6,1364,1,10,3,1,3
2017400191372,1,9,0,18,0,1,0,10,7,10,1,1,5,2,28,6,1390,1,4,-1,-1,-1
2017400191409,1,9,0,18,0,0,2,10,7,0,1,1,5,1,50,8,1910,2,11,5,1,5
2017400191757,1,9,0,16,0,0,0,0,0,0,3,1,6,3,-1,-1,-1,-1,-1,-1,-1,-1
2017400191757,2,9,0,16,0,0,0,0,0,0,4,1,6,1,36,7,1995,2,2,2,1,2
2017400192036,1,9,0,18,0,1,0,0,0,0,1,1,6,3,-1,-1,1781,1,15,-1,-1,-1
2017400192036,2,9,0,18,0,1,0,0,0,0,3,1,6,2,72,10,1364,1,3,9,1,9
2017400192101,1,1,0,18,0,1,0,0,0,0,1,1,6,2,63,9,-1,-1,-1,2,1,2
2017400192101,2,9,0,7,0,1,0,0,0,0,3,1,3,2,30,6,1461,2,3,8,3,8
2017400192353,1,9,0,6,0,2,0,0,0,0,3,1,6,2,29,6,1998,1,1,-1,-1,-1
2017400192353,2,19,0,13,0,2,0,0,0,0,4,1,6,1,59,9,1753,2,10,6,1,6
2017400192361,1,9,0,18,0,0,0,0,0,0,1,1,5,1,81,11,4293,1,12,5,1,5
2017400192376,1,9,0,18,0,0,0,0,0,0,1,1,5,1,19,4,1995,2,1,-1,-1,-1
2017400192376,2,9,0,18,0,0,0,0,1,4,2,1,5,2,-1,-1,1598,1,6,7,1,7
2017400192490,1,9,0,18,0,7,0,0,0,0,1,1,5,3,-1,-1,-1,-1,-1,-1,-1,-1
2017400192490,2,9,0,18,0,7,0,0,0,0,1,1,5,2,34,6,1968,2,3,2,1,2
2017400192490,3,9,0,4,0,7,0,0,0,0,2,1,5,1,58,9,1598,1,14,7,1,7
2017400192490,4,9,0,3,0,7,0,0,0,0,2,1,5,2,66,10,1200,1,1,10,1,10
2017400192502,1,9,0,1,0,2,0,0,0,0,2,1,6,3,-1,-1,1598,2,6,-1,-1,-1
2017400192574,1,9,0,9,0,8,0,0,0,0,1,1,1,1,28,6,1248,2,9,1,1,1
2017400192603,1,9,0,11,0,0,0,0,0,0,0,1,5,1,42,7,4134,2,5,6,1,6
2017400192603,2,21,1,18,0,0,0,0,0,0,2,1,1,1,50,8,10837,2,9,6,1,6
2017400192603,3,9,0,18,0,0,0,0,0,0,1,1,5,2,61,9,998,1,11,7,1,7
2017400192614,1,9,0,18,0,4,0,0,0,0,1,1,1,1,38,7,1910,2,9,3,1,3
2017400192614,2,1,0,18,0,8,0,0,0,0,4,1,5,1,43,7,-1,-1,-1,10,1,10
2017400192625,1,9,0,18,0,0,0,10,0,0,1,1,2,1,42,7,1360,1,12,6,2,6
2017400192625,2,9,0,18,0,0,0,0,0,0,1,1,5,1,47,8,1997,2,6,2,1,2
2017400192754,1,9,0,18,0,1,0,0,0,0,1,1,5,2,28,6,1499,1,1,4,1,4
2017400192758,1,9,0,18,0,0,0,0,0,0,1,1,6,1,-1,-1,1686,2,6,-1,-1,-1
2017400192758,2,9,0,4,0,0,0,0,0,0,2,1,6,1,36,7,1956,2,6,5,1,5
2017400192758,3,9,0,2,0,0,0,0,0,0,1,1,6,2,33,6,2926,2,15,4,1,4
2017400192827,1,9,0,18,0,2,0,0,0,0,1,1,5,1,19,4,1299,1,13,5,3,5
2017400192933,1,9,0,18,0,8,1,0,0,0,1,1,5,1,19,4,1396,1,17,-1,-1,-1
2017400192933,2,9,0,9,0,8,0,0,0,0,1,1,5,1,32,6,1686,2,13,-1,-1,-1
2017400192933,3,9,0,2,0,1,0,0,0,0,1,1,6,3,-1,-1,698,1,13,-1,-1,-1
2017400192933,4,9,0,2,0,1,0,0,0,0,1,1,6,3,-1,-1,1896,2,13,-1,-1,-1
2017400192976,1,9,0,18,0,8,0,0,0,0,4,1,6,1,48,8,1200,1,1,2,1,2
2017400192976,2,9,0,18,0,8,0,0,0,0,1,1,6,1,44,7,1598,1,12,8,3,8
2017400193002,1,2,0,18,0,0,1,0,8,6,1,1,5,1,24,5,690,1,3,4,1,4
2017400193010,1,9,0,9,0,8,0,0,0,0,1,1,5,1,36,7,1796,1,9,3,1,3
2017400193010,2,9,0,18,0,8,0,0,0,0,1,1,5,1,58,9,1229,1,10,10,2,10
2017400193051,1,9,0,10,0,0,0,0,0,0,3,1,1,1,45,7,1598,2,5,5,1,5
2017400193051,2,9,0,18,0,0,1,0,0,0,0,1,5,1,33,6,1995,1,8,9,1,9
2017400193091,1,98,1,18,0,0,0,0,0,0,1,1,1,1,65,9,-1,-1,-1,8,3,8
2017400193092,1,9,0,17,0,0,0,0,0,0,1,1,6,3,-1,-1,1000,1,16,-1,-1,-1
2017400193092,2,9,0,16,0,0,0,0,0,0,1,1,5,1,53,8,1796,1,9,3,1,3
2017400193166,1,-1,0,5,0,3,0,0,0,0,0,1,6,3,-1,-1,-1,-1,-1,-1,-1,-1
2017400193166,2,5,0,18,0,3,0,0,7,0,0,1,5,1,63,9,900,1,-1,8,2,8
2017400193189,1,9,0,8,0,1,0,0,0,0,1,1,6,1,24,5,-1,-1,-1,5,2,5
2017400193189,2,9,0,8,0,1,0,0,0,0,2,1,6,1,69,10,1248,2,11,2,1,2
2017400193195,1,5,0,18,0,0,0,0,0,0,1,1,2,1,43,7,1298,1,18,6,1,6
2017400193201,1,9,0,9,0,8,0,0,0,0,1,1,6,2,39,7,2987,2,3,3,3,3
2017400193201,2,9,0,18,0,8,0,0,0,0,4,1,6,2,42,7,2720,2,10,5,1,5
2017400193205,1,9,0,16,0,1,1,0,7,10,1,1,6,1,30,6,1997,2,12,6,1,6
2017400193205,2,9,0,16,0,1,0,0,0,0,0,1,1,1,51,8,1248,2,4,-1,-1,-1
2017400193227,1,9,0,18,0,0,0,0,0,0,1,1,5,2,85,11,1248,1,6,8,3,8
2017400193227,2,9,0,18,0,0,0,0,0,0,1,1,5,1,-1,-1,1783,1,15,6,1,6
2017400193233,1,1,0,18,9,0,0,0,0,0,1,1,6,1,31,6,-1,-1,-1,4,1,4
2017400193233,2,9,0,1,9,0,0,0,0,0,1,1,6,2,63,9,1988,1,13,6,1,6
2017400193277,1,9,0,5,0,1,0,0,0,0,1,1,6,3,-1,-1,-1,-1,-1,-1,-1,-1
2017400193298,1,9,0,18,0,0,0,0,0,0,0,1,5,3,-1,-1,-1,-1,-1,-1,-1,-1
2017400193298,2,9,0,18,0,0,0,0,1,9,4,1,5,1,33,6,1229,1,11,7,3,7
2017400193324,1,1,0,18,0,0,0,0,0,0,1,1,5,1,7,2,-1,-1,-1,4,1,4
2017400193324,2,9,0,18,0,0,0,0,0,0,3,1,5,2,30,6,1598,1,9,3,1,3
2017400193460,1,9,0,18,0,0,0,0,0,0,1,1,2,1,30,6,1598,1,11,2,1,2
2017400193492,1,9,0,18,9,3,1,0,1,11,1,1,5,2,23,5,1968,2,11,7,1,7
2017400193493,1,9,0,18,0,1,0,0,0,0,1,1,5,1,47,8,2926,2,12,7,1,7
2017400193522,1,9,0,18,0,0,0,4,0,0,4,1,5,1,34,6,1995,2,5,-1,-1,-1
2017400193522,2,9,0,2,0,0,0,0,0,0,1,1,5,3,-1,-1,1796,1,10,-1,-1,-1
2017400193522,3,9,0,2,0,0,0,0,0,0,2,1,5,3,-1,-1,1796,1,11,-1,-1,-1
2017400193623,1,19,0,18,0,2,0,0,0,0,1,1,6,1,70,10,1560,2,4,-1,-1,-1
2017400193674,1,9,0,5,0,8,0,0,0,0,3,1,6,1,-1,-1,2290,1,11,4,1,4
2017400193674,2,9,0,18,0,8,0,0,0,0,1,1,6,3,-1,-1,1796,1,17,-1,-1,-1
2017400193717,1,9,0,18,0,1,0,0,0,0,4,1,6,3,-1,-1,-1,-1,-1,-1,-1,-1
2017400193973,1,9,0,18,0,0,0,0,0,0,1,1,5,2,31,6,1997,2,6,-1,-1,-1
2017400193973,2,98,0,2,0,0,0,0,0,0,1,1,6,3,-1,-1,-1,-1,-1,-1,-1,-1
2017400194218,1,9,0,18,0,0,0,0,0,0,1,1,6,2,78,11,1242,1,5,-1,-1,-1
2017400194319,1,9,0,4,0,0,1,4,0,0,1,1,5,2,34,6,1781,1,13,4,1,4
2017400194319,2,9,0,2,0,0,0,0,0,0,1,1,5,3,-1,-1,-1,-1,-1,-1,-1,-1
2017400194319,3,9,0,10,0,0,0,0,0,0,0,1,5,1,34,6,1984,1,1,-1,-1,-1
2017400194599,1,9,0,9,0,3,0,0,0,0,4,1,5,2,48,8,1997,2,2,9,1,9
2017400194626,1,9,0,5,0,8,0,0,0,0,1,1,6,1,43,7,1598,2,3,10,1,10
2017400194626,2,1,0,18,0,2,0,0,0,0,2,1,6,1,58,9,-1,-1,-1,6,1,6
2017400194723,1,9,0,9,0,2,0,0,0,0,2,1,6,1,21,5,1560,2,9,-1,-1,-1
2017400194723,2,3,0,18,0,8,0,0,0,0,1,1,6,1,22,5,125,1,1,-1,-1,-1
2017400194731,1,9,0,4,0,4,0,0,0,0,1,1,6,3,-1,-1,1985,1,17,-1,-1,-1
2017400194731,2,9,0,3,0,4,0,0,0,0,2,1,6,1,35,6,1388,1,15,-1,-1,-1
2017400194731,3,19,0,3,0,4,0,0,0,0,2,1,6,1,61,9,1461,2,12,9,1,9
2017400194781,1,9,0,18,0,8,0,0,0,0,4,1,5,1,36,7,1598,1,15,-1,-1,-1
2017400194781,2,9,0,7,0,8,0,0,0,0,3,1,6,2,21,5,1992,2,12,-1,-1,-1
2017400194828,1,9,0,16,0,8,0,0,0,0,4,1,6,1,23,5,1956,2,3,3,1,3
2017400194828,2,9,0,17,0,8,0,0,0,0,3,1,1,1,39,7,2400,2,3,-1,-1,-1
2017400194828,3,9,0,16,0,8,0,0,0,0,3,1,1,1,51,8,2993,2,-1,-1,-1,-1
2017400194836,1,9,0,18,0,0,0,0,0,0,1,1,6,1,-1,-1,1198,1,7,9,2,9
2017400194836,2,9,0,3,0,0,0,0,0,0,2,1,6,3,-1,-1,1598,2,4,-1,-1,-1
2017400194882,1,9,0,18,0,8,0,0,7,0,1,1,2,1,43,7,1998,1,10,-1,-1,-1
2017400194882,2,9,0,18,0,8,0,0,0,0,4,1,2,1,27,6,1896,2,13,5,1,5
2017400194911,1,9,0,18,0,0,0,0,0,0,1,1,6,3,-1,-1,-1,-1,-1,-1,-1,-1
2017400194911,2,9,0,4,0,0,0,0,0,0,2,1,1,1,40,7,1587,1,9,7,1,7
2017400194960,1,9,0,4,0,4,0,0,0,0,1,1,2,2,40,7,1388,1,11,8,1,8
2017400194960,2,9,0,3,0,4,0,0,0,0,2,1,2,1,31,6,1686,2,12,6,1,6
2017400194977,1,9,0,9,0,6,0,0,0,0,0,1,6,1,66,10,954,1,22,-1,-1,-1
2017400194977,2,3,0,18,0,1,5,0,0,0,4,1,2,1,38,7,125,1,1,-1,-1,-1