Accident_Index,Vehicle_Reference,Vehicle_Type,Towing_and_Articulation,Vehicle_Manoeuvre,Vehicle_Location-Restricted_Lane,Junction_Location,Skidding_and_Overturning,Hit_Object_in_Carriageway,Vehicle_Leaving_Carriageway,Hit_Object_off_Carriageway,1st_Point_of_Impact,Was_Vehicle_Left_Hand_Drive?,Journey_Purpose_of_Driver,Sex_of_Driver,Age_of_Driver,Age_Band_of_Driver,Engine_Capacity_(CC),Propulsion_Code,Age_of_Vehicle,Driver_IMD_Decile,Driver_Home_Area_Type,Vehicle_IMD_Decile
2017400202053,1,9,0,17,0,0,2,0,7,0,1,1,6,1,21,5,1242,1,14,-1,-1,-1
2017400202060,1,9,0,18,0,0,0,0,0,0,1,1,5,1,20,4,-1,-1,-1,9,1,9
2017400202060,2,21,1,18,0,0,0,0,0,0,2,1,1,1,59,9,12777,2,9,2,1,2
2017400202089,1,9,0,5,0,4,0,0,0,0,3,1,2,1,59,9,2143,2,-1,10,1,10
2017400202089,2,1,0,18,0,8,0,0,0,0,1,1,5,1,60,9,-1,-1,-1,10,1,10
2017400202108,1,21,1,11,0,0,1,0,0,0,1,1,1,1,50,8,12777,2,3,-1,-1,-1
2017400202108,2,9,0,18,0,0,1,0,0,0,2,1,1,1,24,5,1248,2,1,-1,-1,-1
2017400202110,1,19,0,16,0,0,2,0,1,9,3,1,1,1,29,6,2500,2,13,-1,-1,-1
2017400202161,1,9,0,9,0,8,0,0,0,0,4,1,5,2,58,9,1364,1,-1,-1,-1,-1
2017400202161,2,1,0,15,0,1,0,0,0,0,1,1,5,1,33,6,-1,-1,-1,-1,-1,-1
2017400202182,1,9,0,7,0,7,0,0,0,0,1,1,5,1,19,4,1390,1,17,-1,-1,-1
2017400202182,2,1,0,18,0,1,0,0,0,0,4,1,6,1,49,8,-1,-1,-1,-1,-1,-1
2017400202227,1,9,0,18,0,0,0,0,0,0,1,1,6,3,-1,-1,973,1,16,-1,-1,-1
2017400202227,2,9,0,3,0,0,0,0,0,0,2,1,6,2,26,6,1598,1,12,-1,-1,-1
2017400202236,1,9,0,17,0,0,0,0,0,0,3,1,2,2,50,8,1686,2,6,9,1,9
2017400202236,2,9,0,16,0,0,0,0,0,0,3,1,2,1,41,7,1796,1,12,8,1,8
2017400202376,1,9,0,9,0,6,0,0,0,0,3,1,6,1,23,5,1400,2,11,-1,-1,-1
2017400202376,2,9,0,18,0,1,0,4,1,0,1,1,6,2,83,11,1197,1,5,-1,-1,-1
2017400202376,3,9,0,2,0,2,0,0,0,0,4,1,6,2,34,6,1995,2,6,-1,-1,-1
2017400202514,1,9,0,1,0,0,0,0,0,0,2,1,6,3,-1,-1,1968,2,6,-1,-1,-1
2017400202514,2,9,0,3,0,0,0,0,0,0,1,1,5,1,42,7,1598,1,5,-1,-1,-1
2017400202561,1,9,0,5,0,6,0,0,0,0,1,1,6,1,42,7,1998,2,11,-1,-1,-1
2017400202561,2,9,0,18,0,1,0,0,0,0,4,1,6,2,48,8,1995,2,-1,-1,-1,-1
2017400202635,1,9,0,17,0,0,0,0,1,2,1,1,5,1,47,8,1197,1,1,-1,-1,-1
2017400202655,1,9,0,18,0,0,0,0,0,0,1,1,6,2,39,7,1796,1,15,-1,-1,-1
2017400202655,2,9,0,4,0,0,0,0,0,0,2,1,6,1,53,8,1968,2,11,-1,-1,-1
2017400202717,1,9,0,18,0,0,1,0,5,6,3,1,5,1,20,4,999,1,2,-1,-1,-1
2017400202723,1,9,0,4,0,0,0,0,0,0,1,1,6,2,62,9,1248,2,9,9,1,9
2017400202730,1,9,0,7,0,1,0,0,0,0,4,1,6,2,26,6,1329,1,1,-1,-1,-1
2017400202730,2,1,0,3,0,1,0,0,0,0,1,1,6,1,58,9,-1,-1,-1,-1,-1,-1
2017400202755,1,9,0,18,0,0,0,0,0,0,2,1,6,2,36,7,1598,1,9,4,1,4
2017400202755,2,9,0,18,0,0,0,0,0,0,1,1,6,1,26,6,1598,2,2,5,1,5
2017400203001,1,9,0,17,0,0,2,10,7,3,3,1,6,1,29,6,1781,1,13,-1,-1,-1
2017400203012,1,5,0,13,0,3,0,0,0,0,4,1,6,1,54,8,-1,-1,-1,7,1,7
2017400203012,2,9,0,6,0,3,0,0,0,0,3,1,6,1,25,5,998,1,13,5,1,5
2017400203018,1,9,0,9,0,8,0,0,0,0,4,1,5,2,28,6,998,1,6,4,1,4
2017400203018,2,5,0,18,0,8,1,0,0,0,1,1,5,1,58,9,883,1,17,-1,-1,-1
2017400203138,1,9,0,18,0,0,0,0,0,0,3,1,2,2,54,8,1242,1,7,6,2,6
2017400203138,2,1,0,14,0,0,0,0,0,0,4,1,3,2,11,3,-1,-1,-1,2,1,2
2017400203162,1,9,0,18,0,0,1,0,5,6,3,1,5,2,53,8,1598,1,10,1,1,1
2017400203162,2,98,1,18,0,0,0,0,0,0,4,1,1,1,53,8,-1,-1,-1,-1,-1,-1
2017400203243,1,97,0,4,0,1,0,11,1,0,0,1,2,1,47,8,-1,-1,-1,9,2,9
2017400203274,1,9,0,18,0,0,0,0,0,0,1,1,6,3,-1,-1,1389,1,12,-1,-1,-1
2017400203274,2,9,0,4,0,0,0,0,0,0,2,1,2,1,47,8,1229,1,11,2,1,2
2017400203373,1,3,0,11,0,3,0,0,0,0,4,1,6,1,45,7,124,1,16,-1,-1,-1
2017400203373,2,97,0,16,0,8,0,0,0,0,1,1,6,1,25,5,-1,-1,-1,-1,-1,-1
2017400203492,1,9,0,7,0,2,0,0,0,0,1,1,6,3,-1,-1,-1,-1,-1,-1,-1,-1
2017400203492,2,3,0,4,0,1,5,0,0,0,1,1,6,1,20,4,124,1,9,-1,-1,-1
2017400203516,1,9,0,18,0,0,0,0,0,0,1,1,6,1,19,4,973,1,14,-1,-1,-1
2017400203516,2,9,0,18,0,0,0,0,0,0,1,1,6,2,36,7,1686,2,3,-1,-1,-1
2017400203563,1,9,0,18,0,0,5,4,0,0,1,1,6,1,34,6,1598,1,9,-1,-1,-1
2017400203563,2,9,0,5,0,0,0,0,0,0,3,1,6,1,40,7,1753,2,8,-1,-1,-1
2017400203563,3,9,0,2,0,0,0,0,0,0,4,1,5,3,-1,-1,1339,1,13,-1,-1,-1
2017400203563,4,9,0,2,0,0,0,0,0,0,4,1,5,3,-1,-1,1389,1,14,-1,-1,-1
2017400203595,1,9,0,18,0,0,0,0,0,0,1,1,6,2,87,11,1390,1,20,-1,-1,-1
2017400203595,2,1,0,18,0,0,5,0,0,0,2,1,2,1,36,7,-1,-1,-1,-1,-1,-1
2017400203601,1,9,0,16,0,0,0,0,0,0,1,1,2,2,28,6,999,1,7,-1,-1,-1
2017400203601,2,19,0,17,0,0,0,0,0,0,1,1,2,1,28,6,1995,2,-1,-1,-1,-1
2017400203631,1,1,0,18,0,6,5,0,0,0,3,1,5,1,14,3,-1,-1,-1,-1,-1,-1
2017400203631,2,9,0,4,0,1,0,0,0,0,1,1,5,2,38,7,1396,1,18,-1,-1,-1
2017400203643,1,9,0,4,0,0,0,0,0,0,2,1,5,2,23,5,1595,2,7,-1,-1,-1
2017400203643,2,9,0,18,0,0,0,0,0,0,1,1,6,2,47,8,1598,1,9,-1,-1,-1
2017400203643,3,9,0,18,0,0,0,0,0,0,1,1,6,1,47,8,1910,2,10,-1,-1,-1
2017400203643,4,9,0,18,0,0,0,0,0,0,1,1,6,2,30,6,2179,2,2,-1,-1,-1
2017400203661,1,21,0,18,0,1,0,0,0,0,1,1,1,1,23,5,9290,2,2,-1,-1,-1
2017400203661,2,19,0,3,0,1,0,0,0,0,2,1,1,1,38,7,1598,2,1,-1,-1,-1
2017400203661,3,19,0,3,0,1,0,0,0,0,2,1,1,1,37,7,1997,2,1,-1,-1,-1
2017400203661,4,9,0,3,0,1,0,0,0,0,2,1,1,1,31,6,1999,1,8,-1,-1,-1
2017400203661,5,21,1,3,0,1,0,0,0,0,2,1,1,1,43,7,6870,2,10,-1,-1,-1
2017400203707,1,9,0,1,0,0,0,4,0,0,2,1,6,2,49,8,1364,1,1,-1,-1,-1
2017400203707,2,9,0,2,0,0,0,0,0,0,1,1,6,2,-1,-1,1339,1,10,-1,-1,-1
2017400203734,1,9,0,17,0,0,0,4,0,0,1,1,3,1,37,7,1390,1,11,-1,-1,-1
2017400203734,2,19,0,2,0,0,0,0,0,0,2,1,5,3,-1,-1,2464,2,13,-1,-1,-1
2017400203799,1,9,0,13,0,0,0,0,0,0,1,1,6,1,23,5,1199,1,14,-1,-1,-1
2017400203799,2,21,0,18,0,0,0,0,0,0,3,1,1,2,44,7,3920,2,4,-1,-1,-1
2017400203799,3,9,0,18,0,0,0,0,1,0,1,1,6,2,41,7,1968,2,-1,-1,-1,-1
2017400203804,1,9,0,18,0,1,0,0,0,0,1,1,6,1,-1,-1,1900,2,13,10,2,10
2017400203804,2,9,0,8,0,1,0,0,0,0,2,1,5,2,23,5,1229,1,10,-1,-1,-1
2017400203967,1,9,0,13,0,0,1,0,2,7,1,1,5,2,69,10,1341,1,13,10,1,10
2017400203989,1,9,0,18,0,3,0,0,0,0,1,1,5,2,34,6,1596,1,5,-1,-1,-1
2017400203989,2,9,0,3,0,2,0,0,0,0,2,1,5,1,78,11,1598,1,7,7,1,7
2017400203989,3,9,0,3,0,2,0,0,0,0,2,1,5,1,36,7,4282,1,9,-1,-1,-1
2017400203989,4,9,0,3,0,2,0,0,0,0,2,1,5,2,58,9,1995,2,5,-1,-1,-1
2017400204035,1,1,0,18,0,0,0,0,0,0,1,1,3,2,11,3,-1,-1,-1,7,1,7
2017400204035,2,9,0,18,0,0,0,0,0,0,1,1,5,2,46,8,1339,1,12,3,1,3
2017400204111,1,9,0,6,0,0,0,0,0,0,3,1,5,2,31,6,1229,1,8,-1,-1,-1
2017400204111,2,5,0,14,0,0,0,0,0,0,1,1,5,1,70,10,980,1,34,2,1,2
2017400204211,1,9,0,18,0,0,0,0,0,0,1,1,6,2,21,5,1198,1,1,3,1,3
2017400204221,1,9,0,13,0,0,0,0,0,0,4,1,6,1,-1,-1,2946,1,14,-1,-1,-1
2017400204221,2,9,0,18,0,0,0,0,0,0,3,1,1,1,41,7,-1,-1,-1,-1,-1,-1
2017400204234,1,2,0,18,0,0,1,0,0,0,0,1,2,1,16,4,49,1,3,10,1,10
2017400204254,1,98,1,12,0,0,0,0,0,0,3,1,1,1,48,8,-1,-1,-1,-1,-1,-1
2017400204254,2,9,0,18,0,0,1,0,5,6,4,1,6,1,52,8,1798,8,1,3,1,3
2017400204325,1,9,0,17,0,3,1,0,7,1,3,1,1,1,60,9,1796,1,12,10,1,10
2017400204360,1,9,0,18,0,3,1,0,0,0,3,1,6,3,-1,-1,-1,-1,-1,-1,-1,-1
2017400204360,2,9,0,3,0,1,0,0,0,0,3,1,1,1,33,6,-1,-1,-1,2,1,2
2017400204411,1,21,0,1,0,2,0,0,0,0,2,1,1,1,53,8,2998,2,5,-1,-1,-1
2017400204547,1,9,0,13,0,1,0,0,0,0,1,1,6,3,-1,-1,-1,-1,-1,-1,-1,-1
2017400204547,2,1,0,11,0,5,0,0,0,0,2,1,6,1,38,7,-1,-1,-1,-1,-1,-1
2017400204595,1,9,0,5,0,8,0,0,0,0,1,1,6,3,-1,-1,973,1,16,-1,-1,-1
2017400204595,2,9,0,18,0,1,0,0,0,0,4,1,6,1,65,9,1598,2,1,-1,-1,-1
2017400204619,1,9,0,18,0,1,0,0,0,0,1,1,6,1,-1,-1,2720,2,12,-1,-1,-1
2017400204619,2,9,0,3,0,1,0,0,0,0,1,1,6,2,45,7,1389,1,14,-1,-1,-1
2017400204857,1,9,0,4,0,0,0,0,0,0,1,1,6,3,-1,-1,1199,1,13,-1,-1,-1
2017400204857,2,9,0,4,0,0,0,0,0,0,2,1,6,2,62,9,1329,1,2,7,1,7
2017400204966,1,9,0,18,0,1,1,0,0,0,1,1,5,1,31,6,1299,1,14,4,1,4
2017400204966,2,9,0,4,0,1,0,0,0,0,2,1,5,1,35,6,1598,2,-1,8,1,8
2017400204967,1,9,0,18,0,0,0,0,7,0,1,1,6,2,76,11,1496,2,-1,-1,-1,-1
2017400204967,2,9,0,4,0,0,0,0,1,0,2,1,5,2,45,7,1968,2,2,-1,-1,-1
2017400205009,1,19,0,16,0,1,0,0,0,0,3,1,1,1,60,9,1968,2,6,-1,-1,-1
2017400205009,2,9,0,17,0,2,0,0,1,3,3,1,2,2,18,4,875,1,6,-1,-1,-1
2017400205040,1,9,0,1,0,1,0,0,0,0,2,1,5,2,40,7,1229,1,5,-1,-1,-1
2017400205040,2,9,0,2,0,1,0,0,0,0,2,1,6,3,-1,-1,-1,-1,-1,-1,-1,-1
2017400205066,1,9,0,16,0,0,0,4,7,11,1,1,6,2,36,7,1390,1,11,-1,-1,-1
2017400205066,2,19,0,2,0,0,0,0,0,0,2,1,5,3,-1,-1,2198,2,3,-1,-1,-1
2017400205110,1,9,0,16,0,1,0,0,7,11,1,1,6,1,26,6,1998,2,13,3,1,3
2017400205115,1,9,0,18,0,8,0,0,0,0,3,1,5,1,55,8,1995,2,10,5,1,5
2017400205115,2,11,0,18,0,8,0,0,0,0,4,1,1,3,22,5,-1,-1,-1,7,1,7
2017400205132,1,9,0,18,0,3,0,0,0,0,0,1,6,1,21,5,2993,2,12,-1,-1,-1
2017400205132,2,9,0,18,0,3,0,0,0,0,3,1,2,2,27,6,1242,1,3,-1,-1,-1
2017400205132,3,9,0,18,0,1,0,0,0,0,3,1,2,1,24,5,999,1,-1,-1,-1,-1
2017400205132,4,19,0,18,0,1,0,0,0,0,1,1,2,1,46,8,2148,2,9,-1,-1,-1
2017400205151,1,9,0,18,0,0,0,0,0,0,1,1,6,2,29,6,1360,1,9,-1,-1,-1
2017400205195,1,9,0,9,0,8,0,0,0,0,1,1,5,1,51,8,1598,2,-1,-1,-1,-1
2017400205195,2,9,0,18,0,8,0,0,1,4,4,1,5,1,23,5,-1,-1,-1,-1,-1,-1
2017400205218,1,3,0,16,0,0,1,0,4,6,4,1,5,2,17,4,124,1,1,9,3,9
2017400205536,1,9,0,18,0,0,0,0,0,0,1,1,6,1,-1,-1,-1,-1,-1,-1,-1,-1
2017400205740,1,9,0,9,0,2,0,0,0,0,1,1,2,1,-1,-1,1362,1,4,6,1,6
2017400205740,2,9,0,4,0,2,0,0,0,0,2,1,5,2,30,6,1598,1,6,4,1,4
2017400205749,1,9,0,9,0,8,0,0,0,0,4,1,6,1,47,8,1796,1,10,-1,-1,-1
2017400205749,2,9,0,18,0,8,0,0,0,0,1,1,6,1,40,7,1388,1,5,-1,-1,-1
2017400205814,1,9,0,4,0,1,0,0,0,0,1,1,6,3,-1,-1,1587,1,14,-1,-1,-1
2017400205814,2,9,0,3,0,1,0,0,0,0,2,1,6,3,-1,-1,1343,1,13,-1,-1,-1
2017400205905,1,9,0,13,0,0,1,0,0,0,1,1,6,1,-1,-1,-1,-1,-1,-1,-1,-1
2017400205905,2,9,0,18,0,0,5,0,1,9,2,1,5,1,31,6,1910,2,10,9,2,9
2017400205989,1,9,0,18,0,1,0,0,0,0,1,1,6,3,-1,-1,-1,-1,-1,-1,-1,-1
2017400205989,2,9,0,3,0,1,0,0,0,0,2,1,6,1,31,6,1397,1,5,2,1,2
2017400206202,1,9,0,18,0,0,0,0,0,0,1,1,5,3,-1,-1,-1,-1,-1,-1,-1,-1
2017400206351,1,11,0,18,0,0,5,10,2,0,4,1,5,1,33,6,-1,-1,-1,3,1,3
2017400206389,1,9,0,18,0,1,0,0,0,0,1,1,6,1,51,8,1399,1,14,3,1,3
2017400206389,2,9,0,4,0,1,0,0,0,0,2,1,6,2,41,7,1796,1,8,2,1,2
2017400206423,1,9,0,4,0,0,0,0,0,0,1,1,6,1,-1,-1,1493,1,18,4,1,4
2017400206423,2,19,0,3,0,0,0,0,0,0,2,1,6,1,60,9,1248,2,2,5,1,5
2017400206592,1,9,0,18,0,0,0,0,0,0,1,1,5,1,35,6,1997,2,1,-1,-1,-1
2017400206761,1,9,0,5,0,0,0,4,0,0,4,1,6,3,-1,-1,-1,-1,-1,-1,-1,-1
2017400206761,2,9,0,2,0,0,0,0,0,0,2,1,5,2,31,6,1798,8,4,2,1,2
2017400206816,1,9,0,18,0,0,0,0,0,0,1,1,1,1,62,9,2993,2,2,9,3,9
2017400206816,2,9,0,4,0,0,0,0,0,0,2,1,5,2,39,7,2987,2,7,9,2,9
2017400206850,1,9,0,9,0,8,0,0,0,0,2,1,1,2,40,7,1997,2,1,6,1,6
2017400206850,2,9,0,18,0,1,0,0,0,0,1,1,2,1,55,8,2099,1,14,2,1,2
2017400206850,3,19,0,18,0,1,0,0,0,0,1,1,1,1,23,5,2198,2,1,4,1,4
2017400206939,1,9,0,18,0,0,5,4,0,0,1,1,6,1,30,6,1598,1,13,3,1,3
2017400206939,2,9,0,2,0,0,0,0,0,0,2,1,5,1,59,9,1686,2,5,7,3,7
2017400206979,1,19,0,1,0,0,0,0,0,0,2,1,5,1,51,8,1753,2,13,-1,-1,-1
2017400207134,1,9,0,16,0,0,0,0,7,9,1,1,6,1,21,5,1149,1,12,8,3,8
2017400207148,1,9,0,9,0,8,0,0,0,0,3,1,5,1,41,7,1956,2,6,-1,-1,-1
2017400207148,2,9,0,9,0,3,0,0,0,0,4,1,5,1,34,6,2993,2,5,-1,-1,-1
2017400207201,1,98,0,18,0,0,0,0,0,0,4,1,1,1,37,7,-1,-1,-1,10,1,10
2017400207229,1,9,0,18,0,0,0,0,0,0,1,1,2,2,39,7,1598,1,15,5,1,5
2017400207229,2,9,0,10,0,0,0,0,0,0,2,1,5,1,67,10,2982,2,7,7,3,7
2017400207268,1,8,0,9,0,6,0,0,0,0,3,1,1,1,45,7,1956,2,6,-1,-1,-1
2017400207268,2,19,0,18,0,1,0,0,0,0,1,1,5,1,27,6,2477,2,13,4,3,4
2017400207471,1,9,0,18,0,1,0,0,0,0,3,1,5,1,64,9,1794,1,11,-1,-1,-1
2017400207471,2,9,0,13,0,1,0,0,0,0,4,1,6,3,-1,-1,-1,-1,-1,-1,-1,-1
2017400207717,1,9,0,4,0,0,0,0,0,0,1,1,5,2,30,6,1397,1,9,-1,-1,-1
2017400207717,2,9,0,4,0,0,0,0,0,0,2,1,2,1,47,8,1591,1,1,-1,-1,-1
2017400207729,1,98,0,5,0,4,0,0,0,0,1,1,1,2,27,6,-1,-1,-1,5,1,5
2017400207729,2,19,0,8,0,4,0,0,0,0,2,1,1,1,63,9,2402,2,14,6,1,6
2017400207766,1,3,0,18,0,0,1,0,0,0,4,1,6,1,23,5,124,1,9,3,1,3
2017400207810,1,9,0,1,0,0,0,0,0,0,3,1,5,1,23,5,1242,1,11,-1,-1,-1
2017400207835,1,9,0,18,0,0,2,0,2,0,3,1,6,1,48,8,1086,1,11,7,2,7
2017400207835,2,98,0,11,0,0,0,0,0,0,4,1,1,1,35,6,-1,-1,-1,2,1,2
2017400207876,1,9,0,18,0,4,0,0,0,0,3,1,6,1,60,9,1716,2,14,-1,-1,-1
2017400207876,2,9,0,18,0,8,0,0,0,0,4,1,6,1,32,6,1797,8,2,-1,-1,-1
2017400207890,1,9,0,12,0,0,0,0,0,0,3,1,6,1,18,4,1598,1,17,-1,-1,-1
2017400207890,2,9,0,18,0,0,0,0,5,6,4,1,6,2,22,5,-1,-1,-1,-1,-1,-1
2017400207895,1,9,0,9,2,8,0,0,0,0,1,1,1,1,44,7,1997,2,1,3,1,3
2017400207895,2,9,0,18,0,8,1,0,0,0,1,1,1,1,46,8,1968,2,6,-1,-1,-1
2017400207907,1,9,0,18,0,8,0,0,1,10,3,1,2,1,28,6,1598,1,14,-1,-1,-1
2017400207907,2,9,0,9,0,2,0,0,0,0,1,1,2,2,29,6,1597,2,2,-1,-1,-1
2017400207931,1,9,0,7,0,0,0,0,0,0,1,1,5,1,49,8,1798,1,7,-1,-1,-1
2017400207951,1,9,0,5,0,0,0,0,0,0,1,1,6,1,-1,-1,-1,-1,-1,-1,-1,-1
2017400207959,1,9,0,18,0,0,0,0,0,0,0,1,6,3,-1,-1,-1,-1,-1,-1,-1,-1
2017400207959,2,9,0,18,0,0,0,0,7,1,1,1,6,1,25,5,1398,1,-1,-1,-1,-1
2017400208085,1,9,0,9,0,2,0,0,0,0,4,1,6,3,-1,-1,-1,-1,-1,-1,-1,-1
2017400208085,2,9,0,5,0,8,0,0,0,0,1,1,5,1,25,5,-1,-1,-1,-1,-1,-1
2017400208085,3,9,0,10,0,8,0,0,0,0,4,1,6,2,-1,-1,-1,-1,-1,-1,-1,-1
2017400208262,1,9,0,16,0,0,0,0,1,9,4,1,6,1,46,8,1397,1,16,-1,-1,-1
2017400208285,1,9,0,18,0,0,0,0,0,0,3,1,6,1,30,6,1598,2,7,-1,-1,-1
2017400208420,1,9,0,18,0,0,0,0,0,0,1,1,6,1,23,5,1997,1,11,-1,-1,-1
2017400208420,2,9,0,3,0,0,0,0,0,0,2,1,6,1,57,9,1242,1,3,-1,-1,-1
2017400208433,1,9,0,4,0,0,1,0,0,0,1,1,6,1,50,8,1995,2,2,-1,-1,-1
2017400208433,2,9,0,4,0,0,1,0,0,0,1,1,6,1,25,5,1461,2,4,-1,-1,-1
2017400208433,3,9,0,4,0,0,1,0,0,0,1,1,1,1,38,7,1968,2,5,-1,-1,-1
2017400208433,4,9,0,3,0,0,0,0,0,0,2,1,5,2,26,6,1998,2,9,-1,-1,-1
2017400208433,5,9,0,3,0,0,0,0,0,0,2,1,6,1,39,7,1870,2,14,-1,-1,-1
2017400208433,6,9,0,3,0,0,0,0,0,0,2,1,6,3,-1,-1,-1,-1,-1,-1,-1,-1
2017400208654,1,9,0,7,0,4,0,0,0,0,3,1,6,2,28,6,1560,2,2,-1,-1,-1
2017400208654,2,3,0,18,0,4,0,0,0,0,4,1,6,1,25,5,124,1,6,-1,-1,-1
2017400208702,1,9,0,4,0,0,0,0,0,0,1,1,2,1,17,4,1124,1,18,-1,-1,-1
2017400208702,2,9,0,3,0,0,0,0,0,0,2,1,6,1,42,7,1794,1,14,-1,-1,-1
2017400208766,1,9,0,9,0,8,0,0,0,0,1,1,6,1,-1,-1,1395,1,-1,-1,-1,-1
2017400208766,2,9,0,18,0,8,0,0,0,0,3,1,1,1,43,7,1686,2,7,-1,-1,-1
2017400209218,1,9,0,18,0,0,0,0,0,0,1,1,6,1,44,7,1796,1,16,-1,-1,-1
2017400209218,2,9,0,3,0,0,0,0,0,0,3,1,6,1,65,9,2996,2,18,-1,-1,-1
2017400209271,1,9,0,18,0,0,0,0,1,11,1,1,5,2,22,5,-1,-1,-1,-1,-1,-1
2017400209382,1,1,0,18,0,6,0,0,0,0,1,1,2,1,30,6,-1,-1,-1,-1,-1,-1
2017400209382,2,9,0,18,0,3,0,0,0,0,4,1,5,2,66,10,2993,2,3,-1,-1,-1
2017400209439,1,9,0,18,0,8,0,0,0,0,1,1,2,2,23,5,1242,1,15,-1,-1,-1
2017400209492,1,9,0,9,0,1,0,0,0,0,1,1,5,2,35,6,1598,1,11,-1,-1,-1
2017400209492,2,9,0,5,0,1,0,0,0,0,3,1,5,1,57,9,2435,1,15,-1,-1,-1
2017400209635,1,9,0,1,0,1,0,0,0,0,2,1,6,1,-1,-1,1598,2,1,-1,-1,-1
2017400209635,2,9,0,3,0,1,0,0,0,0,1,1,1,1,34,6,-1,-1,-1,-1,-1,-1
2017400210041,1,9,0,18,0,4,1,0,0,0,1,1,5,1,69,10,1995,2,18,-1,-1,-1
2017400210041,2,9,0,18,0,3,0,0,0,0,4,1,6,2,41,7,1242,1,6,-1,-1,-1
2017400210235,1,9,0,5,0,4,0,0,0,0,3,1,2,1,69,10,1364,1,10,-1,-1,-1
2017400210235,2,97,0,9,0,8,0,0,0,0,4,1,2,1,61,9,-1,-1,-1,-1,-1,-1
2017400210296,1,9,0,4,0,1,0,0,0,0,1,1,6,3,-1,-1,1968,2,7,-1,-1,-1
2017400210296,2,9,0,3,0,1,0,0,0,0,2,1,6,2,46,8,1598,1,13,-1,-1,-1
2017400210456,1,1,0,18,0,0,0,0,0,0,1,1,6,1,61,9,-1,-1,-1,7,3,7
2017400210497,1,9,0,18,0,0,0,0,0,0,4,1,6,1,17,4,1242,1,7,-1,-1,-1
2017400210512,1,98,0,18,0,0,5,0,7,11,3,1,5,1,62,9,-1,-1,-1,-1,-1,-1
2017400210586,1,3,0,18,9,0,0,0,0,0,1,1,6,1,-1,-1,-1,-1,-1,-1,-1,-1
2017400210634,1,9,0,18,0,1,0,0,0,0,1,1,6,3,-1,-1,2148,2,12,-1,-1,-1
2017400210634,2,9,0,3,0,1,0,0,0,0,2,1,5,2,22,5,1197,1,1,-1,-1,-1
2017400210661,1,9,0,18,0,0,0,0,0,0,1,1,6,3,-1,-1,1968,2,7,-1,-1,-1
2017400210661,2,9,0,18,0,0,0,0,1,7,2,1,5,1,24,5,1229,1,3,-1,-1,-1
2017400210727,1,11,0,4,0,0,0,0,0,0,0,1,1,2,49,8,4461,2,3,-1,-1,-1
2017400210758,1,9,0,9,0,8,0,0,0,0,3,1,2,2,31,6,1910,2,12,-1,-1,-1
2017400210758,2,19,0,18,0,1,0,0,0,0,1,1,1,1,37,7,1560,2,1,-1,-1,-1
2017400210771,1,17,0,5,0,0,0,0,0,0,1,1,6,1,-1,-1,6788,2,4,7,3,7
2017400210771,2,9,0,5,0,0,0,0,0,0,2,1,5,2,31,6,1968,2,6,-1,-1,-1
2017400211281,1,9,0,4,0,1,1,0,0,0,1,1,6,1,26,6,1198,1,11,-1,-1,-1
2017400211281,2,9,0,4,0,1,0,0,0,0,2,1,6,1,58,9,1598,1,9,-1,-1,-1
2017400211459,1,5,0,18,0,4,0,0,3,0,1,1,6,1,45,7,750,1,27,-1,-1,-1
2017400211594,1,9,0,18,0,0,0,0,0,0,2,1,6,2,18,4,1149,1,12,-1,-1,-1
2017400211594,2,19,0,18,0,0,0,0,0,0,1,1,6,1,-1,-1,2198,2,1,-1,-1,-1
2017400211594,3,19,1,18,0,0,0,0,0,0,2,1,6,1,-1,-1,1968,2,5,-1,-1,-1
2017400211686,1,21,1,16,0,0,5,0,7,7,3,1,1,1,29,6,10677,2,-1,-1,-1,-1
2017400211718,1,9,0,18,0,0,0,0,0,0,4,1,6,2,21,5,1242,1,4,-1,-1,-1
2017400211866,1,9,0,5,0,4,0,0,0,0,3,1,6,2,60,9,1997,2,7,-1,-1,-1
2017400211866,2,9,0,9,0,8,0,0,0,0,1,1,2,1,36,7,2987,2,10,-1,-1,-1
2017400211891,1,9,0,18,0,0,0,0,1,0,1,1,5,2,55,8,1397,1,16,-1,-1,-1
2017400211891,2,9,0,18,0,0,0,0,1,0,1,1,5,2,45,7,1968,2,2,-1,-1,-1
2017400211942,1,9,0,1,0,0,0,0,0,0,2,1,6,1,-1,-1,1968,2,-1,-1,-1,-1
2017400211942,2,9,0,1,0,0,0,0,0,0,3,1,5,2,58,9,1299,1,12,-1,-1,-1
2017400212101,1,5,0,7,0,3,0,0,4,0,4,1,2,1,48,8,656,1,12,2,1,2
2017400212101,2,9,0,18,0,8,0,0,0,0,3,1,2,1,20,4,1229,1,12,10,1,10
2017400212128,1,9,0,9,0,8,0,0,1,11,3,1,6,2,20,4,1197,1,4,-1,-1,-1
2017400212128,2,9,0,10,0,8,0,0,0,0,0,1,6,2,41,7,2993,2,11,-1,-1,-1
2017400212153,1,9,0,1,0,1,0,0,0,0,2,1,6,1,-1,-1,1999,1,11,-1,-1,-1
2017400212153,2,9,0,3,0,1,0,0,0,0,2,1,5,2,43,7,1560,2,11,-1,-1,-1
2017400212180,1,9,0,7,0,8,0,0,0,0,1,1,6,1,79,11,1984,1,16,-1,-1,-1
2017400212180,2,9,0,18,0,1,0,0,0,0,4,1,6,1,85,11,1364,1,9,-1,-1,-1
2017400212193,1,9,0,11,0,1,0,0,0,0,1,1,5,2,24,5,1685,2,3,-1,-1,-1