Accident_Index,Vehicle_Reference,Vehicle_Type,Towing_and_Articulation,Vehicle_Manoeuvre,Vehicle_Location-Restricted_Lane,Junction_Location,Skidding_and_Overturning,Hit_Object_in_Carriageway,Vehicle_Leaving_Carriageway,Hit_Object_off_Carriageway,1st_Point_of_Impact,Was_Vehicle_Left_Hand_Drive?,Journey_Purpose_of_Driver,Sex_of_Driver,Age_of_Driver,Age_Band_of_Driver,Engine_Capacity_(CC),Propulsion_Code,Age_of_Vehicle,Driver_IMD_Decile,Driver_Home_Area_Type,Vehicle_IMD_Decile
2017400212193,2,9,0,2,0,1,0,0,0,0,3,1,5,3,-1,-1,1560,2,9,-1,-1,-1
2017400212193,3,9,0,3,0,1,0,0,0,0,2,1,5,1,-1,-1,1242,1,1,-1,-1,-1
2017400212193,4,9,0,3,0,1,0,0,0,0,2,1,5,1,39,7,2231,2,5,-1,-1,-1
2017400212193,5,9,0,2,0,1,0,0,0,0,1,1,5,1,51,8,1997,1,13,-1,-1,-1
2017400212204,1,9,0,18,0,8,0,0,0,0,1,1,1,2,27,6,1248,2,4,-1,-1,-1
2017400212204,2,3,0,9,0,8,0,0,0,0,1,1,6,1,19,4,125,1,3,-1,-1,-1
2017400212204,3,9,0,18,0,8,0,0,0,0,3,1,6,2,43,7,1598,1,11,-1,-1,-1
2017400212262,1,23,0,16,0,0,2,0,0,0,1,1,2,1,41,7,278,1,1,-1,-1,-1
2017400212330,1,9,0,4,0,0,1,0,0,0,1,1,6,1,26,6,1896,2,9,-1,-1,-1
2017400212330,2,9,0,18,0,0,0,0,0,0,2,1,6,2,32,6,1896,2,12,-1,-1,-1
2017400212385,1,9,0,18,0,0,0,0,0,0,1,1,5,1,69,10,2191,2,1,10,1,10
2017400212385,2,9,0,2,0,0,0,0,1,0,2,1,5,2,24,5,1499,2,3,-1,-1,-1
2017400212401,1,9,0,18,0,0,0,0,0,0,0,1,1,3,-1,-1,-1,-1,-1,-1,-1,-1
2017400212439,1,9,0,18,0,0,0,0,5,0,1,1,5,1,75,10,2191,2,2,-1,-1,-1
2017400212459,1,9,0,7,0,3,1,0,0,0,4,1,6,1,26,6,4395,1,6,-1,-1,-1
2017400212459,2,9,0,18,0,3,1,0,0,0,3,1,6,1,40,7,2204,2,12,-1,-1,-1
2017400212557,1,9,0,18,0,0,5,0,1,0,1,1,6,1,-1,-1,1398,1,1,-1,-1,-1
2017400212648,1,9,0,18,0,0,0,0,0,0,1,1,6,1,-1,-1,1997,2,3,-1,-1,-1
2017400212648,2,21,0,18,0,0,0,0,0,0,2,1,6,1,53,8,7146,2,9,2,1,2
2017400212681,1,9,0,9,0,0,0,0,0,0,2,1,1,1,32,6,1798,8,4,-1,-1,-1
2017400212681,2,9,0,18,0,0,0,0,0,0,1,1,1,2,19,4,1200,1,4,-1,-1,-1
2017400212850,1,9,0,18,0,3,0,0,0,0,3,1,6,2,33,6,1598,1,8,-1,-1,-1
2017400212850,2,9,0,18,0,3,0,0,0,0,1,1,6,1,68,10,-1,-1,-1,-1,-1,-1
2017400212856,1,9,0,7,0,0,0,0,0,0,1,1,5,2,41,7,1499,1,2,-1,-1,-1
2017400212856,2,1,0,18,0,0,0,0,0,0,2,1,5,1,18,4,-1,-1,-1,-1,-1,-1
2017400212900,1,5,0,4,0,0,1,0,0,0,4,1,6,1,52,8,955,1,17,-1,-1,-1
2017400212966,1,9,0,18,0,4,5,0,1,0,4,1,3,2,41,7,875,1,3,-1,-1,-1
2017400212966,2,9,0,9,0,4,0,0,0,0,1,1,5,2,61,9,1499,2,1,-1,-1,-1
2017400213213,1,9,0,18,0,8,0,0,0,0,1,1,6,2,35,6,1910,2,10,-1,-1,-1
2017400213213,2,9,0,18,0,4,0,0,0,0,1,1,6,2,25,5,1968,2,6,-1,-1,-1
2017400213255,1,9,0,5,0,2,0,0,0,0,4,1,1,1,44,7,3456,8,3,-1,-1,-1
2017400213288,1,9,0,18,0,0,2,0,7,4,1,1,2,1,31,6,1422,2,13,-1,-1,-1
2017400213355,1,3,0,9,0,2,5,0,0,0,1,1,1,1,29,6,125,1,5,-1,-1,-1
2017400213355,2,9,0,4,0,1,0,0,0,0,1,1,5,1,24,5,1590,1,13,-1,-1,-1
2017400213440,1,9,0,17,0,1,0,0,0,0,3,1,5,1,28,6,2993,2,9,-1,-1,-1
2017400213516,1,9,0,18,0,0,0,0,0,0,1,1,5,1,33,6,-1,-1,-1,-1,-1,-1
2017400214263,1,9,0,16,0,2,0,0,7,0,1,1,2,2,21,5,998,1,-1,-1,-1,-1
2017400214263,2,9,0,17,0,1,0,0,0,0,1,1,2,1,51,8,1590,1,17,-1,-1,-1
2017400214278,1,9,0,11,7,0,0,4,0,0,1,1,6,2,59,9,1598,1,7,-1,-1,-1
2017400214278,2,9,0,2,6,0,0,0,0,0,2,1,6,2,24,5,1596,1,7,-1,-1,-1
2017400214394,1,9,0,9,0,8,0,0,0,0,3,1,2,1,28,6,-1,-1,-1,-1,-1,-1
2017400214394,2,3,0,13,0,1,0,0,0,0,1,1,2,1,17,4,124,1,8,-1,-1,-1
2017400214399,1,9,0,12,0,0,0,0,0,0,3,1,6,2,37,7,1598,1,5,-1,-1,-1
2017400214399,2,5,0,13,0,0,0,0,0,0,4,1,6,1,48,8,1130,1,15,-1,-1,-1
2017400214445,1,98,1,9,0,8,0,0,0,0,3,1,1,1,29,6,-1,-1,-1,-1,-1,-1
2017400214445,2,9,0,18,0,3,0,0,0,0,4,1,1,1,37,7,1995,2,8,-1,-1,-1
2017400214482,1,9,0,17,0,0,2,0,1,0,1,1,5,1,26,6,1149,1,13,-1,-1,-1
2017400214512,1,9,0,18,0,0,1,12,1,9,1,1,6,1,65,9,999,1,5,-1,-1,-1
2017400214512,2,9,0,18,0,0,1,0,0,0,1,1,6,1,50,8,1968,2,3,-1,-1,-1
2017400214574,1,1,0,18,0,0,0,0,0,0,1,1,5,1,11,3,-1,-1,-1,-1,-1,-1
2017400214574,2,9,0,18,0,0,0,0,0,0,4,1,5,1,64,9,1300,2,10,-1,-1,-1
2017400214702,1,1,0,18,0,0,0,0,0,0,1,1,5,1,34,6,-1,-1,-1,-1,-1,-1
2017400214773,1,19,0,18,0,2,0,0,0,0,1,1,1,1,25,5,2198,2,4,-1,-1,-1
2017400214773,2,9,0,4,0,2,0,0,0,0,2,1,6,1,43,7,1560,2,6,-1,-1,-1
2017400214822,1,9,0,18,0,2,0,0,0,0,1,1,6,3,-1,-1,2000,1,18,-1,-1,-1
2017400214822,2,9,0,3,0,2,0,0,0,0,2,1,3,2,27,6,1598,1,7,-1,-1,-1
2017400214829,1,98,0,4,0,0,0,0,0,0,1,1,6,3,-1,-1,-1,-1,-1,-1,-1,-1
2017400214829,2,9,0,4,0,0,0,0,0,0,2,1,6,1,49,8,2268,2,2,-1,-1,-1
2017400214836,1,8,0,9,0,8,0,0,0,0,3,1,6,3,-1,-1,-1,-1,-1,-1,-1,-1
2017400214836,2,1,0,18,0,8,0,0,0,0,4,1,6,1,-1,-1,-1,-1,-1,-1,-1,-1
2017400214916,1,9,0,5,0,1,0,0,0,0,1,1,6,1,29,6,2000,2,6,-1,-1,-1
2017400214916,2,9,0,3,0,1,0,0,0,0,2,1,6,1,37,7,1598,1,10,-1,-1,-1
2017400215125,1,9,0,7,0,8,0,0,0,0,1,1,6,3,-1,-1,999,1,-1,-1,-1,-1
2017400215125,2,3,0,4,0,1,0,0,0,0,4,1,1,1,25,5,108,1,-1,-1,-1,-1
2017400215173,1,9,0,10,0,1,0,0,0,0,2,1,5,1,27,6,1984,1,17,-1,-1,-1
2017400215173,2,1,0,18,0,1,1,0,0,0,4,1,5,1,51,8,-1,-1,-1,-1,-1,-1
2017400215221,1,9,0,4,0,0,0,0,0,0,1,1,5,1,64,9,1995,2,11,-1,-1,-1
2017400215221,2,9,0,4,0,0,0,0,0,0,2,1,5,1,47,8,1560,2,2,-1,-1,-1
2017400215221,3,9,0,4,0,0,0,0,0,0,1,1,5,2,24,5,1798,8,-1,-1,-1,-1
2017400215251,1,9,0,18,6,0,0,4,1,0,1,1,5,1,40,7,1997,2,9,-1,-1,-1
2017400215251,2,9,0,2,6,0,0,0,0,0,2,1,5,1,27,6,2497,1,10,-1,-1,-1
2017400215289,1,9,0,18,0,0,1,0,1,0,1,1,5,2,43,7,1598,1,9,-1,-1,-1
2017400215366,1,9,0,18,0,1,0,0,0,0,1,1,6,2,52,8,1364,1,10,-1,-1,-1
2017400215366,2,9,0,10,0,1,0,0,0,0,2,1,6,1,18,4,2148,2,10,-1,-1,-1
2017400215475,1,9,0,18,0,0,0,0,0,0,3,1,6,3,-1,-1,-1,-1,-1,-1,-1,-1
2017400215503,1,9,0,18,0,0,0,0,0,0,1,1,5,1,64,9,1380,1,7,-1,-1,-1
2017400215503,2,9,0,4,0,0,0,0,0,0,2,1,5,2,30,6,1968,2,1,-1,-1,-1
2017400215558,1,9,0,5,0,0,0,0,0,0,3,1,5,2,81,11,1422,2,8,-1,-1,-1
2017400216023,1,21,0,18,0,0,0,5,0,0,1,1,1,1,24,5,10308,2,13,-1,-1,-1
2017400216110,1,9,0,9,0,0,0,0,0,0,3,1,1,1,54,8,1560,2,12,-1,-1,-1
2017400216110,2,9,0,15,0,0,0,0,0,0,4,1,5,3,-1,-1,1984,1,7,-1,-1,-1
2017400216161,1,9,0,18,0,0,0,0,0,0,1,1,6,1,18,4,998,1,-1,-1,-1,-1
2017400216161,2,9,0,3,0,0,0,0,0,0,2,1,5,1,28,6,2148,2,13,-1,-1,-1
2017400216180,1,8,0,18,0,8,0,0,0,0,1,1,1,1,38,7,2231,2,6,-1,-1,-1
2017400216180,2,9,0,3,0,8,0,0,0,0,2,1,1,2,31,6,1497,1,13,-1,-1,-1
2017400216200,1,9,0,5,0,4,0,0,0,0,1,1,5,2,54,8,1364,1,9,-1,-1,-1
2017400216200,2,9,0,4,0,4,0,0,0,0,2,1,5,1,46,8,-1,-1,-1,-1,-1,-1
2017400216266,1,98,0,9,0,0,0,0,0,0,4,1,1,1,48,8,-1,-1,-1,-1,-1,-1
2017400216266,2,9,0,18,0,0,1,0,0,0,1,1,5,2,23,5,1398,2,4,-1,-1,-1
2017400216326,1,21,1,12,0,8,0,0,0,0,3,1,1,1,36,7,12777,2,6,-1,-1,-1
2017400216326,2,9,0,13,0,2,5,0,1,9,4,1,5,1,62,9,1798,1,11,-1,-1,-1
2017400216383,1,9,0,2,0,0,0,0,0,0,2,1,6,2,57,9,1968,2,3,-1,-1,-1
2017400216383,2,1,0,18,0,0,0,4,0,0,1,1,6,1,43,7,-1,-1,-1,-1,-1,-1
2017400216418,1,9,0,5,0,4,0,0,0,0,1,1,1,1,35,6,1598,2,-1,-1,-1,-1
2017400216418,2,1,0,18,0,6,0,0,0,0,3,1,6,2,27,6,-1,-1,-1,-1,-1,-1
2017400216446,1,9,0,6,0,0,0,0,0,0,4,1,5,1,65,9,-1,-1,-1,-1,-1,-1
2017400216446,2,3,0,18,0,0,0,0,0,0,1,1,5,1,22,5,124,1,2,-1,-1,-1
2017400216610,1,98,1,12,0,0,0,0,0,0,3,1,1,1,25,5,-1,-1,-1,-1,-1,-1
2017400216610,2,9,0,18,0,0,2,0,0,0,4,1,6,1,31,6,1560,2,9,-1,-1,-1
2017400216610,3,9,0,18,0,0,0,0,0,0,1,1,6,1,43,7,1598,1,1,-1,-1,-1
2017400216683,1,3,0,13,0,1,2,0,0,0,1,1,6,1,-1,-1,124,1,7,-1,-1,-1
2017400216683,2,9,0,10,0,1,0,0,0,0,3,1,2,2,50,8,1686,2,3,-1,-1,-1
2017400216738,1,9,0,12,0,0,5,0,0,0,3,1,5,2,37,7,998,1,3,-1,-1,-1
2017400216738,2,21,1,12,0,0,0,0,0,0,4,1,1,1,49,8,12902,2,4,-1,-1,-1
2017400216784,1,9,0,18,0,8,0,0,0,0,4,1,5,1,26,6,1598,1,12,-1,-1,-1
2017400216784,2,9,0,9,0,8,0,0,0,0,1,1,1,2,34,6,1199,1,15,-1,-1,-1
2017400216837,1,9,0,18,0,0,0,0,0,0,1,1,6,3,-1,-1,-1,-1,-1,-1,-1,-1
2017400216837,2,9,0,18,0,0,0,0,0,0,2,1,6,3,-1,-1,-1,-1,-1,-1,-1,-1
2017400216868,1,9,0,1,0,0,0,0,0,0,2,1,5,3,-1,-1,1461,2,3,-1,-1,-1
2017400216868,2,9,0,1,0,0,0,0,0,0,2,1,5,2,36,7,1598,1,9,-1,-1,-1
2017400216891,1,9,0,18,0,0,0,0,0,0,1,1,5,1,25,5,1984,1,10,-1,-1,-1
2017400216891,2,9,0,4,0,0,0,0,0,0,2,1,5,1,27,6,2967,2,6,-1,-1,-1
2017400216891,3,9,0,4,0,0,0,0,0,0,2,1,5,1,46,8,1798,1,3,-1,-1,-1
2017400216983,1,8,0,9,0,2,0,0,0,0,1,1,1,1,36,7,1956,2,5,-1,-1,-1
2017400217003,1,19,0,18,0,8,0,0,0,0,4,1,6,1,36,7,1686,2,13,-1,-1,-1
2017400217003,2,9,0,18,0,8,0,0,0,0,1,1,6,2,45,7,1598,1,12,-1,-1,-1
2017400217326,1,9,0,10,0,1,0,0,0,0,2,1,6,1,30,6,1997,1,3,-1,-1,-1
2017400217326,2,9,0,4,0,1,0,0,0,0,1,1,6,1,-1,-1,1968,2,3,-1,-1,-1
2017400217449,1,8,0,5,0,0,0,0,0,0,4,1,1,1,-1,-1,1598,2,3,-1,-1,-1
2017400217491,1,8,0,18,0,0,0,0,0,0,1,1,1,1,56,9,1896,2,13,-1,-1,-1
2017400217491,2,11,0,4,0,0,0,0,0,0,2,1,1,1,29,6,7300,2,5,-1,-1,-1
2017400217552,1,9,0,13,0,0,5,0,7,0,1,1,6,1,46,8,-1,-1,-1,-1,-1,-1
2017400217552,2,9,0,13,0,0,0,0,0,0,3,1,6,2,28,6,1968,2,1,-1,-1,-1
2017400217552,3,9,0,18,0,0,0,0,0,0,0,1,6,1,55,8,1086,1,12,-1,-1,-1
2017400217686,1,98,1,12,0,0,0,0,0,0,3,2,1,1,52,8,-1,-1,-1,-1,-1,-1
2017400217686,2,9,0,18,0,0,1,0,1,7,4,1,6,1,27,6,1229,1,5,-1,-1,-1
2017400217705,1,9,0,18,0,0,0,0,0,0,1,1,6,2,57,9,1242,1,5,-1,-1,-1
2017400218021,1,9,0,18,0,0,0,0,0,0,1,1,5,1,42,7,1596,1,9,-1,-1,-1
2017400218285,1,9,0,18,0,4,0,0,0,0,3,1,6,1,-1,-1,1390,1,14,-1,-1,-1
2017400218285,2,9,0,5,0,8,0,0,0,0,4,1,2,2,53,8,1086,1,11,-1,-1,-1
2017400218374,1,9,0,18,0,1,0,0,0,0,1,1,6,2,-1,-1,1995,2,5,-1,-1,-1
2017400218374,2,9,0,8,0,1,0,0,0,0,2,1,5,2,21,5,1298,1,14,-1,-1,-1
2017400218993,1,9,0,18,0,1,1,0,1,4,1,1,2,1,25,5,1800,1,17,-1,-1,-1
2017400219036,1,9,0,4,0,1,0,0,0,0,1,1,1,1,40,7,1598,2,3,-1,-1,-1
2017400219036,2,9,0,3,0,4,0,0,0,0,2,1,5,2,34,6,1968,2,3,-1,-1,-1
2017400219093,1,9,0,1,0,0,0,0,0,0,2,1,5,2,59,9,1997,1,14,-1,-1,-1
2017400219093,2,9,0,1,0,0,0,0,0,0,2,1,5,1,59,9,1998,1,15,-1,-1,-1
2017400219192,1,9,0,18,0,4,0,0,0,0,1,1,2,2,38,7,1995,2,8,-1,-1,-1
2017400219192,2,1,0,9,0,8,0,0,0,0,4,1,6,1,55,8,-1,-1,-1,-1,-1,-1
2017400219255,1,1,0,18,0,1,0,0,0,0,3,1,5,1,-1,-1,-1,-1,-1,-1,-1,-1
2017400219255,2,19,0,13,0,1,0,0,0,0,4,1,5,1,-1,-1,1995,2,9,-1,-1,-1
2017400219274,1,9,0,18,0,2,0,0,0,0,1,1,1,2,28,6,1461,2,2,-1,-1,-1
2017400219274,2,9,0,4,0,2,0,0,0,0,2,1,1,2,33,6,1248,2,4,-1,-1,-1
2017400219328,1,9,0,7,0,2,1,10,0,0,3,1,5,1,32,6,1199,2,3,-1,-1,-1
2017400219328,2,9,0,7,0,3,0,0,0,0,0,1,1,1,41,7,2993,2,-1,-1,-1,-1
2017400219349,1,9,0,18,0,8,0,0,1,0,1,1,5,2,30,6,1560,2,10,-1,-1,-1
2017400219349,2,9,0,18,0,8,0,0,1,11,3,1,5,1,31,6,1796,1,13,-1,-1,-1
2017400219349,3,9,0,2,9,2,0,0,0,0,0,1,5,1,43,7,2993,2,12,-1,-1,-1
2017400219398,1,9,0,7,0,3,0,0,0,0,3,1,6,1,39,7,1991,8,1,-1,-1,-1
2017400219398,2,9,0,7,0,3,0,0,0,0,4,1,2,1,42,7,1999,2,1,-1,-1,-1
2017400219463,1,9,0,13,0,0,0,0,0,0,1,1,6,2,33,6,1686,2,11,-1,-1,-1
2017400219463,2,90,0,18,0,0,0,0,0,0,3,1,6,1,57,9,-1,-1,-1,-1,-1,-1
2017400219463,3,9,0,13,0,0,0,0,0,0,1,1,6,1,53,8,1968,2,10,-1,-1,-1
2017400219528,1,9,0,4,0,1,0,0,0,0,1,1,5,1,37,7,2143,2,7,-1,-1,-1
2017400219528,2,9,0,3,0,1,0,0,0,0,2,1,5,1,65,9,1995,2,1,8,2,8
2017400219588,1,19,0,18,0,0,0,4,0,0,4,1,5,1,36,7,1896,2,9,-1,-1,-1
2017400219588,2,9,0,2,0,0,0,0,0,0,2,1,5,2,22,5,1364,1,11,-1,-1,-1
2017400219588,3,9,0,18,0,0,0,0,0,0,1,1,5,2,39,7,1896,2,8,10,2,10
2017400219588,4,9,0,18,0,0,0,0,0,0,1,1,5,2,36,7,1339,1,7,-1,-1,-1
2017400219646,1,1,0,7,0,2,5,0,0,0,1,1,5,1,48,8,-1,-1,-1,-1,-1,-1
2017400219646,2,9,0,4,0,1,0,0,0,0,1,1,5,2,24,5,1598,1,10,-1,-1,-1
2017400219689,1,9,0,7,0,8,0,0,0,0,2,1,5,1,27,6,1598,1,15,1,1,1
2017400219689,2,1,0,18,0,1,0,0,0,0,3,1,5,2,66,10,-1,-1,-1,-1,-1,-1
2017400219693,1,98,1,11,0,0,0,0,0,0,3,1,1,1,-1,-1,-1,-1,-1,-1,-1,-1
2017400219693,2,9,0,18,0,0,2,10,1,0,3,1,6,2,52,8,1242,1,8,-1,-1,-1
2017400219698,1,4,0,18,0,0,5,0,0,0,0,1,6,1,21,5,-1,-1,-1,-1,-1,-1
2017400219761,1,9,0,5,0,0,0,0,0,0,1,1,5,1,34,6,1995,2,11,-1,-1,-1
2017400219761,2,5,0,18,0,0,1,0,0,0,3,1,5,1,41,7,750,1,-1,-1,-1,-1
2017400219784,1,9,0,18,0,0,0,0,1,0,3,1,5,1,44,7,1596,1,14,-1,-1,-1
2017400219784,2,9,0,18,0,0,0,0,1,0,3,1,5,1,41,7,1997,1,3,-1,-1,-1
2017400219811,1,9,0,17,0,0,1,10,1,4,4,1,6,1,21,5,-1,-1,-1,5,3,5
2017400219883,1,9,0,1,0,2,0,0,0,0,2,1,6,2,29,6,-1,-1,-1,-1,-1,-1
2017400219883,2,5,0,18,0,2,5,0,0,0,3,1,6,1,27,6,749,1,3,-1,-1,-1
2017400219925,1,19,0,11,0,0,0,0,0,0,1,1,6,1,35,6,2198,2,3,-1,-1,-1
2017400219925,2,19,0,4,0,0,0,0,0,0,2,1,6,1,19,4,1995,2,3,-1,-1,-1
2017400219925,3,9,0,4,0,0,0,0,0,0,2,1,6,2,49,8,999,1,16,-1,-1,-1
2017400219933,1,9,0,8,9,0,0,0,0,0,4,1,5,2,45,7,1995,2,8,-1,-1,-1
2017400219933,2,1,0,18,9,0,0,0,0,0,1,1,5,2,24,5,-1,-1,-1,-1,-1,-1
2017400219972,1,1,0,18,0,1,5,0,0,0,3,1,2,1,22,5,-1,-1,-1,-1,-1,-1
2017400219972,2,9,0,7,0,8,0,0,0,0,4,1,5,2,49,8,1598,1,4,-1,-1,-1
2017400219990,1,9,0,5,0,0,0,0,0,0,4,1,5,1,68,10,1798,1,9,-1,-1,-1
2017400219992,1,9,0,17,0,8,0,0,0,0,3,1,6,1,45,7,-1,-1,-1,-1,-1,-1
2017400219992,2,9,0,16,0,8,0,0,0,0,3,1,6,2,37,7,1596,1,13,-1,-1,-1
2017400220032,1,9,0,18,0,2,0,0,0,0,1,1,6,2,22,5,1360,1,10,-1,-1,-1
2017400220032,2,9,0,4,0,2,0,0,0,0,2,1,6,2,25,5,-1,-1,-1,-1,-1,-1
2017400220049,1,9,0,9,0,8,0,0,0,0,1,1,2,1,25,5,1988,2,11,-1,-1,-1
2017400220049,2,9,0,18,0,8,0,0,0,0,3,1,5,2,22,5,1364,2,10,-1,-1,-1
2017400220053,1,9,0,18,0,0,0,0,1,1,1,1,6,2,17,4,1686,2,8,-1,-1,-1
2017400220076,1,9,0,18,0,1,0,0,0,0,1,1,6,1,-1,-1,1796,1,11,-1,-1,-1
2017400220076,2,9,0,8,0,1,0,0,0,0,2,1,6,2,23,5,1587,1,11,-1,-1,-1
2017400220225,1,9,0,18,0,0,0,0,0,0,1,1,6,2,39,7,-1,-1,-1,-1,-1,-1
2017400220225,2,9,0,4,0,0,0,0,0,0,2,1,6,1,46,8,1596,1,11,-1,-1,-1
2017400220225,3,9,0,2,0,0,0,0,0,0,4,1,5,3,-1,-1,1796,1,8,-1,-1,-1
2017400220237,1,9,0,18,0,0,0,0,4,6,3,1,5,1,35,6,1796,1,16,-1,-1,-1
2017400220237,2,9,0,4,0,0,0,0,0,0,0,1,6,3,-1,-1,-1,-1,-1,-1,-1,-1
2017400220264,1,9,0,18,0,8,0,0,0,0,1,1,5,1,31,6,1995,2,-1,-1,-1,-1
2017400220264,2,1,0,18,0,8,0,0,0,0,3,1,6,1,53,8,-1,-1,-1,3,1,3
2017400220331,1,5,0,17,0,0,1,0,0,0,0,1,5,1,71,10,553,1,21,-1,-1,-1
2017400220387,1,19,0,1,0,0,0,0,0,0,2,1,1,3,-1,-1,2143,2,1,-1,-1,-1
2017400220387,2,9,0,3,0,0,0,0,0,0,1,1,6,1,53,8,1685,2,-1,-1,-1,-1
2017400220481,1,9,0,18,0,0,0,0,0,0,1,1,1,1,35,6,2993,2,-1,-1,-1,-1
2017400220481,2,9,0,18,0,0,0,0,0,0,2,1,6,1,20,4,2143,2,3,-1,-1,-1
2017400220481,3,9,0,2,0,0,0,0,0,0,3,1,6,3,-1,-1,1896,2,14,-1,-1,-1
2017400220621,1,9,0,7,0,4,0,0,0,0,1,1,6,2,43,7,1497,8,1,-1,-1,-1
2017400220666,1,9,0,18,0,8,0,0,0,0,1,1,6,3,-1,-1,1598,1,12,-1,-1,-1
2017400220666,2,1,0,18,0,8,0,0,0,0,2,1,6,1,13,3,-1,-1,-1,-1,-1,-1
2017400220680,1,9,0,18,0,0,0,0,0,0,1,1,5,1,38,7,1596,1,6,-1,-1,-1
2017400220680,2,9,0,4,0,0,0,0,0,0,2,1,5,1,81,11,3199,1,21,-1,-1,-1
2017400220768,1,3,0,18,9,1,0,0,0,0,1,1,5,1,15,3,124,1,5,-1,-1,-1
2017400220768,2,9,0,1,0,1,0,0,0,0,0,1,1,1,28,6,1248,2,2,-1,-1,-1
2017400220768,3,19,0,1,0,1,0,0,0,0,0,1,1,1,27,6,1598,2,1,-1,-1,-1
2017400220768,4,11,0,1,0,1,0,0,0,0,0,1,1,1,60,9,4500,2,-1,-1,-1,-1
2017400220912,1,9,0,4,0,0,0,0,0,0,1,1,2,1,44,7,1595,1,13,-1,-1,-1
2017400220912,2,9,0,3,0,0,0,0,0,0,2,1,5,2,35,6,1598,1,10,-1,-1,-1
2017400220912,3,9,0,3,0,0,0,0,0,0,2,1,5,2,24,5,1364,1,11,-1,-1,-1
2017400220912,4,9,0,3,0,0,0,0,0,0,2,1,5,1,67,10,1968,2,6,-1,-1,-1
2017400220961,1,9,0,5,0,1,0,0,0,0,1,1,5,2,23,5,1995,2,4,-1,-1,-1
2017400220961,2,9,0,3,0,1,0,0,0,0,2,1,5,2,67,10,1399,1,10,-1,-1,-1
2017400221023,1,9,0,7,0,8,0,0,1,0,1,1,1,1,26,6,1968,2,5,-1,-1,-1
2017400221023,2,9,0,18,0,8,0,0,0,0,1,1,1,2,42,7,1799,1,11,-1,-1,-1
2017400221082,1,9,0,18,0,7,0,0,0,0,3,1,6,2,63,9,1995,2,3,-1,-1,-1
2017400221082,2,1,0,18,0,7,0,0,0,0,4,1,6,1,-1,-1,-1,-1,-1,-1,-1,-1
2017400221156,1,11,0,18,0,0,0,0,0,0,4,1,1,1,-1,-1,4500,2,-1,-1,-1,-1
2017400221228,1,-1,0,5,0,0,0,0,0,0,0,1,6,3,-1,-1,-1,-1,-1,-1,-1,-1
2017400221301,1,9,0,13,0,1,0,0,7,0,4,1,6,1,25,5,2792,1,-1,-1,-1,-1
2017400221301,2,9,0,9,0,1,0,0,0,0,3,1,6,2,23,5,1598,1,10,-1,-1,-1
2017400221383,1,9,0,9,0,8,0,0,0,0,4,1,5,2,71,10,2198,1,14,-1,-1,-1
2017400221383,2,5,0,18,0,1,0,0,0,0,1,1,5,1,35,6,599,1,14,-1,-1,-1
2017400221504,1,9,0,9,0,2,0,0,0,0,1,1,6,2,22,5,1198,1,3,-1,-1,-1
2017400221504,2,8,0,18,0,1,0,0,0,0,3,1,1,1,50,8,2402,2,13,-1,-1,-1
2017400221541,1,9,0,7,0,3,0,0,0,0,1,1,6,3,-1,-1,-1,-1,-1,-1,-1,-1
2017400221541,2,9,0,3,0,1,0,0,0,0,3,1,6,2,41,7,1995,2,5,-1,-1,-1
2017400221605,1,5,0,16,0,2,2,0,0,0,3,1,5,1,60,9,599,1,19,-1,-1,-1
2017400221639,1,9,0,18,0,0,0,0,0,0,1,1,6,1,-1,-1,1995,2,7,-1,-1,-1
2017400221639,2,9,0,4,0,0,0,0,0,0,2,1,6,2,26,6,998,1,1,-1,-1,-1
2017400221639,3,9,0,4,0,0,0,0,0,0,2,1,6,2,23,5,2993,2,4,-1,-1,-1
2017400221639,4,9,0,3,0,0,0,0,0,0,0,1,6,3,-1,-1,-1,-1,-1,-1,-1,-1
2017400221711,1,9,0,5,0,0,0,0,0,0,1,1,2,1,29,6,1794,1,11,-1,-1,-1
2017400221769,1,19,0,16,0,0,1,0,0,0,3,1,1,1,27,6,1399,2,7,-1,-1,-1
2017400221769,2,9,0,17,0,0,1,0,1,0,3,1,5,1,38,7,-1,-1,-1,-1,-1,-1
2017400221807,1,9,0,18,0,0,1,0,7,4,3,1,6,2,63,9,1598,1,15,-1,-1,-1
2017400221859,1,98,0,18,0,0,0,0,0,0,3,1,6,3,-1,-1,-1,-1,-1,-1,-1,-1
2017400221859,2,9,0,18,0,0,0,0,0,0,3,1,5,1,41,7,-1,-1,-1,-1,-1,-1
2017400222081,1,9,0,18,0,0,2,0,0,0,1,1,6,1,20,4,1229,1,10,-1,-1,-1
2017400222081,2,9,0,7,0,0,0,0,0,0,3,1,5,2,30,6,998,1,1,-1,-1,-1
2017400222269,1,19,0,15,0,0,0,0,0,0,4,1,5,3,-1,-1,2198,2,1,-1,-1,-1
2017400222269,2,9,0,9,0,0,0,0,0,0,4,1,6,2,63,9,1242,1,1,-1,-1,-1
2017400222346,1,9,0,18,0,8,0,0,0,0,1,1,6,1,82,11,2922,1,16,-1,-1,-1
2017400222346,2,9,0,10,0,8,0,0,0,0,2,1,6,2,22,5,1461,2,3,-1,-1,-1
2017400222503,1,9,0,18,0,1,0,0,0,0,3,1,6,1,71,10,2435,1,21,-1,-1,-1
2017400222503,2,9,0,18,0,2,0,0,0,0,3,1,6,1,47,8,1598,1,11,-1,-1,-1
2017400222504,1,9,0,4,0,1,0,0,0,0,1,1,6,1,38,7,2993,2,3,-1,-1,-1
2017400222504,2,9,0,3,0,1,0,0,0,0,2,1,6,1,49,8,1997,1,21,-1,-1,-1