Accident_Index,Vehicle_Reference,Vehicle_Type,Towing_and_Articulation,Vehicle_Manoeuvre,Vehicle_Location-Restricted_Lane,Junction_Location,Skidding_and_Overturning,Hit_Object_in_Carriageway,Vehicle_Leaving_Carriageway,Hit_Object_off_Carriageway,1st_Point_of_Impact,Was_Vehicle_Left_Hand_Drive?,Journey_Purpose_of_Driver,Sex_of_Driver,Age_of_Driver,Age_Band_of_Driver,Engine_Capacity_(CC),Propulsion_Code,Age_of_Vehicle,Driver_IMD_Decile,Driver_Home_Area_Type,Vehicle_IMD_Decile
2017400222559,1,9,0,5,0,1,0,0,0,0,1,1,6,1,28,6,1956,2,6,-1,-1,-1
2017400222559,2,1,0,18,0,1,0,0,1,11,2,1,5,1,12,3,-1,-1,-1,-1,-1,-1
2017400222742,1,9,0,10,0,0,0,0,0,0,0,1,1,1,45,7,-1,-1,-1,-1,-1,-1
2017400222742,2,5,0,13,0,0,1,0,0,0,2,1,1,1,48,8,999,1,-1,-1,-1,-1
2017400222806,1,9,0,9,0,8,0,0,0,0,1,1,5,1,-1,-1,1910,2,11,-1,-1,-1
2017400222806,2,5,0,18,0,8,0,0,0,0,1,1,5,1,52,8,847,1,1,-1,-1,-1
2017400222885,1,9,0,7,0,1,0,0,0,0,1,1,6,1,18,4,-1,-1,-1,-1,-1,-1
2017400222885,2,9,0,8,0,1,0,0,0,0,2,1,6,1,34,6,-1,-1,-1,-1,-1,-1
2017400222959,1,9,0,9,0,8,0,0,0,0,3,1,5,2,51,8,2400,2,6,-1,-1,-1
2017400222959,2,5,0,13,0,8,5,0,0,0,1,1,5,1,40,7,750,1,14,-1,-1,-1
2017400222967,1,9,0,18,0,0,0,0,0,0,1,1,2,2,43,7,1896,2,9,-1,-1,-1
2017400222967,2,9,0,18,0,0,0,0,0,0,2,1,5,1,36,7,1896,2,15,-1,-1,-1
2017400222996,1,9,0,17,0,0,0,4,0,0,1,1,5,1,20,4,1582,2,6,-1,-1,-1
2017400222996,2,9,0,2,0,0,0,0,1,11,1,1,5,1,35,6,1198,1,11,-1,-1,-1
2017400222996,3,19,0,2,0,0,0,0,0,0,1,1,5,3,-1,-1,1248,2,7,-1,-1,-1
2017400222996,4,19,0,2,0,0,0,0,0,0,1,1,5,3,-1,-1,2402,2,6,-1,-1,-1
2017400223037,1,9,0,18,0,0,0,4,0,0,1,1,5,2,57,9,1799,1,9,-1,-1,-1
2017400223037,2,9,0,2,0,0,0,0,0,0,1,1,5,2,32,6,1598,1,10,2,1,2
2017400223053,1,9,0,18,0,1,1,0,0,0,1,1,5,1,20,4,1396,1,15,-1,-1,-1
2017400223053,2,9,0,3,0,1,0,0,0,0,2,1,5,2,53,8,-1,-1,-1,-1,-1,-1
2017400223117,1,9,0,18,9,1,0,0,1,0,4,1,6,3,-1,-1,-1,-1,-1,-1,-1,-1
2017400223157,1,9,0,5,0,0,0,0,0,0,4,1,6,1,74,10,2231,2,8,-1,-1,-1
2017400223157,2,9,0,5,0,0,0,0,0,0,3,1,6,2,31,6,998,1,15,-1,-1,-1
2017400223200,1,9,0,9,0,8,0,0,0,0,4,1,1,1,44,7,1686,2,4,-1,-1,-1
2017400223200,2,9,0,18,0,8,0,0,0,0,1,1,1,2,37,7,2143,2,4,-1,-1,-1
2017400223200,3,21,0,8,0,1,0,0,0,0,3,1,1,1,44,7,4580,2,11,-1,-1,-1
2017400223304,1,21,1,12,0,0,0,0,0,0,1,1,1,1,52,8,-1,-1,-1,-1,-1,-1
2017400223304,2,9,0,18,0,0,0,0,0,0,4,1,2,2,27,6,1299,1,12,-1,-1,-1
2017400223335,1,9,0,4,0,8,0,0,0,0,1,1,5,1,49,8,1598,1,11,-1,-1,-1
2017400223335,2,9,0,3,0,8,0,0,0,0,2,1,5,1,34,6,1598,2,4,-1,-1,-1
2017400223423,1,9,0,18,0,0,0,4,0,0,4,1,5,2,78,11,1396,1,5,-1,-1,-1
2017400223423,2,9,0,2,0,0,0,0,0,0,3,1,5,3,-1,-1,1398,1,2,-1,-1,-1
2017400223423,3,9,0,2,0,0,0,0,0,0,4,1,5,1,-1,-1,1798,1,-1,-1,-1,-1
2017400223504,1,9,0,18,0,0,0,0,5,6,2,1,1,1,54,8,-1,-1,-1,-1,-1,-1
2017400223504,2,98,1,18,0,0,0,0,0,0,1,1,1,1,32,6,-1,-1,-1,-1,-1,-1
2017400223596,1,9,0,18,0,8,0,0,0,0,1,1,6,3,-1,-1,-1,-1,-1,-1,-1,-1
2017400223596,2,9,0,10,0,8,0,0,0,0,2,1,6,2,28,6,1598,1,11,-1,-1,-1
2017400223653,1,8,0,14,0,0,0,0,0,0,4,1,1,1,40,7,1896,2,9,-1,-1,-1
2017400223724,1,9,0,9,0,8,0,0,0,0,1,1,5,1,23,5,1368,1,2,-1,-1,-1
2017400223724,2,9,0,18,0,8,1,0,1,7,1,1,1,1,56,9,1969,2,2,-1,-1,-1
2017400223774,1,1,0,18,9,0,0,0,0,0,1,1,6,1,14,3,-1,-1,-1,-1,-1,-1
2017400223901,1,9,0,5,0,8,0,0,0,0,3,1,5,2,17,4,1242,1,6,-1,-1,-1
2017400223901,2,9,0,18,0,1,0,0,7,0,4,1,5,1,48,8,1598,2,2,-1,-1,-1
2017400224164,1,19,0,1,9,0,0,0,0,0,2,1,6,1,-1,-1,1686,2,13,-1,-1,-1
2017400224520,1,9,0,4,0,0,0,0,0,0,1,1,5,1,40,7,1596,1,15,-1,-1,-1
2017400224520,2,9,0,3,0,0,0,0,0,0,2,1,5,2,18,4,1149,1,14,-1,-1,-1
2017400224520,3,9,0,4,0,0,0,0,0,0,1,1,5,2,43,7,1896,2,15,-1,-1,-1
2017400224520,4,9,0,3,0,0,0,0,0,0,2,1,5,1,22,5,1199,1,13,-1,-1,-1
2017400224584,1,8,0,16,0,0,1,10,7,4,1,1,5,1,40,7,1896,2,10,-1,-1,-1
2017400224605,1,8,0,18,4,0,0,0,0,0,4,1,1,1,44,7,1798,8,5,-1,-1,-1
2017400224605,2,1,0,18,4,0,5,0,1,0,3,1,2,1,50,8,-1,-1,-1,-1,-1,-1
2017400224612,1,9,0,9,0,0,0,0,0,0,3,1,6,1,36,7,1598,1,12,-1,-1,-1
2017400224612,2,5,0,13,0,0,5,0,0,0,1,1,6,1,58,9,800,1,-1,-1,-1,-1
2017400224690,1,9,0,18,0,0,0,0,0,0,1,1,5,1,46,8,1896,2,10,-1,-1,-1
2017400224690,2,1,0,18,0,0,0,0,0,0,4,1,2,1,10,2,-1,-1,-1,-1,-1,-1
2017400224720,1,9,0,4,0,0,0,0,0,0,1,1,5,1,38,7,1150,1,13,-1,-1,-1
2017400224720,2,9,0,4,0,0,0,0,0,0,2,1,5,1,37,7,1499,2,2,-1,-1,-1
2017400224898,1,21,1,18,0,0,0,0,0,0,1,1,1,1,56,9,12740,2,3,-1,-1,-1
2017400224898,2,9,0,4,0,0,0,0,0,0,2,1,6,2,31,6,1299,1,11,-1,-1,-1
2017400224968,1,9,0,18,0,0,0,0,0,0,1,1,6,3,-1,-1,1968,2,8,-1,-1,-1
2017400224968,2,9,0,1,0,0,0,0,0,0,3,1,5,1,24,5,1796,1,10,-1,-1,-1
2017400225022,1,9,0,13,0,3,0,0,0,0,4,1,6,1,62,9,1796,1,8,-1,-1,-1
2017400225022,2,1,0,18,0,3,0,0,0,0,4,1,5,1,64,9,-1,-1,-1,-1,-1,-1
2017400225162,1,9,0,9,0,8,0,0,0,0,4,1,6,1,37,7,1999,2,1,4,1,4
2017400225162,2,9,0,18,0,1,0,0,0,0,1,1,6,1,47,8,1596,1,15,-1,-1,-1
2017400225180,1,21,1,5,0,1,0,0,0,0,1,1,1,1,39,7,12777,2,1,-1,-1,-1
2017400225180,2,9,0,3,0,1,0,0,0,0,2,1,6,1,22,5,999,1,8,-1,-1,-1
2017400225224,1,9,0,17,0,0,1,0,0,0,1,1,6,1,41,7,1587,1,15,-1,-1,-1
2017400225224,2,9,0,18,0,0,0,0,0,0,1,1,6,2,52,8,1240,1,7,-1,-1,-1
2017400225384,1,5,0,18,0,8,2,0,0,0,0,1,1,1,48,8,1170,1,8,-1,-1,-1
2017400225399,1,9,0,7,9,0,0,0,0,0,1,1,5,1,19,4,-1,-1,-1,-1,-1,-1
2017400225399,2,1,0,18,9,0,0,0,0,0,1,1,5,1,12,3,-1,-1,-1,-1,-1,-1
2017400225434,1,3,0,18,0,1,2,0,0,0,1,1,6,1,21,5,124,1,2,-1,-1,-1
2017400225434,2,9,0,9,0,6,0,0,0,0,1,1,5,1,80,11,2401,2,12,-1,-1,-1
2017400225434,3,19,0,3,0,1,0,0,0,0,1,1,2,1,45,7,1995,2,10,-1,-1,-1
2017400225470,1,9,0,18,0,6,0,0,0,0,1,1,6,3,-1,-1,-1,-1,-1,-1,-1,-1
2017400225584,1,9,0,15,0,0,0,0,0,0,1,1,5,1,17,4,1388,1,11,-1,-1,-1
2017400225584,2,3,0,9,0,0,0,0,0,0,4,1,5,1,17,4,124,1,-1,-1,-1,-1
2017400225602,1,9,0,4,0,0,0,0,0,0,1,1,6,1,30,6,-1,-1,-1,-1,-1,-1
2017400225602,2,9,0,3,0,0,0,0,0,0,2,1,6,1,50,8,1753,2,9,-1,-1,-1
2017400225672,1,9,0,18,0,0,0,0,0,0,1,1,3,1,43,7,1598,1,9,-1,-1,-1
2017400225672,2,1,0,18,0,0,0,0,0,0,2,1,6,1,12,3,-1,-1,-1,-1,-1,-1
2017400225746,1,9,0,18,0,0,0,0,0,0,1,1,6,1,-1,-1,1364,1,11,-1,-1,-1
2017400225746,2,9,0,3,0,0,0,0,0,0,2,1,6,1,52,8,1197,1,2,-1,-1,-1
2017400225831,1,3,0,18,0,0,0,0,0,0,1,1,6,1,26,6,125,1,3,-1,-1,-1
2017400225831,2,19,0,7,0,0,0,0,0,0,4,1,2,1,28,6,2198,2,7,-1,-1,-1
2017400226083,1,9,0,12,0,0,0,0,0,0,3,1,6,3,-1,-1,-1,-1,-1,-1,-1,-1
2017400226083,2,9,0,3,0,0,0,0,0,0,4,1,6,1,34,6,1461,2,3,-1,-1,-1
2017400226170,1,9,0,4,0,1,0,0,0,0,3,1,1,1,56,9,1797,8,7,-1,-1,-1
2017400226170,2,1,0,18,0,6,5,0,1,0,1,1,6,1,20,4,-1,-1,-1,1,1,1
2017400226466,1,9,0,9,0,2,0,0,0,0,4,1,2,2,19,4,-1,-1,-1,-1,-1,-1
2017400226466,2,9,0,18,0,1,0,0,1,9,1,1,2,1,54,8,1598,2,-1,-1,-1,-1
2017400226507,1,9,0,1,0,2,0,0,0,0,2,1,5,2,55,8,1199,1,15,-1,-1,-1
2017400226507,2,1,0,18,0,1,0,0,0,0,1,1,5,2,73,10,-1,-1,-1,-1,-1,-1
2017400226520,1,2,0,16,0,0,1,0,0,0,1,1,6,1,16,4,49,1,-1,-1,-1,-1
2017400226520,2,9,0,17,0,0,0,0,0,0,1,1,5,2,49,8,1968,2,8,-1,-1,-1
2017400226550,1,9,0,4,0,1,0,0,0,0,0,1,6,2,-1,-1,-1,-1,-1,-1,-1,-1
2017400226550,2,9,0,4,0,1,0,0,0,0,2,1,3,2,29,6,1598,2,5,-1,-1,-1
2017400226550,3,9,0,4,0,1,1,0,0,0,1,1,6,1,56,9,-1,-1,-1,-1,-1,-1
2017400226605,1,9,0,17,0,8,0,0,0,0,0,1,6,3,-1,-1,-1,-1,-1,-1,-1,-1
2017400226605,2,9,0,4,0,4,0,0,0,0,2,1,2,2,31,6,1995,2,5,-1,-1,-1
2017400226605,3,9,0,5,0,4,0,0,0,0,1,1,6,3,-1,-1,1896,2,9,-1,-1,-1
2017400226800,1,9,0,18,9,0,0,0,0,0,1,1,6,2,-1,-1,1968,2,8,8,1,8
2017400227070,1,1,0,18,0,0,0,0,0,0,3,1,5,1,42,7,-1,-1,-1,-1,-1,-1
2017400227070,2,9,0,13,0,0,0,0,0,0,4,1,6,1,64,9,1598,1,7,7,3,7
2017400227080,1,9,0,18,0,0,0,0,0,0,1,1,2,2,46,8,1240,1,11,-1,-1,-1
2017400227080,2,11,0,18,0,0,0,0,0,0,1,1,1,1,59,9,7300,2,17,-1,-1,-1
2017400227249,1,3,0,18,0,0,1,0,0,0,1,1,5,1,17,4,124,1,16,-1,-1,-1
2017400227249,2,1,0,18,0,0,0,0,0,0,3,1,5,1,15,3,-1,-1,-1,-1,-1,-1
2017400227249,3,9,0,5,0,0,0,0,0,0,3,1,5,1,37,7,1968,2,7,-1,-1,-1
2017400227261,1,9,0,1,0,0,0,0,0,0,2,1,6,1,-1,-1,2993,2,5,-1,-1,-1
2017400227283,1,9,0,18,0,2,0,0,0,0,1,1,5,2,43,7,1956,2,1,5,1,5
2017400227284,1,9,0,6,0,1,0,0,0,0,3,1,5,1,39,7,2290,1,16,-1,-1,-1
2017400227284,2,3,0,14,0,1,0,0,0,0,1,1,5,1,30,6,847,1,2,-1,-1,-1
2017400227320,1,9,0,9,0,8,0,0,0,0,3,1,6,2,30,6,1229,1,9,-1,-1,-1
2017400227320,2,5,0,13,0,8,5,0,0,0,4,1,6,1,39,7,1199,1,16,-1,-1,-1
2017400227328,1,98,1,18,0,0,0,0,0,0,1,1,1,1,38,7,-1,-1,-1,-1,-1,-1
2017400227328,2,98,1,18,0,0,0,0,0,0,2,1,1,1,68,10,-1,-1,-1,-1,-1,-1
2017400227385,1,9,0,13,0,0,1,0,0,0,1,1,6,1,21,5,1248,2,13,-1,-1,-1
2017400227385,2,9,0,2,0,0,0,0,0,0,3,1,5,1,57,9,2993,2,2,-1,-1,-1
2017400227385,3,9,0,18,0,0,0,0,0,0,1,1,6,1,46,8,1984,1,11,-1,-1,-1
2017400227401,1,9,0,18,0,0,0,0,0,0,1,1,5,1,40,7,1997,1,4,-1,-1,-1
2017400227405,1,19,0,13,0,0,0,0,0,0,1,1,1,1,25,5,2287,2,1,-1,-1,-1
2017400227405,2,9,0,12,0,0,0,0,0,0,2,1,2,2,33,6,2204,2,11,-1,-1,-1
2017400227410,1,19,0,18,0,0,0,0,1,9,1,1,1,1,28,6,1995,2,9,-1,-1,-1
2017400227410,2,-1,-1,18,0,0,0,0,0,0,0,1,6,3,-1,-1,-1,-1,-1,-1,-1,-1
2017400227434,1,9,0,18,0,8,0,0,0,0,0,1,1,1,24,5,1248,2,2,-1,-1,-1
2017400227434,2,9,0,18,0,8,0,0,0,0,1,1,6,1,46,8,1896,2,15,-1,-1,-1
2017400227434,3,9,0,18,0,8,0,0,0,0,2,1,6,1,54,8,998,1,14,-1,-1,-1
2017400227456,1,9,0,4,0,0,0,0,0,0,1,1,6,1,77,11,1753,2,16,-1,-1,-1
2017400227456,2,9,0,3,0,0,0,0,0,0,2,1,6,1,39,7,2261,1,9,-1,-1,-1
2017400227841,1,9,0,9,0,8,0,0,0,0,1,1,6,1,38,7,1598,1,5,-1,-1,-1
2017400227841,2,5,0,18,0,8,1,4,1,1,1,1,5,1,31,6,1000,1,3,-1,-1,-1
2017400227841,3,9,0,2,0,2,0,0,0,0,2,1,5,1,-1,-1,2000,2,7,-1,-1,-1
2017400227997,1,9,0,5,0,0,0,0,0,0,1,1,5,3,-1,-1,1560,2,5,-1,-1,-1
2017400228008,1,9,0,4,0,0,0,0,0,0,1,1,6,2,20,4,998,1,2,-1,-1,-1
2017400228008,2,19,0,4,0,0,0,0,0,0,2,1,6,1,53,8,1686,2,15,-1,-1,-1
2017400228008,3,9,0,4,0,0,0,0,0,0,0,1,6,1,44,7,-1,-1,-1,-1,-1,-1
2017400228107,1,9,0,16,0,0,2,0,0,0,3,1,5,1,41,7,1596,1,4,-1,-1,-1
2017400228107,2,9,0,18,0,0,1,0,0,0,3,1,5,1,34,6,-1,-1,-1,-1,-1,-1
2017400228107,3,9,0,18,0,0,1,0,7,9,4,1,5,1,57,9,-1,-1,-1,-1,-1,-1
2017400228128,1,9,0,9,0,0,0,0,0,0,0,1,5,1,46,8,1995,1,9,-1,-1,-1
2017400228169,1,98,0,3,0,3,0,0,0,0,2,1,1,1,-1,-1,-1,-1,-1,-1,-1,-1
2017400228169,2,9,0,16,0,3,0,0,0,0,4,1,5,2,36,7,1248,2,10,-1,-1,-1
2017400228169,3,98,1,16,0,3,0,0,0,0,3,1,1,1,42,7,-1,-1,-1,-1,-1,-1
2017400228330,1,9,0,14,0,0,0,0,0,0,3,1,6,1,61,9,1242,1,7,-1,-1,-1
2017400228330,2,1,0,14,0,0,0,0,0,0,4,1,6,1,55,8,-1,-1,-1,-1,-1,-1
2017400228346,1,9,0,7,0,8,0,0,0,0,3,1,2,1,54,8,1198,1,7,-1,-1,-1
2017400228346,2,1,0,18,0,6,1,0,0,0,1,1,2,1,31,6,-1,-1,-1,-1,-1,-1
2017400228362,1,9,0,17,0,0,1,0,7,9,1,1,6,2,56,9,1560,2,9,-1,-1,-1
2017400228395,1,9,0,18,0,0,0,12,7,4,1,1,6,1,57,9,-1,-1,-1,-1,-1,-1
2017400228511,1,9,0,18,0,0,0,0,0,0,1,1,6,1,38,7,1995,2,3,-1,-1,-1
2017400228511,2,1,0,18,0,0,0,0,0,0,4,1,6,1,22,5,-1,-1,-1,-1,-1,-1
2017400228552,1,98,5,9,0,5,0,0,0,0,1,1,6,3,-1,-1,-1,-1,-1,-1,-1,-1
2017400228552,2,9,0,9,0,5,0,0,0,0,1,1,5,1,45,7,1995,2,15,-1,-1,-1
2017400228552,3,22,0,18,0,8,0,0,0,0,3,1,6,1,87,11,-1,-1,-1,-1,-1,-1
2017400228554,1,9,0,9,0,8,0,0,0,0,4,1,6,1,30,6,1753,2,12,-1,-1,-1
2017400228554,2,9,0,18,0,8,0,0,0,0,1,1,6,1,47,8,1998,1,15,-1,-1,-1
2017400228570,1,11,0,5,0,0,0,0,0,0,0,1,1,1,52,8,7300,2,5,7,1,7
2017400228673,1,19,0,16,0,0,0,0,0,0,3,1,6,1,34,6,1598,2,-1,-1,-1,-1
2017400228673,2,19,0,17,0,0,5,0,1,0,3,1,2,1,32,6,1753,2,13,5,1,5
2017400228921,1,8,0,4,0,1,0,0,0,0,1,1,1,1,-1,-1,1997,2,8,-1,-1,-1
2017400228921,2,9,0,4,0,1,0,0,0,0,2,1,3,2,30,6,989,1,18,-1,-1,-1
2017400228981,1,10,0,9,0,1,0,0,0,0,1,1,6,1,71,10,2446,2,19,-1,-1,-1
2017400229126,1,9,0,9,0,8,0,0,0,0,4,1,5,1,41,7,1686,2,9,-1,-1,-1
2017400229127,1,8,0,18,0,0,0,0,0,0,1,1,1,1,36,7,1598,2,4,-1,-1,-1
2017400229250,1,19,0,4,0,0,0,0,0,0,4,1,6,3,-1,-1,1560,2,1,-1,-1,-1
2017400229250,2,9,0,4,0,0,0,0,0,0,2,1,6,1,34,6,1968,2,6,-1,-1,-1
2017400229330,1,9,0,3,0,0,0,0,0,0,1,1,5,1,19,4,1598,2,7,-1,-1,-1
2017400229330,2,19,0,3,0,0,0,0,0,0,2,1,2,1,33,6,2198,2,2,-1,-1,-1
2017400229330,3,9,0,3,0,0,0,0,0,0,2,1,6,1,42,7,1242,1,15,-1,-1,-1
2017400229330,4,9,0,3,0,0,0,0,0,0,2,1,6,2,53,8,1999,1,10,-1,-1,-1
2017400229505,1,9,0,5,0,0,0,0,0,0,4,1,6,1,24,5,1248,2,3,-1,-1,-1
2017400229505,2,9,0,18,0,0,0,0,0,0,3,1,5,1,32,6,1968,2,9,-1,-1,-1
2017400229510,1,9,0,18,0,0,0,0,0,0,1,1,5,1,83,11,1598,2,3,-1,-1,-1
2017400229546,1,9,0,5,0,4,0,0,0,0,1,1,5,2,53,8,1499,1,1,6,1,6
2017400229586,1,9,0,18,0,0,0,0,0,0,1,1,5,2,50,8,2198,1,13,-1,-1,-1
2017400229716,1,9,0,5,0,2,0,0,0,0,1,1,2,2,46,8,998,1,4,6,1,6
2017400229716,2,9,0,4,0,2,0,0,0,0,2,1,5,1,61,9,1798,8,4,6,1,6
2017400229739,1,90,0,18,0,1,0,0,0,0,1,1,1,3,-1,-1,2298,2,1,-1,-1,-1
2017400229739,2,9,0,3,0,1,0,0,0,0,2,1,6,1,40,7,-1,-1,-1,-1,-1,-1
2017400229816,1,9,0,18,0,2,0,0,0,0,4,1,2,1,34,6,1596,1,12,1,1,1
2017400229816,2,22,0,18,0,6,0,0,0,0,1,1,6,2,87,11,-1,-1,-1,10,1,10
2017400229999,1,9,0,9,0,8,0,0,0,0,1,1,6,1,62,9,1296,1,11,-1,-1,-1
2017400229999,2,5,0,18,0,1,0,0,0,0,1,1,6,1,62,9,1450,1,16,-1,-1,-1
2017400230016,1,9,0,5,0,1,0,0,0,0,1,1,6,1,-1,-1,1995,2,3,2,1,2
2017400230016,2,9,0,3,0,1,0,0,0,0,2,1,5,1,68,10,1598,1,-1,-1,-1,-1
2017400230075,1,9,0,18,0,1,0,0,0,0,4,1,1,2,22,5,1198,1,11,-1,-1,-1
2017400230075,2,9,0,18,0,6,0,0,0,0,1,1,6,2,38,7,1997,2,2,-1,-1,-1
2017400230076,1,9,0,4,0,8,0,0,1,0,4,1,6,1,-1,-1,1896,2,11,-1,-1,-1
2017400230076,2,9,0,18,0,8,0,0,0,0,1,1,6,1,49,8,1796,1,13,-1,-1,-1
2017400230192,1,3,0,3,0,1,0,0,0,0,0,1,6,1,19,4,124,1,-1,-1,-1,-1
2017400230192,2,9,0,3,0,1,0,0,0,0,0,1,2,2,48,8,1200,1,4,-1,-1,-1
2017400230222,1,9,0,18,0,0,0,0,0,0,1,1,5,1,38,7,1998,2,4,-1,-1,-1
2017400230229,1,9,-1,1,0,8,0,0,0,0,2,1,6,1,-1,-1,1910,2,8,2,1,2
2017400230229,2,9,-1,18,0,8,0,0,0,0,-1,1,3,1,58,9,1910,2,10,2,1,2
2017400230343,1,9,0,15,0,0,0,0,0,0,1,1,1,1,61,9,1997,2,1,-1,-1,-1
2017400230372,1,9,0,14,0,0,0,0,0,0,1,1,5,2,65,9,1198,1,2,-1,-1,-1
2017400230408,1,90,1,18,0,0,0,0,0,0,1,1,1,1,63,9,-1,-1,-1,-1,-1,-1
2017400230408,2,9,0,18,0,0,1,0,0,0,4,1,5,2,44,7,1791,8,6,-1,-1,-1
2017400230408,3,9,0,18,0,0,1,7,4,0,4,1,5,1,55,8,1995,2,12,-1,-1,-1
2017400230425,1,9,0,17,0,0,1,0,7,10,4,1,6,1,28,6,1229,1,11,-1,-1,-1
2017400230447,1,9,0,18,0,0,2,10,0,0,1,1,6,1,40,7,1870,2,13,-1,-1,-1
2017400230499,1,9,0,18,0,1,1,0,0,0,1,1,2,1,21,5,1997,2,9,-1,-1,-1
2017400230499,2,9,0,10,0,5,0,0,0,0,2,1,3,1,49,8,1995,2,-1,-1,-1,-1
2017400230521,1,9,0,18,0,0,0,0,0,0,3,1,6,2,37,7,1598,1,11,-1,-1,-1
2017400230521,2,9,0,18,0,0,0,0,0,0,3,1,5,1,45,7,1199,1,16,-1,-1,-1
2017400230561,1,9,0,18,0,4,1,0,0,0,1,1,6,1,28,6,1896,2,8,-1,-1,-1
2017400230561,2,8,0,18,0,3,0,0,0,0,1,1,1,1,45,7,1598,2,5,-1,-1,-1
2017400230665,1,19,0,18,0,4,0,0,0,0,1,1,5,1,-1,-1,2402,2,15,-1,-1,-1
2017400230665,2,1,0,17,0,8,0,0,0,0,4,1,6,1,46,8,-1,-1,-1,-1,-1,-1
2017400230685,1,19,0,9,0,8,0,0,0,0,1,1,6,1,64,9,2143,2,2,-1,-1,-1
2017400230685,2,9,0,17,0,8,0,0,0,0,4,1,6,1,55,8,1400,1,12,-1,-1,-1
2017400230693,1,8,0,16,0,8,0,0,7,9,1,1,1,1,36,7,1968,2,7,-1,-1,-1
2017400230701,1,90,1,18,0,1,0,0,0,0,4,1,6,3,-1,-1,-1,-1,-1,-1,-1,-1
2017400230701,2,9,0,18,0,1,0,0,0,0,3,1,6,2,24,5,1598,2,2,-1,-1,-1
2017400230777,1,9,0,18,0,1,0,0,0,0,1,1,6,3,-1,-1,-1,-1,-1,-1,-1,-1
2017400230777,2,9,0,8,0,1,0,0,0,0,2,1,5,1,36,7,1686,2,13,-1,-1,-1
2017400230959,1,9,0,18,0,0,0,0,0,0,4,1,2,2,64,9,1242,1,14,-1,-1,-1
2017400230970,1,1,0,18,0,0,0,0,0,0,4,1,6,1,9,2,-1,-1,-1,-1,-1,-1
2017400230970,2,9,0,18,0,0,0,0,0,0,0,1,5,1,39,7,1598,2,7,-1,-1,-1
2017400231123,1,9,0,18,0,0,0,0,0,0,1,1,5,2,71,10,1229,1,11,-1,-1,-1
2017400231152,1,9,0,18,0,0,0,0,0,0,1,1,1,1,29,6,1596,1,2,-1,-1,-1
2017400231152,2,17,4,18,0,0,1,0,0,0,2,1,1,1,57,9,-1,2,34,-1,-1,-1
2017400231327,1,9,0,7,0,3,0,0,0,0,1,1,5,1,26,6,1598,1,4,-1,-1,-1
2017400231327,2,9,0,7,0,3,0,0,0,0,1,1,5,2,30,6,1422,2,3,-1,-1,-1
2017400231344,1,9,0,9,0,6,0,0,0,0,1,1,6,2,41,7,1596,1,12,3,1,3
2017400231344,2,9,0,18,0,8,0,4,0,0,3,1,6,2,32,6,1596,1,10,2,1,2
2017400231344,3,19,0,2,9,8,0,0,0,0,2,1,6,3,-1,-1,2148,2,10,-1,-1,-1
2017400231346,1,97,0,18,0,0,1,0,1,0,1,1,6,1,71,10,-1,-1,-1,-1,-1,-1
2017400231346,2,9,0,18,0,0,0,0,0,0,1,1,5,1,58,9,-1,-1,-1,-1,-1,-1
2017400231485,1,9,0,18,0,4,0,0,0,0,3,1,6,1,40,7,1686,2,4,-1,-1,-1
2017400231485,2,1,0,18,0,8,0,0,0,0,1,1,6,1,34,6,-1,-1,-1,-1,-1,-1
2017400231496,1,9,0,9,0,6,0,0,0,0,4,1,1,1,33,6,1686,2,10,-1,-1,-1
2017400231496,2,3,0,18,0,8,0,0,0,0,1,1,1,1,22,5,125,1,2,-1,-1,-1
2017400231508,1,-1,0,5,0,6,0,0,0,0,1,1,6,2,-1,-1,-1,-1,-1,-1,-1,-1
2017400231508,2,1,0,18,0,1,0,0,0,0,1,1,5,1,28,6,-1,-1,-1,2,1,2
2017400231522,1,9,0,5,0,4,0,0,0,0,3,1,6,1,33,6,-1,-1,-1,-1,-1,-1
2017400231522,2,1,0,18,0,8,0,0,0,0,1,1,2,1,48,8,-1,-1,-1,-1,-1,-1
2017400231560,1,9,0,9,0,5,0,0,0,0,3,1,6,2,47,8,1497,8,9,-1,-1,-1
2017400231560,2,9,0,18,0,8,0,0,0,0,3,1,6,1,30,6,1796,1,12,-1,-1,-1
2017400231571,1,10,0,4,0,0,1,0,0,0,1,1,1,1,37,7,-1,-1,-1,-1,-1,-1
2017400231571,2,19,0,3,0,0,0,0,0,0,2,1,1,1,39,7,1560,2,-1,-1,-1,-1
2017400231590,1,9,0,18,0,0,0,0,0,0,1,1,6,2,32,6,1984,1,-1,-1,-1,-1
2017400231590,2,9,0,18,0,0,0,0,0,0,2,1,6,2,28,6,1968,2,-1,-1,-1,-1
2017400231640,1,9,0,18,0,0,0,0,0,0,1,1,6,3,-1,-1,-1,-1,-1,-1,-1,-1
2017400231640,2,9,0,3,0,0,0,0,0,0,2,1,5,2,64,9,1598,1,2,-1,-1,-1
2017400231641,1,9,0,16,0,7,1,0,2,7,4,1,1,2,22,5,1360,1,14,-1,-1,-1
2017400231645,1,9,0,14,0,0,0,4,0,0,1,1,5,1,20,4,1686,2,7,-1,-1,-1
2017400231645,2,9,0,9,0,0,0,0,0,0,0,1,2,1,44,7,1968,2,5,-1,-1,-1
2017400231645,3,98,0,18,0,0,0,0,0,0,1,1,2,1,57,9,-1,-1,-1,-1,-1,-1
2017400231646,1,9,0,18,0,0,0,0,0,0,1,1,6,3,-1,-1,-1,-1,-1,-1,-1,-1
2017400231646,2,9,0,3,0,0,0,0,0,0,2,1,2,2,39,7,1896,2,15,-1,-1,-1