Accident_Index,Vehicle_Reference,Vehicle_Type,Towing_and_Articulation,Vehicle_Manoeuvre,Vehicle_Location-Restricted_Lane,Junction_Location,Skidding_and_Overturning,Hit_Object_in_Carriageway,Vehicle_Leaving_Carriageway,Hit_Object_off_Carriageway,1st_Point_of_Impact,Was_Vehicle_Left_Hand_Drive?,Journey_Purpose_of_Driver,Sex_of_Driver,Age_of_Driver,Age_Band_of_Driver,Engine_Capacity_(CC),Propulsion_Code,Age_of_Vehicle,Driver_IMD_Decile,Driver_Home_Area_Type,Vehicle_IMD_Decile
2017400231647,1,9,0,18,0,1,0,0,0,0,1,1,6,3,-1,-1,1598,1,14,-1,-1,-1
2017400231647,2,19,0,3,0,1,0,0,0,0,2,1,2,1,32,6,1995,2,-1,-1,-1,-1
2017400231649,1,9,0,18,0,1,1,9,0,0,1,1,5,1,56,9,2685,2,13,-1,-1,-1
2017400231649,2,9,0,18,0,8,2,0,0,0,4,1,5,2,50,8,1968,2,6,-1,-1,-1
2017400231651,1,9,0,18,0,0,0,0,0,0,1,1,5,1,26,6,1198,1,15,-1,-1,-1
2017400231651,2,9,0,9,0,0,0,0,7,0,4,1,5,1,20,4,1596,1,11,-1,-1,-1
2017400231652,1,9,0,9,0,2,0,0,0,0,1,1,6,1,54,8,1956,2,7,-1,-1,-1
2017400231652,2,9,0,18,0,2,0,0,0,0,1,1,5,1,22,5,1300,2,6,-1,-1,-1
2017400231654,1,5,0,17,0,8,5,0,0,0,4,1,1,1,36,7,599,1,12,-1,-1,-1
2017400231655,1,9,0,18,0,0,0,0,0,0,1,1,6,3,-1,-1,-1,-1,-1,-1,-1,-1
2017400231655,2,1,0,18,0,0,0,0,0,0,2,1,6,1,22,5,-1,-1,-1,-1,-1,-1
2017400231657,1,9,0,4,0,0,0,0,3,11,1,1,5,2,38,7,1364,1,2,-1,-1,-1
2017400231658,1,9,0,6,0,0,0,0,0,0,4,1,5,1,30,6,2521,1,8,-1,-1,-1
2017400231661,1,9,0,18,0,4,2,9,3,1,1,1,6,1,22,5,1598,2,4,-1,-1,-1
2017400231665,1,9,0,18,0,0,0,0,0,0,4,1,1,1,57,9,1968,2,1,-1,-1,-1
2017400231669,1,9,0,18,0,0,0,0,0,0,4,1,6,3,-1,-1,-1,-1,-1,-1,-1,-1
2017400231669,2,9,0,18,0,0,0,0,0,0,3,1,5,1,72,10,999,1,1,-1,-1,-1
2017400231741,1,19,0,18,0,0,0,0,0,0,1,1,6,1,36,7,1686,2,14,10,1,10
2017400231741,2,9,0,18,0,0,0,0,0,0,1,1,6,1,49,8,1242,1,4,-1,-1,-1
2017400231849,1,9,0,14,0,8,0,0,7,0,4,1,6,1,-1,-1,-1,-1,-1,-1,-1,-1
2017400231849,2,19,0,9,0,5,0,0,0,0,3,1,2,1,27,6,1598,2,3,-1,-1,-1
2017400232105,1,9,0,18,0,0,0,4,0,0,4,1,5,1,42,7,1339,1,14,-1,-1,-1
2017400232105,2,9,0,2,0,0,0,0,0,0,3,1,5,1,61,9,-1,-1,-1,-1,-1,-1
2017400232105,3,9,0,2,0,0,0,0,0,0,2,1,5,3,-1,-1,1398,1,2,-1,-1,-1
2017400232129,1,8,0,18,0,1,0,0,0,0,1,1,4,3,-1,-1,-1,-1,-1,-1,-1,-1
2017400232232,1,90,0,13,0,1,0,0,0,0,1,1,6,3,-1,-1,-1,-1,-1,-1,-1,-1
2017400232232,2,9,0,7,0,1,0,0,0,0,2,1,2,2,22,5,999,1,17,9,3,9
2017400232244,1,9,0,16,0,0,0,0,0,0,1,1,6,1,-1,-1,-1,-1,-1,-1,-1,-1
2017400232255,1,9,0,18,0,8,0,0,0,0,1,1,1,1,21,5,1995,2,5,2,1,2
2017400232255,2,9,0,9,0,8,0,0,0,0,4,1,1,1,19,4,1595,2,7,7,1,7
2017400232281,1,9,0,5,0,6,0,0,0,0,1,1,6,1,30,6,1596,1,11,-1,-1,-1
2017400232281,2,9,0,18,0,1,0,0,0,0,1,1,5,1,50,8,1995,2,11,-1,-1,-1
2017400232390,1,9,0,4,0,8,0,0,0,0,1,1,1,1,41,7,1248,2,2,2,1,2
2017400232390,2,9,0,14,0,8,0,4,0,0,4,1,6,3,-1,-1,3189,1,11,-1,-1,-1
2017400232390,3,9,0,2,6,2,0,0,0,0,3,1,6,3,-1,-1,-1,-1,-1,-1,-1,-1
2017400232400,1,9,0,18,9,0,1,10,1,11,2,1,6,1,22,5,1998,1,12,-1,-1,-1
2017400232477,1,9,0,9,0,5,0,0,0,0,1,1,5,1,34,6,1968,2,1,-1,-1,-1
2017400232477,2,1,0,18,0,8,0,0,0,0,2,1,6,3,-1,-1,-1,-1,-1,-1,-1,-1
2017400232491,1,9,0,9,0,6,0,0,0,0,3,1,3,2,-1,-1,1956,2,5,-1,-1,-1
2017400232491,2,9,0,3,0,1,0,0,0,0,1,1,6,2,24,5,1229,1,12,4,1,4
2017400232642,1,9,0,18,0,0,0,0,0,0,1,1,1,2,26,6,998,1,5,-1,-1,-1
2017400232642,2,19,0,2,0,0,0,4,0,0,2,1,5,1,36,7,1896,2,9,-1,-1,-1
2017400232642,3,9,0,2,0,0,0,4,0,0,2,1,5,1,-1,-1,999,1,17,-1,-1,-1
2017400232642,4,9,0,2,0,0,0,4,0,0,1,1,5,2,42,7,1229,1,5,-1,-1,-1
2017400232650,1,9,0,11,0,8,1,0,7,7,4,1,1,1,31,6,1999,1,11,-1,-1,-1
2017400232650,2,9,0,18,0,8,0,0,0,0,1,1,1,2,22,5,1197,1,1,-1,-1,-1
2017400232817,1,9,0,18,0,0,0,0,0,0,1,1,6,1,42,7,1364,1,1,4,1,4
2017400232817,2,9,0,18,0,0,0,0,0,0,1,1,6,1,20,4,1598,1,9,9,1,9
2017400232938,1,9,0,9,0,0,0,0,0,0,1,1,6,3,-1,-1,1360,1,16,-1,-1,-1
2017400232978,1,9,0,5,0,6,0,0,0,0,1,1,6,1,44,7,1560,2,2,-1,-1,-1
2017400232978,2,9,0,4,0,1,0,0,0,0,2,1,6,1,32,6,1598,1,7,-1,-1,-1
2017400232978,3,9,0,4,0,1,0,0,0,0,1,1,6,1,36,7,2967,2,6,-1,-1,-1
2017400233043,1,9,0,18,0,0,0,0,0,0,4,1,6,3,-1,-1,-1,-1,-1,-1,-1,-1
2017400233043,2,1,0,18,0,0,0,0,1,0,2,1,2,2,14,3,-1,-1,-1,-1,-1,-1
2017400233044,1,9,0,14,0,0,0,0,0,0,1,1,5,1,22,5,1595,1,9,9,2,9
2017400233044,2,9,0,2,0,0,0,0,0,0,2,1,5,1,58,9,1362,1,4,10,1,10
2017400233048,1,9,0,16,0,0,2,0,1,0,1,1,2,2,21,5,1248,2,12,10,2,10
2017400233146,1,9,0,18,0,0,0,0,0,0,1,1,6,2,-1,-1,1396,1,14,-1,-1,-1
2017400233146,2,1,0,10,0,0,0,0,0,0,2,1,6,1,37,7,-1,-1,-1,-1,-1,-1
2017400233162,1,9,0,9,0,0,0,0,0,0,1,1,5,2,52,8,2967,1,13,-1,-1,-1
2017400233162,2,9,0,7,0,0,0,0,0,0,1,1,5,2,48,8,1997,1,10,-1,-1,-1
2017400233388,1,3,0,17,0,0,0,10,1,0,1,1,2,1,28,6,123,1,1,3,1,3
2017400233455,1,9,0,2,0,0,0,0,0,0,3,1,5,2,28,6,2993,2,-1,2,1,2
2017400233455,2,1,0,18,0,0,0,0,0,0,4,1,6,1,39,7,-1,-1,-1,9,1,9
2017400233563,1,9,0,18,0,8,0,0,0,0,4,1,6,1,-1,-1,998,1,1,-1,-1,-1
2017400233576,1,9,0,9,0,1,0,0,0,0,3,1,5,1,80,11,5462,1,10,10,1,10
2017400233576,2,9,0,9,0,6,0,0,0,0,1,1,2,2,19,4,1229,1,13,9,1,9
2017400233576,3,9,0,18,0,2,0,0,0,0,1,1,2,1,-1,-1,-1,-1,-1,9,3,9
2017400233582,1,1,0,9,0,1,0,0,0,0,1,1,6,1,10,2,-1,-1,-1,-1,-1,-1
2017400233582,2,9,0,18,0,1,0,0,0,0,3,1,6,2,24,5,1587,1,13,-1,-1,-1
2017400233618,1,9,0,18,0,0,0,0,0,0,1,1,6,1,22,5,1398,1,4,6,1,6
2017400233618,2,9,0,18,0,0,0,0,0,0,2,1,6,1,-1,-1,2967,2,9,4,1,4
2017400233665,1,9,0,18,0,4,0,0,0,0,1,1,6,1,49,8,1896,2,12,-1,-1,-1
2017400233665,2,9,0,9,0,3,0,0,0,0,1,1,5,1,57,9,1686,2,4,-1,-1,-1
2017400233682,1,9,0,18,0,0,0,4,7,0,1,1,6,1,-1,-1,2987,2,6,3,1,3
2017400233682,2,19,0,2,9,0,1,0,7,0,2,1,1,1,66,10,2500,2,10,4,1,4
2017400233858,1,9,0,17,0,0,2,0,7,0,3,1,2,1,48,8,1596,1,13,-1,-1,-1
2017400233858,2,9,0,16,0,0,0,0,0,0,1,1,6,1,67,10,1339,1,13,-1,-1,-1
2017400234082,1,9,0,5,0,8,0,0,0,0,1,1,6,1,25,5,1984,1,7,-1,-1,-1
2017400234082,2,19,0,5,0,8,0,0,0,0,3,1,1,1,33,6,2198,2,3,-1,-1,-1
2017400234128,1,9,0,9,0,8,0,0,0,0,1,1,6,1,81,11,1591,1,2,-1,-1,-1
2017400234147,1,19,0,9,0,5,0,0,0,0,4,1,2,1,38,7,2198,2,7,-1,-1,-1
2017400234147,2,3,0,18,0,8,0,0,0,0,1,1,2,1,37,7,120,1,2,-1,-1,-1
2017400234321,1,9,0,4,0,0,0,0,7,10,1,1,1,2,37,7,998,1,3,-1,-1,-1
2017400234359,1,9,0,4,9,0,0,0,0,0,2,1,6,2,39,7,1598,1,13,-1,-1,-1
2017400234359,2,9,0,4,9,0,0,0,0,0,1,1,6,1,33,6,1753,2,9,-1,-1,-1
2017400234367,1,3,0,18,0,1,0,0,0,0,1,1,5,1,34,6,108,1,2,-1,-1,-1
2017400234367,2,9,0,9,0,3,0,0,0,0,4,1,5,2,49,8,1364,1,1,-1,-1,-1
2017400234434,1,19,0,18,0,0,0,0,0,0,2,1,1,1,46,8,2198,2,5,-1,-1,-1
2017400234434,2,19,0,18,0,0,1,0,0,0,1,1,1,1,33,6,2143,2,5,-1,-1,-1
2017400234434,3,9,0,18,0,0,1,0,0,0,1,1,1,1,35,6,1968,2,8,-1,-1,-1
2017400234466,1,1,0,9,0,1,0,0,0,0,1,1,6,1,41,7,-1,-1,-1,-1,-1,-1
2017400234466,2,9,0,8,0,1,0,0,0,0,1,1,6,1,45,7,1399,2,7,-1,-1,-1
2017400234612,1,9,0,4,0,1,0,0,0,0,2,1,1,2,45,7,1461,2,3,-1,-1,-1
2017400234612,2,9,0,4,0,1,0,0,0,0,1,1,6,1,37,7,1998,1,16,-1,-1,-1
2017400234845,1,9,0,17,0,0,0,0,1,9,1,1,6,2,23,5,-1,-1,-1,-1,-1,-1
2017400234905,1,3,0,3,0,1,0,0,0,0,1,1,6,3,-1,-1,125,1,3,-1,-1,-1
2017400234905,2,9,0,3,0,1,0,0,0,0,2,1,5,1,22,5,1198,1,15,-1,-1,-1
2017400234910,1,5,0,18,5,0,5,0,0,0,4,1,5,1,51,8,-1,-1,-1,-1,-1,-1
2017400234939,1,9,0,18,0,0,0,0,0,0,1,1,6,1,21,5,1598,1,13,-1,-1,-1
2017400234939,2,90,0,18,0,0,0,0,0,0,1,1,6,1,57,9,9186,2,4,-1,-1,-1
2017400234939,3,9,0,18,0,0,0,0,0,0,1,1,6,2,47,8,1560,2,2,-1,-1,-1
2017400234939,4,17,4,18,0,0,0,0,0,0,1,1,6,1,28,6,-1,2,14,7,3,7
2017400235018,1,3,0,16,0,0,1,0,7,9,4,1,6,1,17,4,124,1,5,7,3,7
2017400235076,1,9,0,18,0,0,0,0,0,0,1,1,6,2,20,4,998,1,-1,-1,-1,-1
2017400235076,2,9,0,4,0,0,0,0,0,0,2,1,6,1,29,6,2143,2,-1,-1,-1,-1
2017400235150,1,9,0,18,0,0,0,0,2,0,3,1,6,2,29,6,1998,2,10,-1,-1,-1
2017400235150,2,21,0,18,0,0,0,0,0,0,1,1,1,1,43,7,5193,2,4,-1,-1,-1
2017400235213,1,9,0,18,0,0,0,7,0,0,3,1,6,2,33,6,1598,1,12,-1,-1,-1
2017400235213,2,9,0,4,0,0,0,0,0,0,0,1,6,2,70,10,995,1,12,-1,-1,-1
2017400235213,3,9,0,18,0,0,0,0,0,0,3,1,6,1,46,8,1461,2,2,-1,-1,-1
2017400235235,1,9,0,7,0,4,0,0,0,0,3,1,5,1,46,8,1798,8,6,-1,-1,-1
2017400235235,2,9,0,18,0,3,0,0,0,0,4,1,5,1,28,6,2993,2,3,-1,-1,-1
2017400235300,1,2,0,18,0,0,5,0,0,0,1,1,5,1,17,4,50,1,1,-1,-1,-1
2017400235300,2,19,0,7,0,0,0,0,0,0,4,1,1,1,43,7,1598,2,1,-1,-1,-1
2017400235403,1,98,0,18,0,0,0,0,0,0,1,1,6,1,-1,-1,-1,-1,-1,-1,-1,-1
2017400235403,2,1,0,18,0,0,5,0,0,0,1,1,4,1,14,3,-1,-1,-1,4,1,4
2017400235434,1,9,0,18,0,0,0,4,2,0,1,1,2,2,56,9,1364,1,8,-1,-1,-1
2017400235434,2,9,0,2,0,0,0,0,0,0,2,1,6,3,-1,-1,-1,-1,-1,-1,-1,-1
2017400235434,3,9,0,3,0,0,0,0,0,0,0,1,6,3,-1,-1,-1,-1,-1,-1,-1,-1
2017400235470,1,9,0,9,0,8,0,0,0,0,1,1,6,2,92,11,1795,1,19,-1,-1,-1
2017400235470,2,1,0,17,0,1,0,0,0,0,1,1,5,1,52,8,-1,-1,-1,-1,-1,-1
2017400235470,3,1,0,17,0,1,0,0,0,0,1,1,5,1,72,10,-1,-1,-1,-1,-1,-1
2017400235500,1,9,0,9,0,6,0,0,0,0,3,1,6,1,51,8,1995,2,5,-1,-1,-1
2017400235500,2,9,0,18,0,1,0,10,1,0,4,1,6,1,29,6,1229,1,3,-1,-1,-1
2017400235569,1,9,0,18,0,0,0,0,0,0,1,1,6,1,41,7,1968,2,1,5,3,5
2017400235569,2,9,0,18,0,0,0,0,0,0,1,1,6,2,28,6,1299,1,13,5,1,5
2017400235571,1,9,0,9,0,5,0,0,0,0,1,1,6,2,39,7,1197,1,-1,9,2,9
2017400235571,2,2,0,18,0,8,0,0,0,0,1,1,6,1,17,4,49,1,4,7,3,7
2017400235593,1,9,0,4,0,1,0,0,0,0,1,1,6,1,49,8,1339,1,7,-1,-1,-1
2017400235593,2,9,0,3,0,1,0,0,0,0,2,1,2,2,29,6,1995,2,13,-1,-1,-1
2017400235637,1,1,0,18,0,8,0,0,0,0,4,1,6,1,43,7,-1,-1,-1,6,3,6
2017400235637,2,9,0,18,0,4,0,0,0,0,1,1,6,1,-1,-1,1997,2,2,-1,-1,-1
2017400235648,1,9,0,9,0,6,0,0,0,0,3,1,6,2,87,11,1798,1,3,-1,-1,-1
2017400235648,2,9,0,18,0,8,0,0,0,0,1,1,6,2,26,6,1199,1,14,-1,-1,-1
2017400235799,1,9,0,16,0,0,0,0,7,4,1,1,6,2,20,4,1242,1,2,9,1,9
2017400235862,1,9,0,3,0,1,0,0,0,0,1,1,6,3,-1,-1,-1,-1,-1,-1,-1,-1
2017400235862,2,9,0,3,0,1,0,0,0,0,2,1,6,1,32,6,1339,1,13,-1,-1,-1
2017400235929,1,9,0,18,0,3,0,0,0,0,1,1,1,1,42,7,1797,8,6,-1,-1,-1
2017400235952,1,9,0,18,0,3,1,0,1,4,1,1,6,2,17,4,1399,1,-1,-1,-1,-1
2017400235999,1,90,0,12,0,1,0,0,0,0,1,1,1,2,27,6,2987,2,3,-1,-1,-1
2017400235999,2,1,0,18,0,1,0,0,0,0,1,1,1,1,14,3,-1,-1,-1,-1,-1,-1
2017400236065,1,9,0,18,0,1,0,0,0,0,1,1,1,1,28,6,1999,2,-1,-1,-1,-1
2017400236065,2,1,0,18,0,1,0,0,0,0,4,1,5,1,8,2,-1,-1,-1,-1,-1,-1
2017400236067,1,9,0,18,0,1,1,0,0,0,1,1,2,1,39,7,1968,2,3,-1,-1,-1
2017400236069,1,9,0,16,0,3,0,0,0,0,4,1,6,1,38,7,2987,2,9,-1,-1,-1
2017400236069,2,19,0,16,0,3,5,0,0,0,3,1,1,1,41,7,2198,2,4,-1,-1,-1
2017400236070,1,9,0,18,0,1,0,0,0,0,4,1,6,3,-1,-1,-1,-1,-1,-1,-1,-1
2017400236070,2,1,0,5,0,8,0,0,0,0,3,1,6,1,16,4,-1,-1,-1,-1,-1,-1
2017400236073,1,9,0,9,0,2,0,0,7,1,3,1,6,1,18,4,1242,1,9,-1,-1,-1
2017400236076,1,97,0,18,0,0,0,0,0,0,1,1,6,3,-1,-1,-1,-1,-1,-1,-1,-1
2017400236076,2,9,0,2,0,0,0,0,0,0,1,1,6,3,-1,-1,998,1,17,-1,-1,-1
2017400236081,1,9,0,18,0,0,0,0,0,0,1,1,6,1,43,7,1800,1,18,-1,-1,-1
2017400236081,2,9,0,3,0,0,0,0,0,0,2,1,6,1,33,6,1997,2,8,-1,-1,-1
2017400236086,1,9,0,18,0,4,0,0,3,2,1,1,1,1,36,7,1984,1,-1,-1,-1,-1
2017400236090,1,98,0,12,0,0,0,0,0,0,3,1,6,3,-1,-1,-1,-1,-1,-1,-1,-1
2017400236090,2,9,0,18,0,0,0,0,0,0,4,1,2,2,62,9,1242,1,4,-1,-1,-1
2017400236096,1,9,0,9,0,1,0,0,0,0,2,1,5,1,64,9,1580,8,-1,-1,-1,-1
2017400236096,2,5,0,13,0,1,2,0,0,0,1,1,5,1,22,5,883,1,9,-1,-1,-1
2017400236102,1,9,0,18,0,0,0,0,0,0,1,1,6,2,38,7,1598,1,9,-1,-1,-1
2017400236102,2,1,0,18,0,0,0,0,0,0,3,1,6,1,12,3,-1,-1,-1,-1,-1,-1
2017400236106,1,9,0,18,0,0,0,0,0,0,1,1,6,1,36,7,1560,2,4,-1,-1,-1
2017400236106,2,8,0,18,0,0,0,0,0,0,2,1,1,1,40,7,1997,2,6,-1,-1,-1
2017400236112,1,9,0,18,0,1,0,0,7,1,1,1,6,2,35,6,1229,1,6,-1,-1,-1
2017400236116,1,9,0,7,0,0,0,0,0,0,2,1,5,1,36,7,1797,8,6,-1,-1,-1
2017400236120,1,9,0,18,0,0,0,0,0,0,1,1,5,2,24,5,1360,1,11,-1,-1,-1
2017400236126,1,9,0,3,0,1,0,0,0,0,1,1,1,1,38,7,1968,2,6,-1,-1,-1
2017400236202,1,9,0,18,0,1,0,0,0,0,1,1,6,1,-1,-1,1598,1,12,-1,-1,-1
2017400236296,1,9,0,18,0,4,0,0,0,0,1,1,6,1,32,6,1968,2,9,-1,-1,-1
2017400236296,2,9,0,18,0,4,0,0,0,0,2,1,5,1,39,7,2191,2,2,-1,-1,-1
2017400236338,1,9,0,18,0,1,0,0,0,0,1,1,6,1,-1,-1,1988,2,10,-1,-1,-1
2017400236338,2,9,0,18,0,1,0,0,0,0,2,1,6,1,34,6,2993,2,9,-1,-1,-1
2017400236522,1,3,0,18,0,2,0,0,0,0,1,1,6,3,-1,-1,-1,-1,-1,-1,-1,-1
2017400236522,2,9,0,18,0,2,0,0,0,0,1,1,6,1,47,8,1461,2,7,-1,-1,-1
2017400236528,1,9,0,1,5,5,0,0,0,0,2,1,6,3,-1,-1,2000,1,13,-1,-1,-1
2017400236528,2,1,0,3,5,1,5,0,0,0,4,1,5,1,28,6,-1,-1,-1,-1,-1,-1
2017400236920,1,9,0,1,9,0,0,0,7,4,2,1,6,2,84,11,1248,1,5,-1,-1,-1
2017400236933,1,9,0,17,0,0,0,0,0,0,3,1,2,2,-1,-1,1991,2,6,-1,-1,-1
2017400237014,1,9,0,18,0,2,0,0,0,0,1,1,1,2,-1,-1,2148,2,9,-1,-1,-1
2017400237014,2,9,0,4,0,2,0,0,0,0,2,1,1,2,68,10,1200,1,1,-1,-1,-1
2017400237014,3,9,0,4,0,2,0,0,0,0,2,1,1,2,57,9,1364,1,11,-1,-1,-1
2017400237072,1,9,0,18,0,1,0,0,0,0,1,1,6,1,19,4,1596,1,12,-1,-1,-1
2017400237072,2,9,0,3,0,1,0,0,0,0,2,1,5,2,30,6,1598,1,14,-1,-1,-1
2017400237072,3,8,0,3,0,1,0,0,0,0,2,1,1,1,30,6,1797,8,7,-1,-1,-1
2017400237091,1,9,0,18,0,1,0,0,0,0,1,1,2,1,23,5,1595,1,-1,-1,-1,-1
2017400237091,2,5,0,4,0,1,0,0,0,0,2,1,2,1,54,8,1050,1,9,-1,-1,-1
2017400237093,1,9,0,16,0,0,0,0,0,0,1,1,5,2,79,11,1229,1,4,-1,-1,-1
2017400237093,2,9,0,2,0,0,0,4,0,0,1,1,3,1,30,6,2231,2,11,-1,-1,-1
2017400237093,3,9,0,2,0,0,0,4,0,0,2,1,3,2,38,7,1296,1,11,-1,-1,-1
2017400237295,1,19,0,18,0,2,0,0,0,0,1,1,6,3,-1,-1,1998,2,14,-1,-1,-1
2017400237295,2,9,0,3,0,2,0,0,0,0,2,1,5,1,48,8,2777,2,9,-1,-1,-1
2017400237295,3,9,0,3,0,2,0,0,0,0,2,1,5,1,46,8,3498,1,12,-1,-1,-1
2017400237296,1,9,0,9,0,2,0,0,0,0,1,1,2,2,56,9,2231,2,9,7,3,7
2017400237390,1,9,0,8,0,1,0,0,0,0,1,1,6,1,56,9,1364,1,9,-1,-1,-1
2017400237390,2,9,0,8,0,1,0,0,0,0,2,1,6,1,59,9,1461,2,13,-1,-1,-1
2017400237427,1,90,1,12,0,0,0,0,0,0,3,1,1,1,35,6,-1,-1,-1,-1,-1,-1
2017400237427,2,9,0,18,0,0,0,0,0,0,4,1,5,2,44,7,1399,2,5,-1,-1,-1
2017400237512,1,8,0,18,0,0,0,0,0,0,3,1,6,1,57,9,1896,2,10,6,1,6
2017400237579,1,1,0,18,0,0,0,0,0,0,0,1,5,2,19,4,-1,-1,-1,-1,-1,-1
2017400237600,1,9,0,5,0,0,0,0,0,0,1,1,1,1,24,5,1582,2,1,1,1,1
2017400237603,1,9,0,17,0,0,1,0,1,9,1,1,6,1,23,5,1368,1,7,-1,-1,-1
2017400237603,2,9,0,16,0,0,2,0,7,9,1,1,6,2,52,8,1997,2,-1,-1,-1,-1
2017400237745,1,21,1,18,0,0,1,4,0,0,1,1,1,1,41,7,9200,2,7,7,1,7
2017400237745,2,9,0,18,0,0,0,0,0,0,2,1,6,1,67,10,1197,1,5,8,1,8
2017400237745,3,9,0,2,6,0,0,0,0,0,2,1,6,1,50,8,1199,1,15,7,1,7
2017400237783,1,9,0,18,0,0,0,0,0,0,1,1,6,3,-1,-1,-1,-1,-1,-1,-1,-1
2017400237801,1,98,1,18,0,0,0,0,0,0,1,1,1,1,38,7,-1,-1,-1,-1,-1,-1
2017400237801,2,9,0,18,0,0,1,0,1,7,1,1,5,1,30,6,1997,2,17,-1,-1,-1
2017400237869,1,9,0,18,0,0,0,0,7,0,1,1,6,2,74,10,1242,1,7,-1,-1,-1
2017400237869,2,9,0,2,9,0,0,0,0,0,4,1,6,3,-1,-1,-1,-1,-1,-1,-1,-1
2017400237869,3,9,0,2,9,0,0,0,0,0,4,1,6,3,-1,-1,-1,-1,-1,-1,-1,-1
2017400237869,4,9,0,2,9,0,0,0,0,0,3,1,6,3,-1,-1,-1,-1,-1,-1,-1,-1
2017400237896,1,4,0,18,0,1,2,0,0,0,1,1,6,1,28,6,249,1,8,-1,-1,-1
2017400237896,2,9,0,9,0,6,0,0,0,0,2,1,5,1,-1,-1,1598,2,2,8,3,8
2017400237926,1,9,0,3,0,1,0,0,0,0,1,1,2,2,26,6,1598,2,-1,-1,-1,-1
2017400237926,2,9,0,5,0,1,0,0,0,0,2,1,6,1,-1,-1,1598,2,-1,-1,-1,-1
2017400237990,1,9,0,18,0,0,0,0,0,0,2,1,5,2,30,6,1995,2,-1,-1,-1,-1
2017400237990,2,9,0,18,0,0,0,0,0,0,1,1,6,3,-1,-1,1984,1,3,-1,-1,-1
2017400238005,1,8,0,17,0,1,0,0,7,9,3,1,1,1,36,7,1968,2,7,-1,-1,-1
2017400238074,1,9,0,4,0,1,0,0,0,0,1,1,6,1,41,7,1968,2,6,-1,-1,-1
2017400238074,2,9,0,3,0,1,0,0,0,0,1,1,6,2,-1,-1,1199,1,14,-1,-1,-1
2017400238192,1,19,0,4,0,0,0,0,0,0,1,1,1,1,35,6,2198,2,3,-1,-1,-1
2017400238192,2,98,0,4,0,0,0,0,0,0,2,1,1,1,23,5,-1,-1,-1,-1,-1,-1
2017400238192,3,9,0,4,0,0,0,0,0,0,2,1,1,1,27,6,999,1,1,-1,-1,-1
2017400238192,4,9,0,4,0,0,0,0,0,0,2,1,5,1,67,10,1598,1,11,-1,-1,-1
2017400238192,5,9,0,4,0,0,0,0,0,0,2,1,6,1,70,10,1997,1,-1,-1,-1,-1
2017400238192,6,9,0,4,0,0,0,0,0,0,2,1,6,1,39,7,1598,2,1,-1,-1,-1
2017400238197,1,19,0,18,0,0,0,0,0,0,0,1,1,1,45,7,1996,2,6,-1,-1,-1
2017400238197,2,9,0,18,0,0,0,0,0,0,1,1,1,1,27,6,1598,2,-1,-1,-1,-1
2017400238197,3,9,0,18,0,0,0,0,0,0,1,1,1,1,24,5,1598,2,1,-1,-1,-1
2017400238258,1,9,0,17,0,1,0,0,0,0,4,1,6,1,53,8,1229,1,9,4,1,4
2017400238312,1,9,0,9,0,5,0,0,0,0,3,1,2,2,32,6,1240,1,9,-1,-1,-1
2017400238312,2,3,0,13,0,8,0,0,0,0,1,1,2,1,35,6,125,1,6,-1,-1,-1
2017400238378,1,9,0,1,9,0,0,0,0,0,0,1,6,1,27,6,-1,-1,-1,-1,-1,-1
2017400238380,1,4,0,9,0,4,0,0,0,0,4,1,5,1,51,8,471,1,3,7,1,7
2017400238380,2,9,0,18,0,8,0,0,0,0,1,1,1,1,21,5,2792,1,23,-1,-1,-1
2017400238382,1,9,0,18,5,3,0,0,0,0,1,1,5,1,69,10,2319,1,15,-1,-1,-1
2017400238382,2,1,0,18,5,1,0,0,0,0,1,1,3,1,15,3,-1,-1,-1,-1,-1,-1
2017400238383,1,9,0,1,9,0,0,0,0,0,2,1,2,1,36,7,-1,-1,-1,-1,-1,-1
2017400238384,1,9,0,18,0,1,0,0,0,0,1,1,6,1,33,6,2967,2,6,-1,-1,-1
2017400238384,2,9,0,9,0,8,0,0,0,0,3,1,6,2,28,6,1368,1,9,-1,-1,-1
2017400238387,1,9,0,18,0,0,1,0,0,0,1,1,1,1,20,4,1997,2,10,-1,-1,-1
2017400238387,2,9,0,4,0,0,1,0,0,0,2,1,1,1,28,6,1968,2,-1,-1,-1,-1
2017400238392,1,9,0,5,0,0,0,0,0,0,3,1,5,1,57,9,1591,1,1,-1,-1,-1
2017400238392,2,9,0,14,0,0,0,0,0,0,4,1,1,2,31,6,1248,2,3,-1,-1,-1
2017400238393,1,9,0,3,0,1,0,0,0,0,2,1,5,2,31,6,1242,1,1,-1,-1,-1
2017400238393,2,9,0,3,0,1,0,0,0,0,2,1,6,1,65,9,1229,1,5,-1,-1,-1
2017400238393,3,9,0,4,0,1,0,0,0,0,1,1,2,2,61,9,1796,1,12,-1,-1,-1
2017400238397,1,9,0,18,0,8,0,0,0,0,3,1,5,2,26,6,998,1,2,-1,-1,-1
2017400238397,2,9,0,11,0,3,0,0,0,0,4,1,6,1,-1,-1,2204,2,9,-1,-1,-1
2017400238400,1,5,0,17,0,8,1,0,1,1,1,1,1,1,31,6,599,1,15,-1,-1,-1
2017400238401,1,9,0,18,0,0,0,0,0,0,1,1,5,2,30,6,2720,2,10,-1,-1,-1
2017400238401,2,1,0,18,0,0,0,0,0,0,3,1,5,1,15,3,-1,-1,-1,-1,-1,-1
2017400238403,1,9,0,7,4,8,0,0,0,0,1,1,6,2,51,8,2993,2,4,-1,-1,-1