Accident_Index,Vehicle_Reference,Vehicle_Type,Towing_and_Articulation,Vehicle_Manoeuvre,Vehicle_Location-Restricted_Lane,Junction_Location,Skidding_and_Overturning,Hit_Object_in_Carriageway,Vehicle_Leaving_Carriageway,Hit_Object_off_Carriageway,1st_Point_of_Impact,Was_Vehicle_Left_Hand_Drive?,Journey_Purpose_of_Driver,Sex_of_Driver,Age_of_Driver,Age_Band_of_Driver,Engine_Capacity_(CC),Propulsion_Code,Age_of_Vehicle,Driver_IMD_Decile,Driver_Home_Area_Type,Vehicle_IMD_Decile
2017400247444,2,9,0,5,0,4,0,0,0,0,2,1,5,2,34,6,1560,2,-1,4,1,4
2017400247579,1,9,0,18,0,0,0,0,7,0,1,1,5,2,16,4,1149,1,14,-1,-1,-1
2017400247641,1,98,0,17,0,8,1,0,1,9,4,1,1,1,31,6,-1,-1,-1,-1,-1,-1
2017400247693,1,9,0,12,0,0,0,0,0,0,1,1,6,1,37,7,1560,2,8,-1,-1,-1
2017400247693,2,9,0,18,0,0,0,0,0,0,2,1,1,1,23,5,1598,2,-1,-1,-1,-1
2017400247727,1,98,0,9,0,0,0,0,0,0,1,1,6,3,-1,-1,-1,-1,-1,-1,-1,-1
2017400247727,2,9,0,2,0,0,0,0,0,0,3,1,6,2,21,5,1368,1,6,-1,-1,-1
2017400247775,1,21,4,2,0,0,0,0,0,0,2,1,1,1,26,6,11946,2,5,-1,-1,-1
2017400247775,2,9,0,4,0,0,1,4,0,0,1,1,2,1,43,7,1242,1,13,-1,-1,-1
2017400247782,1,9,0,9,0,5,0,0,0,0,1,1,5,2,34,6,1229,1,8,-1,-1,-1
2017400247782,2,1,0,18,0,1,0,0,0,0,1,1,5,1,44,7,-1,-1,-1,-1,-1,-1
2017400248077,1,9,0,18,0,0,0,0,0,0,1,1,6,3,-1,-1,-1,-1,-1,-1,-1,-1
2017400248077,2,9,0,18,0,0,0,0,0,0,2,1,5,1,39,7,1995,2,15,-1,-1,-1
2017400248194,1,9,0,18,0,0,0,0,0,0,1,1,6,1,22,5,1229,1,10,-1,-1,-1
2017400248194,2,9,0,4,0,0,0,0,0,0,2,1,6,1,60,9,1242,1,11,-1,-1,-1
2017400248408,1,9,0,7,0,0,0,0,0,0,1,1,6,2,51,8,1951,2,14,-1,-1,-1
2017400248435,1,9,0,18,0,0,0,0,0,0,0,1,6,1,40,7,-1,-1,-1,-1,-1,-1
2017400248567,1,5,0,9,0,8,2,0,0,0,3,1,6,1,61,9,800,1,-1,7,1,7
2017400248581,1,9,0,9,0,5,0,0,0,0,4,1,6,1,30,6,1364,1,13,-1,-1,-1
2017400248581,2,9,0,18,0,8,0,0,0,0,1,1,6,1,66,10,1870,2,16,-1,-1,-1
2017400248679,1,1,0,18,0,0,0,0,0,0,4,1,4,1,14,3,-1,-1,-1,-1,-1,-1
2017400248679,2,9,0,5,0,0,0,0,0,0,1,1,6,2,37,7,1364,1,7,-1,-1,-1
2017400248725,1,9,0,18,0,0,0,0,1,0,1,1,5,1,36,7,1968,2,11,-1,-1,-1
2017400248725,2,9,0,3,0,0,0,0,1,0,2,1,1,1,49,8,1956,2,6,-1,-1,-1
2017400248725,3,9,0,3,0,0,0,0,0,0,2,1,1,2,43,7,2720,2,11,-1,-1,-1
2017400248753,1,9,0,16,0,0,0,0,7,0,1,1,6,2,46,8,1364,1,10,-1,-1,-1
2017400248790,1,9,0,18,0,0,0,0,0,0,1,1,1,1,28,6,1242,1,11,-1,-1,-1
2017400248817,1,9,0,9,0,6,0,0,0,0,1,1,2,1,46,8,1796,1,14,-1,-1,-1
2017400248817,2,9,0,18,0,8,1,0,0,0,4,1,3,2,40,7,1596,1,15,-1,-1,-1
2017400248844,1,9,0,18,0,0,1,0,1,0,1,1,6,1,84,11,1560,2,8,7,1,7
2017400248844,2,9,0,18,0,0,5,0,1,0,1,1,6,1,70,10,2777,2,6,9,3,9
2017400248844,3,19,0,18,0,0,0,0,0,0,1,1,1,1,-1,-1,2402,2,7,6,3,6
2017400248852,1,9,0,5,0,0,0,0,0,0,1,1,2,2,49,8,1086,1,12,-1,-1,-1
2017400248860,1,9,0,18,0,4,0,0,0,0,4,1,6,3,-1,-1,1794,1,12,-1,-1,-1
2017400248860,2,3,0,18,0,4,1,0,0,0,3,1,6,1,24,5,125,1,1,-1,-1,-1
2017400248939,1,98,1,12,0,0,0,0,0,0,3,1,1,1,50,8,-1,-1,-1,-1,-1,-1
2017400248939,2,9,0,18,0,0,0,0,2,0,4,1,6,1,63,9,1242,1,16,-1,-1,-1
2017400249141,1,8,0,10,0,0,0,0,0,0,1,1,1,1,35,6,1997,2,5,-1,-1,-1
2017400249165,1,9,0,18,0,0,0,0,0,0,4,1,5,1,30,6,-1,-1,-1,-1,-1,-1
2017400249165,2,9,0,5,0,0,0,4,1,11,3,1,5,1,51,8,1998,1,18,-1,-1,-1
2017400249165,3,9,0,2,0,0,0,0,1,10,4,1,5,2,23,5,1199,1,14,-1,-1,-1
2017400249165,4,9,0,2,0,0,0,0,1,10,3,1,5,1,43,7,2295,1,16,-1,-1,-1
2017400249165,5,9,0,2,0,0,0,0,0,0,3,1,6,3,-1,-1,-1,-1,-1,-1,-1,-1
2017400249200,1,9,0,9,0,8,0,0,0,0,3,1,1,1,54,8,1997,2,9,-1,-1,-1
2017400249200,2,9,0,18,0,1,0,0,0,0,1,1,6,2,41,7,1598,1,4,-1,-1,-1
2017400249263,1,9,0,18,0,1,1,4,0,0,1,1,1,1,43,7,1798,8,2,-1,-1,-1
2017400249263,2,9,0,2,9,1,0,0,0,0,2,1,5,1,43,7,1240,1,14,-1,-1,-1
2017400249326,1,9,0,18,0,1,0,0,0,0,1,1,6,2,44,7,1360,1,10,-1,-1,-1
2017400249326,2,1,0,18,0,8,0,0,0,0,4,1,6,2,40,7,-1,-1,-1,-1,-1,-1
2017400249346,1,98,0,18,0,3,0,0,0,0,1,1,6,1,35,6,-1,-1,-1,-1,-1,-1
2017400249367,1,9,0,18,0,1,1,0,7,0,1,1,5,1,28,6,-1,-1,-1,-1,-1,-1
2017400249435,1,9,0,18,0,0,0,0,0,0,1,1,1,1,-1,-1,999,1,-1,9,3,9
2017400249435,2,9,0,8,0,0,0,0,0,0,2,1,5,2,33,6,1591,1,6,7,1,7
2017400249438,1,9,0,9,0,1,0,0,0,0,1,1,1,1,42,7,1797,8,8,-1,-1,-1
2017400249478,1,9,0,9,0,8,0,0,0,0,1,1,5,2,21,5,1229,1,9,-1,-1,-1
2017400249482,1,9,0,18,0,1,1,10,7,0,1,1,4,2,25,5,1984,1,3,-1,-1,-1
2017400249503,1,9,0,18,0,0,0,0,0,0,4,1,6,1,66,10,1461,2,8,-1,-1,-1
2017400249503,2,9,0,2,0,0,0,0,0,0,3,1,6,1,34,6,4980,1,26,-1,-1,-1
2017400249579,1,9,0,9,0,1,0,0,0,0,1,1,6,1,-1,-1,1595,1,4,-1,-1,-1
2017400249579,2,1,0,18,0,8,0,0,0,0,3,1,2,1,37,7,-1,-1,-1,-1,-1,-1
2017400249608,1,9,0,18,0,1,0,0,0,0,1,1,6,1,18,4,998,1,2,-1,-1,-1
2017400249676,1,9,0,18,0,1,0,0,0,0,3,1,6,1,25,5,1582,2,1,-1,-1,-1
2017400249676,2,9,0,18,0,1,0,0,0,0,2,1,3,1,39,7,2494,8,-1,2,1,2
2017400249813,1,9,0,9,0,1,0,0,0,0,4,1,5,1,39,7,1796,1,16,-1,-1,-1
2017400249813,2,2,0,18,0,1,0,0,0,0,1,1,5,1,43,7,50,1,8,-1,-1,-1
2017400249815,1,9,0,18,0,0,0,0,0,0,3,1,5,1,26,6,1598,2,2,-1,-1,-1
2017400249815,2,9,0,18,0,0,0,0,0,0,1,1,5,1,28,6,2993,2,12,-1,-1,-1
2017400249825,1,9,0,18,0,4,0,0,0,0,1,1,6,2,43,7,2204,2,11,-1,-1,-1
2017400249825,2,9,0,18,0,4,0,0,0,0,4,1,6,1,58,9,899,1,3,-1,-1,-1
2017400249828,1,9,0,9,0,1,0,0,0,0,1,1,5,2,36,7,1587,1,17,-1,-1,-1
2017400249828,2,9,0,17,0,1,0,0,0,0,1,1,5,2,33,6,1582,2,4,-1,-1,-1
2017400249834,1,9,0,18,0,0,0,0,0,0,1,1,6,1,54,8,1560,2,9,-1,-1,-1
2017400249834,2,9,0,18,0,0,0,0,7,0,1,1,6,2,57,9,1493,2,11,-1,-1,-1
2017400249840,1,9,0,18,0,0,0,0,0,0,1,1,6,2,36,7,1242,1,3,9,2,9
2017400249860,1,9,0,18,0,0,0,0,0,0,1,1,6,1,63,9,1868,2,16,-1,-1,-1
2017400249860,2,9,0,3,0,0,0,0,0,0,2,1,6,1,53,8,1600,1,17,-1,-1,-1
2017400249862,1,9,0,16,0,0,1,0,0,0,1,1,3,1,43,7,1997,2,10,-1,-1,-1
2017400249862,2,9,0,16,0,0,0,0,0,0,2,1,1,1,57,9,1997,2,5,-1,-1,-1
2017400249931,1,9,0,9,0,0,0,0,0,0,2,1,6,1,24,5,1598,2,2,7,1,7
2017400249931,2,8,0,3,0,0,0,0,0,0,2,1,6,1,35,6,1798,8,-1,1,1,1
2017400249935,1,9,0,9,0,1,0,0,0,0,1,1,6,2,55,8,1124,1,15,9,2,9
2017400249935,2,9,0,17,0,1,0,0,0,0,1,1,6,1,30,6,2993,2,3,10,2,10
2017400249935,3,9,0,16,0,1,0,0,0,0,1,1,6,2,55,8,1197,1,2,6,1,6
2017400250009,1,9,0,18,0,1,0,0,0,0,1,1,6,2,30,6,1995,2,9,-1,-1,-1
2017400250009,2,9,0,9,0,1,0,0,0,0,4,1,6,1,59,9,1590,1,16,-1,-1,-1
2017400250035,1,9,0,18,0,0,0,0,0,0,1,1,1,1,-1,-1,-1,-1,-1,-1,-1,-1
2017400250035,2,9,0,18,0,0,0,0,0,0,2,1,6,2,41,7,1398,1,6,-1,-1,-1
2017400250077,1,9,0,18,0,0,0,0,0,0,1,1,2,2,25,5,1242,1,6,-1,-1,-1
2017400250077,2,9,0,10,0,0,0,0,0,0,2,1,2,2,18,4,998,1,7,8,3,8
2017400250217,2,9,0,18,0,0,0,0,0,0,3,1,6,2,57,9,2143,2,1,-1,-1,-1
2017400250624,1,9,0,17,0,0,1,0,7,1,1,1,5,1,19,4,1461,2,7,-1,-1,-1
2017400251003,1,9,0,18,0,0,1,10,0,0,1,1,4,2,18,4,1198,1,7,-1,-1,-1
2017400251154,1,9,0,18,0,8,0,0,0,0,1,1,2,1,26,6,1995,2,5,-1,-1,-1
2017400251154,2,1,0,18,0,8,0,0,0,0,2,1,5,2,33,6,-1,-1,-1,-1,-1,-1
2017400251282,1,9,0,18,9,0,0,0,7,0,0,1,2,1,59,9,1598,1,2,-1,-1,-1
2017400251365,1,9,0,18,0,0,2,0,0,0,1,1,6,2,34,6,1396,1,7,-1,-1,-1
2017400251410,1,9,0,7,0,0,0,0,0,0,1,1,6,1,-1,-1,1796,1,11,-1,-1,-1
2017400251410,2,1,0,18,0,0,0,0,0,0,4,1,5,2,53,8,-1,-1,-1,8,3,8
2017400251533,1,21,1,9,8,0,0,0,0,0,3,1,1,1,48,8,12900,2,6,-1,-1,-1
2017400251533,2,9,0,18,0,0,0,0,0,0,1,1,6,1,47,8,1389,1,14,-1,-1,-1
2017400251584,1,5,0,17,0,0,1,0,1,0,3,1,2,1,37,7,782,1,5,-1,-1,-1
2017400251621,1,9,0,18,0,0,0,0,0,0,1,1,5,1,40,7,1598,2,2,-1,-1,-1
2017400251621,2,9,0,18,0,0,0,0,0,0,2,1,5,2,31,6,1364,1,10,2,1,2
2017400251621,3,9,0,18,0,0,0,0,0,0,1,1,5,1,20,4,998,1,1,7,1,7
2017400251700,1,9,0,16,0,0,1,0,0,0,1,1,6,1,45,7,1598,2,-1,-1,-1,-1
2017400251700,2,9,0,17,0,0,0,0,0,0,3,1,6,1,54,8,-1,-1,-1,2,1,2
2017400251700,3,9,0,17,0,0,0,0,0,0,3,1,6,1,47,8,998,1,-1,4,1,4
2017400251756,1,98,0,2,0,0,0,0,1,9,3,1,1,1,52,8,-1,-1,-1,3,1,3
2017400251802,1,9,0,18,0,0,0,0,0,0,1,1,6,1,63,9,1995,2,16,-1,-1,-1
2017400252032,1,9,0,18,0,8,0,0,0,0,1,1,6,1,43,7,2148,2,10,-1,-1,-1
2017400252032,2,9,0,3,0,2,0,0,0,0,2,1,6,1,53,8,1598,1,11,2,1,2
2017400252139,1,19,0,18,0,1,0,0,0,0,1,1,1,1,23,5,2143,2,2,-1,-1,-1
2017400252139,2,9,0,9,0,1,0,0,0,0,3,1,1,2,25,5,1248,2,3,-1,-1,-1
2017400252197,1,9,0,9,0,8,0,0,0,0,1,1,5,2,73,10,1242,1,8,-1,-1,-1
2017400252197,2,9,0,18,0,8,0,0,0,0,4,1,5,1,20,4,-1,-1,-1,-1,-1,-1
2017400252475,1,9,0,18,0,0,0,0,0,0,1,1,5,2,32,6,1598,1,1,-1,-1,-1
2017400252475,2,9,0,18,0,0,0,0,0,0,1,1,1,2,45,7,2777,2,8,-1,-1,-1
2017400252507,1,9,0,17,0,0,0,0,1,9,3,1,2,2,37,7,1242,1,4,-1,-1,-1
2017400252507,2,9,0,16,0,0,2,0,1,0,3,1,2,1,18,4,1198,1,4,-1,-1,-1
2017400252555,1,9,0,7,0,6,1,0,1,0,1,1,5,1,76,11,1388,1,12,-1,-1,-1
2017400252634,1,9,0,5,0,0,0,0,1,0,0,1,5,1,20,4,1598,1,3,3,1,3
2017400252646,1,9,0,16,0,0,2,0,0,0,1,1,6,1,22,5,1242,1,9,8,1,8
2017400252676,1,9,0,18,0,0,5,11,0,0,1,1,5,2,27,6,1598,1,12,4,1,4
2017400252678,1,98,0,18,0,4,0,0,0,0,1,1,5,1,30,6,-1,-1,-1,-1,-1,-1
2017400252678,2,1,0,18,0,4,0,0,0,0,4,1,5,1,12,3,-1,-1,-1,-1,-1,-1
2017400253093,1,9,0,18,0,0,0,0,0,0,1,1,1,1,32,6,1896,2,12,-1,-1,-1
2017400253093,2,1,0,9,0,0,0,0,0,0,1,1,5,2,58,9,-1,-1,-1,-1,-1,-1
2017400253171,1,9,0,18,0,1,0,7,0,0,1,1,5,2,38,7,1997,1,9,-1,-1,-1
2017400253171,2,9,0,2,0,1,0,0,0,0,2,1,6,3,-1,-1,-1,-1,-1,-1,-1,-1
2017400253171,3,9,0,18,0,1,0,0,0,0,3,1,6,1,30,6,2000,2,11,-1,-1,-1
2017400253171,4,9,0,18,0,2,0,0,0,0,3,1,6,1,34,6,2497,2,13,-1,-1,-1
2017400253277,1,21,0,7,0,1,0,0,0,0,3,1,1,1,55,8,5193,2,6,-1,-1,-1
2017400253277,2,9,0,18,0,8,0,0,0,0,1,1,5,1,22,5,1595,2,8,-1,-1,-1
2017400253363,1,98,0,18,0,0,0,0,0,0,0,1,2,1,33,6,-1,-1,-1,-1,-1,-1
2017400253363,2,9,0,18,0,0,0,0,0,0,0,1,2,2,29,6,1598,1,9,-1,-1,-1
2017400253373,1,9,0,18,0,0,0,0,0,0,1,1,5,2,76,11,1968,2,2,-1,-1,-1
2017400253373,2,9,0,17,0,0,1,0,0,0,1,1,6,3,-1,-1,1390,1,20,-1,-1,-1
2017400253590,1,98,1,18,0,0,0,0,0,0,3,1,6,1,-1,-1,-1,-1,-1,-1,-1,-1
2017400253590,2,9,0,18,0,0,0,0,0,0,4,1,1,2,54,8,1364,1,7,-1,-1,-1
2017400253709,1,9,0,1,0,0,0,4,0,0,2,1,6,2,66,10,1968,2,7,6,3,6
2017400253709,2,9,0,2,0,0,0,0,0,0,2,1,6,1,21,5,1390,1,10,-1,-1,-1
2017400253731,1,9,0,13,0,0,0,0,0,0,4,1,6,1,74,10,1968,2,1,-1,-1,-1
2017400253731,2,1,0,18,0,0,0,0,0,0,3,1,6,1,23,5,-1,-1,-1,-1,-1,-1
2017400253965,1,9,0,17,0,0,1,0,2,4,1,1,5,1,29,6,1388,1,8,-1,-1,-1
2017400253975,1,9,0,5,0,0,2,0,1,2,1,1,2,1,19,4,1598,1,11,-1,-1,-1
2017400254108,1,98,1,18,0,0,0,0,0,0,4,1,1,1,50,8,-1,-1,-1,-1,-1,-1
2017400254108,2,9,0,12,0,0,0,0,0,0,3,1,6,2,30,6,1200,1,2,-1,-1,-1
2017400254227,1,9,0,18,0,0,0,0,0,0,1,1,2,2,58,9,996,1,7,-1,-1,-1
2017400254227,2,20,0,2,9,0,0,0,0,0,0,1,1,1,60,9,4249,2,4,-1,-1,-1
2017400254355,1,90,0,13,0,0,0,0,0,0,1,1,1,2,41,7,2987,2,1,-1,-1,-1
2017400254355,2,21,1,14,0,0,0,0,0,0,2,1,1,1,38,7,12419,2,2,-1,-1,-1
2017400254355,3,9,0,5,0,0,0,0,0,0,0,1,6,3,-1,-1,-1,-1,-1,-1,-1,-1
2017400254435,1,19,0,18,0,0,1,4,0,0,1,1,1,1,48,8,2198,2,6,-1,-1,-1
2017400254435,2,19,0,1,0,0,0,0,0,0,2,1,1,1,27,6,2143,2,3,-1,-1,-1
2017400254458,1,9,0,4,0,0,0,0,0,0,2,1,6,2,41,7,1997,12,4,-1,-1,-1
2017400254458,2,9,0,4,0,0,0,0,0,0,2,1,6,1,50,8,1997,2,12,-1,-1,-1
2017400254458,3,9,0,4,0,0,0,0,0,0,1,1,6,1,36,7,1968,2,6,-1,-1,-1
2017400254558,1,9,0,18,0,1,1,0,0,0,1,1,5,1,-1,-1,1956,2,8,-1,-1,-1
2017400254558,2,9,0,18,0,1,1,0,0,0,2,1,5,1,48,8,1364,2,4,-1,-1,-1
2017400254560,1,9,0,4,0,0,1,0,0,0,1,1,5,2,44,7,1796,1,10,-1,-1,-1
2017400254560,2,9,0,4,0,0,0,0,0,0,4,1,5,1,52,8,1198,1,5,-1,-1,-1
2017400254560,3,21,1,14,0,0,0,0,0,0,3,1,1,1,27,6,12419,2,2,-1,-1,-1
2017400254596,1,9,0,9,0,6,0,0,0,0,3,1,2,2,40,7,1229,1,7,8,2,8
2017400254596,2,3,0,18,0,2,0,0,0,0,1,1,2,1,59,9,124,1,7,8,2,8
2017400254603,1,9,0,9,0,0,0,0,0,0,3,1,5,1,26,6,1590,1,12,-1,-1,-1
2017400254603,2,9,0,18,0,0,0,0,0,0,1,1,5,1,22,5,-1,-1,-1,-1,-1,-1
2017400254617,1,9,0,16,0,0,1,0,0,0,1,1,6,2,37,7,1970,1,13,-1,-1,-1
2017400254617,2,9,0,17,0,0,0,0,1,0,1,1,6,1,32,6,1968,2,10,-1,-1,-1
2017400254638,1,9,0,18,0,0,2,0,0,0,4,1,6,2,19,4,1229,1,8,-1,-1,-1
2017400254703,1,9,0,18,0,0,1,11,0,0,1,1,5,1,36,7,1560,2,10,-1,-1,-1
2017400254939,1,9,0,5,9,0,0,0,0,0,1,1,6,1,69,10,999,1,2,-1,-1,-1
2017400254941,1,9,0,18,0,8,0,0,0,0,1,1,5,1,27,6,-1,-1,-1,-1,-1,-1
2017400254941,2,9,0,18,0,8,0,0,0,0,4,1,6,3,-1,-1,2993,2,3,-1,-1,-1
2017400255001,1,9,0,18,0,0,0,0,0,0,1,1,5,1,19,4,1198,1,10,-1,-1,-1
2017400255076,1,9,0,4,0,0,0,0,0,0,1,1,5,2,28,6,1229,1,11,-1,-1,-1
2017400255076,2,9,0,4,0,0,0,0,0,0,2,1,5,1,57,9,-1,-1,-1,-1,-1,-1
2017400255095,1,9,0,18,0,8,0,0,0,0,1,1,6,1,52,8,1339,1,1,-1,-1,-1
2017400255213,1,3,0,17,0,2,0,0,0,0,3,1,6,1,51,8,125,1,3,-1,-1,-1
2017400255248,1,9,0,18,0,0,2,0,1,0,1,1,5,1,27,6,1896,2,16,-1,-1,-1
2017400255328,1,9,0,2,9,0,0,0,0,0,1,1,5,3,-1,-1,1248,2,5,-1,-1,-1
2017400255328,2,9,0,18,0,0,1,4,0,0,1,1,1,1,22,5,1896,2,11,4,1,4
2017400255329,1,9,0,18,0,0,0,0,0,0,1,1,6,1,43,7,1124,1,7,-1,-1,-1
2017400255329,2,9,0,18,0,0,0,0,0,0,1,1,6,1,22,5,1781,1,14,-1,-1,-1
2017400255350,1,9,0,9,0,8,0,0,0,0,1,1,5,2,28,6,1596,1,9,-1,-1,-1
2017400255350,2,9,0,18,0,8,0,0,0,0,1,1,5,1,49,8,1910,2,9,-1,-1,-1
2017400255383,1,9,0,2,0,0,2,0,7,0,1,1,6,1,62,9,1596,1,16,-1,-1,-1
2017400255383,2,9,0,3,0,0,2,0,0,0,1,1,6,1,47,8,1248,2,7,-1,-1,-1
2017400255384,1,9,0,2,0,0,0,0,0,0,1,1,5,1,79,11,1389,1,20,-1,-1,-1
2017400255384,2,9,0,18,0,0,0,0,0,0,2,1,5,1,49,8,1968,2,11,-1,-1,-1
2017400255403,1,9,0,17,0,0,0,0,1,0,1,1,6,1,34,6,-1,-1,-1,-1,-1,-1
2017400255515,1,9,0,9,0,6,0,0,0,0,3,1,5,2,21,5,2143,2,-1,-1,-1,-1
2017400255515,2,5,0,18,0,1,0,0,0,0,1,1,2,1,36,7,1000,1,2,-1,-1,-1
2017400255518,1,9,0,18,0,8,0,0,0,0,3,1,5,2,20,4,1598,2,3,-1,-1,-1
2017400255518,2,9,0,9,0,8,0,0,7,0,1,1,5,2,34,6,1956,2,7,-1,-1,-1
2017400255617,1,9,0,9,0,0,0,0,0,0,3,1,2,2,24,5,1299,1,13,-1,-1,-1
2017400255617,2,5,0,13,0,0,0,0,0,0,1,1,2,1,56,9,1130,1,14,-1,-1,-1
2017400255621,1,19,0,18,0,1,0,0,0,0,1,1,6,1,54,8,1868,2,16,-1,-1,-1
2017400255621,2,9,0,10,0,6,0,0,0,0,3,1,6,1,40,7,1997,2,7,-1,-1,-1
2017400255656,1,9,0,15,0,0,0,0,0,0,1,1,6,1,43,7,1995,1,15,-1,-1,-1
2017400255656,2,9,0,18,0,0,0,0,7,10,1,1,6,2,69,10,1388,1,9,-1,-1,-1
2017400255667,1,9,0,18,0,0,0,0,0,0,2,1,6,1,56,9,1968,2,5,-1,-1,-1
2017400255667,2,9,0,18,0,0,0,0,0,0,1,1,6,2,47,8,1560,2,6,-1,-1,-1
2017400255682,1,21,1,6,0,0,0,0,0,0,1,1,1,1,32,6,10837,2,4,-1,-1,-1
2017400255837,1,9,0,18,0,1,0,0,0,0,1,1,6,1,64,9,1364,1,-1,-1,-1,-1
2017400255875,1,9,0,9,0,8,0,0,0,0,1,1,6,1,-1,-1,1797,8,5,-1,-1,-1
2017400255899,1,21,0,16,0,0,0,0,7,0,1,1,2,1,30,6,4764,2,8,-1,-1,-1
2017400255902,1,9,0,16,0,3,1,0,0,0,1,1,4,1,17,4,1398,1,7,-1,-1,-1
2017400255902,2,9,0,17,0,4,0,0,0,0,1,1,2,2,40,7,1397,1,14,-1,-1,-1
2017400255908,1,9,0,18,0,0,1,0,0,0,1,1,5,2,23,5,1398,1,2,-1,-1,-1
2017400255908,2,19,0,3,0,0,0,0,0,0,0,1,1,1,51,8,2402,2,9,-1,-1,-1
2017400255956,1,21,1,11,0,0,0,0,0,0,1,1,1,1,42,7,10837,2,4,-1,-1,-1
2017400255956,2,9,0,18,0,0,0,7,0,0,2,1,6,1,23,5,1120,1,18,-1,-1,-1
2017400255956,3,9,0,18,0,0,0,0,0,0,3,1,1,1,53,8,-1,-1,-1,-1,-1,-1
2017400256012,1,9,0,18,0,0,1,0,0,0,1,1,5,1,34,6,1995,1,15,-1,-1,-1
2017400256060,1,9,0,13,0,0,0,0,0,0,3,1,6,3,-1,-1,1200,1,-1,-1,-1,-1
2017400256060,2,9,0,18,0,0,0,0,0,0,1,1,6,1,-1,-1,1199,1,16,-1,-1,-1
2017400256060,3,9,0,18,0,0,0,0,0,0,3,1,5,2,27,6,1598,2,-1,-1,-1,-1
2017400256113,1,9,0,18,0,0,0,0,0,0,3,1,6,1,58,9,1598,1,12,-1,-1,-1
2017400256260,1,9,0,18,0,0,0,0,0,0,4,1,5,1,-1,-1,998,1,15,1,1,1
2017400256260,2,9,0,18,0,0,0,0,0,0,3,1,2,1,44,7,1600,2,8,4,1,4
2017400256284,1,9,0,18,0,1,0,0,0,0,1,1,1,2,24,5,1598,2,-1,-1,-1,-1
2017400256284,2,9,0,18,0,1,0,0,0,0,2,1,6,2,24,5,1197,1,-1,-1,-1,-1
2017400256284,3,-1,0,18,0,1,0,0,0,0,0,1,6,3,-1,-1,-1,-1,-1,-1,-1,-1
2017400256305,1,9,0,18,0,0,0,0,0,0,1,1,5,1,26,6,2171,1,16,-1,-1,-1
2017400256305,2,9,0,4,0,0,0,0,0,0,2,1,5,1,32,6,1968,2,7,-1,-1,-1
2017400256305,3,9,0,4,0,0,0,0,0,0,2,1,5,2,45,7,1197,1,1,-1,-1,-1
2017400256320,1,9,0,18,0,0,0,0,1,0,1,1,5,1,43,7,1398,1,7,-1,-1,-1
2017400256347,1,9,0,18,0,1,0,0,0,0,1,1,1,1,67,10,998,1,4,-1,-1,-1
2017400256347,2,9,0,18,0,1,0,0,0,0,1,1,1,2,41,7,1956,2,2,7,1,7
2017400256367,1,9,0,18,0,1,0,0,0,0,0,1,6,2,52,8,1364,1,12,-1,-1,-1
2017400256409,1,9,0,5,0,0,0,0,0,0,1,1,5,1,76,11,1798,1,2,-1,-1,-1
2017400256409,2,9,0,18,0,0,0,0,0,0,1,1,5,1,27,6,1596,1,13,-1,-1,-1
2017400256510,1,19,0,9,0,1,0,0,0,0,1,1,6,1,51,8,2198,2,2,-1,-1,-1
2017400256568,1,9,0,4,0,0,0,0,0,0,1,1,5,1,48,8,1364,1,12,-1,-1,-1
2017400256577,1,9,0,7,0,8,0,0,0,0,1,1,2,2,42,7,1299,1,12,-1,-1,-1
2017400256590,1,9,0,18,0,0,0,0,0,0,1,1,5,2,71,10,1398,2,13,-1,1,-1
2017400256590,2,9,0,18,0,0,0,0,0,0,0,1,5,1,53,8,2143,2,1,8,2,8
2017400256590,3,9,0,18,0,0,0,0,1,0,1,1,5,2,39,7,1796,1,11,2,1,2
2017400256659,1,9,0,13,0,0,0,0,0,0,1,1,5,2,81,11,1360,1,11,-1,-1,-1
2017400256659,2,1,0,18,4,0,0,0,0,0,2,1,5,1,38,7,-1,-1,-1,-1,-1,-1
2017400256798,1,9,0,18,9,0,0,0,1,0,4,1,6,1,38,7,1896,2,13,-1,-1,-1
2017400256818,1,9,0,18,0,3,1,0,0,0,1,1,6,1,-1,-1,1995,2,12,-1,-1,-1
2017400256818,2,9,0,3,0,3,0,0,0,0,2,1,1,1,57,9,2143,2,4,-1,-1,-1
2017400256862,1,5,0,18,0,0,0,0,1,0,1,1,2,1,39,7,-1,-1,-1,-1,-1,-1
2017400256888,1,9,0,5,0,1,0,0,0,0,1,1,5,1,21,5,1398,1,3,-1,-1,-1
2017400256888,2,9,0,4,0,1,0,0,0,0,2,1,5,1,46,8,1968,2,7,-1,-1,-1
2017400256911,1,9,0,7,0,0,0,0,0,0,1,1,5,2,27,6,1199,1,15,-1,-1,-1
2017400256970,1,9,0,9,0,1,0,0,0,0,1,1,1,2,28,6,1499,1,1,-1,-1,-1
2017400256970,2,9,0,18,0,8,0,0,0,0,3,1,5,1,19,4,1968,2,10,-1,-1,-1
2017400257210,1,9,0,18,0,0,0,0,1,0,1,1,5,1,26,6,1596,1,12,9,1,9
2017400257210,2,9,0,2,0,0,0,4,0,0,2,1,5,1,34,6,1797,8,4,-1,-1,-1
2017400257210,3,9,0,2,0,0,0,4,0,0,2,1,5,2,45,7,1968,2,5,7,1,7
2017400257703,1,9,0,18,0,0,2,0,1,9,3,1,6,1,24,5,1590,1,17,-1,-1,-1
2017400257703,2,9,0,18,0,0,0,0,0,0,1,1,6,1,51,8,1198,1,4,-1,-1,-1