Accident_Index,Vehicle_Reference,Vehicle_Type,Towing_and_Articulation,Vehicle_Manoeuvre,Vehicle_Location-Restricted_Lane,Junction_Location,Skidding_and_Overturning,Hit_Object_in_Carriageway,Vehicle_Leaving_Carriageway,Hit_Object_off_Carriageway,1st_Point_of_Impact,Was_Vehicle_Left_Hand_Drive?,Journey_Purpose_of_Driver,Sex_of_Driver,Age_of_Driver,Age_Band_of_Driver,Engine_Capacity_(CC),Propulsion_Code,Age_of_Vehicle,Driver_IMD_Decile,Driver_Home_Area_Type,Vehicle_IMD_Decile
2017410152282,2,1,0,18,9,1,0,0,0,0,4,1,6,1,10,2,-1,-1,-1,8,1,8
2017410152318,1,9,0,18,0,0,0,0,0,0,1,1,1,2,52,8,1995,2,4,4,1,4
2017410152318,2,9,0,14,0,0,0,0,0,0,1,1,5,2,35,6,1796,1,9,-1,-1,-1
2017410152318,3,9,0,18,0,0,0,0,0,0,1,1,6,1,-1,-1,1362,1,5,6,1,6
2017410152335,1,98,0,12,0,0,0,0,0,0,3,1,1,1,45,7,-1,-1,-1,-1,-1,-1
2017410152335,2,8,0,18,0,0,0,0,4,6,4,1,1,1,-1,-1,1896,2,13,5,1,5
2017410152351,1,9,0,18,0,0,0,0,0,0,1,1,2,1,27,6,1598,2,5,8,1,8
2017410152351,2,9,0,4,0,0,0,0,0,0,2,1,6,2,41,7,1461,2,2,8,2,8
2017410152351,3,9,0,18,0,0,0,0,0,0,1,1,5,1,22,5,1368,1,9,6,1,6
2017410152351,4,9,0,4,0,0,0,0,0,0,2,1,6,1,39,7,1794,1,10,7,1,7
2017410152352,1,9,0,18,0,8,1,0,1,0,4,1,5,1,47,8,1598,1,15,10,3,10
2017410152352,2,9,4,2,9,2,0,0,0,0,1,1,5,1,48,8,-1,-1,-1,9,1,9
2017410152566,1,9,0,11,7,0,0,4,0,0,1,1,6,1,40,7,1499,2,1,3,1,3
2017410152566,2,21,1,2,6,0,0,0,0,0,2,1,1,1,34,6,11967,2,9,1,1,1
2017410152638,1,9,0,18,0,1,0,0,0,0,4,1,5,1,33,6,1560,2,4,5,1,5
2017410152638,2,9,0,5,0,8,0,0,0,0,3,1,5,2,-1,-1,998,1,2,10,1,10
2017410152750,1,9,0,5,0,6,0,0,0,0,1,1,6,2,19,4,998,1,10,2,1,2
2017410152750,2,3,0,18,0,1,2,0,0,0,1,1,1,1,45,7,124,1,12,4,1,4
2017410152754,1,9,0,18,0,1,1,0,0,0,1,1,5,1,20,4,1598,1,15,4,1,4
2017410152754,2,9,0,4,0,1,0,0,0,0,2,1,5,1,61,9,1753,2,10,8,3,8
2017410152775,1,1,0,18,0,0,0,0,0,0,1,1,4,1,10,2,-1,-1,-1,6,1,6
2017410152775,2,9,0,18,0,0,0,0,0,0,1,1,1,1,36,7,2143,2,3,4,1,4
2017410152788,1,9,0,4,0,0,1,0,5,6,1,1,2,2,33,6,1240,1,14,-1,-1,-1
2017410152788,2,9,0,3,0,0,0,0,0,0,2,1,2,1,50,8,1997,2,3,5,1,5
2017410152828,1,9,0,18,0,0,1,0,0,0,1,1,1,1,25,5,1360,1,11,10,1,10
2017410152828,2,9,0,4,0,0,0,0,0,0,2,1,5,1,26,6,1596,1,7,5,1,5
2017410152840,1,21,0,18,0,0,1,0,0,0,1,1,1,1,43,7,12580,2,10,6,1,6
2017410152840,2,9,0,4,0,0,0,0,0,0,2,1,6,1,24,5,-1,-1,-1,3,1,3
2017410152840,3,9,0,4,0,0,0,0,0,0,2,1,6,1,36,7,2401,2,12,3,1,3
2017410152840,4,19,0,4,0,0,0,0,0,0,2,1,1,1,41,7,1248,2,2,8,1,8
2017410152844,1,9,0,9,0,5,0,0,0,0,4,1,5,1,39,7,2480,1,2,9,1,9
2017410152844,2,3,0,18,0,1,0,0,0,0,1,1,5,1,17,4,124,1,2,6,1,6
2017410152872,1,3,0,13,0,2,1,0,0,0,4,1,5,1,33,6,125,1,2,-1,-1,-1
2017410152872,2,9,0,6,0,2,0,0,0,0,3,1,6,3,-1,-1,1995,2,6,-1,-1,-1
2017410152950,1,9,0,18,0,0,0,0,0,0,1,1,2,1,44,7,1242,1,2,10,1,10
2017410152950,2,9,0,4,0,0,0,0,0,0,2,1,2,2,25,5,1242,1,3,10,1,10
2017410152950,3,9,0,3,0,0,0,0,0,0,2,1,2,1,34,6,1798,1,6,10,2,10
2017410152950,4,9,0,3,0,0,0,0,0,0,2,1,2,1,46,8,1968,2,6,10,1,10
2017410152967,1,9,0,18,0,0,0,0,0,0,1,1,6,2,41,7,1998,1,13,9,1,9
2017410152967,2,9,0,18,0,0,0,0,0,0,3,1,6,1,37,7,1998,2,16,7,1,7
2017410153121,1,9,0,6,0,0,0,0,0,0,3,1,2,1,29,6,2987,2,1,9,1,9
2017410153121,2,3,0,13,0,0,1,0,0,0,1,1,2,1,30,6,124,1,2,10,1,10
2017410153154,1,9,0,9,0,0,0,0,0,0,3,1,6,1,46,8,1896,2,12,7,3,7
2017410153154,2,9,0,18,0,0,0,0,0,0,1,1,1,2,25,5,1668,1,16,10,1,10
2017410153177,1,9,0,18,0,1,1,0,1,2,3,1,5,2,34,6,-1,-1,-1,-1,-1,-1
2017410153255,1,9,0,18,0,0,0,0,0,0,1,1,6,1,41,7,2199,2,7,6,1,6
2017410153255,2,1,0,18,0,0,0,0,0,0,2,1,6,1,48,8,-1,-1,-1,5,1,5
2017410153271,1,9,0,16,0,0,0,0,1,0,1,1,5,1,25,5,1956,2,1,2,1,2
2017410153271,2,9,0,16,0,0,0,0,0,0,2,1,2,1,51,8,1396,1,5,7,1,7
2017410153304,1,2,0,18,0,1,5,0,0,0,1,1,6,1,22,5,49,1,4,10,1,10
2017410153304,2,9,0,9,0,1,0,0,0,0,1,1,1,1,29,6,-1,-1,-1,9,2,9
2017410153326,1,9,0,13,0,2,0,0,0,0,4,1,6,2,72,10,3199,1,15,10,1,10
2017410153326,2,1,0,18,0,2,0,0,0,0,3,1,6,1,41,7,-1,-1,-1,5,1,5
2017410153343,1,9,0,13,0,0,0,0,0,0,4,2,1,1,28,6,-1,-1,-1,6,1,6
2017410153343,2,9,0,9,0,0,0,0,0,0,3,1,5,1,72,10,796,1,14,5,1,5
2017410153347,1,9,0,18,0,1,0,0,0,0,1,1,6,1,-1,-1,-1,-1,-1,-1,-1,-1
2017410153356,1,9,0,18,0,4,0,0,0,0,0,1,6,3,-1,-1,-1,-1,-1,-1,-1,-1
2017410153356,2,9,0,4,0,8,0,0,0,0,0,1,6,2,-1,-1,1198,1,5,7,3,7
2017410153356,3,5,0,18,0,8,5,0,0,0,3,1,6,1,61,9,865,1,5,7,1,7
2017410153399,1,9,0,11,0,0,0,0,1,0,1,1,6,1,34,6,1461,2,8,9,1,9
2017410153399,2,21,1,18,0,0,0,0,0,0,4,1,1,1,34,6,12419,2,2,-1,2,-1
2017410153399,3,9,0,3,0,0,0,0,1,7,2,1,2,1,42,7,1242,1,1,6,1,6
2017410153399,4,9,0,3,0,0,0,0,1,7,2,1,6,1,62,9,1598,2,6,10,1,10
2017410153401,1,9,0,18,0,4,2,0,5,0,1,1,2,1,56,9,1598,1,4,10,1,10
2017410153461,1,9,0,18,9,0,0,7,1,10,1,1,5,1,70,10,1896,2,13,10,1,10
2017410153463,1,9,0,10,0,0,0,0,3,0,3,1,5,2,39,7,898,1,1,10,1,10
2017410153516,1,9,0,18,0,1,0,0,0,0,1,1,1,2,55,8,1948,1,16,7,3,7
2017410153542,1,9,0,9,0,0,0,0,0,0,1,1,5,1,48,8,998,1,3,7,1,7
2017410153585,1,1,0,18,0,8,0,0,0,0,3,1,6,1,58,9,-1,-1,-1,5,1,5
2017410153585,2,9,0,7,0,3,0,0,0,0,1,1,6,2,49,8,1587,1,11,6,1,6
2017410153614,1,19,0,18,0,0,0,0,0,0,1,1,6,1,34,6,2198,2,1,-1,-1,-1
2017410153614,2,9,0,4,0,0,0,0,0,0,2,1,6,1,47,8,1560,2,3,1,1,1
2017410153701,1,9,0,4,0,1,0,0,0,0,4,1,5,1,39,7,1995,2,1,5,1,5
2017410153701,2,1,0,18,0,8,0,0,0,0,1,1,6,1,16,4,-1,-1,-1,8,1,8
2017410153739,1,21,1,4,0,1,0,0,0,0,1,1,1,1,61,9,10837,2,3,2,1,2
2017410153739,2,9,0,4,0,1,0,0,0,0,2,1,1,1,33,6,1597,2,2,5,1,5
2017410153739,3,9,0,3,0,1,0,0,0,0,2,1,1,1,54,8,1598,1,5,10,1,10
2017410153787,1,3,0,4,0,1,0,0,0,0,2,1,2,2,22,5,124,1,2,4,1,4
2017410153787,2,9,0,4,0,1,0,0,0,0,1,1,6,3,-1,-1,-1,-1,-1,-1,-1,-1
2017410153811,1,9,0,3,0,1,0,0,0,0,1,1,5,2,29,6,998,1,4,3,1,3
2017410153811,2,9,0,3,0,1,0,0,0,0,2,1,5,2,34,6,998,1,2,9,1,9
2017410153828,1,9,0,18,0,8,0,0,0,0,1,1,6,1,32,6,2401,2,10,4,1,4
2017410153828,2,9,0,8,0,2,0,0,0,0,2,1,5,2,-1,-1,2495,2,17,5,1,5
2017410154275,1,9,0,18,0,1,0,0,0,0,1,1,2,1,28,6,1591,1,8,10,2,10
2017410154275,2,1,0,18,0,8,0,0,0,0,3,1,6,1,20,4,-1,-1,-1,5,1,5
2017410154304,1,9,0,18,0,0,5,0,1,0,1,1,5,1,88,11,1396,1,17,10,1,10
2017410154304,2,9,0,18,0,0,0,0,0,0,1,1,5,1,50,8,1896,2,8,6,3,6
2017410154326,1,11,0,18,0,1,0,0,0,0,1,1,1,1,39,7,6700,2,9,4,1,4
2017410154506,1,20,0,18,0,0,1,0,0,0,1,1,1,1,39,7,4249,2,5,3,1,3
2017410154506,2,19,0,4,0,0,0,0,0,0,2,1,5,1,56,9,1995,2,9,8,1,8
2017410154506,3,9,0,4,0,0,0,0,1,0,2,1,1,2,49,8,1598,2,5,9,2,9
2017410154506,4,9,0,4,0,0,0,0,0,0,3,1,1,1,31,6,1995,2,3,4,1,4
2017410154580,1,9,0,18,0,8,0,0,0,0,1,1,5,2,49,8,1390,1,5,9,1,9
2017410154580,2,9,0,9,0,8,0,0,1,0,1,1,5,1,19,4,1149,1,6,-1,-1,-1
2017410154591,1,9,0,9,0,8,0,0,0,0,3,1,5,1,74,10,-1,-1,-1,9,1,9
2017410154591,2,1,0,18,0,1,0,0,0,0,1,1,5,1,29,6,-1,-1,-1,10,1,10
2017410154601,1,9,0,18,0,0,0,0,0,0,2,1,6,1,42,7,1995,2,9,5,1,5
2017410154601,2,9,0,18,0,0,0,0,0,0,1,1,6,1,23,5,1598,2,1,10,3,10
2017410154629,1,9,0,13,0,1,0,0,0,0,1,1,6,3,-1,-1,998,1,13,-1,-1,-1
2017410154629,2,9,0,9,0,1,0,0,0,0,3,1,5,2,55,8,1910,2,10,3,1,3
2017410154761,1,9,0,16,0,0,2,0,0,0,4,1,6,2,19,4,1398,2,13,9,3,9
2017410154780,1,9,0,18,0,0,1,0,6,0,1,1,5,1,28,6,2616,1,12,4,1,4
2017410154780,2,9,0,18,0,0,1,0,1,0,2,1,5,2,18,4,1349,1,4,4,1,4
2017410154781,1,5,0,18,0,0,5,0,0,0,1,1,6,1,65,9,675,1,8,-1,-1,-1
2017410154781,2,9,0,18,0,0,0,0,0,0,1,1,6,2,22,5,1299,1,18,7,3,7
2017410154799,1,9,0,4,0,0,0,0,0,0,1,1,1,1,23,5,-1,-1,-1,-1,-1,-1
2017410154799,2,9,0,4,0,0,0,0,0,0,2,1,6,1,48,8,1598,2,4,-1,-1,-1
2017410154799,3,9,0,4,0,0,0,0,0,0,3,1,5,1,46,8,-1,-1,-1,7,1,7
2017410154799,4,9,0,4,0,0,0,0,0,0,2,1,5,1,22,5,-1,-1,-1,1,1,1
2017410154815,1,9,0,1,0,0,0,0,0,0,2,1,5,3,-1,-1,-1,-1,-1,-1,-1,-1
2017410154826,1,9,0,6,9,0,0,4,8,10,1,1,5,2,77,11,1598,2,4,7,1,7
2017410154826,2,9,0,2,9,0,0,0,0,0,4,1,6,1,-1,-1,1597,2,3,-1,-1,-1
2017410154965,1,9,0,5,0,1,0,0,0,0,3,1,6,2,77,11,1753,2,14,10,1,10
2017410155018,1,19,0,18,0,2,0,0,0,0,2,1,6,1,38,7,2198,2,3,5,1,5
2017410155018,2,9,0,18,0,2,0,0,0,0,1,1,1,2,23,5,1229,1,7,8,1,8
2017410155125,1,98,0,12,0,0,0,0,0,0,3,1,1,1,43,7,-1,-1,-1,-1,-1,-1
2017410155125,2,9,0,18,0,0,0,0,4,0,4,1,5,2,30,6,1598,1,10,3,1,3
2017410155134,1,9,0,18,0,2,5,0,7,0,3,1,6,1,23,5,3498,1,13,3,1,3
2017410155167,1,9,0,9,0,6,0,0,0,0,3,1,6,2,56,9,1248,1,8,9,1,9
2017410155167,2,5,0,18,0,8,0,0,0,0,1,1,6,1,69,10,892,1,15,4,1,4
2017410155569,1,9,0,18,0,1,0,0,0,0,1,1,5,1,18,4,1229,1,5,8,3,8
2017410155569,2,9,0,2,0,1,0,0,0,0,4,1,5,3,-1,-1,1461,2,1,-1,-1,-1
2017410155684,1,9,0,4,0,0,0,0,0,0,2,1,5,2,30,6,1995,2,1,5,1,5
2017410155684,2,9,0,4,0,0,1,0,0,0,1,1,5,2,42,7,2982,2,10,5,1,5
2017410155788,1,9,0,16,0,0,1,0,1,7,1,1,6,2,33,6,1995,2,11,3,1,3
2017410155985,1,9,0,5,0,0,0,0,0,0,0,1,6,1,-1,-1,2979,1,3,3,1,3
2017410156057,1,9,0,18,0,1,0,0,0,0,1,1,2,1,59,9,1461,2,13,8,1,8
2017410156057,2,9,0,10,0,1,0,0,0,0,2,1,2,2,54,8,1997,1,12,6,1,6
2017410156071,1,98,1,12,0,0,0,0,0,0,1,1,1,1,28,6,-1,-1,-1,-1,-1,-1
2017410156071,2,9,0,18,0,0,1,0,1,0,2,1,5,1,51,8,2398,1,19,6,2,6
2017410156087,1,21,4,4,0,0,0,0,0,0,1,1,1,1,39,7,11705,2,9,5,1,5
2017410156087,2,9,0,3,0,0,0,0,0,0,2,1,5,2,25,5,1596,1,8,7,2,7
2017410156087,3,9,0,3,0,0,0,0,0,0,2,1,5,2,36,7,1998,1,12,10,1,10
2017410156088,1,9,0,4,0,1,0,0,0,0,1,1,1,2,27,6,5000,1,6,3,1,3
2017410156088,2,9,0,3,0,1,0,0,0,0,2,1,6,2,55,8,1596,1,6,10,1,10
2017410156134,1,9,0,9,0,6,0,0,0,0,3,1,2,1,57,9,1997,2,10,-1,-1,-1
2017410156134,2,3,0,14,0,1,1,0,0,0,1,1,2,1,29,6,124,1,2,6,1,6
2017410156146,1,19,0,7,0,2,0,0,0,0,1,1,1,1,67,10,2298,2,3,10,1,10
2017410156160,1,9,0,18,0,8,0,0,0,0,1,1,5,1,24,5,1242,1,9,4,1,4
2017410156162,1,9,0,18,0,0,0,0,1,0,1,1,6,2,25,5,1995,2,2,7,1,7
2017410156162,2,19,0,18,0,0,0,0,0,0,2,1,6,1,49,8,2402,2,11,3,1,3
2017410156182,1,9,0,4,0,0,0,0,0,0,1,1,2,2,28,6,1598,2,5,3,1,3
2017410156182,2,9,0,4,0,0,0,0,0,0,2,1,2,1,44,7,1999,2,1,10,1,10
2017410156184,1,9,0,18,0,0,0,0,1,10,1,1,5,2,44,7,-1,-1,-1,5,1,5
2017410156195,1,9,0,18,0,0,0,4,0,0,1,1,6,1,28,6,2979,8,4,9,1,9
2017410156195,2,9,0,2,0,0,0,0,0,0,4,1,5,1,43,7,1896,2,11,1,1,1
2017410156195,3,9,0,2,0,0,0,0,0,0,3,1,1,3,-1,-1,2000,2,8,-1,-1,-1
2017410156195,4,8,0,18,0,0,0,0,0,0,2,1,1,1,33,6,1956,2,1,6,1,6
2017410156217,1,9,0,17,0,0,1,0,1,0,3,1,2,1,26,6,1560,2,10,2,1,2
2017410156240,1,9,0,5,0,8,0,0,0,0,1,1,5,1,41,7,2179,2,6,4,1,4
2017410156323,1,9,0,18,0,4,0,0,0,0,3,1,5,1,61,9,1596,1,10,4,1,4
2017410156323,2,21,1,9,0,8,0,0,0,0,4,1,1,1,49,8,10837,2,5,9,1,9
2017410156326,1,9,0,7,0,4,0,0,0,0,1,1,6,1,45,7,1798,1,12,3,1,3
2017410156326,2,9,0,9,0,8,0,0,0,0,4,1,6,1,22,5,1242,1,3,7,1,7
2017410156538,1,9,0,10,0,4,0,0,0,0,1,1,5,2,24,5,1799,1,9,5,1,5
2017410156538,2,9,0,18,0,3,0,0,0,0,3,1,5,1,42,7,-1,-1,-1,-1,-1,-1
2017410156611,1,9,0,9,0,8,0,0,0,0,1,1,5,2,59,9,1598,1,12,8,1,8
2017410156787,1,9,0,18,0,0,5,10,1,7,4,1,5,1,31,6,1299,1,15,3,1,3
2017410156828,1,21,0,12,0,7,0,0,0,0,3,1,1,1,34,6,6870,2,10,2,1,2
2017410156828,2,9,0,18,0,8,0,0,0,0,4,1,6,1,48,8,1995,2,14,5,1,5
2017410156828,3,19,0,18,0,8,0,0,0,0,1,1,1,1,58,9,2198,2,-1,7,1,7
2017410156828,4,21,1,18,0,7,0,0,0,0,2,1,1,1,25,5,11967,2,4,5,1,5
2017410156914,1,9,0,18,0,1,0,0,0,0,3,1,5,2,34,6,1461,2,6,7,1,7
2017410156923,1,9,0,4,0,1,0,0,0,0,1,1,6,1,31,6,-1,-1,-1,1,1,1
2017410156923,2,9,0,3,0,1,0,0,0,0,2,1,2,2,29,6,1275,1,19,3,1,3
2017410156923,3,9,0,3,0,1,0,0,0,0,2,1,6,1,-1,-1,-1,-1,-1,-1,-1,-1
2017410156994,1,9,0,18,0,0,0,0,1,2,1,1,6,2,56,9,1364,1,12,10,3,10
2017410157039,1,9,0,16,0,1,2,0,1,0,1,1,5,1,31,6,-1,-1,-1,-1,-1,-1
2017410157169,1,11,0,18,0,4,0,0,0,0,0,1,1,1,52,8,6700,2,9,3,1,3
2017410157301,1,9,0,18,0,0,0,0,0,0,1,1,6,1,20,4,1896,2,16,8,1,8
2017410157301,2,21,1,18,0,0,0,0,0,0,2,1,1,1,53,8,9200,2,6,3,1,3
2017410157312,1,19,0,18,0,0,0,0,0,0,3,1,6,1,-1,-1,2402,2,11,-1,-1,-1
2017410157312,2,9,0,3,0,0,0,0,0,0,3,1,5,1,33,6,1197,1,1,4,1,4
2017410157457,1,9,0,18,9,0,0,0,1,0,4,1,2,2,44,7,998,1,18,3,1,3
2017410157457,2,9,0,2,9,0,0,0,0,0,3,1,6,1,26,6,1598,2,4,-1,-1,-1
2017410157457,3,9,0,2,9,0,0,0,0,0,2,1,6,3,-1,-1,-1,-1,-1,-1,-1,-1
2017410157465,1,9,0,18,0,0,0,0,0,0,1,1,2,2,55,8,973,1,15,10,1,10
2017410157465,2,9,0,4,0,0,0,0,0,0,2,1,2,2,30,6,1598,1,1,7,1,7
2017410157465,3,9,0,18,0,0,0,0,0,0,1,1,2,2,50,8,1598,1,8,7,1,7
2017410157465,4,9,0,4,0,0,0,0,0,0,2,1,2,2,55,8,1242,1,12,10,1,10
2017410157465,5,9,0,4,0,0,0,0,0,0,2,1,1,1,22,5,1499,2,1,5,1,5
2017410157465,6,9,0,4,0,0,0,0,0,0,2,1,5,2,39,7,2400,2,4,3,1,3
2017410157465,7,9,0,11,0,0,0,0,0,0,0,1,6,3,-1,-1,-1,-1,-1,-1,-1,-1
2017410157491,1,9,0,13,0,1,0,0,0,0,4,1,6,1,-1,-1,-1,-1,-1,-1,-1,-1
2017410157491,2,1,0,18,0,1,0,0,0,0,3,1,5,1,12,3,-1,-1,-1,6,1,6
2017410157509,1,9,0,18,0,0,0,0,0,0,1,1,2,2,45,7,2199,2,7,-1,-1,-1
2017410157509,2,9,0,4,0,0,0,0,0,0,2,1,2,1,36,7,2979,1,13,3,1,3
2017410157509,3,9,0,4,0,0,0,0,0,0,2,1,2,1,36,7,1968,2,7,3,1,3
2017410157525,1,9,0,17,0,0,0,10,7,4,1,1,5,2,32,6,2143,2,1,7,3,7
2017410157556,1,19,0,5,0,4,0,0,0,0,1,1,1,1,36,7,2143,2,5,3,1,3
2017410157565,1,1,0,18,9,1,0,0,0,0,1,1,6,1,-1,-1,-1,-1,-1,-1,-1,-1
2017410157591,1,21,0,18,0,0,1,0,0,0,1,1,1,1,36,7,12777,2,4,2,1,2
2017410157591,2,19,0,18,0,0,0,0,0,0,2,1,1,1,54,8,1399,2,7,7,1,7
2017410157706,1,19,0,18,0,0,0,0,0,0,3,1,2,1,37,7,2198,2,9,10,1,10
2017410157724,1,9,0,18,0,0,1,0,0,0,1,1,5,1,17,4,1595,1,9,7,1,7
2017410157724,2,9,0,18,0,0,0,0,0,0,1,1,5,2,40,7,1396,1,8,5,3,5
2017410157724,3,9,0,3,0,0,0,0,0,0,2,1,5,1,37,7,1598,1,12,8,3,8
2017410157724,4,9,0,3,0,0,0,0,1,0,2,1,5,1,33,6,2143,2,2,5,1,5
2017410157784,1,9,0,17,0,0,2,0,1,0,4,1,5,1,18,4,973,1,16,10,3,10
2017410157825,1,9,0,5,0,0,0,0,0,0,1,1,6,1,-1,-1,-1,-1,-1,-1,-1,-1
2017410157830,1,9,0,18,0,0,0,0,0,0,1,1,2,1,26,6,-1,-1,-1,9,1,9
2017410157830,2,9,0,3,0,0,0,0,0,0,2,1,2,2,53,8,1798,1,14,5,1,5
2017410157830,3,9,0,3,0,0,0,0,0,0,2,1,2,1,60,9,1461,2,3,-1,-1,-1
2017410157859,1,9,0,16,0,4,0,0,0,0,2,1,2,2,34,6,1596,1,11,7,1,7
2017410157859,2,9,0,5,0,4,0,0,0,0,1,1,6,1,62,9,1198,1,15,10,2,10
2017410157865,1,9,0,18,0,1,0,0,0,0,1,1,5,1,-1,-1,1896,2,15,6,1,6
2017410157865,2,9,0,3,0,1,0,0,0,0,2,1,5,2,25,5,1242,1,7,2,1,2
2017410157867,1,9,0,18,0,0,0,0,0,0,4,1,2,1,38,7,2171,1,15,8,1,8
2017410157898,1,9,0,18,0,8,0,0,0,0,1,1,6,1,40,7,2993,2,5,6,1,6
2017410157898,2,9,0,9,0,6,0,0,1,1,3,1,6,1,79,11,1796,1,13,4,1,4
2017410157926,1,9,0,17,0,1,0,0,0,0,4,1,5,2,28,6,1242,1,5,7,1,7
2017410157962,1,9,0,18,0,0,0,0,0,0,1,1,5,2,74,10,1497,8,5,7,1,7
2017410157962,2,9,0,18,0,0,0,0,0,0,2,1,5,2,59,9,-1,-1,-1,9,1,9
2017410157966,1,9,0,4,0,4,1,0,0,0,1,1,5,2,49,8,1598,1,14,8,1,8
2017410157966,2,9,0,4,0,4,1,0,0,0,0,1,5,2,43,7,2204,2,8,9,1,9
2017410158009,1,9,0,9,0,8,0,0,0,0,1,1,6,1,30,6,1200,1,14,-1,-1,-1
2017410158009,2,9,0,9,0,8,0,0,0,0,3,1,2,2,27,6,1461,2,4,4,1,4
2017410158147,1,9,0,18,0,0,0,0,0,0,0,1,5,1,58,9,1999,2,1,9,1,9
2017410158147,2,1,0,18,0,0,5,0,0,0,0,1,5,1,13,3,-1,-1,-1,-1,-1,-1
2017410158159,1,9,0,18,0,0,0,0,1,0,1,1,5,2,26,6,1248,2,6,9,1,9
2017410158346,1,9,0,16,0,0,1,0,7,0,3,1,1,2,34,6,1998,1,1,10,1,10
2017410158495,1,9,0,9,0,5,0,0,0,0,3,1,2,1,37,7,2000,2,6,6,1,6
2017410158495,2,1,0,18,0,1,0,0,0,0,1,1,2,1,59,9,-1,-1,-1,9,1,9
2017410158586,1,9,0,9,0,8,0,0,0,0,1,1,1,1,-1,-1,-1,-1,-1,7,1,7
2017410158586,2,9,0,7,0,1,0,0,0,0,3,1,6,2,43,7,2000,2,9,9,3,9
2017410158920,1,9,0,18,0,0,2,0,7,0,1,1,2,1,17,4,1229,1,11,8,3,8
2017410158938,1,9,0,18,0,1,0,0,0,0,1,1,5,1,33,6,1240,1,14,9,1,9
2017410158938,2,9,0,9,0,8,0,0,0,0,4,1,5,2,23,5,1397,1,8,10,1,10
2017410158982,1,9,0,5,0,1,0,0,0,0,1,1,3,2,45,7,2143,2,5,9,1,9
2017410158982,2,1,0,18,0,1,0,0,0,0,1,1,4,1,15,3,-1,-1,-1,3,1,3
2017410158988,1,9,0,12,0,0,1,0,0,0,1,1,6,1,42,7,2993,2,1,10,2,10
2017410158988,2,9,0,18,0,0,0,0,0,0,1,1,6,1,45,7,1363,2,15,1,1,1
2017410158988,3,9,0,18,0,0,0,0,0,0,4,1,6,1,43,7,1968,2,12,1,1,1
2017410158988,4,9,0,18,0,0,0,0,0,0,4,1,6,2,36,7,1197,1,2,10,2,10
2017410159000,1,9,0,18,0,1,0,0,0,0,1,1,5,1,51,8,796,1,16,-1,-1,-1
2017410159000,2,9,0,9,0,8,0,0,0,0,4,1,5,1,21,5,1596,1,18,4,1,4
2017410159049,1,9,0,9,0,8,0,0,0,0,1,1,5,1,40,7,1849,2,2,5,1,5
2017410159049,2,9,0,18,0,8,0,0,0,0,1,1,5,1,56,9,1368,1,10,4,1,4
2017410159067,1,9,0,18,0,0,0,4,0,0,1,1,1,1,76,11,1396,1,18,-1,-1,-1
2017410159067,2,98,0,2,0,0,0,0,0,0,2,1,6,1,55,8,-1,-1,-1,-1,-1,-1
2017410159095,1,98,1,12,0,0,0,0,0,0,3,1,1,3,41,7,-1,-1,-1,-1,-1,-1
2017410159095,2,9,0,18,0,0,1,0,0,0,4,1,5,1,66,10,1490,1,10,7,1,7
2017410159095,3,9,0,18,0,0,0,0,0,0,3,1,5,1,47,8,2495,2,20,10,1,10
2017410159168,1,9,0,9,0,6,0,0,0,0,3,1,6,2,48,8,989,1,11,-1,-1,-1
2017410159168,2,3,0,14,0,8,0,0,0,0,4,1,2,1,17,4,124,1,4,7,1,7
2017410159219,1,9,0,18,0,0,5,0,1,0,1,1,5,1,28,6,1995,2,11,3,1,3
2017410159219,2,9,0,3,0,0,0,0,0,0,2,1,1,1,49,8,1598,2,2,4,1,4
2017410159238,1,9,0,1,0,0,0,0,0,0,2,1,6,2,-1,-1,1398,1,1,5,1,5
2017410159238,2,9,0,3,0,0,0,0,0,0,3,1,6,1,31,6,1968,2,10,7,1,7
2017410159329,1,9,0,7,0,1,0,0,0,0,4,1,6,3,-1,-1,-1,-1,-1,-1,-1,-1
2017410159329,2,1,0,18,0,8,0,0,0,0,1,1,1,1,43,7,-1,-1,-1,10,1,10
2017410159404,1,9,0,18,0,0,1,0,0,0,1,1,6,2,36,7,1968,2,10,9,1,9
2017410159520,1,9,0,7,0,4,0,0,0,0,1,1,6,2,53,8,1198,1,9,9,1,9
2017410159520,2,1,0,18,0,8,0,0,0,0,4,1,6,1,48,8,-1,-1,-1,7,1,7
2017410159520,3,9,0,7,0,4,0,0,0,0,1,1,6,1,35,6,1896,2,12,6,1,6
2017410159619,1,9,0,16,0,0,5,0,1,11,1,1,5,1,20,4,1596,1,12,7,1,7
2017410159692,1,-1,0,18,0,3,0,0,0,0,1,1,6,3,-1,-1,-1,-1,-1,-1,-1,-1
2017410159692,2,3,0,18,0,3,1,0,0,0,2,1,2,1,34,6,124,1,3,7,1,7
2017410159705,1,9,0,18,0,1,0,0,0,0,1,1,6,3,-1,-1,1968,2,7,-1,-1,-1
2017410159705,2,9,0,3,0,1,0,0,0,0,2,1,5,2,28,6,2616,1,11,6,1,6
2017410159885,1,9,0,18,0,0,0,0,0,0,1,1,5,1,26,6,1995,2,6,5,1,5
2017410159885,2,9,0,4,0,0,0,0,0,0,1,1,6,1,30,6,2268,2,2,7,1,7