Accident_Index,Vehicle_Reference,Vehicle_Type,Towing_and_Articulation,Vehicle_Manoeuvre,Vehicle_Location-Restricted_Lane,Junction_Location,Skidding_and_Overturning,Hit_Object_in_Carriageway,Vehicle_Leaving_Carriageway,Hit_Object_off_Carriageway,1st_Point_of_Impact,Was_Vehicle_Left_Hand_Drive?,Journey_Purpose_of_Driver,Sex_of_Driver,Age_of_Driver,Age_Band_of_Driver,Engine_Capacity_(CC),Propulsion_Code,Age_of_Vehicle,Driver_IMD_Decile,Driver_Home_Area_Type,Vehicle_IMD_Decile
2017410167437,2,9,0,18,0,0,0,0,0,0,1,1,2,1,58,9,1910,2,11,-1,-1,-1
2017410167470,1,9,0,18,0,2,5,0,5,6,3,1,5,2,43,7,1598,1,12,4,1,4
2017410167480,1,9,0,18,0,1,0,0,0,0,1,1,6,2,48,8,1388,1,6,6,2,6
2017410167496,1,9,0,16,0,1,0,0,0,0,1,1,5,1,69,10,1968,2,9,10,1,10
2017410167496,2,9,0,16,0,4,0,0,0,0,2,1,5,1,17,4,1560,2,2,7,1,7
2017410167604,1,9,0,4,0,0,0,0,0,0,2,1,6,1,39,7,1798,8,3,1,1,1
2017410167604,2,9,0,18,0,0,0,0,0,0,1,1,6,2,21,5,1086,1,12,7,1,7
2017410167611,1,9,0,12,0,1,0,0,0,0,3,1,1,1,24,5,-1,-1,-1,2,1,2
2017410167611,2,9,0,18,0,1,0,0,0,0,3,1,5,2,75,10,1248,1,2,5,1,5
2017410167621,1,9,0,18,0,0,0,0,0,0,4,1,6,1,52,8,-1,-1,-1,9,1,9
2017410167621,2,9,0,18,0,0,0,0,0,0,3,1,6,1,58,9,2000,1,11,10,2,10
2017410167621,3,9,0,18,0,0,0,0,0,0,3,1,6,1,64,9,1968,2,5,9,2,9
2017410167687,1,9,0,16,0,2,0,0,0,0,1,1,5,3,-1,-1,-1,-1,-1,-1,-1,-1
2017410167687,2,9,0,16,0,2,1,0,0,0,2,1,5,1,52,8,2982,2,2,5,1,5
2017410167687,3,9,0,16,0,2,0,0,0,0,2,1,5,1,-1,-1,1956,2,6,1,1,1
2017410167761,1,19,0,11,0,8,0,0,0,0,4,1,6,1,-1,-1,2198,2,1,4,1,4
2017410167761,2,9,0,18,0,8,0,0,0,0,3,1,6,2,46,8,1248,1,3,6,1,6
2017410167778,1,9,0,18,0,0,1,0,0,0,1,1,2,2,48,8,1299,1,15,4,1,4
2017410167778,2,9,0,4,0,0,0,0,0,0,2,1,6,3,-1,-1,-1,-1,-1,-1,-1,-1
2017410167803,1,9,0,18,0,8,0,0,0,0,1,1,6,2,-1,-1,1895,1,17,4,1,4
2017410167803,2,9,0,18,0,8,0,0,0,0,2,1,6,3,-1,-1,-1,-1,-1,-1,-1,-1
2017410167803,3,9,0,18,0,8,0,0,0,0,2,1,6,1,38,7,1598,1,10,2,1,2
2017410167803,4,5,0,18,0,8,0,0,0,0,1,1,6,1,54,8,998,1,18,2,1,2
2017410167852,1,9,0,18,0,0,1,0,5,6,1,1,5,2,28,6,1560,2,4,9,1,9
2017410167880,1,9,0,17,0,0,5,0,7,11,1,1,5,1,18,4,1242,1,15,7,1,7
2017410167895,1,1,0,18,0,1,0,0,0,0,1,1,5,1,10,2,-1,-1,-1,7,1,7
2017410167895,2,9,0,18,0,1,0,0,0,0,4,1,2,1,32,6,-1,-1,-1,5,1,5
2017410167920,1,9,0,18,0,0,2,0,7,7,1,1,5,2,23,5,1364,1,12,10,1,10
2017410168026,1,8,0,18,0,8,0,0,0,0,1,1,5,1,73,10,2402,2,15,5,1,5
2017410168026,2,9,0,4,0,8,0,0,0,0,2,1,5,1,71,10,1796,1,6,6,1,6
2017410168062,1,9,0,5,0,4,0,0,0,0,1,1,2,2,17,4,1149,1,3,6,1,6
2017410168062,2,9,0,4,0,4,0,0,0,0,2,1,2,2,43,7,1598,1,14,6,1,6
2017410168099,1,9,0,18,0,2,0,0,0,0,1,1,6,1,-1,-1,-1,-1,-1,3,1,3
2017410168147,1,9,0,18,0,8,0,0,0,0,3,1,5,2,21,5,1242,1,6,7,1,7
2017410168147,2,9,0,18,0,3,0,0,0,0,4,1,5,2,42,7,2996,1,10,3,1,3
2017410168180,1,9,0,11,0,1,0,0,0,0,2,1,3,2,46,8,1995,2,7,9,2,9
2017410168180,2,1,0,18,0,1,0,0,0,0,1,1,6,1,45,7,-1,-1,-1,7,1,7
2017410168211,1,9,0,18,0,4,0,0,0,0,1,1,6,2,-1,-1,1388,1,6,-1,-1,-1
2017410168211,2,98,0,18,0,8,0,0,0,0,1,1,1,1,49,8,-1,-1,-1,6,1,6
2017410168284,1,9,0,12,0,0,0,0,5,6,1,1,5,2,30,6,1197,1,-1,6,1,6
2017410168327,1,9,0,18,0,0,5,0,1,0,1,1,2,2,25,5,1242,1,4,9,1,9
2017410168334,1,9,0,4,0,0,0,0,0,0,3,1,6,1,35,6,1956,2,6,-1,-1,-1
2017410168334,2,9,0,4,0,0,1,0,4,6,3,1,6,1,61,9,999,1,1,10,2,10
2017410168334,3,9,0,18,0,0,1,0,0,0,4,1,6,2,30,6,2179,2,4,-1,-1,-1
2017410168334,4,9,0,18,0,0,1,0,0,0,1,1,6,1,38,7,-1,-1,-1,9,1,9
2017410168371,1,98,1,18,0,1,0,0,0,0,1,1,6,3,-1,-1,-1,-1,-1,-1,-1,-1
2017410168371,2,9,0,18,0,1,0,0,0,0,2,1,6,2,40,7,1598,1,14,10,1,10
2017410168403,1,9,0,13,0,0,0,0,0,0,3,1,5,2,40,7,2261,1,8,7,1,7
2017410168403,2,8,0,5,0,0,0,0,7,11,1,1,1,1,29,6,1798,8,5,7,1,7
2017410168403,3,9,0,2,0,0,0,4,0,0,3,1,5,2,35,6,1560,2,5,4,1,4
2017410168403,4,90,5,18,0,0,0,0,0,0,0,1,5,1,42,7,-1,-1,-1,7,1,7
2017410168403,5,9,0,2,0,0,0,0,0,0,1,1,6,1,67,10,2199,2,4,5,1,5
2017410168494,1,9,0,5,0,4,0,0,0,0,4,1,6,2,-1,-1,-1,-1,-1,-1,-1,-1
2017410168622,1,9,0,9,0,0,0,0,0,0,4,1,6,1,27,6,1397,1,13,8,3,8
2017410168622,2,9,0,3,0,0,0,0,0,0,1,1,6,1,20,4,1242,1,4,7,1,7
2017410168631,1,9,0,17,0,8,1,0,1,7,1,1,6,1,40,7,-1,-1,-1,7,1,7
2017410168720,1,1,0,18,0,3,0,0,0,0,1,1,2,1,38,7,-1,-1,-1,4,1,4
2017410168720,2,19,0,3,0,3,0,0,0,0,2,1,5,1,32,6,2148,2,9,5,1,5
2017410168730,1,9,0,18,0,0,0,0,0,0,1,1,6,1,70,10,1591,1,5,10,2,10
2017410168730,2,19,0,2,0,0,0,0,0,0,1,1,6,3,-1,-1,1248,2,6,-1,-1,-1
2017410168772,1,9,0,18,0,1,0,0,0,0,1,1,6,2,22,5,1248,1,1,10,1,10
2017410168772,2,9,0,3,0,1,0,0,0,0,2,1,6,2,33,6,1199,1,14,6,1,6
2017410168804,1,9,0,14,0,1,0,0,0,0,1,1,2,1,25,5,1968,2,10,8,1,8
2017410168897,1,3,0,9,0,8,1,0,0,0,3,1,5,1,20,4,125,1,17,6,3,6
2017410168897,2,3,0,18,0,1,1,0,0,0,1,1,5,1,20,4,125,1,-1,5,1,5
2017410168912,1,9,0,18,0,0,2,0,5,6,1,1,6,1,37,7,1587,1,12,5,1,5
2017410168991,1,9,0,18,0,0,1,0,0,0,1,1,6,1,37,7,2143,2,6,10,1,10
2017410168991,2,19,0,18,0,0,1,0,0,0,1,1,1,2,-1,-1,1560,2,4,5,1,5
2017410168991,3,9,0,3,0,0,0,0,0,0,2,1,1,2,49,8,1386,1,9,4,1,4
2017410169018,1,19,0,18,0,2,0,0,0,0,1,1,2,1,53,8,2198,2,4,10,1,10
2017410169123,1,9,0,9,0,4,0,0,0,0,3,1,5,1,45,7,1461,2,7,6,1,6
2017410169123,2,1,0,18,0,8,0,0,0,0,1,1,6,1,55,8,-1,-1,-1,10,1,10
2017410169150,1,9,0,18,0,0,0,0,2,0,1,1,5,1,52,8,-1,-1,-1,6,1,6
2017410169150,2,9,0,18,0,0,0,0,0,0,1,1,5,1,19,4,1198,1,8,10,1,10
2017410169370,1,5,0,3,0,0,5,0,0,0,4,1,6,1,28,6,649,1,3,3,1,3
2017410169370,2,9,0,18,0,0,0,0,0,0,1,1,6,3,-1,-1,-1,-1,-1,-1,-1,-1
2017410169426,1,19,0,18,0,0,0,0,0,0,1,1,6,1,-1,-1,1560,2,1,6,1,6
2017410169426,2,9,0,4,0,0,0,0,0,0,2,1,5,1,67,10,1998,1,13,6,1,6
2017410169428,1,9,0,15,0,0,2,0,5,6,1,1,6,1,39,7,2979,1,14,-1,-1,-1
2017410169575,1,9,0,5,0,0,0,0,0,0,4,1,5,2,25,5,-1,-1,-1,-1,-1,-1
2017410169575,2,9,0,5,0,0,0,0,0,0,1,1,5,1,48,8,2143,2,2,10,1,10
2017410169644,1,9,0,14,0,0,0,0,0,0,4,1,6,3,-1,-1,-1,-1,-1,-1,-1,-1
2017410169693,1,9,0,9,0,3,0,0,1,2,4,1,2,1,35,6,1968,2,10,2,1,2
2017410169693,2,9,0,7,0,4,0,0,0,0,1,1,2,1,26,6,1997,1,13,7,1,7
2017410169769,1,8,0,1,0,0,0,0,0,0,2,1,1,1,53,8,1798,8,4,3,1,3
2017410169779,1,9,0,14,0,0,0,0,0,0,4,1,5,2,45,7,1685,2,6,6,1,6
2017410169796,1,9,0,9,0,8,0,0,0,0,3,1,6,1,45,7,1968,2,1,9,1,9
2017410169796,2,5,0,18,0,3,1,0,0,0,4,1,6,1,38,7,599,1,13,5,3,5
2017410169808,1,19,0,18,0,0,1,0,1,10,1,1,1,1,32,6,1995,2,-1,5,1,5
2017410169808,2,9,0,10,0,0,0,0,0,0,2,1,5,2,21,5,1199,1,15,9,3,9
2017410169879,1,9,0,18,0,0,0,0,0,0,4,1,6,1,-1,-1,-1,-1,-1,-1,-1,-1
2017410169881,1,9,0,18,0,0,0,0,4,2,1,1,5,1,-1,-1,2987,2,3,9,1,9
2017410169883,1,9,0,18,0,1,0,0,0,0,1,1,5,1,75,10,1598,1,3,6,1,6
2017410169883,2,9,0,3,0,8,0,0,0,0,2,1,5,1,23,5,1598,2,2,9,3,9
2017410169923,1,19,0,18,0,0,0,0,0,0,1,1,5,1,48,8,1868,2,16,-1,-1,-1
2017410169923,2,19,0,3,0,0,0,0,0,0,2,1,5,1,26,6,1968,2,1,9,2,9
2017410169923,3,19,0,3,0,0,0,0,0,0,2,1,5,1,29,6,2500,2,9,3,1,3
2017410169947,1,9,0,12,0,0,0,0,7,11,3,1,6,1,20,4,-1,-1,-1,2,1,2
2017410169947,2,9,0,18,0,0,0,0,1,0,3,1,6,2,26,6,1527,2,16,9,1,9
2017410169947,3,9,0,18,0,0,0,0,0,0,3,1,6,2,55,8,1240,1,13,5,3,5
2017410169974,1,9,0,15,0,1,0,0,1,0,1,1,5,1,19,4,1242,1,2,9,1,9
2017410169974,2,21,1,7,0,8,0,0,0,0,4,1,1,1,51,8,16400,2,-1,-1,2,-1
2017410169976,1,9,0,18,0,0,0,0,0,0,1,1,1,1,27,6,1896,2,11,9,2,9
2017410169976,2,9,0,3,0,0,0,0,0,0,2,1,6,2,60,9,1499,2,4,10,1,10
2017410169976,3,11,0,18,0,0,0,0,0,0,1,1,1,1,28,6,9000,2,14,3,1,3
2017410170097,1,9,0,18,0,0,0,0,0,0,1,1,5,3,-1,-1,-1,-1,-1,-1,-1,-1
2017410170097,2,1,0,18,0,0,5,0,0,0,3,1,6,1,35,6,-1,-1,-1,-1,-1,-1
2017410170101,1,9,0,18,0,2,0,0,0,0,1,1,5,2,52,8,998,1,15,9,1,9
2017410170101,2,9,0,18,0,1,0,0,0,0,1,1,6,2,48,8,1998,1,5,7,1,7
2017410170105,1,8,0,18,0,2,0,0,0,0,4,1,1,1,52,8,1798,8,1,4,1,4
2017410170105,2,9,0,18,0,8,0,0,0,0,1,1,1,1,32,6,2143,12,4,3,1,3
2017410170136,1,9,-1,-1,-1,0,-1,-1,-1,0,-1,1,5,2,80,11,-1,-1,-1,6,1,6
2017410170136,2,1,-1,-1,-1,0,-1,-1,-1,0,-1,1,5,1,41,7,-1,-1,-1,6,1,6
2017410170175,1,9,0,11,0,1,0,0,0,0,4,1,6,3,-1,-1,1995,1,9,-1,-1,-1
2017410170175,2,9,0,18,0,1,0,0,0,0,3,1,2,1,50,8,1598,1,13,2,1,2
2017410170175,3,21,1,18,0,1,0,0,0,0,3,1,1,1,-1,-1,12419,2,5,-1,-1,-1
2017410170298,1,9,0,9,0,8,0,0,3,0,1,1,6,1,79,11,2967,1,16,10,1,10
2017410170367,1,11,0,7,0,8,0,0,0,0,4,1,1,1,62,9,6700,2,8,8,2,8
2017410170417,1,9,0,9,0,6,0,0,0,0,1,1,6,1,63,9,1995,2,2,8,1,8
2017410170417,2,1,0,3,0,8,5,0,0,0,3,1,6,2,64,9,-1,-1,-1,10,1,10
2017410170577,1,9,0,16,0,1,0,0,0,0,1,1,6,3,-1,-1,-1,-1,-1,-1,-1,-1
2017410170577,2,9,0,3,0,1,0,0,0,0,2,1,6,1,-1,-1,1595,1,14,2,1,2
2017410170638,1,9,0,7,0,3,1,0,1,3,4,1,6,1,21,5,1896,2,15,6,1,6
2017410170665,1,9,0,7,0,6,1,0,1,2,1,1,6,3,-1,-1,1598,2,2,-1,-1,-1
2017410170665,2,9,0,18,0,8,0,0,1,0,1,1,5,1,28,6,1197,1,-1,9,1,9
2017410170688,1,9,0,4,0,0,0,0,0,0,1,1,1,1,38,7,1968,2,3,-1,-1,-1
2017410170688,2,9,0,1,0,0,0,0,0,0,2,1,1,1,29,6,-1,-1,-1,4,1,4
2017410170697,1,19,0,5,0,1,0,0,0,0,1,1,1,1,52,8,2198,2,2,9,2,9
2017410170697,2,9,0,3,0,1,0,0,0,0,2,1,5,2,36,7,1598,1,11,4,1,4
2017410170756,1,5,0,9,0,3,0,0,0,0,1,1,2,1,26,6,689,1,2,4,1,4
2017410170777,1,9,0,7,0,6,0,0,0,0,2,1,5,2,73,10,1598,1,-1,10,1,10
2017410170777,2,9,0,18,0,1,0,0,0,0,1,1,2,1,35,6,1995,2,5,8,1,8
2017410170783,1,9,0,18,0,0,1,0,1,0,1,1,6,2,42,7,1587,1,11,4,1,4
2017410170812,1,19,0,5,0,4,0,0,0,0,1,1,2,1,23,5,2198,2,1,9,1,9
2017410170812,2,9,0,4,0,4,0,0,0,0,2,1,2,1,55,8,2720,2,9,6,1,6
2017410170824,1,9,0,4,0,0,0,0,0,0,1,1,6,3,-1,-1,-1,-1,-1,-1,-1,-1
2017410170824,2,1,0,18,0,0,0,0,0,0,3,1,6,1,13,3,-1,-1,-1,6,1,6
2017410170834,1,9,0,9,0,6,0,0,0,0,1,1,5,1,52,8,1390,1,10,9,1,9
2017410170834,2,5,0,17,0,8,0,0,0,0,4,1,5,1,30,6,599,1,7,9,1,9
2017410170840,1,19,0,4,0,1,0,0,0,0,1,1,6,1,63,9,1868,2,14,8,1,8
2017410170840,2,9,0,10,0,1,0,0,0,0,2,1,3,1,40,7,1956,2,3,6,1,6
2017410170852,1,9,0,3,0,1,0,0,0,0,2,1,5,1,50,8,1199,1,17,-1,-1,-1
2017410170852,2,9,0,18,0,1,0,0,0,0,1,1,6,2,51,8,1498,1,2,2,1,2
2017410170890,1,9,0,5,0,1,5,0,0,0,4,1,2,2,54,8,1242,1,5,7,1,7
2017410170890,2,9,0,18,0,1,0,0,0,0,1,1,2,2,27,6,1598,1,8,7,1,7
2017410170895,1,9,0,18,0,0,0,4,0,0,1,1,5,1,31,6,998,1,12,5,1,5
2017410170895,2,90,0,2,0,0,0,0,0,0,2,1,1,1,37,7,-1,-1,-1,2,1,2
2017410170944,1,9,0,5,0,0,0,0,0,0,1,1,2,2,36,7,1328,1,14,8,1,8
2017410170944,2,5,0,18,0,0,5,0,7,0,1,1,2,1,48,8,645,1,17,6,1,6
2017410171010,1,9,0,4,0,1,0,0,0,0,1,1,5,1,67,10,1360,1,16,7,1,7
2017410171010,2,9,0,3,0,1,0,0,0,0,2,1,1,1,42,7,998,1,15,6,3,6
2017410171010,3,9,0,3,0,1,0,0,0,0,2,1,5,2,47,8,1248,1,8,7,1,7
2017410171052,1,9,0,16,0,0,0,0,0,0,1,1,5,2,25,5,1390,1,15,6,1,6
2017410171052,2,9,0,17,0,0,0,0,0,0,1,1,6,1,55,8,1332,1,20,-1,-1,-1
2017410171181,1,9,0,16,0,5,2,0,8,7,1,1,6,2,25,5,995,1,10,2,1,2
2017410171206,1,19,0,9,0,8,0,0,0,0,1,1,1,1,29,6,2298,2,2,-1,-1,-1
2017410171206,2,5,0,18,0,8,0,0,0,0,4,1,2,1,30,6,649,1,8,-1,-1,-1
2017410171257,1,9,0,18,0,0,0,0,0,0,1,1,6,1,40,7,1896,2,19,2,1,2
2017410171257,2,9,0,3,0,0,0,0,0,0,2,1,6,2,78,11,-1,-1,-1,4,1,4
2017410171274,1,19,0,5,0,4,0,0,0,0,1,1,6,1,-1,-1,2402,2,7,6,3,6
2017410171274,2,9,0,3,0,4,0,0,0,0,2,1,6,1,48,8,1364,2,8,10,1,10
2017410171487,1,9,0,18,0,0,0,0,5,4,1,1,2,2,18,4,998,1,9,3,1,3
2017410171571,1,9,0,12,0,0,0,0,0,0,1,1,6,2,58,9,1598,1,11,7,1,7
2017410171571,2,9,0,18,0,0,0,0,7,9,3,1,3,2,39,7,1497,8,5,8,2,8
2017410171571,3,9,0,18,0,0,0,0,0,0,1,1,6,1,32,6,2143,2,2,9,1,9
2017410171571,4,9,0,4,0,0,0,0,0,0,2,1,6,2,38,7,1560,2,6,6,1,6
2017410171571,5,9,0,18,0,0,0,0,0,0,1,1,6,3,-1,-1,-1,-1,-1,-1,-1,-1
2017410171641,1,9,0,9,0,3,0,0,0,0,3,1,5,1,36,7,1246,1,11,-1,-1,-1
2017410171791,1,9,0,18,0,1,0,0,0,0,1,1,6,3,-1,-1,-1,-1,-1,-1,-1,-1
2017410171791,2,9,0,18,0,1,1,0,1,0,2,1,2,1,61,9,1968,2,4,10,1,10
2017410171791,3,9,0,18,0,1,1,0,1,7,3,1,6,1,54,8,-1,-1,-1,10,1,10
2017410171977,1,9,0,18,0,4,2,0,3,4,1,1,6,1,24,5,1618,1,2,4,1,4
2017410172120,1,9,0,18,0,0,0,0,0,0,1,1,5,2,74,10,1796,1,10,10,3,10
2017410172120,2,9,0,3,0,0,0,0,0,0,2,1,5,2,34,6,1997,2,4,3,1,3
2017410172120,3,9,0,3,0,0,0,0,0,0,2,1,5,2,51,8,-1,-1,-1,10,2,10
2017410172353,1,9,0,3,9,0,0,0,0,0,4,1,5,2,23,5,1461,2,2,5,1,5
2017410172353,2,1,0,18,9,0,0,0,0,0,1,1,2,1,30,6,-1,-1,-1,3,1,3
2017410172393,1,9,0,18,0,0,0,0,0,0,3,1,6,1,63,9,2993,2,4,9,3,9
2017410172469,1,9,0,18,0,0,1,4,0,0,1,1,5,1,25,5,1998,2,11,4,1,4
2017410172469,2,9,0,2,0,0,0,4,0,0,4,1,6,3,-1,-1,-1,-1,-1,-1,-1,-1
2017410172469,3,9,0,2,0,0,0,0,0,0,4,1,6,3,-1,-1,-1,-1,-1,-1,-1,-1
2017410172478,1,5,0,18,0,1,5,0,0,0,0,1,5,1,47,8,-1,-1,-1,3,1,3
2017410172478,2,9,0,4,0,1,0,0,0,0,0,1,6,3,-1,-1,-1,-1,-1,-1,-1,-1
2017410172517,1,9,0,18,0,0,0,0,0,0,1,1,6,3,-1,-1,-1,-1,-1,-1,-1,-1
2017410172523,1,9,0,18,0,1,0,0,0,0,1,1,1,2,45,7,1968,2,1,8,1,8
2017410172523,2,9,0,3,0,1,0,0,0,0,2,1,1,1,40,7,698,1,14,6,1,6
2017410172553,1,9,0,4,0,0,0,0,0,0,2,1,5,2,51,8,1998,1,9,6,1,6
2017410172553,2,9,0,18,0,0,0,0,0,0,1,1,5,1,30,6,1988,1,13,5,1,5
2017410172553,3,9,0,18,0,0,0,0,0,0,1,1,5,1,39,7,1968,2,1,8,2,8
2017410172553,4,98,0,18,0,0,0,0,0,0,0,1,1,3,-1,-1,-1,-1,-1,-1,-1,-1
2017410172764,1,9,0,18,0,0,0,0,0,0,1,1,2,2,37,7,1399,2,5,4,1,4
2017410172764,2,9,0,4,0,0,0,0,0,0,2,1,2,1,44,7,1995,2,5,8,2,8
2017410172764,3,9,0,4,0,0,0,0,0,0,2,1,6,1,69,10,2179,2,3,7,3,7
2017410172771,1,9,0,9,0,8,0,0,0,0,3,1,1,2,47,8,1399,1,1,8,1,8
2017410172771,2,9,0,18,0,1,0,0,0,0,1,1,1,1,20,4,1242,1,7,6,1,6
2017410172826,1,9,0,3,0,1,0,0,0,0,2,1,6,1,50,8,1997,1,10,8,1,8
2017410172826,2,9,0,4,0,1,0,0,0,0,1,1,6,2,54,8,2987,2,8,8,1,8
2017410172864,1,9,0,18,0,0,0,0,0,0,1,1,5,1,72,10,2477,2,13,9,1,9
2017410172909,1,9,0,9,0,2,0,0,0,0,3,1,5,1,58,9,2793,1,17,10,1,10
2017410172909,2,9,0,18,0,1,0,0,0,0,1,1,5,2,55,8,996,1,5,6,2,6
2017410172939,1,2,0,18,0,1,5,0,0,0,1,1,6,1,16,4,50,1,1,5,1,5
2017410172939,2,8,0,6,0,1,0,0,0,0,3,1,6,1,45,7,2148,2,11,5,1,5
2017410172957,1,9,0,16,9,0,0,0,1,0,4,1,5,1,44,7,2429,1,14,6,1,6
2017410172972,1,9,0,18,0,0,0,0,0,0,1,1,6,1,45,7,2979,1,9,-1,-1,-1
2017410172972,2,1,0,4,0,0,0,0,0,0,2,1,6,1,12,3,-1,-1,-1,5,1,5
2017410172993,1,19,0,12,0,1,0,0,0,0,1,1,6,1,-1,-1,1868,2,16,-1,-1,-1
2017410172993,2,9,0,18,0,2,0,0,0,0,3,1,3,1,51,8,1968,2,2,4,1,4
2017410173364,1,9,0,18,0,0,5,0,1,11,1,1,5,1,35,6,1199,1,14,2,1,2
2017410173393,1,9,0,4,0,1,0,0,0,0,1,1,6,2,50,8,1242,1,8,7,1,7
2017410173393,2,9,0,4,0,4,0,0,0,0,2,1,6,2,31,6,1490,1,11,9,3,9
2017410173415,1,9,0,10,0,0,0,0,0,0,2,1,6,2,52,8,-1,-1,-1,9,1,9
2017410173415,2,9,0,18,0,0,0,0,0,0,1,1,6,2,62,9,1388,1,13,4,1,4
2017410173415,3,9,0,18,0,0,0,0,0,0,1,1,6,1,64,9,1997,2,13,9,1,9
2017410173432,1,1,0,18,0,8,5,0,0,0,1,1,6,1,-1,-1,-1,-1,-1,-1,-1,-1
2017410173432,2,9,0,5,0,4,0,0,0,0,3,1,6,1,40,7,1910,2,7,9,2,9
2017410173460,1,9,0,18,0,0,0,0,0,0,1,1,5,2,37,7,1390,2,12,10,1,10
2017410173460,2,9,0,18,0,0,0,0,0,0,3,1,5,2,31,6,1796,1,10,10,1,10
2017410173505,1,9,0,18,0,1,0,0,0,0,3,1,5,2,36,7,1197,1,1,9,1,9
2017410173505,2,9,0,13,0,1,0,0,0,0,4,1,6,1,-1,-1,-1,-1,-1,-1,-1,-1
2017410173579,1,9,0,5,0,0,0,0,2,2,1,1,5,2,78,11,1248,1,5,10,1,10
2017410173609,1,9,0,9,0,8,0,0,0,0,3,1,2,1,44,7,1686,2,10,4,1,4
2017410173609,2,3,0,18,0,1,0,0,0,0,1,1,1,1,31,6,108,1,4,5,1,5
2017410173656,1,98,0,18,0,0,0,0,0,0,1,1,5,1,56,9,-1,-1,-1,5,1,5
2017410173656,2,19,0,18,0,0,0,0,0,0,2,1,5,1,73,10,1998,2,13,5,1,5
2017410173670,1,90,0,18,0,1,0,0,0,0,1,1,6,1,7,2,-1,-1,-1,4,1,4
2017410173670,2,9,0,18,0,1,0,0,0,0,1,1,6,1,-1,-1,-1,-1,-1,-1,-1,-1
2017410173699,1,9,0,9,0,6,0,0,0,0,3,1,2,2,46,8,1360,1,8,6,1,6
2017410173699,2,9,0,18,0,1,1,0,0,0,1,1,6,1,51,8,1598,2,-1,6,1,6
2017410173763,1,5,0,18,0,2,2,0,0,0,0,1,5,1,35,6,749,1,12,6,3,6
2017410173789,1,9,0,12,0,1,0,4,0,0,1,1,6,2,60,9,1200,1,2,5,1,5
2017410173789,2,9,0,2,0,2,0,0,0,0,1,1,6,3,-1,-1,1364,2,10,-1,-1,-1
2017410173789,3,9,0,2,0,2,0,0,0,0,1,1,6,3,-1,-1,2496,1,13,-1,-1,-1
2017410173827,1,9,0,18,0,0,0,0,0,0,1,1,2,1,29,6,-1,-1,-1,-1,-1,-1
2017410173827,2,9,0,3,0,0,0,0,0,0,2,1,2,1,49,8,1499,1,2,10,1,10
2017410173827,3,9,0,3,0,0,0,0,0,0,2,1,2,2,42,7,1798,8,2,6,1,6
2017410173827,4,9,0,3,0,0,0,0,0,0,2,1,2,1,52,8,1968,2,4,6,1,6
2017410173829,1,9,0,18,0,4,0,0,0,0,1,1,5,2,73,10,1598,1,8,10,1,10
2017410173829,2,98,0,9,0,8,0,0,0,0,1,1,1,1,29,6,-1,-1,-1,6,1,6
2017410173899,1,9,0,4,0,0,0,0,0,0,1,1,2,1,19,4,1598,2,8,10,3,10
2017410173899,2,9,0,4,0,0,0,0,0,0,2,1,2,1,42,7,1596,1,6,10,1,10
2017410173937,1,19,0,18,0,0,0,0,0,0,4,1,1,1,52,8,2198,2,8,9,1,9
2017410173937,2,9,0,4,0,0,0,0,0,0,2,1,1,1,37,7,1497,8,4,3,1,3
2017410173937,3,19,0,4,0,0,0,0,0,0,2,1,1,1,28,6,1598,2,5,9,1,9
2017410173978,1,9,0,18,0,1,0,0,0,0,1,1,6,1,47,8,1753,2,10,5,1,5
2017410173978,2,9,0,3,0,1,0,0,0,0,2,1,2,2,26,6,1197,1,1,7,1,7
2017410173998,1,9,0,11,0,0,0,0,0,0,4,1,6,1,33,6,1896,2,10,10,1,10
2017410173998,2,4,0,18,0,0,0,0,0,0,3,1,6,1,20,4,398,1,26,6,1,6
2017410174010,1,1,0,18,0,1,0,0,0,0,2,1,5,1,26,6,-1,-1,-1,7,1,7
2017410174010,2,9,0,7,0,8,0,0,0,0,1,1,5,1,45,7,-1,-1,-1,3,1,3
2017410174153,1,9,0,18,0,8,0,0,0,0,1,1,6,1,42,7,1598,1,13,-1,-1,-1
2017410174153,2,9,0,9,0,8,0,0,0,0,3,1,6,2,85,11,1240,1,7,5,1,5
2017410174244,1,5,0,14,0,0,2,0,7,0,4,1,6,1,41,7,1077,1,1,10,2,10
2017410174244,2,9,0,10,0,0,0,0,0,0,3,1,2,1,34,6,1598,1,7,6,1,6
2017410174277,1,9,0,10,0,1,0,0,0,0,2,1,2,1,27,6,1390,1,10,9,1,9
2017410174277,2,9,0,3,0,1,0,0,0,0,2,1,5,2,26,6,1390,1,3,7,2,7
2017410174277,3,9,0,18,0,1,0,0,0,0,1,1,2,1,25,5,3189,1,13,10,1,10
2017410174278,1,5,0,18,0,1,0,0,1,0,2,1,5,1,24,5,649,1,9,6,1,6
2017410174278,2,9,0,9,0,1,0,0,1,0,1,1,1,1,37,7,-1,-1,-1,-1,-1,-1
2017410174317,1,9,0,16,0,0,0,0,7,11,3,1,5,1,25,5,1598,1,12,1,1,1
2017410174565,1,9,0,1,0,0,0,0,0,0,4,1,5,2,72,10,1796,1,10,5,1,5
2017410174629,1,9,0,18,0,1,0,0,0,0,1,1,1,2,18,4,1598,1,10,7,3,7