Accident_Index,Vehicle_Reference,Vehicle_Type,Towing_and_Articulation,Vehicle_Manoeuvre,Vehicle_Location-Restricted_Lane,Junction_Location,Skidding_and_Overturning,Hit_Object_in_Carriageway,Vehicle_Leaving_Carriageway,Hit_Object_off_Carriageway,1st_Point_of_Impact,Was_Vehicle_Left_Hand_Drive?,Journey_Purpose_of_Driver,Sex_of_Driver,Age_of_Driver,Age_Band_of_Driver,Engine_Capacity_(CC),Propulsion_Code,Age_of_Vehicle,Driver_IMD_Decile,Driver_Home_Area_Type,Vehicle_IMD_Decile
2017410190163,2,9,0,18,0,3,0,0,0,0,3,1,5,1,35,6,1598,1,13,6,2,6
2017410190193,1,23,0,18,0,0,1,0,0,0,0,1,5,1,46,8,998,1,5,6,1,6
2017410190193,2,23,0,4,0,0,0,0,0,0,0,1,5,1,34,6,998,1,11,6,1,6
2017410190237,1,9,0,3,0,1,0,0,0,0,2,1,5,1,52,8,2720,2,11,8,3,8
2017410190237,2,9,0,18,0,1,0,0,0,0,1,1,2,1,51,8,-1,-1,-1,10,2,10
2017410190280,1,9,0,17,0,0,0,0,0,0,3,1,2,1,35,6,1399,2,5,5,2,5
2017410190280,2,9,0,16,0,0,0,0,0,0,3,1,2,2,49,8,1796,1,12,7,3,7
2017410190381,1,9,0,18,0,0,0,0,0,0,1,1,6,1,36,7,999,1,9,4,1,4
2017410190398,1,9,0,18,0,0,0,0,0,0,1,1,6,1,33,6,-1,-1,-1,-1,-1,-1
2017410190398,2,21,0,18,0,0,0,0,0,0,1,1,1,1,42,7,4580,2,4,5,1,5
2017410190398,3,9,0,18,0,0,0,0,0,0,1,1,4,2,31,6,1339,1,8,2,1,2
2017410190431,1,9,0,5,0,8,0,0,0,0,1,1,5,1,42,7,1197,1,6,6,2,6
2017410190431,2,9,0,18,0,8,0,0,0,0,4,1,5,1,23,5,1364,1,10,6,1,6
2017410190467,1,5,0,15,0,0,0,0,0,0,1,1,6,1,37,7,1202,1,5,7,1,7
2017410190467,2,9,0,11,0,0,0,0,0,0,2,1,5,2,44,7,-1,-1,-1,6,1,6
2017410190479,1,9,0,18,0,0,0,0,0,0,1,1,6,1,52,8,1796,1,14,8,1,8
2017410190479,2,1,0,18,0,0,0,0,0,0,3,1,4,1,14,3,-1,-1,-1,3,1,3
2017410190525,1,9,0,18,0,0,1,0,7,6,2,1,5,2,43,7,1229,1,8,3,1,3
2017410190526,1,9,0,18,0,0,0,0,0,0,1,1,5,2,28,6,1685,2,4,9,1,9
2017410190526,2,1,0,4,0,0,0,0,0,0,2,1,5,1,13,3,-1,-1,-1,10,1,10
2017410190665,1,1,0,18,0,0,5,10,0,0,4,1,5,1,44,7,-1,-1,-1,5,1,5
2017410190709,1,5,0,18,0,8,5,11,0,0,1,1,5,1,51,8,750,1,11,8,1,8
2017410190720,1,9,0,13,0,1,0,0,0,0,4,1,5,1,72,10,1596,1,15,3,1,3
2017410190720,2,1,0,18,0,1,5,0,0,0,3,1,5,2,36,7,-1,-1,-1,6,1,6
2017410190740,1,9,0,18,0,1,0,0,0,0,3,1,5,1,71,10,998,1,1,-1,-1,-1
2017410190741,1,1,0,15,0,1,0,0,0,0,1,1,2,1,33,6,-1,-1,-1,8,1,8
2017410190741,2,19,0,9,0,8,0,0,0,0,3,1,1,1,40,7,2198,2,2,-1,-1,-1
2017410190755,1,9,0,4,0,8,0,0,0,0,2,1,6,2,36,7,1596,1,7,2,1,2
2017410190755,2,9,0,18,0,4,0,0,0,0,1,1,6,1,18,4,1199,1,14,4,1,4
2017410190812,1,19,0,18,0,0,0,0,0,0,4,1,6,1,26,6,2143,2,1,6,2,6
2017410190812,2,9,0,18,0,0,5,0,0,0,3,1,6,1,49,8,1896,2,8,-1,-1,-1
2017410190828,1,98,0,15,0,0,0,0,0,0,2,1,5,1,34,6,-1,-1,-1,5,1,5
2017410190828,2,1,0,18,0,0,0,0,0,0,3,1,1,1,78,11,-1,-1,-1,-1,-1,-1
2017410190854,1,9,0,12,0,0,0,0,0,0,1,1,5,1,31,6,1781,1,15,8,3,8
2017410190854,2,9,0,18,0,0,0,0,1,11,2,1,2,1,59,9,1198,1,2,8,1,8
2017410190901,1,9,0,18,0,0,1,4,1,5,1,1,6,1,35,6,4395,1,-1,8,1,8
2017410190901,2,9,0,2,0,0,0,0,0,0,2,1,6,3,-1,-1,-1,-1,-1,-1,-1,-1
2017410190909,1,9,0,12,0,0,0,0,0,0,1,1,6,1,27,6,1364,1,2,9,2,9
2017410190909,2,19,0,18,0,0,0,0,1,0,1,1,1,1,43,7,1560,2,1,-1,-1,-1
2017410191142,1,5,0,18,0,0,0,0,0,0,1,1,6,1,50,8,-1,-1,-1,-1,-1,-1
2017410191142,2,9,0,12,0,0,0,0,0,0,2,1,6,2,31,6,1364,1,-1,10,1,10
2017410191161,1,9,0,18,0,0,0,0,1,4,1,1,2,1,29,6,1364,1,11,-1,-1,-1
2017410191167,1,9,0,18,0,1,0,0,0,0,1,1,6,1,23,5,2143,2,7,8,1,8
2017410191167,2,9,0,3,0,1,0,0,0,0,2,1,6,2,86,11,1389,1,19,8,1,8
2017410191167,3,9,0,10,0,1,0,0,0,0,2,1,6,2,26,6,1368,1,8,7,1,7
2017410191222,1,9,0,11,7,0,0,0,1,0,1,1,6,2,48,8,1299,1,16,3,1,3
2017410191222,2,19,0,2,6,0,0,0,0,0,2,1,1,1,64,9,2143,2,7,4,3,4
2017410191222,3,21,1,2,6,0,0,0,0,0,2,1,1,1,57,9,-1,-1,-1,-1,-1,-1
2017410191251,1,9,0,18,0,1,0,0,0,0,1,1,6,1,23,5,1598,1,12,5,1,5
2017410191251,2,9,0,3,0,1,0,0,0,0,2,1,6,1,-1,-1,1968,2,12,5,1,5
2017410191251,3,9,0,3,0,1,0,0,0,0,2,1,6,1,-1,-1,-1,-1,-1,8,1,8
2017410191319,1,9,0,14,0,0,0,0,0,0,4,1,5,1,66,10,998,1,13,5,1,5
2017410191323,1,9,0,17,0,0,0,0,0,0,1,1,5,1,73,10,1598,1,10,5,1,5
2017410191323,2,9,0,16,0,0,0,0,0,0,1,1,5,1,42,7,2521,1,7,8,1,8
2017410191374,1,19,0,18,0,0,5,0,5,6,1,1,1,1,33,6,1995,2,10,3,1,3
2017410191384,1,1,0,5,0,8,0,0,0,0,4,1,5,1,10,2,-1,-1,-1,10,1,10
2017410191384,2,9,0,17,0,1,0,0,0,0,1,1,5,2,75,10,1240,1,7,4,1,4
2017410191428,1,9,0,18,0,0,0,0,7,10,1,1,5,1,20,4,1086,1,11,10,1,10
2017410191428,2,9,0,18,0,0,0,0,0,0,1,1,5,2,21,5,-1,-1,-1,10,3,10
2017410191468,1,5,0,13,0,1,0,0,0,0,1,1,6,1,45,7,599,1,8,6,1,6
2017410191468,2,9,0,9,0,2,0,0,0,0,1,1,6,2,21,5,1461,2,2,10,3,10
2017410191593,1,19,0,18,0,0,0,0,0,0,3,1,5,1,30,6,2198,2,3,8,1,8
2017410191593,2,1,0,9,0,0,0,0,0,0,1,1,5,1,15,3,-1,-1,-1,10,1,10
2017410191673,1,9,0,3,0,0,0,0,0,0,2,1,5,2,44,7,1597,2,-1,6,1,6
2017410191673,2,9,0,18,0,0,0,0,0,0,1,1,6,1,24,5,-1,-1,-1,5,1,5
2017410191674,1,9,0,12,0,0,0,0,0,0,1,1,2,1,21,5,1596,1,7,2,1,2
2017410191674,2,9,0,18,0,0,1,0,1,7,2,1,2,1,26,6,1248,2,4,7,1,7
2017410191725,1,9,0,5,0,0,0,0,0,0,1,1,5,2,63,9,1388,1,6,6,1,6
2017410191725,2,9,0,18,0,0,1,0,0,0,1,1,5,1,25,5,1988,1,16,10,2,10
2017410191777,1,9,0,17,0,0,1,0,7,11,1,1,6,1,24,5,-1,-1,-1,6,1,6
2017410192023,1,9,0,18,0,4,0,0,0,0,1,1,5,1,40,7,1242,1,18,6,1,6
2017410192023,2,9,0,18,0,4,0,0,0,0,2,1,5,1,36,7,1598,1,14,5,1,5
2017410192043,1,97,0,17,0,0,0,0,1,10,1,1,6,1,16,4,-1,-1,-1,-1,-1,-1
2017410192049,1,9,0,18,0,0,0,0,0,0,1,1,6,1,40,7,-1,-1,-1,-1,-1,-1
2017410192049,2,1,0,18,0,0,0,0,1,0,2,1,5,1,50,8,-1,-1,-1,7,1,7
2017410192064,1,9,0,5,0,8,0,0,0,0,1,1,5,2,74,10,1200,1,1,10,2,10
2017410192064,2,9,0,18,0,8,0,0,0,0,4,1,5,2,36,7,1598,1,15,5,1,5
2017410192118,1,9,0,18,0,0,0,0,0,0,1,1,2,2,29,6,998,1,6,5,1,5
2017410192118,2,9,0,4,0,0,0,0,0,0,2,1,2,2,23,5,1229,1,8,-1,-1,-1
2017410192118,3,9,0,11,0,0,1,0,4,6,4,1,2,1,65,9,3980,1,20,-1,-1,-1
2017410192118,4,9,0,18,0,0,0,0,0,0,3,1,2,1,59,9,1399,2,13,7,1,7
2017410192155,1,19,0,9,0,8,0,0,0,0,1,1,1,1,23,5,2143,2,2,3,1,3
2017410192155,2,1,0,18,0,8,5,0,0,0,1,1,6,2,29,6,-1,-1,-1,10,1,10
2017410192235,1,9,0,17,0,0,1,0,7,4,1,1,6,2,35,6,2499,2,13,5,1,5
2017410192250,1,9,0,18,0,1,0,0,0,0,1,1,6,2,41,7,-1,-1,-1,6,1,6
2017410192250,2,3,0,3,0,1,0,0,0,0,2,1,6,2,26,6,125,1,1,7,1,7
2017410192256,1,23,0,18,0,0,0,0,0,0,1,1,1,2,18,4,125,1,4,4,1,4
2017410192256,2,9,0,4,0,0,0,0,0,0,2,1,1,2,43,7,1596,1,15,6,1,6
2017410192259,1,9,0,5,0,4,0,0,0,0,1,1,5,1,28,6,1998,1,17,4,1,4
2017410192259,2,5,0,4,0,4,0,0,0,0,2,1,5,1,30,6,649,1,1,9,1,9
2017410192310,1,9,0,18,0,0,0,0,0,0,1,1,6,1,58,9,1461,2,3,10,1,10
2017410192310,2,9,0,3,0,0,0,0,0,0,2,1,6,1,26,6,1364,1,6,3,1,3
2017410192363,1,9,0,17,0,1,2,10,1,4,4,1,5,2,40,7,1598,1,11,6,2,6
2017410192427,1,9,0,18,0,0,0,0,0,0,1,1,6,3,-1,-1,-1,-1,-1,-1,-1,-1
2017410192427,2,9,0,4,0,0,0,0,0,0,2,1,6,2,32,6,1598,1,7,6,1,6
2017410192538,1,9,0,18,0,1,0,0,0,0,1,1,6,1,44,7,1997,2,18,-1,-1,-1
2017410192538,2,1,0,3,0,1,5,0,0,0,2,1,2,1,30,6,-1,-1,-1,-1,-1,-1
2017410192590,1,9,0,12,0,0,0,0,0,0,3,1,3,2,68,10,2143,2,6,8,1,8
2017410192590,2,5,0,13,0,0,0,0,4,6,4,1,2,1,39,7,599,1,11,10,2,10
2017410192595,1,9,0,7,0,8,0,0,0,0,1,1,6,2,48,8,1499,1,1,8,1,8
2017410192595,2,1,0,18,0,8,0,0,0,0,4,1,6,1,26,6,-1,-1,-1,7,1,7
2017410192688,1,9,0,16,0,0,2,0,1,0,4,1,5,1,18,4,1598,1,15,10,2,10
2017410192690,1,9,0,18,0,0,0,0,1,7,4,1,6,1,59,9,3199,7,16,3,1,3
2017410192940,1,9,0,18,0,0,0,0,0,0,1,1,2,1,23,5,1968,2,2,5,1,5
2017410192940,2,19,0,4,0,0,0,0,0,0,2,1,1,1,-1,-1,2198,2,1,2,1,2
2017410193014,1,9,0,5,0,0,0,0,0,0,1,1,5,1,19,4,1242,1,10,5,1,5
2017410193043,1,9,0,18,0,0,0,0,0,0,1,1,6,1,23,5,1149,1,19,9,1,9
2017410193043,2,9,0,18,0,0,0,0,0,0,3,1,6,2,55,8,1497,1,11,-1,-1,-1
2017410193043,3,9,0,18,0,0,0,0,1,7,3,1,1,1,31,6,-1,-1,-1,4,1,4
2017410193043,4,9,0,3,0,0,0,0,0,0,2,1,1,1,50,8,-1,-1,-1,8,1,8
2017410193084,1,19,0,9,0,6,0,0,0,0,3,1,1,1,30,6,2299,2,4,-1,-1,-1
2017410193084,2,19,0,18,0,1,0,0,0,0,1,1,1,2,48,8,1560,2,-1,-1,-1,-1
2017410193126,1,9,0,9,0,8,0,0,0,0,1,1,5,1,28,6,1783,1,16,8,1,8
2017410193126,2,1,0,18,0,8,0,0,0,0,3,1,5,1,40,7,-1,-1,-1,10,1,10
2017410193185,1,5,0,13,0,8,1,0,0,0,1,1,5,1,24,5,599,1,10,10,1,10
2017410193185,2,9,0,9,0,8,0,0,0,0,3,1,5,1,28,6,1995,2,2,7,1,7
2017410193200,1,9,0,18,0,0,0,0,0,0,1,1,1,2,46,8,-1,-1,-1,-1,-1,-1
2017410193200,2,9,0,18,0,0,0,0,0,0,1,1,1,1,34,6,-1,-1,-1,9,1,9
2017410193274,1,9,0,18,0,3,0,0,0,0,0,1,6,3,-1,-1,-1,-1,-1,-1,-1,-1
2017410193274,2,9,0,18,0,3,0,0,0,0,2,1,6,1,-1,-1,2148,2,9,5,1,5
2017410193274,3,19,0,18,0,3,0,0,0,0,1,1,2,1,49,8,1998,2,13,3,1,3
2017410193276,1,9,0,18,0,8,0,0,0,0,3,1,2,2,51,8,1199,2,7,10,1,10
2017410193276,2,9,0,18,0,8,0,0,0,0,1,1,5,1,41,7,-1,-1,-1,-1,-1,-1
2017410193375,1,9,0,7,0,0,0,0,0,0,1,1,5,1,65,9,1896,2,14,8,3,8
2017410193375,2,9,0,2,0,0,0,0,0,0,1,1,6,1,-1,-1,1968,2,12,-1,-1,-1
2017410193375,3,9,0,2,0,0,0,0,0,0,1,1,6,1,-1,-1,1995,2,9,-1,-1,-1
2017410193438,1,19,0,3,0,1,0,0,0,0,2,1,1,1,42,7,2148,2,13,10,1,10
2017410193438,2,1,0,18,0,1,0,0,0,0,1,1,1,1,49,8,-1,-1,-1,-1,-1,-1
2017410193461,1,9,0,18,0,4,0,0,0,0,3,1,5,1,23,5,1498,1,3,7,1,7
2017410193461,2,1,0,18,0,8,0,0,0,0,1,1,5,1,58,9,-1,-1,-1,10,1,10
2017410193473,1,5,0,4,0,1,0,0,0,0,1,1,2,1,26,6,599,1,24,6,1,6
2017410193473,2,9,0,4,0,1,0,0,0,0,2,1,6,2,37,7,1360,1,11,9,1,9
2017410193509,1,9,0,18,0,1,0,0,0,0,1,1,1,1,31,6,1248,2,14,7,1,7
2017410193509,2,19,0,4,0,1,0,0,0,0,2,1,2,1,22,5,1499,2,1,3,1,3
2017410193513,1,3,0,13,0,0,0,0,0,0,1,1,6,1,24,5,108,1,4,2,1,2
2017410193513,2,9,0,9,0,0,0,0,0,0,3,1,6,1,30,6,799,2,7,3,1,3
2017410193524,1,9,0,9,0,8,0,0,0,0,3,1,1,1,34,6,1461,2,2,-1,-1,-1
2017410193524,2,9,0,18,0,8,0,0,0,0,1,1,6,2,39,7,1596,1,9,-1,-1,-1
2017410193538,1,2,0,18,0,0,0,0,0,0,1,1,6,1,16,4,49,1,6,-1,-1,-1
2017410193538,2,2,0,18,0,0,0,0,0,0,0,1,6,1,16,4,-1,-1,-1,-1,-1,-1
2017410193538,3,9,0,18,0,0,0,0,0,0,2,1,6,1,22,5,1200,1,1,-1,-1,-1
2017410193576,1,9,0,18,0,1,0,0,0,0,1,1,3,2,-1,-1,1596,1,14,6,1,6
2017410193576,2,9,0,18,0,1,0,0,0,0,2,1,6,2,-1,-1,1390,1,14,9,1,9
2017410193576,3,9,0,2,0,2,0,0,0,0,1,1,3,2,-1,-1,1461,2,5,-1,-1,-1
2017410193585,1,9,0,18,0,1,0,0,0,0,1,1,5,1,55,8,5935,1,11,9,1,9
2017410193585,2,9,0,3,0,4,0,0,0,0,2,1,2,2,23,5,1229,1,4,9,1,9
2017410193622,1,3,0,11,0,3,0,0,0,0,1,1,6,1,22,5,124,1,6,-1,-1,-1
2017410193622,2,9,0,17,0,8,0,0,0,0,3,1,6,2,62,9,998,1,3,8,1,8
2017410193627,1,9,0,5,0,0,0,0,0,0,3,1,6,3,-1,-1,999,1,1,-1,-1,-1
2017410193627,2,1,0,18,0,0,0,0,0,0,1,1,6,1,59,9,-1,-1,-1,-1,-1,-1
2017410193709,1,9,0,13,0,0,0,0,0,0,4,1,6,2,28,6,1422,2,2,10,1,10
2017410193709,2,1,0,18,0,0,0,0,0,0,3,1,5,1,15,3,-1,-1,-1,7,1,7
2017410193719,1,9,0,9,0,8,0,0,0,0,3,1,5,1,28,6,-1,-1,-1,5,1,5
2017410193719,2,1,0,13,0,8,0,0,0,0,1,1,5,1,52,8,-1,-1,-1,-1,-1,-1
2017410193744,1,1,0,18,0,1,2,0,0,0,1,1,6,1,-1,-1,-1,-1,-1,6,1,6
2017410193744,2,9,0,10,0,1,0,0,0,0,2,1,6,2,30,6,1198,1,5,9,1,9
2017410193762,1,9,0,11,0,0,0,0,0,0,1,1,2,2,33,6,1596,1,12,8,1,8
2017410193762,2,9,0,4,0,0,0,0,0,0,2,1,2,2,47,8,2967,2,-1,4,1,4
2017410193762,3,19,0,3,0,0,0,0,0,0,2,1,1,1,48,8,1995,2,4,2,1,2
2017410193830,1,11,0,18,0,0,0,0,0,0,1,1,1,1,-1,-1,-1,-1,-1,-1,-1,-1
2017410193830,2,1,0,18,0,0,5,0,0,0,2,1,6,1,19,4,-1,-1,-1,7,1,7
2017410194237,1,9,0,18,0,0,0,0,0,0,1,1,6,2,38,7,1997,2,3,8,1,8
2017410194237,2,9,0,4,0,0,0,0,0,0,2,1,6,2,45,7,1995,1,7,7,1,7
2017410194240,1,9,0,3,0,1,0,0,0,0,2,1,6,2,35,6,1968,2,1,6,1,6
2017410194240,2,1,0,18,0,1,0,0,0,0,1,1,2,1,36,7,-1,-1,-1,6,1,6
2017410194246,1,9,0,18,0,0,0,0,0,0,2,1,6,1,73,10,1896,2,14,-1,-1,-1
2017410194326,1,9,0,7,0,2,0,0,0,0,1,1,6,1,29,6,999,1,3,4,3,4
2017410194347,1,9,0,18,0,0,0,0,0,0,1,1,5,1,48,8,1998,1,-1,3,1,3
2017410194347,2,9,0,4,0,0,0,0,0,0,2,1,2,1,30,6,998,1,18,7,1,7
2017410194445,1,9,0,18,0,0,0,0,0,0,3,1,5,2,25,5,1499,2,2,-1,-1,-1
2017410194445,2,9,0,18,0,0,0,0,0,0,3,1,1,1,22,5,1248,1,-1,-1,-1,-1
2017410194460,1,98,1,18,0,0,1,0,1,7,3,2,1,1,60,9,-1,-1,-1,-1,-1,-1
2017410194460,2,9,0,11,0,0,1,0,1,7,4,1,5,2,56,9,1587,1,15,-1,-1,-1
2017410194462,1,9,0,5,0,0,0,0,0,0,1,1,2,1,-1,-1,2996,1,9,-1,-1,-1
2017410194462,2,9,0,4,0,0,0,0,0,0,2,1,6,1,50,8,2967,2,10,-1,-1,-1
2017410194495,1,9,0,17,0,0,1,0,0,0,3,1,2,1,53,8,2982,2,4,9,1,9
2017410194495,2,9,0,18,0,0,0,0,0,0,1,1,2,1,55,8,1086,1,7,6,1,6
2017410194520,1,21,1,11,0,0,0,0,0,0,4,1,1,1,68,10,12777,2,8,-1,-1,-1
2017410194520,2,9,0,18,0,0,0,0,0,0,3,1,6,1,31,6,1598,2,2,-1,-1,-1
2017410194541,1,9,0,2,0,2,0,0,0,0,3,1,3,2,31,6,2460,2,13,6,1,6
2017410194541,2,9,0,14,0,1,0,0,0,0,3,1,6,2,74,10,-1,-1,-1,10,1,10
2017410194562,1,5,0,18,0,0,2,0,0,0,1,1,6,1,17,4,599,1,7,4,1,4
2017410194562,2,9,0,4,0,0,0,0,0,0,2,1,6,3,-1,-1,-1,-1,-1,-1,-1,-1
2017410194592,1,9,0,16,0,0,1,0,0,0,1,1,5,1,22,5,1343,1,26,9,1,9
2017410194592,2,9,0,18,0,0,0,0,0,0,3,1,5,3,-1,-1,-1,-1,-1,-1,-1,-1
2017410194616,1,9,0,9,0,0,0,0,0,0,1,1,5,1,72,10,1596,1,4,-1,-1,-1
2017410194616,2,1,0,18,0,0,0,0,0,0,1,1,6,1,46,8,-1,-1,-1,-1,-1,-1
2017410194718,1,1,0,18,0,1,0,0,0,0,1,1,5,1,17,4,-1,-1,-1,-1,-1,-1
2017410194718,2,9,0,4,0,1,0,0,0,0,1,1,6,1,61,9,1910,2,10,-1,-1,-1
2017410194734,1,19,0,4,0,1,0,0,0,0,1,1,1,1,32,6,2143,2,1,-1,-1,-1
2017410194734,2,9,0,3,0,1,0,0,0,0,2,1,6,2,37,7,998,1,5,-1,-1,-1
2017410194737,1,9,0,18,0,8,0,0,0,0,2,1,6,1,48,8,1596,1,7,-1,-1,-1
2017410194737,2,9,0,18,0,8,0,0,0,0,1,1,3,2,37,7,1997,2,12,3,1,3
2017410194759,1,9,0,18,0,1,0,0,0,0,1,1,5,1,45,7,998,1,5,-1,-1,-1
2017410194759,2,9,0,7,0,6,0,0,0,0,2,1,5,1,39,7,1991,1,-1,-1,-1,-1
2017410194817,1,9,0,18,0,0,0,0,0,0,1,1,6,1,33,6,1995,2,3,6,1,6
2017410194817,2,9,0,4,0,0,0,0,0,0,2,1,6,2,36,7,1997,2,-1,3,1,3
2017410194817,3,9,0,4,0,0,0,0,0,0,2,1,6,2,53,8,1598,2,5,8,1,8
2017410194858,1,9,0,18,0,8,0,0,1,0,1,1,6,2,39,7,1388,1,5,-1,-1,-1
2017410194858,2,1,0,18,0,8,5,0,0,0,1,1,5,1,40,7,-1,-1,-1,-1,-1,-1
2017410194906,1,9,0,18,0,0,0,0,0,0,4,1,6,3,-1,-1,-1,-1,-1,-1,-1,-1
2017410194935,1,9,0,9,0,8,0,0,0,0,2,1,1,1,19,4,-1,-1,-1,-1,-1,-1
2017410194935,2,90,0,18,0,8,0,0,0,0,1,1,1,1,48,8,2499,2,21,-1,-1,-1
2017410194971,1,9,0,5,0,8,0,0,0,0,1,1,5,1,25,5,1999,1,10,-1,-1,-1
2017410194971,2,3,0,18,0,8,0,0,0,0,4,1,5,1,19,4,124,1,5,2,1,2
2017410194978,1,9,0,18,0,0,0,0,0,0,1,1,6,1,-1,-1,-1,-1,-1,-1,-1,-1
2017410194979,1,9,0,18,0,6,0,0,3,4,1,1,1,2,31,6,1248,2,2,-1,-1,-1
2017410194979,2,1,0,18,0,8,0,0,0,0,0,1,6,3,-1,-1,-1,-1,-1,-1,-1,-1
2017410194979,3,1,0,18,0,1,0,0,0,0,0,1,6,3,-1,-1,-1,-1,-1,-1,-1,-1
2017410195008,1,9,0,9,0,8,0,0,0,0,1,1,6,1,47,8,1984,1,15,4,1,4
2017410195008,2,3,0,18,0,8,0,0,0,0,1,1,2,1,20,4,124,1,1,3,1,3
2017410195012,1,5,0,18,0,0,0,0,0,0,1,1,6,1,31,6,649,1,8,-1,-1,-1
2017410195012,2,9,0,18,0,0,0,0,0,0,1,1,6,1,21,5,1229,1,12,10,1,10
2017410195044,1,9,0,9,0,8,0,0,0,0,1,1,5,2,20,4,1390,1,5,6,1,6
2017410195044,2,9,0,18,0,8,0,0,0,0,1,1,5,2,33,6,1753,2,9,1,1,1
2017410195062,1,9,0,18,0,1,0,0,0,0,1,1,6,3,-1,-1,-1,-1,-1,-1,-1,-1
2017410195088,1,9,0,18,0,0,0,0,0,0,1,1,1,1,30,6,1124,1,16,7,1,7
2017410195088,2,1,0,18,0,0,0,0,0,0,2,1,6,1,25,5,-1,-1,-1,5,1,5
2017410195090,1,3,0,18,0,0,1,0,0,0,4,1,5,1,28,6,124,1,2,5,1,5
2017410195090,2,8,0,13,0,0,0,0,0,0,3,1,5,1,41,7,1686,2,5,6,2,6
2017410195093,1,9,0,18,0,0,0,0,0,0,4,1,5,1,50,8,1598,1,11,10,1,10
2017410195093,2,9,0,2,0,0,0,0,0,0,3,1,5,2,-1,-1,1598,1,4,4,1,4
2017410195109,1,9,0,18,0,0,0,0,0,0,1,1,6,2,26,6,1390,1,15,7,1,7
2017410195109,2,9,0,4,0,0,0,0,0,0,2,1,6,2,39,7,1998,1,12,7,3,7
2017410195209,1,9,0,9,0,8,0,0,0,0,1,1,1,1,47,8,1984,1,-1,-1,-1,-1
2017410195209,2,9,0,18,0,8,0,0,0,0,3,1,1,2,53,8,1999,1,3,-1,-1,-1
2017410195245,1,9,0,7,0,2,0,0,0,0,1,1,5,1,18,4,1390,1,15,5,1,5
2017410195267,1,19,0,18,0,0,0,0,0,0,1,1,6,1,52,8,2198,2,2,-1,-1,-1
2017410195267,2,9,0,4,0,0,0,0,0,0,2,1,6,1,65,9,1197,1,-1,-1,-1,-1
2017410195315,1,4,0,3,0,1,0,0,0,0,2,1,6,1,24,5,248,1,4,-1,-1,-1
2017410195315,2,9,0,18,0,1,0,0,0,0,1,1,6,1,17,4,1200,1,1,-1,-1,-1
2017410195350,1,9,0,18,0,0,0,0,0,0,1,1,6,1,-1,-1,1596,1,10,-1,-1,-1
2017410195350,2,9,0,3,0,0,0,0,0,0,2,1,5,1,30,6,1686,2,12,-1,-1,-1
2017410195352,1,9,0,18,0,1,0,0,0,0,1,1,5,2,31,6,1598,1,14,4,1,4
2017410195352,2,9,0,3,0,4,0,0,0,0,2,1,5,2,41,7,2179,2,4,8,2,8
2017410195379,1,3,0,18,0,1,0,0,0,0,1,1,5,1,18,4,124,1,7,-1,-1,-1
2017410195393,1,9,0,1,0,0,0,0,0,0,2,1,6,2,39,7,1998,1,15,-1,-1,-1
2017410195445,1,9,0,18,0,1,0,0,1,10,1,1,5,1,81,11,999,1,1,-1,-1,-1
2017410195445,2,9,0,8,0,1,0,0,0,0,2,1,5,2,66,10,1198,1,2,-1,-1,-1
2017410195509,1,9,0,9,0,2,0,0,0,0,3,1,5,2,27,6,998,1,8,-1,-1,-1
2017410195509,2,90,0,18,0,1,2,0,0,0,1,1,5,2,26,6,234,1,11,-1,-1,-1
2017410195550,1,9,0,18,0,1,0,0,0,0,1,1,5,2,75,10,1968,2,4,-1,-1,-1
2017410195550,2,9,0,18,0,1,0,0,0,0,2,1,1,2,36,7,1299,1,17,-1,-1,-1
2017410195569,1,9,0,9,0,8,0,0,0,0,1,1,5,2,79,11,1596,1,4,-1,-1,-1
2017410195569,2,9,0,18,0,8,0,0,0,0,3,1,5,1,46,8,1968,2,3,-1,-1,-1
2017410195569,3,9,0,4,0,1,0,0,0,0,3,1,5,1,30,6,1999,2,1,8,1,8
2017410195605,1,9,0,18,0,0,0,0,1,2,1,1,5,1,33,6,2598,1,22,-1,-1,-1
2017410195691,1,9,0,12,0,0,0,0,0,0,1,1,6,1,39,7,-1,-1,-1,5,3,5
2017410195691,2,98,0,18,0,0,0,0,0,0,1,1,5,1,64,9,-1,-1,-1,10,1,10
2017410195736,1,9,0,4,0,1,0,0,0,0,1,1,6,2,35,6,1390,1,13,-1,-1,-1
2017410195736,2,9,0,3,0,1,0,0,0,0,2,1,6,1,55,8,-1,-1,-1,-1,-1,-1
2017410195751,1,21,0,11,0,0,0,0,0,0,4,1,1,1,40,7,10518,2,5,7,1,7
2017410195751,2,9,0,15,0,0,0,0,1,0,3,1,5,2,44,7,1360,1,14,7,1,7
2017410195787,1,5,0,18,0,0,0,0,0,0,1,1,5,1,31,6,645,1,2,3,1,3
2017410195787,2,9,0,4,0,0,0,0,0,0,2,1,5,1,53,8,2143,2,2,10,2,10
2017410195809,1,9,0,18,0,8,0,0,0,0,1,1,5,1,25,5,1598,2,5,3,1,3
2017410195809,2,19,0,9,0,8,0,0,0,0,1,1,2,1,30,6,1598,2,1,5,1,5
2017410195813,1,-1,0,18,0,0,0,0,0,0,1,1,6,3,-1,-1,-1,-1,-1,-1,-1,-1
2017410195813,2,9,0,18,0,0,1,0,5,6,2,1,2,1,42,7,1086,1,7,8,1,8
2017410195821,1,3,0,18,0,1,0,0,0,0,1,1,5,1,-1,-1,124,1,1,-1,-1,-1