Accident_Index,Vehicle_Reference,Vehicle_Type,Towing_and_Articulation,Vehicle_Manoeuvre,Vehicle_Location-Restricted_Lane,Junction_Location,Skidding_and_Overturning,Hit_Object_in_Carriageway,Vehicle_Leaving_Carriageway,Hit_Object_off_Carriageway,1st_Point_of_Impact,Was_Vehicle_Left_Hand_Drive?,Journey_Purpose_of_Driver,Sex_of_Driver,Age_of_Driver,Age_Band_of_Driver,Engine_Capacity_(CC),Propulsion_Code,Age_of_Vehicle,Driver_IMD_Decile,Driver_Home_Area_Type,Vehicle_IMD_Decile
2017410204316,2,21,0,11,0,3,0,0,0,0,1,1,1,1,31,6,4461,2,5,-1,-1,-1
2017410204352,1,9,0,13,0,8,0,0,0,0,1,1,6,1,51,8,2987,2,9,-1,-1,-1
2017410204352,2,9,0,9,0,8,0,0,0,0,3,1,5,2,73,10,1229,1,10,-1,-1,-1
2017410204353,1,1,0,18,0,1,0,0,0,0,2,1,5,1,7,2,-1,-1,-1,7,1,7
2017410204353,2,9,0,16,0,1,0,0,0,0,1,1,5,1,19,4,1388,1,13,5,1,5
2017410204362,1,9,0,5,0,4,0,0,0,0,1,1,2,1,29,6,1587,1,14,-1,-1,-1
2017410204362,2,1,0,18,0,8,0,0,0,0,4,1,6,1,42,7,-1,-1,-1,-1,-1,-1
2017410204368,1,9,0,17,0,0,0,4,0,0,1,1,5,1,19,4,1198,1,15,6,1,6
2017410204368,2,98,1,2,0,0,0,0,0,0,2,1,1,1,-1,-1,-1,-1,-1,-1,-1,-1
2017410204382,1,9,0,9,0,0,0,0,0,0,3,1,5,2,42,7,1998,1,13,6,1,6
2017410204382,2,3,0,13,0,0,0,0,0,0,1,1,5,1,19,4,124,1,7,3,1,3
2017410204387,1,9,0,9,0,5,0,0,0,0,1,1,6,3,-1,-1,-1,-1,-1,-1,-1,-1
2017410204441,1,1,0,18,0,0,5,0,0,0,2,1,5,1,64,9,-1,-1,-1,-1,-1,-1
2017410204441,2,9,0,18,0,0,0,0,0,0,1,1,5,2,45,7,1685,2,-1,-1,-1,-1
2017410204456,1,9,0,17,9,2,0,0,1,10,4,1,5,2,84,11,1998,1,19,-1,-1,-1
2017410204475,1,9,0,5,0,2,0,0,0,0,3,1,6,2,39,7,998,1,11,-1,-1,-1
2017410204475,2,1,0,18,0,6,5,0,0,0,1,1,4,1,3,1,-1,-1,-1,-1,-1,-1
2017410204476,1,9,0,18,0,0,0,0,0,0,1,1,5,1,26,6,2494,1,15,10,1,10
2017410204476,2,9,0,18,0,0,0,0,1,0,1,1,5,2,61,9,998,1,2,8,1,8
2017410204482,1,9,0,5,0,3,0,0,0,0,3,1,6,1,41,7,1950,2,1,-1,-1,-1
2017410204482,2,9,0,11,0,3,0,0,0,0,4,1,6,1,27,6,1834,1,16,-1,-1,-1
2017410204507,1,9,0,18,0,0,0,0,0,0,1,1,6,3,-1,-1,1364,1,10,-1,-1,-1
2017410204507,2,9,0,3,0,0,0,0,0,0,2,1,6,1,33,6,1398,1,9,-1,-1,-1
2017410204511,1,9,0,18,0,0,1,0,5,6,1,1,2,2,25,5,1242,1,5,-1,-1,-1
2017410204517,1,9,0,7,0,8,0,0,0,0,2,1,6,1,86,11,1229,1,3,-1,-1,-1
2017410204517,2,5,0,14,0,1,0,0,0,0,3,1,6,1,32,6,649,1,5,-1,-1,-1
2017410204553,1,9,0,4,0,0,0,0,0,0,1,1,1,1,34,6,1248,2,2,-1,-1,-1
2017410204553,2,98,0,1,0,0,0,0,0,0,2,1,6,1,-1,-1,-1,-1,-1,-1,-1,-1
2017410204563,1,9,0,7,0,3,0,0,0,0,4,1,6,1,51,8,1997,2,8,-1,-1,-1
2017410204589,1,9,0,14,0,1,0,0,0,0,1,1,1,1,25,5,1598,2,7,-1,-1,-1
2017410204589,2,9,0,18,0,2,0,0,0,0,3,1,6,2,52,8,1086,1,7,-1,-1,-1
2017410204616,1,9,0,18,0,1,0,7,1,10,4,1,5,2,71,10,1364,1,11,3,1,3
2017410204616,2,9,0,18,2,2,0,0,0,0,0,1,6,3,-1,-1,-1,-1,-1,-1,-1,-1
2017410204651,1,9,0,18,0,2,0,0,0,0,1,1,1,1,44,7,1797,8,3,-1,-1,-1
2017410204651,2,19,0,18,0,1,0,0,0,0,3,1,5,1,35,6,1248,2,4,-1,-1,-1
2017410204659,1,9,0,9,0,4,0,0,0,0,3,1,6,1,34,6,1799,1,11,5,1,5
2017410204659,2,5,0,14,0,1,0,0,0,0,1,1,6,1,51,8,1130,1,14,-1,-1,-1
2017410204728,1,9,0,14,0,2,0,0,0,0,4,1,3,2,38,7,1686,2,7,-1,-1,-1
2017410204728,2,1,0,18,0,6,0,0,0,0,1,1,4,2,9,2,-1,-1,-1,-1,-1,-1
2017410204739,1,9,0,18,0,8,0,0,3,1,1,1,5,1,22,5,1242,1,15,-1,-1,-1
2017410204853,1,9,0,18,0,1,0,0,0,0,1,1,6,2,43,7,1598,1,11,-1,-1,-1
2017410204853,2,9,0,3,0,1,0,0,0,0,2,1,2,1,55,8,1896,2,15,-1,-1,-1
2017410204889,1,9,0,9,0,0,0,0,0,0,4,1,6,2,70,10,1584,1,14,-1,-1,-1
2017410204889,2,9,0,18,0,0,0,0,2,0,1,1,6,1,18,4,1595,1,2,-1,-1,-1
2017410204963,1,9,0,9,0,6,0,0,0,0,1,1,6,1,63,9,1596,1,4,-1,-1,-1
2017410204963,2,9,0,18,0,8,0,0,0,0,1,1,6,1,62,9,1590,1,3,9,2,9
2017410205063,1,9,0,18,0,8,0,0,0,0,1,1,5,1,90,11,1240,1,11,-1,-1,-1
2017410205063,2,9,0,9,0,3,0,0,0,0,4,1,5,2,27,6,1197,1,2,-1,-1,-1
2017410205582,1,9,0,18,0,0,0,4,0,0,1,1,6,2,-1,-1,1242,1,8,-1,-1,-1
2017410205582,2,8,0,2,0,0,0,0,0,0,2,1,1,1,31,6,1968,2,7,-1,-1,-1
2017410205620,1,19,0,11,0,0,0,0,0,0,1,1,1,1,62,9,1753,2,14,-1,-1,-1
2017410205620,2,9,0,4,0,0,0,0,0,0,2,1,1,2,49,8,1242,1,8,-1,-1,-1
2017410205649,1,9,0,18,0,0,1,0,1,11,3,1,1,2,45,7,1997,2,8,-1,-1,-1
2017410205649,2,9,0,18,0,0,1,0,1,2,4,1,1,2,-1,-1,1461,2,5,-1,-1,-1
2017410205699,1,3,0,13,0,1,5,0,0,0,2,1,2,2,40,7,124,1,22,-1,-1,-1
2017410205699,2,9,0,18,0,1,0,0,0,0,1,1,6,1,-1,-1,1341,1,13,-1,-1,-1
2017410205751,1,9,0,4,0,1,0,0,0,0,2,1,5,1,42,7,1968,2,1,-1,-1,-1
2017410205751,2,9,0,18,0,1,0,0,0,0,1,1,5,2,30,6,998,1,12,-1,-1,-1
2017410205805,1,9,0,4,0,1,0,0,0,0,4,1,6,2,23,5,1997,2,2,-1,-1,-1
2017410205805,2,1,0,18,0,6,0,0,0,0,1,1,4,1,15,3,-1,-1,-1,-1,-1,-1
2017410205829,1,9,0,9,0,8,0,0,0,0,3,1,6,2,56,9,1495,1,15,-1,-1,-1
2017410205829,2,1,0,17,0,8,0,0,0,0,4,1,6,1,55,8,-1,-1,-1,-1,-1,-1
2017410205934,1,9,0,5,0,4,0,0,0,0,1,1,1,1,35,6,1997,2,11,-1,-1,-1
2017410205934,2,1,0,18,0,8,0,0,0,0,4,1,5,1,47,8,-1,-1,-1,-1,-1,-1
2017410205939,1,9,0,14,0,0,0,0,0,0,4,1,5,1,29,6,2143,2,1,-1,-1,-1
2017410206295,1,9,0,16,0,2,2,0,7,0,3,1,6,1,19,4,-1,-1,-1,-1,-1,-1
2017410206295,2,9,0,16,0,1,0,0,0,0,0,1,1,1,-1,-1,1248,2,5,-1,-1,-1
2017410206456,1,9,0,5,0,8,0,0,0,0,1,1,1,2,29,6,899,1,3,-1,-1,-1
2017410206456,2,9,0,18,0,8,0,0,0,0,4,1,5,1,23,5,-1,-1,-1,-1,-1,-1
2017410206508,1,9,0,6,0,0,0,0,0,0,1,1,2,2,29,6,998,1,3,-1,-1,-1
2017410206508,2,5,0,13,0,0,0,0,0,0,1,1,2,1,22,5,798,1,1,10,1,10
2017410206518,1,9,0,7,0,6,0,0,1,2,1,1,6,1,70,10,2435,1,11,-1,-1,-1
2017410206556,1,9,0,9,0,8,0,0,0,0,1,1,6,1,70,10,3724,1,13,8,1,8
2017410206556,2,3,0,18,0,8,0,0,0,0,3,1,5,1,26,6,124,1,7,7,1,7
2017410206576,1,19,0,18,0,0,0,0,0,0,3,1,6,3,-1,-1,1998,2,13,-1,-1,-1
2017410206576,2,9,0,18,0,0,0,0,0,0,3,1,6,2,26,6,1598,1,4,-1,-1,-1
2017410206662,1,9,0,9,0,6,0,0,0,0,4,1,6,1,25,5,1598,2,3,-1,-1,-1
2017410206662,2,1,0,18,0,8,0,0,0,0,1,1,2,1,41,7,-1,-1,-1,-1,-1,-1
2017410206708,1,98,0,12,0,0,0,0,0,0,1,1,6,3,-1,-1,-1,-1,-1,-1,-1,-1
2017410206708,2,9,0,3,0,0,0,0,0,0,4,1,6,2,19,4,1242,1,1,-1,-1,-1
2017410206789,1,9,0,18,0,8,1,0,7,7,1,1,6,2,39,7,1400,1,15,-1,-1,-1
2017410206800,1,9,0,7,0,8,0,0,0,0,1,1,5,2,71,10,1318,1,1,7,1,7
2017410206800,2,1,0,18,0,8,0,0,0,0,4,1,5,2,29,6,-1,-1,-1,4,1,4
2017410206878,1,9,0,7,0,2,0,0,0,0,1,1,6,1,-1,-1,-1,-1,-1,-1,-1,-1
2017410206878,2,9,0,3,0,1,0,0,0,0,3,1,6,1,-1,-1,-1,-1,-1,-1,-1,-1
2017410206935,1,9,0,9,0,5,0,0,0,0,4,1,5,2,25,5,1149,1,19,-1,-1,-1
2017410206935,2,1,0,18,0,8,0,0,0,0,1,1,5,1,18,4,-1,-1,-1,5,1,5
2017410206984,1,9,0,5,0,4,0,0,0,0,1,1,5,1,35,6,1781,1,16,-1,-1,-1
2017410206984,2,9,0,18,0,8,0,0,0,0,4,1,2,1,56,9,1560,2,9,-1,-1,-1
2017410207012,1,98,1,5,0,4,0,0,0,0,1,1,1,1,-1,-1,-1,-1,-1,-1,-1,-1
2017410207012,2,19,0,18,0,8,0,0,0,0,4,1,1,2,71,10,2198,2,2,10,1,10
2017410207397,1,9,0,9,0,2,0,0,0,0,3,1,6,3,-1,-1,-1,-1,-1,-1,-1,-1
2017410207397,2,3,0,18,0,8,0,0,0,0,1,1,6,1,37,7,125,1,1,-1,-1,-1
2017410207625,1,9,0,9,0,8,0,0,0,0,1,1,6,3,-1,-1,1597,2,1,-1,-1,-1
2017410207625,2,9,0,18,0,8,0,0,0,0,1,1,1,2,36,7,1999,1,6,-1,-1,-1
2017410207649,1,9,0,12,0,0,0,0,0,0,0,1,6,3,-1,-1,-1,-1,-1,-1,-1,-1
2017410207649,2,9,0,18,0,0,0,0,0,0,1,1,2,1,20,4,1339,1,7,-1,-1,-1
2017410207649,3,9,0,4,0,0,0,0,0,0,2,1,2,1,40,7,1968,2,-1,-1,-1,-1
2017410207672,1,9,0,4,0,2,0,0,0,0,2,1,6,2,23,5,1598,1,7,6,1,6
2017410207672,2,9,0,18,0,2,0,0,0,0,1,1,6,1,54,8,1995,1,14,3,1,3
2017410207709,1,11,0,18,0,0,0,0,0,0,3,1,3,1,49,8,4250,2,12,-1,-1,-1
2017410207709,2,9,0,4,0,0,1,0,0,0,1,1,2,2,36,7,1360,1,14,-1,-1,-1
2017410207769,1,9,0,7,0,6,0,0,0,0,1,1,5,1,45,7,-1,3,2,-1,-1,-1
2017410207769,2,9,0,18,0,8,0,0,0,0,1,1,5,2,27,6,1461,2,1,-1,-1,-1
2017410207846,1,9,0,18,0,8,0,0,0,0,1,1,2,1,25,5,1956,2,2,-1,-1,-1
2017410207846,2,9,0,18,0,8,0,0,0,0,2,1,5,2,72,10,1318,1,1,-1,-1,-1
2017410207862,1,9,0,9,0,0,0,0,0,0,1,1,5,2,17,4,1199,1,14,5,1,5
2017410207862,2,1,0,18,0,0,0,0,0,0,2,1,5,1,14,3,-1,-1,-1,8,1,8
2017410207870,1,9,0,11,0,0,5,0,1,0,0,1,2,2,34,6,1299,1,13,-1,-1,-1
2017410207870,2,9,0,18,0,0,0,0,0,0,0,1,2,2,23,5,1242,1,2,-1,-1,-1
2017410207885,1,9,0,18,0,2,0,0,0,0,3,1,6,3,-1,-1,-1,-1,-1,-1,-1,-1
2017410207885,2,1,0,18,0,1,0,0,0,0,1,1,6,1,74,10,-1,-1,-1,-1,-1,-1
2017410207898,1,9,0,18,0,0,0,0,0,0,4,1,5,1,71,10,4367,2,4,-1,-1,-1
2017410207925,1,9,0,9,0,8,0,0,0,0,1,1,1,1,42,7,1560,2,1,3,1,3
2017410207925,2,5,0,18,0,8,5,0,0,0,4,1,5,1,46,8,865,1,4,3,1,3
2017410207954,1,9,0,9,0,8,0,0,0,0,3,1,6,3,-1,-1,1753,2,13,-1,-1,-1
2017410207954,2,9,0,18,0,1,0,0,0,0,1,1,1,1,38,7,1896,2,13,4,1,4
2017410208003,1,98,1,12,0,0,0,0,0,0,3,1,1,1,48,8,-1,-1,-1,-1,-1,-1
2017410208003,2,9,0,18,0,0,0,0,5,6,4,1,2,1,51,8,1598,1,12,-1,-1,-1
2017410208023,1,9,0,12,0,1,1,0,5,6,3,1,5,1,38,7,1950,2,17,9,1,9
2017410208033,1,9,0,9,0,4,0,0,0,0,3,1,5,2,84,11,998,1,11,-1,-1,-1
2017410208033,2,1,0,14,0,4,0,0,0,0,1,1,5,1,37,7,-1,-1,-1,-1,-1,-1
2017410208171,1,3,0,13,0,1,5,0,0,0,1,1,2,1,50,8,114,1,3,-1,-1,-1
2017410208171,2,9,0,9,0,8,0,0,0,0,3,1,1,2,45,7,1984,1,3,-1,-1,-1
2017410208176,1,9,0,7,0,0,0,0,1,0,3,1,5,1,57,9,2987,2,6,6,1,6
2017410208176,2,9,0,18,0,0,1,0,0,0,1,1,2,1,34,6,1461,2,6,7,1,7
2017410208177,1,9,0,13,0,0,0,0,0,0,1,1,6,1,19,4,-1,-1,-1,-1,-1,-1
2017410208177,2,9,0,18,0,0,0,0,0,0,1,1,6,1,31,6,1984,1,2,-1,-1,-1
2017410208268,1,9,0,4,0,1,0,0,0,0,1,1,6,2,71,10,1560,2,9,-1,-1,-1
2017410208268,2,1,0,9,0,5,0,0,0,0,2,1,6,1,19,4,-1,-1,-1,-1,-1,-1
2017410208325,1,5,0,14,0,0,0,0,0,0,1,1,6,1,50,8,647,1,18,-1,-1,-1
2017410208325,2,9,0,9,0,0,0,0,0,0,3,1,1,2,60,9,-1,-1,-1,-1,-1,-1
2017410208355,1,9,0,7,0,0,1,10,8,0,1,1,6,2,21,5,998,1,12,-1,-1,-1
2017410208355,2,9,0,18,0,0,0,0,0,0,1,1,6,1,29,6,1685,2,-1,-1,-1,-1
2017410208394,1,9,0,18,0,0,0,4,0,0,1,1,5,1,56,9,1597,2,2,-1,-1,-1
2017410208394,2,19,0,2,0,0,0,0,0,0,2,1,5,1,48,8,2402,2,11,-1,-1,-1
2017410208508,1,9,0,9,0,4,0,0,0,0,3,1,5,1,81,11,1595,1,4,-1,-1,-1
2017410208508,2,9,0,18,0,8,0,0,0,0,1,1,2,2,29,6,1242,1,8,-1,-1,-1
2017410208549,1,9,0,18,0,1,0,0,0,0,1,1,6,1,54,8,1596,1,12,-1,-1,-1
2017410208549,2,9,0,3,0,1,0,0,0,0,2,1,5,2,40,7,1598,2,1,-1,-1,-1
2017410208571,1,9,0,4,0,0,0,0,0,0,2,1,5,1,42,7,1796,1,13,-1,-1,-1
2017410208571,2,9,0,18,0,0,0,0,0,0,1,1,5,2,70,10,1598,1,11,-1,-1,-1
2017410208571,3,19,0,18,0,0,0,0,0,0,1,1,5,3,-1,-1,1998,2,11,-1,-1,-1
2017410208612,1,9,0,5,0,8,0,0,0,0,1,1,1,1,33,6,2143,2,3,-1,-1,-1
2017410208612,2,1,0,18,0,1,0,0,0,0,1,1,5,1,19,4,-1,-1,-1,-1,-1,-1
2017410208651,1,98,0,18,0,0,0,0,0,0,1,1,6,1,-1,-1,-1,-1,-1,-1,-1,-1
2017410208651,2,1,0,18,0,0,0,0,0,0,2,1,6,1,12,3,-1,-1,-1,-1,-1,-1
2017410208686,1,9,0,18,0,8,0,0,0,0,1,1,2,1,57,9,-1,-1,-1,-1,-1,-1
2017410208686,2,9,0,9,0,8,0,0,0,0,1,1,2,2,59,9,1493,2,9,-1,-1,-1
2017410208688,1,9,0,18,0,4,1,10,7,1,1,1,5,1,32,6,1398,1,6,-1,-1,-1
2017410208694,1,9,0,18,0,1,1,0,2,3,3,1,1,1,45,7,1598,2,2,-1,-1,-1
2017410208694,2,9,0,18,0,1,1,0,0,0,4,1,2,1,58,9,-1,-1,-1,-1,-1,-1
2017410208749,1,9,0,18,0,8,0,0,0,0,2,1,6,2,17,4,1498,1,1,4,1,4
2017410208749,2,9,0,18,0,8,0,0,0,0,1,1,6,1,30,6,1995,2,1,6,1,6
2017410208749,3,9,0,18,0,8,0,0,0,0,2,1,5,1,48,8,1582,2,4,10,1,10
2017410208777,1,9,0,9,0,6,0,0,0,0,1,1,5,1,34,6,1796,1,12,-1,-1,-1
2017410208777,2,1,0,18,0,1,0,0,0,0,4,1,5,1,91,11,-1,-1,-1,-1,-1,-1
2017410208777,3,1,0,18,0,1,0,0,0,0,4,1,5,2,58,9,-1,-1,-1,-1,-1,-1
2017410208793,1,9,0,12,0,0,0,0,0,0,3,1,2,2,37,7,1598,2,3,5,3,5
2017410208793,2,9,0,18,0,0,0,0,0,0,4,1,2,1,51,8,2993,2,6,9,3,9
2017410208793,3,9,0,18,0,0,0,0,0,0,4,1,2,2,23,5,1242,1,7,9,3,9
2017410208917,1,9,0,11,0,0,0,0,0,0,4,1,6,2,35,6,2143,2,4,-1,-1,-1
2017410208917,2,9,0,18,0,0,0,0,0,0,3,1,6,1,33,6,3456,8,5,-1,-1,-1
2017410208983,1,9,0,9,0,8,0,0,0,0,4,1,2,1,22,5,998,1,2,-1,-1,-1
2017410208983,2,5,0,18,0,1,0,0,0,0,1,1,6,1,51,8,745,1,3,-1,-1,-1
2017410209010,1,9,0,9,0,1,0,0,0,0,2,1,6,1,47,8,1685,2,-1,-1,-1,-1
2017410209010,2,3,0,14,0,1,0,0,0,0,1,1,1,1,38,7,125,1,1,-1,-1,-1
2017410209051,1,9,0,18,0,1,0,0,0,0,1,1,1,1,52,8,1995,2,4,-1,-1,-1
2017410209051,2,1,0,9,0,1,0,0,0,0,3,1,5,1,13,3,-1,-1,-1,-1,-1,-1
2017410209093,1,9,0,10,0,1,0,0,0,0,2,1,2,1,-1,-1,2231,2,11,10,1,10
2017410209093,2,9,0,18,0,1,0,0,0,0,1,1,2,2,19,4,996,1,5,6,1,6
2017410209133,1,9,0,18,0,1,0,0,0,0,1,1,2,2,22,5,1398,1,1,-1,-1,-1
2017410209133,2,3,0,7,0,1,0,0,0,0,4,1,2,1,19,4,125,1,3,-1,-1,-1
2017410209212,1,9,0,18,0,1,0,0,0,0,1,1,6,1,-1,-1,1596,1,18,-1,-1,-1
2017410209212,2,9,0,3,0,1,0,0,0,0,2,1,5,1,28,6,1499,2,1,-1,-1,-1
2017410209212,3,9,0,10,0,5,0,0,0,0,2,1,5,2,24,5,999,1,3,-1,-1,-1
2017410209227,1,9,0,7,0,4,0,0,0,0,1,1,6,2,53,8,-1,-1,-1,-1,-1,-1
2017410209227,2,1,0,18,0,8,0,0,0,0,1,1,6,1,89,11,-1,-1,-1,-1,-1,-1
2017410209257,1,98,0,4,0,1,0,0,0,0,1,1,5,1,67,10,-1,-1,-1,-1,-1,-1
2017410209257,2,9,0,5,0,4,0,0,0,0,2,1,5,1,33,6,1388,1,7,-1,-1,-1
2017410209361,1,9,0,13,0,0,0,0,0,0,4,1,6,1,33,6,2979,1,3,-1,-1,-1
2017410209361,2,9,0,18,0,0,0,0,0,0,0,1,6,3,-1,-1,1598,1,17,-1,-1,-1
2017410209361,3,1,0,18,0,0,1,0,0,0,3,1,2,1,31,6,-1,-1,-1,-1,-1,-1
2017410209394,1,9,0,9,0,5,0,0,0,0,0,1,6,3,-1,-1,-1,-1,-1,-1,-1,-1
2017410209394,2,9,0,4,0,1,0,0,0,0,3,1,6,1,-1,-1,-1,-1,-1,-1,-1,-1
2017410209394,3,3,0,4,0,1,2,0,0,0,4,1,1,1,32,6,125,1,3,-1,-1,-1
2017410209472,1,19,0,5,0,8,0,0,0,0,1,1,1,1,30,6,2143,2,2,-1,-1,-1
2017410209472,2,9,0,9,0,8,0,0,0,0,3,1,2,1,37,7,1198,1,8,-1,-1,-1
2017410209480,1,9,0,18,0,1,1,0,0,0,1,1,5,1,26,6,1968,2,1,-1,-1,-1
2017410209480,2,1,0,18,0,2,5,0,0,0,1,1,5,1,16,4,-1,-1,-1,-1,-1,-1
2017410209558,1,9,0,18,0,8,5,9,8,0,1,1,5,2,24,5,1995,2,5,-1,-1,-1
2017410209558,2,9,0,18,0,1,0,0,0,0,0,1,1,1,-1,-1,1598,2,1,-1,-1,-1
2017410209577,1,9,0,9,0,8,0,0,0,0,3,1,5,2,57,9,1586,1,3,-1,-1,-1
2017410209577,2,3,0,13,0,1,1,0,0,0,1,1,5,1,25,5,125,1,2,-1,-1,-1
2017410210087,1,9,0,13,0,0,0,0,0,0,1,1,6,1,59,9,1997,2,15,-1,-1,-1
2017410210087,2,9,0,18,0,0,0,0,0,0,1,1,6,1,39,7,1998,1,17,-1,-1,-1
2017410210267,1,8,0,3,0,1,0,0,0,0,1,1,1,1,62,9,1998,2,9,-1,-1,-1
2017410210267,2,9,0,7,0,2,1,0,0,0,1,1,1,2,31,6,-1,-1,-1,-1,-1,-1
2017410210302,1,9,0,13,0,0,0,0,0,0,2,1,6,2,32,6,1398,1,2,-1,-1,-1
2017410210302,2,9,0,18,0,0,0,0,0,0,1,1,6,2,30,6,1198,1,12,-1,-1,-1
2017410210302,3,1,0,18,0,0,0,0,0,0,0,1,6,3,-1,-1,-1,-1,-1,-1,-1,-1
2017410210317,1,9,0,11,0,0,1,0,0,0,1,1,6,1,21,5,2494,1,13,4,1,4
2017410210317,2,9,0,4,0,0,0,0,0,0,4,1,6,1,28,6,1686,2,16,2,1,2
2017410210317,3,9,0,18,0,0,0,0,0,0,3,1,6,1,65,9,1598,2,5,8,2,8
2017410210426,1,9,0,18,0,0,1,0,2,7,1,1,1,2,45,7,1364,1,8,-1,-1,-1
2017410210426,2,9,0,18,0,0,1,0,0,0,1,1,1,1,26,6,1968,2,10,-1,-1,-1
2017410210577,1,9,0,18,0,8,0,0,0,0,3,1,5,1,48,8,1200,1,1,-1,-1,-1
2017410210577,2,9,0,9,0,6,0,0,0,0,1,1,1,1,-1,-1,1248,1,5,-1,-1,-1
2017410210649,1,3,0,18,0,1,0,0,0,0,4,1,2,1,38,7,125,1,-1,-1,-1,-1
2017410210649,2,11,0,9,0,2,0,0,0,0,1,1,1,2,-1,-1,2998,2,6,-1,-1,-1
2017410210735,1,9,0,9,0,8,0,0,0,0,3,1,5,2,63,9,1598,2,6,-1,-1,-1
2017410210735,2,3,0,18,0,8,0,0,0,0,4,1,5,2,51,8,102,1,10,-1,-1,-1
2017410210864,1,9,0,18,0,0,0,0,0,0,1,1,6,1,31,6,1995,2,11,-1,-1,-1
2017410210864,2,9,0,18,0,0,0,0,0,0,2,1,6,2,41,7,1995,2,3,-1,-1,-1
2017410210890,1,9,0,9,0,8,0,0,0,0,4,1,2,1,69,10,1499,1,1,-1,-1,-1
2017410210890,2,1,0,18,0,8,0,0,0,0,1,1,2,1,38,7,-1,-1,-1,-1,-1,-1
2017410210965,1,9,0,18,0,0,0,0,0,0,4,1,6,1,-1,-1,1950,2,1,-1,-1,-1
2017410211046,1,9,0,3,0,0,0,0,0,0,1,1,5,1,53,8,2143,2,2,-1,-1,-1
2017410211046,2,9,0,3,0,0,0,0,0,0,2,1,5,2,31,6,1997,2,1,-1,-1,-1
2017410211175,1,9,0,13,0,0,0,0,0,0,1,1,6,3,-1,-1,-1,-1,-1,-1,-1,-1
2017410211175,2,1,0,12,0,0,0,0,0,0,3,1,5,1,14,3,-1,-1,-1,-1,-1,-1
2017410211232,1,9,0,18,0,0,0,0,0,0,4,1,2,2,49,8,-1,-1,-1,-1,-1,-1
2017410211232,2,1,0,18,0,0,0,0,0,0,3,1,5,1,12,3,-1,-1,-1,-1,-1,-1
2017410211258,1,9,0,9,0,8,0,0,0,0,1,1,5,2,44,7,-1,-1,-1,-1,-1,-1
2017410211258,2,9,0,18,0,1,0,0,0,0,1,1,5,1,62,9,1596,1,16,-1,-1,-1
2017410211298,1,5,0,18,0,0,1,0,0,0,0,1,2,1,45,7,997,1,28,-1,-1,-1
2017410211599,1,9,0,10,0,6,0,0,0,0,1,1,6,3,-1,-1,1229,1,3,-1,-1,-1
2017410211599,2,9,0,4,0,2,0,0,0,0,4,1,5,1,-1,-1,1398,1,1,-1,-1,-1
2017410211680,1,5,0,3,0,4,0,0,0,0,2,1,6,1,48,8,999,1,1,-1,-1,-1
2017410211680,2,9,0,18,0,1,0,0,0,0,1,1,6,2,53,8,-1,-1,-1,-1,-1,-1
2017410211692,1,5,0,18,0,0,0,0,1,2,1,1,6,1,35,6,600,1,17,-1,-1,-1
2017410211713,1,2,0,16,0,0,0,0,1,0,1,1,5,1,16,4,49,1,1,-1,-1,-1
2017410211749,1,3,0,18,0,4,0,0,0,0,4,1,6,1,17,4,124,1,-1,-1,-1,-1
2017410211749,2,9,0,18,0,4,0,0,0,0,3,1,5,2,51,8,1598,1,7,-1,-1,-1
2017410211799,1,9,0,17,0,0,1,2,1,3,4,1,5,2,24,5,1229,1,11,-1,-1,-1
2017410211823,1,9,0,18,0,0,0,0,0,0,3,1,5,3,-1,-1,-1,-1,-1,-1,-1,-1
2017410211840,1,9,0,5,0,0,0,0,0,0,1,1,6,2,-1,-1,-1,-1,-1,-1,-1,-1
2017410211882,1,9,0,18,0,8,0,0,0,0,1,1,5,1,76,11,1398,1,13,-1,-1,-1
2017410211882,2,1,0,18,0,8,0,0,0,0,4,1,5,2,56,9,-1,-1,-1,-1,-1,-1
2017410211894,1,9,0,2,0,0,0,0,0,0,4,1,5,1,42,7,2179,2,8,-1,-1,-1
2017410211894,2,9,0,18,0,0,0,4,0,0,4,1,2,2,25,5,1598,1,9,-1,-1,-1
2017410212190,1,9,0,9,0,1,1,0,3,6,1,1,1,2,18,4,1388,1,14,-1,-1,-1
2017410212205,1,19,0,18,0,0,0,0,0,0,1,1,6,1,-1,-1,2402,2,17,-1,-1,-1
2017410212205,2,9,0,3,0,0,0,0,0,0,2,1,5,2,59,9,1587,1,11,-1,-1,-1
2017410212205,3,9,0,3,0,0,0,0,0,0,2,1,5,1,21,5,1596,1,11,-1,-1,-1
2017410212325,1,9,0,16,0,0,1,0,1,11,4,1,5,1,19,4,2494,1,16,8,1,8
2017410212326,1,9,0,4,0,0,0,0,0,0,2,1,6,2,-1,-1,1399,2,10,-1,-1,-1
2017410212326,2,19,0,18,0,0,0,0,0,0,1,1,1,1,23,5,2198,2,1,-1,-1,-1
2017410212326,3,-1,0,18,0,0,0,0,0,0,2,1,6,3,-1,-1,-1,-1,-1,-1,-1,-1
2017410212376,1,9,0,18,0,1,0,0,1,0,3,1,5,2,52,8,1242,1,6,-1,-1,-1
2017410212376,2,9,0,13,0,1,0,0,0,0,4,1,6,3,-1,-1,1596,1,18,-1,-1,-1
2017410212386,1,9,0,1,0,1,0,0,0,0,2,1,6,1,-1,-1,-1,-1,-1,10,1,10
2017410212386,2,9,0,3,0,1,0,0,0,0,1,1,6,2,21,5,998,1,1,-1,-1,-1
2017410212499,1,9,0,9,0,8,0,0,0,0,3,1,2,1,50,8,1598,1,20,-1,-1,-1