Accident_Index,Vehicle_Reference,Vehicle_Type,Towing_and_Articulation,Vehicle_Manoeuvre,Vehicle_Location-Restricted_Lane,Junction_Location,Skidding_and_Overturning,Hit_Object_in_Carriageway,Vehicle_Leaving_Carriageway,Hit_Object_off_Carriageway,1st_Point_of_Impact,Was_Vehicle_Left_Hand_Drive?,Journey_Purpose_of_Driver,Sex_of_Driver,Age_of_Driver,Age_Band_of_Driver,Engine_Capacity_(CC),Propulsion_Code,Age_of_Vehicle,Driver_IMD_Decile,Driver_Home_Area_Type,Vehicle_IMD_Decile
2017410212499,2,5,0,18,0,1,5,0,0,0,1,1,2,1,30,6,998,1,15,-1,-1,-1
2017410212500,1,9,0,18,0,0,0,0,0,0,1,1,6,1,25,5,1598,1,15,-1,-1,-1
2017410212500,2,9,0,2,0,0,0,0,0,0,1,1,5,3,-1,-1,1461,2,5,3,1,3
2017410212500,3,9,0,2,0,0,0,0,0,0,1,1,5,3,-1,-1,1598,1,8,-1,-1,-1
2017410212512,1,9,0,18,0,1,0,0,0,0,1,1,5,1,29,6,1497,1,15,-1,-1,-1
2017410212512,2,9,0,4,0,1,0,0,0,0,2,1,5,2,36,7,1461,2,4,10,1,10
2017410212512,3,9,0,7,0,1,0,0,0,0,-1,1,5,1,-1,-1,999,1,2,10,1,10
2017410212586,1,9,0,7,0,6,0,0,0,0,1,1,2,2,33,6,1997,2,12,-1,-1,-1
2017410212586,2,9,0,18,0,8,0,0,0,0,1,1,5,2,59,9,1242,1,2,-1,-1,-1
2017410212609,1,9,0,9,0,8,0,0,0,0,1,1,5,1,18,4,1388,1,9,-1,-1,-1
2017410212609,2,9,0,18,0,1,0,0,0,0,3,1,5,2,41,7,1198,1,14,-1,-1,-1
2017410212616,1,9,0,18,0,0,0,0,7,0,1,1,6,1,41,7,1596,1,16,3,1,3
2017410212652,1,19,0,1,9,0,0,0,0,0,2,1,1,1,44,7,2198,2,9,-1,-1,-1
2017410212664,1,9,0,18,0,1,0,0,0,0,1,1,1,1,30,6,-1,-1,-1,3,1,3
2017410212664,2,9,0,3,0,1,0,0,0,0,2,1,6,2,19,4,998,1,10,4,1,4
2017410212684,1,9,0,7,0,1,0,0,0,0,1,1,6,3,-1,-1,-1,-1,-1,-1,-1,-1
2017410212684,2,1,0,18,0,8,5,0,0,0,2,1,6,1,18,4,-1,-1,-1,-1,-1,-1
2017410212695,1,9,0,4,0,1,0,0,0,0,2,1,5,1,59,9,2000,2,6,-1,-1,-1
2017410212695,2,9,0,18,0,1,0,0,0,0,1,1,5,2,82,11,1229,1,11,-1,-1,-1
2017410212723,1,9,0,18,0,6,0,4,0,0,4,1,6,1,27,6,1968,2,11,9,2,9
2017410212723,2,9,0,2,0,2,0,0,0,0,3,1,5,3,-1,-1,1798,1,11,-1,-1,-1
2017410212776,1,9,0,8,0,1,0,0,0,0,1,1,6,1,47,8,2198,2,2,-1,-1,-1
2017410212776,2,9,0,5,0,1,0,0,0,0,2,1,6,2,35,6,1598,1,10,-1,-1,-1
2017410212780,1,9,0,18,0,2,0,0,0,0,1,1,6,2,43,7,1998,1,13,-1,-1,-1
2017410212812,1,3,0,4,0,1,1,0,1,0,1,1,6,1,24,5,-1,-1,-1,-1,-1,-1
2017410212833,1,9,0,18,0,2,0,0,0,0,1,1,5,1,46,8,1339,8,6,-1,-1,-1
2017410212833,2,9,0,14,0,1,1,0,0,0,1,1,6,1,55,8,1591,1,10,-1,-1,-1
2017410212886,1,5,0,3,0,0,5,0,0,0,1,1,6,1,27,6,998,1,13,6,1,6
2017410212886,2,9,0,4,0,0,0,0,0,0,2,1,6,2,35,6,1598,2,6,3,1,3
2017410212930,1,19,0,18,0,0,0,0,0,0,1,1,1,1,44,7,2198,2,2,-1,-1,-1
2017410212930,2,19,0,4,0,0,0,0,0,0,2,1,1,1,36,7,2287,2,10,-1,-1,-1
2017410212959,1,9,0,18,0,0,0,0,0,0,0,1,5,2,62,9,1995,2,3,10,1,10
2017410212959,2,9,0,13,0,0,1,0,0,0,0,1,5,1,55,8,-1,-1,-1,7,1,7
2017410212961,1,98,1,12,0,0,0,0,0,0,3,1,1,3,-1,-1,-1,-1,-1,-1,-1,-1
2017410212961,2,9,0,18,0,0,1,0,5,6,4,1,5,2,28,6,1598,1,11,-1,-1,-1
2017410212995,1,9,0,18,0,2,0,0,3,4,1,1,5,1,36,7,1390,1,12,-1,-1,-1
2017410213021,1,5,0,18,0,0,0,0,1,0,4,1,5,1,73,10,1298,1,12,-1,-1,-1
2017410213053,1,9,0,7,0,3,0,0,0,0,1,1,5,2,50,8,1364,1,1,-1,-1,-1
2017410213053,2,1,0,3,0,3,0,0,0,0,2,1,5,2,53,8,-1,-1,-1,-1,-1,-1
2017410213077,1,3,0,13,0,1,0,0,0,0,1,1,2,1,27,6,124,1,4,-1,-1,-1
2017410213077,2,9,0,9,0,1,0,0,0,0,3,1,6,1,55,8,-1,-1,-1,-1,-1,-1
2017410213136,1,19,0,18,0,0,1,0,0,0,1,1,5,1,22,5,2143,2,6,-1,-1,-1
2017410213136,2,8,0,4,0,0,0,0,0,0,2,1,5,1,49,8,1998,2,7,-1,-1,-1
2017410213136,3,9,0,4,0,0,0,0,0,0,1,1,5,2,36,7,1560,2,13,-1,-1,-1
2017410213136,4,9,0,4,0,0,0,0,0,0,2,1,5,1,54,8,1560,2,11,-1,-1,-1
2017410213136,5,19,0,18,0,0,0,0,0,0,3,1,5,1,45,7,1598,2,4,-1,-1,-1
2017410213149,1,1,0,18,0,8,0,0,0,0,4,1,5,1,14,3,-1,-1,-1,-1,-1,-1
2017410213149,2,9,0,5,0,4,0,0,0,0,1,1,6,2,38,7,1598,1,11,-1,-1,-1
2017410213260,1,9,0,18,0,1,2,0,1,0,1,1,6,1,-1,-1,1999,1,15,-1,-1,-1
2017410213260,2,9,0,9,0,6,0,0,0,0,1,1,5,1,47,8,1991,2,14,6,1,6
2017410213320,1,9,0,18,0,8,0,0,0,0,2,1,6,1,-1,-1,2204,2,9,-1,-1,-1
2017410213320,2,19,0,18,0,8,0,0,0,0,1,1,6,1,38,7,2402,2,13,-1,-1,-1
2017410213399,1,9,0,9,0,0,0,0,0,0,1,1,5,2,45,7,2979,1,2,9,3,9
2017410213399,2,1,0,18,0,0,0,4,0,0,3,1,5,1,-1,-1,-1,-1,-1,10,1,10
2017410213399,3,9,0,2,0,0,0,0,0,0,4,1,5,3,-1,-1,2993,2,4,-1,-1,-1
2017410213433,1,9,0,3,0,0,0,0,0,0,2,1,5,1,26,6,1149,1,10,-1,-1,-1
2017410213433,2,9,0,3,0,0,0,0,0,0,2,1,5,1,70,10,1499,1,2,-1,-1,-1
2017410213433,3,9,0,4,0,0,0,0,0,0,1,1,5,2,25,5,1968,2,1,-1,-1,-1
2017410213444,1,9,0,18,0,0,0,0,0,0,0,1,6,3,-1,-1,-1,-1,-1,-1,-1,-1
2017410213458,1,9,0,18,0,0,5,0,1,0,1,1,6,1,78,11,1598,1,8,7,1,7
2017410213500,1,9,0,11,0,0,0,0,0,0,4,1,5,1,39,7,1685,2,1,-1,-1,-1
2017410213500,2,9,0,18,0,0,1,0,0,0,2,1,5,1,40,7,2967,2,8,-1,-1,-1
2017410213500,3,21,1,18,0,0,0,0,0,0,3,1,5,1,32,6,12419,2,1,-1,-1,-1
2017410213570,1,9,0,7,0,1,0,0,0,0,3,1,1,1,28,6,1197,1,-1,-1,-1,-1
2017410213570,2,1,0,18,4,1,0,0,0,0,1,1,6,1,46,8,-1,-1,-1,-1,-1,-1
2017410213599,1,9,0,9,0,8,0,0,0,0,4,1,6,2,25,5,1362,1,4,-1,-1,-1
2017410213599,2,1,0,15,0,1,0,0,0,0,1,1,2,1,22,5,-1,-1,-1,-1,-1,-1
2017410213658,1,9,0,18,0,0,0,11,0,0,1,1,6,1,24,5,2494,1,13,-1,-1,-1
2017410213762,1,9,0,5,0,0,0,0,0,0,3,1,5,1,21,5,2446,1,13,-1,-1,-1
2017410213762,2,5,0,5,0,0,0,0,0,0,4,1,5,1,37,7,782,1,7,-1,-1,-1
2017410213775,1,9,0,18,0,0,1,0,1,4,1,1,6,1,19,4,1229,1,5,10,1,10
2017410213887,1,9,0,18,0,2,0,0,1,4,1,1,6,1,42,7,1998,1,12,-1,-1,-1
2017410213887,2,11,0,2,0,1,0,0,0,0,3,1,6,1,50,8,7300,2,9,-1,-1,-1
2017410213991,1,9,0,18,0,0,1,0,1,4,3,1,6,1,29,6,1242,1,6,5,1,5
2017410214120,1,8,0,18,0,0,0,0,1,7,4,1,1,1,27,6,1797,8,7,-1,-1,-1
2017410214261,1,9,0,18,0,0,2,12,0,0,1,1,1,1,32,6,2231,2,4,-1,-1,-1
2017410214274,1,9,0,7,0,4,0,0,0,0,1,1,6,3,-1,-1,-1,-1,-1,-1,-1,-1
2017410214274,2,2,0,18,0,8,1,0,0,0,2,1,5,1,16,4,49,1,4,9,1,9
2017410214344,1,9,0,17,0,0,1,0,0,0,1,1,6,2,40,7,2184,2,10,-1,-1,-1
2017410214344,2,9,0,16,0,0,1,0,0,0,1,1,6,2,22,5,1598,2,2,6,3,6
2017410214432,1,9,0,5,0,4,0,0,0,0,3,1,5,2,78,11,1198,1,2,10,1,10
2017410214432,2,20,0,18,0,8,0,0,0,0,1,1,1,1,45,7,2998,2,9,3,1,3
2017410214487,1,5,0,15,0,0,1,0,0,0,4,1,1,1,40,7,-1,-1,-1,8,1,8
2017410214505,1,9,0,5,0,0,0,0,0,0,1,1,6,2,62,9,998,1,17,-1,-1,-1
2017410214515,1,9,0,18,0,0,0,0,0,0,1,1,2,1,35,6,1390,1,15,-1,-1,-1
2017410214515,2,9,0,18,0,0,0,0,0,0,2,1,6,2,56,9,3498,1,13,-1,-1,-1
2017410214523,1,19,0,18,0,0,1,0,0,0,3,1,6,1,19,4,1560,2,-1,-1,-1,-1
2017410214523,2,9,0,18,0,0,0,4,0,0,3,1,6,1,44,7,1871,2,14,-1,-1,-1
2017410214523,3,9,0,2,0,0,0,0,0,0,4,1,6,2,21,5,1388,1,15,-1,-1,-1
2017410214578,1,9,0,18,0,1,0,4,0,0,4,1,6,1,76,11,1984,1,6,-1,-1,-1
2017410214578,2,9,0,2,0,1,0,4,0,0,2,1,5,3,-1,-1,1984,1,3,-1,-1,-1
2017410214578,3,9,0,2,0,1,0,4,0,0,2,1,5,3,-1,-1,1988,1,13,-1,-1,-1
2017410214578,4,9,0,2,0,1,0,0,0,0,2,1,5,3,-1,-1,1242,1,4,-1,-1,-1
2017410214588,1,9,0,17,0,1,1,0,2,9,1,1,2,1,24,5,1596,1,4,-1,-1,-1
2017410214592,1,9,0,18,0,0,0,0,0,0,4,1,5,1,60,9,2494,8,-1,7,1,7
2017410214598,1,9,0,11,0,0,2,0,2,0,1,1,5,2,53,8,1299,1,17,-1,-1,-1
2017410214629,1,9,0,12,0,7,1,0,4,6,4,1,2,1,23,5,2494,1,17,2,1,2
2017410214629,2,9,0,18,0,8,0,0,4,6,4,1,2,2,52,8,1248,2,8,8,1,8
2017410214631,1,9,0,10,0,1,0,0,0,0,2,1,5,1,74,10,1999,1,15,-1,-1,-1
2017410214631,2,9,0,18,0,1,0,0,0,0,1,1,5,2,18,4,1997,2,15,-1,-1,-1
2017410214686,1,9,0,18,0,0,0,0,0,0,1,1,2,2,32,6,2143,2,5,-1,-1,-1
2017410214686,2,9,0,18,0,0,0,0,0,0,1,1,2,2,28,6,1598,1,10,-1,-1,-1
2017410214686,3,9,0,4,0,0,0,0,0,0,2,1,6,3,-1,-1,-1,-1,-1,-1,-1,-1
2017410214688,1,9,0,13,0,0,0,0,0,0,0,1,6,1,64,9,-1,-1,-1,9,1,9
2017410214688,2,9,0,18,0,0,0,0,1,0,2,1,6,1,26,6,1896,2,11,4,1,4
2017410214688,3,9,0,15,0,0,0,0,0,0,1,1,6,1,21,5,2995,1,-1,4,1,4
2017410214745,1,1,0,18,0,1,5,0,0,0,3,1,5,1,38,7,-1,-1,-1,-1,-1,-1
2017410214745,2,19,0,18,0,1,0,0,0,0,1,1,2,1,21,5,1686,2,11,-1,-1,-1
2017410214755,1,9,0,18,0,1,0,10,8,1,1,1,5,2,45,7,2967,1,16,7,3,7
2017410214755,2,9,0,18,0,3,0,0,0,0,1,1,5,1,56,9,2148,2,14,4,1,4
2017410214759,1,19,0,9,0,8,0,0,0,0,4,1,1,1,61,9,1560,2,2,-1,-1,-1
2017410214759,2,1,0,18,0,1,0,0,0,0,1,1,6,1,34,6,-1,-1,-1,-1,-1,-1
2017410214816,1,9,0,9,0,8,1,0,0,0,1,1,6,1,17,4,1597,1,9,10,1,10
2017410214816,2,5,0,18,0,1,0,0,0,0,1,1,2,1,36,7,599,1,22,4,1,4
2017410214848,1,9,0,18,0,0,1,0,4,6,1,1,6,1,-1,-1,-1,-1,-1,-1,-1,-1
2017410214848,2,9,0,18,0,0,1,0,4,6,3,1,6,1,21,5,-1,-1,-1,-1,-1,-1
2017410214852,1,9,0,18,0,8,0,0,0,0,4,1,5,1,19,4,998,1,5,10,1,10
2017410214852,2,9,0,5,0,4,0,0,0,0,1,1,5,1,71,10,5000,1,8,10,1,10
2017410214936,1,9,0,18,0,8,0,0,1,2,1,1,6,2,29,6,1995,1,10,9,1,9
2017410214971,1,9,0,10,0,1,0,0,0,0,2,1,5,1,64,9,1997,1,12,6,1,6
2017410214971,2,9,0,18,0,1,0,0,0,0,1,1,5,1,59,9,1968,2,7,9,1,9
2017410215010,1,9,0,18,0,4,0,0,0,0,3,1,2,2,54,8,1679,1,16,7,1,7
2017410215010,2,3,0,18,0,8,0,0,0,0,1,1,2,1,25,5,-1,-1,-1,6,1,6
2017410215064,1,9,0,18,0,0,1,7,7,7,1,1,6,1,-1,-1,1595,1,-1,-1,-1,-1
2017410215064,2,9,0,18,0,0,1,7,0,0,4,1,1,1,33,6,1339,8,6,-1,-1,-1
2017410215095,1,9,0,7,0,4,0,0,0,0,1,1,2,1,34,6,1984,1,12,-1,-1,-1
2017410215095,2,1,0,18,9,4,0,0,0,0,3,1,6,1,12,3,-1,-1,-1,-1,-1,-1
2017410215104,1,5,0,18,0,0,0,0,0,0,1,1,5,1,49,8,1085,1,20,-1,-1,-1
2017410215104,2,9,0,18,0,0,1,0,0,0,1,1,5,1,48,8,2993,2,6,-1,-1,-1
2017410215104,3,9,0,18,0,0,1,0,0,0,2,1,5,1,42,7,1497,8,2,-1,-1,-1
2017410215149,1,9,0,4,0,1,0,0,0,0,2,1,5,1,62,9,2179,2,10,-1,3,-1
2017410215149,2,21,0,4,0,1,1,0,7,0,1,1,1,1,27,6,4500,2,2,-1,-1,-1
2017410215149,3,9,0,9,0,5,0,0,0,0,3,1,5,1,93,11,1348,1,15,-1,-1,-1
2017410215225,1,9,0,5,0,4,0,0,0,0,3,1,6,1,92,11,1791,8,5,-1,-1,-1
2017410215225,2,3,0,9,0,8,5,0,0,0,1,1,6,2,27,6,125,1,9,-1,-1,-1
2017410215277,1,1,0,4,0,2,0,0,0,0,1,1,5,1,44,7,-1,-1,-1,-1,-1,-1
2017410215277,2,9,0,7,0,2,0,0,0,0,2,1,5,2,27,6,1995,2,5,-1,-1,-1
2017410215280,1,19,0,18,0,0,5,0,0,0,1,1,2,1,28,6,1598,2,2,-1,-1,-1
2017410215280,2,21,0,18,0,0,0,0,0,0,2,1,1,1,58,9,6692,2,4,-1,-1,-1
2017410215354,1,9,0,16,0,0,0,0,0,0,1,1,6,1,-1,-1,-1,-1,-1,10,1,10
2017410215354,2,1,0,16,0,0,0,0,0,0,2,1,6,1,47,8,-1,-1,-1,10,1,10
2017410215354,3,1,0,16,0,0,0,0,0,0,2,1,6,2,-1,-1,-1,-1,-1,-1,-1,-1
2017410215411,1,9,0,18,0,1,0,4,0,0,1,1,5,1,26,6,-1,-1,-1,5,1,5
2017410215411,2,19,0,18,0,1,0,4,0,0,2,1,5,1,58,9,1598,2,4,6,1,6
2017410215517,1,9,0,5,0,0,0,0,0,0,1,1,5,2,18,4,998,1,17,8,1,8
2017410215517,2,9,0,5,0,0,0,0,0,0,1,1,1,1,44,7,1242,1,14,9,2,9
2017410215551,1,21,0,4,0,1,0,0,0,0,1,1,1,1,27,6,12900,2,6,-1,-1,-1
2017410215551,2,9,0,3,0,1,0,0,0,0,2,1,2,2,45,7,1240,1,13,-1,-1,-1
2017410215556,1,19,0,9,0,8,0,0,0,0,4,1,5,1,33,6,2402,2,7,-1,-1,-1
2017410215556,2,4,0,18,0,1,5,0,0,0,1,1,5,1,35,6,471,1,1,-1,-1,-1
2017410215568,1,9,0,17,0,0,1,0,0,0,3,1,6,1,35,6,1299,1,17,-1,-1,-1
2017410215568,2,19,0,16,0,0,0,0,0,0,3,1,1,1,66,10,2464,2,10,-1,-1,-1
2017410215611,1,9,0,18,0,0,0,0,0,0,1,1,6,3,-1,-1,-1,-1,-1,-1,-1,-1
2017410215611,2,1,0,18,0,0,0,0,0,0,2,1,2,1,45,7,-1,-1,-1,-1,-1,-1
2017410215615,1,9,0,9,0,6,0,0,0,0,3,1,6,2,41,7,998,1,3,-1,-1,-1
2017410215615,2,98,0,18,0,1,0,0,0,0,1,1,1,1,35,6,-1,-1,-1,-1,-1,-1
2017410215623,1,19,0,18,0,0,0,0,0,0,1,1,1,1,55,8,2143,2,4,-1,-1,-1
2017410215623,2,21,1,4,0,0,0,0,0,0,2,1,1,1,36,7,12777,2,2,-1,-1,-1
2017410215636,1,9,0,18,0,0,0,0,0,0,1,1,6,1,32,6,1686,2,4,-1,-1,-1
2017410215636,2,9,0,4,0,0,0,0,0,0,2,1,6,1,68,10,3123,1,11,-1,-1,-1
2017410215822,1,9,0,16,0,0,0,10,0,0,1,1,5,2,21,5,1398,2,3,-1,-1,-1
2017410215822,2,9,0,17,0,0,0,0,0,0,1,1,5,1,48,8,1968,2,-1,8,3,8
2017410215822,3,9,0,17,0,0,0,0,0,0,1,1,5,1,39,7,2204,2,11,-1,-1,-1
2017410215884,1,9,0,18,0,8,0,0,0,0,1,1,5,1,81,11,1686,2,5,-1,-1,-1
2017410215884,2,3,0,5,0,4,0,0,0,0,1,1,2,1,53,8,124,1,-1,-1,-1,-1
2017410216008,1,5,0,14,0,1,0,0,0,0,1,1,2,1,21,5,645,1,12,5,1,5
2017410216008,2,9,0,9,0,5,0,0,0,0,3,1,2,2,57,9,1329,1,5,8,2,8
2017410216187,1,9,0,9,0,8,0,0,0,0,4,1,2,1,32,6,1461,2,-1,6,1,6
2017410216187,2,1,0,18,0,1,0,0,0,0,1,1,2,1,47,8,-1,-1,-1,9,1,9
2017410216235,1,9,0,18,0,0,2,4,0,0,1,1,5,1,47,8,1598,2,1,-1,-1,-1
2017410216235,2,9,0,2,0,0,0,0,1,0,2,1,6,3,-1,-1,-1,-1,-1,-1,-1,-1
2017410216235,3,9,0,2,0,0,0,0,1,0,2,1,6,3,-1,-1,-1,-1,-1,-1,-1,-1
2017410216235,4,9,0,2,0,0,0,0,1,0,2,1,6,3,-1,-1,-1,-1,-1,-1,-1,-1
2017410216295,1,9,0,9,0,8,0,0,0,0,4,1,6,2,56,9,1968,2,5,-1,-1,-1
2017410216295,2,5,0,18,0,1,2,0,0,0,1,1,6,1,36,7,599,1,16,-1,-1,-1
2017410216365,1,9,0,15,0,0,0,0,0,0,4,1,5,1,35,6,-1,-1,-1,-1,-1,-1
2017410216365,2,9,0,2,0,0,0,0,0,0,3,1,5,1,60,9,1248,2,11,-1,-1,-1
2017410216365,3,9,0,18,0,0,0,0,1,0,1,1,5,1,51,8,4367,2,1,-1,-1,-1
2017410216373,1,9,0,18,0,0,0,0,0,0,1,1,6,1,27,6,1984,1,-1,-1,-1,-1
2017410216373,2,8,0,18,0,0,0,0,0,0,2,1,5,1,38,7,2143,2,5,-1,-1,-1
2017410216402,1,9,0,17,0,0,0,0,0,0,1,1,6,1,20,4,1598,1,14,8,1,8
2017410216402,2,9,0,4,0,0,0,0,0,0,2,1,6,2,45,7,1969,8,1,8,1,8
2017410216402,3,9,0,4,0,0,0,0,0,0,0,1,1,1,45,7,1969,2,-1,-1,-1,-1
2017410216478,1,9,0,2,0,2,0,0,0,0,3,1,6,2,-1,-1,1390,1,9,-1,-1,-1
2017410216478,2,1,0,18,0,5,0,0,0,0,0,1,6,1,43,7,-1,-1,-1,-1,-1,-1
2017410216521,1,17,0,18,0,0,0,0,0,0,0,1,1,1,-1,-1,4400,2,6,-1,-1,-1
2017410216521,2,16,0,18,0,0,0,0,0,0,0,1,5,2,46,8,-1,-1,-1,-1,-1,-1
2017410216557,1,9,0,2,0,6,0,4,0,0,2,1,6,3,-1,-1,-1,-1,-1,-1,-1,-1
2017410216557,2,9,0,2,0,1,0,0,0,0,4,1,6,1,-1,-1,2171,1,14,-1,-1,-1
2017410216812,1,4,0,18,0,0,5,0,1,4,1,1,1,1,38,7,-1,-1,-1,-1,-1,-1
2017410216862,1,9,0,18,0,8,0,0,0,0,4,1,6,2,-1,-1,1390,1,14,-1,-1,-1
2017410216862,2,9,0,5,0,8,0,0,0,0,4,1,6,2,53,8,2143,2,3,-1,-1,-1
2017410216899,1,9,0,4,0,1,0,0,0,0,1,1,6,3,-1,-1,-1,-1,-1,-1,-1,-1
2017410216899,2,9,0,3,0,1,0,0,0,0,2,1,6,2,44,7,1598,1,11,-1,-1,-1
2017410216934,1,9,0,5,0,4,0,0,0,0,3,1,6,1,-1,-1,1461,2,1,-1,-1,-1
2017410216934,2,3,0,18,0,8,0,0,0,0,4,1,6,1,26,6,108,1,3,10,1,10
2017410216972,1,9,0,9,0,8,0,0,0,0,4,1,2,2,70,10,1984,1,1,9,1,9
2017410216972,2,1,0,18,0,1,0,0,0,0,1,1,6,1,18,4,-1,-1,-1,-1,-1,-1
2017410216977,1,9,0,16,0,7,0,10,0,0,1,1,1,2,38,7,1995,2,5,-1,-1,-1
2017410216977,2,11,0,4,0,8,0,0,0,0,1,1,1,1,43,7,6700,2,6,-1,-1,-1
2017410217129,1,9,0,18,0,8,0,0,0,0,1,1,5,1,59,9,1991,2,12,-1,-1,-1
2017410217129,2,9,0,9,0,8,0,0,0,0,4,1,5,2,49,8,1590,1,14,-1,-1,-1
2017410217196,1,9,0,5,0,4,0,0,0,0,3,1,5,2,22,5,1149,1,8,-1,-1,-1
2017410217196,2,3,0,18,0,8,1,0,0,0,1,1,5,1,33,6,125,1,1,-1,-1,-1
2017410217225,1,9,0,18,0,2,0,0,0,0,1,1,2,1,27,6,1968,2,3,10,1,10
2017410217279,1,9,0,1,0,8,0,0,0,0,2,1,6,3,-1,-1,1299,1,19,-1,-1,-1
2017410217279,2,9,0,3,0,3,0,0,0,0,1,1,5,1,53,8,1598,1,16,-1,-1,-1
2017410217362,1,9,0,18,0,0,0,0,0,0,1,1,6,1,-1,-1,1598,1,3,-1,-1,-1
2017410217362,2,1,0,18,0,0,0,0,0,0,2,1,6,1,42,7,-1,-1,-1,-1,-1,-1
2017410217420,1,9,0,5,0,6,0,0,0,0,1,1,2,1,24,5,999,1,-1,3,1,3
2017410217420,2,19,0,18,0,1,0,0,0,0,1,1,2,1,52,8,1995,2,1,10,1,10
2017410217462,1,9,0,18,0,0,0,0,0,0,1,1,6,1,-1,-1,2967,2,6,-1,-1,-1
2017410217462,2,9,0,4,0,0,0,0,0,0,2,1,6,2,40,7,2035,1,12,-1,-1,-1
2017410217467,1,9,0,9,0,1,0,0,0,0,4,1,6,1,34,6,2995,1,8,-1,-1,-1
2017410217467,2,9,0,18,0,1,0,0,0,0,1,1,6,1,33,6,1598,2,-1,-1,-1,-1
2017410217774,1,98,1,12,0,0,0,0,0,0,0,1,1,3,-1,-1,-1,-1,-1,-1,-1,-1
2017410217774,2,9,0,18,0,0,0,0,0,0,1,1,5,1,22,5,1598,1,16,-1,-1,-1
2017410217774,3,9,0,4,0,0,0,0,0,0,2,1,5,2,47,8,1299,1,15,2,1,2
2017410217812,1,9,0,15,0,0,1,0,5,0,3,1,6,2,28,6,1753,2,9,-1,-1,-1
2017410217812,2,11,0,12,0,0,0,0,0,0,1,1,1,1,35,6,9600,2,17,-1,-1,-1
2017410217859,1,98,0,4,0,0,0,0,0,0,1,1,1,1,-1,-1,-1,-1,-1,6,3,6
2017410217859,2,19,0,4,0,0,0,0,0,0,2,1,1,1,32,6,1997,2,9,9,2,9
2017410217877,1,9,0,18,0,0,0,0,0,0,1,1,5,1,32,6,1339,1,15,-1,-1,-1
2017410217877,2,9,0,4,0,0,0,0,0,0,2,1,5,2,37,7,1597,1,11,-1,-1,-1
2017410217877,3,9,0,4,0,0,0,0,0,0,2,1,2,1,32,6,1598,2,2,-1,-1,-1
2017410217947,1,-1,-1,-1,-1,0,-1,-1,-1,0,-1,1,6,3,-1,-1,-1,-1,-1,-1,-1,-1
2017410217947,2,98,-1,-1,-1,0,-1,-1,-1,0,-1,1,6,1,50,8,-1,-1,-1,-1,-1,-1
2017410218086,1,9,0,6,0,2,0,0,0,0,3,1,1,1,-1,-1,2957,2,9,7,1,7
2017410218086,2,9,0,14,0,5,0,0,0,0,4,1,1,1,20,4,1242,1,10,6,1,6
2017410218182,1,9,0,18,0,0,0,0,0,0,3,1,1,2,34,6,1229,1,9,-1,-1,-1
2017410218210,1,98,0,3,0,0,0,0,0,0,2,1,1,1,30,6,-1,-1,-1,3,1,3
2017410218210,2,9,0,18,0,0,0,0,0,0,1,1,5,2,27,6,2993,2,4,6,1,6
2017410218249,1,9,0,9,0,1,0,0,0,0,2,1,1,1,43,7,-1,-1,-1,9,2,9
2017410218249,2,9,0,18,0,1,0,0,0,0,1,1,2,2,53,8,1686,2,5,8,1,8
2017410218254,1,19,0,18,0,0,0,0,0,0,1,1,6,3,-1,-1,1560,2,6,-1,-1,-1
2017410218254,2,5,0,18,0,0,0,0,0,0,1,1,6,1,61,9,1050,1,5,-1,-1,-1
2017410218332,1,9,0,18,0,6,0,0,0,0,1,1,6,1,31,6,998,1,5,-1,-1,-1
2017410218332,2,9,0,18,0,8,5,0,7,9,4,1,5,2,62,9,1398,1,1,-1,-1,-1
2017410218392,1,9,0,18,0,0,0,0,7,11,1,1,1,1,21,5,1242,1,10,-1,-1,-1
2017410218392,2,9,0,2,0,0,0,0,0,0,1,1,6,3,-1,-1,-1,-1,-1,-1,-1,-1
2017410218392,3,9,0,2,0,0,0,0,0,0,3,1,6,3,-1,-1,-1,-1,-1,-1,-1,-1
2017410218400,1,9,0,17,0,0,0,0,1,11,1,1,2,1,36,7,1360,1,14,-1,-1,-1
2017410218400,2,21,0,16,0,0,0,0,0,0,1,1,1,1,40,7,6700,2,1,-1,-1,-1
2017410218477,1,19,0,1,0,0,0,0,0,0,4,1,2,1,51,8,2143,2,6,-1,-1,-1
2017410218477,2,1,0,18,0,0,0,0,0,0,1,1,5,2,7,2,-1,-1,-1,2,1,2
2017410218514,1,9,0,11,0,0,0,0,0,0,1,1,1,1,43,7,1968,2,4,9,3,9
2017410218514,2,9,0,3,0,0,0,0,0,0,2,1,2,1,34,6,-1,-1,-1,4,1,4
2017410218514,3,9,0,12,0,0,0,0,0,0,0,1,6,3,-1,-1,-1,-1,-1,-1,-1,-1
2017410218536,1,9,0,4,0,0,0,0,0,0,1,1,1,1,23,5,1910,2,12,-1,-1,-1
2017410218536,2,9,0,4,0,0,0,0,0,0,2,1,6,2,30,6,1598,2,-1,-1,-1,-1
2017410218559,1,9,0,18,0,4,0,10,3,2,1,1,6,2,21,5,998,1,3,7,1,7
2017410218587,1,9,0,9,0,0,0,0,4,11,1,1,5,1,21,5,1995,2,10,-1,-1,-1
2017410218611,1,9,0,16,0,0,0,0,0,0,3,1,2,1,70,10,1242,1,18,7,1,7
2017410218611,2,9,0,17,0,0,0,0,1,0,3,1,2,2,63,9,1798,1,5,9,3,9
2017410218616,1,9,0,3,0,0,0,0,0,0,2,1,5,2,49,8,998,1,-1,-1,-1,-1