Accident_Index,Vehicle_Reference,Vehicle_Type,Towing_and_Articulation,Vehicle_Manoeuvre,Vehicle_Location-Restricted_Lane,Junction_Location,Skidding_and_Overturning,Hit_Object_in_Carriageway,Vehicle_Leaving_Carriageway,Hit_Object_off_Carriageway,1st_Point_of_Impact,Was_Vehicle_Left_Hand_Drive?,Journey_Purpose_of_Driver,Sex_of_Driver,Age_of_Driver,Age_Band_of_Driver,Engine_Capacity_(CC),Propulsion_Code,Age_of_Vehicle,Driver_IMD_Decile,Driver_Home_Area_Type,Vehicle_IMD_Decile
2017410218616,2,9,0,3,0,0,0,0,0,0,2,1,5,2,32,6,1686,2,3,10,1,10
2017410218616,3,9,0,3,0,0,0,0,0,0,2,1,5,1,41,7,1339,1,8,10,1,10
2017410218616,4,9,0,18,0,0,0,0,0,0,1,1,5,2,37,7,1242,1,14,4,1,4
2017410218646,1,9,0,18,0,4,0,9,3,1,1,1,5,1,44,7,1984,1,9,-1,-1,-1
2017410218655,1,9,0,9,0,7,0,0,0,0,3,1,6,1,-1,-1,1968,2,10,-1,-1,-1
2017410218655,2,1,0,18,0,1,0,0,0,0,1,1,2,1,51,8,-1,-1,-1,7,1,7
2017410218671,1,9,0,18,0,2,0,0,0,0,4,1,6,2,40,7,1997,2,8,-1,-1,-1
2017410218671,2,9,0,18,0,2,0,0,0,0,3,1,6,2,57,9,1468,1,16,-1,-1,-1
2017410218726,1,9,0,18,9,6,0,0,0,0,1,1,6,3,-1,-1,-1,-1,-1,-1,-1,-1
2017410218734,1,9,0,18,0,4,0,0,0,0,1,1,5,2,34,6,1598,1,7,-1,-1,-1
2017410218734,2,1,0,9,0,8,0,0,0,0,4,1,5,1,67,10,-1,-1,-1,-1,-1,-1
2017410218743,1,1,0,11,0,3,0,0,0,0,1,1,5,1,21,5,-1,-1,-1,-1,-1,-1
2017410218743,2,9,0,9,0,4,0,0,0,0,1,1,5,1,52,8,1398,8,7,-1,-1,-1
2017410218746,1,9,0,17,0,0,0,0,0,0,1,1,6,2,39,7,1997,2,1,4,1,4
2017410218746,2,21,0,16,0,0,1,0,0,0,1,1,1,1,53,8,-1,-1,-1,-1,-1,-1
2017410218810,1,3,0,18,0,6,0,0,0,0,3,1,1,1,25,5,108,1,1,-1,-1,-1
2017410218810,2,9,0,7,0,2,0,0,0,0,1,1,5,2,29,6,1598,1,4,-1,-1,-1
2017410218872,1,9,0,1,0,0,0,0,0,0,0,1,6,3,-1,-1,-1,-1,-1,-1,-1,-1
2017410218872,2,9,0,18,0,0,0,0,0,0,1,1,6,2,37,7,1596,1,7,-1,-1,-1
2017410218872,3,9,0,4,0,0,0,0,0,0,2,1,6,1,51,8,1784,1,9,-1,-1,-1
2017410219055,1,9,0,3,0,4,0,0,0,0,2,1,6,2,51,8,1560,2,5,-1,-1,-1
2017410219055,2,98,0,18,0,4,0,0,0,0,1,1,6,3,-1,-1,-1,-1,-1,-1,-1,-1
2017410219168,1,9,0,18,0,0,0,0,0,0,1,1,5,2,25,5,1242,1,8,-1,-1,-1
2017410219168,2,9,0,18,0,0,0,0,0,0,2,1,5,1,55,8,1797,8,7,-1,-1,-1
2017410219223,1,9,0,18,0,1,0,0,0,0,1,1,5,1,31,6,1598,2,2,8,1,8
2017410219223,2,9,0,3,0,1,0,0,0,0,2,1,1,1,28,6,2143,2,2,2,1,2
2017410219223,3,9,0,10,0,1,0,0,0,0,2,1,6,1,32,6,1598,2,5,10,1,10
2017410219353,1,9,0,18,0,0,0,0,0,0,1,1,5,2,27,6,1398,1,6,6,1,6
2017410219353,2,9,0,3,0,0,0,0,0,0,2,1,5,1,45,7,1997,2,5,-1,-1,-1
2017410219353,3,9,0,3,0,0,0,0,0,0,2,1,5,1,48,8,1968,2,2,7,1,7
2017410219389,1,9,0,18,0,0,0,0,0,0,2,1,5,1,24,5,1392,1,19,-1,-1,-1
2017410219389,2,9,0,13,0,0,0,0,0,0,1,1,6,3,-1,-1,1999,1,9,-1,-1,-1
2017410219453,1,9,0,12,0,0,5,0,5,0,1,1,5,1,19,4,1995,2,14,4,1,4
2017410219453,2,9,0,18,0,0,0,0,0,0,2,1,2,1,61,9,-1,-1,-1,4,1,4
2017410219453,3,9,0,18,0,0,0,0,0,0,3,1,5,1,40,7,2993,2,12,8,3,8
2017410219655,1,19,0,3,0,1,0,0,0,0,2,1,5,1,27,6,2198,2,6,-1,-1,-1
2017410219655,2,9,0,3,0,1,0,0,0,0,2,1,5,2,32,6,1598,1,4,10,1,10
2017410219655,3,9,0,18,0,1,0,0,0,0,1,1,5,1,52,8,1685,2,-1,8,1,8
2017410219687,1,9,0,7,0,2,0,0,0,0,2,1,1,1,67,10,1497,8,4,9,1,9
2017410219687,2,4,0,18,0,8,2,0,7,0,1,1,6,1,22,5,350,1,1,9,1,9
2017410219746,1,9,0,18,0,0,0,0,4,6,2,1,5,2,31,6,1299,1,12,-1,-1,-1
2017410219771,1,9,0,11,0,0,0,0,0,0,1,1,5,1,22,5,1995,2,1,-1,-1,-1
2017410219771,2,1,0,18,0,0,0,0,0,0,3,1,5,1,71,10,-1,-1,-1,-1,-1,-1
2017410219801,1,9,0,17,0,0,0,0,0,0,1,1,5,1,60,9,-1,-1,-1,-1,-1,-1
2017410219801,2,19,0,16,0,0,0,0,0,0,1,1,1,1,50,8,1248,2,2,3,2,3
2017410219848,1,9,0,5,0,6,0,0,0,0,3,1,5,1,78,11,1799,1,19,7,1,7
2017410219848,2,9,0,18,0,1,0,0,4,0,1,1,2,1,52,8,1390,1,9,-1,-1,-1
2017410219882,1,9,0,4,0,5,0,0,0,0,0,1,1,1,21,5,1248,2,5,7,1,7
2017410219882,2,19,0,7,0,5,2,0,0,0,3,1,5,1,26,6,1461,2,7,-1,-1,-1
2017410219885,1,9,0,18,0,0,0,0,0,0,4,1,6,1,61,9,1798,1,9,-1,-1,-1
2017410219885,2,1,0,15,0,0,0,0,0,0,2,1,2,1,45,7,-1,-1,-1,-1,-1,-1
2017410219902,1,9,0,9,0,8,0,0,2,11,1,1,5,2,23,5,1998,1,19,-1,-1,-1
2017410219902,2,9,0,18,0,1,0,0,0,0,1,1,5,1,35,6,1796,1,16,-1,-1,-1
2017410219902,3,9,0,18,0,1,0,0,0,0,3,1,6,3,-1,-1,999,1,1,-1,-1,-1
2017410219952,1,9,0,18,0,0,0,0,7,0,1,1,6,1,56,9,2400,2,3,-1,-1,-1
2017410219952,2,9,0,18,0,0,0,0,0,0,1,1,2,1,39,7,1968,2,1,-1,-1,-1
2017410219971,1,9,0,3,0,6,0,0,0,0,1,1,5,1,54,8,1796,1,16,-1,-1,-1
2017410219971,2,1,0,3,0,6,5,0,0,0,2,1,6,2,56,9,-1,-1,-1,-1,-1,-1
2017410219988,1,-1,0,5,0,4,0,0,0,0,1,1,6,3,-1,-1,-1,-1,-1,-1,-1,-1
2017410220005,1,9,0,18,0,0,0,0,0,0,1,1,6,1,33,6,1796,1,17,-1,-1,-1
2017410220005,2,9,0,4,0,0,0,0,0,0,2,1,6,1,51,8,1598,1,5,-1,-1,-1
2017410220039,1,9,0,18,0,8,0,0,0,0,1,1,5,1,65,9,2179,2,8,3,1,3
2017410220039,2,9,0,3,0,8,0,0,0,0,2,1,5,1,26,6,1200,1,-1,5,1,5
2017410220039,3,9,0,18,0,8,0,0,0,0,0,1,1,1,40,7,1969,2,-1,6,1,6
2017410220057,1,9,0,18,0,0,0,0,0,0,1,1,6,1,36,7,1956,2,6,-1,-1,-1
2017410220057,2,9,0,18,0,0,0,0,0,0,2,1,6,1,31,6,1910,2,13,3,1,3
2017410220108,1,9,0,4,9,0,0,0,1,0,4,1,6,3,-1,-1,-1,-1,-1,-1,-1,-1
2017410220108,2,1,0,2,9,0,0,0,0,0,3,1,5,1,10,2,-1,-1,-1,-1,-1,-1
2017410220111,1,1,0,18,0,0,0,0,0,0,3,1,6,1,54,8,-1,-1,-1,-1,-1,-1
2017410220111,2,19,0,13,0,0,0,0,0,0,4,1,6,1,26,6,2198,2,3,-1,-1,-1
2017410220114,1,9,0,10,0,1,0,0,0,0,2,1,6,2,26,6,1796,1,5,-1,-1,-1
2017410220114,2,19,0,4,0,1,0,0,0,0,1,1,1,1,30,6,2198,2,4,-1,-1,-1
2017410220118,1,9,0,18,0,2,0,0,7,4,3,1,5,1,17,4,1198,1,11,-1,-1,-1
2017410220121,1,9,0,14,0,1,0,0,0,0,3,1,2,1,52,8,1560,2,7,-1,-1,-1
2017410220121,2,9,0,3,0,2,0,0,0,0,3,1,2,1,28,6,-1,-1,-1,-1,-1,-1
2017410220121,3,9,0,18,0,2,0,0,0,0,1,1,2,2,45,7,1598,1,11,-1,-1,-1
2017410220128,1,1,0,16,0,0,1,0,1,9,0,1,5,1,69,10,-1,-1,-1,-1,-1,-1
2017410220128,2,9,0,17,0,0,0,0,0,0,0,1,6,1,-1,-1,-1,-1,-1,-1,-1,-1
2017410220129,1,9,0,13,0,0,2,10,1,0,4,1,6,1,54,8,2198,2,6,-1,-1,-1
2017410220129,2,9,0,18,0,0,5,10,1,4,4,1,6,1,51,8,998,1,9,-1,-1,-1
2017410220131,1,9,0,18,0,1,0,0,0,0,1,1,6,1,61,9,-1,-1,-1,-1,-1,-1
2017410220281,1,9,0,3,0,0,0,0,0,0,1,1,5,1,42,7,1242,1,-1,-1,-1,-1
2017410220521,1,9,0,13,0,0,0,0,0,0,4,1,5,1,36,7,1229,1,3,-1,-1,-1
2017410220521,2,1,0,18,0,0,0,0,1,0,2,1,5,1,71,10,-1,-1,-1,-1,-1,-1
2017410220581,1,9,0,7,0,8,0,0,0,0,3,1,6,2,43,7,1591,1,4,-1,-1,-1
2017410220581,2,2,0,18,0,1,0,0,0,0,4,1,6,1,16,4,-1,-1,-1,-1,-1,-1
2017410220717,1,9,0,16,0,3,0,0,0,0,1,1,2,1,57,9,1396,1,4,-1,-1,-1
2017410220717,2,9,0,18,0,1,0,0,0,0,1,1,5,2,32,6,999,1,1,-1,-1,-1
2017410220964,1,9,0,18,0,0,0,0,0,0,1,1,6,1,-1,-1,1497,8,10,8,1,8
2017410220964,2,9,0,18,0,0,0,0,0,0,1,1,6,1,-1,-1,1896,2,8,-1,-1,-1
2017410220986,1,1,0,18,0,2,0,0,0,0,3,1,5,1,11,3,-1,-1,-1,-1,-1,-1
2017410220986,2,9,0,18,0,8,0,0,0,0,1,1,5,1,70,10,-1,-1,-1,-1,-1,-1
2017410221102,1,9,0,18,0,0,0,0,0,0,1,1,5,2,42,7,1995,2,5,-1,-1,-1
2017410221117,1,9,0,9,0,8,0,0,0,0,3,1,5,1,62,9,1997,2,8,-1,-1,-1
2017410221117,2,2,0,18,0,8,0,0,0,0,1,1,5,1,21,5,50,1,14,-1,-1,-1
2017410221582,1,9,0,9,0,5,0,0,0,0,4,1,6,1,30,6,1997,2,9,4,1,4
2017410221582,2,9,0,4,0,1,0,0,0,0,1,1,6,1,23,5,1900,2,11,4,1,4
2017410221627,1,9,0,18,0,2,0,0,0,0,4,1,3,1,47,8,1998,1,17,-1,-1,-1
2017410221661,1,9,0,4,0,0,0,0,0,0,2,1,5,1,-1,-1,1461,2,10,-1,-1,-1
2017410221661,2,9,0,18,0,0,0,0,0,0,1,1,6,1,72,10,1984,1,-1,-1,-1,-1
2017410221894,1,21,0,18,0,0,0,0,0,0,4,1,1,1,66,10,12740,2,1,-1,-1,-1
2017410221894,2,9,0,18,0,0,0,0,0,0,3,1,1,2,26,6,1596,1,11,-1,-1,-1
2017410221894,3,9,0,18,0,0,0,0,0,0,3,1,1,1,44,7,1968,2,2,-1,-1,-1
2017410221955,1,9,0,18,0,0,0,0,0,0,1,1,6,1,31,6,1986,2,11,-1,-1,-1
2017410221955,2,9,0,18,0,0,0,0,0,0,2,1,6,1,32,6,1995,2,-1,-1,-1,-1
2017410221979,1,9,0,18,0,8,0,0,0,0,4,1,5,1,32,6,1598,1,7,-1,-1,-1
2017410221979,2,9,0,18,0,8,0,0,0,0,1,1,6,3,-1,-1,1598,1,16,-1,-1,-1
2017410221991,1,9,0,18,0,1,0,4,0,0,1,1,6,1,25,5,1968,2,11,-1,-1,-1
2017410221991,2,8,0,2,0,1,0,0,0,0,3,1,1,1,53,8,2143,2,4,-1,-1,-1
2017410222117,1,9,0,2,0,0,0,0,0,0,3,1,6,1,25,5,1997,1,3,-1,-1,-1
2017410222117,2,1,0,14,0,0,5,8,0,0,4,1,6,2,30,6,-1,-1,-1,-1,-1,-1
2017410222196,1,9,0,1,0,0,0,4,0,0,2,1,6,2,46,8,1997,1,2,-1,-1,-1
2017410222196,2,9,0,2,0,0,0,0,0,0,3,1,6,2,67,10,998,1,2,-1,-1,-1
2017410222282,1,9,0,18,0,8,0,0,0,0,1,1,6,1,-1,-1,-1,-1,-1,-1,-1,-1
2017410222282,2,1,0,18,0,8,0,0,0,0,2,1,2,1,29,6,-1,-1,-1,-1,-1,-1
2017410222345,1,9,0,9,0,8,0,0,0,0,1,1,2,2,37,7,1598,1,7,7,1,7
2017410222345,2,1,0,18,4,8,0,0,0,0,4,1,6,1,45,7,-1,-1,-1,4,1,4
2017410222354,1,9,0,18,0,0,1,0,5,6,3,1,2,2,24,5,1598,1,10,-1,-1,-1
2017410222376,1,9,0,9,0,6,0,0,0,0,4,1,5,1,75,10,1798,1,8,-1,-1,-1
2017410222376,2,9,0,18,0,1,0,0,1,4,3,1,5,2,56,9,1348,1,17,-1,-1,-1
2017410222487,1,9,0,9,0,8,0,0,0,0,3,1,6,1,54,8,1753,2,12,-1,-1,-1
2017410222487,2,5,0,13,0,8,0,0,7,0,1,1,5,1,29,6,749,1,3,-1,-1,-1
2017410222500,1,9,0,18,0,0,0,0,0,0,1,1,5,2,80,11,1360,1,7,-1,-1,-1
2017410222527,1,19,0,5,0,7,0,0,0,0,1,1,2,1,27,6,1686,2,6,-1,-1,-1
2017410222527,2,9,0,3,0,7,0,0,0,0,2,1,5,2,57,9,999,1,1,-1,-1,-1
2017410222530,1,9,0,16,0,0,2,10,1,0,4,1,5,1,34,6,1363,2,13,-1,-1,-1
2017410222541,1,9,0,7,0,3,0,0,0,0,3,1,5,2,27,6,1198,1,1,-1,-1,-1
2017410222541,2,9,0,7,0,3,0,0,0,0,4,1,5,2,40,7,1229,1,9,-1,-1,-1
2017410222544,1,9,0,5,0,0,0,0,0,0,4,1,2,2,29,6,1399,2,13,-1,-1,-1
2017410222719,1,9,0,18,0,0,0,0,0,0,1,1,6,1,32,6,1997,2,4,2,1,2
2017410222719,2,9,0,18,0,0,0,0,0,0,1,1,2,1,18,4,1197,1,2,8,3,8
2017410222747,1,9,0,18,0,1,5,0,0,0,1,1,6,2,27,6,1149,1,11,-1,-1,-1
2017410222747,2,9,0,4,0,1,0,0,0,0,2,1,6,1,45,7,1995,2,13,-1,-1,-1
2017410222791,1,9,0,18,0,1,0,0,0,0,1,1,6,2,52,8,1995,1,7,-1,-1,-1
2017410222791,2,9,0,3,0,1,0,0,0,0,2,1,6,1,49,8,1598,1,17,-1,-1,-1
2017410222887,1,9,0,3,0,1,0,0,0,0,2,1,5,2,53,8,1598,1,10,-1,-1,-1
2017410222887,2,9,0,3,0,1,0,0,0,0,1,1,5,1,34,6,2148,2,15,-1,-1,-1
2017410222978,1,9,0,17,0,0,2,0,7,9,1,1,6,2,50,8,1248,1,6,-1,-1,-1
2017410223073,1,9,0,18,0,0,0,0,0,0,4,1,6,2,24,5,998,1,10,5,1,5
2017410223073,2,98,1,18,0,0,0,0,0,0,3,1,1,1,32,6,-1,-1,-1,-1,-1,-1
2017410223106,1,9,0,18,0,1,0,0,0,0,1,1,5,2,65,9,1560,2,2,-1,-1,-1
2017410223106,2,9,0,3,0,1,0,0,0,0,2,1,5,1,30,6,1896,2,14,-1,-1,-1
2017410223199,1,9,0,5,0,4,0,0,0,0,1,1,2,1,31,6,2204,2,10,10,1,10
2017410223199,2,1,0,18,0,8,0,0,0,0,1,1,2,1,41,7,-1,-1,-1,-1,-1,-1
2017410223222,1,9,0,18,0,0,2,0,1,11,1,1,6,2,25,5,1229,1,12,8,3,8
2017410223241,1,9,0,18,0,0,0,0,1,10,1,1,6,1,78,11,1968,2,10,-1,-1,-1
2017410223258,1,5,0,5,0,0,5,0,0,0,4,1,6,1,38,7,1099,1,8,-1,-1,-1
2017410223288,1,19,0,4,0,2,1,0,3,5,1,1,1,1,54,8,2143,2,-1,-1,-1,-1
2017410223288,2,9,0,18,0,8,0,0,0,0,4,1,5,2,45,7,1390,1,6,-1,-1,-1
2017410223303,1,9,0,18,0,0,0,0,0,0,1,1,6,1,24,5,1364,1,3,-1,-1,-1
2017410223303,2,9,0,18,0,0,0,0,0,0,2,1,6,2,37,7,1598,1,7,-1,-1,-1
2017410223303,3,9,0,18,0,0,0,0,0,0,2,1,6,2,42,7,2967,2,-1,-1,-1,-1
2017410223303,4,9,0,18,0,0,0,0,0,0,2,1,6,1,33,6,1997,2,7,-1,-1,-1
2017410223303,5,9,0,18,0,0,0,0,0,0,1,1,6,1,67,10,1461,2,-1,-1,-1,-1
2017410223303,6,9,0,18,0,0,0,0,0,0,2,1,6,2,40,7,2143,2,4,-1,-1,-1
2017410223303,7,9,0,18,0,0,0,0,0,0,2,1,6,2,42,7,1598,2,5,-1,-1,-1
2017410223356,1,9,0,18,0,0,5,0,7,2,1,1,4,1,17,4,-1,-1,-1,7,1,7
2017410223406,1,9,0,18,0,0,0,0,0,0,1,1,6,1,34,6,2171,1,13,-1,-1,-1
2017410223430,1,97,0,13,0,4,0,0,0,0,1,1,6,3,-1,-1,-1,-1,-1,-1,-1,-1
2017410223478,1,9,0,6,0,0,0,0,0,0,3,1,6,1,60,9,-1,-1,-1,-1,-1,-1
2017410223478,2,1,0,14,0,0,0,0,0,0,1,1,6,1,46,8,-1,-1,-1,-1,-1,-1
2017410223577,1,9,0,18,9,0,0,0,1,0,4,1,6,3,-1,-1,-1,-1,-1,-1,-1,-1
2017410223627,1,9,0,18,0,4,0,0,0,0,1,1,6,1,51,8,1968,2,-1,-1,-1,-1
2017410223627,2,9,0,3,0,1,0,0,0,0,2,1,6,1,51,8,1596,1,7,-1,-1,-1
2017410223693,1,9,0,3,0,1,0,0,0,0,2,1,6,1,55,8,1275,1,19,-1,-1,-1
2017410223693,2,9,0,4,0,1,0,0,0,0,1,1,5,2,68,10,1598,1,5,-1,-1,-1
2017410223799,1,21,1,13,0,0,0,0,0,0,4,1,1,3,-1,-1,12419,2,7,-1,-1,-1
2017410223799,2,1,0,18,0,0,2,0,0,0,3,1,5,1,44,7,-1,-1,-1,-1,-1,-1
2017410223802,1,9,0,5,0,4,0,0,0,0,1,1,2,2,24,5,1242,1,2,4,1,4
2017410223802,2,1,0,11,0,8,5,0,0,0,4,1,6,1,43,7,-1,-1,-1,10,1,10
2017410223852,1,9,0,9,0,4,0,0,0,0,3,1,1,2,34,6,1679,1,15,-1,-1,-1
2017410223852,2,1,0,18,0,8,5,0,0,0,1,1,5,1,53,8,-1,-1,-1,-1,-1,-1
2017410223869,1,9,0,9,0,8,0,0,0,0,0,1,6,2,47,8,1339,1,9,-1,-1,-1
2017410223869,2,5,0,7,0,8,0,0,0,0,0,1,5,1,59,9,1802,1,7,-1,-1,-1
2017410223902,1,9,0,3,0,0,0,0,0,0,2,1,3,2,32,6,2179,2,2,-1,-1,-1
2017410223902,2,9,0,3,0,0,0,0,0,0,2,1,2,1,56,9,1390,1,19,-1,-1,-1
2017410223902,3,9,0,3,0,0,0,0,0,0,2,1,2,2,28,6,1298,1,10,-1,-1,-1
2017410223902,4,9,0,18,0,0,0,0,0,0,1,1,5,1,84,11,1968,2,9,-1,-1,-1
2017410223914,1,22,0,18,9,1,0,0,0,0,1,1,5,1,67,10,-1,-1,-1,-1,-1,-1
2017410223914,2,9,0,18,9,2,0,0,7,0,1,1,6,3,-1,-1,-1,-1,-1,-1,-1,-1
2017410223954,1,9,0,17,0,8,0,0,0,0,0,1,6,2,37,7,1339,1,13,-1,-1,-1
2017410223954,2,1,0,16,0,1,0,0,0,0,1,1,5,1,34,6,-1,-1,-1,-1,-1,-1
2017410223974,1,9,0,18,0,8,0,0,0,0,3,1,5,2,47,8,1997,2,5,-1,-1,-1
2017410223974,2,9,0,9,0,8,0,0,0,0,1,1,5,2,81,11,1242,1,2,-1,-1,-1
2017410223989,1,21,0,18,0,0,0,0,0,0,1,1,1,1,68,10,4580,2,9,2,1,2
2017410223989,2,9,0,3,0,0,0,0,0,0,2,1,5,1,36,7,1360,1,13,9,1,9
2017410223989,3,9,0,3,0,0,0,0,0,0,2,1,1,1,25,5,-1,-1,-1,-1,-1,-1
2017410223989,4,9,0,3,0,0,0,0,0,0,2,1,2,2,45,7,1995,2,9,9,1,9
2017410223989,5,9,0,3,0,0,0,0,0,0,2,1,2,1,46,8,1968,2,6,-1,-1,-1
2017410224031,1,9,0,4,0,1,0,0,0,0,1,1,6,1,44,7,1198,1,11,-1,-1,-1
2017410224031,2,9,0,3,0,1,0,0,0,0,2,1,5,1,76,11,-1,-1,-1,-1,-1,-1
2017410224031,3,19,0,3,0,1,0,0,0,0,2,1,6,1,-1,-1,1997,2,-1,-1,-1,-1
2017410224134,1,9,0,5,0,1,0,0,0,0,1,1,6,1,-1,-1,1242,1,6,-1,-1,-1
2017410224134,2,1,0,18,0,1,0,0,0,0,4,1,4,1,13,3,-1,-1,-1,4,1,4
2017410224217,1,9,0,4,0,0,0,0,0,0,4,1,5,1,69,10,2179,2,5,-1,-1,-1
2017410224221,1,9,0,4,0,1,0,0,0,0,2,1,1,2,38,7,1364,1,9,-1,-1,-1
2017410224221,2,9,0,18,0,1,0,0,0,0,1,1,6,1,22,5,1299,1,17,-1,-1,-1
2017410224330,1,9,0,18,0,2,0,0,0,0,4,1,3,1,64,9,1598,1,9,-1,-1,-1
2017410224341,1,9,0,5,0,4,0,0,0,0,1,1,2,1,59,9,2998,1,-1,-1,-1,-1
2017410224341,2,9,0,5,0,4,0,0,0,0,2,1,2,2,50,8,1242,1,2,-1,-1,-1
2017410224363,1,9,0,18,0,0,0,0,0,0,1,1,6,3,-1,-1,-1,-1,-1,-1,-1,-1
2017410224410,1,9,0,13,0,1,0,0,7,2,4,1,5,2,62,9,1997,2,12,9,1,9
2017410224410,2,1,0,9,0,8,0,0,0,0,3,1,6,1,24,5,-1,-1,-1,-1,-1,-1
2017410224423,1,9,0,18,0,2,0,0,2,10,1,1,6,1,-1,-1,1995,1,14,-1,-1,-1
2017410224423,2,9,0,18,0,1,0,0,0,0,0,1,1,1,-1,-1,1598,2,1,-1,-1,-1
2017410224443,1,9,0,18,0,0,0,0,0,0,1,1,5,1,34,6,1999,1,14,3,1,3
2017410224443,2,9,0,4,0,0,0,0,0,0,2,1,5,1,31,6,1968,2,3,7,1,7
2017410224451,1,9,0,9,0,2,0,0,0,0,1,1,5,2,26,6,1598,1,14,7,1,7
2017410224451,2,9,0,18,0,1,0,0,0,0,1,1,2,2,49,8,1461,2,1,3,1,3
2017410224452,1,9,0,17,0,0,0,6,1,4,1,1,5,1,30,6,2480,1,1,-1,-1,-1
2017410224480,1,9,0,17,0,0,5,0,0,0,1,1,5,1,26,6,1329,1,5,10,1,10
2017410224480,2,9,0,2,0,0,0,0,0,0,1,1,6,3,-1,-1,2597,1,15,-1,-1,-1
2017410224499,1,9,0,18,0,0,0,0,0,0,1,1,6,2,59,9,1598,1,10,10,1,10
2017410224499,2,9,0,4,0,0,0,0,0,0,2,1,6,1,26,6,2993,2,9,6,1,6
2017410224499,3,9,0,11,0,0,0,0,0,0,0,1,6,3,-1,-1,-1,-1,-1,-1,-1,-1
2017410224513,1,9,0,12,0,0,0,0,0,0,3,1,6,2,19,4,1496,1,1,-1,-1,-1
2017410224513,2,1,0,14,0,0,0,0,0,0,4,1,5,1,48,8,-1,-1,-1,-1,-1,-1
2017410224530,1,19,0,9,0,8,0,0,0,0,4,1,1,1,29,6,2287,2,5,-1,-1,-1
2017410224530,2,1,0,18,0,1,0,0,0,0,1,1,2,2,40,7,-1,-1,-1,-1,-1,-1
2017410224554,1,9,0,4,0,0,1,0,2,7,1,1,6,1,24,5,1395,1,4,-1,-1,-1
2017410224562,1,9,0,9,0,6,0,0,0,0,0,1,6,2,-1,-1,1995,1,6,-1,-1,-1
2017410224562,2,9,0,18,0,1,0,0,0,0,2,1,5,2,33,6,1197,1,4,-1,-1,-1
2017410224562,3,9,0,18,0,1,0,0,0,0,1,1,6,1,47,8,1997,2,5,-1,-1,-1
2017410224634,1,9,0,18,0,0,0,0,0,0,1,1,3,2,30,6,1248,1,8,-1,-1,-1
2017410224637,1,9,0,5,0,0,0,0,0,0,3,1,5,1,18,4,1998,1,20,-1,-1,-1
2017410224637,2,3,0,18,0,0,2,0,0,0,1,1,5,1,30,6,124,1,3,-1,-1,-1
2017410224691,1,9,0,4,0,0,1,0,1,0,1,1,1,1,20,4,1896,2,15,3,1,3
2017410224691,2,19,0,3,0,0,0,0,0,0,2,1,1,1,46,8,1461,2,5,3,1,3
2017410224691,3,9,0,2,0,0,0,0,0,0,0,1,5,2,38,7,998,1,3,8,1,8
2017410224755,1,9,0,18,0,0,0,0,0,0,1,1,5,1,54,8,998,1,12,-1,-1,-1
2017410224755,2,1,0,18,0,0,0,0,0,0,3,1,5,1,11,3,-1,-1,-1,-1,-1,-1
2017410224771,1,-1,0,18,0,0,0,0,0,0,1,1,6,3,-1,-1,-1,-1,-1,-1,-1,-1
2017410224771,2,9,0,3,0,0,0,0,0,0,2,1,6,2,22,5,1299,1,12,-1,-1,-1
2017410224771,3,9,0,7,0,0,0,0,0,0,2,1,6,1,-1,-1,2400,2,7,-1,-1,-1
2017410224784,1,9,0,3,0,4,0,0,0,0,2,1,2,2,29,6,1596,1,12,-1,-1,-1
2017410224784,2,9,0,3,0,4,0,0,0,0,1,1,2,1,42,7,1596,1,9,-1,-1,-1
2017410224789,1,98,0,18,0,4,0,0,0,0,1,1,6,1,-1,-1,-1,-1,-1,-1,-1,-1
2017410224789,2,9,0,5,0,4,0,0,0,0,2,1,6,2,31,6,1995,1,8,-1,-1,-1
2017410224790,1,9,0,3,0,1,0,0,0,0,2,1,3,1,57,9,1796,1,14,-1,-1,-1
2017410224790,2,9,0,5,0,1,0,0,0,0,1,1,3,1,37,7,2494,1,15,-1,-1,-1
2017410224975,1,9,0,18,0,1,1,0,0,0,1,1,5,1,21,5,2698,2,8,8,1,8
2017410224975,2,9,0,4,0,1,0,0,0,0,2,1,5,1,73,10,1117,1,27,4,1,4
2017410224975,3,9,0,18,0,1,1,0,0,0,1,1,5,1,55,8,1364,1,3,8,1,8
2017410225027,1,9,0,9,0,8,0,0,0,0,1,1,5,1,45,7,1598,1,9,-1,-1,-1
2017410225027,2,9,0,18,0,8,0,0,0,0,1,1,5,2,52,8,1686,2,5,-1,-1,-1
2017410225129,1,3,0,4,0,1,2,0,0,0,4,1,2,2,28,6,125,1,2,-1,-1,-1
2017410225252,1,9,0,11,0,1,0,0,0,0,4,1,1,1,54,8,1968,2,2,1,1,1
2017410225252,2,9,0,4,0,1,0,0,0,0,3,1,5,2,31,6,1595,1,8,-1,-1,-1
2017410225252,3,9,0,4,0,1,0,0,0,0,2,1,5,1,30,6,2179,2,4,10,1,10
2017410225265,1,9,0,18,0,3,0,0,0,0,1,1,1,1,43,7,1395,1,2,-1,-1,-1
2017410225265,2,1,0,18,0,3,0,0,0,0,2,1,6,1,61,9,-1,-1,-1,-1,-1,-1
2017410225296,1,9,0,18,0,1,0,0,0,0,4,1,1,1,29,6,1968,2,6,-1,-1,-1
2017410225296,2,9,0,5,0,1,0,0,0,0,3,1,1,1,39,7,1248,2,3,-1,-1,-1
2017410225468,1,9,0,16,0,3,1,0,0,0,4,1,5,1,32,6,1248,2,3,-1,-1,-1
2017410225468,2,9,0,12,0,3,0,0,0,0,3,1,5,1,28,6,-1,-1,-1,-1,-1,-1
2017410225468,3,9,0,16,0,3,1,0,0,0,1,1,1,1,55,8,2993,2,6,-1,-1,-1