Accident_Index,Vehicle_Reference,Vehicle_Type,Towing_and_Articulation,Vehicle_Manoeuvre,Vehicle_Location-Restricted_Lane,Junction_Location,Skidding_and_Overturning,Hit_Object_in_Carriageway,Vehicle_Leaving_Carriageway,Hit_Object_off_Carriageway,1st_Point_of_Impact,Was_Vehicle_Left_Hand_Drive?,Journey_Purpose_of_Driver,Sex_of_Driver,Age_of_Driver,Age_Band_of_Driver,Engine_Capacity_(CC),Propulsion_Code,Age_of_Vehicle,Driver_IMD_Decile,Driver_Home_Area_Type,Vehicle_IMD_Decile
2017410225506,1,9,0,17,0,0,0,0,0,0,2,1,5,1,55,8,1498,1,-1,10,1,10
2017410225506,2,9,0,17,0,0,0,0,0,0,1,1,5,1,41,7,2993,2,4,9,3,9
2017410225539,1,9,0,7,0,6,0,0,0,0,3,1,5,1,62,9,898,1,4,-1,-1,-1
2017410225539,2,1,0,18,0,8,0,0,0,0,4,1,5,2,53,8,-1,-1,-1,-1,-1,-1
2017410225557,1,9,0,18,0,0,0,4,0,0,4,1,6,1,40,7,1896,2,11,6,1,6
2017410225557,2,9,0,2,0,0,0,0,0,0,3,1,1,1,36,7,1499,2,-1,2,1,2
2017410225585,1,9,0,13,0,3,0,0,0,0,1,1,1,1,30,6,1968,2,1,-1,-1,-1
2017410225585,2,9,0,17,0,8,0,0,0,0,1,1,5,1,37,7,1595,1,15,-1,-1,-1
2017410225634,1,9,0,18,0,0,0,0,0,0,1,1,6,1,56,9,1968,2,7,-1,-1,-1
2017410225634,2,9,0,4,0,0,0,0,0,0,2,1,6,1,34,6,2143,2,3,-1,-1,-1
2017410225634,3,9,0,4,0,0,0,0,0,0,2,1,6,1,75,10,998,1,3,-1,-1,-1
2017410225736,1,9,0,7,0,4,0,0,0,0,3,1,6,2,53,8,1598,1,12,-1,-1,-1
2017410225809,1,9,0,12,0,0,0,0,0,0,3,1,6,2,52,8,1598,1,2,-1,-1,-1
2017410225809,2,5,0,13,0,0,0,0,0,0,1,1,6,1,27,6,599,1,17,-1,-1,-1
2017410226057,1,-1,0,13,0,0,0,0,0,0,2,1,6,3,-1,-1,-1,-1,-1,-1,-1,-1
2017410226057,2,1,0,18,0,0,0,0,0,0,1,1,6,1,45,7,-1,-1,-1,-1,-1,-1
2017410226062,1,9,0,5,0,0,0,0,0,0,1,1,5,2,53,8,1598,1,8,-1,-1,-1
2017410226062,2,9,0,18,0,0,0,0,0,0,3,1,5,1,23,5,-1,-1,-1,-1,-1,-1
2017410226104,1,9,0,7,0,1,0,0,0,0,1,1,5,1,20,4,1590,1,13,10,1,10
2017410226104,2,9,0,5,0,1,0,0,0,0,4,1,5,1,30,6,1598,1,7,10,1,10
2017410226545,1,9,0,16,0,0,0,0,8,7,3,1,2,2,32,6,1332,1,11,-1,-1,-1
2017410226545,2,9,0,16,0,0,0,0,0,0,3,1,6,1,65,9,1999,1,16,-1,-1,-1
2017410226546,1,21,1,12,0,0,0,0,0,0,3,1,2,1,41,7,12777,2,2,-1,-1,-1
2017410226546,2,9,0,18,0,0,1,0,0,0,1,1,1,2,54,8,1229,1,8,-1,-1,-1
2017410226546,3,9,0,18,0,0,0,0,0,0,4,1,1,1,52,8,1968,2,-1,-1,-1,-1
2017410226546,4,19,0,18,0,0,0,0,0,0,1,1,1,1,27,6,2198,2,2,-1,-1,-1
2017410226581,1,9,0,18,0,0,0,0,0,0,4,1,2,1,20,4,-1,-1,-1,9,1,9
2017410226666,1,9,0,18,0,0,1,0,0,0,1,1,5,2,17,4,-1,-1,-1,-1,-1,-1
2017410227347,1,9,0,9,0,4,0,10,3,11,1,1,1,1,54,8,1798,8,4,-1,-1,-1
2017410227488,1,3,0,13,0,1,2,4,0,0,3,1,1,1,34,6,125,1,1,-1,-1,-1
2017410227488,2,11,0,12,0,1,0,0,0,0,0,1,1,1,31,6,-1,-1,-1,-1,-1,-1
2017410227488,3,9,0,2,0,1,0,0,0,0,4,1,6,3,-1,-1,2148,2,15,-1,-1,-1
2017410227488,4,9,0,2,0,1,0,0,0,0,4,1,6,3,-1,-1,1598,1,13,-1,-1,-1
2017410227649,1,19,0,18,0,0,1,0,0,0,1,1,2,1,28,6,2148,2,10,-1,-1,-1
2017410227649,2,9,0,18,0,0,0,0,1,0,1,1,2,1,44,7,1198,1,6,-1,-1,-1
2017410227700,1,9,0,4,0,1,0,0,0,0,1,1,2,2,53,8,1998,8,1,-1,-1,-1
2017410227700,2,9,0,18,0,1,0,0,1,0,2,1,1,1,41,7,1229,1,9,-1,-1,-1
2017410227808,1,5,0,13,0,8,0,0,7,0,4,1,5,1,-1,-1,599,1,8,-1,-1,-1
2017410227808,2,9,0,9,0,8,0,0,0,0,3,1,5,1,61,9,-1,-1,-1,-1,-1,-1
2017410227844,1,9,0,4,0,0,0,0,0,0,1,1,5,1,78,11,1386,1,4,-1,-1,-1
2017410227844,2,9,0,3,0,0,0,0,0,0,2,1,5,1,69,10,1995,2,5,-1,-1,-1
2017410227873,1,9,0,17,0,0,0,0,1,0,2,1,2,1,22,5,1398,1,1,6,3,6
2017410227873,2,9,0,16,0,0,1,0,0,0,1,1,2,2,32,6,1242,1,16,-1,-1,-1
2017410227895,1,9,0,18,0,0,0,0,0,0,3,1,6,1,25,5,1248,2,3,-1,-1,-1
2017410227895,2,9,0,18,0,0,0,0,0,0,3,1,6,1,62,9,-1,-1,-1,-1,-1,-1
2017410227909,1,9,0,18,0,0,0,0,0,0,2,1,6,2,29,6,1968,2,-1,-1,-1,-1
2017410227909,2,9,0,18,0,0,0,0,0,0,1,1,2,2,25,5,1242,1,10,-1,-1,-1
2017410227909,3,9,0,18,0,0,0,0,0,0,1,1,2,1,50,8,1968,2,2,-1,-1,-1
2017410227916,1,9,0,18,0,0,2,0,1,0,1,1,5,2,23,5,1422,2,12,-1,-1,-1
2017410227916,2,19,0,18,0,0,1,0,1,0,2,1,1,1,32,6,1560,2,4,-1,-1,-1
2017410227938,1,19,0,18,0,0,1,0,4,6,1,1,1,1,36,7,2198,2,5,-1,-1,-1
2017410227938,2,19,0,4,0,0,0,0,0,0,2,1,1,1,58,9,2198,2,1,1,1,1
2017410227938,3,9,0,4,0,0,0,0,0,0,2,1,6,1,64,9,1200,1,1,-1,-1,-1
2017410227938,4,9,0,4,0,0,0,0,0,0,2,1,6,1,49,8,1686,2,6,-1,-1,-1
2017410227961,1,-1,0,18,0,2,0,0,0,0,4,1,6,3,-1,-1,-1,-1,-1,-1,-1,-1
2017410228045,1,4,0,13,0,0,5,0,0,0,0,1,2,1,55,8,233,1,21,4,1,4
2017410228052,1,9,0,18,0,0,0,0,0,0,1,1,5,1,39,7,1984,1,1,-1,-1,-1
2017410228052,2,9,0,9,0,0,0,0,0,0,1,1,5,2,60,9,1598,2,5,-1,-1,-1
2017410228074,1,19,0,17,0,0,0,0,7,0,1,1,1,1,23,5,1560,2,1,-1,-1,-1
2017410228074,2,9,0,16,0,0,0,0,0,0,1,1,5,1,46,8,1968,2,-1,-1,-1,-1
2017410228148,1,9,0,18,0,0,1,0,0,0,1,1,5,1,25,5,-1,-1,-1,-1,-1,-1
2017410228148,2,21,1,18,0,0,0,0,0,0,2,1,1,1,42,7,10677,2,2,-1,-1,-1
2017410228204,1,9,0,18,0,0,0,0,0,0,1,1,2,1,21,5,1596,1,11,-1,-1,-1
2017410228253,1,9,0,18,0,1,0,0,0,0,1,1,5,2,22,5,1242,1,1,-1,-1,-1
2017410228253,2,90,0,9,0,8,0,0,0,0,1,1,5,1,24,5,2200,2,3,-1,-1,-1
2017410228282,1,9,0,10,0,4,0,0,0,0,2,1,6,1,50,8,999,1,4,-1,-1,-1
2017410228282,2,9,0,18,0,4,0,0,0,0,1,1,6,2,27,6,1242,1,3,-1,-1,-1
2017410228296,1,11,0,18,0,0,0,0,0,0,1,1,1,1,61,9,4250,2,10,-1,-1,-1
2017410228296,2,9,0,3,0,0,0,0,0,0,2,1,5,1,19,4,1900,2,11,-1,-1,-1
2017410228296,3,9,0,3,0,0,0,0,0,0,2,1,5,1,81,11,1596,1,5,-1,-1,-1
2017410228296,4,9,0,3,0,0,0,0,0,0,2,1,5,1,58,9,6208,1,5,-1,-1,-1
2017410228296,5,9,0,3,0,0,0,0,0,0,2,1,5,1,47,8,2148,2,12,-1,-1,-1
2017410228296,6,9,0,3,0,0,0,0,0,0,2,1,5,1,47,8,1560,2,9,-1,-1,-1
2017410228303,1,9,0,18,0,0,0,0,0,0,1,1,6,1,61,9,2143,2,8,7,1,7
2017410228306,1,9,0,7,0,4,1,0,0,0,1,1,5,1,17,4,1061,1,13,9,1,9
2017410228306,2,19,0,18,0,8,0,0,0,0,4,1,5,1,30,6,1753,2,12,-1,-1,-1
2017410228307,1,98,-1,18,0,0,0,0,0,0,3,1,1,1,-1,-1,-1,-1,-1,-1,-1,-1
2017410228307,2,1,-1,7,4,0,0,0,0,0,1,1,1,2,20,4,-1,-1,-1,-1,-1,-1
2017410228369,1,9,0,16,0,0,1,7,1,3,1,1,6,2,76,11,1398,1,7,-1,-1,-1
2017410228370,1,9,0,18,0,8,0,0,3,10,3,1,6,1,67,10,1197,1,2,-1,-1,-1
2017410228370,2,98,0,18,0,1,0,0,0,0,1,1,2,1,24,5,-1,-1,-1,-1,-1,-1
2017410228370,3,9,0,2,9,2,0,0,0,0,1,1,6,3,-1,-1,-1,-1,-1,-1,-1,-1
2017410228400,1,9,0,5,0,1,0,0,7,1,1,1,1,1,20,4,1595,1,11,-1,-1,-1
2017410228420,1,9,0,9,0,0,0,0,0,0,3,1,1,1,45,7,2996,1,7,-1,-1,-1
2017410228420,2,3,0,14,0,0,2,0,7,0,1,1,6,1,25,5,124,1,3,-1,-1,-1
2017410228420,3,9,0,3,0,0,0,0,0,0,1,1,6,1,72,10,2179,2,3,-1,-1,-1
2017410228490,1,9,0,18,0,0,0,4,0,0,1,1,1,1,26,6,1998,1,14,-1,-1,-1
2017410228490,2,9,0,2,0,0,0,0,0,0,2,1,3,2,43,7,1598,1,9,-1,-1,-1
2017410228521,1,9,0,3,0,8,0,0,0,0,4,1,5,2,41,7,2996,1,9,-1,-1,-1
2017410228521,2,9,0,18,0,8,0,0,0,0,1,1,5,2,59,9,1360,1,13,-1,-1,-1
2017410228528,1,9,0,17,0,0,5,10,7,9,1,1,6,1,18,4,1197,1,4,-1,-1,-1
2017410228550,1,4,0,18,0,2,1,0,0,0,1,1,5,1,20,4,373,1,-1,3,1,3
2017410228550,2,1,0,18,0,6,0,0,0,0,1,1,6,1,20,4,-1,-1,-1,7,1,7
2017410228567,1,19,0,17,0,0,1,10,7,9,4,1,6,1,39,7,2446,2,16,-1,-1,-1
2017410228573,1,9,0,17,0,0,0,0,1,11,1,1,5,1,23,5,1995,2,7,-1,-1,-1
2017410228581,1,21,1,11,0,0,0,0,0,0,1,1,1,1,64,9,12900,2,6,4,1,4
2017410228581,2,9,0,18,0,0,1,0,5,6,2,1,2,2,49,8,1597,1,15,9,1,9
2017410228636,1,9,0,11,0,4,0,0,0,0,4,1,6,2,62,9,1240,1,8,-1,-1,-1
2017410228636,2,9,0,18,0,8,0,0,1,0,4,1,6,1,22,5,1299,1,9,-1,-1,-1
2017410228656,1,9,0,9,0,6,0,0,0,0,1,1,3,2,38,7,1796,1,10,-1,-1,-1
2017410228656,2,3,0,14,0,1,2,0,0,0,1,1,6,1,20,4,125,1,10,-1,-1,-1
2017410228697,1,9,0,18,0,0,0,4,1,11,4,1,6,2,28,6,1895,1,18,-1,-1,-1
2017410228697,2,9,0,2,0,0,0,0,0,0,3,1,6,1,28,6,1798,8,1,-1,-1,-1
2017410228700,1,19,0,18,0,0,0,0,0,0,1,1,2,1,60,9,2198,2,1,-1,-1,-1
2017410228700,2,9,0,4,0,0,0,0,0,0,2,1,6,2,39,7,1997,1,4,-1,-1,-1
2017410228700,3,9,0,12,0,0,0,0,0,0,0,1,6,3,-1,-1,-1,-1,-1,-1,-1,-1
2017410228702,1,9,0,4,0,0,0,0,0,0,2,1,6,2,47,8,2993,2,13,-1,-1,-1
2017410228702,2,9,0,4,0,0,0,0,0,0,1,1,6,1,55,8,2902,2,9,-1,-1,-1
2017410228707,1,19,0,18,0,0,0,0,0,0,1,1,6,1,33,6,2143,2,1,-1,-1,-1
2017410228707,2,9,0,12,0,0,0,0,0,0,2,1,6,1,82,11,1498,1,1,-1,-1,-1
2017410228707,3,9,0,18,0,0,0,0,0,0,2,1,6,1,57,9,1560,2,2,-1,-1,-1
2017410228707,4,19,0,18,0,0,0,0,0,0,2,1,6,1,57,9,2198,2,3,-1,-1,-1
2017410228752,1,98,0,4,0,1,1,0,0,0,1,1,6,1,-1,-1,-1,-1,-1,6,1,6
2017410228752,2,9,0,3,0,1,0,0,0,0,2,1,6,2,45,7,1299,1,13,-1,-1,-1
2017410228752,3,9,0,3,0,1,0,0,0,0,2,1,6,2,-1,-1,-1,-1,-1,-1,-1,-1
2017410228754,1,9,0,9,0,8,0,0,0,0,1,1,5,1,70,10,1242,1,-1,-1,-1,-1
2017410228754,2,1,0,18,0,8,0,0,0,0,4,1,2,2,24,5,-1,-1,-1,8,1,8
2017410228787,1,21,1,18,0,0,0,0,0,0,1,1,1,1,28,6,12900,2,6,-1,-1,-1
2017410228787,2,21,1,4,0,0,0,0,0,0,2,1,1,1,34,6,15607,2,4,-1,-1,-1
2017410228787,3,21,1,4,0,0,0,0,0,0,2,1,1,1,38,7,12902,2,1,-1,-1,-1
2017410228796,1,1,0,7,0,4,0,0,0,0,4,1,6,1,12,3,-1,-1,-1,-1,-1,-1
2017410228796,2,9,0,18,0,3,0,0,0,0,3,1,6,2,-1,-1,-1,-1,-1,-1,-1,-1
2017410228819,1,9,0,18,0,0,0,0,0,0,2,1,5,1,42,7,1598,1,5,-1,-1,-1
2017410228854,1,19,0,18,6,0,0,0,0,0,1,1,6,1,-1,-1,2143,2,6,-1,-1,-1
2017410228858,1,11,0,4,0,0,0,0,0,0,0,1,1,3,-1,-1,-1,-1,-1,-1,-1,-1
2017410228894,1,9,0,9,0,8,0,0,0,0,3,1,5,1,33,6,1242,1,15,-1,-1,-1
2017410228894,2,9,0,18,0,1,0,0,0,0,4,1,5,2,19,4,998,1,2,-1,-1,-1
2017410228913,1,9,0,9,0,0,0,0,0,0,3,1,2,2,56,9,2000,1,9,-1,-1,-1
2017410228913,2,9,0,3,0,0,0,0,0,0,0,1,2,2,51,8,1395,1,4,-1,-1,-1
2017410228913,3,5,0,14,0,0,5,0,0,0,1,1,2,1,57,9,955,1,14,-1,-1,-1
2017410228915,1,9,0,3,0,0,0,0,0,0,2,1,5,2,46,8,1995,2,8,10,1,10
2017410228915,2,9,0,3,0,0,0,0,0,0,2,1,5,2,35,6,2494,1,19,6,1,6
2017410228915,3,9,0,4,0,0,0,0,0,0,1,1,2,2,37,7,1968,2,1,-1,-1,-1
2017410228968,1,19,0,16,0,8,0,0,0,0,1,1,1,1,51,8,2402,2,6,-1,-1,-1
2017410228968,2,9,0,17,0,8,0,0,0,0,1,1,1,2,28,6,1896,2,15,-1,-1,-1
2017410228991,1,9,0,13,0,0,0,0,1,7,4,1,1,1,33,6,1197,1,-1,-1,-1,-1
2017410229040,1,9,0,18,0,1,0,0,0,0,1,1,6,3,-1,-1,1242,1,8,-1,-1,-1
2017410229040,2,9,0,10,0,1,0,0,0,0,2,1,2,2,38,7,1798,8,1,-1,-1,-1
2017410229059,1,9,0,4,0,0,0,0,0,0,4,1,5,2,59,9,1198,1,7,-1,-1,-1
2017410229059,2,22,0,18,0,0,5,0,0,0,4,1,6,1,93,11,-1,-1,-1,-1,-1,-1
2017410229321,1,9,0,5,0,1,0,0,0,0,1,1,2,1,31,6,-1,-1,-1,-1,-1,-1
2017410229321,2,9,0,3,0,1,0,0,0,0,2,1,2,1,52,8,998,1,3,-1,-1,-1
2017410229322,1,9,0,5,0,0,0,0,0,0,3,1,6,2,28,6,1390,1,15,-1,-1,-1
2017410229322,2,9,0,18,0,0,0,0,0,0,4,1,6,2,21,5,1598,1,13,-1,-1,-1
2017410229386,1,21,1,18,0,0,0,0,0,0,4,1,1,1,55,8,12900,2,8,10,1,10
2017410229491,1,9,0,18,0,1,0,4,0,0,4,1,1,2,30,6,1598,1,10,-1,-1,-1
2017410229491,2,9,0,2,0,1,0,0,0,0,3,1,5,3,-1,-1,1598,1,6,-1,-1,-1
2017410229527,1,9,0,18,0,0,0,0,0,0,1,1,6,2,-1,-1,998,1,3,10,3,10
2017410229527,2,9,0,18,0,0,0,0,0,0,2,1,6,2,21,5,1242,1,7,-1,-1,-1
2017410229527,3,9,0,18,0,0,0,0,0,0,3,1,6,3,-1,-1,-1,-1,-1,-1,-1,-1
2017410229566,1,9,0,6,0,0,0,0,0,0,3,1,6,1,52,8,1995,2,-1,-1,-1,-1
2017410229566,2,9,0,18,0,0,0,0,0,0,1,1,6,1,45,7,1598,1,12,-1,-1,-1
2017410229577,1,1,0,18,0,0,0,0,0,0,4,1,4,1,11,3,-1,-1,-1,-1,-1,-1
2017410229577,2,9,0,18,0,0,0,0,0,0,1,1,6,3,-1,-1,-1,-1,-1,-1,-1,-1
2017410229581,1,9,0,9,0,2,0,0,0,0,4,1,5,2,26,6,1240,1,12,-1,-1,-1
2017410229581,2,9,0,18,0,1,0,0,0,0,1,1,6,2,78,11,1497,8,1,-1,-1,-1
2017410229597,1,9,0,9,0,6,0,0,0,0,3,1,6,2,48,8,1390,1,15,-1,-1,-1
2017410229597,2,4,0,18,0,8,0,0,0,0,1,1,6,1,21,5,471,1,3,-1,-1,-1
2017410229740,1,4,0,18,0,8,2,0,0,0,0,1,2,2,33,6,249,1,5,-1,-1,-1
2017410229740,2,9,0,5,0,4,0,0,0,0,0,1,6,3,-1,-1,-1,-1,-1,-1,-1,-1
2017410229962,1,9,0,10,0,8,0,0,7,0,3,1,6,1,31,6,6208,1,4,-1,-1,-1
2017410229962,2,9,0,18,0,8,0,0,7,11,1,1,6,1,39,7,1910,2,9,-1,-1,-1
2017410230003,1,9,0,18,0,0,0,0,0,0,1,1,6,2,-1,-1,-1,-1,-1,-1,-1,-1
2017410230052,1,9,0,12,0,0,0,0,0,0,0,1,6,3,-1,-1,-1,-1,-1,-1,-1,-1
2017410230052,2,9,0,18,0,0,0,0,0,0,0,1,6,1,-1,-1,2231,2,2,-1,-1,-1
2017410230180,1,19,0,9,0,0,0,0,0,0,1,1,6,1,47,8,2287,2,2,-1,-1,-1
2017410230191,1,9,0,5,9,0,0,0,0,0,3,1,5,2,87,11,1591,1,4,-1,-1,-1
2017410230191,2,1,0,18,9,0,0,0,0,0,1,1,5,1,70,10,-1,-1,-1,-1,-1,-1
2017410230208,1,9,0,7,0,2,0,0,0,0,2,1,6,2,-1,-1,1388,1,13,-1,-1,-1
2017410230208,2,3,0,18,0,1,0,0,0,0,1,1,6,1,21,5,124,1,3,-1,-1,-1
2017410230211,1,9,0,7,0,2,2,10,7,7,1,1,5,1,18,4,1242,1,11,-1,-1,-1
2017410230232,1,9,0,18,0,4,0,0,0,0,1,1,6,2,36,7,1560,2,2,-1,-1,-1
2017410230232,2,9,0,18,0,4,0,0,0,0,2,1,6,2,24,5,1995,1,14,-1,-1,-1
2017410230294,1,98,0,18,0,0,0,0,0,0,1,1,6,3,-1,-1,-1,-1,-1,-1,-1,-1
2017410230294,2,9,0,4,0,0,0,0,0,0,2,1,5,2,45,7,1398,1,-1,-1,-1,-1
2017410230456,1,9,0,18,0,1,0,0,0,0,1,1,5,2,31,6,1598,1,-1,-1,-1,-1
2017410230456,2,9,0,10,0,1,0,0,0,0,1,1,5,2,44,7,1198,1,3,-1,-1,-1
2017410230456,3,9,0,10,0,1,0,0,0,0,1,1,5,2,22,5,-1,-1,-1,-1,-1,-1
2017410230458,1,9,0,16,0,0,0,0,0,0,1,1,6,3,-1,-1,1749,1,15,-1,-1,-1
2017410230458,2,9,0,3,0,0,0,0,0,0,2,1,6,1,19,4,1598,1,5,-1,-1,-1
2017410230468,1,19,0,18,0,0,0,0,0,0,1,1,5,1,37,7,1461,2,12,-1,-1,-1
2017410230468,2,9,0,3,0,0,0,0,0,0,2,1,3,2,43,7,2902,2,13,-1,-1,-1
2017410230500,1,1,0,18,0,6,0,0,0,0,1,1,5,2,-1,-1,-1,-1,-1,-1,-1,-1
2017410230500,2,9,0,7,0,6,0,0,0,0,3,1,2,2,33,6,1199,1,4,-1,-1,-1
2017410230700,1,9,0,5,0,0,2,0,1,0,1,1,1,1,33,6,-1,-1,-1,-1,-1,-1
2017410230700,2,20,0,5,0,0,0,0,0,0,4,1,1,1,54,8,-1,-1,-1,-1,-1,-1
2017410230702,1,9,0,7,0,2,0,0,0,0,1,1,1,1,56,9,1364,1,2,-1,-1,-1
2017410230702,2,1,0,18,0,6,0,0,0,0,3,1,4,1,13,3,-1,-1,-1,-1,-1,-1
2017410230724,1,9,0,4,0,8,0,0,0,0,4,1,5,2,64,9,1360,1,14,-1,-1,-1
2017410230724,2,9,0,4,0,8,0,0,0,0,1,1,5,2,-1,-1,1560,2,12,-1,-1,-1
2017410230749,1,9,0,18,0,2,0,0,0,0,4,1,6,2,49,8,1390,1,7,-1,-1,-1
2017410230749,2,1,0,18,0,1,0,0,0,0,1,1,6,2,48,8,-1,-1,-1,-1,-1,-1
2017410230761,1,9,0,18,0,8,0,0,0,0,1,1,6,3,-1,-1,-1,-1,-1,-1,-1,-1
2017410230893,1,19,0,18,0,4,0,0,0,0,1,1,6,1,-1,-1,1686,2,14,7,1,7
2017410230893,2,1,0,18,0,8,0,0,0,0,1,1,6,1,30,6,-1,-1,-1,10,1,10
2017410230896,1,3,0,16,0,0,5,0,0,0,0,1,1,1,23,5,125,1,8,-1,-1,-1
2017410230933,1,11,0,11,0,0,0,0,0,0,1,1,1,1,44,7,9360,2,4,-1,-1,-1
2017410230933,2,98,1,18,0,0,0,0,0,0,1,1,1,1,19,4,-1,-1,-1,-1,-1,-1
2017410230933,3,8,0,4,0,0,0,0,0,0,2,1,1,1,45,7,2143,2,2,7,3,7
2017410230943,1,9,0,17,0,0,0,4,0,0,1,1,2,1,44,7,2400,2,2,9,1,9
2017410230943,2,9,0,2,0,0,0,0,0,0,1,1,6,1,45,7,1796,1,11,-1,-1,-1
2017410230943,3,9,0,16,0,0,0,0,0,0,3,1,6,2,29,6,1229,1,7,-1,-1,-1
2017410230982,1,9,0,9,0,8,0,0,0,0,4,1,5,2,17,4,998,1,7,-1,-1,-1
2017410230982,2,8,0,18,0,8,0,0,0,0,1,1,1,1,42,7,1798,8,4,-1,-1,-1
2017410231027,1,9,0,18,0,0,0,0,0,0,2,1,2,1,24,5,1229,1,4,-1,-1,-1
2017410231027,2,9,0,18,0,0,0,0,0,0,2,1,1,1,42,7,1798,1,2,-1,-1,-1
2017410231027,3,9,0,18,0,0,0,0,0,0,1,1,6,1,47,8,1956,2,4,-1,-1,-1
2017410231087,1,9,0,7,0,8,5,4,0,0,1,1,6,2,27,6,1199,1,16,-1,-1,-1
2017410231087,2,9,0,2,0,1,0,0,0,0,1,1,6,3,-1,-1,1395,1,-1,-1,-1,-1
2017410231087,3,9,0,2,0,1,0,0,0,0,1,1,6,3,-1,-1,1560,2,10,-1,-1,-1
2017410231209,1,5,0,18,0,1,0,0,0,0,1,1,6,1,46,8,988,1,23,3,1,3
2017410231209,2,19,0,10,0,1,0,0,0,0,2,1,5,1,70,10,1560,2,3,10,1,10
2017410231213,1,9,0,18,0,0,0,4,0,0,1,1,5,2,38,7,1598,1,16,-1,-1,-1
2017410231213,2,9,0,2,0,0,0,0,0,0,4,1,6,2,50,8,1498,1,10,-1,-1,-1
2017410231213,3,9,0,2,0,0,0,0,0,0,4,1,6,2,41,7,1499,2,-1,-1,-1,-1
2017410231223,1,9,0,17,0,0,1,0,1,4,1,1,6,2,50,8,999,1,2,-1,-1,-1
2017410231275,1,9,0,17,0,8,0,0,0,0,1,1,6,3,-1,-1,-1,-1,-1,-1,-1,-1
2017410231275,2,9,0,17,0,8,0,0,0,0,4,1,5,1,45,7,-1,-1,-1,-1,-1,-1
2017410231302,1,9,0,9,0,6,0,0,0,0,3,1,1,2,26,6,1596,1,9,-1,-1,-1
2017410231302,2,5,0,13,0,1,0,0,0,0,1,1,1,1,62,9,598,1,16,-1,-1,-1
2017410231319,1,9,0,2,0,0,0,0,0,0,2,1,5,1,45,7,1598,1,18,-1,-1,-1
2017410231319,2,9,0,16,0,0,0,0,0,0,1,1,5,1,27,6,-1,-1,-1,-1,-1,-1
2017410231359,1,9,0,18,0,8,0,0,0,0,4,1,5,2,44,7,1124,1,13,-1,-1,-1
2017410231359,2,9,0,18,0,8,0,0,0,0,3,1,5,1,40,7,1896,2,15,-1,-1,-1
2017410231438,1,9,0,18,0,0,0,0,1,11,1,1,6,3,-1,-1,1796,1,12,-1,-1,-1
2017410231438,2,9,0,18,0,0,0,0,0,0,2,1,5,1,63,9,2993,2,8,-1,-1,-1
2017410231486,1,9,0,18,0,0,0,0,0,0,4,1,5,2,81,11,1422,2,7,-1,-1,-1
2017410231486,2,9,0,5,0,0,0,0,0,0,3,1,6,1,35,6,2995,8,1,-1,-1,-1
2017410231586,1,9,0,18,0,8,0,0,7,10,1,1,5,1,53,8,2987,2,8,-1,-1,-1
2017410231586,2,9,0,5,0,1,0,0,1,10,1,1,5,2,25,5,1390,1,7,-1,-1,-1
2017410231615,1,98,0,18,0,4,0,0,0,0,1,1,6,3,-1,-1,-1,-1,-1,-1,-1,-1
2017410231615,2,9,0,18,0,4,0,0,0,0,2,1,6,1,52,8,1587,1,12,-1,-1,-1
2017410231659,1,9,0,18,0,0,0,0,0,0,2,1,6,1,64,9,998,1,10,-1,-1,-1
2017410231659,2,9,0,18,0,0,0,0,0,0,1,1,6,2,39,7,998,1,-1,-1,-1,-1
2017410231667,1,9,0,16,0,4,0,0,0,0,1,1,5,2,19,4,1229,1,8,-1,-1,-1
2017410231667,2,9,0,11,0,4,0,0,0,0,2,1,6,1,-1,-1,1796,1,14,-1,-1,-1
2017410231804,1,9,0,18,0,0,0,0,2,10,1,1,6,2,29,6,1242,1,9,-1,-1,-1
2017410231807,1,9,0,18,0,1,0,0,0,0,1,1,6,3,-1,-1,-1,-1,-1,-1,-1,-1
2017410231807,2,1,0,5,0,8,0,0,0,0,2,1,5,1,10,2,-1,-1,-1,-1,-1,-1
2017410231821,1,3,0,18,0,4,0,0,0,0,1,1,6,1,20,4,124,1,11,-1,-1,-1
2017410231821,2,9,0,9,0,8,0,0,0,0,1,1,6,2,23,5,1242,1,8,-1,-1,-1
2017410231832,1,9,0,18,0,0,0,0,1,10,1,1,5,2,32,6,1390,1,10,-1,-1,-1
2017410232011,1,5,0,15,0,8,0,0,1,0,3,1,6,3,-1,-1,599,1,17,-1,-1,-1
2017410232011,2,9,0,7,0,5,0,0,0,0,4,1,2,2,23,5,1997,2,8,7,1,7
2017410232053,1,9,0,9,0,1,0,0,0,0,1,1,6,1,23,5,1229,1,3,-1,-1,-1
2017410232053,2,9,0,18,0,1,0,0,0,0,3,1,6,1,32,6,-1,-1,-1,-1,-1,-1
2017410232092,1,9,0,17,0,0,1,0,0,0,1,1,6,2,23,5,1242,1,10,-1,-1,-1
2017410232092,2,9,0,16,0,0,1,0,0,0,1,1,6,1,46,8,1995,2,11,-1,-1,-1
2017410232097,1,9,0,4,0,0,0,0,0,0,1,1,5,2,36,7,1896,2,14,-1,-1,-1
2017410232097,2,9,0,4,0,0,0,0,0,0,2,1,5,1,33,6,2143,2,3,-1,-1,-1
2017410232097,3,9,0,4,0,0,0,0,0,0,2,1,5,2,26,6,1242,1,2,-1,-1,-1
2017410232099,1,9,0,4,0,1,0,0,0,0,1,1,1,1,39,7,2143,2,2,-1,-1,-1
2017410232099,2,9,0,16,0,3,1,0,0,0,1,1,6,3,-1,-1,1796,1,13,-1,-1,-1