Accident_Index,Vehicle_Reference,Vehicle_Type,Towing_and_Articulation,Vehicle_Manoeuvre,Vehicle_Location-Restricted_Lane,Junction_Location,Skidding_and_Overturning,Hit_Object_in_Carriageway,Vehicle_Leaving_Carriageway,Hit_Object_off_Carriageway,1st_Point_of_Impact,Was_Vehicle_Left_Hand_Drive?,Journey_Purpose_of_Driver,Sex_of_Driver,Age_of_Driver,Age_Band_of_Driver,Engine_Capacity_(CC),Propulsion_Code,Age_of_Vehicle,Driver_IMD_Decile,Driver_Home_Area_Type,Vehicle_IMD_Decile
2017410237722,2,9,0,5,0,1,0,0,0,0,1,1,1,2,49,8,1968,2,9,-1,-1,-1
2017410237743,1,9,0,16,0,0,1,0,1,3,1,1,5,1,21,5,1389,1,12,-1,-1,-1
2017410237793,1,9,0,18,0,0,0,0,0,0,1,1,5,1,47,8,2926,2,15,-1,-1,-1
2017410237793,2,9,0,18,0,0,1,6,0,0,2,1,5,2,78,11,1796,1,13,-1,-1,-1
2017410237810,1,9,0,18,0,0,0,0,7,0,1,1,1,1,18,4,1598,1,11,-1,-1,-1
2017410237810,2,9,0,2,9,0,0,4,0,0,2,1,6,2,72,10,1999,1,7,8,2,8
2017410237810,3,9,0,2,9,0,0,4,0,0,3,1,6,1,61,9,1596,1,7,8,2,8
2017410237810,4,9,0,2,9,0,0,4,0,0,2,1,6,1,30,6,1390,1,4,8,2,8
2017410237810,5,9,0,2,9,0,0,4,0,0,3,1,6,3,-1,-1,1242,1,-1,-1,-1,-1
2017410237825,1,9,0,5,0,6,0,0,0,0,1,1,5,1,79,11,1200,1,-1,-1,-1,-1
2017410237825,2,2,0,18,0,1,0,0,0,0,1,1,5,1,17,4,49,1,1,-1,-1,-1
2017410237841,1,9,0,18,0,0,2,0,1,0,1,1,2,1,21,5,1598,1,3,-1,-1,-1
2017410237841,2,9,0,18,0,0,0,0,1,0,2,1,1,1,32,6,1968,2,4,-1,-1,-1
2017410237846,1,9,0,18,0,0,0,0,0,0,1,1,5,1,47,8,1598,2,4,9,1,9
2017410237872,1,9,0,13,0,8,0,4,0,0,1,1,5,1,43,7,1984,1,2,-1,-1,-1
2017410237872,2,9,0,1,0,8,0,0,0,0,3,1,1,1,37,7,1598,2,1,-1,-1,-1
2017410237872,3,9,0,3,0,8,0,0,0,0,1,1,6,1,20,4,-1,-1,-1,5,1,5
2017410237872,4,9,0,18,0,8,0,0,0,0,1,1,1,1,31,6,-1,-1,-1,-1,-1,-1
2017410237875,1,9,0,9,0,3,1,0,1,7,1,1,1,1,18,4,1364,1,11,-1,-1,-1
2017410237878,1,9,0,14,0,0,0,0,0,0,4,1,5,1,37,7,999,1,1,-1,-1,-1
2017410237880,1,9,0,18,0,0,0,0,0,0,1,1,1,1,22,5,1596,1,13,-1,-1,-1
2017410237880,2,9,0,11,0,0,0,0,0,0,2,1,1,1,20,4,1200,1,3,-1,-1,-1
2017410237893,1,9,0,18,0,0,0,0,0,0,1,1,2,2,18,4,1242,1,1,-1,-1,-1
2017410237893,2,9,0,18,0,0,0,0,1,4,3,1,1,1,50,8,1999,2,-1,-1,-1,-1
2017410237895,1,11,0,18,0,2,0,0,0,0,1,1,1,1,49,8,3900,2,11,-1,-1,-1
2017410237895,2,9,0,5,0,2,0,0,0,0,2,1,2,2,52,8,1598,1,3,-1,-1,-1
2017410237900,1,9,0,16,0,0,0,0,0,0,1,1,1,1,23,5,1242,1,16,-1,-1,-1
2017410237900,2,9,0,17,0,0,1,0,0,0,1,1,1,2,35,6,1796,2,4,-1,-1,-1
2017410237921,1,9,0,1,0,0,0,0,0,0,2,1,5,1,-1,-1,2393,1,14,6,1,6
2017410237921,2,9,-1,4,0,0,0,0,0,0,1,1,1,1,34,6,1360,1,12,5,1,5
2017410237932,1,9,0,4,0,0,0,0,0,0,1,1,6,2,32,6,1598,1,9,-1,-1,-1
2017410237932,2,9,0,4,0,0,0,0,0,0,2,1,6,2,49,8,1349,1,3,-1,-1,-1
2017410237932,3,9,0,4,0,0,0,0,0,0,2,1,6,1,61,9,1910,2,10,-1,-1,-1
2017410237939,1,9,0,13,0,0,0,0,0,0,4,1,6,3,-1,-1,-1,-1,-1,-1,-1,-1
2017410237939,2,1,0,18,0,0,5,0,0,0,3,1,5,1,37,7,-1,-1,-1,3,1,3
2017410238049,1,98,4,18,0,0,0,0,0,0,1,1,1,1,49,8,-1,-1,-1,-1,-1,-1
2017410238049,2,9,0,18,0,0,1,0,0,0,2,1,1,1,47,8,1390,1,8,-1,-1,-1
2017410238049,3,21,4,18,0,0,0,0,0,0,2,1,1,1,53,8,10837,2,7,-1,-1,-1
2017410238187,1,19,0,16,0,0,0,0,0,0,3,1,1,1,24,5,2198,2,5,-1,-1,-1
2017410238187,2,9,0,17,0,0,0,0,0,0,3,1,2,1,37,7,1197,1,1,-1,-1,-1
2017410238210,1,8,0,18,0,1,0,0,7,2,1,1,1,1,40,7,1968,2,4,-1,-1,-1
2017410238214,1,1,0,18,0,0,5,0,0,0,3,1,5,1,70,10,-1,-1,-1,-1,-1,-1
2017410238214,2,9,0,13,0,0,0,0,0,0,4,1,6,3,-1,-1,1995,2,3,-1,-1,-1
2017410238242,1,3,0,17,0,0,0,0,1,3,3,1,2,1,19,4,125,1,12,-1,-1,-1
2017410238301,1,9,0,18,0,0,0,0,0,0,0,1,6,3,-1,-1,-1,-1,-1,-1,-1,-1
2017410238301,2,9,0,18,0,0,0,0,0,0,2,1,2,1,30,6,1950,2,-1,-1,-1,-1
2017410238301,3,19,0,18,0,0,0,0,0,0,1,1,2,1,49,8,1248,2,2,-1,-1,-1
2017410238592,1,9,0,18,0,0,0,0,0,0,1,1,5,2,44,7,1984,1,-1,-1,-1,-1
2017410238592,2,1,0,9,0,0,5,0,0,0,1,1,5,1,55,8,-1,-1,-1,-1,-1,-1
2017410238616,1,9,0,1,9,0,0,0,1,0,1,1,6,2,90,11,1240,1,8,-1,-1,-1
2017410238616,2,9,0,2,0,0,0,0,0,0,2,1,6,3,-1,-1,1796,1,10,-1,-1,-1
2017410238662,1,9,0,7,0,4,5,0,1,2,1,1,6,1,-1,-1,1595,1,4,-1,-1,-1
2017410238663,1,9,0,18,0,0,0,0,0,0,3,1,5,2,36,7,996,1,4,5,2,5
2017410238663,2,1,0,18,0,0,0,0,0,0,1,1,6,1,11,3,-1,-1,-1,-1,-1,-1
2017410238691,1,19,4,18,0,0,4,0,1,9,1,1,1,1,52,8,1998,2,13,6,1,6
2017410238757,1,9,0,4,0,0,1,0,0,0,1,1,5,1,21,5,1198,1,10,-1,-1,-1
2017410238757,2,9,0,4,0,0,0,0,0,0,2,1,5,1,30,6,998,1,4,-1,-1,-1
2017410238757,3,-1,0,4,0,0,0,0,0,0,2,1,6,3,-1,-1,-1,-1,-1,-1,-1,-1
2017410238807,1,9,0,17,0,0,0,0,0,0,1,1,1,1,42,7,1796,1,9,-1,-1,-1
2017410238807,2,19,0,17,0,0,0,0,0,0,2,1,1,1,64,9,2402,2,7,-1,-1,-1
2017410238835,1,9,0,18,0,0,2,0,2,11,4,1,6,3,-1,-1,1596,1,12,-1,-1,-1
2017410238922,1,9,0,18,0,0,0,0,0,0,1,1,1,2,55,8,1299,1,15,9,1,9
2017410238934,1,9,0,18,0,1,0,0,0,0,1,1,6,1,18,4,1995,2,-1,6,1,6
2017410238934,2,9,0,10,0,1,0,0,0,0,2,1,6,2,39,7,1388,1,14,1,1,1
2017410238941,1,9,0,1,9,0,0,0,0,0,2,1,6,1,54,8,2198,2,8,-1,-1,-1
2017410238971,1,9,0,3,0,1,0,0,0,0,2,1,2,2,21,5,1242,1,11,7,1,7
2017410238971,2,9,0,4,0,1,1,0,0,0,1,1,1,1,29,6,-1,-1,-1,2,1,2
2017410239143,1,9,0,18,0,0,0,0,0,0,1,1,6,1,-1,-1,1968,2,4,-1,-1,-1
2017410239143,2,9,0,18,0,0,0,0,0,0,2,1,6,1,47,8,2400,2,5,-1,-1,-1
2017410239197,1,9,0,18,0,1,0,0,0,0,1,1,1,1,48,8,1686,2,4,-1,-1,-1
2017410239197,2,9,0,9,0,6,0,0,3,11,3,1,1,1,31,6,1797,8,5,-1,-1,-1
2017410239277,1,9,0,18,0,0,1,10,1,10,1,1,6,3,-1,-1,1995,2,5,-1,-1,-1
2017410239340,1,9,0,18,0,1,0,0,0,0,1,1,6,2,38,7,1242,1,6,-1,-1,-1
2017410239340,2,9,0,9,0,1,0,0,0,0,1,1,6,1,36,7,1368,1,-1,-1,-1,-1
2017410239385,1,9,0,18,0,1,0,0,0,0,1,1,3,1,49,8,1797,8,5,9,3,9
2017410239385,2,9,0,3,0,1,0,0,0,0,2,1,2,2,28,6,1598,2,3,-1,-1,-1
2017410239385,3,9,0,3,0,1,0,0,0,0,2,1,5,1,66,10,999,1,1,-1,-1,-1
2017410239385,4,9,0,10,0,1,0,0,0,0,2,1,2,2,33,6,1598,1,9,-1,-1,-1
2017410239459,1,21,1,11,0,0,0,0,0,0,4,1,1,1,50,8,11705,2,9,-1,-1,-1
2017410239459,2,9,0,18,0,0,1,0,1,0,3,1,6,1,24,5,1360,1,11,-1,-1,-1
2017410239502,1,9,0,18,0,0,0,0,0,0,1,1,2,1,60,9,1995,2,3,8,1,8
2017410239502,2,9,0,4,0,0,0,0,0,0,2,1,2,2,43,7,1248,2,5,-1,-1,-1
2017410239502,3,9,0,4,0,0,0,0,0,0,2,1,2,2,42,7,1969,2,1,7,3,7
2017410239585,1,19,0,1,0,0,0,0,0,0,2,1,6,1,32,6,1995,2,9,-1,-1,-1
2017410239638,1,9,0,18,0,8,0,0,0,0,0,1,6,3,-1,-1,-1,-1,-1,-1,-1,-1
2017410239638,2,9,0,18,0,8,0,0,0,0,1,1,6,2,57,9,2000,1,8,-1,-1,-1
2017410239638,3,9,0,18,0,8,0,0,0,0,2,1,5,3,-1,-1,-1,-1,-1,-1,-1,-1
2017410239684,1,9,0,9,0,6,0,0,0,0,3,1,2,1,22,5,998,1,1,-1,-1,-1
2017410239684,2,9,0,18,0,8,0,0,0,0,1,1,2,2,21,5,998,1,4,-1,-1,-1
2017410239686,1,9,0,9,0,2,0,0,0,0,0,1,6,2,33,6,1339,1,12,-1,-1,-1
2017410239686,2,3,0,18,0,2,1,0,0,0,0,1,6,1,-1,-1,125,1,4,-1,-1,-1
2017410239907,1,9,0,18,0,8,0,0,0,0,1,1,6,1,22,5,1364,1,10,-1,-1,-1
2017410239907,2,2,0,6,0,8,2,9,0,0,4,1,6,1,18,4,49,1,7,-1,-1,-1
2017410239936,1,9,0,18,0,0,0,4,0,0,1,1,5,2,61,9,1329,1,3,7,1,7
2017410239936,2,9,0,2,0,0,0,0,0,0,2,1,5,1,-1,-1,1796,1,13,7,1,7
2017410239961,1,9,0,7,0,2,0,0,0,0,3,1,6,1,42,7,1598,1,10,-1,-1,-1
2017410239961,2,1,0,18,0,6,5,0,0,0,1,1,2,2,54,8,-1,-1,-1,-1,-1,-1
2017410240044,1,9,0,1,0,0,0,0,0,0,2,1,1,1,49,8,2926,2,16,-1,-1,-1
2017410240094,1,9,0,18,0,0,0,7,6,6,1,1,6,1,58,9,1587,1,12,-1,-1,-1
2017410240094,2,9,0,18,0,0,0,0,0,0,1,1,6,1,44,7,1956,2,6,-1,-1,-1
2017410240261,1,9,0,18,0,0,0,0,0,0,1,1,2,1,56,9,-1,-1,-1,-1,-1,-1
2017410240261,2,9,0,18,0,0,0,0,0,0,2,1,2,1,65,9,1794,1,17,-1,-1,-1
2017410240274,1,9,0,18,0,0,0,7,0,0,4,1,5,1,83,11,1997,2,4,-1,-1,-1
2017410240359,1,9,0,16,0,3,1,0,1,4,1,1,5,2,-1,-1,1794,1,17,-1,-1,-1
2017410240402,1,9,0,5,0,0,0,0,1,11,1,1,5,2,39,7,-1,-1,-1,-1,-1,-1
2017410240428,1,9,0,9,0,6,0,0,0,0,0,1,3,1,45,7,1395,1,2,-1,-1,-1
2017410240428,2,3,0,18,0,1,1,0,0,0,0,1,1,1,37,7,124,1,3,-1,-1,-1
2017410240442,1,9,0,7,0,6,0,0,0,0,1,1,5,2,19,4,1242,1,-1,-1,-1,-1
2017410240442,2,9,0,18,0,8,0,0,7,1,4,1,5,1,47,8,1296,1,10,-1,-1,-1
2017410240442,3,9,0,2,9,1,0,0,0,0,1,1,6,2,70,10,998,1,3,-1,-1,-1
2017410240454,1,9,0,18,0,0,1,0,0,0,1,1,1,1,25,5,1461,2,-1,-1,-1,-1
2017410240454,2,9,0,4,0,0,0,0,0,0,2,1,5,1,40,7,1984,1,12,-1,-1,-1
2017410240454,3,9,0,3,0,0,0,0,0,0,2,1,6,1,36,7,1582,2,9,-1,-1,-1
2017410240469,1,9,0,5,0,8,0,0,7,1,4,1,6,2,64,9,998,1,4,-1,-1,-1
2017410240469,2,9,0,18,0,8,0,0,0,0,1,1,5,2,35,6,1600,2,8,-1,-1,-1
2017410240697,1,9,0,17,0,0,2,0,1,0,1,1,5,2,24,5,1910,2,11,7,3,7
2017410240724,1,9,0,18,9,0,0,0,0,0,1,1,6,2,71,10,1396,1,3,-1,-1,-1
2017410240724,2,22,0,18,9,0,0,0,0,0,4,1,6,2,84,11,-1,-1,-1,-1,-1,-1
2017410240776,1,9,0,12,0,0,1,0,4,6,1,1,2,2,25,5,1360,1,6,-1,-1,-1
2017410240776,2,3,0,18,0,0,1,0,0,0,2,1,6,1,26,6,125,1,2,-1,-1,-1
2017410240785,1,9,0,18,0,1,0,0,0,0,1,1,6,1,24,5,1390,1,11,-1,-1,-1
2017410240785,2,9,0,3,0,1,0,0,0,0,2,1,5,2,46,8,1995,2,8,-1,-1,-1
2017410240785,3,9,0,3,0,1,0,0,0,0,2,1,2,1,46,8,3824,1,12,-1,-1,-1
2017410240813,1,9,0,4,0,3,0,0,0,0,1,1,2,2,40,7,1598,2,1,-1,-1,-1
2017410240813,2,9,0,4,0,3,0,0,0,0,2,1,2,2,63,9,1984,1,10,-1,-1,-1
2017410240861,1,9,0,18,0,0,2,0,1,4,1,1,5,1,17,4,-1,-1,-1,-1,-1,-1
2017410240861,2,9,0,18,0,0,0,0,0,0,0,1,6,3,-1,-1,-1,-1,-1,-1,-1,-1
2017410240889,1,9,0,4,0,0,1,0,0,0,2,1,6,2,30,6,1198,1,13,-1,-1,-1
2017410240889,2,19,0,11,0,0,0,0,0,0,1,1,2,1,24,5,-1,-1,-1,-1,-1,-1
2017410240958,1,1,0,18,0,1,0,0,0,0,1,1,4,1,11,3,-1,-1,-1,-1,-1,-1
2017410240958,2,9,0,5,0,2,0,0,0,0,4,1,6,1,46,8,1995,2,2,-1,-1,-1
2017410240970,1,9,0,4,0,0,2,0,5,7,3,1,5,2,38,7,1400,2,10,8,1,8
2017410240971,1,9,0,18,0,8,0,0,0,0,1,1,6,2,74,10,1398,1,4,-1,-1,-1
2017410240971,2,19,0,18,0,8,0,0,0,0,1,1,6,1,30,6,2198,2,1,-1,-1,-1
2017410240971,3,9,0,9,0,1,0,0,0,0,2,1,6,1,68,10,1896,2,14,-1,-1,-1
2017410240991,1,9,0,17,0,0,1,0,0,0,1,1,5,1,19,4,1248,1,7,4,1,4
2017410240991,2,9,0,18,0,0,0,0,0,0,1,1,5,1,52,8,2199,2,4,9,3,9
2017410241003,1,9,0,9,0,1,0,0,0,0,1,1,6,2,54,8,1200,1,-1,-1,-1,-1
2017410241003,2,9,0,18,0,1,0,0,0,0,1,1,6,1,22,5,2979,1,1,-1,-1,-1
2017410241030,1,19,0,18,0,0,0,12,1,4,1,1,1,1,26,6,1461,2,-1,-1,-1,-1
2017410241103,1,9,0,12,0,0,0,0,0,0,3,1,5,1,18,4,-1,-1,-1,-1,-1,-1
2017410241103,2,5,0,18,0,0,0,0,0,0,4,1,5,1,37,7,745,1,3,-1,-1,-1
2017410241118,1,9,0,9,0,8,0,0,0,0,1,1,6,2,26,6,1198,1,11,-1,-1,-1
2017410241118,2,3,0,9,0,8,5,0,0,0,2,1,5,1,23,5,124,1,10,-1,-1,-1
2017410241121,1,9,0,18,0,1,1,0,7,0,4,1,5,1,83,11,1988,1,16,-1,-1,-1
2017410241121,2,9,0,9,0,1,0,0,0,0,1,1,1,1,43,7,2148,2,8,-1,-1,-1
2017410241138,1,9,0,9,0,1,0,0,0,0,1,1,6,2,18,4,1360,1,14,-1,-1,-1
2017410241138,2,9,0,18,0,1,0,0,0,0,1,1,1,2,42,7,-1,-1,-1,-1,-1,-1
2017410241156,1,19,0,18,0,1,0,0,0,0,1,1,6,1,44,7,1995,2,-1,-1,-1,-1
2017410241236,1,9,0,18,0,1,0,0,0,0,1,1,5,1,44,7,1997,2,11,-1,-1,-1
2017410241236,2,9,0,18,0,1,0,0,0,0,2,1,6,2,56,9,2967,2,3,-1,-1,-1
2017410241354,1,9,0,4,0,8,0,0,0,0,1,1,5,1,18,4,1197,1,4,-1,-1,-1
2017410241354,2,9,0,3,0,8,0,0,0,0,2,1,5,2,21,5,998,1,5,-1,-1,-1
2017410241433,1,9,0,9,0,8,0,0,0,0,3,1,5,1,41,7,1686,2,6,-1,-1,-1
2017410241433,2,1,0,18,0,8,0,0,0,0,4,1,4,1,13,3,-1,-1,-1,-1,-1,-1
2017410241682,1,9,0,5,0,1,0,0,0,0,3,1,2,2,56,9,1299,1,15,-1,-1,-1
2017410241682,2,9,0,18,0,1,0,0,0,0,1,1,2,2,25,5,1995,1,7,-1,-1,-1
2017410241725,1,9,0,4,0,1,0,0,0,0,1,1,6,1,-1,-1,1956,2,2,-1,-1,-1
2017410241725,2,9,0,4,0,1,0,0,0,0,2,1,6,2,36,7,1598,1,1,-1,-1,-1
2017410241749,1,9,0,4,0,0,0,0,0,0,0,1,6,2,36,7,1596,1,7,-1,-1,-1
2017410241749,2,9,0,5,0,0,0,0,0,0,0,1,6,1,42,7,999,1,8,-1,-1,-1
2017410241823,1,9,0,18,0,0,0,0,0,0,3,1,5,2,27,6,3628,2,8,9,3,9
2017410241823,2,1,0,18,0,0,0,0,1,0,3,1,5,1,54,8,-1,-1,-1,-1,-1,-1
2017410241845,1,1,0,18,0,2,0,0,0,0,1,1,6,1,67,10,-1,-1,-1,-1,-1,-1
2017410241845,2,-1,0,8,0,2,0,0,0,0,3,1,6,3,-1,-1,-1,-1,-1,-1,-1,-1
2017410241929,1,19,0,16,0,0,0,0,0,0,1,1,2,1,42,7,1997,2,9,7,1,7
2017410241929,2,9,0,17,0,0,0,0,0,0,1,1,5,2,42,7,1242,1,8,8,3,8
2017410241965,1,98,0,13,0,0,0,0,0,0,0,1,6,3,-1,-1,-1,-1,-1,-1,-1,-1
2017410241965,2,1,0,18,0,0,5,10,0,0,0,1,4,1,11,3,-1,-1,-1,3,1,3
2017410241974,1,9,0,18,0,1,0,0,0,0,1,1,5,2,34,6,999,1,1,-1,-1,-1
2017410241974,2,9,0,18,0,8,0,0,0,0,3,1,5,1,24,5,2148,2,8,-1,-1,-1
2017410242019,1,9,0,1,0,2,0,4,0,0,1,1,6,2,24,5,999,1,-1,3,1,3
2017410242019,2,9,0,7,0,2,0,0,0,0,1,1,6,1,45,7,1390,1,5,-1,-1,-1
2017410242019,3,9,0,2,0,2,0,0,0,0,4,1,5,3,-1,-1,1896,2,10,-1,-1,-1
2017410242048,1,11,0,4,2,0,0,0,0,0,1,1,1,1,54,8,7300,2,12,9,1,9
2017410242060,1,9,0,18,0,8,1,0,7,1,1,1,2,2,33,6,1348,1,15,-1,-1,-1
2017410242066,1,9,0,5,0,6,0,0,0,0,1,1,5,2,58,9,1598,2,1,-1,-1,-1
2017410242066,2,21,0,18,0,8,0,0,0,0,1,1,1,1,54,8,4461,2,5,-1,-1,-1
2017410242077,1,9,0,5,0,4,5,10,3,0,3,1,5,1,56,9,4163,1,8,-1,-1,-1
2017410242077,2,9,0,18,0,4,1,10,0,0,1,1,5,1,19,4,1388,1,14,-1,-1,-1
2017410242158,1,9,0,14,0,5,0,0,0,0,1,1,6,2,44,7,998,1,7,-1,-1,-1
2017410242163,1,9,0,5,9,0,0,0,0,0,1,1,4,2,-1,-1,-1,-1,-1,-1,-1,-1
2017410242214,1,9,0,3,0,2,0,0,0,0,3,1,5,2,55,8,1968,2,11,9,3,9
2017410242218,1,9,0,18,0,4,0,0,0,0,1,1,6,2,33,6,1395,1,5,-1,-1,-1
2017410242218,2,9,0,3,0,4,0,0,0,0,2,1,5,1,20,4,1198,1,1,-1,-1,-1
2017410242237,1,9,0,4,0,0,0,0,0,0,2,1,2,1,33,6,1596,1,15,-1,-1,-1
2017410242237,2,9,0,4,0,0,0,0,0,0,1,1,2,1,50,8,1618,1,1,-1,-1,-1
2017410242282,1,9,0,5,0,1,0,0,0,0,1,1,1,2,71,10,1560,2,4,-1,-1,-1
2017410242282,2,1,0,9,0,4,0,0,0,0,4,1,1,1,62,9,-1,-1,-1,-1,-1,-1
2017410242328,1,9,0,18,0,1,0,11,7,0,1,1,2,2,52,8,2179,2,3,10,1,10
2017410242328,2,9,0,18,0,6,0,0,0,0,0,1,2,2,50,8,1596,1,10,-1,-1,-1
2017410242384,1,21,1,12,0,8,0,0,0,0,3,1,1,1,44,7,12740,2,1,-1,-1,-1
2017410242384,2,9,0,18,0,3,0,0,0,0,4,1,5,2,67,10,1360,1,11,-1,-1,-1
2017410242485,1,9,0,4,0,0,0,0,0,0,1,1,5,2,20,4,1587,1,10,7,1,7
2017410242485,2,9,0,4,0,0,0,0,0,0,2,1,2,1,33,6,2204,2,9,-1,-1,-1
2017410242488,1,9,0,9,0,1,0,0,0,0,1,1,5,1,44,7,1560,2,13,-1,-1,-1
2017410242488,2,3,0,18,0,1,0,0,0,0,1,1,1,1,23,5,108,1,4,-1,-1,-1
2017410242519,1,9,0,18,0,0,0,0,0,0,1,1,5,1,53,8,3498,1,7,-1,-1,-1
2017410242519,2,9,0,18,0,0,0,0,0,0,2,1,5,1,36,7,1997,2,4,-1,-1,-1
2017410242665,1,1,0,18,0,3,0,0,0,0,3,1,1,1,43,7,-1,-1,-1,-1,-1,-1
2017410242665,2,9,0,4,0,3,0,0,0,0,0,1,6,3,-1,-1,-1,-1,-1,-1,-1,-1
2017410242665,3,9,0,18,0,3,0,0,0,0,1,1,6,1,74,10,1997,1,6,-1,-1,-1
2017410242865,1,19,0,3,0,7,0,0,0,0,1,1,6,1,-1,-1,1399,2,5,-1,-1,-1
2017410242865,2,9,0,4,0,7,0,0,0,0,2,1,2,1,56,9,1242,1,3,-1,-1,-1
2017410242876,1,9,0,18,0,0,0,0,0,0,1,1,6,1,59,9,1598,1,10,5,1,5
2017410242876,2,21,1,4,0,0,0,0,0,0,2,2,1,1,53,8,-1,-1,-1,-1,-1,-1
2017410242917,1,9,0,9,0,1,0,0,0,0,1,1,6,2,25,5,2143,2,-1,-1,-1,-1
2017410242917,2,9,0,18,0,8,0,0,0,0,1,1,6,2,75,10,998,1,6,-1,-1,-1
2017410243098,1,9,0,18,0,0,0,0,7,3,1,1,6,1,28,6,1995,1,9,6,3,6
2017410243197,1,9,0,18,0,0,0,0,0,0,1,1,1,1,28,6,2499,2,1,-1,-1,-1
2017410243197,2,9,0,2,6,0,1,0,2,4,2,1,5,2,19,4,999,1,2,-1,-1,-1
2017410243245,1,9,0,5,0,6,0,0,0,0,3,1,6,3,-1,-1,1598,1,10,-1,-1,-1
2017410243245,2,9,0,18,0,8,0,0,0,0,4,1,5,1,23,5,599,1,14,-1,-1,-1
2017410243298,1,19,0,13,0,8,0,0,0,0,1,1,6,1,-1,-1,2499,2,16,-1,-1,-1
2017410243298,2,9,0,18,0,1,0,0,7,0,1,1,2,1,49,8,1390,1,10,9,1,9
2017410243318,1,9,0,2,6,0,0,0,0,0,3,1,6,1,62,9,1997,2,2,-1,-1,-1
2017410243318,2,1,0,18,0,0,0,0,0,0,4,1,6,2,32,6,-1,-1,-1,5,1,5
2017410243387,1,9,0,18,0,4,0,0,0,0,1,1,6,2,55,8,998,1,4,-1,-1,-1
2017410243398,1,5,0,3,0,1,0,0,0,0,4,1,2,1,37,7,656,1,12,-1,-1,-1
2017410243398,2,21,0,9,0,1,0,0,0,0,1,1,1,1,57,9,4461,2,8,-1,-1,-1
2017410243413,1,9,0,18,0,8,0,0,0,0,3,1,3,2,40,7,1995,2,11,-1,-1,-1
2017410243413,2,9,0,18,0,8,0,0,0,0,1,1,3,2,47,8,2967,2,11,-1,-1,-1
2017410243459,1,9,0,15,0,0,0,0,0,0,0,1,6,3,-1,-1,-1,-1,-1,-1,-1,-1
2017410243459,2,9,0,18,0,0,0,0,5,0,4,1,5,1,40,7,1997,2,10,-1,-1,-1
2017410243459,3,9,0,18,0,0,0,0,0,0,3,1,5,1,50,8,1596,1,3,-1,-1,-1
2017410243529,1,-1,0,18,0,0,0,0,0,0,0,1,5,3,-1,-1,-1,-1,-1,-1,-1,-1
2017410243529,2,9,0,18,0,0,0,11,0,0,1,1,5,1,21,5,1398,1,1,-1,-1,-1
2017410243533,1,2,0,18,5,0,5,0,0,0,1,1,2,1,16,4,49,1,3,-1,-1,-1
2017410243624,1,98,1,12,0,0,0,0,0,0,3,1,1,1,39,7,-1,-1,-1,-1,-1,-1
2017410243624,2,9,0,18,0,0,0,0,0,0,4,1,2,2,30,6,998,1,1,-1,-1,-1
2017410243650,1,9,0,9,0,0,0,0,7,0,3,1,5,1,25,5,1395,1,1,-1,-1,-1
2017410243650,2,3,0,13,0,0,1,0,7,0,1,1,5,1,24,5,125,1,1,-1,-1,-1
2017410243834,1,9,0,15,0,0,2,0,0,0,1,1,2,1,23,5,1984,1,4,7,3,7
2017410243834,2,9,0,15,0,0,1,0,7,0,2,1,2,1,51,8,1968,2,1,2,1,2
2017410243879,1,98,0,18,0,1,0,0,0,0,1,1,2,1,59,9,-1,-1,-1,-1,-1,-1
2017410243879,2,9,0,3,0,1,0,0,0,0,2,1,5,2,49,8,2143,2,5,-1,-1,-1
2017410244129,1,9,0,18,0,0,2,0,4,0,4,1,5,1,33,6,1275,1,21,-1,-1,-1
2017410244129,2,9,0,4,0,0,0,0,0,0,3,1,5,2,42,7,1598,1,11,-1,-1,-1
2017410244176,1,1,0,18,0,0,0,0,0,0,1,1,4,1,12,3,-1,-1,-1,-1,-1,-1
2017410244176,2,8,0,14,0,0,0,0,0,0,3,1,5,1,48,8,1596,1,5,-1,-1,-1
2017410244189,1,9,0,4,0,0,0,0,0,0,1,1,6,2,-1,-1,-1,-1,-1,-1,-1,-1
2017410244208,1,9,0,4,0,0,0,0,0,0,1,1,5,1,18,4,1596,1,7,-1,-1,-1
2017410244208,2,9,0,4,0,0,0,0,0,0,2,1,5,2,54,8,1149,1,6,-1,-1,-1
2017410244236,1,9,0,9,0,5,0,0,0,0,4,1,6,1,29,6,1799,1,11,-1,-1,-1
2017410244236,2,1,0,18,0,1,0,0,0,0,1,1,6,2,29,6,-1,-1,-1,-1,-1,-1
2017410244239,1,9,0,9,0,5,0,0,0,0,1,1,5,2,24,5,1598,1,4,-1,-1,-1
2017410244248,1,9,0,18,0,0,0,0,0,0,1,1,1,1,34,6,1896,2,12,-1,-1,-1
2017410244283,1,9,0,9,0,1,0,0,0,0,1,1,6,1,-1,-1,-1,-1,-1,-1,-1,-1
2017410244290,1,98,1,12,0,0,0,0,0,0,3,1,1,1,68,10,-1,-1,-1,-1,-1,-1
2017410244290,2,9,0,18,0,0,0,0,1,0,4,1,1,2,55,8,1598,2,-1,-1,-1,-1
2017410244292,1,9,0,18,0,0,0,0,0,0,2,1,1,1,21,5,1149,1,12,-1,-1,-1
2017410244292,2,9,0,18,0,0,0,0,0,0,1,1,1,1,24,5,-1,-1,-1,-1,-1,-1
2017410244292,3,9,0,18,0,0,0,0,0,0,1,1,1,1,37,7,-1,-1,-1,-1,-1,-1
2017410244292,4,9,0,18,0,0,0,0,0,0,1,1,1,1,47,8,-1,-1,-1,-1,-1,-1