Accident_Index,Vehicle_Reference,Vehicle_Type,Towing_and_Articulation,Vehicle_Manoeuvre,Vehicle_Location-Restricted_Lane,Junction_Location,Skidding_and_Overturning,Hit_Object_in_Carriageway,Vehicle_Leaving_Carriageway,Hit_Object_off_Carriageway,1st_Point_of_Impact,Was_Vehicle_Left_Hand_Drive?,Journey_Purpose_of_Driver,Sex_of_Driver,Age_of_Driver,Age_Band_of_Driver,Engine_Capacity_(CC),Propulsion_Code,Age_of_Vehicle,Driver_IMD_Decile,Driver_Home_Area_Type,Vehicle_IMD_Decile
2017410244292,5,9,0,18,0,0,0,0,0,0,1,1,1,1,59,9,999,1,-1,-1,-1,-1
2017410244292,6,9,0,18,0,0,0,0,0,0,1,1,1,1,54,8,-1,-1,-1,-1,-1,-1
2017410244292,7,9,0,18,0,0,0,0,0,0,1,1,1,1,28,6,-1,-1,-1,-1,-1,-1
2017410244292,8,19,0,18,0,0,0,0,0,0,1,1,1,1,48,8,2298,2,3,-1,-1,-1
2017410244322,1,19,0,4,0,0,0,0,0,0,1,1,1,1,29,6,2198,2,2,-1,-1,-1
2017410244322,2,19,0,3,0,0,0,0,0,0,2,1,1,1,37,7,1995,2,4,-1,-1,-1
2017410244322,3,9,0,3,0,0,0,0,0,0,2,1,1,2,24,5,1364,2,11,-1,-1,-1
2017410244322,4,19,0,3,0,0,0,0,0,0,2,1,1,1,56,9,1598,2,2,-1,-1,-1
2017410244358,1,9,0,18,0,0,0,0,4,0,1,1,1,1,54,8,1905,2,21,-1,-1,-1
2017410244464,1,9,0,18,0,0,2,0,1,0,1,1,6,2,21,5,1595,1,4,-1,-1,-1
2017410244546,1,9,0,18,0,1,0,0,0,0,1,1,6,1,-1,-1,1396,1,18,-1,-1,-1
2017410244546,2,9,0,4,0,1,0,0,0,0,3,1,6,1,73,10,1339,1,5,-1,-1,-1
2017410244546,3,9,0,4,0,1,0,0,0,0,3,1,6,2,55,8,1461,2,1,-1,-1,-1
2017410244546,4,98,0,4,0,1,0,0,0,0,3,1,6,1,42,7,-1,-1,-1,-1,-1,-1
2017410244546,5,90,0,4,0,1,0,0,0,0,4,1,6,1,-1,-1,7146,2,4,-1,-1,-1
2017410244546,6,9,0,4,0,1,0,0,0,0,4,1,6,1,53,8,1995,2,12,-1,-1,-1
2017410244556,1,9,0,18,0,0,0,12,0,0,1,1,5,1,32,6,1995,2,3,-1,-1,-1
2017410244556,2,9,0,18,0,0,0,0,0,0,1,1,5,2,67,10,1248,1,4,-1,-1,-1
2017410244576,1,9,0,12,0,1,0,0,3,0,1,1,6,1,29,6,1968,2,1,5,1,5
2017410244615,1,9,0,10,0,1,0,0,0,0,3,1,1,1,39,7,1797,8,7,-1,-1,-1
2017410244615,2,1,0,18,0,1,0,0,1,0,2,1,5,1,20,4,-1,-1,-1,-1,-1,-1
2017410244659,1,9,0,18,0,0,0,0,0,0,1,1,6,3,-1,-1,-1,-1,-1,-1,-1,-1
2017410244659,2,9,0,18,0,0,0,0,0,0,2,1,6,1,36,7,1798,1,12,8,1,8
2017410244670,1,9,0,9,0,8,0,0,0,0,1,1,5,1,22,5,1686,2,15,6,1,6
2017410244726,1,9,0,4,0,0,0,0,0,0,1,1,5,2,30,6,1685,2,2,-1,-1,-1
2017410244726,2,9,0,4,0,0,0,0,0,0,2,1,5,1,29,6,1796,1,8,-1,-1,-1
2017410244726,3,9,0,4,0,0,0,0,0,0,2,1,5,2,45,7,1461,2,1,-1,-1,-1
2017410244791,1,9,0,18,0,8,0,0,0,0,4,1,5,2,27,6,1591,1,2,8,3,8
2017410244791,2,9,0,5,0,4,0,0,0,0,4,1,5,2,36,7,1248,1,8,-1,-1,-1
2017410245284,1,9,0,18,0,0,0,0,0,0,1,1,5,1,28,6,1229,1,7,-1,-1,-1
2017410245348,1,19,0,9,0,1,0,0,0,0,3,1,1,1,33,6,2198,2,2,-1,-1,-1
2017410245348,2,1,0,18,0,1,0,0,0,0,4,1,5,1,64,9,-1,-1,-1,-1,-1,-1
2017410245360,1,9,0,9,4,2,0,0,0,0,4,1,1,1,48,8,1200,1,-1,-1,-1,-1
2017410245360,2,1,0,17,4,2,0,0,0,0,4,1,2,2,35,6,-1,-1,-1,-1,-1,-1
2017410245382,1,3,0,18,0,6,1,0,0,0,4,1,1,1,42,7,125,1,1,-1,-1,-1
2017410245425,1,9,0,9,0,1,0,0,0,0,1,1,6,3,-1,-1,2495,2,16,-1,-1,-1
2017410245425,2,9,0,18,0,8,0,0,0,0,1,1,6,2,26,6,1598,1,5,-1,-1,-1
2017410245449,1,9,0,12,0,0,1,0,5,6,2,1,2,2,31,6,1299,1,11,-1,-1,-1
2017410245473,1,9,0,18,0,1,0,0,0,0,1,1,5,2,29,6,-1,-1,-1,-1,-1,-1
2017410245473,2,9,0,18,0,1,0,0,0,0,3,1,2,2,28,6,1395,1,1,-1,-1,-1
2017410245518,1,9,0,9,0,8,0,0,0,0,1,1,1,1,57,9,1798,1,10,-1,-1,-1
2017410245518,2,1,0,18,0,8,0,0,0,0,3,1,5,1,53,8,-1,-1,-1,-1,-1,-1
2017410245540,1,9,0,10,0,1,0,0,0,0,2,1,5,1,26,6,1499,1,-1,-1,-1,-1
2017410245540,2,2,0,18,0,1,1,0,0,0,1,1,6,1,16,4,50,1,10,-1,-1,-1
2017410245587,1,9,0,13,0,0,1,0,4,6,4,1,5,1,24,5,1995,2,5,-1,-1,-1
2017410245587,2,9,0,18,0,0,0,0,0,0,3,1,5,1,58,9,2231,2,9,-1,-1,-1
2017410245697,1,9,0,18,0,0,1,0,0,0,1,1,2,1,29,6,1389,1,16,3,1,3
2017410245697,2,9,0,18,0,0,0,0,0,0,1,1,6,2,79,11,1968,2,10,7,1,7
2017410245767,1,9,0,18,0,0,0,0,0,0,4,1,1,1,46,8,-1,-1,-1,-1,-1,-1
2017410245767,2,9,0,12,0,0,0,0,1,0,3,1,6,2,38,7,998,1,-1,-1,-1,-1
2017410245820,1,9,0,18,0,3,0,0,0,0,1,1,6,3,-1,-1,-1,-1,-1,-1,-1,-1
2017410245820,2,1,0,18,4,6,0,0,0,0,2,1,4,1,14,3,-1,-1,-1,-1,-1,-1
2017410245871,1,9,0,18,0,2,2,4,0,0,1,1,5,2,54,8,999,1,16,-1,-1,-1
2017410245871,2,9,0,2,6,2,0,0,1,0,2,1,6,3,-1,-1,1598,1,7,-1,-1,-1
2017410245888,1,9,0,18,0,4,0,0,0,0,4,1,6,2,25,5,2967,2,2,-1,-1,-1
2017410245888,2,9,0,9,0,4,0,0,0,0,1,1,6,2,22,5,1248,1,5,-1,-1,-1
2017410245934,1,9,0,18,0,0,0,0,0,0,1,1,5,1,26,6,1560,2,10,-1,-1,-1
2017410245934,2,9,0,18,0,0,0,0,0,0,2,1,5,1,41,7,1781,1,19,-1,-1,-1
2017410245945,1,9,0,18,0,0,0,0,0,0,1,1,5,1,85,11,1595,1,4,-1,-1,-1
2017410245945,2,9,0,18,0,0,0,0,0,0,2,1,5,1,40,7,1596,1,11,-1,-1,-1
2017410245950,1,9,0,5,0,1,0,0,0,0,1,1,5,1,82,11,1199,1,12,-1,-1,-1
2017410245950,2,9,0,9,0,1,0,0,0,0,1,1,5,2,31,6,1499,1,2,-1,-1,-1
2017410245970,1,9,0,18,0,3,0,0,0,0,4,1,1,1,23,5,1984,1,14,-1,-1,-1
2017410245970,2,9,0,18,0,3,0,0,0,0,3,1,1,1,30,6,1461,2,9,-1,-1,-1
2017410245986,1,9,0,9,0,0,0,0,0,0,1,1,6,3,-1,-1,-1,-1,-1,-1,-1,-1
2017410245986,2,9,0,18,0,0,0,0,0,0,4,1,5,2,31,6,1997,1,10,-1,-1,-1
2017410246031,1,9,0,18,0,0,0,0,0,0,1,1,6,2,48,8,1364,1,1,-1,-1,-1
2017410246031,2,9,0,2,0,0,0,0,0,0,2,1,6,2,31,6,898,1,-1,-1,-1,-1
2017410246153,1,9,0,4,0,0,0,0,0,0,1,1,6,1,63,9,1998,2,6,-1,-1,-1
2017410246153,2,9,0,4,0,0,0,0,0,0,1,1,6,2,25,5,998,1,4,-1,-1,-1
2017410246153,3,9,0,3,0,0,0,0,0,0,2,1,6,2,25,5,999,1,1,-1,-1,-1
2017410246153,4,9,0,3,0,0,0,0,0,0,2,1,6,2,50,8,1200,1,1,-1,-1,-1
2017410246153,5,9,0,3,0,0,0,0,0,0,2,1,6,1,40,7,1968,2,4,-1,-1,-1
2017410246161,1,9,0,9,0,5,0,0,0,0,2,1,6,1,37,7,1086,1,8,-1,-1,-1
2017410246161,2,1,0,9,0,5,0,0,0,0,1,1,6,1,-1,-1,-1,-1,-1,-1,-1,-1
2017410246242,1,9,0,4,0,0,1,0,0,0,1,1,5,1,38,7,1598,1,10,-1,-1,-1
2017410246242,2,9,0,18,0,0,0,0,0,0,1,1,5,1,35,6,1896,2,15,-1,-1,-1
2017410246256,1,9,0,9,0,2,0,0,0,0,3,1,2,1,25,5,1984,1,10,-1,-1,-1
2017410246256,2,1,0,18,0,1,2,0,0,0,1,1,6,1,39,7,-1,-1,-1,-1,-1,-1
2017410246350,1,9,0,18,0,1,0,0,0,0,1,1,5,1,28,6,875,1,3,-1,-1,-1
2017410246350,2,9,0,10,0,1,0,0,0,0,2,1,5,1,40,7,1998,1,4,-1,-1,-1
2017410246400,1,9,0,7,0,6,0,0,0,0,1,1,1,1,-1,-1,-1,-1,-1,-1,-1,-1
2017410246400,2,9,0,18,0,1,0,0,0,0,4,1,1,2,70,10,-1,-1,-1,-1,-1,-1
2017410246440,1,-1,0,5,0,0,0,0,0,0,1,1,6,3,-1,-1,-1,-1,-1,-1,-1,-1
2017410246440,2,9,0,3,0,0,0,0,0,0,2,1,3,1,49,8,1390,1,4,-1,-1,-1
2017410246523,1,9,0,18,9,0,0,0,0,0,1,1,6,3,-1,-1,-1,-1,-1,-1,-1,-1
2017410246527,1,9,0,18,0,1,0,0,0,0,1,1,6,2,48,8,1968,2,1,-1,-1,-1
2017410246527,2,9,0,9,0,7,0,0,0,0,1,1,6,1,61,9,1560,2,2,-1,-1,-1
2017410246536,1,19,0,18,0,0,0,0,0,0,0,1,1,1,24,5,1499,2,-1,-1,-1,-1
2017410246536,2,21,1,4,0,0,0,0,0,0,2,1,1,1,33,6,10837,2,1,-1,-1,-1
2017410246566,1,9,0,18,0,0,1,0,7,0,1,1,5,1,47,8,2979,1,-1,-1,-1,-1
2017410246566,2,9,0,18,0,0,0,0,1,0,1,1,5,1,32,6,1598,1,3,-1,-1,-1
2017410246674,1,9,0,18,0,0,0,0,0,0,1,1,5,3,-1,-1,-1,-1,-1,-1,-1,-1
2017410246674,2,9,0,18,0,0,0,0,0,0,2,1,5,1,41,7,1995,2,3,-1,-1,-1
2017410246729,1,3,0,13,0,1,5,0,1,0,4,1,5,1,20,4,124,1,-1,-1,-1,-1
2017410246729,2,9,0,18,0,1,0,0,0,0,4,1,6,2,51,8,1951,2,15,-1,-1,-1
2017410246749,1,9,0,18,0,0,0,0,1,0,1,1,6,1,58,9,1951,2,14,-1,-1,-1
2017410246749,2,9,0,2,0,0,0,4,0,0,4,1,6,2,24,5,1595,1,2,8,2,8
2017410246749,3,9,0,2,0,0,0,4,0,0,4,1,6,2,-1,-1,2179,2,4,8,2,8
2017410246796,1,9,0,18,0,0,0,0,0,0,1,1,6,2,-1,-1,1598,1,16,-1,-1,-1
2017410246796,2,9,0,3,0,0,0,0,0,0,2,1,5,1,58,9,1490,1,8,-1,-1,-1
2017410246807,1,9,0,4,0,4,0,0,0,0,1,1,6,1,-1,-1,1798,8,-1,3,1,3
2017410246807,2,9,0,4,0,4,0,0,0,0,2,1,5,1,25,5,-1,-1,-1,7,3,7
2017410246857,1,9,0,7,0,6,0,0,0,0,1,1,6,1,25,5,1388,1,6,-1,-1,-1
2017410246857,2,1,0,18,4,1,0,0,0,0,3,1,2,1,30,6,-1,-1,-1,-1,-1,-1
2017410246893,1,19,0,16,0,0,0,0,1,7,1,1,6,1,42,7,1753,2,5,-1,-1,-1
2017410246902,1,9,0,9,0,8,0,0,0,0,3,1,6,2,29,6,1399,2,5,-1,-1,-1
2017410246902,2,1,0,18,4,1,0,0,0,0,1,1,2,1,40,7,-1,-1,-1,-1,-1,-1
2017410246910,1,19,0,4,0,0,0,0,0,0,2,1,6,1,18,4,2198,2,10,2,1,2
2017410246910,2,9,0,4,0,0,0,0,0,0,1,1,2,2,28,6,1388,1,4,5,1,5
2017410246914,1,9,0,18,0,0,0,0,0,0,1,1,5,1,44,7,1998,1,14,-1,-1,-1
2017410246927,1,9,0,18,0,0,1,0,1,0,3,1,6,1,31,6,-1,-1,-1,-1,-1,-1
2017410246927,2,9,0,18,0,0,0,0,0,0,2,1,6,3,-1,-1,1246,1,11,-1,-1,-1
2017410246948,1,9,0,3,0,0,0,0,0,0,2,1,5,2,44,7,998,1,8,-1,-1,-1
2017410246948,2,21,0,18,0,0,0,0,0,0,1,1,6,1,48,8,9186,2,4,-1,-1,-1
2017410246958,1,9,0,9,0,8,0,0,0,0,3,1,6,1,64,9,1999,2,1,-1,-1,-1
2017410246958,2,9,0,8,0,1,0,0,0,0,3,1,6,1,83,11,2143,2,-1,-1,-1,-1
2017410246980,1,9,0,18,0,6,0,0,0,0,1,1,5,2,18,4,1197,1,2,-1,-1,-1
2017410247006,1,9,0,18,0,1,0,0,0,0,1,1,5,1,18,4,1242,1,10,-1,-1,-1
2017410247006,2,1,0,18,0,1,0,0,0,0,3,1,6,1,10,2,-1,-1,-1,-1,-1,-1
2017410247012,1,19,0,4,0,3,0,0,1,0,2,1,6,2,46,8,2402,2,10,-1,-1,-1
2017410247012,2,19,0,18,0,1,0,0,0,0,4,1,1,1,57,9,2287,2,2,-1,-1,-1
2017410247012,3,9,0,18,0,1,0,0,0,0,1,1,2,2,46,8,1995,2,3,-1,-1,-1
2017410247096,1,19,0,18,0,0,0,0,0,0,4,1,6,1,43,7,2148,2,10,4,1,4
2017410247185,1,9,0,9,0,1,0,0,0,0,4,1,6,2,50,8,1596,1,12,-1,-1,-1
2017410247185,2,97,0,18,0,1,0,0,0,0,1,1,6,1,41,7,-1,-1,-1,-1,-1,-1
2017410247193,1,2,0,18,0,1,0,0,0,0,1,1,4,1,18,4,125,1,1,-1,-1,-1
2017410247193,2,9,0,18,0,1,0,0,0,0,2,1,5,2,37,7,998,1,1,-1,-1,-1
2017410247201,1,9,0,18,0,0,0,0,0,0,4,1,6,1,-1,-1,1596,1,6,-1,-1,-1
2017410247235,1,5,0,13,0,0,0,0,0,0,4,1,2,1,25,5,599,1,21,-1,-1,-1
2017410247235,2,9,0,12,0,0,0,0,0,0,3,1,2,2,40,7,898,1,1,-1,-1,-1
2017410247301,1,9,0,9,0,5,0,0,0,0,4,1,6,1,27,6,1242,1,16,-1,-1,-1
2017410247301,2,9,0,18,0,1,0,0,0,0,1,1,6,2,24,5,-1,-1,-1,-1,-1,-1
2017410247387,1,19,0,4,0,1,1,0,7,0,1,1,2,1,28,6,2402,2,11,-1,-1,-1
2017410247387,2,9,0,18,0,8,0,0,7,0,4,1,2,2,56,9,1998,1,-1,-1,-1,-1
2017410247633,1,9,0,18,0,0,0,0,0,0,1,1,6,3,-1,-1,-1,-1,-1,-1,-1,-1
2017410247637,1,9,0,3,0,1,0,0,0,0,1,1,6,2,37,7,2993,2,1,-1,-1,-1
2017410247637,2,9,0,3,0,1,0,0,0,0,2,1,6,1,29,6,1598,2,6,-1,-1,-1
2017410247637,3,9,0,3,0,1,0,0,0,0,2,1,6,1,66,10,1995,2,4,10,1,10
2017410247637,4,9,0,3,0,1,0,0,0,0,2,1,6,2,45,7,1398,1,6,4,1,4
2017410247637,5,9,0,3,0,3,0,0,0,0,2,1,2,2,56,9,1560,2,3,7,1,7
2017410247684,1,9,0,18,0,0,1,0,0,0,1,1,6,1,42,7,-1,-1,-1,-1,-1,-1
2017410247748,1,9,0,10,0,1,0,0,0,0,1,1,6,3,-1,-1,-1,-1,-1,-1,-1,-1
2017410247748,2,1,0,10,0,1,0,0,0,0,2,1,5,1,12,3,-1,-1,-1,-1,-1,-1
2017410247804,1,9,0,9,0,1,0,0,0,0,1,1,1,1,36,7,1997,2,4,3,1,3
2017410247804,2,9,0,3,0,1,0,0,0,0,1,1,1,1,53,8,4966,1,15,-1,-1,-1
2017410247804,3,9,0,18,0,1,0,0,0,0,3,1,1,1,31,6,1968,2,3,7,1,7
2017410247809,1,9,0,16,0,0,0,0,0,0,1,1,5,1,17,4,1598,2,8,-1,-1,-1
2017410247809,2,9,0,3,0,0,0,0,0,0,2,1,5,2,57,9,1995,2,2,-1,-1,-1
2017410247809,3,9,0,3,0,0,0,0,0,0,2,1,5,2,47,8,1995,2,-1,-1,-1,-1
2017410247903,1,9,0,16,0,0,1,0,1,0,3,1,5,2,52,8,1598,1,6,-1,-1,-1
2017410247903,2,19,0,17,0,0,0,0,0,0,3,1,1,1,33,6,1560,2,8,-1,-1,-1
2017410247971,1,9,0,9,0,8,0,0,0,0,1,1,6,3,-1,-1,-1,-1,-1,-1,-1,-1
2017410247986,1,1,0,18,0,0,0,0,0,0,2,1,6,1,12,3,-1,-1,-1,7,1,7
2017410247986,2,9,0,13,0,0,0,0,0,0,1,1,6,3,-1,-1,-1,-1,-1,-1,-1,-1
2017410248041,1,5,0,18,0,8,0,0,0,0,1,1,6,1,30,6,599,1,18,-1,-1,-1
2017410248053,1,9,0,18,0,0,0,4,1,2,1,1,6,1,-1,-1,2143,2,1,-1,-1,-1
2017410248053,2,9,0,2,0,0,0,0,0,0,1,1,6,1,42,7,1390,1,14,-1,-1,-1
2017410248079,1,9,0,7,0,5,0,0,0,0,1,1,1,1,57,9,1956,2,5,8,1,8
2017410248096,1,9,0,18,0,0,0,0,0,0,1,1,6,2,22,5,1229,1,12,-1,-1,-1
2017410248096,2,9,0,4,0,0,0,0,0,0,2,1,2,2,44,7,1598,2,5,-1,-1,-1
2017410248241,1,21,0,4,0,0,0,0,1,0,0,1,1,1,54,8,12740,2,1,-1,-1,-1
2017410248241,2,19,0,18,0,0,1,0,0,0,1,1,1,1,24,5,2198,2,3,-1,-1,-1
2017410248242,1,9,0,5,0,4,0,0,0,0,1,1,6,1,26,6,1999,1,1,-1,-1,-1
2017410248242,2,9,0,5,0,4,0,0,0,0,2,1,6,2,33,6,1461,2,3,-1,-1,-1
2017410248451,1,9,0,9,0,1,0,0,0,0,1,1,2,1,27,6,2000,1,11,-1,-1,-1
2017410248451,2,9,0,18,0,8,0,0,0,0,1,1,2,1,39,7,1597,2,-1,-1,-1,-1
2017410248451,3,9,0,11,0,1,0,0,0,0,1,1,2,2,35,6,1910,2,10,-1,-1,-1
2017410248471,1,98,0,18,0,6,0,0,0,0,0,1,6,3,-1,-1,-1,-1,-1,-1,-1,-1
2017410248471,2,21,0,18,0,6,0,0,0,0,4,1,6,1,46,8,12740,2,1,-1,-1,-1
2017410248482,1,9,0,4,0,1,0,0,0,0,2,1,5,2,50,8,998,1,1,9,1,9
2017410248482,2,9,0,4,0,1,0,0,0,0,1,1,5,1,54,8,2993,2,7,3,1,3
2017410248499,1,98,0,9,0,0,0,0,0,0,3,1,1,1,63,9,-1,-1,-1,-1,-1,-1
2017410248509,1,98,1,12,0,0,0,0,0,0,3,1,1,1,53,8,-1,-1,-1,-1,-1,-1
2017410248509,2,9,0,18,0,0,0,0,0,0,4,1,2,1,20,4,1364,1,8,-1,-1,-1
2017410248536,1,9,0,18,0,0,0,0,0,0,1,1,6,1,42,7,1995,2,12,-1,-1,-1
2017410248565,1,9,0,18,0,1,0,0,0,0,1,1,6,3,-1,-1,1796,1,9,-1,-1,-1
2017410248565,2,9,0,8,0,1,0,0,0,0,2,1,6,2,27,6,1461,2,3,-1,-1,-1
2017410248656,1,98,0,18,0,0,0,0,0,0,1,1,6,1,-1,-1,-1,-1,-1,8,2,8
2017410248656,2,9,0,18,0,0,0,0,0,0,2,1,6,1,-1,-1,1360,1,6,8,1,8
2017410248666,1,9,0,9,0,2,0,0,0,0,1,1,5,1,35,6,2143,2,2,-1,-1,-1
2017410248721,1,9,0,8,0,0,0,0,0,0,0,1,6,3,-1,-1,-1,-1,-1,-1,-1,-1
2017410248721,2,11,0,18,2,0,0,0,0,0,0,1,1,1,42,7,4461,2,3,-1,-1,-1
2017410248851,1,9,0,18,0,1,0,0,0,0,1,1,6,1,81,11,1339,1,14,-1,-1,-1
2017410248851,2,22,0,5,0,8,0,0,0,0,4,1,6,2,55,8,-1,-1,-1,-1,-1,-1
2017410248863,1,-1,0,18,0,0,0,0,0,0,1,1,6,3,-1,-1,-1,-1,-1,-1,-1,-1
2017410248863,2,9,0,18,0,0,0,0,0,0,2,1,6,1,57,9,1598,1,17,7,1,7
2017410248908,1,9,0,18,0,8,0,0,0,0,4,1,2,1,50,8,-1,-1,-1,-1,-1,-1
2017410248930,1,98,0,18,0,0,0,0,0,0,1,1,6,1,42,7,-1,-1,-1,-1,-1,-1
2017410248930,2,21,1,18,0,0,0,0,0,0,2,1,1,1,36,7,11120,2,-1,-1,-1,-1
2017410248987,1,9,0,18,0,1,0,0,0,0,1,1,6,1,46,8,1596,1,7,-1,-1,-1
2017410248987,2,9,0,10,0,1,1,0,0,0,2,1,6,2,39,7,1560,2,9,-1,-1,-1
2017410248988,1,19,0,18,0,0,0,0,0,0,1,1,1,1,33,6,2143,2,1,-1,-1,-1
2017410248988,2,9,0,4,0,0,0,0,0,0,2,1,5,1,21,5,1995,2,2,-1,-1,-1
2017410248988,3,9,0,4,0,0,0,0,0,0,2,1,1,1,63,9,1968,2,2,-1,-1,-1
2017410249012,1,9,0,17,0,4,0,0,0,0,1,1,6,1,45,7,1968,2,3,-1,-1,-1
2017410249012,2,1,0,18,0,8,5,0,0,0,4,1,1,1,18,4,-1,-1,-1,-1,-1,-1
2017410249026,1,9,0,18,0,0,0,0,0,0,1,1,6,2,30,6,1296,1,11,4,1,4
2017410249026,2,98,1,4,0,0,0,0,0,0,2,1,1,1,42,7,-1,-1,-1,4,1,4
2017410249044,1,9,0,8,0,1,0,0,0,0,1,1,5,1,-1,-1,1149,1,1,-1,-1,-1
2017410249044,2,9,0,8,0,1,0,0,0,0,2,1,5,2,70,10,1395,1,2,-1,-1,-1
2017410249049,1,9,0,18,0,0,0,0,0,0,4,1,6,2,42,7,1560,2,7,8,1,8
2017410249049,2,9,0,18,0,0,0,0,0,0,1,1,6,2,54,8,1598,1,12,7,1,7
2017410249056,1,9,0,16,0,0,0,0,0,0,1,1,5,1,19,4,1242,1,10,-1,-1,-1
2017410249086,1,9,0,18,0,0,0,0,4,0,3,1,5,1,25,5,1364,1,10,-1,-1,-1
2017410249182,1,9,0,18,0,0,1,12,1,0,1,1,6,1,20,4,1461,2,5,6,1,6
2017410249183,1,9,0,18,0,0,0,0,0,0,1,1,2,1,27,6,1395,1,-1,-1,-1,-1
2017410249183,2,19,0,4,0,0,0,0,0,0,2,1,1,1,40,7,2198,2,1,-1,-1,-1
2017410249194,1,9,0,17,0,0,5,0,1,0,1,1,5,1,17,4,1229,1,9,9,1,9
2017410249202,1,9,0,4,0,0,0,0,0,0,2,1,6,1,-1,-1,1461,2,1,-1,-1,-1
2017410249202,2,9,0,4,0,0,0,0,0,0,1,1,6,1,55,8,1995,2,6,-1,-1,-1
2017410249208,1,9,0,9,0,8,0,0,0,0,1,1,5,1,51,8,1896,2,13,-1,-1,-1
2017410249208,2,1,0,18,0,8,0,0,0,0,3,1,2,1,60,9,-1,-1,-1,-1,-1,-1
2017410249224,1,97,0,18,0,1,0,0,0,0,1,1,5,3,-1,-1,-1,-1,-1,-1,-1,-1
2017410249224,2,1,0,17,0,6,0,0,0,0,3,1,6,1,15,3,-1,-1,-1,-1,-1,-1
2017410249259,1,9,0,4,0,2,1,0,0,0,0,1,5,2,31,6,1998,2,4,-1,-1,-1
2017410249259,2,9,0,3,0,2,0,0,0,0,2,1,5,1,57,9,1956,2,8,-1,-1,-1
2017410249259,3,9,0,3,0,2,0,0,0,0,2,1,5,1,50,8,1497,8,12,-1,-1,-1
2017410249292,1,21,0,16,0,3,0,0,0,0,1,1,5,1,23,5,12777,2,-1,-1,-1,-1
2017410249292,2,9,0,17,0,8,1,0,1,0,4,1,5,2,53,8,3498,1,7,-1,-1,-1
2017410249391,1,9,0,11,0,0,0,0,0,0,1,1,6,3,-1,-1,-1,-1,-1,-1,-1,-1
2017410249391,2,9,0,3,0,0,0,0,0,0,2,1,1,2,39,7,1997,2,4,4,3,4
2017410249391,3,9,0,3,0,0,0,0,0,0,2,1,5,2,37,7,1968,2,9,9,1,9
2017410249393,1,9,0,18,0,1,0,0,0,0,1,1,6,1,24,5,1995,2,6,-1,-1,-1
2017410249393,2,9,0,10,0,1,0,0,0,0,2,1,1,2,58,9,1461,2,4,-1,-1,-1
2017410249419,1,9,0,5,0,6,0,0,0,0,3,1,6,2,42,7,1968,2,8,-1,-1,-1
2017410249419,2,9,0,4,0,5,0,0,0,0,4,1,6,1,69,10,1200,1,-1,-1,-1,-1
2017410249443,1,9,0,18,0,8,5,0,7,1,4,1,5,2,22,5,1061,1,13,9,1,9
2017410249443,2,9,0,18,0,8,0,0,1,0,1,1,5,1,21,5,1395,1,2,10,1,10
2017410249458,1,9,0,16,0,1,0,0,0,0,2,1,5,1,20,4,1240,1,11,-1,-1,-1
2017410249458,2,9,0,17,0,1,0,0,0,0,1,1,6,1,52,8,998,1,10,-1,-1,-1
2017410249553,1,9,0,18,0,0,0,0,0,0,1,1,6,2,32,6,1240,1,10,-1,-1,-1
2017410249553,2,1,0,18,0,0,0,0,0,0,3,1,6,1,11,3,-1,-1,-1,-1,-1,-1
2017410249567,1,19,0,4,0,3,0,0,0,0,1,1,2,1,19,4,1560,2,2,-1,-1,-1
2017410249567,2,9,0,4,0,3,1,0,0,0,2,1,5,1,34,6,1997,2,9,-1,-1,-1
2017410249595,1,19,0,18,0,0,1,0,0,0,1,1,5,1,52,8,1868,2,11,-1,-1,-1
2017410249595,2,9,0,3,0,0,0,0,0,0,2,1,5,1,42,7,-1,-1,-1,-1,-1,-1
2017410249595,3,9,0,3,0,0,0,0,0,0,2,1,5,1,38,7,-1,-1,-1,-1,-1,-1
2017410249632,1,9,0,18,0,4,0,0,0,0,1,1,2,2,60,9,1398,2,4,-1,-1,-1
2017410249632,2,3,0,18,0,4,0,0,0,0,4,1,2,2,24,5,124,1,2,-1,-1,-1
2017410249646,1,9,0,3,0,4,0,0,0,0,1,1,6,2,43,7,1968,2,7,9,1,9
2017410249646,2,9,0,5,0,4,0,0,0,0,2,1,1,1,34,6,1598,2,2,10,1,10
2017410249909,1,9,0,4,0,0,0,0,0,0,1,1,2,2,44,7,1995,2,6,7,1,7
2017410249909,2,3,0,4,0,0,0,0,0,0,2,1,4,1,18,4,124,1,5,7,1,7
2017410249928,1,9,0,18,0,0,0,0,0,0,1,1,5,1,22,5,1596,1,14,-1,-1,-1
2017410249928,2,9,0,18,0,0,0,0,1,0,2,1,5,2,57,9,1198,1,3,-1,-1,-1
2017410249928,3,9,0,4,0,0,0,0,0,0,2,1,5,1,42,7,1796,1,17,-1,-1,-1
2017410249945,1,9,0,9,0,0,0,0,0,0,3,1,5,1,33,6,2231,2,3,-1,-1,-1
2017410249945,2,9,0,18,0,0,0,0,0,0,1,1,2,2,28,6,1895,1,16,-1,-1,-1
2017410249993,1,9,0,4,0,0,0,0,0,0,1,1,6,3,-1,-1,-1,-1,-1,-1,-1,-1
2017410249993,2,1,0,7,0,0,0,0,1,0,2,1,4,1,12,3,-1,-1,-1,-1,-1,-1
2017410250010,1,9,0,18,0,6,0,0,0,0,2,1,6,1,40,7,1390,1,15,-1,-1,-1
2017410250010,2,9,0,18,0,8,0,0,0,0,1,1,6,1,27,6,1242,1,1,-1,-1,-1
2017410250063,1,19,0,4,0,0,0,0,0,0,2,1,2,1,31,6,1598,2,1,-1,-1,-1
2017410250063,2,19,0,18,0,0,0,0,0,0,1,1,2,1,64,9,1560,2,3,-1,-1,-1