Accident_Index,Vehicle_Reference,Vehicle_Type,Towing_and_Articulation,Vehicle_Manoeuvre,Vehicle_Location-Restricted_Lane,Junction_Location,Skidding_and_Overturning,Hit_Object_in_Carriageway,Vehicle_Leaving_Carriageway,Hit_Object_off_Carriageway,1st_Point_of_Impact,Was_Vehicle_Left_Hand_Drive?,Journey_Purpose_of_Driver,Sex_of_Driver,Age_of_Driver,Age_Band_of_Driver,Engine_Capacity_(CC),Propulsion_Code,Age_of_Vehicle,Driver_IMD_Decile,Driver_Home_Area_Type,Vehicle_IMD_Decile
2017410256085,1,90,0,4,0,0,0,0,0,0,1,1,5,1,55,8,-1,-1,-1,-1,-1,-1
2017410256085,2,9,0,4,0,0,0,0,0,0,2,1,5,1,41,7,2231,2,9,-1,-1,-1
2017410256085,3,9,0,4,0,0,0,0,0,0,2,1,5,1,60,9,1997,2,4,-1,-1,-1
2017410256085,4,9,0,4,0,0,0,0,0,0,1,1,5,1,25,5,1798,1,1,-1,-1,-1
2017410256115,1,9,0,18,0,2,0,0,0,0,4,1,6,2,88,11,1598,1,4,7,1,7
2017410256117,1,9,0,17,0,0,0,0,0,0,1,1,5,1,46,8,2261,1,-1,-1,-1,-1
2017410256117,2,9,0,18,0,0,0,0,1,0,1,1,5,2,39,7,1498,1,8,-1,-1,-1
2017410256185,1,98,1,18,0,0,0,0,0,0,1,1,1,1,64,9,-1,-1,-1,-1,-1,-1
2017410256185,2,9,0,18,0,0,0,0,0,0,4,1,5,1,18,4,1498,1,10,-1,-1,-1
2017410256188,1,9,0,18,0,1,0,0,0,0,1,1,6,3,-1,-1,-1,-1,-1,-1,-1,-1
2017410256219,1,9,0,17,0,0,0,0,1,7,1,1,5,1,21,5,1998,1,12,-1,-1,-1
2017410256226,1,9,0,18,0,0,0,0,0,0,3,1,2,1,45,7,1896,2,9,-1,-1,-1
2017410256226,2,1,0,18,0,0,0,0,0,0,1,1,2,1,25,5,-1,-1,-1,-1,-1,-1
2017410256242,1,9,0,4,0,0,0,0,0,0,0,1,6,1,-1,-1,2231,2,4,-1,-1,-1
2017410256242,2,9,0,4,0,0,1,0,0,0,2,1,6,1,42,7,1299,1,18,-1,-1,-1
2017410256242,3,9,0,4,0,0,0,0,0,0,2,1,6,2,34,6,999,1,1,-1,-1,-1
2017410256250,1,9,0,18,0,0,1,0,0,0,1,1,6,1,51,8,1149,1,18,-1,-1,-1
2017410256250,2,9,0,2,0,0,0,0,0,0,3,1,6,3,-1,-1,-1,-1,-1,-1,-1,-1
2017410256250,3,98,0,2,0,0,0,0,0,0,2,1,6,3,-1,-1,-1,-1,-1,-1,-1,-1
2017410256279,1,9,0,13,0,1,5,0,7,0,4,1,5,1,44,7,2600,1,23,5,1,5
2017410256279,2,9,0,9,0,1,0,0,0,0,3,1,5,2,51,8,1598,1,7,7,1,7
2017410256280,1,9,0,18,0,1,0,7,3,0,1,1,6,2,37,7,1997,1,15,-1,-1,-1
2017410256280,2,9,0,18,0,2,0,7,1,7,1,1,6,1,35,6,1598,1,6,-1,-1,-1
2017410256342,1,9,0,4,0,8,1,0,0,0,1,1,5,1,77,11,2300,1,19,-1,-1,-1
2017410256342,2,9,0,4,0,8,0,0,0,0,2,1,5,1,46,8,1986,2,9,-1,-1,-1
2017410256349,1,9,0,18,0,1,0,0,0,0,1,1,6,1,39,7,1796,1,9,-1,-1,-1
2017410256349,2,9,0,9,0,1,0,0,0,0,3,1,6,1,51,8,4198,1,13,-1,-1,-1
2017410256449,1,9,0,4,0,0,0,0,0,0,2,1,5,1,37,7,1598,1,8,-1,-1,-1
2017410256449,2,9,0,4,0,0,0,0,0,0,3,1,5,2,64,9,1995,1,7,-1,-1,-1
2017410256670,1,1,0,9,0,4,0,0,0,0,3,1,6,2,50,8,-1,-1,-1,-1,-1,-1
2017410256670,2,9,0,5,0,4,0,0,0,0,1,1,6,1,56,9,1598,1,14,-1,-1,-1
2017410256702,1,9,0,3,0,1,0,0,0,0,2,1,5,1,47,8,-1,-1,-1,-1,-1,-1
2017410256702,2,9,0,15,0,1,0,0,0,0,1,1,6,3,22,5,1330,1,21,-1,-1,-1
2017410256712,1,19,0,18,0,0,2,10,0,0,1,1,1,1,33,6,2999,2,3,-1,-1,-1
2017410256712,2,9,0,18,0,0,1,10,1,10,4,1,2,1,43,7,-1,-1,-1,-1,-1,-1
2017410256712,3,9,0,18,0,0,1,10,0,0,2,1,5,2,30,6,1598,1,11,-1,-1,-1
2017410256715,1,9,0,5,0,3,0,0,0,0,1,1,5,1,54,8,1364,1,13,-1,-1,-1
2017410256715,2,1,0,18,0,3,0,0,0,0,2,1,5,1,52,8,-1,-1,-1,-1,-1,-1
2017410256730,1,9,0,9,0,6,0,0,0,0,1,1,6,1,39,7,-1,-1,-1,-1,-1,-1
2017410256730,2,9,0,18,0,8,0,0,0,0,1,1,6,2,70,10,998,1,3,-1,-1,-1
2017410256767,1,9,0,18,0,0,0,0,0,0,4,1,6,1,-1,-1,-1,-1,-1,-1,-1,-1
2017410256767,2,1,0,18,9,0,5,0,0,0,3,1,6,1,13,3,-1,-1,-1,-1,-1,-1
2017410256808,1,9,0,18,0,3,0,0,0,0,4,1,5,1,34,6,1995,1,10,-1,-1,-1
2017410256808,2,9,0,4,0,4,0,0,0,0,1,1,5,2,22,5,1240,1,11,-1,-1,-1
2017410256855,1,9,0,18,0,8,5,0,0,0,1,1,6,1,19,4,1364,1,10,-1,-1,-1
2017410256855,2,9,0,18,0,8,0,0,0,0,2,1,6,1,57,9,1398,1,14,-1,-1,-1
2017410256889,1,2,0,18,0,1,0,0,0,0,1,1,6,1,16,4,50,1,1,-1,-1,-1
2017410256889,2,-1,0,9,0,8,0,0,0,0,4,1,6,3,-1,-1,-1,-1,-1,-1,-1,-1
2017410256901,1,9,0,18,0,0,0,0,8,0,1,1,5,1,70,10,1360,1,5,-1,-1,-1
2017410256931,1,9,0,4,0,1,0,4,0,0,1,1,6,1,85,11,998,1,8,-1,-1,-1
2017410256931,2,9,0,2,0,1,0,0,0,0,3,1,3,2,30,6,1598,1,6,-1,-1,-1
2017410256941,1,9,0,1,0,0,0,0,0,0,2,1,5,1,70,10,1587,1,16,-1,-1,-1
2017410256986,1,9,0,7,0,2,0,0,1,11,1,1,5,2,40,7,1198,1,12,-1,-1,-1
2017410257064,1,9,0,9,0,0,0,0,0,0,1,1,6,2,25,5,1596,1,8,-1,-1,-1
2017410257064,2,9,0,18,0,0,0,0,0,0,1,1,6,1,31,6,1598,1,3,-1,-1,-1
2017410257064,3,9,0,9,0,0,0,0,0,0,1,1,6,1,52,8,1395,1,3,-1,-1,-1
2017410257072,1,3,0,18,0,8,0,7,1,6,1,1,6,1,20,4,124,1,8,-1,-1,-1
2017410257196,1,9,0,4,0,1,0,0,0,0,1,1,5,1,43,7,-1,-1,-1,-1,-1,-1
2017410257196,2,9,0,9,0,1,0,0,0,0,1,1,5,2,46,8,2400,2,7,-1,-1,-1
2017410257289,1,9,0,18,0,0,1,0,1,9,3,1,6,1,34,6,1796,1,13,-1,-1,-1
2017410257289,2,9,0,18,0,0,0,0,1,9,4,1,6,1,48,8,2143,2,7,-1,-1,-1
2017410257439,1,9,0,16,0,0,1,0,7,9,1,1,1,1,37,7,-1,-1,-1,-1,-1,-1
2017410257439,2,9,0,17,0,0,0,0,1,9,1,1,5,1,45,7,1968,2,10,-1,-1,-1
2017410257833,1,9,0,18,0,2,0,0,0,0,1,1,2,1,27,6,1995,2,3,-1,-1,-1
2017410257833,2,9,0,18,0,2,0,0,0,0,2,1,6,3,-1,-1,-1,-1,-1,-1,-1,-1
2017410257868,1,9,0,18,0,0,0,0,0,0,1,1,6,1,26,6,2179,2,2,5,1,5
2017410257868,2,11,0,18,0,0,0,0,0,0,2,1,6,1,48,8,10667,2,-1,7,1,7
2017410257961,1,9,0,9,0,8,0,0,0,0,3,1,5,1,31,6,1499,1,2,10,3,10
2017410257961,2,9,0,18,0,1,0,0,0,0,1,1,5,1,54,8,1997,2,5,-1,-1,-1
2017410257992,1,9,0,17,0,2,0,0,0,0,1,1,5,2,88,11,1560,2,10,-1,-1,-1
2017410257992,2,9,0,16,0,1,0,0,0,0,1,1,5,1,79,11,1388,1,3,-1,-1,-1
2017410258092,1,9,0,9,9,0,0,10,7,10,1,1,5,2,17,4,999,1,1,-1,-1,-1
2017410258092,2,9,0,2,6,0,0,0,0,0,0,1,6,2,27,6,1299,1,10,-1,-1,-1
2017410258092,3,9,0,2,6,0,0,0,0,0,0,1,6,1,-1,-1,1598,2,1,-1,-1,-1
2017410258113,1,5,0,11,0,8,2,10,7,1,4,1,6,1,52,8,1352,1,10,-1,-1,-1
2017410258113,2,9,0,17,0,8,0,0,0,0,3,1,6,1,53,8,2179,2,5,-1,-1,-1
2017410258143,1,1,0,18,0,0,5,0,0,0,4,1,1,1,30,6,-1,-1,-1,-1,-1,-1
2017410258143,2,9,0,9,0,0,0,0,0,0,1,1,1,3,-1,-1,-1,-1,-1,-1,-1,-1
2017410258216,1,9,0,5,0,1,0,0,0,0,1,1,6,3,-1,-1,1973,1,16,-1,-1,-1
2017410258279,1,9,0,18,0,0,5,0,5,0,1,1,6,2,22,5,1242,1,4,-1,-1,-1
2017410258432,1,97,0,18,0,1,0,0,0,0,1,1,6,1,-1,-1,-1,-1,-1,-1,-1,-1
2017410258432,2,98,0,18,0,1,0,0,0,0,1,1,6,1,42,7,-1,-1,-1,-1,-1,-1
2017410258446,1,9,0,11,0,0,1,0,2,0,1,1,5,2,18,4,1242,1,12,-1,-1,-1
2017410258448,1,9,0,3,0,1,0,0,0,0,3,1,6,2,29,6,1200,1,15,-1,-1,-1
2017410258448,2,97,0,14,0,1,0,0,0,0,1,1,2,1,43,7,-1,-1,-1,-1,-1,-1
2017410258484,1,9,0,5,0,8,0,0,0,0,1,1,3,1,48,8,1995,2,5,-1,-1,-1
2017410258484,2,5,0,18,0,8,0,0,0,0,4,1,6,1,29,6,599,1,18,-1,-1,-1
2017410258486,1,3,0,18,0,8,0,0,1,4,1,1,6,1,50,8,124,1,8,-1,-1,-1
2017410258500,1,9,0,12,7,7,0,0,0,0,1,1,6,2,25,5,1598,2,3,-1,-1,-1
2017410258500,2,3,0,13,7,7,0,0,0,0,1,1,6,1,23,5,125,1,1,-1,-1,-1
2017410258510,1,9,0,18,0,1,1,0,0,0,1,1,2,1,26,6,-1,-1,-1,-1,-1,-1
2017410258510,2,11,0,18,0,1,0,0,0,0,1,1,1,2,39,7,4250,2,4,-1,-1,-1
2017410258541,1,9,0,5,0,0,0,0,0,0,2,1,6,2,-1,-1,-1,-1,-1,-1,-1,-1
2017410258541,2,1,0,5,0,0,0,0,0,0,3,1,6,1,14,3,-1,-1,-1,-1,-1,-1
2017410258550,1,9,0,17,0,3,0,0,0,0,3,1,5,1,80,11,1598,1,9,-1,-1,-1
2017410258550,2,9,0,17,0,4,0,0,0,0,4,1,5,1,27,6,998,1,8,-1,-1,-1
2017410258557,1,9,0,4,0,1,1,0,0,0,1,1,6,1,-1,-1,-1,-1,-1,-1,-1,-1
2017410258580,1,9,0,11,0,1,0,0,0,0,4,1,6,1,38,7,1149,1,3,-1,-1,-1
2017410258580,2,9,0,18,0,1,0,0,2,0,3,1,5,2,43,7,1198,1,2,-1,-1,-1
2017410258593,1,-1,0,18,0,3,0,0,0,0,1,1,6,3,-1,-1,-1,-1,-1,-1,-1,-1
2017410258617,1,9,0,13,0,2,0,0,0,0,1,1,6,2,62,9,1248,1,4,-1,-1,-1
2017410258617,2,9,0,6,0,2,0,0,0,0,3,1,6,1,18,4,1364,1,11,-1,-1,-1
2017410258617,3,9,0,3,0,1,0,0,0,0,1,1,6,2,49,8,1498,1,5,-1,-1,-1
2017410258652,1,9,0,7,0,1,0,0,0,0,4,1,2,1,33,6,1796,1,15,-1,-1,-1
2017410258787,1,9,0,18,0,0,0,0,0,0,1,1,6,2,34,6,1364,1,3,8,1,8
2017410258787,2,9,0,6,0,0,0,0,0,0,1,1,6,1,36,7,-1,-1,-1,5,1,5
2017410258820,1,9,0,5,0,4,0,0,0,0,0,1,1,2,22,5,1461,2,1,5,1,5
2017410258820,2,9,0,4,0,4,0,0,0,0,2,1,5,2,25,5,1560,2,6,7,1,7
2017410258976,1,9,0,4,0,2,0,0,0,0,1,1,6,2,32,6,2179,2,8,-1,-1,-1
2017410258976,2,9,0,4,0,2,0,0,0,0,2,1,6,2,55,8,-1,-1,-1,-1,-1,-1
2017410258982,1,9,0,5,0,6,0,0,0,0,1,1,6,1,16,4,2151,2,18,-1,-1,-1
2017410258982,2,9,0,18,0,1,1,0,1,2,3,1,5,1,88,11,1197,1,2,-1,-1,-1
2017410259006,1,9,0,9,0,6,0,0,0,0,3,1,6,2,35,6,1596,1,15,-1,-1,-1
2017410259006,2,9,0,18,0,8,0,0,0,0,1,1,2,1,35,6,1086,1,13,-1,-1,-1
2017410259017,1,9,0,9,0,8,0,0,0,0,1,1,2,1,19,4,1360,1,14,-1,-1,-1
2017410259017,2,1,0,18,0,8,0,0,0,0,1,1,6,1,49,8,-1,-1,-1,-1,-1,-1
2017410259046,1,9,0,18,0,0,1,0,4,0,1,1,1,2,62,9,1598,2,4,-1,-1,-1
2017410259046,2,19,0,18,0,0,1,4,4,0,1,1,1,1,32,6,1995,2,-1,-1,-1,-1
2017410259046,3,9,0,18,0,0,1,6,0,0,2,1,6,1,57,9,2188,2,10,-1,-1,-1
2017410259046,4,9,0,18,0,0,1,0,0,0,1,1,6,2,37,7,1769,1,16,-1,-1,-1
2017410259046,5,9,0,18,0,0,1,0,0,0,1,1,6,1,46,8,-1,-1,-1,-1,-1,-1
2017410259046,6,9,0,18,0,0,1,0,7,0,1,1,6,1,55,8,1997,2,3,-1,-1,-1
2017410259046,7,98,0,2,0,0,0,0,0,0,2,1,6,3,-1,-1,-1,-1,-1,-1,-1,-1
2017410259057,1,9,0,18,0,0,0,0,0,0,3,1,6,1,85,11,1769,1,14,-1,-1,-1
2017410259251,1,5,0,15,0,1,0,0,0,0,4,1,2,1,55,8,1050,1,4,-1,-1,-1
2017410259251,2,9,0,18,0,1,0,0,0,0,1,1,6,2,-1,-1,1598,1,1,-1,-1,-1
2017410259493,1,3,0,18,0,8,0,0,0,0,1,1,2,1,20,4,124,1,2,-1,-1,-1
2017410259493,2,9,0,5,0,4,0,0,0,0,3,1,6,3,-1,-1,-1,-1,-1,-1,-1,-1
2017410259547,1,5,0,13,0,0,0,7,0,0,4,1,2,1,23,5,656,1,1,-1,-1,-1
2017410259547,2,21,1,18,0,0,0,0,0,0,3,1,1,1,42,7,10837,2,3,-1,-1,-1
2017410259829,1,9,0,18,0,5,0,0,0,0,1,1,2,1,39,7,2926,2,14,-1,-1,-1
2017410259829,2,5,0,18,0,4,0,0,0,0,4,1,1,1,42,7,1198,1,4,-1,-1,-1
2017410259890,1,9,0,5,0,2,0,0,0,0,3,1,2,1,33,6,1598,1,15,-1,-1,-1
2017410259890,2,97,0,18,0,2,0,0,0,0,4,1,6,1,41,7,-1,-1,-1,-1,-1,-1
2017410259905,1,9,0,17,0,0,0,0,1,0,1,1,5,2,28,6,1598,1,11,-1,-1,-1
2017410259914,1,9,0,18,0,0,0,0,0,0,4,1,5,2,46,8,1998,1,15,-1,-1,-1
2017410259945,1,9,0,5,0,6,0,0,0,0,3,1,6,2,63,9,2494,8,-1,-1,-1,-1
2017410259945,2,3,0,18,0,1,0,0,0,0,1,1,5,1,19,4,125,1,4,-1,-1,-1
2017410259959,1,9,0,18,0,4,2,0,7,1,1,1,6,1,49,8,1149,1,12,-1,-1,-1
2017410261283,1,9,0,18,0,3,0,0,0,0,1,1,5,1,52,8,1998,1,13,-1,-1,-1
2017410261283,2,9,0,3,0,3,0,0,0,0,2,1,5,1,21,5,1242,1,-1,-1,-1,-1
2017410261298,1,5,0,18,0,0,1,11,0,0,1,1,2,1,28,6,1137,1,11,-1,-1,-1
2017410261333,1,98,0,18,0,0,0,0,0,0,1,1,1,1,29,6,-1,-1,-1,-1,-1,-1
2017410261333,2,9,0,4,0,0,0,0,0,0,2,1,1,1,41,7,1997,2,3,-1,-1,-1
2017410261398,1,9,0,5,0,6,0,0,0,0,1,1,6,2,31,6,1598,2,3,-1,-1,-1
2017410261398,2,9,0,17,0,1,0,0,0,0,3,1,6,1,87,11,1598,2,6,-1,-1,-1
2017410261420,1,9,0,18,0,2,0,0,0,0,0,1,1,1,55,8,-1,-1,-1,8,1,8
2017410261420,2,3,0,18,0,2,0,0,0,0,1,1,1,1,17,4,125,1,2,-1,-1,-1
2017410261498,1,9,0,18,0,0,0,0,5,6,3,1,1,1,41,7,2993,2,1,-1,-1,-1
2017410261500,1,9,0,18,0,4,0,0,0,0,3,1,5,2,42,7,1598,1,6,-1,-1,-1
2017410261500,2,9,0,18,0,4,0,0,0,0,1,1,1,1,25,5,1596,1,14,-1,-1,-1
2017410261514,1,9,0,9,0,4,0,0,0,0,1,1,2,1,41,7,2799,1,17,-1,-1,-1
2017410261518,1,9,0,18,0,0,0,0,0,0,1,1,2,1,34,6,1951,2,14,-1,-1,-1
2017410261518,2,9,0,4,0,0,0,0,0,0,2,1,2,1,54,8,1969,2,-1,-1,-1,-1
2017410261559,1,9,0,18,0,1,0,0,0,0,1,1,6,3,-1,-1,-1,-1,-1,-1,-1,-1
2017410261561,1,9,0,18,0,1,0,0,0,0,1,1,5,1,65,9,1799,1,8,-1,-1,-1
2017410261561,2,9,0,7,0,5,0,0,0,0,1,1,5,1,38,7,1991,2,8,-1,-1,-1
2017410262792,1,-1,0,18,0,0,0,0,0,0,1,1,6,3,-1,-1,-1,-1,-1,-1,-1,-1
2017410262792,2,9,0,18,0,0,1,0,1,0,4,1,6,2,26,6,1242,1,7,-1,-1,-1
2017410262792,3,9,0,18,0,0,1,0,1,0,3,1,6,1,35,6,1995,2,5,-1,-1,-1
2017410262914,1,9,0,3,0,1,0,0,0,0,2,1,5,1,34,6,2143,2,-1,-1,-1,-1
2017410262914,2,9,0,18,0,1,0,0,0,0,1,1,5,2,31,6,1560,2,11,-1,-1,-1
2017410263347,1,9,0,14,0,0,0,4,0,0,1,1,2,2,38,7,1124,1,14,-1,-1,-1
2017410263347,2,11,0,2,0,0,0,0,0,0,2,1,1,3,-1,-1,4461,2,2,-1,-1,-1
2017410263622,1,20,0,18,0,0,0,0,0,0,4,1,1,1,44,7,2998,2,4,-1,-1,-1
2017410263622,2,19,0,2,0,0,0,0,0,0,2,1,1,1,36,7,1968,2,2,-1,-1,-1
2017410263757,1,23,0,18,0,1,0,0,0,0,1,1,5,1,16,4,-1,-1,-1,-1,-1,-1
2017410263757,2,9,0,10,0,1,0,0,0,0,3,1,5,1,50,8,1368,1,10,-1,-1,-1
2017410263791,1,9,0,9,0,6,0,0,1,3,4,1,5,2,55,8,1596,1,14,-1,-1,-1
2017410263791,2,9,0,18,0,8,0,0,0,0,1,1,5,2,81,11,1197,1,-1,-1,-1,-1
2017410263809,1,3,0,9,0,0,0,0,0,0,3,1,5,1,20,4,125,1,5,-1,-1,-1
2017410263809,2,9,0,18,0,0,0,0,0,0,1,1,5,2,35,6,1461,2,1,-1,-1,-1
2017410263824,1,9,0,9,0,6,0,0,0,0,1,1,5,1,24,5,898,1,1,-1,-1,-1
2017410263824,2,9,0,18,0,8,0,0,7,0,1,1,5,1,54,8,1896,2,16,-1,-1,-1
2017410263943,1,3,0,18,0,0,0,0,0,0,1,1,1,1,42,7,125,1,-1,-1,-1,-1
2017410263943,2,9,0,18,0,0,0,0,0,0,2,1,6,2,40,7,1796,1,12,-1,-1,-1
2017410263969,1,9,0,18,0,4,0,0,0,0,1,1,5,1,35,6,-1,-1,-1,-1,-1,-1
2017410263969,2,9,0,5,0,4,0,0,0,0,2,1,1,1,31,6,-1,-1,-1,3,1,3
2017410263969,3,9,0,5,0,4,0,0,0,0,2,1,5,1,41,7,1998,1,10,-1,-1,-1
2017410263972,1,98,0,7,0,3,0,0,0,0,1,1,6,1,61,9,-1,-1,-1,-1,-1,-1
2017410263972,2,9,0,10,0,4,0,0,0,0,1,1,5,2,71,10,1997,2,4,-1,-1,-1
2017410264019,1,9,0,18,0,0,0,0,0,0,1,1,6,1,84,11,998,1,1,-1,-1,-1
2017410264021,1,9,0,18,0,0,0,0,0,0,0,1,5,1,21,5,1388,1,11,-1,-1,-1
2017410264113,1,9,0,16,0,6,0,0,0,0,3,1,6,2,43,7,1968,2,7,-1,-1,-1
2017410264113,2,9,0,18,0,1,0,0,0,0,4,1,6,2,44,7,1590,1,15,-1,-1,-1
2017410264253,1,21,1,11,0,0,0,0,0,0,4,1,1,1,35,6,12777,2,2,-1,-1,-1
2017410264253,2,9,0,18,0,0,0,0,2,7,3,1,2,2,43,7,1364,2,13,-1,-1,-1
2017410264536,1,9,0,18,0,0,0,0,0,0,1,1,2,1,53,8,1400,1,11,-1,-1,-1
2017410264536,2,9,0,1,0,0,0,0,0,0,1,1,2,1,26,6,998,1,1,-1,-1,-1
2017410264536,3,9,0,1,0,0,0,0,0,0,1,1,2,1,42,7,1968,2,8,-1,-1,-1
2017410264865,1,9,0,18,0,0,0,0,1,0,2,1,5,1,48,8,1149,1,14,-1,-1,-1
2017410264865,2,9,0,13,0,0,0,0,0,0,1,1,5,1,-1,-1,2993,2,6,-1,-1,-1
2017410265058,1,9,0,13,0,2,0,0,0,0,1,1,5,1,52,8,1990,1,24,-1,-1,-1
2017410265058,2,90,0,18,0,2,0,0,0,0,2,1,1,1,50,8,9290,2,3,-1,-1,-1
2017410265288,1,4,0,4,0,1,0,0,0,0,1,1,5,1,60,9,123,1,54,-1,-1,-1
2017410265288,2,9,0,4,0,1,0,0,0,0,2,1,5,2,33,6,1199,1,4,-1,-1,-1
2017410265451,1,9,0,18,0,0,0,0,0,0,4,1,6,3,-1,-1,-1,-1,-1,-1,-1,-1
2017410265451,2,1,0,18,0,0,0,0,0,0,0,1,2,2,44,7,-1,-1,-1,7,1,7
2017410265566,1,9,0,1,0,1,0,0,0,0,2,1,6,1,-1,-1,-1,-1,-1,-1,-1,-1
2017410267205,1,9,0,5,0,0,1,4,1,0,3,1,5,1,19,4,-1,-1,-1,-1,-1,-1
2017410267205,2,9,0,18,0,0,1,0,0,0,1,1,1,2,24,5,-1,-1,-1,-1,-1,-1
2017410267205,3,9,0,2,0,0,0,0,0,0,0,1,6,2,60,9,1242,1,4,-1,-1,-1
2017410267755,1,9,0,18,0,1,0,10,7,3,1,1,5,1,73,10,-1,-1,-1,-1,-1,-1
2017410267755,2,9,0,4,0,1,0,0,0,0,2,1,2,1,32,6,995,1,7,-1,-1,-1
2017410267755,3,9,0,18,0,1,0,0,1,0,1,1,2,1,53,8,1398,1,-1,-1,-1,-1
2017410268250,1,9,0,14,0,2,0,0,0,0,1,1,5,2,87,11,1240,1,9,-1,-1,-1
2017410268250,2,9,0,2,0,1,0,4,0,0,2,1,6,2,53,8,999,1,4,-1,-1,-1
2017410269413,1,9,0,11,0,0,0,0,0,0,4,1,6,1,34,6,1997,2,9,-1,-1,-1
2017410269413,2,5,0,15,0,0,0,0,0,0,3,1,2,1,43,7,1170,1,1,-1,-1,-1
2017410270043,1,9,0,7,0,3,0,0,0,0,0,1,6,3,-1,-1,-1,-1,-1,-1,-1,-1
2017410270271,1,9,0,4,0,1,0,0,0,0,1,1,6,2,55,8,2993,2,-1,-1,-1,-1
2017410270271,2,9,0,17,0,1,0,0,0,0,4,1,2,1,63,9,-1,-1,-1,-1,-1,-1
2017410272124,1,9,0,9,0,1,0,0,0,0,4,1,6,1,69,10,1600,1,19,-1,-1,-1
2017410272261,1,98,1,18,0,0,0,0,0,0,2,1,1,1,40,7,-1,-1,-1,-1,-1,-1
2017410272261,2,21,1,18,0,0,0,0,0,0,1,1,1,1,35,6,10837,2,3,-1,-1,-1
2017410272375,1,9,0,18,0,0,0,0,7,2,4,1,6,1,38,7,1799,1,10,-1,-1,-1
2017410272594,1,3,0,4,0,0,2,0,0,0,0,1,5,1,25,5,125,1,2,-1,-1,-1
2017410272757,1,9,0,18,0,0,0,0,0,0,1,1,2,2,56,9,1329,1,8,-1,-1,-1
2017410272757,2,90,0,9,0,0,0,0,0,0,1,1,2,1,43,7,-1,-1,-1,-1,-1,-1
2017410273489,1,5,0,13,0,8,5,0,0,0,1,1,5,1,35,6,600,1,13,7,1,7
2017410273489,2,11,0,7,0,8,0,0,0,0,1,1,1,1,30,6,7300,2,4,5,1,5
2017410274029,1,9,0,12,0,0,0,0,0,0,0,1,6,3,-1,-1,-1,-1,-1,-1,-1,-1
2017410274029,2,9,0,18,0,0,1,0,1,7,3,1,5,1,50,8,3201,1,20,-1,-1,-1
2017410274411,1,9,0,18,0,8,0,0,0,0,1,1,6,3,-1,-1,-1,-1,-1,-1,-1,-1
2017410274740,1,9,0,18,0,0,0,0,0,0,1,1,6,1,-1,-1,2902,2,14,-1,-1,-1
2017410274740,2,9,0,18,0,0,0,0,0,0,1,1,5,2,37,7,1388,1,6,-1,-1,-1
2017410274840,1,9,0,18,0,2,0,0,0,0,4,1,5,1,58,9,2496,1,14,-1,-1,-1
2017410275117,1,9,0,18,0,0,0,0,0,0,1,1,2,1,47,8,1598,1,8,-1,-1,-1
2017410275117,2,9,0,9,0,0,0,0,0,0,4,1,2,1,64,9,1299,1,13,-1,-1,-1
2017410275224,1,19,0,3,0,1,0,0,0,0,2,1,5,1,36,7,2198,2,6,6,1,6
2017410275224,2,9,0,3,0,1,0,0,0,0,1,1,1,2,62,9,2996,1,11,7,3,7
2017410275279,1,9,0,18,0,0,5,0,0,0,1,1,2,1,20,4,998,1,15,-1,-1,-1
2017410275581,1,97,0,18,0,1,2,0,0,0,1,1,6,1,56,9,-1,-1,-1,-1,-1,-1
2017410275581,2,9,0,18,0,1,0,0,0,0,1,1,6,1,52,8,1598,2,2,-1,-1,-1
2017410275623,1,9,0,9,0,8,0,0,0,0,1,1,6,2,60,9,-1,-1,-1,-1,-1,-1
2017410275623,2,9,0,5,0,4,0,0,0,0,3,1,6,1,56,9,1995,1,7,-1,-1,-1
2017410275759,1,9,0,3,0,1,0,0,0,0,2,1,5,1,-1,-1,2268,2,6,-1,-1,-1
2017410275759,2,9,0,18,0,1,0,0,0,0,1,1,5,2,21,5,1968,2,8,-1,-1,-1
2017410275835,1,9,0,5,0,2,0,0,0,0,1,1,6,1,28,6,1242,1,13,-1,-1,-1
2017410275842,1,3,0,7,0,5,1,0,0,0,4,1,2,1,-1,-1,-1,-1,-1,-1,-1,-1
2017410276140,1,9,0,18,0,1,0,0,0,0,1,1,1,2,33,6,1598,1,10,-1,-1,-1
2017410276140,2,9,0,7,0,2,0,0,0,0,4,1,5,2,31,6,1995,2,1,-1,-1,-1
2017410276238,1,9,0,11,0,0,0,7,1,0,1,1,5,1,28,6,1389,1,17,4,1,4
2017410276238,2,9,0,5,0,0,0,0,0,0,0,1,5,2,74,10,1796,1,10,5,1,5
2017410276361,1,9,0,15,0,1,0,0,0,0,1,1,5,1,56,9,1329,1,4,-1,-1,-1
2017410276361,2,9,0,18,0,1,0,0,0,0,1,1,5,1,76,11,2435,1,14,-1,-1,-1
2017410276361,3,19,0,2,0,1,0,0,0,0,3,1,6,1,52,8,2198,2,9,-1,-1,-1
2017410276716,1,9,0,5,0,3,0,0,1,0,3,1,5,1,85,11,1360,1,11,-1,-1,-1
2017410276716,2,9,0,10,0,4,1,0,0,0,1,1,5,1,24,5,1390,1,4,-1,-1,-1
2017410279712,1,9,0,12,0,0,0,0,0,0,1,1,6,3,-1,-1,998,1,12,-1,-1,-1
2017410279712,2,9,0,18,0,0,0,0,0,0,1,1,6,2,48,8,1560,2,10,-1,-1,-1
2017410280551,1,9,0,9,0,0,1,0,2,0,2,1,1,1,46,8,1248,2,2,-1,-1,-1
2017410281612,1,9,0,1,9,0,0,0,0,0,2,1,6,2,28,6,1598,2,5,-1,-1,-1
2017410281681,1,98,1,9,0,2,0,0,0,0,4,1,1,1,47,8,-1,-1,-1,-1,-1,-1