Accident_Index,Vehicle_Reference,Vehicle_Type,Towing_and_Articulation,Vehicle_Manoeuvre,Vehicle_Location-Restricted_Lane,Junction_Location,Skidding_and_Overturning,Hit_Object_in_Carriageway,Vehicle_Leaving_Carriageway,Hit_Object_off_Carriageway,1st_Point_of_Impact,Was_Vehicle_Left_Hand_Drive?,Journey_Purpose_of_Driver,Sex_of_Driver,Age_of_Driver,Age_Band_of_Driver,Engine_Capacity_(CC),Propulsion_Code,Age_of_Vehicle,Driver_IMD_Decile,Driver_Home_Area_Type,Vehicle_IMD_Decile
2017420152419,1,9,0,5,0,1,0,0,0,0,3,1,6,2,31,6,998,1,3,-1,-1,-1
2017420152438,1,9,0,18,0,0,0,0,0,0,1,1,2,2,33,6,1388,1,10,7,1,7
2017420152446,1,9,0,18,0,0,0,4,0,0,1,1,6,1,18,4,1598,1,4,9,1,9
2017420152446,2,21,0,2,0,0,0,0,0,0,2,1,6,1,51,8,-1,-1,-1,5,1,5
2017420152484,1,9,0,14,0,1,0,0,0,0,1,1,2,2,23,5,1388,1,14,3,1,3
2017420152484,2,9,0,10,0,1,0,0,0,0,3,1,2,1,34,6,1968,2,5,5,2,5
2017420152484,3,19,0,18,0,1,0,0,0,0,1,1,1,1,71,10,2464,2,8,6,1,6
2017420152490,1,9,0,18,0,0,0,0,0,0,1,1,6,2,28,6,1299,1,15,4,1,4
2017420152490,2,9,0,3,0,0,0,0,0,0,2,1,6,1,40,7,2148,2,8,4,1,4
2017420152494,1,9,0,18,0,0,0,0,0,0,3,1,6,1,46,8,1364,1,1,7,3,7
2017420152494,2,1,0,18,0,0,5,0,1,0,3,1,6,1,55,8,-1,-1,-1,10,1,10
2017420152497,1,9,0,18,0,1,0,10,0,0,4,1,6,1,58,9,1997,1,13,2,1,2
2017420152497,2,9,0,10,0,1,0,0,0,0,3,1,6,2,56,9,1560,2,6,2,1,2
2017420152497,3,9,0,18,0,3,0,0,0,0,4,1,6,1,44,7,1599,1,11,4,1,4
2017420152498,1,9,0,18,0,0,0,4,0,0,1,1,6,1,26,6,1242,1,12,4,1,4
2017420152498,2,9,0,2,0,0,0,0,0,0,1,1,6,3,-1,-1,1995,2,12,-1,-1,-1
2017420152499,1,9,0,9,0,8,0,0,7,0,1,1,5,2,19,4,1349,1,3,6,1,6
2017420152499,2,9,0,18,0,8,0,0,0,0,1,1,5,1,20,4,1997,2,3,7,3,7
2017420152503,1,9,0,16,0,0,0,0,7,0,1,1,6,1,33,6,2993,2,9,10,1,10
2017420152510,1,9,0,17,0,0,0,0,1,0,1,1,6,1,49,8,1388,1,13,1,1,1
2017420152510,2,9,0,16,0,0,0,0,1,0,1,1,5,1,68,10,1242,1,2,3,1,3
2017420152514,1,9,0,1,9,0,0,0,0,0,2,1,5,1,45,7,1796,1,11,5,2,5
2017420152515,1,90,0,18,0,2,0,0,0,0,1,1,6,1,25,5,-1,-1,-1,-1,-1,-1
2017420152515,2,9,0,2,6,2,0,0,0,0,4,1,6,3,-1,-1,-1,-1,-1,-1,-1,-1
2017420152524,1,9,0,18,0,8,0,0,0,0,4,1,5,1,54,8,1796,1,10,-1,-1,-1
2017420152525,1,9,0,17,0,0,5,0,7,0,1,1,6,1,17,4,1360,1,10,6,3,6
2017420152526,1,19,0,18,0,1,1,0,0,0,1,1,2,1,24,5,1753,2,13,5,1,5
2017420152526,2,9,0,4,0,1,0,0,0,0,2,1,6,1,78,11,1248,2,3,2,1,2
2017420152573,1,9,0,18,0,0,0,0,0,0,1,1,6,1,24,5,1598,1,14,10,1,10
2017420152573,2,19,0,3,0,0,0,0,0,0,2,1,6,1,61,9,2198,2,2,6,1,6
2017420152634,1,5,0,18,0,0,2,12,0,0,1,1,2,1,23,5,599,1,17,4,1,4
2017420152667,1,9,0,9,9,0,0,0,7,0,3,1,6,1,-1,-1,-1,-1,-1,-1,-1,-1
2017420152701,1,9,0,7,0,3,0,0,0,0,4,1,2,1,36,7,1796,2,4,7,1,7
2017420152701,2,1,0,5,0,4,1,0,0,0,3,1,6,2,27,6,-1,-1,-1,5,1,5
2017420152749,1,9,0,18,0,1,0,0,0,0,1,1,6,2,30,6,1685,2,6,3,1,3
2017420152749,2,9,0,10,0,1,0,0,0,0,2,1,6,2,42,7,1360,1,10,8,1,8
2017420152779,1,1,0,18,0,2,0,0,0,0,1,1,5,2,26,6,-1,-1,-1,3,1,3
2017420152779,2,98,0,2,0,2,0,0,0,0,2,1,6,3,-1,-1,-1,-1,-1,-1,-1,-1
2017420152801,1,9,0,18,0,4,0,0,0,0,1,1,6,2,38,7,1199,2,6,5,2,5
2017420152801,2,3,0,17,0,8,5,0,0,0,4,1,2,1,42,7,125,1,6,6,1,6
2017420152889,1,9,0,5,0,4,0,0,0,0,1,1,6,1,53,8,1248,1,4,4,1,4
2017420152889,2,1,0,7,0,3,0,0,0,0,1,1,6,1,35,6,-1,-1,-1,7,1,7
2017420152892,1,9,0,12,0,0,0,0,0,0,0,1,6,3,-1,-1,-1,-1,-1,-1,-1,-1
2017420152892,2,9,0,4,0,0,0,0,0,0,0,1,6,3,-1,-1,-1,-1,-1,-1,-1,-1
2017420152892,3,3,0,18,0,0,1,0,0,0,1,1,2,1,20,4,124,1,6,4,1,4
2017420152892,4,9,0,2,0,0,0,0,0,0,0,1,2,1,30,6,1600,1,17,5,1,5
2017420152900,1,9,0,18,0,1,0,0,0,0,1,1,6,2,28,6,998,1,16,10,1,10
2017420152900,2,9,0,2,0,1,0,0,0,0,2,1,6,1,41,7,-1,-1,-1,10,1,10
2017420152965,1,9,0,7,0,6,0,0,0,0,1,1,6,1,49,8,-1,-1,-1,8,2,8
2017420152965,2,1,0,18,0,1,0,0,0,0,2,1,6,2,24,5,-1,-1,-1,5,2,5
2017420153096,1,9,0,18,0,1,0,0,0,0,1,1,6,1,53,8,1598,2,5,7,3,7
2017420153096,2,9,0,3,0,1,0,0,0,0,2,1,6,1,27,6,1995,2,11,1,1,1
2017420153096,3,9,0,3,0,1,0,0,0,0,2,1,6,1,34,6,2143,2,2,9,1,9
2017420153186,1,9,0,18,0,0,0,0,0,0,1,1,2,1,19,4,1896,2,9,9,2,9
2017420153186,2,9,0,18,0,0,0,0,0,0,1,1,2,2,24,5,1968,2,3,7,1,7
2017420153197,1,9,0,18,0,0,2,0,1,11,1,1,2,2,17,4,1199,1,14,7,1,7
2017420153200,1,9,0,18,0,0,1,0,7,11,1,1,6,2,59,9,1329,1,4,3,1,3
2017420153283,1,9,0,18,0,4,0,0,0,0,1,1,6,2,50,8,998,1,16,8,2,8
2017420153283,2,9,0,18,0,8,0,0,0,0,4,1,2,2,32,6,1496,2,2,8,1,8
2017420153290,1,9,0,12,0,0,0,0,0,0,0,1,6,3,-1,-1,-1,-1,-1,-1,-1,-1
2017420153290,2,9,0,18,0,0,0,0,5,6,4,1,2,2,33,6,1360,1,7,9,1,9
2017420153294,1,9,0,4,0,4,0,0,0,0,1,1,6,1,30,6,-1,-1,-1,9,1,9
2017420153294,2,9,0,8,0,4,0,0,0,0,2,1,6,2,37,7,1242,1,1,8,1,8
2017420153686,1,9,0,5,0,1,0,0,0,0,1,1,1,1,29,6,-1,-1,-1,9,1,9
2017420153686,2,9,0,10,0,1,0,0,0,0,2,1,5,1,53,8,1995,2,14,4,1,4
2017420153687,1,9,0,9,0,1,0,0,0,0,1,1,6,1,48,8,2290,1,17,3,1,3
2017420153687,2,9,0,5,0,1,0,0,0,0,4,1,6,2,29,6,2792,1,16,6,1,6
2017420153688,1,19,0,18,0,0,0,0,0,0,1,1,6,3,-1,-1,-1,-1,-1,-1,-1,-1
2017420153688,2,9,0,18,0,0,0,0,0,0,2,1,1,1,43,7,1910,2,10,5,1,5
2017420153688,3,19,0,18,0,0,0,0,0,0,2,1,1,1,65,9,-1,-1,-1,8,2,8
2017420153699,1,9,0,4,0,0,0,0,0,0,1,1,1,1,63,9,1339,8,6,2,1,2
2017420153699,2,9,0,3,0,0,0,0,0,0,2,1,6,1,57,9,2995,1,12,5,3,5
2017420153699,3,9,0,3,0,0,0,0,0,0,2,1,6,1,53,8,4196,1,13,7,1,7
2017420153705,1,9,0,17,0,0,0,0,0,0,1,1,5,1,72,10,1995,2,3,6,3,6
2017420153705,2,9,0,16,0,0,0,0,1,0,1,1,5,2,63,9,998,1,8,6,1,6
2017420153727,1,9,0,14,0,0,0,0,0,0,4,1,6,1,80,11,1995,2,6,8,3,8
2017420153727,2,9,0,2,0,0,0,0,0,0,3,1,6,2,48,8,2099,1,15,9,2,9
2017420153750,1,9,0,18,7,0,0,4,0,0,1,1,2,1,45,7,2987,2,12,5,1,5
2017420153750,2,21,1,2,6,0,0,0,0,0,2,1,1,1,50,8,12882,2,1,5,1,5
2017420153861,1,11,0,4,0,1,0,0,0,0,1,1,1,1,26,6,5850,2,15,1,1,1
2017420153911,1,19,0,5,0,0,0,0,0,0,4,1,1,1,25,5,2198,2,1,2,1,2
2017420153911,2,9,0,10,0,0,0,0,0,0,3,1,6,1,70,10,1242,1,12,3,1,3
2017420154066,1,9,0,17,9,0,1,0,7,4,1,1,5,2,19,4,1149,1,7,8,2,8
2017420154067,1,3,0,18,0,0,2,0,0,0,4,1,6,1,25,5,124,1,3,1,1,1
2017420154069,1,9,0,6,0,0,0,0,0,0,1,1,6,1,52,8,1000,1,4,1,1,1
2017420154069,2,9,0,18,0,0,0,0,0,0,1,1,6,2,51,8,1388,1,7,2,1,2
2017420154070,1,21,1,9,0,0,2,0,1,7,1,1,1,1,30,6,12816,2,15,5,1,5
2017420154070,2,9,0,18,0,0,0,0,0,0,1,1,1,1,66,10,1560,2,3,1,1,1
2017420154070,3,9,0,18,0,0,0,0,0,0,4,1,6,2,46,8,1499,1,2,7,1,7
2017420154070,4,9,0,18,0,0,0,0,0,0,4,1,6,1,20,4,1197,1,1,9,1,9
2017420154071,1,9,0,5,0,6,0,0,0,0,3,1,5,2,78,11,1240,1,8,4,1,4
2017420154071,2,1,0,18,0,8,0,0,0,0,3,1,2,1,59,9,-1,-1,-1,6,3,6
2017420154075,1,9,0,18,0,8,0,0,0,0,4,1,5,2,30,6,1598,7,13,4,2,4
2017420154075,2,9,0,18,0,8,0,0,0,0,1,1,5,2,80,11,1240,1,14,8,1,8
2017420154078,1,19,0,18,0,0,0,0,0,0,1,1,5,1,29,6,1598,2,2,9,1,9
2017420154224,1,9,0,18,0,3,0,0,0,0,1,1,6,1,46,8,1498,1,12,3,1,3
2017420154357,1,9,0,18,0,4,0,0,0,0,1,1,5,2,49,8,1396,2,2,3,1,3
2017420154357,2,21,1,18,0,3,0,0,0,0,2,1,1,1,28,6,12809,2,2,3,1,3
2017420154377,1,21,1,18,0,0,0,0,0,0,3,1,1,1,45,7,-1,-1,-1,-1,-1,-1
2017420154377,2,9,0,18,0,0,0,0,0,0,4,1,5,2,22,5,875,1,6,9,1,9
2017420154381,1,19,0,9,0,8,0,0,0,0,1,1,1,1,25,5,2198,2,3,4,1,4
2017420154381,2,9,0,18,0,1,0,0,0,0,3,1,6,2,40,7,1686,2,3,5,3,5
2017420154381,3,19,0,18,0,2,0,0,0,0,4,1,2,1,47,8,1461,2,3,7,3,7
2017420154381,4,9,0,18,0,1,0,0,0,0,2,1,6,1,29,6,1598,1,8,2,1,2
2017420154385,1,9,0,7,0,8,0,0,0,0,4,1,5,2,22,5,1242,1,4,1,1,1
2017420154385,2,5,0,18,0,8,0,0,0,0,3,1,6,1,21,5,598,1,20,-1,-1,-1
2017420154389,1,9,0,7,0,6,0,0,0,0,1,1,1,1,41,7,2295,1,16,1,1,1
2017420154389,2,19,0,18,0,1,0,0,0,0,4,1,1,1,44,7,2461,2,9,4,1,4
2017420154391,1,9,0,16,0,0,0,12,8,0,1,1,5,1,82,11,1198,1,3,10,1,10
2017420154392,1,9,0,9,0,8,0,0,0,0,1,1,5,2,18,4,1198,1,1,5,1,5
2017420154392,2,9,0,18,0,8,0,0,1,1,1,1,5,2,35,6,-1,-1,-1,7,2,7
2017420154400,1,3,0,4,0,1,2,0,0,0,1,1,5,1,22,5,125,1,1,4,3,4
2017420154400,2,9,0,9,0,1,0,0,0,0,2,1,6,1,32,6,1870,2,13,3,3,3
2017420154400,3,9,0,9,0,8,0,0,0,0,1,1,5,2,78,11,996,1,4,7,1,7
2017420154435,1,9,0,18,0,0,2,0,1,0,1,1,5,2,24,5,1390,1,7,6,3,6
2017420154441,1,9,0,9,0,5,0,0,0,0,1,1,5,2,72,10,998,1,4,10,2,10
2017420154441,2,9,0,18,0,8,0,0,0,0,1,1,5,2,27,6,999,1,3,10,1,10
2017420154444,1,19,0,4,0,8,1,0,0,0,1,1,1,1,41,7,2148,2,10,4,1,4
2017420154444,2,9,0,10,0,5,0,0,0,0,3,1,2,1,48,8,2188,2,12,9,3,9
2017420154448,1,9,0,18,0,1,1,0,0,0,1,1,6,2,39,7,2495,2,15,6,3,6
2017420154448,2,9,0,10,0,1,0,0,0,0,2,1,6,2,38,7,2993,2,4,7,3,7
2017420154448,3,9,0,18,0,1,0,0,0,0,1,1,6,1,19,4,1388,1,15,6,2,6
2017420154471,1,9,0,18,0,0,0,0,0,0,1,1,6,1,-1,-1,1598,1,19,-1,-1,-1
2017420154471,2,9,0,18,0,0,0,0,7,0,1,1,2,1,54,8,1242,1,3,5,3,5
2017420154479,1,9,0,17,0,0,1,0,0,0,1,1,6,1,18,4,1390,1,16,5,1,5
2017420154479,2,9,0,18,0,0,0,0,0,0,1,1,5,1,36,7,1968,2,9,5,1,5
2017420154481,1,9,0,18,0,0,0,0,0,0,0,1,6,1,18,4,-1,-1,-1,-1,-1,-1
2017420154481,2,9,0,18,0,0,0,0,4,6,4,1,5,2,20,4,1229,1,10,2,1,2
2017420154481,3,9,0,18,0,0,0,0,1,7,1,1,6,2,26,6,998,1,-1,2,1,2
2017420154482,1,9,0,18,0,1,0,0,0,0,1,1,5,1,21,5,998,1,3,8,1,8
2017420154482,2,9,0,18,0,8,0,0,0,0,1,1,5,1,53,8,1364,1,10,2,1,2
2017420154485,1,9,0,18,0,1,0,0,0,0,1,1,2,2,44,7,1198,1,6,1,1,1
2017420154497,1,1,0,9,0,1,0,0,0,0,1,1,5,1,40,7,-1,-1,-1,5,1,5
2017420154504,1,9,0,9,0,0,1,0,7,0,4,1,2,2,18,4,1299,1,13,4,1,4
2017420154504,2,9,0,18,0,0,0,0,0,0,1,1,6,1,33,6,1242,1,20,3,1,3
2017420154696,1,9,0,18,0,1,0,0,0,0,1,1,2,1,30,6,1997,2,9,2,1,2
2017420154696,2,9,0,10,0,8,0,0,0,0,2,1,2,2,26,6,998,1,6,5,3,5
2017420154760,1,21,1,18,0,0,0,0,0,0,1,1,1,1,36,7,12740,2,3,5,1,5
2017420154760,2,20,1,18,0,0,1,0,0,0,2,1,1,1,49,8,6700,2,2,5,1,5
2017420154760,3,21,1,18,0,0,0,0,0,0,2,1,1,1,50,8,7146,2,6,1,1,1
2017420154760,4,9,0,18,0,0,0,0,0,0,4,1,1,1,32,6,1598,2,1,6,1,6
2017420154771,1,9,0,18,0,0,0,0,0,0,1,1,6,2,37,7,1995,2,10,5,1,5
2017420154771,2,9,0,3,0,0,0,0,0,0,2,1,6,1,24,5,998,1,1,8,1,8
2017420154771,3,9,0,3,0,0,0,0,0,0,2,1,6,2,24,5,1364,1,13,1,2,1
2017420154771,4,9,0,3,0,0,0,0,0,0,2,1,6,1,41,7,-1,-1,-1,2,1,2
2017420154837,1,19,0,13,0,0,0,0,0,0,4,1,1,1,30,6,2198,2,3,2,1,2
2017420154837,2,1,0,18,0,0,0,0,1,0,2,1,6,1,20,4,-1,-1,-1,-1,-1,-1
2017420154838,1,9,0,9,0,6,0,0,0,0,1,1,6,2,76,11,998,1,14,5,2,5
2017420154838,2,9,0,10,0,8,0,0,0,0,3,1,6,2,51,8,3628,2,8,9,2,9
2017420154846,1,9,0,1,0,0,0,0,0,0,2,1,5,2,53,8,998,1,4,3,1,3
2017420154847,1,9,0,18,0,3,0,0,0,0,1,1,2,1,55,8,-1,-1,-1,4,1,4
2017420154847,2,1,0,9,0,6,0,0,0,0,1,1,6,1,14,3,-1,-1,-1,-1,-1,-1
2017420154849,1,9,0,18,0,3,0,0,0,0,1,1,5,2,28,6,1798,1,9,7,1,7
2017420154849,2,9,0,5,0,6,0,0,0,0,1,1,6,3,-1,-1,-1,-1,-1,-1,-1,-1
2017420154850,1,9,0,7,0,8,0,0,0,0,4,1,5,2,48,8,1199,1,16,5,1,5
2017420154852,1,21,1,18,0,0,0,0,0,0,1,2,1,1,33,6,12419,2,2,6,1,6
2017420154852,2,9,0,18,0,0,1,0,0,0,4,1,5,1,51,8,1995,2,5,2,1,2
2017420154852,3,9,0,18,0,0,0,0,0,0,1,1,6,1,63,9,1969,2,1,7,1,7
2017420154853,1,9,0,9,0,4,0,0,0,0,1,1,5,1,37,7,2993,2,5,6,1,6
2017420154853,2,3,0,17,0,8,0,0,0,0,4,1,2,2,27,6,125,1,5,8,1,8
2017420154854,1,9,0,6,0,0,0,0,0,0,3,1,2,1,48,8,-1,-1,-1,8,3,8
2017420154854,2,3,0,14,0,0,0,0,0,0,4,1,2,1,45,7,125,1,10,8,1,8
2017420154860,1,21,1,12,0,0,0,0,0,0,3,2,1,1,40,7,-1,-1,-1,-1,-1,-1
2017420154860,2,9,0,18,0,0,1,0,0,0,4,1,5,2,54,8,1198,1,12,5,3,5
2017420154861,1,9,0,18,0,1,0,0,1,11,3,1,6,1,21,5,1598,2,2,7,1,7
2017420154861,2,11,0,5,0,2,0,0,0,0,3,1,1,1,41,7,4250,2,15,10,1,10
2017420155000,1,9,0,18,0,0,0,0,4,0,1,1,5,1,50,8,1560,2,12,-1,-1,-1
2017420155000,2,9,0,4,0,0,0,0,4,0,2,1,6,1,31,6,1968,2,1,9,1,9
2017420155000,3,9,0,4,0,0,0,0,0,0,2,1,6,1,60,9,2143,2,3,3,1,3
2017420155037,1,9,0,9,0,8,0,0,0,0,1,1,5,1,20,4,1994,1,15,5,1,5
2017420155037,2,9,0,18,0,1,0,0,1,0,1,1,5,2,26,6,998,1,3,4,1,4
2017420155083,1,19,0,17,0,0,1,0,1,0,1,1,1,1,30,6,2299,2,5,7,3,7
2017420155097,1,9,0,18,0,4,0,0,0,0,1,1,5,1,75,10,2493,1,14,1,1,1
2017420155097,2,1,0,11,0,3,0,0,0,0,2,1,5,1,23,5,-1,-1,-1,5,1,5
2017420155152,1,9,0,4,0,1,0,0,0,0,1,1,6,1,35,6,2993,2,11,1,1,1
2017420155152,2,9,0,4,0,1,0,0,0,0,3,1,5,1,43,7,2993,2,10,4,1,4
2017420155155,1,3,0,7,0,1,0,0,0,0,1,1,5,1,22,5,124,1,8,3,1,3
2017420155155,2,9,0,18,0,1,0,0,0,0,1,1,1,2,62,9,1560,2,5,3,1,3
2017420155275,1,9,0,18,0,1,0,0,0,0,1,1,6,2,18,4,1388,1,11,8,1,8
2017420155275,2,9,0,7,0,1,0,0,0,0,2,1,6,2,43,7,1364,1,9,5,3,5
2017420155281,1,9,0,18,0,1,1,4,0,0,3,1,5,2,43,7,1399,2,10,1,1,1
2017420155281,2,9,0,5,0,1,0,0,0,0,1,1,6,1,46,8,1390,1,10,9,1,9
2017420155281,3,19,0,2,0,1,0,0,0,0,2,1,6,3,-1,-1,-1,-1,-1,-1,-1,-1
2017420155281,4,19,0,2,0,1,0,0,0,0,2,1,6,3,-1,-1,-1,-1,-1,-1,-1,-1
2017420155281,5,19,0,2,0,1,0,0,0,0,2,1,6,3,-1,-1,-1,-1,-1,-1,-1,-1
2017420155283,1,9,0,18,0,8,0,0,0,0,1,1,5,1,71,10,1242,1,2,4,1,4
2017420155283,2,9,0,18,0,8,0,0,0,0,4,1,5,1,55,8,2993,2,7,4,1,4
2017420155286,1,9,0,9,0,8,0,0,0,0,3,1,5,2,69,10,998,1,11,9,1,9
2017420155286,2,2,0,18,0,1,0,0,0,0,1,1,6,1,16,4,49,1,8,4,1,4
2017420155288,1,9,0,18,0,0,0,0,0,0,1,1,5,2,20,4,1124,1,12,1,1,1
2017420155288,2,9,0,4,0,0,0,0,0,0,1,1,5,1,63,9,1395,1,2,9,3,9
2017420155291,1,9,0,18,0,8,0,0,0,0,2,1,6,1,28,6,1781,1,15,10,1,10
2017420155291,2,1,0,18,0,8,0,0,0,0,2,1,6,1,33,6,-1,-1,-1,10,1,10
2017420155302,1,9,0,5,0,1,0,0,0,0,1,1,5,1,27,6,1995,1,10,9,1,9
2017420155417,1,9,0,16,0,0,0,7,0,0,1,1,5,1,77,11,1596,1,15,10,3,10
2017420155446,1,19,0,18,0,0,0,0,0,0,1,1,2,1,48,8,1461,2,3,3,1,3
2017420155446,2,9,0,18,0,0,0,0,0,0,1,1,2,1,60,9,1896,2,12,2,1,2
2017420155446,3,9,0,3,0,0,0,0,0,0,2,1,2,1,48,8,3189,1,12,2,1,2
2017420155509,1,9,0,18,0,0,0,0,7,0,1,1,5,1,37,7,2198,2,3,1,1,1
2017420155526,1,19,0,5,0,6,0,0,0,0,1,1,5,1,72,10,2402,2,6,8,1,8
2017420155526,2,9,0,14,0,1,0,0,0,0,3,1,5,2,27,6,1248,2,1,4,2,4
2017420155568,1,9,0,5,0,8,0,0,0,0,1,1,5,2,70,10,1999,1,3,5,1,5
2017420155568,2,9,0,18,0,8,1,10,0,0,3,1,5,2,53,8,1997,2,14,6,1,6
2017420155629,1,22,0,18,9,0,0,0,0,0,1,1,6,1,78,11,-1,-1,-1,1,1,1
2017420155629,2,21,0,4,0,0,0,0,0,0,3,1,1,1,67,10,11705,2,9,4,1,4
2017420155648,1,9,0,18,0,0,0,0,0,0,1,1,5,2,34,6,2497,1,11,2,1,2
2017420155656,1,9,0,9,0,8,0,0,0,0,1,1,5,1,83,11,1461,2,12,5,2,5
2017420155656,2,1,0,10,0,8,0,0,0,0,1,1,5,1,60,9,-1,-1,-1,5,1,5
2017420155666,1,9,0,18,0,2,0,0,0,0,1,1,1,1,68,10,1997,2,3,7,1,7
2017420155666,2,9,0,18,0,2,0,0,0,0,1,1,6,1,23,5,1988,1,17,5,1,5
2017420155683,1,9,0,12,0,0,0,0,1,0,3,1,5,1,20,4,1248,2,8,8,1,8
2017420155683,2,19,0,18,0,0,0,0,0,0,4,1,1,1,64,9,1753,2,7,6,1,6
2017420155686,1,9,0,8,0,2,0,0,0,0,1,1,1,2,23,5,998,1,1,4,1,4
2017420155686,2,9,0,18,0,1,0,0,0,0,4,1,6,2,83,11,998,1,2,10,1,10
2017420155952,1,19,0,4,0,1,0,0,0,0,1,1,1,1,24,5,2198,2,1,10,1,10
2017420155952,2,9,0,3,0,1,0,0,0,0,2,1,6,2,36,7,1598,2,6,3,1,3
2017420155964,1,9,0,18,0,0,0,0,0,0,1,1,5,1,71,10,1896,2,14,6,1,6
2017420156010,1,9,0,8,0,1,0,0,0,0,1,1,5,2,67,10,1590,1,20,9,1,9
2017420156010,2,9,0,3,0,1,0,0,0,0,2,1,5,1,52,8,998,1,1,9,2,9
2017420156013,1,9,0,18,0,3,0,0,0,0,1,1,6,1,20,4,1229,1,2,9,1,9
2017420156013,2,9,0,18,0,3,0,0,0,0,1,1,6,1,23,5,1339,1,10,7,1,7
2017420156014,1,11,0,14,0,0,0,4,0,0,1,1,1,1,44,7,7300,2,17,2,1,2
2017420156014,2,9,0,2,0,0,0,0,0,0,4,1,6,3,-1,-1,-1,-1,-1,-1,-1,-1
2017420156017,1,9,0,17,0,0,0,0,0,0,1,1,6,1,64,9,1997,2,7,8,3,8
2017420156017,2,9,0,16,0,0,0,0,0,0,1,1,2,2,54,8,1598,2,1,-1,-1,-1
2017420156275,1,9,0,13,0,0,0,0,0,0,1,1,2,2,40,7,-1,-1,-1,-1,-1,-1
2017420156275,2,19,0,18,0,0,0,0,0,0,1,1,1,1,37,7,1753,2,6,8,1,8
2017420156359,1,19,0,18,0,1,1,0,0,0,1,1,1,1,49,8,2198,2,3,9,1,9
2017420156359,2,1,0,18,9,6,0,0,0,0,3,1,6,1,34,6,-1,-1,-1,3,1,3
2017420156364,1,9,0,18,0,4,0,0,0,0,1,1,5,1,67,10,3150,2,18,4,1,4
2017420156364,2,1,0,18,0,3,0,0,0,0,4,1,6,2,33,6,-1,-1,-1,4,1,4
2017420156366,1,9,0,3,0,2,0,0,0,0,1,1,5,2,79,11,1275,1,20,7,1,7
2017420156366,2,9,0,18,0,1,0,0,0,0,1,1,5,1,34,6,1995,1,9,2,1,2
2017420156377,1,9,0,9,0,8,0,0,1,0,1,1,6,2,68,10,1596,1,11,6,3,6
2017420156377,2,9,0,18,0,1,0,0,0,0,1,1,6,1,17,4,1388,1,14,6,3,6
2017420156377,3,9,0,4,0,1,0,0,0,0,1,1,6,2,27,6,1242,1,3,6,2,6
2017420156380,1,9,0,18,0,0,0,0,0,0,1,1,6,1,54,8,1997,2,9,3,1,3
2017420156380,2,9,0,3,0,0,0,0,0,0,2,1,6,1,42,7,1560,2,2,7,1,7
2017420156390,1,9,0,17,0,8,1,0,0,0,1,1,2,1,25,5,1686,2,12,2,1,2
2017420156390,2,9,0,16,0,8,0,0,0,0,1,1,5,1,58,9,1896,2,15,4,3,4
2017420156393,1,19,0,18,0,0,0,0,1,0,1,1,2,1,54,8,1560,2,-1,1,1,1
2017420156400,1,19,0,17,0,0,2,0,1,9,1,1,6,1,19,4,1968,2,2,-1,-1,-1
2017420156420,1,9,0,9,0,0,0,0,0,0,1,1,2,2,18,4,998,1,8,10,1,10
2017420156420,2,3,0,18,0,0,5,0,0,0,1,1,5,1,20,4,-1,-1,-1,5,1,5
2017420156422,1,9,0,18,0,1,0,0,0,0,1,1,6,1,57,9,1299,1,14,3,1,3
2017420156422,2,9,0,3,0,1,0,0,0,0,2,1,6,2,18,4,1596,1,2,7,1,7
2017420156422,3,9,0,3,0,1,0,0,0,0,2,1,6,1,40,7,-1,-1,-1,7,1,7
2017420156423,1,9,0,9,0,6,0,0,0,0,3,1,5,2,32,6,1598,1,4,10,1,10
2017420156423,2,9,0,18,0,8,0,0,0,0,1,1,5,1,27,6,1686,2,4,8,1,8
2017420156433,1,9,0,5,0,2,0,0,0,0,1,1,5,1,28,6,1396,1,6,3,1,3
2017420156434,1,9,0,18,0,0,0,0,0,0,1,1,6,1,39,7,2967,2,3,10,1,10
2017420156436,1,9,0,18,0,0,0,0,0,0,2,1,5,2,22,5,1242,1,1,9,3,9
2017420156436,2,9,0,18,0,0,0,0,0,0,1,1,6,3,-1,-1,-1,-1,-1,-1,-1,-1
2017420156437,1,9,0,18,0,0,0,0,0,0,3,1,6,1,52,8,1769,1,13,6,1,6
2017420156458,1,9,0,5,8,6,0,0,0,0,1,1,6,2,19,4,1242,1,1,2,1,2
2017420156458,2,3,0,5,0,1,1,0,0,0,2,1,2,1,30,6,125,1,1,2,1,2
2017420156463,1,9,0,5,0,8,0,0,0,0,1,1,5,2,30,6,1299,1,17,8,1,8
2017420156463,2,9,0,18,0,1,0,0,0,0,1,1,6,2,24,5,1956,2,3,9,1,9
2017420156467,1,9,0,5,0,6,0,0,0,0,1,1,6,2,17,4,1242,1,8,-1,-1,-1
2017420156467,2,9,0,18,0,1,0,0,0,0,3,1,6,1,24,5,2521,1,11,9,1,9
2017420156474,1,9,0,18,0,1,0,4,0,0,1,1,6,1,18,4,1910,2,10,4,1,4
2017420156474,2,9,0,18,0,1,0,0,0,0,1,1,1,2,52,8,1499,2,2,-1,-1,-1