Accident_Index,Vehicle_Reference,Vehicle_Type,Towing_and_Articulation,Vehicle_Manoeuvre,Vehicle_Location-Restricted_Lane,Junction_Location,Skidding_and_Overturning,Hit_Object_in_Carriageway,Vehicle_Leaving_Carriageway,Hit_Object_off_Carriageway,1st_Point_of_Impact,Was_Vehicle_Left_Hand_Drive?,Journey_Purpose_of_Driver,Sex_of_Driver,Age_of_Driver,Age_Band_of_Driver,Engine_Capacity_(CC),Propulsion_Code,Age_of_Vehicle,Driver_IMD_Decile,Driver_Home_Area_Type,Vehicle_IMD_Decile
2017420162092,2,5,0,18,0,1,1,0,0,0,1,1,6,1,38,7,599,1,9,1,1,1
2017420162385,1,9,0,5,0,1,0,0,0,0,1,1,6,1,93,11,1997,1,14,9,1,9
2017420162385,2,9,0,18,0,1,0,0,0,0,1,1,6,2,64,9,998,1,4,6,1,6
2017420162466,1,9,0,10,0,1,0,0,0,0,1,1,6,2,70,10,1390,1,7,8,1,8
2017420162466,2,9,0,18,0,1,0,0,0,0,1,1,3,2,31,6,2143,2,3,6,1,6
2017420162468,1,9,0,9,0,0,0,0,0,0,1,1,6,1,65,9,3960,1,19,1,2,1
2017420162468,2,3,0,18,0,0,0,0,0,0,1,1,6,2,27,6,124,1,2,1,1,1
2017420162474,1,9,0,5,8,0,0,0,0,0,1,1,5,2,35,6,1461,2,12,9,1,9
2017420162474,2,2,0,18,0,0,0,0,0,0,1,1,6,1,20,4,49,1,12,7,1,7
2017420162476,1,9,0,18,0,0,0,0,0,0,1,1,2,1,43,7,2477,2,12,2,1,2
2017420162478,1,19,0,4,0,0,1,0,0,0,1,1,5,1,36,7,2402,2,6,1,1,1
2017420162478,2,19,0,4,0,0,0,0,0,0,2,1,1,1,28,6,2198,2,4,1,1,1
2017420162506,1,9,0,6,0,8,0,0,0,0,3,1,2,1,28,6,1595,1,12,2,1,2
2017420162506,2,9,0,18,0,8,0,0,0,0,1,1,6,2,44,7,1560,2,2,7,3,7
2017420162518,1,9,0,18,0,0,0,4,0,0,1,1,5,1,86,11,1242,1,14,8,2,8
2017420162518,2,9,0,2,0,0,0,0,1,0,2,1,5,1,17,4,1598,2,3,-1,-1,-1
2017420162528,1,9,0,4,0,1,0,0,0,0,3,1,5,2,83,11,1248,1,7,6,2,6
2017420162536,1,9,0,7,0,1,0,0,0,0,3,1,6,2,19,4,1461,2,5,4,1,4
2017420162536,2,5,0,18,0,1,0,0,0,0,1,1,6,1,23,5,598,1,21,5,1,5
2017420162539,1,4,0,18,0,8,1,0,0,0,1,1,6,1,22,5,498,1,18,4,1,4
2017420162539,2,9,0,9,0,6,0,0,0,0,3,1,6,1,26,6,1598,2,6,4,1,4
2017420162540,1,9,0,18,0,0,0,0,0,0,1,1,2,1,22,5,1398,1,2,10,3,10
2017420162540,2,9,0,4,0,0,0,0,0,0,2,1,2,2,51,8,1496,2,2,3,1,3
2017420162564,1,9,0,13,0,1,0,0,7,0,1,1,5,1,43,7,1399,2,12,9,2,9
2017420162564,2,19,0,9,0,5,0,0,7,0,1,1,1,2,44,7,1560,2,2,6,3,6
2017420162600,1,9,0,9,0,8,0,0,0,0,1,1,6,1,31,6,1988,1,15,10,2,10
2017420162600,2,9,0,18,0,8,0,0,0,0,1,1,6,1,19,4,1242,1,9,5,3,5
2017420162610,1,9,0,6,0,0,0,0,0,0,1,1,6,1,27,6,1498,1,12,6,1,6
2017420162610,2,9,0,13,0,0,1,0,0,0,1,1,6,1,45,7,2979,1,16,8,2,8
2017420162610,3,21,1,2,6,0,0,0,0,0,3,1,6,3,-1,-1,-1,-1,-1,-1,-1,-1
2017420162612,1,9,0,18,0,0,0,0,0,0,3,1,5,1,92,11,1591,1,2,8,1,8
2017420162612,2,9,0,18,0,0,0,0,0,0,3,1,5,2,27,6,998,1,1,9,1,9
2017420162612,3,9,0,18,0,0,0,0,0,0,1,1,5,2,32,6,1390,1,10,6,1,6
2017420162620,1,9,0,18,0,8,2,0,0,0,3,1,5,1,26,6,4999,1,12,10,1,10
2017420162620,2,19,0,18,0,8,0,0,0,0,3,1,6,1,32,6,1248,2,2,7,1,7
2017420162830,1,5,0,14,0,0,0,0,0,0,4,1,6,1,60,9,1037,1,1,2,1,2
2017420162830,2,9,0,9,0,0,0,0,0,0,3,1,2,1,30,6,3628,2,9,3,2,3
2017420162877,1,9,0,18,0,0,0,0,0,0,1,1,2,2,43,7,2993,2,7,8,1,8
2017420162877,2,5,0,18,0,0,0,0,0,0,2,1,2,1,39,7,998,1,12,9,1,9
2017420162935,1,9,0,18,0,8,0,0,0,0,1,1,6,3,-1,-1,1596,1,12,-1,-1,-1
2017420162935,2,9,0,18,0,8,0,0,0,0,4,1,6,2,30,6,1299,1,15,2,1,2
2017420162955,1,21,1,11,0,0,0,0,0,0,1,1,1,1,58,9,12777,2,6,2,1,2
2017420162955,2,9,0,18,0,0,1,0,0,0,3,1,1,2,44,7,1984,1,7,7,1,7
2017420162965,1,9,0,9,0,8,0,0,0,0,1,1,5,1,94,11,1360,1,11,7,3,7
2017420162965,2,1,0,18,0,1,0,0,0,0,1,1,5,1,75,10,-1,-1,-1,8,1,8
2017420162970,1,9,0,5,0,4,0,0,0,0,1,1,6,1,79,11,1364,1,8,5,1,5
2017420162970,2,1,0,17,0,8,0,0,0,0,0,1,6,2,52,8,-1,-1,-1,4,1,4
2017420162972,1,9,0,16,0,0,0,0,0,0,0,1,6,3,20,4,-1,-1,-1,-1,-1,-1
2017420162972,2,9,0,18,0,0,1,10,1,0,1,1,5,1,23,5,-1,-1,-1,8,3,8
2017420162976,1,9,0,18,0,4,0,0,0,0,3,1,2,2,31,6,1197,1,7,-1,-1,-1
2017420162976,2,3,0,7,0,3,0,0,0,0,1,1,2,1,36,7,124,1,4,2,1,2
2017420163124,1,19,0,7,0,1,0,0,0,0,1,1,1,1,37,7,2143,2,4,4,1,4
2017420163124,2,1,0,18,0,1,0,0,0,0,1,1,6,2,58,9,-1,-1,-1,7,1,7
2017420163215,1,9,0,9,0,3,0,0,0,0,3,1,6,1,-1,-1,-1,-1,-1,-1,-1,-1
2017420163264,1,9,0,5,0,2,0,0,0,0,1,1,1,2,22,5,1360,1,12,3,1,3
2017420163264,2,19,0,18,0,1,0,0,0,0,1,1,1,1,50,8,1995,2,1,9,1,9
2017420163388,1,9,0,7,0,8,0,0,0,0,4,1,6,2,58,9,1999,1,7,4,1,4
2017420163388,2,2,0,15,0,8,0,0,0,0,3,1,4,2,17,4,50,1,11,4,3,4
2017420163397,1,9,0,5,0,1,0,0,0,0,1,1,1,2,23,5,1388,1,14,8,2,8
2017420163400,1,9,0,9,0,1,0,0,0,0,3,1,6,2,45,7,1596,1,10,5,1,5
2017420163400,2,9,0,18,0,1,0,0,0,0,4,1,6,2,39,7,1598,1,13,9,1,9
2017420163402,1,9,0,18,0,1,0,0,0,0,1,1,6,1,21,5,1299,1,15,1,1,1
2017420163402,2,9,0,4,0,1,0,0,0,0,2,1,6,2,37,7,1685,2,3,8,1,8
2017420163404,1,9,0,4,0,1,0,0,0,0,4,1,5,1,37,7,1598,1,10,4,1,4
2017420163409,1,9,0,9,0,8,0,0,3,0,1,1,6,1,89,11,2497,1,11,6,3,6
2017420163409,2,9,0,18,0,8,2,0,1,0,4,1,6,1,22,5,-1,-1,-1,9,3,9
2017420163411,1,9,0,17,0,8,0,0,0,0,1,1,5,1,24,5,1587,1,16,7,1,7
2017420163411,2,9,0,16,0,8,0,0,0,0,1,1,5,1,67,10,1360,1,16,8,1,8
2017420163467,1,1,0,18,0,0,0,0,0,0,3,1,4,1,14,3,-1,-1,-1,6,1,6
2017420163467,2,9,0,18,0,0,0,0,0,0,1,1,2,2,19,4,998,1,13,7,1,7
2017420163629,1,9,0,18,0,0,0,0,0,0,1,1,6,2,29,6,1598,1,11,3,1,3
2017420163629,2,9,0,4,0,0,0,0,0,0,2,1,2,2,26,6,1248,2,6,9,2,9
2017420163629,3,9,0,4,0,0,0,0,0,0,2,1,2,2,46,8,1596,1,15,6,1,6
2017420163659,1,9,0,18,0,0,1,0,0,0,1,1,5,1,30,6,2000,2,13,9,1,9
2017420163659,2,19,0,3,0,0,0,0,0,0,2,1,2,1,50,8,1996,2,3,6,1,6
2017420163659,3,9,0,3,0,0,0,0,0,0,2,1,5,1,70,10,1248,1,5,2,1,2
2017420163669,1,9,0,3,0,0,0,0,0,0,1,1,6,3,-1,-1,2157,1,18,-1,-1,-1
2017420163669,2,9,0,3,0,0,0,0,0,0,2,1,6,1,35,6,1968,2,9,5,1,5
2017420163781,1,9,0,5,0,0,0,0,0,0,1,1,6,2,27,6,1598,1,5,4,1,4
2017420163787,1,9,0,5,0,4,0,0,0,0,1,1,6,2,61,9,1248,1,3,7,3,7
2017420163787,2,9,0,7,0,3,0,0,0,0,4,1,6,2,63,9,1198,1,5,1,1,1
2017420163800,1,9,0,5,8,1,0,0,0,0,1,1,6,1,72,10,1798,1,9,7,1,7
2017420163800,2,1,0,18,5,1,0,0,0,0,1,1,1,1,33,6,-1,-1,-1,-1,-1,-1
2017420163812,1,9,0,4,0,1,0,0,0,0,1,1,5,1,61,9,1329,1,7,5,1,5
2017420163812,2,1,0,18,0,1,0,0,0,0,4,1,5,1,20,4,-1,-1,-1,-1,-1,-1
2017420163893,1,9,0,11,0,3,0,0,0,0,4,1,6,2,49,8,1997,2,5,9,1,9
2017420163893,2,5,0,18,0,3,0,0,0,0,3,1,6,1,57,9,953,1,13,6,1,6
2017420163897,1,9,0,18,0,8,0,0,0,0,1,1,6,1,18,4,1299,1,16,-1,-1,-1
2017420163897,2,9,0,18,0,8,1,0,0,0,3,1,2,2,53,8,1229,1,5,4,1,4
2017420163919,1,9,0,1,0,8,0,0,0,0,2,1,6,1,89,11,1339,1,7,6,2,6
2017420163927,1,9,0,18,0,0,0,0,0,0,1,1,5,1,67,10,2985,2,12,2,1,2
2017420163927,2,9,0,3,0,0,0,0,0,0,2,1,2,1,18,4,999,1,1,8,1,8
2017420163928,1,19,0,15,0,0,5,4,0,0,1,1,6,1,25,5,1399,2,8,10,1,10
2017420163928,2,9,0,2,0,0,0,0,0,0,4,1,6,3,-1,-1,-1,-1,-1,-1,-1,-1
2017420163936,1,19,0,18,0,8,0,0,0,0,1,1,1,1,33,6,1560,2,2,4,1,4
2017420163936,2,9,0,9,0,8,0,0,0,0,4,1,5,2,24,5,1299,1,15,4,2,4
2017420163936,3,9,0,8,0,1,0,0,0,0,3,1,5,2,43,7,1560,2,7,6,1,6
2017420163939,1,9,0,18,0,0,1,0,7,0,1,1,5,2,24,5,1598,1,13,8,1,8
2017420163942,1,97,0,18,9,0,0,0,0,0,1,1,6,1,17,4,-1,-1,-1,-1,-1,-1
2017420164327,1,21,1,4,0,1,0,0,0,0,1,1,1,1,27,6,12777,2,4,2,1,2
2017420164327,2,9,0,3,0,1,0,0,0,0,2,1,2,2,35,6,1995,2,1,7,1,7
2017420164329,1,9,0,18,0,0,0,0,7,0,1,1,6,2,22,5,1149,1,15,3,1,3
2017420164365,1,9,0,18,0,1,0,0,1,0,1,1,6,1,64,9,1461,2,6,3,1,3
2017420164365,2,9,0,3,0,1,0,0,0,0,2,1,6,1,49,8,-1,-1,-1,2,1,2
2017420164365,3,90,1,3,0,1,0,0,0,0,2,1,1,1,41,7,-1,-1,-1,-1,-1,-1
2017420164374,1,9,0,4,0,1,0,0,0,0,1,1,5,2,48,8,1242,1,1,10,1,10
2017420164374,2,9,0,3,0,1,0,0,0,0,2,1,5,1,28,6,999,1,1,3,1,3
2017420164374,3,9,0,3,0,1,0,0,0,0,2,1,6,2,29,6,1242,1,2,6,1,6
2017420164376,1,9,0,18,0,0,0,0,0,0,1,1,6,3,-1,-1,-1,-1,-1,-1,-1,-1
2017420164378,1,9,0,3,0,2,0,0,0,0,1,1,6,1,67,10,1560,2,3,10,1,10
2017420164378,2,9,0,3,0,2,0,0,0,0,2,1,6,2,52,8,1598,1,13,10,1,10
2017420164398,1,9,-1,18,0,1,0,0,0,0,1,1,6,1,-1,-1,-1,-1,-1,-1,-1,-1
2017420164398,2,9,-1,8,0,1,0,0,0,0,2,1,6,2,23,5,1596,1,14,10,1,10
2017420164602,1,19,0,9,0,5,0,0,0,0,0,1,1,1,52,8,2143,2,2,4,1,4
2017420164602,2,9,0,17,0,1,0,0,0,0,1,1,3,1,43,7,1896,2,10,5,1,5
2017420164602,3,9,0,4,0,1,0,0,0,0,2,1,5,2,55,8,1364,1,3,7,3,7
2017420164641,1,9,0,9,0,5,0,0,0,0,1,1,2,1,44,7,2494,1,13,6,1,6
2017420164641,2,9,0,18,0,8,0,0,0,0,1,1,2,2,48,8,1388,1,9,2,1,2
2017420164648,1,9,-1,5,0,0,0,0,0,0,4,1,6,3,-1,-1,-1,-1,-1,-1,-1,-1
2017420164652,1,9,0,18,0,8,0,0,0,0,3,1,6,2,39,7,2980,2,21,3,1,3
2017420164652,2,9,0,9,0,8,0,0,0,0,1,1,6,2,55,8,1596,1,12,9,1,9
2017420164742,1,9,0,1,0,0,0,0,0,0,3,1,5,1,42,7,1796,1,10,4,1,4
2017420164742,2,9,0,18,0,0,0,0,0,0,1,1,2,1,54,8,1988,1,14,1,1,1
2017420164748,1,9,0,18,0,0,0,0,0,0,1,1,6,2,35,6,1896,2,15,6,3,6
2017420164748,2,9,0,4,0,0,0,0,0,0,2,1,6,2,42,7,-1,3,3,10,3,10
2017420164767,1,9,0,18,0,0,1,0,0,0,1,1,6,2,40,7,1598,1,13,7,2,7
2017420164767,2,9,0,2,0,0,0,0,0,0,2,1,6,3,-1,-1,-1,-1,-1,-1,-1,-1
2017420164795,1,9,0,18,0,0,0,0,0,0,1,1,6,3,-1,-1,-1,-1,-1,-1,-1,-1
2017420164805,1,9,0,18,0,0,0,0,0,0,1,1,3,2,44,7,1870,2,16,4,1,4
2017420164805,2,1,0,18,0,0,0,0,0,0,2,1,4,1,14,3,-1,-1,-1,7,1,7
2017420164814,1,9,0,18,0,0,0,0,7,0,1,1,5,1,44,7,1396,1,10,6,2,6
2017420164816,1,9,0,18,0,0,0,0,1,0,1,1,5,1,41,7,1388,1,8,9,2,9
2017420164818,1,1,0,18,0,0,0,0,0,0,3,1,6,2,14,3,-1,-1,-1,4,3,4
2017420164818,2,9,0,18,0,0,0,0,0,0,4,1,5,2,68,10,998,1,6,4,1,4
2017420164830,1,9,0,18,0,1,0,0,0,0,1,1,5,2,24,5,1242,1,13,2,1,2
2017420164830,2,2,0,18,0,3,0,0,0,0,1,1,1,1,39,7,49,1,6,3,1,3
2017420164831,1,9,0,18,0,3,0,0,0,0,1,1,6,1,30,6,-1,-1,-1,7,1,7
2017420164831,2,9,0,3,0,2,0,0,0,0,2,1,6,2,27,6,1388,1,14,7,1,7
2017420164841,1,9,0,3,0,1,0,0,0,0,3,1,6,2,29,6,1560,2,4,1,1,1
2017420164841,2,9,0,18,0,2,2,0,1,0,3,1,1,1,27,6,1461,2,3,4,1,4
2017420164845,1,5,0,15,0,1,5,0,0,0,1,1,1,1,38,7,998,1,6,5,1,5
2017420164845,2,19,0,9,0,2,0,0,0,0,3,1,1,2,25,5,1560,2,3,5,1,5
2017420164846,1,9,0,7,0,7,2,0,1,0,1,1,6,1,32,6,1599,1,14,6,1,6
2017420164858,1,9,0,12,0,0,0,0,0,0,4,1,6,2,18,4,1149,1,13,-1,-1,-1
2017420164858,2,9,0,18,0,0,1,0,0,0,3,1,6,1,39,7,1896,2,14,8,1,8
2017420164859,1,8,0,18,0,1,2,0,5,0,3,1,1,1,42,7,1997,2,5,-1,1,-1
2017420164863,1,9,0,14,0,0,0,0,0,0,4,1,4,1,18,4,1248,2,10,6,3,6
2017420164871,1,9,0,18,0,0,0,0,0,0,1,1,5,1,45,7,2998,1,1,7,1,7
2017420164872,1,9,0,9,0,6,0,0,0,0,1,1,6,1,32,6,-1,-1,-1,10,2,10
2017420164872,2,9,0,18,0,1,0,0,0,0,1,1,6,1,58,9,1390,1,8,9,1,9
2017420164958,1,9,0,3,0,1,0,0,0,0,2,1,3,1,49,8,1596,1,15,2,1,2
2017420164958,2,9,0,3,0,4,0,0,0,0,1,1,6,3,-1,-1,-1,-1,-1,-1,-1,-1
2017420164965,1,9,0,3,0,0,0,0,0,0,1,1,5,2,37,7,1997,1,14,6,1,6
2017420164969,1,2,0,5,0,4,0,0,0,0,1,1,6,2,16,4,49,1,2,5,1,5
2017420164969,2,1,0,17,0,4,0,0,0,0,1,1,6,1,22,5,-1,-1,-1,6,1,6
2017420165034,1,1,0,9,0,1,0,0,0,0,3,1,4,1,15,3,-1,-1,-1,6,1,6
2017420165034,2,11,0,18,0,1,0,0,0,0,1,1,1,1,40,7,7300,2,12,9,3,9
2017420165068,1,9,0,4,0,1,0,0,0,0,1,1,6,1,58,9,1685,2,2,6,1,6
2017420165068,2,5,0,3,0,1,0,0,0,0,2,1,6,2,56,9,-1,-1,-1,6,1,6
2017420165093,1,9,0,4,0,1,0,0,0,0,1,1,6,2,25,5,-1,-1,-1,-1,-1,-1
2017420165093,2,1,0,5,0,2,5,0,0,0,1,1,4,1,11,3,-1,-1,-1,2,1,2
2017420165139,1,19,4,18,0,0,0,0,0,0,4,1,1,1,46,8,2143,2,2,8,1,8
2017420165139,2,21,1,18,0,0,1,0,0,0,3,1,1,1,45,7,12419,2,1,2,1,2
2017420165139,3,19,0,3,0,0,0,0,0,0,3,1,1,1,36,7,2198,2,10,7,3,7
2017420165139,4,19,0,3,0,0,0,0,0,0,4,1,1,1,45,7,1598,2,2,7,3,7
2017420165139,5,19,0,3,0,0,0,0,0,0,0,1,1,1,38,7,1560,2,3,7,1,7
2017420165139,6,9,0,3,0,0,0,0,0,0,0,1,2,1,46,8,1349,1,5,10,1,10
2017420165146,1,98,0,8,0,0,0,0,0,0,1,1,5,1,53,8,-1,-1,-1,6,1,6
2017420165146,2,9,0,9,0,0,0,0,0,0,1,1,3,1,49,8,1597,1,14,10,1,10
2017420165266,1,9,0,16,0,0,0,0,0,0,1,1,5,2,21,5,1388,1,13,-1,-1,-1
2017420165266,2,9,0,17,0,0,0,0,0,0,3,1,5,1,72,10,1910,2,9,6,1,6
2017420165267,1,9,0,18,0,0,0,0,0,0,1,1,5,2,54,8,1242,1,17,6,1,6
2017420165267,2,9,0,18,0,0,0,0,0,0,1,1,5,2,43,7,1596,1,5,3,1,3
2017420165268,1,9,0,4,0,1,0,0,0,0,1,1,5,2,85,11,1388,1,14,5,2,5
2017420165268,2,9,0,3,0,1,0,0,0,0,2,1,5,1,70,10,1798,1,12,7,1,7
2017420165383,1,9,0,18,0,0,0,0,0,0,3,1,6,1,49,8,1398,1,4,2,1,2
2017420165383,2,9,0,18,0,0,0,0,0,0,3,1,6,3,-1,-1,-1,-1,-1,-1,-1,-1
2017420165630,1,19,0,18,0,2,0,0,0,0,1,1,6,3,17,4,-1,-1,-1,-1,-1,-1
2017420165691,1,9,0,18,0,0,0,0,0,0,1,1,6,2,73,10,1229,1,7,7,3,7
2017420165691,2,19,0,10,0,0,0,0,0,0,2,1,5,1,62,9,1248,2,10,3,1,3
2017420165693,1,20,0,18,0,8,0,0,0,0,1,1,6,1,52,8,4250,2,6,6,3,6
2017420165693,2,9,0,4,0,8,0,0,0,0,2,1,1,2,33,6,1400,1,10,8,1,8
2017420165726,1,9,0,9,0,6,0,0,0,0,3,1,3,2,40,7,1364,1,8,5,1,5
2017420165726,2,9,0,18,0,1,0,0,0,0,1,1,3,2,42,7,1499,2,2,6,2,6
2017420165727,1,19,0,13,0,0,0,0,0,0,4,1,6,1,48,8,2287,2,10,7,1,7
2017420165727,2,1,0,18,0,0,5,0,0,0,3,1,5,1,73,10,-1,-1,-1,6,1,6
2017420165730,1,9,0,18,0,0,1,0,0,0,1,1,5,1,25,5,1275,1,21,3,1,3
2017420165730,2,9,0,2,0,0,0,0,0,0,1,1,6,3,-1,-1,-1,-1,-1,-1,-1,-1
2017420165730,3,9,0,2,0,0,0,0,0,0,1,1,6,3,-1,-1,-1,-1,-1,-1,-1,-1
2017420165731,1,9,0,7,0,7,0,0,1,0,1,1,5,2,19,4,998,1,7,4,1,4
2017420166083,1,9,0,1,0,0,0,0,0,0,2,1,5,1,90,11,1388,1,13,4,1,4
2017420166237,1,1,0,18,0,0,0,0,0,0,4,1,2,1,26,6,-1,-1,-1,4,1,4
2017420166237,2,9,0,18,0,0,0,0,0,0,1,1,6,1,34,6,1896,2,13,6,1,6
2017420166243,1,9,0,18,0,0,0,0,0,0,1,1,6,3,-1,-1,1242,1,15,-1,-1,-1
2017420166243,2,9,0,3,0,0,0,0,0,0,2,1,6,2,45,7,1499,2,1,-1,-1,-1
2017420166243,3,9,0,3,0,0,0,0,0,0,2,1,5,1,52,8,2496,2,13,5,1,5
2017420166246,1,5,0,18,0,7,1,0,0,0,4,1,2,1,31,6,998,1,1,4,1,4
2017420166248,1,9,0,18,0,4,0,0,0,0,3,1,5,2,48,8,1242,1,1,4,1,4
2017420166248,2,9,0,11,0,3,2,0,0,0,4,1,5,2,21,5,1299,1,16,7,1,7
2017420166287,1,9,0,9,0,8,0,0,0,0,1,1,5,1,82,11,1994,2,12,9,1,9
2017420166373,1,9,0,17,0,8,0,0,0,0,1,1,5,1,29,6,1248,2,10,-1,-1,-1
2017420166373,2,9,0,16,0,8,0,0,0,0,1,1,1,1,57,9,-1,-1,-1,8,2,8
2017420166668,1,8,0,5,0,1,0,0,0,0,1,1,1,1,75,10,2993,2,12,8,2,8
2017420166668,2,1,0,18,0,1,0,0,0,0,1,1,1,1,24,5,-1,-1,-1,5,1,5
2017420166673,1,19,0,18,0,0,0,0,1,0,1,1,6,1,26,6,2148,2,11,-1,-1,-1
2017420166674,1,9,0,7,0,6,0,0,0,0,1,1,2,1,41,7,2597,1,14,8,1,8
2017420166674,2,9,0,13,0,1,0,0,0,0,1,1,2,1,37,7,1995,2,11,-1,1,-1
2017420166795,1,9,0,9,0,0,0,0,0,0,4,1,1,1,58,9,2982,2,4,5,3,5
2017420166795,2,9,0,18,0,0,5,0,1,9,3,1,1,1,27,6,2993,2,6,10,1,10
2017420166795,3,9,0,3,0,0,0,0,0,0,1,1,1,2,37,7,1242,1,3,6,3,6
2017420166847,1,9,0,16,0,0,0,0,7,0,3,1,1,1,39,7,1368,1,4,5,3,5
2017420166847,2,9,0,16,0,0,0,0,0,0,0,1,6,3,40,7,-1,-1,-1,-1,-1,-1
2017420167011,1,9,0,9,0,0,0,0,0,0,1,1,6,1,92,11,1995,2,3,8,1,8
2017420167011,2,5,0,18,0,0,5,0,7,0,4,1,6,1,40,7,1300,1,15,1,1,1
2017420167045,1,9,0,18,0,1,0,0,0,0,1,1,5,2,56,9,1395,1,3,6,1,6
2017420167046,1,9,0,18,0,0,0,0,0,0,2,1,1,1,63,9,2967,2,5,3,1,3
2017420167046,2,9,0,4,0,0,0,0,0,0,2,1,5,2,75,10,1598,1,10,9,1,9
2017420167046,3,9,0,4,0,0,0,0,0,0,2,1,5,2,46,8,1388,1,7,7,1,7
2017420167046,4,9,0,4,0,0,1,0,0,0,1,1,1,1,44,7,1248,2,5,6,1,6
2017420167046,5,9,4,18,0,0,0,0,0,0,1,1,5,1,65,9,1587,1,13,7,3,7
2017420167047,1,11,0,18,0,0,0,0,0,0,4,1,1,1,67,10,6700,2,1,7,1,7
2017420167049,1,9,0,12,0,2,0,0,0,0,3,1,1,1,51,8,1968,2,2,8,3,8
2017420167049,2,19,0,18,0,1,0,0,0,0,2,1,1,1,34,6,-1,-1,-1,6,3,6
2017420167055,1,9,0,18,0,0,0,0,0,0,1,1,6,1,40,7,1242,1,15,5,1,5
2017420167055,2,9,0,3,0,0,0,0,0,0,3,1,6,1,31,6,1896,2,15,-1,-1,-1
2017420167055,3,10,0,3,0,0,0,0,0,0,4,1,6,2,39,7,-1,-1,-1,1,1,1
2017420167057,1,9,0,18,0,0,0,0,0,0,1,1,5,1,20,4,1398,1,2,4,1,4
2017420167057,2,9,0,18,0,0,0,0,0,0,2,1,5,2,42,7,1598,1,9,10,1,10
2017420167057,3,9,0,18,0,0,0,0,0,0,0,1,5,1,34,6,1998,1,5,10,2,10
2017420167068,1,3,0,18,0,3,0,0,0,0,1,1,6,1,18,4,125,1,10,5,1,5
2017420167068,2,9,0,18,0,3,0,0,0,0,3,1,6,1,47,8,2987,2,5,7,3,7
2017420167078,1,9,0,9,0,4,5,9,5,0,3,1,5,1,38,7,1997,2,18,4,1,4
2017420167117,1,5,0,16,0,2,5,4,0,0,1,1,5,1,20,4,645,1,6,2,1,2
2017420167117,2,9,0,3,0,2,0,0,0,0,3,1,5,1,74,10,2993,2,8,7,2,7
2017420167117,3,9,0,18,0,2,0,0,0,0,1,1,5,1,62,9,1998,1,12,5,3,5
2017420167144,1,9,0,9,0,0,0,0,1,0,1,1,6,1,21,5,1461,2,14,6,1,6
2017420167144,2,9,0,18,0,0,0,0,0,0,1,1,2,2,25,5,1368,1,4,8,1,8
2017420167144,3,9,0,2,9,0,0,0,0,0,2,1,6,3,-1,-1,-1,-1,-1,-1,-1,-1
2017420167155,1,9,0,18,0,2,0,0,0,0,4,1,5,2,34,6,1968,2,4,4,1,4
2017420167159,1,90,0,9,0,0,0,0,0,0,4,1,1,1,48,8,-1,-1,-1,4,1,4
2017420167159,2,5,0,18,0,0,0,0,0,0,1,1,5,1,54,8,899,1,18,8,2,8
2017420167165,1,3,0,18,0,3,0,0,0,0,1,1,5,1,19,4,125,1,8,2,1,2
2017420167165,2,9,0,3,0,1,0,0,0,0,1,1,5,1,60,9,1991,2,12,3,1,3
2017420167165,3,9,0,3,0,1,0,0,0,0,0,1,1,1,39,7,1560,2,3,8,1,8
2017420167168,1,9,0,18,0,2,0,0,0,0,1,1,4,1,18,4,998,1,12,2,1,2
2017420167168,2,5,0,3,0,2,0,0,0,0,2,1,5,1,42,7,583,1,20,2,1,2
2017420167169,1,9,0,18,0,0,0,0,0,0,1,1,6,1,47,8,1998,2,13,3,1,3
2017420167169,2,9,0,3,0,0,0,4,0,0,2,1,5,2,60,9,1598,1,11,9,3,9
2017420167173,1,9,0,18,0,3,1,0,0,0,4,1,5,1,55,8,1896,2,12,1,1,1
2017420167175,1,5,0,16,0,0,0,0,0,0,1,1,5,1,27,6,599,1,10,3,1,3
2017420167175,2,9,0,18,0,0,0,0,1,0,1,1,5,2,69,10,1597,2,3,8,3,8
2017420167190,1,5,0,4,0,0,0,0,0,0,0,1,5,1,24,5,953,1,14,6,1,6
2017420167196,1,2,0,13,0,2,0,0,0,0,1,1,2,1,16,4,50,1,13,1,1,1
2017420167196,2,9,0,10,0,1,0,0,0,0,1,1,3,2,40,7,1461,2,3,3,1,3
2017420167201,1,9,0,14,0,0,0,0,0,0,1,1,5,2,25,5,1997,2,14,9,2,9
2017420167201,2,9,0,2,0,0,0,0,0,0,3,1,6,3,-1,-1,-1,-1,-1,-1,-1,-1
2017420167203,1,9,0,18,0,1,0,0,1,0,4,1,5,1,72,10,2143,2,3,10,1,10
2017420167203,2,9,0,18,0,1,5,0,1,0,3,1,5,2,32,6,1242,1,8,8,1,8
2017420167204,1,9,0,5,0,4,0,0,0,0,4,1,6,2,68,10,1598,1,16,9,1,9
2017420167204,2,1,0,18,0,3,0,0,0,0,1,1,6,1,55,8,-1,-1,-1,9,1,9
2017420167436,1,90,0,1,0,6,0,0,0,0,2,1,1,1,48,8,-1,-1,-1,6,1,6
2017420167472,1,9,0,9,0,0,0,0,0,0,1,1,6,2,56,9,2993,2,1,-1,-1,-1