Accident_Index,Vehicle_Reference,Vehicle_Type,Towing_and_Articulation,Vehicle_Manoeuvre,Vehicle_Location-Restricted_Lane,Junction_Location,Skidding_and_Overturning,Hit_Object_in_Carriageway,Vehicle_Leaving_Carriageway,Hit_Object_off_Carriageway,1st_Point_of_Impact,Was_Vehicle_Left_Hand_Drive?,Journey_Purpose_of_Driver,Sex_of_Driver,Age_of_Driver,Age_Band_of_Driver,Engine_Capacity_(CC),Propulsion_Code,Age_of_Vehicle,Driver_IMD_Decile,Driver_Home_Area_Type,Vehicle_IMD_Decile
2017420167472,2,9,0,14,0,0,0,0,0,0,1,1,1,1,49,8,1560,2,5,5,1,5
2017420167530,1,19,0,4,0,1,0,0,0,0,1,1,5,1,52,8,2500,2,10,5,1,5
2017420167530,2,9,0,3,0,1,0,0,0,0,2,1,5,1,32,6,2143,2,3,6,1,6
2017420167531,1,9,0,1,0,0,0,0,0,0,3,1,6,1,25,5,1896,2,9,6,1,6
2017420167533,1,9,0,1,7,5,0,0,1,0,2,1,6,2,71,10,1364,1,10,6,3,6
2017420167533,2,9,0,2,6,5,0,0,0,0,2,1,6,3,-1,-1,-1,-1,-1,-1,-1,-1
2017420167533,3,9,0,2,6,6,0,0,0,0,4,1,6,3,-1,-1,-1,-1,-1,-1,-1,-1
2017420167798,1,9,0,18,0,4,1,0,1,0,3,1,5,1,22,5,3969,1,23,7,3,7
2017420167948,1,3,0,18,0,2,1,0,7,0,1,1,4,2,19,4,123,1,2,4,1,4
2017420167948,2,21,0,4,0,2,0,0,0,0,3,1,1,1,25,5,-1,-1,-1,7,3,7
2017420167948,3,9,0,18,0,1,0,0,0,0,0,1,1,1,34,6,2993,2,4,6,1,6
2017420167951,1,9,0,5,0,4,0,0,0,0,1,1,6,2,54,8,1242,1,1,6,1,6
2017420167951,2,5,0,18,0,8,0,0,0,0,2,1,1,1,36,7,1250,1,8,5,1,5
2017420167954,1,9,0,5,0,1,0,0,0,0,1,1,2,2,30,6,1969,2,2,7,1,7
2017420167954,2,9,0,9,0,1,0,0,0,0,3,1,5,2,41,7,1997,2,11,5,2,5
2017420167956,1,9,0,18,0,0,1,0,0,0,3,1,6,1,23,5,1995,2,5,1,1,1
2017420167956,2,21,0,11,0,0,0,0,0,0,4,1,1,1,32,6,10837,2,2,4,1,4
2017420167965,1,9,0,13,0,0,0,0,0,0,4,1,6,2,77,11,1560,2,7,4,1,4
2017420167965,2,1,0,18,0,0,0,0,0,0,3,1,6,1,42,7,-1,-1,-1,7,1,7
2017420167965,3,1,0,18,0,0,0,0,0,0,3,1,6,1,38,7,-1,-1,-1,7,2,7
2017420167965,4,1,0,18,0,0,0,0,0,0,3,1,6,1,57,9,-1,-1,-1,4,1,4
2017420167965,5,1,0,18,0,0,0,0,0,0,3,1,6,1,48,8,-1,-1,-1,5,1,5
2017420168053,1,1,0,18,0,0,0,0,0,0,2,1,6,1,23,5,-1,-1,-1,3,1,3
2017420168053,2,9,0,18,0,0,0,0,0,0,1,1,6,1,52,8,2967,2,4,6,3,6
2017420168057,1,9,0,18,0,0,0,0,0,0,1,1,5,1,25,5,1590,1,16,4,3,4
2017420168057,2,9,0,3,0,0,0,0,0,0,1,1,5,1,63,9,1995,2,2,7,3,7
2017420168418,1,1,0,18,0,0,1,0,0,0,1,1,6,1,30,6,-1,-1,-1,6,1,6
2017420168418,2,19,0,3,0,0,0,0,0,0,2,1,2,1,32,6,1896,2,11,4,1,4
2017420168428,1,9,0,6,0,0,0,0,0,0,4,1,6,1,-1,-1,1796,1,18,-1,-1,-1
2017420168428,2,9,0,18,0,0,0,0,0,0,1,1,1,1,32,6,2993,2,4,6,1,6
2017420168429,1,9,0,9,0,8,0,0,0,0,1,1,5,2,78,11,998,1,6,7,1,7
2017420168429,2,9,0,18,0,8,0,0,0,0,1,1,5,1,18,4,1229,1,12,3,1,3
2017420168433,1,9,0,18,0,1,0,0,0,0,1,1,5,1,28,6,1199,1,17,-1,-1,-1
2017420168433,2,9,0,4,0,1,0,0,0,0,2,1,5,1,60,9,1753,2,8,8,1,8
2017420168438,1,9,0,18,0,0,0,0,0,0,1,1,6,1,24,5,1388,1,13,4,1,4
2017420168438,2,1,0,18,0,0,0,0,0,0,2,1,6,1,62,9,-1,-1,-1,-1,-1,-1
2017420168440,1,9,0,5,0,8,0,0,0,0,3,1,6,1,18,4,1229,1,10,6,1,6
2017420168440,2,9,0,18,0,8,1,0,7,2,1,1,6,1,33,6,1796,1,14,2,1,2
2017420168444,1,9,0,18,0,8,0,0,0,0,0,1,2,2,48,8,1598,1,14,10,3,10
2017420168446,1,9,0,18,0,0,2,0,7,0,1,1,5,1,22,5,1596,1,6,7,3,7
2017420168603,1,9,0,9,0,6,0,0,0,0,1,1,6,1,-1,-1,-1,-1,-1,-1,-1,-1
2017420168733,1,9,0,18,0,0,0,0,0,0,1,1,2,2,21,5,998,1,1,2,1,2
2017420168733,2,9,0,18,0,0,0,0,0,0,2,1,3,2,32,6,1388,1,14,6,1,6
2017420168733,3,9,0,18,0,0,0,0,0,0,2,1,1,1,67,10,-1,-1,-1,7,1,7
2017420168770,1,19,0,18,0,1,0,0,0,0,1,1,5,1,65,9,2402,2,12,3,1,3
2017420168770,2,21,1,4,0,1,0,0,0,0,2,1,1,1,33,6,12740,2,4,5,1,5
2017420168854,1,9,0,2,0,0,0,0,0,0,2,1,6,3,-1,-1,-1,-1,-1,-1,-1,-1
2017420168854,2,1,0,18,0,0,0,0,0,0,1,1,2,1,45,7,-1,-1,-1,8,2,8
2017420168855,1,9,0,7,0,8,0,0,0,0,1,1,2,2,18,4,1242,1,2,1,1,1
2017420168855,2,1,0,18,0,8,0,0,0,0,2,1,5,2,60,9,-1,-1,-1,7,1,7
2017420168857,1,9,0,18,0,1,1,4,0,0,1,1,6,1,79,11,1229,1,9,10,1,10
2017420168857,2,9,0,3,0,1,0,0,0,0,2,1,6,2,37,7,1997,2,9,6,1,6
2017420168857,3,9,4,3,0,1,0,0,0,0,2,1,6,2,47,8,1896,2,17,7,3,7
2017420168861,1,9,0,5,9,0,0,0,7,0,1,1,5,1,75,10,1332,1,20,2,1,2
2017420168863,1,9,0,18,0,0,0,0,0,0,1,1,2,1,72,10,1753,2,12,4,1,4
2017420168863,2,19,0,18,0,0,0,0,0,0,2,1,1,1,31,6,1998,2,13,5,1,5
2017420168864,1,9,0,5,0,4,0,0,0,0,1,1,2,1,27,6,1796,1,7,5,1,5
2017420168864,2,9,0,5,0,4,0,0,0,0,2,1,5,1,75,10,2997,1,17,2,1,2
2017420168865,1,9,0,18,0,8,0,0,1,0,1,1,6,2,29,6,1998,1,12,1,1,1
2017420168867,1,21,1,12,0,0,0,0,0,0,1,2,1,1,45,7,-1,-1,-1,-1,-1,-1
2017420168867,2,9,0,18,0,0,0,0,0,0,4,1,6,2,50,8,1598,1,11,6,1,6
2017420168867,3,9,0,18,0,0,0,0,0,0,3,1,5,1,57,9,2893,1,8,8,1,8
2017420169023,1,9,0,14,0,8,0,0,0,0,1,1,6,1,72,10,1461,2,7,5,1,5
2017420169042,1,9,0,11,0,0,1,0,0,0,4,1,5,2,23,5,1240,1,11,3,1,3
2017420169042,2,21,1,18,0,0,0,0,0,0,3,2,1,1,55,8,-1,-1,-1,-1,-1,-1
2017420169091,1,9,0,9,0,4,0,0,0,0,3,1,5,1,65,9,1399,2,9,6,3,6
2017420169091,2,1,0,18,0,8,0,0,0,0,1,1,2,1,45,7,-1,-1,-1,8,1,8
2017420169115,1,9,0,18,0,8,0,0,0,0,4,1,6,2,29,6,1796,1,14,1,1,1
2017420169115,2,98,1,18,0,8,0,0,0,0,4,1,1,1,-1,-1,-1,-1,-1,-1,-1,-1
2017420169137,1,21,0,18,0,3,0,0,0,0,1,1,1,1,43,7,6700,2,3,5,2,5
2017420169137,2,9,0,18,0,3,0,0,0,0,2,1,6,2,36,7,1596,1,12,5,2,5
2017420169179,1,9,0,7,0,1,0,0,1,0,4,1,6,1,49,8,998,1,2,6,1,6
2017420169179,2,1,0,18,0,1,2,0,0,0,1,1,6,1,43,7,-1,-1,-1,10,1,10
2017420169254,1,9,0,18,0,3,0,0,0,0,1,1,5,1,26,6,1149,1,14,4,1,4
2017420169255,1,9,0,9,0,1,0,0,0,0,1,1,5,2,37,7,2987,2,6,7,1,7
2017420169255,2,9,0,18,0,1,0,0,0,0,1,1,6,2,23,5,1229,1,9,4,1,4
2017420169256,1,3,0,16,0,0,0,0,7,0,3,1,5,1,17,4,125,1,6,4,1,4
2017420169257,1,9,0,3,0,4,0,0,0,0,2,1,2,2,59,9,1248,1,6,6,1,6
2017420169257,2,9,0,3,0,4,0,0,0,0,1,1,2,1,55,8,1560,2,4,2,1,2
2017420169258,1,9,0,15,0,2,0,0,0,0,1,1,5,1,77,11,1461,2,2,4,1,4
2017420169258,2,9,0,3,0,1,0,0,0,0,1,1,5,2,43,7,2993,2,2,9,1,9
2017420169259,1,19,0,18,0,0,0,0,7,0,1,1,6,1,29,6,2402,2,9,8,1,8
2017420169259,2,9,0,9,0,0,0,0,0,0,3,1,5,1,21,5,998,1,4,10,1,10
2017420169262,1,9,0,18,0,0,0,0,1,11,1,1,6,1,20,4,1587,1,16,3,1,3
2017420169263,1,1,0,18,0,6,0,0,0,0,1,1,5,1,15,3,-1,-1,-1,9,1,9
2017420169263,2,9,0,4,0,6,0,0,0,0,2,1,5,2,39,7,1997,1,2,7,3,7
2017420169265,1,9,4,9,0,8,0,0,0,0,1,1,6,2,59,9,1956,2,5,9,2,9
2017420169265,2,9,0,18,0,1,5,0,0,0,4,1,6,2,61,9,1596,1,7,10,2,10
2017420169268,1,19,0,17,0,0,0,0,0,0,1,1,1,1,37,7,1248,2,1,2,1,2
2017420169268,2,5,0,16,0,0,0,0,0,0,1,1,5,1,36,7,649,1,10,1,1,1
2017420169276,1,9,0,9,0,2,0,0,0,0,4,1,6,1,58,9,1968,2,-1,9,1,9
2017420169276,2,2,0,18,0,2,0,0,0,0,3,1,5,1,67,10,49,1,5,9,1,9
2017420169283,1,9,0,18,0,0,0,0,0,0,4,1,2,2,57,9,1598,1,10,9,1,9
2017420169283,2,19,0,2,0,0,0,0,0,0,0,1,6,3,-1,-1,-1,-1,-1,-1,-1,-1
2017420169302,1,9,0,18,0,0,0,0,0,0,3,1,6,2,63,9,2993,2,6,9,3,9
2017420169302,2,9,0,18,0,0,0,0,0,0,3,1,6,1,56,9,1598,1,15,8,3,8
2017420169308,1,4,0,16,0,0,0,0,0,0,3,1,5,1,21,5,296,1,1,2,1,2
2017420169308,2,9,0,17,0,0,0,0,0,0,3,1,6,1,-1,-1,-1,-1,-1,-1,-1,-1
2017420169310,1,19,0,18,0,0,0,0,0,0,4,1,2,1,29,6,1995,2,10,7,1,7
2017420169312,1,5,0,13,0,1,0,0,0,0,1,1,5,1,31,6,510,1,-1,8,1,8
2017420169312,2,9,0,9,0,1,0,0,0,0,3,1,5,2,71,10,1242,1,6,8,2,8
2017420169314,1,9,0,18,0,1,0,0,0,0,4,1,5,2,58,9,1198,1,9,5,1,5
2017420169314,2,2,0,10,0,1,0,0,0,0,3,1,5,1,16,4,49,1,1,7,3,7
2017420169315,1,9,0,18,0,0,1,0,1,0,4,1,5,1,20,4,1199,1,16,10,1,10
2017420169318,1,5,0,17,0,0,2,0,1,9,1,1,5,1,42,7,955,1,18,9,3,9
2017420169320,1,9,0,18,0,0,0,0,0,0,1,1,5,1,18,4,973,1,18,1,1,1
2017420169322,1,9,0,18,0,1,0,0,0,0,1,1,6,3,17,4,2979,1,9,-1,-1,-1
2017420169322,2,9,0,18,0,2,0,0,0,0,2,1,5,1,43,7,999,1,-1,6,1,6
2017420169323,1,9,0,18,0,0,0,0,0,0,1,1,5,1,20,4,1595,1,4,3,1,3
2017420169323,2,9,0,18,0,0,0,0,0,0,4,1,5,2,34,6,1388,1,12,10,1,10
2017420169324,1,9,0,5,0,2,0,0,0,0,4,1,6,2,79,11,1598,1,6,4,1,4
2017420169324,2,1,0,18,0,1,0,0,1,0,3,1,5,1,39,7,-1,-1,-1,7,3,7
2017420169325,1,9,0,5,0,1,0,0,0,0,1,1,6,1,40,7,-1,-1,-1,6,2,6
2017420169325,2,9,0,18,0,1,0,0,0,0,3,1,5,2,49,8,1597,1,17,5,2,5
2017420169344,1,9,0,17,0,0,0,0,0,0,1,1,5,2,30,6,1596,1,7,1,1,1
2017420169344,2,5,0,16,0,0,0,0,0,0,3,1,5,1,58,9,1649,1,-1,9,1,9
2017420169348,1,19,0,13,0,0,0,0,0,0,4,1,1,1,28,6,-1,-1,-1,7,2,7
2017420169348,2,9,0,13,0,0,0,0,0,0,1,1,6,2,21,5,1229,1,2,1,1,1
2017420169348,3,9,0,4,0,0,0,0,0,0,3,1,6,1,50,8,2987,2,11,2,1,2
2017420169350,1,9,0,16,0,1,0,0,0,0,4,1,5,2,64,9,-1,-1,-1,3,1,3
2017420169350,2,1,0,16,0,1,0,0,0,0,4,1,6,2,55,8,-1,-1,-1,10,2,10
2017420169351,1,9,0,4,0,0,0,0,0,0,1,1,5,2,51,8,1389,1,13,9,1,9
2017420169351,2,9,0,4,0,0,0,0,4,6,1,1,5,2,46,8,1598,2,1,4,1,4
2017420169351,3,9,0,4,0,0,0,0,0,0,1,1,5,1,23,5,1999,1,12,3,1,3
2017420169351,4,9,0,4,0,0,0,0,0,0,1,1,5,2,19,4,1328,1,12,1,1,1
2017420169353,1,9,0,9,0,8,0,0,0,0,3,1,6,1,24,5,1900,2,12,8,1,8
2017420169353,2,3,0,7,0,3,0,0,4,0,4,1,6,1,18,4,125,1,9,3,1,3
2017420169354,1,9,0,18,0,6,0,0,1,0,3,1,6,3,-1,-1,1560,2,9,-1,-1,-1
2017420169354,2,9,0,18,0,8,0,0,0,0,1,1,6,2,26,6,1968,2,7,6,1,6
2017420169417,1,21,1,18,0,0,0,0,0,0,3,2,1,1,46,8,-1,-1,-1,-1,-1,-1
2017420169417,2,9,0,18,0,0,1,0,0,0,4,1,1,1,45,7,-1,-1,-1,5,1,5
2017420169417,3,9,0,18,0,0,0,0,0,0,4,1,1,1,31,6,-1,-1,-1,8,1,8
2017420169473,1,9,0,18,0,0,1,0,0,0,0,1,6,2,21,5,1229,1,10,5,1,5
2017420169473,2,9,0,3,0,0,0,0,0,0,0,1,6,3,-1,-1,-1,-1,-1,-1,-1,-1
2017420169545,1,9,0,18,0,0,0,0,0,0,1,1,5,1,32,6,1998,1,19,1,1,1
2017420169545,2,98,0,2,0,0,0,0,0,0,1,1,6,3,-1,-1,-1,-1,-1,-1,-1,-1
2017420169545,3,9,0,2,0,0,0,0,0,0,1,1,6,3,-1,-1,-1,-1,-1,-1,-1,-1
2017420169711,1,8,0,17,0,8,0,0,0,0,1,1,1,1,40,7,1997,2,10,9,1,9
2017420169711,2,9,0,17,0,8,0,0,0,0,2,1,5,1,75,10,1598,1,9,2,1,2
2017420169713,1,9,0,5,0,2,0,0,0,0,4,1,2,2,27,6,1587,1,11,9,1,9
2017420169713,2,1,0,18,0,1,0,0,0,0,1,1,2,1,45,7,-1,-1,-1,8,1,8
2017420169714,1,9,0,9,9,1,0,0,0,0,1,1,1,1,28,6,1242,1,19,4,1,4
2017420169714,2,9,0,18,9,1,0,0,0,0,1,1,6,1,55,8,1598,1,10,5,1,5
2017420169716,1,9,0,4,0,0,0,0,0,0,1,1,5,1,47,8,1990,1,23,4,1,4
2017420169716,2,19,0,4,0,0,0,0,0,0,2,1,2,1,24,5,2198,2,4,3,1,3
2017420170010,1,9,0,17,0,5,0,0,1,11,1,1,5,1,83,11,1984,1,14,8,1,8
2017420170106,1,9,0,9,0,1,0,0,7,1,1,1,5,1,92,11,1686,2,11,4,1,4
2017420170106,2,9,0,17,0,1,1,0,0,0,1,1,5,2,23,5,1968,2,6,5,1,5
2017420170112,1,9,0,16,0,0,0,0,7,11,1,1,1,1,34,6,1598,2,1,4,1,4
2017420170112,2,9,0,1,0,0,0,0,0,0,2,1,6,3,-1,-1,1995,2,1,-1,-1,-1
2017420170113,1,9,0,16,0,0,5,10,0,0,1,1,5,1,21,5,999,1,1,2,1,2
2017420170157,1,9,0,18,0,4,0,0,0,0,1,1,2,1,62,9,1998,1,18,8,1,8
2017420170157,2,1,0,5,0,3,0,0,0,0,1,1,1,1,41,7,-1,-1,-1,3,1,3
2017420170361,1,90,5,18,5,0,0,0,0,0,4,1,1,1,68,10,-1,-1,-1,-1,-1,-1
2017420170361,2,1,0,15,5,0,0,0,0,0,3,1,5,1,14,3,-1,-1,-1,4,1,4
2017420170404,1,17,0,18,0,0,0,0,0,0,0,1,1,1,29,6,2197,2,9,4,1,4
2017420170409,1,5,0,13,0,0,0,7,0,0,1,1,1,1,28,6,1043,1,7,8,2,8
2017420170429,1,21,1,18,0,0,5,4,1,0,1,1,1,1,58,9,10837,2,2,3,1,3
2017420170429,2,19,0,2,6,0,5,0,0,0,2,1,6,3,-1,-1,-1,-1,-1,-1,-1,-1
2017420170454,1,98,1,12,0,0,0,0,0,0,3,1,6,3,-1,-1,-1,-1,-1,-1,-1,-1
2017420170454,2,9,0,18,0,0,1,7,4,6,4,1,5,2,35,6,1796,1,9,9,2,9
2017420170483,1,9,-1,5,0,4,0,0,0,0,1,1,6,2,-1,-1,-1,-1,-1,-1,-1,-1
2017420170483,2,9,0,3,0,4,0,0,0,0,2,1,6,2,27,6,1598,1,8,8,1,8
2017420170490,1,9,0,18,0,1,1,4,4,6,1,1,6,1,45,7,1560,2,2,7,1,7
2017420170490,2,21,1,18,0,1,0,0,0,0,3,1,1,1,51,8,10837,2,2,1,1,1
2017420170490,3,9,0,2,0,1,1,0,0,0,2,1,5,2,24,5,1753,2,12,2,1,2
2017420170566,1,9,0,9,0,4,1,0,0,0,1,1,5,2,17,4,1242,1,6,7,3,7
2017420170566,2,9,0,18,0,4,0,0,0,0,3,1,5,2,40,7,1560,2,2,9,1,9
2017420170571,1,9,0,18,0,0,1,0,1,0,1,1,5,1,29,6,2143,2,1,4,1,4
2017420170581,1,1,0,18,5,7,0,0,0,0,4,1,5,1,12,3,-1,-1,-1,-1,-1,-1
2017420170581,2,9,0,5,8,1,0,0,0,0,4,1,5,2,39,7,1991,2,9,6,3,6
2017420170586,1,9,0,18,0,0,0,0,0,0,1,1,6,1,59,9,1596,1,15,5,1,5
2017420170586,2,9,0,18,0,0,0,0,0,0,1,1,6,1,91,11,1762,1,19,5,2,5
2017420170586,3,9,0,2,0,0,0,0,0,0,1,1,6,2,22,5,1398,2,8,8,3,8
2017420170587,1,9,0,1,0,1,0,0,0,0,2,1,5,2,21,5,1197,1,1,5,1,5
2017420170705,1,3,0,18,0,0,0,0,0,0,4,1,2,1,24,5,125,1,14,6,3,6
2017420170801,1,9,0,18,0,1,0,0,0,0,1,1,2,1,44,7,3947,1,18,5,1,5
2017420170801,2,9,0,3,0,1,0,0,0,0,2,1,6,2,47,8,1242,1,3,7,1,7
2017420170907,1,9,0,9,0,8,0,0,0,0,4,1,5,1,78,11,1596,1,5,7,1,7
2017420170907,2,9,0,18,0,1,0,0,0,0,1,1,5,2,46,8,2204,2,11,10,1,10
2017420170907,3,9,0,3,0,2,0,0,0,0,1,1,5,2,43,7,1388,1,12,8,1,8
2017420170907,4,9,0,3,0,1,0,0,0,0,1,1,5,2,64,9,1997,2,7,6,2,6
2017420170913,1,9,0,11,0,0,0,0,0,0,0,1,6,1,-1,-1,-1,-1,-1,-1,-1,-1
2017420170913,2,21,1,4,0,0,0,0,0,0,1,1,1,1,47,8,12777,2,-1,5,1,5
2017420170913,3,21,1,4,0,0,0,0,0,0,2,1,1,1,51,8,12809,2,2,7,1,7
2017420170959,1,9,0,9,0,0,0,0,0,0,1,1,6,1,64,9,999,1,1,10,1,10
2017420170959,2,9,0,18,0,0,5,0,0,0,4,1,5,1,21,5,1242,1,13,5,1,5
2017420170961,1,1,0,9,0,0,0,0,0,0,2,1,5,1,14,3,-1,-1,-1,3,3,3
2017420170961,2,9,0,18,0,0,0,0,0,0,1,1,5,2,74,10,1591,1,1,6,1,6
2017420170967,1,9,0,9,0,1,0,0,0,0,1,1,5,1,48,8,1995,2,3,7,3,7
2017420170967,2,1,0,9,0,1,0,0,0,0,1,1,5,1,49,8,-1,-1,-1,9,3,9
2017420170968,1,5,0,18,0,1,0,0,7,4,4,1,5,1,26,6,1000,1,35,10,1,10
2017420170968,2,9,0,9,0,8,0,0,0,0,3,1,5,1,56,9,1968,2,-1,5,1,5
2017420171200,1,5,0,18,0,0,1,0,1,0,4,1,2,1,53,8,999,1,3,5,1,5
2017420171301,1,9,0,9,0,8,0,0,0,0,1,1,1,1,57,9,1390,1,3,2,1,2
2017420171301,2,5,0,18,0,8,0,0,0,0,1,1,1,1,44,7,847,1,3,5,1,5
2017420171309,1,9,0,18,0,0,1,0,0,0,1,1,6,1,27,6,1560,2,9,6,1,6
2017420171309,2,9,0,4,0,0,0,0,0,0,2,1,6,1,45,7,1968,2,-1,10,1,10
2017420171310,1,9,0,18,0,1,0,0,0,0,4,1,6,2,-1,-1,-1,-1,-1,-1,-1,-1
2017420171310,2,1,0,18,0,1,0,0,0,0,2,1,5,1,14,3,-1,-1,-1,7,1,7
2017420171312,1,5,0,15,0,0,2,0,0,0,1,1,5,1,34,6,599,1,16,-1,-1,-1
2017420171312,2,9,0,18,0,0,0,0,0,0,2,1,5,1,21,5,1197,1,-1,1,1,1
2017420171313,1,9,0,18,0,4,2,0,3,0,1,1,5,2,20,4,1242,1,-1,9,2,9
2017420171313,2,9,0,18,0,3,0,0,0,0,4,1,5,2,50,8,2179,2,7,7,2,7
2017420171387,1,9,0,18,0,1,0,0,0,0,1,1,5,1,47,8,2597,1,12,3,3,3
2017420171387,2,9,0,3,0,1,0,0,0,0,2,1,5,1,32,6,1242,1,3,5,1,5
2017420171387,3,9,0,3,0,1,0,0,0,0,2,1,5,1,24,5,2143,2,1,4,1,4
2017420171387,4,9,0,10,0,1,0,0,0,0,2,1,5,2,50,8,1587,1,10,9,1,9
2017420171390,1,21,0,18,0,1,0,0,0,0,1,1,5,1,38,7,-1,-1,-1,2,1,2
2017420171390,2,1,0,18,0,1,0,0,0,0,4,1,6,1,8,2,-1,-1,-1,3,1,3
2017420171393,1,1,0,5,0,0,0,0,0,0,1,1,5,1,7,2,-1,-1,-1,-1,-1,-1
2017420171393,2,9,0,18,0,0,0,0,0,0,1,1,5,2,51,8,1994,2,9,1,1,1
2017420171394,1,9,0,18,0,0,1,4,0,0,1,1,6,1,19,4,1398,1,2,7,1,7
2017420171394,2,9,0,2,0,0,0,0,0,0,1,1,6,3,-1,-1,-1,-1,-1,-1,-1,-1
2017420171394,3,9,0,2,0,0,0,0,0,0,1,1,6,3,-1,-1,-1,-1,-1,-1,-1,-1
2017420171398,1,9,0,9,0,4,0,0,0,0,1,1,5,1,81,11,998,1,1,10,1,10
2017420171398,2,20,0,18,0,4,0,0,0,0,4,1,1,1,48,8,4580,2,12,5,3,5
2017420171415,1,9,0,18,0,1,0,0,0,0,3,1,6,1,28,6,1364,1,5,6,2,6
2017420171415,2,5,0,18,0,1,0,0,0,0,4,1,5,1,43,7,592,1,31,5,3,5
2017420171419,1,9,0,4,0,8,1,0,0,0,1,1,5,1,22,5,998,1,3,9,1,9
2017420171419,2,9,0,4,0,8,0,0,0,0,2,1,5,2,51,8,998,1,1,8,1,8
2017420171420,1,1,0,4,0,0,0,0,0,0,1,1,5,1,48,8,-1,-1,-1,7,3,7
2017420171420,2,9,0,10,0,0,0,0,0,0,2,1,5,1,34,6,998,1,14,-1,1,-1
2017420171421,1,5,0,13,0,0,0,0,0,0,1,1,6,1,62,9,999,1,8,3,1,3
2017420171421,2,21,0,18,0,0,0,0,0,0,3,1,6,1,75,10,-1,-1,-1,10,1,10
2017420171424,1,4,0,16,0,0,1,0,0,0,3,1,6,1,64,9,150,1,29,5,1,5
2017420171424,2,9,0,17,0,0,0,0,0,0,3,1,6,1,42,7,2499,2,13,3,1,3
2017420171424,3,9,0,17,0,0,1,0,0,0,1,1,6,1,42,7,1995,2,4,7,1,7
2017420171424,4,4,0,16,0,0,0,0,0,0,0,1,5,1,51,8,200,1,47,9,1,9
2017420171424,5,3,0,16,0,0,0,0,0,0,0,1,6,1,47,8,125,1,51,7,1,7
2017420171425,1,9,0,9,0,8,1,0,7,0,1,1,6,1,44,7,1149,1,12,6,1,6
2017420171425,2,9,0,5,0,8,0,0,0,0,4,1,5,2,31,6,1388,1,10,2,1,2
2017420171427,1,9,0,4,0,1,0,0,1,0,2,1,5,1,32,6,1753,2,10,3,1,3
2017420171427,2,5,0,13,0,5,5,0,0,0,1,1,1,1,48,8,749,2,17,3,1,3
2017420171430,1,9,0,18,0,1,0,0,0,0,4,1,6,1,48,8,1360,1,12,3,1,3
2017420171430,2,1,0,18,0,1,0,0,0,0,2,1,6,2,39,7,-1,-1,-1,5,2,5
2017420171431,1,9,0,4,0,1,0,0,0,0,2,1,6,1,76,11,1596,1,1,9,1,9
2017420171431,2,9,0,4,0,1,0,0,0,0,2,1,5,2,40,7,1997,2,1,-1,-1,-1
2017420171431,3,9,0,4,0,1,0,0,0,0,1,1,6,1,22,5,1242,1,1,4,2,4
2017420171431,4,9,0,4,0,1,0,0,0,0,1,1,6,2,26,6,998,1,4,4,1,4
2017420171433,1,9,0,9,0,5,0,0,0,0,1,1,5,1,49,8,1596,1,16,2,1,2
2017420171433,2,1,0,18,0,8,0,0,0,0,1,1,6,1,30,6,-1,-1,-1,1,1,1
2017420171437,1,8,0,18,0,8,0,0,0,0,1,1,1,1,36,7,1560,2,2,5,1,5
2017420171437,2,9,0,5,0,1,0,0,0,0,1,1,6,1,50,8,1968,2,11,5,1,5
2017420171438,1,9,0,18,0,3,0,0,0,0,1,1,5,1,78,11,1341,1,12,5,1,5
2017420171438,2,9,0,4,0,2,0,0,0,0,2,1,1,1,32,6,1499,2,2,7,3,7
2017420171441,1,3,0,14,0,0,0,0,0,0,1,1,6,1,25,5,125,1,5,1,1,1
2017420171598,1,9,0,9,0,8,0,0,0,0,1,1,5,2,83,11,1296,1,10,8,1,8
2017420171598,2,9,0,18,0,1,0,0,0,0,1,1,5,1,20,4,1299,1,16,3,1,3
2017420171813,1,9,0,9,0,6,0,0,0,0,1,1,5,1,22,5,1995,2,6,4,1,4
2017420171818,1,5,0,18,0,0,0,0,1,0,1,1,5,1,28,6,1200,1,11,4,1,4
2017420171826,1,9,0,9,0,6,0,0,0,0,3,1,1,2,23,5,1364,1,-1,8,1,8
2017420171826,2,1,0,18,0,1,0,0,0,0,1,1,5,1,40,7,-1,-1,-1,4,1,4
2017420171835,1,9,0,11,0,3,2,0,0,0,4,1,2,2,26,6,999,1,4,10,1,10
2017420171835,2,9,0,18,0,8,0,0,0,0,3,1,6,2,54,8,2521,1,5,5,3,5
2017420171906,1,9,0,4,0,0,0,0,0,0,1,1,5,2,56,9,1461,2,2,6,1,6
2017420171906,2,9,0,3,0,0,0,0,0,0,2,1,2,1,22,5,-1,-1,-1,7,3,7
2017420172072,1,19,0,18,0,0,0,0,0,0,1,1,2,1,36,7,1997,2,2,6,1,6
2017420172072,2,9,0,18,0,0,0,0,0,0,2,1,6,2,47,8,2148,2,9,9,1,9
2017420172085,1,19,0,18,0,1,0,0,0,0,1,1,1,1,37,7,1995,2,9,9,1,9
2017420172085,2,9,0,18,0,1,0,0,0,0,2,1,6,2,47,8,1364,1,7,3,1,3
2017420172132,1,9,0,18,0,0,0,0,0,0,1,1,6,2,28,6,2987,2,9,3,1,3
2017420172132,2,19,0,4,0,0,0,0,0,0,2,1,1,1,69,10,1248,2,3,4,1,4