Accident_Index,Vehicle_Reference,Vehicle_Type,Towing_and_Articulation,Vehicle_Manoeuvre,Vehicle_Location-Restricted_Lane,Junction_Location,Skidding_and_Overturning,Hit_Object_in_Carriageway,Vehicle_Leaving_Carriageway,Hit_Object_off_Carriageway,1st_Point_of_Impact,Was_Vehicle_Left_Hand_Drive?,Journey_Purpose_of_Driver,Sex_of_Driver,Age_of_Driver,Age_Band_of_Driver,Engine_Capacity_(CC),Propulsion_Code,Age_of_Vehicle,Driver_IMD_Decile,Driver_Home_Area_Type,Vehicle_IMD_Decile
2017420172132,3,9,0,3,0,0,0,0,0,0,2,1,5,1,61,9,2987,2,9,5,1,5
2017420172132,4,9,0,3,0,0,0,0,0,0,2,1,6,2,19,4,998,1,5,4,1,4
2017420172177,1,9,0,18,0,0,5,0,8,0,1,1,5,2,60,9,1997,2,1,7,1,7
2017420172228,1,9,0,6,9,2,0,0,1,0,1,1,5,2,72,10,1997,2,-1,9,2,9
2017420172228,2,9,0,2,9,1,0,0,0,0,2,1,6,3,-1,-1,-1,-1,-1,-1,-1,-1
2017420172228,3,19,0,2,0,1,0,4,0,0,4,1,6,3,-1,-1,-1,-1,-1,-1,-1,-1
2017420172269,1,9,0,18,0,0,0,0,0,0,1,1,5,2,46,8,1349,1,7,7,1,7
2017420172271,1,9,0,18,0,8,1,0,1,4,3,1,5,1,67,10,1461,2,1,5,1,5
2017420172271,2,9,0,18,0,8,0,0,0,0,1,1,5,2,43,7,1986,2,11,7,1,7
2017420172273,1,19,0,18,0,1,2,0,0,0,4,1,1,1,39,7,2298,2,5,5,1,5
2017420172274,1,9,0,17,0,4,0,0,1,0,1,1,5,1,40,7,6592,1,-1,8,3,8
2017420172276,1,19,0,9,0,3,0,0,0,0,3,1,1,1,29,6,-1,-1,-1,-1,-1,-1
2017420172276,2,5,0,18,0,3,0,0,0,0,4,1,6,1,33,6,599,1,5,7,1,7
2017420172284,1,9,0,18,0,0,0,0,0,0,1,1,2,1,28,6,1587,1,10,5,1,5
2017420172284,2,9,0,18,0,0,0,0,0,0,1,1,5,1,42,7,1769,1,13,4,1,4
2017420172492,1,9,0,5,0,4,0,0,0,0,1,1,6,2,39,7,1596,1,10,6,3,6
2017420172492,2,9,0,5,0,3,0,0,0,0,0,1,6,1,41,7,1364,1,3,3,1,3
2017420172571,1,9,0,17,0,0,0,0,0,0,1,1,1,2,27,6,1248,2,11,7,3,7
2017420172571,2,9,0,16,0,0,0,0,0,0,1,1,1,2,35,6,1490,1,8,9,1,9
2017420172640,1,1,0,18,0,0,0,0,0,0,1,1,5,1,26,6,-1,-1,-1,1,1,1
2017420172640,2,9,0,18,0,0,0,0,0,0,2,1,5,1,53,8,1242,1,1,3,3,3
2017420172692,1,9,0,13,0,0,1,0,1,0,3,1,2,2,34,6,1388,1,14,3,1,3
2017420172692,2,9,0,18,0,0,0,0,0,0,3,1,6,2,34,6,1240,1,11,6,1,6
2017420172696,1,2,0,18,0,4,2,0,1,0,1,1,5,2,16,4,50,1,1,7,2,7
2017420172701,1,9,0,18,0,0,0,0,0,0,1,1,5,1,35,6,1582,2,5,9,1,9
2017420172701,2,9,0,18,0,0,0,0,0,0,2,1,1,1,41,7,999,1,1,9,3,9
2017420172705,1,5,0,18,0,2,0,0,0,0,1,1,1,1,50,8,1084,1,16,5,1,5
2017420172705,2,19,0,18,0,2,0,0,0,0,2,1,1,2,23,5,1399,2,7,4,1,4
2017420172707,1,9,0,15,0,0,0,0,0,0,1,1,6,1,35,6,1995,1,12,4,1,4
2017420172707,2,19,0,18,0,0,0,0,0,0,0,1,6,3,18,4,-1,-1,-1,-1,-1,-1
2017420172707,3,9,0,18,0,0,0,0,0,0,2,1,5,1,19,4,1499,2,1,4,1,4
2017420172707,4,90,1,2,0,0,0,0,0,0,0,1,1,1,27,6,-1,-1,-1,2,1,2
2017420172708,1,9,0,16,0,0,0,0,1,0,1,1,2,1,35,6,1995,1,12,10,1,10
2017420172724,1,9,0,5,0,4,0,0,0,0,1,1,5,2,26,6,1596,1,11,7,3,7
2017420172724,2,1,0,18,0,3,0,0,0,0,2,1,2,2,28,6,-1,-1,-1,8,1,8
2017420172729,1,9,0,18,0,8,0,0,0,0,4,1,6,3,-1,-1,-1,-1,-1,-1,-1,-1
2017420172729,2,3,0,18,0,8,0,0,1,0,3,1,2,2,19,4,125,1,9,8,1,8
2017420172889,1,11,0,9,0,3,0,0,0,0,1,2,3,1,48,8,-1,-1,-1,-1,-1,-1
2017420172889,2,9,0,7,0,3,0,0,1,0,4,1,1,1,59,9,1753,2,11,4,1,4
2017420172914,1,98,0,18,0,0,0,0,0,0,0,1,6,3,-1,-1,-1,-1,-1,-1,-1,-1
2017420172914,2,9,0,18,0,0,0,11,0,0,1,1,5,2,27,6,1364,1,1,4,1,4
2017420172971,1,5,0,18,0,1,1,0,1,0,4,1,2,1,49,8,1084,1,15,2,1,2
2017420172986,1,9,0,5,0,3,2,0,0,0,4,1,1,1,36,7,1598,1,6,2,1,2
2017420172986,2,9,0,4,0,4,0,0,0,0,2,1,5,2,47,8,1794,1,15,10,1,10
2017420173007,1,9,0,9,0,6,0,0,0,0,1,1,5,1,88,11,1242,1,5,5,2,5
2017420173007,2,9,0,18,0,8,0,0,0,0,1,1,2,2,34,6,1399,2,13,5,1,5
2017420173024,1,9,0,5,0,2,0,0,0,0,1,1,5,1,47,8,2198,2,11,5,1,5
2017420173024,2,9,0,5,0,1,0,0,0,0,1,1,5,2,32,6,999,1,1,5,1,5
2017420173024,3,11,0,2,0,2,0,0,0,0,1,1,1,1,55,8,4461,2,2,7,1,7
2017420173048,1,9,0,9,0,6,0,0,0,0,1,1,5,2,33,6,1560,2,6,10,1,10
2017420173048,2,9,0,18,0,8,1,10,1,2,4,1,5,1,19,4,1997,1,3,7,1,7
2017420173116,1,3,0,13,0,0,5,0,0,0,0,1,6,1,21,5,125,1,-1,4,1,4
2017420173123,1,97,0,16,0,0,1,0,1,0,4,1,6,1,-1,-1,-1,-1,-1,-1,-1,-1
2017420173124,1,9,0,18,0,0,0,0,0,0,1,1,5,2,55,8,1587,1,11,5,1,5
2017420173125,1,9,0,9,0,0,0,0,0,0,3,1,5,1,35,6,1596,1,13,3,1,3
2017420173125,2,3,0,18,0,0,1,0,0,0,1,1,5,2,18,4,125,1,1,4,1,4
2017420173127,1,9,0,18,0,4,1,0,0,0,3,1,6,1,20,4,1199,2,3,3,1,3
2017420173127,2,9,0,18,0,4,2,0,0,0,3,1,1,1,42,7,1598,2,-1,4,1,4
2017420173127,3,9,0,18,0,4,0,0,0,0,1,1,1,1,30,6,1560,2,4,4,1,4
2017420173127,4,9,0,18,0,4,0,0,0,0,1,1,1,1,33,6,1598,2,-1,4,1,4
2017420173127,5,9,0,18,0,4,0,0,0,0,0,1,1,1,30,6,1598,2,1,4,1,4
2017420173145,1,9,0,18,0,1,0,0,0,0,1,1,6,2,43,7,1242,1,5,6,1,6
2017420173145,2,9,0,3,0,1,0,0,0,0,2,1,6,2,34,6,1242,1,5,8,1,8
2017420173174,1,9,0,18,0,1,0,0,0,0,1,1,6,2,18,4,999,1,1,1,1,1
2017420173174,2,1,0,18,0,8,0,0,0,0,4,1,6,1,45,7,-1,-1,-1,1,1,1
2017420173209,1,9,0,18,0,0,0,0,0,0,1,1,6,2,-1,-1,-1,-1,-1,-1,-1,-1
2017420173209,2,3,0,18,0,0,0,0,0,0,2,1,6,1,29,6,109,1,4,4,1,4
2017420173221,1,9,0,18,0,8,0,0,0,0,1,1,6,1,-1,-1,1596,1,15,-1,-1,-1
2017420173221,2,9,0,9,0,6,0,0,0,0,4,1,6,1,49,8,1560,2,8,1,1,1
2017420173225,1,21,1,12,0,0,0,0,0,0,3,2,1,1,40,7,-1,-1,-1,-1,-1,-1
2017420173225,2,9,0,13,0,0,0,0,1,0,4,1,6,2,56,9,1390,1,20,2,1,2
2017420173251,1,1,0,18,0,1,0,0,0,0,1,1,1,1,20,4,-1,-1,-1,7,1,7
2017420173251,2,9,0,3,0,1,0,0,0,0,2,1,5,1,41,7,1992,2,11,9,1,9
2017420173253,1,2,0,13,0,0,0,0,0,0,1,1,6,1,16,4,49,1,2,4,1,4
2017420173253,2,9,0,18,0,0,0,0,0,0,3,1,5,1,18,4,1395,1,-1,9,1,9
2017420173254,1,3,0,13,0,0,5,4,0,0,1,1,5,1,28,6,124,1,3,2,1,2
2017420173254,2,9,0,9,0,0,0,0,0,0,3,1,5,1,28,6,1461,2,3,7,1,7
2017420173254,3,9,0,2,0,0,0,0,0,0,3,1,6,3,-1,-1,-1,-1,-1,-1,-1,-1
2017420173254,4,9,0,2,0,0,0,0,0,0,2,1,6,3,-1,-1,-1,-1,-1,-1,-1,-1
2017420173258,1,9,0,5,0,3,1,0,0,0,3,1,6,1,23,5,1781,1,13,-1,-1,-1
2017420173258,2,9,0,2,0,2,0,0,0,0,4,1,6,3,-1,-1,-1,-1,-1,-1,-1,-1
2017420173258,3,9,0,2,0,2,0,0,0,0,2,1,6,3,-1,-1,-1,-1,-1,-1,-1,-1
2017420173259,1,9,0,17,0,0,0,0,0,0,1,1,6,2,19,4,1600,1,6,5,1,5
2017420173259,2,17,5,16,0,0,0,0,0,0,3,1,1,1,28,6,-1,2,8,6,3,6
2017420173261,1,19,0,9,0,8,0,0,0,0,3,1,1,2,55,8,1560,2,10,7,1,7
2017420173261,2,4,0,14,0,1,0,0,0,0,1,1,5,1,69,10,498,1,22,4,1,4
2017420173263,1,5,0,18,0,0,1,0,8,6,1,1,5,1,25,5,998,1,8,1,1,1
2017420173271,1,9,0,18,0,1,1,0,0,0,4,1,6,1,23,5,973,1,15,8,1,8
2017420173271,2,9,0,18,0,1,0,0,0,0,1,1,6,2,23,5,1498,1,5,5,1,5
2017420173280,1,9,0,4,0,0,2,0,2,7,1,1,6,1,39,7,1598,1,9,4,1,4
2017420173282,1,9,0,18,0,2,0,0,1,4,1,1,5,2,82,11,1598,1,8,8,3,8
2017420173288,1,9,0,18,0,1,0,0,0,0,1,1,6,1,25,5,1587,1,13,-1,-1,-1
2017420173288,2,9,0,9,0,1,0,0,0,0,2,1,5,2,17,4,998,1,11,9,1,9
2017420173293,1,9,0,9,0,8,0,0,0,0,4,1,5,1,43,7,2720,2,10,5,1,5
2017420173296,1,9,0,18,0,1,0,0,0,0,1,1,5,1,24,5,1398,1,1,9,1,9
2017420173296,2,9,0,4,0,1,0,0,0,0,2,1,5,2,24,5,1364,1,3,6,1,6
2017420173296,3,9,0,4,0,1,0,0,0,0,2,1,5,1,27,6,1339,1,14,2,1,2
2017420173298,1,9,0,18,0,0,5,0,7,10,1,1,5,2,18,4,1198,1,10,6,3,6
2017420173305,1,9,0,16,0,0,1,0,0,0,3,1,5,2,18,4,1299,1,11,7,2,7
2017420173305,2,19,0,17,0,0,0,0,0,0,3,2,5,1,40,7,5700,1,61,8,2,8
2017420173310,1,9,0,15,0,2,0,0,0,0,1,1,6,1,38,7,-1,-1,-1,4,1,4
2017420173310,2,9,0,2,0,2,0,0,0,0,4,1,6,3,-1,-1,-1,-1,-1,-1,-1,-1
2017420173314,1,9,0,12,0,7,1,0,0,0,1,1,5,1,54,8,2148,2,10,1,1,1
2017420173315,1,9,0,18,0,0,0,7,8,2,1,1,6,1,27,6,3982,1,1,5,1,5
2017420173317,1,8,0,5,0,0,0,0,0,0,0,1,5,1,40,7,1968,2,8,2,1,2
2017420173318,1,2,0,18,0,1,1,0,0,0,4,1,5,1,16,4,49,1,8,5,3,5
2017420173320,1,19,0,18,0,0,5,0,0,0,4,1,1,1,29,6,2151,2,13,9,1,9
2017420173322,1,9,0,9,0,8,0,0,0,0,4,1,6,1,85,11,1560,2,10,6,1,6
2017420173322,2,1,0,18,0,8,0,0,0,0,1,1,6,2,56,9,-1,-1,-1,8,1,8
2017420173323,1,9,0,18,0,0,2,0,2,4,1,1,5,1,23,5,1991,1,3,9,1,9
2017420173324,1,9,0,18,0,1,5,10,0,0,1,1,6,1,27,6,1461,2,1,4,1,4
2017420173324,2,9,0,4,0,1,0,0,0,0,2,1,6,2,26,6,1560,2,4,7,1,7
2017420173326,1,5,0,18,0,0,0,11,1,0,1,1,6,1,70,10,645,1,4,10,2,10
2017420173329,1,5,0,18,0,0,2,0,0,0,3,1,2,1,54,8,656,1,5,3,3,3
2017420173361,1,2,0,18,0,0,5,0,0,0,4,1,5,1,22,5,124,1,4,6,1,6
2017420173361,2,97,0,18,0,0,0,0,0,0,0,1,6,3,-1,-1,-1,-1,-1,-1,-1,-1
2017420173361,3,5,0,18,0,0,0,0,0,0,0,1,1,1,39,7,1170,1,1,7,3,7
2017420173479,1,9,0,18,0,4,0,0,0,0,1,1,6,3,-1,-1,-1,-1,-1,-1,-1,-1
2017420173479,2,1,0,18,0,8,0,0,0,0,4,1,6,1,16,4,-1,-1,-1,8,1,8
2017420173626,1,9,0,5,0,8,0,0,0,0,1,1,1,1,48,8,2993,2,3,7,1,7
2017420173626,2,3,0,5,0,8,5,0,0,0,3,1,5,1,23,5,124,1,16,2,1,2
2017420173686,1,1,0,18,0,1,0,0,0,0,1,1,6,1,20,4,-1,-1,-1,-1,-1,-1
2017420173686,2,90,0,4,0,1,0,11,0,0,3,1,6,1,-1,-1,-1,-1,-1,-1,-1,-1
2017420173724,1,9,0,16,0,0,2,0,7,0,4,1,5,1,18,4,1242,1,15,2,1,2
2017420173765,1,9,0,9,0,1,0,0,0,0,3,1,1,2,26,6,998,1,1,10,1,10
2017420173765,2,4,0,18,0,1,0,0,0,0,1,1,6,1,62,9,499,1,29,4,1,4
2017420173769,1,9,0,18,0,8,1,0,0,0,3,1,2,1,40,7,1896,2,9,1,1,1
2017420173769,2,98,1,18,0,8,0,0,0,0,4,1,1,1,42,7,-1,-1,-1,-1,-1,-1
2017420173836,1,9,0,16,0,0,1,0,7,10,1,1,5,2,18,4,1242,1,6,7,3,7
2017420173870,1,9,0,18,0,0,0,0,0,0,1,1,1,1,20,4,1149,1,5,2,1,2
2017420173870,2,9,0,18,0,0,0,0,0,0,2,1,5,2,67,10,1968,2,-1,10,1,10
2017420174030,1,9,0,9,0,5,0,0,0,0,1,1,2,1,52,8,2204,2,11,9,1,9
2017420174030,2,9,0,18,0,1,0,0,0,0,1,1,2,2,23,5,996,1,1,1,1,1
2017420174039,1,90,0,4,0,1,1,0,0,0,1,1,1,1,60,9,-1,-1,-1,5,1,5
2017420174167,1,9,0,4,0,0,0,0,0,0,1,1,5,2,43,7,1600,1,12,9,1,9
2017420174167,2,9,0,4,0,0,0,0,0,0,2,1,5,2,49,8,2143,2,4,6,1,6
2017420174171,1,9,0,17,0,0,0,0,0,0,1,1,2,2,22,5,998,1,8,5,1,5
2017420174171,2,9,0,16,0,0,0,0,0,0,1,1,2,1,58,9,1395,1,2,5,1,5
2017420174173,1,9,0,18,0,2,0,0,0,0,1,1,6,1,47,8,1582,2,3,8,1,8
2017420174354,1,9,0,18,0,1,0,0,0,0,1,1,5,2,82,11,1896,2,9,6,3,6
2017420174354,2,9,0,10,0,1,0,0,0,0,2,1,2,2,25,5,1200,1,1,7,1,7
2017420174432,1,9,0,15,0,0,0,0,0,0,1,1,6,1,37,7,1997,2,5,10,1,10
2017420174432,2,9,0,18,0,0,1,0,7,0,2,1,1,1,33,6,1598,1,11,5,1,5
2017420174440,1,9,0,18,0,0,0,0,0,0,4,1,6,2,32,6,2148,2,8,5,1,5
2017420174514,1,9,0,16,0,0,0,0,0,0,0,1,6,3,-1,-1,-1,-1,-1,-1,-1,-1
2017420174514,2,19,0,17,0,0,2,0,7,9,1,1,1,1,21,5,2198,2,1,2,1,2
2017420174540,1,19,0,9,0,8,0,0,0,0,1,1,1,1,28,6,2299,2,-1,6,1,6
2017420174540,2,9,0,18,0,8,0,0,0,0,1,1,1,2,87,11,1360,1,13,9,3,9
2017420174557,1,9,0,9,0,5,0,0,0,0,3,1,5,1,59,9,1198,1,13,8,2,8
2017420174557,2,5,0,18,0,1,1,7,1,10,1,1,2,1,50,8,553,1,22,10,3,10
2017420174636,1,9,0,18,0,0,0,0,0,0,1,1,2,1,32,6,1461,2,9,2,1,2
2017420174639,1,21,1,11,0,0,0,0,0,0,1,1,1,1,38,7,-1,-1,-1,-1,-1,-1
2017420174639,2,9,0,18,0,0,1,0,0,0,3,1,2,1,44,7,1242,1,12,4,1,4
2017420174646,1,3,0,16,0,0,0,0,0,0,4,1,5,1,19,4,125,1,10,5,3,5
2017420174647,1,9,0,5,0,4,0,0,0,0,3,1,5,2,60,9,1596,1,16,7,1,7
2017420174647,2,3,0,18,0,8,0,0,0,0,4,1,5,1,17,4,124,1,5,5,1,5
2017420174650,1,9,0,18,0,2,0,0,3,11,1,1,5,1,19,4,1968,2,4,6,1,6
2017420174827,1,9,0,18,0,1,0,0,0,0,2,1,6,2,53,8,1248,1,5,7,2,7
2017420174827,2,9,0,18,0,1,0,0,0,0,1,1,6,2,36,7,1686,2,10,6,3,6
2017420174869,1,9,0,16,0,0,0,0,1,0,1,1,2,2,24,5,1242,1,4,9,1,9
2017420174869,2,9,0,17,0,0,0,0,0,0,0,1,6,3,-1,-1,-1,-1,-1,-1,-1,-1
2017420174921,1,90,0,11,0,0,0,0,0,0,4,1,1,1,35,6,-1,-1,-1,3,1,3
2017420174921,2,9,0,18,0,0,0,0,0,0,3,1,5,2,47,8,998,1,6,2,1,2
2017420174992,1,11,0,18,0,8,0,0,0,0,0,1,6,3,-1,-1,-1,-1,-1,-1,-1,-1
2017420175002,1,11,0,4,0,0,0,0,0,0,4,1,1,1,46,8,5883,2,15,3,1,3
2017420175044,1,9,0,4,0,1,0,0,0,0,1,1,6,2,47,8,1598,1,10,9,1,9
2017420175044,2,1,0,5,0,6,0,0,0,0,1,1,6,1,16,4,-1,-1,-1,2,1,2
2017420175060,1,5,0,17,0,0,2,4,0,0,4,1,5,1,52,8,1170,1,9,3,3,3
2017420175060,2,21,0,2,0,0,0,0,0,0,2,1,6,3,-1,-1,-1,-1,-1,-1,-1,-1
2017420175062,1,3,0,16,0,0,5,0,7,0,1,1,5,1,21,5,124,1,3,3,1,3
2017420175062,2,9,0,17,0,0,0,0,0,0,1,1,6,1,39,7,1998,1,11,2,1,2
2017420175063,1,8,0,18,0,0,0,0,1,0,3,1,1,1,43,7,1797,8,6,4,1,4
2017420175065,1,1,0,18,9,1,0,0,7,0,1,1,4,1,14,3,-1,-1,-1,-1,-1,-1
2017420175066,1,9,0,18,0,0,0,0,0,0,4,1,6,1,64,9,1598,1,6,9,1,9
2017420175066,2,9,0,18,0,0,0,0,0,0,3,1,6,2,25,5,1461,2,7,2,1,2
2017420175069,1,9,0,5,0,6,0,0,0,0,3,1,6,2,44,7,1968,2,2,6,2,6
2017420175069,2,9,0,18,0,1,0,0,0,0,4,1,6,2,50,8,1461,2,7,7,2,7
2017420175074,1,9,0,18,0,0,0,0,0,0,1,1,6,3,-1,-1,-1,-1,-1,-1,-1,-1
2017420175092,1,9,0,12,0,7,0,0,0,0,0,1,6,3,-1,-1,-1,-1,-1,-1,-1,-1
2017420175092,2,9,0,12,0,2,0,0,0,0,3,1,6,1,39,7,1560,2,11,3,1,3
2017420175092,3,9,0,18,0,1,1,0,1,0,4,1,5,2,57,9,1560,2,8,2,1,2
2017420175093,1,9,0,5,0,1,0,0,0,0,1,1,6,3,-1,-1,-1,-1,-1,-1,-1,-1
2017420175099,1,9,0,18,0,1,0,0,0,0,0,1,6,2,37,7,1997,2,9,5,3,5
2017420175100,1,9,0,6,0,8,0,0,0,0,1,1,6,2,18,4,1596,1,11,6,1,6
2017420175100,2,9,0,18,0,8,0,0,0,0,4,1,5,1,33,6,998,1,15,1,1,1
2017420175102,1,9,0,18,0,0,0,0,0,0,1,1,5,1,33,6,1999,1,13,2,1,2
2017420175102,2,9,0,4,0,0,0,0,0,0,2,1,6,2,64,9,2179,2,5,2,3,2
2017420175102,3,9,0,3,0,0,0,0,0,0,2,1,6,1,46,8,1560,2,9,1,1,1
2017420175103,1,5,0,5,0,0,5,0,0,0,3,1,5,1,50,8,918,1,18,10,1,10
2017420175104,1,9,4,13,0,0,0,0,0,0,0,1,6,3,-1,-1,2982,2,2,-1,-1,-1
2017420175104,2,9,0,18,0,0,0,0,0,0,2,1,5,1,46,8,1798,1,10,9,1,9
2017420175104,3,9,0,18,0,0,1,0,0,0,1,1,5,1,25,5,1198,1,8,2,1,2
2017420175106,1,90,0,18,0,0,0,0,0,0,1,1,5,2,54,8,-1,-1,-1,1,1,1
2017420175108,1,9,0,18,0,0,0,4,0,0,1,1,2,1,55,8,1910,2,9,5,3,5
2017420175108,2,9,0,2,0,0,1,4,0,0,2,1,6,3,-1,-1,-1,-1,-1,-1,-1,-1
2017420175108,3,9,0,2,0,0,1,0,0,0,2,1,6,3,-1,-1,-1,-1,-1,-1,-1,-1
2017420175110,1,9,0,18,0,0,0,0,0,0,1,1,5,2,20,4,1242,1,4,8,2,8
2017420175110,2,9,0,18,0,0,0,0,0,0,2,1,5,1,47,8,1968,2,1,5,3,5
2017420175113,1,9,0,9,0,5,0,0,0,0,1,1,5,2,35,6,3628,2,8,7,1,7
2017420175113,2,5,0,18,0,1,1,0,1,0,1,1,5,1,77,11,996,1,14,9,3,9
2017420175133,1,3,0,18,0,1,0,0,7,0,1,1,6,1,23,5,124,1,16,4,1,4
2017420175133,2,9,0,9,0,1,0,0,0,0,3,1,5,1,34,6,1560,2,5,3,1,3
2017420175279,1,9,0,17,0,0,0,0,1,4,2,1,5,1,32,6,1242,1,13,9,2,9
2017420175297,1,9,0,2,0,0,0,0,0,0,0,1,1,1,37,7,1995,2,4,4,1,4
2017420175297,2,19,0,18,0,0,0,0,0,0,1,1,6,1,30,6,2500,2,12,7,2,7
2017420175455,1,5,0,16,0,1,0,0,0,0,3,1,6,1,71,10,996,1,17,9,2,9
2017420175515,1,9,0,18,0,1,0,0,0,0,1,1,6,1,41,7,2143,2,5,6,1,6
2017420175515,2,9,0,18,0,1,0,0,0,0,1,1,6,2,60,9,1598,1,9,4,1,4
2017420175531,1,9,0,1,0,0,0,0,0,0,2,1,3,2,44,7,1753,2,12,3,1,3
2017420175531,2,8,0,15,0,0,0,0,0,0,1,1,1,1,72,10,-1,-1,-1,10,1,10
2017420175534,1,9,0,7,0,6,0,0,0,0,3,1,6,1,19,4,1388,1,15,7,1,7
2017420175534,2,1,0,18,0,8,0,0,0,0,1,1,2,1,19,4,-1,-1,-1,9,2,9
2017420175535,1,9,0,1,9,0,0,0,0,0,3,1,5,2,38,7,999,1,2,9,1,9
2017420175535,2,1,0,18,9,0,0,0,0,0,1,1,2,1,25,5,-1,-1,-1,9,1,9
2017420175538,1,9,0,17,0,0,1,0,0,0,1,1,5,1,18,4,1124,1,12,9,1,9
2017420175538,2,9,0,16,0,0,0,0,0,0,1,1,5,1,63,9,2477,2,15,4,2,4
2017420175540,1,11,0,18,0,4,0,0,0,0,1,1,6,1,68,10,9000,2,7,-1,-1,-1
2017420175540,2,9,0,18,0,4,0,0,0,0,2,1,6,2,29,6,1242,1,4,6,1,6
2017420175638,1,9,0,9,0,1,0,0,0,0,1,1,5,1,24,5,1240,1,14,1,1,1
2017420175638,2,9,0,18,0,1,0,0,0,0,1,1,6,2,45,7,1596,1,3,6,2,6
2017420175638,3,9,0,10,0,2,0,0,0,0,1,1,6,2,66,10,1968,2,9,10,1,10
2017420175638,4,9,0,3,0,2,0,0,0,0,3,1,6,1,42,7,1968,2,2,6,2,6
2017420175650,1,9,0,7,0,1,0,0,0,0,1,1,6,2,45,7,1968,2,3,1,1,1
2017420175650,2,1,0,18,4,1,0,0,0,0,1,1,2,1,51,8,-1,-1,-1,4,1,4
2017420175666,1,98,0,18,0,0,0,0,0,0,1,1,6,1,-1,-1,-1,-1,-1,-1,-1,-1
2017420175666,2,9,0,18,0,0,0,0,0,0,2,1,6,2,27,6,1229,1,11,3,1,3
2017420175731,1,19,0,9,0,2,0,0,0,0,3,1,2,1,30,6,1870,2,11,2,1,2
2017420175731,2,4,0,16,0,2,0,0,0,0,4,1,2,1,36,7,249,1,7,6,1,6
2017420175751,1,98,1,18,0,0,0,0,0,0,1,1,6,1,50,8,-1,-1,-1,5,1,5
2017420175751,2,9,0,18,0,0,0,0,0,0,2,1,6,2,18,4,1598,1,12,9,1,9
2017420175752,1,3,0,16,0,0,1,0,0,0,1,1,1,1,24,5,124,1,6,6,1,6
2017420175752,2,9,0,16,0,0,0,0,0,0,2,1,5,2,28,6,1242,1,8,2,1,2
2017420175752,3,9,0,17,0,0,0,0,0,0,1,1,5,2,37,7,1598,1,12,2,1,2
2017420175819,1,9,0,5,0,0,0,0,0,0,1,1,2,1,23,5,1242,1,8,3,1,3
2017420175819,2,9,0,4,0,0,0,0,0,0,2,1,2,2,28,6,1598,1,12,6,1,6
2017420175850,1,9,0,4,0,1,0,0,0,0,2,1,6,1,-1,-1,1596,1,13,-1,-1,-1
2017420175850,2,9,0,18,0,1,0,0,0,0,1,1,6,2,42,7,1686,2,3,5,1,5
2017420175875,1,9,0,18,0,4,0,0,0,0,0,1,6,1,71,10,1994,1,14,8,2,8
2017420175875,2,2,0,18,0,8,1,0,0,0,0,1,6,1,29,6,49,1,10,7,3,7
2017420175998,1,17,0,4,0,0,1,0,0,0,1,2,1,1,45,7,-1,-1,-1,9,2,9
2017420175998,2,9,0,4,0,0,0,0,7,0,2,1,5,2,39,7,1242,1,2,8,1,8
2017420175998,3,19,0,18,0,0,0,0,0,0,2,1,2,1,42,7,2198,2,10,8,2,8
2017420175998,4,9,0,18,0,0,0,0,0,0,1,1,2,1,38,7,1956,2,4,6,1,6
2017420175998,5,19,0,18,0,0,0,0,0,0,1,1,2,1,34,6,2143,2,2,6,2,6
2017420176001,1,9,0,9,0,5,0,0,0,0,4,1,5,1,25,5,1984,1,7,7,3,7
2017420176001,2,9,0,18,0,8,0,0,0,0,1,1,2,1,27,6,1149,1,10,5,1,5
2017420176141,1,9,0,1,9,0,0,0,0,0,2,1,6,1,-1,-1,1796,1,6,-1,-1,-1
2017420176149,1,9,0,11,0,3,0,0,0,0,1,1,1,1,43,7,1796,1,17,3,1,3
2017420176149,2,5,0,12,0,8,5,0,0,0,3,1,1,1,42,7,745,1,1,10,3,10
2017420176242,1,9,0,10,0,1,0,0,0,0,1,1,5,1,64,9,1968,2,2,5,1,5
2017420176242,2,1,0,18,0,1,0,0,0,0,1,1,5,1,35,6,-1,-1,-1,-1,-1,-1
2017420176361,1,9,0,3,0,0,0,0,0,0,4,1,6,3,-1,-1,1686,2,13,-1,-1,-1
2017420176361,2,1,0,15,0,0,0,0,0,0,3,1,6,2,45,7,-1,-1,-1,2,1,2
2017420176367,1,5,0,18,0,8,2,0,0,0,0,1,5,1,54,8,1783,1,1,1,1,1
2017420176367,2,9,0,3,0,1,0,0,0,0,0,1,5,1,68,10,1796,1,11,1,1,1
2017420176439,1,90,0,18,0,1,1,0,0,0,1,1,1,1,40,7,-1,-1,-1,3,1,3
2017420176439,2,9,0,4,0,1,0,0,0,0,2,1,5,1,68,10,1386,1,5,5,1,5
2017420176439,3,19,0,4,0,1,0,0,0,0,2,1,2,1,37,7,1968,2,1,9,3,9
2017420176441,1,9,0,16,0,0,0,0,7,3,1,1,6,2,43,7,1968,2,12,2,1,2
2017420176441,2,9,0,18,0,0,0,0,0,0,3,1,6,2,65,9,1461,2,2,2,1,2
2017420176442,1,19,0,18,0,0,0,4,0,0,1,1,1,1,31,6,1499,2,1,1,1,1
2017420176442,2,9,0,2,9,0,0,0,0,0,2,1,6,3,-1,-1,-1,-1,-1,-1,-1,-1