Accident_Index,Vehicle_Reference,Vehicle_Type,Towing_and_Articulation,Vehicle_Manoeuvre,Vehicle_Location-Restricted_Lane,Junction_Location,Skidding_and_Overturning,Hit_Object_in_Carriageway,Vehicle_Leaving_Carriageway,Hit_Object_off_Carriageway,1st_Point_of_Impact,Was_Vehicle_Left_Hand_Drive?,Journey_Purpose_of_Driver,Sex_of_Driver,Age_of_Driver,Age_Band_of_Driver,Engine_Capacity_(CC),Propulsion_Code,Age_of_Vehicle,Driver_IMD_Decile,Driver_Home_Area_Type,Vehicle_IMD_Decile
2017420181475,2,9,0,4,0,0,0,0,0,0,2,1,5,2,47,8,1242,1,14,3,1,3
2017420181475,3,9,0,4,0,0,0,0,0,0,2,1,5,1,32,6,2401,2,9,6,1,6
2017420181478,1,90,0,16,0,0,0,0,7,0,1,1,6,1,29,6,700,1,12,2,1,2
2017420181478,2,9,0,16,0,0,0,0,0,0,0,1,6,3,-1,-1,-1,-1,-1,-1,-1,-1
2017420181481,1,9,0,18,9,1,1,0,1,0,1,1,6,1,35,6,5204,1,2,-1,-1,-1
2017420181481,2,9,0,2,0,1,0,0,0,0,4,1,6,3,-1,-1,-1,-1,-1,-1,-1,-1
2017420181487,1,9,0,9,0,2,0,0,0,0,3,1,6,2,59,9,1242,1,7,3,1,3
2017420181487,2,1,0,18,0,2,0,0,0,0,1,1,6,1,30,6,-1,-1,-1,1,1,1
2017420181723,1,5,0,18,0,0,2,0,0,0,2,1,6,1,50,8,644,1,15,4,2,4
2017420181723,2,5,0,18,0,0,2,0,0,0,1,1,6,1,41,7,748,1,7,4,1,4
2017420181835,1,9,0,18,0,0,0,0,0,0,1,1,6,2,30,6,1497,8,2,4,1,4
2017420181835,2,9,0,18,0,0,0,0,0,0,2,1,1,1,24,5,-1,-1,-1,4,1,4
2017420181835,3,9,0,18,0,0,0,0,0,0,2,1,5,1,58,9,1998,2,15,1,1,1
2017420181846,1,9,0,9,0,8,0,0,0,0,3,1,5,1,23,5,1395,1,2,5,1,5
2017420181846,2,9,0,18,0,8,0,0,0,0,1,1,5,2,25,5,1598,1,10,8,2,8
2017420181863,1,9,0,18,0,0,0,0,7,0,1,1,5,2,30,6,1499,2,2,2,3,2
2017420181898,1,19,0,18,0,5,0,0,0,0,1,1,1,1,36,7,1399,2,9,9,1,9
2017420181898,2,21,0,16,0,1,0,0,0,0,1,1,1,1,35,6,7698,2,3,8,1,8
2017420181904,1,9,0,7,0,2,0,0,0,0,1,1,6,1,20,4,-1,-1,-1,-1,-1,-1
2017420181904,2,3,0,7,0,2,0,0,0,0,2,1,6,1,46,8,85,1,17,5,3,5
2017420181909,1,9,0,18,0,8,0,0,0,0,1,1,6,2,53,8,1582,2,5,-1,-1,-1
2017420181909,2,9,0,18,0,1,0,0,0,0,1,1,6,2,41,7,1360,1,14,10,1,10
2017420181963,1,9,0,18,0,0,1,0,0,0,1,1,5,1,70,10,1798,1,16,9,1,9
2017420181963,2,9,0,3,0,0,0,0,0,0,2,1,5,2,34,6,1596,1,9,9,3,9
2017420182272,1,21,1,18,0,0,0,0,0,0,1,1,1,1,45,7,7698,2,2,2,1,2
2017420182272,2,21,0,4,0,0,0,0,0,0,2,1,1,1,60,9,12777,2,2,2,1,2
2017420182272,3,9,3,4,0,0,0,0,0,0,0,1,5,1,76,11,1997,2,7,7,2,7
2017420182302,1,9,0,6,0,0,0,0,0,0,0,1,6,1,20,4,1499,2,4,7,1,7
2017420182302,2,9,0,18,0,0,1,0,0,0,1,1,6,2,29,6,1242,1,15,6,1,6
2017420182302,3,9,0,4,0,0,0,0,0,0,2,1,6,1,41,7,2993,2,13,5,1,5
2017420182304,1,5,0,16,0,8,2,0,0,0,1,1,2,1,33,6,599,1,7,2,1,2
2017420182304,2,21,1,3,0,1,0,0,0,0,3,1,1,1,61,9,6370,2,11,3,1,3
2017420182304,3,9,0,18,0,1,0,0,0,0,3,1,6,1,64,9,-1,-1,-1,4,1,4
2017420182305,1,19,0,18,0,0,1,0,0,0,1,1,1,1,30,6,2298,2,4,6,3,6
2017420182305,2,9,0,18,0,0,0,0,0,0,2,1,6,2,46,8,1390,1,5,7,3,7
2017420182305,3,9,0,4,0,0,0,0,0,0,2,1,6,1,57,9,2993,2,6,10,1,10
2017420182305,4,9,0,4,0,0,0,0,1,0,1,1,2,1,72,10,1598,2,1,4,1,4
2017420182308,1,9,0,9,0,8,0,0,0,0,1,1,5,1,34,6,1595,1,14,3,1,3
2017420182308,2,9,0,18,0,8,0,0,0,0,1,1,5,1,34,6,1796,1,6,4,1,4
2017420182308,3,9,0,10,0,1,0,0,0,0,1,1,5,1,38,7,3200,2,7,4,3,4
2017420182329,1,21,1,9,0,5,0,0,0,0,0,1,1,1,43,7,15607,2,13,6,2,6
2017420182329,2,9,0,18,0,8,0,0,7,4,1,1,6,2,88,11,1124,1,11,3,2,3
2017420182506,1,90,0,18,0,1,0,0,0,0,1,1,5,1,31,6,-1,-1,-1,9,2,9
2017420182506,2,9,0,18,0,1,1,0,1,0,4,1,5,2,73,10,1296,1,10,10,1,10
2017420182557,1,9,0,12,0,2,1,0,4,6,1,1,6,2,44,7,1248,2,6,5,2,5
2017420182557,2,9,0,18,0,7,1,0,1,4,3,1,6,1,28,6,1798,1,7,8,1,8
2017420182625,1,9,0,17,0,0,1,0,2,0,4,1,2,2,23,5,1229,1,4,4,1,4
2017420182625,2,9,0,16,0,0,0,0,1,0,1,1,2,2,55,8,1598,1,11,8,2,8
2017420182685,1,19,0,18,0,1,0,0,0,0,4,1,6,2,27,6,1998,2,15,-1,-1,-1
2017420182764,1,9,0,18,0,0,0,0,0,0,3,1,6,1,29,6,1686,2,9,6,1,6
2017420182764,2,9,0,18,0,0,0,0,0,0,3,1,5,2,45,7,2987,2,6,8,3,8
2017420182766,1,21,1,18,0,0,0,0,0,0,1,1,1,1,41,7,12740,2,3,6,1,6
2017420182766,2,9,0,18,0,0,0,0,0,0,2,1,6,2,27,6,1995,2,6,7,2,7
2017420182766,3,9,0,18,0,0,0,0,0,0,2,1,6,2,32,6,1349,1,9,8,1,8
2017420182766,4,9,0,18,0,0,0,0,0,0,2,1,6,1,71,10,1991,1,2,5,1,5
2017420182768,1,9,0,11,0,0,0,0,0,0,4,1,6,1,44,7,1596,1,8,-1,-1,-1
2017420182768,2,9,0,18,0,0,0,0,0,0,3,1,6,2,59,9,1242,1,12,9,1,9
2017420182768,3,9,0,18,0,0,0,0,0,0,3,1,6,1,65,9,1598,1,4,9,1,9
2017420182770,1,9,0,4,0,0,0,0,0,0,2,1,1,1,56,9,1396,1,12,3,1,3
2017420182770,2,9,0,16,0,0,0,0,0,0,1,1,6,1,55,8,5786,1,15,9,1,9
2017420182771,1,98,1,12,0,0,0,0,0,0,1,2,1,1,38,7,-1,-1,-1,-1,-1,-1
2017420182771,2,9,0,18,0,0,1,0,0,0,4,1,5,1,29,6,1584,1,10,3,1,3
2017420182771,3,21,1,18,0,0,0,0,0,0,3,1,1,1,52,8,10837,2,4,4,1,4
2017420182772,1,9,0,18,0,4,0,0,0,0,1,1,6,3,-1,-1,-1,-1,-1,-1,-1,-1
2017420182772,2,1,0,18,0,4,1,0,0,0,2,1,2,1,64,9,-1,-1,-1,-1,-1,-1
2017420182913,1,9,0,18,0,1,0,0,0,0,3,1,6,2,72,10,1598,1,4,9,3,9
2017420182913,2,21,4,11,0,1,0,0,0,0,4,1,6,1,33,6,10837,2,8,3,1,3
2017420182989,1,9,0,9,0,1,0,0,0,0,1,1,5,2,56,9,1991,2,14,2,1,2
2017420182989,2,90,0,18,0,2,0,0,0,0,1,1,1,1,35,6,9290,2,-1,9,1,9
2017420183012,1,9,0,18,0,1,0,0,0,0,0,1,3,1,43,7,2696,2,10,-1,-1,-1
2017420183024,1,19,0,1,0,0,0,0,0,0,2,1,6,1,22,5,2143,2,3,5,2,5
2017420183069,1,9,0,4,0,0,0,0,0,0,1,1,2,1,35,6,1995,2,9,1,1,1
2017420183069,2,19,0,4,0,0,0,0,0,0,1,1,1,1,58,9,1499,2,1,4,1,4
2017420183069,3,9,0,4,0,0,0,0,0,0,2,1,6,1,65,9,1998,2,10,9,2,9
2017420183073,1,9,-1,18,0,8,0,0,0,0,1,1,6,3,-1,-1,-1,-1,-1,-1,-1,-1
2017420183073,2,1,0,18,0,8,0,0,0,0,2,1,6,1,31,6,-1,-1,-1,1,1,1
2017420183075,1,9,0,18,0,2,0,0,0,0,4,1,6,1,64,9,-1,-1,-1,8,3,8
2017420183082,1,9,0,7,0,0,0,0,0,0,4,1,2,2,53,8,996,1,8,3,1,3
2017420183082,2,3,0,18,0,0,0,0,0,0,3,1,2,1,25,5,125,1,-1,7,1,7
2017420183086,1,9,0,7,0,3,0,0,0,0,1,1,6,1,80,11,1497,8,10,4,1,4
2017420183086,2,1,0,18,0,8,0,0,0,0,3,1,6,2,41,7,-1,-1,-1,4,1,4
2017420183130,1,9,0,18,0,0,0,0,0,0,1,1,6,1,21,5,1995,2,5,7,1,7
2017420183130,2,9,0,18,0,0,0,0,0,0,2,1,6,2,30,6,999,1,1,4,1,4
2017420183130,3,9,0,18,0,0,0,0,0,0,1,1,4,1,18,4,1242,1,12,5,1,5
2017420183130,4,9,0,4,0,0,0,0,0,0,2,1,2,2,53,8,1997,1,15,1,1,1
2017420183216,1,5,0,7,0,0,0,0,7,0,1,1,5,1,27,6,798,1,5,3,1,3
2017420183221,1,19,0,5,0,0,0,0,0,0,0,1,2,1,40,7,1686,2,9,8,2,8
2017420183221,2,5,0,18,0,0,2,0,0,0,4,1,6,1,55,8,988,1,13,6,1,6
2017420183224,1,9,0,9,0,8,0,0,0,0,1,1,6,1,24,5,1896,2,15,7,3,7
2017420183224,2,9,0,18,0,8,0,0,0,0,1,1,6,2,27,6,1299,1,14,7,3,7
2017420183231,1,9,0,17,0,0,1,0,0,0,4,1,3,1,18,4,1328,1,9,9,2,9
2017420183231,2,9,0,16,0,0,0,0,0,0,1,1,6,2,70,10,1596,1,6,8,2,8
2017420183232,1,9,0,18,0,0,1,0,7,0,1,1,5,1,17,4,1364,1,10,10,1,10
2017420183384,1,9,0,18,0,0,1,0,1,0,1,1,5,2,23,5,1388,1,7,10,1,10
2017420183414,1,9,0,18,7,0,0,0,0,0,4,1,1,1,45,7,2993,2,2,8,1,8
2017420183441,1,19,0,18,0,0,0,0,0,0,2,1,5,2,43,7,1968,2,4,8,1,8
2017420183441,2,9,0,18,0,0,0,0,0,0,2,1,5,1,64,9,2179,2,5,7,1,7
2017420183441,3,9,0,18,0,0,0,0,0,0,1,1,5,2,41,7,4999,1,7,7,1,7
2017420183441,4,9,0,18,0,0,0,0,0,0,1,1,5,1,33,6,1798,8,2,10,1,10
2017420183559,1,9,0,16,0,1,0,0,0,0,1,1,5,2,24,5,1299,1,16,7,1,7
2017420183559,2,9,0,10,0,2,0,0,0,0,3,1,5,1,49,8,2987,2,9,6,3,6
2017420183631,1,9,0,18,0,2,0,0,0,0,1,1,5,2,50,8,1998,2,10,3,1,3
2017420183631,2,9,0,4,0,2,0,0,0,0,2,1,6,1,60,9,2231,2,11,8,1,8
2017420183639,1,9,0,9,0,8,0,0,0,0,4,1,1,1,59,9,-1,-1,-1,4,1,4
2017420183639,2,21,1,18,0,8,1,0,0,0,1,1,1,1,27,6,12777,2,3,9,1,9
2017420183639,3,21,1,10,0,8,0,0,0,0,3,1,1,1,50,8,12777,2,11,1,1,1
2017420183643,1,9,0,18,0,1,0,0,0,0,4,1,6,2,42,7,1197,1,-1,8,1,8
2017420183645,1,19,0,18,0,1,0,0,0,0,1,1,6,1,22,5,1968,2,1,5,1,5
2017420183645,2,9,0,3,0,1,0,0,0,0,2,1,6,1,47,8,1560,2,5,3,1,3
2017420183654,1,9,0,9,0,8,0,0,0,0,1,1,5,1,60,9,1497,8,10,3,1,3
2017420183654,2,9,0,18,0,8,0,0,0,0,3,1,5,1,54,8,1364,1,-1,2,1,2
2017420183655,1,9,0,13,0,0,0,0,0,0,-1,1,6,3,-1,-1,-1,-1,-1,-1,-1,-1
2017420183655,2,9,0,18,0,0,5,0,1,11,4,1,5,1,24,5,-1,-1,-1,2,1,2
2017420183656,1,9,0,18,0,0,1,7,0,0,0,1,2,2,28,6,1598,2,2,7,1,7
2017420183756,1,9,0,18,0,0,0,0,0,0,1,1,6,2,-1,-1,1998,2,12,-1,-1,-1
2017420183756,2,9,0,18,0,0,0,0,0,0,2,1,6,2,24,5,1999,1,11,10,1,10
2017420183766,1,9,0,18,0,1,0,0,0,0,1,1,5,1,35,6,1560,2,1,5,1,5
2017420183766,2,4,0,3,0,1,0,0,0,0,2,1,5,1,69,10,321,1,-1,3,1,3
2017420183782,1,9,0,4,0,0,0,0,0,0,2,1,6,1,36,7,1991,1,3,5,1,5
2017420183782,2,9,0,18,0,0,0,0,0,0,1,1,2,1,35,6,2993,2,7,3,1,3
2017420183797,1,9,0,18,0,2,0,0,0,0,1,1,5,1,21,5,-1,-1,-1,5,1,5
2017420183797,2,9,0,18,0,8,0,0,1,0,1,1,5,1,58,9,1997,2,10,5,3,5
2017420183807,1,9,0,18,0,0,0,0,0,0,1,1,5,1,18,4,1242,1,-1,3,1,3
2017420183807,2,9,0,18,0,0,0,0,0,0,2,1,6,1,25,5,-1,-1,-1,-1,-1,-1
2017420183814,1,9,0,13,0,0,0,0,0,0,0,1,6,1,-1,-1,-1,-1,-1,-1,-1,-1
2017420183814,2,9,0,18,0,0,1,0,0,0,1,1,5,1,19,4,1896,2,15,-1,-1,-1
2017420183814,3,19,0,18,0,0,1,10,1,11,1,1,5,1,63,9,1997,2,15,7,1,7
2017420183821,1,9,0,4,0,0,0,0,0,0,1,1,6,1,89,11,998,1,9,7,1,7
2017420183821,2,9,0,2,0,0,0,0,0,0,1,1,6,3,-1,-1,-1,-1,-1,-1,-1,-1
2017420183821,3,9,0,2,0,0,0,0,0,0,4,1,6,3,-1,-1,-1,-1,-1,-1,-1,-1
2017420183822,1,9,0,5,0,2,0,0,0,0,1,1,6,2,26,6,1242,1,3,10,1,10
2017420183822,2,9,0,18,0,8,0,0,0,0,1,1,6,1,55,8,1968,2,1,10,1,10
2017420183836,1,9,0,18,0,0,0,0,0,0,1,1,1,1,28,6,2993,2,2,8,1,8
2017420183836,2,9,0,18,0,0,0,0,7,0,2,1,6,1,-1,-1,898,1,2,-1,-1,-1
2017420183844,1,21,1,11,0,0,0,0,0,0,1,1,1,1,33,6,12419,2,2,5,1,5
2017420183844,2,9,0,18,0,0,1,0,4,6,2,1,6,1,75,10,2494,1,20,4,1,4
2017420183844,3,9,0,18,0,0,0,0,0,0,0,1,6,1,38,7,2793,1,19,8,1,8
2017420183846,1,9,0,18,0,6,0,0,0,0,3,1,2,2,38,7,1598,1,14,1,1,1
2017420183846,2,9,0,9,0,2,0,0,0,0,1,1,5,1,47,8,1198,1,2,9,2,9
2017420183849,1,9,0,18,0,0,1,0,0,0,3,1,6,2,22,5,1349,1,12,8,3,8
2017420183861,1,9,0,9,0,1,0,0,1,1,1,1,6,1,25,5,1149,1,13,3,1,3
2017420183866,1,20,0,4,0,0,0,0,0,0,1,1,1,1,61,9,5193,2,6,-1,-1,-1
2017420183866,2,9,0,10,0,0,0,0,0,0,2,1,1,1,44,7,1798,8,-1,2,1,2
2017420183875,1,5,0,13,0,1,0,0,0,0,1,1,5,2,45,7,865,1,2,5,1,5
2017420183875,2,9,0,10,0,1,0,0,0,0,3,1,5,1,59,9,3226,2,15,4,3,4
2017420183894,1,-1,-1,9,0,0,0,0,0,0,4,1,6,1,-1,-1,-1,-1,-1,-1,-1,-1
2017420183894,2,1,-1,18,0,0,0,0,0,0,1,1,6,2,47,8,-1,-1,-1,8,2,8
2017420183899,1,9,0,18,0,0,0,0,0,0,1,1,5,1,59,9,1197,1,-1,5,1,5
2017420183899,2,9,0,10,0,0,0,0,0,0,2,1,5,1,58,9,1197,1,3,5,2,5
2017420183901,1,9,0,13,0,0,0,0,0,0,4,1,5,1,75,10,2993,2,6,5,3,5
2017420183901,2,1,0,18,0,0,5,0,0,0,3,1,5,2,33,6,-1,-1,-1,3,1,3
2017420183905,1,21,1,5,0,3,0,0,0,0,3,1,1,1,52,8,12900,2,6,-1,2,-1
2017420183905,2,5,0,18,0,3,1,0,0,0,3,1,6,1,52,8,649,1,3,1,1,1
2017420183909,1,9,0,12,0,0,0,0,0,0,3,2,5,2,31,6,1349,1,8,-1,-1,-1
2017420183909,2,11,0,18,0,0,0,0,0,0,1,2,1,1,24,5,12742,2,3,1,1,1
2017420183909,3,9,0,3,0,0,0,0,0,0,2,2,5,2,35,6,1798,1,13,2,1,2
2017420183910,1,9,0,9,0,6,0,0,0,0,3,1,5,1,56,9,1951,2,15,1,1,1
2017420183910,2,5,0,18,0,8,0,0,0,0,1,1,5,1,32,6,749,1,10,2,1,2
2017420183913,1,9,0,16,0,0,0,0,0,0,1,1,6,2,20,4,1242,1,3,9,1,9
2017420183913,2,9,0,17,0,0,0,0,1,0,1,1,5,1,46,8,1997,2,-1,5,1,5
2017420183927,1,9,0,18,0,0,0,0,0,0,1,1,6,1,-1,-1,1998,2,13,-1,-1,-1
2017420183927,2,9,0,18,0,0,0,0,0,0,2,1,6,1,70,10,1598,1,14,4,3,4
2017420184023,1,9,0,18,0,1,0,0,0,0,1,1,5,1,44,7,1995,2,4,9,1,9
2017420184023,2,9,0,4,0,1,0,0,0,0,2,1,5,2,33,6,1242,1,4,3,1,3
2017420184076,1,9,0,18,0,1,0,0,0,0,3,1,3,1,42,7,1598,1,15,8,1,8
2017420184147,1,9,0,4,0,0,0,0,0,0,1,1,5,2,68,10,1498,1,1,8,3,8
2017420184147,2,9,0,3,0,0,0,0,0,0,2,1,5,1,60,9,1598,2,3,7,2,7
2017420184147,3,9,0,3,0,0,0,0,0,0,2,1,2,2,27,6,1595,1,13,5,2,5
2017420184147,4,9,0,3,0,0,0,0,0,0,2,1,5,1,62,9,1597,2,1,8,1,8
2017420184150,1,9,0,18,0,1,2,0,0,0,1,1,6,2,47,8,1596,1,7,3,1,3
2017420184179,1,9,0,18,0,0,0,0,0,0,1,1,6,1,-1,-1,-1,-1,-1,-1,-1,-1
2017420184196,1,19,0,4,0,0,0,0,0,0,1,1,2,1,37,7,1560,2,2,4,1,4
2017420184196,2,9,0,4,0,0,0,0,0,0,2,1,2,2,50,8,1995,2,4,5,1,5
2017420184196,3,19,0,3,0,0,0,0,0,0,2,1,2,1,25,5,1598,2,2,4,1,4
2017420184232,1,9,0,18,0,0,1,0,7,9,1,1,2,2,22,5,1299,1,18,5,1,5
2017420184273,1,1,0,18,9,0,0,0,0,0,1,1,6,1,16,4,-1,-1,-1,-1,-1,-1
2017420184273,2,8,0,7,0,0,0,0,0,0,4,1,1,1,67,10,1997,2,3,7,3,7
2017420184275,1,9,0,4,0,0,0,0,0,0,1,1,2,1,59,9,1339,1,13,1,1,1
2017420184275,2,9,0,4,0,0,0,0,0,0,2,1,5,2,60,9,1242,1,9,7,1,7
2017420184275,3,9,0,3,0,0,0,0,0,0,2,1,5,2,27,6,1598,2,6,3,1,3
2017420184277,1,9,0,9,0,1,0,0,0,0,1,1,5,1,76,11,1686,2,5,8,1,8
2017420184277,2,3,0,9,0,1,0,0,0,0,3,1,5,1,54,8,108,1,5,3,1,3
2017420184287,1,19,0,5,0,4,0,0,0,0,1,1,2,1,25,5,1499,2,-1,10,1,10
2017420184287,2,9,0,5,0,3,0,0,0,0,2,1,5,2,39,7,998,1,10,6,1,6
2017420184287,3,9,0,5,0,4,0,0,0,0,0,1,5,2,33,6,1242,1,2,9,1,9
2017420184295,1,9,0,1,0,0,0,0,0,0,2,1,6,3,-1,-1,-1,-1,-1,-1,-1,-1
2017420184305,1,19,0,1,0,0,0,0,0,0,2,1,6,1,51,8,1560,2,3,4,1,4
2017420184458,1,9,0,1,9,8,0,0,0,0,2,1,6,2,53,8,1560,2,7,5,1,5
2017420184460,1,9,0,18,0,0,0,0,0,0,1,1,5,2,26,6,-1,-1,-1,2,1,2
2017420184460,2,9,0,4,0,0,0,0,0,0,2,1,5,2,61,9,998,1,4,4,1,4
2017420184472,1,19,0,10,0,6,0,0,0,0,1,1,2,1,34,6,1598,2,6,3,1,3
2017420184472,2,3,0,18,0,1,2,0,7,0,4,1,2,1,27,6,125,1,1,3,1,3
2017420184519,1,9,0,5,0,1,0,0,0,0,3,1,5,1,25,5,1995,2,3,10,1,10
2017420184519,2,9,0,18,0,1,0,0,0,0,1,1,5,2,21,5,1399,2,12,10,1,10
2017420184533,1,9,0,18,0,0,0,12,0,0,1,1,1,2,63,9,1399,2,8,6,1,6
2017420184542,1,9,0,9,0,1,0,0,0,0,1,1,1,1,49,8,1198,1,2,7,2,7
2017420184542,2,5,0,13,0,1,5,0,7,0,4,1,2,1,50,8,1170,1,-1,8,1,8
2017420184578,1,9,0,4,0,1,1,0,0,0,1,1,5,2,26,6,1229,1,9,1,1,1
2017420184578,2,9,0,3,0,1,0,0,0,0,2,1,5,2,64,9,1388,1,11,5,1,5
2017420184652,1,5,0,17,0,0,0,0,1,0,1,1,2,1,31,6,1690,1,-1,7,1,7
2017420184693,1,9,0,18,0,4,5,0,3,4,1,1,2,2,44,7,1995,1,10,10,3,10
2017420184695,1,8,0,18,0,0,0,4,0,0,1,1,5,1,46,8,898,1,3,3,1,3
2017420184695,2,9,0,2,0,0,0,0,0,0,1,1,6,3,-1,-1,-1,-1,-1,-1,-1,-1
2017420184697,1,9,0,18,0,0,0,0,0,0,1,1,6,2,40,7,1995,2,10,10,1,10
2017420184697,2,9,0,18,0,0,0,0,0,0,2,1,6,1,42,7,3000,2,12,10,1,10
2017420184796,1,9,0,15,0,0,0,0,0,0,4,1,5,1,84,11,1598,1,11,9,2,9
2017420184796,2,1,0,18,0,0,0,0,0,0,3,1,6,1,38,7,-1,-1,-1,4,1,4
2017420184850,1,9,0,1,0,0,0,0,0,0,2,1,6,2,29,6,1598,1,12,2,1,2
2017420184972,1,5,0,16,0,8,5,0,0,0,4,1,5,1,59,9,996,1,19,8,1,8
2017420184973,1,9,0,18,0,2,0,0,0,0,1,1,5,1,84,11,1498,1,18,8,1,8
2017420184973,2,9,0,2,0,1,0,0,0,0,2,1,6,3,-1,-1,-1,-1,-1,-1,-1,-1
2017420184973,3,9,0,2,0,2,0,0,0,0,2,1,6,3,-1,-1,-1,-1,-1,-1,-1,-1
2017420184990,1,19,0,18,0,7,0,0,0,0,1,1,1,1,43,7,2198,2,2,6,2,6
2017420184990,2,9,0,18,0,7,0,0,0,0,2,1,6,2,48,8,875,1,3,10,2,10
2017420184990,3,9,0,18,0,7,0,0,0,0,2,1,6,1,53,8,1968,2,3,6,2,6
2017420185013,1,9,0,1,0,0,0,0,1,10,2,1,6,1,80,11,1596,1,14,3,1,3
2017420185068,1,3,0,18,0,0,0,4,0,0,4,1,6,1,83,11,124,1,2,10,2,10
2017420185068,2,9,0,2,0,0,0,0,0,0,4,1,6,3,-1,-1,-1,-1,-1,-1,-1,-1
2017420185068,3,9,0,2,0,0,0,0,0,0,3,1,6,3,-1,-1,-1,-1,-1,-1,-1,-1
2017420185068,4,9,0,2,0,0,0,0,0,0,4,1,6,3,-1,-1,-1,-1,-1,-1,-1,-1
2017420185068,5,9,0,2,0,0,0,0,0,0,4,1,6,3,-1,-1,-1,-1,-1,-1,-1,-1
2017420185068,6,9,0,2,0,0,0,0,0,0,3,1,6,3,-1,-1,-1,-1,-1,-1,-1,-1
2017420185068,7,9,0,2,0,0,0,0,0,0,2,1,6,3,-1,-1,-1,-1,-1,-1,-1,-1
2017420185071,1,9,0,16,0,0,0,0,0,0,3,1,6,1,88,11,1761,1,22,6,3,6
2017420185071,2,9,0,18,0,0,0,0,0,0,3,1,6,1,79,11,1360,1,16,1,1,1
2017420185071,3,9,0,18,0,0,0,0,0,0,1,1,6,1,70,10,1686,2,5,5,2,5
2017420185077,1,9,0,18,0,2,0,0,0,0,1,1,6,3,-1,-1,-1,-1,-1,-1,-1,-1
2017420185080,1,9,0,9,0,2,0,0,0,0,1,1,5,2,18,4,1229,1,12,6,1,6
2017420185080,2,9,0,9,0,5,0,0,0,0,1,1,5,1,26,6,1968,2,1,-1,-1,-1
2017420185081,1,9,0,18,0,0,1,0,0,0,4,1,6,1,57,9,1753,2,13,1,1,1
2017420185082,1,5,0,12,0,0,0,0,5,0,3,1,5,2,39,7,-1,-1,-1,4,1,4
2017420185085,1,9,0,18,0,0,0,0,0,0,3,1,3,2,41,7,1242,1,13,4,1,4
2017420185085,2,9,0,3,0,0,0,0,0,0,3,1,5,1,38,7,4134,2,3,4,1,4
2017420185086,1,9,0,18,0,0,0,0,0,0,1,1,5,2,26,6,-1,-1,-1,-1,-1,-1
2017420185086,2,9,0,4,0,0,0,0,0,0,2,1,5,2,25,5,1461,2,6,3,1,3
2017420185145,1,1,0,18,9,0,0,0,0,0,3,1,5,1,38,7,-1,-1,-1,9,1,9
2017420185145,2,9,0,7,0,0,0,0,0,0,4,1,5,1,71,10,2967,1,7,9,1,9
2017420185180,1,9,0,6,0,0,0,0,0,0,0,1,2,1,32,6,1686,2,15,8,1,8
2017420185180,2,5,0,18,0,0,1,0,0,0,3,1,2,1,25,5,-1,-1,-1,3,1,3
2017420185249,1,1,0,18,0,0,0,0,0,0,2,1,6,1,18,4,-1,-1,-1,3,1,3
2017420185249,2,9,0,18,0,0,0,0,0,0,1,1,6,2,21,5,1686,2,10,4,1,4
2017420185286,1,1,0,5,0,0,0,0,0,0,3,1,6,2,60,9,-1,-1,-1,5,3,5
2017420185286,2,9,0,18,0,0,0,0,0,0,1,1,6,2,75,10,1497,1,13,10,1,10
2017420185345,1,9,0,9,0,2,0,0,0,0,1,1,6,2,28,6,2261,1,-1,8,1,8
2017420185345,2,9,0,18,0,1,0,0,0,0,1,1,6,1,72,10,1560,2,6,6,3,6
2017420185404,1,19,0,16,0,0,0,0,0,0,4,1,1,1,49,8,2143,2,4,8,2,8
2017420185433,1,9,0,3,0,0,0,0,0,0,3,1,6,1,62,9,1240,1,11,2,1,2
2017420185438,1,9,0,9,0,5,0,0,0,0,1,1,5,2,85,11,1364,1,10,10,3,10
2017420185438,2,1,0,18,0,1,0,0,0,0,3,1,5,1,47,8,-1,-1,-1,10,1,10
2017420185439,1,3,0,18,0,0,2,0,0,0,1,1,6,1,37,7,124,1,13,2,1,2
2017420185439,2,9,0,18,0,0,0,0,0,0,2,1,6,1,64,9,1582,2,6,6,1,6
2017420185461,1,9,0,18,0,0,0,0,1,0,1,1,6,2,39,7,1242,1,7,3,1,3
2017420185462,1,9,0,5,0,4,0,0,0,0,1,1,5,2,41,7,1798,1,-1,8,1,8
2017420185465,1,3,0,16,0,0,0,0,7,0,1,1,5,1,22,5,-1,-1,-1,4,1,4
2017420185465,2,9,0,17,0,0,0,0,0,0,1,1,5,2,20,4,1596,1,12,6,1,6
2017420185467,1,9,0,7,0,2,0,0,7,0,1,1,6,1,26,6,1587,1,16,3,2,3
2017420185467,2,19,0,3,0,1,0,0,0,0,2,1,2,1,50,8,1998,2,11,8,2,8
2017420185467,3,9,0,18,0,1,0,0,0,0,0,1,1,1,49,8,1598,2,1,7,1,7
2017420185471,1,19,0,11,0,0,0,0,0,0,1,1,2,1,35,6,2198,2,3,8,1,8
2017420185471,2,9,0,9,0,0,0,0,0,0,1,1,5,1,23,5,1997,1,5,7,1,7
2017420185471,3,9,0,3,0,0,0,0,0,0,2,1,6,1,19,4,1242,1,11,9,1,9
2017420185471,4,9,0,3,0,0,0,0,0,0,2,1,5,1,55,8,1753,2,9,1,1,1