Accident_Index,Vehicle_Reference,Vehicle_Type,Towing_and_Articulation,Vehicle_Manoeuvre,Vehicle_Location-Restricted_Lane,Junction_Location,Skidding_and_Overturning,Hit_Object_in_Carriageway,Vehicle_Leaving_Carriageway,Hit_Object_off_Carriageway,1st_Point_of_Impact,Was_Vehicle_Left_Hand_Drive?,Journey_Purpose_of_Driver,Sex_of_Driver,Age_of_Driver,Age_Band_of_Driver,Engine_Capacity_(CC),Propulsion_Code,Age_of_Vehicle,Driver_IMD_Decile,Driver_Home_Area_Type,Vehicle_IMD_Decile
2017420194467,2,9,0,3,0,1,0,0,0,0,2,1,6,2,21,5,1598,1,6,-1,-1,-1
2017420194586,1,3,0,5,0,2,0,0,0,0,1,1,5,1,50,8,123,1,6,-1,-1,-1
2017420194586,2,9,0,2,0,1,0,0,0,0,3,1,5,2,29,6,1360,1,11,2,1,2
2017420194648,1,9,0,4,0,1,0,0,0,0,1,1,6,2,31,6,2993,2,4,9,1,9
2017420194648,2,9,0,2,0,1,0,0,0,0,2,1,5,2,83,11,1198,1,4,10,1,10
2017420194662,1,9,-1,18,0,8,0,0,0,0,1,1,6,3,-1,-1,-1,-1,-1,-1,-1,-1
2017420194662,2,1,-1,9,0,8,2,0,0,0,2,1,6,1,44,7,-1,-1,-1,-1,-1,-1
2017420194679,1,21,1,18,0,0,0,0,0,0,1,1,1,1,32,6,12777,2,9,7,1,7
2017420194679,2,19,0,4,0,0,0,0,0,0,2,1,2,1,58,9,2402,2,7,4,1,4
2017420194681,1,9,0,18,0,0,2,0,1,4,1,1,5,2,77,11,1596,1,6,5,2,5
2017420194682,1,9,0,16,0,0,0,0,7,0,0,1,6,2,24,5,1598,1,9,4,1,4
2017420194685,1,9,0,18,0,0,0,0,0,0,1,1,5,2,18,4,1242,1,8,6,1,6
2017420194685,2,9,0,4,0,0,0,0,0,0,2,1,6,1,34,6,1298,1,14,4,1,4
2017420194686,1,9,0,4,0,0,1,0,0,0,1,1,5,1,40,7,2993,2,11,4,1,4
2017420194686,2,9,0,4,0,0,0,0,0,0,2,1,6,1,46,8,1499,2,1,6,1,6
2017420194686,3,9,0,1,0,0,0,0,0,0,2,1,6,1,69,10,1997,2,14,4,1,4
2017420194686,4,9,0,4,0,0,0,0,0,0,2,1,6,1,20,4,1598,1,2,10,1,10
2017420194687,1,9,0,9,0,8,0,0,0,0,1,1,5,2,44,7,1995,2,5,10,3,10
2017420194687,2,9,0,18,0,1,0,0,0,0,3,1,5,1,30,6,1781,1,13,5,1,5
2017420194694,1,9,0,18,0,0,0,0,1,0,1,1,5,2,37,7,-1,-1,-1,7,2,7
2017420194954,1,-1,0,7,0,8,0,0,0,0,4,1,6,1,-1,-1,-1,-1,-1,-1,-1,-1
2017420194954,2,1,0,18,0,8,0,0,0,0,2,1,6,1,43,7,-1,-1,-1,-1,-1,-1
2017420194989,1,9,0,10,0,4,0,0,2,0,4,1,6,1,82,11,1390,1,4,5,2,5
2017420194989,2,9,0,10,0,4,0,0,0,0,3,1,5,2,48,8,1364,1,12,2,1,2
2017420195019,1,9,0,13,0,0,0,0,0,0,4,1,6,1,40,7,1339,1,12,-1,-1,-1
2017420195019,2,98,1,18,0,0,0,0,0,0,3,1,1,1,34,6,-1,-1,-1,-1,-1,-1
2017420195095,1,9,0,18,0,8,0,0,0,0,1,1,5,2,26,6,998,1,2,3,3,3
2017420195095,2,9,0,7,0,8,0,0,0,0,2,1,5,1,55,8,1999,1,6,6,3,6
2017420195095,3,19,0,8,0,1,0,0,0,0,1,1,5,1,56,9,1560,2,3,6,3,6
2017420195123,1,9,0,5,0,8,0,0,0,0,1,1,2,1,24,5,-1,-1,-1,6,1,6
2017420195123,2,9,0,18,0,3,0,0,1,0,2,1,5,2,46,8,1591,1,4,4,1,4
2017420195125,1,9,0,17,0,8,0,0,0,0,1,1,2,2,50,8,796,1,10,1,1,1
2017420195125,2,5,0,7,0,3,1,0,1,0,4,1,5,1,25,5,1188,1,27,1,1,1
2017420195132,1,1,0,18,0,0,0,0,0,0,1,1,5,1,13,3,-1,-1,-1,4,1,4
2017420195132,2,9,0,18,0,0,0,0,0,0,3,1,2,1,45,7,1120,2,5,2,1,2
2017420195134,1,9,0,9,0,6,0,0,0,0,1,1,6,2,21,5,999,1,1,9,2,9
2017420195134,2,9,0,18,0,8,0,0,0,0,1,1,6,2,17,4,987,1,25,10,2,10
2017420195135,1,9,0,5,0,6,0,0,0,0,1,1,5,2,64,9,998,1,1,2,1,2
2017420195137,1,9,0,9,0,6,0,0,0,0,1,1,6,2,18,4,998,1,9,4,1,4
2017420195137,2,9,0,18,0,8,0,0,0,0,1,1,6,1,38,7,1753,2,10,-1,-1,-1
2017420195270,1,9,0,17,0,0,2,0,2,0,4,1,6,2,25,5,1388,1,11,9,2,9
2017420195274,1,9,0,3,0,1,0,0,0,0,2,1,2,1,37,7,3226,2,17,2,1,2
2017420195274,2,9,0,18,0,1,0,0,0,0,1,1,6,2,-1,-1,1399,2,7,-1,-1,-1
2017420195313,1,9,0,5,0,0,0,0,0,0,0,1,3,1,37,7,1364,1,1,3,1,3
2017420195363,1,9,0,18,0,0,5,4,0,0,1,1,6,1,19,4,2000,2,12,5,1,5
2017420195363,2,9,0,2,0,0,0,0,0,0,3,1,6,3,-1,-1,-1,-1,-1,-1,-1,-1
2017420195363,3,9,0,2,0,0,0,0,0,0,3,1,6,3,-1,-1,-1,-1,-1,-1,-1,-1
2017420195441,1,9,0,18,0,1,2,0,2,0,1,1,2,1,33,6,1587,1,14,-1,-1,-1
2017420195441,2,9,0,4,0,1,0,0,0,0,2,1,6,2,21,5,1896,2,13,10,1,10
2017420195451,1,9,0,5,0,4,0,0,0,0,1,1,6,2,18,4,1242,1,4,-1,-1,-1
2017420195451,2,9,0,5,0,4,0,0,0,0,1,1,6,2,22,5,998,1,8,8,1,8
2017420195455,1,9,0,17,0,0,1,0,0,0,1,1,2,2,31,6,1388,1,14,-1,-1,-1
2017420195455,2,9,0,16,0,0,0,0,0,0,1,1,2,1,23,5,1390,1,10,-1,-1,-1
2017420195520,1,9,0,9,0,8,0,0,0,0,1,1,6,2,52,8,1364,1,8,-1,-1,-1
2017420195520,2,1,0,10,0,1,0,0,0,0,1,1,6,1,23,5,-1,-1,-1,-1,-1,-1
2017420195522,1,9,0,18,0,1,1,0,1,0,1,1,6,1,-1,-1,2993,2,1,-1,-1,-1
2017420195522,2,19,0,4,0,8,0,0,0,0,4,1,5,1,56,9,1560,2,5,-1,-1,-1
2017420195526,1,11,0,18,0,4,0,0,0,0,1,1,1,2,54,8,12000,2,13,3,1,3
2017420195526,2,9,0,3,0,4,0,0,0,0,2,1,5,2,60,9,998,1,7,7,3,7
2017420195530,1,97,0,18,0,4,1,0,0,0,1,1,6,1,19,4,-1,-1,-1,6,1,6
2017420195530,2,9,0,9,0,4,0,0,0,0,1,1,6,3,-1,-1,1998,2,10,-1,-1,-1
2017420195893,1,9,0,18,0,0,0,0,0,0,1,1,6,2,44,7,1242,1,2,6,1,6
2017420195893,2,9,0,2,0,0,0,0,0,0,2,1,5,2,42,7,1586,1,-1,4,1,4
2017420195898,1,9,0,18,0,0,1,0,0,0,1,1,2,1,23,5,1198,1,14,5,1,5
2017420195898,2,9,0,18,0,0,1,0,0,0,1,1,1,2,39,7,1242,1,-1,3,1,3
2017420195898,3,9,0,18,0,0,0,0,1,0,1,1,2,1,53,8,3956,2,-1,8,1,8
2017420196055,1,9,0,18,0,1,0,0,0,0,1,1,5,2,20,4,1599,1,13,10,1,10
2017420196055,2,9,0,18,0,1,0,0,0,0,1,1,5,1,75,10,1997,1,12,3,1,3
2017420196168,1,9,0,9,0,8,0,0,0,0,3,1,6,1,-1,-1,-1,-1,-1,-1,-1,-1
2017420196168,2,1,0,18,0,1,1,0,1,0,1,1,6,1,33,6,-1,-1,-1,2,1,2
2017420196184,1,9,0,5,0,6,0,0,7,0,3,1,6,2,28,6,1995,2,5,5,1,5
2017420196184,2,9,0,18,0,8,0,0,7,0,1,1,6,1,32,6,2521,1,11,7,2,7
2017420196247,1,9,0,9,0,0,0,0,0,0,1,1,5,2,36,7,1390,1,10,-1,-1,-1
2017420196247,2,5,0,17,0,0,1,4,1,0,1,1,2,1,26,6,999,1,7,6,3,6
2017420196260,1,98,4,12,0,0,0,0,0,0,3,1,1,1,62,9,-1,-1,-1,-1,-1,-1
2017420196260,2,9,0,18,0,0,1,0,0,0,4,1,5,1,56,9,1388,1,7,7,1,7
2017420196260,3,9,0,18,0,0,0,0,0,0,3,1,6,1,40,7,1998,8,2,10,1,10
2017420196262,1,1,0,18,0,0,0,0,0,0,1,1,2,1,34,6,-1,-1,-1,8,1,8
2017420196263,1,2,0,18,0,2,1,0,0,0,3,1,6,1,16,4,49,1,5,5,1,5
2017420196265,1,9,0,18,0,8,0,0,0,0,1,1,6,3,67,10,1910,2,11,4,2,4
2017420196265,2,9,0,18,0,8,0,0,0,0,3,1,5,1,26,6,1796,1,18,4,1,4
2017420196270,1,9,0,13,0,0,2,0,6,6,4,1,5,1,43,7,1995,2,10,-1,-1,-1
2017420196270,2,21,1,18,0,0,0,0,0,0,2,1,1,1,48,8,12777,2,3,-1,-1,-1
2017420196270,3,9,0,18,0,0,0,11,0,0,1,1,6,1,24,5,1390,1,15,-1,-1,-1
2017420196270,4,9,0,18,0,0,0,1,0,0,1,1,1,1,52,8,1956,2,3,6,1,6
2017420196270,5,19,0,18,0,0,0,1,0,0,1,1,6,1,30,6,2198,2,9,5,2,5
2017420196274,1,9,0,18,0,0,0,0,0,0,1,1,6,2,19,4,1997,1,13,-1,-1,-1
2017420196274,2,9,0,18,0,0,0,0,0,0,1,1,6,1,49,8,1587,1,11,8,1,8
2017420196291,1,9,0,5,0,0,0,0,0,0,1,1,6,3,16,4,-1,-1,-1,-1,-1,-1
2017420196291,2,1,0,4,0,0,0,0,0,0,4,1,6,2,29,6,-1,-1,-1,6,1,6
2017420196316,1,90,0,18,0,0,0,4,7,0,1,2,5,1,53,8,4290,1,22,4,1,4
2017420196316,2,9,0,2,0,0,0,0,0,0,1,1,6,3,-1,-1,-1,-1,-1,-1,-1,-1
2017420196316,3,9,0,2,0,0,0,0,0,0,3,1,6,3,-1,-1,-1,-1,-1,-1,-1,-1
2017420196321,1,9,0,17,0,0,1,0,7,10,1,1,6,1,24,5,1560,2,4,3,1,3
2017420196321,2,9,0,18,0,0,0,0,1,0,1,1,5,2,53,8,1108,1,7,7,3,7
2017420196326,1,21,0,11,0,1,5,10,1,2,1,1,6,2,47,8,-1,-1,-1,2,1,2
2017420196338,1,9,0,16,0,0,0,0,0,0,1,1,1,1,27,6,1596,1,17,10,1,10
2017420196339,1,19,0,9,0,6,0,0,0,0,1,1,2,1,29,6,1910,2,9,7,2,7
2017420196339,2,9,0,16,0,8,5,0,0,0,1,1,6,2,63,9,999,1,2,6,3,6
2017420196341,1,9,0,16,0,0,5,4,0,0,4,1,5,1,17,4,1590,1,14,1,1,1
2017420196341,2,9,0,2,6,0,0,0,0,0,4,1,6,3,-1,-1,-1,-1,-1,-1,-1,-1
2017420196343,1,9,0,7,0,3,2,0,4,1,3,1,5,1,20,4,1149,1,12,3,1,3
2017420196349,1,9,0,18,0,0,2,0,7,0,3,1,5,1,17,4,1242,1,8,9,1,9
2017420196353,1,9,0,16,0,0,2,0,8,4,3,1,5,1,34,6,1798,1,1,5,1,5
2017420196364,1,9,0,18,0,0,0,0,0,0,1,1,5,2,67,10,1364,1,9,6,1,6
2017420196366,1,9,0,18,0,0,5,0,0,0,1,1,5,1,86,11,1086,1,11,9,1,9
2017420196366,2,9,0,2,0,0,1,0,0,0,1,1,6,3,-1,-1,-1,-1,-1,-1,-1,-1
2017420196369,1,9,0,17,0,0,5,0,2,0,4,1,5,1,39,7,1596,1,11,-1,-1,-1
2017420196371,1,9,0,9,0,0,1,0,0,0,1,1,5,1,18,4,1199,1,13,10,1,10
2017420196372,1,9,0,9,0,8,0,0,7,3,1,1,5,1,26,6,1596,1,13,-1,1,-1
2017420196372,2,9,0,18,0,8,0,0,0,0,1,1,5,1,23,5,1596,1,8,5,1,5
2017420196456,1,1,0,13,0,0,0,0,0,0,1,1,5,1,26,6,-1,-1,-1,-1,-1,-1
2017420196456,2,9,0,18,0,0,0,0,0,0,1,1,5,2,73,10,1395,1,2,8,3,8
2017420196554,1,9,0,18,0,1,0,0,0,0,1,1,6,2,51,8,1242,1,-1,6,3,6
2017420196554,2,9,0,18,0,1,1,0,0,0,1,1,5,2,51,8,1598,1,5,-1,-1,-1
2017420196554,3,9,0,18,0,1,1,0,0,0,1,1,2,2,36,7,1396,1,18,-1,-1,-1
2017420196625,1,9,0,9,0,6,0,0,0,0,1,1,5,2,65,9,1240,1,11,5,1,5
2017420196625,2,19,0,18,0,8,0,0,0,0,4,1,1,1,46,8,2298,2,3,8,1,8
2017420196625,3,9,0,3,0,6,0,0,0,0,1,1,6,2,64,9,1598,1,6,-1,-1,-1
2017420196686,1,9,0,18,0,8,5,0,0,0,4,1,6,1,32,6,1242,1,6,-1,-1,-1
2017420196686,2,9,0,2,0,1,0,0,0,0,1,1,6,3,-1,-1,-1,-1,-1,-1,-1,-1
2017420196729,1,9,0,12,0,0,0,0,0,0,0,1,6,1,48,8,1242,1,4,5,3,5
2017420196729,2,9,0,4,0,0,0,0,0,0,2,1,5,1,26,6,2998,1,1,10,1,10
2017420196729,3,9,0,4,0,0,0,0,0,0,1,1,5,1,23,5,1199,1,2,5,2,5
2017420196729,4,9,0,18,0,0,0,0,0,0,1,1,5,2,34,6,1200,1,2,-1,-1,-1
2017420196729,5,9,0,18,0,0,0,0,0,0,1,1,5,1,37,7,2993,2,1,-1,-1,-1
2017420196732,1,9,0,18,0,0,0,0,0,0,1,1,6,2,82,11,1242,1,2,-1,-1,-1
2017420196732,2,9,0,3,0,0,0,0,0,0,2,1,6,2,47,8,1587,1,12,5,2,5
2017420196735,1,9,0,3,0,6,0,0,0,0,1,1,6,1,53,8,1596,1,15,-1,-1,-1
2017420196735,2,9,0,3,0,6,0,0,0,0,2,1,6,2,53,8,1388,1,9,6,1,6
2017420196736,1,9,0,5,0,6,0,0,0,0,1,1,5,1,37,7,2204,2,9,6,1,6
2017420196736,2,19,0,18,0,1,5,0,0,0,1,1,1,1,22,5,1997,2,11,8,1,8
2017420196740,1,9,0,5,0,6,0,0,0,0,4,1,5,2,38,7,2143,2,1,5,3,5
2017420196740,2,9,0,18,0,1,0,0,0,0,1,1,5,2,34,6,1598,1,10,7,2,7
2017420196750,1,9,0,18,0,3,0,0,0,0,4,1,6,1,18,4,1389,1,14,4,1,4
2017420196980,1,9,0,18,0,6,0,0,2,11,4,1,2,1,33,6,1598,2,6,5,1,5
2017420196980,2,9,0,18,0,1,0,0,0,0,1,1,2,2,40,7,1968,2,9,7,1,7
2017420197027,1,8,-1,5,0,0,0,0,0,0,0,1,1,1,42,7,1560,2,1,-1,-1,-1
2017420197030,1,9,0,18,0,1,0,0,0,0,1,1,6,1,18,4,-1,-1,-1,-1,-1,-1
2017420197035,1,9,0,18,0,1,0,0,0,0,3,1,5,1,70,10,1364,1,1,4,1,4
2017420197035,2,9,0,2,0,1,0,0,0,0,3,1,5,1,42,7,998,1,3,-1,-1,-1
2017420197050,1,9,0,18,0,1,0,0,0,0,1,1,6,1,-1,-1,1124,1,13,-1,-1,-1
2017420197050,2,9,0,3,0,1,0,0,0,0,2,1,6,2,24,5,1124,1,10,5,3,5
2017420197057,1,9,0,18,0,0,1,0,0,0,1,1,6,2,23,5,1229,1,12,1,1,1
2017420197057,2,98,1,18,0,0,0,0,0,0,1,1,1,1,28,6,-1,-1,-1,-1,-1,-1
2017420197073,1,9,0,9,0,2,0,0,0,0,3,1,5,1,19,4,2480,1,3,9,1,9
2017420197073,2,9,0,18,0,1,0,0,0,0,1,1,2,1,37,7,-1,-1,-1,4,1,4
2017420197079,1,9,0,18,0,0,0,0,0,0,1,1,5,2,58,9,1798,1,2,7,3,7
2017420197079,2,19,0,4,0,0,0,0,0,0,2,1,1,1,39,7,1598,2,2,1,1,1
2017420197079,3,9,0,4,0,0,0,0,0,0,2,1,1,2,56,9,1968,2,5,8,1,8
2017420197081,1,21,0,4,0,0,0,0,0,0,1,1,1,1,25,5,12740,2,2,6,3,6
2017420197081,2,8,0,4,0,0,0,0,0,0,2,1,1,2,45,7,1197,1,-1,2,1,2
2017420197081,3,8,0,4,0,0,0,0,0,0,2,1,1,1,52,8,1598,2,4,2,1,2
2017420197085,1,9,0,9,0,1,0,0,0,0,3,1,2,1,28,6,1229,1,8,4,1,4
2017420197085,2,9,0,18,0,8,0,0,1,11,3,1,2,1,25,5,995,1,10,4,2,4
2017420197174,1,9,0,16,0,0,0,0,7,2,1,1,5,2,54,8,1388,1,10,2,1,2
2017420197263,1,9,0,5,0,6,0,0,0,0,3,1,2,2,28,6,998,1,7,8,1,8
2017420197263,2,4,0,18,0,1,2,0,0,0,1,1,2,1,53,8,471,1,2,3,1,3
2017420197363,1,5,0,18,0,0,0,0,0,0,1,1,6,1,40,7,998,1,10,4,1,4
2017420197363,2,9,0,4,0,0,0,0,0,0,2,1,6,1,34,6,1596,1,10,2,1,2
2017420197519,1,9,0,1,0,0,0,0,0,0,2,1,5,1,35,6,1998,2,6,5,1,5
2017420197527,1,5,0,13,0,1,1,0,0,0,1,1,5,1,64,9,805,1,12,3,3,3
2017420197527,2,19,0,7,0,6,0,0,0,0,1,1,1,1,35,6,2299,2,-1,7,2,7
2017420197561,1,9,0,17,0,2,1,0,1,0,1,1,2,1,29,6,1360,1,14,2,1,2
2017420197561,2,21,0,5,0,6,0,0,0,0,0,1,1,1,49,8,12580,2,12,5,2,5
2017420197570,1,9,0,13,0,1,0,0,0,0,1,1,5,2,29,6,1390,1,3,6,3,6
2017420197570,2,9,0,9,0,8,0,0,0,0,3,1,5,1,82,11,-1,-1,-1,8,3,8
2017420197621,1,9,0,18,0,0,0,0,0,0,1,1,5,1,45,7,1598,1,1,6,1,6
2017420197621,2,21,1,18,0,0,0,0,0,0,2,1,1,1,49,8,12740,2,2,7,3,7
2017420197625,1,9,0,18,0,0,0,0,0,0,1,1,1,1,46,8,1390,1,18,3,1,3
2017420197625,2,9,0,18,0,0,0,0,0,0,0,1,6,2,46,8,1999,2,1,-1,-1,-1
2017420197629,1,9,0,7,0,0,1,0,0,0,1,1,5,1,34,6,1398,1,-1,5,1,5
2017420197629,2,9,0,9,0,0,0,0,0,0,1,1,5,2,63,9,1386,1,5,7,3,7
2017420197630,1,5,0,18,0,0,2,0,0,0,4,1,5,1,69,10,1600,1,8,9,1,9
2017420197630,2,9,0,5,0,0,0,0,0,0,4,1,2,1,26,6,1900,2,11,3,1,3
2017420197632,1,9,0,9,0,6,0,0,0,0,4,1,5,1,34,6,1968,2,1,4,1,4
2017420197632,2,9,0,18,0,1,0,0,0,0,1,1,6,3,-1,-1,1598,1,11,-1,-1,-1
2017420197633,1,9,0,18,0,1,0,0,0,0,1,1,6,1,22,5,998,1,4,2,1,2
2017420197633,2,22,0,5,0,6,0,0,0,0,1,1,5,1,57,9,-1,-1,-1,-1,-1,-1
2017420197635,1,9,0,17,0,0,2,0,0,0,1,1,5,1,15,3,1299,1,16,-1,-1,-1
2017420197636,1,9,0,9,0,6,0,0,0,0,3,1,5,1,58,9,1598,2,2,8,1,8
2017420197636,2,9,0,18,0,1,0,0,0,0,1,1,5,2,73,10,1598,1,10,7,2,7
2017420197637,1,9,0,5,0,8,0,0,0,0,1,1,5,1,61,9,998,1,2,8,1,8
2017420197637,2,19,0,18,0,1,0,0,0,0,1,1,1,1,71,10,2402,2,13,6,3,6
2017420197638,1,9,0,5,0,1,0,0,0,0,1,1,2,2,28,6,2143,2,5,6,1,6
2017420197638,2,9,0,3,0,1,0,0,0,0,2,1,3,2,58,9,1586,1,11,1,1,1
2017420197806,1,1,0,18,0,0,0,0,0,0,4,1,6,1,12,3,-1,-1,-1,-1,-1,-1
2017420197806,2,9,0,1,0,0,0,0,0,0,2,1,6,1,46,8,1997,2,-1,9,1,9
2017420197968,1,9,0,18,0,0,0,0,0,0,1,1,6,3,-1,-1,-1,-1,-1,-1,-1,-1
2017420198053,1,3,0,13,0,0,5,0,0,0,4,1,6,1,18,4,124,1,8,5,1,5
2017420198053,2,9,0,14,0,0,0,0,0,0,3,1,6,1,65,9,1388,1,12,3,1,3
2017420198072,1,5,0,4,0,0,0,0,0,0,1,1,6,1,22,5,125,1,6,8,1,8
2017420198072,2,20,0,4,0,0,0,0,0,0,2,1,1,1,44,7,2999,2,6,3,1,3
2017420198076,1,9,0,3,0,1,0,0,0,0,1,1,5,1,50,8,2170,2,12,7,3,7
2017420198085,1,5,0,4,0,0,0,0,0,0,1,1,6,1,53,8,656,1,5,2,1,2
2017420198085,2,9,0,4,0,0,0,0,0,0,2,1,5,1,62,9,1798,1,12,4,1,4
2017420198086,1,97,0,18,5,0,0,0,0,0,1,1,6,1,13,3,-1,-1,-1,-1,-1,-1
2017420198086,2,1,0,18,5,0,0,0,0,0,1,1,6,1,32,6,-1,-1,-1,4,1,4
2017420198089,1,9,0,18,0,0,2,0,8,4,1,1,6,1,39,7,1984,1,1,-1,-1,-1
2017420198090,1,9,0,18,0,0,1,0,0,0,3,1,3,2,33,6,1598,1,6,3,1,3
2017420198090,2,-1,0,12,0,0,0,0,0,0,0,1,6,3,-1,-1,-1,-1,-1,-1,-1,-1
2017420198233,1,9,0,18,0,4,5,0,3,4,3,1,5,2,36,7,1598,1,11,6,1,6
2017420198296,1,9,0,4,0,1,0,0,0,0,1,1,6,1,33,6,2993,2,1,10,2,10
2017420198296,2,9,0,4,0,1,0,0,0,0,2,1,5,2,36,7,1988,1,13,5,1,5
2017420198431,1,19,0,17,0,2,1,0,0,0,1,1,1,1,28,6,2198,2,2,3,1,3
2017420198431,2,9,0,16,0,1,0,0,0,0,1,1,5,2,50,8,1560,2,6,7,3,7
2017420198467,1,98,-1,17,0,0,0,0,0,0,0,1,6,3,-1,-1,-1,-1,-1,-1,-1,-1
2017420198467,2,5,0,16,0,0,2,0,0,0,3,1,2,1,23,5,599,1,14,-1,-1,-1
2017420198479,1,5,0,18,0,0,5,0,0,0,1,1,6,1,33,6,649,1,1,5,1,5
2017420198479,2,90,0,4,0,0,0,0,0,0,2,1,1,1,41,7,-1,-1,-1,4,2,4
2017420198498,1,19,0,4,0,0,0,0,0,0,1,1,2,1,37,7,1896,2,7,-1,-1,-1
2017420198498,2,9,0,4,0,0,0,0,0,0,2,1,2,2,27,6,1296,1,10,-1,-1,-1
2017420198498,3,9,0,4,0,0,0,0,0,0,2,1,2,1,27,6,1796,1,11,8,2,8
2017420198508,1,9,0,4,0,0,0,0,0,0,1,1,6,3,-1,-1,1984,1,3,-1,-1,-1
2017420198508,2,9,0,4,0,0,0,0,0,0,2,1,5,1,85,11,1389,1,10,10,1,10
2017420198508,3,9,0,4,0,0,0,0,0,0,2,1,2,2,40,7,1390,1,14,3,3,3
2017420198511,1,9,0,9,0,5,0,10,0,0,1,1,6,2,22,5,1242,1,3,9,1,9
2017420198511,2,9,0,18,0,8,0,10,0,0,0,1,6,3,-1,-1,-1,-1,-1,-1,-1,-1
2017420198512,1,9,0,13,0,7,0,0,0,0,0,1,6,3,-1,-1,-1,-1,-1,-1,-1,-1
2017420198512,2,98,1,12,0,7,0,0,0,0,0,1,6,3,-1,-1,-1,-1,-1,-1,-1,-1
2017420198512,3,9,0,12,0,7,0,0,0,0,2,1,2,1,18,4,1598,1,12,10,1,10
2017420198512,4,9,0,18,0,1,1,0,0,0,1,1,5,2,61,9,1999,1,10,6,1,6
2017420198531,1,9,0,13,0,0,0,0,0,0,0,1,6,3,-1,-1,-1,-1,-1,-1,-1,-1
2017420198531,2,1,0,18,0,0,0,0,0,0,0,1,5,1,47,8,-1,-1,-1,5,1,5
2017420198543,1,19,0,18,0,1,0,0,0,0,1,1,2,1,22,5,1896,2,8,2,1,2
2017420198543,2,9,0,18,0,1,0,0,1,0,1,1,5,2,57,9,1242,1,16,9,1,9
2017420198571,1,9,0,5,0,8,0,0,0,0,1,1,6,2,52,8,1686,2,5,5,1,5
2017420198571,2,9,0,5,0,8,0,0,0,0,4,1,6,1,22,5,999,1,1,-1,-1,-1
2017420198575,1,21,0,1,0,0,0,0,0,0,2,1,6,1,51,8,-1,-1,-1,7,1,7
2017420198602,1,9,0,4,0,0,0,0,0,0,1,1,6,1,77,11,2993,2,5,7,2,7
2017420198602,2,9,0,4,0,0,0,0,0,0,2,1,6,2,46,8,-1,-1,-1,6,1,6
2017420198625,1,9,0,9,0,8,0,0,0,0,1,1,5,1,33,6,1769,1,13,7,1,7
2017420198625,2,9,0,18,0,1,0,0,0,0,1,1,5,2,29,6,1968,2,11,5,2,5
2017420198662,1,9,0,18,0,0,0,0,0,0,1,1,6,1,22,5,1997,2,4,-1,-1,-1
2017420198662,2,3,0,4,0,0,0,0,0,0,2,1,6,1,22,5,124,1,1,-1,-1,-1
2017420198709,1,9,0,10,0,0,0,0,0,0,3,1,5,1,39,7,1753,2,16,4,1,4
2017420198709,2,5,0,14,0,0,1,0,0,0,1,1,5,1,52,8,999,1,8,4,2,4
2017420198720,1,9,0,18,0,4,0,0,0,0,1,1,5,1,88,11,1798,1,15,7,1,7
2017420198720,2,9,0,5,0,8,0,0,0,0,4,1,6,1,56,9,2496,2,13,6,1,6
2017420198727,1,9,0,3,0,4,0,0,0,0,1,1,6,2,61,9,1364,1,-1,-1,-1,-1
2017420198727,2,4,0,5,0,4,5,11,0,0,2,1,6,1,50,8,498,1,13,4,1,4
2017420198728,1,9,0,14,0,1,0,0,0,0,1,1,1,1,43,7,1560,2,4,-1,-1,-1
2017420198728,2,19,0,10,0,1,0,0,0,0,3,1,1,1,28,6,2198,2,3,8,3,8
2017420198728,3,98,0,3,0,1,0,0,0,0,0,1,6,3,-1,-1,-1,-1,-1,-1,-1,-1
2017420198739,1,9,0,18,0,8,0,0,1,1,1,1,6,2,25,5,1390,1,5,7,1,7
2017420198741,1,9,0,18,0,0,2,0,1,4,1,1,5,2,25,5,1339,1,12,3,1,3
2017420198742,1,9,0,9,0,5,0,0,0,0,4,1,5,2,45,7,1999,2,2,5,2,5
2017420198742,2,1,0,18,0,1,0,0,0,0,1,1,6,2,41,7,-1,-1,-1,9,1,9
2017420198754,1,9,0,18,0,0,5,0,1,0,4,1,5,1,33,6,1598,1,19,5,1,5
2017420198754,2,9,0,18,0,0,5,0,1,0,3,1,6,1,78,11,1781,1,15,8,3,8
2017420198855,1,1,0,5,0,1,0,0,0,0,0,1,5,2,69,10,-1,-1,-1,4,1,4
2017420198975,1,9,0,17,0,0,0,0,0,0,3,1,2,2,37,7,1900,2,12,8,2,8
2017420198975,2,21,0,16,0,0,0,0,0,0,3,1,2,1,26,6,-1,-1,-1,4,1,4
2017420199015,1,9,0,9,0,8,0,0,0,0,3,1,5,2,46,8,1560,2,4,9,2,9
2017420199015,2,3,0,18,0,8,0,0,0,0,1,1,5,1,26,6,124,1,1,4,1,4
2017420199115,1,19,0,10,0,1,0,0,0,0,3,1,5,2,53,8,1296,1,16,8,1,8
2017420199115,2,2,0,14,0,1,5,10,0,0,1,1,6,3,-1,-1,-1,-1,-1,-1,-1,-1
2017420199121,1,9,0,11,0,0,0,0,0,0,4,1,5,1,60,9,2993,2,12,10,1,10
2017420199121,2,9,0,18,0,0,1,0,1,4,3,1,5,1,53,8,1396,2,6,5,1,5
2017420199124,1,8,0,12,0,2,0,0,4,0,1,1,1,1,35,6,1796,1,3,5,1,5
2017420199422,1,9,0,18,0,4,0,0,0,0,1,1,6,2,47,8,1149,1,7,7,1,7