Accident_Index,Vehicle_Reference,Vehicle_Type,Towing_and_Articulation,Vehicle_Manoeuvre,Vehicle_Location-Restricted_Lane,Junction_Location,Skidding_and_Overturning,Hit_Object_in_Carriageway,Vehicle_Leaving_Carriageway,Hit_Object_off_Carriageway,1st_Point_of_Impact,Was_Vehicle_Left_Hand_Drive?,Journey_Purpose_of_Driver,Sex_of_Driver,Age_of_Driver,Age_Band_of_Driver,Engine_Capacity_(CC),Propulsion_Code,Age_of_Vehicle,Driver_IMD_Decile,Driver_Home_Area_Type,Vehicle_IMD_Decile
2017420204301,1,19,0,4,0,0,0,0,0,0,1,1,1,1,47,8,1560,2,1,-1,-1,-1
2017420204301,2,9,0,3,0,0,0,0,0,0,2,1,5,2,80,11,1240,1,14,-1,-1,-1
2017420204301,3,9,0,3,0,0,0,0,0,0,2,1,5,1,48,8,2993,2,12,-1,-1,-1
2017420204317,1,9,0,18,0,8,0,0,0,0,3,1,6,2,19,4,998,1,14,3,3,3
2017420204317,2,10,0,18,0,1,0,0,0,0,1,1,1,1,58,9,-1,-1,-1,5,3,5
2017420204343,1,8,0,5,0,0,0,0,0,0,4,1,1,1,57,9,1956,2,2,2,1,2
2017420204408,1,9,0,18,0,2,2,0,3,0,1,1,5,1,19,4,998,1,1,5,3,5
2017420204618,1,9,0,18,0,0,0,0,0,0,1,1,6,1,43,7,1560,2,4,4,1,4
2017420204618,2,9,0,18,0,0,1,4,0,0,1,1,6,1,20,4,1997,2,14,3,1,3
2017420204618,3,9,0,18,0,0,0,4,0,0,1,1,5,1,25,5,1798,1,1,10,2,10
2017420204623,1,19,0,16,0,0,0,0,0,0,1,1,2,1,21,5,2148,2,13,-1,-1,-1
2017420204623,2,9,0,3,0,0,0,0,0,0,2,1,2,2,51,8,1248,1,1,6,2,6
2017420204644,1,9,0,9,0,8,0,0,0,0,1,1,2,1,29,6,1796,1,13,3,1,3
2017420204644,2,9,0,18,0,1,1,0,0,0,1,1,6,2,51,8,998,1,14,7,1,7
2017420204660,1,5,0,14,0,0,2,0,0,0,1,1,2,1,33,6,999,1,2,2,1,2
2017420204660,2,9,0,9,0,0,0,0,0,0,3,1,6,1,38,7,2198,2,12,8,2,8
2017420204783,1,1,0,18,0,0,0,0,0,0,1,1,5,1,9,2,-1,-1,-1,-1,-1,-1
2017420204783,2,19,0,18,0,0,0,0,0,0,1,1,1,1,29,6,1560,2,1,4,1,4
2017420204811,1,9,0,18,0,1,0,0,0,0,1,1,6,1,-1,-1,1997,2,8,-1,-1,-1
2017420204811,2,9,0,3,0,1,0,0,0,0,2,1,6,1,41,7,1560,2,11,2,1,2
2017420204847,1,3,0,4,0,0,1,0,0,0,0,1,6,1,17,4,125,1,2,1,1,1
2017420204847,2,9,0,3,0,0,0,0,0,0,2,1,1,1,18,4,1242,1,12,4,1,4
2017420204958,1,9,0,9,0,4,0,0,0,0,3,1,1,1,26,6,-1,-1,-1,5,1,5
2017420204958,2,3,0,18,0,4,0,0,0,0,1,1,2,1,42,7,124,1,5,-1,-1,-1
2017420205003,1,9,0,4,0,0,0,0,0,0,2,1,5,1,25,5,1199,1,16,8,1,8
2017420205003,2,9,0,4,0,0,0,0,0,0,1,1,5,1,41,7,1796,1,17,3,1,3
2017420205054,1,9,0,4,0,4,0,0,0,0,1,1,6,1,25,5,1988,1,17,-1,-1,-1
2017420205054,2,9,0,3,0,4,0,0,0,0,1,1,5,2,58,9,1242,1,2,-1,-1,-1
2017420205060,1,9,0,3,0,0,0,0,0,0,2,1,6,2,22,5,1149,1,17,8,1,8
2017420205060,2,9,0,4,0,0,0,4,0,0,1,1,5,2,22,5,1598,1,10,8,1,8
2017420205133,1,1,0,9,0,0,5,0,0,0,3,1,5,2,81,11,-1,-1,-1,-1,-1,-1
2017420205133,2,9,0,17,0,0,0,0,0,0,1,1,1,1,52,8,999,1,-1,8,1,8
2017420205152,1,9,0,18,0,8,0,0,0,0,1,1,5,2,23,5,1248,2,8,7,1,7
2017420205152,2,9,0,5,0,8,0,0,0,0,1,1,2,2,34,6,1242,1,5,5,1,5
2017420205163,1,9,0,18,0,1,0,0,0,0,1,1,6,2,40,7,1398,1,5,6,3,6
2017420205163,2,9,0,6,0,8,0,0,0,0,3,1,6,1,58,9,1598,1,9,6,2,6
2017420205184,1,9,0,18,0,0,0,0,7,0,1,1,6,2,18,4,1461,2,10,6,3,6
2017420205184,2,9,0,18,0,0,0,0,0,0,1,1,6,1,54,8,1598,1,4,7,2,7
2017420205198,1,9,0,5,0,1,0,0,0,0,1,1,6,2,18,4,1229,1,10,-1,-1,-1
2017420205198,2,9,0,3,0,1,0,0,0,0,2,1,6,2,33,6,998,1,8,-1,-1,-1
2017420205215,1,98,0,11,0,0,0,0,0,0,4,1,1,1,56,9,-1,-1,-1,3,1,3
2017420205215,2,9,0,18,0,0,1,0,1,11,3,1,5,1,36,7,2099,1,15,9,1,9
2017420205243,1,9,0,18,0,0,0,0,0,0,2,1,1,2,52,8,1951,2,11,1,1,1
2017420205243,2,9,0,18,0,0,0,0,0,0,1,1,1,2,70,10,1329,1,8,5,1,5
2017420205267,1,9,0,12,0,8,0,0,0,0,3,1,5,2,32,6,1598,1,3,7,3,7
2017420205267,2,9,0,17,0,8,0,0,0,0,1,1,6,1,43,7,1248,2,9,-1,-1,-1
2017420205271,1,9,0,9,0,1,1,0,0,0,1,1,6,1,89,11,1850,1,16,8,1,8
2017420205271,2,9,0,18,0,1,1,0,0,0,1,1,6,2,51,8,1995,1,12,5,1,5
2017420205276,1,9,0,18,0,0,5,4,0,0,1,1,1,1,18,4,999,1,16,7,3,7
2017420205276,2,9,0,2,0,0,0,0,0,0,1,1,6,3,-1,-1,-1,-1,-1,-1,-1,-1
2017420205279,1,9,0,12,6,0,0,7,1,0,1,1,6,1,25,5,1984,1,2,-1,-1,-1
2017420205279,2,21,0,18,0,0,0,0,0,0,2,1,1,1,41,7,10677,2,1,2,1,2
2017420205279,3,9,0,18,0,0,0,0,0,0,4,1,6,2,25,5,1399,1,12,-1,-1,-1
2017420205280,1,9,0,18,0,0,2,0,1,9,4,1,6,2,45,7,1242,1,17,4,1,4
2017420205298,1,9,0,13,0,0,0,0,0,0,4,1,6,2,43,7,1598,1,11,2,1,2
2017420205298,2,1,0,9,0,0,0,0,0,0,3,1,6,1,17,4,-1,-1,-1,-1,-1,-1
2017420205306,1,9,0,5,0,4,0,0,0,0,1,1,6,2,22,5,1242,1,13,9,1,9
2017420205306,2,9,0,9,0,8,0,0,0,0,4,1,6,1,31,6,1896,2,14,5,1,5
2017420205309,1,9,0,3,0,0,0,0,0,0,1,1,6,2,36,7,1560,2,10,7,2,7
2017420205309,2,9,0,3,0,0,0,0,0,0,2,1,6,2,36,7,1598,1,9,2,1,2
2017420205335,1,9,0,17,0,0,0,0,0,0,1,1,6,1,29,6,1360,1,13,-1,-1,-1
2017420205335,2,9,0,11,0,0,0,0,0,0,1,1,6,1,40,7,1753,2,13,1,1,1
2017420205391,1,9,0,13,0,0,0,0,0,0,2,1,6,1,50,8,1598,2,3,4,1,4
2017420205391,2,1,0,18,0,0,0,0,0,0,2,1,6,1,18,4,-1,-1,-1,2,1,2
2017420205396,1,9,0,9,0,1,0,0,0,0,4,1,6,1,62,9,1242,1,4,10,2,10
2017420205396,2,1,0,18,0,1,0,0,0,0,4,1,6,2,50,8,-1,-1,-1,-1,-1,-1
2017420205399,1,9,0,14,0,0,0,4,0,0,1,1,5,1,19,4,998,1,1,6,1,6
2017420205399,2,9,0,2,0,0,0,0,0,0,2,1,6,3,-1,-1,-1,-1,-1,-1,-1,-1
2017420205414,1,9,0,18,0,0,0,0,0,0,3,1,6,1,28,6,-1,-1,-1,-1,-1,-1
2017420205414,2,1,0,18,0,0,2,0,0,0,2,1,6,2,17,4,-1,-1,-1,8,1,8
2017420205424,1,9,0,5,0,6,0,0,0,0,3,1,6,2,21,5,1242,1,18,6,1,6
2017420205424,2,5,0,18,0,8,5,0,0,0,1,1,6,1,42,7,645,1,1,6,1,6
2017420205427,1,9,0,18,0,0,0,4,0,0,1,1,2,1,20,4,1242,1,9,9,1,9
2017420205427,2,9,0,2,0,0,0,0,0,0,1,1,6,3,-1,-1,-1,-1,-1,-1,-1,-1
2017420205431,1,9,0,18,0,8,2,0,7,1,3,1,6,2,27,6,1199,1,14,2,1,2
2017420205433,1,3,0,17,0,0,1,0,0,0,4,1,5,1,27,6,124,1,32,-1,-1,-1
2017420205434,1,19,0,7,0,4,0,0,0,0,3,1,5,1,21,5,1968,2,12,6,1,6
2017420205434,2,2,0,7,0,3,0,0,0,0,1,1,6,1,16,4,49,1,-1,1,1,1
2017420205435,1,9,0,18,0,4,0,0,0,0,0,1,6,3,-1,-1,-1,-1,-1,-1,-1,-1
2017420205435,2,3,0,18,0,8,1,10,0,0,1,1,6,1,23,5,123,1,3,6,1,6
2017420205438,1,9,0,18,0,0,1,0,7,10,3,1,5,1,16,4,1229,1,10,2,1,2
2017420205438,2,9,0,18,0,0,0,0,0,0,4,1,1,1,39,7,2993,2,-1,8,3,8
2017420205447,1,9,0,5,0,3,0,0,0,0,1,1,5,1,42,7,1599,1,13,3,1,3
2017420205447,2,1,0,18,0,8,0,0,0,0,2,1,5,1,34,6,-1,-1,-1,3,1,3
2017420205466,1,9,0,5,9,6,0,0,0,0,1,1,6,1,-1,-1,-1,-1,-1,-1,-1,-1
2017420205466,2,1,0,18,9,1,0,0,0,0,3,1,5,1,11,3,-1,-1,-1,4,1,4
2017420205502,1,9,0,18,0,0,0,0,7,0,3,1,5,2,22,5,1596,1,15,5,2,5
2017420205510,1,9,0,9,0,2,1,0,0,0,1,1,5,2,69,10,1328,1,15,10,1,10
2017420205513,1,9,0,18,0,1,0,0,0,0,1,1,5,1,27,6,1995,2,10,3,1,3
2017420205513,2,9,0,5,0,2,0,0,0,0,3,1,5,1,19,4,1595,1,13,8,1,8
2017420205522,1,9,0,3,0,4,0,0,0,0,1,1,2,2,33,6,1598,1,12,8,1,8
2017420205522,2,5,0,3,0,4,0,0,0,0,2,1,5,1,66,10,600,1,-1,-1,-1,-1
2017420205525,1,3,0,18,0,0,2,0,1,0,1,1,6,1,25,5,125,1,2,8,2,8
2017420205526,1,9,0,7,0,3,2,0,5,7,1,1,6,1,31,6,1984,1,13,1,1,1
2017420205665,1,9,0,18,0,0,1,0,0,0,1,1,2,2,55,8,1597,1,28,1,1,1
2017420205665,2,19,0,18,0,0,0,0,0,0,2,1,1,1,41,7,1968,2,-1,9,1,9
2017420205665,3,19,0,18,0,0,0,0,0,0,2,1,1,1,32,6,2198,2,3,2,1,2
2017420205783,1,9,0,4,0,0,0,0,0,0,3,1,2,2,18,4,998,1,-1,4,1,4
2017420205802,1,19,0,17,0,0,5,0,7,0,4,1,5,1,27,6,1398,2,9,4,1,4
2017420205837,1,9,0,9,0,8,1,0,7,0,4,1,5,2,18,4,1229,1,5,-1,-1,-1
2017420205837,2,9,0,18,0,1,0,0,0,0,1,1,5,1,41,7,1560,2,4,6,1,6
2017420205859,1,9,0,18,0,0,0,0,0,0,1,1,2,1,29,6,2495,2,24,5,3,5
2017420205859,2,9,0,18,0,0,0,0,0,0,1,1,6,1,86,11,1398,1,4,-1,-1,-1
2017420205859,3,9,0,18,0,0,0,0,0,0,1,1,6,1,39,7,1364,1,12,9,1,9
2017420205880,1,9,0,17,0,0,5,0,2,4,4,1,5,1,30,6,1242,1,13,4,1,4
2017420205885,1,9,0,18,0,0,0,0,0,0,1,1,2,1,24,5,1598,1,7,9,1,9
2017420205885,2,9,0,3,0,0,0,0,0,0,2,1,5,1,33,6,1968,2,8,4,1,4
2017420205885,3,9,0,3,0,0,0,0,0,0,2,1,6,1,46,8,-1,-1,-1,9,1,9
2017420205886,1,9,0,5,0,0,0,0,8,0,3,1,5,1,83,11,1329,1,7,7,3,7
2017420205886,2,9,0,18,0,0,0,0,8,0,1,1,5,2,81,11,1996,1,21,4,3,4
2017420205894,1,9,0,18,0,4,0,0,0,0,1,1,5,2,55,8,999,1,1,9,2,9
2017420205894,2,1,0,18,0,3,0,0,0,0,4,1,2,2,26,6,-1,-1,-1,5,1,5
2017420205896,1,9,0,18,0,8,0,0,0,0,1,1,5,1,20,4,1598,1,5,3,1,3
2017420205896,2,9,0,18,0,1,0,0,0,0,0,1,1,1,39,7,2993,2,-1,8,3,8
2017420206094,1,9,0,18,0,4,0,0,0,0,1,1,2,1,54,8,1560,2,4,5,1,5
2017420206094,2,19,0,3,0,1,0,0,0,0,3,1,2,1,49,8,1995,2,7,7,1,7
2017420206196,1,9,0,9,0,8,0,0,0,0,1,1,5,2,49,8,1149,1,2,3,1,3
2017420206196,2,5,0,18,0,8,0,0,0,0,1,1,1,1,46,8,999,1,3,10,1,10
2017420206199,1,9,0,18,0,0,0,0,0,0,4,1,5,1,44,7,1560,2,5,8,3,8
2017420206199,2,1,0,18,0,0,5,0,1,0,0,1,6,1,46,8,-1,-1,-1,10,1,10
2017420206252,1,9,0,18,0,0,0,0,0,0,1,1,5,2,17,4,1242,1,11,8,1,8
2017420206252,2,9,0,2,0,0,0,0,0,0,1,1,5,2,70,10,1198,1,2,5,3,5
2017420206290,1,9,0,10,0,1,0,0,0,0,1,1,1,1,18,4,1388,1,13,7,2,7
2017420206290,2,9,0,18,0,1,0,0,0,0,1,1,5,1,57,9,1991,2,11,3,1,3
2017420206296,1,9,0,12,0,7,0,0,0,0,1,1,5,1,60,9,2987,2,11,2,1,2
2017420206296,2,9,0,12,0,7,0,0,0,0,2,1,5,1,50,8,1197,1,3,7,1,7
2017420206296,3,9,0,18,0,2,0,0,0,0,4,1,5,2,75,10,998,1,-1,10,1,10
2017420206304,1,9,0,17,0,0,1,11,7,10,1,1,6,1,27,6,1390,1,17,2,1,2
2017420206304,2,9,0,16,0,0,0,0,0,0,4,1,1,1,49,8,1360,1,13,9,1,9
2017420206308,1,9,0,9,0,0,0,0,0,0,1,1,6,1,50,8,2000,1,12,5,1,5
2017420206308,2,1,0,18,0,0,0,0,0,0,3,1,5,1,61,9,-1,-1,-1,7,3,7
2017420206317,1,9,0,9,0,1,0,0,0,0,3,1,2,2,25,5,875,1,2,-1,-1,-1
2017420206317,2,5,0,13,0,1,5,0,0,0,4,1,2,1,27,6,656,1,6,-1,-1,-1
2017420206320,1,9,0,18,0,0,2,0,4,6,3,1,5,2,77,11,1339,1,10,10,1,10
2017420206320,2,90,0,18,0,0,0,0,0,0,1,1,1,1,23,5,12740,2,4,7,2,7
2017420206334,1,98,0,18,0,0,1,0,0,0,1,1,1,1,26,6,-1,-1,-1,9,2,9
2017420206334,2,9,0,2,0,0,1,0,1,7,2,1,6,2,39,7,1560,2,6,3,1,3
2017420206654,1,4,0,18,0,8,5,0,0,0,4,1,6,1,32,6,-1,-1,-1,10,1,10
2017420206654,2,9,0,18,0,8,0,0,0,0,3,1,2,2,29,6,1499,2,1,5,2,5
2017420206735,1,11,0,18,0,1,0,0,0,0,1,1,1,1,30,6,4760,2,4,1,1,1
2017420206737,1,9,0,17,0,1,5,0,1,4,1,1,6,2,72,10,1124,1,16,3,1,3
2017420206744,1,9,0,16,0,0,0,0,0,0,3,1,5,1,21,5,998,1,3,4,1,4
2017420206744,2,9,0,17,0,0,0,0,1,0,1,1,1,1,31,6,1968,2,2,7,1,7
2017420206746,1,5,0,16,0,8,1,0,7,0,1,1,5,1,47,8,749,1,5,5,1,5
2017420206749,1,9,0,4,0,0,0,0,0,0,1,1,5,2,45,7,1587,1,9,9,1,9
2017420206793,1,9,0,3,0,1,0,0,0,0,1,1,5,1,20,4,3200,1,10,3,1,3
2017420206793,2,9,0,3,0,1,0,0,0,0,2,1,5,1,24,5,1595,1,13,9,1,9
2017420207013,1,9,0,17,0,0,1,0,2,4,3,1,6,1,36,7,2494,1,19,6,3,6
2017420207035,1,9,0,18,0,0,1,7,0,0,3,1,6,2,53,8,1995,2,3,-1,-1,-1
2017420207055,1,90,1,18,0,0,0,0,0,0,3,1,1,1,39,7,-1,-1,-1,-1,-1,-1
2017420207055,2,9,0,18,0,0,0,0,5,6,4,1,1,1,51,8,1499,2,-1,2,1,2
2017420207101,1,9,0,16,0,3,1,0,1,2,3,1,5,1,20,4,1242,1,10,9,1,9
2017420207121,1,21,0,18,0,0,0,4,1,11,4,1,1,1,40,7,9290,2,-1,-1,-1,-1
2017420207121,2,9,0,2,6,0,0,0,1,11,3,1,6,3,-1,-1,-1,-1,-1,-1,-1,-1
2017420207128,1,19,0,4,0,0,0,0,0,0,1,1,1,1,35,6,1248,2,11,2,1,2
2017420207128,2,9,0,3,0,0,0,0,0,0,2,1,1,2,20,4,999,1,7,6,2,6
2017420207128,3,9,0,3,0,0,0,0,0,0,4,1,1,1,44,7,1998,1,-1,6,3,6
2017420207131,1,9,0,18,0,0,0,0,1,3,4,1,5,2,18,4,998,1,1,10,1,10
2017420207132,1,21,0,18,0,0,1,11,1,0,1,1,5,1,40,7,-1,-1,-1,4,1,4
2017420207132,2,9,0,18,0,0,1,4,0,0,2,1,5,2,63,9,1798,1,12,8,1,8
2017420207132,3,21,1,2,6,0,0,0,0,0,2,1,6,3,-1,-1,-1,-1,-1,-1,-1,-1
2017420207233,1,9,0,9,0,8,0,0,0,0,3,1,6,3,-1,-1,-1,-1,-1,-1,-1,-1
2017420207233,2,1,0,18,0,8,2,0,1,11,2,1,2,1,52,8,-1,-1,-1,7,1,7
2017420207243,1,21,1,5,0,4,0,0,0,0,4,1,1,1,45,7,10518,2,5,3,1,3
2017420207243,2,9,0,3,0,4,0,0,0,0,3,1,5,2,47,8,1988,1,13,4,1,4
2017420207347,1,9,0,18,0,0,0,0,0,0,3,1,5,1,56,9,998,1,2,10,1,10
2017420207347,2,19,0,18,0,0,0,0,0,0,3,1,1,1,24,5,1995,2,-1,7,2,7
2017420207389,1,17,0,9,0,0,0,0,0,0,1,1,1,1,53,8,-1,2,1,6,3,6
2017420207389,2,9,0,18,0,0,0,0,0,0,1,1,1,1,39,7,1995,2,6,8,3,8
2017420207394,1,9,-1,9,0,6,0,0,0,0,4,1,6,1,-1,-1,-1,-1,-1,-1,-1,-1
2017420207481,1,5,0,18,0,2,5,0,0,0,3,1,5,1,29,6,-1,-1,-1,-1,-1,-1
2017420207481,2,8,0,2,0,2,0,0,0,0,3,1,6,3,-1,-1,-1,-1,-1,-1,-1,-1
2017420207489,1,9,0,18,0,8,0,0,0,0,1,1,6,2,37,7,1598,1,7,-1,-1,-1
2017420207489,2,9,0,18,0,8,1,0,7,0,4,1,5,1,17,4,1896,2,9,-1,-1,-1
2017420207494,1,9,0,9,0,1,0,0,0,0,1,1,5,1,43,7,1596,1,15,5,2,5
2017420207494,2,9,0,18,0,1,0,0,0,0,1,1,5,2,41,7,1968,2,8,9,2,9
2017420207496,1,9,0,18,9,1,0,0,7,2,1,1,6,1,35,6,-1,-1,-1,9,2,9
2017420207496,2,9,0,2,0,8,0,0,0,0,2,1,6,3,-1,-1,-1,-1,-1,-1,-1,-1
2017420207497,1,9,0,18,0,0,0,0,7,0,1,1,6,1,34,6,-1,-1,-1,5,1,5
2017420207497,2,9,0,2,0,0,0,0,0,0,2,1,6,3,-1,-1,-1,-1,-1,-1,-1,-1
2017420207536,1,8,0,18,0,2,0,0,0,0,1,1,2,1,50,8,1598,2,8,6,3,6
2017420207536,2,19,0,18,0,2,0,0,0,0,1,1,5,1,50,8,2198,2,3,9,1,9
2017420207536,3,9,0,18,0,2,0,0,0,0,1,1,1,2,40,7,1560,2,4,6,3,6
2017420207542,1,9,0,7,0,6,0,0,0,0,1,1,5,1,46,8,2000,2,12,6,1,6
2017420207542,2,9,0,18,0,8,0,0,0,0,1,1,5,1,80,11,1598,1,3,5,1,5
2017420207543,2,8,0,5,0,1,0,0,0,0,0,1,1,1,50,8,1798,1,7,9,1,9
2017420207546,1,9,0,9,0,6,0,0,0,0,3,1,5,1,18,4,1388,1,13,9,1,9
2017420207546,2,9,0,4,0,8,0,0,0,0,1,1,5,2,32,6,2926,2,16,7,1,7
2017420207552,1,9,0,18,0,0,0,0,7,0,1,1,2,1,21,5,1995,2,6,-1,-1,-1
2017420207552,2,9,0,3,0,0,0,0,0,0,2,1,5,2,58,9,1595,1,15,2,1,2
2017420207552,3,9,0,10,0,0,0,0,0,0,2,1,2,2,24,5,1499,1,-1,10,1,10
2017420207553,1,9,0,18,0,8,0,0,0,0,1,1,6,1,69,10,1951,2,11,5,1,5
2017420207553,2,9,0,18,0,8,0,4,0,0,3,1,5,1,48,8,2993,2,7,6,1,6
2017420207553,3,9,0,2,0,2,0,0,0,0,2,1,6,3,-1,-1,-1,-1,-1,-1,-1,-1
2017420207556,1,9,0,18,0,4,0,0,0,0,1,1,5,1,18,4,1364,1,7,2,1,2
2017420207557,1,19,0,18,0,0,0,0,0,0,1,1,1,1,47,8,1598,2,1,9,1,9
2017420207557,2,9,0,18,0,0,2,0,7,0,2,1,5,1,36,7,1598,1,4,6,1,6
2017420207557,3,9,0,18,0,0,0,0,0,0,1,1,6,2,43,7,1598,2,2,8,1,8
2017420207560,1,9,0,18,0,0,0,0,1,0,1,1,6,1,26,6,1995,1,8,2,1,2
2017420207566,1,9,0,17,0,0,1,0,7,4,2,1,5,1,24,5,1299,1,15,5,3,5
2017420207572,1,9,0,18,0,8,0,0,0,0,4,1,6,3,-1,-1,-1,-1,-1,-1,-1,-1
2017420207572,2,1,0,18,0,8,0,0,0,0,0,1,6,1,48,8,-1,-1,-1,8,1,8
2017420207576,1,9,0,4,0,0,0,0,0,0,1,1,2,2,21,5,1461,2,3,4,1,4
2017420207576,2,9,0,4,0,0,0,0,0,0,2,1,5,1,20,4,899,1,4,3,1,3
2017420207576,3,9,0,4,0,0,0,0,0,0,2,1,5,1,26,6,1398,1,1,5,1,5
2017420207583,1,9,0,9,0,8,0,0,0,0,1,1,1,2,43,7,1998,1,14,1,1,1
2017420207583,2,9,0,18,0,8,0,0,0,0,1,1,6,1,62,9,2495,2,18,8,1,8
2017420207584,1,9,0,4,0,8,0,0,0,0,1,1,5,1,34,6,1796,1,11,9,2,9
2017420207584,2,9,0,4,0,1,0,0,0,0,2,1,5,1,20,4,1364,1,9,2,1,2
2017420207585,1,8,0,18,0,8,0,7,0,0,1,1,1,1,48,8,2143,2,3,3,1,3
2017420207592,1,1,0,18,0,0,0,0,0,0,3,1,5,1,15,3,-1,-1,-1,-1,-1,-1
2017420207592,2,1,0,18,0,0,0,0,0,0,2,1,5,1,14,3,-1,-1,-1,-1,-1,-1
2017420207592,3,9,0,18,0,0,0,0,0,0,3,1,6,2,53,8,1299,1,14,3,1,3
2017420207593,1,5,0,18,0,0,0,0,0,0,1,1,2,1,53,8,998,1,-1,4,3,4
2017420207593,2,9,0,10,0,0,0,0,0,0,2,1,2,1,47,8,1796,1,13,1,1,1
2017420207630,1,9,0,11,0,0,0,0,0,0,4,1,6,3,16,4,-1,-1,-1,-1,-1,-1
2017420207630,2,3,0,18,0,0,0,0,0,0,3,1,1,1,32,6,125,1,1,2,1,2
2017420207674,1,9,0,7,0,4,0,0,0,0,1,1,1,1,87,11,1596,1,9,2,1,2
2017420207674,2,1,0,7,0,3,0,0,0,0,4,1,5,1,67,10,-1,-1,-1,4,1,4
2017420207891,1,5,0,18,0,0,2,10,1,0,4,1,5,1,26,6,-1,-1,-1,4,1,4
2017420207930,1,9,0,18,0,6,0,0,0,0,1,1,6,1,30,6,1364,1,2,7,2,7
2017420207970,1,9,0,9,0,0,0,0,0,0,3,1,5,1,41,7,1791,8,6,4,1,4
2017420207970,2,1,0,16,0,0,0,0,0,0,1,1,6,1,33,6,-1,-1,-1,10,2,10
2017420207977,1,19,0,18,0,0,0,0,0,0,1,1,5,1,20,4,-1,-1,-1,-1,-1,-1
2017420207977,2,9,0,18,0,0,0,0,0,0,1,1,5,1,19,4,1229,1,11,3,1,3
2017420208133,1,9,0,4,0,4,0,0,0,0,2,1,6,1,39,7,2148,2,9,-1,-1,-1
2017420208133,2,21,1,5,0,4,0,0,0,0,1,1,1,1,60,9,14190,2,16,-1,-1,-1
2017420208210,1,9,0,18,0,0,0,0,1,0,1,1,5,1,32,6,1399,1,6,6,1,6
2017420208210,2,9,0,18,0,0,0,0,4,6,3,1,5,1,39,7,1422,2,1,9,1,9
2017420208237,1,9,0,18,0,0,0,0,0,0,1,1,6,1,-1,-1,-1,-1,-1,-1,-1,-1
2017420208237,2,9,0,3,0,0,0,0,0,0,2,1,6,2,52,8,1198,1,4,9,1,9
2017420208286,1,21,1,12,0,0,0,0,0,0,1,2,1,1,58,9,-1,-1,-1,-1,-1,-1
2017420208286,2,9,0,18,0,0,1,0,1,0,2,1,6,2,65,9,599,1,16,4,1,4
2017420208303,1,9,0,10,0,1,0,0,0,0,1,1,6,2,-1,-1,-1,-1,-1,-1,-1,-1
2017420208303,2,1,0,3,0,1,1,0,1,0,4,1,6,2,54,8,-1,-1,-1,-1,-1,-1
2017420208356,1,9,0,18,0,0,0,0,0,0,1,1,6,1,23,5,2172,2,13,9,2,9
2017420208356,2,9,0,18,0,0,0,0,1,0,2,1,5,1,45,7,1242,1,1,5,1,5
2017420208436,1,19,0,1,0,0,0,0,0,0,2,1,5,1,50,8,2198,2,1,-1,-1,-1
2017420208436,2,9,0,2,0,0,0,0,0,0,1,1,1,2,30,6,1598,2,-1,-1,-1,-1
2017420208439,1,9,0,7,0,1,0,0,0,0,1,1,5,2,83,11,1299,1,12,6,1,6
2017420208439,2,1,0,18,0,1,5,0,0,0,2,1,5,1,49,8,-1,-1,-1,2,1,2
2017420208439,3,9,0,9,0,1,0,0,0,0,3,1,5,2,79,11,1318,1,1,8,1,8
2017420208444,1,9,0,16,0,0,0,0,0,0,1,1,6,1,38,7,1495,1,16,6,2,6
2017420208444,2,9,0,4,0,0,0,0,1,0,1,1,6,2,48,8,1198,1,6,8,2,8
2017420208445,1,9,0,9,0,5,0,0,0,0,3,1,5,1,21,5,1396,1,12,10,1,10
2017420208445,2,9,0,18,0,8,0,0,0,0,3,1,6,1,56,9,998,1,4,8,1,8
2017420208453,1,9,0,13,0,0,0,0,1,3,1,1,2,1,27,6,-1,-1,-1,10,2,10
2017420208453,2,9,0,18,0,0,0,0,0,0,0,1,5,1,75,10,1596,1,2,8,2,8
2017420208453,3,19,0,18,0,0,0,0,0,0,0,1,2,1,61,9,2460,2,12,8,3,8
2017420208453,4,9,0,18,0,0,0,0,0,0,0,1,2,2,44,7,1995,2,6,7,3,7
2017420208464,1,9,0,16,0,0,0,0,7,3,3,1,5,2,53,8,1998,1,10,6,1,6
2017420208518,1,21,0,18,0,0,0,0,0,0,1,1,1,1,48,8,6374,2,3,10,1,10
2017420208518,2,21,1,3,0,0,0,0,0,0,2,1,1,1,61,9,10837,2,7,1,1,1
2017420208518,3,21,1,2,0,0,0,0,0,0,0,1,1,1,46,8,4500,2,10,4,1,4
2017420208588,1,9,0,-1,-1,-1,-1,-1,-1,0,-1,1,6,1,25,5,1598,1,10,2,1,2
2017420208663,1,9,0,5,0,0,0,0,0,0,1,1,6,2,37,7,1198,1,14,-1,-1,-1
2017420208706,1,3,0,18,0,0,0,0,0,0,1,1,2,1,18,4,125,1,1,9,2,9
2017420208706,2,21,0,18,0,0,0,0,0,0,2,1,1,1,38,7,10837,2,-1,6,1,6
2017420208751,1,9,0,18,0,0,0,0,0,0,1,1,6,1,69,10,1968,2,1,10,1,10
2017420208763,1,9,0,18,0,0,0,0,0,0,1,1,6,1,-1,-1,-1,-1,-1,-1,-1,-1
2017420208763,2,1,0,9,0,0,0,0,0,0,1,1,5,1,19,4,-1,-1,-1,-1,-1,-1