Accident_Index,Vehicle_Reference,Vehicle_Type,Towing_and_Articulation,Vehicle_Manoeuvre,Vehicle_Location-Restricted_Lane,Junction_Location,Skidding_and_Overturning,Hit_Object_in_Carriageway,Vehicle_Leaving_Carriageway,Hit_Object_off_Carriageway,1st_Point_of_Impact,Was_Vehicle_Left_Hand_Drive?,Journey_Purpose_of_Driver,Sex_of_Driver,Age_of_Driver,Age_Band_of_Driver,Engine_Capacity_(CC),Propulsion_Code,Age_of_Vehicle,Driver_IMD_Decile,Driver_Home_Area_Type,Vehicle_IMD_Decile
2017420213929,1,5,0,13,0,0,0,0,0,0,1,1,5,1,31,6,998,1,9,4,1,4
2017420213929,2,9,0,9,0,0,0,0,0,0,3,1,5,2,27,6,999,1,2,5,3,5
2017420213932,1,9,0,13,0,0,0,0,0,0,4,1,6,1,27,6,1242,1,17,5,1,5
2017420213932,2,9,0,18,0,0,0,0,0,0,3,1,5,2,27,6,2143,2,6,6,1,6
2017420213934,1,9,0,18,0,0,1,4,0,0,1,1,5,1,77,11,1598,1,15,4,1,4
2017420213934,2,21,0,18,0,0,0,0,0,0,2,1,1,1,41,7,-1,-1,-1,-1,-1,-1
2017420213942,1,9,0,9,0,6,0,0,0,0,4,1,5,1,55,8,1968,2,10,5,1,5
2017420213942,2,9,0,18,0,8,0,0,7,11,4,1,6,1,25,5,2792,1,11,3,1,3
2017420213944,1,9,0,18,0,3,0,0,7,2,4,1,5,2,73,10,1596,1,-1,5,3,5
2017420213944,2,9,0,18,0,3,0,0,0,0,3,1,5,1,22,5,1397,1,9,3,1,3
2017420213945,1,9,0,18,0,0,0,0,0,0,1,1,5,1,26,6,1598,1,13,4,1,4
2017420213946,1,9,0,18,0,8,0,0,0,0,3,1,5,2,75,10,998,1,5,2,1,2
2017420213946,2,5,0,18,0,8,1,0,0,0,3,1,5,1,29,6,599,1,15,-1,-1,-1
2017420213948,1,9,0,9,0,5,0,0,0,0,1,1,1,1,22,5,799,2,7,6,1,6
2017420213948,2,5,0,18,0,8,0,0,0,0,1,1,2,1,59,9,748,1,36,2,1,2
2017420213950,1,9,0,18,0,0,0,0,0,0,1,1,6,3,-1,-1,-1,-1,-1,-1,-1,-1
2017420213950,2,1,0,18,0,0,2,0,1,0,2,1,5,1,65,9,-1,-1,-1,-1,-1,-1
2017420213971,1,5,0,16,0,0,1,0,7,0,1,1,5,1,50,8,1000,1,12,7,1,7
2017420213972,1,9,0,18,0,0,0,0,0,0,2,1,6,3,-1,-1,-1,-1,-1,-1,-1,-1
2017420213972,2,9,0,18,0,0,0,0,0,0,0,1,5,2,23,5,1598,1,10,3,1,3
2017420213972,3,9,0,18,0,0,0,0,0,0,1,1,6,1,35,6,1995,2,10,5,1,5
2017420213972,4,9,0,18,0,0,0,0,0,0,1,1,5,2,23,5,1598,1,7,7,1,7
2017420213981,1,9,0,9,0,8,0,0,0,0,1,1,6,2,21,5,1560,2,4,-1,-1,-1
2017420213981,2,1,0,18,0,8,1,0,1,0,3,1,6,1,22,5,-1,-1,-1,-1,-1,-1
2017420213994,1,1,0,18,0,6,0,0,0,0,3,1,6,1,10,2,-1,-1,-1,5,3,5
2017420213994,2,9,0,18,0,1,0,0,0,0,1,1,2,1,52,8,1597,1,17,1,1,1
2017420213995,1,1,0,18,0,0,0,0,0,0,1,1,6,1,49,8,-1,-1,-1,-1,-1,-1
2017420213995,2,9,0,4,0,0,0,0,0,0,2,1,6,2,20,4,999,1,9,6,3,6
2017420213997,1,3,0,18,0,1,0,4,0,0,1,1,6,1,16,4,125,1,3,2,1,2
2017420213997,2,9,0,2,0,1,0,0,0,0,2,1,6,3,-1,-1,-1,-1,-1,-1,-1,-1
2017420213997,3,9,0,2,0,1,0,0,0,0,1,1,6,3,-1,-1,-1,-1,-1,-1,-1,-1
2017420213999,1,9,0,5,0,2,0,0,0,0,3,1,5,2,61,9,1598,1,10,7,1,7
2017420213999,2,9,0,16,0,8,0,0,0,0,1,1,6,2,53,8,1364,1,9,1,1,1
2017420213999,3,9,0,7,0,2,0,0,0,0,0,1,6,3,-1,-1,-1,-1,-1,-1,-1,-1
2017420214000,1,9,0,18,0,1,0,0,0,0,1,1,6,1,19,4,1197,1,-1,4,1,4
2017420214000,2,9,0,3,0,1,0,0,0,0,2,1,5,1,21,5,1229,1,1,8,1,8
2017420214002,1,9,0,18,0,0,2,0,1,0,1,1,5,1,19,4,1149,1,15,7,2,7
2017420214003,1,9,0,16,0,0,1,0,7,0,1,1,6,1,33,6,2401,2,10,3,2,3
2017420214008,1,9,0,5,0,1,0,0,0,0,1,1,5,1,29,6,3498,1,14,-1,-1,-1
2017420214008,2,5,0,3,0,1,0,0,0,0,2,1,5,1,65,9,1584,1,8,10,1,10
2017420214010,1,9,0,4,0,0,0,4,0,0,1,1,5,1,43,7,1596,1,12,3,1,3
2017420214010,2,9,0,3,0,0,0,0,0,0,2,1,5,1,33,6,1498,1,10,10,1,10
2017420214010,3,9,0,3,0,0,0,0,0,0,2,1,5,2,23,5,1197,1,4,5,1,5
2017420214017,1,9,0,18,0,0,5,4,0,0,4,1,5,1,19,4,1598,1,3,7,2,7
2017420214017,2,9,0,2,0,0,1,0,0,0,3,1,6,3,-1,-1,-1,-1,-1,-1,-1,-1
2017420214017,3,9,0,18,0,0,0,0,0,0,3,1,5,1,44,7,1560,2,6,9,1,9
2017420214056,1,9,0,18,0,8,0,0,0,0,3,1,6,3,-1,-1,-1,-1,-1,-1,-1,-1
2017420214056,2,9,0,18,0,8,0,0,0,0,4,1,6,1,26,6,1895,1,17,-1,-1,-1
2017420214343,1,9,0,18,0,0,0,0,7,0,3,1,6,2,58,9,1997,2,13,5,3,5
2017420214376,1,9,0,17,0,0,0,0,1,0,1,1,5,1,33,6,1895,1,16,8,1,8
2017420214383,1,9,0,18,0,2,0,0,0,0,1,1,5,1,26,6,1998,1,18,9,1,9
2017420214383,2,9,0,5,0,2,0,0,0,0,1,1,5,1,19,4,1388,1,7,9,1,9
2017420214383,3,9,0,2,0,2,0,0,0,0,2,1,6,3,-1,-1,-1,-1,-1,-1,-1,-1
2017420214386,1,9,0,5,0,4,0,0,0,0,3,1,2,2,56,9,1560,2,7,4,1,4
2017420214386,2,3,0,9,0,3,0,0,0,0,4,1,2,1,56,9,125,1,1,4,1,4
2017420214389,1,9,0,17,0,0,2,0,7,9,3,1,2,1,23,5,2143,2,4,3,1,3
2017420214393,1,9,0,4,0,0,0,0,0,0,1,1,5,2,46,8,1590,1,19,4,3,4
2017420214393,2,9,0,4,0,0,0,0,0,0,2,1,1,1,36,7,1999,2,1,3,1,3
2017420214551,1,9,0,16,0,2,1,0,0,0,1,1,5,2,52,8,1328,1,10,-1,-1,-1
2017420214551,2,9,0,17,0,1,0,0,0,0,3,1,1,1,65,9,1896,2,16,6,3,6
2017420214551,3,9,0,16,0,2,0,0,0,0,3,1,2,1,31,6,1968,2,11,2,1,2
2017420214551,4,9,0,16,0,2,0,0,0,0,1,1,2,1,54,8,1598,1,7,-1,-1,-1
2017420214706,1,9,0,11,0,0,5,0,1,0,4,1,2,1,55,8,2495,2,19,7,2,7
2017420214706,2,21,1,18,0,0,0,0,0,0,1,1,1,1,32,6,10518,2,6,7,1,7
2017420214735,1,9,0,17,0,0,0,0,1,0,1,1,6,2,22,5,1242,1,15,3,1,3
2017420214795,1,9,0,18,0,3,0,0,0,0,1,1,2,2,42,7,899,1,4,3,1,3
2017420214795,2,9,0,4,0,4,0,0,0,0,2,1,5,2,47,8,1388,1,5,10,1,10
2017420214809,1,9,0,18,0,1,0,10,1,0,1,1,5,1,66,10,1995,2,3,8,2,8
2017420214809,2,9,0,8,0,1,0,0,1,0,3,1,1,2,50,8,-1,-1,-1,9,1,9
2017420214812,1,9,0,5,0,3,0,0,0,0,3,1,2,1,57,9,998,1,5,8,1,8
2017420214812,2,9,0,11,0,3,0,0,0,0,1,1,5,2,45,7,1240,1,13,9,1,9
2017420214814,1,9,0,17,0,1,0,0,0,0,1,1,2,1,25,5,-1,-1,-1,-1,-1,-1
2017420214814,2,9,0,17,0,1,0,0,7,0,1,1,5,1,61,9,1364,1,2,-1,-1,-1
2017420214817,1,9,0,16,0,0,1,0,0,0,1,1,6,2,29,6,1956,2,5,3,1,3
2017420214817,2,9,0,17,0,0,0,0,0,0,1,1,6,1,59,9,1991,1,-1,6,3,6
2017420214819,1,9,0,10,0,6,0,0,0,0,1,1,6,1,67,10,2982,2,4,-1,-1,-1
2017420214819,2,9,0,18,0,8,0,0,0,0,1,1,6,2,30,6,1242,1,10,10,1,10
2017420214983,1,9,0,5,0,0,0,0,0,0,1,1,5,2,75,10,1398,1,5,6,1,6
2017420214991,1,19,0,18,0,0,0,0,0,0,1,1,2,1,52,8,1248,2,1,4,1,4
2017420214991,2,9,0,4,0,0,0,0,0,0,2,1,2,2,24,5,1388,1,8,6,1,6
2017420214991,3,19,0,4,0,0,0,0,0,0,2,1,2,1,54,8,2198,2,2,4,1,4
2017420214991,4,9,0,4,0,0,0,0,0,0,2,1,2,1,40,7,1968,2,1,4,1,4
2017420215007,1,9,0,9,0,6,0,0,0,0,3,1,2,2,46,8,1149,1,4,-1,-1,-1
2017420215007,2,9,0,18,0,1,0,0,0,0,1,1,6,2,48,8,1598,1,7,-1,-1,-1
2017420215039,1,9,0,3,9,2,0,0,1,0,1,1,5,1,82,11,1397,1,14,3,1,3
2017420215158,1,9,0,4,0,0,0,0,0,0,1,1,6,1,84,11,1339,1,8,5,1,5
2017420215158,2,9,0,3,0,0,0,0,0,0,2,1,5,2,33,6,1596,1,11,5,1,5
2017420215201,1,98,1,12,0,0,0,0,0,0,0,1,6,3,-1,-1,-1,-1,-1,-1,-1,-1
2017420215201,2,9,0,12,0,0,0,0,0,0,3,1,5,2,38,7,1200,1,-1,5,1,5
2017420215201,3,5,0,13,0,0,5,0,0,0,4,1,6,1,53,8,1085,1,18,10,1,10
2017420215202,1,21,1,12,0,0,0,0,0,0,1,2,1,1,46,8,-1,-1,-1,-1,-1,-1
2017420215202,2,19,0,18,0,0,0,0,0,0,1,1,1,1,35,6,1598,2,3,7,1,7
2017420215202,3,9,0,18,0,0,1,0,0,0,4,1,2,1,49,8,1598,1,13,10,1,10
2017420215213,1,9,0,18,7,0,1,0,2,7,1,1,6,1,-1,-1,3960,1,23,-1,-1,-1
2017420215213,2,9,0,18,0,0,0,0,0,0,4,1,6,1,50,8,1995,2,12,7,1,7
2017420215216,1,9,0,5,0,0,0,0,0,0,1,1,5,2,72,10,1299,1,14,3,1,3
2017420215374,1,98,0,13,0,1,0,0,0,0,4,1,1,1,59,9,-1,-1,-1,-1,-1,-1
2017420215374,2,1,0,9,0,1,0,0,0,0,3,1,6,1,50,8,-1,-1,-1,-1,-1,-1
2017420215426,1,9,0,13,0,1,0,0,0,0,4,1,5,1,38,7,1799,1,10,5,2,5
2017420215426,2,1,0,18,0,1,0,0,0,0,3,1,6,2,70,10,-1,-1,-1,-1,-1,-1
2017420215434,1,9,0,4,0,2,0,0,0,0,1,1,1,2,22,5,1560,2,4,9,1,9
2017420215434,2,9,0,4,0,2,0,0,0,0,2,1,5,2,49,8,1598,1,2,9,1,9
2017420215454,1,9,0,-1,0,8,0,0,0,0,4,1,6,2,50,8,1598,1,5,-1,-1,-1
2017420215454,2,9,0,-1,0,8,0,0,0,0,-1,1,6,2,28,6,1995,2,9,-1,-1,-1
2017420215578,1,9,0,18,0,0,0,0,0,0,1,1,5,1,21,5,1390,1,18,4,1,4
2017420215578,2,19,0,18,0,0,0,0,0,0,1,1,5,2,53,8,1560,2,7,8,3,8
2017420215579,1,3,0,7,0,8,0,0,0,0,1,1,5,1,52,8,124,1,16,4,1,4
2017420215579,2,9,0,18,0,1,0,0,0,0,1,1,6,1,72,10,1560,2,4,7,2,7
2017420215583,1,9,0,18,0,0,1,0,0,0,4,1,6,1,34,6,1341,1,13,-1,-1,-1
2017420215585,1,9,0,3,0,1,0,0,0,0,2,1,5,1,55,8,1956,2,2,4,1,4
2017420215585,2,9,0,4,0,8,0,0,0,0,1,1,5,2,28,6,1984,1,13,-1,-1,-1
2017420215585,3,9,0,3,0,8,0,0,0,0,2,1,5,1,42,7,998,1,4,6,1,6
2017420215592,1,5,0,18,0,1,2,0,0,0,3,1,6,1,29,6,1078,1,8,1,1,1
2017420215592,2,9,0,9,0,8,0,0,0,0,3,1,6,1,53,8,1968,2,7,1,1,1
2017420215594,1,19,0,13,0,0,0,0,0,0,0,1,6,1,-1,-1,2198,2,2,-1,-1,-1
2017420215594,2,9,0,13,0,0,1,0,0,0,1,1,5,1,-1,-1,1988,1,18,-1,-1,-1
2017420215594,3,9,0,18,0,0,0,0,0,0,1,1,5,2,40,7,1598,1,14,3,1,3
2017420215596,1,-1,-1,18,0,3,0,0,0,0,0,1,6,3,-1,-1,-1,-1,-1,-1,-1,-1
2017420215596,2,3,0,4,0,1,1,10,0,0,3,1,6,1,32,6,125,1,1,3,2,3
2017420215598,1,9,0,18,0,2,0,0,0,0,1,1,5,1,38,7,2996,1,9,2,1,2
2017420215598,2,9,0,4,0,2,0,0,0,0,2,1,5,2,43,7,2496,2,14,8,2,8
2017420215669,1,9,0,17,0,0,0,0,0,0,1,1,5,2,51,8,2979,1,10,5,3,5
2017420215669,2,9,0,16,0,0,0,0,0,0,1,2,5,1,56,9,-1,-1,-1,8,1,8
2017420215674,1,9,0,18,0,0,0,0,0,0,4,1,6,3,40,7,-1,-1,-1,-1,-1,-1
2017420215678,1,9,0,18,0,4,2,9,3,0,1,1,6,1,20,4,1995,2,5,1,1,1
2017420215681,1,9,0,18,0,2,0,0,0,0,1,1,5,1,30,6,1596,1,13,1,2,1
2017420215683,1,5,0,16,0,0,1,0,7,0,3,1,5,1,41,7,1000,1,2,7,1,7
2017420215684,1,3,0,18,0,0,0,0,0,0,1,1,6,1,19,4,125,1,7,6,1,6
2017420215684,2,9,0,3,0,0,0,0,0,0,1,1,6,2,54,8,1560,2,5,2,1,2
2017420215686,1,9,0,16,0,0,0,0,0,0,1,1,6,1,37,7,1968,2,6,3,1,3
2017420215686,2,9,0,16,0,0,0,0,0,0,2,1,6,2,42,7,1598,1,6,1,1,1
2017420215687,1,9,0,5,0,4,0,0,0,0,1,1,5,1,30,6,1591,1,6,2,1,2
2017420215687,2,8,0,5,0,4,0,0,0,0,2,1,5,1,56,9,1968,2,3,3,1,3
2017420215696,1,5,0,18,0,0,1,0,0,0,1,1,6,1,-1,-1,599,1,12,-1,-1,-1
2017420215698,1,9,0,18,0,1,2,0,5,0,2,1,6,1,25,5,2148,2,7,2,1,2
2017420215701,1,9,0,5,0,1,0,0,0,0,1,1,6,2,22,5,1242,1,9,2,1,2
2017420215701,2,9,0,18,0,1,0,0,0,0,4,1,2,1,62,9,1753,2,17,4,1,4
2017420215702,1,9,0,12,0,0,1,0,1,0,3,1,5,2,18,4,1242,1,4,5,1,5
2017420215702,2,9,0,11,0,0,0,0,0,0,4,1,5,1,21,5,1360,1,11,2,1,2
2017420215703,1,9,0,18,0,8,1,0,7,1,1,1,6,1,21,5,1896,2,15,9,1,9
2017420215703,2,9,0,18,0,8,0,0,7,4,4,1,2,1,50,8,1597,2,2,6,1,6
2017420215705,1,9,0,9,0,8,0,0,0,0,1,1,6,2,32,6,1242,1,12,6,1,6
2017420215705,2,9,0,18,0,8,0,0,0,0,1,1,5,1,20,4,1590,1,12,5,1,5
2017420215708,1,9,0,18,0,8,0,0,0,0,1,1,6,1,55,8,2143,2,4,3,1,3
2017420215708,2,9,0,3,0,8,0,0,0,0,2,1,6,1,55,8,2198,1,9,-1,-1,-1
2017420215716,1,9,0,9,0,2,0,0,0,0,4,1,5,2,78,11,1242,1,16,8,3,8
2017420215716,2,9,0,18,0,8,0,0,1,0,1,1,5,1,23,5,999,1,1,8,2,8
2017420215726,1,9,0,7,0,1,0,0,0,0,4,1,1,1,63,9,1999,2,-1,8,1,8
2017420215731,1,9,0,17,0,0,0,0,0,0,1,1,5,2,27,6,1796,1,11,2,1,2
2017420215731,2,9,0,16,0,0,0,0,1,0,1,1,5,2,61,9,1388,1,11,2,1,2
2017420215735,1,9,0,9,0,8,0,0,0,0,4,1,5,1,21,5,1398,1,1,10,1,10
2017420215735,2,3,0,18,0,8,1,0,0,0,1,1,5,2,20,4,124,1,7,10,1,10
2017420215741,1,9,0,16,0,0,0,0,0,0,1,1,6,1,70,10,1597,2,3,8,2,8
2017420215741,2,9,0,17,0,0,0,0,0,0,1,1,1,2,19,4,1598,1,6,8,3,8
2017420215933,1,20,0,18,0,8,0,0,0,0,1,1,1,1,52,8,5880,2,4,1,1,1
2017420215933,2,9,0,18,0,8,0,0,4,0,2,1,2,2,19,4,1397,1,8,7,3,7
2017420216034,1,9,0,18,0,2,0,0,0,0,1,1,5,2,42,7,998,1,4,-1,-1,-1
2017420216034,2,1,0,18,0,6,5,0,0,0,3,1,5,1,8,2,-1,-1,-1,1,1,1
2017420216036,1,9,0,9,0,1,0,0,0,0,3,1,2,1,48,8,1968,2,1,9,1,9
2017420216036,2,9,0,15,0,1,0,0,0,0,4,1,6,3,-1,-1,1968,2,1,-1,-1,-1
2017420216071,1,9,0,9,0,5,0,0,0,0,1,1,5,2,71,10,1598,1,17,4,2,4
2017420216071,2,9,0,18,0,1,0,0,0,0,1,1,5,1,51,8,1796,1,13,5,2,5
2017420216141,1,3,0,12,0,0,0,0,0,0,2,1,2,1,22,5,124,1,1,8,1,8
2017420216141,2,9,0,18,0,0,0,0,0,0,1,1,6,3,-1,-1,-1,-1,-1,-1,-1,-1
2017420216162,1,9,0,18,0,0,0,0,0,0,1,1,6,1,55,8,2099,1,15,-1,-1,-1
2017420216162,2,9,0,3,0,0,0,0,0,0,2,1,6,1,70,10,1997,2,2,-1,-1,-1
2017420216214,1,9,0,1,0,5,0,0,0,0,2,1,6,2,-1,-1,2926,2,13,-1,-1,-1
2017420216214,2,9,0,3,0,1,0,0,0,0,1,1,6,1,36,7,1994,1,17,-1,-1,-1
2017420216224,1,9,0,5,0,0,0,0,0,0,3,1,6,1,50,8,1769,1,13,-1,-1,-1
2017420216224,2,2,0,14,0,0,0,0,0,0,4,1,6,1,20,4,49,1,5,-1,-1,-1
2017420216292,1,4,0,18,0,0,0,0,0,0,1,1,6,1,50,8,198,1,37,10,2,10
2017420216292,2,9,0,18,0,0,0,0,0,0,2,1,6,1,53,8,1560,2,1,-1,-1,-1
2017420216380,1,9,0,18,0,0,0,0,0,0,1,1,6,2,59,9,1197,1,4,-1,-1,-1
2017420216380,2,1,-1,18,0,0,0,0,0,0,1,1,6,2,50,8,-1,-1,-1,-1,-1,-1
2017420216426,1,9,0,18,0,1,0,0,0,0,1,1,6,1,-1,-1,1560,2,10,-1,-1,-1
2017420216426,2,9,0,3,0,1,0,0,0,0,2,1,6,1,33,6,1388,1,14,-1,-1,-1
2017420216426,3,9,0,3,0,1,0,0,0,0,2,1,6,2,54,8,1560,2,12,-1,-1,-1
2017420216466,1,9,0,18,0,0,0,0,0,0,1,1,6,1,26,6,1598,2,6,7,1,7
2017420216466,2,9,0,18,0,0,0,0,0,0,1,1,6,1,46,8,1398,2,10,9,1,9
2017420216509,1,9,0,5,0,2,0,0,0,0,2,1,6,1,27,6,2000,2,12,10,3,10
2017420216509,2,9,0,4,0,2,0,0,0,0,1,1,6,1,20,4,1248,2,4,9,3,9
2017420216509,3,9,0,18,0,1,0,0,1,0,3,1,6,2,54,8,1240,1,11,6,1,6
2017420216573,1,9,0,18,0,1,1,0,1,10,1,1,5,2,60,9,1388,1,14,7,1,7
2017420216573,2,21,0,11,0,1,0,0,0,0,4,1,5,1,44,7,-1,-1,-1,5,1,5
2017420216573,3,9,0,18,0,1,0,0,0,0,0,1,1,1,54,8,2993,2,-1,6,3,6
2017420216582,1,9,0,9,0,4,0,0,0,0,3,1,5,2,46,8,1598,1,10,9,1,9
2017420216582,2,9,0,18,0,4,0,0,0,0,1,1,5,1,84,11,-1,-1,-1,1,1,1
2017420216584,1,9,4,18,0,3,0,0,7,4,1,1,6,1,43,7,-1,-1,-1,9,1,9
2017420216644,1,1,0,18,0,0,5,0,0,0,1,1,6,1,42,7,-1,-1,-1,-1,-1,-1
2017420216644,2,9,0,2,0,0,0,0,0,0,2,1,6,3,-1,-1,-1,-1,-1,-1,-1,-1
2017420216676,1,9,0,5,0,4,0,0,0,0,1,1,6,2,52,8,1390,1,6,6,3,6
2017420216676,2,9,0,18,0,8,0,0,0,0,4,1,6,2,27,6,1242,1,6,-1,-1,-1
2017420216759,1,9,0,18,0,1,0,0,0,0,1,1,2,2,57,9,1388,1,8,8,1,8
2017420217060,1,9,0,10,0,1,0,0,0,0,1,1,2,2,37,7,1781,1,16,10,1,10
2017420217060,2,1,0,15,0,1,0,0,0,0,1,1,2,1,56,9,-1,-1,-1,8,1,8
2017420217067,1,9,0,1,0,1,0,0,0,0,3,1,5,1,27,6,2143,2,4,5,1,5
2017420217072,1,9,0,18,0,0,0,0,0,0,4,1,5,1,17,4,998,1,4,9,1,9
2017420217188,1,9,0,1,0,0,0,0,0,0,2,1,3,2,45,7,999,1,1,6,3,6
2017420217188,2,9,0,16,0,0,0,0,0,0,1,1,6,2,40,7,2993,2,3,6,3,6
2017420217314,1,98,0,18,0,0,0,0,0,0,0,1,6,1,-1,-1,-1,-1,-1,-1,-1,-1
2017420217314,2,9,0,18,0,0,0,11,0,0,1,1,6,2,47,8,1968,2,3,8,1,8
2017420217314,3,9,0,18,0,0,0,0,0,0,2,1,6,2,56,9,2987,2,-1,7,1,7
2017420217424,1,9,0,18,0,0,0,0,0,0,3,1,6,2,18,4,1390,1,5,-1,-1,-1
2017420217424,2,9,0,18,0,0,0,0,0,0,3,1,6,2,54,8,998,1,3,-1,-1,-1
2017420217447,1,1,0,18,0,1,0,0,0,0,1,1,6,1,37,7,-1,-1,-1,-1,-1,-1
2017420217447,2,9,0,7,0,5,0,0,0,0,4,1,6,2,53,8,1368,1,5,-1,-1,-1
2017420217474,1,1,0,18,9,1,1,0,0,0,1,1,6,1,14,3,-1,-1,-1,-1,-1,-1
2017420217474,2,9,0,4,0,1,0,0,0,0,4,1,1,1,41,7,2184,2,12,-1,-1,-1
2017420217524,1,19,0,3,0,1,0,0,0,0,2,1,1,1,42,7,1753,2,13,8,1,8
2017420217524,2,9,0,5,0,1,0,0,0,0,1,1,6,1,35,6,2143,2,1,6,1,6
2017420217531,1,9,0,9,0,8,0,0,0,0,1,1,5,1,72,10,1149,1,14,3,1,3
2017420217531,2,1,0,18,0,1,0,0,0,0,1,1,5,1,34,6,-1,-1,-1,8,1,8
2017420217601,1,9,0,18,0,0,1,0,0,0,1,1,6,1,53,8,-1,-1,-1,-1,-1,-1
2017420217601,2,9,0,3,0,0,0,0,0,0,2,1,6,2,54,8,-1,-1,-1,-1,-1,-1
2017420217664,1,9,0,18,0,1,0,0,0,0,1,1,2,2,39,7,1496,2,-1,7,1,7
2017420217664,2,1,0,18,0,8,2,0,0,0,4,1,2,1,56,9,-1,-1,-1,6,3,6
2017420217665,1,9,0,4,0,0,0,0,0,0,1,1,1,2,52,8,1796,1,3,9,1,9
2017420217764,1,11,0,18,0,0,0,0,0,0,1,1,1,1,69,10,11967,2,11,4,1,4
2017420217764,2,9,0,4,0,0,0,0,4,6,2,1,2,1,41,7,1968,2,11,6,1,6
2017420217764,3,19,0,4,0,0,0,0,0,0,2,1,1,1,22,5,1560,2,1,-1,-1,-1
2017420217764,4,9,0,18,0,0,0,0,0,0,3,1,1,2,35,6,1685,2,2,5,1,5
2017420217766,1,9,0,1,0,0,0,0,0,0,2,1,6,2,33,6,-1,-1,-1,-1,-1,-1
2017420217766,2,9,0,3,0,0,0,0,0,0,1,1,6,2,43,7,1248,2,13,-1,-1,-1
2017420217770,1,9,0,18,0,0,0,0,0,0,4,1,6,3,60,9,-1,-1,-1,-1,-1,-1
2017420217813,1,9,0,18,0,1,0,0,7,0,1,1,6,1,33,6,1598,1,16,4,1,4
2017420217908,1,4,0,18,9,8,0,0,7,0,0,1,6,1,18,4,-1,-1,-1,-1,-1,-1
2017420217914,1,9,0,9,0,8,0,0,0,0,1,1,6,1,24,5,1905,2,18,3,1,3
2017420217914,2,1,0,18,0,8,5,0,0,0,3,1,2,1,46,8,-1,-1,-1,-1,-1,-1
2017420217915,1,3,0,13,0,0,2,0,0,0,1,1,1,1,20,4,125,1,1,1,1,1
2017420217915,2,90,0,10,0,0,0,0,0,0,3,1,1,1,59,9,-1,-1,-1,-1,-1,-1
2017420217918,1,9,0,17,0,0,1,0,1,0,1,1,6,1,50,8,2198,1,16,2,1,2
2017420217918,2,9,0,16,0,0,0,0,0,0,1,1,6,2,65,9,1296,1,9,4,1,4
2017420217922,1,9,0,18,0,0,1,0,1,0,1,1,2,2,27,6,1598,2,2,-1,1,-1
2017420217922,2,21,0,18,0,0,0,0,0,0,3,1,1,1,26,6,4461,2,6,5,3,5
2017420217923,1,9,0,18,0,0,0,4,1,10,1,1,6,2,36,7,1984,1,14,-1,-1,-1
2017420217923,2,9,0,2,9,0,0,0,0,0,1,1,6,3,-1,-1,-1,-1,-1,-1,-1,-1
2017420217931,1,9,0,18,0,1,2,4,0,0,1,1,6,1,19,4,1596,1,7,10,2,10
2017420217931,2,9,0,2,0,1,0,0,0,0,4,1,6,3,-1,-1,-1,-1,-1,-1,-1,-1
2017420217932,1,9,0,18,0,4,1,0,7,0,4,1,6,1,25,5,1149,1,10,7,1,7
2017420217933,1,21,1,18,0,0,0,0,1,7,1,1,1,1,71,10,12902,2,4,8,3,8
2017420217933,2,9,0,18,0,0,0,7,0,0,4,1,2,2,26,6,1349,1,4,9,3,9
2017420217950,1,9,0,7,0,0,2,0,1,4,2,1,6,1,41,7,1995,2,14,1,1,1
2017420217950,2,98,1,18,0,0,0,0,0,0,1,2,1,1,36,7,-1,-1,-1,-1,-1,-1
2017420217950,3,9,0,18,0,0,0,0,0,0,1,1,6,1,24,5,1388,1,15,-1,-1,-1
2017420217966,1,9,0,18,0,8,0,0,0,0,1,1,5,2,36,7,1299,1,12,-1,-1,-1
2017420217966,2,8,0,18,0,8,1,0,0,0,4,1,1,1,76,11,1997,2,3,7,1,7
2017420217972,1,9,0,9,0,6,0,0,1,0,4,1,5,2,90,11,1242,1,6,9,2,9
2017420217972,2,9,0,18,0,1,5,0,1,0,1,1,5,1,29,6,1598,1,13,6,1,6
2017420217979,1,9,0,18,0,0,1,0,0,0,1,1,5,1,36,7,3200,1,17,1,1,1
2017420217979,2,9,0,3,0,0,0,0,4,6,2,1,5,1,58,9,1461,2,2,10,1,10
2017420217979,3,9,0,3,0,0,0,0,0,0,2,1,5,1,50,8,1995,1,7,8,1,8
2017420217980,1,9,0,5,0,1,0,0,0,0,2,1,5,2,39,7,1596,1,16,5,1,5
2017420217980,2,9,0,5,0,1,0,0,0,0,2,1,6,2,23,5,1108,1,9,4,1,4
2017420217981,1,2,0,4,0,0,2,0,0,0,2,1,5,1,16,4,49,1,2,5,2,5
2017420217981,2,21,0,4,0,0,0,0,0,0,1,1,1,1,48,8,-1,-1,-1,9,1,9
2017420217985,1,9,0,16,0,0,1,0,0,0,4,1,2,1,29,6,1781,1,13,3,1,3
2017420217985,2,19,0,17,0,0,0,0,7,0,4,1,1,1,33,6,2298,2,2,6,1,6
2017420217987,1,9,0,16,0,0,0,0,0,0,4,1,5,1,22,5,1999,2,-1,7,2,7
2017420217987,2,9,0,17,0,0,0,0,1,0,1,1,5,2,43,7,1598,1,11,9,2,9
2017420217989,1,90,0,7,0,4,1,0,0,0,0,1,2,2,19,4,-1,-1,-1,10,1,10
2017420217992,1,9,0,18,0,2,0,0,0,0,3,1,5,1,21,5,1388,1,9,10,1,10