Accident_Index,Vehicle_Reference,Vehicle_Type,Towing_and_Articulation,Vehicle_Manoeuvre,Vehicle_Location-Restricted_Lane,Junction_Location,Skidding_and_Overturning,Hit_Object_in_Carriageway,Vehicle_Leaving_Carriageway,Hit_Object_off_Carriageway,1st_Point_of_Impact,Was_Vehicle_Left_Hand_Drive?,Journey_Purpose_of_Driver,Sex_of_Driver,Age_of_Driver,Age_Band_of_Driver,Engine_Capacity_(CC),Propulsion_Code,Age_of_Vehicle,Driver_IMD_Decile,Driver_Home_Area_Type,Vehicle_IMD_Decile
2017420217992,2,9,0,18,0,2,0,0,0,0,3,1,5,2,59,9,1499,2,1,8,1,8
2017420217996,1,9,0,18,0,1,0,0,0,0,3,1,5,2,59,9,1598,1,11,10,1,10
2017420217996,2,9,0,18,0,1,0,0,0,0,1,1,6,1,-1,-1,3199,1,22,-1,-1,-1
2017420218004,1,9,0,1,8,6,0,0,1,9,2,1,6,1,45,7,1560,2,13,7,1,7
2017420218004,2,9,0,18,0,1,0,0,0,0,1,1,6,1,83,11,1997,2,2,7,1,7
2017420218005,1,9,0,18,0,0,1,0,1,2,1,1,5,2,44,7,1328,1,16,7,1,7
2017420218009,1,9,0,18,0,0,0,0,0,0,4,1,6,1,18,4,1598,1,16,-1,-1,-1
2017420218009,2,9,0,2,0,0,0,0,0,0,3,1,6,3,-1,-1,-1,-1,-1,-1,-1,-1
2017420218009,3,9,0,2,0,0,0,0,0,0,3,1,6,3,-1,-1,-1,-1,-1,-1,-1,-1
2017420218009,4,9,0,2,0,0,0,0,0,0,3,1,6,3,-1,-1,-1,-1,-1,-1,-1,-1
2017420218009,5,8,0,18,0,0,0,0,0,0,1,1,1,1,41,7,1968,2,3,2,1,2
2017420218009,6,9,0,2,0,0,0,0,0,0,2,1,6,3,-1,-1,-1,-1,-1,-1,-1,-1
2017420218012,1,17,4,17,0,0,0,0,0,0,0,1,1,1,60,9,-1,2,7,9,1,9
2017420218012,2,9,0,16,0,0,0,0,0,0,3,1,2,2,25,5,1242,1,5,7,1,7
2017420218014,1,19,0,18,0,0,0,0,0,0,4,1,5,1,50,8,1560,2,6,-1,-1,-1
2017420218014,2,19,0,2,0,0,0,0,0,0,0,1,6,3,-1,-1,-1,-1,-1,-1,-1,-1
2017420218033,1,22,0,18,9,1,0,0,0,0,1,1,6,1,74,10,-1,-1,-1,1,1,1
2017420218035,1,9,0,18,0,0,0,0,0,0,1,1,5,1,24,5,2000,1,12,10,1,10
2017420218038,1,9,0,18,0,0,0,0,0,0,1,1,5,1,74,10,2179,2,9,1,1,1
2017420218043,1,9,0,5,0,8,0,0,0,0,3,1,6,1,72,10,1999,1,9,7,3,7
2017420218043,2,19,0,18,0,8,0,0,0,0,1,1,1,1,23,5,1998,2,13,6,1,6
2017420218098,1,9,0,4,0,0,0,0,0,0,1,1,2,2,22,5,1598,2,4,4,1,4
2017420218098,2,9,0,18,0,0,0,0,0,0,2,1,2,2,56,9,1995,2,3,8,1,8
2017420218129,1,9,0,13,0,0,0,0,0,0,4,1,6,3,-1,-1,-1,-1,-1,-1,-1,-1
2017420218129,2,1,0,18,0,0,1,0,1,0,3,1,5,1,31,6,-1,-1,-1,-1,-1,-1
2017420218240,1,9,0,18,0,8,0,0,7,1,4,1,3,2,34,6,-1,-1,-1,5,1,5
2017420218240,2,19,0,18,0,8,0,0,0,0,3,1,6,1,37,7,2402,2,7,1,1,1
2017420218253,1,9,0,2,0,0,0,0,0,0,2,1,5,1,30,6,1390,1,13,-1,-1,-1
2017420218253,2,21,0,18,0,0,0,0,0,0,2,1,1,1,57,9,8970,2,9,4,1,4
2017420218333,1,9,0,18,0,4,0,0,0,0,3,1,6,1,71,10,1794,1,17,-1,-1,-1
2017420218333,2,1,0,9,0,8,1,0,0,0,1,1,6,1,47,8,-1,-1,-1,-1,-1,-1
2017420218368,1,9,0,5,0,6,0,0,0,0,1,1,5,2,58,9,1124,1,13,7,1,7
2017420218368,2,9,0,18,0,1,0,0,1,0,4,1,5,1,22,5,998,1,13,3,1,3
2017420218391,1,9,0,9,0,6,0,0,0,0,3,1,5,1,88,11,1596,1,11,5,1,5
2017420218391,2,9,0,18,0,1,0,0,0,0,1,1,5,2,63,9,1999,1,9,6,1,6
2017420218398,1,9,0,5,0,0,0,0,7,0,1,1,5,2,75,10,1498,1,2,9,1,9
2017420218432,1,9,0,18,0,1,0,0,0,0,1,1,1,1,22,5,-1,-1,-1,7,2,7
2017420218432,2,9,0,3,0,1,0,0,0,0,2,1,2,2,37,7,1598,2,6,8,1,8
2017420218432,3,9,0,3,0,1,0,0,0,0,2,1,2,2,53,8,1984,1,12,9,3,9
2017420218435,1,9,0,18,0,2,1,0,7,0,1,2,6,1,33,6,1796,1,13,-1,-1,-1
2017420218436,1,9,0,18,0,8,0,0,0,0,1,1,6,1,45,7,998,1,1,4,1,4
2017420218436,2,19,0,18,0,4,0,0,0,0,1,1,6,3,-1,-1,2402,2,10,-1,-1,-1
2017420218437,1,9,0,9,9,2,1,0,1,11,1,1,5,1,20,4,1796,1,15,4,1,4
2017420218441,1,4,0,7,0,3,2,0,0,0,1,1,5,1,77,11,399,1,17,4,2,4
2017420218441,2,11,0,18,0,3,0,0,0,0,3,1,1,1,62,9,12600,2,13,3,1,3
2017420218455,1,9,0,18,0,0,0,0,0,0,3,1,5,1,25,5,1598,2,-1,3,3,3
2017420218455,2,9,0,18,0,0,0,0,0,0,3,1,5,1,57,9,1598,2,3,6,1,6
2017420218455,3,9,0,3,0,0,0,0,0,0,2,1,6,1,74,10,1242,1,11,7,2,7
2017420218455,4,9,0,3,0,0,0,0,0,0,2,1,5,2,33,6,1984,1,10,6,3,6
2017420218825,1,9,0,4,0,1,0,0,0,0,1,1,6,1,31,6,2171,1,14,-1,-1,-1
2017420218825,2,9,0,3,0,1,0,0,0,0,2,1,2,1,41,7,1995,2,1,5,3,5
2017420218825,3,9,0,3,0,1,0,0,0,0,2,1,5,1,84,11,1360,1,15,8,1,8
2017420218826,1,19,0,9,0,8,0,0,0,0,1,1,1,1,55,8,2287,2,1,1,1,1
2017420218826,2,9,0,18,0,8,0,0,0,0,1,1,5,1,20,4,1242,1,7,7,2,7
2017420219049,1,9,0,1,0,8,0,0,0,0,2,1,2,2,44,7,1560,2,12,7,1,7
2017420219077,1,1,0,18,5,2,0,0,0,0,0,1,2,1,38,7,-1,-1,-1,3,2,3
2017420219077,2,9,0,2,0,2,0,0,0,0,3,1,6,1,24,5,1392,1,18,-1,-1,-1
2017420219083,1,9,-1,18,0,2,0,0,0,0,1,1,6,3,-1,-1,-1,-1,-1,-1,-1,-1
2017420219134,1,9,0,18,0,0,0,0,0,0,1,1,5,1,82,11,998,1,2,-1,-1,-1
2017420219134,2,9,0,4,0,0,0,0,0,0,2,1,5,2,56,9,1242,1,8,2,1,2
2017420219157,1,1,0,18,9,8,0,0,0,0,1,1,5,1,15,3,-1,-1,-1,3,1,3
2017420219157,2,9,0,18,0,2,0,0,0,0,4,1,2,1,24,5,1995,1,14,9,2,9
2017420219190,1,9,0,18,0,0,2,0,1,0,1,1,6,1,21,5,1242,1,7,10,2,10
2017420219193,1,9,0,4,0,0,0,0,0,0,2,1,6,2,48,8,1497,8,-1,4,1,4
2017420219193,2,9,0,4,0,0,0,0,0,0,1,1,2,1,24,5,1490,1,10,4,1,4
2017420219193,3,9,0,18,0,0,0,0,0,0,0,1,6,3,-1,-1,-1,-1,-1,-1,-1,-1
2017420219194,1,9,0,18,0,1,0,0,0,0,1,1,6,2,30,6,-1,-1,-1,-1,-1,-1
2017420219194,2,1,0,18,9,8,0,0,0,0,1,1,4,1,12,3,-1,-1,-1,-1,-1,-1
2017420219199,1,9,0,9,0,8,0,0,0,0,0,1,6,3,-1,-1,-1,-1,-1,-1,-1,-1
2017420219199,2,9,0,7,0,3,0,0,0,0,1,1,6,1,30,6,1590,1,18,-1,-1,-1
2017420219199,3,9,0,7,0,3,0,0,0,0,2,1,6,1,22,5,1398,2,10,-1,-1,-1
2017420219242,1,19,0,9,0,8,0,0,0,0,1,1,1,1,49,8,2148,2,9,-1,2,-1
2017420219242,2,9,0,18,0,8,0,0,0,0,1,1,5,1,19,4,1229,1,4,3,1,3
2017420219258,1,9,0,5,0,1,0,0,0,0,4,1,5,1,59,9,1598,1,7,-1,-1,-1
2017420219287,1,1,0,18,0,0,0,0,0,0,4,1,6,1,13,3,-1,-1,-1,4,1,4
2017420219287,2,9,0,18,0,0,0,0,0,0,1,1,5,2,74,10,1339,1,10,4,1,4
2017420219288,1,9,0,16,0,0,0,0,0,0,1,1,5,2,75,10,1796,1,15,2,1,2
2017420219288,2,9,0,17,0,0,0,0,0,0,1,1,5,2,30,6,1595,1,11,4,1,4
2017420219295,1,1,0,15,9,0,0,0,1,0,0,1,6,1,49,8,-1,-1,-1,4,3,4
2017420219295,2,9,0,7,9,0,0,0,1,0,0,1,6,1,59,9,-1,-1,-1,4,3,4
2017420219306,1,90,0,9,0,1,0,0,0,0,1,1,6,1,57,9,-1,-1,-1,3,1,3
2017420219306,2,5,0,18,0,1,0,0,0,0,1,1,5,1,50,8,1215,1,3,7,1,7
2017420219313,1,9,0,6,0,0,0,0,0,0,3,1,3,2,41,7,1598,1,4,10,1,10
2017420219313,2,5,0,4,0,0,0,0,0,0,4,1,2,1,52,8,798,1,2,9,1,9
2017420219475,1,5,0,14,0,0,1,0,7,0,4,1,5,1,28,6,1092,1,23,3,1,3
2017420219475,2,9,0,6,0,0,0,0,0,0,3,1,6,1,27,6,2143,2,4,1,1,1
2017420219484,1,9,0,18,0,0,0,0,0,0,1,1,6,1,20,4,1242,1,5,-1,-1,-1
2017420219484,2,9,0,3,0,0,0,0,0,0,2,1,6,1,51,8,1598,1,12,-1,-1,-1
2017420219484,3,9,0,3,0,0,0,0,0,0,2,1,6,1,63,9,2179,2,2,-1,-1,-1
2017420219530,1,9,0,18,0,0,0,0,0,0,3,1,6,1,35,6,2148,2,14,6,1,6
2017420219530,2,19,0,18,0,0,0,0,0,0,3,1,6,1,37,7,2143,2,-1,8,1,8
2017420219545,1,9,0,9,0,4,0,0,0,0,1,1,6,1,20,4,1124,1,14,-1,-1,-1
2017420219545,2,9,0,18,0,8,0,0,0,0,4,1,6,1,55,8,1560,2,-1,-1,-1,-1
2017420219583,1,9,0,18,9,7,0,0,0,0,1,1,6,2,35,6,2179,2,2,-1,-1,-1
2017420219583,2,90,0,18,9,8,1,0,0,0,4,1,6,1,21,5,-1,-1,-1,-1,-1,-1
2017420219610,1,9,0,18,0,1,0,0,0,0,1,1,6,2,-1,-1,2179,2,4,-1,-1,-1
2017420219610,2,9,0,3,0,1,0,0,0,0,2,1,6,1,42,7,1998,2,12,-1,-1,-1
2017420219633,1,9,0,18,0,4,0,0,0,0,1,1,5,2,35,6,1685,2,2,4,1,4
2017420219633,2,9,0,18,0,8,0,0,0,0,4,1,5,2,21,5,1388,1,8,4,1,4
2017420219702,1,9,0,1,0,0,0,0,0,0,2,1,6,1,24,5,2987,2,2,2,1,2
2017420219702,2,9,0,3,0,0,0,0,0,0,4,1,1,1,32,6,1598,2,1,8,1,8
2017420219702,3,9,0,3,0,0,0,0,0,0,1,1,1,2,29,6,1560,2,5,-1,-1,-1
2017420219702,4,9,0,3,0,0,0,0,0,0,1,1,1,1,31,6,1598,2,3,8,1,8
2017420219702,5,19,0,3,0,0,0,0,0,0,1,1,1,1,37,7,1560,2,1,8,1,8
2017420219705,1,8,0,1,0,0,0,0,0,0,2,1,1,1,38,7,2231,2,10,3,1,3
2017420219714,1,5,0,18,0,0,0,0,0,0,1,1,6,1,32,6,998,1,8,3,1,3
2017420219714,2,9,0,11,0,0,0,0,0,0,1,1,5,1,27,6,1596,1,14,6,3,6
2017420219714,3,9,0,18,0,0,0,0,0,0,0,1,6,1,36,7,1598,1,13,7,1,7
2017420219715,1,9,0,12,0,0,0,0,1,0,3,1,2,2,41,7,1197,1,1,6,1,6
2017420219715,2,9,0,18,0,0,0,0,0,0,1,1,2,1,37,7,1969,2,-1,4,1,4
2017420219715,3,9,0,18,0,0,0,0,0,0,3,1,5,2,34,6,1598,2,2,6,1,6
2017420219716,1,9,0,9,0,8,0,0,0,0,3,1,5,1,47,8,-1,-1,-1,7,1,7
2017420219716,2,5,0,18,0,2,1,0,0,0,3,1,5,1,30,6,748,1,27,-1,-1,-1
2017420219717,1,3,0,16,0,3,0,0,0,0,4,1,5,1,37,7,124,1,-1,5,1,5
2017420219719,1,9,0,18,0,8,0,0,0,0,3,1,2,2,50,8,1910,2,9,6,3,6
2017420219719,2,9,0,18,0,1,0,0,0,0,1,1,6,3,-1,-1,-1,-1,-1,-1,-1,-1
2017420219722,1,9,0,18,0,0,1,0,0,0,1,1,2,1,26,6,1108,1,12,5,1,5
2017420219722,2,9,0,1,0,0,0,0,0,0,3,1,5,2,49,8,1598,2,5,7,3,7
2017420219724,1,9,0,13,0,0,1,0,2,2,4,1,6,1,21,5,3999,1,6,2,1,2
2017420219724,2,9,0,18,0,0,0,0,1,11,3,1,5,1,61,9,2993,2,2,4,1,4
2017420219770,1,9,0,18,0,0,0,0,0,0,1,1,6,2,-1,-1,2996,1,8,-1,-1,-1
2017420219770,2,9,0,3,0,0,0,0,0,0,2,1,6,2,42,7,1753,2,7,8,1,8
2017420219800,1,9,0,7,0,6,0,0,0,0,3,1,6,1,73,10,999,1,2,-1,-1,-1
2017420219800,2,9,0,18,0,8,0,0,0,0,4,1,6,2,53,8,1968,2,4,-1,-1,-1
2017420219800,3,9,0,13,0,8,0,0,0,0,4,1,6,1,41,7,1499,2,-1,-1,-1,-1
2017420219846,1,9,0,18,0,0,0,0,0,0,1,1,6,2,41,7,1796,1,10,-1,-1,-1
2017420219846,2,8,0,9,0,0,0,0,0,0,2,1,1,1,58,9,1598,2,2,-1,-1,-1
2017420219874,1,9,0,5,0,4,0,0,0,0,1,1,6,1,51,8,1997,2,9,-1,-1,-1
2017420219874,2,9,0,3,0,4,0,0,0,0,2,1,6,2,47,8,1988,1,13,-1,-1,-1
2017420219919,1,8,0,4,0,1,0,0,0,0,1,1,1,1,69,10,1461,2,4,6,1,6
2017420220060,1,9,0,16,0,0,0,0,0,0,1,1,2,2,24,5,1390,1,14,-1,-1,-1
2017420220060,2,9,0,17,0,0,0,0,0,0,1,1,2,1,22,5,1242,1,2,6,1,6
2017420220066,1,9,0,18,0,8,0,10,0,0,1,1,2,1,24,5,2401,1,11,-1,-1,-1
2017420220066,2,1,0,18,0,6,0,0,0,0,3,1,2,1,43,7,-1,-1,-1,-1,-1,-1
2017420220066,3,9,0,2,6,2,0,0,0,0,1,1,6,3,-1,-1,-1,-1,-1,-1,-1,-1
2017420220066,4,9,0,2,6,2,0,0,0,0,1,1,6,3,-1,-1,-1,-1,-1,-1,-1,-1
2017420220087,1,9,0,5,0,3,0,0,0,0,1,1,5,2,19,4,1124,1,11,-1,-1,-1
2017420220087,2,9,0,1,0,3,0,0,0,0,2,1,6,3,20,4,1598,1,9,-1,-1,-1
2017420220089,1,1,0,7,0,0,0,0,0,0,4,1,4,1,10,2,-1,-1,-1,4,1,4
2017420220089,2,9,0,18,0,0,0,0,0,0,1,1,1,2,49,8,999,1,1,6,1,6
2017420220094,1,9,0,18,0,0,0,0,1,0,1,1,5,1,17,4,1798,1,10,6,3,6
2017420220094,2,9,0,18,0,0,0,0,0,0,0,1,6,3,-1,-1,-1,-1,-1,-1,-1,-1
2017420220126,1,9,0,4,0,1,0,0,0,0,1,1,2,2,29,6,1388,1,8,5,1,5
2017420220126,2,1,0,18,9,1,0,0,0,0,4,1,2,1,20,4,-1,-1,-1,-1,-1,-1
2017420220135,1,9,0,14,0,0,0,0,0,0,4,1,6,2,78,11,2902,2,10,6,1,6
2017420220146,1,9,0,18,0,0,0,0,0,0,4,1,5,2,30,6,1242,1,10,8,1,8
2017420220171,1,19,0,1,9,0,0,0,0,0,0,1,5,1,26,6,2198,2,4,6,1,6
2017420220172,1,3,0,17,0,0,5,10,0,0,4,1,6,1,21,5,124,1,5,3,1,3
2017420220178,1,9,0,7,0,1,1,7,7,11,1,1,5,2,19,4,1299,1,12,9,1,9
2017420220180,1,9,0,18,0,8,0,7,1,0,1,1,5,2,31,6,1796,1,10,-1,1,-1
2017420220193,1,9,0,18,0,8,0,0,0,0,1,1,5,1,27,6,2616,1,10,3,1,3
2017420220199,1,19,0,9,0,1,0,0,0,0,1,1,1,2,36,7,2287,2,5,3,1,3
2017420220199,2,9,0,18,0,1,0,0,0,0,4,1,5,2,19,4,1200,1,1,10,1,10
2017420220206,1,9,0,5,0,2,0,0,0,0,1,1,6,1,-1,-1,-1,-1,-1,-1,-1,-1
2017420220206,2,3,0,18,0,1,0,0,0,0,1,1,5,1,21,5,125,1,1,3,2,3
2017420220208,1,9,0,16,0,1,1,0,5,6,3,1,5,1,36,7,2143,2,-1,7,1,7
2017420220208,2,9,0,3,0,1,0,0,0,0,3,1,5,1,71,10,1598,2,3,8,2,8
2017420220208,3,9,0,3,0,1,0,0,0,0,2,1,5,1,17,4,1364,2,1,10,3,10
2017420220208,4,9,0,3,0,1,0,0,0,0,2,1,5,2,22,5,1199,1,13,9,2,9
2017420220392,1,19,0,5,0,3,0,0,0,0,1,1,2,1,35,6,2198,2,2,6,2,6
2017420220413,1,9,0,18,0,1,0,0,0,0,1,1,5,1,72,10,1248,1,5,8,1,8
2017420220513,1,9,0,18,0,4,0,0,0,0,1,1,6,2,22,5,1388,1,13,-1,-1,-1
2017420220513,2,9,0,3,0,4,0,0,0,0,2,1,6,2,40,7,1388,1,11,-1,-1,-1
2017420220518,1,3,0,18,0,4,0,0,0,0,1,1,6,1,20,4,125,1,8,-1,-1,-1
2017420220518,2,9,0,3,0,4,0,0,0,0,2,1,6,2,33,6,1997,2,1,-1,-1,-1
2017420220531,1,9,0,16,0,0,2,0,7,4,1,1,5,1,24,5,1798,1,1,7,1,7
2017420220537,1,9,0,18,0,0,0,0,0,0,4,1,6,2,-1,-1,-1,-1,-1,-1,-1,-1
2017420220554,1,9,0,18,0,0,0,0,0,0,1,1,6,3,-1,-1,-1,-1,-1,-1,-1,-1
2017420220579,1,9,0,16,0,0,0,0,0,0,4,1,6,3,-1,-1,-1,-1,-1,-1,-1,-1
2017420220579,2,1,0,16,0,0,2,0,0,0,3,1,6,1,22,5,-1,-1,-1,4,1,4
2017420220615,1,9,0,16,0,0,0,0,0,0,1,1,6,1,32,6,1396,1,3,-1,-1,-1
2017420220652,1,9,0,4,0,0,0,0,0,0,1,1,5,1,19,4,1295,1,32,10,1,10
2017420220652,2,9,0,4,0,0,0,0,0,0,2,1,5,2,50,8,1598,1,13,9,1,9
2017420220656,1,9,0,3,0,0,0,0,0,0,2,1,2,1,41,7,1997,2,9,2,1,2
2017420220656,2,9,0,18,0,0,0,4,0,0,1,1,2,1,62,9,1328,1,16,9,2,9
2017420220658,1,21,0,1,0,0,0,0,0,0,2,1,1,1,37,7,11021,2,17,5,1,5
2017420220658,2,9,0,18,0,0,0,0,7,0,4,1,5,1,81,11,1968,2,4,10,2,10
2017420220663,1,5,0,16,0,0,5,0,0,0,1,1,6,1,46,8,749,1,12,8,2,8
2017420220663,2,9,0,5,0,0,0,0,0,0,3,1,2,1,56,9,2143,2,2,9,1,9
2017420220665,1,9,0,16,0,0,1,0,7,0,1,1,5,2,23,5,1388,1,10,3,1,3
2017420220688,1,19,0,18,0,0,1,0,0,0,1,1,1,1,26,6,2148,2,11,6,1,6
2017420220688,2,98,0,4,0,0,0,0,0,0,2,1,5,1,38,7,-1,-1,-1,7,1,7
2017420220688,3,9,0,3,0,0,0,0,0,0,2,1,5,1,54,8,2143,2,1,10,1,10
2017420220776,1,3,0,4,0,0,0,0,0,0,1,1,1,1,19,4,125,1,-1,8,1,8
2017420220776,2,9,0,4,0,0,0,0,0,0,2,1,1,1,48,8,-1,-1,-1,6,1,6
2017420220832,1,9,0,18,0,0,1,0,0,0,1,1,6,2,45,7,1596,1,10,6,3,6
2017420220832,2,9,0,18,0,0,0,0,0,0,1,1,1,1,52,8,1499,2,2,4,1,4
2017420220841,1,5,0,4,0,0,0,0,0,0,1,1,5,1,38,7,903,1,3,7,1,7
2017420220841,2,90,0,2,0,0,0,0,0,0,0,1,6,3,-1,-1,-1,-1,-1,-1,-1,-1
2017420220877,1,9,0,3,0,4,0,0,0,0,1,1,6,2,46,8,1396,1,13,7,3,7
2017420220877,2,5,0,3,0,4,0,0,0,0,2,1,6,2,21,5,649,1,-1,-1,-1,-1
2017420220883,1,4,0,9,0,8,0,0,0,0,3,1,2,1,24,5,249,1,6,3,1,3
2017420220883,2,19,0,18,0,8,0,0,0,0,1,1,1,1,31,6,2298,2,1,-1,-1,-1
2017420220962,1,9,0,18,0,1,0,0,1,0,1,1,5,2,26,6,1248,2,8,8,2,8
2017420220962,2,9,0,9,0,1,0,0,0,0,4,1,5,2,34,6,1999,1,6,8,3,8
2017420220970,1,9,0,1,0,2,0,0,0,0,2,1,5,1,42,7,1988,1,14,6,2,6
2017420220988,1,9,0,9,0,3,0,0,0,0,3,1,5,2,52,8,1399,2,4,-1,-1,-1
2017420220988,2,9,0,18,0,3,0,0,0,0,4,1,5,2,18,4,1240,1,12,9,1,9
2017420221054,1,5,0,18,0,0,1,0,0,0,3,1,2,1,43,7,599,1,15,6,1,6
2017420221116,1,9,0,18,0,0,0,0,0,0,1,1,6,1,71,10,2688,2,16,-1,-1,-1
2017420221116,2,1,0,18,0,0,0,0,0,0,2,1,6,1,31,6,-1,-1,-1,-1,-1,-1
2017420221116,3,9,0,18,0,0,0,0,0,0,1,1,2,2,46,8,1197,1,1,2,1,2
2017420221116,4,9,0,18,0,0,0,0,0,0,1,1,5,1,40,7,1910,2,9,5,1,5
2017420221126,1,21,0,17,0,0,2,0,1,10,4,1,1,1,29,6,6692,2,8,6,1,6
2017420221136,1,9,0,4,0,1,0,0,0,0,1,1,6,1,47,8,2148,2,10,3,1,3
2017420221136,2,1,0,18,0,1,0,0,0,0,1,1,6,1,11,3,-1,-1,-1,10,1,10
2017420221138,1,9,0,9,0,8,0,0,0,0,4,1,5,2,18,4,998,1,4,4,1,4
2017420221138,2,3,0,18,0,1,0,0,0,0,1,1,5,1,17,4,124,1,5,6,1,6
2017420221588,1,9,0,18,0,4,2,0,3,0,1,1,5,1,68,10,1560,2,7,5,1,5
2017420221601,1,9,0,13,0,1,0,0,0,0,4,1,6,2,68,10,1995,2,9,-1,-1,-1
2017420221601,2,1,0,18,0,1,0,0,0,0,3,1,6,1,57,9,-1,-1,-1,-1,-1,-1
2017420221643,1,9,0,18,0,0,0,0,0,0,1,1,3,2,34,6,1796,1,10,6,2,6
2017420221643,2,9,0,18,0,0,0,0,0,0,2,1,5,2,62,9,1197,1,3,6,2,6
2017420221696,1,9,0,18,0,1,0,0,0,0,1,1,2,1,40,7,1598,1,10,9,1,9
2017420221696,2,1,0,18,0,1,0,0,0,0,1,1,1,1,14,3,-1,-1,-1,9,1,9
2017420221701,1,9,0,11,0,0,0,0,0,0,4,1,6,1,46,8,1596,1,13,6,1,6
2017420221701,2,5,0,18,0,0,0,0,0,0,3,1,5,1,25,5,600,1,15,6,2,6
2017420221704,1,9,0,18,0,1,0,0,0,0,1,1,1,1,40,7,2993,2,3,10,1,10
2017420221704,2,9,0,9,0,1,0,0,0,0,1,1,6,2,29,6,1242,1,-1,8,1,8
2017420221763,1,3,0,13,0,1,5,0,0,0,1,1,2,1,17,4,125,1,-1,4,1,4
2017420221763,2,9,0,9,0,1,0,0,0,0,2,1,5,1,25,5,1199,1,14,8,1,8
2017420221772,1,9,0,18,0,0,0,4,0,0,4,1,2,2,23,5,999,1,1,8,1,8
2017420221772,2,9,0,2,0,0,0,4,0,0,3,1,6,3,-1,-1,-1,-1,-1,-1,-1,-1
2017420221772,3,9,0,2,0,0,0,0,0,0,2,1,6,3,-1,-1,-1,-1,-1,-1,-1,-1
2017420221772,4,9,0,2,0,0,0,0,0,0,2,1,6,3,-1,-1,-1,-1,-1,-1,-1,-1
2017420221772,5,9,0,2,0,0,0,0,0,0,2,1,6,3,-1,-1,-1,-1,-1,-1,-1,-1
2017420222000,1,21,0,18,0,0,0,11,0,0,1,1,1,1,57,9,6700,2,2,1,2,1
2017420222107,1,9,0,5,0,8,0,0,7,0,3,1,6,1,72,10,1598,1,10,7,1,7
2017420222107,2,9,0,18,0,8,0,0,0,0,1,1,6,1,61,9,2972,1,23,5,3,5
2017420222119,1,98,1,9,0,6,0,0,0,0,1,2,1,1,34,6,-1,-1,-1,-1,-1,-1
2017420222119,2,9,0,18,0,8,0,0,0,0,4,1,6,2,64,9,1598,1,15,3,1,3
2017420222120,1,9,0,18,0,0,0,0,0,0,1,1,5,2,63,9,998,1,-1,2,1,2
2017420222120,2,9,0,10,0,0,0,0,1,0,2,1,6,1,19,4,1229,1,10,4,1,4
2017420222130,1,3,0,13,0,1,0,0,2,0,1,1,6,1,32,6,124,1,9,2,1,2
2017420222130,2,9,0,9,0,1,0,0,0,0,1,1,5,1,36,7,1229,1,9,1,1,1
2017420222130,3,19,0,10,0,1,0,0,0,0,1,1,5,1,46,8,1686,2,15,8,1,8
2017420222130,4,19,0,18,0,1,0,0,0,0,0,1,1,1,51,8,2287,2,3,1,1,1
2017420222241,1,9,0,9,0,4,0,0,0,0,3,1,6,2,57,9,1299,1,12,-1,-1,-1
2017420222241,2,1,0,18,0,8,0,0,0,0,1,1,2,1,41,7,-1,-1,-1,10,1,10
2017420222336,1,19,0,4,0,0,0,0,0,0,1,1,1,1,39,7,2198,2,10,4,1,4
2017420222336,2,19,0,4,0,0,0,0,0,0,2,1,1,1,54,8,1598,2,-1,2,1,2
2017420222358,1,9,0,1,9,0,0,0,0,0,2,1,5,2,53,8,1598,1,8,10,1,10
2017420222392,1,9,0,9,0,0,0,0,0,0,4,1,5,1,64,9,1596,1,16,-1,-1,-1
2017420222392,2,9,0,18,0,0,0,0,0,0,3,1,5,2,65,9,1368,1,12,5,1,5
2017420222396,1,1,0,18,0,0,0,0,0,0,1,1,5,1,11,3,-1,-1,-1,-1,-1,-1
2017420222396,2,9,0,18,0,0,0,0,0,0,3,1,6,2,37,7,1360,1,8,-1,-1,-1
2017420222454,1,9,0,18,0,4,0,0,0,0,1,1,6,1,39,7,-1,-1,-1,8,1,8
2017420222454,2,9,0,9,0,3,0,0,0,0,4,1,6,2,24,5,1968,2,5,-1,-1,-1
2017420222470,1,9,0,1,0,0,0,0,0,0,2,1,5,1,21,5,1388,1,7,-1,-1,-1
2017420222470,2,3,0,18,0,0,0,0,0,0,1,1,6,1,17,4,125,1,8,5,1,5
2017420222482,1,9,0,16,0,0,1,0,0,0,1,1,6,1,32,6,1527,2,16,6,1,6
2017420222482,2,9,0,17,0,0,0,0,0,0,1,1,5,1,67,10,1229,1,8,10,3,10
2017420222522,1,9,0,5,0,8,0,0,0,0,3,1,5,1,30,6,1781,1,14,5,1,5
2017420222522,2,1,0,18,0,4,0,0,0,0,1,1,6,1,28,6,-1,-1,-1,3,1,3
2017420222542,1,9,0,16,0,0,0,0,7,4,4,1,2,1,18,4,1388,1,19,10,1,10
2017420222542,2,9,0,18,0,0,0,0,0,0,1,1,5,1,63,9,1242,1,5,7,2,7
2017420222557,1,9,0,1,6,0,0,0,0,0,2,1,5,2,45,7,1984,1,-1,9,1,9
2017420222557,2,9,0,1,6,0,0,0,0,0,4,1,6,1,29,6,999,1,1,6,1,6
2017420222569,1,9,0,18,0,1,0,0,0,0,1,1,6,2,84,11,1588,1,16,9,1,9
2017420222569,2,9,0,5,0,6,0,0,0,0,2,1,6,2,45,7,2993,2,5,10,1,10