Accident_Index,Vehicle_Reference,Vehicle_Type,Towing_and_Articulation,Vehicle_Manoeuvre,Vehicle_Location-Restricted_Lane,Junction_Location,Skidding_and_Overturning,Hit_Object_in_Carriageway,Vehicle_Leaving_Carriageway,Hit_Object_off_Carriageway,1st_Point_of_Impact,Was_Vehicle_Left_Hand_Drive?,Journey_Purpose_of_Driver,Sex_of_Driver,Age_of_Driver,Age_Band_of_Driver,Engine_Capacity_(CC),Propulsion_Code,Age_of_Vehicle,Driver_IMD_Decile,Driver_Home_Area_Type,Vehicle_IMD_Decile
2017420222570,1,3,0,7,0,6,0,0,0,0,1,1,5,2,49,8,125,1,1,8,1,8
2017420222570,2,9,0,18,0,1,0,0,0,0,4,1,6,1,55,8,1364,1,3,10,2,10
2017420222571,1,9,0,17,0,0,1,0,1,5,4,1,6,1,32,6,1968,2,13,9,2,9
2017420222571,2,9,0,4,0,0,0,0,0,0,0,1,1,1,43,7,1560,2,5,-1,-1,-1
2017420222572,1,9,0,17,0,0,0,4,0,0,3,1,6,1,20,4,1390,1,8,4,1,4
2017420222572,2,9,0,2,0,0,0,0,0,0,3,1,6,3,-1,-1,-1,-1,-1,-1,-1,-1
2017420222574,1,9,0,18,0,8,0,0,0,0,1,2,6,1,46,8,1796,1,17,4,1,4
2017420222574,2,9,0,18,0,8,0,0,0,0,1,1,6,1,74,10,1560,2,1,3,1,3
2017420222574,3,1,0,7,0,6,0,0,0,0,0,1,6,3,30,6,-1,-1,-1,-1,-1,-1
2017420222584,1,5,0,16,0,2,0,0,0,0,1,1,5,1,68,10,1050,1,5,-1,-1,-1
2017420222584,2,9,0,17,0,2,0,0,0,0,1,1,5,1,71,10,2488,1,14,8,2,8
2017420222598,1,9,0,18,0,0,0,0,0,0,1,1,6,3,-1,-1,2979,1,1,-1,-1,-1
2017420222598,2,9,0,18,0,0,0,0,0,0,4,1,6,2,37,7,1299,1,12,9,1,9
2017420222602,1,2,0,5,0,6,0,0,0,0,1,1,5,1,28,6,49,1,3,9,1,9
2017420222602,2,1,0,18,0,1,0,0,0,0,1,1,5,1,25,5,-1,-1,-1,4,1,4
2017420222609,1,19,0,3,0,4,0,0,0,0,1,1,1,1,58,9,1997,2,6,9,3,9
2017420222609,2,9,0,3,0,4,0,0,0,0,2,1,5,2,27,6,1997,2,5,4,1,4
2017420222610,1,5,0,4,0,1,1,0,0,0,4,1,5,2,60,9,599,1,11,-1,-1,-1
2017420222679,1,19,0,18,0,1,0,0,0,0,1,1,1,1,27,6,1598,2,2,3,1,3
2017420222679,2,9,0,3,0,1,0,0,0,0,2,1,2,1,27,6,1753,2,10,4,1,4
2017420222679,3,9,0,3,0,1,0,0,0,0,2,1,2,1,47,8,1390,1,5,8,1,8
2017420222679,4,9,0,3,0,1,0,0,0,0,2,1,2,1,30,6,1598,1,8,8,1,8
2017420222679,5,9,0,3,0,1,0,0,0,0,2,1,2,1,28,6,2499,1,10,-1,-1,-1
2017420222679,6,9,0,3,0,1,0,0,0,0,2,1,2,1,46,8,1998,2,11,2,1,2
2017420222679,7,9,0,3,0,1,0,0,0,0,2,1,2,1,40,7,1598,2,3,9,1,9
2017420222908,1,9,0,13,0,1,0,0,0,0,4,1,6,3,-1,-1,1998,1,-1,-1,-1,-1
2017420222908,2,9,0,18,0,1,0,0,0,0,3,1,6,1,19,4,1198,1,13,6,1,6
2017420223017,1,21,0,18,0,0,1,0,8,3,3,1,6,1,43,7,-1,-1,-1,3,1,3
2017420223022,1,9,0,16,0,0,0,0,7,0,1,1,1,1,58,9,1560,2,5,4,1,4
2017420223023,1,9,0,16,0,1,2,0,7,7,1,1,5,1,33,6,973,1,19,6,2,6
2017420223026,1,9,0,3,0,1,0,0,0,0,1,1,6,1,60,9,1999,1,11,8,3,8
2017420223026,2,9,0,4,0,1,0,0,0,0,2,1,6,2,26,6,1248,2,10,4,1,4
2017420223028,1,9,0,9,0,8,0,0,0,0,1,1,5,1,25,5,1497,8,6,10,1,10
2017420223028,2,9,0,17,0,8,0,0,0,0,4,1,5,2,47,8,1598,1,10,-1,-1,-1
2017420223251,1,19,0,18,0,3,0,0,0,0,3,1,1,1,54,8,2143,2,-1,3,1,3
2017420223251,2,3,0,18,0,8,0,0,0,0,4,1,2,1,58,9,125,1,1,2,1,2
2017420223294,1,9,0,9,0,8,0,0,0,0,3,1,2,2,29,6,1796,2,5,4,1,4
2017420223294,2,3,0,18,0,8,2,0,0,0,2,1,2,1,25,5,124,1,10,1,1,1
2017420223490,1,98,0,9,0,5,0,0,0,0,1,1,6,1,-1,-1,-1,-1,-1,-1,-1,-1
2017420223818,1,9,0,18,0,0,0,0,0,0,1,1,6,1,33,6,2499,1,8,-1,-1,-1
2017420223818,2,9,0,4,0,0,0,0,0,0,2,1,6,1,34,6,1596,1,10,-1,-1,-1
2017420223867,1,9,0,4,0,0,1,0,0,0,0,1,6,3,-1,-1,-1,-1,-1,-1,-1,-1
2017420223867,2,9,0,18,0,0,1,0,0,0,1,1,1,2,38,7,998,1,2,10,1,10
2017420223867,3,9,0,4,0,0,0,0,0,0,2,1,5,2,69,10,1390,1,13,8,1,8
2017420223868,1,9,0,18,9,8,5,0,1,10,1,1,2,1,25,5,1248,1,1,10,1,10
2017420223913,1,9,0,18,0,1,0,0,0,0,1,1,5,1,23,5,1398,2,9,9,3,9
2017420223913,2,9,5,9,0,2,0,0,0,0,3,1,5,2,71,10,1390,1,5,10,2,10
2017420223928,1,19,0,9,0,6,0,0,0,0,1,1,6,1,43,7,1996,2,5,3,1,3
2017420223928,2,1,0,18,0,1,0,0,0,0,1,1,2,1,30,6,-1,-1,-1,3,1,3
2017420223934,1,9,0,18,0,2,0,0,0,0,1,1,3,1,21,5,1595,1,3,5,1,5
2017420223934,2,9,0,3,0,2,0,0,0,0,2,1,5,2,18,4,996,1,5,7,1,7
2017420223935,1,9,0,18,0,0,0,0,0,0,1,1,5,1,23,5,1560,2,1,1,1,1
2017420223936,1,9,0,18,0,0,0,0,5,0,1,1,5,1,22,5,1598,1,14,4,3,4
2017420223940,1,9,0,17,0,0,0,0,0,0,1,1,5,2,33,6,1596,1,14,5,2,5
2017420223942,1,9,0,9,0,2,0,0,0,0,1,1,5,2,17,4,1198,1,2,10,1,10
2017420223942,2,9,0,18,0,2,0,0,0,0,1,1,5,1,20,4,1198,1,12,6,1,6
2017420224102,1,9,0,18,0,1,0,0,0,0,4,1,6,3,-1,-1,-1,-1,-1,-1,-1,-1
2017420224322,1,9,0,18,0,0,1,4,1,0,4,1,5,2,39,7,1995,2,6,10,3,10
2017420224322,2,9,0,2,0,0,0,0,0,0,4,1,6,3,-1,-1,-1,-1,-1,-1,-1,-1
2017420224346,1,1,0,18,9,0,0,0,0,0,1,1,4,1,15,3,-1,-1,-1,10,1,10
2017420224349,1,9,0,5,0,4,0,0,0,0,3,1,5,1,33,6,1197,1,3,3,1,3
2017420224349,2,3,0,18,0,8,0,0,0,0,1,1,2,1,29,6,125,1,-1,9,1,9
2017420224350,1,9,0,5,0,4,0,0,0,0,1,1,5,2,34,6,1398,2,15,-1,-1,-1
2017420224350,2,1,0,18,0,8,0,0,0,0,1,1,2,1,40,7,-1,-1,-1,-1,-1,-1
2017420224351,1,3,0,18,0,0,0,0,0,0,1,1,5,1,21,5,583,1,25,9,3,9
2017420224351,2,3,0,18,0,0,0,0,0,0,2,1,6,1,25,5,124,1,2,8,2,8
2017420224351,3,9,0,18,0,0,0,0,0,0,3,1,6,2,30,6,1685,2,5,6,1,6
2017420224351,4,19,0,18,0,0,0,0,0,0,1,1,6,1,42,7,2143,2,-1,6,1,6
2017420224351,5,98,0,18,0,0,0,0,0,0,0,1,6,3,-1,-1,-1,-1,-1,-1,-1,-1
2017420224354,1,9,0,14,0,0,0,0,0,0,1,1,5,1,17,4,1242,1,11,2,1,2
2017420224354,2,9,0,14,0,0,0,0,0,0,2,1,5,2,69,10,1560,2,-1,2,1,2
2017420224354,3,9,0,2,0,0,0,0,0,0,0,1,5,2,55,8,1988,1,15,2,1,2
2017420224359,1,5,0,18,0,0,2,0,0,0,3,1,6,1,46,8,748,1,11,7,1,7
2017420224359,2,9,0,18,0,0,0,0,0,0,4,1,6,1,77,11,1598,2,4,10,1,10
2017420224367,1,9,0,5,0,0,0,0,0,0,3,1,6,1,50,8,1997,2,-1,4,1,4
2017420224367,2,98,0,2,0,0,0,0,0,0,0,1,6,3,-1,-1,-1,-1,-1,-1,-1,-1
2017420224368,1,8,0,9,0,1,0,0,0,0,1,1,2,1,33,6,1896,2,9,8,1,8
2017420224368,2,1,0,5,0,1,0,0,0,0,1,1,6,1,53,8,-1,-1,-1,7,1,7
2017420224369,1,3,0,4,0,1,5,7,0,0,1,1,2,1,18,4,125,1,2,5,1,5
2017420224467,1,9,0,18,0,0,1,0,2,4,4,1,6,1,25,5,1229,1,7,-1,-1,-1
2017420224496,1,9,0,18,0,0,0,0,0,0,3,1,6,1,-1,-1,2495,2,13,-1,-1,-1
2017420224496,2,9,0,15,0,0,0,0,0,0,4,1,6,1,23,5,1968,2,11,7,2,7
2017420224533,1,9,0,18,0,1,0,0,0,0,1,1,2,2,22,5,1199,1,14,3,1,3
2017420224533,2,9,0,10,0,1,0,0,1,0,2,1,6,2,43,7,1995,2,4,9,2,9
2017420224534,1,9,0,17,0,8,1,0,7,0,1,1,2,1,38,7,1796,1,14,-1,-1,-1
2017420224534,2,9,0,18,0,8,0,0,0,0,3,1,2,1,50,8,1242,1,2,3,1,3
2017420224534,3,9,0,18,0,1,0,0,0,0,3,1,6,2,31,6,998,1,2,5,3,5
2017420224651,1,1,0,15,0,0,2,0,0,0,2,1,5,1,55,8,-1,-1,-1,9,1,9
2017420224651,2,9,0,3,0,0,0,0,0,0,1,1,2,1,19,4,1388,1,11,-1,-1,-1
2017420224651,3,5,0,4,0,0,0,4,0,0,1,1,2,1,46,8,645,1,12,-1,-1,-1
2017420224651,4,9,0,2,0,0,0,0,0,0,3,1,2,2,29,6,1596,1,14,-1,-1,-1
2017420224670,1,9,0,18,0,0,0,0,0,0,1,1,2,2,42,7,1999,2,1,9,3,9
2017420224670,2,9,0,18,0,0,0,0,0,0,1,1,5,1,29,6,1560,2,12,7,2,7
2017420224727,1,9,0,9,0,1,0,0,0,0,4,1,5,2,51,8,1299,1,14,3,1,3
2017420224727,2,9,0,18,0,1,0,0,0,0,1,1,5,1,28,6,1799,1,11,3,1,3
2017420224737,1,9,0,18,0,1,0,0,0,0,1,1,5,2,18,4,973,1,15,2,1,2
2017420224737,2,9,0,9,0,8,0,0,0,0,3,1,2,1,39,7,1975,1,9,4,1,4
2017420224742,1,9,0,9,0,8,0,0,0,0,1,1,2,2,51,8,998,1,1,8,2,8
2017420224742,2,9,0,18,0,8,0,0,7,0,1,1,5,1,87,11,1461,2,3,10,2,10
2017420224743,1,21,1,18,0,0,0,0,0,0,1,1,1,1,36,7,12419,2,2,4,1,4
2017420224743,2,9,0,18,0,0,0,0,0,0,3,1,5,1,60,9,1299,1,11,7,3,7
2017420224744,1,-1,0,18,0,0,0,0,0,0,3,1,6,3,-1,-1,-1,-1,-1,-1,-1,-1
2017420224744,2,9,0,18,0,0,2,0,1,4,4,1,2,1,31,6,1598,1,7,9,2,9
2017420224744,3,9,0,18,0,0,1,0,1,4,3,1,2,2,50,8,1956,2,3,-1,-1,-1
2017420224745,1,9,0,18,0,1,1,0,0,0,1,1,6,3,-1,-1,2959,2,11,-1,-1,-1
2017420224745,2,8,0,18,0,3,1,0,0,0,1,1,1,1,66,10,1598,2,5,4,1,4
2017420224745,3,9,0,18,0,3,1,0,0,0,3,1,6,2,28,6,1499,2,2,9,1,9
2017420224745,4,9,0,18,0,1,0,0,0,0,0,1,1,1,40,7,1999,1,-1,5,1,5
2017420224798,1,9,0,10,0,1,0,0,0,0,4,1,6,1,38,7,1362,1,5,-1,-1,-1
2017420224798,2,9,0,18,0,1,2,0,0,0,4,1,6,1,25,5,1598,1,12,9,1,9
2017420224817,1,2,0,18,0,0,2,0,0,0,1,1,5,1,16,4,49,1,10,7,1,7
2017420224817,2,5,0,3,0,0,0,0,0,0,2,1,6,1,29,6,654,1,12,6,3,6
2017420224820,1,9,0,9,0,0,0,0,0,0,1,1,5,1,43,7,1796,1,6,1,1,1
2017420224820,2,9,0,18,0,0,0,0,0,0,1,1,6,1,33,6,2143,2,4,-1,-1,-1
2017420224822,1,19,0,9,0,8,0,0,0,0,1,1,5,1,18,4,2298,2,5,7,3,7
2017420224822,2,8,0,18,0,8,0,0,0,0,1,1,1,1,32,6,1995,2,4,9,1,9
2017420224828,1,9,0,17,0,0,0,0,1,0,1,1,5,2,17,4,1390,1,11,-1,-1,-1
2017420224836,1,9,0,18,0,0,0,0,0,0,3,1,1,2,31,6,1598,1,6,3,1,3
2017420224842,1,9,0,18,0,0,0,0,1,0,3,1,5,1,62,9,1399,1,1,-1,-1,-1
2017420224842,2,9,0,18,0,0,0,0,1,10,1,1,5,2,50,8,1598,2,2,5,1,5
2017420224844,1,9,0,9,0,8,0,0,0,0,1,1,5,2,29,6,1796,1,7,9,1,9
2017420224844,2,5,0,18,0,8,0,0,0,0,4,1,5,1,34,6,806,1,1,2,1,2
2017420224891,1,9,0,5,0,0,0,0,0,0,1,1,6,2,31,6,1685,2,1,-1,-1,-1
2017420224891,2,9,0,18,0,0,0,0,0,0,3,1,6,2,21,5,1242,1,3,4,1,4
2017420225029,1,9,0,18,0,0,0,0,0,0,1,1,6,3,-1,-1,-1,-1,-1,-1,-1,-1
2017420225103,1,19,0,-1,-1,0,-1,-1,-1,0,-1,1,6,3,-1,-1,1753,2,7,-1,-1,-1
2017420225103,2,9,0,-1,-1,0,-1,-1,-1,0,-1,1,6,2,53,8,1339,1,4,-1,-1,-1
2017420225181,1,9,0,18,0,1,0,0,0,0,3,1,5,1,43,7,1461,2,2,9,1,9
2017420225193,1,9,0,18,0,1,0,0,0,0,1,1,6,2,23,5,1398,1,3,2,1,2
2017420225193,2,9,0,3,0,1,0,0,0,0,2,1,5,1,50,8,1994,2,15,10,1,10
2017420225193,3,9,0,3,0,1,0,0,0,0,2,1,6,2,26,6,1598,1,4,6,3,6
2017420225199,1,9,0,18,0,1,0,0,0,0,1,1,6,1,-1,-1,1248,2,13,-1,-1,-1
2017420225199,2,9,0,18,0,1,0,0,0,0,2,1,1,1,35,6,2993,2,2,4,1,4
2017420225200,1,9,0,18,0,0,0,0,0,0,1,1,6,1,48,8,1796,1,11,8,2,8
2017420225200,2,9,0,18,0,0,1,0,0,0,1,1,6,1,33,6,2993,2,8,6,2,6
2017420225223,1,9,0,18,0,0,0,0,0,0,4,1,6,1,40,7,-1,-1,-1,-1,-1,-1
2017420225341,1,1,0,18,0,0,0,0,0,0,1,1,6,1,-1,-1,-1,-1,-1,-1,-1,-1
2017420225430,1,21,0,13,0,0,0,0,0,0,3,1,1,1,36,7,-1,-1,-1,8,3,8
2017420225430,2,1,0,18,0,0,0,0,0,0,1,1,2,1,20,4,-1,-1,-1,10,1,10
2017420225448,1,9,0,9,0,2,0,0,0,0,3,1,5,2,32,6,1796,1,12,1,1,1
2017420225448,2,1,0,4,0,1,2,0,1,0,1,1,4,1,12,3,-1,-1,-1,4,1,4
2017420225449,1,9,0,17,0,0,5,0,7,9,1,1,6,1,23,5,1328,1,12,7,3,7
2017420225547,1,9,0,18,0,1,0,0,0,0,1,1,5,2,87,11,998,1,15,6,1,6
2017420225547,2,9,0,18,0,1,0,0,0,0,2,1,5,1,80,11,1753,2,11,6,2,6
2017420225563,1,10,0,9,0,2,0,0,0,0,1,1,3,2,27,6,2198,2,2,3,1,3
2017420225563,2,21,1,18,0,2,0,0,0,0,1,1,1,1,28,6,12902,2,1,-1,-1,-1
2017420225604,1,9,0,5,0,8,0,0,0,0,2,1,5,1,44,7,1997,2,1,8,1,8
2017420225604,2,9,0,5,0,8,0,0,0,0,1,1,5,2,26,6,1240,1,14,9,1,9
2017420225611,1,9,0,18,0,2,0,0,0,0,4,1,5,2,21,5,1388,1,8,-1,-1,-1
2017420225614,1,9,0,18,0,0,0,0,0,0,4,1,2,2,26,6,1596,1,3,4,1,4
2017420225615,1,9,0,14,0,0,0,0,0,0,1,1,5,1,36,7,1398,1,16,9,1,9
2017420225615,2,9,0,2,0,0,0,0,0,0,4,1,5,2,36,7,1364,1,3,3,1,3
2017420225616,1,9,0,5,0,8,0,0,0,0,1,1,2,1,38,7,1461,2,2,3,1,3
2017420225616,2,1,0,18,0,8,0,0,0,0,2,1,2,1,58,9,-1,-1,-1,-1,-1,-1
2017420225829,1,9,0,5,0,6,0,0,0,0,3,1,5,1,75,10,875,1,2,7,3,7
2017420225829,2,1,0,18,0,1,0,0,0,0,4,1,5,1,50,8,-1,-1,-1,8,3,8
2017420225958,1,5,0,18,0,2,0,0,0,0,1,1,2,1,29,6,998,1,18,2,1,2
2017420226048,1,3,0,7,0,3,2,0,1,7,4,1,2,1,19,4,124,1,1,-1,-1,-1
2017420226048,2,9,0,17,0,8,0,0,0,0,3,1,2,1,33,6,998,1,1,-1,-1,-1
2017420226097,1,9,0,18,0,1,0,0,0,0,1,1,6,1,17,4,1242,1,-1,5,2,5
2017420226113,1,3,0,4,0,0,0,0,0,0,1,1,5,2,31,6,124,1,18,-1,-1,-1
2017420226113,2,19,0,4,0,0,0,0,0,0,2,1,1,1,39,7,1560,2,2,-1,-1,-1
2017420226114,1,9,0,18,0,0,0,0,0,0,1,1,5,1,48,8,1598,1,11,6,2,6
2017420226114,2,9,0,18,0,0,0,0,0,0,1,1,2,1,26,6,1242,1,1,1,1,1
2017420226114,3,9,0,18,0,0,0,0,0,0,2,1,5,1,25,5,1149,1,8,-1,-1,-1
2017420226129,1,9,0,18,0,0,0,0,0,0,1,1,6,1,40,7,-1,-1,-1,-1,-1,-1
2017420226129,2,1,0,18,0,0,0,0,0,0,1,1,6,1,13,3,-1,-1,-1,3,1,3
2017420226132,1,9,0,18,0,0,0,0,0,0,1,1,5,2,59,9,1329,1,5,6,1,6
2017420226132,2,9,0,2,0,0,0,0,0,0,0,1,6,3,-1,-1,-1,-1,-1,-1,-1,-1
2017420226237,1,9,0,18,0,0,0,0,0,0,1,1,2,1,25,5,1984,1,9,6,1,6
2017420226237,2,9,0,4,0,0,0,0,0,0,2,1,2,1,25,5,1598,1,10,4,1,4
2017420226258,1,9,0,9,0,2,0,0,0,0,1,1,6,2,51,8,2996,1,6,-1,-1,-1
2017420226262,1,19,0,18,0,1,0,0,0,0,3,1,1,1,22,5,2198,2,1,9,1,9
2017420226303,1,9,0,11,0,8,0,0,0,0,3,1,6,1,-1,-1,1968,2,4,-1,-1,-1
2017420226303,2,9,0,11,0,8,0,0,0,0,4,1,6,2,34,6,1995,1,5,8,2,8
2017420226353,1,9,0,18,0,0,0,0,0,0,1,1,3,2,39,7,1596,1,12,4,1,4
2017420226353,2,9,0,18,0,0,0,0,0,0,2,1,2,2,26,6,1242,1,6,3,1,3
2017420226353,3,9,0,18,0,0,0,0,0,0,2,1,2,2,31,6,1229,1,12,5,1,5
2017420226420,1,9,0,2,0,0,0,0,0,0,3,1,6,2,27,6,1995,1,8,-1,-1,-1
2017420226420,2,1,0,18,0,0,5,8,0,0,1,1,6,1,24,5,-1,-1,-1,9,3,9
2017420226443,1,19,0,18,0,0,0,0,0,0,3,1,1,1,38,7,2198,2,6,-1,-1,-1
2017420226443,2,1,0,18,0,0,0,0,0,0,0,1,6,1,81,11,-1,-1,-1,5,1,5
2017420226478,1,9,0,4,0,0,0,0,0,0,1,1,5,1,45,7,1997,2,6,9,2,9
2017420226479,1,9,0,5,0,6,0,0,0,0,4,1,5,2,73,10,1390,1,6,8,2,8
2017420226479,2,8,0,18,0,1,0,0,0,0,3,1,1,1,58,9,1596,1,4,3,1,3
2017420226485,1,9,0,5,0,2,0,0,0,0,3,1,5,1,23,5,1797,8,5,-1,-1,-1
2017420226485,2,9,0,18,0,2,0,0,0,0,4,1,5,2,31,6,1399,2,7,4,1,4
2017420226489,1,9,0,18,0,0,0,0,0,0,1,1,3,2,49,8,1499,8,-1,4,1,4
2017420226497,1,8,0,17,0,0,0,0,0,0,1,1,1,1,50,8,-1,-1,-1,-1,-1,-1
2017420226497,2,21,0,4,0,0,0,0,0,0,2,1,1,1,51,8,12419,2,-1,-1,-1,-1
2017420226499,1,9,0,15,0,0,0,0,0,0,1,1,6,1,-1,-1,1199,2,5,-1,-1,-1
2017420226499,2,9,0,18,0,0,0,0,0,0,2,1,5,1,21,5,1968,2,5,7,3,7
2017420226575,1,21,0,3,0,4,0,0,0,0,1,1,1,1,57,9,12902,2,1,-1,1,-1
2017420226575,2,1,0,3,0,4,0,0,0,0,2,1,2,1,59,9,-1,-1,-1,4,1,4
2017420226622,1,9,0,18,0,8,0,0,0,0,1,1,2,1,51,8,1798,8,1,8,1,8
2017420226622,2,9,0,18,0,8,0,0,0,0,3,1,2,2,50,8,1991,2,6,8,1,8
2017420226689,1,9,0,4,0,0,0,0,0,0,4,1,6,1,-1,-1,-1,-1,-1,-1,-1,-1
2017420226735,1,9,0,18,0,0,0,0,0,0,1,1,2,1,34,6,2488,2,12,-1,-1,-1
2017420226735,2,17,0,18,0,0,0,0,0,0,2,1,1,1,22,5,-1,2,1,7,3,7
2017420226743,1,9,0,18,0,8,0,0,0,0,1,1,6,2,28,6,1596,1,13,3,1,3
2017420226743,2,9,0,18,0,8,0,0,0,0,4,1,6,1,34,6,1796,1,8,-1,-1,-1
2017420226774,1,9,0,9,0,3,0,0,0,0,3,1,6,2,33,6,1798,1,6,3,1,3
2017420226774,2,5,0,18,0,3,0,0,0,0,4,1,1,1,61,9,599,1,20,5,2,5
2017420226786,1,9,0,17,0,0,0,0,1,0,4,1,5,1,80,11,1197,1,1,6,1,6
2017420226796,1,9,0,6,0,0,0,0,0,0,3,1,5,2,74,10,1242,1,6,7,1,7
2017420226796,2,5,0,18,0,0,0,0,0,0,1,1,5,1,57,9,998,1,-1,7,2,7
2017420226809,1,9,0,5,9,6,0,0,0,0,1,1,2,1,45,7,1995,2,5,9,2,9
2017420226809,2,1,0,18,9,6,0,0,0,0,1,1,2,1,14,3,-1,-1,-1,-1,-1,-1
2017420226821,1,21,1,12,0,0,0,0,0,0,1,2,1,1,61,9,-1,-1,-1,-1,-1,-1
2017420226821,2,9,0,18,0,0,0,0,0,0,4,1,5,2,64,9,998,1,5,6,1,6
2017420226826,1,9,0,5,0,1,0,0,0,0,1,1,1,2,30,6,1242,1,1,6,1,6
2017420226826,2,3,0,14,0,1,0,0,1,11,3,1,2,1,54,8,124,1,3,4,1,4
2017420226845,1,3,0,18,0,2,0,0,0,0,1,1,2,1,22,5,125,1,9,7,1,7
2017420226845,2,9,0,18,0,2,0,0,0,0,2,1,5,2,42,7,1997,2,3,8,1,8
2017420226849,1,9,0,4,0,8,0,0,0,0,2,1,2,1,19,4,1968,2,-1,9,1,9
2017420226849,2,19,0,4,0,8,1,0,0,0,1,1,2,1,43,7,2402,2,8,4,1,4
2017420226859,1,19,0,18,0,1,0,0,0,0,1,1,6,1,-1,-1,1995,2,9,-1,-1,-1
2017420226859,2,9,0,-1,-1,-1,-1,-1,-1,0,-1,1,6,1,26,6,998,1,2,-1,-1,-1
2017420226871,1,9,0,9,0,6,0,0,0,0,1,1,6,2,32,6,1598,2,3,7,1,7
2017420226871,2,3,0,18,0,1,0,0,0,0,1,1,6,1,22,5,125,1,-1,7,1,7
2017420226873,1,9,4,18,0,0,0,0,0,0,3,1,1,1,63,9,-1,-1,-1,5,3,5
2017420226873,2,9,0,18,0,0,0,0,0,0,1,1,5,2,67,10,1242,1,8,6,3,6
2017420226878,1,21,0,12,0,0,0,0,0,0,3,2,1,1,39,7,-1,-1,-1,-1,-1,-1
2017420226878,2,9,0,13,0,0,1,0,5,6,4,1,6,1,32,6,1753,2,11,5,1,5
2017420226914,1,9,0,18,0,0,0,0,0,0,1,1,6,2,22,5,1242,1,3,10,3,10
2017420226914,2,9,0,18,0,0,0,0,0,0,2,1,6,1,50,8,-1,-1,-1,8,3,8
2017420226914,3,9,0,10,0,0,0,0,0,0,0,1,6,2,28,6,999,1,-1,7,1,7
2017420226915,1,3,0,5,0,4,1,0,0,0,3,1,5,2,19,4,-1,-1,-1,4,1,4
2017420226916,1,4,0,4,0,8,0,0,0,0,1,1,5,1,41,7,499,1,24,8,1,8
2017420226916,2,5,0,4,0,8,0,0,0,0,2,1,5,1,58,9,647,1,19,9,1,9
2017420226918,1,9,0,18,0,0,0,0,0,0,1,1,6,1,48,8,1995,2,15,2,1,2
2017420226918,2,9,0,18,0,0,0,0,0,0,1,1,6,1,48,8,1618,1,2,10,1,10
2017420226925,1,1,0,18,0,8,0,0,0,0,3,1,5,1,12,3,-1,-1,-1,2,1,2
2017420226925,2,9,0,18,0,8,0,0,0,0,1,1,5,1,23,5,1229,1,12,4,1,4
2017420226932,1,9,0,18,0,1,0,0,0,0,3,1,6,1,58,9,1199,1,17,8,1,8
2017420226940,1,9,0,18,0,2,5,4,0,0,4,1,6,1,15,3,1242,1,16,-1,-1,-1
2017420226940,2,10,0,2,0,2,0,0,0,0,4,1,6,3,-1,-1,-1,-1,-1,-1,-1,-1
2017420226940,3,9,0,2,0,2,0,0,0,0,4,1,6,3,-1,-1,-1,-1,-1,-1,-1,-1
2017420226943,1,9,0,18,0,2,0,0,0,0,4,1,5,1,33,6,1984,1,10,8,1,8
2017420226943,2,9,0,2,0,1,0,0,0,0,3,1,6,3,-1,-1,-1,-1,-1,-1,-1,-1
2017420226943,3,9,0,2,0,1,0,0,0,0,2,1,6,3,-1,-1,-1,-1,-1,-1,-1,-1
2017420226943,4,9,0,2,0,1,0,0,0,0,4,1,6,3,-1,-1,-1,-1,-1,-1,-1,-1
2017420226943,5,9,0,2,0,1,0,0,7,0,2,1,6,3,-1,-1,-1,-1,-1,-1,-1,-1
2017420226943,6,9,0,2,0,1,0,0,0,0,1,1,6,3,-1,-1,-1,-1,-1,-1,-1,-1
2017420226993,1,9,0,5,0,6,0,0,0,0,2,1,6,3,-1,-1,-1,-1,-1,-1,-1,-1
2017420226993,2,9,0,18,0,1,0,0,0,0,1,1,6,1,56,9,1461,2,1,2,1,2
2017420227054,1,9,0,10,0,1,0,0,0,0,1,1,5,2,60,9,1560,2,2,7,1,7
2017420227054,2,1,0,18,4,1,0,0,0,0,1,1,4,1,14,3,-1,-1,-1,10,2,10
2017420227114,1,9,0,16,0,0,0,0,0,0,1,1,2,1,20,4,1229,1,3,9,1,9
2017420227114,2,9,0,17,0,0,0,0,7,0,1,1,2,1,33,6,1598,1,10,9,1,9
2017420227114,3,9,0,18,0,0,0,0,7,0,1,1,2,1,44,7,1968,2,1,9,1,9
2017420227181,1,9,0,18,0,0,0,0,1,4,1,1,6,1,33,6,1600,1,14,-1,-1,-1
2017420227236,1,9,0,13,0,8,0,0,0,0,2,1,6,3,-1,-1,-1,-1,-1,-1,-1,-1
2017420227236,2,1,0,18,0,8,0,0,0,0,1,1,5,1,13,3,-1,-1,-1,5,1,5
2017420227373,1,9,0,18,0,1,0,0,0,0,1,1,5,1,29,6,1149,1,9,5,1,5
2017420227373,2,9,0,3,0,1,0,0,0,0,2,1,5,1,63,9,2429,1,12,5,3,5
2017420227375,1,9,0,5,0,3,0,0,0,0,2,1,6,1,26,6,2143,2,6,3,1,3
2017420227375,2,9,0,5,0,3,0,0,0,0,1,1,6,1,34,6,1600,2,7,5,1,5
2017420227375,3,9,0,5,0,3,0,0,0,0,1,1,6,1,52,8,1998,1,9,4,1,4
2017420227375,4,9,0,5,0,3,0,0,0,0,1,1,6,2,49,8,998,1,3,4,1,4