Accident_Index,Vehicle_Reference,Vehicle_Type,Towing_and_Articulation,Vehicle_Manoeuvre,Vehicle_Location-Restricted_Lane,Junction_Location,Skidding_and_Overturning,Hit_Object_in_Carriageway,Vehicle_Leaving_Carriageway,Hit_Object_off_Carriageway,1st_Point_of_Impact,Was_Vehicle_Left_Hand_Drive?,Journey_Purpose_of_Driver,Sex_of_Driver,Age_of_Driver,Age_Band_of_Driver,Engine_Capacity_(CC),Propulsion_Code,Age_of_Vehicle,Driver_IMD_Decile,Driver_Home_Area_Type,Vehicle_IMD_Decile
2017420247060,2,9,0,16,0,0,0,0,1,0,3,1,1,1,48,8,1596,1,3,7,2,7
2017420247063,1,9,0,17,0,0,0,0,0,0,3,1,5,2,48,8,1560,2,7,1,1,1
2017420247063,2,9,0,16,0,0,0,0,0,0,1,1,6,2,54,8,2179,2,3,9,1,9
2017420247084,1,20,0,18,0,0,0,0,0,0,1,1,2,1,35,6,-1,-1,-1,10,1,10
2017420247084,2,1,0,18,0,0,0,0,0,0,0,1,4,2,7,2,-1,-1,-1,10,1,10
2017420247130,1,9,0,18,0,0,0,0,0,0,3,1,2,1,41,7,1896,2,8,6,1,6
2017420247245,1,9,0,9,0,6,0,0,0,0,1,1,2,2,39,7,1596,1,11,-1,-1,-1
2017420247245,2,1,0,18,0,8,0,0,0,0,4,1,2,1,47,8,-1,-1,-1,5,1,5
2017420247323,1,9,0,5,0,6,0,0,3,10,1,1,5,1,64,9,1596,1,9,5,3,5
2017420247339,1,9,0,18,0,2,0,0,0,0,1,1,5,1,79,11,1596,1,6,5,1,5
2017420247339,2,9,0,2,9,2,0,0,0,0,3,1,6,3,-1,-1,-1,-1,-1,-1,-1,-1
2017420247365,1,90,0,18,0,8,2,0,1,0,4,1,1,1,56,9,7146,2,7,3,1,3
2017420247410,1,20,1,18,0,0,1,0,0,0,1,1,1,1,25,5,7698,2,3,6,1,6
2017420247410,2,9,0,18,0,0,0,0,0,0,2,1,1,1,53,8,1968,2,3,2,1,2
2017420247410,3,9,0,18,0,0,0,0,0,0,2,1,1,2,46,8,1995,2,-1,10,1,10
2017420247410,4,19,0,18,0,0,0,0,0,0,2,1,1,1,42,7,1998,2,12,-1,-1,-1
2017420247410,5,21,1,18,0,0,0,0,0,0,2,1,1,1,38,7,-1,-1,-1,-1,-1,-1
2017420247412,1,19,0,18,0,1,0,0,7,2,1,1,2,1,58,9,1248,2,9,8,1,8
2017420247412,2,9,0,5,0,1,0,0,0,0,1,1,2,2,26,6,1242,1,-1,9,1,9
2017420247428,1,9,0,9,0,1,0,0,0,0,1,1,6,1,74,10,1995,1,9,-1,-1,-1
2017420247428,2,9,0,3,0,1,0,0,0,0,4,1,6,1,31,6,1497,1,11,-1,-1,-1
2017420247428,3,9,0,18,0,1,0,0,0,0,1,1,6,1,85,11,998,1,1,10,1,10
2017420247430,1,9,0,18,0,0,5,0,1,11,4,1,6,1,25,5,1598,1,11,4,1,4
2017420247432,1,9,0,18,0,1,0,0,0,0,1,1,6,3,-1,-1,-1,-1,-1,-1,-1,-1
2017420247437,1,21,0,1,0,0,0,0,0,0,2,1,1,1,56,9,-1,-1,-1,5,3,5
2017420247447,1,9,0,4,0,0,0,0,0,0,1,1,5,1,32,6,2993,2,3,6,1,6
2017420247454,1,5,0,15,0,1,5,0,0,0,3,1,6,1,38,7,599,1,14,6,1,6
2017420247454,2,9,0,11,0,1,0,0,0,0,4,1,6,2,41,7,1598,2,3,10,2,10
2017420247454,3,9,0,15,0,5,0,0,0,0,3,1,6,1,49,8,2143,2,1,-1,-1,-1
2017420247457,1,9,0,18,0,6,0,0,0,0,4,1,6,1,36,7,2987,2,9,-1,-1,-1
2017420247457,2,9,0,2,0,1,0,0,0,0,0,1,6,3,-1,-1,-1,-1,-1,-1,-1,-1
2017420247466,1,9,0,5,0,1,1,0,2,0,1,1,6,1,44,7,2967,1,18,7,1,7
2017420247480,1,9,0,9,0,8,0,0,0,0,3,1,6,3,-1,-1,-1,-1,-1,-1,-1,-1
2017420247483,1,9,0,18,0,1,2,0,0,0,1,1,5,1,22,5,1598,1,12,6,1,6
2017420247483,2,9,0,2,9,1,0,0,0,0,1,1,6,3,-1,-1,-1,-1,-1,-1,-1,-1
2017420247486,1,9,0,18,0,1,0,0,0,0,0,1,6,1,35,6,2979,1,1,9,1,9
2017420247486,2,9,0,18,0,1,1,10,3,0,1,1,6,1,31,6,1798,1,7,-1,-1,-1
2017420247489,1,9,0,10,0,6,0,0,0,0,3,1,5,1,26,6,1794,1,17,8,1,8
2017420247489,2,9,0,7,0,6,1,0,0,0,1,1,6,1,20,4,1998,1,15,-1,-1,-1
2017420247489,3,9,0,3,0,1,0,0,0,0,1,1,6,1,26,6,-1,-1,-1,-1,-1,-1
2017420247501,1,9,0,4,0,1,1,0,0,0,1,1,5,1,23,5,1499,1,-1,7,1,7
2017420247501,2,9,0,4,0,1,1,0,0,0,2,1,5,1,60,9,1197,1,-1,5,1,5
2017420247507,1,9,0,7,0,2,1,0,0,0,1,1,6,1,-1,-1,1596,1,16,-1,-1,-1
2017420247510,1,3,0,3,0,1,5,0,0,0,1,1,6,1,22,5,125,1,7,5,3,5
2017420247510,2,19,0,4,0,1,0,0,0,0,2,1,5,1,36,7,1996,2,6,7,1,7
2017420247510,3,9,0,16,0,2,0,0,0,0,1,1,5,1,75,10,1598,1,15,10,2,10
2017420247518,1,9,0,18,0,4,0,0,0,0,1,1,6,1,20,4,1598,2,-1,2,1,2
2017420247518,2,9,0,18,0,3,0,0,0,0,1,1,6,1,38,7,1461,2,1,9,1,9
2017420247521,1,9,0,5,0,0,0,4,0,0,1,2,5,1,37,7,1598,1,9,10,3,10
2017420247521,2,9,0,2,0,0,0,0,0,0,2,2,6,3,-1,-1,-1,-1,-1,-1,-1,-1
2017420247521,3,9,0,2,0,0,0,0,0,0,2,2,6,3,-1,-1,-1,-1,-1,-1,-1,-1
2017420247652,1,8,0,7,0,4,0,0,0,0,3,1,1,1,57,9,1995,2,3,8,1,8
2017420247652,2,1,0,18,0,8,0,0,0,0,1,1,2,1,50,8,-1,-1,-1,3,1,3
2017420247689,1,9,0,9,0,8,0,0,0,0,3,1,6,2,-1,-1,-1,-1,-1,-1,-1,-1
2017420247689,2,1,0,18,0,8,1,0,0,0,1,1,6,1,54,8,-1,-1,-1,-1,-1,-1
2017420247765,1,9,0,9,0,3,0,0,0,0,1,1,2,1,51,8,1339,1,10,6,1,6
2017420247768,1,9,0,18,0,1,0,0,0,0,1,1,2,1,59,9,1995,1,8,5,1,5
2017420247915,1,9,0,18,0,0,0,4,0,0,1,1,6,2,63,9,1956,2,2,7,1,7
2017420247915,2,9,0,2,0,0,0,0,0,0,4,1,6,3,-1,-1,-1,-1,-1,-1,-1,-1
2017420247942,1,9,0,4,0,0,2,0,0,0,1,1,5,1,65,9,1141,1,-1,8,3,8
2017420247942,2,9,0,18,0,0,0,0,0,0,0,1,6,2,47,8,2179,2,2,10,3,10
2017420247946,1,5,0,13,0,8,0,0,0,0,0,1,6,3,-1,-1,-1,-1,-1,-1,-1,-1
2017420247946,2,9,0,18,0,8,0,0,0,0,1,1,6,1,63,9,2967,1,16,5,2,5
2017420247946,3,9,0,3,0,3,0,0,0,0,2,1,6,2,49,8,2993,2,3,7,3,7
2017420247947,1,9,0,16,0,0,1,0,0,0,1,1,5,1,32,6,1796,1,14,8,3,8
2017420247947,2,8,0,17,0,0,0,0,0,0,1,1,1,1,23,5,-1,-1,-1,9,2,9
2017420247948,1,3,0,4,0,1,2,0,0,0,3,1,6,1,34,6,124,1,5,1,1,1
2017420248049,1,9,0,16,0,1,0,0,0,0,0,1,6,3,-1,-1,-1,-1,-1,-1,-1,-1
2017420248049,2,9,0,17,0,8,1,0,1,4,1,1,1,1,23,5,-1,-1,-1,5,3,5
2017420248220,1,9,0,3,0,2,0,0,0,0,2,1,5,1,30,6,-1,-1,-1,3,1,3
2017420248220,2,9,0,4,0,2,1,10,1,0,1,1,5,1,21,5,1242,1,2,6,2,6
2017420248255,1,19,0,5,0,0,0,0,0,0,1,1,2,1,59,9,1598,2,5,-1,-1,-1
2017420248255,2,21,-1,5,0,0,0,0,0,0,1,1,1,1,51,8,12902,2,4,-1,-1,-1
2017420248255,3,9,0,5,0,0,0,0,0,0,1,1,2,1,49,8,1969,2,3,-1,-1,-1
2017420248283,1,9,0,18,0,8,0,0,0,0,1,1,6,2,38,7,2993,2,4,8,1,8
2017420248283,2,9,0,18,0,8,0,0,0,0,3,1,6,2,22,5,1461,2,1,-1,-1,-1
2017420248351,1,9,0,5,0,4,0,0,0,0,3,1,5,1,50,8,1999,1,14,3,2,3
2017420248351,2,21,1,18,0,8,0,0,0,0,1,1,1,1,38,7,12419,2,3,4,1,4
2017420248380,1,19,0,17,0,0,0,0,0,0,3,1,2,1,37,7,2198,2,3,5,2,5
2017420248380,2,9,0,16,0,0,0,0,0,0,3,1,5,1,74,10,2495,2,19,6,3,6
2017420248382,1,9,0,17,0,0,1,0,0,0,1,1,2,2,33,6,1797,8,6,3,1,3
2017420248382,2,9,0,2,0,0,0,0,0,0,2,1,6,3,-1,-1,-1,-1,-1,-1,-1,-1
2017420248398,1,9,0,17,0,2,1,0,0,0,1,1,6,2,35,6,2830,2,23,4,1,4
2017420248398,2,9,0,18,0,1,0,0,1,0,1,1,2,1,22,5,1984,1,8,2,1,2
2017420248768,1,9,0,3,0,8,0,0,0,0,1,1,6,1,29,6,1598,1,6,-1,-1,-1
2017420248768,2,9,0,3,0,8,0,0,0,0,1,1,6,1,38,7,1396,1,7,-1,-1,-1
2017420248794,1,9,0,5,0,1,0,0,0,0,0,1,6,2,35,6,-1,-1,-1,-1,-1,-1
2017420248794,2,5,0,18,0,1,1,0,0,0,0,1,5,1,43,7,645,1,13,2,1,2
2017420248841,1,9,0,18,0,0,0,0,0,0,1,1,1,2,22,5,1368,1,-1,8,2,8
2017420248841,2,9,0,4,0,0,0,0,0,0,2,1,5,1,46,8,4799,1,12,2,3,2
2017420248914,1,9,0,5,0,8,0,0,0,0,1,1,5,2,29,6,1951,2,14,7,2,7
2017420248914,2,9,0,18,0,8,1,0,1,2,4,1,6,2,52,8,2143,2,2,9,2,9
2017420248921,1,20,0,18,0,0,0,0,0,0,4,1,1,1,66,10,4250,2,5,5,1,5
2017420248922,1,9,0,18,0,0,1,0,0,0,1,1,5,1,19,4,1598,2,4,-1,-1,-1
2017420248922,2,9,0,4,0,0,0,0,0,0,2,1,6,1,20,4,2979,1,15,1,1,1
2017420248923,1,9,0,15,0,4,0,0,0,0,0,1,5,2,45,7,1198,1,2,4,1,4
2017420248923,2,1,0,12,0,1,0,0,0,0,0,1,2,1,49,8,-1,-1,-1,6,2,6
2017420248925,1,21,1,18,0,0,0,0,0,0,1,1,1,1,30,6,12809,2,2,-1,-1,-1
2017420248925,2,19,0,3,0,0,0,0,0,0,2,1,2,1,55,8,2143,2,1,4,1,4
2017420249237,1,9,0,9,0,4,0,0,0,0,1,1,6,1,44,7,1395,1,2,2,1,2
2017420249237,2,1,0,18,0,3,0,0,0,0,1,1,5,1,53,8,-1,-1,-1,3,3,3
2017420249271,1,11,0,2,0,8,0,0,0,0,3,1,1,1,30,6,4461,2,3,3,1,3
2017420249271,2,21,0,9,0,8,0,0,0,0,4,1,1,1,39,7,10837,2,3,3,1,3
2017420249323,1,9,0,18,0,1,0,0,0,0,1,1,1,1,57,9,1149,1,16,-1,-1,-1
2017420249345,1,98,0,18,0,1,0,0,0,0,4,1,6,3,-1,-1,-1,-1,-1,-1,-1,-1
2017420249348,1,9,0,18,0,0,5,0,1,6,4,1,5,1,45,7,1248,2,9,2,1,2
2017420249348,2,9,0,18,0,0,0,0,0,0,0,1,6,1,28,6,3246,1,15,4,3,4
2017420249355,1,8,0,18,0,1,0,0,0,0,1,1,1,1,37,7,2987,2,11,8,1,8
2017420249355,2,9,0,18,0,1,0,0,0,0,4,1,2,2,58,9,1968,2,10,6,3,6
2017420249355,3,21,1,18,0,1,0,0,0,0,3,1,1,1,54,8,12809,2,2,1,1,1
2017420249358,1,9,0,5,0,2,0,0,0,0,1,1,2,2,54,8,1461,2,-1,2,1,2
2017420249358,2,9,0,18,0,1,0,0,0,0,1,1,6,2,36,7,2993,2,1,8,1,8
2017420249408,1,9,0,18,0,0,1,0,7,0,1,1,5,2,30,6,1461,2,5,8,3,8
2017420249408,2,9,0,18,0,0,0,0,0,0,0,1,6,3,-1,-1,-1,-1,-1,-1,-1,-1
2017420249440,1,9,0,18,0,1,0,0,0,0,1,1,6,1,40,7,-1,-1,-1,-1,-1,-1
2017420249440,2,1,0,9,0,8,0,0,0,0,4,1,1,1,27,6,-1,-1,-1,2,1,2
2017420249573,1,9,0,16,0,0,0,0,0,0,1,1,3,2,31,6,1587,1,12,-1,-1,-1
2017420249573,2,8,0,17,0,0,0,0,0,0,1,1,5,1,67,10,1598,2,-1,4,1,4
2017420249575,1,9,0,5,0,1,0,0,0,0,4,1,6,1,29,6,-1,-1,-1,-1,-1,-1
2017420249578,1,9,0,3,0,6,1,0,0,0,4,1,5,2,32,6,1598,1,4,6,1,6
2017420249578,2,9,0,18,0,1,0,0,0,0,1,1,5,1,36,7,1799,1,11,5,1,5
2017420249659,1,19,0,18,0,0,0,0,0,0,1,1,1,1,44,7,2198,2,2,4,1,4
2017420249672,1,9,0,9,0,2,0,0,0,0,4,1,6,1,47,8,1596,1,5,3,1,3
2017420249672,2,1,0,18,0,1,0,0,0,0,1,1,6,1,46,8,-1,-1,-1,2,1,2
2017420249675,1,9,0,17,0,0,2,0,1,10,1,1,5,1,18,4,-1,-1,-1,4,1,4
2017420249684,1,9,0,18,0,0,0,10,7,9,1,1,5,2,35,6,1598,1,13,-1,-1,-1
2017420249687,1,9,0,18,0,1,0,0,0,0,1,1,2,1,38,7,2979,1,2,-1,-1,-1
2017420249687,2,9,0,18,0,1,0,0,0,0,4,1,3,2,45,7,1597,2,2,7,3,7
2017420249688,1,9,0,9,0,6,0,0,0,0,3,1,5,1,40,7,2143,2,-1,-1,-1,-1
2017420249689,1,9,0,9,0,4,0,0,0,0,1,1,2,1,34,6,1753,2,10,5,1,5
2017420249689,2,3,0,18,0,4,0,0,0,0,3,1,2,1,21,5,125,1,1,6,1,6
2017420249691,1,8,0,9,0,8,0,0,0,0,1,1,1,1,43,7,1598,1,4,5,1,5
2017420249701,1,9,0,16,0,0,0,0,1,4,1,1,2,1,30,6,2000,1,17,4,1,4
2017420249702,1,8,0,17,0,1,0,0,0,0,1,1,1,1,48,8,1997,2,8,5,1,5
2017420249707,1,9,0,18,0,1,0,0,0,0,1,1,5,2,39,7,1796,1,12,5,1,5
2017420249707,2,9,0,9,0,2,0,0,0,0,3,1,5,2,42,7,999,1,1,5,1,5
2017420249710,1,9,0,17,0,0,1,0,1,0,1,1,2,2,24,5,1753,2,14,8,1,8
2017420249714,1,9,0,18,0,8,2,7,0,0,1,1,5,2,23,5,1598,2,4,-1,-1,-1
2017420249714,2,9,0,18,0,8,0,0,0,0,1,1,2,2,19,4,1240,1,8,-1,-1,-1
2017420249717,1,19,0,5,0,1,0,0,0,0,1,1,1,1,36,7,2143,2,4,1,1,1
2017420249717,2,9,0,17,0,1,0,0,0,0,1,1,2,1,54,8,1995,2,7,2,1,2
2017420249752,1,9,0,18,0,0,0,0,2,0,1,1,5,1,27,6,1390,1,6,2,1,2
2017420249756,1,9,0,4,0,1,0,0,0,0,3,1,2,1,56,9,1242,1,3,9,3,9
2017420249759,1,3,0,18,0,1,0,0,7,0,1,1,6,1,20,4,125,1,13,4,1,4
2017420249762,1,9,0,5,0,8,0,0,0,0,3,1,6,1,39,7,1396,1,20,2,1,2
2017420249762,2,19,0,18,0,8,0,0,0,0,1,1,1,1,27,6,2402,2,10,2,1,2
2017420249768,1,9,0,17,0,0,2,0,8,0,1,1,6,1,23,5,1229,1,3,1,1,1
2017420249777,1,9,0,18,0,0,0,0,0,0,3,1,6,1,29,6,-1,-1,-1,3,1,3
2017420249795,1,9,0,18,0,0,0,0,0,0,1,1,6,1,63,9,1896,2,14,2,1,2
2017420249821,1,19,0,18,0,1,0,0,0,0,1,1,6,1,29,6,1870,2,14,-1,-1,-1
2017420249821,2,9,0,3,0,1,0,0,0,0,2,1,6,2,31,6,1461,2,2,-1,-1,-1
2017420249871,1,3,0,18,0,1,1,0,0,0,4,1,6,1,21,5,125,1,2,-1,-1,-1
2017420249871,2,9,0,4,0,1,0,0,0,0,2,1,6,1,70,10,998,1,-1,-1,-1,-1
2017420249953,1,9,0,18,0,0,0,0,0,0,1,1,2,1,29,6,1388,1,14,1,1,1
2017420249953,2,1,0,18,0,0,0,0,0,0,2,1,4,1,15,3,-1,-1,-1,3,1,3
2017420249984,1,1,0,4,0,8,1,0,0,0,0,1,2,1,31,6,-1,-1,-1,3,1,3
2017420249984,2,11,0,17,0,8,0,0,0,0,1,1,1,1,56,9,7300,2,12,5,2,5
2017420249998,1,9,0,18,0,0,1,0,7,0,1,1,5,1,31,6,1242,1,2,7,3,7
2017420249998,2,9,0,18,0,0,0,0,0,0,4,1,2,2,46,8,1900,2,12,7,3,7
2017420250031,1,9,0,7,0,0,1,0,0,0,3,1,5,2,30,6,1229,1,10,5,1,5
2017420250031,2,9,0,4,0,0,0,0,0,0,1,1,2,2,33,6,1798,1,5,9,2,9
2017420250067,1,20,0,4,0,0,0,0,0,0,1,1,1,1,50,8,-1,-1,-1,5,1,5
2017420250067,2,9,0,4,0,0,0,0,0,0,2,1,5,1,57,9,1598,2,2,9,1,9
2017420250073,1,8,0,7,0,0,1,0,3,0,1,1,1,1,43,7,1497,8,9,3,1,3
2017420250120,1,9,0,18,0,4,0,0,0,0,2,1,5,2,28,6,1796,1,9,3,1,3
2017420250120,2,4,0,18,0,4,0,0,0,0,4,1,5,2,43,7,250,1,6,10,1,10
2017420250194,1,9,0,18,0,0,2,0,1,0,1,1,1,1,22,5,1797,8,4,4,1,4
2017420250195,1,20,0,7,0,8,0,0,0,0,4,1,1,1,54,8,3920,2,7,-1,-1,-1
2017420250216,1,9,0,18,0,0,0,0,0,0,4,1,1,1,62,9,1560,2,5,7,1,7
2017420250218,1,98,0,18,0,0,0,0,0,0,1,1,6,3,-1,-1,-1,-1,-1,-1,-1,-1
2017420250218,2,9,0,4,0,0,0,0,0,0,2,1,6,1,68,10,1998,1,2,8,1,8
2017420250218,3,19,0,4,0,0,0,0,0,0,2,1,1,1,55,8,1248,2,2,5,1,5
2017420250218,4,19,0,18,0,0,0,0,0,0,1,1,1,1,28,6,1461,2,3,7,1,7
2017420250218,5,9,0,18,0,0,0,0,0,0,1,1,6,1,44,7,1997,2,11,7,1,7
2017420250218,6,98,0,18,0,0,0,0,0,0,1,1,6,3,-1,-1,-1,-1,-1,-1,-1,-1
2017420250219,1,9,0,5,0,4,0,0,0,0,3,1,5,1,69,10,2993,2,1,9,1,9
2017420250219,2,1,0,18,0,8,5,0,0,0,1,1,5,1,65,9,-1,-1,-1,7,1,7
2017420250222,1,9,0,18,0,0,0,0,0,0,3,1,6,2,50,8,998,1,-1,4,1,4
2017420250224,1,9,0,18,0,1,0,0,0,0,1,1,5,1,25,5,1499,1,1,3,1,3
2017420250226,1,9,0,16,0,7,0,0,0,0,1,1,6,1,31,6,1560,2,8,-1,-1,-1
2017420250226,2,9,0,16,0,7,0,0,0,0,1,1,2,1,63,9,1796,1,13,9,1,9
2017420250228,1,9,0,18,0,4,0,0,0,0,1,1,5,1,17,4,1229,1,3,8,1,8
2017420250228,2,1,0,18,0,3,0,0,3,0,2,1,5,1,14,3,-1,-1,-1,2,1,2
2017420250378,1,9,0,7,0,6,0,0,0,0,1,1,6,1,35,6,2993,2,4,-1,-1,-1
2017420250378,2,1,0,18,0,1,0,0,0,0,1,1,6,1,41,7,-1,-1,-1,-1,-1,-1
2017420250403,1,19,0,18,0,4,0,0,0,0,1,1,6,1,67,10,1753,2,4,-1,-1,-1
2017420250403,2,1,0,18,0,8,0,0,0,0,2,1,6,1,55,8,-1,-1,-1,-1,-1,-1
2017420250607,1,9,0,18,0,0,0,0,1,0,1,1,6,2,80,11,1339,1,14,7,3,7
2017420250607,2,19,0,18,0,0,1,0,1,0,1,1,5,1,45,7,2402,2,13,1,1,1
2017420250607,3,9,0,18,0,0,0,0,1,0,1,1,5,1,45,7,1229,1,5,8,1,8
2017420250607,4,9,0,4,0,0,0,0,0,0,2,1,5,2,49,8,1461,2,3,4,1,4
2017420250643,1,19,0,2,0,0,0,0,0,0,2,1,6,3,-1,-1,-1,-1,-1,-1,-1,-1
2017420250643,2,9,0,18,0,0,0,0,0,0,1,1,5,1,81,11,-1,-1,-1,10,1,10
2017420250656,1,9,0,18,0,4,0,0,0,0,1,1,6,1,24,5,2967,1,16,1,1,1
2017420250656,2,9,0,9,0,4,0,0,0,0,3,1,6,2,69,10,1242,1,6,5,1,5
2017420250661,1,21,1,11,0,0,0,0,0,0,4,1,1,1,60,9,12902,2,4,5,3,5
2017420250661,2,9,0,18,0,0,1,0,0,0,3,1,2,1,50,8,1896,2,14,2,1,2
2017420250661,3,21,1,18,0,0,1,0,0,0,1,1,1,1,34,6,12419,2,7,5,1,5
2017420250664,1,9,0,18,0,0,5,7,0,0,1,1,6,2,85,11,1086,1,8,8,2,8
2017420250667,1,9,0,5,0,3,0,0,0,0,4,1,2,1,50,8,2148,2,16,-1,-1,-1
2017420250706,1,3,0,18,0,0,5,0,0,0,1,1,2,1,18,4,108,1,-1,5,3,5
2017420250706,2,9,0,2,0,0,0,0,0,0,2,1,6,3,-1,-1,-1,-1,-1,-1,-1,-1
2017420250748,1,9,0,4,9,0,0,0,0,0,3,1,6,1,84,11,1753,2,14,-1,-1,-1
2017420250790,1,9,-1,4,0,1,0,0,0,0,1,1,6,3,-1,-1,-1,-1,-1,-1,-1,-1
2017420250790,2,9,0,4,0,1,0,0,0,0,2,1,6,2,50,8,1598,2,5,6,3,6
2017420250973,1,9,0,9,0,6,0,0,0,0,1,1,6,3,-1,-1,1390,1,19,-1,-1,-1
2017420250973,2,9,0,18,0,8,0,0,0,0,3,1,6,1,65,9,1461,2,3,-1,-1,-1
2017420251024,1,9,0,3,0,0,0,0,0,0,4,1,6,2,49,8,1560,2,5,-1,-1,-1
2017420251024,2,1,0,18,4,0,0,0,0,0,1,1,6,1,45,7,-1,-1,-1,6,3,6
2017420251092,1,9,0,18,0,1,0,0,0,0,4,1,6,2,-1,-1,-1,-1,-1,-1,-1,-1
2017420251092,2,1,0,18,0,8,0,0,0,0,1,1,6,2,11,3,-1,-1,-1,-1,-1,-1
2017420251093,1,9,0,9,0,2,0,0,0,0,1,1,5,2,40,7,1910,2,9,2,1,2
2017420251093,2,9,0,18,0,1,1,0,0,0,4,1,5,1,29,6,1590,1,13,4,1,4
2017420251093,3,21,0,18,0,1,0,0,0,0,1,1,1,1,45,7,10837,2,5,1,1,1
2017420251115,1,9,0,6,0,8,0,10,0,0,1,1,6,2,20,4,1229,1,3,1,1,1
2017420251115,2,20,1,18,0,8,0,0,0,0,2,1,1,1,63,9,-1,-1,-1,-1,-1,-1
2017420251119,1,19,0,4,0,8,0,0,0,0,1,2,1,2,41,7,-1,-1,-1,-1,-1,-1
2017420251119,2,9,0,4,0,8,0,0,0,0,2,1,6,1,63,9,1499,2,2,9,1,9
2017420251160,1,19,0,18,0,1,0,0,0,0,1,1,1,1,43,7,1997,2,1,1,1,1
2017420251163,1,9,0,9,0,2,0,0,0,0,1,1,5,2,78,11,1798,1,9,10,2,10
2017420251174,1,9,0,18,6,0,0,0,0,0,1,1,5,1,78,11,2987,2,10,3,1,3
2017420251174,2,19,0,2,6,0,0,0,0,0,2,1,2,1,37,7,2143,2,6,3,1,3
2017420251176,1,9,0,9,0,4,0,0,0,0,1,1,5,2,45,7,2987,2,8,-1,-1,-1
2017420251176,2,9,0,18,0,8,0,0,0,0,3,1,6,1,21,5,1461,2,1,4,1,4
2017420251187,1,9,0,18,0,0,0,0,0,0,1,1,6,2,56,9,2179,2,9,5,1,5
2017420251187,2,9,0,18,0,0,0,0,0,0,1,1,2,1,33,6,1596,1,14,3,1,3
2017420251187,3,9,0,18,0,0,0,0,0,0,2,1,6,1,26,6,998,1,8,9,1,9
2017420251187,4,9,0,18,0,0,0,0,0,0,2,1,2,2,23,5,1998,1,1,9,3,9
2017420251193,1,9,0,18,0,2,1,0,0,0,1,1,5,2,22,5,1242,1,9,7,3,7
2017420251193,2,9,0,18,0,2,1,0,0,0,1,1,5,2,60,9,998,1,4,4,1,4
2017420251327,1,9,0,16,0,0,0,0,0,0,1,1,6,2,45,7,998,1,1,10,1,10
2017420251327,2,9,0,17,0,0,0,0,0,0,1,1,5,2,43,7,1587,1,13,6,1,6
2017420251528,1,19,0,18,0,0,0,0,0,0,1,1,1,1,38,7,2198,2,1,5,2,5
2017420251528,2,9,0,4,0,0,0,0,0,0,2,1,1,1,66,10,1968,2,2,10,1,10
2017420251554,1,9,0,18,0,0,0,0,0,0,1,1,5,2,53,8,2188,2,11,6,2,6
2017420251555,1,9,0,16,0,0,0,0,0,0,1,1,5,2,61,9,1388,1,9,3,1,3
2017420251555,2,9,0,17,0,0,0,0,0,0,1,1,5,1,67,10,1587,1,12,6,1,6
2017420251557,1,9,0,18,0,4,0,0,0,0,1,1,5,1,19,4,1149,1,12,4,1,4
2017420251557,2,9,0,3,0,4,0,0,0,0,2,1,1,1,57,9,1499,2,2,10,1,10
2017420251568,1,19,0,18,0,0,0,0,0,0,1,1,6,1,44,7,1686,2,13,1,1,1
2017420251568,2,9,0,12,0,0,0,0,0,0,1,1,5,1,23,5,998,1,1,5,3,5
2017420251568,3,9,0,5,0,0,0,0,0,0,1,1,6,2,23,5,998,1,3,9,2,9
2017420251568,4,9,0,3,0,0,0,0,0,0,2,1,6,1,18,4,1198,1,6,9,2,9
2017420251625,1,3,0,14,0,1,0,0,0,0,1,1,6,1,43,7,108,1,2,9,1,9
2017420251625,2,9,0,5,0,6,0,0,0,0,3,1,6,1,58,9,1799,1,19,8,1,8
2017420251647,1,9,0,5,0,4,0,0,0,0,3,1,5,2,57,9,1999,1,7,7,1,7
2017420251647,2,2,0,18,0,3,0,0,0,0,1,1,5,1,25,5,49,1,6,6,1,6
2017420251826,1,9,0,4,0,1,0,0,0,0,1,1,5,2,41,7,1242,1,1,7,1,7
2017420251826,2,9,0,4,0,1,0,0,0,0,2,1,5,1,77,11,2099,1,14,10,1,10
2017420251838,1,9,-1,18,0,1,0,0,0,0,1,1,6,3,-1,-1,-1,-1,-1,-1,-1,-1
2017420251838,2,9,0,3,0,1,0,0,0,0,2,1,6,2,37,7,1984,1,17,-1,-1,-1
2017420251882,1,9,0,17,0,0,5,0,1,0,4,1,6,1,25,5,-1,-1,-1,8,3,8
2017420251919,1,9,0,9,0,0,0,0,0,0,1,1,6,1,56,9,1799,1,11,4,1,4
2017420251921,1,9,0,18,0,0,0,0,0,0,1,1,5,2,28,6,1398,2,2,5,2,5
2017420251921,2,9,0,18,0,0,0,0,0,0,1,1,5,1,18,4,1124,1,17,9,2,9
2017420251921,3,9,0,18,0,0,0,0,0,0,2,1,5,1,25,5,1364,2,-1,5,1,5
2017420251921,4,9,0,18,0,0,0,0,0,0,3,1,5,1,23,5,1595,1,10,7,2,7
2017420251924,1,11,0,18,0,0,0,0,0,0,1,1,1,1,32,6,4500,2,9,9,1,9
2017420251926,1,9,0,18,0,1,0,0,0,0,1,1,5,2,54,8,1242,1,4,3,1,3
2017420251928,1,9,0,18,0,0,0,0,0,0,1,1,5,2,74,10,1390,1,9,9,2,9
2017420251928,2,9,0,1,0,0,0,0,0,0,3,1,5,1,60,9,3199,1,15,5,3,5