Accident_Index,Vehicle_Reference,Vehicle_Type,Towing_and_Articulation,Vehicle_Manoeuvre,Vehicle_Location-Restricted_Lane,Junction_Location,Skidding_and_Overturning,Hit_Object_in_Carriageway,Vehicle_Leaving_Carriageway,Hit_Object_off_Carriageway,1st_Point_of_Impact,Was_Vehicle_Left_Hand_Drive?,Journey_Purpose_of_Driver,Sex_of_Driver,Age_of_Driver,Age_Band_of_Driver,Engine_Capacity_(CC),Propulsion_Code,Age_of_Vehicle,Driver_IMD_Decile,Driver_Home_Area_Type,Vehicle_IMD_Decile
2017430001943,2,1,0,18,4,8,0,0,0,0,4,1,2,1,28,6,-1,-1,-1,7,1,7
2017430001943,3,1,0,18,4,8,0,0,0,0,4,1,2,1,29,6,-1,-1,-1,7,1,7
2017430001947,1,9,0,18,0,3,0,0,0,0,1,1,4,1,62,9,1598,1,3,10,1,10
2017430001947,2,8,0,18,0,3,0,0,0,0,2,1,1,1,44,7,1896,2,8,9,3,9
2017430001949,1,9,0,18,0,1,0,0,0,0,1,1,6,1,-1,-1,1242,1,14,-1,-1,-1
2017430001949,2,9,0,7,0,5,0,0,0,0,2,1,6,1,31,6,1598,2,3,8,3,8
2017430001963,1,9,0,18,0,2,0,0,0,0,4,1,6,1,69,10,1461,2,11,8,1,8
2017430001966,1,9,0,7,0,2,0,0,7,2,1,1,2,2,26,6,875,1,6,5,1,5
2017430001995,1,5,0,5,0,3,1,0,0,0,4,1,2,1,57,9,885,1,19,9,1,9
2017430002001,1,9,0,7,0,6,0,0,0,0,3,1,2,2,33,6,1197,1,1,10,1,10
2017430002001,2,9,0,18,0,8,0,0,0,0,1,1,6,1,71,10,1956,2,6,10,1,10
2017430002004,1,9,0,18,0,8,0,0,7,1,1,1,6,1,66,10,1596,1,10,5,1,5
2017430002066,1,9,0,18,0,4,1,7,7,7,1,1,6,1,32,6,1999,1,10,4,1,4
2017430002067,1,9,0,9,0,5,0,0,0,0,1,1,1,1,38,7,2231,2,9,5,1,5
2017430002067,2,1,0,18,0,8,0,0,0,0,3,1,2,2,38,7,-1,-1,-1,10,1,10
2017430002110,1,9,0,18,0,8,0,0,0,0,1,1,6,2,42,7,1796,1,10,10,1,10
2017430002110,2,9,0,18,0,8,1,0,0,0,3,1,6,1,50,8,1360,1,11,8,1,8
2017430002113,1,9,0,18,0,0,1,0,0,0,1,1,1,2,27,6,1612,1,6,4,1,4
2017430002113,2,9,0,18,0,0,2,0,1,4,2,1,1,2,65,9,1332,1,20,9,1,9
2017430002387,1,9,0,18,0,0,2,0,1,11,1,1,2,1,36,7,2494,1,16,8,1,8
2017430002458,1,9,0,18,0,1,1,0,5,4,3,1,1,1,24,5,1149,1,12,2,1,2
2017430002478,1,9,0,18,0,0,0,0,0,0,1,1,2,2,62,9,998,1,6,5,1,5
2017430002526,1,9,0,6,0,6,0,0,0,0,3,1,6,2,53,8,1388,1,7,3,1,3
2017430002526,2,9,0,18,0,8,0,0,0,0,4,1,6,1,78,11,1496,1,2,10,3,10
2017430002529,1,9,0,18,0,0,0,0,0,0,1,1,6,3,-1,-1,1248,2,3,-1,-1,-1
2017430002529,2,19,0,18,0,0,0,0,0,0,2,1,6,1,29,6,-1,-1,-1,10,1,10
2017430002529,3,9,0,18,0,0,0,0,0,0,2,1,6,3,-1,-1,998,1,4,-1,-1,-1
2017430002529,4,9,0,2,0,0,0,0,0,0,2,1,6,3,-1,-1,2204,2,9,-1,-1,-1
2017430002529,5,9,0,18,0,0,0,0,0,0,0,1,6,3,-1,-1,-1,-1,-1,-1,-1,-1
2017430002982,1,9,0,18,0,1,0,0,0,0,1,1,6,1,31,6,1399,1,1,1,1,1
2017430002982,2,9,0,5,0,1,0,0,0,0,2,1,6,1,31,6,1686,2,6,-1,-1,-1
2017430003008,1,9,0,9,0,6,0,0,0,0,1,1,2,1,49,8,1200,1,2,5,2,5
2017430003008,2,9,0,9,0,8,0,0,0,0,3,1,2,1,42,7,1124,1,11,1,1,1
2017430003018,1,9,0,9,0,6,0,0,0,0,3,1,6,1,29,6,1587,1,14,6,1,6
2017430003018,2,9,0,18,0,1,0,0,0,0,1,1,6,2,33,6,1461,2,2,4,1,4
2017430003028,1,4,0,18,0,0,0,0,7,2,1,1,6,1,51,8,125,1,12,8,2,8
2017430003034,1,9,0,18,0,8,1,0,0,0,1,1,6,1,-1,-1,-1,-1,-1,-1,-1,-1
2017430003034,2,9,0,9,0,6,1,0,0,0,3,1,6,2,39,7,1360,1,14,10,3,10
2017430003034,3,9,0,2,0,2,0,0,0,0,4,1,6,3,-1,-1,1390,1,17,-1,-1,-1
2017430003035,1,9,0,16,0,0,1,0,7,4,1,1,6,1,22,5,1598,2,3,2,1,2
2017430003070,1,9,0,18,0,4,0,0,0,0,1,1,6,2,34,6,1560,2,6,8,1,8
2017430003070,2,9,0,9,0,8,0,0,0,0,4,1,6,2,31,6,1299,1,15,9,1,9
2017430003079,1,9,0,7,0,5,0,0,0,0,1,1,6,3,-1,-1,-1,-1,-1,-1,-1,-1
2017430003089,1,21,1,12,0,6,0,0,0,0,1,1,1,1,47,8,12902,2,1,10,1,10
2017430003089,2,9,0,12,0,6,0,0,0,0,2,1,6,2,54,8,1242,1,5,8,3,8
2017430003099,1,9,0,18,0,0,0,0,0,0,1,1,6,1,21,5,-1,-1,-1,10,3,10
2017430003099,2,9,0,4,0,0,0,0,0,0,2,1,6,1,21,5,1496,2,1,4,1,4
2017430003099,3,9,0,4,0,0,0,0,0,0,2,1,6,1,23,5,-1,-1,-1,-1,-1,-1
2017430003104,1,19,0,5,0,6,0,0,0,0,1,1,1,1,-1,-1,2402,2,6,-1,-1,-1
2017430003104,2,9,0,18,0,8,0,0,0,0,4,1,1,1,50,8,-1,-1,-1,10,2,10
2017430003114,1,8,0,9,0,3,0,0,0,0,1,1,1,1,59,9,1997,2,12,7,1,7
2017430003116,1,3,0,18,0,0,0,0,1,0,1,1,6,1,18,4,124,1,5,-1,-1,-1
2017430003127,1,98,0,9,0,6,0,0,0,0,0,1,6,3,-1,-1,-1,-1,-1,-1,-1,-1
2017430003127,2,9,0,18,0,1,0,0,7,4,1,1,6,1,23,5,-1,-1,-1,8,1,8
2017430003147,1,9,0,5,8,0,0,0,0,0,3,1,6,1,42,7,1798,1,13,6,1,6
2017430003147,2,5,0,18,0,0,0,0,0,0,4,1,6,1,48,8,649,1,19,5,1,5
2017430003147,3,19,0,18,0,0,0,0,0,0,1,1,6,1,48,8,1499,2,-1,7,3,7
2017430003168,1,9,0,5,0,1,0,0,0,0,1,1,1,1,43,7,1560,2,10,8,1,8
2017430003168,2,9,0,4,0,1,0,0,0,0,2,1,1,1,44,7,1598,2,5,3,1,3
2017430003184,1,9,0,18,0,1,0,0,0,0,1,1,1,1,30,6,1248,2,2,9,3,9
2017430003184,2,9,0,9,0,8,0,0,0,0,1,1,6,1,42,7,2198,2,8,7,3,7
2017430003202,1,9,0,17,0,0,2,0,1,10,4,1,1,2,21,5,1242,1,9,10,2,10
2017430003230,1,9,0,17,0,0,2,0,7,0,3,1,6,2,86,11,1242,1,10,10,2,10
2017430003252,1,9,0,17,0,0,2,0,1,9,4,1,6,2,54,8,999,1,18,6,1,6
2017430003316,1,9,0,11,0,3,0,0,0,0,4,1,6,1,60,9,-1,-1,-1,9,1,9
2017430003316,2,9,0,17,0,8,0,0,0,0,1,1,2,1,26,6,1598,1,10,7,1,7
2017430003316,3,19,0,17,0,8,0,0,0,0,0,1,6,2,-1,-1,-1,-1,-1,-1,-1,-1
2017430003338,1,9,0,9,0,6,0,0,0,0,1,1,6,2,42,7,1499,1,1,10,1,10
2017430003338,2,9,0,18,0,8,0,0,0,0,4,1,6,2,42,7,1910,2,8,8,2,8
2017430003409,1,11,0,4,0,0,0,0,0,0,1,1,1,1,26,6,4500,2,7,-1,-1,-1
2017430003409,2,9,0,3,0,0,0,0,0,0,2,1,6,2,33,6,1598,1,5,8,1,8
2017430003517,1,9,0,18,0,0,0,0,0,0,1,1,6,1,42,7,1796,1,12,10,1,10
2017430003517,2,9,0,18,0,0,0,0,0,0,2,1,6,1,82,11,898,1,-1,3,1,3
2017430003517,3,9,0,18,0,0,0,0,0,0,0,1,6,1,34,6,1598,1,12,8,1,8
2017430003587,1,9,0,16,0,8,1,0,3,11,1,1,6,1,20,4,1390,1,12,9,2,9
2017430003785,1,19,0,17,0,2,0,0,0,0,1,1,6,1,-1,-1,-1,-1,-1,-1,-1,-1
2017430003785,2,9,0,18,0,1,1,0,0,0,2,1,6,2,32,6,1968,2,8,2,1,2
2017430003995,1,9,0,18,0,0,0,0,7,4,1,1,2,2,38,7,1997,2,16,5,1,5
2017430004008,1,19,0,18,0,0,0,0,0,0,1,1,1,3,53,8,1968,2,3,-1,-1,-1
2017430004008,2,1,0,18,0,0,0,0,1,0,2,1,1,1,52,8,-1,-1,-1,9,1,9
2017430004146,1,9,0,9,0,5,0,0,0,0,4,1,6,1,32,6,-1,-1,-1,8,1,8
2017430004146,2,9,0,18,0,1,0,0,0,0,1,1,6,1,36,7,1422,2,15,10,1,10
2017430004146,3,9,0,10,0,1,0,0,0,0,1,1,6,1,53,8,-1,-1,-1,6,1,6
2017430004147,1,9,0,1,0,0,0,0,0,0,2,1,6,1,51,8,-1,-1,-1,9,1,9
2017430004162,1,9,0,4,0,0,0,0,0,0,2,1,6,1,32,6,1991,2,11,2,1,2
2017430004162,2,9,0,18,0,0,0,0,0,0,1,1,6,1,27,6,2143,2,1,8,1,8
2017430004162,3,9,0,18,0,0,0,0,0,0,1,1,6,2,19,4,998,1,8,9,3,9
2017430004176,1,19,0,16,0,0,1,10,7,10,4,1,1,1,25,5,1868,2,11,10,1,10
2017430004176,2,9,0,17,0,0,0,0,0,0,1,1,2,1,18,4,1560,2,5,7,3,7
2017430004186,1,5,0,13,0,0,1,0,0,0,1,1,6,2,30,6,675,1,5,6,2,6
2017430004186,2,9,0,18,0,0,0,0,0,0,1,1,6,1,34,6,-1,-1,-1,2,1,2
2017430004206,1,9,0,18,0,0,0,0,0,0,1,1,6,1,85,11,1598,1,8,1,1,1
2017430004215,1,9,0,7,0,6,0,0,0,0,1,1,6,2,33,6,1248,1,4,3,1,3
2017430004215,2,9,0,18,0,8,0,0,7,11,1,1,6,2,67,10,1968,2,2,10,2,10
2017430004221,1,9,0,9,0,6,0,0,0,0,1,1,6,1,44,7,1984,1,13,10,1,10
2017430004246,1,9,0,9,0,5,0,0,0,0,1,1,2,1,49,8,1598,1,14,3,1,3
2017430004246,2,1,0,18,0,8,0,0,0,0,1,1,6,1,35,6,-1,-1,-1,6,1,6
2017430004258,1,9,0,17,0,8,0,0,1,11,1,1,6,2,54,8,1781,1,18,5,2,5
2017430004264,1,9,0,18,0,0,0,0,0,0,1,1,6,1,31,6,2993,2,13,10,1,10
2017430004264,2,9,0,18,0,0,0,0,0,0,1,1,6,1,45,7,1582,2,6,9,1,9
2017430004278,1,22,0,18,0,1,0,0,0,0,3,1,6,2,48,8,-1,-1,-1,4,1,4
2017430004278,2,9,0,3,0,1,0,0,0,0,4,1,1,1,45,7,1229,1,-1,6,1,6
2017430004286,1,9,0,18,0,0,2,0,2,4,1,1,6,2,22,5,998,1,12,5,1,5
2017430004344,1,9,0,18,0,0,0,0,0,0,1,1,6,1,79,11,1998,1,15,9,2,9
2017430004344,2,1,0,18,0,0,0,0,1,0,2,1,6,1,42,7,-1,-1,-1,8,1,8
2017430004471,1,9,0,17,0,0,1,0,1,4,4,1,6,1,25,5,1364,1,12,8,3,8
2017430004524,1,9,0,16,0,2,5,0,1,9,1,1,1,2,53,8,1997,2,3,5,3,5
2017430006636,1,9,0,18,0,0,0,0,0,0,1,1,6,2,26,6,1587,1,10,8,1,8
2017430006636,2,9,0,18,0,0,0,0,0,0,2,1,6,1,75,10,1149,1,6,10,2,10
2017430006636,3,9,0,18,0,0,0,0,0,0,2,1,6,1,28,6,1794,1,16,5,1,5
2017430006686,1,8,0,18,0,0,0,0,0,0,1,1,1,1,48,8,-1,-1,-1,-1,-1,-1
2017430006686,2,9,0,18,0,0,2,0,1,9,2,1,6,1,58,9,-1,-1,-1,8,3,8
2017430006741,1,9,0,18,0,4,0,9,3,1,1,1,6,1,47,8,2497,2,10,4,1,4
2017430006823,1,9,0,18,0,0,0,0,0,0,1,1,6,1,80,11,1968,2,1,10,1,10
2017430006823,2,9,0,18,0,0,0,0,0,0,1,1,6,2,49,8,1399,2,12,7,3,7
2017430006823,3,9,0,18,0,0,0,0,0,0,1,1,6,1,74,10,2995,1,19,5,1,5
2017430006846,1,9,0,18,0,1,0,0,0,0,1,1,6,3,-1,-1,1199,2,3,6,3,6
2017430006846,2,19,0,7,0,1,0,0,1,11,2,1,6,2,42,7,-1,-1,-1,9,3,9
2017430007821,1,9,0,9,0,8,0,0,0,0,1,1,6,2,30,6,1229,1,3,6,1,6
2017430007821,2,9,0,18,0,8,0,0,0,0,3,1,6,2,20,4,1560,2,7,10,1,10
2017430007860,1,9,0,18,0,0,0,0,0,0,3,1,6,1,-1,-1,1896,2,10,-1,-1,-1
2017430007860,2,9,0,18,0,0,0,0,0,0,3,1,6,2,42,7,2354,1,14,2,1,2
2017430007871,1,11,0,18,0,0,0,0,0,0,4,1,1,1,57,9,9600,2,20,6,1,6
2017430008619,1,21,1,12,0,1,0,0,0,0,1,1,1,1,45,7,-1,-1,-1,-1,-1,-1
2017430008619,2,19,0,5,0,1,0,0,0,0,2,1,1,2,24,5,1753,2,12,8,1,8
2017430009005,1,9,0,17,0,0,5,0,2,7,3,1,6,2,64,9,1461,2,11,4,1,4
2017430009005,2,9,0,16,0,0,0,0,0,0,4,1,2,2,36,7,1198,1,6,9,2,9
2017430009017,1,1,0,18,9,0,0,0,0,0,1,1,6,1,23,5,-1,-1,-1,7,1,7
2017430009058,1,9,0,18,0,0,0,0,0,0,1,1,6,2,55,8,-1,-1,-1,10,1,10
2017430009058,2,9,0,18,0,0,0,0,0,0,1,1,6,2,26,6,1995,2,-1,10,1,10
2017430009058,3,9,0,18,0,0,0,0,0,0,1,1,6,2,23,5,1398,1,1,1,1,1
2017430009058,4,9,0,18,0,0,0,0,0,0,2,1,6,1,49,8,-1,-1,-1,6,1,6
2017430009058,5,21,0,18,0,0,0,0,0,0,1,1,6,1,47,8,10837,2,2,4,1,4
2017430009058,6,21,0,18,0,0,0,0,0,0,1,1,6,1,23,5,4500,2,2,4,1,4
2017430009060,1,9,0,17,0,0,2,0,1,4,1,1,6,1,23,5,1997,2,14,7,3,7
2017430009073,1,9,0,18,0,0,1,0,2,4,1,1,2,1,23,5,1995,2,5,8,1,8
2017430009084,1,9,0,18,0,0,5,0,7,9,0,1,6,2,65,9,2495,2,24,10,3,10
2017430009091,1,9,0,18,0,3,0,0,0,0,4,1,6,2,26,6,2494,2,13,7,3,7
2017430009091,2,9,0,18,0,3,0,0,0,0,3,1,6,1,48,8,1596,1,13,6,1,6
2017430009098,1,4,0,4,0,0,0,0,0,0,1,1,2,1,24,5,693,1,-1,2,1,2
2017430009098,2,9,0,3,0,0,0,0,0,0,2,1,2,1,24,5,1598,1,14,6,1,6
2017430009108,1,9,0,18,0,0,1,0,0,0,1,1,6,1,33,6,3800,1,6,3,1,3
2017430009108,2,9,0,18,0,0,1,0,0,0,2,1,6,1,44,7,1598,1,17,8,1,8
2017430009121,1,9,0,1,0,1,0,0,0,0,3,1,6,1,63,9,1596,1,17,5,2,5
2017430009122,1,9,0,18,0,0,0,12,0,0,1,1,6,2,33,6,-1,-1,-1,5,1,5
2017430009200,1,9,0,17,0,0,1,0,1,9,4,1,1,1,34,6,1398,2,12,9,2,9
2017430009243,1,9,0,12,6,0,0,0,0,0,1,1,6,1,54,8,1998,2,10,7,1,7
2017430009243,2,9,0,2,8,0,0,0,0,0,2,1,6,2,67,10,1499,2,1,7,1,7
2017430009244,1,9,0,9,0,1,0,0,0,0,3,1,2,2,27,6,1999,1,13,9,1,9
2017430009244,2,1,0,18,0,1,0,0,0,0,1,1,6,1,55,8,-1,-1,-1,-1,-1,-1
2017430009419,1,9,0,2,0,0,0,0,0,0,0,1,1,1,48,8,-1,-1,-1,7,1,7
2017430011051,1,19,0,18,0,0,0,0,0,0,4,1,6,3,-1,-1,-1,-1,-1,-1,-1,-1
2017430011509,1,9,0,9,0,6,0,0,0,0,4,1,6,2,21,5,1229,1,4,9,3,9
2017430011509,2,9,0,18,0,1,0,0,0,0,1,1,6,1,22,5,1390,1,8,5,1,5
2017430011556,1,21,0,18,0,0,0,0,0,0,1,1,1,1,61,9,6692,2,6,8,1,8
2017430011556,2,9,0,4,0,0,0,0,0,0,2,1,2,1,61,9,1560,2,1,3,1,3
2017430011556,3,9,0,4,0,0,0,0,0,0,2,1,2,2,24,5,1598,1,11,8,1,8
2017430011556,4,9,0,4,0,0,0,0,0,0,2,1,2,1,24,5,1229,1,10,9,1,9
2017430011556,5,21,0,18,0,0,0,0,0,0,1,1,1,1,54,8,10518,2,9,5,1,5
2017430011597,1,3,0,16,0,0,0,0,0,0,1,1,6,1,35,6,-1,-1,-1,7,1,7
2017430011597,2,9,0,18,0,0,0,0,0,0,1,1,6,2,46,8,-1,-1,-1,10,1,10
2017430011626,1,9,0,18,0,0,0,0,6,1,1,1,2,1,32,6,2184,2,2,5,1,5
2017430011648,1,9,0,18,0,8,0,0,0,0,1,1,6,1,47,8,1896,2,12,2,1,2
2017430011648,2,9,0,18,0,8,0,0,0,0,4,1,2,2,18,4,1242,1,8,8,2,8
2017430012918,1,9,0,17,0,0,1,0,1,4,4,1,6,2,29,6,1198,1,15,5,1,5
2017430012932,1,9,0,18,0,0,0,0,0,0,1,1,6,1,20,4,998,1,18,7,1,7
2017430012932,2,9,0,12,0,0,0,0,0,0,2,1,6,1,60,9,1198,1,3,2,1,2
2017430014330,1,9,0,9,0,6,0,0,0,0,3,1,6,1,32,6,1560,2,5,6,1,6
2017430014330,2,9,0,18,0,1,0,0,0,0,1,1,6,2,26,6,1242,1,6,4,1,4
2017430015325,1,9,0,18,0,0,0,10,0,0,1,1,6,3,-1,-1,1968,2,10,-1,-1,-1
2017430015325,2,1,0,18,0,0,0,0,7,0,1,1,6,1,28,6,-1,-1,-1,6,1,6
2017430015338,1,9,0,9,0,8,0,0,0,0,1,1,6,1,65,9,4196,1,12,9,1,9
2017430015338,2,9,0,18,0,8,0,0,0,0,3,1,6,2,19,4,1390,1,15,4,1,4
2017430015342,1,9,0,18,0,0,2,0,8,10,3,1,2,1,42,7,1997,2,13,-1,-1,-1
2017430015345,1,9,0,7,0,3,1,9,0,0,4,1,6,1,32,6,1596,1,14,5,1,5
2017430015356,1,9,0,4,0,0,0,0,0,0,4,1,6,2,40,7,1896,2,10,-1,-1,-1
2017430015357,1,9,0,17,0,0,2,0,1,11,1,1,2,2,38,7,1390,1,10,10,1,10
2017430015360,1,9,0,18,0,8,0,0,1,1,1,1,1,1,62,9,-1,-1,-1,5,1,5
2017430015360,2,9,0,9,0,8,0,0,0,0,4,1,6,2,38,7,1398,1,1,9,1,9
2017430015367,1,9,0,18,0,1,0,0,0,0,1,1,2,1,48,8,2997,1,17,6,1,6
2017430015373,1,9,0,18,0,0,0,0,0,0,1,1,6,1,55,8,1299,1,12,10,1,10
2017430015403,1,9,0,9,0,6,0,0,0,0,1,1,3,1,77,11,998,1,16,7,1,7
2017430015403,2,1,0,18,4,8,0,0,0,0,1,1,1,2,19,4,-1,-1,-1,7,1,7
2017430015418,1,8,0,4,0,0,0,0,0,0,3,1,1,1,25,5,-1,-1,-1,-1,-1,-1
2017430015418,2,9,0,13,0,0,0,0,0,0,4,1,6,1,25,5,-1,-1,-1,10,2,10
2017430015427,1,9,0,9,0,8,0,0,0,0,1,1,2,2,39,7,1240,1,12,3,1,3
2017430015427,2,8,0,18,0,8,0,0,0,0,1,1,1,1,58,9,2143,2,6,4,1,4
2017430015445,1,11,0,18,2,0,1,0,0,0,4,1,1,1,29,6,9000,2,9,7,1,7
2017430015494,1,9,0,9,0,5,0,0,0,0,4,1,6,1,19,4,1390,1,10,6,1,6
2017430015494,2,3,0,18,0,1,0,0,0,0,1,1,6,1,25,5,-1,-1,-1,6,1,6
2017430015520,1,9,0,18,0,0,0,0,0,0,4,1,6,2,74,10,998,1,11,4,1,4
2017430015520,2,16,0,18,0,0,0,0,0,0,1,1,6,1,20,4,-1,-1,-1,-1,-1,-1
2017430015538,1,9,0,12,0,0,0,0,5,6,1,1,6,1,56,9,1598,1,10,4,1,4
2017430015590,1,2,0,4,0,1,1,0,0,0,3,1,6,2,17,4,49,1,2,2,1,2
2017430015605,1,23,0,18,0,0,0,0,0,0,0,1,6,1,39,7,-1,-1,-1,6,2,6
2017430015625,1,9,0,18,0,1,0,0,0,0,1,1,6,1,57,9,2967,2,1,7,3,7
2017430015625,2,9,0,3,0,1,0,0,0,0,2,1,6,2,53,8,1339,1,7,9,2,9
2017430015642,1,9,0,7,2,6,0,0,0,0,4,1,1,2,23,5,1242,1,6,7,2,7
2017430015642,2,3,0,18,2,8,0,0,0,0,1,1,6,1,19,4,124,1,3,6,1,6
2017430015653,1,9,0,17,0,8,2,0,8,4,1,1,6,2,25,5,1198,1,14,8,2,8
2017430015801,1,9,0,18,0,8,1,0,0,0,4,1,6,1,35,6,998,1,4,8,1,8
2017430015801,2,9,0,18,0,8,2,0,5,6,3,1,6,1,54,8,-1,-1,-1,9,2,9
2017430015882,1,9,0,18,0,0,0,0,0,0,1,1,6,1,76,11,2231,2,9,9,3,9
2017430015882,2,11,0,3,0,0,0,0,0,0,2,1,1,1,55,8,3900,2,13,8,1,8
2017430015917,1,9,0,18,0,8,0,0,8,2,1,1,6,1,47,8,1796,1,7,3,1,3
2017430015917,2,9,0,18,0,8,0,0,0,0,1,1,6,1,33,6,2477,2,15,7,1,7
2017430015957,1,9,0,9,0,6,0,0,0,0,1,1,6,1,42,7,1995,1,11,9,1,9
2017430016461,1,9,0,7,0,6,0,0,0,0,1,1,2,1,46,8,1995,2,7,4,1,4
2017430016461,2,9,0,3,0,2,0,0,0,0,2,1,6,1,40,7,1910,2,11,6,1,6
2017430016461,3,9,0,3,0,2,0,0,0,0,2,1,6,2,30,6,1995,2,12,3,1,3
2017430016485,1,9,0,18,0,0,0,0,0,0,1,1,6,1,26,6,2143,2,5,3,1,3
2017430016485,2,9,0,3,0,0,0,0,0,0,2,1,6,1,85,11,1197,1,3,10,3,10
2017430016485,3,9,0,3,0,0,0,0,0,0,2,1,6,2,35,6,1560,2,7,4,1,4
2017430016492,1,9,0,5,0,4,0,0,0,0,1,1,1,1,28,6,1596,1,13,10,1,10
2017430016494,1,19,0,18,0,8,0,0,0,0,1,1,2,1,38,7,1753,2,10,4,1,4
2017430016497,1,9,0,9,0,6,0,0,0,0,1,1,3,1,46,8,-1,-1,-1,10,1,10
2017430016497,2,9,0,18,0,8,0,0,0,0,1,1,3,2,50,8,1598,1,12,10,1,10
2017430016508,1,9,0,6,0,0,0,0,0,0,1,1,6,1,78,11,1998,2,15,8,1,8
2017430016508,2,9,0,18,0,0,0,0,0,0,2,1,6,1,46,8,1560,2,6,10,1,10
2017430016545,1,9,0,18,0,0,0,0,0,0,1,1,6,1,55,8,1905,2,22,10,2,10
2017430016545,2,1,0,18,0,0,0,0,0,0,2,1,6,1,44,7,-1,-1,-1,10,2,10
2017430016552,1,9,0,18,0,1,0,0,0,0,1,1,6,2,21,5,1598,1,8,7,1,7
2017430016559,1,9,0,4,0,0,0,0,0,0,1,1,6,1,40,7,2967,2,2,4,1,4
2017430016559,2,9,0,4,0,0,0,0,0,0,2,1,6,1,31,6,1968,2,6,4,1,4
2017430016559,3,9,0,4,0,0,0,0,0,0,2,1,6,2,35,6,1461,2,3,1,1,1
2017430016559,4,9,0,3,0,0,0,0,0,0,2,1,1,1,29,6,2143,2,3,2,1,2
2017430016560,1,9,0,9,0,6,1,0,3,7,3,1,2,1,64,9,2143,2,6,10,1,10
2017430016560,2,9,0,18,0,8,1,0,0,0,1,1,2,1,53,8,1969,2,2,3,1,3
2017430016569,1,9,0,18,0,2,0,4,0,0,1,1,3,2,34,6,1591,1,6,8,3,8
2017430016569,2,19,0,2,0,2,0,0,0,0,2,1,6,3,-1,-1,1997,2,11,-1,-1,-1
2017430016573,1,9,0,9,0,8,0,0,0,0,1,1,6,2,48,8,1461,2,1,10,1,10
2017430016582,1,9,0,18,0,1,0,0,0,0,1,1,6,1,32,6,1398,1,1,5,1,5
2017430016602,1,9,0,18,0,0,0,0,0,0,4,1,3,2,70,10,1598,1,6,10,1,10
2017430016605,1,3,0,18,0,0,0,0,0,0,1,1,2,2,54,8,125,1,1,10,3,10
2017430016618,1,9,0,18,0,3,0,0,0,1,4,1,1,1,57,9,2987,2,8,5,2,5
2017430016618,2,9,0,18,0,4,0,0,0,0,1,1,6,1,56,9,1242,1,17,10,1,10
2017430016647,1,9,0,17,0,2,0,0,1,11,1,1,6,2,24,5,1400,2,10,4,1,4
2017430016839,1,9,0,17,0,0,0,0,0,0,1,1,6,2,36,7,1242,1,1,7,1,7
2017430016839,2,9,0,16,0,0,0,0,0,0,1,1,2,2,38,7,1560,2,5,9,1,9
2017430016847,1,9,0,17,0,0,2,0,1,10,4,1,2,1,52,8,1240,1,8,9,3,9
2017430016853,1,19,0,9,0,6,0,0,0,0,3,1,1,1,34,6,1560,2,1,7,3,7
2017430016853,2,9,0,18,0,1,1,0,0,0,4,1,2,2,21,5,1598,1,10,9,3,9
2017430016853,3,9,0,18,0,1,0,0,0,0,3,1,2,1,42,7,1796,1,10,-1,-1,-1
2017430016873,1,9,0,9,0,6,0,0,0,0,1,1,6,2,22,5,1781,1,16,10,1,10
2017430016873,2,9,0,18,0,8,0,0,0,0,1,1,6,2,87,11,1298,1,10,4,3,4
2017430016884,1,9,0,5,0,4,0,0,1,0,1,1,6,2,19,4,1598,1,12,8,1,8
2017430016884,2,9,0,18,0,3,1,0,1,0,1,1,6,1,18,4,1461,2,8,7,3,7
2017430016917,1,9,0,18,0,2,0,0,0,0,4,1,6,3,60,9,-1,-1,-1,-1,-1,-1
2017430016998,1,9,0,9,0,5,0,0,0,0,1,1,6,1,-1,-1,-1,-1,-1,-1,-1,-1
2017430016998,2,1,0,18,0,8,0,0,0,0,3,1,6,2,62,9,-1,-1,-1,3,1,3
2017430017195,1,1,0,18,0,1,0,0,0,0,1,1,2,2,25,5,-1,-1,-1,9,1,9
2017430017652,1,9,0,1,0,0,0,4,0,0,2,1,6,1,73,10,1339,8,7,5,1,5
2017430017652,2,9,0,2,0,0,0,0,0,0,2,1,6,2,24,5,1388,1,5,7,1,7
2017430017652,3,9,0,18,0,0,0,0,0,0,4,1,6,2,31,6,1586,1,10,8,3,8
2017430017669,1,9,0,2,0,0,0,0,0,0,3,1,6,2,39,7,1999,2,1,9,3,9
2017430017669,2,9,0,18,0,0,0,4,0,0,4,1,6,3,-1,-1,-1,-1,-1,-1,-1,-1
2017430017673,1,9,0,16,0,0,1,0,7,9,1,1,6,1,70,10,1968,2,2,10,3,10
2017430017676,1,9,0,4,0,0,0,0,0,0,1,1,6,2,56,9,1499,1,3,7,3,7
2017430017676,2,9,0,4,0,0,0,0,0,0,2,1,6,2,27,6,1598,2,5,5,1,5
2017430017706,1,9,0,18,0,8,2,0,1,0,3,1,2,2,42,7,1590,1,17,3,1,3
2017430017706,2,9,0,7,0,6,0,0,0,0,0,1,6,2,24,5,999,1,4,9,2,9
2017430017726,1,9,0,4,0,0,0,0,0,0,1,1,6,2,40,7,1364,1,7,8,3,8