Accident_Index,Vehicle_Reference,Vehicle_Type,Towing_and_Articulation,Vehicle_Manoeuvre,Vehicle_Location-Restricted_Lane,Junction_Location,Skidding_and_Overturning,Hit_Object_in_Carriageway,Vehicle_Leaving_Carriageway,Hit_Object_off_Carriageway,1st_Point_of_Impact,Was_Vehicle_Left_Hand_Drive?,Journey_Purpose_of_Driver,Sex_of_Driver,Age_of_Driver,Age_Band_of_Driver,Engine_Capacity_(CC),Propulsion_Code,Age_of_Vehicle,Driver_IMD_Decile,Driver_Home_Area_Type,Vehicle_IMD_Decile
2017430017726,2,9,0,4,0,0,0,0,0,0,2,1,6,2,18,4,1197,1,4,10,1,10
2017430017726,3,9,0,4,0,0,0,0,0,0,2,1,6,2,25,5,-1,-1,-1,-1,-1,-1
2017430017759,1,9,0,16,0,0,5,0,0,4,1,1,6,1,19,4,998,1,13,8,1,8
2017430017827,1,9,0,1,0,1,0,0,0,0,2,1,6,1,-1,-1,1685,2,5,-1,-1,-1
2017430017827,2,1,0,3,0,1,0,0,0,0,1,1,6,2,31,6,-1,-1,-1,7,1,7
2017430017840,1,9,0,7,0,6,0,0,0,0,1,1,6,1,-1,-1,1242,1,9,9,1,9
2017430017840,2,1,0,18,0,8,0,0,0,0,4,1,1,1,35,6,-1,-1,-1,8,1,8
2017430017898,1,9,0,18,0,8,2,10,1,0,4,1,6,1,23,5,1229,1,4,10,1,10
2017430018317,1,9,0,18,0,1,0,0,0,0,1,1,6,2,25,5,-1,-1,-1,-1,-1,-1
2017430018452,1,9,0,4,0,4,0,0,0,0,1,1,6,1,71,10,3199,1,15,10,1,10
2017430018488,1,9,0,18,0,0,0,4,0,0,1,1,6,1,77,11,1086,1,10,8,3,8
2017430018488,2,17,0,2,0,0,0,0,0,0,2,1,1,1,-1,-1,-1,2,20,-1,-1,-1
2017430018829,1,21,1,12,0,0,0,0,0,0,3,2,1,1,57,9,-1,-1,-1,-1,-1,-1
2017430018829,2,9,0,18,0,0,0,0,1,0,4,1,2,1,31,6,1997,2,11,7,1,7
2017430018851,1,9,0,11,0,0,0,0,0,0,1,1,6,1,28,6,1229,1,12,3,1,3
2017430018851,2,9,0,18,0,0,0,0,0,0,4,1,1,2,46,8,1120,2,4,8,3,8
2017430018851,3,9,0,18,0,0,0,0,0,0,1,1,6,1,36,7,1229,1,8,4,1,4
2017430018853,1,9,0,18,0,0,0,0,5,6,1,1,6,2,21,5,1242,1,11,7,1,7
2017430018867,1,5,0,7,0,5,0,0,0,0,1,1,6,1,-1,-1,-1,-1,-1,8,2,8
2017430018867,2,5,0,7,0,5,0,0,0,0,2,1,6,1,73,10,998,1,10,10,1,10
2017430018888,1,9,0,9,0,8,0,0,0,0,1,1,2,2,50,8,1493,2,13,5,1,5
2017430018888,2,1,0,3,0,8,0,0,0,0,1,1,6,1,31,6,-1,-1,-1,7,1,7
2017430018889,1,9,0,18,0,0,0,0,0,0,1,1,1,1,62,9,2987,2,3,4,3,4
2017430018889,2,9,0,18,0,0,0,0,0,0,2,1,1,1,63,9,-1,-1,-1,9,1,9
2017430018907,1,9,0,11,0,0,0,0,0,0,4,1,6,1,-1,-1,-1,-1,-1,-1,-1,-1
2017430018907,2,9,0,18,0,0,0,0,0,0,1,1,6,1,24,5,1796,1,17,10,1,10
2017430018929,1,9,0,18,0,1,0,0,0,0,4,1,6,3,-1,-1,-1,-1,-1,-1,-1,-1
2017430018943,1,9,0,7,0,6,0,0,0,0,1,1,6,1,69,10,2987,2,9,7,3,7
2017430018943,2,9,0,18,0,1,0,0,0,0,4,1,6,1,58,9,-1,-1,-1,10,3,10
2017430018945,1,9,0,18,0,0,0,0,1,1,1,1,6,1,27,6,2999,1,22,8,2,8
2017430018971,1,9,0,16,0,8,0,0,0,0,1,1,6,2,64,9,2179,2,7,8,1,8
2017430018971,2,9,0,17,0,8,0,0,0,0,1,1,1,1,29,6,2143,2,4,4,1,4
2017430018981,1,9,0,18,0,1,0,0,0,0,1,1,6,1,54,8,1200,1,1,7,1,7
2017430018981,2,1,0,18,0,1,0,0,0,0,4,1,6,1,17,4,-1,-1,-1,5,1,5
2017430019056,1,3,0,18,0,8,1,0,0,0,0,1,6,1,20,4,125,1,14,6,1,6
2017430019104,1,9,0,9,0,6,0,0,0,0,3,1,2,2,49,8,1242,1,5,9,2,9
2017430019104,2,5,0,18,0,1,0,0,0,0,1,1,6,1,28,6,798,1,1,2,1,2
2017430019168,1,9,0,18,0,4,0,0,0,0,2,1,1,1,60,9,1590,1,13,9,3,9
2017430019168,2,1,0,18,0,8,0,0,0,0,1,1,6,1,70,10,-1,-1,-1,8,2,8
2017430019173,1,9,0,4,0,0,0,0,0,0,1,1,2,2,32,6,1994,2,8,10,1,10
2017430019173,2,9,0,4,0,0,0,0,0,0,2,1,2,2,25,5,-1,-1,-1,9,3,9
2017430019245,1,9,0,18,0,0,0,0,0,0,1,1,6,1,40,7,-1,-1,-1,-1,-1,-1
2017430019245,2,9,0,18,0,0,0,0,0,0,2,1,6,1,22,5,1198,1,6,7,1,7
2017430019344,1,9,0,4,0,0,0,0,0,0,1,1,6,2,23,5,1198,1,11,7,3,7
2017430019344,2,9,0,4,0,0,0,0,0,0,2,1,2,1,45,7,2400,2,4,10,1,10
2017430019344,3,9,0,4,0,0,0,0,0,0,2,1,2,1,41,7,2198,2,12,10,1,10
2017430019344,4,9,0,4,0,0,0,0,0,0,2,1,2,1,39,7,1998,2,2,-1,-1,-1
2017430019397,1,9,0,6,0,1,0,0,0,0,3,1,1,1,21,5,1229,1,5,9,2,9
2017430019397,2,4,0,14,0,1,0,0,0,0,1,1,1,1,61,9,250,1,5,8,1,8
2017430019456,1,9,0,18,0,0,5,10,0,0,1,1,6,1,24,5,1998,1,5,7,3,7
2017430019456,2,9,0,2,0,0,0,0,0,0,2,1,6,3,-1,-1,1596,1,13,-1,-1,-1
2017430019456,3,19,0,2,0,0,0,0,0,0,2,1,6,3,-1,-1,2198,2,10,-1,-1,-1
2017430019490,1,9,0,9,0,6,0,0,0,0,4,1,6,2,46,8,1395,1,1,3,1,3
2017430019490,2,9,0,18,0,8,0,0,0,0,3,1,6,1,77,11,-1,-1,-1,2,1,2
2017430019949,1,9,0,7,0,4,0,0,0,0,3,1,6,2,66,10,-1,-1,-1,6,2,6
2017430019949,2,9,0,18,0,8,0,0,0,0,1,1,6,1,25,5,1995,2,12,8,2,8
2017430020076,1,9,0,7,0,6,0,0,0,0,0,1,6,1,31,6,1796,1,11,6,1,6
2017430020076,2,3,0,18,0,1,0,0,0,0,0,1,6,1,52,8,125,1,4,8,1,8
2017430020199,1,9,0,18,0,4,1,0,1,7,4,1,6,1,18,4,1497,1,15,-1,-1,-1
2017430020266,1,19,0,18,0,8,0,0,0,0,1,1,1,1,58,9,2143,2,1,1,1,1
2017430020266,2,9,0,18,0,8,0,0,1,9,3,1,2,1,22,5,1796,1,17,9,2,9
2017430020411,1,10,0,7,0,0,0,0,0,0,4,1,1,1,28,6,-1,-1,-1,2,1,2
2017430020411,2,1,0,18,4,0,0,0,0,0,1,1,6,1,48,8,-1,-1,-1,4,1,4
2017430021416,1,9,0,18,0,1,0,0,1,2,1,1,6,1,72,10,2993,2,10,10,1,10
2017430021416,2,9,0,18,0,1,0,0,0,0,2,1,6,1,54,8,1796,1,13,8,2,8
2017430021418,1,19,0,9,0,5,0,0,0,0,1,1,1,1,52,8,2143,2,7,-1,-1,-1
2017430021424,1,9,0,18,0,4,0,0,1,0,1,1,6,2,36,7,2188,2,14,10,2,10
2017430021424,2,19,0,9,0,8,0,0,1,0,2,1,1,1,33,6,2299,2,2,8,2,8
2017430021427,1,9,0,7,0,6,0,0,0,0,1,1,6,2,59,9,1396,1,19,2,1,2
2017430021427,2,9,0,18,0,1,0,0,0,0,4,1,6,2,25,5,1197,1,1,10,1,10
2017430021435,1,9,0,14,0,0,0,0,0,0,4,1,6,1,-1,-1,-1,-1,-1,-1,-1,-1
2017430021435,2,9,0,2,0,0,0,0,0,0,3,1,6,2,25,5,1590,1,13,8,1,8
2017430021438,1,9,0,17,0,0,1,0,0,0,1,1,1,2,32,6,1968,2,10,5,1,5
2017430021438,2,9,0,16,0,0,0,0,0,0,1,1,6,2,45,7,1398,1,1,8,3,8
2017430021439,1,19,0,18,0,2,0,0,0,0,1,1,6,1,70,10,-1,-1,-1,-1,-1,-1
2017430021439,2,1,0,18,0,2,0,0,0,0,3,1,6,2,22,5,-1,-1,-1,6,1,6
2017430021448,1,9,0,9,0,2,0,0,0,0,1,1,2,1,54,8,1798,1,5,7,1,7
2017430021451,1,19,0,4,0,0,0,0,5,6,1,1,1,1,51,8,1968,2,2,4,1,4
2017430021451,2,19,0,4,0,0,0,0,0,0,2,1,1,1,45,7,1870,2,12,8,1,8
2017430021452,1,9,0,18,0,0,0,0,0,0,1,1,3,2,26,6,2698,2,7,7,1,7
2017430021452,2,9,0,3,0,0,0,0,0,0,2,1,1,1,17,4,1390,1,15,9,1,9
2017430021452,3,9,0,3,0,0,0,0,0,0,2,1,1,1,58,9,1364,1,2,7,3,7
2017430021453,1,9,0,18,0,1,0,0,0,0,1,1,2,1,42,7,1968,2,10,4,1,4
2017430021453,2,9,0,3,0,1,0,0,0,0,2,1,2,2,34,6,1984,1,11,2,1,2
2017430021467,1,21,0,18,0,4,0,0,0,0,1,1,1,1,37,7,12740,2,5,5,1,5
2017430021467,2,9,0,18,0,8,1,10,7,0,4,1,6,2,29,6,1995,2,11,5,1,5
2017430021481,1,9,0,9,0,4,0,0,0,0,1,1,1,2,37,7,1339,1,12,9,1,9
2017430021481,2,1,0,18,0,8,0,0,0,0,4,1,1,1,50,8,-1,-1,-1,2,1,2
2017430021513,1,9,0,18,0,2,0,8,0,0,1,1,6,1,-1,-1,1560,2,3,6,1,6
2017430021513,2,1,0,2,0,2,0,0,0,0,3,1,2,2,65,9,-1,-1,-1,8,1,8
2017430021539,1,9,0,9,0,6,0,0,0,0,1,1,2,2,41,7,2993,2,5,7,1,7
2017430021539,2,9,0,18,0,1,0,0,1,1,4,1,3,2,34,6,2993,2,2,10,1,10
2017430021548,1,9,0,18,0,1,0,0,0,0,4,1,6,3,-1,-1,-1,-1,-1,-1,-1,-1
2017430021548,2,1,0,9,0,1,0,0,0,0,3,1,6,2,31,6,-1,-1,-1,7,1,7
2017430021570,1,8,0,18,0,0,0,0,0,0,1,1,1,2,58,9,1591,1,5,7,1,7
2017430021570,2,9,0,5,7,0,0,0,1,7,2,1,1,2,31,6,1956,2,6,10,1,10
2017430021570,3,19,0,3,0,0,0,0,0,0,2,1,1,1,38,7,2299,2,2,9,2,9
2017430021570,4,9,0,3,0,0,0,0,0,0,2,1,1,1,44,7,1995,2,4,7,1,7
2017430021577,1,4,0,14,0,1,0,0,0,0,1,1,2,1,23,5,321,1,1,10,1,10
2017430021577,2,9,0,9,0,6,0,0,0,0,3,1,2,2,38,7,1598,2,3,10,2,10
2017430021599,1,1,0,18,5,8,0,4,0,0,1,1,6,1,69,10,-1,-1,-1,10,1,10
2017430021599,2,9,0,2,5,8,0,0,0,0,2,1,6,3,-1,-1,1871,2,15,-1,-1,-1
2017430021604,1,9,0,17,0,2,1,0,0,4,1,1,6,1,29,6,1910,2,16,6,3,6
2017430021611,1,5,0,9,0,8,1,0,0,0,4,1,6,1,34,6,800,1,1,8,1,8
2017430021618,1,20,0,18,0,0,0,0,0,0,1,1,6,1,33,6,4250,2,5,7,1,7
2017430021618,2,9,0,11,0,0,0,0,0,0,2,1,6,1,35,6,1598,1,13,8,1,8
2017430021636,1,9,0,18,0,2,0,0,0,0,3,1,6,2,44,7,1399,2,10,7,1,7
2017430021675,1,9,0,18,0,4,0,0,0,0,3,1,6,1,51,8,2179,2,6,10,1,10
2017430021675,2,1,0,18,0,4,0,0,0,0,1,1,6,1,19,4,-1,-1,-1,7,1,7
2017430021715,1,9,0,10,0,1,0,0,0,0,1,1,6,1,-1,-1,1596,1,16,-1,-1,-1
2017430021715,2,9,0,10,0,1,0,0,0,0,2,1,6,2,38,7,1995,1,7,8,2,8
2017430021836,1,9,0,9,0,6,0,0,1,0,3,1,2,1,35,6,-1,-1,-1,6,1,6
2017430021836,2,11,0,18,0,1,0,0,0,0,1,1,1,1,41,7,5900,2,12,-1,-1,-1
2017430021851,1,9,0,18,0,8,0,0,0,0,1,1,1,1,61,9,1242,1,6,7,3,7
2017430022114,1,9,0,9,0,5,0,0,0,0,0,1,6,2,55,8,1388,1,8,9,1,9
2017430022114,2,9,0,18,0,1,0,0,7,0,4,1,2,2,48,8,1595,1,11,5,1,5
2017430022114,3,9,0,18,0,1,0,0,0,0,4,1,2,1,47,8,2400,2,2,9,1,9
2017430022367,1,9,0,6,0,0,0,0,8,11,3,1,6,1,24,5,-1,-1,-1,5,1,5
2017430022367,2,9,0,18,0,0,0,0,7,11,1,1,2,1,30,6,1998,1,6,5,1,5
2017430022592,1,9,0,13,0,0,0,0,0,0,1,1,2,1,23,5,1242,1,17,7,1,7
2017430022592,2,1,0,18,0,0,0,0,0,0,1,1,2,1,60,9,-1,-1,-1,3,1,3
2017430022602,1,9,0,9,0,5,0,0,0,0,1,1,6,1,58,9,3311,8,9,10,1,10
2017430022608,1,9,0,13,0,8,0,0,7,9,3,1,6,1,41,7,2688,2,15,-1,-1,-1
2017430022608,2,9,0,9,0,5,0,0,0,0,4,1,6,1,23,5,1396,1,17,3,1,3
2017430022618,1,9,0,9,0,6,0,0,0,0,3,1,6,2,26,6,1689,2,17,8,1,8
2017430022618,2,9,0,18,0,1,0,0,0,0,1,1,6,2,36,7,1197,1,6,7,1,7
2017430022644,1,9,0,9,0,2,0,0,0,0,1,1,6,2,62,9,1796,1,3,10,1,10
2017430022653,1,5,0,13,0,0,0,0,0,0,1,1,2,1,45,7,1000,1,7,6,1,6
2017430022653,2,9,0,12,0,0,0,0,0,0,2,1,2,2,31,6,1149,1,12,8,3,8
2017430022671,1,9,0,18,0,0,0,0,0,0,1,1,1,2,46,8,-1,-1,-1,4,1,4
2017430022672,1,9,0,18,0,0,0,0,0,0,1,1,2,1,19,4,999,1,1,9,3,9
2017430022679,1,9,0,4,0,0,0,0,0,0,1,1,6,2,56,9,1242,1,1,7,1,7
2017430022679,2,9,0,3,0,0,0,0,0,0,2,1,6,2,43,7,1783,1,13,8,1,8
2017430022691,1,9,0,4,0,1,0,0,0,0,1,1,6,1,20,4,1242,1,3,-1,-1,-1
2017430022691,2,9,0,4,0,1,0,0,0,0,2,1,6,1,46,8,1995,2,4,9,1,9
2017430022693,1,9,0,3,0,1,0,0,0,0,1,1,6,1,-1,-1,-1,-1,-1,-1,-1,-1
2017430022693,2,9,0,3,0,1,0,0,0,0,2,1,2,2,21,5,1124,1,13,5,1,5
2017430022753,1,9,0,5,0,6,0,0,0,0,1,1,1,1,24,5,-1,-1,-1,10,1,10
2017430022753,2,9,0,18,0,8,0,0,0,0,1,1,6,2,72,10,1598,2,5,10,1,10
2017430022791,1,1,0,18,9,6,0,0,0,0,0,1,2,1,21,5,-1,-1,-1,10,1,10
2017430022810,1,9,0,9,0,8,0,0,0,0,3,1,6,1,56,9,-1,-1,-1,5,1,5
2017430022810,2,19,0,18,0,8,0,0,0,0,4,1,1,1,23,5,1968,2,1,5,1,5
2017430022832,1,9,0,18,0,1,0,0,0,0,1,1,6,2,27,6,-1,-1,-1,9,1,9
2017430022832,2,1,0,10,0,1,0,0,0,0,2,1,2,2,49,8,-1,-1,-1,10,1,10
2017430022957,1,21,0,11,0,2,0,0,0,0,1,1,1,1,45,7,-1,-1,-1,3,1,3
2017430022957,2,9,0,18,0,2,0,0,4,6,2,1,2,1,44,7,1599,1,13,8,2,8
2017430023005,1,9,0,18,0,8,1,10,1,4,1,1,6,1,20,4,1997,2,10,6,1,6
2017430023132,1,9,0,18,0,1,0,0,0,0,1,1,6,1,51,8,2926,2,14,6,1,6
2017430023132,2,9,0,10,0,1,0,0,0,0,2,1,6,1,68,10,2179,2,8,9,3,9
2017430023260,1,19,0,6,0,0,0,0,0,0,3,1,1,1,28,6,2198,2,3,2,1,2
2017430023260,2,9,0,18,0,0,0,0,0,0,1,1,6,2,28,6,1198,1,12,2,1,2
2017430023304,1,9,0,18,0,1,0,0,0,0,4,1,2,1,25,5,1299,1,16,7,3,7
2017430023304,2,9,0,18,0,2,0,0,0,0,4,1,1,1,37,7,3387,1,11,7,3,7
2017430023304,3,20,0,2,0,1,0,0,0,0,0,1,1,1,34,6,4500,2,3,-1,-1,-1
2017430023399,1,9,0,16,0,0,1,10,8,10,3,1,1,2,40,7,1299,1,9,9,2,9
2017430023979,1,9,0,18,0,4,0,0,0,0,1,1,6,2,41,7,1598,1,16,4,1,4
2017430023979,2,9,0,9,0,8,0,0,0,0,1,1,6,1,41,7,1997,2,14,4,1,4
2017430024210,1,9,0,18,0,0,2,0,0,0,1,1,6,2,20,4,1388,1,5,4,1,4
2017430024243,1,9,0,5,0,6,0,0,0,0,3,1,6,3,19,4,1242,1,7,8,3,8
2017430024243,2,1,0,18,0,8,0,0,0,0,1,1,6,2,24,5,-1,-1,-1,4,1,4
2017430024388,1,9,0,18,0,0,0,0,0,0,1,1,2,1,21,5,1198,1,13,3,1,3
2017430024388,2,11,0,3,0,0,0,0,0,0,0,1,1,3,-1,-1,-1,-1,-1,-1,-1,-1
2017430024486,1,9,0,18,0,2,0,0,0,0,1,1,6,1,30,6,1731,1,19,3,1,3
2017430024859,1,8,0,18,0,0,1,0,0,0,1,1,1,1,45,7,1896,2,9,-1,-1,-1
2017430024859,2,9,0,18,0,0,1,0,2,6,2,1,2,2,61,9,1499,1,1,7,1,7
2017430024860,1,9,0,18,0,0,0,0,1,4,1,1,6,1,23,5,1997,2,16,10,1,10
2017430024866,1,5,0,9,0,6,0,0,0,0,1,1,2,1,25,5,782,1,3,6,1,6
2017430024866,2,1,0,18,0,8,0,0,0,0,1,1,2,2,44,7,-1,-1,-1,10,1,10
2017430024867,1,8,0,5,0,2,0,0,0,0,4,1,1,1,-1,-1,1910,2,8,3,1,3
2017430024870,1,9,0,18,0,0,0,0,1,0,1,1,6,2,13,3,1896,2,14,7,2,7
2017430024914,1,9,0,18,0,1,0,0,0,0,1,1,6,1,60,9,1997,1,9,10,1,10
2017430024914,2,9,0,3,0,1,0,0,0,0,2,1,6,1,53,8,1497,8,9,7,1,7
2017430024925,1,9,0,18,0,8,0,0,0,0,4,1,6,1,30,6,2993,2,1,-1,-1,-1
2017430024925,2,9,0,18,0,8,0,0,0,0,1,1,6,1,31,6,2143,2,6,2,1,2
2017430024933,1,9,0,18,0,1,0,0,0,0,1,1,6,1,48,8,2777,2,7,6,1,6
2017430024938,1,9,0,7,0,1,0,0,0,0,0,1,6,1,27,6,1686,2,7,3,1,3
2017430024938,2,2,0,18,2,1,0,0,0,0,4,1,6,1,26,6,108,1,5,3,1,3
2017430024958,1,9,0,18,0,8,0,0,7,4,1,1,6,1,23,5,1229,1,8,-1,-1,-1
2017430024958,2,9,0,18,0,8,0,0,0,0,3,1,6,1,47,8,1598,1,14,3,1,3
2017430024997,1,9,0,18,0,0,0,0,0,0,4,1,6,3,-1,-1,-1,-1,-1,-1,-1,-1
2017430025020,1,19,0,18,0,8,0,0,0,0,1,1,6,1,24,5,2402,2,13,10,1,10
2017430025020,2,9,0,10,0,8,0,0,0,0,1,1,6,2,38,7,-1,-1,-1,6,1,6
2017430025020,3,21,0,3,0,8,0,0,0,0,2,1,1,1,37,7,6370,2,6,3,1,3
2017430025024,1,9,0,18,0,3,0,0,0,0,3,1,6,1,21,5,1360,1,5,10,1,10
2017430025025,1,9,0,4,0,0,1,0,0,6,1,1,6,2,27,6,1598,1,16,10,1,10
2017430025025,2,9,0,4,0,0,0,0,0,0,1,1,6,1,22,5,1968,2,11,-1,1,-1
2017430025025,3,9,0,4,0,0,0,0,0,0,2,1,2,1,47,8,2979,1,4,-1,-1,-1
2017430025062,1,9,0,18,0,0,0,0,7,10,3,1,6,1,-1,-1,1498,1,10,-1,-1,-1
2017430025062,2,19,0,3,0,0,0,0,0,0,3,1,6,2,24,5,1560,2,7,10,1,10
2017430025107,1,9,0,13,0,0,0,0,0,0,3,1,6,1,30,6,2521,1,10,6,1,6
2017430025107,2,5,0,4,0,0,0,0,0,0,1,1,6,1,45,7,-1,-1,-1,9,1,9
2017430025122,1,1,0,18,0,1,0,0,0,0,1,1,6,1,52,8,-1,-1,-1,8,1,8
2017430025122,2,1,0,18,0,1,1,0,0,0,1,1,6,2,53,8,-1,-1,-1,8,1,8
2017430025147,1,9,0,18,0,2,1,0,0,0,1,1,1,1,35,6,2231,2,6,2,1,2
2017430025155,1,9,0,18,0,0,0,0,0,0,1,1,6,1,25,5,1995,1,6,4,1,4
2017430025185,1,1,0,18,0,6,0,0,0,0,1,1,6,1,18,4,-1,-1,-1,-1,-1,-1
2017430025185,2,9,0,7,0,8,0,0,0,0,4,1,6,2,47,8,1398,1,6,7,1,7
2017430025208,1,19,0,17,0,0,2,0,8,4,1,1,6,1,30,6,1968,2,7,5,1,5
2017430025283,1,9,0,18,0,0,0,0,0,0,3,1,6,2,57,9,1388,1,11,10,1,10
2017430025283,2,19,0,18,0,0,0,0,0,0,3,1,1,1,57,9,2198,2,1,5,1,5
2017430025303,1,9,0,7,0,6,0,0,0,0,1,1,6,2,35,6,-1,-1,-1,-1,-1,-1
2017430025303,2,1,0,18,0,2,0,0,0,0,2,1,1,2,29,6,-1,-1,-1,10,1,10
2017430025574,1,9,0,18,0,8,0,0,0,0,1,1,1,2,50,8,1422,2,2,5,1,5
2017430025574,2,9,0,18,0,8,0,0,0,0,1,1,6,1,47,8,-1,-1,-1,6,2,6
2017430025648,1,9,0,18,0,3,1,0,1,7,1,1,6,2,30,6,1595,1,8,6,1,6
2017430025740,1,9,0,7,0,6,0,0,0,0,3,1,6,2,42,7,999,1,3,6,1,6
2017430025740,2,1,0,18,0,8,0,0,0,0,1,1,6,2,54,8,-1,-1,-1,8,3,8
2017430025763,1,9,0,18,0,6,0,0,3,11,1,1,6,3,-1,-1,1995,2,9,-1,-1,-1
2017430025763,2,9,0,18,0,8,0,0,0,0,1,1,6,2,29,6,-1,-1,-1,10,1,10
2017430025996,1,9,0,13,0,0,0,0,0,0,4,1,6,3,-1,-1,-1,-1,-1,-1,-1,-1
2017430025996,2,1,0,18,0,0,0,0,0,0,3,1,6,1,33,6,-1,-1,-1,8,1,8
2017430026074,1,21,0,17,0,1,1,4,0,0,1,1,1,1,49,8,2998,2,6,6,3,6
2017430026074,2,98,0,2,0,2,0,0,0,0,3,1,6,3,-1,-1,-1,-1,-1,-1,-1,-1
2017430026075,1,9,0,1,0,8,0,0,1,10,2,1,6,1,28,6,1998,1,21,10,1,10
2017430026084,1,9,0,18,0,0,0,0,0,0,1,1,2,2,23,5,1360,1,10,4,1,4
2017430026084,2,9,0,4,0,0,0,0,0,0,2,1,2,2,22,5,1598,1,2,6,1,6
2017430026085,1,9,0,9,0,6,0,0,0,0,1,1,6,1,-1,-1,-1,-1,-1,-1,-1,-1
2017430026085,2,1,0,18,0,8,0,0,0,0,3,1,6,1,22,5,-1,-1,-1,6,1,6
2017430026092,1,9,0,7,0,6,0,0,0,0,0,1,6,1,-1,-1,1998,1,19,5,1,5
2017430026092,2,3,0,18,0,8,0,0,0,0,3,1,2,1,30,6,124,1,6,4,1,4
2017430026094,1,9,0,18,0,0,0,0,0,0,1,1,1,1,69,10,1392,1,18,9,3,9
2017430026095,1,19,0,18,0,1,0,0,0,0,3,1,1,1,44,7,2999,2,4,2,1,2
2017430026095,2,9,0,18,0,8,0,0,0,0,4,1,6,1,50,8,1339,1,9,-1,2,-1
2017430026106,1,9,0,12,0,1,0,0,0,0,1,1,6,2,21,5,1242,1,7,2,1,2
2017430026106,2,9,0,10,0,1,0,0,0,0,2,1,6,2,27,6,1896,2,11,-1,-1,-1
2017430026119,1,1,0,5,0,1,0,0,0,0,1,1,6,1,-1,-1,-1,-1,-1,-1,-1,-1
2017430026119,2,9,0,18,0,1,0,0,0,0,4,1,6,2,56,9,2953,2,14,9,3,9
2017430026131,1,9,0,5,0,0,0,0,0,0,3,1,6,1,30,6,-1,-1,-1,-1,-1,-1
2017430026131,2,19,0,18,0,0,1,0,0,0,4,1,6,1,45,7,1968,2,1,3,1,3
2017430026133,1,9,0,3,0,0,0,0,0,0,2,1,2,1,55,8,2982,2,16,9,1,9
2017430026133,2,9,0,18,0,0,0,0,0,0,1,1,2,1,29,6,1390,1,6,8,1,8
2017430026133,3,9,0,18,0,0,0,0,0,0,1,1,2,1,57,9,2967,1,18,10,1,10
2017430026139,1,3,0,18,0,0,0,0,0,0,1,1,1,2,21,5,125,1,2,6,1,6
2017430026139,2,9,0,18,0,0,0,0,0,0,2,1,1,1,26,6,998,1,21,-1,-1,-1
2017430026142,1,9,0,18,0,2,0,0,0,0,1,1,6,1,27,6,-1,-1,-1,-1,-1,-1
2017430026149,1,3,0,18,0,0,1,0,0,0,1,1,1,1,18,4,108,1,3,8,3,8
2017430026160,1,9,0,18,0,0,0,0,0,0,3,1,6,1,25,5,998,1,2,8,1,8
2017430026160,2,1,0,18,0,0,0,0,0,0,4,1,2,2,24,5,-1,-1,-1,6,1,6
2017430026165,1,9,0,18,0,4,0,0,0,0,3,1,6,2,35,6,1995,2,4,-1,-1,-1
2017430026165,2,9,2,18,0,8,0,0,0,0,4,1,6,2,35,6,1388,1,14,10,1,10
2017430026176,1,9,0,18,0,2,2,10,0,0,1,1,6,1,69,10,1329,1,7,10,1,10
2017430026176,2,9,0,18,0,2,1,0,0,0,1,1,6,1,53,8,1364,1,13,9,2,9
2017430026211,1,9,0,1,0,1,0,0,1,11,2,1,6,1,88,11,1329,1,7,10,1,10
2017430026222,1,9,0,4,0,0,0,0,0,0,1,1,1,1,24,5,1560,2,4,9,1,9
2017430026222,2,9,0,4,0,0,0,0,0,0,2,1,2,2,45,7,1461,2,7,9,3,9
2017430026224,1,9,0,9,0,6,0,0,0,0,1,1,1,2,37,7,1390,1,5,5,1,5
2017430026224,2,9,0,18,0,1,0,0,0,0,4,1,3,1,42,7,1910,2,9,1,1,1
2017430026228,1,21,1,12,0,0,0,0,0,0,3,1,1,1,39,7,-1,-1,-1,-1,-1,-1
2017430026228,2,9,0,18,0,0,0,0,0,0,4,1,1,1,25,5,1598,2,5,4,1,4
2017430026235,1,9,0,11,0,0,0,0,0,0,4,1,6,1,47,8,1461,2,10,3,1,3
2017430026235,2,9,0,11,0,0,2,0,2,7,3,1,6,1,20,4,1984,1,9,7,3,7
2017430026235,3,9,0,18,0,0,0,0,0,6,4,1,6,2,52,8,2179,2,5,7,1,7
2017430026235,4,9,0,18,0,0,0,0,0,0,1,1,6,1,41,7,2987,2,7,8,3,8
2017430026277,1,9,0,7,0,5,0,0,0,0,1,1,1,2,28,6,1956,2,5,5,1,5
2017430026277,2,1,0,18,0,6,0,0,0,0,1,1,2,1,36,7,-1,-1,-1,3,1,3
2017430026334,1,9,0,7,0,4,2,0,5,1,1,1,6,1,18,4,1229,1,11,10,1,10
2017430026447,1,19,0,9,0,6,0,0,0,0,0,1,6,3,-1,-1,-1,-1,-1,-1,-1,-1
2017430026447,2,3,0,18,0,1,0,0,0,0,3,1,1,2,22,5,-1,-1,-1,7,1,7
2017430026469,1,9,0,9,0,6,0,0,0,0,1,1,2,1,29,6,1900,2,12,10,1,10
2017430026469,2,9,0,18,0,8,1,0,0,0,1,1,2,1,39,7,1968,2,2,7,1,7
2017430026576,1,9,0,18,0,1,0,0,0,0,1,1,6,2,-1,-1,-1,-1,-1,-1,-1,-1