Accident_Index,Vehicle_Reference,Vehicle_Type,Towing_and_Articulation,Vehicle_Manoeuvre,Vehicle_Location-Restricted_Lane,Junction_Location,Skidding_and_Overturning,Hit_Object_in_Carriageway,Vehicle_Leaving_Carriageway,Hit_Object_off_Carriageway,1st_Point_of_Impact,Was_Vehicle_Left_Hand_Drive?,Journey_Purpose_of_Driver,Sex_of_Driver,Age_of_Driver,Age_Band_of_Driver,Engine_Capacity_(CC),Propulsion_Code,Age_of_Vehicle,Driver_IMD_Decile,Driver_Home_Area_Type,Vehicle_IMD_Decile
2017430062763,1,3,0,17,0,0,0,0,0,0,1,1,6,1,18,4,124,1,6,10,1,10
2017430062763,2,9,0,16,0,0,0,0,0,0,1,1,6,1,48,8,1598,2,2,9,1,9
2017430062772,1,9,0,18,0,1,2,0,3,11,1,1,6,1,18,4,1390,1,14,4,1,4
2017430062818,1,9,0,9,0,5,0,0,0,0,4,1,2,1,29,6,1229,1,8,7,1,7
2017430062818,2,9,0,18,0,8,0,0,0,0,1,1,2,1,56,9,1956,2,3,8,1,8
2017430062819,1,9,0,18,0,1,0,0,0,0,1,1,1,2,35,6,1498,1,6,8,1,8
2017430062819,2,9,0,8,0,1,0,0,1,0,2,1,1,1,60,9,-1,-1,-1,-1,-1,-1
2017430062831,1,9,0,9,0,6,0,0,0,0,1,1,6,2,-1,-1,998,1,17,4,1,4
2017430062831,2,9,0,18,0,8,0,0,0,0,3,1,6,2,24,5,1198,1,7,7,3,7
2017430062844,1,1,0,18,0,0,0,0,0,0,1,1,6,1,47,8,-1,-1,-1,5,1,5
2017430062844,2,9,0,18,0,0,0,0,0,0,1,1,6,2,18,4,1124,1,13,8,1,8
2017430062880,1,9,0,18,0,1,0,0,0,0,1,1,2,1,67,10,2179,2,10,4,1,4
2017430062880,2,9,0,4,0,1,0,0,0,0,2,1,2,1,39,7,1753,2,10,10,1,10
2017430062881,1,9,0,18,0,8,0,0,0,0,1,1,6,1,42,7,1560,2,8,3,1,3
2017430062881,2,9,0,18,0,8,0,0,0,0,1,1,1,1,76,11,1598,2,3,9,3,9
2017430062904,1,9,0,18,0,1,0,0,0,0,1,1,2,2,25,5,1997,2,10,6,3,6
2017430062904,2,9,0,3,0,1,0,0,0,0,2,1,2,1,40,7,1999,1,6,6,3,6
2017430062904,3,9,0,3,0,1,0,0,0,0,2,1,2,2,37,7,1598,1,4,7,2,7
2017430062911,1,9,0,9,0,6,0,0,0,0,3,1,6,2,20,4,1149,1,12,10,3,10
2017430062911,2,9,0,18,0,8,0,0,0,0,1,1,6,1,49,8,1598,1,4,3,1,3
2017430062915,1,9,0,18,0,0,2,0,0,0,1,1,6,2,26,6,1149,1,12,9,1,9
2017430062915,2,19,0,4,0,0,0,0,0,0,2,1,1,1,45,7,2143,2,3,4,1,4
2017430062915,3,19,0,4,0,0,0,0,0,0,2,1,1,1,31,6,-1,-1,-1,7,1,7
2017430062917,1,9,0,18,0,0,0,0,7,4,3,1,6,2,50,8,-1,-1,-1,10,3,10
2017430062917,2,9,0,18,0,0,0,0,0,0,3,1,6,2,29,6,999,1,2,10,2,10
2017430062974,1,8,0,18,0,0,0,0,0,0,3,1,1,1,40,7,1998,2,7,1,1,1
2017430063003,1,9,0,18,0,0,0,0,0,0,1,1,6,1,35,6,-1,-1,-1,8,1,8
2017430063003,2,1,0,18,0,0,0,0,0,0,4,1,6,2,20,4,-1,-1,-1,6,1,6
2017430063010,1,9,0,9,0,5,0,0,0,0,4,1,2,2,22,5,1595,1,1,-1,-1,-1
2017430063010,2,3,0,18,0,1,0,0,0,0,1,1,6,1,38,7,124,1,17,4,1,4
2017430063020,1,9,0,7,0,1,0,0,0,0,1,1,3,2,36,7,1299,1,16,3,1,3
2017430063020,2,9,0,18,0,2,0,0,0,0,1,1,6,1,24,5,1598,1,10,2,1,2
2017430063020,3,9,0,2,0,2,0,0,0,0,2,1,6,1,23,5,-1,-1,-1,3,1,3
2017430063057,1,9,0,18,0,0,0,0,0,0,4,1,6,2,56,9,1596,1,11,2,1,2
2017430063057,2,21,1,18,0,0,0,0,0,0,1,1,1,1,32,6,-1,-1,-1,-1,-1,-1
2017430063068,1,1,0,18,0,1,0,0,0,0,1,1,6,1,-1,-1,-1,-1,-1,-1,-1,-1
2017430063115,1,1,0,18,0,0,0,0,0,0,1,1,6,2,39,7,-1,-1,-1,-1,-1,-1
2017430063158,1,9,0,9,0,8,0,0,0,0,2,1,6,1,75,10,1364,1,2,6,3,6
2017430063158,2,9,0,18,0,8,0,0,0,0,1,1,6,1,38,7,3246,1,15,9,1,9
2017430063158,3,9,0,18,0,1,0,0,0,0,1,1,6,1,65,9,1598,2,6,7,1,7
2017430063158,4,9,0,3,0,1,0,0,0,0,3,1,6,1,41,7,1498,1,17,-1,-1,-1
2017430063161,1,9,0,18,0,6,0,0,0,0,1,1,1,1,47,8,1896,2,17,2,1,2
2017430063161,2,9,0,18,0,8,0,0,0,0,3,1,6,1,23,5,-1,-1,-1,10,1,10
2017430063326,1,9,0,18,0,1,0,0,0,0,1,1,6,2,35,6,1991,2,12,4,1,4
2017430063326,2,9,0,3,0,1,0,0,0,0,2,1,6,1,67,10,1598,2,7,9,3,9
2017430063410,1,9,0,7,0,6,0,0,0,0,1,1,6,1,-1,-1,1997,2,2,3,1,3
2017430063410,2,1,0,18,0,8,0,0,0,0,1,1,4,1,17,4,-1,-1,-1,3,1,3
2017430063487,1,9,0,18,0,0,0,0,0,0,1,1,6,2,-1,-1,1956,2,5,-1,-1,-1
2017430063487,2,9,0,18,0,0,0,0,0,0,2,1,1,1,44,7,2143,2,3,3,1,3
2017430063533,1,9,0,4,0,1,0,0,0,0,1,1,6,1,35,6,4172,1,15,9,1,9
2017430063533,2,2,0,4,0,1,0,0,0,0,2,1,6,1,17,4,50,1,1,4,1,4
2017430063993,1,9,0,18,0,0,0,0,0,0,1,1,2,2,40,7,1596,1,12,7,1,7
2017430063993,2,9,0,4,0,0,0,0,0,0,2,1,2,1,53,8,1968,2,1,9,1,9
2017430063993,3,9,0,4,0,0,0,0,0,0,2,1,2,1,-1,-1,1956,2,4,9,1,9
2017430063993,4,9,0,4,0,0,0,0,0,0,2,1,2,1,19,4,-1,-1,-1,10,1,10
2017430064041,1,9,0,18,0,0,0,0,0,0,4,1,6,1,36,7,1769,1,15,3,1,3
2017430065417,1,9,0,18,0,0,0,0,0,0,1,1,6,1,37,7,1796,1,3,5,1,5
2017430065417,2,9,0,18,0,0,0,0,0,0,4,1,6,1,51,8,1397,1,9,-1,-1,-1
2017430065417,3,9,0,18,0,0,0,0,0,0,3,1,6,1,30,6,1998,2,13,-1,-1,-1
2017430065417,4,9,0,18,0,0,0,0,0,0,4,1,6,1,50,8,-1,-1,-1,-1,-1,-1
2017430065420,1,19,0,18,0,0,0,0,0,0,1,1,1,1,58,9,1461,2,4,2,1,2
2017430065420,2,21,1,11,0,0,0,0,0,0,2,1,1,1,55,8,12900,2,5,3,1,3
2017430065432,1,9,0,1,0,0,0,0,0,0,2,1,6,2,60,9,1596,1,3,-1,-1,-1
2017430065432,2,9,0,18,0,0,0,0,0,0,1,1,6,2,47,8,1910,2,9,8,1,8
2017430065442,1,19,0,18,0,0,0,0,0,0,1,1,6,1,25,5,-1,-1,-1,-1,-1,-1
2017430065442,2,8,0,18,0,0,0,0,0,0,2,1,6,1,26,6,2143,2,7,6,1,6
2017430065442,3,9,0,18,0,0,0,0,0,0,2,1,6,1,40,7,2143,2,4,-1,-1,-1
2017430065452,1,9,0,18,0,0,1,0,4,0,4,1,2,1,30,6,2891,1,1,8,1,8
2017430065452,2,21,0,18,0,0,0,0,0,0,1,1,1,1,72,10,12809,2,4,8,3,8
2017430065469,1,9,0,12,0,1,0,0,0,0,4,1,6,1,50,8,1896,2,14,3,1,3
2017430065469,2,1,0,18,0,1,0,0,0,0,3,1,6,1,40,7,-1,-1,-1,3,1,3
2017430065478,1,9,0,4,0,4,0,0,0,0,1,1,1,1,25,5,1968,2,1,10,1,10
2017430065478,2,9,0,4,0,4,0,0,0,0,2,1,6,1,38,7,2792,1,5,7,3,7
2017430065500,1,9,0,18,0,0,0,0,0,0,4,1,6,1,61,9,-1,-1,-1,7,3,7
2017430065548,1,8,0,9,0,6,0,0,0,0,1,1,1,1,40,7,1395,1,2,10,1,10
2017430065639,1,2,0,18,0,0,0,0,1,10,1,1,2,1,17,4,49,1,2,9,2,9
2017430065822,1,9,0,16,0,0,0,0,0,0,1,1,6,1,24,5,1796,1,14,9,3,9
2017430065822,2,9,0,17,0,0,0,0,0,0,1,1,3,2,42,7,1968,2,7,9,3,9
2017430066049,1,9,0,18,0,2,0,0,0,0,3,1,6,1,61,9,1298,1,11,7,1,7
2017430066049,2,9,0,18,0,1,0,0,0,0,3,1,6,2,62,9,1364,1,8,9,1,9
2017430066049,3,9,0,18,0,1,0,0,0,0,1,1,6,2,63,9,3200,2,7,6,3,6
2017430066281,1,19,0,18,0,8,0,0,0,0,4,1,1,1,33,6,2143,2,1,8,1,8
2017430066281,2,1,0,18,0,8,0,0,0,0,1,1,6,1,23,5,-1,-1,-1,6,1,6
2017430066682,1,19,0,17,0,1,0,0,0,0,1,1,1,1,30,6,2464,2,10,7,1,7
2017430066682,2,9,0,16,0,1,0,0,0,0,1,1,6,2,68,10,1246,1,13,9,2,9
2017430066694,1,9,0,18,0,0,0,0,0,0,0,1,6,3,-1,-1,-1,-1,-1,-1,-1,-1
2017430066694,2,9,0,18,0,0,2,0,1,4,0,1,6,1,56,9,2926,2,12,1,1,1
2017430066710,1,9,0,9,0,6,0,0,0,0,1,1,2,1,47,8,-1,-1,-1,9,3,9
2017430066710,2,3,0,18,0,1,1,0,7,0,3,1,2,1,29,6,125,1,5,8,3,8
2017430066745,1,9,0,18,0,1,0,0,0,0,1,1,6,3,-1,-1,-1,-1,-1,-1,-1,-1
2017430066745,2,3,0,18,0,1,0,0,0,0,2,1,6,1,30,6,124,1,3,6,1,6
2017430066759,1,9,0,1,0,1,0,0,0,0,2,1,6,1,40,7,2987,2,1,-1,-1,-1
2017430066764,1,9,0,18,0,0,0,0,7,4,1,1,6,1,18,4,1229,1,12,10,1,10
2017430066764,2,9,0,18,0,0,0,0,0,0,1,1,6,1,53,8,1242,1,7,5,1,5
2017430066838,1,9,0,18,0,0,0,0,0,0,1,1,6,1,34,6,1200,1,-1,4,1,4
2017430066838,2,9,0,18,0,0,0,0,5,6,2,1,6,1,25,5,2996,1,5,5,2,5
2017430066841,1,9,0,9,0,6,0,0,0,0,1,1,6,1,20,4,998,1,2,4,1,4
2017430066841,2,3,0,18,0,1,0,0,0,0,4,1,6,1,68,10,124,1,5,1,1,1
2017430067048,1,9,0,16,0,0,2,0,1,0,1,1,6,2,23,5,1149,1,11,7,1,7
2017430067748,1,9,0,18,0,0,0,0,0,0,1,1,6,1,30,6,1596,1,14,-1,-1,-1
2017430067748,2,8,0,18,0,0,0,0,0,0,1,1,1,1,46,8,1798,8,2,-1,-1,-1
2017430067860,1,9,0,18,0,0,0,0,0,0,1,1,6,1,-1,-1,1896,2,19,-1,-1,-1
2017430067901,1,19,0,1,0,1,0,0,0,0,2,1,6,1,45,7,2198,2,4,-1,-1,-1
2017430067930,1,9,0,11,0,0,0,0,1,7,4,1,6,1,45,7,1124,1,11,-1,1,-1
2017430067930,2,21,1,18,0,0,0,0,0,0,3,1,1,1,55,8,12419,2,2,9,2,9
2017430068024,1,9,0,9,0,1,0,0,0,0,4,1,6,1,55,8,1984,2,7,6,2,6
2017430068024,2,1,0,18,0,1,0,0,0,0,1,1,6,2,27,6,-1,-1,-1,9,1,9
2017430068035,1,19,0,9,0,8,0,0,0,0,1,1,2,1,26,6,1995,2,4,4,1,4
2017430068035,2,9,0,18,0,8,0,0,0,0,4,1,6,1,48,8,-1,-1,-1,3,1,3
2017430068116,1,9,0,18,0,0,0,0,7,4,1,1,6,2,31,6,1968,2,3,10,1,10
2017430068145,1,19,0,18,0,4,0,0,0,0,1,1,1,1,43,7,2198,2,2,3,1,3
2017430068145,2,9,0,18,0,2,0,0,0,0,1,1,1,1,54,8,1910,2,8,3,1,3
2017430068181,1,9,0,18,0,0,0,0,0,0,1,1,2,2,33,6,1198,1,10,3,1,3
2017430068181,2,9,0,4,0,0,0,0,0,0,2,1,6,2,19,4,1198,1,11,10,2,10
2017430068241,1,9,0,18,0,0,0,0,4,6,1,1,6,2,82,11,1596,1,11,5,3,5
2017430068253,1,9,0,12,0,0,0,0,0,7,3,1,2,2,24,5,-1,-1,-1,9,1,9
2017430068253,2,9,0,18,0,0,0,0,0,0,4,1,2,2,38,7,1968,2,7,5,1,5
2017430068328,1,9,0,9,0,5,0,0,3,11,3,1,6,1,89,11,1596,1,16,7,1,7
2017430068328,2,9,0,18,0,1,0,0,0,0,1,1,6,1,49,8,2179,2,3,7,1,7
2017430068390,1,9,0,18,0,0,0,0,0,0,3,1,3,2,54,8,2099,1,14,4,1,4
2017430068501,1,9,0,9,0,5,0,0,0,0,4,1,6,1,39,7,1991,1,2,8,1,8
2017430068557,1,9,0,9,0,2,0,0,0,0,1,1,6,1,53,8,2987,2,1,-1,-1,-1
2017430068557,2,1,0,4,0,1,0,0,0,0,4,1,2,2,44,7,-1,-1,-1,-1,-1,-1
2017430069101,1,9,0,9,0,5,0,0,7,0,1,1,2,2,27,6,1390,1,7,5,2,5
2017430069101,2,5,0,13,0,8,0,0,7,0,4,1,2,1,52,8,645,1,13,9,2,9
2017430069102,1,9,0,5,0,2,0,0,0,0,1,1,6,2,-1,-1,1390,1,10,3,1,3
2017430069103,1,9,0,9,0,5,0,0,0,0,3,1,2,2,37,7,1199,1,16,3,1,3
2017430069103,2,8,0,18,0,8,0,0,0,0,1,1,1,1,49,8,2499,2,9,10,1,10
2017430069103,3,9,0,10,0,1,0,0,0,0,1,1,2,2,54,8,1198,1,10,7,1,7
2017430069112,1,8,0,5,0,0,0,0,0,0,4,1,1,1,-1,-1,1995,2,4,-1,-1,-1
2017430069143,1,5,0,14,0,6,0,0,0,0,1,1,2,1,53,8,897,1,8,7,3,7
2017430069143,2,9,0,9,0,8,0,0,0,0,1,1,2,1,26,6,1956,2,7,9,2,9
2017430069143,3,9,0,3,0,1,0,0,0,0,0,1,6,3,-1,-1,-1,-1,-1,-1,-1,-1
2017430069152,1,9,0,18,0,1,1,0,0,0,1,1,2,2,47,8,1461,2,5,8,3,8
2017430069152,2,9,0,3,0,1,0,0,0,0,2,1,6,1,54,8,2993,2,2,9,3,9
2017430069152,3,9,0,10,0,1,0,0,0,0,0,1,6,3,-1,-1,-1,-1,-1,-1,-1,-1
2017430069155,1,9,0,18,0,3,2,0,1,4,1,1,1,1,21,5,1995,1,12,8,1,8
2017430069174,1,9,0,18,0,1,5,0,1,4,1,1,6,1,44,7,1998,2,11,9,2,9
2017430069203,1,9,0,9,0,2,0,0,0,0,1,1,1,1,41,7,-1,-1,-1,6,1,6
2017430069203,2,4,0,10,0,1,0,0,0,0,1,1,1,1,25,5,124,1,5,4,1,4
2017430069241,1,9,0,17,0,0,2,0,1,9,1,1,6,1,21,5,1598,1,11,5,2,5
2017430069316,1,9,0,18,0,6,0,0,0,0,1,1,2,2,19,4,998,1,17,4,1,4
2017430069316,2,9,0,18,0,8,2,0,0,0,1,1,6,1,52,8,1896,2,14,9,2,9
2017430069371,1,9,0,1,0,1,0,0,0,0,2,1,6,1,-1,-1,-1,-1,-1,-1,-1,-1
2017430069371,2,9,0,8,0,1,0,0,0,0,1,1,6,1,25,5,2979,1,15,4,1,4
2017430069399,1,9,0,13,0,0,0,0,0,0,0,1,6,1,50,8,-1,-1,-1,-1,-1,-1
2017430069399,2,1,0,18,0,0,0,0,0,0,0,1,6,1,36,7,-1,-1,-1,9,3,9
2017430069401,1,9,0,5,0,0,0,0,0,0,3,1,6,1,-1,-1,2993,2,3,-1,-1,-1
2017430069401,2,1,0,14,0,0,0,0,0,0,2,1,2,1,29,6,-1,-1,-1,8,3,8
2017430069443,1,97,0,7,2,1,0,0,0,0,0,1,6,1,-1,-1,-1,-1,-1,-1,-1,-1
2017430069443,2,11,0,4,2,1,0,0,0,0,0,1,1,2,49,8,5132,2,1,10,1,10
2017430069458,1,9,0,18,0,0,0,0,0,0,1,1,6,2,55,8,1999,1,9,2,1,2
2017430069458,2,9,0,4,0,0,0,0,0,0,2,1,6,2,29,6,2987,2,2,4,1,4
2017430069708,1,19,0,7,0,6,0,0,0,0,3,1,6,2,30,6,1995,2,6,8,3,8
2017430069708,2,9,0,18,0,8,0,0,0,0,1,1,6,1,37,7,1968,2,1,10,3,10
2017430069782,1,9,0,5,0,1,0,0,0,0,1,1,6,1,39,7,2000,2,6,7,1,7
2017430069782,2,9,0,3,0,1,0,0,0,0,2,1,6,1,33,6,1229,1,4,4,1,4
2017430069828,1,9,0,17,0,0,1,0,0,0,1,1,6,1,33,6,1360,1,16,2,1,2
2017430069828,2,9,0,16,0,0,0,0,0,0,3,1,6,1,62,9,1896,2,13,3,1,3
2017430069828,3,19,0,16,0,0,0,0,0,0,3,1,6,1,49,8,-1,-1,-1,2,1,2
2017430069865,1,9,0,7,0,4,0,0,0,0,3,1,6,2,80,11,998,1,5,10,1,10
2017430069865,2,1,0,18,0,8,0,0,0,0,1,1,2,1,23,5,-1,-1,-1,10,1,10
2017430069946,1,1,0,18,0,1,0,0,0,0,3,1,4,1,16,4,-1,-1,-1,5,1,5
2017430069946,2,1,0,18,2,1,0,0,0,0,1,1,2,1,42,7,-1,-1,-1,9,1,9
2017430069946,3,9,0,3,0,1,0,0,0,0,2,1,3,2,46,8,1600,1,13,10,1,10
2017430070206,1,19,0,16,0,0,0,0,0,0,4,1,6,1,37,7,2198,2,6,7,1,7
2017430070206,2,9,0,17,0,0,0,0,0,0,1,1,6,2,74,10,3200,2,9,8,3,8
2017430070293,1,9,0,18,0,0,0,0,0,0,4,1,1,2,52,8,1390,1,4,-1,-1,-1
2017430070300,1,19,0,18,0,0,0,0,0,0,1,1,2,1,19,4,1598,2,3,9,3,9
2017430070300,2,21,2,18,0,0,0,0,0,0,2,1,1,1,48,8,-1,-1,-1,-1,-1,-1
2017430070313,1,9,0,10,0,5,0,0,0,0,1,1,3,1,49,8,2231,2,2,9,1,9
2017430070313,2,9,0,18,0,8,0,0,0,0,1,1,1,1,21,5,2000,1,8,10,3,10
2017430070317,1,9,0,9,0,8,0,0,0,0,1,1,6,3,-1,-1,-1,-1,-1,-1,-1,-1
2017430070317,2,1,0,18,0,8,0,0,0,0,1,1,4,1,12,3,-1,-1,-1,6,1,6
2017430070382,1,9,0,18,0,0,0,4,0,0,1,1,2,1,34,6,1595,1,11,10,1,10
2017430070382,2,9,0,2,0,0,0,0,0,0,2,1,6,1,35,6,1995,2,5,10,1,10
2017430070403,1,9,0,9,0,6,0,0,3,4,3,1,2,2,37,7,998,1,7,4,1,4
2017430070403,2,9,0,18,0,8,0,0,0,0,1,1,2,1,35,6,2521,1,7,9,1,9
2017430070434,1,9,0,6,0,2,0,0,7,10,1,1,6,2,36,7,1796,1,13,7,1,7
2017430070436,1,9,0,3,0,0,0,0,0,0,1,1,6,1,-1,-1,-1,-1,-1,-1,-1,-1
2017430070436,2,9,0,3,0,0,0,0,0,0,2,1,2,1,21,5,1328,1,4,4,1,4
2017430070442,1,9,0,9,0,6,1,0,0,0,1,1,2,1,25,5,1388,1,9,10,1,10
2017430070442,2,9,0,18,0,1,0,0,1,5,3,1,2,2,50,8,1896,2,16,8,1,8
2017430070457,1,9,0,9,0,6,0,0,0,0,3,1,6,1,36,7,1560,2,5,6,1,6
2017430070457,2,3,0,18,0,1,0,0,0,0,1,1,6,1,18,4,124,1,1,7,2,7
2017430070507,1,9,0,4,0,0,0,0,0,0,1,1,6,1,55,8,1956,2,2,8,3,8
2017430070507,2,9,0,4,0,0,0,0,0,0,2,1,6,1,64,9,1956,2,4,3,1,3
2017430070507,3,9,0,18,0,0,5,0,0,0,1,1,6,2,28,6,1206,1,6,8,1,8
2017430070507,4,9,0,18,0,0,0,0,0,0,1,1,6,2,20,4,1390,1,10,6,2,6
2017430070513,1,9,0,13,0,0,0,0,0,0,4,1,6,1,-1,-1,-1,-1,-1,-1,-1,-1
2017430070513,2,1,0,18,0,0,0,0,0,0,3,1,6,2,34,6,-1,-1,-1,9,1,9
2017430070589,1,9,0,9,0,5,0,0,0,0,1,1,6,2,45,7,998,1,11,4,1,4
2017430070589,2,9,0,3,0,8,0,0,0,0,3,1,6,2,48,8,1242,1,1,9,1,9
2017430070824,1,9,0,16,0,0,1,10,1,4,1,1,6,1,17,4,1248,2,6,3,1,3
2017430071561,1,9,0,18,0,0,0,4,0,9,0,1,2,1,32,6,2143,2,5,10,1,10
2017430071561,2,21,0,2,6,0,0,0,0,0,0,1,1,1,29,6,10518,2,8,8,3,8
2017430071617,1,9,0,7,0,6,0,0,0,0,1,1,6,3,-1,-1,2495,1,14,-1,-1,-1
2017430071617,2,9,0,18,0,8,0,0,0,0,1,1,6,1,55,8,2400,2,5,10,2,10
2017430073175,1,9,0,18,0,0,0,4,0,0,1,1,6,2,42,7,999,1,1,8,3,8
2017430073175,2,9,0,2,0,0,0,0,0,0,1,1,6,2,42,7,1968,2,8,9,2,9
2017430073193,1,9,0,18,0,4,0,0,0,0,1,1,6,2,83,11,1124,1,14,2,1,2
2017430073193,2,9,0,9,0,8,0,0,0,0,4,1,2,1,24,5,1896,2,8,2,1,2
2017430073200,1,9,0,7,0,3,0,0,0,0,4,1,6,1,50,8,1598,2,1,8,1,8
2017430073200,2,1,0,18,0,8,0,0,0,0,1,1,6,1,41,7,-1,-1,-1,10,2,10
2017430073214,1,9,0,13,0,8,0,0,0,0,1,1,6,1,-1,-1,-1,-1,-1,-1,-1,-1
2017430073214,2,9,0,9,0,5,0,0,0,0,1,1,2,2,48,8,-1,-1,-1,10,1,10
2017430073221,1,9,0,9,0,8,0,0,0,0,2,1,6,1,33,6,1242,1,2,4,1,4
2017430073221,2,5,0,18,0,1,0,0,0,0,1,1,6,1,26,6,1200,1,9,-1,-1,-1
2017430073243,1,9,0,13,0,8,0,0,0,0,1,1,6,1,34,6,1995,2,2,5,1,5
2017430073243,2,9,0,9,0,8,0,0,0,0,3,1,6,1,62,9,2995,1,5,10,1,10
2017430073261,1,9,0,18,0,8,0,0,0,0,1,1,6,2,39,7,998,1,12,4,1,4
2017430073261,2,9,0,18,0,8,5,0,0,0,4,1,6,2,45,7,1598,1,12,9,1,9
2017430073290,1,9,0,5,0,4,0,0,0,0,3,1,6,2,56,9,1389,1,19,4,1,4
2017430073290,2,3,0,18,0,8,0,0,0,0,1,1,6,1,24,5,125,1,1,6,1,6
2017430073324,1,2,0,14,0,0,0,0,0,0,1,1,1,1,51,8,49,1,2,4,1,4
2017430073324,2,9,0,3,0,0,0,0,0,0,2,1,6,1,37,7,1124,1,11,3,1,3
2017430073342,1,9,0,13,0,0,5,7,7,9,1,1,2,1,54,8,-1,-1,-1,10,1,10
2017430073342,2,9,0,18,0,0,0,0,0,0,0,1,6,3,-1,-1,-1,-1,-1,-1,-1,-1
2017430073351,1,9,0,18,0,8,0,0,0,0,1,1,2,1,29,6,1339,1,9,8,1,8
2017430073388,1,9,0,18,0,0,0,0,0,0,1,1,6,1,17,4,999,1,4,10,1,10
2017430073388,2,9,0,18,0,0,0,10,0,0,3,1,1,1,55,8,2143,2,2,-1,-1,-1
2017430073391,1,9,0,9,0,5,0,0,0,0,1,1,6,1,31,6,1596,1,5,1,1,1
2017430073391,2,9,0,18,0,1,0,0,0,0,1,1,6,1,26,6,1198,1,9,-1,-1,-1
2017430073403,1,9,0,18,0,8,0,0,0,0,3,1,6,2,26,6,1499,1,1,10,1,10
2017430073406,1,9,0,9,0,6,0,0,0,0,1,1,6,1,17,4,1390,1,16,4,1,4
2017430073406,2,9,0,18,0,1,0,0,0,0,4,1,6,1,29,6,1968,2,2,9,1,9
2017430073455,1,9,0,7,0,6,0,0,0,0,1,1,6,2,-1,-1,-1,-1,-1,-1,-1,-1
2017430073455,2,9,0,14,0,1,0,0,0,0,1,1,6,2,22,5,998,1,3,7,1,7
2017430073455,3,20,0,2,0,1,0,0,0,0,0,1,1,3,-1,-1,-1,-1,-1,-1,-1,-1
2017430073480,1,11,0,5,0,1,0,0,0,0,1,1,1,1,45,7,6370,2,7,6,1,6
2017430073480,2,8,0,3,0,1,0,0,0,0,2,1,1,1,44,7,1896,2,9,2,1,2
2017430073498,1,9,0,7,0,2,0,0,7,11,1,1,6,1,26,6,1997,2,2,7,3,7
2017430073540,1,9,0,7,0,6,0,0,0,0,1,1,6,2,-1,-1,2204,2,7,-1,-1,-1
2017430073540,2,9,0,18,0,8,0,0,0,0,2,1,6,2,31,6,2993,2,5,10,1,10
2017430074420,1,1,0,18,0,0,0,10,0,0,1,1,6,1,58,9,-1,-1,-1,8,1,8
2017430074450,1,9,0,18,0,8,0,0,0,0,1,1,6,1,57,9,1753,2,13,8,2,8
2017430074450,2,9,0,9,0,5,0,0,0,0,2,1,6,2,22,5,-1,-1,-1,8,2,8
2017430074455,1,9,0,18,0,0,1,0,0,0,1,1,1,1,52,8,1798,8,2,10,1,10
2017430074455,2,9,0,3,0,0,0,0,0,0,2,1,6,2,53,8,1984,2,6,-1,-1,-1
2017430074458,1,9,0,13,0,0,0,0,0,0,4,1,6,3,-1,-1,-1,-1,-1,-1,-1,-1
2017430074458,2,1,0,18,0,0,0,0,0,0,3,1,2,1,33,6,-1,-1,-1,-1,-1,-1
2017430074465,1,19,0,18,0,8,0,0,0,0,0,1,1,1,26,6,1753,2,11,2,1,2
2017430074465,2,9,0,18,0,8,0,11,0,0,1,1,6,1,50,8,1796,1,9,5,1,5
2017430074465,3,9,0,3,0,8,0,0,0,0,2,1,6,2,23,5,1499,1,1,6,1,6
2017430074469,1,9,0,9,0,6,0,0,0,0,1,1,6,1,36,7,2967,1,16,7,1,7
2017430074469,2,9,0,18,0,8,2,0,1,4,4,1,2,2,31,6,1590,1,6,6,1,6
2017430074493,1,9,0,18,0,3,0,0,0,0,3,1,1,1,49,8,-1,-1,-1,7,1,7
2017430074528,1,9,0,18,0,0,0,0,0,0,3,1,1,1,40,7,1797,8,7,6,1,6
2017430074544,1,19,0,6,0,8,0,0,0,0,1,1,1,1,34,6,-1,-1,-1,-1,-1,-1
2017430074544,2,9,0,18,0,8,0,0,0,0,1,1,6,2,21,5,1995,2,15,8,1,8
2017430074630,1,9,0,18,0,0,0,0,0,0,1,1,6,2,57,9,1200,1,1,5,1,5
2017430074651,1,9,0,4,0,0,0,0,0,0,1,1,2,2,56,9,1124,1,13,10,2,10
2017430074681,1,9,0,7,0,6,0,0,0,0,3,1,6,1,21,5,1753,2,9,3,1,3
2017430074681,2,11,0,18,0,8,0,0,0,0,1,1,1,1,34,6,9000,2,9,5,1,5
2017430075295,1,9,0,4,0,0,2,0,0,0,1,1,6,1,23,5,-1,-1,-1,8,3,8
2017430075295,2,9,0,4,0,0,0,0,0,0,1,1,6,2,61,9,1598,1,9,8,3,8
2017430075295,3,8,0,4,0,0,0,0,1,10,4,1,1,1,22,5,-1,-1,-1,1,1,1
2017430075330,1,9,0,18,0,0,0,0,0,0,1,1,6,1,30,6,-1,-1,-1,-1,-1,-1
2017430075330,2,9,0,18,0,0,0,0,0,0,2,1,6,2,29,6,1596,1,12,4,1,4
2017430075330,3,9,0,18,0,0,0,0,0,0,1,1,6,1,30,6,998,1,6,6,1,6
2017430075330,4,9,0,4,0,0,0,0,0,0,1,1,6,1,24,5,1896,2,9,-1,-1,-1
2017430075330,5,20,0,3,0,0,0,0,0,0,0,1,1,1,-1,-1,-1,-1,-1,-1,-1,-1