Accident_Index,Vehicle_Reference,Vehicle_Type,Towing_and_Articulation,Vehicle_Manoeuvre,Vehicle_Location-Restricted_Lane,Junction_Location,Skidding_and_Overturning,Hit_Object_in_Carriageway,Vehicle_Leaving_Carriageway,Hit_Object_off_Carriageway,1st_Point_of_Impact,Was_Vehicle_Left_Hand_Drive?,Journey_Purpose_of_Driver,Sex_of_Driver,Age_of_Driver,Age_Band_of_Driver,Engine_Capacity_(CC),Propulsion_Code,Age_of_Vehicle,Driver_IMD_Decile,Driver_Home_Area_Type,Vehicle_IMD_Decile
2017430119641,2,9,0,18,0,0,0,0,0,0,2,1,1,1,40,7,-1,-1,-1,9,2,9
2017430119641,3,9,0,3,0,0,0,0,0,0,2,1,6,1,37,7,1422,2,8,-1,-1,-1
2017430119641,4,9,0,3,0,0,0,0,0,0,2,1,6,1,32,6,-1,-1,-1,-1,-1,-1
2017430119751,1,9,0,18,0,0,0,0,0,0,1,1,6,1,50,8,-1,-1,-1,-1,-1,-1
2017430119896,1,9,0,18,0,0,0,0,0,0,1,1,6,1,64,9,998,1,2,10,2,10
2017430120770,1,9,0,18,0,0,0,0,0,0,1,1,6,2,21,5,1390,1,8,9,1,9
2017430120770,2,9,0,4,0,0,0,0,0,0,2,1,6,2,21,5,1686,2,7,9,1,9
2017430120782,1,9,0,18,0,0,0,0,0,0,1,1,6,1,32,6,998,1,4,7,1,7
2017430120782,2,9,0,18,0,0,0,0,0,0,1,1,6,2,67,10,-1,-1,-1,9,1,9
2017430120782,3,9,0,18,0,0,0,0,0,0,1,1,2,1,-1,-1,4367,2,5,-1,-1,-1
2017430120785,1,9,0,18,0,0,0,0,0,0,1,1,6,1,40,7,1796,1,14,8,3,8
2017430120816,1,9,0,18,0,4,0,0,8,7,1,1,6,1,18,4,1598,2,-1,5,1,5
2017430120816,2,9,0,18,0,8,0,0,8,7,3,1,6,2,41,7,1796,1,16,6,2,6
2017430120816,3,9,0,3,0,1,0,0,0,0,4,1,6,2,59,9,1197,1,1,7,3,7
2017430120817,1,9,0,13,0,0,0,0,1,9,1,1,6,1,28,6,4163,1,11,7,3,7
2017430120817,2,9,0,18,0,0,0,0,1,10,1,1,6,1,37,7,-1,-1,-1,7,3,7
2017430120817,3,9,0,18,0,0,0,0,0,0,0,1,6,3,-1,-1,-1,-1,-1,-1,-1,-1
2017430120826,1,9,0,11,0,0,0,0,0,0,1,1,6,1,87,11,-1,-1,-1,-1,-1,-1
2017430120826,2,9,0,3,0,0,0,0,0,0,2,1,6,2,33,6,-1,-1,-1,-1,-1,-1
2017430120826,3,9,0,3,0,0,0,0,0,0,2,1,6,2,42,7,-1,-1,-1,-1,-1,-1
2017430120827,1,9,0,18,0,0,5,0,0,0,1,1,6,2,23,5,1598,1,13,2,1,2
2017430120841,1,9,0,5,0,4,0,0,0,0,3,1,6,1,74,10,1598,1,14,6,1,6
2017430120841,2,1,0,18,0,8,0,0,0,0,1,1,6,1,40,7,-1,-1,-1,10,3,10
2017430120856,1,9,0,9,0,6,0,0,0,0,3,1,6,2,42,7,1998,1,12,3,1,3
2017430120856,2,5,0,18,0,1,0,0,0,0,1,1,6,1,28,6,599,1,7,3,1,3
2017430120868,1,19,0,5,0,6,0,0,0,0,3,1,6,1,-1,-1,2298,2,2,-1,-1,-1
2017430120868,2,9,0,18,0,1,0,0,0,0,1,1,6,1,22,5,1998,1,1,4,1,4
2017430120873,1,9,0,5,0,2,0,0,0,0,2,1,6,1,57,9,1296,1,11,10,2,10
2017430120873,2,1,0,18,0,2,0,0,0,0,1,1,6,1,32,6,-1,-1,-1,10,3,10
2017430120873,3,11,0,5,0,2,0,0,0,0,0,1,1,3,-1,-1,-1,-1,-1,-1,-1,-1
2017430120876,1,9,0,18,0,0,0,0,0,0,1,1,6,1,25,5,-1,-1,-1,-1,1,-1
2017430120876,2,9,0,18,0,0,0,0,0,7,2,1,6,1,67,10,1984,1,2,8,3,8
2017430120897,1,9,0,18,0,2,0,0,0,0,1,1,6,3,-1,-1,-1,-1,-1,-1,-1,-1
2017430120899,1,9,0,5,0,2,0,0,0,0,1,1,2,2,24,5,1422,2,3,9,3,9
2017430120899,2,9,0,5,0,2,0,0,0,0,2,1,2,2,23,5,1242,1,17,7,1,7
2017430120908,1,9,0,18,0,0,0,0,0,0,4,1,6,2,-1,-1,-1,-1,-1,-1,-1,-1
2017430120913,1,9,0,18,0,8,0,10,3,1,1,1,6,2,29,6,1242,1,17,1,1,1
2017430120920,1,9,0,9,0,8,0,0,0,0,4,1,6,1,24,5,2143,2,1,8,1,8
2017430120920,2,9,0,18,0,8,0,0,0,0,1,1,1,2,20,4,1995,2,5,6,1,6
2017430120927,1,9,0,18,0,1,0,0,0,0,4,1,6,2,70,10,1896,2,13,9,2,9
2017430120933,1,9,0,18,0,1,0,10,0,0,1,1,6,2,75,10,1390,1,16,6,1,6
2017430120933,2,9,0,18,0,1,0,0,0,0,1,1,6,1,20,4,1199,2,6,3,1,3
2017430120939,1,9,0,5,0,8,0,0,0,0,1,1,2,2,30,6,-1,-1,-1,9,2,9
2017430120939,2,9,0,5,0,8,0,0,0,0,3,1,6,2,30,6,1229,1,5,9,1,9
2017430120951,1,9,0,8,0,6,0,0,0,0,0,1,1,1,37,7,1686,2,9,3,1,3
2017430120951,2,3,0,18,0,1,0,0,0,0,3,1,2,1,33,6,124,1,12,1,1,1
2017430121019,1,19,0,18,0,4,0,10,1,9,1,1,1,1,27,6,1560,2,2,1,1,1
2017430121019,2,21,0,9,0,8,0,0,0,0,4,1,1,1,62,9,3920,2,7,-1,-1,-1
2017430121025,1,9,0,9,0,8,0,0,0,0,1,1,6,1,32,6,1995,2,9,9,1,9
2017430121025,2,9,0,18,0,1,0,0,0,0,1,1,6,1,43,7,1598,1,13,7,1,7
2017430121058,1,9,0,7,0,4,0,0,0,0,3,1,2,2,21,5,1596,1,13,5,1,5
2017430121058,2,3,0,18,0,8,0,0,0,0,1,1,1,1,22,5,124,1,2,4,1,4
2017430121120,1,8,0,18,2,0,0,0,0,0,1,1,1,1,39,7,2499,2,7,10,1,10
2017430121231,1,2,0,9,0,6,0,0,0,0,3,1,6,1,16,4,49,1,2,10,1,10
2017430121231,2,9,0,18,0,8,0,0,0,0,1,1,2,2,29,6,1242,1,4,8,1,8
2017430121479,1,9,0,18,0,1,0,0,0,0,1,1,6,1,-1,-1,-1,-1,-1,-1,-1,-1
2017430121479,2,1,0,10,0,1,0,0,0,0,2,1,6,1,53,8,-1,-1,-1,10,1,10
2017430121616,1,9,0,7,0,6,0,0,0,0,1,1,2,2,31,6,1997,1,1,8,3,8
2017430121616,2,9,0,18,0,8,0,0,0,0,1,1,6,1,59,9,1999,2,-1,10,2,10
2017430121972,1,9,0,9,0,6,0,0,0,0,3,1,6,1,65,9,1560,2,6,6,1,6
2017430121972,2,9,0,18,0,8,0,0,0,0,1,1,1,2,36,7,1124,1,13,10,1,10
2017430121980,1,9,0,9,0,1,0,0,0,0,3,1,3,2,36,7,1968,2,1,9,1,9
2017430121980,2,1,0,13,0,1,0,0,0,0,1,1,1,1,32,6,-1,-1,-1,5,1,5
2017430121981,1,19,0,18,0,1,0,0,0,0,1,1,6,2,59,9,2148,2,8,3,1,3
2017430121981,2,9,0,9,0,6,0,0,1,10,3,1,6,1,79,11,1248,1,2,6,1,6
2017430121982,1,9,0,17,0,0,0,0,0,0,3,1,6,1,54,8,999,1,1,7,3,7
2017430121982,2,9,0,16,0,0,0,0,0,0,3,1,6,1,-1,-1,1229,1,12,8,1,8
2017430121998,1,9,0,9,0,6,0,0,0,0,3,1,1,1,19,4,-1,-1,-1,10,1,10
2017430121998,2,5,0,18,0,1,0,0,0,0,1,1,6,1,56,9,599,1,16,5,1,5
2017430122001,1,1,0,9,0,6,0,0,0,0,1,1,6,1,-1,-1,-1,-1,-1,-1,-1,-1
2017430122001,2,1,0,18,0,1,0,0,0,0,1,1,6,1,25,5,-1,-1,-1,6,1,6
2017430122018,1,9,0,9,0,2,0,0,0,0,1,1,6,1,26,6,1796,1,9,5,1,5
2017430122018,2,1,0,18,0,1,0,0,0,0,1,1,6,1,24,5,-1,-1,-1,2,1,2
2017430122021,1,9,0,4,0,2,0,0,0,0,1,1,6,2,-1,-1,-1,-1,-1,-1,-1,-1
2017430122021,2,9,0,3,0,2,0,0,0,0,2,1,6,2,21,5,998,1,4,9,1,9
2017430122021,3,9,0,3,0,2,0,0,0,0,2,1,6,2,-1,-1,1968,2,4,-1,-1,-1
2017430122024,1,9,0,6,0,6,1,0,1,4,2,1,6,2,83,11,1296,1,9,10,1,10
2017430122024,2,9,0,18,0,1,1,0,0,0,1,1,6,2,28,6,1199,1,13,6,2,6
2017430122027,1,4,0,4,0,0,0,0,0,0,0,1,6,1,17,4,250,1,5,5,1,5
2017430122028,1,9,0,6,8,0,0,0,0,0,3,1,6,2,34,6,1296,1,10,2,1,2
2017430122028,2,9,0,18,0,0,0,0,0,0,1,1,6,2,50,8,2295,1,21,-1,-1,-1
2017430122039,1,9,0,18,0,0,0,0,0,0,3,1,1,1,26,6,2400,2,2,7,1,7
2017430122039,2,9,0,18,0,0,0,10,7,11,4,1,6,1,19,4,1364,1,10,6,1,6
2017430122039,3,9,0,18,0,0,0,0,0,0,3,1,6,2,74,10,1197,1,2,-1,-1,-1
2017430122049,1,9,0,14,0,1,0,0,0,0,0,1,6,3,-1,-1,-1,-1,-1,-1,-1,-1
2017430122049,2,9,0,18,0,3,0,0,0,0,2,1,6,2,20,4,1197,1,-1,8,1,8
2017430122049,3,9,0,18,0,3,0,0,0,0,1,1,6,1,78,11,1242,1,-1,2,1,2
2017430122055,1,9,0,18,0,2,0,0,0,0,1,1,2,2,32,6,-1,-1,-1,10,1,10
2017430122077,1,9,0,18,0,1,1,0,1,11,1,1,6,1,22,5,1850,1,17,5,1,5
2017430122085,1,9,0,9,0,8,0,0,0,0,4,1,6,2,44,7,1598,1,12,5,1,5
2017430122085,2,9,0,18,0,1,0,0,0,0,3,1,6,1,19,4,1590,1,13,1,1,1
2017430122085,3,9,0,18,0,1,0,0,0,0,1,1,6,1,71,10,1685,2,5,9,1,9
2017430122106,1,9,0,9,0,6,0,0,0,0,1,1,6,1,29,6,1598,1,5,-1,-1,-1
2017430122106,2,9,0,18,0,1,0,0,0,0,4,1,1,1,70,10,1798,1,1,8,1,8
2017430122115,1,9,0,2,0,0,0,0,0,0,3,1,6,1,58,9,1560,2,9,5,1,5
2017430122115,2,1,0,18,0,0,0,8,0,0,1,1,6,2,36,7,-1,-1,-1,5,1,5
2017430122260,1,9,0,18,0,1,0,0,0,0,1,1,1,1,32,6,1598,2,4,9,1,9
2017430122260,2,8,0,18,0,1,0,0,0,0,2,1,1,1,47,8,1686,2,7,6,1,6
2017430122387,1,9,0,16,0,0,5,0,7,0,3,1,6,1,34,6,998,1,13,-1,-1,-1
2017430122397,1,9,0,7,0,6,0,0,1,0,1,1,2,2,44,7,1598,1,10,4,1,4
2017430122397,2,9,0,18,0,8,0,0,1,0,4,1,2,1,23,5,1398,1,3,10,1,10
2017430122519,1,9,0,2,0,0,0,0,0,0,3,1,2,2,49,8,1796,1,11,9,1,9
2017430122519,2,1,0,18,0,0,0,0,0,0,1,1,6,1,46,8,-1,-1,-1,3,1,3
2017430123108,1,1,0,18,0,0,0,0,0,0,4,1,6,1,-1,-1,-1,-1,-1,-1,-1,-1
2017430123108,2,9,0,18,0,0,0,0,0,0,1,1,6,2,26,6,1596,1,6,8,3,8
2017430123112,1,3,0,16,6,8,0,0,0,0,3,1,6,1,28,6,125,1,6,5,1,5
2017430123112,2,1,0,17,0,8,0,0,0,0,3,1,6,1,44,7,-1,-1,-1,6,1,6
2017430123134,1,9,0,18,6,0,0,0,0,0,1,1,6,1,47,8,1396,1,4,4,1,4
2017430123134,2,21,0,2,6,0,0,0,0,0,2,1,1,1,45,7,4116,2,13,5,1,5
2017430123134,3,9,0,2,0,0,0,0,0,0,0,1,6,1,33,6,-1,-1,-1,3,1,3
2017430123166,1,5,0,18,0,0,0,0,0,0,3,1,2,1,39,7,988,1,13,10,2,10
2017430123166,2,9,0,3,0,0,0,0,0,0,2,1,6,1,62,9,1422,2,2,7,3,7
2017430123353,1,19,0,18,0,1,0,0,0,0,1,1,6,1,50,8,1686,2,5,6,1,6
2017430123353,2,9,0,18,0,1,0,0,0,0,2,1,6,2,32,6,1968,2,1,8,1,8
2017430123385,1,9,0,18,0,1,0,0,0,0,1,1,6,1,-1,-1,1998,1,11,-1,-1,-1
2017430123385,2,9,0,8,0,1,0,0,0,0,2,1,6,2,34,6,1364,1,11,8,3,8
2017430125355,1,9,0,9,0,1,0,0,0,0,1,1,6,1,34,6,-1,-1,-1,3,1,3
2017430125355,2,9,0,18,0,1,0,0,1,0,3,1,6,1,26,6,-1,-1,-1,2,1,2
2017430125360,1,9,0,18,0,2,0,0,0,0,4,1,1,1,38,7,1390,1,9,4,1,4
2017430125368,1,9,0,18,0,6,0,0,0,0,4,1,6,2,46,8,1896,2,12,8,3,8
2017430125368,2,9,0,18,0,8,0,0,0,0,1,1,6,2,70,10,1685,2,6,10,3,10
2017430125413,1,11,0,7,0,6,0,0,0,0,1,1,1,1,54,8,6700,2,4,1,1,1
2017430125422,1,8,0,18,0,6,0,0,0,0,4,1,1,1,51,8,1598,1,9,7,1,7
2017430125422,2,9,0,18,0,8,5,0,0,0,1,1,6,2,39,7,998,1,12,7,1,7
2017430125425,1,9,0,18,0,0,1,0,7,11,2,1,6,1,46,8,2926,2,17,5,1,5
2017430125464,1,9,0,18,0,4,0,0,0,0,1,1,2,1,36,7,1896,2,11,-1,-1,-1
2017430125464,2,1,0,9,0,8,0,0,0,0,2,1,2,2,42,7,-1,-1,-1,5,1,5
2017430125468,1,9,0,18,0,4,0,0,0,0,3,1,6,2,61,9,1968,2,1,3,1,3
2017430125468,2,4,0,18,0,8,0,0,0,0,1,1,6,1,45,7,350,1,25,7,1,7
2017430125543,1,9,0,7,0,6,0,0,0,0,4,1,6,1,-1,-1,1910,2,8,-1,-1,-1
2017430125543,2,1,0,18,0,2,0,0,0,0,3,1,6,1,24,5,-1,-1,-1,3,1,3
2017430125559,1,9,0,18,0,8,0,0,0,0,3,1,6,1,22,5,1242,1,16,6,1,6
2017430125559,2,9,0,18,0,8,0,0,0,0,3,1,6,1,33,6,-1,-1,-1,8,1,8
2017430125559,3,9,0,18,0,8,0,0,0,0,3,1,6,2,39,7,1560,2,4,7,2,7
2017430125588,1,9,0,18,0,0,0,0,0,0,1,1,6,2,-1,-1,-1,-1,-1,-1,-1,-1
2017430125636,1,9,0,18,0,1,0,0,0,0,1,1,6,2,76,11,1498,1,8,8,1,8
2017430125636,2,9,0,3,0,1,0,0,0,0,2,1,6,2,23,5,1598,1,6,8,1,8
2017430125739,1,9,0,9,0,6,0,0,0,0,1,1,6,1,-1,-1,1984,1,9,10,2,10
2017430125739,2,1,0,18,0,8,0,0,0,0,4,1,2,1,53,8,-1,-1,-1,4,1,4
2017430125757,1,9,0,18,0,0,0,0,0,0,4,1,6,1,-1,-1,-1,-1,-1,-1,-1,-1
2017430126071,1,9,0,9,0,8,0,0,0,0,4,1,6,1,27,6,1781,1,16,5,1,5
2017430126071,2,9,0,18,0,8,0,0,0,0,1,1,6,2,27,6,1461,2,1,8,3,8
2017430126566,1,9,0,18,0,0,0,0,0,0,1,1,6,3,-1,-1,-1,-1,-1,-1,-1,-1
2017430126607,1,9,0,12,0,1,0,0,0,0,3,1,6,1,53,8,1968,2,1,9,3,9
2017430126607,2,9,0,18,0,1,0,0,0,0,4,1,6,2,49,8,1598,1,8,9,1,9
2017430126648,1,9,0,17,0,2,1,0,1,11,1,1,6,2,36,7,1596,1,10,9,1,9
2017430126656,1,9,0,3,0,0,0,0,0,0,1,1,6,2,40,7,1598,2,4,-1,-1,-1
2017430126656,2,9,0,4,0,0,0,0,0,0,2,1,6,2,41,7,2268,2,2,2,1,2
2017430126669,1,9,0,16,0,0,0,0,7,4,1,1,6,1,46,8,1595,1,9,9,2,9
2017430126728,1,9,0,5,0,8,0,0,3,11,1,1,6,2,73,10,1339,1,3,10,1,10
2017430126775,1,9,0,9,0,1,0,0,0,0,4,1,2,1,63,9,2198,2,2,5,2,5
2017430126775,2,1,0,18,4,8,0,0,0,0,1,1,6,1,22,5,-1,-1,-1,7,1,7
2017430126887,1,9,0,9,0,6,0,0,0,0,1,1,6,2,22,5,1240,1,13,-1,-1,-1
2017430126887,2,9,0,18,0,1,1,0,0,0,4,1,6,1,32,6,1910,2,8,10,1,10
2017430127026,1,9,0,18,0,8,0,0,0,0,1,1,6,1,43,7,-1,-1,-1,2,1,2
2017430127026,2,9,0,9,0,6,0,0,0,0,4,1,6,1,-1,-1,800,1,14,7,3,7
2017430127760,1,9,0,9,0,6,0,0,0,0,3,1,6,1,28,6,1995,2,3,10,1,10
2017430127760,2,9,0,18,0,1,0,0,0,0,1,1,6,1,39,7,-1,-1,-1,6,1,6
2017430127794,1,9,0,18,0,4,1,0,7,2,3,1,1,1,63,9,1968,2,1,10,1,10
2017430127794,2,9,0,18,0,4,0,0,0,0,4,1,6,1,56,9,1998,2,13,7,3,7
2017430127843,1,8,0,18,0,4,0,0,0,0,1,1,6,1,40,7,1590,1,13,-1,-1,-1
2017430127843,2,9,0,18,0,3,0,0,0,0,4,1,6,1,30,6,-1,-1,-1,-1,-1,-1
2017430127850,1,9,0,9,0,1,0,0,0,0,1,1,6,1,24,5,1896,2,10,6,1,6
2017430127850,2,1,0,18,0,1,0,0,0,0,1,1,6,1,26,6,-1,-1,-1,9,1,9
2017430127854,1,9,0,9,0,5,0,0,0,0,1,1,6,1,56,9,-1,-1,-1,-1,-1,-1
2017430127854,2,5,0,18,0,8,0,0,0,0,3,1,6,1,49,8,1293,1,5,-1,-1,-1
2017430127859,1,9,0,4,0,0,0,0,0,0,2,1,6,2,22,5,898,1,1,5,2,5
2017430127859,2,1,0,18,0,0,0,0,0,0,1,1,6,1,28,6,-1,-1,-1,5,1,5
2017430127884,1,9,0,9,0,5,0,0,0,0,4,1,6,2,69,10,998,1,11,4,1,4
2017430127884,2,5,0,18,0,8,1,0,0,0,1,1,6,1,57,9,1157,1,19,4,1,4
2017430127893,1,9,0,5,0,4,0,0,0,0,3,1,1,2,49,8,1598,2,1,9,1,9
2017430127893,2,9,0,9,0,8,0,0,0,0,4,1,1,1,26,6,998,1,17,-1,-1,-1
2017430127906,1,9,0,18,0,2,0,0,0,0,1,1,6,2,34,6,3600,1,4,7,3,7
2017430127906,2,9,0,3,0,2,0,0,0,0,2,1,1,1,52,8,1995,2,3,7,3,7
2017430127906,3,9,0,3,0,2,0,0,0,0,2,1,1,1,34,6,1968,2,3,3,1,3
2017430127906,4,9,0,3,0,2,0,0,0,0,2,1,6,2,52,8,1968,2,1,10,2,10
2017430127906,5,11,0,3,0,2,0,0,0,0,0,1,1,3,-1,-1,-1,-1,-1,-1,-1,-1
2017430127911,1,9,0,9,0,8,1,0,1,1,1,1,6,1,23,5,1582,2,-1,2,1,2
2017430127919,1,9,0,18,0,0,0,6,0,0,1,1,6,1,58,9,4991,1,9,10,2,10
2017430127945,1,5,0,16,0,0,1,0,0,0,1,1,6,1,44,7,997,1,30,8,2,8
2017430127951,1,9,0,5,0,4,0,0,0,0,3,1,6,2,42,7,1968,2,3,10,1,10
2017430127951,2,3,0,18,0,8,0,0,0,0,1,1,1,1,18,4,124,1,3,5,1,5
2017430127952,1,9,0,18,0,8,0,0,0,0,3,1,1,1,22,5,-1,-1,-1,4,1,4
2017430127952,2,9,0,18,0,8,0,0,0,0,3,1,6,1,71,10,2143,2,7,9,3,9
2017430127976,1,3,0,18,0,1,1,0,0,0,1,1,1,1,29,6,108,1,3,5,1,5
2017430127976,2,9,0,9,0,5,0,0,0,0,3,1,6,2,23,5,1598,1,13,6,3,6
2017430127984,1,9,0,18,0,8,0,0,7,0,1,1,6,2,82,11,1248,1,-1,10,1,10
2017430127984,2,9,0,18,0,8,0,0,1,0,3,1,6,1,49,8,999,1,2,9,1,9
2017430128007,1,9,0,9,0,5,0,0,0,0,2,1,6,1,62,9,1968,2,6,10,1,10
2017430128015,1,9,0,9,0,6,0,0,0,0,3,1,6,1,-1,-1,-1,-1,-1,-1,-1,-1
2017430128015,2,1,0,18,0,8,0,0,0,0,1,1,6,1,30,6,-1,-1,-1,-1,-1,-1
2017430128018,1,9,0,16,0,0,1,0,0,0,1,1,6,2,63,9,1398,1,3,6,1,6
2017430128018,2,9,0,18,0,0,1,0,1,0,3,1,6,1,47,8,1968,2,2,10,2,10
2017430128018,3,9,0,18,0,0,1,0,1,0,1,1,6,2,25,5,1360,1,11,2,1,2
2017430128031,1,9,0,18,0,2,0,4,0,0,1,1,2,1,23,5,973,1,17,2,1,2
2017430128031,2,9,0,2,0,2,0,0,0,0,2,1,6,3,-1,-1,-1,-1,-1,10,1,10
2017430128057,1,9,0,1,0,2,0,0,0,0,0,1,3,2,29,6,1598,1,4,-1,-1,-1
2017430128057,2,1,0,18,0,2,0,0,0,0,0,1,6,1,66,10,-1,-1,-1,9,2,9
2017430128083,1,98,0,18,0,0,0,0,0,0,0,1,1,3,-1,-1,-1,-1,-1,-1,-1,-1
2017430128083,2,9,0,18,0,0,0,0,0,0,1,1,6,2,54,8,1582,2,5,7,3,7
2017430128100,1,5,0,18,0,0,0,12,0,0,1,1,6,1,55,8,1301,1,-1,8,3,8
2017430128167,1,9,0,9,0,6,0,0,0,0,1,1,6,3,-1,-1,-1,-1,-1,-1,-1,-1
2017430128167,2,1,0,18,0,8,0,0,0,0,4,1,6,1,38,7,-1,-1,-1,9,1,9
2017430128539,1,21,0,2,0,0,0,0,0,0,0,1,1,1,68,10,10824,2,13,4,1,4
2017430128539,2,98,0,18,0,0,0,0,0,0,4,1,6,3,-1,-1,-1,-1,-1,-1,-1,-1
2017430128718,1,9,0,18,0,4,0,0,0,0,1,1,6,1,45,7,1997,2,3,-1,-1,-1
2017430128718,2,1,0,18,0,8,0,0,0,0,4,1,2,1,40,7,-1,-1,-1,2,1,2
2017430128743,1,9,0,9,0,6,0,0,0,0,1,1,6,1,52,8,1896,2,13,10,1,10
2017430128743,2,9,0,10,0,5,0,0,0,0,3,1,6,1,40,7,-1,-1,-1,9,1,9
2017430129040,1,9,0,9,0,6,0,0,3,11,1,1,6,1,82,11,3000,1,7,8,2,8
2017430129040,2,9,0,18,0,8,0,0,0,0,4,1,6,1,58,9,1997,2,8,-1,-1,-1
2017430129048,1,9,0,18,0,0,0,0,0,0,1,1,6,1,41,7,-1,-1,-1,9,1,9
2017430129048,2,9,0,2,0,0,0,0,0,0,2,1,6,3,-1,-1,1496,2,1,9,1,9
2017430129059,1,9,0,18,0,1,0,0,0,0,1,1,2,1,30,6,1596,1,7,-1,1,-1
2017430129078,1,9,0,13,0,2,0,0,0,0,1,1,6,1,-1,-1,2697,2,10,-1,-1,-1
2017430129078,2,1,0,18,0,2,0,0,0,0,3,1,6,1,75,10,-1,-1,-1,10,1,10
2017430129084,1,9,0,18,0,0,0,0,0,0,4,1,6,3,-1,-1,-1,-1,-1,-1,-1,-1
2017430129084,2,9,0,2,0,0,0,0,0,0,0,1,6,1,30,6,1895,1,16,5,1,5
2017430129102,1,9,0,18,0,0,2,0,1,0,1,1,6,1,25,5,1149,1,5,7,1,7
2017430129102,2,9,0,18,0,0,0,0,0,0,2,1,6,1,31,6,1995,2,10,4,1,4
2017430129106,1,1,0,15,4,1,0,0,0,0,1,1,6,1,27,6,-1,-1,-1,4,1,4
2017430129108,1,21,0,18,0,0,1,0,0,0,1,1,1,1,25,5,-1,-1,-1,2,1,2
2017430129108,2,9,0,4,0,0,0,0,0,0,2,1,6,1,60,9,1364,1,10,10,1,10
2017430129111,1,1,0,18,0,0,0,0,0,0,1,1,6,1,59,9,-1,-1,-1,6,1,6
2017430129150,1,9,0,7,0,6,0,0,0,0,1,1,6,2,37,7,1396,1,13,10,1,10
2017430129150,2,1,0,18,0,6,0,0,0,0,1,1,2,2,34,6,-1,-1,-1,4,1,4
2017430129153,1,5,0,18,0,2,1,0,7,11,1,1,6,1,33,6,599,1,16,4,1,4
2017430129161,1,9,0,6,0,1,0,0,4,0,3,1,1,1,49,8,1798,8,1,4,1,4
2017430129161,2,9,0,18,0,1,0,0,0,0,1,1,6,1,51,8,2967,2,7,7,1,7
2017430129190,1,21,0,18,0,0,0,0,1,7,1,1,1,1,60,9,12130,2,11,9,1,9
2017430129191,1,9,0,16,0,0,1,0,0,0,1,1,6,1,20,4,1360,1,14,10,2,10
2017430129191,2,9,0,17,0,0,0,0,0,0,3,1,6,1,48,8,1598,1,3,9,1,9
2017430129195,1,9,0,4,7,0,1,0,0,0,0,1,6,1,24,5,-1,-1,-1,9,1,9
2017430129199,1,9,0,18,0,0,0,0,0,0,1,1,6,1,44,7,2979,1,14,3,1,3
2017430129199,2,9,0,18,0,0,0,0,4,0,2,1,6,1,29,6,1598,1,12,3,1,3
2017430129212,1,9,0,9,0,5,0,0,0,0,3,1,2,1,18,4,-1,-1,-1,9,2,9
2017430129212,2,1,0,18,5,1,0,0,0,0,1,1,2,1,43,7,-1,-1,-1,2,1,2
2017430129217,1,9,0,4,0,0,0,0,0,0,1,1,2,2,38,7,2706,1,3,9,1,9
2017430129217,2,9,0,4,0,0,0,0,0,0,2,1,2,2,47,8,1595,1,7,3,1,3
2017430129229,1,9,0,1,9,0,0,0,0,0,2,1,2,1,56,9,1498,1,11,4,1,4
2017430129229,2,1,0,18,9,0,0,0,0,0,3,1,6,1,13,3,-1,-1,-1,3,1,3
2017430129247,1,19,0,18,0,0,0,0,1,9,1,1,1,1,35,6,2198,2,3,5,1,5
2017430129282,1,9,0,9,0,6,0,0,0,0,1,1,6,1,21,5,1995,1,13,7,1,7
2017430129282,2,1,0,18,0,8,0,0,0,0,4,1,6,1,63,9,-1,-1,-1,10,1,10
2017430129288,1,5,0,17,0,0,1,0,1,0,1,1,6,1,60,9,675,1,5,10,2,10
2017430129304,1,19,0,18,0,0,0,0,0,0,1,1,1,1,45,7,-1,-1,-1,9,2,9
2017430129304,2,9,0,3,0,0,0,0,0,0,2,1,1,1,49,8,1995,2,13,9,2,9
2017430129304,3,9,0,3,0,0,0,0,0,0,2,1,1,1,53,8,1596,1,7,1,1,1
2017430129371,1,9,0,18,0,1,1,0,0,0,1,1,6,1,22,5,999,1,2,6,1,6
2017430129371,2,9,0,10,0,1,0,0,0,0,2,1,6,1,31,6,1598,2,3,5,1,5
2017430129386,1,9,0,18,0,8,0,0,0,0,1,1,6,1,33,6,1598,2,4,8,1,8
2017430129386,2,9,0,9,0,8,1,0,0,0,4,1,6,2,19,4,1229,1,12,-1,-1,-1
2017430129393,1,9,0,18,0,0,0,0,0,0,4,1,6,2,79,11,998,1,23,3,1,3
2017430129597,1,21,0,18,0,0,0,4,1,7,1,1,1,1,27,6,5880,2,9,2,1,2
2017430129597,2,9,0,2,0,0,0,0,1,7,2,1,6,1,47,8,973,1,16,9,2,9
2017430130332,1,9,0,9,0,8,0,0,0,0,1,1,6,1,-1,-1,1399,2,6,-1,-1,-1
2017430130332,2,1,0,17,0,8,0,0,0,0,1,1,1,1,30,6,-1,-1,-1,10,1,10
2017430130593,1,9,0,7,0,5,0,0,0,0,4,1,6,2,27,6,1229,1,12,3,1,3
2017430130593,2,3,0,18,2,8,0,0,0,0,1,1,2,1,22,5,124,1,8,6,2,6
2017430131352,1,9,0,18,0,2,0,6,0,0,4,1,6,1,25,5,1390,1,9,3,1,3
2017430131352,2,19,0,3,0,1,0,0,0,0,1,1,1,1,38,7,1461,2,2,7,2,7
2017430131881,1,5,0,16,0,0,0,0,0,0,3,1,6,1,52,8,-1,-1,-1,9,1,9