Accident_Index,Vehicle_Reference,Vehicle_Type,Towing_and_Articulation,Vehicle_Manoeuvre,Vehicle_Location-Restricted_Lane,Junction_Location,Skidding_and_Overturning,Hit_Object_in_Carriageway,Vehicle_Leaving_Carriageway,Hit_Object_off_Carriageway,1st_Point_of_Impact,Was_Vehicle_Left_Hand_Drive?,Journey_Purpose_of_Driver,Sex_of_Driver,Age_of_Driver,Age_Band_of_Driver,Engine_Capacity_(CC),Propulsion_Code,Age_of_Vehicle,Driver_IMD_Decile,Driver_Home_Area_Type,Vehicle_IMD_Decile
2017430143270,4,9,0,18,0,0,0,0,0,0,4,1,6,1,20,4,1242,1,2,7,1,7
2017430143281,1,9,0,9,0,6,0,0,0,0,1,1,1,1,32,6,1968,2,1,10,1,10
2017430143281,2,2,0,18,0,1,0,0,0,0,1,1,1,1,22,5,49,1,9,-1,-1,-1
2017430143296,1,9,0,5,0,4,1,0,1,1,1,1,6,1,67,10,2987,2,-1,9,1,9
2017430143296,2,9,0,5,0,4,0,0,0,0,1,1,6,1,30,6,1896,2,16,6,1,6
2017430143297,1,9,0,18,0,0,0,0,6,6,1,1,6,1,69,10,1560,2,3,1,1,1
2017430143297,2,9,0,5,0,0,0,0,0,0,2,1,6,2,51,8,1390,1,5,5,2,5
2017430143311,1,9,0,6,0,0,5,0,0,0,3,1,6,2,87,11,995,1,13,10,1,10
2017430143311,2,9,0,18,0,0,0,0,0,0,1,1,6,2,28,6,1596,1,8,7,1,7
2017430143315,1,9,0,1,9,0,0,0,0,0,2,1,1,1,23,5,-1,-1,-1,10,1,10
2017430143343,1,19,0,18,0,0,1,0,0,0,1,1,1,1,22,5,-1,-1,-1,5,1,5
2017430143343,2,9,0,18,0,0,0,0,1,7,3,1,6,2,53,8,1395,1,-1,-1,-1,-1
2017430143343,3,9,0,18,0,0,0,0,0,0,2,1,6,1,65,9,2184,2,13,-1,1,-1
2017430143361,1,4,0,18,0,0,1,0,0,0,0,1,1,1,36,7,124,1,3,4,1,4
2017430143362,1,9,0,1,0,8,0,0,0,0,4,1,6,1,-1,-1,2993,2,2,10,3,10
2017430143379,1,1,0,5,0,3,0,0,0,0,3,1,4,1,12,3,-1,-1,-1,10,1,10
2017430143379,2,9,0,18,0,3,0,0,0,0,1,1,2,1,40,7,2000,1,13,10,1,10
2017430143382,1,9,0,18,0,8,0,0,0,0,4,1,6,2,56,9,1999,1,8,5,1,5
2017430143382,2,9,0,18,0,8,0,0,0,0,1,1,2,1,57,9,-1,-1,-1,5,1,5
2017430143452,1,4,0,18,0,0,0,0,0,0,1,1,6,1,53,8,498,1,19,4,1,4
2017430143452,2,9,0,18,0,0,0,0,0,0,2,1,6,1,54,8,1995,2,1,7,3,7
2017430143508,1,9,0,18,0,8,0,0,0,0,1,1,6,2,34,6,1596,1,4,8,1,8
2017430143508,2,9,0,18,0,8,0,0,0,0,2,1,6,1,56,9,-1,-1,-1,10,2,10
2017430143522,1,11,0,18,0,0,0,0,0,0,0,1,1,2,42,7,6700,2,6,5,1,5
2017430143600,1,9,0,9,0,6,0,0,0,0,3,1,6,2,29,6,998,1,7,7,2,7
2017430143600,2,9,0,18,0,8,0,0,0,0,1,1,6,1,62,9,2495,2,13,7,3,7
2017430143755,1,9,0,9,0,1,0,0,0,0,1,1,6,2,48,8,-1,-1,-1,10,3,10
2017430143755,2,3,0,9,0,1,0,0,0,0,2,1,6,1,54,8,124,1,4,10,3,10
2017430143846,1,21,0,18,0,1,0,0,0,0,1,1,1,1,38,7,12777,2,1,4,1,4
2017430143846,2,19,0,18,0,1,0,0,0,0,2,1,1,1,48,8,2402,2,11,5,1,5
2017430143847,1,9,0,4,0,0,1,0,0,0,1,1,6,2,66,10,1390,1,8,9,1,9
2017430143847,2,9,0,4,0,0,0,0,0,0,2,1,2,1,23,5,1388,1,8,-1,-1,-1
2017430143937,1,21,0,5,0,0,0,0,0,0,1,1,1,1,44,7,-1,-1,-1,6,1,6
2017430143940,1,9,0,18,0,0,1,0,5,6,1,1,6,1,35,6,1984,1,16,7,1,7
2017430143940,2,9,0,18,0,0,0,1,0,0,0,1,2,1,23,5,1149,1,5,-1,-1,-1
2017430144408,1,5,0,15,0,0,0,0,0,0,1,1,6,1,30,6,998,1,13,-1,-1,-1
2017430144408,2,21,0,18,0,0,0,0,0,0,1,1,1,1,47,8,7146,2,4,8,3,8
2017430144414,1,9,0,7,0,6,0,0,0,0,3,1,6,2,60,9,1198,1,4,9,1,9
2017430144414,2,1,0,18,0,1,0,0,0,0,1,1,6,1,53,8,-1,-1,-1,9,1,9
2017430144425,1,9,0,18,0,8,0,0,0,0,1,1,6,1,-1,-1,-1,-1,-1,-1,-1,-1
2017430144425,2,1,0,18,0,8,0,0,0,0,4,1,6,1,23,5,-1,-1,-1,9,1,9
2017430144426,1,9,0,5,0,1,0,0,0,0,1,1,2,1,24,5,1229,1,10,8,1,8
2017430144426,2,9,0,3,0,1,0,0,0,0,2,1,6,1,40,7,1968,2,-1,5,1,5
2017430144428,1,19,0,9,0,6,0,0,0,0,1,1,6,1,-1,-1,1598,2,2,-1,-1,-1
2017430144428,2,1,0,18,0,1,0,0,0,0,3,1,6,1,21,5,-1,-1,-1,5,1,5
2017430144431,1,3,0,18,0,0,1,0,0,0,0,1,6,1,17,4,-1,-1,-1,10,1,10
2017430144440,1,9,0,9,0,6,0,0,0,0,3,1,6,1,49,8,1995,2,11,9,1,9
2017430144440,2,9,0,18,0,1,0,0,0,0,1,1,6,1,70,10,4196,1,13,9,1,9
2017430144441,1,9,0,5,0,4,0,0,0,0,1,1,6,1,25,5,998,1,3,7,1,7
2017430144441,2,9,0,6,0,8,0,0,0,0,1,1,6,1,40,7,1686,2,4,7,1,7
2017430144466,1,9,0,9,0,8,0,0,0,0,4,1,6,2,37,7,1796,1,18,3,1,3
2017430144466,2,9,0,18,0,1,0,0,0,0,1,1,6,2,22,5,1364,1,2,8,1,8
2017430144476,1,97,0,18,9,0,0,0,0,0,0,1,6,1,-1,-1,-1,-1,-1,-1,-1,-1
2017430144476,2,1,0,18,0,0,0,0,0,0,0,1,6,2,24,5,-1,-1,-1,7,1,7
2017430144497,1,9,0,18,0,1,0,0,0,0,1,1,6,2,32,6,1597,2,4,3,1,3
2017430144497,2,1,0,18,0,8,0,0,0,0,4,1,6,1,16,4,-1,-1,-1,9,1,9
2017430144498,1,9,0,18,0,4,0,0,0,0,1,1,6,1,-1,-1,1995,2,4,4,1,4
2017430144498,2,1,0,7,0,8,0,0,0,0,4,1,6,1,20,4,-1,-1,-1,5,1,5
2017430144500,1,9,0,18,0,0,0,0,0,0,4,1,6,1,84,11,1242,1,5,7,1,7
2017430144524,1,9,0,18,0,8,0,0,0,0,4,1,1,1,55,8,1248,2,4,3,1,3
2017430144524,2,16,0,4,0,5,0,0,0,0,1,1,6,2,59,9,-1,-1,-1,10,1,10
2017430144524,3,9,0,1,0,8,0,4,0,0,3,1,6,1,55,8,4196,1,14,8,3,8
2017430144551,1,9,0,16,0,0,1,0,7,4,1,1,6,2,35,6,1896,2,15,-1,-1,-1
2017430144604,1,9,0,5,0,8,0,0,0,0,4,1,6,2,21,5,998,1,6,5,1,5
2017430144604,2,9,0,18,0,8,0,0,0,0,1,1,6,1,53,8,2958,2,13,10,1,10
2017430144627,1,1,0,17,0,0,0,0,0,0,1,1,6,1,41,7,-1,-1,-1,2,1,2
2017430144627,2,9,0,16,0,0,0,0,0,0,1,1,6,3,-1,-1,-1,-1,-1,-1,-1,-1
2017430144635,1,9,0,2,0,0,0,8,0,0,1,1,6,1,-1,-1,1998,2,11,6,3,6
2017430144635,2,9,0,18,0,0,0,0,0,0,4,1,6,3,-1,-1,-1,-1,-1,-1,-1,-1
2017430144673,1,9,0,7,0,8,0,0,0,0,4,1,6,1,-1,-1,-1,-1,-1,-1,-1,-1
2017430144673,2,1,0,18,5,8,0,0,0,0,3,1,6,2,66,10,-1,-1,-1,3,1,3
2017430144710,1,9,0,18,0,1,0,0,0,0,1,1,1,1,43,7,1896,2,11,4,1,4
2017430144710,2,1,0,18,0,1,0,0,0,0,2,1,1,2,19,4,-1,-1,-1,8,1,8
2017430144885,1,19,0,9,9,5,0,0,0,0,3,1,1,1,60,9,-1,-1,-1,4,1,4
2017430144885,2,1,0,18,9,8,0,0,0,0,1,1,6,1,13,3,-1,-1,-1,10,1,10
2017430147203,1,9,0,9,0,6,0,0,0,0,1,1,2,2,55,8,1390,1,15,6,1,6
2017430147203,2,1,0,18,0,8,0,0,0,0,4,1,2,1,41,7,-1,-1,-1,3,1,3
2017430147226,1,9,0,18,0,0,0,0,0,0,1,1,6,2,46,8,1398,2,12,4,1,4
2017430147226,2,9,0,4,0,0,0,0,0,0,2,1,6,2,64,9,1242,1,2,5,1,5
2017430147257,1,9,0,9,0,5,0,0,0,0,1,1,6,2,38,7,1749,1,13,1,1,1
2017430147257,2,9,0,18,0,1,0,0,1,0,1,1,6,2,67,10,1396,1,1,10,1,10
2017430147392,1,9,0,9,0,8,0,0,0,0,4,1,6,1,41,7,1596,1,2,7,1,7
2017430147392,2,9,0,18,0,8,1,0,0,0,1,1,2,1,40,7,1397,1,8,5,1,5
2017430147556,1,9,0,18,0,0,0,0,0,0,1,1,6,1,25,5,1248,2,8,4,1,4
2017430147556,2,2,0,18,0,0,0,0,0,0,2,1,6,1,61,9,49,1,1,4,1,4
2017430147599,1,9,0,18,0,8,0,0,0,0,1,1,6,3,-1,-1,-1,-1,-1,-1,-1,-1
2017430147600,1,1,0,18,0,8,0,0,0,0,3,1,6,1,45,7,-1,-1,-1,-1,-1,-1
2017430147600,2,9,0,7,0,8,0,0,0,0,4,1,2,1,51,8,2199,2,4,-1,-1,-1
2017430147671,1,9,0,18,0,0,0,0,0,0,1,1,6,3,-1,-1,-1,-1,-1,-1,-1,-1
2017430147786,1,9,0,18,0,6,0,0,7,4,3,1,6,2,34,6,1997,1,7,6,2,6
2017430147786,2,9,0,18,0,8,0,0,7,0,1,1,6,2,41,7,1796,1,9,9,3,9
2017430148474,1,9,0,18,0,0,0,0,1,4,3,1,6,1,37,7,1995,2,10,8,1,8
2017430148483,1,9,0,5,0,0,0,0,1,10,1,1,6,2,38,7,1596,1,11,5,1,5
2017430148500,1,9,0,18,0,0,1,0,1,4,1,1,6,2,19,4,1896,2,12,5,2,5
2017430148506,1,9,0,7,0,8,0,0,0,0,1,1,6,1,61,9,1343,1,13,6,2,6
2017430148506,2,3,0,18,0,8,0,0,1,10,3,1,2,1,19,4,100,1,18,1,1,1
2017430148527,1,19,0,18,0,0,0,0,0,0,1,1,1,1,20,4,2143,2,2,5,2,5
2017430148527,2,9,0,18,0,0,0,0,0,0,1,1,6,1,20,4,-1,-1,-1,10,2,10
2017430148544,1,9,0,11,0,0,2,0,1,0,1,1,6,2,22,5,1248,2,8,4,1,4
2017430148544,2,9,0,18,0,0,2,0,1,0,2,1,6,2,48,8,1390,1,8,9,1,9
2017430148584,1,9,0,2,9,1,0,0,0,0,4,1,6,2,36,7,1497,1,13,-1,-1,-1
2017430148589,1,9,0,18,0,0,0,0,0,0,1,1,1,1,35,6,1796,1,13,10,1,10
2017430148634,1,9,0,18,0,8,0,0,0,0,4,1,6,1,76,11,1999,1,10,7,1,7
2017430148645,1,9,0,18,0,8,0,0,0,0,1,1,6,1,74,10,1600,1,18,10,1,10
2017430148645,2,9,0,18,0,8,0,0,0,0,2,1,6,2,52,8,1461,2,8,9,1,9
2017430148759,1,9,0,18,0,0,0,10,0,0,1,1,6,1,79,11,1490,1,10,9,2,9
2017430148759,2,9,0,18,0,0,0,0,0,0,1,1,1,2,46,8,1896,2,13,5,1,5
2017430148760,1,9,0,18,0,0,0,0,0,0,1,1,6,1,53,8,-1,-1,-1,4,1,4
2017430148760,2,9,0,3,0,0,0,0,0,0,2,1,6,2,68,10,1896,2,13,9,1,9
2017430148760,3,9,0,5,0,0,0,0,0,0,2,1,6,1,83,11,2793,1,17,9,1,9
2017430148767,1,9,0,1,0,0,0,0,0,0,2,1,6,1,40,7,999,1,1,7,1,7
2017430148767,2,9,0,2,0,0,0,0,0,0,3,1,6,2,30,6,999,1,5,4,1,4
2017430148790,1,9,0,18,0,0,0,0,0,0,1,1,2,1,27,6,1910,2,13,10,1,10
2017430148790,2,9,0,4,0,0,0,0,0,0,2,1,2,1,45,7,1399,2,7,7,1,7
2017430148790,3,9,0,4,0,0,0,0,0,0,2,1,2,1,48,8,1240,1,11,7,1,7
2017430148819,1,19,0,18,0,1,0,0,0,0,1,1,6,1,48,8,-1,-1,-1,-1,-1,-1
2017430148819,2,9,0,18,0,1,0,0,0,0,2,1,6,2,27,6,1149,1,10,9,1,9
2017430148859,1,1,0,18,0,1,0,0,0,0,3,1,6,1,45,7,-1,-1,-1,5,2,5
2017430148859,2,9,0,18,0,1,0,0,0,0,1,1,6,2,24,5,1248,1,6,8,1,8
2017430148951,1,9,0,18,0,0,0,0,6,0,1,1,6,2,26,6,1364,2,9,-1,-1,-1
2017430148951,2,21,1,18,0,0,0,0,0,0,3,1,1,1,36,7,12900,2,8,7,1,7
2017430148951,3,9,0,18,0,0,0,0,0,0,1,1,6,2,40,7,1586,1,10,-1,-1,-1
2017430149111,1,9,0,18,0,0,0,0,0,0,1,1,6,1,37,7,1968,2,5,2,1,2
2017430149133,1,9,0,18,0,0,2,0,1,9,1,1,6,2,20,4,1199,1,15,-1,-1,-1
2017430149133,2,9,0,18,0,0,5,0,1,0,2,1,1,1,28,6,1896,2,11,2,1,2
2017430149181,1,9,0,18,0,0,0,0,0,0,1,1,6,2,61,9,1388,1,5,5,1,5
2017430149181,2,9,0,18,0,0,0,0,0,0,1,1,6,2,28,6,1595,1,10,7,1,7
2017430151138,1,9,0,18,0,0,0,0,0,0,0,1,1,1,44,7,1248,2,4,10,1,10
2017430151138,2,9,0,18,0,0,1,10,8,11,3,1,6,1,25,5,1796,1,12,7,1,7
2017430151158,1,9,0,9,0,5,0,0,0,0,4,1,2,1,47,8,1598,1,9,4,1,4
2017430151158,2,9,0,18,0,8,0,0,0,0,1,1,6,1,58,9,1783,1,14,9,1,9
2017430151164,1,9,0,4,0,4,0,0,1,9,1,1,6,2,72,10,1796,1,3,7,1,7
2017430151164,2,9,0,5,0,4,0,0,0,0,2,1,6,2,33,6,1896,2,10,5,1,5
2017430151179,1,19,0,18,0,0,0,4,0,0,1,1,1,1,45,7,2998,2,7,2,1,2
2017430151179,2,9,0,2,0,0,0,0,0,0,2,1,6,1,27,6,1840,1,16,9,1,9
2017430151197,1,9,0,18,0,0,1,0,0,0,1,1,6,1,44,7,1995,2,2,9,1,9
2017430151197,2,9,0,4,0,0,1,0,0,0,2,1,6,1,27,6,1968,2,10,9,1,9
2017430151197,3,9,0,11,0,0,1,0,0,0,3,1,6,2,57,9,1984,1,7,9,1,9
2017430151214,1,21,0,16,0,2,0,0,0,0,0,1,6,3,-1,-1,-1,-1,-1,-1,-1,-1
2017430151214,2,9,0,16,0,2,1,0,0,0,1,1,6,2,69,10,1242,1,18,9,2,9
2017430151214,3,19,0,17,0,2,0,0,0,0,1,1,1,1,47,8,1598,2,3,10,2,10
2017430151215,1,2,0,18,0,0,1,0,0,0,3,1,2,1,26,6,124,1,1,3,1,3
2017430151226,1,9,0,2,0,0,0,0,0,0,3,1,1,1,-1,-1,2143,2,7,-1,-1,-1
2017430151226,2,1,0,18,0,0,0,0,0,0,4,1,6,1,22,5,-1,-1,-1,3,1,3
2017430151227,1,22,0,18,0,8,0,0,0,0,0,1,6,1,82,11,-1,-1,-1,5,1,5
2017430151227,2,21,0,1,0,1,0,0,0,0,0,1,1,1,38,7,-1,-1,-1,6,1,6
2017430151230,1,9,0,18,0,0,0,0,0,0,1,1,6,2,23,5,1242,1,2,9,1,9
2017430151230,2,9,0,2,0,0,0,0,0,0,2,1,6,2,69,10,1339,1,6,7,3,7
2017430151239,1,9,0,18,0,0,0,0,0,0,3,1,6,1,45,7,2497,2,10,2,1,2
2017430151248,1,9,0,4,0,0,1,0,0,0,1,1,1,1,52,8,-1,-1,-1,9,2,9
2017430151248,2,9,0,4,0,0,0,0,0,0,2,1,2,2,44,7,1120,2,3,10,1,10
2017430151248,3,9,0,4,0,0,0,0,0,0,2,1,1,1,50,8,1364,2,1,2,1,2
2017430151248,4,9,0,4,0,0,0,0,0,0,2,1,6,1,29,6,1896,2,15,7,1,7
2017430151282,1,19,0,18,0,0,0,0,0,0,1,1,6,1,22,5,-1,-1,-1,-1,-1,-1
2017430151282,2,9,0,3,0,0,0,0,0,0,2,1,6,1,57,9,1988,2,13,3,1,3
2017430151283,1,19,0,18,0,0,0,0,7,0,1,1,2,1,34,6,1998,2,14,10,1,10
2017430151283,2,9,0,18,0,0,0,0,0,0,1,1,6,1,59,9,1461,2,10,6,2,6
2017430151335,1,9,0,18,0,0,1,0,0,0,1,1,1,2,38,7,1685,2,1,10,1,10
2017430151335,2,9,0,18,0,0,0,0,0,0,1,1,6,1,57,9,1461,2,2,9,1,9
2017430151349,1,9,0,18,0,8,0,0,7,1,4,1,6,2,22,5,1198,1,12,6,2,6
2017430151349,2,9,0,18,0,8,0,0,0,0,1,1,6,2,51,8,2143,2,1,7,3,7
2017430151444,1,9,0,18,0,4,0,0,0,0,1,1,6,1,93,11,1395,1,1,10,1,10
2017430151444,2,1,0,9,0,8,0,0,0,0,2,1,6,2,51,8,-1,-1,-1,7,3,7
2017430151467,1,9,0,18,0,0,0,0,0,0,1,1,1,2,39,7,1461,2,3,10,1,10
2017430151467,2,9,0,3,0,0,0,0,0,0,2,1,1,1,43,7,1364,1,7,5,1,5
2017430151467,3,9,0,5,0,0,0,0,0,0,2,1,1,2,23,5,1198,1,5,-1,-1,-1
2017430151520,1,1,0,16,5,0,0,0,0,0,1,1,6,1,30,6,-1,-1,-1,8,1,8
2017430151520,2,1,0,16,5,0,0,0,0,0,1,1,6,1,40,7,-1,-1,-1,9,1,9
2017430151523,1,9,0,11,0,0,0,0,0,0,4,1,1,2,62,9,1997,1,3,10,1,10
2017430151523,2,3,0,15,0,0,1,0,0,0,3,1,1,1,32,6,124,1,8,10,1,10
2017430151541,1,9,0,13,0,0,0,0,0,0,1,1,6,2,41,7,1798,1,12,6,1,6
2017430151541,2,9,0,16,0,0,0,0,0,0,1,1,6,1,39,7,1896,2,12,7,1,7
2017430151562,1,9,0,9,0,6,0,0,0,0,2,1,2,1,33,6,1591,1,3,4,1,4
2017430151562,2,9,0,18,0,1,0,0,0,0,1,1,2,2,29,6,1598,1,5,7,1,7
2017430151569,1,9,0,16,0,0,1,10,7,9,1,1,6,1,23,5,1390,1,11,8,3,8
2017430151569,2,9,0,18,0,0,0,0,1,9,1,1,6,2,23,5,1582,2,1,9,3,9
2017430151740,1,5,0,18,0,8,0,0,0,0,4,1,2,1,37,7,649,1,10,10,1,10
2017430151740,2,9,0,9,0,1,0,0,0,0,3,1,3,2,37,7,1997,2,6,10,2,10
2017430151743,1,9,0,18,0,0,0,0,0,0,1,1,6,1,25,5,1461,2,14,-1,-1,-1
2017430151743,2,9,0,3,0,0,0,0,0,0,2,1,6,2,50,8,-1,-1,-1,10,3,10
2017430151753,1,9,0,18,0,4,0,0,0,0,1,1,6,1,42,7,-1,-1,-1,10,3,10
2017430151753,2,1,0,18,0,8,0,0,0,0,4,1,2,1,39,7,-1,-1,-1,-1,-1,-1
2017430152021,1,9,0,9,0,6,0,0,0,0,3,1,6,2,72,10,1461,2,7,10,2,10
2017430152021,2,2,0,18,0,1,1,0,0,0,1,1,6,1,71,10,350,1,-1,5,1,5
2017430152083,1,9,0,9,0,6,0,0,0,0,1,1,2,2,20,4,1299,1,19,8,3,8
2017430152083,2,9,0,18,0,8,0,0,0,0,1,1,2,1,38,7,1753,2,9,9,3,9
2017430152476,1,9,0,18,0,0,0,0,0,0,3,1,2,1,48,8,1796,1,6,6,1,6
2017430152479,1,19,0,14,0,8,0,0,0,0,4,1,1,1,39,7,1598,2,2,-1,-1,-1
2017430152479,2,19,0,9,0,8,0,0,0,0,1,1,1,1,23,5,1997,2,-1,4,1,4
2017430152490,1,9,0,18,0,0,1,10,7,9,1,1,6,2,33,6,1582,2,2,9,3,9
2017430152511,1,2,0,17,0,1,0,0,0,0,0,1,6,2,16,4,50,1,8,8,2,8
2017430152520,1,9,0,18,0,3,0,0,0,0,2,1,1,1,38,7,1956,2,3,7,1,7
2017430152520,2,21,1,18,0,3,0,0,0,0,1,1,1,1,-1,-1,-1,-1,-1,-1,-1,-1
2017430152531,1,9,0,9,0,8,0,0,0,0,4,1,2,1,46,8,1686,2,14,10,1,10
2017430152531,2,9,0,18,0,8,0,0,0,0,1,1,2,2,56,9,2231,2,9,10,1,10
2017430152535,1,9,0,9,0,5,0,0,0,0,4,1,6,1,44,7,1800,1,17,3,1,3
2017430152535,2,5,0,18,0,8,1,0,0,0,1,1,6,1,35,6,998,1,13,6,1,6
2017430152536,1,9,0,9,0,6,0,0,0,0,1,1,6,1,27,6,2993,2,13,10,2,10
2017430152536,2,9,0,17,0,8,0,0,0,0,1,1,6,1,26,6,1332,1,12,3,1,3
2017430152550,1,90,0,14,0,1,0,0,0,0,4,1,1,1,53,8,2987,2,4,9,1,9
2017430152550,2,9,0,9,0,6,0,0,0,0,1,1,6,1,53,8,1598,1,-1,-1,-1,-1
2017430152554,1,9,0,7,0,6,0,0,0,0,3,1,6,3,-1,-1,-1,-1,-1,-1,-1,-1
2017430152554,2,1,0,18,0,8,1,0,0,0,1,1,6,1,35,6,-1,-1,-1,6,1,6
2017430152562,1,9,0,16,0,0,0,0,1,0,1,1,1,2,19,4,1360,1,7,10,1,10
2017430152562,2,9,0,17,0,0,0,0,0,0,1,1,1,2,44,7,1349,1,9,10,1,10
2017430152589,1,3,0,18,0,8,0,10,4,6,1,1,6,1,19,4,124,1,6,8,1,8
2017430152589,2,9,0,18,0,8,0,0,0,0,0,1,6,2,49,8,1598,1,10,3,1,3
2017430152592,1,9,0,18,0,0,0,0,0,0,0,1,6,3,-1,-1,-1,-1,-1,-1,-1,-1
2017430152592,2,11,0,18,0,0,0,0,0,0,0,1,1,3,-1,-1,-1,-1,-1,-1,-1,-1
2017430152594,1,11,0,9,0,6,0,0,0,0,1,1,6,1,-1,-1,6370,2,9,-1,-1,-1
2017430152594,2,1,0,18,0,8,0,0,0,0,1,1,6,1,26,6,-1,-1,-1,5,1,5
2017430152600,1,9,0,9,0,2,0,0,1,0,4,1,6,2,28,6,1461,2,7,4,1,4
2017430152602,1,9,0,16,0,0,0,0,1,11,1,1,6,1,20,4,1598,2,1,6,1,6
2017430152618,1,9,0,16,0,0,0,0,7,0,1,1,6,2,73,10,1796,1,17,8,1,8
2017430152635,1,9,0,4,0,4,0,0,0,0,1,1,6,1,71,10,2987,2,2,6,3,6
2017430152635,2,9,0,4,0,4,0,0,0,0,2,1,6,1,31,6,-1,-1,-1,8,2,8
2017430152635,3,90,0,18,0,8,0,0,0,0,0,1,1,3,-1,-1,-1,-1,-1,-1,-1,-1
2017430152636,1,9,0,18,0,1,0,0,0,0,4,1,6,1,35,6,1995,2,6,5,1,5
2017430152636,2,19,0,9,0,6,0,0,0,0,1,1,6,1,36,7,1995,2,1,4,1,4
2017430152636,3,19,0,18,0,1,0,0,0,0,1,1,6,1,49,8,2402,2,6,8,2,8
2017430152649,1,9,0,18,0,4,0,0,0,0,1,1,6,1,60,9,1596,1,12,-1,-1,-1
2017430152649,2,9,0,18,0,8,0,0,0,0,1,1,6,1,46,8,1991,1,3,10,1,10
2017430152736,1,9,0,18,0,0,0,0,0,0,1,1,6,1,57,9,1986,2,12,3,1,3
2017430152736,2,9,0,4,0,0,0,0,0,0,2,1,6,2,49,8,1397,1,10,8,1,8
2017430153009,1,8,0,5,0,8,0,0,0,0,1,1,1,1,35,6,2499,2,11,3,1,3
2017430153160,1,9,0,16,0,0,1,0,0,0,3,1,2,1,27,6,-1,-1,-1,9,3,9
2017430153160,2,21,1,17,0,0,0,0,0,0,3,1,1,1,20,4,12777,2,-1,-1,-1,-1
2017430153160,3,19,0,18,0,0,1,0,0,0,1,1,1,1,45,7,2143,2,3,7,1,7
2017430156154,1,9,0,18,0,4,1,9,3,1,1,1,6,1,26,6,1753,2,15,8,2,8
2017430156169,1,9,0,18,0,4,0,0,0,0,1,1,1,2,43,7,1386,1,11,3,1,3
2017430156169,2,9,0,18,0,8,0,0,0,0,4,1,6,2,25,5,1499,1,1,10,1,10
2017430156178,1,9,0,18,0,0,0,0,0,0,1,1,6,2,40,7,1968,2,3,-1,-1,-1
2017430156178,2,9,0,2,0,0,0,0,0,0,3,1,6,2,48,8,1995,2,5,4,1,4
2017430156198,1,9,0,4,0,1,0,0,0,0,2,1,6,2,37,7,1998,2,9,8,1,8
2017430156198,2,9,0,18,0,1,0,0,0,0,1,1,6,2,52,8,2143,2,4,3,1,3
2017430156207,1,9,0,18,0,1,0,0,0,0,1,1,6,1,19,4,1299,1,9,8,1,8
2017430156207,2,9,0,3,0,1,0,0,0,0,2,1,6,2,84,11,1991,2,9,-1,-1,-1
2017430156214,1,3,0,18,0,0,1,0,1,0,0,1,2,2,19,4,125,1,1,3,1,3
2017430156224,1,9,0,18,0,0,2,0,6,0,3,1,2,1,28,6,1388,1,14,5,1,5
2017430156224,2,9,0,18,0,0,0,0,0,0,1,1,2,1,49,8,1896,2,11,10,2,10
2017430156242,1,1,0,18,9,8,0,0,0,0,1,1,4,1,14,3,-1,-1,-1,10,1,10
2017430156242,2,9,0,9,9,6,0,0,0,0,4,1,6,2,32,6,1798,8,4,8,1,8
2017430156257,1,9,0,18,0,0,0,0,0,0,4,1,2,2,29,6,-1,-1,-1,10,1,10
2017430156257,2,1,0,18,0,0,0,0,0,0,3,1,6,2,40,7,-1,-1,-1,9,1,9
2017430156278,1,9,0,18,0,4,0,0,0,0,1,1,6,1,48,8,1749,1,16,2,1,2
2017430156278,2,9,0,18,0,8,0,0,0,0,1,1,6,1,24,5,1390,1,7,3,1,3
2017430156278,3,8,0,18,0,8,0,0,0,0,4,1,6,1,49,8,1797,8,3,2,1,2
2017430156290,1,21,0,6,0,8,0,0,0,0,3,1,1,1,58,9,-1,-1,-1,2,1,2
2017430156290,2,3,0,18,0,8,0,0,0,0,1,1,6,2,23,5,-1,-1,-1,6,1,6
2017430156303,1,9,0,18,0,0,1,0,0,0,1,1,2,1,23,5,1360,1,11,9,3,9
2017430156303,2,9,0,4,0,0,0,0,5,6,2,1,2,2,23,5,1560,2,7,-1,3,-1
2017430156347,1,9,0,9,0,6,0,0,7,0,4,1,6,2,23,5,1389,1,17,8,1,8
2017430156347,2,9,0,18,0,1,0,0,0,0,3,1,6,1,41,7,1364,2,11,3,1,3
2017430156347,3,9,0,2,0,2,0,0,0,0,3,1,6,3,-1,-1,1242,1,8,-1,-1,-1
2017430156387,1,5,0,13,0,0,1,0,0,0,4,1,2,1,44,7,998,1,11,10,2,10
2017430156387,2,9,0,18,0,0,0,0,0,0,1,1,2,2,55,8,-1,-1,-1,10,3,10
2017430156387,3,9,0,18,0,0,0,0,0,0,0,1,6,3,-1,-1,-1,-1,-1,-1,-1,-1
2017430156399,1,9,0,18,0,0,0,0,0,0,1,1,6,1,59,9,1997,1,5,10,1,10
2017430156399,2,9,0,4,0,0,0,0,0,0,2,1,6,1,49,8,1499,2,3,-1,1,-1
2017430156400,1,9,0,9,0,6,0,0,0,0,3,1,6,2,25,5,1461,2,1,2,1,2
2017430156400,2,19,0,18,0,8,0,0,0,0,4,1,1,1,54,8,1686,2,13,10,1,10