Accident_Index,Vehicle_Reference,Vehicle_Type,Towing_and_Articulation,Vehicle_Manoeuvre,Vehicle_Location-Restricted_Lane,Junction_Location,Skidding_and_Overturning,Hit_Object_in_Carriageway,Vehicle_Leaving_Carriageway,Hit_Object_off_Carriageway,1st_Point_of_Impact,Was_Vehicle_Left_Hand_Drive?,Journey_Purpose_of_Driver,Sex_of_Driver,Age_of_Driver,Age_Band_of_Driver,Engine_Capacity_(CC),Propulsion_Code,Age_of_Vehicle,Driver_IMD_Decile,Driver_Home_Area_Type,Vehicle_IMD_Decile
2017430156444,1,9,0,18,0,0,0,0,0,0,1,1,6,1,55,8,2720,2,10,10,3,10
2017430156444,2,9,0,18,0,0,0,0,1,0,1,1,6,1,52,8,-1,-1,-1,5,1,5
2017430156479,1,9,0,9,0,6,0,0,0,0,3,1,6,2,80,11,1242,1,15,5,1,5
2017430156479,2,9,0,18,0,8,0,0,0,0,1,1,6,2,65,9,1390,1,7,6,3,6
2017430157084,1,9,0,18,0,0,0,0,0,0,1,1,1,2,41,7,-1,-1,-1,10,1,10
2017430157084,2,9,0,4,0,0,0,0,0,0,2,1,6,2,49,8,1149,1,13,7,3,7
2017430157084,3,19,0,4,0,0,0,0,0,0,0,1,6,3,-1,-1,-1,-1,-1,-1,-1,-1
2017430157097,1,9,0,18,0,0,1,0,0,0,1,1,1,1,45,7,1797,8,6,4,1,4
2017430157119,1,9,0,18,0,0,0,0,0,0,1,1,6,3,-1,-1,1587,1,10,-1,-1,-1
2017430157119,2,9,0,2,0,0,0,0,0,0,2,1,6,3,-1,-1,2993,2,9,-1,-1,-1
2017430157119,3,9,0,2,0,0,0,0,0,0,2,1,6,3,-1,-1,1598,1,11,-1,-1,-1
2017430157119,4,9,0,2,0,0,0,0,0,0,2,1,6,3,-1,-1,-1,-1,-1,-1,-1,-1
2017430157119,5,9,0,2,0,0,0,0,0,0,2,1,6,3,-1,-1,1598,1,10,-1,-1,-1
2017430157133,1,5,0,13,0,8,0,0,0,0,1,1,6,1,57,9,749,1,24,8,3,8
2017430157133,2,9,0,9,0,8,0,0,0,0,1,1,6,2,35,6,1197,1,1,5,1,5
2017430157133,3,9,0,10,0,8,0,0,0,0,1,1,6,1,78,11,4367,2,3,9,3,9
2017430157170,1,9,0,9,0,5,0,0,0,0,1,1,6,1,30,6,1229,1,12,10,1,10
2017430157170,2,5,0,18,0,8,0,0,0,0,1,1,6,1,40,7,998,1,13,10,1,10
2017430157209,1,9,0,9,0,4,0,0,0,0,1,1,6,2,30,6,2179,2,10,9,3,9
2017430157209,2,1,0,18,0,8,0,0,0,0,2,1,6,1,47,8,-1,-1,-1,9,3,9
2017430157219,1,9,0,18,0,0,0,0,0,0,1,1,6,1,53,8,1598,2,5,10,1,10
2017430157219,2,9,0,18,0,0,0,0,0,0,1,1,6,2,37,7,1995,2,3,6,3,6
2017430157268,1,5,0,13,0,1,1,0,0,0,1,1,1,1,30,6,599,1,10,10,1,10
2017430157268,2,9,0,9,0,5,0,0,0,0,3,1,1,1,25,5,2148,2,10,10,1,10
2017430157268,3,19,0,3,0,1,0,0,0,0,0,1,6,3,-1,-1,-1,-1,-1,-1,-1,-1
2017430157283,1,9,0,7,4,5,0,0,0,0,4,1,6,2,-1,-1,-1,-1,-1,-1,-1,-1
2017430157283,2,1,0,15,4,1,1,0,0,0,1,1,6,1,20,4,-1,-1,-1,8,1,8
2017430157299,1,19,0,18,0,0,5,0,0,0,1,1,6,1,47,8,1499,2,-1,6,1,6
2017430157299,2,9,0,18,0,0,1,0,1,10,1,1,6,1,51,8,1368,1,1,9,2,9
2017430157468,1,9,0,18,0,0,0,4,0,0,1,1,6,1,30,6,2494,1,16,7,1,7
2017430157468,2,9,0,2,0,0,0,0,0,0,1,1,6,3,-1,-1,1997,2,9,7,1,7
2017430158309,1,9,0,5,0,4,0,0,0,0,1,1,2,1,36,7,1995,2,2,8,2,8
2017430158309,2,1,0,9,0,8,0,0,0,0,4,1,2,1,30,6,-1,-1,-1,8,2,8
2017430158336,1,9,0,9,0,6,0,0,0,0,3,1,6,1,43,7,1598,1,10,7,1,7
2017430158336,2,2,0,14,0,1,1,0,0,0,1,1,6,1,17,4,49,1,7,7,1,7
2017430158341,1,9,0,18,0,8,0,0,0,0,3,1,6,1,-1,-1,1560,2,4,-1,-1,-1
2017430158341,2,1,0,18,0,8,0,0,0,0,1,1,6,1,39,7,-1,-1,-1,7,1,7
2017430158355,1,9,0,16,0,0,0,0,0,0,0,1,6,3,-1,-1,-1,-1,-1,-1,-1,-1
2017430158355,2,9,0,17,0,0,0,0,7,1,2,1,6,1,19,4,1598,1,5,10,1,10
2017430158377,1,5,0,18,0,0,0,0,0,6,1,1,6,2,24,5,645,1,5,4,1,4
2017430158377,2,9,0,18,0,0,0,0,0,0,1,1,6,1,35,6,1598,2,5,10,1,10
2017430158382,1,9,0,3,0,0,0,0,0,0,3,1,2,1,39,7,2000,2,8,3,1,3
2017430158382,2,5,0,18,0,0,0,0,0,0,1,1,2,1,34,6,656,1,7,7,1,7
2017430158382,3,19,0,3,0,0,0,0,0,0,4,1,2,1,33,6,1753,2,6,6,1,6
2017430158390,1,9,0,5,0,0,0,0,0,0,3,1,6,2,-1,-1,-1,-1,-1,10,1,10
2017430158390,2,5,0,18,0,0,0,0,0,0,4,1,2,1,58,9,745,1,2,10,1,10
2017430158435,1,9,0,4,0,0,0,0,0,0,1,1,6,1,26,6,1364,1,10,9,1,9
2017430158435,2,9,0,4,0,0,0,0,0,0,2,1,6,1,22,5,2793,1,22,7,3,7
2017430158435,3,9,0,4,0,0,0,0,0,0,2,1,6,2,40,7,1499,1,3,6,1,6
2017430158442,1,9,0,18,0,0,0,0,0,0,1,1,6,2,74,10,1242,1,15,4,1,4
2017430158461,1,9,0,16,0,0,0,0,0,0,0,1,6,1,-1,-1,-1,-1,-1,-1,-1,-1
2017430158461,2,19,0,16,0,0,0,0,4,6,1,1,1,1,54,8,-1,-1,-1,5,1,5
2017430158467,1,3,0,16,0,8,1,0,0,0,4,1,1,1,37,7,125,1,2,3,1,3
2017430158482,1,9,0,2,0,8,0,0,0,0,4,1,1,1,23,5,1248,2,3,6,1,6
2017430158482,2,9,0,9,9,8,0,0,0,0,3,1,6,1,-1,-1,-1,-1,-1,-1,-1,-1
2017430158516,1,9,0,7,0,6,0,0,0,0,1,1,6,2,25,5,998,1,5,-1,-1,-1
2017430158516,2,9,0,3,0,2,0,0,0,0,2,1,2,1,26,6,1990,1,14,7,1,7
2017430158608,1,9,0,14,0,0,1,10,7,2,1,1,6,1,27,6,1596,1,12,3,1,3
2017430158608,2,9,0,17,0,0,0,0,0,0,1,1,6,1,30,6,1968,2,12,-1,-1,-1
2017430158651,1,9,0,17,0,8,1,0,0,0,1,1,6,1,22,5,1149,1,7,10,1,10
2017430158651,2,9,0,16,0,8,1,0,0,0,1,1,6,1,18,4,1149,1,14,6,1,6
2017430158982,1,1,0,18,0,0,0,0,0,0,1,1,6,2,30,6,-1,-1,-1,5,1,5
2017430158982,2,1,0,18,0,0,0,0,0,0,1,1,6,1,51,8,-1,-1,-1,5,1,5
2017430159035,1,9,0,18,0,4,0,0,0,0,1,1,6,2,35,6,1998,1,13,2,1,2
2017430159035,2,1,0,18,0,8,0,0,0,0,2,1,6,1,47,8,-1,-1,-1,2,1,2
2017430159473,1,9,0,9,0,5,0,0,0,0,1,1,6,2,72,10,1781,1,22,10,1,10
2017430159473,2,1,0,18,0,8,0,0,0,0,3,1,2,1,26,6,-1,-1,-1,3,1,3
2017430159504,1,9,0,7,0,6,0,0,0,0,1,1,2,1,64,9,1395,1,4,10,2,10
2017430159504,2,1,0,18,0,1,0,0,0,0,1,1,6,2,-1,-1,-1,-1,-1,10,1,10
2017430159514,1,9,0,18,0,1,0,0,1,11,1,1,6,1,20,4,1968,2,6,3,1,3
2017430159514,2,9,0,7,0,6,0,0,0,0,0,1,6,3,-1,-1,-1,-1,-1,-1,-1,-1
2017430159514,3,9,0,2,0,1,0,0,0,0,2,1,6,3,-1,-1,1248,2,8,-1,-1,-1
2017430159519,1,9,0,18,0,0,5,0,0,0,4,1,6,1,18,4,1149,1,9,6,2,6
2017430159553,1,9,0,11,0,0,0,0,0,0,4,1,6,2,-1,-1,1149,1,9,7,1,7
2017430159553,2,9,0,4,0,0,0,0,0,0,3,1,6,1,40,7,-1,-1,-1,2,1,2
2017430159553,3,9,0,18,0,0,0,0,0,0,1,1,6,2,-1,-1,-1,-1,-1,6,1,6
2017430159556,1,9,0,18,0,0,0,0,0,0,1,1,6,1,36,7,2967,2,4,4,1,4
2017430159570,1,9,0,9,0,6,0,0,0,0,3,1,2,2,43,7,-1,-1,-1,10,1,10
2017430159570,2,3,0,17,0,8,0,0,0,0,1,1,2,2,39,7,-1,-1,-1,10,1,10
2017430159572,1,9,0,18,0,8,0,0,0,0,1,1,6,2,22,5,1198,1,6,10,3,10
2017430159572,2,19,0,9,0,5,0,0,1,0,4,1,2,1,42,7,-1,-1,-1,-1,-1,-1
2017430159581,1,1,0,18,0,0,0,0,0,0,2,1,2,1,51,8,-1,-1,-1,5,1,5
2017430159581,2,9,0,18,0,0,0,0,0,0,1,1,2,2,59,9,1339,1,10,10,1,10
2017430159598,1,9,0,18,0,8,0,0,0,0,1,1,6,1,40,7,1995,2,2,8,1,8
2017430159598,2,1,0,18,0,8,0,0,0,0,1,1,6,2,28,6,-1,-1,-1,10,1,10
2017430159600,1,19,0,9,0,6,0,0,0,0,3,1,2,1,23,5,-1,-1,-1,9,2,9
2017430159600,2,9,0,18,0,1,0,0,0,0,1,1,6,2,40,7,1796,1,12,8,1,8
2017430159601,1,9,0,18,0,8,0,0,0,0,1,1,6,2,25,5,1390,1,2,6,2,6
2017430159601,2,9,0,10,0,5,0,0,7,11,2,1,6,2,39,7,1299,1,10,6,1,6
2017430159606,1,9,0,5,0,1,0,0,0,0,1,1,6,1,28,6,1149,1,19,4,1,4
2017430159606,2,9,0,18,0,1,5,0,7,9,2,1,6,2,58,9,1984,1,1,6,3,6
2017430160214,1,9,0,2,0,0,0,0,0,0,3,1,6,2,48,8,1197,1,6,10,1,10
2017430160214,2,1,0,14,0,0,0,0,0,0,4,1,6,2,30,6,-1,-1,-1,5,1,5
2017430162229,1,9,0,16,0,1,0,0,1,0,1,1,6,2,69,10,1948,1,16,-1,-1,-1
2017430162229,2,8,0,9,0,5,0,0,0,0,2,1,1,1,56,9,-1,-1,-1,-1,-1,-1
2017430162240,1,9,0,18,0,0,0,0,5,6,3,1,6,2,42,7,2148,2,9,8,1,8
2017430162240,2,19,0,18,0,0,2,0,0,0,3,1,1,1,44,7,2464,2,9,9,1,9
2017430162253,1,9,0,13,0,0,0,0,0,0,0,1,1,2,26,6,-1,-1,-1,2,1,2
2017430162253,2,9,0,18,0,0,0,0,0,0,1,1,6,2,43,7,229,1,9,7,1,7
2017430162253,3,9,0,4,0,0,1,0,0,0,2,1,6,2,36,7,1968,2,6,-1,-1,-1
2017430162256,1,19,0,1,0,0,0,0,0,0,2,1,6,3,-1,-1,-1,-1,-1,-1,-1,-1
2017430162256,2,3,0,3,0,0,0,0,0,0,1,1,6,1,64,9,114,1,3,5,1,5
2017430162263,1,9,0,18,0,1,0,0,0,0,1,1,6,2,85,11,1242,1,11,-1,-1,-1
2017430162263,2,9,0,8,0,1,0,0,0,0,2,1,6,2,35,6,1242,1,10,10,1,10
2017430162266,1,9,0,18,0,1,0,0,0,0,1,1,6,3,-1,-1,-1,-1,-1,-1,-1,-1
2017430162280,1,9,0,9,0,5,0,0,0,0,4,1,1,1,38,7,1999,2,2,7,1,7
2017430162280,2,9,0,18,0,8,0,0,0,0,1,1,2,1,45,7,1968,2,3,3,1,3
2017430162294,1,9,0,18,0,0,0,0,4,6,1,1,6,1,58,9,1599,1,11,2,1,2
2017430162295,1,1,0,13,0,1,0,0,0,0,1,1,6,1,19,4,-1,-1,-1,5,1,5
2017430162295,2,9,0,9,0,5,0,0,0,0,3,1,6,1,34,6,1796,1,11,4,1,4
2017430162329,1,9,0,18,0,0,0,0,0,0,1,1,6,3,-1,-1,-1,-1,-1,-1,-1,-1
2017430162340,1,9,0,9,0,3,0,0,0,0,3,1,6,2,59,9,1364,1,10,5,1,5
2017430162340,2,5,0,13,0,3,1,0,0,0,1,1,6,1,27,6,998,1,11,2,1,2
2017430162348,1,9,0,18,0,8,0,0,0,0,1,1,6,1,-1,-1,1968,2,6,-1,-1,-1
2017430162348,2,1,0,9,0,8,0,0,0,0,1,1,6,1,42,7,-1,-1,-1,-1,-1,-1
2017430162359,1,9,0,18,0,0,0,0,0,0,1,1,6,2,58,9,1339,1,11,10,3,10
2017430162359,2,9,0,18,0,0,0,0,0,0,2,1,6,2,23,5,1242,1,14,3,1,3
2017430162359,3,9,0,18,0,0,0,0,0,0,2,1,6,1,59,9,2497,2,11,10,2,10
2017430162360,1,21,1,12,0,0,0,0,0,0,1,2,1,1,30,6,-1,-1,-1,-1,-1,-1
2017430162360,2,9,0,18,0,0,0,0,4,6,4,1,6,2,26,6,1341,1,14,2,1,2
2017430162407,1,9,0,17,0,0,0,0,0,0,1,1,6,2,32,6,1389,1,19,7,3,7
2017430162407,2,9,0,16,0,0,0,0,0,0,1,1,2,1,35,6,1590,1,14,10,1,10
2017430162446,1,9,0,7,0,6,0,0,0,0,1,1,6,2,43,7,2987,2,9,10,1,10
2017430162446,2,1,0,18,0,8,1,0,0,0,1,1,6,2,56,9,-1,-1,-1,6,1,6
2017430162491,1,1,0,18,0,0,1,0,0,0,1,1,6,1,36,7,-1,-1,-1,-1,-1,-1
2017430162512,1,20,0,18,0,0,0,0,0,0,0,1,6,3,-1,-1,-1,-1,-1,-1,-1,-1
2017430162512,2,5,0,18,0,0,1,0,2,10,4,1,1,1,29,6,955,1,17,9,2,9
2017430162547,1,19,0,18,0,0,0,0,0,0,4,1,1,1,50,8,2143,2,4,-1,-1,-1
2017430162611,1,9,0,3,0,1,0,0,1,11,2,1,6,2,45,7,-1,-1,-1,3,1,3
2017430162611,2,9,0,18,0,1,0,0,0,0,1,1,6,3,-1,-1,-1,-1,-1,-1,-1,-1
2017430162621,1,9,0,18,0,0,0,0,0,0,3,1,6,2,43,7,1198,1,4,4,1,4
2017430162704,1,21,0,14,0,0,0,0,0,0,0,1,6,1,22,5,10837,2,1,6,1,6
2017430162704,2,1,0,18,0,0,0,0,0,0,0,1,6,2,41,7,-1,-1,-1,10,1,10
2017430163415,1,9,0,1,0,0,0,0,0,0,2,1,6,1,84,11,1362,1,4,-1,-1,-1
2017430163542,1,9,0,2,0,2,0,0,0,0,3,1,6,2,38,7,1199,1,15,7,1,7
2017430163542,2,1,0,18,0,2,0,4,0,0,1,1,2,2,23,5,-1,-1,-1,8,3,8
2017430163575,1,9,0,9,0,6,0,0,0,0,1,1,6,2,61,9,1390,1,2,9,1,9
2017430163575,2,9,0,18,0,1,0,0,0,0,1,1,6,1,41,7,1596,1,5,10,1,10
2017430163591,1,9,0,14,0,0,0,0,0,0,1,1,6,2,23,5,1598,1,12,10,1,10
2017430163594,1,3,0,18,0,0,1,0,0,0,4,1,6,1,22,5,-1,-1,-1,9,1,9
2017430163594,2,9,0,2,0,0,0,0,0,0,4,1,6,3,-1,-1,1896,2,9,-1,-1,-1
2017430163598,1,2,0,18,0,0,0,0,1,10,1,1,6,1,25,5,49,1,6,7,1,7
2017430163599,1,1,0,18,4,0,1,0,0,0,1,1,6,1,46,8,-1,-1,-1,9,1,9
2017430163599,2,11,0,3,0,0,0,0,0,0,0,1,1,3,-1,-1,-1,-1,-1,-1,-1,-1
2017430163599,3,11,0,3,0,0,0,0,0,0,0,1,1,3,-1,-1,-1,-1,-1,-1,-1,-1
2017430163602,1,1,0,18,0,0,0,0,0,0,4,1,6,1,18,4,-1,-1,-1,-1,-1,-1
2017430163602,2,9,0,18,0,0,0,0,0,0,1,1,1,1,60,9,-1,-1,-1,9,3,9
2017430163605,1,9,0,18,0,1,0,0,0,0,1,1,6,2,51,8,2400,2,1,6,1,6
2017430163605,2,9,0,4,0,1,0,0,1,0,2,1,6,2,49,8,1598,1,9,9,2,9
2017430163654,1,9,0,16,0,0,5,4,7,3,1,1,6,1,25,5,1995,2,12,6,1,6
2017430163654,2,9,0,2,0,0,0,0,0,0,2,1,6,3,-1,-1,1991,1,18,-1,-1,-1
2017430163654,3,9,0,2,0,0,0,0,0,0,1,1,6,3,-1,-1,1598,1,14,-1,-1,-1
2017430163654,4,9,0,2,0,0,0,0,0,0,1,1,6,3,-1,-1,1794,1,13,-1,-1,-1
2017430163654,5,9,0,2,0,0,0,0,0,0,1,1,6,3,-1,-1,2993,2,7,-1,-1,-1
2017430163666,1,5,0,13,0,0,0,0,0,0,1,1,6,1,25,5,675,1,7,8,2,8
2017430163666,2,9,0,18,0,0,0,0,0,0,2,1,2,2,22,5,1560,2,5,7,3,7
2017430163666,3,19,0,18,0,0,0,0,0,0,0,1,6,3,-1,-1,-1,-1,-1,-1,-1,-1
2017430163666,4,1,0,18,0,0,0,0,0,0,0,1,6,3,-1,-1,-1,-1,-1,-1,-1,-1
2017430163676,1,9,0,13,0,0,0,0,0,0,1,1,6,1,25,5,1390,1,15,-1,-1,-1
2017430163676,2,1,0,18,0,0,0,0,0,0,2,1,6,2,22,5,-1,-1,-1,7,1,7
2017430163681,1,3,0,5,0,0,0,0,0,0,0,1,6,1,45,7,125,1,1,10,1,10
2017430163712,1,9,0,16,0,0,0,0,7,4,1,1,2,2,35,6,1339,1,7,7,3,7
2017430163717,1,9,0,6,0,0,0,0,0,0,3,1,6,2,33,6,1685,2,2,10,1,10
2017430163717,2,5,0,18,0,0,0,0,0,0,1,1,6,1,29,6,-1,-1,-1,8,1,8
2017430163722,1,9,0,18,0,0,0,0,0,0,1,1,6,2,57,9,1390,1,12,9,3,9
2017430163722,2,9,0,18,0,0,0,0,0,0,3,1,2,2,41,7,1560,2,9,10,1,10
2017430163722,3,9,0,18,0,0,0,0,0,0,1,1,1,1,31,6,1199,2,3,5,1,5
2017430163755,1,19,0,18,0,3,1,10,7,7,1,1,6,2,29,6,-1,-1,-1,1,1,1
2017430163767,1,9,0,7,0,5,0,0,0,0,1,1,6,2,23,5,1598,1,12,2,1,2
2017430163767,2,1,0,18,4,1,0,0,0,0,1,1,6,1,45,7,-1,-1,-1,-1,-1,-1
2017430163792,1,9,0,18,0,0,1,0,0,0,1,1,6,2,19,4,998,1,8,9,2,9
2017430163792,2,9,0,3,0,0,0,0,0,0,2,1,6,1,29,6,1956,2,1,2,1,2
2017430163792,3,9,0,3,0,0,0,0,0,0,2,1,6,2,33,6,1388,1,7,2,2,2
2017430163841,1,9,0,9,0,6,0,0,0,0,3,1,1,1,48,8,-1,-1,-1,4,2,4
2017430163841,2,9,0,18,0,8,0,0,0,0,4,1,6,1,71,10,1240,1,14,10,2,10
2017430163879,1,9,0,18,0,6,0,0,3,10,1,1,6,1,89,11,1999,1,1,10,1,10
2017430163925,1,1,0,18,0,0,0,10,8,11,1,1,6,1,11,3,-1,-1,-1,10,1,10
2017430163925,2,9,0,18,0,0,0,0,0,0,0,1,6,2,53,8,3628,2,10,10,1,10
2017430163957,1,9,0,18,0,0,0,0,0,0,1,1,6,1,25,5,1968,2,10,5,1,5
2017430163957,2,9,0,18,0,0,0,0,0,0,1,1,1,1,35,6,-1,-1,-1,-1,-1,-1
2017430163982,1,9,0,5,0,1,0,0,0,0,1,1,6,1,53,8,995,1,8,10,1,10
2017430163982,2,9,0,3,0,1,0,0,0,0,2,1,6,2,34,6,2204,2,8,7,2,7
2017430164114,1,9,0,18,0,8,0,0,0,0,1,1,6,2,33,6,1560,2,6,10,1,10
2017430164114,2,9,0,9,0,6,0,0,0,0,3,1,6,1,87,11,998,1,14,10,1,10
2017430164226,1,9,0,12,0,2,0,0,0,0,3,1,6,1,-1,-1,1461,2,-1,-1,-1,-1
2017430164226,2,9,0,3,0,2,0,0,0,0,4,1,3,1,37,7,1296,1,10,5,1,5
2017430164227,1,9,0,12,0,3,0,0,0,0,3,1,6,2,30,6,1950,2,1,-1,-1,-1
2017430164227,2,9,0,18,0,3,0,0,0,0,4,1,6,2,30,6,1598,2,4,4,1,4
2017430164869,1,9,0,18,0,0,0,0,0,0,4,1,6,2,-1,-1,-1,-1,-1,-1,-1,-1
2017430164899,1,9,0,18,0,0,0,0,0,0,4,1,2,1,44,7,2496,2,14,9,1,9
2017430164918,1,5,0,18,7,0,0,0,0,0,1,1,6,1,53,8,1690,1,-1,2,1,2
2017430164918,2,21,1,2,6,0,0,0,0,0,2,1,1,1,48,8,-1,-1,-1,-1,-1,-1
2017430164930,1,9,0,9,0,6,0,0,0,0,3,1,1,1,79,11,-1,-1,-1,8,3,8
2017430164930,2,10,0,18,0,1,1,0,0,0,1,1,2,1,19,4,-1,-1,-1,7,1,7
2017430164983,1,9,0,3,0,0,0,0,0,0,3,1,3,1,45,7,999,1,4,10,1,10
2017430164983,2,9,0,3,0,0,0,0,0,0,4,1,6,1,-1,-1,1590,1,17,-1,-1,-1
2017430164987,1,9,0,12,0,0,0,0,0,0,2,1,6,2,41,7,2401,2,13,9,1,9
2017430164987,2,9,0,18,0,0,0,0,0,0,1,1,6,1,21,5,1995,2,8,2,1,2
2017430164987,3,9,0,18,0,0,0,0,0,0,0,1,6,1,27,6,1395,1,2,8,1,8
2017430165044,1,9,0,18,0,0,5,4,0,0,1,1,6,2,25,5,1199,1,16,-1,-1,-1
2017430165044,2,9,0,2,0,0,0,0,0,0,1,1,6,1,35,6,1560,2,5,4,1,4
2017430165044,3,9,0,2,0,0,0,0,0,0,4,1,6,2,73,10,1388,1,8,4,1,4
2017430165044,4,9,0,2,0,0,0,0,0,0,3,1,6,2,25,5,1198,1,9,4,1,4
2017430165051,1,9,0,16,0,3,1,7,0,0,1,1,1,2,32,6,1229,1,1,6,1,6
2017430165111,1,19,0,9,0,3,0,0,0,0,0,1,6,1,52,8,-1,-1,-1,-1,-1,-1
2017430165111,2,9,0,18,0,4,0,0,0,0,2,1,6,2,52,8,1242,1,8,-1,-1,-1
2017430165111,3,5,0,18,0,4,0,0,0,0,0,1,6,1,45,7,675,1,10,-1,-1,-1
2017430165129,1,19,0,9,0,8,0,0,0,0,3,1,6,1,28,6,-1,-1,-1,-1,-1,-1
2017430165129,2,1,0,3,4,8,0,0,0,0,1,1,6,1,50,8,-1,-1,-1,8,1,8
2017430165148,1,1,0,18,0,0,0,0,0,0,1,1,6,1,49,8,-1,-1,-1,10,1,10
2017430165206,1,9,0,7,4,0,0,0,0,0,1,1,6,1,-1,-1,-1,-1,-1,-1,-1,-1
2017430165206,2,1,0,18,4,0,0,0,0,0,3,1,6,1,40,7,-1,-1,-1,5,1,5
2017430165214,1,11,0,7,2,2,0,0,0,0,3,1,1,1,55,8,4461,2,3,3,1,3
2017430165214,2,1,0,13,0,2,0,0,0,0,1,1,6,1,14,3,-1,-1,-1,6,1,6
2017430165245,1,9,0,9,0,5,0,0,0,0,1,1,6,1,77,11,995,1,9,10,2,10
2017430165245,2,1,0,18,0,8,0,0,0,0,1,1,6,1,53,8,-1,-1,-1,9,3,9
2017430165323,1,9,0,8,0,1,0,0,0,0,4,1,3,1,45,7,1599,1,9,7,1,7
2017430165323,2,1,0,18,0,1,0,0,0,0,1,1,6,2,36,7,-1,-1,-1,8,1,8
2017430165434,1,9,0,9,0,8,0,0,0,0,1,1,6,2,53,8,2143,2,-1,6,1,6
2017430165434,2,9,0,10,0,8,0,0,0,0,2,1,6,2,31,6,1587,1,10,2,1,2
2017430165491,1,1,0,18,0,0,0,0,0,0,1,1,1,1,20,4,-1,-1,-1,4,1,4
2017430165491,2,9,0,18,0,0,0,0,0,0,4,1,1,1,39,7,1968,2,9,7,1,7
2017430165555,1,9,0,18,0,1,0,0,0,0,1,1,2,2,29,6,1149,1,2,8,1,8
2017430165917,1,9,0,18,0,7,1,0,0,0,1,1,6,1,30,6,1242,1,14,3,1,3
2017430165917,2,21,0,18,0,8,0,0,0,0,4,1,1,1,69,10,-1,-1,-1,6,1,6
2017430165946,1,9,0,16,0,1,0,0,0,0,0,1,1,1,29,6,2400,2,3,7,1,7
2017430165946,2,9,0,16,0,1,1,4,1,4,1,1,6,1,28,6,1229,1,2,-1,-1,-1
2017430165946,3,9,0,2,0,1,0,0,0,0,4,1,6,3,-1,-1,998,1,-1,-1,-1,-1
2017430165958,1,9,0,18,0,1,0,0,0,0,1,1,6,1,-1,-1,-1,-1,-1,-1,-1,-1
2017430165958,2,9,0,3,0,1,0,0,0,0,2,1,2,2,27,6,-1,-1,-1,10,1,10
2017430165990,1,9,0,18,0,1,0,0,0,0,1,1,6,1,19,4,1995,2,11,3,1,3
2017430165990,2,19,0,3,0,1,0,0,0,0,2,1,6,1,27,6,1686,2,14,3,1,3
2017430165990,3,9,0,3,0,1,0,0,0,0,2,1,6,1,37,7,973,1,14,2,1,2
2017430165996,1,9,0,18,0,8,0,0,0,0,4,1,6,2,68,10,1998,1,14,8,1,8
2017430166004,1,9,0,18,0,1,0,0,0,0,1,1,6,1,24,5,2993,2,10,10,3,10
2017430166074,1,9,0,17,0,0,2,0,1,4,1,1,6,1,17,4,1242,1,12,9,2,9
2017430166080,1,19,0,18,0,6,0,0,7,1,4,1,1,1,43,7,1461,2,2,6,3,6
2017430166080,2,9,0,18,0,8,1,0,0,0,1,1,6,2,39,7,2922,1,21,8,1,8
2017430166089,1,20,0,18,0,0,0,0,0,0,0,1,6,2,39,7,3920,2,14,9,3,9
2017430166122,1,9,0,18,0,1,0,0,0,0,1,1,6,1,34,6,1796,1,11,4,1,4
2017430166127,1,19,0,18,0,8,0,0,0,0,1,1,6,1,57,9,2402,2,12,9,3,9
2017430166127,2,9,0,18,0,8,0,0,0,0,4,1,6,2,25,5,-1,-1,-1,7,1,7
2017430166141,1,21,1,18,0,0,0,0,0,0,1,1,1,1,33,6,16400,2,3,5,2,5
2017430166141,2,19,0,18,0,0,0,0,0,0,2,1,1,2,47,8,2477,2,15,5,1,5
2017430166141,3,21,2,18,0,0,0,0,0,0,2,1,1,1,53,8,-1,2,34,10,3,10
2017430166141,4,9,0,18,0,0,0,0,0,0,0,1,6,1,36,7,3189,1,13,2,1,2
2017430166162,1,1,0,18,0,0,0,0,0,0,1,1,6,1,39,7,-1,-1,-1,5,1,5
2017430166162,2,8,0,18,0,0,0,0,0,0,1,1,1,3,-1,-1,-1,-1,-1,-1,-1,-1
2017430166167,1,8,0,18,0,4,0,0,0,0,1,1,1,1,38,7,1798,8,3,10,1,10
2017430166167,2,5,0,18,0,8,0,0,0,0,1,1,1,1,37,7,1301,1,2,7,2,7
2017430166176,1,9,0,9,0,6,0,0,0,0,3,1,6,2,20,4,1997,1,8,10,1,10
2017430166176,2,5,0,18,0,1,0,0,0,0,1,1,6,1,63,9,1246,1,11,9,3,9
2017430166179,1,9,0,9,0,6,0,0,0,0,1,1,6,2,77,11,1974,1,27,10,1,10
2017430166179,2,9,0,18,0,8,0,0,0,0,3,1,6,1,59,9,998,1,3,4,1,4
2017430166332,1,9,0,9,0,6,0,0,0,0,1,1,6,2,76,11,1198,1,9,9,1,9
2017430166332,2,3,0,18,0,8,0,0,0,0,4,1,6,1,39,7,124,1,11,9,1,9
2017430166397,1,9,0,18,0,0,0,0,0,0,1,1,6,1,72,10,2204,2,10,4,1,4
2017430166397,2,9,0,18,0,0,0,0,0,0,1,1,6,2,63,9,1598,2,3,6,3,6
2017430166481,1,21,4,13,0,8,0,0,0,0,4,1,1,1,56,9,12740,2,-1,7,1,7
2017430166481,2,17,0,18,0,8,0,7,1,1,3,1,1,1,37,7,4400,2,7,5,1,5