Accident_Index,Vehicle_Reference,Vehicle_Type,Towing_and_Articulation,Vehicle_Manoeuvre,Vehicle_Location-Restricted_Lane,Junction_Location,Skidding_and_Overturning,Hit_Object_in_Carriageway,Vehicle_Leaving_Carriageway,Hit_Object_off_Carriageway,1st_Point_of_Impact,Was_Vehicle_Left_Hand_Drive?,Journey_Purpose_of_Driver,Sex_of_Driver,Age_of_Driver,Age_Band_of_Driver,Engine_Capacity_(CC),Propulsion_Code,Age_of_Vehicle,Driver_IMD_Decile,Driver_Home_Area_Type,Vehicle_IMD_Decile
2017430167144,1,9,0,16,0,0,0,0,0,0,1,1,6,1,17,4,1600,1,19,9,1,9
2017430167144,2,9,0,18,0,0,0,0,0,0,1,1,6,2,51,8,998,1,3,10,1,10
2017430167146,1,9,0,9,0,5,0,0,0,0,3,1,6,1,39,7,1198,1,9,2,1,2
2017430167146,2,3,0,13,0,8,0,0,0,0,1,1,1,1,19,4,108,1,3,10,1,10
2017430167175,1,9,0,18,0,0,1,0,1,3,1,1,6,2,21,5,1229,1,8,7,3,7
2017430167178,1,3,0,18,0,1,1,4,0,0,1,1,6,1,18,4,124,1,4,10,1,10
2017430167178,2,9,0,4,0,1,0,0,0,0,2,1,6,1,30,6,1499,1,-1,8,1,8
2017430167188,1,9,0,16,0,0,0,0,0,0,1,1,6,2,71,10,1896,2,9,10,2,10
2017430167188,2,9,0,17,0,0,0,0,0,0,1,1,1,1,24,5,3500,1,15,1,1,1
2017430167251,1,9,0,7,0,5,0,0,0,0,1,1,6,2,18,4,1364,2,11,4,1,4
2017430167251,2,1,0,18,4,8,0,0,0,0,3,1,6,1,40,7,-1,-1,-1,6,1,6
2017430167257,1,9,0,18,0,8,0,0,0,0,1,1,1,1,-1,-1,-1,-1,-1,-1,-1,-1
2017430167257,2,1,0,18,0,8,0,0,0,0,4,1,2,1,41,7,-1,-1,-1,10,1,10
2017430167258,1,9,0,7,0,6,0,0,0,0,1,1,6,1,25,5,1599,1,8,-1,1,-1
2017430167258,2,9,0,18,0,1,0,0,0,0,1,1,1,1,45,7,1560,2,5,9,1,9
2017430167260,1,9,0,4,0,1,0,0,0,0,2,1,6,2,33,6,1968,2,3,8,1,8
2017430167260,2,9,0,18,0,1,0,0,0,0,1,1,6,2,34,6,1896,2,14,5,1,5
2017430167272,1,9,0,18,0,0,0,4,7,0,1,1,6,2,41,7,1395,1,1,9,3,9
2017430167272,2,21,0,2,0,0,0,0,7,0,1,1,1,1,46,8,-1,-1,-1,8,2,8
2017430167272,3,9,0,2,0,0,0,0,0,0,4,1,6,3,-1,-1,2993,2,4,-1,-1,-1
2017430167286,1,9,0,18,0,0,0,0,0,0,1,1,6,1,29,6,1968,2,4,6,1,6
2017430167286,2,1,0,16,0,0,0,0,0,0,3,1,6,1,17,4,-1,-1,-1,3,1,3
2017430167289,1,9,0,4,0,1,1,0,1,0,1,1,1,1,32,6,-1,-1,-1,10,3,10
2017430167289,2,19,0,10,0,1,0,0,7,9,2,1,1,1,28,6,2198,2,1,2,1,2
2017430167308,1,9,0,5,0,4,0,0,0,0,1,1,3,1,48,8,1242,1,1,10,1,10
2017430167308,2,1,0,18,0,3,0,0,0,0,2,1,2,2,22,5,-1,-1,-1,-1,-1,-1
2017430167326,1,1,0,18,0,0,0,0,0,0,1,1,6,1,23,5,-1,-1,-1,6,1,6
2017430167326,2,1,0,18,0,0,0,0,0,0,1,1,6,1,20,4,-1,-1,-1,6,1,6
2017430167338,1,9,0,9,0,8,0,0,0,0,3,1,1,1,17,4,1390,1,14,10,1,10
2017430167338,2,1,0,13,0,1,0,0,0,0,1,1,1,1,40,7,-1,-1,-1,10,1,10
2017430167343,1,9,0,18,0,0,0,0,0,0,1,1,6,1,-1,-1,1997,2,13,-1,-1,-1
2017430167343,2,9,0,3,0,0,0,0,0,0,2,1,1,1,46,8,1496,2,1,10,1,10
2017430167346,1,9,0,18,0,1,0,0,0,0,1,1,6,1,19,4,1242,1,14,9,1,9
2017430167346,2,9,0,18,0,1,0,0,0,0,2,1,6,2,53,8,1896,2,14,9,3,9
2017430167420,1,9,0,1,2,6,0,0,0,0,2,1,1,1,27,6,-1,-1,-1,6,1,6
2017430167420,2,11,0,18,2,1,0,0,0,0,4,1,1,1,35,6,4500,2,6,3,1,3
2017430167457,1,3,0,4,0,1,1,0,0,0,3,1,6,1,27,6,124,1,1,8,1,8
2017430167489,1,9,0,18,0,0,5,0,5,6,1,1,6,2,34,6,999,1,1,4,1,4
2017430167489,2,9,0,18,0,0,0,0,0,0,0,1,6,1,23,5,1360,1,15,10,2,10
2017430167829,1,9,0,18,0,6,0,0,7,0,1,1,6,1,30,6,2171,1,14,6,1,6
2017430167829,2,9,0,18,0,8,5,0,7,0,4,1,6,1,27,6,1242,1,3,4,1,4
2017430168230,1,9,0,4,0,1,0,0,0,0,4,1,6,2,17,4,1299,1,14,9,1,9
2017430168505,1,4,0,18,0,0,0,0,0,0,4,1,2,1,46,8,125,1,3,5,1,5
2017430168505,2,9,0,18,0,0,0,0,0,0,2,1,2,2,26,6,1386,1,13,9,3,9
2017430168511,1,9,0,17,0,0,1,0,7,4,1,1,1,1,20,4,-1,-1,-1,9,1,9
2017430168519,1,9,0,9,0,8,0,0,0,0,3,1,1,2,57,9,1595,2,8,-1,-1,-1
2017430168519,2,5,0,13,0,8,0,0,0,0,1,1,6,1,56,9,599,1,16,10,1,10
2017430168553,1,9,0,18,0,1,0,0,0,0,1,1,6,1,25,5,-1,-1,-1,-1,-1,-1
2017430168553,2,9,0,4,0,1,0,0,0,0,2,1,6,2,48,8,998,1,18,1,1,1
2017430170161,1,9,0,9,0,6,0,0,0,0,3,1,1,2,29,6,-1,-1,-1,-1,-1,-1
2017430170161,2,9,0,18,0,1,0,0,0,0,1,1,6,1,61,9,1596,1,11,4,1,4
2017430170195,1,9,0,18,0,0,0,0,0,0,1,1,1,1,39,7,-1,-1,-1,5,1,5
2017430170195,2,21,1,18,0,0,0,0,0,0,2,2,1,1,50,8,-1,-1,-1,-1,-1,-1
2017430170217,1,9,0,4,0,0,0,0,0,0,1,1,6,1,56,9,-1,-1,-1,10,1,10
2017430170217,2,9,0,3,0,0,0,0,0,0,2,1,6,1,25,5,1596,1,7,5,1,5
2017430170217,3,9,0,3,0,0,0,0,0,0,2,1,6,2,63,9,1598,1,5,9,3,9
2017430170225,1,9,0,18,0,1,1,0,1,9,1,1,2,1,47,8,-1,-1,-1,6,1,6
2017430170225,2,9,0,13,0,1,0,0,0,0,0,1,6,3,-1,-1,-1,-1,-1,-1,-1,-1
2017430170236,1,9,0,13,0,0,0,0,0,0,4,1,6,3,-1,-1,-1,-1,-1,-1,-1,-1
2017430170236,2,1,0,17,0,0,0,0,0,0,3,1,6,1,15,3,-1,-1,-1,1,1,1
2017430170236,3,9,0,16,0,0,0,0,0,0,0,1,6,3,-1,-1,-1,-1,-1,-1,-1,-1
2017430170248,1,3,0,16,0,0,0,0,0,0,1,1,6,1,26,6,-1,-1,-1,10,1,10
2017430170248,2,9,0,17,0,0,0,0,0,0,1,1,6,1,56,9,1598,2,4,9,1,9
2017430170251,1,3,0,4,0,0,1,0,0,0,1,1,2,1,17,4,125,1,4,9,3,9
2017430170251,2,9,0,4,0,0,0,0,0,0,2,1,6,2,42,7,1968,2,4,-1,-1,-1
2017430170255,1,9,0,7,0,6,0,0,0,0,1,1,2,1,41,7,1596,1,16,-1,-1,-1
2017430170255,2,1,0,18,0,8,0,0,0,0,2,1,2,1,56,9,-1,-1,-1,3,1,3
2017430170273,1,19,0,5,0,4,0,0,0,0,1,1,1,1,61,9,1995,2,4,5,1,5
2017430170273,2,9,0,5,0,4,0,0,0,0,2,1,6,2,41,7,1339,1,10,10,1,10
2017430170291,1,19,0,1,0,1,0,0,0,0,2,1,6,3,-1,-1,2198,2,7,-1,-1,-1
2017430170291,2,9,0,18,0,1,0,0,0,0,3,1,2,1,47,8,1560,2,9,7,1,7
2017430170424,1,9,0,18,0,0,5,4,0,0,1,1,6,1,85,11,1796,1,9,10,2,10
2017430170424,2,9,0,2,0,0,0,0,0,0,2,1,6,1,-1,-1,2720,2,10,-1,-1,-1
2017430170474,1,9,0,18,0,0,0,0,1,9,1,1,6,1,64,9,1598,1,11,7,1,7
2017430170483,1,9,0,18,0,0,1,0,0,0,1,1,6,2,31,6,1995,2,15,5,1,5
2017430170483,2,9,0,3,0,0,0,0,0,0,2,1,6,2,26,6,1364,2,4,6,1,6
2017430170483,3,9,0,3,0,0,0,0,0,0,2,1,6,1,46,8,-1,-1,-1,3,1,3
2017430170562,1,2,0,4,0,1,1,0,0,0,0,1,6,1,16,4,49,1,1,3,1,3
2017430170562,2,2,0,4,0,1,1,0,0,0,0,1,6,1,17,4,49,1,4,7,1,7
2017430170612,1,9,0,9,0,6,0,0,0,0,1,1,6,2,25,5,1108,1,8,7,3,7
2017430170612,2,9,0,18,0,8,1,0,7,0,1,1,6,1,35,6,2996,2,18,8,3,8
2017430170716,1,9,0,9,0,6,0,0,0,0,3,1,2,1,35,6,1596,1,11,9,1,9
2017430170716,2,11,0,18,0,1,0,0,0,0,1,1,1,1,47,8,12000,2,10,9,2,9
2017430170799,1,11,0,9,0,8,0,0,0,0,3,1,1,1,-1,-1,-1,-1,-1,-1,-1,-1
2017430170799,2,9,0,18,0,3,0,0,0,0,4,1,6,1,42,7,-1,-1,-1,3,1,3
2017430170841,1,19,0,4,0,0,0,0,0,0,1,1,6,1,23,5,1753,2,14,9,3,9
2017430170841,2,9,0,4,0,0,0,0,0,0,2,1,6,1,43,7,-1,-1,-1,6,1,6
2017430170865,1,9,0,9,0,5,0,0,0,0,1,1,6,1,77,11,1398,1,15,8,1,8
2017430170865,2,9,0,18,0,1,0,0,0,0,1,1,2,2,27,6,599,1,15,6,1,6
2017430170969,1,9,0,17,0,2,1,0,7,10,1,1,6,2,20,4,1199,1,14,10,1,10
2017430171633,1,11,0,16,0,1,0,0,0,0,0,1,1,3,-1,-1,-1,-1,-1,-1,-1,-1
2017430171633,2,1,0,18,0,1,0,0,0,0,0,1,6,1,58,9,-1,-1,-1,9,1,9
2017430171857,1,21,0,18,0,1,1,0,0,0,1,1,1,1,26,6,4462,2,4,7,3,7
2017430171857,2,19,0,18,0,1,0,0,0,0,2,1,1,1,49,8,1686,2,6,6,3,6
2017430171857,3,19,0,10,0,1,0,0,0,0,2,1,1,1,27,6,1560,2,5,6,1,6
2017430171868,1,9,0,18,0,1,0,0,0,0,1,1,6,1,-1,-1,-1,-1,-1,-1,-1,-1
2017430171868,2,9,0,8,0,1,0,0,0,0,2,1,6,2,49,8,1368,1,10,9,1,9
2017430171877,1,8,0,18,0,6,0,0,0,0,4,1,1,1,40,7,1995,2,5,1,1,1
2017430171877,2,9,0,18,0,8,0,0,0,0,1,1,6,1,43,7,2993,2,-1,10,1,10
2017430171966,1,9,0,9,0,5,0,0,0,0,1,1,6,1,77,11,-1,-1,-1,-1,3,-1
2017430171966,2,1,0,18,0,8,0,0,0,0,3,1,6,1,47,8,-1,-1,-1,6,2,6
2017430171966,3,9,0,8,0,1,0,0,0,0,3,1,6,2,-1,-1,-1,-1,-1,-1,-1,-1
2017430171970,1,9,0,9,0,5,0,0,0,0,4,1,6,1,50,8,2497,1,11,9,2,9
2017430171970,2,1,0,18,0,1,0,0,0,0,1,1,6,1,55,8,-1,-1,-1,10,1,10
2017430171973,1,9,0,18,0,0,0,0,0,0,3,1,6,3,-1,-1,-1,-1,-1,-1,-1,-1
2017430172130,1,9,0,16,0,0,0,0,7,0,3,1,6,2,76,11,1968,2,11,10,2,10
2017430172130,2,9,0,17,0,0,0,0,1,0,3,1,6,1,51,8,1587,1,18,4,1,4
2017430172284,1,9,0,18,0,0,0,0,0,0,1,1,6,3,-1,-1,-1,-1,-1,-1,-1,-1
2017430172342,1,9,0,18,0,1,0,0,0,0,1,1,6,1,-1,-1,1596,1,12,-1,-1,-1
2017430172342,2,9,0,8,0,1,0,0,0,0,2,1,6,2,26,6,1198,1,1,4,1,4
2017430173030,1,9,0,9,0,6,0,0,0,0,3,1,6,2,36,7,2231,2,10,7,3,7
2017430173030,2,1,0,18,0,8,0,0,0,0,1,1,6,1,54,8,-1,-1,-1,10,1,10
2017430173202,1,9,0,18,0,0,5,0,0,0,1,1,2,2,54,8,1798,1,4,9,2,9
2017430173202,2,9,0,3,0,0,0,0,0,0,2,1,2,1,48,8,1997,2,13,3,1,3
2017430173202,3,9,0,3,0,0,0,0,0,0,2,1,2,1,60,9,1968,2,7,10,1,10
2017430173250,1,11,0,18,0,0,0,0,0,0,1,1,1,1,-1,-1,6370,2,5,-1,-1,-1
2017430173250,2,1,0,18,0,0,0,0,0,0,1,1,6,2,44,7,-1,-1,-1,8,1,8
2017430173392,1,9,0,7,0,3,0,0,0,0,4,1,1,1,52,8,1997,2,4,9,1,9
2017430173392,2,9,0,9,0,3,0,0,0,0,3,1,1,2,38,7,-1,-1,-1,7,3,7
2017430174057,1,9,0,18,0,0,0,0,0,0,0,1,6,1,20,4,1242,1,7,8,1,8
2017430174057,2,9,0,18,0,0,0,0,1,0,0,1,2,1,43,7,1587,1,17,1,1,1
2017430174057,3,9,0,18,0,0,0,0,0,0,0,1,2,1,52,8,899,1,4,10,2,10
2017430174132,1,9,0,18,0,0,0,0,8,10,1,1,2,1,21,5,1598,1,15,10,1,10
2017430174132,2,9,0,18,0,0,0,0,0,0,0,1,6,3,-1,-1,-1,-1,-1,-1,-1,-1
2017430174200,1,9,0,18,0,0,5,0,7,11,1,1,6,1,22,5,1360,1,10,10,1,10
2017430174240,1,9,0,9,0,8,0,0,0,0,1,1,6,1,-1,-1,-1,-1,-1,8,1,8
2017430174240,2,1,0,18,0,8,1,0,0,0,1,1,2,1,35,6,-1,-1,-1,7,1,7
2017430174267,1,5,0,18,0,0,1,0,0,0,1,1,6,1,62,9,650,1,61,5,1,5
2017430174267,2,9,0,4,0,0,0,0,0,0,2,1,6,1,75,10,1796,1,11,10,2,10
2017430174312,1,9,0,18,0,0,0,0,1,11,1,1,6,1,79,11,1596,1,3,10,2,10
2017430174312,2,19,0,2,0,0,0,0,0,0,2,1,6,3,-1,-1,1753,2,9,-1,-1,-1
2017430174342,1,9,0,9,0,4,0,0,0,0,3,1,1,2,45,7,1599,1,11,6,1,6
2017430174342,2,11,0,18,0,8,0,0,0,0,1,1,1,1,57,9,4500,2,5,6,1,6
2017430174371,1,9,0,3,0,4,0,0,0,0,2,1,6,1,27,6,1299,1,15,3,1,3
2017430174371,2,9,0,5,0,4,0,0,0,0,1,1,6,2,24,5,1242,1,-1,5,1,5
2017430174564,1,9,0,9,0,6,0,0,0,0,1,1,1,1,40,7,5461,1,2,9,1,9
2017430174564,2,3,0,18,0,1,0,0,0,0,1,1,2,1,18,4,125,1,3,5,1,5
2017430174666,1,9,0,2,0,1,0,0,0,0,2,1,1,1,52,8,-1,-1,-1,3,1,3
2017430174666,2,1,0,14,0,1,0,8,0,0,1,1,6,1,24,5,-1,-1,-1,9,1,9
2017430174774,1,19,0,3,0,1,0,0,0,0,1,1,2,1,26,6,1995,2,9,7,1,7
2017430174774,2,8,0,3,0,1,0,0,0,0,2,1,1,1,28,6,1798,8,3,6,1,6
2017430174791,1,9,0,1,0,0,0,0,0,0,1,1,6,2,22,5,1242,1,2,5,3,5
2017430174791,2,9,0,18,0,0,0,0,0,0,2,1,6,1,25,5,1995,2,1,6,1,6
2017430174814,1,9,0,18,0,1,0,0,0,0,1,1,6,1,20,4,1798,8,4,5,1,5
2017430174814,2,9,0,3,0,1,0,0,0,0,2,1,6,3,-1,-1,-1,-1,-1,10,1,10
2017430174854,1,8,0,14,0,2,0,0,0,0,1,1,1,1,49,8,1461,2,4,4,1,4
2017430174854,2,9,0,14,0,1,0,0,0,0,1,1,3,2,43,7,2993,2,8,9,3,9
2017430174927,1,9,0,18,9,0,0,0,0,0,4,1,3,2,49,8,-1,-1,-1,-1,-1,-1
2017430175318,1,9,0,9,0,8,0,0,0,0,1,1,6,1,24,5,2616,1,11,7,1,7
2017430175318,2,3,0,18,0,8,0,0,0,0,1,1,6,1,24,5,125,1,-1,6,1,6
2017430175329,1,9,0,18,0,0,0,0,7,2,1,1,6,1,81,11,1598,1,10,9,2,9
2017430175334,1,9,0,18,0,1,0,10,7,2,1,1,6,1,-1,-1,1984,1,11,-1,-1,-1
2017430175342,1,9,0,18,0,8,0,0,0,0,4,1,6,2,33,6,1587,1,15,6,1,6
2017430175342,2,1,0,18,0,8,0,0,0,0,1,1,6,1,13,3,-1,-1,-1,5,1,5
2017430175359,1,9,0,5,0,0,0,0,0,0,1,1,6,2,-1,-1,1197,1,-1,5,1,5
2017430175359,2,1,0,18,0,0,0,0,0,0,4,1,4,1,14,3,-1,-1,-1,4,1,4
2017430175363,1,19,0,9,0,5,0,0,0,0,1,1,6,1,23,5,2198,2,4,7,3,7
2017430175363,2,9,0,3,0,8,0,0,0,0,1,1,6,2,44,7,1689,2,14,9,1,9
2017430175383,1,9,0,18,0,0,0,0,0,0,1,1,6,1,-1,-1,1796,1,6,-1,-1,-1
2017430175383,2,9,0,4,0,0,0,0,1,0,2,1,2,2,46,8,-1,-1,-1,-1,-1,-1
2017430175402,1,9,0,13,0,0,1,0,0,0,1,1,2,1,53,8,-1,-1,-1,1,1,1
2017430175402,2,9,0,18,0,0,1,0,0,0,1,1,2,1,47,8,1328,1,7,-1,-1,-1
2017430175402,3,1,0,1,0,0,0,0,0,0,0,1,6,3,-1,-1,-1,-1,-1,-1,-1,-1
2017430175409,1,1,0,12,0,1,0,0,0,0,3,1,6,1,22,5,-1,-1,-1,6,1,6
2017430175409,2,9,0,18,0,1,0,0,0,0,4,1,6,2,25,5,1798,1,11,10,1,10
2017430175439,1,19,0,18,0,1,0,0,0,0,1,1,6,1,48,8,1753,2,5,10,3,10
2017430175439,2,9,0,10,0,1,0,0,0,0,2,1,6,2,52,8,1560,2,5,9,3,9
2017430175447,1,1,0,18,0,0,0,0,0,0,0,1,6,1,23,5,-1,-1,-1,10,3,10
2017430175450,1,9,0,18,0,1,0,0,0,0,1,1,6,3,-1,-1,-1,-1,-1,-1,-1,-1
2017430175450,2,9,0,3,0,1,0,0,0,0,2,1,6,1,56,9,-1,-1,-1,10,1,10
2017430175457,1,9,0,18,0,8,0,0,0,0,4,1,6,2,43,7,998,1,9,3,1,3
2017430175457,2,9,0,17,0,8,0,0,0,0,4,1,6,1,18,4,1242,1,14,3,1,3
2017430175476,1,9,0,9,0,6,0,0,0,0,1,1,2,1,40,7,1896,2,9,5,1,5
2017430175476,2,9,0,18,0,8,0,0,0,0,3,1,6,2,60,9,1240,1,11,-1,-1,-1
2017430175496,1,21,0,9,0,4,0,0,0,0,1,1,1,1,64,9,-1,-1,-1,-1,-1,-1
2017430175496,2,5,0,11,0,3,0,0,0,0,1,1,2,1,33,6,-1,-1,-1,9,1,9
2017430175505,1,9,0,4,0,4,1,0,1,1,2,1,6,1,18,4,1200,1,14,9,1,9
2017430175505,2,9,0,18,0,4,0,0,0,0,1,1,6,3,-1,-1,-1,-1,-1,-1,-1,-1
2017430175510,1,9,0,9,0,8,0,0,0,0,1,1,6,2,70,10,998,1,7,10,1,10
2017430175510,2,8,0,18,0,8,0,0,0,0,1,1,6,1,38,7,-1,-1,-1,-1,-1,-1
2017430175510,3,9,0,8,0,8,0,0,0,0,1,1,6,1,47,8,-1,-1,-1,9,2,9
2017430175588,1,3,0,13,0,0,0,0,0,0,1,1,6,1,17,4,124,1,4,9,1,9
2017430175588,2,9,0,5,0,0,0,0,0,0,1,1,6,1,30,6,1685,2,1,6,1,6
2017430175756,1,19,0,18,0,1,0,0,0,0,1,1,2,1,41,7,1560,2,6,6,1,6
2017430175756,2,9,0,3,0,1,0,0,0,0,2,1,6,2,29,6,1395,1,4,2,1,2
2017430175827,1,5,0,18,0,1,0,0,0,0,4,1,2,1,46,8,1199,1,15,9,1,9
2017430175827,2,9,0,9,0,1,0,0,0,0,3,1,6,1,48,8,1794,1,11,7,1,7
2017430175870,1,19,0,9,0,6,0,0,0,0,0,1,6,1,51,8,2198,2,3,10,1,10
2017430175870,2,9,0,16,0,1,1,0,7,4,1,1,6,1,17,4,1598,1,14,6,3,6
2017430175885,1,9,0,9,0,5,0,0,0,0,4,1,6,2,44,7,1896,2,14,3,1,3
2017430175885,2,3,0,18,0,8,0,0,0,0,2,1,6,1,20,4,125,1,3,6,1,6
2017430175919,1,19,0,6,0,0,0,0,0,0,3,1,1,1,36,7,2143,2,5,4,1,4
2017430175919,2,5,0,14,0,0,0,0,0,0,4,1,6,1,52,8,-1,-1,-1,6,2,6
2017430178198,1,9,0,7,0,5,0,0,0,0,4,1,6,1,60,9,1999,2,1,10,2,10
2017430178198,2,1,0,18,0,8,0,0,0,0,1,1,6,1,30,6,-1,-1,-1,9,1,9
2017430178209,1,9,0,18,0,1,0,0,0,0,1,1,6,2,64,9,1596,1,12,8,1,8
2017430178209,2,9,0,10,0,1,0,0,0,0,2,1,6,1,35,6,1995,2,5,5,1,5
2017430178220,1,9,0,18,5,6,0,0,0,0,1,1,4,3,-1,-1,-1,-1,-1,-1,-1,-1
2017430178220,2,1,0,18,0,1,0,0,0,0,4,1,6,1,13,3,-1,-1,-1,9,1,9
2017430178221,1,9,0,18,0,0,0,0,0,0,1,1,1,1,27,6,-1,-1,-1,10,1,10
2017430178221,2,21,0,2,0,0,0,0,0,0,2,1,1,1,31,6,7146,2,8,5,2,5
2017430178227,1,19,0,18,0,2,1,10,7,4,1,1,1,1,69,10,1686,2,6,-1,-1,-1
2017430178244,1,9,0,18,0,0,1,0,1,2,1,1,2,1,38,7,1798,1,7,8,1,8
2017430178258,1,9,0,18,0,4,0,0,0,0,1,1,2,2,47,8,1995,2,10,10,2,10
2017430178258,2,9,0,3,0,1,0,0,0,0,2,1,6,1,28,6,1870,2,12,4,1,4
2017430178261,1,8,0,9,0,0,1,0,7,10,1,1,1,1,22,5,1950,2,1,4,1,4
2017430178276,1,9,0,18,0,4,0,0,0,0,1,1,6,2,82,11,1388,1,12,10,3,10
2017430178276,2,9,0,9,0,8,0,0,0,0,4,1,6,2,24,5,1600,1,12,7,2,7
2017430178331,1,19,0,18,0,1,0,0,0,0,1,1,1,1,28,6,2143,2,8,6,1,6
2017430178331,2,2,0,4,0,1,0,0,0,0,2,1,6,2,45,7,49,1,6,6,3,6
2017430178340,1,9,0,18,0,1,0,0,0,0,1,1,6,2,23,5,1299,1,11,7,3,7
2017430178340,2,9,0,3,0,1,0,0,0,0,2,1,6,2,43,7,1240,1,8,-1,-1,-1
2017430178340,3,9,0,10,0,1,0,0,0,0,2,1,6,1,53,8,1995,2,3,9,3,9
2017430178342,1,9,0,18,0,0,0,0,0,0,1,1,2,2,62,9,2143,2,1,-1,-1,-1
2017430178342,2,9,0,18,0,0,0,0,0,0,1,1,2,2,46,8,1997,2,5,9,2,9
2017430178351,1,9,0,7,0,5,0,0,0,0,1,1,6,2,35,6,-1,-1,-1,-1,-1,-1
2017430178378,1,9,0,9,0,5,0,0,0,0,1,1,6,2,26,6,1598,2,5,10,3,10
2017430178378,2,9,0,18,0,8,0,0,0,0,1,1,6,2,41,7,998,1,2,4,2,4
2017430178394,1,9,0,18,0,0,0,0,0,0,1,1,6,2,56,9,1968,2,4,6,3,6
2017430178394,2,19,0,3,0,0,0,0,0,0,2,1,6,2,57,9,1995,2,7,5,2,5
2017430178394,3,9,0,3,0,0,0,0,0,0,2,1,6,1,62,9,1598,1,6,5,1,5
2017430178444,1,5,0,18,0,0,0,0,1,9,1,1,6,1,47,8,748,1,39,9,3,9
2017430178449,1,9,0,18,0,0,2,0,1,0,1,1,6,2,20,4,1397,1,9,6,3,6
2017430178459,1,1,0,9,0,5,1,0,0,0,0,1,6,1,37,7,-1,-1,-1,8,1,8
2017430178480,1,9,0,9,0,6,0,0,0,0,3,1,2,1,25,5,-1,-1,-1,7,3,7
2017430178480,2,9,0,18,0,8,0,0,0,0,1,1,1,1,38,7,-1,-1,-1,8,2,8
2017430178499,1,1,0,18,0,2,0,0,1,9,2,1,6,2,26,6,-1,-1,-1,5,1,5
2017430178563,1,9,0,9,0,6,0,0,0,0,1,1,6,1,27,6,1799,1,12,6,1,6
2017430178563,2,8,0,18,0,1,0,0,0,0,3,1,1,1,41,7,1797,8,6,5,1,5
2017430178727,1,9,0,9,0,6,0,0,0,0,1,1,6,2,30,6,2967,2,1,8,1,8
2017430178727,2,9,0,18,0,1,0,0,0,0,1,1,6,1,61,9,1798,1,9,8,1,8
2017430179424,1,9,4,4,0,0,0,0,0,0,1,1,1,1,39,7,3246,1,13,9,1,9
2017430179424,2,19,0,4,0,0,0,0,0,0,2,1,1,1,33,6,1968,2,2,9,1,9
2017430179424,3,9,0,3,0,0,0,0,0,0,2,1,1,1,68,10,2494,8,2,4,1,4
2017430179430,1,9,0,7,0,6,0,0,0,0,1,1,6,1,18,4,1149,1,9,10,3,10
2017430179430,2,9,0,18,0,1,0,0,0,0,4,1,6,1,22,5,1360,1,12,10,3,10
2017430179431,1,9,0,18,0,0,0,0,0,0,1,1,6,1,24,5,1984,1,16,-1,-1,-1
2017430179431,2,11,0,2,0,0,0,0,0,0,2,1,1,1,40,7,6700,2,2,5,1,5
2017430179445,1,9,0,7,0,6,0,0,0,0,1,1,6,1,49,8,1968,2,12,10,2,10
2017430179445,2,9,0,18,0,1,0,0,0,0,1,1,6,1,39,7,1686,2,6,9,3,9
2017430179451,1,9,0,11,0,0,0,0,0,0,4,1,6,3,-1,-1,-1,-1,-1,-1,-1,-1
2017430179451,2,1,0,18,0,0,0,0,0,0,3,1,2,2,26,6,-1,-1,-1,7,1,7
2017430179456,1,9,0,5,0,2,0,0,0,0,2,1,2,1,56,9,1388,1,14,-1,-1,-1
2017430179456,2,1,0,18,0,1,0,0,0,0,1,1,2,1,37,7,-1,-1,-1,3,1,3
2017430179470,1,21,0,18,0,1,0,0,0,0,1,1,1,1,60,9,-1,2,20,6,1,6
2017430179470,2,9,0,4,0,1,0,0,0,0,2,1,6,2,67,10,1248,1,8,10,1,10
2017430179470,3,9,0,9,0,5,0,0,0,0,0,1,6,3,-1,-1,-1,-1,-1,-1,-1,-1
2017430179475,1,9,0,18,0,0,0,0,0,0,1,1,6,1,42,7,5461,1,11,7,1,7
2017430179475,2,9,0,3,0,0,0,0,0,0,2,1,6,1,39,7,1796,2,4,4,1,4
2017430179475,3,9,0,18,0,0,0,0,0,0,3,1,6,1,32,6,1197,1,-1,3,1,3
2017430179481,1,9,0,9,0,5,0,0,0,0,3,1,2,2,47,8,1798,1,14,1,1,1
2017430179481,2,9,0,5,0,8,0,0,0,0,3,1,6,1,24,5,1390,1,5,10,1,10
2017430179487,1,5,0,4,0,0,1,0,0,0,3,1,6,1,31,6,648,1,29,3,1,3
2017430179517,1,9,0,18,0,0,0,0,0,0,1,1,6,2,85,11,1997,1,16,10,1,10
2017430179522,1,9,0,5,0,4,0,0,0,0,1,1,6,1,71,10,1200,1,-1,10,1,10
2017430179522,2,9,0,3,0,4,0,0,0,0,2,1,6,2,50,8,1086,1,12,9,3,9
2017430179536,1,9,0,9,0,8,0,0,0,0,3,1,6,1,68,10,2494,1,13,10,3,10
2017430179536,2,9,0,14,0,8,0,0,0,0,1,1,6,1,54,8,1998,1,14,7,3,7
2017430179537,1,3,0,11,0,0,0,0,1,7,1,1,6,1,19,4,124,1,14,-1,-1,-1
2017430179564,1,9,0,18,0,0,0,0,0,0,1,1,6,1,52,8,1587,1,15,8,1,8
2017430179564,2,9,0,18,0,0,0,0,0,0,1,1,2,2,39,7,1461,2,7,3,1,3
2017430179564,3,9,0,18,0,0,0,0,0,0,1,1,2,2,50,8,1995,2,5,9,1,9