Accident_Index,Vehicle_Reference,Vehicle_Type,Towing_and_Articulation,Vehicle_Manoeuvre,Vehicle_Location-Restricted_Lane,Junction_Location,Skidding_and_Overturning,Hit_Object_in_Carriageway,Vehicle_Leaving_Carriageway,Hit_Object_off_Carriageway,1st_Point_of_Impact,Was_Vehicle_Left_Hand_Drive?,Journey_Purpose_of_Driver,Sex_of_Driver,Age_of_Driver,Age_Band_of_Driver,Engine_Capacity_(CC),Propulsion_Code,Age_of_Vehicle,Driver_IMD_Decile,Driver_Home_Area_Type,Vehicle_IMD_Decile
2017430179579,1,9,0,5,0,0,0,0,0,0,3,1,6,1,28,6,4395,1,2,-1,-1,-1
2017430179579,2,9,0,18,0,0,0,0,7,0,4,1,2,2,33,6,1598,1,12,4,1,4
2017430179607,1,9,0,9,0,5,0,0,0,0,3,1,6,2,32,6,1199,1,-1,10,2,10
2017430179607,2,9,0,18,0,1,0,0,0,0,4,1,6,2,56,9,1124,1,17,10,1,10
2017430179608,1,9,0,9,0,6,0,0,0,0,1,1,1,1,45,7,-1,-1,-1,10,1,10
2017430179608,2,3,0,13,0,1,0,0,0,0,1,1,1,1,23,5,123,1,1,5,1,5
2017430179624,1,9,0,3,0,0,0,0,0,0,3,1,6,1,35,6,1986,2,11,3,1,3
2017430179624,2,5,0,15,0,0,0,0,0,0,4,1,6,1,41,7,750,1,1,4,1,4
2017430179630,1,9,0,8,0,6,0,0,3,0,3,1,1,2,53,8,1560,2,9,9,1,9
2017430179630,2,2,0,18,0,8,0,0,7,0,1,1,4,1,17,4,50,1,5,10,1,10
2017430179680,1,9,0,18,0,0,0,0,0,0,1,1,2,1,34,6,1781,1,26,10,1,10
2017430179680,2,9,0,18,0,0,0,0,0,0,2,1,6,1,51,8,1997,2,9,4,1,4
2017430179684,1,8,0,6,0,0,0,0,0,0,1,1,1,1,38,7,1560,2,7,4,1,4
2017430179684,2,1,0,13,0,0,0,0,0,0,1,1,6,1,49,8,-1,-1,-1,3,1,3
2017430179707,1,9,0,13,0,1,0,10,7,1,1,1,1,2,48,8,1998,1,8,5,1,5
2017430179707,2,19,0,9,0,1,0,0,7,0,3,1,1,1,33,6,1598,2,1,-1,2,-1
2017430179728,1,1,0,18,0,1,1,0,0,0,1,1,6,1,48,8,-1,-1,-1,10,2,10
2017430179728,2,9,0,18,0,2,0,0,0,0,1,1,6,1,-1,-1,1360,1,11,9,1,9
2017430179743,1,19,0,18,0,1,0,0,0,0,1,1,6,1,-1,-1,-1,-1,-1,-1,-1,-1
2017430179743,2,9,0,7,0,1,0,0,0,0,2,1,6,2,65,9,1560,2,-1,-1,-1,-1
2017430179747,1,9,0,18,0,1,0,0,0,0,1,1,6,1,42,7,-1,-1,-1,7,1,7
2017430179747,2,9,0,18,0,1,0,0,0,0,4,1,6,1,37,7,1242,1,7,3,1,3
2017430179755,1,9,0,18,0,0,0,0,4,6,3,1,6,2,31,6,1388,1,14,3,1,3
2017430179816,1,9,0,18,0,0,5,0,1,0,4,1,6,2,18,4,1364,1,9,10,2,10
2017430179841,1,2,0,13,0,1,0,0,0,0,1,1,4,1,16,4,49,1,10,5,1,5
2017430179841,2,19,0,9,0,8,0,0,0,0,3,1,1,1,33,6,1598,2,3,10,1,10
2017430179843,1,9,0,9,0,6,0,0,0,0,3,1,6,1,71,10,1998,2,5,10,1,10
2017430179843,2,9,0,18,0,8,0,0,7,4,4,1,6,1,18,4,1242,1,11,8,1,8
2017430179986,1,9,0,7,0,6,0,0,0,0,1,1,6,2,69,10,1999,1,5,8,2,8
2017430179986,2,1,0,18,0,8,0,0,0,0,2,1,6,2,23,5,-1,-1,-1,5,1,5
2017430180046,1,1,0,14,0,8,0,0,0,0,1,1,6,1,51,8,-1,-1,-1,5,1,5
2017430180203,1,9,0,18,0,0,0,0,0,0,1,1,6,1,51,8,1956,2,2,6,1,6
2017430180203,2,9,0,4,0,0,0,0,0,0,2,1,6,1,51,8,1598,2,3,6,1,6
2017430180278,1,9,0,13,0,0,0,0,0,0,3,1,6,1,39,7,2993,2,11,3,1,3
2017430180278,2,5,0,18,0,0,0,0,0,0,3,1,6,1,39,7,599,1,16,3,1,3
2017430180278,3,1,0,18,0,0,0,0,0,0,0,1,6,3,-1,-1,-1,-1,-1,-1,-1,-1
2017430180541,1,2,0,18,0,0,0,0,0,0,1,1,6,1,-1,-1,689,1,2,-1,-1,-1
2017430181161,1,19,0,18,0,1,0,0,0,0,0,1,6,1,28,6,-1,-1,-1,10,1,10
2017430181188,1,20,0,18,0,1,0,0,4,0,1,1,1,1,50,8,12419,2,1,-1,-1,-1
2017430181188,2,9,0,3,0,1,0,0,0,0,2,1,6,1,50,8,2993,2,1,10,1,10
2017430181188,3,9,0,3,0,1,0,0,4,0,2,1,6,2,56,9,-1,-1,-1,6,1,6
2017430181188,4,9,0,3,0,1,0,0,0,0,2,1,6,1,38,7,2995,7,15,3,1,3
2017430181188,5,9,0,3,0,1,0,0,0,0,2,1,1,1,38,7,1368,1,8,9,1,9
2017430181188,6,9,0,3,0,1,0,0,0,0,2,1,6,1,66,10,1248,2,1,5,1,5
2017430181197,1,90,0,18,0,8,0,0,0,1,1,1,1,1,46,8,2987,2,4,8,1,8
2017430181197,2,9,0,18,0,8,0,0,0,7,3,1,6,1,56,9,2143,2,4,5,1,5
2017430181354,1,9,0,18,0,0,0,0,0,0,1,1,6,3,-1,-1,-1,-1,-1,-1,-1,-1
2017430181354,2,1,0,18,0,0,0,0,0,0,2,1,6,2,15,3,-1,-1,-1,6,1,6
2017430181410,1,9,0,9,0,5,0,0,0,0,3,1,6,1,50,8,2497,1,1,10,1,10
2017430181410,2,1,0,18,0,8,0,0,0,0,1,1,6,1,40,7,-1,-1,-1,10,1,10
2017430181421,1,9,0,18,0,1,0,0,0,0,1,1,6,1,-1,-1,1596,1,16,-1,-1,-1
2017430181421,2,9,0,3,0,1,0,0,0,0,2,1,6,1,28,6,1149,1,13,2,1,2
2017430181455,1,9,0,5,0,4,0,0,0,0,1,1,6,2,-1,-1,1598,1,7,10,2,10
2017430181455,2,1,0,18,0,8,0,0,0,0,2,1,6,1,40,7,-1,-1,-1,3,1,3
2017430181648,1,9,0,2,0,2,0,0,0,0,1,1,6,1,37,7,1248,2,3,7,1,7
2017430181648,2,9,0,7,0,6,0,0,0,0,1,1,6,1,-1,-1,2967,2,11,-1,-1,-1
2017430181648,3,9,0,18,0,8,0,0,0,0,1,1,6,1,36,7,1332,1,19,4,1,4
2017430182086,1,19,0,18,0,0,0,4,1,0,1,1,1,1,26,6,-1,-1,-1,-1,-1,-1
2017430182086,2,19,0,2,6,0,0,0,0,0,2,1,1,1,43,7,2143,2,2,5,1,5
2017430182143,1,19,0,18,0,6,1,0,7,0,4,1,1,1,24,5,2295,7,11,-1,-1,-1
2017430182143,2,9,0,18,0,8,1,0,0,0,1,1,6,1,61,9,-1,-1,-1,10,1,10
2017430182163,1,9,0,18,0,0,0,0,0,0,4,1,6,2,-1,-1,-1,-1,-1,-1,-1,-1
2017430182173,1,9,0,18,0,8,0,0,0,0,1,1,6,1,-1,-1,-1,-1,-1,-1,-1,-1
2017430182173,2,1,0,18,0,3,0,0,0,0,4,1,1,1,23,5,-1,-1,-1,4,1,4
2017430182209,1,9,0,13,0,0,0,0,0,0,1,1,1,1,24,5,1686,2,12,3,1,3
2017430182209,2,9,0,16,0,0,0,0,0,0,1,1,6,1,25,5,1995,1,8,6,1,6
2017430182218,1,9,0,9,0,8,0,0,0,0,3,1,6,1,61,9,998,1,4,10,1,10
2017430182218,2,20,0,18,0,8,0,0,0,0,1,1,1,1,64,9,4500,2,2,9,1,9
2017430182274,1,9,0,18,9,1,0,0,0,0,4,1,2,2,47,8,1248,1,7,10,1,10
2017430182274,2,1,0,18,9,1,0,0,0,0,1,1,2,1,69,10,-1,-1,-1,10,1,10
2017430182301,1,9,0,18,0,0,0,0,0,0,1,1,6,2,59,9,1596,1,1,4,1,4
2017430182301,2,9,0,3,0,0,0,0,0,0,2,1,6,2,27,6,1995,1,15,9,2,9
2017430182301,3,9,0,3,0,0,0,0,0,0,2,1,6,1,45,7,1968,2,7,3,1,3
2017430182322,1,8,0,18,0,0,0,0,0,0,1,1,6,1,52,8,2143,2,5,3,1,3
2017430182322,2,9,0,18,0,0,0,0,0,0,2,1,6,2,24,5,1560,2,-1,8,1,8
2017430182337,1,9,0,9,0,4,0,0,0,0,1,1,6,1,33,6,-1,-1,-1,-1,-1,-1
2017430182337,2,1,0,18,0,8,0,0,0,0,4,1,1,1,31,6,-1,-1,-1,9,1,9
2017430182343,1,19,0,7,0,3,0,0,0,0,2,1,1,1,34,6,1560,2,3,6,1,6
2017430182343,2,1,0,17,0,8,0,0,0,0,1,1,6,2,23,5,-1,-1,-1,5,1,5
2017430182343,3,1,0,9,0,4,0,0,0,0,0,1,6,1,37,7,-1,-1,-1,4,1,4
2017430182356,1,9,0,18,0,4,0,0,0,0,1,1,6,1,-1,-1,2720,2,10,-1,-1,-1
2017430182356,2,9,0,3,0,4,0,0,0,0,2,1,6,1,55,8,2996,1,11,7,3,7
2017430182407,1,9,0,9,0,5,0,0,0,0,4,1,6,1,43,7,1995,2,12,5,1,5
2017430182407,2,5,0,18,0,1,0,0,0,0,1,1,6,1,42,7,899,1,19,9,1,9
2017430182413,1,1,0,15,4,8,0,0,0,0,1,1,2,1,41,7,-1,-1,-1,4,1,4
2017430182413,2,9,0,7,0,8,0,0,0,0,4,1,6,2,49,8,-1,-1,-1,-1,-1,-1
2017430182495,1,9,0,18,0,0,0,0,0,0,3,1,6,1,23,5,1598,1,2,-1,-1,-1
2017430182495,2,9,0,18,0,0,0,0,0,0,0,1,6,2,35,6,1598,1,10,-1,-1,-1
2017430182496,1,9,0,7,0,6,0,0,0,0,1,1,6,1,85,11,1339,1,9,-1,-1,-1
2017430182610,1,9,0,18,0,0,0,0,0,0,1,1,2,2,44,7,1998,1,-1,6,3,6
2017430182610,2,9,0,4,0,0,0,0,0,0,2,1,2,1,45,7,1968,2,3,9,1,9
2017430182610,3,9,0,3,0,0,0,0,0,0,2,1,2,2,58,9,1560,2,4,6,1,6
2017430182991,1,19,0,7,0,4,0,0,0,0,1,1,1,1,-1,-1,-1,-1,-1,-1,-1,-1
2017430183384,1,9,0,5,0,0,0,0,0,0,1,1,6,2,-1,-1,-1,-1,-1,-1,-1,-1
2017430183384,2,1,0,18,0,0,0,0,0,0,4,1,6,2,28,6,-1,-1,-1,3,1,3
2017430183396,1,1,0,18,0,6,0,0,0,0,1,1,6,1,50,8,-1,-1,-1,4,1,4
2017430183396,2,9,0,18,0,8,0,0,0,0,4,1,6,2,23,5,1596,1,10,9,2,9
2017430183401,1,1,0,18,0,1,0,0,0,0,0,1,1,1,27,6,-1,-1,-1,5,1,5
2017430183401,2,9,0,7,0,1,0,0,0,0,0,1,6,3,-1,-1,-1,-1,-1,-1,-1,-1
2017430183405,1,9,0,18,0,2,0,0,0,0,3,1,6,2,57,9,1998,1,16,8,1,8
2017430183422,1,9,0,7,0,6,0,0,0,0,1,1,6,2,-1,-1,1560,2,2,7,2,7
2017430183422,2,1,0,18,0,8,0,0,0,0,4,1,2,1,38,7,-1,-1,-1,8,1,8
2017430183433,1,19,0,9,0,8,0,0,0,0,1,1,1,1,26,6,-1,-1,-1,6,2,6
2017430183433,2,9,0,18,0,1,0,0,0,0,1,1,1,1,54,8,1798,1,11,7,1,7
2017430183436,1,19,0,18,0,0,0,0,0,0,1,1,6,1,43,7,-1,-1,-1,10,1,10
2017430183436,2,9,0,18,0,0,0,0,0,0,2,1,6,1,26,6,-1,-1,-1,2,1,2
2017430183447,1,9,0,17,0,0,1,0,7,9,1,1,6,1,82,11,1598,1,10,9,1,9
2017430183447,2,9,0,16,0,0,1,0,1,0,3,1,6,2,53,8,1997,2,4,9,1,9
2017430183449,1,9,0,18,0,0,0,0,0,0,1,1,6,1,27,6,2487,2,17,3,1,3
2017430183449,2,5,0,18,0,0,0,0,0,0,1,1,6,1,23,5,749,1,26,4,1,4
2017430183480,1,9,0,9,0,5,0,0,0,0,0,1,1,1,39,7,1461,2,6,4,1,4
2017430183480,2,9,0,18,0,1,0,0,0,0,3,1,6,2,30,6,1461,2,6,7,1,7
2017430183482,1,9,0,4,0,4,0,0,0,0,1,1,6,1,-1,-1,1840,1,16,9,3,9
2017430183482,2,9,0,3,0,4,0,0,0,0,2,1,6,1,25,5,-1,-1,-1,7,3,7
2017430183482,3,9,0,3,0,4,0,0,0,0,2,1,6,3,-1,-1,-1,-1,-1,-1,-1,-1
2017430183496,1,9,0,18,0,0,0,0,0,0,1,1,6,1,23,5,1086,1,12,10,1,10
2017430183496,2,19,0,18,0,0,5,0,0,0,1,1,1,1,39,7,1499,2,1,7,1,7
2017430183509,1,9,0,9,0,8,0,0,0,0,1,1,6,2,31,6,1995,1,15,-1,-1,-1
2017430183509,2,9,0,18,0,1,0,0,1,0,3,1,6,1,61,9,1997,2,9,8,3,8
2017430183530,1,9,0,18,0,1,0,0,0,0,1,1,6,1,46,8,1995,1,16,-1,-1,-1
2017430183530,2,9,0,18,0,1,0,0,0,0,2,1,6,2,45,7,1973,1,17,9,3,9
2017430183539,1,9,0,18,0,0,0,0,0,0,4,1,6,2,50,8,1364,1,2,-1,-1,-1
2017430183558,1,9,0,9,0,6,0,0,0,0,3,1,6,1,55,8,1796,1,9,6,2,6
2017430183558,2,1,0,18,0,8,0,0,0,0,1,1,6,1,41,7,-1,-1,-1,6,1,6
2017430183569,1,9,0,9,0,6,0,0,0,0,3,1,6,1,48,8,1995,2,1,10,1,10
2017430183569,2,9,0,18,0,1,0,0,0,0,3,1,6,1,66,10,1596,1,3,9,1,9
2017430183670,1,19,0,5,0,1,0,0,0,0,1,1,1,1,25,5,1461,2,4,4,1,4
2017430183670,2,9,0,4,0,1,0,0,0,0,2,1,6,1,43,7,1598,1,14,7,1,7
2017430183962,1,8,0,9,0,6,0,0,0,0,1,1,6,3,-1,-1,2143,2,5,-1,-1,-1
2017430183962,2,1,0,18,0,1,0,0,0,0,1,1,6,1,49,8,-1,-1,-1,10,1,10
2017430184025,1,9,0,18,0,1,0,0,0,0,1,1,6,2,81,11,1398,1,4,7,3,7
2017430184025,2,9,0,10,0,1,0,0,0,0,2,1,6,2,56,9,1587,1,8,9,3,9
2017430184707,1,9,0,1,9,0,0,0,0,0,2,1,6,1,-1,-1,-1,-1,-1,-1,-1,-1
2017430184721,1,9,0,18,0,1,0,0,0,0,3,1,1,1,40,7,2400,2,4,-1,-1,-1
2017430184721,2,9,0,18,0,1,0,0,0,0,0,1,1,1,-1,-1,1997,2,3,-1,-1,-1
2017430184721,3,9,0,1,0,1,0,0,0,0,1,1,6,1,39,7,1360,1,15,-1,-1,-1
2017430184962,1,9,0,1,0,2,0,0,0,0,2,1,3,2,32,6,1598,2,3,-1,-1,-1
2017430184962,2,9,0,2,0,2,0,0,0,0,1,1,3,2,39,7,2700,1,16,10,2,10
2017430184996,1,9,0,18,0,1,0,0,0,0,4,1,6,2,-1,-1,1299,1,16,-1,-1,-1
2017430184996,2,5,0,9,0,5,0,0,0,0,2,1,1,1,51,8,1137,1,21,5,1,5
2017430185000,1,9,0,13,0,0,0,0,0,0,4,1,6,3,-1,-1,-1,-1,-1,-1,-1,-1
2017430185000,2,1,0,18,0,0,0,0,0,0,3,1,1,1,50,8,-1,-1,-1,-1,-1,-1
2017430186359,1,8,0,9,0,8,0,0,0,0,4,1,1,1,42,7,1797,1,2,7,1,7
2017430186359,2,9,0,18,0,1,0,0,0,0,1,1,1,2,46,8,1840,1,15,10,2,10
2017430186371,1,9,0,9,0,5,0,0,0,0,4,1,3,1,51,8,1598,2,4,6,1,6
2017430186371,2,3,0,18,2,1,0,0,0,0,1,1,2,1,19,4,125,1,-1,6,1,6
2017430186377,1,9,0,1,0,0,0,0,0,0,2,1,6,3,-1,-1,2993,2,9,-1,-1,-1
2017430186377,2,9,0,5,0,0,0,0,0,0,4,1,6,2,43,7,1896,2,10,10,3,10
2017430186379,1,9,0,17,0,1,0,0,0,0,1,1,2,1,35,6,1999,2,-1,8,1,8
2017430186379,2,9,0,18,0,1,0,0,0,0,1,1,2,2,40,7,1229,1,5,8,3,8
2017430186403,1,9,0,9,0,6,0,0,0,0,1,1,2,2,37,7,3628,2,9,10,1,10
2017430186403,2,9,0,18,0,1,0,0,0,0,1,1,2,1,45,7,1968,2,8,10,1,10
2017430186404,1,11,0,18,0,0,1,0,0,0,1,1,1,1,47,8,-1,2,18,2,1,2
2017430186410,1,9,0,18,0,0,0,0,0,0,1,1,6,1,-1,-1,1998,1,13,-1,-1,-1
2017430186410,2,9,0,3,0,0,0,0,0,0,2,1,6,1,65,9,1598,1,4,9,1,9
2017430186429,1,9,0,18,0,4,0,0,0,0,1,1,6,1,73,10,1390,1,19,9,2,9
2017430186429,2,4,0,18,0,8,1,0,0,0,4,1,6,1,53,8,181,1,1,10,1,10
2017430186454,1,9,0,7,9,5,0,0,0,0,4,1,6,1,-1,-1,2400,2,3,-1,-1,-1
2017430186454,2,1,0,18,9,8,0,0,0,0,3,1,6,1,15,3,-1,-1,-1,3,1,3
2017430186465,1,19,0,18,0,0,0,0,0,0,3,1,1,1,41,7,-1,-1,-1,4,1,4
2017430186465,2,9,0,18,0,0,0,0,0,0,4,1,1,1,63,9,1968,2,3,4,1,4
2017430186465,3,9,0,18,0,0,0,0,0,0,4,1,1,1,30,6,-1,-1,-1,2,1,2
2017430186488,1,1,0,18,0,8,0,0,0,0,1,1,6,1,20,4,-1,-1,-1,2,1,2
2017430186488,2,9,0,18,0,8,0,0,0,0,1,1,6,1,30,6,1895,1,16,2,1,2
2017430186520,1,9,0,4,0,0,0,0,0,0,0,1,6,3,-1,-1,-1,-1,-1,-1,-1,-1
2017430186520,2,9,0,18,0,0,0,0,0,0,0,1,6,3,-1,-1,-1,-1,-1,-1,-1,-1
2017430186520,3,9,0,18,0,0,2,0,2,7,1,1,6,2,23,5,1896,2,9,9,2,9
2017430186550,1,4,0,18,0,3,1,0,0,0,3,1,2,2,22,5,-1,-1,-1,9,1,9
2017430186579,1,9,0,16,0,0,0,0,0,0,3,1,1,1,35,6,-1,-1,-1,5,1,5
2017430186579,2,9,0,17,0,0,0,0,1,4,3,1,1,1,33,6,-1,-1,-1,6,1,6
2017430186686,1,9,0,18,0,0,0,0,0,0,4,1,3,2,40,7,1896,2,9,10,1,10
2017430186686,2,1,0,18,0,0,0,0,0,0,3,1,6,1,13,3,-1,-1,-1,10,1,10
2017430186850,1,9,0,18,0,1,0,0,0,0,1,1,2,2,37,7,1598,2,5,9,1,9
2017430186850,2,3,0,10,0,8,0,0,0,0,2,1,2,2,49,8,-1,-1,-1,8,2,8
2017430187584,1,9,0,18,0,0,0,0,0,0,1,1,3,1,66,10,1598,1,9,6,1,6
2017430187585,1,9,0,18,0,8,0,0,0,0,4,1,6,3,-1,-1,-1,-1,-1,-1,-1,-1
2017430187585,2,3,0,18,0,8,0,0,0,0,3,1,2,1,41,7,124,1,1,10,1,10
2017430187594,1,9,0,18,0,0,0,0,0,0,1,1,6,1,20,4,1796,1,18,6,2,6
2017430187594,2,9,0,18,0,0,0,0,0,0,1,1,6,1,74,10,1997,2,17,7,3,7
2017430187600,1,1,0,18,0,1,0,0,0,0,1,1,2,1,59,9,-1,-1,-1,9,1,9
2017430187600,2,9,0,2,0,1,0,0,0,0,2,1,6,3,-1,-1,-1,-1,-1,-1,-1,-1
2017430187608,1,9,0,18,0,4,0,0,0,0,1,1,6,2,23,5,2143,2,5,-1,-1,-1
2017430187608,2,5,0,9,0,8,0,0,0,0,4,1,6,1,62,9,1200,1,16,9,3,9
2017430187620,1,9,0,18,0,0,0,0,0,0,4,1,1,1,57,9,-1,-1,-1,4,1,4
2017430187638,1,9,0,18,0,8,0,0,0,0,1,1,6,1,78,11,1000,1,26,8,1,8
2017430187638,2,9,0,18,0,8,0,0,0,0,1,1,1,1,41,7,-1,-1,-1,5,1,5
2017430187638,3,19,0,2,0,2,0,0,0,0,1,1,6,3,-1,-1,2198,2,1,-1,-1,-1
2017430187658,1,19,0,9,0,6,0,0,0,0,3,1,1,1,24,5,1598,2,1,-1,-1,-1
2017430187658,2,3,0,18,0,1,0,0,0,0,1,1,6,1,22,5,125,1,1,5,1,5
2017430187670,1,9,0,4,0,0,0,0,0,0,1,1,6,1,42,7,1339,1,12,-1,-1,-1
2017430187670,2,9,0,4,0,0,0,0,0,0,2,1,6,1,61,9,1582,2,-1,5,1,5
2017430187675,1,3,0,16,0,1,1,0,0,0,1,1,6,1,18,4,-1,-1,-1,10,2,10
2017430187675,2,9,0,17,0,2,0,0,0,0,1,1,6,1,35,6,1560,2,4,-1,-1,-1
2017430187676,1,9,0,17,0,0,0,0,7,11,1,1,1,1,25,5,1995,1,14,9,1,9
2017430187685,1,9,0,16,0,0,0,0,0,0,1,1,6,2,54,8,-1,-1,-1,8,3,8
2017430187685,2,9,0,17,0,0,1,0,1,9,1,1,6,1,38,7,1560,2,2,8,3,8
2017430187691,1,9,0,18,0,0,0,0,0,0,4,1,1,1,40,7,1995,2,4,10,1,10
2017430187691,2,1,0,12,0,0,0,0,0,0,1,1,6,1,55,8,-1,-1,-1,9,1,9
2017430187713,1,9,0,4,0,0,0,0,0,0,1,1,1,1,55,8,1598,1,4,4,1,4
2017430187713,2,9,0,2,0,0,0,0,0,0,2,1,1,2,70,10,1124,1,18,4,1,4
2017430187748,1,9,0,6,0,8,0,0,0,0,0,1,6,3,-1,-1,-1,-1,-1,-1,-1,-1
2017430187748,2,1,0,18,0,8,0,0,0,0,1,1,6,2,59,9,-1,-1,-1,9,1,9
2017430187748,3,1,0,18,0,8,0,0,0,0,2,1,6,3,-1,-1,-1,-1,-1,-1,-1,-1
2017430187754,1,9,0,13,0,0,0,0,0,0,1,1,6,1,27,6,3000,1,-1,9,1,9
2017430187754,2,9,0,18,0,0,0,0,0,0,1,1,6,1,24,5,1839,1,21,9,3,9
2017430187754,3,17,0,18,0,0,0,0,0,0,0,1,1,3,-1,-1,-1,-1,-1,-1,-1,-1
2017430187803,1,19,0,9,0,5,0,0,0,0,3,1,1,1,35,6,2287,2,-1,3,1,3
2017430187803,2,1,0,18,0,1,0,0,0,0,1,1,6,1,50,8,-1,-1,-1,9,1,9
2017430187807,1,21,0,17,0,0,5,0,1,2,4,1,1,1,56,9,11946,2,4,9,1,9
2017430187821,1,9,0,7,0,3,2,7,0,0,3,1,6,1,25,5,1762,1,19,5,1,5
2017430187856,1,9,0,18,0,4,5,0,1,4,1,1,6,1,21,5,903,1,26,10,3,10
2017430187870,1,8,0,5,0,0,0,0,0,0,3,1,1,1,59,9,1995,2,6,5,1,5
2017430187870,2,1,0,18,0,0,0,0,0,0,4,1,2,1,27,6,-1,-1,-1,6,1,6
2017430187939,1,19,0,7,0,6,0,0,0,0,3,1,1,1,43,7,2198,2,3,9,1,9
2017430187939,2,9,0,18,0,8,0,0,0,0,4,1,2,2,63,9,1596,1,9,10,1,10
2017430187969,1,11,0,18,0,0,0,0,0,0,0,1,1,1,30,6,4760,2,4,8,1,8
2017430187978,1,21,1,5,0,0,0,0,0,0,3,1,1,1,50,8,-1,-1,-1,-1,-1,-1
2017430187978,2,9,0,14,0,0,0,0,0,0,4,1,1,1,26,6,1362,1,4,1,1,1
2017430187995,1,9,0,14,0,0,0,0,0,0,1,1,6,3,-1,-1,-1,-1,-1,-1,-1,-1
2017430190117,1,9,0,18,0,0,0,0,0,0,1,1,2,2,25,5,1998,1,1,9,1,9
2017430190117,2,1,0,18,0,0,0,0,0,0,2,1,2,2,24,5,-1,-1,-1,9,1,9
2017430190200,1,9,0,18,0,0,0,0,0,0,1,1,6,3,-1,-1,-1,-1,-1,-1,-1,-1
2017430190200,2,9,0,18,0,0,0,0,0,0,2,1,6,2,45,7,1587,1,14,3,1,3
2017430190219,1,9,0,18,0,6,0,0,1,10,3,1,1,2,75,10,2687,1,10,10,2,10
2017430190219,2,9,0,18,0,8,0,0,0,0,1,1,1,2,49,8,1242,1,7,9,2,9
2017430190225,1,9,0,4,0,1,0,0,0,0,1,1,6,1,28,6,1598,2,-1,4,1,4
2017430190233,1,9,0,14,0,0,0,0,0,0,1,1,1,1,57,9,1497,8,10,7,1,7
2017430190247,1,9,0,18,5,8,0,0,0,0,3,1,6,1,30,6,1969,2,1,-1,-1,-1
2017430190247,2,1,0,18,5,8,0,0,0,0,1,1,6,1,17,4,-1,-1,-1,10,1,10
2017430190258,1,21,1,9,0,8,0,0,0,0,3,2,1,1,62,9,-1,-1,-1,-1,-1,-1
2017430190258,2,5,0,18,0,8,0,0,0,0,4,1,6,1,85,11,-1,-1,-1,9,1,9
2017430190280,1,21,0,4,0,0,0,0,0,0,1,1,1,1,48,8,7698,2,2,10,1,10
2017430190280,2,2,0,4,0,0,0,0,0,0,1,1,2,2,32,6,-1,-1,-1,1,1,1
2017430190280,3,19,0,4,0,0,0,0,0,0,1,1,6,1,30,6,2198,2,1,9,1,9
2017430190280,4,1,0,18,0,0,0,0,0,0,2,1,6,3,-1,-1,-1,-1,-1,-1,-1,-1
2017430190290,1,9,0,18,0,0,0,0,0,0,0,1,6,3,-1,-1,-1,-1,-1,-1,-1,-1
2017430190290,2,9,0,18,0,0,0,0,0,0,2,1,6,1,53,8,1968,2,1,8,2,8
2017430190290,3,9,0,18,0,0,0,0,0,0,1,1,6,1,26,6,1995,2,6,7,3,7
2017430190302,1,9,0,18,0,0,0,0,0,0,1,1,2,2,39,7,1968,2,7,8,1,8
2017430190302,2,9,0,4,0,0,0,0,0,0,1,1,2,2,53,8,1769,1,12,5,1,5
2017430190317,1,5,0,18,0,4,0,0,0,0,4,1,6,1,41,7,600,1,20,-1,-1,-1
2017430190357,1,9,0,18,0,4,5,9,0,1,1,1,2,1,43,7,-1,-1,-1,1,1,1
2017430190377,1,9,0,7,0,6,0,0,0,0,1,1,6,1,72,10,1997,2,6,7,3,7
2017430190377,2,1,0,18,0,8,0,0,0,0,4,1,6,1,56,9,-1,-1,-1,8,1,8
2017430190390,1,9,0,9,0,5,0,0,0,0,1,1,6,1,-1,-1,-1,-1,-1,-1,-1,-1
2017430190390,2,1,0,18,0,8,0,0,0,0,1,1,2,1,25,5,-1,-1,-1,4,1,4
2017430190439,1,9,0,9,0,6,0,0,0,0,1,1,6,1,28,6,2000,2,8,3,1,3
2017430190439,2,1,0,18,0,8,0,0,0,0,4,1,2,1,44,7,-1,-1,-1,2,1,2
2017430190448,1,9,0,16,0,0,0,0,0,0,1,1,2,1,22,5,1248,1,8,9,2,9
2017430190448,2,9,0,17,0,0,0,0,0,0,1,1,1,2,21,5,1229,1,2,7,1,7
2017430190505,1,9,0,5,0,1,0,0,0,0,4,1,2,2,61,9,1390,1,16,8,1,8
2017430190505,2,3,0,5,0,1,0,0,0,0,3,1,2,1,45,7,124,1,8,1,1,1
2017430190575,1,9,0,16,0,0,0,0,7,0,1,1,6,2,37,7,2231,2,4,9,1,9
2017430190575,2,19,0,17,0,0,0,0,1,0,1,1,6,1,53,8,-1,-1,-1,7,1,7
2017430190575,3,9,0,17,0,0,0,0,0,0,3,1,6,1,53,8,1399,1,11,10,3,10
2017430190585,1,9,0,4,0,0,0,0,0,0,1,1,1,1,83,11,1984,1,2,9,1,9
2017430190585,2,19,0,4,0,0,0,0,0,0,2,1,6,1,34,6,1868,2,18,1,1,1
2017430190619,1,9,0,14,0,8,1,0,0,0,1,1,6,1,24,5,1598,2,7,4,1,4
2017430190619,2,9,0,5,0,6,0,0,0,0,1,1,2,2,32,6,2993,2,5,5,1,5
2017430190619,3,21,1,2,0,2,0,0,0,0,2,1,1,1,31,6,12809,2,4,-1,-1,-1