Accident_Index,Vehicle_Reference,Vehicle_Type,Towing_and_Articulation,Vehicle_Manoeuvre,Vehicle_Location-Restricted_Lane,Junction_Location,Skidding_and_Overturning,Hit_Object_in_Carriageway,Vehicle_Leaving_Carriageway,Hit_Object_off_Carriageway,1st_Point_of_Impact,Was_Vehicle_Left_Hand_Drive?,Journey_Purpose_of_Driver,Sex_of_Driver,Age_of_Driver,Age_Band_of_Driver,Engine_Capacity_(CC),Propulsion_Code,Age_of_Vehicle,Driver_IMD_Decile,Driver_Home_Area_Type,Vehicle_IMD_Decile
2017430190908,1,9,0,18,0,0,0,0,0,0,1,1,2,2,27,6,1490,1,8,4,1,4
2017430190908,2,20,0,18,0,0,0,0,0,0,2,1,1,1,33,6,-1,-1,-1,2,1,2
2017430190976,1,9,0,16,0,8,0,0,0,0,3,1,6,2,-1,-1,1493,1,15,-1,-1,-1
2017430190976,2,9,0,17,0,8,0,0,0,0,3,1,6,2,37,7,1753,2,9,6,3,6
2017430191046,1,9,0,2,0,0,0,0,0,0,3,1,6,3,-1,-1,1997,2,10,10,1,10
2017430191046,2,1,0,14,0,0,0,0,0,0,1,1,6,2,48,8,-1,-1,-1,10,1,10
2017430191356,1,9,0,18,0,0,0,4,8,11,1,1,6,1,53,8,2143,2,3,10,1,10
2017430191356,2,9,0,18,0,0,0,0,1,0,2,1,6,1,79,11,1589,1,19,10,1,10
2017430191356,3,20,0,2,0,0,0,0,0,0,2,1,6,3,-1,-1,-1,-1,-1,-1,-1,-1
2017430191356,4,9,0,2,0,0,0,0,0,0,2,1,6,3,-1,-1,-1,-1,-1,-1,-1,-1
2017430191356,5,9,0,2,0,0,0,0,0,0,2,1,6,3,-1,-1,1995,2,4,-1,-1,-1
2017430191379,1,9,0,18,0,6,0,0,0,0,1,1,1,1,18,4,1198,1,7,9,3,9
2017430191379,2,9,0,18,0,8,0,0,7,0,3,1,6,2,38,7,1596,1,13,10,3,10
2017430191404,1,9,0,18,0,0,0,0,4,6,2,1,6,2,54,8,1598,1,2,9,2,9
2017430191404,2,9,0,18,0,0,0,0,4,6,1,1,2,1,28,6,1994,2,12,1,1,1
2017430191439,1,9,0,18,0,0,0,0,0,0,1,1,6,1,79,11,999,1,-1,6,1,6
2017430191439,2,9,0,18,0,0,0,0,1,0,1,1,6,1,51,8,1686,2,10,3,1,3
2017430191441,1,9,0,18,0,8,0,0,0,0,1,1,6,2,33,6,1598,1,15,5,1,5
2017430191441,2,9,0,18,0,8,0,0,0,0,4,1,6,2,46,8,995,1,11,8,1,8
2017430191449,1,9,0,18,0,0,1,0,1,9,1,1,6,2,47,8,1686,2,6,1,1,1
2017430191453,1,9,3,18,0,1,0,0,0,0,3,1,6,3,-1,-1,-1,-1,-1,-1,-1,-1
2017430191454,1,19,0,7,0,5,0,0,0,0,4,1,6,3,-1,-1,-1,-1,-1,-1,-1,-1
2017430191454,2,1,0,18,0,8,0,0,0,0,3,1,6,2,30,6,-1,-1,-1,6,1,6
2017430191491,1,9,0,18,0,8,0,0,0,0,1,1,6,2,24,5,1560,2,7,8,1,8
2017430191494,1,9,0,18,0,0,0,0,1,9,2,1,6,2,49,8,1388,1,9,7,1,7
2017430191494,2,9,0,13,0,0,0,0,0,0,0,1,6,1,30,6,1598,1,4,8,1,8
2017430191518,1,9,0,16,0,0,1,0,7,3,3,1,1,2,35,6,1597,2,1,10,1,10
2017430191532,1,9,0,7,0,6,0,0,0,0,1,1,6,3,30,6,-1,-1,-1,-1,-1,-1
2017430191532,2,1,0,18,0,8,0,0,0,0,4,1,6,1,19,4,-1,-1,-1,5,1,5
2017430191557,1,9,0,9,0,2,0,0,0,0,0,1,6,3,-1,-1,-1,-1,-1,-1,-1,-1
2017430191557,2,5,0,18,0,1,1,0,0,0,0,1,6,1,24,5,649,1,11,7,1,7
2017430191561,1,9,0,18,0,8,0,0,0,0,4,1,2,1,57,9,2179,2,8,3,1,3
2017430191561,2,5,0,18,0,4,0,0,0,0,3,1,2,1,42,7,988,1,14,4,1,4
2017430191577,1,9,0,17,0,0,0,0,0,0,1,1,1,1,23,5,-1,-1,-1,3,1,3
2017430191577,2,9,0,16,0,0,0,0,0,0,1,1,6,1,49,8,1998,8,1,9,3,9
2017430191620,1,9,0,18,0,0,0,0,0,0,1,1,6,2,24,5,1910,2,12,7,1,7
2017430191621,1,9,0,18,0,8,0,0,7,0,1,1,6,1,39,7,3222,2,13,10,1,10
2017430191621,2,9,0,5,0,6,1,0,1,11,1,1,1,1,60,9,-1,-1,-1,4,1,4
2017430191650,1,1,0,18,0,0,0,0,0,0,0,1,6,1,54,8,-1,-1,-1,10,1,10
2017430191723,1,9,0,9,0,6,0,0,0,0,3,1,3,2,34,6,1388,1,14,4,1,4
2017430191723,2,9,0,18,0,1,0,0,0,0,1,1,1,2,33,6,1200,1,1,9,2,9
2017430191742,1,1,0,18,0,1,0,0,0,0,1,1,6,1,25,5,-1,-1,-1,5,1,5
2017430191742,2,9,0,4,0,1,0,0,0,0,2,1,6,1,55,8,1598,1,15,5,1,5
2017430191829,1,9,0,18,0,0,1,0,4,6,1,1,6,1,65,9,3997,2,10,7,3,7
2017430191829,2,21,0,18,0,0,0,0,0,0,2,1,1,1,31,6,12902,2,-1,1,1,1
2017430191939,1,9,0,16,0,0,1,0,8,11,1,1,6,1,22,5,1390,1,9,7,3,7
2017430191991,1,9,0,7,0,3,0,0,0,0,1,1,6,2,50,8,1586,1,10,-1,-1,-1
2017430191991,2,9,0,3,0,3,0,0,0,0,2,1,6,2,21,5,1398,1,-1,8,3,8
2017430196014,1,19,0,6,0,0,0,0,0,0,1,1,1,1,-1,-1,-1,-1,-1,-1,-1,-1
2017430196014,2,3,0,18,0,0,0,0,0,0,3,1,6,1,21,5,125,1,2,8,1,8
2017430196983,1,5,0,18,0,0,0,0,0,0,1,1,2,1,57,9,1170,1,2,7,2,7
2017430196983,2,98,0,18,0,0,0,0,0,0,2,1,6,3,-1,-1,-1,-1,-1,-1,-1,-1
2017430197009,1,9,0,18,0,1,0,0,0,0,4,1,6,1,63,9,1999,1,9,5,1,5
2017430197009,2,1,0,1,0,1,0,0,0,0,3,1,6,2,27,6,-1,-1,-1,6,1,6
2017430197047,1,9,0,16,0,0,1,0,0,0,1,1,2,1,23,5,1968,2,-1,10,2,10
2017430197047,2,9,0,17,0,0,0,0,7,0,1,1,6,1,75,10,2401,2,12,9,3,9
2017430197101,1,8,0,1,0,0,0,0,0,0,2,1,6,1,-1,-1,1997,2,6,-1,-1,-1
2017430197101,2,9,0,3,0,0,0,0,0,0,1,1,3,2,35,6,1968,2,3,8,1,8
2017430197126,1,1,0,9,0,1,0,0,0,0,2,1,6,1,42,7,-1,-1,-1,10,3,10
2017430197126,2,9,0,18,0,1,0,0,0,0,1,1,6,1,50,8,2720,2,8,7,3,7
2017430197136,1,9,0,17,0,0,2,0,2,10,1,1,1,1,29,6,-1,-1,-1,8,3,8
2017430197159,1,9,0,1,0,0,0,0,0,0,1,1,6,1,-1,-1,1364,1,11,7,1,7
2017430197159,2,9,0,2,0,0,0,0,0,0,2,1,6,1,29,6,1149,1,10,9,1,9
2017430197181,1,1,0,18,0,0,0,0,0,0,3,1,6,1,47,8,-1,-1,-1,-1,-1,-1
2017430197211,1,9,0,16,0,8,2,10,1,4,1,1,6,2,25,5,1149,1,12,6,1,6
2017430197223,1,1,0,18,9,8,0,0,0,0,1,1,4,2,11,3,-1,-1,-1,1,1,1
2017430197223,2,9,0,18,9,6,0,0,0,0,3,1,6,1,35,6,-1,-1,-1,10,1,10
2017430197337,1,9,0,7,0,6,0,0,0,0,1,1,2,1,31,6,-1,-1,-1,-1,-1,-1
2017430197337,2,1,0,18,0,8,0,0,0,0,1,1,2,1,25,5,-1,-1,-1,-1,-1,-1
2017430197936,1,9,0,6,0,0,0,0,0,0,3,1,2,2,55,8,1896,2,11,5,3,5
2017430197936,2,5,0,13,0,0,0,0,7,0,1,1,1,1,33,6,599,1,16,9,1,9
2017430197947,1,9,0,13,0,0,0,0,0,0,4,1,6,3,30,6,2494,2,4,-1,-1,-1
2017430197947,2,1,0,18,0,0,0,0,0,0,3,1,6,2,47,8,-1,-1,-1,6,1,6
2017430197949,1,9,0,18,0,1,0,0,0,0,1,1,6,2,-1,-1,-1,-1,-1,-1,-1,-1
2017430197949,2,9,0,3,0,1,0,0,0,0,2,1,6,1,55,8,1560,2,4,10,1,10
2017430197968,1,9,0,18,0,4,0,0,0,0,1,1,6,1,35,6,-1,-1,-1,-1,-1,-1
2017430197968,2,1,0,18,0,8,0,0,0,0,4,1,6,1,16,4,-1,-1,-1,10,1,10
2017430197997,1,9,0,18,0,1,0,0,0,0,1,1,6,2,74,10,1968,2,3,10,2,10
2017430197997,2,9,0,3,0,1,0,0,0,0,2,1,1,1,56,9,-1,-1,-1,10,3,10
2017430197997,3,9,0,10,0,1,0,0,0,0,0,1,6,3,-1,-1,-1,-1,-1,-1,-1,-1
2017430198003,1,11,0,18,0,0,0,0,0,0,0,1,1,1,49,8,4500,2,7,2,1,2
2017430198021,1,9,0,18,0,0,1,0,0,0,1,1,1,1,51,8,1560,2,3,5,1,5
2017430198021,2,9,0,18,0,0,0,0,5,6,2,1,2,1,23,5,1995,1,12,9,1,9
2017430198041,1,9,0,18,0,1,0,0,0,0,1,1,6,2,34,6,1124,1,15,4,1,4
2017430198041,2,9,0,10,0,1,0,0,0,0,2,1,6,2,32,6,2993,2,8,6,1,6
2017430198046,1,9,0,4,0,0,1,0,0,0,1,1,6,1,18,4,1242,1,10,10,1,10
2017430198046,2,9,0,4,0,0,0,0,0,0,2,1,2,1,60,9,-1,-1,-1,8,1,8
2017430198046,3,9,0,4,0,0,0,0,0,0,2,1,6,2,27,6,1598,1,3,7,1,7
2017430198046,4,19,0,4,0,0,0,0,0,0,2,1,6,1,57,9,1997,2,10,10,3,10
2017430198055,1,9,0,18,0,0,0,0,0,0,1,1,6,1,33,6,1332,1,19,6,1,6
2017430198055,2,9,0,3,0,0,0,0,0,0,2,1,6,2,25,5,998,1,13,7,1,7
2017430198064,1,9,0,18,0,0,0,0,0,0,1,1,6,1,73,10,1991,2,6,10,1,10
2017430198064,2,9,0,18,0,0,0,0,1,10,1,1,2,1,53,8,1798,1,7,10,1,10
2017430198108,1,9,0,18,0,0,0,0,0,0,1,1,6,2,69,10,1995,2,13,9,1,9
2017430198108,2,9,0,18,0,0,0,0,0,0,1,1,6,2,46,8,1364,1,7,4,2,4
2017430198114,1,3,0,16,0,0,1,0,0,0,3,1,6,1,57,9,124,1,10,5,1,5
2017430198114,2,9,0,17,0,0,0,0,0,0,3,1,2,2,48,8,1596,1,12,7,1,7
2017430198119,1,19,0,4,0,1,0,0,0,0,4,1,1,1,22,5,-1,-1,-1,4,1,4
2017430198119,2,1,0,4,4,1,1,0,0,0,1,1,2,2,25,5,-1,-1,-1,8,1,8
2017430198142,1,9,0,18,0,0,0,0,0,0,1,1,6,2,19,4,1200,1,2,5,1,5
2017430198142,2,9,0,3,0,0,0,0,0,0,2,1,6,1,38,7,2435,1,15,7,2,7
2017430198142,3,9,0,3,0,0,0,0,0,0,2,1,6,1,43,7,-1,-1,-1,3,1,3
2017430198142,4,9,0,3,0,0,0,0,0,0,2,1,6,1,34,6,1995,2,9,8,1,8
2017430198147,1,9,0,4,0,0,0,0,0,0,1,1,1,2,28,6,875,1,1,7,1,7
2017430198147,2,19,0,4,0,0,0,0,0,0,2,1,1,1,25,5,1968,2,1,6,1,6
2017430198168,1,9,0,18,0,0,0,0,0,0,1,1,2,2,35,6,1598,1,11,8,1,8
2017430198212,1,9,0,9,0,6,0,0,0,0,1,1,6,1,69,10,4266,1,17,9,3,9
2017430198212,2,5,0,14,0,8,0,0,0,0,4,1,2,1,38,7,659,1,11,6,3,6
2017430198677,1,9,0,18,0,0,0,0,0,0,1,1,6,2,21,5,1086,1,9,9,1,9
2017430198677,2,9,0,3,0,0,0,0,0,0,2,1,6,1,54,8,2143,2,-1,9,1,9
2017430198716,1,9,0,18,0,1,0,0,0,0,1,1,1,1,45,7,1997,2,2,8,2,8
2017430198716,2,1,0,18,0,8,0,0,0,0,1,1,6,2,26,6,-1,-1,-1,3,1,3
2017430198740,1,9,0,9,0,6,0,0,0,0,1,1,2,2,59,9,1198,1,4,7,1,7
2017430198740,2,9,0,18,0,1,0,0,0,0,4,1,6,2,27,6,2720,2,10,7,2,7
2017430198754,1,1,0,18,0,1,0,0,0,0,1,1,6,1,22,5,-1,-1,-1,8,1,8
2017430198754,2,9,0,5,0,1,0,0,0,0,4,1,6,1,50,8,1896,2,9,6,1,6
2017430198812,1,9,0,5,0,4,0,0,0,0,1,1,6,1,85,11,-1,-1,-1,-1,-1,-1
2017430198812,2,19,0,18,0,8,0,0,0,0,3,1,1,1,30,6,-1,-1,-1,5,1,5
2017430198882,1,19,0,17,0,0,0,0,0,0,1,1,2,1,28,6,1753,2,12,9,3,9
2017430198882,2,9,0,16,0,0,0,0,0,0,1,1,2,1,23,5,1396,1,14,4,1,4
2017430198918,1,9,0,18,0,8,0,0,0,0,1,1,6,2,26,6,998,1,9,10,1,10
2017430199283,1,9,0,18,0,4,0,0,0,0,1,1,1,1,32,6,1596,1,13,3,1,3
2017430199283,2,9,0,3,0,4,0,0,0,0,2,1,1,1,47,8,1242,1,4,5,1,5
2017430199284,1,19,0,18,0,0,5,0,1,0,1,1,1,1,55,8,2198,2,5,9,2,9
2017430199284,2,21,0,2,0,0,0,0,0,0,2,1,1,1,60,9,5880,2,9,-1,-1,-1
2017430199284,3,9,0,2,0,0,0,0,0,0,4,1,6,2,34,6,1587,1,12,-1,-1,-1
2017430199294,1,9,0,18,0,4,0,9,3,4,1,1,1,2,53,8,998,1,7,8,1,8
2017430199302,1,19,0,12,0,0,0,0,0,0,0,1,6,1,-1,-1,2143,2,6,-1,-1,-1
2017430199302,2,9,0,18,0,0,0,0,0,0,2,1,6,1,67,10,1595,1,1,3,1,3
2017430199302,3,9,0,18,0,0,0,0,0,0,1,1,6,1,-1,-1,1796,1,13,-1,-1,-1
2017430199309,1,9,0,18,0,1,0,0,0,0,1,1,6,1,40,7,-1,-1,-1,-1,-1,-1
2017430199309,2,9,0,8,0,1,0,0,0,0,2,1,6,2,28,6,1229,1,10,2,1,2
2017430199318,1,9,0,18,0,0,0,12,0,0,1,1,1,1,48,8,1560,2,5,9,1,9
2017430199319,1,9,0,18,0,0,0,0,1,0,1,1,6,1,-1,-1,-1,-1,-1,-1,-1,-1
2017430199319,2,9,0,18,0,0,5,0,1,0,2,1,6,1,24,5,1397,1,15,1,1,1
2017430199326,1,9,0,18,0,1,0,0,0,0,1,1,6,3,-1,-1,1149,1,15,-1,-1,-1
2017430199326,2,9,0,3,0,1,0,0,0,0,2,1,6,1,67,10,1977,1,20,9,1,9
2017430199332,1,9,0,18,0,0,0,0,0,0,3,1,1,1,49,8,1560,2,3,7,1,7
2017430199332,2,9,0,4,0,0,0,0,0,0,3,1,1,1,36,7,1598,1,16,4,1,4
2017430199332,3,9,0,13,0,0,0,0,0,0,1,1,1,1,35,6,1956,2,6,10,1,10
2017430199354,1,9,0,12,0,8,0,0,0,0,3,1,6,1,-1,-1,2497,2,21,-1,-1,-1
2017430199354,2,9,0,18,0,8,0,0,0,0,4,1,6,1,46,8,1197,1,3,3,1,3
2017430199357,1,9,0,18,0,0,0,0,0,0,1,1,2,2,41,7,1396,1,4,9,2,9
2017430199357,2,9,0,18,0,0,0,0,0,0,2,1,3,2,52,8,-1,-1,-1,-1,-1,-1
2017430199378,1,9,0,18,0,0,0,0,0,0,4,1,6,3,-1,-1,-1,-1,-1,-1,-1,-1
2017430199379,1,9,0,18,0,8,0,0,0,0,1,1,6,1,57,9,2720,2,10,9,1,9
2017430199379,2,9,0,9,0,8,0,0,0,0,4,1,6,2,29,6,1560,2,12,7,3,7
2017430199384,1,9,0,9,0,6,0,0,0,0,3,1,6,2,46,8,1339,1,7,10,1,10
2017430199384,2,9,2,18,0,4,0,0,0,0,1,1,6,2,56,9,1985,1,17,9,1,9
2017430199388,1,9,0,18,0,0,0,0,0,0,3,1,6,1,43,7,2996,1,8,9,3,9
2017430199388,2,9,0,18,0,0,0,0,1,0,3,1,6,1,51,8,-1,-1,-1,8,2,8
2017430199408,1,9,0,7,0,5,0,0,0,0,1,1,6,1,-1,-1,1969,2,-1,-1,-1,-1
2017430199408,2,9,0,9,0,5,0,0,0,0,1,1,6,2,29,6,-1,-1,-1,9,1,9
2017430199417,1,9,0,18,0,0,0,0,4,6,2,1,6,1,53,8,1956,2,5,5,1,5
2017430199417,2,9,0,18,0,0,1,0,0,0,1,1,6,2,28,6,1969,2,1,2,1,2
2017430199437,1,9,0,9,0,6,0,0,0,0,1,1,6,2,40,7,1598,2,1,9,3,9
2017430199437,2,9,0,18,0,8,0,0,0,0,4,1,6,2,62,9,1995,2,12,9,3,9
2017430199503,1,9,0,18,0,1,0,0,1,2,1,1,3,2,62,9,1560,2,8,5,3,5
2017430199562,1,9,0,7,0,8,0,0,0,0,4,1,6,1,-1,-1,1998,1,15,-1,-1,-1
2017430199562,2,9,0,7,0,8,0,0,0,0,3,1,6,2,23,5,1560,2,7,6,1,6
2017430199569,1,9,0,5,0,1,0,0,0,0,1,1,2,1,32,6,1798,1,3,2,1,2
2017430199569,2,4,0,3,0,1,0,0,0,0,2,1,6,1,22,5,249,1,8,10,1,10
2017430199744,1,9,0,9,0,8,0,0,0,0,1,1,2,2,39,7,998,1,16,4,1,4
2017430199744,2,9,0,18,0,1,1,0,0,0,1,1,2,1,22,5,1685,2,5,6,1,6
2017430199834,1,9,0,7,0,4,0,0,0,0,3,1,6,2,60,9,998,1,4,7,1,7
2017430199834,2,1,0,9,0,8,0,0,0,0,4,1,6,1,52,8,-1,-1,-1,7,2,7
2017430200321,1,9,0,7,0,3,1,7,7,0,1,1,6,1,26,6,1388,1,12,7,1,7
2017430200321,2,1,0,18,0,4,0,0,1,0,3,1,2,1,53,8,-1,-1,-1,6,1,6
2017430200321,3,9,0,2,0,8,0,0,0,0,4,1,6,3,-1,-1,1197,1,-1,7,1,7
2017430200571,1,9,0,7,0,1,0,0,0,0,4,1,2,2,40,7,1868,2,16,-1,-1,-1
2017430200571,2,1,0,15,4,1,0,0,0,0,3,1,2,1,29,6,-1,-1,-1,5,1,5
2017430200863,1,9,0,7,0,5,0,0,0,0,4,1,2,2,50,8,1299,1,17,3,1,3
2017430200863,2,1,0,18,0,8,0,0,0,0,3,1,2,1,25,5,-1,-1,-1,3,1,3
2017430200879,1,9,0,5,0,1,0,0,0,0,1,1,2,1,36,7,1968,2,6,8,1,8
2017430200879,2,9,0,3,0,1,0,0,0,0,2,1,6,2,38,7,1598,1,15,9,1,9
2017430202191,1,9,0,18,0,1,1,0,7,0,1,1,6,1,36,7,1686,2,6,9,2,9
2017430202191,2,9,0,9,0,1,2,0,7,10,3,1,6,1,20,4,1399,2,9,7,3,7
2017430202324,1,9,0,16,0,0,0,0,0,0,1,1,6,1,45,7,-1,-1,-1,9,1,9
2017430202324,2,9,0,17,0,0,0,0,1,9,1,1,6,1,20,4,1600,2,6,10,1,10
2017430202324,3,8,0,17,0,0,0,0,1,10,3,1,6,1,67,10,-1,-1,-1,3,1,3
2017430202324,4,9,0,16,0,0,0,0,0,0,1,2,6,2,26,6,-1,-1,-1,8,1,8
2017430202325,1,1,0,18,9,0,0,0,0,0,1,1,6,3,-1,-1,-1,-1,-1,-1,-1,-1
2017430202343,1,9,0,16,0,0,0,0,0,0,2,1,6,3,-1,-1,-1,-1,-1,-1,-1,-1
2017430202343,2,9,0,17,0,0,0,0,7,10,1,1,2,2,29,6,1240,1,12,7,3,7
2017430202349,1,9,0,18,0,8,0,0,1,0,1,1,6,1,42,7,-1,-1,-1,9,1,9
2017430202349,2,9,0,9,0,6,0,0,0,0,4,1,6,1,64,9,1995,2,2,6,3,6
2017430202350,1,9,0,18,0,0,1,0,1,4,0,1,1,1,25,5,1686,2,14,7,1,7
2017430202350,2,9,0,5,0,0,0,0,0,0,0,1,6,3,-1,-1,-1,-1,-1,-1,-1,-1
2017430202363,1,9,0,18,0,1,0,0,0,0,1,1,6,1,86,11,1198,1,10,-1,-1,-1
2017430202363,2,9,0,18,0,1,0,0,0,0,2,1,6,1,56,9,1364,1,8,-1,1,-1
2017430202367,1,1,0,18,0,0,0,0,0,0,4,1,4,1,-1,-1,-1,-1,-1,-1,-1,-1
2017430202388,1,9,0,5,0,4,0,0,0,0,1,1,6,1,88,11,1796,1,15,10,1,10
2017430202388,2,3,0,18,0,8,1,0,0,0,4,1,6,1,28,6,124,1,14,3,1,3
2017430202432,1,9,0,1,0,2,0,0,0,0,2,1,6,1,40,7,2967,2,7,9,3,9
2017430202432,2,9,0,17,0,1,0,0,0,0,1,1,6,2,44,7,1560,2,5,6,1,6
2017430202434,1,9,0,9,0,6,0,0,0,0,1,1,6,2,49,8,1388,1,11,10,1,10
2017430202434,2,2,0,18,0,1,0,0,0,0,4,1,2,1,23,5,125,1,4,6,1,6
2017430202465,1,1,0,18,0,0,0,0,0,0,1,1,6,1,56,9,-1,-1,-1,8,2,8
2017430202465,2,9,0,2,0,0,0,0,0,0,2,1,6,2,47,8,1968,2,9,4,1,4
2017430202475,1,19,0,4,0,4,0,0,0,0,3,1,6,1,-1,-1,1560,2,7,8,1,8
2017430202475,2,1,0,18,0,8,0,0,0,0,4,1,2,1,45,7,-1,-1,-1,9,3,9
2017430202489,1,9,0,9,0,5,0,0,0,0,1,1,6,2,52,8,1360,1,11,9,1,9
2017430202489,2,9,0,18,0,8,0,0,1,1,1,1,6,1,35,6,1596,1,13,10,1,10
2017430202501,1,9,0,16,0,1,0,0,2,2,1,1,6,1,25,5,1197,1,5,6,1,6
2017430202505,1,9,0,18,0,0,0,0,0,0,1,1,6,1,33,6,-1,-1,-1,-1,-1,-1
2017430202505,2,9,0,18,0,0,0,0,0,0,2,1,6,2,65,9,1600,1,17,8,1,8
2017430202520,1,9,0,18,0,0,0,0,0,0,1,2,6,1,-1,-1,-1,-1,-1,-1,-1,-1
2017430202520,2,19,0,3,0,0,0,0,0,0,2,1,6,1,50,8,2198,2,1,7,3,7
2017430202528,1,21,0,18,0,0,0,0,0,0,3,1,1,1,58,9,5880,2,9,4,1,4
2017430202528,2,21,0,18,0,0,0,0,0,0,3,1,1,1,56,9,4764,2,9,8,1,8
2017430202548,1,9,0,7,0,6,0,0,0,0,1,1,2,2,59,9,1198,1,6,9,1,9
2017430202548,2,1,0,18,0,8,0,0,0,0,1,1,2,2,59,9,-1,-1,-1,10,1,10
2017430202549,1,9,0,1,0,0,0,0,0,0,2,1,6,2,82,11,1388,1,8,5,1,5
2017430202555,1,9,0,4,0,7,0,0,0,0,1,1,1,1,38,7,1685,2,-1,10,1,10
2017430202555,2,9,0,3,0,7,0,0,0,0,2,1,6,2,52,8,1598,1,5,8,3,8
2017430202555,3,9,0,3,0,7,0,0,0,0,2,1,6,2,24,5,1229,1,11,2,1,2
2017430202567,1,9,0,18,0,0,0,0,2,7,4,1,2,1,24,5,1586,1,1,8,1,8
2017430202671,1,9,0,9,0,5,0,0,0,0,1,1,1,2,47,8,998,1,9,2,1,2
2017430202671,2,9,0,18,0,8,0,0,0,0,1,1,1,1,51,8,1598,2,1,6,1,6
2017430202787,1,9,0,18,0,1,0,0,0,0,1,1,2,1,60,9,1968,2,6,6,2,6
2017430202787,2,9,0,3,0,1,0,0,0,0,2,1,2,2,38,7,1995,2,11,5,1,5
2017430203459,1,21,1,18,0,0,1,0,0,0,1,1,1,1,53,8,11967,2,4,8,1,8
2017430203459,2,21,0,18,0,0,0,0,0,0,1,1,1,1,63,9,6692,2,8,7,1,7
2017430203507,1,9,0,17,0,0,2,0,0,0,1,1,2,1,48,8,1399,2,14,2,1,2
2017430203520,1,9,0,18,0,5,0,0,0,0,4,1,2,3,-1,-1,2204,2,11,-1,-1,-1
2017430203520,2,1,0,18,4,1,0,0,0,0,3,1,6,1,26,6,-1,-1,-1,4,1,4
2017430203525,1,9,0,18,0,2,0,0,0,0,0,1,6,3,-1,-1,-1,-1,-1,-1,-1,-1
2017430203525,2,9,0,18,0,2,2,0,2,1,1,1,6,1,40,7,1560,2,2,7,1,7
2017430203554,1,5,0,18,0,8,1,0,0,0,1,1,6,1,34,6,999,1,9,8,1,8
2017430203554,2,19,0,9,0,6,0,0,0,0,3,1,1,1,40,7,2464,2,9,9,2,9
2017430203587,1,9,0,18,0,0,0,0,0,0,1,1,6,2,70,10,1388,1,5,10,1,10
2017430203587,2,9,0,3,0,0,0,0,0,0,2,1,1,2,35,6,1598,2,1,10,1,10
2017430203605,1,9,0,18,0,0,0,0,0,0,1,1,3,2,40,7,2143,2,3,7,1,7
2017430203605,2,9,0,3,0,0,0,0,0,0,2,1,3,2,31,6,-1,-1,-1,6,1,6
2017430203625,1,9,0,18,0,8,0,4,0,0,1,1,6,1,78,11,1598,2,3,6,1,6
2017430203625,2,9,0,2,0,8,0,0,0,0,2,1,1,1,25,5,1797,8,6,1,1,1
2017430203655,1,9,0,9,0,6,0,0,0,0,3,1,6,2,-1,-1,1796,2,4,7,3,7
2017430203655,2,1,0,18,0,8,0,0,0,0,1,1,2,1,35,6,-1,-1,-1,7,1,7
2017430203702,1,19,0,18,0,0,0,0,0,0,1,1,1,1,53,8,2464,2,10,7,3,7
2017430203702,2,9,0,3,0,0,0,0,0,0,2,1,1,2,26,6,1248,1,8,10,1,10
2017430203702,3,9,0,3,0,0,0,0,0,0,2,1,1,2,37,7,1896,2,11,5,1,5
2017430203746,1,9,0,2,0,0,0,0,0,0,3,1,6,2,-1,-1,1360,1,15,-1,-1,-1
2017430203746,2,1,0,18,0,0,0,0,0,0,1,1,2,2,49,8,-1,-1,-1,4,1,4
2017430203752,1,9,0,9,0,5,0,0,0,0,1,1,1,1,24,5,1598,2,3,7,1,7
2017430203752,2,9,0,15,0,8,0,0,1,0,1,1,6,1,17,4,1339,1,4,10,1,10
2017430203797,1,9,0,8,0,1,0,0,0,0,4,1,6,2,35,6,1598,1,5,10,1,10
2017430203832,1,11,0,9,0,6,0,0,0,0,1,1,1,3,40,7,4500,2,6,-1,-1,-1
2017430203837,1,9,0,9,0,4,0,0,0,0,3,1,6,2,45,7,1997,2,2,10,1,10
2017430203837,2,1,0,18,0,8,0,0,0,0,1,1,6,1,22,5,-1,-1,-1,10,1,10
2017430203940,1,9,0,18,0,0,0,0,0,0,1,1,6,3,-1,-1,-1,-1,-1,-1,-1,-1
2017430203940,2,9,0,3,0,0,0,0,0,0,2,1,2,2,54,8,1600,2,7,7,1,7
2017430203944,1,9,0,18,0,0,0,0,0,0,3,1,6,1,25,5,1242,1,11,9,1,9
2017430203944,2,9,0,18,0,0,0,0,0,0,3,1,6,3,-1,-1,-1,-1,-1,-1,-1,-1
2017430204043,1,1,0,18,9,1,0,0,0,0,1,1,4,1,12,3,-1,-1,-1,4,1,4
2017430204043,2,9,0,8,0,6,0,0,0,0,2,1,6,1,78,11,1497,8,3,10,2,10
2017430204255,1,9,0,5,0,0,0,0,0,0,0,1,6,3,-1,-1,1997,1,13,-1,-1,-1
2017430204255,2,1,0,18,0,0,0,0,0,0,0,1,6,1,57,9,-1,-1,-1,3,1,3
2017430205108,1,9,0,7,0,6,0,0,0,0,4,1,6,1,34,6,1399,2,6,6,2,6
2017430205108,2,8,0,9,0,1,1,0,0,0,4,1,1,1,62,9,2143,2,-1,9,1,9
2017430205180,1,9,0,18,0,0,1,2,4,1,1,1,6,1,27,6,1461,2,11,4,1,4
2017430205180,2,9,0,18,0,0,0,0,0,0,1,1,1,1,39,7,-1,-1,-1,-1,-1,-1