Accident_Index,Vehicle_Reference,Vehicle_Type,Towing_and_Articulation,Vehicle_Manoeuvre,Vehicle_Location-Restricted_Lane,Junction_Location,Skidding_and_Overturning,Hit_Object_in_Carriageway,Vehicle_Leaving_Carriageway,Hit_Object_off_Carriageway,1st_Point_of_Impact,Was_Vehicle_Left_Hand_Drive?,Journey_Purpose_of_Driver,Sex_of_Driver,Age_of_Driver,Age_Band_of_Driver,Engine_Capacity_(CC),Propulsion_Code,Age_of_Vehicle,Driver_IMD_Decile,Driver_Home_Area_Type,Vehicle_IMD_Decile
2017430258420,1,9,0,18,0,0,0,0,0,0,1,1,6,1,43,7,1596,1,15,3,1,3
2017430258420,2,9,0,4,0,0,0,0,0,0,2,1,6,1,50,8,1796,1,13,3,1,3
2017430258420,3,9,0,4,0,0,0,0,0,0,2,1,6,1,28,6,1995,1,10,4,1,4
2017430258420,4,9,0,4,0,0,0,0,0,0,2,1,6,1,44,7,2143,2,2,4,1,4
2017430258438,1,9,0,18,0,0,0,0,1,4,1,1,1,2,31,6,1248,2,5,9,1,9
2017430258438,2,9,0,18,0,0,0,0,0,0,0,1,6,1,70,10,1461,2,2,3,1,3
2017430258438,3,9,0,18,0,0,0,0,0,0,0,1,6,1,29,6,-1,-1,-1,7,1,7
2017430258450,1,1,0,5,0,6,0,0,0,0,3,1,1,1,79,11,-1,-1,-1,10,3,10
2017430258450,2,19,0,18,0,1,0,0,0,0,1,1,1,1,25,5,2488,2,7,8,1,8
2017430258452,1,9,0,9,0,5,0,0,0,0,3,1,6,2,48,8,1997,2,7,8,1,8
2017430258452,2,5,0,13,0,8,1,0,0,0,4,1,6,1,38,7,805,1,22,2,1,2
2017430258458,1,9,0,18,0,0,0,0,1,4,1,1,6,2,21,5,1149,1,15,5,1,5
2017430258458,2,8,0,4,0,0,0,0,0,0,2,1,1,1,56,9,-1,-1,-1,8,2,8
2017430258483,1,9,0,9,0,5,0,0,0,0,4,1,1,1,59,9,-1,-1,-1,10,1,10
2017430258483,2,5,0,18,0,8,0,0,0,0,1,1,6,1,56,9,745,1,-1,10,1,10
2017430258501,1,9,0,5,0,1,0,0,0,0,4,1,6,3,-1,-1,-1,-1,-1,-1,-1,-1
2017430258501,2,1,0,5,0,1,0,0,0,0,3,1,6,1,86,11,-1,-1,-1,10,1,10
2017430258522,1,9,0,7,0,5,0,0,0,0,4,1,6,2,37,7,2179,2,8,3,1,3
2017430258522,2,1,0,18,2,1,0,0,0,0,1,1,2,1,26,6,-1,-1,-1,4,1,4
2017430258549,1,9,0,9,0,5,0,0,0,0,4,1,6,2,32,6,-1,-1,-1,9,1,9
2017430258549,2,9,0,18,0,8,0,0,0,0,1,1,6,2,35,6,1395,1,2,9,1,9
2017430258740,1,9,0,9,0,4,0,0,0,0,1,1,2,1,33,6,1984,1,10,5,1,5
2017430258740,2,8,0,4,0,8,0,0,0,0,2,1,1,1,37,7,1997,2,5,2,1,2
2017430258819,1,9,0,7,0,4,0,0,0,0,1,1,6,2,78,11,1997,1,9,10,1,10
2017430258819,2,1,0,18,0,3,0,0,0,0,2,1,2,1,24,5,-1,-1,-1,6,2,6
2017430259348,1,19,0,18,0,1,0,0,0,0,1,1,6,1,25,5,1560,2,6,-1,-1,-1
2017430259348,2,9,0,4,0,1,0,0,0,0,2,1,6,2,46,8,1560,2,6,7,1,7
2017430259481,1,9,0,18,0,1,0,0,0,0,1,1,1,1,36,7,1796,1,12,3,1,3
2017430259481,2,9,0,3,0,1,0,0,0,0,2,1,6,1,43,7,-1,-1,-1,-1,-1,-1
2017430259495,1,9,0,4,0,1,0,0,0,0,1,1,2,1,30,6,-1,-1,-1,2,1,2
2017430259495,2,9,0,3,0,1,0,0,0,0,2,1,6,2,17,4,1248,2,1,2,1,2
2017430259496,1,1,0,18,0,0,0,0,0,0,0,1,6,2,74,10,-1,-1,-1,-1,-1,-1
2017430259502,1,9,0,9,0,6,0,0,0,0,1,1,6,2,78,11,1998,1,14,9,1,9
2017430259502,2,9,0,17,0,8,0,0,0,0,4,1,6,2,36,7,1686,2,15,4,1,4
2017430259506,1,9,0,4,0,1,0,0,0,0,1,1,6,3,-1,-1,1796,2,4,-1,-1,-1
2017430259506,2,9,0,3,0,1,0,0,0,0,2,1,6,1,30,6,1910,2,13,2,1,2
2017430259547,1,9,0,13,0,0,5,10,1,5,1,1,6,1,29,6,2993,2,13,9,1,9
2017430259557,1,9,0,18,0,0,0,0,0,0,1,1,6,1,69,10,1560,2,2,3,1,3
2017430259557,2,9,0,18,0,0,0,0,0,0,1,1,6,1,82,11,1798,1,9,8,1,8
2017430259559,1,1,0,18,0,8,1,0,0,0,4,1,6,1,17,4,-1,-1,-1,3,1,3
2017430259559,2,9,0,18,0,8,0,0,0,0,1,1,6,1,17,4,999,1,2,3,1,3
2017430259568,1,3,0,18,0,0,0,0,0,0,1,1,6,1,27,6,125,1,-1,7,1,7
2017430259610,1,9,0,18,0,0,2,0,1,4,4,1,2,2,58,9,1339,1,10,10,1,10
2017430259618,1,9,0,9,0,6,0,0,0,0,0,1,1,1,33,6,1997,2,3,3,1,3
2017430259618,2,21,0,3,0,1,0,0,0,0,2,1,1,1,51,8,12902,2,4,8,1,8
2017430259618,3,9,0,18,0,1,1,0,0,0,1,1,6,2,60,9,1398,1,5,10,1,10
2017430259627,1,1,0,18,0,0,0,10,0,0,3,1,6,2,30,6,-1,-1,-1,-1,-1,-1
2017430259627,2,9,0,18,0,0,0,0,0,0,4,1,6,1,39,7,1995,2,1,9,1,9
2017430259649,1,19,0,9,0,5,0,0,0,0,1,1,1,1,48,8,2148,2,8,9,1,9
2017430259649,2,9,0,18,0,8,0,0,0,0,1,1,6,1,22,5,1398,1,2,9,3,9
2017430259674,1,9,0,5,0,4,0,0,0,0,3,1,6,2,45,7,1968,2,9,10,1,10
2017430259674,2,1,0,18,0,8,0,0,0,0,1,1,6,1,66,10,-1,-1,-1,8,1,8
2017430259691,1,9,0,18,0,6,0,0,0,0,1,1,6,1,29,6,1956,2,7,8,1,8
2017430259691,2,9,0,18,0,8,0,0,1,1,3,1,2,2,22,5,1560,2,7,2,1,2
2017430259698,1,21,1,9,0,8,0,0,0,0,3,2,1,1,50,8,-1,-1,-1,-1,-1,-1
2017430259698,2,9,0,18,0,1,0,0,0,0,1,1,6,2,54,8,1598,2,5,7,1,7
2017430259723,1,9,0,18,0,4,0,0,0,0,1,1,6,2,35,6,1598,1,7,6,3,6
2017430259723,2,9,0,18,0,4,0,0,0,0,2,1,6,2,52,8,1998,1,1,7,3,7
2017430259751,1,9,0,18,0,1,0,0,0,0,1,1,6,2,42,7,1796,1,13,10,1,10
2017430259751,2,21,0,7,0,5,0,0,0,0,2,1,1,1,-1,-1,9290,2,1,-1,-1,-1
2017430259802,1,9,0,18,0,1,0,10,2,3,1,1,2,2,53,8,1999,7,8,9,1,9
2017430259840,1,9,0,5,0,1,0,0,0,0,1,1,6,1,21,5,1998,1,9,2,1,2
2017430259840,2,9,0,10,0,1,0,0,0,0,2,1,6,2,22,5,1248,2,10,4,1,4
2017430260349,1,9,0,17,0,1,2,10,1,11,1,1,6,1,22,5,2993,2,-1,-1,-1,-1
2017430261808,1,9,0,5,0,0,0,0,0,0,3,1,6,2,-1,-1,1997,2,1,-1,-1,-1
2017430261808,2,9,0,3,0,0,0,0,0,0,3,1,6,2,28,6,1560,2,3,6,1,6
2017430262067,1,9,0,18,0,0,2,10,0,0,1,1,6,2,53,8,2179,2,4,10,1,10
2017430262067,2,9,0,18,0,0,0,0,0,0,1,1,6,1,61,9,4395,1,1,10,1,10
2017430262071,1,9,0,18,0,0,0,0,0,0,1,1,6,2,30,6,1198,1,6,4,1,4
2017430262071,2,19,0,4,0,0,0,0,0,0,2,1,6,1,56,9,2402,2,11,4,1,4
2017430262091,1,9,0,14,0,0,0,0,0,0,1,1,2,2,46,8,1995,2,7,10,3,10
2017430262091,2,90,0,2,0,0,0,0,0,0,0,1,1,3,-1,-1,-1,-1,-1,-1,-1,-1
2017430262173,1,9,0,17,0,0,2,0,1,2,1,1,6,1,33,6,1984,1,16,-1,-1,-1
2017430262369,1,9,0,18,0,1,0,0,0,0,1,1,6,2,69,10,1998,1,2,10,3,10
2017430262369,2,9,0,3,0,1,0,0,0,0,2,1,6,1,24,5,1197,1,1,10,3,10
2017430263243,1,9,0,4,0,1,0,0,0,0,2,1,6,2,44,7,1560,2,5,6,1,6
2017430263243,2,9,0,4,0,1,0,0,0,0,0,1,2,2,25,5,1596,1,10,10,3,10
2017430263243,3,3,0,18,0,1,0,0,0,0,1,1,2,1,17,4,125,1,-1,3,1,3
2017430263275,1,21,1,7,0,4,0,0,0,0,1,1,1,1,50,8,10837,2,2,5,1,5
2017430263275,2,9,0,18,0,8,0,0,0,0,4,1,6,1,49,8,2000,1,21,10,1,10
2017430263277,1,9,0,9,0,5,0,0,0,0,1,1,1,1,-1,-1,1229,1,2,2,1,2
2017430263310,1,9,0,16,0,0,0,0,7,0,3,1,6,1,27,6,2987,2,8,10,1,10
2017430263310,2,9,0,17,0,0,0,0,0,0,3,1,6,1,80,11,1368,1,1,7,3,7
2017430263310,3,9,0,17,0,0,1,0,1,0,3,1,6,2,49,8,2925,2,-1,8,1,8
2017430263313,1,19,0,9,0,2,0,0,0,0,1,1,1,1,45,7,2987,2,10,8,1,8
2017430263319,1,5,0,18,0,1,0,0,0,0,1,1,6,1,19,4,-1,-1,-1,9,2,9
2017430263319,2,9,0,10,0,1,0,0,0,0,2,1,6,1,21,5,-1,-1,-1,7,3,7
2017430263330,1,9,0,18,0,0,1,0,1,11,0,1,6,2,20,4,1598,1,12,5,1,5
2017430263355,1,8,0,18,0,1,0,0,0,0,1,1,2,1,52,8,1997,2,7,-1,-1,-1
2017430263355,2,9,0,10,0,1,0,0,0,0,2,1,6,1,-1,-1,2993,2,3,-1,-1,-1
2017430263355,3,9,0,10,0,1,0,0,0,0,2,1,6,1,-1,-1,-1,-1,-1,-1,-1,-1
2017430263359,1,9,0,9,0,5,0,0,0,0,2,1,6,1,17,4,-1,-1,-1,2,1,2
2017430263359,2,2,0,18,0,8,0,0,0,0,1,1,6,1,27,6,49,1,8,4,1,4
2017430263411,1,9,0,9,0,5,0,0,0,0,1,1,6,2,74,10,1461,2,3,7,3,7
2017430263411,2,9,0,18,0,8,0,0,1,4,3,1,6,2,59,9,998,1,5,6,3,6
2017430263429,1,9,0,9,0,6,0,0,0,0,1,1,6,2,48,8,1598,1,8,10,3,10
2017430263429,2,9,0,18,0,8,2,0,1,9,4,1,6,2,21,5,1598,1,11,10,2,10
2017430263465,1,9,0,16,0,0,0,0,7,9,3,1,6,2,58,9,1461,2,-1,1,1,1
2017430263554,1,9,0,16,0,0,1,0,7,5,1,1,6,1,25,5,1242,1,12,4,1,4
2017430263554,2,9,0,16,0,0,0,0,0,0,0,1,6,1,18,4,998,1,1,10,1,10
2017430263651,1,19,0,1,0,1,0,0,0,0,2,1,6,1,35,6,1598,2,2,7,1,7
2017430263651,2,9,0,2,0,1,0,0,0,0,2,1,6,2,32,6,1796,2,4,2,1,2
2017430263781,1,9,0,18,0,0,0,0,0,0,1,1,6,3,-1,-1,-1,-1,-1,-1,-1,-1
2017430263781,2,9,0,18,0,0,1,0,2,7,2,1,6,2,22,5,2656,1,12,10,1,10
2017430263787,1,9,0,18,0,1,0,0,1,10,1,1,6,2,70,10,1398,1,-1,7,1,7
2017430263787,2,21,1,18,0,1,0,0,0,0,3,1,1,1,60,9,10837,2,2,7,3,7
2017430263871,1,9,0,18,0,1,0,0,0,0,1,1,6,2,59,9,1229,1,6,7,1,7
2017430263871,2,9,0,4,0,1,0,0,0,0,2,1,6,1,50,8,1596,1,9,5,1,5
2017430263927,1,9,0,18,0,0,2,0,1,1,1,1,6,1,24,5,-1,-1,-1,9,1,9
2017430264382,1,9,0,9,0,8,0,0,7,1,1,1,6,1,49,8,1998,1,15,8,1,8
2017430264382,2,9,0,18,0,1,0,0,0,0,1,1,6,2,23,5,1242,1,7,7,1,7
2017430264407,1,21,1,18,0,6,0,0,0,0,3,2,1,1,53,8,-1,-1,-1,-1,-1,-1
2017430264407,2,9,0,18,0,8,1,0,0,0,4,1,6,1,18,4,1388,1,6,10,1,10
2017430264412,1,9,0,7,0,8,0,0,0,0,1,1,6,2,35,6,1598,1,16,-1,-1,-1
2017430264412,2,9,0,18,0,8,0,2,0,0,3,1,6,1,19,4,999,1,2,7,1,7
2017430264424,1,8,0,7,0,8,0,0,0,0,4,1,1,1,-1,-1,-1,-1,-1,-1,-1,-1
2017430264424,2,1,0,18,0,8,0,0,0,0,3,1,6,1,34,6,-1,-1,-1,6,3,6
2017430264440,1,9,0,9,0,5,0,4,0,0,3,1,6,2,91,11,1242,1,8,4,1,4
2017430264440,2,9,0,10,0,1,0,0,0,0,3,1,1,1,49,8,1968,2,4,6,1,6
2017430264440,3,9,0,2,0,1,0,0,0,0,3,1,1,1,35,6,1968,2,5,8,1,8
2017430264462,1,9,0,18,0,0,0,0,0,0,1,1,6,1,28,6,1598,2,1,-1,-1,-1
2017430264462,2,1,0,18,0,0,0,0,0,0,3,1,6,2,13,3,-1,-1,-1,-1,-1,-1
2017430264465,1,19,0,9,0,5,1,7,1,10,1,1,1,1,49,8,1997,2,-1,3,1,3
2017430264465,2,19,0,18,0,8,1,0,0,0,1,1,1,1,54,8,1499,2,1,4,1,4
2017430264473,1,9,0,18,0,0,2,0,7,9,3,1,6,1,54,8,1796,1,8,9,2,9
2017430264482,1,9,0,18,0,8,0,0,0,0,1,1,6,2,37,7,1590,1,18,2,1,2
2017430264482,2,9,0,18,0,8,0,0,0,0,4,1,6,1,50,8,1560,2,1,7,3,7
2017430264508,1,9,0,18,0,0,0,0,0,0,1,1,2,1,62,9,1461,2,2,10,2,10
2017430264508,2,1,0,18,0,0,0,0,0,0,2,1,6,1,42,7,-1,-1,-1,10,1,10
2017430264525,1,8,0,18,0,0,0,0,5,6,1,1,1,1,41,7,-1,-1,-1,5,1,5
2017430264525,2,9,0,4,0,0,0,0,0,0,2,1,6,1,61,9,1986,2,9,8,3,8
2017430264531,1,19,0,9,0,6,0,0,0,0,0,1,1,1,47,8,2143,2,1,5,1,5
2017430264531,2,3,0,18,0,8,0,0,0,0,0,1,2,1,19,4,124,1,1,9,1,9
2017430264542,1,9,0,18,0,0,0,0,0,0,1,1,6,1,50,8,1598,2,2,-1,-1,-1
2017430264542,2,9,0,18,0,0,0,0,0,0,2,1,1,1,44,7,-1,-1,-1,2,1,2
2017430264548,1,9,0,4,0,1,0,0,0,0,0,1,1,1,53,8,1248,2,6,4,1,4
2017430264548,2,20,0,18,0,8,0,0,0,0,1,1,1,1,24,5,9290,2,4,6,1,6
2017430264548,3,9,0,4,0,8,0,0,0,0,2,1,6,1,36,7,1997,2,16,9,1,9
2017430264550,1,3,0,16,0,2,0,0,0,0,1,1,6,1,25,5,125,1,10,7,1,7
2017430264563,1,9,0,7,0,5,0,0,0,0,1,1,6,2,63,9,-1,-1,-1,6,1,6
2017430264563,2,1,0,18,0,8,1,0,0,0,1,1,2,1,29,6,-1,-1,-1,3,1,3
2017430264569,1,9,0,18,0,0,0,0,1,4,1,1,6,1,23,5,1390,1,3,-1,-1,-1
2017430264583,1,9,0,18,0,1,1,0,1,0,1,1,1,2,28,6,999,1,2,7,1,7
2017430264583,2,9,0,4,0,1,0,0,0,0,2,1,2,1,53,8,505,1,12,10,1,10
2017430264583,3,19,0,4,0,1,0,0,0,0,4,1,1,1,71,10,1248,2,-1,10,2,10
2017430264583,4,19,0,10,0,1,0,0,0,0,0,1,6,3,-1,-1,-1,-1,-1,-1,-1,-1
2017430264588,1,5,0,17,0,2,1,0,1,0,3,1,6,1,46,8,998,1,11,9,1,9
2017430264612,1,9,0,18,0,0,5,10,2,4,4,1,6,1,47,8,1364,1,12,3,1,3
2017430264614,1,9,0,18,0,0,1,0,4,6,1,1,6,1,21,5,1398,2,8,7,3,7
2017430264614,2,9,0,18,0,0,0,0,0,0,2,1,6,1,52,8,1988,2,11,2,1,2
2017430264646,1,9,0,14,0,0,0,0,0,0,1,1,6,1,21,5,1984,1,3,3,1,3
2017430264646,2,9,0,2,0,0,0,0,0,0,3,1,6,1,36,7,1388,1,15,10,1,10
2017430264646,3,9,0,18,0,0,0,0,0,0,1,1,6,2,56,9,1242,1,5,3,1,3
2017430264669,1,9,0,9,0,6,0,0,0,0,1,1,6,2,55,8,1197,1,1,5,1,5
2017430264669,2,2,0,18,0,8,0,0,0,0,4,1,6,1,16,4,50,1,5,10,2,10
2017430264693,1,9,0,18,0,4,0,0,0,0,1,1,6,1,30,6,1598,1,6,-1,-1,-1
2017430264693,2,1,0,18,0,8,0,0,0,0,4,1,2,1,18,4,-1,-1,-1,10,2,10
2017430264736,1,9,4,9,0,6,0,0,0,0,3,1,6,1,39,7,2996,2,21,10,1,10
2017430264736,2,5,0,18,0,1,0,0,0,0,1,1,6,1,41,7,988,1,15,9,3,9
2017430264792,1,9,0,18,0,2,1,0,0,0,1,1,6,1,42,7,2295,1,18,5,1,5
2017430264792,2,9,0,2,0,2,0,0,0,0,3,1,6,1,38,7,2000,2,6,5,1,5
2017430264792,3,9,0,18,0,8,0,0,0,0,4,1,6,1,66,10,3222,2,12,5,1,5
2017430264792,4,9,0,2,0,2,0,0,0,0,3,1,6,2,61,9,1896,2,11,5,1,5
2017430264792,5,9,0,2,0,2,0,0,0,0,4,1,6,1,51,8,2435,1,15,5,1,5
2017430265510,1,4,0,13,0,1,0,2,1,2,1,1,6,1,32,6,487,1,13,9,1,9
2017430265510,2,9,0,18,0,1,0,0,0,0,3,1,6,2,63,9,1390,1,10,7,3,7
2017430265566,1,8,0,18,0,4,0,9,1,9,1,1,1,1,51,8,2499,2,10,7,1,7
2017430265569,1,9,0,18,0,4,0,0,0,0,3,1,6,1,-1,-1,998,1,24,-1,-1,-1
2017430265569,2,9,0,9,0,8,0,0,0,0,1,1,6,2,27,6,-1,-1,-1,-1,-1,-1
2017430265592,1,9,0,18,0,0,0,0,0,0,1,1,6,1,22,5,998,1,18,8,3,8
2017430265592,2,9,0,18,0,0,0,0,0,0,1,1,6,1,48,8,1598,1,7,6,1,6
2017430265597,1,19,0,18,0,2,0,0,0,0,3,1,1,1,-1,-1,-1,-1,-1,-1,-1,-1
2017430265611,1,5,0,18,0,3,0,0,0,0,1,1,2,1,26,6,599,1,22,5,1,5
2017430265611,2,5,0,18,0,3,0,0,0,0,2,1,2,1,26,6,999,1,5,7,2,7
2017430265611,3,9,0,7,0,4,0,0,0,0,0,1,6,3,-1,-1,-1,-1,-1,-1,-1,-1
2017430265616,1,9,0,18,0,8,0,0,0,0,1,1,1,1,64,9,-1,-1,-1,4,3,4
2017430265616,2,9,0,9,0,1,0,0,0,0,3,1,6,2,25,5,1590,1,13,8,1,8
2017430265641,1,1,0,12,0,0,0,0,0,0,3,1,6,1,50,8,-1,-1,-1,-1,-1,-1
2017430265641,2,9,0,18,0,0,0,0,0,0,1,1,6,2,28,6,1198,1,1,9,1,9
2017430265651,1,9,0,4,0,1,0,0,0,0,1,1,6,1,45,7,1598,1,17,4,1,4
2017430265651,2,9,0,4,0,1,0,0,0,0,2,1,6,1,50,8,1910,2,9,6,1,6
2017430265652,1,9,0,18,0,4,0,0,0,0,1,1,1,2,27,6,1796,1,14,2,1,2
2017430265652,2,1,0,9,0,8,0,0,0,0,4,1,1,1,50,8,-1,-1,-1,5,1,5
2017430265676,1,9,0,9,0,8,0,0,0,0,1,1,6,2,24,5,1348,1,15,-1,-1,-1
2017430265676,2,1,0,18,0,1,0,0,0,0,1,1,2,1,43,7,-1,-1,-1,8,1,8
2017430265716,1,9,0,17,0,0,0,0,0,0,0,1,6,3,-1,-1,-1,-1,-1,-1,-1,-1
2017430265716,2,9,0,18,0,0,0,10,1,11,4,1,6,2,25,5,1997,2,15,7,1,7
2017430265798,1,19,0,18,0,0,5,10,7,4,3,1,6,1,29,6,1995,2,5,10,3,10
2017430265798,2,9,0,18,0,0,0,0,0,0,3,1,6,2,50,8,1968,2,6,5,1,5
2017430265915,1,19,0,18,0,0,1,0,7,0,0,1,1,1,37,7,2402,2,8,2,1,2
2017430265915,2,9,0,18,0,0,1,0,1,9,0,1,1,1,71,10,998,1,4,10,3,10
2017430265915,3,19,0,18,0,0,0,0,0,0,0,1,1,1,62,9,2148,2,12,7,3,7
2017430266065,1,9,0,18,0,0,0,0,0,0,1,1,6,3,-1,-1,-1,-1,-1,-1,-1,-1
2017430266232,1,9,0,4,0,0,0,0,0,0,1,1,6,1,83,11,1422,2,15,5,1,5
2017430266232,2,9,0,4,0,0,0,0,0,0,2,1,6,1,43,7,1796,1,12,4,1,4
2017430266694,1,97,0,7,0,5,0,0,0,0,1,1,6,1,-1,-1,-1,-1,-1,-1,-1,-1
2017430266761,1,9,0,13,0,0,0,0,0,0,4,1,6,1,83,11,1999,1,12,7,1,7
2017430266761,2,1,0,18,0,0,0,0,0,0,3,1,6,1,57,9,-1,-1,-1,7,2,7
2017430266780,1,3,0,18,0,0,0,0,0,0,1,1,2,1,53,8,100,1,14,1,1,1
2017430266780,2,9,0,3,0,0,0,0,0,0,2,1,6,1,46,8,2179,2,5,9,3,9
2017430266789,1,9,0,18,0,0,1,0,2,7,1,2,2,1,28,6,-1,-1,-1,3,1,3
2017430266814,1,9,0,16,0,0,1,0,7,3,1,1,6,1,20,4,-1,-1,-1,9,3,9
2017430266862,1,9,0,9,0,5,0,0,0,0,1,1,6,1,45,7,2400,2,5,10,3,10
2017430266862,2,2,0,18,0,1,0,0,0,0,1,1,6,2,31,6,-1,-1,-1,9,1,9
2017430266877,1,9,0,18,0,0,1,0,7,11,4,1,6,1,24,5,1595,1,13,9,1,9
2017430266877,2,9,0,18,0,0,0,0,0,0,1,1,6,2,31,6,1496,2,1,6,1,6
2017430266942,1,9,0,18,0,1,0,0,0,0,1,1,6,2,47,8,1968,2,10,-1,-1,-1
2017430266942,2,9,0,3,0,1,0,0,0,0,2,1,6,1,39,7,3800,1,22,-1,-1,-1
2017430266963,1,9,0,17,0,0,0,0,0,0,1,1,1,1,34,6,2993,2,1,8,1,8
2017430266963,2,9,0,17,0,0,1,0,1,10,4,1,6,1,24,5,1896,2,14,5,1,5
2017430266999,1,9,0,4,0,0,0,0,0,0,1,1,6,2,25,5,1248,1,2,9,1,9
2017430266999,2,9,0,4,0,0,0,0,0,0,2,1,6,2,35,6,1968,2,11,8,2,8
2017430266999,3,8,0,4,0,0,0,0,0,0,2,1,1,1,45,7,1686,2,4,4,1,4
2017430267009,1,9,0,16,0,1,0,0,0,0,3,1,2,2,44,7,1598,1,13,5,1,5
2017430267009,2,9,0,17,0,2,1,0,0,0,1,1,2,1,57,9,1086,1,9,6,1,6
2017430267012,1,9,0,4,0,0,0,0,0,0,1,1,1,1,27,6,-1,-1,-1,8,1,8
2017430267012,2,9,3,4,0,0,0,0,0,0,2,1,6,1,62,9,1997,2,10,7,3,7
2017430267086,1,9,0,4,0,1,1,0,0,0,1,1,6,1,47,8,1364,1,7,9,2,9
2017430267086,2,9,0,4,0,1,0,0,0,0,2,1,6,2,25,5,1598,1,13,-1,-1,-1
2017430269301,1,9,0,11,0,0,0,0,0,0,1,1,2,2,33,6,1339,1,11,8,1,8
2017430269301,2,9,0,4,0,0,0,0,0,0,2,1,2,2,55,8,1560,2,8,6,1,6
2017430269301,3,9,0,4,0,0,0,0,0,0,2,1,2,2,47,8,1395,1,4,10,1,10
2017430269344,1,9,0,4,0,1,0,0,0,0,1,1,6,2,40,7,1598,1,15,-1,-1,-1
2017430269344,2,9,0,3,0,1,0,0,0,0,2,1,1,2,17,4,1248,2,2,10,1,10
2017430269347,1,9,0,18,0,3,0,10,0,0,1,1,2,1,53,8,2993,2,12,10,1,10
2017430269347,2,9,0,4,0,1,0,0,0,0,1,1,6,1,79,11,1560,2,7,6,3,6
2017430269347,3,9,0,4,0,1,0,0,0,0,1,1,2,1,20,4,1598,1,15,9,1,9
2017430269360,1,9,0,9,0,5,0,0,0,0,1,1,6,1,45,7,1461,2,4,4,1,4
2017430269360,2,9,0,18,0,8,0,0,1,1,3,1,6,2,27,6,1995,2,6,9,1,9
2017430269362,1,9,0,17,0,0,1,0,7,11,4,1,6,2,24,5,998,1,10,10,2,10
2017430269362,2,9,0,2,0,0,0,0,0,0,1,1,6,2,59,9,1198,1,7,9,1,9
2017430269382,1,9,0,18,0,1,0,0,0,0,1,1,6,1,-1,-1,1598,1,11,-1,-1,-1
2017430269382,2,9,0,3,0,1,0,0,0,0,2,1,6,1,20,4,1328,1,11,5,1,5
2017430269388,1,9,0,13,0,0,0,0,0,0,1,1,6,1,-1,-1,-1,-1,-1,-1,-1,-1
2017430269388,2,1,0,18,0,0,0,0,0,0,2,1,6,1,24,5,-1,-1,-1,-1,-1,-1
2017430269404,1,5,0,18,0,0,0,0,0,0,1,1,6,1,49,8,999,1,11,7,3,7
2017430269404,2,5,0,18,0,0,0,0,0,0,1,1,6,1,54,8,750,1,16,9,3,9
2017430269405,1,9,0,13,0,0,0,0,0,0,1,1,2,2,27,6,1242,1,8,3,1,3
2017430269405,2,9,0,14,0,0,0,0,0,0,2,1,1,1,32,6,3199,1,16,8,3,8
2017430269435,1,9,0,18,0,0,0,0,0,0,1,1,6,1,-1,-1,-1,-1,-1,-1,-1,-1
2017430269435,2,2,0,18,0,0,0,0,0,0,2,1,6,1,35,6,124,1,8,6,1,6
2017430269592,1,3,0,13,0,1,0,0,0,0,1,1,6,1,18,4,124,1,1,9,3,9
2017430269592,2,9,0,9,0,5,0,0,0,0,3,1,1,1,41,7,2000,2,6,3,1,3
2017430269672,1,9,0,13,0,0,0,0,0,0,1,1,6,1,29,6,2987,2,8,10,1,10
2017430269672,2,3,0,18,0,0,0,0,0,0,2,1,6,2,50,8,125,1,-1,10,1,10
2017430269720,1,9,0,18,0,0,1,0,0,0,1,1,1,1,19,4,-1,-1,-1,-1,-1,-1
2017430269720,2,9,0,18,0,0,0,0,0,0,2,1,1,2,25,5,1229,1,4,10,1,10
2017430270075,1,9,0,18,0,0,0,0,0,0,1,1,6,1,22,5,1364,1,10,2,1,2
2017430270104,1,9,0,18,0,4,0,0,0,0,3,1,6,2,25,5,1242,1,13,5,1,5
2017430270104,2,9,0,9,0,8,0,0,0,0,1,1,6,1,-1,-1,1995,2,1,9,1,9
2017430270424,1,1,0,18,0,4,0,0,0,0,4,1,6,1,20,4,-1,-1,-1,10,1,10
2017430270424,2,8,0,18,0,8,0,0,0,0,1,1,1,1,43,7,2268,2,-1,10,1,10
2017430270425,1,9,0,18,0,0,0,0,0,0,1,1,6,1,77,11,1386,1,6,5,1,5
2017430270425,2,9,0,4,0,0,0,0,0,0,2,1,6,1,81,11,-1,-1,-1,-1,-1,-1
2017430270455,1,9,0,16,0,0,1,0,7,0,4,1,6,2,19,4,1596,1,14,7,1,7
2017430270455,2,9,0,17,0,0,0,0,0,0,1,1,6,1,52,8,4367,2,3,6,3,6
2017430270465,1,19,4,18,0,3,0,0,0,0,0,1,6,3,-1,-1,1998,2,12,-1,-1,-1
2017430270465,2,9,0,18,0,4,0,0,0,0,1,1,6,1,50,8,1997,1,3,8,1,8
2017430270465,3,9,0,18,0,4,0,0,0,0,1,1,6,1,54,8,-1,-1,-1,9,2,9
2017430270495,1,9,0,18,0,1,0,0,0,0,1,1,6,2,34,6,1298,1,14,7,1,7
2017430270495,2,9,0,3,0,1,0,0,0,0,2,1,6,1,57,9,1240,1,7,-1,-1,-1