Accident_Index,Vehicle_Reference,Vehicle_Type,Towing_and_Articulation,Vehicle_Manoeuvre,Vehicle_Location-Restricted_Lane,Junction_Location,Skidding_and_Overturning,Hit_Object_in_Carriageway,Vehicle_Leaving_Carriageway,Hit_Object_off_Carriageway,1st_Point_of_Impact,Was_Vehicle_Left_Hand_Drive?,Journey_Purpose_of_Driver,Sex_of_Driver,Age_of_Driver,Age_Band_of_Driver,Engine_Capacity_(CC),Propulsion_Code,Age_of_Vehicle,Driver_IMD_Decile,Driver_Home_Area_Type,Vehicle_IMD_Decile
2017430270505,1,9,0,17,0,0,5,0,2,10,4,1,6,1,33,6,1360,1,15,7,3,7
2017430270517,1,9,0,16,0,0,1,0,0,0,1,1,2,2,24,5,1124,1,14,8,1,8
2017430270517,2,9,0,18,0,0,1,0,0,0,1,1,6,1,41,7,1998,1,16,6,1,6
2017430270519,1,9,0,7,0,6,0,0,0,0,1,1,6,1,91,11,1798,1,11,2,1,2
2017430270519,2,8,0,18,0,8,0,0,0,0,4,1,1,1,42,7,2179,2,4,-1,-1,-1
2017430270545,1,5,0,18,0,0,0,0,0,0,0,1,6,1,27,6,955,1,16,10,1,10
2017430270545,2,9,0,18,0,0,0,0,0,0,0,1,6,3,-1,-1,-1,-1,-1,-1,-1,-1
2017430270571,1,9,0,18,0,0,0,0,1,4,1,1,1,2,29,6,1364,1,11,8,3,8
2017430270594,1,9,0,18,0,0,0,0,1,4,1,1,6,2,36,7,1199,1,16,2,1,2
2017430270694,1,9,0,18,0,0,0,0,0,0,1,1,6,1,70,10,1461,2,4,-1,3,-1
2017430270694,2,9,3,18,0,0,0,0,0,0,2,1,6,1,55,8,3200,2,14,8,2,8
2017430270734,1,9,0,18,0,0,2,0,0,0,1,1,6,2,18,4,1198,1,12,9,1,9
2017430270734,2,9,0,18,0,0,0,0,0,0,1,1,6,2,74,10,2987,2,8,4,1,4
2017430270798,1,19,0,9,0,6,0,0,0,0,1,1,6,3,-1,-1,1896,2,8,-1,-1,-1
2017430270798,2,19,0,18,0,8,0,4,7,0,4,1,2,1,30,6,1995,2,10,9,1,9
2017430270798,3,9,0,2,0,1,0,0,0,0,1,1,6,3,-1,-1,1388,1,13,-1,-1,-1
2017430271076,1,9,0,9,0,6,1,0,7,4,1,1,6,1,27,6,1998,1,13,7,3,7
2017430271076,2,9,0,18,0,1,0,0,0,0,3,1,6,1,30,6,1910,2,11,2,1,2
2017430271170,1,5,0,16,0,0,0,12,0,0,1,1,6,1,53,8,885,1,23,10,3,10
2017430271191,1,9,0,13,0,0,2,0,1,0,4,1,6,2,56,9,875,1,6,10,1,10
2017430271191,2,21,0,18,0,0,0,0,0,0,0,1,1,3,-1,-1,-1,-1,-1,-1,-1,-1
2017430271528,1,9,0,9,0,8,0,0,0,0,1,1,6,1,76,11,998,1,4,10,1,10
2017430271528,2,9,0,18,0,8,0,0,0,0,1,1,6,1,34,6,1896,2,11,6,1,6
2017430271548,1,9,0,17,0,0,1,0,1,9,1,1,6,1,52,8,1560,2,10,-1,3,-1
2017430271548,2,19,0,18,0,0,0,0,1,0,1,1,6,1,39,7,2198,2,6,5,3,5
2017430271577,1,9,0,18,0,1,1,10,0,0,1,1,6,1,19,4,1198,1,15,6,1,6
2017430271577,2,9,0,18,0,2,1,10,0,0,1,1,6,1,57,9,1242,1,10,3,1,3
2017430271588,1,9,0,18,0,0,0,0,0,0,3,1,1,2,28,6,-1,-1,-1,5,1,5
2017430271588,2,9,0,18,0,0,0,0,0,0,3,1,1,2,56,9,2993,2,6,10,1,10
2017430271588,3,9,0,18,0,0,0,0,0,0,1,1,1,2,28,6,-1,-1,-1,8,1,8
2017430271588,4,9,0,18,0,0,0,0,0,0,1,1,1,2,31,6,1598,1,17,8,2,8
2017430271601,1,9,0,1,0,0,0,0,0,0,2,1,6,1,40,7,1497,8,8,10,1,10
2017430271622,1,8,0,18,0,8,0,0,0,0,1,1,1,1,47,8,1496,8,7,5,2,5
2017430271622,2,9,0,18,0,8,0,0,0,0,2,1,6,1,65,9,999,1,8,5,1,5
2017430271626,1,9,0,18,0,1,0,0,0,0,1,1,6,1,35,6,2993,2,3,-1,-1,-1
2017430271626,2,9,0,3,0,1,0,0,0,0,2,1,1,2,50,8,1197,1,2,6,1,6
2017430271627,1,9,0,9,0,5,0,0,0,0,1,1,6,2,50,8,1198,1,6,5,1,5
2017430271627,2,9,0,18,0,8,0,0,0,0,1,1,6,1,40,7,1499,2,1,7,2,7
2017430271636,1,9,0,9,0,5,0,0,0,0,1,1,6,1,43,7,2143,2,1,8,1,8
2017430271636,2,9,0,18,0,8,0,0,0,0,4,1,2,2,54,8,1390,1,5,9,1,9
2017430271663,1,9,0,16,0,0,1,0,0,0,1,1,6,1,42,7,1998,1,17,7,1,7
2017430271663,2,9,0,18,0,0,0,0,0,0,1,1,6,2,24,5,1399,2,6,2,1,2
2017430271667,1,9,0,18,0,1,0,0,0,0,1,1,6,1,35,6,1796,1,12,-1,-1,-1
2017430271667,2,9,0,18,0,2,0,0,0,0,1,1,2,1,52,8,1587,1,16,2,1,2
2017430271697,1,9,0,18,0,0,0,0,0,0,1,1,6,2,46,8,1984,1,12,7,3,7
2017430271697,2,9,0,4,0,0,0,0,0,0,2,1,6,1,32,6,1896,2,13,6,2,6
2017430271716,1,9,0,18,0,0,0,0,0,0,0,1,1,1,52,8,2993,2,1,10,1,10
2017430271716,2,9,0,18,0,0,0,4,0,0,3,1,6,1,-1,-1,1560,2,7,-1,-1,-1
2017430271716,3,9,0,18,0,0,0,0,1,0,3,1,6,1,58,9,1956,2,7,3,1,3
2017430271716,4,9,0,2,0,0,0,0,0,0,3,1,6,3,36,7,1995,2,4,-1,-1,-1
2017430271716,5,9,0,2,0,0,0,0,0,0,4,1,6,3,-1,-1,-1,-1,-1,-1,-1,-1
2017430271718,1,9,0,18,0,0,0,0,0,0,4,1,1,3,-1,-1,1229,1,12,-1,-1,-1
2017430271752,1,9,0,18,0,8,0,0,0,0,1,1,6,1,-1,-1,2996,1,12,-1,-1,-1
2017430271752,2,9,0,18,0,8,0,0,0,0,2,1,6,1,35,6,1560,2,12,4,1,4
2017430271753,1,21,0,18,0,1,0,0,0,0,1,1,1,1,25,5,10308,2,9,2,1,2
2017430271753,2,9,0,4,0,1,0,0,0,0,2,1,2,2,21,5,1149,1,7,9,1,9
2017430271753,3,9,0,10,0,1,0,0,0,0,2,1,2,2,45,7,1299,1,12,9,2,9
2017430271815,1,9,0,7,0,6,0,0,0,0,1,1,2,2,52,8,1998,1,15,7,3,7
2017430271815,2,1,0,18,0,8,0,0,0,0,4,1,6,2,49,8,-1,-1,-1,-1,-1,-1
2017430271841,1,9,0,18,0,1,0,0,0,0,1,1,6,1,22,5,1599,1,8,1,1,1
2017430271841,2,98,1,6,0,8,0,0,0,0,4,2,1,1,56,9,-1,-1,-1,-1,-1,-1
2017430271859,1,9,0,16,0,2,0,0,0,0,1,1,6,1,22,5,1198,1,13,10,1,10
2017430271859,2,9,0,17,0,1,0,0,0,0,1,1,6,1,54,8,1388,1,4,10,1,10
2017430271882,1,9,0,18,0,0,5,0,1,0,1,1,6,1,25,5,1798,1,16,7,3,7
2017430271898,1,1,0,16,0,0,0,0,7,0,1,1,6,2,24,5,-1,-1,-1,5,1,5
2017430271917,1,9,0,1,9,8,0,0,0,0,3,1,6,2,-1,-1,-1,-1,-1,-1,-1,-1
2017430271955,1,9,0,18,0,0,0,0,0,0,4,1,6,1,-1,-1,-1,-1,-1,-1,-1,-1
2017430272344,1,9,0,15,0,2,0,0,0,0,4,1,6,2,45,7,1598,2,2,10,1,10
2017430272344,2,1,0,18,0,2,0,0,0,0,3,1,6,1,57,9,-1,-1,-1,9,1,9
2017430272729,1,9,0,18,0,3,0,0,0,0,1,1,6,1,39,7,1598,1,12,5,1,5
2017430272729,2,5,0,18,0,2,0,0,0,0,2,1,6,1,28,6,-1,-1,-1,-1,-1,-1
2017430272746,1,9,0,18,0,0,2,0,7,3,1,1,2,2,37,7,1995,2,14,2,1,2
2017430272755,1,9,0,9,0,8,0,0,0,0,3,1,6,1,25,5,1968,2,8,7,1,7
2017430272755,2,9,0,18,0,1,1,0,4,0,1,1,6,2,24,5,1598,1,16,9,2,9
2017430272770,1,5,0,4,0,1,0,0,1,0,1,1,6,2,34,6,-1,-1,-1,7,1,7
2017430272770,2,5,0,10,0,1,0,0,0,0,2,1,6,1,38,7,-1,-1,-1,7,1,7
2017430272791,1,11,0,17,0,0,0,4,0,0,1,1,1,1,35,6,4461,2,2,7,1,7
2017430272799,1,9,0,18,0,0,0,0,0,0,1,1,1,1,20,4,1388,1,11,-1,-1,-1
2017430272799,2,9,0,4,0,0,0,0,0,0,2,1,1,2,32,6,1999,2,1,-1,-1,-1
2017430272799,3,19,0,18,0,0,0,0,0,0,1,1,1,1,40,7,2143,2,-1,1,1,1
2017430272799,4,9,0,18,0,0,0,0,0,0,1,1,6,1,23,5,1753,2,9,5,2,5
2017430272807,1,9,0,18,0,0,1,0,0,0,1,1,6,1,39,7,3199,1,19,7,1,7
2017430272807,2,9,0,18,0,0,0,0,4,0,3,1,6,1,31,6,1399,1,1,6,2,6
2017430272823,1,21,1,18,0,0,1,0,0,0,1,1,1,1,39,7,12740,2,3,8,1,8
2017430272823,2,9,0,4,0,0,0,0,0,0,2,1,2,2,27,6,998,1,2,10,3,10
2017430272827,1,19,0,13,0,0,0,0,0,0,4,1,6,3,-1,-1,-1,-1,-1,-1,-1,-1
2017430272827,2,1,0,18,0,0,0,0,0,0,3,1,6,1,55,8,-1,-1,-1,10,1,10
2017430272827,3,1,0,18,0,0,0,0,0,0,0,1,6,1,71,10,-1,-1,-1,10,3,10
2017430272859,1,9,0,3,0,0,0,0,0,0,1,1,1,1,37,7,1497,8,9,3,1,3
2017430272859,2,19,0,1,0,0,0,0,0,0,2,1,6,1,-1,-1,1686,2,13,-1,-1,-1
2017430272873,1,9,0,17,0,0,0,10,1,0,1,1,6,1,-1,-1,1598,1,10,-1,-1,-1
2017430272888,1,9,0,18,0,1,0,0,0,0,1,1,6,1,87,11,1061,1,14,10,2,10
2017430272888,2,19,0,3,0,1,0,0,0,0,1,1,1,1,26,6,1248,2,3,2,1,2
2017430272888,3,9,0,3,0,1,0,0,0,0,1,1,1,1,47,8,3436,1,5,7,3,7
2017430272892,1,1,0,18,0,0,0,0,1,9,0,1,6,1,55,8,-1,-1,-1,10,1,10
2017430272892,2,1,0,18,0,0,0,0,0,0,0,1,6,1,60,9,-1,-1,-1,10,1,10
2017430272893,1,5,0,17,0,0,0,0,1,10,1,1,6,1,39,7,670,1,4,9,1,9
2017430272920,1,5,0,18,0,1,0,0,0,0,1,1,6,1,57,9,1202,1,5,7,1,7
2017430272920,2,9,0,9,0,8,0,0,0,0,2,1,6,2,50,8,1560,2,3,4,1,4
2017430272984,1,8,0,6,0,8,0,0,0,0,2,1,6,1,41,7,1968,2,10,1,1,1
2017430272984,2,5,0,16,0,8,0,0,7,0,1,1,6,1,28,6,600,1,15,2,1,2
2017430272984,3,5,0,16,0,8,0,0,1,0,1,1,6,1,31,6,599,1,16,8,1,8
2017430273487,1,9,0,7,0,3,0,0,0,0,1,1,6,1,-1,-1,1400,1,17,-1,-1,-1
2017430273487,2,9,0,18,0,3,0,0,0,0,2,1,2,1,34,6,1984,1,3,10,1,10
2017430273535,1,9,0,16,0,0,1,0,0,0,1,1,6,2,51,8,1289,1,17,7,1,7
2017430273535,2,9,0,17,0,0,0,0,0,0,1,1,6,1,54,8,1999,2,-1,4,3,4
2017430273959,1,9,0,7,0,6,0,0,0,0,1,1,6,2,66,10,1396,1,12,10,2,10
2017430273959,2,1,0,18,0,8,0,0,0,0,4,1,6,1,65,9,-1,-1,-1,10,2,10
2017430273967,1,9,0,18,0,8,0,0,0,0,4,1,6,2,20,4,1398,1,1,10,1,10
2017430273967,2,9,0,18,0,8,0,0,0,0,3,1,6,1,42,7,2993,2,12,8,1,8
2017430274012,1,1,0,18,0,0,0,0,0,0,1,1,2,2,30,6,-1,-1,-1,9,1,9
2017430274017,1,9,0,18,0,1,0,0,0,0,1,1,6,1,-1,-1,1560,2,4,10,3,10
2017430274017,2,9,0,3,0,1,0,0,0,0,2,1,6,2,64,9,1840,1,18,10,1,10
2017430274041,1,9,0,18,0,0,0,0,5,6,1,1,6,1,20,4,1242,1,8,10,1,10
2017430274043,1,9,0,18,0,1,0,0,0,0,1,1,6,1,40,7,2993,2,3,1,1,1
2017430274043,2,9,0,4,0,1,0,0,0,0,2,1,6,2,22,5,-1,-1,-1,8,1,8
2017430274051,1,9,0,18,0,0,0,0,0,0,3,1,6,2,25,5,1242,1,6,5,1,5
2017430274051,2,9,0,18,0,0,0,0,0,0,3,1,6,1,49,8,1794,1,13,4,1,4
2017430274067,1,1,0,18,0,1,0,0,0,0,3,1,1,1,60,9,-1,-1,-1,2,1,2
2017430274067,2,9,0,18,0,1,0,0,0,0,1,1,6,1,-1,-1,1968,2,3,4,1,4
2017430274070,1,9,0,18,0,0,0,0,0,0,3,1,2,1,42,7,1149,1,18,8,1,8
2017430274126,1,9,0,9,0,6,0,0,0,0,1,1,6,2,58,9,1198,1,12,10,1,10
2017430274126,2,9,0,18,0,8,0,0,7,3,4,1,6,1,19,4,998,1,9,9,1,9
2017430274131,1,19,0,1,0,2,0,0,0,0,2,1,6,1,40,7,-1,-1,-1,-1,-1,-1
2017430274169,1,9,0,18,0,1,0,0,0,0,3,1,6,1,43,7,1796,1,10,5,1,5
2017430274169,2,19,0,3,0,2,0,0,0,0,0,1,6,3,-1,-1,-1,-1,-1,-1,-1,-1
2017430274181,1,9,0,18,0,1,0,0,0,0,1,1,6,2,30,6,1396,1,3,3,1,3
2017430274181,2,9,0,3,0,1,0,0,0,0,2,1,6,1,79,11,1560,2,9,4,1,4
2017430274205,1,19,0,18,0,1,0,0,0,0,1,1,2,1,27,6,1560,2,4,3,1,3
2017430274205,2,9,0,3,0,1,0,0,0,0,2,1,2,1,60,9,1598,1,10,8,2,8
2017430274205,3,9,0,10,0,1,0,0,0,0,0,1,6,3,-1,-1,-1,-1,-1,-1,-1,-1
2017430274376,1,9,0,18,0,0,0,0,0,0,4,1,6,1,-1,-1,1968,2,-1,-1,-1,-1
2017430274497,1,9,0,9,0,6,0,0,0,0,1,1,6,1,78,11,-1,-1,-1,8,3,8
2017430274497,2,8,0,18,0,8,1,0,7,0,4,1,1,1,29,6,-1,-1,-1,-1,-1,-1
2017430274620,1,9,0,9,0,6,0,0,0,0,3,1,2,1,72,10,1796,1,4,8,3,8
2017430274620,2,9,0,18,0,8,0,0,0,0,1,1,2,2,29,6,2204,2,8,10,2,10
2017430274628,1,9,0,17,0,1,0,0,0,0,1,1,6,1,60,9,1598,2,-1,6,1,6
2017430274628,2,9,0,16,0,2,0,0,0,0,1,1,6,1,20,4,1199,1,15,5,1,5
2017430274690,1,9,0,9,0,6,0,0,0,0,1,1,6,2,39,7,1198,1,2,9,1,9
2017430274690,2,2,0,13,0,8,0,0,0,0,1,1,6,1,29,6,49,1,3,5,1,5
2017430274690,3,9,0,3,0,1,0,0,0,0,0,1,6,2,47,8,1598,1,12,-1,-1,-1
2017430275097,1,1,0,16,0,0,0,0,0,0,1,1,6,1,59,9,-1,-1,-1,10,2,10
2017430275105,1,9,0,18,0,3,0,0,1,2,4,1,6,1,17,4,1199,1,19,2,1,2
2017430275138,1,21,1,12,0,0,0,0,0,0,3,2,1,1,62,9,-1,-1,-1,-1,-1,-1
2017430275138,2,9,0,18,0,0,0,0,0,0,4,1,6,2,35,6,1242,1,1,5,1,5
2017430275163,1,19,0,7,0,6,0,0,0,0,3,1,1,1,46,8,1753,2,14,8,1,8
2017430275163,2,9,0,18,0,8,0,0,1,3,1,1,6,1,28,6,1956,2,4,10,1,10
2017430275180,1,9,0,18,0,0,5,0,6,6,1,1,2,1,50,8,2099,1,15,6,2,6
2017430275180,2,9,0,18,0,0,0,0,0,0,1,1,2,1,35,6,-1,-1,-1,2,1,2
2017430275193,1,9,0,4,0,0,0,0,0,0,4,1,6,1,62,9,1248,1,1,3,1,3
2017430275228,1,9,0,5,9,6,0,0,0,0,1,1,6,2,44,7,1968,2,4,10,1,10
2017430275228,2,9,0,18,0,8,0,0,0,0,4,1,6,2,19,4,1198,1,8,7,1,7
2017430275287,1,21,0,4,0,1,1,0,0,0,1,1,1,1,44,7,4461,2,8,5,1,5
2017430275287,2,9,0,3,0,1,0,0,0,0,2,1,1,1,56,9,998,1,-1,9,1,9
2017430275351,1,9,0,18,0,0,1,0,1,4,3,1,6,1,26,6,1994,1,18,8,3,8
2017430275379,1,9,0,18,0,3,1,7,0,0,1,1,2,2,45,7,-1,-1,-1,6,1,6
2017430275393,1,9,0,18,0,0,0,0,0,0,1,1,6,3,-1,-1,-1,-1,-1,-1,-1,-1
2017430275393,2,1,0,18,4,0,0,0,0,0,2,1,6,1,51,8,-1,-1,-1,-1,-1,-1
2017430276064,1,9,0,6,0,8,0,0,0,0,3,1,6,2,29,6,1595,1,8,5,3,5
2017430276064,2,9,0,18,0,8,0,4,0,0,1,1,6,1,20,4,1368,1,4,7,1,7
2017430276064,3,9,0,2,0,2,0,0,0,0,1,1,6,3,-1,-1,2143,2,1,-1,-1,-1
2017430276252,1,9,0,18,0,0,0,0,0,0,1,1,6,1,25,5,1794,1,12,9,3,9
2017430276550,1,9,0,18,0,2,0,0,0,0,1,1,2,2,29,6,1242,1,10,10,2,10
2017430276560,1,9,0,18,0,8,0,0,0,0,1,1,2,1,19,4,1396,1,12,5,1,5
2017430276560,2,9,0,18,0,4,0,0,0,0,3,1,6,2,28,6,1598,1,12,3,1,3
2017430276584,1,9,0,18,0,0,0,0,0,0,1,1,1,2,18,4,1242,1,3,10,2,10
2017430276604,1,9,0,18,0,0,0,0,0,0,1,1,6,1,87,11,1242,1,11,4,1,4
2017430276632,1,3,0,18,0,2,0,0,0,0,1,1,6,1,18,4,124,1,2,10,1,10
2017430276632,2,9,0,3,0,2,0,0,0,0,2,1,2,1,20,4,1598,1,3,4,1,4
2017430276667,1,9,0,18,0,0,0,0,0,0,1,1,6,1,70,10,1591,1,6,8,1,8
2017430276667,2,9,0,18,0,0,0,0,0,0,2,1,6,2,55,8,1396,1,9,7,1,7
2017430276669,1,5,0,18,2,8,1,0,1,10,1,1,2,1,31,6,749,1,9,10,1,10
2017430276669,2,9,0,7,2,5,0,0,0,0,4,1,6,2,20,4,1397,1,5,5,1,5
2017430276719,1,19,0,12,0,0,0,0,0,0,2,1,1,1,31,6,2402,2,9,9,1,9
2017430276719,2,9,0,18,0,0,0,0,0,0,1,1,2,1,33,6,1995,2,11,2,1,2
2017430276733,1,9,0,18,0,0,0,0,0,0,1,1,6,2,-1,-1,-1,-1,-1,-1,-1,-1
2017430276733,2,9,0,4,0,0,0,0,0,0,2,1,2,2,39,7,1400,1,17,4,1,4
2017430276735,1,9,0,18,0,0,0,0,0,0,4,1,6,3,-1,-1,-1,-1,-1,-1,-1,-1
2017430276756,1,9,0,4,0,1,0,0,0,0,1,1,6,2,-1,-1,2777,2,5,8,3,8
2017430276756,2,4,0,4,0,1,0,0,0,0,2,1,2,1,23,5,296,1,3,7,3,7
2017430276764,1,9,0,9,0,6,0,0,0,0,3,1,6,2,75,10,1339,8,1,10,2,10
2017430276764,2,9,0,18,0,8,0,0,0,0,1,1,6,1,56,9,1598,1,9,10,1,10
2017430276782,1,9,0,14,0,1,0,0,0,0,1,1,6,1,49,8,1995,2,-1,7,1,7
2017430276783,1,9,0,9,0,6,0,0,0,0,1,1,6,1,76,11,2987,2,-1,6,1,6
2017430276783,2,3,0,18,0,1,0,0,7,2,1,1,6,1,18,4,125,1,6,3,1,3
2017430276924,1,9,0,7,0,6,0,0,7,0,3,1,6,2,88,11,1248,1,3,-1,-1,-1
2017430276924,2,8,0,18,0,8,0,0,0,0,4,1,1,1,27,6,1956,2,6,3,1,3
2017430276958,1,3,0,18,0,1,0,0,0,0,1,1,2,1,26,6,125,1,-1,7,1,7
2017430276958,2,9,0,10,0,8,0,0,0,0,2,1,6,1,38,7,-1,-1,-1,5,3,5
2017430277014,1,19,0,18,0,0,0,0,0,0,1,1,1,1,41,7,1248,2,-1,2,1,2
2017430277014,2,19,0,4,0,0,1,0,0,0,1,1,1,1,59,9,-1,-1,-1,2,1,2
2017430277014,3,19,0,4,0,0,0,0,0,0,2,1,1,1,48,8,2461,2,7,3,1,3
2017430277207,1,9,0,18,0,0,0,0,0,0,1,1,2,1,35,6,1968,2,12,8,3,8
2017430277207,2,9,0,18,0,0,0,0,0,0,1,1,2,1,53,8,1686,2,12,3,1,3
2017430277715,1,9,0,9,4,5,0,0,0,0,1,1,6,1,37,7,1400,1,10,7,3,7
2017430277715,2,1,0,15,4,8,0,0,0,0,3,1,6,1,34,6,-1,-1,-1,5,1,5
2017430277736,1,21,0,18,0,1,2,10,1,1,4,1,1,1,34,6,-1,-1,-1,8,1,8
2017430277752,1,9,0,18,0,0,0,0,1,9,1,1,2,2,20,4,1299,1,15,8,2,8
2017430277761,1,1,0,18,9,8,0,0,0,0,1,1,2,1,57,9,-1,-1,-1,4,1,4
2017430277761,2,9,0,7,0,6,0,0,0,0,4,1,2,1,41,7,1595,1,3,4,1,4
2017430277775,1,3,0,13,0,0,0,0,0,0,4,1,6,1,-1,-1,124,1,5,8,1,8
2017430277775,2,1,0,18,0,0,0,0,0,0,3,1,6,1,47,8,-1,-1,-1,-1,-1,-1
2017430277775,3,9,0,2,0,0,0,0,0,0,0,1,1,3,-1,-1,-1,-1,-1,-1,-1,-1
2017430277791,1,9,0,9,0,6,0,0,0,0,3,1,2,1,25,5,1149,1,13,9,2,9
2017430277791,2,11,0,18,0,8,0,0,0,0,1,1,1,1,34,6,9500,2,18,3,1,3
2017430277887,1,19,0,18,0,1,0,0,0,0,1,1,1,1,-1,-1,2463,2,10,-1,-1,-1
2017430277887,2,9,0,3,0,1,0,0,0,0,2,1,6,2,24,5,1364,1,3,7,1,7
2017430277907,1,10,0,9,0,5,0,0,0,0,1,1,6,1,-1,-1,-1,-1,-1,-1,-1,-1
2017430278809,1,19,0,9,0,6,0,0,0,0,3,1,1,1,56,9,1560,2,5,10,3,10
2017430278809,2,5,0,18,0,8,1,0,0,0,1,1,6,1,27,6,1352,1,10,10,3,10
2017430278835,1,3,0,17,0,8,1,0,0,0,3,1,6,2,18,4,125,1,2,2,1,2
2017430278846,1,9,0,18,0,0,0,0,0,0,1,1,2,2,56,9,998,1,3,4,2,4
2017430278846,2,19,0,3,0,0,0,0,0,0,2,1,2,1,33,6,1870,2,11,5,1,5
2017430278846,3,1,0,18,0,0,0,0,0,0,0,1,6,3,-1,-1,-1,-1,-1,-1,-1,-1
2017430278860,1,9,0,9,0,6,0,0,0,0,3,1,3,2,39,7,1360,1,7,7,1,7
2017430278860,2,3,0,13,0,8,0,0,0,0,1,1,2,1,21,5,124,1,1,6,1,6
2017430278885,1,9,0,18,0,1,0,0,0,0,1,1,6,2,39,7,1798,1,3,7,1,7
2017430278885,2,9,0,3,0,1,0,0,0,0,2,1,2,1,29,6,1388,1,12,7,1,7
2017430278891,1,9,0,18,0,0,0,0,1,4,3,1,1,1,72,10,1997,2,7,8,2,8
2017430278891,2,9,0,18,0,0,0,0,0,0,4,1,6,2,47,8,-1,-1,-1,9,1,9
2017430278911,1,9,0,18,0,4,0,7,0,1,1,1,6,1,82,11,1896,2,15,6,3,6
2017430278919,1,9,0,18,0,4,0,9,1,2,1,1,6,1,28,6,1587,1,15,4,1,4
2017430278921,1,9,0,18,0,0,1,0,0,0,1,1,1,2,23,5,1596,1,12,-1,-1,-1
2017430278921,2,19,0,3,0,0,0,0,0,0,2,1,1,1,47,8,1995,2,9,10,2,10
2017430278921,3,9,0,3,0,0,0,0,0,0,2,1,1,1,22,5,1197,1,-1,10,2,10
2017430278938,1,9,0,16,0,0,1,0,7,9,3,1,6,1,20,4,1900,2,17,4,1,4
2017430278962,1,9,0,18,0,0,0,0,0,0,1,1,2,1,56,9,3628,2,8,7,1,7
2017430278962,2,9,0,4,0,0,0,0,0,0,2,1,6,2,34,6,1968,2,9,5,1,5
2017430278963,1,3,0,18,0,4,0,0,0,0,1,1,1,1,21,5,108,1,2,3,1,3
2017430278963,2,9,0,9,0,8,0,0,0,0,1,1,6,1,41,7,1984,1,9,9,3,9
2017430279009,1,9,0,9,0,6,0,0,0,0,3,1,2,1,34,6,1796,1,13,7,3,7
2017430279009,2,9,0,18,0,1,1,0,0,0,1,1,6,1,76,11,1598,1,15,2,1,2
2017430279048,1,9,0,16,0,0,0,0,0,0,1,1,6,1,-1,-1,1598,1,16,-1,-1,-1
2017430279048,2,9,0,2,0,0,0,0,0,0,1,1,6,3,-1,-1,2967,2,4,-1,-1,-1
2017430279048,3,9,0,2,0,0,0,0,0,0,1,1,6,3,-1,-1,1895,1,19,-1,-1,-1
2017430279271,1,9,0,9,0,5,0,0,0,0,1,1,6,2,-1,-1,1598,1,14,4,1,4
2017430279271,2,1,0,10,0,1,0,0,0,0,1,1,2,1,43,7,-1,-1,-1,1,1,1
2017430279322,1,9,0,9,0,6,0,0,0,0,1,1,6,1,18,4,1396,1,13,-1,-1,-1
2017430279322,2,1,0,9,0,5,0,0,0,0,4,1,6,1,45,7,-1,-1,-1,10,1,10
2017430279352,1,9,0,2,0,0,0,0,0,0,3,1,1,1,50,8,998,1,-1,10,1,10
2017430279352,2,1,0,14,0,0,0,0,0,0,4,1,6,2,21,5,-1,-1,-1,-1,-1,-1
2017430279373,1,2,0,18,0,1,0,0,0,0,0,1,1,1,18,4,49,1,5,2,1,2
2017430279409,1,9,0,11,0,0,0,0,0,0,4,1,6,1,47,8,1798,1,4,10,1,10
2017430279409,2,9,0,18,0,0,0,0,0,0,3,1,6,2,32,6,1390,1,4,7,1,7
2017430279457,1,9,0,1,0,5,0,0,0,0,2,1,6,1,45,7,1590,1,14,5,1,5
2017430279999,1,9,0,18,0,1,0,0,0,0,1,1,6,3,-1,-1,3628,2,7,-1,-1,-1
2017430279999,2,9,0,9,0,1,0,0,8,11,2,1,6,1,19,4,1198,1,8,10,2,10
2017430280036,1,9,0,18,0,1,0,0,0,0,4,1,6,2,33,6,1499,2,1,3,1,3
2017430280040,1,5,0,18,0,1,0,0,0,0,1,1,6,1,43,7,1000,1,6,7,2,7
2017430280072,1,9,0,4,0,0,0,0,0,0,1,1,6,2,25,5,1560,2,8,-1,-1,-1
2017430280072,2,9,0,4,0,0,0,0,0,0,2,1,6,1,53,8,2143,2,2,6,1,6
2017430280073,1,9,0,18,0,0,0,0,0,0,1,1,6,3,-1,-1,-1,-1,-1,-1,-1,-1
2017430280073,2,9,0,3,0,0,0,0,0,0,0,1,6,3,-1,-1,-1,-1,-1,-1,-1,-1
2017430280124,1,9,0,13,0,0,0,0,0,0,4,1,6,3,-1,-1,-1,-1,-1,-1,-1,-1
2017430280124,2,1,0,18,0,0,0,0,0,0,3,1,6,1,14,3,-1,-1,-1,4,1,4
2017430280177,1,9,0,9,0,6,0,0,0,0,1,1,6,1,48,8,1124,1,12,3,1,3
2017430280177,2,3,0,18,0,8,0,0,0,0,4,1,6,1,50,8,279,1,3,7,1,7
2017430280183,1,5,0,13,0,0,0,0,7,0,1,1,1,2,56,9,-1,-1,-1,7,1,7
2017430280183,2,19,0,13,0,0,0,0,0,0,2,1,1,1,32,6,1995,2,-1,2,1,2
2017430280233,1,9,0,9,0,5,0,0,0,0,1,1,6,1,18,4,1248,1,6,7,3,7
2017430280233,2,9,0,18,0,8,0,0,0,0,1,1,6,1,40,7,1910,2,10,9,1,9