Accident_Index,Vehicle_Reference,Vehicle_Type,Towing_and_Articulation,Vehicle_Manoeuvre,Vehicle_Location-Restricted_Lane,Junction_Location,Skidding_and_Overturning,Hit_Object_in_Carriageway,Vehicle_Leaving_Carriageway,Hit_Object_off_Carriageway,1st_Point_of_Impact,Was_Vehicle_Left_Hand_Drive?,Journey_Purpose_of_Driver,Sex_of_Driver,Age_of_Driver,Age_Band_of_Driver,Engine_Capacity_(CC),Propulsion_Code,Age_of_Vehicle,Driver_IMD_Decile,Driver_Home_Area_Type,Vehicle_IMD_Decile
2017430280254,1,9,0,7,0,4,0,0,0,0,1,1,6,2,30,6,1560,2,2,3,1,3
2017430280254,2,9,0,18,0,8,0,0,0,0,4,1,6,1,36,7,-1,-1,-1,6,1,6
2017430280273,1,9,0,18,0,0,2,0,1,4,1,1,6,1,48,8,1796,1,17,10,1,10
2017430280289,1,9,0,18,0,1,0,0,1,4,4,1,1,2,38,7,1364,1,10,8,3,8
2017430280289,2,9,0,10,0,1,0,0,0,0,0,1,6,3,-1,-1,-1,-1,-1,-1,-1,-1
2017430280331,1,21,0,9,0,3,0,0,0,0,4,1,1,1,52,8,-1,-1,-1,10,1,10
2017430280331,2,21,0,18,0,4,0,0,0,0,4,1,1,1,57,9,4462,2,4,5,2,5
2017430280435,1,9,0,18,0,4,0,0,0,0,1,1,6,1,28,6,1349,1,8,2,1,2
2017430280435,2,1,0,18,0,8,0,0,0,0,2,1,6,1,40,7,-1,-1,-1,7,1,7
2017430280524,1,19,0,5,8,0,0,0,0,0,3,1,6,1,60,9,1896,2,8,-1,-1,-1
2017430280524,2,9,0,18,0,0,0,0,0,0,4,1,6,1,30,6,2967,2,6,4,1,4
2017430280751,1,9,0,13,0,0,0,0,0,0,1,1,2,1,36,7,-1,-1,-1,10,1,10
2017430280751,2,2,0,5,0,0,0,0,0,0,3,1,2,1,28,6,-1,-1,-1,10,1,10
2017430281181,1,9,0,18,0,0,0,0,0,0,1,1,6,1,-1,-1,-1,-1,-1,-1,-1,-1
2017430281181,2,9,0,3,0,0,0,0,4,6,2,1,1,1,41,7,2993,2,-1,10,1,10
2017430281237,1,9,0,18,0,1,1,0,0,0,1,1,6,2,35,6,1242,1,16,4,1,4
2017430281237,2,9,0,7,0,5,0,0,0,0,2,1,6,2,42,7,1994,1,11,10,1,10
2017430281260,1,9,0,9,0,6,0,0,0,0,3,1,1,1,27,6,1997,2,3,2,1,2
2017430281260,2,5,0,18,0,8,0,0,0,0,1,1,2,1,36,7,1043,1,1,9,1,9
2017430282241,1,9,0,7,0,3,0,0,0,0,1,1,6,2,41,7,1582,2,3,6,1,6
2017430282241,2,9,0,4,0,4,0,0,0,0,3,1,6,2,46,8,1685,2,1,6,1,6
2017430282274,1,9,0,18,0,0,0,0,0,0,1,1,6,1,45,7,1598,2,3,-1,-1,-1
2017430282274,2,9,0,3,0,0,0,0,0,0,2,1,6,1,47,8,1968,2,5,6,2,6
2017430282274,3,9,0,3,0,0,0,0,0,0,2,1,6,3,-1,-1,-1,-1,-1,-1,-1,-1
2017430283804,1,19,0,18,4,6,0,0,0,0,1,1,6,1,-1,-1,-1,-1,-1,-1,-1,-1
2017430283804,2,1,0,18,4,8,0,0,0,0,1,1,6,2,28,6,-1,-1,-1,5,1,5
2017430283840,1,9,0,5,0,0,0,0,0,0,3,1,6,2,-1,-1,1461,2,8,-1,-1,-1
2017430283840,2,9,0,18,0,0,0,0,0,0,3,1,3,2,36,7,1999,1,16,9,2,9
2017430283893,1,9,0,18,0,2,0,4,0,0,1,1,6,2,83,11,1598,1,6,-1,-1,-1
2017430283893,2,9,0,2,0,2,0,4,1,0,3,1,6,2,64,9,998,1,15,10,1,10
2017430283893,3,9,0,2,0,2,0,0,0,0,2,1,6,2,74,10,1339,1,13,10,1,10
2017430283898,1,9,0,17,0,0,2,0,1,9,4,1,6,2,17,4,998,1,9,9,3,9
2017430283930,1,9,0,18,0,0,1,7,4,6,0,1,6,1,37,7,1686,2,12,5,1,5
2017430283932,1,9,0,9,0,5,0,0,0,0,1,1,6,1,85,11,1995,1,7,7,1,7
2017430283932,2,1,0,18,0,8,0,0,0,0,1,1,1,1,41,7,-1,-1,-1,10,2,10
2017430283975,1,9,0,12,0,1,0,0,0,0,1,1,6,1,38,7,1798,2,7,-1,-1,-1
2017430283975,2,8,0,18,0,1,0,0,0,0,4,1,6,1,32,6,1797,8,7,5,1,5
2017430283990,1,1,0,18,0,8,0,0,0,0,1,1,6,1,17,4,-1,-1,-1,-1,-1,-1
2017430283990,2,9,0,7,0,6,0,0,0,0,1,1,6,3,-1,-1,-1,-1,-1,-1,-1,-1
2017430284016,1,9,0,18,0,4,0,0,0,0,1,1,6,1,63,9,1995,2,2,10,1,10
2017430284016,2,19,0,18,0,8,0,0,1,2,4,1,1,1,51,8,2402,2,10,10,1,10
2017430284990,1,9,0,18,0,0,0,0,1,9,1,1,2,2,44,7,-1,-1,-1,10,1,10
2017430285039,1,9,0,7,0,6,0,0,0,0,1,1,6,2,38,7,1248,1,7,9,2,9
2017430285039,2,9,0,18,0,8,0,0,0,0,1,1,6,1,45,7,1797,8,2,4,1,4
2017430285048,1,9,0,18,0,1,0,0,0,0,1,1,6,2,35,6,1896,2,14,-1,-1,-1
2017430285048,2,19,0,3,0,1,0,0,0,0,2,1,1,1,44,7,1248,2,7,4,1,4
2017430285062,1,9,0,17,0,0,0,0,7,0,1,1,6,1,22,5,1360,1,11,7,1,7
2017430285062,2,9,0,16,0,0,0,0,1,0,3,1,6,1,65,9,1598,1,2,10,1,10
2017430285068,1,9,0,9,0,5,0,0,0,0,1,1,6,1,29,6,1998,2,12,4,1,4
2017430285068,2,1,0,18,4,8,0,0,0,0,3,1,6,1,29,6,-1,-1,-1,9,1,9
2017430285099,1,9,0,11,0,0,0,0,0,0,1,1,6,3,-1,-1,-1,-1,-1,-1,-1,-1
2017430285099,2,9,0,11,0,0,0,0,0,0,2,1,6,1,31,6,-1,-1,-1,-1,-1,-1
2017430285126,1,19,0,18,0,0,5,4,0,0,4,1,6,1,24,5,-1,-1,-1,7,2,7
2017430285126,2,9,0,2,0,0,0,0,0,0,3,1,6,3,-1,-1,-1,-1,-1,-1,-1,-1
2017430285130,1,9,0,18,0,0,0,0,0,0,1,1,6,3,40,7,1397,1,5,5,1,5
2017430285130,2,9,0,18,0,0,0,0,0,0,2,1,2,3,33,6,3199,1,13,10,2,10
2017430285130,3,9,0,18,0,0,0,0,0,0,2,1,6,3,63,9,1910,2,10,6,1,6
2017430285130,4,9,0,18,0,0,0,0,0,0,2,1,6,3,41,7,1560,2,6,-1,1,-1
2017430285130,5,9,0,18,0,0,0,0,0,0,2,1,6,2,47,8,1984,1,15,8,1,8
2017430285221,1,9,0,9,9,6,0,0,0,0,1,1,6,1,30,6,1998,1,-1,-1,-1,-1
2017430285221,2,1,0,5,9,8,0,0,0,0,3,1,6,1,31,6,-1,-1,-1,5,1,5
2017430285328,1,9,0,18,0,0,0,10,1,4,1,1,6,1,27,6,1598,1,11,3,1,3
2017430285396,1,9,0,18,0,8,0,0,0,0,1,1,6,1,79,11,1868,2,16,8,3,8
2017430285396,2,16,0,9,0,5,0,0,0,0,4,1,6,2,40,7,-1,-1,-1,-1,-1,-1
2017430285706,1,9,0,18,0,4,0,0,0,0,1,1,6,1,45,7,-1,-1,-1,-1,-1,-1
2017430285706,2,1,0,9,0,3,0,0,0,0,1,1,1,1,32,6,-1,-1,-1,4,1,4
2017430285779,1,9,0,7,0,6,0,0,0,0,1,1,6,1,-1,-1,1840,1,17,-1,-1,-1
2017430285779,2,9,0,18,0,8,0,0,0,0,4,1,6,1,21,5,1896,2,11,3,1,3
2017430285900,1,9,0,18,0,8,0,0,0,0,1,1,6,1,-1,-1,-1,-1,-1,-1,-1,-1
2017430285900,2,1,0,10,0,8,0,0,0,0,2,1,6,1,34,6,-1,-1,-1,6,1,6
2017430285923,1,9,0,18,0,0,2,0,1,10,3,1,1,1,30,6,-1,-1,-1,4,1,4
2017430285923,2,21,0,18,0,0,1,0,0,0,3,1,1,1,40,7,12777,2,9,8,3,8
2017430286192,1,5,0,18,0,0,0,0,0,0,1,1,6,1,73,10,745,1,9,7,2,7
2017430286192,2,21,0,3,0,0,0,0,0,0,1,1,1,1,32,6,-1,-1,-1,9,3,9
2017430286192,3,5,0,14,0,0,0,0,0,0,2,1,6,1,42,7,1188,1,22,3,1,3
2017430286211,1,9,0,9,0,4,0,0,0,0,1,1,6,1,30,6,995,1,12,9,3,9
2017430286211,2,1,0,18,0,8,0,0,0,0,4,1,6,1,53,8,-1,-1,-1,10,1,10
2017430286264,1,9,0,17,0,0,0,0,1,0,4,1,6,3,-1,-1,-1,-1,-1,-1,-1,-1
2017430286271,1,9,0,18,0,0,0,0,0,0,3,1,1,1,-1,-1,-1,-1,-1,-1,-1,-1
2017430286295,1,9,0,18,0,0,5,0,0,0,4,1,6,1,-1,-1,1969,2,1,-1,-1,-1
2017430286295,2,9,0,18,0,0,0,0,0,0,3,1,6,2,42,7,1598,2,5,-1,-1,-1
2017430286295,3,9,0,18,0,0,0,0,0,0,4,1,6,1,53,8,2191,2,3,10,2,10
2017430286295,4,1,0,18,0,0,0,0,0,0,3,1,6,1,15,3,-1,-1,-1,10,3,10
2017430286295,5,1,0,18,0,0,0,0,0,0,3,1,6,1,15,3,-1,-1,-1,9,2,9
2017430286295,6,1,0,18,0,0,0,0,0,0,3,1,6,1,15,3,-1,-1,-1,9,2,9
2017430286298,1,3,0,16,0,0,1,0,1,9,1,1,2,1,17,4,124,1,2,10,2,10
2017430286298,2,9,0,17,0,0,0,0,0,0,2,1,2,1,61,9,3301,1,14,10,2,10
2017430286321,1,9,0,18,0,0,0,0,7,7,1,1,6,2,21,5,1149,1,13,8,1,8
2017430286331,1,8,0,9,0,5,0,0,0,0,4,1,3,1,48,8,1998,2,10,4,1,4
2017430286335,1,9,0,5,0,4,0,0,1,2,1,1,6,1,88,11,1329,1,6,9,2,9
2017430286335,2,9,0,18,0,8,0,0,0,0,4,1,6,1,17,4,1368,1,8,10,1,10
2017430286340,1,9,0,13,0,1,0,0,0,0,0,1,6,1,-1,-1,-1,-1,-1,-1,-1,-1
2017430286340,2,1,0,18,0,1,0,0,0,0,0,1,6,1,35,6,-1,-1,-1,4,1,4
2017430286345,1,9,0,18,0,0,0,0,0,0,4,1,6,1,47,8,-1,-1,-1,-1,-1,-1
2017430286368,1,5,0,18,0,2,0,0,0,0,3,1,2,1,45,7,599,1,10,4,1,4
2017430286368,2,9,0,18,0,2,0,0,0,0,4,1,2,1,61,9,2993,2,3,10,1,10
2017430286377,1,9,0,9,0,6,0,0,0,0,1,1,6,1,24,5,1200,1,4,4,1,4
2017430286377,2,9,0,18,0,8,0,0,0,0,4,1,6,2,51,8,-1,-1,-1,7,3,7
2017430286388,1,3,0,17,0,0,1,10,0,0,4,1,6,1,18,4,124,1,6,9,1,9
2017430286423,1,19,0,18,0,0,1,0,0,0,1,1,1,1,25,5,1248,2,1,6,1,6
2017430286423,2,9,0,4,0,0,0,0,0,0,2,1,1,1,51,8,1395,1,2,10,1,10
2017430286435,1,9,0,18,0,1,0,0,7,11,1,1,1,2,42,7,1991,2,8,6,1,6
2017430286435,2,9,0,9,0,1,0,0,0,0,2,1,1,1,25,5,1968,2,11,-1,-1,-1
2017430286469,1,9,0,18,0,1,1,0,0,0,1,1,2,1,25,5,1596,1,17,5,1,5
2017430286469,2,9,0,4,0,1,0,0,0,0,2,1,2,2,38,7,1956,2,3,6,3,6
2017430286505,1,9,0,6,0,0,0,0,0,0,4,1,6,2,26,6,1968,2,14,6,1,6
2017430286505,2,9,0,18,0,0,0,0,0,0,1,1,1,2,27,6,1499,1,2,9,1,9
2017430287366,1,9,0,9,5,6,0,0,0,0,1,1,6,2,-1,-1,-1,-1,-1,-1,-1,-1
2017430287366,2,1,0,18,5,8,0,0,0,0,3,1,6,2,16,4,-1,-1,-1,10,1,10
2017430287431,1,9,0,18,0,0,0,0,0,0,1,1,6,2,62,9,1797,8,4,-1,-1,-1
2017430287431,2,9,0,18,0,0,0,0,0,0,1,1,6,1,37,7,2993,2,2,-1,-1,-1
2017430287483,1,9,0,18,0,0,0,4,0,0,1,1,6,2,90,11,1242,1,5,6,1,6
2017430287483,2,20,0,2,0,0,0,0,0,0,2,1,1,1,32,6,7698,2,1,8,1,8
2017430287507,1,9,0,18,0,8,0,0,0,0,1,1,6,2,23,5,1198,1,14,1,1,1
2017430287511,1,9,0,9,0,8,0,0,0,0,1,1,2,2,30,6,1388,1,12,8,1,8
2017430287511,2,9,0,18,0,1,0,0,0,0,1,1,2,2,32,6,-1,-1,-1,8,1,8
2017430287548,1,1,0,18,0,8,0,0,0,0,0,1,2,1,48,8,-1,-1,-1,10,1,10
2017430287548,2,5,0,9,0,8,1,0,1,7,1,1,2,1,22,5,-1,-1,-1,7,1,7
2017430287570,1,8,0,18,0,4,0,0,0,0,1,1,1,1,-1,-1,-1,-1,-1,-1,-1,-1
2017430287570,2,9,0,18,0,4,0,0,0,0,1,1,6,1,-1,-1,-1,-1,-1,-1,-1,-1
2017430287621,1,9,0,18,0,0,0,0,0,0,2,1,6,2,61,9,999,1,2,9,3,9
2017430287621,2,19,0,18,0,0,0,0,0,0,1,1,1,2,21,5,1248,2,3,9,1,9
2017430287621,3,9,0,1,0,0,0,0,0,0,1,1,6,2,22,5,-1,-1,-1,-1,-1,-1
2017430288077,1,9,0,18,0,0,2,4,0,0,4,1,6,2,25,5,1360,1,12,10,1,10
2017430288077,2,9,0,18,0,0,0,0,0,0,3,1,6,3,-1,-1,1998,1,7,-1,-1,-1
2017430288101,1,9,0,18,0,1,0,0,0,0,0,1,1,1,39,7,1497,8,9,7,1,7
2017430288101,2,1,0,18,0,1,0,10,0,0,1,1,4,2,15,3,-1,-1,-1,8,1,8
2017430288587,1,9,0,4,0,0,1,0,0,0,1,1,1,1,23,5,1198,1,6,8,3,8
2017430288587,2,9,0,4,0,0,0,0,0,0,2,1,1,1,28,6,-1,-1,-1,-1,-1,-1
2017430288587,3,9,0,4,0,0,0,0,0,0,2,1,1,1,36,7,1956,2,3,8,1,8
2017430288587,4,9,0,4,0,0,0,0,0,0,2,1,1,1,47,8,-1,-1,-1,8,1,8
2017430288648,1,9,0,7,0,5,0,0,1,4,4,1,6,1,31,6,1596,1,11,1,1,1
2017430288675,1,5,0,13,0,8,1,0,7,0,4,1,6,1,40,7,1130,1,14,5,1,5
2017430288675,2,9,0,9,0,5,0,0,0,0,0,1,6,3,21,5,1598,1,12,8,1,8
2017430288687,1,9,0,9,0,5,0,0,0,0,1,1,6,1,19,4,1364,1,9,6,1,6
2017430288687,2,9,0,18,0,1,0,0,0,0,1,1,6,1,34,6,1896,2,9,7,1,7
2017430288703,1,9,0,17,0,0,0,0,0,0,4,1,6,1,34,6,1685,2,-1,-1,-1,-1
2017430288703,2,1,0,17,0,0,0,0,0,0,3,1,6,2,41,7,-1,-1,-1,8,2,8
2017430288726,1,19,0,13,0,0,0,0,0,0,4,1,6,3,-1,-1,-1,-1,-1,-1,-1,-1
2017430288726,2,9,0,18,0,0,0,0,0,0,3,1,6,1,43,7,1364,1,-1,4,1,4
2017430288772,1,9,0,18,0,8,0,0,0,0,1,1,6,1,48,8,1995,2,9,6,3,6
2017430288772,2,9,0,10,0,5,0,0,0,0,2,1,6,1,51,8,1386,1,8,4,1,4
2017430288807,1,9,0,1,0,0,0,0,0,0,2,1,3,1,-1,-1,1896,2,14,-1,-1,-1
2017430288846,1,3,0,18,0,2,0,10,0,0,2,1,6,1,18,4,124,1,11,10,3,10
2017430288874,1,9,0,18,0,1,0,0,0,0,1,1,1,1,25,5,-1,-1,-1,9,1,9
2017430288874,2,9,0,11,0,1,0,0,0,0,2,1,6,2,-1,-1,1997,2,-1,-1,-1,-1
2017430288884,1,9,0,9,0,5,0,0,1,4,4,1,6,2,24,5,998,1,18,10,1,10
2017430288884,2,9,0,18,0,8,0,0,0,0,1,1,1,1,23,5,1275,1,19,10,1,10
2017430288951,1,19,0,9,0,6,0,0,0,0,4,1,1,1,30,6,1995,2,4,-1,-1,-1
2017430288951,2,1,0,14,0,8,0,0,0,0,1,1,2,1,33,6,-1,-1,-1,8,3,8
2017430291285,1,9,0,18,0,1,0,0,0,0,1,1,6,2,58,9,998,1,3,10,1,10
2017430291285,2,9,0,10,0,1,0,0,0,0,2,1,6,1,63,9,1395,1,1,-1,-1,-1
2017430291286,1,2,0,9,0,6,0,0,0,0,3,1,2,1,17,4,49,1,6,-1,-1,-1
2017430291286,2,9,0,18,0,8,0,0,0,0,1,1,2,1,38,7,1200,1,2,6,1,6
2017430291318,1,5,0,17,0,0,0,0,0,0,3,1,6,1,46,8,749,1,7,9,1,9
2017430291318,2,9,0,16,0,0,0,0,0,0,3,1,6,1,63,9,1339,1,13,8,2,8
2017430291339,1,5,0,18,0,0,0,0,1,0,0,1,6,1,65,9,-1,-1,-1,8,3,8
2017430291391,1,2,0,18,0,0,0,0,0,0,1,1,6,1,17,4,49,1,1,5,1,5
2017430291398,1,9,0,14,0,0,0,0,0,0,4,1,6,1,-1,-1,-1,-1,-1,7,1,7
2017430291398,2,3,0,18,0,0,0,0,0,0,1,1,6,1,26,6,124,1,4,2,1,2
2017430291425,1,9,0,18,0,0,0,0,0,0,1,1,6,2,34,6,1598,1,3,9,1,9
2017430291425,2,9,0,18,0,0,0,0,0,0,1,1,6,1,35,6,1598,2,4,10,1,10
2017430291465,1,9,0,13,0,0,0,4,7,0,1,1,6,1,21,5,2993,2,9,3,1,3
2017430291465,2,9,0,2,0,0,0,0,0,0,2,1,6,2,23,5,1997,2,14,9,1,9
2017430291465,3,9,0,2,0,0,0,0,0,0,2,1,6,3,-1,-1,1956,2,4,-1,-1,-1
2017430291465,4,9,0,2,0,0,0,0,0,0,1,1,6,3,-1,-1,1395,8,1,-1,-1,-1
2017430291465,5,9,0,18,0,0,0,0,0,0,0,1,6,3,-1,-1,-1,-1,-1,-1,-1,-1
2017430291469,1,9,0,18,0,1,0,0,0,0,1,1,1,2,42,7,1969,2,2,6,1,6
2017430291469,2,9,0,10,0,1,0,0,0,0,2,1,6,2,74,10,1997,2,2,10,1,10
2017430291474,1,9,0,13,0,0,0,0,0,0,1,1,2,2,40,7,1299,1,13,10,1,10
2017430291474,2,1,0,18,0,0,0,0,0,0,2,1,6,1,40,7,-1,-1,-1,10,1,10
2017430291536,1,8,0,18,0,0,0,0,0,0,1,1,1,1,29,6,1968,2,1,4,1,4
2017430291536,2,9,0,3,0,0,0,0,0,0,2,1,6,1,29,6,1461,2,5,4,1,4
2017430292500,1,9,0,6,0,0,0,0,0,0,3,1,6,1,42,7,2183,2,8,10,1,10
2017430292500,2,5,0,13,0,0,0,0,7,0,4,1,6,1,40,7,900,1,-1,10,1,10
2017430292555,1,9,0,18,0,8,0,0,0,0,1,1,6,1,24,5,-1,-1,-1,5,1,5
2017430292555,2,1,0,18,0,8,0,0,0,0,2,1,6,1,37,7,-1,-1,-1,6,1,6
2017430292647,1,11,0,18,0,0,0,0,0,0,4,1,1,1,62,9,-1,-1,-1,5,1,5
2017430292672,1,9,0,18,0,0,0,0,0,0,1,1,6,1,50,8,1797,8,8,-1,-1,-1
2017430292672,2,9,0,4,0,0,0,0,0,0,2,1,6,1,43,7,1242,1,5,10,3,10
2017430292681,1,9,0,18,0,0,2,0,1,4,3,1,6,1,72,10,1242,1,16,8,1,8
2017430292681,2,9,0,18,0,0,0,0,0,0,0,1,6,3,-1,-1,-1,-1,-1,-1,-1,-1
2017430292751,1,3,0,16,0,0,1,7,1,0,4,1,6,2,20,4,125,1,3,6,1,6
2017430292751,2,4,0,16,0,0,1,0,1,0,4,1,6,1,19,4,321,1,1,8,1,8
2017430293209,1,9,0,4,0,0,0,0,0,0,1,1,6,1,31,6,-1,-1,-1,-1,-1,-1
2017430293209,2,9,0,4,0,0,0,0,0,0,2,1,6,2,27,6,1364,1,10,7,3,7
2017430293209,3,20,0,4,0,0,0,0,0,0,2,1,1,1,31,6,-1,-1,-1,7,1,7
2017430293209,4,1,0,18,0,0,0,0,0,0,0,1,6,3,-1,-1,-1,-1,-1,-1,-1,-1
2017430293228,1,9,0,9,0,6,0,0,7,0,3,1,6,2,36,7,1461,2,2,10,3,10
2017430293228,2,9,0,18,0,8,0,0,7,0,4,1,3,1,43,7,-1,-1,-1,10,3,10
2017430293464,1,21,1,4,0,0,0,0,0,0,0,1,1,1,44,7,12419,2,6,1,1,1
2017430293464,2,9,0,11,0,0,0,0,0,0,2,1,6,2,36,7,1999,1,9,6,1,6
2017430293464,3,21,1,4,0,0,0,0,0,0,1,1,1,1,52,8,12777,2,2,8,3,8
2017430293704,1,9,0,18,0,0,0,7,1,2,1,1,6,1,76,11,2000,2,11,10,1,10
2017430293740,1,9,0,16,0,0,0,0,1,11,1,1,6,1,21,5,1390,1,14,8,2,8
2017430293787,1,9,0,9,0,6,0,0,0,0,1,1,2,1,58,9,1796,1,8,10,3,10
2017430293787,2,1,0,18,0,8,0,0,0,0,4,1,2,1,44,7,-1,-1,-1,7,1,7
2017430293809,1,19,0,16,0,0,0,0,0,0,1,1,1,1,39,7,2143,2,6,3,1,3
2017430293809,2,19,0,17,0,0,0,0,0,0,1,1,1,1,29,6,2299,2,3,3,1,3
2017430293814,1,9,0,18,0,8,0,0,0,0,1,1,6,1,41,7,1798,1,4,5,3,5
2017430293830,1,9,0,9,0,8,0,0,0,0,1,1,6,1,21,5,1968,2,9,2,1,2
2017430293830,2,9,0,18,0,1,1,0,4,4,3,1,6,1,22,5,1596,1,15,4,1,4
2017430293851,1,3,0,7,0,3,0,0,0,0,1,1,6,1,17,4,125,1,6,6,3,6
2017430293851,2,9,0,4,0,1,0,0,0,0,1,1,6,2,33,6,-1,-1,-1,6,3,6
2017430293914,1,21,1,18,0,0,1,0,0,0,1,1,1,1,26,6,12902,2,3,9,2,9
2017430293914,2,9,0,4,0,0,0,0,0,0,2,1,6,1,54,8,2179,2,10,3,1,3
2017430293914,3,19,0,4,0,0,0,0,0,0,2,1,1,1,26,6,2402,2,6,2,1,2
2017430293914,4,9,0,4,0,0,1,0,0,0,2,1,6,1,27,6,1994,1,10,9,1,9
2017430293914,5,19,0,4,0,0,0,0,0,0,2,1,6,1,65,9,2463,2,11,3,1,3
2017430294865,1,9,0,18,0,2,0,0,0,0,1,1,6,1,70,10,1998,2,9,9,1,9
2017430294891,1,9,0,1,9,6,0,0,0,0,2,1,6,1,48,8,1397,1,9,9,1,9
2017430294973,1,9,0,18,0,3,0,0,0,0,1,1,6,3,-1,-1,3500,1,20,3,1,3
2017430294973,2,9,0,18,0,4,0,0,0,0,1,1,6,1,42,7,2184,2,12,10,1,10
2017430295002,1,9,0,18,0,0,0,0,0,0,1,1,6,2,-1,-1,-1,-1,-1,-1,-1,-1
2017430295010,1,1,0,7,0,8,1,0,0,0,0,1,6,2,52,8,-1,-1,-1,6,1,6
2017430295010,2,9,0,18,0,1,0,0,0,0,0,1,6,1,27,6,1199,2,6,8,2,8
2017430295034,1,9,0,18,0,6,0,0,1,0,1,1,6,2,46,8,-1,-1,-1,9,2,9
2017430295034,2,9,0,18,0,8,0,0,7,0,4,1,6,2,43,7,1997,2,2,7,3,7
2017430295034,3,9,0,18,0,8,0,0,0,0,1,1,6,2,49,8,3189,1,11,6,3,6
2017430295052,1,9,0,18,0,1,0,0,0,0,4,1,6,2,25,5,1995,2,9,6,1,6
2017430295065,1,9,0,7,0,6,0,0,0,0,1,1,6,2,25,5,-1,-1,-1,3,1,3
2017430295065,2,1,0,9,0,6,0,0,0,0,4,1,6,1,69,10,-1,-1,-1,10,2,10
2017430295083,1,9,0,3,0,1,0,0,0,0,1,1,6,2,31,6,1390,1,13,5,2,5
2017430295083,2,9,0,3,0,1,0,0,0,0,2,1,6,1,66,10,-1,-1,-1,5,1,5
2017430295091,1,9,0,18,0,0,0,0,0,0,1,1,2,1,24,5,1984,1,8,9,1,9
2017430295091,2,19,0,2,0,0,0,0,0,0,2,1,6,3,-1,-1,2198,2,4,-1,-1,-1
2017430295111,1,21,1,16,0,0,3,0,1,4,1,1,1,1,63,9,10837,2,3,8,2,8
2017430295111,2,21,0,16,0,0,1,0,0,0,2,1,1,1,38,7,3920,2,6,1,1,1
2017430295111,3,9,0,16,0,0,0,11,0,0,2,1,6,2,58,9,1364,1,10,5,1,5
2017430295115,1,9,0,18,0,4,0,0,0,0,1,1,2,1,56,9,1998,2,16,6,1,6
2017430295115,2,19,0,3,0,1,0,0,0,0,3,1,2,1,38,7,2402,2,8,5,1,5
2017430295140,1,9,0,18,0,1,2,0,3,0,1,1,6,1,24,5,1390,1,10,2,1,2
2017430295140,2,9,0,4,0,1,0,0,3,0,2,1,6,1,31,6,1399,2,10,1,1,1
2017430295145,1,9,0,18,0,4,0,0,0,0,1,1,6,1,-1,-1,998,1,14,3,1,3
2017430295145,2,1,0,18,0,8,0,0,0,0,2,1,6,2,25,5,-1,-1,-1,7,1,7
2017430295188,1,3,0,18,0,0,0,4,0,0,1,1,6,1,26,6,123,1,16,-1,-1,-1
2017430295192,1,9,0,18,0,0,0,0,0,0,3,1,6,2,50,8,998,1,2,1,1,1
2017430295206,1,9,0,18,0,0,0,0,0,0,1,1,6,1,50,8,1998,8,2,9,1,9
2017430295238,1,9,0,18,0,8,0,0,0,0,1,1,6,2,38,7,1461,2,1,10,1,10
2017430295238,2,9,0,18,0,8,0,0,0,0,2,1,6,1,32,6,2698,2,11,8,1,8
2017430295257,1,1,0,18,5,0,0,0,0,0,3,1,1,1,22,5,-1,-1,-1,2,1,2
2017430295257,2,9,0,18,0,0,0,0,0,0,1,1,1,2,61,9,998,1,4,2,1,2
2017430295297,1,9,0,7,0,1,0,0,0,0,4,1,6,3,-1,-1,-1,-1,-1,-1,-1,-1
2017430295297,2,5,0,15,0,1,0,0,0,0,3,1,6,1,31,6,670,1,3,9,2,9
2017430295329,1,4,0,18,0,0,0,0,0,0,1,1,6,1,25,5,125,1,2,10,2,10
2017430295476,1,9,0,1,0,0,0,0,0,0,2,1,6,1,30,6,1499,2,-1,-1,-1,-1
2017430295631,1,9,0,9,0,5,0,0,0,0,3,1,6,2,33,6,4398,1,15,9,2,9
2017430295631,2,2,0,13,0,8,0,0,0,0,1,1,6,1,17,4,50,1,1,7,3,7
2017430295693,1,9,0,7,0,6,0,0,0,0,1,1,6,3,30,6,-1,-1,-1,-1,-1,-1
2017430295693,2,1,0,18,0,8,0,0,0,0,2,1,6,2,29,6,-1,-1,-1,2,1,2
2017430295774,1,9,0,7,0,6,0,0,0,0,1,1,6,2,68,10,1390,1,18,7,1,7
2017430295774,2,9,0,18,0,8,0,0,0,0,1,1,6,2,25,5,1984,1,-1,10,1,10
2017430296195,1,19,0,18,0,1,1,0,0,0,1,1,6,1,26,6,2198,2,5,3,1,3
2017430296195,2,9,0,10,0,1,0,0,0,0,2,1,6,2,18,4,-1,-1,-1,4,2,4
2017430296210,1,5,0,13,0,1,1,0,7,0,1,1,6,1,40,7,-1,-1,-1,-1,-1,-1
2017430296210,2,9,0,9,0,6,0,0,0,0,1,1,6,1,40,7,1896,2,13,4,1,4
2017430296214,1,9,0,18,0,0,0,0,0,0,1,1,2,1,23,5,1197,1,-1,-1,-1,-1
2017430296214,2,9,0,3,0,0,0,0,0,0,2,1,2,2,33,6,1461,2,2,8,1,8
2017430296214,3,9,0,3,0,0,0,0,0,0,2,1,2,2,34,6,1368,1,2,-1,-1,-1
2017430296238,1,9,0,18,0,4,0,0,0,0,0,1,6,1,73,10,2979,1,16,10,1,10