Accident_Index,Vehicle_Reference,Vehicle_Type,Towing_and_Articulation,Vehicle_Manoeuvre,Vehicle_Location-Restricted_Lane,Junction_Location,Skidding_and_Overturning,Hit_Object_in_Carriageway,Vehicle_Leaving_Carriageway,Hit_Object_off_Carriageway,1st_Point_of_Impact,Was_Vehicle_Left_Hand_Drive?,Journey_Purpose_of_Driver,Sex_of_Driver,Age_of_Driver,Age_Band_of_Driver,Engine_Capacity_(CC),Propulsion_Code,Age_of_Vehicle,Driver_IMD_Decile,Driver_Home_Area_Type,Vehicle_IMD_Decile
2017430334980,1,9,0,18,0,1,0,0,0,0,1,1,6,1,75,10,1900,2,11,8,1,8
2017430334980,2,9,0,3,0,1,0,0,0,0,2,1,6,1,35,6,1995,2,4,-1,-1,-1
2017430334980,3,9,0,10,0,1,0,0,0,0,2,1,3,1,43,7,1984,2,5,8,2,8
2017430335090,1,19,0,18,0,0,0,0,0,0,4,1,1,1,35,6,1598,2,2,8,1,8
2017430335971,1,9,0,9,0,5,0,0,0,0,1,1,2,1,47,8,-1,-1,-1,3,1,3
2017430335971,2,9,0,18,0,8,0,0,0,0,1,1,2,2,37,7,998,1,16,3,1,3
2017430337202,1,9,0,18,0,1,1,0,0,0,1,1,6,1,30,6,1968,2,4,10,1,10
2017430337202,2,9,0,3,0,1,0,0,0,0,2,1,6,1,58,9,2143,2,2,10,1,10
2017430337202,3,9,0,3,0,1,0,0,0,0,2,1,6,1,55,8,1598,1,14,9,3,9
2017430337202,4,9,0,3,0,1,0,0,0,0,2,1,6,1,58,9,1968,2,-1,10,1,10
2017430337203,1,9,0,1,0,0,0,0,0,0,1,1,6,1,-1,-1,2967,2,5,-1,-1,-1
2017430337203,2,9,0,3,0,0,0,0,0,0,1,1,6,2,43,7,1248,1,7,8,1,8
2017430337248,1,9,0,5,0,4,0,0,0,0,1,1,6,1,40,7,-1,-1,-1,7,2,7
2017430337248,2,1,0,18,0,8,0,0,0,0,4,1,6,1,55,8,-1,-1,-1,9,1,9
2017430337264,1,9,0,5,0,0,0,0,0,0,3,1,6,2,24,5,1229,1,3,9,2,9
2017430337264,2,1,0,18,0,0,0,0,0,0,1,1,6,2,32,6,-1,-1,-1,5,1,5
2017430337340,1,9,0,9,0,0,0,0,0,0,1,1,2,1,44,7,-1,-1,-1,10,1,10
2017430337340,2,3,0,18,0,0,0,0,0,0,1,1,2,1,54,8,125,1,2,10,1,10
2017430337348,1,9,0,18,0,0,0,0,0,0,1,1,1,1,29,6,1968,2,7,10,1,10
2017430337348,2,9,0,18,0,0,0,0,0,0,1,1,1,1,52,8,1798,1,13,9,3,9
2017430337354,1,19,0,9,0,6,0,0,0,0,1,1,6,1,44,7,1248,2,3,9,1,9
2017430337354,2,1,0,18,4,8,0,0,0,0,4,1,6,1,87,11,-1,-1,-1,9,1,9
2017430337356,1,4,0,14,0,0,1,0,0,0,1,1,6,1,58,9,-1,-1,-1,9,1,9
2017430337374,1,19,0,18,0,0,0,0,0,0,1,1,1,1,53,8,1996,2,3,2,1,2
2017430337374,2,9,0,12,0,0,0,0,6,6,2,1,1,1,57,9,2148,2,9,7,3,7
2017430337374,3,9,3,18,0,0,0,0,0,0,3,1,1,1,62,9,2993,2,12,-1,3,-1
2017430337374,4,9,2,18,0,0,0,0,0,0,4,1,1,1,54,8,1956,2,3,-1,3,-1
2017430337413,1,10,0,18,0,1,0,0,0,0,1,1,1,1,58,9,-1,-1,-1,5,1,5
2017430337455,1,9,0,18,9,8,5,0,1,11,4,1,6,1,66,10,1388,1,13,5,1,5
2017430337455,2,9,0,2,9,8,0,0,0,0,2,1,6,2,52,8,1995,2,2,6,1,6
2017430337455,3,9,0,2,0,2,0,0,0,0,2,1,6,1,22,5,1995,2,11,5,1,5
2017430337465,1,9,0,4,0,1,0,0,0,0,1,1,6,1,19,4,1198,1,6,-1,3,-1
2017430337465,2,9,0,3,0,1,0,0,0,0,2,1,6,1,24,5,-1,-1,-1,6,3,6
2017430337467,1,9,0,18,0,2,0,0,1,4,1,1,6,2,69,10,1398,1,2,9,3,9
2017430337565,1,9,0,4,0,0,0,0,0,0,0,1,6,3,-1,-1,-1,-1,-1,-1,-1,-1
2017430337565,2,9,0,4,0,0,0,0,0,0,2,1,6,1,60,9,-1,3,1,9,3,9
2017430337565,3,9,0,18,0,0,1,0,0,0,1,1,2,1,30,6,1988,2,13,3,1,3
2017430337952,1,9,0,9,0,5,0,0,0,0,1,1,6,1,35,6,2987,2,2,6,1,6
2017430337952,2,9,0,18,0,1,0,0,0,0,1,1,6,1,36,7,4266,1,17,10,1,10
2017430338436,1,9,0,4,0,1,0,0,0,0,4,1,6,1,17,4,1229,1,11,9,1,9
2017430338436,2,1,0,5,0,1,0,0,0,0,1,1,6,1,10,2,-1,-1,-1,10,1,10
2017430338439,1,9,0,5,0,6,0,0,0,0,1,1,6,1,86,11,2457,1,10,10,1,10
2017430338439,2,9,0,5,0,6,0,0,0,0,4,1,2,2,20,4,1242,1,8,7,3,7
2017430338458,1,1,0,13,0,0,0,0,0,0,1,1,6,1,29,6,-1,-1,-1,4,1,4
2017430338458,2,9,0,6,0,0,0,0,0,0,3,1,1,1,32,6,2143,2,5,3,1,3
2017430338473,1,9,0,5,0,4,0,0,0,0,1,1,6,2,20,4,-1,3,1,-1,-1,-1
2017430338473,2,9,0,5,0,4,0,0,0,0,2,1,6,1,45,7,2979,1,11,5,1,5
2017430338476,1,1,0,18,0,1,0,0,0,0,3,1,6,1,15,3,-1,-1,-1,10,3,10
2017430338476,2,9,0,18,0,2,0,0,0,0,1,1,6,2,31,6,-1,-1,-1,9,2,9
2017430338487,1,9,0,18,0,1,0,0,0,0,1,1,6,1,19,4,998,1,1,9,1,9
2017430338487,2,9,0,9,0,1,0,0,0,0,2,1,6,1,47,8,-1,-1,-1,8,1,8
2017430338508,1,9,0,18,0,0,2,0,1,7,1,1,6,1,23,5,-1,-1,-1,-1,-1,-1
2017430338509,1,9,0,18,0,0,0,0,0,0,1,1,6,1,21,5,-1,-1,-1,10,1,10
2017430338509,2,9,0,3,0,0,0,0,0,0,2,1,6,1,62,9,1796,1,16,6,1,6
2017430338510,1,19,0,1,0,1,0,0,0,0,2,1,6,1,40,7,2402,2,15,1,1,1
2017430338510,2,1,0,3,0,8,0,0,0,0,1,1,2,1,40,7,-1,-1,-1,4,1,4
2017430338515,1,9,0,18,0,0,1,0,0,0,2,1,6,1,29,6,1598,1,11,-1,-1,-1
2017430338515,2,9,0,18,0,0,1,0,0,0,1,1,6,2,31,6,1598,2,5,10,1,10
2017430338515,3,9,0,18,0,0,1,0,0,0,1,1,6,2,45,7,1997,2,5,10,2,10
2017430338515,4,9,0,18,0,0,1,0,0,0,1,1,6,1,58,9,2993,2,3,10,2,10
2017430338527,1,9,0,9,0,8,0,0,0,0,1,1,2,1,25,5,973,1,14,6,1,6
2017430338527,2,9,0,18,0,1,0,0,0,0,1,1,6,1,88,11,1588,1,13,9,1,9
2017430338549,1,9,0,16,0,0,0,0,0,0,1,1,6,3,-1,-1,-1,-1,-1,-1,-1,-1
2017430338549,2,9,0,17,0,0,0,0,0,0,2,1,2,2,39,7,-1,-1,-1,6,3,6
2017430338567,1,9,0,18,0,1,0,0,0,0,1,1,6,1,29,6,1397,1,8,8,1,8
2017430338567,2,9,0,3,0,1,0,0,0,0,2,1,2,2,46,8,1199,1,13,8,1,8
2017430338573,1,9,0,18,0,0,0,0,0,0,1,1,6,2,34,6,1998,1,11,6,1,6
2017430338573,2,9,0,18,0,0,0,0,0,0,1,1,1,1,24,5,-1,-1,-1,10,1,10
2017430338588,1,9,0,18,0,1,0,0,4,1,3,1,6,1,51,8,1956,2,5,8,1,8
2017430338588,2,9,0,18,0,1,0,0,6,0,4,1,6,1,19,4,1198,1,11,-1,-1,-1
2017430338600,1,9,0,9,0,8,0,0,0,0,0,1,6,3,-1,-1,-1,-1,-1,-1,-1,-1
2017430338600,2,21,0,18,0,4,0,0,0,0,4,1,1,1,62,9,10837,2,4,-1,-1,-1
2017430338600,3,9,0,18,0,4,0,0,0,0,3,1,6,2,70,10,1596,1,15,9,1,9
2017430338604,1,9,0,2,0,0,0,0,0,0,3,1,6,2,63,9,1598,1,1,5,1,5
2017430338604,2,19,0,18,0,0,0,0,0,0,4,1,6,3,-1,-1,-1,-1,-1,-1,-1,-1
2017430338650,1,9,0,18,0,4,0,0,0,0,1,1,6,1,-1,-1,1796,1,10,-1,-1,-1
2017430338650,2,9,0,18,0,8,0,0,0,0,4,1,6,1,23,5,-1,-1,-1,10,3,10
2017430338655,1,9,0,18,0,1,0,0,0,0,1,1,6,1,17,4,1896,2,11,8,3,8
2017430338655,2,9,0,10,0,1,0,0,0,0,2,1,6,2,27,6,1596,1,6,9,1,9
2017430338684,1,9,0,18,0,0,0,0,0,0,4,1,6,3,-1,-1,-1,-1,-1,-1,-1,-1
2017430339133,1,9,0,18,0,1,0,0,7,9,1,1,2,2,38,7,1968,2,1,9,3,9
2017430339133,2,9,0,4,0,1,0,0,0,0,2,1,6,1,62,9,-1,-1,-1,8,2,8
2017430339228,1,9,0,18,0,0,0,0,7,0,1,1,1,1,56,9,-1,-1,-1,1,1,1
2017430339359,1,9,0,9,0,5,0,0,0,0,1,1,2,1,70,10,1968,2,1,5,1,5
2017430339359,2,9,0,17,0,8,0,0,1,0,3,1,6,2,79,11,1499,1,1,10,2,10
2017430339672,1,9,0,18,0,0,0,0,0,0,4,1,6,3,-1,-1,-1,-1,-1,-1,-1,-1
2017430339672,2,9,0,2,0,0,0,0,0,0,4,1,6,2,44,7,1598,1,11,5,1,5
2017430339673,1,9,0,18,0,0,0,0,0,0,1,1,6,1,57,9,1679,1,17,10,1,10
2017430339695,1,9,0,18,0,0,0,0,1,0,0,1,1,2,36,7,1798,8,-1,6,1,6
2017430339696,1,9,0,9,0,6,0,0,0,0,1,1,6,1,28,6,2143,2,3,4,1,4
2017430339696,2,5,0,18,0,8,0,0,0,0,2,1,6,1,47,8,-1,-1,-1,3,1,3
2017430339696,3,9,0,2,0,8,0,0,0,0,2,1,6,2,-1,-1,1590,1,16,3,1,3
2017430339714,1,3,0,13,0,1,1,0,0,0,1,1,6,1,20,4,125,1,-1,9,3,9
2017430339714,2,9,0,9,0,5,0,0,0,0,2,1,6,2,20,4,1124,1,12,9,2,9
2017430339717,1,9,0,9,0,1,0,0,0,0,1,1,2,1,44,7,2996,1,10,6,1,6
2017430339717,2,1,0,18,0,1,0,0,0,0,1,1,6,1,14,3,-1,-1,-1,3,1,3
2017430339728,1,9,0,18,0,0,0,4,0,0,1,1,6,1,27,6,1910,2,9,4,1,4
2017430339728,2,9,0,2,0,0,0,0,0,0,2,1,6,2,48,8,1596,1,9,7,3,7
2017430339735,1,9,0,18,0,1,0,0,0,0,4,1,4,2,17,4,999,1,1,7,3,7
2017430339745,1,9,0,18,0,1,1,0,0,0,1,1,6,1,24,5,1598,1,5,10,1,10
2017430339745,2,9,0,7,0,5,0,0,0,0,4,1,6,1,70,10,-1,-1,-1,10,1,10
2017430339756,1,19,0,18,0,4,0,0,0,0,1,1,6,1,-1,-1,1753,2,7,9,3,9
2017430339756,2,1,0,9,0,8,0,0,0,0,4,1,6,1,15,3,-1,-1,-1,10,1,10
2017430339766,1,9,0,7,0,8,0,0,0,0,1,1,6,3,-1,-1,-1,-1,-1,-1,-1,-1
2017430339766,2,1,0,18,0,8,0,0,0,0,4,1,6,2,30,6,-1,-1,-1,3,1,3
2017430339782,1,9,0,18,0,0,0,0,2,10,1,1,6,1,52,8,1149,1,6,10,1,10
2017430339782,2,21,0,18,0,0,0,0,0,0,4,1,1,1,52,8,12902,2,2,-1,2,-1
2017430339800,1,21,0,18,0,0,2,0,0,0,3,1,1,1,57,9,12777,2,9,9,1,9
2017430339801,1,9,0,18,0,1,0,0,0,0,1,1,6,1,28,6,1598,2,-1,7,1,7
2017430339801,2,9,0,3,0,2,0,0,0,0,2,1,6,1,77,11,-1,-1,-1,-1,-1,-1
2017430339847,1,9,0,18,0,1,0,0,0,0,1,1,6,1,-1,-1,-1,-1,-1,-1,-1,-1
2017430339847,2,9,0,3,0,1,0,0,0,0,2,1,6,2,57,9,-1,-1,-1,10,1,10
2017430339902,1,9,0,18,0,8,0,0,0,0,1,1,6,1,64,9,1896,2,9,7,1,7
2017430339902,2,9,0,18,0,8,0,0,0,0,1,1,6,2,42,7,998,1,1,6,1,6
2017430339905,1,9,0,18,0,0,0,0,0,0,1,1,6,2,47,8,1149,1,5,9,2,9
2017430339906,1,9,0,9,0,5,0,0,0,0,1,1,6,1,52,8,1984,1,4,10,1,10
2017430339906,2,1,0,15,0,1,0,0,0,0,1,1,6,1,24,5,-1,-1,-1,5,1,5
2017430339911,1,9,0,18,0,1,0,0,0,0,1,1,1,1,63,9,1956,2,8,3,1,3
2017430339913,1,9,0,5,0,2,0,0,0,0,0,1,6,3,-1,-1,-1,-1,-1,-1,-1,-1
2017430339913,2,8,0,9,0,3,0,0,0,0,0,1,1,1,40,7,2148,2,11,6,1,6
2017430339947,1,9,0,16,0,0,0,0,0,0,1,1,1,1,45,7,998,1,-1,7,1,7
2017430339947,2,9,0,17,0,0,0,0,0,0,1,1,6,2,17,4,1229,1,9,7,3,7
2017430339982,1,9,0,6,0,0,0,0,0,0,3,1,1,1,32,6,2993,2,1,8,1,8
2017430339982,2,9,0,18,0,0,0,0,0,0,4,1,6,2,72,10,1200,1,13,7,1,7
2017430339999,1,9,0,7,0,3,0,0,0,0,1,1,6,1,25,5,2993,2,3,7,1,7
2017430339999,2,9,0,17,0,4,0,0,0,0,3,1,6,2,30,6,-1,-1,-1,6,1,6
2017430340012,1,9,0,18,0,0,0,0,0,0,1,1,6,1,20,4,1896,2,14,-1,-1,-1
2017430340012,2,9,0,3,0,0,0,0,0,0,2,1,6,1,50,8,-1,-1,-1,-1,-1,-1
2017430340038,1,19,0,18,0,0,0,0,0,0,1,1,1,1,38,7,2143,2,-1,-1,-1,-1
2017430340038,2,19,0,18,0,0,0,0,0,0,2,1,1,1,-1,-1,2998,2,6,10,1,10
2017430340038,3,9,0,18,0,0,0,0,0,0,1,1,6,2,29,6,1968,2,7,4,1,4
2017430340108,1,9,0,14,0,1,0,0,0,0,4,1,6,1,30,6,1896,2,14,8,3,8
2017430340108,2,11,0,2,0,1,0,0,0,0,0,1,1,1,-1,-1,4500,2,6,10,1,10
2017430340262,1,9,0,18,0,2,0,0,0,0,3,1,1,1,57,9,2362,1,12,9,3,9
2017430341026,1,9,0,18,0,0,0,0,0,0,1,1,6,3,47,8,1596,1,12,4,1,4
2017430341042,1,9,0,9,0,6,0,0,0,0,1,1,1,1,38,7,-1,-1,-1,4,1,4
2017430341042,2,4,0,18,0,8,1,0,1,11,1,1,2,1,21,5,124,1,2,8,1,8
2017430341059,1,1,0,9,0,6,0,0,0,0,1,1,4,1,14,3,-1,-1,-1,-1,-1,-1
2017430341059,2,9,0,18,0,1,0,0,0,0,1,1,1,1,29,6,1497,8,9,4,1,4
2017430341068,1,9,0,9,0,8,0,0,0,0,4,1,6,1,73,10,1796,1,14,4,1,4
2017430341068,2,9,0,18,0,8,0,0,0,0,1,1,1,1,32,6,2000,1,12,-1,-1,-1
2017430341091,1,9,0,18,0,0,0,0,0,0,1,1,1,3,30,6,-1,-1,-1,7,1,7
2017430341113,1,9,0,9,0,4,0,0,0,0,1,1,6,3,-1,-1,1998,2,12,-1,-1,-1
2017430341113,2,9,0,18,0,8,0,0,0,0,2,1,6,1,17,4,-1,-1,-1,9,1,9
2017430341145,1,9,0,18,0,0,0,0,0,0,1,1,6,1,-1,-1,-1,-1,-1,-1,-1,-1
2017430341148,1,19,0,18,0,0,0,0,0,0,1,1,6,1,41,7,2143,2,-1,3,1,3
2017430341148,2,9,0,4,0,0,0,0,0,0,2,1,6,2,62,9,1339,1,7,8,1,8
2017430341206,1,9,0,9,0,8,0,0,0,0,3,1,3,2,47,8,1395,1,-1,8,3,8
2017430341206,2,9,0,18,0,8,0,0,0,0,1,1,3,1,43,7,1596,1,5,8,3,8
2017430341208,1,9,0,18,0,2,0,0,0,0,1,1,3,3,47,8,1339,1,12,7,1,7
2017430341218,1,9,0,9,0,6,0,0,0,0,1,1,1,2,51,8,1991,1,-1,-1,-1,-1
2017430341218,2,9,0,18,0,1,0,0,0,0,1,1,1,2,42,7,1997,2,11,9,1,9
2017430341298,1,9,0,1,0,1,0,0,0,0,2,1,6,1,-1,-1,1997,2,11,-1,-1,-1
2017430341298,2,9,0,18,0,1,0,0,0,0,1,1,6,2,41,7,1364,1,8,3,1,3
2017430341315,1,9,0,18,0,1,0,0,0,0,1,1,6,1,24,5,1200,1,1,2,1,2
2017430341315,2,9,0,9,0,1,0,0,0,0,2,1,6,1,44,7,1969,2,1,7,1,7
2017430341425,1,19,0,18,0,1,0,0,0,0,1,1,6,3,-1,-1,2151,2,14,-1,-1,-1
2017430341425,2,8,0,3,0,1,0,0,0,0,2,1,1,1,47,8,1598,2,5,5,1,5
2017430341425,3,9,0,3,0,1,0,0,0,0,2,1,6,3,-1,-1,-1,-1,-1,-1,-1,-1
2017430341425,4,9,0,3,0,1,0,0,0,0,2,1,6,3,-1,-1,-1,-1,-1,-1,-1,-1
2017430341786,1,1,0,18,0,6,0,0,0,0,1,1,4,1,14,3,-1,-1,-1,4,1,4
2017430341786,2,9,0,4,0,1,0,0,0,0,4,1,6,1,54,8,1997,2,13,9,2,9
2017430342194,1,9,0,18,0,1,0,0,0,0,3,1,6,2,23,5,1968,2,4,-1,-1,-1
2017430342194,2,9,0,18,0,1,0,0,0,0,4,1,6,1,42,7,1991,1,4,7,1,7
2017430342199,1,9,0,18,0,1,0,0,0,0,1,1,6,1,26,6,1329,1,5,8,3,8
2017430342199,2,9,0,3,0,1,0,0,0,0,2,1,6,1,24,5,1390,1,7,9,1,9
2017430342199,3,9,0,10,0,1,0,0,0,0,2,1,1,1,40,7,2987,2,6,5,1,5
2017430342217,1,9,0,5,0,4,0,0,0,0,1,1,6,1,42,7,1598,1,10,8,1,8
2017430342217,2,9,0,7,0,3,0,0,0,0,4,1,6,2,40,7,-1,-1,-1,7,3,7
2017430342243,1,9,0,2,0,0,0,0,0,0,3,1,6,1,30,6,2993,2,-1,-1,-1,-1
2017430342243,2,1,0,14,0,0,0,0,0,0,1,1,1,2,26,6,-1,-1,-1,8,1,8
2017430342249,1,9,0,9,0,1,0,0,0,0,1,1,3,2,32,6,1248,1,4,8,3,8
2017430342249,2,9,0,18,0,1,0,0,0,0,1,1,2,1,57,9,1364,1,-1,7,3,7
2017430342250,1,9,0,18,0,1,0,0,0,0,1,1,6,1,-1,-1,-1,-1,-1,-1,-1,-1
2017430342250,2,9,0,3,0,1,0,0,0,0,2,1,6,2,43,7,1595,1,13,8,1,8
2017430342252,1,9,0,16,0,0,1,0,7,10,1,1,6,1,36,7,-1,-1,-1,5,1,5
2017430342282,1,9,0,1,0,0,0,0,0,0,2,1,6,3,-1,-1,-1,-1,-1,-1,-1,-1
2017430342308,1,9,0,9,0,6,0,0,3,0,1,1,1,1,34,6,1995,2,9,10,1,10
2017430342308,2,9,0,18,0,1,0,0,7,9,4,1,6,1,49,8,2000,2,12,7,1,7
2017430342318,1,3,0,18,0,8,1,0,0,0,1,1,6,1,19,4,124,1,-1,-1,-1,-1
2017430342318,2,9,0,9,0,5,0,0,0,0,4,1,6,2,19,4,1390,1,3,10,2,10
2017430342337,1,9,0,18,0,8,0,0,0,0,1,1,2,2,32,6,998,1,-1,6,2,6
2017430342376,1,11,0,5,8,0,0,0,0,0,1,1,1,1,29,6,4500,2,7,3,1,3
2017430344926,1,9,0,9,0,1,0,0,0,0,1,1,6,1,41,7,1598,1,15,8,2,8
2017430344928,1,9,0,9,0,2,0,0,0,0,1,1,3,1,39,7,1910,2,6,10,1,10
2017430344946,1,9,0,18,0,0,0,0,1,10,1,1,6,1,36,7,1984,1,11,-1,-1,-1
2017430344951,1,9,0,17,0,2,1,10,0,0,1,1,1,2,22,5,1229,1,5,10,1,10
2017430344951,2,20,0,18,0,1,0,0,0,0,1,1,1,1,61,9,-1,-1,-1,10,2,10
2017430344955,1,9,0,5,0,6,0,0,0,0,0,1,6,1,-1,-1,-1,-1,-1,-1,-1,-1
2017430344955,2,3,0,18,0,1,1,0,7,0,0,1,6,1,51,8,125,1,-1,4,1,4
2017430344995,1,5,0,18,0,0,0,11,0,0,3,1,6,1,18,4,803,1,-1,6,1,6
2017430344997,1,9,0,9,0,2,0,0,0,0,1,1,6,2,-1,-1,1686,2,6,10,1,10
2017430344997,2,9,0,7,0,2,0,0,0,0,1,1,6,1,88,11,1242,1,13,6,2,6
2017430345032,1,9,0,18,0,2,0,0,0,0,1,1,6,1,56,9,1328,1,13,-1,-1,-1
2017430345033,1,9,0,18,0,0,0,0,0,0,1,1,6,3,-1,-1,-1,-1,-1,-1,-1,-1
2017430345033,2,9,0,3,0,0,0,0,0,0,2,1,6,2,36,7,1997,2,9,5,1,5
2017430345034,1,98,0,18,0,0,0,0,0,0,1,1,1,1,62,9,-1,-1,-1,8,3,8
2017430345034,2,9,0,4,0,0,0,0,0,0,2,1,6,1,45,7,1598,1,9,8,1,8
2017430345034,3,9,0,4,0,0,0,0,0,0,2,1,6,1,36,7,1598,1,9,3,1,3
2017430345034,4,9,0,4,0,0,0,0,0,0,2,1,6,1,30,6,-1,-1,-1,9,1,9
2017430345075,1,9,0,18,0,0,1,0,0,0,1,1,2,1,24,5,1499,1,-1,3,1,3
2017430345075,2,8,0,18,0,0,5,0,0,0,2,1,1,1,54,8,2499,2,9,2,1,2
2017430345075,3,8,0,18,0,0,1,0,5,6,4,1,2,1,57,9,1997,2,2,10,1,10
2017430345099,1,9,0,18,0,4,0,0,0,0,1,1,6,1,36,7,1364,1,1,10,1,10
2017430345099,2,1,0,18,0,8,0,0,0,0,4,1,2,2,58,9,-1,-1,-1,5,1,5
2017430345102,1,9,0,18,0,4,0,0,0,0,1,1,6,1,23,5,-1,-1,-1,10,1,10
2017430345102,2,9,0,3,0,4,0,0,0,0,2,1,6,2,55,8,2597,1,14,10,1,10
2017430345140,1,9,0,16,0,0,0,0,0,0,1,1,6,1,-1,-1,2143,2,4,-1,-1,-1
2017430345140,2,9,0,18,0,0,1,10,0,0,3,1,6,1,17,4,999,1,4,10,1,10
2017430345151,1,9,0,7,5,5,0,0,0,0,4,1,3,1,36,7,1560,2,8,7,3,7
2017430345151,2,1,0,18,5,1,0,0,0,0,1,1,6,1,36,7,-1,-1,-1,6,1,6
2017430345477,1,19,0,18,0,0,0,0,0,0,1,1,1,1,31,6,2143,2,4,7,1,7
2017430345477,2,9,0,4,0,0,0,0,0,0,2,1,2,2,25,5,1242,1,7,-1,-1,-1
2017430346172,1,5,0,18,0,7,0,0,0,0,3,1,2,1,45,7,656,1,9,10,1,10
2017430346172,2,98,0,18,0,7,0,0,0,0,2,1,1,3,-1,-1,-1,-1,-1,-1,-1,-1
2017430346186,1,3,0,14,0,8,0,0,0,0,1,1,6,1,22,5,125,1,1,8,1,8
2017430346186,2,9,0,9,0,8,0,0,0,0,4,1,6,2,49,8,1498,1,10,9,1,9
2017430346190,1,9,0,7,6,6,0,0,0,0,3,1,6,2,51,8,1598,1,3,9,1,9
2017430346190,2,5,0,18,8,1,0,0,0,0,1,1,6,1,26,6,-1,-1,-1,8,1,8
2017430346217,1,9,0,18,0,0,0,0,0,0,1,1,6,1,38,7,1598,2,1,4,1,4
2017430346217,2,9,0,2,0,0,0,0,0,0,4,1,6,1,-1,-1,1984,1,16,-1,-1,-1
2017430346247,1,9,0,6,0,8,0,0,0,0,3,1,1,2,42,7,1910,2,9,10,1,10
2017430346247,2,5,0,18,0,8,0,0,0,0,1,1,1,1,33,6,748,1,20,-1,-1,-1
2017430346249,1,19,0,12,0,0,0,0,1,4,1,1,1,1,53,8,1753,2,6,9,3,9
2017430346249,2,9,0,18,0,0,0,0,1,4,2,1,6,1,30,6,1368,1,4,7,1,7
2017430346260,1,1,0,17,9,0,0,0,1,11,1,1,6,2,26,6,-1,-1,-1,-1,-1,-1
2017430346278,1,9,0,1,0,0,0,0,0,0,2,1,6,1,-1,-1,1753,2,14,-1,-1,-1
2017430346293,1,5,0,18,0,0,0,0,0,0,1,1,6,1,50,8,1832,1,-1,8,1,8
2017430346293,2,9,0,18,0,0,0,0,0,0,2,1,6,2,23,5,998,1,4,6,1,6
2017430346293,3,9,0,18,0,0,0,0,0,0,3,1,6,1,38,7,1956,2,3,4,1,4
2017430346293,4,9,0,18,0,0,0,0,0,0,3,1,6,1,81,11,1560,2,-1,10,1,10
2017430346293,5,19,0,18,0,0,0,0,0,0,3,1,1,1,58,9,2143,2,3,5,1,5
2017430346301,1,9,0,9,0,2,0,0,0,0,1,1,6,2,72,10,1318,1,1,10,2,10
2017430346301,2,1,0,18,0,1,0,0,0,0,4,1,6,1,5,1,-1,-1,-1,10,2,10
2017430346308,1,9,0,18,0,4,0,0,0,0,3,1,6,2,-1,-1,-1,-1,-1,-1,-1,-1
2017430346308,2,1,0,9,0,8,0,0,0,0,1,1,2,1,57,9,-1,-1,-1,10,1,10
2017430346325,1,9,0,18,0,0,0,0,7,11,1,1,6,1,21,5,1149,1,13,10,1,10
2017430346334,1,9,0,7,0,6,0,0,0,0,3,1,6,1,-1,-1,1242,1,16,-1,-1,-1
2017430346334,2,1,0,18,0,1,0,0,0,0,1,1,6,1,-1,-1,-1,-1,-1,-1,-1,-1
2017430346352,1,9,0,18,0,8,0,0,0,0,1,1,6,1,22,5,-1,-1,-1,10,1,10
2017430346352,2,9,0,4,0,8,0,0,0,0,2,1,6,1,43,7,-1,-1,-1,10,1,10
2017430346495,1,9,0,9,0,8,0,0,0,0,1,1,6,1,19,4,1199,1,13,7,1,7
2017430346495,2,9,0,18,0,1,0,0,0,0,1,1,1,1,40,7,1896,2,15,-1,-1,-1
2017430347346,1,9,0,18,0,4,1,0,0,7,1,1,6,1,23,5,1896,2,16,3,1,3
2017430347346,2,9,0,6,0,8,1,0,0,7,1,1,6,2,28,6,1598,1,14,4,1,4
2017430347441,1,9,0,7,0,6,0,0,7,0,2,1,3,2,46,8,1386,1,5,9,3,9
2017430347441,2,9,0,18,0,1,0,0,0,0,1,1,2,1,35,6,-1,-1,-1,1,1,1
2017430347451,1,9,0,9,0,6,0,0,0,0,1,1,2,1,-1,-1,-1,-1,-1,-1,-1,-1
2017430347451,2,1,0,18,0,8,0,0,0,0,3,1,2,1,61,9,-1,-1,-1,-1,-1,-1
2017430347460,1,9,0,18,0,7,0,0,0,0,1,1,6,1,18,4,-1,-1,-1,5,1,5
2017430347460,2,9,0,9,0,8,0,0,0,0,3,1,1,1,-1,-1,-1,-1,-1,-1,-1,-1
2017430347470,1,9,0,9,0,6,0,0,0,0,1,1,6,2,65,9,1339,1,3,6,1,6
2017430347470,2,9,0,18,0,8,0,0,0,0,4,1,6,1,46,8,1998,8,-1,10,1,10
2017430347488,1,19,0,9,0,5,0,0,0,0,4,1,1,1,33,6,2198,2,1,3,1,3
2017430347488,2,9,0,18,0,1,0,0,0,0,1,1,6,1,75,10,1364,1,10,7,1,7
2017430347509,1,9,0,18,0,6,0,0,0,0,1,1,6,2,-1,-1,-1,-1,-1,-1,-1,-1
2017430347509,2,9,0,3,0,1,0,0,0,0,2,1,6,1,29,6,1598,2,-1,7,1,7
2017430347514,1,9,0,18,0,4,0,0,0,0,1,1,2,1,46,8,1560,2,7,10,2,10
2017430347514,2,8,0,18,0,8,0,0,0,0,4,1,1,1,37,7,1968,2,9,-1,-1,-1
2017430347531,1,9,0,18,0,0,0,0,0,0,2,1,6,1,33,6,3222,2,12,4,1,4
2017430347531,2,98,-1,18,0,0,0,0,0,0,0,1,6,3,-1,-1,-1,-1,-1,-1,-1,-1