Accident_Index,Vehicle_Reference,Vehicle_Type,Towing_and_Articulation,Vehicle_Manoeuvre,Vehicle_Location-Restricted_Lane,Junction_Location,Skidding_and_Overturning,Hit_Object_in_Carriageway,Vehicle_Leaving_Carriageway,Hit_Object_off_Carriageway,1st_Point_of_Impact,Was_Vehicle_Left_Hand_Drive?,Journey_Purpose_of_Driver,Sex_of_Driver,Age_of_Driver,Age_Band_of_Driver,Engine_Capacity_(CC),Propulsion_Code,Age_of_Vehicle,Driver_IMD_Decile,Driver_Home_Area_Type,Vehicle_IMD_Decile
2017430371318,1,9,0,18,0,0,0,0,0,0,1,1,6,2,55,8,1461,2,1,5,1,5
2017430371617,1,9,0,18,0,1,0,0,0,0,1,1,6,3,-1,-1,-1,-1,-1,-1,-1,-1
2017430371627,1,9,0,9,0,5,0,0,0,0,4,1,6,1,81,11,1598,1,10,9,3,9
2017430371627,2,2,0,18,0,8,0,0,0,0,1,1,6,1,16,4,50,1,4,10,1,10
2017430371634,1,19,0,17,0,8,5,0,1,0,4,1,1,1,44,7,2953,2,-1,4,1,4
2017430371642,1,9,0,17,0,0,1,0,1,2,1,1,6,1,36,7,1461,2,2,8,1,8
2017430371670,1,9,0,18,0,0,1,10,0,0,1,1,6,1,36,7,1998,1,10,3,1,3
2017430371670,2,9,0,18,0,0,0,0,0,0,4,1,2,1,38,7,2171,1,12,5,1,5
2017430371670,3,9,0,18,0,0,0,0,0,0,3,1,3,2,20,4,1364,1,-1,5,1,5
2017430371670,4,9,0,18,0,0,0,0,0,0,2,1,6,2,18,4,-1,-1,-1,5,1,5
2017430371675,1,9,0,18,0,0,0,0,0,0,1,1,6,1,27,6,2720,2,9,10,1,10
2017430371675,2,9,0,18,0,0,0,0,0,0,2,1,6,2,34,6,1598,2,2,-1,-1,-1
2017430371685,1,9,0,4,0,0,1,0,1,2,1,1,6,2,65,9,1587,1,12,5,1,5
2017430371690,1,9,0,18,0,0,0,0,0,0,1,1,6,1,38,7,2199,2,8,3,1,3
2017430371690,2,9,0,3,0,0,0,0,0,0,2,1,6,2,53,8,1399,2,8,8,1,8
2017430371698,1,9,0,18,0,0,0,0,0,0,1,1,6,1,39,7,1781,1,12,1,1,1
2017430371698,2,9,0,18,0,0,0,0,0,0,1,1,6,1,31,6,-1,-1,-1,-1,2,-1
2017430371704,1,9,0,18,0,1,0,0,0,0,1,1,6,1,90,11,1198,1,6,6,3,6
2017430371704,2,9,0,10,0,1,0,0,0,0,2,1,6,2,42,7,1781,1,16,9,1,9
2017430371727,1,9,0,12,0,0,0,0,0,0,2,1,6,1,63,9,2401,2,13,3,1,3
2017430371727,2,9,0,18,0,0,0,0,1,4,1,1,6,2,18,4,1086,1,13,7,1,7
2017430371733,1,8,0,11,2,1,0,0,0,0,1,1,1,1,45,7,-1,-1,-1,2,1,2
2017430371746,1,9,0,9,0,8,0,0,0,0,2,1,6,1,73,10,999,1,-1,8,3,8
2017430371746,2,19,0,18,0,8,0,0,0,0,1,1,1,1,26,6,2298,2,1,5,1,5
2017430371766,1,3,0,18,0,0,0,0,0,0,0,1,2,1,21,5,124,1,10,4,1,4
2017430371787,1,9,0,16,0,0,1,0,7,0,3,1,2,1,29,6,1995,1,8,10,1,10
2017430371787,2,9,0,18,0,0,0,0,0,0,3,1,2,1,54,8,-1,-1,-1,7,2,7
2017430371840,1,9,0,18,0,0,0,0,0,0,4,1,6,3,-1,-1,-1,-1,-1,-1,-1,-1
2017430371840,2,9,0,12,0,0,0,0,0,0,3,1,6,2,-1,-1,1398,1,1,-1,-1,-1
2017430371840,3,9,0,18,0,0,0,0,0,0,2,1,6,3,-1,-1,1685,2,-1,-1,-1,-1
2017430371841,1,9,0,18,0,0,0,0,0,0,1,1,6,1,-1,-1,2429,1,11,-1,-1,-1
2017430371841,2,9,0,18,0,0,0,0,0,0,2,1,6,1,26,6,1388,1,5,-1,-1,-1
2017430371841,3,9,0,18,0,0,0,0,0,0,2,1,6,1,62,9,1968,2,6,10,1,10
2017430371860,1,9,0,18,0,0,0,0,0,0,4,1,6,1,32,6,1299,1,15,4,1,4
2017430371860,2,9,0,18,0,0,0,0,0,0,1,1,6,1,42,7,1598,2,3,10,1,10
2017430371863,1,9,0,4,0,1,0,0,0,0,1,1,6,3,-1,-1,1461,2,-1,-1,-1,-1
2017430371863,2,9,0,8,0,1,0,0,0,0,2,1,1,1,28,6,1984,1,2,-1,-1,-1
2017430371897,1,21,0,11,0,0,0,0,0,0,1,1,1,1,69,10,12809,2,-1,-1,-1,-1
2017430371897,2,9,0,18,0,0,1,0,0,0,1,1,6,1,25,5,1229,1,8,-1,-1,-1
2017430371926,1,9,0,18,0,0,1,0,1,7,2,1,1,2,30,6,-1,-1,-1,1,1,1
2017430371951,1,9,0,18,0,4,0,0,0,0,1,1,6,1,18,4,999,1,2,10,3,10
2017430371951,2,19,0,18,0,8,0,0,7,1,4,1,1,1,24,5,1499,2,1,10,1,10
2017430372801,1,9,0,18,0,0,0,0,0,0,4,1,6,3,-1,-1,-1,-1,-1,-1,-1,-1
2017430372801,2,9,0,2,0,0,0,0,0,0,3,1,2,2,42,7,998,1,4,3,1,3
2017430372825,1,9,0,18,0,8,0,0,1,11,1,1,1,1,67,10,-1,-1,-1,-1,-1,-1
2017430372841,1,9,0,18,0,1,0,0,0,0,1,1,6,1,43,7,2967,2,1,-1,-1,-1
2017430372841,2,9,0,3,0,1,0,0,0,0,2,1,6,1,19,4,1364,1,11,-1,-1,-1
2017430372841,3,9,0,3,0,1,0,0,0,0,2,1,6,2,52,8,-1,-1,-1,-1,-1,-1
2017430372841,4,9,0,3,0,1,0,0,0,0,2,1,6,2,44,7,2993,2,10,-1,-1,-1
2017430372874,1,9,0,18,0,0,2,0,0,0,1,1,6,2,38,7,1796,1,9,3,1,3
2017430374194,1,9,0,13,0,0,0,0,0,0,4,1,1,1,-1,-1,-1,-1,-1,-1,-1,-1
2017430374194,2,1,0,18,0,0,0,0,0,0,3,1,6,1,50,8,-1,-1,-1,9,3,9
2017430374215,1,9,0,18,0,0,0,0,0,0,4,1,6,1,61,9,2400,2,2,9,3,9
2017430374215,2,1,0,18,0,0,0,0,1,0,3,1,6,1,47,8,-1,-1,-1,2,1,2
2017430374261,1,9,0,18,0,1,0,0,0,0,1,1,6,1,-1,-1,1587,1,14,-1,-1,-1
2017430374261,2,9,0,3,0,1,0,0,0,0,2,1,6,1,44,7,1587,1,13,7,1,7
2017430374285,1,9,0,18,0,8,0,0,0,0,1,1,6,1,35,6,2993,2,9,5,1,5
2017430374285,2,9,0,18,0,8,0,0,0,0,4,1,6,2,40,7,1197,1,-1,10,1,10
2017430374341,1,9,0,18,0,0,0,0,0,0,1,1,6,3,-1,-1,1598,1,16,-1,-1,-1
2017430374341,2,9,0,18,0,0,0,0,0,0,1,1,6,1,32,6,1240,1,12,-1,-1,-1
2017430374389,1,9,0,18,0,1,1,0,0,0,1,1,1,1,36,7,1968,2,1,6,1,6
2017430374389,2,9,0,18,0,1,0,0,0,0,2,1,1,1,47,8,973,1,14,6,1,6
2017430374462,1,19,0,18,0,1,0,0,0,0,1,1,6,1,40,7,2143,2,3,-1,-1,-1
2017430374462,2,9,0,3,0,1,0,0,0,0,2,1,6,1,59,9,-1,-1,-1,7,1,7
2017430374508,1,9,0,18,0,8,0,0,0,0,1,1,6,2,-1,-1,1896,2,18,3,1,3
2017430374508,2,9,0,18,0,8,0,0,0,0,3,1,1,1,51,8,1968,2,2,3,1,3
2017430374764,1,19,0,18,0,8,0,0,0,0,1,1,1,1,19,4,1560,2,1,8,1,8
2017430374764,2,9,0,18,0,8,0,0,0,0,3,1,3,2,67,10,1242,1,7,9,3,9
2017430375017,1,21,1,11,0,0,0,0,0,0,1,1,1,1,49,8,11705,2,9,9,3,9
2017430375017,2,9,0,3,0,0,0,0,0,0,2,1,2,1,26,6,-1,-1,-1,3,1,3
2017430375017,3,9,0,3,0,0,0,0,0,0,1,1,2,2,62,9,1984,1,11,8,1,8
2017430375017,4,9,0,3,0,0,0,0,1,7,2,1,6,1,47,8,1796,1,9,10,1,10
2017430375251,1,19,0,18,0,1,0,0,0,0,1,1,6,1,47,8,1560,2,3,8,3,8
2017430375251,2,9,0,3,0,1,0,0,0,0,2,1,6,2,41,7,1968,2,10,10,1,10
2017430375336,1,8,0,3,0,0,0,0,0,0,2,1,6,1,-1,-1,-1,-1,-1,-1,-1,-1
2017430375336,2,9,0,3,0,0,0,0,0,0,1,1,6,1,44,7,1686,2,9,5,1,5
2017430375358,1,9,0,7,0,4,0,0,0,0,1,1,6,2,40,7,1595,1,7,9,1,9
2017430375358,2,1,0,18,0,8,0,0,0,0,4,1,6,1,29,6,-1,-1,-1,-1,-1,-1
2017430375400,1,19,0,6,0,0,0,0,0,0,1,1,6,1,40,7,2198,2,4,-1,-1,-1
2017430375400,2,3,0,18,0,0,0,0,0,0,3,1,6,1,33,6,125,1,3,4,1,4
2017430375485,1,9,0,18,0,0,0,0,7,11,1,1,6,1,22,5,1968,2,7,5,1,5
2017430375648,1,9,0,4,0,1,0,0,0,0,1,1,6,2,35,6,-1,-1,-1,-1,-1,-1
2017430375976,1,9,0,18,0,0,0,4,1,2,1,1,6,2,80,11,1798,8,5,10,1,10
2017430375976,2,21,0,2,0,0,0,0,0,0,2,1,1,1,37,7,6728,2,2,-1,-1,-1
2017430376486,1,9,0,18,0,8,0,0,0,0,3,1,6,1,22,5,1598,1,15,7,1,7
2017430376486,2,21,0,18,0,8,0,0,0,0,4,1,1,1,53,8,12780,2,-1,9,2,9
2017430376489,1,9,0,18,0,0,0,0,0,0,1,1,6,1,76,11,2996,1,8,9,3,9
2017430376489,2,9,0,18,0,0,0,0,1,0,1,1,6,2,52,8,1197,1,2,3,1,3
2017430376502,1,9,0,18,0,1,0,0,0,0,2,1,6,1,28,6,-1,-1,-1,9,1,9
2017430376502,2,9,0,18,0,1,0,0,0,0,2,1,6,2,35,6,1995,2,9,10,1,10
2017430376512,1,11,0,5,8,2,0,0,0,0,0,1,1,1,28,6,4500,2,6,9,1,9
2017430376514,1,9,0,9,9,2,0,0,1,0,1,1,6,3,-1,-1,1596,1,14,8,2,8
2017430376523,1,9,0,16,0,0,1,0,0,0,4,1,6,1,60,9,1685,2,3,10,3,10
2017430376523,2,9,0,17,0,0,0,0,1,9,3,1,1,2,60,9,1368,1,8,7,3,7
2017430376535,1,9,0,18,0,4,0,0,0,0,3,1,2,1,24,5,-1,-1,-1,-1,-1,-1
2017430376535,2,1,0,18,0,8,0,0,0,0,1,1,2,2,24,5,-1,-1,-1,3,1,3
2017430376553,1,9,0,14,0,1,0,0,0,0,1,1,6,1,65,9,1395,1,4,-1,-1,-1
2017430376557,1,9,0,18,0,1,0,0,0,0,3,1,6,1,32,6,2521,1,7,9,1,9
2017430376557,2,9,0,9,0,1,0,0,0,0,1,1,6,1,30,6,-1,-1,-1,7,1,7
2017430376557,3,9,0,9,0,1,0,0,0,0,3,1,6,2,39,7,1598,1,6,9,1,9
2017430376572,1,9,0,9,0,3,0,0,0,0,1,1,6,1,-1,-1,1598,2,4,5,1,5
2017430376574,1,9,0,17,0,0,1,0,7,4,4,1,6,2,55,8,1388,1,14,8,3,8
2017430376576,1,9,0,9,0,2,0,0,0,0,1,1,1,2,40,7,1360,1,13,3,1,3
2017430376576,2,1,0,18,0,2,0,0,0,0,2,1,6,1,30,6,-1,-1,-1,3,1,3
2017430376592,1,9,0,11,0,0,0,0,1,0,4,1,6,1,32,6,1999,2,-1,-1,-1,-1
2017430376592,2,9,0,18,0,0,0,0,1,0,3,1,6,2,29,6,1299,1,8,10,3,10
2017430376599,1,9,0,18,0,8,0,0,0,0,1,1,6,3,-1,-1,-1,-1,-1,-1,-1,-1
2017430376608,1,5,0,4,0,0,0,0,0,0,1,1,6,1,52,8,-1,-1,-1,-1,1,-1
2017430376608,2,8,0,4,0,0,0,0,0,0,2,1,1,1,42,7,2143,2,1,4,1,4
2017430376612,1,9,0,15,4,1,0,0,0,0,4,1,6,2,-1,-1,-1,-1,-1,-1,-1,-1
2017430376612,2,1,0,18,4,1,0,0,0,0,3,1,2,1,32,6,-1,-1,-1,9,3,9
2017430376628,1,9,0,18,0,0,0,0,0,0,1,1,1,1,25,5,1560,2,4,6,3,6
2017430376628,2,9,0,4,0,0,0,0,0,0,2,1,2,1,54,8,1560,2,9,10,2,10
2017430376628,3,9,0,4,0,0,0,0,0,0,2,1,6,1,46,8,2199,2,4,-1,-1,-1
2017430376652,1,9,0,18,0,0,0,0,0,0,1,1,6,1,-1,-1,-1,-1,-1,-1,-1,-1
2017430376652,2,9,0,18,0,0,0,0,0,0,2,1,6,2,44,7,1199,1,14,4,1,4
2017430376658,1,9,0,18,0,1,0,0,0,0,1,1,2,2,66,10,1969,2,2,8,3,8
2017430376670,1,9,0,18,0,1,0,0,0,0,1,1,6,1,30,6,1399,1,-1,-1,-1,-1
2017430376704,1,9,0,18,0,0,0,0,0,0,1,1,6,1,26,6,2987,2,10,8,1,8
2017430376742,1,9,0,18,0,0,1,0,0,0,1,1,6,2,18,4,1197,1,-1,-1,-1,-1
2017430376742,2,9,0,2,0,0,0,0,0,0,4,1,6,3,44,7,-1,-1,-1,7,1,7
2017430376811,1,9,0,18,0,2,0,0,0,0,0,1,6,3,-1,-1,-1,-1,-1,-1,-1,-1
2017430376811,2,5,0,18,0,1,0,0,0,0,0,1,6,1,50,8,865,1,2,10,3,10
2017430376838,1,9,0,18,0,6,0,0,0,0,1,1,6,2,34,6,998,1,4,3,1,3
2017430376838,2,9,0,3,0,6,0,0,0,0,2,1,6,1,61,9,1398,2,12,9,1,9
2017430377044,1,9,0,18,0,0,1,0,0,0,1,1,6,1,72,10,1499,8,3,9,1,9
2017430377044,2,9,0,4,0,0,0,0,0,0,2,1,6,1,46,8,1968,2,7,1,1,1
2017430377594,1,9,0,9,0,5,0,0,0,0,3,1,6,2,38,7,1956,2,4,7,3,7
2017430377594,2,1,0,10,0,1,0,0,0,0,3,1,6,1,16,4,-1,-1,-1,8,1,8
2017430377642,1,9,0,4,0,0,1,0,0,0,1,1,3,2,36,7,2143,2,5,-1,-1,-1
2017430377642,2,9,0,3,0,0,0,0,0,0,2,1,3,2,44,7,1968,2,3,-1,-1,-1
2017430377653,1,9,0,18,0,0,2,0,7,9,0,1,6,2,76,11,1968,2,11,8,2,8
2017430377683,1,19,0,7,0,1,0,0,0,0,4,1,6,1,-1,-1,2198,2,1,-1,-1,-1
2017430377683,2,1,0,15,0,1,0,0,0,0,1,1,2,1,26,6,-1,-1,-1,3,1,3
2017430377684,1,9,0,13,0,0,1,0,0,0,1,1,6,1,38,7,-1,-1,-1,-1,-1,-1
2017430377684,2,9,0,4,0,0,0,0,0,0,3,1,6,1,41,7,1399,2,10,10,1,10
2017430377730,1,9,0,1,0,1,0,0,0,0,2,1,1,1,40,7,2199,2,5,9,1,9
2017430377730,2,9,0,18,0,1,0,0,5,6,1,1,6,2,27,6,998,1,17,5,1,5
2017430377730,3,19,0,2,0,1,0,0,0,0,0,1,1,1,-1,-1,6700,2,2,-1,-1,-1
2017430377782,1,9,0,9,0,5,0,0,1,0,4,1,6,1,72,10,1998,1,22,-1,-1,-1
2017430377782,2,9,0,18,0,8,0,0,0,0,1,1,6,2,25,5,-1,-1,-1,-1,-1,-1
2017430377966,1,9,0,16,0,0,1,0,1,9,1,1,6,1,85,11,2179,2,7,7,3,7
2017430377966,2,21,0,2,0,0,0,0,0,0,2,1,1,1,57,9,10518,2,3,10,3,10
2017430377966,3,21,0,17,0,0,0,0,0,0,1,1,1,1,49,8,12809,2,3,2,1,2
2017430378142,1,9,0,18,0,0,1,4,7,4,1,1,6,1,46,8,1364,1,8,-1,-1,-1
2017430378142,2,19,0,5,0,0,0,0,0,0,0,1,6,1,46,8,1995,2,-1,-1,-1,-1
2017430378142,3,9,0,2,0,0,0,0,0,0,1,1,6,3,-1,-1,2143,2,2,-1,-1,-1
2017430378772,1,19,0,7,0,8,0,0,0,0,4,1,1,1,28,6,-1,-1,-1,9,1,9
2017430378772,2,9,0,18,0,8,0,0,0,0,3,1,6,1,87,11,1590,1,12,10,1,10
2017430378814,1,9,0,18,0,1,0,0,0,0,1,1,3,2,32,6,1397,1,6,7,1,7
2017430378816,1,9,0,9,0,6,0,0,0,0,1,1,6,2,74,10,1396,1,13,7,1,7
2017430378816,2,9,0,18,0,1,0,0,0,0,4,1,6,2,32,6,2000,1,23,9,1,9
2017430378840,1,9,0,18,0,2,0,0,0,0,4,1,6,2,69,10,2688,2,15,-1,-1,-1
2017430378840,2,21,0,2,0,2,0,0,0,0,3,1,1,1,41,7,12882,2,8,5,1,5
2017430378854,1,9,0,18,0,0,2,0,7,0,1,1,2,2,48,8,1591,1,2,8,1,8
2017430378918,1,9,0,9,0,4,0,0,0,0,3,1,1,1,60,9,-1,-1,-1,8,1,8
2017430378918,2,3,0,18,0,8,1,0,0,0,1,1,1,1,18,4,125,1,-1,3,1,3
2017430378918,3,19,0,7,0,4,0,0,0,0,0,1,6,3,-1,-1,-1,-1,-1,-1,-1,-1
2017430378927,1,9,0,18,0,0,0,0,0,0,1,1,6,3,-1,-1,-1,-1,-1,-1,-1,-1
2017430378951,1,9,0,6,0,0,0,0,0,0,1,1,6,1,-1,-1,-1,-1,-1,-1,-1,-1
2017430378951,2,9,0,18,0,0,0,0,0,0,4,1,6,2,32,6,-1,-1,-1,7,1,7
2017430378952,1,3,0,17,0,0,1,0,0,0,0,1,6,1,28,6,125,1,3,9,2,9
2017430378972,1,9,0,18,0,0,0,0,0,0,1,1,6,2,-1,-1,1598,1,6,10,1,10
2017430379021,1,9,0,18,0,1,1,0,0,0,1,1,6,1,46,8,1598,1,15,3,1,3
2017430379021,2,9,0,18,0,8,0,0,0,0,2,1,6,2,25,5,1968,2,12,4,1,4
2017430379072,1,9,0,17,0,0,1,0,7,11,1,1,2,1,28,6,1686,2,14,9,1,9
2017430379118,1,9,0,16,0,0,1,0,0,0,1,1,2,1,40,7,1799,1,10,-1,-1,-1
2017430379118,2,9,0,17,0,0,1,0,1,9,1,1,2,2,22,5,1149,1,5,-1,-1,-1
2017430379155,1,9,0,18,0,0,1,0,0,0,2,1,6,1,67,10,1791,8,5,10,1,10
2017430379155,2,19,0,18,0,0,1,0,0,0,1,2,6,1,28,6,-1,-1,-1,-1,-1,-1
2017430379166,1,19,0,1,0,8,0,0,0,0,2,1,6,3,-1,-1,1753,2,7,-1,-1,-1
2017430379166,2,9,0,18,0,8,0,0,0,0,3,1,6,1,74,10,1796,1,4,4,1,4
2017430379555,1,9,0,9,0,4,0,0,0,0,1,1,6,1,52,8,1997,2,9,4,1,4
2017430379555,2,1,0,18,0,8,0,0,0,0,4,1,2,1,23,5,-1,-1,-1,8,1,8
2017430379795,1,9,0,18,0,0,1,0,4,6,3,1,6,1,26,6,1995,1,6,7,1,7
2017430379819,1,9,0,18,0,1,0,0,0,0,1,1,6,2,46,8,1560,2,8,-1,-1,-1
2017430379819,2,9,0,10,0,1,0,0,0,0,2,1,3,2,44,7,-1,-1,-1,8,1,8
2017430380836,1,9,0,18,0,8,0,0,0,1,1,1,6,1,59,9,2996,1,11,10,1,10
2017430380836,2,9,0,9,0,5,0,0,0,0,4,1,6,2,18,4,998,1,12,5,1,5
2017430381293,1,9,0,18,0,0,0,0,0,0,1,1,6,2,63,9,-1,-1,-1,6,3,6
2017430381293,2,9,0,18,0,0,0,0,1,0,1,1,6,1,37,7,1396,1,13,8,1,8
2017430381894,1,9,0,17,0,0,5,0,1,0,1,1,6,2,20,4,1599,1,14,10,1,10
2017430381909,1,9,0,17,0,0,1,0,1,9,1,1,2,2,27,6,1998,1,1,9,1,9
2017430381923,1,19,0,18,0,0,1,0,0,0,1,1,1,1,40,7,1560,2,2,6,1,6
2017430381923,2,9,0,3,0,0,0,0,0,0,2,1,6,2,34,6,1598,1,10,4,1,4
2017430381923,3,9,0,3,0,0,0,0,0,0,2,1,6,1,37,7,-1,-1,-1,2,1,2
2017430381926,1,9,0,18,0,0,5,0,0,0,0,1,6,2,38,7,1997,1,15,6,1,6
2017430381931,1,9,0,7,0,5,1,0,1,1,1,1,6,2,36,7,1796,1,8,10,1,10
2017430381942,1,9,0,18,0,0,0,0,0,0,1,1,6,1,46,8,1796,1,8,-1,-1,-1
2017430381942,2,9,0,3,0,0,0,0,0,0,2,1,2,2,29,6,1560,2,10,-1,-1,-1
2017430381942,3,9,0,3,0,0,0,0,0,0,2,1,2,1,45,7,-1,-1,-1,-1,-1,-1
2017430381968,1,2,0,4,0,1,1,0,0,0,3,1,2,1,16,4,49,1,2,5,3,5
2017430381977,1,19,0,9,0,1,0,0,7,11,2,1,2,1,55,8,1753,2,12,3,1,3
2017430381977,2,9,0,18,0,1,0,0,1,0,1,1,2,1,26,6,1968,2,6,6,1,6
2017430381984,1,9,0,16,0,0,2,0,1,0,2,1,2,2,25,5,-1,-1,-1,-1,-1,-1
2017430382008,1,9,0,17,0,0,2,0,7,9,1,1,2,2,52,8,1598,1,13,10,1,10
2017430382011,1,9,0,17,0,0,2,0,0,0,3,1,6,1,67,10,1998,1,12,7,3,7
2017430382348,1,9,0,17,0,0,0,0,1,0,2,1,6,1,37,7,1794,1,13,6,3,6
2017430382377,1,9,0,4,0,8,0,0,0,0,1,1,2,1,29,6,1997,2,5,-1,-1,-1
2017430382377,2,19,0,4,0,8,0,0,0,0,2,1,6,1,63,9,-1,-1,-1,6,1,6
2017430382377,3,9,0,4,0,8,0,0,0,0,2,1,2,2,32,6,2401,2,15,-1,-1,-1
2017430382391,1,19,0,12,0,6,0,0,0,0,1,1,1,1,46,8,2198,2,2,7,1,7
2017430382391,2,9,0,12,0,6,0,0,1,9,2,1,2,1,48,8,-1,-1,-1,6,1,6
2017430382657,1,9,0,18,0,8,0,0,0,0,1,1,6,1,41,7,1794,1,13,7,1,7
2017430382657,2,9,0,9,0,6,0,0,0,0,1,1,6,1,25,5,1596,1,11,8,1,8
2017430382660,1,9,0,18,0,1,0,0,0,0,1,1,6,2,32,6,1595,1,-1,-1,-1,-1
2017430382664,1,9,0,18,0,0,0,4,0,0,1,1,6,1,58,9,998,1,18,10,2,10
2017430382679,1,8,0,18,0,6,0,0,0,0,1,1,6,1,35,6,-1,-1,-1,-1,-1,-1
2017430382679,2,9,0,18,0,1,2,0,0,0,4,1,6,2,27,6,1598,1,12,1,1,1
2017430382682,1,19,0,1,0,0,0,0,0,0,2,1,1,1,29,6,1995,2,-1,7,2,7
2017430382687,1,2,0,18,0,0,1,0,0,0,4,1,6,1,18,4,50,1,1,6,3,6
2017430382698,1,1,0,18,0,0,0,0,0,0,0,1,6,2,50,8,-1,-1,-1,9,1,9
2017430382698,2,9,0,18,0,0,0,0,0,0,0,1,6,3,-1,-1,-1,-1,-1,-1,-1,-1
2017430382705,1,9,0,2,0,0,0,0,0,0,3,1,6,1,-1,-1,-1,-1,-1,-1,-1,-1
2017430382705,2,1,0,14,0,0,0,8,0,0,1,1,6,1,40,7,-1,-1,-1,7,1,7
2017430382710,1,1,0,18,0,0,0,0,0,0,3,1,1,1,18,4,-1,-1,-1,2,1,2
2017430382710,2,9,0,18,0,0,0,0,0,0,1,1,1,2,56,9,1986,2,10,9,1,9
2017430382722,1,9,0,18,0,0,1,0,0,0,1,1,2,1,26,6,1398,2,7,5,1,5
2017430382722,2,9,0,3,0,0,0,0,0,0,2,1,1,1,30,6,998,1,4,6,1,6
2017430382732,1,5,0,18,0,8,1,0,7,0,1,1,1,1,39,7,-1,-1,-1,10,1,10
2017430382732,2,9,0,9,0,5,2,0,7,0,4,1,6,2,34,6,998,1,-1,10,1,10
2017430382765,1,9,0,18,0,4,0,0,0,0,3,1,6,2,41,7,1685,2,1,6,2,6
2017430382765,2,5,0,9,0,8,0,0,0,0,1,1,6,1,30,6,998,1,-1,1,1,1
2017430382817,1,10,0,18,0,0,0,0,1,4,1,1,6,1,-1,-1,-1,-1,-1,-1,-1,-1
2017430383202,1,9,0,18,0,1,0,0,0,0,1,1,6,2,33,6,1124,1,16,5,1,5
2017430383237,1,9,0,17,0,0,0,0,7,9,4,1,6,1,41,7,1587,1,12,5,2,5
2017430383254,1,9,0,17,0,0,1,0,1,0,4,1,2,2,28,6,1229,1,9,8,2,8
2017430383488,1,9,0,17,0,8,1,0,1,11,1,1,6,2,30,6,1499,1,-1,10,1,10
2017430383500,1,19,0,18,0,0,0,0,0,0,4,1,6,3,-1,-1,-1,-1,-1,-1,-1,-1
2017430383506,1,9,0,18,0,0,0,0,2,10,3,1,2,1,49,8,1998,1,14,7,2,7
2017430383506,2,21,0,18,0,0,0,0,0,0,4,1,1,1,47,8,12742,2,-1,8,1,8
2017430383507,1,9,0,17,0,0,1,4,0,0,1,1,1,1,51,8,-1,-1,-1,1,1,1
2017430383507,2,9,0,16,0,0,0,0,0,0,3,1,2,1,30,6,1199,1,14,7,1,7
2017430383507,3,9,0,2,0,0,0,0,0,0,1,1,6,3,41,7,1984,1,12,9,1,9
2017430383525,1,9,0,18,0,0,1,0,0,0,2,1,1,2,46,8,1248,2,4,9,1,9
2017430383525,2,19,0,18,0,0,1,0,0,0,1,1,2,1,49,8,1399,2,7,2,1,2
2017430383526,1,9,0,9,0,5,0,0,0,0,4,1,6,2,83,11,1229,1,8,10,1,10
2017430383526,2,9,0,18,0,1,0,0,0,0,1,1,2,1,26,6,1396,1,15,5,1,5
2017430383603,1,9,0,11,0,0,0,0,1,7,1,1,6,2,57,9,1461,2,8,4,1,4
2017430383603,2,9,0,18,0,0,0,0,0,0,2,1,6,1,48,8,2290,1,12,7,3,7
2017430384287,1,5,0,12,0,0,0,0,0,0,1,1,6,1,23,5,1250,1,5,4,1,4
2017430384287,2,19,0,12,0,0,0,0,0,0,3,1,1,1,42,7,2198,2,2,5,1,5
2017430384320,1,5,0,18,0,1,0,0,0,0,1,1,6,1,-1,-1,599,1,19,-1,-1,-1
2017430384320,2,1,0,10,0,1,0,0,0,0,2,1,6,1,45,7,-1,-1,-1,9,1,9
2017430384347,1,9,0,18,0,3,0,0,0,0,1,1,6,2,60,9,2179,2,2,9,1,9
2017430384347,2,9,0,18,0,3,0,0,0,0,2,1,6,1,37,7,1896,2,11,4,1,4
2017430384362,1,9,0,18,0,1,0,0,0,0,1,1,6,2,18,4,1596,1,9,-1,-1,-1
2017430384362,2,9,0,10,0,1,0,0,0,0,2,1,6,2,22,5,1364,2,12,-1,-1,-1
2017430384463,1,9,0,7,0,6,0,0,0,0,3,1,6,2,49,8,1339,1,8,8,3,8
2017430384463,2,9,0,18,0,1,0,0,0,0,1,1,6,1,69,10,-1,-1,-1,8,1,8
2017430533999,1,9,0,9,0,6,0,0,0,0,1,1,2,1,38,7,2143,2,4,9,1,9
2017430533999,2,90,0,18,0,8,0,0,0,0,1,1,1,2,30,6,2987,2,6,-1,-1,-1
2017430677777,1,9,0,18,0,0,0,0,0,0,1,1,6,1,26,6,1498,1,12,-1,-1,-1
2017430677777,2,9,0,4,0,0,0,0,0,0,2,1,6,2,21,5,998,1,3,-1,-1,-1
2017430931903,1,9,0,9,0,5,0,0,0,0,1,1,6,2,43,7,1598,1,11,9,2,9
2017430931903,2,9,0,9,0,6,0,0,0,0,1,1,6,1,55,8,1560,2,13,2,1,2
2017431748247,1,9,0,4,0,0,0,0,0,0,1,1,6,1,23,5,1061,1,12,4,1,4
2017431748247,2,19,0,3,0,0,0,0,0,0,2,1,1,1,60,9,1598,2,2,10,1,10
2017434001557,1,9,0,16,0,0,2,0,1,9,1,1,2,2,21,5,-1,-1,-1,6,3,6