Accident_Index,Vehicle_Reference,Vehicle_Type,Towing_and_Articulation,Vehicle_Manoeuvre,Vehicle_Location-Restricted_Lane,Junction_Location,Skidding_and_Overturning,Hit_Object_in_Carriageway,Vehicle_Leaving_Carriageway,Hit_Object_off_Carriageway,1st_Point_of_Impact,Was_Vehicle_Left_Hand_Drive?,Journey_Purpose_of_Driver,Sex_of_Driver,Age_of_Driver,Age_Band_of_Driver,Engine_Capacity_(CC),Propulsion_Code,Age_of_Vehicle,Driver_IMD_Decile,Driver_Home_Area_Type,Vehicle_IMD_Decile
2017434003061,1,1,0,18,0,1,0,0,0,0,1,1,2,1,50,8,-1,-1,-1,10,2,10
2017434003061,2,9,0,2,0,1,0,0,0,0,2,1,6,3,-1,-1,-1,-1,-1,-1,-1,-1
2017437031709,1,2,0,4,0,2,1,0,0,0,0,1,6,1,16,4,49,1,2,7,3,7
2017437376768,1,8,0,9,0,6,0,0,0,0,1,1,1,1,51,8,1797,8,2,9,2,9
2017439991000,1,9,0,18,0,1,1,0,0,0,1,1,6,1,39,7,1968,2,10,-1,-1,-1
2017439991000,2,9,0,3,0,1,0,0,0,0,2,1,2,1,48,8,1968,2,2,8,1,8
2017439991000,3,9,0,10,0,1,0,0,0,0,2,1,1,2,36,7,1198,1,5,-1,-1,-1
2017440000209,1,8,0,18,0,1,0,0,0,0,1,1,1,1,59,9,1560,2,7,4,1,4
2017440000212,1,9,0,4,0,1,0,0,0,0,1,1,6,2,70,10,1498,1,18,8,1,8
2017440000385,1,9,0,16,0,0,2,0,7,4,1,1,6,1,21,5,1397,1,6,8,3,8
2017440000539,1,9,0,18,0,8,0,0,0,2,4,1,6,3,-1,-1,1998,1,14,-1,-1,-1
2017440000539,2,9,0,2,0,8,0,0,8,2,2,1,6,3,-1,-1,1560,2,6,-1,-1,-1
2017440000610,1,9,0,18,0,0,0,0,0,0,4,1,6,3,-1,-1,1461,2,10,-1,-1,-1
2017440000610,2,1,0,18,0,0,0,0,0,0,3,1,6,1,36,7,-1,-1,-1,5,1,5
2017440001153,1,9,0,17,0,0,2,0,1,4,1,1,6,1,20,4,1360,1,13,9,3,9
2017440001334,1,9,0,10,0,6,0,0,0,0,1,1,2,2,-1,-1,1242,1,6,3,1,3
2017440001334,2,1,0,18,0,1,1,0,0,0,1,1,6,2,63,9,-1,-1,-1,6,1,6
2017440001484,1,9,0,13,0,0,0,0,0,0,2,1,6,1,33,6,1995,2,14,7,1,7
2017440001484,2,9,0,13,0,0,0,0,0,0,1,1,6,1,54,8,1796,1,18,6,3,6
2017440001617,1,9,0,3,0,0,0,0,0,0,2,1,6,2,20,4,998,1,10,9,1,9
2017440001617,2,9,0,3,0,0,0,0,0,0,2,1,6,1,34,6,1997,2,11,9,1,9
2017440001617,3,9,0,4,0,0,0,0,0,0,1,1,6,1,19,4,998,1,13,-1,-1,-1
2017440001722,1,9,0,16,0,0,0,0,8,3,1,1,6,2,30,6,1598,1,14,2,1,2
2017440001905,1,9,0,18,0,0,1,0,7,11,1,1,6,1,22,5,1596,1,10,2,1,2
2017440002048,1,19,0,5,0,8,0,0,0,0,4,1,2,2,36,7,-1,-1,-1,10,1,10
2017440002048,2,1,0,18,0,8,0,0,0,0,2,1,6,1,49,8,-1,-1,-1,7,3,7
2017440002082,1,9,0,9,0,1,1,0,1,0,3,1,2,1,50,8,1461,2,3,9,2,9
2017440002082,2,21,0,18,0,8,0,0,0,0,1,1,1,1,50,8,11946,2,4,3,1,3
2017440002213,1,9,0,7,0,1,0,0,0,0,2,1,2,1,22,5,1248,2,8,8,3,8
2017440002213,2,21,0,4,0,1,0,0,0,0,1,1,6,3,-1,-1,11946,2,8,-1,-1,-1
2017440002375,1,9,0,16,0,0,2,0,0,0,1,1,6,1,75,10,1339,1,12,5,3,5
2017440002499,1,19,0,16,0,0,0,4,0,0,1,1,1,1,28,6,1968,2,2,10,1,10
2017440002499,2,19,0,2,0,0,0,0,0,0,1,1,1,1,53,8,1686,2,16,10,1,10
2017440002537,1,9,0,12,0,8,0,0,0,0,3,1,6,2,-1,-1,1998,1,15,4,1,4
2017440002537,2,3,0,13,0,8,0,0,0,0,4,1,2,1,19,4,124,1,3,6,1,6
2017440002554,1,9,0,18,0,8,0,0,0,0,3,1,6,2,23,5,1242,1,7,10,1,10
2017440002554,2,9,0,11,0,8,0,0,0,0,4,1,6,3,-1,-1,999,1,1,-1,-1,-1
2017440002638,1,19,0,18,0,8,0,0,0,0,1,1,1,1,43,7,1598,2,2,4,1,4
2017440002638,2,9,0,18,0,8,0,0,0,0,1,1,6,2,74,10,1560,2,1,9,1,9
2017440002658,1,9,0,16,0,8,2,0,1,0,3,1,6,2,19,4,995,1,13,10,2,10
2017440002658,2,9,0,5,0,6,0,0,0,0,1,1,6,2,20,4,1391,1,17,10,1,10
2017440002778,1,9,0,18,0,8,0,0,0,0,4,1,6,1,57,9,1997,2,4,6,2,6
2017440002778,2,9,0,9,0,8,0,0,0,0,1,1,6,1,29,6,1349,1,8,10,1,10
2017440002887,1,9,0,4,0,1,0,0,0,0,2,1,6,1,25,5,-1,-1,-1,5,1,5
2017440002887,2,9,0,4,0,1,0,0,0,0,2,1,6,2,19,4,998,1,12,6,1,6
2017440002887,3,9,0,4,0,1,0,0,0,0,2,1,6,2,50,8,5439,1,12,10,2,10
2017440002887,4,9,0,4,0,1,0,0,0,0,2,1,6,2,52,8,1497,8,7,7,2,7
2017440002887,5,9,0,4,0,1,0,0,0,0,1,1,6,2,19,4,1422,2,1,10,1,10
2017440002908,1,9,0,9,0,6,0,0,0,0,1,1,6,2,-1,-1,1796,1,3,-1,-1,-1
2017440002908,2,9,0,18,0,8,0,0,0,0,1,1,6,2,45,7,1994,1,13,10,1,10
2017440002965,1,9,0,5,0,4,0,0,0,0,1,1,6,1,66,10,1591,1,6,10,1,10
2017440002965,2,1,0,18,0,8,0,0,0,0,1,1,6,1,20,4,-1,-1,-1,10,1,10
2017440002978,1,9,0,18,0,8,0,0,0,0,3,1,6,2,56,9,998,1,17,6,1,6
2017440002978,2,9,0,18,0,8,0,0,0,0,3,1,6,2,73,10,1598,2,2,9,1,9
2017440003014,1,9,0,9,0,4,0,0,0,0,3,1,6,1,25,5,1229,1,9,-1,-1,-1
2017440003014,2,3,0,18,0,8,0,0,0,0,3,1,6,1,16,4,-1,-1,-1,6,1,6
2017440003043,1,9,0,18,0,2,0,0,0,0,3,1,6,2,-1,-1,1341,1,12,2,1,2
2017440003080,1,1,0,18,0,8,0,0,0,0,4,1,2,1,43,7,-1,-1,-1,7,1,7
2017440003080,2,9,0,7,0,6,0,0,0,0,1,1,6,3,-1,-1,-1,-1,-1,-1,-1,-1
2017440003094,1,20,0,9,0,8,0,0,0,0,1,1,6,1,57,9,-1,-1,-1,-1,-1,-1
2017440003094,2,8,0,18,0,8,0,0,0,0,1,1,6,1,38,7,1896,2,7,3,1,3
2017440003156,1,9,0,18,0,8,1,0,4,0,3,1,6,2,49,8,1597,2,4,8,1,8
2017440003156,2,9,0,9,0,8,1,0,0,0,1,1,6,1,23,5,1248,2,10,4,1,4
2017440003319,1,9,0,18,0,2,0,0,0,0,4,1,6,3,-1,-1,-1,-1,-1,-1,-1,-1
2017440003319,2,1,0,18,0,2,0,0,1,0,3,1,6,1,60,9,-1,-1,-1,10,2,10
2017440003320,1,9,0,4,0,0,0,0,1,4,2,1,2,1,40,7,-1,-1,-1,10,1,10
2017440003320,2,9,0,4,0,0,0,0,0,0,1,1,2,1,32,6,1248,2,6,10,1,10
2017440003422,1,9,0,18,0,6,0,0,3,9,1,1,2,2,25,5,-1,-1,-1,8,1,8
2017440003422,2,9,0,18,0,8,0,0,7,0,4,1,1,2,41,7,1796,1,10,9,1,9
2017440003588,1,9,0,9,0,5,0,0,0,0,1,1,6,2,71,10,1396,1,19,5,3,5
2017440003588,2,9,0,18,0,8,0,0,1,11,3,1,6,1,74,10,1200,1,2,5,3,5
2017440003680,1,9,0,5,0,1,0,0,0,0,1,1,6,1,83,11,1798,1,12,7,1,7
2017440003680,2,9,0,18,0,8,0,0,0,0,1,1,6,1,40,7,1248,2,7,8,2,8
2017440003682,1,19,0,18,0,0,0,0,1,4,1,1,1,1,47,8,2148,2,11,9,1,9
2017440003838,1,9,0,13,0,0,0,0,7,0,1,1,6,1,21,5,998,1,3,5,1,5
2017440003838,2,9,0,18,0,0,0,0,1,0,1,1,6,2,32,6,1496,2,2,5,1,5
2017440003838,3,90,0,3,0,0,0,0,0,0,0,1,1,1,31,6,6370,2,6,6,1,6
2017440003978,1,9,0,9,0,8,0,0,0,0,1,1,6,1,58,9,1988,1,16,2,1,2
2017440003978,2,9,0,18,0,8,0,0,0,0,4,1,6,1,58,9,2987,2,12,10,1,10
2017440004007,1,9,0,18,0,0,0,0,0,0,0,1,6,2,74,10,1386,1,11,10,1,10
2017440004117,1,9,0,7,0,6,0,0,0,0,0,1,6,3,-1,-1,-1,-1,-1,-1,-1,-1
2017440004117,2,9,0,18,0,1,0,0,7,9,1,1,6,1,60,9,3960,1,20,10,1,10
2017440004117,3,9,0,18,0,1,0,0,0,0,1,1,6,1,81,11,1199,1,16,10,2,10
2017440004210,1,9,0,18,0,1,0,0,0,0,1,1,6,1,19,4,1390,1,16,10,1,10
2017440004210,2,9,0,5,0,1,0,0,0,0,1,1,2,1,32,6,1598,2,2,2,1,2
2017440004218,1,9,0,9,0,8,0,0,0,0,1,1,2,2,59,9,996,1,4,2,1,2
2017440004218,2,9,0,18,0,8,0,0,0,0,1,1,2,2,50,8,-1,-1,-1,5,1,5
2017440004296,1,9,0,16,0,4,1,0,0,0,3,1,2,2,37,7,1598,2,4,9,2,9
2017440004296,2,9,0,17,0,8,0,0,0,0,4,1,6,1,33,6,1896,2,9,9,3,9
2017440004446,1,9,0,9,0,8,0,0,0,0,3,1,6,3,-1,-1,-1,-1,-1,-1,-1,-1
2017440004446,2,3,0,18,0,8,1,0,0,0,1,1,6,1,21,5,125,1,3,6,1,6
2017440004477,1,5,0,18,0,0,1,0,0,0,4,1,6,1,31,6,599,1,16,3,1,3
2017440004667,1,9,0,18,0,8,0,0,0,0,4,1,6,2,37,7,1198,1,8,2,1,2
2017440004667,2,1,0,7,0,6,0,0,0,0,1,1,6,1,10,2,-1,-1,-1,4,1,4
2017440004673,1,9,0,9,0,8,0,0,0,0,1,1,6,1,17,4,1242,1,7,7,2,7
2017440004673,2,9,0,18,0,4,0,0,0,0,3,1,1,1,35,6,1975,1,13,6,1,6
2017440004708,1,9,0,7,0,3,0,0,1,0,1,1,1,2,53,8,1794,1,17,3,1,3
2017440004708,2,9,0,4,0,1,0,0,0,0,1,1,6,1,69,10,1686,2,3,3,1,3
2017440004725,1,9,0,9,0,1,0,0,0,0,1,1,6,1,53,8,1242,1,14,5,2,5
2017440004725,2,9,0,18,0,8,0,0,0,0,1,1,1,1,58,9,-1,-1,-1,7,3,7
2017440004740,1,3,0,18,0,0,0,0,0,0,0,1,2,2,23,5,124,1,4,2,1,2
2017440004740,2,9,0,6,0,0,0,0,0,0,0,1,6,3,-1,-1,-1,-1,-1,-1,-1,-1
2017440004752,1,9,0,5,0,4,0,0,0,0,2,1,6,2,17,4,998,1,1,10,1,10
2017440004752,2,9,0,5,0,4,0,0,0,0,1,1,6,1,-1,-1,2171,1,15,-1,-1,-1
2017440004790,1,19,0,18,0,8,0,0,0,0,1,1,1,1,28,6,1598,2,2,7,1,7
2017440004790,2,9,0,17,0,8,0,0,0,0,3,1,6,1,34,6,1598,2,2,4,1,4
2017440004917,1,9,0,10,0,1,0,0,0,0,1,1,6,2,50,8,2993,2,11,8,3,8
2017440004917,2,9,0,10,0,1,0,0,0,0,2,1,6,2,23,5,1587,1,18,8,3,8
2017440005033,1,9,0,18,0,8,0,0,0,0,4,1,2,2,44,7,1968,2,2,10,1,10
2017440005127,1,9,0,4,0,8,0,0,0,0,1,1,6,2,75,10,1587,1,14,9,1,9
2017440005127,2,9,0,5,0,1,0,0,0,0,4,1,6,2,30,6,1968,2,7,1,1,1
2017440005135,1,9,0,9,0,8,0,0,0,0,1,1,6,2,45,7,1991,2,10,9,3,9
2017440005135,2,1,0,18,0,8,0,0,0,0,1,1,6,1,62,9,-1,-1,-1,7,2,7
2017440005294,1,9,0,18,0,0,2,10,1,0,3,1,6,2,65,9,-1,-1,-1,7,1,7
2017440005294,2,9,0,5,0,0,0,4,0,0,1,1,6,2,82,11,1388,1,6,9,1,9
2017440005294,3,9,0,2,0,0,0,0,0,0,2,1,6,3,-1,-1,1995,2,10,-1,-1,-1
2017440005401,1,1,0,18,0,8,0,0,0,0,0,1,2,1,60,9,-1,-1,-1,5,1,5
2017440005424,1,9,0,14,0,0,0,0,0,0,1,1,6,1,72,10,1560,2,3,4,1,4
2017440005444,1,9,0,17,0,0,2,0,0,0,0,1,2,2,20,4,1360,1,14,4,2,4
2017440005601,1,9,0,18,0,0,0,0,0,0,1,1,6,1,42,7,1360,1,7,8,3,8
2017440005659,1,9,0,18,0,8,0,0,0,0,1,1,6,2,22,5,995,1,7,5,1,5
2017440005659,2,9,0,9,0,8,0,0,0,0,1,1,6,2,30,6,995,1,7,2,1,2
2017440005965,1,1,0,9,0,1,0,0,0,0,1,1,2,1,47,8,-1,-1,-1,8,1,8
2017440005965,2,9,0,18,0,6,0,0,0,0,3,1,1,3,-1,-1,-1,-1,-1,-1,-1,-1
2017440005986,1,3,0,18,0,0,0,4,0,0,1,1,2,1,46,8,125,1,1,-1,-1,-1
2017440005986,2,21,0,2,0,0,0,0,0,0,2,1,6,3,-1,-1,10518,2,5,-1,-1,-1
2017440006047,1,2,0,4,0,8,1,0,0,0,2,1,6,1,17,4,49,1,2,10,1,10
2017440006058,1,9,0,18,0,1,0,0,0,0,1,1,3,2,54,8,1199,2,5,4,1,4
2017440006178,1,5,0,5,0,8,1,0,0,0,4,1,2,1,39,7,500,1,11,4,1,4
2017440006178,2,9,0,17,0,8,0,0,0,0,0,1,6,3,-1,-1,-1,-1,-1,-1,-1,-1
2017440006203,1,9,0,18,0,1,0,0,0,0,1,1,6,2,47,8,1299,1,15,7,1,7
2017440006203,2,9,0,9,0,6,0,0,0,0,3,1,1,3,-1,-1,-1,-1,-1,-1,-1,-1
2017440006335,1,9,0,18,0,2,0,0,0,0,1,1,6,3,-1,-1,1198,1,11,-1,-1,-1
2017440006602,1,9,0,10,0,0,0,0,0,0,2,1,6,1,59,9,1796,1,12,3,1,3
2017440006602,2,9,0,18,0,0,0,0,0,0,1,1,3,1,29,6,1991,1,18,10,1,10
2017440006706,1,9,0,1,0,8,0,0,0,0,3,1,6,2,22,5,1390,1,14,6,1,6
2017440006706,2,19,0,7,0,8,0,0,0,0,1,1,6,1,-1,-1,1997,2,12,-1,-1,-1
2017440006768,1,9,0,2,0,0,0,0,0,0,0,1,6,1,64,9,1598,2,4,10,2,10
2017440006768,2,9,0,18,0,0,0,0,0,0,1,1,6,3,-1,-1,-1,-1,-1,-1,-1,-1
2017440006780,1,9,0,18,0,0,0,0,0,0,1,1,6,1,82,11,1339,1,4,9,2,9
2017440006780,2,9,0,3,0,0,0,0,0,0,2,1,6,1,58,9,1998,1,10,10,1,10
2017440006780,3,9,0,18,0,0,0,0,0,0,1,1,6,2,52,8,1598,1,10,3,1,3
2017440006842,1,3,0,18,0,8,0,0,0,0,1,1,6,1,19,4,125,1,3,4,1,4
2017440006842,2,9,0,5,0,8,0,0,0,0,3,1,6,1,-1,-1,-1,-1,-1,-1,-1,-1
2017440006869,1,3,0,17,0,8,0,0,0,0,4,1,6,1,21,5,124,1,9,5,1,5
2017440006869,2,19,0,5,0,8,0,0,0,0,3,1,6,1,26,6,1560,2,7,8,1,8
2017440006946,1,9,0,9,0,8,0,0,0,0,3,1,6,1,23,5,2996,1,10,10,2,10
2017440006946,2,1,0,18,0,8,0,0,0,0,1,1,6,1,18,4,-1,-1,-1,10,3,10
2017440006947,1,3,0,18,0,8,0,0,0,0,4,1,6,1,18,4,124,1,19,4,1,4
2017440006947,2,9,0,7,0,8,0,0,0,0,1,1,6,3,-1,-1,-1,-1,-1,-1,-1,-1
2017440006966,1,9,0,9,0,5,0,0,0,0,1,1,6,1,-1,-1,-1,-1,-1,-1,-1,-1
2017440007155,1,9,0,18,0,1,0,0,0,0,1,1,1,2,37,7,1997,2,16,6,1,6
2017440007603,1,9,0,16,0,8,0,0,0,0,1,1,6,1,19,4,1124,1,18,10,1,10
2017440007603,2,21,0,18,0,1,0,0,0,0,1,1,1,2,51,8,12777,2,5,8,3,8
2017440007826,1,9,0,16,0,0,1,0,7,0,1,1,6,1,80,11,1498,1,1,7,2,7
2017440007826,2,11,0,17,0,0,0,0,0,0,1,1,1,1,48,8,9000,2,9,-1,-1,-1
2017440007840,1,21,1,16,0,8,5,0,3,7,3,1,1,1,60,9,9290,2,6,9,1,9
2017440007841,1,9,0,4,0,8,0,0,0,0,2,1,6,1,60,9,2993,2,3,5,3,5
2017440007841,2,3,0,18,0,8,1,0,0,0,1,1,6,1,24,5,125,1,1,5,1,5
2017440007884,1,1,0,17,0,8,0,0,0,0,4,1,1,1,28,6,-1,-1,-1,4,1,4
2017440007884,2,19,0,17,0,4,0,0,0,0,3,1,6,3,-1,-1,-1,-1,-1,-1,-1,-1
2017440007962,1,9,0,17,0,0,1,0,7,1,4,1,6,1,20,4,1796,1,12,4,1,4
2017440008382,1,9,0,16,0,0,0,0,0,0,4,1,6,1,23,5,1400,1,18,6,1,6
2017440008769,1,9,0,7,0,4,0,0,0,0,1,1,6,2,48,8,1595,1,17,10,1,10
2017440008769,2,1,0,18,0,8,0,0,0,0,1,1,6,1,24,5,-1,-1,-1,10,1,10
2017440008875,1,3,0,18,0,4,0,0,0,0,2,1,1,1,24,5,-1,-1,-1,4,1,4
2017440008875,2,9,0,18,0,4,0,0,0,0,1,1,6,3,-1,-1,-1,-1,-1,-1,-1,-1
2017440008876,1,9,0,17,0,0,2,0,7,11,3,1,6,2,19,4,1061,1,12,5,1,5
2017440009046,1,1,0,18,0,0,0,0,0,0,2,1,6,1,18,4,-1,-1,-1,5,1,5
2017440009046,2,9,0,13,0,0,0,0,0,0,1,1,6,3,-1,-1,-1,-1,-1,-1,-1,-1
2017440009067,1,9,0,18,0,0,0,0,1,9,1,1,6,1,30,6,1995,2,9,1,1,1
2017440009071,1,9,0,18,0,6,0,0,1,11,4,1,6,2,25,5,1686,2,10,10,2,10
2017440009071,2,9,0,18,0,1,1,0,0,0,3,1,6,1,55,8,1999,1,6,6,1,6
2017440009439,1,9,0,4,0,1,0,0,0,0,1,1,1,1,63,9,-1,-1,-1,5,1,5
2017440009439,2,1,0,9,0,5,0,0,0,0,1,1,6,1,55,8,-1,-1,-1,4,1,4
2017440009479,1,9,0,5,0,4,0,0,0,0,1,1,2,1,58,9,1389,1,13,8,1,8
2017440009479,2,1,0,18,0,8,0,0,0,0,1,1,6,1,11,3,-1,-1,-1,8,1,8
2017440009880,1,9,0,18,0,1,0,0,0,0,4,1,2,1,28,6,1591,1,2,3,1,3
2017440010003,1,9,0,18,0,0,0,0,0,0,2,1,2,1,37,7,1242,1,14,1,1,1
2017440010003,2,9,0,18,0,0,0,0,0,0,1,1,2,3,-1,-1,2495,2,23,-1,-1,-1
2017440010045,1,1,0,18,0,1,0,0,0,0,3,1,1,1,25,5,-1,-1,-1,6,1,6
2017440010045,2,9,0,9,0,2,0,0,0,0,4,1,6,3,-1,-1,-1,-1,-1,-1,-1,-1
2017440010113,1,9,0,18,0,0,0,0,0,0,2,1,6,2,78,11,1598,1,14,5,1,5
2017440010113,2,9,0,18,0,0,1,0,0,0,1,1,6,2,47,8,1560,2,1,4,1,4
2017440010295,1,9,0,5,0,1,0,0,0,0,1,1,3,2,73,10,1248,1,3,8,1,8
2017440010295,2,9,0,10,0,8,0,0,0,0,1,1,2,1,53,8,2495,1,15,7,1,7
2017440010344,1,1,0,18,0,0,0,0,0,0,2,1,3,1,17,4,-1,-1,-1,8,1,8
2017440010344,2,1,0,18,0,0,0,0,0,0,1,1,4,1,16,4,-1,-1,-1,8,1,8
2017440010388,1,9,0,18,0,1,0,0,0,0,1,1,3,1,33,6,1956,2,5,5,1,5
2017440010388,2,9,0,4,0,1,0,0,0,0,2,1,1,1,19,4,1398,1,2,7,1,7
2017440010406,1,19,0,18,0,0,2,10,0,0,4,1,1,1,33,6,1248,2,11,7,1,7
2017440010406,2,9,0,18,0,0,1,0,0,0,1,1,1,2,60,9,1364,1,8,9,3,9
2017440010427,1,9,0,18,0,0,1,0,1,10,1,1,6,1,32,6,1598,1,5,8,1,8
2017440010427,2,9,0,2,0,0,0,0,0,0,2,1,6,3,-1,-1,1461,2,13,-1,-1,-1
2017440010441,1,9,0,18,0,1,0,0,0,0,1,1,2,1,61,9,1781,1,12,6,1,6
2017440010441,2,9,0,18,0,1,0,0,0,0,1,1,2,2,47,8,2231,2,11,9,2,9
2017440010465,1,21,0,11,0,8,0,0,0,0,1,1,1,1,59,9,12900,2,2,10,1,10
2017440010465,2,9,0,16,0,8,0,0,0,0,3,1,2,1,63,9,1598,2,2,1,1,1
2017440010473,1,9,0,9,0,8,0,0,0,0,0,1,6,1,39,7,-1,-1,-1,4,1,4
2017440010484,1,9,0,18,0,2,0,8,0,0,3,1,6,1,68,10,3956,1,18,2,1,2
2017440010484,2,9,0,2,0,2,0,0,0,0,3,1,6,2,21,5,1197,1,1,2,1,2
2017440010489,1,9,0,9,0,8,0,0,0,0,1,1,6,1,17,4,1242,1,9,5,1,5
2017440010567,1,9,0,9,0,8,0,0,0,0,1,1,6,1,79,11,1560,2,9,6,1,6
2017440010567,2,1,0,18,0,8,0,0,0,0,1,1,6,1,47,8,-1,-1,-1,6,1,6
2017440010585,1,97,0,18,0,8,0,0,0,0,1,1,6,3,-1,-1,-1,-1,-1,-1,-1,-1
2017440010585,2,1,0,18,9,8,0,0,0,0,1,1,6,1,15,3,-1,-1,-1,6,1,6
2017440010806,1,9,0,3,0,1,0,0,0,0,2,1,2,1,34,6,2143,2,5,7,1,7
2017440010806,2,9,0,18,0,1,0,0,0,0,1,1,6,1,-1,-1,-1,-1,-1,-1,-1,-1
2017440010869,1,9,0,4,0,1,0,0,0,0,2,1,6,2,27,6,1598,1,3,7,1,7
2017440010869,2,20,0,18,0,1,0,0,0,0,1,1,1,1,58,9,6870,2,5,1,1,1
2017440010911,1,9,0,4,0,1,0,0,0,0,1,1,6,3,-1,-1,1248,2,11,-1,-1,-1
2017440010971,1,9,0,6,0,0,0,0,0,0,3,1,2,3,-1,-1,1598,1,15,-1,-1,-1
2017440010971,2,3,0,14,0,0,0,0,0,0,1,1,2,1,19,4,-1,-1,-1,6,1,6
2017440010976,1,2,0,18,0,8,0,0,0,0,1,1,2,1,27,6,124,1,6,3,1,3
2017440010976,2,9,0,9,0,8,0,0,0,0,3,1,3,2,31,6,1598,1,16,2,1,2
2017440011037,1,9,0,9,0,8,0,0,0,0,1,1,6,1,90,11,1396,1,6,6,1,6
2017440011037,2,9,0,18,0,8,0,0,0,0,3,1,1,1,55,8,1560,2,4,-1,-1,-1
2017440011216,1,9,0,18,0,8,0,0,0,0,1,1,6,2,48,8,1364,1,10,3,1,3
2017440011216,2,9,0,18,0,8,0,0,0,0,4,1,6,2,71,10,999,1,1,10,1,10
2017440011487,1,9,0,5,0,1,0,0,0,0,3,1,6,3,-1,-1,-1,-1,-1,-1,-1,-1
2017440011487,2,1,0,18,0,8,0,0,0,0,1,1,6,1,26,6,-1,-1,-1,3,1,3
2017440011515,1,19,0,3,0,1,0,0,0,0,2,1,6,1,49,8,2143,2,7,3,1,3
2017440011515,2,9,0,18,0,1,0,0,0,0,1,1,6,2,62,9,1242,1,6,10,2,10
2017440011536,1,9,0,18,0,8,0,0,0,0,3,1,6,1,57,9,2143,2,7,9,2,9
2017440011536,2,9,0,18,0,8,1,0,5,6,3,1,6,1,34,6,1493,1,23,10,3,10
2017440011625,1,1,0,18,0,2,0,0,0,0,4,1,2,1,37,7,-1,-1,-1,5,1,5
2017440011625,2,9,0,18,0,1,0,0,0,0,1,1,2,3,-1,-1,-1,-1,-1,-1,-1,-1
2017440011683,1,9,0,4,0,1,0,0,0,0,1,1,6,2,24,5,1390,1,7,5,1,5
2017440011813,1,1,0,18,0,8,0,0,0,0,1,1,2,2,51,8,-1,-1,-1,4,1,4
2017440011813,2,9,0,5,0,8,0,0,0,0,3,1,6,3,-1,-1,1390,1,14,-1,-1,-1
2017440011852,1,19,0,9,0,8,0,0,0,0,4,1,2,1,48,8,1560,2,9,7,1,7
2017440011852,2,2,0,18,0,8,1,0,0,0,1,1,2,1,29,6,49,1,7,4,1,4
2017440011868,1,9,0,4,0,0,0,0,0,0,2,1,2,2,18,4,1984,1,12,10,1,10
2017440011868,2,9,0,4,0,0,0,0,0,0,1,1,2,1,34,6,1397,1,16,3,1,3
2017440011875,1,9,0,5,0,1,0,0,0,0,1,1,6,1,51,8,2231,2,5,7,1,7
2017440011875,2,19,0,4,0,1,0,0,0,0,2,1,6,1,28,6,1686,2,9,10,2,10
2017440011935,1,9,0,9,0,2,0,0,0,0,1,1,6,1,52,8,1997,2,15,10,2,10
2017440012070,1,9,0,9,0,2,0,0,0,0,1,1,6,1,50,8,1995,2,5,5,1,5
2017440012090,1,9,0,1,0,0,0,0,0,0,2,1,6,2,21,5,1086,1,7,3,3,3
2017440012342,1,1,0,18,0,0,0,0,0,0,3,1,2,1,53,8,-1,-1,-1,10,1,10
2017440012342,2,9,0,13,0,0,0,0,0,0,4,1,2,1,59,9,4300,1,21,6,1,6
2017440012422,1,9,0,9,0,8,0,0,0,0,3,1,6,2,43,7,1595,1,8,8,3,8
2017440012422,2,9,0,18,0,8,0,0,0,0,1,1,6,3,-1,-1,1422,2,8,-1,-1,-1
2017440012447,1,9,0,18,0,8,0,0,0,0,1,1,6,2,44,7,1590,1,15,9,1,9
2017440012447,2,9,0,10,0,8,0,0,0,0,2,1,6,2,48,8,1560,2,7,6,1,6
2017440012681,1,9,0,17,0,0,2,0,0,0,1,1,2,1,21,5,1598,1,12,8,3,8
2017440012730,1,9,0,18,0,1,0,0,0,0,1,1,6,1,17,4,1360,1,15,5,1,5
2017440012730,2,9,0,4,0,1,0,0,0,0,2,1,6,1,37,7,1968,2,7,10,1,10
2017440012773,1,9,0,9,0,8,0,0,0,0,4,1,1,2,25,5,998,1,11,6,1,6
2017440012773,2,9,0,18,0,8,0,0,0,0,1,1,1,1,36,7,1896,2,17,6,1,6
2017440012845,1,9,0,16,0,0,5,0,1,2,3,1,6,1,47,8,1968,2,3,8,3,8
2017440012845,2,21,0,18,0,0,0,0,1,0,3,1,1,1,53,8,5880,2,6,4,1,4
2017440013027,1,9,0,18,0,0,0,0,7,0,1,1,6,1,92,11,998,1,4,10,1,10
2017440013027,2,9,0,18,0,0,0,0,0,0,1,1,6,2,60,9,1339,1,3,6,1,6
2017440013046,1,9,0,17,0,8,0,0,0,0,1,1,6,2,45,7,-1,-1,-1,10,1,10
2017440013046,2,9,0,9,0,8,0,0,0,0,3,1,6,2,59,9,1870,2,15,10,3,10
2017440013327,1,9,0,18,0,8,0,0,0,0,4,1,6,2,42,7,1910,2,11,4,1,4
2017440013327,2,9,0,18,0,8,0,0,0,0,3,1,6,1,46,8,1796,1,18,3,1,3
2017440013684,1,9,0,18,0,8,0,0,0,0,4,1,6,1,42,7,-1,-1,-1,9,2,9
2017440013684,2,1,0,9,0,8,0,0,0,0,1,1,1,1,57,9,-1,-1,-1,10,1,10
2017440013739,1,1,0,18,0,4,0,0,0,0,3,1,3,2,37,7,-1,-1,-1,5,1,5