Accident_Index,Vehicle_Reference,Vehicle_Type,Towing_and_Articulation,Vehicle_Manoeuvre,Vehicle_Location-Restricted_Lane,Junction_Location,Skidding_and_Overturning,Hit_Object_in_Carriageway,Vehicle_Leaving_Carriageway,Hit_Object_off_Carriageway,1st_Point_of_Impact,Was_Vehicle_Left_Hand_Drive?,Journey_Purpose_of_Driver,Sex_of_Driver,Age_of_Driver,Age_Band_of_Driver,Engine_Capacity_(CC),Propulsion_Code,Age_of_Vehicle,Driver_IMD_Decile,Driver_Home_Area_Type,Vehicle_IMD_Decile
2017440013739,2,9,0,7,0,4,0,0,0,0,4,1,6,3,-1,-1,-1,-1,-1,-1,-1,-1
2017440013764,1,20,0,4,0,1,0,0,0,0,1,1,1,1,40,7,4461,2,9,2,1,2
2017440013764,2,9,0,3,0,1,0,0,0,0,2,1,6,2,37,7,1587,1,11,9,1,9
2017440013764,3,9,0,3,0,1,0,0,0,0,2,1,6,1,35,6,1995,2,2,4,1,4
2017440013953,1,9,0,4,0,0,0,0,0,0,2,1,1,1,38,7,1582,2,8,6,1,6
2017440013953,2,19,0,15,0,0,0,0,0,0,0,1,1,2,23,5,-1,-1,-1,10,1,10
2017440013953,3,9,0,4,0,0,0,0,0,0,2,1,6,1,39,7,1199,1,18,7,1,7
2017440013953,4,9,0,4,0,0,0,0,0,0,1,1,6,1,31,6,1753,2,15,-1,-1,-1
2017440014111,1,4,0,17,0,2,0,0,0,0,0,1,3,1,17,4,124,1,16,8,1,8
2017440014130,1,19,0,16,0,0,2,0,1,9,2,1,1,1,65,9,1753,2,10,7,3,7
2017440014130,2,9,0,16,0,0,1,0,4,6,1,1,6,1,22,5,1995,2,3,-1,-1,-1
2017440014130,3,9,0,16,0,0,1,0,0,0,0,1,6,2,25,5,1598,2,4,6,1,6
2017440014312,1,9,0,18,0,0,5,0,2,10,4,1,2,2,25,5,1240,1,8,9,2,9
2017440014332,1,9,0,8,0,1,0,0,0,0,4,1,6,2,43,7,1997,2,12,5,1,5
2017440014332,2,1,0,18,0,1,0,0,0,0,1,1,6,1,28,6,-1,-1,-1,3,1,3
2017440014404,1,9,0,18,0,2,0,7,0,0,2,1,2,2,52,8,998,1,13,4,1,4
2017440014404,2,9,0,7,0,6,0,0,0,0,1,1,6,2,37,7,2597,1,13,9,1,9
2017440014508,1,9,0,18,0,0,2,10,2,4,1,1,6,2,79,11,1299,1,13,6,3,6
2017440014509,1,9,0,9,0,5,0,0,0,0,4,1,6,1,-1,-1,1968,2,5,-1,-1,-1
2017440014509,2,9,0,18,0,1,0,0,0,0,1,1,6,1,-1,-1,1968,2,5,-1,-1,-1
2017440014509,3,9,0,18,0,1,0,0,0,0,1,1,6,2,35,6,1197,1,2,8,1,8
2017440014552,1,9,0,18,0,8,0,0,0,0,1,1,6,1,28,6,1299,1,9,10,1,10
2017440014552,2,9,0,9,0,5,0,0,0,0,1,1,6,1,22,5,1248,2,10,9,1,9
2017440014591,1,9,0,4,0,1,0,0,0,0,1,1,6,3,-1,-1,-1,-1,-1,-1,-1,-1
2017440014591,2,9,0,3,0,1,0,0,0,0,2,1,6,2,37,7,-1,-1,-1,7,1,7
2017440014931,1,9,0,18,0,2,0,0,0,0,1,1,2,1,34,6,1596,1,13,-1,-1,-1
2017440015012,1,9,0,18,0,1,0,0,0,0,0,1,6,3,-1,-1,-1,-1,-1,-1,-1,-1
2017440015040,1,9,0,17,0,0,1,0,0,0,1,1,6,2,22,5,1598,1,4,8,1,8
2017440015040,2,9,0,18,0,0,0,0,0,0,1,1,3,1,50,8,1968,2,9,10,1,10
2017440015091,1,11,0,18,0,1,0,0,0,0,1,1,1,1,20,4,6696,2,4,8,1,8
2017440015091,2,9,0,3,0,1,0,0,0,0,2,1,6,1,56,9,1910,2,11,4,1,4
2017440015484,1,9,0,7,0,2,0,0,0,0,2,1,6,1,44,7,1586,1,14,3,1,3
2017440015484,2,9,0,5,0,3,0,0,0,0,1,1,6,2,58,9,1999,1,12,7,1,7
2017440015586,1,9,0,18,0,8,0,0,0,0,3,1,2,2,36,7,1248,1,5,6,1,6
2017440015586,2,9,0,9,0,8,0,0,0,0,1,1,2,2,36,7,1900,2,12,1,1,1
2017440015684,1,8,0,18,0,1,0,0,0,0,4,1,1,1,37,7,1598,2,6,2,1,2
2017440015706,1,9,0,14,0,0,0,0,0,0,2,1,6,2,48,8,1986,2,9,9,1,9
2017440015706,2,19,0,18,0,0,0,0,0,0,2,1,2,1,50,8,1870,2,12,3,1,3
2017440015706,3,9,0,18,0,0,0,0,0,0,1,1,6,1,25,5,-1,-1,-1,9,3,9
2017440015989,1,9,0,18,0,0,0,0,0,0,2,1,6,1,34,6,1781,1,15,6,1,6
2017440015989,2,9,0,18,0,0,0,0,0,0,1,1,6,2,44,7,996,1,7,2,1,2
2017440015992,1,19,0,9,0,8,0,0,0,0,3,1,1,1,56,9,1598,2,2,9,3,9
2017440015992,2,9,0,18,0,8,0,0,0,0,1,1,6,2,21,5,1242,1,5,6,1,6
2017440016000,1,9,0,4,0,0,0,0,0,0,2,1,6,1,55,8,1968,2,3,7,1,7
2017440016000,2,9,0,4,0,0,0,0,0,0,2,1,6,1,21,5,1390,1,8,6,3,6
2017440016000,3,9,0,18,0,0,0,0,0,0,1,1,6,1,27,6,1896,2,11,9,2,9
2017440016059,1,3,0,16,0,2,0,0,0,0,0,1,6,1,19,4,124,1,10,6,1,6
2017440016121,1,9,0,9,0,8,0,0,0,0,1,1,6,3,-1,-1,-1,-1,-1,-1,-1,-1
2017440016121,2,1,0,18,0,8,0,0,0,0,3,1,4,1,13,3,-1,-1,-1,9,1,9
2017440016193,1,1,0,9,0,8,0,0,0,0,3,1,6,1,15,3,-1,-1,-1,1,1,1
2017440016193,2,9,0,18,0,1,0,0,0,0,1,1,6,1,18,4,973,1,15,5,1,5
2017440016283,1,9,0,16,0,0,1,0,7,0,4,1,2,1,22,5,1997,2,16,6,2,6
2017440016283,2,9,0,17,0,0,0,0,0,0,1,1,2,1,32,6,1997,2,3,10,2,10
2017440016673,1,20,0,18,0,1,0,0,1,0,1,1,1,1,49,8,6692,2,8,5,1,5
2017440016673,2,9,0,10,0,5,0,0,0,0,2,1,6,1,42,7,1995,2,13,4,1,4
2017440016725,1,9,0,9,0,5,0,0,0,0,1,1,6,1,31,6,1598,1,15,3,1,3
2017440016725,2,1,0,18,0,8,0,0,0,0,3,1,6,2,41,7,-1,-1,-1,4,1,4
2017440016750,1,19,0,18,0,1,0,0,0,0,1,1,6,1,36,7,2198,2,3,5,1,5
2017440016750,2,9,0,18,0,1,0,0,0,0,2,1,6,1,64,9,996,1,6,5,1,5
2017440016750,3,9,0,18,0,2,0,0,0,0,2,1,6,1,60,9,1587,1,13,8,1,8
2017440016796,1,9,0,7,0,6,0,0,0,0,1,1,6,1,27,6,-1,-1,-1,9,1,9
2017440017141,1,9,0,18,0,3,0,0,0,0,4,1,6,2,44,7,1086,1,11,6,1,6
2017440017141,2,9,0,18,0,4,0,0,0,0,1,1,6,1,-1,-1,1399,1,11,3,1,3
2017440017335,1,3,0,18,0,1,0,0,0,0,1,1,6,1,24,5,-1,-1,-1,5,1,5
2017440017335,2,9,0,9,0,5,0,0,0,0,4,1,6,1,51,8,1796,1,16,2,1,2
2017440017444,1,9,0,7,0,8,0,0,0,0,1,1,6,3,-1,-1,-1,-1,-1,-1,-1,-1
2017440017444,2,2,0,18,0,8,0,0,0,0,1,1,6,1,20,4,49,1,3,-1,-1,-1
2017440017817,1,9,0,9,0,6,0,0,3,0,1,1,6,2,86,11,998,1,1,7,2,7
2017440017817,2,9,0,16,0,1,0,0,0,0,1,1,6,1,35,6,1399,1,14,5,3,5
2017440017825,1,2,0,18,0,1,0,0,0,0,0,1,6,1,16,4,50,1,7,10,1,10
2017440017825,2,5,0,18,0,1,0,0,0,0,1,1,6,1,17,4,125,1,8,10,1,10
2017440017899,1,9,0,18,0,8,0,0,0,0,4,1,6,1,30,6,1781,1,16,3,1,3
2017440017899,2,9,0,7,0,8,0,0,0,0,1,1,6,3,-1,-1,1968,2,10,-1,-1,-1
2017440018029,1,9,0,17,0,4,0,0,1,0,3,1,6,2,51,8,1598,1,3,10,3,10
2017440018029,2,9,0,16,0,3,0,0,0,0,4,1,6,1,55,8,-1,-1,-1,-1,-1,-1
2017440018060,1,9,0,18,0,8,0,0,0,0,4,1,6,1,77,11,1998,1,12,9,1,9
2017440018060,2,9,0,18,0,8,0,0,0,0,1,1,6,1,19,4,1995,1,10,8,1,8
2017440018366,1,9,0,18,0,0,1,0,1,7,1,1,6,1,35,6,2148,2,10,10,1,10
2017440018551,1,5,0,10,0,1,0,0,0,0,1,1,2,1,36,7,-1,-1,-1,9,1,9
2017440018551,2,9,0,3,0,1,0,0,0,0,1,1,2,1,41,7,1242,1,5,6,1,6
2017440018551,3,9,0,18,0,1,0,0,0,0,4,1,2,1,26,6,1968,2,6,10,1,10
2017440018551,4,9,0,9,0,6,0,0,0,0,3,1,2,2,43,7,998,1,10,4,1,4
2017440018598,1,2,0,9,0,6,1,0,0,0,3,1,2,1,23,5,49,1,3,4,1,4
2017440018641,1,9,0,18,0,0,0,0,0,0,2,1,2,2,25,5,1598,1,12,9,1,9
2017440018641,2,9,0,18,0,0,0,0,0,0,1,1,6,3,-1,-1,1896,2,8,-1,-1,-1
2017440018784,1,19,0,18,0,0,0,0,0,0,3,1,2,1,19,4,1968,2,7,-1,-1,-1
2017440018784,2,9,0,18,0,0,1,0,5,6,3,1,2,2,50,8,1329,1,5,10,1,10
2017440018784,3,9,0,18,0,0,0,0,0,0,4,1,2,1,44,7,1995,2,11,8,1,8
2017440018857,1,9,0,18,0,2,0,0,0,0,1,1,6,1,-1,-1,-1,-1,-1,-1,-1,-1
2017440018947,1,1,0,18,0,1,0,0,0,0,4,1,6,1,29,6,-1,-1,-1,4,1,4
2017440018947,2,9,0,18,0,6,0,0,0,0,1,1,6,3,-1,-1,-1,-1,-1,-1,-1,-1
2017440019079,1,9,0,18,0,0,0,0,0,0,2,1,6,2,37,7,1598,1,12,7,2,7
2017440019079,2,9,0,18,0,0,0,0,0,0,1,1,6,3,-1,-1,1995,1,8,-1,-1,-1
2017440019196,1,9,0,9,0,8,0,0,0,0,3,1,3,2,41,7,1956,2,2,5,1,5
2017440019196,2,9,0,18,0,8,0,0,0,0,1,1,6,2,25,5,1229,1,11,8,1,8
2017440019388,1,9,0,18,0,0,5,0,0,0,1,1,6,2,82,11,996,1,8,9,1,9
2017440019407,1,9,0,9,0,8,0,0,0,0,3,1,6,2,18,4,1242,1,4,9,1,9
2017440019407,2,9,0,13,0,8,0,0,0,0,4,1,2,1,-1,-1,2700,1,15,-1,-1,-1
2017440019440,1,9,0,18,0,0,1,11,1,0,1,1,2,1,34,6,1910,2,12,8,1,8
2017440019480,1,9,0,18,0,0,0,0,0,0,1,1,6,2,47,8,1995,2,6,6,1,6
2017440019480,2,9,0,18,0,0,0,0,0,0,2,1,6,2,38,7,1461,2,2,7,1,7
2017440019480,3,9,0,18,0,0,0,0,0,0,2,1,6,2,36,7,1461,2,2,-1,-1,-1
2017440019732,1,9,0,18,0,0,0,4,1,11,1,1,6,1,37,7,998,1,15,1,1,1
2017440019732,2,9,0,2,0,0,0,0,1,0,2,1,6,3,-1,-1,1124,1,15,-1,-1,-1
2017440019732,3,9,0,2,0,0,0,0,0,0,2,1,6,3,-1,-1,1968,2,1,-1,-1,-1
2017440019775,1,19,0,18,0,0,0,0,0,0,1,1,2,1,27,6,1461,2,2,9,1,9
2017440019775,2,2,0,18,0,0,0,0,0,0,2,1,2,1,17,4,49,1,5,6,3,6
2017440019856,1,1,0,18,0,8,0,0,0,0,4,1,2,1,56,9,-1,-1,-1,8,1,8
2017440019856,2,9,0,18,0,4,0,0,0,0,1,1,2,1,19,4,1199,1,16,10,1,10
2017440019858,1,5,0,18,0,8,0,0,0,0,0,1,2,1,60,9,1449,1,11,7,1,7
2017440019858,2,9,0,9,0,8,0,0,0,0,0,1,6,3,-1,-1,-1,-1,-1,-1,-1,-1
2017440019871,1,5,0,18,0,0,0,12,0,0,2,1,1,1,33,6,-1,-1,-1,6,1,6
2017440019873,1,2,0,18,0,0,1,0,0,0,1,1,4,1,17,4,49,1,15,7,1,7
2017440019921,1,9,0,13,0,0,0,0,0,0,4,1,6,3,-1,-1,-1,-1,-1,-1,-1,-1
2017440019921,2,1,0,18,0,0,0,0,0,0,3,1,6,2,37,7,-1,-1,-1,5,1,5
2017440019949,1,9,0,7,0,2,0,0,0,0,4,1,2,2,29,6,1995,2,1,9,1,9
2017440019949,2,1,0,18,0,2,0,0,0,0,2,1,6,2,28,6,-1,-1,-1,6,1,6
2017440020040,1,9,0,18,0,8,0,0,0,0,0,1,2,2,58,9,2179,2,3,10,1,10
2017440020040,2,5,0,18,0,8,1,0,0,0,0,1,2,1,23,5,600,1,19,10,1,10
2017440020047,1,9,0,7,0,8,0,0,0,0,4,1,6,2,55,8,1200,1,1,3,1,3
2017440020047,2,1,0,15,0,8,0,0,0,0,1,1,6,2,46,8,-1,-1,-1,6,1,6
2017440020087,1,9,0,5,0,1,0,0,0,0,2,1,6,2,42,7,2400,2,6,6,3,6
2017440020087,2,19,0,18,0,1,1,0,0,0,1,1,1,1,23,5,2198,2,5,7,1,7
2017440020206,1,9,0,4,0,1,0,0,0,0,2,1,1,1,59,9,1968,2,2,8,1,8
2017440020206,2,9,0,18,0,1,0,0,0,0,1,1,1,1,56,9,1598,2,5,7,3,7
2017440020338,1,9,0,1,6,0,0,0,0,0,2,1,6,3,-1,-1,1598,2,7,-1,-1,-1
2017440020650,1,97,0,18,0,2,0,0,0,0,1,1,6,1,19,4,-1,-1,-1,7,1,7
2017440020650,2,1,0,4,0,2,0,0,0,0,2,1,6,3,-1,-1,-1,-1,-1,-1,-1,-1
2017440020724,1,8,0,18,0,0,0,0,0,0,4,1,1,1,33,6,1598,2,6,7,1,7
2017440020771,1,9,0,18,0,0,0,0,0,0,2,1,1,1,34,6,1591,1,1,4,1,4
2017440020771,2,3,0,18,0,0,0,0,0,0,1,1,6,1,20,4,125,1,5,6,1,6
2017440020839,1,19,0,7,0,8,0,2,0,0,1,1,1,1,-1,-1,-1,-1,-1,-1,-1,-1
2017440020872,1,9,0,16,0,0,0,0,7,11,1,1,1,2,29,6,1968,2,7,7,1,7
2017440020889,1,9,0,18,0,0,0,0,0,0,4,1,3,3,-1,-1,1396,1,5,-1,-1,-1
2017440021024,1,9,0,18,0,0,0,0,0,0,2,1,6,1,23,5,1560,2,6,5,1,5
2017440021024,2,19,0,18,0,0,0,0,0,0,1,1,6,3,-1,-1,1598,2,3,-1,-1,-1
2017440021077,1,21,0,12,0,0,0,0,0,0,1,1,1,3,-1,-1,-1,-1,-1,-1,-1,-1
2017440021077,2,9,0,18,0,0,0,0,0,0,2,1,2,2,17,4,1299,1,11,8,1,8
2017440021077,3,19,0,18,0,0,0,0,0,0,2,1,1,3,-1,-1,-1,-1,-1,-1,-1,-1
2017440021086,1,9,0,7,0,8,0,0,0,0,1,1,6,1,-1,-1,1781,1,17,-1,-1,-1
2017440021086,2,1,0,18,0,8,0,0,0,0,1,1,6,1,33,6,-1,-1,-1,3,1,3
2017440021177,1,5,0,18,0,1,1,0,7,2,1,1,1,1,19,4,-1,-1,-1,9,1,9
2017440021431,1,19,0,18,0,0,0,0,0,0,1,1,2,1,45,7,-1,-1,-1,4,1,4
2017440021431,2,19,0,18,0,0,5,0,7,0,1,1,2,1,61,9,-1,-1,-1,8,1,8
2017440021535,1,9,0,18,0,2,0,4,0,0,1,1,1,2,69,10,-1,-1,-1,4,1,4
2017440021535,2,9,0,2,0,2,0,0,0,0,2,1,6,3,-1,-1,-1,-1,-1,-1,-1,-1
2017440021535,3,9,0,2,0,2,0,0,0,0,2,1,6,3,-1,-1,1242,1,8,-1,-1,-1
2017440021580,1,9,0,18,0,0,1,0,0,0,1,1,6,2,18,4,998,1,5,5,1,5
2017440021580,2,9,0,4,0,0,0,0,0,0,2,1,6,1,52,8,1397,1,10,10,1,10
2017440021620,1,9,0,7,0,2,0,0,0,0,3,1,2,1,70,10,2597,1,14,9,1,9
2017440021679,1,2,0,17,0,0,0,10,0,0,1,1,6,1,17,4,49,1,8,3,1,3
2017440021817,1,9,0,5,0,8,0,0,0,0,0,1,6,2,44,7,1000,1,4,3,1,3
2017440021817,2,3,0,18,0,8,0,0,0,0,0,1,6,1,21,5,124,1,1,10,1,10
2017440022005,1,9,0,5,0,8,0,0,0,0,1,1,6,1,27,6,1995,2,11,10,1,10
2017440022005,2,1,0,18,0,8,0,0,0,0,1,1,6,1,16,4,-1,-1,-1,8,1,8
2017440022287,1,11,0,18,0,8,0,0,0,0,0,1,1,3,-1,-1,3900,2,15,-1,-1,-1
2017440022356,1,9,0,4,0,1,0,0,0,0,2,1,2,2,24,5,1360,1,17,5,1,5
2017440022356,2,9,0,5,0,1,0,0,0,0,1,1,2,2,26,6,1360,1,17,10,1,10
2017440022357,1,9,0,9,0,8,0,0,0,0,1,1,6,1,43,7,1997,2,5,7,3,7
2017440022357,2,9,0,18,0,8,0,0,0,0,1,1,6,1,55,8,-1,-1,-1,7,3,7
2017440022452,1,1,0,18,0,8,0,0,0,0,3,1,6,1,30,6,-1,-1,-1,5,1,5
2017440022452,2,9,0,9,0,8,0,0,0,0,1,1,6,3,-1,-1,1870,2,8,-1,-1,-1
2017440022627,1,2,0,9,0,8,1,0,0,0,0,1,2,2,23,5,49,1,2,4,1,4
2017440022754,1,9,0,5,0,1,0,0,0,0,2,1,6,1,51,8,999,1,3,4,1,4
2017440022754,2,9,0,5,0,1,0,0,0,0,1,1,2,1,39,7,2231,2,5,4,1,4
2017440023293,1,9,0,18,0,1,0,0,0,0,1,1,6,1,66,10,1896,2,15,1,1,1
2017440023293,2,22,0,18,0,1,0,0,0,0,3,1,6,1,80,11,-1,-1,-1,6,1,6
2017440023346,1,9,0,9,0,8,0,0,0,0,1,1,1,1,28,6,1461,2,1,10,1,10
2017440023346,2,1,0,18,0,8,0,0,0,0,2,1,6,2,27,6,-1,-1,-1,8,1,8
2017440023367,1,9,0,10,0,1,0,0,0,0,2,1,6,1,82,11,1199,1,15,10,1,10
2017440023367,2,9,0,3,0,1,0,0,0,0,1,1,6,1,65,9,1998,1,3,5,1,5
2017440023367,3,9,0,18,0,1,0,0,0,0,1,1,6,1,34,6,999,1,16,5,3,5
2017440023393,1,11,0,18,0,8,0,0,0,0,4,1,1,3,-1,-1,6696,2,4,-1,-1,-1
2017440023393,2,9,0,7,0,8,0,0,0,0,3,1,6,2,-1,-1,2494,1,18,-1,-1,-1
2017440023752,1,9,0,18,0,0,0,0,0,0,1,1,6,1,74,10,1388,1,8,10,1,10
2017440023789,1,9,0,9,0,8,0,0,0,0,1,1,6,2,40,7,1396,1,7,6,1,6
2017440023789,2,1,0,18,0,8,0,0,0,0,1,1,6,1,56,9,-1,-1,-1,7,3,7
2017440023939,1,9,0,9,0,8,0,0,8,10,1,1,6,1,49,8,1984,2,3,2,1,2
2017440023939,2,19,0,18,0,8,0,0,1,0,1,1,2,1,21,5,1598,2,1,7,3,7
2017440023939,3,9,0,10,0,1,0,0,0,0,1,1,6,2,28,6,1149,1,8,10,1,10
2017440024045,1,9,0,18,0,0,0,0,0,0,1,1,2,1,49,8,1598,1,12,-1,-1,-1
2017440024070,1,9,0,16,0,8,2,0,0,0,1,1,6,2,52,8,1229,1,1,6,3,6
2017440024070,2,9,0,18,0,8,0,0,0,0,1,1,6,2,50,8,1560,2,6,4,1,4
2017440024181,1,9,0,16,0,0,2,0,7,0,2,1,6,1,22,5,1388,1,7,10,1,10
2017440024361,1,9,0,16,0,0,2,0,0,0,0,1,2,1,65,9,-1,-1,-1,10,3,10
2017440024363,1,9,0,16,0,0,1,0,7,4,1,1,2,1,21,5,1900,2,16,10,1,10
2017440024492,1,9,0,18,0,0,0,0,0,0,1,1,6,1,28,6,2494,1,14,2,1,2
2017440024492,2,90,0,18,0,0,0,0,0,0,1,1,1,1,58,9,7146,2,3,5,1,5
2017440024576,1,3,0,9,0,8,1,0,0,0,0,1,6,1,38,7,125,1,1,1,1,1
2017440024576,2,19,0,9,0,8,0,0,0,0,0,1,6,3,-1,-1,2198,2,2,-1,-1,-1
2017440024629,1,9,0,18,0,0,1,0,0,0,1,1,6,1,68,10,1398,1,3,4,3,4
2017440024629,2,9,0,18,0,0,0,0,0,0,1,1,6,2,52,8,1590,1,13,5,3,5
2017440024675,1,9,0,9,0,5,0,0,0,0,1,1,6,3,-1,-1,-1,-1,-1,-1,-1,-1
2017440024675,2,1,0,18,0,8,0,0,0,0,2,1,6,2,46,8,-1,-1,-1,7,1,7
2017440024828,1,9,0,1,0,0,0,0,0,0,2,1,6,3,-1,-1,1797,8,6,-1,-1,-1
2017440024904,1,19,0,17,0,0,0,0,0,0,3,1,6,1,-1,-1,2148,2,11,-1,-1,-1
2017440024972,1,9,0,1,0,2,0,0,0,0,2,1,6,1,47,8,999,1,6,4,1,4
2017440024978,1,9,0,9,0,8,0,0,0,0,1,1,1,2,80,11,998,1,11,10,1,10
2017440024978,2,9,0,18,0,8,0,0,1,11,3,1,6,1,40,7,1497,8,4,10,1,10
2017440025029,1,9,0,18,0,8,0,0,4,7,0,1,6,1,26,6,-1,-1,-1,-1,-1,-1
2017440025029,2,9,0,18,0,8,0,0,0,0,1,1,6,2,35,6,1596,1,12,3,1,3
2017440025076,1,9,0,18,0,2,0,0,1,11,4,1,1,1,74,10,2987,2,7,9,1,9
2017440025080,1,9,0,5,0,0,0,0,0,0,4,1,3,3,-1,-1,1598,1,9,-1,-1,-1
2017440025159,1,1,0,18,0,8,0,0,0,0,1,1,4,1,8,2,-1,-1,-1,6,1,6
2017440025159,2,9,0,18,0,8,0,0,0,0,3,1,3,2,42,7,1598,1,3,9,1,9
2017440025166,1,9,0,2,0,0,0,0,0,0,0,1,2,2,48,8,1798,1,10,4,1,4
2017440025166,2,5,0,4,0,0,1,0,0,0,1,1,6,1,47,8,1250,1,9,4,1,4
2017440025303,1,11,0,7,0,6,0,0,0,0,1,1,1,1,37,7,6370,2,11,4,1,4
2017440025303,2,9,0,18,0,8,0,0,0,0,1,1,6,1,-1,-1,1598,1,7,-1,-1,-1
2017440025303,3,9,0,18,0,8,0,0,0,0,1,1,6,1,51,8,1686,2,7,2,1,2
2017440025334,1,9,0,16,0,2,1,0,0,0,1,1,6,1,29,6,2494,1,24,3,1,3
2017440025334,2,9,0,10,0,1,0,0,0,0,2,1,6,2,37,7,2616,1,11,8,3,8
2017440025334,3,9,0,18,0,1,0,0,0,0,3,1,6,2,55,8,1198,1,6,5,1,5
2017440025365,1,9,0,3,0,1,0,0,0,0,1,1,6,1,27,6,3993,1,1,4,1,4
2017440025365,2,2,0,18,0,1,0,0,0,0,2,1,6,2,50,8,49,1,9,4,1,4
2017440025528,1,9,0,17,0,0,0,0,0,0,1,1,6,1,22,5,1229,1,4,4,2,4
2017440025870,1,9,0,17,0,8,2,0,1,2,1,1,6,1,43,7,1896,2,12,4,1,4
2017440025981,1,9,0,9,0,6,0,0,0,0,3,1,6,2,77,11,1299,1,9,10,1,10
2017440025981,2,9,0,18,0,1,0,0,0,0,1,1,6,1,82,11,1598,1,4,9,1,9
2017440026229,1,9,0,18,0,8,0,0,0,0,1,1,6,2,43,7,-1,-1,-1,4,1,4
2017440026229,2,9,0,5,0,4,0,0,0,0,3,1,6,2,17,4,1149,1,15,5,1,5
2017440026350,1,9,0,17,0,0,0,0,2,11,1,1,6,1,83,11,999,1,3,3,1,3
2017440026350,2,9,0,2,0,0,0,0,0,0,1,1,2,3,-1,-1,-1,-1,-1,-1,-1,-1
2017440026642,1,8,0,5,0,1,0,0,0,0,4,1,1,1,50,8,1197,1,3,3,1,3
2017440026891,1,9,0,16,0,0,2,0,0,0,1,1,1,1,29,6,1598,1,13,8,1,8
2017440026975,1,9,0,16,0,0,2,0,2,4,1,1,6,2,26,6,1242,1,5,-1,-1,-1
2017440026996,1,9,0,18,0,8,0,0,0,0,1,1,6,1,41,7,1197,1,1,3,1,3
2017440026996,2,9,0,9,0,8,0,0,0,0,1,1,6,2,35,6,1988,1,18,3,1,3
2017440027182,1,9,0,10,0,1,0,0,0,0,2,1,6,1,32,6,1896,2,8,8,1,8
2017440027182,2,9,0,18,0,1,0,0,0,0,1,1,6,1,37,7,1598,1,14,8,1,8
2017440027343,1,9,0,16,0,8,0,0,0,0,2,1,6,1,37,7,1995,2,4,10,1,10
2017440027343,2,9,0,17,0,8,0,0,0,0,1,1,6,1,56,9,1598,2,5,10,1,10
2017440027345,1,9,0,18,0,8,0,0,0,0,1,1,6,2,37,7,1388,1,7,9,1,9
2017440027345,2,9,0,9,0,8,0,0,0,0,3,1,6,1,51,8,1956,2,8,6,1,6
2017440027882,1,21,0,18,0,1,0,0,0,0,0,1,6,1,-1,-1,10308,2,6,-1,-1,-1
2017440027882,2,9,0,18,0,1,0,0,0,0,2,1,1,2,48,8,1910,2,14,4,1,4
2017440027882,3,21,0,18,0,1,0,0,0,0,1,1,1,1,61,9,-1,2,3,1,1,1
2017440027918,1,3,0,18,0,1,1,9,0,0,1,1,6,1,18,4,124,1,7,5,1,5
2017440027964,1,9,0,4,0,0,1,0,0,0,2,1,6,1,46,8,1596,1,11,10,2,10
2017440027964,2,19,0,18,0,0,1,0,0,0,1,1,6,1,23,5,2299,2,3,4,1,4
2017440027964,3,9,0,18,0,0,1,0,0,0,1,1,6,2,33,6,1388,1,10,8,1,8
2017440027964,4,19,0,18,0,0,1,0,0,0,1,1,6,1,33,6,1598,2,2,6,1,6
2017440027964,5,9,0,18,0,0,1,6,4,6,1,1,6,1,24,5,1968,2,1,9,1,9
2017440027964,6,9,0,18,0,0,1,0,0,0,1,1,6,1,48,8,1598,1,4,-1,-1,-1
2017440027964,7,9,0,18,0,0,1,0,0,0,2,1,6,1,44,7,1995,2,10,8,1,8
2017440027964,8,9,0,18,0,0,1,0,0,0,1,1,6,1,25,5,1598,2,4,4,1,4
2017440027964,9,9,0,18,0,0,1,0,0,0,1,1,6,2,28,6,1390,1,8,9,1,9
2017440027964,10,9,0,18,0,0,1,0,0,0,1,1,6,1,51,8,2179,2,2,10,1,10
2017440027964,11,9,0,18,0,0,1,0,0,0,1,1,6,2,21,5,1149,1,9,5,1,5
2017440027964,12,9,0,18,0,0,1,0,0,0,1,1,6,1,22,5,1398,1,6,10,1,10
2017440027977,1,3,0,16,0,0,0,0,0,0,4,1,1,2,28,6,124,1,5,6,1,6
2017440027984,1,9,0,16,0,0,1,0,7,11,1,1,2,2,48,8,1248,1,3,3,1,3
2017440028057,1,9,0,18,0,0,2,0,7,11,1,1,6,1,18,4,973,1,16,8,1,8
2017440028059,1,9,0,16,0,0,1,0,0,0,3,1,1,1,50,8,1248,1,2,2,1,2
2017440028059,2,9,0,17,0,0,0,0,0,0,1,1,1,1,-1,-1,2993,2,1,-1,-1,-1
2017440028071,1,9,0,18,0,0,0,0,0,0,1,1,1,2,21,5,1242,1,6,6,1,6
2017440028071,2,9,0,18,0,0,0,0,0,0,2,1,1,2,36,7,1598,2,1,9,1,9
2017440028168,1,9,0,17,0,0,2,0,0,10,3,1,6,1,23,5,-1,-1,-1,8,3,8
2017440028194,1,9,0,4,0,1,0,0,0,0,2,1,6,1,58,9,1995,2,1,8,3,8
2017440028194,2,9,0,18,0,1,0,0,0,0,1,1,6,2,22,5,1560,2,7,9,2,9
2017440028228,1,9,0,9,0,8,0,0,0,0,4,1,6,3,-1,-1,-1,-1,-1,-1,-1,-1