Accident_Index,Vehicle_Reference,Vehicle_Type,Towing_and_Articulation,Vehicle_Manoeuvre,Vehicle_Location-Restricted_Lane,Junction_Location,Skidding_and_Overturning,Hit_Object_in_Carriageway,Vehicle_Leaving_Carriageway,Hit_Object_off_Carriageway,1st_Point_of_Impact,Was_Vehicle_Left_Hand_Drive?,Journey_Purpose_of_Driver,Sex_of_Driver,Age_of_Driver,Age_Band_of_Driver,Engine_Capacity_(CC),Propulsion_Code,Age_of_Vehicle,Driver_IMD_Decile,Driver_Home_Area_Type,Vehicle_IMD_Decile
2017440028560,1,9,0,7,0,8,1,0,0,0,1,1,6,3,-1,-1,1388,1,16,-1,-1,-1
2017440028560,2,9,0,10,0,8,0,0,0,0,3,1,6,1,44,7,1685,2,3,4,1,4
2017440028635,1,9,0,17,0,0,2,0,1,4,1,1,6,1,19,4,1598,1,13,9,2,9
2017440028650,1,9,0,14,0,1,0,0,0,0,1,1,6,1,-1,-1,1896,2,10,-1,-1,-1
2017440028667,1,9,0,9,0,8,0,0,0,0,1,1,6,1,-1,-1,1598,1,11,-1,-1,-1
2017440028687,1,9,0,7,0,8,0,0,0,0,1,1,6,3,-1,-1,-1,-1,-1,-1,-1,-1
2017440028687,2,1,0,10,0,8,0,0,0,0,1,1,6,1,63,9,-1,-1,-1,3,1,3
2017440028723,1,19,0,18,0,0,0,0,1,3,1,1,1,1,50,8,1560,2,3,6,1,6
2017440029261,1,9,0,9,0,8,0,0,0,0,1,1,6,1,25,5,1598,2,6,7,1,7
2017440029261,2,1,0,18,0,8,0,0,0,0,1,1,6,1,25,5,-1,-1,-1,10,1,10
2017440029288,1,9,0,10,0,8,0,0,0,0,2,1,2,2,50,8,1997,2,10,3,1,3
2017440029288,2,19,0,18,0,8,0,0,0,0,1,1,6,3,-1,-1,2402,2,6,-1,-1,-1
2017440029338,1,1,0,18,0,8,0,0,0,0,3,1,2,1,20,4,-1,-1,-1,5,1,5
2017440029338,2,9,0,18,0,8,0,0,0,0,1,1,2,1,65,9,1796,1,21,5,1,5
2017440029426,1,9,0,18,0,8,0,0,0,0,1,1,6,2,33,6,1896,2,15,6,1,6
2017440029426,2,19,0,9,0,8,0,0,0,0,3,1,6,2,58,9,-1,-1,-1,-1,-1,-1
2017440029440,1,9,0,18,0,8,0,0,1,2,1,1,2,1,19,4,1796,1,16,10,1,10
2017440029440,2,9,0,9,0,8,0,0,0,0,4,1,1,1,47,8,-1,-1,-1,4,1,4
2017440029585,1,9,0,17,0,8,0,0,0,0,3,1,6,2,53,8,999,1,1,2,1,2
2017440029585,2,5,0,17,0,8,0,0,0,0,1,1,6,1,40,7,599,1,20,1,1,1
2017440029737,1,9,0,5,0,8,0,0,0,0,3,1,6,2,51,8,1360,1,9,9,1,9
2017440029737,2,9,0,18,0,8,0,0,0,0,1,1,6,1,41,7,1968,2,1,7,1,7
2017440029811,1,9,0,9,0,8,0,0,0,0,1,1,6,3,-1,-1,1390,1,14,-1,-1,-1
2017440029811,2,1,0,18,0,8,0,0,0,0,1,1,6,2,18,4,-1,-1,-1,2,1,2
2017440030182,1,5,0,11,0,8,1,0,0,0,0,1,6,1,30,6,656,1,9,6,1,6
2017440030628,1,9,0,18,0,8,0,0,1,11,4,1,1,1,18,4,1297,1,10,10,2,10
2017440030682,1,19,0,9,0,8,0,0,0,0,1,1,1,1,52,8,1399,2,8,7,1,7
2017440030682,2,1,0,18,0,8,0,0,0,0,3,1,6,1,51,8,-1,-1,-1,7,1,7
2017440030694,1,1,0,17,0,8,0,0,0,0,4,1,2,1,22,5,-1,-1,-1,5,1,5
2017440030694,2,9,0,18,0,8,0,0,0,0,1,1,2,1,-1,-1,-1,-1,-1,10,1,10
2017440030797,1,9,0,16,0,0,2,0,0,0,3,1,2,2,32,6,998,1,4,4,1,4
2017440030938,1,9,0,18,0,2,2,0,7,0,0,1,6,2,39,7,1995,2,1,7,3,7
2017440031349,1,9,0,4,0,0,0,0,0,0,1,1,6,1,62,9,1686,2,4,4,1,4
2017440031365,1,9,0,12,0,0,0,0,0,0,3,1,6,2,22,5,1242,1,11,6,1,6
2017440031365,2,5,0,13,0,0,0,0,0,0,4,1,6,1,48,8,999,1,12,4,1,4
2017440031504,1,9,0,18,0,2,0,0,0,0,1,1,2,1,32,6,1868,2,18,4,1,4
2017440031504,2,9,0,18,0,2,0,0,0,0,2,1,2,1,46,8,1598,2,4,5,1,5
2017440031504,3,21,0,18,0,2,0,0,0,0,1,1,1,1,54,8,12809,2,3,2,1,2
2017440031504,4,9,0,18,0,2,0,0,0,0,1,1,6,2,75,10,1596,1,7,9,2,9
2017440031647,1,2,0,3,0,1,0,0,0,0,2,1,2,1,39,7,49,1,2,3,1,3
2017440031647,2,19,0,18,0,1,0,0,0,0,1,1,2,3,-1,-1,2198,2,6,-1,-1,-1
2017440031915,1,9,0,18,0,8,1,0,7,11,4,1,6,1,35,6,1118,1,27,1,1,1
2017440031915,2,9,0,7,0,8,0,0,0,0,3,1,6,2,22,5,1598,1,16,2,1,2
2017440032057,1,5,0,18,0,0,0,0,1,0,1,1,1,1,25,5,645,1,13,7,1,7
2017440032057,2,9,0,3,0,0,0,0,0,0,2,1,1,1,44,7,1995,2,7,9,1,9
2017440032064,1,9,0,18,0,0,0,0,0,0,1,1,1,1,21,5,1596,1,5,10,1,10
2017440032064,2,1,0,18,0,0,0,0,0,0,4,1,1,1,32,6,-1,-1,-1,7,1,7
2017440032108,1,9,0,18,0,8,0,0,0,0,3,1,2,2,57,9,1329,1,1,8,1,8
2017440032108,2,9,0,18,0,8,0,0,0,0,1,1,3,1,36,7,1798,1,10,6,1,6
2017440032128,1,5,0,18,0,0,0,0,0,0,1,1,1,1,26,6,690,1,1,5,1,5
2017440032149,1,9,0,6,0,0,0,0,0,0,3,1,2,2,23,5,1229,1,10,3,1,3
2017440032149,2,19,0,18,0,0,0,0,0,0,4,1,1,1,-1,-1,2143,2,5,3,1,3
2017440032282,1,1,0,18,0,8,0,0,0,0,0,1,1,1,50,8,-1,-1,-1,6,1,6
2017440032282,2,9,0,9,0,8,0,0,0,0,0,1,6,1,-1,-1,1984,1,15,-1,-1,-1
2017440032287,1,1,0,18,0,8,0,0,0,0,4,1,2,1,63,9,-1,-1,-1,9,1,9
2017440032287,2,19,0,7,0,8,0,0,0,0,1,1,6,3,-1,-1,1248,2,1,-1,-1,-1
2017440032533,1,9,0,9,0,8,0,0,0,0,1,1,6,1,32,6,1461,2,3,8,1,8
2017440032856,1,19,0,9,0,8,0,0,0,0,3,1,1,1,46,8,2402,2,10,8,1,8
2017440032856,2,8,0,18,0,8,0,0,0,0,1,1,1,1,55,8,1997,2,9,3,1,3
2017440032906,1,1,0,18,0,8,0,0,0,0,3,1,1,2,28,6,-1,-1,-1,5,1,5
2017440032906,2,9,0,7,0,8,0,0,0,0,4,1,2,2,37,7,-1,-1,-1,3,1,3
2017440032962,1,9,0,18,0,0,1,0,0,11,3,1,6,1,35,6,1997,2,19,6,1,6
2017440033008,1,9,0,9,0,8,0,0,0,0,4,1,6,1,26,6,2967,2,7,5,1,5
2017440033008,2,9,0,18,0,8,0,0,0,0,1,1,6,1,38,7,1994,1,15,6,3,6
2017440033018,1,9,0,18,0,8,0,0,0,0,4,1,2,2,52,8,1296,1,9,9,1,9
2017440033018,2,9,0,9,0,6,0,0,0,0,1,1,6,1,32,6,-1,-1,-1,3,1,3
2017440033026,1,9,0,13,0,0,1,0,0,0,1,1,6,1,45,7,-1,-1,-1,10,1,10
2017440033026,2,9,0,16,0,0,2,0,1,9,3,1,6,1,20,4,1587,1,16,3,1,3
2017440033033,1,3,0,18,0,0,0,0,0,0,0,1,1,1,18,4,124,1,7,-1,-1,-1
2017440033153,1,9,0,5,0,0,0,0,1,11,1,1,6,2,61,9,999,1,13,4,1,4
2017440033173,1,9,0,9,0,6,0,0,0,0,3,1,6,1,27,6,1398,2,14,7,1,7
2017440033173,2,9,0,18,0,8,0,0,0,0,1,1,6,1,30,6,-1,-1,-1,9,1,9
2017440033174,1,9,0,12,0,0,0,0,0,0,3,1,6,1,52,8,2993,2,6,4,1,4
2017440033174,2,9,0,18,0,0,0,0,7,1,4,1,1,1,30,6,1598,1,9,8,1,8
2017440033191,1,9,0,18,0,1,2,0,7,4,1,1,6,2,32,6,1400,1,17,6,1,6
2017440033221,1,9,0,18,0,6,0,0,0,0,1,1,6,2,33,6,1299,1,12,10,2,10
2017440033221,2,9,0,18,0,1,0,0,0,0,3,1,6,1,37,7,2143,2,2,7,3,7
2017440033221,3,9,0,8,0,6,0,0,1,0,3,1,6,1,26,6,1398,1,11,8,3,8
2017440033403,1,8,0,18,0,0,0,0,0,0,1,1,1,1,57,9,1686,2,4,10,1,10
2017440033546,1,9,0,18,0,2,0,0,0,0,1,1,1,1,44,7,1796,1,13,1,1,1
2017440033585,1,9,0,10,0,8,0,0,0,0,3,1,6,1,23,5,1598,2,3,4,1,4
2017440033585,2,9,0,18,0,8,0,0,0,0,1,1,6,1,41,7,1995,2,14,2,1,2
2017440033589,1,9,0,7,0,6,0,0,6,0,2,1,2,2,24,5,1197,1,1,2,1,2
2017440033589,2,9,0,18,0,8,0,0,0,0,1,1,2,1,23,5,1800,1,19,3,1,3
2017440033589,3,9,0,18,0,8,0,0,0,0,3,1,2,2,24,5,1591,1,1,3,1,3
2017440033597,1,9,0,18,0,8,0,0,0,0,1,1,1,2,31,6,2993,2,3,4,1,4
2017440033597,2,9,0,1,0,8,0,0,0,0,4,1,2,2,25,5,1242,1,1,4,1,4
2017440033979,1,5,0,18,0,0,1,0,0,0,0,1,6,1,22,5,647,1,11,2,1,2
2017440033990,1,9,0,18,0,8,1,0,0,0,4,1,6,1,21,5,1124,1,13,6,1,6
2017440033990,2,9,0,18,0,8,0,0,0,0,1,1,6,2,95,11,1242,1,17,6,1,6
2017440033990,3,19,0,3,0,1,0,0,0,0,1,1,1,1,48,8,2287,2,2,5,1,5
2017440033996,1,9,0,7,0,6,0,0,0,0,1,1,6,1,75,10,1199,1,17,-1,-1,-1
2017440033996,2,9,0,18,0,8,0,0,0,0,4,1,6,1,19,4,2720,2,10,-1,-1,-1
2017440034329,1,9,0,18,0,0,0,0,0,0,1,1,6,2,40,7,1995,2,13,10,1,10
2017440034422,1,19,0,10,0,8,0,0,0,0,2,1,1,1,30,6,2198,2,4,10,3,10
2017440034422,2,19,0,18,0,1,0,0,0,0,1,1,6,2,53,8,-1,-1,-1,7,2,7
2017440034436,1,9,0,6,0,2,0,0,0,0,3,1,1,1,73,10,1998,2,9,5,3,5
2017440034436,2,20,0,18,0,2,0,0,0,0,1,1,1,1,60,9,10837,2,3,7,1,7
2017440034525,1,9,0,9,0,8,0,0,0,0,1,1,2,1,40,7,1995,2,10,5,1,5
2017440034525,2,9,0,18,0,8,0,0,0,0,1,1,2,1,41,7,1995,2,3,10,2,10
2017440034564,1,3,0,18,0,0,1,0,1,11,0,1,6,1,58,9,-1,-1,-1,7,1,7
2017440034738,1,9,0,9,0,8,0,0,0,0,3,1,6,1,18,4,998,1,9,10,1,10
2017440034738,2,5,0,18,0,8,1,0,0,0,1,1,6,1,61,9,1050,1,10,10,1,10
2017440034947,1,8,0,18,0,4,0,0,0,0,1,1,1,1,25,5,1685,2,4,8,1,8
2017440034947,2,9,0,18,0,8,0,0,0,0,4,1,6,2,40,7,1753,2,15,2,1,2
2017440035131,1,9,0,18,0,0,0,0,0,0,1,1,1,1,32,6,1598,2,7,6,1,6
2017440035131,2,21,0,18,0,0,0,0,0,0,2,1,1,1,54,8,6370,2,15,5,1,5
2017440035256,1,9,0,9,0,6,0,0,0,0,3,1,6,1,55,8,1560,2,3,7,1,7
2017440035256,2,3,0,18,0,1,0,0,0,0,1,1,6,1,28,6,124,1,14,4,1,4
2017440035300,1,8,0,9,0,6,0,0,0,0,1,1,6,1,45,7,1686,2,7,4,1,4
2017440035300,2,9,0,18,0,1,1,0,0,0,1,1,6,2,55,8,1597,1,17,8,1,8
2017440035346,1,9,0,4,0,0,0,0,0,0,2,1,6,2,39,7,1995,2,9,-1,-1,-1
2017440035346,2,11,0,18,0,0,0,0,0,0,1,1,1,3,-1,-1,-1,-1,-1,-1,-1,-1
2017440035498,1,9,0,18,0,0,1,0,0,6,1,1,6,2,35,6,1796,1,12,5,1,5
2017440035501,1,8,0,18,0,0,0,0,0,0,1,1,1,1,-1,-1,-1,-1,-1,-1,-1,-1
2017440035501,2,9,0,18,0,0,0,0,0,0,2,1,6,3,-1,-1,-1,-1,-1,-1,-1,-1
2017440035603,1,1,0,18,0,2,0,0,0,0,3,1,6,1,36,7,-1,-1,-1,4,1,4
2017440035603,2,9,0,9,0,2,0,0,0,0,4,1,6,2,43,7,1984,1,7,5,1,5
2017440035872,1,11,0,16,0,0,0,0,0,0,1,1,1,1,61,9,4500,2,1,4,1,4
2017440035888,1,9,0,18,0,8,0,0,0,0,1,1,6,1,28,6,1995,2,13,3,1,3
2017440035888,2,9,0,18,0,8,0,0,0,0,2,1,6,1,52,8,2148,2,15,8,1,8
2017440035937,1,9,0,18,0,0,5,0,7,11,1,1,6,1,18,4,1124,1,16,9,3,9
2017440035938,1,9,0,18,0,8,0,0,0,0,1,1,6,1,23,5,2979,1,2,9,1,9
2017440035938,2,1,0,18,0,8,0,0,0,0,3,1,6,1,21,5,-1,-1,-1,1,1,1
2017440036006,1,9,0,18,0,0,0,0,0,0,3,1,2,2,50,8,1390,1,13,7,3,7
2017440036006,2,9,0,18,0,0,0,0,0,0,3,1,6,3,-1,-1,-1,-1,-1,-1,-1,-1
2017440036529,1,9,0,11,0,1,0,0,0,0,4,1,6,1,23,5,1956,2,7,-1,-1,-1
2017440036529,2,11,0,18,0,8,0,0,0,0,3,1,1,1,23,5,4461,2,3,5,1,5
2017440036599,1,9,0,9,0,1,0,0,0,0,1,1,6,1,78,11,1368,1,7,3,1,3
2017440036599,2,2,0,18,0,6,0,0,0,0,3,1,2,1,18,4,49,1,2,9,1,9
2017440036659,1,9,0,5,0,6,0,0,0,0,1,1,6,2,89,11,1248,1,4,7,1,7
2017440036659,2,9,0,18,0,1,0,0,1,0,3,1,6,2,66,10,1968,2,2,6,1,6
2017440036713,1,9,0,18,0,8,0,0,0,0,1,1,6,3,-1,-1,1390,1,13,-1,-1,-1
2017440036713,2,9,0,10,0,8,0,0,0,0,2,1,6,1,34,6,1198,1,14,2,1,2
2017440036713,3,8,0,18,0,8,0,0,0,0,1,1,1,1,47,8,1598,2,6,1,1,1
2017440036881,1,9,0,18,0,0,0,0,8,4,1,1,6,1,39,7,1995,2,4,10,1,10
2017440036987,1,9,0,18,0,8,0,0,0,0,1,1,6,1,40,7,1968,2,7,1,1,1
2017440036987,2,9,0,18,0,8,0,0,0,0,3,1,6,1,26,6,1796,1,9,7,1,7
2017440037094,1,9,0,18,0,0,0,0,0,0,1,1,1,1,56,9,1686,2,6,5,1,5
2017440037094,2,9,0,18,0,0,0,0,0,0,1,1,6,1,23,5,1397,1,16,9,2,9
2017440037094,3,9,0,18,0,0,0,0,0,0,1,1,6,1,45,7,1461,2,4,6,1,6
2017440037094,4,9,0,18,0,0,0,0,0,0,2,1,6,2,63,9,1587,1,16,3,1,3
2017440037094,5,9,0,18,0,0,0,0,0,0,1,1,6,2,22,5,1390,1,8,5,1,5
2017440037341,1,5,0,13,0,0,0,0,0,0,4,1,2,1,52,8,689,1,1,6,1,6
2017440037638,1,9,0,7,0,6,0,0,0,0,1,1,6,1,60,9,1596,1,1,7,1,7
2017440037638,2,9,0,17,0,1,0,0,0,0,1,1,6,2,27,6,1896,2,10,3,1,3
2017440037666,1,9,0,9,0,5,0,0,1,0,4,1,1,1,55,8,-1,-1,-1,4,1,4
2017440037666,2,9,0,18,0,1,1,0,0,0,1,1,6,1,50,8,4701,1,14,9,1,9
2017440037666,3,9,0,18,0,1,0,0,0,0,1,1,6,2,50,8,1598,1,2,10,1,10
2017440038162,1,9,0,9,0,8,0,0,0,0,4,1,1,1,55,8,2143,12,1,9,3,9
2017440038162,2,9,0,18,0,8,0,0,0,0,1,1,1,1,36,7,1560,2,2,2,1,2
2017440038199,1,9,0,3,0,0,0,0,0,0,1,1,6,2,29,6,1596,1,13,7,1,7
2017440038199,2,19,0,6,0,0,0,0,0,0,1,1,6,3,-1,-1,2143,2,4,-1,-1,-1
2017440038210,1,9,0,18,0,0,0,0,0,0,1,1,6,2,32,6,1390,1,13,2,1,2
2017440038210,2,11,0,18,0,0,1,0,0,0,1,1,1,1,41,7,12000,2,15,7,1,7
2017440038257,1,9,0,9,0,6,0,0,0,0,1,1,6,1,45,7,1956,2,5,10,1,10
2017440038257,2,9,0,18,0,1,0,0,0,0,1,1,6,2,49,8,1798,8,5,10,3,10
2017440038273,1,9,0,18,0,0,0,0,0,0,2,1,1,1,40,7,1598,2,2,2,1,2
2017440038273,2,9,0,18,0,0,0,0,0,0,1,1,6,3,-1,-1,2785,2,22,-1,-1,-1
2017440038329,1,9,0,1,0,8,0,0,0,0,4,1,6,2,45,7,2402,2,8,8,1,8
2017440038329,2,9,0,18,0,8,0,0,0,0,1,1,2,1,35,6,1396,1,5,-1,-1,-1
2017440038388,1,9,0,18,0,1,0,0,0,0,1,1,6,2,22,5,998,1,3,2,1,2
2017440038388,2,9,0,5,0,6,0,0,0,0,3,1,6,1,30,6,1870,2,15,8,1,8
2017440038406,1,11,0,18,0,3,0,0,0,0,1,1,1,1,23,5,4461,2,3,10,1,10
2017440038508,1,9,0,9,0,8,0,0,0,0,4,1,6,2,50,8,1197,1,2,9,1,9
2017440038508,2,9,0,18,0,4,0,0,0,0,1,1,6,1,70,10,2720,2,10,9,1,9
2017440038660,1,9,0,7,0,4,0,0,0,0,3,1,2,2,48,8,1339,1,4,3,1,3
2017440038660,2,1,0,18,0,8,0,0,0,0,1,1,2,2,47,8,-1,-1,-1,5,1,5
2017440038673,1,9,0,17,0,0,0,0,1,4,1,1,2,1,20,4,1600,1,13,4,1,4
2017440038748,1,1,0,18,0,0,0,0,0,0,1,1,6,1,62,9,-1,-1,-1,5,1,5
2017440038748,2,9,0,18,0,0,0,0,0,0,1,1,6,1,-1,-1,1200,1,1,-1,-1,-1
2017440038774,1,9,0,18,0,3,0,0,0,0,1,1,3,2,48,8,1998,1,14,7,1,7
2017440038774,2,9,0,18,0,4,0,0,0,0,3,1,6,2,-1,-1,1242,1,3,10,1,10
2017440038785,1,9,0,9,0,1,0,0,0,0,3,1,1,1,27,6,2231,2,9,10,1,10
2017440038785,2,3,0,13,0,1,0,0,0,0,1,1,1,1,44,7,125,1,1,8,1,8
2017440038970,1,9,0,5,0,4,0,0,0,0,3,1,2,2,58,9,1598,1,8,9,1,9
2017440038970,2,1,0,18,0,8,0,0,0,0,1,1,2,1,48,8,-1,-1,-1,9,1,9
2017440039169,1,9,0,17,0,3,2,10,7,9,0,1,6,1,65,9,1240,1,11,10,1,10
2017440039256,1,9,0,18,0,0,0,0,0,0,1,1,6,3,-1,-1,-1,-1,-1,-1,-1,-1
2017440039285,1,9,0,18,0,5,0,0,0,0,3,1,1,1,55,8,1086,1,12,10,1,10
2017440039308,1,9,0,3,0,8,0,0,0,0,3,1,2,2,56,9,1560,2,2,5,1,5
2017440039308,2,9,0,18,0,8,0,0,0,0,1,1,6,2,56,9,1587,1,30,7,3,7
2017440039553,1,9,0,5,0,4,0,0,0,0,4,1,6,2,58,9,1364,1,8,6,1,6
2017440039553,2,1,0,5,0,4,0,0,0,0,3,1,2,1,52,8,-1,-1,-1,8,1,8
2017440039634,1,1,0,18,0,8,0,0,0,0,4,1,2,1,65,9,-1,-1,-1,10,1,10
2017440039634,2,9,0,7,0,2,0,0,0,0,1,1,2,1,-1,-1,1796,1,11,-1,-1,-1
2017440039663,1,9,0,18,0,0,0,0,0,0,1,1,6,2,81,11,796,1,8,9,1,9
2017440039663,2,9,0,18,0,0,0,0,0,0,1,1,6,1,26,6,1495,1,20,7,1,7
2017440039764,1,9,0,18,0,0,0,0,0,0,0,1,2,2,26,6,1242,1,12,9,2,9
2017440039764,2,1,0,18,0,0,0,0,0,0,0,1,6,1,45,7,-1,-1,-1,2,1,2
2017440039797,1,9,0,9,0,8,0,0,0,0,4,1,6,2,48,8,1229,1,5,10,1,10
2017440039797,2,9,0,18,0,8,0,0,0,0,1,1,6,2,51,8,1598,1,14,9,1,9
2017440039798,1,9,0,9,0,8,0,0,0,0,1,1,2,1,43,7,1596,1,12,1,1,1
2017440040091,1,9,0,5,0,0,0,0,0,0,3,1,6,1,50,8,1995,1,9,8,3,8
2017440040091,2,9,0,18,0,0,0,0,0,0,1,1,6,1,31,6,1896,1,19,10,2,10
2017440040116,1,9,0,5,0,4,0,0,0,0,1,1,1,2,-1,-1,1200,1,1,5,1,5
2017440040116,2,1,0,5,0,8,0,0,0,0,2,1,1,1,21,5,-1,-1,-1,4,1,4
2017440040149,1,1,0,18,0,0,0,0,0,0,1,1,2,1,60,9,-1,-1,-1,4,1,4
2017440040149,2,9,0,9,0,0,0,0,0,0,4,1,6,1,-1,-1,1997,2,15,8,1,8
2017440040245,1,1,0,18,0,8,0,0,0,0,4,1,2,1,52,8,-1,-1,-1,3,1,3
2017440040245,2,9,0,7,0,6,0,0,0,0,3,1,6,3,-1,-1,-1,-1,-1,-1,-1,-1
2017440040289,1,9,0,18,0,0,0,0,0,0,1,1,6,2,78,11,1242,1,17,5,1,5
2017440040289,2,9,0,2,0,0,0,0,0,0,3,1,6,3,-1,-1,2184,2,8,-1,-1,-1
2017440040289,3,9,0,2,0,0,0,0,0,0,3,1,6,3,-1,-1,2183,2,6,-1,-1,-1
2017440040289,4,9,0,2,0,0,0,0,0,0,3,1,6,3,-1,-1,1968,2,7,-1,-1,-1
2017440040318,1,21,0,18,0,0,0,0,0,0,3,1,1,1,48,8,12777,2,6,7,1,7
2017440040318,2,21,0,18,0,0,0,0,0,0,4,1,6,1,-1,-1,10518,2,3,-1,-1,-1
2017440040340,1,9,0,7,0,4,0,0,0,0,3,1,2,1,48,8,1999,1,3,-1,-1,-1
2017440040340,2,1,0,18,0,8,0,0,0,0,4,1,2,1,20,4,-1,-1,-1,6,1,6
2017440040404,1,9,0,3,0,1,0,0,0,0,2,1,1,2,54,8,1968,2,1,7,3,7
2017440040404,2,9,0,4,0,1,0,0,0,0,1,1,6,1,70,10,1997,2,3,5,1,5
2017440040716,1,9,0,17,9,0,0,0,0,0,1,1,6,1,22,5,998,1,18,4,1,4
2017440040778,1,9,0,18,0,0,1,0,0,0,1,1,6,2,43,7,1968,2,4,9,1,9
2017440040778,2,9,0,18,0,0,0,0,0,0,2,1,6,1,46,8,1896,2,15,8,3,8
2017440040778,3,20,0,18,0,0,0,0,0,0,2,1,6,1,25,5,-1,-1,-1,2,1,2
2017440040778,4,21,0,18,0,0,0,0,0,0,2,1,1,1,51,8,9290,2,8,3,1,3
2017440040784,1,1,0,9,0,6,0,0,0,0,3,1,6,1,14,3,-1,-1,-1,7,1,7
2017440040784,2,9,0,18,0,1,0,0,0,0,1,1,2,1,43,7,2199,2,7,7,1,7
2017440041060,1,9,0,18,0,0,0,0,0,0,2,1,6,1,20,4,1242,1,5,10,1,10
2017440041060,2,9,0,18,0,0,0,0,0,0,1,1,6,1,34,6,2993,2,6,1,1,1
2017440041134,1,9,0,18,0,1,0,0,0,0,1,1,6,1,44,7,2199,2,2,7,3,7
2017440041134,2,9,0,9,0,8,0,0,0,0,1,1,6,1,71,10,2688,2,14,2,1,2
2017440041156,1,19,0,18,0,0,0,0,0,0,2,1,6,1,54,8,1248,2,2,1,1,1
2017440041156,2,9,0,18,0,0,0,0,0,0,2,1,6,2,44,7,1968,2,1,5,1,5
2017440041182,1,9,0,3,0,1,0,0,0,0,2,1,6,2,23,5,1349,1,8,5,1,5
2017440041182,2,9,0,4,0,1,0,0,0,0,1,1,6,2,42,7,1997,2,13,3,1,3
2017440041190,1,5,0,18,0,0,0,0,0,0,1,1,2,1,38,7,999,1,12,6,1,6
2017440041190,2,9,0,18,0,0,0,0,0,0,1,1,6,1,54,8,1997,2,15,5,2,5
2017440041190,3,21,1,2,6,0,0,0,0,0,2,1,1,3,-1,-1,12740,2,1,-1,-1,-1
2017440041192,1,9,0,12,0,0,1,0,0,0,3,1,2,1,62,9,1124,1,16,7,3,7
2017440041192,2,9,0,18,0,0,2,0,1,4,4,1,1,1,32,6,1968,2,3,10,1,10
2017440041193,1,5,0,18,0,8,1,0,0,0,0,1,2,1,46,8,1199,1,15,7,1,7
2017440041457,1,20,0,7,0,1,0,0,0,0,4,1,1,3,-1,-1,-1,-1,-1,-1,-1,-1
2017440041517,1,9,0,9,0,8,0,0,0,0,1,1,2,1,25,5,1398,1,5,7,1,7
2017440041517,2,1,0,18,0,8,0,0,0,0,1,1,6,1,35,6,-1,-1,-1,2,1,2
2017440041538,1,4,0,18,0,8,1,0,0,0,3,1,6,1,57,9,198,1,11,-1,-1,-1
2017440041555,1,1,0,18,0,8,0,0,0,0,3,1,6,1,28,6,-1,-1,-1,4,1,4
2017440041555,2,9,0,9,0,8,0,0,0,0,1,1,6,1,32,6,2191,2,2,5,1,5
2017440041567,1,9,0,16,0,0,0,0,0,0,1,1,1,1,62,9,-1,-1,-1,8,2,8
2017440041567,2,9,0,17,0,0,0,0,1,0,1,1,1,1,54,8,2495,2,15,8,3,8
2017440041643,1,9,0,7,0,8,0,0,0,0,4,1,6,1,24,5,1560,2,3,6,1,6
2017440041643,2,1,0,15,0,8,0,0,0,0,1,1,6,1,46,8,-1,-1,-1,1,1,1
2017440041904,1,9,0,16,0,0,5,0,7,0,3,1,6,2,50,8,1242,1,8,10,1,10
2017440041987,1,9,0,18,0,8,0,0,1,0,0,1,6,2,38,7,1749,1,16,3,1,3
2017440041987,2,9,0,13,0,8,0,0,0,0,0,1,6,3,-1,-1,-1,-1,-1,-1,-1,-1
2017440042000,1,9,4,10,0,8,0,0,0,0,2,1,1,1,46,8,-1,-1,-1,3,1,3
2017440042000,2,17,0,4,0,8,1,0,0,0,1,1,1,1,30,6,-1,2,8,7,3,7
2017440042205,1,9,0,3,0,1,0,0,0,0,2,1,6,2,56,9,1499,1,2,9,1,9
2017440042205,2,9,0,3,0,1,0,0,0,0,2,1,6,2,32,6,1242,1,8,3,1,3
2017440042205,3,19,0,5,0,1,0,0,0,0,0,1,1,1,31,6,1968,2,1,9,1,9
2017440042425,1,8,0,4,0,1,0,0,0,0,1,1,1,1,-1,-1,-1,-1,-1,-1,-1,-1
2017440042425,2,9,0,4,0,1,0,0,0,0,2,1,6,2,-1,-1,-1,-1,-1,-1,-1,-1
2017440042498,1,9,0,18,0,8,0,0,0,0,3,1,6,2,46,8,-1,-1,-1,6,1,6
2017440042498,2,1,0,17,0,8,0,0,0,0,2,1,6,1,43,7,-1,-1,-1,6,3,6
2017440042564,1,3,0,17,0,0,1,0,1,3,1,1,6,1,18,4,124,1,1,10,3,10
2017440042568,1,9,0,7,0,8,0,0,0,0,1,1,6,3,-1,-1,1390,1,5,-1,-1,-1
2017440042572,1,5,0,18,0,8,1,4,0,0,3,1,6,1,25,5,748,1,4,9,1,9
2017440042572,2,9,0,9,0,8,0,0,0,0,0,1,6,3,-1,-1,-1,-1,-1,-1,-1,-1
2017440042572,3,9,0,2,0,2,0,0,0,0,2,1,6,3,-1,-1,999,1,2,-1,-1,-1
2017440042578,1,9,0,4,0,1,0,0,0,0,4,1,6,1,53,8,1596,1,15,1,1,1
2017440042578,2,1,0,18,0,1,0,0,0,0,3,1,6,1,29,6,-1,-1,-1,4,1,4