Accident_Index,Vehicle_Reference,Vehicle_Type,Towing_and_Articulation,Vehicle_Manoeuvre,Vehicle_Location-Restricted_Lane,Junction_Location,Skidding_and_Overturning,Hit_Object_in_Carriageway,Vehicle_Leaving_Carriageway,Hit_Object_off_Carriageway,1st_Point_of_Impact,Was_Vehicle_Left_Hand_Drive?,Journey_Purpose_of_Driver,Sex_of_Driver,Age_of_Driver,Age_Band_of_Driver,Engine_Capacity_(CC),Propulsion_Code,Age_of_Vehicle,Driver_IMD_Decile,Driver_Home_Area_Type,Vehicle_IMD_Decile
2017440042615,1,9,0,9,0,2,0,0,0,0,1,1,6,2,61,9,1360,1,11,9,1,9
2017440042659,1,19,0,9,0,8,0,0,0,0,1,1,6,1,55,8,1560,2,3,3,1,3
2017440042659,2,9,0,18,0,8,0,0,0,0,1,1,6,1,50,8,1598,2,2,10,2,10
2017440042914,1,9,0,18,0,8,0,0,0,0,1,1,6,1,53,8,1796,1,7,5,1,5
2017440042914,2,1,0,9,0,8,0,0,0,0,4,1,2,1,28,6,-1,-1,-1,6,1,6
2017440043009,1,9,0,18,0,8,0,0,0,0,3,1,2,2,49,8,1248,2,11,10,3,10
2017440043009,2,1,0,18,0,8,0,0,0,0,1,1,6,1,43,7,-1,-1,-1,4,1,4
2017440043028,1,9,0,1,0,0,0,0,0,0,2,1,6,1,25,5,1796,1,13,5,1,5
2017440043208,1,1,0,18,0,2,0,0,0,0,1,1,6,1,70,10,-1,-1,-1,6,1,6
2017440043208,2,9,0,2,0,2,0,0,0,0,3,1,6,3,-1,-1,999,1,3,-1,-1,-1
2017440043372,1,19,0,18,9,2,0,0,1,0,4,1,1,2,-1,-1,-1,-1,-1,3,1,3
2017440043576,1,9,0,17,0,0,2,0,1,1,1,1,1,2,42,7,1560,2,9,5,2,5
2017440043812,1,9,0,18,0,1,1,0,0,0,1,1,2,1,33,6,1198,1,14,8,1,8
2017440043812,2,9,0,10,0,1,0,0,0,0,2,1,6,2,53,8,2402,2,9,9,3,9
2017440043861,1,9,0,18,0,0,0,0,0,0,4,1,6,1,75,10,1951,2,13,7,1,7
2017440043936,1,9,0,18,0,0,1,0,1,4,1,1,6,1,74,10,3199,1,16,10,1,10
2017440043938,1,9,0,18,0,0,0,0,0,0,1,1,6,2,39,7,3175,1,13,8,3,8
2017440043938,2,9,0,9,0,0,0,0,0,0,1,1,6,2,-1,-1,998,1,11,7,3,7
2017440044101,1,9,0,18,0,0,0,0,0,0,1,1,6,1,38,7,2720,2,10,10,1,10
2017440044103,1,8,0,18,0,4,0,0,0,0,1,1,2,1,36,7,1753,2,8,3,1,3
2017440044103,2,1,0,18,0,8,0,0,0,0,2,1,6,1,43,7,-1,-1,-1,4,1,4
2017440044109,1,1,0,9,0,8,0,0,0,0,4,1,6,1,39,7,-1,-1,-1,2,1,2
2017440044109,2,9,0,18,0,4,0,0,0,0,1,1,6,2,40,7,1560,2,11,3,1,3
2017440044153,1,9,0,18,0,0,0,0,1,9,1,1,6,1,25,5,2993,2,11,9,1,9
2017440044153,2,9,0,18,0,0,0,0,0,0,2,1,6,1,63,9,1108,1,8,9,1,9
2017440044384,1,8,0,13,0,0,0,0,0,0,0,1,6,3,-1,-1,-1,-1,-1,-1,-1,-1
2017440044384,2,1,0,18,0,0,0,2,0,0,1,1,6,1,43,7,-1,-1,-1,2,1,2
2017440044613,1,9,0,18,0,2,0,0,1,4,1,1,1,1,17,4,4999,1,10,8,3,8
2017440044688,1,9,0,8,0,1,0,0,0,0,2,1,6,1,33,6,-1,-1,-1,2,1,2
2017440044688,2,9,0,4,0,1,0,0,0,0,1,1,6,3,-1,-1,1968,2,5,-1,-1,-1
2017440044740,1,9,0,18,0,0,1,0,4,2,3,1,6,1,39,7,1199,1,15,5,1,5
2017440044751,1,5,0,18,0,0,1,0,1,0,0,1,6,1,54,8,999,1,1,10,1,10
2017440044751,2,9,0,12,0,0,0,0,0,0,0,1,6,2,-1,-1,-1,-1,-1,-1,-1,-1
2017440044800,1,9,0,17,0,0,0,0,0,0,1,1,6,1,83,11,2295,1,17,9,2,9
2017440044800,2,9,0,16,0,0,0,0,0,0,1,1,6,2,56,9,1797,8,2,9,2,9
2017440044848,1,9,0,9,0,8,0,0,0,0,1,1,6,1,19,4,1108,1,14,3,1,3
2017440044848,2,2,0,18,0,8,0,0,0,0,3,1,6,2,21,5,49,1,16,1,1,1
2017440044987,1,1,0,18,0,1,0,0,0,0,3,1,2,2,19,4,-1,-1,-1,1,1,1
2017440044987,2,9,0,18,0,8,0,0,0,0,1,1,6,1,48,8,1390,1,13,3,1,3
2017440045217,1,1,0,7,0,8,1,0,1,0,3,1,6,1,38,7,-1,-1,-1,7,1,7
2017440045217,2,9,0,7,0,8,0,0,0,0,4,1,6,2,53,8,1598,1,17,4,1,4
2017440045275,1,4,0,18,0,1,1,4,0,0,1,1,6,1,16,4,125,1,10,4,1,4
2017440045275,2,9,0,7,0,1,0,0,0,0,1,1,6,3,-1,-1,2198,2,9,-1,-1,-1
2017440045275,3,9,0,2,0,1,0,0,0,0,2,1,6,3,-1,-1,-1,-1,-1,-1,-1,-1
2017440045325,1,9,0,18,0,0,0,0,0,0,1,1,6,2,26,6,1910,2,8,4,1,4
2017440045678,1,9,0,4,0,0,0,0,0,0,1,1,6,1,26,6,1599,1,13,7,1,7
2017440045678,2,9,0,18,0,0,0,0,4,6,2,1,6,1,51,8,1598,1,12,1,1,1
2017440045678,3,9,0,18,0,0,0,0,0,0,1,1,6,1,23,5,1389,1,20,6,1,6
2017440045741,1,9,0,11,0,0,1,0,4,6,4,1,6,1,23,5,2998,1,-1,2,1,2
2017440046188,1,9,0,5,0,8,0,0,0,0,1,1,6,2,41,7,2477,2,12,6,3,6
2017440046188,2,9,0,18,0,8,0,0,0,0,1,1,6,1,67,10,1498,1,16,4,2,4
2017440046534,1,1,0,18,0,8,0,0,0,0,0,1,6,1,44,7,-1,-1,-1,8,1,8
2017440046534,2,9,0,5,0,8,0,0,0,0,0,1,6,3,-1,-1,1997,2,1,-1,-1,-1
2017440046548,1,9,0,17,0,0,0,0,0,0,4,1,6,1,33,6,1968,2,3,6,1,6
2017440046548,2,9,0,18,0,0,0,0,0,0,1,1,6,1,74,10,1388,1,12,8,1,8
2017440046672,1,3,0,18,0,1,0,0,0,0,1,1,6,1,18,4,124,1,25,3,1,3
2017440046672,2,9,0,9,0,5,0,0,0,0,1,1,6,1,24,5,1496,1,-1,10,1,10
2017440046946,1,2,0,4,0,1,1,0,0,0,4,1,6,1,17,4,49,1,4,6,1,6
2017440046949,1,9,0,18,0,0,0,0,0,0,1,1,3,2,40,7,1598,2,6,1,1,1
2017440046949,2,9,0,18,0,0,0,0,0,0,2,1,2,2,43,7,899,1,3,8,1,8
2017440046949,3,9,0,2,0,0,0,0,0,0,2,1,6,2,29,6,1242,1,1,5,1,5
2017440046949,4,9,0,2,0,0,0,0,0,0,2,1,6,3,-1,-1,998,1,12,3,1,3
2017440046949,5,9,0,2,0,0,0,0,0,0,2,1,6,2,30,6,1197,1,1,7,1,7
2017440047705,1,9,0,16,0,0,0,0,0,0,3,1,6,2,60,9,1364,2,11,9,2,9
2017440047705,2,9,0,17,0,0,0,0,0,0,3,1,6,2,54,8,1968,2,7,7,2,7
2017440047796,1,9,0,9,0,8,1,0,0,0,1,1,1,2,24,5,2000,2,12,4,1,4
2017440047796,2,19,0,9,0,8,0,0,0,0,2,1,6,2,69,10,-1,-1,-1,7,1,7
2017440047796,3,90,0,18,0,8,0,0,0,0,0,1,1,1,34,6,2987,2,7,10,2,10
2017440047815,1,9,0,9,0,8,0,0,0,0,1,1,2,2,45,7,1248,2,8,10,1,10
2017440047815,2,9,0,18,0,8,0,4,0,0,1,1,3,2,46,8,1749,1,13,8,3,8
2017440047815,3,9,0,2,0,2,0,0,0,0,2,1,6,1,44,7,1997,2,3,9,1,9
2017440047853,1,9,0,9,0,8,0,0,3,0,3,1,2,2,26,6,1582,2,4,8,2,8
2017440047853,2,9,0,18,0,8,0,0,0,0,1,1,2,2,34,6,1242,1,1,10,1,10
2017440047871,1,9,0,4,0,1,0,0,0,0,2,1,6,2,32,6,1995,2,5,9,3,9
2017440047871,2,19,0,4,0,1,0,0,0,0,1,1,1,3,-1,-1,1995,2,7,-1,-1,-1
2017440047890,1,9,0,18,0,0,0,0,1,0,3,1,6,1,20,4,1198,1,12,2,1,2
2017440047890,2,9,0,18,0,0,0,0,0,0,2,1,6,2,48,8,1329,1,1,5,2,5
2017440047895,1,9,0,18,0,8,0,0,0,0,3,1,6,2,43,7,1200,1,1,7,1,7
2017440047895,2,9,0,5,0,8,0,0,0,0,1,1,6,3,-1,-1,1198,1,12,-1,-1,-1
2017440048011,1,9,0,5,0,0,0,0,0,0,3,1,6,2,74,10,999,1,15,7,1,7
2017440048011,2,3,0,18,0,0,1,0,0,0,1,1,1,1,46,8,108,1,3,4,1,4
2017440048143,1,9,0,18,0,0,5,0,1,11,4,1,1,1,22,5,1598,1,14,8,3,8
2017440048178,1,1,0,18,0,4,0,0,0,0,1,1,1,1,40,7,-1,-1,-1,10,1,10
2017440048178,2,9,0,3,0,4,0,0,0,0,2,1,1,2,50,8,-1,-1,-1,10,1,10
2017440048252,1,9,0,18,0,4,0,0,0,0,3,1,6,2,37,7,1560,2,10,10,1,10
2017440048252,2,1,0,18,0,4,0,0,0,0,4,1,1,2,40,7,-1,-1,-1,6,1,6
2017440048323,1,9,0,18,0,0,0,0,0,0,1,1,3,2,28,6,998,1,9,4,1,4
2017440048323,2,9,0,4,0,0,0,0,0,0,2,1,1,1,25,5,1461,2,3,8,3,8
2017440048332,1,9,0,18,0,0,0,0,0,0,1,1,2,1,49,8,2685,2,12,6,1,6
2017440048332,2,19,0,18,0,0,0,0,0,0,3,1,2,2,33,6,1753,2,4,7,1,7
2017440048332,3,9,0,18,0,0,0,0,0,0,1,1,2,1,34,6,1242,1,4,6,1,6
2017440048387,1,16,0,18,0,0,0,0,0,0,0,1,6,2,46,8,-1,-1,-1,10,2,10
2017440048516,1,9,0,13,0,0,0,0,7,11,3,1,1,1,60,9,1560,2,4,-1,-1,-1
2017440048516,2,9,0,13,0,0,0,0,7,11,1,1,1,1,54,8,-1,-1,-1,7,1,7
2017440048574,1,4,0,13,0,8,0,0,0,0,1,1,6,1,18,4,349,1,23,2,1,2
2017440048574,2,9,0,9,0,8,0,0,0,0,3,1,6,1,60,9,1598,1,14,7,1,7
2017440048578,1,9,0,18,0,1,0,0,0,0,1,1,6,3,-1,-1,-1,-1,-1,-1,-1,-1
2017440048762,1,9,0,18,0,1,0,0,0,0,1,1,6,2,41,7,998,1,2,1,1,1
2017440048762,2,9,0,9,0,5,0,0,0,0,1,1,1,1,21,5,-1,-1,-1,7,1,7
2017440048769,1,9,0,10,0,1,0,0,0,0,2,1,6,1,55,8,1242,1,2,9,2,9
2017440048769,2,9,0,18,0,1,0,0,0,0,1,1,1,1,70,10,-1,-1,-1,9,3,9
2017440048794,1,9,0,5,0,1,0,0,0,0,4,1,6,1,44,7,1199,1,17,4,1,4
2017440048794,2,1,0,18,0,8,0,0,0,0,3,1,6,1,75,10,-1,-1,-1,6,1,6
2017440048851,1,9,0,18,0,0,0,4,0,0,1,1,6,2,17,4,999,1,-1,7,1,7
2017440048851,2,9,0,2,0,0,0,0,0,0,2,1,1,1,66,10,1968,2,5,9,1,9
2017440048922,1,9,0,18,0,0,0,0,0,0,1,1,6,1,21,5,1390,1,13,5,1,5
2017440049119,1,9,0,9,0,8,0,0,0,0,3,1,2,1,25,5,1796,1,13,3,1,3
2017440049119,2,1,0,18,0,8,0,0,0,0,1,1,2,1,23,5,-1,-1,-1,10,1,10
2017440049201,1,9,0,10,0,8,0,0,0,0,2,1,6,1,43,7,1998,1,14,5,1,5
2017440049201,2,9,0,14,0,8,0,0,0,0,1,1,6,3,-1,-1,1328,1,12,-1,-1,-1
2017440049224,1,9,0,7,0,1,0,0,1,4,1,1,6,2,22,5,1299,1,16,5,1,5
2017440049352,1,9,0,18,0,1,0,12,0,0,1,1,6,1,42,7,1390,1,16,9,2,9
2017440049354,1,9,4,18,0,0,4,0,1,0,1,1,1,1,68,10,2495,2,20,7,3,7
2017440049535,1,9,0,18,0,1,0,0,0,0,3,1,6,3,-1,-1,-1,-1,-1,-1,-1,-1
2017440049535,2,1,0,18,0,1,0,0,0,0,4,1,6,1,14,3,-1,-1,-1,7,1,7
2017440049553,1,9,0,7,4,8,0,0,0,0,1,1,2,1,57,9,-1,-1,-1,3,1,3
2017440049553,2,1,0,18,4,8,0,0,0,0,4,1,2,2,56,9,-1,-1,-1,1,1,1
2017440049589,1,9,0,9,0,8,0,0,0,0,1,1,1,2,34,6,1995,1,7,10,1,10
2017440049589,2,9,0,18,0,8,0,0,0,0,1,1,1,1,51,8,998,1,15,5,1,5
2017440049589,3,9,0,10,0,1,0,0,0,0,1,1,1,1,26,6,1598,1,1,10,1,10
2017440049597,1,9,0,18,0,0,0,0,0,0,1,1,2,2,25,5,1753,2,13,8,1,8
2017440049897,1,1,0,18,0,0,0,10,0,0,0,1,6,1,29,6,-1,-1,-1,5,1,5
2017440049897,2,9,0,13,0,0,0,0,0,0,0,1,6,3,-1,-1,-1,-1,-1,-1,-1,-1
2017440050237,1,9,0,9,0,8,0,0,0,0,1,1,6,1,18,4,1199,1,13,9,1,9
2017440050237,2,9,0,18,0,8,0,0,0,0,1,1,6,2,55,8,1086,1,10,6,1,6
2017440050300,1,9,0,1,9,8,0,0,0,0,2,1,6,2,24,5,1360,1,15,9,1,9
2017440050439,1,5,0,18,0,0,1,4,0,0,1,1,2,1,23,5,645,1,8,7,1,7
2017440050439,2,9,0,2,0,0,0,0,0,0,2,1,6,3,-1,-1,1753,2,9,-1,-1,-1
2017440050579,1,9,0,1,0,8,0,0,0,0,2,1,6,2,58,9,1598,1,7,5,1,5
2017440050579,2,9,0,18,0,8,0,0,0,0,1,1,6,1,35,6,1968,2,5,3,1,3
2017440050647,1,9,0,4,0,8,0,0,0,0,2,1,6,2,47,8,1248,1,3,8,1,8
2017440050647,2,9,0,4,0,8,0,0,0,0,2,1,6,1,60,9,1999,2,2,7,1,7
2017440050647,3,9,0,4,0,8,0,0,0,0,1,1,6,1,23,5,1794,1,17,10,1,10
2017440050655,1,9,0,4,0,8,0,0,0,0,2,1,2,2,41,7,1397,1,9,-1,-1,-1
2017440050655,2,9,0,18,0,8,0,0,0,0,1,1,2,1,38,7,2967,2,2,8,3,8
2017440050772,1,9,0,17,0,0,5,0,7,4,1,1,6,2,20,4,1086,1,11,9,1,9
2017440051339,1,9,0,18,0,1,0,0,0,0,4,1,6,2,26,6,1329,1,5,7,1,7
2017440051339,2,9,0,12,0,1,0,0,0,0,3,1,6,3,-1,-1,1242,1,12,-1,-1,-1
2017440051501,1,9,0,5,0,2,0,0,0,0,4,1,1,2,58,9,1598,1,17,6,1,6
2017440051501,2,90,0,18,0,2,0,0,0,0,3,1,1,1,49,8,-1,-1,-1,4,1,4
2017440051683,1,9,0,4,0,1,0,0,0,0,2,1,6,2,34,6,998,1,18,9,1,9
2017440051683,2,9,0,4,0,1,0,0,0,0,1,1,6,3,-1,-1,-1,-1,-1,-1,-1,-1
2017440051933,1,9,0,18,0,0,0,0,0,0,1,1,1,2,27,6,1086,1,7,6,1,6
2017440051954,1,5,0,18,0,8,1,0,0,0,3,1,2,1,59,9,675,1,8,9,1,9
2017440052028,1,11,0,3,0,0,0,0,0,0,0,1,1,1,66,10,4500,2,1,-1,-1,-1
2017440052255,1,9,0,4,0,0,0,0,0,0,2,1,1,1,63,9,-1,-1,-1,6,1,6
2017440052255,2,9,0,4,0,0,0,0,0,0,2,1,2,2,28,6,3189,1,10,3,1,3
2017440052255,3,9,0,4,0,0,0,0,0,0,2,1,2,1,27,6,-1,-1,-1,1,1,1
2017440052255,4,19,0,4,0,0,0,0,0,0,2,1,2,1,43,7,1598,2,1,3,1,3
2017440052255,5,19,0,4,0,0,0,0,0,0,1,1,1,1,40,7,1598,2,1,3,1,3
2017440052417,1,9,0,12,0,8,0,0,0,0,2,1,6,2,54,8,-1,-1,-1,-1,-1,-1
2017440052417,2,9,0,17,0,8,0,0,0,0,1,1,6,1,28,6,1796,1,6,9,1,9
2017440052494,1,9,0,17,0,8,0,0,7,11,1,1,3,2,23,5,1396,1,16,2,1,2
2017440052535,1,9,0,3,0,0,0,0,0,0,2,1,2,2,44,7,1910,2,10,1,1,1
2017440052535,2,9,0,3,0,0,0,0,0,0,2,1,2,2,35,6,1956,2,2,10,1,10
2017440052535,3,9,0,4,0,0,0,0,0,0,1,1,2,1,26,6,1248,1,4,4,1,4
2017440052651,1,9,0,7,0,8,0,0,0,0,3,1,6,1,81,11,1998,1,-1,9,1,9
2017440052651,2,1,0,18,0,8,0,0,0,0,1,1,6,2,51,8,-1,-1,-1,7,1,7
2017440052732,1,5,0,13,0,0,0,0,0,0,1,1,2,1,48,8,781,1,16,5,3,5
2017440052732,2,5,0,18,0,0,0,0,0,0,1,1,2,1,29,6,124,1,8,8,1,8
2017440052732,3,19,0,18,0,0,0,0,0,0,0,1,1,1,37,7,1968,2,4,10,2,10
2017440053160,1,9,0,9,0,8,0,0,0,0,3,1,2,1,48,8,1598,1,5,2,1,2
2017440053160,2,1,0,14,0,8,1,0,0,0,1,1,3,1,42,7,-1,-1,-1,3,1,3
2017440053166,1,9,0,9,0,8,0,0,0,0,1,1,6,2,46,8,1198,1,6,5,1,5
2017440053350,1,9,0,18,0,1,0,0,0,0,1,1,2,2,59,9,1364,1,2,5,1,5
2017440053385,1,5,0,18,0,8,0,0,0,0,1,1,6,1,29,6,-1,-1,-1,1,1,1
2017440053385,2,9,0,9,0,8,0,0,0,0,3,1,6,3,-1,-1,1968,2,6,-1,-1,-1
2017440053407,1,1,0,18,0,1,0,0,0,0,4,1,6,1,29,6,-1,-1,-1,5,1,5
2017440053407,2,9,0,18,0,1,0,0,0,0,1,1,6,1,42,7,1595,1,4,-1,-1,-1
2017440053425,1,9,0,18,0,8,0,0,0,0,1,1,6,2,20,4,1349,1,9,4,1,4
2017440053638,1,9,0,17,0,0,0,0,7,4,1,1,6,1,19,4,-1,-1,-1,-1,-1,-1
2017440053980,1,19,0,9,0,6,0,0,0,0,1,1,1,1,51,8,2198,2,2,7,1,7
2017440054405,1,9,0,18,0,1,0,0,7,0,3,1,6,1,22,5,1390,1,13,7,3,7
2017440054405,2,9,0,18,0,2,0,0,0,0,1,1,6,1,79,11,-1,-1,-1,10,3,10
2017440054539,1,5,0,18,0,8,0,0,0,0,1,1,6,1,28,6,1050,1,9,5,1,5
2017440054539,2,9,0,9,0,8,0,0,0,0,1,1,6,3,-1,-1,-1,-1,-1,-1,-1,-1
2017440054579,1,9,0,17,0,0,0,0,0,0,1,1,6,2,22,5,1198,1,10,6,1,6
2017440054661,1,1,0,18,0,8,0,0,0,0,1,1,1,1,18,4,-1,-1,-1,-1,-1,-1
2017440054661,2,9,0,5,0,8,0,0,0,0,1,1,6,2,24,5,1242,1,10,4,1,4
2017440054928,1,19,0,9,0,8,0,0,0,0,1,1,6,1,46,8,1398,2,10,4,1,4
2017440054928,2,9,0,18,0,8,0,0,0,0,1,1,6,1,40,7,1598,1,14,9,1,9
2017440054953,1,9,0,2,0,0,0,0,0,0,2,1,6,1,17,4,1242,1,10,3,1,3
2017440054953,2,9,0,16,0,0,1,0,0,0,1,1,6,1,26,6,1995,1,13,2,1,2
2017440055015,1,9,0,18,0,0,1,0,7,11,1,1,2,1,29,6,1794,1,13,4,2,4
2017440055015,2,9,0,2,0,0,0,0,0,0,1,1,6,3,-1,-1,1586,1,4,-1,-1,-1
2017440055015,3,9,0,2,0,0,0,0,0,0,1,1,6,3,-1,-1,1395,1,3,-1,-1,-1
2017440055435,1,9,0,16,0,8,5,0,2,10,4,1,6,1,41,7,1997,1,14,4,1,4
2017440055736,1,9,0,16,0,0,5,0,7,4,1,1,6,1,24,5,1781,1,17,2,1,2
2017440055842,1,9,0,13,0,0,5,0,1,9,1,1,6,1,51,8,1686,2,12,6,1,6
2017440055880,1,19,0,18,0,0,1,0,0,0,2,1,1,1,55,8,2143,2,3,-1,3,-1
2017440055880,2,19,0,18,0,0,0,0,0,0,1,1,1,1,29,6,2488,2,6,2,1,2
2017440055944,1,9,0,18,0,8,0,0,0,0,1,1,2,1,26,6,1598,1,9,3,1,3
2017440055944,2,19,0,9,0,8,0,0,0,0,1,1,1,1,-1,-1,2299,2,3,9,1,9
2017440056182,1,10,0,18,0,0,0,0,1,4,1,1,1,2,22,5,2402,2,14,9,1,9
2017440056270,1,9,0,1,0,8,0,0,0,0,2,1,6,3,-1,-1,-1,-1,-1,-1,-1,-1
2017440056312,1,9,0,9,0,8,0,0,0,0,1,1,6,1,38,7,1560,2,3,4,1,4
2017440056312,2,5,0,18,0,8,0,0,0,0,1,1,2,1,38,7,645,1,13,4,1,4
2017440056351,1,9,0,9,0,8,0,0,0,0,3,1,4,1,17,4,1229,1,3,8,1,8
2017440056351,2,9,0,18,0,8,0,0,0,0,1,1,6,1,65,9,-1,-1,-1,10,1,10
2017440056755,1,3,0,18,0,0,0,0,0,0,4,1,6,1,24,5,125,1,1,6,1,6
2017440056868,1,9,0,9,0,5,0,0,0,0,1,1,6,1,31,6,1596,1,11,2,1,2
2017440056868,2,2,0,18,0,1,0,0,0,0,1,1,2,1,42,7,-1,-1,-1,2,1,2
2017440056924,1,5,0,16,0,8,0,0,0,0,3,1,1,1,50,8,1170,1,3,10,1,10
2017440056987,1,9,0,18,0,2,0,0,0,0,3,1,6,3,-1,-1,-1,-1,-1,-1,-1,-1
2017440056987,2,3,0,18,0,1,0,0,0,0,3,1,6,1,50,8,124,1,18,7,1,7
2017440057026,1,9,0,18,0,8,0,0,3,4,1,1,2,1,57,9,1685,2,3,6,3,6
2017440057218,1,9,0,18,0,0,0,0,0,0,2,1,2,1,-1,-1,2967,2,3,5,1,5
2017440057218,2,9,0,18,0,0,0,0,0,0,2,1,2,1,39,7,1986,2,11,8,1,8
2017440057218,3,19,0,18,0,0,0,0,0,0,1,1,2,1,21,5,2198,2,2,6,3,6
2017440057222,1,9,0,11,0,0,0,0,0,0,4,1,1,1,36,7,-1,-1,-1,4,1,4
2017440057222,2,9,0,18,0,0,0,0,0,0,3,1,6,2,23,5,1598,2,4,5,1,5
2017440057222,3,9,0,18,0,0,0,0,0,0,2,1,1,2,56,9,1995,2,7,6,1,6
2017440057364,1,9,0,18,0,0,0,0,0,0,1,1,3,2,42,7,1560,2,3,7,2,7
2017440057364,2,9,0,4,0,0,0,0,0,0,2,1,1,2,22,5,-1,-1,-1,3,1,3
2017440057364,3,9,0,4,0,0,0,0,0,0,2,1,1,1,35,6,1988,2,12,6,2,6
2017440057380,1,9,0,18,0,1,0,0,0,0,1,1,6,2,35,6,2993,2,11,8,1,8
2017440057380,2,9,0,9,0,6,0,0,0,0,3,1,6,1,34,6,2199,2,6,10,1,10
2017440057392,1,9,0,11,0,8,0,0,0,0,1,1,6,3,-1,-1,-1,-1,-1,-1,-1,-1
2017440057392,2,9,0,18,0,8,0,0,0,0,2,1,6,2,28,6,1388,1,9,8,1,8
2017440057829,1,9,0,18,0,8,0,0,0,0,4,1,6,1,26,6,1984,1,11,9,1,9
2017440057829,2,9,0,18,0,8,0,0,0,0,1,1,6,1,79,11,1995,2,7,9,1,9
2017440057857,1,9,0,17,0,0,2,0,2,11,4,1,6,2,27,6,1598,1,13,4,1,4
2017440058071,1,3,0,4,0,1,0,0,0,0,0,1,6,1,22,5,49,1,13,3,1,3
2017440058084,1,19,0,18,0,8,0,0,0,0,1,1,2,1,32,6,1560,2,3,-1,-1,-1
2017440058084,2,1,0,18,0,8,0,0,0,0,4,1,6,1,27,6,-1,-1,-1,8,3,8
2017440058188,1,5,0,18,0,0,1,0,0,0,3,1,1,1,51,8,689,1,3,3,1,3
2017440058274,1,4,0,16,0,8,0,0,1,0,3,1,6,1,43,7,125,1,11,1,1,1
2017440058624,1,9,0,18,0,0,2,0,5,6,1,1,6,1,65,9,1796,1,10,7,1,7
2017440058666,1,9,0,11,0,0,0,0,0,0,1,1,2,1,53,8,-1,-1,-1,9,1,9
2017440058666,2,19,0,4,0,0,0,0,0,0,2,1,6,2,45,7,-1,-1,-1,10,1,10
2017440058666,3,9,0,4,0,0,0,0,0,0,2,1,6,2,57,9,998,1,3,10,1,10
2017440058666,4,9,0,4,0,0,0,0,0,0,2,1,6,1,73,10,1339,8,8,2,1,2
2017440058666,5,9,0,4,0,0,0,0,0,0,2,1,6,1,60,9,1910,2,9,10,2,10
2017440058693,1,9,0,3,0,0,0,0,0,0,1,1,1,1,36,7,1995,2,12,3,1,3
2017440058693,2,19,0,3,0,0,0,0,0,0,2,1,1,1,59,9,1753,2,11,7,1,7
2017440058693,3,9,0,3,0,0,0,0,0,0,2,1,1,3,-1,-1,1360,1,15,-1,-1,-1
2017440058696,1,1,0,18,0,8,0,0,0,0,4,1,2,1,46,8,-1,-1,-1,7,1,7
2017440058696,2,9,0,5,0,4,0,0,0,0,1,1,6,1,-1,-1,2143,2,3,-1,-1,-1
2017440058729,1,9,0,4,0,1,0,0,0,0,2,1,2,1,42,7,1598,1,15,7,1,7
2017440058729,2,3,0,18,0,1,1,0,0,0,1,1,2,1,18,4,124,1,9,1,1,1
2017440058766,1,9,0,18,0,6,0,0,0,0,1,1,2,1,28,6,1896,2,16,8,2,8
2017440058766,2,9,0,18,0,1,0,0,0,0,3,1,2,1,40,7,1995,2,5,10,1,10
2017440058807,1,9,0,18,0,0,2,0,2,4,4,1,6,2,18,4,1596,1,11,10,1,10
2017440058850,1,3,0,18,0,8,0,0,0,0,4,1,6,1,36,7,124,1,17,5,1,5
2017440058850,2,9,0,18,0,8,0,0,0,0,1,1,6,3,-1,-1,1493,2,7,-1,-1,-1
2017440059368,1,9,0,18,0,1,0,0,0,0,1,1,3,2,45,7,2477,2,12,4,1,4
2017440059415,1,9,0,18,0,0,5,0,5,6,1,1,6,2,24,5,1598,1,13,4,1,4
2017440059528,1,9,0,18,0,8,0,0,0,0,4,1,6,2,42,7,1242,1,10,3,1,3
2017440059528,2,1,0,18,0,8,0,0,0,0,1,1,6,2,26,6,-1,-1,-1,5,1,5
2017440059645,1,9,0,18,0,0,0,0,0,0,1,1,6,1,41,7,1391,1,22,8,1,8
2017440059645,2,9,0,18,0,0,0,0,0,0,2,1,6,1,54,8,1968,2,7,10,1,10
2017440059645,3,9,0,18,0,0,0,0,0,0,2,1,6,2,-1,-1,1997,2,2,8,1,8
2017440059645,4,9,0,18,0,0,0,0,0,0,2,1,6,1,49,8,1349,1,3,6,1,6
2017440059645,5,9,0,18,0,0,0,0,0,0,2,1,6,1,58,9,1598,1,1,6,1,6
2017440059662,1,9,0,18,0,8,0,0,0,0,1,1,6,1,32,6,2495,1,11,4,1,4
2017440059662,2,9,0,4,0,8,0,0,0,0,1,1,1,1,-1,-1,1560,2,3,7,3,7
2017440059669,1,9,0,17,0,8,0,0,0,0,2,1,2,1,47,8,2143,2,2,9,3,9
2017440059669,2,4,0,18,0,8,0,0,0,0,4,1,2,1,48,8,250,1,2,10,1,10
2017440059707,1,5,0,18,0,8,0,0,0,0,0,1,2,1,36,7,645,1,7,-1,-1,-1
2017440059707,2,19,0,9,0,8,0,0,0,0,0,1,6,1,-1,-1,1248,2,6,-1,-1,-1
2017440059873,1,9,0,5,0,1,0,0,0,0,1,1,6,2,43,7,999,1,1,5,1,5
2017440059873,2,9,0,3,0,1,0,0,0,0,2,1,6,1,29,6,998,1,13,4,2,4