Accident_Index,Vehicle_Reference,Vehicle_Type,Towing_and_Articulation,Vehicle_Manoeuvre,Vehicle_Location-Restricted_Lane,Junction_Location,Skidding_and_Overturning,Hit_Object_in_Carriageway,Vehicle_Leaving_Carriageway,Hit_Object_off_Carriageway,1st_Point_of_Impact,Was_Vehicle_Left_Hand_Drive?,Journey_Purpose_of_Driver,Sex_of_Driver,Age_of_Driver,Age_Band_of_Driver,Engine_Capacity_(CC),Propulsion_Code,Age_of_Vehicle,Driver_IMD_Decile,Driver_Home_Area_Type,Vehicle_IMD_Decile
2017440079509,3,9,0,18,0,8,0,0,0,0,1,1,6,2,51,8,1686,2,2,8,1,8
2017440079535,1,9,0,9,0,8,0,0,0,0,3,1,6,3,-1,-1,1242,1,2,-1,-1,-1
2017440079535,2,1,0,18,0,8,0,0,0,0,1,1,6,1,16,4,-1,-1,-1,10,1,10
2017440079643,1,1,0,18,0,8,0,0,0,0,4,1,6,1,39,7,-1,-1,-1,10,1,10
2017440079643,2,9,0,5,0,8,0,0,0,0,1,1,6,3,-1,-1,1591,1,-1,-1,-1,-1
2017440079714,1,9,0,5,0,8,0,0,0,0,1,1,6,2,56,9,-1,-1,-1,8,3,8
2017440079714,2,9,0,18,0,8,0,0,0,0,1,1,2,1,62,9,1388,1,10,9,1,9
2017440079819,1,1,0,18,0,8,1,0,0,0,1,1,2,2,37,7,-1,-1,-1,4,1,4
2017440079819,2,9,0,9,0,8,0,0,0,0,1,1,2,1,39,7,1984,2,5,6,1,6
2017440080338,1,9,0,1,0,0,0,0,0,0,2,1,6,3,-1,-1,-1,-1,-1,-1,-1,-1
2017440080357,1,19,0,18,0,1,0,0,0,0,1,1,1,1,63,9,2143,2,1,4,1,4
2017440080943,1,9,0,18,0,2,0,0,0,0,1,1,6,2,19,4,875,1,5,8,1,8
2017440081203,1,9,0,9,0,8,0,0,0,0,4,1,1,1,47,8,1896,2,15,5,1,5
2017440081203,2,1,0,18,0,8,0,0,0,0,1,1,1,1,43,7,-1,-1,-1,3,1,3
2017440081209,1,9,0,4,0,0,0,0,0,0,2,1,6,1,38,7,2143,2,2,7,1,7
2017440081209,2,9,0,4,0,0,0,0,0,0,1,1,6,2,29,6,1997,1,9,2,1,2
2017440081265,1,9,0,18,0,1,0,0,0,0,1,1,1,1,25,5,1390,1,13,3,1,3
2017440081297,1,9,0,9,0,8,0,0,0,0,1,1,6,1,75,10,2149,2,10,8,2,8
2017440081297,2,5,0,18,0,8,1,0,0,0,2,1,2,1,29,6,599,1,17,6,1,6
2017440081401,1,9,0,9,0,5,0,0,0,0,1,1,6,2,17,4,1360,1,15,7,1,7
2017440081401,2,9,0,18,0,1,0,0,0,0,4,1,6,1,20,4,1390,1,16,8,1,8
2017440081416,1,9,0,18,0,6,0,0,1,11,1,1,6,2,50,8,1360,1,9,4,1,4
2017440081416,2,9,0,18,0,1,0,0,0,0,1,1,6,2,45,7,1951,2,15,5,1,5
2017440081596,1,9,0,18,0,0,0,0,0,0,1,1,6,1,17,4,1390,1,15,6,1,6
2017440081690,1,9,0,18,0,0,0,0,0,7,1,1,6,2,27,6,1560,2,1,6,1,6
2017440081690,2,9,0,18,0,0,5,0,2,7,2,1,6,1,50,8,-1,-1,-1,5,1,5
2017440081797,1,9,0,9,0,8,0,0,0,0,1,1,6,1,57,9,1968,2,7,10,2,10
2017440081797,2,1,0,18,0,8,0,0,0,0,1,1,6,1,29,6,-1,-1,-1,7,1,7
2017440081905,1,9,0,9,0,6,0,0,0,0,1,1,6,2,80,11,1598,2,1,7,3,7
2017440081905,2,9,0,17,0,1,0,0,0,0,1,1,6,2,40,7,1198,1,8,8,3,8
2017440081927,1,9,0,18,0,3,0,0,0,0,2,1,6,1,64,9,1997,2,14,9,1,9
2017440081927,2,9,0,18,0,3,0,0,0,0,1,1,1,1,43,7,1910,2,10,1,1,1
2017440081946,1,9,0,3,0,0,0,0,0,0,2,1,6,2,29,6,999,1,15,5,1,5
2017440081946,2,9,0,18,0,0,0,0,0,0,1,1,6,1,44,7,1973,1,16,8,1,8
2017440081946,3,9,0,3,0,0,0,0,0,0,2,1,6,3,-1,-1,-1,-1,-1,-1,-1,-1
2017440082039,1,17,0,9,0,8,0,0,0,0,2,1,1,1,-1,-1,-1,2,12,6,3,6
2017440082039,2,5,0,13,0,8,0,0,0,0,1,1,6,1,31,6,675,1,2,7,1,7
2017440082229,1,9,0,7,0,5,0,0,0,0,2,1,6,1,30,6,1598,2,3,5,1,5
2017440082229,2,19,0,7,0,5,0,0,0,0,1,1,6,1,24,5,-1,-1,-1,2,1,2
2017440082259,1,9,0,9,0,2,0,0,0,0,1,1,2,1,34,6,1242,1,3,5,1,5
2017440082259,2,5,0,18,0,1,1,10,0,0,1,1,6,1,61,9,583,1,18,9,1,9
2017440082410,1,9,0,18,0,0,0,0,0,0,1,1,6,2,21,5,1399,1,1,-1,-1,-1
2017440083051,1,9,0,4,0,1,0,0,0,0,1,1,6,1,64,9,2497,2,10,1,1,1
2017440083051,2,1,0,4,0,1,0,0,0,0,2,1,6,2,41,7,-1,-1,-1,10,2,10
2017440083184,1,9,0,9,0,6,0,0,0,0,1,1,6,1,42,7,1240,1,14,5,1,5
2017440083184,2,3,0,18,0,1,0,0,0,0,1,1,6,1,20,4,125,1,1,6,1,6
2017440083226,1,9,0,3,0,1,0,0,0,0,2,1,6,2,39,7,998,1,15,3,1,3
2017440083226,2,9,0,18,0,1,0,0,0,0,1,1,6,2,-1,-1,995,1,10,-1,-1,-1
2017440083378,1,9,0,9,0,2,0,4,0,0,1,1,6,1,19,4,1493,1,20,7,1,7
2017440083378,2,9,0,18,0,2,0,0,0,0,2,1,6,3,-1,-1,1198,1,7,-1,-1,-1
2017440083378,3,9,0,18,0,2,0,0,0,0,2,1,6,3,-1,-1,2987,2,11,-1,-1,-1
2017440083644,1,9,0,18,0,2,0,4,0,0,4,1,6,1,70,10,1591,1,1,4,1,4
2017440083644,2,9,0,2,0,1,0,0,0,0,3,1,6,3,-1,-1,1997,1,1,-1,-1,-1
2017440083644,3,9,0,2,0,1,0,0,0,0,1,1,6,3,-1,-1,1591,1,6,-1,-1,-1
2017440083644,4,9,0,18,0,1,0,0,0,0,1,1,6,3,-1,-1,-1,-1,-1,-1,-1,-1
2017440083661,1,9,0,17,0,0,0,0,0,0,1,1,6,2,47,8,1242,1,21,4,1,4
2017440083661,2,21,0,2,0,0,0,0,0,0,1,1,6,3,-1,-1,-1,-1,-1,-1,-1,-1
2017440083692,1,9,0,12,0,7,0,0,1,9,1,1,6,1,25,5,1686,2,14,3,1,3
2017440083692,2,9,0,18,0,8,0,0,1,9,1,1,6,2,47,8,1328,1,4,9,1,9
2017440083827,1,9,0,16,0,0,1,0,7,4,1,1,6,1,18,4,1769,1,13,5,1,5
2017440083827,2,9,0,2,0,0,0,0,0,0,3,1,6,3,-1,-1,1999,1,12,-1,-1,-1
2017440083827,3,9,0,2,0,0,0,0,0,0,3,1,6,3,-1,-1,1461,2,11,-1,-1,-1
2017440083827,4,9,0,2,0,0,0,0,0,0,3,1,6,3,-1,-1,1956,2,3,-1,-1,-1
2017440083827,5,9,0,2,0,0,0,0,0,0,3,1,6,3,-1,-1,1199,2,6,-1,-1,-1
2017440084265,1,9,0,4,0,2,0,0,0,0,2,1,6,2,-1,-1,-1,-1,-1,6,1,6
2017440084265,2,4,0,18,0,2,0,0,0,0,1,1,6,1,17,4,125,1,-1,6,1,6
2017440084317,1,1,0,18,0,1,0,0,0,0,1,1,6,1,47,8,-1,-1,-1,6,1,6
2017440084317,2,9,0,10,0,1,0,0,0,0,3,1,2,2,23,5,2188,2,11,7,3,7
2017440084384,1,9,0,1,0,0,0,0,7,11,4,1,6,2,67,10,998,1,1,5,1,5
2017440084384,2,9,0,2,0,0,0,0,0,0,1,1,6,3,-1,-1,1898,1,16,-1,-1,-1
2017440084384,3,9,0,2,0,0,0,0,0,0,1,1,6,3,-1,-1,-1,-1,-1,-1,-1,-1
2017440084901,1,1,0,7,0,2,0,0,0,0,1,1,1,2,15,3,-1,-1,-1,3,1,3
2017440084901,2,19,0,4,0,1,0,0,0,0,3,1,1,1,29,6,1248,2,4,4,1,4
2017440084995,1,9,0,18,0,1,1,0,0,0,4,1,6,2,52,8,1229,1,3,3,1,3
2017440084995,2,9,0,5,0,6,0,0,0,0,1,1,6,2,44,7,1598,2,1,9,1,9
2017440085217,1,9,0,4,0,1,0,0,0,0,2,1,6,2,41,7,1299,1,17,4,1,4
2017440085217,2,9,0,18,0,1,0,0,0,0,1,1,6,2,53,8,2179,2,4,10,1,10
2017440085227,1,9,0,4,0,2,0,0,0,0,2,1,6,1,34,6,-1,-1,-1,3,1,3
2017440085227,2,9,0,18,0,2,0,0,0,0,1,1,6,1,29,6,1896,2,13,9,1,9
2017440085241,1,1,0,18,0,1,0,0,0,0,3,1,6,1,18,4,-1,-1,-1,7,1,7
2017440085241,2,9,0,7,0,1,0,0,0,0,4,1,6,1,46,8,1395,1,1,5,1,5
2017440085372,1,9,0,17,0,8,0,0,7,0,1,1,1,1,32,6,-1,-1,-1,8,1,8
2017440085372,2,19,0,9,0,6,0,0,0,0,1,1,1,1,50,8,2198,2,10,9,1,9
2017440085395,1,20,0,18,0,0,0,0,7,4,3,1,2,1,69,10,2402,2,7,4,1,4
2017440085395,2,9,0,18,0,0,0,0,0,0,3,1,2,2,50,8,1596,1,14,9,1,9
2017440085424,1,3,0,18,0,8,0,0,0,0,4,1,1,1,19,4,125,1,1,3,1,3
2017440085424,2,90,0,9,0,8,0,0,0,0,3,1,6,1,50,8,2446,2,22,3,1,3
2017440085617,1,1,0,18,0,8,0,0,0,0,4,1,6,1,31,6,-1,-1,-1,6,1,6
2017440085617,2,9,0,5,0,4,0,0,0,0,1,1,6,3,-1,-1,1796,1,10,-1,-1,-1
2017440086048,1,9,0,18,0,0,0,0,0,0,1,1,6,2,47,8,1328,1,12,7,1,7
2017440086114,1,19,0,4,0,0,0,0,4,0,1,1,2,1,31,6,2402,2,10,10,1,10
2017440086114,2,9,0,4,0,0,1,0,0,0,2,1,2,1,35,6,1956,2,2,6,1,6
2017440086184,1,19,0,18,0,4,0,0,1,0,3,1,1,1,24,5,2143,2,3,5,1,5
2017440086184,2,9,0,18,0,1,0,0,0,0,2,1,6,1,30,6,-1,-1,-1,5,1,5
2017440086184,3,9,0,18,0,4,0,0,0,0,4,1,6,2,65,9,1991,2,11,7,3,7
2017440086372,1,9,0,3,0,1,0,0,0,0,2,1,6,1,28,6,2521,1,7,5,1,5
2017440086372,2,9,0,18,0,1,0,0,0,0,1,1,6,2,39,7,1995,2,1,9,1,9
2017440086509,1,9,0,9,0,6,0,0,0,0,3,1,6,2,19,4,1248,1,6,3,1,3
2017440086509,2,9,0,18,0,1,0,0,0,0,1,1,6,1,55,8,1498,1,9,8,1,8
2017440086891,1,9,0,18,0,0,0,0,0,0,1,1,6,1,63,9,1984,1,21,5,1,5
2017440086891,2,19,0,18,0,0,0,0,0,0,2,1,1,1,42,7,2287,2,1,7,1,7
2017440086891,3,19,0,18,0,0,0,0,0,0,2,1,1,1,33,6,1598,2,1,9,1,9
2017440086891,4,9,0,4,0,0,0,0,0,0,2,1,2,1,30,6,998,1,3,7,1,7
2017440087254,1,9,0,7,0,6,0,0,0,0,3,1,1,2,20,4,-1,-1,-1,7,3,7
2017440087254,2,9,0,18,0,1,0,0,0,0,1,1,6,1,60,9,1496,2,1,10,3,10
2017440087494,1,9,0,18,0,0,0,0,0,0,4,1,3,2,24,5,1956,2,6,3,1,3
2017440087608,1,11,0,7,0,8,0,0,0,0,4,1,1,3,-1,-1,4500,2,2,-1,-1,-1
2017440087617,1,9,0,18,0,8,0,0,0,0,4,1,6,3,-1,-1,-1,-1,-1,-1,-1,-1
2017440087617,2,5,0,18,0,8,0,0,0,0,1,1,2,1,20,4,600,1,16,6,1,6
2017440087712,1,9,0,4,0,0,0,0,0,0,1,1,2,1,37,7,1398,1,1,8,1,8
2017440087712,2,9,0,3,0,0,0,0,0,0,2,1,2,2,46,8,-1,-1,-1,8,1,8
2017440087712,3,9,0,18,0,0,0,0,0,0,2,1,2,1,59,9,1968,2,3,7,3,7
2017440087716,1,9,0,9,0,6,0,0,0,0,1,1,2,1,39,7,1461,2,5,4,1,4
2017440087716,2,1,0,18,0,8,0,0,0,0,1,1,6,1,39,7,-1,-1,-1,1,1,1
2017440087746,1,19,0,5,0,1,0,0,0,0,1,1,1,1,34,6,-1,-1,-1,-1,-1,-1
2017440087746,2,9,0,8,0,1,0,0,0,0,2,1,6,2,23,5,1229,1,11,4,2,4
2017440087772,1,19,0,7,0,8,0,0,0,0,4,1,6,1,39,7,2198,2,2,2,1,2
2017440087799,1,9,0,7,0,5,0,0,0,0,2,1,2,1,42,7,1364,1,8,9,1,9
2017440087799,2,9,0,18,0,1,0,0,0,0,1,1,6,3,-1,-1,1399,1,12,-1,-1,-1
2017440087834,1,9,0,18,0,0,1,0,6,0,1,1,6,1,28,6,1328,1,11,10,2,10
2017440087834,2,9,0,18,0,0,0,0,0,0,1,1,6,2,55,8,1984,1,6,10,2,10
2017440088032,1,9,0,18,0,8,0,0,0,0,4,1,2,1,34,6,1598,7,13,1,1,1
2017440088032,2,9,0,18,0,8,0,0,0,0,1,1,6,1,37,7,999,1,1,9,1,9
2017440088212,1,19,0,9,0,8,0,0,0,0,1,1,1,1,46,8,1968,2,4,7,1,7
2017440088212,2,1,0,13,0,8,0,0,0,0,4,1,1,1,32,6,-1,-1,-1,5,1,5
2017440088310,1,9,0,4,0,0,0,0,0,0,2,1,6,2,34,6,1598,1,5,4,1,4
2017440088310,2,2,0,18,0,0,0,0,0,0,1,1,6,1,36,7,50,1,-1,7,3,7
2017440088394,1,10,0,18,0,8,0,0,0,0,1,1,3,1,75,10,2463,2,11,7,1,7
2017440088394,2,9,0,18,0,8,0,0,1,0,1,1,6,2,50,8,1968,2,5,10,3,10
2017440088394,3,9,0,10,0,8,0,0,0,0,0,1,6,1,-1,-1,1956,2,5,-1,-1,-1
2017440088605,1,9,0,4,0,0,0,0,0,0,1,1,6,2,30,6,1995,2,10,3,1,3
2017440088605,2,9,0,4,0,0,0,0,0,0,2,1,6,1,36,7,2993,2,1,10,1,10
2017440088605,3,9,0,4,0,0,0,0,0,0,2,1,6,3,-1,-1,2204,2,8,-1,-1,-1
2017440088683,1,5,0,17,0,0,1,10,1,0,1,1,6,1,-1,-1,-1,-1,-1,-1,-1,-1
2017440088764,1,19,0,4,0,8,0,0,7,4,2,1,1,1,47,8,2143,2,2,2,1,2
2017440088764,2,5,0,4,0,8,0,0,0,0,1,1,6,1,27,6,600,1,13,9,1,9
2017440088806,1,9,0,4,0,8,0,0,0,0,1,1,6,1,74,10,1998,2,11,10,1,10
2017440088806,2,9,0,18,0,8,0,0,0,0,1,1,6,2,55,8,1499,1,1,9,2,9
2017440088877,1,9,0,4,0,8,0,0,0,0,1,1,6,1,-1,-1,1997,2,13,-1,-1,-1
2017440088877,2,9,0,4,0,8,0,0,0,0,2,1,6,1,23,5,1995,2,1,5,1,5
2017440088913,1,21,4,18,0,0,0,0,0,0,2,1,6,3,-1,-1,-1,-1,-1,-1,-1,-1
2017440089109,1,9,0,15,4,0,0,0,0,0,4,1,6,3,-1,-1,1360,1,10,-1,-1,-1
2017440089109,2,1,0,18,4,0,0,0,0,0,3,1,6,1,55,8,-1,-1,-1,3,1,3
2017440089135,1,5,0,16,0,0,1,0,0,0,1,1,6,2,36,7,599,1,10,-1,-1,-1
2017440089135,2,9,0,16,0,0,0,0,0,0,1,1,2,2,45,7,1797,8,6,10,2,10
2017440089246,1,9,0,18,0,8,0,0,0,0,1,1,1,1,46,8,-1,-1,-1,10,1,10
2017440089246,2,1,0,18,0,8,0,0,0,0,1,1,6,1,21,5,-1,-1,-1,10,1,10
2017440089317,1,9,0,17,0,8,0,0,0,0,3,1,6,1,43,7,1686,2,4,6,1,6
2017440089317,2,1,0,18,0,8,0,0,0,0,1,1,2,1,59,9,-1,-1,-1,2,1,2
2017440089514,1,9,0,18,0,0,1,0,0,0,1,1,6,1,25,5,1242,1,16,6,1,6
2017440089524,1,9,0,18,0,0,2,0,1,9,4,1,6,2,49,8,-1,-1,-1,-1,1,-1
2017440089646,1,19,0,16,0,1,2,0,1,10,1,1,2,1,43,7,1560,2,3,-1,-1,-1
2017440089715,1,9,0,18,0,1,0,0,0,0,0,1,6,3,-1,-1,1995,2,10,-1,-1,-1
2017440089715,2,2,0,18,0,1,0,10,0,0,4,1,6,1,16,4,50,1,4,9,1,9
2017440089796,1,9,0,18,0,8,0,0,0,0,1,1,2,2,39,7,1086,1,14,5,1,5
2017440089796,2,1,0,18,0,8,0,0,0,0,4,1,6,1,42,7,-1,-1,-1,10,1,10
2017440089877,1,9,0,18,0,0,0,0,0,0,1,1,2,2,-1,-1,1364,1,9,3,1,3
2017440089877,2,9,0,3,0,0,0,0,0,0,2,1,6,2,51,8,1597,1,8,8,1,8
2017440089926,1,9,0,17,0,0,2,0,0,4,4,1,6,2,18,4,1124,1,21,4,3,4
2017440090462,1,20,0,7,0,8,0,0,0,0,4,1,6,3,-1,-1,-1,-1,-1,-1,-1,-1
2017440090462,2,1,0,18,0,8,0,0,0,0,3,1,6,2,50,8,-1,-1,-1,1,1,1
2017440090663,1,9,0,18,0,8,0,0,0,0,1,1,6,2,63,9,1390,1,11,9,3,9
2017440090663,2,9,0,18,0,8,0,0,0,0,1,1,6,3,-1,-1,2179,2,9,-1,-1,-1
2017440090696,1,9,0,4,0,2,0,0,0,0,4,1,6,1,-1,-1,1800,1,16,-1,-1,-1
2017440090696,2,1,0,15,0,2,0,0,0,0,1,1,6,1,35,6,-1,-1,-1,4,1,4
2017440090755,1,9,0,18,0,0,1,0,0,0,1,1,6,1,83,11,2987,2,2,8,3,8
2017440090755,2,9,0,18,0,0,0,0,1,11,1,1,6,2,44,7,1395,1,2,7,3,7
2017440090838,1,1,0,18,0,8,0,0,0,0,1,1,6,1,13,3,-1,-1,-1,8,1,8
2017440090838,2,9,0,5,0,8,0,0,0,0,3,1,6,2,33,6,1360,1,7,10,2,10
2017440091013,1,5,0,16,0,8,0,0,0,0,0,1,6,1,49,8,500,1,12,5,1,5
2017440091778,1,9,0,18,0,0,0,0,0,0,1,1,6,1,45,7,1368,1,1,10,1,10
2017440091778,2,9,0,4,0,0,0,0,0,0,2,1,6,2,26,6,1598,2,2,1,1,1
2017440091790,1,8,0,18,0,8,0,0,0,0,1,1,1,1,-1,-1,1995,2,3,4,1,4
2017440091790,2,1,0,18,9,8,0,0,0,0,1,1,6,1,14,3,-1,-1,-1,6,1,6
2017440091914,1,9,0,9,0,8,0,0,0,0,1,1,6,2,78,11,1240,1,10,9,1,9
2017440091914,2,9,0,18,0,8,0,0,0,0,1,1,6,1,35,6,1240,1,10,9,1,9
2017440091983,1,9,0,8,0,1,0,0,0,0,1,1,1,1,35,6,1364,1,-1,2,1,2
2017440091983,2,9,0,8,0,1,0,0,0,0,2,1,1,1,37,7,1596,1,10,10,1,10
2017440092352,1,1,0,18,0,8,0,0,0,0,4,1,2,1,28,6,-1,-1,-1,8,1,8
2017440092352,2,9,0,5,0,4,0,0,0,0,1,1,1,1,57,9,1968,2,3,5,1,5
2017440092412,1,5,0,6,0,8,0,0,7,0,1,1,6,1,27,6,599,1,17,4,1,4
2017440092412,2,9,0,18,0,8,1,0,0,0,1,1,6,1,58,9,2184,2,13,7,1,7
2017440092708,1,9,0,18,0,8,0,0,0,0,1,1,6,2,27,6,1198,1,13,7,1,7
2017440092708,2,9,0,9,0,8,0,0,0,0,1,1,2,2,20,4,1242,1,14,9,1,9
2017440092716,1,9,0,18,0,0,1,10,1,7,1,1,6,1,32,6,1124,1,15,10,1,10
2017440092744,1,9,0,18,0,0,1,0,5,6,1,1,1,2,23,5,1242,1,6,10,1,10
2017440092744,2,9,0,12,0,0,0,0,0,0,0,1,6,3,-1,-1,-1,-1,-1,-1,-1,-1
2017440092747,1,2,0,18,0,8,0,0,0,0,0,1,6,1,47,8,49,1,3,1,1,1
2017440092747,2,9,0,9,0,8,0,0,0,0,0,1,6,3,-1,-1,-1,-1,-1,-1,-1,-1
2017440092815,1,9,0,7,0,8,0,0,0,0,2,1,6,1,38,7,4163,1,4,7,1,7
2017440092815,2,9,0,18,0,8,0,0,0,0,1,1,6,3,-1,-1,1618,1,1,-1,-1,-1
2017440092855,1,9,0,7,0,8,0,0,0,0,1,1,6,1,37,7,1124,1,19,4,1,4
2017440092855,2,9,0,18,0,8,0,0,0,0,4,1,6,1,45,7,-1,-1,-1,-1,-1,-1
2017440092926,1,9,0,18,0,0,0,0,5,6,1,1,6,2,29,6,1149,1,10,10,1,10
2017440092944,1,9,0,18,0,0,1,0,0,0,1,1,6,1,60,9,1560,2,5,7,1,7
2017440092944,2,19,0,4,0,0,0,0,0,0,2,1,6,1,40,7,1968,2,3,9,1,9
2017440092944,3,9,0,4,0,0,0,0,0,0,2,1,6,1,46,8,2967,2,10,10,1,10
2017440092961,1,9,0,4,0,1,0,0,0,0,2,1,6,2,19,4,998,1,4,4,3,4
2017440092961,2,9,0,5,0,1,0,0,0,0,1,1,6,2,61,9,-1,-1,-1,10,1,10
2017440093195,1,9,0,18,0,8,0,0,0,0,4,1,6,2,64,9,1388,1,6,6,1,6
2017440093195,2,9,0,9,0,6,0,0,0,0,1,1,6,1,29,6,1686,2,13,3,1,3
2017440093300,1,1,0,18,0,8,0,0,0,0,4,1,2,1,32,6,-1,-1,-1,4,1,4
2017440093300,2,9,0,7,0,8,0,0,0,0,1,1,6,2,47,8,1398,1,5,7,1,7
2017440093372,1,9,0,17,0,8,0,0,1,4,1,1,2,2,42,7,1896,2,15,10,1,10
2017440093477,1,9,0,4,0,1,0,0,0,0,2,1,6,2,81,11,-1,-1,-1,7,1,7
2017440093477,2,9,0,18,0,1,0,0,0,0,1,1,6,3,-1,-1,-1,-1,-1,-1,-1,-1
2017440093677,1,9,0,1,0,5,0,0,0,0,2,1,6,1,85,11,998,1,14,5,1,5
2017440093677,2,1,0,18,0,1,0,0,0,0,1,1,1,1,58,9,-1,-1,-1,4,1,4
2017440093683,1,9,0,11,0,5,0,0,0,0,1,1,2,1,26,6,1200,1,2,4,1,4
2017440093711,1,9,0,9,0,1,0,0,0,0,3,1,2,1,43,7,1686,2,4,6,1,6
2017440093711,2,5,0,18,0,1,0,0,0,0,4,1,2,1,54,8,745,1,2,8,1,8
2017440093712,1,1,0,18,0,2,0,0,0,0,4,1,4,2,14,3,-1,-1,-1,10,1,10
2017440093712,2,9,0,9,0,6,0,0,0,0,1,1,6,3,-1,-1,-1,-1,-1,-1,-1,-1
2017440093842,1,9,0,4,0,0,0,0,0,0,2,1,6,2,42,7,1498,1,2,5,1,5
2017440093842,2,9,0,18,0,0,0,0,0,0,1,1,6,1,61,9,1499,1,1,3,1,3
2017440093842,3,9,0,18,0,0,0,0,0,0,1,1,6,2,-1,-1,1995,1,11,4,3,4
2017440093902,1,9,0,14,0,0,0,0,0,0,1,1,2,2,27,6,1395,1,1,9,2,9
2017440093902,2,21,0,2,0,0,0,0,0,0,2,1,1,1,53,8,9200,2,14,6,3,6
2017440094060,1,9,0,18,0,0,0,0,0,0,4,1,6,2,22,5,1781,1,13,10,1,10
2017440094060,2,9,0,2,0,0,0,0,0,0,4,1,6,3,-1,-1,1598,1,13,-1,-1,-1
2017440094260,1,19,0,11,0,0,0,0,0,0,0,1,6,3,-1,-1,-1,-1,-1,-1,-1,-1
2017440094260,2,9,0,4,0,0,0,0,0,0,2,1,6,2,40,7,1753,2,17,9,3,9
2017440094260,3,9,0,18,0,0,0,0,0,0,2,1,6,2,46,8,1560,2,9,8,1,8
2017440094260,4,9,0,18,0,0,0,0,0,0,1,1,6,1,73,10,-1,-1,-1,6,1,6
2017440094260,5,9,0,18,0,0,0,0,0,0,0,1,6,1,48,8,1197,1,1,8,1,8
2017440094260,6,9,0,18,0,0,0,0,0,0,2,1,6,2,47,8,1598,2,4,6,1,6
2017440094260,7,9,0,18,0,0,0,0,0,0,1,1,6,2,30,6,1998,1,4,2,1,2
2017440094340,1,9,0,4,0,0,0,0,0,0,1,1,6,1,66,10,2987,2,2,7,1,7
2017440094645,1,1,0,18,0,1,0,0,0,0,1,1,6,2,36,7,-1,-1,-1,3,1,3
2017440094645,2,9,0,7,0,6,0,0,0,0,1,1,2,2,43,7,1392,1,20,5,1,5
2017440094804,1,1,0,18,0,0,0,0,0,0,3,1,6,1,20,4,-1,-1,-1,-1,-1,-1
2017440094804,2,9,0,18,0,0,0,0,0,0,1,1,2,2,27,6,1242,1,9,6,1,6
2017440095377,1,9,0,18,0,0,0,0,0,0,2,1,6,2,34,6,1686,2,3,6,1,6
2017440095377,2,9,0,18,0,0,0,0,0,0,1,1,6,3,-1,-1,1461,2,10,-1,-1,-1
2017440096008,1,9,0,18,0,8,0,0,0,0,1,1,6,1,28,6,2993,2,11,4,1,4
2017440096008,2,9,0,9,0,8,0,0,0,0,4,1,6,1,-1,-1,1998,1,-1,1,1,1
2017440096019,1,8,0,18,0,0,0,0,0,0,4,1,2,1,77,11,-1,-1,-1,7,1,7
2017440096101,1,9,0,14,0,0,0,0,0,0,2,1,6,2,72,10,-1,-1,-1,8,1,8
2017440096101,2,9,0,18,0,0,0,0,0,0,1,1,6,1,22,5,-1,-1,-1,7,2,7
2017440096162,1,1,0,18,0,8,0,0,0,0,4,1,6,1,63,9,-1,-1,-1,2,1,2
2017440096162,2,9,0,7,0,8,0,0,0,0,1,1,6,1,71,10,2494,8,2,5,1,5
2017440096176,1,9,0,18,0,8,0,0,0,0,1,1,1,1,58,9,2993,2,3,10,1,10
2017440096176,2,9,0,18,0,8,0,0,0,0,2,1,6,1,21,5,998,1,15,10,1,10
2017440096241,1,19,0,6,0,0,0,0,0,0,3,1,2,1,30,6,1868,2,16,1,1,1
2017440096241,2,1,0,13,0,0,0,0,0,0,1,1,2,1,57,9,-1,-1,-1,6,1,6
2017440096368,1,19,0,18,0,2,0,7,0,0,1,1,6,2,43,7,1870,2,14,7,2,7
2017440096368,2,20,0,12,0,2,0,0,0,0,0,1,6,3,-1,-1,-1,-1,-1,-1,-1,-1
2017440096435,1,9,0,9,0,8,0,0,0,0,1,1,6,1,66,10,1360,1,16,3,1,3
2017440096435,2,5,0,16,0,8,0,0,0,0,1,1,6,1,22,5,645,1,18,2,1,2
2017440096558,1,9,0,18,0,2,0,0,0,0,4,1,6,1,47,8,1598,2,1,6,1,6
2017440096558,2,1,0,18,0,1,0,0,0,0,1,1,2,2,19,4,-1,-1,-1,4,1,4
2017440096608,1,9,0,18,0,1,0,0,0,0,1,1,6,1,44,7,-1,-1,-1,-1,-1,-1
2017440096608,2,9,0,3,0,1,0,0,0,0,2,1,6,2,67,10,1339,1,13,2,1,2
2017440096782,1,20,0,15,0,8,0,0,0,0,1,1,1,1,45,7,9290,2,4,2,1,2
2017440096782,2,1,0,10,0,8,0,0,0,0,4,1,6,2,36,7,-1,-1,-1,7,2,7
2017440096948,1,9,0,18,0,1,0,0,0,0,1,1,6,1,60,9,998,1,9,10,1,10
2017440096948,2,9,0,4,0,1,0,0,0,0,2,1,6,2,55,8,1997,1,13,2,1,2
2017440097183,1,9,0,9,0,8,0,0,0,0,4,1,2,1,25,5,1560,2,7,8,1,8
2017440097183,2,4,0,18,0,8,0,0,0,0,1,1,6,1,74,10,279,1,1,5,1,5
2017440097207,1,9,0,2,0,1,0,0,0,0,3,1,6,1,46,8,1560,2,7,5,1,5
2017440097207,2,9,0,18,0,1,0,0,0,0,4,1,6,3,-1,-1,-1,-1,-1,-1,-1,-1