Accident_Index,Vehicle_Reference,Vehicle_Type,Towing_and_Articulation,Vehicle_Manoeuvre,Vehicle_Location-Restricted_Lane,Junction_Location,Skidding_and_Overturning,Hit_Object_in_Carriageway,Vehicle_Leaving_Carriageway,Hit_Object_off_Carriageway,1st_Point_of_Impact,Was_Vehicle_Left_Hand_Drive?,Journey_Purpose_of_Driver,Sex_of_Driver,Age_of_Driver,Age_Band_of_Driver,Engine_Capacity_(CC),Propulsion_Code,Age_of_Vehicle,Driver_IMD_Decile,Driver_Home_Area_Type,Vehicle_IMD_Decile
2017440097328,1,9,0,9,0,8,0,0,0,0,1,1,6,1,93,11,1086,1,7,5,1,5
2017440097328,2,1,0,18,0,8,0,0,0,0,1,1,6,1,41,7,-1,-1,-1,4,1,4
2017440097428,1,11,0,18,0,8,0,0,0,0,1,1,1,1,47,8,6370,2,10,6,1,6
2017440097428,2,9,0,9,0,8,0,0,0,0,4,1,6,2,28,6,1395,1,1,9,1,9
2017440097691,1,9,0,18,0,0,0,0,0,0,1,1,6,1,21,5,1975,1,10,7,1,7
2017440097691,2,9,0,18,0,0,0,0,0,0,2,1,6,1,21,5,998,1,4,8,3,8
2017440098028,1,1,0,18,0,8,0,0,0,0,4,1,6,1,20,4,-1,-1,-1,9,1,9
2017440098028,2,9,0,7,0,8,0,0,0,0,1,1,6,3,-1,-1,1242,1,13,-1,-1,-1
2017440098307,1,9,0,17,0,8,5,0,7,4,1,1,6,1,42,7,1797,1,17,9,1,9
2017440098594,1,9,0,2,0,0,0,0,0,5,1,1,6,2,46,8,1997,2,5,8,2,8
2017440098594,2,9,0,18,0,0,0,10,0,0,1,1,6,2,86,11,1248,1,8,4,1,4
2017440098961,1,9,0,18,0,0,0,0,0,0,2,1,1,1,42,7,998,1,4,6,1,6
2017440098961,2,9,0,18,0,0,0,0,0,0,1,1,6,1,73,10,998,1,1,2,1,2
2017440099003,1,9,0,5,0,8,0,0,0,0,1,1,6,2,55,8,1388,1,5,10,1,10
2017440099003,2,20,0,18,0,8,0,0,0,0,1,1,6,1,51,8,9364,2,13,5,1,5
2017440099027,1,2,0,16,0,0,0,0,0,0,0,1,6,1,32,6,124,1,20,5,1,5
2017440099070,1,20,0,1,0,0,0,0,7,0,2,1,1,1,29,6,2998,2,2,5,1,5
2017440099096,1,9,0,18,0,0,0,0,0,0,4,1,1,2,58,9,998,1,2,7,2,7
2017440099135,1,9,0,18,0,0,0,0,0,0,1,1,2,1,25,5,1968,2,6,1,1,1
2017440099168,1,9,0,18,0,0,0,0,0,0,1,1,6,2,74,10,1298,1,8,-1,-1,-1
2017440099275,1,9,0,4,0,0,0,0,0,0,1,1,6,2,20,4,1242,1,5,9,1,9
2017440099275,2,19,0,3,0,0,0,0,0,0,2,1,2,1,61,9,1461,2,2,7,1,7
2017440099275,3,9,0,3,0,0,0,0,0,0,2,1,4,1,20,4,1560,2,5,6,1,6
2017440099587,1,9,0,2,0,2,0,0,0,0,3,1,6,3,-1,-1,-1,-1,-1,-1,-1,-1
2017440099587,2,1,0,18,0,2,0,0,0,0,1,1,6,1,19,4,-1,-1,-1,1,1,1
2017440099934,1,5,0,16,0,0,1,0,0,0,4,1,2,1,42,7,865,1,11,9,1,9
2017440100305,1,9,0,5,0,8,0,0,0,0,1,1,6,2,65,9,1596,1,9,2,1,2
2017440100305,2,1,0,18,0,8,0,0,0,0,4,1,6,1,19,4,-1,-1,-1,6,1,6
2017440100496,1,19,0,18,0,0,0,0,0,0,1,1,2,1,26,6,1753,2,5,9,1,9
2017440100496,2,9,0,18,0,0,0,0,0,0,2,1,6,2,82,11,998,1,2,9,1,9
2017440100538,1,9,0,18,0,0,0,0,0,0,1,1,2,1,47,8,1390,1,4,6,1,6
2017440100538,2,9,0,18,0,0,0,0,0,0,1,1,6,2,59,9,1798,8,-1,8,1,8
2017440100561,1,21,1,17,0,8,0,10,1,7,3,1,1,1,48,8,-1,-1,-1,-1,-1,-1
2017440100561,2,21,0,18,0,8,0,10,1,7,1,1,1,1,38,7,10518,2,6,-1,-1,-1
2017440100621,1,20,0,18,0,0,0,0,0,0,1,1,6,1,-1,-1,2143,2,1,-1,-1,-1
2017440100825,1,9,0,9,0,8,0,0,0,0,1,1,6,1,54,8,1896,2,11,2,1,2
2017440100884,1,8,0,18,0,0,0,0,0,0,1,1,1,1,48,8,1998,2,8,2,1,2
2017440100965,1,9,0,18,0,0,0,0,0,0,1,1,6,1,27,6,1796,1,8,10,1,10
2017440100965,2,9,0,18,0,0,0,0,4,0,2,1,6,1,57,9,4806,1,3,10,1,10
2017440100965,3,9,0,18,0,0,0,0,0,0,1,1,6,1,53,8,1598,1,26,9,3,9
2017440100994,1,9,0,12,0,0,0,0,0,0,1,1,6,2,49,8,1388,1,8,1,1,1
2017440100994,2,9,0,18,0,0,0,0,0,0,4,1,6,1,28,6,1686,2,6,9,1,9
2017440101010,1,9,0,9,0,8,0,0,0,0,3,1,6,3,-1,-1,2148,2,9,-1,-1,-1
2017440101010,2,9,0,18,0,8,0,0,0,0,1,1,6,2,26,6,-1,-1,-1,9,3,9
2017440101451,1,9,0,9,0,6,0,0,0,0,1,1,6,1,33,6,1598,1,15,1,1,1
2017440101451,2,3,0,18,0,1,0,0,0,0,1,1,2,1,68,10,124,1,17,3,1,3
2017440101743,1,9,0,18,0,0,0,0,0,0,2,1,6,2,23,5,998,1,4,5,1,5
2017440101743,2,9,0,18,0,0,0,0,0,0,1,1,6,1,47,8,1984,1,15,7,1,7
2017440101924,1,9,0,18,0,6,0,0,0,0,1,1,6,1,81,11,1461,2,4,5,3,5
2017440101924,2,9,0,18,0,1,0,0,0,0,1,1,6,1,72,10,1999,2,-1,8,1,8
2017440102289,1,9,0,4,0,2,0,0,0,0,3,1,2,3,-1,-1,1896,2,11,-1,-1,-1
2017440102370,1,2,0,16,0,0,0,0,0,0,4,1,6,1,18,4,49,1,3,8,1,8
2017440102536,1,19,0,5,0,0,0,4,0,0,1,1,6,1,25,5,1870,2,11,4,1,4
2017440102536,2,19,0,2,0,0,0,0,0,0,3,1,6,3,-1,-1,-1,-1,-1,-1,-1,-1
2017440102536,3,9,0,2,0,0,0,0,0,0,3,1,6,3,-1,-1,-1,-1,-1,-1,-1,-1
2017440102536,4,9,0,1,0,0,0,0,0,0,3,1,6,3,-1,-1,1396,1,5,-1,-1,-1
2017440102536,5,9,0,1,0,0,0,0,0,0,3,1,6,3,-1,-1,1968,2,2,-1,-1,-1
2017440102775,1,21,0,11,0,0,0,0,0,0,1,1,1,1,43,7,12902,2,1,8,1,8
2017440102775,2,9,0,18,0,0,1,0,0,0,1,1,6,1,76,11,-1,-1,-1,9,1,9
2017440103015,1,9,0,7,0,5,0,0,0,0,1,1,6,1,26,6,1197,1,6,3,1,3
2017440103248,1,9,0,18,0,0,1,0,7,11,1,1,6,1,27,6,1390,1,17,2,1,2
2017440103327,1,4,0,18,0,1,0,0,0,0,0,1,6,1,18,4,124,1,2,8,1,8
2017440103327,2,9,0,9,0,6,0,0,0,0,1,1,2,1,23,5,1229,1,9,7,1,7
2017440103351,1,9,0,4,0,0,0,0,0,0,2,1,6,1,39,7,1896,2,11,10,1,10
2017440103351,2,9,0,18,0,0,0,0,0,0,1,1,6,1,55,8,1870,2,13,5,2,5
2017440103354,1,1,0,18,0,8,0,0,0,0,1,1,6,1,24,5,-1,-1,-1,4,1,4
2017440103354,2,9,0,18,0,8,0,0,0,0,3,1,6,3,-1,-1,-1,-1,-1,-1,-1,-1
2017440103371,1,9,0,17,0,8,5,10,0,0,3,1,6,1,21,5,1968,2,4,6,1,6
2017440103679,1,9,0,9,0,8,0,0,0,0,1,1,1,1,25,5,1198,1,12,10,2,10
2017440103679,2,1,0,18,0,8,0,0,0,0,1,1,6,1,37,7,-1,-1,-1,-1,-1,-1
2017440103687,1,9,0,18,0,0,1,0,0,0,0,1,6,1,58,9,-1,-1,-1,3,1,3
2017440103706,1,9,0,7,0,8,0,0,0,0,3,1,6,3,-1,-1,1596,1,15,-1,-1,-1
2017440103706,2,8,0,10,0,8,0,0,0,0,3,1,1,3,-1,-1,2198,2,2,-1,-1,-1
2017440103709,1,19,0,5,0,8,0,0,0,0,1,1,1,1,33,6,1598,2,2,5,1,5
2017440103709,2,2,0,18,0,8,0,0,0,0,1,1,3,2,16,4,49,1,17,5,1,5
2017440103901,1,9,0,18,0,8,0,0,7,0,3,1,6,2,76,11,2143,2,3,10,1,10
2017440103901,2,9,0,18,0,8,0,0,0,0,1,1,6,2,78,11,1364,1,2,-1,-1,-1
2017440104154,1,9,0,1,0,2,0,0,0,0,2,1,6,1,58,9,1968,2,7,4,3,4
2017440104301,1,1,0,18,0,1,0,0,0,0,4,1,6,1,26,6,-1,-1,-1,5,1,5
2017440104301,2,19,0,5,0,1,0,0,0,0,3,1,6,3,-1,-1,1995,2,-1,-1,-1,-1
2017440104424,1,3,0,18,0,2,0,0,0,0,4,1,6,1,25,5,125,1,18,1,1,1
2017440104566,1,9,0,18,0,0,0,0,5,6,1,1,6,2,27,6,1388,1,8,8,1,8
2017440104634,1,9,0,18,0,0,0,0,0,0,1,1,2,2,21,5,1349,1,9,4,1,4
2017440104652,1,9,0,18,0,0,0,0,0,0,2,1,3,2,45,7,1984,1,3,-1,-1,-1
2017440104652,2,9,0,18,0,0,0,0,0,0,1,1,2,2,58,9,1329,1,4,6,1,6
2017440105058,1,9,0,18,0,1,0,0,0,0,2,1,6,2,41,7,1388,1,6,1,1,1
2017440105058,2,9,0,18,0,1,0,0,0,0,1,1,6,3,-1,-1,-1,-1,-1,-1,-1,-1
2017440105125,1,1,0,18,0,1,0,0,0,0,0,1,2,1,55,8,-1,-1,-1,3,1,3
2017440105192,1,9,0,5,0,8,0,0,0,0,3,1,6,1,62,9,1968,2,2,10,1,10
2017440105192,2,9,0,18,0,8,0,0,0,0,1,1,1,1,39,7,1995,2,14,8,3,8
2017440105265,1,9,0,18,0,0,0,0,0,0,1,1,2,1,70,10,1386,1,12,1,1,1
2017440105265,2,19,0,2,0,0,0,0,0,0,2,1,6,3,-1,-1,2402,2,12,-1,-1,-1
2017440105265,3,9,0,2,0,0,0,0,0,0,2,1,6,3,-1,-1,-1,-1,-1,-1,-1,-1
2017440105293,1,9,0,9,0,3,0,0,0,0,1,1,2,1,17,4,1229,1,12,7,3,7
2017440105298,1,9,0,18,0,0,2,0,0,0,1,1,2,1,45,7,1686,2,6,-1,-1,-1
2017440105298,2,9,0,4,0,0,0,0,0,0,1,1,2,1,37,7,-1,-1,-1,7,1,7
2017440105298,3,9,0,4,0,0,0,0,0,0,3,1,3,2,43,7,1388,1,5,9,3,9
2017440105377,1,9,0,3,0,1,0,0,0,0,2,1,6,2,55,8,1587,1,10,6,1,6
2017440105377,2,4,0,18,0,1,0,0,0,0,2,1,6,1,59,9,125,1,9,4,2,4
2017440105437,1,9,0,18,0,0,0,10,0,0,4,1,3,1,40,7,1997,2,13,9,1,9
2017440105488,1,11,0,18,0,0,0,0,0,0,1,1,1,3,-1,-1,4461,2,4,-1,-1,-1
2017440105546,1,1,0,4,0,1,0,0,0,0,0,1,6,1,44,7,-1,-1,-1,8,1,8
2017440105703,1,9,0,9,0,2,0,0,0,0,3,1,6,1,25,5,1997,2,7,1,1,1
2017440105786,1,9,0,18,0,0,0,0,0,0,4,1,6,2,77,11,1242,1,6,8,2,8
2017440106072,1,9,0,3,0,1,0,0,0,0,2,1,6,2,39,7,1596,1,16,4,1,4
2017440106072,2,9,0,4,0,1,0,0,0,0,1,1,6,1,50,8,1995,2,9,4,1,4
2017440106267,1,9,0,18,0,8,0,0,0,0,3,1,6,2,54,8,1360,1,11,10,3,10
2017440106267,2,9,0,7,0,8,0,0,0,0,1,1,6,3,-1,-1,-1,-1,-1,-1,-1,-1
2017440106399,1,9,0,18,0,0,0,0,0,0,1,1,6,1,27,6,1388,1,15,4,1,4
2017440106399,2,9,0,18,0,0,0,0,0,0,1,1,6,2,22,5,1388,1,13,9,1,9
2017440106399,3,9,0,2,0,0,0,0,0,0,3,1,6,3,-1,-1,1242,1,9,-1,-1,-1
2017440106694,1,9,0,9,0,8,0,0,0,0,1,1,6,1,17,4,1390,1,12,10,3,10
2017440106694,2,1,0,18,0,8,0,0,0,0,1,1,2,1,53,8,-1,-1,-1,6,1,6
2017440106716,1,9,0,4,0,1,0,0,0,0,2,1,2,2,27,6,1242,1,6,8,1,8
2017440106716,2,9,0,4,0,1,0,0,0,0,1,1,6,2,27,6,1997,2,1,2,1,2
2017440106716,3,19,0,4,0,1,0,0,0,0,1,1,1,1,56,9,-1,-1,-1,6,1,6
2017440106934,1,9,0,18,0,0,0,0,0,0,4,1,6,2,41,7,1364,1,7,6,1,6
2017440107075,1,9,0,18,0,2,0,0,1,4,1,1,6,2,30,6,1596,1,9,1,1,1
2017440107089,1,19,0,1,0,2,0,0,0,0,4,1,6,1,36,7,-1,-1,-1,5,1,5
2017440107118,1,21,0,18,0,0,0,0,0,0,1,1,1,1,-1,-1,12777,2,4,-1,-1,-1
2017440107118,2,9,0,18,0,0,0,0,0,0,4,1,6,2,36,7,2979,1,2,8,1,8
2017440107538,1,9,0,18,0,0,0,11,0,0,2,1,6,1,70,10,999,1,-1,8,2,8
2017440107538,2,19,0,18,0,0,0,0,0,0,1,1,6,1,32,6,2151,2,15,6,3,6
2017440107616,1,5,0,18,0,8,0,10,1,10,1,1,6,1,69,10,-1,-1,-1,3,1,3
2017440107639,1,5,0,16,0,0,0,0,0,0,1,1,6,1,58,9,1261,1,8,9,2,9
2017440107696,1,3,0,12,0,0,0,0,0,0,4,1,6,1,23,5,124,1,12,10,1,10
2017440107696,2,9,0,12,0,0,0,0,0,0,3,1,6,3,-1,-1,-1,-1,-1,-1,-1,-1
2017440107832,1,3,0,16,0,2,1,0,0,0,4,1,6,1,17,4,124,1,13,6,1,6
2017440107944,1,9,0,18,0,1,0,0,0,0,1,1,2,1,41,7,1296,1,9,4,1,4
2017440107944,2,9,0,3,0,1,0,0,0,0,2,1,2,1,53,8,1968,2,7,4,1,4
2017440108146,1,9,0,18,0,1,0,0,0,0,1,1,6,2,41,7,2688,2,17,7,3,7
2017440108146,2,9,0,9,0,1,1,10,0,0,2,1,6,1,34,6,1995,1,9,10,1,10
2017440108298,1,9,0,9,0,6,0,0,0,0,1,1,6,1,24,5,1397,1,7,2,1,2
2017440108298,2,9,0,18,0,1,0,0,0,0,1,1,6,1,86,11,999,1,1,6,1,6
2017440108307,1,9,0,18,0,0,5,6,1,0,1,1,6,1,39,7,1388,1,11,7,3,7
2017440108531,1,9,0,7,0,6,0,0,0,0,1,1,6,1,73,10,1388,1,8,5,1,5
2017440108531,2,9,0,18,0,1,0,0,0,0,4,1,6,1,24,5,-1,-1,-1,7,1,7
2017440108797,1,9,0,10,0,8,0,0,0,0,2,1,6,2,69,10,1198,1,9,9,1,9
2017440108797,2,19,0,18,0,8,0,0,0,0,1,1,2,1,41,7,1996,2,6,6,1,6
2017440108816,1,1,0,12,0,0,0,0,0,0,3,1,4,1,13,3,-1,-1,-1,5,1,5
2017440108816,2,9,0,13,0,0,0,0,0,0,4,1,6,1,57,9,1753,2,15,8,1,8
2017440108995,1,9,0,4,9,8,0,0,0,0,1,1,6,1,39,7,1999,1,10,9,1,9
2017440108995,2,1,0,18,9,8,0,0,0,0,1,1,1,1,39,7,-1,-1,-1,4,1,4
2017440109083,1,1,0,18,0,0,0,10,0,11,1,1,6,1,47,8,-1,-1,-1,5,1,5
2017440109220,1,11,0,4,0,1,0,0,0,0,0,1,1,1,24,5,6370,2,14,1,1,1
2017440109236,1,9,0,18,0,6,0,0,0,0,1,1,6,1,23,5,1149,1,15,-1,-1,-1
2017440109236,2,9,0,18,0,1,0,0,1,1,1,1,6,1,21,5,1968,2,5,4,3,4
2017440109485,1,9,0,3,0,0,0,0,0,0,2,1,6,1,18,4,1360,1,11,6,3,6
2017440109485,2,9,0,18,0,0,0,0,0,0,1,1,6,1,35,6,1388,2,15,-1,-1,-1
2017440109517,1,9,0,16,0,0,0,0,0,0,1,1,3,1,40,7,998,1,5,10,1,10
2017440109566,1,3,0,18,0,1,0,0,0,0,2,1,6,1,52,8,124,1,9,2,1,2
2017440109566,2,8,0,18,0,1,0,0,0,0,1,1,6,3,-1,-1,-1,-1,-1,-1,-1,-1
2017440109666,1,9,0,10,0,1,0,0,0,0,2,1,2,2,42,7,-1,-1,-1,8,1,8
2017440109666,2,9,0,18,0,1,0,0,0,0,1,1,6,3,-1,-1,1598,1,14,-1,-1,-1
2017440109849,1,19,0,18,0,1,0,0,0,0,1,1,1,2,58,9,1248,2,8,10,1,10
2017440109849,2,19,0,18,0,1,0,0,0,11,1,1,1,1,48,8,1968,2,1,9,1,9
2017440109978,1,9,0,10,0,1,0,0,0,0,2,1,6,1,32,6,1896,2,13,5,1,5
2017440109978,2,9,0,18,0,1,0,0,0,0,1,1,6,2,40,7,875,1,5,7,1,7
2017440110042,1,2,0,4,0,8,0,0,0,0,4,1,2,1,48,8,-1,-1,-1,9,1,9
2017440110184,1,9,0,5,0,8,0,0,0,0,1,1,2,1,45,7,1995,2,11,7,1,7
2017440110184,2,9,0,18,0,8,0,0,0,0,3,1,6,1,81,11,1600,1,6,4,2,4
2017440110279,1,9,0,18,0,0,0,0,0,0,1,1,6,2,31,6,1598,1,6,7,3,7
2017440110279,2,1,0,18,0,0,0,0,0,0,1,1,6,1,8,2,-1,-1,-1,2,1,2
2017440110319,1,9,0,18,0,1,0,0,0,0,2,1,6,2,47,8,1598,1,6,10,1,10
2017440110319,2,9,0,18,0,1,0,0,0,0,0,1,6,1,76,11,2143,2,4,8,1,8
2017440110395,1,8,0,4,0,0,0,0,0,0,0,1,1,1,-1,-1,1598,2,6,-1,-1,-1
2017440110399,1,9,0,4,0,0,1,0,0,0,1,1,6,1,31,6,1461,2,9,2,1,2
2017440110399,2,9,0,4,0,0,0,0,0,0,2,1,1,1,69,10,1753,2,10,3,1,3
2017440110399,3,9,0,4,0,0,0,0,0,0,2,1,1,2,41,7,1399,1,14,4,1,4
2017440110399,4,19,0,4,0,0,0,0,0,0,2,1,1,1,28,6,1996,2,6,6,2,6
2017440110410,1,9,0,4,0,0,0,0,0,0,2,1,6,1,65,9,3800,1,7,10,2,10
2017440110410,2,9,0,4,0,0,0,0,0,0,1,1,6,1,23,5,1999,1,9,5,1,5
2017440110434,1,9,0,18,0,0,0,0,0,0,1,1,6,2,70,10,-1,-1,-1,10,1,10
2017440110434,2,19,0,18,0,0,0,0,0,0,1,1,2,1,36,7,2198,2,1,4,1,4
2017440110434,3,19,0,18,0,0,0,0,0,0,1,1,2,1,51,8,2461,2,15,7,1,7
2017440110461,1,9,0,9,0,8,0,0,0,0,1,1,6,1,41,7,1598,1,1,3,1,3
2017440110461,2,9,0,18,0,8,0,0,1,0,1,1,6,2,31,6,2000,1,8,4,1,4
2017440110477,1,9,0,9,0,8,0,0,0,0,1,1,6,1,52,8,2597,1,16,7,2,7
2017440110477,2,9,0,18,0,8,0,0,0,0,1,1,2,2,26,6,1339,1,15,6,1,6
2017440110478,1,9,0,18,0,2,0,0,0,0,1,1,6,1,21,5,1299,1,16,10,2,10
2017440110478,2,9,0,4,0,2,0,0,0,0,2,1,6,1,38,7,-1,-1,-1,10,1,10
2017440110664,1,97,0,18,0,0,0,0,0,0,1,1,6,3,-1,-1,-1,-1,-1,-1,-1,-1
2017440110664,2,1,0,18,0,0,0,0,0,0,2,1,6,1,17,4,-1,-1,-1,1,1,1
2017440110899,1,9,0,17,0,0,1,0,1,4,1,1,1,1,18,4,999,1,18,6,1,6
2017440110985,1,9,0,18,0,0,0,2,0,0,1,1,6,1,26,6,1896,2,15,7,3,7
2017440111125,1,9,0,18,0,0,2,0,6,4,4,1,6,1,68,10,1598,1,9,4,3,4
2017440111182,1,9,0,18,0,1,5,0,0,10,0,1,6,2,23,5,998,1,3,8,1,8
2017440111182,2,9,0,18,0,8,0,0,0,0,4,1,6,2,56,9,-1,-1,-1,8,3,8
2017440111199,1,9,0,9,0,6,0,0,0,0,3,1,1,1,41,7,-1,-1,-1,10,1,10
2017440111199,2,9,0,18,0,8,0,0,0,0,1,1,6,1,59,9,1995,2,-1,10,3,10
2017440111274,1,5,0,14,0,0,1,0,0,0,3,1,6,1,47,8,1157,1,21,9,1,9
2017440111283,1,9,0,1,0,6,0,0,0,0,2,1,6,2,54,8,1598,1,15,9,1,9
2017440111292,1,9,0,13,0,1,0,0,0,0,4,1,6,1,57,9,1796,1,14,8,1,8
2017440111292,2,1,0,3,0,1,0,0,0,0,3,1,2,1,26,6,-1,-1,-1,4,1,4
2017440111322,1,9,0,8,0,6,0,0,0,0,4,1,6,1,38,7,1968,2,12,-1,-1,-1
2017440111322,2,9,0,18,0,1,5,0,1,9,3,1,6,2,73,10,1198,1,5,10,1,10
2017440111394,1,9,0,5,0,1,0,0,0,0,1,1,6,1,23,5,1781,1,14,4,1,4
2017440111405,1,9,0,18,0,8,0,0,0,0,2,1,6,1,35,6,-1,-1,-1,7,1,7
2017440111405,2,9,0,18,0,8,0,0,0,0,3,1,6,3,-1,-1,1560,2,7,-1,-1,-1
2017440111406,1,9,0,11,0,8,5,0,0,0,4,1,6,2,27,6,796,1,8,6,1,6
2017440111406,2,9,0,18,0,8,0,0,0,0,1,1,6,1,87,11,1339,1,10,9,1,9
2017440111459,1,9,0,5,0,0,0,0,0,0,1,1,2,2,53,8,2143,2,6,10,1,10
2017440111459,2,9,0,5,0,0,0,0,0,0,2,1,6,1,40,7,1242,1,16,-1,-1,-1
2017440111472,1,9,0,4,0,0,0,0,0,0,1,1,6,1,58,9,1995,2,9,10,1,10
2017440111472,2,9,0,3,0,0,0,0,0,0,2,1,6,1,57,9,1997,2,13,7,3,7
2017440111472,3,9,0,3,0,0,0,0,0,0,2,1,6,1,50,8,1596,1,16,2,1,2
2017440111475,1,9,0,15,0,0,1,0,0,6,1,1,6,2,19,4,-1,-1,-1,3,1,3
2017440111553,1,9,0,18,0,0,1,0,0,0,1,1,6,2,21,5,1299,1,13,7,1,7
2017440111553,2,9,0,18,0,0,0,6,0,0,1,1,6,1,23,5,2204,2,12,5,1,5
2017440111698,1,4,0,18,0,1,0,0,0,0,1,1,6,1,17,4,125,1,1,9,1,9
2017440111698,2,9,0,4,0,1,0,0,0,0,2,1,6,2,30,6,-1,-1,-1,10,1,10
2017440111833,1,5,0,13,0,8,1,0,1,10,1,1,6,1,20,4,599,1,19,10,1,10
2017440111833,2,9,0,18,0,8,0,0,0,0,0,1,6,2,28,6,1598,2,4,10,1,10
2017440111833,3,9,0,9,0,8,0,0,0,0,3,1,6,2,52,8,1997,2,13,6,1,6
2017440112228,1,9,0,18,0,0,2,0,1,11,1,1,6,2,18,4,1149,1,12,10,1,10
2017440112228,2,9,0,2,0,0,0,0,0,0,2,1,6,3,-1,-1,1560,2,10,-1,-1,-1
2017440112228,3,9,0,2,0,0,0,0,0,0,3,1,6,3,-1,-1,1587,1,10,-1,-1,-1
2017440112504,1,9,0,9,0,5,0,0,0,0,4,1,6,1,55,8,2993,2,3,7,1,7
2017440112504,2,9,0,18,0,1,0,0,0,0,1,1,6,1,35,6,1997,2,14,10,1,10
2017440112726,1,9,0,5,0,1,0,0,0,0,2,1,6,1,43,7,-1,-1,-1,8,1,8
2017440112726,2,9,0,5,0,1,0,0,0,0,1,1,6,2,73,10,-1,-1,-1,5,1,5
2017440112802,1,9,0,18,0,1,0,0,0,0,1,1,6,2,20,4,1198,1,13,10,1,10
2017440112968,1,9,0,4,0,1,0,0,0,0,2,1,6,1,50,8,1368,1,11,10,1,10
2017440112968,2,9,0,4,0,1,0,0,0,0,1,1,6,3,-1,-1,1997,2,6,-1,-1,-1
2017440113014,1,1,0,18,0,8,0,0,0,0,4,1,6,1,45,7,-1,-1,-1,3,1,3
2017440113014,2,9,0,18,0,8,0,0,0,0,1,1,6,2,26,6,-1,-1,-1,6,1,6
2017440113072,1,9,0,9,0,8,0,0,3,2,4,1,6,1,35,6,3246,1,16,9,1,9
2017440113315,1,9,0,18,0,0,0,0,0,0,1,1,6,3,-1,-1,1984,1,17,-1,-1,-1
2017440113315,2,90,0,18,0,0,0,0,0,0,2,1,6,1,33,6,-1,-1,-1,9,3,9
2017440114054,1,1,0,18,0,0,0,0,0,0,3,1,6,1,59,9,-1,-1,-1,1,1,1
2017440114054,2,9,0,11,0,0,0,0,0,0,4,1,6,3,-1,-1,-1,-1,-1,-1,-1,-1
2017440114090,1,9,0,9,0,1,0,0,0,0,1,1,1,2,57,9,-1,-1,-1,10,1,10
2017440114090,2,9,0,18,0,1,0,0,0,0,1,1,6,2,55,8,1388,1,11,6,1,6
2017440114090,3,9,0,2,0,2,0,0,0,0,2,1,6,3,-1,-1,-1,-1,-1,-1,-1,-1
2017440114373,1,5,0,13,0,0,1,0,0,0,3,1,6,1,76,11,645,1,5,10,1,10
2017440114373,2,20,0,18,0,0,0,0,0,0,3,1,1,1,55,8,2287,2,8,9,3,9
2017440114388,1,9,0,5,0,2,0,0,0,0,1,1,6,1,61,9,1995,2,15,4,1,4
2017440114547,1,1,0,18,0,8,0,0,0,0,4,1,6,2,18,4,-1,-1,-1,4,1,4
2017440114547,2,97,0,18,0,8,0,0,0,0,1,1,6,3,-1,-1,-1,-1,-1,-1,-1,-1
2017440114561,1,9,0,14,0,8,0,0,0,0,1,1,6,2,18,4,1390,1,4,10,1,10
2017440114561,2,9,0,18,0,8,0,0,0,0,1,1,6,2,57,9,4806,1,3,8,3,8
2017440114910,1,1,0,18,0,2,0,0,0,0,2,1,6,1,38,7,-1,-1,-1,3,1,3
2017440114910,2,9,0,13,0,1,0,0,0,0,3,1,6,3,-1,-1,-1,-1,-1,-1,-1,-1
2017440114967,1,19,0,18,0,0,0,0,0,0,1,1,1,3,-1,-1,2198,2,2,-1,-1,-1
2017440114967,2,9,0,18,0,0,0,0,0,0,2,1,1,1,25,5,1398,1,2,10,1,10
2017440114967,3,21,0,18,0,0,0,0,0,0,3,1,1,3,-1,-1,15607,2,5,-1,-1,-1
2017440114981,1,9,0,9,0,8,0,0,1,0,1,1,1,1,24,5,-1,-1,-1,10,1,10
2017440114981,2,9,0,17,0,8,0,0,0,0,1,1,1,2,26,6,1390,1,8,5,1,5
2017440115005,1,9,0,12,0,0,0,0,0,0,3,1,1,1,53,8,1995,2,3,-1,-1,-1
2017440115005,2,5,0,18,0,0,0,0,0,0,4,1,1,1,51,8,1600,1,5,6,3,6
2017440115048,1,9,0,10,0,8,0,0,0,0,2,1,6,2,42,7,2401,2,11,5,1,5
2017440115048,2,9,0,18,0,8,1,0,0,0,1,1,2,1,22,5,1390,1,11,4,1,4
2017440115105,1,11,0,4,0,1,0,0,0,0,0,1,1,3,-1,-1,-1,-1,-1,-1,-1,-1
2017440115105,2,9,0,4,0,1,0,0,0,0,0,1,6,3,-1,-1,-1,-1,-1,-1,-1,-1
2017440115164,1,1,0,4,0,1,0,0,0,0,2,1,2,1,31,6,-1,-1,-1,6,1,6
2017440115164,2,9,0,18,0,1,0,0,0,0,1,1,6,3,-1,-1,2993,2,1,-1,-1,-1
2017440115248,1,9,0,18,0,0,0,0,0,0,2,1,1,1,32,6,1596,1,4,-1,-1,-1
2017440115248,2,21,0,18,0,0,0,0,0,0,1,1,1,1,39,7,-1,-1,-1,9,3,9
2017440115432,1,9,0,4,0,0,0,0,0,0,2,1,2,1,27,6,999,1,3,7,1,7
2017440115432,2,9,0,18,0,0,0,0,0,0,1,1,6,3,-1,-1,1242,1,9,-1,-1,-1
2017440115558,1,9,0,18,0,8,0,0,0,0,1,1,6,2,24,5,1364,1,11,10,1,10