Accident_Index,Vehicle_Reference,Vehicle_Type,Towing_and_Articulation,Vehicle_Manoeuvre,Vehicle_Location-Restricted_Lane,Junction_Location,Skidding_and_Overturning,Hit_Object_in_Carriageway,Vehicle_Leaving_Carriageway,Hit_Object_off_Carriageway,1st_Point_of_Impact,Was_Vehicle_Left_Hand_Drive?,Journey_Purpose_of_Driver,Sex_of_Driver,Age_of_Driver,Age_Band_of_Driver,Engine_Capacity_(CC),Propulsion_Code,Age_of_Vehicle,Driver_IMD_Decile,Driver_Home_Area_Type,Vehicle_IMD_Decile
2017440132827,2,9,0,7,0,0,0,0,0,0,1,1,6,3,-1,-1,998,1,29,-1,-1,-1
2017440132844,1,9,0,4,0,1,0,0,0,0,2,1,6,2,42,7,1686,2,3,2,1,2
2017440132844,2,9,0,18,0,1,0,0,0,0,1,1,6,1,32,6,1598,1,10,4,1,4
2017440132993,1,9,0,18,0,0,0,0,0,0,1,1,6,1,27,6,1796,1,14,8,1,8
2017440132993,2,9,0,12,0,0,0,0,0,0,0,1,6,1,34,6,1198,1,11,3,1,3
2017440132993,3,9,0,18,0,0,0,0,0,0,1,1,6,1,27,6,1398,1,13,5,1,5
2017440133206,1,9,0,18,0,8,0,0,0,0,3,1,2,2,37,7,1461,2,1,10,1,10
2017440133206,2,1,0,17,0,8,0,0,0,0,4,1,2,1,25,5,-1,-1,-1,6,1,6
2017440133326,1,21,0,11,0,0,0,0,0,0,4,1,1,1,32,6,12900,2,9,3,2,3
2017440133326,2,9,0,18,0,0,0,0,0,0,3,1,6,2,56,9,1248,1,2,9,1,9
2017440133627,1,9,0,18,0,0,1,0,4,6,4,1,6,1,21,5,1397,1,9,-1,-1,-1
2017440133627,2,19,0,18,0,0,0,0,0,0,3,1,1,1,51,8,2287,2,3,-1,-1,-1
2017440133708,1,19,0,18,0,0,0,0,0,0,3,1,1,1,26,6,-1,-1,-1,7,1,7
2017440133708,2,19,0,18,0,0,0,0,0,0,3,1,6,3,-1,-1,-1,-1,-1,-1,-1,-1
2017440133896,1,9,0,18,0,8,0,0,0,0,1,1,6,2,90,11,1240,1,14,9,1,9
2017440133964,1,9,0,18,0,1,0,0,0,0,1,1,1,1,32,6,998,1,7,1,1,1
2017440133990,1,9,0,16,0,0,1,0,0,0,1,1,6,2,39,7,1753,2,14,2,1,2
2017440133990,2,9,0,17,0,0,0,0,0,0,1,1,6,1,38,7,1998,8,2,4,1,4
2017440134069,1,5,0,13,0,0,0,0,0,0,1,1,6,1,45,7,599,1,16,4,1,4
2017440134069,2,19,0,6,0,0,0,0,0,0,3,1,6,1,36,7,1997,2,11,4,1,4
2017440134213,1,9,0,18,0,0,0,0,0,0,1,1,6,2,22,5,1242,1,2,8,1,8
2017440134213,2,9,0,18,0,0,0,0,4,6,3,1,6,1,27,6,1900,2,13,1,1,1
2017440134407,1,9,0,18,0,1,0,0,0,0,1,1,6,1,19,4,1598,1,5,3,1,3
2017440134407,2,9,0,4,0,1,0,0,0,0,2,1,2,2,50,8,999,1,3,4,1,4
2017440134407,3,9,0,4,0,1,0,0,0,0,2,1,6,1,36,7,1598,2,6,-1,-1,-1
2017440134819,1,9,0,18,0,0,0,0,0,0,1,1,6,1,34,6,1598,2,7,6,1,6
2017440134819,2,9,0,4,0,0,0,0,0,0,2,1,6,2,37,7,1999,1,11,10,1,10
2017440134819,3,19,0,18,0,0,0,0,0,0,1,1,6,1,29,6,1560,2,3,4,1,4
2017440134876,1,21,0,18,0,0,0,0,0,0,1,1,1,1,29,6,12740,2,4,8,1,8
2017440134876,2,19,0,3,0,0,0,0,0,0,2,1,2,1,23,5,2198,2,4,2,1,2
2017440134876,3,19,0,3,0,0,0,0,0,0,2,1,2,2,29,6,-1,-1,-1,7,1,7
2017440134876,4,9,0,3,0,0,0,0,0,0,2,1,2,1,41,7,1229,1,4,4,1,4
2017440134876,5,9,0,3,0,0,0,0,0,0,2,1,2,2,46,8,875,1,1,5,1,5
2017440134876,6,9,0,3,0,0,0,0,0,0,2,1,2,2,30,6,1591,1,7,9,1,9
2017440134876,7,9,0,3,0,0,0,0,1,6,2,1,1,1,46,8,-1,-1,-1,6,1,6
2017440134969,1,9,0,18,0,8,0,0,0,0,1,1,2,2,37,7,2179,2,2,5,1,5
2017440134969,2,9,0,18,0,8,0,0,0,0,3,1,6,2,50,8,998,1,1,7,1,7
2017440135026,1,9,0,9,0,8,0,0,0,0,1,1,6,1,40,7,1999,1,15,4,1,4
2017440135026,2,1,0,18,0,8,0,0,0,0,1,1,6,1,55,8,-1,-1,-1,10,1,10
2017440135348,1,3,0,15,0,0,1,0,0,0,1,1,6,1,20,4,125,1,2,5,1,5
2017440135348,2,9,0,18,0,0,0,0,0,0,2,1,6,2,48,8,2461,2,10,5,1,5
2017440135661,1,9,0,18,0,8,0,0,0,0,0,1,6,1,55,8,1248,1,-1,10,1,10
2017440135661,2,9,0,18,0,8,0,0,0,0,1,1,6,1,58,9,1339,1,4,10,1,10
2017440135723,1,3,0,18,0,0,0,0,0,0,1,1,6,2,23,5,124,1,1,10,1,10
2017440135723,2,9,0,18,0,0,0,0,0,0,1,1,6,2,32,6,2231,2,4,10,1,10
2017440135739,1,9,0,4,0,0,0,0,0,0,1,1,6,3,-1,-1,-1,-1,-1,-1,-1,-1
2017440135739,2,1,0,18,0,0,0,0,0,0,1,1,6,1,11,3,-1,-1,-1,3,1,3
2017440135838,1,9,0,18,0,8,5,0,4,2,1,1,6,1,63,9,-1,-1,-1,10,1,10
2017440135849,1,9,0,18,0,0,0,0,0,0,1,1,6,1,51,8,1339,1,10,10,1,10
2017440135860,1,5,0,18,0,8,1,0,1,0,1,1,6,1,34,6,1043,1,6,2,1,2
2017440135860,2,9,0,9,0,8,0,0,0,0,4,1,6,1,63,9,1196,1,20,4,1,4
2017440136216,1,9,0,9,0,1,0,0,0,4,1,1,6,1,29,6,1968,2,9,-1,-1,-1
2017440136299,1,1,0,18,0,0,0,0,0,0,1,1,2,1,48,8,-1,-1,-1,10,3,10
2017440136299,2,3,0,3,0,0,0,0,0,0,2,1,6,1,25,5,124,1,5,8,3,8
2017440136699,1,9,0,2,0,0,0,0,0,0,3,1,6,1,31,6,2656,1,12,8,3,8
2017440136699,2,9,0,14,0,0,0,0,0,0,4,1,6,3,-1,-1,1595,1,11,4,1,4
2017440137216,1,9,0,18,0,0,0,0,1,9,1,1,6,1,25,5,1910,2,9,7,1,7
2017440137264,1,9,0,13,0,8,0,0,0,0,4,1,6,1,57,9,2993,2,12,7,1,7
2017440137264,2,1,0,18,0,8,0,0,0,0,1,1,2,1,32,6,-1,-1,-1,9,1,9
2017440137372,1,9,0,4,0,0,0,0,0,0,2,1,6,1,28,6,2993,2,2,8,1,8
2017440137372,2,9,0,4,0,0,0,0,0,0,1,1,2,1,36,7,-1,-1,-1,2,1,2
2017440137439,1,19,0,16,0,0,0,0,0,0,3,1,6,1,39,7,1686,2,10,9,3,9
2017440137439,2,9,0,17,0,0,0,0,0,0,3,1,2,2,54,8,-1,-1,-1,4,1,4
2017440137684,1,9,0,18,0,0,0,0,0,0,1,1,6,1,20,4,1086,1,13,2,1,2
2017440137684,2,9,0,18,0,0,0,0,0,0,1,1,6,1,47,8,-1,-1,-1,4,1,4
2017440137722,1,3,0,18,0,3,0,0,0,0,4,1,1,1,33,6,123,1,2,6,1,6
2017440137722,2,9,0,5,0,4,0,0,0,0,1,1,1,1,65,9,1995,2,14,7,1,7
2017440137934,1,19,0,18,0,8,1,0,1,0,1,1,1,1,54,8,1997,2,1,6,1,6
2017440137934,2,9,0,18,0,6,2,0,3,11,1,1,6,2,57,9,1685,2,3,4,1,4
2017440138303,1,9,0,3,0,1,0,0,0,0,2,1,6,2,32,6,-1,-1,-1,5,1,5
2017440138303,2,9,0,4,0,1,0,0,0,0,1,1,6,1,-1,-1,1242,1,17,4,1,4
2017440138909,1,9,3,18,0,0,0,0,7,0,0,1,6,1,43,7,1598,2,5,7,1,7
2017440138909,2,9,0,18,0,0,0,0,0,0,1,1,6,2,46,8,1496,1,1,10,1,10
2017440138983,1,8,0,18,0,8,0,0,0,0,1,1,1,1,43,7,1991,2,7,3,1,3
2017440138983,2,5,0,9,0,8,0,0,0,0,1,1,6,1,19,4,865,1,7,10,1,10
2017440139428,1,9,0,18,0,0,1,0,1,3,1,1,6,1,34,6,2157,1,16,6,1,6
2017440139428,2,5,0,18,0,0,0,0,0,0,1,1,6,1,25,5,1002,1,16,4,1,4
2017440139479,1,1,0,18,0,2,0,0,0,0,1,1,6,2,9,2,-1,-1,-1,7,1,7
2017440139479,2,9,0,14,0,1,0,0,0,0,1,1,6,1,-1,-1,-1,-1,-1,-1,-1,-1
2017440139611,1,9,0,9,0,8,0,0,0,0,1,1,6,1,20,4,1229,1,5,3,1,3
2017440139664,1,9,0,18,0,0,0,0,7,0,0,1,6,1,24,5,-1,-1,-1,10,1,10
2017440139767,1,9,0,9,0,8,0,0,0,0,1,1,6,1,45,7,698,1,11,4,3,4
2017440139767,2,5,0,18,0,8,1,0,7,0,4,1,6,1,55,8,744,1,-1,7,3,7
2017440139959,1,9,0,3,0,1,0,0,0,0,2,1,6,2,34,6,1339,1,12,9,1,9
2017440139959,2,9,0,18,0,1,0,0,0,0,1,1,6,3,-1,-1,-1,-1,-1,-1,-1,-1
2017440140040,1,9,0,12,0,0,1,0,5,7,0,1,6,1,18,4,1149,1,13,-1,-1,-1
2017440140201,1,9,0,18,0,0,0,0,0,0,1,1,6,1,22,5,1498,1,2,10,1,10
2017440140201,2,9,0,18,0,0,0,0,7,0,1,1,6,1,57,9,2776,2,10,8,3,8
2017440140214,1,9,0,18,0,0,2,0,2,4,4,1,6,1,17,4,1229,1,10,10,1,10
2017440140568,1,9,0,18,0,0,0,0,0,0,1,1,6,1,30,6,1396,1,6,6,1,6
2017440140587,1,9,0,7,9,0,0,0,0,0,4,1,2,1,37,7,1598,2,7,1,1,1
2017440140610,1,9,0,18,0,8,0,10,1,2,1,1,6,1,61,9,1984,1,2,9,1,9
2017440140610,2,9,0,18,0,8,0,0,0,0,2,1,1,2,50,8,1339,1,8,6,1,6
2017440140690,1,9,0,9,0,8,0,0,0,0,3,1,6,1,79,11,1560,2,2,4,1,4
2017440140690,2,9,0,18,0,8,0,0,0,0,1,1,6,1,33,6,2401,2,13,9,1,9
2017440140726,1,11,0,18,0,1,0,0,0,0,1,1,1,1,61,9,4461,2,3,7,3,7
2017440140910,1,9,0,17,0,2,5,0,1,1,4,1,6,1,62,9,1198,1,6,4,2,4
2017440141053,1,9,0,5,0,0,0,0,0,0,1,1,6,2,50,8,1968,2,5,10,3,10
2017440141053,2,1,0,5,0,0,0,0,0,0,1,1,6,1,53,8,-1,-1,-1,7,1,7
2017440141235,1,1,0,18,0,8,0,0,0,0,1,1,6,1,14,3,-1,-1,-1,5,1,5
2017440141235,2,9,0,7,0,8,0,0,0,0,1,1,6,1,89,11,1587,1,16,10,1,10
2017440141722,1,1,0,18,0,0,0,0,0,0,1,1,6,1,45,7,-1,-1,-1,10,1,10
2017440141722,2,19,0,2,0,0,0,0,0,0,2,1,1,1,62,9,2198,2,2,5,1,5
2017440141723,1,9,0,18,0,0,0,0,0,0,4,1,6,3,-1,-1,-1,-1,-1,-1,-1,-1
2017440141792,1,5,0,13,0,8,0,0,0,0,4,1,6,1,54,8,1250,1,6,6,1,6
2017440141792,2,9,0,9,0,8,0,0,0,0,2,1,6,1,21,5,1362,1,3,4,1,4
2017440141949,1,9,0,9,0,8,0,0,0,0,1,1,6,2,82,11,1591,1,7,10,2,10
2017440141949,2,9,0,18,0,8,5,10,7,1,3,1,6,2,47,8,2179,2,5,9,1,9
2017440142021,1,9,0,5,0,0,0,0,0,0,3,1,6,2,70,10,1248,1,6,3,1,3
2017440142021,2,3,0,18,0,0,0,0,0,0,4,1,6,1,42,7,599,1,12,3,1,3
2017440142141,1,9,0,18,0,0,0,0,0,0,4,1,6,3,-1,-1,1590,1,18,-1,-1,-1
2017440142704,1,1,0,18,0,0,0,0,1,0,1,1,6,2,19,4,-1,-1,-1,8,3,8
2017440142704,2,9,0,13,0,0,0,0,0,0,0,1,6,3,-1,-1,-1,-1,-1,-1,-1,-1
2017440143091,1,9,0,5,0,1,0,0,0,0,3,1,6,1,33,6,1968,2,3,6,1,6
2017440143091,2,9,0,18,0,1,0,0,0,0,3,1,6,2,60,9,1398,1,4,8,2,8
2017440143167,1,1,0,18,0,8,0,0,0,0,3,1,6,1,36,7,-1,-1,-1,-1,-1,-1
2017440143167,2,9,0,18,0,8,0,0,0,0,3,1,6,1,37,7,1248,2,14,8,3,8
2017440143287,1,9,0,18,0,0,0,12,1,7,1,1,2,2,20,4,1229,1,10,5,1,5
2017440143867,1,9,0,3,0,0,0,0,0,0,2,1,2,2,46,8,-1,-1,-1,9,3,9
2017440143867,2,21,0,18,0,0,0,0,0,0,1,1,1,1,33,6,10837,2,2,9,3,9
2017440143911,1,9,0,8,0,8,0,0,0,0,2,1,1,2,40,7,1461,2,5,1,1,1
2017440143911,2,9,0,18,0,8,0,0,0,0,4,1,6,1,35,6,-1,-1,-1,1,1,1
2017440143947,1,9,0,18,0,0,0,0,0,0,1,1,6,2,38,7,1560,2,10,7,1,7
2017440144344,1,9,0,3,0,0,0,0,0,0,2,1,2,2,47,8,1984,1,11,10,1,10
2017440144344,2,9,0,4,0,0,0,0,0,0,1,1,6,3,-1,-1,1395,1,1,-1,-1,-1
2017440144586,1,5,0,18,0,0,0,0,0,0,1,1,6,1,47,8,998,1,10,2,1,2
2017440144586,2,9,0,1,0,0,0,0,0,0,3,1,2,1,26,6,2793,1,18,3,1,3
2017440144610,1,19,0,7,0,8,0,0,0,0,4,1,2,1,19,4,2198,2,6,8,1,8
2017440144610,2,1,0,18,4,8,0,0,0,0,1,1,6,1,43,7,-1,-1,-1,9,1,9
2017440144615,1,9,0,18,0,8,0,0,0,0,4,1,1,1,26,6,1598,2,1,4,1,4
2017440144615,2,5,0,9,0,8,0,0,0,0,1,1,6,1,21,5,124,1,15,4,1,4
2017440145024,1,9,0,18,0,0,5,4,0,0,1,1,6,1,25,5,1149,1,12,1,1,1
2017440145024,2,19,0,2,0,0,0,0,0,0,1,1,6,3,-1,-1,1870,2,15,-1,-1,-1
2017440145078,1,9,0,18,0,0,1,0,0,0,2,1,2,1,21,5,1328,1,11,5,1,5
2017440145078,2,90,0,3,0,0,0,0,0,0,2,1,1,1,44,7,-1,-1,-1,4,1,4
2017440145171,1,11,0,5,0,1,0,0,0,0,0,1,1,3,-1,-1,-1,-1,-1,-1,-1,-1
2017440145171,2,9,0,5,0,1,0,0,0,0,0,1,6,3,-1,-1,-1,-1,-1,-1,-1,-1
2017440145253,1,9,0,18,0,0,0,0,0,0,1,1,6,1,30,6,1870,2,10,3,1,3
2017440145253,2,9,0,18,0,0,0,0,0,0,2,1,6,1,32,6,1798,1,5,2,1,2
2017440145674,1,9,0,16,0,2,0,0,0,10,1,1,6,2,79,11,1339,1,14,9,1,9
2017440145674,2,9,0,2,0,2,0,0,0,0,1,1,6,1,-1,-1,2497,1,13,-1,-1,-1
2017440145894,1,3,0,13,0,1,0,0,0,0,4,1,2,1,31,6,124,1,1,8,1,8
2017440145919,1,9,0,17,0,0,0,0,0,0,3,1,2,1,27,6,-1,-1,-1,2,1,2
2017440145919,2,20,0,16,0,0,0,0,0,0,1,1,1,1,53,8,5193,2,5,9,2,9
2017440145951,1,9,0,18,0,8,0,0,0,0,0,1,6,1,43,7,1896,2,15,8,2,8
2017440145951,2,90,0,18,0,8,0,0,0,0,0,1,6,1,-1,-1,7146,2,3,-1,-1,-1
2017440146072,1,9,0,9,0,8,0,0,0,0,1,1,6,1,58,9,1590,1,14,6,2,6
2017440146072,2,5,0,14,0,8,0,0,7,0,1,1,6,1,64,9,600,1,17,5,1,5
2017440146072,3,9,0,2,0,2,0,0,0,0,4,1,6,3,-1,-1,1997,2,10,-1,-1,-1
2017440146286,1,9,0,9,0,8,0,7,0,0,4,1,6,2,52,8,1796,1,3,4,1,4
2017440146286,2,9,0,18,0,8,0,0,0,0,1,1,6,1,30,6,1390,1,16,4,1,4
2017440146404,1,9,0,16,0,1,0,0,7,7,3,1,6,1,65,9,1398,1,4,7,1,7
2017440146498,1,9,0,18,0,8,0,0,0,0,1,1,1,2,23,5,1198,1,14,5,1,5
2017440146498,2,1,0,18,0,8,0,0,0,0,4,1,6,2,25,5,-1,-1,-1,8,1,8
2017440146919,1,9,0,18,0,8,0,0,0,0,4,1,6,2,53,8,3189,1,13,6,1,6
2017440146919,2,9,0,7,0,8,0,0,0,0,1,1,6,3,-1,-1,1598,1,13,-1,-1,-1
2017440147101,1,9,0,6,0,0,0,0,0,0,4,1,6,2,70,10,1798,1,3,6,1,6
2017440147101,2,9,0,18,0,0,0,0,0,0,1,1,6,1,34,6,1798,1,3,8,1,8
2017440147315,1,9,0,2,0,2,0,0,0,0,4,1,6,3,-1,-1,1598,1,3,-1,-1,-1
2017440147315,2,9,0,18,0,8,0,0,0,0,0,1,6,3,-1,-1,-1,-1,-1,-1,-1,-1
2017440147318,1,19,0,11,0,0,0,0,0,0,4,1,6,1,58,9,1248,2,9,5,1,5
2017440147318,2,3,0,15,0,0,0,0,0,0,3,1,6,2,56,9,-1,-1,-1,10,1,10
2017440147515,1,9,0,18,0,8,0,0,0,0,1,1,6,1,45,7,-1,-1,-1,10,2,10
2017440147515,2,9,0,10,0,8,0,0,0,0,0,1,6,1,36,7,2979,1,14,10,2,10
2017440147691,1,9,0,17,0,0,1,0,1,0,4,1,6,1,41,7,1998,1,11,3,1,3
2017440147909,1,9,0,18,0,1,0,0,0,0,2,1,6,2,55,8,1596,1,10,10,1,10
2017440147909,2,9,0,18,0,1,0,0,0,0,1,1,6,3,-1,-1,1587,1,12,-1,-1,-1
2017440147929,1,19,0,7,0,8,0,0,0,0,3,1,1,1,28,6,2198,2,2,10,1,10
2017440147929,2,1,0,18,0,8,0,0,0,0,1,1,1,2,34,6,-1,-1,-1,7,1,7
2017440148120,1,11,0,5,0,0,0,0,0,0,0,1,1,3,-1,-1,-1,-1,-1,-1,-1,-1
2017440148317,1,9,0,18,0,8,0,0,0,0,1,1,2,2,18,4,998,1,15,7,1,7
2017440148317,2,9,0,10,0,8,0,0,0,0,2,1,6,1,41,7,1396,1,17,6,1,6
2017440149571,1,9,0,5,0,2,0,0,0,0,1,1,6,1,43,7,1598,2,3,9,1,9
2017440149693,1,9,0,18,0,2,0,0,0,0,1,1,6,1,-1,-1,1360,1,10,4,1,4
2017440149693,2,1,0,18,0,2,0,0,0,0,1,1,6,1,16,4,-1,-1,-1,7,1,7
2017440149730,1,9,0,17,0,0,2,0,8,2,4,1,2,1,28,6,-1,-1,-1,7,1,7
2017440149766,1,9,0,14,0,0,0,0,0,0,1,1,6,1,62,9,1598,1,14,3,1,3
2017440149766,2,9,0,2,0,0,0,0,0,0,0,1,6,3,-1,-1,1248,1,6,-1,-1,-1
2017440149810,1,9,0,9,0,8,0,0,0,0,1,1,6,1,24,5,1422,2,2,-1,-1,-1
2017440149810,2,3,0,18,0,8,1,0,0,0,4,1,6,1,51,8,125,1,2,4,1,4
2017440149853,1,9,0,18,0,0,0,0,0,0,2,1,6,1,-1,-1,3059,2,22,-1,-1,-1
2017440149853,2,1,0,4,0,0,0,0,0,0,1,1,6,1,33,6,-1,-1,-1,6,1,6
2017440149951,1,9,0,18,0,2,0,0,0,0,4,1,6,3,-1,-1,998,1,14,-1,-1,-1
2017440149991,1,9,0,3,0,1,0,0,0,0,1,1,6,2,44,7,1299,1,10,4,1,4
2017440149991,2,9,0,3,0,1,0,0,0,0,2,1,6,2,73,10,1248,1,2,6,1,6
2017440149991,3,9,0,18,0,1,0,0,0,0,1,1,6,2,47,8,1598,2,4,7,1,7
2017440150003,1,9,0,5,0,8,0,0,0,0,1,1,6,2,31,6,1995,1,14,10,1,10
2017440150003,2,9,0,18,0,8,0,0,0,0,3,1,6,1,55,8,1951,2,13,10,1,10
2017440150031,1,9,0,9,0,8,0,0,0,0,1,1,6,1,18,4,1390,1,13,1,1,1
2017440150031,2,9,0,18,0,8,0,0,0,0,4,1,6,1,26,6,989,1,18,1,1,1
2017440150106,1,9,0,2,0,1,0,0,0,0,3,1,6,1,48,8,599,1,16,3,1,3
2017440150106,2,1,0,18,0,1,0,0,0,0,1,1,6,1,42,7,-1,-1,-1,8,1,8
2017440150163,1,9,0,16,0,0,1,0,1,0,1,1,6,1,19,4,1998,1,9,8,1,8
2017440150163,2,9,0,4,0,0,0,0,0,0,2,1,6,2,28,6,998,1,7,-1,-1,-1
2017440150163,3,16,0,18,0,0,0,0,0,0,3,1,6,2,35,6,-1,-1,-1,10,2,10
2017440150495,1,9,0,18,0,0,5,4,8,10,1,1,6,1,34,6,1560,2,12,4,1,4
2017440150495,2,9,0,2,0,0,0,0,0,0,1,1,6,3,-1,-1,1896,2,12,-1,-1,-1
2017440150548,1,9,0,18,0,1,0,0,0,0,3,1,6,2,30,6,1389,1,22,6,1,6
2017440150643,1,1,0,18,0,2,0,0,0,0,1,1,6,1,16,4,-1,-1,-1,-1,-1,-1
2017440150643,2,9,0,2,0,2,0,0,0,0,4,1,6,3,-1,-1,2987,2,11,-1,-1,-1
2017440150654,1,9,0,18,0,0,0,0,1,0,1,1,6,1,32,6,2400,2,6,10,3,10
2017440150823,1,3,0,18,0,1,0,0,0,0,1,1,6,1,46,8,-1,-1,-1,2,1,2
2017440150823,2,9,0,7,0,8,0,0,0,0,3,1,6,3,-1,-1,-1,-1,-1,-1,-1,-1
2017440150926,1,9,0,5,0,8,0,0,0,0,3,1,1,1,23,5,1360,1,14,10,1,10
2017440150926,2,9,0,17,0,8,0,0,0,0,1,1,6,3,-1,-1,1968,2,7,-1,-1,-1
2017440151015,1,9,0,12,0,3,0,0,0,0,0,1,6,1,60,9,1198,1,4,7,1,7
2017440151015,2,5,0,18,0,3,1,0,0,0,0,1,6,1,23,5,599,1,7,8,3,8
2017440151062,1,9,4,13,0,0,0,0,0,0,4,1,1,1,34,6,2402,2,7,7,3,7
2017440151062,2,1,0,18,0,0,1,0,0,0,3,1,6,1,55,8,-1,-1,-1,10,2,10
2017440151062,3,1,0,18,0,0,1,0,0,0,1,1,6,2,43,7,-1,-1,-1,10,2,10
2017440151162,1,1,0,18,0,2,0,0,0,0,0,1,6,2,57,9,-1,-1,-1,7,1,7
2017440152004,1,9,0,18,0,8,0,0,0,0,1,1,6,2,52,8,1560,2,1,8,1,8
2017440152004,2,1,0,18,0,8,0,0,0,0,2,1,1,1,28,6,-1,-1,-1,6,1,6
2017440152076,1,9,0,4,0,1,0,0,0,0,2,1,1,2,56,9,1997,2,12,4,1,4
2017440152076,2,19,0,18,0,1,0,0,0,0,1,1,1,1,27,6,-1,-1,-1,4,1,4
2017440152199,1,9,0,18,0,8,1,0,0,0,4,1,6,1,55,8,1329,1,4,8,1,8
2017440152199,2,9,0,18,0,8,0,0,0,0,1,1,6,1,46,8,1368,1,2,6,1,6
2017440152248,1,9,0,5,0,0,0,0,0,0,4,1,6,2,42,7,-1,-1,-1,5,1,5
2017440152248,2,9,0,18,0,0,0,0,0,0,4,1,6,1,31,6,1200,1,1,5,1,5
2017440152283,1,90,0,3,0,1,0,0,0,0,0,1,1,1,34,6,5883,2,11,6,1,6
2017440152283,2,9,0,14,0,1,0,0,0,0,4,1,6,1,69,10,1997,1,2,6,1,6
2017440152310,1,9,0,18,0,1,0,0,0,0,0,1,6,1,29,6,1796,1,13,3,1,3
2017440152310,2,9,0,4,0,1,0,0,0,0,0,1,6,1,-1,-1,1328,1,3,-1,-1,-1
2017440152337,1,5,0,18,0,0,1,0,0,0,0,1,6,1,59,9,647,1,10,3,3,3
2017440152557,1,9,0,18,0,8,0,0,1,11,1,1,6,2,39,7,1229,1,11,1,1,1
2017440152557,2,1,0,18,9,8,0,0,0,0,1,1,6,1,25,5,-1,-1,-1,4,1,4
2017440152999,1,9,0,18,0,1,0,0,0,0,1,1,6,2,28,6,1968,2,5,3,1,3
2017440152999,2,1,0,5,0,1,0,0,0,0,3,1,6,1,13,3,-1,-1,-1,3,1,3
2017440153448,1,5,0,13,0,8,1,0,0,0,1,1,2,1,27,6,998,1,9,8,1,8
2017440153448,2,9,0,9,0,8,0,0,0,0,3,1,2,1,21,5,1598,1,13,9,1,9
2017440153610,1,9,0,9,0,8,0,0,0,0,4,1,2,2,45,7,1149,1,13,10,2,10
2017440153610,2,9,0,18,0,1,0,0,0,0,1,1,6,2,64,9,1598,2,4,8,3,8
2017440153987,1,9,0,18,0,0,5,0,1,0,4,1,2,1,55,8,1395,1,1,10,1,10
2017440153987,2,19,0,18,0,0,0,0,0,0,3,1,1,1,46,8,1499,2,-1,8,1,8
2017440154068,1,9,0,1,0,2,0,0,0,0,2,1,6,2,44,7,-1,-1,-1,3,1,3
2017440154068,2,19,0,2,0,2,0,0,0,0,1,1,6,1,48,8,-1,-1,-1,2,1,2
2017440154171,1,9,0,18,0,2,0,0,0,0,1,1,2,1,58,9,-1,-1,-1,5,1,5
2017440154379,1,9,0,9,0,8,0,0,0,0,1,1,2,2,46,8,2295,1,14,10,1,10
2017440154379,2,3,0,14,0,8,0,0,0,0,1,1,6,1,44,7,124,1,1,5,1,5
2017440154888,1,1,0,18,0,1,0,0,0,0,2,1,2,2,32,6,-1,-1,-1,3,1,3
2017440154888,2,9,0,13,0,1,0,0,0,0,1,1,6,3,-1,-1,-1,-1,-1,-1,-1,-1
2017440154905,1,1,0,18,0,8,0,0,0,0,1,1,2,1,38,7,-1,-1,-1,8,1,8
2017440154905,2,9,0,18,0,8,0,0,0,0,4,1,2,1,64,9,1796,1,3,7,3,7
2017440154926,1,9,0,18,0,8,0,0,0,0,1,1,1,2,54,8,1797,1,2,3,1,3
2017440154926,2,9,0,17,0,8,0,0,0,0,4,1,1,1,66,10,1951,2,13,9,1,9
2017440155140,1,9,0,7,0,8,0,0,0,0,3,1,6,2,82,11,1329,1,8,8,3,8
2017440155140,2,3,0,18,0,8,0,0,0,0,1,1,6,1,17,4,125,1,2,8,1,8
2017440155148,1,5,0,18,0,8,1,0,1,4,1,1,6,1,26,6,899,1,15,8,1,8
2017440155355,1,3,0,12,0,8,0,0,0,0,3,1,2,1,21,5,124,1,13,3,1,3
2017440155355,2,9,0,7,0,8,0,0,0,0,3,1,6,1,50,8,1999,1,10,9,1,9
2017440155372,1,9,0,2,0,1,0,0,0,0,3,1,1,1,-1,-1,-1,-1,-1,-1,-1,-1
2017440155372,2,1,0,18,0,1,0,0,0,0,4,1,6,2,47,8,-1,-1,-1,8,1,8
2017440155372,3,1,0,18,0,1,0,0,0,0,4,1,6,2,48,8,-1,-1,-1,10,1,10
2017440155626,1,9,0,10,0,8,0,0,0,0,2,1,6,1,34,6,1399,2,12,9,1,9
2017440155626,2,9,0,18,0,8,0,0,0,0,1,1,6,3,-1,-1,1968,2,8,-1,-1,-1
2017440155641,1,17,5,17,0,0,0,0,0,0,3,1,1,1,25,5,8984,2,3,8,2,8
2017440155641,2,5,0,16,0,0,1,0,0,0,1,1,6,1,62,9,865,1,10,8,3,8
2017440155698,1,9,0,18,0,8,0,0,0,0,1,1,6,1,56,9,1587,1,15,10,1,10
2017440155749,1,9,0,3,0,1,0,0,0,0,2,1,2,2,18,4,1061,1,14,10,1,10
2017440155749,2,9,0,18,0,1,0,0,0,0,1,1,6,2,-1,-1,-1,-1,-1,-1,-1,-1
2017440155766,1,9,0,9,0,8,0,0,0,0,1,1,1,2,45,7,1598,2,2,6,1,6