Accident_Index,Vehicle_Reference,Vehicle_Type,Towing_and_Articulation,Vehicle_Manoeuvre,Vehicle_Location-Restricted_Lane,Junction_Location,Skidding_and_Overturning,Hit_Object_in_Carriageway,Vehicle_Leaving_Carriageway,Hit_Object_off_Carriageway,1st_Point_of_Impact,Was_Vehicle_Left_Hand_Drive?,Journey_Purpose_of_Driver,Sex_of_Driver,Age_of_Driver,Age_Band_of_Driver,Engine_Capacity_(CC),Propulsion_Code,Age_of_Vehicle,Driver_IMD_Decile,Driver_Home_Area_Type,Vehicle_IMD_Decile
2017440176875,1,1,0,18,0,8,0,0,0,0,4,1,6,1,13,3,-1,-1,-1,5,1,5
2017440176875,2,9,0,18,0,8,0,0,0,0,1,1,6,1,-1,-1,1997,1,2,-1,-1,-1
2017440176947,1,9,0,9,0,8,0,0,0,0,3,1,6,1,75,10,1329,1,4,8,1,8
2017440176947,2,9,0,18,0,8,0,0,0,0,1,1,1,1,51,8,1395,1,2,6,1,6
2017440177063,1,9,0,5,0,4,0,0,0,0,2,1,2,1,59,9,1388,1,12,9,1,9
2017440177063,2,9,0,5,0,4,0,0,0,0,1,1,2,1,26,6,1896,2,14,5,1,5
2017440177180,1,2,0,4,0,8,0,0,0,0,2,1,6,2,16,4,49,1,19,6,1,6
2017440177180,2,3,0,4,0,8,1,0,0,0,1,1,6,1,18,4,124,1,10,3,1,3
2017440177260,1,9,0,18,0,8,0,0,0,0,3,1,1,1,26,6,1598,2,6,1,1,1
2017440177260,2,9,0,18,0,8,0,0,0,0,1,1,6,1,23,5,3189,1,12,-1,-1,-1
2017440177260,3,9,0,2,0,1,0,0,0,0,3,1,6,3,-1,-1,999,1,-1,-1,-1,-1
2017440177260,4,9,0,2,0,1,0,0,0,0,4,1,6,3,-1,-1,1198,1,5,-1,-1,-1
2017440177496,1,1,0,4,0,0,0,0,0,0,1,1,6,1,42,7,-1,-1,-1,10,1,10
2017440177496,2,10,0,4,0,0,0,0,0,0,2,1,1,1,40,7,2402,2,7,3,1,3
2017440177514,1,9,0,10,0,1,0,0,0,0,2,1,2,2,38,7,1461,2,10,9,1,9
2017440177514,2,9,0,4,0,1,1,0,0,0,1,1,2,1,72,10,2495,2,21,3,1,3
2017440177565,1,3,0,9,0,8,1,0,0,0,3,1,6,2,41,7,125,1,1,5,1,5
2017440177599,1,9,0,18,0,0,0,0,1,4,4,1,6,2,31,6,1461,2,-1,10,2,10
2017440177651,1,9,0,1,0,8,0,0,0,0,2,1,2,2,40,7,2597,1,13,7,1,7
2017440177651,2,9,0,3,0,1,0,0,0,0,1,1,2,2,18,4,998,1,10,5,1,5
2017440177682,1,9,0,4,0,4,0,0,0,0,1,1,1,3,-1,-1,1598,2,6,-1,-1,-1
2017440177682,2,9,0,4,0,4,0,0,0,0,2,1,1,3,-1,-1,-1,-1,-1,-1,-1,-1
2017440177745,1,9,0,18,0,2,0,0,0,0,1,1,6,1,63,9,1560,2,7,9,1,9
2017440177745,2,1,0,18,0,2,0,0,0,0,2,1,6,1,20,4,-1,-1,-1,7,1,7
2017440177776,1,1,0,18,0,0,0,0,0,0,1,1,6,2,19,4,-1,-1,-1,1,1,1
2017440177776,2,8,0,2,0,0,0,0,0,0,3,1,1,3,-1,-1,-1,-1,-1,-1,-1,-1
2017440177841,1,9,0,2,0,0,0,0,0,0,2,1,6,1,65,9,-1,-1,-1,-1,-1,-1
2017440177841,2,1,0,18,0,0,0,4,0,0,1,1,6,1,18,4,-1,-1,-1,7,1,7
2017440177865,1,9,0,9,0,8,0,0,0,0,3,1,6,1,57,9,1998,2,8,4,1,4
2017440177865,2,9,0,3,0,1,0,0,0,0,1,1,6,2,41,7,1400,1,10,7,1,7
2017440177865,3,9,0,18,0,8,0,0,1,10,3,1,6,1,24,5,1396,1,15,8,1,8
2017440177895,1,9,0,5,0,8,0,0,0,0,4,1,6,2,70,10,1368,1,2,5,1,5
2017440177895,2,5,0,18,0,8,0,0,1,0,1,1,6,1,24,5,748,1,7,4,1,4
2017440178372,1,1,0,18,0,2,0,0,0,0,1,1,6,1,50,8,-1,-1,-1,6,1,6
2017440178372,2,9,0,18,0,2,1,4,0,0,4,1,6,3,-1,-1,1998,1,16,-1,-1,-1
2017440178372,3,9,0,2,0,2,0,0,0,0,3,1,6,3,-1,-1,1198,1,7,-1,-1,-1
2017440178372,4,9,0,2,0,2,0,0,0,0,3,1,6,3,-1,-1,1586,1,2,-1,-1,-1
2017440178380,1,10,0,7,0,8,0,0,0,0,3,1,1,1,36,7,2198,2,1,4,1,4
2017440178380,2,19,0,18,0,8,0,0,0,0,1,1,2,1,66,10,2500,2,7,10,2,10
2017440178475,1,9,0,5,0,8,0,0,0,0,3,1,6,1,75,10,2993,2,1,6,3,6
2017440178475,2,9,0,18,0,8,1,0,0,0,1,1,6,2,29,6,1341,1,14,10,1,10
2017440178722,1,9,0,13,0,0,2,0,1,4,1,1,6,2,21,5,998,1,5,5,3,5
2017440178722,2,9,0,4,0,0,0,0,4,6,2,1,6,2,66,10,1596,1,12,3,1,3
2017440178771,1,9,0,18,0,0,0,0,0,0,0,1,6,1,23,5,1198,1,13,3,1,3
2017440178909,1,8,0,9,0,8,0,0,0,0,1,1,1,1,37,7,1598,2,1,3,1,3
2017440179208,1,19,0,18,0,0,0,0,0,0,1,1,1,1,31,6,2402,2,5,7,1,7
2017440179208,2,9,0,18,0,0,0,0,0,0,1,1,6,1,17,4,1496,2,-1,9,1,9
2017440179290,1,9,0,6,0,8,0,0,0,0,4,1,6,2,29,6,2995,1,1,9,1,9
2017440179290,2,9,0,18,0,8,0,0,0,0,1,1,6,3,-1,-1,1995,2,-1,-1,-1,-1
2017440179733,1,9,0,18,0,0,0,0,7,4,1,1,6,1,61,9,1598,1,2,7,3,7
2017440179950,1,5,0,18,0,0,0,0,0,0,1,1,6,1,23,5,599,1,18,2,1,2
2017440179950,2,9,0,2,0,0,0,0,0,0,2,1,6,3,-1,-1,-1,-1,-1,-1,-1,-1
2017440180188,1,19,0,18,0,0,5,0,1,4,1,1,6,1,25,5,1929,2,21,5,1,5
2017440180379,1,3,0,9,0,8,1,0,0,0,3,1,1,1,18,4,-1,-1,-1,7,1,7
2017440180453,1,9,0,8,0,1,0,0,0,0,2,1,6,2,32,6,1086,1,11,5,3,5
2017440180453,2,9,0,4,0,1,0,0,0,0,1,1,6,3,-1,-1,1086,1,11,-1,-1,-1
2017440180823,1,9,0,18,0,0,0,0,0,0,1,1,6,1,53,8,-1,-1,-1,2,1,2
2017440180829,1,9,0,18,0,8,0,0,0,0,4,1,6,2,21,5,-1,-1,-1,8,1,8
2017440180829,2,9,0,5,0,8,0,0,0,0,3,1,6,3,-1,-1,1910,2,10,-1,-1,-1
2017440181002,1,5,0,18,0,1,0,0,0,0,1,1,6,1,69,10,790,1,10,10,3,10
2017440181002,2,5,0,3,0,1,0,0,0,0,2,1,6,1,73,10,900,1,1,10,1,10
2017440181485,1,9,0,18,0,0,0,0,1,4,0,1,2,1,38,7,-1,-1,-1,9,1,9
2017440181601,1,9,0,11,0,2,0,0,0,0,4,1,1,1,27,6,1596,1,12,2,1,2
2017440181601,2,3,0,18,0,2,0,0,0,0,3,1,1,1,59,9,645,1,6,10,1,10
2017440181647,1,9,0,17,0,0,1,0,0,7,1,1,3,2,28,6,1388,1,17,-1,-1,-1
2017440181756,1,9,0,15,0,1,0,0,0,0,1,1,6,3,-1,-1,1686,2,8,-1,-1,-1
2017440181809,1,9,0,4,0,1,0,0,0,0,2,1,6,2,32,6,-1,-1,-1,4,1,4
2017440181809,2,9,0,5,0,1,0,0,0,0,1,1,6,2,40,7,1956,2,6,4,1,4
2017440182020,1,19,0,18,0,0,0,0,0,0,1,1,6,1,30,6,1248,2,9,6,1,6
2017440182020,2,22,0,18,0,0,0,0,0,0,4,1,6,2,95,11,-1,-1,-1,10,1,10
2017440182462,1,9,0,5,9,2,0,0,0,0,1,1,6,3,-1,-1,-1,-1,-1,-1,-1,-1
2017440182474,1,9,0,5,0,8,0,0,0,0,1,1,2,2,25,5,998,1,3,9,1,9
2017440182474,2,1,0,18,0,8,0,0,0,0,4,1,6,2,16,4,-1,-1,-1,1,1,1
2017440182541,1,1,0,18,0,8,0,0,0,0,1,1,6,1,15,3,-1,-1,-1,1,1,1
2017440182541,2,9,0,14,0,8,0,0,0,0,1,1,6,1,40,7,1956,2,6,1,1,1
2017440182714,1,11,0,9,0,8,0,0,0,0,3,1,1,3,27,6,4461,2,4,2,1,2
2017440182714,2,1,0,18,0,8,0,0,0,0,1,1,2,1,17,4,-1,-1,-1,5,1,5
2017440182750,1,9,0,18,0,4,0,0,1,7,1,1,6,1,56,9,1999,1,13,9,1,9
2017440182847,1,9,0,7,0,2,0,0,0,0,2,1,6,1,53,8,1560,2,1,5,1,5
2017440182847,2,9,0,18,0,1,0,0,0,0,1,1,6,3,-1,-1,1582,2,7,-1,-1,-1
2017440182977,1,9,0,16,0,0,1,0,7,10,1,1,6,1,21,5,1900,2,17,6,1,6
2017440183133,1,9,0,7,0,2,0,0,0,0,2,1,6,1,54,8,1400,1,11,7,1,7
2017440183133,2,9,0,7,0,2,0,0,0,0,2,1,6,1,63,9,1798,1,7,6,1,6
2017440183133,3,9,0,7,0,2,0,0,0,0,1,1,6,1,31,6,4398,1,14,6,1,6
2017440183133,4,9,0,7,0,2,0,0,0,0,0,1,6,3,-1,-1,-1,-1,-1,-1,-1,-1
2017440183223,1,90,0,7,0,1,0,0,0,0,0,1,1,1,47,8,-1,-1,-1,7,1,7
2017440183263,1,9,0,18,0,0,0,0,0,0,1,1,1,1,20,4,1598,1,10,10,1,10
2017440183404,1,19,0,18,0,0,0,0,0,0,1,1,1,1,38,7,1248,2,6,10,1,10
2017440183404,2,9,4,18,0,0,3,0,0,0,2,1,1,1,58,9,2494,2,6,5,3,5
2017440183953,1,9,0,3,0,7,0,0,0,0,2,1,6,2,21,5,2143,2,2,6,1,6
2017440183953,2,9,0,18,0,7,0,0,0,0,1,1,2,2,29,6,1968,2,1,9,1,9
2017440184190,1,9,0,1,9,0,0,0,0,0,3,1,6,1,35,6,1984,1,11,10,1,10
2017440184224,1,9,0,18,0,0,0,0,0,0,1,1,6,1,61,9,-1,-1,-1,3,1,3
2017440184224,2,9,0,18,0,0,0,0,0,0,2,1,6,1,24,5,1582,2,1,6,1,6
2017440184224,3,9,0,18,0,0,0,0,0,0,1,1,6,2,32,6,1461,2,5,2,1,2
2017440184224,4,9,0,18,0,0,0,0,0,0,1,1,6,1,40,7,1560,2,4,6,1,6
2017440184224,5,9,0,18,0,0,0,0,0,0,2,1,6,1,41,7,1398,2,14,3,1,3
2017440184231,1,19,0,18,0,2,0,0,0,0,1,1,1,1,30,6,1968,2,1,8,3,8
2017440184231,2,9,0,18,0,2,0,0,0,0,2,1,1,1,44,7,1364,1,-1,10,1,10
2017440184279,1,9,0,4,0,0,0,0,0,0,3,1,6,1,50,8,1997,2,6,3,1,3
2017440184316,1,9,0,18,0,8,0,0,0,0,1,1,4,2,17,4,1229,1,8,4,3,4
2017440184316,2,9,0,9,0,1,0,0,0,0,3,1,2,1,21,5,-1,-1,-1,9,2,9
2017440184334,1,9,0,9,0,8,0,0,0,0,1,1,6,1,18,4,1199,1,14,5,1,5
2017440184334,2,9,0,18,0,1,0,0,0,0,1,1,2,1,31,6,1598,1,14,3,1,3
2017440184436,1,9,0,18,0,0,0,0,1,0,1,1,6,1,26,6,1391,1,15,3,1,3
2017440184436,2,9,0,18,0,0,0,0,0,0,2,1,6,1,32,6,1398,1,13,5,2,5
2017440184544,1,9,0,16,0,0,2,0,2,4,4,1,4,1,18,4,1149,1,12,10,1,10
2017440184845,1,9,0,18,0,3,0,0,0,0,1,1,6,3,-1,-1,-1,-1,-1,-1,-1,-1
2017440185013,1,9,0,18,0,0,0,0,0,0,2,1,6,2,38,7,1299,1,17,7,1,7
2017440185013,2,9,0,18,0,0,0,0,0,0,1,1,6,3,-1,-1,1968,2,8,-1,-1,-1
2017440185013,3,9,0,18,0,0,0,0,0,0,2,1,6,3,-1,-1,1798,8,1,-1,-1,-1
2017440185099,1,9,0,5,0,0,0,0,0,0,1,1,6,1,31,6,-1,-1,-1,2,1,2
2017440185099,2,19,0,2,0,0,0,0,0,0,0,1,6,3,-1,-1,-1,-1,-1,-1,-1,-1
2017440185129,1,9,0,18,0,1,0,0,1,0,1,1,6,1,33,6,1388,1,15,6,1,6
2017440185129,2,90,0,9,0,8,0,0,0,0,4,1,1,2,23,5,-1,-1,-1,6,1,6
2017440185134,1,1,0,18,0,0,0,0,0,0,4,1,6,1,52,8,-1,-1,-1,9,1,9
2017440185134,2,9,0,2,0,0,0,0,0,0,3,1,6,3,-1,-1,1339,1,4,-1,-1,-1
2017440185216,1,9,0,9,0,8,0,0,0,0,0,1,6,2,32,6,1124,1,15,4,1,4
2017440185216,2,3,0,18,0,8,1,0,0,0,0,1,6,2,37,7,125,1,1,3,1,3
2017440185220,1,21,0,11,0,0,0,0,0,0,4,1,1,1,48,8,12809,2,-1,4,1,4
2017440185220,2,9,0,18,0,0,0,0,0,0,3,1,6,1,42,7,-1,-1,-1,6,1,6
2017440185402,1,9,0,7,0,8,0,0,0,0,4,1,2,1,63,9,1896,2,9,-1,-1,-1
2017440185402,2,1,0,18,0,8,0,0,0,0,1,1,6,2,23,5,-1,-1,-1,9,1,9
2017440185542,1,9,0,18,0,8,0,0,0,0,2,1,6,2,50,8,1248,2,5,9,1,9
2017440185542,2,9,0,18,0,8,0,0,1,1,1,1,6,1,53,8,3996,1,16,10,1,10
2017440185622,1,9,0,18,0,1,0,0,0,0,1,1,6,2,20,4,1242,1,1,7,3,7
2017440185622,2,9,0,18,0,1,0,0,0,0,2,1,1,1,39,7,1199,1,14,4,1,4
2017440185622,3,9,0,10,0,1,0,0,0,0,2,1,1,2,18,4,-1,-1,-1,4,1,4
2017440185718,1,9,0,18,0,0,0,0,0,0,1,1,6,1,23,5,1248,2,1,10,1,10
2017440185718,2,8,0,18,0,0,0,0,0,0,1,1,1,1,74,10,-1,-1,-1,6,1,6
2017440185820,1,9,0,18,0,8,0,0,0,0,1,1,1,1,54,8,2967,2,4,-1,-1,-1
2017440185820,2,9,0,18,0,8,0,0,0,0,2,1,6,1,54,8,-1,-1,-1,-1,-1,-1
2017440185965,1,9,0,9,0,8,0,0,0,0,4,1,2,1,34,6,1598,2,5,4,1,4
2017440185965,2,9,0,18,0,8,0,0,0,0,1,1,6,1,25,5,1390,1,15,6,1,6
2017440186180,1,9,0,18,0,0,0,0,0,0,1,1,2,1,49,8,1598,1,11,5,1,5
2017440186180,2,9,0,18,0,0,1,0,0,0,1,1,6,1,26,6,1587,1,19,4,1,4
2017440186253,1,9,0,18,0,1,0,0,0,0,1,1,6,1,69,10,2259,1,21,3,1,3
2017440186253,2,9,0,4,0,1,0,0,0,0,2,1,6,1,19,4,1896,2,9,10,3,10
2017440186253,3,9,0,4,0,1,0,0,0,0,2,1,6,2,39,7,1598,2,3,10,1,10
2017440186270,1,9,0,4,0,8,0,0,0,0,1,1,6,1,40,7,1499,2,4,9,1,9
2017440186270,2,9,0,18,0,8,0,0,0,0,4,1,6,1,58,9,1686,2,12,1,1,1
2017440186885,1,9,0,18,0,2,0,0,0,0,4,1,3,2,72,10,1497,8,3,10,1,10
2017440186885,2,1,0,12,0,2,0,0,0,0,3,1,4,1,13,3,-1,-1,-1,8,1,8
2017440186951,1,9,0,18,0,8,0,0,0,0,1,1,2,2,42,7,1400,2,10,7,3,7
2017440186951,2,9,0,9,0,8,0,0,0,0,1,1,2,2,26,6,898,1,2,5,1,5
2017440187323,1,1,0,18,0,8,0,0,0,0,4,1,6,1,32,6,-1,-1,-1,3,1,3
2017440187323,2,9,0,5,0,8,0,0,0,0,1,1,6,3,-1,-1,1560,2,6,-1,-1,-1
2017440187372,1,9,0,18,0,0,0,0,0,0,1,1,6,2,23,5,2179,2,4,4,1,4
2017440187372,2,19,0,2,0,0,0,0,1,11,2,1,1,3,-1,-1,2198,2,2,-1,-1,-1
2017440187680,1,19,0,18,0,0,0,0,0,0,4,1,6,3,-1,-1,1998,2,13,-1,-1,-1
2017440187711,1,2,0,18,0,8,0,0,0,0,1,1,4,1,16,4,49,1,3,6,1,6
2017440187711,2,9,0,4,0,8,0,0,0,0,2,1,6,2,52,8,1396,1,6,8,1,8
2017440187746,1,9,0,18,0,2,0,4,0,0,1,1,6,2,80,11,-1,-1,-1,5,1,5
2017440187746,2,19,0,2,0,2,0,0,0,0,3,1,6,3,-1,-1,-1,-1,-1,-1,-1,-1
2017440188090,1,9,0,10,0,8,0,0,0,0,4,1,6,1,32,6,1910,2,11,7,1,7
2017440188090,2,9,0,18,0,8,0,0,0,0,3,1,6,1,62,9,1956,2,4,6,1,6
2017440188125,1,9,0,18,0,0,0,4,0,0,1,1,6,1,83,11,1399,1,12,10,1,10
2017440188125,2,9,0,2,0,0,0,0,0,0,4,1,6,1,26,6,1242,1,2,6,1,6
2017440188125,3,9,0,2,0,0,0,0,0,0,4,1,6,3,-1,-1,1900,2,10,-1,-1,-1
2017440188466,1,9,0,9,0,8,0,0,0,0,3,1,2,2,42,7,1499,1,2,5,1,5
2017440188466,2,1,0,13,0,8,0,0,0,0,1,1,6,1,22,5,-1,-1,-1,4,1,4
2017440188479,1,9,0,18,0,0,0,0,0,0,1,1,6,2,36,7,1149,1,14,3,1,3
2017440188589,1,9,0,18,0,0,0,0,0,0,2,1,6,1,30,6,1242,1,9,6,1,6
2017440188589,2,1,0,18,0,0,0,0,0,0,3,1,2,1,21,5,-1,-1,-1,4,1,4
2017440188732,1,9,0,7,0,8,0,0,0,0,4,1,6,1,23,5,1242,1,10,9,1,9
2017440188732,2,1,0,18,0,8,0,0,0,0,3,1,6,1,34,6,-1,-1,-1,-1,-1,-1
2017440188792,1,9,0,5,0,8,0,0,0,0,1,1,6,2,46,8,1686,2,7,-1,-1,-1
2017440188792,2,1,0,18,0,8,0,0,0,0,1,1,6,2,12,3,-1,-1,-1,2,1,2
2017440188795,1,9,0,18,0,8,0,0,0,0,1,1,1,1,30,6,2993,2,1,3,1,3
2017440188795,2,9,0,18,0,8,0,0,0,0,3,1,6,1,30,6,1799,1,11,3,1,3
2017440188802,1,1,0,18,0,8,0,0,0,0,3,1,6,1,38,7,-1,-1,-1,5,1,5
2017440188802,2,9,0,9,0,8,0,0,0,0,1,1,6,3,-1,-1,1339,1,12,-1,-1,-1
2017440189406,1,9,0,3,0,1,0,0,0,0,2,1,6,1,25,5,1242,1,3,3,1,3
2017440189406,2,9,0,18,0,1,0,0,0,0,1,1,6,2,39,7,1598,1,10,5,1,5
2017440189406,3,9,0,10,0,1,0,0,0,0,2,1,6,1,42,7,1797,8,2,10,1,10
2017440189412,1,9,0,18,0,0,0,0,0,0,4,1,6,3,-1,-1,-1,-1,-1,-1,-1,-1
2017440189549,1,5,0,5,0,2,0,4,0,0,1,1,6,1,32,6,675,1,3,10,1,10
2017440189549,2,9,0,2,0,2,0,0,0,0,2,1,6,1,78,11,1999,1,11,10,1,10
2017440189557,1,9,0,9,0,8,0,0,0,0,1,1,6,2,92,11,1781,1,24,8,2,8
2017440189557,2,9,0,9,0,8,0,0,0,0,1,1,6,2,28,6,1199,1,13,8,1,8
2017440189591,1,9,0,1,0,8,0,0,0,0,2,1,6,1,41,7,1968,2,7,4,1,4
2017440189591,2,5,0,18,0,8,1,0,0,0,1,1,6,2,49,8,-1,-1,-1,-1,-1,-1
2017440189666,1,9,0,9,0,8,0,0,0,0,3,1,6,1,41,7,1900,2,19,10,2,10
2017440189666,2,5,0,18,0,8,0,0,0,0,1,1,6,1,55,8,745,1,11,5,1,5
2017440189756,1,9,0,18,0,0,0,0,0,0,1,1,6,2,59,9,875,1,3,5,1,5
2017440190137,1,9,0,18,0,8,0,0,0,0,1,1,6,3,-1,-1,-1,-1,-1,-1,-1,-1
2017440190240,1,9,0,18,0,2,0,0,0,0,1,1,6,1,32,6,2488,2,10,8,3,8
2017440190240,2,9,0,18,0,2,0,0,0,0,2,1,6,1,18,4,1242,1,10,6,1,6
2017440190253,1,5,0,16,0,0,0,0,7,4,1,1,6,1,23,5,998,1,19,6,1,6
2017440190492,1,9,0,18,0,0,0,0,0,0,4,1,6,3,-1,-1,-1,-1,-1,-1,-1,-1
2017440190778,1,9,0,16,0,2,0,0,0,0,1,1,6,1,36,7,1998,2,14,6,1,6
2017440190778,2,9,0,17,0,1,0,0,0,0,1,1,6,1,55,8,1997,1,18,4,1,4
2017440190778,3,9,0,17,0,1,0,0,0,0,1,1,6,1,77,11,1997,2,13,6,1,6
2017440190809,1,9,0,9,0,8,0,0,0,0,3,1,6,2,49,8,1968,2,5,9,1,9
2017440190809,2,9,0,17,0,8,0,0,0,0,1,1,6,1,66,10,1560,2,4,6,3,6
2017440190826,1,9,0,5,0,8,0,0,0,0,1,1,6,1,23,5,1582,2,6,5,1,5
2017440190826,2,1,0,17,0,8,0,0,0,0,1,1,6,1,41,7,-1,-1,-1,7,1,7
2017440191015,1,9,0,18,0,0,2,0,1,0,4,1,6,2,32,6,1997,2,12,9,3,9
2017440191055,1,9,0,16,0,0,0,0,1,4,1,1,6,1,22,5,2261,1,4,5,1,5
2017440191528,1,19,0,9,0,8,0,0,0,0,4,1,1,1,62,9,-1,-1,-1,3,1,3
2017440191528,2,1,0,18,0,8,0,0,0,0,1,1,2,1,52,8,-1,-1,-1,4,3,4
2017440191606,1,9,0,11,0,8,0,0,0,0,4,1,2,2,55,8,1997,2,8,10,1,10
2017440191606,2,5,0,18,0,8,0,0,0,0,3,1,2,1,42,7,1293,1,4,9,1,9
2017440191837,1,20,0,4,0,0,0,0,0,0,1,1,1,1,49,8,2143,2,1,1,1,1
2017440191837,2,9,0,4,0,0,0,0,0,0,2,1,6,2,18,4,998,1,3,5,1,5
2017440191837,3,9,0,4,0,0,0,0,0,0,2,1,6,1,35,6,1590,1,12,-1,-1,-1
2017440191837,4,9,0,4,0,0,0,0,0,0,2,1,6,2,52,8,1796,1,6,-1,-1,-1
2017440192104,1,9,0,18,0,8,0,0,0,0,1,1,1,1,57,9,1598,1,4,10,1,10
2017440192104,2,9,0,9,0,8,0,0,0,0,4,1,6,1,47,8,1390,1,6,8,1,8
2017440192183,1,9,0,15,0,8,5,0,0,0,4,1,6,1,23,5,1998,1,9,7,1,7
2017440192183,2,19,0,9,0,8,0,0,0,0,3,1,1,1,51,8,1248,2,4,5,3,5
2017440192184,1,9,0,3,0,1,0,0,0,0,2,1,1,1,63,9,1999,1,9,2,1,2
2017440192184,2,9,0,3,0,1,0,0,0,0,2,1,6,2,86,11,1360,1,15,10,1,10
2017440192184,3,9,0,18,0,1,0,0,0,0,1,1,1,1,41,7,1753,2,9,7,1,7
2017440192612,1,9,0,18,0,0,0,0,0,0,1,1,6,1,-1,-1,1390,1,15,-1,-1,-1
2017440192612,2,1,0,18,0,0,0,0,0,0,2,1,6,1,49,8,-1,-1,-1,2,1,2
2017440192640,1,9,0,18,0,2,0,0,0,0,1,1,6,1,34,6,2400,2,7,3,1,3
2017440192640,2,1,0,18,0,2,0,0,0,0,4,1,6,2,11,3,-1,-1,-1,5,1,5
2017440192741,1,9,0,18,0,0,5,10,1,0,1,1,6,1,26,6,1248,1,3,9,1,9
2017440192815,1,5,0,4,0,1,1,7,0,0,1,1,6,1,33,6,599,1,5,8,3,8
2017440192815,2,9,0,9,0,8,0,0,0,0,4,1,6,1,40,7,2148,2,13,10,3,10
2017440192922,1,19,0,9,0,8,0,0,0,0,1,1,6,1,38,7,1868,2,16,4,1,4
2017440192922,2,9,0,9,0,8,0,0,0,0,3,1,6,2,28,6,1149,1,13,9,2,9
2017440193037,1,9,0,18,0,0,0,0,0,0,2,1,2,1,43,7,1968,2,7,3,1,3
2017440193037,2,19,0,18,0,0,0,0,0,0,1,1,2,1,35,6,-1,-1,-1,3,1,3
2017440193071,1,9,0,4,0,1,0,0,0,0,2,1,2,1,22,5,1995,2,5,8,1,8
2017440193071,2,5,0,13,0,1,0,0,0,0,1,1,2,1,23,5,803,1,5,4,1,4
2017440193242,1,9,0,16,0,8,2,0,7,1,1,1,6,1,64,9,999,1,-1,8,3,8
2017440193242,2,9,0,10,0,8,0,0,0,0,2,1,6,1,47,8,1598,2,5,4,1,4
2017440193242,3,9,0,17,0,8,2,0,1,0,1,1,6,2,33,6,1248,1,1,7,3,7
2017440193242,4,9,0,18,0,8,0,0,0,0,1,1,6,2,52,8,1499,1,-1,8,1,8
2017440193689,1,9,0,18,0,2,1,0,1,0,4,1,6,2,49,8,1598,1,3,8,1,8
2017440193689,2,9,0,11,0,8,0,0,0,0,1,1,6,1,28,6,1299,1,14,4,1,4
2017440193833,1,9,0,18,0,0,0,0,0,0,1,1,3,2,35,6,1995,2,11,5,1,5
2017440193840,1,9,0,18,0,0,0,0,0,0,1,1,3,1,37,7,3471,1,10,5,1,5
2017440194057,1,19,0,1,0,1,0,0,0,0,2,1,1,1,28,6,2198,2,1,8,1,8
2017440194057,2,3,0,18,0,2,0,0,0,0,1,1,2,2,29,6,100,1,20,1,1,1
2017440194091,1,9,0,18,0,1,0,0,0,0,1,1,2,1,22,5,-1,-1,-1,6,1,6
2017440194091,2,9,0,10,0,1,0,0,7,0,2,1,1,1,52,8,-1,-1,-1,10,2,10
2017440194091,3,9,0,18,0,1,0,0,0,0,1,1,2,1,58,9,1995,2,5,8,1,8
2017440194130,1,9,0,7,0,8,0,0,0,0,3,1,6,1,56,9,998,1,5,3,1,3
2017440194130,2,3,0,18,0,8,0,0,0,0,1,1,6,1,21,5,125,1,1,3,1,3
2017440194243,1,9,0,13,0,8,1,0,0,0,1,1,6,1,21,5,1587,1,26,5,1,5
2017440194243,2,1,0,9,0,8,1,0,0,0,3,1,6,1,52,8,-1,-1,-1,3,1,3
2017440194525,1,9,0,6,0,8,0,0,0,0,1,1,6,1,28,6,1242,1,1,2,1,2
2017440194525,2,3,0,18,0,8,0,0,0,0,0,1,2,1,19,4,124,1,17,5,1,5
2017440194530,1,9,0,18,0,0,0,0,0,0,2,1,6,1,33,6,2993,2,11,3,1,3
2017440194530,2,9,0,18,0,0,0,0,0,0,2,1,6,2,60,9,1995,2,6,8,1,8
2017440194530,3,9,0,18,0,0,0,0,0,0,2,1,6,1,20,4,1390,1,16,2,1,2
2017440194530,4,9,0,18,0,0,0,0,0,0,2,1,6,1,74,10,2685,2,12,4,1,4
2017440194530,5,9,0,18,0,0,0,0,0,0,1,1,6,2,23,5,1591,1,10,10,1,10
2017440194924,1,19,0,9,0,3,0,0,0,0,3,1,1,1,58,9,2287,2,1,7,2,7
2017440195035,1,8,0,18,0,0,0,0,0,0,1,1,1,1,50,8,1598,1,10,4,1,4
2017440195407,1,9,0,18,0,2,0,0,0,0,1,1,6,3,-1,-1,1598,1,7,-1,-1,-1
2017440195533,1,9,0,18,0,0,0,0,7,0,4,1,6,1,29,6,1197,1,1,4,1,4
2017440195533,2,9,0,9,0,0,0,0,0,0,1,1,6,2,46,8,1968,2,-1,3,3,3
2017440195533,3,9,0,2,0,0,0,0,0,0,4,1,6,3,-1,-1,1973,1,16,-1,-1,-1
2017440195548,1,9,0,18,0,0,1,0,0,6,3,1,6,2,40,7,1598,1,13,1,1,1
2017440195558,1,16,0,18,0,1,0,0,0,0,0,1,6,2,70,10,-1,-1,-1,5,2,5
2017440195581,1,5,0,16,0,8,0,0,0,0,4,1,6,1,76,11,1050,1,7,10,2,10
2017440195637,1,9,0,9,0,1,0,0,0,0,4,1,1,2,57,9,1360,1,12,4,1,4