Accident_Index,Vehicle_Reference,Vehicle_Type,Towing_and_Articulation,Vehicle_Manoeuvre,Vehicle_Location-Restricted_Lane,Junction_Location,Skidding_and_Overturning,Hit_Object_in_Carriageway,Vehicle_Leaving_Carriageway,Hit_Object_off_Carriageway,1st_Point_of_Impact,Was_Vehicle_Left_Hand_Drive?,Journey_Purpose_of_Driver,Sex_of_Driver,Age_of_Driver,Age_Band_of_Driver,Engine_Capacity_(CC),Propulsion_Code,Age_of_Vehicle,Driver_IMD_Decile,Driver_Home_Area_Type,Vehicle_IMD_Decile
2017440195637,2,9,0,18,0,1,0,0,0,0,1,1,1,1,46,8,-1,-1,-1,9,1,9
2017440195672,1,98,0,4,0,4,0,0,0,0,2,1,1,1,58,9,-1,-1,-1,2,1,2
2017440195672,2,9,0,5,0,1,0,0,0,0,1,1,1,2,52,8,-1,-1,-1,9,1,9
2017440195941,1,9,0,15,0,1,0,0,0,0,4,1,6,3,-1,-1,-1,-1,-1,-1,-1,-1
2017440195941,2,1,0,18,0,1,0,0,0,0,2,1,2,1,20,4,-1,-1,-1,9,1,9
2017440195946,1,1,0,18,0,0,1,0,0,0,1,1,6,2,32,6,-1,-1,-1,10,1,10
2017440195946,2,1,0,18,0,0,0,0,0,0,2,1,6,1,46,8,-1,-1,-1,10,1,10
2017440195964,1,9,0,18,0,8,0,0,0,0,1,1,6,2,36,7,1995,2,2,8,1,8
2017440195964,2,9,0,18,0,8,5,0,1,0,3,1,6,1,54,8,1397,1,14,10,1,10
2017440196055,1,5,0,17,0,0,1,0,1,3,3,1,6,1,21,5,998,1,17,10,1,10
2017440196167,1,9,0,18,0,0,1,7,0,0,1,1,6,2,27,6,1398,1,7,9,1,9
2017440196246,1,1,0,18,0,8,0,0,0,0,4,1,2,1,36,7,-1,-1,-1,4,2,4
2017440196246,2,9,0,9,0,8,0,0,0,0,1,1,6,1,24,5,1995,2,7,7,2,7
2017440196489,1,9,0,7,0,8,0,0,0,0,3,1,2,2,31,6,1896,2,9,3,1,3
2017440196489,2,1,0,18,0,8,0,0,0,0,1,1,6,1,42,7,-1,-1,-1,4,1,4
2017440196546,1,9,0,3,0,0,0,0,0,0,1,1,2,1,-1,-1,1968,2,11,9,1,9
2017440196546,2,9,0,4,0,0,0,0,0,0,2,1,1,1,37,7,1560,2,6,9,1,9
2017440196546,3,9,0,4,0,0,0,0,0,0,2,1,6,1,40,7,1560,2,6,10,1,10
2017440196608,1,9,0,3,0,1,0,0,0,0,2,1,1,1,31,6,1248,2,4,9,1,9
2017440196608,2,9,0,4,0,1,0,0,0,0,1,1,6,3,-1,-1,1896,2,7,-1,-1,-1
2017440196852,1,9,0,18,0,8,0,0,0,0,4,1,1,1,18,4,998,1,3,9,1,9
2017440196852,2,9,0,18,0,8,0,0,0,0,3,1,6,2,42,7,1598,2,4,-1,-1,-1
2017440197001,1,9,0,4,0,0,0,0,0,0,2,1,6,2,39,7,1461,2,7,10,1,10
2017440197001,2,2,0,18,0,0,0,0,0,0,0,1,6,1,17,4,49,1,-1,8,1,8
2017440197109,1,9,0,3,0,1,0,0,0,0,2,1,6,1,63,9,1997,2,-1,10,2,10
2017440197109,2,19,0,18,0,1,0,0,0,0,1,1,6,3,-1,-1,1968,2,8,-1,-1,-1
2017440197172,1,3,0,5,0,1,0,0,0,0,3,1,2,2,40,7,124,1,29,2,1,2
2017440197172,2,9,0,5,0,1,0,0,0,0,4,1,6,3,-1,-1,-1,-1,-1,-1,-1,-1
2017440197247,1,9,0,9,0,8,0,0,0,0,1,1,6,2,45,7,1984,1,9,8,1,8
2017440197247,2,9,0,18,0,8,0,0,0,0,4,1,6,2,85,11,1242,1,7,5,1,5
2017440197289,1,9,0,18,0,2,0,0,0,0,1,1,2,2,19,4,-1,-1,-1,5,1,5
2017440197289,2,9,0,4,0,1,0,0,0,0,2,1,6,1,60,9,1598,2,5,7,1,7
2017440197289,3,9,0,18,0,1,0,0,0,0,2,1,2,1,52,8,1998,1,12,3,1,3
2017440197289,4,9,0,4,0,1,0,0,0,0,2,1,6,2,58,9,1248,2,11,9,1,9
2017440197318,1,97,0,18,0,0,0,0,0,0,0,1,6,3,-1,-1,-1,-1,-1,-1,-1,-1
2017440197318,2,9,0,11,0,0,0,0,0,0,1,1,6,2,65,9,999,1,7,7,3,7
2017440197318,3,19,0,18,0,0,0,0,0,0,2,1,3,1,38,7,1868,2,14,2,1,2
2017440197318,4,9,0,18,0,0,0,0,0,0,2,1,6,1,77,11,1998,1,11,2,1,2
2017440197766,1,9,0,9,0,8,0,0,0,0,1,1,2,1,23,5,2295,1,16,5,1,5
2017440197766,2,9,0,18,0,8,0,0,0,0,1,1,6,1,24,5,-1,-1,-1,7,1,7
2017440198014,1,9,0,7,0,8,0,0,0,0,3,1,2,2,42,7,599,1,15,5,1,5
2017440198014,2,1,0,18,0,8,0,0,0,0,1,1,2,2,42,7,-1,-1,-1,5,1,5
2017440198068,1,9,0,1,0,2,0,0,0,0,2,1,3,3,33,6,1461,2,6,9,1,9
2017440198142,1,1,0,18,0,0,0,0,0,0,1,1,6,1,42,7,-1,-1,-1,8,2,8
2017440198142,2,9,0,2,0,0,0,0,0,0,2,1,6,2,20,4,1229,1,2,8,3,8
2017440198198,1,1,0,18,0,0,0,0,0,0,0,1,2,1,53,8,-1,-1,-1,-1,-1,-1
2017440198198,2,9,0,18,0,0,0,0,0,0,0,1,6,1,52,8,-1,-1,-1,2,1,2
2017440198283,1,5,0,3,0,1,0,0,0,0,1,1,6,1,50,8,998,1,8,8,2,8
2017440198283,2,19,0,1,0,2,0,0,0,0,2,1,1,3,-1,-1,1560,2,1,-1,-1,-1
2017440198486,1,9,0,3,0,0,0,0,0,0,2,1,6,1,31,6,1199,2,6,10,1,10
2017440198486,2,9,0,3,0,0,0,0,0,0,2,1,1,2,36,7,1598,1,8,9,2,9
2017440198486,3,9,0,12,0,0,0,0,0,0,1,1,6,2,23,5,1995,2,6,8,1,8
2017440198634,1,9,0,18,0,0,0,4,0,0,1,1,6,1,87,11,1298,1,16,4,1,4
2017440198634,2,9,0,2,0,0,0,0,0,0,2,1,6,2,73,10,1973,1,16,-1,-1,-1
2017440198658,1,9,0,4,0,1,0,0,0,0,2,1,6,2,62,9,998,1,9,8,1,8
2017440198658,2,9,0,4,0,1,0,0,0,0,1,1,6,3,-1,-1,-1,-1,-1,-1,-1,-1
2017440198783,1,9,0,18,0,0,5,4,0,0,1,1,6,2,83,11,1397,1,5,10,1,10
2017440198783,2,9,0,2,0,0,0,0,0,0,2,1,6,2,41,7,1994,2,9,7,1,7
2017440198783,3,9,0,2,0,0,0,0,0,0,2,1,6,2,46,8,3498,1,11,7,1,7
2017440198815,1,9,0,18,0,0,0,0,0,0,1,1,6,2,18,4,1200,1,2,7,3,7
2017440198972,1,9,0,18,0,0,1,0,0,0,4,1,6,1,83,11,1364,1,9,7,2,7
2017440198972,2,21,0,18,0,0,0,0,0,0,3,1,6,3,-1,-1,12777,2,6,-1,-1,-1
2017440198972,3,9,0,18,0,0,0,0,0,0,0,1,6,2,41,7,1798,1,9,4,1,4
2017440199042,1,1,0,18,0,0,0,0,0,0,3,1,6,1,16,4,-1,-1,-1,5,3,5
2017440199042,2,9,0,18,0,0,0,0,0,0,4,1,6,3,-1,-1,-1,-1,-1,-1,-1,-1
2017440199054,1,9,0,9,0,8,0,0,0,0,1,1,6,1,25,5,1595,1,2,6,1,6
2017440199054,2,9,0,18,0,8,0,0,0,0,1,1,6,2,19,4,998,1,-1,6,3,6
2017440199063,1,9,0,18,0,8,0,0,0,0,2,1,6,2,24,5,999,1,15,10,1,10
2017440199133,1,5,0,5,0,8,0,0,0,0,1,1,2,1,60,9,865,1,12,6,1,6
2017440199133,2,9,0,5,0,8,0,0,0,0,2,1,6,2,45,7,1984,1,11,8,1,8
2017440199373,1,9,0,18,0,8,1,0,0,0,1,1,6,1,23,5,2765,2,27,8,1,8
2017440199373,2,9,0,9,0,8,0,0,0,0,1,1,6,1,61,9,1399,1,1,2,1,2
2017440199821,1,9,0,18,0,0,0,0,0,0,2,1,6,1,49,8,-1,-1,-1,2,1,2
2017440199821,2,19,0,18,0,0,0,0,0,0,1,1,1,1,27,6,2143,2,7,1,1,1
2017440199824,1,5,0,12,0,8,1,0,0,0,2,1,6,2,43,7,599,1,9,9,1,9
2017440199824,2,9,0,18,0,8,0,0,0,0,2,1,1,1,51,8,1560,2,5,-1,1,-1
2017440199852,1,19,0,3,0,1,0,0,0,0,2,1,6,2,40,7,1598,2,3,9,1,9
2017440199852,2,9,0,18,0,1,0,0,0,0,1,1,6,3,-1,-1,-1,-1,-1,-1,-1,-1
2017440199887,1,9,0,9,0,8,0,0,0,0,3,1,6,1,47,8,1995,2,6,2,1,2
2017440199887,2,5,0,4,0,8,1,0,0,0,4,1,6,1,57,9,744,1,11,4,1,4
2017440199966,1,9,0,17,0,0,0,0,0,0,3,1,6,2,29,6,1598,1,12,6,1,6
2017440199966,2,9,0,16,0,0,0,0,0,0,3,1,6,3,-1,-1,1560,2,9,-1,-1,-1
2017440199990,1,9,0,18,0,8,0,0,1,7,1,1,6,1,28,6,1598,2,3,9,1,9
2017440199990,2,9,0,18,0,8,0,0,0,0,3,1,6,1,69,10,999,1,1,-1,-1,-1
2017440199990,3,9,0,18,0,8,0,0,0,0,3,1,6,1,22,5,1364,1,8,3,1,3
2017440200037,1,9,0,18,0,0,0,0,0,0,1,1,6,1,59,9,1396,1,4,10,2,10
2017440200037,2,9,0,18,0,0,0,0,0,0,4,1,6,2,30,6,1248,2,7,7,3,7
2017440200109,1,9,0,18,0,0,0,0,0,0,0,1,6,1,38,7,1995,2,10,3,1,3
2017440200109,2,9,0,18,0,0,2,0,5,6,3,1,6,2,28,6,1951,2,15,1,1,1
2017440200215,1,9,0,9,0,8,0,0,0,0,4,1,6,1,62,9,1396,1,16,7,1,7
2017440200215,2,4,0,18,0,8,0,0,0,0,1,1,6,1,61,9,499,1,21,10,1,10
2017440200425,1,3,0,16,0,0,0,0,1,0,3,1,6,1,17,4,125,1,4,8,1,8
2017440200425,2,9,0,17,0,0,0,0,0,0,1,1,6,2,25,5,1364,1,8,6,3,6
2017440200598,1,9,0,6,0,8,0,0,7,0,3,1,1,1,45,7,1598,2,3,3,1,3
2017440200598,2,9,0,18,0,8,0,0,0,0,1,1,6,1,29,6,1968,2,11,6,1,6
2017440200719,1,1,0,18,0,1,0,0,0,0,1,1,6,1,50,8,-1,-1,-1,1,1,1
2017440200719,2,9,0,2,0,2,0,0,0,0,2,1,6,3,-1,-1,1398,2,6,-1,-1,-1
2017440200987,1,9,0,9,0,8,0,0,0,0,1,1,6,1,55,8,1999,1,16,6,1,6
2017440200987,2,1,0,18,0,8,0,0,0,0,1,1,6,1,55,8,-1,-1,-1,4,1,4
2017440201126,1,1,0,18,0,0,0,0,2,10,1,1,6,1,56,9,-1,-1,-1,8,3,8
2017440201330,1,9,0,16,0,2,0,0,0,0,1,1,6,1,21,5,1199,1,13,5,3,5
2017440201330,2,9,0,3,0,2,0,0,0,0,3,1,6,1,24,5,1781,1,14,5,1,5
2017440201330,3,9,0,17,0,1,0,0,0,0,1,1,6,1,79,11,1149,1,9,7,3,7
2017440201475,1,9,0,18,0,1,0,0,0,0,2,1,6,2,55,8,-1,-1,-1,-1,-1,-1
2017440201475,2,9,0,18,0,1,0,0,0,0,1,1,1,3,-1,-1,1499,2,2,-1,-1,-1
2017440201501,1,9,0,18,0,0,0,0,0,0,2,1,6,2,24,5,1242,1,4,3,1,3
2017440201501,2,19,0,18,0,0,0,0,0,0,1,1,6,1,32,6,1968,2,2,6,1,6
2017440201512,1,9,0,17,0,8,1,0,0,0,1,1,2,2,25,5,1598,1,14,8,1,8
2017440201800,1,5,0,18,0,8,1,0,0,0,1,1,6,1,38,7,988,1,13,8,1,8
2017440201800,2,9,0,9,0,8,0,0,0,0,4,1,6,1,76,11,2000,2,6,5,1,5
2017440201967,1,8,0,18,0,0,0,0,0,0,1,1,1,1,30,6,1582,2,1,1,1,1
2017440202014,1,9,0,7,0,2,1,10,7,11,1,1,6,1,26,6,1596,1,3,10,1,10
2017440202265,1,9,0,18,0,0,0,0,0,0,3,1,6,2,28,6,-1,-1,-1,-1,-1,-1
2017440202287,1,9,0,9,0,8,0,0,0,0,1,1,6,1,78,11,1242,1,7,5,1,5
2017440202287,2,9,0,18,0,8,0,0,0,0,1,1,6,2,58,9,1124,1,12,9,3,9
2017440202515,1,9,0,18,0,8,0,0,0,0,1,1,6,1,51,8,1598,2,1,7,1,7
2017440202515,2,1,0,18,0,8,0,0,0,0,1,1,6,1,15,3,-1,-1,-1,2,1,2
2017440202835,1,9,0,4,0,0,0,0,0,0,2,1,6,2,22,5,2171,1,14,10,2,10
2017440202835,2,9,0,18,0,0,0,0,0,0,1,1,6,1,22,5,998,1,6,10,1,10
2017440202956,1,5,0,17,0,0,1,0,1,1,1,1,6,1,25,5,625,1,13,8,1,8
2017440203101,1,9,0,17,0,0,0,0,1,10,1,1,6,1,45,7,1686,2,10,7,3,7
2017440203416,1,9,0,17,0,0,0,0,0,0,1,1,6,1,22,5,1388,1,10,10,2,10
2017440203416,2,9,0,16,0,0,0,0,0,0,1,1,6,3,-1,-1,1686,2,13,-1,-1,-1
2017440203831,1,9,0,18,0,2,0,0,0,0,1,1,6,2,56,9,3996,1,16,6,1,6
2017440203831,2,9,0,18,0,1,0,0,0,0,1,1,1,3,-1,-1,998,1,2,-1,-1,-1
2017440204074,1,19,0,18,0,8,0,0,0,0,4,1,1,3,-1,-1,1598,2,1,-1,-1,-1
2017440204074,2,9,0,7,0,8,0,0,0,0,1,1,6,3,-1,-1,1388,1,7,-1,-1,-1
2017440204189,1,9,0,9,0,1,0,0,0,0,1,1,6,2,67,10,1598,2,4,9,2,9
2017440204189,2,9,0,18,0,1,0,0,0,0,4,1,2,1,36,7,2993,2,5,3,1,3
2017440204308,1,9,0,5,0,0,0,0,0,0,1,1,6,2,43,7,1598,2,6,5,1,5
2017440204308,2,9,0,18,0,0,0,0,0,0,1,1,6,1,37,7,1598,1,6,10,3,10
2017440204347,1,9,0,4,0,0,0,0,0,0,2,1,2,1,-1,-1,1997,2,12,7,1,7
2017440204347,2,9,0,4,0,0,0,0,0,0,2,1,2,2,51,8,1388,1,13,10,1,10
2017440204347,3,9,0,4,0,0,0,0,0,0,1,1,6,2,35,6,1995,2,12,8,3,8
2017440204377,1,9,0,9,0,8,0,0,0,0,4,1,6,1,29,6,1229,1,9,4,1,4
2017440204377,2,9,0,18,0,8,0,0,0,0,1,1,6,2,35,6,1560,2,9,8,1,8
2017440204390,1,9,0,18,0,0,0,0,0,0,1,1,6,1,53,8,1461,2,11,4,1,4
2017440204390,2,9,0,4,0,0,0,0,0,0,2,1,6,2,-1,-1,1198,1,13,3,1,3
2017440204390,3,9,0,4,0,0,0,0,0,0,2,1,6,3,-1,-1,1598,1,10,-1,-1,-1
2017440204418,1,3,0,18,0,0,0,0,0,0,1,1,6,1,18,4,125,1,8,10,1,10
2017440204452,1,9,0,18,0,0,2,0,2,1,1,1,6,1,19,4,1390,1,18,-1,-1,-1
2017440204759,1,9,0,18,0,1,1,0,1,3,1,1,6,1,19,4,1590,1,13,3,1,3
2017440205067,1,9,0,9,0,8,0,0,0,0,3,1,6,2,36,7,1968,2,10,2,1,2
2017440205067,2,3,0,18,0,8,0,0,0,0,1,1,6,1,19,4,-1,-1,-1,2,1,2
2017440205430,1,9,0,5,0,0,0,0,0,0,1,1,6,1,50,8,1360,1,11,6,1,6
2017440205430,2,9,0,4,0,0,0,0,0,0,2,1,6,1,70,10,1796,1,11,9,1,9
2017440205646,1,8,0,7,0,8,0,0,0,0,4,1,1,1,36,7,1598,2,6,5,1,5
2017440205646,2,1,0,18,0,8,0,0,0,0,1,1,6,1,19,4,-1,-1,-1,-1,-1,-1
2017440205707,1,5,0,4,0,0,1,0,0,0,0,1,1,1,54,8,1352,1,4,7,3,7
2017440205800,1,5,0,18,0,0,0,0,4,6,1,1,6,1,42,7,645,1,17,1,1,1
2017440205800,2,9,0,18,0,0,0,0,0,0,2,1,6,1,23,5,1598,1,11,4,1,4
2017440205802,1,21,0,3,0,1,0,0,0,0,2,1,1,3,-1,-1,-1,-1,-1,-1,-1,-1
2017440205802,2,19,0,3,0,1,0,0,0,0,2,1,1,1,55,8,2402,2,7,9,1,9
2017440205802,3,19,0,18,0,1,0,0,0,0,1,1,1,1,52,8,1598,2,3,6,1,6
2017440205841,1,19,0,18,0,1,0,0,0,0,4,1,6,1,57,9,2198,2,5,2,1,2
2017440205847,1,9,0,18,0,0,0,0,0,0,1,1,6,1,61,9,1598,2,3,8,1,8
2017440205847,2,19,0,18,0,0,0,0,0,0,2,1,1,1,34,6,2299,2,1,10,2,10
2017440205889,1,9,0,8,0,8,0,0,0,0,1,1,6,1,21,5,1199,1,14,5,1,5
2017440205889,2,9,0,7,0,8,0,0,0,0,1,1,6,2,27,6,1796,1,9,5,1,5
2017440205889,3,19,0,7,0,8,0,0,0,0,1,1,6,1,25,5,1560,2,1,2,1,2
2017440206028,1,9,0,7,0,8,0,0,0,0,0,1,6,3,-1,-1,-1,-1,-1,-1,-1,-1
2017440206028,2,5,0,18,0,1,0,0,0,0,2,1,6,1,40,7,847,1,1,10,1,10
2017440206028,3,5,0,18,0,1,0,0,1,0,1,1,6,1,50,8,898,1,3,5,1,5
2017440206076,1,5,0,18,0,0,1,12,0,0,1,1,6,1,51,8,745,1,1,9,1,9
2017440206369,1,9,0,4,0,1,0,0,0,0,2,1,6,1,27,6,2496,1,10,2,1,2
2017440206369,2,9,0,4,0,1,0,0,0,0,1,1,6,3,-1,-1,1198,1,2,-1,-1,-1
2017440206439,1,3,0,18,0,1,0,0,0,0,4,1,6,1,33,6,124,1,12,4,1,4
2017440206439,2,19,0,9,0,8,0,0,0,0,0,1,1,1,48,8,2287,2,9,-1,1,-1
2017440206505,1,5,0,18,0,2,0,0,0,0,0,1,2,1,22,5,645,1,4,9,1,9
2017440206714,1,5,0,18,0,8,0,0,7,11,1,1,6,1,66,10,689,1,1,2,1,2
2017440206769,1,9,0,18,0,0,0,0,0,0,1,1,6,1,92,11,1796,1,9,4,1,4
2017440206769,2,9,0,4,0,0,0,0,0,0,2,1,6,1,46,8,998,1,2,10,1,10
2017440206824,1,9,0,4,0,1,0,0,0,0,2,1,6,1,39,7,1968,2,10,6,1,6
2017440206824,2,19,0,4,0,1,0,0,0,0,1,1,6,1,-1,-1,1598,2,-1,-1,-1,-1
2017440206845,1,9,0,4,0,1,0,0,0,0,3,1,6,2,21,5,1242,1,13,2,1,2
2017440206845,2,9,0,18,0,1,0,0,0,0,1,1,6,2,54,8,1560,2,-1,9,3,9
2017440207002,1,5,0,18,0,8,0,0,0,0,1,1,6,1,27,6,600,1,2,5,1,5
2017440207002,2,9,0,9,0,8,0,0,0,0,1,1,6,1,55,8,1248,2,4,7,1,7
2017440207031,1,9,0,18,0,0,0,0,0,0,3,1,1,1,75,10,2495,2,11,10,2,10
2017440207031,2,9,0,18,0,0,0,0,0,6,4,1,6,2,45,7,1968,2,8,7,1,7
2017440207130,1,1,0,4,0,1,0,0,0,0,2,1,6,1,26,6,-1,-1,-1,10,1,10
2017440207130,2,9,0,4,0,1,0,0,0,0,1,1,6,1,-1,-1,1799,1,10,-1,-1,-1
2017440207157,1,3,0,10,0,1,0,0,0,0,2,1,2,1,42,7,125,1,3,2,1,2
2017440207157,2,9,0,5,0,1,0,0,0,0,1,1,2,1,62,9,1968,2,5,3,1,3
2017440207336,1,19,0,2,0,0,0,0,0,0,2,1,1,1,33,6,2998,2,8,10,1,10
2017440207336,2,9,0,18,0,0,5,4,0,0,1,1,6,2,19,4,1242,1,6,4,1,4
2017440207439,1,1,0,18,0,8,0,0,0,0,1,1,6,1,30,6,-1,-1,-1,-1,-1,-1
2017440207439,2,9,0,18,0,8,0,0,0,0,3,1,6,1,28,6,1364,1,10,9,1,9
2017440207452,1,9,0,4,0,0,0,0,0,0,2,1,6,2,48,8,1499,1,2,4,1,4
2017440207452,2,5,0,18,0,0,0,0,0,0,1,1,6,1,56,9,1450,1,18,2,1,2
2017440207493,1,5,0,18,0,7,1,0,0,0,3,1,2,1,54,8,1298,1,11,7,1,7
2017440207493,2,9,0,18,0,7,0,0,0,0,4,1,6,3,-1,-1,-1,-1,-1,-1,-1,-1
2017440207553,1,9,0,18,0,8,0,0,0,0,4,1,6,1,67,10,2800,2,20,-1,-1,-1
2017440207553,2,1,0,18,0,8,0,0,0,0,1,1,6,1,43,7,-1,-1,-1,5,1,5
2017440207576,1,9,0,5,0,8,0,0,0,0,1,1,6,1,25,5,1598,1,4,4,1,4
2017440207576,2,1,0,18,0,8,0,0,0,0,4,1,6,1,55,8,-1,-1,-1,4,1,4
2017440207687,1,9,0,18,0,0,0,0,0,0,1,1,6,1,27,6,2698,2,7,1,1,1
2017440207687,2,9,0,2,0,0,0,0,0,0,2,1,1,1,58,9,1598,1,7,5,1,5
2017440207687,3,9,0,2,0,0,0,0,0,0,2,1,6,3,-1,-1,-1,-1,-1,-1,-1,-1
2017440207697,1,3,0,17,0,3,0,0,0,0,1,1,6,1,33,6,124,1,4,10,3,10
2017440207765,1,9,0,17,0,0,1,0,1,4,4,1,6,1,20,4,1242,1,13,10,1,10
2017440207881,1,9,0,16,0,0,0,0,2,4,4,1,2,2,19,4,1360,1,15,3,1,3
2017440207937,1,9,0,18,0,0,2,0,0,0,3,1,6,1,30,6,1796,1,10,5,1,5
2017440207963,1,9,0,10,0,8,0,0,0,0,1,1,2,1,24,5,1390,1,4,7,1,7
2017440207963,2,1,0,18,0,8,0,0,0,0,0,1,6,1,45,7,-1,-1,-1,10,1,10
2017440208018,1,9,0,3,0,1,0,0,0,0,2,1,1,2,19,4,-1,-1,-1,4,1,4
2017440208018,2,9,0,18,0,1,0,0,0,0,1,1,6,1,-1,-1,1998,2,13,4,1,4
2017440208188,1,9,0,9,0,1,0,0,0,0,4,1,6,1,90,11,1318,1,-1,10,1,10
2017440208188,2,3,0,18,0,1,0,0,0,0,1,1,6,1,45,7,125,1,2,7,3,7
2017440208568,1,2,0,18,0,0,1,0,0,0,1,1,6,1,52,8,198,1,15,10,2,10
2017440208595,1,9,0,9,0,8,0,0,0,0,1,1,6,3,-1,-1,1991,1,-1,-1,-1,-1
2017440208595,2,9,0,18,0,8,0,0,0,0,1,1,6,2,27,6,1598,1,3,9,1,9
2017440209087,1,1,0,18,5,8,0,0,1,0,0,1,1,1,48,8,-1,-1,-1,5,1,5
2017440209087,2,1,0,18,5,8,0,0,0,0,1,1,1,1,23,5,-1,-1,-1,7,1,7
2017440209087,3,19,0,18,0,8,0,0,0,0,4,1,1,1,49,8,2402,2,10,3,1,3
2017440209126,1,9,0,18,0,0,5,0,1,10,1,1,6,1,59,9,2179,2,12,8,1,8
2017440209557,1,8,0,5,0,0,0,0,0,0,0,1,1,3,-1,-1,-1,-1,-1,-1,-1,-1
2017440209576,1,1,0,18,0,0,0,0,0,0,4,1,6,2,56,9,-1,-1,-1,8,1,8
2017440209576,2,9,0,13,0,0,0,0,0,0,4,1,6,3,-1,-1,-1,-1,-1,-1,-1,-1
2017440209596,1,9,0,18,0,8,0,0,0,0,0,1,6,1,52,8,4921,2,12,7,3,7
2017440209596,2,1,0,18,0,8,0,0,0,0,0,1,6,1,52,8,-1,-1,-1,5,1,5
2017440209858,1,9,0,18,0,1,0,0,0,0,4,1,2,1,49,8,1560,2,6,8,1,8
2017440209932,1,19,0,18,0,8,0,0,0,0,4,1,2,1,25,5,2287,2,-1,3,1,3
2017440209932,2,5,0,18,0,8,0,0,0,0,1,1,6,1,78,11,748,1,28,9,3,9
2017440210172,1,1,0,18,0,0,0,0,0,0,1,1,6,1,27,6,-1,-1,-1,3,1,3
2017440210172,2,9,0,2,0,0,0,0,0,0,3,1,6,3,-1,-1,1364,1,9,-1,-1,-1
2017440210896,1,9,0,4,0,1,0,0,0,0,1,1,6,2,41,7,2199,2,4,-1,-1,-1
2017440210896,2,9,0,4,0,1,0,0,0,0,2,1,6,2,37,7,1398,1,4,5,1,5
2017440210896,3,9,0,4,0,1,0,0,0,0,2,1,6,1,40,7,1956,2,6,8,1,8
2017440210910,1,1,0,18,0,0,0,0,0,0,4,1,6,1,79,11,-1,-1,-1,10,3,10
2017440210910,2,19,0,2,0,0,0,0,0,0,3,1,6,3,-1,-1,1560,2,1,-1,-1,-1
2017440210948,1,9,0,3,0,1,0,0,0,0,2,1,6,2,73,10,1596,1,13,7,1,7
2017440210948,2,9,0,5,0,1,0,0,0,0,1,1,6,1,28,6,1799,1,9,2,1,2
2017440210950,1,9,0,9,0,8,0,0,0,0,3,1,6,1,33,6,1198,1,6,8,1,8
2017440210950,2,9,0,18,0,8,0,0,0,0,1,1,6,1,76,11,1461,2,13,9,1,9
2017440211094,1,19,0,4,0,0,2,0,1,4,1,1,6,1,44,7,-1,-1,-1,8,1,8
2017440211094,2,20,5,4,0,0,0,0,0,0,0,1,6,1,38,7,-1,-1,-1,8,1,8
2017440211165,1,9,0,18,0,0,0,0,0,0,1,1,1,1,42,7,1364,1,8,9,1,9
2017440211165,2,1,0,18,0,0,0,0,0,0,1,1,6,2,22,5,-1,-1,-1,2,1,2
2017440211444,1,9,0,9,0,8,0,0,0,0,1,1,6,1,57,9,1996,1,24,6,1,6
2017440211444,2,1,0,18,0,8,0,0,0,0,1,1,6,1,33,6,-1,-1,-1,5,1,5
2017440211458,1,9,0,16,0,0,0,0,7,0,1,1,6,1,53,8,1598,2,1,10,2,10
2017440211458,2,9,0,18,0,0,0,0,0,0,1,1,6,2,54,8,1995,2,3,9,2,9
2017440211766,1,1,0,18,0,8,0,0,0,0,4,1,2,1,34,6,-1,-1,-1,3,1,3
2017440211996,1,9,0,9,0,8,0,0,0,0,1,1,2,1,26,6,1988,1,15,5,1,5
2017440211996,2,3,0,14,0,8,0,0,0,0,4,1,2,1,37,7,125,1,-1,1,1,1
2017440212007,1,9,0,18,0,0,0,0,0,0,1,1,6,2,24,5,1395,1,3,9,1,9
2017440212007,2,19,0,18,0,0,0,0,0,0,1,1,1,1,65,9,1560,2,3,8,1,8
2017440212451,1,1,0,18,0,8,0,0,0,0,4,1,6,1,19,4,-1,-1,-1,1,1,1
2017440212451,2,8,0,5,0,8,0,0,0,0,1,1,1,3,-1,-1,-1,-1,-1,-1,-1,-1
2017440212718,1,3,0,18,0,8,1,0,0,0,0,1,2,1,29,6,124,1,4,3,1,3
2017440212850,1,9,0,9,0,8,0,0,0,0,4,1,6,3,-1,-1,-1,-1,-1,-1,-1,-1
2017440212850,2,9,0,18,0,8,0,0,0,0,1,1,6,1,26,6,2685,2,15,9,1,9
2017440212894,1,9,0,18,0,8,0,0,0,0,1,1,3,1,18,4,1951,2,13,6,3,6
2017440212894,2,9,0,10,0,8,0,0,0,0,2,1,6,2,43,7,1600,2,6,4,1,4
2017440212933,1,9,0,7,0,8,0,0,0,0,4,1,2,1,31,6,-1,-1,-1,4,1,4
2017440212933,2,1,0,18,0,8,0,0,0,0,4,1,6,2,54,8,-1,-1,-1,9,2,9
2017440212966,1,20,0,4,0,0,0,0,0,0,2,1,1,1,42,7,11000,2,20,6,1,6
2017440212966,2,20,0,4,0,0,0,0,0,0,2,1,1,1,57,9,-1,-1,-1,1,1,1
2017440212966,3,9,0,4,0,0,0,0,0,0,2,1,6,1,77,11,1984,1,3,10,1,10
2017440212966,4,20,0,18,0,0,0,0,0,0,1,1,1,1,63,9,-1,-1,-1,-1,-1,-1
2017440213131,1,9,0,9,0,8,0,0,0,0,1,1,6,1,39,7,2616,1,12,3,1,3