Accident_Index,Vehicle_Reference,Vehicle_Type,Towing_and_Articulation,Vehicle_Manoeuvre,Vehicle_Location-Restricted_Lane,Junction_Location,Skidding_and_Overturning,Hit_Object_in_Carriageway,Vehicle_Leaving_Carriageway,Hit_Object_off_Carriageway,1st_Point_of_Impact,Was_Vehicle_Left_Hand_Drive?,Journey_Purpose_of_Driver,Sex_of_Driver,Age_of_Driver,Age_Band_of_Driver,Engine_Capacity_(CC),Propulsion_Code,Age_of_Vehicle,Driver_IMD_Decile,Driver_Home_Area_Type,Vehicle_IMD_Decile
2017440213131,2,9,0,18,0,8,0,0,1,1,1,1,6,1,28,6,1995,2,9,10,1,10
2017440213265,1,3,0,18,0,8,1,10,0,0,1,1,2,1,25,5,125,1,9,6,1,6
2017440213307,1,9,0,18,0,0,2,0,2,10,1,1,2,1,45,7,1598,1,12,6,1,6
2017440213360,1,9,0,7,0,8,0,0,0,0,1,1,6,2,32,6,1997,2,7,5,1,5
2017440213360,2,1,0,18,0,8,1,0,0,0,1,1,1,2,44,7,-1,-1,-1,4,1,4
2017440213457,1,3,0,16,0,0,0,0,0,0,0,1,2,2,27,6,124,1,18,6,1,6
2017440213593,1,9,0,18,0,0,0,11,0,0,1,1,2,1,48,8,1997,2,14,10,3,10
2017440213725,1,9,0,3,0,1,0,0,0,0,2,1,6,2,32,6,1242,1,12,2,1,2
2017440213725,2,19,0,5,0,1,0,0,0,0,1,1,6,1,36,7,1868,2,15,4,1,4
2017440213837,1,9,0,18,0,0,1,0,5,6,4,1,6,1,55,8,-1,-1,-1,1,1,1
2017440213837,2,9,0,12,0,0,2,0,1,9,3,1,6,2,30,6,1242,1,10,6,2,6
2017440214134,1,9,0,18,0,2,1,0,0,0,1,1,6,2,23,5,899,1,18,-1,-1,-1
2017440214134,2,1,0,18,0,1,0,0,0,0,4,1,4,2,15,3,-1,-1,-1,8,1,8
2017440214214,1,9,0,18,0,0,0,0,0,0,4,1,6,1,19,4,-1,-1,-1,10,1,10
2017440214221,1,5,0,18,0,1,0,0,0,0,4,1,2,1,59,9,-1,-1,-1,4,2,4
2017440214221,2,9,0,18,0,1,0,0,0,0,3,1,6,1,74,10,1396,1,7,9,2,9
2017440214223,1,9,0,3,0,1,0,0,0,0,2,1,6,2,18,4,1299,1,10,10,2,10
2017440214223,2,9,0,18,0,1,0,0,0,0,1,1,6,3,-1,-1,2143,2,6,-1,-1,-1
2017440214334,1,9,0,7,0,8,0,0,0,0,1,1,6,2,27,6,1587,1,11,9,1,9
2017440214334,2,9,0,18,0,8,0,0,0,0,4,1,2,2,34,6,1995,2,13,2,1,2
2017440214436,1,1,0,3,0,1,0,0,0,0,3,1,6,2,44,7,-1,-1,-1,4,1,4
2017440214436,2,9,0,7,0,1,0,0,0,0,4,1,6,3,-1,-1,1598,2,5,-1,-1,-1
2017440214443,1,9,0,18,0,8,0,0,0,0,4,1,2,2,22,5,996,1,6,4,1,4
2017440214461,1,9,0,18,0,1,0,0,1,11,2,1,6,1,27,6,1200,1,-1,10,1,10
2017440214533,1,8,0,1,0,0,0,0,0,0,2,1,1,3,-1,-1,-1,-1,-1,-1,-1,-1
2017440215018,1,9,0,18,0,0,1,0,0,0,1,1,6,2,35,6,1360,1,18,4,1,4
2017440215018,2,9,0,4,0,0,0,0,0,0,2,1,6,2,28,6,998,1,5,3,1,3
2017440215018,3,9,0,4,0,0,0,0,0,0,2,1,6,1,26,6,1398,1,2,7,2,7
2017440215018,4,9,0,4,0,0,0,0,0,0,2,1,6,1,74,10,1197,1,3,4,1,4
2017440215070,1,9,0,10,0,8,0,0,7,0,4,1,6,2,37,7,1999,2,-1,9,3,9
2017440215070,2,9,0,7,0,1,0,0,0,0,3,1,6,1,41,7,1896,2,9,9,1,9
2017440215070,3,9,0,4,0,1,0,0,0,0,1,1,6,2,49,8,1197,1,2,10,1,10
2017440215070,4,9,0,4,0,1,0,0,0,0,1,1,6,2,26,6,1242,1,9,5,1,5
2017440215156,1,9,0,17,0,0,2,0,0,0,1,1,3,2,47,8,1108,1,18,4,3,4
2017440215546,1,9,0,1,0,0,0,0,0,0,2,1,6,2,50,8,2199,2,4,7,1,7
2017440215546,2,9,0,18,0,0,0,0,0,0,4,1,1,1,33,6,1968,2,6,1,1,1
2017440215634,1,9,0,18,0,8,0,0,0,0,4,1,6,1,67,10,1560,2,3,1,1,1
2017440215634,2,1,0,18,0,8,0,0,0,0,3,1,2,1,42,7,-1,-1,-1,10,1,10
2017440215783,1,9,0,9,0,8,0,0,0,0,1,1,2,1,28,6,1992,2,10,10,1,10
2017440215783,2,1,0,18,0,8,1,0,0,0,3,1,2,1,45,7,-1,-1,-1,5,1,5
2017440215882,1,2,0,18,0,0,1,0,7,0,1,1,6,2,25,5,-1,-1,-1,10,1,10
2017440215882,2,9,0,18,0,0,0,0,0,0,1,1,6,2,59,9,-1,-1,-1,3,1,3
2017440216559,1,90,0,9,0,8,0,0,0,0,3,1,1,1,31,6,1001,2,1,7,1,7
2017440216559,2,3,0,18,0,8,0,0,0,0,1,1,6,1,30,6,124,1,1,9,1,9
2017440216618,1,9,0,17,0,8,0,0,0,0,4,1,6,1,23,5,1781,1,14,5,3,5
2017440216618,2,9,0,9,0,8,0,0,0,0,1,1,6,2,33,6,1968,2,2,3,1,3
2017440216638,1,9,0,18,0,4,0,0,0,0,1,1,6,1,31,6,-1,-1,-1,2,1,2
2017440216638,2,1,0,17,0,8,0,0,0,0,1,1,6,1,17,4,-1,-1,-1,5,1,5
2017440216665,1,1,0,18,0,0,0,0,0,0,3,1,6,1,81,11,-1,-1,-1,10,1,10
2017440217028,1,9,0,9,0,8,0,0,0,0,1,1,6,1,73,10,3596,1,11,9,3,9
2017440217028,2,5,0,18,0,8,0,0,0,0,1,1,6,1,29,6,999,1,7,6,1,6
2017440217028,3,5,0,18,0,8,0,0,0,0,1,1,6,1,38,7,599,1,9,8,1,8
2017440217178,1,9,0,5,0,0,0,0,0,0,3,1,6,2,20,4,998,1,3,5,1,5
2017440217178,2,5,0,13,0,0,0,0,0,0,4,1,6,1,49,8,955,1,20,4,1,4
2017440217186,1,9,0,3,0,1,0,0,0,0,2,1,6,2,44,7,1598,2,3,10,1,10
2017440217186,2,9,0,18,0,1,0,0,0,0,1,1,6,1,-1,-1,1587,1,11,4,1,4
2017440217307,1,9,0,17,0,0,1,0,1,7,1,1,6,1,18,4,1149,1,13,6,3,6
2017440217335,1,9,0,5,0,8,0,0,0,0,3,1,6,1,48,8,1896,2,15,10,1,10
2017440217335,2,1,0,18,0,8,0,0,0,0,1,1,6,2,39,7,-1,-1,-1,9,3,9
2017440217366,1,1,0,18,0,1,0,0,0,0,3,1,2,1,55,8,-1,-1,-1,6,1,6
2017440217366,2,9,0,18,0,1,0,0,0,0,1,1,6,2,26,6,1398,1,15,1,1,1
2017440217380,1,3,0,18,0,0,0,0,0,0,0,1,6,2,17,4,125,1,3,3,1,3
2017440217380,2,9,0,18,0,0,0,0,0,0,0,1,6,2,-1,-1,-1,-1,-1,-1,-1,-1
2017440217508,1,1,0,3,0,8,0,0,0,0,2,1,6,1,44,7,-1,-1,-1,6,3,6
2017440217508,2,9,0,4,0,8,0,0,0,0,1,1,6,3,-1,-1,-1,-1,-1,-1,-1,-1
2017440217549,1,9,0,18,0,0,1,0,0,0,1,1,6,1,31,6,2776,2,11,6,1,6
2017440217647,1,9,0,9,0,8,0,0,0,0,4,1,6,1,26,6,2993,2,11,10,1,10
2017440217647,2,3,0,18,0,8,0,0,0,0,1,1,6,1,19,4,124,1,6,7,1,7
2017440217857,1,9,0,9,0,8,0,0,0,0,2,1,6,1,47,8,3199,1,13,3,1,3
2017440217857,2,9,0,18,0,1,0,0,0,0,1,1,6,1,64,9,2000,1,74,8,1,8
2017440217927,1,9,0,18,0,0,0,0,0,0,2,1,6,2,42,7,1796,1,14,4,1,4
2017440217927,2,9,0,18,0,0,0,0,0,0,2,1,6,1,61,9,1199,1,18,8,1,8
2017440217927,3,9,0,18,0,0,0,0,0,0,1,1,6,2,17,4,1149,1,11,10,2,10
2017440218028,1,1,0,18,0,1,0,0,0,0,1,1,6,1,68,10,-1,-1,-1,9,1,9
2017440218028,2,9,0,9,0,1,0,0,0,0,4,1,6,2,23,5,1229,1,7,7,1,7
2017440218167,1,5,0,18,0,0,0,0,0,0,4,1,6,1,27,6,599,1,23,1,1,1
2017440218378,1,9,0,5,0,8,0,0,0,0,1,1,6,2,40,7,998,1,4,4,1,4
2017440218378,2,9,0,18,0,8,0,0,0,0,1,1,6,1,28,6,1198,1,2,7,1,7
2017440218489,1,9,0,18,0,0,2,0,1,7,4,1,2,1,25,5,1596,1,11,9,2,9
2017440218489,2,9,0,18,0,0,1,0,0,7,3,1,6,1,71,10,1599,1,41,-1,-1,-1
2017440218489,3,9,0,18,0,0,0,0,0,0,3,1,6,2,58,9,1339,1,9,3,1,3
2017440218534,1,9,0,4,0,2,0,0,0,0,4,1,6,2,27,6,1995,1,7,9,1,9
2017440218534,2,1,0,15,0,2,0,0,0,0,1,1,6,1,16,4,-1,-1,-1,2,1,2
2017440218596,1,11,0,4,0,1,0,0,0,0,0,1,1,1,25,5,9000,2,8,7,1,7
2017440218607,1,9,0,9,0,8,0,0,0,0,3,1,6,1,75,10,1997,1,9,10,3,10
2017440218607,2,5,0,18,0,8,0,0,0,0,1,1,6,1,27,6,847,1,2,10,1,10
2017440218624,1,1,0,18,0,8,0,0,0,0,4,1,6,1,63,9,-1,-1,-1,9,3,9
2017440218624,2,9,0,18,0,8,0,0,0,0,1,1,6,1,50,8,1995,2,-1,9,3,9
2017440218641,1,9,0,9,0,8,0,0,0,0,4,1,1,1,25,5,1997,2,8,2,1,2
2017440218641,2,1,0,18,0,8,0,0,0,0,1,1,6,1,40,7,-1,-1,-1,2,1,2
2017440218645,1,8,0,9,0,8,0,0,0,0,1,1,1,1,59,9,1896,2,7,10,1,10
2017440218645,2,1,0,9,0,8,0,0,0,0,4,1,6,2,29,6,-1,-1,-1,9,1,9
2017440218874,1,90,0,18,0,0,2,0,1,11,1,1,6,2,77,11,1900,2,20,-1,-1,-1
2017440219441,1,9,0,17,0,2,1,10,0,0,1,1,6,1,23,5,1800,1,17,10,1,10
2017440219441,2,9,0,2,0,2,0,0,0,0,3,1,6,3,-1,-1,1349,1,6,-1,-1,-1
2017440219441,3,9,0,2,0,2,0,0,0,0,2,1,6,3,-1,-1,1360,1,10,-1,-1,-1
2017440219441,4,9,0,2,0,2,0,0,0,0,1,1,6,3,-1,-1,998,1,10,-1,-1,-1
2017440219523,1,9,0,9,0,8,0,0,0,0,0,1,6,2,48,8,2495,2,30,6,1,6
2017440219523,2,9,0,18,0,8,0,10,7,10,3,1,1,1,36,7,1461,2,3,6,1,6
2017440219700,1,9,0,4,0,0,0,0,0,0,2,1,6,1,86,11,1390,1,10,8,1,8
2017440219700,2,5,0,18,0,0,0,0,0,0,1,1,6,1,50,8,1293,1,6,8,1,8
2017440219714,1,9,0,18,0,0,0,0,7,0,3,1,6,1,20,4,1560,2,4,10,1,10
2017440219714,2,90,0,18,0,0,0,0,0,0,3,1,1,1,24,5,6370,2,5,1,1,1
2017440219714,3,19,0,18,0,0,0,0,0,0,1,1,6,1,59,9,2198,2,3,10,1,10
2017440219751,1,9,0,18,0,0,0,0,0,0,1,1,2,2,47,8,1332,1,11,4,1,4
2017440219751,2,9,0,4,0,0,0,0,0,0,2,1,6,1,29,6,2497,1,16,10,1,10
2017440219808,1,9,0,18,0,0,0,0,0,0,1,1,6,1,55,8,1968,2,5,9,1,9
2017440219823,1,1,0,5,0,8,0,0,0,0,1,1,6,1,49,8,-1,-1,-1,10,1,10
2017440219823,2,9,0,17,0,8,0,0,0,0,4,1,6,2,25,5,1149,1,9,10,1,10
2017440219862,1,9,0,4,0,0,0,0,0,0,0,1,6,3,-1,-1,-1,-1,-1,-1,-1,-1
2017440219862,2,5,0,18,0,0,0,0,0,0,4,1,6,2,48,8,883,1,8,9,1,9
2017440219901,1,5,0,18,0,8,0,0,0,0,4,1,2,1,31,6,649,1,8,4,1,4
2017440219901,2,9,0,9,0,8,0,0,0,0,3,1,6,1,54,8,1461,2,-1,7,1,7
2017440220018,1,9,0,5,0,0,0,0,0,0,2,1,6,1,38,7,1995,1,7,3,1,3
2017440220018,2,9,0,18,0,0,0,0,0,0,1,1,6,2,-1,-1,1422,2,-1,-1,-1,-1
2017440220032,1,9,0,18,0,0,0,0,0,0,4,1,6,1,87,11,1339,1,8,7,1,7
2017440220086,1,9,0,18,0,2,5,4,0,0,1,1,6,1,19,4,1242,1,17,3,1,3
2017440220086,2,9,0,2,0,2,0,0,0,0,2,1,6,1,38,7,1591,1,1,1,1,1
2017440220288,1,5,0,18,0,8,0,0,0,0,4,1,6,1,58,9,1200,1,9,4,1,4
2017440220949,1,3,0,17,0,8,0,0,0,0,0,1,2,1,20,4,125,1,1,4,1,4
2017440220949,2,8,0,5,0,8,0,0,0,0,0,1,1,3,-1,-1,-1,-1,-1,-1,-1,-1
2017440220954,1,9,0,17,0,8,5,0,1,11,3,1,6,1,36,7,2324,1,16,6,1,6
2017440221056,1,9,0,18,0,0,2,0,1,4,1,1,2,1,24,5,1149,1,16,6,3,6
2017440221379,1,9,0,12,0,0,0,0,0,0,1,1,6,3,-1,-1,1968,2,1,-1,-1,-1
2017440221379,2,4,0,11,0,0,0,0,0,0,2,1,6,1,19,4,447,1,26,9,1,9
2017440221454,1,9,0,18,0,0,0,0,0,0,0,1,6,1,21,5,1229,1,10,5,2,5
2017440221454,2,9,0,18,0,0,0,0,0,0,2,1,6,1,24,5,1364,1,3,10,1,10
2017440221454,3,19,0,18,0,0,0,0,0,0,1,1,6,1,39,7,2198,2,3,5,1,5
2017440221454,4,9,0,18,0,0,0,0,0,0,1,1,6,2,59,9,1999,2,1,7,3,7
2017440221454,5,9,0,18,0,0,0,0,0,0,2,1,6,1,26,6,1995,1,9,4,1,4
2017440221454,6,9,0,12,0,0,0,0,0,0,1,1,6,2,20,4,998,1,8,10,1,10
2017440221515,1,9,0,3,0,1,0,0,0,0,2,1,6,1,24,5,1390,1,3,6,1,6
2017440221515,2,9,0,3,0,1,0,0,0,0,2,1,2,2,33,6,1794,1,15,2,1,2
2017440221515,3,9,0,3,0,1,0,0,0,0,2,1,6,2,23,5,1596,1,1,5,1,5
2017440221515,4,9,0,18,0,1,0,0,0,0,1,1,6,1,-1,-1,1596,1,1,-1,-1,-1
2017440221590,1,9,0,18,0,1,0,0,0,0,4,1,6,1,40,7,-1,-1,-1,7,2,7
2017440221642,1,5,0,16,0,2,0,10,7,2,3,1,6,1,30,6,599,1,7,6,1,6
2017440221724,1,2,0,16,0,0,1,0,0,0,1,1,6,1,40,7,125,1,3,5,3,5
2017440221827,1,19,0,16,0,0,0,0,0,0,1,1,6,1,64,9,1560,2,2,-1,-1,-1
2017440221827,2,9,0,1,0,0,0,0,0,0,1,1,6,1,36,7,1798,1,12,2,1,2
2017440222206,1,9,0,9,0,8,0,0,0,0,1,1,3,2,32,6,1998,2,12,1,1,1
2017440222206,2,1,0,18,0,8,0,0,0,0,2,1,2,1,51,8,-1,-1,-1,4,1,4
2017440222207,1,10,0,13,0,0,0,0,0,0,0,1,6,1,-1,-1,-1,-1,-1,-1,-1,-1
2017440222207,2,1,0,18,2,0,0,0,1,0,1,1,6,1,54,8,-1,-1,-1,4,1,4
2017440222436,1,8,0,5,0,1,0,0,0,0,0,1,1,3,-1,-1,-1,-1,-1,-1,-1,-1
2017440222497,1,9,0,2,0,1,0,0,0,0,3,1,1,1,51,8,1390,1,8,10,1,10
2017440222497,2,1,0,14,0,1,0,4,0,0,1,1,2,1,50,8,-1,-1,-1,4,1,4
2017440222652,1,9,0,18,0,1,0,0,0,2,3,1,6,1,68,10,1598,1,3,2,1,2
2017440223089,1,11,0,18,2,8,0,0,0,0,1,1,1,1,25,5,4461,2,4,6,1,6
2017440223089,2,9,0,7,0,8,0,0,0,0,4,1,1,1,35,6,-1,-1,-1,2,1,2
2017440223246,1,9,0,7,0,8,0,0,0,0,4,1,6,1,44,7,2148,2,12,7,1,7
2017440223246,2,1,0,18,0,8,0,0,0,0,1,1,6,1,26,6,-1,-1,-1,4,1,4
2017440223270,1,9,0,4,0,0,0,0,0,0,2,1,6,1,21,5,1149,1,7,1,1,1
2017440223270,2,5,0,18,0,0,1,0,0,0,1,1,6,1,34,6,1050,1,1,10,1,10
2017440223385,1,1,0,9,0,0,0,0,0,0,4,1,6,1,17,4,-1,-1,-1,7,1,7
2017440223385,2,9,0,18,0,0,0,0,0,0,1,1,6,2,37,7,898,1,1,10,1,10
2017440223403,1,9,0,18,0,2,0,0,0,0,2,1,6,1,59,9,1794,1,13,5,1,5
2017440223403,2,9,0,7,0,8,0,0,0,0,1,1,6,1,-1,-1,-1,-1,-1,-1,-1,-1
2017440223777,1,9,0,1,0,2,0,0,0,0,0,1,6,1,19,4,998,1,1,1,1,1
2017440223777,2,9,0,18,0,1,2,0,5,6,1,1,6,1,24,5,1598,1,11,1,1,1
2017440224015,1,1,0,18,0,0,0,0,0,0,2,1,6,1,14,3,-1,-1,-1,6,1,6
2017440224015,2,9,0,18,0,0,0,0,0,0,1,1,6,3,-1,-1,-1,-1,-1,-1,-1,-1
2017440224068,1,9,0,4,0,0,0,0,0,0,2,1,1,1,36,7,1598,2,1,4,1,4
2017440224068,2,9,0,4,0,0,0,0,0,0,2,1,6,1,49,8,1968,2,3,5,2,5
2017440224068,3,9,0,4,0,0,0,0,0,0,1,1,6,2,18,4,1242,1,8,7,3,7
2017440224396,1,9,0,18,0,0,0,0,7,0,1,1,2,1,18,4,1390,1,8,6,1,6
2017440224396,2,9,0,18,0,0,0,0,0,0,1,1,6,1,71,10,1798,1,2,10,1,10
2017440224473,1,9,0,18,0,0,0,0,0,0,1,1,6,1,18,4,973,1,16,2,1,2
2017440224473,2,9,0,4,0,0,0,0,0,0,2,1,2,2,31,6,1242,1,3,1,1,1
2017440224473,3,9,0,18,0,0,0,0,0,0,2,1,6,1,31,6,998,1,15,3,1,3
2017440224706,1,9,0,18,0,1,0,0,0,0,3,1,6,2,55,8,1896,2,11,9,2,9
2017440224706,2,3,0,18,0,1,0,0,0,0,1,1,1,2,60,9,125,1,5,9,1,9
2017440224773,1,9,0,15,0,1,0,0,0,0,1,1,6,3,-1,-1,-1,-1,-1,-1,-1,-1
2017440224799,1,9,0,18,0,0,0,0,0,0,3,1,6,1,20,4,1043,1,25,6,1,6
2017440224799,2,9,0,5,0,0,0,0,0,0,4,1,6,3,-1,-1,2179,2,4,-1,-1,-1
2017440224818,1,9,0,17,0,8,0,0,0,0,4,1,2,1,38,7,-1,-1,-1,3,1,3
2017440224818,2,9,0,5,0,8,0,0,0,0,1,1,6,2,21,5,1149,1,5,3,1,3
2017440225199,1,5,0,18,0,1,1,10,0,0,1,1,6,1,68,10,592,1,27,4,1,4
2017440225293,1,9,0,17,0,0,0,0,1,4,2,1,6,1,30,6,4163,1,12,9,1,9
2017440225466,1,9,0,18,0,8,0,0,0,0,1,1,6,2,32,6,2000,1,15,4,1,4
2017440225466,2,9,0,9,0,8,0,0,0,0,3,1,2,2,48,8,1422,2,8,6,3,6
2017440225506,1,9,0,18,0,0,0,0,0,0,4,1,6,3,-1,-1,1332,1,22,-1,-1,-1
2017440225513,1,9,0,18,0,0,0,0,0,0,1,1,1,2,60,9,-1,-1,-1,10,1,10
2017440225513,2,19,0,18,0,0,0,0,0,0,2,1,1,1,49,8,1870,2,12,10,1,10
2017440225568,1,9,0,1,0,0,0,0,0,0,2,1,6,1,26,6,2521,1,10,7,1,7
2017440225585,1,9,0,12,0,0,0,0,0,0,2,1,1,1,39,7,-1,-1,-1,1,1,1
2017440225585,2,5,0,18,0,0,0,0,0,0,1,1,6,1,35,6,649,1,11,6,1,6
2017440225597,1,9,0,9,0,8,0,0,0,0,1,1,6,1,45,7,1794,1,14,10,1,10
2017440225597,2,20,0,18,0,8,0,0,0,0,3,1,1,1,29,6,-1,-1,-1,4,1,4
2017440226301,1,9,0,9,0,8,0,0,0,0,3,1,2,1,47,8,1995,2,3,1,1,1
2017440226301,2,5,0,18,0,8,0,0,0,0,1,1,6,1,57,9,998,1,-1,2,1,2
2017440226409,1,9,0,18,0,0,0,0,0,0,1,1,6,1,37,7,-1,-1,-1,4,2,4
2017440226541,1,19,0,4,0,1,0,0,0,0,1,1,2,1,30,6,2143,2,2,9,1,9
2017440226541,2,9,0,3,0,1,0,0,0,0,2,1,6,2,29,6,-1,-1,-1,1,1,1
2017440226803,1,9,0,18,0,0,0,0,0,0,1,1,6,1,86,11,1995,2,4,7,1,7
2017440226803,2,9,0,2,0,0,0,0,0,0,1,1,6,2,25,5,1591,1,5,3,1,3
2017440226803,3,9,0,2,0,0,0,0,0,0,1,1,6,1,31,6,1397,1,15,5,1,5
2017440227047,1,9,0,4,0,1,0,0,0,0,2,1,6,1,77,11,1997,1,11,4,1,4
2017440227047,2,9,0,4,0,1,0,0,0,0,1,1,6,2,46,8,1596,1,16,7,2,7
2017440227181,1,3,0,18,0,8,0,0,0,0,1,1,2,2,45,7,124,1,5,8,3,8
2017440227181,2,9,0,9,0,8,0,0,0,0,1,1,6,2,35,6,1248,1,1,3,1,3
2017440227230,1,19,0,16,0,2,1,0,0,0,3,1,1,1,53,8,-1,-1,-1,-1,-1,-1
2017440227230,2,9,0,4,0,1,0,0,0,0,3,1,6,1,62,9,1798,8,-1,9,2,9
2017440227230,3,9,0,18,0,1,0,0,0,0,0,1,6,2,33,6,-1,-1,-1,9,1,9
2017440227726,1,9,0,18,0,8,0,0,0,0,1,1,6,1,76,11,1197,1,3,4,1,4
2017440227726,2,9,0,18,0,8,0,0,0,0,3,1,6,2,38,7,2143,2,6,4,1,4
2017440227896,1,9,0,4,0,0,0,0,0,0,2,1,6,1,52,8,1339,1,3,5,1,5
2017440227896,2,19,0,4,0,0,0,0,0,0,1,1,6,1,55,8,-1,-1,-1,4,1,4
2017440228031,1,9,0,18,0,0,0,0,0,0,3,1,2,1,67,10,1339,1,4,10,1,10
2017440228069,1,19,0,18,0,8,0,0,0,0,3,1,2,1,26,6,1560,2,3,9,1,9
2017440228069,2,1,0,18,0,8,0,0,0,0,2,1,6,1,41,7,-1,-1,-1,2,1,2
2017440228077,1,9,0,18,0,0,0,0,7,3,1,1,6,2,71,10,1598,1,11,7,1,7
2017440228170,1,9,0,18,0,1,0,0,0,0,1,1,6,1,24,5,1686,2,12,1,1,1
2017440228200,1,9,0,10,0,1,0,0,0,0,2,1,1,2,53,8,998,1,1,4,1,4
2017440228200,2,9,0,18,0,1,0,0,0,0,1,1,6,2,49,8,998,1,1,10,3,10
2017440228262,1,9,0,18,0,8,0,0,0,0,1,1,6,2,58,9,-1,-1,-1,6,1,6
2017440228262,2,1,0,9,0,8,0,0,0,0,1,1,6,1,44,7,-1,-1,-1,10,1,10
2017440228433,1,9,0,18,0,0,0,0,1,10,1,1,6,2,19,4,1242,1,12,5,1,5
2017440228451,1,9,0,14,0,0,0,0,0,0,1,1,6,1,17,4,1391,1,17,4,1,4
2017440228728,1,9,0,7,0,8,0,0,0,0,3,1,6,2,58,9,1398,1,1,5,1,5
2017440228728,2,1,0,18,0,8,0,0,0,0,1,1,6,1,32,6,-1,-1,-1,9,1,9
2017440228743,1,9,0,18,0,0,0,0,0,0,4,1,2,1,40,7,1995,2,15,9,2,9
2017440228743,2,9,0,18,0,0,2,0,1,0,3,1,2,1,51,8,1998,1,13,7,1,7
2017440228757,1,9,0,2,0,0,0,0,0,0,1,1,1,2,19,4,998,1,14,1,1,1
2017440228757,2,1,0,18,0,0,0,0,0,0,3,1,6,1,52,8,-1,-1,-1,4,3,4
2017440228757,3,9,0,18,0,0,0,0,0,0,4,1,6,3,-1,-1,-1,-1,-1,-1,-1,-1
2017440228840,1,9,0,18,9,0,0,0,1,0,4,1,6,2,-1,-1,-1,-1,-1,9,3,9
2017440228921,1,9,0,6,0,0,0,0,1,0,1,1,6,1,49,8,1395,1,1,8,1,8
2017440228921,2,9,0,18,0,0,0,0,0,0,1,1,6,2,59,9,1599,1,8,10,2,10
2017440229297,1,9,0,18,0,8,0,0,0,0,4,1,6,2,84,11,1388,1,12,10,2,10
2017440229297,2,9,0,5,0,8,0,0,0,0,1,1,6,1,90,11,1240,1,12,4,1,4
2017440229330,1,9,0,18,0,1,0,0,0,0,1,1,6,1,-1,-1,1149,1,15,6,1,6
2017440229441,1,1,0,9,0,8,0,0,0,0,4,1,6,1,37,7,-1,-1,-1,10,1,10
2017440229441,2,9,0,18,0,8,0,0,0,0,1,1,6,3,-1,-1,1299,1,16,-1,-1,-1
2017440229500,1,5,0,17,0,8,1,0,0,0,1,1,2,1,49,8,885,1,21,10,1,10
2017440229500,2,9,0,17,0,8,0,0,0,0,2,1,2,1,42,7,2184,2,13,10,1,10
2017440229512,1,9,0,17,0,0,0,0,0,0,1,1,6,1,46,8,1998,1,9,5,1,5
2017440229512,2,9,0,16,0,0,0,0,0,0,1,1,6,2,50,8,1389,1,19,3,1,3
2017440229536,1,19,0,4,0,0,0,0,0,0,0,1,6,3,-1,-1,-1,-1,-1,-1,-1,-1
2017440229536,2,9,0,18,0,0,0,0,0,0,2,1,2,2,20,4,999,1,4,6,1,6
2017440229536,3,19,0,18,0,0,0,0,0,0,1,1,2,1,65,9,1996,2,4,2,1,2
2017440229536,4,21,0,18,0,0,1,0,0,0,1,1,1,1,51,8,-1,-1,-1,-1,-1,-1
2017440229608,1,5,0,13,0,0,0,0,0,0,1,1,6,1,43,7,849,1,5,7,1,7
2017440229608,2,9,0,18,0,0,0,0,0,0,1,1,6,2,26,6,1398,1,3,3,1,3
2017440229763,1,1,0,18,0,8,0,0,0,0,3,1,6,1,35,6,-1,-1,-1,8,1,8
2017440229763,2,19,0,13,0,8,0,0,0,0,4,1,6,3,-1,-1,-1,-1,-1,-1,-1,-1
2017440229838,1,5,0,18,0,0,0,0,0,0,0,1,6,1,21,5,-1,-1,-1,6,1,6
2017440230075,1,9,0,15,0,0,0,10,0,0,1,1,6,1,21,5,1796,1,12,8,3,8
2017440230075,2,9,0,18,0,0,0,0,0,0,3,1,6,2,46,8,1560,2,10,-1,-1,-1
2017440230075,3,9,0,18,0,0,0,0,0,0,1,1,6,1,52,8,2286,1,34,9,2,9
2017440230075,4,9,0,18,0,0,0,0,1,0,1,1,6,2,40,7,1149,1,9,10,2,10
2017440230426,1,9,0,7,0,8,0,0,0,0,3,1,6,2,68,10,998,1,3,5,1,5
2017440230426,2,9,0,18,0,8,0,0,0,0,1,1,6,1,42,7,-1,-1,-1,5,1,5
2017440230612,1,9,0,18,0,0,1,0,1,1,1,1,6,1,28,6,-1,-1,-1,1,1,1
2017440230686,1,9,0,4,0,0,0,0,0,0,2,1,6,1,34,6,1598,2,-1,4,1,4
2017440230686,2,9,0,4,0,0,0,0,0,0,2,1,6,1,35,6,1896,2,12,6,2,6
2017440230686,3,9,0,4,0,0,0,0,0,0,1,1,6,2,28,6,-1,-1,-1,4,3,4
2017440230775,1,3,0,18,0,0,0,0,0,0,1,1,6,1,20,4,124,1,5,2,1,2
2017440230775,2,9,0,4,0,0,0,0,0,0,2,1,6,1,55,8,-1,-1,-1,10,1,10
2017440230790,1,9,0,18,0,1,0,0,0,0,1,1,6,2,39,7,4966,1,17,10,1,10
2017440230790,2,9,0,4,0,1,0,0,0,0,2,1,6,2,29,6,1896,2,11,4,1,4
2017440230790,3,9,0,4,0,1,0,0,0,0,2,1,6,1,39,7,1598,1,4,3,1,3