Accident_Index,Vehicle_Reference,Vehicle_Type,Towing_and_Articulation,Vehicle_Manoeuvre,Vehicle_Location-Restricted_Lane,Junction_Location,Skidding_and_Overturning,Hit_Object_in_Carriageway,Vehicle_Leaving_Carriageway,Hit_Object_off_Carriageway,1st_Point_of_Impact,Was_Vehicle_Left_Hand_Drive?,Journey_Purpose_of_Driver,Sex_of_Driver,Age_of_Driver,Age_Band_of_Driver,Engine_Capacity_(CC),Propulsion_Code,Age_of_Vehicle,Driver_IMD_Decile,Driver_Home_Area_Type,Vehicle_IMD_Decile
2017440230790,4,9,0,4,0,1,0,0,0,0,2,1,6,1,62,9,2204,2,11,2,1,2
2017440230821,1,9,0,9,0,2,0,0,0,0,1,1,6,2,53,8,1796,1,10,6,1,6
2017440231096,1,9,0,5,0,0,0,0,0,0,0,1,6,1,-1,-1,1198,1,14,-1,-1,-1
2017440231100,1,9,0,18,0,8,1,0,7,10,4,1,6,2,24,5,1242,1,3,4,1,4
2017440231100,2,9,0,9,0,8,0,0,0,0,1,1,1,1,36,7,-1,-1,-1,3,1,3
2017440231105,1,9,0,16,0,2,0,0,0,0,3,1,6,2,39,7,999,1,8,8,1,8
2017440231204,1,9,0,3,0,2,0,0,0,0,2,1,6,1,40,7,1998,1,15,6,1,6
2017440231204,2,19,0,4,0,2,0,0,0,0,1,1,6,3,-1,-1,1248,2,6,-1,-1,-1
2017440231779,1,9,0,7,0,8,0,0,0,0,4,1,6,2,24,5,2987,2,7,8,1,8
2017440231779,2,1,0,18,0,8,0,0,0,0,1,1,6,1,45,7,-1,-1,-1,4,1,4
2017440231800,1,1,0,5,0,0,0,0,0,0,3,1,6,1,13,3,-1,-1,-1,8,1,8
2017440231800,2,9,0,18,0,0,0,0,0,0,1,1,6,3,-1,-1,-1,-1,-1,-1,-1,-1
2017440232051,1,9,0,4,0,8,0,0,0,0,4,1,6,3,-1,-1,2204,2,11,-1,-1,-1
2017440232051,2,1,0,18,0,8,0,0,0,0,1,1,6,1,14,3,-1,-1,-1,10,1,10
2017440232054,1,9,0,18,0,0,0,0,0,0,1,1,6,1,23,5,-1,-1,-1,6,1,6
2017440232612,1,19,0,17,0,8,0,0,0,0,1,1,6,1,62,9,1598,2,9,7,1,7
2017440232612,2,2,0,9,0,8,0,0,0,0,1,1,6,1,16,4,49,1,17,5,3,5
2017440232756,1,21,0,18,0,0,0,0,0,0,1,1,1,1,53,8,12809,2,2,3,1,3
2017440232756,2,9,0,18,0,0,0,0,0,0,2,1,2,2,37,7,1061,1,14,9,1,9
2017440232756,3,9,0,18,0,0,0,0,0,0,2,1,2,1,48,8,1969,2,2,9,1,9
2017440232756,4,9,0,18,0,0,0,0,0,0,2,1,2,1,35,6,998,1,2,8,2,8
2017440232769,1,9,0,18,0,0,0,0,0,0,1,1,2,2,34,6,-1,-1,-1,10,1,10
2017440232769,2,19,0,11,0,0,0,0,0,0,0,1,6,1,-1,-1,1560,2,2,-1,-1,-1
2017440232886,1,9,0,18,0,0,0,0,0,0,2,1,2,2,34,6,1388,1,14,3,1,3
2017440232886,2,9,0,18,0,0,0,0,0,0,1,1,6,1,-1,-1,2179,2,9,-1,-1,-1
2017440232942,1,1,0,7,0,8,0,0,0,0,3,1,2,1,51,8,-1,-1,-1,6,1,6
2017440232942,2,19,3,13,0,8,0,0,0,0,4,1,6,3,-1,-1,-1,-1,-1,-1,-1,-1
2017440233211,1,9,0,18,0,1,1,0,0,0,1,1,6,1,65,9,1753,2,8,3,1,3
2017440233211,2,9,0,4,0,1,0,0,0,0,2,1,6,1,55,8,1995,2,13,6,1,6
2017440233215,1,9,0,18,0,0,0,0,0,0,0,1,6,2,74,10,1200,1,-1,8,1,8
2017440233215,2,9,0,4,0,0,0,0,0,0,2,1,6,1,65,9,1197,1,-1,10,1,10
2017440233215,3,9,0,4,0,0,0,0,0,0,2,1,6,2,66,10,-1,-1,-1,7,2,7
2017440233376,1,9,0,18,0,0,0,0,7,10,1,1,6,1,25,5,1242,1,12,7,2,7
2017440233377,1,1,0,18,0,1,0,0,0,0,3,1,6,2,58,9,-1,-1,-1,8,1,8
2017440233377,2,21,0,13,0,1,0,0,0,0,4,1,6,1,-1,-1,-1,-1,-1,-1,-1,-1
2017440233405,1,9,0,3,0,1,0,0,0,0,2,1,6,1,37,7,1997,2,8,9,3,9
2017440233405,2,9,0,18,0,1,0,0,0,0,1,1,1,3,-1,-1,-1,-1,-1,-1,-1,-1
2017440233405,3,9,0,18,0,1,0,0,0,0,2,1,6,3,-1,-1,-1,-1,-1,-1,-1,-1
2017440233618,1,9,0,9,0,2,0,4,7,11,1,1,6,1,74,10,1198,1,11,5,1,5
2017440233618,2,9,0,2,0,2,0,0,0,0,2,1,6,3,-1,-1,1495,1,11,-1,-1,-1
2017440233784,1,1,0,14,0,0,0,0,0,0,3,1,6,1,51,8,-1,-1,-1,10,2,10
2017440233784,2,19,5,14,0,0,0,0,0,0,4,1,6,1,25,5,2198,2,4,8,3,8
2017440233805,1,9,0,5,5,8,0,0,0,0,1,1,6,1,50,8,1997,2,3,9,2,9
2017440233805,2,1,0,18,5,8,0,0,0,0,1,1,6,1,35,6,-1,-1,-1,3,1,3
2017440233942,1,9,0,18,0,2,0,4,0,0,1,1,6,2,76,11,1461,2,3,6,3,6
2017440233942,2,9,0,2,0,2,0,0,0,0,2,1,6,3,-1,-1,1598,1,10,-1,-1,-1
2017440233942,3,9,0,2,0,2,0,0,0,0,2,1,6,3,-1,-1,1598,1,10,-1,-1,-1
2017440234040,1,9,0,18,0,1,0,0,0,0,1,1,6,1,25,5,1753,2,11,4,1,4
2017440234216,1,9,0,18,0,0,0,0,4,4,1,1,6,1,23,5,1398,1,6,4,1,4
2017440234247,1,9,0,4,0,0,0,0,0,0,2,1,2,2,24,5,1198,1,15,10,3,10
2017440234247,2,9,0,4,0,0,0,0,0,0,1,1,6,3,-1,-1,-1,-1,-1,-1,-1,-1
2017440234391,1,3,0,17,0,0,0,0,0,0,0,1,2,1,21,5,-1,-1,-1,1,1,1
2017440234592,1,9,0,16,0,1,1,11,1,11,1,1,1,2,19,4,1390,1,16,10,1,10
2017440234639,1,9,0,18,0,2,0,0,0,0,1,1,6,2,58,9,1991,1,-1,-1,-1,-1
2017440234639,2,9,0,2,0,2,0,0,0,0,2,1,6,2,50,8,1248,2,2,2,1,2
2017440234677,1,9,0,3,0,8,0,0,0,0,2,1,6,1,31,6,2993,2,2,9,1,9
2017440234677,2,9,0,4,0,8,0,0,0,0,1,1,6,2,-1,-1,1600,1,13,-1,-1,-1
2017440234679,1,1,0,18,0,8,0,0,0,0,4,1,4,1,12,3,-1,-1,-1,9,1,9
2017440234679,2,9,0,18,0,8,0,0,0,0,1,1,2,2,-1,-1,-1,-1,-1,-1,-1,-1
2017440234726,1,19,0,16,0,1,5,0,0,0,1,1,2,1,24,5,1995,2,1,7,1,7
2017440234726,2,9,0,17,0,2,0,0,1,9,1,1,2,2,44,7,1598,1,15,10,1,10
2017440234846,1,1,0,18,0,0,0,0,0,0,1,1,6,1,20,4,-1,-1,-1,9,1,9
2017440234846,2,9,0,13,0,0,0,0,0,0,2,1,6,3,-1,-1,-1,-1,-1,-1,-1,-1
2017440234928,1,9,0,18,0,8,0,0,0,0,1,1,6,3,-1,-1,-1,-1,-1,-1,-1,-1
2017440234938,1,9,0,3,0,8,0,0,0,0,2,1,6,2,44,7,1956,2,3,4,1,4
2017440234938,2,9,0,4,0,8,0,0,0,0,1,1,2,1,42,7,1598,1,4,7,1,7
2017440234962,1,9,0,18,0,0,0,0,0,0,3,1,6,1,25,5,1229,1,7,10,1,10
2017440235020,1,11,0,18,0,1,0,0,0,0,4,1,1,3,-1,-1,-1,-1,-1,-1,-1,-1
2017440235492,1,9,0,18,0,1,0,0,0,0,1,1,6,1,29,6,1364,1,10,2,1,2
2017440235492,2,9,0,3,0,1,0,0,0,0,2,1,6,1,26,6,1598,2,1,3,1,3
2017440235807,1,9,0,3,0,0,0,0,0,0,2,1,1,1,44,7,2199,2,7,8,1,8
2017440235807,2,9,0,3,0,0,0,0,0,0,2,1,6,2,43,7,1997,2,9,4,1,4
2017440235807,3,9,0,3,0,0,0,0,0,0,2,1,1,2,24,5,1975,1,10,2,1,2
2017440235807,4,9,0,18,0,0,0,0,0,0,1,1,6,1,81,11,1995,1,8,8,1,8
2017440235813,1,9,0,3,0,0,0,0,0,0,2,1,2,2,50,8,1364,1,8,7,1,7
2017440235813,2,9,0,3,0,0,0,0,0,0,2,1,2,2,19,4,1197,1,1,6,1,6
2017440235813,3,9,0,3,0,0,0,0,0,0,2,1,2,2,49,8,1968,2,3,9,3,9
2017440235813,4,9,0,4,0,0,0,0,0,0,1,1,3,2,25,5,1598,2,5,10,1,10
2017440235816,1,9,0,18,0,0,1,0,0,0,1,1,6,1,55,8,1612,1,6,9,1,9
2017440235816,2,9,0,4,0,0,0,0,0,0,2,1,6,2,25,5,1339,8,7,6,1,6
2017440235816,3,19,0,4,0,0,0,0,0,0,4,1,6,3,-1,-1,2143,2,-1,-1,-1,-1
2017440236162,1,9,0,4,0,8,0,0,0,0,2,1,1,1,26,6,-1,-1,-1,3,1,3
2017440236162,2,19,0,4,0,8,0,0,0,0,2,1,1,1,59,9,2477,2,12,6,1,6
2017440236162,3,9,0,4,0,8,0,0,0,0,1,1,1,2,50,8,1598,1,2,10,1,10
2017440236162,4,19,0,4,0,8,0,0,0,0,2,1,1,1,63,9,1996,2,3,7,1,7
2017440236162,5,9,0,4,0,8,0,0,0,0,1,1,1,1,22,5,1242,1,5,-1,-1,-1
2017440236319,1,9,0,18,0,0,1,0,0,0,1,1,6,2,42,7,1598,1,9,6,3,6
2017440236319,2,21,0,4,0,0,0,0,0,0,2,1,1,1,58,9,10837,2,1,-1,-1,-1
2017440236322,1,1,0,9,0,8,0,0,0,0,4,1,4,1,13,3,-1,-1,-1,4,1,4
2017440236322,2,9,0,18,0,8,0,0,0,0,1,1,6,2,-1,-1,-1,-1,-1,-1,-1,-1
2017440236608,1,9,0,9,0,8,0,0,0,0,1,1,6,2,73,10,1339,1,6,10,1,10
2017440236608,2,9,0,9,0,8,0,0,0,0,3,1,6,2,72,10,1870,2,14,5,1,5
2017440236648,1,9,0,3,0,1,0,0,0,0,2,1,6,2,36,7,1560,2,10,6,1,6
2017440236648,2,9,0,18,0,1,0,0,0,0,1,1,6,3,-1,-1,1149,1,14,-1,-1,-1
2017440236829,1,9,0,9,0,8,0,0,0,0,1,1,6,1,66,10,1998,1,14,9,3,9
2017440236829,2,9,0,18,0,8,0,0,0,0,1,1,6,1,49,8,1995,2,5,10,1,10
2017440236849,1,9,0,4,0,0,0,0,0,0,2,1,6,2,68,10,1997,1,-1,9,1,9
2017440236849,2,9,0,4,0,0,0,0,0,0,2,1,6,1,61,9,1796,1,15,1,1,1
2017440236849,3,9,0,18,0,0,0,0,0,0,1,1,6,1,25,5,1896,2,9,1,1,1
2017440236974,1,9,0,18,0,0,2,0,1,6,1,1,6,2,18,4,1248,1,6,9,2,9
2017440237046,1,3,0,16,0,0,1,0,0,0,1,1,6,1,30,6,125,1,2,6,1,6
2017440237046,2,9,0,17,0,0,0,0,0,0,3,1,6,1,62,9,1984,1,17,5,3,5
2017440237285,1,2,0,5,0,1,0,0,0,0,2,1,2,2,45,7,49,1,3,3,1,3
2017440237285,2,9,0,5,0,1,0,0,0,0,1,1,2,1,35,6,1598,1,13,3,1,3
2017440237521,1,1,0,18,0,0,0,0,0,0,1,1,6,1,58,9,-1,-1,-1,10,1,10
2017440237521,2,19,0,2,9,0,0,0,0,0,3,1,1,1,45,7,2198,2,3,10,1,10
2017440237562,1,9,0,9,0,8,0,0,0,0,1,1,6,2,34,6,1149,1,17,10,3,10
2017440237562,2,9,0,18,0,8,0,0,0,0,1,1,6,2,-1,-1,1798,8,-1,8,3,8
2017440237620,1,9,0,18,0,0,0,0,0,0,0,1,6,2,-1,-1,-1,-1,-1,-1,-1,-1
2017440237620,2,9,0,18,0,0,0,0,0,0,2,1,6,1,82,11,1598,1,9,2,1,2
2017440237620,3,9,0,18,0,0,0,0,0,0,2,1,6,2,36,7,1796,1,10,2,1,2
2017440237620,4,21,0,18,0,0,0,0,0,0,1,1,1,1,46,8,4461,2,9,5,1,5
2017440237668,1,5,0,18,0,8,1,0,0,0,0,1,2,1,28,6,599,1,19,10,2,10
2017440237668,2,9,0,5,0,8,0,0,0,0,0,1,6,3,-1,-1,-1,-1,-1,-1,-1,-1
2017440237885,1,4,0,17,0,0,1,0,0,0,1,1,6,1,71,10,400,1,8,8,3,8
2017440237935,1,22,0,18,9,0,0,0,0,0,1,1,6,2,86,11,-1,-1,-1,5,1,5
2017440237935,2,9,0,2,0,0,0,0,0,0,2,1,6,3,-1,-1,1499,1,-1,-1,-1,-1
2017440237941,1,1,0,18,0,8,0,0,0,0,4,1,1,1,21,5,-1,-1,-1,9,1,9
2017440237941,2,9,0,18,0,8,0,0,0,0,1,1,6,1,-1,-1,1781,1,14,-1,-1,-1
2017440238150,1,1,0,14,0,0,1,0,0,0,1,1,6,1,24,5,-1,-1,-1,8,2,8
2017440238150,2,9,0,18,0,0,0,0,0,0,1,1,6,1,78,11,1951,2,15,8,3,8
2017440238206,1,9,0,16,0,0,0,0,0,0,1,1,2,1,73,10,1988,1,17,1,1,1
2017440238206,2,9,0,17,0,0,0,0,0,0,1,1,6,1,65,9,1598,2,5,10,1,10
2017440238206,3,9,0,17,0,0,0,0,0,0,1,1,6,1,36,7,1596,1,10,9,1,9
2017440238287,1,9,0,18,0,0,0,11,0,10,1,1,6,2,81,11,1997,1,6,6,1,6
2017440238287,2,9,0,2,0,0,0,0,0,0,1,1,6,1,67,10,1197,1,1,-1,-1,-1
2017440238287,3,9,0,2,0,0,0,4,0,0,2,1,6,2,47,8,1997,2,2,-1,-1,-1
2017440238287,4,9,0,2,0,0,0,4,0,0,4,1,6,1,46,8,1560,2,12,-1,-1,-1
2017440238287,5,9,0,2,0,0,0,0,0,0,1,1,6,1,81,11,1985,1,20,-1,-1,-1
2017440238300,1,5,0,9,0,8,1,0,0,0,3,1,6,1,48,8,599,1,13,10,1,10
2017440239012,1,9,0,16,0,0,2,0,0,0,1,1,2,2,28,6,1242,1,2,7,3,7
2017440239278,1,9,0,17,0,8,0,0,0,0,2,1,3,1,35,6,998,1,14,7,1,7
2017440239278,2,9,0,17,0,8,0,0,0,0,1,1,6,1,-1,-1,1997,2,16,-1,-1,-1
2017440239348,1,3,0,4,0,0,0,0,0,0,4,1,6,1,15,3,124,1,4,2,1,2
2017440239348,2,9,0,5,0,0,0,0,0,0,1,1,6,1,22,5,-1,-1,-1,3,1,3
2017440239578,1,19,0,18,0,0,0,0,0,0,2,1,1,1,31,6,1598,2,1,5,1,5
2017440239578,2,9,0,12,0,0,0,0,0,0,1,1,1,2,27,6,1242,1,1,8,1,8
2017440240183,1,9,0,16,0,0,1,0,8,4,1,1,6,1,18,4,1388,1,14,7,3,7
2017440240899,1,9,0,18,0,1,1,0,7,11,1,1,6,1,61,9,-1,-1,-1,4,2,4
2017440240899,2,9,0,5,0,8,0,0,0,0,0,1,6,1,61,9,1560,2,8,4,2,4
2017440241150,1,9,0,9,0,0,0,0,0,0,2,1,6,1,55,8,1896,2,11,7,1,7
2017440241150,2,9,0,18,0,0,0,0,0,0,4,1,6,1,21,5,-1,-1,-1,-1,-1,-1
2017440241199,1,9,0,18,0,0,1,0,0,0,1,1,6,1,30,6,2980,2,23,3,1,3
2017440241199,2,9,0,4,0,0,0,0,0,0,2,1,6,2,19,4,1242,1,2,8,2,8
2017440241348,1,9,0,4,0,8,0,0,7,11,1,1,6,1,90,11,1598,1,15,9,1,9
2017440241348,2,9,0,18,0,8,0,0,0,0,4,1,6,1,42,7,998,1,5,10,1,10
2017440241349,1,9,0,18,0,0,0,0,8,3,4,1,6,1,18,4,1390,1,13,7,3,7
2017440241475,1,8,0,18,0,8,0,0,7,9,1,1,1,1,61,9,1968,2,5,1,1,1
2017440241475,2,9,0,18,0,8,0,0,0,0,3,1,6,2,28,6,1497,2,1,9,2,9
2017440241934,1,9,0,9,0,8,0,0,0,0,3,1,6,1,20,4,1328,1,9,9,1,9
2017440241934,2,9,0,18,0,8,0,0,0,0,3,1,6,1,67,10,1598,1,4,9,1,9
2017440242607,1,3,0,16,0,0,0,10,0,0,1,1,6,1,17,4,124,1,13,10,1,10
2017440242629,1,9,0,5,0,0,0,0,0,0,4,1,6,2,-1,-1,1796,1,16,10,1,10
2017440242889,1,1,0,18,0,8,0,0,0,0,4,1,2,1,38,7,-1,-1,-1,-1,-1,-1
2017440242889,2,19,0,7,0,8,0,0,0,0,1,1,2,1,26,6,1560,2,1,9,1,9
2017440242984,1,9,0,18,0,8,0,0,0,0,4,1,4,2,26,6,1364,1,10,2,1,2
2017440242984,2,9,0,9,0,8,0,0,0,0,0,1,6,2,31,6,1560,2,8,5,1,5
2017440243073,1,9,0,18,0,0,0,0,0,0,2,1,1,1,24,5,1956,2,7,10,1,10
2017440243073,2,9,0,18,0,0,0,0,0,0,2,1,1,1,36,7,1997,2,4,10,1,10
2017440243073,3,19,0,18,0,0,1,0,0,0,1,1,1,1,43,7,1995,2,8,10,1,10
2017440243811,1,9,0,16,0,8,0,0,0,0,1,1,6,1,23,5,1242,1,15,1,1,1
2017440243811,2,1,0,18,0,8,0,0,0,0,1,1,4,1,14,3,-1,-1,-1,7,1,7
2017440243866,1,9,0,18,0,0,0,0,0,0,1,1,6,2,54,8,1598,2,1,8,3,8
2017440243866,2,1,0,18,0,0,0,0,0,0,2,1,6,2,37,7,-1,-1,-1,9,3,9
2017440243896,1,3,0,4,0,3,1,0,0,0,0,1,6,1,42,7,124,1,19,1,1,1
2017440243911,1,9,0,9,0,8,0,0,0,0,1,1,2,2,31,6,1229,1,4,9,1,9
2017440243911,2,1,0,18,0,8,0,0,0,0,3,1,6,1,13,3,-1,-1,-1,5,1,5
2017440243951,1,9,0,12,0,0,0,0,4,6,2,1,1,2,39,7,1995,2,2,-1,1,-1
2017440243951,2,9,0,18,0,0,0,0,4,6,1,1,6,1,29,6,1968,2,10,9,1,9
2017440244010,1,9,0,4,0,2,0,0,0,0,1,1,6,1,44,7,1598,2,1,7,3,7
2017440244010,2,9,0,4,0,2,0,0,0,0,2,1,6,1,43,7,1995,2,1,4,1,4
2017440244010,3,9,0,4,0,2,0,0,0,0,2,1,6,1,62,9,1390,1,13,7,1,7
2017440244010,4,9,0,4,0,2,0,0,0,0,2,1,6,1,44,7,1896,2,14,1,1,1
2017440244067,1,9,0,7,0,8,0,0,0,0,1,1,6,2,21,5,1968,2,4,3,1,3
2017440244067,2,1,0,18,0,8,0,0,0,0,1,1,2,1,46,8,-1,-1,-1,9,1,9
2017440244077,1,1,0,16,0,0,0,0,0,0,1,1,2,1,50,8,-1,-1,-1,9,1,9
2017440244079,1,9,0,6,0,0,0,0,0,0,0,1,2,1,27,6,1956,2,6,-1,-1,-1
2017440244079,2,1,0,18,0,0,1,0,0,0,0,1,2,2,33,6,-1,-1,-1,1,1,1
2017440244291,1,9,0,18,0,0,0,0,0,0,3,1,6,2,44,7,1596,1,6,3,1,3
2017440244291,2,20,0,18,0,0,0,0,0,0,0,1,6,3,-1,-1,-1,-1,-1,-1,-1,-1
2017440244627,1,3,0,18,0,8,0,0,0,0,1,1,6,1,29,6,125,1,3,8,1,8
2017440244627,2,9,0,4,0,8,0,0,0,0,2,1,1,1,61,9,1995,2,1,9,1,9
2017440244704,1,9,0,18,0,8,0,0,0,0,1,1,6,3,-1,-1,-1,-1,-1,-1,-1,-1
2017440244704,2,19,0,10,0,8,0,0,0,0,2,1,1,1,30,6,1598,2,2,10,1,10
2017440244912,1,9,0,3,0,1,0,0,0,0,2,1,3,2,35,6,2993,2,1,7,2,7
2017440244912,2,9,0,18,0,1,0,0,0,0,1,1,6,3,-1,-1,1149,1,17,-1,-1,-1
2017440245029,1,9,0,3,0,4,0,0,0,0,2,1,6,2,38,7,1995,2,12,-1,-1,-1
2017440245029,2,9,0,18,0,4,0,0,0,0,1,1,6,3,-1,-1,-1,-1,-1,-1,-1,-1
2017440245087,1,19,0,9,0,8,0,0,0,0,3,1,2,2,78,11,-1,-1,-1,7,1,7
2017440245087,2,4,0,18,0,8,0,0,0,0,1,1,2,1,70,10,395,1,39,10,1,10
2017440245483,1,9,4,18,0,0,0,0,0,0,0,1,1,1,43,7,-1,-1,-1,9,3,9
2017440245483,2,9,0,18,0,0,0,0,0,0,1,1,6,2,58,9,1390,1,8,5,1,5
2017440245507,1,3,0,17,0,0,1,0,0,0,2,1,6,1,24,5,125,1,2,10,1,10
2017440245507,2,9,0,16,0,0,0,0,0,0,3,1,6,1,58,9,1998,1,1,5,1,5
2017440245551,1,9,0,4,0,0,0,0,0,0,1,1,6,2,69,10,1299,1,14,7,3,7
2017440245551,2,22,0,5,0,0,0,0,0,0,3,1,6,1,97,11,-1,-1,-1,10,1,10
2017440245594,1,9,0,9,0,8,0,0,0,0,3,1,2,1,32,6,1968,2,1,7,2,7
2017440245594,2,1,0,14,0,1,0,0,0,0,1,1,2,1,37,7,-1,-1,-1,10,1,10
2017440245724,1,9,0,17,0,0,5,0,7,9,3,1,2,1,34,6,2494,1,20,9,1,9
2017440245782,1,2,0,18,0,2,0,0,0,0,1,1,6,1,16,4,49,1,8,7,1,7
2017440245826,1,9,0,17,0,0,2,0,7,3,1,1,6,1,21,5,1199,1,12,8,1,8
2017440245924,1,9,0,9,0,8,0,0,0,0,4,1,6,2,22,5,998,1,7,8,3,8
2017440245924,2,9,0,18,0,1,0,0,0,0,3,1,6,2,49,8,1910,2,11,6,3,6
2017440245924,3,9,0,8,0,1,0,0,0,0,3,1,1,1,51,8,-1,-1,-1,-1,-1,-1
2017440246060,1,9,0,18,0,0,0,0,1,4,1,1,2,1,50,8,1969,2,1,8,1,8
2017440246215,1,20,0,5,0,8,0,0,0,0,3,1,1,1,34,6,2998,2,2,6,1,6
2017440246215,2,9,0,18,0,1,0,0,0,0,4,1,6,2,38,7,1388,1,4,8,3,8
2017440246257,1,9,0,9,0,8,0,0,0,0,1,1,2,1,55,8,1598,1,-1,10,1,10
2017440246257,2,9,0,18,0,8,0,0,0,0,3,1,2,1,46,8,1461,2,3,10,1,10
2017440246320,1,9,0,17,0,0,0,0,4,6,3,1,6,1,50,8,1686,2,3,7,3,7
2017440246609,1,5,0,18,0,0,1,0,0,0,0,1,2,2,35,6,599,1,17,10,1,10
2017440246637,1,9,0,16,0,0,1,0,0,1,3,1,1,1,36,7,-1,-1,-1,9,1,9
2017440246797,1,4,0,18,0,0,1,0,0,0,1,1,6,3,-1,-1,-1,-1,-1,-1,-1,-1
2017440246797,2,9,0,18,0,0,0,0,0,0,1,1,6,2,38,7,1600,2,12,1,1,1
2017440246912,1,9,0,5,0,8,0,0,0,0,3,1,1,1,28,6,1968,2,6,2,1,2
2017440246912,2,5,0,18,0,8,0,0,0,0,1,1,6,1,28,6,660,1,8,6,1,6
2017440247087,1,1,0,18,0,1,0,0,0,0,1,1,2,2,28,6,-1,-1,-1,7,1,7
2017440247087,2,9,0,9,0,8,0,0,0,0,3,1,1,1,-1,-1,-1,-1,-1,-1,-1,-1
2017440247133,1,9,0,18,0,0,0,0,0,0,1,1,6,1,42,7,1124,1,20,9,1,9
2017440247133,2,9,0,18,0,0,0,0,0,0,2,1,6,2,48,8,-1,-1,-1,10,1,10
2017440247181,1,9,0,18,0,1,0,0,0,0,0,1,6,3,-1,-1,1368,1,9,-1,-1,-1
2017440247181,2,9,0,18,0,1,0,0,0,0,3,1,6,1,23,5,1198,1,12,2,1,2
2017440247181,3,19,0,18,0,1,0,0,0,0,4,1,6,1,55,8,2148,2,7,9,1,9
2017440247203,1,5,0,18,0,0,0,0,0,0,0,1,6,1,30,6,649,1,9,5,1,5
2017440247579,1,9,0,18,0,8,0,0,0,0,3,1,2,2,52,8,1995,1,11,7,1,7
2017440247579,2,9,0,18,0,8,0,0,0,0,1,1,2,2,56,9,998,1,2,5,2,5
2017440247579,3,9,0,18,0,8,0,0,0,0,3,1,2,1,44,7,-1,-1,-1,8,1,8
2017440247579,4,9,0,18,0,8,0,0,0,0,3,1,2,1,77,11,2967,1,14,4,1,4
2017440247629,1,9,0,5,0,8,0,0,0,0,4,1,3,2,42,7,1998,8,2,10,1,10
2017440247629,2,9,0,18,0,8,0,0,0,0,1,1,3,1,49,8,2000,1,12,10,1,10
2017440247931,1,9,0,7,0,8,0,0,0,0,1,1,6,2,66,10,998,1,9,10,1,10
2017440247931,2,22,0,18,0,8,0,0,0,0,4,1,6,1,77,11,-1,-1,-1,4,1,4
2017440248602,1,11,0,18,0,8,0,0,0,0,4,1,6,1,21,5,9000,2,5,3,1,3
2017440248602,2,5,0,18,0,8,0,0,0,0,3,1,6,2,21,5,471,1,1,4,1,4
2017440248636,1,9,0,4,0,0,2,0,0,0,1,1,6,2,19,4,1490,1,10,4,1,4
2017440248636,2,9,0,4,0,0,0,0,0,0,2,1,6,1,68,10,2967,2,8,8,1,8
2017440249280,1,1,0,14,0,0,0,0,0,0,1,1,6,1,13,3,-1,-1,-1,5,1,5
2017440249280,2,9,0,3,0,0,0,0,0,0,3,1,6,3,-1,-1,-1,-1,-1,-1,-1,-1
2017440249334,1,9,0,18,0,2,0,0,0,0,1,1,6,3,-1,-1,-1,-1,-1,-1,-1,-1
2017440249334,2,1,0,18,0,2,0,0,0,0,2,1,6,1,44,7,-1,-1,-1,1,1,1
2017440249493,1,2,0,18,0,1,0,0,0,0,1,1,2,1,46,8,49,1,-1,10,1,10
2017440249493,2,9,0,9,0,8,0,0,0,0,3,1,6,1,-1,-1,998,1,10,-1,-1,-1
2017440249775,1,19,0,10,0,1,0,0,0,0,2,1,1,1,37,7,1598,2,2,9,1,9
2017440249775,2,9,0,4,0,1,0,0,0,0,2,1,6,2,47,8,1598,2,1,9,3,9
2017440249775,3,19,0,18,0,1,0,0,0,0,1,1,1,1,27,6,2143,2,6,10,1,10
2017440249849,1,9,0,4,0,0,0,0,0,0,0,1,6,1,56,9,1968,2,1,7,1,7
2017440249849,2,9,0,4,0,0,0,0,0,0,2,1,6,2,51,8,1391,1,18,7,1,7
2017440249849,3,9,0,4,0,0,0,0,0,0,1,1,6,1,29,6,2494,2,14,5,3,5
2017440249984,1,9,0,4,0,4,0,0,0,0,1,1,6,2,25,5,1596,1,10,8,1,8
2017440249984,2,9,0,18,0,4,0,0,0,0,2,1,6,2,19,4,1364,2,9,9,3,9
2017440250034,1,9,0,2,0,0,0,0,0,0,1,1,6,2,31,6,1242,1,5,3,1,3
2017440250034,2,1,0,14,0,0,0,4,0,0,1,1,6,1,33,6,-1,-1,-1,3,1,3
2017440250087,1,8,0,18,0,8,0,0,0,0,3,1,1,1,56,9,-1,-1,-1,3,1,3
2017440250087,2,9,0,9,0,8,0,0,0,0,3,1,1,3,-1,-1,1798,8,1,-1,-1,-1
2017440250087,3,9,0,16,0,8,0,0,0,0,1,1,6,1,21,5,1799,1,11,2,1,2
2017440250262,1,11,0,7,0,1,0,0,1,0,4,1,6,3,-1,-1,-1,-1,-1,-1,-1,-1
2017440250672,1,9,0,18,0,0,1,0,1,0,1,1,6,1,29,6,1995,2,6,7,1,7
2017440250672,2,9,0,18,0,0,2,0,2,7,2,1,6,1,35,6,2792,1,19,2,1,2
2017440250981,1,9,0,18,0,1,0,0,0,0,2,1,6,1,31,6,1248,2,8,3,1,3
2017440250981,2,9,0,18,0,1,0,0,0,0,1,1,6,3,-1,-1,2993,2,4,-1,-1,-1
2017440250981,3,9,0,18,0,1,0,0,0,0,2,1,6,2,31,6,1749,1,15,6,1,6