Accident_Index,Vehicle_Reference,Vehicle_Type,Towing_and_Articulation,Vehicle_Manoeuvre,Vehicle_Location-Restricted_Lane,Junction_Location,Skidding_and_Overturning,Hit_Object_in_Carriageway,Vehicle_Leaving_Carriageway,Hit_Object_off_Carriageway,1st_Point_of_Impact,Was_Vehicle_Left_Hand_Drive?,Journey_Purpose_of_Driver,Sex_of_Driver,Age_of_Driver,Age_Band_of_Driver,Engine_Capacity_(CC),Propulsion_Code,Age_of_Vehicle,Driver_IMD_Decile,Driver_Home_Area_Type,Vehicle_IMD_Decile
2017440283161,2,1,0,18,0,0,0,0,0,0,1,1,6,1,31,6,-1,-1,-1,9,1,9
2017440283260,1,9,0,4,0,0,0,0,0,0,2,1,6,1,68,10,1560,2,4,8,1,8
2017440283260,2,9,0,4,0,0,0,0,0,0,2,1,6,1,20,4,2000,1,8,10,1,10
2017440283260,3,9,0,4,0,0,0,0,0,0,2,1,6,1,45,7,2967,2,11,9,3,9
2017440283260,4,9,0,4,0,0,0,0,0,0,2,1,6,2,19,4,796,1,13,10,1,10
2017440283630,1,9,0,18,0,1,0,0,7,10,1,1,6,2,36,7,1995,1,6,8,3,8
2017440283805,1,9,0,18,0,0,2,0,1,4,1,1,2,1,58,9,2268,2,5,8,1,8
2017440283829,1,9,0,18,0,8,0,0,7,2,4,1,1,1,33,6,-1,-1,-1,5,1,5
2017440283829,2,9,0,18,0,8,0,0,0,0,1,1,1,2,66,10,1229,1,8,7,3,7
2017440283838,1,3,0,17,0,0,0,0,0,0,1,1,2,2,22,5,125,1,-1,6,3,6
2017440283926,1,19,0,16,0,0,0,0,8,2,4,1,3,1,36,7,-1,-1,-1,4,1,4
2017440283934,1,9,0,18,0,1,5,4,0,0,4,1,6,1,24,5,1968,2,10,-1,-1,-1
2017440283934,2,9,0,2,0,2,0,0,0,0,1,1,6,2,50,8,1598,2,7,3,1,3
2017440283934,3,9,0,2,0,1,0,0,0,0,2,1,6,2,51,8,1997,2,11,7,1,7
2017440284083,1,9,0,8,0,1,0,0,0,0,2,1,6,2,51,8,1995,1,10,8,1,8
2017440284083,2,19,0,8,0,1,0,0,0,0,1,1,6,1,-1,-1,1968,2,4,10,1,10
2017440284086,1,19,0,10,0,8,0,0,0,0,2,1,1,1,35,6,1598,2,1,3,1,3
2017440284086,2,9,0,18,0,8,0,0,0,0,1,1,6,2,73,10,1560,2,7,10,1,10
2017440284316,1,5,0,3,0,0,0,0,0,0,2,1,2,1,37,7,689,1,2,7,1,7
2017440284316,2,19,0,18,0,0,0,0,0,0,1,1,1,1,25,5,2402,2,14,7,3,7
2017440284448,1,9,0,9,0,8,0,0,0,0,1,1,1,2,48,8,1242,1,5,4,1,4
2017440284448,2,19,0,18,0,8,0,0,0,0,4,1,6,3,-1,-1,-1,-1,-1,-1,-1,-1
2017440284617,1,9,0,18,0,1,0,0,0,0,1,1,6,2,78,11,1598,1,6,9,1,9
2017440284672,1,9,0,7,0,8,0,0,0,0,1,1,6,1,43,7,2664,2,18,8,2,8
2017440284672,2,1,0,18,0,8,0,0,0,0,1,1,2,1,26,6,-1,-1,-1,-1,-1,-1
2017440284686,1,9,0,18,0,8,0,0,0,0,1,1,6,2,60,9,1997,2,7,4,2,4
2017440284686,2,9,0,9,0,8,0,0,0,0,1,1,6,1,35,6,2148,2,13,6,3,6
2017440284770,1,9,0,9,0,8,0,0,0,0,3,1,6,2,36,7,1997,2,2,1,1,1
2017440284770,2,3,0,13,0,8,0,0,0,0,4,1,6,1,20,4,125,1,3,3,1,3
2017440285132,1,9,0,18,0,0,1,0,7,0,1,1,6,3,-1,-1,1797,8,4,-1,-1,-1
2017440285132,2,9,0,18,0,0,1,0,0,0,1,1,6,2,39,7,1595,1,13,3,1,3
2017440285448,1,9,0,5,0,8,0,0,0,0,1,1,6,1,80,11,1199,1,17,4,1,4
2017440285448,2,4,0,18,0,8,0,0,0,0,2,1,6,1,52,8,398,1,10,4,2,4
2017440285475,1,9,0,18,0,8,0,0,0,0,1,1,1,2,53,8,-1,-1,-1,5,1,5
2017440285475,2,9,0,9,0,8,0,0,0,0,2,1,1,2,55,8,1598,1,9,6,1,6
2017440285670,1,9,0,9,0,8,0,0,0,0,4,1,6,2,70,10,898,1,-1,9,1,9
2017440285670,2,9,0,18,0,8,0,0,0,0,1,1,6,1,36,7,1990,1,25,2,1,2
2017440285672,1,19,0,7,0,8,0,0,0,0,1,1,1,1,39,7,2198,2,1,10,1,10
2017440285672,2,1,0,18,5,8,0,0,0,0,1,1,1,1,34,6,-1,-1,-1,10,1,10
2017440285879,1,9,0,1,0,0,0,0,0,0,2,1,6,2,23,5,1596,1,6,9,1,9
2017440285879,2,19,0,17,0,0,0,0,0,0,1,1,6,3,-1,-1,-1,-1,-1,-1,-1,-1
2017440285938,1,9,0,3,0,2,0,0,0,0,2,1,6,2,25,5,1299,1,14,9,2,9
2017440285938,2,9,0,3,0,2,0,0,0,0,2,1,6,2,55,8,1596,1,11,6,1,6
2017440285938,3,19,0,18,0,2,0,0,0,0,1,1,6,1,38,7,2402,2,11,5,1,5
2017440286028,1,9,0,7,0,8,0,0,0,0,4,1,6,1,72,10,-1,-1,-1,5,1,5
2017440286028,2,1,0,18,0,8,0,0,0,0,1,1,2,1,41,7,-1,-1,-1,3,1,3
2017440286163,1,9,0,18,0,1,1,0,0,0,1,1,1,2,44,7,2495,2,32,5,1,5
2017440286163,2,9,0,18,0,8,1,0,0,0,1,1,6,1,58,9,-1,-1,-1,10,1,10
2017440286259,1,1,0,15,0,8,1,0,0,0,1,1,1,1,39,7,-1,-1,-1,2,1,2
2017440286259,2,9,0,9,0,8,0,0,0,0,1,1,6,2,50,8,1360,1,10,10,1,10
2017440286386,1,9,0,18,0,8,0,10,7,11,1,1,6,1,36,7,1598,1,10,2,1,2
2017440286427,1,9,0,5,0,0,0,0,0,0,1,1,6,3,-1,-1,-1,-1,-1,-1,-1,-1
2017440286427,2,9,0,5,0,0,0,0,0,0,2,1,1,1,32,6,-1,-1,-1,8,2,8
2017440286734,1,9,0,18,0,0,0,0,1,3,1,1,6,2,19,4,1149,1,18,10,2,10
2017440286827,1,3,0,15,0,2,0,0,0,0,1,1,2,1,34,6,-1,-1,-1,-1,-1,-1
2017440286924,1,3,0,16,0,0,0,0,0,0,4,1,6,1,19,4,124,1,2,7,3,7
2017440287613,1,9,0,18,0,0,0,0,0,0,3,1,6,2,46,8,1395,1,-1,7,1,7
2017440287613,2,9,0,18,0,0,1,0,0,0,3,1,6,2,34,6,1997,2,1,10,1,10
2017440287718,1,9,0,8,0,1,0,0,0,0,2,1,6,2,44,7,1948,1,14,6,1,6
2017440287718,2,9,0,4,0,1,0,0,0,0,1,1,6,3,-1,-1,-1,-1,-1,-1,-1,-1
2017440288286,1,9,0,16,0,8,0,0,2,7,1,1,6,2,20,4,1299,1,13,10,1,10
2017440288532,1,9,0,16,0,1,0,0,7,4,1,1,1,1,36,7,-1,-1,-1,3,1,3
2017440288532,2,9,0,10,0,1,0,0,0,0,2,1,1,2,30,6,1968,2,10,8,1,8
2017440288532,3,9,0,17,0,1,0,0,7,11,3,1,1,1,51,8,2496,2,15,9,1,9
2017440288867,1,9,0,1,0,2,0,0,0,0,2,1,6,1,64,9,1995,2,2,7,1,7
2017440289297,1,9,0,5,0,8,0,0,0,0,3,1,6,2,42,7,1998,1,15,1,1,1
2017440289297,2,9,0,18,0,1,0,0,0,0,1,1,6,1,33,6,-1,-1,-1,1,1,1
2017440289298,1,3,0,18,0,1,0,0,0,0,4,1,6,1,20,4,124,1,19,3,1,3
2017440289298,2,9,0,18,0,8,0,0,0,0,1,1,6,1,73,10,1991,2,10,3,1,3
2017440289423,1,9,0,1,0,1,0,0,0,0,2,1,6,2,66,10,1229,1,2,8,1,8
2017440289423,2,9,0,18,0,1,0,0,0,0,1,1,6,2,49,8,1390,1,18,3,1,3
2017440289565,1,9,0,18,0,0,0,0,0,0,1,1,6,1,45,7,-1,-1,-1,3,1,3
2017440289584,1,5,0,18,0,0,0,0,0,0,1,1,2,1,61,9,1050,1,5,3,1,3
2017440289584,2,9,0,4,0,0,0,0,0,0,1,1,6,1,-1,-1,1968,2,10,4,1,4
2017440289584,3,9,0,4,0,0,0,0,0,0,2,1,2,1,46,8,1395,1,3,9,1,9
2017440289752,1,9,0,6,0,8,0,0,0,0,1,1,6,2,17,4,1198,1,2,10,2,10
2017440289752,2,9,0,18,0,8,0,0,0,0,1,1,6,1,27,6,1149,1,13,8,3,8
2017440290135,1,9,0,13,0,8,0,0,0,0,3,1,2,1,38,7,1997,2,16,6,1,6
2017440290135,2,1,0,18,0,8,0,0,0,0,4,1,6,1,17,4,-1,-1,-1,4,1,4
2017440290148,1,9,0,7,0,0,0,0,1,0,1,1,6,2,38,7,1598,1,10,4,1,4
2017440290588,1,9,0,5,0,0,0,0,0,0,1,1,6,2,72,10,1399,2,7,3,1,3
2017440290588,2,9,0,4,0,0,0,0,0,0,2,1,6,2,48,8,1527,2,17,2,1,2
2017440290613,1,9,0,9,0,8,0,0,0,0,3,1,6,1,27,6,1398,1,7,7,1,7
2017440290613,2,9,0,9,0,8,0,0,0,0,3,1,6,1,48,8,-1,-1,-1,10,1,10
2017440290627,1,1,0,18,0,8,0,0,0,0,0,1,6,1,57,9,-1,-1,-1,2,1,2
2017440290663,1,2,0,16,0,2,0,0,0,0,1,1,6,1,16,4,50,1,-1,10,1,10
2017440290715,1,1,0,14,0,0,0,0,0,0,1,1,2,1,33,6,-1,-1,-1,5,1,5
2017440290715,2,9,0,2,0,0,0,0,0,0,3,1,2,1,53,8,-1,-1,-1,9,1,9
2017440290773,1,9,0,18,0,2,0,0,0,0,1,1,6,3,-1,-1,-1,-1,-1,-1,-1,-1
2017440290773,2,9,0,18,0,2,0,0,0,0,2,1,6,2,47,8,1339,1,11,7,1,7
2017440290918,1,9,0,7,0,8,0,0,7,11,3,1,2,1,22,5,1995,2,14,9,1,9
2017440290925,1,9,0,5,0,8,0,0,0,0,3,1,2,1,38,7,-1,-1,-1,3,1,3
2017440290925,2,9,0,18,0,8,0,0,0,0,1,1,1,1,21,5,-1,-1,-1,3,1,3
2017440291107,1,9,0,18,0,0,0,0,0,0,3,1,6,2,26,6,1999,1,11,4,1,4
2017440291573,1,5,0,9,0,0,0,0,1,10,1,1,6,1,69,10,500,1,61,9,1,9
2017440291601,1,1,0,18,0,8,0,0,0,0,3,1,6,2,30,6,-1,-1,-1,5,1,5
2017440291601,2,9,0,7,0,8,0,0,0,0,1,1,6,1,55,8,1995,2,3,7,1,7
2017440291863,1,19,0,9,0,8,0,0,0,0,1,1,6,1,52,8,2477,2,14,8,1,8
2017440291863,2,2,0,18,0,8,0,0,0,0,1,1,6,1,69,10,-1,-1,-1,8,3,8
2017440291963,1,19,0,18,0,8,0,0,0,0,1,1,1,1,60,9,1560,2,5,5,1,5
2017440291963,2,9,0,18,0,8,0,0,0,0,2,1,6,2,55,8,1596,1,1,5,1,5
2017440292106,1,9,0,18,0,8,0,0,0,0,1,1,6,2,22,5,1988,1,16,7,3,7
2017440292106,2,9,0,9,0,8,0,0,0,0,2,1,6,1,59,9,1299,1,11,8,1,8
2017440292174,1,9,0,9,0,8,0,0,0,0,1,1,6,2,39,7,-1,-1,-1,7,1,7
2017440292174,2,9,0,18,0,8,0,0,0,0,1,1,6,2,35,6,1242,1,12,9,1,9
2017440292573,1,9,0,6,0,0,0,0,0,10,1,1,6,1,45,7,-1,-1,-1,3,1,3
2017440292573,2,9,0,18,0,0,1,0,1,11,1,1,6,1,18,4,1598,2,6,4,1,4
2017440292632,1,11,0,5,0,0,0,0,0,0,0,1,1,2,46,8,-1,-1,-1,2,1,2
2017440292807,1,9,0,12,0,0,0,0,0,0,0,1,6,1,60,9,1997,2,5,-1,-1,-1
2017440292807,2,3,0,15,0,0,0,10,0,0,3,1,6,1,27,6,125,1,-1,9,1,9
2017440292834,1,9,0,8,0,1,0,0,0,0,2,1,6,1,47,8,1999,2,1,10,1,10
2017440292834,2,9,0,8,0,1,0,0,0,0,1,1,6,2,65,9,1197,1,-1,-1,-1,-1
2017440292991,1,5,0,13,0,0,0,0,0,0,1,1,6,1,25,5,999,1,1,9,1,9
2017440292991,2,9,0,18,0,0,0,0,0,0,2,1,6,1,73,10,1498,1,7,9,1,9
2017440292991,3,9,0,18,0,0,0,0,0,0,1,1,6,1,75,10,1997,2,8,8,1,8
2017440293115,1,9,0,18,0,0,0,0,0,0,1,1,6,1,23,5,998,1,3,4,1,4
2017440293232,1,19,0,12,0,8,0,0,0,0,3,1,6,1,44,7,1995,2,8,1,1,1
2017440293232,2,9,0,18,0,8,0,0,0,0,4,1,6,2,44,7,-1,-1,-1,9,1,9
2017440293265,1,9,0,18,0,1,0,0,0,0,1,1,6,1,48,8,1997,2,6,7,1,7
2017440293265,2,9,0,18,0,2,0,0,0,0,1,1,6,2,40,7,1590,1,14,10,1,10
2017440293270,1,9,0,4,0,0,0,0,0,0,2,1,6,1,27,6,3199,1,15,5,1,5
2017440293270,2,9,0,18,0,0,1,0,0,0,1,1,6,1,23,5,998,1,17,5,3,5
2017440293416,1,9,0,9,0,8,0,0,0,0,3,1,6,1,64,9,1796,1,16,6,1,6
2017440293416,2,1,0,18,0,8,0,0,0,0,1,1,6,1,40,7,-1,-1,-1,9,1,9
2017440293456,1,9,0,9,0,8,1,0,0,0,1,1,6,1,17,4,1400,1,11,8,3,8
2017440293456,2,9,0,18,0,8,1,0,0,0,1,1,6,1,65,9,1400,1,11,9,2,9
2017440293498,1,3,0,9,0,8,0,0,0,0,2,1,6,1,18,4,125,1,-1,2,1,2
2017440293498,2,9,0,18,0,8,0,0,0,0,1,1,6,1,42,7,1910,2,12,7,1,7
2017440293954,1,9,0,18,0,0,0,0,0,0,2,1,6,2,51,8,995,1,12,4,1,4
2017440293954,2,9,0,18,0,0,0,0,0,0,1,1,6,1,60,9,1198,1,12,10,3,10
2017440294153,1,9,0,2,0,0,0,0,0,0,3,1,6,2,30,6,1229,1,12,6,1,6
2017440294153,2,9,0,16,0,0,0,0,0,0,1,1,6,2,21,5,-1,-1,-1,10,2,10
2017440294455,1,3,0,10,0,1,0,0,0,0,2,1,6,1,18,4,125,1,3,7,3,7
2017440294455,2,9,0,9,0,1,0,0,0,0,1,1,6,2,81,11,1339,1,9,10,1,10
2017440294491,1,9,0,18,0,2,0,0,0,0,1,1,6,2,43,7,1598,1,3,10,1,10
2017440294491,2,9,0,18,0,1,0,0,7,0,1,1,6,2,30,6,2967,1,7,9,1,9
2017440294596,1,9,0,9,0,8,0,0,0,0,1,1,6,2,34,6,1596,1,11,2,1,2
2017440294596,2,9,0,17,0,8,5,0,7,3,1,1,6,1,19,4,1596,1,3,9,1,9
2017440294629,1,9,0,18,0,1,0,0,0,0,1,1,6,1,67,10,1398,1,3,5,1,5
2017440294779,1,9,0,3,0,1,0,0,0,0,2,1,6,2,47,8,2231,2,9,6,1,6
2017440294779,2,9,0,18,0,1,0,0,0,0,1,1,6,2,71,10,2148,2,9,6,1,6
2017440294808,1,9,0,11,0,1,0,0,0,0,0,1,6,3,-1,-1,-1,-1,-1,-1,-1,-1
2017440294808,2,9,0,12,0,1,0,0,0,0,1,1,2,1,58,9,1200,1,4,8,1,8
2017440294808,3,9,0,18,0,1,0,0,0,0,2,1,2,1,28,6,1968,2,6,6,3,6
2017440294941,1,9,0,2,0,2,0,0,0,0,3,1,6,1,20,4,1198,1,15,6,1,6
2017440294941,2,9,0,9,0,2,0,0,0,0,4,1,6,3,-1,-1,-1,-1,-1,-1,-1,-1
2017440295617,1,9,0,9,0,8,0,0,0,0,1,1,6,2,78,11,1364,1,8,10,3,10
2017440295617,2,9,0,18,0,8,0,9,0,0,3,1,6,1,89,11,1998,1,20,10,2,10
2017440295704,1,9,0,18,0,0,0,0,0,0,1,1,6,1,34,6,1596,1,12,9,1,9
2017440295809,1,21,1,18,0,1,0,0,0,0,1,1,1,1,54,8,11120,2,2,6,1,6
2017440295809,2,9,0,9,0,1,0,0,0,0,2,1,1,1,29,6,-1,-1,-1,1,1,1
2017440295878,1,9,0,18,0,0,0,4,0,0,1,1,6,2,90,11,998,1,10,10,1,10
2017440295878,2,19,0,2,0,0,0,0,0,0,2,1,6,1,-1,-1,1995,2,8,-1,-1,-1
2017440296053,1,19,0,1,0,0,0,0,0,0,2,1,1,1,40,7,1968,2,13,4,1,4
2017440296137,1,9,0,4,0,1,1,0,0,0,1,1,6,2,56,9,1956,2,3,10,1,10
2017440296137,2,9,0,18,0,1,0,0,0,0,2,1,6,1,46,8,1998,1,12,4,1,4
2017440296137,3,5,0,10,0,1,0,0,0,0,0,1,6,1,61,9,897,1,4,10,1,10
2017440296230,1,9,0,18,0,8,0,0,0,0,1,1,1,2,58,9,1968,2,8,2,1,2
2017440296230,2,9,0,9,0,8,0,0,0,0,3,1,1,1,67,10,1968,2,8,10,1,10
2017440296233,1,9,0,18,0,0,0,0,0,0,1,1,2,1,21,5,1400,1,18,7,1,7
2017440296260,1,9,0,3,0,0,0,0,0,0,2,1,6,1,45,7,1296,1,10,3,1,3
2017440296260,2,19,0,18,0,0,1,0,1,0,1,1,1,1,27,6,1870,2,12,5,1,5
2017440296271,1,9,0,9,0,8,0,0,0,0,1,1,6,1,52,8,1968,2,9,7,1,7
2017440296271,2,1,0,17,0,8,0,0,0,0,1,1,6,2,34,6,-1,-1,-1,5,3,5
2017440296542,1,9,0,18,0,8,0,0,0,0,1,1,6,1,25,5,1951,2,11,10,2,10
2017440296542,2,5,0,18,0,8,0,0,0,0,3,1,6,1,56,9,1000,1,15,10,1,10
2017440296559,1,9,0,5,0,8,0,0,0,0,1,1,6,2,40,7,996,1,1,10,1,10
2017440296559,2,9,0,5,0,8,0,0,0,0,2,1,6,3,-1,-1,1396,1,6,-1,-1,-1
2017440296789,1,9,5,18,0,0,2,0,0,0,3,1,2,1,60,9,-1,-1,-1,10,1,10
2017440297491,1,9,0,18,0,2,0,0,0,0,2,1,6,3,-1,-1,1598,2,2,-1,-1,-1
2017440297491,2,2,0,18,0,2,1,0,0,0,1,1,2,1,30,6,49,1,11,3,1,3
2017440297572,1,3,0,9,0,8,1,0,0,0,0,1,6,2,56,9,108,1,3,3,1,3
2017440297597,1,9,0,5,0,8,0,0,0,0,4,1,6,2,27,6,1598,1,5,6,1,6
2017440297597,2,9,0,18,0,8,0,0,0,0,1,1,6,2,33,6,2000,2,11,4,1,4
2017440297610,1,19,0,9,0,8,0,0,0,0,4,1,2,1,37,7,1248,2,2,2,1,2
2017440297610,2,1,0,18,0,8,0,0,0,0,1,1,2,1,52,8,-1,-1,-1,8,1,8
2017440297632,1,9,0,5,0,0,0,0,0,0,1,1,6,2,40,7,1995,1,14,10,1,10
2017440297680,1,1,0,18,0,8,0,0,0,0,1,1,6,1,29,6,-1,-1,-1,7,1,7
2017440297680,2,9,0,9,0,8,0,0,0,0,4,1,6,1,83,11,1242,1,-1,-1,-1,-1
2017440297708,1,9,0,17,0,8,0,0,0,0,1,1,6,1,73,10,1753,2,15,8,1,8
2017440297708,2,1,0,5,0,8,0,0,0,0,2,1,6,1,31,6,-1,-1,-1,4,1,4
2017440297717,1,9,0,18,0,0,0,0,0,0,1,1,6,2,29,6,1198,1,15,4,1,4
2017440297717,2,1,0,18,0,0,0,0,0,0,3,1,6,2,6,2,-1,-1,-1,6,3,6
2017440297746,1,9,0,18,0,0,1,0,1,9,0,1,2,2,21,5,1242,1,8,6,1,6
2017440297757,1,9,0,18,0,8,0,0,0,0,3,1,1,1,40,7,1598,2,5,2,1,2
2017440297757,2,9,0,18,0,8,0,0,0,0,1,1,6,2,36,7,1685,2,5,1,1,1
2017440297969,1,9,0,18,0,8,0,0,0,0,1,1,6,2,61,9,1995,1,12,1,1,1
2017440297969,2,9,0,18,0,8,0,0,0,0,4,1,6,1,66,10,1229,1,2,7,1,7
2017440298131,1,9,0,16,0,0,1,0,1,1,1,1,2,1,35,6,1995,2,8,5,1,5
2017440298225,1,9,0,16,0,0,1,0,7,0,1,1,6,2,56,9,1968,2,1,3,1,3
2017440298225,2,9,0,17,0,0,0,0,0,0,1,1,6,1,21,5,1896,2,9,4,1,4
2017440298249,1,17,0,5,0,8,0,0,0,0,0,1,1,1,-1,-1,-1,2,24,-1,-1,-1
2017440298249,2,1,0,4,0,8,0,0,0,0,2,1,6,1,46,8,-1,-1,-1,6,3,6
2017440298249,3,1,0,4,0,8,0,0,0,0,1,1,6,1,24,5,-1,-1,-1,10,1,10
2017440298255,1,9,0,4,0,0,0,0,0,0,2,1,1,2,59,9,2191,2,1,4,1,4
2017440298255,2,3,0,18,0,0,1,0,0,0,1,1,2,1,18,4,125,1,1,1,1,1
2017440298398,1,19,0,17,0,0,5,0,1,9,1,1,1,1,39,7,2300,2,12,1,1,1
2017440298404,1,9,0,18,0,0,0,0,0,0,4,1,6,1,73,10,1396,1,6,10,2,10
2017440298483,1,9,0,2,0,0,0,0,0,0,3,1,6,2,-1,-1,1248,2,12,-1,-1,-1
2017440298483,2,9,0,18,0,0,0,4,0,0,1,1,6,1,71,10,1248,2,12,10,1,10
2017440298597,1,9,0,18,0,8,0,0,3,11,1,1,6,2,50,8,1200,1,-1,3,1,3
2017440298903,1,3,0,18,0,8,0,0,0,0,0,1,1,1,24,5,124,1,3,2,1,2
2017440298903,2,9,0,9,0,8,0,0,0,0,0,1,6,3,-1,-1,1598,1,10,-1,-1,-1
2017440298966,1,9,0,18,0,1,0,0,0,0,4,1,6,3,-1,-1,-1,-1,-1,-1,-1,-1
2017440298970,1,1,0,18,0,1,0,0,0,0,4,1,6,1,36,7,-1,-1,-1,9,1,9
2017440298970,2,9,0,18,0,1,0,0,0,0,3,1,6,1,-1,-1,1339,1,4,-1,-1,-1
2017440299011,1,9,0,3,0,8,0,0,0,0,3,1,6,2,73,10,1328,1,15,7,2,7
2017440299011,2,19,0,14,0,8,0,0,0,0,1,1,6,3,-1,-1,4250,2,10,-1,-1,-1
2017440299066,1,3,0,18,0,8,0,0,0,0,1,1,6,1,19,4,-1,-1,-1,2,1,2
2017440299066,2,9,0,9,0,8,0,0,0,0,3,1,6,2,68,10,1995,2,6,2,1,2
2017440299220,1,9,0,2,0,2,0,0,0,0,1,1,6,1,25,5,1560,2,12,9,1,9
2017440299637,1,9,0,9,0,8,0,0,0,0,3,1,2,1,36,7,1461,2,11,7,1,7
2017440299637,2,1,0,18,0,8,0,0,0,0,1,1,2,1,31,6,-1,-1,-1,7,1,7
2017440299822,1,1,0,18,0,8,0,0,0,0,3,1,6,1,32,6,-1,-1,-1,9,1,9
2017440299822,2,9,0,9,0,8,0,0,0,0,4,1,6,3,-1,-1,1242,1,17,-1,-1,-1
2017440299966,1,9,0,18,0,0,0,0,7,0,1,1,6,2,38,7,2967,2,2,-1,-1,-1
2017440299966,2,9,0,18,0,0,0,0,0,0,1,1,6,1,78,11,998,1,2,8,1,8
2017440299966,3,9,0,18,0,0,0,0,1,0,3,1,6,2,22,5,1199,1,13,7,1,7
2017440299966,4,9,0,18,0,0,0,0,1,0,3,1,6,2,72,10,1461,2,5,7,1,7
2017440299999,1,9,0,7,0,8,0,0,0,0,4,1,6,1,25,5,1461,2,-1,6,1,6
2017440299999,2,1,0,18,0,8,0,0,0,0,3,1,2,1,46,8,-1,-1,-1,4,1,4
2017440300021,1,9,0,16,0,2,1,0,7,0,1,1,6,1,20,4,1124,1,16,5,1,5
2017440300021,2,9,0,17,0,1,0,0,0,0,3,1,6,2,51,8,1968,2,3,10,2,10
2017440300478,1,9,0,9,0,8,0,0,0,0,3,1,6,2,77,11,1196,1,25,7,2,7
2017440300478,2,19,0,17,0,8,0,0,0,0,1,1,2,1,50,8,1753,2,8,4,1,4
2017440300480,1,9,0,18,0,8,0,0,0,0,1,1,2,1,17,4,1390,1,16,10,1,10
2017440300480,2,9,0,9,0,8,0,0,7,3,2,1,6,2,56,9,1390,1,10,8,1,8
2017440300504,1,9,0,18,0,8,0,0,0,0,1,1,2,1,54,8,999,1,2,8,1,8
2017440300504,2,1,0,17,0,8,0,0,0,0,4,1,6,1,44,7,-1,-1,-1,-1,-1,-1
2017440300875,1,19,0,18,0,0,0,0,0,0,1,1,2,1,47,8,2198,2,6,-1,-1,-1
2017440300875,2,9,0,18,0,0,0,0,0,0,2,1,6,2,19,4,1242,1,2,4,1,4
2017440300875,3,9,0,18,0,0,0,0,0,0,2,1,6,2,46,8,1596,1,8,7,1,7
2017440301296,1,9,0,12,0,0,2,0,2,7,1,1,6,2,26,6,1124,1,13,4,1,4
2017440301332,1,9,0,5,0,8,0,0,0,0,3,1,6,1,46,8,2488,2,11,8,1,8
2017440301332,2,1,0,5,0,8,0,0,0,0,4,1,6,1,39,7,-1,-1,-1,9,1,9
2017440301372,1,11,0,4,0,0,0,0,0,0,0,1,1,1,49,8,5132,2,2,1,1,1
2017440301446,1,1,0,18,0,0,0,0,0,0,1,1,6,1,38,7,-1,-1,-1,7,1,7
2017440301446,2,9,0,18,0,0,0,0,0,0,1,1,6,2,69,10,1596,1,13,4,1,4
2017440301456,1,9,0,11,0,0,5,0,1,1,1,1,6,2,24,5,1399,1,14,7,1,7
2017440301504,1,19,0,4,0,0,0,0,0,0,2,1,6,3,-1,-1,2198,2,5,-1,-1,-1
2017440301504,2,9,0,18,0,0,1,0,0,0,1,1,6,1,26,6,1124,1,17,4,1,4
2017440301573,1,9,0,18,0,8,0,0,0,0,1,1,6,1,46,8,2400,2,8,8,3,8
2017440301573,2,9,0,18,0,8,0,0,0,0,3,1,6,1,79,11,1349,1,6,8,1,8
2017440301671,1,19,0,4,0,0,0,0,0,0,1,1,6,1,33,6,1968,2,1,-1,-1,-1
2017440301671,2,9,0,4,0,0,0,0,0,0,2,1,6,2,35,6,1798,1,10,3,1,3
2017440301671,3,9,0,4,0,0,0,0,0,0,2,1,6,1,47,8,1597,2,1,9,1,9
2017440301671,4,9,0,4,0,0,0,0,0,0,2,1,6,1,48,8,1597,2,1,9,1,9
2017440301671,5,19,0,4,0,0,0,0,0,0,2,1,6,2,52,8,1686,2,16,8,1,8
2017440301703,1,9,0,17,0,0,0,0,0,0,1,1,6,1,44,7,-1,-1,-1,10,1,10
2017440301703,2,9,0,16,0,0,0,0,0,0,1,1,6,1,47,8,1988,1,1,10,1,10
2017440301796,1,3,0,18,0,1,0,0,0,0,2,1,6,1,16,4,125,1,1,5,1,5
2017440301796,2,9,0,18,0,1,0,0,0,0,1,1,6,2,-1,-1,2198,1,11,-1,-1,-1
2017440301873,1,11,0,4,0,1,0,0,0,0,0,1,1,3,-1,-1,4461,2,2,-1,-1,-1
2017440301895,1,9,0,9,0,8,0,0,0,0,0,1,1,1,24,5,1229,1,4,10,1,10
2017440301895,2,1,0,18,0,8,1,0,0,0,0,1,6,1,52,8,-1,-1,-1,7,1,7
2017440301986,1,9,0,9,0,8,0,0,0,0,1,1,6,2,32,6,1587,1,10,7,1,7
2017440301986,2,9,0,18,0,8,0,0,0,0,1,1,1,2,27,6,1995,2,6,6,1,6
2017440302029,1,9,0,9,0,8,0,0,0,0,1,1,6,1,53,8,1242,1,8,10,1,10
2017440302029,2,5,0,18,0,8,0,0,1,2,3,1,2,1,19,4,645,1,17,7,2,7
2017440302135,1,9,0,18,0,0,0,0,7,4,4,1,6,1,18,4,1388,1,13,10,3,10
2017440302232,1,8,0,18,0,8,0,0,0,0,1,1,1,3,-1,-1,-1,-1,-1,-1,-1,-1
2017440302241,1,9,0,18,0,2,0,0,0,0,1,1,6,1,19,4,1199,1,14,8,1,8