Accident_Index,Vehicle_Reference,Vehicle_Type,Towing_and_Articulation,Vehicle_Manoeuvre,Vehicle_Location-Restricted_Lane,Junction_Location,Skidding_and_Overturning,Hit_Object_in_Carriageway,Vehicle_Leaving_Carriageway,Hit_Object_off_Carriageway,1st_Point_of_Impact,Was_Vehicle_Left_Hand_Drive?,Journey_Purpose_of_Driver,Sex_of_Driver,Age_of_Driver,Age_Band_of_Driver,Engine_Capacity_(CC),Propulsion_Code,Age_of_Vehicle,Driver_IMD_Decile,Driver_Home_Area_Type,Vehicle_IMD_Decile
2017440302600,1,9,0,7,0,8,0,0,0,0,0,1,6,2,88,11,1240,1,12,8,3,8
2017440302600,2,1,0,18,0,8,0,0,0,0,3,1,6,1,53,8,-1,-1,-1,10,1,10
2017440302720,1,9,0,18,0,0,0,0,0,0,1,1,6,2,34,6,1598,1,10,-1,-1,-1
2017440302720,2,9,0,6,0,0,0,0,0,0,3,1,6,3,-1,-1,1598,2,-1,-1,-1,-1
2017440302740,1,5,0,5,0,1,0,0,0,0,1,1,6,1,69,10,599,1,15,6,1,6
2017440302740,2,9,0,5,0,1,0,0,0,0,2,1,6,2,58,9,1998,2,7,-1,-1,-1
2017440302779,1,9,0,18,0,8,0,0,0,0,1,1,6,2,19,4,1299,1,10,9,2,9
2017440302779,2,9,0,10,0,8,0,0,0,0,2,1,6,2,25,5,1124,1,13,5,2,5
2017440302782,1,9,0,13,0,0,0,0,0,0,4,1,6,1,78,11,1422,2,1,8,1,8
2017440302782,2,1,0,18,0,0,0,0,0,0,3,1,6,2,40,7,-1,-1,-1,9,3,9
2017440302799,1,9,0,5,0,8,0,0,0,0,1,1,6,1,89,11,1339,8,3,10,2,10
2017440302799,2,9,0,18,0,8,0,0,0,0,3,1,6,2,45,7,1997,2,7,9,1,9
2017440302950,1,1,0,18,0,8,0,0,0,0,4,1,6,1,19,4,-1,-1,-1,10,1,10
2017440302950,2,9,0,9,0,8,0,0,0,0,1,1,6,3,-1,-1,-1,-1,-1,-1,-1,-1
2017440303037,1,9,0,18,0,0,0,0,0,0,3,1,6,1,49,8,2188,2,14,6,1,6
2017440303148,1,2,0,5,0,8,1,0,0,0,1,1,2,1,16,4,49,1,3,3,1,3
2017440303148,2,9,0,18,0,8,0,0,0,0,4,1,2,1,60,9,1498,1,1,8,1,8
2017440303185,1,9,0,4,0,1,1,0,0,0,1,1,2,1,47,8,1968,2,2,5,1,5
2017440303185,2,9,0,4,0,1,0,0,0,0,2,1,2,2,60,9,998,1,-1,10,1,10
2017440303185,3,9,0,4,0,1,0,0,0,0,2,1,2,2,-1,-1,-1,-1,-1,-1,-1,-1
2017440303818,1,9,0,18,0,8,0,0,0,0,4,1,2,1,80,11,1590,1,13,9,1,9
2017440303818,2,19,0,5,0,8,0,0,0,0,1,1,1,1,29,6,2198,2,1,7,1,7
2017440303911,1,1,0,9,0,8,0,0,0,0,1,1,6,1,72,10,-1,-1,-1,9,2,9
2017440303911,2,9,0,9,0,8,0,0,0,0,1,1,6,1,66,10,2400,2,4,8,3,8
2017440304112,1,9,0,3,0,2,0,0,0,0,2,1,2,2,54,8,1086,1,8,10,1,10
2017440304112,2,9,0,18,0,2,0,0,0,0,1,1,6,3,-1,-1,1086,1,8,-1,-1,-1
2017440304144,1,8,0,18,0,1,0,0,0,0,2,1,1,3,-1,-1,1686,2,7,-1,-1,-1
2017440304144,2,9,0,18,0,1,0,0,0,0,1,1,6,3,-1,-1,1686,2,7,-1,-1,-1
2017440304393,1,9,0,8,0,1,0,0,0,0,2,1,2,2,30,6,1349,1,4,3,1,3
2017440304393,2,9,0,4,0,1,0,0,0,0,1,1,6,3,-1,-1,1242,1,15,-1,-1,-1
2017440304488,1,19,0,5,0,8,0,0,0,0,1,1,1,1,50,8,1560,2,9,2,1,2
2017440304488,2,3,0,18,0,8,0,0,7,0,1,1,2,1,17,4,124,1,6,3,1,3
2017440304499,1,3,0,18,0,8,0,0,0,0,1,1,6,1,32,6,124,1,-1,7,2,7
2017440304499,2,9,0,3,0,8,0,0,0,0,2,1,6,1,72,10,1896,2,13,10,1,10
2017440304629,1,9,0,3,0,0,0,0,0,0,4,1,6,1,68,10,1499,8,-1,8,1,8
2017440304719,1,5,0,9,0,1,1,0,0,0,4,1,2,1,26,6,-1,-1,-1,6,1,6
2017440304758,1,9,0,7,0,8,0,0,4,0,2,1,6,1,54,8,1461,2,2,1,1,1
2017440304758,2,8,0,18,0,8,0,0,0,0,1,1,1,1,51,8,1910,2,8,2,1,2
2017440304869,1,9,0,16,0,0,1,0,7,9,1,1,6,1,21,5,1984,1,-1,6,3,6
2017440305013,1,1,0,14,0,1,0,0,0,0,1,1,1,1,32,6,-1,-1,-1,10,1,10
2017440305013,2,9,0,3,0,1,0,0,0,0,2,1,1,2,22,5,998,1,3,3,1,3
2017440305036,1,9,0,18,0,2,0,0,0,0,1,1,1,2,38,7,1596,1,7,8,1,8
2017440305036,2,1,0,18,0,1,0,0,0,0,1,1,6,1,27,6,-1,-1,-1,4,1,4
2017440305052,1,19,0,18,0,8,0,0,0,0,4,1,1,1,38,7,1499,2,1,4,1,4
2017440305052,2,9,0,18,0,8,0,0,0,0,4,1,6,1,50,8,1998,2,13,4,1,4
2017440305077,1,9,0,18,0,0,0,0,0,0,1,1,6,2,29,6,1242,1,1,9,1,9
2017440305077,2,9,0,18,0,0,0,0,0,0,2,1,6,1,55,8,1956,2,6,2,1,2
2017440305281,1,3,0,18,0,8,0,0,0,0,4,1,6,1,25,5,124,1,8,6,1,6
2017440305281,2,97,0,12,0,8,0,0,0,0,3,1,6,3,-1,-1,-1,-1,-1,-1,-1,-1
2017440305375,1,9,0,9,0,0,0,10,7,10,1,1,6,1,28,6,1149,1,17,6,1,6
2017440305470,1,9,0,18,0,0,1,0,5,6,1,1,2,1,48,8,1560,2,12,8,1,8
2017440305632,1,9,0,4,0,1,0,0,0,0,2,1,6,2,31,6,1398,1,-1,10,1,10
2017440305632,2,9,0,18,0,1,0,0,0,0,1,1,6,1,45,7,1598,1,4,5,1,5
2017440305803,1,9,0,9,0,8,0,0,0,0,3,1,6,2,51,8,998,1,5,4,1,4
2017440305803,2,9,0,18,0,8,0,0,0,0,1,1,6,2,21,5,1360,1,12,10,1,10
2017440305813,1,11,0,18,0,0,0,0,0,0,1,1,1,1,51,8,9360,2,5,5,3,5
2017440305813,2,9,0,18,0,0,1,0,0,0,1,1,6,1,49,8,-1,-1,-1,6,1,6
2017440305875,1,9,0,18,0,8,0,0,0,0,4,1,6,1,75,10,1598,1,8,7,1,7
2017440305875,2,9,0,9,0,8,0,0,0,0,1,1,6,3,-1,-1,1560,2,1,-1,-1,-1
2017440306271,1,9,0,18,0,0,0,0,1,9,1,1,6,2,19,4,1198,1,6,4,1,4
2017440306504,1,9,0,17,0,0,0,0,1,1,1,1,6,2,17,4,1200,1,14,5,1,5
2017440306786,1,9,0,18,0,0,2,0,1,0,1,1,6,2,21,5,1388,1,13,8,1,8
2017440307140,1,90,0,2,0,0,0,0,0,0,0,1,1,1,69,10,4899,2,8,7,1,7
2017440307140,2,9,0,18,0,0,0,0,0,0,1,1,6,2,53,8,1598,1,10,7,1,7
2017440307140,3,9,0,18,0,0,0,0,0,0,2,1,2,2,23,5,1398,1,1,2,1,2
2017440307140,4,9,0,18,0,0,0,0,0,0,2,1,6,2,51,8,2143,2,3,10,1,10
2017440307159,1,9,0,18,0,0,0,0,0,0,1,1,6,1,37,7,1998,2,7,2,1,2
2017440307190,1,3,0,13,0,8,0,0,0,0,1,1,2,1,17,4,124,1,28,9,1,9
2017440307190,2,19,0,9,0,8,0,0,0,0,3,1,2,1,57,9,1560,2,3,3,1,3
2017440307390,1,9,0,18,0,0,1,0,1,11,4,1,6,1,31,6,1995,2,12,4,1,4
2017440307475,1,9,0,8,0,1,0,0,0,0,2,1,6,2,36,7,1596,1,2,4,1,4
2017440307475,2,9,0,4,0,1,0,0,0,0,1,1,6,3,-1,-1,999,1,2,-1,-1,-1
2017440307531,1,9,0,17,0,0,2,0,7,11,1,1,2,1,44,7,1248,2,8,5,1,5
2017440307659,1,9,0,18,0,0,0,0,0,0,1,1,1,1,52,8,-1,-1,-1,3,1,3
2017440307659,2,9,0,18,0,0,0,0,0,0,2,1,1,2,33,6,1598,1,8,1,1,1
2017440307786,1,9,0,9,0,8,0,0,0,0,2,1,6,1,95,11,988,1,26,5,1,5
2017440307786,2,9,0,18,0,8,0,0,0,0,4,1,6,1,43,7,999,1,4,6,1,6
2017440307786,3,9,0,3,0,1,0,0,0,0,4,1,6,1,74,10,1248,1,2,5,1,5
2017440307883,1,9,0,5,0,8,0,0,0,0,1,1,1,1,28,6,-1,-1,-1,4,1,4
2017440307883,2,1,0,18,0,8,0,0,0,0,2,1,6,1,57,9,-1,-1,-1,8,1,8
2017440308032,1,9,0,18,0,0,0,0,0,0,1,1,6,2,26,6,1299,1,9,1,1,1
2017440308156,1,9,0,18,0,8,0,0,0,0,1,1,6,2,74,10,1399,1,14,5,1,5
2017440308156,2,9,0,18,0,8,0,0,0,0,4,1,6,3,-1,-1,1248,1,6,-1,-1,-1
2017440308415,1,9,0,9,0,8,0,0,0,0,1,1,6,2,71,10,-1,-1,-1,9,3,9
2017440308415,2,1,0,18,0,8,0,0,0,0,1,1,6,1,48,8,-1,-1,-1,10,1,10
2017440308492,1,3,0,17,0,8,1,0,1,0,3,1,2,1,29,6,125,1,-1,3,1,3
2017440308570,1,9,0,10,0,8,0,0,0,0,2,1,2,1,47,8,1956,2,8,3,1,3
2017440308570,2,3,0,18,0,8,0,0,0,0,1,1,2,1,34,6,124,1,16,1,1,1
2017440308670,1,9,0,18,0,0,0,0,0,0,1,1,6,2,24,5,-1,-1,-1,4,1,4
2017440308670,2,9,0,18,0,0,0,0,0,0,2,1,6,1,25,5,-1,-1,-1,4,1,4
2017440308741,1,1,0,18,0,0,0,0,1,10,0,1,6,1,52,8,-1,-1,-1,6,3,6
2017440308741,2,9,0,13,0,0,0,0,0,0,0,1,6,3,-1,-1,-1,-1,-1,-1,-1,-1
2017440308966,1,2,0,18,0,0,0,0,0,0,1,1,6,1,17,4,50,1,1,10,1,10
2017440308966,2,9,0,12,0,0,0,0,0,0,3,1,6,1,21,5,2000,2,13,10,1,10
2017440309132,1,9,0,18,0,2,0,0,0,0,1,1,6,1,25,5,1124,1,12,-1,-1,-1
2017440309190,1,3,0,17,0,8,1,0,8,10,1,1,2,1,23,5,124,1,12,10,1,10
2017440309190,2,9,0,7,0,8,0,0,0,0,0,1,2,1,74,10,1997,2,12,10,1,10
2017440309221,1,9,0,9,0,8,0,0,0,0,1,1,6,1,91,11,1388,1,6,5,3,5
2017440309221,2,9,0,18,0,8,0,0,0,0,4,1,1,2,46,8,1590,1,15,5,1,5
2017440309230,1,9,0,4,0,0,1,0,0,0,1,1,1,1,30,6,1995,2,4,4,1,4
2017440309230,2,9,0,4,0,0,0,0,0,0,2,1,2,2,24,5,1248,2,5,10,1,10
2017440309230,3,9,0,4,0,0,0,0,0,0,2,1,1,1,48,8,1968,2,1,3,1,3
2017440309324,1,9,0,18,0,1,0,0,0,0,1,1,1,2,26,6,1299,1,9,7,3,7
2017440309324,2,9,0,4,0,1,0,0,0,0,2,1,1,1,40,7,1328,7,10,4,1,4
2017440309324,3,19,0,4,0,1,0,0,0,0,2,1,1,1,28,6,2287,2,3,1,1,1
2017440309337,1,9,0,7,0,8,0,0,0,0,1,1,2,2,39,7,1390,2,12,5,1,5
2017440309428,1,9,0,9,0,8,0,0,0,0,1,1,6,2,28,6,1390,1,12,8,3,8
2017440309428,2,19,0,18,0,8,0,0,0,0,1,1,6,2,36,7,1995,2,9,5,1,5
2017440309679,1,11,0,18,0,0,0,0,0,0,0,1,1,1,29,6,6370,2,11,7,1,7
2017440309715,1,9,0,18,0,1,0,0,0,0,4,1,6,2,63,9,1248,1,6,10,1,10
2017440309715,2,1,0,12,0,1,0,0,0,0,1,1,6,1,8,2,-1,-1,-1,9,1,9
2017440309729,1,1,0,18,0,8,0,0,0,0,4,1,6,1,29,6,-1,-1,-1,7,1,7
2017440309729,2,9,0,5,0,8,0,0,0,0,1,1,6,3,-1,-1,-1,-1,-1,-1,-1,-1
2017440309861,1,1,0,5,0,8,0,0,0,0,3,1,6,1,12,3,-1,-1,-1,10,1,10
2017440309861,2,9,0,18,0,8,0,0,0,0,1,1,6,2,43,7,2204,2,9,10,1,10
2017440309990,1,9,0,9,0,8,0,0,0,0,3,1,2,2,-1,-1,1598,1,10,4,2,4
2017440309990,2,1,0,18,0,8,0,0,0,0,1,1,6,1,57,9,-1,-1,-1,9,1,9
2017440310007,1,9,0,9,0,8,0,0,0,0,1,1,6,2,49,8,1796,1,17,8,3,8
2017440310007,2,9,0,18,0,8,0,0,1,0,1,1,6,1,18,4,1390,1,12,5,3,5
2017440310181,1,9,0,18,0,1,0,0,0,0,4,1,6,1,45,7,1598,2,2,2,1,2
2017440310272,1,8,0,18,0,0,0,0,0,0,2,1,6,2,61,9,1968,2,1,9,1,9
2017440310272,2,9,0,18,0,0,0,0,0,0,1,1,6,2,45,7,1598,1,1,1,1,1
2017440310387,1,5,0,17,0,0,0,0,0,0,4,1,6,1,43,7,998,1,12,9,1,9
2017440310902,1,9,0,18,0,8,0,0,0,0,1,1,2,1,49,8,1995,2,6,7,1,7
2017440310902,2,9,0,3,0,8,0,0,0,0,2,1,6,2,37,7,1299,1,18,7,1,7
2017440310906,1,9,0,18,0,1,0,0,0,0,1,1,6,3,-1,-1,-1,-1,-1,-1,-1,-1
2017440310979,1,9,0,18,0,0,0,0,0,0,2,1,6,2,47,8,1995,2,1,9,1,9
2017440310979,2,9,0,18,0,0,0,0,0,0,1,1,6,1,65,9,1896,2,13,9,3,9
2017440310979,3,9,0,18,0,0,0,0,0,0,1,1,6,1,39,7,1997,2,10,5,1,5
2017440310979,4,9,0,18,0,0,0,0,0,0,1,1,6,1,67,10,1999,1,3,7,3,7
2017440310979,5,9,0,18,0,0,0,0,0,0,1,1,6,2,20,4,1124,1,12,6,2,6
2017440310979,6,9,0,18,0,0,0,0,0,0,1,1,6,2,37,7,1587,1,10,10,1,10
2017440310979,7,9,0,18,0,0,0,0,0,0,1,1,6,1,42,7,1968,2,4,5,1,5
2017440310979,8,9,0,18,0,0,0,0,0,0,1,1,6,1,81,11,1242,1,4,9,1,9
2017440310979,9,9,0,18,0,0,0,0,0,0,1,1,6,2,67,10,1951,2,11,8,1,8
2017440311040,1,9,0,5,0,0,0,0,0,0,1,1,6,2,37,7,2179,2,7,10,1,10
2017440311118,1,9,0,7,0,8,0,0,0,0,4,1,6,1,58,9,1896,2,15,7,1,7
2017440311118,2,3,0,18,0,8,0,0,0,0,3,1,6,1,53,8,125,1,2,2,1,2
2017440311290,1,9,0,18,0,0,0,0,0,0,4,1,6,1,20,4,1364,1,11,10,1,10
2017440311309,1,9,0,12,0,0,5,0,1,0,3,1,6,1,29,6,1997,2,12,8,3,8
2017440311309,2,9,0,18,0,0,0,0,0,0,4,1,6,1,23,5,1896,2,15,4,1,4
2017440311663,1,9,0,18,0,0,0,0,7,0,1,1,6,1,18,4,1390,1,8,7,1,7
2017440311663,2,1,0,18,0,0,0,0,0,0,2,1,6,1,61,9,-1,-1,-1,8,1,8
2017440311920,1,11,0,16,0,0,0,11,0,5,1,1,1,1,66,10,7300,2,17,5,2,5
2017440312096,1,9,0,18,0,0,0,0,4,0,4,1,1,1,57,9,1753,2,13,5,1,5
2017440312096,2,9,0,18,0,0,1,0,2,7,2,1,6,1,33,6,1999,1,13,8,1,8
2017440312369,1,9,0,18,0,0,0,0,0,0,1,1,6,2,56,9,-1,-1,-1,4,1,4
2017440312604,1,9,0,18,0,8,0,0,0,0,4,1,6,2,70,10,1997,1,12,9,1,9
2017440312604,2,1,0,5,0,8,0,0,0,0,1,1,6,1,10,2,-1,-1,-1,9,1,9
2017440313286,1,9,0,1,0,1,0,0,0,0,1,1,6,1,59,9,1598,1,12,1,1,1
2017440313286,2,9,0,4,0,1,0,0,0,0,2,1,6,2,39,7,1598,1,8,4,1,4
2017440313302,1,9,0,18,0,2,0,0,0,0,1,1,6,2,59,9,998,1,-1,6,1,6
2017440313302,2,9,0,18,0,2,0,0,0,0,1,1,6,2,31,6,1995,1,9,2,1,2
2017440313302,3,9,0,18,0,2,0,0,0,0,2,1,1,1,22,5,1598,2,3,7,1,7
2017440313470,1,3,0,18,0,2,1,0,0,0,0,1,6,2,50,8,125,1,1,5,1,5
2017440313618,1,9,0,18,0,1,0,0,0,0,1,1,6,2,74,10,1299,1,11,8,3,8
2017440313618,2,9,0,18,0,1,0,0,0,0,2,1,6,2,27,6,1968,2,13,8,3,8
2017440313692,1,9,0,1,0,1,0,0,0,0,2,1,6,1,73,10,1596,1,5,9,3,9
2017440313692,2,5,0,3,0,8,0,0,0,0,1,1,6,1,73,10,1520,1,27,7,3,7
2017440313692,3,9,0,18,0,2,0,0,0,0,2,1,1,2,26,6,1900,2,12,-1,-1,-1
2017440313692,4,9,0,18,0,2,0,0,0,0,2,1,1,1,58,9,1969,2,-1,10,1,10
2017440314015,1,3,0,4,0,8,0,0,0,0,2,1,6,1,18,4,125,1,4,2,1,2
2017440314015,2,2,0,4,0,8,0,0,0,0,1,1,6,2,16,4,49,1,-1,5,1,5
2017440314222,1,9,0,18,0,8,0,0,7,0,1,1,1,1,55,8,1461,2,1,-1,2,-1
2017440314222,2,21,0,18,0,8,0,0,0,0,1,1,1,1,51,8,-1,-1,-1,4,1,4
2017440314241,1,9,0,7,0,8,0,0,0,0,2,1,6,2,21,5,1364,1,10,4,1,4
2017440314241,2,9,0,18,0,8,0,0,0,0,1,1,6,2,23,5,1398,2,14,7,3,7
2017440314731,1,9,0,18,0,8,0,0,0,0,1,1,2,1,24,5,898,1,1,9,1,9
2017440314731,2,1,0,18,0,8,0,0,0,0,4,1,2,1,40,7,-1,-1,-1,6,1,6
2017440315007,1,9,0,9,0,8,0,0,0,0,1,1,6,1,-1,-1,2902,2,8,10,1,10
2017440315007,2,9,0,9,0,8,0,0,0,0,3,1,1,1,29,6,1598,1,15,3,1,3
2017440315294,1,9,0,9,0,8,0,0,0,0,1,1,6,1,46,8,1395,1,1,4,1,4
2017440315294,2,1,0,18,0,8,0,0,0,0,3,1,2,1,23,5,-1,-1,-1,4,1,4
2017440315367,1,1,0,18,0,2,0,0,0,0,2,1,6,1,65,9,-1,-1,-1,7,1,7
2017440315367,2,1,0,18,0,2,0,0,0,0,1,1,6,1,28,6,-1,-1,-1,-1,-1,-1
2017440315507,1,3,0,18,0,8,1,0,0,0,1,1,2,1,24,5,124,1,2,8,1,8
2017440315507,2,19,0,12,0,8,0,0,0,0,0,1,1,1,50,8,1560,2,8,7,1,7
2017440315554,1,9,0,18,0,8,0,0,0,0,2,1,6,1,67,10,1596,1,10,3,1,3
2017440315554,2,9,0,18,0,8,0,0,0,0,1,1,6,3,-1,-1,-1,-1,-1,-1,-1,-1
2017440315598,1,9,0,18,0,2,0,0,0,0,1,1,2,2,31,6,2000,1,4,7,1,7
2017440315751,1,9,0,5,0,8,0,0,0,0,2,1,6,1,47,8,1461,2,2,2,1,2
2017440315751,2,9,0,18,0,8,0,0,0,0,1,1,6,3,-1,-1,1560,2,4,-1,-1,-1
2017440316029,1,9,0,18,0,8,0,6,3,0,1,1,6,1,62,9,1984,1,10,3,1,3
2017440316147,1,1,0,18,0,8,0,0,0,0,2,1,2,2,22,5,-1,-1,-1,1,1,1
2017440316147,2,9,0,7,0,8,0,0,0,0,1,1,2,1,47,8,1598,1,12,1,1,1
2017440316190,1,9,0,5,0,0,0,0,0,0,3,1,6,1,70,10,3301,1,15,-1,-1,-1
2017440316190,2,9,0,18,0,0,0,0,0,0,4,1,6,2,66,10,3301,1,15,9,1,9
2017440316190,3,1,0,18,0,0,0,0,0,0,4,1,6,1,53,8,-1,-1,-1,7,1,7
2017440316429,1,9,0,10,0,8,0,0,0,0,2,1,6,2,37,7,1349,1,5,6,1,6
2017440316429,2,9,0,4,0,8,0,0,0,0,2,1,6,1,50,8,1198,1,12,7,1,7
2017440316429,3,9,0,18,0,8,0,0,0,0,1,1,6,2,33,6,1149,1,4,1,1,1
2017440316502,1,9,0,4,0,0,0,0,0,0,2,1,1,1,23,5,1461,2,1,7,1,7
2017440316502,2,9,0,18,0,0,0,0,0,0,1,1,6,2,73,10,1398,1,4,3,1,3
2017440316673,1,9,0,18,0,2,0,0,0,0,3,1,6,1,22,5,-1,-1,-1,9,1,9
2017440316673,2,9,0,11,0,2,0,0,0,0,4,1,6,3,-1,-1,-1,-1,-1,-1,-1,-1
2017440316706,1,3,0,16,0,0,0,0,0,0,1,1,1,2,17,4,124,1,-1,4,2,4
2017440316706,2,9,0,3,0,0,0,0,0,0,2,1,6,2,24,5,1149,1,3,1,1,1
2017440316706,3,11,0,18,0,0,0,0,0,0,3,1,1,1,59,9,9000,2,8,6,3,6
2017440316881,1,19,0,5,0,1,0,0,0,0,0,1,6,1,-1,-1,2299,2,3,-1,-1,-1
2017440316922,1,9,0,10,0,8,0,0,0,0,2,1,6,2,56,9,-1,-1,-1,4,1,4
2017440316922,2,3,0,18,0,8,0,0,0,0,1,1,6,1,22,5,124,1,2,8,1,8
2017440317089,1,9,0,13,0,0,0,0,0,0,4,1,6,3,-1,-1,-1,-1,-1,-1,-1,-1
2017440317089,2,1,0,18,0,0,0,0,0,0,3,1,6,2,22,5,-1,-1,-1,1,1,1
2017440317215,1,9,0,5,0,8,0,0,3,0,3,1,6,1,34,6,1598,2,-1,6,1,6
2017440317215,2,9,0,18,0,8,0,0,7,0,1,1,6,1,26,6,1496,2,2,2,1,2
2017440317326,1,9,0,10,0,8,0,0,0,0,2,1,6,2,36,7,-1,-1,-1,5,3,5
2017440317326,2,3,0,18,0,8,0,0,0,0,1,1,6,1,17,4,124,1,4,2,1,2
2017440317426,1,9,0,18,0,8,0,7,0,0,3,1,6,1,51,8,1390,1,18,4,1,4
2017440317426,2,21,0,18,0,8,0,0,0,0,1,1,6,1,51,8,-1,-1,-1,7,1,7
2017440317520,1,5,0,17,0,1,1,10,1,1,1,1,2,1,45,7,689,1,1,9,1,9
2017440317626,1,21,0,3,0,0,0,0,0,0,1,1,1,1,50,8,6692,2,5,7,1,7
2017440317626,2,21,0,3,0,0,0,0,0,0,2,1,1,1,35,6,6692,2,5,8,1,8
2017440317626,3,21,0,3,0,0,0,0,0,0,2,1,1,1,54,8,12130,2,13,-1,-1,-1
2017440317870,1,9,0,7,0,8,0,0,0,0,1,1,2,1,38,7,1598,1,5,8,1,8
2017440317870,2,1,0,18,0,8,0,0,0,0,4,1,6,1,45,7,-1,-1,-1,-1,-1,-1
2017440318004,1,1,0,5,0,8,0,0,0,0,3,1,6,1,27,6,-1,-1,-1,9,1,9
2017440318004,2,9,0,5,0,8,0,0,0,0,1,1,6,1,59,9,-1,-1,-1,8,3,8
2017440318160,1,1,0,18,0,2,0,0,0,0,3,1,6,2,18,4,-1,-1,-1,6,1,6
2017440318160,2,9,0,13,0,2,0,0,0,0,4,1,6,3,-1,-1,-1,-1,-1,-1,-1,-1
2017440318194,1,90,0,2,0,8,0,0,0,0,0,1,1,1,-1,-1,-1,-1,-1,-1,-1,-1
2017440318194,2,9,0,14,0,8,0,0,0,0,1,1,6,2,-1,-1,1397,1,7,7,1,7
2017440318291,1,90,0,18,0,0,0,0,0,0,3,1,6,1,-1,-1,2998,2,4,7,1,7
2017440318291,2,1,0,18,0,0,0,0,0,0,1,1,6,1,24,5,-1,-1,-1,-1,-1,-1
2017440318351,1,9,0,18,0,1,0,0,0,0,1,1,6,2,37,7,1796,1,3,8,1,8
2017440318351,2,9,0,18,0,1,0,0,0,0,2,1,6,2,38,7,1968,2,6,5,1,5
2017440318362,1,9,0,3,0,1,0,0,0,0,2,1,6,2,34,6,1461,2,1,8,1,8
2017440318362,2,9,0,18,0,1,0,0,0,0,1,1,6,3,-1,-1,2191,2,3,-1,-1,-1
2017440318372,1,9,0,18,0,8,0,0,1,10,1,1,6,1,73,10,1499,1,1,6,1,6
2017440318372,2,9,0,18,0,1,0,0,0,0,2,1,6,1,27,6,1229,1,6,9,2,9
2017440318372,3,9,0,18,0,8,0,0,0,0,1,1,6,1,57,9,3980,1,27,9,2,9
2017440318415,1,9,0,18,0,0,0,0,0,0,1,1,6,2,34,6,998,1,2,4,1,4
2017440318767,1,9,0,18,0,2,5,0,1,2,1,1,6,1,59,9,1461,2,4,8,1,8
2017440318771,1,9,0,18,0,0,1,4,1,0,1,1,2,1,20,4,1390,1,7,1,1,1
2017440318771,2,9,0,2,0,0,0,0,0,0,1,1,6,1,55,8,1997,2,8,1,1,1
2017440318771,3,19,0,2,0,0,0,0,0,0,1,1,6,1,33,6,2143,2,-1,2,1,2
2017440318925,1,9,0,9,0,8,0,0,1,3,1,1,6,3,-1,-1,1796,1,13,-1,-1,-1
2017440319109,1,1,0,18,0,8,0,0,0,0,1,1,6,1,55,8,-1,-1,-1,10,1,10
2017440319109,2,9,0,7,0,8,0,0,0,0,3,1,6,2,32,6,-1,-1,-1,8,1,8
2017440319345,1,9,0,6,0,0,0,0,0,0,3,1,6,2,50,8,1598,1,3,8,1,8
2017440319345,2,11,0,15,0,0,0,0,0,0,4,1,1,1,27,6,3900,2,11,10,1,10
2017440319361,1,19,0,9,0,8,0,0,0,0,1,1,1,1,27,6,1995,2,1,3,1,3
2017440319445,1,9,0,18,0,2,0,0,0,0,1,1,2,1,54,8,1596,1,14,4,1,4
2017440319477,1,1,0,18,0,2,0,0,0,0,4,1,6,1,17,4,-1,-1,-1,10,1,10
2017440319477,2,9,0,1,0,1,0,0,0,0,2,1,6,3,-1,-1,1995,2,8,-1,-1,-1
2017440319557,1,19,0,14,0,8,0,0,0,0,4,1,1,1,53,8,2198,2,3,10,1,10
2017440319557,2,1,0,9,0,8,0,0,0,0,3,1,6,2,65,9,-1,-1,-1,4,1,4
2017440320036,1,3,0,18,0,8,0,0,0,0,4,1,6,1,60,9,102,1,10,9,1,9
2017440320036,2,9,0,18,0,8,0,0,0,0,3,1,6,1,24,5,-1,-1,-1,4,1,4
2017440320085,1,9,0,18,0,0,0,0,0,0,1,1,2,1,30,6,1200,1,-1,10,1,10
2017440320085,2,9,0,4,0,0,0,0,0,0,2,1,2,1,35,6,999,1,2,9,1,9
2017440320085,3,9,0,4,0,0,0,0,0,0,2,1,2,2,32,6,999,1,2,10,1,10
2017440320085,4,9,0,18,0,0,0,0,0,0,2,1,2,1,56,9,999,1,2,-1,-1,-1
2017440320217,1,3,0,17,0,8,0,0,0,0,3,1,6,1,18,4,124,1,1,6,2,6
2017440320273,1,9,0,18,0,0,2,0,7,9,1,1,2,1,26,6,-1,-1,-1,6,2,6
2017440320273,2,9,0,18,0,0,0,0,0,0,2,1,6,1,55,8,-1,-1,-1,3,1,3
2017440320512,1,3,0,18,0,0,0,0,0,0,1,1,6,1,21,5,125,1,12,7,1,7
2017440320512,2,9,0,2,0,0,0,0,0,0,4,1,6,3,-1,-1,1598,1,15,-1,-1,-1
2017440320574,1,9,0,16,0,0,2,0,7,10,1,1,6,1,30,6,1598,1,13,6,3,6
2017440321002,1,9,0,4,0,1,0,0,0,0,1,1,6,1,49,8,1582,2,6,8,1,8
2017440321002,2,9,0,3,0,1,0,0,0,0,2,1,6,1,35,6,1968,2,5,6,1,6
2017440321004,1,9,0,4,0,1,0,0,0,0,2,1,6,2,29,6,1995,1,7,9,1,9
2017440321004,2,9,0,18,0,1,0,0,0,0,1,1,6,1,-1,-1,1995,1,7,-1,-1,-1