Accident_Index,Vehicle_Reference,Vehicle_Type,Towing_and_Articulation,Vehicle_Manoeuvre,Vehicle_Location-Restricted_Lane,Junction_Location,Skidding_and_Overturning,Hit_Object_in_Carriageway,Vehicle_Leaving_Carriageway,Hit_Object_off_Carriageway,1st_Point_of_Impact,Was_Vehicle_Left_Hand_Drive?,Journey_Purpose_of_Driver,Sex_of_Driver,Age_of_Driver,Age_Band_of_Driver,Engine_Capacity_(CC),Propulsion_Code,Age_of_Vehicle,Driver_IMD_Decile,Driver_Home_Area_Type,Vehicle_IMD_Decile
2017440321234,1,5,0,8,0,1,0,0,0,0,3,1,6,1,67,10,1649,1,3,4,1,4
2017440321234,2,3,0,8,0,1,0,0,0,0,4,1,6,1,38,7,123,1,2,2,1,2
2017440321300,1,3,0,16,0,0,1,0,0,0,1,1,6,1,18,4,124,1,15,7,2,7
2017440321300,2,9,0,17,0,0,0,0,0,0,1,1,6,2,56,9,1242,1,12,2,2,2
2017440321448,1,9,0,18,0,0,0,0,0,0,1,1,6,1,68,10,1198,1,3,4,1,4
2017440321448,2,9,0,16,0,0,0,0,0,0,1,1,6,3,-1,-1,-1,-1,-1,-1,-1,-1
2017440321481,1,9,0,7,0,8,0,0,0,0,4,1,6,1,-1,-1,1968,2,13,4,1,4
2017440321481,2,1,0,18,0,8,0,0,0,0,4,1,6,1,43,7,-1,-1,-1,5,1,5
2017440321632,1,9,0,18,0,8,0,0,0,0,1,1,6,1,79,11,2799,1,20,10,2,10
2017440321632,2,9,0,9,0,8,0,0,0,0,1,1,6,1,23,5,1229,1,3,10,1,10
2017440321818,1,2,0,16,0,0,0,0,0,0,1,1,6,1,27,6,49,1,15,1,1,1
2017440321818,2,9,0,17,0,0,0,0,0,0,1,1,6,1,27,6,1368,1,13,5,1,5
2017440321854,1,9,0,18,0,0,0,0,0,0,1,1,2,1,33,6,1896,2,9,4,1,4
2017440321878,1,9,0,18,0,0,5,10,1,2,1,1,6,1,30,6,4163,1,9,10,3,10
2017440321975,1,9,0,10,0,1,0,0,0,0,2,1,6,1,41,7,1968,2,4,5,1,5
2017440321975,2,5,0,18,0,1,1,0,1,10,1,1,6,1,57,9,582,1,13,6,1,6
2017440321987,1,9,0,18,0,0,5,0,0,11,1,1,6,1,30,6,1364,2,11,3,1,3
2017440322010,1,9,0,18,0,2,5,4,7,0,1,1,6,1,59,9,1398,1,6,5,1,5
2017440322049,1,9,0,18,0,0,0,0,0,0,1,1,6,1,30,6,1997,2,9,9,1,9
2017440322049,2,9,0,4,0,0,0,0,0,0,2,1,6,2,47,8,2979,1,14,10,1,10
2017440322049,3,19,0,4,0,0,0,0,0,0,2,1,6,1,75,10,-1,-1,-1,6,1,6
2017440322049,4,9,0,4,0,0,0,0,0,0,2,1,6,1,34,6,1598,1,13,5,1,5
2017440322083,1,9,0,3,0,0,0,0,0,0,2,1,6,1,49,8,1995,2,5,9,1,9
2017440322083,2,9,0,4,0,0,0,0,0,0,2,1,6,1,27,6,1461,2,4,7,1,7
2017440322083,3,9,0,18,0,0,0,0,0,0,1,1,6,2,23,5,1984,1,3,8,1,8
2017440322098,1,1,0,18,0,8,0,0,0,0,3,1,6,1,49,8,-1,-1,-1,-1,-1,-1
2017440322098,2,9,0,9,0,8,0,0,0,0,1,1,6,2,34,6,1240,1,13,7,2,7
2017440322209,1,9,0,18,0,8,1,0,7,4,4,1,6,2,23,5,1199,1,14,9,1,9
2017440322209,2,9,0,9,0,8,0,0,0,0,1,1,6,1,43,7,1910,2,14,2,1,2
2017440322287,1,9,0,18,0,0,0,0,0,0,3,1,6,2,21,5,1388,1,13,6,1,6
2017440322455,1,9,0,4,0,0,0,0,0,0,2,1,6,1,44,7,1968,2,2,-1,-1,-1
2017440322455,2,9,0,18,0,0,0,0,0,0,1,1,6,1,41,7,1598,1,5,5,1,5
2017440322498,1,1,0,16,0,8,0,0,0,0,3,1,6,1,59,9,-1,-1,-1,10,1,10
2017440322498,2,9,0,13,0,8,0,0,0,0,4,1,6,3,-1,-1,-1,-1,-1,-1,-1,-1
2017440322606,1,9,0,1,0,0,0,0,0,0,2,1,6,3,-1,-1,2664,2,17,-1,-1,-1
2017440322606,2,5,0,18,0,0,0,0,0,0,1,1,6,2,43,7,800,1,2,10,1,10
2017440322800,1,5,0,18,0,0,1,0,1,9,1,1,6,1,27,6,998,1,-1,7,3,7
2017440323160,1,9,0,9,0,8,0,0,0,0,1,1,1,1,48,8,1686,2,4,2,1,2
2017440323160,2,9,0,18,0,8,0,0,0,0,3,1,6,2,28,6,1242,1,3,9,1,9
2017440323219,1,2,0,18,0,0,1,0,0,0,4,1,6,1,16,4,49,1,7,1,1,1
2017440323219,2,9,0,5,0,0,0,0,0,0,0,1,6,3,-1,-1,-1,-1,-1,-1,-1,-1
2017440323227,1,9,0,3,0,8,0,0,0,0,1,1,6,1,88,11,1400,1,10,9,1,9
2017440323227,2,9,0,18,0,8,0,0,0,0,1,1,6,2,40,7,1896,2,10,1,1,1
2017440323240,1,9,0,18,0,0,0,0,0,0,4,1,6,3,-1,-1,-1,-1,-1,-1,-1,-1
2017440323288,1,3,0,16,0,0,0,0,7,10,0,1,6,1,17,4,125,1,16,8,1,8
2017440323306,1,9,0,4,0,0,0,0,0,0,2,1,6,1,28,6,1560,2,13,1,1,1
2017440323306,2,9,0,18,0,0,0,0,0,0,1,1,6,3,-1,-1,2401,2,14,-1,-1,-1
2017440323328,1,9,0,18,0,2,0,0,0,0,4,1,6,1,90,11,-1,-1,-1,7,2,7
2017440323336,1,9,0,18,0,0,0,0,0,0,1,1,6,1,31,6,1560,2,13,4,1,4
2017440323336,2,9,0,18,0,0,0,0,0,0,2,1,6,1,57,9,1997,2,10,6,1,6
2017440323373,1,9,0,18,0,2,0,0,0,0,4,1,6,2,75,10,1242,1,13,4,1,4
2017440323455,1,9,0,5,0,8,0,0,0,0,3,1,6,2,20,4,998,1,3,10,1,10
2017440323455,2,9,0,11,0,8,0,0,0,0,4,1,6,3,-1,-1,1248,1,-1,-1,-1,-1
2017440323508,1,9,0,16,0,1,0,0,0,0,3,1,6,1,75,10,1240,1,8,10,1,10
2017440323508,2,19,0,17,0,2,0,0,1,9,3,1,1,1,40,7,1598,2,-1,7,1,7
2017440323508,3,9,0,17,0,2,0,0,0,0,3,1,6,1,66,10,1360,1,10,10,1,10
2017440323669,1,1,0,18,0,0,0,0,0,0,4,1,6,1,16,4,-1,-1,-1,9,1,9
2017440323669,2,9,0,18,0,0,0,0,0,0,1,1,6,1,-1,-1,1149,1,10,-1,-1,-1
2017440323740,1,9,0,18,0,8,0,0,0,0,1,1,6,1,23,5,-1,-1,-1,-1,-1,-1
2017440323740,2,19,0,18,0,8,0,0,1,9,3,1,1,1,65,9,1753,2,9,7,3,7
2017440323878,1,19,0,9,0,8,0,0,0,0,0,1,1,1,40,7,1598,2,1,6,1,6
2017440323878,2,5,0,18,0,8,1,10,0,0,1,1,2,1,35,6,649,1,16,9,1,9
2017440323908,1,22,0,18,9,2,0,0,0,0,1,1,6,2,-1,-1,-1,-1,-1,-1,-1,-1
2017440323940,1,3,0,18,0,1,0,0,0,0,1,1,6,1,19,4,125,1,1,4,1,4
2017440324488,1,9,0,18,0,0,2,4,0,0,4,1,2,2,28,6,1598,1,2,6,1,6
2017440324488,2,9,0,2,0,0,0,0,0,0,3,1,6,3,-1,-1,1997,2,12,-1,-1,-1
2017440324488,3,9,0,2,0,0,0,0,0,0,3,1,6,3,-1,-1,1999,1,11,-1,-1,-1
2017440324488,4,9,0,2,0,0,0,0,0,0,2,1,6,3,-1,-1,2198,2,11,-1,-1,-1
2017440324583,1,1,0,11,0,0,1,0,1,0,0,1,2,2,53,8,-1,-1,-1,5,3,5
2017440324660,1,19,0,18,0,2,0,0,0,0,1,1,6,1,25,5,1868,2,12,5,1,5
2017440324660,2,9,0,3,0,2,0,0,0,0,2,1,6,1,57,9,2793,1,18,4,1,4
2017440324661,1,5,0,16,0,0,0,0,0,7,1,1,6,1,54,8,636,1,2,5,2,5
2017440324701,1,9,0,9,0,8,0,0,0,0,1,1,2,1,49,8,1998,1,10,9,1,9
2017440324701,2,9,0,9,0,8,0,0,0,0,4,1,1,3,-1,-1,1598,2,-1,1,1,1
2017440324715,1,9,0,1,0,8,0,0,0,0,1,1,6,1,42,7,-1,-1,-1,7,1,7
2017440324784,1,4,0,16,0,8,0,0,0,0,1,1,6,1,66,10,499,1,1,7,3,7
2017440324784,2,19,0,7,0,8,0,0,0,0,3,1,2,1,21,5,1560,2,9,5,1,5
2017440325092,1,9,0,18,0,0,0,0,0,0,1,1,6,1,52,8,-1,-1,-1,5,1,5
2017440325092,2,22,0,18,0,0,0,0,0,0,3,1,6,2,52,8,-1,-1,-1,3,1,3
2017440325108,1,9,0,18,0,0,0,0,0,0,4,1,6,2,17,4,1198,1,8,7,1,7
2017440325135,1,9,0,3,0,1,0,0,0,0,2,1,6,2,43,7,1398,2,5,2,1,2
2017440325135,2,9,0,18,0,1,0,0,0,0,1,1,6,3,-1,-1,1998,1,14,-1,-1,-1
2017440325371,1,11,0,18,0,1,0,0,0,0,0,1,1,3,-1,-1,-1,-1,-1,-1,-1,-1
2017440325591,1,1,0,18,0,2,0,0,0,0,2,1,2,1,37,7,-1,-1,-1,3,1,3
2017440325591,2,9,0,18,0,2,0,0,0,0,1,1,6,3,-1,-1,-1,-1,-1,-1,-1,-1
2017440325597,1,9,0,18,0,8,0,0,0,0,4,1,6,1,34,6,998,1,16,2,1,2
2017440325597,2,9,0,9,0,8,0,0,0,0,3,1,6,3,-1,-1,1587,1,14,-1,-1,-1
2017440325625,1,9,0,18,0,1,0,0,0,0,1,1,6,1,37,7,1956,2,5,-1,-1,-1
2017440325625,2,9,0,18,0,2,0,0,0,0,2,1,6,1,35,6,-1,-1,-1,3,1,3
2017440325625,3,9,0,2,0,2,0,0,0,0,0,1,6,3,-1,-1,1997,1,8,-1,-1,-1
2017440325625,4,9,0,2,0,2,0,0,0,0,0,1,6,3,-1,-1,-1,-1,-1,-1,-1,-1
2017440326147,1,19,0,5,0,8,0,0,0,0,1,1,1,1,50,8,1560,2,7,7,1,7
2017440326147,2,9,0,18,0,8,0,0,0,0,4,1,6,2,64,9,1242,1,2,10,1,10
2017440326185,1,9,0,18,0,8,0,0,0,0,1,1,6,1,80,11,1587,1,13,9,1,9
2017440326185,2,9,0,9,0,8,0,0,0,0,1,1,6,2,70,10,1086,1,11,7,1,7
2017440326230,1,19,0,16,0,0,1,10,1,4,1,1,1,1,27,6,2198,2,1,6,1,6
2017440326246,1,19,0,18,0,0,0,0,0,0,4,1,6,3,-1,-1,2198,2,6,-1,-1,-1
2017440326346,1,9,0,7,0,8,0,0,0,0,2,1,6,1,73,10,2199,2,5,8,1,8
2017440326346,2,11,0,18,0,8,0,0,0,0,1,1,1,2,45,7,6696,2,4,6,1,6
2017440326433,1,9,0,5,0,0,0,0,0,0,1,1,6,1,39,7,2495,2,16,3,1,3
2017440326806,1,9,0,18,0,0,0,0,0,0,4,1,6,1,32,6,1560,2,6,2,1,2
2017440326835,1,9,0,13,0,0,0,0,7,0,1,1,6,1,36,7,1896,2,13,3,1,3
2017440326835,2,9,0,16,0,0,0,0,7,0,1,1,6,1,77,11,1998,1,1,10,2,10
2017440326842,1,9,0,4,0,1,0,0,0,0,2,1,6,2,31,6,1248,2,6,4,1,4
2017440326842,2,9,0,4,0,1,0,0,0,0,2,1,6,1,46,8,1968,2,7,10,2,10
2017440326842,3,9,0,4,0,1,0,0,0,0,1,1,6,1,20,4,998,1,11,6,1,6
2017440327341,1,9,0,18,0,0,0,10,6,11,0,1,2,1,41,7,1799,1,11,6,1,6
2017440327653,1,9,0,14,0,0,0,4,0,0,1,1,6,1,92,11,1086,1,9,6,1,6
2017440327653,2,9,0,2,0,0,0,0,0,0,3,1,6,3,-1,-1,1461,2,7,-1,-1,-1
2017440328182,1,9,0,16,0,2,1,7,7,0,1,1,6,1,74,10,999,1,1,7,3,7
2017440328182,2,9,0,17,0,1,0,0,0,0,3,1,6,1,63,9,1395,1,1,10,3,10
2017440328276,1,1,0,9,0,8,1,0,0,0,1,1,6,1,57,9,-1,-1,-1,3,1,3
2017440328446,1,9,0,9,0,8,0,0,0,0,1,1,6,2,35,6,1248,1,1,9,1,9
2017440328446,2,5,0,17,0,8,1,0,0,0,1,1,6,1,52,8,781,1,16,10,1,10
2017440329104,1,11,0,9,0,8,0,0,0,0,0,1,1,3,-1,-1,4250,2,5,-1,-1,-1
2017440329274,1,9,0,18,0,1,0,0,0,0,3,1,6,1,33,6,1968,2,6,9,2,9
2017440329274,2,9,0,18,0,8,0,0,0,0,3,1,6,1,72,10,1597,2,4,9,1,9
2017440329274,3,9,0,9,0,8,0,0,0,0,1,1,6,2,62,9,1364,1,12,7,2,7
2017440329348,1,5,0,18,0,8,1,0,0,0,0,1,6,1,60,9,1471,1,15,6,1,6
2017440329348,2,19,0,9,0,8,0,0,0,0,0,1,6,1,66,10,-1,-1,-1,2,1,2
2017440329400,1,9,0,9,0,8,0,0,0,0,1,1,6,1,88,11,1598,1,20,4,1,4
2017440329400,2,4,0,17,0,8,0,0,0,0,1,1,6,1,57,9,249,1,10,6,1,6
2017440329400,3,9,0,16,0,8,0,0,0,0,1,1,6,1,21,5,3430,1,30,10,1,10
2017440329679,1,19,0,16,0,0,0,0,0,0,3,1,2,1,29,6,2198,2,1,8,1,8
2017440329679,2,9,0,17,0,0,0,0,0,0,3,1,6,2,72,10,1968,2,4,10,1,10
2017440329791,1,9,0,9,0,8,0,0,0,0,1,1,1,1,26,6,1390,1,14,5,1,5
2017440329791,2,1,0,17,0,8,0,0,0,0,2,1,1,1,22,5,-1,-1,-1,6,1,6
2017440329877,1,9,0,17,0,8,0,0,0,0,1,1,6,2,24,5,998,1,17,7,3,7
2017440329877,2,9,0,16,0,8,0,0,0,0,2,1,6,3,-1,-1,-1,-1,-1,-1,-1,-1
2017440329908,1,9,0,5,0,1,0,0,0,0,1,1,6,2,59,9,1598,1,11,9,1,9
2017440329919,1,9,0,4,0,8,0,0,0,0,1,1,6,2,24,5,-1,-1,-1,4,1,4
2017440329919,2,1,0,18,0,8,0,0,0,0,1,1,6,1,14,3,-1,-1,-1,5,3,5
2017440329996,1,2,0,18,0,8,0,0,0,0,1,1,2,1,21,5,50,1,5,1,1,1
2017440329996,2,9,0,18,0,8,0,0,0,0,3,1,6,1,34,6,1998,1,10,10,1,10
2017440330018,1,8,0,17,0,0,0,0,0,0,1,1,1,1,71,10,1997,2,7,7,1,7
2017440330128,1,21,0,18,0,8,0,0,0,0,3,1,1,1,42,7,-1,-1,-1,-1,-1,-1
2017440330128,2,9,0,18,0,8,0,0,8,7,4,1,6,1,36,7,1910,2,11,3,1,3
2017440330679,1,9,0,18,0,2,0,0,0,0,1,1,6,1,22,5,1198,1,13,9,1,9
2017440330721,1,9,0,18,0,0,0,0,0,0,1,1,6,1,32,6,1995,2,13,3,1,3
2017440330981,1,9,0,3,0,0,0,0,0,0,2,1,6,1,33,6,2354,1,11,2,1,2
2017440330981,2,1,0,17,0,0,1,0,0,0,1,1,6,1,46,8,-1,-1,-1,9,3,9
2017440331001,1,9,0,18,0,8,1,0,5,6,1,1,6,2,19,4,796,1,16,3,1,3
2017440331001,2,5,0,18,0,8,0,0,0,0,1,1,6,1,57,9,1215,1,3,8,1,8
2017440331004,1,1,0,18,0,8,0,0,0,0,1,1,6,1,56,9,-1,-1,-1,8,1,8
2017440331004,2,9,0,9,0,8,0,0,0,0,4,1,6,2,23,5,-1,-1,-1,1,1,1
2017440331252,1,9,0,9,0,8,0,0,0,0,1,1,6,2,21,5,1242,1,8,9,1,9
2017440331252,2,9,0,18,0,8,0,0,0,0,1,1,6,2,20,4,1229,1,11,10,1,10
2017440331818,1,1,0,18,0,0,0,0,0,0,1,1,6,1,53,8,-1,-1,-1,9,1,9
2017440331818,2,1,0,18,0,0,0,0,0,0,1,1,6,1,54,8,-1,-1,-1,9,1,9
2017440331949,1,9,0,18,0,8,0,0,0,0,3,1,6,2,51,8,998,1,1,9,1,9
2017440331949,2,9,0,11,0,8,0,0,0,0,4,1,6,2,70,10,2295,1,15,10,1,10
2017440331968,1,9,0,7,0,8,0,0,0,0,1,1,6,1,72,10,-1,-1,-1,2,1,2
2017440332157,1,5,0,11,0,1,0,10,8,10,1,1,6,1,67,10,649,1,12,9,1,9
2017440332290,1,9,0,18,0,0,0,0,0,0,1,1,6,3,-1,-1,-1,-1,-1,-1,-1,-1
2017440332297,1,9,0,18,0,0,0,0,4,6,3,1,2,2,29,6,1390,1,11,7,3,7
2017440332559,1,8,0,9,0,8,0,0,0,0,1,1,1,1,35,6,1560,2,3,-1,-1,-1
2017440332559,2,5,0,18,0,8,0,0,0,0,1,1,6,1,31,6,953,1,14,4,1,4
2017440332759,1,9,0,17,0,0,2,0,1,4,4,1,6,1,20,4,1240,1,12,6,1,6
2017440333063,1,9,0,9,0,8,0,0,0,0,1,1,6,2,23,5,1461,2,11,10,3,10
2017440333063,2,9,0,18,0,8,0,0,0,0,1,1,6,1,70,10,2495,2,18,5,2,5
2017440333104,1,9,0,9,0,8,0,0,0,0,1,1,6,1,49,8,1388,1,14,6,1,6
2017440333104,2,5,0,18,0,8,0,0,0,0,1,1,6,1,54,8,675,1,4,5,3,5
2017440333204,1,5,0,18,0,1,0,0,0,0,1,1,6,1,54,8,998,1,10,3,1,3
2017440333204,2,9,0,3,0,1,0,0,0,0,2,1,6,2,65,9,1364,2,9,2,1,2
2017440333384,1,5,0,18,0,8,0,0,0,0,0,1,6,1,37,7,883,1,4,5,1,5
2017440333384,2,9,0,7,0,8,0,0,0,0,0,1,6,1,59,9,-1,-1,-1,8,1,8
2017440333433,1,3,0,18,0,8,1,0,0,0,1,1,6,1,22,5,124,1,3,9,1,9
2017440333433,2,9,0,7,0,8,0,0,0,0,1,1,1,1,56,9,1461,2,1,3,1,3
2017440333730,1,3,0,18,0,0,0,12,0,0,1,1,2,2,30,6,114,1,3,7,1,7
2017440334415,1,1,0,18,0,0,0,0,0,0,4,1,6,1,53,8,-1,-1,-1,4,1,4
2017440334415,2,9,0,2,0,0,0,0,0,0,3,1,6,1,67,10,1968,2,6,9,1,9
2017440334477,1,9,0,17,0,8,0,0,0,0,3,1,6,2,32,6,1368,1,2,4,1,4
2017440334477,2,9,0,18,0,8,0,0,0,0,1,1,6,2,32,6,1600,2,5,3,1,3
2017440334624,1,9,0,18,0,0,0,0,0,0,3,1,6,1,60,9,1124,1,16,7,1,7
2017440334624,2,9,0,18,0,0,0,0,0,0,3,1,6,3,-1,-1,-1,-1,-1,-1,-1,-1
2017440334886,1,9,0,18,0,8,0,0,0,0,3,1,6,2,29,6,1596,1,4,10,1,10
2017440334886,2,9,0,7,0,8,0,0,0,0,1,1,6,3,-1,-1,2401,2,13,-1,-1,-1
2017440334922,1,9,0,3,0,1,0,0,0,0,2,1,6,2,43,7,1596,1,2,6,3,6
2017440334922,2,9,0,18,0,1,0,0,0,0,1,1,2,2,24,5,1242,1,8,3,1,3
2017440335010,1,1,0,18,0,0,0,0,0,0,1,1,6,1,48,8,-1,-1,-1,8,3,8
2017440335010,2,17,0,18,0,0,0,0,0,0,1,1,6,1,34,6,-1,-1,-1,8,3,8
2017440335041,1,9,0,9,0,8,0,0,0,0,3,1,6,1,36,7,1248,2,12,3,1,3
2017440335041,2,5,0,13,0,8,0,0,0,0,1,1,6,1,58,9,996,1,11,4,1,4
2017440335088,1,9,0,9,0,8,0,0,0,0,1,1,6,2,49,8,1299,1,13,1,1,1
2017440335088,2,2,0,18,0,8,0,0,0,0,1,1,6,1,16,4,49,1,5,3,1,3
2017440335171,1,1,0,18,0,0,0,4,1,0,3,1,6,1,29,6,-1,-1,-1,1,1,1
2017440335171,2,19,0,13,0,0,0,0,0,0,4,1,6,3,-1,-1,-1,-1,-1,-1,-1,-1
2017440336023,1,9,0,18,0,0,5,0,4,0,3,1,6,2,69,10,1296,1,10,-1,3,-1
2017440336260,1,9,0,3,0,1,0,0,0,0,2,1,6,1,80,11,1386,1,7,2,1,2
2017440336260,2,9,0,4,0,1,0,0,0,0,1,1,6,1,81,11,1995,2,9,8,1,8
2017440336469,1,9,0,3,0,2,0,0,0,0,2,1,6,1,46,8,1398,2,14,2,1,2
2017440336469,2,9,0,18,0,2,1,0,0,0,1,1,6,2,21,5,1242,1,19,4,3,4
2017440336489,1,9,0,18,0,8,1,0,1,4,1,1,6,2,63,9,1896,2,16,10,2,10
2017440336577,1,9,0,18,0,0,0,0,0,0,1,1,6,2,20,4,1997,2,14,1,1,1
2017440336577,2,9,0,6,0,0,0,0,0,0,2,1,6,1,-1,-1,1591,1,2,10,1,10
2017440336948,1,9,0,9,0,8,0,0,0,0,3,1,2,1,47,8,1398,1,-1,5,1,5
2017440336948,2,3,0,18,0,8,0,0,0,0,1,1,2,1,26,6,125,1,1,3,1,3
2017440336972,1,9,0,18,0,1,0,0,0,0,1,1,2,2,49,8,1590,1,14,4,1,4
2017440336972,2,9,0,4,0,1,0,0,0,0,2,1,2,2,45,7,1364,1,3,5,1,5
2017440337057,1,19,0,9,0,8,0,0,0,0,3,1,6,1,-1,-1,2198,2,4,10,1,10
2017440337057,2,5,0,18,0,8,0,0,0,0,1,1,6,1,55,8,1170,1,-1,8,1,8
2017440337118,1,9,0,16,0,8,0,0,0,0,1,1,6,2,31,6,1995,2,7,4,1,4
2017440337118,2,9,0,10,0,8,0,0,0,0,2,1,6,1,79,11,998,1,5,7,3,7
2017440337419,1,20,0,18,0,0,0,0,0,0,4,1,1,1,26,6,-1,-1,-1,3,1,3
2017440337419,2,8,0,2,6,0,0,0,0,0,3,1,1,3,-1,-1,1686,2,4,-1,-1,-1
2017440337440,1,9,0,4,0,8,0,0,0,0,1,1,6,1,44,7,1968,2,4,1,1,1
2017440337440,2,9,0,3,0,8,0,0,0,0,2,1,6,2,22,5,1597,1,14,9,1,9
2017440337440,3,20,0,18,0,8,0,0,0,0,3,1,1,1,61,9,-1,-1,-1,2,1,2
2017440337502,1,9,0,18,0,0,0,0,1,11,1,1,1,1,74,10,-1,-1,-1,6,1,6
2017440337502,2,9,0,2,0,0,0,0,0,0,1,1,6,3,-1,-1,1968,2,1,-1,-1,-1
2017440337577,1,3,0,18,0,8,0,0,0,0,1,1,6,1,20,4,125,1,2,4,1,4
2017440337577,2,9,0,9,0,8,0,0,0,0,3,1,6,3,-1,-1,1200,1,2,-1,-1,-1
2017440337588,1,9,0,9,0,8,0,0,0,0,1,1,6,1,-1,-1,2902,2,11,10,1,10
2017440337588,2,9,0,18,0,8,5,0,0,0,3,1,6,2,59,9,998,1,5,9,1,9
2017440337863,1,9,0,4,0,0,0,0,0,0,2,1,2,1,45,7,1968,2,2,7,1,7
2017440337863,2,9,0,4,0,0,0,0,0,0,2,1,2,1,55,8,1991,2,7,9,1,9
2017440337863,3,19,0,4,0,0,0,0,0,0,2,1,2,1,54,8,2198,2,2,4,3,4
2017440337863,4,9,0,4,0,0,0,0,0,0,2,1,2,1,40,7,2204,2,11,7,1,7
2017440337863,5,19,0,4,0,0,0,0,0,0,1,1,2,1,31,6,2198,2,2,6,1,6
2017440337908,1,1,0,18,0,0,0,0,1,0,2,1,6,1,49,8,-1,-1,-1,7,1,7
2017440337908,2,9,0,18,0,0,0,0,0,0,1,1,6,3,-1,-1,-1,-1,-1,-1,-1,-1
2017440337980,1,19,0,4,0,1,0,0,0,0,2,1,6,1,34,6,1998,2,15,7,1,7
2017440337980,2,5,0,18,0,1,1,0,1,0,1,1,6,1,36,7,599,1,9,5,3,5
2017440338229,1,19,0,9,0,8,0,0,0,0,0,1,6,1,53,8,2143,2,3,5,1,5
2017440338229,2,1,0,18,0,8,0,0,0,0,0,1,6,1,20,4,-1,-1,-1,10,1,10
2017440338290,1,9,0,6,0,0,0,0,0,0,3,1,6,2,48,8,1368,1,-1,-1,-1,-1
2017440338290,2,2,0,18,0,0,0,0,0,0,1,1,6,1,26,6,124,1,6,1,1,1
2017440338465,1,9,0,18,0,1,0,0,5,6,1,1,6,1,45,7,1995,2,3,7,1,7
2017440338477,1,5,0,18,0,0,1,0,0,0,0,1,6,1,21,5,471,1,1,4,1,4
2017440338516,1,9,0,5,0,8,0,0,0,0,2,1,2,1,31,6,1398,1,-1,8,1,8
2017440338516,2,9,0,5,0,8,0,0,0,0,1,1,2,3,-1,-1,-1,-1,-1,-1,-1,-1
2017440338772,1,9,0,18,0,0,0,0,0,0,1,1,6,1,36,7,1991,1,1,9,1,9
2017440338772,2,9,0,3,0,0,0,0,0,0,2,1,6,1,40,7,1796,1,10,7,1,7
2017440338772,3,9,0,3,0,0,0,0,0,0,2,1,6,1,67,10,1598,2,6,9,1,9
2017440338838,1,9,0,18,0,0,0,0,0,0,1,1,2,1,30,6,1995,1,9,7,1,7
2017440338838,2,1,0,18,0,0,0,0,0,0,2,1,6,1,14,3,-1,-1,-1,6,1,6
2017440339082,1,19,0,9,0,8,0,0,0,0,3,1,6,1,47,8,2198,2,6,8,1,8
2017440339082,2,9,0,18,0,8,0,0,0,0,1,1,6,2,72,10,1360,1,15,5,1,5
2017440339147,1,9,0,17,0,0,0,0,1,0,3,1,6,2,45,7,1248,2,4,8,3,8
2017440339147,2,9,0,16,0,0,1,0,7,0,1,1,1,1,28,6,-1,-1,-1,6,1,6
2017440339197,1,11,0,18,0,1,0,0,0,0,4,1,1,1,30,6,9000,2,13,1,1,1
2017440339263,1,19,0,18,0,0,0,0,0,0,2,1,1,1,33,6,1968,2,2,9,1,9
2017440339263,2,20,0,18,0,0,0,0,0,0,1,1,6,1,-1,-1,2198,2,1,-1,-1,-1
2017440339338,1,9,0,18,0,0,0,0,0,0,2,1,2,1,46,8,1598,1,10,9,1,9
2017440339338,2,9,0,18,0,0,1,0,0,0,3,1,6,1,32,6,1997,1,18,4,1,4
2017440339338,3,9,0,11,0,0,0,0,0,0,0,1,6,3,-1,-1,-1,-1,-1,-1,-1,-1
2017440339413,1,9,0,12,0,0,0,0,0,0,1,1,6,1,51,8,1798,1,4,10,1,10
2017440339413,2,3,0,18,0,0,0,0,0,0,4,1,6,1,17,4,125,1,2,10,1,10
2017440339485,1,2,0,18,0,0,0,0,0,0,1,1,2,2,30,6,49,1,1,6,1,6
2017440339485,2,9,0,12,0,0,0,0,0,0,3,1,6,1,29,6,1685,2,6,2,1,2
2017440339698,1,2,0,18,0,8,0,12,0,0,1,1,6,1,20,4,49,1,8,7,1,7
2017440340170,1,1,0,18,0,8,0,0,0,0,4,1,6,1,65,9,-1,-1,-1,7,1,7
2017440340170,2,9,0,5,0,8,0,0,0,0,1,1,6,2,-1,-1,-1,-1,-1,-1,-1,-1
2017440340217,1,9,0,9,0,8,0,0,0,0,4,1,6,1,55,8,998,1,2,-1,-1,-1
2017440340217,2,1,0,18,0,8,0,0,0,0,1,1,6,1,19,4,-1,-1,-1,5,1,5
2017440340314,1,19,0,18,0,0,0,0,0,0,1,1,1,1,32,6,2299,2,7,2,1,2
2017440340314,2,9,0,4,0,0,0,0,0,0,2,1,6,1,30,6,1781,1,14,4,2,4
2017440340314,3,9,0,4,0,0,0,0,0,0,2,1,6,2,78,11,1248,1,6,3,1,3
2017440340314,4,9,0,4,0,0,0,0,0,0,2,1,6,1,50,8,1198,1,6,5,3,5
2017440340407,1,9,0,18,0,0,0,0,0,0,1,1,6,1,73,10,1198,1,2,7,1,7
2017440340407,2,1,0,18,0,0,0,0,0,0,2,1,6,1,62,9,-1,-1,-1,-1,-1,-1