Accident_Index,Vehicle_Reference,Vehicle_Type,Towing_and_Articulation,Vehicle_Manoeuvre,Vehicle_Location-Restricted_Lane,Junction_Location,Skidding_and_Overturning,Hit_Object_in_Carriageway,Vehicle_Leaving_Carriageway,Hit_Object_off_Carriageway,1st_Point_of_Impact,Was_Vehicle_Left_Hand_Drive?,Journey_Purpose_of_Driver,Sex_of_Driver,Age_of_Driver,Age_Band_of_Driver,Engine_Capacity_(CC),Propulsion_Code,Age_of_Vehicle,Driver_IMD_Decile,Driver_Home_Area_Type,Vehicle_IMD_Decile
2017440340533,1,9,0,4,0,8,0,0,0,0,2,1,6,1,25,5,1598,2,5,3,1,3
2017440340533,2,9,0,18,0,8,0,0,0,0,1,1,6,2,49,8,998,1,2,8,1,8
2017440340601,1,1,0,9,0,8,0,0,0,0,2,1,6,1,68,10,-1,-1,-1,-1,-1,-1
2017440340601,2,9,0,9,0,8,0,0,0,0,3,1,6,3,-1,-1,-1,-1,-1,-1,-1,-1
2017440340700,1,5,0,9,0,8,0,0,0,0,0,1,6,1,72,10,-1,-1,-1,5,3,5
2017440340730,1,9,0,4,0,0,0,0,0,0,2,1,6,2,54,8,1329,1,8,4,3,4
2017440340730,2,9,0,18,0,0,1,0,0,0,1,1,6,1,40,7,1988,1,14,4,1,4
2017440340849,1,19,0,18,0,1,0,0,0,0,4,1,6,3,-1,-1,-1,-1,-1,-1,-1,-1
2017440340998,1,3,0,18,0,0,0,0,1,3,1,1,6,1,18,4,125,1,2,8,3,8
2017440341106,1,9,0,18,0,8,0,0,0,0,1,1,6,2,38,7,1242,1,17,4,1,4
2017440341191,1,3,0,17,0,0,1,0,0,0,0,1,2,1,22,5,125,1,2,1,1,1
2017440341332,1,10,0,16,0,0,2,0,7,9,4,1,6,1,47,8,1998,2,12,4,1,4
2017440341332,2,9,0,17,0,0,0,0,0,0,0,1,6,3,-1,-1,-1,-1,-1,-1,-1,-1
2017440341362,1,4,0,16,0,8,1,0,0,0,0,1,6,1,65,9,400,1,7,9,1,9
2017440341379,1,9,0,10,0,8,0,0,0,0,2,1,6,2,55,8,1686,2,12,2,1,2
2017440341379,2,9,0,18,0,8,0,0,1,10,1,1,6,1,33,6,-1,-1,-1,5,1,5
2017440341423,1,9,0,9,0,8,0,0,0,0,3,1,6,1,53,8,1560,2,11,2,1,2
2017440341423,2,9,0,16,0,8,0,0,0,0,1,1,1,1,18,4,1197,1,3,6,1,6
2017440341543,1,9,0,16,0,2,1,0,7,11,1,1,6,2,30,6,1149,1,9,7,3,7
2017440341572,1,9,0,18,0,0,0,0,0,0,3,1,6,2,27,6,1197,1,1,7,1,7
2017440341677,1,9,0,10,0,0,0,0,0,0,2,1,6,1,38,7,1796,1,11,6,3,6
2017440341677,2,9,0,18,0,0,1,0,0,0,1,1,6,1,29,6,1991,1,1,6,1,6
2017440341749,1,2,0,18,0,8,1,0,0,0,0,1,6,1,18,4,49,1,7,2,1,2
2017440341782,1,2,0,18,0,3,0,0,0,0,0,1,1,1,24,5,49,1,3,4,1,4
2017440341944,1,3,0,18,0,0,1,10,0,0,1,1,1,1,20,4,125,1,8,1,1,1
2017440341996,1,9,0,5,0,8,0,0,0,0,4,1,6,1,58,9,1997,2,16,5,1,5
2017440341996,2,9,0,18,0,8,0,0,0,0,1,1,6,1,48,8,2148,2,15,6,1,6
2017440342084,1,9,0,18,0,8,1,0,0,0,1,1,6,1,24,5,1229,1,5,10,2,10
2017440342084,2,9,0,18,0,8,0,0,0,0,1,1,6,1,36,7,1968,2,1,1,1,1
2017440342103,1,9,0,18,0,0,1,0,7,0,4,1,6,1,20,4,1396,1,14,7,2,7
2017440342103,2,9,0,18,0,0,0,0,0,0,1,1,6,1,19,4,1360,1,10,7,1,7
2017440342240,1,9,0,18,0,0,1,0,0,0,3,1,2,1,25,5,1587,1,12,-1,-1,-1
2017440342240,2,9,0,18,0,0,0,0,0,0,1,1,6,1,55,8,1997,2,10,-1,-1,-1
2017440342252,1,9,0,7,0,8,0,0,0,0,1,1,2,2,46,8,1968,2,10,7,3,7
2017440342252,2,9,0,18,0,8,0,0,0,0,2,1,2,2,37,7,998,1,7,4,2,4
2017440342258,1,9,0,18,0,0,0,0,0,0,2,1,2,2,50,8,1968,2,2,-1,-1,-1
2017440342258,2,9,0,18,0,0,0,0,0,0,1,1,2,1,30,6,999,1,1,-1,-1,-1
2017440342322,1,9,0,18,0,2,0,0,0,0,2,1,6,2,59,9,1560,2,6,9,3,9
2017440342322,2,9,0,18,0,2,0,0,0,0,1,1,6,3,-1,-1,1590,1,18,-1,-1,-1
2017440342405,1,9,0,17,0,0,5,0,0,0,1,1,1,1,26,6,1399,2,14,7,1,7
2017440342405,2,9,0,18,0,0,0,0,0,0,2,1,2,1,38,7,1896,2,10,6,1,6
2017440343164,1,9,0,18,0,0,0,0,0,0,1,1,6,1,80,11,1598,1,7,7,3,7
2017440343164,2,9,0,18,0,0,0,0,1,4,3,1,1,1,23,5,1995,2,1,-1,-1,-1
2017440343164,3,19,0,18,0,0,0,0,0,0,1,1,1,1,50,8,1499,2,3,4,1,4
2017440343217,1,3,0,18,0,0,0,0,0,0,0,1,6,1,35,6,125,1,-1,2,1,2
2017440343217,2,9,0,18,0,0,0,0,0,0,0,1,6,3,-1,-1,-1,-1,-1,-1,-1,-1
2017440343347,1,5,0,18,0,0,1,0,0,0,1,1,6,1,39,7,660,1,14,4,1,4
2017440343347,2,21,0,18,0,0,0,0,0,0,3,1,6,1,55,8,12902,2,1,5,3,5
2017440343347,3,19,0,18,0,0,0,0,0,0,1,1,6,1,21,5,1995,2,5,7,1,7
2017440343347,4,9,0,18,0,0,0,0,0,0,1,1,6,1,46,8,2261,1,13,5,1,5
2017440343667,1,9,0,18,0,8,0,0,0,0,1,1,6,1,27,6,1242,1,7,7,1,7
2017440343667,2,1,0,18,0,8,0,0,0,0,4,1,6,1,36,7,-1,-1,-1,-1,-1,-1
2017440343711,1,19,0,18,0,0,1,0,0,0,1,1,1,1,40,7,1753,2,13,3,1,3
2017440343711,2,9,0,3,0,0,0,0,0,0,2,1,1,1,24,5,2204,2,10,9,1,9
2017440343745,1,9,0,3,0,0,0,0,0,0,2,1,3,1,-1,-1,1560,2,3,-1,-1,-1
2017440343745,2,8,0,1,0,0,0,0,0,0,2,1,1,1,58,9,1753,2,7,-1,-1,-1
2017440343869,1,9,0,18,0,0,0,0,0,0,1,1,1,1,26,6,1598,2,1,3,1,3
2017440343959,1,9,0,3,0,1,0,0,0,0,2,1,6,1,35,6,1560,2,5,10,1,10
2017440343959,2,9,0,4,0,1,0,0,0,0,1,1,6,2,-1,-1,1999,1,11,10,1,10
2017440344103,1,9,0,4,0,8,0,0,7,0,2,1,6,1,48,8,1596,1,8,10,1,10
2017440344103,2,19,0,18,0,8,0,0,0,0,1,1,1,1,29,6,2143,2,6,5,1,5
2017440344359,1,3,0,18,0,8,0,0,0,0,1,1,6,1,25,5,125,1,-1,5,2,5
2017440344359,2,19,0,10,0,8,0,0,0,0,2,1,1,1,27,6,1995,2,10,5,3,5
2017440344366,1,9,0,18,0,0,0,0,0,0,4,1,6,2,72,10,1396,1,4,6,1,6
2017440344366,2,9,0,2,0,0,0,0,0,0,3,1,6,3,-1,-1,-1,-1,-1,-1,-1,-1
2017440344370,1,9,0,18,0,8,0,0,0,0,1,1,1,1,37,7,-1,-1,-1,6,1,6
2017440344370,2,1,0,7,0,8,0,0,0,0,1,1,6,1,40,7,-1,-1,-1,10,3,10
2017440344404,1,9,0,5,0,8,0,0,0,0,1,1,1,2,53,8,1596,1,12,10,1,10
2017440344404,2,11,0,12,0,1,0,0,0,0,3,1,1,1,25,5,4250,2,11,5,1,5
2017440344435,1,9,0,17,0,0,2,0,1,4,1,1,6,1,18,4,-1,-1,-1,10,3,10
2017440344647,1,9,0,18,0,0,0,0,0,0,1,1,6,2,23,5,1242,1,5,4,1,4
2017440344647,2,19,0,4,0,0,0,0,0,0,2,1,2,1,48,8,1560,2,-1,4,1,4
2017440344690,1,2,0,7,0,8,1,0,0,0,4,1,1,1,25,5,49,1,5,8,1,8
2017440344733,1,11,0,4,0,0,0,0,0,0,0,1,1,1,40,7,4500,2,3,10,1,10
2017440344833,1,9,0,18,0,8,0,0,0,0,1,1,2,1,54,8,1998,1,14,9,1,9
2017440344833,2,1,0,18,0,8,1,0,0,0,4,1,2,1,50,8,-1,-1,-1,10,1,10
2017440344853,1,9,0,18,0,0,5,0,1,4,4,1,6,1,23,5,1598,1,15,1,1,1
2017440344868,1,9,0,3,0,8,0,0,0,0,3,1,6,2,24,5,1796,1,9,4,1,4
2017440344868,2,9,0,18,0,8,0,0,0,0,1,1,6,3,-1,-1,1995,2,6,-1,-1,-1
2017440345008,1,9,0,18,0,1,5,0,0,0,0,1,6,1,27,6,1496,1,-1,9,1,9
2017440345237,1,9,0,18,0,0,2,0,5,6,3,1,6,1,45,7,1598,1,8,6,1,6
2017440345238,1,5,0,18,0,0,0,0,1,0,0,1,6,1,28,6,1202,1,4,3,1,3
2017440345238,2,20,0,18,0,0,0,0,0,0,0,1,6,3,-1,-1,-1,-1,-1,-1,-1,-1
2017440345250,1,9,0,7,0,8,0,0,0,0,4,1,6,2,-1,-1,1799,1,10,9,1,9
2017440345250,2,1,0,17,0,8,0,0,0,0,1,1,6,2,15,3,-1,-1,-1,8,1,8
2017440345474,1,17,0,18,0,1,0,0,0,0,1,1,1,1,67,10,6788,2,3,8,3,8
2017440345474,2,9,0,3,0,4,0,0,0,0,2,1,6,1,75,10,948,1,57,8,3,8
2017440345484,1,1,0,17,0,8,0,0,1,0,3,1,6,2,55,8,-1,-1,-1,5,1,5
2017440345484,2,9,0,18,0,8,0,0,0,0,4,1,6,3,-1,-1,-1,-1,-1,-1,-1,-1
2017440345764,1,9,0,18,0,1,0,0,0,0,1,1,6,1,56,9,1686,2,5,9,1,9
2017440345764,2,9,0,3,0,1,0,0,0,0,2,1,6,2,49,8,1587,1,11,4,2,4
2017440345793,1,9,0,13,0,8,0,0,0,0,0,1,6,3,-1,-1,-1,-1,-1,-1,-1,-1
2017440345793,2,9,0,18,0,8,0,0,0,0,0,1,6,2,29,6,1390,1,9,3,1,3
2017440345998,1,1,0,18,0,2,1,0,0,0,2,1,6,1,41,7,-1,-1,-1,4,1,4
2017440345998,2,9,0,18,0,2,0,0,0,0,1,1,6,1,-1,-1,-1,-1,-1,-1,-1,-1
2017440346001,1,19,0,18,0,0,0,0,0,0,4,1,1,1,41,7,1560,2,1,10,1,10
2017440346001,2,1,0,18,0,0,0,0,0,0,1,1,6,1,25,5,-1,-1,-1,6,1,6
2017440346130,1,9,0,12,0,0,0,0,0,0,3,1,6,2,29,6,1497,8,5,4,1,4
2017440346130,2,3,0,13,0,0,0,0,0,0,1,1,6,1,53,8,123,1,5,5,1,5
2017440346177,1,3,0,4,0,8,0,0,0,0,2,1,6,1,19,4,124,1,-1,4,1,4
2017440346177,2,3,0,4,0,8,0,0,0,0,1,1,6,1,18,4,125,1,1,1,1,1
2017440346284,1,9,0,5,0,1,0,0,0,0,2,1,6,1,31,6,1198,1,11,3,1,3
2017440346284,2,9,0,5,0,1,0,0,0,0,1,1,6,1,21,5,1397,1,17,2,1,2
2017440346284,3,1,0,18,0,8,0,0,0,0,0,1,6,1,14,3,-1,-1,-1,3,1,3
2017440346541,1,19,0,9,0,8,0,0,0,0,1,1,2,1,22,5,1753,2,12,2,1,2
2017440346541,2,9,0,17,0,8,0,0,0,0,4,1,2,1,19,4,-1,-1,-1,7,1,7
2017440346645,1,9,0,9,0,8,0,0,0,0,1,1,3,1,45,7,1896,2,16,5,1,5
2017440346645,2,1,0,14,0,8,0,0,0,0,1,1,2,1,20,4,-1,-1,-1,4,1,4
2017440346645,3,9,0,3,0,1,0,0,0,0,3,1,6,1,31,6,1956,2,5,1,1,1
2017440346707,1,5,0,18,0,8,0,0,0,0,1,1,1,2,52,8,499,1,22,10,1,10
2017440346707,2,9,0,9,0,8,0,0,0,0,3,1,1,2,28,6,1598,1,2,6,2,6
2017440346728,1,9,0,18,0,2,0,0,0,0,1,1,6,1,75,10,1229,1,13,7,1,7
2017440346855,1,1,0,18,0,1,0,0,0,0,4,1,6,1,39,7,-1,-1,-1,-1,-1,-1
2017440346855,2,21,0,18,0,1,0,0,0,0,3,1,6,1,58,9,-1,-1,-1,7,1,7
2017440347187,1,19,0,18,0,0,0,0,0,0,4,1,6,3,-1,-1,-1,-1,-1,-1,-1,-1
2017440347398,1,1,0,18,0,8,0,0,0,0,3,1,3,2,40,7,-1,-1,-1,3,1,3
2017440347398,2,9,0,7,0,8,0,0,0,0,4,1,6,3,-1,-1,-1,-1,-1,-1,-1,-1
2017440347405,1,8,0,18,0,1,0,0,0,0,1,1,1,1,43,7,1560,2,6,8,1,8
2017440347405,2,1,0,18,0,1,0,0,0,0,1,1,6,1,47,8,-1,-1,-1,4,1,4
2017440347596,1,9,0,18,0,2,0,0,0,0,2,1,2,1,36,7,1598,1,13,3,1,3
2017440347596,2,9,0,4,0,2,0,0,0,0,1,1,6,3,-1,-1,1598,1,2,-1,-1,-1
2017440347714,1,9,0,9,0,8,0,0,0,0,1,1,6,2,55,8,1329,1,1,9,1,9
2017440347714,2,3,0,18,0,8,0,0,0,0,1,1,6,2,22,5,125,1,-1,3,1,3
2017440347772,1,9,0,7,0,2,0,0,0,0,2,1,6,2,27,6,2143,2,3,4,1,4
2017440347772,2,9,0,18,0,2,0,0,0,0,1,1,6,1,47,8,2793,1,21,7,1,7
2017440347996,1,9,0,16,0,0,1,0,7,7,1,1,6,2,22,5,1997,2,9,3,1,3
2017440348015,1,9,0,17,0,8,0,0,0,0,1,1,2,1,24,5,1596,1,13,7,1,7
2017440348015,2,1,0,10,0,8,0,0,0,0,1,1,6,1,51,8,-1,-1,-1,8,1,8
2017440348030,1,3,0,17,0,0,0,0,0,0,1,1,6,1,41,7,124,1,16,2,1,2
2017440348030,2,19,0,16,0,0,0,0,0,0,1,1,6,1,42,7,-1,-1,-1,5,3,5
2017440348077,1,9,0,18,0,8,5,0,1,10,1,1,3,2,36,7,1598,1,6,10,2,10
2017440348077,2,9,0,10,0,8,0,0,0,0,2,1,2,1,20,4,1999,1,12,10,3,10
2017440348094,1,9,0,18,0,0,0,0,0,0,3,1,6,1,51,8,-1,-1,-1,6,1,6
2017440348396,1,9,0,18,0,0,0,0,0,0,1,1,6,1,-1,-1,-1,-1,-1,-1,-1,-1
2017440348396,2,1,0,18,0,0,0,0,0,0,3,1,6,2,17,4,-1,-1,-1,-1,-1,-1
2017440348593,1,1,0,18,0,8,0,0,0,0,1,1,6,1,20,4,-1,-1,-1,3,1,3
2017440348593,2,9,0,18,0,6,0,0,0,0,1,1,6,3,-1,-1,-1,-1,-1,-1,-1,-1
2017440348646,1,9,0,9,0,8,0,0,1,0,1,1,6,1,69,10,2498,1,16,10,1,10
2017440348646,2,20,0,18,0,8,0,0,0,0,1,1,1,1,46,8,7698,2,2,3,1,3
2017440348648,1,9,0,18,0,8,0,0,0,0,1,1,3,2,43,7,1783,1,14,7,2,7
2017440348648,2,9,0,1,0,8,0,0,0,0,2,1,3,2,28,6,1596,1,11,4,2,4
2017440348730,1,9,0,18,0,0,0,0,0,0,1,1,6,2,48,8,1398,2,4,6,1,6
2017440348736,1,9,0,9,0,8,0,0,0,0,0,1,6,3,-1,-1,-1,-1,-1,-1,-1,-1
2017440348736,2,11,0,18,0,1,0,0,0,0,0,1,1,1,38,7,6930,2,15,6,1,6
2017440348789,1,19,0,4,0,0,0,0,0,0,1,1,1,1,32,6,2198,2,2,10,1,10
2017440348789,2,9,0,4,0,0,0,0,0,0,2,1,1,1,57,9,-1,-1,-1,10,1,10
2017440348800,1,9,0,18,0,8,0,0,0,0,1,1,2,2,41,7,1364,1,1,9,1,9
2017440348800,2,20,0,4,0,8,0,0,0,0,2,1,1,1,20,4,2287,2,4,4,1,4
2017440348846,1,9,0,18,0,8,0,0,0,0,1,1,6,2,64,9,2497,2,12,9,1,9
2017440348846,2,5,0,18,0,8,0,0,0,0,4,1,1,1,47,8,1170,1,1,8,1,8
2017440349036,1,9,0,18,9,8,0,0,0,0,1,1,6,1,26,6,1198,1,10,10,3,10
2017440349202,1,9,0,7,0,8,0,0,0,0,1,1,1,1,48,8,1797,8,7,9,1,9
2017440349202,2,9,0,18,0,8,0,0,0,0,1,1,6,1,18,4,1390,1,9,4,1,4
2017440349454,1,4,0,18,0,1,0,0,0,0,1,1,6,1,46,8,200,1,57,3,1,3
2017440349530,1,9,0,18,0,8,0,0,7,1,4,1,1,2,46,8,1598,2,1,8,1,8
2017440349530,2,9,0,18,0,8,0,0,1,1,1,1,6,2,69,10,1598,1,11,10,2,10
2017440349641,1,9,0,5,0,8,0,0,3,5,1,1,6,1,66,10,1598,1,7,3,1,3
2017440349658,1,9,0,12,0,0,0,0,0,0,3,1,6,1,17,4,1299,1,16,6,1,6
2017440349658,2,9,0,18,0,0,0,0,0,0,4,1,6,2,37,7,1242,1,16,6,1,6
2017440349684,1,9,0,4,0,0,0,0,0,0,2,1,6,2,30,6,1995,2,3,10,3,10
2017440349684,2,9,0,4,0,0,0,0,0,0,1,1,6,2,50,8,1497,8,-1,7,1,7
2017440349689,1,9,0,9,0,8,0,0,0,0,1,1,1,1,59,9,998,1,18,5,3,5
2017440349689,2,1,0,9,0,8,0,0,0,0,2,1,6,2,49,8,-1,-1,-1,1,1,1
2017440349851,1,9,0,18,0,1,0,0,0,0,1,1,6,2,47,8,1229,1,3,3,1,3
2017440349925,1,9,0,5,0,8,0,0,0,0,1,1,6,1,-1,-1,1998,1,15,-1,-1,-1
2017440349948,1,9,0,18,0,0,0,0,1,0,1,1,6,1,65,9,1598,2,2,4,1,4
2017440349948,2,1,0,18,9,0,0,0,0,0,4,1,6,1,61,9,-1,-1,-1,10,1,10
2017440349955,1,9,0,18,0,0,0,0,0,0,1,1,6,1,22,5,1396,2,1,3,1,3
2017440349981,1,3,0,18,0,8,1,0,0,0,1,1,2,1,18,4,124,1,4,10,1,10
2017440349981,2,9,0,18,0,8,0,0,0,0,3,1,6,1,38,7,1200,1,2,9,1,9
2017440350218,1,9,0,9,0,8,0,0,0,0,1,1,6,1,22,5,1995,2,10,7,3,7
2017440350545,1,9,0,18,0,0,0,0,0,0,0,1,6,3,-1,-1,-1,-1,-1,-1,-1,-1
2017440350566,1,9,0,18,0,0,0,0,0,0,1,1,6,1,69,10,1969,2,-1,10,2,10
2017440350566,2,9,0,18,0,0,0,0,0,0,1,1,6,2,59,9,998,1,17,6,1,6
2017440350566,3,9,0,18,0,0,0,0,0,0,1,1,6,2,34,6,998,1,5,1,1,1
2017440350566,4,9,0,18,0,0,0,0,0,0,1,1,6,1,62,9,1360,1,10,6,1,6
2017440350699,1,9,0,5,0,1,0,0,0,0,1,1,6,2,28,6,1086,1,13,8,1,8
2017440350699,2,1,0,18,0,1,0,0,0,0,3,1,6,1,49,8,-1,-1,-1,9,1,9
2017440351201,1,9,0,16,0,0,2,0,8,11,1,1,2,1,18,4,1124,1,13,7,3,7
2017440351226,1,9,0,3,0,1,0,0,0,0,2,1,6,2,29,6,1398,1,7,10,1,10
2017440351226,2,9,0,4,0,1,0,0,0,0,1,1,6,3,-1,-1,-1,-1,-1,-1,-1,-1
2017440351292,1,1,0,18,0,8,0,0,0,0,4,1,6,1,46,8,-1,-1,-1,9,1,9
2017440351292,2,9,0,5,0,8,0,0,0,0,1,1,6,1,29,6,1198,1,12,3,1,3
2017440351339,1,9,0,18,0,8,0,0,0,0,1,1,1,1,33,6,1495,1,19,6,1,6
2017440351339,2,9,0,9,0,8,0,0,0,0,1,1,6,1,48,8,1997,1,9,1,1,1
2017440351340,1,9,0,18,0,8,1,10,0,0,1,1,6,1,17,4,1390,1,5,10,1,10
2017440351619,1,2,0,18,9,0,0,0,7,0,1,1,6,1,16,4,49,1,13,7,1,7
2017440351619,2,19,0,18,9,0,0,0,7,0,1,1,6,1,50,8,2198,2,2,8,1,8
2017440351650,1,8,0,18,0,8,0,0,0,0,3,1,1,1,43,7,1968,2,3,6,1,6
2017440351650,2,9,0,9,0,8,0,0,0,0,1,1,6,1,46,8,998,1,10,4,1,4
2017440351711,1,9,0,9,0,8,0,0,0,0,1,1,1,1,44,7,1396,1,16,1,1,1
2017440351711,2,1,0,18,0,8,0,0,0,0,1,1,6,2,38,7,-1,-1,-1,5,1,5
2017440352055,1,9,0,18,0,0,0,0,0,0,0,1,6,2,23,5,1598,1,3,1,1,1
2017440352055,2,9,0,4,0,0,0,0,0,0,0,1,6,1,31,6,1598,1,7,-1,-1,-1
2017440352138,1,19,0,12,0,0,0,0,0,0,1,1,1,1,26,6,1598,2,1,8,1,8
2017440352138,2,9,0,12,0,0,0,0,0,0,2,1,6,1,33,6,1896,2,8,2,1,2
2017440352138,3,9,0,12,0,0,0,0,0,0,2,1,6,2,60,9,2987,2,12,9,1,9
2017440352246,1,9,0,9,0,8,0,0,0,0,2,1,6,1,48,8,998,1,4,3,1,3
2017440352246,2,9,0,9,0,8,0,0,0,0,1,1,2,3,-1,-1,1229,1,9,-1,-1,-1
2017440352354,1,9,0,18,0,0,0,0,0,0,1,1,3,2,43,7,1248,1,4,3,1,3
2017440352397,1,1,0,18,0,0,0,0,0,0,3,1,4,1,13,3,-1,-1,-1,10,1,10
2017440352397,2,9,0,18,0,0,0,0,0,0,1,1,3,1,50,8,1997,2,8,8,1,8
2017440352604,1,9,0,16,0,8,0,0,0,0,1,1,6,2,19,4,1296,1,17,6,2,6
2017440352604,2,9,0,3,0,8,0,0,0,0,2,1,6,1,51,8,2497,1,23,9,3,9
2017440352607,1,9,0,1,0,2,0,0,0,0,2,1,6,1,27,6,1995,1,12,7,3,7
2017440352895,1,9,0,9,0,8,0,0,0,0,1,1,6,2,61,9,1242,1,4,9,1,9
2017440352895,2,9,0,9,0,8,0,0,0,0,3,1,6,2,43,7,1364,1,9,2,1,2
2017440353088,1,19,0,9,0,8,0,0,0,0,1,1,1,3,-1,-1,1560,2,2,-1,-1,-1
2017440353088,2,1,0,17,0,8,0,0,0,0,4,1,1,1,42,7,-1,-1,-1,10,1,10
2017440353127,1,1,0,9,0,8,0,0,0,0,1,1,1,2,33,6,-1,-1,-1,8,1,8
2017440353127,2,9,0,17,0,8,0,0,0,0,1,1,1,2,20,4,1598,1,11,10,1,10
2017440353202,1,9,0,18,0,0,0,0,0,0,1,1,6,3,-1,-1,-1,-1,-1,-1,-1,-1
2017440353305,1,9,0,18,0,0,0,11,0,0,4,1,2,3,-1,-1,1591,1,3,-1,-1,-1
2017440353305,2,1,0,18,0,0,0,0,0,0,2,1,6,1,51,8,-1,-1,-1,10,1,10
2017440353354,1,1,0,18,0,8,0,0,0,0,1,1,6,1,18,4,-1,-1,-1,9,1,9
2017440353354,2,9,0,7,0,8,0,0,0,0,1,1,6,3,-1,-1,-1,-1,-1,-1,-1,-1
2017440353553,1,9,0,4,0,0,0,0,0,0,2,1,1,2,25,5,1242,1,13,2,1,2
2017440353553,2,9,0,18,0,0,0,0,0,0,1,1,6,1,35,6,1360,1,12,3,1,3
2017440353778,1,9,0,18,0,8,0,0,0,0,4,1,6,1,48,8,1341,1,16,10,1,10
2017440353778,2,9,0,18,0,8,1,0,0,0,1,1,6,3,-1,-1,-1,-1,-1,-1,-1,-1
2017440353810,1,9,0,18,0,1,0,0,0,0,2,1,1,2,42,7,1396,1,17,10,1,10
2017440353810,2,9,0,18,0,1,0,0,0,0,1,1,1,2,32,6,-1,-1,-1,9,2,9
2017440353893,1,9,0,18,0,8,0,0,0,0,1,1,6,2,28,6,1686,2,7,-1,-1,-1
2017440353893,2,1,0,18,0,8,0,0,0,0,4,1,6,2,39,7,-1,-1,-1,1,1,1
2017440353960,1,9,0,18,0,1,1,0,1,9,1,1,2,2,26,6,1349,1,6,8,1,8
2017440354001,1,9,0,6,0,0,0,0,0,0,4,1,6,1,18,4,1390,1,17,3,1,3
2017440354001,2,9,0,18,0,0,0,0,0,0,3,1,6,2,49,8,1598,1,12,6,3,6
2017440354027,1,9,0,10,0,1,0,0,0,0,2,1,6,2,57,9,1364,1,1,2,1,2
2017440354027,2,9,0,18,0,1,0,0,0,0,1,1,6,1,-1,-1,-1,-1,-1,-1,-1,-1
2017440354158,1,9,0,7,0,8,0,0,0,0,3,1,6,2,29,6,1399,2,9,10,1,10
2017440354158,2,1,0,18,0,8,0,0,0,0,1,1,6,1,51,8,-1,-1,-1,9,1,9
2017440354178,1,9,0,18,0,8,0,0,0,0,1,1,2,1,53,8,1998,1,1,7,1,7
2017440354178,2,1,0,18,0,8,0,0,0,0,1,1,6,2,13,3,-1,-1,-1,3,1,3
2017440354273,1,19,0,7,0,8,0,0,0,0,1,1,6,3,-1,-1,-1,-1,-1,-1,-1,-1
2017440354299,1,9,0,18,0,1,0,0,0,0,1,1,6,1,36,7,1229,1,13,1,1,1
2017440354446,1,1,0,18,0,0,0,0,0,0,3,1,2,1,61,9,-1,-1,-1,9,3,9
2017440354446,2,9,0,18,0,0,0,0,0,0,4,1,2,2,38,7,1896,2,14,8,3,8
2017440354446,3,9,0,18,0,0,0,0,0,0,4,1,2,1,37,7,1997,1,14,9,3,9
2017440354930,1,9,0,18,0,8,0,0,0,0,0,1,6,3,-1,-1,-1,-1,-1,-1,-1,-1
2017440354930,2,9,0,18,0,8,1,10,1,0,4,1,6,1,27,6,1388,1,18,5,1,5
2017440355010,1,9,0,18,0,8,0,0,0,0,4,1,1,2,44,7,1399,2,8,3,1,3
2017440355010,2,9,0,9,0,8,0,0,0,0,1,1,2,2,57,9,995,1,8,-1,-1,-1
2017440355014,1,21,0,18,0,0,1,0,0,0,1,1,1,1,42,7,4250,2,10,3,1,3
2017440355014,2,9,0,3,0,0,0,0,0,0,2,1,6,2,28,6,1995,2,8,5,1,5
2017440355164,1,9,0,18,0,1,0,0,0,0,4,1,6,2,-1,-1,1200,1,-1,10,1,10
2017440355355,1,3,0,18,0,2,0,0,0,0,1,1,6,1,18,4,124,1,2,5,1,5
2017440355396,1,1,0,18,0,1,0,0,0,0,3,1,6,2,28,6,-1,-1,-1,2,1,2
2017440355396,2,9,0,11,0,1,0,0,0,0,4,1,6,3,-1,-1,1397,1,10,-1,-1,-1
2017440355473,1,8,0,11,0,0,0,0,0,0,4,1,1,1,40,7,1598,2,1,5,1,5
2017440355473,2,90,0,18,0,0,0,0,0,0,3,1,1,2,37,7,-1,-1,-1,1,1,1
2017440355494,1,9,0,18,0,0,0,0,0,0,1,1,6,1,62,9,2143,2,1,8,2,8
2017440355494,2,9,0,12,0,0,0,0,0,0,2,1,6,1,25,5,1998,1,16,9,1,9
2017440355776,1,19,0,18,0,8,0,0,1,10,1,1,6,1,23,5,1399,2,13,8,2,8
2017440355812,1,9,0,18,0,1,0,0,0,0,1,1,6,2,-1,-1,1199,1,14,-1,-1,-1
2017440355824,1,9,0,3,0,1,0,0,0,0,2,1,2,2,55,8,-1,-1,-1,5,1,5
2017440355824,2,9,0,18,0,1,0,0,0,0,1,1,6,3,-1,-1,-1,-1,-1,-1,-1,-1
2017440355957,1,9,0,4,0,0,0,0,0,0,2,1,1,2,27,6,998,1,3,10,1,10
2017440355957,2,9,0,18,0,0,0,0,0,0,1,1,1,1,20,4,1398,1,6,-1,-1,-1
2017440356040,1,19,0,12,0,0,0,0,0,0,3,1,1,1,31,6,2198,2,3,2,1,2
2017440356040,2,9,0,17,0,0,5,0,0,0,4,1,2,1,20,4,1395,1,-1,5,3,5
2017440356766,1,3,0,18,0,0,0,0,0,0,1,1,2,1,45,7,123,1,10,9,1,9