Accident_Index,Vehicle_Reference,Vehicle_Type,Towing_and_Articulation,Vehicle_Manoeuvre,Vehicle_Location-Restricted_Lane,Junction_Location,Skidding_and_Overturning,Hit_Object_in_Carriageway,Vehicle_Leaving_Carriageway,Hit_Object_off_Carriageway,1st_Point_of_Impact,Was_Vehicle_Left_Hand_Drive?,Journey_Purpose_of_Driver,Sex_of_Driver,Age_of_Driver,Age_Band_of_Driver,Engine_Capacity_(CC),Propulsion_Code,Age_of_Vehicle,Driver_IMD_Decile,Driver_Home_Area_Type,Vehicle_IMD_Decile
2017440356766,2,1,0,18,0,0,0,0,0,0,3,1,2,1,43,7,-1,-1,-1,8,1,8
2017440356891,1,9,0,9,0,8,0,0,0,0,3,1,6,1,21,5,1598,1,2,10,3,10
2017440356891,2,2,0,16,0,8,0,0,0,0,1,1,6,1,17,4,49,1,3,10,1,10
2017440357081,1,9,0,18,0,2,0,0,7,0,3,1,6,1,21,5,1796,1,9,10,1,10
2017440357081,2,9,0,18,0,1,0,0,0,0,1,1,6,1,49,8,1398,2,4,10,1,10
2017440357103,1,3,0,17,0,0,0,11,0,0,1,1,2,1,27,6,123,1,1,7,3,7
2017440357336,1,5,0,18,0,8,0,0,0,0,1,1,6,1,55,8,-1,-1,-1,10,1,10
2017440357336,2,9,0,18,0,8,0,0,0,0,1,1,6,1,79,11,-1,-1,-1,10,1,10
2017440357360,1,23,0,9,0,8,0,0,0,0,3,1,2,2,20,4,-1,3,-1,10,1,10
2017440357360,2,19,0,18,0,8,0,0,0,0,1,1,2,1,38,7,2287,2,9,3,1,3
2017440357427,1,9,0,4,0,1,0,0,0,0,2,1,6,2,24,5,1229,1,4,10,1,10
2017440357427,2,9,0,18,0,1,0,0,0,0,1,1,6,3,-1,-1,1598,2,1,-1,-1,-1
2017440357450,1,21,0,13,0,1,0,0,0,0,0,1,1,1,36,7,12809,2,2,2,1,2
2017440357450,2,1,0,18,0,1,0,0,0,0,0,1,6,1,57,9,-1,-1,-1,6,1,6
2017440357457,1,9,0,4,0,8,0,0,0,0,2,1,3,1,49,8,2143,2,1,-1,-1,-1
2017440357457,2,9,0,18,0,8,0,0,0,0,1,1,6,1,71,10,1598,1,14,5,1,5
2017440357568,1,1,0,18,0,0,0,0,0,0,3,1,6,1,38,7,-1,-1,-1,5,1,5
2017440357568,2,9,0,7,0,0,0,0,0,0,4,1,6,3,-1,-1,-1,-1,-1,-1,-1,-1
2017440357714,1,9,0,18,0,0,0,0,0,0,4,1,6,2,-1,-1,1461,2,11,-1,-1,-1
2017440357937,1,19,0,18,0,0,0,0,0,0,1,1,1,1,56,9,2143,2,4,5,2,5
2017440357937,2,9,0,18,0,0,0,0,0,0,2,1,6,1,31,6,1991,2,9,7,1,7
2017440357989,1,19,0,12,0,8,0,0,0,0,1,1,6,1,28,6,1995,2,-1,3,1,3
2017440357989,2,9,0,18,0,8,0,0,0,0,1,1,6,1,51,8,2231,2,10,10,2,10
2017440357989,3,9,0,18,0,8,0,0,0,0,2,1,6,1,34,6,2720,2,10,7,1,7
2017440357989,4,9,3,18,0,8,0,0,0,0,4,1,6,1,60,9,-1,-1,-1,7,1,7
2017440357989,5,9,0,18,0,8,0,0,0,0,1,1,6,1,27,6,3200,2,15,2,1,2
2017440358040,1,9,0,18,0,2,0,0,0,0,1,1,3,2,30,6,1968,2,9,2,1,2
2017440358040,2,9,0,4,0,2,0,0,0,0,2,1,3,2,20,4,1596,1,16,2,1,2
2017440358040,3,9,0,18,0,2,0,0,0,0,2,1,3,2,27,6,1582,2,3,-1,-1,-1
2017440358324,1,9,0,16,0,0,2,0,5,4,1,1,6,1,28,6,2793,1,17,10,1,10
2017440358374,1,9,0,18,0,8,0,0,0,0,1,1,6,2,20,4,1299,1,10,9,1,9
2017440358374,2,9,0,18,0,8,0,0,0,0,4,1,6,2,36,7,1242,1,4,4,1,4
2017440358442,1,21,0,18,0,0,0,0,2,4,1,1,1,1,55,8,6693,2,4,4,1,4
2017440358709,1,8,0,5,0,0,0,0,0,0,0,1,1,1,36,7,1582,2,1,9,1,9
2017440358864,1,9,0,17,0,0,1,0,1,10,4,1,6,2,26,6,-1,-1,-1,7,2,7
2017440359193,1,9,0,9,0,8,0,0,0,0,1,1,6,1,82,11,1349,1,9,4,1,4
2017440359373,1,9,0,9,0,8,0,0,0,0,4,1,6,1,19,4,-1,-1,-1,9,3,9
2017440359373,2,9,0,18,0,8,0,0,0,0,1,1,6,1,70,10,3000,2,24,7,3,7
2017440359380,1,1,0,9,0,8,0,0,0,0,3,1,6,2,31,6,-1,-1,-1,6,1,6
2017440359380,2,2,0,13,0,8,1,0,0,0,4,1,6,1,17,4,50,1,6,3,2,3
2017440359422,1,2,0,18,0,8,1,0,0,0,1,1,6,1,17,4,124,1,1,8,3,8
2017440359422,2,9,0,18,0,8,0,0,0,0,4,1,6,2,46,8,-1,-1,-1,9,1,9
2017440359436,1,9,0,18,0,0,0,0,0,0,4,1,6,3,-1,-1,-1,-1,-1,-1,-1,-1
2017440359572,1,9,0,5,0,8,0,0,0,0,3,1,6,2,58,9,1799,1,8,10,1,10
2017440359572,2,1,0,18,0,8,0,0,0,0,1,1,6,1,16,4,-1,-1,-1,10,1,10
2017440359668,1,19,0,9,0,8,0,0,0,0,1,1,6,1,30,6,2198,2,2,8,1,8
2017440359668,2,9,0,17,0,8,0,0,0,0,1,1,6,1,32,6,1598,2,2,4,1,4
2017440359776,1,9,0,18,0,0,1,0,2,6,2,1,2,2,47,8,-1,-1,-1,3,1,3
2017440360023,1,21,0,2,0,0,0,0,0,0,2,1,6,1,28,6,-1,2,19,-1,-1,-1
2017440360023,2,19,0,18,0,0,0,4,0,0,1,1,6,2,61,9,2461,2,14,9,1,9
2017440360087,1,9,0,18,0,0,0,0,0,0,4,1,2,1,56,9,1769,1,16,8,2,8
2017440360087,2,90,0,12,0,0,0,0,0,0,4,1,6,2,40,7,-1,-1,-1,9,2,9
2017440360154,1,9,0,3,0,0,0,0,0,0,2,1,6,1,35,6,1560,2,6,2,1,2
2017440360154,2,9,0,18,0,0,0,0,0,0,1,1,6,3,-1,-1,1997,2,13,-1,-1,-1
2017440360224,1,9,0,18,0,0,0,0,0,0,2,1,1,1,59,9,2495,2,32,4,3,4
2017440360224,2,1,0,18,0,0,0,0,0,0,1,1,6,1,34,6,-1,-1,-1,2,1,2
2017440360338,1,9,0,9,0,8,0,0,0,0,1,1,6,1,37,7,1598,2,4,5,1,5
2017440360338,2,9,0,18,0,8,5,7,0,0,3,1,6,1,21,5,1086,1,8,10,1,10
2017440360360,1,1,0,18,0,8,0,0,0,0,1,1,6,1,40,7,-1,-1,-1,5,1,5
2017440360360,2,9,0,5,0,8,0,0,0,0,3,1,6,3,-1,-1,-1,-1,-1,-1,-1,-1
2017440360399,1,19,0,7,0,8,0,0,0,0,3,1,6,1,34,6,2198,2,1,5,3,5
2017440360399,2,1,0,18,0,8,0,0,0,0,1,1,6,2,50,8,-1,-1,-1,5,3,5
2017440360476,1,9,0,9,0,8,0,0,1,0,4,1,6,2,31,6,998,1,2,6,1,6
2017440360476,2,9,0,18,0,8,0,0,0,0,1,1,6,1,51,8,1598,1,16,6,1,6
2017440360485,1,2,0,18,0,1,0,0,0,0,1,1,6,1,17,4,49,1,1,2,1,2
2017440360485,2,9,0,18,0,1,0,0,0,0,2,1,6,3,-1,-1,-1,-1,-1,-1,-1,-1
2017440360520,1,9,0,18,0,1,0,9,7,1,1,1,6,2,79,11,1596,1,1,5,1,5
2017440360645,1,9,0,18,0,8,0,0,0,0,3,1,6,1,54,8,2179,2,5,6,1,6
2017440360645,2,9,0,7,0,8,0,0,0,0,1,1,6,2,31,6,1248,1,5,6,1,6
2017440360718,1,9,0,5,0,0,0,0,0,0,0,1,1,1,36,7,1997,2,6,3,1,3
2017440360723,1,9,0,4,0,0,0,0,0,0,1,1,6,1,25,5,2500,1,8,6,1,6
2017440360723,2,9,0,3,0,0,0,0,0,0,2,1,6,1,44,7,1596,1,10,10,1,10
2017440360737,1,9,0,9,0,8,0,0,0,0,1,1,2,1,46,8,999,1,-1,7,1,7
2017440360737,2,9,0,18,0,8,0,0,0,0,1,1,6,1,39,7,2967,1,17,5,1,5
2017440361228,1,1,0,18,0,0,1,0,0,0,1,1,2,1,58,9,-1,-1,-1,9,1,9
2017440361228,2,9,0,2,0,0,0,0,0,0,3,1,6,3,-1,-1,2477,2,16,-1,-1,-1
2017440361320,1,9,0,14,0,2,0,0,0,0,1,1,6,2,40,7,1197,1,4,6,3,6
2017440361320,2,9,0,18,0,1,0,0,0,0,1,1,6,1,-1,-1,1200,1,2,-1,-1,-1
2017440361405,1,9,0,10,0,8,0,0,0,0,2,1,6,2,55,8,1596,1,10,4,3,4
2017440361405,2,9,0,18,0,8,0,0,0,0,1,1,1,1,44,7,-1,-1,-1,4,1,4
2017440361497,1,9,0,4,0,0,0,0,0,0,0,1,1,3,-1,-1,1598,2,2,-1,-1,-1
2017440361502,1,9,0,4,0,0,0,0,0,0,2,1,6,2,27,6,1398,1,2,5,1,5
2017440361502,2,9,0,18,0,0,0,0,0,0,1,1,6,2,-1,-1,1229,1,7,-1,1,-1
2017440361644,1,9,0,4,0,0,0,0,0,0,2,1,6,2,25,5,2143,2,2,5,1,5
2017440361644,2,9,0,18,0,0,0,0,0,0,1,1,6,1,18,4,1229,1,3,7,3,7
2017440361748,1,9,0,11,0,0,0,0,0,0,4,1,6,1,54,8,2435,1,18,7,1,7
2017440361748,2,9,0,18,0,0,0,0,0,0,3,1,6,1,62,9,2400,2,9,7,3,7
2017440361926,1,9,0,18,0,0,0,4,7,11,1,1,6,2,92,11,1124,1,16,10,1,10
2017440361926,2,9,0,2,0,0,0,0,0,0,2,1,6,3,-1,-1,1995,2,7,-1,-1,-1
2017440361947,1,19,0,18,0,8,1,0,0,0,1,1,1,1,28,6,2198,2,7,6,1,6
2017440361947,2,9,0,4,0,1,0,0,0,0,2,1,6,1,53,8,1995,2,11,10,2,10
2017440361947,3,9,0,8,0,8,0,0,0,0,2,1,6,1,47,8,2993,2,9,10,1,10
2017440362107,1,1,0,18,0,8,0,0,0,0,4,1,2,1,50,8,-1,-1,-1,9,1,9
2017440362107,2,9,0,7,0,8,0,0,0,0,1,1,1,3,-1,-1,1299,1,12,-1,-1,-1
2017440362492,1,3,0,18,0,8,0,0,0,0,1,1,2,1,17,4,123,1,1,5,1,5
2017440362492,2,9,0,18,0,8,0,0,0,0,1,1,2,2,50,8,1086,1,12,6,1,6
2017440362528,1,1,0,9,0,8,0,0,0,0,4,1,4,1,13,3,-1,-1,-1,2,1,2
2017440362528,2,9,0,7,0,8,0,0,0,0,1,1,2,3,-1,-1,-1,-1,-1,-1,-1,-1
2017440362632,1,9,0,9,0,8,0,0,0,0,3,1,1,1,49,8,1956,2,4,4,1,4
2017440362632,2,9,0,18,0,8,0,0,0,0,1,1,6,2,40,7,1587,1,10,3,1,3
2017440362654,1,9,0,18,0,8,0,0,3,11,1,1,6,1,20,4,1364,1,7,4,1,4
2017440362767,1,9,0,3,0,0,0,0,0,0,2,1,2,2,21,5,1599,1,13,2,1,2
2017440362767,2,9,0,5,0,0,0,0,0,0,1,1,6,1,-1,-1,-1,-1,-1,-1,-1,-1
2017440363225,1,11,0,5,0,0,0,0,0,0,0,1,1,3,-1,-1,-1,-1,-1,-1,-1,-1
2017440363293,1,9,0,9,0,8,0,0,4,0,3,1,6,1,-1,-1,1389,1,20,-1,-1,-1
2017440363293,2,9,0,18,0,8,0,0,4,0,1,1,6,2,25,5,998,1,2,10,1,10
2017440363318,1,9,0,7,5,8,0,0,0,0,4,1,2,2,33,6,1596,1,13,8,1,8
2017440363318,2,1,0,18,5,8,0,0,0,0,1,1,2,1,45,7,-1,-1,-1,9,1,9
2017440363350,1,1,0,18,0,2,0,0,0,0,3,1,6,1,33,6,-1,-1,-1,6,1,6
2017440363350,2,11,0,13,0,2,0,0,0,0,4,1,1,3,-1,-1,9000,2,13,-1,-1,-1
2017440363702,1,9,0,7,0,8,0,0,0,0,1,1,6,3,-1,-1,-1,-1,-1,-1,-1,-1
2017440363862,1,5,0,18,0,0,0,0,0,0,1,1,6,1,43,7,689,1,2,7,1,7
2017440363910,1,1,0,18,0,0,0,0,0,0,0,1,6,2,23,5,-1,-1,-1,8,3,8
2017440363966,1,19,0,18,0,8,0,0,0,0,3,1,1,1,46,8,1968,2,1,9,1,9
2017440364032,1,1,0,18,0,8,0,0,0,0,1,1,1,2,23,5,-1,-1,-1,3,1,3
2017440364032,2,9,0,18,0,8,0,0,0,0,4,1,6,1,-1,-1,-1,-1,-1,-1,-1,-1
2017440364275,1,1,0,18,0,8,0,0,0,0,3,1,6,1,64,9,-1,-1,-1,10,1,10
2017440364275,2,9,0,9,0,8,0,0,0,0,4,1,6,1,-1,-1,1950,2,-1,-1,-1,-1
2017440364425,1,9,4,18,0,0,0,0,0,0,0,1,6,1,66,10,1596,1,12,7,1,7
2017440364425,2,9,0,18,0,0,0,0,0,0,1,1,1,2,53,8,1388,1,8,5,1,5
2017440364425,3,9,0,18,0,0,0,0,0,0,4,1,1,1,39,7,1968,2,3,-1,-1,-1
2017440364512,1,9,0,3,0,1,0,0,0,0,2,1,6,2,28,6,1461,2,3,4,1,4
2017440364512,2,9,0,4,0,1,0,0,0,0,1,1,6,2,43,7,1598,1,8,4,2,4
2017440364521,1,9,0,4,0,0,0,0,0,0,1,1,1,1,-1,-1,1968,2,3,6,1,6
2017440364521,2,9,0,18,0,0,0,0,0,0,3,1,6,1,21,5,1396,1,13,10,1,10
2017440364799,1,9,0,18,0,8,0,0,0,0,3,1,2,2,50,8,1956,2,3,8,1,8
2017440364799,2,9,0,18,0,8,0,0,0,0,1,1,6,3,-1,-1,-1,-1,-1,-1,-1,-1
2017440364898,1,9,0,9,0,8,0,0,0,0,1,1,6,1,69,10,1999,1,7,10,1,10
2017440364898,2,2,0,13,0,8,0,0,0,0,4,1,6,1,16,4,48,1,-1,8,1,8
2017440365061,1,11,0,18,0,8,0,0,0,0,1,1,1,1,61,9,4461,2,4,8,1,8
2017440365061,2,9,0,7,0,8,0,0,0,0,1,1,6,3,-1,-1,1388,1,11,-1,-1,-1
2017440365087,1,3,0,18,0,0,0,0,0,0,1,1,6,2,20,4,124,1,3,4,1,4
2017440365087,2,19,0,13,0,0,0,0,0,0,0,1,6,3,-1,-1,-1,-1,-1,-1,-1,-1
2017440365087,3,9,0,2,0,0,0,0,0,0,3,1,6,3,-1,-1,-1,-1,-1,-1,-1,-1
2017440365559,1,9,0,16,0,0,0,0,1,9,1,1,2,2,50,8,1229,1,3,10,1,10
2017440365768,1,1,0,18,9,0,0,0,0,0,1,1,6,1,-1,-1,-1,-1,-1,-1,-1,-1
2017440366073,1,9,0,9,0,8,0,0,0,0,3,1,6,1,-1,-1,-1,-1,-1,-1,-1,-1
2017440366073,2,1,0,18,0,2,0,0,0,0,2,1,4,1,16,4,-1,-1,-1,4,1,4
2017440366115,1,9,0,18,0,0,0,0,0,0,1,1,6,1,73,10,1364,1,1,3,1,3
2017440366115,2,9,0,4,0,0,0,0,0,0,2,1,6,2,50,8,1229,1,5,7,3,7
2017440366142,1,9,0,18,0,0,0,0,0,0,1,1,6,2,29,6,1596,1,16,7,3,7
2017440366227,1,9,0,18,0,8,0,0,0,0,1,1,2,2,39,7,1686,2,5,8,2,8
2017440366242,1,9,0,7,0,8,0,0,0,0,4,1,6,1,58,9,1497,8,7,7,3,7
2017440366242,2,3,0,18,0,8,0,0,0,0,3,1,6,1,32,6,124,1,1,3,1,3
2017440366737,1,9,0,4,0,8,0,0,0,0,2,1,6,2,29,6,1296,1,9,2,1,2
2017440366737,2,9,0,18,0,8,0,0,0,0,1,1,6,3,-1,-1,-1,-1,-1,-1,-1,-1
2017440367068,1,9,0,5,0,8,0,0,0,0,3,1,1,1,38,7,1299,1,13,10,1,10
2017440367068,2,5,0,18,0,8,0,0,0,0,1,1,2,1,63,9,1600,1,8,9,1,9
2017440367097,1,9,0,9,0,8,0,0,0,0,4,1,2,1,59,9,1798,1,8,7,1,7
2017440367097,2,1,0,18,0,8,0,0,0,0,1,1,6,1,51,8,-1,-1,-1,9,1,9
2017440367113,1,9,0,9,0,8,0,0,0,0,1,1,2,2,23,5,1149,1,1,9,1,9
2017440367113,2,9,0,18,0,8,0,0,0,0,1,1,6,1,55,8,1398,1,7,2,1,2
2017440367125,1,9,0,18,0,8,0,0,0,0,1,1,2,2,19,4,1242,1,1,10,1,10
2017440367125,2,9,0,10,0,8,0,0,0,0,2,1,2,1,47,8,1995,2,7,10,1,10
2017440367187,1,9,0,9,0,8,0,0,0,0,4,1,3,2,32,6,1995,2,5,9,2,9
2017440367187,2,9,0,18,0,8,0,0,0,0,1,1,2,2,26,6,1496,2,1,10,1,10
2017440367333,1,4,0,4,0,0,1,0,0,0,4,1,6,1,51,8,278,1,8,5,3,5
2017440367440,1,2,0,17,0,8,0,0,0,0,1,1,6,1,16,4,50,1,-1,10,1,10
2017440367440,2,9,0,5,0,8,0,0,0,0,3,1,6,3,-1,-1,-1,-1,-1,-1,-1,-1
2017440367469,1,9,0,18,0,1,0,0,0,0,1,1,6,2,18,4,1199,1,13,9,2,9
2017440367469,2,9,0,4,0,1,0,0,0,0,2,1,6,2,67,10,998,1,1,10,1,10
2017440367616,1,9,0,18,0,0,0,0,0,0,1,1,6,1,-1,-1,1753,2,10,-1,-1,-1
2017440367616,2,1,0,18,0,0,0,0,0,0,2,1,6,1,61,9,-1,-1,-1,4,1,4
2017440367626,1,9,0,18,0,1,0,0,0,0,1,1,6,1,18,4,1229,1,1,3,1,3
2017440367626,2,9,0,2,0,1,0,0,0,0,2,1,6,3,-1,-1,1998,2,-1,-1,-1,-1
2017440367649,1,9,0,18,0,8,0,0,0,0,4,1,1,1,54,8,-1,-1,-1,3,1,3
2017440367649,2,19,0,9,0,8,0,0,0,0,1,1,1,1,33,6,2198,2,2,9,3,9
2017440367698,1,19,0,18,0,0,0,0,0,0,1,1,6,1,57,9,-1,-1,-1,7,1,7
2017440367698,2,20,0,18,0,0,0,0,0,0,3,1,1,1,23,5,5900,2,10,10,1,10
2017440367800,1,19,0,3,0,2,0,0,0,0,4,1,6,1,-1,-1,-1,-1,-1,-1,-1,-1
2017440367800,2,1,0,15,0,2,0,0,0,0,1,1,6,1,54,8,-1,-1,-1,4,1,4
2017440367883,1,9,0,3,0,0,0,0,0,0,2,1,6,2,67,10,2035,1,11,7,1,7
2017440367883,2,9,0,4,0,0,0,0,0,0,1,1,6,3,-1,-1,1995,2,9,-1,-1,-1
2017440367970,1,5,0,18,0,0,0,0,0,0,1,1,6,1,52,8,1450,1,12,4,1,4
2017440367970,2,9,0,4,0,0,0,0,0,0,2,1,6,1,36,7,1198,1,10,4,1,4
2017440368052,1,9,0,9,0,8,0,0,0,0,1,1,6,1,77,11,1596,1,10,8,1,8
2017440368052,2,1,0,18,0,8,0,0,0,0,3,1,6,2,39,7,-1,-1,-1,5,1,5
2017440368117,1,9,0,18,0,0,0,0,1,4,1,1,6,1,54,8,1598,1,14,1,1,1
2017440368117,2,9,0,2,0,0,0,0,0,0,4,1,6,3,-1,-1,1596,1,11,-1,-1,-1
2017440368117,3,9,0,2,0,0,0,0,0,0,4,1,6,3,-1,-1,2000,2,8,-1,-1,-1
2017440368500,1,9,0,18,0,8,0,0,0,0,1,1,6,1,18,4,1275,1,29,10,1,10
2017440368500,2,9,0,9,0,8,0,0,0,0,1,1,6,1,28,6,1995,2,8,10,1,10
2017440368805,1,9,0,13,0,8,0,0,0,0,4,1,6,3,-1,-1,-1,-1,-1,-1,-1,-1
2017440368805,2,1,0,18,0,8,0,0,1,10,3,1,6,2,20,4,-1,-1,-1,3,1,3
2017440368828,1,1,0,18,0,0,1,0,1,9,2,1,2,2,51,8,-1,-1,-1,5,3,5
2017440368828,2,9,0,18,0,0,0,0,0,0,4,1,6,3,-1,-1,-1,-1,-1,-1,-1,-1
2017440368845,1,9,0,18,0,0,0,0,0,0,0,1,6,3,-1,-1,-1,-1,-1,-1,-1,-1
2017440368845,2,9,0,18,0,0,1,0,5,6,0,1,1,2,41,7,1299,1,9,4,1,4
2017440368845,3,9,0,18,0,0,1,0,5,6,3,1,1,1,26,6,1896,2,14,10,1,10
2017440368935,1,9,0,18,0,8,0,0,0,0,4,1,6,1,43,7,2183,2,7,4,1,4
2017440368935,2,19,0,7,0,8,0,0,0,0,1,1,6,1,54,8,1968,2,4,8,1,8
2017440368976,1,9,0,18,0,2,0,0,0,0,4,1,6,1,76,11,1339,1,11,10,3,10
2017440369023,1,1,0,18,0,0,0,0,0,0,3,1,6,1,44,7,-1,-1,-1,8,1,8
2017440369023,2,9,0,18,0,0,0,0,0,0,1,1,6,1,-1,-1,-1,-1,-1,-1,-1,-1
2017440369075,1,9,0,18,0,8,0,0,0,0,1,1,6,2,46,8,1896,2,15,10,1,10
2017440369075,2,9,0,18,0,8,0,0,0,0,4,1,1,2,26,6,1599,1,9,4,1,4
2017440369081,1,9,0,7,0,8,0,0,0,0,3,1,6,1,45,7,1968,2,-1,8,2,8
2017440369081,2,5,0,18,0,8,0,0,0,0,4,1,6,1,29,6,999,1,-1,1,1,1
2017440369206,1,9,0,16,0,8,0,0,7,7,1,1,6,2,80,11,1598,1,10,9,3,9
2017440369400,1,9,0,18,0,8,0,0,0,0,4,1,6,1,19,4,995,1,6,6,1,6
2017440369400,2,9,0,9,0,8,0,0,0,0,1,1,6,2,48,8,1596,1,7,4,1,4
2017440369467,1,1,0,18,0,8,0,0,0,0,1,1,6,1,40,7,-1,-1,-1,8,3,8
2017440369467,2,9,0,9,0,8,0,0,0,0,3,1,6,1,-1,-1,1598,2,1,-1,-1,-1
2017440369548,1,9,0,9,0,8,0,0,0,0,3,1,6,2,84,11,1386,1,14,9,3,9
2017440369548,2,9,0,18,0,8,0,0,0,0,3,1,6,1,32,6,1968,2,10,10,1,10
2017440369558,1,2,0,16,0,0,1,0,0,0,4,1,1,1,21,5,108,1,1,2,1,2
2017440369563,1,9,0,18,0,0,0,0,0,0,1,1,6,1,60,9,-1,-1,-1,10,2,10
2017440369563,2,1,0,18,0,0,0,0,0,0,3,1,6,1,14,3,-1,-1,-1,9,1,9
2017440369875,1,9,0,18,0,0,1,0,2,7,4,1,6,2,20,4,1248,2,9,6,1,6
2017440369875,2,9,0,4,0,0,0,0,0,0,2,1,2,1,19,4,1598,1,-1,8,3,8
2017440369875,3,9,0,4,0,0,0,0,0,0,1,1,6,2,54,8,1984,1,-1,10,1,10
2017440369875,4,9,0,18,0,0,0,0,0,0,1,1,6,2,54,8,1598,2,-1,6,1,6
2017440370053,1,9,0,16,0,0,0,0,7,11,1,1,6,1,25,5,2771,1,17,4,1,4
2017440370305,1,9,0,10,0,8,0,0,7,10,2,1,6,1,70,10,1360,1,6,10,1,10
2017440370305,2,9,0,18,0,8,0,0,0,0,1,1,6,2,61,9,1988,1,17,4,3,4
2017440370305,3,9,0,18,0,8,0,0,0,0,1,1,6,2,28,6,1995,2,10,3,1,3
2017440370373,1,9,0,3,0,1,0,0,0,0,2,1,6,2,17,4,1328,1,7,6,1,6
2017440370373,2,19,0,18,0,1,0,0,0,0,1,1,6,1,50,8,2143,2,7,8,1,8
2017440370467,1,19,0,5,0,0,0,0,0,0,1,1,6,1,36,7,2198,2,5,-1,-1,-1
2017440370467,2,1,0,18,0,0,0,0,0,0,3,1,6,1,11,3,-1,-1,-1,5,1,5
2017440370476,1,1,0,9,0,8,0,0,0,0,3,1,6,2,47,8,-1,-1,-1,5,1,5
2017440370476,2,9,0,18,0,8,0,0,0,0,1,1,6,2,45,7,1398,1,12,5,1,5
2017440370598,1,9,0,5,0,6,0,0,0,0,3,1,6,2,55,8,1590,1,14,10,1,10
2017440370598,2,5,0,18,0,8,0,0,0,0,1,1,6,1,46,8,1690,1,3,8,3,8
2017440370619,1,9,0,17,0,8,1,0,1,0,1,1,6,1,34,6,2493,1,13,4,1,4
2017440370619,2,9,0,9,0,8,0,0,1,0,1,1,6,2,20,4,1388,1,14,6,1,6
2017440370835,1,9,0,18,0,0,0,0,0,0,4,1,6,1,26,6,-1,-1,-1,10,1,10
2017440371082,1,9,0,18,0,0,0,0,0,0,4,1,2,2,19,4,1398,1,-1,4,1,4
2017440371082,2,1,0,18,0,0,0,0,0,0,3,1,6,1,38,7,-1,-1,-1,7,1,7
2017440371133,1,9,0,18,0,0,2,0,1,0,0,1,2,1,53,8,2429,1,9,2,1,2
2017440371270,1,19,0,6,0,0,0,0,0,0,0,1,2,1,35,6,2402,2,9,8,1,8
2017440371270,2,5,0,18,0,0,0,0,0,0,0,1,2,1,41,7,929,1,16,4,1,4
2017440371271,1,3,0,18,0,8,0,0,0,0,0,1,2,1,47,8,124,1,-1,3,1,3
2017440371304,1,9,0,18,0,0,0,0,0,0,1,1,2,2,36,7,1598,1,9,10,1,10
2017440371304,2,9,0,18,0,0,0,0,0,0,1,1,2,2,39,7,2000,2,11,6,1,6
2017440371304,3,9,0,18,0,0,0,0,0,0,1,1,2,1,36,7,1461,2,6,4,1,4
2017440371304,4,9,0,18,0,0,0,0,0,0,1,1,2,2,25,5,1360,1,9,4,1,4
2017440371304,5,9,0,18,0,0,0,0,0,0,2,1,2,2,32,6,1499,1,-1,6,1,6
2017440371310,1,9,0,18,0,0,0,0,0,0,1,1,6,1,24,5,1388,1,15,3,1,3
2017440371310,2,9,0,18,0,0,0,0,0,0,2,1,1,1,49,8,-1,-1,-1,8,1,8
2017440371461,1,9,0,18,0,0,0,0,0,0,1,1,1,1,33,6,-1,-1,-1,2,1,2
2017440371461,2,9,0,18,0,0,0,0,0,0,1,1,6,2,49,8,1591,1,1,7,1,7
2017440371480,1,19,0,18,0,0,0,0,0,0,1,1,1,1,31,6,1753,2,14,2,1,2
2017440371480,2,9,0,18,0,0,0,0,0,0,2,1,6,2,42,7,-1,-1,-1,6,3,6
2017440371552,1,9,0,9,0,2,0,0,0,0,1,1,6,3,-1,-1,-1,-1,-1,-1,-1,-1
2017440371577,1,19,0,18,0,0,0,0,1,3,0,1,1,1,19,4,2461,2,18,7,3,7
2017440371577,2,9,0,18,0,0,0,0,0,0,0,1,6,3,-1,-1,-1,-1,-1,-1,-1,-1
2017440371584,1,9,0,7,0,5,0,0,0,0,1,1,6,2,18,4,999,1,2,10,3,10
2017440371817,1,9,0,18,0,0,0,0,0,0,4,1,6,3,-1,-1,-1,-1,-1,-1,-1,-1
2017440372136,1,9,0,18,0,0,0,0,0,0,1,1,6,2,75,10,1390,1,6,7,3,7
2017440372136,2,11,0,18,0,0,0,0,0,0,1,1,1,3,-1,-1,12000,2,10,-1,-1,-1
2017440372146,1,9,0,18,0,8,0,0,0,0,4,1,6,1,53,8,1596,1,6,4,1,4
2017440372146,2,9,0,18,0,8,0,0,0,0,1,1,6,2,19,4,1388,1,13,4,1,4
2017440372177,1,19,0,18,0,2,0,0,0,0,1,1,6,1,62,9,1753,2,18,10,3,10
2017440372410,1,2,0,18,0,1,0,0,0,0,0,1,1,1,19,4,49,1,6,5,1,5
2017440372817,1,9,0,18,0,8,1,0,0,0,1,1,1,2,25,5,998,1,9,10,1,10
2017440372817,2,9,0,18,0,8,0,0,0,0,4,1,3,1,67,10,1995,2,-1,8,1,8
2017440372930,1,9,0,13,0,8,0,0,0,0,2,1,2,1,26,6,1422,2,9,9,1,9
2017440372930,2,5,0,13,0,8,0,0,0,0,1,1,2,1,31,6,645,1,17,10,1,10
2017440372979,1,9,0,18,0,0,0,0,0,0,1,1,6,3,-1,-1,-1,-1,-1,-1,-1,-1
2017440372979,2,3,0,18,0,0,0,0,0,0,2,1,6,1,18,4,125,1,2,5,1,5