Accident_Index,Vehicle_Reference,Vehicle_Type,Towing_and_Articulation,Vehicle_Manoeuvre,Vehicle_Location-Restricted_Lane,Junction_Location,Skidding_and_Overturning,Hit_Object_in_Carriageway,Vehicle_Leaving_Carriageway,Hit_Object_off_Carriageway,1st_Point_of_Impact,Was_Vehicle_Left_Hand_Drive?,Journey_Purpose_of_Driver,Sex_of_Driver,Age_of_Driver,Age_Band_of_Driver,Engine_Capacity_(CC),Propulsion_Code,Age_of_Vehicle,Driver_IMD_Decile,Driver_Home_Area_Type,Vehicle_IMD_Decile
2017440409424,2,9,0,12,0,0,0,0,0,0,3,1,6,2,27,6,1390,1,5,1,1,1
2017440409428,1,9,0,18,0,0,1,0,1,9,1,1,6,2,19,4,1149,1,7,8,1,8
2017440409428,2,9,0,18,0,0,0,0,0,0,3,1,6,2,63,9,1796,1,14,7,1,7
2017440409585,1,9,0,18,0,8,0,0,0,0,1,1,6,2,84,11,1108,1,14,10,3,10
2017440409585,2,9,0,9,0,6,0,0,0,0,3,1,6,2,74,10,1870,2,13,10,1,10
2017440409668,1,9,0,16,0,0,2,0,1,3,3,1,6,1,28,6,4244,1,15,10,2,10
2017440409765,1,9,0,18,0,0,0,11,0,0,1,1,6,1,87,11,1596,1,8,10,2,10
2017440409997,1,9,0,4,0,8,0,0,0,0,1,1,6,2,52,8,2143,2,2,10,2,10
2017440409997,2,9,0,18,0,8,0,0,0,0,1,1,6,2,44,7,1398,1,5,5,2,5
2017440410163,1,9,0,15,0,0,0,0,1,10,1,1,6,1,19,4,998,1,5,9,1,9
2017440410163,2,9,0,11,0,0,0,0,0,0,0,1,6,1,40,7,1598,1,14,3,1,3
2017440410181,1,9,0,18,0,1,0,0,0,0,1,1,6,1,37,7,1560,2,9,10,1,10
2017440410181,2,9,0,18,0,2,0,0,1,0,1,1,6,2,54,8,998,1,2,4,1,4
2017440410181,3,9,0,18,0,2,0,0,0,0,1,1,6,1,42,7,2143,2,-1,10,1,10
2017440410317,1,9,0,17,0,0,0,0,2,4,1,1,6,1,23,5,1997,2,13,10,1,10
2017440410480,1,9,0,18,0,8,0,0,0,0,1,1,6,2,42,7,1560,2,8,10,1,10
2017440410480,2,1,0,18,0,8,0,0,0,0,1,1,6,1,51,8,-1,-1,-1,8,1,8
2017440410688,1,9,0,9,0,8,0,0,0,0,3,1,6,2,62,9,1596,1,10,6,3,6
2017440410688,2,9,0,18,0,8,0,0,0,0,4,1,6,1,53,8,-1,-1,-1,10,1,10
2017440410968,1,8,0,9,0,8,0,0,0,0,1,1,6,1,42,7,1968,2,2,1,1,1
2017440410968,2,9,0,18,0,8,0,0,0,0,1,1,6,2,26,6,1598,1,10,4,1,4
2017440411186,1,9,0,18,0,0,0,0,8,2,1,1,6,1,26,6,1598,2,1,6,3,6
2017440411389,1,9,0,3,0,1,0,0,0,0,2,1,6,1,36,7,1339,1,10,6,1,6
2017440411389,2,9,0,4,0,1,0,0,0,0,1,1,6,3,-1,-1,2993,2,3,-1,-1,-1
2017440411405,1,19,0,4,0,0,0,0,0,0,1,1,6,1,66,10,1753,2,14,2,1,2
2017440411405,2,19,0,4,0,0,0,0,0,0,2,1,2,1,32,6,1598,2,2,10,2,10
2017440411405,3,19,0,4,0,0,0,0,0,0,2,1,2,1,26,6,1598,2,3,7,1,7
2017440411505,1,9,0,1,0,2,0,0,0,0,2,1,2,2,28,6,1598,1,9,8,1,8
2017440411528,1,9,0,5,0,8,0,0,0,0,3,1,6,1,41,7,1798,8,-1,-1,-1,-1
2017440411528,2,9,0,18,0,8,0,0,0,0,1,1,6,2,52,8,1798,8,-1,9,1,9
2017440411591,1,9,0,4,0,1,0,4,0,0,1,1,6,1,30,6,998,1,18,3,1,3
2017440411591,2,9,0,2,0,2,0,0,0,0,2,1,6,2,33,6,1596,1,9,3,1,3
2017440411591,3,19,0,2,0,2,0,0,0,0,2,1,6,1,33,6,2299,2,3,3,1,3
2017440411728,1,9,0,9,0,8,0,0,0,0,3,1,6,1,31,6,647,8,1,-1,-1,-1
2017440411728,2,3,0,13,0,8,0,0,0,0,1,1,6,1,24,5,125,1,8,3,1,3
2017440411922,1,19,0,9,0,8,0,0,0,0,3,1,1,1,34,6,2198,2,6,3,1,3
2017440411922,2,21,0,18,0,8,0,0,0,0,1,1,1,1,55,8,12740,2,3,10,1,10
2017440411924,1,9,0,4,0,1,0,0,0,0,1,1,6,2,31,6,1461,2,4,7,1,7
2017440411924,2,9,0,4,0,1,0,0,0,0,2,1,6,2,25,5,1398,1,6,5,1,5
2017440411924,3,9,0,4,0,1,0,0,0,0,2,1,6,2,28,6,1997,2,3,7,1,7
2017440412264,1,2,0,17,0,0,0,0,0,0,0,1,6,1,16,4,49,1,12,2,1,2
2017440412339,1,9,0,18,0,0,0,0,0,0,1,1,2,1,24,5,-1,-1,-1,8,1,8
2017440412410,1,1,0,9,0,8,0,0,0,0,1,1,6,1,13,3,-1,-1,-1,9,1,9
2017440412410,2,9,0,18,0,8,0,0,0,0,1,1,6,1,37,7,1995,2,15,9,1,9
2017440412440,1,1,0,18,0,8,0,0,0,0,4,1,2,1,27,6,-1,-1,-1,5,1,5
2017440412440,2,9,0,7,0,8,0,0,0,0,1,1,6,3,-1,-1,-1,-1,-1,-1,-1,-1
2017440412630,1,9,0,14,0,0,1,0,1,0,1,1,2,1,58,9,1598,1,9,9,1,9
2017440412630,2,9,0,1,0,0,0,0,1,0,1,1,6,1,48,8,1999,2,-1,6,1,6
2017440412630,3,9,0,2,0,0,0,0,0,0,3,1,6,2,36,7,1560,2,10,10,2,10
2017440412630,4,19,0,2,0,0,0,0,0,0,0,1,1,1,48,8,1968,2,2,8,1,8
2017440412864,1,9,0,17,0,8,0,0,0,0,4,1,6,1,33,6,-1,-1,-1,10,1,10
2017440412864,2,19,0,5,0,8,0,0,0,0,1,1,6,3,-1,-1,1598,2,4,-1,-1,-1
2017440412910,1,3,0,17,0,1,1,0,0,0,0,1,2,1,17,4,-1,-1,-1,2,1,2
2017440412910,2,9,0,18,0,1,0,0,0,0,0,1,6,3,-1,-1,-1,-1,-1,-1,-1,-1
2017440413055,1,9,0,4,0,1,0,0,0,0,1,1,2,1,46,8,2698,2,8,3,1,3
2017440413055,2,5,0,4,0,1,0,0,0,0,2,1,6,1,42,7,998,1,-1,5,1,5
2017440413197,1,9,0,9,0,8,0,0,0,0,1,1,6,2,29,6,1997,1,12,3,1,3
2017440413197,2,3,0,18,0,8,0,0,0,0,1,1,6,1,19,4,124,1,13,1,1,1
2017440413293,1,9,0,4,0,1,0,0,0,0,1,1,6,1,72,10,1598,1,10,-1,-1,-1
2017440413430,1,9,0,16,0,0,1,0,0,0,1,1,6,1,26,6,1995,2,9,8,1,8
2017440413430,2,19,0,17,0,0,0,0,0,0,1,1,1,1,44,7,1896,2,9,4,1,4
2017440413712,1,97,0,17,0,1,1,0,0,0,0,1,6,1,45,7,-1,-1,-1,7,1,7
2017440413745,1,9,0,17,0,0,1,0,7,0,3,1,6,2,72,10,-1,-1,-1,9,1,9
2017440413745,2,19,0,17,0,0,1,0,0,0,3,1,6,1,43,7,2198,2,6,6,1,6
2017440413808,1,9,0,4,0,0,0,0,0,0,2,1,6,1,29,6,1396,1,20,6,1,6
2017440413808,2,9,0,17,0,0,0,0,0,0,1,1,6,1,21,5,1968,2,2,7,1,7
2017440413847,1,20,0,7,0,8,0,0,0,0,4,1,1,1,58,9,6700,2,-1,7,1,7
2017440413847,2,1,0,18,0,8,0,0,0,0,1,1,2,1,47,8,-1,-1,-1,4,1,4
2017440413857,1,9,0,18,0,1,0,0,0,0,1,1,6,2,20,4,1349,1,8,-1,-1,-1
2017440414323,1,9,0,9,0,8,0,0,0,0,1,1,1,1,60,9,1995,2,9,9,1,9
2017440414323,2,2,0,18,0,8,0,0,0,0,1,1,6,1,59,9,49,1,3,4,2,4
2017440414396,1,9,0,8,0,1,0,0,0,0,2,1,3,2,36,7,1997,2,5,-1,-1,-1
2017440414396,2,9,0,4,0,1,0,0,0,0,1,1,3,3,-1,-1,1997,2,5,-1,-1,-1
2017440414702,1,9,0,18,0,8,0,0,0,0,1,1,6,1,37,7,1796,1,15,9,1,9
2017440414702,2,1,0,18,0,8,0,0,0,0,3,1,6,1,63,9,-1,-1,-1,3,1,3
2017440414815,1,9,0,18,0,0,0,0,0,0,1,1,6,1,61,9,1598,1,8,4,1,4
2017440414815,2,1,0,18,0,0,0,0,0,0,3,1,6,1,19,4,-1,-1,-1,4,1,4
2017440415063,1,1,0,18,0,0,0,0,0,0,2,1,6,2,66,10,-1,-1,-1,8,1,8
2017440415063,2,9,0,18,0,0,0,0,0,0,1,1,6,3,-1,-1,1685,2,1,-1,-1,-1
2017440415231,1,1,0,18,0,0,0,0,0,0,1,1,6,1,54,8,-1,-1,-1,7,1,7
2017440415238,1,9,0,4,0,1,0,0,0,0,2,1,2,2,58,9,1242,1,1,2,1,2
2017440415238,2,9,0,4,0,1,0,0,0,0,2,1,2,1,40,7,1794,1,13,4,1,4
2017440415238,3,9,0,4,0,1,0,0,0,0,1,1,2,2,28,6,1124,1,16,4,1,4
2017440415242,1,9,0,18,0,0,0,0,0,0,1,1,6,2,26,6,1910,2,11,3,1,3
2017440415396,1,9,0,18,0,0,0,0,0,0,1,1,6,2,24,5,998,1,11,5,1,5
2017440415396,2,9,0,18,0,0,0,0,7,0,1,1,6,3,-1,-1,-1,-1,-1,-1,-1,-1
2017440415551,1,9,0,12,0,0,1,0,5,6,3,1,6,1,45,7,2400,2,4,9,1,9
2017440415551,2,9,0,18,0,0,1,0,0,0,1,1,6,1,55,8,1997,2,2,10,1,10
2017440415551,3,9,0,18,0,0,1,0,0,0,1,1,6,2,34,6,1896,2,10,10,1,10
2017440415551,4,9,0,18,0,0,1,0,0,0,1,1,6,2,26,6,1968,2,4,8,1,8
2017440415551,5,9,0,18,0,0,1,0,0,0,1,1,6,1,23,5,1497,8,3,8,1,8
2017440415551,6,19,0,18,0,0,1,0,0,0,2,1,6,1,44,7,2148,2,11,4,1,4
2017440415767,1,9,0,18,0,4,0,0,0,0,1,1,6,1,31,6,1229,1,9,10,1,10
2017440415811,1,9,0,18,0,4,0,0,0,0,1,1,1,1,44,7,1596,1,14,3,1,3
2017440415811,2,2,0,18,0,4,0,0,0,0,2,1,6,2,26,6,108,1,4,1,1,1
2017440415913,1,9,0,17,0,0,5,0,1,1,1,1,6,2,23,5,1299,1,19,5,1,5
2017440415981,1,21,0,9,0,6,0,0,0,0,3,1,1,1,38,7,6700,2,-1,6,1,6
2017440415981,2,4,0,18,0,8,0,0,0,0,1,1,6,1,21,5,471,1,2,7,1,7
2017440416680,1,9,0,18,0,8,0,0,0,0,3,1,6,1,18,4,1390,1,15,7,3,7
2017440416680,2,3,0,16,0,8,1,0,0,0,1,1,6,1,19,4,124,1,-1,9,1,9
2017440416706,1,9,0,5,0,8,0,0,0,0,1,1,6,2,36,7,1296,1,10,10,1,10
2017440416706,2,9,0,3,0,8,0,0,0,0,2,1,6,1,65,9,2597,1,16,9,1,9
2017440416734,1,9,0,12,0,8,0,0,0,0,0,1,6,2,37,7,1596,1,16,5,1,5
2017440416734,2,9,0,18,0,8,0,0,7,0,3,1,6,1,27,6,-1,-1,-1,5,1,5
2017440416885,1,3,0,18,0,0,0,0,0,0,0,1,6,2,23,5,125,1,2,2,1,2
2017440416998,1,9,0,5,0,6,0,0,0,0,3,1,6,1,76,11,1590,1,19,3,1,3
2017440416998,2,1,0,18,0,8,0,0,0,0,1,1,6,1,45,7,-1,-1,-1,4,1,4
2017440417014,1,3,0,18,0,1,0,0,0,0,2,1,6,1,23,5,124,1,1,2,1,2
2017440417014,2,3,0,18,0,1,1,0,0,0,1,1,6,1,20,4,125,1,5,9,1,9
2017440417160,1,3,0,18,0,8,0,0,0,0,1,1,6,1,17,4,124,1,10,2,2,2
2017440417160,2,9,0,7,0,8,0,0,0,0,1,1,6,1,46,8,1998,1,19,5,1,5
2017440417461,1,1,0,18,0,8,0,0,0,0,0,1,2,1,31,6,-1,-1,-1,8,2,8
2017440417476,1,9,0,16,0,8,0,0,0,0,1,1,2,1,66,10,1998,1,9,8,3,8
2017440417476,2,9,0,10,0,8,0,0,0,0,3,1,2,2,63,9,1197,1,1,8,2,8
2017440417541,1,9,0,18,0,0,0,0,0,0,2,1,2,1,30,6,1595,1,17,7,1,7
2017440417541,2,3,0,18,0,0,0,0,0,0,1,1,2,2,25,5,108,1,4,4,1,4
2017440417635,1,9,0,9,0,5,0,0,0,0,1,1,6,2,46,8,1200,1,1,7,1,7
2017440417635,2,9,0,18,0,8,0,0,0,0,1,1,2,1,67,10,1299,1,13,6,1,6
2017440417660,1,1,0,18,0,1,0,0,0,0,3,1,6,2,15,3,-1,-1,-1,1,1,1
2017440417660,2,9,0,18,0,1,0,0,0,0,1,1,6,1,29,6,-1,-1,-1,7,1,7
2017440417747,1,1,0,18,0,8,0,0,0,0,3,1,6,2,62,9,-1,-1,-1,10,1,10
2017440417747,2,9,0,7,0,8,0,0,0,0,4,1,6,2,71,10,1840,1,15,10,1,10
2017440417873,1,19,0,5,0,8,0,0,0,0,4,1,1,2,52,8,1753,2,8,7,3,7
2017440417873,2,5,0,18,0,8,0,0,0,0,1,1,6,1,33,6,675,1,3,7,1,7
2017440417883,1,19,0,18,0,0,0,0,0,0,2,1,1,1,57,9,1560,2,2,3,2,3
2017440417883,2,9,0,18,0,0,0,0,0,0,1,1,1,1,31,6,1995,2,9,4,1,4
2017440417896,1,3,0,13,0,0,0,0,0,0,1,1,6,1,24,5,125,1,3,9,1,9
2017440417896,2,9,0,6,0,0,0,0,0,0,3,1,6,1,40,7,2996,1,9,1,1,1
2017440417907,1,9,0,9,0,8,0,0,0,0,4,1,6,1,73,10,2435,1,16,10,2,10
2017440417907,2,21,0,18,0,8,0,0,0,0,1,1,1,1,26,6,7201,2,10,3,1,3
2017440417937,1,9,0,12,0,0,0,0,2,10,1,1,6,1,33,6,1124,1,12,4,1,4
2017440417937,2,9,0,18,0,0,0,0,0,0,2,1,6,1,63,9,1798,8,1,10,1,10
2017440417938,1,5,0,16,0,0,1,0,0,0,4,1,1,1,48,8,1170,1,-1,5,1,5
2017440417942,1,9,0,18,0,0,0,0,0,0,2,1,6,1,33,6,1995,2,8,9,2,9
2017440417942,2,9,0,4,0,0,0,0,0,0,2,1,6,2,70,10,3456,8,-1,10,1,10
2017440417942,3,19,0,18,0,0,0,0,0,0,1,1,6,1,58,9,1560,2,1,7,1,7
2017440417947,1,5,0,5,0,8,0,0,0,0,0,1,6,1,57,9,1299,1,14,6,1,6
2017440417975,1,5,0,18,0,8,0,0,0,0,1,1,6,1,23,5,749,1,15,3,1,3
2017440417975,2,9,0,9,0,8,0,0,0,0,1,1,6,2,30,6,1395,1,4,5,1,5
2017440418034,1,9,0,7,0,2,0,0,0,0,1,1,6,3,-1,-1,1598,1,11,-1,-1,-1
2017440418086,1,9,0,5,0,8,0,0,0,0,4,1,6,2,70,10,2000,1,21,7,3,7
2017440418086,2,9,0,18,0,8,0,0,0,0,1,1,2,2,36,7,998,1,3,7,1,7
2017440418336,1,9,0,18,0,0,0,0,0,0,4,1,6,3,-1,-1,1200,1,3,-1,-1,-1
2017440418336,2,1,0,18,0,0,0,0,0,0,3,1,6,2,34,6,-1,-1,-1,7,1,7
2017440418403,1,9,0,16,0,0,1,6,7,0,3,1,6,1,40,7,1389,1,13,6,1,6
2017440418416,1,9,0,18,0,0,0,0,0,0,4,1,6,2,41,7,1995,2,9,6,1,6
2017440418416,2,1,0,18,0,0,0,0,0,0,3,1,6,2,11,3,-1,-1,-1,7,1,7
2017440418468,1,19,0,18,0,0,0,0,0,0,1,1,1,1,47,8,-1,-1,-1,6,1,6
2017440418468,2,9,0,4,0,0,0,0,0,0,2,1,2,1,51,8,1995,2,13,6,3,6
2017440418477,1,9,0,18,0,0,0,0,0,0,1,1,6,1,73,10,1798,1,5,8,3,8
2017440418477,2,9,0,18,0,0,0,0,0,0,2,1,6,2,21,5,999,1,7,10,1,10
2017440418477,3,9,0,18,0,0,0,0,0,0,2,1,6,1,40,7,2179,2,7,4,1,4
2017440418497,1,9,0,18,0,8,0,0,0,0,1,1,6,1,52,8,1968,2,13,10,2,10
2017440418497,2,9,0,9,0,8,0,0,0,0,4,1,6,1,86,11,1587,1,16,9,3,9
2017440418988,1,9,0,16,0,0,0,0,7,11,1,1,6,1,51,8,1995,2,13,3,1,3
2017440419036,1,9,0,5,0,8,0,0,0,0,1,1,2,1,59,9,3246,1,14,10,2,10
2017440419036,2,1,0,18,0,8,0,0,0,0,1,1,6,1,59,9,-1,-1,-1,10,2,10
2017440419212,1,5,0,4,0,0,0,0,0,0,1,1,6,1,61,9,1832,1,14,5,3,5
2017440419212,2,9,0,5,0,0,0,0,0,0,1,1,6,2,17,4,1360,1,12,7,2,7
2017440419256,1,9,0,18,0,8,0,0,0,0,1,1,6,1,29,6,1197,1,1,5,1,5
2017440419256,2,9,0,18,0,8,0,0,0,0,3,1,6,2,54,8,1587,1,15,8,1,8
2017440419268,1,9,0,8,0,1,0,0,0,0,2,1,6,2,61,9,1339,1,8,9,3,9
2017440419268,2,9,0,18,0,1,0,0,0,0,1,1,6,3,-1,-1,2993,2,2,-1,-1,-1
2017440419349,1,1,0,14,0,1,0,0,0,0,1,1,6,1,43,7,-1,-1,-1,1,1,1
2017440419349,2,9,0,2,0,1,0,0,0,0,3,1,6,1,-1,-1,1798,1,5,-1,1,-1
2017440419424,1,1,0,18,0,0,0,0,0,0,1,1,6,1,20,4,-1,-1,-1,4,1,4
2017440419424,2,9,0,18,0,0,0,0,0,0,1,1,6,1,52,8,-1,-1,-1,4,1,4
2017440419812,1,9,0,18,0,1,0,0,0,0,0,1,6,1,30,6,1399,1,-1,3,1,3
2017440419869,1,9,0,18,0,1,5,0,3,0,0,1,6,2,17,4,-1,-1,-1,10,1,10
2017440420030,1,90,0,13,0,8,0,0,7,0,4,1,1,1,33,6,-1,-1,-1,7,3,7
2017440420030,2,9,0,18,0,8,0,0,7,0,3,1,6,1,24,5,1968,2,7,10,1,10
2017440420074,1,9,0,18,0,0,5,4,7,0,1,1,6,2,24,5,1395,1,2,8,1,8
2017440420074,2,9,0,2,0,0,0,0,0,0,1,1,6,3,-1,-1,-1,-1,-1,-1,-1,-1
2017440420092,1,9,0,18,0,0,1,0,1,2,1,1,6,1,23,5,1229,1,12,10,3,10
2017440420092,2,9,0,18,0,0,0,0,1,2,1,1,6,1,18,4,1398,1,-1,8,1,8
2017440420291,1,9,0,18,0,8,0,0,1,7,3,1,6,1,73,10,1405,1,13,8,2,8
2017440420291,2,9,0,18,0,8,0,0,0,0,1,1,6,1,68,10,1999,1,14,2,1,2
2017440420408,1,1,0,18,0,0,0,0,0,0,2,1,6,2,57,9,-1,-1,-1,6,3,6
2017440420408,2,1,0,18,0,0,0,0,0,0,1,1,6,2,28,6,-1,-1,-1,6,1,6
2017440420421,1,9,0,4,0,2,0,0,0,0,2,1,6,2,47,8,1396,1,18,4,1,4
2017440420421,2,5,0,18,0,2,0,0,0,0,1,1,6,1,30,6,1157,1,21,10,1,10
2017440420445,1,1,0,18,0,0,0,0,0,0,2,1,6,1,15,3,-1,-1,-1,5,1,5
2017440420445,2,9,0,18,0,0,0,0,0,0,4,1,6,1,51,8,1198,1,13,-1,-1,-1
2017440420646,1,9,0,9,0,8,0,0,0,0,3,1,6,2,42,7,1360,1,11,7,1,7
2017440420646,2,2,0,13,0,8,0,4,0,0,1,1,6,1,16,4,49,1,5,6,1,6
2017440420646,3,9,0,2,0,8,0,0,0,0,2,1,6,3,-1,-1,1397,1,15,-1,-1,-1
2017440420738,1,5,0,3,0,1,0,0,0,0,2,1,6,1,40,7,598,1,20,10,1,10
2017440420738,2,9,0,5,0,1,0,0,0,0,1,1,6,1,37,7,2993,2,7,5,1,5
2017440420855,1,9,0,18,0,8,0,0,0,0,1,1,6,2,18,4,1360,1,15,-1,-1,-1
2017440420855,2,9,0,18,0,8,0,0,0,0,3,1,6,2,20,4,1197,1,-1,8,3,8
2017440420946,1,19,0,18,0,2,5,0,0,0,1,1,6,1,30,6,-1,-1,-1,4,1,4
2017440420946,2,9,0,10,0,1,0,0,0,0,1,1,6,2,24,5,1149,1,7,6,3,6
2017440420946,3,9,0,3,0,1,0,0,0,0,3,1,6,1,66,10,1783,1,16,1,1,1
2017440421282,1,9,0,4,0,8,0,0,0,0,1,1,1,2,28,6,1582,2,2,4,1,4
2017440421282,2,9,0,4,0,8,0,0,0,0,2,1,1,2,21,5,998,1,14,4,1,4
2017440421493,1,19,0,18,0,0,0,0,1,0,1,1,1,1,21,5,-1,-1,-1,4,1,4
2017440421493,2,9,0,18,0,0,0,0,0,0,2,1,6,1,34,6,1364,1,12,6,1,6
2017440421534,1,9,0,18,0,8,0,0,0,0,1,1,6,1,26,6,-1,-1,-1,4,1,4
2017440421534,2,9,0,3,0,1,0,0,0,0,2,1,6,1,33,6,1339,1,9,10,2,10
2017440421866,1,9,0,18,0,8,0,0,0,0,1,1,6,1,93,11,1299,1,14,6,1,6
2017440421866,2,9,0,18,0,8,0,0,0,0,1,1,6,2,42,7,1999,1,12,5,1,5
2017440422223,1,9,0,17,0,0,0,0,0,0,1,1,6,2,32,6,1997,2,10,9,1,9
2017440422223,2,9,0,16,0,0,0,0,0,0,1,1,6,2,54,8,1341,1,14,9,1,9
2017440422261,1,9,0,6,0,8,0,0,0,0,1,1,6,1,-1,-1,2993,2,6,10,2,10
2017440422304,1,9,0,9,0,8,0,0,0,0,3,1,2,1,46,8,1595,2,8,10,1,10
2017440422304,2,3,0,13,0,8,0,0,0,0,1,1,2,1,18,4,125,1,8,10,1,10
2017440422373,1,9,0,2,0,0,0,0,0,0,3,1,1,1,40,7,1998,2,13,4,1,4
2017440422373,2,1,0,18,0,0,0,0,0,0,1,1,6,1,35,6,-1,-1,-1,-1,-1,-1
2017440422414,1,9,0,9,0,8,0,0,0,0,1,1,6,3,-1,-1,-1,-1,-1,-1,-1,-1
2017440422414,2,9,0,18,0,8,0,0,0,0,3,1,2,1,48,8,998,1,5,10,2,10
2017440422729,1,9,0,18,0,0,5,0,1,0,1,1,6,1,18,4,1364,1,11,5,1,5
2017440422738,1,9,0,18,0,8,0,0,0,0,1,1,2,1,48,8,1560,2,8,10,1,10
2017440422738,2,9,0,9,0,8,0,0,0,0,1,1,2,2,53,8,1299,1,14,4,1,4
2017440422809,1,9,0,18,0,0,0,0,0,0,2,1,2,1,22,5,1399,2,5,2,1,2
2017440422809,2,9,0,18,0,0,0,0,0,0,1,1,2,1,22,5,1497,1,11,5,1,5
2017440422809,3,9,0,18,0,0,0,0,0,0,1,1,2,1,22,5,1796,1,17,5,1,5
2017440423169,1,9,0,18,0,1,0,0,0,0,2,1,6,2,34,6,999,1,1,8,1,8
2017440423169,2,9,0,18,0,1,0,0,0,0,1,1,6,2,90,11,998,1,-1,5,1,5
2017440423424,1,9,0,9,0,1,0,0,0,0,3,1,6,1,29,6,1968,2,1,4,1,4
2017440423424,2,3,0,18,0,1,0,0,0,0,1,1,6,1,18,4,124,1,2,2,1,2
2017440423507,1,9,0,18,0,8,0,0,0,0,1,1,6,2,50,8,2179,2,4,9,1,9
2017440423660,1,9,0,5,0,4,0,0,0,0,3,1,2,1,54,8,1598,2,2,5,1,5
2017440423762,1,9,0,18,0,4,0,0,0,0,1,1,6,1,41,7,1685,2,-1,1,1,1
2017440423762,2,1,0,18,0,8,0,0,0,0,4,1,6,1,23,5,-1,-1,-1,7,1,7
2017440423969,1,3,0,18,0,1,0,0,0,0,1,1,6,1,32,6,124,1,7,3,1,3
2017440423969,2,9,0,9,0,5,0,0,0,0,0,1,1,2,49,8,1753,2,9,1,1,1
2017440424015,1,19,0,3,0,1,0,0,0,0,2,1,6,1,54,8,1560,2,2,8,1,8
2017440424015,2,9,0,4,0,1,0,0,0,0,1,1,6,2,18,4,1248,2,9,9,1,9
2017440424776,1,9,0,4,0,1,0,0,0,0,2,1,6,2,36,7,1398,1,4,7,1,7
2017440424776,2,9,0,4,0,1,0,0,0,0,1,1,6,1,-1,-1,-1,-1,-1,7,1,7
2017440424994,1,9,0,17,0,2,1,0,0,0,1,1,6,2,37,7,1248,1,4,1,1,1
2017440424994,2,9,0,16,0,1,0,0,0,0,1,1,6,1,28,6,1598,1,13,5,1,5
2017440425231,1,9,0,18,0,8,0,0,0,0,3,1,6,1,66,10,1968,2,3,-1,3,-1
2017440425231,2,9,0,18,0,8,0,0,0,0,1,1,1,2,53,8,1390,1,17,8,1,8
2017440425409,1,9,0,18,0,8,0,0,0,0,3,1,6,1,17,4,1796,1,13,2,1,2
2017440425409,2,9,0,18,0,8,0,0,0,0,1,1,6,1,31,6,1390,1,10,5,1,5
2017440425503,1,9,0,4,0,1,0,0,1,0,0,1,1,1,36,7,1598,1,11,9,1,9
2017440425503,2,1,0,4,0,1,0,0,0,0,1,1,3,1,11,3,-1,-1,-1,-1,-1,-1
2017440425676,1,9,0,3,0,1,0,0,0,0,2,1,6,2,37,7,1798,1,10,9,1,9
2017440425676,2,9,0,4,0,1,0,0,0,0,2,1,6,2,21,5,1242,1,5,-1,-1,-1
2017440425676,3,9,0,4,0,1,0,0,0,0,1,1,6,3,-1,-1,-1,-1,-1,-1,-1,-1
2017440425695,1,9,0,18,0,0,0,0,0,0,1,1,6,2,52,8,2400,2,8,8,3,8
2017440425695,2,1,0,18,0,0,0,0,0,0,2,1,6,1,68,10,-1,-1,-1,7,3,7
2017440425696,1,9,0,9,0,8,0,0,0,0,3,1,6,1,68,10,2204,2,8,8,1,8
2017440425696,2,3,0,18,0,8,0,0,0,0,1,1,6,1,20,4,124,1,4,10,1,10
2017440425765,1,9,0,6,0,3,0,0,0,0,1,1,6,1,23,5,-1,-1,-1,5,1,5
2017440425765,2,9,0,18,0,4,0,0,0,0,4,1,6,1,24,5,1598,2,4,3,1,3
2017440425827,1,9,0,18,0,0,0,0,0,0,4,1,6,3,-1,-1,-1,-1,-1,-1,-1,-1
2017440425850,1,9,0,18,0,0,0,0,0,0,1,1,6,1,27,6,1968,2,11,5,1,5
2017440425850,2,9,0,18,0,0,0,0,0,0,1,1,2,2,41,7,-1,-1,-1,8,1,8
2017440425883,1,1,0,18,9,2,0,0,0,0,1,1,6,1,-1,-1,-1,-1,-1,-1,-1,-1
2017440426178,1,9,0,16,0,4,0,0,0,0,1,1,1,1,-1,-1,1598,2,1,2,1,2
2017440426178,2,3,0,18,0,3,1,0,0,0,0,1,2,1,24,5,125,1,3,2,1,2
2017440426263,1,9,0,17,0,0,5,0,1,9,0,1,6,1,23,5,1796,1,15,5,3,5
2017440426300,1,9,0,4,0,0,5,10,0,0,3,1,6,2,17,4,-1,-1,-1,8,3,8
2017440426494,1,9,0,2,0,0,0,0,0,0,3,1,6,2,62,9,1461,2,1,10,1,10
2017440426494,2,1,0,14,0,0,0,0,0,0,4,1,6,1,50,8,-1,-1,-1,9,1,9
2017440426515,1,1,0,18,0,8,0,0,0,0,3,1,6,1,24,5,-1,-1,-1,1,1,1
2017440426515,2,9,0,7,0,8,0,0,0,0,1,1,6,3,-1,-1,-1,-1,-1,-1,-1,-1
2017440426549,1,19,0,9,0,8,0,0,0,0,3,1,6,1,46,8,2143,2,1,6,1,6
2017440426642,1,9,0,9,0,8,0,0,0,0,3,1,6,2,26,6,1360,1,18,9,1,9
2017440426642,2,9,0,18,0,8,0,0,0,0,1,1,6,2,64,9,999,1,5,2,1,2