Accident_Index,Vehicle_Reference,Vehicle_Type,Towing_and_Articulation,Vehicle_Manoeuvre,Vehicle_Location-Restricted_Lane,Junction_Location,Skidding_and_Overturning,Hit_Object_in_Carriageway,Vehicle_Leaving_Carriageway,Hit_Object_off_Carriageway,1st_Point_of_Impact,Was_Vehicle_Left_Hand_Drive?,Journey_Purpose_of_Driver,Sex_of_Driver,Age_of_Driver,Age_Band_of_Driver,Engine_Capacity_(CC),Propulsion_Code,Age_of_Vehicle,Driver_IMD_Decile,Driver_Home_Area_Type,Vehicle_IMD_Decile
2017440442885,1,9,0,4,0,0,0,0,0,0,1,1,2,2,25,5,1388,1,11,4,1,4
2017440442885,2,9,0,3,0,0,0,0,0,0,2,1,2,2,44,7,998,1,4,6,1,6
2017440442891,1,5,0,18,0,0,1,12,0,0,1,1,2,1,46,8,599,1,21,2,1,2
2017440442891,2,9,0,18,0,0,0,0,0,0,1,1,2,2,59,9,1799,1,8,8,1,8
2017440442891,3,9,0,18,0,0,0,0,0,0,1,1,2,1,45,7,1769,1,13,7,3,7
2017440443136,1,5,0,13,0,8,0,0,0,0,4,1,2,1,50,8,680,1,8,6,1,6
2017440443136,2,9,0,9,0,8,0,0,0,0,3,1,6,2,55,8,1598,1,6,8,1,8
2017440443166,1,19,0,9,0,8,0,0,0,0,4,1,1,1,43,7,2299,2,1,6,1,6
2017440443166,2,9,0,18,0,8,0,0,0,0,1,1,6,2,44,7,1596,1,12,4,1,4
2017440443359,1,9,0,17,0,0,0,0,0,0,3,1,6,1,44,7,1747,1,15,10,1,10
2017440443359,2,19,0,13,0,0,0,0,0,0,4,1,6,1,57,9,1598,2,11,10,1,10
2017440443370,1,1,0,18,9,0,0,0,0,0,1,1,3,1,16,4,-1,-1,-1,4,1,4
2017440443370,2,11,0,5,0,0,0,0,0,0,4,1,1,3,-1,-1,-1,-1,-1,-1,-1,-1
2017440443372,1,5,0,18,0,8,0,0,0,0,1,1,6,1,24,5,599,1,9,1,1,1
2017440443372,2,9,0,9,0,6,0,0,0,0,2,1,1,2,39,7,1422,2,1,5,1,5
2017440443432,1,1,0,7,0,8,0,0,0,0,3,1,6,2,12,3,-1,-1,-1,5,1,5
2017440443432,2,9,0,18,0,8,0,0,0,0,1,1,6,3,-1,-1,-1,-1,-1,-1,-1,-1
2017440443479,1,9,0,9,0,8,0,0,0,0,3,1,6,1,48,8,1796,2,3,-1,-1,-1
2017440443479,2,9,0,7,0,8,0,0,0,0,3,1,6,1,-1,-1,2400,2,-1,-1,-1,-1
2017440443673,1,1,0,18,0,1,0,0,0,0,3,1,6,1,36,7,-1,-1,-1,8,1,8
2017440443673,2,9,0,18,0,1,0,0,0,0,1,1,6,2,69,10,1799,1,21,6,3,6
2017440443882,1,9,0,18,0,8,5,0,0,0,1,1,6,1,39,7,-1,-1,-1,8,1,8
2017440443882,2,9,0,2,0,2,0,0,0,0,1,1,6,3,-1,-1,1968,2,10,-1,-1,-1
2017440443882,3,9,0,2,0,1,0,0,0,0,2,1,6,3,-1,-1,1595,1,10,-1,-1,-1
2017440444132,1,9,0,18,0,6,0,0,0,0,1,1,1,1,36,7,996,1,4,5,1,5
2017440444132,2,19,0,18,0,8,0,0,1,10,1,1,6,1,53,8,1968,2,6,5,1,5
2017440444193,1,9,0,18,0,8,5,0,3,7,1,1,6,1,71,10,2204,2,8,9,1,9
2017440444253,1,3,0,18,0,0,0,0,0,0,1,1,6,1,17,4,125,1,2,4,1,4
2017440444253,2,9,0,18,0,0,0,0,0,0,2,1,6,1,18,4,-1,-1,-1,10,2,10
2017440444289,1,9,0,16,0,0,2,0,7,9,0,1,6,1,19,4,1240,1,13,6,1,6
2017440444426,1,9,0,18,0,4,0,0,0,0,3,1,2,1,43,7,-1,-1,-1,9,1,9
2017440444426,2,1,0,9,0,4,0,0,0,0,4,1,6,1,47,8,-1,-1,-1,2,1,2
2017440444556,1,1,0,18,0,8,0,0,0,0,1,1,6,1,45,7,-1,-1,-1,9,1,9
2017440444556,2,9,0,9,0,6,0,0,0,0,3,1,6,3,-1,-1,998,1,-1,-1,-1,-1
2017440444637,1,19,0,18,0,1,0,0,0,0,1,1,2,1,23,5,1998,2,13,3,1,3
2017440444637,2,9,0,9,0,1,0,0,0,0,2,1,2,1,21,5,1124,1,13,8,3,8
2017440444777,1,9,0,9,0,8,0,0,0,0,1,1,6,1,68,10,1999,8,1,-1,-1,-1
2017440444777,2,9,0,18,0,8,0,0,0,0,1,1,6,2,27,6,2720,2,12,7,3,7
2017440444777,3,9,0,10,0,1,0,0,0,0,1,1,6,1,66,10,2776,2,10,10,2,10
2017440444841,1,19,0,18,0,0,0,0,0,0,4,1,1,1,54,8,1598,2,2,10,1,10
2017440444844,1,20,0,9,0,8,0,0,0,0,1,1,1,1,25,5,2402,2,7,10,3,10
2017440444844,2,90,0,18,0,8,0,0,0,0,1,1,1,1,24,5,2987,2,2,6,3,6
2017440444854,1,19,0,5,0,6,0,0,0,0,3,1,1,1,45,7,2143,2,4,7,1,7
2017440444854,2,9,0,17,0,8,0,0,0,0,1,1,6,1,48,8,-1,-1,-1,9,1,9
2017440445037,1,19,0,4,0,0,0,0,0,0,2,1,1,1,41,7,2148,2,13,4,1,4
2017440445037,2,3,0,18,0,0,1,0,0,0,1,1,6,1,17,4,-1,-1,-1,6,1,6
2017440445283,1,1,0,18,0,0,0,0,0,0,2,1,6,1,25,5,-1,-1,-1,5,1,5
2017440445283,2,9,0,18,0,0,0,0,0,0,1,1,6,3,-1,-1,-1,-1,-1,-1,-1,-1
2017440445291,1,9,0,18,0,0,0,0,0,0,3,1,3,2,32,6,1598,1,4,8,1,8
2017440445297,1,9,0,9,0,6,0,0,0,0,1,1,6,2,43,7,1868,2,14,8,1,8
2017440445297,2,9,0,18,0,8,0,0,0,0,4,1,6,2,44,7,1388,1,14,8,1,8
2017440445382,1,9,0,2,0,0,0,0,0,0,2,1,6,2,53,8,1560,2,-1,1,1,1
2017440445382,2,9,0,18,0,0,0,0,0,0,1,1,6,3,-1,-1,898,1,-1,-1,-1,-1
2017440445399,1,9,0,14,0,1,0,0,0,0,1,1,6,3,-1,-1,1149,1,9,-1,-1,-1
2017440445399,2,1,0,14,0,1,0,0,0,0,2,1,6,1,20,4,-1,-1,-1,5,1,5
2017440445494,1,9,0,10,0,5,0,0,0,0,3,1,6,2,35,6,1598,2,3,3,1,3
2017440445494,2,9,0,7,0,6,0,0,0,0,1,1,6,3,-1,-1,1598,2,5,-1,-1,-1
2017440445513,1,9,0,18,0,4,0,0,0,0,1,1,6,2,53,8,1395,1,-1,9,1,9
2017440445513,2,2,0,18,0,4,0,0,0,0,3,1,6,1,16,4,50,1,-1,9,1,9
2017440445550,1,9,0,3,0,0,0,0,0,0,2,1,6,1,53,8,2488,2,8,2,1,2
2017440445550,2,9,0,18,0,0,0,0,0,0,1,1,6,1,65,9,-1,-1,-1,9,2,9
2017440445568,1,9,0,18,0,8,0,0,0,0,1,1,6,1,87,11,1197,1,3,8,2,8
2017440445568,2,90,0,18,0,8,0,0,0,0,3,1,6,1,28,6,1971,1,25,8,1,8
2017440445617,1,9,0,3,0,7,0,0,0,0,2,1,2,1,51,8,1390,1,18,5,1,5
2017440445617,2,9,0,18,0,7,0,0,0,0,1,1,2,1,24,5,1399,2,5,1,1,1
2017440445624,1,5,0,16,0,0,1,0,0,0,0,1,2,1,58,9,745,1,-1,1,1,1
2017440445624,2,1,0,16,0,0,1,0,0,0,0,1,2,1,28,6,-1,-1,-1,8,1,8
2017440445633,1,9,0,9,0,8,0,0,7,0,3,1,6,1,23,5,1896,2,12,4,3,4
2017440445633,2,9,0,18,0,8,0,0,0,0,1,1,6,2,40,7,1498,1,7,8,3,8
2017440445649,1,9,0,5,0,8,0,0,0,0,1,1,6,3,-1,-1,1242,1,13,-1,-1,-1
2017440445649,2,1,0,18,0,8,0,0,0,0,4,1,2,1,38,7,-1,-1,-1,8,1,8
2017440445824,1,9,0,18,0,0,0,0,0,0,1,1,6,1,78,11,1598,1,7,3,3,3
2017440445827,1,9,0,18,0,0,0,0,0,0,3,1,6,2,20,4,1200,1,-1,10,1,10
2017440445827,2,9,0,18,0,0,0,0,0,0,3,1,6,3,-1,-1,-1,-1,-1,-1,-1,-1
2017440446015,1,9,0,10,0,1,0,0,0,0,2,1,6,1,46,8,-1,-1,-1,3,1,3
2017440446015,2,9,0,18,0,1,0,0,0,0,1,1,6,3,-1,-1,-1,-1,-1,-1,-1,-1
2017440446123,1,19,0,9,0,8,0,0,0,0,4,1,6,1,36,7,2148,2,9,6,1,6
2017440446123,2,9,0,18,0,8,0,0,7,0,1,1,6,1,37,7,1956,2,3,-1,3,-1
2017440446132,1,9,0,1,0,0,0,0,1,4,4,1,3,2,50,8,1997,1,7,-1,-1,-1
2017440446133,1,19,0,17,0,0,0,0,0,0,3,2,6,1,49,8,-1,-1,-1,-1,-1,-1
2017440446133,2,9,0,16,0,0,0,0,0,0,4,1,6,1,31,6,1905,2,18,3,1,3
2017440446152,1,9,0,18,0,0,1,0,1,4,1,1,2,1,53,8,1998,1,16,6,2,6
2017440446749,1,9,0,17,0,0,0,0,0,0,1,1,6,1,57,9,1198,1,2,10,1,10
2017440447012,1,19,0,18,0,0,0,0,0,0,1,1,2,1,45,7,1995,2,9,1,1,1
2017440447012,2,9,0,4,0,0,0,0,0,0,2,1,2,1,64,9,2143,2,3,10,1,10
2017440447078,1,9,0,9,0,8,0,0,0,0,1,1,2,2,27,6,1799,1,11,9,1,9
2017440447078,2,1,0,18,0,8,0,0,0,0,1,1,6,2,18,4,-1,-1,-1,7,1,7
2017440447131,1,1,0,15,0,8,0,0,0,0,1,1,2,1,51,8,-1,-1,-1,8,2,8
2017440447131,2,9,0,3,0,8,0,0,0,0,4,1,6,2,19,4,1124,1,16,7,1,7
2017440447170,1,9,0,18,0,8,0,0,0,0,1,1,6,2,44,7,2597,1,12,1,1,1
2017440447170,2,9,0,18,0,8,0,0,1,0,3,1,6,2,47,8,999,1,13,1,1,1
2017440447213,1,21,0,12,0,0,0,0,0,0,3,2,1,1,44,7,-1,-1,-1,-1,-1,-1
2017440447213,2,9,0,18,0,0,0,0,4,6,1,1,2,2,22,5,1149,1,16,7,1,7
2017440447216,1,9,0,9,0,8,0,0,0,0,1,1,6,1,40,7,1968,2,2,4,1,4
2017440447328,1,9,0,3,0,1,0,0,0,0,3,1,6,2,52,8,1388,1,13,5,1,5
2017440447328,2,9,0,14,0,1,0,0,0,0,4,1,6,1,32,6,1984,1,14,5,1,5
2017440447686,1,9,0,18,0,0,1,0,0,0,1,1,2,2,25,5,1598,1,4,6,3,6
2017440447686,2,17,4,18,0,0,0,0,0,0,3,1,1,1,54,8,8984,2,3,7,3,7
2017440447713,1,1,0,18,0,8,0,0,0,0,4,1,1,2,29,6,-1,-1,-1,4,1,4
2017440447713,2,19,0,7,0,8,0,0,0,0,1,1,1,1,32,6,-1,-1,-1,10,2,10
2017440447733,1,9,0,9,0,8,0,0,0,0,3,1,6,2,59,9,998,1,8,6,1,6
2017440447733,2,3,0,18,0,8,0,0,0,0,1,1,6,1,42,7,124,1,15,3,1,3
2017440447791,1,9,0,9,0,2,0,0,0,0,1,1,6,1,68,10,998,1,15,5,1,5
2017440447791,2,9,0,18,0,1,0,0,0,0,1,1,3,1,39,7,1998,1,19,7,1,7
2017440447795,1,9,0,17,0,2,2,0,1,3,3,1,6,2,21,5,1598,1,12,9,3,9
2017440447936,1,9,0,4,0,1,0,0,0,0,2,1,3,2,35,6,1595,1,13,10,2,10
2017440447936,2,9,0,18,0,1,0,0,0,0,1,1,6,1,40,7,1398,1,4,7,1,7
2017440448203,1,9,0,9,0,8,0,0,0,0,4,1,6,1,87,11,1388,1,12,3,1,3
2017440448203,2,9,0,18,0,8,0,0,0,0,1,1,6,2,75,10,1200,1,2,-1,-1,-1
2017440448218,1,21,0,18,0,0,5,0,1,4,1,1,1,1,31,6,12740,2,2,9,2,9
2017440448229,1,9,0,10,0,1,0,0,0,0,2,1,6,1,66,10,1242,1,-1,10,1,10
2017440448229,2,9,0,18,0,1,0,0,0,0,1,1,6,2,27,6,1968,2,3,10,2,10
2017440448415,1,11,0,18,0,1,0,0,0,0,1,1,1,1,29,6,5132,2,2,2,1,2
2017440448415,2,1,0,12,0,1,0,0,0,0,3,1,6,1,18,4,-1,-1,-1,3,1,3
2017440448492,1,19,0,18,0,8,0,0,0,0,4,1,1,2,25,5,1248,2,2,7,3,7
2017440448492,2,9,0,12,0,8,0,0,0,0,3,1,6,1,24,5,1896,2,8,5,1,5
2017440448585,1,9,0,18,0,0,0,0,0,0,1,1,6,1,87,11,1598,1,5,7,3,7
2017440448585,2,9,0,3,0,0,0,0,0,0,2,1,2,1,39,7,-1,-1,-1,8,3,8
2017440448663,1,3,0,13,0,0,0,0,0,0,1,1,6,1,22,5,124,1,-1,4,1,4
2017440448663,2,19,0,18,0,0,0,0,0,0,2,1,6,1,30,6,2198,2,5,6,1,6
2017440448695,1,9,5,6,0,3,0,0,0,0,3,1,6,1,73,10,2982,2,11,9,3,9
2017440448695,2,3,0,13,0,3,0,0,0,0,1,1,2,1,21,5,125,1,3,9,1,9
2017440448703,1,9,0,17,0,0,1,0,1,4,1,1,6,1,18,4,1242,1,10,8,1,8
2017440448732,1,19,0,18,0,0,0,0,0,0,1,1,6,1,38,7,-1,-1,-1,7,1,7
2017440448732,2,9,0,4,0,0,0,0,1,4,2,1,6,1,59,9,1699,1,7,5,1,5
2017440448732,3,9,0,4,0,0,0,0,0,0,2,1,6,1,35,6,2171,1,16,-1,-1,-1
2017440448744,1,9,0,9,0,8,0,0,0,0,1,1,1,2,68,10,1149,1,5,4,1,4
2017440448744,2,9,0,5,0,8,0,0,0,0,3,1,6,2,-1,-1,1200,1,2,-1,-1,-1
2017440448763,1,3,0,18,0,0,0,0,0,0,1,1,6,2,18,4,125,1,2,3,1,3
2017440448763,2,9,0,9,0,0,0,0,0,0,1,1,6,1,36,7,1995,2,13,1,1,1
2017440449062,1,9,0,18,0,0,0,0,0,0,1,1,6,3,-1,-1,-1,-1,-1,-1,-1,-1
2017440449063,1,9,0,18,0,8,0,0,2,4,1,1,6,1,25,5,1999,1,12,7,1,7
2017440449168,1,22,0,18,0,0,5,0,0,0,3,1,6,2,33,6,-1,-1,-1,8,1,8
2017440449168,2,9,0,18,0,0,0,0,0,0,1,1,6,2,-1,-1,-1,-1,-1,-1,-1,-1
2017440449364,1,5,0,18,0,8,0,0,0,0,0,1,6,1,65,9,1800,1,8,9,1,9
2017440449528,1,9,0,18,0,2,0,0,0,0,4,1,6,2,46,8,1598,1,8,10,2,10
2017440449528,2,9,0,1,0,2,0,0,0,0,2,1,6,1,-1,-1,1794,1,14,7,1,7
2017440449596,1,9,0,4,0,0,0,0,0,0,2,1,2,2,31,6,1995,2,7,8,1,8
2017440449596,2,9,0,4,0,0,0,0,0,0,1,1,1,1,53,8,-1,-1,-1,4,1,4
2017440449664,1,9,0,9,0,8,0,0,0,0,3,1,1,2,43,7,1685,2,6,8,1,8
2017440449664,2,9,0,13,0,8,0,0,0,0,1,1,6,1,21,5,1896,2,15,8,3,8
2017440449784,1,9,0,18,0,0,0,0,0,0,1,1,6,2,-1,-1,1229,1,6,10,1,10
2017440449831,1,9,0,18,0,8,0,0,0,0,1,1,6,2,30,6,-1,-1,-1,-1,-1,-1
2017440449831,2,9,0,18,0,8,0,0,0,0,4,1,2,1,60,9,1685,2,2,5,1,5
2017440449832,1,9,0,9,0,8,1,0,2,4,1,1,6,1,25,5,1396,1,14,8,1,8
2017440450024,1,3,0,4,0,1,1,0,0,0,0,1,6,1,17,4,125,1,4,2,1,2
2017440450028,1,9,0,18,0,0,0,0,0,0,1,1,6,1,21,5,1968,2,1,2,1,2
2017440450028,2,90,0,18,0,0,0,0,0,0,0,1,1,2,31,6,-1,-1,-1,-1,-1,-1
2017440450028,3,90,0,18,0,0,0,0,0,0,2,1,1,1,42,7,-1,-1,-1,-1,-1,-1
2017440450028,4,90,0,18,0,0,0,0,0,0,3,1,1,1,53,8,-1,-1,-1,-1,-1,-1
2017440450531,1,9,0,18,0,8,0,0,0,0,1,1,6,2,64,9,1390,2,12,7,3,7
2017440450531,2,9,0,10,0,8,0,0,0,0,2,1,6,1,41,7,1968,2,5,5,1,5
2017440450531,3,9,0,18,0,8,0,0,0,0,3,1,6,1,30,6,2000,2,12,-1,-1,-1
2017440450649,1,9,0,18,0,0,0,0,0,0,3,1,6,1,46,8,2143,2,4,7,2,7
2017440450649,2,5,0,18,0,0,0,0,0,0,1,1,6,1,43,7,782,1,-1,5,1,5
2017440450649,3,9,0,18,0,0,0,0,0,0,3,1,6,2,72,10,1339,1,8,8,3,8
2017440450674,1,9,0,9,0,8,0,0,0,0,4,1,6,1,23,5,998,1,5,9,1,9
2017440450674,2,9,0,18,0,8,0,0,0,0,1,1,6,1,48,8,1560,2,7,8,1,8
2017440450702,1,9,0,3,0,1,0,0,0,0,2,1,6,1,23,5,1197,1,1,3,1,3
2017440450702,2,9,0,4,0,1,0,0,0,0,1,1,6,2,-1,-1,1968,2,2,10,3,10
2017440450723,1,9,0,4,0,1,0,0,0,0,2,1,6,2,35,6,1398,2,7,2,1,2
2017440450723,2,1,0,18,0,1,0,0,0,0,1,1,6,1,30,6,-1,-1,-1,4,1,4
2017440450831,1,9,0,18,0,0,0,0,0,0,2,1,6,1,53,8,-1,-1,-1,4,1,4
2017440450831,2,9,0,18,0,0,0,0,0,0,1,1,6,3,-1,-1,-1,-1,-1,-1,-1,-1
2017440450965,1,9,0,18,0,0,0,0,0,0,3,1,6,2,25,5,1149,1,3,1,1,1
2017440450965,2,9,0,2,0,0,0,0,0,0,4,1,6,3,-1,-1,-1,-1,-1,-1,-1,-1
2017440451002,1,2,0,16,0,0,1,0,0,0,0,1,1,1,20,4,108,1,-1,4,1,4
2017440451232,1,9,0,5,0,0,0,0,0,0,1,1,6,1,19,4,1229,1,7,6,1,6
2017440451233,1,3,0,18,0,0,1,0,0,0,1,1,1,1,26,6,125,1,3,8,1,8
2017440451404,1,1,0,18,0,8,0,0,0,0,4,1,3,1,15,3,-1,-1,-1,1,1,1
2017440451404,2,9,0,18,0,8,0,0,0,0,1,1,1,2,32,6,1598,1,1,2,1,2
2017440451514,1,9,0,17,0,1,1,0,2,11,1,1,6,2,19,4,1461,2,13,10,2,10
2017440451514,2,19,0,18,0,1,0,0,0,0,1,1,1,2,66,10,2198,2,3,10,3,10
2017440451530,1,9,0,18,0,0,0,0,7,4,1,1,6,1,63,9,1598,1,10,7,1,7
2017440451666,1,9,0,9,0,8,0,0,0,0,2,1,6,2,50,8,1753,2,11,6,1,6
2017440451666,2,9,0,4,0,8,0,0,0,0,1,1,6,1,-1,-1,2494,2,10,8,3,8
2017440452006,1,9,0,4,0,8,0,0,0,0,1,1,3,1,50,8,2204,2,12,4,1,4
2017440452006,2,1,0,18,0,8,0,0,0,0,3,1,4,1,12,3,-1,-1,-1,4,1,4
2017440452065,1,9,0,3,0,1,0,0,0,0,2,1,6,2,21,5,989,1,12,3,1,3
2017440452065,2,9,0,4,0,1,0,0,0,0,1,1,6,3,-1,-1,-1,-1,-1,-1,-1,-1
2017440452079,1,1,0,9,0,8,0,0,0,0,4,1,6,1,19,4,-1,-1,-1,2,1,2
2017440452079,2,8,0,9,0,8,0,0,0,0,1,1,6,1,56,9,1685,2,1,4,1,4
2017440452326,1,8,0,17,0,8,0,0,0,0,3,1,1,1,59,9,1956,2,7,6,1,6
2017440452326,2,9,0,17,0,8,0,0,7,7,4,1,6,1,28,6,1796,1,13,10,1,10
2017440452357,1,3,0,18,0,8,0,0,0,0,1,1,2,1,19,4,124,1,2,4,1,4
2017440452357,2,9,0,9,0,8,0,0,0,0,4,1,6,1,58,9,1797,8,6,10,1,10
2017440452593,1,9,0,18,0,0,2,0,1,1,1,1,6,1,32,6,1798,1,14,2,1,2
2017440452816,1,9,0,17,0,0,2,0,5,4,3,1,2,2,21,5,1248,1,7,8,1,8
2017440452930,1,1,0,18,5,8,0,0,0,0,4,1,2,2,33,6,-1,-1,-1,7,3,7
2017440452930,2,19,0,7,0,8,0,0,0,0,1,1,6,1,48,8,1870,2,15,10,1,10
2017440453323,1,9,0,4,0,1,0,0,0,0,1,1,6,2,-1,-1,1108,1,8,6,1,6
2017440453323,2,9,0,10,0,1,0,0,0,0,2,1,6,2,-1,-1,1781,1,10,10,1,10
2017440453722,1,9,0,18,0,1,0,0,0,0,1,1,6,1,79,11,1200,1,-1,10,1,10
2017440453722,2,1,0,18,0,1,0,0,0,0,4,1,6,1,15,3,-1,-1,-1,6,1,6
2017440453728,1,9,0,4,0,0,0,0,0,0,2,1,6,2,40,7,1229,1,11,9,1,9
2017440453728,2,9,0,4,0,0,0,0,0,0,1,1,6,2,64,9,1560,2,-1,10,1,10
2017440453804,1,1,0,18,4,8,0,0,0,0,1,1,2,1,44,7,-1,-1,-1,7,1,7
2017440453804,2,9,0,13,0,8,0,0,0,0,4,1,6,3,-1,-1,-1,-1,-1,-1,-1,-1
2017440453915,1,4,0,7,0,8,1,0,3,11,1,1,6,1,16,4,459,1,14,4,1,4
2017440454226,1,9,0,4,0,0,0,0,0,0,2,1,6,2,30,6,1248,2,4,7,1,7
2017440454226,2,19,0,18,0,0,0,0,0,0,1,1,6,3,-1,-1,2198,2,1,-1,-1,-1
2017440454294,1,19,0,18,0,8,0,0,0,0,1,1,1,1,52,8,1753,2,10,4,1,4
2017440454294,2,9,0,18,0,8,0,0,0,0,4,1,1,1,63,9,1298,1,15,6,3,6
2017440454294,3,9,0,3,0,1,0,0,0,0,3,1,1,1,40,7,2435,1,17,1,1,1
2017440454388,1,9,0,3,0,8,0,0,0,0,2,1,6,2,-1,-1,1242,1,8,9,1,9
2017440454388,2,3,0,11,0,8,0,0,0,0,1,1,6,1,24,5,125,1,1,4,1,4
2017440454612,1,9,0,5,0,0,0,0,0,0,3,1,1,2,-1,-1,1781,1,11,-1,-1,-1
2017440454612,2,9,0,2,0,0,0,0,0,0,4,1,6,3,-1,-1,1599,1,13,-1,-1,-1
2017440454654,1,1,0,18,0,0,0,0,1,0,2,1,2,1,49,8,-1,-1,-1,10,1,10
2017440454654,2,19,0,18,0,0,0,0,1,0,1,1,6,3,-1,-1,-1,-1,-1,-1,-1,-1
2017440454953,1,5,0,15,0,8,1,0,0,0,4,1,6,1,49,8,-1,-1,-1,8,2,8
2017440454953,2,9,4,18,0,8,0,0,0,0,3,1,6,1,25,5,2982,2,9,6,3,6
2017440455056,1,97,0,18,0,0,0,0,0,0,1,1,6,1,-1,-1,-1,-1,-1,-1,-1,-1
2017440455135,1,3,0,14,0,1,1,0,0,0,1,1,4,1,17,4,-1,-1,-1,8,1,8
2017440455135,2,21,0,2,0,1,0,0,0,0,0,1,1,3,-1,-1,2461,2,17,-1,-1,-1
2017440455204,1,9,0,4,0,2,0,0,0,0,2,1,6,2,44,7,1248,1,8,9,2,9
2017440455204,2,9,0,4,0,2,0,0,0,0,2,1,6,2,75,10,1598,1,6,6,1,6
2017440455204,3,9,0,4,0,2,0,0,0,0,1,1,2,1,36,7,1997,2,9,2,1,2
2017440455485,1,9,0,12,0,0,5,0,0,0,1,1,6,1,20,4,1198,1,12,9,3,9
2017440455485,2,20,0,18,0,0,0,0,0,0,3,1,1,3,-1,-1,-1,-1,-1,-1,-1,-1
2017440455485,3,9,0,18,0,0,0,0,2,6,1,1,6,1,59,9,1595,1,3,4,1,4
2017440455551,1,9,0,9,0,8,0,0,0,0,3,1,6,2,71,10,1229,1,3,10,2,10
2017440455551,2,5,0,18,0,8,0,0,0,0,1,1,6,1,31,6,600,1,14,9,3,9
2017440455891,1,9,0,9,0,8,0,0,0,0,1,1,1,1,26,6,1762,1,19,7,1,7
2017440455891,2,1,0,18,0,8,0,0,0,0,1,1,1,1,25,5,-1,-1,-1,7,3,7
2017440456207,1,22,0,18,0,8,0,0,0,0,1,1,6,2,79,11,-1,-1,-1,7,1,7
2017440456407,1,9,0,18,0,1,0,0,0,0,1,1,6,1,-1,-1,-1,-1,-1,-1,-1,-1
2017440456475,1,19,0,7,0,8,0,0,0,0,3,1,1,1,27,6,-1,-1,-1,5,1,5
2017440456475,2,9,0,18,0,8,0,0,0,0,1,1,6,2,19,4,1598,2,2,5,1,5
2017440456809,1,3,0,14,0,8,0,0,0,0,1,1,1,2,30,6,125,1,3,-1,-1,-1
2017440456809,2,9,0,9,0,8,0,0,0,0,3,1,1,1,22,5,1242,1,13,1,1,1
2017440456840,1,19,0,4,0,0,0,0,0,0,2,1,2,1,33,6,2198,2,3,2,1,2
2017440456840,2,9,0,4,0,0,0,0,0,0,1,1,2,1,24,5,1560,2,6,6,1,6
2017440456840,3,19,0,4,0,0,0,0,0,0,1,1,2,1,34,6,2198,2,3,5,1,5
2017440456840,4,9,0,4,0,0,0,0,0,0,1,1,2,2,29,6,1339,1,11,8,1,8
2017440456953,1,9,0,9,0,8,0,0,0,0,4,1,2,2,23,5,998,1,7,6,1,6
2017440456953,2,4,0,18,0,8,0,0,0,0,1,1,2,1,26,6,498,1,17,7,1,7
2017440456964,1,9,0,18,0,0,0,0,0,0,1,1,2,2,59,9,1598,1,2,10,1,10
2017440457033,1,9,0,18,0,8,0,0,0,0,3,1,6,2,77,11,1591,1,3,4,1,4
2017440457033,2,3,0,9,0,8,0,0,0,0,1,1,1,1,20,4,-1,-1,-1,4,1,4
2017440457161,1,9,0,4,0,8,0,0,0,0,1,1,6,1,20,4,1968,2,5,9,1,9
2017440457161,2,9,0,7,0,8,0,0,0,0,1,1,6,2,19,4,998,1,9,6,1,6
2017440457206,1,9,0,18,0,2,0,0,0,0,1,1,6,1,56,9,-1,-1,-1,3,1,3
2017440457206,2,1,0,18,0,2,0,0,0,0,2,1,6,1,17,4,-1,-1,-1,1,1,1
2017440457336,1,1,0,18,4,8,0,0,0,0,4,1,6,1,36,7,-1,-1,-1,2,1,2
2017440457336,2,9,0,5,0,8,0,0,0,0,3,1,6,1,62,9,1968,2,3,9,1,9
2017440457354,1,21,1,11,0,0,0,0,0,0,0,1,1,1,61,9,12777,2,4,8,1,8
2017440457354,2,9,0,18,0,0,2,0,5,6,1,1,2,2,31,6,1242,1,11,9,1,9
2017440457726,1,21,1,12,0,0,0,0,0,0,3,2,1,1,64,9,-1,-1,-1,-1,-1,-1
2017440457726,2,9,0,18,0,0,1,0,1,10,4,1,6,1,58,9,2198,1,15,9,1,9
2017440457956,1,9,0,18,0,0,0,0,0,0,1,1,6,2,71,10,1591,1,4,6,2,6
2017440458076,1,5,0,16,0,3,1,0,0,0,0,1,6,1,25,5,998,1,9,1,1,1
2017440458076,2,9,0,12,0,3,0,0,0,0,0,1,6,3,-1,-1,-1,-1,-1,-1,-1,-1
2017440458200,1,9,0,5,0,0,0,0,0,0,3,1,6,2,87,11,998,1,17,10,1,10
2017440458200,2,9,0,18,0,0,0,0,0,0,4,1,2,1,55,8,1598,2,1,10,1,10
2017440458200,3,19,0,2,0,0,0,0,0,0,1,1,6,1,36,7,1968,2,3,8,1,8
2017440458222,1,1,0,18,0,1,0,0,0,0,2,1,6,2,16,4,-1,-1,-1,10,1,10
2017440458222,2,9,0,13,0,1,0,0,0,0,1,1,6,3,-1,-1,-1,-1,-1,-1,-1,-1
2017440458235,1,9,0,9,0,8,0,0,0,0,0,1,6,2,48,8,1796,1,14,3,1,3
2017440458235,2,2,0,18,0,8,1,0,0,0,0,1,2,2,17,4,49,1,6,2,1,2
2017440458261,1,1,0,18,4,8,0,0,0,0,4,1,6,1,18,4,-1,-1,-1,9,1,9