Accident_Index,Vehicle_Reference,Vehicle_Type,Towing_and_Articulation,Vehicle_Manoeuvre,Vehicle_Location-Restricted_Lane,Junction_Location,Skidding_and_Overturning,Hit_Object_in_Carriageway,Vehicle_Leaving_Carriageway,Hit_Object_off_Carriageway,1st_Point_of_Impact,Was_Vehicle_Left_Hand_Drive?,Journey_Purpose_of_Driver,Sex_of_Driver,Age_of_Driver,Age_Band_of_Driver,Engine_Capacity_(CC),Propulsion_Code,Age_of_Vehicle,Driver_IMD_Decile,Driver_Home_Area_Type,Vehicle_IMD_Decile
2017440487674,1,9,0,17,0,0,0,0,0,0,1,1,2,2,24,5,1598,2,-1,9,1,9
2017440487922,1,9,0,9,0,8,0,0,0,0,1,1,6,3,-1,-1,1596,1,7,-1,-1,-1
2017440487960,1,9,0,18,0,0,0,0,0,0,1,1,6,2,24,5,1984,1,16,-1,-1,-1
2017440488044,1,9,0,16,0,0,0,0,0,10,1,1,6,2,19,4,1598,1,12,8,3,8
2017440488118,1,9,0,17,0,2,5,10,2,4,1,1,6,1,22,5,1248,1,7,3,1,3
2017440488165,1,9,0,18,0,0,0,0,1,10,4,1,6,2,18,4,1390,1,15,5,1,5
2017440488165,2,9,0,3,0,0,0,0,0,0,3,1,6,1,68,10,1390,1,12,4,1,4
2017440488165,3,9,0,2,0,0,0,0,0,0,3,1,6,3,-1,-1,1598,1,12,-1,-1,-1
2017440488700,1,9,0,18,0,0,0,0,0,0,1,1,6,1,51,8,2987,2,1,8,1,8
2017440488700,2,9,0,18,0,0,0,0,0,0,2,1,6,1,38,7,2987,2,1,7,1,7
2017440488726,1,5,0,13,0,8,0,0,0,0,1,1,6,1,67,10,599,1,19,4,1,4
2017440488726,2,9,0,9,0,8,0,0,0,0,3,1,6,3,-1,-1,-1,-1,-1,-1,-1,-1
2017440488736,1,9,0,18,0,1,0,0,0,0,1,1,6,2,49,8,1197,1,2,6,1,6
2017440488736,2,9,0,3,0,1,0,0,0,0,2,1,6,1,49,8,1461,2,-1,9,1,9
2017440488798,1,9,0,18,0,0,0,0,7,0,3,1,6,1,41,7,-1,-1,-1,10,2,10
2017440488798,2,9,0,18,0,0,0,0,0,0,3,1,6,2,-1,-1,1956,2,2,10,1,10
2017440489179,1,9,0,18,0,0,5,0,7,0,4,1,6,1,24,5,1590,1,24,3,1,3
2017440489418,1,9,0,18,0,8,0,0,0,0,4,1,2,1,45,7,1984,1,-1,10,1,10
2017440489418,2,1,0,18,0,8,0,0,0,0,3,1,4,1,13,3,-1,-1,-1,10,1,10
2017440489971,1,19,0,3,0,1,0,0,0,0,2,1,6,2,68,10,-1,-1,-1,7,1,7
2017440489971,2,9,0,3,0,1,0,0,0,0,2,1,2,1,54,8,1198,1,10,3,3,3
2017440489971,3,9,0,5,0,1,0,0,0,0,1,1,6,2,40,7,1796,1,16,3,1,3
2017440489992,1,21,1,18,0,0,0,0,0,0,4,1,1,1,50,8,12777,2,7,1,1,1
2017440489992,2,1,0,18,0,0,0,0,0,0,2,1,6,1,64,9,-1,-1,-1,3,1,3
2017440490068,1,9,0,18,0,0,0,0,0,0,1,1,6,2,75,10,1197,1,3,7,3,7
2017440490068,2,1,0,18,0,0,0,0,0,0,1,1,6,1,12,3,-1,-1,-1,4,1,4
2017440490099,1,9,0,10,0,8,0,0,0,0,2,1,6,2,37,7,1598,2,-1,10,1,10
2017440490099,2,9,0,3,0,8,0,0,0,0,2,1,6,2,32,6,1598,1,9,10,1,10
2017440490099,3,9,0,4,0,8,1,0,0,0,1,1,6,1,37,7,1598,1,9,6,2,6
2017440490231,1,9,0,14,0,1,0,0,0,0,1,1,6,1,23,5,1996,1,20,6,1,6
2017440490231,2,9,0,18,0,2,0,0,0,0,1,1,6,2,38,7,1596,1,11,6,1,6
2017440490251,1,9,0,14,0,2,0,0,0,0,1,1,3,1,55,8,1968,2,10,10,2,10
2017440490261,1,9,0,18,0,0,0,0,0,0,1,1,6,1,51,8,-1,-1,-1,7,1,7
2017440490261,2,1,0,18,0,0,0,0,0,0,3,1,4,1,16,4,-1,-1,-1,8,1,8
2017440490269,1,5,0,18,0,8,0,0,0,0,0,1,2,1,42,7,998,1,11,6,1,6
2017440490269,2,9,0,5,0,8,0,0,0,0,0,1,6,3,-1,-1,-1,-1,-1,-1,-1,-1
2017440490374,1,9,0,6,0,8,0,0,0,0,1,1,6,1,19,4,1398,2,14,3,1,3
2017440490374,2,9,0,13,0,8,2,0,7,9,4,1,6,1,19,4,1242,1,10,8,3,8
2017440490458,1,9,0,7,0,8,0,0,0,0,1,1,6,1,45,7,1968,2,9,6,1,6
2017440490460,1,9,0,18,0,0,1,0,5,6,3,1,6,2,49,8,1349,1,5,10,1,10
2017440490520,1,9,0,9,0,8,0,0,0,0,3,1,6,2,26,6,1198,1,7,4,1,4
2017440490520,2,3,0,18,0,8,0,0,0,0,1,1,6,1,18,4,125,1,9,10,1,10
2017440490579,1,9,0,16,0,0,1,0,0,0,1,1,2,1,26,6,2500,1,17,6,1,6
2017440490579,2,9,0,18,0,0,0,0,0,0,1,1,2,1,35,6,1598,1,3,7,1,7
2017440490603,1,9,0,18,0,0,0,0,0,0,1,1,6,2,17,4,1198,1,14,10,1,10
2017440490603,2,90,0,18,0,0,0,0,0,0,1,1,1,1,-1,-1,2987,2,5,-1,-1,-1
2017440490748,1,3,0,18,0,2,1,0,0,0,0,1,1,1,20,4,125,1,5,3,1,3
2017440490755,1,8,0,9,0,8,0,0,0,0,1,1,1,1,55,8,1598,2,2,4,1,4
2017440490755,2,3,0,18,0,8,0,0,0,0,4,1,2,1,21,5,124,1,13,3,1,3
2017440490865,1,11,0,18,0,1,0,0,0,4,4,1,1,1,35,6,9600,2,20,5,1,5
2017440491029,1,9,0,16,0,0,2,0,7,4,1,1,6,2,76,11,1998,1,10,7,1,7
2017440491058,1,21,0,4,0,0,0,0,0,0,1,1,1,1,55,8,-1,-1,-1,9,1,9
2017440491058,2,19,0,4,0,0,0,0,0,0,2,1,1,1,55,8,2402,2,16,7,1,7
2017440491153,1,9,0,16,0,0,1,0,0,0,1,1,6,2,31,6,1560,2,1,10,1,10
2017440491153,2,9,0,17,0,0,0,0,0,0,1,1,6,2,33,6,1560,2,3,10,1,10
2017440491216,1,19,0,13,0,0,0,0,0,0,1,1,6,1,20,4,1248,2,4,8,1,8
2017440491216,2,9,0,18,0,0,0,0,1,9,1,1,6,2,57,9,2993,2,1,8,3,8
2017440491216,3,9,0,18,0,0,1,0,0,0,4,1,6,2,33,6,1598,2,2,10,1,10
2017440491216,4,9,0,18,0,0,0,0,0,0,1,1,6,2,48,8,1560,2,4,10,1,10
2017440491299,1,9,0,3,0,2,0,0,0,0,4,1,6,1,73,10,1124,1,11,4,1,4
2017440491373,1,9,0,4,0,8,0,0,0,0,1,1,6,2,72,10,1582,2,3,9,1,9
2017440491373,2,9,0,10,0,8,0,0,0,0,2,1,6,2,66,10,1560,2,11,10,1,10
2017440491571,1,97,0,7,0,8,0,0,0,0,4,1,6,3,-1,-1,-1,-1,-1,-1,-1,-1
2017440491581,1,11,0,7,0,8,0,0,1,0,4,1,1,1,-1,-1,13000,2,3,-1,-1,-1
2017440491692,1,3,0,18,0,0,0,0,0,0,1,1,6,1,21,5,124,1,14,6,1,6
2017440491734,1,9,0,18,0,0,0,0,0,0,2,1,2,1,34,6,2199,2,3,3,1,3
2017440491734,2,9,0,18,0,0,0,0,0,0,2,1,2,2,45,7,1364,2,2,7,1,7
2017440491734,3,9,0,4,0,0,0,0,0,0,1,1,2,1,64,9,1364,2,2,3,1,3
2017440491789,1,9,0,18,0,0,0,0,0,0,1,1,6,1,28,6,1499,2,1,9,1,9
2017440491789,2,9,0,4,0,0,0,0,0,0,2,1,6,2,60,9,1248,1,2,6,1,6
2017440491789,3,9,0,4,0,0,0,0,0,0,4,1,6,1,39,7,1896,2,13,10,1,10
2017440491806,1,9,0,9,0,8,0,0,0,0,1,1,6,1,23,5,1999,1,-1,7,1,7
2017440491806,2,9,0,18,0,8,0,0,0,0,1,1,6,1,58,9,1796,1,12,7,3,7
2017440492191,1,9,0,9,0,8,0,0,0,0,3,1,1,1,20,4,998,1,11,5,1,5
2017440492191,2,3,0,14,0,8,0,0,0,0,1,1,6,1,19,4,124,1,1,10,1,10
2017440492447,1,1,0,18,0,0,0,0,0,0,3,1,6,1,71,10,-1,-1,-1,8,1,8
2017440492447,2,9,0,13,0,0,0,0,0,0,4,1,6,3,-1,-1,-1,-1,-1,-1,-1,-1
2017440492689,1,9,0,4,0,1,0,0,0,0,2,1,6,1,57,9,1248,2,9,6,1,6
2017440492689,2,9,0,18,0,1,0,0,0,0,1,1,6,3,-1,-1,1896,2,13,-1,-1,-1
2017440492697,1,9,0,9,0,8,0,0,0,0,1,1,6,2,41,7,1988,2,12,6,1,6
2017440492697,2,9,0,18,0,8,0,0,0,0,4,1,6,2,21,5,1598,1,1,9,1,9
2017440493141,1,3,0,4,0,1,0,0,0,0,0,1,2,1,21,5,124,1,12,7,1,7
2017440493149,1,19,0,18,0,0,0,0,0,0,2,1,1,3,-1,-1,-1,-1,-1,-1,-1,-1
2017440493149,2,9,0,4,0,0,0,0,0,0,2,1,6,1,59,9,-1,-1,-1,-1,-1,-1
2017440493246,1,9,0,9,0,8,0,0,0,0,1,1,6,1,17,4,1364,1,10,-1,-1,-1
2017440493246,2,9,0,18,0,8,0,0,0,0,1,1,6,2,19,4,1242,1,16,10,1,10
2017440493646,1,9,0,9,0,8,0,0,0,0,1,1,3,2,31,6,1999,1,7,10,1,10
2017440493646,2,1,0,18,0,8,0,0,0,0,4,1,2,1,37,7,-1,-1,-1,8,1,8
2017440493917,1,9,0,18,0,0,0,0,0,0,3,1,6,2,69,10,1584,1,12,8,2,8
2017440494152,1,9,0,9,0,8,0,0,0,0,1,1,6,1,44,7,1997,2,15,2,1,2
2017440494152,2,9,0,18,0,8,0,0,0,0,1,1,6,1,25,5,1598,1,11,4,1,4
2017440494166,1,19,0,4,0,0,1,0,0,0,1,1,2,1,51,8,1997,2,12,3,1,3
2017440494166,2,9,0,3,0,0,0,0,0,0,2,1,6,1,83,11,2987,2,11,8,1,8
2017440494166,3,9,0,3,0,0,0,0,0,0,2,1,6,1,84,11,2996,1,9,7,1,7
2017440494166,4,9,0,3,0,0,0,0,0,0,2,1,6,1,53,8,1360,1,9,3,1,3
2017440494465,1,9,0,14,0,0,0,0,0,0,1,1,1,1,30,6,1299,1,18,1,1,1
2017440494485,1,9,0,14,0,0,0,0,0,0,3,1,6,1,82,11,1798,1,2,5,1,5
2017440494485,2,11,0,17,0,0,0,0,0,0,3,1,1,1,61,9,4500,2,1,9,2,9
2017440494485,3,9,0,2,0,0,0,0,0,0,3,1,6,3,-1,-1,1986,2,10,-1,-1,-1
2017440494488,1,9,0,18,0,0,0,0,7,0,3,1,2,1,49,8,2179,2,9,7,3,7
2017440494532,1,9,0,17,0,8,0,0,0,0,1,1,6,2,59,9,1839,1,12,9,1,9
2017440494532,2,9,0,16,0,8,0,0,0,0,1,1,6,1,77,11,-1,-1,-1,8,3,8
2017440494539,1,9,0,18,0,1,0,0,0,0,1,1,6,1,42,7,-1,-1,-1,4,1,4
2017440494546,1,9,0,5,0,2,0,0,0,0,1,1,6,3,-1,-1,-1,-1,-1,-1,-1,-1
2017440494673,1,9,0,18,0,3,0,0,0,0,1,1,6,1,20,4,1242,1,4,10,1,10
2017440494673,2,1,0,18,0,3,0,0,0,0,3,1,6,1,19,4,-1,-1,-1,8,1,8
2017440494829,1,9,0,18,0,0,5,0,4,6,1,1,6,1,25,5,2000,1,9,8,1,8
2017440494841,1,9,0,18,0,0,2,0,1,4,1,1,6,1,31,6,1997,2,16,-1,-1,-1
2017440494844,1,9,0,18,0,0,0,0,0,0,1,1,6,1,27,6,1596,1,15,9,3,9
2017440494844,2,1,0,18,0,0,0,0,0,0,2,1,6,1,32,6,-1,-1,-1,2,1,2
2017440495021,1,9,0,4,0,1,0,0,0,0,2,1,2,2,53,8,1398,1,-1,6,1,6
2017440495021,2,9,0,18,0,1,0,0,0,0,1,1,6,3,-1,-1,-1,-1,-1,-1,-1,-1
2017440495319,1,9,0,9,0,2,0,0,0,0,3,1,6,3,-1,-1,-1,-1,-1,-1,-1,-1
2017440495464,1,1,0,18,0,2,0,10,1,0,1,1,2,2,46,8,-1,-1,-1,6,1,6
2017440495625,1,9,0,18,0,8,0,0,7,0,1,1,6,2,53,8,1598,1,9,8,1,8
2017440495642,1,9,0,18,0,8,0,0,1,10,1,1,2,1,24,5,1796,1,12,3,1,3
2017440495642,2,19,0,9,0,8,0,0,0,0,0,1,6,1,-1,-1,-1,-1,-1,-1,-1,-1
2017440495651,1,9,0,18,0,8,0,0,0,0,1,1,6,2,46,8,1600,1,-1,9,1,9
2017440495651,2,9,0,9,0,8,0,0,0,0,2,1,2,1,37,7,1598,1,3,3,1,3
2017440495671,1,9,0,1,0,0,0,0,0,0,2,1,6,1,50,8,1968,2,4,8,1,8
2017440495750,1,9,0,18,0,0,0,4,0,0,1,1,6,2,72,10,1596,1,3,10,1,10
2017440495750,2,9,0,2,0,0,0,0,0,0,2,1,6,3,-1,-1,1598,1,13,-1,-1,-1
2017440495750,3,19,0,2,0,0,0,0,0,0,2,1,6,3,-1,-1,1560,2,2,-1,-1,-1
2017440495772,1,9,0,9,0,8,0,0,0,0,4,1,6,1,18,4,1397,1,8,3,1,3
2017440495772,2,9,0,18,0,8,0,0,0,0,1,1,6,2,59,9,1390,1,6,6,1,6
2017440495800,1,9,0,17,0,8,0,0,0,0,1,1,6,2,34,6,1753,2,13,3,1,3
2017440495800,2,9,0,9,0,8,0,0,0,0,1,1,6,1,32,6,1399,2,5,9,2,9
2017440495825,1,9,0,18,0,1,0,0,0,0,1,1,6,1,68,10,-1,-1,-1,6,1,6
2017440496276,1,9,0,18,0,0,0,7,0,0,1,1,1,1,43,7,-1,-1,-1,8,1,8
2017440496355,1,9,0,18,0,8,0,0,0,0,1,1,6,1,23,5,999,1,-1,5,1,5
2017440496395,1,3,0,17,0,8,0,0,0,0,4,1,2,1,30,6,125,1,-1,5,1,5
2017440496395,2,19,0,5,0,8,0,0,0,0,1,1,1,1,31,6,1248,2,-1,6,1,6
2017440496418,1,21,1,16,0,8,0,0,0,0,3,1,1,1,26,6,11120,2,2,-1,-1,-1
2017440496418,2,9,0,17,0,8,0,0,0,0,1,1,1,1,25,5,-1,-1,-1,8,1,8
2017440496667,1,9,0,9,0,8,0,0,0,0,3,1,6,2,25,5,1995,1,14,7,3,7
2017440496667,2,9,0,18,0,8,0,0,0,0,4,1,6,2,66,10,998,1,12,4,1,4
2017440497226,1,9,0,16,0,8,0,0,0,0,3,1,6,2,18,4,998,1,4,9,2,9
2017440497226,2,9,0,17,0,8,0,0,0,0,1,1,6,1,57,9,1242,1,11,6,1,6
2017440497376,1,9,0,18,0,2,1,0,1,0,2,1,6,1,52,8,1794,1,12,4,1,4
2017440497376,2,9,0,18,0,2,0,0,0,0,1,1,6,1,18,4,998,1,11,7,2,7
2017440497492,1,9,0,18,0,0,0,0,0,0,1,1,6,1,53,8,1997,2,3,9,1,9
2017440497492,2,9,0,18,0,0,0,0,0,0,2,1,6,1,51,8,1995,2,12,2,1,2
2017440497590,1,9,0,18,0,8,0,0,0,0,1,1,6,2,60,9,1598,2,3,7,3,7
2017440497590,2,9,0,18,0,8,0,0,0,0,3,1,6,1,54,8,1149,1,3,8,1,8
2017440497690,1,9,0,9,0,8,0,0,0,0,4,1,6,2,72,10,1794,1,13,10,1,10
2017440497690,2,1,0,18,0,8,0,0,0,0,1,1,6,1,29,6,-1,-1,-1,8,3,8
2017440497704,1,9,0,3,0,1,0,0,0,0,2,1,6,2,54,8,1991,2,12,3,1,3
2017440497704,2,9,0,18,0,1,0,0,0,0,1,1,6,3,-1,-1,1991,2,12,-1,-1,-1
2017440497714,1,9,0,10,0,8,0,0,0,0,3,1,6,1,48,8,2967,2,10,5,1,5
2017440497714,2,9,0,18,0,8,0,0,0,0,1,1,6,3,-1,-1,1560,2,3,-1,-1,-1
2017440497722,1,9,0,9,0,8,0,0,0,0,1,1,6,2,39,7,999,1,9,5,1,5
2017440497722,2,9,0,18,0,8,0,0,1,11,1,1,6,1,26,6,1781,1,14,7,1,7
2017440497749,1,9,0,18,0,8,0,0,0,0,1,1,6,2,50,8,1339,1,8,3,1,3
2017440497749,2,9,0,9,0,8,0,0,0,0,3,1,2,1,38,7,1800,1,17,9,1,9
2017440497902,1,3,0,18,0,8,1,0,0,0,4,1,6,1,19,4,124,1,2,5,1,5
2017440497902,2,9,0,5,0,8,0,0,0,0,1,1,6,1,31,6,1598,1,7,3,3,3
2017440497907,1,9,0,18,0,0,5,7,0,0,1,1,6,1,80,11,1086,1,10,10,1,10
2017440497993,1,9,0,17,0,0,0,0,0,0,1,1,6,3,-1,-1,-1,-1,-1,-1,-1,-1
2017440498641,1,9,0,18,0,8,1,0,3,11,1,1,6,2,75,10,1242,1,7,8,1,8
2017440498874,1,9,0,18,0,0,0,0,0,0,2,1,6,1,30,6,1596,1,4,6,2,6
2017440498874,2,9,0,18,0,0,0,0,0,0,1,1,6,1,30,6,1968,2,5,-1,-1,-1
2017440498974,1,5,0,18,0,1,1,0,1,0,1,1,6,1,24,5,998,1,8,6,1,6
2017440499003,1,9,0,7,0,8,0,0,0,0,4,1,6,2,62,9,1598,1,13,4,1,4
2017440499003,2,1,0,18,0,8,0,0,0,0,1,1,6,2,32,6,-1,-1,-1,3,1,3
2017440499034,1,9,0,18,0,1,0,0,0,0,1,1,6,1,75,10,1299,1,16,3,1,3
2017440499104,1,9,0,18,0,8,2,0,1,1,1,1,6,1,39,7,1560,2,12,4,1,4
2017440499109,1,5,0,18,0,0,0,0,0,0,1,1,6,1,54,8,598,1,18,4,1,4
2017440499109,2,19,0,2,0,0,0,0,0,0,2,1,6,3,-1,-1,1686,2,13,-1,-1,-1
2017440499166,1,9,0,17,0,0,0,0,0,0,3,1,6,2,51,8,1198,1,10,10,1,10
2017440499166,2,19,0,16,0,0,0,0,0,0,1,1,6,1,21,5,1896,2,8,9,3,9
2017440499204,1,9,0,18,0,0,0,0,0,0,1,1,6,1,46,8,1968,2,1,10,1,10
2017440499425,1,9,0,18,0,0,1,0,0,0,1,1,2,2,60,9,1242,1,12,9,3,9
2017440499486,1,9,0,18,0,0,2,0,4,6,1,1,2,1,21,5,-1,-1,-1,4,1,4
2017440499819,1,3,0,18,0,0,0,0,0,0,0,1,6,1,39,7,124,1,2,4,1,4
2017440499819,2,9,0,4,0,0,0,0,0,0,0,1,6,3,-1,-1,-1,-1,-1,-1,-1,-1
2017440500014,1,9,0,18,0,0,0,0,0,0,1,1,6,3,-1,-1,-1,-1,-1,-1,-1,-1
2017440500014,2,1,0,18,0,0,0,0,0,0,2,1,6,1,11,3,-1,-1,-1,4,1,4
2017440500015,1,9,0,4,0,0,0,0,0,0,2,1,6,1,29,6,1910,2,10,8,1,8
2017440500015,2,9,0,18,0,0,0,0,0,0,1,1,6,3,-1,-1,1910,2,10,-1,-1,-1
2017440500060,1,9,0,9,0,8,0,0,0,0,4,1,6,2,23,5,998,1,3,4,1,4
2017440500168,1,9,0,18,0,0,0,0,7,4,1,1,2,1,58,9,1997,2,3,9,1,9
2017440500235,1,9,0,18,0,8,0,0,7,11,4,1,6,1,50,8,4395,1,-1,8,1,8
2017440500235,2,9,0,18,0,8,0,0,0,0,1,1,6,1,34,6,1598,1,12,3,1,3
2017440500302,1,9,0,18,0,1,0,0,0,0,1,1,6,1,50,8,2993,2,2,8,1,8
2017440500302,2,9,0,3,0,1,0,0,0,0,3,1,6,2,62,9,1086,1,9,8,1,8
2017440500496,1,9,0,16,0,0,2,10,6,11,1,1,6,1,21,5,1422,2,9,8,1,8
2017440500499,1,9,0,18,0,0,1,0,7,4,3,1,6,1,53,8,1388,1,9,7,1,7
2017440500587,1,9,0,17,0,0,2,0,7,10,1,1,2,1,20,4,1149,1,12,4,2,4
2017440500617,1,9,0,18,0,0,1,0,0,0,2,1,2,1,27,6,973,1,16,7,1,7
2017440500617,2,9,0,18,0,0,0,0,0,0,1,1,2,1,42,7,973,1,16,5,3,5
2017440500731,1,8,0,10,0,8,0,0,0,0,3,1,1,1,69,10,2499,2,6,3,1,3
2017440500731,2,9,0,7,0,8,0,0,0,0,1,1,6,3,-1,-1,-1,-1,-1,-1,-1,-1
2017440500813,1,9,0,9,0,8,0,0,0,0,3,1,6,1,81,11,1598,1,11,10,1,10
2017440500854,1,3,0,18,0,8,1,0,0,0,1,1,1,1,20,4,108,1,-1,1,1,1
2017440500854,2,9,0,5,0,8,0,0,0,0,1,1,6,1,81,11,1598,1,6,10,1,10
2017440500989,1,9,0,13,0,0,0,0,0,0,4,1,6,1,71,10,1598,1,5,9,3,9
2017440500989,2,1,0,18,0,0,0,0,0,0,1,1,6,1,68,10,-1,-1,-1,10,1,10
2017440501053,1,9,0,8,0,1,0,0,0,0,2,1,2,2,48,8,2499,1,10,5,1,5
2017440501053,2,9,0,4,0,1,0,0,0,0,1,1,6,2,-1,-1,998,1,9,-1,-1,-1
2017440501059,1,5,0,18,0,2,1,0,0,0,0,1,6,1,31,6,-1,-1,-1,6,1,6
2017440501066,1,9,0,9,0,8,0,0,0,0,4,1,6,1,89,11,1461,2,11,8,1,8
2017440501066,2,1,0,18,0,8,1,0,0,0,1,1,6,1,47,8,-1,-1,-1,10,1,10
2017440501189,1,90,0,18,0,8,5,0,0,0,4,1,1,2,57,9,1997,2,3,8,3,8
2017440501189,2,9,0,9,0,8,0,0,0,0,1,1,6,2,78,11,1496,1,-1,4,1,4
2017440501307,1,9,0,9,0,8,0,0,0,0,4,1,6,2,42,7,-1,-1,-1,-1,-1,-1
2017440501307,2,9,0,12,0,8,0,0,0,0,3,1,6,3,-1,-1,-1,-1,-1,-1,-1,-1
2017440501338,1,9,0,18,0,0,0,0,0,0,1,1,6,2,35,6,1598,1,7,7,1,7
2017440501338,2,9,0,18,0,0,0,0,0,0,1,1,6,1,40,7,1587,1,12,5,1,5
2017440501736,1,9,0,18,0,8,0,0,0,0,3,1,2,1,61,9,1388,1,15,4,1,4
2017440501736,2,19,0,9,0,8,0,0,0,0,1,1,1,1,34,6,-1,-1,-1,1,1,1
2017440501934,1,8,0,18,0,0,0,0,0,0,1,1,1,1,36,7,1968,2,7,9,1,9
2017440502069,1,9,0,16,0,0,1,0,1,4,4,1,6,1,17,4,998,1,16,5,1,5
2017440502320,1,9,0,18,0,8,0,0,0,0,1,1,6,1,37,7,2993,2,6,8,1,8
2017440502320,2,9,0,7,0,8,0,0,0,0,3,1,6,1,55,8,2148,2,12,9,1,9
2017440502346,1,9,0,13,0,1,0,0,0,0,1,1,6,1,-1,-1,-1,-1,-1,-1,-1,-1
2017440502346,2,1,0,14,0,1,0,0,0,0,3,1,4,1,15,3,-1,-1,-1,10,1,10
2017440502381,1,9,0,4,0,1,1,0,0,0,1,1,6,1,70,10,1781,1,14,3,1,3
2017440502381,2,3,0,4,0,1,0,0,0,0,2,1,6,1,23,5,125,1,2,1,1,1
2017440502381,3,8,0,7,0,8,0,0,0,0,2,1,6,1,33,6,1968,2,1,4,1,4
2017440502381,4,9,0,2,0,1,0,0,0,0,1,1,6,3,-1,-1,1997,2,7,-1,-1,-1
2017440502639,1,9,0,3,0,0,0,0,0,0,2,1,1,1,34,6,1997,2,3,2,1,2
2017440502639,2,9,0,3,0,0,0,0,0,0,2,1,6,1,60,9,1598,1,10,7,1,7
2017440502639,3,9,0,18,0,0,0,0,0,0,1,1,6,1,22,5,1360,1,14,6,1,6
2017440502644,1,19,0,1,0,1,0,0,0,0,2,1,1,1,25,5,1995,2,10,4,1,4
2017440503312,1,9,0,16,0,0,0,0,0,0,1,1,6,1,73,10,999,1,1,9,1,9
2017440503312,2,9,0,17,0,0,0,0,1,0,1,1,6,2,65,9,-1,-1,-1,5,1,5
2017440503365,1,9,0,17,0,2,1,0,0,0,4,1,6,1,42,7,1560,2,14,8,1,8
2017440503365,2,9,0,18,0,1,0,0,0,0,1,1,6,1,59,9,-1,-1,-1,9,1,9
2017440503405,1,9,0,18,0,8,1,0,0,0,1,1,6,1,-1,-1,1956,2,9,-1,-1,-1
2017440503405,2,9,0,18,0,8,0,0,0,0,4,1,6,2,18,4,1956,2,9,6,1,6
2017440503453,1,19,0,7,0,8,0,0,0,0,1,1,1,1,38,7,2461,2,7,8,1,8
2017440503453,2,9,0,18,0,8,0,0,0,0,1,1,6,1,42,7,1386,1,12,5,1,5
2017440503515,1,3,0,16,0,0,1,7,0,0,1,1,6,1,43,7,125,1,1,7,1,7
2017440503663,1,9,0,9,0,8,0,0,0,0,1,1,6,1,48,8,1368,1,4,10,1,10
2017440503663,2,3,0,18,0,8,0,0,0,0,3,1,6,1,19,4,125,1,1,5,1,5
2017440503848,1,9,0,4,0,8,1,0,3,11,1,1,6,1,40,7,1596,1,11,8,1,8
2017440504217,1,9,0,4,0,8,0,0,0,0,1,1,6,2,79,11,796,1,12,6,1,6
2017440504217,2,9,0,17,0,8,0,0,0,0,4,1,6,1,49,8,1999,1,13,5,1,5
2017440504519,1,9,0,18,0,0,1,0,4,6,3,1,6,2,21,5,1499,2,4,10,2,10
2017440504549,1,9,0,18,0,8,0,0,0,0,1,1,6,1,46,8,1994,2,8,2,1,2
2017440504549,2,1,0,18,0,8,0,0,0,0,1,1,2,1,38,7,-1,-1,-1,2,1,2
2017440504551,1,9,0,4,0,0,0,0,0,0,1,1,2,2,38,7,1240,1,15,8,1,8
2017440504551,2,9,0,3,0,0,0,0,0,0,2,1,6,3,-1,-1,-1,-1,-1,-1,-1,-1
2017440504654,1,9,0,18,0,1,0,0,0,0,1,1,6,1,26,6,1995,1,11,5,1,5
2017450143248,1,9,0,18,0,0,0,0,0,0,1,1,6,1,46,8,1968,2,8,9,1,9
2017450143248,2,90,0,2,0,0,0,0,0,0,0,1,6,1,36,7,7142,2,8,5,1,5
2017450143951,1,19,0,4,0,0,0,0,0,0,2,1,1,1,36,7,1995,2,3,8,1,8
2017450143951,2,9,0,18,0,0,1,0,0,0,1,1,1,1,53,8,1910,2,7,3,1,3
2017450144025,1,9,0,18,0,0,0,0,0,0,4,1,5,1,74,10,-1,-1,-1,10,1,10
2017450144025,2,9,0,5,0,0,0,0,0,0,1,1,6,1,45,7,-1,-1,-1,10,1,10
2017450144545,1,1,0,18,4,0,5,10,1,0,3,1,1,2,31,6,-1,-1,-1,7,1,7
2017450144545,2,21,0,18,4,0,0,0,0,0,4,1,6,1,57,9,-1,-1,-1,5,1,5
2017450144976,1,20,0,18,0,0,0,0,0,0,1,1,2,1,23,5,-1,-1,-1,-1,-1,-1
2017450144976,2,9,0,18,0,0,0,0,0,0,0,1,6,3,50,8,-1,-1,-1,-1,-1,-1
2017450145302,1,9,0,18,0,0,0,0,0,0,1,1,5,1,17,4,2995,1,5,8,1,8
2017450145302,2,9,0,18,0,0,0,0,0,0,3,1,6,2,17,4,996,1,7,-1,-1,-1
2017450145302,3,9,0,18,0,0,0,0,0,0,3,1,6,1,46,8,2893,1,7,8,1,8
2017450145302,4,9,0,18,0,0,0,0,0,0,2,1,6,1,45,7,1597,2,3,8,1,8
2017450145302,5,9,0,18,0,0,0,0,0,0,0,1,1,2,40,7,1984,1,2,-1,-1,-1
2017450145303,1,9,0,18,0,0,0,0,8,0,1,1,6,1,33,6,1360,1,11,-1,-1,-1
2017450145483,1,9,0,18,0,0,0,0,4,0,3,1,2,1,40,7,2993,2,13,10,1,10