Accident_Index,Vehicle_Reference,Vehicle_Type,Towing_and_Articulation,Vehicle_Manoeuvre,Vehicle_Location-Restricted_Lane,Junction_Location,Skidding_and_Overturning,Hit_Object_in_Carriageway,Vehicle_Leaving_Carriageway,Hit_Object_off_Carriageway,1st_Point_of_Impact,Was_Vehicle_Left_Hand_Drive?,Journey_Purpose_of_Driver,Sex_of_Driver,Age_of_Driver,Age_Band_of_Driver,Engine_Capacity_(CC),Propulsion_Code,Age_of_Vehicle,Driver_IMD_Decile,Driver_Home_Area_Type,Vehicle_IMD_Decile
2017450164541,2,9,0,18,0,8,0,0,0,0,1,1,1,1,55,8,1598,1,7,3,1,3
2017450164562,1,9,0,4,0,1,0,0,0,0,1,1,2,1,32,6,1896,2,14,3,1,3
2017450164562,2,9,0,3,0,4,0,0,0,0,2,1,2,2,57,9,1499,1,1,7,1,7
2017450164563,1,9,0,2,0,1,0,0,0,0,3,1,6,2,38,7,-1,3,2,9,1,9
2017450164563,2,1,0,18,0,1,0,4,0,0,1,1,6,1,33,6,-1,-1,-1,10,1,10
2017450164595,1,9,0,18,0,1,0,9,0,0,1,1,6,1,30,6,2143,2,3,3,1,3
2017450164897,1,3,0,18,0,0,0,0,1,0,1,1,6,1,27,6,125,1,1,4,1,4
2017450164938,1,3,0,13,0,8,0,0,0,0,1,1,2,1,57,9,598,1,23,6,1,6
2017450164938,2,11,0,10,0,1,0,0,0,0,1,1,1,1,37,7,9200,2,14,4,1,4
2017450164938,3,9,0,3,0,1,0,0,0,0,1,1,2,1,56,9,1590,1,15,7,1,7
2017450164959,1,9,0,16,0,8,2,0,1,0,3,1,5,1,21,5,1299,1,17,8,1,8
2017450164959,2,9,0,10,0,1,0,0,0,0,2,1,5,1,29,6,1968,2,3,6,1,6
2017450164962,1,9,0,18,0,0,0,0,0,0,3,1,6,1,42,7,1689,2,15,4,1,4
2017450164962,2,9,0,18,0,0,0,0,0,0,4,1,6,2,71,10,1086,1,11,6,1,6
2017450164973,1,9,0,17,0,3,0,0,0,0,1,1,1,1,28,6,999,1,4,8,1,8
2017450164973,2,1,0,9,0,3,0,0,0,0,3,1,2,1,34,6,-1,-1,-1,6,1,6
2017450165004,1,9,0,18,0,0,0,0,0,0,1,1,6,2,45,7,2497,2,11,7,1,7
2017450165004,2,9,0,18,0,0,0,0,0,0,1,1,6,1,37,7,1796,1,13,5,2,5
2017450165035,1,9,0,18,0,1,0,0,0,0,1,1,6,1,53,8,-1,-1,-1,-1,-1,-1
2017450165035,2,9,0,18,0,1,0,0,0,0,2,1,6,1,27,6,-1,-1,-1,8,1,8
2017450165035,3,9,0,10,0,1,0,0,0,0,2,1,6,1,46,8,1998,1,2,7,3,7
2017450165038,1,9,0,9,0,0,0,0,2,1,1,1,5,2,89,11,998,1,6,10,1,10
2017450165059,1,9,0,4,0,1,0,0,0,0,2,1,1,1,47,8,1364,1,3,5,1,5
2017450165059,2,9,0,4,0,1,0,0,0,0,2,1,2,2,55,8,1242,1,11,10,1,10
2017450165059,3,9,0,5,0,1,0,0,0,0,2,1,3,2,37,7,1969,2,2,10,1,10
2017450165064,1,9,0,17,0,0,1,0,7,0,1,1,5,1,60,9,1242,1,13,4,1,4
2017450165072,1,9,0,15,0,0,1,0,0,0,1,1,6,1,35,6,1796,1,17,5,1,5
2017450165072,2,9,0,18,0,0,0,10,0,0,1,1,6,1,19,4,-1,-1,-1,8,3,8
2017450165072,3,9,0,18,0,0,0,0,1,10,2,1,6,1,61,9,-1,-1,-1,9,1,9
2017450165086,1,9,0,3,0,0,0,0,0,0,4,1,1,2,57,9,1229,1,4,2,1,2
2017450165108,1,1,0,18,0,0,0,0,0,0,1,1,6,2,30,6,-1,-1,-1,7,1,7
2017450165108,2,9,0,18,0,0,0,0,0,0,1,1,6,3,-1,-1,-1,-1,-1,-1,-1,-1
2017450165126,1,9,0,18,0,0,0,0,0,0,1,1,6,1,18,4,1149,1,10,7,1,7
2017450165303,1,9,0,16,0,0,0,0,0,0,1,1,1,1,56,9,2401,2,12,5,1,5
2017450165303,2,9,0,18,0,0,0,0,0,0,1,1,5,2,77,11,1339,1,6,-1,-1,-1
2017450165305,1,9,0,5,9,0,0,0,0,0,4,1,5,2,38,7,1390,1,15,10,1,10
2017450165381,1,9,0,12,0,0,0,0,4,0,1,1,6,1,32,6,1995,2,7,3,1,3
2017450165381,2,9,0,18,0,0,1,0,5,0,2,1,6,1,56,9,2993,2,6,10,1,10
2017450165381,3,20,1,18,0,0,0,0,0,0,2,1,1,1,63,9,-1,-1,-1,-1,-1,-1
2017450165400,1,9,0,17,0,0,0,0,7,0,1,1,6,2,45,7,-1,-1,-1,10,1,10
2017450165400,2,9,0,18,0,0,0,0,0,0,1,1,6,1,39,7,2926,2,15,10,1,10
2017450165400,3,9,0,18,0,0,0,0,0,0,1,1,6,1,46,8,1497,8,12,8,1,8
2017450165400,4,9,0,18,0,0,0,0,0,0,3,1,6,1,78,11,1197,1,2,9,1,9
2017450165407,1,9,0,7,0,1,0,0,0,0,1,1,5,2,24,5,1390,1,11,10,1,10
2017450165407,2,9,0,18,0,8,0,0,0,0,4,1,5,2,50,8,1587,1,12,8,1,8
2017450165415,1,9,0,12,0,0,0,0,0,0,1,1,6,2,55,8,1997,2,14,6,1,6
2017450165415,2,9,0,18,0,0,0,0,0,0,1,1,1,2,42,7,-1,-1,-1,4,1,4
2017450165424,1,4,0,18,0,0,0,0,0,0,0,1,6,2,28,6,124,1,2,4,1,4
2017450165424,2,9,0,7,0,0,0,0,0,0,0,1,6,3,45,7,-1,-1,-1,10,1,10
2017450165448,1,9,0,18,0,1,1,0,0,0,1,1,6,2,48,8,2998,1,-1,9,1,9
2017450165448,2,9,0,4,0,1,0,0,0,0,2,1,1,1,53,8,2184,2,8,7,2,7
2017450165448,3,9,0,4,0,1,0,0,0,0,2,1,6,1,53,8,1598,1,1,10,1,10
2017450165456,1,9,0,4,0,0,0,0,0,0,2,1,6,1,43,7,1598,1,12,10,1,10
2017450165456,2,9,0,4,0,0,0,0,0,0,2,1,6,1,47,8,1560,2,9,8,1,8
2017450165456,3,9,0,4,0,0,0,0,0,0,1,1,6,1,62,9,2967,2,2,9,2,9
2017450165505,1,9,0,7,0,4,0,0,0,0,4,1,6,1,31,6,2998,1,-1,7,3,7
2017450165505,2,5,0,7,0,4,0,0,0,0,3,1,6,1,38,7,1137,1,12,-1,-1,-1
2017450165528,1,9,0,8,0,1,0,0,0,0,2,1,6,2,79,11,999,1,2,5,1,5
2017450165528,2,9,0,5,0,1,0,0,0,0,1,1,6,1,61,9,-1,-1,-1,9,1,9
2017450165547,1,9,0,18,0,0,0,0,0,0,2,1,2,2,49,8,1968,2,10,10,1,10
2017450165547,2,9,0,18,0,0,0,0,0,0,2,1,1,1,27,6,-1,-1,-1,3,1,3
2017450165547,3,19,0,18,0,0,0,0,0,0,1,1,1,1,52,8,2287,2,6,2,1,2
2017450165547,4,9,0,4,0,0,0,0,0,0,0,1,6,3,45,7,-1,-1,-1,-1,-1,-1
2017450165574,1,9,0,17,0,0,0,0,0,0,1,1,6,1,56,9,1975,1,14,6,1,6
2017450165593,1,9,0,8,0,1,0,0,0,0,1,1,6,2,56,9,4461,2,3,10,1,10
2017450165593,2,9,0,7,0,1,0,0,0,0,2,1,1,2,47,8,1598,1,11,6,1,6
2017450165596,1,9,0,11,0,0,5,0,1,0,1,1,6,1,30,6,1242,1,15,2,1,2
2017450165615,1,9,0,9,0,1,0,0,1,0,1,1,6,2,20,4,1124,1,13,9,1,9
2017450165615,2,9,0,17,0,1,0,0,0,0,4,1,1,2,63,9,1598,2,4,10,1,10
2017450165775,1,9,0,4,0,0,0,0,0,0,2,1,6,2,34,6,1586,1,-1,7,1,7
2017450165775,2,9,0,4,0,0,0,0,0,0,1,1,6,1,-1,-1,1242,1,13,8,1,8
2017450165780,1,9,0,17,0,0,2,0,8,0,1,1,6,1,24,5,1587,1,13,9,1,9
2017450165793,1,9,0,4,0,1,0,0,0,0,2,1,6,2,48,8,1596,1,7,6,1,6
2017450165793,2,9,0,4,0,1,0,0,0,0,1,1,6,1,35,6,-1,-1,-1,10,1,10
2017450165813,1,9,0,3,0,4,0,0,0,0,1,1,1,1,47,8,1560,2,4,6,1,6
2017450165813,2,9,0,4,0,4,0,0,0,0,2,1,6,2,50,8,1796,1,14,6,1,6
2017450165826,1,4,0,4,0,0,0,0,0,0,3,1,5,1,35,6,782,1,11,9,2,9
2017450165826,2,9,0,11,0,0,0,0,0,0,4,1,5,1,51,8,1968,2,7,6,1,6
2017450165841,1,9,0,5,0,8,0,0,0,0,3,1,6,2,29,6,1596,1,11,8,1,8
2017450165848,1,9,0,18,0,0,0,0,0,0,1,1,6,1,54,8,1598,1,11,3,1,3
2017450165866,1,9,0,18,0,0,0,0,0,0,2,1,6,2,55,8,1591,1,6,8,1,8
2017450165866,2,9,0,18,0,0,0,0,0,0,1,1,6,3,50,8,-1,-1,-1,-1,-1,-1
2017450165874,1,9,0,18,0,8,0,0,0,0,1,1,2,2,37,7,1299,1,13,3,1,3
2017450165882,1,20,0,18,0,0,0,0,0,0,1,1,6,1,28,6,-1,-1,-1,4,1,4
2017450165882,2,9,0,18,0,0,0,0,0,0,0,1,1,1,38,7,2993,2,4,-1,-1,-1
2017450165888,1,9,0,18,0,0,0,0,0,0,0,1,6,3,25,5,-1,-1,-1,-1,-1,-1
2017450165888,2,9,0,2,0,0,0,0,0,0,0,1,6,1,23,5,1582,2,7,8,3,8
2017450165905,1,9,0,18,0,0,0,0,0,0,3,1,5,1,17,4,1242,1,2,9,1,9
2017450165917,1,9,0,9,0,5,0,0,0,0,0,1,2,2,25,5,1200,1,1,-1,-1,-1
2017450165917,2,5,0,18,0,8,5,0,0,0,0,1,2,2,54,8,600,1,6,4,1,4
2017450165921,1,9,0,18,0,1,0,0,0,0,4,1,5,1,31,6,1596,1,5,10,1,10
2017450165933,1,9,0,18,0,0,0,0,0,0,0,1,5,2,50,8,1599,1,14,10,1,10
2017450165943,1,9,0,4,0,5,1,10,3,0,1,1,6,1,36,7,2387,2,10,4,1,4
2017450165947,1,1,0,18,9,0,1,0,0,0,0,1,5,1,39,7,-1,-1,-1,7,1,7
2017450165950,1,3,5,18,0,0,1,0,0,0,1,1,6,1,20,4,125,1,13,6,1,6
2017450165960,1,9,0,9,0,1,0,0,0,0,3,1,6,2,35,6,1984,1,11,10,1,10
2017450165960,2,3,0,18,0,1,5,0,0,0,1,1,6,1,18,4,124,1,2,10,1,10
2017450165970,1,9,0,18,0,0,0,0,0,0,1,1,6,1,59,9,1596,1,14,3,1,3
2017450165970,2,21,5,18,0,0,0,0,0,0,2,1,1,1,59,9,9290,2,2,7,1,7
2017450165981,1,9,0,18,0,3,0,0,0,0,2,1,6,2,56,9,1198,1,13,8,1,8
2017450165981,2,9,0,18,0,3,0,0,0,0,1,1,6,2,70,10,999,1,4,-1,-1,-1
2017450165991,1,9,0,3,0,0,0,0,0,0,2,1,6,2,42,7,1995,2,12,9,1,9
2017450165991,2,2,0,4,0,0,0,0,0,0,1,1,6,1,16,4,49,1,1,6,1,6
2017450166005,1,19,0,4,0,0,0,0,0,0,2,1,2,1,36,7,1598,2,3,10,1,10
2017450166005,2,9,0,4,0,0,0,0,0,0,1,1,5,2,30,6,1229,1,9,4,1,4
2017450166009,1,9,0,18,0,8,0,0,0,0,4,1,6,2,17,4,1198,1,8,6,1,6
2017450166009,2,9,0,5,0,1,0,0,0,0,3,1,6,3,49,8,-1,-1,-1,-1,-1,-1
2017450166054,1,20,0,18,0,0,0,0,0,0,4,1,3,1,35,6,-1,-1,-1,5,1,5
2017450166067,1,9,0,18,0,0,0,0,0,0,1,1,6,1,21,5,-1,-1,-1,9,2,9
2017450166126,1,9,0,18,0,0,0,0,0,0,1,1,6,2,20,4,1242,1,8,3,1,3
2017450166161,1,9,0,5,0,1,0,0,0,0,0,1,6,2,31,6,2488,2,12,8,1,8
2017450166161,2,3,0,18,0,1,0,0,0,0,1,1,6,1,26,6,108,1,1,8,1,8
2017450166349,1,9,0,4,0,0,0,0,0,0,2,1,6,2,54,8,1968,2,7,5,1,5
2017450166349,2,19,0,18,0,0,0,0,0,0,1,1,6,1,50,8,2148,2,12,4,1,4
2017450166358,1,9,0,18,0,1,0,0,0,0,4,1,6,2,72,10,993,1,15,3,1,3
2017450166358,2,1,0,7,0,3,0,0,0,0,1,1,6,2,51,8,-1,-1,-1,6,1,6
2017450166399,1,9,0,4,0,0,0,0,0,0,2,1,6,2,29,6,1299,1,11,9,1,9
2017450166399,2,9,0,18,0,0,0,0,0,0,1,1,6,1,30,6,1242,1,9,9,3,9
2017450166425,1,8,0,16,0,0,0,0,0,0,1,1,1,1,33,6,2231,2,8,8,1,8
2017450166425,2,9,0,18,0,0,0,0,0,0,2,1,1,1,37,7,2143,2,3,9,1,9
2017450166488,1,9,0,10,0,0,0,0,0,0,1,1,6,2,23,5,1360,1,10,-1,-1,-1
2017450166488,2,9,0,18,0,0,0,0,0,0,1,1,6,2,48,8,1560,2,2,10,3,10
2017450166490,1,9,0,18,0,0,1,0,0,0,3,1,6,2,67,10,1197,1,4,5,3,5
2017450166490,2,9,0,11,0,0,0,0,0,0,1,1,1,1,39,7,-1,-1,-1,-1,-1,-1
2017450166513,1,9,0,18,0,0,1,0,0,0,1,1,6,2,21,5,1998,1,14,9,3,9
2017450166513,2,9,0,18,0,0,0,0,0,0,2,1,6,3,-1,-1,-1,-1,-1,-1,-1,-1
2017450166590,1,20,0,4,0,0,0,0,0,0,1,1,6,1,25,5,-1,-1,-1,6,1,6
2017450166590,2,9,0,4,0,0,0,0,0,0,2,1,6,1,42,7,-1,-1,-1,3,1,3
2017450166590,3,9,0,3,0,0,0,0,0,0,2,1,6,2,36,7,1995,2,1,-1,-1,-1
2017450166734,1,9,0,16,0,1,0,0,0,0,1,1,1,1,43,7,1798,8,4,7,3,7
2017450166734,2,9,0,17,0,1,0,0,0,0,3,1,6,1,51,8,2494,1,18,10,2,10
2017450166744,1,9,0,4,0,1,0,0,0,0,2,1,6,1,36,7,1598,1,6,9,1,9
2017450166744,2,9,0,3,0,1,0,0,0,0,0,1,6,1,64,9,1799,1,8,5,1,5
2017450166744,3,9,0,18,0,1,0,0,0,0,1,1,6,1,54,8,2987,2,2,9,1,9
2017450166776,1,1,0,18,0,0,2,0,0,0,3,1,6,1,37,7,-1,-1,-1,-1,-1,-1
2017450166776,2,9,0,7,0,0,0,0,0,0,4,1,6,2,17,4,1242,1,5,10,1,10
2017450166808,1,1,0,18,0,8,0,0,0,0,3,1,6,1,47,8,-1,-1,-1,8,1,8
2017450166808,2,9,0,18,0,8,0,0,0,0,4,1,6,1,26,6,1598,1,11,4,1,4
2017450166819,1,9,0,18,0,1,1,4,7,10,1,1,6,1,22,5,1753,2,15,2,1,2
2017450166819,2,19,0,2,0,1,0,0,0,0,4,1,6,1,19,4,2198,2,3,-1,-1,-1
2017450166840,1,9,0,4,0,1,0,0,0,0,2,1,6,1,39,7,1999,2,2,8,1,8
2017450166840,2,9,0,18,0,1,0,0,0,0,1,1,6,1,53,8,-1,-1,-1,3,1,3
2017450166840,3,9,0,18,0,1,0,0,0,0,1,1,6,1,31,6,1598,2,2,10,1,10
2017450166845,1,9,0,9,0,1,0,0,0,0,4,1,1,1,44,7,-1,-1,-1,4,1,4
2017450166845,2,9,0,18,0,1,0,0,0,0,1,1,6,1,45,7,1968,2,-1,9,1,9
2017450166879,1,9,0,9,0,1,0,0,0,0,1,1,5,1,71,10,973,1,17,4,1,4
2017450166879,2,1,0,14,0,1,0,0,0,0,1,1,5,1,61,9,-1,-1,-1,10,1,10
2017450166912,1,9,0,18,0,0,0,0,0,0,1,1,6,2,58,9,1995,2,11,6,1,6
2017450166912,2,9,0,3,0,0,0,0,0,0,1,1,6,1,24,5,1995,2,8,4,1,4
2017450166946,1,9,0,18,0,0,0,0,0,0,4,1,6,1,18,4,1198,1,4,5,3,5
2017450167028,1,9,0,18,0,0,0,0,0,0,0,1,6,3,55,8,-1,-1,-1,-1,-1,-1
2017450167212,1,9,0,3,0,0,0,0,0,0,2,1,5,1,29,6,1398,1,5,3,1,3
2017450167212,2,9,0,3,0,0,0,0,0,0,1,1,5,1,46,8,1598,1,8,9,1,9
2017450167224,1,9,0,18,0,6,0,0,0,0,3,1,1,2,48,8,1386,1,4,-1,-1,-1
2017450167282,1,9,0,3,0,1,0,0,0,0,1,1,1,1,47,8,-1,-1,-1,6,3,6
2017450167282,2,1,0,18,0,8,0,0,0,0,1,1,4,1,17,4,-1,-1,-1,10,3,10
2017450167318,1,9,0,3,0,0,0,0,0,0,1,1,1,2,45,7,1753,2,8,10,1,10
2017450167318,2,9,0,18,0,0,0,0,0,0,2,1,6,1,39,7,1995,2,9,10,1,10
2017450167318,3,9,0,3,0,0,0,0,0,0,2,1,2,2,45,7,998,1,3,9,1,9
2017450167319,1,2,0,18,0,0,0,0,0,0,1,1,5,1,17,4,50,1,5,7,1,7
2017450167340,1,1,0,18,0,0,0,10,0,0,1,1,6,1,35,6,-1,-1,-1,8,1,8
2017450167355,1,9,0,6,0,8,0,0,0,0,1,1,1,1,58,9,1686,2,4,-1,-1,-1
2017450167355,2,9,0,18,0,8,0,0,1,1,1,1,6,2,78,11,1596,1,11,9,1,9
2017450167360,1,9,0,4,0,1,0,0,0,0,2,1,6,1,50,8,1598,2,4,9,1,9
2017450167360,2,9,0,4,0,1,0,0,0,0,1,1,6,1,47,8,1598,1,3,1,1,1
2017450167390,1,9,0,11,0,0,2,0,1,1,1,1,1,1,39,7,1390,1,14,9,2,9
2017450167409,1,9,0,5,0,4,0,0,0,0,1,1,6,2,33,6,1390,1,15,10,1,10
2017450167409,2,1,0,5,0,4,0,0,0,0,1,1,6,1,33,6,-1,-1,-1,-1,-1,-1
2017450167432,1,9,0,4,0,0,0,0,0,0,1,1,6,1,26,6,1598,1,16,6,1,6
2017450167432,2,9,0,3,0,0,0,0,0,0,0,1,6,2,56,9,1248,1,8,9,1,9
2017450167432,3,9,0,3,0,0,0,0,0,0,2,1,6,2,38,7,1598,2,6,-1,-1,-1
2017450167474,1,9,0,9,0,0,0,0,0,0,2,1,6,1,41,7,-1,-1,-1,8,1,8
2017450167474,2,1,0,18,0,0,0,0,0,0,1,1,6,1,15,3,-1,-1,-1,5,1,5
2017450167582,1,9,0,5,0,6,0,0,0,0,1,1,6,1,63,9,1595,1,9,10,1,10
2017450167582,2,3,0,13,0,1,0,0,0,0,4,1,6,2,31,6,124,1,6,6,1,6
2017450167605,1,9,0,5,0,8,0,0,0,0,1,1,1,1,39,7,2143,2,3,5,1,5
2017450167605,2,9,0,18,0,2,0,0,0,0,3,1,6,1,44,7,1597,2,4,7,2,7
2017450167608,1,9,0,9,0,4,0,0,0,0,3,1,6,2,31,6,1395,1,2,10,1,10
2017450167608,2,5,0,18,0,1,2,0,0,0,3,1,2,1,64,9,680,1,10,8,1,8
2017450167612,1,9,0,3,0,0,0,0,0,0,2,1,6,2,57,9,2143,2,3,10,1,10
2017450167612,2,9,0,3,0,0,0,0,0,0,2,1,6,2,-1,-1,3199,1,12,6,1,6
2017450167612,3,9,0,18,0,0,0,0,0,0,1,1,6,1,36,7,1896,2,15,8,1,8
2017450167662,1,9,0,5,0,0,0,0,0,0,1,1,6,2,39,7,1995,1,11,10,3,10
2017450167662,2,9,0,2,0,0,0,0,0,0,0,1,6,2,43,7,2400,2,5,10,3,10
2017450167674,1,9,0,18,0,0,0,0,0,0,1,1,6,1,37,7,1991,2,8,8,1,8
2017450167674,2,9,0,18,0,0,0,0,0,0,1,1,6,1,36,7,-1,-1,-1,2,1,2
2017450167690,1,9,0,5,0,3,0,0,0,0,2,1,5,1,43,7,1598,1,1,9,1,9
2017450167690,2,9,0,5,0,3,0,0,0,0,1,1,5,1,50,8,999,1,1,7,1,7
2017450167696,1,9,0,16,0,0,1,0,0,0,3,1,2,1,59,9,278,1,5,8,1,8
2017450167696,2,9,0,12,0,0,1,0,0,0,3,1,2,1,55,8,2495,2,15,8,3,8
2017450167700,1,9,0,13,0,0,0,0,0,0,1,1,2,1,23,5,1242,1,11,-1,-1,-1
2017450167700,2,9,0,18,0,0,0,0,0,0,1,1,2,1,54,8,2993,2,3,-1,-1,-1
2017450167700,3,90,0,4,0,0,0,0,0,0,0,1,1,1,35,6,9290,2,2,3,1,3
2017450167702,1,3,0,17,0,0,2,0,1,0,1,1,6,2,18,4,125,1,1,6,1,6
2017450167717,1,1,0,18,0,1,0,0,0,0,4,1,5,1,68,10,-1,-1,-1,10,1,10
2017450167717,2,9,0,18,0,1,0,0,0,0,1,1,5,2,42,7,1968,2,6,9,2,9
2017450167721,1,9,0,9,0,8,0,0,0,0,1,1,6,1,27,6,1986,2,10,5,1,5
2017450167721,2,9,0,14,0,1,0,0,0,0,1,1,2,2,26,6,1599,1,13,10,1,10
2017450167740,1,9,0,18,0,0,0,0,0,0,1,1,6,1,18,4,1242,1,10,5,1,5
2017450167743,1,9,0,9,0,1,0,0,0,0,4,1,2,2,39,7,1998,2,8,9,1,9
2017450167743,2,9,0,18,0,1,0,0,0,0,3,1,3,1,37,7,1995,2,10,5,1,5
2017450167747,1,2,0,16,0,0,5,0,0,0,1,1,6,2,38,7,49,1,1,10,1,10
2017450167754,1,9,0,18,0,8,0,0,0,0,4,1,6,1,17,4,998,1,11,5,1,5
2017450167754,2,9,0,5,0,8,0,0,0,0,1,1,2,2,46,8,2179,2,6,10,1,10
2017450167809,1,5,0,18,0,1,2,0,0,0,1,1,6,1,29,6,749,1,8,-1,-1,-1
2017450167809,2,9,0,10,0,5,0,0,0,0,2,1,6,1,35,6,1198,1,8,-1,-1,-1
2017450167809,3,9,0,18,0,1,0,0,0,0,1,1,2,2,31,6,1997,1,14,8,1,8
2017450167809,4,9,0,4,0,1,0,0,0,0,0,1,2,2,45,7,999,1,6,5,1,5
2017450168016,1,9,0,18,0,0,0,0,1,0,3,1,6,1,65,9,998,1,16,-1,-1,-1
2017450168043,1,9,0,18,0,1,0,0,7,10,1,1,6,2,76,11,1242,1,13,9,1,9
2017450168043,2,9,0,18,0,1,0,0,0,0,1,1,2,1,32,6,-1,-1,-1,7,1,7
2017450168046,1,9,0,12,0,6,1,0,2,7,4,1,6,2,58,9,1598,1,2,-1,-1,-1
2017450168071,1,3,0,18,0,0,5,4,0,0,1,1,5,1,19,4,125,1,-1,5,1,5
2017450168071,2,9,0,2,0,0,0,0,0,0,2,1,5,2,45,7,1390,1,9,5,1,5
2017450168081,1,11,0,5,0,0,0,0,0,0,0,1,1,2,33,6,4500,2,8,4,1,4
2017450168102,1,9,0,4,0,0,0,0,0,0,1,1,5,2,81,11,1299,1,9,10,1,10
2017450168102,2,9,0,4,0,0,0,0,0,0,2,1,5,2,24,5,1200,1,3,3,1,3
2017450168165,1,9,0,4,0,7,0,0,0,0,2,1,5,1,47,8,2149,2,9,-1,-1,-1
2017450168165,2,19,0,4,0,7,0,0,0,0,1,1,1,1,24,5,2488,2,7,10,1,10
2017450168165,3,20,0,18,0,7,0,0,0,0,1,1,1,1,64,9,-1,-1,-1,-1,-1,-1
2017450168192,1,9,0,18,0,0,1,0,2,7,1,1,5,1,28,6,2143,2,1,8,1,8
2017450168492,1,21,0,18,0,0,0,0,0,0,3,1,6,1,38,7,-1,-1,-1,10,1,10
2017450168492,2,9,0,18,0,0,0,0,0,0,3,1,6,1,76,11,1997,1,7,8,1,8
2017450168510,1,9,0,9,0,1,2,0,0,0,4,1,5,1,47,8,1998,1,19,7,1,7
2017450168510,2,9,0,18,0,1,0,0,0,0,3,1,5,1,17,4,1198,1,4,10,3,10
2017450168513,1,9,0,18,0,0,0,0,0,0,1,1,6,1,30,6,2179,2,5,-1,-1,-1
2017450168522,1,9,0,12,0,6,0,0,0,0,0,1,6,3,55,8,-1,-1,-1,-1,-1,-1
2017450168522,2,21,0,18,0,1,0,0,0,0,1,1,6,1,28,6,12419,2,4,-1,-1,-1
2017450168522,3,9,0,18,0,1,0,0,0,0,2,1,6,1,24,5,1998,2,16,4,1,4
2017450168544,1,3,0,18,0,0,0,0,0,0,1,1,5,1,50,8,200,1,47,10,1,10
2017450168544,2,9,0,1,0,0,0,0,0,0,2,1,6,1,28,6,1388,1,13,6,1,6
2017450168561,1,9,0,18,0,0,0,0,0,0,3,1,6,1,28,6,2616,1,13,10,1,10
2017450168561,2,20,0,18,0,0,0,0,0,0,1,1,6,1,35,6,-1,-1,-1,7,3,7
2017450168565,1,9,0,17,0,0,2,0,1,10,1,1,2,1,18,4,1364,1,12,8,1,8
2017450168590,1,9,0,17,0,0,0,0,0,0,3,1,2,1,53,8,-1,-1,-1,8,3,8
2017450168590,2,1,0,13,0,0,2,0,0,0,1,1,5,1,46,8,-1,-1,-1,10,3,10
2017450168590,3,1,0,16,0,0,5,0,0,0,3,1,5,1,44,7,-1,-1,-1,10,1,10
2017450168595,1,9,0,1,0,0,0,0,0,0,0,1,6,2,55,8,1596,1,6,9,1,9
2017450168611,1,9,0,13,0,1,1,10,0,0,1,1,2,1,54,8,-1,-1,-1,10,1,10
2017450168620,1,9,0,4,0,0,0,0,0,0,1,1,6,1,26,6,1120,1,20,8,1,8
2017450168620,2,9,0,4,0,0,0,0,0,0,2,1,6,2,67,10,2979,1,15,7,1,7
2017450168620,3,9,0,4,0,0,0,0,0,0,2,1,6,1,65,9,-1,-1,-1,10,1,10
2017450168630,1,9,0,18,0,0,0,0,0,0,4,1,5,1,18,4,998,1,1,9,1,9
2017450168659,1,9,0,4,0,0,0,0,0,0,2,1,6,1,50,8,2997,1,1,9,1,9
2017450168659,2,9,0,4,0,0,0,0,0,0,2,1,6,1,51,8,1995,2,5,3,1,3
2017450168659,3,9,0,18,0,0,0,0,0,0,1,1,1,2,45,7,1968,2,1,5,3,5
2017450168920,1,9,0,4,0,0,0,0,0,0,1,1,2,2,26,6,1124,1,15,5,1,5
2017450168920,2,9,0,4,0,0,0,0,0,0,2,1,1,1,48,8,1364,1,1,8,3,8
2017450168920,3,9,0,3,0,0,0,0,0,0,0,1,6,1,48,8,998,1,5,5,1,5
2017450168975,1,9,0,18,0,0,1,10,0,0,1,1,6,1,18,4,1461,2,3,5,1,5
2017450168986,1,9,0,3,0,1,1,0,7,0,1,1,6,1,28,6,4999,1,11,3,1,3
2017450168986,2,9,0,18,0,1,0,0,0,0,1,1,2,2,23,5,1200,1,2,6,1,6
2017450168989,1,9,0,18,0,0,0,0,0,0,1,1,1,1,28,6,1968,2,2,-1,-1,-1
2017450168989,2,9,0,18,0,0,0,0,0,0,1,1,2,1,30,6,1328,1,16,8,1,8
2017450169015,1,9,0,9,0,0,0,0,0,0,1,1,1,2,39,7,1798,1,5,10,2,10
2017450169015,2,9,0,18,0,0,0,0,0,0,1,1,6,2,76,11,1240,1,7,10,3,10
2017450169050,1,9,0,18,0,7,0,0,0,0,2,1,6,1,50,8,1598,2,4,7,1,7
2017450169050,2,9,0,18,0,7,0,0,0,0,1,1,6,2,20,4,1199,2,5,-1,-1,-1
2017450169050,3,21,0,18,0,7,0,0,0,0,2,1,6,1,43,7,-1,-1,-1,-1,-1,-1
2017450169050,4,9,0,18,0,7,0,0,0,0,1,1,6,1,23,5,-1,-1,-1,-1,-1,-1
2017450169052,1,9,0,6,0,0,0,0,0,0,2,1,6,1,17,4,1968,2,10,6,3,6
2017450169052,2,3,0,18,0,0,0,0,0,0,0,1,1,1,24,5,108,1,1,10,1,10