Accident_Index,Vehicle_Reference,Vehicle_Type,Towing_and_Articulation,Vehicle_Manoeuvre,Vehicle_Location-Restricted_Lane,Junction_Location,Skidding_and_Overturning,Hit_Object_in_Carriageway,Vehicle_Leaving_Carriageway,Hit_Object_off_Carriageway,1st_Point_of_Impact,Was_Vehicle_Left_Hand_Drive?,Journey_Purpose_of_Driver,Sex_of_Driver,Age_of_Driver,Age_Band_of_Driver,Engine_Capacity_(CC),Propulsion_Code,Age_of_Vehicle,Driver_IMD_Decile,Driver_Home_Area_Type,Vehicle_IMD_Decile
2017450169057,1,9,0,18,0,1,0,0,0,0,1,1,6,1,60,9,1968,2,4,-1,-1,-1
2017450169057,2,1,0,18,0,1,0,0,0,0,1,1,6,1,17,4,-1,-1,-1,8,1,8
2017450169072,1,5,0,17,0,2,2,0,1,10,1,1,6,1,55,8,680,1,10,6,1,6
2017450169078,1,21,1,18,0,1,0,0,0,0,1,1,1,1,52,8,-1,-1,-1,-1,-1,-1
2017450169078,2,9,0,4,0,1,0,0,0,0,2,1,6,2,28,6,1999,2,2,4,2,4
2017450169095,1,9,0,1,0,0,0,0,0,0,2,1,6,1,30,6,1997,2,11,8,1,8
2017450169267,1,9,0,18,0,0,0,0,1,4,1,1,5,2,53,8,1598,1,10,10,1,10
2017450169269,1,9,0,18,0,1,0,0,0,0,1,1,2,1,34,6,1968,2,5,10,1,10
2017450169269,2,9,0,10,9,6,0,0,0,0,1,1,2,1,34,6,1360,1,17,3,1,3
2017450169270,1,9,0,18,0,0,0,0,1,7,4,1,5,2,19,4,1198,1,13,6,1,6
2017450169270,2,9,0,18,0,0,0,0,0,0,4,1,5,1,25,5,1781,1,15,10,3,10
2017450169271,1,9,0,16,0,0,0,0,0,0,3,1,6,2,23,5,1598,2,3,3,1,3
2017450169271,2,9,0,17,0,0,0,0,0,0,3,1,1,2,24,5,1339,1,15,9,1,9
2017450169272,1,1,0,15,0,0,5,0,0,0,2,1,5,1,31,6,-1,-1,-1,6,3,6
2017450169272,2,9,0,3,0,0,0,0,0,0,1,1,5,1,49,8,1242,1,13,5,1,5
2017450169272,3,9,0,8,0,0,0,0,0,0,0,1,5,2,48,8,1197,1,5,8,1,8
2017450169273,1,9,0,18,0,1,0,0,0,0,1,1,2,1,25,5,1368,1,8,-1,-1,-1
2017450169273,2,19,0,18,0,1,0,0,0,0,2,1,1,1,43,7,2198,2,4,9,1,9
2017450169273,3,9,0,18,0,1,0,0,0,0,0,1,1,2,42,7,1242,1,7,-1,-1,-1
2017450169275,1,9,0,18,0,2,0,0,0,0,1,1,5,1,78,11,1798,1,4,8,1,8
2017450169275,2,9,0,18,0,1,0,0,0,0,1,1,2,1,56,9,-1,-1,-1,8,2,8
2017450169277,1,9,0,7,0,5,0,0,0,0,1,1,5,1,44,7,1390,1,16,7,1,7
2017450169277,2,1,0,18,0,1,0,0,0,0,1,1,5,1,39,7,-1,-1,-1,10,1,10
2017450169278,1,1,0,18,0,0,5,0,0,0,0,1,5,1,38,7,-1,-1,-1,5,1,5
2017450169280,1,9,0,4,0,1,0,0,0,0,1,1,6,1,81,11,1364,1,10,6,1,6
2017450169280,2,19,0,18,0,1,0,0,0,0,1,1,6,1,41,7,1560,2,1,-1,-1,-1
2017450169280,3,98,0,18,0,1,0,0,0,0,0,1,6,3,50,8,-1,-1,-1,-1,-1,-1
2017450169281,1,9,0,18,0,1,1,0,7,0,1,1,5,1,26,6,1995,2,11,8,1,8
2017450169281,2,9,0,9,0,2,0,0,3,0,3,1,5,2,53,8,1598,1,14,10,3,10
2017450169284,1,9,0,7,0,0,0,0,0,0,1,1,6,1,32,6,1461,2,11,3,1,3
2017450169284,2,1,0,18,0,0,0,0,0,0,1,1,6,1,20,4,-1,-1,-1,-1,-1,-1
2017450169288,1,9,0,18,0,0,5,0,1,0,1,1,5,1,20,4,1968,2,1,-1,-1,-1
2017450169289,1,9,0,18,0,0,0,0,0,0,2,1,5,1,39,7,1599,1,9,8,1,8
2017450169289,2,9,0,18,0,0,0,0,0,0,2,1,5,1,50,8,1596,1,9,8,1,8
2017450169289,3,9,0,18,0,0,0,0,0,0,1,1,5,1,55,8,2295,1,14,10,3,10
2017450169294,1,9,0,18,0,0,0,0,0,0,1,1,5,1,33,6,1968,2,9,1,1,1
2017450169294,2,9,0,4,0,0,0,0,0,0,2,1,5,2,49,8,1197,1,1,2,1,2
2017450169294,3,9,0,4,0,0,0,0,0,0,2,1,5,1,28,6,1390,1,6,-1,-1,-1
2017450169294,4,9,0,4,0,0,0,0,0,0,1,1,5,1,19,4,1390,1,6,-1,-1,-1
2017450169294,5,9,0,4,0,0,0,0,0,0,2,1,5,1,53,8,1870,2,13,3,1,3
2017450169329,1,9,0,17,0,0,2,0,1,0,1,1,2,1,18,4,1598,1,11,6,3,6
2017450169330,1,5,0,17,0,2,5,0,1,0,1,1,5,1,50,8,1200,1,1,10,1,10
2017450169333,1,5,0,17,0,0,0,0,1,0,1,1,1,1,41,7,897,1,8,-1,-1,-1
2017450169334,1,19,0,18,0,0,0,0,0,0,1,1,1,1,43,7,1968,2,2,9,1,9
2017450169334,2,9,0,18,0,0,0,0,0,0,2,1,5,1,56,9,1968,2,3,10,1,10
2017450169334,3,9,0,4,0,0,0,0,0,0,2,1,2,1,55,8,1461,2,7,10,1,10
2017450169334,4,9,0,4,0,0,0,0,0,0,2,1,5,1,60,9,2987,2,6,-1,-1,-1
2017450169427,1,9,0,1,0,0,0,0,0,0,2,1,5,2,25,5,1248,2,10,2,1,2
2017450169427,2,3,0,4,0,0,0,0,0,0,1,1,4,1,18,4,125,1,4,7,1,7
2017450169427,3,19,0,3,0,0,0,0,0,0,3,1,1,1,47,8,2143,2,1,3,1,3
2017450169465,1,3,0,18,0,1,0,0,0,0,4,1,6,1,23,5,-1,-1,-1,-1,-1,-1
2017450169483,1,9,0,5,0,6,0,0,0,0,1,1,6,2,44,7,-1,-1,-1,4,1,4
2017450169483,2,9,0,18,0,1,1,0,1,10,1,1,6,2,48,8,1400,1,11,6,1,6
2017450169530,1,9,0,18,0,0,0,0,0,0,1,1,2,2,28,6,-1,-1,-1,10,2,10
2017450169530,2,9,0,18,0,0,0,0,0,0,1,1,6,1,46,8,1618,1,2,9,1,9
2017450169594,1,5,0,13,0,1,0,0,0,0,3,1,6,1,37,7,599,1,16,7,1,7
2017450169594,2,9,0,18,0,1,0,0,0,0,4,1,6,1,27,6,-1,-1,-1,10,1,10
2017450169594,3,9,0,18,0,1,0,0,0,0,3,1,6,2,42,7,1461,2,6,10,1,10
2017450169807,1,9,0,11,0,0,1,0,0,0,4,1,2,1,28,6,2700,1,13,5,1,5
2017450169807,2,9,0,18,0,0,0,0,1,9,1,1,1,1,47,8,1995,2,3,9,1,9
2017450169810,1,9,0,14,0,1,0,0,0,0,1,1,2,1,31,6,1560,2,8,8,3,8
2017450169810,2,9,0,18,0,1,0,0,0,0,1,1,6,1,24,5,2198,1,11,5,1,5
2017450169810,3,9,0,18,0,1,0,0,0,0,1,1,1,1,24,5,1595,1,7,8,1,8
2017450169843,1,9,0,18,0,0,0,0,0,0,1,1,2,1,36,7,-1,3,3,7,3,7
2017450169843,2,9,0,18,0,0,0,0,0,0,1,1,3,1,44,7,2143,2,1,9,1,9
2017450169878,1,9,0,4,0,0,0,0,0,0,2,1,5,2,45,7,998,1,2,3,1,3
2017450169878,2,9,0,14,0,0,0,0,0,0,1,1,5,1,39,7,1598,1,10,6,1,6
2017450169901,1,9,0,5,0,0,0,0,0,0,1,1,5,1,50,8,1198,1,14,5,1,5
2017450169901,2,23,0,13,0,0,0,0,0,0,1,1,5,1,58,9,1731,1,3,5,1,5
2017450170219,1,9,0,5,0,8,0,0,0,0,4,1,5,1,38,7,1781,1,15,2,1,2
2017450170219,2,3,0,18,0,8,2,0,0,0,1,1,5,1,24,5,124,1,3,9,1,9
2017450170220,1,9,0,18,0,0,2,0,1,0,4,1,5,1,52,8,-1,-1,-1,9,1,9
2017450170244,1,9,0,18,0,0,0,0,0,0,1,1,6,3,20,4,1998,2,7,-1,-1,-1
2017450170253,1,9,0,18,0,1,0,0,0,0,1,1,6,1,62,9,1968,2,3,9,3,9
2017450170253,2,1,0,18,0,1,0,0,0,0,2,1,6,1,16,4,-1,-1,-1,10,1,10
2017450170258,1,9,0,11,0,0,0,0,0,0,1,1,1,1,38,7,1997,2,3,1,1,1
2017450170258,2,9,0,5,0,0,0,0,0,0,4,1,2,2,53,8,1242,1,5,10,1,10
2017450170271,1,4,0,13,0,1,2,0,0,0,1,1,6,1,22,5,750,1,19,-1,-1,-1
2017450170271,2,9,0,3,0,1,0,0,0,0,3,1,6,1,32,6,1349,1,9,-1,-1,-1
2017450170336,1,21,0,18,0,0,0,0,0,0,4,1,2,1,35,6,-1,-1,-1,-1,-1,-1
2017450170336,2,9,0,12,0,0,0,0,0,0,3,1,1,1,56,9,1242,1,19,10,1,10
2017450170375,1,9,0,4,0,1,0,0,0,0,2,1,6,1,50,8,1368,1,7,10,2,10
2017450170375,2,9,0,5,0,1,0,0,0,0,1,1,6,2,29,6,1498,1,8,8,1,8
2017450170375,3,20,0,4,0,1,0,0,0,0,0,1,1,1,39,7,-1,-1,-1,10,1,10
2017450170713,1,9,0,3,0,0,0,0,0,0,2,1,6,1,52,8,1798,8,5,4,1,4
2017450170713,2,9,0,3,0,0,0,0,0,0,2,1,6,2,31,6,2987,2,2,5,1,5
2017450170713,3,9,0,4,0,0,0,0,0,0,1,1,6,1,36,7,2148,2,9,9,1,9
2017450170717,1,20,0,9,0,8,0,0,0,0,1,1,6,1,24,5,-1,-1,-1,8,1,8
2017450170717,2,9,0,18,0,8,0,0,0,0,1,1,6,1,48,8,1596,1,6,-1,-1,-1
2017450170746,1,9,0,18,0,0,1,0,0,0,1,1,6,2,79,11,1797,1,24,5,2,5
2017450170746,2,9,0,18,0,0,0,0,0,0,2,1,6,1,42,7,1998,1,11,9,1,9
2017450170751,1,1,0,18,0,8,2,0,0,0,4,1,2,1,45,7,-1,-1,-1,8,1,8
2017450170751,2,19,0,18,0,1,0,0,0,0,3,1,1,1,24,5,1870,2,10,10,1,10
2017450170766,1,9,0,5,0,2,1,0,0,0,4,1,6,2,52,8,1124,1,14,4,1,4
2017450170766,2,9,0,18,0,8,0,0,0,0,1,1,1,1,48,8,1968,2,11,9,1,9
2017450170788,1,9,0,18,0,8,0,0,0,0,1,1,5,2,50,8,1956,2,1,9,1,9
2017450170788,2,9,0,2,0,2,0,0,0,0,3,1,6,1,40,7,1598,1,6,4,1,4
2017450170806,1,9,0,18,0,8,0,0,0,0,1,1,5,1,18,4,1360,1,15,7,1,7
2017450170806,2,9,0,2,0,1,0,0,0,0,4,1,5,1,50,8,1997,1,15,5,1,5
2017450170877,1,9,0,18,0,8,0,0,0,0,4,1,6,1,67,10,1461,2,3,5,1,5
2017450170877,2,9,0,18,0,8,0,0,0,0,1,1,6,2,23,5,1995,2,2,9,1,9
2017450170915,1,9,0,9,0,8,0,0,0,0,1,1,6,1,47,8,1797,8,6,7,1,7
2017450170915,2,9,0,18,0,1,0,0,0,0,1,1,6,2,40,7,1995,2,7,8,1,8
2017450170948,1,5,0,18,0,5,0,0,0,0,4,1,6,1,54,8,996,1,17,4,1,4
2017450170950,1,1,0,7,0,0,0,0,0,0,1,1,6,1,22,5,-1,-1,-1,10,1,10
2017450170950,2,9,0,18,0,0,0,0,0,0,4,1,6,1,53,8,2967,2,5,6,1,6
2017450170974,1,9,0,18,0,0,0,0,0,0,1,1,6,1,40,7,1970,1,12,9,1,9
2017450170989,1,9,0,18,0,0,0,0,0,0,1,1,5,3,55,8,-1,-1,-1,-1,-1,-1
2017450170999,1,9,0,5,0,1,0,0,0,0,2,1,5,1,82,11,1596,1,11,-1,-1,-1
2017450170999,2,20,0,3,0,1,0,0,0,0,1,1,1,1,27,6,-1,-1,-1,7,3,7
2017450170999,3,9,0,3,0,2,0,0,0,0,2,1,5,1,35,6,1956,2,6,6,1,6
2017450171017,1,9,0,18,0,0,0,0,0,0,2,1,6,1,25,5,1597,1,27,7,1,7
2017450171017,2,9,0,18,0,0,0,0,0,0,1,1,6,3,-1,-1,1988,1,14,-1,-1,-1
2017450171054,1,9,0,18,0,8,0,0,0,0,1,1,6,1,47,8,1200,1,15,6,1,6
2017450171054,2,9,0,18,0,8,0,0,7,0,1,1,6,1,61,9,-1,-1,-1,10,1,10
2017450171060,1,9,0,6,0,0,0,0,0,0,4,1,6,2,51,8,1997,2,10,-1,-1,-1
2017450171060,2,5,0,18,0,0,2,0,0,0,1,1,6,1,28,6,749,1,8,10,1,10
2017450171078,1,9,0,17,0,4,0,0,0,0,1,1,6,1,62,9,5000,1,8,10,1,10
2017450171078,2,1,0,18,0,1,0,0,0,0,4,1,1,1,19,4,-1,-1,-1,10,1,10
2017450171083,1,1,0,18,0,0,1,0,0,0,1,1,5,1,45,7,-1,-1,-1,8,1,8
2017450171083,2,9,0,18,0,0,0,0,0,0,1,1,5,3,20,4,-1,-1,-1,-1,-1,-1
2017450171096,1,9,0,9,0,6,0,0,0,0,3,1,2,1,20,4,1198,1,14,7,1,7
2017450171096,2,20,1,17,0,1,1,0,0,0,1,1,1,1,55,8,-1,-1,-1,8,1,8
2017450171099,1,19,0,18,0,0,0,0,0,0,3,1,1,1,38,7,2198,2,2,1,1,1
2017450171099,2,21,1,18,0,0,0,0,0,0,3,1,1,1,28,6,11967,2,5,1,1,1
2017450171110,1,9,0,4,6,0,0,0,0,0,1,1,6,1,90,11,1198,1,6,6,3,6
2017450171127,1,9,0,18,0,1,0,0,0,0,1,1,6,2,55,8,2488,1,12,3,1,3
2017450171127,2,20,0,18,0,1,0,0,0,0,1,1,1,1,38,7,-1,-1,-1,1,1,1
2017450171137,1,9,0,5,0,0,0,0,0,0,1,1,6,1,28,6,1599,1,12,9,1,9
2017450171137,2,9,0,17,0,0,1,0,1,0,0,1,6,1,18,4,998,1,1,9,1,9
2017450171196,1,9,0,18,0,8,0,0,1,0,1,1,5,1,25,5,1596,1,9,5,1,5
2017450171196,2,9,0,10,0,6,0,0,0,0,3,1,6,2,34,6,1968,2,1,9,1,9
2017450171207,1,9,0,5,0,0,0,0,1,0,1,1,5,1,80,11,1495,1,15,6,1,6
2017450171207,2,19,0,18,0,0,0,0,0,0,4,1,6,1,39,7,1997,2,1,7,1,7
2017450171207,3,19,0,2,0,0,0,0,0,0,2,1,1,1,36,7,2402,2,10,7,2,7
2017450171215,1,9,0,18,0,3,0,0,3,0,1,1,5,1,49,8,1598,1,-1,8,1,8
2017450171225,1,9,0,4,0,0,0,0,0,0,2,1,5,2,30,6,1198,1,10,10,1,10
2017450171225,2,90,0,18,0,0,0,0,0,0,1,1,1,2,44,7,-1,-1,-1,10,1,10
2017450171238,1,9,0,4,0,0,0,0,0,0,2,1,6,2,21,5,1229,1,6,10,1,10
2017450171238,2,9,0,18,0,0,0,0,0,0,1,1,6,1,24,5,1229,1,3,3,1,3
2017450171321,1,9,0,5,0,1,0,0,0,0,1,1,6,1,42,7,1995,2,2,8,1,8
2017450171321,2,9,0,4,0,1,0,0,0,0,2,1,6,1,64,9,2400,2,8,8,2,8
2017450171327,1,9,0,1,0,0,0,0,0,0,0,1,6,1,47,8,1461,2,5,10,1,10
2017450171327,2,1,0,3,0,0,0,0,0,0,1,1,4,1,12,3,-1,-1,-1,10,1,10
2017450171331,1,9,0,17,0,0,5,0,0,0,3,1,6,2,18,4,1149,1,7,8,1,8
2017450171332,1,19,0,17,0,0,0,0,7,4,1,1,2,1,69,10,2460,2,12,9,1,9
2017450171335,1,20,0,18,0,1,1,0,0,0,1,1,1,1,39,7,3920,2,4,1,1,1
2017450171335,2,9,0,10,0,1,0,0,1,0,2,1,6,2,44,7,1796,1,17,-1,-1,-1
2017450171335,3,9,0,3,0,1,0,0,0,0,3,1,6,1,70,10,1968,2,5,9,1,9
2017450171336,1,20,0,12,0,0,0,0,0,0,3,1,1,1,32,6,-1,-1,-1,-1,-1,-1
2017450171336,2,9,0,18,0,0,0,0,0,0,4,1,2,1,39,7,1598,2,5,9,3,9
2017450171340,1,9,0,5,0,0,0,0,0,0,1,1,2,2,54,8,1999,1,11,9,1,9
2017450171345,1,9,0,4,0,1,0,0,0,0,2,1,2,2,52,8,980,1,26,10,1,10
2017450171345,2,9,0,18,0,1,0,0,0,0,1,1,2,2,25,5,998,1,1,4,1,4
2017450171346,1,9,0,2,0,0,0,0,0,0,0,1,5,1,33,6,2204,2,10,-1,-1,-1
2017450171346,2,9,0,18,0,0,0,0,0,0,4,1,5,1,53,8,2143,2,-1,3,1,3
2017450171346,3,9,0,18,0,0,0,0,0,0,3,1,2,2,47,8,1242,1,3,-1,-1,-1
2017450171346,4,9,0,4,0,0,0,0,0,0,1,1,5,2,33,6,1956,2,8,7,1,7
2017450171346,5,9,0,18,0,0,0,0,0,0,2,1,5,1,62,9,1968,2,3,-1,-1,-1
2017450171346,6,9,0,18,0,0,0,0,0,0,3,1,2,1,53,8,2993,2,5,-1,-1,-1
2017450171346,7,9,0,4,0,0,0,0,0,0,2,1,2,1,58,9,2995,1,12,-1,-1,-1
2017450171347,1,9,0,3,0,0,0,0,0,0,2,1,5,1,22,5,999,1,2,10,1,10
2017450171347,2,9,0,18,0,0,0,0,0,0,1,1,5,1,50,8,1364,1,-1,-1,-1,-1
2017450171373,1,9,0,18,0,0,0,0,0,0,4,1,2,2,27,6,1229,1,11,4,1,4
2017450171373,2,20,4,18,0,0,0,0,0,0,3,1,1,1,36,7,-1,-1,-1,-1,-1,-1
2017450171375,1,9,0,4,0,0,0,0,7,3,1,1,2,1,36,7,1798,1,12,5,1,5
2017450171377,1,9,0,4,0,0,0,0,0,0,1,1,2,2,22,5,998,1,10,5,1,5
2017450171377,2,9,0,4,0,0,0,0,0,0,0,1,2,2,58,9,1560,2,2,8,1,8
2017450171380,1,9,0,4,0,0,0,0,0,0,1,1,5,1,29,6,1968,2,3,7,1,7
2017450171380,2,9,0,4,0,0,0,0,1,0,0,1,5,2,45,7,1598,2,6,1,1,1
2017450171381,1,9,0,5,0,0,0,0,0,0,1,1,5,2,28,6,1598,1,15,4,2,4
2017450171381,2,9,0,18,0,0,0,0,0,0,1,1,5,2,48,8,1497,1,15,9,1,9
2017450171381,3,9,0,2,0,0,0,0,0,0,2,1,6,2,30,6,2400,2,9,-1,-1,-1
2017450171382,1,5,0,18,0,0,1,0,0,0,1,1,5,1,39,7,1050,1,12,6,1,6
2017450171382,2,20,0,18,0,0,0,0,0,0,1,1,1,1,33,6,2143,2,1,4,1,4
2017450171382,3,20,0,18,0,0,0,0,0,0,3,1,1,1,50,8,11116,2,11,-1,-1,-1
2017450171482,1,9,0,5,0,1,0,0,0,0,1,1,2,1,21,5,1798,1,5,-1,-1,-1
2017450171482,2,9,0,5,0,8,0,0,0,0,1,1,6,2,52,8,1992,2,10,4,1,4
2017450171493,1,9,0,5,0,2,0,0,0,0,1,1,5,1,33,6,1796,1,16,5,1,5
2017450171493,2,1,0,18,0,8,0,0,0,0,1,1,5,2,38,7,-1,-1,-1,8,1,8
2017450171530,1,9,0,9,0,1,0,0,0,0,4,1,6,1,41,7,1794,1,11,8,3,8
2017450171530,2,5,0,18,0,1,2,0,0,0,1,1,6,1,60,9,-1,-1,-1,10,1,10
2017450171567,1,1,0,18,0,8,0,0,0,0,1,1,5,2,39,7,-1,-1,-1,8,1,8
2017450171567,2,9,0,7,0,8,0,0,0,0,1,1,5,1,18,4,1149,1,17,6,1,6
2017450171573,1,9,0,3,0,0,0,0,0,0,2,1,6,3,-1,-1,-1,-1,-1,4,1,4
2017450171573,2,9,0,3,0,0,0,0,0,0,2,1,1,1,35,6,-1,-1,-1,-1,-1,-1
2017450171573,3,9,0,18,0,0,0,0,0,0,1,1,6,1,23,5,-1,-1,-1,4,1,4
2017450171607,1,9,0,9,0,3,0,0,0,0,1,1,6,1,29,6,1587,1,11,6,1,6
2017450171607,2,9,0,3,0,4,0,0,0,0,3,1,6,1,47,8,2143,2,3,9,1,9
2017450171617,1,1,0,18,0,0,0,0,0,0,2,1,6,1,44,7,-1,-1,-1,10,1,10
2017450171617,2,9,0,18,0,0,0,0,0,0,1,1,6,1,-1,-1,1997,1,2,10,1,10
2017450171625,1,5,0,18,0,0,0,0,0,0,4,1,6,1,45,7,599,1,20,9,1,9
2017450171625,2,9,0,2,0,0,0,0,0,0,1,1,6,2,76,11,1968,2,6,10,1,10
2017450171637,1,9,0,13,0,1,1,0,7,0,1,1,1,1,33,6,1560,2,5,8,1,8
2017450171637,2,9,0,10,0,1,0,0,0,0,0,1,6,2,42,7,998,1,4,10,1,10
2017450171692,1,9,0,18,0,0,0,0,0,0,1,1,6,2,36,7,1299,1,10,-1,-1,-1
2017450171695,1,9,0,18,9,0,0,0,0,0,1,1,6,1,22,5,1229,1,9,3,2,3
2017450171695,2,9,0,3,0,0,0,0,0,0,2,1,6,1,68,10,999,1,4,9,3,9
2017450171695,3,9,0,18,0,0,0,0,0,0,2,1,6,2,67,10,1598,2,5,8,1,8
2017450171695,4,9,0,18,0,0,0,0,0,0,2,1,6,1,27,6,1582,2,1,5,1,5
2017450171912,1,9,0,1,0,0,0,0,0,0,2,1,5,1,85,11,1996,1,21,5,1,5
2017450171920,1,9,0,18,0,4,0,0,0,0,0,1,1,1,33,6,999,1,-1,-1,-1,-1
2017450171920,2,9,0,5,0,4,0,0,0,0,1,1,6,2,54,8,1197,1,3,-1,-1,-1
2017450171920,3,9,0,4,0,3,0,0,0,0,2,1,6,1,54,8,1598,2,6,10,1,10
2017450171994,1,19,0,18,0,1,0,0,4,6,4,1,1,1,33,6,2143,2,3,3,1,3
2017450171994,2,19,0,18,0,1,0,0,0,0,3,1,1,1,21,5,1461,2,7,3,1,3
2017450172032,1,9,0,18,0,0,0,0,0,0,1,1,2,1,43,7,1399,2,5,5,1,5
2017450172032,2,9,0,5,0,0,0,0,0,0,1,1,2,2,39,7,1598,1,8,7,1,7
2017450172136,1,3,0,7,0,0,1,0,8,0,3,1,1,1,22,5,124,1,1,9,1,9
2017450172222,1,9,0,18,0,0,0,0,0,0,1,1,5,1,73,10,1598,1,6,10,1,10
2017450172222,2,9,0,4,0,0,0,0,0,0,2,1,5,1,53,8,1991,8,1,7,1,7
2017450172263,1,9,0,9,0,8,0,0,0,0,1,1,5,1,32,6,2143,2,3,-1,-1,-1
2017450172263,2,9,0,9,0,8,0,0,0,0,1,1,5,1,57,9,1975,1,12,-1,-1,-1
2017450172264,1,9,0,18,0,0,1,0,0,0,1,1,6,1,57,9,1896,2,14,8,1,8
2017450172264,2,9,0,4,0,0,0,0,0,0,2,1,6,2,52,8,1995,1,8,6,1,6
2017450172264,3,9,0,3,0,0,0,0,0,0,2,1,6,2,58,9,1997,1,7,10,1,10
2017450172265,1,9,0,18,0,0,0,0,0,0,1,1,2,1,22,5,1199,1,18,6,1,6
2017450172265,2,9,0,18,0,0,0,0,0,0,2,1,5,2,55,8,1398,1,5,-1,-1,-1
2017450172265,3,19,0,2,0,0,0,0,0,0,0,1,6,1,30,6,1868,2,16,3,1,3
2017450172319,1,9,0,13,0,8,0,0,0,0,4,1,2,1,52,8,2997,1,1,8,3,8
2017450172319,2,9,0,5,0,6,0,0,0,0,1,1,5,1,70,10,1997,2,8,10,1,10
2017450172329,1,9,0,18,0,0,0,0,0,0,1,1,6,1,28,6,2148,2,10,10,1,10
2017450172329,2,9,0,3,0,0,0,0,0,0,2,1,6,1,39,7,-1,-1,-1,10,1,10
2017450172329,3,9,0,17,0,0,0,0,0,0,3,1,2,1,21,5,1390,1,8,10,1,10
2017450172329,4,9,0,3,0,0,0,0,0,0,0,1,1,2,20,4,998,1,13,10,1,10
2017450172350,1,9,0,1,0,0,0,0,0,0,2,1,6,2,38,7,1061,1,12,7,1,7
2017450172357,1,9,0,9,0,0,0,0,0,0,2,1,5,1,57,9,2143,2,2,10,1,10
2017450172357,2,9,0,17,0,0,0,0,0,0,1,1,5,1,21,5,998,1,17,10,3,10
2017450172377,1,9,0,18,0,0,0,0,0,0,2,1,2,1,36,7,-1,-1,-1,10,1,10
2017450172377,2,9,0,4,0,0,0,0,0,0,2,1,6,1,43,7,-1,-1,-1,-1,-1,-1
2017450172377,3,21,0,18,0,0,0,0,4,0,3,1,1,1,45,7,-1,-1,-1,5,1,5
2017450172377,4,9,0,4,0,0,0,0,0,0,3,1,6,1,59,9,1956,2,2,10,2,10
2017450172383,1,9,0,3,0,1,0,0,0,0,1,1,6,2,42,7,1995,2,7,5,2,5
2017450172383,2,9,0,18,0,1,0,0,0,0,2,1,6,2,44,7,1968,2,4,10,2,10
2017450172383,3,9,0,18,0,2,0,0,0,0,2,1,6,1,47,8,2183,2,6,4,1,4
2017450172387,1,9,0,4,0,1,0,0,0,0,0,1,6,1,26,6,1686,2,6,10,1,10
2017450172387,2,5,0,18,0,1,5,0,0,0,4,1,6,1,54,8,1584,1,7,-1,-1,-1
2017450172403,1,9,0,18,0,0,0,0,0,0,3,1,2,1,53,8,1997,1,9,6,1,6
2017450172403,2,5,0,18,0,0,0,0,0,0,4,1,2,1,22,5,649,1,7,10,2,10
2017450172403,3,9,0,18,0,0,0,0,0,0,2,1,2,1,39,7,1560,2,-1,10,1,10
2017450172406,1,1,0,18,0,4,0,0,0,0,1,1,5,1,12,3,-1,-1,-1,7,1,7
2017450172406,2,9,0,18,0,2,0,0,0,0,1,1,5,2,54,8,1998,8,1,10,1,10
2017450172422,1,9,0,3,0,1,0,0,0,0,1,1,6,1,77,11,2995,1,13,9,2,9
2017450172422,2,9,0,3,0,1,0,0,0,0,2,1,6,1,69,10,1198,1,14,3,1,3
2017450172445,1,9,0,18,0,0,0,0,0,0,1,1,5,1,28,6,1998,1,13,-1,-1,-1
2017450172445,2,9,0,18,0,0,0,0,0,0,2,1,5,2,57,9,1200,1,-1,10,1,10
2017450172451,1,21,0,5,0,0,0,0,0,0,1,1,1,2,26,6,-1,-1,-1,3,1,3
2017450172451,2,9,0,18,0,0,0,0,0,0,2,1,6,1,54,8,1598,1,11,4,1,4
2017450172461,1,9,0,18,0,0,0,0,0,0,1,1,6,1,25,5,1995,1,14,9,2,9
2017450172461,2,9,0,4,0,0,0,0,0,0,2,1,6,1,34,6,1242,1,3,10,1,10
2017450172461,3,9,0,18,0,0,0,0,0,0,2,1,6,2,52,8,1685,2,1,9,3,9
2017450172465,1,9,0,18,0,0,0,0,0,0,2,1,6,2,43,7,1598,1,16,7,1,7
2017450172465,2,9,0,18,0,0,0,0,0,0,1,1,6,3,35,6,-1,-1,-1,-1,-1,-1
2017450172473,1,9,0,18,0,0,0,0,1,7,3,1,6,1,29,6,1390,1,7,6,1,6
2017450172494,1,1,0,18,0,1,0,0,0,0,1,1,6,1,47,8,-1,-1,-1,10,1,10
2017450172494,2,9,0,18,0,1,0,0,0,0,1,1,6,3,-1,-1,1398,1,2,4,1,4
2017450172525,1,9,0,18,0,1,0,0,0,0,2,1,6,2,38,7,1769,1,13,3,1,3
2017450172525,2,9,0,18,0,1,0,0,0,0,1,1,6,3,35,6,-1,-1,-1,-1,-1,-1
2017450172618,1,9,0,18,0,0,0,0,0,0,1,1,6,1,38,7,1596,1,14,9,1,9
2017450172628,1,9,0,18,0,0,0,0,0,0,1,1,1,1,36,7,-1,-1,-1,9,1,9
2017450172628,2,9,0,18,0,0,0,0,0,0,2,1,6,2,28,6,1689,2,18,5,1,5