Accident_Index,Vehicle_Reference,Vehicle_Type,Towing_and_Articulation,Vehicle_Manoeuvre,Vehicle_Location-Restricted_Lane,Junction_Location,Skidding_and_Overturning,Hit_Object_in_Carriageway,Vehicle_Leaving_Carriageway,Hit_Object_off_Carriageway,1st_Point_of_Impact,Was_Vehicle_Left_Hand_Drive?,Journey_Purpose_of_Driver,Sex_of_Driver,Age_of_Driver,Age_Band_of_Driver,Engine_Capacity_(CC),Propulsion_Code,Age_of_Vehicle,Driver_IMD_Decile,Driver_Home_Area_Type,Vehicle_IMD_Decile
2017450172643,1,9,0,18,0,1,0,0,0,0,4,1,6,2,57,9,1200,1,2,9,1,9
2017450172735,1,1,0,9,0,4,0,0,0,0,1,1,5,1,21,5,-1,-1,-1,10,1,10
2017450172735,2,9,0,18,0,4,0,0,0,0,1,1,5,2,75,10,999,1,2,10,1,10
2017450172754,1,9,0,18,0,1,0,0,0,0,1,1,6,1,26,6,1248,1,5,10,1,10
2017450172754,2,9,0,9,0,1,0,0,0,0,1,1,6,1,55,8,1968,2,8,10,1,10
2017450172759,1,9,0,4,0,0,0,0,0,0,1,1,5,2,23,5,1968,2,4,5,1,5
2017450172759,2,9,0,4,0,0,0,0,0,0,2,1,5,2,20,4,2993,2,5,-1,-1,-1
2017450172779,1,9,0,17,0,0,0,0,0,0,1,1,5,2,65,9,1329,1,5,-1,-1,-1
2017450172788,1,1,0,17,0,1,0,0,0,0,1,1,6,1,32,6,-1,-1,-1,5,1,5
2017450172788,2,9,0,5,0,1,0,0,0,0,0,1,6,2,61,9,1997,2,2,10,1,10
2017450172822,1,9,0,18,0,0,0,0,0,0,2,1,6,1,34,6,1124,1,20,6,3,6
2017450172822,2,9,0,18,0,0,0,0,0,0,1,1,2,2,23,5,1197,1,2,6,3,6
2017450172822,3,9,0,18,0,0,0,0,0,0,1,1,6,1,60,9,1753,2,14,6,2,6
2017450172825,1,9,0,4,0,1,0,0,0,0,1,1,2,2,49,8,2497,1,14,5,1,5
2017450172825,2,9,0,4,0,8,0,0,0,0,2,1,2,1,48,8,1969,2,3,10,3,10
2017450172825,3,9,0,9,0,8,0,0,0,0,2,1,6,2,41,7,2179,2,9,8,1,8
2017450172833,1,9,0,9,0,1,0,0,0,0,3,1,6,1,27,6,1388,1,8,10,1,10
2017450172833,2,1,0,4,0,1,0,0,0,0,1,1,6,1,48,8,-1,-1,-1,6,1,6
2017450172844,1,3,0,18,0,0,0,0,8,0,1,1,6,1,17,4,125,1,1,9,1,9
2017450172844,2,9,0,18,0,0,0,0,0,0,2,1,6,2,73,10,1598,1,7,5,1,5
2017450172847,1,21,0,4,0,8,0,0,0,0,1,1,1,1,38,7,12740,2,3,8,1,8
2017450172847,2,9,0,4,0,8,0,0,0,0,2,1,5,1,52,8,1995,2,4,9,1,9
2017450172847,3,9,0,9,0,8,0,0,0,0,0,1,6,1,30,6,2143,2,4,3,1,3
2017450172882,1,9,0,18,0,0,0,0,0,0,1,1,6,3,35,6,-1,-1,-1,-1,-1,-1
2017450172987,1,9,0,18,0,0,2,0,0,0,1,1,2,1,48,8,-1,-1,-1,6,1,6
2017450173098,1,9,0,18,0,0,0,0,0,0,-1,1,6,3,40,7,-1,-1,-1,-1,-1,-1
2017450173098,2,1,0,18,0,0,0,0,0,0,2,1,5,1,27,6,-1,-1,-1,8,1,8
2017450173098,3,1,0,18,0,0,0,0,0,0,2,1,5,1,26,6,-1,-1,-1,8,3,8
2017450173099,1,9,0,16,0,0,5,0,8,0,3,1,5,2,17,4,1390,1,17,10,2,10
2017450173102,1,9,0,16,0,0,0,0,0,0,1,1,5,2,73,10,1596,1,11,9,1,9
2017450173105,1,9,0,18,0,1,0,0,0,0,1,1,6,3,40,7,-1,-1,-1,-1,-1,-1
2017450173106,1,1,0,16,0,0,2,0,0,0,1,1,5,1,15,3,-1,-1,-1,10,1,10
2017450173107,1,9,0,14,0,0,0,0,0,0,4,1,5,2,32,6,998,1,2,6,1,6
2017450173107,2,9,0,9,0,0,0,0,0,0,3,1,5,2,19,4,1390,1,3,6,1,6
2017450173112,1,9,0,4,0,0,0,4,0,0,1,1,5,2,87,11,1396,1,16,10,1,10
2017450173112,2,19,0,2,0,0,0,0,0,0,3,1,6,3,40,7,1968,2,1,-1,-1,-1
2017450173277,1,9,0,3,0,1,0,0,0,0,2,1,2,2,31,6,1560,2,3,4,1,4
2017450173277,2,9,0,3,0,1,0,0,0,0,2,1,2,1,46,8,2987,2,6,7,2,7
2017450173277,3,9,0,18,0,1,0,0,0,0,1,1,5,1,34,6,1242,1,4,10,1,10
2017450173417,1,1,0,18,0,0,0,0,0,0,1,1,6,1,41,7,-1,-1,-1,10,1,10
2017450173417,2,9,0,5,0,0,0,0,0,0,1,1,6,1,32,6,1995,2,6,6,1,6
2017450173425,1,9,0,18,0,0,1,0,0,0,1,1,6,2,31,6,1598,1,4,4,1,4
2017450173425,2,9,0,18,0,0,1,0,0,0,3,1,6,2,20,4,1199,1,15,4,1,4
2017450173439,1,20,0,17,0,0,0,0,0,0,3,1,1,1,30,6,3920,2,11,6,1,6
2017450173439,2,4,0,16,0,0,0,0,1,0,1,1,5,1,24,5,649,1,2,9,3,9
2017450173442,1,9,0,18,0,0,0,0,0,0,1,1,2,1,24,5,1198,1,13,6,1,6
2017450173442,2,9,0,9,0,0,0,0,0,0,2,1,6,1,39,7,1995,1,15,8,1,8
2017450173465,1,9,0,18,0,1,0,0,0,0,1,1,5,2,47,8,2987,2,6,10,1,10
2017450173469,1,9,0,18,0,0,0,0,0,0,1,1,1,1,42,7,1995,2,3,9,1,9
2017450173469,2,9,0,18,0,0,0,0,0,0,2,1,1,1,36,7,-1,-1,-1,-1,-1,-1
2017450173469,3,9,0,4,0,0,0,0,0,0,2,1,1,1,-1,-1,1995,2,1,10,1,10
2017450173506,1,16,0,18,0,0,0,0,0,0,0,1,5,2,21,5,-1,-1,-1,10,1,10
2017450173506,2,9,0,18,0,0,0,0,0,0,0,1,6,2,35,6,-1,-1,-1,-1,-1,-1
2017450173522,1,3,0,4,0,0,1,0,0,0,1,1,2,1,56,9,125,1,1,8,1,8
2017450173530,1,9,0,18,0,0,0,0,0,0,4,1,6,1,61,9,1368,1,7,10,1,10
2017450173540,1,9,0,18,0,1,0,0,0,0,1,1,5,2,60,9,1339,1,14,7,1,7
2017450173540,2,9,0,3,0,1,0,0,0,0,1,1,5,2,32,6,1796,1,10,7,1,7
2017450173561,1,9,0,18,0,0,0,0,0,0,1,1,6,3,-1,-1,-1,-1,-1,-1,-1,-1
2017450173571,1,1,0,18,0,0,0,0,0,0,1,1,6,1,15,3,-1,-1,-1,10,1,10
2017450173571,2,9,0,18,0,0,0,0,0,0,1,1,6,1,24,5,1461,2,5,6,2,6
2017450173595,1,9,0,17,0,0,0,0,0,0,1,1,6,2,51,8,1197,1,3,10,3,10
2017450173595,2,21,0,16,0,0,0,0,0,0,1,1,6,3,44,7,-1,-1,-1,-1,-1,-1
2017450173856,1,9,0,18,0,0,0,0,1,0,1,1,6,1,41,7,1796,1,16,-1,-1,-1
2017450173856,2,9,0,2,6,0,0,0,0,0,0,1,6,1,33,6,2996,1,1,7,1,7
2017450173856,3,9,0,2,6,0,0,0,0,0,0,1,6,2,33,6,2993,2,1,7,1,7
2017450173863,1,9,0,3,0,0,0,0,0,0,2,1,5,1,22,5,1499,2,2,4,1,4
2017450173863,2,9,0,3,0,0,0,0,0,0,2,1,5,1,18,4,1390,1,9,7,1,7
2017450173863,3,21,0,3,0,0,0,0,0,0,2,1,5,1,63,9,-1,-1,-1,8,1,8
2017450173863,4,9,0,18,0,0,0,0,0,0,1,1,5,2,35,6,1242,1,6,-1,-1,-1
2017450173898,1,21,0,18,0,8,0,0,0,0,3,1,1,1,49,8,-1,-1,-1,3,1,3
2017450173898,2,1,0,18,0,8,2,0,0,0,1,1,2,1,43,7,-1,-1,-1,8,1,8
2017450173923,1,9,0,18,0,8,0,0,0,0,1,1,2,1,75,10,1560,2,6,9,1,9
2017450173943,1,9,0,5,0,1,0,0,0,0,1,1,6,1,88,11,1229,1,12,10,1,10
2017450173943,2,9,0,18,0,1,0,0,0,0,2,1,6,1,60,9,1198,1,8,9,1,9
2017450173947,1,9,0,18,0,4,0,0,0,0,1,1,6,2,18,4,1124,1,15,10,1,10
2017450173947,2,9,0,18,0,4,0,0,0,0,4,1,6,1,39,7,1896,2,9,2,1,2
2017450173983,1,2,0,18,9,0,5,0,0,0,4,1,6,1,19,4,49,1,7,3,1,3
2017450173983,2,9,0,2,0,0,0,0,0,0,0,1,1,1,34,6,2993,2,4,-1,-1,-1
2017450174013,1,9,0,3,0,1,0,0,0,0,2,1,6,1,52,8,1896,2,13,9,1,9
2017450174013,2,9,0,4,0,1,0,0,0,0,1,1,6,1,43,7,-1,-1,-1,1,1,1
2017450174229,1,19,0,18,0,3,0,0,0,0,1,1,1,1,28,6,1598,2,2,2,1,2
2017450174229,2,9,0,5,0,3,0,0,0,0,2,1,2,1,56,9,2099,1,14,6,1,6
2017450174238,1,5,0,16,0,3,0,0,0,0,4,1,6,1,38,7,649,1,1,8,1,8
2017450174238,2,9,0,16,0,3,0,0,0,0,3,1,6,2,48,8,1997,2,9,5,1,5
2017450174239,1,2,0,5,0,4,1,0,0,0,0,1,5,1,16,4,49,1,3,8,1,8
2017450174239,2,9,0,18,0,4,0,0,0,0,0,1,6,2,55,8,1398,1,2,3,1,3
2017450174260,1,9,0,18,0,0,0,0,0,0,1,1,2,1,36,7,1560,2,3,2,1,2
2017450174260,2,21,0,18,0,0,0,0,0,0,2,1,2,1,33,6,-1,-1,-1,9,1,9
2017450174260,3,9,0,3,0,0,0,0,0,0,2,1,2,2,38,7,2995,1,15,8,1,8
2017450174270,1,9,0,18,0,8,1,0,1,1,1,1,6,3,20,4,1124,1,17,-1,-1,-1
2017450174275,1,9,0,4,0,1,1,0,4,0,0,1,6,1,26,6,2979,1,2,5,1,5
2017450174275,2,9,0,4,0,1,0,0,0,0,3,1,6,3,33,6,-1,-1,-1,-1,-1,-1
2017450174283,1,9,0,18,0,8,1,0,8,10,1,1,5,1,20,4,1364,1,8,9,1,9
2017450174295,1,9,0,18,0,0,0,0,0,0,1,1,6,2,21,5,1229,1,2,8,1,8
2017450174295,2,9,0,4,0,0,0,0,0,0,2,1,6,2,20,4,998,1,6,-1,-1,-1
2017450174296,1,9,0,5,0,4,0,0,0,0,1,1,6,2,73,10,1339,1,5,10,1,10
2017450174296,2,1,0,18,0,8,0,0,0,0,1,1,1,1,37,7,-1,-1,-1,7,1,7
2017450174307,1,9,0,9,0,5,0,0,0,0,1,1,5,2,29,6,1560,2,7,8,1,8
2017450174307,2,4,0,18,0,1,5,0,0,0,1,1,5,1,72,10,499,1,12,8,1,8
2017450174343,1,9,0,18,0,0,0,0,0,0,1,1,6,1,22,5,1794,1,17,-1,-1,-1
2017450174345,1,3,0,18,0,3,0,0,0,0,4,1,5,1,18,4,124,1,8,7,1,7
2017450174345,2,9,0,18,0,3,0,0,0,0,3,1,5,1,52,8,1968,2,3,9,1,9
2017450174375,1,3,0,13,0,1,0,0,0,0,1,1,6,1,42,7,999,1,2,10,3,10
2017450174375,2,9,0,9,0,1,0,0,0,0,3,1,6,1,64,9,2143,2,2,8,1,8
2017450174378,1,9,0,18,0,1,0,0,0,0,1,1,5,2,45,7,1560,2,10,5,1,5
2017450174378,2,1,0,5,0,8,0,0,0,0,3,1,5,1,35,6,-1,-1,-1,7,1,7
2017450174387,1,9,0,18,0,0,0,0,0,0,1,1,6,1,66,10,-1,-1,-1,9,1,9
2017450174391,1,9,0,18,0,0,0,0,0,0,1,1,5,1,43,7,1796,1,14,3,1,3
2017450174391,2,9,0,18,0,0,0,0,0,0,2,1,5,1,31,6,1995,2,12,9,1,9
2017450174391,3,9,0,18,0,0,0,0,0,0,2,1,5,1,33,6,1461,2,6,1,1,1
2017450174407,1,3,0,16,0,0,0,0,0,0,1,1,6,2,48,8,125,1,2,5,1,5
2017450174407,2,9,0,17,0,0,0,0,0,0,1,1,6,2,82,11,1200,1,1,10,1,10
2017450174447,1,1,0,18,0,1,1,0,0,0,1,1,6,1,19,4,-1,-1,-1,6,1,6
2017450174451,1,9,0,18,0,0,2,0,7,0,1,1,6,1,19,4,1596,1,15,10,1,10
2017450174518,1,5,0,18,0,0,0,0,0,0,4,1,6,1,56,9,1261,1,6,10,1,10
2017450174598,1,9,0,18,0,1,1,0,0,0,1,1,2,1,39,7,1997,1,13,8,1,8
2017450174598,2,9,0,9,0,8,0,0,0,0,2,1,5,2,58,9,1498,1,7,5,1,5
2017450174662,1,9,0,4,0,0,0,0,0,0,2,1,2,1,36,7,1896,2,9,10,2,10
2017450174662,2,9,0,18,0,0,0,0,0,0,1,1,6,3,50,8,1242,1,16,-1,-1,-1
2017450174726,1,9,0,18,0,0,0,0,0,0,1,1,6,2,26,6,1560,2,6,4,1,4
2017450174726,2,9,0,18,0,0,2,0,0,0,0,1,6,1,28,6,1368,1,9,2,1,2
2017450174726,3,9,0,18,0,0,0,0,0,0,2,1,6,1,52,8,2493,8,3,-1,-1,-1
2017450174726,4,9,0,18,0,0,0,0,0,0,1,1,6,1,70,10,1086,1,9,-1,-1,-1
2017450174777,1,1,0,18,0,0,0,0,0,0,2,1,6,1,30,6,-1,-1,-1,10,1,10
2017450174777,2,9,0,18,0,0,0,0,0,0,1,1,6,2,35,6,1318,1,1,6,3,6
2017450174820,1,9,0,4,0,6,0,0,0,0,1,1,5,1,78,11,3500,1,14,10,2,10
2017450174820,2,9,0,18,0,1,0,0,7,0,1,1,5,1,27,6,1796,1,10,8,1,8
2017450174846,1,9,0,7,0,8,0,0,0,0,3,1,6,2,21,5,1587,1,13,5,1,5
2017450174846,2,1,0,18,0,1,0,0,0,0,1,1,6,1,39,7,-1,-1,-1,5,1,5
2017450174850,1,9,0,18,0,1,1,0,1,0,2,1,6,1,33,6,1994,1,13,10,1,10
2017450174871,1,9,0,5,0,4,0,0,0,0,1,1,2,2,38,7,1398,1,2,10,1,10
2017450174871,2,4,0,9,0,3,0,0,0,0,4,1,5,1,26,6,600,1,21,10,1,10
2017450174903,1,9,0,18,0,1,0,0,0,0,1,1,5,2,77,11,1240,1,10,10,3,10
2017450175068,1,3,0,17,0,4,0,0,0,0,1,1,5,1,25,5,125,1,2,6,1,6
2017450175068,2,9,0,6,0,4,0,0,0,0,3,1,1,1,27,6,1299,1,16,7,1,7
2017450175070,1,9,0,17,0,0,5,0,7,9,1,1,2,2,58,9,796,1,9,4,1,4
2017450175073,1,9,0,4,0,0,1,0,0,0,1,1,1,2,59,9,1995,2,1,8,1,8
2017450175073,2,19,0,4,0,0,1,0,0,0,2,1,1,1,57,9,1560,2,-1,7,1,7
2017450175073,3,19,0,4,0,0,1,0,0,0,1,1,1,1,55,8,1560,2,2,8,1,8
2017450175073,4,19,0,4,0,0,1,0,0,0,2,1,1,1,52,8,1968,2,6,8,1,8
2017450175076,1,9,0,11,0,1,0,0,1,7,4,1,1,2,36,7,1360,1,13,10,1,10
2017450175076,2,9,0,18,0,8,0,0,0,0,4,1,1,2,27,6,899,1,4,2,1,2
2017450175078,1,9,0,1,0,0,0,0,0,0,2,1,6,3,50,8,-1,-1,-1,-1,-1,-1
2017450175080,1,21,1,7,0,2,0,0,0,0,0,1,1,1,50,8,12740,2,-1,-1,-1,-1
2017450175086,1,1,0,18,0,0,0,0,0,0,4,1,5,1,40,7,-1,-1,-1,10,1,10
2017450175197,1,9,0,4,0,0,0,0,0,0,2,1,6,1,58,9,1587,1,9,4,1,4
2017450175197,2,9,0,18,0,0,0,0,0,0,1,1,6,1,33,6,1598,1,18,4,1,4
2017450175209,1,9,0,4,0,0,0,0,0,0,1,1,6,2,40,7,1388,1,6,10,1,10
2017450175209,2,9,0,3,0,0,0,0,0,0,2,1,6,1,39,7,1995,2,11,9,1,9
2017450175213,1,9,0,18,0,0,1,11,0,0,1,1,2,1,24,5,1997,2,2,2,1,2
2017450175231,1,1,0,5,0,1,1,0,0,0,1,1,6,2,15,3,-1,-1,-1,6,1,6
2017450175231,2,9,0,18,0,1,0,0,0,0,1,1,6,2,50,8,1398,1,12,9,1,9
2017450175262,1,19,0,18,0,0,0,0,0,0,2,1,1,1,38,7,2143,2,2,4,1,4
2017450175262,2,9,0,3,0,0,0,0,0,0,2,1,2,2,30,6,1560,2,11,2,1,2
2017450175262,3,9,0,4,0,0,0,0,0,0,1,1,5,2,23,5,1242,1,-1,8,1,8
2017450175262,4,9,0,18,0,0,0,0,0,0,1,1,5,2,25,5,1362,1,4,10,3,10
2017450175263,1,9,0,18,0,0,0,0,0,0,2,1,1,1,37,7,1598,1,5,9,1,9
2017450175263,2,21,1,18,0,0,0,0,0,0,1,1,1,3,40,7,-1,-1,-1,-1,-1,-1
2017450175274,1,4,0,18,0,1,0,0,0,0,4,1,6,1,21,5,471,1,1,-1,-1,-1
2017450175274,2,9,0,18,0,1,0,0,0,0,3,1,6,1,29,6,-1,-1,-1,10,1,10
2017450175293,1,9,0,3,0,0,0,0,0,0,2,1,2,1,51,8,-1,-1,-1,10,1,10
2017450175293,2,9,0,18,0,0,0,0,0,0,1,1,2,2,51,8,2967,2,9,6,1,6
2017450175313,1,3,0,13,0,0,1,0,0,0,3,1,2,1,24,5,124,1,16,3,1,3
2017450175313,2,9,0,9,0,0,0,0,0,0,3,1,6,3,48,8,998,1,3,10,1,10
2017450175322,1,1,0,18,0,0,0,0,0,0,2,1,5,1,56,9,-1,-1,-1,-1,-1,-1
2017450175322,2,21,0,18,0,0,0,0,0,0,1,1,6,3,40,7,-1,-1,-1,-1,-1,-1
2017450175333,1,9,0,18,0,1,0,0,1,0,4,1,1,1,22,5,-1,-1,-1,3,1,3
2017450175333,2,9,0,18,0,1,0,0,0,0,1,1,2,1,41,7,1997,1,5,7,1,7
2017450175632,1,9,0,4,0,0,0,0,0,0,2,1,1,1,52,8,1797,8,7,1,1,1
2017450175632,2,9,0,18,0,0,0,0,0,0,1,1,6,1,59,9,-1,-1,-1,-1,-1,-1
2017450175637,1,9,0,9,0,1,0,0,0,0,1,1,5,1,18,4,1461,2,1,9,2,9
2017450175637,2,9,0,18,0,1,0,0,0,0,1,1,5,2,30,6,1596,1,9,10,1,10
2017450175637,3,9,0,18,0,1,0,0,0,0,3,1,5,1,43,7,1560,2,1,8,1,8
2017450175678,1,4,0,15,0,0,5,0,0,0,3,1,1,1,35,6,998,1,1,10,1,10
2017450175678,2,9,0,5,0,0,0,0,0,0,0,1,1,1,36,7,1560,2,7,9,1,9
2017450175678,3,9,0,3,0,0,0,0,0,0,0,1,1,1,19,4,999,1,5,7,3,7
2017450175678,4,19,0,18,0,0,0,0,0,0,2,1,1,1,49,8,2198,2,3,6,1,6
2017450175683,1,9,0,9,0,8,0,0,0,0,1,1,2,1,43,7,2359,1,9,-1,-1,-1
2017450175683,2,3,0,17,0,8,5,0,0,0,1,1,2,1,17,4,124,1,18,9,1,9
2017450175694,1,9,0,18,0,0,0,0,0,0,1,1,6,1,60,9,1596,1,4,10,1,10
2017450175712,1,5,0,18,0,0,5,0,0,0,1,1,2,1,28,6,749,1,17,10,1,10
2017450175712,2,19,0,9,0,0,0,0,0,0,1,1,1,1,30,6,1598,2,1,6,1,6
2017450175746,1,9,0,9,0,1,0,0,0,0,3,1,1,1,26,6,-1,-1,-1,2,1,2
2017450175746,2,1,0,18,0,1,0,0,0,0,0,1,6,1,33,6,-1,-1,-1,10,1,10
2017450175749,1,9,0,18,0,0,0,0,0,0,1,1,5,2,81,11,1197,1,6,9,3,9
2017450175749,2,21,0,2,0,0,0,0,0,0,2,1,5,1,58,9,-1,-1,-1,10,1,10
2017450175756,1,1,0,18,0,0,0,0,0,0,2,1,1,1,52,8,-1,-1,-1,10,1,10
2017450175756,2,9,0,18,0,0,0,0,0,0,1,1,6,2,81,11,-1,-1,-1,9,3,9
2017450175756,3,9,0,18,0,0,0,0,0,0,1,1,6,2,38,7,4163,1,2,7,3,7
2017450175780,1,4,0,18,0,0,0,0,0,0,1,1,6,1,36,7,-1,-1,-1,6,1,6
2017450175780,2,9,0,18,0,0,0,0,0,0,1,1,6,1,69,10,1390,1,5,10,1,10
2017450176026,1,9,0,16,0,1,0,0,0,0,1,1,5,1,30,6,1596,1,12,6,1,6
2017450176026,2,9,0,17,0,1,0,0,0,0,1,1,2,1,57,9,1783,1,18,8,1,8
2017450176045,1,9,0,18,0,0,0,0,1,0,1,1,1,1,65,9,-1,-1,-1,3,1,3
2017450176074,1,9,0,18,0,0,0,0,0,0,1,1,5,1,23,5,-1,-1,-1,10,1,10
2017450176074,2,9,0,18,0,0,0,0,0,0,1,1,6,1,23,5,1973,1,19,-1,-1,-1
2017450176078,1,9,0,17,0,2,5,0,1,4,4,1,6,1,18,4,1368,1,5,10,3,10
2017450176081,1,4,0,18,0,0,1,0,0,0,3,1,5,2,54,8,883,1,10,10,1,10
2017450176101,1,1,0,18,0,0,5,0,0,0,1,1,5,1,53,8,-1,-1,-1,10,1,10
2017450176112,1,9,0,18,0,0,0,0,0,0,1,1,6,2,23,5,1386,1,7,3,1,3
2017450176112,2,9,0,18,0,0,0,0,0,0,2,1,6,1,50,8,1997,2,3,9,2,9
2017450176133,1,9,0,18,0,8,0,0,0,0,4,1,6,2,40,7,1797,8,5,4,1,4
2017450176133,2,9,0,18,0,1,0,0,0,0,1,1,6,2,43,7,1997,2,5,3,1,3
2017450176148,1,19,0,4,0,1,0,0,0,0,1,1,1,1,24,5,2143,2,6,4,1,4
2017450176148,2,9,0,10,0,1,0,0,0,0,2,1,6,1,41,7,1198,1,2,7,3,7
2017450176154,1,3,0,4,0,1,2,0,0,0,1,1,6,1,17,4,124,1,21,10,1,10
2017450176157,1,1,0,18,0,0,0,0,0,0,1,1,6,1,35,6,-1,-1,-1,8,1,8
2017450176172,1,20,0,18,0,0,0,0,0,0,2,1,1,1,47,8,-1,-1,-1,6,1,6
2017450176172,2,9,0,18,0,0,0,0,0,0,2,1,6,1,29,6,-1,-1,-1,-1,-1,-1
2017450176172,3,9,0,18,0,0,0,0,0,0,1,1,6,1,26,6,-1,-1,-1,-1,-1,-1
2017450176180,1,9,0,16,0,1,0,0,0,0,2,1,6,2,62,9,1580,8,-1,5,1,5
2017450176180,2,9,0,16,0,1,0,0,0,0,1,1,6,1,63,9,1560,2,8,4,1,4
2017450176189,1,3,0,18,0,0,0,0,0,0,1,1,5,1,18,4,125,1,2,5,1,5
2017450176192,1,9,0,4,0,1,0,0,0,0,2,1,6,1,20,4,1499,2,2,8,1,8
2017450176192,2,9,0,3,0,1,0,0,0,0,1,1,6,1,66,10,1200,1,2,7,1,7
2017450176195,1,1,0,18,0,0,0,0,0,0,3,1,6,1,13,3,-1,-1,-1,8,3,8
2017450176195,2,1,0,18,0,0,0,0,0,0,1,1,6,1,52,8,-1,-1,-1,8,1,8
2017450176196,1,4,0,5,0,8,2,0,1,0,3,1,6,1,49,8,600,1,1,8,1,8
2017450176217,1,1,0,9,0,1,0,0,0,0,0,1,6,1,21,5,-1,-1,-1,10,1,10
2017450176224,1,9,0,18,0,0,5,0,0,0,1,1,5,2,25,5,-1,-1,-1,-1,-1,-1
2017450176227,1,1,0,18,0,0,0,0,0,0,2,1,6,1,44,7,-1,-1,-1,9,1,9
2017450176227,2,9,0,18,0,0,0,0,0,0,1,1,6,1,-1,-1,1984,1,15,4,1,4
2017450176236,1,22,0,18,0,0,0,0,0,0,1,1,6,2,62,9,-1,-1,-1,-1,-1,-1
2017450176252,1,9,0,18,0,0,0,0,1,4,1,1,5,1,74,10,3436,1,7,10,3,10
2017450176252,2,9,0,18,0,0,0,0,0,0,1,1,5,1,48,8,1968,2,8,9,3,9
2017450176256,1,9,0,9,0,6,0,0,0,0,1,1,3,2,34,6,1248,1,1,7,1,7
2017450176256,2,9,0,18,0,1,0,0,0,0,4,1,6,2,36,7,998,1,3,8,1,8
2017450176271,1,9,0,18,0,0,0,0,0,0,4,1,2,1,57,9,1995,2,6,10,1,10
2017450176272,1,9,0,1,0,0,0,0,0,0,0,1,6,2,29,6,1968,2,4,2,1,2
2017450176279,1,1,0,18,0,0,0,0,0,0,0,1,6,1,51,8,-1,-1,-1,-1,-1,-1
2017450176299,1,1,0,18,0,1,0,0,0,0,4,1,5,1,46,8,-1,-1,-1,10,1,10
2017450176299,2,9,0,18,0,1,0,0,0,0,1,1,6,2,45,7,1388,1,5,4,1,4
2017450176317,1,9,0,18,0,0,0,0,0,0,2,1,5,1,45,7,1968,2,3,5,1,5
2017450176317,2,10,0,4,0,0,0,0,0,0,1,1,1,2,57,9,-1,-1,-1,2,1,2
2017450176321,1,9,0,18,0,1,0,0,0,0,2,1,6,1,22,5,-1,-1,-1,9,3,9
2017450176321,2,9,0,18,0,1,0,0,0,0,1,1,6,2,45,7,1461,2,5,10,1,10
2017450176401,1,9,0,18,0,0,0,0,0,0,1,1,5,1,20,4,1398,2,11,9,1,9
2017450176401,2,9,0,18,0,0,0,0,0,0,2,1,6,2,32,6,1360,1,13,9,3,9
2017450176575,1,9,0,9,0,8,0,0,0,0,2,1,5,2,37,7,1951,2,12,6,1,6
2017450176575,2,9,0,18,0,8,0,0,0,0,1,1,6,1,17,4,998,1,10,6,1,6
2017450176581,1,9,0,4,0,0,0,0,0,0,1,1,6,1,33,6,1995,2,6,5,1,5
2017450176581,2,9,0,18,0,0,0,0,0,0,2,1,6,1,61,9,1969,2,1,5,1,5
2017450176593,1,5,0,4,0,1,0,0,0,0,0,1,6,1,28,6,865,1,9,5,1,5
2017450176621,1,1,0,18,0,8,0,0,0,0,2,1,6,1,16,4,-1,-1,-1,6,1,6
2017450176621,2,9,0,18,0,8,0,0,0,0,1,1,6,1,58,9,-1,-1,-1,10,1,10
2017450176627,1,21,0,18,0,8,0,0,0,0,3,1,1,3,48,8,12809,2,4,10,1,10
2017450176627,2,9,0,18,0,4,0,0,0,0,1,1,2,1,47,8,2993,2,9,9,1,9
2017450176636,1,9,0,5,0,0,0,0,0,0,1,1,6,2,40,7,1598,1,8,5,1,5
2017450176636,2,1,0,18,0,0,0,0,0,0,1,1,6,1,64,9,-1,-1,-1,9,1,9
2017450176653,1,9,0,3,0,1,0,0,0,0,2,1,6,2,38,7,1997,2,8,10,1,10
2017450176653,2,9,0,4,0,1,0,0,0,0,2,1,6,2,65,9,1339,1,9,10,1,10
2017450176653,3,9,0,4,0,1,0,0,0,0,1,1,6,2,35,6,1248,1,3,4,1,4
2017450176671,1,9,0,18,0,0,0,0,0,0,1,1,5,2,45,7,999,1,9,10,1,10
2017450176671,2,9,0,3,0,0,0,0,0,0,2,1,5,1,60,9,999,1,5,10,1,10
2017450176671,3,9,0,3,0,0,0,0,0,0,2,1,5,1,61,9,2143,2,6,10,1,10
2017450176929,1,20,0,18,0,0,0,0,0,0,1,1,1,1,49,8,6370,2,8,3,2,3
2017450176955,1,9,0,18,0,0,0,0,0,0,4,1,6,1,54,8,1951,2,12,8,1,8
2017450176955,2,19,0,18,0,0,0,0,0,0,3,1,6,2,33,6,1248,2,2,8,1,8
2017450176977,1,9,0,4,0,1,0,0,0,0,2,1,6,1,45,7,1968,2,2,4,1,4
2017450176977,2,9,0,4,0,1,0,0,0,0,2,1,2,1,20,4,1198,1,5,6,1,6
2017450176977,3,9,0,4,0,1,0,0,0,0,2,1,2,1,48,8,1995,2,4,8,1,8
2017450176977,4,9,0,4,0,1,0,0,0,0,1,1,6,1,53,8,1968,2,1,-1,-1,-1