Accident_Index,Vehicle_Reference,Vehicle_Type,Towing_and_Articulation,Vehicle_Manoeuvre,Vehicle_Location-Restricted_Lane,Junction_Location,Skidding_and_Overturning,Hit_Object_in_Carriageway,Vehicle_Leaving_Carriageway,Hit_Object_off_Carriageway,1st_Point_of_Impact,Was_Vehicle_Left_Hand_Drive?,Journey_Purpose_of_Driver,Sex_of_Driver,Age_of_Driver,Age_Band_of_Driver,Engine_Capacity_(CC),Propulsion_Code,Age_of_Vehicle,Driver_IMD_Decile,Driver_Home_Area_Type,Vehicle_IMD_Decile
2017450188812,2,9,0,5,0,2,0,0,0,0,1,1,2,1,53,8,1796,1,14,7,1,7
2017450188836,1,9,0,4,0,0,0,0,0,0,2,1,5,1,45,7,1910,2,7,10,1,10
2017450188836,2,9,0,4,0,0,0,0,0,0,2,1,5,1,22,5,1995,2,2,9,1,9
2017450188836,3,9,0,4,0,0,0,0,0,0,1,1,5,1,24,5,-1,-1,-1,-1,-1,-1
2017450188866,1,9,0,18,0,2,0,0,0,0,4,1,1,1,33,6,1560,2,2,8,1,8
2017450188866,2,1,0,18,0,6,0,0,0,0,1,1,5,1,14,3,-1,-1,-1,8,1,8
2017450188870,1,9,0,18,0,1,0,0,0,0,1,1,5,2,29,6,1997,2,15,4,1,4
2017450188870,2,9,0,18,0,1,0,0,0,0,2,1,5,2,53,8,1560,2,2,8,1,8
2017450188870,3,9,0,2,0,1,0,0,0,0,2,1,2,2,58,9,1299,1,14,7,1,7
2017450188870,4,9,0,2,0,1,0,0,0,0,2,1,2,1,17,4,1360,1,10,4,1,4
2017450188873,1,9,0,16,0,0,0,0,0,0,1,1,5,2,75,10,1390,1,4,10,1,10
2017450188873,2,19,0,17,0,0,0,0,0,0,1,1,1,1,38,7,2298,2,3,7,1,7
2017450188906,1,9,5,18,0,1,4,0,0,0,1,1,1,1,49,8,2720,2,11,9,1,9
2017450188906,2,9,0,4,0,1,0,0,0,0,1,1,6,1,30,6,1997,1,9,-1,-1,-1
2017450188906,3,9,0,18,0,7,1,0,0,0,2,1,2,2,42,7,1598,1,3,5,1,5
2017450188906,4,9,0,18,0,7,0,0,0,0,1,1,6,2,43,7,1968,2,2,10,1,10
2017450188911,1,19,0,18,0,0,0,0,0,0,1,1,6,1,49,8,2198,2,7,6,1,6
2017450188911,2,1,0,18,0,0,0,0,0,0,0,1,6,2,59,9,-1,-1,-1,8,1,8
2017450188924,1,9,0,18,0,0,0,0,0,0,1,1,5,1,52,8,1598,1,7,8,1,8
2017450188924,2,9,0,2,0,0,0,0,0,0,2,1,5,2,25,5,1461,2,3,4,1,4
2017450188924,3,9,0,2,0,0,0,0,0,0,1,1,5,1,35,6,1242,1,5,4,1,4
2017450188924,4,19,0,2,0,0,0,0,0,0,2,1,5,1,30,6,1995,2,6,10,1,10
2017450188931,1,4,0,16,0,0,2,0,0,0,4,1,6,1,20,4,471,1,1,6,2,6
2017450188937,1,9,0,6,0,0,0,0,0,0,1,1,6,2,81,11,1390,1,4,10,3,10
2017450188951,1,1,0,18,0,0,0,0,0,0,0,1,5,1,17,4,-1,-1,-1,10,1,10
2017450188951,2,1,0,18,0,0,0,0,0,0,0,1,5,1,30,6,-1,-1,-1,8,1,8
2017450188951,3,1,0,18,0,0,0,0,0,0,0,1,5,3,33,6,-1,-1,-1,-1,-1,-1
2017450188951,4,1,0,18,0,0,0,0,0,0,0,1,5,3,33,6,-1,-1,-1,-1,-1,-1
2017450188984,1,9,0,18,0,0,0,0,0,0,1,1,6,1,63,9,1149,1,12,2,1,2
2017450188990,1,9,0,16,0,0,0,0,0,0,1,1,5,1,23,5,1896,2,12,1,2,1
2017450188990,2,9,0,18,0,0,0,0,0,0,1,1,5,1,39,7,1968,2,12,7,1,7
2017450189175,1,9,0,5,0,0,0,0,0,0,1,1,5,1,30,6,1998,1,12,5,1,5
2017450189175,2,9,3,11,0,0,0,0,0,0,2,1,5,1,65,9,1997,2,1,-1,2,-1
2017450189206,1,9,0,18,0,0,0,0,0,0,1,1,2,2,44,7,1582,2,4,10,1,10
2017450189206,2,9,0,18,0,0,0,0,0,0,2,1,2,2,35,6,1796,2,4,10,1,10
2017450189206,3,20,0,18,0,0,0,0,0,0,0,1,6,3,45,7,-1,-1,-1,-1,-1,-1
2017450189216,1,9,0,4,0,0,0,0,0,0,0,1,6,1,33,6,2435,1,9,-1,-1,-1
2017450189216,2,9,0,4,0,0,0,0,0,0,3,1,6,1,53,8,1229,1,1,10,1,10
2017450189216,3,9,0,18,0,0,1,0,0,0,4,1,6,1,34,6,1896,2,14,6,1,6
2017450189267,1,9,0,16,0,1,0,0,0,0,1,1,5,2,72,10,1596,1,3,10,1,10
2017450189267,2,8,0,16,0,1,0,0,0,0,1,1,1,1,34,6,1797,8,3,9,1,9
2017450189294,1,9,0,9,0,0,0,0,0,0,1,1,6,2,44,7,1900,2,12,10,1,10
2017450189294,2,3,0,4,0,0,1,0,0,0,1,1,2,2,24,5,125,1,-1,5,1,5
2017450189298,1,9,0,18,0,0,0,0,0,0,1,1,5,1,33,6,1397,1,6,3,1,3
2017450189298,2,9,0,18,0,0,0,0,0,0,1,1,5,1,28,6,2365,8,8,2,1,2
2017450189298,3,21,0,18,0,0,0,0,0,0,1,1,1,1,40,7,-1,-1,-1,6,1,6
2017450189316,1,9,0,5,0,2,0,0,0,0,1,1,5,1,58,9,1360,1,13,4,1,4
2017450189316,2,9,0,18,0,1,0,0,0,0,1,1,5,2,81,11,1399,1,8,10,1,10
2017450189329,1,9,0,18,0,1,0,0,0,0,1,1,6,2,56,9,998,1,3,10,1,10
2017450189329,2,9,0,18,0,1,0,0,0,0,1,1,6,1,70,10,1598,1,3,-1,-1,-1
2017450189364,1,9,0,18,0,0,0,0,0,0,3,1,6,1,65,9,-1,-1,-1,10,1,10
2017450189367,1,9,0,18,0,0,2,0,1,2,1,1,5,1,22,5,1995,2,9,-1,-1,-1
2017450189384,1,9,0,17,0,0,0,0,1,10,1,1,5,1,22,5,1910,2,11,-1,-1,-1
2017450189385,1,3,0,18,0,1,2,0,0,0,3,1,1,1,24,5,-1,-1,-1,7,1,7
2017450189408,1,1,0,18,0,1,5,0,0,0,1,1,4,2,14,3,-1,-1,-1,7,1,7
2017450189408,2,9,0,1,0,1,0,0,0,0,1,1,6,1,73,10,1598,1,10,6,3,6
2017450189421,1,9,0,3,0,0,0,0,0,0,2,1,1,2,33,6,1499,2,4,8,1,8
2017450189421,2,9,0,4,0,0,0,0,0,0,1,1,1,1,19,4,-1,-1,-1,7,3,7
2017450189550,1,9,0,5,0,2,0,0,0,0,1,1,1,2,35,6,1198,1,10,9,3,9
2017450189550,2,9,0,3,0,4,0,0,0,0,2,1,2,2,48,8,1248,1,6,8,1,8
2017450189555,1,3,0,18,0,0,0,0,0,0,1,1,2,1,40,7,124,1,5,5,1,5
2017450189555,2,9,0,3,0,0,0,0,0,0,2,1,2,1,62,9,1968,2,3,10,1,10
2017450189560,1,9,0,18,0,0,0,0,0,0,2,1,1,1,59,9,-1,-1,-1,5,1,5
2017450189560,2,20,0,18,0,0,0,0,0,0,1,1,1,1,40,7,7790,2,8,6,1,6
2017450189567,1,3,0,18,0,0,0,0,0,0,3,1,2,1,19,4,124,1,3,7,1,7
2017450189567,2,9,0,12,0,0,0,0,0,0,2,1,2,1,30,6,1998,8,-1,10,3,10
2017450189608,1,9,0,18,0,0,0,0,0,0,0,1,1,1,38,7,1956,2,4,4,1,4
2017450189608,2,9,0,11,0,0,0,0,0,0,3,1,1,1,51,8,1995,2,2,9,2,9
2017450189608,3,9,0,18,0,0,0,0,0,0,4,1,1,1,32,6,1499,2,1,3,1,3
2017450189616,1,9,0,16,0,0,1,0,0,0,1,1,2,1,27,6,1395,1,2,6,1,6
2017450189622,1,9,0,4,0,0,1,0,0,0,1,1,2,1,22,5,1390,1,8,5,1,5
2017450189622,2,19,0,4,0,0,0,0,0,0,2,1,1,1,41,7,2151,2,14,3,1,3
2017450189629,1,1,0,18,0,0,0,0,0,0,3,1,4,1,16,4,-1,-1,-1,10,1,10
2017450189629,2,9,0,18,0,0,0,0,0,0,1,1,6,2,80,11,-1,-1,-1,-1,-1,-1
2017450189634,1,9,0,18,0,0,1,0,0,0,3,1,5,1,19,4,998,1,1,10,1,10
2017450189713,1,9,0,17,9,0,5,0,1,0,1,1,5,2,29,6,1242,1,2,5,1,5
2017450189814,1,9,0,7,0,6,0,0,0,0,4,1,5,1,35,6,1461,2,6,10,1,10
2017450189814,2,1,0,18,0,1,0,0,0,0,3,1,5,1,51,8,-1,-1,-1,9,1,9
2017450189824,1,9,0,4,0,0,0,0,0,0,1,1,5,1,80,11,1968,2,7,9,3,9
2017450189831,1,9,0,3,0,0,0,0,0,0,2,1,1,1,29,6,2143,12,4,8,1,8
2017450189831,2,9,0,3,0,0,0,0,0,0,2,1,5,2,37,7,1995,2,-1,5,1,5
2017450189831,3,9,0,4,0,0,1,0,0,0,1,1,5,1,23,5,1997,2,8,6,1,6
2017450189840,1,9,0,4,0,0,0,0,0,0,1,1,1,1,37,7,1390,1,7,1,1,1
2017450189840,2,9,0,4,0,0,0,0,0,0,2,1,2,2,53,8,898,1,1,10,1,10
2017450189840,3,9,0,4,0,0,0,0,0,0,2,1,1,1,66,10,2457,1,8,7,1,7
2017450189851,1,3,0,13,0,1,5,0,0,0,3,1,5,1,23,5,125,1,2,8,3,8
2017450189877,1,9,0,16,0,0,1,0,1,0,1,1,6,1,62,9,2979,1,9,10,1,10
2017450189890,1,9,0,9,0,1,0,0,0,0,1,1,6,2,24,5,1596,1,8,-1,-1,-1
2017450189890,2,9,0,18,0,1,0,0,0,0,3,1,6,1,20,4,1598,1,11,3,1,3
2017450189905,1,9,0,7,0,6,0,0,0,0,1,1,2,2,53,8,1197,1,-1,9,1,9
2017450189919,1,9,0,18,0,0,0,0,0,0,1,1,1,2,57,9,1242,1,3,6,1,6
2017450189919,2,9,0,1,0,0,0,0,0,0,2,1,6,1,-1,-1,-1,-1,-1,6,1,6
2017450189951,1,9,0,18,0,0,0,0,0,0,1,1,1,1,56,9,-1,-1,-1,-1,-1,-1
2017450189951,2,9,0,18,0,0,0,0,1,0,2,1,6,1,62,9,1998,1,10,9,2,9
2017450189978,1,9,0,4,0,1,0,0,0,0,1,1,2,1,40,7,1149,1,19,8,1,8
2017450189978,2,1,0,18,0,1,1,0,0,0,1,1,6,2,14,3,-1,-1,-1,5,2,5
2017450190122,1,9,0,11,0,0,0,0,0,0,1,1,6,2,19,4,1242,1,4,5,1,5
2017450190122,2,21,0,18,0,0,0,0,0,0,1,1,6,1,32,6,7790,2,8,7,3,7
2017450190182,1,21,0,18,0,1,0,0,0,0,1,1,5,1,60,9,2998,2,2,2,1,2
2017450190182,2,9,0,4,0,1,5,0,0,0,2,1,5,1,56,9,-1,-1,-1,-1,-1,-1
2017450190182,3,21,0,3,0,1,0,0,0,0,4,1,5,1,50,8,2198,2,4,10,1,10
2017450190182,4,9,0,3,0,1,0,0,0,0,3,1,5,2,35,6,1598,1,11,-1,-1,-1
2017450190200,1,9,0,18,0,0,0,0,0,0,2,1,6,2,25,5,1587,1,10,4,1,4
2017450190200,2,21,1,12,0,0,0,0,0,0,1,1,1,3,-1,-1,-1,-1,-1,-1,-1,-1
2017450190215,1,9,0,5,0,2,0,0,0,0,0,1,5,2,35,6,1956,2,7,8,1,8
2017450190215,2,1,0,18,0,2,0,0,0,0,0,1,5,1,13,3,-1,-1,-1,6,1,6
2017450190215,3,1,0,18,0,2,0,0,0,0,0,1,5,1,12,3,-1,-1,-1,10,1,10
2017450190215,4,1,0,3,0,2,0,0,0,0,0,1,5,1,12,3,-1,-1,-1,10,1,10
2017450190221,1,19,0,18,0,0,0,0,0,0,4,1,6,1,29,6,2298,2,2,5,1,5
2017450190221,2,1,0,18,0,0,0,0,0,0,2,1,6,1,68,10,-1,-1,-1,8,1,8
2017450190229,1,9,0,5,0,1,0,0,0,0,1,1,1,2,56,9,1339,8,3,6,1,6
2017450190229,2,9,0,2,0,6,0,0,0,0,2,1,5,2,24,5,1596,1,3,10,1,10
2017450190229,3,9,0,18,0,1,0,0,0,0,3,1,6,3,17,4,1390,1,7,10,1,10
2017450190229,4,11,0,3,0,1,0,0,0,0,3,1,1,1,27,6,4250,2,5,-1,-1,-1
2017450190242,1,9,0,4,0,0,0,0,0,0,2,1,5,1,35,6,2179,2,7,7,3,7
2017450190242,2,9,0,4,0,0,0,0,0,0,1,1,5,1,30,6,3456,8,4,4,1,4
2017450190242,3,9,0,18,0,0,0,0,0,0,1,1,5,1,63,9,1597,2,1,5,3,5
2017450190249,1,9,0,18,0,1,0,0,0,0,2,1,2,1,48,8,1995,2,9,6,2,6
2017450190249,2,9,0,3,0,1,0,0,0,0,1,1,6,1,17,4,1149,1,9,8,1,8
2017450190249,3,9,0,18,0,1,0,0,0,0,1,1,6,1,23,5,1798,1,10,-1,-1,-1
2017450190249,4,9,0,18,0,1,0,0,0,0,1,1,6,2,54,8,1951,2,15,6,3,6
2017450190277,1,9,0,18,0,0,0,0,1,11,1,1,6,2,18,4,1242,1,5,10,1,10
2017450190278,1,9,0,4,0,0,0,0,0,0,2,1,6,1,38,7,1968,2,9,7,1,7
2017450190278,2,21,1,18,0,0,0,0,0,0,1,1,1,1,45,7,9186,2,4,-1,-1,-1
2017450190306,1,20,0,18,0,0,0,0,0,0,1,1,1,3,50,8,9200,2,10,-1,-1,-1
2017450190306,2,9,0,3,0,0,0,0,0,0,2,1,5,1,62,9,1995,2,4,10,1,10
2017450190315,1,9,0,18,0,1,0,0,0,0,1,1,6,1,37,7,2295,1,16,10,1,10
2017450190345,1,9,0,18,0,0,0,0,0,0,2,1,5,2,21,5,998,1,2,5,1,5
2017450190345,2,9,0,18,0,0,0,0,0,0,1,1,5,1,50,8,1598,1,11,9,1,9
2017450190632,1,9,0,18,0,8,0,0,0,0,1,1,2,1,55,8,2191,2,3,7,3,7
2017450190632,2,9,0,10,0,1,0,0,0,0,0,1,5,1,39,7,1598,1,11,7,1,7
2017450190727,1,9,0,18,0,0,0,0,0,0,1,1,5,1,48,8,1560,2,2,10,1,10
2017450190727,2,21,0,3,0,0,0,0,0,0,2,1,1,1,42,7,2198,2,4,-1,-1,-1
2017450190770,1,19,0,18,0,1,0,0,0,0,1,1,1,1,24,5,1997,2,-1,3,1,3
2017450190776,1,19,0,4,0,0,0,0,0,0,1,1,6,1,41,7,-1,-1,-1,4,1,4
2017450190776,2,9,0,3,0,0,0,0,0,0,2,1,1,1,25,5,1997,2,6,5,1,5
2017450190776,3,9,0,3,0,0,0,0,0,0,2,1,6,2,41,7,1998,1,14,10,2,10
2017450190776,4,19,0,2,0,0,0,0,0,0,2,1,6,1,33,6,1753,2,10,7,2,7
2017450190818,1,9,0,18,0,0,1,0,0,0,1,1,6,1,88,11,1339,1,10,10,1,10
2017450190818,2,9,0,5,0,0,0,0,0,0,1,1,6,1,75,10,1560,2,-1,10,1,10
2017450190818,3,9,0,18,0,0,0,0,0,0,1,1,6,1,56,9,1999,1,11,10,1,10
2017450190840,1,9,0,9,0,2,0,0,0,0,1,1,2,2,20,4,1596,1,4,10,1,10
2017450190840,2,9,0,18,0,1,1,0,1,10,1,1,2,1,36,7,1388,1,12,3,1,3
2017450190858,1,9,0,14,0,0,0,0,0,0,1,1,2,1,36,7,1590,1,15,6,1,6
2017450190858,2,1,0,18,0,0,0,0,1,0,2,1,6,1,55,8,-1,-1,-1,8,1,8
2017450190876,1,3,0,18,0,0,2,0,0,0,0,1,6,1,41,7,-1,-1,-1,8,3,8
2017450190876,2,9,0,18,0,0,0,0,0,0,0,1,6,1,49,8,1995,1,7,8,1,8
2017450190896,1,9,0,8,0,1,0,0,0,0,2,1,6,2,44,7,1968,2,8,9,1,9
2017450190896,2,9,0,8,0,1,0,0,0,0,2,1,6,2,70,10,1198,1,5,8,1,8
2017450191051,1,9,0,1,0,0,0,0,0,0,2,1,5,1,58,9,4367,2,6,8,1,8
2017450191051,2,5,0,18,0,0,0,0,0,0,1,1,5,1,21,5,599,1,16,9,1,9
2017450191098,1,9,0,18,0,1,0,0,0,0,1,1,5,1,24,5,1968,2,4,8,1,8
2017450191098,2,9,0,18,0,1,0,0,0,0,2,1,5,2,44,7,2494,1,17,8,1,8
2017450191098,3,9,0,4,0,1,0,0,0,0,2,1,5,2,40,7,1595,1,16,8,1,8
2017450191122,1,9,0,17,0,0,1,0,0,0,4,1,5,1,35,6,1199,1,14,4,1,4
2017450191135,1,9,0,3,0,0,0,0,0,0,0,1,6,1,55,8,-1,-1,-1,8,1,8
2017450191135,2,19,0,4,0,0,0,0,0,0,1,1,6,3,33,6,1686,2,14,7,1,7
2017450191135,3,9,0,18,0,0,0,0,0,0,1,1,6,2,34,6,1781,1,15,10,1,10
2017450191160,1,9,0,17,0,0,0,0,0,0,1,1,5,1,40,7,1968,2,3,10,1,10
2017450191160,2,9,0,5,0,0,0,0,0,0,1,1,5,1,18,4,1248,2,10,9,2,9
2017450191180,1,9,0,9,0,0,0,0,0,0,1,1,6,1,49,8,-1,-1,-1,5,1,5
2017450191180,2,9,0,7,0,0,0,0,0,0,1,1,6,2,33,6,1598,2,3,9,1,9
2017450191198,1,9,0,5,0,0,0,0,0,0,1,1,5,1,22,5,1242,1,6,4,2,4
2017450191198,2,9,0,4,0,0,0,0,0,0,4,1,5,2,64,9,2148,2,16,4,3,4
2017450191212,1,9,0,18,0,0,0,0,0,0,1,1,6,1,38,7,2143,2,6,-1,-1,-1
2017450191221,1,9,0,18,0,0,0,0,0,0,1,1,5,1,34,6,1796,1,15,-1,-1,-1
2017450191221,2,9,0,18,0,0,0,0,0,0,0,1,6,1,29,6,1499,2,1,8,1,8
2017450191221,3,9,0,18,0,0,0,0,0,0,1,1,1,2,69,10,1339,1,10,10,1,10
2017450191246,1,9,0,18,0,0,0,0,0,0,4,1,6,1,77,11,1596,1,1,10,1,10
2017450191246,2,9,0,18,0,0,1,0,1,7,1,1,6,1,82,11,1991,1,1,10,1,10
2017450191258,1,1,0,9,0,0,2,0,1,9,0,1,5,2,41,7,-1,-1,-1,6,1,6
2017450191259,1,1,0,18,0,0,0,0,0,0,2,1,6,1,17,4,-1,-1,-1,7,1,7
2017450191259,2,9,0,18,0,0,0,0,0,0,1,1,6,2,35,6,2179,2,9,-1,-1,-1
2017450191274,1,9,0,5,0,0,0,0,0,0,1,1,5,1,47,8,2143,2,4,9,1,9
2017450191274,2,19,0,9,0,0,0,0,0,0,1,1,1,1,52,8,1997,2,2,8,1,8
2017450191276,1,19,0,9,0,8,0,0,0,0,1,1,1,1,36,7,2198,2,3,8,1,8
2017450191276,2,9,0,18,0,8,0,0,0,0,3,1,6,2,22,5,999,1,-1,5,1,5
2017450191280,1,9,0,18,0,0,2,0,0,0,1,1,5,1,30,6,1560,2,5,2,1,2
2017450191286,1,9,0,18,0,1,0,0,0,0,4,1,2,2,58,9,1587,1,11,8,1,8
2017450191286,2,9,0,5,8,1,0,0,0,0,3,1,2,1,18,4,1124,1,16,4,1,4
2017450191286,3,9,0,18,0,1,0,0,0,0,1,1,6,1,69,10,1968,2,2,8,3,8
2017450191288,1,1,0,16,0,0,0,0,0,0,1,1,5,1,43,7,-1,-1,-1,6,1,6
2017450191288,2,1,0,16,0,0,0,0,0,0,1,1,5,1,57,9,-1,-1,-1,10,2,10
2017450191300,1,9,0,18,0,0,0,0,0,0,4,1,5,1,57,9,1398,1,7,7,3,7
2017450191300,2,1,0,9,0,0,0,0,0,0,3,1,5,1,11,3,-1,-1,-1,4,1,4
2017450191301,1,1,0,18,0,0,0,0,0,0,1,1,5,1,50,8,-1,-1,-1,2,1,2
2017450191305,1,9,0,18,0,3,0,0,0,0,0,1,6,1,59,9,2295,1,18,2,1,2
2017450191305,2,5,0,18,0,3,0,0,0,0,0,1,6,1,32,6,883,1,1,-1,-1,-1
2017450191329,1,9,0,3,0,2,0,0,0,0,2,1,5,2,76,11,1124,1,13,10,1,10
2017450191329,2,19,0,4,0,1,0,0,0,0,1,1,5,1,35,6,2286,10,11,5,1,5
2017450191340,1,9,0,3,0,0,0,0,0,0,1,1,6,1,70,10,1396,1,15,10,1,10
2017450191340,2,4,0,17,0,0,2,0,0,0,0,1,6,1,30,6,998,1,9,3,1,3
2017450191345,1,9,0,4,0,0,0,0,0,0,2,1,5,1,32,6,1998,1,3,10,1,10
2017450191345,2,19,0,18,0,0,0,0,0,0,1,1,1,1,54,8,2148,2,10,10,1,10
2017450191517,1,9,0,4,0,1,0,0,0,0,0,1,6,3,50,8,-1,-1,-1,-1,-1,-1
2017450191517,2,9,0,4,0,1,0,0,0,0,0,1,6,3,50,8,-1,-1,-1,-1,-1,-1
2017450191517,3,9,0,4,0,1,0,0,0,0,1,1,5,2,18,4,998,1,3,7,3,7
2017450191517,4,9,0,18,0,1,0,0,0,0,1,1,5,2,34,6,1560,2,2,8,1,8
2017450191522,1,9,0,18,0,0,0,0,0,0,1,1,6,3,-1,-1,-1,-1,-1,-1,-1,-1
2017450191522,2,9,0,3,0,0,0,0,0,0,2,1,6,2,25,5,1968,2,6,5,1,5
2017450191599,1,9,0,18,0,1,0,0,0,0,4,1,6,2,18,4,1149,1,12,10,2,10
2017450191599,2,9,0,6,0,1,0,0,0,0,3,1,6,1,23,5,1229,1,3,9,1,9
2017450191619,1,9,0,18,0,1,0,0,0,0,1,1,6,2,80,11,1242,1,4,7,1,7
2017450191619,2,9,0,9,0,1,0,0,0,0,3,1,6,2,24,5,1395,1,-1,8,1,8
2017450191627,1,9,0,18,0,0,0,0,0,0,1,1,2,2,23,5,1242,1,13,10,1,10
2017450191627,2,9,0,18,0,0,0,0,0,0,2,1,5,1,54,8,1686,2,4,2,1,2
2017450191627,3,9,0,18,0,0,0,0,0,0,2,1,1,1,29,6,1995,2,5,8,3,8
2017450191670,1,9,0,18,0,0,0,0,0,0,0,1,5,1,17,4,2979,1,1,10,1,10
2017450191670,2,1,0,13,5,0,1,0,7,0,3,1,5,1,12,3,-1,-1,-1,5,3,5
2017450191688,1,9,0,4,0,0,0,0,0,0,1,1,6,1,23,5,1598,2,3,7,1,7
2017450191688,2,9,0,18,0,0,0,0,0,0,2,1,6,3,-1,-1,-1,-1,-1,-1,-1,-1
2017450191688,3,9,0,18,0,0,0,0,0,0,2,1,6,3,-1,-1,1368,1,11,9,1,9
2017450191688,4,9,0,18,0,0,0,0,0,0,2,1,6,3,-1,-1,-1,-1,-1,-1,-1,-1
2017450191700,1,9,0,18,0,0,0,0,0,0,1,1,5,1,66,10,2497,2,20,5,1,5
2017450191700,2,9,0,2,0,0,0,0,0,0,1,1,5,2,35,6,1390,1,10,5,1,5
2017450191700,3,9,0,2,0,0,0,0,0,0,2,1,5,2,55,8,1900,2,11,5,1,5
2017450191715,1,21,1,18,0,0,0,0,0,0,1,1,1,1,30,6,-1,-1,-1,-1,-1,-1
2017450191715,2,9,0,18,0,0,1,0,0,0,4,1,1,1,52,8,1560,2,8,6,1,6
2017450191895,1,4,0,4,0,1,1,0,0,0,3,1,2,1,63,9,738,1,16,9,1,9
2017450191895,2,9,0,3,0,1,0,0,0,0,2,1,1,1,29,6,1598,2,-1,-1,1,-1
2017450191895,3,9,0,5,0,1,0,0,0,0,0,1,2,1,23,5,1396,1,2,10,2,10
2017450191902,1,1,0,3,0,4,0,0,0,0,2,1,5,1,44,7,-1,-1,-1,10,1,10
2017450191902,2,9,0,18,0,4,0,0,0,0,1,1,5,1,40,7,1390,1,13,6,1,6
2017450191908,1,9,0,1,9,0,0,0,0,0,2,1,6,1,50,8,-1,-1,-1,-1,-1,-1
2017450191913,1,4,0,18,0,0,1,0,0,0,0,1,5,1,52,8,-1,-1,-1,-1,-1,-1
2017450191923,1,9,0,18,0,0,0,0,0,0,1,1,5,1,80,11,1198,1,1,10,1,10
2017450192071,1,16,0,18,0,0,0,0,0,0,3,1,5,2,60,9,-1,-1,-1,9,2,9
2017450192071,2,9,0,18,0,0,0,0,0,0,1,1,6,2,33,6,998,1,15,6,3,6
2017450192180,1,3,0,18,0,0,0,0,0,0,4,1,6,1,31,6,125,1,1,-1,-1,-1
2017450192183,1,9,0,3,0,1,0,0,0,0,1,1,6,2,51,8,1895,1,16,8,1,8
2017450192183,2,9,0,5,0,1,0,0,0,0,2,1,6,2,17,4,1496,2,1,-1,-1,-1
2017450192197,1,9,0,16,0,0,0,0,0,0,1,1,6,1,78,11,1598,1,14,-1,-1,-1
2017450192197,2,11,0,16,0,0,0,0,0,0,1,1,1,1,66,10,4250,2,6,-1,-1,-1
2017450192222,1,9,0,3,0,0,0,0,0,0,1,1,2,1,28,6,2979,1,3,9,1,9
2017450192222,3,9,0,18,0,0,0,0,0,0,2,1,2,1,22,5,1242,1,9,3,1,3
2017450192251,1,9,0,4,0,0,0,0,0,0,2,1,1,1,19,4,1242,1,20,7,1,7
2017450192251,2,1,0,18,0,0,0,0,0,0,1,1,2,1,48,8,-1,-1,-1,6,3,6
2017450192258,1,9,0,5,0,1,0,0,0,0,1,1,5,1,75,10,2495,2,17,10,1,10
2017450192258,2,9,0,18,0,1,0,0,0,0,1,1,5,2,53,8,1149,1,1,8,1,8
2017450192389,1,9,0,7,0,2,0,0,0,0,1,1,5,1,25,5,2979,1,15,9,1,9
2017450192389,2,9,0,9,0,1,0,0,0,0,1,1,5,2,20,4,999,1,2,5,2,5
2017450192435,1,9,0,11,0,5,2,0,2,7,1,1,5,1,21,5,1598,1,15,1,1,1
2017450192444,1,1,0,18,0,0,2,0,0,0,0,1,5,1,53,8,-1,-1,-1,8,1,8
2017450192459,1,9,0,9,0,1,0,0,0,0,3,1,5,1,34,6,2967,2,5,10,1,10
2017450192459,2,4,0,14,0,1,0,0,0,0,4,1,2,1,54,8,897,1,15,10,1,10
2017450192471,1,1,0,18,0,1,5,7,0,0,1,1,5,1,52,8,-1,-1,-1,8,1,8
2017450192498,1,3,0,4,0,0,1,0,0,0,1,1,2,1,45,7,125,1,4,8,3,8
2017450192503,1,9,0,18,0,1,1,0,0,0,1,1,6,1,54,8,2967,2,8,6,3,6
2017450192529,1,9,0,3,0,4,0,0,0,0,2,1,2,2,28,6,1596,1,13,8,1,8
2017450192529,2,9,0,5,0,4,0,0,0,0,1,1,4,2,48,8,796,1,14,6,1,6
2017450192563,1,9,0,18,0,0,0,0,0,0,1,1,6,1,74,10,1989,1,18,9,1,9
2017450192563,2,1,0,18,0,0,0,0,0,0,1,1,6,1,9,2,-1,-1,-1,-1,-1,-1
2017450192586,1,9,0,14,0,1,0,0,0,0,1,1,6,1,74,10,1360,1,16,10,1,10
2017450192586,2,9,0,9,0,1,0,0,0,0,1,1,6,1,42,7,2179,2,6,10,1,10
2017450192596,2,9,0,17,0,0,2,10,1,0,1,1,6,1,68,10,2993,2,2,7,1,7
2017450192596,3,21,0,18,0,0,0,0,0,0,2,1,1,1,47,8,4500,2,2,-1,-1,-1
2017450192609,1,9,0,18,0,0,0,0,0,0,1,1,6,2,24,5,1587,1,14,3,1,3
2017450192718,1,9,0,9,0,7,0,0,0,0,1,1,3,2,30,6,1997,2,15,10,1,10
2017450192718,2,9,0,18,0,8,0,0,0,0,1,1,2,2,48,8,1968,2,10,10,1,10
2017450192831,1,9,0,18,0,0,0,0,0,0,1,1,5,1,19,4,1796,1,9,10,2,10
2017450192831,2,9,0,4,0,0,0,0,0,0,2,1,5,2,31,6,1242,1,3,8,1,8
2017450192831,3,9,0,3,0,0,0,0,0,0,2,1,5,1,50,8,999,1,3,9,1,9