Accident_Index,Vehicle_Reference,Vehicle_Type,Towing_and_Articulation,Vehicle_Manoeuvre,Vehicle_Location-Restricted_Lane,Junction_Location,Skidding_and_Overturning,Hit_Object_in_Carriageway,Vehicle_Leaving_Carriageway,Hit_Object_off_Carriageway,1st_Point_of_Impact,Was_Vehicle_Left_Hand_Drive?,Journey_Purpose_of_Driver,Sex_of_Driver,Age_of_Driver,Age_Band_of_Driver,Engine_Capacity_(CC),Propulsion_Code,Age_of_Vehicle,Driver_IMD_Decile,Driver_Home_Area_Type,Vehicle_IMD_Decile
2017450196462,1,3,0,18,0,1,0,0,0,0,2,1,6,2,17,4,125,1,1,-1,-1,-1
2017450196462,2,9,0,5,0,1,0,0,0,0,0,1,1,2,-1,-1,1686,2,6,-1,-1,-1
2017450196464,1,21,0,18,0,1,0,0,0,0,3,1,5,1,26,6,-1,-1,-1,-1,-1,-1
2017450196464,2,9,0,5,0,2,0,0,0,0,1,1,5,1,50,8,1997,2,13,-1,-1,-1
2017450196470,1,9,0,16,0,1,0,0,0,0,1,1,6,2,43,7,1149,1,7,6,1,6
2017450196470,2,1,0,16,0,1,0,0,0,0,2,1,6,1,44,7,-1,-1,-1,8,1,8
2017450196494,1,9,0,18,0,0,0,4,0,0,1,1,6,1,71,10,1968,2,4,-1,-1,-1
2017450196494,2,9,0,2,0,0,0,0,0,0,1,1,3,2,39,7,1997,2,8,-1,-1,-1
2017450196499,1,9,0,6,0,0,0,0,0,0,3,1,2,2,23,5,1198,1,3,-1,-1,-1
2017450196499,2,1,0,14,0,0,0,0,0,0,1,1,2,1,51,8,-1,-1,-1,-1,-1,-1
2017450196501,1,9,0,18,0,1,0,0,0,0,1,1,2,1,48,8,4966,1,16,6,1,6
2017450196501,2,9,0,18,0,1,0,0,0,0,3,1,6,2,48,8,998,1,15,-1,-1,-1
2017450196503,1,19,0,18,0,0,0,0,0,0,4,1,6,3,50,8,-1,-1,-1,-1,-1,-1
2017450196525,1,9,0,18,0,0,0,0,0,0,1,1,6,2,60,9,1598,1,10,9,1,9
2017450196525,2,9,0,4,0,0,0,0,0,0,2,1,6,2,34,6,1197,1,1,-1,-1,-1
2017450196525,3,9,0,4,0,0,0,0,0,0,2,1,1,1,17,4,-1,-1,-1,-1,-1,-1
2017450196530,1,1,0,18,0,1,0,0,0,0,1,1,6,1,33,6,-1,-1,-1,8,1,8
2017450196530,2,9,0,18,0,1,0,0,0,0,1,1,6,2,46,8,-1,3,3,9,1,9
2017450196542,1,19,0,9,0,5,1,0,0,0,1,1,2,1,38,7,2496,2,17,-1,-1,-1
2017450196542,2,9,0,17,0,1,0,0,0,0,1,1,1,1,26,6,2143,2,1,-1,-1,-1
2017450196542,3,19,0,16,0,1,0,0,0,0,2,1,2,1,45,7,2198,2,7,-1,-1,-1
2017450196561,1,9,0,18,0,0,0,0,0,0,3,1,6,1,57,9,1242,1,3,9,1,9
2017450196561,2,9,0,18,0,0,0,0,0,0,4,1,6,1,33,6,-1,-1,-1,-1,-1,-1
2017450196566,1,1,0,18,0,0,0,0,0,0,2,1,6,2,48,8,-1,-1,-1,-1,-1,-1
2017450196566,2,1,0,18,0,0,0,0,0,0,1,1,6,1,49,8,-1,-1,-1,-1,-1,-1
2017450196566,3,9,0,18,0,0,0,0,0,0,3,1,6,1,40,7,1422,2,2,-1,-1,-1
2017450196611,1,9,0,18,0,4,0,0,1,4,1,1,6,1,47,8,-1,-1,-1,-1,-1,-1
2017450196707,1,9,0,18,0,1,0,0,0,0,0,1,6,3,50,8,-1,-1,-1,-1,-1,-1
2017450196707,2,19,0,18,0,1,0,0,0,0,1,1,1,1,36,7,2198,2,3,6,1,6
2017450196707,3,9,0,4,0,1,1,0,0,0,1,1,2,2,40,7,1560,2,4,8,1,8
2017450196707,4,9,0,18,0,1,0,0,0,0,2,1,1,1,50,8,2143,2,1,6,1,6
2017450196816,1,1,0,8,0,1,0,0,0,0,1,1,6,2,51,8,-1,-1,-1,9,3,9
2017450196816,2,9,0,9,0,1,0,0,0,0,4,1,6,1,70,10,3498,1,9,-1,-1,-1
2017450196818,1,9,0,18,0,0,0,0,0,0,1,1,6,2,69,10,1198,1,4,-1,-1,-1
2017450196822,1,9,0,18,0,0,0,0,0,0,1,1,5,2,44,7,1498,1,12,10,1,10
2017450196822,2,9,0,3,0,0,0,0,0,0,2,1,5,1,26,6,1360,1,6,9,1,9
2017450196822,3,9,0,3,0,0,0,0,0,0,2,1,5,1,28,6,1995,2,10,5,1,5
2017450196853,1,9,0,18,0,0,5,0,0,0,4,1,2,1,31,6,1388,1,5,-1,-1,-1
2017450196853,2,9,0,18,0,0,0,0,0,0,1,1,2,1,57,9,1248,2,8,-1,-1,-1
2017450196858,1,21,0,17,0,1,0,0,0,0,3,1,5,1,35,6,8900,2,10,-1,-1,-1
2017450196858,2,9,0,16,0,1,0,0,0,0,1,1,5,1,75,10,1951,2,12,-1,-1,-1
2017450196868,1,9,0,16,0,8,0,0,0,0,3,1,6,1,27,6,1461,2,8,-1,-1,-1
2017450196868,2,9,0,17,0,8,0,0,0,0,3,1,6,1,70,10,1339,1,10,-1,-1,-1
2017450196876,1,9,0,4,0,0,0,0,0,0,1,1,5,1,21,5,1496,2,1,-1,-1,-1
2017450196876,2,9,0,3,0,0,0,0,0,0,2,1,5,1,56,9,2143,2,3,-1,-1,-1
2017450196881,1,9,0,3,0,0,1,0,0,0,1,1,1,2,51,8,2199,2,5,8,3,8
2017450196881,2,9,0,9,0,0,1,0,0,0,3,1,1,2,45,7,1349,1,7,9,1,9
2017450196891,1,9,0,5,0,1,0,0,0,0,1,1,2,1,70,10,5462,1,8,-1,-1,-1
2017450196891,2,9,0,10,0,1,0,0,0,0,2,1,2,2,18,4,1496,2,2,-1,-1,-1
2017450196893,1,3,0,13,0,1,0,0,0,0,1,1,6,1,21,5,599,1,19,-1,-1,-1
2017450196893,2,19,0,18,0,1,0,0,0,0,3,1,6,1,27,6,1910,2,14,-1,-1,-1
2017450196893,3,9,0,18,0,1,0,0,0,0,3,1,6,1,30,6,1598,1,8,-1,-1,-1
2017450196894,1,9,0,9,0,1,0,0,0,0,1,1,6,1,-1,-1,-1,-1,-1,6,1,6
2017450196894,2,5,0,18,0,1,0,0,0,0,4,1,3,1,57,9,745,1,3,6,1,6
2017450196900,1,5,0,18,8,8,0,0,7,0,0,1,2,1,26,6,599,1,15,-1,-1,-1
2017450196900,2,9,0,18,0,8,0,0,0,0,0,1,6,2,58,9,-1,-1,-1,-1,-1,-1
2017450196901,1,19,0,4,0,0,0,0,0,0,1,1,1,1,25,5,2499,2,2,7,1,7
2017450196901,2,9,0,3,0,0,0,0,0,0,2,1,2,1,39,7,1968,2,4,10,1,10
2017450196901,3,9,0,3,0,0,0,0,0,0,2,1,2,2,52,8,2979,1,4,8,3,8
2017450196901,4,9,0,3,0,0,0,0,0,0,2,1,2,1,45,7,1850,1,15,8,1,8
2017450196914,1,9,0,4,0,1,0,0,0,0,0,1,5,1,39,7,1995,2,4,8,1,8
2017450196914,2,9,0,18,0,1,0,0,0,0,0,1,5,1,40,7,1900,2,13,9,1,9
2017450196914,3,1,0,18,0,1,0,0,0,0,3,1,5,1,14,3,-1,-1,-1,9,1,9
2017450196920,1,9,0,18,0,0,0,0,0,0,2,1,5,2,32,6,1560,2,3,-1,-1,-1
2017450196920,2,8,0,18,0,0,0,0,0,0,2,1,1,2,37,7,2148,2,8,-1,-1,-1
2017450196920,3,9,0,4,0,0,0,0,0,0,2,1,5,1,56,9,1560,2,5,-1,-1,-1
2017450196920,4,21,0,18,0,0,0,0,0,0,2,1,1,1,57,9,-1,-1,-1,-1,-1,-1
2017450196965,1,9,0,5,0,1,0,0,0,0,3,1,1,1,38,7,1896,2,13,9,1,9
2017450196965,2,9,0,17,0,1,0,0,0,0,1,1,1,1,24,5,1598,2,5,8,3,8
2017450197011,1,1,0,18,0,0,0,0,0,0,0,1,6,1,39,7,-1,-1,-1,5,1,5
2017450197011,2,9,0,18,0,0,0,0,0,0,0,1,6,3,42,7,-1,-1,-1,-1,-1,-1
2017450197033,1,9,0,18,0,1,0,0,0,0,1,1,6,1,18,4,1149,1,13,8,1,8
2017450197033,2,9,0,18,0,1,0,0,0,0,1,1,6,2,65,9,1995,1,-1,9,1,9
2017450197033,3,9,0,2,0,1,0,0,0,0,3,1,6,1,30,6,1995,2,1,-1,-1,-1
2017450197065,1,1,0,17,0,8,0,0,0,0,0,1,6,1,14,3,-1,-1,-1,10,1,10
2017450197099,1,9,0,5,0,6,0,0,0,0,1,1,5,2,40,7,1968,2,5,-1,-1,-1
2017450197099,2,9,0,10,0,1,0,0,0,0,3,1,5,1,35,6,2143,2,6,-1,-1,-1
2017450197110,1,9,0,2,0,0,0,0,0,0,2,1,6,2,55,8,1198,1,2,6,1,6
2017450197110,2,9,0,2,0,0,0,0,0,0,4,1,6,1,31,6,-1,-1,-1,7,2,7
2017450197110,3,9,0,2,0,0,0,0,0,0,2,1,6,2,75,10,1339,1,2,6,1,6
2017450197117,1,9,0,18,0,0,0,0,0,0,1,1,5,1,27,6,1598,1,17,10,1,10
2017450197117,2,9,0,4,0,0,0,0,0,0,2,1,2,1,36,7,1596,1,11,-1,-1,-1
2017450197122,1,1,0,14,0,0,0,0,0,0,1,1,2,1,43,7,-1,-1,-1,-1,-1,-1
2017450197122,2,9,0,2,0,0,0,0,0,0,3,1,1,1,60,9,-1,-1,-1,-1,-1,-1
2017450197219,1,9,0,18,0,0,0,0,0,0,0,1,6,2,61,9,1339,1,7,4,1,4
2017450197219,2,9,0,18,0,0,0,0,0,0,0,1,6,2,34,6,1686,2,4,4,1,4
2017450197236,1,1,0,18,4,0,5,10,1,0,1,1,5,1,38,7,-1,-1,-1,5,3,5
2017450197255,1,1,0,17,0,0,0,0,0,0,0,1,5,1,50,8,-1,-1,-1,7,1,7
2017450197285,1,9,0,10,0,2,0,0,0,0,2,1,1,1,50,8,-1,-1,-1,5,1,5
2017450197285,2,9,0,18,0,1,0,0,0,0,1,1,5,2,40,7,1396,1,3,10,1,10
2017450197308,1,9,0,5,0,0,0,7,7,10,1,1,5,1,88,11,1390,1,4,10,1,10
2017450197330,1,9,0,17,0,0,5,0,0,0,4,1,5,1,74,10,898,1,1,4,2,4
2017450197338,1,9,0,18,0,0,0,4,0,0,1,1,6,1,18,4,1242,1,16,-1,-1,-1
2017450197338,2,19,0,2,0,0,0,0,0,0,2,1,6,1,30,6,2488,2,2,-1,-1,-1
2017450197339,1,9,0,18,0,0,0,0,0,0,1,1,5,1,68,10,1968,2,11,-1,-1,-1
2017450197339,2,9,0,18,0,0,0,0,0,0,1,1,5,2,32,6,2400,2,8,-1,-1,-1
2017450197339,3,9,0,18,0,0,0,0,0,0,1,1,5,1,44,7,2967,2,10,-1,-1,-1
2017450197339,4,9,0,18,0,0,0,0,0,0,0,1,6,3,50,8,-1,-1,-1,-1,-1,-1
2017450197404,1,9,0,18,0,8,0,0,0,0,1,1,5,1,35,6,1998,2,5,-1,-1,-1
2017450197404,2,1,0,18,0,8,0,0,0,0,3,1,5,1,13,3,-1,-1,-1,-1,-1,-1
2017450197410,1,9,0,18,0,0,0,0,0,0,1,1,6,1,69,10,1560,2,3,8,2,8
2017450197416,1,9,0,7,0,1,0,0,0,0,1,1,6,3,50,8,-1,-1,-1,-1,-1,-1
2017450197416,2,2,0,9,0,8,2,0,0,0,4,1,5,1,16,4,49,1,2,10,2,10
2017450197430,1,9,0,18,0,0,0,0,0,0,1,1,1,1,30,6,1598,1,16,9,1,9
2017450197430,2,9,0,10,0,0,0,0,0,0,2,1,1,1,55,8,4966,1,13,8,1,8
2017450197435,1,9,0,9,0,0,0,0,0,0,3,1,6,1,69,10,1991,2,13,-1,-1,-1
2017450197435,2,1,0,13,0,0,0,0,0,0,1,1,6,1,62,9,-1,-1,-1,-1,-1,-1
2017450197437,1,9,0,18,0,1,0,0,0,0,1,1,5,1,17,4,1198,1,15,-1,-1,-1
2017450197437,2,9,0,4,0,1,0,0,0,0,2,1,5,2,21,5,1362,1,5,-1,-1,-1
2017450197437,3,9,0,4,0,1,0,0,0,0,0,1,6,1,35,6,-1,-1,-1,-1,-1,-1
2017450197466,1,4,0,3,0,1,0,0,0,0,1,1,6,1,76,11,535,1,3,-1,-1,-1
2017450197487,1,19,0,18,0,0,0,0,0,0,0,1,5,1,33,6,2198,2,4,-1,-1,-1
2017450197529,1,3,0,4,9,3,1,0,1,0,1,1,6,1,21,5,124,1,6,6,1,6
2017450197547,1,9,0,5,0,6,0,0,0,0,3,1,6,2,24,5,1242,1,2,9,3,9
2017450197547,2,9,0,18,0,1,0,0,0,0,1,1,6,2,49,8,2993,2,2,-1,-1,-1
2017450197703,1,1,0,18,0,2,0,0,0,0,4,1,5,1,44,7,-1,-1,-1,-1,-1,-1
2017450197703,2,9,0,5,0,2,0,0,0,0,3,1,6,1,35,6,2179,2,4,-1,-1,-1
2017450197723,1,9,0,18,0,0,0,0,0,0,3,1,5,1,58,9,2987,2,2,-1,-1,-1
2017450197723,2,9,0,18,0,0,0,0,0,0,1,1,5,1,35,6,2000,1,17,-1,-1,-1
2017450197723,3,9,0,2,0,0,0,0,0,0,4,1,5,2,45,7,998,1,9,-1,-1,-1
2017450197741,1,9,0,18,0,1,0,0,0,0,1,1,6,1,35,6,1598,1,4,-1,-1,-1
2017450197757,1,1,0,18,0,8,0,0,0,0,0,1,6,3,50,8,-1,-1,-1,-1,-1,-1
2017450197781,1,9,0,5,0,0,0,0,0,0,0,1,6,1,17,4,1198,1,6,-1,-1,-1
2017450197784,1,9,0,18,0,0,0,0,0,0,1,1,1,1,48,8,1197,1,5,7,3,7
2017450197784,2,19,0,18,0,0,0,0,0,0,2,1,1,1,44,7,2143,2,3,8,1,8
2017450197789,1,9,0,18,0,0,0,0,0,0,1,1,5,1,29,6,1998,2,15,-1,-1,-1
2017450197789,2,9,0,18,0,0,0,0,0,0,2,1,5,1,30,6,1598,1,5,-1,-1,-1
2017450197789,3,9,0,18,0,0,0,0,0,0,2,1,5,2,61,9,998,1,4,-1,-1,-1
2017450197789,4,9,0,3,0,0,0,0,0,0,2,1,5,2,52,8,998,1,3,-1,-1,-1
2017450197793,1,21,0,5,0,2,0,0,0,0,3,1,5,1,22,5,-1,-1,-1,-1,-1,-1
2017450197793,2,9,0,18,0,8,0,0,0,0,1,1,6,1,45,7,1598,2,6,-1,-1,-1
2017450197872,1,9,0,18,0,0,0,0,0,0,1,1,6,1,31,6,1560,2,7,-1,-1,-1
2017450197872,2,9,0,2,0,0,0,0,0,0,2,1,6,1,65,9,2231,2,4,-1,-1,-1
2017450197945,1,3,0,18,0,0,0,0,0,0,1,1,6,3,-1,-1,124,1,5,-1,-1,-1
2017450198215,1,9,0,18,0,0,0,0,0,0,3,1,1,2,35,6,1560,2,8,-1,-1,-1
2017450198215,2,9,0,18,0,0,0,0,0,0,3,1,2,2,20,4,1390,1,7,-1,-1,-1
2017450198250,1,9,0,18,0,0,0,0,0,0,3,1,2,1,19,4,-1,-1,-1,-1,-1,-1
2017450198250,2,9,0,11,0,0,1,0,1,6,4,1,2,1,47,8,2143,2,2,-1,-1,-1
2017450198273,1,9,0,18,0,0,5,0,0,0,1,1,5,2,20,4,998,1,10,-1,-1,-1
2017450198275,1,9,0,7,0,2,0,0,0,0,1,1,6,2,68,10,-1,-1,-1,-1,-1,-1
2017450198275,2,9,0,16,0,1,0,0,0,0,1,1,6,2,32,6,1364,1,5,-1,-1,-1
2017450198305,1,11,0,18,0,0,1,4,0,0,1,1,1,1,44,7,3900,2,15,-1,-1,-1
2017450198305,2,9,0,2,0,0,0,0,0,0,2,1,6,2,32,6,1968,2,1,-1,-1,-1
2017450198305,3,9,0,2,0,0,0,0,0,0,3,1,6,2,29,6,1995,2,6,5,1,5
2017450198305,4,9,0,2,0,0,0,0,0,0,2,1,6,1,21,5,1597,1,14,-1,-1,-1
2017450198305,5,9,0,2,0,0,0,0,0,0,2,1,6,2,35,6,1248,1,3,-1,-1,-1
2017450198305,6,9,0,2,0,0,0,0,0,0,2,1,6,2,35,6,1364,1,2,-1,-1,-1
2017450198310,1,9,0,3,0,0,0,0,0,0,3,1,1,1,21,5,1242,1,14,10,1,10
2017450198310,2,1,0,14,0,0,0,0,0,0,4,1,6,1,44,7,-1,-1,-1,9,1,9
2017450198315,1,3,0,5,0,8,0,0,0,0,1,1,2,1,20,4,124,1,4,-1,-1,-1
2017450198315,2,9,0,14,0,8,0,0,0,0,1,1,2,2,22,5,-1,-1,-1,-1,-1,-1
2017450198337,1,9,0,3,0,2,0,0,0,0,2,1,1,1,32,6,1399,2,7,-1,-1,-1
2017450198337,2,9,0,18,0,1,0,0,0,0,1,1,1,1,56,9,-1,-1,-1,9,1,9
2017450198541,1,9,0,9,0,6,0,0,0,0,3,1,5,1,45,7,1796,1,11,10,1,10
2017450198541,2,4,0,18,0,8,0,0,0,0,1,1,5,1,59,9,980,1,36,2,1,2
2017450198551,1,9,0,18,0,0,0,0,0,0,1,1,5,2,37,7,1560,2,4,7,1,7
2017450198551,2,9,0,18,0,0,0,0,0,0,1,1,5,2,35,6,1997,1,19,5,1,5
2017450198570,1,1,0,18,0,0,0,0,0,0,0,1,5,1,15,3,-1,-1,-1,3,1,3
2017450198796,1,1,0,18,0,0,0,10,1,0,1,1,5,1,52,8,-1,-1,-1,-1,-1,-1
2017450198807,1,9,0,18,0,0,0,0,0,0,1,1,6,2,25,5,1985,1,15,-1,-1,-1
2017450198807,2,9,0,18,0,0,0,0,0,0,3,1,1,1,28,6,-1,-1,-1,4,1,4
2017450198837,1,9,0,18,0,0,0,0,0,0,3,1,5,2,21,5,1242,1,13,-1,-1,-1
2017450198837,2,9,0,18,0,0,0,0,0,0,4,1,5,1,20,4,1388,1,15,-1,-1,-1
2017450198837,3,9,0,2,0,0,0,0,0,0,4,1,6,2,30,6,1299,1,16,-1,-1,-1
2017450198839,1,1,0,18,0,8,0,0,0,0,1,1,6,1,21,5,-1,-1,-1,9,1,9
2017450198839,2,9,0,18,0,8,0,0,0,0,1,1,6,2,53,8,1461,2,7,7,1,7
2017450198841,1,9,0,18,0,1,0,0,0,0,1,1,2,1,36,7,1956,2,6,8,1,8
2017450198841,2,9,0,18,0,1,0,0,0,0,1,1,2,2,54,8,2198,1,13,-1,-1,-1
2017450198845,1,9,0,12,0,1,0,0,0,0,1,1,6,2,51,8,1968,2,3,7,3,7
2017450198845,2,9,0,18,0,1,0,0,0,0,4,1,6,1,45,7,1997,2,2,6,1,6
2017450198871,1,9,0,4,0,0,0,0,0,0,1,1,1,1,24,5,-1,-1,-1,-1,-1,-1
2017450198871,2,9,0,4,0,0,0,0,0,0,1,1,5,2,56,9,2993,2,1,-1,-1,-1
2017450198879,1,1,0,18,0,0,2,0,0,0,1,1,6,1,14,3,-1,-1,-1,-1,-1,-1
2017450198879,2,9,0,2,0,0,0,0,0,0,2,1,6,3,28,6,998,1,2,-1,-1,-1
2017450198880,1,1,0,18,0,0,0,0,0,0,0,1,2,1,42,7,-1,-1,-1,-1,-1,-1
2017450198889,1,23,0,18,0,0,0,0,0,0,1,1,5,1,16,4,-1,-1,-1,-1,-1,-1
2017450198889,2,9,0,10,0,0,0,0,0,0,2,1,3,1,40,7,1999,2,1,-1,-1,-1
2017450198904,1,9,0,6,0,0,0,0,0,0,0,1,6,2,29,6,2179,2,6,-1,-1,-1
2017450198904,2,3,0,18,0,0,0,0,0,0,1,1,2,1,44,7,124,1,8,-1,-1,-1
2017450198919,1,9,0,4,0,0,0,0,0,0,2,1,6,1,37,7,2393,2,1,-1,-1,-1
2017450198919,2,1,0,18,0,0,0,0,0,0,1,1,6,1,30,6,-1,-1,-1,-1,-1,-1
2017450198922,1,1,0,7,0,0,0,0,0,0,1,1,6,1,64,9,-1,-1,-1,-1,-1,-1
2017450198944,1,9,0,4,0,0,0,0,0,0,2,1,6,1,67,10,4663,1,2,10,1,10
2017450198944,2,9,0,4,0,0,0,0,0,0,1,1,6,2,33,6,998,1,7,8,1,8
2017450199106,1,9,0,18,0,0,0,0,0,0,1,1,6,1,35,6,1598,2,-1,1,1,1
2017450199111,1,9,0,18,0,8,0,0,0,0,1,1,6,2,22,5,1995,1,12,7,3,7
2017450199111,2,17,0,8,0,8,0,0,0,0,1,1,6,1,53,8,4000,2,4,10,1,10
2017450199112,1,9,0,18,0,8,0,0,0,0,1,1,6,2,48,8,1499,2,2,6,1,6
2017450199112,2,9,0,18,0,8,0,0,0,0,1,1,6,1,38,7,1598,2,5,8,1,8
2017450199117,1,9,0,18,0,8,0,0,0,0,1,1,6,2,45,7,1339,1,11,9,1,9
2017450199176,1,1,0,18,0,0,0,0,0,0,1,1,6,1,39,7,-1,-1,-1,-1,-1,-1
2017450199176,2,9,0,18,0,0,0,0,0,0,3,1,6,1,18,4,1497,1,15,-1,-1,-1
2017450199245,1,1,0,18,0,4,0,0,0,0,2,1,5,1,35,6,-1,-1,-1,9,1,9
2017450199245,2,9,0,18,0,1,2,0,0,0,3,1,1,1,40,7,-1,-1,-1,-1,-1,-1
2017450199253,1,11,0,9,0,2,0,0,0,0,2,1,1,1,68,10,1968,2,-1,10,1,10
2017450199253,2,9,0,9,0,2,0,0,0,0,1,1,6,1,40,7,1999,2,-1,10,1,10
2017450199309,1,9,0,18,0,0,0,0,0,0,1,1,5,2,54,8,1242,1,5,-1,-1,-1
2017450199309,2,9,0,3,0,0,0,0,0,0,2,1,5,2,35,6,2987,2,7,-1,-1,-1
2017450199375,1,1,0,18,0,1,0,0,0,0,1,1,1,1,31,6,-1,-1,-1,-1,-1,-1
2017450199394,1,9,0,18,0,0,0,0,0,0,1,1,6,2,51,8,-1,-1,-1,-1,-1,-1
2017450199394,2,9,0,18,0,0,0,0,0,0,1,1,6,3,35,6,1988,1,15,-1,-1,-1
2017450199407,1,19,0,9,0,6,0,0,0,0,1,1,6,1,30,6,1870,2,10,-1,-1,-1
2017450199407,2,9,0,18,0,1,0,0,0,0,1,1,6,1,76,11,3222,2,13,-1,-1,-1
2017450199494,1,9,0,18,0,8,0,0,0,0,1,1,6,2,39,7,1984,1,16,8,3,8
2017450199494,2,9,0,18,0,8,0,0,0,0,1,1,6,1,24,5,2495,2,20,-1,-1,-1
2017450199497,1,9,0,18,0,8,0,0,0,0,1,1,6,1,89,11,1998,1,14,10,3,10
2017450199501,1,9,0,2,0,1,0,0,0,0,1,1,6,2,85,11,1200,1,5,10,2,10
2017450199501,2,1,0,18,0,8,0,0,0,0,1,1,6,1,29,6,-1,-1,-1,-1,-1,-1
2017450199504,1,9,0,18,0,1,0,0,0,0,1,1,6,1,76,11,2597,1,15,9,1,9
2017450199504,2,1,0,18,0,1,0,0,0,0,1,1,6,1,39,7,-1,-1,-1,8,3,8
2017450199608,1,9,0,3,0,0,0,0,0,0,4,1,1,2,52,8,1229,1,4,-1,-1,-1
2017450199608,2,1,0,18,0,0,0,0,0,0,4,1,6,2,26,6,-1,-1,-1,-1,-1,-1
2017450199634,1,9,0,2,0,0,0,0,0,0,3,1,6,1,25,5,1968,2,6,-1,-1,-1
2017450199634,2,9,0,2,0,0,0,0,0,0,3,1,6,3,50,8,1388,1,13,-1,-1,-1
2017450199634,3,9,0,2,0,0,0,0,0,0,3,1,6,2,45,7,2199,1,24,-1,-1,-1
2017450199634,4,9,0,2,0,0,0,0,0,0,3,1,6,2,35,6,1229,1,6,-1,-1,-1
2017450199634,5,9,0,18,0,0,1,0,0,0,1,1,6,1,19,4,1598,1,13,-1,-1,-1
2017450199634,6,9,0,2,0,0,0,0,0,0,4,1,6,2,30,6,1149,1,14,-1,-1,-1
2017450199707,1,9,0,9,0,6,0,0,0,0,3,1,2,1,39,7,1596,1,13,10,1,10
2017450199707,2,9,0,18,0,8,0,0,0,0,1,1,5,1,60,9,1598,1,3,10,1,10
2017450199742,1,9,0,18,0,1,0,0,0,0,1,1,6,2,53,8,1998,1,17,3,2,3
2017450199742,2,9,0,18,0,1,0,0,0,0,1,1,6,1,43,7,1461,2,7,4,1,4
2017450199784,1,11,0,18,0,1,0,0,0,0,0,1,6,1,42,7,3900,2,14,4,1,4
2017450199784,2,1,0,18,0,1,0,0,0,0,0,1,6,3,-1,-1,-1,-1,-1,-1,-1,-1
2017450199799,1,1,0,18,0,0,0,0,0,0,0,1,6,1,19,4,-1,-1,-1,7,1,7
2017450199823,1,4,0,18,0,1,0,0,0,0,1,1,6,1,49,8,883,1,-1,4,1,4
2017450199823,2,9,0,18,0,1,0,0,0,0,1,1,6,1,39,7,1560,2,7,10,1,10
2017450199823,3,9,0,18,0,1,0,0,0,0,1,1,6,1,49,8,1968,2,5,9,3,9
2017450199823,4,9,0,18,0,1,0,0,0,0,1,1,6,1,33,6,-1,-1,-1,4,1,4
2017450199995,1,9,0,18,0,8,0,0,0,0,1,1,5,1,17,4,1597,1,9,-1,-1,-1
2017450199995,2,9,0,9,0,3,0,0,0,0,2,1,5,2,25,5,1388,1,11,-1,-1,-1
2017450200036,1,9,0,18,0,0,5,0,2,4,1,1,5,1,20,4,999,1,1,-1,-1,-1
2017450200042,1,9,0,2,0,0,0,10,0,0,1,1,6,1,71,10,1360,1,13,-1,-1,-1
2017450200042,2,9,0,4,0,0,0,0,0,0,2,1,6,1,54,8,1956,2,4,-1,-1,-1
2017450200042,3,19,0,2,0,0,0,0,0,0,2,1,6,1,40,7,1997,2,-1,-1,-1,-1
2017450200059,1,9,0,9,0,0,0,0,0,0,1,1,6,2,54,8,1596,1,16,-1,-1,-1
2017450200059,2,9,0,18,0,0,0,0,0,0,4,1,6,2,18,4,1598,1,9,-1,-1,-1
2017450200064,1,9,0,18,0,0,0,0,0,0,3,1,5,1,36,7,2979,1,13,-1,-1,-1
2017450200080,1,21,1,12,0,0,0,0,0,0,3,1,1,1,53,8,-1,-1,-1,-1,-1,-1
2017450200080,2,9,0,18,0,0,0,0,0,0,4,1,5,1,38,7,1995,2,12,-1,-1,-1
2017450200090,1,9,0,18,0,0,0,0,0,0,1,1,6,1,40,7,1796,1,3,-1,-1,-1
2017450200090,2,9,0,18,0,0,0,0,0,0,1,1,6,2,37,7,1956,2,4,-1,-1,-1
2017450200102,1,9,0,9,0,0,0,2,0,0,1,1,2,1,56,9,1968,2,8,-1,-1,-1
2017450200103,1,9,0,18,0,1,2,7,0,0,1,1,6,1,19,4,1364,1,9,-1,-1,-1
2017450200103,2,9,0,16,0,1,0,0,0,0,1,1,1,1,54,8,1798,8,4,-1,-1,-1
2017450200124,1,9,0,18,0,0,0,0,0,0,1,1,6,2,43,7,1388,1,18,-1,-1,-1
2017450200124,2,9,0,18,0,0,0,0,0,0,2,1,6,1,29,6,1596,1,13,10,1,10
2017450200124,3,9,0,18,0,0,0,0,0,0,2,1,6,1,41,7,1998,2,12,5,1,5
2017450200131,1,9,0,18,0,0,1,0,1,0,1,1,6,1,59,9,1598,1,14,-1,-1,-1
2017450200140,1,16,0,18,0,0,5,0,0,0,1,1,6,1,51,8,-1,-1,-1,-1,-1,-1
2017450200140,2,9,0,2,0,0,0,0,0,0,1,1,6,3,-1,-1,1398,1,-1,5,1,5
2017450200140,3,9,0,2,0,0,0,0,0,0,1,1,6,1,-1,-1,1560,2,-1,5,1,5
2017450200140,4,9,0,2,0,0,0,0,0,0,1,1,6,1,-1,-1,1997,2,10,-1,-1,-1
2017450200140,5,9,0,18,0,0,0,0,0,0,1,1,6,3,-1,-1,1984,1,15,10,3,10
2017450200175,1,9,0,9,0,2,0,11,8,0,1,1,6,1,80,11,1984,1,4,-1,-1,-1
2017450200175,2,1,0,18,0,1,0,0,0,0,1,1,6,1,17,4,-1,-1,-1,-1,-1,-1
2017450200175,3,9,0,-1,-1,1,-1,-1,-1,0,-1,1,6,1,48,8,998,1,9,9,1,9