Accident_Index,Vehicle_Reference,Vehicle_Type,Towing_and_Articulation,Vehicle_Manoeuvre,Vehicle_Location-Restricted_Lane,Junction_Location,Skidding_and_Overturning,Hit_Object_in_Carriageway,Vehicle_Leaving_Carriageway,Hit_Object_off_Carriageway,1st_Point_of_Impact,Was_Vehicle_Left_Hand_Drive?,Journey_Purpose_of_Driver,Sex_of_Driver,Age_of_Driver,Age_Band_of_Driver,Engine_Capacity_(CC),Propulsion_Code,Age_of_Vehicle,Driver_IMD_Decile,Driver_Home_Area_Type,Vehicle_IMD_Decile
2017450203600,2,9,0,5,0,0,0,0,0,0,1,1,6,2,17,4,1000,1,4,9,1,9
2017450203626,1,9,0,18,0,0,1,0,0,0,2,1,6,2,25,5,1999,1,9,10,1,10
2017450203626,2,9,0,18,0,0,0,0,0,0,1,1,6,1,33,6,1999,2,1,10,1,10
2017450203626,3,9,0,18,0,0,0,0,0,0,1,1,6,1,33,6,998,1,8,5,1,5
2017450203626,4,9,0,13,0,0,0,0,0,0,1,1,6,1,19,4,1596,1,7,10,1,10
2017450203637,1,9,0,18,0,0,0,0,0,0,1,1,6,1,38,7,1995,2,1,6,1,6
2017450203637,2,9,0,18,0,0,0,0,0,0,2,1,6,2,35,6,998,1,3,4,1,4
2017450203659,1,9,0,18,0,0,1,0,0,0,1,1,1,1,37,7,1896,2,11,-1,-1,-1
2017450203659,2,9,0,2,0,0,0,0,0,0,2,1,6,3,38,7,-1,-1,-1,4,1,4
2017450203664,1,21,0,18,0,0,0,0,0,0,1,1,6,3,50,8,-1,-1,-1,-1,-1,-1
2017450203664,2,9,0,18,0,0,0,0,0,0,1,1,6,1,46,8,1560,2,5,-1,-1,-1
2017450203694,1,9,0,18,0,1,0,0,0,0,1,1,6,2,42,7,647,8,2,6,3,6
2017450203694,2,9,0,18,0,1,0,0,0,0,1,1,6,1,-1,-1,1397,1,10,-1,-1,-1
2017450203700,1,9,0,18,0,0,1,0,0,0,1,1,6,1,23,5,1242,1,5,-1,-1,-1
2017450203700,2,9,0,18,0,0,1,0,0,0,2,1,5,1,36,7,1229,1,4,-1,-1,-1
2017450203700,3,9,0,18,0,0,0,0,0,0,2,1,6,1,31,6,1497,8,11,-1,-1,-1
2017450203809,1,9,0,18,0,1,0,0,0,0,0,1,6,3,50,8,-1,-1,-1,-1,-1,-1
2017450203809,2,9,0,18,0,8,0,0,0,0,1,1,6,2,55,8,1995,1,5,-1,-1,-1
2017450203832,1,9,0,18,0,1,1,0,7,0,1,1,6,2,18,4,1360,1,14,-1,-1,-1
2017450203859,1,9,0,17,0,0,1,0,0,0,1,1,6,1,25,5,1991,1,1,-1,-1,-1
2017450203879,1,9,0,3,0,1,0,0,0,0,1,1,6,2,30,6,1400,1,12,-1,-1,-1
2017450203879,2,9,0,18,0,1,0,0,0,0,1,1,6,1,32,6,1997,2,12,-1,-1,-1
2017450203898,1,9,0,5,0,0,0,0,0,0,1,1,6,2,46,8,1598,1,5,-1,-1,-1
2017450203898,2,9,0,18,0,0,0,0,0,0,1,1,6,1,83,11,999,1,-1,-1,-1,-1
2017450203979,1,19,0,7,0,4,0,0,0,0,3,1,6,1,63,9,2461,2,14,-1,-1,-1
2017450204050,1,9,0,18,0,0,0,0,0,0,1,1,6,2,26,6,1699,1,9,-1,-1,-1
2017450204050,2,19,4,18,0,0,1,0,0,0,2,1,1,1,36,7,2300,2,13,-1,-1,-1
2017450204050,3,9,0,10,0,0,0,0,0,0,2,1,6,2,21,5,1299,1,9,-1,-1,-1
2017450204106,1,19,0,18,0,0,0,0,0,0,1,1,6,3,30,6,2953,2,12,-1,-1,-1
2017450204174,1,4,0,18,0,0,0,0,0,0,1,1,6,1,45,7,998,1,14,-1,-1,-1
2017450204194,1,1,0,18,0,0,0,0,0,0,1,1,5,1,32,6,-1,-1,-1,-1,-1,-1
2017450204216,1,9,0,4,0,0,1,0,0,0,1,1,6,1,55,8,-1,-1,-1,-1,-1,-1
2017450204216,2,9,0,4,0,0,0,0,0,0,1,1,6,1,70,10,2993,2,7,-1,-1,-1
2017450204287,1,4,0,4,0,3,2,0,0,0,1,1,2,1,33,6,998,1,13,-1,-1,-1
2017450204308,1,4,0,18,0,1,5,0,0,0,3,1,6,1,39,7,645,1,9,-1,-1,-1
2017450204339,1,9,0,4,0,0,0,0,0,0,1,1,6,2,22,5,1390,1,4,10,1,10
2017450204339,2,9,0,4,0,0,0,0,0,0,2,1,6,2,28,6,1995,2,3,10,1,10
2017450204359,1,1,0,18,0,1,1,0,0,0,0,1,6,1,50,8,-1,-1,-1,9,1,9
2017450204364,1,9,0,4,0,1,0,0,0,0,1,1,6,1,22,5,1197,1,-1,3,1,3
2017450204364,2,9,0,4,0,1,0,0,0,0,2,1,6,2,49,8,1248,2,9,8,3,8
2017450204436,1,1,0,18,0,0,0,0,0,0,0,1,6,2,53,8,-1,-1,-1,5,1,5
2017450204438,1,1,0,4,0,8,1,0,0,0,1,1,6,1,39,7,-1,-1,-1,-1,-1,-1
2017450204438,2,9,0,9,0,8,0,0,0,0,4,1,5,2,55,8,1149,1,9,-1,-1,-1
2017450204487,1,1,0,4,0,0,1,0,0,0,0,1,6,1,53,8,-1,-1,-1,8,1,8
2017450204538,1,9,0,18,0,8,0,0,0,0,0,1,6,2,57,9,1598,1,11,9,3,9
2017450204550,1,9,0,6,0,8,0,0,0,0,3,1,1,1,38,7,1798,8,2,-1,-1,-1
2017450204550,2,9,0,18,0,1,1,0,0,0,1,1,6,2,59,9,1598,1,16,-1,-1,-1
2017450204560,1,9,0,18,0,0,0,0,0,0,1,1,6,2,76,11,1200,1,2,8,1,8
2017450204560,2,9,0,18,0,0,0,0,0,0,3,1,6,1,21,5,2148,2,14,5,1,5
2017450204565,1,5,0,18,0,1,0,0,0,0,0,1,6,1,76,11,885,1,13,-1,-1,-1
2017450204565,2,9,0,18,0,2,0,0,0,0,0,1,6,2,50,8,2993,2,-1,-1,-1,-1
2017450204584,1,9,0,18,0,0,0,0,1,0,3,1,1,1,88,11,1798,1,3,8,1,8
2017450204584,2,9,0,18,0,0,0,0,1,0,1,1,1,1,74,10,1798,1,13,3,1,3
2017450204603,1,1,0,18,0,0,0,0,0,0,0,1,6,2,31,6,-1,-1,-1,-1,-1,-1
2017450204603,2,9,0,18,0,0,0,0,0,0,0,1,6,3,50,8,-1,-1,-1,-1,-1,-1
2017450204604,1,5,0,18,0,3,1,0,0,0,1,1,6,1,31,6,999,1,6,4,1,4
2017450204604,2,9,0,18,0,4,0,0,0,0,1,1,6,2,51,8,1368,1,1,5,1,5
2017450204605,1,9,0,5,0,0,0,0,0,0,1,1,2,2,59,9,1560,2,6,-1,-1,-1
2017450204605,2,9,0,18,0,0,0,0,0,0,2,1,3,2,42,7,2993,2,5,-1,-1,-1
2017450204621,1,9,0,18,0,0,0,0,0,0,1,1,5,1,36,7,1461,2,5,-1,-1,-1
2017450204621,2,9,0,4,0,0,0,0,0,0,2,1,5,1,58,9,-1,-1,-1,-1,-1,-1
2017450204627,1,9,0,18,0,0,0,0,0,0,0,1,6,1,28,6,1794,1,10,-1,-1,-1
2017450204634,1,9,0,17,0,0,0,0,0,0,1,1,6,1,42,7,1984,1,18,-1,-1,-1
2017450204634,2,9,0,18,0,0,0,0,0,0,1,1,6,1,49,8,1398,1,1,-1,-1,-1
2017450204634,3,9,0,2,0,0,0,0,0,0,3,1,6,2,44,7,1600,2,5,-1,-1,-1
2017450204650,1,9,0,18,0,0,0,0,0,0,1,1,5,1,30,6,1598,1,16,-1,-1,-1
2017450204685,1,9,0,18,0,6,0,0,0,0,2,1,6,2,71,10,1248,1,7,-1,-1,-1
2017450204685,2,3,0,18,0,6,0,0,0,0,1,1,6,1,17,4,124,1,9,-1,-1,-1
2017450204704,1,19,1,1,0,0,0,0,0,0,2,1,6,1,32,6,1598,2,1,9,1,9
2017450204704,2,3,0,2,0,0,0,0,0,0,1,1,6,1,47,8,125,1,1,3,1,3
2017450204705,1,9,0,18,0,0,0,0,0,0,1,1,1,2,29,6,1995,2,5,6,3,6
2017450204705,2,9,0,2,0,0,0,0,0,0,2,1,2,2,29,6,1995,2,4,-1,-1,-1
2017450204716,1,9,0,4,0,0,0,0,0,0,2,1,6,2,36,7,1796,1,6,9,1,9
2017450204716,2,9,0,4,0,0,0,0,0,0,1,1,6,1,47,8,1749,1,16,10,1,10
2017450204791,1,9,0,18,0,8,0,0,0,0,1,1,6,1,18,4,-1,-1,-1,3,1,3
2017450204791,2,9,0,18,0,8,0,0,0,0,3,1,6,2,36,7,1598,1,4,7,1,7
2017450204806,1,4,0,18,0,8,0,0,0,0,4,1,6,1,26,6,749,1,15,5,1,5
2017450204806,2,9,0,18,0,8,0,0,0,0,4,1,6,1,38,7,1995,2,11,8,1,8
2017450204869,1,9,0,18,0,0,0,0,0,0,4,1,6,3,45,7,1998,2,10,-1,-1,-1
2017450204881,1,9,0,16,0,0,0,0,0,0,3,1,6,2,18,4,999,1,4,5,3,5
2017450204881,2,9,0,17,0,0,0,0,0,0,4,1,6,1,64,9,-1,-1,-1,-1,-1,-1
2017450204890,1,9,0,18,0,0,0,0,0,0,4,1,5,1,20,4,1599,1,9,-1,-1,-1
2017450204890,2,9,0,3,0,0,0,0,0,0,3,1,5,1,62,9,1364,1,10,-1,-1,-1
2017450204890,3,21,0,3,0,0,0,0,0,0,1,1,5,1,21,5,2402,2,8,-1,-1,-1
2017450204890,4,9,0,4,0,0,0,0,0,0,2,1,5,1,55,8,1968,2,6,-1,-1,-1
2017450204901,1,9,0,18,0,0,0,0,0,0,3,1,6,2,26,6,1598,1,6,-1,-1,-1
2017450204901,2,19,0,18,0,0,0,0,0,0,3,1,6,1,48,8,1998,2,14,-1,-1,-1
2017450204916,1,9,0,18,0,0,0,0,0,0,3,1,6,2,22,5,1198,1,14,-1,-1,-1
2017450204916,2,1,0,18,0,0,0,0,0,0,1,1,6,1,54,8,-1,-1,-1,-1,-1,-1
2017450204941,1,9,0,18,0,1,0,0,0,0,1,1,6,1,72,10,1900,2,12,-1,-1,-1
2017450204941,2,9,0,9,0,6,0,0,3,4,1,1,6,1,17,4,1984,1,8,-1,-1,-1
2017450205029,1,9,0,15,0,1,0,0,0,0,0,1,6,3,20,4,-1,-1,-1,-1,-1,-1
2017450205029,2,9,0,18,0,1,0,0,0,0,1,1,6,1,18,4,1242,1,8,-1,-1,-1
2017450205029,3,9,0,18,0,1,0,0,0,0,2,1,6,1,52,8,1598,1,19,-1,-1,-1
2017450205035,1,9,0,18,0,1,0,0,0,0,3,1,2,2,63,9,1499,1,1,-1,-1,-1
2017450205035,2,1,0,18,0,1,0,0,0,0,2,1,6,2,52,8,-1,-1,-1,-1,-1,-1
2017450205070,1,9,0,18,0,0,0,0,0,0,1,1,6,2,45,7,698,1,10,-1,-1,-1
2017450205070,2,9,0,5,0,0,0,0,0,0,1,1,6,2,35,6,1995,2,1,-1,-1,-1
2017450205296,1,1,0,18,0,0,0,0,0,0,1,1,5,1,55,8,-1,-1,-1,9,1,9
2017450205296,2,9,0,9,0,0,0,0,0,0,3,1,5,1,50,8,1248,2,13,10,2,10
2017450205304,1,9,0,18,0,0,0,0,0,0,4,1,3,1,48,8,998,1,2,6,2,6
2017450205307,1,3,0,18,0,8,1,0,0,0,1,1,6,2,39,7,124,1,19,10,3,10
2017450205307,2,97,0,18,0,8,0,0,0,0,1,1,6,2,55,8,-1,-1,-1,8,1,8
2017450205310,1,9,0,18,0,1,0,0,0,0,1,1,5,1,47,8,1360,1,14,6,1,6
2017450205311,1,19,0,18,0,0,0,0,0,0,1,1,1,1,40,7,2198,2,9,9,1,9
2017450205311,2,10,0,18,0,0,0,0,0,0,2,2,6,1,55,8,-1,-1,-1,3,3,3
2017450205315,1,9,0,18,0,0,0,0,0,0,1,1,1,1,24,5,-1,-1,-1,2,1,2
2017450205315,2,9,0,4,0,0,0,0,0,0,2,1,5,1,34,6,999,1,2,10,1,10
2017450205316,1,21,1,2,6,0,0,0,0,0,2,1,1,1,27,6,-1,-1,-1,-1,-1,-1
2017450205316,2,20,0,18,0,0,0,4,0,0,1,1,1,1,20,4,-1,-1,-1,-1,-1,-1
2017450205322,1,9,0,18,0,0,0,0,0,0,1,2,6,2,26,6,1388,1,10,10,1,10
2017450205322,2,1,0,18,0,0,0,0,0,0,1,1,6,1,32,6,-1,-1,-1,10,1,10
2017450205324,1,20,0,17,0,0,0,0,2,10,1,1,5,1,43,7,-1,-1,-1,-1,-1,-1
2017450205325,1,9,0,18,0,0,0,0,0,0,1,1,5,2,59,9,1596,1,14,7,3,7
2017450205325,2,19,0,18,0,0,0,0,0,0,2,1,1,1,26,6,2198,2,2,7,1,7
2017450205325,3,9,0,4,0,0,0,0,0,0,2,1,5,1,36,7,1400,1,10,3,1,3
2017450205327,1,9,0,4,0,0,0,0,0,0,2,1,2,2,33,6,1242,1,14,5,1,5
2017450205327,2,9,0,18,0,0,0,0,0,0,1,1,1,1,63,9,1997,2,5,2,1,2
2017450205330,1,9,0,18,0,8,0,0,0,0,1,1,6,2,61,9,2000,1,12,2,1,2
2017450205330,2,19,5,18,0,8,1,0,0,0,1,1,1,1,53,8,3920,2,9,5,1,5
2017450205334,1,19,0,6,0,3,0,0,0,0,1,1,1,1,31,6,-1,-1,-1,10,1,10
2017450205334,2,5,0,13,0,3,0,0,0,0,4,1,5,1,34,6,883,1,1,5,1,5
2017450205337,1,9,0,18,0,1,0,0,0,0,2,1,6,2,49,8,1339,1,10,5,1,5
2017450205337,2,9,0,18,0,1,0,0,0,0,1,1,6,1,-1,-1,1229,1,12,-1,-1,-1
2017450205338,1,9,0,4,0,1,0,0,0,0,1,1,5,1,38,7,1998,1,12,-1,1,-1
2017450205338,2,19,0,18,0,1,0,0,0,0,1,1,1,1,52,8,1560,2,1,4,1,4
2017450205345,1,9,0,4,0,0,0,0,0,0,1,1,5,2,22,5,1086,1,13,9,3,9
2017450205347,1,9,0,18,0,0,0,0,0,0,3,1,5,2,25,5,1598,1,3,10,1,10
2017450205347,2,9,0,18,0,0,0,0,0,0,0,1,6,3,50,8,-1,-1,-1,-1,-1,-1
2017450205353,1,9,0,3,0,0,0,0,0,0,2,1,5,2,38,7,1339,1,8,10,2,10
2017450205353,2,1,0,16,0,0,0,0,0,0,1,1,5,1,18,4,-1,-1,-1,9,3,9
2017450205354,1,9,0,18,0,8,0,0,0,0,1,1,6,1,17,4,1596,1,11,9,1,9
2017450205354,2,9,0,18,0,8,0,0,0,0,1,1,6,2,48,8,1598,1,7,6,1,6
2017450205359,1,9,0,18,0,2,0,0,0,0,4,1,5,1,58,9,2499,1,7,9,1,9
2017450205359,2,9,0,9,0,5,0,0,0,0,4,1,5,2,43,7,1995,2,1,10,2,10
2017450205360,1,4,0,18,0,8,1,0,0,0,0,1,6,1,42,7,-1,-1,-1,6,1,6
2017450205371,1,19,0,4,0,1,0,0,0,0,4,1,1,1,32,6,1868,2,12,10,2,10
2017450205371,2,1,0,18,0,1,0,0,0,0,3,1,4,1,12,3,-1,-1,-1,7,1,7
2017450205376,1,9,0,17,0,0,1,0,0,0,1,1,5,1,17,4,1390,1,12,7,1,7
2017450205376,2,9,0,18,0,0,0,0,0,0,4,1,6,3,30,6,-1,-1,-1,-1,-1,-1
2017450205382,1,9,0,5,0,6,0,0,0,0,1,1,5,2,52,8,1339,1,8,10,1,10
2017450205382,2,9,0,18,0,1,0,0,0,0,1,1,5,1,41,7,1596,1,17,7,1,7
2017450205389,1,9,0,4,0,8,0,0,0,0,1,1,5,2,65,9,1395,1,1,10,1,10
2017450205389,2,9,0,18,0,8,0,0,0,0,2,1,5,1,26,6,1364,1,11,-1,-1,-1
2017450205393,1,4,0,5,0,8,0,9,0,0,4,1,5,1,78,11,249,1,36,10,1,10
2017450205394,1,19,0,1,0,8,0,0,0,0,2,1,1,1,50,8,2287,2,5,-1,-1,-1
2017450205401,1,9,0,18,0,0,0,0,0,0,2,1,6,2,33,6,1598,1,10,10,1,10
2017450205401,2,9,0,18,0,0,0,0,0,0,2,1,6,2,41,7,1598,2,1,1,1,1
2017450205401,3,9,0,18,0,0,0,0,0,0,1,1,6,1,36,7,2967,2,4,7,1,7
2017450205404,1,9,0,3,0,0,0,0,0,0,2,1,6,1,81,11,1598,1,10,9,1,9
2017450205404,2,9,0,18,0,0,0,0,0,0,1,1,6,2,24,5,1198,1,10,10,1,10
2017450205534,1,9,0,18,0,1,0,0,0,0,1,1,1,1,39,7,1397,1,15,5,1,5
2017450205534,2,9,0,18,0,1,0,0,0,0,3,1,2,1,50,8,2143,2,6,9,1,9
2017450205541,1,21,1,18,0,8,5,5,0,0,1,1,1,1,50,8,12740,2,3,-1,-1,-1
2017450205566,1,9,0,18,0,0,0,0,0,0,1,1,1,1,31,6,2143,2,4,-1,-1,-1
2017450205566,2,9,0,4,0,0,0,0,0,0,2,1,2,1,43,7,1395,1,2,-1,-1,-1
2017450205566,3,9,0,4,0,0,0,0,0,0,2,1,6,1,77,11,1796,1,12,-1,-1,-1
2017450205571,1,9,0,5,0,1,0,0,0,0,1,1,5,2,46,8,1461,2,2,-1,-1,-1
2017450205571,2,9,0,18,0,8,0,0,0,0,1,1,2,2,38,7,1396,1,8,-1,-1,-1
2017450205574,1,9,0,13,0,0,0,0,0,0,1,1,2,1,27,6,1242,1,11,3,1,3
2017450205574,2,9,0,18,0,0,0,0,0,0,1,1,6,2,24,5,998,1,1,7,2,7
2017450205574,3,9,0,18,0,0,0,0,0,0,0,1,6,1,53,8,1560,2,6,8,1,8
2017450205583,1,9,0,18,0,8,0,0,0,0,1,1,6,2,44,7,2993,2,7,-1,-1,-1
2017450205583,2,9,0,18,0,8,0,0,0,0,1,1,6,1,51,8,1598,1,7,-1,-1,-1
2017450205595,1,4,0,9,0,0,1,0,0,0,1,1,6,1,36,7,847,1,3,-1,-1,-1
2017450205595,2,9,0,9,0,0,0,0,0,0,1,1,6,1,45,7,1395,1,4,-1,-1,-1
2017450205606,1,9,0,5,0,1,0,0,0,0,4,1,6,2,30,6,-1,-1,-1,-1,-1,-1
2017450205606,2,9,0,15,0,1,0,0,0,0,1,1,2,2,36,7,1685,2,1,-1,-1,-1
2017450205606,3,9,0,3,0,1,0,0,0,0,0,1,2,2,43,7,1796,1,8,-1,-1,-1
2017450205632,1,9,0,18,0,0,0,0,0,0,0,1,6,3,55,8,-1,-1,-1,-1,-1,-1
2017450205632,2,9,0,18,0,0,0,0,0,0,4,1,6,2,30,6,1388,1,8,-1,-1,-1
2017450205632,3,9,0,18,0,0,0,0,0,0,3,1,6,1,38,7,1995,2,8,-1,-1,-1
2017450205652,1,20,0,18,0,0,0,0,1,0,3,1,1,2,44,7,-1,-1,-1,10,1,10
2017450205652,2,20,0,14,0,0,0,0,0,0,0,1,2,1,39,7,-1,-1,-1,9,1,9
2017450205655,1,9,0,2,0,0,0,0,0,0,2,1,6,1,36,7,-1,-1,-1,-1,-1,-1
2017450205655,2,9,0,18,0,0,0,4,0,0,1,1,1,2,44,7,2962,1,18,-1,-1,-1
2017450205666,1,9,0,18,0,1,1,0,0,0,4,1,6,1,19,4,1242,1,9,-1,-1,-1
2017450205681,1,9,0,2,0,2,0,0,0,0,4,1,1,1,47,8,1796,2,5,5,1,5
2017450205681,2,9,0,18,0,2,0,0,0,0,3,1,6,3,33,6,-1,-1,-1,-1,-1,-1
2017450205683,1,9,0,18,0,0,0,0,0,0,1,1,6,1,37,7,2993,2,3,9,3,9
2017450205683,2,9,0,9,0,0,0,0,0,0,1,1,1,1,61,9,1995,2,9,-1,-1,-1
2017450205689,1,9,0,17,0,0,1,0,7,0,1,1,6,1,60,9,2993,2,7,-1,-1,-1
2017450205907,1,9,0,18,0,0,0,0,0,0,2,1,6,2,20,4,1461,2,2,10,1,10
2017450205907,2,9,0,18,0,0,0,0,0,0,1,1,6,3,-1,-1,-1,-1,-1,-1,-1,-1
2017450205956,1,9,0,4,0,0,0,0,0,0,2,1,5,2,59,9,1364,1,11,-1,-1,-1
2017450205956,2,9,0,4,0,0,0,0,0,0,2,1,5,2,41,7,1587,1,13,-1,-1,-1
2017450205956,3,9,0,18,0,0,0,0,0,0,1,1,6,1,40,7,1986,2,10,-1,-1,-1
2017450206005,1,9,0,18,0,8,0,0,0,0,1,1,1,1,31,6,1998,1,17,-1,-1,-1
2017450206005,2,9,0,3,0,2,0,0,0,0,2,1,6,1,56,9,2987,2,1,-1,-1,-1
2017450206040,1,1,0,18,0,0,0,0,0,0,1,1,6,1,17,4,-1,-1,-1,-1,-1,-1
2017450206040,2,9,0,18,0,0,0,0,0,0,4,1,6,1,-1,-1,1360,1,15,-1,-1,-1
2017450206051,1,9,0,3,0,1,0,0,0,0,0,1,2,1,34,6,1388,1,6,-1,-1,-1
2017450206051,2,3,0,4,0,1,2,0,0,0,1,1,2,1,22,5,125,1,3,-1,-1,-1
2017450206056,1,9,0,17,0,1,0,0,0,0,1,1,6,2,39,7,2460,2,13,-1,-1,-1
2017450206056,2,9,0,16,0,1,0,0,0,0,1,1,6,2,58,9,3200,2,11,-1,-1,-1
2017450206071,1,9,0,18,0,0,0,0,0,0,1,1,5,1,40,7,1149,1,16,-1,-1,-1
2017450206071,2,9,0,4,0,0,0,0,0,0,2,1,5,1,49,8,-1,-1,-1,-1,-1,-1
2017450206087,1,9,0,18,0,1,0,0,0,0,2,1,6,1,50,8,2436,1,18,-1,-1,-1
2017450206087,2,19,0,18,0,1,0,0,0,0,1,1,6,3,35,6,-1,-1,-1,-1,-1,-1
2017450206113,1,9,0,18,0,0,0,0,0,0,1,1,1,1,46,8,2494,2,10,-1,-1,-1
2017450206180,1,9,0,9,0,2,0,0,0,0,1,1,1,2,19,4,1086,1,8,-1,-1,-1
2017450206180,2,9,0,18,0,8,0,0,0,0,1,1,5,2,62,9,-1,-1,-1,-1,-1,-1
2017450206339,1,1,0,18,0,1,0,0,0,0,1,1,6,1,40,7,-1,-1,-1,10,1,10
2017450206339,2,90,0,18,0,6,0,0,0,0,1,1,1,1,56,9,2298,2,2,6,1,6
2017450206349,1,9,0,4,0,1,0,0,0,0,1,1,6,2,36,7,-1,-1,-1,-1,-1,-1
2017450206393,1,9,0,2,9,0,0,0,0,0,3,1,6,1,18,4,1560,2,9,-1,-1,-1
2017450206393,2,9,0,18,0,0,0,0,0,0,4,1,6,3,30,6,-1,-1,-1,-1,-1,-1
2017450206398,1,9,0,18,0,3,0,0,0,0,1,1,6,1,69,10,996,1,4,-1,-1,-1
2017450206398,2,1,0,18,0,3,5,0,0,0,1,1,6,2,35,6,-1,-1,-1,-1,-1,-1
2017450206449,1,9,0,5,0,8,0,0,0,0,3,1,1,2,19,4,1149,1,10,-1,-1,-1
2017450206449,2,9,0,18,0,1,0,0,0,0,1,1,6,2,78,11,999,1,2,-1,-1,-1
2017450206463,1,9,0,9,0,0,1,0,1,0,3,1,6,1,19,4,1390,1,11,3,1,3
2017450206463,2,9,0,18,0,0,0,0,0,0,1,1,6,1,31,6,1598,1,15,10,1,10
2017450206483,1,9,0,18,0,1,0,0,0,0,1,1,6,1,23,5,1896,2,10,9,1,9
2017450206483,2,9,0,18,0,1,0,0,0,0,4,1,1,1,44,7,2993,2,4,-1,-1,-1
2017450206483,3,9,0,18,0,1,0,0,0,0,1,1,1,1,30,6,2993,2,1,-1,-1,-1
2017450206492,1,9,0,17,0,8,0,0,1,0,1,1,5,1,42,7,1796,1,5,4,1,4
2017450206495,1,21,0,4,0,8,0,0,0,0,1,1,1,1,61,9,-1,-1,-1,-1,-1,-1
2017450206495,2,9,0,18,0,8,0,0,0,0,1,1,5,1,56,9,-1,-1,-1,-1,-1,-1
2017450206495,3,9,0,18,0,8,0,0,0,0,1,1,5,2,21,5,998,1,1,-1,-1,-1
2017450206503,1,9,0,18,0,1,0,0,0,0,1,1,6,1,27,6,1596,1,12,-1,-1,-1
2017450206510,1,9,0,17,0,1,0,0,0,0,1,1,1,2,29,6,1995,2,3,-1,-1,-1
2017450206510,2,19,0,16,0,1,0,0,0,0,1,1,6,1,68,10,1753,2,12,-1,-1,-1
2017450206534,1,4,0,3,0,8,0,0,0,0,4,1,2,1,43,7,798,1,9,10,3,10
2017450206534,2,9,0,4,0,8,0,0,0,0,2,1,1,1,56,9,1798,8,1,-1,-1,-1
2017450206534,3,9,0,18,0,1,0,0,0,0,0,1,1,1,54,8,1686,2,7,-1,-1,-1
2017450206551,1,9,0,18,0,0,0,0,0,0,1,1,6,1,75,10,1956,2,6,-1,-1,-1
2017450206551,2,9,0,18,0,0,0,0,0,0,1,1,6,2,71,10,-1,-1,-1,8,3,8
2017450206559,1,9,0,3,0,1,0,0,0,0,1,1,6,2,19,4,1242,1,9,7,1,7
2017450206559,2,9,0,3,0,1,0,0,0,0,2,1,6,1,66,10,1998,1,13,-1,-1,-1
2017450206559,3,9,0,10,0,1,0,0,0,0,2,1,6,2,50,8,1397,1,9,9,1,9
2017450206570,1,11,0,5,0,1,0,0,0,0,1,1,1,1,27,6,4249,2,3,-1,-1,-1
2017450206570,2,9,0,9,0,1,0,0,0,0,2,1,6,2,33,6,1590,1,14,-1,-1,-1
2017450206577,1,9,0,18,0,0,0,0,0,0,1,1,6,2,19,4,998,1,1,10,1,10
2017450206577,2,9,0,18,0,0,0,0,0,0,1,1,6,1,28,6,-1,-1,-1,3,1,3
2017450206587,1,9,0,4,0,0,0,0,0,0,1,1,2,1,32,6,1242,1,8,-1,-1,-1
2017450206587,2,9,0,3,0,0,0,0,0,0,2,1,2,2,37,7,-1,-1,-1,-1,-1,-1
2017450206599,1,9,0,18,0,0,1,7,5,0,1,1,6,1,25,5,1390,1,5,9,1,9
2017450206599,2,9,0,18,0,0,0,0,0,0,2,1,6,1,57,9,2776,2,11,-1,-1,-1
2017450206599,3,9,0,18,0,0,0,0,0,0,3,1,6,1,-1,-1,1499,2,-1,-1,-1,-1
2017450206619,1,3,0,18,0,1,0,0,0,0,1,1,6,1,19,4,124,1,1,-1,-1,-1
2017450206675,1,9,0,9,0,0,1,0,2,0,1,1,1,2,26,6,1360,1,11,-1,-1,-1
2017450206685,1,21,1,12,0,0,0,0,0,0,3,1,1,1,37,7,-1,-1,-1,-1,-1,-1
2017450206685,2,9,0,18,0,0,1,0,0,0,4,1,1,2,51,8,1339,1,11,-1,-1,-1
2017450206691,1,9,0,18,0,1,0,7,0,0,1,1,6,2,41,7,1600,1,17,-1,-1,-1
2017450206702,1,9,0,2,0,0,0,0,0,0,2,1,1,2,24,5,1686,2,3,-1,-1,-1
2017450206702,2,9,0,18,0,0,0,0,0,0,1,1,1,1,49,8,-1,-1,-1,-1,-1,-1
2017450206820,1,1,0,18,0,0,0,0,0,0,4,1,6,1,73,10,-1,-1,-1,-1,-1,-1
2017450206833,1,9,0,18,0,0,0,0,0,0,1,1,6,2,37,7,1995,1,7,-1,-1,-1
2017450206833,2,9,0,4,0,0,0,0,0,0,2,1,6,1,45,7,2987,2,1,-1,-1,-1
2017450206853,1,1,0,4,0,0,1,0,0,0,0,1,5,1,46,8,-1,-1,-1,-1,-1,-1
2017450206858,1,3,0,16,0,0,0,0,1,4,3,1,6,1,20,4,124,1,6,-1,-1,-1
2017450206868,1,4,0,15,0,0,1,0,0,0,3,1,2,1,44,7,599,1,13,-1,-1,-1
2017450206870,1,5,0,18,0,0,0,0,0,0,3,1,2,1,54,8,750,1,19,9,1,9
2017450206870,2,9,0,18,0,0,0,0,0,0,4,1,6,2,19,4,1149,1,13,9,1,9
2017450206900,1,9,0,5,0,1,0,0,0,0,1,1,5,1,34,6,1596,1,16,-1,-1,-1
2017450206900,2,3,0,18,0,2,2,0,0,0,3,1,1,1,33,6,125,1,3,-1,-1,-1