Accident_Index,Vehicle_Reference,Vehicle_Type,Towing_and_Articulation,Vehicle_Manoeuvre,Vehicle_Location-Restricted_Lane,Junction_Location,Skidding_and_Overturning,Hit_Object_in_Carriageway,Vehicle_Leaving_Carriageway,Hit_Object_off_Carriageway,1st_Point_of_Impact,Was_Vehicle_Left_Hand_Drive?,Journey_Purpose_of_Driver,Sex_of_Driver,Age_of_Driver,Age_Band_of_Driver,Engine_Capacity_(CC),Propulsion_Code,Age_of_Vehicle,Driver_IMD_Decile,Driver_Home_Area_Type,Vehicle_IMD_Decile
2017450209427,1,9,0,18,0,0,0,0,0,0,1,1,6,1,27,6,1399,2,10,-1,-1,-1
2017450209427,2,9,0,4,0,0,0,0,0,0,2,1,6,2,59,9,998,1,1,-1,-1,-1
2017450209427,3,9,0,4,0,0,0,0,0,0,2,1,6,1,54,8,1598,1,9,-1,-1,-1
2017450209440,1,9,0,3,0,0,0,0,0,0,2,1,6,1,35,6,5000,1,7,-1,-1,-1
2017450209440,2,9,0,5,0,0,0,0,0,0,1,1,6,1,49,8,1995,2,-1,-1,-1,-1
2017450209440,3,9,0,3,0,0,0,0,0,0,2,1,6,1,67,10,998,1,4,-1,-1,-1
2017450209444,1,5,0,16,0,1,2,0,0,0,1,1,5,1,55,8,649,1,3,-1,-1,-1
2017450209446,1,3,0,5,0,4,0,0,0,0,0,1,1,1,23,5,125,1,5,4,1,4
2017450209446,2,9,0,5,0,4,0,0,0,0,4,1,6,1,71,10,1396,1,14,5,1,5
2017450209450,1,9,0,18,0,0,0,0,0,0,1,1,6,1,69,10,1318,1,1,-1,-1,-1
2017450209450,2,9,0,18,0,0,0,0,1,0,0,1,6,1,71,10,2435,1,11,-1,-1,-1
2017450209514,1,9,0,5,0,1,0,0,0,0,1,1,5,1,48,8,1685,2,4,-1,-1,-1
2017450209514,2,1,0,18,0,1,0,0,0,0,4,1,5,1,52,8,-1,-1,-1,-1,-1,-1
2017450209530,1,9,0,5,0,8,0,0,0,0,1,1,6,1,44,7,2179,2,5,10,1,10
2017450209530,2,9,0,18,0,8,0,0,0,0,3,1,1,1,29,6,1582,2,2,-1,-1,-1
2017450209531,1,9,0,18,0,1,0,0,0,0,1,1,6,3,42,7,-1,-1,-1,-1,-1,-1
2017450209549,1,9,0,17,0,0,0,0,0,0,3,1,6,1,33,6,1796,1,12,-1,-1,-1
2017450209549,2,9,0,18,0,0,0,0,0,0,4,1,5,3,-1,-1,-1,-1,-1,-1,-1,-1
2017450209574,1,1,0,17,0,0,5,10,1,0,1,1,6,1,49,8,-1,-1,-1,-1,-1,-1
2017450209578,1,9,0,18,0,8,0,0,0,0,3,1,6,1,19,4,1198,1,11,-1,-1,-1
2017450209578,2,9,0,18,0,1,1,0,0,0,1,1,6,1,17,4,998,1,3,-1,-1,-1
2017450209585,1,9,0,16,0,0,2,0,1,0,1,1,1,1,36,7,1997,2,7,-1,-1,-1
2017450209609,1,9,0,3,0,0,0,0,0,0,2,1,2,1,33,6,1781,1,15,-1,-1,-1
2017450209609,2,9,0,3,0,0,0,0,0,0,1,1,6,1,38,7,3628,2,9,-1,-1,-1
2017450209624,1,9,0,18,0,0,0,0,0,0,4,1,5,1,22,5,1461,2,14,-1,-1,-1
2017450209645,1,9,0,18,0,1,1,0,0,0,1,1,6,2,20,4,1461,2,3,-1,-1,-1
2017450209645,2,21,0,18,0,8,0,0,0,0,0,1,6,1,31,6,-1,-1,-1,-1,-1,-1
2017450209645,3,9,0,18,0,2,0,0,0,0,1,1,6,2,68,10,1968,2,3,-1,-1,-1
2017450209645,4,9,0,3,0,8,0,0,0,0,3,1,6,2,51,8,2143,2,6,-1,-1,-1
2017450209661,1,3,0,18,0,0,0,0,0,0,0,1,6,1,27,6,-1,-1,-1,-1,-1,-1
2017450209663,1,21,0,18,0,0,1,0,0,0,1,1,6,2,23,5,-1,-1,-1,-1,-1,-1
2017450209663,2,21,0,18,0,0,0,0,0,0,1,1,6,1,53,8,-1,-1,-1,-1,-1,-1
2017450209663,3,9,0,4,0,0,0,0,0,0,0,1,6,1,50,8,1968,2,2,-1,-1,-1
2017450209666,1,9,0,18,0,0,0,0,0,0,4,1,2,2,32,6,1198,1,11,-1,-1,-1
2017450209666,2,21,0,18,0,0,0,0,0,0,1,1,6,1,50,8,-1,-1,-1,-1,-1,-1
2017450210026,1,19,0,4,0,0,0,4,1,0,1,1,1,1,45,7,2198,2,-1,4,1,4
2017450210026,2,9,0,3,0,0,0,0,0,0,1,1,6,2,66,10,1998,1,1,8,1,8
2017450210026,3,9,0,2,0,0,0,4,0,0,3,1,5,1,33,6,1242,1,2,6,1,6
2017450210026,4,9,0,2,0,0,0,4,0,0,4,1,5,2,29,6,1798,1,15,6,1,6
2017450210026,5,9,0,3,0,0,0,0,0,0,1,1,6,1,28,6,998,1,1,10,1,10
2017450210026,6,20,0,18,0,0,0,0,0,0,0,1,1,2,30,6,-1,-1,-1,-1,-1,-1
2017450210031,1,9,0,16,0,0,2,0,1,3,1,1,2,1,25,5,1299,1,15,-1,-1,-1
2017450210059,1,9,0,18,0,0,0,0,1,0,3,1,6,1,-1,-1,1598,2,7,-1,-1,-1
2017450210059,2,21,0,18,0,0,0,0,1,0,3,1,1,1,66,10,12900,2,6,-1,-1,-1
2017450210070,1,9,0,18,0,0,0,0,0,0,3,1,5,1,18,4,1968,2,5,2,1,2
2017450210070,2,9,0,18,0,0,0,0,0,0,1,1,1,1,38,7,2993,2,3,-1,-1,-1
2017450210070,3,9,0,18,0,0,0,0,0,0,2,1,1,1,41,7,2993,2,1,-1,-1,-1
2017450210070,4,9,0,18,0,0,0,0,0,0,0,1,1,1,33,6,2993,2,2,-1,-1,-1
2017450210082,1,9,0,18,0,1,0,0,0,0,1,1,6,1,82,11,1248,2,2,-1,-1,-1
2017450210082,2,9,0,10,0,1,0,0,0,0,0,1,6,1,71,10,-1,-1,-1,-1,-1,-1
2017450210106,1,9,0,18,0,1,2,0,0,0,1,1,2,2,37,7,1461,2,8,-1,-1,-1
2017450210110,1,9,0,18,0,0,0,0,0,0,1,1,1,2,60,9,1399,2,8,-1,-1,-1
2017450210117,1,9,0,7,0,0,0,0,0,0,1,1,6,2,47,8,1242,1,8,-1,-1,-1
2017450210117,2,1,0,18,0,0,0,0,0,0,1,1,6,1,10,2,-1,-1,-1,-1,-1,-1
2017450210122,1,1,0,18,0,0,0,0,0,0,0,1,6,1,61,9,-1,-1,-1,-1,-1,-1
2017450210123,1,9,0,18,0,0,0,0,0,0,4,1,6,1,20,4,1390,1,19,-1,-1,-1
2017450210123,2,9,0,18,0,0,0,0,0,0,3,1,6,1,40,7,1997,2,6,-1,-1,-1
2017450210139,1,9,0,3,0,0,0,0,0,0,2,1,6,1,56,9,1197,1,3,-1,-1,-1
2017450210139,2,9,0,4,0,0,0,0,0,0,1,1,6,2,18,4,1360,1,15,-1,-1,-1
2017450210141,1,9,0,18,0,0,0,0,0,0,1,1,5,2,30,6,1968,2,3,-1,-1,-1
2017450210146,1,1,0,18,0,0,0,0,1,0,1,1,6,1,77,11,-1,-1,-1,-1,-1,-1
2017450210160,1,9,0,18,0,0,1,0,0,0,1,1,2,2,21,5,1595,1,10,-1,-1,-1
2017450210163,1,1,0,4,0,0,1,0,0,0,4,1,6,1,14,3,-1,-1,-1,-1,-1,-1
2017450210248,1,4,0,17,0,0,1,0,1,0,0,1,5,1,33,6,675,1,1,-1,-1,-1
2017450210254,1,9,0,9,0,0,0,0,0,0,1,1,6,1,36,7,1587,1,12,-1,-1,-1
2017450210254,2,9,0,18,0,0,0,0,0,0,1,1,6,1,29,6,2993,2,12,2,1,2
2017450210307,1,9,0,2,0,0,0,0,0,0,3,1,6,2,35,6,1895,1,17,-1,-1,-1
2017450210307,2,9,0,18,0,0,0,8,0,0,1,1,6,3,30,6,-1,-1,-1,-1,-1,-1
2017450210311,1,9,0,18,0,8,0,0,0,0,3,1,2,2,40,7,1997,2,15,-1,-1,-1
2017450210311,2,9,0,9,0,8,0,0,0,0,1,1,1,1,61,9,1997,2,6,-1,-1,-1
2017450210422,1,9,0,9,0,6,0,0,0,0,1,1,6,2,64,9,1968,2,8,-1,-1,-1
2017450210429,1,21,0,18,0,0,0,0,0,0,0,1,6,1,41,7,-1,-1,-1,7,2,7
2017450210429,2,9,0,3,0,0,0,0,0,0,2,1,6,1,39,7,1998,1,1,-1,-1,-1
2017450210436,1,9,0,18,0,6,0,0,6,0,1,1,6,1,36,7,1753,2,12,8,1,8
2017450210436,2,9,0,2,0,2,0,0,0,0,3,1,5,2,49,8,1398,1,4,-1,-1,-1
2017450210436,3,9,0,2,0,2,0,0,0,0,4,1,5,1,29,6,1798,8,-1,-1,-1,-1
2017450210455,1,9,0,9,0,2,0,0,0,0,4,1,2,2,50,8,1242,1,7,-1,-1,-1
2017450210458,1,21,1,12,0,0,0,0,0,0,1,1,1,1,38,7,12902,2,-1,-1,-1,-1
2017450210458,2,9,0,18,0,0,1,0,0,0,2,1,6,2,28,6,1199,1,13,-1,-1,-1
2017450210458,3,9,0,18,0,0,5,0,0,0,1,1,6,2,30,6,1560,2,4,-1,-1,-1
2017450210458,4,9,0,18,0,0,0,0,0,0,1,1,6,1,51,8,1999,2,2,-1,-1,-1
2017450210464,1,9,0,18,0,0,0,0,0,0,1,1,2,1,56,9,1997,2,15,-1,-1,-1
2017450210464,2,9,0,18,0,0,0,0,0,0,2,1,6,1,39,7,998,1,-1,-1,-1,-1
2017450210473,1,9,0,18,0,1,0,0,0,0,3,1,5,1,33,6,1998,1,-1,-1,-1,-1
2017450210473,2,9,0,18,0,1,0,0,0,0,4,1,6,2,41,7,1396,1,14,8,1,8
2017450210494,1,3,0,18,0,0,1,0,2,0,1,1,2,1,46,8,125,1,3,-1,-1,-1
2017450210499,1,9,0,9,0,6,0,0,0,0,1,1,6,1,46,8,1329,1,8,-1,-1,-1
2017450210499,2,5,0,10,0,8,0,0,0,0,3,1,2,1,49,8,1050,1,3,-1,-1,-1
2017450210521,1,9,0,7,0,2,1,0,1,10,1,1,1,2,20,4,1598,1,11,-1,-1,-1
2017450210529,1,9,0,18,0,0,0,0,0,0,1,1,6,1,52,8,1997,2,8,-1,-1,-1
2017450210529,2,1,0,18,0,0,0,0,0,0,2,1,6,3,-1,-1,-1,-1,-1,-1,-1,-1
2017450210529,3,9,0,18,0,0,0,0,0,0,2,1,6,1,52,8,2143,2,4,-1,-1,-1
2017450210622,1,9,0,4,0,8,1,0,1,0,0,1,6,1,21,5,1197,1,1,-1,-1,-1
2017450210622,2,19,0,18,0,8,0,0,1,0,1,1,6,1,50,8,-1,-1,-1,-1,-1,-1
2017450210689,1,9,0,12,0,0,5,0,0,0,1,1,6,2,65,9,1587,1,11,-1,-1,-1
2017450210689,2,9,0,18,0,0,0,0,0,0,4,1,6,1,45,7,2993,2,2,-1,-1,-1
2017450210706,1,9,0,4,0,0,0,0,0,0,1,1,6,2,35,6,2400,2,4,-1,-1,-1
2017450210706,2,9,0,3,0,0,0,0,0,0,2,1,6,1,45,7,-1,-1,-1,-1,-1,-1
2017450210731,1,9,0,18,0,0,1,0,1,0,4,1,6,1,38,7,1598,1,11,-1,-1,-1
2017450210731,2,19,0,18,0,0,0,0,0,0,3,1,6,3,50,8,-1,-1,-1,-1,-1,-1
2017450210863,1,9,0,18,0,0,1,0,0,0,2,1,6,2,26,6,-1,-1,-1,-1,-1,-1
2017450210863,2,9,0,7,0,0,0,0,1,0,0,1,6,1,26,6,1124,1,15,-1,-1,-1
2017450210909,1,9,0,18,0,0,0,0,0,0,1,1,1,1,40,7,-1,-1,-1,-1,-1,-1
2017450210909,2,9,0,5,0,0,0,0,0,0,1,1,1,2,48,8,1198,1,9,-1,-1,-1
2017450210975,1,9,0,18,0,0,1,0,4,6,2,1,2,1,20,4,1995,2,3,-1,-1,-1
2017450210986,1,9,0,18,0,0,0,0,0,0,4,1,6,2,32,6,1598,1,10,-1,-1,-1
2017450211259,1,9,0,9,0,2,0,0,0,0,1,1,6,1,44,7,1686,2,3,-1,-1,-1
2017450211259,2,5,0,18,0,1,1,0,0,0,1,1,2,1,47,8,1050,1,9,-1,-1,-1
2017450211265,1,3,0,9,0,8,2,0,0,0,1,1,2,1,34,6,125,1,2,-1,-1,-1
2017450211265,2,9,0,9,0,4,0,0,0,0,1,1,5,1,26,6,1598,1,6,-1,-1,-1
2017450211274,1,9,0,18,0,2,0,0,0,0,1,1,5,1,43,7,1598,1,15,-1,-1,-1
2017450211274,2,9,0,18,0,1,0,0,0,0,1,1,2,1,23,5,1499,1,1,-1,-1,-1
2017450211283,1,9,0,7,0,1,0,0,8,0,3,1,1,1,27,6,1998,1,17,-1,-1,-1
2017450211283,2,9,0,18,0,8,0,0,0,0,1,1,6,2,57,9,1598,1,8,7,3,7
2017450211302,1,21,0,13,0,1,0,0,0,0,3,1,1,1,46,8,10800,2,3,-1,-1,-1
2017450211302,2,9,0,18,0,1,0,0,0,0,1,1,6,2,47,8,1499,2,1,-1,-1,-1
2017450211302,3,21,0,18,0,1,0,0,0,0,2,1,1,1,30,6,12902,2,4,-1,-1,-1
2017450211303,1,9,0,16,0,0,2,0,7,0,1,1,6,2,24,5,1995,2,12,-1,-1,-1
2017450211303,2,9,0,18,0,0,0,0,0,0,0,1,1,1,49,8,2993,2,2,-1,-1,-1
2017450211303,3,9,0,16,0,0,0,0,0,0,0,1,1,1,42,7,2993,2,1,-1,-1,-1
2017450211316,1,9,0,9,0,4,0,0,0,0,4,1,5,2,18,4,998,1,3,-1,-1,-1
2017450211316,2,9,0,18,0,4,0,0,0,0,1,1,5,2,73,10,1560,2,3,-1,-1,-1
2017450211330,1,9,0,18,0,0,0,0,0,0,1,1,5,1,26,6,1339,1,9,-1,-1,-1
2017450211331,1,1,0,18,0,1,0,0,0,0,1,1,5,1,16,4,-1,-1,-1,-1,-1,-1
2017450211331,2,9,0,5,0,1,0,0,0,0,4,1,5,2,44,7,1968,2,7,-1,-1,-1
2017450211335,1,9,0,5,0,1,0,0,0,0,1,1,6,1,83,11,3189,1,14,-1,-1,-1
2017450211338,1,9,0,18,0,0,0,0,0,0,2,1,6,2,47,8,1998,1,1,-1,-1,-1
2017450211338,2,9,0,18,0,0,0,0,0,0,1,1,6,1,46,8,3222,2,12,-1,-1,-1
2017450211362,1,9,0,18,0,0,0,0,0,0,1,1,1,1,27,6,1599,1,14,-1,-1,-1
2017450211362,2,9,0,4,0,0,0,0,0,0,2,1,1,1,47,8,1560,2,4,-1,-1,-1
2017450211405,1,4,0,18,0,0,0,0,0,0,1,1,6,1,40,7,645,1,3,-1,-1,-1
2017450211405,2,19,0,4,0,0,0,0,0,0,2,1,1,1,58,9,2198,2,5,-1,-1,-1
2017450211479,1,9,0,18,0,0,0,0,0,0,0,1,6,3,50,8,-1,-1,-1,-1,-1,-1
2017450211479,2,9,0,7,0,0,2,0,1,0,3,1,2,2,38,7,1386,1,12,-1,-1,-1
2017450211691,1,9,0,18,0,0,0,4,1,0,1,1,5,2,70,10,1242,1,13,-1,-1,-1
2017450211691,2,9,0,2,0,0,0,4,0,0,1,1,6,1,62,9,2987,2,5,-1,-1,-1
2017450211691,3,9,0,2,0,0,0,0,0,0,4,1,6,1,34,6,1995,2,2,-1,-1,-1
2017450211696,1,9,0,18,0,1,0,0,0,0,2,1,6,1,49,8,1753,2,17,-1,-1,-1
2017450211696,2,9,0,18,0,1,0,0,0,0,1,1,6,1,29,6,1956,2,3,-1,-1,-1
2017450211715,1,9,0,13,0,1,0,0,3,0,1,1,1,1,34,6,1560,2,5,-1,-1,-1
2017450211715,2,9,0,9,0,1,0,0,0,0,3,1,6,2,39,7,1984,1,3,10,1,10
2017450211724,1,9,0,9,0,5,0,0,0,0,3,1,2,1,48,8,1995,2,3,-1,-1,-1
2017450211724,2,5,0,9,0,8,0,0,0,0,4,1,2,1,57,9,942,1,7,-1,-1,-1
2017450211733,1,9,0,4,0,1,0,0,0,0,1,1,1,1,29,6,1798,8,4,-1,-1,-1
2017450211733,2,1,0,4,0,1,1,0,0,0,1,1,5,1,27,6,-1,-1,-1,-1,-1,-1
2017450211737,1,9,0,13,0,0,5,0,7,0,0,1,6,2,53,8,1242,1,1,-1,-1,-1
2017450211737,2,9,0,18,0,0,0,0,0,0,0,1,5,2,35,6,1968,2,10,-1,-1,-1
2017450211756,1,9,0,18,0,1,0,0,0,0,2,1,6,2,83,11,1598,2,6,-1,-1,-1
2017450211756,2,5,0,18,0,1,0,0,0,0,1,1,6,1,54,8,599,1,8,-1,-1,-1
2017450211769,1,9,0,10,0,0,0,0,0,0,2,1,6,2,36,7,1242,1,11,-1,-1,-1
2017450211769,2,3,0,18,0,0,0,0,0,0,1,1,6,1,20,4,124,1,14,-1,-1,-1
2017450211804,1,9,0,18,0,0,0,0,0,0,0,1,6,3,-1,-1,-1,-1,-1,-1,-1,-1
2017450211877,1,5,0,11,0,0,0,0,0,0,4,1,2,1,24,5,1170,1,9,-1,-1,-1
2017450211877,2,19,4,5,0,0,0,0,0,0,2,1,1,1,37,7,2287,2,3,-1,-1,-1
2017450211877,3,11,0,5,0,0,0,0,0,0,1,1,1,2,39,7,4500,2,9,-1,-1,-1
2017450211939,1,9,0,3,0,0,0,0,0,0,2,1,2,2,51,8,1839,1,13,-1,-1,-1
2017450211939,2,9,0,18,0,0,0,0,0,0,2,1,6,1,19,4,999,1,2,-1,-1,-1
2017450211939,3,9,0,18,0,0,0,0,0,0,1,1,2,2,24,5,1598,1,8,-1,-1,-1
2017450211996,1,9,0,17,0,0,0,0,0,0,1,1,5,1,29,6,1984,1,10,9,1,9
2017450211996,2,4,0,16,0,0,0,0,0,0,1,1,5,1,30,6,600,1,14,9,1,9
2017450211998,1,9,0,18,0,0,0,0,0,0,2,1,2,1,54,8,998,1,-1,-1,1,-1
2017450211998,2,9,0,18,0,0,0,0,0,0,1,1,2,1,17,4,1388,1,10,10,1,10
2017450212001,1,9,0,18,0,0,0,0,0,0,1,1,5,2,61,9,998,1,6,4,1,4
2017450212001,2,9,0,18,0,0,0,0,0,0,1,1,5,2,40,7,1598,2,1,10,1,10
2017450212007,1,9,0,4,0,0,0,0,0,0,2,1,2,1,34,6,1796,1,14,6,1,6
2017450212007,2,9,0,4,0,0,0,0,0,0,1,1,1,1,31,6,1956,2,3,5,1,5
2017450212014,1,9,0,18,0,0,0,0,0,0,1,1,5,2,31,6,1596,1,7,6,1,6
2017450212014,2,9,0,3,0,0,0,0,0,0,2,1,1,2,32,6,1598,1,17,10,1,10
2017450212019,1,9,0,18,0,1,0,0,0,0,0,1,6,3,50,8,-1,-1,-1,-1,-1,-1
2017450212019,2,9,0,18,0,1,0,0,7,3,1,1,1,1,61,9,2143,2,4,8,1,8
2017450212019,3,9,0,2,0,1,0,0,0,0,2,1,5,1,41,7,1368,1,9,6,1,6
2017450212019,4,19,0,2,0,1,0,0,0,0,1,1,5,1,48,8,1896,2,12,6,1,6
2017450212035,1,9,0,18,0,0,0,0,0,0,4,1,5,1,51,8,2354,1,12,-1,-1,-1
2017450212038,1,9,0,18,0,1,0,0,0,0,2,1,6,2,60,9,1984,2,5,-1,-1,-1
2017450212038,2,9,0,18,0,1,0,0,0,0,1,1,6,1,50,8,1199,1,16,8,1,8
2017450212039,1,1,0,18,0,0,0,0,0,0,1,1,6,1,28,6,-1,-1,-1,-1,-1,-1
2017450212039,2,9,0,9,0,0,0,0,0,0,4,1,6,2,50,8,1200,1,2,-1,-1,-1
2017450212492,1,9,0,18,0,1,0,0,0,0,2,1,6,1,37,7,998,1,2,-1,-1,-1
2017450212492,2,9,0,18,0,1,0,0,0,0,1,1,6,2,44,7,1595,1,1,-1,-1,-1
2017450212524,1,9,0,18,0,0,0,0,0,0,1,1,6,2,22,5,1596,1,9,8,1,8
2017450212524,2,19,0,4,0,0,0,0,0,0,2,1,1,1,33,6,1560,2,-1,3,1,3
2017450212532,1,9,0,3,0,0,0,0,0,0,2,1,6,1,55,8,1991,8,-1,-1,-1,-1
2017450212532,2,9,0,5,0,0,0,0,0,0,2,1,6,1,35,6,1995,2,2,-1,-1,-1
2017450212532,3,9,0,18,0,0,0,0,0,0,1,1,6,2,28,6,1595,1,4,-1,-1,-1
2017450212575,1,5,0,13,2,3,2,0,0,0,1,1,5,1,27,6,599,1,10,-1,-1,-1
2017450212582,1,9,0,18,0,0,0,0,0,0,1,1,2,1,24,5,1199,1,16,10,1,10
2017450212582,2,9,0,18,0,0,0,0,0,0,1,1,2,2,49,8,1968,2,2,8,1,8
2017450212593,1,9,0,18,0,2,0,0,0,0,1,1,2,1,56,9,1796,1,12,-1,-1,-1
2017450212593,2,9,0,5,0,2,0,0,0,0,1,1,2,2,32,6,999,1,3,-1,-1,-1
2017450212594,1,9,0,18,0,0,0,0,0,0,1,1,6,1,21,5,1598,1,12,-1,-1,-1
2017450212594,2,9,0,18,0,0,0,0,0,0,2,1,6,2,49,8,3311,8,9,-1,-1,-1
2017450212597,1,5,0,18,0,0,0,0,0,0,0,1,6,1,60,9,936,1,9,-1,-1,-1
2017450212606,1,9,0,9,0,1,2,0,1,0,1,1,5,1,18,4,2179,2,4,3,2,3
2017450212606,2,9,0,9,0,8,0,0,0,0,0,1,1,1,37,7,2993,2,3,-1,-1,-1
2017450212627,1,9,0,9,0,0,0,0,0,0,1,1,1,2,25,5,1798,1,1,-1,-1,-1
2017450212627,2,1,0,9,0,0,0,0,0,0,1,1,2,1,37,7,-1,-1,-1,-1,-1,-1
2017450212630,1,9,0,5,0,0,0,0,0,0,1,1,6,1,22,5,1149,1,10,-1,-1,-1
2017450212630,2,9,0,18,0,0,0,0,0,0,2,1,6,1,23,5,2998,1,-1,-1,-1,-1
2017450212671,1,9,0,4,0,0,0,0,0,0,1,1,1,1,31,6,-1,-1,-1,-1,-1,-1
2017450212671,2,9,0,3,0,0,0,0,0,0,2,1,6,2,40,7,-1,-1,-1,-1,-1,-1
2017450212765,1,9,0,4,0,0,0,0,0,0,0,1,6,3,50,8,1968,2,9,-1,-1,-1
2017450212765,2,9,0,4,0,0,0,0,0,0,2,1,1,1,29,6,1994,1,10,-1,-1,-1
2017450212765,3,9,0,3,0,0,0,0,0,0,2,1,1,1,53,8,1998,1,19,-1,-1,-1
2017450212765,4,9,0,18,0,0,0,0,0,0,1,1,1,1,33,6,1999,2,-1,-1,-1,-1
2017450212797,1,9,0,18,0,0,0,0,0,0,3,1,6,2,48,8,1997,1,5,-1,-1,-1
2017450212864,1,3,0,18,0,4,0,0,0,0,1,1,5,1,24,5,125,1,1,-1,-1,-1
2017450212864,2,9,0,9,0,8,0,0,0,0,2,1,1,1,24,5,-1,-1,-1,-1,-1,-1
2017450212907,1,3,0,16,0,0,1,0,0,0,3,1,2,1,37,7,124,1,-1,-1,-1,-1
2017450212915,1,5,0,18,0,0,0,0,0,0,3,1,6,1,38,7,1043,1,4,-1,-1,-1
2017450212915,2,19,0,18,0,0,0,0,0,0,1,1,6,1,38,7,1248,2,-1,-1,-1,-1
2017450212928,1,3,0,7,0,0,0,0,7,0,3,1,6,1,29,6,124,1,-1,-1,-1,-1
2017450212929,1,9,0,5,0,8,0,0,0,0,0,1,5,2,21,5,1499,1,-1,-1,-1,-1
2017450212929,2,9,0,18,0,8,0,0,0,0,1,1,5,1,33,6,2687,1,9,-1,-1,-1
2017450212929,3,1,0,18,0,8,0,0,0,0,1,1,5,1,48,8,-1,-1,-1,-1,-1,-1
2017450212949,1,5,0,18,0,0,0,0,0,0,4,1,6,1,48,8,998,1,9,-1,-1,-1
2017450212949,2,9,0,7,0,0,0,0,0,0,1,1,6,3,50,8,-1,-1,-1,-1,-1,-1
2017450212957,1,9,0,18,0,0,0,0,0,0,4,1,6,1,19,4,1390,1,3,-1,-1,-1
2017450212957,2,9,0,2,0,0,0,0,0,0,4,1,6,2,38,7,1596,1,5,-1,-1,-1
2017450212957,3,9,0,2,0,0,0,0,0,0,4,1,6,2,58,9,1595,1,8,-1,-1,-1
2017450212957,4,9,0,2,0,0,0,0,0,0,1,1,6,2,50,8,1396,1,1,-1,-1,-1
2017450212971,1,9,0,15,0,0,0,0,0,0,1,1,6,2,22,5,1995,2,3,6,1,6
2017450212971,2,9,0,2,0,0,0,0,0,0,1,1,5,1,33,6,-1,-1,-1,8,1,8
2017450212984,1,9,0,7,0,0,0,0,0,0,1,1,6,1,59,9,1973,1,20,-1,-1,-1
2017450212984,2,1,0,18,0,0,5,0,0,0,1,1,6,1,26,6,-1,-1,-1,-1,-1,-1
2017450212990,1,9,0,18,0,1,0,0,0,0,4,1,6,2,39,7,1991,2,12,-1,-1,-1
2017450212990,2,9,0,5,0,8,0,0,0,0,1,1,6,1,39,7,1339,1,12,-1,-1,-1
2017450212994,1,9,0,18,0,0,0,0,0,0,1,1,6,2,33,6,1560,2,1,-1,-1,-1
2017450212994,2,5,0,18,0,0,0,0,0,0,3,1,6,1,33,6,1170,1,4,-1,-1,-1
2017450213001,1,9,0,17,0,0,1,0,1,0,2,1,6,1,18,4,1896,1,19,4,1,4
2017450213001,2,9,0,18,0,0,0,0,0,0,0,1,1,1,33,6,1560,2,3,-1,-1,-1
2017450213014,1,9,0,5,0,1,0,0,0,0,1,1,6,1,25,5,1598,1,8,-1,-1,-1
2017450213014,2,9,0,3,0,1,0,0,0,0,2,1,6,1,50,8,1275,1,19,-1,-1,-1
2017450213015,1,9,0,11,0,0,0,0,0,0,4,1,1,1,28,6,-1,-1,-1,-1,-1,-1
2017450213015,2,9,0,18,0,0,0,0,0,0,3,1,6,2,37,7,1242,1,8,-1,-1,-1
2017450213025,1,9,0,5,0,1,0,0,0,0,1,1,6,1,72,10,1762,1,19,-1,-1,-1
2017450213025,2,9,0,5,0,1,0,0,0,0,2,1,6,2,41,7,998,1,2,5,1,5
2017450213033,1,3,0,18,0,0,0,0,0,0,2,1,6,3,40,7,-1,-1,-1,-1,-1,-1
2017450213033,2,5,0,18,0,0,0,0,0,0,2,1,6,1,50,8,1250,1,14,-1,-1,-1
2017450213033,3,9,0,4,0,0,0,0,0,0,1,1,6,1,61,9,1991,8,-1,-1,-1,-1
2017450213043,1,9,0,5,0,1,0,0,0,0,1,1,6,3,-1,-1,-1,-1,-1,-1,-1,-1
2017450213043,2,1,0,5,0,1,0,0,0,0,2,1,6,1,17,4,-1,-1,-1,-1,-1,-1
2017450213089,1,19,0,3,0,0,0,0,0,0,2,1,1,2,50,8,1753,2,11,-1,-1,-1
2017450213089,2,9,0,18,0,0,0,0,0,0,1,1,1,1,50,8,1390,1,6,-1,-1,-1
2017450213103,1,9,0,4,0,0,0,0,0,0,1,1,6,2,45,7,1910,2,10,-1,-1,-1
2017450213103,2,9,0,4,0,0,0,0,0,0,2,1,5,1,34,6,-1,-1,-1,-1,-1,-1
2017450213307,1,9,0,9,0,0,0,0,0,0,1,1,6,2,59,9,1995,1,13,-1,-1,-1
2017450213307,2,9,0,18,0,0,0,0,1,0,1,1,6,2,45,7,1461,2,6,-1,-1,-1
2017450213323,1,9,0,18,0,1,0,0,0,0,0,1,5,2,23,5,1998,1,12,-1,-1,-1
2017450213323,2,5,0,9,0,5,0,0,0,0,1,1,5,1,54,8,659,1,11,-1,-1,-1
2017450213323,3,9,0,18,0,1,0,0,0,0,0,1,5,2,60,9,1086,1,6,-1,-1,-1
2017450213333,1,9,0,16,0,8,0,0,1,0,1,1,6,2,50,8,1339,1,15,-1,-1,-1
2017450213333,2,21,0,9,0,8,0,0,0,0,3,1,6,1,30,6,-1,-1,-1,-1,-1,-1
2017450213382,1,9,0,9,8,8,0,0,0,0,1,1,5,1,80,11,1948,1,16,8,1,8
2017450213382,2,9,0,18,0,1,0,0,0,0,3,1,5,1,17,4,999,1,-1,-1,-1,-1
2017450213386,1,9,0,9,0,0,0,0,0,0,1,1,1,1,51,8,1499,8,1,-1,-1,-1