Accident_Index,Vehicle_Reference,Vehicle_Type,Towing_and_Articulation,Vehicle_Manoeuvre,Vehicle_Location-Restricted_Lane,Junction_Location,Skidding_and_Overturning,Hit_Object_in_Carriageway,Vehicle_Leaving_Carriageway,Hit_Object_off_Carriageway,1st_Point_of_Impact,Was_Vehicle_Left_Hand_Drive?,Journey_Purpose_of_Driver,Sex_of_Driver,Age_of_Driver,Age_Band_of_Driver,Engine_Capacity_(CC),Propulsion_Code,Age_of_Vehicle,Driver_IMD_Decile,Driver_Home_Area_Type,Vehicle_IMD_Decile
2017450213386,2,1,0,18,0,0,0,0,0,0,1,1,6,2,65,9,-1,-1,-1,-1,-1,-1
2017450213402,1,9,0,9,0,1,0,0,0,0,1,1,6,1,80,11,1560,2,5,-1,-1,-1
2017450213402,2,9,0,9,0,8,0,0,0,0,1,1,2,1,22,5,1242,1,12,-1,-1,-1
2017450213413,1,9,0,18,0,1,0,0,0,0,1,1,6,1,28,6,1595,1,10,-1,-1,-1
2017450213413,2,9,0,4,0,1,0,0,0,0,2,1,6,2,41,7,1956,2,1,-1,-1,-1
2017450213423,1,9,0,3,0,1,0,0,0,0,2,1,6,1,56,9,1997,1,6,-1,-1,-1
2017450213423,2,9,0,4,0,1,0,0,0,0,2,1,1,2,24,5,1560,2,4,-1,-1,-1
2017450213423,3,9,0,3,0,1,0,0,0,0,1,1,2,1,36,7,2993,2,10,-1,-1,-1
2017450213434,1,1,0,18,0,0,1,0,0,0,1,1,6,1,19,4,-1,-1,-1,-1,-1,-1
2017450213459,1,9,0,18,0,0,0,0,0,0,1,1,6,1,26,6,1896,2,18,-1,-1,-1
2017450213459,2,9,0,3,0,0,0,0,0,0,2,1,6,2,31,6,2401,2,10,-1,-1,-1
2017450213504,1,3,0,18,0,0,5,0,0,0,3,1,6,1,21,5,124,1,2,-1,-1,-1
2017450213504,2,9,0,18,0,0,0,0,0,0,1,1,6,3,50,8,-1,-1,-1,-1,-1,-1
2017450213547,1,17,0,18,0,0,0,0,0,0,1,1,6,1,47,8,-1,2,15,5,3,5
2017450213547,2,9,0,18,0,0,0,0,0,0,1,1,6,1,68,10,3442,1,59,-1,-1,-1
2017450213557,1,9,0,18,0,0,0,0,0,0,3,1,6,1,28,6,1686,2,12,-1,-1,-1
2017450213557,2,9,0,18,0,0,0,0,0,0,4,1,6,1,35,6,1560,2,12,-1,-1,-1
2017450213565,1,9,0,5,0,0,0,0,0,0,1,1,2,1,56,9,1984,1,2,-1,-1,-1
2017450213565,2,5,0,18,0,0,5,0,0,0,3,1,2,1,49,8,689,1,-1,-1,-1,-1
2017450213572,1,9,0,18,0,0,0,0,0,0,2,1,6,1,42,7,1198,1,2,-1,-1,-1
2017450213572,2,21,0,4,0,0,0,0,0,0,1,1,1,1,28,6,2402,2,10,-1,-1,-1
2017450213588,1,9,0,17,0,0,5,0,1,1,1,1,6,2,28,6,1461,2,5,-1,-1,-1
2017450213592,1,9,0,18,0,0,0,0,0,0,1,1,6,1,47,8,1781,1,17,-1,-1,-1
2017450213611,1,9,0,18,0,0,0,0,0,0,1,1,6,1,37,7,1896,2,8,-1,-1,-1
2017450213611,2,9,0,18,0,0,0,0,0,0,1,1,6,1,26,6,2993,2,8,-1,-1,-1
2017450213881,1,9,0,18,0,2,0,4,0,0,1,1,5,1,54,8,1995,2,2,-1,-1,-1
2017450213881,2,9,0,2,6,1,0,0,0,0,3,1,6,2,55,8,1198,1,3,-1,-1,-1
2017450213881,3,19,0,2,0,1,0,0,0,0,1,1,5,2,30,6,-1,-1,-1,-1,-1,-1
2017450213900,1,9,0,18,0,1,5,0,0,0,1,1,2,1,27,6,1598,1,13,-1,-1,-1
2017450213900,2,9,0,18,0,1,0,0,0,0,4,1,2,1,42,7,1242,1,12,-1,-1,-1
2017450213910,1,9,0,16,0,0,0,0,4,0,3,1,5,2,59,9,1596,1,15,-1,-1,-1
2017450213913,1,9,0,18,0,0,0,0,0,0,0,1,5,1,45,7,2191,2,2,-1,-1,-1
2017450214117,1,9,0,9,0,8,1,0,1,0,4,1,5,1,19,4,1686,2,9,-1,-1,-1
2017450214117,2,9,0,18,0,8,0,0,0,0,1,1,5,2,37,7,1596,1,12,-1,-1,-1
2017450214162,1,9,0,18,0,0,0,0,0,0,4,1,5,2,23,5,1242,1,6,-1,-1,-1
2017450214183,1,9,0,18,0,0,0,0,0,0,1,1,6,3,50,8,1398,1,13,-1,-1,-1
2017450214183,2,9,0,18,0,0,0,0,0,0,2,1,6,1,43,7,1582,2,-1,-1,-1,-1
2017450214200,1,9,0,18,0,0,0,0,0,0,1,1,6,1,25,5,1360,1,5,-1,-1,-1
2017450214200,2,9,0,18,0,0,0,0,0,0,2,1,6,1,68,10,1339,1,3,-1,-1,-1
2017450214448,1,9,0,4,0,0,0,0,0,0,1,1,1,1,26,6,-1,-1,-1,-1,-1,-1
2017450214448,2,9,0,4,0,0,0,0,0,0,2,1,2,2,40,7,1395,1,2,-1,-1,-1
2017450214448,3,19,0,4,0,0,0,0,0,0,0,1,6,3,50,8,-1,-1,-1,-1,-1,-1
2017450214496,1,9,0,18,0,1,0,0,0,0,1,1,6,1,51,8,1799,1,10,-1,-1,-1
2017450214496,2,1,0,18,0,8,0,0,0,0,1,1,6,1,49,8,-1,-1,-1,-1,-1,-1
2017450214499,1,9,0,5,0,4,0,0,0,0,1,1,1,1,83,11,1997,1,9,-1,-1,-1
2017450214499,2,1,0,18,0,8,5,0,0,0,2,1,6,1,44,7,-1,-1,-1,-1,-1,-1
2017450214500,1,9,0,5,0,0,0,0,0,0,1,1,2,2,32,6,1995,2,8,-1,-1,-1
2017450214539,1,9,0,18,0,1,0,0,0,0,1,1,6,1,57,9,1999,1,14,-1,-1,-1
2017450214539,2,9,0,3,0,1,0,0,0,0,2,1,6,2,66,10,1390,1,6,-1,-1,-1
2017450214575,1,5,0,18,0,1,0,0,0,0,4,1,2,1,31,6,599,1,19,-1,-1,-1
2017450214575,2,9,0,11,0,2,0,0,0,0,4,1,1,1,20,4,1997,2,8,-1,-1,-1
2017450214582,1,9,0,18,0,0,0,0,0,0,1,1,2,1,25,5,1598,1,10,-1,-1,-1
2017450214582,2,9,0,18,0,0,0,0,0,0,0,1,2,2,53,8,1984,1,4,-1,-1,-1
2017450214593,1,9,0,18,0,1,0,0,4,0,1,1,6,1,24,5,1499,2,-1,-1,-1,-1
2017450214593,2,9,0,18,0,1,0,0,0,0,4,1,6,1,39,7,2199,2,9,-1,-1,-1
2017450214596,1,9,0,18,0,0,0,0,0,0,1,1,6,1,30,6,1995,2,10,-1,-1,-1
2017450214596,2,9,0,18,0,0,0,0,0,0,1,1,2,2,22,5,1199,1,15,-1,-1,-1
2017450214616,1,9,0,18,0,0,0,0,0,0,2,1,6,1,33,6,1461,2,14,-1,-1,-1
2017450214616,2,9,0,18,0,0,0,0,0,0,1,1,6,2,24,5,2998,1,-1,-1,-1,-1
2017450214661,1,9,0,5,0,1,0,0,0,0,1,1,2,2,33,6,1398,1,7,-1,-1,-1
2017450214661,2,9,0,18,0,1,0,0,0,0,1,1,6,2,52,8,1198,1,3,-1,-1,-1
2017450214665,1,9,0,18,0,6,0,0,0,0,1,1,5,1,28,6,1149,1,13,-1,-1,-1
2017450214665,2,9,0,3,0,1,0,0,0,0,4,1,5,1,27,6,1395,1,-1,-1,-1,-1
2017450214689,1,9,0,4,0,4,0,0,0,0,1,1,6,2,32,6,1329,1,2,9,1,9
2017450214689,2,9,0,4,0,4,0,0,0,0,2,1,6,2,33,6,1686,2,6,10,1,10
2017450214724,1,9,0,9,0,0,0,0,0,0,4,1,6,2,31,6,1998,8,-1,-1,-1,-1
2017450214724,2,5,0,18,0,0,2,0,0,0,3,1,6,1,54,8,998,1,9,-1,-1,-1
2017450214758,1,9,0,3,0,0,0,0,0,0,2,1,6,2,52,8,999,1,1,-1,-1,-1
2017450214758,2,9,0,5,0,0,0,0,0,0,1,1,6,1,50,8,-1,-1,-1,-1,-1,-1
2017450214775,1,9,0,18,0,0,0,0,0,0,1,1,6,1,50,8,1995,2,5,-1,-1,-1
2017450214775,2,9,0,18,0,0,0,0,0,0,2,1,2,2,33,6,2143,2,2,10,1,10
2017450214868,1,9,0,18,0,0,0,0,7,0,4,1,6,1,26,6,1364,1,8,-1,-1,-1
2017450214868,2,9,0,9,0,0,1,0,0,0,1,1,6,1,51,8,1753,2,10,-1,-1,-1
2017450215018,1,9,0,18,0,0,0,0,0,0,1,1,6,1,84,11,2996,1,10,9,1,9
2017450215018,2,9,0,3,0,0,0,0,0,0,2,1,6,1,35,6,2967,2,4,9,3,9
2017450215018,3,9,0,3,0,0,0,0,0,0,2,1,6,1,42,7,1984,1,14,-1,-1,-1
2017450215018,4,9,0,3,0,0,0,0,0,0,2,1,6,1,69,10,1598,1,14,-1,3,-1
2017450215018,5,9,0,3,0,0,0,0,0,0,2,1,6,1,46,8,1998,2,6,10,3,10
2017450215029,1,4,0,4,0,0,2,0,0,0,1,1,6,1,28,6,-1,-1,-1,-1,-1,-1
2017450215029,2,9,0,18,0,0,0,0,0,0,2,1,6,1,63,9,1200,1,-1,-1,-1,-1
2017450215033,1,9,0,5,0,0,0,0,0,0,1,1,2,2,28,6,1242,1,-1,-1,-1,-1
2017450215033,2,9,0,3,0,0,0,0,0,0,2,1,2,2,31,6,1796,1,12,-1,-1,-1
2017450215038,1,9,0,4,0,0,0,0,0,0,2,1,6,2,79,11,1339,1,3,10,3,10
2017450215038,2,19,0,3,0,0,0,0,0,0,1,1,6,1,30,6,2143,2,1,7,2,7
2017450215053,1,9,0,9,0,0,0,0,0,0,1,1,6,1,28,6,1685,2,1,-1,-1,-1
2017450215053,2,9,0,18,0,0,0,0,0,0,4,1,6,1,83,11,1589,1,18,-1,-1,-1
2017450215055,1,9,0,18,0,0,0,0,0,0,4,1,6,1,81,11,1598,1,17,10,1,10
2017450215055,2,9,0,2,0,0,0,0,0,0,3,1,6,1,20,4,1798,1,14,-1,-1,-1
2017450215113,1,5,0,4,0,1,1,0,0,0,1,1,2,1,51,8,744,1,11,-1,-1,-1
2017450215114,1,21,1,18,0,0,0,0,0,0,1,1,1,1,37,7,12900,2,5,-1,-1,-1
2017450215114,2,9,0,4,0,0,0,0,0,0,2,1,6,1,49,8,1560,2,3,-1,-1,-1
2017450215114,3,9,0,18,0,0,0,0,0,0,2,1,6,3,30,6,-1,-1,-1,-1,-1,-1
2017450215143,1,9,0,18,0,2,0,0,1,4,1,1,6,1,58,9,1200,1,1,-1,-1,-1
2017450215148,1,9,0,3,0,0,0,0,0,0,2,1,6,2,35,6,1198,1,1,-1,-1,-1
2017450215148,2,9,0,3,0,0,0,0,0,0,1,1,6,1,35,6,3222,2,12,-1,-1,-1
2017450215162,1,9,0,2,0,0,0,0,1,0,1,1,6,2,27,6,1390,1,5,-1,-1,-1
2017450215162,2,9,0,2,0,0,0,0,0,0,2,1,6,1,22,5,1240,1,14,-1,-1,-1
2017450215257,1,9,0,10,0,1,0,0,0,0,3,1,6,1,63,9,1988,2,12,-1,-1,-1
2017450215257,2,9,0,18,0,1,0,0,0,0,1,1,6,2,24,5,1781,1,15,-1,-1,-1
2017450215298,1,9,0,5,0,0,0,0,0,0,2,1,6,2,26,6,1242,1,14,-1,-1,-1
2017450215298,2,9,0,7,0,0,0,0,0,0,1,1,6,2,26,6,1998,1,13,-1,-1,-1
2017450215304,1,21,1,12,0,8,0,0,0,0,3,1,6,1,58,9,-1,-1,-1,-1,-1,-1
2017450215304,2,9,0,18,0,8,1,0,1,0,4,1,6,1,81,11,1598,1,11,-1,-1,-1
2017450215304,3,9,0,18,0,7,0,0,1,0,3,1,6,1,17,4,1398,1,1,-1,-1,-1
2017450215326,1,9,0,5,0,6,0,0,0,0,1,1,1,1,56,9,-1,-1,-1,-1,-1,-1
2017450215326,2,9,0,17,0,1,0,0,0,0,1,1,6,2,32,6,1984,1,8,-1,-1,-1
2017450215349,1,9,0,5,0,0,5,0,0,0,1,1,6,2,55,8,1798,1,7,10,1,10
2017450215349,2,9,0,2,0,0,0,0,0,0,2,1,5,1,33,6,2495,2,16,-1,-1,-1
2017450215358,1,21,0,18,0,0,0,12,0,0,1,1,6,1,32,6,-1,-1,-1,-1,-1,-1
2017450215358,2,9,0,18,0,0,0,12,0,0,1,1,6,1,29,6,1229,1,10,-1,-1,-1
2017450215358,3,9,0,18,0,0,0,12,0,0,1,1,6,2,48,8,1229,1,6,-1,-1,-1
2017450215361,1,9,0,16,0,0,1,0,0,0,4,1,6,1,23,5,-1,-1,-1,-1,-1,-1
2017450215463,1,9,0,4,0,2,0,4,0,0,1,1,6,2,39,7,1242,1,13,-1,-1,-1
2017450215463,2,9,0,18,0,2,0,0,0,0,1,1,6,1,66,10,1998,1,1,-1,-1,-1
2017450215463,3,9,0,18,0,2,0,0,0,0,1,1,6,2,64,9,2477,2,18,-1,-1,-1
2017450215487,1,9,0,1,0,0,0,0,0,0,2,1,6,1,32,6,1390,1,6,-1,-1,-1
2017450215487,2,9,0,18,0,0,0,0,0,0,1,1,1,1,33,6,1956,2,5,-1,-1,-1
2017450215874,1,9,0,17,0,0,0,0,0,0,1,1,5,1,41,7,1994,1,15,-1,-1,-1
2017450215874,2,9,0,16,0,0,0,0,0,0,1,1,5,1,62,9,2198,2,5,-1,-1,-1
2017450215902,1,9,0,18,0,6,0,0,0,0,1,1,6,1,56,9,1560,2,3,5,1,5
2017450215902,2,9,0,5,0,1,0,0,0,0,1,1,6,2,93,11,999,1,3,9,2,9
2017450215912,1,9,0,2,0,0,0,0,0,0,2,1,6,2,51,8,1999,2,1,-1,-1,-1
2017450215912,2,3,0,18,0,0,0,4,0,0,1,1,5,1,38,7,999,1,4,-1,-1,-1
2017450215914,1,9,0,11,0,1,0,4,0,0,1,1,6,1,74,10,1995,1,8,-1,-1,-1
2017450215914,2,9,0,2,0,1,0,0,0,0,2,1,6,1,40,7,2000,1,18,-1,-1,-1
2017450215914,3,9,0,3,0,1,0,0,0,0,2,1,6,2,45,7,1596,1,3,-1,-1,-1
2017450215939,1,9,0,9,0,1,0,0,0,0,4,1,5,1,85,11,1995,2,4,10,1,10
2017450215939,2,1,0,18,0,1,0,0,0,0,1,1,5,1,33,6,-1,-1,-1,9,1,9
2017450215939,3,1,0,18,0,1,0,0,0,0,1,1,5,1,38,7,-1,-1,-1,8,1,8
2017450215953,1,9,0,18,0,6,0,0,0,0,1,1,6,1,54,8,2969,2,10,-1,-1,-1
2017450215953,2,1,0,18,0,3,0,0,0,0,2,1,6,1,23,5,-1,-1,-1,-1,-1,-1
2017450215989,1,5,0,18,0,0,5,0,0,0,1,1,6,1,22,5,599,1,16,-1,-1,-1
2017450215989,2,9,0,18,0,0,0,0,0,0,2,1,6,1,-1,-1,-1,-1,-1,-1,-1,-1
2017450215989,3,9,0,18,0,0,0,0,0,0,2,1,6,1,20,4,-1,-1,-1,-1,-1,-1
2017450216025,1,9,0,3,0,0,0,0,0,0,2,1,6,1,65,9,-1,-1,-1,9,3,9
2017450216025,2,9,0,4,0,0,0,0,0,0,1,1,6,2,35,6,2993,2,4,-1,-1,-1
2017450216069,1,9,0,18,0,0,0,0,0,0,2,1,1,2,-1,-1,1999,1,11,-1,-1,-1
2017450216069,2,9,0,18,0,0,0,0,0,0,1,1,1,2,-1,-1,-1,-1,-1,6,1,6
2017450216211,1,9,0,18,0,0,0,0,0,0,1,1,1,1,31,6,1995,2,8,4,1,4
2017450216211,2,9,0,18,0,0,0,0,0,0,1,1,6,1,33,6,1590,1,21,-1,-1,-1
2017450216239,1,9,0,7,0,0,0,0,1,0,1,1,6,2,40,7,1798,8,1,-1,-1,-1
2017450216245,1,9,0,18,0,0,0,0,0,0,0,1,6,2,78,11,-1,3,3,-1,-1,-1
2017450216274,1,9,0,18,0,0,2,7,1,0,1,1,6,1,20,4,1870,2,5,-1,-1,-1
2017450216274,2,9,0,2,0,0,0,0,0,0,4,1,6,3,50,8,2993,2,5,-1,-1,-1
2017450216286,1,4,0,18,0,0,1,0,0,0,1,1,6,1,27,6,249,1,7,-1,-1,-1
2017450216300,1,9,0,3,0,0,0,0,0,0,1,1,6,3,37,7,-1,-1,-1,-1,-1,-1
2017450216300,2,4,0,3,0,0,0,0,0,0,1,1,6,1,52,8,1195,1,3,-1,-1,-1
2017450216323,1,1,0,18,9,0,0,0,1,0,1,1,6,1,32,6,-1,-1,-1,-1,-1,-1
2017450216327,1,9,0,1,9,0,0,0,0,0,0,1,6,2,27,6,999,1,-1,-1,-1,-1
2017450216388,1,3,0,13,0,0,0,0,7,0,4,1,6,1,19,4,124,1,9,-1,-1,-1
2017450216388,2,9,0,10,0,0,0,0,0,0,0,1,6,2,34,6,1242,1,5,-1,-1,-1
2017450216396,1,21,0,18,0,0,0,0,0,0,1,1,6,1,44,7,-1,-1,-1,-1,-1,-1
2017450216396,2,9,0,4,0,0,0,0,0,0,2,1,6,2,43,7,1364,1,1,-1,-1,-1
2017450216396,3,9,0,4,0,0,0,0,0,0,2,1,6,2,22,5,1390,1,4,-1,-1,-1
2017450216396,4,9,0,4,0,0,0,0,0,0,2,1,6,1,61,9,1197,1,-1,-1,-1,-1
2017450216419,1,10,0,18,0,0,2,0,6,6,1,1,1,1,52,8,2402,2,13,-1,-1,-1
2017450216493,1,9,0,1,0,0,0,0,0,0,2,1,6,1,19,4,1299,1,15,-1,-1,-1
2017450216538,1,9,0,18,0,0,0,0,0,0,4,1,6,1,53,8,-1,-1,-1,-1,-1,-1
2017450216568,1,9,0,9,0,6,1,0,1,0,3,1,6,1,21,5,1839,1,20,-1,-1,-1
2017450216661,1,9,0,18,0,0,0,0,0,0,1,1,6,3,45,7,2000,2,11,-1,-1,-1
2017450216663,1,9,0,18,0,8,0,0,0,0,1,1,2,2,47,8,1796,1,12,10,1,10
2017450216663,2,9,0,18,0,8,0,0,0,0,4,1,2,1,19,4,998,1,16,6,2,6
2017450216705,1,1,0,18,0,2,0,0,0,0,1,1,6,1,13,3,-1,-1,-1,-1,-1,-1
2017450216705,2,9,0,9,0,2,0,0,0,0,1,1,6,2,33,6,1198,1,2,10,1,10
2017450216716,1,3,0,18,0,0,0,0,0,0,2,1,6,2,23,5,125,1,-1,-1,-1,-1
2017450216716,2,9,0,18,0,0,0,0,0,0,1,1,6,3,23,5,-1,-1,-1,-1,-1,-1
2017450216751,1,9,0,18,0,0,0,0,0,0,1,1,6,1,55,8,-1,-1,-1,9,1,9
2017450216751,2,9,0,18,0,0,0,11,7,4,1,1,6,1,23,5,2993,2,8,-1,-1,-1
2017450216848,1,9,0,18,0,0,0,0,0,0,2,1,6,1,53,8,4398,1,13,-1,-1,-1
2017450216848,2,9,0,18,0,0,0,0,0,0,2,1,2,2,34,6,1388,1,8,-1,-1,-1
2017450216848,3,9,0,18,0,0,0,0,0,0,1,1,2,2,19,4,-1,-1,-1,-1,-1,-1
2017450216854,1,9,0,18,0,5,0,0,2,0,1,1,5,1,54,8,1598,2,6,-1,-1,-1
2017450216855,1,9,0,18,0,1,0,0,0,0,0,1,6,3,50,8,998,1,4,-1,-1,-1
2017450216877,1,9,0,18,0,0,1,11,1,4,1,1,6,1,28,6,2997,1,43,-1,-1,-1
2017450216958,1,1,0,18,0,0,0,0,0,0,1,1,6,1,53,8,-1,-1,-1,-1,-1,-1
2017450217039,1,9,0,5,0,1,0,0,0,0,1,1,6,1,44,7,3189,1,10,-1,-1,-1
2017450217039,2,1,0,17,0,8,0,0,0,0,1,1,6,2,46,8,-1,-1,-1,-1,-1,-1
2017450217096,1,9,0,5,0,0,1,0,0,0,1,1,5,1,28,6,1598,1,12,-1,-1,-1
2017450217096,2,9,0,18,0,0,1,0,0,0,3,1,5,2,31,6,1598,1,7,-1,-1,-1
2017450217100,1,5,0,16,0,0,0,0,0,0,1,1,6,1,38,7,998,1,-1,7,1,7
2017450217100,2,5,0,18,0,0,0,0,0,0,1,1,6,1,55,8,999,1,4,10,1,10
2017450217125,1,9,0,6,0,0,0,0,0,0,3,1,2,1,40,7,1984,1,13,-1,-1,-1
2017450217125,2,5,0,18,0,0,5,0,0,0,1,1,2,1,54,8,1043,1,2,-1,-1,-1
2017450217128,1,9,0,4,0,0,0,0,0,0,2,1,6,1,35,6,4799,1,9,-1,-1,-1
2017450217128,2,9,0,4,0,0,0,0,0,0,1,1,6,2,26,6,1598,1,7,-1,-1,-1
2017450217128,3,21,0,4,0,0,0,0,0,0,1,1,6,1,35,6,-1,-1,-1,-1,-1,-1
2017450217130,1,9,0,3,0,0,0,0,0,0,1,1,6,2,53,8,1242,1,3,-1,-1,-1
2017450217130,2,5,0,18,0,0,2,7,0,0,1,1,6,1,53,8,599,1,19,-1,-1,-1
2017450217164,1,3,0,18,0,0,5,0,0,0,4,1,6,1,54,8,250,1,25,-1,-1,-1
2017450217167,1,4,0,13,0,0,0,0,0,0,4,1,5,1,28,6,125,1,1,-1,-1,-1
2017450217167,2,9,0,8,0,0,0,0,0,0,3,1,6,1,38,7,1968,2,2,-1,-1,-1
2017450217174,1,9,0,9,0,6,0,0,0,0,1,1,6,1,27,6,1364,1,10,-1,-1,-1
2017450217174,2,9,0,18,0,1,0,0,0,0,1,1,6,1,17,4,1395,1,4,-1,-1,-1
2017450217192,1,9,0,18,0,0,0,0,0,0,1,1,6,1,19,4,1398,1,1,-1,-1,-1
2017450217215,1,9,0,18,0,0,1,0,7,6,1,1,5,1,30,6,1397,1,10,-1,-1,-1
2017450217224,1,9,0,18,0,1,0,0,0,0,1,1,6,2,37,7,1798,1,13,-1,-1,-1
2017450217224,2,9,0,18,0,3,0,0,0,0,1,1,2,2,35,6,1685,2,3,-1,-1,-1
2017450217230,1,9,0,1,0,0,0,0,7,0,2,1,5,1,31,6,1389,1,15,7,2,7
2017450217230,2,9,0,3,0,0,0,0,0,0,1,1,1,1,28,6,1499,2,1,-1,-1,-1
2017450217240,1,9,0,4,0,0,0,0,0,0,2,1,5,1,44,7,1596,1,10,-1,-1,-1
2017450217240,2,9,0,4,0,0,0,0,0,0,1,1,1,1,27,6,1995,2,3,-1,-1,-1
2017450217240,3,9,0,4,0,0,0,0,0,0,4,1,2,2,26,6,1598,2,6,-1,-1,-1
2017450217240,4,9,0,4,0,0,0,0,0,0,1,1,5,2,24,5,1242,1,6,-1,-1,-1
2017450217240,5,9,0,4,0,0,0,0,0,0,3,1,6,1,40,7,-1,-1,-1,-1,-1,-1
2017450217247,1,9,0,18,0,0,0,0,0,0,1,1,6,1,31,6,1986,2,11,-1,-1,-1
2017450217247,2,9,0,3,0,0,0,0,0,0,2,1,6,2,29,6,1388,1,6,-1,-1,-1
2017450217247,3,9,0,3,0,0,0,0,0,0,2,1,6,1,38,7,1198,1,3,-1,-1,-1
2017450217255,1,19,0,18,0,0,0,0,1,0,3,1,1,1,31,6,-1,-1,-1,-1,-1,-1
2017450217255,2,9,0,18,0,0,1,0,1,0,4,1,6,1,76,11,1796,1,14,-1,-1,-1
2017450217259,1,9,0,18,0,0,0,0,0,0,1,1,5,1,33,6,2987,2,3,7,1,7
2017450217259,2,9,0,5,0,0,0,0,0,0,1,1,1,1,34,6,1560,2,4,-1,-1,-1
2017450217259,3,8,0,1,0,0,0,0,0,0,3,1,1,1,47,8,1968,2,3,10,2,10
2017450217270,1,9,0,16,0,0,1,0,7,4,3,1,5,1,17,4,1229,1,13,-1,-1,-1
2017450217282,1,9,0,18,0,0,0,0,0,0,2,1,6,2,63,9,1389,1,17,-1,-1,-1
2017450217282,2,9,0,18,0,0,0,0,0,0,1,1,6,3,50,8,-1,-1,-1,-1,-1,-1
2017450217293,1,9,0,14,0,0,0,0,0,0,1,1,6,3,50,8,-1,-1,-1,-1,-1,-1
2017450217293,2,4,0,17,0,0,0,0,0,0,1,1,6,1,44,7,498,1,16,-1,-1,-1
2017450217306,1,9,0,18,0,0,5,0,1,0,0,1,5,2,40,7,1388,1,10,-1,-1,-1
2017450217312,1,9,0,18,0,0,0,0,0,0,1,1,6,2,24,5,998,1,5,-1,-1,-1
2017450217324,1,4,0,16,0,0,0,0,1,4,1,1,5,1,62,9,865,1,3,-1,-1,-1
2017450217329,1,9,0,7,0,0,1,0,0,0,1,1,6,1,18,4,998,1,10,-1,-1,-1
2017450217329,2,9,0,4,0,0,0,0,0,0,1,1,6,1,28,6,999,1,-1,-1,-1,-1
2017450217344,1,9,0,18,0,1,0,0,0,0,3,1,6,2,47,8,1560,2,-1,-1,-1,-1
2017450217344,2,9,0,18,0,1,0,0,0,0,1,1,6,1,54,8,1242,1,17,-1,-1,-1
2017450217397,1,9,0,18,0,0,5,0,7,0,1,1,6,2,31,6,1598,1,12,-1,-1,-1
2017450217398,1,19,0,18,0,0,0,0,0,0,1,1,6,1,22,5,2198,2,2,-1,-1,-1
2017450217398,2,9,0,4,0,0,1,0,0,0,2,1,6,1,48,8,-1,-1,-1,-1,-1,-1
2017450217398,3,9,0,18,0,0,0,0,0,0,2,1,6,1,44,7,2143,2,2,-1,-1,-1
2017450217480,1,9,0,18,0,0,0,4,0,0,1,1,6,1,35,6,999,1,2,-1,-1,-1
2017450217480,2,9,0,2,0,0,0,0,0,0,2,1,6,1,48,8,-1,-1,-1,-1,-1,-1
2017450217494,1,9,0,18,0,1,0,0,0,0,4,1,6,2,23,5,1329,1,2,-1,-1,-1
2017450217494,2,1,0,18,0,1,0,0,0,0,1,1,6,1,14,3,-1,-1,-1,-1,-1,-1
2017450217572,1,9,0,9,0,6,0,0,0,0,0,1,6,2,64,9,1560,2,2,10,1,10
2017450217572,2,2,0,18,0,1,2,0,0,0,3,1,1,2,17,4,125,1,3,7,1,7
2017450217599,1,1,0,18,0,1,2,0,0,0,2,1,6,2,53,8,-1,-1,-1,-1,-1,-1
2017450217599,2,5,0,18,0,1,0,0,0,0,1,1,6,1,50,8,998,1,8,-1,-1,-1
2017450217618,1,9,0,11,0,0,0,0,0,0,0,1,6,1,44,7,1461,2,5,-1,-1,-1
2017450217618,2,9,0,4,0,0,0,0,0,0,1,1,6,1,18,4,1598,1,8,-1,-1,-1
2017450217618,3,9,0,4,0,0,0,0,0,0,1,1,6,1,40,7,2987,2,4,-1,-1,-1
2017450217659,1,9,0,5,0,3,0,0,0,0,4,1,6,2,41,7,1600,1,16,-1,-1,-1
2017450217659,2,1,0,18,0,3,0,0,0,0,3,1,2,1,44,7,-1,-1,-1,-1,-1,-1
2017450217667,1,8,0,5,0,6,0,0,0,0,1,1,6,1,50,8,1997,2,15,10,1,10
2017450217667,2,1,0,18,0,8,0,0,0,0,0,1,6,1,63,9,-1,-1,-1,-1,-1,-1
2017450217675,1,9,0,16,0,0,1,0,0,0,1,1,6,1,28,6,998,1,-1,-1,-1,-1
2017450217675,2,21,0,17,0,0,0,0,0,0,1,1,1,1,44,7,-1,-1,-1,-1,-1,-1
2017450217690,1,9,0,6,0,0,0,0,0,0,1,1,5,1,41,7,1597,2,-1,-1,-1,-1
2017450217690,2,9,0,18,0,0,0,0,0,0,1,1,2,2,27,6,1598,1,4,-1,-1,-1
2017450217698,1,5,0,18,0,0,0,0,0,0,2,1,6,1,61,9,1450,1,18,-1,-1,-1
2017450217698,2,5,0,18,0,0,0,0,0,0,3,1,6,1,50,8,1450,1,20,-1,-1,-1
2017450217698,3,5,0,18,0,0,0,0,0,0,4,1,6,1,56,9,1200,1,13,-1,-1,-1
2017450217698,4,9,0,18,0,0,0,0,0,0,4,1,6,3,45,7,-1,-1,-1,-1,-1,-1
2017450217737,1,9,0,16,0,0,0,0,0,0,1,1,6,2,77,11,2435,1,15,-1,-1,-1
2017450217737,2,9,0,17,0,0,0,0,0,0,4,1,6,1,52,8,1598,1,11,-1,-1,-1
2017450217738,1,9,0,18,0,0,0,0,0,0,1,1,2,1,46,8,1991,2,11,-1,-1,-1