Accident_Index,Vehicle_Reference,Vehicle_Type,Towing_and_Articulation,Vehicle_Manoeuvre,Vehicle_Location-Restricted_Lane,Junction_Location,Skidding_and_Overturning,Hit_Object_in_Carriageway,Vehicle_Leaving_Carriageway,Hit_Object_off_Carriageway,1st_Point_of_Impact,Was_Vehicle_Left_Hand_Drive?,Journey_Purpose_of_Driver,Sex_of_Driver,Age_of_Driver,Age_Band_of_Driver,Engine_Capacity_(CC),Propulsion_Code,Age_of_Vehicle,Driver_IMD_Decile,Driver_Home_Area_Type,Vehicle_IMD_Decile
2017450217738,2,9,0,18,0,0,0,0,0,0,3,1,6,2,54,8,1997,2,1,-1,-1,-1
2017450217739,1,9,0,5,0,0,0,0,0,0,3,1,5,2,70,10,1240,1,8,-1,-1,-1
2017450217739,2,1,0,7,0,0,0,0,0,0,1,1,2,1,47,8,-1,-1,-1,-1,-1,-1
2017450217749,1,9,0,9,0,6,0,0,0,0,1,1,6,2,46,8,1461,2,7,-1,-1,-1
2017450217749,2,9,0,18,0,1,0,0,0,0,1,1,6,2,41,7,-1,-1,-1,-1,-1,-1
2017450217756,1,9,0,18,0,0,0,0,0,0,2,1,2,1,23,5,1968,2,1,-1,-1,-1
2017450217756,2,9,0,18,0,0,0,0,0,0,1,1,6,1,33,6,1560,2,3,-1,-1,-1
2017450217994,1,9,0,18,0,0,0,0,0,0,1,1,5,1,23,5,1400,1,10,4,1,4
2017450217994,2,9,0,18,0,0,0,0,0,0,2,1,5,2,66,10,1368,1,5,9,3,9
2017450218101,1,11,0,18,0,3,0,0,0,0,4,1,1,1,63,9,9600,2,16,-1,-1,-1
2017450218101,2,1,0,18,0,2,0,0,1,0,2,1,6,1,75,10,-1,-1,-1,-1,-1,-1
2017450218139,1,4,0,18,0,0,0,0,0,0,1,1,5,1,53,8,-1,-1,-1,-1,-1,-1
2017450218142,1,9,0,18,0,0,5,0,1,0,1,1,6,1,18,4,1229,1,11,-1,-1,-1
2017450218165,1,9,0,16,0,1,0,0,0,0,1,1,6,1,72,10,1560,2,3,-1,-1,-1
2017450218194,1,9,0,5,0,0,0,0,0,0,1,1,6,2,20,4,1598,2,2,-1,-1,-1
2017450218194,2,9,0,18,0,0,0,0,0,0,2,1,6,2,39,7,1498,1,9,-1,-1,-1
2017450218194,3,9,0,4,0,0,0,0,0,0,2,1,6,1,24,5,1598,1,5,-1,-1,-1
2017450218196,1,9,0,18,0,0,0,0,0,0,1,1,1,1,54,8,1197,1,1,6,1,6
2017450218198,1,9,0,18,0,0,0,0,5,0,3,1,6,2,31,6,1598,1,4,-1,-1,-1
2017450218221,1,9,0,8,0,2,0,0,0,0,2,1,6,1,32,6,1995,2,3,7,1,7
2017450218221,2,9,0,18,0,1,0,0,0,0,1,1,6,3,33,6,1149,1,1,-1,-1,-1
2017450218261,1,19,0,18,0,1,1,0,0,0,1,1,1,1,55,8,1598,2,-1,-1,-1,-1
2017450218261,2,1,0,18,0,4,0,0,0,0,4,1,6,2,50,8,-1,-1,-1,-1,-1,-1
2017450218313,1,1,0,2,0,8,0,0,0,0,2,1,6,1,46,8,-1,-1,-1,-1,-1,-1
2017450218313,2,9,0,3,0,1,0,0,0,0,1,1,6,1,56,9,2995,1,10,-1,-1,-1
2017450218358,1,9,0,18,0,8,0,0,0,0,1,1,6,2,61,9,1995,2,6,-1,-1,-1
2017450218358,2,9,0,18,0,8,0,0,0,0,4,1,6,2,38,7,1461,2,3,-1,-1,-1
2017450218481,1,9,0,18,0,0,0,0,0,0,2,1,1,1,31,6,1968,2,5,3,1,3
2017450218481,2,9,0,18,0,0,0,0,0,0,1,1,6,1,26,6,1968,2,6,4,1,4
2017450218487,1,3,0,15,0,0,1,0,0,0,4,1,2,1,55,8,123,1,1,-1,-1,-1
2017450218503,1,9,0,18,0,0,0,0,0,0,4,1,2,1,56,9,1968,2,2,-1,-1,-1
2017450218503,2,9,0,18,0,0,1,0,0,0,1,1,2,2,22,5,1598,1,16,-1,-1,-1
2017450218503,3,9,0,18,0,0,1,0,0,0,1,1,2,1,52,8,2143,2,-1,-1,-1,-1
2017450218513,1,9,0,1,0,0,0,0,0,0,2,1,6,1,30,6,1396,1,14,4,1,4
2017450218521,1,1,0,16,0,0,1,0,0,0,0,1,6,1,57,9,-1,-1,-1,-1,-1,-1
2017450218521,2,9,0,17,0,0,0,0,0,0,0,1,6,1,59,9,1298,1,12,-1,-1,-1
2017450218543,1,11,0,18,0,1,0,0,0,0,4,1,1,1,54,8,3900,2,11,6,1,6
2017450218543,2,9,0,5,0,1,0,0,0,0,3,1,6,2,56,9,1968,2,8,8,1,8
2017450218554,1,9,0,18,0,0,5,0,1,0,1,1,5,1,32,6,1996,1,-1,-1,-1,-1
2017450218554,2,9,0,18,0,0,0,0,0,0,1,1,5,2,58,9,2496,1,12,-1,-1,-1
2017450218554,3,9,0,18,0,0,0,0,0,0,1,1,5,2,70,10,1984,1,12,-1,-1,-1
2017450218565,1,9,0,18,0,0,2,0,1,0,3,1,1,1,54,8,1388,1,10,-1,-1,-1
2017450218581,1,9,0,18,0,0,2,0,7,0,1,1,6,1,23,5,998,1,11,3,1,3
2017450218614,1,3,0,7,0,0,5,0,0,0,3,1,6,1,17,4,-1,-1,-1,-1,-1,-1
2017450218614,2,9,0,18,0,0,0,0,0,0,1,1,6,1,25,5,1984,1,3,-1,-1,-1
2017450218624,1,1,0,18,9,0,0,0,0,0,0,1,6,1,32,6,-1,-1,-1,-1,-1,-1
2017450218624,2,9,0,8,0,0,0,0,0,0,0,1,2,1,61,9,1400,1,11,-1,-1,-1
2017450218629,1,1,0,18,0,0,0,0,0,0,2,1,6,1,53,8,-1,-1,-1,-1,-1,-1
2017450218629,2,1,0,18,0,0,2,0,0,0,1,1,6,1,58,9,-1,-1,-1,-1,-1,-1
2017450218631,1,9,0,18,0,0,0,0,0,0,1,1,5,1,17,4,1242,1,8,-1,-1,-1
2017450218882,1,3,0,4,0,0,0,0,0,0,4,1,1,1,37,7,125,1,1,-1,-1,-1
2017450218882,2,9,0,5,0,0,0,0,0,0,0,1,6,2,49,8,1197,1,1,-1,-1,-1
2017450218951,1,9,0,5,0,8,0,0,0,0,1,1,5,1,21,5,1781,1,14,-1,-1,-1
2017450218951,2,1,0,9,0,1,0,0,0,0,4,1,6,2,26,6,-1,-1,-1,-1,-1,-1
2017450218992,1,9,0,4,0,1,0,0,0,0,2,1,6,2,43,7,1368,1,4,-1,-1,-1
2017450218992,2,9,0,4,0,1,0,0,0,0,1,1,6,1,50,8,799,2,4,-1,-1,-1
2017450218994,1,9,0,7,0,1,0,0,0,0,4,1,6,2,36,7,2231,2,5,-1,-1,-1
2017450218994,2,1,0,18,0,5,0,0,0,0,4,1,6,2,27,6,-1,-1,-1,-1,-1,-1
2017450219010,1,19,0,5,0,3,0,0,0,0,3,1,6,1,45,7,1461,2,1,-1,-1,-1
2017450219010,2,9,0,5,0,3,0,0,0,0,3,1,6,2,49,8,2179,2,5,-1,-1,-1
2017450219012,1,9,0,9,0,1,0,0,0,0,1,1,6,1,33,6,1968,2,4,-1,-1,-1
2017450219012,2,9,0,5,0,1,0,0,0,0,1,1,6,1,42,7,-1,-1,-1,-1,-1,-1
2017450219032,1,9,0,18,0,0,0,0,0,0,1,1,2,1,29,6,-1,-1,-1,-1,-1,-1
2017450219032,2,9,0,18,0,0,0,0,0,0,1,1,6,2,62,9,1598,1,5,8,1,8
2017450219079,1,9,0,18,0,0,0,11,0,0,1,1,5,1,47,8,1299,1,18,-1,-1,-1
2017450219079,2,9,0,2,0,0,0,0,0,0,1,1,5,1,50,8,2993,2,4,-1,-1,-1
2017450219079,3,9,0,2,0,0,0,0,0,0,2,1,5,1,47,8,1984,1,8,-1,-1,-1
2017450219081,1,9,0,18,0,0,0,0,0,0,1,1,2,1,49,8,-1,-1,-1,-1,-1,-1
2017450219081,2,9,0,18,0,0,0,0,0,0,4,1,2,1,57,9,1360,1,18,-1,-1,-1
2017450219089,1,9,0,16,0,0,1,0,7,0,4,1,6,1,40,7,1995,1,14,-1,-1,-1
2017450219089,2,19,0,17,0,0,1,0,1,0,1,1,1,1,40,7,2402,2,13,-1,-1,-1
2017450219162,1,4,0,4,0,0,0,0,0,0,2,1,6,1,49,8,1077,1,2,-1,-1,-1
2017450219162,2,19,0,18,0,0,0,0,0,0,1,1,6,1,23,5,1560,2,3,-1,-1,-1
2017450219251,1,9,0,17,0,1,1,0,2,0,4,1,6,1,36,7,-1,-1,-1,9,3,9
2017450219342,1,19,0,2,0,0,0,0,0,0,3,1,6,1,44,7,2143,2,4,10,1,10
2017450219342,2,9,0,18,0,0,0,0,0,0,1,1,6,2,44,7,1299,1,18,5,1,5
2017450219375,1,9,0,5,0,0,0,0,0,0,1,1,5,2,57,9,1984,1,10,-1,-1,-1
2017450219375,2,9,0,16,0,0,0,0,7,4,4,1,5,1,72,10,1991,1,3,-1,-1,-1
2017450219385,1,9,0,18,0,0,5,0,1,0,1,1,5,1,29,6,3200,2,14,9,1,9
2017450219400,1,9,0,18,0,0,0,0,0,0,2,1,6,1,28,6,1956,2,3,-1,-1,-1
2017450219400,2,9,0,18,0,0,0,0,0,0,1,1,2,1,58,9,2720,2,10,-1,-1,-1
2017450219417,1,9,0,7,0,0,0,0,0,0,3,1,5,2,32,6,1248,2,11,-1,-1,-1
2017450219417,2,2,0,18,0,0,0,0,0,0,1,1,3,2,16,4,49,1,3,-1,-1,-1
2017450219434,1,9,0,18,0,0,0,0,0,0,1,1,6,1,39,7,1995,2,12,-1,-1,-1
2017450219434,2,9,0,3,0,0,0,0,0,0,2,1,6,1,70,10,2498,1,16,-1,-1,-1
2017450219436,1,9,0,18,0,1,0,0,0,0,4,1,6,3,33,6,-1,-1,-1,-1,-1,-1
2017450219436,2,5,0,18,0,1,0,0,0,0,1,1,2,1,64,9,1050,1,1,10,1,10
2017450219461,1,9,0,18,0,0,0,0,0,0,1,1,6,1,50,8,2400,2,10,4,1,4
2017450219461,2,19,0,18,0,0,0,0,0,0,1,1,1,1,59,9,2299,2,5,-1,-1,-1
2017450219461,3,9,0,18,0,0,0,0,0,0,2,1,2,2,29,6,1197,1,3,9,1,9
2017450219486,1,19,0,16,0,0,0,0,0,0,3,1,6,2,41,7,2461,2,14,-1,-1,-1
2017450219486,2,9,0,18,0,0,0,0,0,0,1,1,1,2,19,4,1299,1,9,-1,-1,-1
2017450219489,1,9,0,18,0,2,0,0,0,0,2,1,1,1,45,7,-1,-1,-1,-1,-1,-1
2017450219489,2,9,0,4,0,1,0,0,0,0,1,1,1,1,46,8,1999,2,1,9,1,9
2017450219506,1,9,0,5,0,0,0,0,0,0,4,1,1,2,29,6,998,1,8,-1,-1,-1
2017450219506,2,9,0,18,0,0,0,0,0,0,1,1,4,2,42,7,1998,1,12,-1,-1,-1
2017450219522,1,9,0,18,0,0,0,0,0,0,1,1,6,2,17,4,1124,1,14,-1,-1,-1
2017450219522,2,9,0,18,0,0,0,0,0,0,1,1,6,1,90,11,1043,1,33,-1,-1,-1
2017450219541,1,9,0,18,0,1,0,0,7,0,1,1,6,1,24,5,1461,2,12,-1,-1,-1
2017450219541,2,9,0,3,0,1,0,0,1,0,2,1,6,2,56,9,1229,1,9,-1,-1,-1
2017450219560,1,9,0,12,0,1,0,0,0,0,1,1,6,1,93,11,1595,1,17,-1,-1,-1
2017450219560,2,9,0,18,0,1,0,0,0,0,1,1,6,1,24,5,1596,1,15,-1,-1,-1
2017450219560,3,9,0,18,0,1,0,0,0,0,1,1,6,1,84,11,2184,2,3,-1,-1,-1
2017450219566,1,9,0,18,0,0,0,0,0,0,1,1,6,1,41,7,-1,-1,-1,-1,-1,-1
2017450219566,2,9,0,18,0,0,0,0,0,0,1,1,6,1,39,7,1587,1,12,-1,-1,-1
2017450219621,1,9,0,5,0,6,0,0,0,0,3,1,5,1,41,7,998,1,3,10,1,10
2017450219621,2,5,0,18,0,1,0,0,0,0,1,1,5,1,23,5,645,1,13,10,1,10
2017450219621,3,9,0,18,0,1,0,0,0,0,1,1,5,1,40,7,1397,1,9,10,1,10
2017450219753,1,9,0,4,0,0,0,0,0,0,2,1,5,2,35,6,1797,8,2,-1,-1,-1
2017450219753,2,9,0,3,0,0,0,0,0,0,2,1,5,1,46,8,1598,1,12,-1,-1,-1
2017450219753,3,9,0,18,0,0,0,0,0,0,1,1,5,2,66,10,1248,1,8,-1,-1,-1
2017450219759,1,9,0,17,0,0,5,0,7,0,4,1,2,1,49,8,1422,2,7,-1,-1,-1
2017450219776,1,9,0,15,0,0,0,0,0,0,4,1,6,1,21,5,1197,1,2,-1,-1,-1
2017450219776,2,1,0,18,0,0,0,0,1,0,2,1,6,1,50,8,-1,-1,-1,-1,-1,-1
2017450219776,3,1,0,18,0,0,0,0,1,0,2,1,6,1,37,7,-1,-1,-1,-1,-1,-1
2017450219783,1,9,0,18,0,0,0,0,0,0,1,1,6,2,41,7,1840,1,16,-1,-1,-1
2017450219783,2,9,0,18,0,0,0,0,0,0,4,1,6,2,70,10,1240,1,12,-1,-1,-1
2017450219816,1,9,0,18,0,0,1,0,0,0,1,1,6,1,23,5,1388,1,13,-1,-1,-1
2017450219816,2,9,0,18,0,0,0,0,0,0,1,1,2,1,69,10,4367,2,3,-1,-1,-1
2017450219880,1,9,0,9,0,1,0,0,0,0,1,1,3,2,38,7,1242,1,7,-1,-1,-1
2017450219880,2,9,0,17,0,8,0,0,0,0,1,1,6,2,52,8,1598,1,5,-1,-1,-1
2017450219924,1,9,0,18,0,0,0,0,0,0,1,1,6,1,49,8,1968,2,8,-1,-1,-1
2017450220234,1,9,0,18,0,0,0,0,0,0,3,1,2,2,27,6,1598,2,1,10,1,10
2017450220234,2,9,0,18,0,0,0,10,7,4,3,1,2,1,59,9,1395,1,-1,-1,-1,-1
2017450220260,1,9,0,4,0,1,1,0,0,0,1,1,6,1,74,10,1598,1,17,-1,-1,-1
2017450220260,2,9,0,3,0,1,0,0,0,0,2,1,6,1,45,7,1596,1,24,-1,-1,-1
2017450220260,3,9,0,4,0,1,0,0,0,0,2,1,6,1,34,6,999,1,-1,-1,-1,-1
2017450220279,1,9,0,18,0,0,0,0,0,0,4,1,6,1,36,7,1598,1,11,-1,-1,-1
2017450220279,2,9,0,18,0,0,0,0,0,0,1,1,6,1,33,6,1997,2,4,8,1,8
2017450220306,1,9,0,13,0,0,0,0,1,0,1,1,6,1,17,4,1397,1,9,10,3,10
2017450220306,2,9,0,18,0,0,0,0,0,0,1,1,2,1,30,6,1240,1,8,3,2,3
2017450220310,1,19,0,9,0,0,0,0,0,0,1,1,2,1,32,6,2198,2,1,-1,-1,-1
2017450220310,2,3,0,14,0,0,0,0,0,0,4,1,1,1,23,5,125,1,-1,-1,-1,-1
2017450220312,1,9,0,3,0,1,0,0,0,0,2,1,6,2,42,7,1242,1,2,-1,-1,-1
2017450220312,2,9,0,3,0,1,0,0,0,0,1,1,6,2,55,8,1395,1,4,5,3,5
2017450220329,1,9,0,3,0,6,0,0,0,0,2,1,6,2,61,9,1388,1,13,-1,-1,-1
2017450220329,2,9,0,5,0,1,0,0,0,0,1,1,6,2,30,6,1398,1,1,-1,-1,-1
2017450220350,1,1,0,18,0,0,0,0,0,0,1,1,5,1,45,7,-1,-1,-1,-1,-1,-1
2017450220362,1,9,0,4,0,1,0,0,0,0,2,1,2,1,44,7,1598,2,2,-1,-1,-1
2017450220362,2,9,0,4,0,1,0,0,0,0,1,1,2,2,37,7,2143,2,3,-1,-1,-1
2017450220373,1,11,0,3,0,0,0,0,0,0,1,1,6,1,76,11,5900,2,9,10,3,10
2017450220377,1,1,0,18,9,2,0,2,7,0,1,1,2,2,20,4,-1,-1,-1,-1,-1,-1
2017450220424,1,1,0,18,0,0,0,0,0,0,0,1,6,1,20,4,-1,-1,-1,-1,-1,-1
2017450220436,1,9,0,18,0,0,0,0,0,0,1,1,1,1,47,8,1998,2,3,-1,-1,-1
2017450220453,1,1,0,18,0,1,0,0,0,0,1,1,6,3,-1,-1,-1,-1,-1,-1,-1,-1
2017450220523,1,1,0,18,0,0,0,0,0,0,1,1,6,3,29,6,-1,-1,-1,-1,-1,-1
2017450220542,1,9,0,18,0,0,0,0,0,0,0,1,6,3,30,6,-1,-1,-1,-1,-1,-1
2017450220542,2,9,0,2,0,0,0,0,0,0,0,1,6,1,43,7,1956,2,7,10,1,10
2017450220571,1,3,0,18,0,3,0,0,0,0,0,1,6,1,19,4,124,1,4,8,3,8
2017450220571,2,9,0,18,0,3,0,0,0,0,0,1,6,2,68,10,1598,1,13,8,1,8
2017450220752,1,9,0,4,0,0,0,0,0,0,4,1,6,2,58,9,1870,2,9,-1,-1,-1
2017450220769,1,1,0,18,0,0,0,0,0,0,3,1,6,1,23,5,-1,-1,-1,-1,-1,-1
2017450220769,2,9,0,18,0,0,0,0,0,0,4,1,6,1,68,10,2435,1,19,-1,-1,-1
2017450220787,1,9,0,4,0,0,0,0,0,0,1,1,6,1,19,4,1242,1,10,-1,-1,-1
2017450220787,2,9,0,3,0,0,0,0,0,0,2,1,6,1,44,7,1360,1,11,-1,-1,-1
2017450220819,1,9,0,18,0,1,0,0,0,0,1,1,6,1,17,4,1796,1,9,8,1,8
2017450220819,2,9,0,18,0,1,0,0,0,0,0,1,6,1,17,4,1198,1,15,10,1,10
2017450220819,3,9,0,1,0,1,0,0,0,0,4,1,6,2,52,8,1242,1,8,10,1,10
2017450220820,1,2,0,18,0,1,0,0,0,0,3,1,5,1,74,10,-1,-1,-1,-1,-1,-1
2017450220820,2,9,0,5,0,8,0,0,0,0,1,1,5,2,34,6,1591,1,6,-1,-1,-1
2017450220861,1,9,0,18,0,0,0,0,0,0,1,1,5,1,75,10,-1,-1,-1,-1,-1,-1
2017450220861,2,9,0,3,0,0,0,0,0,0,2,1,5,2,51,8,-1,-1,-1,-1,-1,-1
2017450220861,3,9,0,3,0,0,0,0,0,0,2,1,5,1,43,7,1968,2,9,-1,-1,-1
2017450220866,1,8,0,18,0,1,0,0,0,0,1,1,1,1,32,6,1798,1,8,-1,-1,-1
2017450220866,2,9,0,18,0,1,0,0,0,0,1,1,6,2,18,4,1299,1,10,-1,-1,-1
2017450220867,1,9,0,18,0,0,0,0,0,0,1,1,6,1,23,5,2597,1,13,-1,-1,-1
2017450220867,2,9,0,18,0,0,1,10,0,0,1,1,6,1,38,7,1598,2,-1,-1,-1,-1
2017450220903,1,9,0,17,0,0,0,0,0,0,3,1,6,3,24,5,1242,1,11,-1,-1,-1
2017450220916,1,9,0,18,0,0,0,0,0,0,1,1,1,1,27,6,-1,-1,-1,-1,-1,-1
2017450220928,1,9,0,5,0,1,0,0,0,0,1,1,6,2,82,11,1242,1,6,-1,-1,-1
2017450220928,2,11,0,18,0,1,0,0,0,0,1,1,6,1,29,6,3900,2,11,-1,-1,-1
2017450221021,1,19,0,16,0,0,1,0,0,0,1,1,5,1,46,8,1870,2,14,3,1,3
2017450221021,2,9,0,17,0,0,1,0,0,0,3,1,5,2,40,7,1360,1,14,9,3,9
2017450221100,1,9,0,18,0,3,0,0,1,0,1,1,2,1,25,5,1968,2,5,-1,-1,-1
2017450221109,1,9,0,5,0,1,0,0,0,0,3,1,6,2,70,10,1560,2,8,-1,-1,-1
2017450221109,2,9,0,18,0,1,0,0,0,0,3,1,6,3,30,6,-1,-1,-1,-1,-1,-1
2017450221173,1,9,0,18,0,8,0,0,0,0,3,1,5,1,27,6,1360,1,13,-1,-1,-1
2017450221173,2,9,0,18,0,8,0,0,0,0,1,1,5,3,45,7,1994,1,15,-1,-1,-1
2017450221229,1,9,0,18,0,0,0,0,0,0,1,1,5,3,35,6,1200,1,-1,-1,-1,-1
2017450221229,2,9,0,3,0,0,0,0,0,0,4,1,1,2,49,8,998,1,1,-1,-1,-1
2017450221306,1,9,0,14,0,0,5,0,0,0,1,1,5,2,17,4,1242,1,5,10,1,10
2017450221306,2,9,0,2,0,0,1,0,1,0,2,1,5,2,53,8,1496,1,2,10,1,10
2017450221309,1,9,0,18,0,4,0,0,0,0,3,1,6,2,28,6,1598,2,1,-1,-1,-1
2017450221309,2,9,0,18,0,3,1,0,0,0,1,1,6,1,77,11,948,1,-1,-1,-1,-1
2017450221318,1,9,0,18,0,2,0,0,0,0,1,1,6,1,56,9,3222,2,14,-1,-1,-1
2017450221318,2,3,0,9,0,2,2,0,0,0,4,1,1,1,32,6,125,1,6,-1,-1,-1
2017450221342,1,9,0,17,0,0,1,0,1,0,1,1,5,2,42,7,1998,1,15,10,1,10
2017450221354,1,9,0,1,8,0,0,0,0,0,0,1,6,2,37,7,1596,1,11,-1,-1,-1
2017450221354,2,9,0,18,0,0,0,0,0,0,2,1,6,2,24,5,1242,1,9,-1,-1,-1
2017450221354,3,9,0,18,0,0,0,0,0,0,1,1,6,2,40,7,1596,1,15,-1,-1,-1
2017450221361,1,9,0,16,6,0,0,0,7,0,4,1,5,1,50,8,2179,2,3,5,3,5
2017450221410,1,9,0,4,0,0,0,0,0,0,1,1,6,2,22,5,1796,1,5,-1,-1,-1
2017450221410,2,9,0,4,0,0,0,0,0,0,2,1,6,2,40,7,-1,-1,-1,-1,-1,-1
2017450221440,1,9,0,18,0,0,0,0,0,0,1,1,6,2,33,6,1395,1,3,-1,-1,-1
2017450221463,1,1,0,18,0,0,0,8,0,0,1,1,6,1,43,7,-1,-1,-1,-1,-1,-1
2017450221463,2,9,0,2,0,0,0,0,0,0,0,1,6,1,29,6,1399,2,14,-1,-1,-1
2017450221471,1,21,1,17,0,0,0,0,1,0,3,1,1,1,44,7,10837,2,2,-1,-1,-1
2017450221471,2,21,1,14,0,0,0,0,0,0,3,1,1,1,52,8,10837,2,4,-1,-1,-1
2017450221516,1,9,0,3,0,0,0,0,0,0,0,1,6,2,51,8,1995,2,4,-1,-1,-1
2017450221516,2,9,0,18,0,0,0,0,0,0,1,1,6,2,22,5,999,1,1,-1,-1,-1
2017450221524,1,10,0,18,0,6,0,0,0,0,4,1,6,3,50,8,-1,-1,-1,-1,-1,-1
2017450221535,1,9,0,4,0,0,0,0,0,0,2,1,5,1,45,7,1968,2,-1,5,1,5
2017450221535,2,1,0,18,0,0,0,0,0,0,1,1,6,1,37,7,-1,-1,-1,1,1,1
2017450221553,1,9,0,1,0,1,0,0,0,0,4,1,6,2,71,10,998,1,7,-1,-1,-1
2017450221553,2,1,0,1,0,1,0,0,0,0,1,1,6,1,62,9,-1,-1,-1,-1,-1,-1
2017450221590,1,21,0,18,0,0,0,0,0,0,1,1,5,1,40,7,-1,-1,-1,3,1,3
2017450221615,1,9,0,18,0,0,0,0,0,0,1,1,6,1,41,7,1596,1,11,-1,-1,-1
2017450221631,1,1,0,5,9,0,0,0,0,0,0,1,5,1,14,3,-1,-1,-1,4,1,4
2017450221683,1,9,0,18,0,0,2,0,7,4,3,1,1,2,22,5,1349,1,6,-1,-1,-1
2017450221753,1,1,0,18,0,0,0,0,7,10,0,1,6,1,13,3,-1,-1,-1,-1,-1,-1
2017450221753,2,9,0,18,0,0,0,0,0,0,0,1,6,1,34,6,-1,-1,-1,-1,-1,-1
2017450221760,1,9,0,3,0,0,0,0,0,0,2,1,5,1,36,7,2993,2,4,8,1,8
2017450221760,2,9,0,5,0,0,1,0,0,0,1,1,5,2,26,6,1490,1,10,7,1,7
2017450221795,1,9,0,3,0,2,0,0,0,0,2,1,5,1,56,9,4367,2,3,6,1,6
2017450221795,2,9,0,3,0,1,0,0,0,0,2,1,5,2,42,7,1699,1,9,10,1,10
2017450221796,1,9,0,18,0,0,0,0,0,0,2,1,1,1,32,6,-1,-1,-1,-1,-1,-1
2017450221812,1,9,0,1,0,0,0,0,0,0,0,1,5,1,65,9,1498,1,-1,-1,-1,-1
2017450221812,2,3,0,4,0,0,1,0,0,0,0,1,2,1,28,6,124,1,8,-1,-1,-1
2017450221816,1,1,0,10,0,1,0,0,0,0,3,1,6,1,29,6,-1,-1,-1,-1,-1,-1
2017450221816,2,9,0,18,0,4,0,0,0,0,1,1,6,1,50,8,1896,2,14,-1,-1,-1
2017450221821,1,2,0,4,0,1,1,0,1,0,0,1,5,2,17,4,49,1,1,5,1,5
2017450221831,1,9,0,18,0,1,0,0,0,0,1,1,6,1,20,4,1599,1,12,-1,-1,-1
2017450221831,2,9,0,9,0,2,0,0,0,0,1,1,2,1,65,9,1896,2,14,-1,-1,-1
2017450221833,1,9,0,17,0,0,0,0,1,0,3,1,2,1,36,7,1124,1,16,-1,-1,-1
2017450221833,2,9,0,2,9,0,0,0,0,0,3,1,6,1,51,8,-1,-1,-1,-1,-1,-1
2017450221833,3,9,0,2,9,0,0,0,0,0,3,1,6,2,42,7,2993,2,2,-1,-1,-1
2017450221847,1,9,0,5,0,1,0,0,0,0,1,1,6,2,65,9,1390,1,3,-1,-1,-1
2017450221847,2,1,0,5,0,8,0,0,0,0,2,1,6,2,51,8,-1,-1,-1,-1,-1,-1
2017450221850,1,9,0,3,0,0,0,0,0,0,2,1,5,2,50,8,1595,1,1,10,1,10
2017450221850,2,3,0,3,0,0,0,0,0,0,1,1,5,1,20,4,124,1,2,10,1,10
2017450221865,1,9,0,5,0,1,0,0,0,0,1,1,6,1,18,4,1390,1,10,9,1,9
2017450221865,2,9,0,18,0,1,0,0,0,0,2,1,6,1,89,11,-1,-1,-1,7,1,7
2017450221865,3,19,0,18,0,1,0,0,0,0,2,1,6,1,52,8,1968,2,-1,9,2,9
2017450221870,1,21,0,18,0,0,0,0,0,0,4,1,1,1,30,6,7698,2,-1,-1,-1,-1
2017450221870,2,20,1,2,6,0,0,0,0,0,3,1,1,1,60,9,-1,-1,-1,-1,-1,-1
2017450221895,1,9,0,18,0,0,0,0,0,0,2,1,6,1,37,7,999,1,-1,6,1,6
2017450221895,2,9,0,18,0,0,5,0,0,0,1,1,6,1,24,5,1086,1,9,2,1,2
2017450221902,1,2,0,18,0,1,0,0,0,0,1,1,6,1,32,6,124,1,1,-1,-1,-1
2017450221902,2,9,0,5,0,1,0,0,0,0,1,1,3,2,36,7,1596,1,7,-1,-1,-1
2017450221913,1,9,0,18,0,0,0,0,0,0,4,1,5,2,30,6,-1,-1,-1,-1,-1,-1
2017450221926,1,4,0,13,0,0,0,0,0,0,1,1,6,1,20,4,599,1,18,-1,-1,-1
2017450221926,2,9,0,18,0,0,0,0,0,0,3,1,6,1,39,7,1995,2,6,-1,-1,-1
2017450221930,1,9,0,17,0,1,0,0,0,0,3,1,5,1,44,7,1896,2,13,2,1,2
2017450221934,1,9,0,18,0,1,0,0,8,0,4,1,6,2,23,5,1598,1,12,-1,-1,-1
2017450221934,2,9,0,18,0,1,0,0,8,0,1,1,6,3,55,8,-1,-1,-1,-1,-1,-1
2017450221945,1,9,0,4,0,0,0,0,0,0,1,1,3,2,21,5,1199,2,5,-1,-1,-1
2017450221945,2,9,0,3,0,0,0,0,0,0,2,1,3,1,52,8,1270,1,21,-1,-1,-1
2017450221945,3,9,0,3,0,0,0,0,0,0,2,1,3,2,24,5,1595,1,3,-1,-1,-1
2017450221969,1,9,0,5,0,0,0,0,0,0,1,1,6,1,50,8,1910,2,10,-1,-1,-1
2017450221969,2,9,0,18,0,0,0,0,0,0,4,1,2,1,65,9,1124,1,14,-1,-1,-1
2017450221969,3,9,0,9,0,0,0,0,0,0,2,1,6,2,34,6,2143,2,1,-1,-1,-1
2017450221972,1,9,0,3,0,0,0,0,0,0,2,1,6,1,38,7,998,1,-1,-1,-1,-1
2017450221972,2,21,0,3,0,0,0,0,0,0,1,1,6,3,50,8,-1,-1,-1,-1,-1,-1
2017450221998,1,9,0,5,0,0,0,0,0,0,1,1,5,1,20,4,1995,2,12,9,3,9
2017450221998,2,4,0,18,0,0,0,0,1,0,1,1,6,1,54,8,647,1,21,6,3,6