Accident_Index,Vehicle_Reference,Vehicle_Type,Towing_and_Articulation,Vehicle_Manoeuvre,Vehicle_Location-Restricted_Lane,Junction_Location,Skidding_and_Overturning,Hit_Object_in_Carriageway,Vehicle_Leaving_Carriageway,Hit_Object_off_Carriageway,1st_Point_of_Impact,Was_Vehicle_Left_Hand_Drive?,Journey_Purpose_of_Driver,Sex_of_Driver,Age_of_Driver,Age_Band_of_Driver,Engine_Capacity_(CC),Propulsion_Code,Age_of_Vehicle,Driver_IMD_Decile,Driver_Home_Area_Type,Vehicle_IMD_Decile
2017450221998,3,9,0,2,9,0,0,0,0,0,4,1,6,3,42,7,1798,1,3,-1,-1,-1
2017450222052,1,9,0,4,0,4,0,0,0,0,1,1,6,1,22,5,1796,1,17,7,1,7
2017450222052,2,9,0,18,0,4,0,0,0,0,0,1,6,3,50,8,5000,1,3,-1,-1,-1
2017450222069,1,1,0,18,0,0,0,0,0,0,1,1,6,2,42,7,-1,-1,-1,-1,-1,-1
2017450222069,2,9,0,17,0,0,0,0,0,0,3,1,6,1,30,6,-1,-1,-1,-1,-1,-1
2017450222086,1,1,0,18,0,0,0,0,0,0,0,1,6,1,15,3,-1,-1,-1,5,1,5
2017450222089,1,9,0,18,0,0,0,0,0,0,2,1,6,2,70,10,2198,1,11,-1,-1,-1
2017450222089,2,1,0,5,0,0,0,0,0,0,1,1,6,2,20,4,-1,-1,-1,-1,-1,-1
2017450222102,1,9,0,9,0,5,0,0,0,0,1,1,2,2,36,7,1596,1,10,-1,-1,-1
2017450222142,1,9,0,5,0,0,0,0,0,0,3,1,5,2,57,9,2460,2,10,-1,-1,-1
2017450222142,2,9,0,18,0,0,0,0,0,0,4,1,5,2,54,8,2000,1,8,-1,-1,-1
2017450222154,1,9,0,9,0,5,0,0,0,0,3,1,5,2,76,11,1246,1,12,-1,-1,-1
2017450222154,2,1,0,18,0,8,0,0,0,0,1,1,5,1,65,9,-1,-1,-1,-1,-1,-1
2017450222179,1,1,0,16,0,0,1,0,0,0,1,1,6,1,26,6,-1,-1,-1,-1,-1,-1
2017450222179,2,9,0,17,0,0,0,0,0,0,1,1,6,1,45,7,1598,1,9,-1,-1,-1
2017450222202,1,9,0,18,0,8,0,0,0,0,2,1,1,1,50,8,1499,2,1,-1,-1,-1
2017450222202,2,9,0,9,0,1,0,0,0,0,1,1,6,1,73,10,2199,2,9,10,1,10
2017450222206,1,9,0,18,0,0,0,0,0,0,1,1,6,1,55,8,-1,-1,-1,-1,-1,-1
2017450222222,1,9,0,5,0,2,0,0,3,0,1,1,6,2,86,11,1389,1,20,6,1,6
2017450222225,1,9,0,18,0,8,0,0,0,0,1,1,6,1,37,7,1969,2,1,-1,-1,-1
2017450222225,2,9,0,18,0,2,1,0,0,0,1,1,6,1,58,9,1598,1,9,-1,-1,-1
2017450222227,1,21,0,18,0,0,1,0,0,0,1,1,1,1,34,6,11705,2,8,-1,-1,-1
2017450222227,2,9,0,18,0,0,0,0,0,0,2,1,6,1,36,7,1997,2,9,-1,-1,-1
2017450222227,3,9,0,18,0,0,0,0,0,0,2,1,1,2,49,8,1499,2,1,-1,-1,-1
2017450222232,1,9,0,18,0,0,0,0,0,0,1,1,6,2,38,7,973,1,16,3,1,3
2017450222232,2,9,0,2,0,0,0,0,0,0,2,1,5,1,33,6,1839,1,21,-1,-1,-1
2017450222254,1,9,0,3,0,1,0,0,0,0,2,1,6,2,29,6,-1,-1,-1,-1,-1,-1
2017450222254,2,10,0,5,0,6,0,0,0,0,1,1,6,1,61,9,2143,2,-1,-1,-1,-1
2017450222256,1,9,0,18,0,0,0,0,0,0,1,1,6,1,60,9,-1,-1,-1,-1,-1,-1
2017450222256,2,1,0,18,0,0,0,0,0,0,1,1,6,1,12,3,-1,-1,-1,10,1,10
2017450222283,1,1,0,18,0,4,0,0,0,0,1,1,6,1,34,6,-1,-1,-1,-1,-1,-1
2017450222283,2,20,0,17,0,1,0,0,0,0,3,1,6,1,22,5,1995,2,-1,-1,-1,-1
2017450222292,1,9,0,18,0,0,0,0,7,0,4,1,3,2,48,8,1598,1,7,-1,-1,-1
2017450222305,1,9,0,18,0,1,0,0,0,0,1,1,6,2,31,6,1360,1,6,-1,-1,-1
2017450222305,2,1,0,18,0,1,0,0,0,0,1,1,6,1,36,7,-1,-1,-1,-1,-1,-1
2017450222310,1,9,0,18,0,1,0,0,0,0,1,1,6,1,39,7,1997,2,5,-1,-1,-1
2017450222310,2,9,0,9,0,6,0,0,0,0,3,1,6,1,21,5,2979,1,-1,-1,-1,-1
2017450222322,1,9,0,18,0,0,0,0,0,0,1,1,1,1,51,8,-1,-1,-1,-1,-1,-1
2017450222322,2,9,0,18,0,0,0,0,0,0,3,1,6,2,57,9,1598,1,10,-1,-1,-1
2017450222325,1,9,0,16,0,0,1,10,0,0,3,1,6,1,20,4,2979,1,3,-1,-1,-1
2017450222338,1,9,0,18,0,0,1,0,0,0,1,1,6,1,24,5,1398,2,14,-1,-1,-1
2017450222338,2,9,0,3,0,0,0,0,0,0,2,1,6,1,33,6,1988,1,14,-1,-1,-1
2017450222364,1,3,0,18,0,0,0,0,0,0,1,1,6,1,32,6,124,1,4,-1,-1,-1
2017450222364,2,9,0,9,0,0,0,0,0,0,1,1,6,2,19,4,1998,1,-1,-1,-1,-1
2017450222372,1,9,0,18,0,0,0,0,0,0,3,1,6,1,84,11,1242,1,4,-1,-1,-1
2017450222372,2,9,0,18,0,0,0,0,0,0,1,1,6,1,44,7,1598,1,7,-1,-1,-1
2017450222429,1,9,0,18,0,0,0,0,0,0,1,1,6,1,29,6,998,1,8,-1,-1,-1
2017450222429,2,1,0,18,0,0,0,0,0,0,3,1,6,1,7,2,-1,-1,-1,-1,-1,-1
2017450222442,1,9,0,18,0,8,0,0,0,0,1,1,6,1,62,9,1389,1,12,-1,-1,-1
2017450222442,2,9,0,9,0,8,0,0,0,0,4,1,6,1,17,4,1198,1,1,-1,-1,-1
2017450222442,3,9,0,18,0,1,0,0,0,0,3,1,6,2,24,5,1781,1,11,-1,-1,-1
2017450222644,1,9,0,18,0,1,0,0,0,0,1,1,5,2,26,6,1493,2,10,-1,-1,-1
2017450222644,2,9,0,18,0,1,0,0,0,0,1,1,1,1,41,7,1598,2,6,-1,-1,-1
2017450222645,1,9,0,4,0,1,0,0,0,0,2,1,6,2,80,11,-1,-1,-1,-1,-1,-1
2017450222645,2,9,0,18,0,1,0,0,0,0,1,1,6,1,50,8,-1,-1,-1,-1,-1,-1
2017450222676,1,9,0,16,0,1,0,0,0,0,1,1,5,2,48,8,1598,1,8,-1,-1,-1
2017450222676,2,9,0,18,0,1,0,0,0,0,1,1,3,2,29,6,1991,2,8,-1,-1,-1
2017450222686,1,9,0,4,0,0,0,0,0,0,1,1,6,1,62,9,1995,2,2,-1,-1,-1
2017450222690,1,9,0,5,0,0,0,0,0,0,4,1,2,1,45,7,1995,2,3,10,1,10
2017450222690,2,1,0,18,0,0,0,0,0,0,1,1,2,1,36,7,-1,-1,-1,9,1,9
2017450222693,1,9,0,18,0,4,0,0,0,0,3,1,5,1,43,7,1685,2,-1,-1,-1,-1
2017450222693,2,9,0,4,0,4,0,0,0,0,1,1,5,1,86,11,2499,1,7,-1,-1,-1
2017450222694,1,9,0,10,0,1,0,0,0,0,2,1,6,1,32,6,1598,1,10,-1,-1,-1
2017450222694,3,9,0,18,0,1,0,0,0,0,1,1,6,1,18,4,1198,1,15,-1,-1,-1
2017450222695,1,4,0,18,0,1,0,0,0,0,1,1,6,1,69,10,124,1,8,-1,-1,-1
2017450222695,2,9,0,4,0,1,0,0,0,0,2,1,6,1,58,9,1587,1,11,-1,-1,-1
2017450222714,1,9,0,16,0,0,0,0,0,0,1,1,1,1,30,6,-1,-1,-1,5,1,5
2017450222714,2,9,0,10,0,0,0,0,0,0,2,1,6,1,53,8,2969,2,10,9,1,9
2017450222717,1,9,0,18,0,0,0,0,0,0,2,1,1,1,49,8,2979,1,4,-1,-1,-1
2017450222717,2,4,0,4,0,0,0,0,0,0,1,1,1,1,44,7,996,1,13,-1,-1,-1
2017450222740,1,9,0,18,0,1,0,0,0,0,1,1,6,2,31,6,2497,1,12,-1,-1,-1
2017450222740,2,4,0,3,0,1,0,0,0,0,3,1,6,1,25,5,125,1,3,-1,-1,-1
2017450222754,1,9,0,3,0,0,0,0,0,0,0,1,6,2,41,7,2993,2,1,-1,-1,-1
2017450222763,1,9,0,18,0,1,0,0,1,0,1,1,6,1,72,10,2494,1,16,9,1,9
2017450222763,2,9,0,18,0,1,0,0,1,0,4,1,6,1,39,7,1422,2,8,5,1,5
2017450222765,1,9,0,5,0,0,0,0,0,0,1,1,6,1,68,10,1560,2,8,-1,-1,-1
2017450222765,2,9,0,18,0,0,0,0,0,0,1,1,5,2,41,7,999,1,-1,-1,-1,-1
2017450222783,1,9,0,15,0,0,0,0,0,0,1,1,5,2,40,7,999,1,4,-1,-1,-1
2017450222783,2,9,0,2,0,0,0,0,0,0,2,1,6,2,43,7,1596,1,8,-1,-1,-1
2017450222783,3,9,0,2,0,0,0,0,0,0,1,1,6,2,38,7,2179,2,4,-1,-1,-1
2017450222794,1,9,0,5,0,6,5,0,1,0,3,1,6,2,18,4,999,1,4,-1,-1,-1
2017450222794,2,9,0,18,0,1,0,0,0,0,1,1,6,1,40,7,1796,1,14,-1,-1,-1
2017450222804,1,90,0,12,0,0,0,0,0,0,1,1,6,3,50,8,-1,-1,-1,-1,-1,-1
2017450222804,2,9,0,18,0,0,0,0,0,0,2,1,5,2,45,7,1998,2,12,-1,-1,-1
2017450222812,1,9,0,18,0,0,0,0,1,0,4,1,6,2,59,9,1598,1,4,-1,-1,-1
2017450222812,2,21,0,11,0,0,0,0,0,0,3,1,1,1,50,8,-1,-1,-1,-1,-1,-1
2017450222911,1,9,0,18,0,0,0,0,0,0,2,1,6,2,39,7,1598,1,4,-1,-1,-1
2017450222911,2,9,0,18,0,0,0,0,0,0,1,1,6,1,50,8,1998,2,12,-1,-1,-1
2017450223057,1,9,0,18,0,1,0,0,0,0,1,1,6,2,50,8,2993,2,10,-1,-1,-1
2017450223057,2,21,0,18,0,1,0,0,0,0,1,1,6,1,45,7,2998,2,9,-1,-1,-1
2017450223095,1,9,0,18,0,0,0,0,7,10,1,1,5,1,21,5,1198,1,15,-1,-1,-1
2017450223102,1,9,0,16,0,5,0,0,3,0,1,1,6,1,68,10,1560,2,2,-1,-1,-1
2017450223114,1,11,0,18,0,0,0,0,0,0,4,1,1,1,58,9,4500,2,8,-1,-1,-1
2017450223114,2,1,0,18,0,0,1,0,0,0,3,1,5,1,15,3,-1,-1,-1,-1,-1,-1
2017450223123,1,9,0,9,0,1,0,0,0,0,4,1,6,1,47,8,1997,1,10,-1,-1,-1
2017450223123,2,1,0,18,0,1,0,0,0,0,1,1,6,1,28,6,-1,-1,-1,-1,-1,-1
2017450223144,1,9,0,18,0,0,0,0,1,11,1,1,5,1,27,6,1598,2,2,-1,-1,-1
2017450223158,1,9,0,18,0,8,0,0,0,0,1,1,6,1,49,8,1995,2,7,-1,-1,-1
2017450223171,1,9,5,5,0,0,0,0,2,0,1,1,5,1,20,4,998,1,3,-1,-1,-1
2017450223178,1,9,0,18,0,1,0,0,0,0,2,1,6,2,23,5,998,1,15,-1,-1,-1
2017450223178,2,9,0,18,0,1,0,0,0,0,3,1,1,1,45,7,-1,-1,-1,-1,-1,-1
2017450223192,1,9,0,8,0,0,0,0,0,0,1,1,6,2,20,4,1398,1,-1,-1,-1,-1
2017450223192,2,9,0,18,0,0,0,0,0,0,1,1,6,2,22,5,1595,1,16,-1,-1,-1
2017450223218,1,9,0,18,0,0,0,0,0,0,2,1,6,1,53,8,998,1,8,-1,-1,-1
2017450223218,2,9,0,18,0,0,0,0,0,0,1,1,6,1,35,6,2987,2,2,-1,-1,-1
2017450223400,1,9,0,18,0,0,1,0,0,0,1,1,6,1,18,4,-1,-1,-1,-1,-1,-1
2017450223417,1,1,0,4,0,1,5,0,0,0,0,1,4,2,16,4,-1,-1,-1,-1,-1,-1
2017450223439,1,9,0,18,0,0,0,0,0,0,2,1,6,2,42,7,2987,2,10,-1,-1,-1
2017450223439,2,9,0,7,0,0,1,0,0,0,1,1,6,1,25,5,1386,1,14,-1,-1,-1
2017450223561,1,9,0,9,0,1,0,0,0,0,1,1,1,1,24,5,2496,2,13,-1,-1,-1
2017450223561,2,1,0,5,0,1,0,0,0,0,1,1,5,1,63,9,-1,-1,-1,-1,-1,-1
2017450223572,1,9,0,18,0,8,0,0,0,0,2,1,6,2,40,7,1600,1,1,-1,-1,-1
2017450223572,2,9,0,18,0,8,0,0,0,0,1,1,6,2,30,6,1248,1,6,-1,-1,-1
2017450223594,1,9,0,17,0,0,0,0,1,3,4,1,1,1,23,5,5461,1,-1,-1,-1,-1
2017450223594,2,9,0,16,0,0,0,0,0,0,0,1,5,2,65,9,1598,2,2,-1,-1,-1
2017450223609,1,9,0,4,0,8,1,7,3,4,3,1,6,2,19,4,1229,1,7,-1,-1,-1
2017450223609,2,21,0,18,0,8,0,0,0,0,1,1,1,1,61,9,-1,-1,-1,-1,-1,-1
2017450223618,1,2,0,16,0,0,0,0,0,0,1,1,6,1,16,4,49,1,7,-1,-1,-1
2017450223618,2,9,0,4,0,0,0,0,0,0,1,1,6,1,63,9,1910,2,10,-1,-1,-1
2017450223625,1,9,0,18,0,0,0,0,0,0,0,1,5,3,45,7,-1,-1,-1,-1,-1,-1
2017450223625,2,9,0,18,0,0,1,0,7,0,4,1,5,2,25,5,1364,1,11,-1,-1,-1
2017450223641,1,9,0,18,0,0,0,0,0,0,3,1,1,2,51,8,1995,2,15,-1,-1,-1
2017450223641,2,17,0,18,0,0,0,0,0,0,2,1,1,1,31,6,-1,-1,-1,-1,-1,-1
2017450223642,1,9,0,18,0,0,0,0,0,0,0,1,5,3,50,8,-1,-1,-1,-1,-1,-1
2017450223642,2,9,0,18,0,0,0,0,0,0,2,1,2,2,38,7,1798,8,1,-1,-1,-1
2017450223642,3,9,0,18,0,0,0,0,0,0,1,1,5,2,47,8,1499,1,3,-1,-1,-1
2017450223642,4,21,0,18,0,0,0,0,0,0,1,1,1,1,23,5,-1,-1,-1,-1,-1,-1
2017450223662,1,9,0,16,0,0,0,0,8,0,1,1,6,1,21,5,998,1,6,-1,-1,-1
2017450223680,1,19,0,18,0,0,0,0,1,4,1,1,6,1,40,7,1995,2,8,2,1,2
2017450223698,1,9,0,9,0,0,0,0,0,0,1,1,3,2,43,7,1591,1,2,-1,-1,-1
2017450223698,2,3,0,14,0,0,0,0,0,0,2,1,2,1,29,6,1200,1,13,-1,-1,-1
2017450223701,1,9,0,17,0,0,0,0,1,4,1,1,5,1,27,6,1994,1,14,-1,-1,-1
2017450223701,2,90,0,16,0,0,0,0,0,0,0,1,6,3,50,8,-1,-1,-1,-1,-1,-1
2017450223717,1,1,0,18,5,0,0,0,0,0,0,1,6,2,62,9,-1,-1,-1,-1,-1,-1
2017450223726,1,9,0,3,0,1,0,0,0,0,2,1,6,2,63,9,1798,1,18,5,2,5
2017450223726,2,19,0,18,0,1,0,0,0,0,1,1,6,1,33,6,2299,2,3,-1,-1,-1
2017450223729,1,1,0,18,0,0,0,0,0,0,0,1,6,2,48,8,-1,-1,-1,-1,-1,-1
2017450223729,2,1,0,18,0,0,0,0,0,0,0,1,6,1,60,9,-1,-1,-1,-1,-1,-1
2017450223746,1,3,0,18,0,0,1,0,0,0,1,1,1,2,59,9,124,1,12,-1,-1,-1
2017450223783,1,9,0,18,0,0,0,0,0,0,1,1,6,2,58,9,1991,2,11,-1,-1,-1
2017450223807,1,9,0,18,0,0,0,0,0,0,2,1,6,2,25,5,999,1,2,-1,-1,-1
2017450223807,2,19,0,18,0,0,1,0,0,0,2,1,6,1,24,5,1995,2,1,-1,-1,-1
2017450223807,3,9,0,18,0,0,1,0,0,0,1,1,6,2,23,5,1595,1,10,-1,-1,-1
2017450223826,1,9,0,4,0,0,0,0,0,0,2,1,6,1,37,7,2457,1,13,-1,-1,-1
2017450223826,2,9,0,4,0,0,0,0,0,0,1,1,6,1,56,9,-1,-1,-1,-1,-1,-1
2017450223966,1,9,0,2,0,1,0,0,0,0,4,1,6,1,22,5,1198,1,3,-1,-1,-1
2017450223966,2,9,0,18,0,1,0,0,0,0,3,1,6,1,18,4,998,1,9,-1,-1,-1
2017450224023,1,9,0,18,0,1,0,0,0,0,1,1,6,1,45,7,-1,-1,-1,-1,-1,-1
2017450224032,1,5,0,13,0,0,0,0,8,0,4,1,5,1,31,6,999,1,-1,-1,-1,-1
2017450224032,2,21,0,18,0,0,0,0,0,0,3,1,1,1,26,6,6693,2,4,-1,-1,-1
2017450224034,1,9,0,18,0,0,0,0,0,0,0,1,6,1,50,8,2149,2,10,-1,-1,-1
2017450224051,1,1,0,18,0,0,0,0,0,0,1,1,6,1,35,6,-1,-1,-1,-1,-1,-1
2017450224051,2,21,0,18,0,0,0,0,0,0,2,1,6,1,55,8,-1,-1,-1,-1,-1,-1
2017450224113,1,9,0,17,0,0,1,0,0,0,1,1,2,2,-1,-1,1229,1,7,-1,-1,-1
2017450224113,2,9,0,4,0,0,0,0,0,0,2,1,6,2,67,10,1396,1,2,-1,-1,-1
2017450224121,1,9,0,18,0,0,0,0,0,0,1,1,6,1,46,8,2993,2,5,7,3,7
2017450224269,1,9,0,18,0,0,1,0,0,0,1,1,6,1,29,6,3824,1,10,8,1,8
2017450224269,2,9,0,11,0,0,0,4,1,0,1,1,6,1,42,7,1956,2,5,2,1,2
2017450224442,1,9,0,4,0,0,0,0,0,0,2,1,6,2,32,6,1590,1,16,-1,-1,-1
2017450224442,2,9,0,4,0,0,0,0,0,0,1,1,6,1,35,6,1390,1,5,-1,-1,-1
2017450224586,1,9,0,9,0,0,0,0,0,0,1,1,6,2,38,7,1149,1,15,-1,-1,-1
2017450224586,2,5,0,3,0,0,0,0,0,0,1,1,6,1,39,7,650,1,5,-1,-1,-1
2017450224717,1,9,0,2,0,0,0,0,0,0,2,1,6,1,44,7,1781,1,16,-1,-1,-1
2017450224717,2,9,0,18,0,0,0,0,0,0,1,1,6,2,85,11,1598,1,17,8,1,8
2017450224717,3,9,0,2,0,0,0,0,0,0,1,1,6,2,70,10,1200,1,2,-1,-1,-1
2017450224766,1,9,0,18,0,0,0,0,0,0,1,1,5,1,34,6,1995,2,1,-1,-1,-1
2017450224766,2,9,0,3,0,0,0,0,0,0,2,1,5,2,47,8,1995,2,14,-1,-1,-1
2017450224766,3,9,0,18,0,0,0,0,0,0,2,1,5,1,55,8,1956,2,3,-1,-1,-1
2017450224773,1,9,0,4,0,2,0,0,0,0,1,1,5,2,33,6,1997,1,8,-1,-1,-1
2017450224773,2,9,0,3,0,2,0,0,0,0,2,1,5,1,34,6,998,1,8,-1,-1,-1
2017450224773,3,9,0,4,0,2,0,0,0,0,2,1,5,2,81,11,1797,8,3,-1,-1,-1
2017450224907,1,4,0,18,0,1,0,0,0,0,1,1,5,1,26,6,599,1,9,-1,-1,-1
2017450224907,2,9,0,9,0,8,0,0,0,0,1,1,5,1,20,4,996,1,5,-1,-1,-1
2017450224907,3,9,0,10,0,1,0,0,0,0,0,1,5,1,30,6,1398,1,1,-1,-1,-1
2017450224930,1,9,0,7,0,8,0,0,0,0,1,1,6,1,19,4,1299,1,14,-1,-1,-1
2017450224930,2,9,0,18,0,2,0,0,0,0,3,1,6,1,47,8,1598,1,3,-1,-1,-1
2017450224944,1,9,0,18,0,0,0,0,0,0,4,1,5,2,20,4,1598,1,12,-1,-1,-1
2017450224944,2,1,0,18,0,0,0,0,1,0,2,1,6,1,15,3,-1,-1,-1,-1,-1,-1
2017450224944,3,1,0,18,0,0,0,0,1,0,2,1,6,1,15,3,-1,-1,-1,-1,-1,-1
2017450224963,1,9,0,5,9,0,0,0,0,0,1,1,6,1,81,11,1796,1,11,-1,-1,-1
2017450224969,1,4,0,18,0,8,0,0,0,0,4,1,6,1,53,8,675,1,5,-1,-1,-1
2017450224969,2,21,0,9,0,6,0,0,0,0,1,1,6,3,50,8,-1,-1,-1,-1,-1,-1
2017450224969,3,21,0,9,0,6,0,0,0,0,1,1,6,3,50,8,-1,-1,-1,-1,-1,-1
2017450224969,4,21,0,9,0,6,0,0,0,0,1,1,6,2,50,8,-1,-1,-1,-1,-1,-1
2017450224969,5,21,0,9,0,6,0,0,0,0,1,1,6,3,50,8,-1,-1,-1,-1,-1,-1
2017450224971,1,9,0,18,0,0,0,0,1,0,1,1,5,2,20,4,1390,1,16,10,2,10
2017450224984,1,9,0,18,0,1,0,0,0,0,2,1,6,2,59,9,1598,1,12,10,1,10
2017450224984,2,9,0,3,0,1,0,0,0,0,1,1,6,2,33,6,1781,1,12,10,1,10
2017450225016,1,9,0,18,0,0,0,0,0,0,1,1,2,2,60,9,999,1,1,-1,-1,-1
2017450225016,2,9,0,18,0,0,0,0,0,0,1,1,6,2,23,5,1498,1,9,-1,-1,-1
2017450225016,3,9,0,18,0,0,0,0,0,0,2,1,2,1,27,6,-1,-1,-1,-1,-1,-1
2017450225033,1,9,0,18,0,1,1,0,0,0,1,1,6,1,42,7,1796,1,16,-1,-1,-1
2017450225052,1,5,0,18,0,0,0,0,0,0,1,1,6,1,28,6,599,1,7,-1,-1,-1
2017450225052,2,9,0,9,0,0,0,0,0,0,1,1,6,2,39,7,1796,1,8,-1,-1,-1
2017450225228,1,9,0,9,0,1,0,0,0,0,1,1,5,2,53,8,1998,1,-1,-1,-1,-1
2017450225228,2,9,0,18,0,1,0,0,0,0,0,1,5,1,38,7,1968,2,7,-1,-1,-1
2017450225258,1,9,0,5,0,8,0,0,0,0,3,1,5,2,64,9,1395,1,-1,-1,-1,-1
2017450225258,2,9,0,18,0,1,0,0,0,0,1,1,5,1,70,10,1995,2,10,-1,-1,-1
2017450225309,1,9,0,18,0,0,0,0,0,0,3,1,2,1,37,7,1598,1,12,-1,-1,-1
2017450225309,2,9,0,18,0,0,0,0,0,0,3,1,3,2,41,7,1995,2,1,-1,-1,-1
2017450225357,1,9,0,18,0,0,1,0,0,0,1,1,1,1,24,5,-1,-1,-1,-1,-1,-1
2017450225357,2,9,0,7,0,0,0,0,0,0,1,1,6,2,84,11,999,1,1,-1,-1,-1
2017450225373,1,9,0,4,0,1,0,0,0,0,2,1,3,2,20,4,1390,1,13,-1,-1,-1
2017450225373,2,9,0,7,0,1,0,0,0,0,2,1,5,1,63,9,2987,2,3,-1,-1,-1
2017450225421,1,9,0,18,0,0,0,0,0,0,1,1,6,1,19,4,1896,2,11,-1,-1,-1
2017450225438,1,9,0,18,0,0,0,0,0,0,1,1,5,1,93,11,1390,1,14,-1,-1,-1
2017450225442,1,9,0,11,0,1,0,0,0,0,1,1,2,2,45,7,1560,2,1,-1,-1,-1
2017450225442,2,9,0,18,0,1,0,0,1,2,0,1,6,1,25,5,1496,2,1,-1,-1,-1
2017450225549,1,9,3,18,0,0,4,0,2,1,1,1,5,2,57,9,3940,1,14,9,1,9
2017450225570,1,9,0,18,0,0,0,0,0,0,1,1,1,1,42,7,1986,2,11,4,1,4
2017450225674,1,9,0,18,0,8,0,0,0,0,1,1,5,2,19,4,1299,1,11,-1,-1,-1
2017450225674,2,9,0,18,0,1,0,0,0,0,3,1,6,1,40,7,1968,2,2,-1,-1,-1
2017450225674,3,9,0,4,0,1,0,0,0,0,0,1,6,1,59,9,-1,-1,-1,-1,-1,-1
2017450225678,1,9,0,5,0,1,0,0,0,0,1,1,6,2,79,11,1590,1,13,-1,-1,-1
2017450225678,2,9,0,18,0,1,0,0,0,0,1,1,6,1,55,8,1197,1,3,-1,-1,-1
2017450225686,1,21,0,18,0,1,0,0,0,0,1,1,1,1,28,6,-1,-1,-1,-1,-1,-1
2017450225686,2,9,0,5,0,1,0,0,0,0,4,1,1,1,47,8,1997,2,2,-1,-1,-1
2017450225686,3,9,0,4,0,1,0,0,0,0,1,1,1,2,43,7,1339,1,15,-1,-1,-1
2017450225704,1,9,0,4,0,0,0,0,0,0,2,1,6,1,31,6,2204,2,13,-1,-1,-1
2017450225704,2,9,0,18,0,0,0,0,0,0,1,1,6,2,42,7,2179,2,3,-1,-1,-1
2017450225725,1,9,0,17,0,0,0,0,0,0,1,1,6,1,67,10,1461,2,-1,-1,-1,-1
2017450225725,2,9,0,18,0,0,0,0,0,0,1,1,6,1,77,11,-1,-1,-1,-1,-1,-1
2017450225799,1,9,0,18,0,1,1,0,7,0,1,1,6,1,30,6,1895,1,17,-1,-1,-1
2017450225862,1,9,0,11,0,0,1,0,0,0,1,1,5,1,21,5,1461,2,9,-1,-1,-1
2017450225862,2,9,0,18,0,0,0,0,0,0,2,1,5,1,44,7,1590,1,4,-1,-1,-1
2017450225894,1,9,0,4,0,0,0,0,0,0,2,1,6,1,45,7,1798,1,12,-1,-1,-1
2017450225894,2,19,0,4,0,0,0,0,0,0,1,1,1,1,24,5,2148,2,10,-1,-1,-1
2017450225926,1,9,0,18,0,0,0,0,0,0,2,1,6,2,51,8,1685,2,1,-1,-1,-1
2017450225926,2,9,0,4,0,0,0,0,0,0,2,1,6,1,52,8,1997,2,8,-1,-1,-1
2017450225926,3,9,0,4,0,0,0,0,0,0,2,1,1,1,44,7,1598,2,1,-1,-1,-1
2017450225926,4,9,0,18,0,0,0,0,0,0,1,1,5,1,27,6,-1,-1,-1,-1,-1,-1
2017450225947,1,9,0,4,0,0,0,0,0,0,2,1,6,2,44,7,2993,2,1,-1,-1,-1
2017450225947,2,19,0,18,0,0,0,0,0,0,1,1,1,1,50,8,4500,2,10,-1,-1,-1
2017450226121,1,9,0,18,0,0,0,0,0,0,1,1,5,1,17,4,1149,1,10,-1,-1,-1
2017450226121,2,9,0,4,0,0,0,0,0,0,2,1,1,1,37,7,1497,8,9,-1,-1,-1
2017450226161,1,21,0,4,0,0,0,0,0,0,1,1,1,1,48,8,-1,-1,-1,-1,-1,-1
2017450226161,2,9,0,3,0,0,0,4,0,0,2,1,1,1,46,8,1995,2,2,-1,-1,-1
2017450226161,3,9,0,3,0,0,0,0,0,0,2,1,5,1,25,5,1598,1,6,-1,-1,-1
2017450226190,1,9,0,3,0,0,0,0,0,0,2,1,6,2,42,7,1360,1,9,-1,-1,-1
2017450226190,2,9,0,3,0,0,0,0,0,0,1,1,6,1,50,8,2995,1,2,-1,-1,-1
2017450226190,3,9,0,3,0,0,0,0,0,0,1,1,6,1,50,8,-1,-1,-1,-1,-1,-1
2017450226206,1,9,0,18,0,0,0,0,0,0,0,1,6,1,77,11,2295,1,18,-1,-1,-1
2017450226206,2,4,0,18,0,0,5,0,1,4,0,1,6,1,62,9,1200,1,8,-1,-1,-1
2017450226215,1,9,0,18,0,0,0,0,0,0,1,1,6,2,19,4,1242,1,8,8,1,8
2017450226215,2,9,0,4,0,0,0,0,0,0,2,1,6,1,39,7,1997,2,14,8,3,8
2017450226218,1,1,0,18,0,1,0,0,0,0,4,1,1,2,19,4,-1,-1,-1,-1,-1,-1
2017450226218,2,19,0,18,0,1,0,0,0,0,1,1,6,3,50,8,-1,-1,-1,-1,-1,-1
2017450226238,1,3,0,17,0,1,1,0,1,0,1,1,2,1,22,5,125,1,12,-1,-1,-1
2017450226238,2,9,0,7,0,1,0,0,0,0,4,1,1,1,48,8,1560,2,-1,-1,-1,-1
2017450226252,1,9,0,18,0,0,0,0,0,0,1,1,6,1,66,10,1598,1,16,10,1,10
2017450226252,2,9,0,2,0,0,0,0,0,0,2,1,6,1,45,7,1968,2,10,-1,-1,-1
2017450226264,1,5,0,18,0,1,2,0,0,0,1,1,6,1,29,6,675,1,4,-1,-1,-1
2017450226264,2,9,0,3,0,1,0,0,0,0,1,1,2,2,43,7,1388,1,6,-1,-1,-1
2017450226269,1,9,0,9,0,1,0,0,0,0,3,1,2,2,24,5,1997,2,-1,6,1,6