Accident_Index,Vehicle_Reference,Vehicle_Type,Towing_and_Articulation,Vehicle_Manoeuvre,Vehicle_Location-Restricted_Lane,Junction_Location,Skidding_and_Overturning,Hit_Object_in_Carriageway,Vehicle_Leaving_Carriageway,Hit_Object_off_Carriageway,1st_Point_of_Impact,Was_Vehicle_Left_Hand_Drive?,Journey_Purpose_of_Driver,Sex_of_Driver,Age_of_Driver,Age_Band_of_Driver,Engine_Capacity_(CC),Propulsion_Code,Age_of_Vehicle,Driver_IMD_Decile,Driver_Home_Area_Type,Vehicle_IMD_Decile
2017450226269,2,3,0,18,0,1,0,0,0,0,4,1,2,1,47,8,125,1,-1,-1,-1,-1
2017450226284,1,9,0,5,0,1,0,0,0,0,1,1,1,2,21,5,1595,1,1,-1,-1,-1
2017450226284,2,2,0,17,0,1,0,0,0,0,4,1,2,1,-1,-1,49,1,5,-1,-1,-1
2017450226311,1,3,0,18,0,0,1,0,0,0,1,1,6,1,52,8,-1,-1,-1,-1,-1,-1
2017450226311,2,9,0,18,0,0,0,0,0,0,1,1,6,1,64,9,1390,1,4,-1,-1,-1
2017450226323,1,9,0,18,0,0,1,0,0,0,2,1,1,1,23,5,2967,2,5,6,1,6
2017450226323,2,9,0,13,0,0,0,0,0,0,1,1,5,1,30,6,1590,1,12,8,1,8
2017450226332,1,9,0,4,0,0,0,0,0,0,2,1,6,1,71,10,2967,1,10,-1,-1,-1
2017450226332,2,9,0,4,0,0,0,0,0,0,1,1,6,1,40,7,-1,-1,-1,-1,-1,-1
2017450226407,1,9,0,18,0,0,2,0,4,4,1,1,1,1,23,5,4497,1,5,5,3,5
2017450226407,2,9,0,14,0,0,0,0,4,0,2,1,5,1,86,11,1242,1,18,5,3,5
2017450226407,3,9,0,18,0,0,0,0,0,0,0,1,5,2,60,9,1318,1,1,10,3,10
2017450226528,1,9,0,4,0,0,1,0,0,0,2,1,6,1,46,8,4806,1,5,-1,-1,-1
2017450226528,2,21,0,4,0,0,1,0,0,0,1,1,6,1,34,6,-1,-1,-1,-1,-1,-1
2017450226528,3,9,0,4,0,0,1,0,0,0,2,1,6,1,51,8,1984,1,15,-1,-1,-1
2017450226544,1,9,0,17,0,0,0,0,0,0,1,1,6,1,45,7,1395,1,4,-1,-1,-1
2017450226544,2,1,0,16,0,0,2,0,0,0,1,1,6,2,38,7,-1,-1,-1,-1,-1,-1
2017450226553,1,9,0,4,0,0,1,0,0,0,4,1,6,1,24,5,1461,2,7,-1,-1,-1
2017450226553,2,9,0,4,0,0,1,0,0,0,2,1,6,1,22,5,1248,1,6,-1,-1,-1
2017450226553,3,9,0,4,0,0,0,0,0,0,2,1,6,1,63,9,998,1,8,-1,-1,-1
2017450226553,4,9,0,4,0,0,1,0,0,0,1,1,6,1,43,7,1596,1,12,-1,-1,-1
2017450226607,1,9,0,9,0,0,0,0,0,0,4,1,6,1,21,5,1995,2,10,-1,-1,-1
2017450226607,2,9,0,18,0,0,0,0,0,0,1,1,2,1,38,7,-1,-1,-1,-1,-1,-1
2017450226623,1,9,0,18,0,0,0,0,0,0,1,1,6,2,23,5,1395,1,2,9,1,9
2017450226626,1,9,0,4,0,0,0,0,0,0,1,1,2,1,51,8,1199,1,15,4,1,4
2017450226626,2,9,0,3,0,0,0,0,0,0,2,1,1,1,34,6,2143,2,2,3,1,3
2017450226648,1,9,0,18,0,0,0,0,0,0,3,1,5,2,31,6,2993,2,1,7,1,7
2017450226648,2,9,0,18,0,0,1,0,1,0,1,1,5,2,27,6,2143,2,5,10,1,10
2017450226653,1,9,0,18,0,0,0,0,0,0,2,1,1,1,54,8,1598,1,8,-1,-1,-1
2017450226653,2,9,0,18,0,0,0,0,0,0,2,1,6,1,51,8,1461,2,4,-1,-1,-1
2017450226653,3,9,0,18,0,0,0,0,0,0,1,1,6,1,84,11,2295,1,17,-1,-1,-1
2017450226654,1,19,0,18,0,1,0,0,0,0,1,1,6,1,39,7,2143,2,7,2,1,2
2017450226654,2,9,0,4,0,1,0,0,0,0,2,1,6,1,42,7,1390,1,7,10,1,10
2017450226654,3,9,0,18,0,1,0,0,0,0,2,1,2,2,26,6,1200,1,4,3,1,3
2017450226655,1,9,0,10,0,2,0,0,0,0,3,1,3,2,38,7,1997,1,7,-1,-1,-1
2017450226655,2,5,0,18,0,1,0,0,0,0,1,1,2,1,36,7,636,1,1,-1,-1,-1
2017450226661,1,9,0,16,0,0,0,0,0,0,1,1,6,1,33,6,1242,1,-1,-1,-1,-1
2017450226661,2,9,0,17,0,0,0,0,0,0,1,1,6,2,25,5,1339,1,15,9,1,9
2017450226686,1,1,0,13,0,1,0,0,0,0,1,1,5,1,18,4,-1,-1,-1,9,1,9
2017450226686,2,9,0,5,0,1,0,0,0,0,3,1,5,1,73,10,1368,1,12,10,1,10
2017450226699,1,9,0,18,0,0,0,0,0,0,1,1,6,2,28,6,1198,1,-1,-1,-1,-1
2017450226699,2,9,0,18,0,0,0,0,0,0,1,1,1,1,49,8,-1,-1,-1,-1,-1,-1
2017450226709,1,9,0,18,0,0,0,0,0,0,1,1,6,1,82,11,1339,1,11,-1,-1,-1
2017450226709,2,9,0,16,0,0,0,0,0,0,1,1,6,1,43,7,1596,1,12,-1,-1,-1
2017450226715,1,9,0,18,0,0,0,7,7,0,1,1,6,1,52,8,2149,2,10,7,1,7
2017450226741,1,9,0,15,0,0,0,0,0,0,4,1,6,2,62,9,1395,1,-1,9,1,9
2017450226741,2,9,0,2,0,0,0,0,0,0,2,1,6,2,47,8,1598,1,3,9,3,9
2017450226741,3,9,0,2,0,0,0,0,0,0,2,1,6,2,54,8,998,1,2,10,1,10
2017450226789,1,3,0,18,0,0,0,0,0,0,1,1,6,2,30,6,124,1,17,6,1,6
2017450226952,1,9,0,9,0,2,0,0,0,0,3,1,5,2,55,8,1798,8,4,-1,-1,-1
2017450226952,2,9,0,18,0,1,0,0,0,0,1,1,5,2,27,6,1598,1,11,-1,-1,-1
2017450226966,1,9,0,4,0,0,0,0,0,0,1,1,5,1,29,6,1995,2,15,-1,-1,-1
2017450226966,2,9,0,1,0,0,0,0,0,0,2,1,5,1,39,7,4398,1,13,-1,-1,-1
2017450226987,1,9,0,18,0,0,5,0,2,0,1,1,6,1,60,9,1995,2,9,10,1,10
2017450227020,1,9,0,18,0,0,1,0,1,0,2,1,6,1,25,5,1587,1,18,10,3,10
2017450227020,2,9,0,18,0,0,0,0,0,0,1,1,1,1,38,7,2993,2,3,-1,-1,-1
2017450227039,1,9,0,18,0,1,0,0,0,0,4,1,1,1,62,9,1950,2,1,-1,-1,-1
2017450227039,2,2,0,18,0,1,0,0,0,0,1,1,2,1,45,7,49,1,1,-1,-1,-1
2017450227051,1,9,0,17,0,0,0,6,1,0,1,1,6,2,21,5,1248,2,8,-1,-1,-1
2017450227056,1,9,0,9,0,0,0,0,0,0,1,1,6,1,20,4,1596,1,8,-1,-1,-1
2017450227056,2,9,0,18,0,0,0,0,0,0,1,1,6,1,46,8,1984,1,5,-1,-1,-1
2017450227056,3,9,0,3,0,0,0,0,0,0,1,1,6,1,51,8,2204,2,6,-1,-1,-1
2017450227065,1,21,1,18,0,0,0,0,0,0,1,1,1,1,23,5,-1,-1,-1,-1,-1,-1
2017450227065,2,9,0,18,0,0,0,0,0,0,4,1,1,1,45,7,1598,1,12,3,1,3
2017450227065,3,9,0,18,0,0,0,0,0,0,2,1,1,1,39,7,2143,2,-1,8,1,8
2017450227065,4,9,0,18,0,0,0,0,0,0,1,1,6,1,65,9,1685,2,-1,9,1,9
2017450227124,1,9,0,4,0,0,0,0,0,0,1,1,6,1,40,7,1598,2,4,-1,-1,-1
2017450227124,2,9,0,18,0,0,0,0,0,0,2,1,6,1,29,6,4367,2,5,-1,-1,-1
2017450227124,3,9,0,18,0,0,0,0,0,0,2,1,6,1,19,4,998,1,9,-1,-1,-1
2017450227129,1,9,0,17,0,0,5,0,0,0,4,1,6,2,59,9,1598,1,2,6,1,6
2017450227146,1,1,0,18,0,0,0,0,0,0,1,1,6,1,29,6,-1,-1,-1,-1,-1,-1
2017450227146,2,9,0,18,0,0,0,0,0,0,2,1,6,1,45,7,1388,1,16,-1,-1,-1
2017450227170,1,8,0,18,0,0,1,0,0,0,1,1,6,1,55,8,2402,2,13,-1,-1,-1
2017450227180,1,9,0,17,0,0,2,0,8,4,3,1,6,1,22,5,1149,1,9,-1,-1,-1
2017450227191,1,9,0,5,0,8,0,0,0,0,1,1,6,1,23,5,1390,1,8,-1,-1,-1
2017450227191,2,9,0,5,0,1,0,0,0,0,3,1,6,1,17,4,1598,1,7,-1,-1,-1
2017450227215,1,4,0,18,0,0,5,0,1,0,1,1,6,1,56,9,1600,1,6,6,3,6
2017450227215,2,20,0,2,0,0,0,0,0,0,0,1,6,1,65,9,5655,2,31,-1,-1,-1
2017450227219,1,9,0,4,0,0,0,0,0,0,1,1,1,1,44,7,1560,2,5,-1,-1,-1
2017450227219,2,9,0,4,0,0,0,0,0,0,2,1,6,1,42,7,-1,-1,-1,-1,-1,-1
2017450227219,3,9,0,4,0,0,0,0,0,0,2,1,1,1,17,4,1242,1,10,-1,-1,-1
2017450227228,1,9,0,18,9,0,0,0,7,0,1,1,6,3,40,7,998,1,17,-1,-1,-1
2017450227228,2,9,0,18,0,0,0,0,0,0,1,1,6,2,32,6,1229,1,3,2,1,2
2017450227228,3,9,0,18,0,0,0,0,0,0,1,1,6,1,34,6,1968,2,13,6,1,6
2017450227228,4,9,0,18,0,0,0,0,0,0,0,1,6,1,35,6,2148,2,9,5,1,5
2017450227244,1,9,0,18,0,0,0,0,0,0,3,1,6,1,35,6,2143,2,2,-1,-1,-1
2017450227244,2,9,0,18,0,0,0,0,0,0,4,1,6,3,30,6,-1,-1,-1,-1,-1,-1
2017450227258,1,9,0,9,0,1,0,0,0,0,3,1,6,2,58,9,1197,1,1,-1,-1,-1
2017450227258,2,9,0,18,0,1,0,0,0,0,1,1,6,1,31,6,2143,2,7,-1,-1,-1
2017450227279,1,1,0,18,9,0,1,0,0,0,4,1,6,2,79,11,-1,-1,-1,-1,-1,-1
2017450227293,1,9,0,18,0,0,1,0,0,0,1,1,2,1,27,6,1242,1,9,-1,-1,-1
2017450227293,2,9,0,2,0,0,0,0,0,0,3,1,6,1,50,8,-1,-1,-1,-1,-1,-1
2017450227293,3,9,0,2,0,0,0,0,0,0,1,1,6,1,50,8,1769,1,13,-1,-1,-1
2017450227296,1,9,0,4,0,0,0,0,0,0,1,1,6,1,23,5,1398,1,12,-1,-1,-1
2017450227296,2,9,0,5,0,0,0,0,0,0,3,1,6,1,42,7,1896,2,12,-1,-1,-1
2017450227306,1,9,0,18,0,0,0,0,0,0,1,1,6,2,23,5,1149,1,10,-1,-1,-1
2017450227306,2,9,0,4,0,0,0,0,0,0,1,1,6,2,43,7,1997,1,3,-1,-1,-1
2017450227316,1,9,0,5,0,1,0,0,0,0,3,1,6,1,30,6,1248,1,8,-1,-1,-1
2017450227316,2,9,0,5,0,1,0,0,0,0,4,1,1,1,56,9,2184,2,11,-1,-1,-1
2017450227329,1,9,0,17,0,0,0,0,0,0,3,1,6,2,32,6,2231,2,12,-1,-1,-1
2017450227329,2,20,0,18,0,0,0,0,0,0,1,1,6,1,67,10,12740,2,6,-1,-1,-1
2017450227332,1,1,0,7,0,5,0,0,0,0,0,1,2,2,25,5,-1,-1,-1,-1,-1,-1
2017450227340,1,9,0,9,0,0,0,0,0,0,4,1,6,2,25,5,1229,1,3,-1,-1,-1
2017450227340,2,9,0,18,0,0,0,0,0,0,1,1,2,1,31,6,2987,2,7,-1,-1,-1
2017450227407,1,9,0,18,0,0,1,0,0,0,1,1,1,1,28,6,-1,-1,-1,-1,-1,-1
2017450227407,2,9,0,18,0,0,0,0,0,0,2,1,1,1,29,6,-1,-1,-1,-1,-1,-1
2017450227422,1,9,0,4,0,2,0,0,0,0,2,1,2,2,35,6,1388,1,7,-1,-1,-1
2017450227422,2,9,0,3,0,1,0,0,0,0,2,1,2,1,26,6,1799,1,9,-1,-1,-1
2017450227422,3,9,0,3,0,1,0,0,0,0,1,1,2,2,28,6,1329,1,1,-1,-1,-1
2017450227431,1,19,0,18,0,0,1,0,7,0,1,1,6,1,17,4,1560,2,4,5,3,5
2017450227447,1,9,0,3,0,1,0,0,0,0,2,1,6,2,71,10,1149,1,13,-1,-1,-1
2017450227447,2,9,0,4,0,1,0,10,1,5,1,1,6,1,85,11,1389,1,22,-1,-1,-1
2017450227447,3,9,0,4,0,1,0,0,0,0,1,1,6,3,50,8,-1,-1,-1,-1,-1,-1
2017450227449,1,9,0,5,0,8,0,0,0,0,1,1,1,1,63,9,1968,2,2,10,1,10
2017450227449,2,1,0,5,0,8,0,0,0,0,1,1,1,1,69,10,-1,-1,-1,5,1,5
2017450227469,1,9,0,18,0,1,0,0,0,0,3,1,6,1,46,8,2800,2,22,10,1,10
2017450227471,1,3,0,18,0,0,5,0,0,0,1,1,6,1,20,4,125,1,1,-1,-1,-1
2017450227471,2,9,0,9,0,0,0,0,0,0,3,1,6,1,18,4,996,1,3,-1,-1,-1
2017450227480,1,9,0,18,0,0,0,0,0,0,1,1,6,2,40,7,1461,2,1,-1,-1,-1
2017450227480,2,9,0,4,0,0,1,0,0,0,1,1,2,1,23,5,1560,2,4,-1,-1,-1
2017450227480,3,9,0,4,0,0,0,0,0,0,2,1,2,1,54,8,1995,2,1,-1,-1,-1
2017450227480,4,9,0,4,0,0,0,0,0,0,1,1,2,1,44,7,1998,2,9,-1,-1,-1
2017450227486,1,9,0,9,0,0,0,0,0,0,3,1,6,1,39,7,1995,2,5,-1,-1,-1
2017450227486,2,1,0,18,0,0,0,0,0,0,2,1,6,1,44,7,-1,-1,-1,10,1,10
2017450227524,1,9,0,4,0,0,0,0,0,0,1,1,6,1,39,7,1796,1,7,-1,-1,-1
2017450227524,2,9,0,18,0,0,0,0,0,0,3,1,1,2,35,6,2143,2,3,-1,-1,-1
2017450227524,3,9,0,4,0,0,0,0,0,0,2,1,6,2,49,8,1984,1,16,-1,-1,-1
2017450227524,4,9,0,3,0,0,0,0,0,0,2,1,1,1,79,11,1587,1,10,-1,-1,-1
2017450227541,1,9,0,4,9,0,0,0,0,0,0,1,6,2,35,6,998,1,9,-1,-1,-1
2017450227541,2,9,0,18,0,0,0,0,0,0,2,1,6,2,28,6,1997,2,3,-1,-1,-1
2017450227541,3,9,0,18,0,0,0,0,0,0,1,1,6,1,58,9,1991,8,1,-1,-1,-1
2017450227563,1,9,0,18,0,0,1,0,0,0,1,1,6,2,52,8,1598,1,9,-1,-1,-1
2017450227574,1,9,0,3,0,0,0,0,0,0,2,1,6,1,37,7,1997,2,2,-1,-1,-1
2017450227574,2,9,0,18,0,0,0,0,0,0,1,1,6,2,39,7,1598,1,10,-1,-1,-1
2017450227575,1,9,0,9,0,8,0,0,0,0,3,1,6,2,65,9,1997,2,15,-1,-1,-1
2017450227575,2,9,0,18,0,8,0,0,0,0,1,1,6,1,44,7,2435,1,17,-1,-1,-1
2017450227623,1,9,0,4,0,1,0,0,0,0,4,1,2,1,54,8,1598,1,15,-1,-1,-1
2017450227623,2,1,0,4,9,1,1,0,0,0,1,1,6,2,17,4,-1,-1,-1,-1,-1,-1
2017450227679,1,1,0,18,0,6,0,0,0,0,1,1,6,2,64,9,-1,-1,-1,-1,-1,-1
2017450227679,2,9,0,18,0,1,0,0,0,0,4,1,6,3,50,8,1329,1,6,-1,-1,-1
2017450227704,1,9,0,18,0,0,0,0,0,0,3,1,2,2,50,8,1896,2,10,-1,-1,-1
2017450227704,2,19,0,11,0,0,0,0,0,0,4,1,6,3,50,8,-1,-1,-1,-1,-1,-1
2017450227907,1,9,0,13,0,0,0,0,0,0,3,1,6,1,76,11,1242,1,7,-1,-1,-1
2017450227907,2,20,0,12,0,0,0,0,0,0,4,1,6,3,30,6,-1,-1,-1,-1,-1,-1
2017450227922,1,9,0,18,0,0,0,0,0,0,3,1,6,2,65,9,1388,1,19,-1,-1,-1
2017450227922,2,1,0,18,0,0,0,0,0,0,3,1,6,2,25,5,-1,-1,-1,-1,-1,-1
2017450228046,1,9,0,2,0,0,0,0,0,0,0,1,1,2,42,7,1895,1,18,-1,-1,-1
2017450228046,2,9,0,18,0,0,0,0,0,0,2,1,1,1,50,8,2143,2,4,-1,-1,-1
2017450228046,3,9,0,18,0,0,1,0,0,0,2,1,6,2,62,9,2776,2,3,-1,-1,-1
2017450228046,4,9,0,18,0,0,0,0,0,0,1,1,6,1,24,5,1956,2,1,-1,-1,-1
2017450228095,1,9,0,18,0,0,0,0,1,0,1,1,6,2,70,10,1598,1,11,10,1,10
2017450228119,1,9,0,5,0,0,0,0,0,0,3,1,6,1,23,5,1242,1,12,-1,-1,-1
2017450228119,2,20,0,5,0,0,0,0,0,0,1,1,6,1,19,4,9200,2,6,-1,-1,-1
2017450228122,1,20,0,3,0,1,0,0,0,0,1,1,1,1,34,6,-1,-1,-1,2,1,2
2017450228122,2,1,0,18,0,1,0,0,0,0,1,1,6,1,21,5,-1,-1,-1,10,1,10
2017450228142,1,9,0,4,0,0,0,0,0,0,4,1,2,1,29,6,1995,2,2,-1,-1,-1
2017450228142,2,9,0,18,0,0,1,0,0,0,1,1,6,1,49,8,-1,-1,-1,-1,-1,-1
2017450228142,3,9,0,4,0,0,0,0,0,0,2,1,6,2,26,6,998,1,2,4,1,4
2017450228218,1,9,0,5,0,6,0,0,0,0,3,1,6,2,24,5,1242,1,16,-1,-1,-1
2017450228218,2,9,0,18,0,1,0,0,0,0,1,1,6,1,60,9,1200,1,2,-1,-1,-1
2017450228524,1,1,0,18,0,0,0,0,0,0,1,1,6,1,69,10,-1,-1,-1,-1,-1,-1
2017450228555,1,3,0,18,0,0,0,10,0,0,4,1,6,1,22,5,124,1,10,-1,-1,-1
2017450228627,1,9,0,11,0,4,0,0,0,0,3,1,6,1,48,8,1968,2,2,-1,-1,-1
2017450228627,2,9,0,18,0,4,0,0,0,0,4,1,6,1,30,6,-1,-1,-1,-1,-1,-1
2017450228731,1,9,0,18,0,1,0,0,0,0,1,1,6,1,17,4,1198,1,9,-1,-1,-1
2017450228812,1,9,0,18,0,0,0,0,0,0,1,1,6,1,54,8,1390,1,5,-1,-1,-1
2017450228812,2,9,0,18,0,0,0,0,0,0,1,1,6,2,69,10,-1,-1,-1,-1,-1,-1
2017450228812,3,9,0,10,0,0,0,0,0,0,2,1,6,2,75,10,2993,2,5,-1,-1,-1
2017450228994,1,9,0,5,0,0,0,0,0,0,4,1,6,1,33,6,1999,1,11,5,1,5
2017450228998,1,9,0,1,0,0,0,0,0,0,0,1,6,2,61,9,1896,2,15,-1,-1,-1
2017450229023,1,1,0,18,0,0,0,0,0,0,3,1,4,1,12,3,-1,-1,-1,-1,-1,-1
2017450229023,2,9,0,18,0,0,0,0,0,0,1,1,6,3,30,6,1995,1,8,-1,-1,-1
2017450229039,1,9,0,18,0,0,0,0,0,0,2,1,6,1,47,8,1598,1,7,-1,-1,-1
2017450229039,2,20,0,18,0,0,0,0,0,0,1,1,6,1,33,6,-1,-1,-1,-1,-1,-1
2017450229051,1,9,0,18,0,2,0,0,1,0,1,1,6,1,90,11,1368,1,2,-1,-1,-1
2017450229075,1,9,0,3,0,0,0,0,0,0,2,1,2,2,49,8,1248,1,1,-1,-1,-1
2017450229075,2,9,0,4,0,0,0,0,0,0,1,1,6,1,23,5,1995,2,6,-1,-1,-1
2017450229209,1,9,0,9,0,0,0,0,0,0,1,1,5,2,23,5,1598,1,6,9,1,9
2017450229209,2,3,0,16,0,0,0,0,0,0,4,1,5,1,55,8,125,1,2,3,1,3
2017450229540,1,21,0,18,0,8,0,0,0,0,1,1,6,1,30,6,-1,-1,-1,-1,-1,-1
2017450229540,2,9,0,18,0,8,0,0,0,0,2,1,6,2,41,7,1399,1,11,-1,-1,-1
2017450229541,1,19,4,12,0,0,0,0,1,0,3,1,6,1,53,8,-1,-1,-1,-1,-1,-1
2017450229541,2,9,0,18,0,0,0,0,1,0,4,1,1,1,48,8,1499,2,-1,-1,-1,-1
2017450229549,1,9,0,16,0,0,0,0,0,0,0,1,1,1,31,6,-1,-1,-1,-1,-1,-1
2017450229549,2,4,0,18,0,0,0,0,1,7,1,1,1,1,60,9,1170,1,4,-1,-1,-1
2017450229619,1,1,0,18,0,1,0,0,0,0,1,1,6,1,30,6,-1,-1,-1,-1,-1,-1
2017450229619,2,9,0,18,0,1,0,0,0,0,3,1,6,2,50,8,1596,1,9,-1,-1,-1
2017450229837,1,9,0,18,0,6,0,0,0,0,1,1,6,2,38,7,1595,1,16,8,1,8
2017450229837,2,9,0,18,0,1,0,0,0,0,1,1,2,2,45,7,1248,2,5,6,1,6
2017450229869,1,9,0,9,0,8,0,0,0,0,1,1,2,1,49,8,2993,2,13,8,3,8
2017450229869,2,1,0,18,0,8,0,0,0,0,3,1,2,1,45,7,-1,-1,-1,9,1,9
2017450229892,1,20,0,4,0,0,0,0,0,0,2,1,5,1,28,6,-1,-1,-1,1,1,1
2017450229892,2,9,0,18,0,0,0,0,0,0,1,1,5,1,26,6,1390,1,11,10,1,10
2017450229972,1,9,0,18,0,0,0,0,0,0,1,1,6,1,50,8,-1,-1,-1,-1,-1,-1
2017450229972,2,9,0,18,0,0,0,0,0,0,2,1,5,1,31,6,1956,2,6,-1,-1,-1
2017450229997,1,9,0,4,0,0,0,0,0,0,1,1,6,1,32,6,1199,1,13,-1,-1,-1
2017450229997,2,21,0,18,0,0,1,0,0,0,1,1,6,1,25,5,-1,-1,-1,-1,-1,-1
2017450230022,1,9,0,3,0,0,0,0,0,0,2,1,6,2,47,8,1596,1,12,5,1,5
2017450230022,2,20,0,18,0,0,0,0,0,0,1,1,6,1,33,6,-1,-1,-1,4,1,4
2017450230040,1,9,0,18,0,0,0,0,0,0,1,1,6,1,40,7,1796,1,14,-1,-1,-1
2017450230040,2,9,0,18,0,0,0,0,0,0,2,1,6,1,50,8,1998,8,2,-1,-1,-1
2017450230046,1,9,0,18,0,2,0,0,0,0,3,1,6,1,25,5,1796,1,6,-1,-1,-1
2017450230046,2,9,0,18,0,2,0,0,0,0,1,1,6,2,55,8,2400,2,9,-1,-1,-1
2017450230069,1,9,0,18,0,0,0,0,0,0,1,1,6,1,69,10,1339,1,6,6,1,6
2017450230069,2,9,0,18,0,0,0,0,0,0,1,1,6,1,31,6,2979,1,7,-1,-1,-1
2017450230073,1,9,0,11,0,0,0,0,0,0,0,1,2,2,54,8,1422,2,2,-1,-1,-1
2017450230073,2,4,0,18,0,0,1,0,1,0,3,1,6,1,50,8,899,1,23,-1,-1,-1
2017450230085,1,9,0,4,0,2,0,0,0,0,2,1,6,2,45,7,998,1,3,10,1,10
2017450230085,2,8,0,4,0,2,0,0,0,0,2,1,6,1,61,9,1968,2,1,10,1,10
2017450230085,3,9,0,4,0,2,0,0,0,0,2,1,2,1,51,8,1997,2,9,10,1,10
2017450230085,4,19,0,18,0,8,1,0,0,0,1,1,1,1,25,5,2198,2,4,5,1,5
2017450230115,1,9,0,18,0,0,0,0,0,0,1,1,6,1,79,11,1796,1,17,-1,-1,-1
2017450230115,2,1,0,18,0,0,0,0,0,0,1,1,6,1,41,7,-1,-1,-1,-1,-1,-1
2017450230147,1,9,0,5,0,0,0,0,0,0,1,1,6,1,53,8,1969,2,1,-1,-1,-1
2017450230250,1,9,0,5,0,6,0,0,0,0,1,1,6,2,45,7,1900,2,11,8,1,8
2017450230250,2,1,0,5,0,8,0,0,0,0,2,1,6,2,38,7,-1,-1,-1,-1,-1,-1
2017450230284,1,9,0,4,0,0,0,0,0,0,2,1,5,1,74,10,1598,2,1,10,2,10
2017450230284,2,9,0,5,0,0,0,0,0,0,1,1,5,1,50,8,2495,2,14,8,3,8
2017450230376,1,9,0,18,0,0,0,0,0,0,1,1,2,1,41,7,2776,2,12,-1,-1,-1
2017450230376,2,9,0,18,0,0,0,0,0,0,2,1,2,1,21,5,-1,-1,-1,-1,-1,-1
2017450230382,1,21,0,18,0,0,1,0,0,0,1,1,5,1,25,5,-1,-1,-1,-1,-1,-1
2017450230382,2,9,0,4,0,0,1,0,0,0,2,1,5,1,34,6,2993,2,10,-1,-1,-1
2017450230382,3,9,0,18,0,0,0,0,0,0,2,1,5,1,62,9,1598,2,4,-1,-1,-1
2017450230382,4,9,0,3,0,0,0,0,0,0,2,1,5,1,47,8,2499,1,12,-1,-1,-1
2017450230407,1,9,0,10,0,1,0,0,0,0,0,1,6,1,76,11,-1,-1,-1,-1,-1,-1
2017450230407,2,2,0,15,0,1,0,0,0,0,1,1,1,1,17,4,124,1,9,-1,-1,-1
2017450230431,1,9,0,3,0,1,0,0,0,0,2,1,6,1,43,7,1229,1,8,-1,-1,-1
2017450230431,2,9,0,3,0,1,0,0,0,0,1,1,6,1,38,7,1998,2,8,-1,-1,-1
2017450230431,3,9,0,3,0,1,0,0,0,0,2,1,6,1,45,7,875,1,1,-1,-1,-1
2017450230431,4,9,0,4,0,1,0,0,0,0,1,1,6,1,28,6,-1,-1,-1,-1,-1,-1
2017450230439,1,9,0,18,0,0,0,0,0,0,1,1,6,1,22,5,2143,2,2,10,1,10
2017450230439,2,9,0,2,0,0,0,0,0,0,1,1,5,2,33,6,1364,1,10,6,1,6
2017450230439,3,9,0,2,0,0,0,0,0,0,2,1,5,1,47,8,1998,2,13,6,1,6
2017450230463,1,9,0,18,0,0,0,0,0,0,0,1,6,3,50,8,-1,-1,-1,-1,-1,-1
2017450230477,1,9,0,4,0,0,0,0,0,0,1,1,1,1,31,6,-1,-1,-1,-1,-1,-1
2017450230492,1,9,0,18,0,1,0,0,0,0,1,1,6,1,24,5,1984,1,5,5,1,5
2017450230492,2,9,0,18,0,1,0,0,0,0,3,1,5,1,45,7,1796,1,3,2,1,2
2017450230493,1,9,0,18,0,0,0,0,0,0,1,1,6,2,42,7,2993,2,1,-1,-1,-1
2017450230493,2,9,0,18,0,0,0,0,0,0,1,1,3,2,32,6,2198,1,11,-1,-1,-1
2017450230501,1,9,0,4,0,0,1,0,0,0,1,1,5,1,20,4,1299,1,12,-1,-1,-1
2017450230501,2,9,0,4,0,0,0,0,0,0,2,1,6,1,44,7,1796,1,10,-1,-1,-1
2017450230518,1,1,0,18,0,0,0,0,0,0,3,1,6,1,11,3,-1,-1,-1,-1,-1,-1
2017450230518,2,9,0,18,0,0,0,0,0,0,1,1,6,2,90,11,1796,1,10,-1,-1,-1
2017450230541,1,9,0,18,0,1,0,0,0,0,3,1,6,2,49,8,-1,-1,-1,-1,-1,-1
2017450230541,2,9,0,18,0,1,0,0,0,0,1,1,6,1,30,6,1896,2,13,-1,-1,-1
2017450230573,1,9,0,4,0,1,0,0,0,0,2,1,6,2,53,8,1896,2,11,-1,-1,-1
2017450230573,2,9,0,4,0,1,0,0,0,0,2,1,6,2,36,7,1560,2,11,-1,-1,-1
2017450230573,3,9,0,18,0,1,0,0,0,0,1,1,6,1,18,4,1198,1,7,-1,-1,-1
2017450230593,1,1,0,18,0,0,0,0,0,0,0,1,5,1,32,6,-1,-1,-1,10,1,10
2017450230718,1,11,0,18,0,0,0,0,0,0,4,1,1,1,26,6,4500,2,8,4,1,4
2017450230755,1,19,0,18,0,0,0,0,1,11,1,1,1,1,55,8,2402,2,12,4,1,4
2017450230773,1,9,0,4,0,0,0,0,0,0,2,1,5,1,56,9,1560,2,2,4,3,4
2017450230773,2,9,0,4,0,0,0,0,0,0,2,1,5,1,31,6,1364,1,11,6,1,6
2017450230773,3,9,0,4,0,0,0,0,0,0,1,1,5,2,65,9,1248,2,7,7,1,7
2017450230916,1,9,0,18,0,8,0,0,0,0,2,1,6,1,17,4,999,1,3,-1,-1,-1
2017450230916,2,9,0,18,0,1,0,0,0,0,1,1,6,2,42,7,1910,2,7,-1,-1,-1