Accident_Index,Vehicle_Reference,Vehicle_Type,Towing_and_Articulation,Vehicle_Manoeuvre,Vehicle_Location-Restricted_Lane,Junction_Location,Skidding_and_Overturning,Hit_Object_in_Carriageway,Vehicle_Leaving_Carriageway,Hit_Object_off_Carriageway,1st_Point_of_Impact,Was_Vehicle_Left_Hand_Drive?,Journey_Purpose_of_Driver,Sex_of_Driver,Age_of_Driver,Age_Band_of_Driver,Engine_Capacity_(CC),Propulsion_Code,Age_of_Vehicle,Driver_IMD_Decile,Driver_Home_Area_Type,Vehicle_IMD_Decile
2017450230991,1,9,0,18,0,0,1,0,0,0,1,1,6,2,32,6,998,1,14,-1,-1,-1
2017450231052,1,9,0,3,0,0,0,0,0,0,0,1,6,1,51,8,1598,1,4,-1,-1,-1
2017450231052,2,2,0,18,0,0,0,0,0,0,3,1,6,1,30,6,125,1,6,-1,-1,-1
2017450231056,1,9,0,18,0,0,5,7,1,0,1,1,2,1,23,5,1086,1,13,-1,-1,-1
2017450231060,1,9,0,18,0,0,0,0,0,0,1,1,1,1,73,10,1685,2,-1,-1,-1,-1
2017450231082,1,9,0,9,0,0,0,0,0,0,3,1,6,1,40,7,1200,1,2,-1,-1,-1
2017450231082,2,3,0,13,0,0,0,0,0,0,4,1,6,1,70,10,124,1,2,-1,-1,-1
2017450231100,1,9,0,14,0,0,0,0,0,0,1,1,6,1,19,4,1395,1,-1,-1,-1,-1
2017450231100,2,9,0,9,0,0,0,0,0,0,3,1,6,2,31,6,1560,2,10,-1,-1,-1
2017450231102,1,9,0,3,0,0,0,0,0,0,2,1,6,2,22,5,998,1,8,-1,-1,-1
2017450231102,2,1,0,15,0,0,0,0,0,0,1,1,6,2,34,6,-1,-1,-1,-1,-1,-1
2017450231136,1,1,0,2,0,5,0,0,0,0,1,1,2,2,44,7,-1,-1,-1,-1,-1,-1
2017450231183,1,9,0,5,0,4,0,0,0,0,1,1,5,1,42,7,2967,2,3,-1,-1,-1
2017450231183,2,9,0,3,0,4,0,0,0,0,2,1,5,2,34,6,1242,1,5,-1,-1,-1
2017450231335,1,9,0,3,0,0,0,0,0,0,2,1,6,2,26,6,1229,1,5,-1,-1,-1
2017450231335,2,9,0,18,0,0,0,0,0,0,1,1,6,1,35,6,1796,2,5,-1,-1,-1
2017450231335,3,9,0,3,0,0,0,0,0,0,2,1,6,3,30,6,-1,-1,-1,-1,-1,-1
2017450231384,1,9,0,4,0,4,0,0,0,0,2,1,1,1,34,6,2143,2,7,3,1,3
2017450231384,2,9,0,4,0,4,0,0,0,0,1,1,2,1,32,6,1956,2,5,3,1,3
2017450231389,1,4,0,18,0,0,0,0,0,0,2,1,6,1,42,7,954,1,13,-1,-1,-1
2017450231389,2,9,0,18,0,0,0,0,0,0,1,1,5,1,50,8,1339,1,14,-1,-1,-1
2017450231395,1,9,0,17,0,0,2,0,7,2,3,1,6,1,23,5,1598,1,2,-1,-1,-1
2017450231413,1,9,0,18,0,3,0,0,0,0,1,1,6,1,50,8,1596,1,13,-1,-1,-1
2017450231413,2,9,0,18,0,1,0,7,0,0,1,1,2,1,58,9,1390,1,5,-1,-1,-1
2017450231413,3,9,0,3,0,1,0,0,0,0,3,1,2,2,49,8,1339,1,5,-1,-1,-1
2017450231425,1,9,0,9,0,3,0,0,0,0,3,1,6,2,37,7,1360,1,9,-1,-1,-1
2017450231425,2,9,0,18,0,2,0,0,0,0,1,1,6,2,32,6,1598,2,1,-1,-1,-1
2017450231433,1,9,0,4,0,1,0,0,0,0,1,1,2,1,38,7,1997,2,8,4,1,4
2017450231433,2,9,0,4,0,1,0,0,0,0,2,1,1,1,36,7,1560,2,4,-1,-1,-1
2017450231434,1,9,0,17,0,1,0,0,0,0,1,1,6,1,26,6,2993,2,1,-1,-1,-1
2017450231434,2,9,0,16,0,8,0,0,0,0,1,1,6,1,37,7,1796,1,3,-1,-1,-1
2017450231443,1,4,0,18,0,1,2,0,0,0,4,1,6,2,54,8,745,1,13,-1,-1,-1
2017450231445,1,9,0,17,0,0,1,0,7,4,1,1,2,1,24,5,-1,-1,-1,-1,-1,-1
2017450231447,1,9,0,18,0,2,0,0,0,0,0,1,6,2,71,10,1242,1,17,-1,-1,-1
2017450231447,2,9,0,3,0,2,0,0,0,0,2,1,6,1,28,6,1999,2,1,-1,-1,-1
2017450231447,3,9,0,9,0,1,0,0,0,0,2,1,6,2,50,8,3436,1,4,-1,-1,-1
2017450231467,1,1,0,18,0,0,0,0,0,0,1,1,6,1,26,6,-1,-1,-1,-1,-1,-1
2017450231467,2,9,0,18,0,0,0,0,0,0,1,1,6,3,24,5,2179,2,2,-1,-1,-1
2017450231519,1,19,0,18,0,1,0,0,0,0,4,1,1,1,37,7,6871,2,4,7,2,7
2017450231519,2,9,0,18,0,1,0,0,0,0,3,1,2,2,26,6,1108,1,8,-1,-1,-1
2017450231527,1,21,1,18,0,0,0,0,0,0,0,1,1,1,47,8,-1,-1,-1,-1,-1,-1
2017450231527,2,9,0,18,0,0,0,0,0,0,1,1,1,1,27,6,1390,1,10,-1,-1,-1
2017450231527,3,9,0,18,0,0,0,0,0,0,2,1,1,1,33,6,1968,2,1,-1,-1,-1
2017450231608,1,9,0,18,0,0,0,0,0,0,1,1,6,2,27,6,1796,1,14,-1,-1,-1
2017450231627,1,9,0,16,0,0,1,0,0,0,1,1,5,2,39,7,1398,1,6,-1,-1,-1
2017450231777,1,9,0,5,0,0,0,0,0,0,0,1,5,2,46,8,1461,2,3,-1,-1,-1
2017450231793,1,9,0,18,0,0,0,0,1,0,1,1,6,2,19,4,1596,1,14,-1,-1,-1
2017450231806,1,21,4,17,0,0,2,0,2,0,4,1,1,1,57,9,11946,2,4,-1,-1,-1
2017450231813,1,9,0,18,0,0,0,0,0,0,1,1,6,2,55,8,1999,2,1,-1,-1,-1
2017450231813,2,9,0,18,0,0,0,0,0,0,2,1,6,2,41,7,1900,2,11,-1,-1,-1
2017450231815,1,9,0,18,0,0,0,0,0,0,3,1,6,1,54,8,1998,1,-1,-1,-1,-1
2017450231815,2,9,0,18,0,0,0,0,0,0,1,1,6,1,64,9,1796,1,10,-1,-1,-1
2017450231815,3,9,0,18,0,0,0,0,0,0,1,1,6,2,36,7,998,1,1,-1,-1,-1
2017450231827,1,9,0,9,0,1,0,0,0,0,3,1,2,2,49,8,1997,2,11,-1,-1,-1
2017450231827,2,2,0,18,0,1,0,0,7,0,1,1,4,1,16,4,49,1,-1,-1,-1,-1
2017450231857,1,9,0,10,0,1,0,0,0,0,1,1,6,2,20,4,1685,2,5,-1,-1,-1
2017450231857,2,9,0,16,0,1,0,0,0,0,1,1,6,2,43,7,1598,1,10,-1,-1,-1
2017450231866,1,9,0,9,0,6,0,0,0,0,1,1,3,2,49,8,998,1,5,2,1,2
2017450231866,2,5,0,13,0,8,0,0,0,0,3,1,2,1,30,6,750,1,11,6,1,6
2017450231871,1,9,0,18,0,0,0,0,0,0,4,1,1,1,28,6,1398,1,3,-1,-1,-1
2017450231884,1,9,0,18,0,1,0,0,0,0,3,1,6,1,71,10,1396,1,4,10,1,10
2017450231884,2,21,1,18,0,5,0,0,0,0,3,1,1,1,63,9,12419,2,5,9,2,9
2017450231916,1,9,0,18,0,0,0,0,4,0,1,1,2,1,56,9,2993,2,4,-1,-1,-1
2017450231916,2,9,0,18,0,0,0,0,0,0,3,1,2,1,62,9,2995,1,1,-1,-1,-1
2017450231957,1,3,0,4,0,0,1,0,0,0,0,1,2,1,24,5,125,1,4,-1,-1,-1
2017450232182,1,1,0,18,0,8,0,0,0,0,3,1,5,1,30,6,-1,-1,-1,-1,-1,-1
2017450232182,2,9,0,18,0,1,0,0,0,0,4,1,5,3,35,6,-1,-1,-1,-1,-1,-1
2017450232218,1,9,0,18,0,1,0,0,0,0,1,1,6,1,18,4,1229,1,11,-1,-1,-1
2017450232218,2,9,0,4,0,1,0,0,0,0,2,1,6,2,39,7,1997,2,3,-1,-1,-1
2017450232219,1,9,0,9,0,8,0,0,0,0,3,1,1,2,38,7,1329,1,5,-1,-1,-1
2017450232219,2,9,0,18,0,8,0,0,0,0,1,1,5,1,29,6,1968,2,2,-1,-1,-1
2017450232240,1,21,0,18,0,0,0,0,0,0,1,1,1,1,33,6,-1,-1,-1,-1,-1,-1
2017450232240,2,9,0,18,0,0,0,0,0,0,1,1,5,2,32,6,2495,2,14,-1,-1,-1
2017450232254,1,9,0,18,0,0,0,0,0,0,2,1,6,1,46,8,1598,2,2,-1,-1,-1
2017450232254,2,9,0,18,0,0,0,0,0,0,1,1,6,3,35,6,-1,-1,-1,-1,-1,-1
2017450232258,1,9,0,16,0,0,1,0,0,0,1,1,6,2,21,5,1240,1,12,-1,-1,-1
2017450232258,2,9,0,18,0,0,0,0,0,0,2,1,6,2,54,8,1968,2,3,-1,-1,-1
2017450232284,1,3,0,9,0,0,1,0,0,0,0,1,6,1,24,5,125,1,1,-1,-1,-1
2017450232295,1,1,0,18,0,0,0,10,0,0,1,1,5,1,29,6,-1,-1,-1,-1,-1,-1
2017450232295,2,19,3,18,0,0,0,0,0,0,0,1,6,3,50,8,-1,-1,-1,-1,-1,-1
2017450232297,1,9,0,18,0,2,0,0,0,0,2,1,6,1,61,9,1995,1,10,2,1,2
2017450232297,2,20,0,18,0,1,0,0,0,0,1,1,1,1,59,9,2143,2,7,1,1,1
2017450232304,1,9,0,18,0,1,0,0,0,0,1,1,1,1,37,7,1997,2,5,-1,-1,-1
2017450232304,2,9,0,18,0,1,0,0,0,0,3,1,6,2,42,7,1395,1,3,-1,-1,-1
2017450232307,1,9,0,10,0,1,0,0,0,0,1,1,5,2,80,11,1339,1,9,-1,-1,-1
2017450232307,2,1,0,18,0,8,5,0,0,0,4,1,6,1,59,9,-1,-1,-1,-1,-1,-1
2017450232308,1,1,0,18,9,0,0,0,0,0,1,1,6,3,25,5,-1,-1,-1,-1,-1,-1
2017450232333,1,21,0,5,0,2,0,0,0,0,3,1,1,1,50,8,-1,-1,-1,-1,-1,-1
2017450232333,2,9,0,5,0,2,0,0,0,0,4,1,2,1,43,7,1598,1,13,-1,-1,-1
2017450232356,1,3,0,18,0,1,0,0,0,0,1,1,2,1,63,9,675,1,3,4,1,4
2017450232356,2,9,0,18,0,1,0,0,0,0,1,1,6,3,33,6,-1,-1,-1,-1,-1,-1
2017450232379,1,1,0,9,0,0,5,0,0,0,1,1,6,1,18,4,-1,-1,-1,-1,-1,-1
2017450232379,2,9,0,18,0,0,0,0,0,0,1,1,6,1,80,11,1248,1,4,-1,-1,-1
2017450232417,1,9,0,18,0,1,0,0,0,0,2,1,6,1,43,7,1388,1,14,-1,-1,-1
2017450232417,2,9,0,18,0,1,0,0,0,0,1,1,6,2,29,6,1197,1,1,-1,-1,-1
2017450232417,3,9,0,13,0,1,0,0,0,0,1,1,6,3,50,8,-1,-1,-1,-1,-1,-1
2017450232518,1,9,0,5,0,4,0,0,0,0,1,1,6,1,67,10,2993,2,1,10,1,10
2017450232518,2,9,0,3,0,6,0,0,0,0,2,1,6,2,41,7,1197,1,2,6,1,6
2017450232570,1,4,0,18,0,0,0,0,0,0,3,1,5,1,54,8,599,1,16,7,1,7
2017450232570,2,9,0,5,0,0,0,0,0,0,1,1,6,1,45,7,-1,-1,-1,-1,-1,-1
2017450232649,1,1,0,18,0,0,0,0,0,0,2,1,6,2,21,5,-1,-1,-1,-1,-1,-1
2017450232649,2,9,0,1,0,0,0,0,0,0,2,1,5,1,40,7,1397,1,13,-1,-1,-1
2017450232653,1,9,0,18,0,1,0,10,0,0,2,1,6,1,29,6,-1,-1,-1,5,1,5
2017450232653,2,9,0,18,0,1,0,0,0,0,1,1,2,1,33,6,1995,1,11,-1,-1,-1
2017450232663,1,9,0,18,0,0,0,0,0,0,1,1,2,1,52,8,2000,1,12,-1,-1,-1
2017450232663,2,9,0,3,0,0,0,0,0,0,1,1,2,1,28,6,1198,1,10,-1,-1,-1
2017450232663,3,9,0,18,0,0,0,0,0,0,1,1,1,1,31,6,-1,-1,-1,-1,-1,-1
2017450232696,1,9,0,18,0,0,0,0,0,0,1,1,1,1,49,8,-1,-1,-1,-1,-1,-1
2017450232696,2,9,0,16,0,0,0,0,0,0,2,1,6,2,31,6,1197,1,-1,9,1,9
2017450232733,1,9,0,18,0,0,0,0,0,0,1,1,6,1,24,5,1968,2,9,3,1,3
2017450232733,2,9,0,18,0,0,0,0,0,0,4,1,6,2,87,11,1598,1,7,8,1,8
2017450232733,3,9,0,2,0,0,0,0,1,0,4,1,6,1,59,9,1998,1,-1,8,1,8
2017450232742,1,3,0,18,0,0,0,0,0,0,0,1,2,1,52,8,124,1,5,-1,-1,-1
2017450232742,2,21,0,18,0,0,1,0,0,0,1,1,1,1,29,6,12777,2,2,-1,-1,-1
2017450232742,3,21,0,18,0,0,1,0,0,0,2,1,1,1,25,5,12777,2,4,-1,-1,-1
2017450232780,1,9,0,18,0,0,0,0,0,0,1,1,6,1,30,6,-1,-1,-1,-1,-1,-1
2017450232780,2,8,0,18,0,0,0,0,1,1,2,1,1,1,47,8,1997,2,7,-1,-1,-1
2017450232797,1,19,0,5,0,0,0,0,0,0,4,1,6,1,50,8,2198,2,1,-1,-1,-1
2017450232797,2,9,0,18,0,0,0,0,0,0,3,1,6,1,35,6,1910,2,10,-1,-1,-1
2017450232812,1,9,0,4,0,0,0,0,0,0,2,1,6,2,35,6,1998,2,13,-1,-1,-1
2017450232812,2,9,0,18,0,0,0,0,0,0,1,1,6,1,52,8,1984,1,7,-1,-1,-1
2017450232841,1,9,0,18,0,0,0,0,0,0,1,1,2,1,44,7,1598,1,15,-1,-1,-1
2017450232841,2,9,0,18,0,0,0,0,0,0,3,1,1,1,48,8,1968,2,3,-1,-1,-1
2017450232841,3,9,0,18,0,0,0,0,0,0,3,1,1,1,27,6,1797,8,3,-1,-1,-1
2017450232881,1,1,0,18,0,0,0,0,0,0,1,1,6,1,23,5,-1,-1,-1,-1,-1,-1
2017450232881,2,9,0,18,0,0,0,0,0,0,0,1,6,3,44,7,-1,-1,-1,-1,-1,-1
2017450233033,1,3,0,18,0,0,0,0,0,0,1,1,6,1,35,6,125,1,-1,5,2,5
2017450233033,2,9,0,18,0,0,0,0,0,0,2,1,6,1,60,9,1997,1,13,8,1,8
2017450233113,1,9,0,4,0,0,0,0,0,0,2,1,2,1,39,7,1198,1,5,-1,-1,-1
2017450233113,2,4,0,18,0,0,0,0,0,0,1,1,2,1,38,7,1215,1,3,-1,-1,-1
2017450233113,3,9,0,18,0,0,0,0,0,0,1,1,1,1,24,5,-1,-1,-1,-1,-1,-1
2017450233121,1,21,0,18,0,0,0,0,0,0,1,1,1,1,30,6,-1,-1,-1,-1,-1,-1
2017450233121,2,9,0,3,0,0,0,0,0,0,2,1,5,1,73,10,1968,2,8,-1,-1,-1
2017450233121,3,9,0,3,0,0,0,0,0,0,2,1,1,1,44,7,1598,1,12,-1,-1,-1
2017450233132,1,9,0,18,0,0,2,0,0,0,4,1,2,2,23,5,1242,1,7,-1,-1,-1
2017450233139,1,9,0,4,0,0,0,0,0,0,2,1,6,3,35,6,1587,1,10,-1,-1,-1
2017450233144,1,19,0,18,0,0,0,0,0,0,1,1,6,1,27,6,2982,2,7,-1,-1,-1
2017450233144,2,9,0,4,0,0,0,0,0,0,2,1,6,2,55,8,1229,1,11,-1,-1,-1
2017450233148,1,5,0,18,0,1,1,0,0,0,3,1,6,1,27,6,599,1,16,-1,-1,-1
2017450233156,1,9,0,18,0,0,0,0,0,0,1,1,6,3,45,7,-1,-1,-1,-1,-1,-1
2017450233163,1,9,0,9,0,1,0,0,0,0,1,1,6,2,32,6,1596,1,3,-1,-1,-1
2017450233163,2,9,0,18,0,1,0,0,0,0,1,1,6,1,40,7,2435,2,13,-1,-1,-1
2017450233167,1,19,4,18,0,0,0,0,0,0,4,1,2,1,48,8,-1,-1,-1,-1,-1,-1
2017450233167,2,9,0,18,0,0,0,0,0,0,3,1,1,2,41,7,2143,2,5,-1,-1,-1
2017450233174,1,9,0,5,0,8,0,0,1,10,1,1,2,1,47,8,2204,2,12,-1,-1,-1
2017450233174,2,9,0,5,0,8,0,0,0,0,1,1,5,1,65,9,1598,2,2,-1,-1,-1
2017450233195,1,9,0,18,0,0,0,0,1,0,1,1,5,1,20,4,2143,2,4,-1,-1,-1
2017450233195,2,9,0,4,0,0,1,0,1,0,1,1,5,2,20,4,1198,1,11,-1,-1,-1
2017450233206,1,1,0,18,0,0,0,0,0,0,1,1,4,1,13,3,-1,-1,-1,-1,-1,-1
2017450233206,2,9,0,2,0,0,0,0,0,0,0,1,3,1,50,8,1598,1,16,-1,-1,-1
2017450233234,1,3,0,4,0,0,1,0,0,0,0,1,5,1,20,4,125,1,-1,-1,-1,-1
2017450233234,2,9,0,18,0,0,0,0,0,0,0,1,5,1,34,6,1596,1,10,-1,-1,-1
2017450233242,1,3,0,18,0,4,0,0,1,0,1,1,6,2,30,6,124,1,3,4,1,4
2017450233258,1,9,0,18,0,0,1,0,2,4,1,1,5,1,32,6,1781,1,16,-1,-1,-1
2017450233365,1,9,0,18,0,0,1,0,0,0,1,1,1,1,28,6,1598,2,-1,-1,-1,-1
2017450233365,2,20,0,18,0,0,1,0,0,0,2,1,1,1,60,9,-1,-1,-1,-1,-1,-1
2017450233394,1,9,0,18,0,0,1,0,0,0,1,1,6,2,52,8,1600,2,8,5,1,5
2017450233394,2,9,0,4,0,0,0,0,0,0,4,1,6,2,22,5,1242,1,3,3,1,3
2017450233394,3,9,0,4,0,0,0,0,0,0,2,1,6,2,27,6,-1,-1,-1,5,1,5
2017450233394,4,9,0,4,0,0,0,0,0,0,1,1,6,1,70,10,2231,2,10,9,1,9
2017450233403,1,9,0,5,0,8,0,0,0,0,1,1,6,2,21,5,1968,2,8,-1,-1,-1
2017450233403,2,9,0,18,0,1,0,0,0,0,1,1,6,1,45,7,-1,-1,-1,-1,-1,-1
2017450233463,1,9,0,3,0,0,0,0,0,0,2,1,6,1,62,9,1984,1,10,-1,-1,-1
2017450233463,2,9,0,4,0,0,0,0,0,0,1,1,6,2,63,9,1299,1,11,-1,-1,-1
2017450233474,1,3,0,5,0,4,2,0,0,0,0,1,6,1,21,5,-1,-1,-1,-1,-1,-1
2017450233503,1,1,0,18,0,0,0,0,0,0,0,1,6,1,34,6,-1,-1,-1,-1,-1,-1
2017450233568,1,21,0,4,0,0,1,0,0,0,1,1,1,1,28,6,2299,2,1,-1,-1,-1
2017450233568,2,21,0,18,0,0,0,0,0,0,2,1,6,1,35,6,-1,-1,-1,-1,-1,-1
2017450233573,1,9,0,9,0,1,5,0,1,0,3,1,6,1,22,5,1995,1,12,-1,-1,-1
2017450233573,2,4,0,13,0,1,5,0,7,0,1,1,6,1,24,5,1170,1,5,-1,-1,-1
2017450233592,1,9,0,18,0,0,0,0,0,0,1,1,5,1,24,5,1582,2,-1,-1,-1,-1
2017450233592,2,9,0,18,0,0,0,0,0,0,2,1,5,1,34,6,1968,2,5,-1,-1,-1
2017450233595,1,1,0,18,0,0,0,0,0,0,1,1,2,1,32,6,-1,-1,-1,-1,-1,-1
2017450233617,1,9,0,18,0,1,1,0,1,10,1,1,5,2,20,4,1242,1,8,-1,-1,-1
2017450233632,1,9,0,4,0,0,0,0,0,0,2,1,5,1,47,8,1598,1,15,-1,-1,-1
2017450233632,2,9,0,4,0,0,0,0,0,0,1,1,5,1,33,6,-1,-1,-1,-1,-1,-1
2017450233634,1,9,0,9,0,5,0,0,0,0,1,1,6,1,18,4,973,1,16,8,1,8
2017450233634,2,9,0,18,0,1,0,0,0,0,1,1,6,1,47,8,1598,2,7,8,1,8
2017450233664,1,9,0,17,0,0,5,0,0,0,4,1,6,2,65,9,2494,8,-1,-1,-1,-1
2017450233685,1,9,0,4,0,0,0,0,0,0,1,1,2,2,26,6,875,1,1,-1,-1,-1
2017450233685,2,20,0,12,0,0,0,0,0,0,3,1,1,1,34,6,-1,-1,-1,-1,-1,-1
2017450233692,1,1,0,18,5,0,0,0,0,0,0,1,2,2,20,4,-1,-1,-1,-1,-1,-1
2017450233703,1,9,0,4,0,1,0,0,0,0,1,1,6,2,38,7,1598,2,3,-1,-1,-1
2017450233706,1,9,0,17,0,0,0,0,0,0,1,1,6,3,20,4,-1,-1,-1,-1,-1,-1
2017450233706,2,9,0,16,0,0,1,0,1,4,1,1,2,1,46,8,1299,1,15,-1,-1,-1
2017450233728,1,9,0,18,0,0,0,0,1,10,1,1,2,1,25,5,1598,2,3,-1,-1,-1
2017450233739,1,1,0,18,0,0,0,0,0,0,1,1,6,1,67,10,-1,-1,-1,-1,-1,-1
2017450233746,1,9,0,3,0,0,0,0,0,0,2,1,5,1,27,6,1124,1,17,-1,-1,-1
2017450233746,2,9,0,4,0,0,0,0,0,0,1,1,6,3,33,6,1968,2,3,-1,-1,-1
2017450233791,1,9,0,9,0,0,0,0,0,0,1,1,6,1,59,9,2993,2,4,5,1,5
2017450233791,2,4,0,17,0,0,0,0,0,0,4,1,6,1,41,7,1690,1,-1,8,1,8
2017450233955,1,9,0,18,0,0,1,0,0,0,1,1,6,1,26,6,1900,2,13,-1,-1,-1
2017450233955,2,9,0,3,0,0,0,0,0,0,0,1,5,1,35,6,1896,2,14,5,1,5
2017450233961,1,1,0,18,0,8,5,0,0,0,3,1,5,2,53,8,-1,-1,-1,10,1,10
2017450233961,2,9,0,18,0,8,0,0,0,0,4,1,6,1,65,9,-1,-1,-1,-1,-1,-1
2017450234029,1,9,0,1,0,8,0,0,0,0,2,1,6,3,19,4,-1,-1,-1,-1,-1,-1
2017450234029,2,4,0,4,0,8,5,0,0,0,1,1,1,1,53,8,1170,1,2,8,1,8
2017450234030,1,9,0,9,0,8,0,0,0,0,3,1,6,1,20,4,1390,1,13,7,1,7
2017450234030,2,1,0,18,0,8,0,0,0,0,4,1,5,1,54,8,-1,-1,-1,9,1,9
2017450234061,1,9,0,6,0,5,0,0,0,0,4,1,6,1,69,10,1598,1,9,8,1,8
2017450234073,1,5,0,18,0,1,2,0,7,0,4,1,6,1,32,6,1170,1,10,-1,-1,-1
2017450234073,2,9,0,9,0,1,0,0,0,0,3,1,6,3,24,5,1299,1,14,-1,-1,-1
2017450234074,1,9,0,18,0,0,0,0,0,0,1,1,6,2,23,5,1242,1,1,-1,-1,-1
2017450234074,2,9,0,10,0,0,0,0,0,0,2,1,1,2,46,8,1198,1,-1,-1,-1,-1
2017450234095,1,9,0,18,0,0,1,0,1,0,3,1,6,1,26,6,2987,2,4,-1,-1,-1
2017450234096,1,9,0,18,0,0,0,0,0,0,1,1,6,3,50,8,1994,1,14,-1,-1,-1
2017450234096,2,9,0,5,0,0,0,0,7,0,3,1,5,2,25,5,1349,1,5,-1,-1,-1
2017450234113,1,9,0,18,0,0,0,0,0,0,1,1,6,1,71,10,-1,-1,-1,-1,-1,-1
2017450234113,2,9,0,3,0,0,0,0,0,0,2,1,5,2,26,6,1995,2,4,-1,-1,-1
2017450234115,1,9,0,18,0,0,0,0,0,0,2,1,6,1,53,8,1984,2,7,-1,-1,-1
2017450234115,2,9,0,2,0,0,0,0,0,0,0,1,6,1,50,8,1584,1,10,-1,-1,-1
2017450234130,1,3,0,18,0,0,1,0,0,0,4,1,6,1,30,6,124,1,-1,-1,-1,-1
2017450234154,1,3,0,9,0,1,0,0,1,0,4,1,6,1,21,5,124,1,-1,9,1,9
2017450234154,2,9,0,18,0,1,0,0,0,0,3,1,6,1,55,8,-1,-1,-1,-1,-1,-1
2017450234154,3,9,0,18,0,1,0,0,0,0,3,1,6,1,55,8,1395,1,1,10,1,10
2017450234158,1,9,0,18,0,0,1,0,1,1,4,1,5,2,43,7,1149,1,14,-1,-1,-1
2017450234180,1,5,0,18,0,0,0,0,0,0,0,1,6,1,52,8,749,1,6,-1,-1,-1
2017450234180,2,9,0,12,0,0,0,0,0,0,0,1,6,1,50,8,-1,-1,-1,-1,-1,-1
2017450234196,1,9,0,9,0,0,0,0,0,0,3,1,6,2,41,7,1339,1,6,-1,-1,-1
2017450234196,2,9,0,18,0,0,0,0,0,0,4,1,2,2,44,7,998,1,23,-1,-1,-1
2017450234211,1,9,0,4,0,0,0,0,0,0,2,1,2,1,28,6,2996,1,9,-1,-1,-1
2017450234211,2,9,0,18,0,0,0,0,0,0,1,1,6,3,50,8,-1,-1,-1,-1,-1,-1
2017450234237,1,9,0,18,0,1,0,0,0,0,1,1,6,3,44,7,1242,1,16,-1,-1,-1
2017450234237,2,9,0,3,0,1,0,4,0,0,3,1,6,2,30,6,2198,1,11,-1,-1,-1
2017450234237,3,19,0,4,0,1,0,0,0,0,3,1,6,1,70,10,1560,2,1,-1,-1,-1
2017450234237,4,9,0,18,0,1,0,0,0,0,0,1,1,1,61,9,1560,2,3,-1,-1,-1
2017450234237,5,9,0,3,0,1,0,0,0,0,0,1,6,3,45,7,1560,2,2,-1,-1,-1
2017450234342,1,9,0,18,0,1,0,0,0,0,1,1,1,1,25,5,1399,2,7,-1,-1,-1
2017450234342,2,1,0,18,0,1,0,0,0,0,1,1,6,1,16,4,-1,-1,-1,-1,-1,-1
2017450234485,1,9,0,18,0,0,0,0,0,0,1,1,1,1,27,6,1198,1,14,8,1,8
2017450234485,2,1,0,18,0,0,0,0,1,9,2,1,2,1,50,8,-1,-1,-1,6,1,6
2017450234502,1,9,0,18,0,3,0,0,1,0,4,1,1,1,30,6,1995,2,3,-1,-1,-1
2017450234502,2,21,0,18,0,3,0,0,0,0,1,1,6,1,35,6,-1,-1,-1,-1,-1,-1
2017450234523,1,9,0,18,0,1,0,0,0,0,4,1,6,1,17,4,1398,2,10,-1,-1,-1
2017450234523,2,9,0,18,0,1,0,0,0,0,1,1,5,2,18,4,1242,1,2,-1,-1,-1
2017450234537,1,11,0,18,0,0,0,0,0,0,1,1,1,1,67,10,11000,2,12,-1,-1,-1
2017450234537,2,21,0,4,0,0,0,0,0,0,2,1,5,1,37,7,-1,-1,-1,-1,-1,-1
2017450234537,3,9,0,18,0,0,0,0,0,0,2,1,5,1,36,7,1896,2,15,-1,-1,-1
2017450234537,4,9,0,18,0,0,0,0,0,0,2,1,5,1,31,6,1999,1,11,-1,-1,-1
2017450234551,1,20,0,18,0,8,0,0,0,0,1,1,1,1,56,9,-1,-1,-1,-1,-1,-1
2017450234551,2,9,0,18,0,1,0,0,0,0,1,1,6,1,26,6,1896,2,13,-1,-1,-1
2017450234560,1,9,0,3,0,1,0,0,0,0,2,1,6,2,70,10,998,1,1,10,1,10
2017450234560,2,9,0,18,0,1,0,0,0,0,1,1,6,1,33,6,2616,1,13,6,1,6
2017450234562,1,4,0,4,0,0,0,0,0,0,2,1,6,3,50,8,-1,-1,-1,-1,-1,-1
2017450234562,2,5,0,4,0,0,1,0,0,0,1,1,6,1,27,6,749,1,15,-1,-1,-1
2017450234563,1,9,0,15,0,0,0,0,0,0,1,1,5,1,24,5,1388,1,5,-1,-1,-1
2017450234563,2,1,0,18,0,0,0,0,0,0,3,1,5,1,59,9,-1,-1,-1,-1,-1,-1
2017450234563,3,1,0,18,0,0,1,0,0,0,2,1,5,1,61,9,-1,-1,-1,-1,-1,-1
2017450234567,1,9,0,5,0,1,0,0,0,0,1,1,6,1,17,4,1198,1,7,-1,-1,-1
2017450234567,2,9,0,18,0,8,0,0,0,0,1,1,1,2,29,6,1242,1,8,-1,-1,-1
2017450234570,1,4,0,18,0,1,2,0,0,0,1,1,5,1,23,5,244,1,16,-1,-1,-1
2017450234570,2,9,0,18,0,2,0,0,0,0,3,1,5,2,29,6,1995,2,4,-1,-1,-1
2017450234584,1,9,0,18,0,0,2,10,2,0,4,1,6,1,37,7,-1,-1,-1,-1,-1,-1
2017450234593,1,9,0,9,0,3,0,0,0,0,1,1,1,1,39,7,1956,2,4,-1,-1,-1
2017450234593,2,9,0,17,0,4,0,0,3,2,3,1,1,2,91,11,1598,1,10,-1,-1,-1