Accident_Index,Vehicle_Reference,Vehicle_Type,Towing_and_Articulation,Vehicle_Manoeuvre,Vehicle_Location-Restricted_Lane,Junction_Location,Skidding_and_Overturning,Hit_Object_in_Carriageway,Vehicle_Leaving_Carriageway,Hit_Object_off_Carriageway,1st_Point_of_Impact,Was_Vehicle_Left_Hand_Drive?,Journey_Purpose_of_Driver,Sex_of_Driver,Age_of_Driver,Age_Band_of_Driver,Engine_Capacity_(CC),Propulsion_Code,Age_of_Vehicle,Driver_IMD_Decile,Driver_Home_Area_Type,Vehicle_IMD_Decile
2017450234596,1,9,0,18,0,5,0,0,0,0,0,1,6,3,35,6,-1,-1,-1,-1,-1,-1
2017450234596,2,9,0,18,0,5,0,0,0,0,0,1,6,3,35,6,1968,2,7,-1,-1,-1
2017450234596,3,9,0,18,0,5,0,0,0,0,2,1,6,1,19,4,1117,1,33,-1,-1,-1
2017450234596,4,9,0,18,0,5,0,0,0,0,1,1,2,2,26,6,1995,2,5,-1,-1,-1
2017450234599,1,3,0,3,0,2,0,0,0,0,2,1,5,1,30,6,124,1,-1,-1,-1,-1
2017450234599,2,9,0,18,0,1,0,0,0,0,2,1,6,3,50,8,2143,2,-1,-1,-1,-1
2017450234606,1,9,0,9,0,1,0,0,0,0,1,1,1,1,74,10,1497,8,12,-1,-1,-1
2017450234606,2,3,0,18,0,1,0,0,0,0,1,1,1,1,26,6,125,1,1,-1,-1,-1
2017450234613,1,21,1,18,0,8,0,0,0,0,2,1,1,1,25,5,12902,2,4,7,1,7
2017450234613,2,9,0,7,0,8,0,0,0,0,1,1,6,2,23,5,1242,1,14,4,1,4
2017450234613,3,9,0,7,0,8,0,0,0,0,2,1,6,2,36,7,1242,1,5,7,1,7
2017450234613,4,9,0,5,0,2,0,0,0,0,2,1,6,1,44,7,1968,2,9,2,1,2
2017450234616,1,9,0,16,0,0,1,0,0,0,1,1,5,1,47,8,3800,1,2,-1,-1,-1
2017450234616,2,9,0,18,0,0,0,0,0,0,1,1,5,1,47,8,1870,2,9,-1,-1,-1
2017450234622,1,9,0,7,0,2,0,0,0,0,4,1,6,1,72,10,2497,1,15,-1,-1,-1
2017450234622,2,1,0,18,0,2,5,0,0,0,3,1,6,1,15,3,-1,-1,-1,-1,-1,-1
2017450234628,1,9,0,18,0,0,0,0,0,0,1,1,6,1,25,5,2494,8,2,-1,-1,-1
2017450234628,2,9,0,18,0,0,0,0,0,0,2,1,6,2,47,8,2706,1,1,-1,-1,-1
2017450234632,1,9,0,3,0,1,0,0,0,0,2,1,6,2,47,8,1596,1,6,-1,-1,-1
2017450234632,2,9,0,4,0,1,0,0,0,0,1,1,6,1,50,8,1395,1,3,-1,-1,-1
2017450234643,1,9,0,3,0,1,0,0,0,0,2,1,6,2,47,8,1968,2,1,-1,-1,-1
2017450234643,2,9,0,18,0,1,0,0,0,0,1,1,6,1,59,9,1895,1,18,-1,-1,-1
2017450234649,1,9,0,18,0,3,0,0,0,0,1,1,6,2,18,4,1200,1,3,-1,-1,-1
2017450234649,2,9,0,18,0,3,0,0,0,0,1,1,1,2,49,8,1596,1,15,-1,-1,-1
2017450234658,1,9,0,18,0,0,0,0,0,0,3,1,6,1,18,4,1229,1,3,6,1,6
2017450234658,2,1,0,13,0,0,0,0,0,0,4,1,6,1,22,5,-1,-1,-1,6,1,6
2017450234662,1,9,0,18,0,0,0,0,0,0,1,1,6,2,52,8,2204,2,8,-1,-1,-1
2017450234662,2,9,0,18,0,0,0,0,0,0,2,1,1,2,33,6,1242,1,8,-1,-1,-1
2017450234662,3,9,0,18,0,0,0,0,0,0,1,1,2,1,30,6,-1,-1,-1,-1,-1,-1
2017450234692,1,9,0,18,0,0,1,0,0,0,2,1,6,2,21,5,1299,1,10,-1,-1,-1
2017450234726,1,21,0,4,0,0,0,0,0,0,1,1,6,1,28,6,4500,2,10,5,3,5
2017450234726,2,9,0,4,0,0,0,0,0,0,2,1,5,2,41,7,998,1,3,10,1,10
2017450234726,3,9,0,4,0,0,0,0,0,0,2,1,5,2,54,8,1328,1,3,7,3,7
2017450234729,1,1,0,13,0,8,0,0,0,0,3,1,6,1,44,7,-1,-1,-1,-1,-1,-1
2017450234729,2,19,0,13,0,8,0,0,0,0,2,1,6,3,50,8,-1,-1,-1,-1,-1,-1
2017450234789,1,3,0,18,0,0,2,0,1,0,1,1,5,1,45,7,124,1,1,3,1,3
2017450234867,1,9,0,18,0,8,0,0,1,10,1,1,6,1,15,3,1389,1,18,8,1,8
2017450234867,2,9,0,18,0,1,0,0,0,0,1,1,1,1,51,8,-1,-1,-1,6,1,6
2017450234867,3,9,0,17,0,1,0,0,0,0,1,1,1,1,28,6,1499,2,1,-1,-1,-1
2017450234896,1,9,0,18,0,1,0,0,0,0,1,1,6,1,40,7,1461,2,8,-1,-1,-1
2017450234896,2,9,0,18,0,1,0,0,0,0,2,1,6,1,28,6,1108,1,8,-1,-1,-1
2017450234896,3,9,0,18,0,2,0,0,0,0,0,1,6,2,35,6,1360,1,15,-1,-1,-1
2017450234926,1,3,0,18,0,0,0,0,0,0,1,1,6,1,18,4,124,1,2,-1,-1,-1
2017450234948,1,19,0,18,0,0,0,0,0,0,0,1,5,1,42,7,3920,2,13,-1,-1,-1
2017450234974,1,9,0,18,0,0,0,0,0,0,1,1,6,3,50,8,1910,2,12,-1,-1,-1
2017450234974,2,9,0,4,0,0,0,0,0,0,2,1,5,2,24,5,1197,1,1,-1,-1,-1
2017450234974,3,9,0,4,0,0,0,0,0,0,2,1,5,2,46,8,1796,1,10,-1,-1,-1
2017450235010,1,9,0,18,0,0,0,0,0,0,1,1,6,1,25,5,2997,1,9,-1,-1,-1
2017450235010,2,9,0,18,0,0,0,0,0,0,3,1,6,1,64,9,1197,1,4,-1,-1,-1
2017450235026,1,9,0,18,0,0,0,0,0,0,4,1,6,1,54,8,1596,1,14,-1,-1,-1
2017450235026,2,9,0,18,0,0,0,0,0,0,3,1,6,1,36,7,2993,2,8,-1,-1,-1
2017450235039,1,20,0,18,0,2,0,0,0,0,1,1,6,1,40,7,-1,-1,-1,-1,-1,-1
2017450235039,2,9,0,18,0,8,0,0,0,0,4,1,6,2,37,7,1598,1,8,-1,-1,-1
2017450235039,3,20,0,3,0,1,0,0,0,0,4,1,6,1,39,7,-1,-1,-1,-1,-1,-1
2017450235062,1,9,0,18,0,0,0,0,0,0,3,1,6,3,39,7,-1,-1,-1,-1,-1,-1
2017450235063,1,9,0,18,0,0,0,0,0,0,3,1,6,2,32,6,1796,1,12,-1,-1,-1
2017450235063,2,9,0,18,0,0,0,0,0,0,4,1,6,1,70,10,-1,-1,-1,-1,-1,-1
2017450235066,1,9,0,6,0,1,0,0,0,0,3,1,6,1,32,6,1390,1,7,-1,-1,-1
2017450235066,2,2,0,14,0,1,5,0,0,0,1,1,6,1,37,7,124,1,5,-1,-1,-1
2017450235075,1,9,0,4,0,1,1,0,1,4,1,1,6,1,19,4,1390,1,10,-1,-1,-1
2017450235097,1,9,0,18,0,0,0,0,0,0,1,1,1,1,55,8,1896,2,9,-1,-1,-1
2017450235097,2,9,0,6,0,0,0,0,0,0,3,1,1,1,44,7,-1,-1,-1,-1,-1,-1
2017450235125,1,9,0,18,0,0,0,0,0,0,3,1,2,1,-1,-1,1598,1,5,-1,-1,-1
2017450235223,1,9,0,17,0,7,2,0,0,0,1,1,6,2,74,10,1600,1,17,-1,-1,-1
2017450235229,1,9,0,18,0,0,0,0,0,0,1,1,6,1,57,9,-1,-1,-1,-1,-1,-1
2017450235229,2,9,0,4,0,0,0,0,0,0,2,1,6,2,47,8,1598,2,2,-1,-1,-1
2017450235279,1,9,0,4,0,0,0,0,0,0,2,1,5,1,42,7,1968,2,2,-1,-1,-1
2017450235279,2,9,0,18,0,0,0,0,0,0,1,1,5,2,55,8,1397,1,9,-1,-1,-1
2017450235296,1,9,0,3,0,1,0,0,0,0,2,1,2,1,27,6,2143,2,6,-1,-1,-1
2017450235296,2,21,0,4,0,1,0,0,0,0,1,1,1,1,64,9,-1,-1,-1,-1,-1,-1
2017450235310,1,9,0,4,0,0,0,0,0,0,1,1,6,1,45,7,-1,-1,-1,-1,-1,-1
2017450235311,1,9,0,3,0,4,0,0,0,0,2,1,6,2,34,6,1995,2,11,-1,-1,-1
2017450235311,2,9,0,18,0,4,0,0,0,0,1,1,6,3,55,8,1968,2,4,-1,-1,-1
2017450235320,1,9,0,9,0,6,0,0,0,0,1,1,5,2,25,5,1984,1,13,-1,-1,-1
2017450235320,2,5,0,18,0,1,0,0,0,0,1,1,5,1,55,8,598,1,22,-1,-1,-1
2017450235320,3,9,0,3,0,1,0,0,0,0,1,1,5,1,62,9,2993,2,2,-1,-1,-1
2017450235348,1,2,0,5,0,8,0,0,0,0,0,1,5,1,51,8,49,1,-1,-1,-1,-1
2017450235353,1,20,0,14,0,0,0,0,0,0,4,1,1,1,22,5,-1,-1,-1,-1,-1,-1
2017450235353,2,9,0,9,0,0,0,0,0,0,3,1,6,2,49,8,1968,2,4,10,3,10
2017450235363,1,9,0,3,0,0,0,0,0,0,2,1,6,1,66,10,1995,2,-1,-1,-1,-1
2017450235363,2,9,0,4,0,0,0,0,0,0,1,1,6,2,36,7,2231,2,10,-1,-1,-1
2017450235365,1,9,0,3,0,0,0,0,0,0,2,1,6,2,65,9,1364,1,11,-1,-1,-1
2017450235365,2,9,0,18,0,0,0,0,0,0,1,1,6,3,35,6,-1,-1,-1,-1,-1,-1
2017450235368,1,9,0,18,0,0,0,0,0,0,0,1,5,1,50,8,1388,1,13,-1,-1,-1
2017450235376,1,9,0,4,0,0,0,0,0,0,2,1,5,1,32,6,998,1,3,-1,-1,-1
2017450235376,2,9,0,18,0,0,0,0,0,0,1,1,5,1,42,7,-1,-1,-1,-1,-1,-1
2017450235376,3,3,0,18,0,0,0,0,0,0,1,1,5,1,26,6,125,1,-1,-1,-1,-1
2017450235398,1,9,0,18,0,4,0,0,0,0,0,1,1,1,45,7,2400,2,5,-1,-1,-1
2017450235398,2,9,0,18,0,4,0,0,0,0,2,1,6,2,40,7,1597,2,-1,5,1,5
2017450235398,3,9,0,18,0,4,0,0,0,0,2,1,6,1,36,7,2902,2,12,5,3,5
2017450235398,4,9,0,18,0,4,0,0,0,0,2,1,6,1,42,7,1995,2,7,4,1,4
2017450235405,1,9,0,18,0,0,0,0,0,0,1,1,6,1,37,7,1797,8,5,-1,-1,-1
2017450235405,2,9,0,18,0,0,0,0,0,0,1,1,6,3,36,7,-1,-1,-1,-1,-1,-1
2017450235446,1,9,0,10,0,0,0,0,7,10,1,1,6,2,88,11,1590,1,12,-1,-1,-1
2017450235447,1,9,0,18,0,0,0,0,0,0,1,1,6,1,62,9,1596,1,3,-1,-1,-1
2017450235447,2,1,0,18,0,0,0,0,0,0,2,1,6,1,59,9,-1,-1,-1,-1,-1,-1
2017450235458,1,20,0,4,0,0,1,0,1,0,1,1,6,1,26,6,-1,-1,-1,-1,-1,-1
2017450235458,2,9,0,10,0,0,0,0,7,10,1,1,6,2,35,6,1595,1,5,-1,-1,-1
2017450235461,1,9,0,18,0,0,0,0,0,0,2,1,6,2,48,8,1596,1,5,-1,-1,-1
2017450235461,2,9,0,18,0,0,0,0,0,0,1,1,6,1,25,5,1995,2,13,-1,-1,-1
2017450235473,1,9,0,16,0,3,0,0,1,0,0,1,6,1,33,6,3993,1,3,-1,-1,-1
2017450235473,2,9,0,16,0,3,0,0,0,0,4,1,5,1,28,6,3000,1,7,10,1,10
2017450235494,1,1,0,18,0,0,2,0,0,0,1,1,6,1,71,10,-1,-1,-1,-1,-1,-1
2017450235619,1,9,0,7,0,0,0,0,0,0,4,1,6,2,21,5,998,1,12,-1,-1,-1
2017450235619,2,3,0,5,0,0,0,0,0,0,3,1,6,1,46,8,-1,-1,-1,-1,-1,-1
2017450235635,1,9,0,18,0,0,0,0,0,0,1,1,6,1,50,8,-1,-1,-1,-1,-1,-1
2017450235635,2,9,0,17,0,0,0,0,1,0,1,1,5,1,48,8,1198,1,2,-1,-1,-1
2017450235641,1,9,0,4,0,0,0,0,0,0,1,1,6,1,37,7,1248,1,3,-1,-1,-1
2017450235641,2,9,0,3,0,0,0,0,0,0,2,1,6,1,24,5,1595,1,17,-1,-1,-1
2017450235763,1,9,0,5,0,0,0,0,0,0,1,1,6,2,28,6,1596,1,16,-1,-1,-1
2017450235763,2,1,0,18,0,0,0,0,0,0,3,1,6,1,27,6,-1,-1,-1,-1,-1,-1
2017450235809,1,9,0,4,0,0,0,0,0,0,1,1,6,1,39,7,2401,2,15,-1,-1,-1
2017450235809,2,4,0,3,0,0,0,0,0,0,2,1,6,1,26,6,883,1,1,-1,-1,-1
2017450235809,3,9,0,3,0,0,0,0,0,0,2,1,6,2,47,8,1896,2,14,-1,-1,-1
2017450235820,1,9,0,5,0,0,0,0,0,0,3,1,5,2,53,8,1364,1,8,-1,-1,-1
2017450235820,2,2,0,18,0,0,0,0,0,0,1,1,5,1,16,4,49,1,8,-1,-1,-1
2017450235831,1,9,0,18,0,0,0,0,0,0,1,1,6,1,44,7,-1,-1,-1,-1,-1,-1
2017450235831,2,20,0,4,0,0,0,0,0,0,2,1,6,1,59,9,5132,2,3,-1,-1,-1
2017450235833,1,9,0,18,0,0,0,0,0,0,2,1,6,2,50,8,1124,1,14,-1,-1,-1
2017450235833,2,9,0,18,0,0,0,0,0,0,1,1,6,3,50,8,1968,2,2,-1,-1,-1
2017450235833,3,9,0,18,0,0,0,0,0,0,1,1,6,1,50,8,1984,1,11,-1,-1,-1
2017450235833,4,9,0,4,0,0,0,0,0,0,1,1,6,2,24,5,1598,1,4,-1,-1,-1
2017450235833,5,9,0,4,0,0,1,0,0,0,1,1,6,2,37,7,1596,1,16,-1,-1,-1
2017450235851,1,9,0,1,0,0,0,0,0,0,2,1,6,1,27,6,-1,-1,-1,-1,-1,-1
2017450235852,1,9,0,5,0,2,0,0,0,0,3,1,6,2,41,7,1591,1,-1,-1,-1,-1
2017450235852,2,3,0,13,0,1,0,0,0,0,1,1,2,1,33,6,124,1,4,-1,-1,-1
2017450235885,1,9,0,3,0,0,0,0,0,0,1,1,1,2,73,10,1395,1,2,10,1,10
2017450235885,2,20,0,18,0,0,0,0,0,0,1,1,1,1,48,8,-1,-1,-1,9,1,9
2017450235887,1,9,0,18,0,1,0,0,0,0,2,1,2,1,41,7,1997,1,3,-1,-1,-1
2017450235887,2,9,0,18,0,1,0,0,0,0,2,1,6,2,-1,-1,1360,1,15,-1,-1,-1
2017450235897,1,9,0,9,0,8,0,0,0,0,1,1,6,1,73,10,1797,8,3,-1,-1,-1
2017450235897,2,9,0,18,0,1,0,0,0,0,1,1,6,1,30,6,2143,2,6,-1,-1,-1
2017450235914,1,1,0,18,0,1,0,0,0,0,1,1,2,1,31,6,-1,-1,-1,-1,-1,-1
2017450235914,2,9,0,9,0,1,0,0,0,0,4,1,2,2,25,5,1193,1,-1,-1,-1,-1
2017450235922,1,9,0,18,0,1,0,0,0,0,1,1,6,1,18,4,1364,1,8,-1,-1,-1
2017450235922,2,9,0,2,0,1,0,0,0,0,1,1,6,2,43,7,1560,2,2,-1,-1,-1
2017450235922,3,9,0,18,0,1,0,0,0,0,0,1,6,3,63,9,-1,-1,-1,-1,-1,-1
2017450235925,1,9,0,18,0,0,0,0,0,0,1,1,1,1,64,9,2616,1,11,-1,-1,-1
2017450235925,2,9,0,14,0,0,0,0,0,0,1,1,6,1,71,10,1598,1,12,-1,-1,-1
2017450235942,1,9,0,5,0,0,0,0,0,0,1,1,6,2,85,11,1956,2,9,-1,-1,-1
2017450235942,2,9,0,17,0,0,0,0,0,0,4,1,1,2,32,6,-1,-1,-1,-1,-1,-1
2017450235943,1,9,0,18,0,0,5,0,1,9,1,1,6,1,46,8,2720,2,9,-1,-1,-1
2017450235943,2,9,0,18,0,0,0,0,0,0,2,1,6,2,32,6,-1,-1,-1,-1,-1,-1
2017450235956,1,19,0,18,0,0,0,0,0,0,4,1,1,1,56,9,-1,-1,-1,-1,-1,-1
2017450235956,2,9,0,18,0,0,0,0,0,0,3,1,1,2,26,6,1995,2,3,-1,-1,-1
2017450235963,1,9,0,18,0,0,0,0,0,0,1,1,6,1,74,10,2497,2,19,-1,-1,-1
2017450235970,1,9,0,18,0,8,0,0,0,0,1,1,5,1,30,6,1498,1,1,-1,-1,-1
2017450235970,2,4,0,18,0,8,5,0,0,0,4,1,5,1,41,7,779,1,3,-1,-1,-1
2017450236263,1,9,0,4,0,0,1,0,0,0,1,1,6,1,36,7,998,1,17,-1,-1,-1
2017450236263,2,9,0,4,0,0,0,0,0,0,0,1,6,2,50,8,-1,-1,-1,-1,-1,-1
2017450236263,3,9,0,4,0,0,0,0,0,0,2,1,6,1,58,9,2720,2,12,-1,-1,-1
2017450236267,1,9,0,18,0,0,0,0,0,0,1,1,6,1,26,6,-1,-1,-1,-1,-1,-1
2017450236267,2,9,0,4,0,0,0,0,0,0,2,1,6,3,50,8,-1,-1,-1,-1,-1,-1
2017450236274,1,3,0,4,0,0,0,0,0,0,1,1,5,1,57,9,124,1,13,-1,-1,-1
2017450236274,2,9,0,18,0,0,0,0,0,0,2,1,5,1,42,7,1598,1,7,-1,-1,-1
2017450236289,1,9,0,4,0,0,1,0,0,0,1,1,5,1,19,4,998,1,11,-1,-1,-1
2017450236289,2,9,0,4,0,0,0,0,0,0,2,1,5,1,44,7,1360,1,11,-1,-1,-1
2017450236289,3,9,0,3,0,0,0,0,0,0,2,1,5,1,39,7,1499,2,1,-1,-1,-1
2017450236316,1,9,0,18,0,8,0,0,0,0,1,1,6,2,30,6,1796,1,10,-1,-1,-1
2017450236316,2,9,0,18,0,8,0,0,0,0,1,1,6,2,53,8,1798,1,6,-1,-1,-1
2017450236365,1,9,0,16,0,5,0,0,0,0,3,1,6,1,90,11,1299,1,14,-1,-1,-1
2017450236365,2,9,0,17,0,6,0,0,0,0,3,1,1,2,42,7,1995,2,2,-1,-1,-1
2017450236399,1,9,0,18,0,0,0,0,0,0,3,1,2,1,45,7,2993,2,1,-1,-1,-1
2017450236399,2,9,0,18,0,0,0,0,1,0,3,1,6,1,38,7,1396,1,15,-1,-1,-1
2017450236399,3,19,0,18,0,0,0,0,0,0,3,1,6,1,21,5,2148,2,9,-1,-1,-1
2017450236404,1,9,0,18,0,0,0,0,0,0,1,1,6,1,42,7,999,1,-1,-1,-1,-1
2017450236404,2,9,0,18,0,0,0,0,0,0,1,1,6,1,60,9,1598,1,7,-1,-1,-1
2017450236404,3,19,0,18,0,0,0,0,0,0,4,1,6,1,56,9,2400,2,14,-1,-1,-1
2017450236691,1,9,0,9,0,0,0,0,0,0,1,1,6,2,26,6,1198,1,13,-1,-1,-1
2017450236691,2,9,0,18,0,0,0,0,0,0,1,1,6,1,43,7,1995,2,14,-1,-1,-1
2017450236694,1,21,0,18,0,0,1,0,0,0,4,1,1,1,44,7,10837,2,2,-1,-1,-1
2017450236694,2,21,0,2,6,0,1,0,1,0,2,1,1,1,36,7,4485,2,2,-1,-1,-1
2017450236699,1,9,0,17,0,0,1,0,2,0,4,1,5,1,43,7,1598,1,14,8,1,8
2017450236699,2,9,0,16,0,0,0,0,0,0,1,1,6,2,48,8,1598,1,9,9,1,9
2017450236699,3,9,0,16,0,0,0,0,0,0,1,1,5,1,42,7,1798,1,5,8,1,8
2017450236708,1,9,0,18,0,0,1,0,0,0,1,1,1,1,53,8,2143,2,3,4,1,4
2017450236708,2,9,0,4,0,0,0,0,0,0,2,1,5,1,45,7,1968,2,6,10,2,10
2017450236717,1,9,0,18,0,0,5,0,0,0,1,1,5,1,39,7,1968,2,4,-1,-1,-1
2017450236717,2,9,0,2,0,0,0,0,0,0,1,1,5,1,50,8,1590,1,16,-1,-1,-1
2017450236717,3,9,0,2,0,0,0,0,0,0,1,1,5,1,68,10,1968,2,7,-1,-1,-1
2017450236718,1,9,0,4,0,1,0,0,0,0,1,1,5,2,54,8,2969,2,10,-1,-1,-1
2017450236718,2,9,0,4,0,1,0,0,0,0,2,1,5,2,61,9,1896,2,16,-1,-1,-1
2017450236718,3,9,0,4,0,1,0,0,0,0,0,1,2,1,30,6,1368,1,-1,-1,-1,-1
2017450236728,1,9,0,14,0,1,0,0,0,0,3,1,6,1,49,8,1999,1,6,-1,-1,-1
2017450236728,2,19,0,18,0,1,1,0,0,0,1,1,2,2,39,7,970,1,19,-1,-1,-1
2017450236729,1,9,0,18,0,0,0,0,0,0,0,1,6,2,40,7,-1,-1,-1,-1,-1,-1
2017450236732,1,9,0,18,0,0,0,0,0,0,1,1,6,1,80,11,1956,2,8,-1,-1,-1
2017450236732,2,9,0,3,0,0,0,0,0,0,1,1,6,1,52,8,1560,2,1,-1,-1,-1
2017450236748,1,9,0,18,0,1,0,0,0,0,1,1,6,1,30,6,1910,2,11,-1,-1,-1
2017450236762,1,9,0,9,0,1,0,0,0,0,1,1,6,2,37,7,1498,1,1,-1,-1,-1
2017450236762,2,9,0,18,0,1,0,0,0,0,1,1,6,1,36,7,-1,-1,-1,-1,-1,-1
2017450236766,1,9,0,18,0,4,0,0,0,0,3,1,6,2,41,7,1796,1,12,-1,-1,-1
2017450236766,2,9,0,13,0,4,0,0,0,0,3,1,6,1,27,6,1396,1,17,-1,-1,-1
2017450236767,1,9,0,4,0,1,0,0,0,0,1,1,2,1,46,8,-1,-1,-1,-1,-1,-1
2017450236767,2,1,0,18,5,8,0,0,0,0,1,1,2,1,48,8,-1,-1,-1,-1,-1,-1
2017450236791,1,2,0,4,0,1,0,0,0,0,1,1,2,1,31,6,50,1,11,-1,-1,-1
2017450236791,2,9,0,9,0,1,0,0,0,0,0,1,6,2,29,6,1390,1,20,-1,-1,-1
2017450236795,1,9,0,18,0,1,0,0,0,0,1,1,6,3,52,8,-1,-1,-1,-1,-1,-1
2017450236844,1,5,0,18,0,0,0,0,0,0,1,1,6,2,42,7,847,1,-1,-1,-1,-1
2017450237012,1,9,0,18,0,0,0,0,0,0,1,1,2,2,58,9,1242,1,4,-1,-1,-1
2017450237041,1,9,0,4,0,0,0,0,0,0,2,1,2,1,55,8,2179,2,6,-1,-1,-1
2017450237041,2,9,0,4,0,0,0,4,0,0,2,1,2,1,28,6,-1,-1,-1,-1,-1,-1
2017450237041,3,9,0,18,0,0,0,0,0,0,1,1,5,1,19,4,1598,1,4,-1,-1,-1
2017450237095,1,9,0,18,0,0,0,0,0,0,1,1,1,1,20,4,-1,-1,-1,-1,-1,-1
2017450237095,2,9,0,5,0,0,0,0,0,0,2,1,6,1,74,10,1968,2,10,-1,-1,-1
2017450237096,1,9,0,17,0,2,0,7,0,0,4,1,5,2,36,7,1560,2,5,-1,-1,-1
2017450237113,1,9,0,9,0,0,0,0,0,0,4,1,5,1,17,4,1198,1,12,-1,-1,-1
2017450237113,2,4,0,18,0,0,0,0,0,0,3,1,5,1,39,7,599,1,14,-1,-1,-1
2017450237117,1,9,0,18,0,0,0,0,1,1,1,1,5,1,81,11,2500,2,21,-1,-1,-1
2017450237127,1,4,0,13,0,0,0,0,0,0,3,1,6,1,34,6,599,1,10,-1,-1,-1
2017450237127,2,2,0,13,0,0,2,0,0,0,3,1,6,1,20,4,125,1,3,-1,-1,-1
2017450237127,3,9,0,18,0,0,0,0,0,0,3,1,6,1,24,5,1086,1,15,-1,-1,-1
2017450237134,1,1,0,18,0,0,0,0,1,0,0,1,5,1,47,8,-1,-1,-1,-1,-1,-1
2017450237134,2,9,0,18,0,0,0,0,0,0,0,1,6,3,50,8,-1,-1,-1,-1,-1,-1
2017450237134,3,1,0,18,0,0,0,0,0,0,0,1,6,3,50,8,-1,-1,-1,-1,-1,-1
2017450237140,1,9,0,18,0,0,0,0,0,0,1,1,6,2,50,8,1242,1,5,-1,-1,-1
2017450237140,2,1,0,18,0,0,0,0,0,0,1,1,6,1,35,6,-1,-1,-1,-1,-1,-1
2017450237148,1,9,0,17,0,0,2,0,7,0,1,1,5,2,20,4,1242,1,6,-1,-1,-1
2017450237174,1,1,0,5,0,0,0,0,0,0,1,1,6,1,30,6,-1,-1,-1,-1,-1,-1
2017450237174,2,19,0,18,0,0,0,0,0,0,1,1,6,1,50,8,1753,2,10,-1,-1,-1
2017450237176,1,9,0,10,0,6,0,0,0,0,2,1,6,2,43,7,1598,1,9,-1,-1,-1
2017450237176,2,2,0,18,0,1,0,0,0,0,1,1,6,1,22,5,124,1,15,-1,-1,-1
2017450237215,1,1,0,18,0,0,0,0,0,0,4,1,5,1,25,5,-1,-1,-1,-1,-1,-1
2017450237215,2,9,0,18,0,0,0,0,0,0,1,1,6,2,55,8,999,1,1,10,1,10
2017450237218,1,9,0,18,0,1,0,0,0,0,1,1,6,1,55,8,1796,2,5,-1,-1,-1
2017450237218,2,9,0,5,0,6,0,0,0,0,4,1,6,2,30,6,1596,1,3,-1,-1,-1
2017450237220,1,2,0,13,0,2,5,0,0,0,1,1,6,1,54,8,1157,1,19,-1,-1,-1
2017450237220,2,9,0,9,0,8,0,0,0,0,4,1,6,2,68,10,1197,1,4,-1,-1,-1
2017450237230,1,22,0,18,0,0,0,0,0,0,0,1,6,1,73,10,-1,-1,-1,-1,-1,-1
2017450237261,1,19,0,4,0,1,0,0,0,0,3,1,1,2,26,6,2460,2,10,-1,-1,-1
2017450237261,2,3,0,16,0,1,0,0,0,0,3,1,6,1,80,11,125,1,-1,-1,-1,-1
2017450237262,1,9,0,18,0,0,0,0,1,0,1,1,6,2,63,9,1590,1,16,-1,-1,-1
2017450237262,2,19,0,18,0,0,0,0,0,0,0,1,6,3,50,8,-1,-1,-1,-1,-1,-1
2017450237351,1,9,0,18,0,0,0,0,0,0,3,1,6,1,-1,-1,-1,-1,-1,-1,-1,-1
2017450237351,2,9,0,18,0,0,0,0,0,0,4,1,6,1,57,9,-1,-1,-1,-1,-1,-1
2017450237370,1,9,0,18,0,0,2,0,8,0,1,1,5,1,68,10,-1,-1,-1,10,1,10
2017450237370,2,9,0,18,0,0,0,0,0,0,3,1,5,1,48,8,-1,-1,-1,9,1,9
2017450237370,3,9,0,4,0,0,0,0,0,0,1,1,5,1,26,6,1997,2,10,10,1,10
2017450237370,4,9,0,4,0,0,0,0,0,0,1,1,5,2,39,7,2987,2,-1,9,1,9
2017450237552,1,4,0,18,0,0,2,0,0,0,0,1,2,1,32,6,645,1,11,-1,-1,-1
2017450237569,1,9,0,7,0,4,0,0,0,0,4,1,6,1,66,10,2993,2,2,8,1,8
2017450237569,2,20,0,7,0,4,0,0,0,0,3,1,6,1,62,9,-1,-1,-1,5,1,5
2017450237571,1,9,0,16,0,0,1,0,0,0,3,1,5,2,26,6,1364,1,9,-1,-1,-1
2017450237582,1,21,0,18,0,0,0,0,0,0,1,1,1,1,54,8,-1,-1,-1,-1,-1,-1
2017450237591,1,9,0,4,0,1,0,0,0,0,2,1,5,2,39,7,1995,2,4,-1,-1,-1
2017450237591,2,9,0,3,0,1,0,0,0,0,1,1,5,1,23,5,1999,1,12,-1,-1,-1
2017450237602,1,9,0,18,0,0,0,0,0,0,1,1,6,1,53,8,1995,1,9,-1,-1,-1
2017450237602,2,9,0,3,0,0,0,0,0,0,2,1,6,1,40,7,1560,2,3,-1,-1,-1
2017450237602,3,9,0,3,0,0,0,0,0,0,0,1,6,1,32,6,1796,1,9,-1,-1,-1
2017450237609,1,9,0,18,0,0,1,0,2,0,1,1,6,1,21,5,1560,2,9,3,1,3
2017450237611,1,9,0,17,0,0,0,0,0,0,3,1,2,1,34,6,1242,1,15,-1,-1,-1
2017450237611,2,9,0,18,0,0,0,0,0,0,3,1,6,2,49,8,3311,8,8,-1,-1,-1
2017450237632,1,9,0,18,0,0,1,0,0,0,1,1,6,2,27,6,1390,1,12,-1,-1,-1
2017450237633,1,9,0,18,0,1,0,0,0,0,1,1,6,1,55,8,1229,1,3,8,1,8