Accident_Index,Vehicle_Reference,Vehicle_Type,Towing_and_Articulation,Vehicle_Manoeuvre,Vehicle_Location-Restricted_Lane,Junction_Location,Skidding_and_Overturning,Hit_Object_in_Carriageway,Vehicle_Leaving_Carriageway,Hit_Object_off_Carriageway,1st_Point_of_Impact,Was_Vehicle_Left_Hand_Drive?,Journey_Purpose_of_Driver,Sex_of_Driver,Age_of_Driver,Age_Band_of_Driver,Engine_Capacity_(CC),Propulsion_Code,Age_of_Vehicle,Driver_IMD_Decile,Driver_Home_Area_Type,Vehicle_IMD_Decile
2017450243186,5,9,0,2,0,0,0,0,0,0,3,1,6,1,24,5,1600,1,6,-1,-1,-1
2017450243192,1,9,0,9,0,1,0,0,0,0,3,1,6,1,55,8,-1,-1,-1,-1,-1,-1
2017450243192,2,1,0,7,0,1,0,0,0,0,1,1,6,1,46,8,-1,-1,-1,-1,-1,-1
2017450243205,1,9,0,18,0,0,0,0,0,0,4,1,2,1,23,5,1796,1,7,5,1,5
2017450243205,2,90,0,18,0,0,0,0,0,0,0,1,1,1,36,7,-1,-1,-1,9,3,9
2017450243254,1,8,0,1,0,8,0,0,0,0,0,1,6,2,59,9,1797,8,5,4,1,4
2017450243254,2,9,0,18,0,8,1,0,0,0,2,1,5,2,45,7,1969,2,-1,10,1,10
2017450243254,3,19,0,18,0,8,1,0,0,0,1,1,1,1,27,6,2287,2,1,5,1,5
2017450243268,1,9,0,3,0,0,0,0,0,0,0,1,6,1,63,9,998,1,24,-1,-1,-1
2017450243268,2,2,0,4,0,0,1,0,0,0,0,1,6,1,17,4,49,1,1,-1,-1,-1
2017450243350,1,9,0,18,0,0,0,0,0,0,1,1,6,1,68,10,1598,1,12,-1,-1,-1
2017450243350,2,9,0,18,0,0,1,0,0,0,3,1,6,1,70,10,1969,2,2,-1,-1,-1
2017450243434,1,3,0,3,0,4,0,0,0,0,2,1,6,1,21,5,124,1,2,-1,-1,-1
2017450243434,2,9,0,3,0,4,0,0,0,0,1,1,6,1,83,11,1339,1,8,-1,-1,-1
2017450243485,1,9,0,18,0,0,0,0,0,0,1,1,5,1,18,4,1198,1,12,-1,-1,-1
2017450243485,2,9,0,18,0,0,0,0,0,0,2,1,2,1,46,8,1388,1,13,-1,-1,-1
2017450243575,1,9,0,17,0,0,1,0,1,0,4,1,1,1,17,4,1388,1,12,10,1,10
2017450243579,1,9,0,17,0,0,0,0,1,3,1,1,6,1,30,6,1995,1,14,-1,-1,-1
2017450243585,1,9,0,2,0,0,0,0,0,0,0,1,5,1,36,7,1998,1,13,-1,-1,-1
2017450243585,2,1,0,14,0,0,0,8,0,0,1,1,5,1,51,8,-1,-1,-1,6,1,6
2017450243586,1,1,0,9,0,0,2,0,0,0,0,1,6,1,52,8,-1,-1,-1,9,3,9
2017450243615,1,9,0,4,0,0,0,0,0,0,0,1,1,2,24,5,1560,2,3,-1,-1,-1
2017450243623,1,9,0,16,0,0,0,0,0,0,1,1,5,1,53,8,1598,1,7,-1,-1,-1
2017450243623,2,9,0,16,0,0,0,0,7,0,3,1,5,1,27,6,1995,2,6,-1,-1,-1
2017450243629,1,9,0,18,0,1,0,0,0,0,1,1,2,1,34,6,1799,1,12,-1,-1,-1
2017450243629,2,9,0,18,0,1,0,0,0,0,1,1,1,1,22,5,1598,1,8,-1,-1,-1
2017450243663,1,9,0,18,0,0,1,0,1,6,1,1,6,1,35,6,-1,-1,-1,-1,-1,-1
2017450243663,2,9,0,4,0,0,1,0,0,0,2,1,2,2,49,8,1496,1,-1,-1,-1,-1
2017450243671,1,19,0,4,0,0,1,0,0,0,2,1,1,1,21,5,1995,2,-1,8,1,8
2017450243671,2,9,0,3,0,0,1,0,0,0,2,1,5,2,47,8,1560,2,5,9,1,9
2017450243671,3,8,0,18,0,0,0,0,0,0,1,1,1,1,28,6,1598,2,1,2,1,2
2017450243680,1,9,0,18,0,1,0,0,0,0,4,1,6,2,45,7,1499,1,-1,-1,-1,-1
2017450243680,2,9,0,9,0,1,0,0,0,0,1,1,6,2,73,10,1199,1,2,7,3,7
2017450243716,1,9,0,18,0,0,0,0,0,0,1,1,6,2,78,11,998,1,18,-1,-1,-1
2017450243716,2,9,0,18,0,0,0,0,0,0,3,1,6,2,28,6,2982,2,11,-1,-1,-1
2017450243717,1,21,0,5,0,1,0,0,0,0,1,1,2,1,23,5,-1,-1,-1,-1,-1,-1
2017450243717,2,4,0,5,0,1,0,0,0,0,2,1,6,1,36,7,689,1,-1,-1,-1,-1
2017450243770,1,9,0,16,0,0,0,0,1,0,1,1,6,1,80,11,1368,1,5,10,1,10
2017450243785,1,20,1,5,0,0,0,0,0,0,1,1,1,1,29,6,-1,-1,-1,-1,-1,-1
2017450243785,2,9,0,3,0,0,0,0,0,0,2,1,5,2,47,8,1299,1,12,-1,-1,-1
2017450243803,1,9,0,5,0,4,0,0,0,0,3,1,6,1,48,8,1560,2,8,-1,-1,-1
2017450243803,2,9,0,18,0,4,0,0,0,0,1,1,6,1,57,9,1198,1,5,10,3,10
2017450243853,1,9,0,18,0,0,0,0,1,6,3,1,2,1,37,7,1332,1,19,-1,-1,-1
2017450243864,1,1,0,18,0,0,0,0,0,0,0,1,6,1,37,7,-1,-1,-1,-1,-1,-1
2017450243903,1,9,0,18,0,1,0,0,7,1,1,1,5,1,91,11,2179,2,2,-1,-1,-1
2017450243916,1,9,0,18,0,8,0,0,7,0,4,1,5,1,23,5,1686,2,13,6,3,6
2017450243916,2,19,0,18,0,8,0,0,0,0,1,1,1,1,35,6,1560,2,-1,10,1,10
2017450243919,1,9,0,17,0,0,0,0,1,4,4,1,5,1,18,4,1998,1,-1,-1,-1,-1
2017450243919,2,19,0,18,0,0,0,0,1,0,0,1,5,1,25,5,2198,2,5,1,1,1
2017450243972,1,2,0,14,0,0,0,0,0,0,1,1,5,1,17,4,49,1,14,-1,-1,-1
2017450243972,2,21,0,3,0,0,0,0,0,0,3,1,5,3,50,8,-1,-1,-1,-1,-1,-1
2017450244012,1,9,0,18,0,4,0,2,1,1,4,1,6,1,59,9,1499,1,9,-1,-1,-1
2017450244012,2,9,0,9,0,8,0,0,7,0,1,1,6,1,28,6,1595,1,8,-1,-1,-1
2017450244024,1,9,0,11,0,0,1,0,0,0,4,1,2,2,52,8,1598,1,8,7,3,7
2017450244024,2,21,0,18,0,0,0,0,0,0,1,2,1,1,49,8,-1,-1,-1,-1,-1,-1
2017450244024,3,9,0,18,0,0,0,0,0,0,2,1,1,1,61,9,2143,2,2,10,1,10
2017450244024,4,9,0,18,0,0,0,0,0,0,2,1,2,2,35,6,998,1,-1,7,1,7
2017450244024,5,21,0,18,0,0,0,0,0,0,1,2,1,1,50,8,-1,-1,-1,-1,-1,-1
2017450244027,1,9,0,18,0,0,0,10,0,0,3,1,5,1,25,5,1797,8,3,-1,-1,-1
2017450244027,2,21,0,13,0,0,0,0,0,0,4,1,5,1,48,8,12777,2,6,-1,-1,-1
2017450244044,1,9,0,5,0,1,0,0,0,0,1,1,5,2,78,11,1364,1,3,-1,-1,-1
2017450244044,2,9,0,5,0,1,0,0,0,0,1,1,5,1,26,6,898,1,1,-1,-1,-1
2017450244085,1,1,0,18,0,0,0,0,7,0,0,1,2,1,29,6,-1,-1,-1,-1,-1,-1
2017450244103,1,9,0,16,9,0,0,0,7,0,1,1,5,2,22,5,899,1,3,-1,-1,-1
2017450244145,1,9,0,18,0,0,0,0,0,0,3,1,2,2,26,6,1968,2,11,-1,-1,-1
2017450244145,2,9,0,18,0,0,0,0,0,0,4,1,2,2,35,6,2979,1,13,-1,-1,-1
2017450244145,3,9,0,18,0,0,0,0,0,0,3,1,2,1,45,7,2993,2,1,-1,-1,-1
2017450244220,1,9,0,5,0,1,0,0,0,0,1,1,5,1,38,7,1332,1,8,-1,-1,-1
2017450244220,2,1,0,5,0,1,0,0,0,0,1,1,5,2,34,6,-1,-1,-1,-1,-1,-1
2017450244362,1,9,0,1,0,0,0,0,0,0,2,1,6,1,48,8,-1,-1,-1,-1,-1,-1
2017450244471,1,1,0,18,0,4,0,0,0,0,2,1,6,1,38,7,-1,-1,-1,10,1,10
2017450244471,2,9,0,18,0,4,0,0,0,0,1,1,6,2,33,6,1396,1,12,10,1,10
2017450244495,1,9,0,18,0,0,0,0,0,0,1,1,6,1,45,7,-1,-1,-1,8,1,8
2017450244495,2,9,0,5,0,0,0,0,0,0,3,1,6,2,51,8,1242,1,7,5,1,5
2017450244619,1,9,0,18,0,0,0,0,0,0,0,1,5,1,49,8,1689,2,15,-1,-1,-1
2017450244627,1,9,0,18,0,1,0,0,0,0,1,1,5,1,69,10,2993,2,5,5,1,5
2017450244627,2,9,0,18,0,1,0,0,0,0,2,1,1,1,65,9,1797,8,6,5,1,5
2017450244627,3,9,0,3,0,1,0,4,0,0,2,1,5,1,60,9,1339,1,12,10,1,10
2017450244627,4,9,0,3,0,1,0,0,0,0,2,1,5,2,37,7,1997,1,5,10,1,10
2017450244627,5,9,0,3,0,1,0,0,0,0,2,1,5,2,50,8,2179,2,3,-1,-1,-1
2017450244742,1,9,0,18,5,0,0,0,0,0,0,1,6,3,36,7,-1,-1,-1,-1,-1,-1
2017450244852,1,9,0,10,0,1,0,0,0,0,1,1,5,2,38,7,1618,1,2,-1,-1,-1
2017450244852,2,9,0,18,0,1,0,0,0,0,1,1,5,2,61,9,2143,2,3,-1,-1,-1
2017450244892,1,9,0,10,0,1,0,0,0,0,1,1,6,2,18,4,1149,1,8,9,1,9
2017450244892,2,9,0,5,0,1,0,0,0,0,4,1,6,1,44,7,1598,2,-1,9,1,9
2017450244928,1,9,0,9,0,1,0,0,0,0,1,1,6,1,33,6,1995,2,1,10,3,10
2017450244950,1,9,0,18,0,0,0,0,0,0,1,1,5,2,66,10,-1,-1,-1,-1,-1,-1
2017450244960,1,9,0,18,0,0,0,0,0,0,1,1,6,1,30,6,-1,-1,-1,-1,-1,-1
2017450244960,2,9,0,18,0,0,0,0,0,0,3,1,6,2,17,4,1200,1,15,-1,-1,-1
2017450244967,1,9,0,17,0,0,0,0,0,0,4,1,6,1,21,5,1590,1,17,5,2,5
2017450245010,1,9,0,18,0,0,0,0,0,0,1,1,6,1,22,5,1388,1,11,-1,-1,-1
2017450245010,2,9,0,18,0,0,0,0,0,0,1,1,6,2,38,7,999,1,-1,-1,-1,-1
2017450245010,3,9,0,18,0,0,0,0,0,0,1,1,6,2,20,4,1397,1,10,-1,-1,-1
2017450245031,1,9,0,17,0,0,0,0,0,0,1,1,6,2,25,5,1390,1,17,9,3,9
2017450245041,1,3,0,18,0,0,0,0,0,0,1,1,2,1,33,6,125,1,3,-1,-1,-1
2017450245041,2,9,0,9,0,0,0,0,0,0,1,1,5,2,59,9,1329,1,7,-1,-1,-1
2017450245054,1,21,0,18,0,0,0,0,0,0,3,1,1,1,36,7,-1,-1,-1,-1,-1,-1
2017450245054,2,9,0,18,0,0,0,0,0,0,2,1,6,1,35,6,1591,1,7,-1,-1,-1
2017450245054,3,9,0,18,0,0,0,11,0,0,1,1,6,1,52,8,1968,2,1,-1,-1,-1
2017450245061,1,9,0,9,0,6,0,0,0,0,3,1,6,1,21,5,1198,1,5,6,1,6
2017450245061,2,19,0,3,0,6,0,0,0,0,1,1,1,1,27,6,2143,2,4,-1,1,-1
2017450245173,1,9,0,18,0,0,0,0,7,9,1,1,5,2,34,6,1968,2,9,5,1,5
2017450245173,2,9,0,17,0,0,0,0,0,0,3,1,2,1,57,9,1951,2,14,5,3,5
2017450245175,1,9,0,9,0,8,0,0,0,0,1,1,5,1,24,5,1497,8,5,8,1,8
2017450245175,2,1,0,9,0,8,0,0,0,0,1,1,5,1,32,6,-1,-1,-1,7,1,7
2017450245250,1,19,0,17,0,0,0,0,1,10,1,1,6,1,23,5,1998,2,11,7,1,7
2017450245330,1,9,0,18,0,1,0,0,0,0,1,1,6,2,47,8,1339,1,7,-1,-1,-1
2017450245330,2,19,0,18,0,1,0,0,0,0,3,1,6,1,56,9,-1,-1,-1,-1,-1,-1
2017450245340,1,9,0,5,0,5,0,0,0,0,1,1,6,1,65,9,2457,1,9,10,1,10
2017450245340,2,9,0,18,0,1,0,0,0,0,3,1,2,1,41,7,1900,2,16,8,1,8
2017450245358,1,9,0,18,0,8,0,0,1,3,3,1,5,2,48,8,1598,1,13,-1,-1,-1
2017450245358,2,9,0,18,0,8,0,0,0,0,1,1,5,3,50,8,1796,1,10,-1,-1,-1
2017450245373,1,1,0,18,0,0,0,0,0,0,2,1,5,1,39,7,-1,-1,-1,-1,-1,-1
2017450245373,2,9,0,16,0,0,0,0,0,0,4,1,5,1,40,7,1998,2,10,-1,-1,-1
2017450245456,1,9,0,18,0,0,0,0,0,0,2,1,6,1,41,7,2495,2,15,-1,-1,-1
2017450245456,2,9,0,18,0,0,0,0,0,0,1,1,6,2,50,8,1364,1,11,-1,-1,-1
2017450245481,1,9,0,18,0,8,0,0,0,0,1,1,6,2,61,9,1398,1,3,10,1,10
2017450245520,1,9,0,18,0,0,0,0,0,0,1,1,6,3,35,6,1950,2,-1,-1,-1,-1
2017450245527,1,1,0,18,0,8,0,0,0,0,1,1,6,1,17,4,-1,-1,-1,-1,-1,-1
2017450245527,2,9,0,18,0,3,0,0,0,0,1,1,6,3,29,6,-1,-1,-1,-1,-1,-1
2017450245538,1,9,0,18,0,8,0,0,0,0,1,1,5,2,48,8,1596,1,8,5,1,5
2017450245538,2,9,0,9,0,8,0,0,0,0,1,1,6,1,38,7,998,1,16,5,1,5
2017450245559,1,1,0,18,0,0,0,0,0,0,3,1,6,2,18,4,-1,-1,-1,-1,-1,-1
2017450245559,2,9,0,18,0,0,0,0,0,0,4,1,6,3,25,5,-1,-1,-1,-1,-1,-1
2017450245597,1,21,0,7,9,8,0,0,0,0,4,1,1,1,43,7,-1,-1,-1,2,1,2
2017450245597,2,1,0,18,0,8,0,0,0,0,4,1,4,2,22,5,-1,-1,-1,5,1,5
2017450245712,1,9,0,9,0,5,0,0,0,0,3,1,3,2,48,8,1395,1,-1,10,1,10
2017450245712,2,1,0,14,0,1,5,0,0,0,2,1,2,1,46,8,-1,-1,-1,10,3,10
2017450245744,1,9,0,7,0,0,0,0,0,0,3,1,5,2,21,5,1398,1,2,-1,-1,-1
2017450245744,2,9,0,18,0,0,0,0,0,0,1,1,6,1,34,6,1598,1,9,-1,-1,-1
2017450245773,1,1,0,18,0,0,0,0,0,0,1,1,6,1,15,3,-1,-1,-1,7,1,7
2017450245773,2,9,0,18,0,0,0,0,0,0,3,1,6,2,33,6,1248,1,3,9,1,9
2017450245778,1,9,0,3,0,0,0,0,0,0,4,1,5,1,28,6,-1,-1,-1,-1,-1,-1
2017450245778,2,1,0,18,0,0,0,0,0,0,1,1,5,1,14,3,-1,-1,-1,-1,-1,-1
2017450245792,1,9,0,18,0,0,0,0,0,0,1,1,6,3,28,6,-1,-1,-1,-1,-1,-1
2017450245799,1,9,0,18,0,0,0,0,0,0,1,1,6,2,19,4,1461,2,3,-1,-1,-1
2017450245799,2,9,0,18,0,0,0,0,0,0,2,1,6,2,22,5,1596,1,8,-1,-1,-1
2017450245800,1,9,0,18,0,1,0,0,0,0,1,1,6,2,35,6,1248,1,6,-1,-1,-1
2017450245800,2,16,0,18,0,1,0,0,0,0,0,1,6,2,51,8,-1,-1,-1,-1,-1,-1
2017450245800,3,16,0,18,0,1,0,0,0,0,0,1,6,2,13,3,-1,-1,-1,-1,-1,-1
2017450245840,1,9,0,18,0,1,0,0,0,0,1,1,6,1,70,10,1343,1,13,-1,-1,-1
2017450245845,1,9,0,18,0,8,0,0,0,0,3,1,6,2,28,6,1560,2,8,-1,-1,-1
2017450245845,2,9,0,9,0,8,0,0,0,0,1,1,6,1,56,9,1598,1,13,-1,-1,-1
2017450245920,1,9,0,18,0,0,0,0,0,0,3,1,6,2,48,8,1600,1,15,-1,-1,-1
2017450245920,2,9,0,9,0,0,0,0,0,0,1,1,6,1,56,9,-1,-1,-1,-1,-1,-1
2017450246028,1,9,0,4,0,0,0,0,0,0,4,1,6,2,62,9,1995,2,1,10,1,10
2017450246046,1,9,0,18,0,0,0,0,0,0,2,1,5,2,53,8,1598,1,12,-1,-1,-1
2017450246065,1,9,0,18,0,1,0,0,0,0,1,1,6,3,56,9,-1,-1,-1,-1,-1,-1
2017450246065,2,9,0,18,0,5,0,0,0,0,1,1,6,1,36,7,2143,2,1,-1,-1,-1
2017450246065,3,9,0,18,0,1,0,0,0,0,1,1,6,1,25,5,1496,2,1,-1,-1,-1
2017450246096,1,9,0,12,0,0,0,0,0,0,1,1,6,2,37,7,2199,2,7,-1,-1,-1
2017450246096,2,20,1,2,6,0,0,0,0,0,2,1,6,1,28,6,-1,-1,-1,-1,-1,-1
2017450246121,1,11,0,18,0,0,0,0,0,0,1,1,1,1,59,9,4250,2,6,9,1,9
2017450246219,1,9,0,17,0,0,0,0,0,0,1,1,2,2,34,6,1995,2,5,-1,-1,-1
2017450246227,1,9,0,3,0,0,0,0,1,0,3,1,5,1,32,6,-1,-1,-1,-1,-1,-1
2017450246227,2,9,0,18,0,0,0,0,0,0,1,1,5,1,35,6,1497,8,4,-1,-1,-1
2017450246230,1,1,0,18,0,0,0,0,0,0,1,1,6,1,32,6,-1,-1,-1,7,1,7
2017450246230,2,9,0,4,0,0,0,0,0,0,2,1,6,1,33,6,1910,2,12,9,1,9
2017450246263,1,9,0,18,0,8,0,0,0,0,1,1,5,2,43,7,2967,2,7,-1,-1,-1
2017450246263,2,9,0,18,0,8,0,0,0,0,1,1,5,1,48,8,-1,-1,-1,-1,-1,-1
2017450246268,1,90,0,18,0,0,1,0,0,0,1,1,6,3,56,9,-1,-1,-1,-1,-1,-1
2017450246268,2,9,0,16,0,0,1,0,0,0,1,1,6,2,56,9,2143,12,2,-1,-1,-1
2017450246268,3,9,0,17,0,0,0,0,0,0,1,1,6,1,51,8,1560,2,6,-1,-1,-1
2017450246284,1,20,0,9,0,6,0,0,0,0,3,1,6,1,23,5,-1,-1,-1,-1,-1,-1
2017450246284,2,4,0,18,0,1,0,0,0,0,1,1,6,1,62,9,1000,1,9,-1,-1,-1
2017450246288,1,9,0,18,0,0,0,0,0,0,1,1,2,1,25,5,998,1,4,9,1,9
2017450246288,2,9,0,18,0,0,0,0,0,0,1,1,2,2,50,8,1242,1,3,3,1,3
2017450246288,3,9,0,18,0,0,0,0,0,0,3,1,2,2,38,7,-1,3,1,10,1,10
2017450246288,4,9,0,18,0,0,0,0,0,0,0,1,1,2,49,8,1390,1,4,10,1,10
2017450246313,1,1,0,18,0,8,0,0,0,0,1,1,5,1,58,9,-1,-1,-1,-1,-1,-1
2017450246313,2,9,0,9,0,5,0,0,0,0,4,1,5,2,81,11,-1,-1,-1,-1,-1,-1
2017450246315,1,1,0,15,0,0,0,0,0,0,1,1,6,1,35,6,-1,-1,-1,-1,-1,-1
2017450246315,2,9,0,18,0,0,0,0,0,0,1,1,6,3,43,7,-1,-1,-1,-1,-1,-1
2017450246316,1,9,0,5,0,6,0,0,0,0,1,1,6,1,44,7,1896,2,15,-1,-1,-1
2017450246316,2,9,0,18,0,8,0,0,0,0,4,1,6,2,29,6,1796,1,14,-1,-1,-1
2017450246324,1,9,0,18,0,0,0,0,0,0,1,1,2,1,53,8,1390,1,7,-1,-1,-1
2017450246337,1,9,0,18,0,8,0,0,0,0,1,1,6,2,29,6,1997,2,5,-1,-1,-1
2017450246346,1,9,0,18,0,0,0,0,0,0,1,1,6,1,80,11,1995,2,9,-1,-1,-1
2017450246346,2,9,0,4,0,0,0,0,0,0,2,1,5,1,27,6,1999,2,-1,-1,-1,-1
2017450246356,1,9,0,7,0,0,0,0,0,0,1,1,6,1,73,10,1998,1,14,-1,-1,-1
2017450246390,1,9,0,18,0,0,0,0,0,0,1,1,6,1,25,5,1896,2,17,-1,-1,-1
2017450246390,2,9,0,2,0,0,0,0,0,0,2,1,6,2,30,6,1995,2,4,-1,-1,-1
2017450246390,3,9,0,18,0,0,0,0,0,0,3,1,6,1,47,8,1461,2,1,-1,-1,-1
2017450246392,1,9,0,18,0,0,0,0,0,0,1,1,6,1,30,6,2199,2,5,9,1,9
2017450246398,1,1,0,18,0,0,0,0,0,0,1,1,1,1,51,8,-1,-1,-1,-1,-1,-1
2017450246402,1,9,0,18,0,0,1,10,1,0,3,1,6,1,24,5,1840,1,18,-1,-1,-1
2017450246403,1,9,0,18,0,0,1,0,0,0,1,1,1,1,28,6,1499,2,2,10,1,10
2017450246403,2,9,0,9,0,0,0,0,0,0,2,1,5,1,47,8,3301,1,12,10,1,10
2017450246406,1,20,0,18,0,0,0,0,0,0,1,1,1,1,45,7,-1,-1,-1,-1,-1,-1
2017450246406,2,9,0,18,0,0,0,0,0,0,4,1,6,2,52,8,1595,1,3,9,1,9
2017450246449,1,9,0,12,0,0,0,0,0,0,1,1,2,1,48,8,4197,1,9,-1,-1,-1
2017450246449,2,9,0,3,0,0,0,0,0,0,2,1,1,1,39,7,-1,-1,-1,-1,-1,-1
2017450246449,3,9,0,18,0,0,0,0,0,0,1,1,6,1,50,8,1781,1,16,-1,-1,-1
2017450246449,4,9,0,3,0,0,0,0,0,0,2,1,2,1,44,7,1598,2,-1,-1,-1,-1
2017450246473,1,9,0,3,0,0,0,0,0,0,2,1,6,2,33,6,1896,2,15,-1,-1,-1
2017450246473,2,9,0,3,0,0,0,0,0,0,2,1,6,1,43,7,-1,-1,-1,-1,-1,-1
2017450246473,3,9,0,18,0,0,0,0,0,0,1,1,6,1,64,9,2496,1,13,-1,-1,-1
2017450246486,1,9,0,5,0,4,0,0,0,0,1,1,6,2,54,8,1299,1,15,7,1,7
2017450246486,2,3,0,5,0,3,0,0,0,0,2,1,6,1,51,8,124,1,17,-1,-1,-1
2017450246492,1,9,0,16,0,0,1,0,1,0,1,1,6,2,29,6,1799,1,9,-1,-1,-1
2017450246505,1,19,0,5,0,6,0,0,0,0,1,1,6,1,36,7,2143,2,4,-1,-1,-1
2017450246505,2,3,0,14,0,1,0,0,0,0,2,1,6,1,29,6,125,1,4,-1,-1,-1
2017450246549,1,9,0,18,0,1,2,0,1,0,1,1,6,1,38,7,1896,2,10,-1,-1,-1
2017450246561,1,9,0,3,0,0,0,0,0,0,2,1,6,1,54,8,1986,2,10,-1,-1,-1
2017450246561,2,9,0,18,0,0,0,0,0,0,1,1,6,1,23,5,1596,1,11,-1,-1,-1
2017450246573,1,9,0,5,0,1,0,0,0,0,1,1,6,2,41,7,2993,2,13,6,2,6
2017450246573,2,4,0,4,0,1,0,0,0,0,1,1,6,1,22,5,249,1,5,8,3,8
2017450246574,1,19,0,18,0,0,0,0,0,0,1,1,6,1,24,5,1995,2,9,-1,-1,-1
2017450246574,2,9,0,2,9,0,0,0,0,0,1,1,6,1,26,6,1598,1,13,-1,-1,-1
2017450246618,1,9,0,18,0,0,0,0,0,0,2,1,2,2,26,6,1197,1,-1,-1,-1,-1
2017450246618,2,9,0,18,0,0,0,0,0,0,1,1,5,1,36,7,1364,1,4,9,2,9
2017450246651,1,9,0,3,0,0,0,0,0,0,2,1,6,1,49,8,-1,-1,-1,-1,-1,-1
2017450246651,2,9,0,4,0,0,1,0,0,0,1,1,6,1,42,7,2993,2,2,-1,-1,-1
2017450246679,1,9,0,9,0,8,0,0,0,0,3,1,2,1,77,11,-1,-1,-1,-1,-1,-1
2017450246679,2,9,0,18,0,1,0,0,0,0,1,1,1,2,55,8,1200,1,1,-1,-1,-1
2017450246704,1,1,0,18,0,0,0,0,0,0,1,1,6,1,64,9,-1,-1,-1,10,1,10
2017450246704,2,9,0,6,0,0,0,0,0,0,4,1,6,1,55,8,1461,2,8,5,1,5
2017450246704,3,9,0,2,0,0,0,0,0,0,2,1,6,2,33,6,2000,1,12,8,1,8
2017450246721,1,9,0,4,0,8,0,0,0,0,1,1,2,1,22,5,1364,1,7,-1,-1,-1
2017450246721,2,9,0,4,0,8,0,0,0,0,2,1,2,2,49,8,3199,1,15,-1,-1,-1
2017450246726,1,21,0,17,0,0,0,0,0,0,1,1,1,1,62,9,-1,-1,-1,-1,-1,-1
2017450246726,2,9,0,16,0,0,1,0,0,0,1,1,5,1,32,6,1596,1,16,-1,-1,-1
2017450246733,1,9,0,3,0,0,0,0,0,0,3,1,6,1,34,6,-1,-1,-1,-1,-1,-1
2017450246733,2,9,0,18,0,0,0,0,0,0,4,1,2,2,22,5,1368,1,9,10,1,10
2017450246751,1,9,0,9,0,0,0,0,0,0,1,1,6,1,59,9,1995,2,12,-1,-1,-1
2017450246751,2,2,0,18,0,0,2,0,0,0,1,1,6,1,57,9,645,1,-1,-1,-1,-1
2017450246752,1,9,0,18,0,8,0,0,0,0,4,1,1,1,39,7,1997,2,-1,6,1,6
2017450246752,2,9,0,18,0,8,0,0,0,0,1,1,6,1,77,11,1794,1,9,8,1,8
2017450246757,1,3,0,18,0,1,0,0,0,0,1,1,2,2,33,6,125,1,2,-1,-1,-1
2017450246757,2,9,0,9,0,2,0,0,0,0,1,1,3,1,33,6,1995,2,11,-1,-1,-1
2017450246780,1,9,0,18,0,1,0,0,0,0,1,1,5,2,20,4,1360,1,15,-1,-1,-1
2017450246780,2,9,0,10,0,1,0,0,0,0,2,1,5,2,83,11,1149,1,15,-1,-1,-1
2017450246782,1,9,0,3,0,0,0,0,0,0,2,1,2,1,32,6,1242,1,-1,10,3,10
2017450246782,2,9,0,3,0,0,0,0,1,0,2,1,2,1,53,8,1995,1,12,4,1,4
2017450246782,3,9,0,3,0,0,0,0,0,0,2,1,1,1,51,8,-1,-1,-1,-1,-1,-1
2017450246782,4,9,0,4,0,0,0,0,0,0,1,1,2,1,25,5,1896,2,9,-1,-1,-1
2017450246805,1,9,0,18,0,0,0,0,1,0,1,1,6,2,73,10,1596,1,6,-1,-1,-1
2017450246805,2,9,0,18,0,0,0,0,0,0,1,1,6,1,54,8,-1,-1,-1,-1,-1,-1
2017450246829,1,9,0,18,0,0,0,0,0,0,0,1,6,3,30,6,-1,-1,-1,-1,-1,-1
2017450246829,2,9,0,18,0,0,0,0,0,0,2,1,6,2,32,6,1461,2,5,7,1,7
2017450246829,3,9,0,18,0,0,0,0,0,0,1,1,6,1,63,9,2360,1,10,9,3,9
2017450246829,4,9,0,18,0,0,0,0,0,0,1,1,6,2,74,10,2720,2,8,9,3,9
2017450246829,5,9,0,3,0,0,0,0,0,0,1,1,6,1,49,8,1560,2,10,10,1,10
2017450246829,6,9,0,4,0,0,0,0,0,0,2,1,6,1,62,9,1995,2,3,9,1,9
2017450246829,7,9,0,18,0,0,0,0,0,0,2,1,6,1,46,8,1600,1,13,3,1,3
2017450246829,8,9,0,4,0,0,1,0,0,0,1,1,6,1,31,6,1968,2,1,-1,1,-1
2017450246833,1,9,0,5,0,0,0,0,0,0,1,1,6,1,66,10,1339,1,7,-1,-1,-1
2017450246833,2,9,0,18,0,0,0,0,0,0,1,1,6,1,28,6,1995,2,5,-1,-1,-1
2017450246859,1,9,0,18,0,0,0,0,0,0,1,1,6,2,34,6,2199,2,-1,-1,-1,-1
2017450246859,2,9,0,3,0,0,0,0,0,0,2,1,6,2,19,4,1197,1,1,-1,-1,-1
2017450246859,3,9,0,3,0,0,0,0,0,0,2,1,6,2,28,6,1598,1,8,-1,-1,-1
2017450246860,1,9,0,18,0,0,0,0,0,0,4,1,6,2,44,7,1991,2,8,-1,-1,-1
2017450246898,1,4,0,7,0,8,1,0,0,0,4,1,2,1,42,7,689,1,3,-1,-1,-1
2017450246917,1,9,0,5,0,2,0,0,0,0,1,1,6,1,31,6,1199,1,16,-1,-1,-1
2017450246936,1,9,0,4,0,0,0,0,0,0,2,1,6,1,33,6,1998,2,10,-1,-1,-1
2017450246936,2,9,0,18,0,0,0,0,0,0,1,1,6,1,22,5,1598,1,6,-1,-1,-1