Accident_Index,Vehicle_Reference,Vehicle_Type,Towing_and_Articulation,Vehicle_Manoeuvre,Vehicle_Location-Restricted_Lane,Junction_Location,Skidding_and_Overturning,Hit_Object_in_Carriageway,Vehicle_Leaving_Carriageway,Hit_Object_off_Carriageway,1st_Point_of_Impact,Was_Vehicle_Left_Hand_Drive?,Journey_Purpose_of_Driver,Sex_of_Driver,Age_of_Driver,Age_Band_of_Driver,Engine_Capacity_(CC),Propulsion_Code,Age_of_Vehicle,Driver_IMD_Decile,Driver_Home_Area_Type,Vehicle_IMD_Decile
2017450246939,1,9,0,18,0,0,2,0,0,0,1,1,6,2,17,4,1397,1,10,-1,-1,-1
2017450246949,1,9,0,9,0,1,1,0,1,0,1,1,6,1,18,4,1388,1,13,-1,-1,-1
2017450246951,1,9,0,3,0,7,0,0,0,0,2,1,6,2,46,8,2993,2,-1,-1,-1,-1
2017450246951,2,9,0,18,0,7,0,0,0,0,1,1,6,1,78,11,1796,1,9,-1,-1,-1
2017450246959,1,1,0,4,0,1,2,0,0,0,1,1,2,1,32,6,-1,-1,-1,-1,-1,-1
2017450246991,1,9,0,9,0,0,0,0,0,0,3,1,6,2,24,5,1386,1,11,-1,-1,-1
2017450246991,2,9,0,18,0,0,0,0,0,0,4,1,6,1,45,7,2000,2,13,-1,-1,-1
2017450247007,1,9,0,7,0,0,0,0,0,0,4,1,6,1,59,9,1598,1,2,-1,-1,-1
2017450247007,2,3,0,5,0,0,0,0,0,0,1,1,6,1,17,4,124,1,2,-1,-1,-1
2017450247026,1,9,0,4,0,0,1,0,0,0,1,1,6,1,27,6,998,1,1,-1,-1,-1
2017450247026,2,19,0,4,0,0,0,0,0,0,2,1,6,1,53,8,2198,2,4,-1,-1,-1
2017450247034,1,9,0,5,0,8,0,0,0,0,3,1,6,2,23,5,1395,1,2,-1,-1,-1
2017450247034,2,9,0,18,0,1,0,0,0,0,3,1,6,1,87,11,1598,2,2,-1,-1,-1
2017450247047,1,9,0,18,0,2,0,0,0,0,1,1,5,1,66,10,1396,1,6,6,3,6
2017450247062,1,9,0,17,0,0,5,0,1,0,1,1,1,1,29,6,1229,1,8,4,3,4
2017450247118,1,9,0,5,0,3,0,0,0,0,0,1,6,2,32,6,1796,1,9,-1,-1,-1
2017450247118,2,1,0,18,0,8,0,0,0,0,3,1,6,1,14,3,-1,-1,-1,-1,-1,-1
2017450247155,1,9,0,17,0,0,0,0,1,2,1,1,5,1,34,6,1390,1,13,-1,-1,-1
2017450247156,1,19,0,9,0,1,0,0,0,0,1,1,6,1,55,8,-1,-1,-1,-1,-1,-1
2017450247156,2,19,0,18,0,1,0,0,0,0,1,1,6,1,26,6,2402,2,13,-1,-1,-1
2017450247156,3,9,0,2,0,1,0,0,0,0,3,1,6,2,54,8,1598,1,8,-1,-1,-1
2017450247222,1,1,0,18,0,0,0,7,3,0,1,1,6,1,35,6,-1,-1,-1,-1,-1,-1
2017450247227,1,9,0,18,0,1,1,0,0,0,2,1,5,1,18,4,1360,1,6,-1,-1,-1
2017450247239,1,90,0,18,0,0,0,0,0,0,1,1,6,1,39,7,10677,2,3,-1,-1,-1
2017450247239,2,90,0,18,0,0,0,0,0,0,1,1,6,1,41,7,-1,-1,-1,-1,-1,-1
2017450247247,1,5,0,9,0,8,1,0,1,0,0,1,5,1,29,6,600,1,11,-1,-1,-1
2017450247262,1,9,0,18,0,3,0,0,0,0,1,1,6,1,51,8,1997,2,-1,-1,-1,-1
2017450247262,2,9,0,3,0,1,0,0,0,0,0,1,6,2,46,8,1791,8,5,-1,-1,-1
2017450247311,1,9,0,18,0,0,0,0,0,0,1,1,6,2,19,4,998,1,9,-1,-1,-1
2017450247311,2,9,0,3,0,0,0,0,0,0,2,1,6,1,40,7,1587,1,13,-1,-1,-1
2017450247370,1,9,0,18,0,0,0,0,8,0,1,1,6,1,23,5,1598,1,15,-1,-1,-1
2017450247382,1,9,0,17,0,0,2,0,0,0,1,1,6,1,51,8,1596,1,14,-1,-1,-1
2017450247400,1,19,0,18,0,7,0,0,0,0,1,1,1,2,47,8,1598,2,3,8,1,8
2017450247400,2,9,0,4,0,7,0,0,0,0,2,1,5,1,19,4,1968,2,9,7,3,7
2017450247407,1,9,0,18,0,1,0,0,0,0,1,1,6,1,44,7,1997,2,8,-1,-1,-1
2017450247431,1,21,1,18,0,0,0,0,5,6,3,1,1,1,32,6,12419,2,1,8,1,8
2017450247446,1,9,0,9,0,1,0,0,7,4,1,1,6,2,71,10,1390,1,8,9,1,9
2017450247446,2,9,0,18,0,1,0,0,0,0,2,1,1,2,28,6,1461,2,7,10,2,10
2017450247473,1,9,0,18,0,0,1,0,6,1,1,1,6,1,33,6,1994,1,16,4,1,4
2017450247473,2,9,0,18,0,0,0,0,0,0,0,1,6,1,32,6,1998,1,13,6,1,6
2017450247473,3,9,0,18,0,0,0,0,4,0,3,1,5,2,39,7,1870,2,6,10,1,10
2017450247473,4,9,0,18,0,0,0,0,0,0,1,1,5,1,87,11,1197,1,5,6,1,6
2017450247476,1,9,0,18,0,0,0,0,0,0,1,1,5,1,33,6,1984,1,10,5,2,5
2017450247476,2,9,0,4,0,0,0,0,0,0,1,1,1,1,29,6,2148,2,9,6,1,6
2017450247476,3,9,0,4,0,0,0,0,0,0,2,1,5,1,20,4,1360,1,9,10,1,10
2017450247476,4,9,0,3,0,0,0,0,0,0,0,1,6,3,50,8,-1,-1,-1,-1,-1,-1
2017450247477,1,19,0,9,0,8,0,0,0,0,0,1,1,1,35,6,1598,2,2,-1,-1,-1
2017450247477,2,3,0,18,0,1,2,0,0,0,4,1,2,1,61,9,400,1,5,-1,-1,-1
2017450247478,1,9,0,9,0,6,0,0,0,0,1,1,5,1,17,4,1124,1,12,-1,-1,-1
2017450247478,2,9,0,18,0,8,0,0,0,0,1,1,3,2,61,9,1248,1,6,-1,-1,-1
2017450247513,1,9,0,18,0,0,0,0,1,7,4,1,6,1,48,8,1499,1,-1,6,1,6
2017450247519,1,9,0,17,0,0,0,0,1,4,1,1,5,1,84,11,1497,8,3,7,1,7
2017450247570,1,9,0,18,0,0,0,0,0,0,1,1,6,1,19,4,3200,1,11,4,1,4
2017450247570,2,9,0,18,0,0,0,0,0,0,3,1,6,1,36,7,1368,1,7,8,1,8
2017450247570,3,9,0,18,0,0,0,0,0,0,1,1,6,1,44,7,1390,1,7,8,3,8
2017450247570,4,9,0,18,0,0,0,0,0,0,0,1,1,1,40,7,2993,2,2,-1,-1,-1
2017450247570,5,9,0,18,0,0,0,0,0,0,3,1,6,2,22,5,1560,2,2,3,1,3
2017450247615,1,9,0,14,0,0,0,0,0,0,1,1,6,1,40,7,1368,1,9,-1,-1,-1
2017450247615,2,9,0,4,0,0,0,0,0,0,0,1,6,1,33,6,-1,-1,-1,-1,-1,-1
2017450247615,3,9,0,5,0,0,0,0,0,0,1,1,6,1,34,6,1997,2,1,-1,-1,-1
2017450247703,1,9,0,16,0,0,0,0,0,0,1,1,6,2,51,8,1197,1,6,-1,-1,-1
2017450247703,2,9,0,17,0,0,1,0,0,0,1,1,6,1,27,6,1364,1,7,-1,-1,-1
2017450247759,1,9,0,9,0,6,0,0,0,0,3,1,5,2,48,8,1499,1,-1,-1,-1,-1
2017450247759,2,9,0,18,0,8,0,0,0,0,1,1,5,1,53,8,-1,-1,-1,-1,-1,-1
2017450247781,1,9,0,16,0,0,1,0,1,6,3,1,1,1,57,9,1995,2,1,8,1,8
2017450247875,1,5,0,18,0,0,5,0,2,0,1,1,6,1,36,7,745,1,1,6,1,6
2017450247980,1,9,0,4,0,1,0,0,0,0,1,1,6,1,20,4,1984,1,4,-1,-1,-1
2017450247980,2,9,0,4,0,2,0,0,0,0,2,1,6,2,39,7,-1,-1,-1,10,1,10
2017450248048,1,9,0,4,0,0,0,0,0,0,2,1,6,1,62,9,2191,2,1,10,1,10
2017450248048,2,20,0,4,0,0,0,0,0,0,1,1,6,3,33,6,2402,2,13,7,1,7
2017450248050,1,3,0,18,0,0,1,0,0,0,3,1,6,1,17,4,125,1,14,-1,-1,-1
2017450248050,2,9,0,9,0,0,0,0,0,0,3,1,6,2,50,8,1598,1,9,-1,-1,-1
2017450248089,1,9,0,18,0,0,5,0,0,0,1,1,6,1,88,11,1799,1,7,-1,-1,-1
2017450248089,2,9,0,4,0,0,0,0,0,0,2,1,6,2,48,8,1339,1,11,-1,-1,-1
2017450248089,3,9,4,4,0,0,0,0,0,0,1,1,6,1,69,10,2500,1,18,-1,-1,-1
2017450248176,1,9,0,18,0,0,1,0,0,0,1,1,6,1,26,6,1229,1,9,-1,-1,-1
2017450248235,1,2,0,18,0,0,2,0,0,0,3,1,5,1,16,4,49,1,7,8,1,8
2017450248247,1,9,0,4,0,0,0,0,0,0,2,1,5,1,52,8,1995,1,11,-1,-1,-1
2017450248247,2,9,0,4,0,0,0,0,0,0,1,1,4,1,29,6,2987,2,11,-1,-1,-1
2017450248337,1,9,0,17,0,0,2,0,0,0,1,1,2,1,62,9,1998,1,8,2,1,2
2017450248388,1,9,0,18,0,1,0,0,0,0,1,1,5,1,54,8,1598,1,9,3,1,3
2017450248388,2,9,0,3,0,1,1,0,0,0,2,1,5,1,67,10,1390,1,3,9,3,9
2017450248388,3,8,0,3,0,1,1,0,0,0,2,1,1,1,42,7,1997,2,5,6,1,6
2017450248388,4,9,0,3,0,1,0,0,0,0,2,1,5,2,46,8,1560,2,7,9,1,9
2017450248390,1,9,0,18,0,0,0,0,0,0,1,1,5,1,63,9,1599,1,14,5,1,5
2017450248390,2,9,0,18,0,0,0,0,0,0,1,1,5,2,81,11,1587,1,15,10,1,10
2017450248392,1,9,0,11,0,0,2,0,1,0,4,1,2,1,23,5,-1,-1,-1,10,1,10
2017450248425,1,1,0,2,0,0,0,0,0,0,1,1,5,1,16,4,-1,-1,-1,-1,-1,-1
2017450248425,2,90,0,7,0,0,0,0,0,0,0,1,5,1,31,6,7201,2,4,-1,-1,-1
2017450248456,1,9,0,13,0,3,0,0,0,0,3,1,6,1,22,5,-1,-1,-1,-1,-1,-1
2017450248456,2,9,0,18,0,3,0,0,0,0,1,1,6,2,28,6,1242,1,9,-1,-1,-1
2017450248464,1,9,0,16,0,0,0,0,1,0,1,1,1,2,31,6,1598,1,10,-1,-1,-1
2017450248467,1,9,0,5,0,3,0,0,0,0,1,1,6,2,28,6,1397,1,10,-1,-1,-1
2017450248467,2,9,0,3,0,1,0,0,0,0,2,1,6,1,69,10,1910,2,10,-1,-1,-1
2017450248500,1,9,0,11,0,0,0,0,0,0,4,1,6,2,52,8,1395,1,-1,-1,-1,-1
2017450248500,2,9,0,18,0,0,0,0,0,0,3,1,2,1,25,5,1339,1,6,-1,-1,-1
2017450248523,1,9,0,18,0,1,0,0,0,0,3,1,5,2,26,6,1951,2,14,-1,-1,-1
2017450248523,2,2,0,18,0,1,0,0,0,0,4,1,5,1,58,9,49,1,11,-1,-1,-1
2017450248541,1,9,0,16,0,0,1,0,1,0,3,1,6,1,84,11,1896,2,14,-1,-1,-1
2017450248541,2,9,0,18,0,0,0,0,0,0,3,1,6,1,36,7,1598,2,6,-1,-1,-1
2017450248571,1,1,0,18,0,0,0,0,0,0,0,1,6,1,49,8,-1,-1,-1,-1,-1,-1
2017450248584,1,9,0,2,0,0,0,0,0,0,1,1,6,2,38,7,2401,2,12,-1,-1,-1
2017450248584,2,9,0,18,0,0,0,0,0,0,1,1,6,2,71,10,1598,1,3,-1,-1,-1
2017450248697,1,9,0,9,0,3,1,0,0,0,1,1,6,2,22,5,1998,1,21,-1,-1,-1
2017450248710,1,9,0,18,0,0,0,0,0,0,1,1,6,1,51,8,-1,-1,-1,-1,-1,-1
2017450248731,1,9,0,15,0,1,0,0,1,0,3,1,6,1,47,8,-1,-1,-1,-1,-1,-1
2017450248731,2,9,0,7,0,8,0,0,0,0,4,1,6,1,18,4,998,1,4,-1,-1,-1
2017450248772,1,9,0,1,0,0,0,0,0,0,2,1,6,2,81,11,999,1,8,7,1,7
2017450248830,1,9,0,3,0,1,0,0,0,0,0,1,5,2,26,6,1388,1,8,6,1,6
2017450248830,2,9,0,3,0,2,0,0,0,0,2,1,3,2,39,7,1368,1,10,8,1,8
2017450248830,3,9,0,4,0,2,0,0,0,0,1,1,1,1,60,9,1560,2,5,5,1,5
2017450248840,1,9,0,18,0,0,0,0,0,0,1,1,6,1,62,9,2488,1,13,-1,-1,-1
2017450248840,2,9,0,18,0,0,0,0,1,0,1,1,2,2,56,9,1396,1,6,-1,-1,-1
2017450249022,1,9,0,18,0,0,1,11,1,0,1,1,6,1,17,4,1368,1,7,-1,-1,-1
2017450249024,1,9,0,3,0,8,0,0,0,0,1,1,6,1,57,9,2204,2,10,9,1,9
2017450249024,2,9,0,18,0,1,0,0,0,0,1,1,2,2,66,10,1587,1,10,7,1,7
2017450249048,1,9,0,2,0,0,0,0,0,0,3,1,6,1,27,6,1797,8,8,-1,-1,-1
2017450249048,2,1,0,18,0,0,0,0,0,0,1,1,6,1,38,7,-1,-1,-1,-1,-1,-1
2017450249061,1,1,0,18,0,0,0,0,0,0,0,1,5,2,50,8,-1,-1,-1,-1,-1,-1
2017450249061,2,9,0,18,0,0,0,0,0,0,0,1,5,1,47,8,1596,1,13,-1,-1,-1
2017450249094,1,9,0,18,0,0,0,0,1,0,3,1,6,1,33,6,1600,1,17,-1,-1,-1
2017450249094,2,9,0,18,0,0,0,0,1,0,3,1,6,1,73,10,1781,1,17,-1,-1,-1
2017450249094,3,9,0,18,0,0,0,0,1,0,3,1,1,1,58,9,-1,-1,-1,-1,-1,-1
2017450249108,1,9,0,9,0,0,0,0,0,0,3,1,5,2,64,9,998,1,9,-1,-1,-1
2017450249108,2,9,0,18,0,0,0,0,0,0,1,1,5,2,46,8,1598,1,7,-1,-1,-1
2017450249140,1,9,0,4,0,0,0,0,0,0,2,1,6,2,52,8,1596,1,9,-1,-1,-1
2017450249140,2,19,0,4,0,0,0,0,0,0,1,1,6,1,50,8,1968,2,2,-1,-1,-1
2017450249140,3,9,0,4,0,0,0,0,0,0,2,1,6,2,66,10,1968,2,7,-1,-1,-1
2017450249167,1,9,0,4,0,0,0,0,0,0,1,1,2,1,23,5,1399,2,6,-1,-1,-1
2017450249167,2,9,0,4,0,0,1,0,0,0,1,1,6,2,47,8,1582,2,3,-1,-1,-1
2017450249221,1,9,0,18,0,0,1,0,0,0,1,1,1,1,22,5,3982,1,-1,-1,-1,-1
2017450249221,2,9,0,18,0,0,0,0,1,0,2,1,2,1,51,8,1197,1,-1,-1,-1,-1
2017450249238,1,9,0,18,0,0,1,0,1,0,4,1,6,1,19,4,1198,1,12,-1,-1,-1
2017450249250,1,4,0,18,0,0,5,0,0,0,4,1,6,1,50,8,249,1,15,-1,-1,-1
2017450249250,2,4,0,18,0,0,0,0,0,0,3,1,6,1,36,7,900,1,-1,-1,-1,-1
2017450249257,1,9,0,18,0,0,0,0,1,0,2,1,6,1,62,9,1896,2,9,-1,-1,-1
2017450249257,2,9,0,18,0,0,0,0,0,0,1,1,6,1,52,8,1968,2,4,-1,-1,-1
2017450249273,1,20,0,18,0,0,0,0,0,0,1,1,1,1,22,5,-1,-1,-1,10,2,10
2017450249273,2,9,0,4,0,0,0,0,0,0,2,1,1,1,47,8,1461,2,5,9,1,9
2017450249273,3,9,0,18,0,0,0,0,0,0,1,1,5,1,38,7,1364,1,-1,1,1,1
2017450249286,1,9,0,18,0,1,0,0,0,0,2,1,5,1,41,7,1997,1,14,-1,-1,-1
2017450249286,2,9,0,18,0,1,0,0,0,0,1,1,5,3,36,7,-1,-1,-1,-1,-1,-1
2017450249294,1,9,0,18,0,0,0,0,0,0,1,1,6,2,58,9,1242,1,9,-1,-1,-1
2017450249294,2,9,0,4,0,0,0,0,0,0,1,1,6,1,20,4,1600,2,7,-1,-1,-1
2017450249294,3,9,0,2,0,0,0,0,0,0,2,1,6,1,45,7,-1,-1,-1,-1,-1,-1
2017450249294,4,9,0,2,0,0,0,0,0,0,3,1,6,2,38,7,1395,1,-1,-1,-1,-1
2017450249299,1,8,0,12,0,0,0,0,0,0,1,1,6,1,31,6,1798,8,-1,-1,-1,-1
2017450249299,2,9,0,3,0,0,0,0,0,0,4,1,6,2,32,6,1598,1,13,-1,-1,-1
2017450249316,1,9,0,18,0,0,0,0,0,0,3,1,6,1,47,8,1998,2,10,8,1,8
2017450249330,1,3,0,18,0,1,1,0,0,0,0,1,6,2,19,4,124,1,17,-1,-1,-1
2017450249330,2,9,0,9,0,8,0,0,0,0,0,1,6,2,31,6,-1,-1,-1,-1,-1,-1
2017450249347,1,5,0,8,0,8,0,0,0,0,2,1,2,1,29,6,805,1,26,6,1,6
2017450249347,2,9,0,4,0,4,0,0,0,0,1,1,2,1,21,5,1598,1,13,10,1,10
2017450249434,1,9,0,18,0,0,0,0,0,0,0,1,6,2,40,7,2396,1,16,-1,-1,-1
2017450249434,2,9,0,9,0,0,0,0,0,0,0,1,6,1,37,7,1998,1,17,-1,-1,-1
2017450249446,1,3,0,13,0,0,0,0,0,0,1,1,2,1,34,6,125,1,10,-1,-1,-1
2017450249446,2,9,0,9,0,0,0,0,0,0,3,1,2,1,43,7,-1,-1,-1,-1,-1,-1
2017450249526,1,9,0,18,0,0,0,0,0,0,1,1,6,1,50,8,1968,2,6,-1,-1,-1
2017450249526,2,9,0,3,0,0,0,0,0,0,2,1,6,1,32,6,2993,2,11,-1,-1,-1
2017450249526,3,9,0,3,0,0,0,0,0,0,3,1,6,2,65,9,1398,1,2,-1,-1,-1
2017450249526,4,9,0,2,0,0,0,0,0,0,2,1,6,1,59,9,1969,2,1,-1,-1,-1
2017450249532,1,21,1,18,0,0,0,0,0,0,1,1,5,1,66,10,-1,-1,-1,-1,-1,-1
2017450249532,2,9,0,18,0,0,0,0,0,0,3,1,5,1,41,7,1598,1,15,-1,-1,-1
2017450249561,1,9,0,18,0,1,0,0,0,0,1,1,6,1,25,5,1796,1,13,-1,-1,-1
2017450249582,1,21,1,12,0,0,0,0,0,0,3,2,2,1,27,6,-1,-1,-1,-1,-1,-1
2017450249582,2,9,0,18,0,0,0,0,5,0,2,1,5,2,49,8,1198,1,13,6,1,6
2017450249622,1,9,0,3,0,1,0,0,0,0,1,1,2,1,54,8,-1,-1,-1,-1,-1,-1
2017450249622,2,9,0,5,0,1,0,0,0,0,2,1,5,1,28,6,1995,2,5,-1,-1,-1
2017450249642,1,9,0,9,0,0,0,0,0,0,4,1,6,1,48,8,-1,-1,-1,-1,-1,-1
2017450249642,2,9,0,18,0,0,0,0,0,0,3,1,6,2,30,6,1242,1,9,9,1,9
2017450249648,1,1,0,3,0,1,0,0,0,0,0,1,5,1,15,3,-1,-1,-1,-1,-1,-1
2017450249648,2,9,0,18,0,1,0,0,0,0,0,1,5,1,45,7,-1,-1,-1,-1,-1,-1
2017450249695,1,9,0,18,0,0,0,0,0,0,1,1,5,2,34,6,1596,1,13,5,1,5
2017450249695,2,8,0,3,0,0,0,0,0,0,2,1,1,1,54,8,1997,2,7,5,1,5
2017450249695,3,9,0,3,0,0,0,0,0,0,2,1,5,2,40,7,1242,1,4,5,1,5
2017450249695,4,9,0,3,0,0,0,0,0,0,2,1,5,2,26,6,1390,1,16,4,1,4
2017450249704,1,9,0,18,0,0,0,0,4,2,1,1,5,1,19,4,1598,2,4,9,3,9
2017450249750,1,9,0,4,0,0,1,0,5,0,2,1,2,2,58,9,1984,1,9,8,1,8
2017450249750,2,90,1,18,0,0,0,0,0,0,1,2,1,1,31,6,-1,-1,-1,-1,-1,-1
2017450249751,1,9,0,13,0,0,0,0,0,0,0,1,5,1,34,6,1499,2,1,9,1,9
2017450249751,2,9,0,4,0,0,0,0,0,0,2,1,5,2,28,6,1197,1,3,9,1,9
2017450249751,3,9,0,4,0,0,0,0,0,0,1,1,2,1,18,4,1248,2,10,7,1,7
2017450249754,1,9,0,18,0,1,0,0,0,0,1,1,6,3,36,7,-1,-1,-1,-1,-1,-1
2017450249766,1,1,0,16,0,0,0,0,0,0,4,1,5,1,48,8,-1,-1,-1,10,1,10
2017450249767,1,9,0,18,0,8,0,0,0,0,1,1,1,1,36,7,1124,1,19,8,1,8
2017450249767,2,9,0,18,0,1,0,0,0,0,4,1,5,2,43,7,1598,1,13,6,1,6
2017450249767,3,9,0,18,0,1,0,0,0,0,3,1,5,2,70,10,1968,2,5,10,1,10
2017450249785,1,9,0,18,0,0,1,0,0,0,4,1,2,1,56,9,1461,2,3,5,1,5
2017450249785,2,21,1,12,0,0,0,0,0,0,4,2,1,1,60,9,-1,-1,-1,-1,-1,-1
2017450249796,1,9,0,18,0,0,0,0,0,0,1,1,5,1,61,9,2993,2,13,10,1,10
2017450249796,2,9,0,18,0,0,0,0,0,0,3,1,5,1,51,8,1896,2,15,8,1,8
2017450249796,3,9,0,18,0,0,0,0,0,0,1,1,5,1,48,8,4966,1,15,9,1,9
2017450249797,1,9,0,18,0,0,1,7,1,6,1,1,6,1,55,8,-1,-1,-1,2,1,2
2017450249865,1,9,0,7,0,0,0,0,0,0,1,1,6,1,18,4,1242,1,10,-1,-1,-1
2017450249873,1,9,0,18,0,0,0,0,0,0,1,1,6,1,36,7,1388,1,7,-1,-1,-1
2017450249873,2,9,0,4,0,0,0,0,0,0,3,1,6,1,41,7,2488,2,10,-1,-1,-1
2017450249873,3,9,0,18,0,0,0,0,0,0,1,1,6,1,40,7,998,1,1,-1,-1,-1
2017450249889,1,9,0,3,0,0,0,0,0,0,2,1,6,2,27,6,1968,2,-1,-1,-1,-1
2017450249889,2,9,0,18,0,0,0,0,0,0,2,1,6,1,46,8,2295,1,18,-1,-1,-1
2017450249889,3,9,0,4,0,0,0,0,0,0,1,1,6,1,73,10,1587,1,14,-1,-1,-1
2017450249889,4,9,0,18,0,0,1,0,0,0,1,1,6,2,32,6,1798,1,9,-1,-1,-1
2017450249890,1,9,0,16,0,0,1,0,0,0,1,1,6,2,19,4,1388,1,14,-1,-1,-1
2017450249900,1,9,0,5,0,8,0,0,0,0,1,1,6,1,22,5,1395,1,4,2,1,2
2017450249900,2,9,0,18,0,1,0,0,1,0,3,1,6,1,33,6,2993,2,6,5,1,5
2017450249905,1,9,0,18,0,0,0,4,0,0,1,1,5,1,51,8,1986,2,12,-1,-1,-1
2017450249905,2,9,0,2,0,0,0,0,1,4,2,1,5,1,29,6,1199,1,17,-1,-1,-1
2017450249912,1,9,0,17,0,0,5,0,7,0,1,1,6,2,23,5,1299,1,16,-1,-1,-1
2017450249919,1,9,0,18,0,0,0,4,0,0,1,1,6,1,29,6,2993,2,5,-1,-1,-1
2017450249919,2,9,0,2,9,0,0,0,0,0,1,1,6,1,29,6,1796,1,8,-1,-1,-1
2017450249919,3,9,0,2,0,0,0,0,0,0,4,1,6,1,25,5,1596,1,12,-1,-1,-1
2017450249919,4,9,0,2,9,0,0,0,0,0,2,1,6,2,30,6,1968,2,3,-1,-1,-1
2017450249924,1,1,0,18,0,2,1,0,0,0,0,1,5,1,53,8,-1,-1,-1,9,1,9
2017450249943,1,9,0,17,0,0,5,10,7,4,1,1,6,1,35,6,1349,1,6,-1,-1,-1
2017450249974,1,9,0,18,0,1,1,0,1,0,1,1,6,2,38,7,1229,1,12,-1,-1,-1
2017450249989,1,3,0,7,0,1,1,0,0,0,0,1,6,2,20,4,125,1,2,-1,-1,-1
2017450250006,1,9,0,4,0,0,1,0,0,0,1,1,6,2,34,6,999,1,16,-1,-1,-1
2017450250020,1,9,0,18,0,0,2,11,1,4,4,1,2,1,40,7,2000,2,11,-1,-1,-1
2017450250040,1,9,0,18,0,0,1,0,2,0,2,1,2,1,44,7,1590,1,14,-1,-1,-1
2017450250065,1,9,0,18,0,8,1,0,0,0,1,1,5,1,49,8,1299,1,13,-1,-1,-1
2017450250065,2,9,0,9,0,8,0,0,0,0,3,1,5,2,23,5,1598,2,1,-1,-1,-1
2017450250083,1,9,0,17,0,0,1,0,7,0,1,1,6,2,43,7,1587,1,15,9,2,9
2017450250091,1,9,0,7,0,0,0,0,0,0,1,1,6,1,45,7,2996,1,6,-1,-1,-1
2017450250091,2,9,0,7,0,0,0,0,0,0,1,1,6,1,19,4,998,1,-1,-1,-1,-1
2017450250096,1,9,0,18,0,0,1,0,7,0,1,1,5,1,19,4,998,1,3,-1,-1,-1
2017450250113,1,9,0,18,0,0,0,0,0,0,1,1,1,1,57,9,1497,8,1,-1,-1,-1
2017450250128,1,9,0,4,0,0,0,0,0,0,2,1,5,1,26,6,2521,1,7,-1,-1,-1
2017450250128,2,9,0,4,0,0,0,0,0,0,2,1,5,1,41,7,1598,1,14,-1,-1,-1
2017450250128,3,9,0,4,0,0,0,0,0,0,2,1,5,1,43,7,1998,2,9,-1,-1,-1
2017450250128,4,9,0,18,0,0,0,0,0,0,1,1,5,1,46,8,-1,-1,-1,-1,-1,-1
2017450250163,1,90,0,18,0,0,0,0,0,0,0,1,6,3,50,8,-1,-1,-1,-1,-1,-1
2017450250163,2,9,0,18,0,0,0,0,0,0,3,1,6,2,30,6,1461,2,-1,-1,-1,-1
2017450250189,1,9,0,4,0,1,0,11,0,0,1,1,6,2,59,9,1598,1,9,-1,-1,-1
2017450250200,1,9,0,3,0,0,0,0,0,0,1,1,6,2,64,9,1197,1,7,-1,-1,-1
2017450250288,1,9,0,16,0,0,1,0,1,0,1,1,6,2,72,10,1389,1,13,-1,-1,-1
2017450250305,1,20,0,18,0,8,0,0,0,0,1,1,1,1,59,9,2998,2,7,3,1,3
2017450250305,2,9,0,18,0,8,0,0,0,0,3,1,1,1,22,5,1390,1,4,7,1,7
2017450250324,1,9,0,1,0,1,0,0,0,0,2,1,6,1,55,8,1339,1,6,-1,-1,-1
2017450250331,1,19,0,18,0,0,0,0,1,4,1,1,6,2,28,6,1753,2,9,-1,-1,-1
2017450250340,1,9,0,18,0,0,0,0,0,0,1,1,6,1,31,6,2993,2,6,8,1,8
2017450250340,2,9,0,9,0,0,0,0,0,0,2,1,6,1,61,9,1968,2,1,7,1,7
2017450250354,1,9,0,5,0,1,0,0,0,0,1,1,6,2,40,7,1797,8,5,-1,-1,-1
2017450250354,2,9,0,18,0,1,0,0,0,0,1,1,6,1,46,8,1896,2,11,-1,-1,-1
2017450250416,1,9,0,16,0,0,1,0,7,0,1,1,1,1,29,6,2148,2,13,-1,-1,-1
2017450250427,1,9,0,18,0,0,0,0,0,0,1,1,1,1,26,6,-1,-1,-1,-1,-1,-1
2017450250428,1,1,0,4,0,0,0,0,0,0,1,1,5,1,28,6,-1,-1,-1,-1,-1,-1
2017450250428,2,20,0,4,0,0,0,0,0,0,2,1,5,2,50,8,-1,-1,-1,-1,-1,-1
2017450250436,1,21,0,4,6,0,1,0,0,0,1,1,5,1,28,6,-1,-1,-1,-1,-1,-1
2017450250436,2,11,0,2,6,0,0,0,0,0,2,1,5,1,53,8,9360,2,7,-1,-1,-1
2017450250447,1,9,0,18,0,0,1,0,1,0,1,1,2,1,45,7,2143,2,3,-1,-1,-1
2017450250462,1,3,0,18,0,0,0,0,0,0,1,1,2,1,21,5,125,1,1,-1,-1,-1
2017450250473,1,9,0,18,0,0,0,4,0,0,4,1,5,2,45,7,1995,2,8,-1,-1,-1
2017450250473,2,9,0,2,0,0,0,0,0,0,3,1,6,1,46,8,1397,1,8,10,1,10
2017450250596,1,9,0,18,0,1,0,0,0,0,1,1,5,1,71,10,1998,2,10,-1,-1,-1
2017450250596,2,1,0,18,0,1,0,0,0,0,1,1,5,1,90,11,-1,-1,-1,-1,-1,-1
2017450250669,1,9,0,16,0,0,0,0,0,0,3,1,5,1,23,5,1299,1,16,3,1,3
2017450250669,2,9,0,18,0,0,0,0,0,0,3,1,2,2,59,9,2204,2,9,10,1,10