Accident_Index,Vehicle_Reference,Vehicle_Type,Towing_and_Articulation,Vehicle_Manoeuvre,Vehicle_Location-Restricted_Lane,Junction_Location,Skidding_and_Overturning,Hit_Object_in_Carriageway,Vehicle_Leaving_Carriageway,Hit_Object_off_Carriageway,1st_Point_of_Impact,Was_Vehicle_Left_Hand_Drive?,Journey_Purpose_of_Driver,Sex_of_Driver,Age_of_Driver,Age_Band_of_Driver,Engine_Capacity_(CC),Propulsion_Code,Age_of_Vehicle,Driver_IMD_Decile,Driver_Home_Area_Type,Vehicle_IMD_Decile
2017450250689,1,9,0,16,0,0,1,0,7,4,1,1,5,2,56,9,1339,1,10,-1,-1,-1
2017450250747,1,9,0,18,0,0,0,0,0,0,1,1,6,2,25,5,1396,1,18,-1,-1,-1
2017450250782,1,9,0,18,0,0,0,0,0,0,3,1,6,2,33,6,2000,2,7,10,2,10
2017450250812,1,9,0,18,0,0,0,0,0,0,1,1,6,1,81,11,1299,1,17,-1,-1,-1
2017450250812,2,9,0,2,0,0,0,0,0,0,2,1,6,3,50,8,1999,2,2,-1,-1,-1
2017450250817,1,9,0,18,0,2,0,0,0,0,3,1,6,1,18,4,1198,1,15,6,1,6
2017450250817,2,9,0,18,0,1,0,0,0,0,1,1,6,2,18,4,1198,1,1,5,1,5
2017450250827,1,9,0,7,0,0,1,4,0,0,1,1,6,1,21,5,1397,1,6,-1,-1,-1
2017450250827,2,9,0,2,0,0,0,0,0,0,2,1,6,3,55,8,1595,1,21,-1,-1,-1
2017450250851,1,9,0,18,0,0,0,0,0,0,1,1,6,2,74,10,1398,2,5,-1,-1,-1
2017450250851,2,9,0,18,0,0,0,0,0,0,2,1,6,2,46,8,2993,2,-1,-1,-1,-1
2017450250853,1,9,0,17,0,0,0,0,0,0,1,1,1,2,29,6,999,1,3,-1,-1,-1
2017450250853,2,9,0,16,0,0,0,0,0,0,1,1,1,1,54,8,3997,2,9,-1,-1,-1
2017450250858,1,9,0,5,0,1,0,0,0,0,4,1,5,2,54,8,1497,1,14,-1,-1,-1
2017450250858,2,9,0,18,0,1,0,0,0,0,1,1,5,2,46,8,1364,1,12,-1,-1,-1
2017450250858,3,9,0,3,0,1,0,0,0,0,1,1,5,2,68,10,2996,1,11,-1,-1,-1
2017450250887,1,9,0,1,0,1,0,0,0,0,1,1,2,1,63,9,1229,1,11,-1,-1,-1
2017450250887,2,9,0,1,0,1,0,0,0,0,1,1,6,1,60,9,2400,2,7,-1,-1,-1
2017450250887,3,9,0,1,0,1,0,0,0,0,1,1,6,2,67,10,1198,1,10,-1,-1,-1
2017450250894,1,9,0,17,0,0,1,0,1,0,3,1,6,1,62,9,1461,2,1,-1,-1,-1
2017450250894,2,19,0,18,0,0,1,0,0,0,1,1,1,1,27,6,1686,2,14,-1,-1,-1
2017450250922,1,9,0,18,0,0,0,0,0,0,3,1,6,1,27,6,-1,-1,-1,-1,-1,-1
2017450250957,1,9,0,5,0,1,0,0,0,0,1,1,1,1,33,6,1242,1,3,-1,-1,-1
2017450250957,2,9,0,15,0,1,0,0,0,0,3,1,1,1,31,6,-1,-1,-1,-1,-1,-1
2017450250959,1,9,0,4,0,0,0,0,0,0,2,1,5,1,37,7,1248,2,11,-1,-1,-1
2017450250959,2,5,0,18,0,0,0,0,0,0,1,1,5,1,24,5,650,1,16,-1,-1,-1
2017450251015,1,9,0,5,0,0,0,0,0,0,1,1,6,2,38,7,1461,2,2,-1,-1,-1
2017450251015,2,9,0,5,0,0,0,0,0,0,1,1,6,3,50,8,-1,-1,-1,-1,-1,-1
2017450251032,1,90,0,11,0,0,0,0,0,0,1,2,1,1,26,6,-1,-1,-1,-1,-1,-1
2017450251032,2,9,0,18,0,0,0,0,0,0,1,1,5,1,60,9,1998,1,1,1,1,1
2017450251136,1,19,0,18,0,0,0,0,0,0,1,1,6,1,42,7,1870,2,11,-1,-1,-1
2017450251136,2,9,0,18,0,0,0,0,0,0,2,1,6,2,50,8,-1,-1,-1,-1,-1,-1
2017450251168,1,9,0,18,0,2,0,0,4,6,4,1,2,1,20,4,999,1,18,8,1,8
2017450251168,2,21,1,18,0,2,0,0,0,0,3,1,1,1,53,8,16120,2,6,3,1,3
2017450251173,1,19,0,17,0,0,5,0,0,0,1,1,6,1,28,6,2402,2,15,-1,-1,-1
2017450251173,2,9,0,18,0,0,0,0,0,0,3,1,5,1,36,7,1968,2,4,-1,-1,-1
2017450251173,3,9,0,18,0,0,0,0,0,0,1,1,5,1,51,8,2179,2,8,-1,-1,-1
2017450251183,1,1,0,4,0,0,1,0,0,0,0,1,6,1,51,8,-1,-1,-1,-1,-1,-1
2017450251203,1,20,0,5,0,0,0,0,0,0,0,1,6,1,38,7,-1,-1,-1,9,3,9
2017450251221,1,9,0,17,0,0,0,0,0,0,1,1,3,2,58,9,1998,1,23,-1,-1,-1
2017450251221,2,8,0,12,0,0,0,0,0,0,1,1,1,1,35,6,-1,-1,-1,-1,-1,-1
2017450251229,1,21,0,18,0,0,0,10,0,0,1,1,1,3,50,8,-1,-1,-1,-1,-1,-1
2017450251239,1,9,0,18,0,0,0,0,0,0,1,1,6,1,17,4,1242,1,10,10,1,10
2017450251239,2,9,0,3,0,0,0,0,0,0,2,1,6,1,28,6,1499,1,1,10,1,10
2017450251248,1,9,0,10,0,0,0,0,0,0,1,1,5,1,31,6,1686,2,4,-1,-1,-1
2017450251248,2,4,0,4,0,0,0,0,0,0,1,1,5,1,29,6,598,1,18,-1,-1,-1
2017450251248,3,9,0,4,0,0,0,0,0,0,2,1,5,1,33,6,1400,1,10,-1,-1,-1
2017450251281,1,9,0,18,0,0,0,0,0,0,1,1,6,1,74,10,1318,1,-1,-1,-1,-1
2017450251292,1,9,0,5,0,6,0,0,0,0,1,1,6,1,17,4,1229,1,4,5,1,5
2017450251292,2,3,0,14,0,1,0,0,0,0,1,1,6,1,23,5,125,1,-1,5,1,5
2017450251295,1,3,0,18,0,3,0,0,0,0,1,1,1,1,24,5,125,1,-1,-1,-1,-1
2017450251295,2,9,0,18,0,4,0,0,0,0,1,1,6,2,72,10,1197,1,5,-1,-1,-1
2017450251297,1,9,0,18,0,0,0,0,0,0,2,1,2,1,42,7,1997,2,5,-1,-1,-1
2017450251297,2,9,0,18,0,0,0,0,0,0,1,1,2,1,25,5,1399,2,9,-1,-1,-1
2017450251310,1,9,0,3,0,4,0,0,0,0,2,1,6,1,37,7,1364,1,-1,-1,-1,-1
2017450251310,2,19,0,18,0,4,0,0,0,0,2,1,6,1,19,4,1560,2,2,-1,-1,-1
2017450251334,1,9,0,9,0,0,0,0,0,0,4,1,2,1,22,5,1200,1,14,-1,-1,-1
2017450251334,2,4,0,18,0,0,0,0,0,0,3,1,6,1,46,8,806,1,3,-1,-1,-1
2017450251348,1,9,0,18,0,1,0,0,0,0,1,1,6,1,84,11,1560,2,5,-1,-1,-1
2017450251348,2,20,0,18,0,2,0,0,0,0,4,1,1,1,34,6,4500,2,2,-1,-1,-1
2017450251359,1,9,0,10,0,0,0,0,0,0,2,1,5,1,40,7,1560,2,8,-1,-1,-1
2017450251359,2,9,0,18,0,0,0,0,0,0,1,1,5,1,75,10,1364,1,1,-1,-1,-1
2017450251375,1,9,0,18,0,0,0,0,0,0,1,1,6,1,29,6,1229,1,11,-1,-1,-1
2017450251375,2,1,0,18,9,0,0,0,1,0,3,1,6,1,50,8,-1,-1,-1,-1,-1,-1
2017450251424,1,9,0,3,0,0,0,0,0,0,0,1,5,2,49,8,998,1,2,-1,-1,-1
2017450251435,1,9,0,1,0,0,0,0,0,0,2,1,6,2,44,7,1560,2,4,-1,-1,-1
2017450251559,1,9,0,18,0,4,0,0,0,0,1,1,5,2,20,4,1560,2,4,6,1,6
2017450251559,2,9,0,9,0,4,0,0,0,0,4,1,2,1,20,4,1388,1,5,9,1,9
2017450251563,1,9,0,18,0,0,0,0,0,0,1,1,5,1,19,4,1596,1,12,4,1,4
2017450251563,2,9,0,18,0,0,0,0,0,0,1,1,5,2,59,9,1395,1,4,10,2,10
2017450251573,1,9,0,9,0,0,0,0,7,11,3,1,5,2,86,11,1783,1,16,7,1,7
2017450251575,1,9,0,11,0,1,0,0,0,0,3,1,5,1,63,9,1995,2,-1,5,3,5
2017450251597,1,9,0,9,0,1,0,0,0,0,1,1,6,1,34,6,-1,-1,-1,-1,-1,-1
2017450251597,2,9,0,18,0,1,0,0,0,0,1,1,6,1,54,8,999,1,1,-1,-1,-1
2017450251608,1,9,0,18,0,0,0,0,0,0,1,1,6,2,74,10,1388,1,8,-1,-1,-1
2017450251608,2,9,0,18,0,0,0,0,0,0,1,1,5,2,50,8,1395,1,-1,-1,-1,-1
2017450251609,1,3,0,18,0,0,0,0,0,0,1,1,1,1,46,8,125,1,3,-1,-1,-1
2017450251609,2,9,0,18,0,0,0,0,0,0,3,1,6,2,32,6,1598,1,10,-1,-1,-1
2017450251637,1,9,0,5,0,2,0,0,0,0,1,1,6,1,20,4,1242,1,14,8,1,8
2017450251637,2,9,0,18,0,2,0,0,0,0,1,1,6,1,19,4,998,1,7,7,1,7
2017450251651,1,9,0,18,0,0,0,0,0,0,1,1,5,1,38,7,4163,1,11,-1,-1,-1
2017450251651,2,9,0,5,0,0,0,0,0,0,1,1,6,2,46,8,-1,-1,-1,-1,-1,-1
2017450251651,3,9,0,18,0,0,0,0,0,0,2,1,5,2,35,6,-1,-1,-1,-1,-1,-1
2017450251657,1,9,0,18,0,1,0,0,0,0,1,1,6,1,20,4,2143,2,5,9,1,9
2017450251657,2,9,0,18,0,1,0,0,0,0,1,1,1,1,58,9,998,1,1,9,1,9
2017450251676,1,9,0,9,0,1,0,0,0,0,1,1,6,2,17,4,1200,1,-1,-1,-1,-1
2017450251676,2,20,0,18,0,2,0,0,0,0,1,1,6,3,35,6,-1,-1,-1,-1,-1,-1
2017450251680,1,9,0,18,0,0,0,0,0,0,1,1,2,1,28,6,1995,2,5,-1,-1,-1
2017450251680,2,9,0,18,0,0,0,0,0,0,3,1,1,1,41,7,1968,2,6,-1,-1,-1
2017450251682,1,9,0,18,0,0,0,0,0,0,0,1,6,3,50,8,-1,-1,-1,-1,-1,-1
2017450251682,2,9,0,18,0,0,0,0,0,0,1,1,6,1,22,5,1995,1,15,-1,-1,-1
2017450251682,3,9,0,18,0,0,0,0,0,0,2,1,2,1,31,6,1598,1,8,-1,-1,-1
2017450251684,1,9,0,16,0,0,2,0,1,0,0,1,6,1,23,5,1896,2,12,-1,-1,-1
2017450251735,1,9,0,9,0,1,0,0,0,0,3,1,1,1,59,9,-1,-1,-1,-1,-1,-1
2017450251735,2,9,0,13,0,1,5,0,0,0,1,1,1,1,23,5,-1,-1,-1,-1,-1,-1
2017450251749,1,9,0,10,0,0,0,0,0,0,1,1,5,2,31,6,1984,1,13,-1,-1,-1
2017450251749,2,9,0,18,0,0,0,0,0,0,1,1,5,2,50,8,2400,2,9,-1,-1,-1
2017450251755,1,9,0,3,0,4,0,0,0,0,2,1,2,2,25,5,1388,1,5,7,1,7
2017450251755,2,9,0,4,0,4,0,0,0,0,2,1,5,1,50,8,1998,1,3,10,1,10
2017450251755,3,9,0,18,0,1,0,0,0,0,1,1,5,1,85,11,1396,1,14,8,1,8
2017450251912,1,9,0,18,0,0,0,0,0,0,1,1,5,2,37,7,1587,1,12,-1,-1,-1
2017450251912,2,3,0,18,0,0,0,0,1,0,1,1,2,1,28,6,108,1,9,-1,-1,-1
2017450251912,3,9,0,7,0,0,0,0,0,0,1,1,2,2,22,5,-1,-1,-1,-1,-1,-1
2017450251968,1,9,0,18,0,0,0,11,0,0,1,1,5,1,69,10,1796,1,13,8,1,8
2017450251968,2,9,0,18,0,0,0,11,2,7,1,1,5,1,42,7,1685,2,1,7,3,7
2017450251968,3,9,0,12,0,0,0,0,0,0,1,1,2,1,20,4,1242,1,3,8,3,8
2017450251968,4,9,0,4,0,0,0,0,0,0,2,1,5,1,34,6,1995,2,1,7,1,7
2017450251987,1,9,0,17,0,0,1,0,1,4,1,1,1,1,25,5,1499,2,1,9,1,9
2017450252009,1,8,0,18,0,0,0,4,0,0,1,1,1,1,47,8,1797,8,7,4,1,4
2017450252009,2,9,0,2,0,0,0,0,0,0,3,1,5,1,37,7,1968,2,6,10,1,10
2017450252012,1,9,0,17,0,0,5,0,2,10,4,1,2,2,27,6,1968,2,13,7,2,7
2017450252035,1,9,0,18,0,8,0,0,0,0,2,1,5,1,57,9,1999,2,-1,10,3,10
2017450252035,2,9,0,18,0,8,1,0,0,0,1,2,6,1,48,8,-1,-1,-1,-1,-1,-1
2017450252035,3,9,0,12,0,6,0,0,0,0,3,1,5,1,84,11,1999,1,16,6,1,6
2017450252035,4,9,0,18,0,1,0,0,0,0,2,1,5,1,33,6,1560,2,13,8,3,8
2017450252035,5,9,0,18,0,1,0,0,0,0,2,1,5,1,53,8,1685,2,1,4,1,4
2017450252035,6,9,0,18,0,1,0,0,0,0,1,1,5,1,28,6,1360,1,9,9,1,9
2017450252035,7,9,0,18,0,8,0,0,0,0,3,1,5,2,24,5,1399,2,11,8,1,8
2017450252035,8,9,0,18,0,5,0,0,0,0,1,1,6,2,44,7,1998,1,11,8,3,8
2017450252035,9,9,0,3,0,5,0,0,0,0,1,1,6,3,35,6,-1,-1,-1,-1,-1,-1
2017450252036,1,9,0,12,0,2,1,11,0,0,1,1,5,2,56,9,1995,2,12,5,1,5
2017450252036,2,9,0,4,0,2,0,11,0,0,2,1,5,1,39,7,1968,2,6,6,1,6
2017450252036,3,9,0,18,0,1,0,0,0,0,2,1,5,1,18,4,1397,1,8,9,1,9
2017450252041,1,9,0,18,0,0,1,0,0,0,2,1,5,1,50,8,1339,1,11,7,2,7
2017450252041,2,21,0,18,0,0,0,0,0,0,1,1,6,3,44,7,-1,-1,-1,-1,-1,-1
2017450252056,1,1,0,18,0,8,0,0,0,0,4,1,5,1,25,5,-1,-1,-1,-1,-1,-1
2017450252056,2,9,0,18,0,8,0,0,0,0,1,1,6,1,81,11,2231,2,9,-1,-1,-1
2017450252060,1,9,0,4,0,8,1,0,3,0,1,1,6,1,20,4,1598,1,13,-1,-1,-1
2017450252069,1,9,0,18,0,0,1,0,3,0,1,1,6,2,35,6,-1,-1,-1,-1,-1,-1
2017450252072,1,9,0,18,0,0,0,0,0,0,1,1,6,2,83,11,1590,1,13,-1,-1,-1
2017450252072,2,9,0,2,0,0,0,0,0,0,2,1,6,2,42,7,1998,1,-1,-1,-1,-1
2017450252075,1,9,0,18,0,0,1,4,0,0,1,1,3,2,42,7,1997,2,4,-1,-1,-1
2017450252075,2,9,0,18,0,0,0,4,0,0,1,1,6,2,32,6,1796,1,8,-1,-1,-1
2017450252075,3,9,0,2,0,0,0,0,0,0,3,1,6,1,45,7,1461,2,6,-1,-1,-1
2017450252086,1,21,0,18,0,0,0,0,0,0,1,1,1,1,44,7,12740,2,1,-1,-1,-1
2017450252086,2,9,0,18,0,0,0,0,0,0,3,1,1,2,23,5,1242,1,11,-1,-1,-1
2017450252090,1,9,0,17,0,0,0,10,0,0,4,1,2,1,42,7,1598,2,7,-1,-1,-1
2017450252090,2,9,0,17,0,0,0,0,0,0,3,1,2,1,58,9,1560,2,2,-1,-1,-1
2017450252109,1,9,0,18,0,0,0,0,0,0,1,1,2,1,49,8,1124,1,15,-1,-1,-1
2017450252109,2,1,0,18,0,0,0,0,0,0,4,1,2,1,34,6,-1,-1,-1,-1,-1,-1
2017450252117,1,9,0,18,0,0,1,0,0,0,3,1,1,2,39,7,1124,1,17,-1,-1,-1
2017450252117,2,9,0,18,0,0,0,0,0,0,1,1,1,1,67,10,1910,2,7,-1,-1,-1
2017450252231,1,21,0,18,0,0,0,0,0,0,1,1,6,1,29,6,10518,2,5,4,1,4
2017450252231,2,9,0,18,0,0,0,0,0,0,2,1,6,1,42,7,1149,1,10,7,1,7
2017450252312,1,9,0,16,0,0,5,0,2,0,4,1,2,1,47,8,-1,-1,-1,10,1,10
2017450252351,1,20,0,4,0,0,0,0,0,0,2,1,6,1,50,8,-1,-1,-1,-1,-1,-1
2017450252351,2,9,5,18,0,0,1,0,0,0,1,1,6,1,35,6,-1,-1,-1,-1,-1,-1
2017450252351,3,9,0,13,0,0,0,0,0,0,0,1,6,2,65,9,1968,2,2,6,1,6
2017450252352,1,1,0,18,0,0,5,0,0,0,3,1,6,1,23,5,-1,-1,-1,-1,-1,-1
2017450252352,2,9,0,18,0,0,0,0,0,0,1,1,6,1,50,8,1991,8,-1,-1,-1,-1
2017450252357,1,9,0,18,0,0,0,0,0,0,1,1,6,1,20,4,-1,-1,-1,-1,-1,-1
2017450252379,1,9,0,6,7,0,0,0,0,0,4,1,6,1,30,6,1896,2,15,-1,-1,-1
2017450252379,2,4,0,17,0,0,0,0,0,0,3,1,6,1,63,9,1261,1,13,-1,-1,-1
2017450252406,1,9,0,18,0,0,0,0,0,0,1,1,6,1,28,6,-1,-1,-1,-1,-1,-1
2017450252406,2,9,0,18,0,0,0,0,0,0,2,1,6,2,55,8,1149,1,3,-1,-1,-1
2017450252406,3,9,0,18,0,0,0,0,0,0,1,1,6,1,20,4,-1,-1,-1,-1,-1,-1
2017450252454,1,9,0,16,0,0,0,0,0,0,3,1,2,1,40,7,2204,2,8,-1,-1,-1
2017450252454,2,9,0,17,0,0,0,0,1,10,3,1,2,1,57,9,1956,2,2,-1,-1,-1
2017450252627,1,9,0,5,0,1,0,0,0,0,1,1,2,1,32,6,999,1,1,-1,-1,-1
2017450252627,2,9,0,18,0,1,0,0,0,0,4,1,2,1,49,8,1364,1,10,-1,-1,-1
2017450252635,1,9,0,1,0,0,0,0,0,0,2,1,6,2,41,7,1998,1,2,-1,-1,-1
2017450252635,2,1,0,18,0,0,0,0,0,0,1,1,6,2,94,11,-1,-1,-1,-1,-1,-1
2017450252652,1,9,0,9,0,2,0,0,0,0,3,1,2,2,61,9,1599,1,12,-1,-1,-1
2017450252652,2,9,0,18,0,8,0,0,0,0,1,1,6,1,50,8,2143,2,1,-1,-1,-1
2017450252677,1,9,0,4,0,0,0,0,0,0,2,1,6,2,30,6,1499,2,3,-1,-1,-1
2017450252677,2,9,0,18,0,0,0,0,0,0,1,1,2,1,21,5,1896,2,14,-1,-1,-1
2017450252701,1,9,0,18,0,0,0,0,0,0,3,1,2,1,61,9,1995,2,4,-1,-1,-1
2017450252701,2,9,0,18,0,0,0,0,0,0,4,1,6,1,40,7,1895,1,17,-1,-1,-1
2017450252726,1,9,0,16,0,0,0,0,0,0,1,1,6,1,23,5,1149,1,12,-1,-1,-1
2017450252751,1,9,0,18,0,2,0,0,0,0,3,1,1,1,31,6,1560,2,9,-1,-1,-1
2017450252751,2,9,0,18,0,2,0,0,0,0,1,1,6,2,18,4,1422,2,15,-1,-1,-1
2017450252878,1,9,0,17,0,0,1,0,1,9,1,1,2,1,54,8,1998,1,11,6,2,6
2017450252885,1,3,0,18,0,4,1,0,3,0,1,1,2,2,22,5,-1,-1,-1,5,1,5
2017450252946,1,9,0,18,0,0,0,0,0,0,1,1,5,1,19,4,799,2,8,-1,-1,-1
2017450252946,2,9,0,18,0,0,0,0,0,0,2,1,5,1,30,6,1998,1,10,-1,-1,-1
2017450252955,1,9,0,18,0,0,0,0,0,0,2,1,5,1,49,8,1956,2,2,6,1,6
2017450252955,2,9,0,18,0,0,0,0,0,0,1,1,5,2,19,4,1400,1,13,3,1,3
2017450253120,1,9,0,18,0,8,0,0,0,0,3,1,6,2,52,8,999,1,7,-1,-1,-1
2017450253149,1,9,0,5,0,0,0,0,0,0,1,1,6,2,49,8,1339,1,5,9,1,9
2017450253453,1,9,0,4,0,0,0,0,0,0,2,2,5,1,33,6,-1,-1,-1,-1,-1,-1
2017450253453,2,9,0,4,0,0,0,0,0,0,2,1,5,1,46,8,1968,2,11,9,1,9
2017450253453,3,9,0,18,0,0,0,0,0,0,1,1,5,2,49,8,1591,1,7,6,1,6
2017450253551,1,20,0,18,0,0,0,4,0,0,1,1,5,1,35,6,-1,-1,-1,-1,-1,-1
2017450253551,2,9,0,2,0,0,0,0,0,0,3,1,6,2,32,6,1995,1,8,-1,-1,-1
2017450253551,3,20,0,2,6,0,1,0,1,0,3,1,5,1,51,8,-1,-1,-1,-1,-1,-1
2017450253551,4,9,0,2,0,0,0,0,0,0,2,1,6,3,35,6,1951,2,13,-1,-1,-1
2017450253551,5,9,0,2,0,0,0,0,0,0,2,1,6,1,35,6,1397,1,15,-1,-1,-1
2017450253584,1,9,0,10,0,1,0,0,0,0,0,1,6,2,43,7,2967,2,3,-1,-1,-1
2017450253584,2,9,0,18,0,1,0,0,0,0,1,1,6,1,31,6,998,1,14,-1,-1,-1
2017450253584,3,9,0,3,0,1,0,0,0,0,2,1,6,1,33,6,2143,2,7,-1,-1,-1
2017450253594,1,9,0,17,0,0,5,10,1,0,1,1,2,1,31,6,1242,1,12,-1,-1,-1
2017450253632,1,9,0,3,0,0,0,0,0,0,2,1,6,1,82,11,2494,8,2,-1,-1,-1
2017450253632,2,9,0,3,0,0,0,0,0,0,1,1,6,1,42,7,1998,1,9,-1,-1,-1
2017450253632,3,9,0,3,0,0,0,0,0,0,2,1,6,2,27,6,998,1,10,-1,-1,-1
2017450253644,1,3,0,18,0,0,1,0,0,0,3,1,1,1,58,9,125,1,5,-1,-1,-1
2017450253649,1,9,0,18,0,0,0,0,0,0,1,1,6,1,50,8,1997,2,8,-1,-1,-1
2017450253649,2,9,0,18,0,0,0,0,0,0,0,1,6,1,61,9,2967,2,-1,-1,-1,-1
2017450253649,3,9,0,4,0,0,1,0,0,0,2,1,6,1,25,5,-1,-1,-1,-1,-1,-1
2017450253664,1,9,0,11,0,3,0,0,0,0,4,1,6,2,36,7,1997,2,14,-1,-1,-1
2017450253664,2,9,0,5,0,1,0,0,0,0,1,1,1,1,42,7,1968,2,8,-1,-1,-1
2017450253702,1,9,0,5,0,1,0,0,0,0,1,1,1,1,45,7,2143,2,-1,-1,-1,-1
2017450253702,2,1,0,18,0,8,0,0,0,0,4,1,2,1,39,7,-1,-1,-1,-1,-1,-1
2017450253758,1,9,0,3,0,1,0,0,0,0,4,1,1,2,52,8,1248,1,2,-1,-1,-1
2017450253758,2,9,0,11,0,8,0,0,0,0,4,1,6,3,50,8,1896,2,15,-1,-1,-1
2017450253923,1,9,0,4,0,0,0,0,0,0,1,1,6,1,66,10,1991,1,2,-1,-1,-1
2017450253944,1,9,0,17,0,0,1,0,0,0,2,1,6,1,20,4,1229,1,11,-1,-1,-1
2017450253948,1,9,0,3,0,0,0,0,0,0,2,1,5,1,34,6,1399,2,14,-1,-1,-1
2017450253948,2,9,0,3,0,0,0,0,0,0,1,1,5,3,50,8,4701,1,19,-1,-1,-1
2017450253985,1,1,0,18,0,0,0,0,1,0,1,1,6,1,43,7,-1,-1,-1,9,1,9
2017450254042,1,9,0,9,0,0,0,0,0,0,1,1,6,2,48,8,1386,1,10,-1,-1,-1
2017450254075,1,9,0,7,0,0,2,0,1,4,1,1,6,1,21,5,1339,1,15,10,1,10
2017450254095,1,9,0,4,0,0,0,0,0,0,1,1,5,2,53,8,1984,1,14,-1,-1,-1
2017450254095,2,5,0,4,0,0,0,0,0,0,2,1,5,1,24,5,599,1,18,-1,-1,-1
2017450254101,1,9,0,18,0,0,0,0,0,0,1,1,6,1,63,9,1339,1,11,3,1,3
2017450254101,2,9,0,3,0,0,0,0,0,0,2,1,6,1,59,9,1968,2,3,8,1,8
2017450254101,3,9,0,10,0,0,0,0,0,0,2,1,6,1,32,6,1596,1,14,7,1,7
2017450254137,1,9,0,18,0,8,0,0,0,0,1,1,5,2,31,6,1598,1,-1,-1,-1,-1
2017450254137,2,9,0,18,0,6,0,0,0,0,4,1,5,1,74,10,1596,1,3,-1,-1,-1
2017450254218,1,9,0,5,0,0,0,0,0,0,1,1,6,2,42,7,1560,2,9,7,3,7
2017450254218,2,9,0,18,0,0,0,0,0,0,1,1,6,2,66,10,1124,1,16,9,3,9
2017450254365,1,9,0,9,0,8,0,0,0,0,3,1,5,2,27,6,-1,-1,-1,-1,-1,-1
2017450254365,2,9,0,18,0,8,0,0,0,0,1,1,6,3,50,8,-1,-1,-1,-1,-1,-1
2017450254406,1,9,0,3,0,0,0,0,0,0,2,1,6,1,69,10,1870,2,8,-1,-1,-1
2017450254406,2,9,0,18,0,0,0,0,0,0,1,1,6,1,50,8,3248,1,17,-1,-1,-1
2017450254430,1,9,0,2,0,0,0,0,0,0,2,1,1,1,24,5,1198,1,3,4,1,4
2017450254430,2,9,0,2,0,0,0,0,0,0,2,1,6,2,31,6,3498,1,2,8,1,8
2017450254430,3,9,0,4,0,0,0,4,0,0,1,1,6,2,24,5,1896,2,12,9,1,9
2017450254475,1,9,0,7,0,0,0,0,0,0,3,1,2,2,48,8,-1,-1,-1,-1,-1,-1
2017450254475,2,1,0,18,0,0,0,0,0,0,1,1,2,1,50,8,-1,-1,-1,-1,-1,-1
2017450254479,1,9,0,18,0,0,0,0,0,0,4,1,6,1,20,4,1149,1,16,-1,-1,-1
2017450254479,2,21,1,18,0,0,0,0,0,0,3,1,1,1,50,8,15607,2,3,-1,-1,-1
2017450254494,1,9,0,18,0,1,0,0,0,0,1,1,6,3,30,6,1390,1,16,-1,-1,-1
2017450254494,2,9,0,3,0,1,0,0,0,0,2,1,6,2,71,10,1599,1,12,-1,-1,-1
2017450254540,1,9,0,18,0,0,0,0,0,0,1,1,6,2,20,4,1560,2,3,8,1,8
2017450254540,2,9,0,18,0,0,0,0,0,0,4,1,6,2,67,10,898,1,1,8,1,8
2017450254544,1,9,0,18,0,0,0,0,0,0,4,1,6,2,33,6,1798,1,5,-1,-1,-1
2017450254544,2,9,0,18,0,0,0,0,0,0,1,1,6,1,36,7,2995,1,8,-1,-1,-1
2017450254556,1,11,0,18,0,0,0,0,0,0,1,1,1,1,50,8,4500,2,8,-1,-1,-1
2017450254556,2,9,0,18,0,0,0,0,0,0,1,1,6,3,50,8,-1,-1,-1,-1,-1,-1
2017450254940,1,9,0,5,0,1,0,0,0,0,3,1,6,2,82,11,1360,1,14,-1,-1,-1
2017450254940,2,9,0,18,0,1,0,0,0,0,1,1,6,1,49,8,1995,2,-1,-1,-1,-1
2017450254993,1,9,0,9,0,0,0,0,0,0,1,1,6,2,42,7,1598,1,7,-1,-1,-1
2017450254993,2,9,0,18,0,0,0,0,0,0,1,1,6,2,21,5,999,1,2,-1,-1,-1
2017450255002,1,9,0,18,0,0,1,0,1,3,1,1,5,1,19,4,1198,1,10,-1,-1,-1
2017450255009,1,22,0,18,9,0,0,0,0,0,1,1,6,2,88,11,-1,-1,-1,-1,-1,-1
2017450255036,1,9,0,18,0,1,0,0,0,0,1,1,6,1,54,8,1299,1,15,-1,-1,-1
2017450255036,2,1,0,18,0,2,0,0,0,0,2,1,6,1,58,9,-1,-1,-1,-1,-1,-1
2017450255085,1,9,0,18,0,0,0,0,0,0,1,1,6,3,50,8,1242,1,6,-1,-1,-1
2017450255085,2,9,0,2,0,0,0,0,0,0,2,1,6,1,84,11,1997,1,2,-1,-1,-1
2017450255116,1,9,0,18,0,0,2,0,1,4,1,1,6,1,19,4,1198,1,16,-1,-1,-1
2017450255121,1,9,0,4,0,0,0,0,0,0,1,1,6,1,50,8,1339,1,7,5,1,5
2017450255128,1,9,0,18,0,0,0,0,0,0,2,1,6,2,26,6,1242,1,10,-1,-1,-1
2017450255128,2,9,0,18,0,0,0,0,0,0,1,1,6,1,60,9,-1,-1,-1,-1,-1,-1
2017450255128,3,9,0,18,0,0,0,0,0,0,1,1,6,2,27,6,1200,1,3,-1,-1,-1
2017450255128,4,9,0,18,0,0,1,0,0,0,2,1,6,1,35,6,1998,8,-1,-1,-1,-1
2017450255128,5,9,0,18,0,0,1,0,0,0,1,1,6,2,20,4,1229,1,5,-1,-1,-1