Accident_Index,Vehicle_Reference,Vehicle_Type,Towing_and_Articulation,Vehicle_Manoeuvre,Vehicle_Location-Restricted_Lane,Junction_Location,Skidding_and_Overturning,Hit_Object_in_Carriageway,Vehicle_Leaving_Carriageway,Hit_Object_off_Carriageway,1st_Point_of_Impact,Was_Vehicle_Left_Hand_Drive?,Journey_Purpose_of_Driver,Sex_of_Driver,Age_of_Driver,Age_Band_of_Driver,Engine_Capacity_(CC),Propulsion_Code,Age_of_Vehicle,Driver_IMD_Decile,Driver_Home_Area_Type,Vehicle_IMD_Decile
2017450255164,1,9,0,18,0,0,1,0,0,0,1,1,6,1,40,7,1330,1,14,2,1,2
2017450255164,2,9,0,18,0,0,0,0,0,0,2,1,6,1,46,8,-1,-1,-1,-1,-1,-1
2017450255193,1,9,0,5,0,0,0,0,0,0,1,1,6,1,26,6,998,1,3,-1,-1,-1
2017450255193,2,20,4,4,0,0,0,0,0,0,3,1,2,1,52,8,5193,2,6,9,1,9
2017450255394,1,3,0,18,0,0,0,0,7,0,1,1,5,1,25,5,125,1,-1,-1,-1,-1
2017450255523,1,1,0,5,0,0,0,0,0,0,0,1,5,1,73,10,-1,-1,-1,-1,-1,-1
2017450255523,2,9,0,3,0,0,0,0,0,0,0,1,6,1,78,11,2995,1,16,8,3,8
2017450255566,1,9,0,5,0,0,0,0,0,0,1,1,6,2,85,11,1339,1,11,-1,-1,-1
2017450255566,2,9,0,3,0,0,0,0,0,0,1,1,6,2,47,8,2993,2,2,-1,-1,-1
2017450255566,3,9,0,5,0,0,0,0,0,0,2,1,6,2,27,6,3192,1,10,-1,-1,-1
2017450255603,1,9,0,18,0,8,0,0,0,0,1,1,6,2,24,5,1598,1,16,6,1,6
2017450255619,1,9,0,3,0,0,0,0,0,0,1,1,6,1,33,6,2993,2,8,-1,-1,-1
2017450255619,2,9,0,3,0,0,0,0,0,0,2,1,6,2,25,5,1229,1,5,-1,-1,-1
2017450255677,1,1,0,4,0,0,1,0,0,0,3,1,6,2,46,8,-1,-1,-1,-1,-1,-1
2017450255802,1,9,0,5,0,0,0,4,0,0,1,1,6,2,71,10,1229,1,7,-1,-1,-1
2017450255802,2,9,0,2,0,0,0,0,0,0,2,1,6,2,45,7,2976,1,15,-1,-1,-1
2017450255832,1,9,0,18,0,0,0,0,7,4,1,1,6,1,44,7,1991,8,-1,-1,-1,-1
2017450255967,1,9,0,18,0,2,0,0,0,0,1,1,6,1,36,7,256,1,9,-1,-1,-1
2017450255967,2,9,0,9,0,1,0,0,0,0,4,1,6,2,45,7,1598,1,5,-1,-1,-1
2017450256006,1,9,0,18,0,8,0,0,0,0,1,1,1,1,32,6,1956,2,2,-1,-1,-1
2017450256127,1,9,0,16,9,0,1,11,0,0,1,1,6,2,38,7,1461,2,-1,-1,-1,-1
2017450256133,1,9,0,5,0,8,0,0,0,0,1,1,6,1,33,6,2494,1,11,-1,-1,-1
2017450256133,2,9,0,18,0,8,0,7,7,7,4,1,6,1,43,7,1995,2,2,-1,-1,-1
2017450256135,1,9,0,5,0,0,0,0,0,0,1,1,5,1,63,9,1248,1,7,-1,-1,-1
2017450256174,1,9,0,18,0,2,0,0,0,0,1,1,6,2,56,9,1598,2,1,-1,-1,-1
2017450256174,2,9,0,9,0,1,0,0,0,0,1,1,6,2,18,4,1298,1,19,-1,-1,-1
2017450256176,1,9,0,18,0,0,0,4,0,0,1,1,6,1,50,8,1396,1,6,-1,-1,-1
2017450256176,2,9,0,2,0,0,0,0,0,0,0,1,6,2,23,5,1339,1,10,-1,-1,-1
2017450256176,3,9,0,2,0,0,0,0,0,0,0,1,6,2,44,7,1149,1,6,-1,-1,-1
2017450256198,1,9,0,18,0,1,0,0,7,0,1,1,6,1,34,6,1995,1,15,-1,-1,-1
2017450256198,2,9,0,9,0,1,0,0,7,0,3,1,6,2,26,6,1798,1,9,-1,-1,-1
2017450256290,1,9,0,18,0,0,1,0,0,0,1,1,6,1,54,8,1242,1,6,-1,-1,-1
2017450256290,2,9,0,18,0,0,0,0,0,0,3,1,6,1,33,6,1968,2,5,-1,-1,-1
2017450256299,1,9,0,7,0,7,1,0,0,0,4,1,5,1,81,11,2700,1,17,-1,-1,-1
2017450256299,2,9,0,18,0,7,0,0,0,0,1,1,5,1,52,8,1896,2,9,-1,-1,-1
2017450256362,1,3,0,18,0,0,1,0,0,0,1,1,6,1,27,6,125,1,-1,-1,-1,-1
2017450256362,2,9,0,9,0,0,0,0,0,0,3,1,6,2,65,9,999,1,10,-1,-1,-1
2017450256375,1,20,0,2,0,1,0,4,0,0,1,1,1,1,38,7,12740,2,3,-1,-1,-1
2017450256375,2,9,0,2,0,1,0,0,0,0,0,1,6,2,58,9,2143,2,6,10,3,10
2017450256413,1,9,0,4,0,0,0,0,0,0,1,1,1,1,45,7,1598,2,2,-1,-1,-1
2017450256413,2,9,0,18,0,0,0,0,0,0,1,1,6,1,56,9,5998,1,9,-1,-1,-1
2017450256424,1,9,0,18,0,0,0,0,0,0,1,1,6,1,18,4,1229,1,4,5,1,5
2017450256458,1,9,0,18,0,2,5,7,0,0,1,1,5,1,70,10,996,1,2,-1,-1,-1
2017450256540,1,9,0,3,0,1,0,0,0,0,2,1,6,1,76,11,3199,1,15,-1,-1,-1
2017450256540,2,9,0,3,0,1,0,4,0,0,2,1,6,1,38,7,-1,-1,-1,-1,-1,-1
2017450256540,3,9,0,18,0,1,0,4,0,0,1,1,6,1,76,11,2401,2,12,-1,-1,-1
2017450256771,1,9,0,18,0,0,0,0,0,0,1,1,6,1,78,11,2987,2,6,-1,-1,-1
2017450256771,2,9,0,18,0,0,0,0,0,0,1,1,6,2,22,5,1329,1,9,-1,-1,-1
2017450256794,1,9,0,18,0,0,1,0,1,10,1,1,5,2,34,6,1461,2,3,-1,-1,-1
2017450256794,2,9,0,5,0,0,0,0,0,0,1,1,5,1,40,7,1896,2,16,-1,-1,-1
2017450256832,1,9,0,17,0,0,1,0,1,4,1,1,6,2,45,7,1242,1,13,-1,-1,-1
2017450256844,1,9,0,18,0,8,0,0,0,0,4,1,6,2,42,7,1595,1,8,-1,-1,-1
2017450256844,2,9,0,18,0,8,0,0,0,0,3,1,6,1,36,7,1242,1,3,-1,-1,-1
2017450256857,1,9,0,18,0,1,0,0,0,0,1,1,6,1,27,6,1582,2,10,-1,-1,-1
2017450256857,2,9,0,5,0,8,0,0,0,0,3,1,6,1,60,9,1242,1,-1,7,1,7
2017450257039,1,1,0,18,0,0,0,0,0,0,1,1,6,1,48,8,-1,-1,-1,-1,-1,-1
2017450257039,2,9,0,5,0,0,0,0,0,0,3,1,6,1,36,7,1598,1,7,-1,-1,-1
2017450258834,1,9,0,18,0,0,0,0,0,0,1,1,6,1,21,5,1781,1,27,-1,-1,-1
2017450258834,2,9,0,18,0,0,0,0,0,0,2,1,6,1,37,7,1984,1,6,-1,-1,-1
2017450259538,1,9,0,3,0,1,0,0,0,0,2,1,5,1,47,8,1998,7,13,-1,-1,-1
2017450259538,2,9,0,18,0,1,0,0,0,0,1,1,5,3,54,8,2685,2,13,-1,-1,-1
2017450259859,1,9,0,18,0,0,0,0,1,0,1,1,6,2,36,7,1599,1,14,-1,-1,-1
2017450262271,1,9,0,18,0,0,0,0,1,0,1,1,5,1,79,11,999,1,-1,7,1,7
2017450262271,2,21,0,2,6,0,0,0,0,0,2,1,5,1,64,9,12740,2,-1,4,1,4
2017450264297,1,9,0,16,0,4,0,0,0,0,3,1,6,2,23,5,998,1,15,-1,-1,-1
2017450264297,2,1,0,18,0,8,0,0,0,0,2,1,6,1,55,8,-1,-1,-1,-1,-1,-1
2017450265441,1,9,0,18,0,1,0,0,0,0,1,1,6,2,82,11,1242,1,8,-1,-1,-1
2017450265441,2,9,0,3,0,1,0,0,0,0,2,1,6,2,41,7,1198,1,15,-1,-1,-1
2017450265441,3,9,0,4,0,1,0,0,0,0,2,1,6,1,52,8,2495,2,12,-1,-1,-1
2017450265565,1,9,0,12,0,0,0,0,0,0,3,1,6,1,29,6,1396,1,15,-1,-1,-1
2017450265565,2,9,0,18,0,0,5,0,0,0,4,1,6,1,28,6,-1,-1,-1,-1,-1,-1
2017450267918,1,9,0,18,0,0,0,0,0,0,4,1,6,3,33,6,-1,-1,-1,-1,-1,-1
2017450268477,1,9,0,9,0,8,0,0,0,0,3,1,6,1,89,11,1587,1,13,10,1,10
2017450268477,2,1,0,18,0,1,0,0,0,0,1,1,6,1,30,6,-1,-1,-1,4,1,4
2017450268703,1,9,0,18,0,0,0,0,0,0,1,1,6,2,65,9,998,1,-1,-1,-1,-1
2017450272528,1,1,0,18,0,0,0,0,0,0,1,1,1,2,15,3,-1,-1,-1,-1,-1,-1
2017450272528,2,9,0,18,0,0,0,0,0,0,1,1,2,2,50,8,1999,1,7,-1,-1,-1
2017450272553,1,9,0,18,0,0,0,0,0,0,1,1,5,1,18,4,1461,2,11,-1,-1,-1
2017450272553,2,9,0,4,0,0,0,0,0,0,2,1,2,2,37,7,1598,2,4,-1,-1,-1
2017450272553,3,19,0,18,0,0,0,0,0,0,2,1,2,1,38,7,1997,2,-1,-1,-1,-1
2017450277182,1,9,0,18,0,0,0,0,0,0,1,1,6,1,26,6,1399,2,7,-1,-1,-1
2017450284236,1,9,0,5,0,0,0,0,0,0,1,1,5,2,31,6,4806,1,2,-1,-1,-1
2017450284236,2,9,0,2,0,0,0,0,0,0,2,1,2,2,46,8,1598,2,1,-1,-1,-1
2017450284236,3,9,0,2,0,0,0,0,0,0,2,1,5,2,60,9,4799,1,11,-1,-1,-1
2017450284236,4,9,0,2,0,0,0,0,0,0,2,1,5,2,48,8,1984,1,3,-1,-1,-1
2017460142106,1,98,-1,9,0,2,0,0,0,0,3,1,6,1,37,7,-1,-1,-1,-1,-1,-1
2017460142106,2,1,0,18,0,1,0,0,0,0,1,1,2,1,39,7,-1,-1,-1,4,1,4
2017460142514,1,9,0,18,0,0,0,0,5,6,4,1,5,1,30,6,2987,2,9,4,1,4
2017460142514,2,9,0,18,0,0,2,0,2,7,3,1,5,1,62,9,1997,1,9,2,1,2
2017460142883,1,9,0,7,0,0,0,0,0,0,4,1,5,1,34,6,-1,-1,-1,9,1,9
2017460143181,1,9,0,4,0,1,0,0,0,0,1,1,6,1,24,5,1995,2,11,9,1,9
2017460143181,2,9,0,9,0,1,0,0,1,0,1,1,6,1,25,5,973,1,17,6,1,6
2017460143283,1,9,0,5,0,4,0,0,0,0,4,1,6,1,37,7,1896,2,12,6,1,6
2017460143283,2,9,-1,3,0,4,0,0,0,0,-1,1,6,2,40,7,998,1,3,4,3,4
2017460143327,1,1,0,14,0,1,2,0,0,0,1,1,6,1,42,7,-1,-1,-1,-1,-1,-1
2017460143327,2,9,0,2,0,1,0,0,0,0,2,1,6,2,-1,-1,1364,1,5,-1,-1,-1
2017460144320,1,9,0,18,0,6,0,0,0,0,1,1,6,1,44,7,1968,2,9,1,1,1
2017460144320,2,9,0,18,0,6,0,0,0,0,1,1,6,1,30,6,1910,2,9,1,1,1
2017460144320,3,9,0,18,0,6,0,0,0,0,1,1,1,1,28,6,1968,2,4,-1,-1,-1
2017460144449,1,9,0,18,0,1,0,0,0,0,1,1,5,1,37,7,1197,1,-1,9,1,9
2017460144449,2,9,0,3,0,1,0,0,0,0,2,1,5,1,35,6,1995,2,5,-1,-1,-1
2017460144571,1,9,0,9,0,8,0,0,0,0,1,1,6,1,19,4,1461,2,2,4,1,4
2017460144659,1,9,0,7,0,1,0,0,0,0,1,1,6,1,41,7,1781,1,14,3,1,3
2017460144659,2,9,0,18,0,1,0,0,0,0,1,1,6,2,29,6,1590,1,16,10,1,10
2017460144961,1,1,0,9,0,0,1,0,0,0,1,1,3,1,47,8,-1,-1,-1,6,1,6
2017460144967,1,9,0,7,0,-1,0,0,0,0,3,1,3,1,-1,-1,2777,2,9,7,1,7
2017460144967,2,1,0,18,0,-1,0,0,0,0,1,1,1,1,42,7,-1,-1,-1,5,1,5
2017460144984,1,11,0,4,0,0,0,0,0,0,0,1,1,3,-1,-1,-1,-1,-1,-1,-1,-1
2017460145005,1,9,0,18,0,0,0,0,0,0,1,1,6,3,-1,-1,-1,-1,-1,-1,-1,-1
2017460145005,2,1,0,12,0,0,0,0,0,0,2,1,4,1,18,4,-1,-1,-1,-1,-1,-1
2017460145039,1,9,0,18,0,0,0,0,0,0,1,1,6,2,77,11,1598,1,9,5,1,5
2017460145043,1,9,0,18,0,0,0,0,0,0,1,1,6,3,37,7,1796,1,18,-1,-1,-1
2017460145043,2,9,0,18,0,0,0,0,0,0,2,1,5,1,78,11,1390,1,6,6,1,6
2017460145070,1,9,0,2,0,1,0,0,0,0,0,1,6,2,37,7,-1,-1,-1,-1,-1,-1
2017460145070,2,1,0,18,0,1,0,0,0,0,1,1,6,2,50,8,-1,-1,-1,-1,-1,-1
2017460145126,1,9,0,18,0,0,0,0,0,0,2,1,6,1,40,7,1390,1,13,2,1,2
2017460145126,2,9,0,18,0,0,0,0,0,0,1,1,1,1,36,7,1968,2,4,-1,-1,-1
2017460145132,1,9,0,6,0,0,0,0,0,0,4,1,5,1,42,7,1998,1,10,-1,-1,-1
2017460145132,2,9,0,18,0,0,0,0,0,0,1,1,5,1,-1,-1,1997,1,4,-1,-1,-1
2017460145430,1,9,0,18,0,0,0,0,0,0,1,1,6,1,28,6,1596,1,18,5,2,5
2017460145481,1,9,0,18,0,0,0,0,0,0,0,1,6,1,51,8,1461,2,7,7,3,7
2017460145481,2,1,0,18,0,0,1,0,1,0,0,1,2,1,37,7,-1,-1,-1,3,2,3
2017460145535,1,98,0,9,0,6,0,0,0,0,4,1,1,1,58,9,-1,-1,-1,4,2,4
2017460145535,2,11,0,5,0,8,0,0,0,0,1,1,1,1,52,8,9000,2,8,10,1,10
2017460145558,1,8,0,18,0,0,0,0,0,0,1,1,6,3,-1,-1,-1,-1,-1,-1,-1,-1
2017460145618,1,9,0,18,0,1,0,0,0,0,1,1,6,1,61,9,1986,2,11,3,1,3
2017460145618,2,9,0,18,0,1,0,0,0,0,4,1,6,1,44,7,1560,2,5,3,1,3
2017460145618,3,9,0,2,0,1,0,0,0,0,3,1,6,1,70,10,1398,2,5,3,1,3
2017460145618,4,9,0,2,0,1,0,0,0,0,3,1,6,2,-1,-1,1598,1,7,3,1,3
2017460145621,1,9,0,18,0,0,0,0,0,0,1,1,2,1,19,4,1368,1,6,3,1,3
2017460145641,1,21,1,17,0,0,1,0,0,0,1,1,1,1,62,9,10837,2,2,2,1,2
2017460145641,2,9,0,16,0,0,1,0,0,0,1,1,5,1,52,8,1998,1,21,8,2,8
2017460145641,3,19,0,16,0,0,0,0,0,0,1,1,5,1,23,5,1598,2,1,8,1,8
2017460145652,1,21,0,18,0,0,1,0,0,0,1,1,1,1,52,8,12740,2,3,9,3,9
2017460145652,2,9,0,4,0,0,0,0,0,0,2,1,6,2,57,9,998,1,1,6,3,6
2017460145652,3,19,0,4,0,0,0,0,0,0,2,1,6,1,32,6,1598,2,6,9,1,9
2017460145652,4,9,0,4,0,0,0,0,0,0,2,1,6,1,63,9,1799,1,8,9,1,9
2017460145776,1,9,0,18,0,0,1,0,1,4,3,1,5,1,30,6,1896,2,13,9,2,9
2017460145904,1,9,0,18,0,0,0,0,0,0,3,1,6,2,75,10,1364,2,13,10,3,10
2017460145904,2,9,0,4,0,0,0,0,0,0,3,1,2,2,49,8,1248,1,1,10,1,10
2017460145904,3,9,0,4,0,0,0,0,0,0,3,1,2,2,32,6,1399,1,1,8,1,8
2017460145914,1,9,0,18,0,0,0,0,0,0,1,1,6,1,-1,-1,1390,1,8,9,1,9
2017460145914,2,9,0,18,0,0,0,0,0,0,0,1,6,1,46,8,1969,2,3,8,3,8
2017460145918,1,9,0,18,0,0,0,0,0,0,3,1,1,1,52,8,1995,2,3,10,3,10
2017460145950,1,9,0,2,0,1,0,0,0,0,2,1,6,1,85,11,1318,1,2,3,1,3
2017460145976,1,9,0,18,0,0,0,0,0,0,1,1,6,1,85,11,1198,1,11,10,2,10
2017460146032,1,9,0,18,0,0,0,0,0,0,2,1,6,1,46,8,-1,-1,-1,9,1,9
2017460146035,1,19,0,18,0,0,0,0,0,0,1,1,6,1,52,8,1461,2,3,9,2,9
2017460146035,2,9,0,18,0,0,0,0,0,0,2,1,6,2,65,9,1794,1,9,5,1,5
2017460146057,1,9,0,3,0,2,0,0,0,0,2,1,5,1,23,5,1896,2,8,9,1,9
2017460146057,2,9,0,4,0,2,0,0,0,0,1,1,1,2,58,9,1242,1,1,2,1,2
2017460146057,3,9,0,18,0,2,0,0,0,0,1,1,5,1,43,7,1499,2,2,-1,-1,-1
2017460146078,1,19,0,5,0,1,0,0,0,0,1,1,6,1,37,7,1248,2,4,8,1,8
2017460146078,2,9,0,5,0,1,0,0,0,0,2,1,1,2,53,8,1560,2,10,9,2,9
2017460146087,1,9,0,9,0,1,0,0,0,0,1,1,6,1,38,7,1599,1,15,2,1,2
2017460146118,1,9,0,1,0,0,0,0,0,0,2,1,6,1,22,5,-1,-1,-1,-1,-1,-1
2017460146251,1,9,0,10,0,1,0,0,0,0,1,1,6,1,53,8,2967,1,14,7,1,7
2017460146251,2,9,0,18,0,1,0,0,0,0,4,1,6,1,17,4,1242,1,6,9,1,9
2017460146401,1,9,0,5,0,4,0,0,0,0,3,1,6,2,27,6,1360,1,19,2,1,2
2017460146463,1,3,0,5,0,8,1,0,0,0,0,1,6,1,33,6,125,1,2,2,1,2
2017460146474,1,9,0,3,0,1,0,0,0,0,1,1,6,1,50,8,1598,1,16,3,1,3
2017460146474,2,4,0,3,0,1,0,0,0,0,2,1,6,1,41,7,1052,1,19,1,1,1
2017460146574,1,9,0,18,0,1,0,0,0,0,1,1,6,2,64,9,2143,2,4,9,3,9
2017460146574,2,9,0,18,0,1,0,0,0,0,1,1,6,2,19,4,999,1,3,7,3,7
2017460146630,1,9,0,18,0,0,0,0,0,0,1,1,6,2,33,6,1796,1,9,7,1,7
2017460146645,1,9,0,17,0,0,0,0,1,0,1,1,6,2,41,7,1991,2,10,8,3,8
2017460146655,1,98,1,12,0,0,0,0,0,0,0,1,1,1,40,7,-1,-1,-1,-1,-1,-1
2017460146655,2,5,0,18,0,0,0,0,4,0,3,1,6,1,42,7,599,1,11,1,1,1
2017460146665,1,9,0,9,0,0,0,0,0,0,0,1,6,3,-1,-1,-1,-1,-1,-1,-1,-1
2017460146665,2,3,0,18,0,0,1,7,0,0,0,1,6,2,28,6,124,1,17,5,1,5
2017460146671,1,19,0,18,0,1,1,0,0,0,4,1,5,2,28,6,2287,2,3,2,1,2
2017460146671,2,9,0,10,0,1,0,0,0,0,3,1,5,1,58,9,1798,1,10,2,1,2
2017460146675,1,9,0,18,0,0,1,0,8,0,4,1,2,1,20,4,1242,1,11,7,1,7
2017460146675,2,21,1,18,0,0,0,0,0,0,3,1,1,1,38,7,16400,2,2,2,1,2
2017460146728,1,1,0,18,0,1,0,0,0,0,1,1,2,1,17,4,-1,-1,-1,5,1,5
2017460146728,2,9,0,7,0,1,0,0,0,0,4,1,6,1,49,8,2993,2,13,7,1,7
2017460146785,1,9,0,7,0,5,1,0,1,0,4,1,5,1,20,4,1686,2,10,2,1,2
2017460146801,1,9,0,18,0,0,0,0,0,0,1,1,6,2,47,8,1598,2,3,2,1,2
2017460146801,2,9,4,9,0,0,0,0,0,0,4,1,6,1,50,8,-1,-1,-1,7,3,7
2017460146836,1,9,0,9,0,0,0,0,0,0,1,1,6,2,57,9,998,1,1,6,1,6
2017460146836,2,9,0,18,0,0,0,0,0,0,1,1,6,2,41,7,1242,1,7,6,1,6
2017460146844,1,19,0,12,0,0,0,0,0,0,1,1,2,1,30,6,2402,2,7,3,1,3
2017460146844,2,9,0,18,0,0,0,0,0,0,2,1,6,1,59,9,998,1,17,5,1,5
2017460146844,3,9,0,18,0,0,0,0,0,0,2,1,6,1,33,6,1997,2,3,7,2,7
2017460146844,4,9,0,18,0,0,0,0,0,0,2,1,6,1,69,10,1753,2,10,1,3,1
2017460146849,1,21,0,11,0,0,0,0,0,0,3,1,1,1,46,8,11967,2,6,3,1,3
2017460146849,2,9,0,18,0,0,0,0,0,0,2,1,2,1,17,4,1124,1,14,2,1,2
2017460146881,1,9,0,2,0,0,0,7,1,11,1,1,6,2,55,8,2993,2,1,7,3,7
2017460146892,1,9,0,18,0,1,1,0,0,0,1,1,5,2,29,6,1956,2,8,4,1,4
2017460146892,2,9,0,10,0,1,0,0,0,0,2,1,5,1,31,6,1598,1,4,9,1,9
2017460146905,1,1,0,18,0,1,0,0,0,0,3,1,1,2,37,7,-1,-1,-1,4,1,4
2017460146905,2,9,0,18,0,8,0,0,0,0,0,1,6,1,35,6,2143,2,2,5,1,5
2017460146920,1,19,0,18,0,0,0,0,0,0,1,1,1,1,62,9,1997,2,3,3,1,3
2017460146920,2,9,0,11,0,0,0,0,0,0,2,1,1,2,22,5,1360,1,13,7,1,7
2017460146944,1,9,0,11,0,1,0,0,0,0,1,1,6,1,44,7,2698,2,11,10,3,10
2017460146944,2,9,0,18,0,1,0,0,0,0,2,1,6,2,27,6,998,1,3,6,1,6
2017460146944,3,9,0,18,0,1,0,0,0,0,2,1,6,1,68,10,2204,2,8,10,1,10
2017460146950,1,9,0,18,0,0,0,0,0,0,1,1,5,2,56,9,1390,1,12,5,1,5
2017460146950,2,9,0,18,0,0,0,0,0,0,1,1,5,2,23,5,1198,1,3,10,1,10
2017460146950,3,19,0,18,0,0,0,0,0,0,2,1,5,1,66,10,2461,2,15,1,1,1
2017460146953,1,9,0,16,0,0,1,0,0,0,1,1,6,2,20,4,1360,1,16,4,3,4
2017460146976,1,9,0,18,0,0,1,0,0,0,1,1,6,2,23,5,1598,2,4,5,1,5
2017460146976,2,9,0,18,0,0,0,0,0,0,2,1,6,1,31,6,2494,1,16,5,1,5
2017460147023,1,9,0,18,0,1,0,0,0,0,1,1,6,1,50,8,-1,-1,-1,5,3,5
2017460147023,2,9,0,18,0,1,0,0,0,0,1,1,6,1,32,6,1686,2,4,9,1,9
2017460147023,3,9,0,18,0,1,0,0,1,0,2,1,6,2,23,5,1799,1,6,-1,-1,-1
2017460147184,1,9,0,18,0,0,1,0,2,0,4,1,6,2,27,6,1242,1,7,5,3,5
2017460147184,2,9,0,18,0,0,0,0,2,0,3,1,6,2,44,7,1000,1,2,4,1,4
2017460147208,1,9,0,5,0,0,0,0,0,0,1,1,5,1,54,8,1997,2,1,2,1,2
2017460147226,1,9,0,18,0,1,0,0,0,0,3,1,6,1,51,8,1364,1,10,-1,-1,-1
2017460147226,2,9,0,18,0,1,0,0,0,0,1,1,6,1,62,9,1560,2,10,10,1,10
2017460147239,1,9,0,18,0,3,0,0,0,0,1,1,5,1,55,8,2401,2,14,8,2,8
2017460147245,1,1,0,18,0,3,2,4,0,0,1,1,5,1,30,6,-1,-1,-1,2,1,2
2017460147245,2,9,0,2,6,8,0,0,0,0,2,1,6,3,-1,-1,-1,-1,-1,-1,-1,-1
2017460147276,1,9,0,18,0,1,0,0,0,0,1,1,5,1,30,6,1198,1,3,4,2,4
2017460147276,2,9,0,9,0,1,0,0,0,0,1,1,2,2,47,8,1596,1,9,8,3,8
2017460147277,1,1,0,18,0,1,0,0,0,0,4,1,6,1,37,7,-1,-1,-1,5,1,5
2017460147277,2,9,0,18,0,1,0,0,0,0,3,1,6,1,38,7,-1,-1,-1,-1,-1,-1
2017460147313,1,9,0,18,0,1,0,0,0,0,3,1,2,1,40,7,1388,1,12,4,1,4
2017460147313,2,3,0,18,0,1,0,0,0,0,1,1,2,1,53,8,124,1,2,9,1,9
2017460147317,1,9,0,16,0,0,0,0,1,0,1,1,6,1,83,11,1124,1,7,2,1,2
2017460147320,1,9,0,9,0,6,0,0,7,0,1,1,5,2,24,5,1587,1,11,-1,-1,-1
2017460147331,1,3,0,18,0,1,0,0,0,0,1,1,2,1,23,5,124,1,19,4,1,4
2017460147331,2,9,0,9,0,5,0,0,0,0,4,1,6,1,59,9,1596,1,7,-1,-1,-1
2017460147354,1,9,0,18,0,0,2,0,0,0,2,1,5,1,33,6,-1,-1,-1,7,3,7
2017460147362,1,3,0,4,0,0,1,0,0,0,1,1,2,1,32,6,125,1,2,9,1,9
2017460147364,1,3,0,7,0,1,1,0,0,0,3,1,5,2,27,6,124,1,16,2,1,2
2017460147369,1,9,0,18,0,1,0,0,0,0,1,1,6,2,85,11,1388,1,6,6,3,6
2017460147369,2,9,0,3,0,1,0,0,0,0,2,1,6,2,39,7,1398,1,5,10,2,10
2017460147400,1,9,0,5,0,0,0,0,0,0,1,1,5,1,29,6,-1,-1,-1,1,1,1
2017460147400,2,1,0,18,0,0,0,0,0,0,3,1,4,1,12,3,-1,-1,-1,3,1,3
2017460147421,1,9,0,9,0,1,0,0,0,0,1,1,5,1,37,7,-1,-1,-1,7,1,7
2017460147421,2,9,0,18,0,2,0,0,0,0,1,1,5,2,27,6,1798,1,2,5,1,5
2017460147426,1,9,0,15,0,0,0,0,0,0,1,1,5,1,42,7,1275,1,22,5,1,5
2017460147426,2,9,0,18,0,0,0,0,0,0,1,1,5,1,19,4,1390,1,16,4,1,4
2017460147426,3,9,0,18,0,0,0,0,0,0,3,1,5,1,51,8,875,1,3,4,1,4
2017460147450,1,9,0,18,0,0,0,0,0,0,1,1,6,1,23,5,1229,1,11,1,1,1
2017460147450,2,9,0,18,0,0,0,0,0,0,2,1,6,2,81,11,1242,1,13,4,1,4
2017460147463,1,9,0,18,0,6,0,0,0,0,3,1,1,1,65,9,1997,2,5,6,1,6
2017460147463,2,97,0,18,0,1,0,0,0,0,1,1,6,1,26,6,-1,-1,-1,4,2,4
2017460147575,1,9,0,18,0,0,0,0,0,0,3,1,1,2,47,8,1461,2,3,4,1,4
2017460147575,2,5,0,18,0,0,0,0,0,0,1,1,1,1,54,8,1284,1,10,6,1,6
2017460147645,1,9,0,18,0,0,0,0,0,0,1,1,1,1,21,5,1149,1,4,10,1,10
2017460147689,1,9,0,16,0,0,0,0,7,0,0,1,6,1,28,6,1560,2,12,10,2,10
2017460147689,2,9,0,16,0,0,0,0,7,0,0,1,6,1,21,5,1988,1,13,7,3,7
2017460147698,1,9,0,7,0,0,0,0,0,0,4,1,6,2,37,7,-1,-1,-1,4,1,4
2017460147698,2,1,0,18,0,0,0,0,0,0,1,1,6,1,59,9,-1,-1,-1,5,1,5
2017460147706,1,9,5,9,0,8,0,0,0,0,3,1,6,1,43,7,-1,-1,-1,8,1,8
2017460147728,1,3,0,18,0,1,2,0,0,0,1,1,6,1,19,4,124,1,7,3,1,3
2017460147728,2,9,0,4,0,1,0,0,0,0,2,1,6,1,62,9,1398,1,6,3,1,3
2017460147751,1,9,0,17,0,5,1,0,0,0,1,1,6,2,68,10,1368,1,13,5,3,5
2017460147751,2,9,0,16,0,5,1,0,0,0,1,1,2,2,63,9,1461,2,1,5,1,5
2017460147798,1,9,0,18,0,0,0,0,0,0,1,1,6,2,38,7,998,1,2,4,1,4
2017460147820,1,9,0,3,0,4,0,0,0,0,1,1,6,2,44,7,2400,2,8,10,1,10
2017460147820,2,1,0,3,0,4,0,0,0,0,1,1,6,1,32,6,-1,-1,-1,4,1,4
2017460147831,1,9,0,16,0,0,1,0,0,0,1,1,5,1,41,7,2191,2,4,8,1,8
2017460147831,2,9,0,2,0,0,0,0,0,0,2,1,5,2,19,4,1242,1,4,8,1,8
2017460147831,3,9,0,2,0,0,0,0,0,0,4,1,5,2,-1,-1,2198,2,10,8,1,8
2017460147838,1,3,0,6,0,3,1,0,0,0,0,1,5,2,57,9,125,1,2,3,2,3