Accident_Index,Vehicle_Reference,Vehicle_Type,Towing_and_Articulation,Vehicle_Manoeuvre,Vehicle_Location-Restricted_Lane,Junction_Location,Skidding_and_Overturning,Hit_Object_in_Carriageway,Vehicle_Leaving_Carriageway,Hit_Object_off_Carriageway,1st_Point_of_Impact,Was_Vehicle_Left_Hand_Drive?,Journey_Purpose_of_Driver,Sex_of_Driver,Age_of_Driver,Age_Band_of_Driver,Engine_Capacity_(CC),Propulsion_Code,Age_of_Vehicle,Driver_IMD_Decile,Driver_Home_Area_Type,Vehicle_IMD_Decile
2017460147855,1,11,0,18,0,0,0,11,0,0,1,1,1,1,32,6,5883,2,15,-1,-1,-1
2017460147890,1,3,0,4,0,0,1,0,0,0,1,1,2,1,33,6,124,1,2,-1,-1,-1
2017460147890,2,19,0,2,0,0,0,0,0,0,2,1,2,1,53,8,2402,2,8,7,1,7
2017460147893,1,9,0,18,0,2,0,0,0,0,1,1,6,2,37,7,1242,1,8,6,1,6
2017460147893,2,9,0,3,0,2,0,0,0,0,2,1,6,2,30,6,-1,-1,-1,10,3,10
2017460147916,1,9,0,9,0,1,0,0,0,0,3,1,6,2,31,6,1997,2,6,4,1,4
2017460147916,2,9,0,18,0,1,0,0,0,0,1,1,6,2,33,6,1560,2,9,1,1,1
2017460147918,1,9,0,17,0,0,2,0,1,10,4,1,5,1,47,8,1360,1,11,3,3,3
2017460147975,1,19,0,10,0,1,0,0,0,0,3,1,6,1,25,5,1995,2,6,7,1,7
2017460147988,1,9,0,18,0,2,0,0,0,0,1,1,5,2,56,9,1396,1,14,9,1,9
2017460147988,2,1,0,18,0,2,0,0,0,0,2,1,2,1,27,6,-1,-1,-1,5,1,5
2017460148002,1,9,0,18,0,0,1,0,0,0,1,1,6,2,30,6,1997,2,6,6,1,6
2017460148002,2,9,0,18,0,0,1,0,0,0,2,1,6,2,43,7,1240,1,13,9,1,9
2017460148020,1,9,0,17,0,8,0,0,0,0,-1,1,6,3,-1,-1,-1,-1,-1,-1,-1,-1
2017460148136,1,9,0,18,0,0,0,0,0,0,1,1,6,1,79,11,1200,1,4,2,1,2
2017460148136,2,9,0,18,0,0,0,0,0,0,2,1,6,2,52,8,1229,1,5,5,1,5
2017460148141,1,9,0,5,0,2,0,0,0,0,1,1,6,1,24,5,1596,1,2,7,3,7
2017460148141,2,9,0,3,0,2,0,0,0,0,2,1,6,1,52,8,2902,2,11,8,1,8
2017460148168,1,9,0,18,0,1,1,0,0,0,1,1,2,1,21,5,1242,1,5,7,3,7
2017460148168,2,9,0,3,0,1,0,0,1,0,2,1,6,2,31,6,2993,2,1,8,3,8
2017460148168,3,9,0,3,0,1,0,0,0,0,2,1,6,1,49,8,1496,2,1,8,3,8
2017460148235,1,19,0,3,0,0,0,0,0,0,1,1,6,1,35,6,1870,2,11,2,1,2
2017460148235,2,11,0,18,0,0,0,0,0,0,4,1,1,1,51,8,6696,2,4,6,3,6
2017460148309,1,9,0,18,0,1,0,0,0,0,2,1,6,3,37,7,-1,-1,-1,-1,-1,-1
2017460148310,1,-1,-1,-1,-1,-1,-1,-1,-1,0,-1,1,6,3,-1,-1,-1,-1,-1,-1,-1,-1
2017460148364,1,9,0,18,0,0,1,0,4,7,1,1,6,1,20,4,1596,1,11,5,1,5
2017460148401,1,20,5,17,0,0,4,0,1,0,1,1,1,1,34,6,11705,2,11,5,1,5
2017460148401,2,9,0,17,0,0,1,0,1,0,2,1,6,3,-1,-1,-1,-1,-1,-1,-1,-1
2017460148402,1,9,0,1,0,0,0,0,0,0,2,1,6,1,21,5,1968,2,6,6,1,6
2017460148408,1,9,0,5,0,0,0,0,0,0,4,1,5,2,35,6,1968,2,4,4,1,4
2017460148418,1,9,0,18,0,0,1,0,0,0,3,1,5,1,23,5,-1,-1,-1,7,1,7
2017460148418,2,9,0,18,0,0,0,0,0,0,3,1,5,2,34,6,1590,1,14,5,1,5
2017460148426,1,9,0,18,0,0,5,0,1,0,4,1,6,2,24,5,1753,2,11,2,1,2
2017460148432,1,9,0,9,0,6,0,0,0,0,3,1,6,2,73,10,1796,1,12,6,1,6
2017460148432,2,9,0,13,0,8,0,0,0,0,1,1,6,2,26,6,998,1,4,7,1,7
2017460148489,1,9,0,18,0,0,0,0,0,0,1,1,1,1,50,8,-1,-1,-1,3,1,3
2017460148505,1,11,0,2,0,0,0,0,0,0,0,1,1,1,33,6,-1,-1,-1,2,1,2
2017460148514,1,19,0,17,0,0,0,0,0,0,1,1,1,1,25,5,2198,2,1,5,1,5
2017460148514,2,9,0,16,0,0,0,0,0,0,1,1,6,2,17,4,-1,-1,-1,7,3,7
2017460148542,1,9,0,18,0,8,0,0,0,0,0,1,6,3,37,7,-1,-1,-1,-1,-1,-1
2017460148542,2,9,0,18,0,8,0,0,0,0,0,1,6,1,51,8,1685,2,-1,8,1,8
2017460148546,1,98,0,11,0,5,0,0,0,0,0,1,6,1,38,7,-1,-1,-1,4,1,4
2017460148563,1,9,0,18,0,0,1,0,1,0,1,1,2,2,23,5,1398,1,5,6,3,6
2017460148563,2,98,0,18,0,0,0,0,0,0,0,1,6,1,37,7,-1,-1,-1,-1,-1,-1
2017460148578,1,97,0,5,0,0,2,0,0,0,0,1,6,1,21,5,-1,-1,-1,4,1,4
2017460148602,1,9,0,18,0,1,1,0,2,0,4,1,6,1,31,6,1360,1,16,5,2,5
2017460148644,1,9,0,18,0,0,1,0,1,11,1,1,6,1,-1,-1,1997,2,6,-1,-1,-1
2017460148644,2,9,0,18,0,0,0,0,0,0,2,1,1,1,34,6,2993,2,3,7,1,7
2017460148644,3,9,0,18,0,0,0,0,1,0,1,1,1,1,40,7,2993,2,2,-1,-1,-1
2017460148644,4,9,0,18,0,0,0,0,1,0,1,1,1,1,37,7,2993,2,3,-1,-1,-1
2017460148652,1,9,0,9,0,4,0,0,0,0,3,1,6,2,46,8,998,1,3,8,3,8
2017460148652,2,9,0,18,0,8,0,0,0,0,1,1,6,1,23,5,1587,1,11,8,2,8
2017460148679,1,9,0,18,0,0,0,0,0,0,1,1,6,1,18,4,1390,1,13,7,1,7
2017460148679,2,9,0,18,0,0,0,0,0,0,2,1,1,1,58,9,-1,-1,-1,7,1,7
2017460148744,1,9,0,9,0,2,0,0,0,0,1,1,6,3,-1,-1,-1,-1,-1,-1,-1,-1
2017460148788,1,9,0,18,0,1,0,0,0,0,1,1,6,1,19,4,1499,1,2,7,1,7
2017460148826,1,9,0,14,0,0,1,4,0,0,1,1,6,2,71,10,1197,1,5,5,1,5
2017460148826,2,9,0,2,0,0,0,0,0,0,2,1,1,1,45,7,2268,2,5,6,1,6
2017460148904,1,9,0,9,0,1,0,0,0,0,1,1,6,2,24,5,1498,1,8,5,1,5
2017460148904,2,5,0,18,0,1,0,0,0,0,1,1,6,1,30,6,599,1,17,5,1,5
2017460148914,1,9,0,7,0,5,0,0,0,0,1,1,6,1,35,6,1229,1,12,-1,-1,-1
2017460148924,1,9,0,18,0,0,0,0,0,0,1,1,6,1,18,4,1388,1,14,6,1,6
2017460148924,2,3,0,13,0,0,0,0,0,0,3,1,6,1,17,4,124,1,8,8,1,8
2017460148924,3,9,0,3,0,0,0,0,0,0,3,1,6,1,66,10,1490,1,9,9,2,9
2017460148927,1,3,0,18,0,0,1,12,0,0,1,1,5,1,18,4,125,1,3,7,3,7
2017460148928,1,19,0,18,0,0,1,0,0,0,1,1,2,1,56,9,1461,2,1,1,1,1
2017460148928,2,19,0,18,0,0,0,0,0,0,1,1,2,1,37,7,1968,2,4,9,1,9
2017460148950,1,9,0,18,0,1,0,0,0,0,2,1,6,2,19,4,1360,1,15,4,1,4
2017460148950,2,9,0,18,0,1,0,0,0,0,1,1,6,1,35,6,4293,1,13,9,1,9
2017460148950,3,9,0,18,0,1,0,0,0,0,1,1,6,3,-1,-1,-1,-1,-1,-1,-1,-1
2017460148953,1,9,0,18,0,0,0,0,0,0,1,1,6,1,84,11,1796,1,13,7,1,7
2017460148965,1,9,0,18,0,0,0,0,0,0,1,1,6,1,85,11,1905,2,19,6,3,6
2017460148965,2,9,0,18,0,0,0,0,0,0,3,1,6,1,49,8,2402,2,8,7,2,7
2017460148967,1,9,0,3,0,1,0,0,0,0,1,1,6,3,-1,-1,1368,1,11,-1,-1,-1
2017460148967,2,9,0,10,0,3,0,0,0,0,2,1,6,1,26,6,1397,1,9,2,1,2
2017460148971,1,9,0,1,0,0,0,0,0,0,1,1,6,1,84,11,1240,1,7,5,1,5
2017460148993,1,9,0,16,0,0,0,0,0,0,1,1,2,1,56,9,2204,2,8,5,1,5
2017460148993,2,19,0,16,0,0,0,0,0,0,2,1,2,1,29,6,1560,2,1,1,1,1
2017460148997,1,9,0,18,0,0,1,0,0,0,1,1,6,2,62,9,1598,1,10,6,2,6
2017460149057,1,1,0,4,0,0,1,0,0,0,0,1,6,2,49,8,-1,-1,-1,7,1,7
2017460149060,1,9,0,11,0,0,0,0,0,0,1,1,6,1,53,8,-1,-1,-1,3,1,3
2017460149097,1,98,0,12,0,0,0,0,0,0,3,1,6,3,-1,-1,-1,-1,-1,-1,-1,-1
2017460149097,2,9,0,18,0,0,1,0,0,0,4,1,1,2,24,5,1388,1,15,9,1,9
2017460149130,1,9,0,10,0,0,0,0,0,0,3,1,2,2,46,8,1598,2,2,6,2,6
2017460149132,1,1,0,18,5,0,0,11,0,0,1,1,6,1,43,7,-1,-1,-1,7,3,7
2017460149145,1,9,0,3,0,1,0,0,0,0,1,1,5,2,59,9,1497,8,3,10,1,10
2017460149145,2,21,0,3,0,1,0,0,0,0,2,1,2,1,34,6,12419,2,5,-1,-1,-1
2017460149148,1,9,0,7,0,2,0,0,0,0,3,1,2,1,27,6,2143,2,8,9,2,9
2017460149148,2,9,0,18,0,1,0,0,0,0,1,1,6,1,29,6,3999,1,7,3,1,3
2017460149159,1,9,0,4,0,4,0,10,0,0,1,1,6,2,57,9,1995,2,4,6,1,6
2017460149177,1,9,0,5,0,0,0,0,0,0,1,1,6,1,44,7,1910,2,10,3,1,3
2017460149185,1,9,0,5,0,1,0,0,0,0,1,1,6,1,31,6,-1,-1,-1,5,3,5
2017460149185,2,9,0,5,0,1,0,0,0,0,1,1,6,2,38,7,1997,1,14,5,3,5
2017460149202,1,9,0,18,0,0,1,0,0,0,1,1,2,1,27,6,4951,1,1,5,1,5
2017460149241,1,9,0,9,0,6,0,0,0,0,0,1,6,1,26,6,1390,1,16,1,1,1
2017460149241,2,3,0,18,0,8,0,0,0,0,1,1,6,1,17,4,125,1,1,4,1,4
2017460149256,1,9,0,18,0,0,1,10,2,10,4,1,6,1,26,6,1596,1,14,10,2,10
2017460149262,1,9,0,4,0,0,0,0,0,0,1,1,6,1,24,5,-1,-1,-1,4,1,4
2017460149262,2,9,0,4,0,0,0,0,0,0,2,1,6,2,42,7,2720,2,12,3,1,3
2017460149267,1,9,0,18,0,0,0,0,0,0,1,1,6,2,48,8,1242,1,3,9,1,9
2017460149267,2,9,0,3,0,0,0,0,0,0,2,1,6,2,56,9,1596,1,8,1,1,1
2017460149288,1,9,0,18,0,0,0,0,0,0,1,1,6,1,56,9,1598,1,13,4,1,4
2017460149288,2,9,0,2,0,0,0,0,0,0,2,1,6,3,-1,-1,2993,2,7,-1,-1,-1
2017460149317,1,5,0,7,0,2,0,0,0,0,0,1,6,1,52,8,648,1,19,2,1,2
2017460149322,1,3,0,18,0,0,0,0,0,0,4,1,5,1,21,5,124,1,2,5,2,5
2017460149327,1,9,0,18,0,0,0,0,1,0,1,1,6,1,24,5,1364,1,11,8,3,8
2017460149327,2,9,0,4,0,0,0,0,0,0,2,1,6,1,41,7,2698,2,8,2,1,2
2017460149360,1,9,0,9,0,1,0,0,0,0,1,1,5,1,44,7,1798,1,9,2,1,2
2017460149379,1,9,0,18,0,0,1,0,5,6,1,1,6,2,32,6,998,1,12,7,1,7
2017460149379,2,19,0,18,0,0,0,0,0,0,1,1,1,1,54,8,2143,2,6,4,1,4
2017460149381,1,9,0,3,0,0,0,0,0,0,1,1,6,1,37,7,1560,2,9,6,1,6
2017460149381,2,9,0,3,0,0,0,0,0,0,2,1,6,1,32,6,1598,2,5,5,3,5
2017460149412,1,9,0,3,0,0,0,0,0,0,1,1,6,1,18,4,1198,1,5,4,3,4
2017460149412,2,9,0,3,0,0,0,0,0,0,1,1,6,2,48,8,1497,8,4,1,1,1
2017460149430,1,9,0,4,0,0,1,4,0,0,1,1,2,2,40,7,1798,1,7,5,2,5
2017460149430,2,9,0,2,0,0,0,0,0,0,2,1,5,3,-1,-1,-1,-1,-1,-1,-1,-1
2017460149439,1,9,0,18,0,0,0,0,0,0,1,1,6,3,-1,-1,-1,-1,-1,-1,-1,-1
2017460149464,1,90,5,18,0,0,1,0,0,0,1,1,1,1,30,6,-1,-1,-1,5,1,5
2017460149464,2,9,0,10,0,0,0,0,0,0,2,1,5,2,67,10,998,1,8,9,2,9
2017460149466,1,9,0,17,0,8,1,0,0,0,1,1,6,1,24,5,1242,1,1,5,1,5
2017460149466,2,9,0,4,0,1,0,0,0,0,3,1,6,1,29,6,-1,-1,-1,7,1,7
2017460149476,1,9,0,17,0,0,1,0,0,0,1,1,6,2,19,4,1149,1,16,8,3,8
2017460149510,1,9,0,18,0,0,0,0,0,0,4,1,6,2,38,7,1587,1,15,2,2,2
2017460149528,1,9,0,18,0,0,1,0,0,0,1,1,5,1,21,5,1598,1,8,2,1,2
2017460149528,2,9,0,18,0,0,1,0,0,0,1,1,5,1,21,5,2143,2,5,7,2,7
2017460149534,1,9,0,14,0,0,0,0,0,0,1,1,5,1,40,7,2800,2,23,9,1,9
2017460149534,2,9,0,18,0,0,0,0,0,0,1,1,5,2,17,4,1390,1,14,8,3,8
2017460149537,1,9,0,3,0,0,0,0,0,0,0,1,6,2,35,6,1596,1,5,6,1,6
2017460149556,1,9,0,4,0,0,0,0,0,0,1,1,3,2,36,7,1397,1,10,6,1,6
2017460149560,1,90,1,3,0,0,0,0,0,0,4,1,6,1,46,8,-1,-1,-1,-1,-1,-1
2017460149560,2,9,0,3,0,0,0,0,0,0,4,1,6,2,28,6,1242,1,4,8,1,8
2017460149565,1,9,0,13,0,0,1,0,0,0,3,1,6,1,38,7,1988,1,14,3,1,3
2017460149565,2,9,0,18,0,0,1,0,0,0,3,1,6,1,56,9,-1,-1,-1,3,1,3
2017460149579,1,9,0,4,0,1,0,0,0,0,3,1,2,1,57,9,1999,2,1,10,1,10
2017460149579,2,9,0,4,0,1,0,0,0,0,4,1,2,1,61,9,1499,2,1,-1,-1,-1
2017460149588,1,9,0,5,0,0,0,0,0,0,1,1,6,2,63,9,1995,2,6,6,2,6
2017460149588,2,1,0,4,0,0,0,0,0,0,1,1,6,2,43,7,-1,-1,-1,8,2,8
2017460149596,1,9,0,7,0,0,0,0,0,0,1,1,6,1,24,5,1998,1,18,10,1,10
2017460149596,2,11,0,14,0,0,0,0,0,0,3,1,1,1,53,8,-1,2,17,8,1,8
2017460149599,1,9,0,9,0,1,1,0,0,0,4,1,1,2,-1,-1,998,1,8,5,1,5
2017460149599,2,9,0,18,0,1,1,0,0,0,1,1,6,2,36,7,1461,2,12,2,1,2
2017460149634,1,9,0,18,0,0,1,10,0,0,1,1,6,1,43,7,1796,1,18,9,1,9
2017460149642,1,9,0,14,0,0,1,0,0,0,1,1,6,1,24,5,998,1,15,2,1,2
2017460149642,2,9,0,18,0,0,0,0,0,0,1,1,6,1,21,5,1422,2,1,7,3,7
2017460149647,1,9,0,5,0,6,0,0,0,0,3,1,1,1,20,4,1149,1,15,7,3,7
2017460149647,2,9,0,18,0,2,0,0,0,0,1,1,6,2,47,8,1796,1,17,2,1,2
2017460149660,1,9,0,18,0,0,1,0,7,0,4,1,2,2,28,6,1124,1,11,2,1,2
2017460149669,1,9,0,18,0,2,0,0,0,0,1,1,6,2,20,4,1242,1,7,10,1,10
2017460149669,2,9,0,18,0,2,0,0,0,0,2,1,6,2,41,7,1461,2,6,4,1,4
2017460149683,1,9,0,5,0,0,0,0,0,0,1,1,6,2,-1,-1,1910,2,11,-1,-1,-1
2017460149683,2,9,0,3,0,0,0,0,0,0,2,1,1,2,25,5,998,1,2,3,1,3
2017460149686,1,11,0,2,0,0,0,0,0,0,1,1,1,2,52,8,8268,2,15,5,1,5
2017460149686,2,11,0,2,0,0,0,0,0,0,2,1,1,1,34,6,8268,2,16,2,1,2
2017460149788,1,9,0,6,0,0,1,0,0,0,4,1,5,1,53,8,1995,2,2,8,3,8
2017460149788,2,9,0,18,0,0,1,0,7,0,3,1,5,1,38,7,1956,2,5,1,1,1
2017460149804,1,9,0,9,0,6,0,0,0,0,1,1,5,2,37,7,2926,2,13,7,1,7
2017460149804,2,9,0,18,0,1,0,0,0,0,1,1,5,2,26,6,1600,1,18,9,1,9
2017460149829,1,9,0,16,0,0,5,0,8,10,3,1,6,1,27,6,1598,1,19,7,3,7
2017460149848,1,98,0,18,0,0,0,0,0,0,3,1,5,1,60,9,-1,-1,-1,-1,-1,-1
2017460149848,2,9,0,18,0,0,0,0,0,0,4,1,5,2,23,5,1229,1,6,7,1,7
2017460149862,1,5,0,18,0,0,0,0,0,0,1,1,1,1,37,7,-1,-1,-1,9,1,9
2017460149862,2,9,0,4,0,0,0,0,0,0,2,1,1,2,51,8,1769,1,13,7,1,7
2017460149882,1,9,0,18,0,0,0,0,0,0,1,1,6,2,20,4,1061,1,14,2,1,2
2017460149882,2,9,0,18,0,0,0,0,0,0,2,1,6,2,62,9,998,1,13,8,1,8
2017460149919,1,9,0,9,0,2,0,0,0,0,1,1,5,1,48,8,2926,2,14,7,3,7
2017460149919,2,9,0,18,0,1,0,0,0,0,4,1,5,2,26,6,1242,1,11,9,1,9
2017460149940,1,9,0,13,0,2,0,11,0,0,4,1,5,1,66,10,1988,2,12,3,1,3
2017460149940,2,1,0,18,0,2,0,0,0,0,3,1,5,1,58,9,-1,-1,-1,3,1,3
2017460149972,1,9,0,18,0,1,0,0,0,0,0,1,4,1,17,4,1229,1,7,1,1,1
2017460150044,1,9,0,5,0,1,0,0,0,0,1,1,1,2,75,10,1896,2,17,6,2,6
2017460150044,2,9,0,18,9,8,0,0,0,0,1,1,5,2,53,8,2179,2,9,6,2,6
2017460150052,1,9,0,14,0,0,1,0,0,0,1,1,6,1,39,7,1968,2,3,7,1,7
2017460150052,2,9,0,1,0,0,0,0,0,0,3,1,6,2,53,8,2688,2,16,4,1,4
2017460150067,1,9,0,3,0,0,0,0,0,0,4,1,6,2,65,9,1422,2,14,9,1,9
2017460150067,2,9,0,3,0,0,0,0,0,0,4,1,6,2,37,7,1598,1,7,9,1,9
2017460150067,3,9,0,3,0,0,0,0,0,0,1,1,6,1,35,6,1596,1,18,9,1,9
2017460150097,1,9,0,18,0,0,1,0,0,0,1,1,5,1,23,5,1596,1,12,2,1,2
2017460150218,1,9,0,17,0,4,0,0,0,0,1,1,6,1,26,6,2494,1,17,4,1,4
2017460150218,2,9,0,17,0,4,0,0,0,0,1,1,1,2,37,7,1968,2,4,-1,-1,-1
2017460150224,1,9,0,18,0,0,0,0,0,0,1,1,6,2,19,4,1390,1,16,3,1,3
2017460150224,2,3,0,3,0,0,0,0,0,0,2,1,6,2,25,5,125,1,2,7,1,7
2017460150255,1,9,0,4,0,0,1,0,0,0,1,1,6,1,39,7,1798,1,8,9,2,9
2017460150255,2,9,0,4,0,0,1,0,0,0,2,1,6,1,47,8,2995,8,4,4,1,4
2017460150255,3,9,0,4,0,0,1,0,0,0,2,1,6,1,35,6,1686,2,3,5,1,5
2017460150284,1,-1,0,18,0,1,0,0,0,0,3,1,6,3,-1,-1,-1,-1,-1,-1,-1,-1
2017460150284,2,9,0,18,0,1,0,0,1,10,3,1,5,1,66,10,2143,2,6,7,3,7
2017460150303,1,9,0,18,0,0,1,0,0,0,2,1,2,1,18,4,1399,2,7,6,3,6
2017460150425,1,1,0,9,0,1,0,0,0,0,1,1,6,1,12,3,-1,-1,-1,4,2,4
2017460150425,2,9,4,18,0,2,0,0,0,0,2,1,6,1,80,11,1997,2,4,3,2,3
2017460150433,1,9,0,18,0,1,5,0,0,0,1,1,6,1,71,10,1560,2,9,-1,-1,-1
2017460150436,1,9,0,6,0,0,0,0,0,0,4,1,1,1,34,6,-1,-1,-1,5,1,5
2017460150436,2,9,0,18,0,0,1,0,0,0,1,1,2,1,29,6,1560,2,6,4,1,4
2017460150464,1,9,0,9,0,1,0,0,0,0,1,1,2,1,31,6,999,1,8,8,1,8
2017460150481,1,9,0,5,0,1,0,0,0,0,1,1,6,1,80,11,1560,2,10,10,1,10
2017460150481,2,9,0,16,0,1,0,0,0,0,1,1,6,2,71,10,1299,1,15,6,2,6
2017460150484,1,9,0,17,0,1,2,0,7,10,4,1,2,1,36,7,2982,2,5,10,2,10
2017460150501,1,9,0,6,0,0,0,0,0,0,3,1,2,1,49,8,1598,2,3,6,1,6
2017460150501,2,2,0,18,0,0,0,0,0,0,1,1,2,1,45,7,124,1,1,3,1,3
2017460150521,1,9,0,18,0,0,0,0,0,0,1,1,6,1,31,6,1999,1,13,3,1,3
2017460150521,2,9,0,2,0,0,0,0,0,0,3,1,6,3,-1,-1,999,1,8,-1,-1,-1
2017460150521,3,9,0,2,0,0,0,0,0,0,1,1,6,2,43,7,1497,8,3,10,2,10
2017460150527,1,9,0,18,0,0,0,0,0,0,1,1,1,1,72,10,-1,-1,-1,-1,-1,-1
2017460150527,2,9,4,18,0,0,0,0,0,0,2,1,1,1,30,6,-1,-1,-1,-1,-1,-1
2017460150547,1,9,0,18,0,0,0,0,0,0,1,1,6,1,65,9,1596,1,11,9,2,9
2017460150547,2,9,0,1,0,0,0,0,0,0,4,1,6,1,47,8,1797,8,2,5,1,5
2017460150569,1,9,0,18,0,0,0,0,1,0,1,1,6,2,55,8,1339,1,3,3,1,3
2017460150569,2,9,0,18,0,0,0,0,0,0,4,1,6,2,42,7,1248,2,9,9,1,9
2017460150605,1,3,0,4,0,0,2,4,0,0,1,1,6,1,20,4,124,1,2,1,1,1
2017460150605,2,9,0,2,0,0,0,0,0,0,1,1,5,2,35,6,1587,1,12,1,1,1
2017460150663,1,9,0,4,0,0,0,0,0,0,0,1,5,2,38,7,1560,2,1,4,1,4
2017460150663,2,9,0,18,0,0,0,0,2,4,1,1,6,1,69,10,1587,1,18,1,1,1
2017460150670,1,9,0,4,0,0,0,0,0,0,1,1,6,2,49,8,2967,2,7,10,1,10
2017460150670,2,9,0,4,0,0,0,0,0,0,2,1,6,1,30,6,2143,2,1,10,1,10
2017460150697,1,11,0,18,0,1,0,0,0,0,1,1,1,1,56,9,7300,2,13,9,1,9
2017460150697,2,9,0,9,0,1,0,0,0,0,2,1,6,1,55,8,1582,2,4,8,1,8
2017460150784,1,9,0,18,0,1,0,0,0,0,1,1,6,3,-1,-1,-1,-1,-1,-1,-1,-1
2017460150784,2,9,0,3,0,1,0,0,0,0,2,1,2,2,25,5,1399,2,9,5,1,5
2017460150805,1,23,0,4,0,4,1,0,0,0,3,1,4,1,16,4,-1,-1,-1,7,3,7
2017460150815,1,11,0,4,0,0,0,0,0,0,4,1,1,1,35,6,4250,2,12,6,1,6
2017460150815,2,9,0,2,0,0,0,0,0,0,3,1,5,1,27,6,1229,1,6,2,1,2
2017460150862,1,9,0,18,0,2,0,0,0,0,4,1,1,2,60,9,-1,-1,-1,3,1,3
2017460150901,1,9,0,18,0,0,1,0,4,0,1,1,6,2,28,6,1599,1,13,1,1,1
2017460150924,1,21,1,18,0,0,0,0,0,0,1,1,1,1,44,7,11967,2,6,9,2,9
2017460150924,2,9,0,15,0,0,0,0,0,0,2,1,6,2,22,5,999,1,1,7,1,7
2017460150965,1,9,0,18,0,1,0,0,0,0,1,1,2,2,29,6,1587,1,12,9,1,9
2017460150965,2,9,0,5,0,1,0,0,0,0,2,1,6,1,60,9,2148,2,12,7,1,7
2017460150969,1,9,0,18,0,8,0,0,0,0,1,1,6,3,-1,-1,-1,-1,-1,-1,-1,-1
2017460150969,2,9,0,18,0,8,0,0,0,0,3,1,3,2,42,7,1598,2,3,4,1,4
2017460150984,1,9,0,18,0,0,0,0,0,0,1,1,6,1,48,8,-1,-1,-1,8,1,8
2017460151019,1,2,0,18,0,0,1,0,0,0,1,1,6,1,16,4,50,1,2,5,1,5
2017460151019,2,2,0,18,0,0,2,0,0,0,2,1,6,1,16,4,49,1,16,-1,-1,-1
2017460151033,1,9,0,3,0,0,0,0,0,0,1,1,6,2,50,8,1798,2,3,7,3,7
2017460151033,2,9,0,3,0,0,0,0,0,0,3,1,6,2,31,6,1598,1,5,10,1,10
2017460151107,1,9,0,3,0,3,0,0,0,0,0,1,6,1,18,4,1686,2,10,7,1,7
2017460151126,1,16,0,3,0,0,0,0,0,0,0,1,6,2,45,7,-1,-1,-1,10,3,10
2017460151126,2,1,0,3,0,0,0,0,0,0,0,1,6,1,48,8,-1,-1,-1,5,1,5
2017460151194,1,9,0,15,0,0,0,4,0,0,2,1,6,2,23,5,1242,1,5,9,1,9
2017460151194,2,9,0,2,0,0,0,0,0,0,0,1,6,2,26,6,2521,1,8,3,1,3
2017460151226,1,9,0,15,0,7,0,0,0,0,1,1,6,3,-1,-1,-1,-1,-1,-1,-1,-1
2017460151226,2,9,0,18,0,7,0,0,0,0,2,1,6,1,24,5,1242,1,2,4,1,4
2017460151233,1,9,0,11,0,0,1,0,0,0,1,1,2,2,35,6,1598,2,1,4,1,4
2017460151233,2,9,0,4,0,0,0,0,0,0,2,1,2,1,64,9,1364,1,10,4,1,4
2017460151274,1,9,0,18,0,0,0,0,0,0,4,1,5,1,22,5,1242,1,12,5,1,5
2017460151274,2,9,0,2,0,0,0,0,0,0,3,1,5,2,-1,-1,2204,2,10,5,1,5
2017460151274,3,9,0,2,0,0,0,0,0,0,2,1,5,1,-1,-1,1997,2,10,5,1,5
2017460151313,1,9,0,18,0,5,0,0,0,0,1,1,3,1,25,5,1896,2,7,6,1,6
2017460151313,2,9,0,18,0,5,0,0,0,0,2,1,6,1,22,5,1968,2,7,10,2,10
2017460151318,1,19,0,16,0,1,1,0,0,0,1,1,2,1,50,8,2402,2,11,-1,-1,-1
2017460151318,2,9,0,18,0,1,0,0,0,0,1,1,2,2,52,8,1685,2,5,9,3,9
2017460151381,1,9,0,18,0,0,1,0,0,0,1,1,5,1,57,9,1988,2,13,2,1,2
2017460151381,2,9,0,3,0,0,0,0,0,0,2,1,5,2,27,6,1995,2,2,10,1,10
2017460151381,3,9,0,3,0,0,0,0,0,0,2,1,5,1,67,10,998,1,11,5,1,5
2017460151397,1,9,0,16,0,0,0,0,0,0,1,1,3,2,32,6,898,1,3,5,1,5
2017460151397,2,9,0,18,0,0,0,0,0,0,1,1,3,1,40,7,2987,2,7,8,1,8
2017460151412,1,9,0,3,0,1,0,0,0,0,1,1,6,1,24,5,1149,1,16,1,1,1
2017460151412,2,5,0,3,0,1,0,0,0,0,4,1,6,1,29,6,599,1,16,1,1,1
2017460151415,1,9,0,18,0,1,0,0,0,0,1,1,6,1,44,7,1870,2,10,3,1,3
2017460151415,2,9,0,18,0,1,0,0,0,0,1,1,6,1,31,6,1124,1,8,2,1,2
2017460151446,1,9,0,18,0,0,0,0,0,0,1,1,6,1,36,7,1390,1,12,5,3,5
2017460151446,2,9,0,3,0,0,0,0,0,0,2,1,2,2,59,9,1968,2,2,3,1,3
2017460151468,1,9,0,18,0,0,0,0,0,0,3,1,6,1,27,6,1753,2,7,1,1,1
2017460151468,2,9,0,18,0,0,0,0,0,0,1,1,6,1,20,4,1397,1,15,4,1,4
2017460151491,1,9,0,18,0,0,0,0,0,0,1,1,6,1,42,7,-1,-1,-1,4,2,4