Accident_Index,Vehicle_Reference,Vehicle_Type,Towing_and_Articulation,Vehicle_Manoeuvre,Vehicle_Location-Restricted_Lane,Junction_Location,Skidding_and_Overturning,Hit_Object_in_Carriageway,Vehicle_Leaving_Carriageway,Hit_Object_off_Carriageway,1st_Point_of_Impact,Was_Vehicle_Left_Hand_Drive?,Journey_Purpose_of_Driver,Sex_of_Driver,Age_of_Driver,Age_Band_of_Driver,Engine_Capacity_(CC),Propulsion_Code,Age_of_Vehicle,Driver_IMD_Decile,Driver_Home_Area_Type,Vehicle_IMD_Decile
2017460151517,1,9,0,18,0,0,0,0,0,0,4,1,6,1,53,8,2170,2,12,5,2,5
2017460151517,2,9,0,3,0,0,0,0,0,0,2,1,6,1,60,9,1596,1,15,4,1,4
2017460151528,1,3,0,3,0,0,0,0,0,0,1,1,6,1,17,4,125,1,1,5,2,5
2017460151528,2,9,0,3,0,0,0,0,0,0,3,1,6,1,38,7,1598,1,4,5,2,5
2017460151633,1,19,0,18,0,0,0,0,0,0,3,1,5,1,37,7,2198,2,2,-1,-1,-1
2017460151633,2,9,0,18,0,0,0,0,0,0,3,1,6,2,37,7,2664,2,19,4,2,4
2017460151642,1,9,0,7,0,0,0,0,0,0,3,1,6,1,39,7,1997,2,11,10,1,10
2017460151642,2,9,0,18,0,0,0,0,0,0,1,1,6,1,24,5,1390,1,11,4,1,4
2017460151649,1,9,0,10,0,1,0,0,0,0,1,1,6,2,40,7,1997,2,3,10,1,10
2017460151649,2,9,0,10,0,1,0,0,0,0,2,1,2,2,19,4,1560,2,4,1,1,1
2017460151679,1,9,0,9,0,1,5,0,0,0,4,1,5,2,34,6,1598,1,5,7,2,7
2017460151679,2,9,0,8,0,8,1,0,0,0,4,1,5,1,59,9,1390,1,16,7,1,7
2017460151680,1,9,0,13,0,0,0,0,0,0,2,1,6,2,38,7,1560,2,4,10,1,10
2017460151680,2,3,0,9,0,0,0,0,0,0,1,1,6,1,22,5,125,1,1,8,1,8
2017460151766,1,9,0,18,0,0,0,0,0,0,1,1,2,2,63,9,1598,1,7,1,1,1
2017460151766,2,2,0,18,0,0,1,0,0,0,2,1,6,1,16,4,49,1,4,4,1,4
2017460151771,1,9,0,18,0,1,0,0,0,0,1,1,6,1,37,7,2171,1,15,6,1,6
2017460151771,2,9,0,9,0,1,0,0,0,0,3,1,6,1,52,8,1596,1,8,8,1,8
2017460151796,1,9,0,18,0,0,0,0,0,0,1,1,6,2,37,7,1956,2,4,6,1,6
2017460151803,1,9,0,18,0,4,1,11,0,0,1,1,1,1,26,6,1991,2,7,8,1,8
2017460151834,1,9,0,18,0,1,0,0,0,0,1,1,1,1,36,7,-1,-1,-1,7,1,7
2017460151834,2,9,0,2,0,1,0,0,0,0,2,1,6,2,37,7,1242,1,6,8,1,8
2017460151846,1,9,0,18,0,1,0,0,0,0,4,1,6,2,26,6,1910,2,9,3,1,3
2017460151846,2,9,0,18,0,1,0,0,0,0,1,1,6,1,37,7,1364,2,9,7,1,7
2017460151861,1,19,0,18,0,4,0,0,0,0,3,1,5,1,37,7,2198,2,4,8,1,8
2017460151861,2,9,0,18,0,3,0,0,0,0,4,1,5,2,36,7,1968,2,5,5,2,5
2017460151883,1,20,0,18,0,0,0,0,0,0,3,1,1,1,62,9,4250,2,8,6,1,6
2017460151891,1,9,0,18,0,0,5,0,0,0,4,1,5,1,31,6,2993,2,10,6,1,6
2017460151898,1,5,0,18,0,0,0,0,0,0,4,1,5,1,52,8,865,1,12,10,3,10
2017460151899,1,9,0,18,9,0,0,10,0,0,1,1,5,3,-1,-1,-1,-1,-1,-1,-1,-1
2017460151906,1,9,0,16,0,1,1,0,0,0,1,1,3,1,19,4,1124,1,13,6,3,6
2017460151906,2,9,0,17,0,2,0,0,0,0,1,1,2,2,34,6,999,1,-1,4,1,4
2017460151906,3,9,0,16,0,1,1,0,0,0,1,1,3,2,34,6,1598,2,3,6,3,6
2017460151923,1,9,0,3,0,1,0,0,0,0,0,1,6,1,47,8,1390,1,15,2,1,2
2017460151923,2,9,0,3,0,1,0,0,0,0,2,1,6,2,59,9,1360,1,14,1,1,1
2017460151948,1,9,0,18,0,1,0,0,0,0,1,1,2,1,32,6,2521,1,10,8,2,8
2017460151948,2,9,0,3,0,1,0,0,0,0,2,1,5,1,31,6,-1,-1,-1,4,1,4
2017460151965,1,9,0,7,0,8,0,0,0,0,2,1,6,1,71,10,1582,2,3,2,1,2
2017460151965,2,9,0,7,0,8,0,0,0,0,1,1,1,1,42,7,1598,2,1,2,1,2
2017460151981,1,9,0,4,0,0,0,0,0,0,1,1,6,2,19,4,1598,2,3,7,1,7
2017460151981,2,9,0,4,0,0,0,0,0,0,2,1,6,2,51,8,2148,2,13,10,1,10
2017460151982,1,9,0,3,0,1,0,0,0,0,3,1,6,1,41,7,1989,1,18,2,1,2
2017460151982,2,9,0,3,0,1,0,0,0,0,1,1,6,1,17,4,998,1,1,9,1,9
2017460152007,1,9,0,18,0,0,0,0,0,0,1,1,6,2,18,4,1124,1,15,10,1,10
2017460152007,2,9,0,18,0,0,0,0,0,0,2,1,6,1,55,8,1968,2,2,-1,-1,-1
2017460152007,3,9,0,18,0,0,0,0,0,0,2,1,6,1,50,8,-1,-1,-1,5,1,5
2017460152007,4,9,0,18,0,0,0,0,0,0,2,1,6,2,31,6,1598,1,9,5,1,5
2017460152007,5,9,0,18,0,0,0,0,0,0,2,1,6,2,66,10,998,1,4,-1,-1,-1
2017460152010,1,9,0,3,0,0,0,0,0,0,1,1,6,1,49,8,2494,1,16,8,1,8
2017460152010,2,9,0,3,0,0,0,0,0,0,4,1,6,1,72,10,2231,2,7,2,1,2
2017460152010,3,9,0,3,0,0,0,0,0,0,1,1,6,1,76,11,1248,1,2,8,1,8
2017460152010,4,9,0,3,0,0,0,0,0,0,1,1,6,1,43,7,-1,-1,-1,4,1,4
2017460152010,5,9,0,3,0,0,0,0,0,0,2,1,6,1,46,8,1797,8,6,3,1,3
2017460152010,6,9,0,3,0,0,0,0,0,0,0,1,6,1,40,7,1598,1,11,4,1,4
2017460152013,1,9,0,18,0,1,0,0,0,0,1,1,6,2,37,7,1360,1,14,3,1,3
2017460152013,2,9,0,4,0,1,0,0,0,0,2,1,6,2,33,6,1240,1,14,6,3,6
2017460152013,3,9,0,2,0,1,0,0,0,0,2,1,6,1,37,7,1398,1,5,1,1,1
2017460152036,1,9,0,7,0,1,0,0,0,0,4,1,6,1,21,5,1242,1,11,7,1,7
2017460152036,2,9,0,18,0,1,0,0,0,0,1,1,6,1,34,6,1997,2,1,4,1,4
2017460152037,1,9,0,18,0,0,0,0,0,0,4,1,6,1,18,4,1242,1,4,10,2,10
2017460152046,1,9,0,18,0,1,0,0,0,0,4,1,6,1,20,4,1997,2,14,5,1,5
2017460152053,1,9,0,18,0,1,0,0,0,0,1,1,6,1,24,5,1596,1,14,3,1,3
2017460152053,2,1,0,9,0,1,0,0,0,0,1,1,1,1,21,5,-1,-1,-1,7,1,7
2017460152059,1,9,0,18,0,1,0,0,0,0,1,1,6,2,34,6,1596,1,3,6,2,6
2017460152061,1,9,0,18,0,0,5,0,0,0,1,1,6,1,25,5,1796,1,9,9,1,9
2017460152062,1,9,0,18,0,0,0,0,0,0,1,1,6,1,34,6,1582,2,6,4,1,4
2017460152062,2,9,0,18,0,0,0,0,0,0,2,1,6,2,47,8,1086,1,9,4,2,4
2017460152064,1,1,0,16,0,0,0,0,1,0,4,1,6,1,42,7,-1,-1,-1,7,3,7
2017460152081,1,9,0,18,0,1,0,0,0,0,1,1,6,2,50,8,1560,2,9,2,3,2
2017460152081,2,1,0,18,0,1,0,0,0,0,1,1,5,1,17,4,-1,-1,-1,6,2,6
2017460152086,1,-1,-1,11,0,0,0,0,0,0,0,1,6,3,37,7,-1,-1,-1,-1,-1,-1
2017460152086,2,9,0,18,0,0,0,0,0,0,2,1,6,1,52,8,1995,2,3,9,1,9
2017460152086,3,9,0,18,0,0,0,0,0,0,1,1,6,1,37,7,1796,1,8,6,3,6
2017460152086,4,9,0,18,0,0,0,0,0,0,1,1,6,1,48,8,1991,2,13,1,2,1
2017460152121,1,9,0,7,0,1,1,0,0,0,3,1,6,1,48,8,1598,1,15,2,2,2
2017460152121,2,9,0,18,0,1,0,0,0,0,1,1,6,1,36,7,1995,2,13,4,1,4
2017460152134,1,9,0,17,0,8,0,0,0,0,1,1,6,1,37,7,1499,2,2,-1,-1,-1
2017460152149,1,9,0,3,0,1,0,0,0,0,0,1,6,2,27,6,1242,1,2,7,1,7
2017460152154,1,9,0,18,0,0,0,0,0,0,1,1,6,1,37,7,1399,2,14,4,3,4
2017460152192,1,9,0,9,0,1,0,0,0,0,1,1,6,2,43,7,1229,1,4,7,1,7
2017460152192,2,2,0,18,0,1,0,0,0,0,1,1,6,1,19,4,49,1,9,7,1,7
2017460152204,1,9,0,18,0,0,0,0,0,0,1,1,5,1,23,5,1229,1,10,3,1,3
2017460152204,2,9,0,4,0,0,0,0,0,0,2,1,5,1,47,8,1398,1,6,3,1,3
2017460152217,1,9,0,18,0,1,0,0,0,0,1,1,6,1,34,6,1896,2,13,5,3,5
2017460152217,2,9,0,4,0,1,0,0,0,0,2,1,6,1,30,6,1390,1,7,4,1,4
2017460152248,1,9,0,18,0,3,1,0,0,0,1,1,6,2,36,7,-1,-1,-1,3,1,3
2017460152250,1,9,0,9,0,1,0,0,0,0,1,1,6,1,75,10,1398,1,2,1,1,1
2017460152250,2,2,0,3,0,1,0,0,0,0,2,1,6,2,59,9,49,1,4,7,1,7
2017460152254,1,3,0,18,0,1,0,0,0,0,1,1,2,1,46,8,124,1,4,6,3,6
2017460152262,1,9,0,7,0,0,0,0,0,0,3,1,6,1,34,6,1596,1,15,3,1,3
2017460152281,1,9,0,18,0,0,1,0,0,0,1,1,2,1,38,7,1781,1,12,2,1,2
2017460152281,2,19,0,18,0,0,0,0,0,0,1,1,2,1,64,9,2402,2,6,7,1,7
2017460152296,1,9,0,3,0,0,0,0,0,0,1,1,6,1,37,7,-1,-1,-1,-1,-1,-1
2017460152296,2,9,0,3,0,0,0,0,0,0,1,1,6,1,34,6,1896,2,14,7,3,7
2017460152339,1,9,0,18,0,1,0,0,0,0,1,1,6,2,57,9,1598,1,7,3,1,3
2017460152357,1,17,0,9,0,1,0,0,0,0,4,1,6,1,63,9,-1,-1,-1,7,3,7
2017460152357,2,9,0,18,0,1,0,0,0,0,1,1,6,2,41,7,1242,1,5,-1,-1,-1
2017460152358,1,9,0,18,0,0,1,0,0,0,1,1,2,2,53,8,-1,-1,-1,7,1,7
2017460152358,2,9,0,18,0,0,0,0,0,0,1,1,2,1,53,8,1997,2,1,2,3,2
2017460152358,3,9,0,18,0,0,1,0,0,0,1,1,2,1,-1,-1,1242,1,11,5,3,5
2017460152361,1,9,0,18,9,0,0,0,0,0,4,1,6,3,-1,-1,-1,-1,-1,-1,-1,-1
2017460152378,1,9,0,18,0,3,1,0,7,2,1,1,6,2,40,7,-1,-1,-1,7,2,7
2017460152403,1,9,0,9,0,5,0,0,0,0,1,1,6,1,22,5,1596,1,9,6,1,6
2017460152403,2,9,0,4,0,5,0,0,0,0,3,1,6,2,52,8,1798,1,11,7,1,7
2017460152406,1,1,0,3,0,0,0,0,0,0,0,1,6,3,-1,-1,-1,-1,-1,-1,-1,-1
2017460152410,1,9,0,16,0,0,0,0,1,0,4,1,6,2,19,4,1299,1,16,1,1,1
2017460152415,1,9,0,18,0,0,0,0,0,0,1,1,2,1,60,9,-1,-1,-1,6,2,6
2017460152496,1,9,0,18,0,0,5,0,1,11,1,1,6,1,24,5,1587,1,14,2,1,2
2017460152532,1,9,0,18,0,0,0,0,0,0,1,1,1,2,54,8,1329,1,1,2,1,2
2017460152532,2,9,0,18,0,0,0,0,0,0,1,1,1,1,63,9,-1,-1,-1,8,1,8
2017460152537,1,9,0,16,0,7,1,0,1,0,3,1,6,1,24,5,1242,1,11,2,1,2
2017460152574,1,3,0,5,0,4,0,0,0,0,4,1,6,1,78,11,125,1,1,4,1,4
2017460152574,2,9,0,5,0,4,0,0,0,0,3,1,6,1,73,10,-1,3,2,5,3,5
2017460152596,1,9,0,18,0,0,5,0,1,0,1,1,1,1,52,8,-1,-1,-1,3,1,3
2017460152612,1,9,0,7,9,0,0,0,0,0,1,1,6,2,64,9,1242,1,2,5,1,5
2017460152617,1,9,0,9,0,0,0,0,0,0,1,1,6,1,39,7,1999,1,10,7,1,7
2017460152617,2,9,0,18,0,0,1,0,0,0,1,1,6,1,19,4,1395,1,3,10,2,10
2017460152642,1,9,0,7,0,8,0,0,0,0,1,1,5,1,38,7,796,1,15,9,1,9
2017460152642,2,9,0,9,0,8,0,0,0,0,3,1,5,2,21,5,1499,1,1,10,1,10
2017460152681,1,9,0,9,0,6,0,0,0,0,1,1,2,2,38,7,996,1,3,7,1,7
2017460152681,2,3,0,18,0,8,0,0,0,0,1,1,6,1,27,6,124,1,5,3,1,3
2017460152692,1,9,0,16,0,0,0,0,0,0,1,1,5,2,-1,-1,1360,1,8,5,1,5
2017460152692,2,9,0,3,0,0,0,0,0,0,2,1,5,2,46,8,1343,1,13,3,1,3
2017460152699,1,9,0,18,0,0,0,0,0,0,1,1,6,2,86,11,-1,-1,-1,6,2,6
2017460152699,2,9,0,10,0,0,0,0,0,0,2,1,1,1,32,6,1560,2,3,-1,-1,-1
2017460152724,1,9,0,18,0,0,5,0,2,10,1,1,5,2,26,6,1242,1,4,9,1,9
2017460152724,2,10,0,18,0,0,0,0,0,0,1,1,5,2,57,9,-1,-1,-1,6,1,6
2017460152727,1,98,0,18,0,1,1,0,0,0,1,1,6,3,37,7,-1,-1,-1,-1,-1,-1
2017460152727,2,9,0,3,0,1,0,0,0,0,2,1,2,1,34,6,1388,1,12,5,1,5
2017460152727,3,9,0,10,0,1,0,0,0,0,2,1,2,1,47,8,2179,2,9,6,1,6
2017460152751,1,9,0,3,0,0,0,0,0,0,3,1,6,1,44,7,-1,-1,-1,6,1,6
2017460152751,2,9,0,2,0,0,0,0,0,0,4,1,1,1,42,7,2993,2,1,3,1,3
2017460152762,1,9,0,18,0,1,0,0,0,0,3,1,2,2,35,6,1229,1,8,6,2,6
2017460152784,1,9,0,17,0,1,0,0,0,0,3,1,1,2,26,6,1598,1,7,6,1,6
2017460152784,2,3,0,18,0,1,0,0,0,0,4,1,1,1,43,7,125,1,6,7,1,7
2017460152795,1,9,0,3,0,4,0,0,0,0,1,1,6,1,67,10,1798,1,10,9,3,9
2017460152795,2,9,0,3,0,4,0,0,0,0,2,1,6,1,51,8,2143,2,-1,6,3,6
2017460152808,1,9,0,3,0,0,0,0,0,0,1,1,6,1,23,5,1596,1,9,1,1,1
2017460152808,2,9,0,3,0,0,0,0,0,0,1,1,6,1,31,6,2148,2,9,1,1,1
2017460152808,3,9,0,3,0,0,0,0,0,0,2,1,6,1,32,6,1995,2,3,1,1,1
2017460152845,1,9,0,3,0,0,0,0,0,0,1,1,6,2,45,7,1497,8,14,2,1,2
2017460152845,2,9,0,3,0,0,0,0,0,0,1,1,6,1,40,7,1229,1,4,6,1,6
2017460152845,3,9,0,3,0,0,0,0,0,0,1,1,6,1,71,10,1339,1,10,8,1,8
2017460152845,4,9,0,3,0,0,0,0,0,0,1,1,6,2,70,10,2199,2,8,3,1,3
2017460152868,1,9,0,18,0,0,2,0,7,0,4,1,6,2,51,8,1995,2,7,6,1,6
2017460152899,1,9,0,9,0,0,0,0,0,0,3,1,6,1,-1,-1,1242,1,15,5,1,5
2017460152911,1,19,0,11,0,5,0,0,0,0,4,1,1,1,27,6,1598,2,1,8,1,8
2017460152911,2,5,0,18,0,8,1,0,0,0,3,1,5,1,25,5,918,1,19,6,1,6
2017460152911,3,9,0,18,0,5,1,0,0,0,1,1,5,2,21,5,1598,2,7,10,1,10
2017460152959,1,9,0,18,0,0,0,0,1,0,1,1,6,2,41,7,1870,2,9,7,1,7
2017460152959,2,9,0,18,0,0,0,0,0,0,2,1,1,1,49,8,2143,2,5,3,1,3
2017460152977,1,9,0,9,0,5,0,0,0,0,1,1,5,1,36,7,1349,1,6,6,1,6
2017460152977,2,1,0,18,0,4,0,0,0,0,3,1,4,1,18,4,-1,-1,-1,8,1,8
2017460152977,3,8,0,3,0,3,0,0,0,0,1,1,1,1,36,7,1998,2,4,3,1,3
2017460152994,1,9,0,18,0,0,1,0,7,0,1,1,6,2,24,5,1242,1,9,6,1,6
2017460152997,1,9,0,18,0,1,1,0,0,0,1,1,6,2,25,5,4951,1,1,5,3,5
2017460152997,2,9,0,18,0,1,0,0,0,0,1,1,6,2,49,8,-1,-1,-1,8,2,8
2017460153003,1,8,0,9,0,1,0,0,0,0,3,1,6,1,44,7,1685,2,1,5,2,5
2017460153003,2,1,0,18,0,1,1,0,0,0,1,1,6,1,37,7,-1,-1,-1,4,3,4
2017460153017,1,9,0,16,0,0,0,0,7,0,1,1,5,1,74,10,1086,1,8,8,1,8
2017460153043,1,3,0,15,0,0,0,0,0,0,1,1,6,1,18,4,125,1,4,2,1,2
2017460153043,2,9,0,15,0,0,0,0,0,0,3,1,6,1,41,7,2204,2,10,-1,-1,-1
2017460153044,1,9,0,18,0,0,5,0,0,0,1,1,6,1,55,8,1242,1,17,5,1,5
2017460153044,2,19,0,18,0,0,0,0,0,0,1,1,6,1,30,6,2198,2,3,5,1,5
2017460153045,1,98,1,12,0,0,0,0,0,0,3,1,1,1,35,6,-1,-1,-1,-1,-1,-1
2017460153045,2,9,0,13,0,0,0,0,0,0,4,1,1,2,54,8,1398,2,15,9,1,9
2017460153056,1,9,0,18,0,7,0,0,2,0,1,1,6,2,37,7,1360,1,16,4,1,4
2017460153056,2,98,1,18,0,2,0,0,0,0,0,1,6,3,-1,-1,-1,-1,-1,-1,-1,-1
2017460153064,1,98,0,18,0,3,0,0,0,0,3,1,6,1,33,6,-1,-1,-1,-1,-1,-1
2017460153064,2,9,0,18,0,3,0,0,0,0,4,1,6,1,25,5,1597,1,17,2,1,2
2017460153072,1,9,0,5,0,0,0,0,0,0,1,1,6,1,39,7,1596,1,5,6,2,6
2017460153077,1,9,0,14,0,0,1,0,0,0,1,1,6,1,21,5,1956,2,6,8,3,8
2017460153077,2,9,0,18,0,0,1,0,0,0,1,1,6,1,84,11,1596,1,6,4,1,4
2017460153077,3,9,0,2,0,0,0,0,0,0,1,1,6,1,71,10,1799,1,21,9,1,9
2017460153079,1,9,0,9,0,0,0,0,0,0,0,1,6,1,35,6,1598,1,19,2,1,2
2017460153079,2,5,0,18,0,0,5,0,0,0,0,1,2,1,41,7,1043,1,3,7,1,7
2017460153112,1,9,0,7,0,4,1,0,0,0,1,1,6,1,25,5,1686,2,15,1,1,1
2017460153112,2,9,0,7,0,4,0,0,0,0,1,1,1,1,32,6,1248,1,3,-1,-1,-1
2017460153113,1,9,0,11,0,3,0,0,0,0,3,1,2,2,46,8,1398,1,4,4,1,4
2017460153113,2,9,0,7,0,4,0,0,0,0,4,1,2,2,44,7,1389,1,20,5,1,5
2017460153125,1,9,0,18,0,0,0,0,0,0,1,1,6,2,26,6,1368,1,7,9,2,9
2017460153127,1,98,0,5,0,1,0,0,0,0,4,1,6,1,35,6,-1,-1,-1,-1,-1,-1
2017460153127,2,2,0,5,0,1,0,0,0,0,3,1,2,1,42,7,49,1,1,2,1,2
2017460153134,1,9,0,16,0,8,0,0,0,0,0,1,3,2,35,6,1796,1,13,3,1,3
2017460153134,2,9,0,17,0,8,0,0,0,0,0,1,3,2,47,8,1896,2,15,5,1,5
2017460153143,1,19,0,16,0,0,1,0,0,0,3,1,1,1,41,7,2148,2,9,1,1,1
2017460153143,2,9,0,17,0,0,1,0,1,0,4,1,1,2,21,5,1390,1,5,3,1,3
2017460153144,1,9,0,18,0,0,0,0,0,0,1,1,6,2,24,5,998,1,23,8,1,8
2017460153144,2,9,0,4,0,0,0,0,0,0,2,1,6,1,53,8,1997,2,8,4,1,4
2017460153148,1,9,0,18,0,1,0,0,0,0,1,1,6,1,25,5,1242,1,12,7,3,7
2017460153148,2,9,0,3,0,1,0,0,0,0,2,1,2,2,32,6,1390,2,15,5,1,5
2017460153149,1,-1,0,3,0,0,0,0,0,0,3,1,6,1,-1,-1,-1,-1,-1,-1,-1,-1
2017460153225,1,19,0,3,0,0,0,0,0,0,1,1,6,1,-1,-1,2402,2,14,-1,-1,-1
2017460153225,2,9,0,3,0,0,0,0,0,0,2,1,6,1,62,9,1910,2,9,-1,-1,-1
2017460153273,1,9,0,3,0,0,0,0,0,0,2,1,6,1,34,6,1422,2,7,3,1,3
2017460153273,2,9,0,3,0,0,0,0,0,0,1,1,6,1,55,8,1998,2,2,4,3,4
2017460153297,1,9,0,18,0,0,0,0,0,0,0,1,6,2,60,9,1995,2,7,-1,-1,-1
2017460153297,2,9,0,18,0,0,1,0,0,0,2,1,6,2,25,5,1199,1,15,6,1,6
2017460153297,3,9,0,18,0,0,0,0,0,0,2,1,6,1,57,9,1596,1,14,3,1,3
2017460153297,4,9,0,18,0,0,0,0,0,0,2,1,6,1,49,8,2982,2,11,10,1,10
2017460153299,1,9,0,3,0,0,0,0,0,0,1,1,6,2,58,9,-1,-1,-1,8,1,8
2017460153299,2,9,0,3,0,0,0,0,0,0,2,1,6,1,39,7,1598,2,5,7,2,7
2017460153303,1,9,0,10,0,8,0,0,0,0,1,1,1,1,-1,-1,-1,-1,-1,-1,-1,-1
2017460153303,2,9,0,9,0,8,0,0,0,0,2,1,1,1,41,7,1560,2,6,1,1,1
2017460153313,1,9,0,4,0,8,0,0,0,0,1,1,2,1,62,9,-1,-1,-1,-1,-1,-1
2017460153313,2,9,0,4,0,8,0,0,0,0,2,1,2,1,39,7,-1,-1,-1,3,1,3
2017460153319,1,9,0,18,0,0,1,0,0,0,1,1,2,1,41,7,1896,2,16,9,2,9
2017460153319,2,9,0,9,0,0,0,0,0,0,2,2,2,2,30,6,1590,1,12,4,3,4
2017460153319,3,9,0,18,0,0,0,0,0,0,1,1,2,2,48,8,998,1,1,9,2,9
2017460153360,1,9,0,4,0,1,0,0,0,0,1,1,1,2,20,4,1242,1,7,2,1,2
2017460153360,2,9,0,10,0,1,0,0,0,0,2,1,1,1,41,7,1998,2,13,3,1,3
2017460153371,1,3,0,18,0,6,0,0,0,0,1,1,6,1,32,6,124,1,10,7,1,7
2017460153371,2,98,0,2,0,6,0,0,0,0,2,1,6,1,33,6,-1,-1,-1,-1,-1,-1
2017460153394,1,9,0,18,0,0,0,0,0,0,1,1,6,2,67,10,1598,1,13,10,2,10
2017460153410,1,9,0,4,0,0,0,0,0,0,1,1,6,2,38,7,1995,2,7,5,3,5
2017460153410,2,9,0,4,0,0,0,0,0,0,2,1,2,1,55,8,-1,-1,-1,1,1,1
2017460153420,1,9,0,4,0,4,1,0,3,0,1,1,6,1,25,5,1499,1,13,9,1,9
2017460153430,1,9,0,9,0,1,0,0,0,0,3,1,6,1,39,7,1997,1,13,3,1,3
2017460153430,2,9,0,18,0,1,1,0,0,0,1,1,6,1,20,4,1149,1,12,9,1,9
2017460153435,1,9,0,18,0,1,0,0,0,0,1,1,6,1,33,6,-1,-1,-1,8,1,8
2017460153435,2,9,0,18,0,1,0,0,0,0,2,1,6,2,60,9,2148,2,12,3,1,3
2017460153438,1,9,0,18,0,0,0,0,0,0,2,1,6,1,36,7,1798,1,10,9,1,9
2017460153438,2,9,0,9,0,0,0,0,0,0,1,1,6,2,25,5,999,1,2,10,1,10
2017460153454,1,9,0,2,0,0,0,0,0,0,1,1,6,2,44,7,1598,1,7,2,1,2
2017460153454,2,1,0,18,0,0,0,0,0,0,3,1,6,1,40,7,-1,-1,-1,-1,-1,-1
2017460153465,1,9,0,18,0,0,5,11,0,0,1,1,6,1,27,6,-1,-1,-1,8,1,8
2017460153515,1,9,0,18,0,0,1,0,0,0,1,1,1,2,55,8,1149,1,13,4,1,4
2017460153528,1,9,0,5,0,8,0,0,0,0,4,1,5,1,71,10,1796,1,5,7,1,7
2017460153528,2,1,0,5,0,1,0,0,0,0,1,1,5,1,51,8,-1,-1,-1,7,1,7
2017460153541,1,9,0,4,0,0,0,11,0,0,3,1,6,2,52,8,1360,1,12,4,1,4
2017460153549,1,9,0,7,0,1,0,0,7,0,3,1,6,1,25,5,1198,1,2,6,1,6
2017460153562,1,9,0,9,0,8,0,0,0,0,1,1,6,2,49,8,1396,1,8,7,1,7
2017460153562,2,3,0,3,0,8,0,0,0,0,1,1,6,1,21,5,124,1,2,10,1,10
2017460153577,1,9,0,5,0,6,0,0,0,0,1,1,1,1,21,5,998,1,4,10,3,10
2017460153577,2,9,0,17,0,1,1,0,0,0,1,1,6,2,37,7,1598,2,1,10,1,10
2017460153577,3,9,0,17,0,1,0,0,0,0,1,1,6,1,63,9,2231,2,6,7,1,7
2017460153640,1,9,0,18,0,2,1,0,1,10,4,1,1,2,37,7,1329,1,8,9,1,9
2017460153670,1,9,0,3,0,0,1,0,0,0,1,1,1,1,54,8,1560,2,3,7,1,7
2017460153670,2,9,0,3,0,0,0,0,0,0,2,1,6,2,36,7,-1,-1,-1,8,2,8
2017460153670,3,9,0,3,0,0,0,0,0,0,2,1,6,1,56,9,1395,1,1,10,3,10
2017460153693,1,9,0,18,0,0,0,0,0,0,2,1,6,1,60,9,1499,2,1,7,1,7
2017460153693,2,9,0,18,0,0,0,0,0,0,1,1,6,1,19,4,1597,1,8,7,1,7
2017460153700,1,9,0,18,0,1,0,0,0,0,3,1,1,2,46,8,1364,1,10,6,1,6
2017460153704,1,9,0,5,0,1,0,0,0,0,4,1,1,1,48,8,1997,2,8,7,1,7
2017460153722,1,9,0,18,0,6,0,0,0,0,1,1,6,1,29,6,1396,1,12,-1,-1,-1
2017460153751,1,1,0,18,0,0,1,0,0,0,1,1,2,1,42,7,-1,-1,-1,6,1,6
2017460153786,1,9,0,18,0,0,0,4,0,0,1,1,1,1,28,6,-1,-1,-1,7,1,7
2017460153786,2,9,0,2,0,0,0,0,0,0,2,1,6,1,-1,-1,1461,2,2,2,1,2
2017460153823,1,9,0,9,0,1,0,0,0,0,1,1,5,2,-1,-1,2429,1,11,8,1,8
2017460153823,2,1,0,18,0,1,1,0,0,0,3,1,2,1,32,6,-1,-1,-1,3,1,3
2017460153824,1,9,0,3,0,1,0,0,0,0,1,1,5,1,21,5,1198,1,3,10,1,10
2017460153824,2,9,0,3,0,1,0,0,0,0,2,1,5,2,33,6,1968,2,9,9,1,9
2017460153858,1,9,0,18,0,0,1,0,0,0,1,1,5,1,40,7,-1,-1,-1,9,1,9
2017460153858,2,9,0,18,0,0,0,0,0,0,2,1,5,2,43,7,1398,1,4,5,1,5
2017460153858,3,9,0,18,0,0,0,0,0,0,2,1,5,1,37,7,-1,-1,-1,2,1,2
2017460153869,1,9,0,18,0,1,0,0,0,0,1,1,6,1,26,6,1995,1,9,4,1,4
2017460153869,2,4,0,9,0,1,0,0,0,0,4,1,6,1,61,9,649,1,1,10,3,10
2017460153872,1,9,0,18,0,0,0,11,4,0,1,1,5,2,31,6,1781,1,16,4,1,4
2017460153912,1,9,0,3,0,0,0,0,0,0,0,1,6,1,39,7,1796,1,18,2,1,2
2017460153917,1,9,0,16,0,0,0,0,0,0,1,1,6,2,19,4,2143,2,6,6,3,6
2017460153929,1,21,0,18,0,0,0,0,0,0,1,1,1,1,49,8,3920,2,11,3,2,3
2017460153929,2,9,0,18,0,0,0,0,0,0,1,1,6,1,33,6,1199,1,16,6,1,6
2017460153975,1,9,0,18,0,1,0,0,0,0,1,1,5,1,30,6,1753,2,13,1,1,1