Accident_Index,Vehicle_Reference,Vehicle_Type,Towing_and_Articulation,Vehicle_Manoeuvre,Vehicle_Location-Restricted_Lane,Junction_Location,Skidding_and_Overturning,Hit_Object_in_Carriageway,Vehicle_Leaving_Carriageway,Hit_Object_off_Carriageway,1st_Point_of_Impact,Was_Vehicle_Left_Hand_Drive?,Journey_Purpose_of_Driver,Sex_of_Driver,Age_of_Driver,Age_Band_of_Driver,Engine_Capacity_(CC),Propulsion_Code,Age_of_Vehicle,Driver_IMD_Decile,Driver_Home_Area_Type,Vehicle_IMD_Decile
2017460153975,2,9,0,7,0,6,0,0,7,0,4,1,5,1,33,6,1388,1,5,7,1,7
2017460154009,1,9,0,3,0,0,0,0,0,0,1,1,6,1,58,9,-1,-1,-1,3,1,3
2017460154009,2,9,0,3,0,0,0,0,0,0,1,1,6,2,27,6,1364,1,7,7,1,7
2017460154009,3,9,0,3,0,0,0,0,0,0,1,1,6,1,33,6,1999,8,1,7,1,7
2017460154009,4,9,0,3,0,0,0,0,0,0,1,1,6,1,31,6,1686,2,6,8,1,8
2017460154009,5,19,0,3,0,0,0,0,0,0,2,1,6,1,29,6,2198,2,8,3,1,3
2017460154088,1,1,0,7,0,2,1,0,0,0,4,1,2,1,58,9,-1,-1,-1,5,1,5
2017460154115,1,9,0,7,0,4,0,0,0,0,4,1,1,1,35,6,1461,2,1,7,1,7
2017460154115,2,9,0,18,0,4,0,0,0,0,3,1,6,1,40,7,1797,8,7,9,1,9
2017460154118,1,9,0,18,0,0,0,0,0,0,4,1,6,3,37,7,-1,-1,-1,-1,-1,-1
2017460154141,1,3,0,12,0,0,0,0,0,0,1,1,4,1,17,4,125,1,13,7,3,7
2017460154141,2,9,0,13,0,0,0,0,0,0,2,1,3,1,33,6,2179,2,5,9,1,9
2017460154142,1,19,0,18,0,0,1,0,1,7,1,1,5,1,22,5,1560,2,2,-1,-1,-1
2017460154162,1,19,0,3,0,0,0,0,0,0,2,1,2,1,19,4,1686,2,11,4,2,4
2017460154162,2,9,0,3,0,0,0,0,0,0,2,1,2,2,37,7,-1,-1,-1,2,1,2
2017460154162,3,9,0,4,0,0,0,0,0,0,1,1,1,1,21,5,1596,1,15,1,1,1
2017460154162,4,9,0,4,0,0,1,0,0,0,1,1,1,1,37,7,-1,-1,-1,3,1,3
2017460154170,1,9,0,18,0,2,0,0,7,0,3,1,6,2,64,9,1598,1,7,8,1,8
2017460154170,2,9,0,18,0,2,0,0,7,0,3,1,6,2,46,8,1910,2,7,4,2,4
2017460154170,3,9,0,2,0,1,0,0,0,0,1,1,6,3,-1,-1,-1,-1,-1,-1,-1,-1
2017460154285,1,19,0,18,0,0,0,0,0,0,1,1,5,1,27,6,1598,2,2,4,1,4
2017460154285,2,9,0,18,0,0,0,0,0,0,2,1,5,2,34,6,1995,2,8,4,1,4
2017460154442,1,9,0,18,0,0,0,0,1,0,4,1,6,1,52,8,1796,1,16,2,1,2
2017460154462,1,9,0,16,0,0,5,10,2,2,1,1,6,1,37,7,3189,1,11,4,1,4
2017460154487,1,9,0,18,0,0,0,0,0,0,1,1,6,1,-1,-1,1896,2,15,-1,-1,-1
2017460154487,2,9,0,18,0,0,0,0,0,0,2,1,1,2,33,6,1560,2,8,6,1,6
2017460154513,1,9,0,13,0,0,1,0,0,0,1,1,6,1,53,8,2490,1,13,1,1,1
2017460154513,2,9,0,18,0,0,1,0,6,0,2,1,6,1,58,9,1984,1,9,5,1,5
2017460154517,1,3,0,4,0,0,5,0,0,0,3,1,6,1,22,5,124,1,2,5,1,5
2017460154517,2,9,0,4,0,0,0,0,0,0,0,1,6,3,37,7,-1,-1,-1,-1,-1,-1
2017460154520,1,9,0,5,0,2,0,11,0,0,1,1,6,2,18,4,1229,1,12,5,3,5
2017460154520,2,9,0,18,0,1,0,11,0,0,4,1,2,1,58,9,1229,1,2,5,3,5
2017460154533,1,9,0,18,0,8,0,0,0,0,1,1,6,1,38,7,2495,2,13,7,2,7
2017460154533,2,1,0,18,0,8,0,0,0,0,0,1,6,1,34,6,-1,-1,-1,3,1,3
2017460154537,1,9,0,7,0,6,0,0,0,0,3,1,2,1,25,5,1229,1,4,2,1,2
2017460154537,2,2,0,18,0,1,0,0,0,0,1,1,6,1,22,5,100,1,13,-1,-1,-1
2017460154573,1,19,0,9,0,6,0,0,0,0,1,1,1,1,20,4,2151,2,14,2,1,2
2017460154573,2,9,0,18,0,8,0,0,0,0,4,1,2,1,25,5,1956,2,3,5,1,5
2017460154573,3,19,0,2,0,8,0,0,0,0,2,1,6,1,26,6,2198,2,1,-1,-1,-1
2017460154581,1,9,0,18,0,0,1,10,2,0,1,1,6,1,35,6,1388,1,12,7,1,7
2017460154581,2,9,0,18,0,0,0,0,0,0,0,1,6,3,-1,-1,-1,-1,-1,-1,-1,-1
2017460154595,1,8,0,18,0,0,0,0,0,0,1,1,1,1,37,7,1995,2,4,8,1,8
2017460154595,2,9,0,2,0,0,0,0,0,0,2,1,6,2,37,7,1596,1,6,3,1,3
2017460154635,1,98,1,9,0,8,4,0,0,0,4,1,1,1,51,8,-1,-1,-1,-1,-1,-1
2017460154647,1,9,0,4,0,1,0,0,0,0,1,1,6,1,25,5,1995,1,11,6,1,6
2017460154647,2,9,0,18,0,1,0,0,0,0,2,1,6,2,74,10,1499,1,3,1,1,1
2017460154651,1,3,0,18,0,0,1,0,0,0,0,1,2,1,26,6,125,1,1,2,1,2
2017460154657,1,20,0,12,0,0,0,2,0,0,1,1,1,1,54,8,-1,-1,-1,-1,-1,-1
2017460154701,1,9,0,18,0,1,1,0,0,0,1,1,1,1,65,9,-1,-1,-1,4,1,4
2017460154701,2,9,0,3,0,1,0,0,0,0,2,1,6,2,34,6,3200,2,10,2,1,2
2017460154720,1,9,0,6,0,2,0,0,0,0,3,1,1,1,33,6,1991,2,7,10,1,10
2017460154720,2,3,0,13,0,2,0,0,0,0,1,1,5,1,19,4,124,1,1,7,1,7
2017460154748,1,9,0,9,0,1,0,0,7,0,1,1,2,2,42,7,1198,1,13,5,1,5
2017460154748,2,3,0,12,0,1,0,0,0,0,4,1,2,1,17,4,124,1,2,1,1,1
2017460154750,1,11,0,18,0,0,0,0,0,0,0,1,1,1,39,7,-1,-1,-1,6,3,6
2017460154777,1,9,0,3,0,0,0,0,0,0,0,1,6,1,18,4,1360,1,12,4,1,4
2017460154806,1,90,0,18,0,0,0,0,0,0,1,1,1,1,-1,-1,7200,2,11,5,3,5
2017460154806,2,9,0,18,0,0,0,0,0,0,2,1,1,2,-1,-1,1198,1,1,7,1,7
2017460154930,1,19,0,1,0,8,0,0,0,0,4,1,1,1,57,9,1560,2,2,4,1,4
2017460154930,2,19,0,9,0,8,0,0,0,0,3,1,6,1,69,10,1753,2,6,2,1,2
2017460154936,1,98,0,4,0,5,1,0,0,0,1,1,1,1,24,5,-1,-1,-1,-1,-1,-1
2017460154936,2,9,0,3,6,5,0,0,1,0,2,1,6,1,35,6,1399,1,1,4,1,4
2017460154959,1,9,0,18,0,1,0,0,0,0,1,1,6,2,42,7,1229,1,5,2,1,2
2017460154959,2,9,0,3,0,1,0,0,0,0,2,1,6,2,27,6,1399,2,7,2,1,2
2017460154996,1,9,0,18,0,1,0,0,0,0,1,1,6,2,33,6,1206,1,7,7,1,7
2017460154996,2,9,0,3,0,2,0,0,0,0,1,1,6,1,50,8,1388,1,15,6,1,6
2017460155009,1,9,0,5,0,0,0,0,0,0,3,1,6,2,25,5,1364,1,12,7,1,7
2017460155078,1,9,0,18,0,0,1,0,0,0,1,1,2,1,59,9,1596,1,7,2,1,2
2017460155078,2,98,1,3,0,0,0,0,0,0,2,2,1,1,50,8,-1,-1,-1,-1,-1,-1
2017460155096,1,98,1,18,0,0,0,0,0,0,1,1,6,1,57,9,-1,-1,-1,-1,-1,-1
2017460155096,2,9,0,18,0,0,1,0,0,0,4,1,6,1,57,9,998,1,8,1,1,1
2017460155096,3,9,0,18,0,0,0,0,0,0,3,1,6,2,24,5,1598,2,11,9,1,9
2017460155098,1,1,0,18,0,0,0,0,0,0,0,1,6,1,15,3,-1,-1,-1,3,1,3
2017460155098,2,3,0,18,0,0,1,0,0,0,0,1,6,1,67,10,124,1,8,1,1,1
2017460155143,1,9,0,18,0,0,0,0,0,0,0,1,6,1,22,5,1496,2,1,5,1,5
2017460155149,1,9,0,17,0,0,0,0,0,0,1,1,6,1,52,8,1560,2,9,5,1,5
2017460155149,2,1,0,18,0,0,0,0,0,0,2,1,6,2,14,3,-1,-1,-1,3,1,3
2017460155168,1,9,0,7,0,1,0,0,0,0,1,1,6,3,37,7,1124,1,12,-1,-1,-1
2017460155168,2,9,0,18,0,1,0,0,0,0,1,1,6,2,75,10,1461,2,7,6,3,6
2017460155168,3,9,0,4,0,1,0,0,0,0,0,1,1,2,37,7,1422,2,10,7,1,7
2017460155169,1,9,0,18,0,0,0,0,0,0,1,1,3,2,34,6,2993,2,5,2,1,2
2017460155193,1,19,0,3,0,1,0,0,0,0,1,1,1,1,29,6,2143,2,5,2,1,2
2017460155193,2,9,0,4,0,1,0,0,0,0,2,1,2,2,71,10,1598,1,6,6,3,6
2017460155193,3,9,0,4,0,1,0,0,0,0,2,1,2,1,49,8,2488,1,13,5,2,5
2017460155193,4,19,0,4,0,1,0,0,0,0,2,1,1,1,46,8,1968,2,4,8,1,8
2017460155221,1,9,0,4,0,0,0,0,0,0,0,1,6,3,-1,-1,-1,-1,-1,-1,-1,-1
2017460155221,2,9,0,18,0,0,1,0,1,0,2,1,6,1,27,6,1242,1,13,4,1,4
2017460155258,1,9,0,3,0,0,0,0,0,0,1,1,6,1,23,5,1391,1,15,6,3,6
2017460155292,1,9,0,9,0,2,0,0,1,0,4,1,6,1,22,5,1242,1,16,6,1,6
2017460155292,2,9,0,18,0,8,0,0,0,0,1,1,6,1,36,7,1086,1,7,6,1,6
2017460155303,1,9,0,18,0,1,0,0,0,0,0,1,6,2,21,5,1248,2,11,2,1,2
2017460155303,2,9,0,4,0,1,0,0,0,0,3,1,1,2,42,7,1596,1,15,4,1,4
2017460155306,1,9,0,18,0,0,0,0,0,0,1,1,1,2,29,6,1229,1,3,7,1,7
2017460155306,2,9,0,4,0,0,0,0,0,0,2,1,1,2,41,7,1999,2,1,8,1,8
2017460155314,1,1,0,18,0,0,0,0,0,0,1,1,6,1,19,4,-1,-1,-1,4,3,4
2017460155323,1,19,0,18,0,0,0,0,0,0,1,1,6,1,35,6,1997,2,8,4,1,4
2017460155323,2,9,0,18,0,0,0,0,0,0,2,1,6,1,28,6,1388,1,5,7,1,7
2017460155349,1,9,0,9,0,0,0,0,0,0,3,1,3,2,52,8,1328,1,5,7,2,7
2017460155349,2,3,0,18,0,0,2,0,0,0,1,1,2,1,37,7,124,1,8,5,1,5
2017460155362,1,3,0,18,0,1,0,0,0,0,0,1,5,2,21,5,125,1,2,4,1,4
2017460155367,1,19,0,18,0,0,1,0,0,0,1,1,5,1,-1,-1,1867,2,16,-1,-1,-1
2017460155367,2,9,0,18,0,0,0,0,0,0,1,1,5,2,22,5,2000,2,10,6,1,6
2017460155390,1,9,0,18,0,0,0,0,0,0,1,1,6,1,59,9,1240,1,14,8,1,8
2017460155390,2,9,0,18,0,0,0,0,0,0,2,1,6,2,61,9,2354,1,13,4,1,4
2017460155396,1,9,0,18,0,1,0,0,0,0,1,1,6,1,32,6,-1,-1,-1,4,1,4
2017460155396,2,9,0,4,0,1,0,0,0,0,2,1,6,2,40,7,1995,2,7,3,1,3
2017460155396,3,9,0,9,0,1,0,0,0,0,1,1,6,1,39,7,2099,1,14,7,1,7
2017460155402,1,9,0,9,0,1,0,0,0,0,4,1,2,1,22,5,1598,1,8,7,1,7
2017460155402,2,9,0,16,0,1,0,0,0,0,1,1,2,2,54,8,999,1,2,8,3,8
2017460155413,1,19,4,12,0,0,0,0,0,0,3,1,6,1,44,7,2198,2,1,8,1,8
2017460155413,2,3,0,18,0,0,5,0,0,0,4,1,6,1,22,5,124,1,10,6,1,6
2017460155430,1,9,0,5,0,6,0,0,0,0,1,1,6,2,21,5,1229,1,6,3,1,3
2017460155430,2,9,0,18,0,2,0,0,0,0,1,1,2,2,37,7,1997,2,16,10,1,10
2017460155432,1,9,0,7,0,1,0,0,0,0,4,1,6,2,27,6,2143,2,2,10,1,10
2017460155432,2,9,0,18,0,1,0,0,0,0,3,1,1,1,45,7,-1,-1,-1,5,1,5
2017460155438,1,9,0,13,0,0,1,0,0,0,1,1,6,1,23,5,1984,1,10,8,3,8
2017460155438,2,9,0,18,0,0,0,0,0,0,2,1,6,1,17,4,1240,1,14,6,2,6
2017460155438,3,9,0,2,8,0,0,0,0,0,3,1,6,3,-1,-1,-1,-1,-1,-1,-1,-1
2017460155438,4,9,0,2,0,0,0,0,0,0,0,1,6,3,-1,-1,-1,-1,-1,-1,-1,-1
2017460155438,5,9,0,2,6,0,0,0,0,0,0,1,6,3,-1,-1,-1,-1,-1,-1,-1,-1
2017460155438,6,9,0,18,0,0,0,0,0,0,0,1,6,1,32,6,1598,2,5,10,1,10
2017460155448,1,9,0,1,0,0,0,0,0,0,0,1,6,1,49,8,1995,2,3,10,1,10
2017460155449,1,9,0,18,0,1,0,0,0,0,1,1,6,2,62,9,2597,1,16,10,1,10
2017460155449,2,9,0,18,0,1,0,0,0,0,3,1,6,2,44,7,1198,1,3,-1,-1,-1
2017460155450,1,9,0,18,0,1,0,0,0,0,1,1,6,3,37,7,-1,-1,-1,-1,-1,-1
2017460155450,2,9,0,3,0,1,0,0,0,0,2,1,2,2,62,9,1329,1,1,1,1,1
2017460155452,1,98,1,12,0,1,0,0,0,0,1,2,1,1,33,6,-1,-1,-1,-1,-1,-1
2017460155452,2,9,0,18,0,1,2,7,8,6,4,1,5,1,23,5,1995,2,5,5,1,5
2017460155471,1,9,0,18,0,1,0,0,0,0,1,1,6,1,92,11,1229,1,10,7,3,7
2017460155471,2,9,0,4,0,1,0,0,0,0,2,1,6,2,43,7,999,1,3,7,3,7
2017460155471,3,9,0,4,0,1,0,0,0,0,2,1,6,1,53,8,996,1,8,2,1,2
2017460155475,1,4,0,4,0,0,2,0,0,0,1,1,6,1,23,5,399,1,29,7,2,7
2017460155475,2,9,0,2,0,0,0,0,0,0,1,1,5,1,17,4,1242,1,8,8,3,8
2017460155485,1,9,0,18,0,1,0,0,0,0,1,1,6,1,22,5,1360,1,13,8,1,8
2017460155485,2,20,0,18,0,1,0,0,0,0,4,1,1,1,52,8,-1,-1,-1,9,1,9
2017460155487,1,98,0,9,0,4,0,0,0,0,1,1,1,1,49,8,-1,-1,-1,-1,-1,-1
2017460155487,2,9,0,18,0,4,0,0,0,0,4,1,5,1,35,6,1598,1,4,4,1,4
2017460155493,1,3,0,9,0,0,5,0,0,0,1,1,5,1,-1,-1,125,1,6,-1,-1,-1
2017460155493,2,9,0,2,0,0,0,0,0,0,3,1,5,1,-1,-1,-1,-1,-1,5,1,5
2017460155493,3,9,0,2,0,0,0,0,0,0,2,1,5,2,-1,-1,1349,1,7,5,1,5
2017460155493,4,9,0,2,0,0,0,0,0,0,2,1,5,1,-1,-1,1560,2,7,5,1,5
2017460155496,1,9,0,9,0,6,0,0,0,0,3,1,6,2,82,11,998,1,5,8,1,8
2017460155507,1,9,0,3,0,0,0,0,0,0,1,1,6,1,32,6,3239,1,20,1,1,1
2017460155507,2,9,0,2,0,0,0,0,0,0,1,1,6,1,23,5,1360,1,10,1,1,1
2017460155507,3,9,0,2,0,0,0,0,0,0,1,1,6,1,57,9,1229,1,11,1,1,1
2017460155507,4,9,0,2,0,0,0,0,0,0,1,1,6,1,37,7,1339,1,10,1,1,1
2017460155507,5,9,0,2,0,0,0,0,0,0,1,1,6,1,52,8,1896,2,13,1,1,1
2017460155517,1,1,0,18,0,0,0,0,0,0,0,1,6,1,24,5,-1,-1,-1,5,1,5
2017460155563,1,9,0,3,0,0,0,0,0,0,1,1,6,1,26,6,2993,2,1,4,1,4
2017460155563,2,9,0,3,0,0,0,0,0,0,2,1,6,1,58,9,1968,2,1,-1,-1,-1
2017460155571,1,9,0,18,0,0,0,0,0,0,0,1,6,1,27,6,1560,2,9,2,1,2
2017460155576,1,9,0,5,0,0,0,0,0,0,1,1,6,1,33,6,1968,2,3,1,3,1
2017460155580,1,9,0,18,0,6,0,0,0,0,1,1,5,1,24,5,1300,1,18,6,2,6
2017460155580,2,9,0,18,0,1,0,0,0,0,4,1,2,2,49,8,998,1,2,9,1,9
2017460155580,3,9,0,2,0,1,0,0,0,0,3,1,5,2,32,6,899,1,4,3,1,3
2017460155604,1,9,0,14,0,0,0,0,0,0,1,1,2,1,23,5,-1,-1,-1,10,2,10
2017460155604,2,9,0,4,0,0,0,0,0,0,2,1,2,2,35,6,998,1,1,2,1,2
2017460155604,3,9,0,5,0,0,0,0,0,0,3,1,6,2,42,7,998,1,6,7,3,7
2017460155610,1,9,0,18,0,8,0,0,0,0,1,1,6,1,76,11,1560,2,5,7,1,7
2017460155615,1,9,0,3,0,0,0,0,0,0,0,1,6,1,66,10,2188,2,15,10,1,10
2017460155615,2,1,0,3,0,0,0,0,0,0,1,1,6,1,31,6,-1,-1,-1,9,1,9
2017460155634,1,9,0,5,0,8,0,0,0,0,1,1,5,1,26,6,1598,1,11,6,1,6
2017460155634,2,5,0,13,0,8,0,0,0,0,4,1,2,1,55,8,1043,1,2,7,1,7
2017460155640,1,17,0,3,0,0,0,0,0,0,3,1,6,1,44,7,-1,-1,-1,-1,-1,-1
2017460155640,2,9,0,3,0,0,0,0,0,0,4,1,6,1,47,8,2979,1,14,3,1,3
2017460155680,1,-1,-1,18,0,0,0,0,0,0,4,1,6,3,37,7,-1,-1,-1,-1,-1,-1
2017460155714,1,9,0,9,0,6,0,0,0,0,3,1,6,2,78,11,1998,2,13,5,3,5
2017460155714,2,1,0,18,0,8,0,0,0,0,1,1,2,1,42,7,-1,-1,-1,7,2,7
2017460155722,1,8,0,7,0,1,0,0,0,0,4,1,5,1,37,7,-1,-1,-1,-1,-1,-1
2017460155790,1,9,0,17,0,0,0,0,0,0,1,1,5,1,21,5,-1,-1,-1,-1,-1,-1
2017460155790,2,9,0,2,9,0,0,0,0,0,0,1,6,2,37,7,1997,2,9,-1,-1,-1
2017460155805,1,20,1,12,0,0,0,0,0,0,1,1,1,1,45,7,-1,-1,-1,-1,-1,-1
2017460155805,2,9,0,18,0,0,1,0,0,0,4,1,1,2,46,8,1598,2,2,2,1,2
2017460155815,1,9,0,18,9,4,5,9,1,0,0,1,2,1,29,6,999,1,15,9,1,9
2017460155855,1,98,4,18,0,2,5,0,1,0,0,1,6,1,40,7,-1,-1,-1,-1,-1,-1
2017460155890,1,9,0,18,0,1,5,0,0,0,0,1,2,1,30,6,1582,2,6,6,1,6
2017460155930,1,90,0,18,0,0,0,0,0,0,0,1,6,3,-1,-1,-1,-1,-1,-1,-1,-1
2017460155930,2,9,0,18,0,0,0,0,0,0,1,1,5,1,52,8,2993,2,3,8,3,8
2017460155930,3,19,0,2,0,0,0,0,7,0,1,1,1,1,40,7,1968,2,1,6,2,6
2017460155939,1,9,0,16,0,2,0,0,1,0,3,1,3,1,26,6,-1,-1,-1,9,1,9
2017460155939,2,9,0,17,0,2,0,0,0,0,3,1,1,1,69,10,-1,-1,-1,7,1,7
2017460155970,1,9,0,18,0,0,0,0,1,0,4,1,6,3,35,6,1108,1,17,-1,-1,-1
2017460155974,1,9,0,18,0,0,0,11,4,6,1,1,5,1,50,8,-1,-1,-1,2,1,2
2017460155989,1,90,0,5,0,0,0,0,0,0,1,1,1,1,57,9,-1,-1,-1,8,3,8
2017460156002,1,9,0,3,0,0,0,0,0,0,4,1,6,1,79,11,1298,1,14,4,3,4
2017460156002,2,9,0,3,0,0,0,0,0,0,4,1,6,1,61,9,2184,2,12,6,1,6
2017460156020,1,9,0,5,0,8,0,0,0,0,4,1,6,1,25,5,1242,1,13,6,1,6
2017460156020,2,5,0,18,0,8,0,0,0,0,1,1,6,1,28,6,600,1,4,-1,-1,-1
2017460156026,1,9,0,18,0,1,0,0,0,0,0,1,5,2,50,8,999,1,3,9,1,9
2017460156026,2,1,0,9,0,6,1,0,0,0,0,1,6,1,37,7,-1,-1,-1,9,1,9
2017460156029,1,9,0,16,0,1,1,0,3,0,1,1,6,1,21,5,1781,1,15,8,1,8
2017460156034,1,9,0,10,0,1,0,0,0,0,1,1,6,1,68,10,1753,2,18,5,2,5
2017460156034,2,9,0,18,0,1,0,0,0,0,1,1,6,1,62,9,-1,-1,-1,8,3,8
2017460156041,1,9,0,18,0,0,0,0,0,0,1,1,1,1,29,6,1910,2,13,7,1,7
2017460156041,2,9,0,4,0,0,0,0,0,0,2,1,1,1,38,7,1598,1,10,5,1,5
2017460156042,1,1,0,18,0,1,5,0,0,0,1,1,6,1,12,3,-1,-1,-1,1,1,1
2017460156042,2,9,0,18,0,8,0,0,0,0,1,1,6,1,42,7,1598,1,12,1,1,1
2017460156062,1,9,0,9,0,1,0,0,0,0,1,1,6,1,49,8,1596,1,14,2,1,2
2017460156075,1,9,0,9,0,1,0,0,0,0,1,1,6,1,44,7,1499,8,-1,8,3,8
2017460156075,2,9,0,18,0,1,0,0,0,0,2,1,6,2,43,7,2198,2,2,7,3,7
2017460156082,1,98,1,7,0,3,0,0,0,0,1,1,1,1,55,8,-1,-1,-1,-1,-1,-1
2017460156082,2,9,0,18,0,3,0,0,4,0,4,1,6,1,-1,-1,1995,2,8,4,3,4
2017460156094,1,9,0,18,8,0,5,0,1,10,0,1,6,1,19,4,1198,1,10,10,1,10
2017460156095,1,9,0,9,0,8,0,0,0,0,1,1,6,2,17,4,1242,1,8,9,1,9
2017460156095,2,9,0,18,0,8,0,0,0,0,1,1,6,2,61,9,1587,1,17,3,1,3
2017460156108,1,19,0,4,0,0,0,0,0,0,1,1,1,1,25,5,2494,2,8,3,1,3
2017460156108,2,9,0,4,0,0,0,0,0,0,2,1,2,1,35,6,1560,2,2,6,1,6
2017460156117,1,19,0,5,0,0,0,0,0,0,1,1,1,1,23,5,2402,2,14,5,1,5
2017460156117,2,9,0,18,0,0,0,0,0,0,4,1,1,2,54,8,1997,2,8,3,1,3
2017460156118,1,9,0,10,0,1,0,0,0,0,4,1,6,1,37,7,647,8,1,5,3,5
2017460156118,2,1,0,10,0,1,0,0,0,0,1,1,6,1,33,6,-1,-1,-1,1,1,1
2017460156137,1,9,0,14,0,1,5,0,7,4,1,1,6,1,19,4,1461,2,-1,6,3,6
2017460156137,2,9,0,10,0,1,0,0,0,0,3,1,6,2,70,10,999,1,5,7,3,7
2017460156142,1,9,0,18,0,0,0,0,0,0,1,1,6,1,20,4,1596,1,12,9,1,9
2017460156142,2,9,0,18,0,0,0,0,0,0,2,1,6,2,-1,-1,1995,2,2,3,1,3
2017460156142,3,9,0,18,0,0,0,0,0,0,2,1,6,1,42,7,1198,1,8,1,1,1
2017460156142,4,9,0,18,0,0,0,0,0,0,2,1,6,1,28,6,1499,1,2,5,1,5
2017460156144,1,9,0,18,0,0,0,0,0,0,1,1,5,2,74,10,1364,1,9,2,3,2
2017460156159,1,9,0,9,0,1,0,0,0,0,4,1,6,2,28,6,1596,1,15,8,1,8
2017460156159,2,1,0,18,0,1,1,0,0,0,1,1,6,1,51,8,-1,-1,-1,9,1,9
2017460156202,1,5,0,18,0,8,1,0,1,0,1,1,6,1,43,7,1340,1,8,2,1,2
2017460156221,1,1,0,18,0,0,1,0,0,0,1,1,5,1,60,9,-1,-1,-1,7,3,7
2017460156228,1,9,0,18,0,0,1,10,2,10,4,1,2,1,19,4,1360,1,11,5,2,5
2017460156261,1,19,0,18,0,0,5,0,7,0,2,1,1,2,53,8,1560,2,8,5,2,5
2017460156278,1,9,0,18,0,1,0,0,0,0,1,1,1,1,47,8,2143,2,1,-1,1,-1
2017460156278,2,9,0,4,0,1,0,0,0,0,2,1,1,1,54,8,1968,2,4,8,3,8
2017460156281,1,9,0,9,0,0,0,0,0,0,1,1,6,2,44,7,1242,1,6,4,2,4
2017460156281,2,5,0,18,0,0,0,0,0,0,4,1,6,1,61,9,582,1,9,4,2,4
2017460156297,1,9,0,8,0,1,0,0,3,0,3,1,6,1,81,11,1396,1,15,9,1,9
2017460156297,2,9,0,9,0,1,0,0,0,0,4,1,1,1,33,6,1968,2,6,8,1,8
2017460156301,1,19,0,4,0,0,1,0,5,0,1,1,1,1,28,6,1560,2,8,8,1,8
2017460156301,2,21,1,4,0,0,0,0,0,0,2,1,1,2,41,7,12777,2,5,5,1,5
2017460156301,3,98,1,4,0,0,0,0,0,0,2,1,1,1,42,7,-1,-1,-1,-1,-1,-1
2017460156310,1,9,0,9,0,6,0,0,0,0,1,1,6,2,56,9,1910,2,7,9,2,9
2017460156310,2,1,0,14,0,1,0,0,0,0,1,1,6,1,28,6,-1,-1,-1,-1,-1,-1
2017460156318,1,98,0,18,0,0,0,0,0,0,1,1,6,1,21,5,-1,-1,-1,9,2,9
2017460156484,1,9,0,18,0,0,0,0,0,0,1,1,6,1,31,6,1398,1,2,8,3,8
2017460156484,2,9,0,4,0,0,0,0,0,0,2,1,6,2,22,5,1399,1,9,4,1,4
2017460156484,3,9,0,4,0,0,0,0,0,0,2,1,6,2,59,9,2967,2,6,6,3,6
2017460156511,1,9,0,18,0,1,5,0,3,0,4,1,6,1,38,7,1124,1,17,9,1,9
2017460156550,1,9,0,18,0,8,0,0,1,11,1,1,6,1,23,5,1198,1,7,5,2,5
2017460156550,2,9,0,9,0,8,0,0,0,0,4,1,6,2,50,8,1989,1,18,8,1,8
2017460156605,1,9,0,1,0,0,0,0,0,0,2,1,6,1,47,8,1598,1,4,9,1,9
2017460156623,1,19,5,5,0,0,0,0,0,0,1,1,2,1,18,4,3198,2,1,5,3,5
2017460156623,2,3,0,18,0,0,1,0,0,0,1,1,2,1,35,6,125,1,2,-1,-1,-1
2017460156642,1,9,0,18,0,1,0,0,0,0,1,1,6,1,-1,-1,2495,2,16,5,1,5
2017460156642,2,9,0,4,0,1,0,0,0,0,1,1,6,2,25,5,1598,1,12,3,2,3
2017460156642,3,9,0,4,0,1,0,0,0,0,0,1,6,3,-1,-1,-1,-1,-1,-1,-1,-1
2017460156673,1,9,0,18,0,1,0,0,1,0,1,1,6,2,19,4,1240,1,12,4,3,4
2017460156673,2,9,0,18,0,1,0,0,0,0,1,1,6,2,53,8,1598,1,10,5,1,5
2017460156673,3,9,0,2,0,1,0,0,0,0,4,1,6,3,-1,-1,1248,1,4,-1,-1,-1
2017460156682,1,1,0,18,9,0,1,0,0,0,1,1,4,1,11,3,-1,-1,-1,2,1,2
2017460156682,2,9,0,8,0,0,0,0,0,0,1,1,6,1,56,9,-1,-1,-1,-1,-1,-1
2017460156688,1,9,0,18,0,1,0,0,0,0,3,1,6,1,33,6,1397,1,9,4,1,4
2017460156688,2,9,0,18,0,1,1,0,0,0,4,1,1,2,21,5,999,1,1,5,1,5
2017460156694,1,9,0,18,0,2,0,0,0,0,0,1,6,1,27,6,1598,1,14,-1,-1,-1
2017460156698,1,9,0,6,0,1,0,0,0,0,2,1,5,1,53,8,-1,-1,-1,-1,-1,-1
2017460156698,2,98,0,5,0,1,0,0,0,0,1,1,1,1,39,7,-1,-1,-1,8,1,8
2017460156702,1,9,0,2,0,0,0,0,0,0,2,1,5,1,26,6,1497,8,12,1,1,1
2017460156702,2,9,0,5,0,0,0,0,0,0,1,1,5,1,27,6,-1,-1,-1,5,1,5
2017460156725,1,9,0,9,0,1,0,0,0,0,3,1,6,2,28,6,998,1,10,-1,-1,-1
2017460156725,2,4,0,13,0,1,0,0,0,0,1,1,6,1,25,5,349,1,7,3,1,3
2017460156833,1,22,0,18,9,0,0,0,0,0,1,1,6,1,75,10,-1,-1,-1,7,1,7