Accident_Index,Vehicle_Reference,Vehicle_Type,Towing_and_Articulation,Vehicle_Manoeuvre,Vehicle_Location-Restricted_Lane,Junction_Location,Skidding_and_Overturning,Hit_Object_in_Carriageway,Vehicle_Leaving_Carriageway,Hit_Object_off_Carriageway,1st_Point_of_Impact,Was_Vehicle_Left_Hand_Drive?,Journey_Purpose_of_Driver,Sex_of_Driver,Age_of_Driver,Age_Band_of_Driver,Engine_Capacity_(CC),Propulsion_Code,Age_of_Vehicle,Driver_IMD_Decile,Driver_Home_Area_Type,Vehicle_IMD_Decile
2017460160532,1,9,0,9,0,2,0,0,8,0,1,1,3,2,70,10,1999,1,13,7,1,7
2017460160532,2,3,0,18,0,8,0,0,0,0,4,1,6,1,29,6,124,1,2,1,1,1
2017460160589,1,9,0,3,0,1,0,0,0,0,1,1,6,1,32,6,1396,1,17,3,1,3
2017460160589,2,9,0,2,0,1,0,0,0,0,2,1,6,1,27,6,-1,-1,-1,4,1,4
2017460160615,1,1,0,18,0,1,0,0,0,0,1,1,6,1,32,6,-1,-1,-1,1,1,1
2017460160615,2,9,0,18,0,1,0,0,0,0,4,1,6,1,-1,-1,-1,-1,-1,3,1,3
2017460160646,1,11,0,18,0,0,0,0,0,0,0,1,1,1,35,6,9200,2,10,2,1,2
2017460160697,1,9,0,5,0,4,0,0,0,0,3,1,5,1,50,8,1242,1,13,4,1,4
2017460160697,2,5,0,11,0,3,0,0,0,0,1,1,5,1,58,9,800,1,4,10,1,10
2017460160744,1,9,0,18,0,0,0,0,1,0,1,1,6,1,24,5,1149,1,5,3,1,3
2017460160766,1,9,0,18,0,8,0,0,0,0,2,1,1,1,-1,-1,1968,2,4,-1,-1,-1
2017460160766,2,9,0,18,0,8,1,0,0,0,2,1,6,1,37,7,2143,2,7,3,3,3
2017460160975,1,9,0,4,0,4,0,0,0,0,1,1,6,1,65,9,1995,2,14,2,3,2
2017460160975,2,9,0,4,0,4,0,0,0,0,2,1,6,2,23,5,1198,1,7,3,1,3
2017460160982,1,9,0,18,0,0,0,0,0,0,4,1,6,3,37,7,-1,-1,-1,-1,-1,-1
2017460161000,1,9,0,18,0,1,5,0,1,0,4,1,2,2,24,5,1598,1,11,6,1,6
2017460161071,1,5,0,18,0,0,0,0,0,0,3,1,6,1,43,7,806,1,1,5,1,5
2017460161081,1,9,0,3,0,0,0,0,0,0,0,1,6,3,-1,-1,-1,-1,-1,-1,-1,-1
2017460161081,2,9,0,3,0,0,0,0,0,0,0,1,6,2,54,8,1984,1,8,3,2,3
2017460161131,1,9,0,18,0,0,0,0,0,0,1,1,6,2,21,5,1598,1,14,7,2,7
2017460161131,2,9,0,4,0,0,0,0,0,0,2,1,6,1,40,7,1598,2,1,10,2,10
2017460161164,1,9,0,18,0,0,0,4,1,0,4,1,6,1,35,6,-1,-1,-1,5,1,5
2017460161164,2,9,0,2,0,0,0,0,0,0,3,1,6,2,-1,-1,1896,2,15,2,1,2
2017460161164,3,9,0,2,0,0,0,0,0,0,3,1,6,1,-1,-1,1560,2,8,2,1,2
2017460161177,1,21,0,4,0,0,0,0,0,0,1,1,6,1,61,9,6370,2,13,10,3,10
2017460161177,2,9,0,4,0,0,0,0,0,0,2,1,6,2,66,10,1339,1,8,10,1,10
2017460161180,1,9,0,18,0,1,0,0,0,0,1,1,6,1,67,10,1997,2,14,2,1,2
2017460161180,2,9,0,5,0,1,0,0,0,0,1,1,6,1,35,6,1598,1,13,6,1,6
2017460161200,1,9,0,18,0,0,0,0,0,0,1,1,6,3,-1,-1,-1,-1,-1,-1,-1,-1
2017460161200,2,9,0,4,0,0,0,4,0,0,2,1,6,2,39,7,1329,1,4,5,1,5
2017460161200,3,9,0,2,0,0,0,0,0,0,2,1,6,2,29,6,1497,8,8,2,1,2
2017460161202,1,9,0,18,0,0,0,0,0,0,1,1,6,1,49,8,2495,2,14,6,1,6
2017460161202,2,9,0,18,0,0,0,0,0,0,2,1,6,1,40,7,1791,8,6,2,1,2
2017460161202,3,9,0,12,0,0,0,0,0,0,0,1,6,3,29,6,-1,-1,-1,-1,-1,-1
2017460161208,1,9,0,18,0,1,1,0,7,0,1,1,1,2,24,5,1590,1,12,6,2,6
2017460161258,1,9,0,18,0,0,0,0,0,0,1,1,6,2,30,6,1896,2,8,7,1,7
2017460161258,2,19,0,18,0,0,0,0,0,0,2,1,6,1,47,8,1753,2,7,3,1,3
2017460161278,1,9,0,5,0,1,0,0,0,0,3,1,1,2,58,9,1248,1,2,4,2,4
2017460161278,2,9,0,17,0,1,0,0,0,0,1,1,6,2,37,7,1896,2,15,9,3,9
2017460161278,3,98,0,4,0,1,0,0,0,0,0,1,6,3,37,7,-1,-1,-1,-1,-1,-1
2017460161291,1,9,0,9,0,1,0,0,0,0,1,1,6,1,79,11,2231,2,3,6,3,6
2017460161305,1,9,0,16,0,6,0,0,0,0,1,1,6,1,37,7,995,1,12,7,1,7
2017460161321,1,1,0,18,5,0,0,0,0,0,0,1,6,1,53,8,-1,-1,-1,10,1,10
2017460161334,1,9,0,18,9,0,0,0,0,0,1,1,6,1,37,7,1360,1,11,6,2,6
2017460161363,1,9,0,9,0,0,0,0,0,0,3,1,5,1,43,7,1997,2,15,2,1,2
2017460161363,2,9,0,13,0,0,0,0,4,0,1,1,1,1,49,8,1998,8,2,8,1,8
2017460161380,1,5,0,15,0,2,0,0,0,0,3,1,6,1,26,6,636,1,12,4,1,4
2017460161380,2,9,0,7,0,1,0,0,0,0,4,1,6,2,25,5,1396,1,9,8,1,8
2017460161381,1,9,0,6,0,0,0,0,7,10,1,1,6,2,79,11,1390,1,13,6,1,6
2017460161381,2,9,0,18,0,0,0,0,0,0,4,1,2,2,35,6,1910,2,11,2,1,2
2017460161382,1,9,0,4,0,1,0,0,0,0,1,1,6,2,45,7,1595,1,16,6,1,6
2017460161382,2,1,0,18,0,1,0,0,0,0,2,1,6,1,44,7,-1,-1,-1,-1,-1,-1
2017460161384,1,98,0,18,0,0,0,0,0,0,1,1,1,1,30,6,-1,-1,-1,-1,-1,-1
2017460161384,2,9,0,18,0,0,0,0,0,0,2,1,6,2,47,8,1968,2,4,8,1,8
2017460161384,3,9,0,18,0,0,0,0,0,0,2,1,6,1,37,7,-1,-1,-1,-1,-1,-1
2017460161394,1,9,0,18,0,1,0,0,0,0,1,1,6,1,37,7,-1,-1,-1,-1,-1,-1
2017460161407,1,9,0,7,0,1,0,0,0,0,1,1,1,1,30,6,1984,1,8,7,1,7
2017460161407,2,9,0,7,0,1,0,0,0,0,2,1,6,2,42,7,998,1,2,-1,-1,-1
2017460161413,1,19,0,18,0,0,1,0,0,0,1,1,6,1,34,6,1870,2,14,3,1,3
2017460161413,2,19,0,18,0,0,1,0,0,0,2,1,6,1,43,7,1499,2,3,8,1,8
2017460161414,1,1,0,15,0,0,0,0,0,0,1,1,6,1,52,8,-1,-1,-1,2,1,2
2017460161428,1,9,0,18,0,0,0,0,0,0,4,1,6,1,40,7,1598,2,3,9,1,9
2017460161430,1,9,0,18,0,0,5,0,0,0,1,1,6,1,28,6,1329,1,2,-1,-1,-1
2017460161430,2,9,0,2,0,0,0,0,0,0,2,1,6,3,37,7,-1,-1,-1,7,1,7
2017460161430,3,9,0,2,0,0,0,0,0,0,2,1,6,2,27,6,1596,1,9,8,1,8
2017460161430,4,9,0,2,0,0,0,0,0,0,2,1,6,3,37,7,-1,-1,-1,8,2,8
2017460161434,1,9,0,18,0,6,0,0,0,0,3,1,6,1,22,5,1895,1,17,1,1,1
2017460161434,2,9,0,18,0,8,0,0,0,0,1,1,6,1,54,8,1798,1,10,2,1,2
2017460161440,1,9,0,5,0,6,0,0,0,0,3,1,6,2,64,9,1591,1,1,1,1,1
2017460161440,2,9,0,18,0,8,1,0,0,0,1,1,1,1,56,9,-1,-1,-1,9,1,9
2017460161449,1,9,0,4,0,1,0,0,0,0,2,1,6,2,32,6,-1,-1,-1,-1,-1,-1
2017460161449,2,1,0,4,0,1,0,0,0,0,1,1,4,1,15,3,-1,-1,-1,2,1,2
2017460161453,1,-1,0,18,0,0,0,0,0,0,0,1,6,3,37,7,-1,-1,-1,-1,-1,-1
2017460161453,2,21,0,7,0,0,1,0,0,0,1,1,1,1,34,6,-1,-1,-1,8,2,8
2017460161453,3,9,0,18,0,0,0,0,0,0,1,1,6,1,33,6,1986,2,12,6,3,6
2017460161453,4,9,0,18,0,0,0,0,0,0,1,1,6,1,37,7,1598,1,10,2,1,2
2017460161498,1,9,0,18,0,0,0,0,0,0,3,1,6,2,38,7,2987,2,8,6,1,6
2017460161498,2,9,0,18,0,0,0,0,0,0,3,1,6,2,54,8,1560,2,9,7,3,7
2017460161504,1,9,0,18,0,6,0,0,0,0,1,1,6,1,43,7,1968,2,10,1,1,1
2017460161504,2,9,0,5,0,1,0,0,0,0,3,1,6,2,23,5,998,1,4,4,3,4
2017460161512,1,9,0,18,0,1,0,0,0,0,0,1,6,2,27,6,1229,1,12,2,1,2
2017460161564,1,9,0,18,0,5,0,0,0,0,4,1,1,1,27,6,-1,-1,-1,-1,3,-1
2017460161564,2,98,0,18,0,8,1,0,0,0,3,1,6,1,53,8,-1,-1,-1,8,1,8
2017460161635,1,90,0,18,9,0,5,0,0,0,0,1,1,1,29,6,-1,-1,-1,4,1,4
2017460161643,1,9,0,18,0,0,0,0,0,0,0,1,6,3,-1,-1,-1,-1,-1,-1,-1,-1
2017460161643,2,9,0,18,0,0,0,0,0,0,1,1,6,1,37,7,1796,1,16,1,1,1
2017460161643,3,9,0,18,0,0,0,0,0,0,2,1,6,1,50,8,1197,1,1,8,1,8
2017460161649,1,9,0,18,0,0,0,0,0,0,1,1,6,1,61,9,998,1,1,8,1,8
2017460161649,2,1,0,18,0,0,0,0,0,0,2,1,6,1,11,3,-1,-1,-1,6,1,6
2017460161666,1,9,0,17,0,0,5,0,1,0,4,1,6,2,27,6,1242,1,7,5,1,5
2017460161672,1,9,0,18,0,8,0,0,0,0,1,1,6,2,37,7,1596,1,13,2,1,2
2017460161672,2,9,0,18,0,8,0,0,0,0,4,1,6,1,22,5,1149,1,16,3,1,3
2017460161717,1,9,0,2,0,1,0,0,0,0,1,1,6,2,33,6,1753,2,9,5,1,5
2017460161717,2,9,0,5,0,6,0,0,0,0,1,1,6,1,17,4,1198,1,9,3,1,3
2017460161717,3,9,0,18,0,1,0,0,0,0,4,1,6,2,35,6,1598,1,14,1,1,1
2017460161777,1,9,0,12,0,1,0,0,0,0,3,1,6,1,49,8,2000,1,12,3,1,3
2017460161777,2,9,0,18,0,1,0,0,0,0,4,1,6,2,23,5,1229,1,3,2,1,2
2017460161863,1,9,0,9,0,8,0,0,0,0,1,1,6,1,21,5,1229,1,2,9,1,9
2017460161863,2,1,0,18,0,8,0,0,0,0,1,1,2,1,20,4,-1,-1,-1,7,1,7
2017460161929,1,9,0,3,0,1,0,0,0,0,3,1,1,1,30,6,1796,1,18,2,1,2
2017460161929,2,5,0,18,0,1,0,0,0,0,1,1,2,2,44,7,744,1,23,4,1,4
2017460161961,1,9,0,1,8,0,0,0,0,0,2,1,6,2,-1,-1,1968,2,3,10,2,10
2017460161961,2,9,0,18,0,0,0,0,0,0,4,1,3,2,49,8,1998,2,9,10,2,10
2017460161970,1,98,0,18,0,0,0,0,0,0,1,1,1,2,62,9,-1,-1,-1,9,1,9
2017460161970,2,9,0,18,0,0,0,0,0,0,1,1,6,2,61,9,1329,1,6,6,1,6
2017460162002,1,9,0,18,0,0,5,0,0,0,3,1,6,1,18,4,1796,1,11,9,2,9
2017460162002,2,9,0,18,0,0,0,0,0,0,0,1,1,1,37,7,2993,2,1,7,1,7
2017460162020,1,9,0,18,0,0,0,0,0,0,3,1,6,3,55,8,1598,1,14,4,2,4
2017460162028,1,9,0,1,0,8,0,0,0,0,2,1,5,1,84,11,1896,2,14,7,1,7
2017460162075,1,9,0,18,0,0,0,0,0,0,1,1,2,1,19,4,999,1,1,1,1,1
2017460162075,2,9,0,18,0,0,0,0,0,0,1,1,1,1,49,8,-1,-1,-1,3,1,3
2017460162075,3,9,0,2,0,0,0,0,0,0,3,1,6,3,-1,-1,-1,-1,-1,-1,-1,-1
2017460162097,1,9,0,17,0,0,0,0,0,0,1,1,6,1,23,5,-1,-1,-1,5,1,5
2017460162097,2,9,0,18,0,0,0,0,0,0,2,1,6,1,65,9,2400,2,-1,2,1,2
2017460162101,1,9,0,18,0,3,0,0,0,0,1,1,6,3,-1,-1,1360,1,16,2,1,2
2017460162101,2,9,0,9,0,3,0,0,0,0,2,1,3,2,37,7,2993,2,4,8,1,8
2017460162130,1,9,0,10,0,6,0,0,0,0,3,1,6,1,62,9,1997,1,4,7,3,7
2017460162130,2,9,0,18,0,1,0,0,1,0,1,1,1,1,33,6,-1,-1,-1,8,1,8
2017460162140,1,9,0,11,0,0,0,0,0,0,1,1,6,2,31,6,1388,1,15,3,1,3
2017460162140,2,9,0,18,0,0,0,0,0,0,1,1,6,1,35,6,1422,2,16,5,1,5
2017460162164,1,9,0,4,0,0,0,0,0,0,1,1,6,2,75,10,998,1,14,5,1,5
2017460162164,2,9,0,18,0,0,0,0,0,0,2,1,6,2,39,7,1199,2,6,10,2,10
2017460162169,1,9,0,18,0,0,1,7,8,7,1,1,5,1,38,7,1598,1,11,6,1,6
2017460162170,1,9,0,18,0,0,0,7,7,1,1,1,5,1,84,11,1599,1,13,2,1,2
2017460162232,1,9,0,18,0,0,0,0,1,9,4,1,1,1,43,7,-1,-1,-1,9,2,9
2017460162255,1,9,0,12,0,0,0,0,0,0,0,1,6,3,-1,-1,-1,-1,-1,-1,-1,-1
2017460162255,2,9,0,18,0,0,1,0,5,0,1,1,6,2,65,9,1798,8,1,6,3,6
2017460162262,1,9,0,18,0,1,0,0,0,0,1,1,5,1,58,9,1596,1,15,6,1,6
2017460162262,2,1,0,18,0,1,0,0,0,0,1,1,5,1,13,3,-1,-1,-1,3,1,3
2017460162296,1,9,0,14,0,0,0,0,0,0,1,1,5,1,70,10,1560,2,2,9,1,9
2017460162316,1,9,0,18,0,1,0,0,1,0,1,1,6,1,50,8,1686,2,5,5,1,5
2017460162328,1,9,0,5,0,0,0,0,0,0,1,1,6,2,35,6,1997,2,15,2,1,2
2017460162328,2,9,0,18,0,0,0,0,0,0,3,1,6,2,52,8,1997,1,4,1,1,1
2017460162342,1,9,0,18,0,1,0,0,0,0,1,1,6,1,37,7,1984,1,15,2,1,2
2017460162342,2,9,0,9,0,1,0,0,0,0,2,1,6,1,34,6,1595,1,5,3,1,3
2017460162346,1,9,0,18,0,0,0,0,0,0,3,1,5,1,27,6,1968,2,11,5,3,5
2017460162346,2,9,0,18,0,0,0,0,0,0,3,1,6,1,49,8,1956,2,3,5,1,5
2017460162391,1,19,0,16,0,0,0,11,0,0,4,1,2,1,52,8,1560,2,5,5,3,5
2017460162391,2,5,0,17,0,0,2,0,0,0,3,1,6,1,24,5,-1,-1,-1,-1,-1,-1
2017460162428,1,97,0,18,0,0,0,0,0,0,1,1,6,3,-1,-1,-1,-1,-1,-1,-1,-1
2017460162477,1,9,0,17,0,0,1,0,7,11,4,1,6,1,70,10,1461,2,-1,3,1,3
2017460162493,1,19,0,18,0,0,0,10,0,0,1,1,6,1,21,5,1995,2,10,-1,-1,-1
2017460162493,2,1,0,18,0,0,5,0,1,10,1,1,6,1,35,6,-1,-1,-1,-1,-1,-1
2017460162546,1,9,0,18,0,0,0,0,0,0,1,1,5,1,77,11,1598,1,15,7,2,7
2017460162622,1,5,0,16,0,1,1,0,0,0,1,1,6,1,37,7,1050,1,5,6,2,6
2017460162622,2,9,0,17,0,1,1,0,0,0,1,1,6,1,50,8,1997,2,13,3,1,3
2017460162637,1,9,0,16,0,1,0,0,0,0,1,1,5,1,53,8,1896,2,8,6,1,6
2017460162637,2,9,0,16,0,1,0,0,0,0,2,1,6,2,63,9,1149,1,10,7,1,7
2017460162641,1,9,0,16,0,0,0,0,0,0,1,1,2,2,61,9,-1,-1,-1,10,1,10
2017460162641,2,9,0,17,0,0,0,0,0,0,1,1,2,2,34,6,1299,1,9,6,3,6
2017460162644,1,9,0,18,0,0,1,0,1,7,2,1,6,2,34,6,1997,2,9,9,2,9
2017460162682,1,9,0,9,0,1,0,0,0,0,1,1,6,1,38,7,2993,2,5,7,1,7
2017460162689,1,9,0,18,0,0,5,0,2,2,1,1,5,1,23,5,1242,1,12,6,1,6
2017460162759,1,9,0,9,0,6,0,0,0,0,3,1,6,1,41,7,1397,1,7,8,1,8
2017460162759,2,9,0,18,0,1,0,0,0,0,1,1,1,1,39,7,1968,2,6,3,1,3
2017460162800,1,9,0,5,0,0,0,0,0,0,0,1,1,1,25,5,-1,-1,-1,5,1,5
2017460162800,2,9,0,18,0,0,0,0,0,0,1,1,3,2,30,6,1388,1,9,4,1,4
2017460162800,3,9,0,2,0,0,0,0,0,0,1,1,6,1,42,7,1997,2,7,5,1,5
2017460162827,1,9,0,18,0,0,1,0,-1,0,1,1,1,1,53,8,2184,2,13,5,1,5
2017460162886,1,9,0,18,0,2,0,0,7,4,1,1,5,1,26,6,2993,2,1,9,1,9
2017460162895,1,9,0,3,0,0,0,0,0,0,1,1,6,2,34,6,1598,1,10,3,1,3
2017460162895,2,9,0,3,0,0,0,0,0,0,2,1,6,2,53,8,1598,1,5,-1,-1,-1
2017460163107,1,1,0,9,0,5,0,0,0,0,2,1,6,1,69,10,-1,-1,-1,7,1,7
2017460163142,1,9,0,2,0,0,0,0,0,0,0,1,6,2,52,8,1596,1,12,3,1,3
2017460163142,2,9,0,1,0,0,0,0,0,0,0,1,6,2,27,6,1600,2,5,9,1,9
2017460163158,1,9,0,18,0,2,0,0,0,0,3,1,6,1,56,9,1461,2,6,8,1,8
2017460163158,2,9,0,18,0,2,0,0,0,0,1,1,6,1,44,7,999,1,3,9,1,9
2017460163180,1,9,0,11,0,0,0,0,0,0,2,1,1,1,53,8,1781,1,12,7,1,7
2017460163180,2,3,0,18,0,0,0,0,0,0,1,1,1,1,35,6,125,1,8,6,1,6
2017460163182,1,9,0,18,0,6,0,0,0,0,1,1,6,2,76,11,1398,1,4,6,1,6
2017460163182,2,9,0,18,0,8,0,0,0,0,1,1,6,2,32,6,999,1,3,6,1,6
2017460163359,1,9,0,18,0,0,1,0,0,0,4,1,2,2,23,5,1149,1,12,8,2,8
2017460163359,2,9,0,18,0,0,0,0,0,0,1,1,2,1,38,7,1296,1,10,3,1,3
2017460163417,1,11,0,18,0,0,0,0,0,0,1,1,1,1,70,10,-1,-1,-1,6,3,6
2017460163417,2,9,0,4,0,0,0,0,0,0,0,1,6,3,-1,-1,-1,-1,-1,-1,-1,-1
2017460163426,1,9,0,7,0,2,0,0,0,0,3,1,6,1,37,7,1997,2,3,3,1,3
2017460163426,2,1,0,18,0,8,0,0,0,0,4,1,1,1,63,9,-1,-1,-1,9,2,9
2017460163490,1,9,0,18,0,0,0,0,0,0,1,1,1,1,54,8,-1,-1,-1,6,1,6
2017460163490,2,9,0,18,0,0,0,0,0,0,1,1,6,1,31,6,-1,-1,-1,8,1,8
2017460163496,1,9,0,18,0,0,0,0,0,0,1,1,1,1,30,6,-1,-1,-1,3,1,3
2017460163496,2,9,0,18,0,0,0,0,0,0,2,1,6,1,45,7,2720,2,11,6,3,6
2017460163519,1,9,0,18,0,0,0,0,0,0,1,1,6,1,69,10,2959,1,15,9,1,9
2017460163519,2,9,0,4,0,0,0,0,0,0,2,1,6,2,26,6,1229,1,7,6,1,6
2017460163519,3,9,0,4,0,0,0,0,0,0,2,1,6,1,40,7,1198,1,3,7,1,7
2017460163533,1,9,0,7,0,1,0,0,0,0,1,1,1,2,-1,-1,1399,2,13,10,1,10
2017460163533,2,9,0,7,0,1,0,0,0,0,2,1,3,1,42,7,1587,1,14,5,1,5
2017460163545,1,5,0,18,0,0,1,0,0,0,1,1,6,1,33,6,865,1,5,9,1,9
2017460163545,2,9,0,3,0,0,0,0,0,0,2,1,6,2,65,9,1560,2,-1,7,1,7
2017460163586,1,9,0,5,0,1,0,0,0,0,4,1,6,1,42,7,1299,1,11,2,1,2
2017460163586,2,9,0,18,0,1,0,0,0,0,1,1,6,2,26,6,-1,-1,-1,2,1,2
2017460163596,1,19,0,18,0,0,0,0,0,0,0,1,6,3,-1,-1,-1,-1,-1,-1,-1,-1
2017460163596,2,9,0,18,0,0,1,7,1,0,1,1,6,1,67,10,1995,2,3,5,3,5
2017460163676,1,9,0,18,0,4,0,0,0,0,4,1,6,3,-1,-1,-1,-1,-1,-1,-1,-1
2017460163693,1,9,0,18,0,0,0,0,4,6,3,1,6,1,21,5,998,1,2,8,2,8
2017460163709,1,9,0,16,0,0,2,0,2,0,1,1,6,1,29,6,1587,1,12,4,1,4
2017460163709,2,9,0,17,0,0,0,0,0,0,1,1,6,2,39,7,1796,1,10,7,2,7
2017460163725,1,9,0,13,0,0,0,0,0,0,3,1,2,1,51,8,-1,-1,-1,10,2,10
2017460163725,2,9,0,9,0,0,0,0,0,0,4,1,5,1,28,6,1997,2,15,8,2,8
2017460163726,1,9,0,18,0,0,0,0,0,0,1,1,1,1,49,8,1398,1,2,5,3,5
2017460163742,1,9,0,18,0,0,0,0,7,0,1,1,1,1,33,6,-1,-1,-1,-1,-1,-1
2017460163742,2,9,0,18,0,0,0,0,0,0,2,1,2,2,36,7,1968,2,1,6,1,6
2017460163742,3,19,0,2,0,0,0,0,0,0,0,1,1,1,36,7,1560,2,2,3,1,3
2017460163746,1,11,0,5,0,8,0,0,0,0,0,1,1,1,24,5,4760,2,4,4,1,4
2017460163766,1,9,0,18,0,0,0,0,0,0,1,1,1,2,43,7,1997,1,4,8,1,8
2017460163766,2,9,0,18,0,0,0,0,0,0,2,1,5,1,28,6,1968,2,6,5,1,5
2017460163793,1,9,0,7,0,1,0,0,0,0,1,1,5,2,22,5,1242,1,5,4,1,4
2017460163793,2,9,0,3,0,1,0,0,0,0,2,1,5,1,79,11,1796,1,11,8,1,8
2017460163799,1,9,0,18,0,0,0,0,0,0,1,1,6,1,40,7,2179,2,6,3,1,3
2017460163799,2,9,0,3,0,0,1,0,0,0,2,1,6,1,20,4,1388,1,12,1,1,1
2017460163810,1,9,0,3,0,0,0,0,0,0,3,1,6,1,69,10,1364,1,12,4,1,4
2017460163858,1,9,0,3,0,0,0,0,0,0,1,1,6,2,37,7,1600,1,18,8,3,8
2017460163858,2,9,0,3,0,0,0,0,0,0,1,1,6,1,66,10,1849,2,2,2,3,2
2017460163863,1,9,0,18,0,0,0,4,0,0,1,1,6,1,80,11,1388,1,10,1,1,1
2017460163863,2,9,0,2,0,0,0,0,1,0,2,1,6,3,-1,-1,-1,-1,-1,-1,-1,-1
2017460163877,1,9,0,4,0,0,0,0,0,0,1,1,6,2,41,7,1390,1,16,1,1,1
2017460163877,2,11,0,4,0,0,0,0,0,0,2,1,1,1,52,8,6696,2,2,10,1,10
2017460163884,1,1,0,18,0,1,0,0,0,0,1,1,5,1,-1,-1,-1,-1,-1,5,1,5
2017460163922,1,9,0,5,0,0,0,0,0,0,1,1,3,1,42,7,1995,2,3,6,1,6
2017460163922,2,9,0,5,0,0,0,0,0,0,2,1,5,2,45,7,1598,1,9,6,1,6
2017460163959,1,9,0,18,0,3,1,0,1,0,1,1,6,1,21,5,1896,2,19,6,1,6
2017460163975,1,9,0,17,0,0,2,11,1,0,1,1,2,1,28,6,2987,2,7,7,1,7
2017460163975,2,9,0,17,0,0,1,11,1,0,1,1,2,1,41,7,1995,2,3,10,2,10
2017460163975,3,9,0,17,0,0,0,11,0,0,1,1,6,2,43,7,1560,2,5,5,1,5
2017460163975,4,9,0,17,0,0,0,11,0,0,1,1,6,1,36,7,1597,1,7,10,1,10
2017460163975,5,9,0,17,0,0,0,11,0,0,1,1,6,1,57,9,-1,-1,-1,9,1,9
2017460164006,1,9,0,4,0,0,0,0,0,0,1,1,6,2,29,6,1368,1,13,9,1,9
2017460164006,2,9,0,4,0,0,0,0,0,0,2,1,6,2,42,7,1499,2,2,3,1,3
2017460164006,3,9,0,4,0,0,0,0,0,0,2,1,6,2,24,5,1397,1,10,8,1,8
2017460164037,1,9,0,18,0,0,0,0,0,0,1,1,6,2,40,7,1598,2,2,5,2,5
2017460164037,2,19,0,2,0,0,0,0,0,0,2,1,1,2,20,4,2287,2,5,3,1,3
2017460164082,1,19,0,18,0,0,0,0,0,0,1,1,6,1,48,8,1968,2,2,5,1,5
2017460164082,2,9,0,2,0,0,0,0,0,0,2,1,6,2,33,6,1390,1,3,8,1,8
2017460164102,1,9,0,17,0,0,0,0,7,0,1,1,5,2,44,7,1149,1,13,8,1,8
2017460164133,1,9,0,18,0,8,0,0,0,0,1,1,6,1,38,7,1329,1,1,2,1,2
2017460164151,1,1,0,4,0,0,0,0,0,0,1,1,5,1,14,3,-1,-1,-1,6,1,6
2017460164167,1,9,0,18,0,0,0,0,0,0,3,1,5,1,52,8,1968,2,9,10,1,10
2017460164195,1,9,0,18,0,0,0,0,0,0,1,1,5,1,26,6,998,1,11,6,3,6
2017460164258,1,11,0,2,2,0,0,0,0,0,0,1,1,1,55,8,9000,2,8,10,3,10
2017460164310,1,9,0,9,0,0,0,0,0,0,3,1,5,1,70,10,2597,1,14,9,1,9
2017460164310,2,11,0,3,0,0,0,0,0,0,4,1,5,1,43,7,4580,2,9,5,1,5
2017460164316,1,9,0,10,0,1,0,0,0,0,0,1,6,2,-1,-1,-1,-1,-1,-1,-1,-1
2017460164316,2,2,0,18,0,1,1,0,1,0,4,1,5,1,25,5,49,1,1,4,2,4
2017460164368,1,9,0,18,0,0,2,0,0,0,4,1,5,1,51,8,1596,1,14,2,1,2
2017460164382,1,9,0,16,0,0,5,0,1,3,4,1,5,1,26,6,1598,1,18,1,1,1
2017460164401,1,9,0,7,0,2,0,0,0,0,1,1,6,2,31,6,1364,1,13,8,1,8
2017460164401,2,1,0,18,0,2,0,0,0,0,3,1,4,1,15,3,-1,-1,-1,8,1,8
2017460164438,1,19,0,18,0,0,0,0,0,0,1,1,6,1,43,7,2143,2,1,6,3,6
2017460164438,2,9,0,10,0,0,0,0,0,0,2,1,6,1,48,8,1997,2,1,8,1,8
2017460164438,3,9,0,10,0,0,0,0,0,0,2,1,6,2,40,7,1397,1,7,8,3,8
2017460164469,1,9,0,11,0,0,0,0,1,0,4,1,6,2,35,6,1398,2,9,3,1,3
2017460164469,2,9,0,18,0,0,5,0,1,0,3,1,6,1,61,9,998,1,2,4,1,4
2017460164484,1,9,0,2,0,0,0,0,0,0,3,1,6,1,37,7,2148,2,16,-1,-1,-1
2017460164484,2,1,0,18,0,0,0,0,0,0,1,1,2,1,28,6,-1,-1,-1,7,1,7
2017460164485,1,5,0,13,0,1,0,0,0,0,1,1,5,1,22,5,645,1,11,7,3,7
2017460164485,2,9,0,9,0,5,0,0,0,0,3,1,5,1,31,6,1388,1,5,3,1,3
2017460164494,1,9,0,17,0,0,0,0,2,0,4,1,6,1,34,6,4163,1,9,9,1,9
2017460164494,2,9,0,17,0,0,0,0,0,0,3,1,6,2,72,10,1388,1,7,6,2,6
2017460164521,1,9,0,16,0,0,0,0,7,0,1,1,2,2,34,6,1598,1,18,4,2,4
2017460164530,1,3,0,18,0,0,0,0,0,0,4,1,6,1,22,5,124,1,6,8,1,8
2017460164530,2,21,1,18,0,0,0,0,0,0,1,1,1,1,22,5,12777,2,5,9,3,9
2017460164536,1,97,0,18,0,0,0,0,0,0,1,1,5,1,-1,-1,-1,-1,-1,-1,-1,-1
2017460164546,1,9,0,18,0,4,0,0,0,0,1,1,6,2,31,6,1797,8,2,4,1,4
2017460164546,2,4,0,18,0,3,0,0,0,0,2,1,6,1,50,8,400,1,9,9,2,9