Accident_Index,Vehicle_Reference,Vehicle_Type,Towing_and_Articulation,Vehicle_Manoeuvre,Vehicle_Location-Restricted_Lane,Junction_Location,Skidding_and_Overturning,Hit_Object_in_Carriageway,Vehicle_Leaving_Carriageway,Hit_Object_off_Carriageway,1st_Point_of_Impact,Was_Vehicle_Left_Hand_Drive?,Journey_Purpose_of_Driver,Sex_of_Driver,Age_of_Driver,Age_Band_of_Driver,Engine_Capacity_(CC),Propulsion_Code,Age_of_Vehicle,Driver_IMD_Decile,Driver_Home_Area_Type,Vehicle_IMD_Decile
2017460164567,1,9,0,6,0,0,0,0,0,0,3,1,6,1,38,7,1598,1,7,3,1,3
2017460164567,2,5,0,18,0,0,1,0,0,0,4,1,5,1,60,9,1441,1,5,4,1,4
2017460164579,1,9,0,18,0,0,0,0,0,0,1,1,1,1,31,6,1598,2,5,6,1,6
2017460164579,2,9,0,18,0,0,0,0,1,0,1,1,6,1,65,9,-1,-1,-1,6,2,6
2017460164586,1,9,0,7,0,8,0,0,0,0,1,1,5,2,20,4,1390,1,5,6,1,6
2017460164591,1,1,0,17,0,8,0,0,0,0,1,1,6,1,42,7,-1,-1,-1,2,1,2
2017460164591,2,19,0,16,0,8,0,0,0,0,1,1,6,1,78,11,1997,2,15,9,3,9
2017460164599,1,9,0,4,0,0,0,0,0,0,2,1,5,1,22,5,1242,1,13,9,1,9
2017460164599,2,19,0,16,0,0,0,0,0,0,1,1,1,1,41,7,1560,2,7,2,1,2
2017460164599,3,9,0,16,0,0,0,0,0,0,1,1,1,1,31,6,-1,-1,-1,2,1,2
2017460164621,1,9,0,18,0,0,0,0,0,0,1,1,6,2,73,10,-1,-1,-1,10,1,10
2017460164621,2,9,0,4,0,0,0,0,0,0,2,1,6,3,37,7,-1,-1,-1,-1,-1,-1
2017460164623,1,9,0,18,0,0,0,0,0,0,1,1,5,2,37,7,2319,1,20,-1,-1,-1
2017460164623,2,9,0,2,0,0,0,0,0,0,2,1,6,3,-1,-1,-1,-1,-1,-1,-1,-1
2017460164623,3,9,0,2,0,0,0,0,0,0,3,1,6,3,-1,-1,-1,-1,-1,-1,-1,-1
2017460164635,1,97,0,18,0,0,0,0,0,0,1,1,5,1,49,8,-1,-1,-1,8,1,8
2017460164635,2,9,0,3,0,0,0,0,0,0,3,1,5,2,34,6,2499,2,14,3,1,3
2017460164635,3,9,0,3,0,0,0,0,0,0,3,1,5,1,20,4,1900,2,11,2,2,2
2017460164635,4,9,0,3,0,0,0,0,0,0,3,1,5,2,26,6,998,1,4,6,2,6
2017460164644,1,9,0,18,0,0,0,0,0,0,1,1,6,1,23,5,1896,2,13,2,1,2
2017460164714,1,9,0,3,0,0,0,0,0,0,1,1,6,1,22,5,1390,1,12,3,1,3
2017460164714,2,9,0,3,0,0,0,0,0,0,2,1,6,1,43,7,1896,2,8,8,1,8
2017460164725,1,9,0,3,0,0,0,0,0,0,1,1,6,1,21,5,1796,1,8,6,2,6
2017460164725,2,9,0,3,0,0,0,0,0,0,2,1,6,2,17,4,1968,2,-1,2,1,2
2017460164728,1,9,0,18,0,0,0,0,0,0,1,1,6,1,37,7,-1,-1,-1,-1,-1,-1
2017460164728,2,9,0,18,0,0,0,0,0,0,2,1,6,1,61,9,1598,2,4,7,1,7
2017460164732,1,9,0,18,0,1,1,0,0,0,1,1,6,1,49,8,2231,2,8,4,1,4
2017460164732,2,5,0,18,0,1,1,0,0,0,3,1,6,1,40,7,798,1,1,6,3,6
2017460164732,3,9,0,3,0,1,0,0,0,0,3,1,6,1,27,6,1956,2,6,5,1,5
2017460164732,4,9,0,3,0,1,0,0,0,0,4,1,6,1,30,6,1242,1,10,-1,-1,-1
2017460164732,5,90,0,3,0,1,0,0,0,0,3,1,6,1,49,8,-1,-1,-1,7,1,7
2017460164798,1,9,0,18,0,8,1,10,1,2,2,1,6,1,33,6,1997,1,14,5,1,5
2017460164798,2,9,0,18,0,8,0,0,0,0,0,1,1,1,35,6,1968,2,4,7,1,7
2017460164866,1,9,0,1,0,1,0,0,0,0,3,1,1,1,32,6,-1,-1,-1,2,1,2
2017460164866,2,9,0,1,0,1,0,0,0,0,3,1,2,2,27,6,1596,1,12,2,2,2
2017460164998,1,9,0,9,0,0,0,0,0,0,1,1,1,1,50,8,-1,-1,-1,10,1,10
2017460164998,2,9,0,18,0,0,0,0,0,0,1,1,6,2,78,11,1198,1,11,7,2,7
2017460165013,1,9,0,17,0,0,0,0,0,0,3,1,1,2,37,7,2495,1,15,6,3,6
2017460165013,2,2,0,16,0,0,1,0,0,0,1,1,4,1,17,4,49,1,5,1,1,1
2017460165055,1,9,0,3,0,1,0,0,0,0,1,1,6,1,45,7,2496,2,13,7,1,7
2017460165055,2,9,0,3,0,1,0,0,0,0,2,1,6,2,36,7,1699,1,11,2,1,2
2017460165069,1,9,0,1,0,8,0,0,0,0,2,1,6,1,50,8,1560,2,10,1,1,1
2017460165069,2,3,0,3,0,8,0,0,0,0,1,1,6,1,47,8,125,1,23,1,1,1
2017460165092,1,9,0,18,0,8,0,0,0,0,1,1,6,2,38,7,2401,2,11,1,1,1
2017460165092,2,9,0,18,0,8,0,0,0,0,3,1,6,2,34,6,1598,1,7,9,1,9
2017460165161,1,1,0,3,0,0,0,0,0,0,1,1,6,1,37,7,-1,-1,-1,-1,-1,-1
2017460165184,1,9,0,3,0,0,0,0,0,0,1,1,6,1,32,6,-1,-1,-1,9,1,9
2017460165184,2,9,0,3,0,0,0,0,0,0,2,1,6,1,46,8,1598,1,8,8,3,8
2017460165227,1,9,0,18,0,8,0,0,0,0,1,1,6,2,33,6,998,1,17,4,1,4
2017460165227,2,9,0,10,0,8,0,0,0,0,1,1,6,1,39,7,1796,1,11,3,1,3
2017460165227,3,9,0,2,0,2,0,0,0,0,1,1,6,1,-1,-1,1229,1,4,4,1,4
2017460165227,4,9,0,2,0,2,0,0,0,0,1,1,6,1,-1,-1,1799,1,19,4,1,4
2017460165280,1,9,0,16,0,1,0,0,0,0,1,1,1,1,30,6,-1,-1,-1,1,1,1
2017460165280,2,9,0,18,0,1,0,0,0,0,3,1,6,1,41,7,1598,1,10,5,1,5
2017460165284,1,9,0,4,0,1,0,0,0,0,1,1,6,2,86,11,998,1,3,9,1,9
2017460165284,2,9,0,3,0,1,0,0,0,0,2,1,6,1,42,7,1461,2,10,3,1,3
2017460165437,1,9,0,5,0,1,0,0,0,0,1,1,6,1,60,9,1753,2,15,6,1,6
2017460165437,2,4,0,5,0,1,0,0,0,0,2,1,6,1,52,8,498,1,20,6,1,6
2017460165466,1,9,0,18,0,0,0,0,0,0,1,1,6,1,60,9,2495,2,20,9,2,9
2017460165466,2,9,0,9,9,0,0,0,0,0,3,1,6,2,20,4,1197,1,4,9,3,9
2017460165473,1,9,0,18,0,0,0,0,0,0,1,1,5,1,71,10,1360,1,14,6,3,6
2017460165476,1,9,0,18,0,3,0,0,0,0,1,1,1,1,49,8,1999,1,12,7,1,7
2017460165476,2,1,0,18,0,3,0,0,0,0,1,1,6,1,49,8,-1,-1,-1,6,1,6
2017460165484,1,9,0,18,0,1,5,0,1,10,1,1,6,1,20,4,1968,2,6,4,1,4
2017460165501,1,9,0,18,0,0,0,0,0,0,1,1,6,2,49,8,1591,1,7,3,1,3
2017460165501,2,9,0,18,0,0,0,0,0,0,2,1,6,1,52,8,1598,2,3,9,1,9
2017460165553,1,9,0,4,0,1,0,0,0,0,1,1,5,1,19,4,1461,2,2,10,1,10
2017460165553,2,9,0,3,0,1,0,0,0,0,2,1,5,1,19,4,1595,1,13,5,3,5
2017460165553,3,9,0,3,0,1,0,0,0,0,2,1,5,1,87,11,1598,2,1,1,1,1
2017460165582,1,9,0,18,0,1,0,0,0,0,1,1,2,2,52,8,1998,1,1,5,3,5
2017460165582,2,9,0,18,0,1,0,0,0,0,3,1,6,1,76,11,1560,2,9,10,2,10
2017460165590,1,9,0,18,0,0,0,0,1,4,1,1,1,1,25,5,1560,2,4,4,1,4
2017460165599,1,9,0,3,0,1,0,0,0,0,1,1,6,2,30,6,1997,2,1,1,1,1
2017460165599,2,11,0,3,0,1,0,0,0,0,1,1,6,1,70,10,4461,2,2,5,1,5
2017460165662,1,9,0,3,0,1,0,0,0,0,1,1,1,2,37,7,1968,2,6,3,1,3
2017460165662,2,3,0,3,0,1,0,0,0,0,2,1,1,1,34,6,125,1,2,1,1,1
2017460165692,1,9,0,10,0,1,0,0,0,0,4,1,6,1,72,10,1389,1,14,8,1,8
2017460165692,2,9,0,18,0,1,0,0,0,0,1,1,4,1,33,6,1753,2,10,8,1,8
2017460165723,1,9,0,18,0,0,0,0,0,0,4,1,5,2,43,7,1296,1,9,6,1,6
2017460165742,1,9,0,18,0,0,0,0,0,0,2,1,6,2,49,8,1242,1,9,7,2,7
2017460165742,2,9,0,18,0,0,0,0,0,0,1,1,6,2,34,6,1086,1,11,10,1,10
2017460165755,1,9,0,18,0,1,0,0,0,0,1,1,6,1,21,5,1896,2,12,10,1,10
2017460165755,2,9,0,2,0,1,0,0,0,0,2,1,6,1,58,9,2179,2,4,8,1,8
2017460165762,1,9,0,13,0,1,2,0,2,0,1,1,1,1,38,7,-1,-1,-1,4,3,4
2017460165767,1,9,0,16,0,0,0,7,0,0,4,1,6,1,74,10,1596,1,8,10,1,10
2017460165767,2,9,0,16,0,0,0,0,0,0,3,1,1,2,27,6,1390,1,3,2,1,2
2017460165791,1,9,0,4,0,0,0,0,0,0,1,1,5,2,26,6,1339,1,11,7,1,7
2017460165791,2,9,0,4,0,0,0,0,0,0,2,1,1,1,37,7,1896,2,9,9,1,9
2017460165794,1,9,0,7,0,0,0,0,0,0,0,1,1,1,36,7,998,1,15,3,1,3
2017460165794,2,1,0,18,0,0,0,0,0,0,1,1,1,1,49,8,-1,-1,-1,4,1,4
2017460165840,1,3,0,18,0,0,0,0,0,0,1,1,6,1,37,7,125,1,2,-1,-1,-1
2017460165840,2,9,0,10,0,0,0,0,0,0,1,1,6,2,30,6,1368,1,11,3,1,3
2017460165865,1,9,0,9,0,5,0,0,0,0,4,1,6,1,21,5,1242,1,3,3,1,3
2017460165865,2,3,0,18,0,8,0,0,0,0,1,1,6,1,20,4,124,1,16,4,1,4
2017460165871,1,9,0,18,0,0,0,0,0,0,1,1,6,1,39,7,1596,1,15,7,1,7
2017460165871,2,9,0,18,0,0,0,0,0,0,0,1,6,2,76,11,1794,1,13,10,1,10
2017460165887,1,9,0,9,0,1,0,0,0,0,3,1,6,2,44,7,1461,2,3,8,1,8
2017460165887,2,9,0,18,0,1,0,0,0,0,4,1,6,2,18,4,1242,1,1,9,2,9
2017460165923,1,9,0,18,0,4,0,0,0,0,1,1,5,2,37,7,1560,2,8,8,2,8
2017460165923,2,9,0,10,0,4,0,0,0,0,2,1,5,2,39,7,1329,1,4,5,1,5
2017460165929,1,9,0,18,0,0,5,4,0,0,4,1,6,2,19,4,1199,1,15,7,1,7
2017460165929,2,9,0,2,0,0,0,0,0,0,4,1,6,3,-1,-1,-1,-1,-1,-1,-1,-1
2017460165939,1,9,0,18,0,8,0,0,0,0,1,1,4,1,78,11,1582,2,3,4,1,4
2017460165939,2,9,0,18,0,8,0,0,0,0,3,1,2,2,51,8,1596,1,15,5,1,5
2017460165939,3,9,0,8,0,1,0,0,0,0,3,1,1,1,45,7,-1,-1,-1,10,1,10
2017460165939,4,9,0,9,0,1,0,0,0,0,3,1,4,2,52,8,998,1,3,7,1,7
2017460165956,1,9,0,4,0,2,0,0,0,0,0,1,2,2,21,5,1149,1,14,4,1,4
2017460165956,2,4,0,7,0,2,0,0,0,0,1,1,6,1,37,7,249,1,-1,6,2,6
2017460165968,1,5,0,18,0,0,0,0,0,0,1,1,2,1,30,6,660,1,5,6,2,6
2017460165968,2,9,0,18,0,0,0,0,0,0,2,1,2,1,34,6,-1,-1,-1,4,1,4
2017460165975,1,9,0,9,0,8,0,0,0,0,4,1,5,2,17,4,998,1,7,10,1,10
2017460165975,2,3,0,18,0,8,0,0,0,0,1,1,5,1,19,4,124,1,11,5,2,5
2017460166006,1,9,0,18,0,0,0,0,0,0,1,1,6,1,33,6,1596,1,12,1,1,1
2017460166010,1,9,0,3,0,1,0,0,0,0,1,1,1,1,52,8,-1,-1,-1,10,1,10
2017460166010,2,9,0,3,0,1,0,0,0,0,2,1,1,1,36,7,-1,-1,-1,6,1,6
2017460166010,3,9,0,4,0,1,0,0,0,0,2,1,1,2,39,7,-1,-1,-1,7,1,7
2017460166020,1,9,0,5,0,0,0,0,0,0,1,1,2,2,20,4,1390,1,11,6,1,6
2017460166020,2,11,0,3,0,0,0,0,0,0,2,1,1,1,53,8,4250,2,5,8,1,8
2017460166046,1,9,0,14,0,0,0,0,0,0,1,1,6,2,38,7,1598,1,7,3,1,3
2017460166052,1,9,0,4,0,0,0,0,0,0,1,1,5,1,70,10,-1,-1,-1,-1,-1,-1
2017460166052,2,9,0,4,0,0,0,0,0,0,2,1,2,1,28,6,1497,8,1,2,1,2
2017460166052,3,9,0,4,0,0,0,0,0,0,1,1,5,1,66,10,1968,2,2,6,1,6
2017460166105,1,1,0,18,0,0,0,0,0,0,1,1,6,1,53,8,-1,-1,-1,7,3,7
2017460166108,1,3,0,18,0,1,0,0,0,0,1,1,6,1,25,5,124,1,5,2,1,2
2017460166145,1,9,0,3,0,0,0,0,0,0,0,1,6,3,-1,-1,-1,-1,-1,-1,-1,-1
2017460166145,2,9,0,3,0,0,0,0,0,0,1,1,6,1,26,6,2198,2,11,6,1,6
2017460166145,3,9,0,3,0,0,0,0,0,0,1,1,6,2,54,8,1199,1,13,5,1,5
2017460166145,4,9,0,3,0,0,0,0,0,0,3,1,6,1,58,9,1399,1,-1,6,2,6
2017460166149,1,9,0,18,0,0,0,0,0,0,1,1,6,1,20,4,1242,1,11,2,1,2
2017460166149,2,98,1,18,0,0,0,0,0,0,2,1,1,1,54,8,-1,-1,-1,-1,-1,-1
2017460166172,1,9,0,3,0,2,0,0,0,0,1,1,6,2,44,7,2720,2,10,6,3,6
2017460166172,2,21,0,3,0,1,0,0,0,0,3,1,6,1,49,8,4462,2,4,10,1,10
2017460166196,1,9,0,18,0,0,0,0,0,0,1,1,6,2,62,9,1994,2,14,3,1,3
2017460166220,1,1,0,18,0,0,0,0,0,0,1,1,5,1,17,4,-1,-1,-1,1,1,1
2017460166232,1,9,0,18,0,0,0,0,0,0,4,1,5,1,76,11,1242,1,3,1,1,1
2017460166306,1,9,0,5,0,0,0,0,0,0,1,1,5,1,71,10,998,1,4,8,2,8
2017460166307,1,9,0,18,0,1,0,0,0,0,3,1,6,1,33,6,-1,-1,-1,-1,-1,-1
2017460166325,1,9,0,18,0,5,0,0,0,0,1,1,3,2,30,6,-1,-1,-1,-1,-1,-1
2017460166330,1,9,0,5,0,4,0,0,0,0,4,1,5,2,49,8,1598,2,6,10,1,10
2017460166330,2,5,0,10,0,1,0,0,0,0,3,1,5,1,29,6,1000,1,8,8,1,8
2017460166353,1,9,0,9,0,2,0,0,0,0,0,1,6,1,37,7,1781,1,15,9,1,9
2017460166353,2,9,0,18,0,8,0,0,0,0,1,1,6,1,80,11,-1,-1,-1,-1,-1,-1
2017460166353,3,9,0,18,0,8,0,0,0,0,3,1,6,1,58,9,1595,1,5,4,2,4
2017460166388,1,2,0,10,0,5,1,0,0,0,0,1,2,2,17,4,49,1,7,7,3,7
2017460166443,1,9,0,9,0,0,0,0,2,4,1,1,6,2,19,4,998,1,21,2,1,2
2017460166458,1,9,0,18,0,6,0,0,0,0,1,1,6,2,48,8,1598,1,10,1,1,1
2017460166458,2,9,0,10,0,1,0,0,0,0,2,1,6,2,54,8,1242,1,11,4,1,4
2017460166476,1,9,0,2,0,0,0,0,0,0,3,1,6,1,47,8,-1,-1,-1,4,1,4
2017460166476,2,1,0,18,0,0,0,8,0,0,1,1,6,2,45,7,-1,-1,-1,6,1,6
2017460166496,1,9,0,18,0,0,0,0,0,0,0,1,6,3,37,7,-1,-1,-1,-1,-1,-1
2017460166496,2,9,0,18,0,0,1,0,0,0,1,1,6,1,36,7,1248,1,4,6,2,6
2017460166496,3,9,0,18,0,0,0,0,0,0,1,1,6,1,38,7,1248,2,6,4,1,4
2017460166496,4,9,0,18,0,0,0,0,0,0,2,1,1,1,44,7,-1,-1,-1,9,1,9
2017460166579,1,9,0,7,0,6,0,7,0,0,3,1,6,1,29,6,4172,6,17,6,3,6
2017460166617,1,9,0,3,0,0,0,0,0,0,1,1,6,1,18,4,-1,-1,-1,6,2,6
2017460166617,2,9,0,3,0,0,0,0,0,0,1,1,6,2,52,8,1999,1,7,7,3,7
2017460166632,1,9,0,3,0,1,0,0,0,0,1,1,6,2,65,9,1999,2,-1,10,1,10
2017460166632,2,5,0,3,0,1,0,0,0,0,1,1,6,1,59,9,900,1,1,6,1,6
2017460166660,1,9,0,18,0,0,0,0,0,0,1,1,5,2,59,9,1598,1,3,1,1,1
2017460166660,2,9,0,18,0,0,0,0,0,0,1,1,5,2,53,8,1796,1,15,3,1,3
2017460166660,3,9,0,18,0,0,0,0,0,0,2,1,5,2,63,9,2400,2,5,9,1,9
2017460166676,1,9,0,2,0,1,0,0,0,0,2,1,3,2,30,6,1999,1,12,4,1,4
2017460166676,2,9,0,2,0,1,0,0,0,0,3,1,5,1,-1,-1,1995,2,6,8,1,8
2017460166700,1,9,0,18,0,4,0,0,0,0,1,1,5,2,33,6,1388,1,7,8,1,8
2017460166700,2,9,0,18,0,4,0,0,0,0,2,1,5,1,17,4,1229,1,2,10,1,10
2017460166701,1,9,0,4,0,1,0,0,0,0,1,1,6,1,29,6,1686,2,14,6,2,6
2017460166701,2,2,0,4,4,1,0,0,0,0,2,1,6,1,23,5,49,1,8,3,1,3
2017460166701,3,2,0,4,4,1,0,0,0,0,2,1,6,1,23,5,49,1,3,6,1,6
2017460166727,1,21,0,18,8,6,0,0,0,0,1,1,6,1,28,6,10837,2,2,4,1,4
2017460166753,1,9,0,18,0,1,0,0,0,0,4,1,6,2,35,6,1124,1,16,3,1,3
2017460166753,2,9,0,7,0,1,0,0,0,0,3,1,6,2,29,6,2902,2,13,3,1,3
2017460166771,1,9,0,18,0,0,0,0,0,0,4,1,5,1,25,5,1598,1,6,6,1,6
2017460166818,1,9,0,18,0,2,1,11,7,4,4,1,5,1,59,9,2497,2,11,1,1,1
2017460166818,2,9,0,2,0,1,0,12,0,0,1,1,5,3,-1,-1,1997,1,16,-1,-1,-1
2017460166837,1,9,0,18,0,0,0,0,0,0,1,1,2,2,18,4,1124,1,14,2,1,2
2017460166837,2,98,0,18,0,0,0,0,0,0,1,1,2,2,25,5,-1,-1,-1,9,1,9
2017460166841,1,9,0,9,0,6,0,0,0,0,0,1,5,2,60,9,1596,1,2,7,3,7
2017460166841,2,9,0,18,0,1,0,0,0,0,3,1,5,1,21,5,1248,2,4,4,1,4
2017460166846,1,9,0,9,0,0,0,0,0,0,1,1,2,2,37,7,1364,1,8,2,1,2
2017460166846,2,1,0,4,0,0,0,0,0,0,1,1,6,1,82,11,-1,-1,-1,2,1,2
2017460166877,1,20,0,18,0,0,0,0,0,0,1,1,6,1,-1,-1,-1,-1,-1,-1,-1,-1
2017460166877,2,4,0,16,0,0,2,0,0,0,1,1,6,1,68,10,745,1,12,2,1,2
2017460166880,1,19,0,17,0,0,0,0,0,0,3,1,1,1,46,8,2198,2,5,9,1,9
2017460166880,2,9,0,16,0,0,0,0,0,0,1,1,6,2,44,7,1560,2,5,8,1,8
2017460166923,1,5,0,18,0,0,1,0,0,0,1,1,2,1,30,6,899,1,23,4,2,4
2017460166923,2,9,0,18,0,0,0,0,0,0,2,1,2,1,36,7,2191,2,1,7,3,7
2017460166932,1,9,0,14,0,0,0,0,0,0,1,1,2,1,20,4,1794,1,17,9,1,9
2017460166932,2,9,0,14,0,0,0,0,0,0,2,1,3,2,31,6,875,1,4,7,1,7
2017460166932,3,9,0,10,0,0,0,0,0,0,2,1,2,1,53,8,973,1,16,10,1,10
2017460166940,1,9,0,2,0,0,0,0,0,0,1,1,3,2,45,7,1995,2,9,8,2,8
2017460166940,2,9,0,3,0,0,0,0,0,0,3,1,3,1,50,8,1998,1,11,7,1,7
2017460166986,1,11,0,5,0,0,0,0,0,0,0,1,1,3,35,6,4461,2,3,7,1,7
2017460167003,1,9,0,1,0,0,1,0,0,0,2,1,5,1,35,6,1596,1,7,9,1,9
2017460167048,1,9,0,18,0,0,0,0,0,0,1,1,3,1,44,7,1560,2,5,4,1,4
2017460167167,1,9,0,2,0,0,0,0,0,0,1,1,5,2,68,10,-1,-1,-1,3,3,3
2017460167216,1,9,0,18,0,0,2,0,1,0,4,1,5,1,56,9,1998,2,10,-1,-1,-1
2017460167220,1,9,0,18,0,1,0,0,0,0,1,1,6,3,-1,-1,-1,-1,-1,-1,-1,-1
2017460167236,1,9,0,16,0,0,2,0,0,0,3,1,5,2,59,9,998,1,19,8,2,8
2017460167243,1,9,0,5,0,0,0,0,0,0,3,1,1,2,30,6,-1,-1,-1,5,1,5
2017460167243,2,9,0,14,0,0,0,0,0,0,4,1,6,2,67,10,1998,1,14,7,1,7
2017460167258,1,9,0,18,0,1,0,0,0,0,1,1,6,1,53,8,1390,1,13,1,1,1
2017460167258,2,9,0,3,0,1,0,0,0,0,2,1,5,2,34,6,998,1,16,4,1,4
2017460167296,1,9,0,5,0,4,0,0,1,0,3,1,1,2,50,8,1248,2,5,7,2,7
2017460167296,2,9,0,18,0,1,1,0,0,0,4,1,6,1,37,7,1686,2,12,5,1,5
2017460167327,1,9,0,5,0,6,0,0,0,0,1,1,6,3,37,7,-1,-1,-1,-1,-1,-1
2017460167335,1,19,0,18,0,0,0,0,0,0,1,1,6,1,-1,-1,2143,2,5,-1,-1,-1
2017460167335,2,5,0,18,0,0,0,0,0,0,0,1,6,1,58,9,800,1,6,5,3,5
2017460167337,1,5,0,13,0,0,2,0,0,0,1,1,6,1,45,7,750,1,9,4,1,4
2017460167337,2,5,0,13,0,0,2,0,0,0,2,1,6,1,45,7,599,1,15,1,1,1
2017460167337,3,9,0,18,0,0,0,0,0,0,2,1,6,1,56,9,1461,2,-1,10,1,10
2017460167337,4,9,0,2,6,0,0,0,0,0,0,1,1,1,37,7,-1,-1,-1,7,1,7
2017460167402,1,9,0,18,0,0,0,0,0,0,1,1,6,3,37,7,-1,-1,-1,-1,-1,-1
2017460167402,2,9,0,18,0,0,0,0,0,0,1,1,2,2,23,5,1332,1,21,7,1,7
2017460167423,1,5,0,18,0,0,0,0,0,0,1,1,6,1,44,7,745,1,1,8,1,8
2017460167423,2,9,0,18,0,0,0,0,0,0,2,1,6,1,35,6,1798,1,3,10,1,10
2017460167462,1,11,0,3,0,0,0,0,0,0,0,1,6,1,47,8,3900,2,12,4,1,4
2017460167479,1,5,0,3,0,0,0,0,0,0,1,1,6,1,54,8,1340,1,6,9,1,9
2017460167522,1,9,0,5,0,1,0,0,0,0,1,1,5,2,59,9,1242,1,7,6,1,6
2017460167659,1,19,0,18,0,1,0,0,0,0,1,1,6,1,61,9,10837,2,3,5,1,5
2017460167659,2,9,0,18,0,1,0,0,0,0,2,1,1,2,24,5,1388,1,8,-1,-1,-1
2017460167738,1,9,0,18,0,8,0,0,0,0,1,1,6,2,35,6,2495,2,15,7,1,7
2017460167749,1,9,0,18,0,0,0,0,0,0,1,1,6,1,40,7,4196,1,13,4,2,4
2017460167749,2,9,0,18,0,0,0,0,1,11,1,1,6,2,37,7,1598,2,5,4,3,4
2017460167786,1,9,0,18,0,1,0,0,0,0,4,1,6,2,56,9,1390,1,14,4,1,4
2017460167814,1,11,0,18,0,0,0,0,0,0,4,1,1,2,50,8,8268,2,11,5,2,5
2017460167830,1,9,0,9,0,1,0,0,0,0,1,1,6,1,57,9,2987,2,2,8,1,8
2017460167830,2,9,0,18,0,1,0,0,0,0,1,1,6,1,40,7,1995,2,6,9,1,9
2017460167846,1,9,0,18,0,1,0,0,0,0,1,1,5,1,87,11,1197,1,1,6,1,6
2017460167846,2,1,0,10,0,1,0,0,0,0,2,1,6,1,33,6,-1,-1,-1,7,1,7
2017460167863,1,9,0,9,0,8,0,0,0,0,4,1,6,2,47,8,1242,1,1,10,1,10
2017460167863,2,19,0,9,0,8,0,0,0,0,3,1,6,1,35,6,2148,2,9,6,1,6
2017460167872,1,9,0,18,0,8,0,0,0,0,1,1,5,1,21,5,1242,1,19,9,1,9
2017460167885,1,17,0,5,0,0,0,0,0,0,0,1,1,1,34,6,6788,2,3,4,3,4
2017460167885,2,9,0,5,0,0,0,0,0,0,1,1,6,2,79,11,1242,1,9,7,1,7
2017460167903,1,9,0,18,0,0,0,0,0,0,2,1,6,1,61,9,-1,-1,-1,4,2,4
2017460167903,2,9,0,18,0,0,0,0,0,0,1,1,2,1,23,5,1396,1,14,6,2,6
2017460167933,1,9,0,18,0,0,1,4,0,0,1,1,6,1,24,5,1199,1,14,1,1,1
2017460167933,2,9,0,2,0,0,0,0,0,0,4,1,6,1,-1,-1,998,1,7,1,1,1
2017460167933,3,9,0,2,0,0,0,4,1,0,3,1,6,2,-1,-1,1910,2,10,1,1,1
2017460167933,4,9,0,2,0,0,0,0,0,0,2,1,6,1,-1,-1,2398,1,17,1,1,1
2017460168012,1,9,0,7,0,0,0,0,0,0,1,1,5,1,27,6,1399,2,9,7,1,7
2017460168012,2,9,0,18,0,0,0,4,0,0,3,1,5,1,46,8,4164,2,19,6,3,6
2017460168012,3,9,0,2,0,0,0,0,0,0,3,1,5,3,37,7,1968,2,11,-1,-1,-1
2017460168028,1,9,0,7,0,0,0,0,0,0,1,1,6,1,-1,-1,-1,-1,-1,-1,-1,-1
2017460168028,2,1,0,18,0,0,0,0,0,0,1,1,2,1,19,4,-1,-1,-1,3,1,3
2017460168086,1,9,0,18,0,0,0,0,0,0,0,1,6,1,18,4,1390,1,8,5,1,5
2017460168092,1,9,0,18,0,0,0,0,0,0,1,1,6,2,32,6,1796,1,10,-1,-1,-1
2017460168092,2,9,0,3,0,0,0,0,0,0,2,1,6,2,30,6,1686,2,12,7,1,7
2017460168112,1,9,0,17,0,1,0,0,0,0,1,1,1,1,33,6,1968,2,4,4,1,4
2017460168112,2,9,0,17,0,1,0,0,0,0,2,1,1,2,36,7,1198,1,5,5,1,5
2017460168119,1,5,0,18,0,0,1,0,0,0,1,1,1,1,19,4,645,1,4,9,1,9
2017460168119,2,9,0,4,0,0,0,0,0,0,2,1,1,1,41,7,1598,1,5,9,1,9
2017460168120,1,9,0,9,0,2,0,0,0,0,3,1,6,3,-1,-1,2143,2,1,2,1,2
2017460168120,2,4,0,18,0,2,0,0,0,0,4,1,6,1,32,6,600,1,3,8,1,8
2017460168129,1,9,0,18,0,0,0,0,0,0,1,1,1,1,40,7,-1,-1,-1,2,1,2
2017460168129,2,1,0,18,0,0,0,0,0,0,4,1,5,1,57,9,-1,-1,-1,5,1,5
2017460168156,1,9,0,18,0,0,0,0,0,0,1,1,6,3,-1,-1,1399,1,1,-1,-1,-1
2017460168156,2,9,0,18,0,0,0,0,0,0,2,1,6,1,38,7,1997,2,15,2,1,2
2017460168194,1,9,0,18,0,0,5,4,0,0,4,1,6,1,22,5,1461,2,8,10,1,10
2017460168194,2,9,0,2,0,0,0,0,0,0,4,1,6,3,-1,-1,-1,-1,-1,-1,-1,-1
2017460168197,1,9,0,9,0,0,0,0,0,0,1,1,5,1,26,6,-1,-1,-1,6,3,6
2017460168197,2,9,0,18,0,0,0,0,2,0,3,1,5,1,21,5,1968,2,10,6,3,6
2017460168205,1,9,0,17,0,0,0,0,0,0,1,1,6,1,22,5,2494,1,17,3,1,3