Accident_Index,Vehicle_Reference,Vehicle_Type,Towing_and_Articulation,Vehicle_Manoeuvre,Vehicle_Location-Restricted_Lane,Junction_Location,Skidding_and_Overturning,Hit_Object_in_Carriageway,Vehicle_Leaving_Carriageway,Hit_Object_off_Carriageway,1st_Point_of_Impact,Was_Vehicle_Left_Hand_Drive?,Journey_Purpose_of_Driver,Sex_of_Driver,Age_of_Driver,Age_Band_of_Driver,Engine_Capacity_(CC),Propulsion_Code,Age_of_Vehicle,Driver_IMD_Decile,Driver_Home_Area_Type,Vehicle_IMD_Decile
2017460168205,2,9,0,18,0,0,0,0,0,0,1,1,6,2,71,10,1360,1,12,4,1,4
2017460168205,3,9,0,18,0,0,0,0,0,0,1,1,6,1,22,5,1996,1,21,6,1,6
2017460168210,1,9,0,18,0,1,0,0,0,0,1,1,6,1,19,4,1197,1,1,2,1,2
2017460168210,2,1,0,7,0,1,0,0,0,0,2,1,1,1,37,7,-1,-1,-1,2,1,2
2017460168226,1,1,0,18,0,0,0,0,0,0,3,1,6,1,13,3,-1,-1,-1,10,1,10
2017460168226,2,9,0,4,0,0,0,0,0,0,4,1,2,2,25,5,1598,1,7,10,1,10
2017460168252,1,9,0,3,0,0,0,0,0,0,1,1,6,1,31,6,1968,2,7,4,1,4
2017460168252,2,19,0,3,0,0,0,0,0,0,1,1,6,1,61,9,1753,2,13,1,1,1
2017460168260,1,9,0,9,0,0,0,0,0,0,3,1,3,1,52,8,1995,2,2,8,2,8
2017460168260,2,5,0,9,0,0,0,0,0,0,1,1,6,1,52,8,1352,1,8,10,2,10
2017460168266,1,9,0,18,0,0,0,0,0,0,1,1,6,2,37,7,-1,-1,-1,-1,-1,-1
2017460168303,1,9,0,18,0,0,0,0,0,0,4,1,6,2,32,6,1242,1,2,5,1,5
2017460168307,1,9,0,9,0,1,2,0,1,0,1,1,6,3,-1,-1,1910,2,16,-1,-1,-1
2017460168307,2,9,0,18,0,1,0,0,1,0,4,1,6,1,47,8,2967,2,5,5,1,5
2017460168325,1,97,0,18,0,0,0,0,0,0,1,1,6,1,30,6,-1,-1,-1,7,1,7
2017460168325,2,9,0,18,0,0,0,0,0,0,1,1,6,2,30,6,1995,2,4,7,3,7
2017460168339,1,19,0,7,0,6,0,0,0,0,3,1,6,3,-1,-1,1598,2,6,-1,-1,-1
2017460168339,2,9,0,18,0,8,1,0,0,0,1,1,6,2,19,4,1242,1,13,8,1,8
2017460168343,1,9,0,3,0,0,0,0,0,0,1,1,6,2,26,6,1598,2,1,10,1,10
2017460168343,2,98,1,3,0,0,0,0,0,0,3,1,6,1,59,9,-1,-1,-1,-1,-1,-1
2017460168344,1,9,0,4,0,0,0,0,0,0,1,1,6,1,58,9,1598,1,1,9,1,9
2017460168344,2,9,0,3,0,0,0,0,0,0,2,1,6,1,51,8,1596,1,12,7,1,7
2017460168344,3,9,0,3,0,0,0,0,0,0,2,1,6,1,30,6,1995,2,-1,6,2,6
2017460168435,1,9,0,18,0,6,0,0,0,0,1,1,6,1,59,9,1560,2,1,3,1,3
2017460168435,2,9,0,17,0,1,0,0,0,0,1,1,6,1,65,9,1560,2,3,7,2,7
2017460168476,1,9,0,9,0,1,0,0,0,0,1,1,6,1,34,6,2204,2,11,6,1,6
2017460168476,2,9,0,18,0,8,0,0,0,0,1,1,2,2,32,6,1248,1,7,3,1,3
2017460168503,1,9,0,18,0,1,0,0,0,0,1,1,6,1,32,6,1896,2,13,2,1,2
2017460168503,2,9,0,3,0,1,0,0,0,0,2,1,6,2,24,5,1598,1,9,6,1,6
2017460168514,1,9,0,4,0,0,0,0,0,0,1,1,5,1,81,11,2494,8,2,10,1,10
2017460168514,2,5,0,4,0,0,0,0,0,0,4,1,5,1,69,10,618,1,12,4,1,4
2017460168523,1,9,0,18,0,0,0,0,0,0,1,1,6,1,21,5,1582,2,6,5,1,5
2017460168523,2,9,0,18,0,0,0,0,0,0,2,1,6,1,45,7,-1,-1,-1,9,1,9
2017460168533,1,9,0,18,0,1,0,0,0,0,1,1,6,3,37,7,1989,1,17,-1,-1,-1
2017460168533,2,2,0,18,0,1,0,0,0,0,0,1,6,1,16,4,49,1,5,4,1,4
2017460168535,1,9,0,9,0,8,0,0,0,0,1,1,6,1,43,7,1339,1,7,6,1,6
2017460168535,2,1,0,18,0,1,0,0,0,0,3,1,2,1,20,4,-1,-1,-1,5,1,5
2017460168547,1,9,0,16,0,0,2,0,0,0,1,1,5,1,53,8,1997,2,15,5,3,5
2017460168549,1,9,0,9,0,1,0,0,0,0,1,1,5,1,19,4,1753,2,9,8,1,8
2017460168549,2,9,0,9,0,1,0,0,0,0,2,1,5,2,31,6,1364,1,10,3,1,3
2017460168567,1,9,0,4,0,0,0,0,0,0,1,1,5,1,34,6,1997,2,7,5,3,5
2017460168567,2,9,0,4,0,0,0,0,0,0,1,1,5,1,41,7,1997,2,5,4,3,4
2017460168567,3,9,0,4,0,0,0,0,0,0,1,1,5,2,68,10,1339,1,5,7,2,7
2017460168567,4,9,0,4,0,0,0,0,0,0,0,1,5,3,37,7,-1,-1,-1,-1,-1,-1
2017460168577,1,9,0,3,0,1,0,0,0,0,2,1,6,2,18,4,1199,1,13,10,1,10
2017460168577,2,9,0,18,0,1,0,0,0,0,1,1,6,2,37,7,1968,2,5,4,1,4
2017460168585,1,2,0,18,0,1,0,0,0,0,1,1,6,1,17,4,50,1,7,6,1,6
2017460168585,2,9,0,2,0,2,0,0,0,0,3,1,6,1,24,5,1998,1,9,2,1,2
2017460168587,1,19,0,16,0,6,1,0,0,0,1,1,2,1,41,7,2286,2,13,4,3,4
2017460168587,2,9,0,18,0,1,0,0,0,0,1,1,5,2,48,8,1399,1,8,3,1,3
2017460168594,1,9,0,9,0,6,0,0,0,0,1,1,6,1,52,8,1995,2,3,10,1,10
2017460168594,2,9,0,18,0,1,0,0,0,0,4,1,6,2,26,6,1598,1,7,-1,-1,-1
2017460168616,1,9,0,18,0,0,0,0,0,0,3,1,2,1,32,6,1198,1,1,2,1,2
2017460168633,1,9,0,18,0,0,0,0,0,0,1,1,6,1,31,6,1995,2,10,8,1,8
2017460168633,2,9,0,3,0,0,0,0,0,0,2,1,6,1,56,9,1560,2,4,10,1,10
2017460168666,1,9,0,18,0,8,0,0,0,0,1,1,6,1,24,5,1343,1,13,-1,-1,-1
2017460168666,2,9,0,7,0,6,0,0,0,0,3,1,6,1,40,7,2204,2,11,2,1,2
2017460168679,1,9,0,17,0,1,0,0,0,0,1,1,6,2,22,5,1389,1,21,3,1,3
2017460168679,2,9,0,16,0,1,1,0,0,0,2,1,6,1,47,8,1997,2,8,7,3,7
2017460168686,1,9,0,4,0,0,0,0,0,0,1,1,6,1,34,6,1800,1,19,7,2,7
2017460168686,2,9,0,4,0,0,0,0,0,0,2,1,6,2,38,7,1998,2,11,8,1,8
2017460168700,1,9,0,18,0,0,0,0,0,0,4,1,5,2,74,10,1560,2,8,6,3,6
2017460168700,2,9,0,18,0,0,1,10,2,0,3,1,1,1,32,6,-1,-1,-1,4,2,4
2017460168702,1,20,0,18,0,7,0,0,0,0,1,1,1,1,49,8,-1,-1,-1,-1,-1,-1
2017460168702,2,9,0,5,0,7,0,0,0,0,2,1,2,2,19,4,1200,1,1,6,3,6
2017460168742,1,9,0,18,0,1,0,0,0,0,1,1,6,1,35,6,1086,1,11,7,1,7
2017460168742,2,9,0,18,0,1,0,0,0,0,4,1,2,1,-1,-1,1299,1,16,7,1,7
2017460168761,1,9,0,18,0,0,0,0,0,0,0,1,6,2,49,8,1229,1,4,6,1,6
2017460168762,1,9,0,18,0,0,2,10,0,0,0,1,5,1,19,4,1198,1,9,10,1,10
2017460168768,1,9,0,3,0,0,0,0,0,0,0,1,6,3,37,7,-1,-1,-1,-1,-1,-1
2017460168768,2,9,0,3,0,0,0,0,0,0,3,1,6,2,21,5,1198,1,-1,3,1,3
2017460168793,1,9,0,18,0,0,0,0,0,0,4,1,6,2,40,7,1248,2,8,7,1,7
2017460168832,1,5,0,18,0,1,0,0,0,0,1,1,6,1,61,9,883,1,4,7,1,7
2017460168832,2,9,0,18,0,1,0,0,0,0,1,1,5,2,34,6,1242,1,10,3,1,3
2017460168832,3,9,0,18,0,1,0,0,0,0,1,1,5,1,72,10,999,1,2,9,1,9
2017460168835,1,9,0,18,0,0,0,7,4,6,3,1,6,1,67,10,1999,2,-1,9,2,9
2017460168835,2,9,0,11,0,0,0,0,0,0,4,1,6,1,42,7,1968,2,3,10,3,10
2017460168835,3,9,0,4,0,0,0,0,0,0,4,1,6,2,56,9,1994,2,10,5,1,5
2017460168835,4,9,0,4,0,0,0,0,0,0,3,1,6,1,42,7,1496,2,1,5,1,5
2017460168871,1,9,0,4,0,0,0,0,0,0,1,1,6,1,79,11,1229,1,13,6,1,6
2017460168879,1,5,0,17,0,0,0,10,0,0,4,1,5,1,26,6,599,1,17,6,2,6
2017460168887,1,9,0,18,0,0,0,0,0,0,1,1,6,1,27,6,1968,2,3,3,1,3
2017460168887,2,9,0,18,0,0,0,0,0,0,2,1,6,1,-1,-1,2996,1,9,7,2,7
2017460168892,1,9,0,11,0,0,0,0,0,0,1,1,5,2,48,8,2979,1,16,5,1,5
2017460168892,2,9,0,11,0,0,0,0,0,0,1,1,5,1,34,6,2993,2,2,7,1,7
2017460168892,3,9,0,11,0,0,0,0,0,0,2,1,5,1,31,6,-1,-1,-1,4,1,4
2017460168892,4,9,0,11,0,0,0,0,0,0,2,1,6,1,22,5,973,1,14,10,1,10
2017460168892,5,9,0,11,0,0,0,0,0,0,1,1,5,1,37,7,1998,1,10,6,1,6
2017460168913,1,9,0,17,0,0,1,0,1,0,3,1,2,1,26,6,1984,1,15,6,2,6
2017460168950,1,3,0,18,0,1,0,0,0,0,1,1,1,1,37,7,125,1,1,4,1,4
2017460168950,2,9,0,9,0,5,0,0,0,0,3,1,6,1,59,9,1598,1,5,7,1,7
2017460168979,1,9,0,18,0,0,0,0,0,0,1,1,6,1,30,6,1595,1,4,8,1,8
2017460168979,2,19,0,18,0,0,0,0,0,0,2,1,1,1,57,9,2198,2,1,7,1,7
2017460168979,3,19,0,18,0,0,0,0,0,0,2,1,1,1,58,9,1560,2,4,10,1,10
2017460168997,1,1,0,18,5,0,5,7,0,0,1,1,2,1,23,5,-1,-1,-1,5,1,5
2017460169071,1,9,0,18,0,0,5,0,1,0,1,1,6,1,31,6,2179,2,5,2,1,2
2017460169071,2,9,0,18,0,0,0,0,1,0,2,1,2,1,37,7,2198,2,12,5,2,5
2017460169075,1,11,0,2,0,0,0,0,0,0,0,1,1,1,56,9,4250,2,4,6,1,6
2017460169079,1,9,0,18,0,0,0,0,0,0,2,1,6,2,60,9,1560,2,7,4,3,4
2017460169079,2,9,0,18,0,0,0,0,0,0,1,1,6,2,47,8,1390,1,9,5,2,5
2017460169110,1,19,0,18,0,0,0,0,0,0,1,1,6,1,39,7,2198,2,5,5,1,5
2017460169110,2,9,0,18,0,0,0,0,0,0,2,1,6,2,64,9,1299,1,16,9,2,9
2017460169139,1,11,0,12,0,0,0,0,0,0,3,1,6,1,53,8,4500,2,8,1,1,1
2017460169139,2,9,0,18,0,0,0,0,0,0,4,1,6,1,54,8,2993,2,1,9,1,9
2017460169159,1,9,0,3,0,1,0,0,0,0,1,1,6,1,42,7,1399,1,11,5,1,5
2017460169172,1,9,0,18,0,0,0,0,5,11,1,1,6,1,22,5,1390,1,14,7,2,7
2017460169316,1,9,0,18,0,0,0,0,0,0,1,1,6,1,32,6,1587,1,15,2,1,2
2017460169316,2,9,0,4,0,0,0,0,0,0,2,1,6,2,47,8,1298,1,14,3,1,3
2017460169316,3,21,0,4,0,0,0,0,0,0,2,1,1,1,23,5,7146,2,4,10,2,10
2017460169361,1,9,0,18,0,0,0,0,0,0,1,1,6,1,57,9,-1,-1,-1,5,3,5
2017460169361,2,9,0,2,0,0,0,0,0,0,2,1,6,1,40,7,-1,-1,-1,7,1,7
2017460169374,1,9,0,18,0,0,0,0,0,0,1,1,6,3,-1,-1,-1,-1,-1,-1,-1,-1
2017460169388,1,9,0,18,0,0,5,10,0,0,1,1,6,1,49,8,1997,1,16,6,2,6
2017460169390,1,9,0,18,0,0,0,0,0,0,4,1,2,1,20,4,1685,2,1,8,1,8
2017460169506,1,9,0,6,0,0,1,0,0,0,1,1,1,1,29,6,1149,1,15,7,2,7
2017460169506,2,9,0,18,0,0,0,0,0,0,1,1,1,1,40,7,1499,2,2,2,1,2
2017460169506,3,9,0,1,0,0,0,0,0,0,2,1,1,1,37,7,1560,2,3,2,1,2
2017460169571,1,9,0,18,0,0,0,0,0,0,1,1,6,1,50,8,-1,-1,-1,2,1,2
2017460169571,2,9,0,2,0,0,0,0,0,0,3,1,6,1,26,6,1798,2,4,6,1,6
2017460169703,1,9,0,7,0,0,0,0,0,0,4,1,5,1,37,7,2179,2,4,8,3,8
2017460169703,2,3,0,18,0,0,1,0,0,0,0,1,1,1,18,4,125,1,2,10,1,10
2017460169745,1,1,0,9,0,0,0,0,0,0,0,1,6,2,61,9,-1,-1,-1,3,1,3
2017460169745,2,9,0,18,0,0,0,0,0,0,4,1,6,2,26,6,1242,1,9,-1,-1,-1
2017460169756,1,9,0,18,0,0,0,0,0,0,3,1,2,1,65,9,2400,2,-1,2,1,2
2017460169756,2,2,0,18,0,0,0,0,0,0,4,1,2,1,17,4,50,1,9,3,1,3
2017460169756,3,11,0,18,0,0,0,0,0,0,0,1,6,3,-1,-1,-1,-1,-1,-1,-1,-1
2017460169774,1,9,0,16,0,0,1,0,7,0,1,1,6,1,23,5,1596,1,9,5,1,5
2017460169789,1,9,0,18,0,0,0,0,0,0,1,1,6,1,71,10,1398,1,3,2,1,2
2017460169790,1,9,0,7,0,6,0,0,0,0,0,1,5,1,47,8,4999,1,2,6,1,6
2017460169790,2,11,0,18,0,2,0,0,0,0,0,1,1,1,53,8,9291,2,9,6,1,6
2017460169795,1,9,0,9,0,5,0,0,0,0,1,1,6,2,18,4,1199,1,13,9,2,9
2017460169795,2,5,0,18,0,1,0,0,0,0,1,1,2,1,30,6,649,1,9,9,3,9
2017460169813,1,9,0,18,0,0,0,0,0,0,0,1,6,1,17,4,1242,1,5,6,1,6
2017460169831,1,3,0,18,0,0,0,0,0,0,1,1,6,1,28,6,124,1,4,8,2,8
2017460169834,1,9,0,1,0,0,0,0,0,0,2,1,6,3,-1,-1,-1,-1,-1,-1,-1,-1
2017460169834,2,9,0,2,0,0,0,0,0,0,1,1,6,2,47,8,1995,1,13,1,1,1
2017460169847,1,11,0,5,0,0,0,0,0,0,4,1,1,1,49,8,4461,2,4,2,1,2
2017460169860,1,9,0,4,0,0,0,0,0,0,1,1,6,1,29,6,1995,2,1,10,2,10
2017460169860,2,9,0,4,0,0,0,0,0,0,2,1,1,2,19,4,1240,1,13,4,1,4
2017460169904,1,9,0,5,0,4,0,0,0,0,1,1,6,1,49,8,1598,2,8,9,3,9
2017460169904,2,9,0,4,0,2,0,0,0,0,4,1,6,1,52,8,4799,1,9,9,3,9
2017460169939,1,9,0,1,0,1,0,0,0,0,2,1,6,1,-1,-1,-1,-1,-1,-1,-1,-1
2017460169945,1,9,0,9,0,5,0,0,0,0,1,1,6,1,64,9,1587,1,13,2,1,2
2017460169945,2,3,0,18,0,1,0,0,0,0,3,1,6,1,17,4,124,1,10,3,1,3
2017460169957,1,9,0,18,0,0,0,0,0,0,1,1,6,3,37,7,-1,-1,-1,-1,-1,-1
2017460169973,1,3,0,18,0,0,1,0,0,0,1,1,6,1,27,6,125,1,1,3,1,3
2017460169973,2,9,0,3,0,0,0,0,0,0,2,1,1,1,26,6,-1,-1,-1,6,2,6
2017460169989,1,19,0,3,0,0,0,0,0,0,0,1,6,1,34,6,2463,2,8,4,1,4
2017460169989,2,1,0,3,0,0,0,0,0,0,2,1,6,1,44,7,-1,-1,-1,3,1,3
2017460170017,1,5,0,18,0,1,0,0,0,0,1,1,6,1,17,4,989,1,30,7,3,7
2017460170017,2,9,0,4,0,1,0,0,0,0,1,1,6,2,-1,-1,2179,2,4,8,3,8
2017460170154,1,9,0,18,0,0,0,0,0,0,1,1,6,3,-1,-1,-1,-1,-1,-1,-1,-1
2017460170187,1,9,0,18,0,0,1,0,0,0,3,1,5,1,37,7,-1,-1,-1,10,1,10
2017460170188,1,9,0,9,0,8,0,0,0,0,4,1,6,1,25,5,1149,1,9,7,1,7
2017460170188,2,9,0,18,0,8,0,0,0,0,1,1,6,2,28,6,1968,2,1,9,1,9
2017460170211,1,9,0,9,0,0,0,7,7,0,3,1,1,1,74,10,1598,1,8,3,1,3
2017460170241,1,9,0,1,0,0,0,0,0,0,2,1,6,1,37,7,1197,1,-1,-1,-1,-1
2017460170241,2,9,0,4,0,0,0,0,0,0,1,1,3,2,35,6,1397,1,16,3,1,3
2017460170332,1,5,0,18,0,0,5,12,0,0,1,1,6,1,40,7,998,1,9,10,1,10
2017460170332,2,9,0,4,0,0,5,12,0,0,2,1,6,1,53,8,2993,2,2,7,2,7
2017460170348,1,9,0,18,0,0,0,0,0,0,1,1,1,2,36,7,1461,2,3,8,1,8
2017460170370,1,19,0,4,0,0,0,0,0,0,1,1,2,1,25,5,1560,2,3,3,1,3
2017460170370,2,9,0,2,0,0,0,0,0,0,2,1,5,1,23,5,1242,1,1,7,1,7
2017460170383,1,9,0,7,0,8,0,0,0,0,1,1,6,1,55,8,1461,2,3,6,1,6
2017460170383,2,9,0,4,0,8,0,0,0,0,3,1,6,1,50,8,2902,2,13,6,1,6
2017460170441,1,9,0,18,0,0,0,0,0,0,0,1,5,2,18,4,1598,1,5,5,1,5
2017460170441,2,9,0,18,0,0,0,0,0,0,2,1,5,1,20,4,1198,1,5,2,1,2
2017460170446,1,9,0,3,0,0,0,0,0,0,1,1,6,1,60,9,1753,2,11,6,3,6
2017460170570,1,9,0,18,0,0,0,0,0,0,1,1,1,2,47,8,1896,2,14,-1,-1,-1
2017460170570,2,9,0,18,0,0,0,0,0,0,0,1,6,3,37,7,-1,-1,-1,-1,-1,-1
2017460170648,1,9,0,1,6,0,0,0,0,0,2,1,6,2,48,8,1560,2,5,4,3,4
2017460170680,1,9,0,1,9,0,0,0,0,0,2,1,6,1,54,8,1968,2,1,10,1,10
2017460170680,2,1,0,18,9,0,0,0,0,0,1,1,4,1,15,3,-1,-1,-1,-1,-1,-1
2017460170726,1,9,0,18,0,0,0,0,0,0,0,1,6,1,73,10,1584,1,12,5,1,5
2017460170726,2,9,0,18,0,0,0,10,0,0,0,1,6,1,34,6,1461,2,1,1,1,1
2017460170727,1,9,0,5,0,1,0,0,0,0,1,1,6,1,60,9,2494,1,15,6,1,6
2017460170727,2,9,0,18,0,1,0,0,0,0,1,1,6,2,42,7,1999,2,1,7,1,7
2017460170763,1,3,0,5,0,1,5,0,0,0,4,1,6,1,22,5,124,1,9,8,3,8
2017460170763,2,9,0,18,0,1,1,0,0,0,1,1,6,1,72,10,2993,2,7,8,3,8
2017460170785,1,9,0,11,0,0,0,0,0,0,1,1,5,1,40,7,2979,1,10,2,1,2
2017460170785,2,9,0,18,0,0,0,0,0,0,3,1,5,2,54,8,875,1,6,2,1,2
2017460170785,3,19,0,18,0,0,0,0,0,0,2,1,1,1,53,8,-1,-1,-1,7,1,7
2017460170785,4,9,0,18,0,0,0,0,0,0,1,1,5,2,20,4,1242,1,2,9,1,9
2017460170791,1,9,0,9,0,1,0,0,0,0,1,1,1,1,73,10,1598,1,6,6,3,6
2017460170791,2,1,0,18,0,1,0,0,0,0,3,1,6,1,68,10,-1,-1,-1,5,3,5
2017460170792,1,9,0,18,0,0,0,0,0,0,1,1,6,2,18,4,1390,1,7,-1,-1,-1
2017460170792,2,9,0,18,0,0,0,0,0,0,2,1,6,2,40,7,1968,2,8,6,2,6
2017460170808,1,9,0,11,0,0,1,0,0,0,1,1,6,2,65,9,-1,-1,-1,10,1,10
2017460170808,2,9,0,18,0,0,1,0,0,0,3,1,6,1,21,5,1598,2,4,6,1,6
2017460170809,1,9,0,14,0,0,0,0,1,4,1,1,2,2,50,8,995,1,9,9,1,9
2017460170841,1,9,0,3,0,6,0,0,0,0,1,1,6,2,37,7,1461,2,1,10,3,10
2017460170841,2,9,0,18,0,1,0,0,0,0,1,1,6,2,51,8,-1,3,-1,7,1,7
2017460170856,1,98,0,12,0,0,0,0,0,0,1,1,1,1,46,8,-1,-1,-1,3,1,3
2017460170856,2,9,0,11,0,0,1,0,1,0,2,1,5,2,55,8,1686,2,13,-1,-1,-1
2017460170873,1,4,0,18,0,1,1,0,0,0,1,1,6,1,22,5,398,1,15,-1,-1,-1
2017460170873,2,9,0,9,0,1,0,0,0,0,2,1,2,2,41,7,998,1,-1,-1,-1,-1
2017460170884,1,9,0,18,0,1,0,0,0,0,1,1,6,1,37,7,1598,1,11,6,1,6
2017460170884,2,9,0,3,0,1,0,0,0,0,2,1,6,1,38,7,1329,1,5,7,1,7
2017460170884,3,9,0,3,0,1,0,0,0,0,2,1,6,2,37,7,998,1,3,9,1,9
2017460170884,4,9,0,3,0,1,0,0,0,0,1,1,6,2,37,7,1995,2,3,8,1,8
2017460170953,1,9,0,18,0,0,0,0,0,0,0,1,5,2,47,8,1995,2,2,6,1,6
2017460170953,2,9,0,13,0,0,0,7,0,0,2,1,5,1,30,6,2198,2,11,6,1,6
2017460170987,1,9,0,18,0,0,0,0,0,0,3,1,1,1,40,7,-1,-1,-1,8,2,8
2017460170987,2,9,0,18,0,0,0,0,0,0,3,1,1,1,56,9,1968,2,9,4,3,4
2017460170987,3,9,0,18,0,0,0,0,0,0,3,1,1,1,50,8,1995,2,3,4,3,4
2017460170992,1,3,0,18,0,0,0,11,0,0,0,1,6,1,19,4,124,1,16,7,3,7
2017460170997,1,19,0,18,0,0,0,0,0,0,3,1,6,1,77,11,1995,2,9,7,1,7
2017460171015,1,9,0,11,0,0,0,0,0,0,4,1,1,1,58,9,-1,-1,-1,10,1,10
2017460171015,2,9,0,18,0,0,0,0,0,0,1,1,6,1,23,5,1598,1,5,3,1,3
2017460171021,1,9,0,18,0,0,1,0,0,0,1,1,5,1,52,8,998,1,21,6,1,6
2017460171021,2,9,0,18,0,0,0,0,0,0,2,1,5,2,51,8,2993,2,5,10,1,10
2017460171121,1,9,0,13,0,8,0,0,7,0,1,1,5,1,27,6,-1,-1,-1,6,3,6
2017460171121,2,9,0,9,0,1,0,0,7,0,1,1,5,2,23,5,1598,1,10,10,2,10
2017460171123,1,9,0,5,0,0,0,0,0,0,3,1,2,1,31,6,1388,1,12,5,1,5
2017460171123,2,3,0,13,0,0,0,0,0,0,1,1,2,1,18,4,124,1,9,2,1,2
2017460171179,1,9,0,18,0,0,0,0,0,0,3,1,6,1,37,7,1499,2,2,2,1,2
2017460171179,2,9,0,18,0,0,0,0,0,0,1,1,6,2,22,5,1199,1,18,1,1,1
2017460171182,1,9,0,9,0,0,0,0,0,0,3,1,6,2,25,5,1398,1,-1,8,1,8
2017460171182,2,2,0,18,0,0,0,0,0,0,1,1,6,1,16,4,50,1,6,9,1,9
2017460171198,1,9,0,2,0,0,0,0,0,0,2,1,6,3,37,7,-1,-1,-1,-1,-1,-1
2017460171198,2,1,0,18,0,0,0,0,0,0,1,1,6,1,19,4,-1,-1,-1,4,1,4
2017460171252,1,9,0,9,0,0,0,0,0,0,3,1,1,1,58,9,1343,1,14,-1,-1,-1
2017460171252,2,3,0,18,0,0,0,0,0,0,1,1,2,1,19,4,124,1,15,7,1,7
2017460171287,1,9,0,18,9,0,0,0,0,0,4,1,6,2,52,8,1796,1,9,3,1,3
2017460171287,2,1,0,18,9,0,0,0,0,0,1,1,6,1,15,3,-1,-1,-1,1,1,1
2017460171456,1,2,0,18,0,3,1,0,0,0,4,1,4,1,16,4,49,1,3,6,1,6
2017460171484,1,9,0,18,0,0,0,0,0,0,4,1,6,1,30,6,1769,1,16,5,1,5
2017460171503,1,9,0,13,0,0,0,0,0,0,4,1,6,1,35,6,1969,2,2,7,1,7
2017460171503,2,9,0,18,0,0,0,0,0,0,3,1,6,1,30,6,2198,2,13,5,1,5
2017460171589,1,2,0,16,0,0,0,0,0,0,1,1,5,2,59,9,49,1,2,10,2,10
2017460171589,2,9,0,17,0,0,0,0,0,0,3,1,5,2,34,6,1200,1,-1,7,2,7
2017460171618,1,1,0,18,0,0,0,0,0,0,1,1,6,1,-1,-1,-1,-1,-1,-1,-1,-1
2017460171618,2,9,0,18,0,0,0,0,0,0,4,1,6,1,47,8,1984,1,1,9,1,9
2017460171656,1,11,0,3,0,1,0,0,0,0,0,1,6,1,49,8,9000,2,1,5,1,5
2017460171680,1,2,0,9,0,2,0,0,0,0,1,1,6,2,47,8,49,1,26,5,1,5
2017460171696,1,9,0,3,0,1,0,0,0,0,0,1,6,1,19,4,1399,2,10,4,3,4
2017460171697,1,19,0,4,0,8,1,9,1,0,1,1,1,1,31,6,2198,2,5,1,1,1
2017460171697,2,9,0,5,0,8,0,0,1,0,3,1,2,2,53,8,1398,2,7,6,2,6
2017460171744,1,9,0,7,0,0,1,0,1,0,4,1,6,2,74,10,1461,2,7,7,1,7
2017460171744,2,9,0,18,0,0,1,0,0,0,3,1,6,2,23,5,1199,1,16,1,1,1
2017460171754,1,9,0,3,0,1,0,0,0,0,1,1,6,1,28,6,1995,2,1,7,1,7
2017460171754,2,8,0,3,0,1,0,0,0,0,1,1,6,1,38,7,2148,2,7,4,3,4
2017460171776,1,9,0,3,0,0,0,0,0,0,1,1,6,2,37,7,1598,1,9,1,1,1
2017460171812,1,9,0,2,6,0,0,0,0,0,0,1,6,1,64,9,3387,1,10,-1,-1,-1
2017460171812,2,21,1,18,0,0,4,11,0,0,1,1,1,1,53,8,-1,-1,-1,4,1,4
2017460171827,1,1,0,18,9,0,0,0,0,0,1,1,6,2,37,7,-1,-1,-1,-1,-1,-1
2017460171827,2,9,0,18,0,0,0,0,0,0,1,1,6,1,36,7,-1,-1,-1,5,1,5
2017460171828,1,1,0,18,0,0,0,0,0,0,1,1,5,1,13,3,-1,-1,-1,4,1,4
2017460171828,2,9,0,18,0,0,0,0,0,0,4,1,5,1,46,8,1997,2,9,2,1,2
2017460171844,1,9,0,2,9,0,0,0,0,0,3,1,6,3,-1,-1,-1,-1,-1,-1,-1,-1
2017460171844,2,22,0,18,9,0,0,0,0,0,4,1,6,1,37,7,-1,-1,-1,4,1,4
2017460171860,1,9,0,18,0,1,1,0,0,0,2,1,6,3,-1,-1,-1,-1,-1,-1,-1,-1
2017460171860,2,9,0,18,0,1,0,0,0,0,1,1,6,1,52,8,1499,2,1,4,1,4
2017460171897,1,10,0,18,0,1,0,0,0,0,1,1,1,1,-1,-1,2461,2,11,3,1,3
2017460171897,2,9,0,10,0,1,0,0,0,0,2,1,2,2,21,5,2143,2,1,8,1,8
2017460171933,1,98,1,1,0,0,0,0,0,0,0,1,1,1,22,5,-1,-1,-1,-1,-1,-1
2017460171933,2,9,0,18,0,0,0,0,0,0,2,1,5,2,27,6,998,1,2,4,3,4
2017460171933,3,3,0,18,0,0,0,4,0,0,1,1,5,1,21,5,125,1,1,10,1,10
2017460171933,4,9,0,6,0,0,0,4,0,0,3,1,5,2,70,10,1598,1,3,8,2,8
2017460172070,1,11,0,4,0,0,0,0,0,0,4,1,1,1,64,9,7300,2,13,1,1,1
2017460172128,1,9,0,18,0,0,0,0,0,0,1,1,6,2,57,9,2149,2,10,4,2,4
2017460172184,1,2,0,11,0,0,0,0,0,0,0,1,6,1,19,4,125,1,1,5,1,5
2017460172184,2,9,0,13,0,0,0,0,0,0,0,1,2,1,66,10,-1,-1,-1,5,1,5