Accident_Index,Vehicle_Reference,Vehicle_Type,Towing_and_Articulation,Vehicle_Manoeuvre,Vehicle_Location-Restricted_Lane,Junction_Location,Skidding_and_Overturning,Hit_Object_in_Carriageway,Vehicle_Leaving_Carriageway,Hit_Object_off_Carriageway,1st_Point_of_Impact,Was_Vehicle_Left_Hand_Drive?,Journey_Purpose_of_Driver,Sex_of_Driver,Age_of_Driver,Age_Band_of_Driver,Engine_Capacity_(CC),Propulsion_Code,Age_of_Vehicle,Driver_IMD_Decile,Driver_Home_Area_Type,Vehicle_IMD_Decile
2017460172185,1,19,0,18,0,1,0,0,0,0,1,1,6,1,33,6,1995,2,3,1,1,1
2017460172185,2,9,0,5,0,1,0,0,0,0,1,1,6,2,20,4,1599,1,12,3,1,3
2017460172198,1,1,0,3,0,0,0,0,0,0,1,1,6,1,10,2,-1,-1,-1,6,1,6
2017460172198,2,9,0,3,0,0,0,0,0,0,0,1,6,2,45,7,1598,1,6,9,1,9
2017460172206,1,9,0,18,0,4,0,0,0,0,3,1,6,1,25,5,1997,2,6,10,1,10
2017460172206,2,9,0,18,0,4,0,0,0,0,1,1,6,2,19,4,999,1,1,7,1,7
2017460172212,1,19,0,1,0,8,0,0,0,0,-1,1,6,1,-1,-1,1753,2,11,7,1,7
2017460172212,2,4,0,4,0,8,0,0,0,0,-1,1,5,1,61,9,399,1,4,5,1,5
2017460172358,1,9,0,9,0,0,0,0,0,0,0,1,6,3,37,7,-1,-1,-1,-1,-1,-1
2017460172358,2,9,0,18,0,0,0,0,0,0,0,1,6,1,69,10,1598,2,4,-1,-1,-1
2017460172358,3,5,0,18,0,0,0,0,0,0,3,1,6,1,54,8,1731,1,5,4,2,4
2017460172415,1,19,0,18,0,0,0,4,0,0,1,1,1,1,39,7,1997,2,1,8,1,8
2017460172415,2,9,0,2,0,0,0,0,0,0,1,1,5,3,37,7,1197,1,2,-1,-1,-1
2017460172421,1,9,0,18,0,4,0,0,0,0,1,1,2,1,46,8,1998,2,10,5,2,5
2017460172421,2,9,0,18,0,3,0,0,0,0,3,1,2,2,26,6,1587,1,13,3,1,3
2017460172430,1,5,0,18,0,0,0,0,0,0,2,1,6,1,58,9,1450,1,12,7,2,7
2017460172430,2,9,0,18,0,0,0,0,0,0,0,1,6,3,37,7,-1,-1,-1,-1,-1,-1
2017460172430,3,9,0,18,0,0,0,0,0,0,0,1,6,3,37,7,-1,-1,-1,-1,-1,-1
2017460172439,1,9,0,9,0,1,0,0,0,0,1,1,6,1,47,8,-1,-1,-1,2,1,2
2017460172439,2,9,0,18,0,1,0,0,0,0,1,1,6,1,22,5,1596,1,3,8,1,8
2017460172488,1,9,0,18,0,0,0,12,0,0,1,1,6,1,78,11,1596,1,14,8,2,8
2017460172499,1,9,0,18,0,0,0,0,0,0,1,1,6,1,17,4,1242,1,9,5,2,5
2017460172499,2,9,0,4,0,0,0,0,0,0,2,1,1,1,55,8,-1,-1,-1,9,1,9
2017460172514,1,1,0,18,0,0,0,0,0,0,1,1,6,1,71,10,-1,-1,-1,10,1,10
2017460172514,2,9,0,18,0,0,0,0,0,0,4,1,2,1,37,7,-1,-1,-1,7,3,7
2017460172555,1,9,0,18,0,0,0,0,0,0,1,1,5,2,20,4,1390,1,10,6,1,6
2017460172555,2,9,0,18,0,0,0,0,0,0,2,1,5,1,49,8,1499,2,2,5,1,5
2017460172564,1,9,0,18,0,0,0,0,0,0,4,1,6,1,22,5,1968,2,4,1,2,1
2017460172573,1,9,0,18,0,0,0,0,0,0,1,1,1,2,51,8,1597,1,7,8,1,8
2017460172581,1,9,0,18,0,0,0,0,0,0,1,1,6,2,28,6,1598,1,15,5,1,5
2017460172581,2,9,0,2,0,0,0,0,0,0,1,1,6,2,-1,-1,2488,2,12,8,1,8
2017460172581,3,9,0,2,0,0,0,0,0,0,1,1,6,2,-1,-1,1461,2,1,8,1,8
2017460172581,4,9,0,2,0,0,0,0,0,0,1,1,6,1,26,6,1956,2,3,8,1,8
2017460172595,1,19,0,9,0,0,0,0,0,0,4,1,1,1,21,5,1995,2,6,2,1,2
2017460172595,2,98,0,18,0,0,0,0,0,0,1,1,1,1,50,8,-1,-1,-1,-1,-1,-1
2017460172644,1,9,0,18,0,1,0,0,0,0,1,1,3,2,44,7,1461,2,9,4,1,4
2017460172644,2,9,0,9,0,1,0,0,0,0,1,1,6,1,31,6,2179,2,13,9,1,9
2017460172647,1,9,0,2,0,1,0,0,0,0,3,1,1,2,34,6,1560,2,5,4,1,4
2017460172647,2,9,0,18,0,8,0,0,0,0,4,1,6,2,46,8,1398,1,7,5,1,5
2017460172651,1,19,0,18,0,4,0,0,0,0,1,1,6,1,61,9,1998,2,14,3,1,3
2017460172651,2,1,0,9,0,8,0,0,0,0,3,1,5,1,51,8,-1,-1,-1,6,1,6
2017460172737,1,9,0,18,0,0,0,12,0,0,1,1,6,1,34,6,-1,-1,-1,4,1,4
2017460172737,2,9,0,18,0,0,0,12,0,0,2,1,6,1,22,5,1242,1,16,3,1,3
2017460172737,3,9,0,18,0,0,0,12,0,0,2,1,6,2,48,8,1796,1,15,3,1,3
2017460172749,1,9,0,9,0,5,0,0,0,0,4,1,2,1,31,6,1560,2,5,7,1,7
2017460172773,1,9,0,18,0,0,0,0,0,0,1,1,1,1,57,9,-1,-1,-1,5,1,5
2017460172773,2,9,0,4,0,0,5,0,1,0,2,1,1,1,29,6,-1,-1,-1,7,3,7
2017460172773,3,9,0,4,0,0,0,0,0,0,2,1,5,2,41,7,1560,2,8,8,1,8
2017460172790,1,98,0,9,0,8,0,0,0,0,4,1,2,1,52,8,-1,-1,-1,10,2,10
2017460172790,2,5,0,18,0,1,0,0,0,0,1,1,6,1,37,7,999,1,5,10,1,10
2017460172801,1,9,0,1,0,0,0,4,0,0,2,1,6,2,37,7,1781,1,12,9,1,9
2017460172801,2,19,0,2,0,0,0,0,0,0,3,1,1,1,37,7,1560,2,3,5,2,5
2017460172811,1,9,0,18,0,0,0,0,0,0,2,1,6,1,52,8,1997,2,8,3,1,3
2017460172811,2,9,0,18,0,0,0,0,0,0,1,1,6,1,23,5,1560,2,10,8,1,8
2017460172872,1,9,0,8,0,5,0,0,0,0,1,1,6,1,27,6,1395,1,1,3,1,3
2017460172872,2,9,0,18,0,8,5,0,0,0,1,1,6,1,73,10,1461,2,7,6,1,6
2017460172880,1,9,0,7,0,2,0,0,0,0,1,1,6,2,79,11,1587,1,12,5,1,5
2017460172880,2,1,0,18,9,2,0,0,0,0,1,1,6,1,42,7,-1,-1,-1,7,1,7
2017460172897,1,9,0,9,0,0,0,0,0,0,1,1,6,1,25,5,1998,2,11,8,1,8
2017460172897,2,3,0,18,0,0,0,0,0,0,1,1,6,1,23,5,124,1,5,2,1,2
2017460172900,1,9,0,18,0,0,0,0,0,0,1,1,6,3,-1,-1,1781,1,15,-1,-1,-1
2017460172900,2,9,0,2,6,0,0,0,0,0,3,1,6,2,25,5,1896,2,14,6,3,6
2017460172908,1,9,0,5,0,0,0,0,0,0,1,1,6,3,37,7,998,1,18,-1,-1,-1
2017460172908,2,9,0,3,0,0,0,0,0,0,2,1,6,2,44,7,1360,1,17,2,1,2
2017460172925,1,9,0,18,0,0,0,0,0,0,1,1,6,2,18,4,-1,-1,-1,4,1,4
2017460172925,2,9,0,2,0,0,0,0,0,0,4,1,6,2,41,7,1598,1,5,8,1,8
2017460172949,1,9,0,18,0,0,0,0,0,0,1,1,6,1,61,9,3248,1,16,5,1,5
2017460172949,2,9,0,18,0,0,0,0,0,0,2,1,2,1,63,9,998,1,1,7,1,7
2017460172950,1,9,0,4,0,0,1,0,0,0,1,1,6,2,43,7,1798,8,1,9,1,9
2017460172950,2,19,0,4,0,0,0,0,0,0,2,1,2,1,38,7,1248,2,11,7,1,7
2017460172950,3,9,0,4,0,0,0,0,0,0,3,1,6,1,65,9,-1,-1,-1,-1,-1,-1
2017460172950,4,9,0,4,0,0,0,0,0,0,2,1,6,1,68,10,2993,2,4,9,1,9
2017460172964,1,9,0,18,0,1,0,0,0,0,1,1,6,2,62,9,1995,2,10,4,1,4
2017460172964,2,9,0,18,0,1,0,0,0,0,2,1,1,1,37,7,-1,-1,-1,3,1,3
2017460172967,1,9,0,9,0,6,0,0,0,0,1,1,6,1,32,6,1388,1,8,-1,-1,-1
2017460172967,2,9,0,18,0,1,0,0,0,0,1,1,6,2,46,8,1242,1,9,-1,-1,-1
2017460172975,1,9,0,18,0,0,0,1,0,0,1,1,1,1,52,8,1796,1,7,9,3,9
2017460173011,1,9,0,18,0,2,0,0,0,0,1,1,6,1,27,6,1398,2,14,8,1,8
2017460173011,2,21,0,18,0,1,0,0,0,0,1,1,1,1,71,10,5861,2,18,8,1,8
2017460173049,1,9,0,18,0,0,0,0,0,0,1,1,2,1,56,9,1598,2,3,3,1,3
2017460173049,2,9,0,18,0,0,0,0,0,0,2,1,6,1,50,8,1896,2,17,7,1,7
2017460173073,1,1,0,7,0,0,0,0,0,0,0,1,4,1,13,3,-1,-1,-1,-1,-1,-1
2017460173252,1,9,0,16,0,1,1,10,6,2,3,1,6,1,82,11,1388,1,7,5,1,5
2017460173255,1,90,0,18,0,1,0,0,1,0,4,1,6,1,31,6,-1,-1,-1,-1,-1,-1
2017460173256,1,9,0,18,0,1,0,0,0,0,4,1,6,1,52,8,1956,2,7,8,1,8
2017460173256,2,9,0,18,0,1,0,0,1,0,3,1,6,2,29,6,1395,1,3,9,1,9
2017460173405,1,9,0,18,0,0,0,0,0,0,3,1,1,1,25,5,1956,2,6,2,1,2
2017460173405,2,5,0,18,0,0,0,0,7,0,3,1,1,1,41,7,998,1,3,6,1,6
2017460173466,1,9,0,18,0,0,0,0,0,0,1,1,5,2,21,5,1360,1,13,1,3,1
2017460173466,2,9,0,18,0,0,0,0,0,0,2,1,1,1,46,8,-1,-1,-1,6,1,6
2017460173502,1,1,0,4,0,1,1,0,0,0,3,1,6,1,29,6,-1,-1,-1,7,1,7
2017460173515,1,9,0,15,0,0,0,0,0,0,1,1,6,3,37,7,-1,-1,-1,-1,-1,-1
2017460173515,2,9,0,18,0,0,0,0,4,6,2,1,6,1,30,6,1910,2,12,3,1,3
2017460173515,3,19,0,18,0,0,0,0,4,6,2,1,6,1,28,6,2464,2,9,6,3,6
2017460173516,1,9,0,18,0,6,0,0,0,0,1,1,6,1,19,4,1598,2,4,1,1,1
2017460173516,2,9,0,18,0,1,0,0,0,0,4,1,6,2,55,8,1587,1,16,9,1,9
2017460173547,1,21,2,18,0,0,1,0,0,0,1,1,1,1,51,8,12777,2,3,4,1,4
2017460173547,2,9,0,18,0,0,0,0,0,0,1,1,2,1,26,6,599,1,15,7,1,7
2017460173547,3,9,0,18,0,0,0,0,0,0,0,1,6,1,48,8,1968,2,4,6,1,6
2017460173555,1,9,0,15,0,0,0,0,1,0,3,1,5,1,37,7,1798,1,13,-1,-1,-1
2017460173555,2,9,0,7,0,0,0,0,0,0,4,1,5,2,27,6,1596,1,10,9,1,9
2017460173588,1,9,0,18,9,0,0,0,0,0,4,1,5,1,55,8,1999,2,2,9,1,9
2017460173648,1,9,0,7,0,0,0,0,0,0,1,1,6,3,-1,-1,-1,-1,-1,-1,-1,-1
2017460173648,2,3,0,7,0,0,0,0,0,0,2,1,6,1,24,5,125,1,1,8,1,8
2017460173662,1,9,0,12,0,1,0,0,0,0,2,1,6,1,36,7,1395,1,2,4,1,4
2017460173662,2,9,0,18,0,1,0,0,0,0,1,1,6,1,42,7,2295,1,12,2,1,2
2017460173691,1,9,0,18,0,0,0,0,0,0,1,1,6,3,37,7,-1,-1,-1,-1,-1,-1
2017460173691,2,1,0,15,0,0,0,0,0,0,3,1,6,1,15,3,-1,-1,-1,3,1,3
2017460173721,1,5,0,16,0,0,1,0,0,0,1,1,6,1,54,8,1050,1,10,7,3,7
2017460173721,2,9,0,17,0,0,0,0,0,0,1,1,6,2,44,7,2490,2,22,6,3,6
2017460173747,1,9,0,14,0,8,0,0,0,0,3,1,2,2,31,6,1995,2,2,2,1,2
2017460173747,2,21,0,2,9,8,0,0,0,0,2,1,1,1,41,7,3920,2,4,3,1,3
2017460173793,1,9,0,18,0,0,1,4,0,0,4,1,6,2,20,4,999,1,1,9,2,9
2017460173793,2,9,0,2,0,0,0,0,0,0,3,1,5,2,25,5,1997,2,4,5,1,5
2017460173793,3,9,0,2,0,0,0,0,0,0,3,1,5,2,22,5,898,1,3,5,1,5
2017460173793,4,9,0,2,0,0,0,0,0,0,3,1,5,2,52,8,1349,1,4,5,1,5
2017460173809,1,9,0,4,0,0,0,0,0,0,0,1,5,3,37,7,-1,-1,-1,-1,-1,-1
2017460173809,2,9,0,4,0,0,0,0,0,0,2,1,5,2,31,6,1398,2,11,10,1,10
2017460173809,3,9,0,18,0,0,0,0,0,0,1,1,5,2,37,7,1968,2,8,9,2,9
2017460173886,1,9,0,18,0,1,0,0,0,0,1,1,6,1,37,7,1997,2,8,2,1,2
2017460173886,2,9,0,8,0,1,0,0,0,0,2,1,2,2,26,6,1598,1,7,6,2,6
2017460173938,1,9,0,18,0,0,0,0,0,0,1,1,5,2,35,6,1388,1,14,3,1,3
2017460173938,2,9,0,18,0,0,0,0,0,0,3,1,5,1,25,5,1329,1,1,2,1,2
2017460173941,1,19,4,18,0,0,0,0,0,0,0,1,6,1,42,7,2198,2,3,5,2,5
2017460173941,2,1,0,18,0,0,0,0,0,0,0,1,6,2,37,7,-1,-1,-1,3,1,3
2017460173960,1,9,0,18,9,0,0,0,7,0,3,1,6,1,66,10,1587,1,14,5,1,5
2017460173984,1,9,0,4,0,0,0,4,0,0,4,1,6,2,50,8,1998,1,16,6,1,6
2017460173984,2,9,0,2,0,0,0,0,0,0,4,1,6,3,37,7,-1,-1,-1,-1,-1,-1
2017460173992,1,9,0,9,0,6,0,0,0,0,3,1,6,2,35,6,1242,1,4,3,1,3
2017460173992,2,9,0,18,0,6,0,0,0,0,4,1,1,2,19,4,998,1,9,9,1,9
2017460173993,1,9,0,5,0,0,0,0,0,0,1,1,5,1,37,7,1896,2,12,6,3,6
2017460173993,2,9,0,18,0,0,0,0,0,0,3,1,5,2,60,9,1598,2,4,9,2,9
2017460173994,1,9,0,5,0,2,0,0,0,0,1,1,1,1,65,9,1997,1,2,9,2,9
2017460173994,2,4,0,9,0,1,0,0,0,0,1,1,2,1,28,6,278,1,4,9,1,9
2017460173995,1,9,0,18,0,2,0,4,0,0,1,1,6,2,33,6,1461,2,4,8,1,8
2017460173995,2,9,0,2,0,2,0,0,0,0,2,1,6,3,-1,-1,-1,-1,-1,-1,-1,-1
2017460174021,1,9,0,5,0,0,0,0,0,0,4,1,1,1,54,8,1951,2,12,2,1,2
2017460174034,1,5,0,13,0,2,1,11,0,0,0,1,6,1,30,6,599,1,11,1,1,1
2017460174050,1,9,0,18,0,1,0,0,0,0,1,1,6,1,21,5,1995,2,1,9,1,9
2017460174050,2,9,0,10,0,1,0,0,0,0,2,1,6,1,53,8,1995,2,15,4,1,4
2017460174052,1,9,0,9,0,1,0,0,0,0,3,1,6,2,55,8,1422,2,7,4,1,4
2017460174052,2,9,0,18,0,1,0,0,0,0,4,1,6,2,24,5,1596,1,12,6,1,6
2017460174059,1,19,0,18,1,2,0,0,7,0,1,1,6,1,30,6,1998,2,16,-1,-1,-1
2017460174083,1,4,0,18,0,1,0,0,0,0,1,1,6,1,61,9,-1,-1,-1,-1,-1,-1
2017460174175,1,9,0,13,0,0,0,0,0,0,3,1,5,2,59,9,1968,2,7,4,2,4
2017460174175,2,5,0,13,0,0,2,0,7,10,3,1,2,1,62,9,847,1,2,8,2,8
2017460174175,3,9,0,18,0,0,0,0,0,0,0,1,6,1,65,9,-1,-1,-1,4,3,4
2017460174190,1,9,0,18,0,0,0,0,0,0,1,1,1,2,20,4,1198,1,4,7,2,7
2017460174190,2,9,0,3,0,0,0,0,0,0,2,1,1,2,41,7,1390,1,15,7,1,7
2017460174206,1,9,0,4,0,0,0,0,1,0,2,1,1,1,41,7,-1,-1,-1,10,2,10
2017460174206,2,9,0,18,0,0,0,0,0,0,1,1,1,1,68,10,-1,-1,-1,5,1,5
2017460174206,3,9,0,8,0,0,0,0,0,0,0,1,6,3,-1,-1,-1,-1,-1,-1,-1,-1
2017460174213,1,9,0,4,0,0,0,0,0,0,1,1,2,1,36,7,1499,2,1,2,1,2
2017460174213,2,9,0,3,0,0,0,0,0,0,2,1,2,2,44,7,1587,1,12,1,1,1
2017460174213,3,9,0,3,0,0,0,0,0,0,2,1,2,2,22,5,1198,1,6,5,1,5
2017460174235,1,19,0,18,0,0,0,0,0,0,3,1,6,1,37,7,1870,2,12,9,2,9
2017460174235,2,9,0,18,0,0,0,0,0,0,4,1,1,1,43,7,1995,1,11,2,1,2
2017460174236,1,9,0,18,0,0,0,0,0,0,1,1,6,2,42,7,1360,1,18,2,1,2
2017460174236,2,9,0,3,0,0,0,0,0,0,2,1,6,1,46,8,-1,-1,-1,5,2,5
2017460174248,1,2,0,18,0,0,0,0,0,0,1,1,6,1,16,4,-1,-1,-1,7,1,7
2017460174262,1,9,0,5,0,0,0,0,0,0,3,1,6,1,55,8,1461,2,1,7,3,7
2017460174262,2,9,0,18,0,0,0,0,0,0,1,1,6,1,23,5,2000,1,12,4,1,4
2017460174330,1,11,0,18,0,0,0,0,0,0,0,1,1,1,49,8,4461,2,2,9,1,9
2017460174331,1,9,0,9,0,5,0,0,0,0,1,1,6,2,31,6,-1,-1,-1,-1,-1,-1
2017460174331,2,3,0,18,0,8,0,0,0,0,1,1,6,1,37,7,125,1,1,5,1,5
2017460174377,1,5,0,9,0,0,0,0,0,0,4,1,2,1,26,6,125,1,2,7,1,7
2017460174377,2,9,0,14,0,0,0,0,0,0,3,1,5,2,19,4,1388,1,13,9,2,9
2017460174399,1,9,0,9,0,2,0,0,0,0,3,1,6,2,71,10,1248,1,2,8,1,8
2017460174399,2,9,0,4,0,1,0,0,0,0,3,1,6,1,44,7,1389,1,13,6,1,6
2017460174399,3,9,0,4,0,1,0,0,0,0,3,1,6,1,55,8,1124,1,15,8,1,8
2017460174404,1,9,0,9,0,1,0,0,0,0,3,1,1,2,35,6,1248,2,4,10,1,10
2017460174404,2,1,0,18,0,1,0,0,0,0,1,1,2,1,48,8,-1,-1,-1,8,3,8
2017460174427,1,9,0,18,0,0,0,0,0,0,0,1,5,2,26,6,1461,2,2,9,1,9
2017460174427,2,9,0,18,0,0,0,0,0,0,1,1,5,2,43,7,1598,1,9,-1,-1,-1
2017460174427,3,9,0,18,0,0,0,0,0,0,1,1,5,2,25,5,1149,1,10,7,2,7
2017460174427,4,9,0,18,0,0,0,0,0,0,1,1,5,1,19,4,1968,2,5,8,2,8
2017460174427,5,9,0,18,0,0,0,0,0,0,2,1,6,2,70,10,1398,1,5,4,2,4
2017460174439,1,9,0,18,0,3,0,0,0,0,3,1,6,1,70,10,1398,1,5,4,1,4
2017460174439,2,1,0,9,0,3,0,0,0,0,4,1,6,2,59,9,-1,-1,-1,9,1,9
2017460174443,1,9,0,11,0,1,0,0,1,0,4,1,1,2,46,8,1753,2,13,10,1,10
2017460174443,2,9,0,18,0,1,0,0,1,10,3,1,6,2,71,10,998,1,4,4,3,4
2017460174470,1,97,0,18,0,0,0,4,0,0,1,1,6,1,16,4,-1,-1,-1,8,1,8
2017460174470,2,9,0,2,0,0,0,0,0,0,2,1,6,2,-1,-1,-1,-1,-1,8,1,8
2017460174486,1,9,0,12,0,8,0,0,0,0,1,1,6,2,48,8,-1,-1,-1,-1,-1,-1
2017460174486,2,9,0,7,0,3,0,0,0,0,4,1,6,1,35,6,1956,2,2,3,1,3
2017460174499,1,9,0,18,0,1,0,0,0,0,1,1,6,2,-1,-1,-1,-1,-1,-1,-1,-1
2017460174505,1,5,0,18,7,0,1,0,1,0,0,1,6,1,53,8,1157,1,16,5,1,5
2017460174508,1,9,0,18,9,0,0,0,7,0,1,1,6,2,20,4,1242,1,3,2,1,2
2017460174533,1,9,0,18,0,1,0,0,0,0,1,1,6,2,37,7,1896,2,13,4,1,4
2017460174533,2,9,0,4,0,1,0,0,0,0,2,1,6,2,52,8,1318,1,1,9,1,9
2017460174535,1,9,0,3,0,1,0,0,0,0,1,1,6,1,37,7,1596,1,6,9,1,9
2017460174539,1,9,0,18,0,0,0,0,0,0,2,1,6,2,68,10,1349,1,8,4,3,4
2017460174539,2,9,0,18,0,0,0,0,0,0,1,1,6,1,50,8,2198,2,11,5,3,5
2017460174539,3,9,0,18,0,0,0,0,0,0,1,1,6,2,21,5,1198,1,10,5,3,5
2017460174539,4,9,0,18,0,0,0,0,0,0,1,1,6,2,19,4,1248,2,8,5,3,5
2017460174558,1,9,0,3,0,1,0,0,0,0,1,1,6,1,29,6,1586,1,-1,8,3,8
2017460174558,2,9,0,3,0,1,0,0,0,0,3,1,6,1,59,9,-1,-1,-1,5,3,5
2017460174573,1,5,5,18,0,0,1,0,0,0,1,1,6,1,51,8,748,1,30,1,1,1
2017460174656,1,9,0,4,0,0,0,0,0,0,0,1,6,1,27,6,1596,1,16,2,1,2
2017460174656,2,9,0,18,0,0,0,0,0,0,4,1,1,1,46,8,1956,2,3,7,1,7
2017460174656,3,9,0,18,0,0,0,0,0,0,3,1,6,2,29,6,998,1,5,8,1,8
2017460174657,1,9,0,4,0,0,0,0,0,0,1,1,6,1,38,7,1896,2,10,8,3,8
2017460174657,2,9,0,18,0,0,0,0,0,0,2,1,6,2,25,5,1984,1,15,8,3,8
2017460174665,1,9,0,18,0,1,1,0,0,0,1,1,6,1,21,5,1390,1,14,8,1,8
2017460174665,2,3,0,18,0,1,0,0,0,0,2,1,6,1,24,5,124,1,2,9,1,9
2017460174665,3,3,0,18,0,1,0,0,0,0,2,1,6,2,36,7,125,1,1,1,1,1
2017460174673,1,17,5,4,0,1,0,0,0,0,1,1,1,1,28,6,5883,2,13,7,3,7
2017460174673,2,9,0,4,0,1,0,0,0,0,2,1,5,2,39,7,1199,1,15,3,1,3
2017460174709,1,4,0,18,0,3,1,0,0,0,3,1,6,1,39,7,998,1,5,4,1,4
2017460174729,1,17,0,12,0,0,0,0,0,0,3,1,1,1,31,6,-1,-1,-1,-1,-1,-1
2017460174729,2,9,0,18,0,0,1,0,0,0,4,1,2,1,30,6,998,1,2,4,1,4
2017460174750,1,9,0,9,0,1,0,0,0,0,1,1,6,1,42,7,1461,2,7,8,1,8
2017460174750,2,9,0,10,0,1,0,0,0,0,2,1,1,2,29,6,1781,1,9,9,1,9
2017460174779,1,9,0,16,0,0,0,0,1,7,1,1,6,1,79,11,1995,1,2,5,3,5
2017460174849,1,5,0,16,0,1,0,0,7,0,1,1,6,1,60,9,599,1,16,8,1,8
2017460174873,1,9,0,4,0,0,0,0,0,0,1,1,1,2,49,8,1968,2,6,4,1,4
2017460174873,2,9,0,4,0,0,0,0,0,0,2,1,6,1,36,7,1997,2,1,1,1,1
2017460174878,1,5,0,12,0,0,0,0,0,0,0,1,2,1,39,7,1202,1,2,10,1,10
2017460174917,1,9,0,9,0,5,0,0,0,0,1,1,2,2,62,9,1390,1,5,9,1,9
2017460174917,2,9,0,18,0,8,0,0,0,0,1,1,5,2,40,7,2402,2,8,10,1,10
2017460174923,1,9,0,4,0,0,0,0,0,0,1,1,5,1,85,11,2401,2,12,7,3,7
2017460174923,2,9,0,3,0,0,0,0,0,0,2,1,5,2,36,7,1461,2,1,7,1,7
2017460174923,3,9,0,3,0,0,0,0,0,0,2,1,5,1,65,9,1988,1,14,10,1,10
2017460174930,1,9,0,4,0,1,0,0,0,0,1,1,6,1,90,11,-1,-1,-1,6,3,6
2017460174930,2,19,0,3,0,1,0,0,0,0,2,1,1,1,59,9,2402,2,15,10,1,10
2017460174932,1,9,0,4,0,0,0,0,0,0,1,1,6,2,44,7,2199,2,1,3,1,3
2017460174932,2,9,0,3,0,0,0,0,0,0,2,1,6,2,36,7,1796,1,3,3,1,3
2017460175011,1,9,0,3,0,0,0,0,0,0,3,1,6,1,73,10,1299,1,17,7,1,7
2017460175109,1,1,0,18,0,0,0,0,1,0,0,1,6,1,57,9,-1,-1,-1,7,1,7
2017460175136,1,9,0,13,0,0,1,0,4,6,4,1,6,2,41,7,1598,1,11,6,2,6
2017460175136,2,21,1,18,0,0,0,0,0,0,3,1,1,1,52,8,10677,2,1,7,1,7
2017460175142,1,9,0,18,0,0,1,0,1,7,1,1,6,1,34,6,998,1,14,7,1,7
2017460175153,1,1,0,16,0,1,0,4,0,0,1,1,6,1,14,3,-1,-1,-1,3,1,3
2017460175153,2,9,0,2,0,1,0,0,0,0,1,1,6,1,22,5,998,1,4,7,3,7
2017460175166,1,9,0,9,0,1,0,0,0,0,1,1,6,1,49,8,1398,1,2,2,1,2
2017460175166,2,1,0,18,0,1,0,0,0,0,1,1,6,1,63,9,-1,-1,-1,3,1,3
2017460175189,1,9,0,18,0,0,0,0,0,0,1,1,6,1,29,6,1896,2,7,5,1,5
2017460175189,2,9,0,18,0,0,0,0,0,0,1,1,6,1,31,6,998,1,8,1,1,1
2017460175199,1,9,0,18,0,0,0,0,0,0,1,1,6,1,37,7,-1,-1,-1,4,1,4
2017460175199,2,9,0,18,0,0,0,0,0,0,2,1,6,1,61,9,1995,2,9,7,1,7
2017460175216,1,9,0,18,0,0,0,0,4,0,1,1,6,1,68,10,1997,2,10,1,1,1
2017460175218,1,9,0,4,0,8,1,0,0,0,1,1,6,2,48,8,1799,1,11,8,2,8
2017460175218,2,9,0,4,0,8,0,0,0,0,2,1,6,1,45,7,1968,2,2,5,3,5
2017460175228,1,9,0,18,0,1,0,0,0,0,1,1,2,1,52,8,3628,2,7,9,1,9
2017460175228,2,17,0,5,0,1,0,0,0,0,3,1,2,1,28,6,-1,-1,-1,8,2,8
2017460175255,1,9,0,18,0,0,5,0,0,0,1,1,6,2,27,6,-1,-1,-1,4,2,4
2017460175294,1,9,0,18,0,1,0,0,0,0,2,1,6,2,56,9,1598,1,12,7,2,7
2017460175294,2,9,0,8,0,1,0,0,0,0,1,1,6,2,42,7,1997,2,7,10,1,10
2017460175308,1,98,0,11,0,0,0,0,0,0,3,1,6,1,40,7,-1,-1,-1,-1,-1,-1
2017460175308,2,9,0,11,0,0,0,0,0,0,4,1,6,1,41,7,1995,2,3,-1,-1,-1
2017460175320,1,9,0,18,0,3,0,0,0,0,1,1,6,1,21,5,1596,1,2,4,1,4
2017460175320,2,5,0,18,0,4,0,0,0,0,1,1,6,1,31,6,599,1,10,6,2,6
2017460175350,1,9,0,11,0,1,0,0,0,0,1,1,6,2,70,10,1248,2,3,3,1,3
2017460175350,2,9,0,10,0,1,0,0,0,0,1,1,6,1,60,9,1598,1,11,10,1,10
2017460175353,1,9,0,12,0,1,0,0,0,0,1,1,6,3,-1,-1,-1,-1,-1,-1,-1,-1
2017460175353,2,9,0,4,0,1,0,0,0,0,2,1,6,2,41,7,973,1,17,10,3,10
2017460175359,1,2,0,18,0,0,0,0,0,0,1,1,6,1,17,4,49,1,1,3,1,3
2017460175359,2,9,0,-1,0,0,0,0,0,0,2,1,6,1,30,6,1896,2,15,4,3,4
2017460175370,1,9,0,9,0,0,0,0,0,0,1,1,5,1,23,5,1397,1,8,10,2,10
2017460175370,2,1,0,18,0,0,0,0,0,0,3,1,2,1,56,9,-1,-1,-1,3,1,3
2017460175376,1,9,0,16,0,0,5,0,7,0,1,1,5,1,44,7,1910,2,12,3,1,3
2017460175380,1,9,0,13,0,0,0,0,0,0,4,1,6,1,45,7,1799,1,9,-1,-1,-1
2017460175380,2,9,0,4,0,0,0,0,0,0,3,1,6,2,42,7,998,1,5,2,1,2