Accident_Index,Vehicle_Reference,Vehicle_Type,Towing_and_Articulation,Vehicle_Manoeuvre,Vehicle_Location-Restricted_Lane,Junction_Location,Skidding_and_Overturning,Hit_Object_in_Carriageway,Vehicle_Leaving_Carriageway,Hit_Object_off_Carriageway,1st_Point_of_Impact,Was_Vehicle_Left_Hand_Drive?,Journey_Purpose_of_Driver,Sex_of_Driver,Age_of_Driver,Age_Band_of_Driver,Engine_Capacity_(CC),Propulsion_Code,Age_of_Vehicle,Driver_IMD_Decile,Driver_Home_Area_Type,Vehicle_IMD_Decile
2017460178787,1,9,0,10,0,1,0,0,0,0,2,1,6,1,34,6,1398,1,4,7,1,7
2017460178787,2,9,0,18,0,1,0,0,0,0,1,1,6,2,37,7,1560,2,7,3,1,3
2017460178800,1,4,0,16,0,0,0,11,0,0,1,1,5,1,19,4,883,1,-1,3,1,3
2017460178810,1,9,0,18,0,0,1,0,0,0,1,1,6,2,45,7,1587,1,15,2,1,2
2017460178810,2,9,0,11,0,0,0,0,2,0,2,1,6,1,29,6,1598,1,13,2,1,2
2017460178815,1,3,0,6,0,0,0,0,0,0,3,1,6,1,17,4,125,1,5,5,3,5
2017460178820,1,9,0,17,0,0,1,0,0,0,1,1,6,1,39,7,1598,1,15,1,1,1
2017460178840,1,90,0,17,0,1,0,0,3,0,1,1,6,1,18,4,-1,-1,-1,1,1,1
2017460178842,1,9,0,18,0,0,0,4,0,0,1,1,6,2,76,11,2231,2,2,3,1,3
2017460178842,2,9,0,2,0,0,0,0,0,0,2,1,1,2,42,7,1461,2,10,1,1,1
2017460178842,3,8,0,18,0,0,0,0,0,0,1,1,1,1,29,6,1995,2,4,1,1,1
2017460178851,1,9,0,9,0,1,0,0,0,0,1,1,2,1,31,6,1199,1,14,3,2,3
2017460178851,2,9,0,18,0,1,0,0,0,0,1,1,2,2,46,8,998,1,3,7,3,7
2017460178854,1,9,0,18,0,8,0,0,0,0,1,1,6,3,-1,-1,-1,-1,-1,-1,-1,-1
2017460178854,2,1,0,18,0,8,2,0,0,0,1,1,6,1,11,3,-1,-1,-1,3,1,3
2017460178860,1,9,0,2,6,0,0,0,0,0,3,1,1,1,69,10,1798,8,5,6,1,6
2017460178860,2,1,0,18,6,0,0,0,0,0,1,1,6,1,25,5,-1,-1,-1,-1,-1,-1
2017460178866,1,9,0,18,0,2,0,0,0,0,3,1,5,2,21,5,2179,2,6,5,3,5
2017460178866,2,2,0,13,0,1,0,0,0,0,1,1,5,1,18,4,125,1,17,8,1,8
2017460178866,3,9,0,18,0,1,0,0,0,0,4,1,5,1,51,8,1686,2,5,5,1,5
2017460178870,1,9,0,5,0,0,0,12,0,0,4,1,6,1,37,7,-1,-1,-1,-1,-1,-1
2017460178879,1,9,0,18,0,1,0,0,0,0,4,1,5,2,39,7,1560,2,3,9,1,9
2017460178879,2,9,0,5,0,8,0,0,0,0,1,1,5,1,51,8,1598,1,10,7,1,7
2017460178898,1,9,0,18,0,0,0,0,0,0,3,1,6,1,23,5,999,1,6,9,1,9
2017460178905,1,9,0,18,0,0,0,0,0,0,1,1,2,1,34,6,-1,-1,-1,7,1,7
2017460178905,2,9,0,18,0,0,0,0,0,0,2,1,2,1,61,9,-1,-1,-1,9,1,9
2017460178912,1,9,0,9,0,0,0,0,0,0,3,1,6,1,26,6,1968,2,1,-1,-1,-1
2017460178912,2,4,0,13,0,0,0,0,0,0,1,1,6,1,44,7,656,1,11,6,3,6
2017460178926,1,19,0,18,0,8,0,0,0,0,1,1,6,1,34,6,2402,2,8,8,1,8
2017460178926,2,9,0,18,0,8,0,0,0,0,3,1,6,1,39,7,1598,1,14,4,1,4
2017460178938,1,9,0,18,0,0,0,0,0,0,2,1,1,1,50,8,1995,2,3,8,1,8
2017460178938,2,10,0,18,0,0,1,0,0,0,1,1,1,1,25,5,-1,-1,-1,1,1,1
2017460178938,3,98,0,18,0,0,0,0,0,0,1,1,6,1,55,8,-1,-1,-1,5,1,5
2017460178938,4,9,0,18,0,0,0,0,0,0,1,1,6,1,45,7,998,1,2,2,1,2
2017460178939,1,5,0,18,0,0,0,0,0,0,2,1,6,1,54,8,1000,1,17,5,1,5
2017460178939,2,9,0,18,0,0,0,0,0,0,2,1,6,1,55,8,-1,-1,-1,5,1,5
2017460178939,3,9,0,18,0,0,0,0,0,0,4,1,6,1,36,7,1956,2,3,8,3,8
2017460178971,1,9,0,18,0,0,5,0,0,0,1,1,6,1,55,8,998,1,2,10,1,10
2017460178971,2,9,0,2,0,0,0,0,0,0,3,1,6,2,79,11,1390,1,4,9,1,9
2017460178987,1,98,1,12,0,0,0,0,0,0,3,1,1,1,58,9,-1,-1,-1,-1,-1,-1
2017460178987,2,9,0,13,0,0,0,0,0,0,4,1,2,2,22,5,1984,1,-1,3,1,3
2017460179132,1,1,0,18,0,0,0,0,0,0,3,1,6,2,51,8,-1,-1,-1,4,2,4
2017460179151,1,9,0,18,0,8,1,0,3,11,1,1,6,1,21,5,1149,1,11,1,1,1
2017460179151,2,9,0,18,0,8,0,0,0,0,0,1,1,1,36,7,1997,2,2,7,1,7
2017460179183,1,1,0,18,0,0,0,0,0,0,0,1,6,1,18,4,-1,-1,-1,1,1,1
2017460179195,1,9,0,7,9,8,0,0,7,0,1,1,6,1,51,8,1986,2,11,6,1,6
2017460179196,1,9,0,18,0,0,0,0,0,0,4,1,6,1,34,6,1364,1,13,2,1,2
2017460179196,2,9,0,18,0,0,0,0,0,0,3,1,6,1,38,7,2401,2,12,6,3,6
2017460179213,1,9,0,18,0,0,1,0,1,11,1,1,6,3,37,7,1597,1,15,-1,-1,-1
2017460179213,2,9,0,18,0,0,0,0,0,0,3,1,6,1,53,8,1796,1,18,2,1,2
2017460179315,1,9,0,9,0,2,0,0,0,0,3,1,6,1,42,7,1461,2,6,7,1,7
2017460179315,2,4,0,18,0,1,0,0,0,0,1,1,2,2,23,5,471,1,1,7,1,7
2017460179346,1,-1,1,12,0,0,0,0,0,0,3,1,1,1,50,8,-1,-1,-1,-1,-1,-1
2017460179346,2,9,0,18,0,0,0,0,0,0,4,1,6,1,48,8,1598,1,2,4,3,4
2017460179360,1,9,0,9,0,1,0,0,1,0,1,1,6,1,22,5,1689,2,15,1,1,1
2017460179360,2,9,0,4,0,1,0,0,0,0,0,1,1,1,30,6,1560,2,5,7,1,7
2017460179381,1,9,0,18,0,1,0,0,0,0,1,1,6,2,38,7,1598,1,6,10,2,10
2017460179381,2,9,0,18,0,1,0,0,0,0,2,1,6,2,36,7,1595,1,1,7,3,7
2017460179399,1,9,0,4,0,5,0,0,0,0,1,1,2,2,21,5,998,1,9,4,1,4
2017460179419,1,9,0,3,0,0,0,0,0,0,2,1,6,1,61,9,1796,1,11,3,1,3
2017460179419,2,9,0,3,0,0,0,0,0,0,1,1,6,2,40,7,2993,2,6,4,1,4
2017460179419,3,5,0,3,0,0,0,0,0,0,1,1,6,2,53,8,900,1,1,4,3,4
2017460179510,1,5,0,3,0,0,0,0,0,0,1,1,6,1,74,10,999,1,4,7,1,7
2017460179518,1,9,0,18,0,0,0,0,0,0,1,1,2,1,49,8,1968,2,3,10,1,10
2017460179530,1,11,0,5,0,0,0,0,0,0,1,1,1,1,56,9,3900,2,11,10,1,10
2017460179530,2,1,0,18,0,0,0,0,0,0,2,1,6,1,52,8,-1,-1,-1,5,2,5
2017460179530,3,1,0,18,0,0,0,0,0,0,1,1,6,2,14,3,-1,-1,-1,5,2,5
2017460179539,1,11,0,3,0,1,0,0,0,0,0,1,1,1,42,7,6370,2,5,-1,-1,-1
2017460179553,1,9,0,18,0,0,0,0,0,0,4,1,6,2,30,6,-1,-1,-1,-1,-1,-1
2017460179554,1,3,0,3,0,0,0,0,0,0,3,1,6,1,56,9,125,1,1,5,1,5
2017460179743,1,9,0,13,0,0,0,0,0,0,4,1,6,1,52,8,1998,1,13,4,3,4
2017460179743,2,9,0,18,0,0,0,0,0,0,1,1,6,1,20,4,1997,2,16,7,3,7
2017460179788,1,9,0,18,0,5,0,0,0,0,1,1,6,1,38,7,1769,1,15,3,1,3
2017460179788,2,19,0,9,0,6,0,0,0,0,3,1,6,1,18,4,1560,2,3,8,1,8
2017460179790,1,11,0,10,0,1,0,0,0,0,0,1,1,1,37,7,9360,2,4,-1,-1,-1
2017460179790,2,3,0,18,0,1,0,0,0,0,0,1,6,1,18,4,-1,-1,-1,4,1,4
2017460179807,1,9,0,14,0,1,2,0,7,11,1,1,6,1,40,7,1560,2,9,8,2,8
2017460179807,2,9,0,2,0,1,0,0,0,0,1,1,6,3,-1,-1,1398,2,4,-1,-1,-1
2017460179807,3,9,0,2,0,1,0,0,0,0,1,1,6,3,-1,-1,1997,2,15,-1,-1,-1
2017460179807,4,9,0,2,0,1,0,0,0,0,1,1,6,3,-1,-1,1275,1,18,-1,-1,-1
2017460179807,5,9,0,2,0,1,0,0,0,0,1,1,6,3,-1,-1,-1,-1,-1,-1,-1,-1
2017460179809,1,9,0,17,0,0,1,10,0,0,1,1,1,1,37,7,973,1,17,7,3,7
2017460179809,2,9,0,18,0,0,0,0,0,0,1,1,1,2,58,9,1360,1,13,9,1,9
2017460179817,1,9,0,10,0,1,1,0,7,0,2,1,6,1,17,4,1229,1,8,8,1,8
2017460179817,2,9,0,15,0,1,0,0,0,0,1,1,6,2,45,7,1598,1,14,8,1,8
2017460179836,1,3,0,18,0,0,1,0,0,0,0,1,6,2,51,8,125,1,7,5,1,5
2017460179837,1,9,0,5,0,1,0,0,0,0,1,1,6,2,20,4,1000,1,4,3,1,3
2017460179843,1,1,0,4,0,2,0,0,0,0,0,1,4,2,29,6,-1,-1,-1,-1,-1,-1
2017460179853,1,9,0,7,0,6,0,0,0,0,1,1,6,2,54,8,1399,1,1,9,1,9
2017460179853,2,9,0,9,0,1,0,0,0,0,1,1,2,1,20,4,1799,1,8,7,1,7
2017460179858,1,9,0,18,0,8,0,0,0,0,4,1,6,1,75,10,1796,1,3,6,1,6
2017460179858,2,1,0,7,0,6,0,0,0,0,3,1,6,2,49,8,-1,-1,-1,2,1,2
2017460179879,1,9,0,18,0,0,0,0,0,0,3,1,6,1,24,5,1242,1,13,2,1,2
2017460179879,2,9,0,18,0,0,0,0,2,0,4,1,6,2,40,7,2143,2,6,9,1,9
2017460179889,1,9,0,14,0,0,1,0,0,0,1,1,6,1,17,4,1299,1,15,7,2,7
2017460179889,2,19,0,2,0,0,0,0,0,0,2,1,6,3,37,7,2198,2,5,-1,-1,-1
2017460179910,1,9,0,18,0,0,0,0,1,0,1,1,6,1,69,10,1995,2,12,4,1,4
2017460179914,1,9,0,18,0,1,0,0,0,0,0,1,6,3,37,7,-1,-1,-1,-1,-1,-1
2017460179914,2,9,0,18,0,1,0,0,0,0,2,1,6,2,48,8,2179,2,6,4,2,4
2017460179914,3,19,0,18,0,1,0,0,0,0,1,1,6,1,46,8,1753,2,9,3,1,3
2017460179935,1,19,0,9,0,0,0,0,0,0,1,1,1,1,26,6,2402,2,15,2,1,2
2017460179935,2,9,0,18,0,0,0,0,0,0,2,1,1,1,56,9,-1,-1,-1,8,1,8
2017460179938,1,9,0,3,0,0,0,0,0,0,2,1,1,1,24,5,1968,2,5,-1,-1,-1
2017460179938,2,9,0,3,0,0,0,0,0,0,2,1,1,1,32,6,1598,1,11,2,1,2
2017460179938,3,9,0,5,0,0,0,0,0,0,1,1,1,1,40,7,1498,1,10,2,1,2
2017460179948,1,9,0,3,0,1,0,0,0,0,1,1,6,2,41,7,1798,1,11,6,1,6
2017460179948,2,9,0,3,0,1,0,0,0,0,1,1,6,2,42,7,1499,2,2,8,1,8
2017460179963,1,9,0,4,0,0,0,0,0,0,2,1,6,3,30,6,-1,-1,-1,5,1,5
2017460179963,2,9,0,5,0,0,0,0,0,0,1,1,6,2,35,6,1364,1,-1,5,1,5
2017460179975,1,9,0,3,0,0,0,0,0,0,2,1,6,1,25,5,1598,1,11,4,1,4
2017460179975,2,9,0,3,0,0,0,0,0,0,2,1,6,1,54,8,-1,-1,-1,3,1,3
2017460179975,3,9,0,3,0,0,0,0,0,0,1,1,6,2,44,7,-1,-1,-1,3,1,3
2017460179977,1,9,0,6,0,0,0,0,0,0,3,1,1,1,41,7,1896,1,17,1,1,1
2017460179977,2,97,0,18,0,0,0,0,0,0,3,1,6,1,22,5,-1,-1,-1,5,1,5
2017460179979,1,9,0,6,0,0,0,0,0,0,3,1,6,2,54,8,1328,1,8,3,1,3
2017460179979,2,9,0,13,0,0,0,0,0,0,1,1,6,1,54,8,-1,-1,-1,1,1,1
2017460179983,1,9,0,18,0,0,0,0,0,0,3,1,6,1,17,4,1149,1,12,3,1,3
2017460179996,1,9,0,3,0,1,0,0,0,0,1,1,6,2,58,9,1396,1,9,9,1,9
2017460179996,2,9,0,3,0,1,0,0,0,0,1,1,6,2,19,4,1149,1,12,7,1,7
2017460179996,3,9,0,3,0,2,0,0,0,0,2,1,6,1,37,7,1124,1,16,7,1,7
2017460180032,1,5,0,18,0,0,2,0,0,0,1,1,6,1,49,8,599,1,9,6,3,6
2017460180032,2,9,0,18,0,0,0,0,0,0,2,1,1,1,42,7,1997,2,1,-1,1,-1
2017460180042,1,9,0,18,0,0,0,0,1,0,1,1,1,2,70,10,1339,1,11,3,2,3
2017460180042,2,9,0,5,0,0,0,0,0,0,2,1,1,1,25,5,1753,2,10,4,3,4
2017460180045,1,9,0,3,0,1,0,0,0,0,2,1,6,1,76,11,1598,1,5,6,3,6
2017460180045,2,1,0,18,0,1,0,0,0,0,1,1,6,1,-1,-1,-1,-1,-1,-1,-1,-1
2017460180059,1,9,0,18,0,0,0,0,0,0,1,1,6,2,29,6,1364,1,1,2,1,2
2017460180059,2,9,0,4,0,0,0,0,0,0,2,1,6,2,44,7,1896,2,15,4,1,4
2017460180063,1,9,2,18,0,0,4,0,0,0,0,1,6,1,40,7,-1,-1,-1,8,3,8
2017460180106,1,9,0,18,0,2,0,0,0,0,1,1,5,2,24,5,1149,1,17,5,1,5
2017460180106,2,9,0,18,0,2,0,0,0,0,1,1,5,2,48,8,2179,2,3,5,1,5
2017460180117,1,9,0,1,0,0,0,0,1,0,4,1,6,1,26,6,1595,1,19,1,1,1
2017460180145,1,9,0,16,0,0,1,11,1,11,1,1,6,1,20,4,1390,1,7,9,2,9
2017460180167,1,9,0,18,0,0,1,0,7,0,1,1,5,1,37,7,1997,1,14,-1,-1,-1
2017460180167,2,9,0,18,0,0,0,0,7,0,2,1,5,2,25,5,1390,1,15,8,1,8
2017460180171,1,3,0,18,0,1,1,0,0,0,1,1,6,1,18,4,125,1,13,8,3,8
2017460180171,2,9,0,10,0,1,0,0,0,0,2,1,6,1,47,8,1598,1,10,10,1,10
2017460180184,1,9,0,9,0,0,0,0,0,0,1,1,6,1,37,7,1797,8,3,2,1,2
2017460180184,2,9,0,5,0,0,0,0,0,0,4,1,6,1,37,7,2268,2,2,5,2,5
2017460180200,1,9,0,18,0,3,0,0,0,0,1,1,5,1,18,4,1364,1,2,8,1,8
2017460180232,1,11,0,18,0,0,0,0,0,0,0,1,1,1,42,7,6700,2,1,7,1,7
2017460180232,2,9,0,7,0,0,0,0,0,0,0,1,6,3,-1,-1,-1,-1,-1,-1,-1,-1
2017460180244,1,11,0,3,0,0,0,0,0,0,1,1,1,1,54,8,9000,2,1,-1,-1,-1
2017460180249,1,9,0,18,0,0,0,0,0,0,1,1,5,1,41,7,-1,-1,-1,4,3,4
2017460180249,2,9,0,3,0,0,0,0,0,0,2,1,5,2,42,7,1248,2,9,2,1,2
2017460180249,3,9,0,10,0,0,0,0,0,0,2,1,5,2,19,4,1149,1,14,10,1,10
2017460180266,1,9,0,18,0,1,0,0,0,0,1,1,6,1,26,6,1598,1,4,8,1,8
2017460180266,2,9,0,18,0,1,2,0,1,0,1,1,6,2,46,8,1242,1,8,7,2,7
2017460180266,3,9,0,4,0,1,0,0,0,0,1,1,6,2,54,8,1390,1,15,6,2,6
2017460180268,1,9,0,11,4,1,0,0,0,0,4,1,6,1,51,8,1461,2,13,7,3,7
2017460180268,2,1,0,18,4,1,1,0,0,0,1,1,6,1,78,11,-1,-1,-1,7,1,7
2017460180281,1,97,0,4,0,1,0,0,0,0,0,1,1,1,20,4,-1,-1,-1,2,1,2
2017460180281,2,9,0,4,0,1,1,0,0,0,1,1,5,1,22,5,998,1,-1,4,3,4
2017460180282,1,19,0,18,0,1,0,0,0,0,1,1,1,1,32,6,1997,2,1,3,1,3
2017460180282,2,9,0,10,0,5,0,0,0,0,2,1,6,1,58,9,1956,2,7,7,1,7
2017460180309,1,9,0,4,0,0,0,0,1,0,1,1,5,3,37,7,2143,2,6,-1,-1,-1
2017460180311,1,9,0,18,0,0,0,0,0,0,0,1,5,2,29,6,1596,1,15,3,1,3
2017460180311,2,9,0,18,0,0,0,0,0,0,0,1,5,1,39,7,1499,2,2,6,1,6
2017460180323,1,9,0,7,0,1,0,0,0,0,3,1,6,2,43,7,1598,1,9,6,3,6
2017460180323,2,9,0,18,0,1,0,0,0,0,4,1,6,1,76,11,1461,2,3,5,3,5
2017460180364,1,98,0,3,0,0,0,0,0,0,0,1,6,3,-1,-1,-1,-1,-1,-1,-1,-1
2017460180381,1,9,0,7,0,1,0,0,0,0,3,1,6,1,35,6,2493,1,16,9,1,9
2017460180381,2,5,0,18,0,1,0,0,0,0,1,1,6,1,24,5,600,1,6,3,1,3
2017460180422,1,97,0,18,0,0,0,0,0,0,4,1,6,3,37,7,-1,-1,-1,-1,-1,-1
2017460180422,2,1,0,18,0,0,5,10,1,0,3,1,6,1,39,7,-1,-1,-1,8,2,8
2017460180486,1,9,0,18,0,0,0,0,0,0,1,1,6,1,22,5,1595,1,17,1,1,1
2017460180486,2,9,0,18,0,0,0,0,0,0,1,1,6,1,61,9,1598,1,8,3,1,3
2017460180491,1,9,0,18,0,0,0,0,0,0,1,1,6,1,66,10,1596,1,8,4,1,4
2017460180491,2,9,0,18,0,0,0,0,0,0,1,1,6,2,45,7,1598,2,5,2,1,2
2017460180507,1,9,0,18,0,0,0,0,0,0,1,1,6,1,23,5,1198,1,12,5,1,5
2017460180507,2,9,0,4,0,0,0,0,0,0,2,1,6,2,43,7,1968,2,1,8,3,8
2017460180512,1,9,0,13,0,0,2,0,2,0,1,1,6,1,-1,-1,1896,2,15,-1,-1,-1
2017460180512,2,9,0,18,0,0,0,0,0,0,1,1,5,1,38,7,1395,1,1,7,3,7
2017460180534,1,9,0,2,0,0,0,0,0,0,2,1,6,1,49,8,-1,-1,-1,8,1,8
2017460180534,2,9,0,18,0,0,1,4,0,0,1,1,6,1,71,10,1560,2,3,9,1,9
2017460180594,1,9,0,12,0,0,0,0,0,0,0,1,5,3,37,7,-1,-1,-1,-1,-1,-1
2017460180594,2,9,0,18,0,0,2,0,1,0,0,1,5,2,77,11,1149,1,8,5,1,5
2017460180643,1,9,0,18,0,0,0,0,0,0,1,1,6,3,37,7,-1,-1,-1,-1,-1,-1
2017460180691,1,11,0,4,2,0,0,0,0,0,0,1,1,1,52,8,6700,2,1,4,3,4
2017460180725,1,9,0,18,0,2,0,0,0,0,1,1,6,1,68,10,1198,1,-1,1,1,1
2017460180725,2,9,0,2,0,1,0,0,0,0,2,1,6,2,37,7,1598,1,-1,5,1,5
2017460180725,3,9,0,2,0,1,0,0,0,0,4,1,6,1,47,8,1598,1,12,2,1,2
2017460180725,4,9,0,2,0,2,0,0,0,0,2,1,6,1,37,7,-1,-1,-1,2,1,2
2017460180817,1,9,0,7,0,2,0,0,0,0,1,1,6,1,45,7,1598,1,15,4,1,4
2017460180850,1,9,0,9,0,5,0,0,0,0,4,1,5,1,28,6,1248,2,6,5,3,5
2017460180850,2,9,0,18,0,8,0,0,0,0,1,1,1,1,38,7,-1,-1,-1,2,1,2
2017460180866,1,9,0,7,0,0,1,0,0,0,1,1,6,1,47,8,-1,3,1,4,1,4
2017460180866,2,1,0,18,0,0,0,0,0,0,4,1,6,2,55,8,-1,-1,-1,4,1,4
2017460180892,1,9,0,18,0,0,0,-1,0,0,2,1,6,2,22,5,973,1,17,3,1,3
2017460180892,2,9,0,4,0,0,0,-1,0,0,1,1,6,2,41,7,1598,1,9,7,2,7
2017460180940,1,9,0,18,0,0,0,0,0,0,1,1,6,3,30,6,-1,-1,-1,-1,-1,-1
2017460180940,2,2,0,18,0,0,0,0,0,0,2,1,6,1,20,4,49,1,5,7,1,7
2017460180941,1,9,0,9,9,0,0,0,1,0,1,1,6,1,59,9,1398,1,1,5,1,5
2017460180951,1,98,0,14,0,0,0,11,0,0,0,1,6,1,37,7,-1,-1,-1,-1,-1,-1
2017460180954,1,9,0,1,0,1,0,0,0,0,2,1,6,3,-1,-1,-1,-1,-1,-1,-1,-1
2017460180954,2,9,0,1,0,6,0,0,0,0,2,1,6,1,-1,-1,-1,-1,-1,-1,-1,-1
2017460180956,1,9,0,18,0,0,0,0,0,0,1,1,6,3,37,7,-1,-1,-1,-1,-1,-1
2017460180976,1,3,0,14,0,0,0,0,0,0,1,1,6,1,18,4,125,1,1,2,1,2
2017460180976,2,9,0,10,0,0,0,0,0,0,3,1,1,2,51,8,1498,1,1,2,1,2
2017460181005,1,9,0,5,0,1,0,0,0,0,1,1,6,1,20,4,-1,-1,-1,2,1,2
2017460181005,2,9,0,18,0,1,0,0,0,0,4,1,6,2,63,9,1390,1,16,7,1,7
2017460181006,1,9,0,5,0,0,0,0,0,0,3,1,6,1,43,7,1461,2,6,7,2,7
2017460181006,2,9,0,18,0,0,0,0,0,0,1,1,6,2,27,6,998,1,13,10,1,10
2017460181035,1,9,0,9,0,1,0,0,0,0,3,1,1,2,43,7,1560,2,8,10,1,10
2017460181035,2,3,0,18,0,1,0,0,0,0,1,1,6,1,41,7,-1,-1,-1,7,1,7
2017460181053,1,9,0,18,0,1,0,0,0,0,1,1,6,1,36,7,1896,2,17,2,1,2
2017460181053,2,9,0,10,0,1,0,0,0,0,2,1,6,2,34,6,1896,2,9,6,1,6
2017460181059,1,9,0,18,0,0,0,0,0,0,4,1,2,2,39,7,1598,1,7,8,1,8
2017460181064,1,9,0,18,0,1,0,0,0,0,1,1,6,2,32,6,2143,2,2,7,3,7
2017460181064,2,9,0,18,0,1,0,0,0,0,2,1,6,1,23,5,1229,1,11,2,1,2
2017460181064,3,9,0,18,0,1,0,0,0,0,2,1,6,1,46,8,-1,-1,-1,9,1,9
2017460181069,1,1,0,18,0,1,2,0,0,0,1,1,6,1,11,3,-1,-1,-1,3,1,3
2017460181096,1,9,0,5,0,1,0,0,0,0,1,1,1,2,63,9,1242,1,10,5,3,5
2017460181096,2,9,0,18,0,1,0,0,0,0,1,1,6,1,42,7,1364,1,8,-1,-1,-1
2017460181097,1,9,0,17,0,0,0,0,1,9,1,1,6,1,59,9,1598,1,3,8,1,8
2017460181126,1,9,0,14,0,0,0,0,0,0,4,1,5,1,49,8,1560,2,2,4,1,4
2017460181126,2,2,0,18,0,0,0,0,0,0,1,1,4,1,17,4,49,1,17,5,1,5
2017460181150,1,9,0,7,0,5,0,0,0,0,3,1,3,2,29,6,2967,2,8,9,1,9
2017460181150,2,9,0,18,0,1,0,0,0,0,1,1,6,1,20,4,998,1,4,5,1,5
2017460181154,1,9,0,6,0,0,0,0,0,0,3,1,5,2,24,5,1997,2,3,-1,-1,-1
2017460181154,2,5,0,5,0,0,0,0,0,0,1,1,5,1,28,6,675,1,1,4,1,4
2017460181165,1,19,0,17,0,0,2,0,1,11,1,1,1,1,24,5,2198,2,8,7,2,7
2017460181165,2,9,0,16,0,0,0,0,0,0,0,1,6,1,51,8,1968,2,3,9,2,9
2017460181165,3,9,0,16,0,0,0,0,0,0,3,1,6,2,45,7,1991,2,9,-1,-1,-1
2017460181440,1,5,0,18,0,4,1,0,0,0,1,1,5,1,25,5,1157,1,19,4,1,4
2017460181449,1,9,0,18,0,0,5,0,1,0,1,2,1,1,22,5,-1,-1,-1,-1,-1,-1
2017460181467,1,9,0,18,0,0,0,0,0,0,1,1,6,1,36,7,1997,2,14,2,3,2
2017460181493,1,9,0,18,0,0,1,0,0,0,1,1,6,1,34,6,1391,1,16,2,1,2
2017460181525,1,9,0,18,0,0,0,0,7,2,1,1,6,1,87,11,1896,2,15,10,1,10
2017460181531,1,9,0,18,0,0,0,0,0,0,1,1,5,1,37,7,-1,-1,-1,5,2,5
2017460181531,2,9,0,3,0,0,0,0,0,0,2,1,5,2,49,8,1598,2,2,3,1,3
2017460181593,1,9,0,5,0,6,0,0,0,0,1,1,6,2,31,6,1997,2,4,9,1,9
2017460181593,2,9,0,5,0,6,0,0,0,0,1,1,6,1,58,9,1596,1,7,6,3,6
2017460181633,1,9,0,4,0,1,0,0,0,0,4,1,6,2,55,8,998,1,15,3,1,3
2017460181634,1,9,0,9,0,8,0,0,0,0,1,1,5,1,67,10,1686,2,6,8,1,8
2017460181634,2,9,0,17,0,8,0,0,0,0,3,1,5,2,59,9,998,1,4,4,2,4
2017460181676,1,9,0,9,0,0,5,0,1,3,1,1,6,2,41,7,1388,1,13,10,1,10
2017460181720,1,9,0,18,0,0,0,0,0,0,1,1,6,3,27,6,-1,-1,-1,-1,-1,-1
2017460181720,2,9,0,4,0,0,0,0,0,0,2,1,6,1,18,4,1364,1,8,8,1,8
2017460181765,1,9,0,5,0,4,0,0,0,0,1,1,6,1,37,7,1686,2,7,2,1,2
2017460181765,2,1,0,9,0,3,0,0,0,0,1,1,6,2,39,7,-1,-1,-1,2,1,2
2017460181773,1,11,0,3,0,0,0,0,0,0,0,1,1,3,-1,-1,-1,-1,-1,-1,-1,-1
2017460181785,1,9,0,3,0,0,0,0,0,0,1,1,6,1,38,7,1339,1,10,3,1,3
2017460181785,2,9,0,3,0,0,0,0,0,0,1,1,6,1,33,6,1997,2,9,9,1,9
2017460181785,3,9,0,3,0,0,0,0,0,0,2,1,6,1,20,4,1388,1,14,2,1,2
2017460181815,1,1,0,18,0,0,0,0,0,0,0,1,6,1,40,7,-1,-1,-1,5,1,5
2017460181817,1,9,0,3,0,1,0,0,0,0,0,1,6,3,-1,-1,-1,-1,-1,-1,-1,-1
2017460181832,1,9,0,1,0,0,0,0,0,0,1,1,5,1,30,6,1197,1,3,8,3,8
2017460181832,2,98,0,1,0,0,0,0,0,0,2,1,5,1,57,9,-1,-1,-1,9,1,9
2017460181914,1,9,0,18,0,0,0,0,0,0,1,1,6,1,59,9,1497,1,12,6,1,6
2017460181914,2,9,0,18,0,0,0,0,0,0,1,1,6,2,25,5,1496,2,1,9,1,9
2017460181945,1,9,0,9,0,1,0,0,0,0,1,1,6,2,55,8,1997,2,12,8,1,8
2017460181945,2,3,0,18,0,1,0,0,0,0,1,1,6,1,25,5,124,1,12,7,1,7
2017460181953,1,9,0,18,0,0,1,7,0,0,1,1,6,1,21,5,1598,2,1,2,1,2
2017460181961,1,98,0,4,0,0,0,0,0,0,1,1,1,1,65,9,-1,-1,-1,-1,-1,-1
2017460181961,2,9,0,3,0,0,0,0,0,0,2,1,6,1,34,6,2148,2,12,2,1,2
2017460181986,1,9,0,18,0,5,1,0,1,0,2,1,1,1,65,9,-1,-1,-1,1,2,1
2017460181986,2,9,0,18,0,8,0,0,0,0,1,1,1,1,39,7,1997,1,8,5,1,5
2017460182155,1,9,0,5,0,1,0,0,0,0,4,1,6,2,35,6,2495,2,13,7,3,7
2017460182155,2,9,0,18,0,1,0,0,0,0,1,1,6,1,71,10,1968,2,8,8,2,8
2017460182186,1,9,0,18,0,3,0,0,0,0,2,1,6,2,67,10,1399,2,9,6,3,6
2017460182191,1,21,0,18,0,1,0,0,0,0,1,1,6,1,25,5,10677,2,3,2,1,2
2017460182191,2,9,0,9,0,1,0,0,0,0,2,1,6,2,53,8,1997,1,15,10,1,10