Accident_Index,Vehicle_Reference,Vehicle_Type,Towing_and_Articulation,Vehicle_Manoeuvre,Vehicle_Location-Restricted_Lane,Junction_Location,Skidding_and_Overturning,Hit_Object_in_Carriageway,Vehicle_Leaving_Carriageway,Hit_Object_off_Carriageway,1st_Point_of_Impact,Was_Vehicle_Left_Hand_Drive?,Journey_Purpose_of_Driver,Sex_of_Driver,Age_of_Driver,Age_Band_of_Driver,Engine_Capacity_(CC),Propulsion_Code,Age_of_Vehicle,Driver_IMD_Decile,Driver_Home_Area_Type,Vehicle_IMD_Decile
2017460195252,2,5,0,16,0,0,0,0,0,0,1,1,6,1,53,8,1157,1,15,4,1,4
2017460195253,1,9,0,16,0,1,0,0,0,0,1,1,6,1,71,10,6750,1,37,-1,-1,-1
2017460195253,2,9,0,18,0,1,0,0,2,0,1,1,2,1,43,7,1422,2,12,6,3,6
2017460195253,3,9,0,18,0,1,0,0,0,0,1,1,2,1,65,9,1998,8,2,3,1,3
2017460195292,1,9,0,18,0,8,0,0,0,0,1,1,6,1,43,7,1560,2,11,6,1,6
2017460195292,2,9,0,3,0,8,0,0,0,0,2,1,5,2,43,7,1998,1,13,2,1,2
2017460195373,1,1,0,5,0,1,0,0,0,0,1,1,6,1,16,4,-1,-1,-1,7,1,7
2017460195373,2,9,0,14,0,2,0,0,0,0,1,1,6,2,41,7,1995,2,9,7,3,7
2017460195406,1,9,0,3,0,0,0,0,0,0,0,1,6,1,36,7,1596,1,6,1,1,1
2017460195406,2,9,0,18,0,0,0,0,0,0,2,1,6,2,38,7,2198,2,11,-1,1,-1
2017460195416,1,1,0,18,0,0,0,0,1,0,4,1,4,1,14,3,-1,-1,-1,2,1,2
2017460195416,2,19,0,6,0,0,0,0,0,0,0,1,1,1,18,4,1560,2,2,10,1,10
2017460195416,3,9,0,2,6,0,0,0,0,0,4,1,6,1,22,5,1242,1,7,5,1,5
2017460195423,1,9,0,6,0,2,0,0,0,0,3,1,6,1,37,7,1299,1,17,-1,-1,-1
2017460195423,2,5,0,18,0,2,0,0,0,0,4,1,6,1,42,7,847,1,2,6,1,6
2017460195444,1,9,0,18,0,2,0,0,0,0,1,1,6,1,25,5,-1,-1,-1,8,1,8
2017460195444,2,19,0,18,0,2,0,0,0,0,1,1,6,2,48,8,2198,2,3,3,1,3
2017460195452,1,9,0,9,0,5,1,0,7,0,1,1,6,2,53,8,2191,2,1,7,1,7
2017460195452,2,9,0,17,0,1,0,0,0,0,1,1,6,2,45,7,1596,1,12,6,3,6
2017460195474,1,19,0,17,0,0,0,0,0,0,3,1,6,1,44,7,2198,2,1,-1,-1,-1
2017460195474,2,1,0,16,0,0,0,0,0,0,3,1,6,1,21,5,-1,-1,-1,5,1,5
2017460195476,1,9,0,18,0,0,5,7,0,0,1,1,6,1,22,5,998,1,5,4,1,4
2017460195488,1,9,0,5,0,5,0,0,1,0,1,1,6,1,46,8,-1,-1,-1,4,1,4
2017460195488,2,9,0,18,0,8,0,0,1,0,4,1,6,2,47,8,1998,1,11,10,1,10
2017460195499,1,98,0,18,0,0,0,0,0,0,1,1,6,1,58,9,-1,-1,-1,4,3,4
2017460195499,2,21,0,18,0,0,0,0,0,0,2,1,6,1,51,8,10800,2,3,6,1,6
2017460195499,3,9,0,10,0,0,0,0,0,0,0,1,6,1,56,9,2198,2,11,3,2,3
2017460195507,1,9,0,18,0,0,0,0,0,0,1,1,6,1,30,6,2993,2,1,1,1,1
2017460195507,2,9,0,3,0,0,0,0,0,0,2,1,6,2,47,8,1598,1,17,-1,-1,-1
2017460195507,3,9,0,5,0,0,0,0,0,0,2,1,6,2,35,6,1995,2,14,3,1,3
2017460195508,1,9,0,7,0,0,0,0,0,0,1,1,6,2,35,6,2179,2,4,9,1,9
2017460195508,2,9,0,18,0,0,0,0,0,0,2,1,1,1,26,6,-1,-1,-1,1,1,1
2017460195533,1,9,0,18,0,0,0,0,0,0,1,1,6,1,37,7,1995,2,9,6,2,6
2017460195533,2,9,0,4,0,0,0,0,0,0,2,1,3,2,41,7,1598,2,5,6,1,6
2017460195541,1,9,0,18,0,4,0,0,0,0,1,1,6,1,29,6,1368,1,1,2,1,2
2017460195541,2,9,0,3,0,4,0,0,0,0,2,1,2,2,47,8,2480,1,1,3,1,3
2017460195572,1,17,0,18,0,0,0,0,0,0,0,1,1,1,55,8,5958,2,23,-1,-1,-1
2017460195572,2,9,0,3,0,0,0,0,0,0,2,1,1,1,36,7,1560,2,3,4,2,4
2017460195572,3,9,0,13,0,0,0,0,0,0,1,1,6,1,45,7,-1,-1,-1,-1,-1,-1
2017460195656,1,9,0,18,0,0,0,0,0,0,1,1,1,1,73,10,2656,7,16,2,1,2
2017460195656,2,9,0,2,0,0,0,0,0,0,1,1,1,1,31,6,1796,1,15,5,1,5
2017460195672,1,9,0,9,0,1,0,0,0,0,4,1,5,1,29,6,1995,2,6,3,1,3
2017460195672,2,9,0,18,0,1,0,0,0,0,1,1,5,1,37,7,1598,1,16,-1,-1,-1
2017460195725,1,3,0,18,9,0,0,0,7,0,1,1,6,3,-1,-1,124,1,4,-1,-1,-1
2017460195749,1,19,0,1,0,0,0,0,0,0,2,1,6,1,34,6,2143,2,3,4,1,4
2017460195793,1,9,0,18,0,0,0,0,0,0,1,1,6,2,71,10,-1,-1,-1,-1,-1,-1
2017460195793,2,9,0,18,0,0,0,0,0,0,1,1,6,2,60,9,1200,1,2,2,1,2
2017460195826,1,9,0,3,0,0,0,0,0,0,1,1,6,2,75,10,1896,2,12,5,3,5
2017460195844,1,9,0,3,0,1,0,0,0,0,0,1,6,1,67,10,1596,1,7,4,1,4
2017460195844,2,9,0,3,0,1,0,0,0,0,1,1,6,2,40,7,2979,1,14,4,1,4
2017460195873,1,9,0,3,0,0,0,0,0,0,3,1,6,2,38,7,1197,1,4,8,3,8
2017460195873,2,9,0,3,0,0,0,0,0,0,1,1,6,1,49,8,2401,2,13,10,1,10
2017460195887,1,9,0,3,0,0,0,0,0,0,1,1,6,1,30,6,1598,1,8,6,1,6
2017460195887,2,9,0,3,0,0,0,0,0,0,1,1,6,1,69,10,999,1,2,10,3,10
2017460195888,1,9,0,3,0,1,0,0,0,0,2,1,6,1,40,7,1598,1,9,2,1,2
2017460195888,2,1,0,3,0,1,0,0,0,0,1,1,6,1,55,8,-1,-1,-1,9,1,9
2017460195932,1,9,0,18,0,0,0,0,0,0,1,1,6,1,67,10,2401,2,10,9,1,9
2017460195953,1,3,0,18,0,8,1,0,0,0,1,1,6,1,19,4,125,1,7,-1,-1,-1
2017460195953,2,9,0,18,0,8,0,0,0,0,1,1,6,2,48,8,998,1,20,2,1,2
2017460195965,1,9,0,18,0,1,0,0,0,0,3,1,6,2,37,7,1397,1,5,5,3,5
2017460195965,2,19,0,3,0,1,0,0,0,0,2,1,6,1,30,6,2198,2,7,9,1,9
2017460195965,3,98,0,3,0,1,0,0,0,0,2,1,6,3,37,7,-1,-1,-1,-1,-1,-1
2017460195985,1,9,0,3,0,0,0,0,0,0,1,1,5,1,73,10,1598,1,9,5,2,5
2017460195985,2,9,0,3,0,0,0,0,0,0,2,1,5,2,24,5,1395,1,2,1,1,1
2017460196016,1,9,0,3,0,1,0,0,0,0,1,1,6,3,-1,-1,-1,-1,-1,-1,-1,-1
2017460196016,2,9,0,3,0,1,0,0,0,0,2,1,6,2,30,6,1360,1,11,5,1,5
2017460196024,1,9,0,18,0,2,0,0,0,0,0,1,6,3,-1,-1,-1,-1,-1,-1,-1,-1
2017460196029,1,9,0,9,0,6,0,0,0,0,1,1,6,1,37,7,1896,2,14,8,1,8
2017460196029,2,9,0,9,0,5,0,0,0,0,3,1,5,2,31,6,-1,-1,-1,4,1,4
2017460196034,1,9,0,18,0,3,0,0,0,0,3,1,1,1,31,6,1560,2,3,8,2,8
2017460196034,2,9,0,18,0,6,0,0,0,0,4,1,1,1,34,6,1796,1,3,1,1,1
2017460196047,1,9,0,2,9,0,0,0,0,0,2,1,5,1,22,5,1248,2,13,1,1,1
2017460196069,1,97,0,18,0,0,0,0,0,0,0,1,6,1,35,6,-1,-1,-1,1,1,1
2017460196073,1,3,0,18,0,0,0,0,0,0,1,1,1,1,21,5,108,1,1,3,1,3
2017460196073,2,9,0,3,0,0,0,0,0,0,2,1,5,2,40,7,1991,2,9,8,2,8
2017460196116,1,9,0,18,0,0,0,0,0,0,2,1,6,2,40,7,1997,2,-1,5,3,5
2017460196116,2,9,0,18,0,0,0,0,0,0,4,1,6,1,40,7,1461,2,3,5,1,5
2017460196116,3,9,0,18,0,0,0,0,0,0,3,1,6,2,44,7,1969,2,2,10,3,10
2017460196116,4,9,0,18,0,0,0,0,0,0,2,1,6,2,45,7,1995,2,6,9,1,9
2017460196116,5,9,0,18,0,0,0,0,0,0,1,1,6,1,28,6,1984,1,5,8,1,8
2017460196116,6,9,0,18,0,0,0,0,0,0,3,1,6,1,62,9,1968,2,3,10,1,10
2017460196162,1,9,0,18,0,6,0,0,0,0,1,1,6,2,19,4,1242,1,6,8,2,8
2017460196162,2,5,0,18,0,1,0,0,0,0,1,1,6,1,21,5,599,1,16,4,1,4
2017460196162,3,9,0,2,0,1,0,0,0,0,2,1,6,2,40,7,1560,2,5,5,1,5
2017460196164,1,9,0,18,0,0,0,0,0,0,1,1,6,1,-1,-1,1598,1,9,-1,-1,-1
2017460196175,1,9,0,18,0,3,0,0,0,0,1,1,6,3,-1,-1,-1,-1,-1,-1,-1,-1
2017460196175,2,9,0,18,0,3,0,0,0,0,3,1,6,2,36,7,1985,1,17,3,3,3
2017460196194,1,9,0,18,0,0,0,0,0,0,4,1,5,2,36,7,1999,2,10,4,1,4
2017460196194,2,9,0,9,0,0,0,0,0,0,3,1,1,2,55,8,1997,2,8,5,1,5
2017460196197,1,9,0,18,0,1,0,0,0,0,1,1,6,1,28,6,1969,1,1,5,1,5
2017460196197,2,9,0,18,0,1,0,0,0,0,2,1,6,2,47,8,1364,1,9,2,1,2
2017460196229,1,9,0,18,0,4,0,0,0,0,1,1,6,1,43,7,3993,1,1,-1,-1,-1
2017460196229,2,9,0,18,0,4,0,0,0,0,2,1,6,2,38,7,998,1,11,-1,-1,-1
2017460196356,1,90,1,18,0,0,0,0,0,0,1,1,1,1,37,7,-1,-1,-1,-1,-1,-1
2017460196356,2,9,0,18,0,0,0,0,1,0,2,1,5,1,73,10,933,1,-1,-1,-1,-1
2017460196406,1,5,0,16,0,0,1,0,0,0,1,1,6,1,61,9,599,1,16,10,1,10
2017460196406,2,9,0,17,0,0,1,0,0,0,1,1,6,2,33,6,1598,1,15,9,2,9
2017460196431,1,9,0,9,0,0,0,0,0,0,4,1,6,2,37,7,1199,1,16,-1,-1,-1
2017460196431,2,3,0,9,0,0,0,0,0,0,3,1,6,1,54,8,124,1,-1,4,1,4
2017460196437,1,9,0,3,0,1,0,0,0,0,4,1,2,2,58,9,1497,1,16,3,1,3
2017460196495,1,21,1,2,6,0,0,0,0,0,0,1,1,3,-1,-1,-1,-1,-1,-1,-1,-1
2017460196495,2,21,1,12,0,0,0,0,0,0,2,2,1,1,30,6,-1,-1,-1,-1,-1,-1
2017460196495,3,21,1,4,0,0,0,0,0,0,1,1,1,1,46,8,4485,2,1,8,1,8
2017460196507,1,9,0,18,0,8,0,0,0,0,0,1,1,2,62,9,1598,2,1,8,2,8
2017460196507,2,22,0,5,0,8,0,0,0,0,3,1,2,1,88,11,-1,-1,-1,10,1,10
2017460196592,1,9,0,13,0,1,0,0,0,0,0,1,1,3,-1,-1,-1,-1,-1,-1,-1,-1
2017460196592,2,1,0,4,0,1,0,0,0,0,0,1,5,2,62,9,-1,-1,-1,5,1,5
2017460196607,1,9,0,18,0,8,1,0,7,1,1,1,1,2,24,5,1769,1,16,6,3,6
2017460196620,1,20,0,11,0,0,0,0,0,0,2,1,1,1,52,8,-1,-1,-1,-1,-1,-1
2017460196620,2,9,0,18,0,0,0,0,0,0,3,1,2,1,34,6,1124,1,15,8,1,8
2017460196620,3,9,0,18,0,0,0,0,0,0,3,1,6,1,49,8,1299,1,14,5,1,5
2017460196660,1,9,0,13,0,1,0,0,7,0,1,1,6,1,23,5,2993,2,6,10,2,10
2017460196660,2,9,0,13,0,1,0,0,0,0,0,1,6,1,23,5,1798,1,9,-1,-1,-1
2017460196660,3,9,0,4,0,1,0,0,7,0,1,1,1,1,35,6,-1,-1,-1,7,1,7
2017460196663,1,9,0,3,0,1,0,0,0,0,0,1,6,1,45,7,1400,2,11,3,1,3
2017460196663,2,23,0,3,0,1,0,0,0,0,1,1,6,2,46,8,278,1,5,1,1,1
2017460196713,1,9,-1,-1,-1,0,-1,-1,-1,0,-1,1,6,3,37,7,1984,1,16,-1,-1,-1
2017460196713,2,9,-1,-1,-1,0,-1,-1,-1,0,-1,1,6,1,37,7,1248,2,6,2,1,2
2017460196737,1,9,0,6,1,0,0,0,0,0,3,1,5,1,21,5,1198,1,7,9,1,9
2017460196737,2,3,0,18,1,0,0,0,0,0,1,1,5,1,28,6,125,1,-1,-1,-1,-1
2017460196754,1,5,0,18,0,1,0,4,0,0,1,1,6,1,27,6,750,1,20,1,1,1
2017460196754,2,9,0,2,0,1,0,0,0,0,4,1,6,2,49,8,1461,2,13,-1,-1,-1
2017460196754,3,9,0,2,0,1,0,0,0,0,2,1,6,2,36,7,1598,2,1,1,1,1
2017460196755,1,9,0,15,0,1,0,0,0,0,4,1,6,1,45,7,1364,1,13,2,1,2
2017460196755,2,9,0,4,0,1,0,0,0,0,3,1,6,1,34,6,1596,1,9,9,1,9
2017460196762,1,9,0,7,0,0,0,0,1,0,4,1,2,1,19,4,1242,1,9,6,1,6
2017460196780,1,9,0,18,0,1,1,0,0,0,1,1,2,1,47,8,3189,1,13,1,1,1
2017460196850,1,9,0,16,0,0,0,0,0,0,3,1,6,1,74,10,1591,1,4,7,1,7
2017460196850,2,1,0,11,0,0,0,0,0,0,4,1,6,1,81,11,-1,-1,-1,10,1,10
2017460196941,1,9,0,1,0,0,0,0,0,0,2,1,6,3,-1,-1,-1,-1,-1,-1,-1,-1
2017460196941,2,1,0,18,0,0,0,0,0,0,1,1,6,1,14,3,-1,-1,-1,-1,-1,-1
2017460196943,1,9,0,9,0,5,0,0,0,0,4,1,6,1,40,7,1598,2,2,8,3,8
2017460196943,2,5,0,18,0,8,0,0,1,0,1,1,6,2,36,7,1250,1,17,9,1,9
2017460196966,1,3,0,18,0,0,0,0,0,0,1,1,6,1,22,5,124,1,1,4,1,4
2017460196985,1,9,0,18,0,0,0,0,0,0,4,1,6,2,61,9,1796,1,3,1,1,1
2017460196998,1,19,0,18,0,1,0,0,0,0,1,1,6,1,41,7,2287,2,9,5,1,5
2017460196998,2,9,0,3,0,1,0,0,0,0,2,1,2,2,19,4,1598,2,5,4,3,4
2017460197021,1,21,1,17,0,0,0,0,0,0,1,2,1,1,51,8,-1,-1,-1,-1,-1,-1
2017460197021,2,9,0,16,0,0,0,0,0,0,1,1,6,1,29,6,-1,-1,-1,-1,-1,-1
2017460197024,1,1,0,18,0,0,1,0,0,0,1,1,6,1,-1,-1,-1,-1,-1,-1,-1,-1
2017460197024,2,9,0,4,0,0,0,0,0,0,4,1,6,1,25,5,1995,2,6,6,2,6
2017460197045,1,9,0,18,0,0,0,0,0,0,1,1,6,3,-1,-1,1598,1,16,-1,-1,-1
2017460197045,2,5,0,18,0,0,0,0,0,0,2,1,6,1,29,6,998,1,10,2,1,2
2017460197053,1,9,0,18,0,6,0,0,0,0,4,1,6,1,34,6,2148,2,14,-1,-1,-1
2017460197053,2,9,0,18,0,8,0,0,0,0,3,1,6,2,33,6,1560,2,3,5,3,5
2017460197077,1,9,0,5,0,0,0,0,0,0,1,1,6,1,28,6,1242,1,18,2,1,2
2017460197077,2,2,0,18,0,0,0,0,0,0,4,1,6,1,16,4,49,1,8,6,1,6
2017460197180,1,9,0,9,0,1,0,0,0,0,4,1,6,1,68,10,2360,1,7,-1,-1,-1
2017460197180,2,11,0,18,0,1,0,0,0,0,1,1,1,1,55,8,8268,2,13,-1,-1,-1
2017460197181,1,9,0,9,0,0,0,0,0,0,1,1,2,1,49,8,-1,-1,-1,5,1,5
2017460197181,2,1,0,18,0,0,0,0,0,0,4,1,2,1,44,7,-1,-1,-1,6,1,6
2017460197282,1,11,0,7,0,1,0,0,0,0,3,2,6,3,-1,-1,-1,-1,-1,-1,-1,-1
2017460197307,1,9,0,5,0,0,0,0,7,0,1,1,5,2,79,11,1339,8,4,8,3,8
2017460197307,2,9,0,18,0,0,1,0,0,0,1,1,5,1,75,10,1686,2,6,6,1,6
2017460197332,1,9,0,9,0,1,0,0,0,0,4,1,1,1,28,6,-1,-1,-1,5,1,5
2017460197332,2,9,0,17,0,1,0,0,0,0,1,1,1,1,30,6,2993,2,9,4,1,4
2017460197332,3,9,0,10,0,1,0,0,0,0,1,1,1,1,49,8,1598,2,1,9,2,9
2017460197354,1,9,0,9,0,0,0,0,0,0,4,1,6,1,48,8,1998,1,11,6,2,6
2017460197354,2,9,0,18,0,0,0,0,0,0,3,1,6,2,37,7,1868,2,15,2,1,2
2017460197358,1,9,0,6,0,1,0,0,0,0,3,1,6,2,41,7,1951,2,14,4,3,4
2017460197358,2,5,0,18,0,1,0,0,0,0,1,1,6,1,53,8,1052,1,23,2,1,2
2017460197399,1,1,0,18,0,0,1,0,1,0,1,1,6,1,15,3,-1,-1,-1,6,2,6
2017460197399,2,9,0,18,0,0,1,0,0,0,1,1,6,1,-1,-1,-1,-1,-1,-1,-1,-1
2017460197417,1,9,0,18,0,0,0,0,0,0,1,1,1,1,37,7,3200,2,14,-1,-1,-1
2017460197417,2,10,0,18,0,0,0,0,0,0,2,1,1,2,43,7,2402,2,10,-1,-1,-1
2017460197448,1,9,0,18,0,0,0,0,0,0,4,1,6,1,37,7,599,1,14,3,1,3
2017460197490,1,9,0,9,0,0,0,0,0,0,0,1,6,3,37,7,-1,-1,-1,-1,-1,-1
2017460197490,2,9,0,4,0,0,0,0,0,0,0,1,6,3,37,7,-1,-1,-1,-1,-1,-1
2017460197490,3,3,0,18,0,0,0,0,0,0,1,1,6,1,20,4,124,1,10,-1,-1,-1
2017460197526,1,9,0,12,0,0,0,0,0,0,3,1,6,1,42,7,1900,2,11,3,1,3
2017460197526,2,9,0,17,0,0,0,0,0,0,4,1,6,1,47,8,998,1,-1,2,1,2
2017460197591,1,19,0,9,0,0,0,0,0,0,4,1,1,1,40,7,2143,2,5,4,1,4
2017460197591,2,5,0,18,0,0,0,0,0,0,1,1,6,1,44,7,749,1,20,-1,-1,-1
2017460197595,1,1,0,18,0,0,0,0,0,0,0,1,5,1,-1,-1,-1,-1,-1,-1,-1,-1
2017460197595,2,9,0,10,0,0,0,0,0,0,3,1,1,2,40,7,1598,1,15,5,1,5
2017460197647,1,9,0,18,0,0,0,0,0,0,1,1,6,1,26,6,1968,2,4,8,1,8
2017460197660,1,9,0,17,0,0,0,0,0,0,1,1,6,1,19,4,1299,1,12,5,1,5
2017460197660,2,9,0,16,0,0,0,0,0,0,2,1,6,2,37,7,1598,1,15,3,2,3
2017460197698,1,9,0,18,0,0,0,0,0,0,3,1,2,1,18,4,1998,2,5,7,1,7
2017460197698,2,5,0,16,0,0,0,0,0,0,1,1,2,1,56,9,2294,1,13,5,1,5
2017460197701,1,9,0,4,0,4,0,0,0,0,3,1,6,1,57,9,-1,-1,-1,8,3,8
2017460197708,1,9,0,9,0,1,0,0,0,0,4,1,6,1,61,9,-1,-1,-1,3,1,3
2017460197708,2,9,0,18,0,1,0,0,0,0,1,1,6,2,65,9,-1,-1,-1,8,2,8
2017460197709,1,11,0,2,0,0,0,0,0,0,0,1,1,2,59,9,6700,2,9,3,1,3
2017460197746,1,3,0,3,0,0,0,0,0,0,0,1,6,1,17,4,124,1,5,8,1,8
2017460197768,1,9,0,6,0,1,0,0,0,0,3,1,1,2,24,5,1398,1,2,1,1,1
2017460197768,2,9,0,16,0,1,0,0,0,0,1,1,6,1,27,6,-1,-1,-1,2,1,2
2017460197782,1,9,0,18,0,1,0,0,0,0,1,1,5,2,31,6,1496,2,2,6,3,6
2017460197782,2,9,0,5,0,2,0,0,0,0,3,1,5,1,77,11,1497,8,4,6,1,6
2017460197811,1,9,0,18,0,1,0,0,0,0,1,1,6,2,30,6,1197,1,2,7,1,7
2017460197811,2,4,0,3,0,1,0,0,0,0,2,1,6,1,66,10,385,1,16,9,1,9
2017460197830,1,9,0,17,0,0,-1,0,1,9,1,1,6,2,73,10,1299,1,15,6,3,6
2017460197859,1,9,0,18,0,0,0,0,0,0,1,1,6,3,-1,-1,-1,-1,-1,-1,-1,-1
2017460197859,2,9,0,18,0,0,0,0,0,0,2,1,6,2,33,6,1398,1,6,1,1,1
2017460197903,1,9,0,18,0,0,0,0,0,0,1,1,6,1,54,8,1984,1,6,-1,-1,-1
2017460197903,2,9,0,3,0,0,0,0,0,0,2,1,6,2,45,7,1598,1,12,-1,-1,-1
2017460197918,1,9,0,16,0,2,0,10,1,0,0,1,6,2,83,11,1248,1,7,10,1,10
2017460197932,1,5,0,18,0,0,0,0,0,0,1,1,6,1,42,7,800,1,3,-1,-1,-1
2017460197932,2,9,0,3,0,0,0,0,0,0,2,1,6,2,44,7,1797,8,4,-1,-1,-1
2017460197933,1,9,0,13,0,0,0,0,0,0,4,1,6,2,-1,-1,1598,2,1,6,1,6
2017460197933,2,21,0,9,0,0,0,0,0,0,3,1,1,1,49,8,-1,-1,-1,4,1,4
2017460197967,1,9,0,9,0,8,0,0,0,0,1,1,6,1,28,6,1796,1,17,-1,-1,-1
2017460197967,2,5,0,15,0,8,0,0,0,0,3,1,6,1,60,9,1299,1,14,-1,-1,-1
2017460197978,1,9,0,18,0,1,0,0,0,0,4,1,6,1,47,8,1997,2,10,7,2,7
2017460197978,2,1,0,18,0,1,0,0,0,0,3,1,6,1,53,8,-1,-1,-1,6,1,6
2017460198032,1,9,0,18,0,0,0,0,1,0,1,1,6,2,28,6,1995,1,12,6,3,6
2017460198052,1,9,0,16,0,0,0,0,0,0,4,1,2,1,55,8,1968,2,4,-1,-1,-1
2017460198052,2,9,0,16,0,0,0,0,0,0,1,1,1,1,31,6,-1,-1,-1,4,1,4
2017460198091,1,9,0,16,0,0,0,0,1,0,4,1,6,1,18,4,1149,1,13,10,3,10
2017460198101,1,9,0,18,0,0,1,0,1,0,1,1,6,1,23,5,1229,1,3,5,2,5
2017460198114,1,21,1,2,6,0,0,0,0,0,2,2,1,1,41,7,-1,-1,-1,-1,-1,-1
2017460198114,2,21,1,18,0,0,5,0,0,0,1,2,1,1,27,6,-1,-1,-1,-1,-1,-1
2017460198115,1,9,0,9,0,2,0,0,0,0,1,1,6,2,63,9,1796,1,12,10,2,10
2017460198115,2,9,0,18,0,2,0,0,0,0,1,1,6,2,23,5,1910,2,10,-1,-1,-1
2017460198115,3,9,0,18,0,2,0,0,0,0,3,1,6,1,70,10,1998,2,12,-1,-1,-1
2017460198126,1,1,0,14,0,0,0,0,0,0,1,1,6,1,26,6,-1,-1,-1,5,1,5
2017460198126,2,9,0,18,0,0,0,0,0,0,3,1,6,1,38,7,1598,1,11,6,1,6
2017460198126,3,9,0,18,0,0,0,0,0,0,3,1,6,2,27,6,1798,1,8,4,1,4
2017460198136,1,21,0,3,0,0,0,0,0,0,1,1,6,1,29,6,-1,-1,-1,9,1,9
2017460198155,1,9,0,18,0,0,0,0,0,0,1,1,6,1,45,7,2776,2,13,3,1,3
2017460198188,1,9,0,18,0,8,0,0,0,0,3,1,6,1,37,7,-1,-1,-1,-1,-1,-1
2017460198188,2,1,0,18,0,8,0,0,0,0,0,1,6,1,14,3,-1,-1,-1,3,1,3
2017460198245,1,5,0,18,0,1,0,4,0,0,1,1,6,1,29,6,689,1,1,8,1,8
2017460198245,2,9,0,10,0,1,0,0,0,0,2,1,6,1,45,7,1598,1,4,10,2,10
2017460198259,1,9,0,18,0,2,0,0,0,0,2,1,2,1,27,6,1395,1,-1,-1,-1,-1
2017460198259,2,90,0,4,0,2,0,0,0,0,1,1,1,1,46,8,11946,2,8,-1,-1,-1
2017460198276,1,9,0,18,0,0,1,0,0,0,1,1,6,2,33,6,1198,1,-1,-1,-1,-1
2017460198276,2,9,0,4,0,0,0,0,0,0,2,1,6,2,37,7,1995,2,6,-1,-1,-1
2017460198295,1,19,0,18,0,1,0,0,0,0,1,1,2,1,44,7,2143,2,8,6,1,6
2017460198295,2,9,0,18,0,1,0,0,0,0,2,1,6,2,40,7,1598,1,12,-1,-1,-1
2017460198355,1,9,0,9,0,6,0,0,0,0,3,1,6,1,77,11,998,1,1,-1,-1,-1
2017460198355,2,5,0,9,0,6,0,0,0,0,1,1,6,1,24,5,998,1,10,-1,-1,-1
2017460198382,1,1,0,18,9,0,2,0,0,0,1,1,6,1,18,4,-1,-1,-1,-1,-1,-1
2017460198400,1,9,0,18,0,1,0,0,0,0,1,1,6,1,35,6,1994,1,15,-1,-1,-1
2017460198400,2,9,0,4,0,1,0,0,0,0,2,1,6,1,57,9,1995,2,1,-1,-1,-1
2017460198457,1,9,0,14,0,0,0,0,0,0,1,1,6,2,19,4,1368,1,9,-1,-1,-1
2017460198708,1,9,0,18,0,1,0,0,0,0,4,1,6,1,22,5,1582,2,2,2,1,2
2017460198782,1,9,0,4,0,0,0,0,7,0,1,1,2,1,39,7,2720,2,10,5,3,5
2017460198782,2,9,0,7,0,0,0,0,1,0,1,1,2,1,19,4,1995,1,10,2,1,2
2017460198806,1,3,0,13,0,8,0,0,0,0,1,1,6,1,22,5,125,1,4,2,1,2
2017460198806,2,9,0,9,0,8,0,0,0,0,3,1,2,1,32,6,-1,-1,-1,-1,-1,-1
2017460198847,1,9,0,9,0,6,0,0,0,0,3,1,6,1,52,8,-1,-1,-1,9,1,9
2017460198847,2,9,0,3,0,1,0,0,0,0,1,1,6,1,43,7,2987,2,10,1,1,1
2017460198864,1,98,1,12,0,0,0,0,0,0,1,2,1,1,27,6,-1,-1,-1,-1,-1,-1
2017460198864,2,9,0,15,0,0,2,0,1,10,4,1,6,1,41,7,1850,1,17,-1,-1,-1
2017460198870,1,9,0,7,0,3,0,0,0,0,1,1,2,1,54,8,1242,1,8,8,2,8
2017460198955,1,9,0,9,0,6,0,0,0,0,1,1,5,1,50,8,2402,2,8,6,3,6
2017460198955,2,9,0,18,0,8,0,0,0,0,3,1,5,2,78,11,1591,1,3,5,1,5
2017460198963,1,9,0,18,0,0,0,0,0,0,3,1,6,2,53,8,1999,1,11,-1,-1,-1
2017460198963,2,9,0,9,0,0,0,0,0,0,4,1,6,1,45,7,-1,-1,-1,-1,-1,-1
2017460198966,1,1,0,18,0,0,0,0,0,0,1,1,6,2,45,7,-1,-1,-1,-1,-1,-1
2017460198976,1,5,0,18,0,1,0,0,2,0,1,1,6,1,41,7,998,1,7,-1,-1,-1
2017460198979,1,9,0,7,0,8,0,0,0,0,2,1,6,1,46,8,1598,1,11,4,2,4
2017460198979,2,1,0,18,0,1,0,0,0,0,4,1,5,2,30,6,-1,-1,-1,8,2,8
2017460199017,1,1,0,18,0,1,0,0,0,0,1,1,6,1,13,3,-1,-1,-1,-1,-1,-1
2017460199017,2,9,0,7,0,2,0,0,0,0,4,1,6,2,18,4,1086,1,12,-1,-1,-1
2017460199056,1,9,0,18,0,0,0,0,2,0,1,1,6,2,36,7,2401,2,13,7,3,7
2017460199084,1,9,0,18,0,0,0,0,0,0,4,1,6,1,41,7,1686,2,2,-1,-1,-1
2017460199084,2,9,0,18,0,0,0,0,0,0,3,1,6,1,33,6,-1,-1,-1,-1,-1,-1
2017460199105,1,9,0,18,0,0,0,0,0,0,2,1,6,1,25,5,1198,1,11,-1,-1,-1