Accident_Index,Vehicle_Reference,Vehicle_Type,Towing_and_Articulation,Vehicle_Manoeuvre,Vehicle_Location-Restricted_Lane,Junction_Location,Skidding_and_Overturning,Hit_Object_in_Carriageway,Vehicle_Leaving_Carriageway,Hit_Object_off_Carriageway,1st_Point_of_Impact,Was_Vehicle_Left_Hand_Drive?,Journey_Purpose_of_Driver,Sex_of_Driver,Age_of_Driver,Age_Band_of_Driver,Engine_Capacity_(CC),Propulsion_Code,Age_of_Vehicle,Driver_IMD_Decile,Driver_Home_Area_Type,Vehicle_IMD_Decile
2017460202595,2,9,0,4,0,0,0,0,0,0,2,1,6,2,22,5,875,1,6,10,1,10
2017460202595,3,9,0,4,0,0,0,0,0,0,2,1,6,2,28,6,1796,1,15,10,1,10
2017460202641,1,9,0,18,0,1,0,0,0,0,3,1,6,2,25,5,1199,1,16,5,1,5
2017460202641,2,9,0,18,0,1,0,0,0,0,1,1,6,1,48,8,1240,1,12,3,1,3
2017460202657,1,9,0,18,0,0,0,11,0,0,1,1,5,1,32,6,1399,2,11,4,1,4
2017460202667,1,3,0,4,0,2,0,0,0,0,1,1,6,1,92,11,124,1,2,9,3,9
2017460202667,2,9,0,4,0,2,0,0,0,0,2,1,6,1,24,5,1598,2,7,-1,-1,-1
2017460202683,1,19,0,4,0,1,0,0,0,0,1,1,1,1,32,6,1598,2,1,6,1,6
2017460202683,2,8,0,18,0,1,0,0,0,0,3,1,1,1,53,8,1997,2,14,6,1,6
2017460202699,1,9,0,16,0,0,0,7,2,0,1,1,6,1,37,7,1997,2,8,4,3,4
2017460202737,1,9,0,18,0,8,0,0,0,0,2,1,6,3,40,7,1598,1,15,-1,-1,-1
2017460202737,2,9,0,2,0,8,0,0,0,0,1,1,6,2,24,5,1500,1,21,1,1,1
2017460202759,1,9,0,18,0,1,0,0,0,0,1,1,6,2,23,5,1397,1,15,1,1,1
2017460202759,2,9,0,9,0,1,0,0,0,0,2,1,6,2,51,8,1998,1,10,4,1,4
2017460202790,1,9,0,18,0,1,0,0,0,0,1,1,6,1,26,6,1390,1,13,3,1,3
2017460202790,2,9,0,4,0,1,0,0,0,0,2,1,6,1,40,7,1461,2,3,-1,-1,-1
2017460202792,1,9,0,18,0,0,0,0,-1,0,1,1,6,1,-1,-1,1998,2,9,1,1,1
2017460202792,2,9,0,4,0,0,0,0,-1,0,2,1,6,2,28,6,1242,1,6,6,1,6
2017460202835,1,9,0,5,0,0,0,0,0,0,0,1,6,1,72,10,1598,2,2,5,2,5
2017460202857,1,5,0,4,0,0,0,0,0,0,3,1,5,1,71,10,1137,1,14,6,3,6
2017460202857,2,5,0,4,0,0,0,0,0,0,2,1,5,1,62,9,1649,1,1,7,3,7
2017460202857,3,19,0,2,6,0,0,0,0,0,0,1,1,1,33,6,2143,2,3,6,1,6
2017460202857,4,9,0,18,0,0,0,0,0,0,3,1,6,2,72,10,2497,2,14,6,2,6
2017460202869,1,9,0,9,0,2,0,0,0,0,1,1,6,1,68,10,1997,2,11,4,1,4
2017460202869,2,9,0,18,0,1,0,0,0,0,2,1,6,1,61,9,1997,2,-1,7,1,7
2017460202873,1,9,0,9,0,2,0,0,0,0,1,1,6,2,55,8,2179,2,10,9,1,9
2017460202873,2,9,0,17,0,1,0,0,0,0,4,1,6,1,59,9,1597,1,19,1,1,1
2017460202878,1,9,0,18,0,8,5,0,0,0,4,1,6,2,23,5,1390,1,7,-1,-1,-1
2017460202878,2,9,0,18,0,1,0,0,0,0,3,1,3,2,21,5,1398,1,4,2,1,2
2017460202878,3,9,0,2,0,1,0,0,1,0,2,1,6,2,37,7,1998,1,15,-1,-1,-1
2017460202883,1,9,0,18,0,1,0,0,0,0,4,1,6,1,25,5,-1,-1,-1,-1,-1,-1
2017460202883,2,9,0,10,0,1,0,0,0,0,4,1,1,1,59,9,1598,2,6,-1,-1,-1
2017460202883,3,9,0,2,0,1,0,0,1,0,4,1,6,1,37,7,1951,2,14,6,1,6
2017460202885,1,9,0,9,0,1,0,0,0,0,1,1,6,1,20,4,1390,1,14,10,1,10
2017460202885,2,1,0,18,0,1,0,0,0,0,1,1,6,1,30,6,-1,-1,-1,2,1,2
2017460202888,1,9,0,15,0,0,0,0,0,0,1,1,6,1,24,5,1242,1,-1,4,1,4
2017460202888,2,90,0,4,0,0,0,0,0,0,3,1,1,2,30,6,2987,2,7,8,3,8
2017460202902,1,19,0,18,0,0,0,0,0,0,1,1,1,1,26,6,1499,2,1,6,1,6
2017460202902,2,9,0,4,0,0,0,0,0,0,2,1,6,1,80,11,1461,2,3,9,1,9
2017460202910,1,9,0,9,0,1,0,0,0,0,1,1,6,1,38,7,1388,1,13,9,2,9
2017460202912,1,9,0,18,0,0,0,0,0,0,3,1,6,2,37,7,1298,1,12,5,1,5
2017460202917,1,19,0,18,0,1,0,0,0,0,4,1,6,1,44,7,1461,2,1,-1,-1,-1
2017460203065,1,9,0,5,0,1,0,0,0,0,1,1,3,2,39,7,1364,1,1,3,1,3
2017460203065,2,9,0,5,0,1,0,0,0,0,2,1,3,2,48,8,1984,1,13,9,1,9
2017460203065,3,9,0,5,0,1,0,0,0,0,2,1,3,2,54,8,1999,1,9,7,1,7
2017460203108,1,9,0,18,0,0,0,0,0,0,1,1,6,1,64,9,2179,2,10,6,1,6
2017460203129,1,9,0,18,0,0,5,0,0,0,1,1,2,1,64,9,1586,1,1,7,2,7
2017460203129,2,9,0,2,0,0,0,0,0,0,2,1,5,3,37,7,1597,1,10,-1,-1,-1
2017460203178,1,9,0,18,0,0,0,0,0,0,1,1,2,1,34,6,-1,-1,-1,-1,-1,-1
2017460203178,2,9,0,10,0,0,0,0,0,0,4,1,6,1,53,8,-1,-1,-1,-1,-1,-1
2017460203211,1,9,0,18,0,1,1,0,0,0,1,1,6,1,25,5,1587,1,16,7,1,7
2017460203211,2,98,0,3,0,1,0,0,0,0,2,1,6,1,37,7,-1,-1,-1,1,1,1
2017460203233,1,1,0,18,0,2,0,0,0,0,1,1,6,1,14,3,-1,-1,-1,2,1,2
2017460203233,2,9,0,18,0,2,0,0,0,0,4,1,6,2,75,10,1398,1,4,7,1,7
2017460203295,1,9,0,7,0,1,0,0,0,0,4,1,5,1,50,8,1598,1,18,7,2,7
2017460203295,2,5,0,18,0,1,5,0,0,0,3,1,5,1,50,8,798,1,9,1,1,1
2017460203343,1,9,0,18,0,0,0,0,0,0,1,1,6,3,37,7,-1,-1,-1,-1,-1,-1
2017460203343,2,1,0,18,0,0,0,0,0,0,0,1,6,1,19,4,-1,-1,-1,5,2,5
2017460203479,1,9,0,4,0,0,0,0,0,0,0,1,6,2,47,8,1968,2,2,6,1,6
2017460203479,2,9,0,4,0,0,0,0,0,0,0,1,6,2,49,8,2987,2,7,9,1,9
2017460203481,1,98,1,18,0,4,0,0,0,0,3,1,1,1,55,8,-1,-1,-1,-1,-1,-1
2017460203481,2,9,0,18,0,1,0,0,0,0,1,1,1,2,29,6,1968,2,10,3,1,3
2017460203481,3,9,0,18,0,1,0,0,0,0,1,1,2,1,28,6,1995,2,12,5,1,5
2017460203603,1,9,0,10,0,0,0,0,0,0,1,1,5,1,47,8,1598,1,16,1,1,1
2017460203603,2,9,0,18,0,0,0,0,0,0,3,1,5,2,50,8,1388,1,15,1,1,1
2017460203611,1,98,1,18,0,0,0,0,0,0,1,1,1,1,44,7,-1,-1,-1,-1,-1,-1
2017460203611,2,9,0,18,0,0,0,0,0,0,2,1,6,1,36,7,1242,1,1,-1,-1,-1
2017460203611,3,9,0,2,0,0,0,0,0,0,3,1,6,2,37,7,4799,1,11,6,3,6
2017460203644,1,9,0,18,0,1,1,0,8,3,1,1,6,1,57,9,1299,1,13,-1,-1,-1
2017460203660,1,1,0,18,0,1,0,0,0,0,1,1,6,2,25,5,-1,-1,-1,2,1,2
2017460203660,2,19,0,18,0,1,0,0,0,0,1,1,6,1,38,7,2198,2,3,2,1,2
2017460203672,1,9,0,18,0,0,0,0,0,0,1,1,6,1,20,4,1396,1,14,1,1,1
2017460203672,2,9,0,4,0,0,0,0,0,0,2,1,6,1,48,8,1498,1,-1,3,1,3
2017460203702,1,3,0,18,0,8,1,0,0,0,3,1,6,1,20,4,125,1,3,-1,-1,-1
2017460203706,1,9,0,4,0,1,0,0,0,0,1,1,6,3,-1,-1,-1,-1,-1,-1,-1,-1
2017460203706,2,9,0,3,0,1,0,0,0,0,2,1,1,1,20,4,1360,1,15,2,1,2
2017460203735,1,9,0,18,0,0,0,0,0,0,1,1,6,1,25,5,999,1,1,-1,-1,-1
2017460203735,2,9,0,4,0,0,0,0,0,0,2,1,6,1,-1,-1,-1,-1,-1,7,3,7
2017460203816,1,9,0,18,0,1,0,0,0,0,1,1,6,3,-1,-1,1796,1,16,-1,-1,-1
2017460203816,2,9,0,18,0,1,0,0,0,0,1,1,1,1,52,8,1986,2,12,6,2,6
2017460203818,1,1,0,5,0,0,0,0,0,0,0,1,5,1,39,7,-1,-1,-1,7,3,7
2017460203836,1,9,0,17,0,0,1,0,7,0,0,1,6,2,21,5,989,1,13,8,1,8
2017460203868,1,9,0,18,0,4,0,0,0,0,1,1,6,1,17,4,1149,1,14,4,1,4
2017460203868,2,9,0,9,0,3,0,0,0,0,4,1,6,1,24,5,1587,1,10,1,1,1
2017460203873,1,1,0,18,0,0,0,0,0,0,1,1,6,1,11,3,-1,-1,-1,2,1,2
2017460203873,2,9,0,18,0,0,0,0,0,0,1,1,6,1,22,5,1999,1,13,2,1,2
2017460203932,1,9,0,18,0,4,0,0,0,0,1,1,6,2,75,10,1229,1,11,10,1,10
2017460203932,2,4,0,5,0,4,0,0,0,0,4,1,6,1,51,8,249,1,3,2,1,2
2017460203991,1,1,-1,-1,-1,0,-1,-1,-1,0,-1,1,6,3,37,7,-1,-1,-1,-1,-1,-1
2017460203991,2,19,0,-1,-1,0,-1,-1,-1,0,-1,1,6,1,52,8,2998,2,2,3,1,3
2017460204020,1,19,0,9,0,2,0,0,0,0,1,1,2,1,63,9,2299,2,3,-1,-1,-1
2017460204020,2,9,0,18,0,2,0,0,0,0,1,1,2,2,40,7,2494,1,18,-1,-1,-1
2017460204020,3,9,0,18,0,2,0,0,0,0,2,1,2,2,38,7,1390,1,13,8,1,8
2017460204028,1,9,0,1,0,3,0,0,0,0,2,1,2,2,48,8,998,1,11,8,1,8
2017460204028,2,9,0,3,0,1,0,0,0,0,0,1,2,2,24,5,1796,1,14,5,1,5
2017460204028,3,9,0,2,0,1,0,0,0,0,3,1,6,1,37,7,1968,2,-1,4,1,4
2017460204028,4,9,0,2,0,1,0,0,0,0,2,1,6,1,37,7,1598,1,5,3,1,3
2017460204103,1,9,0,18,0,0,0,0,2,10,1,1,6,1,32,6,1997,2,13,-1,-1,-1
2017460204150,1,1,0,18,0,0,0,0,0,0,2,1,5,1,20,4,-1,-1,-1,2,1,2
2017460204150,2,9,0,18,0,0,0,0,0,0,3,1,5,2,65,9,1598,1,-1,3,1,3
2017460204206,1,9,0,18,9,8,0,0,1,0,4,1,6,1,35,6,-1,-1,-1,-1,-1,-1
2017460204208,1,9,0,2,0,0,0,0,0,0,3,1,6,3,37,7,-1,-1,-1,-1,-1,-1
2017460204208,2,1,0,18,0,0,0,8,0,0,1,1,6,1,25,5,-1,-1,-1,4,1,4
2017460204243,1,9,0,5,0,0,0,0,0,0,2,1,6,1,86,11,1598,1,6,10,1,10
2017460204243,2,9,0,18,0,0,0,0,0,0,3,1,6,2,49,8,1242,1,5,4,3,4
2017460204266,1,9,0,7,0,0,0,0,0,0,1,1,5,3,37,7,-1,-1,-1,-1,-1,-1
2017460204266,2,9,0,18,0,0,0,0,0,0,1,1,5,2,22,5,1199,1,14,3,1,3
2017460204280,1,9,0,18,0,1,0,0,0,0,1,1,6,1,29,6,1560,2,3,1,1,1
2017460204280,2,9,0,3,0,1,0,0,0,0,2,1,6,2,43,7,1598,1,12,5,1,5
2017460204280,3,9,0,10,0,1,0,0,0,0,2,1,6,2,47,8,1398,1,5,5,1,5
2017460204307,1,9,0,18,0,0,0,0,0,0,1,1,6,2,26,6,1399,2,6,-1,-1,-1
2017460204307,2,9,0,18,0,0,0,0,0,0,2,1,6,2,62,9,1998,1,-1,9,1,9
2017460204307,3,9,0,18,0,0,0,0,0,0,2,1,6,2,30,6,1364,1,10,-1,-1,-1
2017460204358,1,9,0,9,0,6,0,0,0,0,3,1,6,1,18,4,1595,1,2,4,1,4
2017460204358,2,9,0,18,0,1,0,0,0,0,1,1,6,2,56,9,1497,1,12,5,1,5
2017460204366,1,9,0,3,0,1,0,0,0,0,0,1,6,2,67,10,1798,2,5,5,2,5
2017460204375,1,9,0,5,0,4,0,0,3,0,1,1,6,1,37,7,1560,2,3,1,1,1
2017460204375,2,19,0,2,0,4,0,0,0,0,3,1,6,3,37,7,1560,2,9,-1,-1,-1
2017460204375,3,9,0,2,0,4,0,0,0,0,3,1,6,1,37,7,1794,1,12,-1,-1,-1
2017460204375,4,9,0,2,0,4,0,0,0,0,3,1,6,2,37,7,1598,1,1,1,1,1
2017460204376,1,-1,0,3,0,0,0,0,0,0,0,1,6,3,-1,-1,-1,-1,-1,-1,-1,-1
2017460204396,1,9,0,3,0,0,0,0,0,0,1,1,6,1,40,7,1360,1,17,4,1,4
2017460204396,2,9,0,3,0,0,0,0,0,0,2,1,6,1,43,7,2179,2,2,6,3,6
2017460204435,1,9,0,16,0,0,1,0,0,0,3,1,6,1,21,5,1900,2,17,3,1,3
2017460204435,2,9,0,17,0,0,0,0,0,0,3,1,6,1,73,10,1198,1,6,4,1,4
2017460204444,1,9,0,9,0,1,0,0,0,0,1,1,6,1,70,10,1999,2,2,8,1,8
2017460204444,2,3,0,18,0,1,0,0,0,0,3,1,6,1,32,6,125,1,6,3,1,3
2017460204521,1,9,0,5,0,1,0,0,0,0,0,1,6,2,65,9,1461,2,4,4,1,4
2017460204521,2,98,0,18,0,1,0,0,0,0,3,1,5,1,60,9,-1,-1,-1,5,1,5
2017460204521,3,9,0,3,0,1,0,0,0,0,3,1,6,2,28,6,1399,2,11,5,3,5
2017460204609,1,9,0,18,0,0,1,0,0,0,1,1,6,1,21,5,1299,1,12,-1,-1,-1
2017460204609,2,9,0,3,0,0,0,0,0,0,1,1,1,1,29,6,1968,2,1,8,2,8
2017460204641,1,9,0,18,0,0,2,10,1,10,3,1,6,2,20,4,1242,1,8,-1,-1,-1
2017460204663,1,9,0,16,0,0,1,0,1,0,1,1,2,1,30,6,1598,1,9,-1,-1,-1
2017460204663,2,9,0,4,0,0,0,0,0,0,3,1,6,1,32,6,2000,1,21,10,2,10
2017460204671,1,9,0,11,0,0,0,0,0,0,2,1,5,1,24,5,1994,1,12,2,1,2
2017460204671,2,9,0,15,0,0,0,0,0,0,1,1,2,1,28,6,2993,2,12,2,1,2
2017460204680,1,19,0,5,8,0,0,0,0,0,1,1,1,1,25,5,2143,2,2,-1,-1,-1
2017460204689,1,1,0,18,0,1,0,0,0,0,1,1,6,1,7,2,-1,-1,-1,-1,-1,-1
2017460204689,2,9,0,18,0,1,0,0,0,0,1,1,6,1,42,7,1596,1,15,2,1,2
2017460204695,1,1,0,7,0,5,1,0,7,0,3,1,5,1,17,4,-1,-1,-1,9,1,9
2017460204695,2,9,0,8,0,1,0,0,0,0,3,1,5,2,69,10,1242,1,7,10,3,10
2017460204712,1,11,0,4,0,1,0,0,0,0,0,1,1,1,55,8,7300,2,13,-1,-1,-1
2017460204727,1,9,0,18,0,4,0,0,0,0,1,1,6,2,62,9,-1,-1,-1,-1,-1,-1
2017460204727,2,9,0,18,0,3,0,0,0,0,2,1,1,1,37,7,-1,-1,-1,4,1,4
2017460204769,1,9,0,5,0,0,0,0,0,0,4,1,6,1,52,8,1240,1,13,8,1,8
2017460204769,2,9,0,18,0,0,0,0,0,0,1,1,6,1,42,7,1956,2,2,1,1,1
2017460204796,1,19,0,4,0,0,0,0,0,0,1,1,1,1,43,7,5880,2,11,10,1,10
2017460204796,2,9,0,4,0,0,0,0,0,0,2,1,3,2,41,7,1796,1,10,5,1,5
2017460204799,1,90,0,18,0,0,0,0,0,0,1,1,6,3,-1,-1,-1,-1,-1,-1,-1,-1
2017460204799,2,8,0,2,0,0,0,0,0,0,1,1,1,1,36,7,1497,8,9,2,1,2
2017460204819,1,21,0,18,0,1,0,0,0,0,1,1,6,1,36,7,12900,2,10,9,1,9
2017460204819,2,9,0,18,0,1,0,0,0,0,3,1,6,1,72,10,1997,2,14,6,1,6
2017460204854,1,9,0,18,0,1,0,0,0,0,1,1,1,1,25,5,1994,2,10,8,1,8
2017460204860,1,21,0,18,0,0,0,0,0,0,4,1,6,1,-1,-1,7698,2,3,7,3,7
2017460204860,2,9,0,2,0,0,0,0,0,0,3,1,6,1,27,6,1149,1,16,6,1,6
2017460204864,1,9,0,18,0,7,0,0,1,7,4,1,6,2,71,10,2521,1,7,-1,-1,-1
2017460204877,1,9,0,5,0,4,0,0,0,0,0,1,6,3,50,8,-1,-1,-1,-1,-1,-1
2017460204877,2,3,0,18,0,8,5,0,0,0,0,1,6,1,17,4,124,1,3,5,1,5
2017460204895,1,9,0,18,0,0,0,0,0,0,3,1,5,1,77,11,1796,1,8,9,1,9
2017460204895,2,9,0,2,0,0,0,0,0,0,3,1,5,1,35,6,1896,2,10,8,3,8
2017460204895,3,9,0,2,0,0,0,0,0,0,3,1,5,1,37,7,1997,2,2,7,1,7
2017460204895,4,9,0,2,0,0,0,0,0,0,3,1,5,1,27,6,1364,1,1,7,1,7
2017460204900,1,9,0,18,0,0,1,0,2,10,1,1,6,1,23,5,1984,1,3,-1,-1,-1
2017460204930,1,1,0,16,0,0,0,0,0,0,1,1,6,1,18,4,-1,-1,-1,-1,-1,-1
2017460204930,2,9,0,17,0,0,0,0,0,0,1,1,6,1,70,10,1968,2,2,-1,-1,-1
2017460204940,1,19,0,2,0,0,0,0,0,0,3,1,6,1,52,8,1998,2,12,-1,-1,-1
2017460204940,2,1,0,18,0,0,0,0,0,0,4,1,6,1,62,9,-1,-1,-1,3,1,3
2017460204956,1,9,0,9,0,4,0,0,0,0,1,1,6,1,-1,-1,-1,-1,-1,-1,-1,-1
2017460204956,2,1,0,9,0,4,0,0,0,0,2,1,6,1,30,6,-1,-1,-1,-1,-1,-1
2017460204992,1,9,0,18,0,0,0,0,0,0,4,1,6,2,75,10,1398,2,6,6,1,6
2017460204992,2,9,0,2,0,0,0,0,0,0,1,1,6,1,-1,-1,2987,2,7,-1,-1,-1
2017460204992,3,9,0,2,0,0,0,0,0,0,2,1,6,1,-1,-1,1299,1,17,9,1,9
2017460205013,1,9,0,18,0,0,0,0,0,0,1,1,6,3,37,7,-1,-1,-1,-1,-1,-1
2017460205038,1,9,0,18,0,2,0,0,0,0,3,1,6,1,35,6,-1,-1,-1,-1,-1,-1
2017460205042,1,9,-1,18,0,0,0,0,0,0,1,1,5,1,37,7,1198,1,2,8,3,8
2017460205042,2,9,0,3,0,0,0,0,0,0,2,1,5,2,37,7,1229,1,4,6,1,6
2017460205042,3,9,0,18,0,0,0,0,0,0,3,1,5,1,42,7,2204,2,9,5,1,5
2017460205061,1,1,0,18,0,0,0,0,0,0,0,1,6,1,42,7,-1,-1,-1,-1,-1,-1
2017460205076,1,9,0,7,0,6,0,0,0,0,4,1,6,2,18,4,996,1,8,9,2,9
2017460205076,2,5,0,18,0,2,1,0,0,0,1,1,6,1,43,7,929,1,16,2,1,2
2017460205091,1,9,0,18,0,1,0,0,0,0,1,1,6,1,77,11,1988,2,13,-1,-1,-1
2017460205091,2,9,0,18,0,1,0,0,0,0,3,1,6,2,27,6,1086,1,13,-1,-1,-1
2017460205093,1,3,0,18,0,1,0,0,0,0,1,1,6,1,22,5,124,1,15,9,1,9
2017460205093,2,9,0,11,0,5,0,0,0,0,4,1,6,2,80,11,1328,1,13,7,1,7
2017460205117,1,9,0,18,0,1,0,0,0,0,2,1,6,2,42,7,1200,1,1,-1,-1,-1
2017460205117,2,1,0,18,0,1,0,0,0,0,1,1,6,1,17,4,-1,-1,-1,-1,-1,-1
2017460205118,1,9,0,1,0,0,0,0,0,0,2,1,6,1,32,6,1896,2,12,-1,-1,-1
2017460205123,1,9,0,18,0,8,0,0,0,0,3,1,1,1,55,8,1798,8,1,-1,-1,-1
2017460205123,2,9,0,18,0,8,0,0,0,0,1,1,6,1,20,4,1229,1,4,2,1,2
2017460205126,1,9,0,5,0,0,0,0,0,0,1,1,6,1,37,7,-1,-1,-1,-1,-1,-1
2017460205126,2,9,0,3,0,0,0,0,0,0,2,1,6,1,28,6,1896,2,15,-1,-1,-1
2017460205129,1,9,0,18,0,8,0,0,3,10,1,1,6,1,35,6,1796,1,10,-1,-1,-1
2017460205130,1,9,0,10,0,1,0,0,0,0,1,1,6,2,45,7,1599,1,12,4,1,4
2017460205130,2,9,0,18,0,1,0,0,0,0,1,1,6,2,19,4,1198,1,7,5,1,5
2017460205190,1,4,0,7,0,0,0,0,1,0,0,1,5,1,16,4,-1,-1,-1,6,3,6
2017460205190,2,9,0,4,0,0,0,0,0,0,0,1,5,1,46,8,1995,2,4,5,1,5
2017460205193,1,9,0,18,0,0,0,0,0,0,1,1,6,2,56,9,1598,1,11,-1,-1,-1
2017460205225,1,9,0,18,0,0,1,0,5,6,2,1,6,2,30,6,1896,2,9,4,1,4
2017460205225,2,9,0,18,0,0,2,0,0,0,1,1,1,1,26,6,1797,8,7,-1,-1,-1
2017460205244,1,9,0,18,0,1,0,0,0,0,3,1,6,2,48,8,1984,1,10,1,1,1
2017460205244,2,1,0,18,0,1,0,0,0,0,1,1,6,2,9,2,-1,-1,-1,-1,-1,-1
2017460205351,1,9,0,4,0,5,1,0,0,0,1,1,6,1,81,11,-1,-1,-1,-1,-1,-1
2017460205351,2,9,0,4,0,5,0,0,0,0,2,1,6,1,46,8,2993,2,3,-1,-1,-1
2017460205351,3,19,0,4,0,5,0,0,0,0,2,1,6,1,55,8,2143,2,3,-1,-1,-1
2017460205351,4,9,0,4,0,5,0,0,0,0,2,1,6,1,71,10,1198,1,3,-1,-1,-1
2017460205368,1,11,0,4,0,0,0,0,0,0,0,1,1,1,-1,-1,-1,-1,-1,-1,-1,-1
2017460205378,1,9,0,18,0,0,0,0,0,0,1,1,2,1,65,9,1395,8,2,6,3,6
2017460205405,1,9,0,5,0,1,0,0,0,0,2,1,6,2,48,8,2776,2,13,7,1,7
2017460205405,2,9,0,5,0,1,0,0,0,0,1,1,2,1,32,6,1560,2,11,8,1,8
2017460205415,1,2,0,16,0,1,0,0,1,0,1,1,6,2,49,8,125,1,6,6,1,6
2017460205441,1,1,0,18,0,1,0,0,0,0,0,1,6,3,37,7,-1,-1,-1,-1,-1,-1
2017460205441,2,3,0,18,0,1,0,0,0,0,0,1,2,1,38,7,125,1,2,-1,-1,-1
2017460205442,1,9,0,18,0,0,0,0,0,0,4,1,6,3,37,7,-1,-1,-1,-1,-1,-1
2017460205443,1,9,0,6,0,0,0,0,0,0,4,1,6,1,37,7,1686,2,3,-1,-1,-1
2017460205445,1,9,0,17,0,0,0,0,0,0,1,1,2,1,59,9,1998,1,15,10,1,10
2017460205445,2,9,0,16,0,0,0,0,0,0,1,1,2,1,57,9,1950,2,-1,1,1,1
2017460205448,1,9,0,18,0,1,0,0,0,0,3,1,2,2,18,4,998,1,4,8,1,8
2017460205448,2,9,0,18,0,1,5,0,0,0,3,1,6,2,66,10,1598,1,3,-1,-1,-1
2017460205448,3,9,0,18,0,1,0,0,0,0,1,1,6,2,42,7,1560,2,5,9,2,9
2017460205451,1,9,0,18,0,4,0,0,0,0,1,1,6,1,26,6,1299,1,16,-1,-1,-1
2017460205451,2,9,0,3,0,4,0,0,0,0,2,1,6,1,18,4,1242,1,2,5,3,5
2017460205452,1,9,0,18,0,0,2,0,2,0,4,1,6,1,37,7,1896,2,14,9,1,9
2017460205457,1,9,0,17,0,0,0,0,1,0,4,1,6,2,20,4,1598,2,4,7,3,7
2017460205458,1,9,0,18,0,1,0,0,0,0,1,1,1,1,20,4,1995,1,11,-1,-1,-1
2017460205458,2,19,0,18,0,1,0,0,0,0,2,1,6,1,54,8,2402,2,7,5,1,5
2017460205462,1,9,0,14,0,0,0,0,0,0,4,1,6,2,37,7,1596,1,11,3,1,3
2017460205462,2,5,0,2,0,0,0,0,0,0,1,1,6,1,44,7,1002,1,20,7,1,7
2017460205465,1,9,0,9,0,1,0,0,0,0,4,1,6,1,18,4,1248,2,10,3,1,3
2017460205465,2,9,0,18,0,1,0,0,0,0,1,1,6,1,31,6,1998,2,14,1,1,1
2017460205470,1,9,0,18,0,0,2,0,7,0,1,1,6,2,34,6,1364,1,8,-1,-1,-1
2017460205472,1,9,0,18,0,1,0,0,0,0,3,1,6,1,87,11,1399,1,10,10,1,10
2017460205472,2,9,0,18,0,1,0,0,0,0,1,1,6,2,32,6,1796,1,3,5,1,5
2017460205476,1,9,0,5,0,1,0,0,0,0,0,1,2,2,29,6,2143,2,2,6,3,6
2017460205485,1,9,0,13,0,0,1,0,0,0,3,1,6,1,29,6,1560,2,12,5,1,5
2017460205485,2,9,0,3,0,0,0,0,0,0,2,1,6,1,68,10,1753,2,16,5,1,5
2017460205485,3,9,0,18,0,0,0,0,0,0,2,1,6,1,67,10,2199,2,3,5,3,5
2017460205485,4,19,0,18,0,0,0,0,0,0,3,1,6,1,24,5,1968,2,1,-1,-1,-1
2017460205492,1,3,0,18,0,0,2,0,2,0,1,1,6,1,37,7,124,1,6,4,1,4
2017460205530,1,1,0,18,1,0,0,0,1,0,4,1,6,1,50,8,-1,-1,-1,8,3,8
2017460205535,1,9,0,18,0,0,0,0,0,0,1,1,6,1,19,4,1248,2,9,4,2,4
2017460205535,2,9,0,18,0,0,0,0,0,0,2,1,6,1,67,10,1995,2,-1,1,1,1
2017460205535,3,9,0,18,0,0,0,0,0,0,2,1,6,1,40,7,2231,2,6,-1,-1,-1
2017460205577,1,9,0,18,0,0,0,0,0,0,1,1,6,3,37,7,-1,-1,-1,-1,-1,-1
2017460205577,2,9,0,4,0,0,0,0,0,0,2,1,6,2,23,5,1242,1,11,4,1,4
2017460205663,1,19,0,17,0,2,0,0,0,0,3,1,6,1,29,6,1998,2,16,-1,-1,-1
2017460205663,2,9,0,16,0,2,0,0,0,0,1,1,6,1,39,7,1686,2,10,-1,-1,-1
2017460205742,1,9,0,9,0,8,0,0,0,0,4,1,6,2,77,11,1968,2,1,-1,-1,-1
2017460205742,2,98,0,16,0,8,0,0,0,0,1,1,6,1,29,6,-1,-1,-1,-1,-1,-1
2017460205754,1,9,0,18,0,8,0,0,0,0,3,1,6,1,48,8,1197,1,3,2,3,2
2017460205754,2,3,0,18,0,8,0,0,0,0,4,1,6,1,19,4,125,1,9,9,1,9
2017460205763,1,1,0,4,0,0,0,0,0,0,4,1,6,2,59,9,-1,-1,-1,-1,-1,-1
2017460205782,1,9,0,4,0,0,0,0,0,0,1,1,6,1,-1,-1,2435,1,10,-1,-1,-1
2017460205782,2,9,0,3,0,0,0,0,0,0,2,1,1,2,51,8,2143,2,-1,8,1,8
2017460205798,1,9,0,10,0,6,0,0,0,0,3,1,6,1,27,6,-1,-1,-1,-1,-1,-1
2017460205798,2,9,0,4,0,1,0,0,0,0,4,1,6,1,90,11,1590,1,14,-1,-1,-1
2017460205807,1,9,0,3,0,0,0,0,0,0,1,1,6,1,32,6,999,1,2,9,1,9
2017460205807,2,5,0,3,0,0,0,0,0,0,1,1,6,1,52,8,773,1,3,4,1,4
2017460205807,3,9,0,3,0,0,0,0,0,0,4,1,6,1,40,7,1598,1,4,6,1,6
2017460205807,4,9,0,3,0,0,0,0,0,0,3,1,6,1,61,9,2496,1,15,8,1,8