Accident_Index,Vehicle_Reference,Vehicle_Type,Towing_and_Articulation,Vehicle_Manoeuvre,Vehicle_Location-Restricted_Lane,Junction_Location,Skidding_and_Overturning,Hit_Object_in_Carriageway,Vehicle_Leaving_Carriageway,Hit_Object_off_Carriageway,1st_Point_of_Impact,Was_Vehicle_Left_Hand_Drive?,Journey_Purpose_of_Driver,Sex_of_Driver,Age_of_Driver,Age_Band_of_Driver,Engine_Capacity_(CC),Propulsion_Code,Age_of_Vehicle,Driver_IMD_Decile,Driver_Home_Area_Type,Vehicle_IMD_Decile
2017460208988,1,19,0,12,0,0,0,0,0,0,2,1,1,1,31,6,2198,2,4,8,1,8
2017460208988,2,9,0,18,0,0,0,0,0,0,1,1,2,2,25,5,1598,2,2,4,1,4
2017460208996,1,9,0,9,0,6,0,0,0,0,1,1,6,2,34,6,1341,1,13,7,1,7
2017460208996,2,9,0,18,0,8,0,0,0,0,1,1,6,1,55,8,-1,-1,-1,9,3,9
2017460209004,1,9,0,18,0,4,0,0,0,0,1,1,6,1,78,11,1975,1,10,7,1,7
2017460209004,2,9,0,18,0,4,0,0,0,0,2,1,6,1,57,9,1328,1,13,7,1,7
2017460209025,1,9,0,18,0,0,0,0,0,0,4,1,6,1,25,5,1368,1,-1,2,1,2
2017460209052,1,3,0,18,0,1,0,0,0,0,1,1,6,1,29,6,125,1,2,2,1,2
2017460209052,2,9,0,9,0,5,0,0,0,0,2,1,6,2,47,8,1560,2,-1,4,3,4
2017460209065,1,98,1,18,0,0,0,10,0,0,3,1,1,1,37,7,-1,-1,-1,-1,-1,-1
2017460209065,2,5,0,3,0,0,0,0,0,0,3,1,6,1,64,9,1690,1,1,7,2,7
2017460209067,1,9,0,18,0,0,0,0,0,0,2,1,6,1,25,5,2143,2,6,4,1,4
2017460209067,2,5,0,15,0,0,0,0,0,0,1,1,6,1,28,6,849,1,6,2,1,2
2017460209125,1,9,0,4,0,1,0,0,0,0,1,1,6,2,62,9,1968,2,2,8,3,8
2017460209125,2,9,0,10,0,1,0,0,0,0,2,1,6,1,23,5,1595,1,13,4,3,4
2017460209150,1,9,0,9,0,6,0,0,0,0,3,1,1,2,50,8,1587,1,11,6,1,6
2017460209150,2,9,0,18,0,1,0,0,0,0,1,1,6,2,42,7,1995,1,6,10,3,10
2017460209169,1,9,0,13,0,0,1,0,0,0,1,1,6,2,47,8,1796,1,8,10,1,10
2017460209169,2,9,0,18,0,0,2,0,7,0,2,1,6,1,52,8,2494,2,2,8,1,8
2017460209175,1,9,0,1,0,8,0,0,0,0,1,1,6,1,37,7,1995,2,5,-1,-1,-1
2017460209175,2,9,0,2,0,2,0,0,0,0,1,1,5,1,37,7,2993,2,3,-1,-1,-1
2017460209175,3,9,0,2,0,2,0,0,0,0,0,1,5,1,35,6,2993,2,3,-1,-1,-1
2017460209194,1,9,0,17,0,0,1,0,7,0,4,1,6,1,85,11,1395,1,4,9,1,9
2017460209194,2,19,0,18,0,0,0,0,0,0,3,1,6,1,38,7,1998,2,12,-1,-1,-1
2017460209204,1,9,0,18,0,0,1,0,4,7,3,1,6,1,50,8,1995,1,11,10,2,10
2017460209204,2,9,0,18,0,0,0,0,0,0,1,1,1,1,63,9,1198,1,2,2,1,2
2017460209204,3,98,1,18,0,0,0,0,4,7,2,1,1,1,48,8,-1,-1,-1,5,3,5
2017460209204,4,9,0,18,0,0,0,0,0,0,0,1,6,2,49,8,-1,-1,-1,-1,-1,-1
2017460209205,1,19,0,5,0,2,0,0,0,0,1,1,6,1,33,6,2198,2,2,-1,-1,-1
2017460209205,2,9,0,5,0,2,0,0,0,0,2,1,6,2,48,8,998,1,17,-1,-1,-1
2017460209224,1,1,0,18,0,8,1,0,0,0,4,1,6,1,15,3,-1,-1,-1,5,1,5
2017460209224,2,9,0,18,0,8,0,0,0,0,3,1,6,2,44,7,1679,1,15,6,3,6
2017460209229,1,9,0,18,0,1,1,0,0,0,1,1,6,1,19,4,1686,2,4,-1,-1,-1
2017460209245,1,9,0,18,0,1,0,0,0,0,4,1,6,1,25,5,1598,1,14,2,1,2
2017460209317,1,9,0,18,0,1,0,0,3,10,4,1,6,1,33,6,1598,1,4,-1,-1,-1
2017460209317,2,9,0,18,0,2,0,0,0,0,4,1,6,1,27,6,1242,1,13,1,1,1
2017460209326,1,9,0,11,0,0,0,0,0,0,2,1,2,1,37,7,2499,1,10,2,1,2
2017460209326,2,4,0,18,0,0,0,0,0,0,1,1,2,1,38,7,599,1,4,10,1,10
2017460209335,1,19,0,5,0,4,0,0,0,0,1,1,6,1,58,9,2198,2,1,7,1,7
2017460209335,2,9,0,5,0,4,0,0,0,0,2,1,6,2,46,8,2231,2,7,3,1,3
2017460209344,1,9,0,18,0,0,0,0,0,0,1,1,6,1,65,9,1968,2,9,5,2,5
2017460209344,2,9,0,4,0,0,0,0,0,0,2,1,6,2,36,7,1798,1,3,7,1,7
2017460209344,3,19,0,3,0,0,0,0,0,0,2,1,1,1,39,7,2143,2,4,-1,-1,-1
2017460209365,1,9,0,18,0,1,0,0,0,0,1,1,6,2,71,10,1461,2,5,3,1,3
2017460209365,2,9,0,18,0,1,0,0,0,0,1,1,6,2,29,6,1242,1,1,1,1,1
2017460209371,1,9,0,4,0,0,0,0,1,0,1,1,5,1,45,7,1796,1,11,3,1,3
2017460209404,1,9,0,9,0,4,5,7,0,0,4,1,6,2,28,6,999,1,2,10,1,10
2017460209413,1,9,0,18,9,1,1,0,7,0,1,1,5,1,45,7,4511,1,11,4,1,4
2017460209413,2,8,0,9,9,2,0,0,7,0,4,1,1,1,61,9,1997,2,14,1,1,1
2017460209434,1,9,0,18,0,0,0,0,0,0,1,1,6,2,19,4,1149,1,9,-1,-1,-1
2017460209434,2,9,0,18,0,0,0,0,0,0,2,1,6,2,52,8,1798,1,11,4,2,4
2017460209434,3,9,0,18,0,0,0,0,0,0,2,1,6,1,54,8,1598,1,4,-1,-1,-1
2017460209452,1,9,0,16,0,3,0,0,0,0,0,1,6,3,-1,-1,-1,-1,-1,-1,-1,-1
2017460209452,2,9,0,16,0,3,1,10,1,0,4,1,6,1,19,4,973,1,14,5,1,5
2017460209456,1,9,0,4,0,1,0,0,0,0,1,1,6,3,-1,-1,-1,-1,-1,-1,-1,-1
2017460209465,1,9,0,18,0,4,0,0,0,0,1,1,6,1,39,7,1560,2,8,10,1,10
2017460209465,2,9,0,5,0,4,0,0,0,0,2,1,6,2,34,6,1390,1,18,10,3,10
2017460209474,1,19,0,7,0,7,5,0,0,0,1,1,6,1,40,7,2198,2,2,7,1,7
2017460209481,1,9,0,5,0,2,1,0,1,0,2,1,6,1,59,9,1329,1,5,9,1,9
2017460209481,2,9,0,18,0,1,0,0,0,0,1,1,6,1,-1,-1,1762,1,19,8,1,8
2017460209500,1,9,0,18,0,3,1,0,0,0,1,1,6,2,19,4,996,1,6,5,3,5
2017460209503,1,9,0,5,0,0,0,0,0,0,1,1,6,2,66,10,1499,2,1,2,1,2
2017460209503,2,2,0,18,0,0,0,0,0,0,1,1,6,1,16,4,49,1,5,3,1,3
2017460209511,1,5,0,18,0,0,1,0,0,0,1,1,2,1,54,8,738,1,25,6,1,6
2017460209513,1,9,0,17,0,0,1,0,0,0,1,1,6,2,24,5,1796,1,7,7,3,7
2017460209525,1,9,0,18,0,0,1,11,1,2,1,1,6,1,23,5,1149,1,15,6,1,6
2017460209564,1,9,0,17,0,0,1,0,0,0,1,1,2,2,71,10,1796,1,9,9,3,9
2017460209595,1,9,0,18,0,0,0,0,0,0,1,1,1,1,19,4,1242,1,10,9,1,9
2017460209595,2,9,0,4,0,0,0,0,0,0,2,1,1,1,52,8,1956,2,3,9,1,9
2017460209595,3,9,0,4,0,0,0,0,0,0,2,1,1,2,51,8,1582,2,5,2,1,2
2017460209619,1,5,0,18,0,1,0,0,0,0,1,1,6,1,37,7,689,1,1,-1,-1,-1
2017460209619,2,9,0,4,0,1,0,0,0,0,3,1,6,2,47,8,2143,2,1,9,1,9
2017460209619,3,9,0,4,0,1,0,0,0,0,2,1,6,1,44,7,1968,2,4,10,1,10
2017460209623,1,17,1,9,0,0,0,0,0,0,2,1,1,1,41,7,-1,-1,-1,-1,-1,-1
2017460209629,1,9,0,3,0,1,0,0,0,0,1,1,6,1,34,6,1598,1,-1,10,3,10
2017460209629,2,9,0,3,0,1,0,0,0,0,1,1,6,2,44,7,4163,2,9,9,3,9
2017460209630,1,9,0,6,0,0,0,0,0,0,3,1,5,1,35,6,1598,2,5,8,1,8
2017460209630,2,4,0,13,0,0,0,10,0,0,0,1,5,1,54,8,249,1,1,9,1,9
2017460209638,1,9,4,18,0,0,5,0,0,0,0,1,1,1,68,10,1951,2,12,5,3,5
2017460209647,1,9,0,18,0,0,0,0,7,0,1,1,6,1,40,7,1200,1,2,1,1,1
2017460209647,2,9,0,18,0,0,0,0,0,0,2,1,6,2,54,8,1328,1,14,2,1,2
2017460209668,1,1,0,18,0,0,0,11,0,0,1,1,6,2,13,3,-1,-1,-1,7,2,7
2017460209689,1,19,0,18,0,0,0,5,0,0,1,1,6,1,45,7,2461,2,14,3,1,3
2017460209691,1,9,0,5,0,2,0,12,0,0,1,1,6,1,28,6,1587,1,14,2,3,2
2017460209691,2,9,0,18,0,1,0,12,0,0,1,1,6,1,73,10,1997,2,17,5,2,5
2017460209699,1,9,0,17,0,0,5,0,1,0,4,1,6,2,21,5,1364,1,10,5,1,5
2017460209707,1,9,0,9,0,6,0,0,0,0,1,1,1,1,37,7,1499,2,2,4,1,4
2017460209707,2,9,0,18,9,1,0,0,7,0,4,1,1,2,22,5,1390,1,5,10,1,10
2017460209710,1,5,0,5,0,4,0,0,0,0,4,1,6,1,57,9,1255,1,9,10,1,10
2017460209710,2,9,0,18,0,8,0,0,0,0,4,1,6,2,37,7,1388,1,10,7,1,7
2017460209722,1,9,0,17,0,0,0,0,0,0,3,1,6,2,35,6,1390,1,9,7,1,7
2017460209722,2,9,0,16,0,0,0,0,0,0,3,1,6,2,53,8,1991,2,12,6,3,6
2017460209733,1,3,0,7,0,0,5,0,0,0,3,1,6,1,65,9,124,1,19,10,1,10
2017460209734,1,9,0,13,0,1,0,0,7,0,1,1,6,1,28,6,1388,1,14,8,3,8
2017460209734,2,9,0,9,0,1,0,0,7,0,3,1,6,2,42,7,1198,1,9,9,2,9
2017460209748,1,9,0,1,0,0,0,0,0,0,1,1,6,2,35,6,1248,1,3,2,1,2
2017460209758,1,9,0,4,0,0,0,0,0,0,1,1,1,1,50,8,1686,2,5,2,1,2
2017460209764,1,9,0,17,0,0,0,0,0,0,3,1,6,1,21,5,1242,1,18,10,1,10
2017460209764,2,19,0,18,0,0,0,0,0,0,3,1,2,1,48,8,1968,2,4,8,1,8
2017460209764,3,20,0,18,0,0,0,0,0,0,3,1,1,1,29,6,7146,2,10,8,1,8
2017460209766,1,9,0,16,0,1,1,0,7,0,2,1,6,2,22,5,1149,1,12,7,3,7
2017460209782,1,9,0,18,0,2,0,4,0,0,1,1,1,2,38,7,2198,1,10,8,1,8
2017460209782,2,9,0,2,0,2,0,4,0,0,2,1,6,2,53,8,1995,2,12,6,2,6
2017460209782,3,19,0,2,0,2,0,4,0,0,2,1,6,1,27,6,2500,2,11,7,2,7
2017460209782,4,9,0,2,0,2,0,0,0,0,2,1,6,1,27,6,1995,2,14,7,2,7
2017460209793,1,9,0,18,0,0,0,0,0,0,1,1,6,1,82,11,3222,2,13,6,3,6
2017460209793,2,9,0,4,0,0,0,0,0,0,2,1,6,1,49,8,4398,1,20,-1,-1,-1
2017460209798,1,9,0,18,0,0,0,0,0,0,1,1,6,1,60,9,1997,2,10,3,1,3
2017460209798,2,9,0,3,0,0,0,0,0,0,2,1,6,1,34,6,1596,1,5,4,1,4
2017460209798,3,9,0,3,0,0,0,0,0,0,2,1,6,1,37,7,1998,2,8,4,1,4
2017460209798,4,9,0,3,0,0,0,0,0,0,2,1,6,1,34,6,1800,1,13,7,1,7
2017460209812,1,9,0,18,0,0,0,0,0,0,0,1,6,3,-1,-1,-1,-1,-1,-1,-1,-1
2017460209812,2,9,0,2,0,0,0,0,0,0,0,1,6,2,27,6,1242,1,8,4,1,4
2017460209816,1,9,0,3,0,0,0,0,0,0,1,1,1,1,19,4,998,1,17,4,1,4
2017460209816,2,5,0,3,0,0,0,0,0,0,4,1,6,1,60,9,645,1,10,9,1,9
2017460209821,1,9,0,18,0,4,0,0,0,0,0,1,6,3,37,7,-1,-1,-1,-1,-1,-1
2017460209821,2,2,0,18,0,8,0,0,0,0,0,1,6,1,16,4,49,1,8,8,1,8
2017460209847,1,9,0,3,0,1,0,0,0,0,3,1,6,1,18,4,998,1,-1,-1,-1,-1
2017460209847,2,9,0,3,0,1,0,0,0,0,3,1,6,2,52,8,1360,1,12,3,1,3
2017460209896,1,9,0,14,0,8,0,0,0,0,1,1,6,1,52,8,1896,2,16,1,1,1
2017460209896,2,9,0,3,0,8,0,0,0,0,3,1,6,1,77,11,1995,2,5,3,1,3
2017460209899,1,9,0,9,0,1,0,0,0,0,1,1,6,2,24,5,999,1,1,2,1,2
2017460209899,2,9,0,18,0,8,0,0,0,0,4,1,6,2,41,7,1242,1,4,7,1,7
2017460209926,1,9,0,18,0,0,0,0,0,0,1,1,1,1,24,5,1587,1,14,4,1,4
2017460209926,2,9,0,18,0,0,5,0,1,0,2,1,5,2,54,8,1587,1,11,8,1,8
2017460209967,1,5,0,18,0,0,1,0,0,0,1,1,5,1,43,7,-1,-1,-1,-1,-1,-1
2017460209967,2,21,1,18,0,0,0,0,0,0,2,2,1,1,30,6,-1,-1,-1,-1,-1,-1
2017460209981,1,9,0,18,0,0,5,0,0,0,1,1,6,1,28,6,1242,1,7,6,3,6
2017460209988,1,21,0,3,0,1,0,0,0,0,1,1,1,1,60,9,6370,2,7,5,2,5
2017460209988,2,9,0,4,0,1,0,0,0,0,2,1,6,2,43,7,2993,2,7,7,1,7
2017460209992,1,9,0,5,0,4,0,0,0,0,1,1,6,2,55,8,1796,1,16,2,1,2
2017460209992,2,9,0,18,0,5,0,0,0,0,2,1,2,1,40,7,1390,1,13,4,1,4
2017460210019,1,19,0,4,0,0,0,0,0,0,2,1,5,1,29,6,1598,2,2,4,3,4
2017460210019,2,9,0,4,0,0,0,0,0,0,0,1,1,2,42,7,1200,1,2,9,1,9
2017460210019,3,9,0,4,0,0,0,0,0,0,0,1,1,2,23,5,1120,2,1,4,1,4
2017460210065,1,9,0,18,0,0,2,0,0,0,1,1,2,1,38,7,-1,-1,-1,3,1,3
2017460210065,2,19,0,4,0,0,0,0,0,0,2,1,5,1,37,7,2460,2,9,2,1,2
2017460210115,1,9,0,18,0,1,0,0,0,0,1,1,3,2,30,6,1493,2,8,4,1,4
2017460210134,1,19,0,18,0,0,0,0,0,0,1,1,6,1,29,6,1968,2,7,2,1,2
2017460210134,2,9,0,4,0,0,0,0,0,0,2,1,6,2,32,6,1685,2,1,7,1,7
2017460210138,1,98,1,18,0,0,0,0,0,0,4,1,1,1,56,9,-1,-1,-1,-1,-1,-1
2017460210138,2,9,0,18,0,0,0,0,0,0,3,1,6,1,56,9,2497,1,15,-1,-1,-1
2017460210151,1,9,0,18,0,1,1,0,3,0,1,1,6,1,24,5,1124,1,13,7,3,7
2017460210154,1,9,0,18,0,0,0,0,0,0,1,1,1,1,25,5,1499,2,2,-1,-1,-1
2017460210154,2,9,0,18,0,0,0,0,0,0,2,1,1,2,36,7,1796,1,9,4,1,4
2017460210197,1,21,0,5,0,4,0,0,0,0,1,1,1,1,30,6,4485,2,2,4,1,4
2017460210197,2,9,0,18,0,4,0,0,0,0,2,1,1,1,35,6,1389,1,13,7,1,7
2017460210199,1,1,0,18,0,0,0,10,0,0,1,1,6,1,65,9,-1,-1,-1,9,2,9
2017460210215,1,9,0,7,0,4,0,0,0,0,3,1,6,2,43,7,1596,1,5,10,1,10
2017460210215,2,9,0,18,0,4,0,0,0,0,1,1,6,2,19,4,1390,1,9,7,3,7
2017460210224,1,9,0,9,0,5,0,0,0,0,4,1,6,1,47,8,1598,2,6,6,1,6
2017460210224,2,9,0,18,0,1,0,0,0,0,3,1,6,1,35,6,1796,1,17,1,1,1
2017460210261,1,9,0,9,0,1,0,0,0,0,3,1,2,1,25,5,-1,-1,-1,-1,-1,-1
2017460210261,2,3,0,7,0,1,0,0,0,0,4,1,2,1,56,9,124,1,15,-1,-1,-1
2017460210271,1,9,0,10,0,1,0,0,0,0,1,1,2,1,35,6,1390,1,4,-1,-1,-1
2017460210271,2,1,0,17,0,1,0,0,0,0,1,1,2,2,26,6,-1,-1,-1,-1,-1,-1
2017460210294,1,21,1,11,0,7,0,0,0,0,4,1,1,1,37,7,10837,2,1,7,1,7
2017460210294,2,9,0,18,0,7,0,0,0,0,3,1,2,1,37,7,1493,2,11,-1,-1,-1
2017460210294,3,10,0,18,0,2,0,0,0,0,4,1,5,1,45,7,-1,-1,-1,-1,-1,-1
2017460210332,1,9,0,3,0,0,0,0,0,0,2,1,6,2,76,11,1298,1,14,1,1,1
2017460210332,2,3,0,3,0,0,0,0,0,0,1,1,6,1,26,6,125,1,8,1,1,1
2017460210360,1,1,0,18,0,0,1,11,0,0,1,1,6,1,72,10,-1,-1,-1,-1,-1,-1
2017460210379,1,9,0,1,0,0,0,0,0,0,4,1,6,2,67,10,1197,1,7,3,1,3
2017460210379,2,9,0,16,0,0,0,0,0,0,1,1,1,2,47,8,3200,2,12,6,3,6
2017460210404,1,9,0,14,0,0,0,0,0,0,1,1,2,2,67,10,1995,2,6,8,2,8
2017460210409,1,9,0,1,0,5,0,0,0,0,2,1,1,2,51,8,1496,2,2,-1,-1,-1
2017460210411,1,9,0,18,0,0,0,0,0,0,0,1,1,1,30,6,-1,-1,-1,7,1,7
2017460210411,2,1,0,18,0,0,0,0,0,0,1,1,6,1,9,2,-1,-1,-1,-1,-1,-1
2017460210417,1,21,0,11,0,0,0,0,0,0,1,1,1,1,37,7,-1,2,11,9,1,9
2017460210417,2,9,0,18,0,0,0,0,0,0,3,1,1,2,52,8,1753,2,8,7,1,7
2017460210428,1,9,0,5,0,0,0,0,0,0,1,1,2,1,19,4,1596,1,8,4,3,4
2017460210428,2,9,0,3,0,0,0,0,0,0,2,1,5,1,39,7,1399,1,-1,3,1,3
2017460210462,1,1,0,18,0,0,0,0,0,0,0,1,6,1,13,3,-1,-1,-1,3,1,3
2017460210489,1,9,0,6,0,3,0,0,0,0,3,1,6,1,45,7,4999,1,10,-1,-1,-1
2017460210489,2,3,0,13,0,3,0,9,0,0,1,1,6,1,23,5,124,1,10,7,1,7
2017460210490,1,9,0,18,0,0,2,0,1,0,1,1,6,1,21,5,1895,1,18,2,1,2
2017460210507,1,97,0,7,0,1,1,0,0,0,1,1,6,1,37,7,-1,-1,-1,9,3,9
2017460210538,1,9,0,4,0,4,0,0,0,0,1,1,6,1,41,7,1397,1,6,2,1,2
2017460210538,2,9,0,8,0,4,0,0,0,0,2,1,6,2,33,6,1242,1,8,7,2,7
2017460210539,1,9,4,18,0,0,0,0,0,0,1,1,6,1,26,6,-1,-1,-1,-1,-1,-1
2017460210539,2,9,0,18,0,0,0,0,0,0,1,1,6,1,28,6,1149,1,16,6,3,6
2017460210565,1,9,0,18,0,0,0,0,0,0,4,1,6,1,48,8,1995,2,15,2,1,2
2017460210565,2,9,0,18,0,0,0,0,0,0,3,1,6,2,49,8,1242,1,3,-1,-1,-1
2017460210576,1,19,0,9,0,1,0,0,0,0,3,1,1,1,56,9,1968,2,2,2,1,2
2017460210576,2,9,0,18,0,1,0,0,0,0,1,1,6,2,38,7,1598,2,1,8,2,8
2017460210613,1,9,0,18,0,0,0,0,7,0,1,1,2,1,27,6,1796,1,16,4,1,4
2017460210613,2,9,0,4,0,0,0,0,4,0,2,1,2,1,74,10,1560,2,4,5,1,5
2017460210615,1,19,0,9,6,6,0,0,0,0,1,1,1,1,25,5,2143,2,2,6,3,6
2017460210615,2,9,0,18,6,1,0,0,0,0,4,1,1,2,59,9,1124,1,14,-1,-1,-1
2017460210667,1,9,0,7,0,6,0,0,0,0,1,1,5,2,50,8,1368,1,1,2,1,2
2017460210667,2,9,0,18,0,8,0,0,0,0,4,1,5,1,19,4,1398,1,6,4,3,4
2017460210669,1,9,0,18,0,1,1,0,0,0,1,1,6,2,34,6,2198,1,16,-1,-1,-1
2017460210690,1,9,0,5,0,6,0,0,0,0,1,1,6,1,20,4,1798,1,11,-1,-1,-1
2017460210690,2,9,0,18,0,8,0,0,0,0,3,1,2,2,42,7,-1,-1,-1,-1,-1,-1
2017460210698,1,9,0,18,0,0,0,0,7,9,3,1,5,2,55,8,1242,1,1,-1,-1,-1
2017460210698,2,9,0,18,0,0,0,0,0,0,4,1,2,1,56,9,1199,1,14,-1,-1,-1
2017460210698,3,98,0,18,0,0,0,0,1,2,4,1,2,1,63,9,-1,-1,-1,-1,-1,-1
2017460210709,1,98,0,18,0,0,0,0,0,0,1,1,5,1,29,6,-1,-1,-1,-1,-1,-1
2017460210709,2,9,0,4,0,0,0,0,0,0,2,1,1,2,46,8,1560,2,7,3,1,3
2017460210721,1,19,0,6,0,0,0,0,7,0,1,1,2,1,32,6,2143,2,1,2,1,2
2017460210721,2,9,0,13,0,0,0,0,7,0,1,1,2,1,53,8,1686,2,6,4,1,4
2017460210738,1,9,0,3,0,0,0,0,0,0,4,1,6,2,29,6,1198,1,9,4,1,4
2017460210738,2,9,0,3,0,0,0,0,0,0,3,1,6,1,47,8,-1,-1,-1,-1,-1,-1
2017460210743,1,9,0,18,0,0,0,0,0,0,3,1,6,1,60,9,1968,2,1,7,1,7
2017460210755,1,9,0,18,0,1,0,0,0,0,1,1,6,2,44,7,1984,1,-1,9,1,9
2017460210755,2,9,0,18,0,1,0,0,0,0,1,1,6,2,29,6,1363,2,12,9,1,9
2017460210782,1,9,0,18,0,0,2,0,1,4,3,1,6,1,28,6,2926,2,16,5,1,5
2017460210782,2,9,0,18,0,0,0,11,0,0,1,1,5,1,55,8,1499,2,-1,-1,-1,-1
2017460210782,3,21,0,18,0,0,0,11,0,0,1,2,1,1,28,6,-1,-1,-1,-1,-1,-1
2017460210818,1,20,1,18,0,0,0,0,0,0,0,1,1,1,31,6,7146,2,9,-1,-1,-1
2017460210818,2,5,0,18,0,0,1,0,0,0,0,1,6,1,26,6,689,1,-1,9,1,9
2017460210850,1,9,0,16,0,0,0,0,0,0,1,1,6,3,37,7,1896,2,12,-1,-1,-1
2017460210850,2,9,0,2,0,0,0,0,0,0,1,1,6,2,37,7,1498,1,9,5,1,5
2017460210850,3,9,0,2,0,0,0,0,0,0,2,1,6,2,37,7,1598,1,14,5,1,5
2017460210852,1,19,0,5,0,4,0,0,0,0,1,1,1,2,23,5,1461,2,2,6,3,6
2017460210852,2,9,0,5,0,4,0,0,0,0,2,1,6,2,48,8,998,1,15,8,1,8
2017460210908,1,9,0,18,0,0,1,4,0,0,3,1,2,1,19,4,1988,1,15,8,2,8
2017460210908,2,9,0,18,0,0,0,0,0,0,4,1,5,1,47,8,2401,2,12,2,1,2
2017460210908,3,9,0,2,0,0,0,11,0,0,2,1,5,3,37,7,1968,2,4,-1,-1,-1
2017460210910,1,8,0,18,0,0,0,0,0,0,4,1,6,1,40,7,-1,-1,-1,3,1,3
2017460210910,2,5,0,18,0,0,0,0,0,0,3,1,6,1,32,6,-1,-1,-1,3,1,3
2017460210940,1,9,0,18,0,1,0,0,0,0,4,1,1,1,25,5,-1,-1,-1,7,3,7
2017460210940,2,19,0,18,0,1,0,0,0,0,1,1,1,1,38,7,2998,2,8,3,2,3
2017460210950,1,9,0,9,0,1,0,0,1,0,3,1,6,3,37,7,1796,1,11,-1,-1,-1
2017460210950,2,1,0,5,0,1,5,0,0,0,4,1,6,1,76,11,-1,-1,-1,8,2,8
2017460210957,1,9,0,18,0,0,0,0,0,0,1,1,5,1,83,11,1598,1,15,5,1,5
2017460210957,2,9,0,2,0,0,0,0,0,0,2,1,5,1,47,8,1598,1,2,4,1,4
2017460210957,3,9,0,2,0,0,0,0,0,0,2,1,5,1,54,8,1991,2,12,4,1,4
2017460210964,1,9,0,18,0,0,0,0,0,0,4,1,6,1,69,10,1388,1,6,1,2,1
2017460210978,1,9,0,9,0,0,0,0,0,0,4,1,6,3,-1,-1,-1,-1,-1,-1,-1,-1
2017460210978,2,1,0,18,0,0,0,0,0,0,2,1,6,1,21,5,-1,-1,-1,2,1,2
2017460211008,1,9,0,9,0,1,0,0,7,10,1,1,6,1,18,4,1341,1,12,4,1,4
2017460211009,1,9,0,18,0,0,0,0,0,0,1,1,6,1,69,10,1997,2,1,2,1,2
2017460211009,2,9,0,2,0,0,0,0,0,0,2,1,6,2,27,6,998,1,7,2,1,2
2017460211009,3,9,0,2,0,0,0,0,0,0,1,1,6,2,37,7,1598,1,9,2,1,2
2017460211013,1,9,0,6,0,0,0,0,0,0,3,1,6,2,38,7,1364,1,10,-1,-1,-1
2017460211013,2,9,0,18,0,0,1,0,0,0,1,1,1,1,41,7,1499,2,1,1,1,1
2017460211028,1,9,-1,18,0,0,0,0,0,0,1,1,6,1,27,6,1395,1,-1,-1,-1,-1
2017460211028,2,9,-1,18,0,0,0,0,0,0,2,1,6,2,29,6,1149,1,14,-1,-1,-1
2017460211028,3,9,-1,18,0,0,0,0,0,0,0,1,6,1,-1,-1,1997,2,7,-1,-1,-1
2017460211028,4,9,-1,18,0,0,0,0,0,0,0,1,6,1,-1,-1,2987,2,12,-1,-1,-1
2017460211029,1,9,0,18,0,0,0,0,0,0,1,1,2,2,23,5,1242,1,17,4,1,4
2017460211029,2,20,0,18,0,0,0,0,0,0,2,1,1,1,35,6,-1,-1,-1,3,1,3
2017460211042,1,3,0,9,0,1,0,0,0,0,4,1,6,1,30,6,124,1,4,9,1,9
2017460211042,2,9,0,9,0,1,0,0,0,0,3,1,6,1,37,7,1796,1,4,5,1,5
2017460211053,1,9,0,18,0,0,0,11,0,0,3,1,5,1,58,9,2993,2,6,7,1,7
2017460211053,2,1,0,5,0,0,0,11,0,0,1,1,5,1,30,6,-1,-1,-1,3,1,3
2017460211064,1,1,0,18,0,0,0,0,0,0,1,1,2,1,21,5,-1,-1,-1,3,1,3
2017460211064,2,9,0,18,0,0,0,0,0,0,1,1,6,2,28,6,2261,1,1,8,3,8
2017460211071,1,3,0,18,0,2,0,0,0,0,1,1,6,1,20,4,124,1,-1,-1,-1,-1
2017460211071,2,9,0,18,0,2,0,0,0,0,3,1,6,1,19,4,1968,2,6,-1,-1,-1
2017460211098,1,9,0,4,0,7,0,0,0,0,1,1,6,1,36,7,1968,2,4,4,1,4
2017460211098,2,9,0,4,0,7,0,0,0,0,2,1,6,1,54,8,2776,2,12,5,1,5
2017460211123,1,9,0,16,0,8,1,0,0,0,4,1,6,1,-1,-1,-1,-1,-1,-1,-1,-1
2017460211126,1,9,0,9,0,8,0,0,0,0,1,1,6,1,77,11,1396,1,17,5,1,5
2017460211134,1,9,0,18,0,0,0,0,0,0,1,1,6,2,28,6,1798,1,7,-1,-1,-1
2017460211157,1,1,0,18,0,0,0,0,0,0,0,1,6,1,27,6,-1,-1,-1,9,1,9
2017460211180,1,98,0,1,0,0,0,0,0,0,0,1,6,3,-1,-1,-1,-1,-1,-1,-1,-1
2017460211180,2,9,0,1,0,0,5,0,7,0,1,1,2,2,31,6,1390,1,7,3,1,3
2017460211180,3,9,0,1,0,0,0,0,0,0,0,1,6,1,59,9,1995,2,13,8,1,8
2017460211201,1,9,0,18,0,0,1,0,5,0,1,1,6,2,24,5,1124,1,12,1,1,1
2017460211223,1,9,0,13,0,0,0,0,0,0,1,1,6,2,76,11,1799,1,7,3,1,3