Accident_Index,Vehicle_Reference,Vehicle_Type,Towing_and_Articulation,Vehicle_Manoeuvre,Vehicle_Location-Restricted_Lane,Junction_Location,Skidding_and_Overturning,Hit_Object_in_Carriageway,Vehicle_Leaving_Carriageway,Hit_Object_off_Carriageway,1st_Point_of_Impact,Was_Vehicle_Left_Hand_Drive?,Journey_Purpose_of_Driver,Sex_of_Driver,Age_of_Driver,Age_Band_of_Driver,Engine_Capacity_(CC),Propulsion_Code,Age_of_Vehicle,Driver_IMD_Decile,Driver_Home_Area_Type,Vehicle_IMD_Decile
2017460211223,2,1,0,18,0,0,0,0,0,0,3,1,6,1,48,8,-1,-1,-1,8,3,8
2017460211231,1,9,0,18,0,0,0,0,0,0,1,1,6,1,61,9,-1,-1,-1,1,1,1
2017460211231,2,9,0,18,0,0,0,0,0,0,1,1,6,2,59,9,1149,1,7,8,3,8
2017460211248,1,9,0,18,0,0,1,0,0,0,1,1,1,2,49,8,1364,1,-1,7,1,7
2017460211248,2,9,0,18,0,0,0,0,0,0,2,1,1,1,52,8,-1,-1,-1,3,1,3
2017460211266,1,9,0,5,0,0,0,0,0,0,1,1,6,1,24,5,1896,2,14,1,1,1
2017460211268,1,21,0,18,0,0,0,0,0,0,1,1,6,1,37,7,10837,2,2,8,1,8
2017460211268,2,9,0,18,0,0,0,0,0,0,2,1,1,2,27,6,1229,1,3,8,1,8
2017460211295,1,21,0,18,0,0,5,0,7,11,3,1,1,1,37,7,-1,-1,-1,6,3,6
2017460211345,1,9,0,4,0,0,0,0,0,0,1,1,2,1,44,7,1582,2,-1,1,2,1
2017460211345,2,19,0,4,0,0,0,0,0,0,2,1,2,1,22,5,1560,2,6,1,3,1
2017460211345,3,9,0,4,0,0,0,0,0,0,2,1,2,2,37,7,1199,1,16,1,3,1
2017460211367,1,1,0,18,0,1,0,0,0,0,1,1,6,1,15,3,-1,-1,-1,-1,-1,-1
2017460211367,2,9,0,18,0,8,0,0,0,0,4,1,6,1,25,5,1461,2,3,4,1,4
2017460211376,1,90,0,12,0,4,0,0,0,0,0,2,6,1,39,7,-1,-1,-1,-1,-1,-1
2017460211376,2,5,0,18,0,3,1,0,0,0,0,1,6,2,26,6,599,1,21,1,1,1
2017460211377,1,9,0,5,0,6,0,0,0,0,1,1,6,2,48,8,1995,2,13,9,1,9
2017460211377,2,9,0,18,0,1,0,0,0,0,4,1,6,1,58,9,1685,2,3,8,1,8
2017460211384,1,9,0,4,0,0,1,0,0,0,1,1,5,1,39,7,1951,2,16,-1,-1,-1
2017460211384,2,9,0,10,0,0,0,0,7,9,2,1,5,2,70,10,1299,1,15,6,3,6
2017460211392,1,9,0,18,0,0,1,0,6,0,3,1,6,1,24,5,1995,2,5,8,1,8
2017460211403,1,9,0,9,0,8,0,0,0,0,4,1,5,1,17,4,1560,2,5,8,1,8
2017460211403,2,9,0,18,0,1,0,0,1,0,3,1,5,2,33,6,1598,1,14,6,1,6
2017460211424,1,9,0,9,0,0,1,10,1,0,1,1,6,1,27,6,1995,1,8,1,1,1
2017460211443,1,9,0,17,0,0,0,10,1,1,1,1,2,2,47,8,1596,1,13,-1,-1,-1
2017460211481,1,3,0,18,0,1,1,0,0,0,4,1,1,1,17,4,108,1,2,-1,-1,-1
2017460211515,1,21,1,18,0,0,0,0,0,0,1,1,1,1,55,8,12740,2,4,-1,-1,-1
2017460211515,2,21,1,2,0,0,0,0,0,0,2,1,1,1,62,9,12809,2,1,-1,-1,-1
2017460211530,1,-1,-1,3,0,0,0,0,0,0,0,1,6,3,-1,-1,-1,-1,-1,-1,-1,-1
2017460211530,2,1,0,3,0,0,0,0,0,0,0,1,6,2,34,6,-1,-1,-1,5,2,5
2017460211544,1,9,0,4,0,0,0,0,0,0,1,1,6,1,19,4,1198,1,12,5,1,5
2017460211544,2,9,0,4,0,0,0,0,0,0,2,1,6,2,61,9,1198,1,10,8,2,8
2017460211583,1,9,0,4,0,8,0,0,0,0,3,1,2,2,29,6,-1,-1,-1,4,1,4
2017460211584,1,9,0,18,0,3,0,0,0,0,1,1,6,1,49,8,1956,2,4,9,1,9
2017460211584,2,9,0,18,0,8,0,0,0,0,4,1,5,1,30,6,2993,2,9,8,1,8
2017460211627,1,19,0,13,0,0,0,0,0,0,0,1,6,1,58,9,1968,2,8,7,3,7
2017460211627,2,1,0,18,0,0,0,0,0,0,3,1,1,1,23,5,-1,-1,-1,6,1,6
2017460211656,1,3,0,18,0,0,1,0,0,0,0,1,5,1,21,5,124,1,17,-1,-1,-1
2017460211659,1,9,0,10,0,1,0,0,1,0,1,1,6,1,48,8,1674,1,18,10,1,10
2017460211659,2,9,0,18,0,1,0,0,0,0,1,1,6,1,59,9,1998,1,13,-1,-1,-1
2017460211679,1,9,0,18,0,0,0,0,0,0,1,1,6,1,29,6,998,1,-1,-1,-1,-1
2017460211679,2,9,0,18,0,0,0,0,0,0,0,1,6,1,50,8,2776,2,5,1,1,1
2017460211681,1,9,0,9,0,1,0,0,0,0,4,1,6,1,78,11,2179,2,6,7,1,7
2017460211681,2,9,0,18,0,1,0,0,0,0,4,1,6,1,45,7,1956,2,2,6,3,6
2017460211695,1,21,0,12,0,0,0,0,0,0,1,1,6,1,50,8,12809,2,3,6,1,6
2017460211695,2,19,0,18,0,0,0,0,0,0,2,1,6,1,26,6,2287,2,2,5,1,5
2017460211695,3,9,0,18,0,0,0,0,0,0,2,1,6,1,34,6,1200,1,2,2,1,2
2017460211760,1,9,0,15,0,0,1,0,7,0,4,1,6,1,37,7,2000,1,15,-1,-1,-1
2017460211764,1,1,0,18,0,0,0,0,0,0,2,1,5,1,15,3,-1,-1,-1,1,1,1
2017460211764,2,9,0,18,0,0,0,0,0,0,1,1,5,1,46,8,-1,-1,-1,2,1,2
2017460211797,1,9,0,18,0,0,0,0,0,0,1,1,6,2,20,4,1242,1,1,10,1,10
2017460211797,2,9,0,18,0,0,1,0,0,0,2,1,6,1,50,8,2926,2,15,3,1,3
2017460211797,3,9,0,18,0,0,1,0,0,0,2,1,3,1,37,7,1598,1,10,2,1,2
2017460211797,4,9,0,18,0,0,0,0,0,0,1,1,1,1,26,6,-1,-1,-1,-1,-1,-1
2017460211811,1,1,0,9,0,1,0,0,7,0,2,1,5,1,47,8,-1,-1,-1,9,2,9
2017460211811,2,5,0,17,0,1,0,0,0,0,1,1,5,1,67,10,998,1,9,-1,-1,-1
2017460211816,1,9,0,17,0,0,1,0,0,0,1,1,1,1,48,8,1198,1,1,8,1,8
2017460211816,2,9,0,18,0,0,0,0,0,0,1,1,5,2,51,8,1339,1,10,4,1,4
2017460211825,1,19,0,7,0,8,0,0,0,0,1,1,5,1,47,8,-1,-1,-1,6,1,6
2017460211825,2,9,0,7,0,8,0,0,0,0,2,1,1,2,35,6,1360,1,17,1,1,1
2017460211842,1,98,0,18,0,0,0,0,0,0,0,1,1,1,48,8,-1,-1,-1,7,1,7
2017460211842,2,9,0,3,0,0,0,0,0,0,2,1,5,2,27,6,2000,2,7,5,1,5
2017460211858,1,9,0,4,0,0,1,0,0,0,1,1,6,1,38,7,1997,2,12,2,1,2
2017460211858,2,9,0,4,0,0,0,0,0,0,2,1,6,1,30,6,1598,2,1,-1,-1,-1
2017460211858,3,9,0,4,0,0,0,0,0,0,2,1,6,1,37,7,1598,2,1,8,1,8
2017460211858,4,9,0,4,0,0,0,0,0,0,2,1,6,1,19,4,1796,1,17,2,1,2
2017460211862,1,9,0,18,0,0,0,0,0,0,1,1,5,2,70,10,1997,2,2,3,1,3
2017460211885,1,3,0,16,0,0,0,0,7,4,1,1,5,2,28,6,124,1,3,3,1,3
2017460211892,1,3,0,13,0,1,1,0,0,0,1,1,6,1,23,5,124,1,1,-1,-1,-1
2017460211892,2,9,0,9,0,1,0,0,0,0,3,1,6,2,32,6,1910,2,10,-1,-1,-1
2017460211907,1,9,0,18,0,0,0,0,0,0,1,1,6,1,35,6,-1,-1,-1,-1,-1,-1
2017460211917,1,3,0,13,0,0,1,0,0,0,4,1,2,1,17,4,123,1,-1,-1,-1,-1
2017460211917,2,9,0,9,0,0,1,0,0,0,3,1,6,1,51,8,1598,1,6,-1,-1,-1
2017460211956,1,9,0,18,0,0,5,0,1,2,1,1,6,1,29,6,1997,2,11,-1,-1,-1
2017460212048,1,9,0,17,0,1,1,0,1,0,1,1,6,1,38,7,1360,1,12,5,1,5
2017460212048,2,9,0,16,0,1,0,0,1,2,1,1,6,1,70,10,1968,2,-1,3,1,3
2017460212048,3,9,0,17,0,1,1,0,1,0,1,1,6,1,25,5,1900,2,12,1,1,1
2017460212056,1,5,0,18,0,1,2,0,1,0,1,1,6,1,24,5,599,1,18,4,1,4
2017460212084,1,20,0,18,0,0,0,0,0,0,1,1,1,1,26,6,-1,-1,-1,3,1,3
2017460212084,2,9,0,18,0,0,0,0,1,0,1,1,1,2,67,10,1398,2,13,4,2,4
2017460212084,3,9,0,18,0,0,1,0,1,0,4,1,6,1,57,9,1598,1,4,7,1,7
2017460212102,1,98,2,18,0,0,0,0,0,0,3,1,1,1,57,9,-1,-1,-1,-1,-1,-1
2017460212102,2,11,0,18,0,0,0,0,0,0,4,1,1,1,59,9,4461,2,6,2,1,2
2017460212107,1,98,0,5,0,1,0,0,0,0,1,1,6,1,30,6,-1,-1,-1,-1,-1,-1
2017460212107,2,9,0,18,0,1,0,0,0,0,1,1,6,2,39,7,2993,2,7,6,3,6
2017460212111,1,9,0,9,0,1,0,0,7,0,4,1,6,1,32,6,1968,2,10,8,1,8
2017460212111,2,9,0,18,0,1,0,0,0,0,1,1,6,1,71,10,998,1,18,9,1,9
2017460212113,1,9,0,4,0,0,0,0,1,0,4,1,1,1,49,8,-1,-1,-1,9,2,9
2017460212142,1,5,0,12,0,3,0,0,0,0,3,1,6,1,32,6,806,1,3,3,2,3
2017460212146,1,1,0,18,0,0,0,11,0,0,1,1,5,1,53,8,-1,-1,-1,-1,-1,-1
2017460212146,2,1,0,18,0,0,0,0,0,0,2,1,5,1,53,8,-1,-1,-1,10,1,10
2017460212146,3,1,0,18,0,0,0,0,0,0,2,1,5,1,53,8,-1,-1,-1,-1,-1,-1
2017460212176,1,3,0,18,0,0,0,10,0,0,1,1,2,1,20,4,124,1,1,7,2,7
2017460212186,1,9,0,9,0,0,0,0,0,0,3,1,1,1,64,9,-1,-1,-1,-1,-1,-1
2017460212186,2,9,0,18,0,0,0,11,7,0,1,1,1,1,20,4,998,1,13,8,3,8
2017460212252,1,9,0,16,0,0,2,0,1,0,1,1,5,1,29,6,2171,1,13,10,3,10
2017460212266,1,9,0,5,0,6,0,0,0,0,1,1,1,2,59,9,-1,-1,-1,7,1,7
2017460212266,2,9,0,18,0,1,0,0,1,0,3,1,2,1,36,7,1988,1,13,7,1,7
2017460212266,3,9,0,18,0,1,0,0,0,0,1,1,1,1,36,7,-1,-1,-1,-1,-1,-1
2017460212278,1,9,0,4,0,0,0,0,0,0,1,1,6,2,81,11,1591,1,8,5,3,5
2017460212278,2,9,0,18,0,0,0,0,0,0,0,1,6,1,84,11,1396,1,5,10,1,10
2017460212284,1,9,0,15,0,0,0,0,7,0,4,1,5,1,24,5,-1,-1,-1,2,1,2
2017460212284,2,9,0,5,0,0,0,0,0,0,1,1,5,2,53,8,1968,2,1,10,2,10
2017460212300,1,3,0,13,0,0,0,0,0,0,4,1,5,1,45,7,125,1,4,3,1,3
2017460212300,2,9,0,2,-1,0,0,0,0,0,3,1,5,2,37,7,1598,1,11,7,1,7
2017460212301,1,9,0,18,0,1,0,0,0,0,1,1,6,1,43,7,-1,-1,-1,4,1,4
2017460212310,1,9,0,18,0,0,0,4,0,0,2,1,2,1,42,7,1299,1,16,2,1,2
2017460212310,2,9,0,2,0,0,0,0,0,0,1,1,6,3,-1,-1,-1,-1,-1,-1,-1,-1
2017460212312,1,98,1,12,0,0,0,0,0,0,3,1,1,1,50,8,-1,-1,-1,-1,-1,-1
2017460212312,2,9,0,18,0,0,0,0,0,0,4,1,6,1,46,8,1896,2,12,2,1,2
2017460212312,3,21,1,2,0,0,0,0,0,0,2,1,1,1,49,8,5880,2,4,2,1,2
2017460212314,1,9,0,18,0,0,0,0,0,0,1,1,2,2,39,7,1598,1,9,4,1,4
2017460212314,2,9,-1,18,0,0,0,0,0,0,1,1,2,1,49,8,-1,-1,-1,8,3,8
2017460212331,1,9,0,7,0,7,0,0,0,0,0,1,6,2,30,6,1497,8,11,-1,-1,-1
2017460212331,2,3,0,18,0,8,2,0,0,0,4,1,2,1,22,5,124,1,1,7,2,7
2017460212337,1,9,0,18,0,2,0,0,0,0,1,1,5,1,30,6,1390,1,8,3,1,3
2017460212356,1,9,0,7,0,1,0,0,0,0,1,1,6,1,80,11,1968,2,7,7,3,7
2017460212356,2,1,0,18,0,1,0,0,0,0,3,1,6,1,37,7,-1,-1,-1,10,1,10
2017460212369,1,9,0,5,0,3,0,0,0,0,1,1,6,2,21,5,999,1,1,7,1,7
2017460212369,2,9,0,4,0,3,0,0,0,0,0,1,6,1,33,6,2429,1,11,3,1,3
2017460212382,1,98,0,9,0,0,0,0,0,0,1,1,1,1,19,4,-1,-1,-1,-1,-1,-1
2017460212382,2,5,0,18,0,0,0,0,0,0,4,1,6,1,28,6,675,1,2,-1,-1,-1
2017460212417,1,9,0,3,0,0,0,0,0,0,1,1,6,1,32,6,1968,2,7,1,1,1
2017460212417,2,9,0,3,0,0,0,0,0,0,3,1,6,1,34,6,2401,2,12,3,1,3
2017460212441,1,9,0,18,0,0,0,0,1,2,1,1,6,2,75,10,1595,1,4,-1,-1,-1
2017460212464,1,9,0,18,0,0,0,0,0,0,1,1,6,2,32,6,1240,1,13,7,2,7
2017460212464,2,9,0,18,0,0,0,0,0,0,2,1,6,2,19,4,1364,1,12,10,1,10
2017460212526,1,5,0,17,0,0,1,0,0,0,4,1,6,1,46,8,998,1,1,2,1,2
2017460212560,1,9,0,9,0,4,0,0,0,0,3,1,5,2,26,6,1753,2,10,-1,-1,-1
2017460212560,2,9,0,18,0,1,0,0,0,0,1,1,5,1,27,6,1591,1,-1,-1,-1,-1
2017460212571,1,9,0,7,0,1,0,0,0,0,1,1,6,2,37,7,1587,1,14,7,1,7
2017460212571,2,9,0,8,0,1,0,0,0,0,4,1,1,1,53,8,1799,1,8,7,1,7
2017460212589,1,19,0,9,0,0,0,0,0,0,1,1,6,1,-1,-1,1686,2,14,8,3,8
2017460212589,2,1,0,18,0,0,0,0,0,0,1,1,6,1,58,9,-1,-1,-1,1,1,1
2017460212600,1,9,0,18,0,8,0,7,1,0,1,1,6,1,51,8,2993,2,8,4,1,4
2017460212614,1,1,0,18,0,0,0,0,0,0,4,1,6,1,65,9,-1,-1,-1,10,2,10
2017460212650,1,9,0,12,6,0,0,0,4,0,3,1,2,1,37,7,1388,1,7,3,1,3
2017460212653,1,21,0,3,0,1,0,0,0,0,0,1,6,1,53,8,10837,2,2,6,2,6
2017460212653,2,9,0,3,0,1,0,0,0,0,1,1,6,2,55,8,1995,2,3,3,1,3
2017460212653,3,9,0,3,0,1,0,0,0,0,3,1,6,2,71,10,1798,8,2,5,3,5
2017460212677,1,9,0,11,0,8,0,0,0,0,4,1,5,2,30,6,1590,1,16,-1,-1,-1
2017460212677,2,9,0,18,0,8,0,0,0,0,3,1,5,2,49,8,1598,1,15,-1,-1,-1
2017460212687,1,19,0,18,0,0,0,0,0,0,4,1,6,1,44,7,2198,2,6,9,1,9
2017460212687,2,1,0,18,0,0,0,0,0,0,3,1,2,1,38,7,-1,-1,-1,4,1,4
2017460212718,1,9,0,18,0,4,0,0,0,0,4,1,6,2,32,6,998,1,5,9,2,9
2017460212718,2,9,0,18,0,4,0,0,0,0,1,1,6,2,31,6,1399,2,13,6,1,6
2017460212729,1,9,0,3,0,0,0,0,0,0,4,1,6,2,33,6,1395,1,3,8,1,8
2017460212729,2,9,0,3,0,0,0,0,0,0,1,1,6,1,31,6,1896,2,7,4,1,4
2017460212729,3,9,0,3,0,0,0,0,0,0,3,1,6,2,49,8,1364,1,11,1,1,1
2017460212729,4,9,0,3,0,0,0,0,0,0,1,1,6,2,55,8,1999,2,-1,3,1,3
2017460212759,1,9,0,3,0,1,0,0,0,0,1,1,6,2,20,4,1242,1,7,4,1,4
2017460212759,2,9,0,3,0,1,0,0,0,0,1,1,6,2,49,8,1591,1,8,4,1,4
2017460212771,1,9,0,18,0,1,0,0,0,0,4,1,6,1,31,6,1995,2,12,-1,-1,-1
2017460212785,1,9,0,3,0,0,0,0,0,0,1,1,6,2,18,4,1242,1,5,7,1,7
2017460212785,2,1,0,3,0,0,0,0,0,0,1,1,6,1,30,6,-1,-1,-1,7,1,7
2017460212811,1,9,0,5,0,0,0,0,0,0,1,1,6,1,47,8,2987,2,11,-1,-1,-1
2017460212818,1,9,0,17,0,0,0,0,0,0,1,1,2,1,24,5,1968,2,12,-1,-1,-1
2017460212818,2,9,0,16,0,0,0,0,0,0,1,1,6,2,57,9,1560,2,5,6,3,6
2017460212826,1,9,0,3,0,0,0,0,0,0,1,1,6,1,21,5,1598,2,6,8,3,8
2017460212826,2,9,0,2,0,0,0,0,0,0,3,1,6,3,-1,-1,1968,2,7,-1,-1,-1
2017460212854,1,9,0,9,0,0,0,0,0,0,1,1,6,1,22,5,1199,1,15,9,1,9
2017460212854,2,9,0,18,0,0,0,0,0,0,0,1,6,2,28,6,2143,2,4,5,3,5
2017460212871,1,9,0,18,0,0,0,0,0,0,3,1,3,2,26,6,1560,2,10,8,1,8
2017460212871,2,21,1,18,0,0,0,0,0,0,3,1,1,1,44,7,6692,2,5,2,1,2
2017460212987,1,9,0,13,0,0,0,0,1,0,1,1,6,1,32,6,1896,2,12,2,1,2
2017460212987,2,9,0,18,0,0,0,0,1,0,1,1,6,1,34,6,1360,1,13,5,2,5
2017460212987,3,9,0,18,0,0,0,0,0,0,0,1,6,1,20,4,1560,2,10,1,1,1
2017460213013,1,9,0,18,0,0,0,0,0,0,3,1,6,1,19,4,1242,1,10,9,2,9
2017460213013,2,9,0,17,0,0,0,0,0,0,3,1,5,2,28,6,1986,2,10,8,2,8
2017460213031,1,5,0,18,0,4,1,0,0,0,0,1,1,1,54,8,599,1,15,9,1,9
2017460213036,1,9,0,4,0,0,0,0,0,0,2,1,2,1,27,6,-1,-1,-1,10,2,10
2017460213036,2,19,0,3,0,0,0,0,0,0,1,1,2,1,60,9,1248,2,11,3,1,3
2017460213090,1,9,0,4,0,0,0,0,0,0,1,1,6,2,31,6,1896,2,10,8,1,8
2017460213090,2,9,0,4,0,0,0,0,0,0,2,1,6,2,24,5,1968,2,2,7,3,7
2017460213093,1,9,0,17,0,0,1,0,1,3,4,1,2,2,21,5,1229,1,6,7,3,7
2017460213104,1,9,0,5,0,6,0,0,0,0,0,1,6,1,75,10,1560,2,1,5,1,5
2017460213104,2,9,0,18,0,1,0,0,0,0,4,1,6,1,32,6,-1,-1,-1,7,1,7
2017460213114,1,9,0,16,0,0,0,0,0,0,1,1,5,1,62,9,-1,-1,-1,8,2,8
2017460213114,2,9,0,17,0,0,0,0,0,0,1,1,5,2,40,7,-1,-1,-1,7,3,7
2017460213117,1,9,0,12,0,0,2,0,0,0,3,1,6,2,20,4,1399,2,11,10,1,10
2017460213117,2,9,0,18,0,0,0,0,0,0,1,1,1,1,27,6,1896,2,14,2,2,2
2017460213117,3,9,0,18,0,0,0,0,0,0,3,1,6,2,69,10,1596,1,6,6,3,6
2017460213141,1,9,0,5,0,0,0,0,0,0,1,1,6,1,37,7,1461,2,1,-1,-1,-1
2017460213141,2,11,0,18,0,0,0,0,0,0,0,1,1,1,25,5,8300,2,11,-1,-1,-1
2017460213151,1,9,0,13,0,0,5,4,0,0,1,1,2,1,18,4,999,1,2,10,1,10
2017460213151,2,9,0,2,0,0,0,0,0,0,4,1,5,2,40,7,1951,2,16,5,3,5
2017460213151,3,9,0,2,0,0,0,0,0,0,2,1,5,1,44,7,1598,1,6,5,3,5
2017460213151,4,9,0,18,0,0,1,11,0,0,1,1,6,1,53,8,1388,1,8,5,3,5
2017460213167,1,9,0,14,0,0,0,0,0,0,1,1,5,1,20,4,999,1,5,9,2,9
2017460213173,1,9,0,9,0,6,0,0,0,0,3,1,1,1,36,7,1461,2,-1,-1,2,-1
2017460213173,2,9,0,18,0,1,0,0,0,0,1,1,6,2,86,11,998,1,2,9,3,9
2017460213186,1,9,0,17,0,0,0,0,1,0,3,1,6,1,17,4,1198,1,13,8,3,8
2017460213186,2,9,0,16,0,0,0,0,0,0,3,1,2,1,38,7,1968,2,4,8,1,8
2017460213189,1,9,0,18,0,2,0,6,0,0,1,1,6,1,26,6,1499,2,1,9,2,9
2017460213201,1,9,0,18,0,8,0,0,1,0,4,1,6,1,-1,-1,1341,1,12,-1,-1,-1
2017460213235,1,9,0,18,0,0,0,10,7,0,1,1,6,1,76,11,1299,1,17,6,1,6
2017460213235,2,9,0,18,0,0,0,0,0,0,3,1,6,2,46,8,2495,2,20,5,1,5
2017460213235,3,9,0,2,9,0,0,0,0,0,3,1,6,1,55,8,3199,1,17,6,1,6
2017460213238,1,9,0,18,0,0,0,0,0,0,1,1,6,2,85,11,-1,-1,-1,7,1,7
2017460213238,2,9,0,18,0,0,0,0,0,0,2,1,6,2,29,6,1198,1,4,10,1,10
2017460213238,3,9,0,18,0,0,0,0,0,0,2,1,1,1,27,6,-1,-1,-1,3,2,3
2017460213264,1,9,0,18,0,0,2,0,0,0,1,1,6,2,24,5,1149,1,16,9,1,9
2017460213264,2,9,-1,2,-1,0,-1,-1,-1,0,1,1,5,1,26,6,1596,1,12,3,1,3
2017460213293,1,9,0,9,0,1,0,0,1,0,1,1,6,1,30,6,1781,1,15,-1,-1,-1
2017460213308,1,9,0,18,0,1,0,0,0,0,1,1,6,2,31,6,1598,1,10,2,1,2
2017460213308,2,9,0,8,0,1,0,0,0,0,2,1,6,2,53,8,1368,1,1,7,1,7
2017460213343,1,98,1,12,0,0,0,0,0,0,3,1,1,1,48,8,-1,-1,-1,-1,-1,-1
2017460213343,2,9,0,13,0,0,0,0,0,0,4,1,6,2,30,6,999,1,1,8,2,8
2017460213365,1,9,0,18,0,2,0,0,0,0,1,1,6,3,-1,-1,1405,1,13,-1,-1,-1
2017460213365,2,9,0,18,0,2,0,0,0,0,3,1,6,1,68,10,1596,1,3,-1,-1,-1
2017460213369,1,9,0,4,0,4,0,0,0,0,3,1,5,2,71,10,1318,1,1,6,1,6
2017460213369,2,9,0,4,0,3,0,0,0,0,3,1,5,1,22,5,1199,2,5,6,1,6
2017460213401,1,3,0,18,0,1,1,0,0,0,1,1,1,1,33,6,124,1,5,-1,-1,-1
2017460213401,2,21,0,9,0,5,0,0,0,0,2,1,1,1,41,7,10677,2,1,-1,-1,-1
2017460213409,1,9,0,9,0,1,0,0,0,0,1,1,2,1,41,7,1598,2,1,-1,-1,-1
2017460213409,2,3,0,18,0,1,0,0,0,0,1,1,2,1,19,4,124,1,1,-1,-1,-1
2017460213415,1,4,0,5,0,0,0,0,0,0,2,1,6,1,56,9,998,1,9,6,3,6
2017460213415,2,97,0,18,0,0,0,0,0,0,1,1,6,3,-1,-1,-1,-1,-1,-1,-1,-1
2017460213435,1,9,0,18,0,2,0,0,0,0,1,1,1,1,25,5,1598,2,1,-1,-1,-1
2017460213435,2,1,0,7,0,6,0,0,0,0,1,1,4,1,15,3,-1,-1,-1,-1,-1,-1
2017460213436,1,9,0,4,0,0,0,4,0,0,2,1,6,3,-1,-1,-1,-1,-1,-1,-1,-1
2017460213436,2,9,0,3,0,0,0,0,0,0,0,1,1,2,18,4,999,1,3,6,3,6
2017460213447,1,9,0,3,0,1,0,0,0,0,1,1,6,2,50,8,1388,1,5,-1,-1,-1
2017460213447,2,1,0,3,0,1,0,0,0,0,2,1,6,2,41,7,-1,-1,-1,-1,-1,-1
2017460213448,1,9,0,18,0,0,0,0,0,0,1,1,6,2,43,7,1461,2,5,9,1,9
2017460213448,2,1,0,18,0,0,0,0,0,0,3,1,6,1,-1,-1,-1,-1,-1,-1,-1,-1
2017460213474,1,23,0,18,0,1,0,0,0,0,1,1,6,1,21,5,599,1,16,2,1,2
2017460213474,2,9,0,9,1,1,0,0,0,0,4,1,6,1,72,10,1796,1,15,4,1,4
2017460213494,1,9,0,7,0,1,0,0,0,0,4,1,6,1,51,8,-1,-1,-1,4,1,4
2017460213494,2,9,0,18,0,1,0,0,0,0,1,1,2,2,28,6,2979,1,14,-1,-1,-1
2017460213494,3,9,0,9,0,1,0,0,0,0,3,1,6,2,58,9,2143,2,1,9,1,9
2017460213587,1,9,0,5,9,1,0,0,0,0,1,1,6,1,56,9,1560,2,4,-1,-1,-1
2017460213587,2,9,0,18,0,1,0,0,0,0,4,1,6,2,20,4,1229,1,9,-1,-1,-1
2017460213628,1,9,0,17,0,1,0,0,0,0,1,1,6,3,-1,-1,-1,-1,-1,-1,-1,-1
2017460213628,2,9,0,16,0,2,0,0,0,0,3,1,6,1,36,7,2616,1,10,4,1,4
2017460213628,3,9,0,18,0,8,0,0,0,0,1,1,2,2,24,5,1242,1,4,4,1,4
2017460213654,1,9,0,18,0,0,1,0,0,0,3,1,1,2,19,4,1299,1,14,-1,-1,-1
2017460213654,2,19,0,4,0,0,0,0,0,0,3,1,1,1,29,6,-1,-1,-1,9,2,9
2017460213664,1,19,0,18,0,4,0,0,0,0,1,1,1,1,40,7,2143,2,1,-1,-1,-1
2017460213664,2,1,0,17,0,3,0,0,0,0,1,1,5,1,24,5,-1,-1,-1,-1,-1,-1
2017460213676,1,5,0,17,0,0,0,0,0,0,1,1,6,1,19,4,599,1,8,5,2,5
2017460213676,2,9,0,4,0,0,0,0,0,0,2,1,6,1,49,8,2495,2,16,7,2,7
2017460213698,1,9,0,18,0,0,0,8,0,0,1,1,6,2,69,10,1242,1,10,4,1,4
2017460213698,2,9,0,2,0,0,0,0,0,0,3,1,6,2,36,7,1598,1,11,4,2,4
2017460213705,1,90,0,18,0,0,0,0,0,0,0,1,6,3,-1,-1,-1,-1,-1,-1,-1,-1
2017460213705,2,9,0,18,0,0,0,0,1,10,1,1,2,2,22,5,1149,1,15,-1,-1,-1
2017460213717,1,9,0,7,0,4,0,0,0,0,0,1,6,3,-1,-1,-1,-1,-1,-1,-1,-1
2017460213717,2,19,0,3,0,3,0,0,0,0,1,1,2,1,38,7,2198,2,1,-1,-1,-1
2017460213717,3,9,0,3,0,3,0,0,0,0,2,1,5,1,67,10,1799,1,7,-1,-1,-1
2017460213779,1,21,0,5,0,2,0,0,0,0,1,1,1,1,33,6,6700,2,3,7,1,7
2017460213862,1,9,0,5,0,2,0,0,0,0,1,1,5,1,66,10,1796,1,10,6,1,6
2017460213862,2,3,0,18,0,8,1,0,7,0,4,1,6,1,19,4,124,1,4,6,1,6
2017460213862,3,9,0,2,0,8,0,0,0,0,2,1,6,1,85,11,2993,2,7,6,1,6
2017460213987,1,5,0,17,0,2,0,0,1,4,4,1,6,1,20,4,645,1,10,2,1,2
2017460214046,1,9,0,18,0,0,0,4,0,0,1,1,6,3,-1,-1,1389,1,12,-1,-1,-1
2017460214046,2,9,0,2,0,0,0,0,0,0,3,1,6,1,32,6,1560,2,8,4,1,4
2017460214046,3,9,0,2,0,0,0,0,0,0,3,1,6,1,-1,-1,1560,2,8,3,1,3
2017460214046,4,9,0,2,0,0,0,0,0,0,3,1,6,1,-1,-1,1995,2,15,4,1,4
2017460214127,1,9,0,9,0,0,0,0,0,0,4,1,6,2,62,9,1499,2,-1,1,1,1
2017460214127,2,9,0,18,0,0,0,0,0,0,1,1,6,2,23,5,1968,2,9,8,1,8