Accident_Index,Vehicle_Reference,Vehicle_Type,Towing_and_Articulation,Vehicle_Manoeuvre,Vehicle_Location-Restricted_Lane,Junction_Location,Skidding_and_Overturning,Hit_Object_in_Carriageway,Vehicle_Leaving_Carriageway,Hit_Object_off_Carriageway,1st_Point_of_Impact,Was_Vehicle_Left_Hand_Drive?,Journey_Purpose_of_Driver,Sex_of_Driver,Age_of_Driver,Age_Band_of_Driver,Engine_Capacity_(CC),Propulsion_Code,Age_of_Vehicle,Driver_IMD_Decile,Driver_Home_Area_Type,Vehicle_IMD_Decile
2017460216995,1,8,0,4,0,0,0,0,0,0,1,1,1,1,26,6,1598,2,2,2,1,2
2017460216995,2,10,0,4,0,0,0,11,0,0,1,1,1,1,-1,-1,-1,-1,-1,8,3,8
2017460217042,1,9,0,3,0,0,0,0,0,0,0,1,6,2,17,4,1368,1,7,4,1,4
2017460217042,2,9,0,3,0,0,0,0,0,0,3,1,6,2,32,6,1598,1,13,7,1,7
2017460217098,1,90,0,13,0,2,0,0,0,0,0,1,1,1,25,5,2987,2,3,-1,-1,-1
2017460217098,2,3,0,4,0,2,0,0,0,0,1,1,5,1,37,7,125,1,2,7,1,7
2017460217134,1,9,0,18,0,2,0,0,0,0,1,1,6,1,34,6,2148,2,14,6,1,6
2017460217134,2,9,0,18,0,2,0,0,0,0,2,1,6,1,44,7,1596,1,14,9,1,9
2017460217134,3,9,0,3,0,2,0,0,0,0,2,1,6,2,43,7,1560,2,5,4,1,4
2017460217134,4,9,0,2,0,2,0,0,0,0,0,1,6,3,-1,-1,-1,-1,-1,-1,-1,-1
2017460217142,1,9,0,18,0,0,0,0,0,0,1,1,5,1,20,4,1368,1,8,3,1,3
2017460217142,2,9,0,4,0,0,1,0,0,0,2,1,5,1,24,5,1248,2,10,1,1,1
2017460217226,1,1,0,18,0,2,0,0,0,0,1,1,6,1,14,3,-1,-1,-1,5,1,5
2017460217226,2,9,0,18,0,1,0,0,0,0,3,1,6,1,25,5,999,1,2,9,2,9
2017460217234,1,9,0,13,0,0,0,0,0,0,1,1,5,2,-1,-1,-1,-1,-1,-1,-1,-1
2017460217234,2,1,0,18,0,0,0,0,0,0,2,1,5,1,14,3,-1,-1,-1,6,1,6
2017460217241,1,9,0,7,0,4,1,0,0,0,1,1,6,2,27,6,1149,1,10,-1,-1,-1
2017460217251,1,9,0,5,0,1,0,0,0,0,1,1,6,2,52,8,1995,2,2,8,1,8
2017460217251,2,3,0,5,0,8,5,0,0,0,3,1,6,1,28,6,124,1,6,8,1,8
2017460217260,1,17,0,17,0,0,5,0,4,0,3,1,1,1,40,7,-1,-1,-1,1,1,1
2017460217268,1,1,0,18,9,6,0,0,0,0,1,1,6,1,16,4,-1,-1,-1,4,1,4
2017460217268,2,9,0,18,0,2,0,0,0,0,4,1,6,1,18,4,1199,1,16,7,2,7
2017460217272,1,9,0,18,0,2,0,0,0,0,1,1,6,1,65,9,1988,1,15,5,1,5
2017460217272,2,9,0,18,0,2,0,0,0,0,1,1,6,2,27,6,1798,1,11,4,1,4
2017460217274,1,9,0,17,0,0,0,4,8,2,1,1,6,1,21,5,1905,2,19,5,2,5
2017460217274,2,9,0,2,0,0,0,0,0,0,2,1,6,1,37,7,1200,1,2,-1,-1,-1
2017460217278,1,9,0,18,0,1,0,0,0,0,0,1,6,3,-1,-1,-1,-1,-1,-1,-1,-1
2017460217278,2,1,0,9,0,1,0,0,0,0,3,1,6,1,20,4,-1,-1,-1,3,3,3
2017460217289,1,9,0,13,0,0,0,4,0,0,1,1,5,1,20,4,1984,1,14,1,1,1
2017460217289,2,9,0,2,0,0,0,0,1,0,3,1,5,3,-1,-1,2183,2,6,-1,-1,-1
2017460217297,1,98,0,18,0,0,0,0,0,0,3,1,6,1,18,4,-1,-1,-1,-1,-1,-1
2017460217297,2,9,0,18,0,0,1,0,8,0,4,1,6,1,27,6,1796,1,16,5,1,5
2017460217300,1,9,-1,18,0,0,0,0,0,0,2,1,6,2,49,8,1995,2,3,10,1,10
2017460217307,1,1,0,18,0,0,0,0,0,0,0,1,5,2,38,7,-1,-1,-1,4,1,4
2017460217310,1,9,0,3,0,0,0,0,0,0,1,1,6,1,21,5,1998,1,10,4,1,4
2017460217313,1,9,0,7,0,0,2,0,1,4,1,1,6,1,23,5,1149,1,16,7,1,7
2017460217316,1,1,0,18,0,0,2,0,0,0,1,1,6,1,73,10,-1,-1,-1,4,1,4
2017460217319,1,19,0,16,0,0,0,0,0,0,1,1,6,1,27,6,2299,2,2,6,1,6
2017460217319,2,9,0,17,0,0,0,0,0,0,0,1,6,2,41,7,1753,2,10,7,1,7
2017460217327,1,9,0,18,0,0,2,0,7,11,1,1,6,1,74,10,1998,1,-1,7,3,7
2017460217330,1,9,0,18,0,0,0,0,0,0,2,1,5,1,34,6,1998,1,-1,5,1,5
2017460217330,2,9,0,18,0,0,0,0,0,0,1,1,5,2,33,6,1108,1,14,9,1,9
2017460217338,1,9,0,18,0,0,0,0,0,0,1,1,1,2,32,6,1299,1,14,7,1,7
2017460217372,1,1,0,18,0,4,1,0,0,0,3,1,1,1,37,7,-1,-1,-1,3,1,3
2017460217385,1,9,0,17,0,0,0,0,0,0,3,1,6,1,69,10,1793,1,15,-1,-1,-1
2017460217385,2,1,0,16,0,0,0,0,0,0,3,1,6,1,16,4,-1,-1,-1,-1,-1,-1
2017460217385,3,19,0,2,9,0,0,0,0,0,3,1,6,3,30,6,2198,2,10,-1,-1,-1
2017460217388,1,98,0,18,0,8,0,0,0,0,1,1,6,1,33,6,-1,-1,-1,6,1,6
2017460217388,2,9,0,4,0,5,0,0,0,0,2,1,6,2,58,9,2231,2,3,7,1,7
2017460217391,1,9,0,18,0,0,0,0,0,0,1,1,5,1,60,9,2184,2,13,7,1,7
2017460217391,2,9,0,1,9,0,0,0,0,0,3,1,5,2,77,11,1395,1,3,3,1,3
2017460217411,1,3,0,18,0,0,0,0,0,0,0,1,2,2,24,5,125,1,1,4,1,4
2017460217412,1,1,0,9,0,1,0,0,3,0,1,1,1,1,27,6,-1,-1,-1,1,1,1
2017460217412,2,9,0,18,0,1,0,0,0,0,1,1,1,1,30,6,-1,-1,-1,4,3,4
2017460217417,1,20,0,18,0,0,0,0,0,0,1,1,6,1,21,5,3900,2,13,1,2,1
2017460217417,2,9,0,18,0,0,0,0,0,0,3,1,6,2,60,9,1498,1,16,1,1,1
2017460217418,1,9,0,18,0,0,1,0,0,0,0,1,2,3,-1,-1,-1,-1,-1,-1,-1,-1
2017460217418,2,5,0,18,0,0,1,0,0,0,0,1,5,1,55,8,1015,1,38,-1,-1,-1
2017460217461,1,9,0,9,0,0,0,0,7,0,1,1,6,3,37,7,1560,2,-1,-1,-1,-1
2017460217461,2,9,0,13,0,0,0,0,0,0,3,1,6,2,41,7,1124,1,12,8,2,8
2017460217534,1,98,0,18,0,0,0,0,0,0,3,1,6,3,32,6,-1,-1,-1,-1,-1,-1
2017460217534,2,2,0,18,0,0,0,0,0,0,3,1,6,1,40,7,-1,-1,-1,-1,-1,-1
2017460217541,1,9,0,18,0,0,0,0,0,0,1,1,6,2,73,10,1086,1,8,4,1,4
2017460217541,2,9,0,10,0,0,0,0,0,0,1,1,6,2,46,8,1598,1,15,5,3,5
2017460217548,1,9,0,18,0,2,0,10,1,0,4,1,6,2,20,4,1242,1,8,6,3,6
2017460217553,1,4,0,7,0,6,0,0,0,0,1,1,6,1,64,9,249,1,1,1,1,1
2017460217553,2,19,0,18,0,6,0,0,0,0,3,1,1,1,44,7,2198,2,9,1,1,1
2017460217588,1,9,0,18,0,3,0,0,0,0,3,1,6,1,31,6,-1,-1,-1,-1,-1,-1
2017460217588,2,9,0,18,0,3,0,0,1,0,4,1,6,2,53,8,1975,1,11,8,1,8
2017460217622,1,9,0,8,0,1,0,0,0,0,1,1,1,1,27,6,2720,2,8,8,1,8
2017460217622,2,9,0,8,0,1,0,0,0,0,2,1,6,2,22,5,998,1,1,5,1,5
2017460217632,1,2,0,5,0,0,1,0,0,0,0,1,5,1,16,4,50,1,7,1,1,1
2017460217644,1,4,0,5,0,3,0,10,1,2,1,1,6,1,43,7,535,1,18,3,1,3
2017460217650,1,9,0,18,0,2,0,0,0,0,2,1,6,1,73,10,2495,2,19,6,3,6
2017460217650,2,9,0,18,0,2,0,0,0,0,3,1,6,2,42,7,1368,1,5,6,3,6
2017460217654,1,9,0,18,0,0,0,0,0,0,1,1,5,2,29,6,1998,1,9,9,1,9
2017460217654,2,9,0,18,0,0,0,0,0,0,2,1,5,1,42,7,1968,2,8,9,2,9
2017460217654,3,9,0,4,0,0,0,0,0,0,2,1,5,2,60,9,1798,1,15,6,1,6
2017460217671,1,9,0,9,0,6,0,0,0,0,1,1,6,1,38,7,1968,2,10,3,1,3
2017460217671,2,9,0,18,0,1,0,0,0,0,1,1,6,1,28,6,1199,1,18,3,1,3
2017460217691,1,9,0,17,0,0,1,11,0,0,4,1,6,1,85,11,1794,1,15,8,1,8
2017460217712,1,9,0,8,0,6,0,0,0,0,3,1,6,2,24,5,1395,1,2,5,2,5
2017460217712,2,9,0,18,0,1,0,0,0,0,1,1,6,1,26,6,-1,-1,-1,3,1,3
2017460217734,1,9,0,18,0,1,0,0,0,0,4,1,6,2,70,10,1999,1,6,-1,-1,-1
2017460217735,1,9,0,1,0,6,0,0,0,0,2,1,6,1,85,11,1596,1,2,10,2,10
2017460217735,2,9,0,18,0,2,0,0,0,0,1,1,6,1,21,5,1493,2,10,7,1,7
2017460217748,1,9,0,9,0,1,0,0,0,0,3,1,6,1,63,9,-1,-1,-1,9,1,9
2017460217760,1,21,0,7,0,1,0,0,0,0,3,1,6,1,46,8,12419,2,2,-1,-1,-1
2017460217760,2,9,0,9,0,1,0,0,0,0,4,1,6,1,60,9,3311,8,8,3,1,3
2017460217779,1,1,0,18,0,1,0,0,0,0,1,1,2,1,31,6,-1,-1,-1,-1,-1,-1
2017460217779,2,9,0,7,0,6,0,0,0,0,4,1,6,1,45,7,1910,2,12,6,1,6
2017460217819,1,21,1,18,0,0,0,0,0,0,1,1,6,1,61,9,4500,2,1,3,1,3
2017460217819,2,9,0,4,0,0,0,0,0,0,2,1,6,1,42,7,1956,2,7,4,1,4
2017460217936,1,9,-1,-1,-1,0,-1,-1,-1,0,-1,1,6,3,-1,-1,1364,1,8,-1,-1,-1
2017460217936,2,9,0,2,0,0,0,0,0,0,3,1,6,1,66,10,1896,2,16,2,1,2
2017460217936,3,9,0,2,0,0,0,0,0,0,4,1,6,1,-1,-1,-1,-1,-1,-1,-1,-1
2017460217936,4,9,0,2,0,0,0,0,0,0,4,1,6,2,-1,-1,1368,1,10,-1,-1,-1
2017460217936,5,9,0,2,0,0,0,0,0,0,4,1,6,1,39,7,1995,2,11,-1,-1,-1
2017460217939,1,9,0,18,0,0,0,0,0,0,3,1,5,1,41,7,1995,2,6,8,1,8
2017460217939,2,9,0,18,0,0,0,0,0,0,1,1,5,2,24,5,1229,1,6,1,1,1
2017460217939,3,19,0,2,0,0,0,0,0,0,3,1,5,1,-1,-1,1598,2,3,3,1,3
2017460217945,1,9,0,4,0,0,0,0,0,0,0,1,5,1,42,7,1984,1,2,10,3,10
2017460217945,2,9,0,18,0,0,0,0,0,0,1,1,2,1,28,6,1390,1,12,2,1,2
2017460217945,3,9,0,18,0,0,0,0,0,0,2,1,2,2,33,6,1240,1,8,6,1,6
2017460217945,4,9,0,18,0,0,0,0,0,0,1,1,2,1,24,5,1598,2,4,5,3,5
2017460217945,5,19,0,18,0,0,0,0,0,0,1,1,1,1,54,8,1399,2,9,5,3,5
2017460218000,1,9,0,16,0,0,1,0,0,0,1,1,5,1,21,5,1364,1,12,3,1,3
2017460218013,1,9,0,18,0,0,2,0,2,0,4,1,5,1,20,4,1339,1,12,4,3,4
2017460218075,1,9,0,18,0,1,0,0,0,0,1,1,6,1,31,6,2204,2,10,2,1,2
2017460218075,2,9,0,5,0,2,0,0,0,0,4,1,6,1,43,7,-1,-1,-1,2,1,2
2017460218091,1,9,0,18,0,0,1,0,0,0,1,1,6,1,-1,-1,1781,1,15,4,3,4
2017460218091,2,9,0,18,0,0,0,0,0,0,1,1,6,1,45,7,2720,2,10,5,2,5
2017460218108,1,9,0,5,0,6,0,0,0,0,3,1,6,2,18,4,1390,1,5,8,3,8
2017460218108,2,19,0,18,0,1,0,0,0,0,1,1,1,1,19,4,1753,2,12,7,2,7
2017460218109,1,9,0,9,0,1,0,0,0,0,1,1,6,1,64,9,1560,2,6,-1,-1,-1
2017460218109,2,9,0,18,0,8,0,0,0,0,1,1,6,2,31,6,1360,1,16,3,1,3
2017460218136,1,9,0,10,0,0,0,0,0,0,1,1,6,2,53,8,1596,1,15,8,1,8
2017460218136,2,9,0,10,0,0,0,0,0,0,2,1,1,2,32,6,998,1,14,3,1,3
2017460218136,3,9,0,10,0,0,0,0,0,0,2,1,6,2,37,7,1497,8,4,3,1,3
2017460218136,4,9,0,10,0,0,0,0,0,0,2,1,6,1,86,11,1560,2,11,6,1,6
2017460218154,1,9,-1,18,0,0,0,10,0,0,3,1,6,1,-1,-1,2987,2,7,6,1,6
2017460218162,1,9,0,18,0,8,0,0,0,0,1,1,6,1,36,7,2616,1,10,4,1,4
2017460218162,2,9,0,18,0,8,0,0,0,0,1,1,2,2,24,5,1242,1,4,4,1,4
2017460218166,1,9,0,18,0,1,0,0,0,0,1,1,6,1,-1,-1,1997,2,15,1,1,1
2017460218166,2,9,0,3,0,2,0,0,0,0,2,1,2,2,62,9,1598,2,2,2,1,2
2017460218170,1,9,0,18,0,0,0,0,0,0,3,1,2,1,46,8,-1,-1,-1,3,1,3
2017460218184,1,9,0,18,0,0,0,0,0,0,1,1,6,1,-1,-1,-1,-1,-1,-1,-1,-1
2017460218184,2,9,0,4,0,0,0,0,0,0,2,1,6,1,46,8,1968,2,1,8,1,8
2017460218201,1,19,0,18,0,0,0,0,0,0,1,1,1,1,25,5,2998,2,5,10,3,10
2017460218201,2,21,0,18,0,0,0,0,0,0,2,1,1,1,53,8,6700,2,2,8,3,8
2017460218209,1,9,0,18,0,0,0,0,0,0,1,1,6,3,-1,-1,-1,-1,-1,-1,-1,-1
2017460218216,1,3,0,14,0,1,0,0,0,0,3,1,2,1,35,6,125,1,9,5,1,5
2017460218216,2,9,0,9,0,1,0,0,0,0,3,1,1,1,45,7,1582,2,8,-1,-1,-1
2017460218229,1,9,0,14,0,0,0,0,0,0,4,1,6,1,68,10,1398,2,13,-1,-1,-1
2017460218229,2,1,0,18,0,0,0,0,0,0,3,1,6,1,67,10,-1,-1,-1,3,1,3
2017460218231,1,21,0,5,0,0,0,0,0,0,2,1,1,1,67,10,3920,2,12,9,3,9
2017460218242,1,9,0,18,0,3,0,0,0,0,1,1,6,3,-1,-1,-1,-1,-1,-1,-1,-1
2017460218248,1,9,0,18,0,8,0,0,0,0,1,1,6,2,29,6,1197,1,3,1,1,1
2017460218255,1,1,0,18,0,0,0,0,0,0,1,1,5,1,26,6,-1,-1,-1,5,1,5
2017460218255,2,9,0,18,0,0,0,0,0,0,4,1,2,1,18,4,1399,2,8,2,1,2
2017460218263,1,3,0,18,0,1,1,0,0,0,1,1,6,1,23,5,125,1,3,3,1,3
2017460218263,2,9,0,9,0,2,0,0,0,0,4,1,6,1,19,4,1461,2,2,9,1,9
2017460218269,1,9,0,18,0,1,0,0,0,0,1,1,6,1,27,6,1360,1,15,1,1,1
2017460218269,2,9,0,3,0,1,0,0,0,0,2,1,6,2,38,7,1796,1,16,1,1,1
2017460218269,3,9,0,3,0,1,0,0,0,0,2,1,6,2,34,6,1329,1,6,2,1,2
2017460218271,1,9,0,17,6,0,0,-1,4,0,4,1,6,1,57,9,1499,2,4,4,2,4
2017460218276,1,9,0,5,0,2,0,0,0,0,1,1,6,2,25,5,1149,1,12,2,1,2
2017460218276,2,9,0,18,0,1,0,0,0,0,1,1,6,2,25,5,1199,1,14,4,3,4
2017460218302,1,9,0,18,0,0,0,0,0,0,2,1,5,2,27,6,1198,1,6,3,2,3
2017460218302,2,9,0,18,0,0,1,0,0,0,0,1,5,2,42,7,1560,2,8,4,1,4
2017460218312,1,4,0,14,0,1,1,0,0,0,1,1,6,1,23,5,487,1,20,3,1,3
2017460218312,2,9,0,4,0,1,0,0,0,0,2,1,6,1,55,8,1968,2,2,9,1,9
2017460218312,3,19,0,4,0,1,0,0,0,0,4,1,6,1,46,8,1995,2,-1,1,1,1
2017460218335,1,1,0,18,0,0,0,0,0,0,0,1,6,3,-1,-1,-1,-1,-1,-1,-1,-1
2017460218357,1,20,1,18,0,0,0,4,0,0,1,1,1,1,30,6,-1,-1,-1,-1,-1,-1
2017460218357,2,9,0,3,0,0,0,0,0,0,2,1,5,1,75,10,1248,1,5,4,1,4
2017460218388,1,17,5,5,0,6,0,0,0,0,1,1,5,1,57,9,-1,2,17,8,3,8
2017460218388,2,9,0,18,0,1,0,0,4,0,4,1,5,2,50,8,1461,2,10,2,1,2
2017460218469,1,9,0,8,0,0,5,0,0,0,1,1,6,1,48,8,2495,2,16,5,1,5
2017460218469,2,20,1,18,0,0,0,0,0,0,3,1,1,1,36,7,-1,-1,-1,-1,-1,-1
2017460218520,1,9,0,18,0,0,0,0,0,0,0,1,6,1,50,8,1968,2,1,10,1,10
2017460218520,2,9,0,18,0,0,0,0,0,0,1,1,5,1,25,5,1799,1,10,6,1,6
2017460218563,1,20,0,12,0,0,0,0,0,0,1,1,1,1,36,7,-1,-1,-1,-1,-1,-1
2017460218563,2,9,0,13,0,0,1,0,4,0,4,1,6,2,36,7,1995,2,1,8,1,8
2017460218604,1,9,0,18,0,0,0,0,0,0,1,1,6,1,47,8,1794,1,12,6,2,6
2017460218604,2,9,0,18,0,0,0,0,0,0,2,1,6,1,37,7,1950,2,1,7,1,7
2017460218633,1,9,0,18,0,4,0,0,0,0,3,1,6,1,74,10,1598,1,12,7,1,7
2017460218633,2,9,0,18,0,3,0,0,0,0,3,1,6,1,65,9,998,1,3,7,3,7
2017460218633,3,9,0,2,0,1,0,0,0,0,3,1,6,1,46,8,1598,2,2,7,3,7
2017460218665,1,9,0,16,0,0,1,0,7,0,3,1,5,2,18,4,1388,1,15,9,3,9
2017460218665,2,9,0,17,0,0,0,0,0,0,3,1,5,1,25,5,1360,1,15,8,3,8
2017460218673,1,1,0,18,0,0,1,0,0,0,0,1,5,1,14,3,-1,-1,-1,2,1,2
2017460218678,1,97,0,11,0,0,0,0,0,0,0,1,5,2,62,9,-1,-1,-1,5,1,5
2017460218700,1,2,0,18,0,0,0,11,0,0,1,1,5,1,16,4,49,1,8,2,1,2
2017460218700,2,9,0,3,0,0,0,0,0,0,2,1,5,2,62,9,1910,2,16,8,1,8
2017460218843,1,5,0,18,0,0,1,11,0,0,0,1,6,1,28,6,1000,1,12,2,2,2
2017460218868,1,9,0,4,0,0,0,0,0,0,1,1,6,1,28,6,-1,-1,-1,1,1,1
2017460218868,2,5,0,4,0,0,0,0,0,0,2,1,6,1,54,8,996,1,11,6,1,6
2017460218868,3,9,0,4,0,0,0,0,0,0,2,1,6,2,55,8,1389,1,15,3,1,3
2017460218908,1,9,0,1,0,0,0,-1,0,0,2,1,6,3,-1,-1,1598,1,20,-1,-1,-1
2017460218941,1,9,0,17,0,0,0,0,1,4,1,1,2,1,42,7,1240,1,14,7,3,7
2017460218943,1,9,0,18,0,4,0,0,0,0,1,1,6,2,21,5,999,1,2,2,1,2
2017460218943,2,2,0,9,0,8,0,0,0,0,2,1,6,1,16,4,49,1,4,9,2,9
2017460218956,1,1,0,18,0,0,0,0,0,0,1,1,5,1,-1,-1,-1,-1,-1,-1,-1,-1
2017460218968,1,9,0,18,0,0,0,0,0,0,3,1,1,1,37,7,-1,-1,-1,-1,-1,-1
2017460218968,2,19,0,9,0,0,0,0,0,0,1,1,1,1,39,7,2143,2,2,-1,-1,-1
2017460219006,1,3,0,1,0,7,0,0,0,0,1,1,6,1,52,8,499,1,21,2,1,2
2017460219024,1,9,0,18,0,1,0,0,0,0,1,1,6,1,22,5,1896,2,13,2,1,2
2017460219024,2,9,0,9,0,1,0,0,0,0,2,1,1,2,44,7,1597,2,2,9,3,9
2017460219068,1,19,3,9,0,0,0,0,0,0,4,1,6,1,68,10,2148,2,10,4,1,4
2017460219068,2,21,0,18,0,0,0,0,0,0,3,1,6,1,59,9,9200,2,7,7,2,7
2017460219068,3,9,0,18,0,0,0,0,1,0,1,1,6,1,57,9,1753,2,9,7,3,7
2017460219068,4,21,0,18,0,0,0,0,0,0,2,1,6,1,41,7,4462,2,4,1,1,1
2017460219068,5,9,0,18,0,0,0,0,0,0,2,1,6,1,53,8,1595,1,5,3,1,3
2017460219070,1,9,0,18,0,0,1,0,0,0,1,1,5,1,21,5,1399,1,12,8,3,8
2017460219070,2,9,0,18,0,0,0,0,0,0,1,1,5,2,18,4,1364,1,9,4,3,4
2017460219070,3,9,0,18,0,0,0,0,0,0,2,1,5,1,62,9,1796,1,10,7,1,7
2017460219082,1,9,0,5,0,4,0,0,0,0,1,1,2,1,58,9,2967,1,14,-1,-1,-1
2017460219082,2,3,0,3,0,4,0,0,0,0,2,1,2,1,52,8,1255,1,9,-1,-1,-1
2017460219098,1,9,0,10,0,1,0,0,0,0,1,1,6,2,26,6,2500,2,14,4,1,4
2017460219098,2,9,0,10,0,1,0,0,0,0,2,1,2,2,45,7,1995,2,8,9,3,9
2017460219105,1,11,0,4,0,7,0,0,0,0,1,1,1,1,29,6,6696,2,2,2,1,2
2017460219105,2,9,0,3,0,7,0,0,0,0,2,1,1,1,49,8,2204,2,7,-1,-1,-1
2017460219113,1,9,0,18,0,0,0,0,0,0,1,1,6,2,38,7,1398,1,12,5,1,5
2017460219113,2,19,0,2,0,0,0,0,0,0,2,1,6,1,-1,-1,2198,2,1,6,1,6
2017460219119,1,9,0,16,0,0,0,0,0,0,1,1,6,1,22,5,1248,2,10,4,1,4
2017460219119,2,9,0,16,0,0,0,0,0,0,1,1,6,2,22,5,1984,1,16,7,3,7
2017460219136,1,9,0,18,0,0,5,7,0,0,1,1,6,1,33,6,2495,2,14,5,1,5
2017460219163,1,9,0,18,0,0,0,0,0,0,4,1,6,1,33,6,1997,2,10,-1,-1,-1
2017460219163,2,9,0,18,0,0,0,0,0,0,3,1,6,1,32,6,1998,1,9,6,2,6
2017460219226,1,9,0,3,0,1,0,0,0,0,2,1,6,1,60,9,-1,-1,-1,4,1,4
2017460219226,2,1,0,3,0,1,0,0,0,0,1,1,6,1,45,7,-1,-1,-1,2,1,2
2017460219269,1,9,0,17,0,1,1,0,8,0,2,1,2,1,31,6,1988,1,14,-1,-1,-1
2017460219338,1,9,0,16,0,0,1,0,1,10,1,1,6,2,21,5,1968,2,13,2,1,2
2017460219344,1,9,0,18,0,0,5,0,0,0,1,1,2,1,32,6,1124,1,14,5,1,5
2017460219344,2,9,0,2,0,0,0,0,0,0,3,1,1,2,24,5,1598,1,13,4,1,4
2017460219361,1,9,0,16,0,8,0,0,0,0,4,1,6,2,28,6,-1,-1,-1,4,1,4
2017460219361,2,9,0,17,0,8,0,0,0,0,1,1,1,1,59,9,-1,-1,-1,9,2,9
2017460219378,1,9,0,9,0,1,0,0,0,0,1,1,6,2,50,8,1962,1,25,8,1,8
2017460219378,2,9,0,5,0,1,0,0,0,0,3,1,6,2,46,8,2401,2,10,8,1,8
2017460219404,1,9,0,18,0,0,0,0,0,0,1,1,6,1,38,7,2720,2,12,7,1,7
2017460219404,2,9,0,5,0,0,0,0,0,0,1,1,6,1,21,5,2720,2,12,10,1,10
2017460219449,1,19,0,18,0,0,0,0,0,0,1,1,1,1,28,6,2143,2,4,8,1,8
2017460219449,2,9,0,18,0,0,0,0,0,0,1,1,5,2,20,4,1753,2,10,8,3,8
2017460219466,1,9,0,18,0,0,1,11,4,6,3,1,6,1,50,8,1798,1,7,4,3,4
2017460219483,1,9,0,16,0,1,0,11,7,0,1,1,6,1,35,6,1796,1,12,-1,-1,-1
2017460219483,2,9,0,17,0,1,0,0,0,0,3,1,1,1,48,8,1598,2,-1,-1,-1,-1
2017460219495,1,9,0,7,0,0,0,0,0,0,1,1,1,1,35,6,1997,2,3,2,1,2
2017460219495,2,9,0,7,0,0,0,0,0,0,2,1,6,2,35,6,1198,1,11,8,3,8
2017460219527,1,9,0,18,0,1,0,0,0,0,1,1,6,1,73,10,1586,1,12,5,1,5
2017460219527,2,9,0,18,0,1,0,0,0,0,2,1,6,2,40,7,2987,2,-1,10,1,10
2017460219573,1,9,0,9,0,8,0,0,0,0,1,1,3,2,32,6,1992,2,10,3,1,3
2017460219573,2,9,0,18,0,1,0,0,0,0,1,1,1,1,23,5,1399,2,5,2,1,2
2017460219577,1,5,0,17,0,0,0,0,1,0,1,1,6,1,59,9,1215,1,3,4,1,4
2017460219620,1,9,0,18,0,0,0,0,0,0,1,1,5,1,23,5,-1,-1,-1,9,1,9
2017460219620,2,9,0,18,0,0,0,0,0,0,1,1,5,2,24,5,1197,1,2,10,1,10
2017460219631,1,3,0,18,0,0,1,0,4,0,1,1,5,1,29,6,1255,1,9,10,1,10
2017460219648,1,9,0,5,0,6,0,0,0,0,1,1,5,2,45,7,1390,1,5,10,1,10
2017460219648,2,9,0,18,0,1,0,0,1,0,4,1,5,2,49,8,1968,2,2,10,1,10
2017460219674,1,9,0,3,0,1,0,0,0,0,1,1,6,2,36,7,999,1,-1,-1,-1,-1
2017460219674,2,9,0,3,0,1,0,0,0,0,1,1,6,1,48,8,2720,2,13,5,3,5
2017460219790,1,9,0,18,0,0,0,0,0,0,1,1,5,2,21,5,1364,1,12,1,1,1
2017460219795,1,3,0,5,0,0,0,0,0,0,3,1,5,1,18,4,124,1,3,5,1,5
2017460219795,2,9,0,2,0,0,0,4,0,0,4,1,5,1,25,5,1995,2,11,3,1,3
2017460219813,1,9,0,18,0,1,0,0,1,0,3,1,6,1,44,7,2497,1,10,8,1,8
2017460219829,1,9,0,6,0,1,0,0,0,0,3,1,5,2,31,6,1798,8,3,6,1,6
2017460219829,2,9,0,18,0,1,0,0,0,0,4,1,5,2,26,6,1388,1,11,8,2,8
2017460219835,1,1,0,18,0,0,0,0,0,0,1,1,6,1,37,7,-1,-1,-1,-1,-1,-1
2017460219835,2,9,0,18,0,0,0,0,0,0,4,1,6,1,63,9,1598,1,4,2,1,2
2017460219856,1,9,0,4,0,7,0,0,0,0,1,1,6,1,46,8,2435,7,20,-1,-1,-1
2017460219856,2,9,0,3,0,7,0,0,0,0,2,1,6,1,44,7,1781,1,13,-1,-1,-1
2017460219863,1,9,0,18,0,0,0,0,0,0,4,1,6,1,37,7,1598,2,2,6,1,6
2017460219867,1,9,0,18,0,0,1,0,1,9,1,1,1,2,22,5,998,1,7,9,3,9
2017460219869,1,2,0,16,0,1,0,0,0,0,1,1,5,1,16,4,50,1,-1,1,1,1
2017460219869,2,-1,-1,17,-1,1,0,0,0,0,4,1,5,3,-1,-1,-1,-1,-1,-1,-1,-1
2017460219884,1,9,0,18,0,6,0,0,0,0,1,1,6,2,20,4,1796,1,13,1,1,1
2017460219884,2,9,0,18,0,8,0,0,0,0,1,1,6,2,20,4,1686,2,10,8,1,8
2017460219887,1,9,0,4,0,0,1,0,0,0,1,1,5,1,37,7,1784,1,12,3,1,3
2017460219887,2,9,0,3,0,0,0,0,0,0,2,1,5,1,24,5,1595,1,8,7,1,7
2017460219887,3,19,0,3,0,0,0,0,0,0,2,1,1,2,57,9,1753,2,4,3,1,3
2017460219887,4,9,0,3,0,0,0,0,0,0,2,1,5,3,-1,-1,-1,-1,-1,-1,-1,-1
2017460219914,1,19,0,18,0,0,0,0,0,0,1,1,6,1,22,5,1560,2,3,2,1,2