Accident_Index,Vehicle_Reference,Vehicle_Type,Towing_and_Articulation,Vehicle_Manoeuvre,Vehicle_Location-Restricted_Lane,Junction_Location,Skidding_and_Overturning,Hit_Object_in_Carriageway,Vehicle_Leaving_Carriageway,Hit_Object_off_Carriageway,1st_Point_of_Impact,Was_Vehicle_Left_Hand_Drive?,Journey_Purpose_of_Driver,Sex_of_Driver,Age_of_Driver,Age_Band_of_Driver,Engine_Capacity_(CC),Propulsion_Code,Age_of_Vehicle,Driver_IMD_Decile,Driver_Home_Area_Type,Vehicle_IMD_Decile
2017460219914,2,9,0,10,0,0,0,0,0,0,2,1,6,2,36,7,1997,2,2,10,1,10
2017460219931,1,9,0,18,0,1,0,0,0,0,1,1,1,1,26,6,1242,1,15,8,3,8
2017460219931,2,9,0,18,0,1,0,0,0,0,2,1,5,1,60,9,1396,2,3,2,1,2
2017460219935,1,9,0,18,0,0,0,0,0,0,1,1,6,1,-1,-1,2993,2,13,4,1,4
2017460219935,2,9,0,2,0,0,0,0,0,0,2,1,5,1,50,8,1461,2,9,2,1,2
2017460219941,1,19,0,4,0,0,0,0,0,0,1,1,2,1,35,6,1870,2,11,7,1,7
2017460219941,2,9,0,3,0,0,0,0,0,0,3,1,6,1,-1,-1,1461,2,3,-1,-1,-1
2017460219967,1,9,0,5,0,6,0,0,0,0,0,1,1,1,49,8,2993,2,2,7,1,7
2017460219967,2,19,0,4,0,1,1,0,0,0,1,1,5,1,37,7,2143,2,5,5,3,5
2017460219967,3,9,0,3,0,1,0,0,0,0,2,1,1,2,42,7,1560,2,4,6,1,6
2017460219967,4,9,0,3,0,1,0,0,0,0,2,1,5,1,38,7,1198,1,1,9,2,9
2017460219968,1,3,0,13,0,0,0,4,0,0,1,1,5,1,19,4,125,1,2,7,1,7
2017460219968,2,9,0,2,0,0,0,0,0,0,0,1,5,3,-1,-1,1328,1,13,-1,-1,-1
2017460219978,1,9,0,18,0,5,0,0,0,0,0,1,6,3,-1,-1,-1,-1,-1,-1,-1,-1
2017460219978,2,9,0,18,0,1,1,10,0,0,1,1,2,1,57,9,1997,2,13,-1,-1,-1
2017460219984,1,9,0,4,0,1,0,0,0,0,1,1,2,1,32,6,-1,-1,-1,5,2,5
2017460219999,1,9,0,18,0,0,0,0,0,0,1,1,2,2,25,5,1242,1,1,2,1,2
2017460220008,1,9,0,18,0,0,0,0,0,0,1,1,5,1,32,6,1896,2,14,1,1,1
2017460220031,1,9,0,4,0,1,0,0,0,0,1,1,6,3,-1,-1,1388,1,13,-1,-1,-1
2017460220031,2,9,0,9,0,6,0,0,0,0,1,1,6,1,33,6,1896,2,11,3,1,3
2017460220062,1,9,0,18,0,1,0,0,0,0,1,1,6,1,20,4,1242,1,8,8,1,8
2017460220062,2,9,0,18,0,1,0,0,0,0,3,1,6,1,32,6,2148,2,14,8,3,8
2017460220105,1,9,0,18,0,0,0,0,0,0,1,1,6,2,19,4,599,1,13,-1,-1,-1
2017460220105,2,9,0,2,0,0,0,0,0,0,2,1,6,2,34,6,1560,2,6,9,1,9
2017460220110,1,9,0,5,0,1,0,0,0,0,1,1,6,2,55,8,1998,2,6,4,1,4
2017460220110,2,9,0,7,0,1,0,0,0,0,3,1,6,1,35,6,2494,1,16,8,1,8
2017460220117,1,9,0,18,0,0,0,4,0,0,1,1,6,1,48,8,4197,1,10,10,1,10
2017460220117,2,9,0,2,0,0,0,4,0,0,1,1,6,2,29,6,1598,2,5,4,3,4
2017460220117,3,9,0,2,0,0,0,4,0,0,2,1,6,3,50,8,1399,2,10,4,3,4
2017460220125,1,9,0,18,0,0,1,0,1,0,4,1,6,2,19,4,1229,1,5,4,3,4
2017460220127,1,19,0,10,0,1,0,0,0,0,2,1,6,3,20,4,1968,2,4,-1,-1,-1
2017460220127,2,3,0,18,0,1,1,0,0,0,4,1,6,1,23,5,125,1,5,1,1,1
2017460220130,1,9,0,18,0,0,0,0,0,0,1,1,6,1,48,8,1596,1,9,9,1,9
2017460220141,1,9,0,18,0,0,0,0,0,0,1,1,6,2,54,8,999,1,9,2,1,2
2017460220141,2,1,0,18,0,0,0,0,0,0,2,1,6,1,11,3,-1,-1,-1,4,1,4
2017460220219,1,9,0,8,0,0,0,0,0,0,1,1,6,1,17,4,1596,1,7,5,1,5
2017460220219,2,9,0,18,0,0,0,0,0,0,1,1,2,1,51,8,1968,2,1,7,1,7
2017460220219,3,9,0,18,0,0,0,0,0,0,2,1,2,2,40,7,1598,1,6,5,1,5
2017460220239,1,9,0,18,0,0,2,0,2,0,4,1,5,1,30,6,1124,1,15,4,2,4
2017460220252,1,9,0,16,9,8,0,10,7,2,0,1,5,1,35,6,1798,8,5,4,1,4
2017460220270,1,9,0,18,0,2,0,0,0,0,1,1,6,1,-1,-1,1796,1,11,-1,-1,-1
2017460220270,2,9,0,2,0,2,0,0,0,0,2,1,6,2,63,9,1560,2,8,5,1,5
2017460220272,1,9,0,18,0,0,5,0,1,4,1,1,2,1,23,5,1598,2,7,5,1,5
2017460220272,2,9,0,5,0,0,0,0,0,0,2,1,1,1,62,9,1598,2,-1,7,3,7
2017460220280,1,9,0,18,0,0,0,0,0,0,1,1,2,1,25,5,2204,2,11,5,3,5
2017460220280,2,9,0,18,0,0,0,0,0,0,2,1,2,2,43,7,1799,1,10,5,1,5
2017460220280,3,9,0,18,0,0,0,0,0,0,2,1,2,1,56,9,1599,1,12,5,1,5
2017460220327,1,9,0,18,0,0,0,0,1,0,4,1,6,1,83,11,1598,1,15,9,1,9
2017460220375,1,9,0,4,0,0,0,0,0,0,1,1,5,1,-1,-1,2967,2,2,6,2,6
2017460220375,2,9,0,4,0,0,0,0,0,0,2,1,5,2,29,6,1998,1,13,6,2,6
2017460220375,3,9,0,4,0,0,0,0,0,0,2,1,5,1,79,11,1248,1,8,9,1,9
2017460220381,1,9,0,5,0,3,0,0,0,0,1,1,5,1,22,5,-1,-1,-1,5,3,5
2017460220381,2,9,0,4,0,3,0,0,0,0,2,1,1,2,17,4,1422,2,8,5,3,5
2017460220417,1,9,0,18,0,0,0,0,0,0,1,1,2,1,67,10,1995,2,8,-1,3,-1
2017460220417,2,9,0,18,0,0,0,0,0,0,2,1,2,2,28,6,1198,1,1,6,3,6
2017460220432,1,9,0,5,0,0,0,0,0,0,2,1,5,2,76,11,1398,1,-1,4,3,4
2017460220432,2,9,0,5,0,0,0,0,0,0,1,1,2,2,28,6,1242,1,9,7,2,7
2017460220444,1,9,0,4,0,0,0,0,0,0,1,1,6,1,26,6,2993,2,9,4,1,4
2017460220444,2,9,0,4,0,0,0,0,0,0,2,1,6,1,40,7,-1,-1,-1,10,2,10
2017460220468,1,19,0,18,0,0,1,0,0,0,1,1,1,1,40,7,1998,2,13,2,1,2
2017460220528,1,9,0,18,0,0,0,0,7,0,1,1,5,2,17,4,1598,1,14,9,1,9
2017460220604,1,9,0,3,0,0,0,0,0,0,1,1,6,1,19,4,1895,1,17,5,3,5
2017460220604,2,9,0,3,0,0,0,0,0,0,3,1,6,1,33,6,1986,2,10,4,2,4
2017460220661,1,9,0,17,0,1,0,0,0,0,1,1,6,1,-1,-1,998,1,-1,-1,-1,-1
2017460220661,2,9,0,18,0,1,0,0,0,0,0,1,1,1,-1,-1,1598,2,1,6,1,6
2017460220669,1,9,0,18,0,0,0,0,0,0,3,1,6,3,-1,-1,-1,-1,-1,-1,-1,-1
2017460220669,2,11,0,18,0,0,0,0,0,0,3,1,1,1,54,8,5132,2,2,3,1,3
2017460220681,1,9,0,4,0,0,0,0,1,0,1,1,6,1,31,6,998,1,5,3,1,3
2017460220681,2,9,0,4,0,0,0,0,1,0,2,1,6,1,50,8,2500,2,13,9,1,9
2017460220692,1,9,0,18,0,0,0,0,0,0,4,1,6,1,36,7,1360,1,11,4,1,4
2017460220697,1,98,4,18,0,4,0,0,0,0,0,1,1,1,-1,-1,-1,-1,-1,-1,-1,-1
2017460220697,2,4,0,18,0,4,5,0,0,0,0,1,1,1,33,6,498,1,14,1,1,1
2017460220722,1,9,0,11,0,0,0,0,0,0,1,1,6,1,70,10,2494,8,-1,6,1,6
2017460220722,2,9,0,18,0,0,0,0,0,0,2,1,6,1,42,7,1398,1,1,10,1,10
2017460220733,1,9,0,18,0,0,0,0,4,0,1,1,5,1,19,4,1198,1,5,9,1,9
2017460220770,1,9,0,17,0,0,0,0,7,11,1,1,2,1,32,6,1399,2,12,6,1,6
2017460220771,1,9,0,18,0,0,5,0,0,0,1,1,6,1,25,5,1242,1,17,6,2,6
2017460220774,1,9,0,4,0,0,0,0,0,0,3,1,2,1,54,8,1896,2,9,9,1,9
2017460220774,2,9,0,4,0,0,0,0,0,0,3,1,1,1,49,8,1997,2,5,7,1,7
2017460220785,1,9,0,4,0,4,0,0,0,0,2,1,6,2,47,8,-1,-1,-1,3,1,3
2017460220785,2,9,0,18,0,3,0,0,0,0,1,1,6,1,79,11,1598,1,4,5,2,5
2017460220785,3,9,0,18,0,3,0,0,0,0,1,1,6,2,39,7,998,1,4,2,1,2
2017460220830,1,9,0,4,-1,0,0,0,0,0,0,1,5,2,28,6,1199,1,16,1,1,1
2017460220830,2,5,0,4,0,0,1,0,0,0,0,1,5,1,41,7,599,1,18,4,1,4
2017460220838,1,9,0,18,0,6,0,0,0,0,1,1,6,2,37,7,1598,1,11,-1,-1,-1
2017460220869,1,90,0,18,0,1,0,0,0,0,1,1,1,1,23,5,2686,2,11,-1,-1,-1
2017460220869,2,9,-1,9,0,8,0,0,0,0,3,1,6,2,33,6,1968,2,8,-1,-1,-1
2017460220879,1,9,0,18,0,0,0,0,0,0,4,1,6,1,31,6,5998,1,13,8,1,8
2017460220917,1,9,0,18,0,0,0,0,0,0,1,1,5,1,64,9,999,1,1,4,1,4
2017460220917,2,9,0,4,0,0,0,0,0,0,2,1,5,2,58,9,1329,1,7,5,1,5
2017460221001,1,1,0,18,0,0,0,0,0,0,1,1,6,2,37,7,-1,-1,-1,9,1,9
2017460221047,1,9,0,4,0,1,0,0,0,0,1,1,1,1,37,7,3200,2,13,8,3,8
2017460221047,2,9,0,3,0,1,0,0,0,0,2,1,5,1,66,10,1582,2,3,9,2,9
2017460221075,1,9,0,18,0,4,0,0,0,0,1,1,1,2,22,5,1596,1,3,1,1,1
2017460221075,2,9,0,18,0,4,0,0,0,0,1,1,6,2,35,6,1596,1,2,7,3,7
2017460221094,1,90,0,3,0,0,0,0,0,0,1,1,6,1,62,9,-1,-1,-1,4,2,4
2017460221094,2,9,0,3,0,0,0,0,0,0,2,1,6,1,27,6,1598,1,15,8,1,8
2017460221129,1,9,0,13,0,0,0,0,0,0,1,1,6,1,24,5,1796,1,7,7,2,7
2017460221129,2,21,0,18,0,0,0,0,0,0,1,1,1,1,37,7,10837,2,4,6,1,6
2017460221129,3,9,0,18,0,0,0,0,0,0,0,1,1,1,38,7,1598,2,-1,-1,-1,-1
2017460221175,1,9,0,9,0,0,0,0,0,0,1,1,6,1,19,4,1390,1,12,-1,-1,-1
2017460221175,2,9,0,18,0,0,0,0,0,0,4,1,6,1,57,9,1598,2,3,6,3,6
2017460221204,1,9,0,18,0,0,0,0,0,0,4,1,6,3,37,7,-1,-1,-1,-1,-1,-1
2017460221225,1,9,0,18,0,1,1,0,0,0,1,1,6,2,18,4,998,1,7,9,1,9
2017460221225,2,9,0,3,0,1,0,0,0,0,2,1,6,1,39,7,1560,2,3,-1,-1,-1
2017460221254,1,9,0,9,0,1,0,0,0,0,1,1,6,2,73,10,1242,1,3,9,2,9
2017460221254,2,9,0,18,0,1,0,0,0,0,2,1,6,1,34,6,599,1,14,7,3,7
2017460221254,3,9,0,8,0,1,0,0,0,0,2,1,6,2,83,11,1349,1,18,9,2,9
2017460221282,1,98,1,17,0,0,0,0,0,0,1,1,1,1,29,6,-1,-1,-1,-1,-1,-1
2017460221282,2,9,0,16,0,0,0,0,0,0,1,1,1,1,28,6,1998,1,12,4,1,4
2017460221285,1,9,0,18,0,0,0,0,0,0,1,1,6,1,29,6,1596,1,15,2,1,2
2017460221285,2,9,0,18,0,0,0,0,0,0,1,1,6,1,68,10,1598,2,1,10,1,10
2017460221299,1,9,0,18,0,0,0,0,0,0,1,1,6,1,39,7,1560,2,9,4,1,4
2017460221299,2,9,0,2,0,0,0,0,0,0,2,1,6,2,52,8,1329,1,2,1,1,1
2017460221299,3,9,0,2,0,0,0,0,0,0,2,1,6,2,25,5,1984,1,9,5,1,5
2017460221340,1,9,0,18,0,0,0,0,4,6,1,1,6,2,18,4,998,1,10,8,2,8
2017460221352,1,9,0,5,0,1,0,0,0,0,4,1,2,1,24,5,1995,2,3,8,2,8
2017460221352,2,1,0,3,0,1,0,0,0,0,3,1,6,1,11,3,-1,-1,-1,8,2,8
2017460221370,1,9,0,16,0,0,0,0,0,0,1,1,6,1,31,6,-1,-1,-1,-1,-1,-1
2017460221370,2,9,0,17,0,0,0,0,0,0,1,1,1,1,24,5,3996,1,17,5,1,5
2017460221400,1,9,0,18,0,0,1,0,0,0,1,1,5,1,33,6,-1,-1,-1,3,1,3
2017460221400,2,9,0,2,0,0,0,0,0,0,2,1,6,3,-1,-1,-1,-1,-1,-1,-1,-1
2017460221404,1,9,0,9,0,8,0,0,0,0,1,1,6,3,-1,-1,1396,1,13,8,1,8
2017460221404,2,1,0,9,0,8,0,0,0,0,2,1,6,1,49,8,-1,-1,-1,8,2,8
2017460221448,1,9,0,18,0,8,0,0,0,0,1,1,2,1,45,7,973,1,17,6,1,6
2017460221448,2,9,0,9,0,8,0,0,0,0,3,1,6,2,28,6,973,1,15,7,1,7
2017460221476,1,9,0,3,0,0,0,0,0,0,3,1,6,2,49,8,1560,2,7,10,1,10
2017460221476,2,2,0,3,0,0,0,0,0,0,1,1,6,1,44,7,48,1,5,6,1,6
2017460221480,1,9,0,18,0,1,0,0,0,0,1,1,6,1,70,10,2295,1,19,-1,-1,-1
2017460221480,2,9,0,10,0,1,0,0,0,0,2,1,6,2,21,5,1396,1,4,-1,-1,-1
2017460221507,1,9,0,18,0,0,0,4,0,0,1,1,2,1,18,4,1299,1,15,2,1,2
2017460221507,2,19,0,2,0,0,0,0,0,0,1,1,5,1,59,9,12777,2,1,9,2,9
2017460221531,1,9,0,12,0,6,0,0,0,0,3,1,6,1,29,6,-1,-1,-1,1,1,1
2017460221531,2,9,0,4,0,1,0,0,0,0,1,1,6,1,27,6,1998,1,10,1,1,1
2017460221536,1,9,0,4,0,4,0,0,0,0,1,1,6,1,44,7,1910,2,9,4,1,4
2017460221536,2,4,0,3,0,4,0,0,0,0,2,1,6,1,50,8,278,1,1,10,1,10
2017460221714,1,9,0,18,-1,0,0,0,7,0,4,1,4,2,20,4,1360,1,9,6,1,6
2017460221731,1,11,0,11,0,1,0,0,0,0,3,1,1,1,61,9,-1,-1,-1,8,1,8
2017460221731,2,9,0,18,0,1,0,0,0,0,1,1,6,1,37,7,2099,2,10,4,1,4
2017460221751,1,9,0,18,0,0,0,0,0,0,1,1,6,1,36,7,-1,-1,-1,6,1,6
2017460221751,2,9,0,4,0,0,0,0,0,0,2,1,6,1,33,6,1560,2,4,7,1,7
2017460221751,3,9,0,3,0,0,0,0,0,0,2,1,6,1,40,7,1968,2,10,4,1,4
2017460221765,1,9,0,18,0,0,0,0,0,0,1,1,5,1,80,11,-1,-1,-1,-1,-1,-1
2017460221798,1,21,0,9,0,0,0,0,0,0,3,1,6,1,41,7,4500,2,-1,5,1,5
2017460221798,2,5,0,18,0,0,1,0,0,0,1,1,6,1,38,7,599,1,12,5,1,5
2017460221803,1,19,0,13,0,0,0,0,0,0,4,1,6,1,29,6,1870,2,13,7,1,7
2017460221803,2,23,0,18,0,0,0,0,0,0,3,1,6,1,52,8,-1,-1,-1,6,1,6
2017460221826,1,9,0,4,0,0,0,0,0,0,1,1,5,1,57,9,1598,1,11,1,1,1
2017460221878,1,9,0,18,0,6,0,0,0,0,3,1,6,1,62,9,1968,2,7,6,1,6
2017460221886,1,9,0,18,0,0,1,0,0,0,4,1,1,1,52,8,1956,2,5,10,1,10
2017460221886,2,19,0,2,0,0,0,0,0,0,3,1,6,1,32,6,2198,2,2,8,1,8
2017460221890,1,9,0,4,0,0,0,0,0,0,2,1,6,2,42,7,2401,2,13,5,1,5
2017460221890,2,9,0,4,0,0,1,0,0,0,1,1,2,1,-1,-1,-1,-1,-1,-1,-1,-1
2017460221909,1,9,0,9,0,8,0,0,0,0,1,1,6,2,55,8,1398,1,1,3,1,3
2017460221909,2,9,0,18,0,1,0,0,0,0,4,1,6,3,-1,-1,-1,-1,-1,-1,-1,-1
2017460221910,1,9,0,18,0,6,0,0,0,0,0,1,6,2,34,6,1995,2,5,10,2,10
2017460221910,2,3,0,18,0,6,0,0,0,0,0,1,6,1,33,6,125,1,9,10,1,10
2017460221927,1,9,0,18,0,1,0,0,0,0,1,1,6,1,44,7,1398,2,13,1,1,1
2017460221927,2,9,0,18,0,1,0,0,0,0,2,1,6,1,26,6,1248,2,10,2,1,2
2017460221952,1,9,0,7,0,1,0,0,0,0,1,1,6,2,45,7,1397,1,9,-1,-1,-1
2017460221952,2,1,0,9,0,1,0,0,0,0,1,1,6,2,30,6,-1,-1,-1,-1,-1,-1
2017460221966,1,9,0,18,0,0,0,0,7,0,3,1,1,1,46,8,1499,2,1,6,1,6
2017460221966,2,17,0,18,0,0,0,0,0,0,3,1,1,1,64,9,-1,2,7,7,3,7
2017460221968,1,5,0,18,0,0,0,0,0,0,2,1,6,1,33,6,998,1,10,5,3,5
2017460221968,2,5,0,18,0,0,0,0,0,0,1,1,6,1,36,7,1000,1,16,6,2,6
2017460221974,1,9,0,18,0,0,0,0,0,0,2,1,6,2,48,8,1870,2,13,5,3,5
2017460221974,2,9,0,18,0,0,0,0,0,0,1,1,2,2,56,9,1796,1,10,9,1,9
2017460221974,3,9,0,18,0,0,0,0,0,0,1,1,2,1,33,6,-1,-1,-1,9,2,9
2017460221978,1,9,0,4,0,2,0,0,0,0,1,1,6,3,-1,-1,1242,1,15,3,1,3
2017460221978,2,9,0,2,0,2,0,0,0,0,2,1,6,2,-1,-1,1753,2,10,3,1,3
2017460221980,1,1,0,18,0,0,0,0,0,0,1,1,6,1,23,5,-1,-1,-1,6,1,6
2017460221983,1,9,0,2,0,2,0,0,0,0,1,1,6,1,73,10,2198,1,11,3,1,3
2017460221990,1,9,0,18,0,0,0,0,0,0,1,1,6,2,26,6,1388,1,6,3,1,3
2017460221990,2,9,0,2,0,0,0,0,0,0,2,1,6,2,61,9,1999,1,9,3,1,3
2017460221990,3,9,0,2,0,0,0,0,0,0,2,1,6,1,47,8,-1,-1,-1,3,1,3
2017460222002,1,9,0,18,0,0,0,0,0,0,1,1,5,3,-1,-1,-1,-1,-1,-1,-1,-1
2017460222002,2,9,0,18,0,0,0,0,0,0,2,1,5,1,51,8,1598,2,-1,2,1,2
2017460222003,1,9,0,18,0,3,0,0,0,0,1,1,6,1,43,7,1796,1,9,-1,-1,-1
2017460222003,2,9,0,18,0,4,0,0,0,0,1,1,2,2,32,6,1299,1,14,2,1,2
2017460222009,1,1,0,5,9,2,0,0,0,0,1,1,6,1,10,2,-1,-1,-1,-1,-1,-1
2017460222009,2,9,0,18,0,2,0,0,0,0,1,1,1,2,59,9,1396,2,6,-1,-1,-1
2017460222015,1,9,0,18,0,0,0,0,0,0,1,1,6,1,19,4,1998,1,25,4,1,4
2017460222015,2,9,0,18,0,0,0,0,0,0,1,1,6,1,24,5,1242,1,13,3,1,3
2017460222034,1,9,0,18,0,1,0,0,0,0,1,1,6,1,33,6,1598,1,13,3,1,3
2017460222034,2,9,0,3,0,1,0,0,0,0,2,1,5,2,57,9,1422,2,9,7,1,7
2017460222039,1,9,0,18,0,0,0,0,0,0,1,1,6,1,37,7,1998,1,19,-1,-1,-1
2017460222039,2,9,0,18,0,0,0,0,0,0,3,1,6,2,30,6,1686,2,4,7,2,7
2017460222059,1,9,0,13,0,0,0,0,0,0,1,1,5,1,68,10,2720,2,8,2,1,2
2017460222059,2,17,0,9,0,0,5,0,0,0,2,1,1,1,33,6,1532,2,-1,10,1,10
2017460222090,1,9,0,3,0,0,0,0,0,0,1,1,6,2,64,9,1242,1,-1,9,3,9
2017460222090,2,9,0,3,0,0,0,0,0,0,2,1,6,1,64,9,1560,2,2,3,1,3
2017460222092,1,9,0,4,0,3,0,0,0,0,1,1,6,2,33,6,1968,2,-1,4,1,4
2017460222092,2,9,0,4,0,3,0,0,0,0,2,1,6,1,49,8,2993,2,12,-1,-1,-1
2017460222092,3,9,0,3,0,1,0,0,0,0,2,1,6,1,70,10,1999,1,15,5,1,5
2017460222092,4,9,0,3,0,1,0,0,0,0,1,1,6,1,27,6,998,1,2,3,1,3
2017460222143,1,9,0,13,0,1,0,0,0,0,1,1,6,1,37,7,-1,-1,-1,-1,-1,-1
2017460222143,2,5,0,4,0,1,2,0,1,0,2,1,2,1,20,4,599,1,23,4,1,4
2017460222173,1,21,0,3,0,0,0,0,0,0,3,1,1,1,37,7,10837,2,1,-1,-1,-1
2017460222173,2,1,0,18,0,0,0,0,0,0,4,1,6,1,24,5,-1,-1,-1,8,2,8
2017460222181,1,9,0,18,0,0,1,0,0,0,1,1,1,1,38,7,-1,-1,-1,2,1,2
2017460222181,2,9,0,4,0,0,0,0,0,0,2,1,5,2,43,7,1598,1,5,9,1,9
2017460222181,3,9,0,4,0,0,0,10,0,0,2,1,5,2,35,6,1560,2,3,4,1,4
2017460222181,4,9,0,4,0,0,0,0,0,0,2,1,5,1,22,5,1390,1,3,10,1,10
2017460222201,1,9,0,12,0,0,1,0,0,0,3,1,6,1,17,4,1199,1,14,-1,-1,-1
2017460222201,2,19,0,13,0,0,0,0,0,0,4,1,6,1,23,5,2287,2,1,-1,-1,-1
2017460222201,3,9,0,18,0,0,1,0,0,0,2,1,6,2,25,5,1998,1,3,10,3,10
2017460222212,1,9,0,18,0,1,0,0,0,0,0,1,6,1,55,8,2401,2,10,2,1,2
2017460222212,2,9,0,18,0,1,0,0,0,0,0,1,6,1,34,6,2495,2,19,6,3,6
2017460222212,3,3,0,18,0,1,1,0,0,0,0,1,6,2,18,4,125,1,-1,4,1,4
2017460222249,1,9,0,17,0,0,0,0,1,4,3,1,6,1,18,4,1390,1,17,2,1,2
2017460222272,1,5,0,13,0,3,0,0,0,0,0,1,6,1,29,6,988,1,15,2,1,2
2017460222290,1,21,1,18,7,0,0,4,1,0,4,1,1,1,42,7,-1,-1,-1,-1,-1,-1
2017460222290,2,19,0,2,6,0,0,0,0,0,3,1,1,1,52,8,-1,-1,-1,6,1,6
2017460222309,1,9,0,18,0,0,0,0,0,0,1,1,6,1,47,8,1598,1,12,-1,-1,-1
2017460222309,2,19,0,3,0,0,0,0,0,0,2,1,5,1,32,6,1560,2,-1,3,1,3
2017460222324,1,9,0,7,0,1,0,0,0,0,3,1,1,1,63,9,1598,2,5,1,1,1
2017460222324,2,19,0,18,0,1,0,0,0,0,1,1,1,1,40,7,-1,-1,-1,1,1,1
2017460222399,1,9,0,5,0,4,0,0,0,0,1,1,1,1,64,9,1587,1,13,8,1,8
2017460222399,2,1,0,17,0,8,0,0,0,0,3,1,6,1,40,7,-1,-1,-1,8,1,8
2017460222416,1,2,0,4,0,0,0,4,0,0,1,1,6,1,16,4,49,1,13,7,1,7
2017460222416,2,9,0,3,0,0,0,0,0,0,1,1,6,1,73,10,1360,1,9,-1,-1,-1
2017460222416,3,9,0,2,0,0,0,0,0,0,2,1,6,3,40,7,1368,1,1,-1,-1,-1
2017460222456,1,9,0,11,0,0,0,0,0,0,1,1,1,1,54,8,-1,-1,-1,8,3,8
2017460222456,2,9,0,18,0,0,0,0,0,0,2,1,1,1,34,6,-1,-1,-1,4,1,4
2017460222495,1,9,0,18,0,1,5,0,1,0,3,1,5,1,19,4,1199,1,13,9,1,9
2017460222576,1,98,1,12,0,0,0,0,0,0,3,2,6,1,37,7,-1,-1,-1,-1,-1,-1
2017460222576,2,9,0,18,0,0,1,0,1,0,4,1,5,1,65,9,1997,2,8,4,1,4
2017460222577,1,9,0,18,0,3,0,0,3,0,1,1,6,3,-1,-1,1968,2,4,-1,-1,-1
2017460222577,2,9,0,18,0,3,0,0,0,0,0,1,1,1,32,6,2993,2,1,-1,-1,-1
2017460222582,1,9,0,18,0,8,0,0,0,0,1,1,6,2,57,9,1995,1,6,10,1,10
2017460222586,1,9,0,9,0,1,0,0,0,0,1,1,6,1,56,9,1686,2,6,1,1,1
2017460222586,2,9,0,5,0,1,0,0,0,0,1,1,6,2,-1,-1,1360,1,13,2,1,2
2017460222590,1,9,0,16,9,0,2,0,7,11,1,1,6,1,30,6,1948,1,21,-1,-1,-1
2017460222637,1,9,0,9,0,1,0,0,0,0,3,1,6,2,44,7,1248,1,2,5,1,5
2017460222637,2,9,0,17,0,1,1,0,7,0,1,1,1,1,37,7,1242,1,10,4,2,4
2017460222650,1,5,0,8,0,0,0,0,0,0,1,1,6,1,58,9,953,1,9,9,2,9
2017460222650,2,9,0,8,0,0,0,0,0,0,1,1,6,2,67,10,1299,1,17,9,3,9
2017460222661,1,98,1,10,0,0,0,0,0,0,3,1,1,1,28,6,-1,-1,-1,-1,-1,-1
2017460222661,2,9,0,18,0,0,1,0,0,0,4,1,6,1,57,9,1598,1,11,-1,-1,-1
2017460222669,1,9,0,18,0,0,2,0,7,0,0,1,6,1,29,6,1149,1,11,9,1,9
2017460222673,1,9,0,18,0,0,1,0,4,0,3,1,6,2,26,6,1995,2,9,5,2,5
2017460222726,1,9,0,4,0,2,0,0,0,0,1,1,2,2,22,5,1149,1,14,1,1,1
2017460222726,2,9,0,4,0,2,0,0,0,0,2,1,3,1,55,8,1988,1,18,1,1,1
2017460222778,1,9,0,18,0,0,2,7,0,0,0,1,2,2,19,4,999,1,13,6,1,6
2017460222852,1,9,0,9,0,2,0,0,0,0,3,1,6,1,49,8,2179,2,4,4,1,4
2017460222852,2,1,0,18,0,1,2,0,0,0,1,1,6,1,45,7,-1,-1,-1,-1,-1,-1
2017460222915,1,5,0,16,0,1,2,11,7,0,0,1,6,1,66,10,999,1,9,5,1,5
2017460222929,1,9,0,3,0,0,0,0,0,0,1,1,6,1,55,8,1796,1,11,5,1,5
2017460222929,2,9,0,3,0,0,0,0,0,0,1,1,6,1,40,7,1995,2,1,7,1,7
2017460222929,3,9,0,3,0,0,0,0,0,0,2,1,6,1,35,6,1968,2,6,2,1,2
2017460222929,4,9,0,3,0,0,0,0,0,0,1,1,6,1,27,6,-1,-1,-1,5,2,5
2017460222942,1,9,4,13,0,0,0,0,0,0,4,1,1,1,24,5,-1,-1,-1,2,1,2
2017460222942,2,1,0,5,0,0,0,0,0,0,3,1,2,1,58,9,-1,-1,-1,5,1,5
2017460222954,1,9,0,3,0,3,0,0,0,0,1,1,6,1,47,8,-1,-1,-1,2,1,2
2017460222954,2,9,0,3,0,3,0,0,0,0,2,1,6,1,39,7,1999,1,13,6,2,6
2017460222954,3,9,0,3,0,3,0,0,0,0,2,1,6,1,35,6,2497,2,11,2,1,2
2017460222968,1,9,0,18,0,0,0,0,1,0,1,1,2,1,44,7,1798,1,10,3,1,3
2017460223054,1,9,0,11,0,0,0,0,0,0,1,1,6,2,77,11,2793,1,19,6,1,6
2017460223054,2,9,0,18,0,0,0,0,0,0,0,1,6,2,56,9,1248,1,1,4,2,4
2017460223054,3,9,0,18,0,0,0,0,0,0,2,1,6,2,58,9,1461,2,3,6,1,6
2017460223055,1,9,0,13,0,0,0,0,0,0,1,1,6,1,28,6,1797,8,6,-1,-1,-1
2017460223055,2,9,0,18,0,0,0,0,0,0,1,1,6,1,38,7,1995,2,3,-1,-1,-1