Accident_Index,Vehicle_Reference,Vehicle_Type,Towing_and_Articulation,Vehicle_Manoeuvre,Vehicle_Location-Restricted_Lane,Junction_Location,Skidding_and_Overturning,Hit_Object_in_Carriageway,Vehicle_Leaving_Carriageway,Hit_Object_off_Carriageway,1st_Point_of_Impact,Was_Vehicle_Left_Hand_Drive?,Journey_Purpose_of_Driver,Sex_of_Driver,Age_of_Driver,Age_Band_of_Driver,Engine_Capacity_(CC),Propulsion_Code,Age_of_Vehicle,Driver_IMD_Decile,Driver_Home_Area_Type,Vehicle_IMD_Decile
2017460223070,1,9,0,5,0,1,0,0,0,0,3,1,1,2,19,4,998,1,11,9,2,9
2017460223070,2,9,0,5,0,1,0,0,0,0,1,1,1,2,55,8,998,1,15,5,1,5
2017460223085,1,9,0,18,0,0,0,0,0,0,1,1,6,2,50,8,1973,1,19,2,3,2
2017460223085,2,9,0,4,0,0,0,0,0,0,2,1,6,2,17,4,1149,1,10,6,1,6
2017460223085,3,9,0,3,0,0,0,0,0,0,2,1,6,1,54,8,2000,2,12,6,1,6
2017460223085,4,9,0,9,0,0,0,0,0,0,2,1,6,2,28,6,1198,1,5,7,1,7
2017460223138,1,22,0,18,0,0,0,0,0,0,4,1,6,1,74,10,-1,-1,-1,6,1,6
2017460223138,2,9,0,18,0,0,0,0,0,0,1,1,6,1,31,6,1299,1,12,10,1,10
2017460223143,1,-1,-1,-1,-1,1,-1,-1,-1,0,-1,1,6,3,-1,-1,-1,-1,-1,-1,-1,-1
2017460223165,1,9,0,4,0,1,0,0,0,0,1,1,6,2,-1,-1,1995,2,1,7,3,7
2017460223165,2,9,0,9,0,1,0,0,0,0,3,1,6,1,22,5,1995,2,7,1,1,1
2017460223250,1,9,0,18,0,0,0,0,0,0,4,1,5,2,36,7,1997,2,10,6,1,6
2017460223254,1,9,0,4,0,0,0,0,0,0,2,1,6,1,21,5,-1,-1,-1,1,1,1
2017460223254,2,9,0,4,0,0,0,0,0,0,1,1,6,2,55,8,1968,2,8,8,2,8
2017460223267,1,9,0,18,0,6,1,0,0,0,1,1,6,2,35,6,1390,1,10,-1,-1,-1
2017460223267,2,9,0,18,0,6,0,0,0,0,2,1,6,1,34,6,1395,1,2,-1,-1,-1
2017460223309,1,9,0,18,0,0,1,0,0,0,1,1,1,1,58,9,-1,-1,-1,1,3,1
2017460223309,2,9,0,11,0,0,0,11,0,0,2,1,6,2,63,9,1995,2,1,9,1,9
2017460223334,1,9,0,18,0,1,0,0,0,0,0,1,6,1,-1,-1,-1,-1,-1,-1,-1,-1
2017460223334,2,9,0,3,0,1,0,0,0,0,1,1,6,1,28,6,1598,1,7,10,1,10
2017460223377,1,19,0,5,0,4,0,0,0,0,1,1,1,1,57,9,1248,2,4,4,1,4
2017460223377,2,1,0,7,0,3,0,0,0,0,1,1,2,1,21,5,-1,-1,-1,-1,-1,-1
2017460223379,1,9,0,9,0,0,0,0,0,0,1,1,6,2,68,10,1560,2,3,-1,-1,-1
2017460223379,2,9,0,18,0,0,0,0,0,0,1,1,6,1,47,8,1997,2,10,-1,-1,-1
2017460223397,1,9,0,4,0,0,0,0,0,0,1,1,6,2,25,5,898,1,-1,-1,-1,-1
2017460223397,2,9,0,3,0,0,0,0,0,0,2,1,6,2,55,8,1984,1,2,-1,-1,-1
2017460223502,1,97,0,18,0,0,0,0,7,0,3,1,6,1,14,3,-1,-1,-1,7,1,7
2017460223502,2,9,0,18,0,0,0,0,0,0,0,1,1,1,37,7,2993,2,1,-1,-1,-1
2017460223523,1,9,0,18,0,0,0,0,0,0,1,1,6,3,37,7,-1,-1,-1,-1,-1,-1
2017460223526,1,9,0,9,0,0,0,0,0,0,1,1,3,1,40,7,1995,2,7,7,1,7
2017460223526,2,1,0,18,9,0,0,0,0,0,1,1,5,2,46,8,-1,-1,-1,6,1,6
2017460223529,1,9,0,18,0,1,0,0,0,0,3,1,5,2,37,7,1587,1,10,9,1,9
2017460223529,2,9,0,18,0,1,0,0,0,0,4,1,5,1,46,8,1781,1,16,6,1,6
2017460223547,1,9,0,18,0,1,0,0,0,0,0,1,6,1,55,8,2400,1,21,6,1,6
2017460223547,2,1,0,18,0,8,0,0,0,0,4,1,2,1,40,7,-1,-1,-1,4,1,4
2017460223585,1,3,0,14,0,1,0,0,0,0,1,1,6,1,21,5,125,1,5,4,1,4
2017460223585,2,9,0,10,0,1,0,0,0,0,3,1,6,2,68,10,1388,1,5,-1,-1,-1
2017460223611,1,9,0,18,0,6,0,0,0,0,4,1,5,1,54,8,1761,1,16,3,1,3
2017460223611,2,5,0,18,0,1,0,0,0,0,3,1,2,1,61,9,1171,1,15,3,1,3
2017460223632,1,9,0,18,0,1,0,0,0,0,1,1,2,2,20,4,1587,1,14,5,1,5
2017460223640,1,9,0,7,0,1,0,0,0,0,1,1,1,1,22,5,-1,-1,-1,8,1,8
2017460223640,2,9,0,7,0,1,0,0,1,0,2,1,6,2,52,8,1198,1,7,8,1,8
2017460223678,1,3,0,13,0,1,0,0,0,0,3,1,6,1,23,5,124,1,15,10,1,10
2017460223678,2,9,0,10,0,1,0,0,0,0,0,1,6,2,45,7,1968,2,8,10,1,10
2017460223740,1,9,0,17,0,0,0,0,2,0,1,1,6,1,22,5,998,1,12,10,1,10
2017460223740,2,20,4,2,6,0,0,0,0,0,2,1,6,1,30,6,-1,-1,-1,-1,-1,-1
2017460223747,1,9,0,18,0,0,0,0,0,0,1,1,6,1,17,4,1598,2,-1,-1,-1,-1
2017460223747,2,9,0,18,0,0,0,0,0,0,2,1,6,1,47,8,-1,-1,-1,9,3,9
2017460223778,1,9,0,5,0,6,0,0,0,0,3,1,2,1,38,7,875,1,4,10,1,10
2017460223778,2,19,0,17,0,1,0,0,7,0,4,1,1,1,57,9,2982,2,3,5,3,5
2017460223798,1,9,0,18,0,0,0,0,0,0,3,1,6,2,38,7,1248,2,9,3,1,3
2017460223798,2,9,0,18,0,0,0,0,0,0,3,1,6,2,22,5,1149,1,1,5,1,5
2017460223871,1,3,0,18,0,0,0,0,0,0,1,1,6,1,25,5,125,1,3,-1,-1,-1
2017460223877,1,9,0,3,0,0,0,0,0,0,2,1,6,1,88,11,1596,1,1,4,2,4
2017460223881,1,9,0,18,0,0,1,0,0,0,1,1,6,1,29,6,1968,2,5,7,3,7
2017460223881,2,9,0,18,0,0,0,0,0,0,2,1,6,1,49,8,1910,2,9,1,1,1
2017460223881,3,9,0,18,0,0,0,0,0,0,2,1,6,2,55,8,2199,2,7,7,3,7
2017460223892,1,19,0,4,0,0,0,0,0,0,1,1,2,1,38,7,1997,2,15,9,1,9
2017460223892,2,9,0,4,0,0,0,0,0,0,2,1,2,1,38,7,2499,1,10,4,1,4
2017460223892,3,9,0,4,0,0,0,0,0,0,3,1,2,2,30,6,2993,2,7,7,1,7
2017460223915,1,1,0,18,0,1,0,0,0,0,4,1,5,1,-1,-1,-1,-1,-1,1,1,1
2017460223915,2,9,0,5,0,2,0,0,0,0,1,1,2,1,55,8,-1,-1,-1,6,1,6
2017460223961,1,9,0,18,0,1,0,0,0,0,1,1,6,2,21,5,1598,1,5,2,1,2
2017460223961,2,9,0,4,0,2,0,0,0,0,2,1,6,2,61,9,1896,2,13,5,3,5
2017460223961,3,9,0,9,0,2,0,0,0,0,2,1,6,1,32,6,1968,2,11,7,2,7
2017460223972,1,9,0,18,0,1,0,0,0,0,1,1,6,2,32,6,1598,1,12,1,1,1
2017460223972,2,9,0,2,0,1,0,0,0,0,1,1,6,1,38,7,2993,2,12,-1,-1,-1
2017460223972,3,19,0,2,0,1,0,0,0,0,2,1,6,1,-1,-1,2143,2,5,2,1,2
2017460224007,1,3,0,17,0,6,0,0,0,0,3,1,6,1,15,3,124,1,4,3,1,3
2017460224007,2,9,0,17,0,1,0,0,0,0,3,1,1,2,33,6,1968,2,4,-1,-1,-1
2017460224013,1,9,0,9,0,6,0,0,0,0,1,1,6,2,82,11,1199,1,3,-1,-1,-1
2017460224013,2,9,0,18,0,1,0,0,0,0,1,1,1,1,57,9,998,1,7,-1,-1,-1
2017460224026,1,9,0,18,0,0,1,0,0,0,3,1,6,1,57,9,1197,1,1,6,1,6
2017460224026,2,17,0,18,0,0,0,0,0,0,4,1,6,1,25,5,6788,2,3,-1,-1,-1
2017460224089,1,9,0,18,0,2,0,0,1,0,1,1,6,1,33,6,1596,1,2,9,2,9
2017460224106,1,9,0,4,0,5,1,0,7,0,3,1,6,1,46,8,1560,2,11,1,1,1
2017460224139,1,9,0,18,0,1,0,11,0,0,1,1,6,2,42,7,-1,-1,-1,6,3,6
2017460224181,1,9,0,18,0,0,0,0,0,0,1,1,6,1,40,7,-1,-1,-1,-1,-1,-1
2017460224181,2,9,0,18,0,0,0,0,0,0,1,1,2,1,28,6,1560,2,-1,-1,-1,-1
2017460224183,1,9,0,18,0,1,0,0,0,0,4,1,6,1,35,6,1796,1,12,-1,-1,-1
2017460224183,2,9,0,2,0,1,0,0,0,0,4,1,6,3,-1,-1,-1,-1,-1,-1,-1,-1
2017460224183,3,9,0,2,0,1,0,0,0,0,1,1,6,3,-1,-1,-1,-1,-1,-1,-1,-1
2017460224184,1,9,0,18,0,1,0,0,0,0,1,1,2,1,43,7,1995,2,-1,7,3,7
2017460224184,2,19,0,9,0,1,0,0,0,0,4,1,2,1,53,8,2143,2,-1,6,2,6
2017460224194,1,19,0,18,0,0,0,0,0,0,1,1,6,1,34,6,1753,2,11,4,1,4
2017460224218,1,9,0,11,0,1,0,0,0,0,1,1,6,1,88,11,1390,1,12,10,1,10
2017460224254,1,9,0,3,0,0,0,0,0,0,2,1,6,1,48,8,1997,2,6,3,1,3
2017460224254,2,9,0,3,0,0,0,0,0,0,1,1,6,2,48,8,1598,1,10,4,1,4
2017460224262,1,19,0,18,0,0,2,0,1,0,1,1,1,1,52,8,2461,2,7,4,1,4
2017460224274,1,9,0,18,0,0,0,0,0,0,1,1,6,1,77,11,1397,1,10,8,1,8
2017460224274,2,9,0,18,0,0,0,0,0,0,2,1,6,1,60,9,1998,1,12,8,1,8
2017460224295,1,9,0,18,0,1,0,0,0,0,1,1,6,2,22,5,1149,1,7,8,3,8
2017460224295,2,9,0,18,0,1,0,0,0,0,4,1,6,1,48,8,1339,1,7,5,2,5
2017460224298,1,9,0,3,0,1,0,0,0,0,1,1,1,1,39,7,-1,-1,-1,9,1,9
2017460224298,2,9,0,3,0,1,0,0,0,0,4,1,1,1,66,10,-1,-1,-1,4,1,4
2017460224300,1,9,0,18,0,1,0,0,0,0,0,1,2,1,52,8,1997,2,2,5,1,5
2017460224326,1,19,0,18,0,0,0,0,0,0,1,1,6,1,46,8,1868,2,16,6,3,6
2017460224326,2,9,0,18,0,0,0,0,0,0,1,1,6,2,73,10,1390,1,7,10,3,10
2017460224328,1,90,0,12,0,0,0,0,0,0,3,1,6,1,-1,-1,-1,-1,-1,-1,-1,-1
2017460224328,2,9,0,18,0,0,2,0,1,0,4,1,1,2,44,7,1389,1,11,5,1,5
2017460224329,1,9,0,18,0,0,1,0,0,0,1,1,5,1,-1,-1,-1,-1,-1,-1,-1,-1
2017460224329,2,9,0,18,0,0,0,0,0,0,4,1,5,1,38,7,1968,2,12,-1,-1,-1
2017460224376,1,9,0,9,0,5,0,0,0,0,4,1,6,2,30,6,1368,1,2,-1,-1,-1
2017460224376,2,9,0,18,0,1,0,0,0,0,1,1,6,2,37,7,2000,2,12,10,1,10
2017460224389,1,20,1,12,0,0,0,0,0,0,3,1,1,1,55,8,-1,-1,-1,-1,-1,-1
2017460224389,2,9,0,18,0,0,1,0,0,0,4,1,6,1,44,7,1461,2,5,2,1,2
2017460224397,1,9,0,18,0,0,0,0,0,0,0,1,6,3,-1,-1,-1,-1,-1,-1,-1,-1
2017460224397,2,9,0,18,0,0,0,0,0,0,0,1,6,2,30,6,1248,1,1,5,1,5
2017460224398,1,9,0,7,0,0,0,0,0,0,1,1,2,1,31,6,1597,2,3,7,1,7
2017460224398,2,1,0,18,9,0,0,0,0,0,2,1,6,2,7,2,-1,-1,-1,7,1,7
2017460224399,1,9,0,2,0,0,0,0,0,0,0,1,6,1,37,7,1368,1,-1,-1,-1,-1
2017460224399,2,9,0,18,0,0,0,0,0,0,4,1,6,1,70,10,1598,1,5,7,1,7
2017460224418,1,9,0,18,0,8,0,0,0,0,1,1,6,2,44,7,1242,1,6,10,1,10
2017460224419,1,9,0,14,0,0,0,0,0,0,3,1,2,2,41,7,1598,2,2,4,1,4
2017460224419,2,9,0,2,0,0,0,0,0,0,4,1,2,2,44,7,1299,1,16,-1,-1,-1
2017460224420,1,9,0,5,0,0,0,0,0,0,0,1,6,3,-1,-1,1390,1,16,-1,-1,-1
2017460224420,2,9,0,4,0,0,0,0,0,0,2,1,6,1,32,6,1199,1,15,-1,-1,-1
2017460224420,3,9,0,18,0,0,0,0,0,0,1,1,6,2,24,5,1248,1,1,-1,-1,-1
2017460224448,1,9,0,18,0,0,0,0,0,0,1,1,6,1,37,7,1395,8,2,6,1,6
2017460224448,2,9,0,3,0,0,0,0,0,0,2,1,6,2,65,9,998,1,5,-1,-1,-1
2017460224455,1,9,0,18,0,0,0,0,0,0,1,1,6,1,24,5,2495,2,21,1,1,1
2017460224455,2,9,0,18,0,0,0,0,0,0,1,1,6,2,35,6,1598,1,7,7,1,7
2017460224459,1,9,0,9,0,8,0,0,0,0,3,1,6,1,21,5,1598,1,10,1,1,1
2017460224459,2,3,0,5,0,8,0,0,0,0,1,1,6,2,20,4,124,1,3,6,3,6
2017460224503,1,9,0,4,0,0,0,0,0,0,2,1,2,1,49,8,-1,-1,-1,4,1,4
2017460224503,2,20,1,18,0,0,0,0,0,0,1,1,1,1,41,7,-1,-1,-1,-1,-1,-1
2017460224517,1,3,0,4,0,1,2,0,0,0,4,1,6,1,23,5,124,1,7,6,2,6
2017460224559,1,9,0,18,0,0,0,0,0,0,1,1,1,2,23,5,1399,2,11,4,2,4
2017460224572,1,9,0,9,0,6,0,0,0,0,1,1,6,1,63,9,1198,1,2,2,1,2
2017460224572,2,9,0,18,0,2,0,0,0,0,3,1,6,1,31,6,1596,1,7,7,1,7
2017460224581,1,9,0,3,0,0,0,0,0,0,1,1,6,1,25,5,1753,2,17,2,1,2
2017460224581,2,9,0,3,0,0,0,0,0,0,1,1,6,2,83,11,-1,-1,-1,6,3,6
2017460224582,1,9,0,18,0,0,0,0,0,0,1,1,6,2,-1,-1,2993,2,4,-1,-1,-1
2017460224582,2,9,0,18,0,0,0,0,0,0,2,1,6,2,-1,-1,1896,2,13,-1,-1,-1
2017460224606,1,9,0,4,0,1,0,0,0,0,1,1,6,1,50,8,998,1,7,8,1,8
2017460224606,2,9,0,4,0,1,0,0,0,0,2,1,6,1,17,4,1587,1,11,9,1,9
2017460224607,1,9,0,18,0,8,0,0,0,0,1,1,6,3,-1,-1,1998,1,15,-1,-1,-1
2017460224607,2,9,0,10,0,1,0,0,0,0,1,1,6,2,38,7,2179,2,9,5,1,5
2017460224624,1,19,0,3,0,0,0,0,0,0,1,1,6,1,21,5,2198,2,2,6,3,6
2017460224624,2,9,0,3,0,0,0,0,0,0,1,1,6,1,37,7,-1,-1,-1,8,3,8
2017460224625,1,9,0,5,0,0,0,0,0,0,2,1,6,1,20,4,1364,1,10,7,3,7
2017460224625,2,5,0,4,0,0,0,0,0,0,1,1,1,1,36,7,749,1,10,4,1,4
2017460224629,1,9,0,9,0,6,0,4,0,0,1,1,6,2,74,10,1248,2,6,9,2,9
2017460224629,2,9,0,4,0,8,0,0,0,0,1,1,6,2,55,8,1598,1,8,9,2,9
2017460224629,3,9,0,4,0,8,0,4,0,0,1,1,6,1,37,7,1840,1,20,7,2,7
2017460224629,4,9,0,4,0,8,0,0,0,0,1,1,6,1,70,10,1388,1,13,9,2,9
2017460224645,1,9,0,3,0,0,0,0,0,0,3,1,6,2,24,5,1499,1,-1,9,1,9
2017460224657,1,1,0,18,0,0,0,0,0,0,1,1,6,1,7,2,-1,-1,-1,1,1,1
2017460224657,2,-1,0,1,0,0,0,0,0,0,0,1,6,3,-1,-1,-1,-1,-1,-1,-1,-1
2017460224683,1,9,0,5,0,0,0,0,0,0,1,1,6,1,36,7,-1,-1,-1,-1,1,-1
2017460224683,2,19,-1,-1,-1,0,-1,-1,-1,0,-1,1,1,1,41,7,1968,2,2,-1,-1,-1
2017460224823,1,9,0,6,0,8,0,0,0,0,4,1,5,1,19,4,996,1,4,3,1,3
2017460224823,2,9,0,18,0,8,0,0,0,0,1,1,5,1,29,6,1968,2,6,10,1,10
2017460224859,1,9,3,7,0,1,0,0,0,0,1,1,6,1,37,7,1997,2,1,9,1,9
2017460224859,2,9,0,18,0,1,0,11,0,0,1,1,6,1,66,10,1685,2,-1,10,1,10
2017460224873,1,9,0,18,0,0,1,0,1,0,1,1,6,1,32,6,1596,1,3,3,1,3
2017460224873,2,9,0,2,0,0,0,0,0,0,0,1,6,2,34,6,998,1,2,-1,-1,-1
2017460224873,3,9,0,2,0,0,0,0,0,0,0,1,6,3,-1,-1,-1,-1,-1,-1,-1,-1
2017460224876,1,98,0,5,0,1,0,0,0,0,4,1,1,1,24,5,-1,-1,-1,3,1,3
2017460224876,2,9,0,18,0,1,0,0,0,0,1,1,2,2,29,6,1299,1,12,-1,-1,-1
2017460224899,1,9,0,18,0,1,0,0,0,0,1,1,6,2,30,6,1360,1,18,2,1,2
2017460224899,2,9,0,18,0,1,0,0,0,0,1,1,6,1,31,6,1398,1,3,10,2,10
2017460224904,1,9,0,18,0,1,0,0,0,0,0,1,6,3,-1,-1,-1,-1,-1,-1,-1,-1
2017460224904,2,9,0,18,0,1,1,0,4,0,3,1,6,2,22,5,1995,2,11,5,1,5
2017460224950,1,1,0,18,0,0,0,0,0,0,1,1,6,1,13,3,-1,-1,-1,7,1,7
2017460224990,1,9,0,18,0,0,0,0,0,0,3,1,6,1,25,5,1360,1,12,-1,-1,-1
2017460224990,2,9,0,18,0,0,0,0,0,0,1,1,6,1,-1,-1,1242,1,9,-1,-1,-1
2017460225080,1,9,0,9,0,5,0,0,0,0,1,1,6,3,-1,-1,-1,-1,-1,-1,-1,-1
2017460225080,2,1,0,10,0,1,0,0,0,0,3,1,6,1,44,7,-1,-1,-1,4,1,4
2017460225080,3,9,0,18,0,1,0,0,0,0,1,1,6,1,74,10,1339,1,11,4,1,4
2017460225111,1,9,0,9,0,1,0,0,0,0,1,1,2,1,67,10,1685,2,3,-1,-1,-1
2017460225111,2,9,0,18,0,1,0,0,0,0,1,1,2,1,39,7,2143,2,-1,-1,-1,-1
2017460225132,1,9,0,3,0,0,0,0,0,0,3,1,6,2,28,6,1242,1,9,6,1,6
2017460225132,2,9,0,18,0,0,0,0,0,0,3,1,6,1,32,6,2000,2,8,-1,-1,-1
2017460225134,1,19,0,18,0,0,1,0,0,0,1,1,1,1,45,7,2198,2,6,10,2,10
2017460225134,2,9,0,3,0,0,0,0,0,0,2,1,2,2,42,7,1197,1,4,6,2,6
2017460225152,1,9,0,18,0,0,1,0,0,0,1,1,3,1,38,7,1360,1,11,10,1,10
2017460225152,2,9,0,18,-1,0,0,0,0,0,2,1,1,2,53,8,2199,2,3,2,1,2
2017460225154,1,9,0,1,0,0,0,0,0,0,2,1,6,1,79,11,998,1,9,7,3,7
2017460225170,1,9,0,18,0,0,1,0,1,0,4,1,6,1,29,6,1587,1,10,8,3,8
2017460225170,2,90,0,18,0,0,0,0,0,0,1,1,6,1,66,10,1997,2,12,5,1,5
2017460225176,1,9,0,3,0,1,0,0,0,0,1,1,6,2,30,6,1229,1,5,-1,-1,-1
2017460225176,2,98,1,3,0,1,0,0,0,0,3,1,1,1,40,7,-1,-1,-1,-1,-1,-1
2017460225176,3,9,0,3,0,1,0,0,0,0,2,1,6,1,41,7,1984,1,12,8,1,8
2017460225178,1,9,0,4,0,0,0,0,0,0,1,1,6,3,-1,-1,-1,-1,-1,-1,-1,-1
2017460225185,1,3,0,3,0,2,0,0,0,0,1,1,6,1,17,4,124,1,15,4,3,4
2017460225185,2,9,0,3,0,2,0,0,0,0,2,1,6,2,84,11,1329,1,1,8,3,8
2017460225188,1,9,0,3,0,1,0,0,0,0,3,1,6,1,53,8,1986,2,11,8,1,8
2017460225188,2,11,0,3,0,1,0,0,0,0,4,1,6,1,50,8,4580,2,9,7,2,7
2017460225249,1,9,0,12,0,0,0,0,0,0,3,1,6,3,40,7,-1,-1,-1,-1,-1,-1
2017460225249,2,3,0,18,0,0,0,0,0,0,1,1,6,1,22,5,125,1,1,10,1,10
2017460225262,1,1,0,18,0,1,0,0,0,0,1,1,6,1,54,8,-1,-1,-1,6,1,6
2017460225262,2,9,0,7,0,1,0,0,0,0,2,1,6,1,39,7,1582,2,10,7,2,7
2017460225317,1,9,0,6,0,1,0,0,1,0,1,1,6,1,46,8,1997,2,10,7,1,7
2017460225381,1,9,0,5,0,4,0,0,0,0,1,1,1,2,49,8,1598,2,6,4,1,4
2017460225381,2,1,0,16,0,1,0,0,0,0,2,1,1,1,32,6,-1,-1,-1,6,1,6
2017460225385,1,9,0,18,0,0,0,0,0,0,1,1,1,1,51,8,1995,2,2,8,1,8
2017460225385,2,9,0,3,0,0,0,0,0,0,2,1,6,1,53,8,998,1,14,3,1,3
2017460225412,1,9,0,18,0,2,0,0,0,0,2,1,6,2,37,7,1560,2,3,3,2,3
2017460225412,2,9,0,18,0,3,0,0,0,0,1,1,6,1,34,6,1685,2,1,8,1,8
2017460225413,1,9,0,6,0,1,0,0,0,0,2,1,6,3,-1,-1,-1,-1,-1,-1,-1,-1
2017460225426,1,98,1,18,0,0,0,0,0,0,1,1,1,1,43,7,-1,-1,-1,-1,-1,-1
2017460225426,2,9,0,3,0,0,0,0,0,0,2,1,6,1,27,6,1598,1,12,10,1,10
2017460225426,3,98,0,3,0,0,0,0,0,0,2,1,1,1,55,8,-1,-1,-1,3,3,3
2017460225426,4,9,0,3,0,0,0,0,0,0,2,1,6,2,41,7,1896,2,14,7,1,7
2017460225426,5,98,1,3,0,0,0,0,0,0,2,1,1,1,54,8,-1,-1,-1,-1,-1,-1
2017460225432,1,9,0,18,0,1,1,0,0,0,2,1,6,1,18,4,1149,1,15,6,1,6
2017460225454,1,9,0,18,0,0,0,0,0,0,2,1,6,2,53,8,1596,1,19,3,1,3
2017460225454,2,9,0,4,0,0,0,0,0,0,1,1,6,2,38,7,1598,1,10,10,3,10
2017460225457,1,9,0,3,0,1,0,0,0,0,1,1,6,1,43,7,-1,-1,-1,-1,-1,-1
2017460225457,2,9,0,3,0,1,0,0,0,0,2,1,6,1,26,6,1798,1,8,1,1,1
2017460225485,1,9,0,12,0,4,0,0,0,0,0,1,2,1,58,9,1390,1,15,4,1,4
2017460225485,2,5,0,3,0,4,0,0,0,0,0,1,2,1,48,8,600,1,20,3,1,3
2017460225494,1,19,0,18,0,0,1,11,8,0,4,1,6,1,36,7,2143,2,3,6,1,6
2017460225494,2,9,0,18,0,0,0,0,0,0,0,1,6,1,31,6,1560,2,6,6,3,6
2017460225581,1,3,0,18,0,0,1,0,0,0,1,1,5,1,43,7,124,1,17,1,1,1
2017460225594,1,9,0,5,0,0,0,0,0,0,1,1,1,2,51,8,1496,2,1,5,1,5
2017460225594,2,9,0,5,0,0,0,0,0,0,2,1,1,1,49,8,-1,-1,-1,4,1,4
2017460225605,1,9,0,12,0,1,0,0,1,0,3,1,6,2,53,8,1364,1,8,6,2,6
2017460225605,2,9,0,18,0,1,5,7,0,0,4,1,6,1,73,10,505,1,7,2,1,2
2017460225619,1,19,0,4,0,0,0,0,0,0,1,1,1,1,42,7,2143,2,8,5,1,5
2017460225619,2,9,0,4,0,0,0,0,0,0,2,1,6,1,80,11,1496,1,-1,9,1,9
2017460225619,3,9,0,3,0,0,0,0,0,0,2,1,6,1,42,7,1999,2,1,9,1,9
2017460225619,4,19,0,3,0,0,0,0,0,0,2,1,6,1,37,7,1248,2,1,5,1,5
2017460225637,1,9,0,1,0,8,0,0,0,0,2,1,6,1,49,8,2143,2,7,2,1,2
2017460225640,1,9,0,13,0,1,0,0,0,0,1,1,6,1,52,8,1197,1,-1,9,3,9
2017460225640,2,17,0,10,0,1,0,0,0,0,1,1,1,1,33,6,-1,2,-1,6,3,6
2017460225640,3,-1,0,10,0,1,0,0,0,0,0,1,1,1,35,6,-1,-1,-1,6,3,6
2017460225657,1,9,0,18,0,0,5,0,1,0,4,1,6,1,24,5,1596,1,11,5,3,5
2017460225657,2,9,0,18,0,0,0,0,0,0,0,1,6,2,50,8,-1,-1,-1,-1,-1,-1
2017460225676,1,98,0,18,0,0,0,0,0,0,4,1,6,3,-1,-1,-1,-1,-1,-1,-1,-1
2017460225702,1,9,0,18,0,0,0,0,0,0,1,1,6,2,49,8,1499,2,4,4,1,4
2017460225733,1,19,0,1,0,0,0,0,0,0,2,1,6,1,-1,-1,-1,-1,-1,-1,-1,-1
2017460225733,2,5,0,18,0,0,0,0,0,0,1,1,6,1,56,9,865,1,4,5,3,5
2017460225739,1,9,0,3,0,6,0,0,0,0,1,1,3,2,52,8,1896,2,8,6,1,6
2017460225739,2,9,0,18,0,1,0,0,0,0,3,1,6,2,48,8,1461,2,2,8,1,8
2017460225768,1,9,0,18,0,0,0,0,0,0,3,1,6,2,70,10,3628,2,8,10,3,10
2017460225812,1,19,0,18,0,0,1,0,0,0,1,1,1,1,40,7,2151,2,14,2,1,2
2017460225812,2,9,0,4,0,0,0,0,0,0,2,1,6,2,38,7,1229,1,11,2,1,2
2017460225824,1,9,0,9,0,8,0,0,0,0,4,1,3,2,35,6,1910,2,10,2,1,2
2017460225853,1,9,0,18,0,0,0,0,0,0,3,1,6,2,46,8,998,1,10,5,1,5
2017460225902,1,4,0,18,0,0,0,0,0,0,1,1,6,3,-1,-1,449,1,8,-1,-1,-1
2017460225902,2,9,0,3,0,0,0,0,0,0,2,1,3,2,44,7,2143,2,1,9,1,9
2017460225902,3,9,0,18,0,0,0,0,0,0,0,1,1,1,27,6,1499,2,3,6,1,6
2017460225932,1,9,0,4,0,0,0,0,0,0,2,1,1,2,21,5,1596,1,14,-1,-1,-1
2017460225968,1,1,0,18,0,0,0,0,0,0,1,1,6,1,34,6,-1,-1,-1,-1,-1,-1
2017460225968,2,9,0,2,0,0,0,0,0,0,4,1,1,2,27,6,-1,-1,-1,8,1,8
2017460226049,1,9,0,4,0,1,0,0,0,0,1,1,2,1,-1,-1,1600,1,13,5,1,5
2017460226049,2,9,0,4,0,1,0,0,0,0,2,1,2,2,32,6,1197,1,1,6,1,6
2017460226166,1,9,0,9,0,1,0,0,0,0,1,1,2,1,41,7,1595,1,6,-1,-1,-1
2017460226166,2,3,0,18,0,1,0,0,0,0,2,1,2,1,51,8,125,1,2,-1,-1,-1
2017460226205,1,98,1,18,0,0,0,0,0,0,1,1,1,1,28,6,-1,-1,-1,-1,-1,-1
2017460226205,2,9,0,18,0,0,0,0,0,0,4,1,6,2,58,9,1390,1,6,6,1,6
2017460226205,3,9,0,18,0,0,0,0,0,0,3,1,6,1,54,8,1910,2,8,9,1,9
2017460226217,1,9,0,18,0,0,1,0,0,0,1,1,2,2,22,5,1149,1,13,-1,-1,-1
2017460226217,2,9,0,18,0,0,0,0,0,0,2,1,2,2,60,9,1461,2,10,8,3,8
2017460226244,1,9,0,18,0,1,0,0,0,0,1,1,2,2,37,7,1086,1,6,2,1,2
2017460226256,1,5,0,4,0,3,2,0,1,0,1,1,6,1,41,7,599,1,15,9,1,9
2017460226275,1,9,0,9,0,0,0,0,0,0,3,1,6,1,23,5,1995,2,14,5,1,5
2017460226275,2,9,0,13,0,0,0,0,0,0,1,1,6,2,31,6,1560,2,8,10,3,10