Accident_Index,Vehicle_Reference,Vehicle_Type,Towing_and_Articulation,Vehicle_Manoeuvre,Vehicle_Location-Restricted_Lane,Junction_Location,Skidding_and_Overturning,Hit_Object_in_Carriageway,Vehicle_Leaving_Carriageway,Hit_Object_off_Carriageway,1st_Point_of_Impact,Was_Vehicle_Left_Hand_Drive?,Journey_Purpose_of_Driver,Sex_of_Driver,Age_of_Driver,Age_Band_of_Driver,Engine_Capacity_(CC),Propulsion_Code,Age_of_Vehicle,Driver_IMD_Decile,Driver_Home_Area_Type,Vehicle_IMD_Decile
2017460226298,1,9,0,18,0,0,0,0,0,0,1,1,6,1,56,9,998,1,18,-1,-1,-1
2017460226298,2,9,0,3,0,0,0,0,0,0,2,1,6,1,60,9,1560,2,6,-1,-1,-1
2017460226371,1,9,0,18,0,2,5,0,0,0,1,1,2,2,26,6,1198,1,7,1,1,1
2017460226371,2,9,0,2,0,1,0,0,0,0,2,1,6,2,-1,-1,1242,1,5,1,1,1
2017460226436,1,9,0,5,0,1,0,0,0,0,1,1,1,1,30,6,1596,1,4,7,1,7
2017460226436,2,9,0,2,0,1,0,0,0,0,2,1,3,1,37,7,1248,2,7,4,1,4
2017460226436,3,9,0,4,0,1,0,0,0,0,2,1,1,2,62,9,1229,1,9,3,1,3
2017460226436,4,9,0,2,0,1,0,0,0,0,1,1,6,1,37,7,1598,1,5,7,1,7
2017460226456,1,9,0,18,0,0,0,0,4,0,1,1,6,2,65,9,2148,2,15,3,1,3
2017460226456,2,9,0,2,0,0,0,0,0,0,2,1,6,1,23,5,1360,1,11,1,1,1
2017460226456,3,9,0,18,0,0,0,0,0,0,2,1,6,1,51,8,1598,1,16,-1,-1,-1
2017460226465,1,9,0,7,0,1,0,0,0,0,4,1,6,2,20,4,1388,1,11,10,1,10
2017460226465,2,97,0,13,0,1,0,0,0,0,3,1,6,1,62,9,-1,-1,-1,3,1,3
2017460226510,1,9,0,17,0,0,0,0,1,0,1,1,2,2,19,4,998,1,11,-1,-1,-1
2017460226601,1,8,0,5,0,0,0,0,0,0,0,1,1,2,-1,-1,-1,-1,-1,-1,-1,-1
2017460226628,1,9,0,16,0,0,0,0,7,3,0,1,6,1,42,7,1997,1,10,4,2,4
2017460226643,1,9,0,6,0,0,0,0,0,0,3,1,6,2,43,7,1686,2,15,-1,-1,-1
2017460226643,2,3,0,18,0,0,1,0,0,0,1,1,6,1,19,4,125,1,2,4,1,4
2017460226669,1,9,0,18,0,0,0,0,0,0,1,1,6,2,50,8,2495,2,19,7,3,7
2017460226669,2,1,0,18,0,0,0,0,0,0,2,1,6,2,40,7,-1,-1,-1,7,3,7
2017460226690,1,1,0,7,0,1,0,0,0,0,1,1,6,1,20,4,-1,-1,-1,-1,-1,-1
2017460226690,2,9,0,9,0,1,0,0,0,0,1,1,6,2,41,7,1240,1,13,-1,-1,-1
2017460226700,1,9,0,17,7,1,1,0,1,0,3,1,6,1,-1,-1,2143,2,3,-1,-1,-1
2017460226700,2,9,0,16,0,1,0,0,0,0,3,1,2,1,23,5,1998,1,8,2,1,2
2017460226708,1,9,0,9,0,4,0,0,0,0,3,1,6,2,28,6,1598,1,11,4,1,4
2017460226708,2,9,0,18,0,3,0,0,0,0,4,1,6,2,37,7,1390,1,2,4,1,4
2017460226713,1,9,0,1,0,1,0,0,0,0,2,1,6,1,34,6,998,1,8,-1,-1,-1
2017460226713,2,9,0,4,0,1,0,0,0,0,0,1,1,1,37,7,1560,2,5,6,1,6
2017460226713,3,9,0,18,0,1,0,0,0,0,1,1,6,2,60,9,1998,1,2,-1,-1,-1
2017460226717,1,19,0,4,0,1,0,0,0,0,1,1,2,1,25,5,1598,2,2,6,1,6
2017460226717,2,9,0,3,0,1,0,0,0,0,2,1,2,1,26,6,2993,2,5,5,3,5
2017460226728,1,19,0,18,0,0,0,0,0,0,1,1,6,1,28,6,2198,2,6,-1,-1,-1
2017460226728,2,9,0,18,0,0,0,0,0,0,2,1,6,2,73,10,1395,1,3,-1,-1,-1
2017460226728,3,9,0,18,0,0,0,0,0,0,2,1,6,2,63,9,1242,1,11,-1,-1,-1
2017460226739,1,5,0,18,0,0,5,0,0,0,1,1,2,1,49,8,847,1,2,9,3,9
2017460226739,2,21,1,18,0,0,0,0,0,0,2,1,1,1,57,9,12777,2,4,-1,-1,-1
2017460226822,1,9,0,9,0,8,0,0,0,0,1,1,6,2,65,9,1999,1,10,1,1,1
2017460226822,2,5,0,18,0,8,1,0,0,0,1,1,6,1,24,5,989,1,30,4,1,4
2017460226836,1,9,0,18,0,0,0,0,1,0,1,1,6,1,22,5,1968,2,5,2,1,2
2017460226836,2,9,0,18,0,0,0,0,1,0,2,1,6,1,78,11,1999,1,12,6,1,6
2017460226836,3,9,0,18,0,0,5,0,1,0,1,1,6,1,60,9,998,1,9,10,2,10
2017460226937,1,9,0,5,0,8,0,0,1,0,4,1,6,2,82,11,1299,1,14,8,1,8
2017460226937,2,9,0,18,0,8,0,0,1,1,1,1,6,1,49,8,1986,2,9,6,1,6
2017460226946,1,9,0,6,0,0,0,0,0,0,4,1,6,2,38,7,2179,2,7,10,3,10
2017460226946,2,3,0,18,0,0,1,0,7,0,1,1,2,1,36,7,125,1,2,4,1,4
2017460226959,1,9,0,18,0,0,2,0,7,0,1,1,6,2,20,4,1200,1,-1,10,1,10
2017460226959,2,9,0,9,7,0,0,0,0,0,3,1,1,1,55,8,-1,-1,-1,3,1,3
2017460226959,3,9,0,18,0,0,0,0,0,0,1,1,6,1,26,6,1998,1,11,9,2,9
2017460226991,1,1,0,18,0,1,0,0,0,0,1,1,6,1,14,3,-1,-1,-1,6,1,6
2017460226991,2,9,0,9,0,8,0,0,0,0,4,1,6,2,42,7,1242,1,5,8,3,8
2017460227013,1,20,1,18,0,0,0,0,0,0,1,1,1,1,41,7,-1,-1,-1,1,1,1
2017460227013,2,20,1,3,0,0,0,0,0,0,2,2,1,1,50,8,-1,-1,-1,-1,-1,-1
2017460227013,3,20,1,3,0,0,0,0,0,0,2,1,1,1,28,6,-1,-1,-1,7,2,7
2017460227042,1,9,0,18,0,0,0,0,0,0,3,1,6,2,44,7,1242,1,5,5,2,5
2017460227058,1,9,0,18,0,0,0,0,0,0,1,1,6,2,81,11,1229,1,7,8,1,8
2017460227091,1,3,0,18,0,0,0,0,0,0,1,1,1,1,25,5,125,1,2,1,1,1
2017460227091,2,19,0,4,0,0,0,0,0,0,1,1,1,1,69,10,2402,2,9,7,3,7
2017460227141,1,9,0,18,0,0,0,0,0,0,0,1,6,3,-1,-1,-1,-1,-1,-1,-1,-1
2017460227141,2,4,0,14,0,0,1,0,0,0,0,1,6,1,25,5,598,1,27,3,1,3
2017460227152,1,9,0,2,0,0,0,0,0,0,3,1,2,2,50,8,1396,1,7,7,1,7
2017460227152,2,1,0,18,0,0,0,0,0,0,1,1,2,2,53,8,-1,-1,-1,7,1,7
2017460227166,1,9,0,18,0,1,0,0,0,0,1,1,2,1,23,5,1124,1,15,9,1,9
2017460227166,2,9,0,18,0,1,0,0,0,0,2,1,6,2,56,9,1388,1,7,4,3,4
2017460227166,3,9,0,18,0,1,0,0,0,0,2,1,3,2,26,6,-1,-1,-1,6,1,6
2017460227187,1,9,0,16,0,0,1,0,0,0,1,1,2,2,26,6,1299,1,14,7,1,7
2017460227187,2,9,0,17,0,0,1,0,0,0,1,1,2,2,21,5,1198,1,13,9,2,9
2017460227212,1,9,0,5,0,0,0,0,0,0,0,1,6,3,-1,-1,-1,-1,-1,-1,-1,-1
2017460227227,1,9,0,18,0,1,5,4,0,0,1,1,6,1,18,4,1388,1,8,5,1,5
2017460227227,2,9,0,2,0,1,0,0,0,0,4,1,6,3,-1,-1,1769,1,15,-1,-1,-1
2017460227233,1,9,0,4,0,0,0,0,0,0,1,1,5,2,53,8,1248,1,8,8,3,8
2017460227233,2,9,0,3,0,0,0,0,0,0,2,1,1,1,72,10,1461,2,3,8,3,8
2017460227243,1,19,0,18,0,8,0,0,1,0,1,1,6,1,51,8,2402,2,10,5,3,5
2017460227243,2,9,0,18,0,8,0,0,0,0,2,1,6,1,51,8,1798,1,12,8,3,8
2017460227271,1,9,0,9,0,0,0,0,0,0,1,1,1,2,22,5,998,1,2,10,3,10
2017460227271,2,3,0,18,0,0,0,0,0,0,1,1,1,1,19,4,124,1,7,-1,-1,-1
2017460227342,1,9,0,4,0,1,0,0,0,0,0,1,6,1,49,8,-1,-1,-1,3,1,3
2017460227342,2,9,0,18,0,1,0,11,0,0,0,1,6,1,47,8,-1,-1,-1,1,1,1
2017460227342,3,9,0,18,0,1,0,11,1,0,2,1,6,1,41,7,1587,1,12,7,3,7
2017460227382,1,9,0,18,0,0,0,4,0,0,1,1,6,1,25,5,1598,1,3,4,1,4
2017460227382,2,21,0,2,0,0,0,0,0,0,2,1,1,1,45,7,7790,2,15,5,2,5
2017460227382,3,9,0,18,0,0,0,0,0,0,1,1,6,1,70,10,1749,1,15,5,1,5
2017460227387,1,1,0,18,0,0,0,0,0,0,4,1,6,1,15,3,-1,-1,-1,3,1,3
2017460227387,2,9,0,18,0,0,0,0,0,0,1,1,1,1,44,7,1968,2,1,4,1,4
2017460227389,1,9,0,18,0,0,0,0,0,0,0,1,6,3,-1,-1,1968,2,4,1,1,1
2017460227391,1,9,0,18,0,0,0,0,0,0,4,1,6,1,89,11,1598,1,11,10,1,10
2017460227391,2,9,0,18,0,0,1,0,0,0,1,1,6,1,19,4,973,1,15,10,1,10
2017460227392,1,9,0,2,0,0,0,0,0,0,3,1,6,1,25,5,1397,1,6,-1,-1,-1
2017460227392,2,1,0,18,0,0,0,0,0,0,1,1,6,1,14,3,-1,-1,-1,-1,-1,-1
2017460227396,1,11,0,18,0,8,0,0,0,0,0,1,1,2,48,8,6692,2,6,7,1,7
2017460227404,1,9,0,9,0,6,0,0,0,0,0,1,6,3,-1,-1,-1,-1,-1,-1,-1,-1
2017460227404,2,9,0,18,0,1,0,0,0,0,2,1,1,1,38,7,1461,2,9,-1,-1,-1
2017460227404,3,9,0,18,0,1,0,0,0,0,0,1,1,1,39,7,2993,2,2,-1,-1,-1
2017460227404,4,9,0,18,0,1,0,0,0,0,0,1,1,1,51,8,-1,-1,-1,-1,-1,-1
2017460227409,1,9,0,18,0,0,0,0,0,0,4,1,6,1,42,7,1360,1,15,-1,-1,-1
2017460227419,1,9,0,6,0,0,0,0,0,0,3,1,1,1,24,5,1984,1,2,-1,-1,-1
2017460227419,2,9,0,3,0,0,0,0,0,0,3,1,6,2,25,5,1242,1,8,6,2,6
2017460227453,1,98,0,18,0,0,0,0,0,0,1,1,6,1,-1,-1,-1,-1,-1,-1,-1,-1
2017460227453,2,98,0,18,0,0,0,0,0,0,2,1,6,1,37,7,-1,-1,-1,2,1,2
2017460227489,1,9,0,5,0,4,1,0,0,0,2,1,4,1,62,9,1598,2,1,4,1,4
2017460227489,2,2,0,5,0,4,0,0,0,0,4,1,5,1,-1,-1,49,1,2,7,3,7
2017460227514,1,9,0,3,0,1,0,0,0,0,1,1,6,2,20,4,1299,1,15,9,1,9
2017460227514,2,5,0,5,0,1,0,0,0,0,2,1,6,1,57,9,1584,1,8,4,1,4
2017460227545,1,9,0,9,0,3,0,0,0,0,3,1,6,2,18,4,1388,1,14,6,3,6
2017460227545,2,9,0,7,0,3,0,0,0,0,4,1,6,1,31,6,1995,2,5,7,3,7
2017460227547,1,9,0,18,0,1,0,0,0,0,1,1,6,2,26,6,1229,1,5,2,1,2
2017460227547,2,9,0,9,0,8,0,0,0,0,4,1,6,2,61,9,2000,1,11,2,1,2
2017460227551,1,9,0,17,0,0,0,0,0,0,1,2,6,1,44,7,-1,-1,-1,-1,-1,-1
2017460227551,2,9,0,16,0,0,0,0,0,0,1,1,6,2,28,6,1248,2,9,-1,-1,-1
2017460227566,1,9,0,18,0,0,0,0,0,0,1,1,6,1,29,6,1560,2,7,5,1,5
2017460227566,2,9,0,2,0,0,0,0,1,0,3,1,6,2,20,4,999,1,-1,1,1,1
2017460227590,1,9,0,18,0,8,1,0,0,0,1,1,6,1,72,10,2179,2,12,6,2,6
2017460227590,2,9,0,10,0,1,0,0,0,0,2,1,6,2,59,9,1796,1,10,8,3,8
2017460227590,3,9,0,18,0,8,1,0,0,0,1,1,6,1,64,9,1597,2,3,8,2,8
2017460227615,1,9,0,2,0,1,0,4,0,0,2,1,3,2,38,7,1497,1,11,4,1,4
2017460227615,2,9,0,2,0,1,0,4,0,0,1,1,6,3,-1,-1,-1,-1,-1,-1,-1,-1
2017460227671,1,90,0,18,0,0,0,0,7,4,1,1,1,1,48,8,-1,-1,-1,-1,-1,-1
2017460227696,1,9,0,18,0,4,0,0,0,0,1,1,6,1,69,10,1598,1,12,6,3,6
2017460227696,2,1,0,18,0,4,0,0,0,0,1,1,6,1,37,7,-1,-1,-1,6,1,6
2017460227706,1,9,0,12,0,0,0,0,0,0,1,1,1,2,54,8,-1,-1,-1,9,1,9
2017460227706,2,19,0,3,0,0,0,0,0,0,2,1,1,1,33,6,1870,2,12,8,1,8
2017460227712,1,9,0,6,0,0,1,0,0,0,1,1,6,1,19,4,1995,2,4,8,1,8
2017460227712,2,9,0,4,0,0,0,0,0,0,2,1,6,1,20,4,2148,2,7,10,1,10
2017460227733,1,9,0,18,0,6,0,0,0,0,1,1,6,2,-1,-1,-1,-1,-1,-1,-1,-1
2017460227733,2,1,0,18,0,8,0,0,0,0,4,1,6,1,11,3,-1,-1,-1,1,1,1
2017460227736,1,90,0,18,0,0,0,0,0,0,1,1,6,1,60,9,-1,-1,-1,1,1,1
2017460227736,2,90,0,18,0,0,0,0,0,0,2,1,1,1,-1,-1,-1,-1,-1,3,1,3
2017460227752,1,9,0,16,0,0,5,10,0,0,4,1,2,2,50,8,1390,1,12,1,1,1
2017460227779,1,9,0,4,0,1,1,0,1,0,1,1,6,1,40,7,1796,1,9,6,1,6
2017460227779,2,9,0,3,0,1,0,0,0,0,2,1,6,1,51,8,2967,2,9,7,2,7
2017460227794,1,9,0,18,0,0,2,0,0,0,1,1,2,1,34,6,1997,2,10,-1,-1,-1
2017460227794,2,9,0,18,0,0,1,0,3,0,2,1,6,2,67,10,1797,8,6,-1,-1,-1
2017460227814,1,9,0,5,0,4,0,0,1,7,3,1,5,1,82,11,1499,1,-1,10,1,10
2017460227814,2,9,0,9,0,8,0,0,0,0,1,1,5,1,29,6,1198,1,10,7,3,7
2017460227821,1,9,-1,18,0,0,5,0,0,0,1,1,6,2,18,4,1242,1,5,-1,-1,-1
2017460227893,1,9,0,14,0,0,0,0,0,0,4,1,6,3,-1,-1,1850,1,19,-1,-1,-1
2017460227893,2,9,0,2,0,0,0,0,0,0,3,1,6,1,47,8,3059,2,24,2,1,2
2017460227995,1,9,0,18,0,0,0,0,6,0,1,1,6,2,26,6,1598,2,6,7,3,7
2017460227995,2,9,0,4,0,0,0,0,6,0,2,1,6,2,34,6,2993,2,8,5,3,5
2017460228002,1,9,0,18,0,0,0,0,0,0,1,1,6,1,28,6,1499,2,1,4,1,4
2017460228006,1,9,0,18,0,0,0,0,0,0,1,1,6,2,-1,-1,-1,-1,-1,-1,-1,-1
2017460228006,2,9,0,3,0,0,0,0,0,0,2,1,6,1,29,6,1242,1,10,4,1,4
2017460228011,1,98,0,12,0,1,0,0,0,0,0,1,6,3,21,5,-1,-1,-1,8,1,8
2017460228011,2,5,0,11,0,1,0,0,0,0,4,1,6,1,32,6,599,1,7,3,1,3
2017460228011,3,9,0,2,0,1,0,0,0,0,3,1,1,3,21,5,2435,1,14,-1,-1,-1
2017460228058,1,5,0,4,0,1,0,0,0,0,1,1,1,1,26,6,1157,1,16,2,1,2
2017460228058,2,90,0,4,0,1,0,0,0,0,2,1,2,1,51,8,-1,-1,-1,7,1,7
2017460228087,1,1,0,4,0,0,0,0,0,0,0,1,6,1,18,4,-1,-1,-1,10,1,10
2017460228121,1,11,0,18,0,1,0,0,0,0,1,1,1,1,-1,-1,9200,2,15,-1,-1,-1
2017460228121,2,19,0,4,0,1,0,0,0,0,2,1,1,1,-1,-1,2143,2,-1,-1,-1,-1
2017460228121,3,9,0,10,0,1,0,0,0,0,2,1,3,2,-1,-1,1798,1,7,8,1,8
2017460228126,1,9,0,18,0,4,0,0,0,0,3,1,6,1,34,6,1791,8,6,6,1,6
2017460228126,2,9,0,16,0,8,0,0,0,0,4,1,6,1,24,5,1596,1,9,2,1,2
2017460228172,1,9,0,16,0,0,1,0,0,0,1,1,6,2,33,6,1799,1,11,8,2,8
2017460228172,2,9,0,18,0,0,0,0,0,0,1,1,6,1,67,10,1797,8,8,8,1,8
2017460228186,1,9,0,18,0,1,0,0,0,0,1,1,6,1,26,6,1587,1,15,7,2,7
2017460228186,2,9,0,9,0,1,0,0,0,0,3,1,6,1,27,6,1685,2,1,7,1,7
2017460228186,3,9,0,18,0,2,0,0,0,0,0,1,6,1,27,6,-1,-1,-1,2,1,2
2017460228205,1,9,0,7,0,2,0,0,0,0,0,1,6,2,66,10,1149,1,7,-1,-1,-1
2017460228224,1,9,0,9,0,1,0,0,0,0,3,1,6,1,64,9,1968,2,4,2,1,2
2017460228224,2,9,0,18,0,1,0,0,0,0,3,1,6,1,19,4,-1,-1,-1,5,1,5
2017460228229,1,9,0,12,0,0,5,0,0,0,1,1,6,2,17,4,1242,1,9,4,3,4
2017460228229,2,17,0,18,0,0,0,0,0,0,2,1,6,2,49,8,1642,2,5,1,1,1
2017460228237,1,9,0,18,0,8,0,0,0,0,1,1,2,1,34,6,-1,-1,-1,6,2,6
2017460228237,2,9,0,18,0,8,0,0,0,0,1,1,2,2,22,5,1388,1,13,5,3,5
2017460228258,1,9,0,18,6,0,0,0,0,0,1,1,6,1,58,9,1242,1,12,4,3,4
2017460228258,2,98,0,2,6,0,0,0,0,0,2,1,1,1,36,7,-1,-1,-1,4,1,4
2017460228262,1,9,0,5,0,5,0,0,0,0,0,1,6,1,45,7,1994,2,14,4,1,4
2017460228262,2,98,0,18,0,5,0,0,0,0,3,1,1,1,-1,-1,-1,-1,-1,4,1,4
2017460228297,1,19,0,5,0,1,0,0,0,0,2,1,6,1,33,6,1560,2,-1,5,1,5
2017460228297,2,3,0,18,0,1,5,0,0,0,1,1,6,1,27,6,125,1,14,2,1,2
2017460228314,1,9,0,4,0,0,1,7,7,10,1,1,1,2,30,6,1596,1,11,6,1,6
2017460228314,2,9,0,4,0,0,0,0,0,0,2,1,6,1,57,9,1999,2,2,4,2,4
2017460228320,1,9,0,7,0,1,0,0,1,0,1,1,6,3,20,4,998,1,11,-1,-1,-1
2017460228320,2,9,0,18,0,1,0,0,1,0,1,1,6,2,24,5,1499,2,2,5,1,5
2017460228348,1,9,0,9,0,6,0,0,0,0,3,1,5,1,62,9,1984,1,-1,4,3,4
2017460228348,2,5,0,18,0,1,2,0,0,0,1,1,2,1,32,6,999,1,7,4,3,4
2017460228473,1,9,0,18,0,4,0,0,0,0,1,1,3,2,28,6,1798,1,13,4,3,4
2017460228473,2,1,0,18,0,3,0,0,0,0,2,1,1,1,50,8,-1,-1,-1,10,1,10
2017460228492,1,9,-1,9,0,0,0,0,0,0,1,1,6,3,-1,-1,1461,2,2,-1,-1,-1
2017460228492,2,9,0,3,0,0,-1,0,0,0,1,1,6,1,28,6,973,1,14,5,1,5
2017460228533,1,9,0,7,0,2,0,0,0,0,1,1,6,2,26,6,1299,1,9,9,1,9
2017460228533,2,9,0,3,0,2,0,0,0,0,3,1,6,2,54,8,1998,1,14,4,1,4
2017460228535,1,9,0,18,0,0,0,0,0,0,1,1,6,1,69,10,1560,2,9,8,2,8
2017460228535,2,9,0,3,0,0,0,0,0,0,2,1,6,2,19,4,998,1,-1,3,1,3
2017460228540,1,9,0,14,0,0,0,0,0,0,4,1,6,1,32,6,1296,1,10,-1,-1,-1
2017460228540,2,9,0,18,0,0,0,0,0,0,4,1,6,1,50,8,1560,2,12,-1,-1,-1
2017460228540,3,9,0,18,0,0,0,0,0,0,0,1,6,1,37,7,-1,-1,-1,-1,-1,-1
2017460228564,1,1,0,17,0,1,1,0,0,0,0,1,5,1,52,8,-1,-1,-1,10,1,10
2017460228583,1,9,0,18,0,4,0,0,1,0,1,1,2,2,54,8,1461,2,2,-1,-1,-1
2017460228583,2,9,0,4,0,4,0,0,0,0,2,1,2,2,39,7,1200,1,5,-1,-1,-1
2017460228583,3,9,0,4,0,4,0,0,0,0,2,1,2,2,35,6,1686,2,11,-1,-1,-1
2017460228677,1,9,0,18,0,8,0,0,0,0,1,1,5,1,89,11,1198,1,9,7,2,7
2017460228677,2,98,0,9,0,1,0,0,0,0,2,1,5,1,43,7,-1,-1,-1,-1,-1,-1
2017460228677,3,5,0,18,0,1,0,0,0,0,3,1,5,1,53,8,1600,1,7,-1,-1,-1
2017460228693,1,9,0,18,0,0,0,0,0,0,3,1,6,2,35,6,1386,1,6,4,1,4
2017460228693,2,9,0,18,0,0,0,10,0,0,3,1,6,1,76,11,1598,1,10,6,1,6
2017460228717,1,9,0,7,0,2,0,0,0,0,0,1,6,2,19,4,1242,1,8,6,3,6
2017460228717,2,9,0,18,0,1,0,0,0,0,1,1,6,2,53,8,1124,1,12,5,3,5
2017460228717,3,9,0,18,0,1,0,0,0,0,1,1,6,2,29,6,1360,1,14,8,1,8
2017460228753,1,9,0,7,0,1,0,0,0,0,1,1,5,1,35,6,1461,2,3,3,1,3
2017460228753,2,9,0,18,0,1,0,0,0,0,4,1,5,2,46,8,1242,1,5,1,1,1
2017460228763,1,9,0,4,0,0,1,0,0,0,1,1,2,1,34,6,1686,2,12,4,1,4
2017460228763,2,9,0,4,0,0,0,0,0,0,2,1,2,1,26,6,1399,1,11,7,3,7
2017460228763,3,11,0,4,0,0,0,0,0,0,2,1,2,1,53,8,9600,2,22,6,3,6
2017460228775,1,9,0,1,0,0,0,0,0,0,2,1,6,3,-1,-1,2997,1,16,-1,-1,-1
2017460228775,2,9,0,4,0,0,0,0,0,0,1,1,1,1,-1,-1,2993,2,1,-1,-1,-1
2017460228779,1,9,0,18,0,0,0,0,0,0,1,1,6,1,59,9,1560,2,9,9,1,9
2017460228791,1,9,0,18,0,0,0,0,0,0,3,1,6,1,37,7,1124,1,16,-1,-1,-1
2017460228828,1,5,0,18,0,1,0,0,0,0,4,1,6,1,32,6,750,1,11,-1,-1,-1
2017460228828,2,9,0,18,0,1,0,0,0,0,3,1,6,1,55,8,1398,1,6,-1,-1,-1
2017460228846,1,9,0,18,0,0,1,0,0,0,1,1,1,1,34,6,-1,-1,-1,-1,-1,-1
2017460228846,2,9,0,5,0,0,0,0,0,0,2,1,6,2,84,11,1240,1,9,7,1,7
2017460228849,1,9,0,7,0,3,1,0,0,0,0,1,6,2,21,5,-1,-1,-1,-1,-1,-1
2017460228870,1,9,0,16,0,0,0,0,0,0,1,1,2,1,18,4,1399,2,11,3,1,3
2017460228870,2,9,0,18,0,0,0,0,0,0,1,1,6,2,28,6,1600,2,6,9,1,9
2017460228886,1,98,0,13,0,3,0,0,0,0,1,1,1,1,-1,-1,-1,-1,-1,-1,-1,-1
2017460228886,2,9,0,18,0,3,1,11,7,0,4,1,6,2,41,7,1242,1,15,4,1,4
2017460229078,1,9,0,4,0,0,0,0,0,0,1,1,2,1,22,5,999,1,-1,9,1,9
2017460229078,2,9,0,4,0,0,0,0,0,0,2,1,2,2,25,5,1199,2,5,5,1,5
2017460229078,3,9,0,4,0,0,0,0,0,0,2,1,2,2,39,7,1598,2,4,6,1,6
2017460229078,4,9,0,4,0,0,0,0,0,0,2,1,2,1,27,6,1422,2,9,5,1,5
2017460229078,5,9,0,4,0,0,0,0,0,0,2,1,2,2,20,4,998,1,3,5,3,5
2017460229078,6,9,0,4,0,0,0,0,0,0,2,1,2,1,43,7,2967,2,-1,10,1,10
2017460229098,1,1,0,18,0,1,0,0,0,0,1,1,6,1,13,3,-1,-1,-1,-1,-1,-1
2017460229098,2,9,0,18,0,1,0,0,0,0,1,1,6,1,23,5,1798,1,13,-1,-1,-1
2017460229129,1,9,0,4,0,1,0,0,0,0,1,1,6,1,26,6,999,1,1,5,2,5
2017460229129,2,9,0,4,0,1,0,0,0,0,2,1,6,1,54,8,1395,1,-1,4,3,4
2017460229151,1,9,0,9,0,8,0,0,0,0,1,1,6,2,30,6,1198,1,15,2,1,2
2017460229151,2,3,0,18,0,8,0,0,0,0,1,1,6,1,60,9,125,1,3,7,1,7
2017460229158,1,9,0,18,0,6,0,0,0,0,1,1,1,2,60,9,2204,2,8,10,1,10
2017460229158,2,11,0,18,0,2,0,0,0,0,2,1,1,1,49,8,4500,2,8,2,1,2
2017460229167,1,9,0,18,0,0,0,0,0,0,1,1,2,1,36,7,1400,2,9,10,3,10
2017460229205,1,9,0,3,0,8,0,0,0,0,1,1,1,1,26,6,1149,1,10,2,1,2
2017460229205,2,9,0,3,0,8,0,0,0,0,2,1,6,2,60,9,1997,1,-1,9,1,9
2017460229219,1,3,0,18,0,0,0,0,0,0,1,1,6,1,17,4,124,1,-1,4,1,4
2017460229219,2,9,0,4,0,0,0,0,0,0,2,1,6,1,37,7,1598,1,12,4,1,4
2017460229283,1,9,0,11,0,0,0,4,0,0,1,1,6,1,34,6,1560,2,-1,2,1,2
2017460229283,2,9,0,4,0,0,0,0,0,0,2,1,2,1,30,6,-1,-1,-1,9,1,9
2017460229341,1,9,0,5,0,0,0,0,0,0,1,1,6,3,-1,-1,-1,-1,-1,-1,-1,-1
2017460229341,2,21,0,2,0,0,0,0,0,0,2,1,6,1,49,8,4764,2,5,-1,-1,-1
2017460229349,1,9,0,5,8,0,0,0,0,0,4,1,6,1,64,9,1995,1,15,-1,-1,-1
2017460229349,2,9,0,18,0,0,0,0,0,0,1,1,1,2,44,7,-1,-1,-1,-1,-1,-1
2017460229442,1,9,0,3,0,3,0,0,0,0,1,1,1,1,42,7,1390,2,16,3,1,3
2017460229442,2,98,1,3,0,3,0,0,0,0,2,1,6,3,-1,-1,-1,-1,-1,-1,-1,-1
2017460229443,1,9,0,18,0,1,0,0,0,0,1,1,6,2,51,8,1493,2,12,3,1,3
2017460229445,1,9,0,18,0,0,0,0,0,0,4,1,6,2,35,6,1461,2,3,4,1,4
2017460229445,2,1,0,18,9,0,0,0,0,0,3,1,6,1,14,3,-1,-1,-1,-1,-1,-1
2017460229446,1,1,0,18,0,0,5,0,0,0,1,1,6,1,36,7,-1,-1,-1,10,1,10
2017460229448,1,19,0,11,0,0,0,0,0,0,1,1,6,1,39,7,2299,2,3,8,1,8
2017460229448,2,19,0,18,0,0,0,0,0,0,2,1,1,1,37,7,1753,2,10,6,1,6
2017460229449,1,9,0,18,0,0,0,0,0,0,1,1,6,3,-1,-1,-1,-1,-1,-1,-1,-1
2017460229451,1,19,0,3,0,1,0,0,0,0,1,1,6,1,56,9,1796,7,12,5,1,5
2017460229451,2,1,0,18,0,1,0,0,0,0,1,1,6,1,50,8,-1,-1,-1,6,1,6
2017460229503,1,9,0,18,0,0,0,0,0,0,4,1,6,1,24,5,1598,1,11,7,1,7
2017460229503,2,1,0,18,0,0,0,0,0,0,2,1,6,1,41,7,-1,-1,-1,5,3,5
2017460229521,1,9,0,9,0,6,0,0,0,0,1,1,6,1,26,6,796,1,16,1,1,1
2017460229521,2,9,0,18,0,1,0,0,0,0,2,1,6,1,20,4,1596,1,8,2,1,2
2017460229521,3,9,0,18,0,1,0,0,0,0,1,1,6,2,41,7,1596,1,10,7,1,7
2017460229587,1,9,0,11,0,1,0,0,0,0,1,1,6,1,23,5,-1,-1,-1,-1,-1,-1
2017460229587,2,9,0,11,0,1,0,0,0,0,2,1,6,2,46,8,1596,1,7,-1,-1,-1
2017460229601,1,9,0,5,0,0,0,0,0,0,0,1,1,3,-1,-1,-1,-1,-1,-1,-1,-1