Accident_Index,Vehicle_Reference,Vehicle_Type,Towing_and_Articulation,Vehicle_Manoeuvre,Vehicle_Location-Restricted_Lane,Junction_Location,Skidding_and_Overturning,Hit_Object_in_Carriageway,Vehicle_Leaving_Carriageway,Hit_Object_off_Carriageway,1st_Point_of_Impact,Was_Vehicle_Left_Hand_Drive?,Journey_Purpose_of_Driver,Sex_of_Driver,Age_of_Driver,Age_Band_of_Driver,Engine_Capacity_(CC),Propulsion_Code,Age_of_Vehicle,Driver_IMD_Decile,Driver_Home_Area_Type,Vehicle_IMD_Decile
2017460229601,2,11,0,3,0,0,0,0,0,0,0,1,6,1,58,9,9000,2,3,4,1,4
2017460229608,1,9,0,18,0,0,0,0,0,0,1,1,5,1,-1,-1,1997,2,5,3,1,3
2017460229608,2,9,0,5,0,0,0,0,0,0,4,1,5,1,34,6,1461,2,1,7,1,7
2017460229613,1,9,0,5,0,0,0,0,0,0,1,1,1,1,55,8,1149,1,2,8,1,8
2017460229641,1,9,0,18,0,0,0,0,0,0,1,1,6,1,49,8,1360,1,13,5,1,5
2017460229641,2,19,0,12,0,0,0,0,0,0,2,1,6,1,54,8,1968,2,4,10,1,10
2017460229642,1,9,0,7,0,6,0,0,0,0,3,1,1,1,63,9,1988,1,14,8,1,8
2017460229642,2,9,0,18,0,8,0,0,0,0,4,1,5,2,69,10,1398,1,5,3,1,3
2017460229654,1,21,1,12,0,0,0,0,0,0,1,1,1,1,55,8,12740,2,4,4,1,4
2017460229654,2,9,0,18,0,0,0,0,0,0,2,1,6,2,61,9,2143,2,3,-1,-1,-1
2017460229693,1,9,0,4,0,0,0,0,0,0,1,1,6,2,36,7,2987,2,9,-1,-1,-1
2017460229693,2,9,0,3,0,0,0,0,0,0,2,1,6,1,27,6,1998,1,12,-1,-1,-1
2017460229693,3,9,0,3,0,0,0,0,0,0,2,1,6,2,25,5,1149,1,14,-1,2,-1
2017460229693,4,9,0,3,0,0,0,0,0,0,2,1,6,1,37,7,2143,2,2,2,1,2
2017460229933,1,9,0,18,0,8,0,0,0,0,1,1,6,2,82,11,1240,1,9,3,1,3
2017460229952,1,9,0,9,0,1,0,0,0,0,1,1,6,1,17,4,1968,2,6,2,1,2
2017460229952,2,9,0,9,0,1,0,0,0,0,2,1,6,2,55,8,3222,2,13,6,3,6
2017460229967,1,9,0,9,0,1,0,0,0,0,2,1,6,1,33,6,1783,1,13,5,1,5
2017460229967,2,9,0,18,0,1,0,0,0,0,1,1,6,1,23,5,1984,1,7,6,1,6
2017460229987,1,9,0,4,0,1,0,0,0,0,1,1,6,1,-1,-1,1499,1,2,5,3,5
2017460229987,2,9,0,4,0,1,0,0,0,0,2,1,6,2,49,8,1598,2,-1,7,2,7
2017460229998,1,9,-1,9,0,0,0,0,0,0,3,1,1,2,72,10,2987,2,12,6,3,6
2017460229998,2,9,-1,18,0,0,0,0,0,0,1,1,1,1,50,8,2967,2,2,-1,-1,-1
2017460230032,1,3,0,11,0,0,0,2,0,0,0,1,6,1,51,8,125,1,1,6,1,6
2017460230032,2,21,0,18,0,0,0,0,0,0,3,1,1,1,37,7,6370,2,5,1,1,1
2017460230071,1,9,0,18,0,6,0,0,0,0,4,1,6,1,34,6,1560,2,11,3,1,3
2017460230071,2,5,0,18,0,1,0,0,0,0,0,1,6,1,-1,-1,1000,1,1,7,1,7
2017460230080,1,9,0,1,0,8,0,0,0,0,2,1,6,3,-1,-1,2199,2,9,-1,-1,-1
2017460230080,2,9,0,4,0,8,0,0,0,0,1,1,6,1,30,6,-1,-1,-1,6,2,6
2017460230125,1,-1,1,11,0,0,0,0,0,0,1,1,6,1,-1,-1,-1,-1,-1,-1,-1,-1
2017460230125,2,9,0,18,0,0,0,0,0,0,4,1,6,2,46,8,1796,1,10,4,3,4
2017460230126,1,9,0,18,0,0,0,0,0,0,0,1,6,2,-1,-1,-1,-1,-1,-1,-1,-1
2017460230126,2,9,0,18,0,0,0,0,0,0,0,1,6,3,-1,-1,-1,-1,-1,-1,-1,-1
2017460230219,1,9,-1,17,0,0,0,7,7,0,1,1,5,2,61,9,1598,1,14,5,3,5
2017460230236,1,9,0,5,0,0,0,0,0,0,1,1,2,1,46,8,1968,2,8,6,3,6
2017460230236,2,9,0,17,0,0,0,0,0,0,1,1,2,1,34,6,1999,1,4,8,1,8
2017460230265,1,97,0,5,0,0,0,0,0,0,0,1,6,1,17,4,-1,-1,-1,-1,-1,-1
2017460230283,1,9,0,18,0,8,0,10,3,10,1,1,6,1,40,7,1839,1,12,-1,-1,-1
2017460230304,1,5,0,18,0,0,0,0,0,0,1,1,6,1,46,8,1130,1,14,-1,-1,-1
2017460230304,2,9,0,12,0,0,0,0,0,0,2,1,6,1,24,5,1999,2,-1,-1,-1,-1
2017460230306,1,9,0,18,0,0,0,0,0,0,1,1,6,2,71,10,2143,2,3,-1,-1,-1
2017460230306,2,9,0,2,0,0,0,0,0,0,3,1,6,3,-1,-1,1956,2,5,-1,-1,-1
2017460230306,3,9,0,2,0,0,0,0,0,0,3,1,6,3,-1,-1,1198,1,7,-1,-1,-1
2017460230306,4,9,0,2,0,0,0,0,0,0,3,1,6,3,-1,-1,1796,1,14,-1,-1,-1
2017460230362,1,9,0,1,0,0,0,0,0,0,0,1,1,3,37,7,-1,-1,-1,-1,-1,-1
2017460230362,2,1,0,5,9,0,0,11,0,0,0,1,3,2,4,1,-1,-1,-1,-1,-1,-1
2017460230494,1,11,0,4,0,0,0,0,0,0,1,1,1,3,-1,-1,3900,2,13,6,1,6
2017460230530,1,9,0,18,0,0,0,0,0,0,3,1,5,2,31,6,1997,2,13,7,1,7
2017460230532,1,1,-1,18,5,1,5,11,0,0,1,1,6,1,31,6,-1,-1,-1,3,1,3
2017460230540,1,21,1,11,0,1,0,0,0,0,4,1,1,1,49,8,12740,2,4,2,1,2
2017460230540,2,9,0,18,0,1,0,0,0,0,3,1,1,2,27,6,1598,1,7,10,3,10
2017460230570,1,9,0,18,0,2,0,0,0,0,3,1,2,2,42,7,1598,2,3,-1,-1,-1
2017460230698,1,21,0,6,0,1,0,0,0,0,1,1,1,1,31,6,-1,-1,-1,4,1,4
2017460230698,2,9,0,18,0,1,1,0,0,0,1,1,1,1,32,6,2143,2,2,3,1,3
2017460230709,1,9,0,18,0,1,0,0,0,0,1,1,6,1,25,5,-1,-1,-1,3,1,3
2017460230709,2,9,0,3,0,1,0,0,0,0,2,1,6,1,32,6,2993,2,6,3,1,3
2017460230735,1,9,0,18,0,0,2,0,2,0,1,1,1,1,22,5,1598,1,12,3,1,3
2017460230740,1,3,0,18,0,0,0,0,0,0,1,1,6,1,33,6,124,1,15,2,1,2
2017460230740,2,9,0,9,0,0,0,0,0,0,3,1,6,1,17,4,1299,1,19,1,1,1
2017460230762,1,11,0,18,0,2,0,0,0,0,0,1,1,1,46,8,8300,2,11,-1,-1,-1
2017460230767,1,3,0,18,0,1,0,0,0,0,1,1,6,1,18,4,124,1,12,1,1,1
2017460230767,2,9,0,5,0,1,0,0,0,0,3,1,6,1,36,7,1598,1,11,4,1,4
2017460230780,1,9,0,10,0,1,0,0,0,0,3,1,6,1,37,7,1596,1,15,4,1,4
2017460230780,2,9,0,18,0,1,0,0,0,0,1,1,6,1,19,4,1595,1,-1,7,3,7
2017460230861,1,9,0,5,0,4,0,0,1,0,1,1,6,1,87,11,1289,1,19,8,1,8
2017460230861,2,9,0,9,0,8,0,0,0,0,3,1,6,1,29,6,1598,2,2,2,1,2
2017460230887,1,9,0,18,0,0,5,0,0,0,4,1,6,1,33,6,1364,1,-1,6,2,6
2017460230887,2,98,1,18,0,0,0,0,0,0,1,1,2,1,58,9,-1,-1,-1,-1,-1,-1
2017460230892,1,9,0,18,0,0,0,0,0,0,1,1,6,2,28,6,875,1,4,5,3,5
2017460230899,1,9,0,18,0,0,1,0,0,0,1,1,6,3,-1,-1,-1,-1,-1,-1,-1,-1
2017460230899,2,1,0,18,0,0,0,0,0,0,1,1,5,1,17,4,-1,-1,-1,-1,-1,-1
2017460230919,1,9,0,18,0,0,0,0,2,0,4,1,6,2,76,11,796,1,9,6,1,6
2017460230961,1,19,0,13,0,0,0,0,0,0,3,1,1,1,60,9,2198,2,10,1,1,1
2017460230961,2,9,0,18,0,0,0,0,0,0,3,1,1,1,73,10,1198,1,3,7,1,7
2017460230961,3,19,0,2,0,0,0,0,0,0,2,1,6,1,-1,-1,2463,2,12,5,1,5
2017460230994,1,9,0,9,0,1,0,0,0,0,4,1,6,1,34,6,1975,1,15,7,1,7
2017460230994,2,5,0,18,0,1,0,0,0,0,1,1,6,1,21,5,599,1,20,6,1,6
2017460231004,1,9,0,12,0,0,5,0,0,0,1,1,2,1,24,5,1199,1,15,5,1,5
2017460231004,2,9,0,18,0,0,0,0,-1,0,2,1,2,2,-1,-1,1329,1,8,6,1,6
2017460231008,1,9,0,18,0,2,0,0,0,0,0,1,6,1,66,10,1685,2,4,6,1,6
2017460231040,1,9,0,12,0,0,0,0,0,0,1,1,6,1,24,5,1496,2,2,3,1,3
2017460231040,2,3,0,18,0,0,0,0,0,0,2,1,6,1,18,4,125,1,2,3,1,3
2017460231068,1,19,0,18,0,0,0,0,0,0,1,1,2,1,24,5,2143,2,2,2,1,2
2017460231068,2,9,5,18,0,0,2,0,2,0,2,1,6,1,25,5,3059,2,19,6,1,6
2017460231068,3,19,0,18,0,0,2,0,0,0,1,1,6,1,39,7,2402,2,6,4,1,4
2017460231068,4,9,0,18,0,0,0,0,0,0,1,1,6,1,46,8,1598,1,10,6,1,6
2017460231068,5,9,0,18,0,0,0,0,0,0,1,2,6,1,-1,-1,-1,-1,-1,-1,-1,-1
2017460231085,1,9,0,11,0,0,2,0,1,0,1,1,6,1,52,8,2143,2,3,2,1,2
2017460231088,1,5,0,18,0,0,0,0,0,0,1,1,5,1,-1,-1,806,1,4,4,1,4
2017460231088,2,9,0,9,0,0,0,0,0,0,4,1,5,1,60,9,1229,1,11,4,1,4
2017460231093,1,3,0,17,0,0,5,10,0,0,3,1,6,1,71,10,647,1,11,9,2,9
2017460231107,1,9,0,15,0,0,0,0,0,0,4,1,6,1,63,9,1997,2,4,4,1,4
2017460231107,2,9,0,2,0,0,0,0,0,0,3,1,3,2,32,6,1461,2,1,3,1,3
2017460231109,1,9,0,18,0,0,0,0,7,6,1,1,6,2,24,5,1299,1,10,4,1,4
2017460231113,1,9,0,18,0,1,0,0,0,0,-1,1,5,1,-1,-1,1229,1,11,7,3,7
2017460231113,2,9,0,3,0,1,0,0,0,0,-1,1,5,1,36,7,2969,2,10,8,1,8
2017460231113,3,9,0,10,0,5,-1,0,0,0,-1,1,5,3,-1,-1,-1,-1,-1,-1,-1,-1
2017460231117,1,9,4,18,0,0,4,0,1,0,3,1,1,1,41,7,2495,2,18,5,1,5
2017460231135,1,9,0,1,0,0,0,4,0,0,2,1,6,1,25,5,1389,1,15,2,1,2
2017460231135,2,9,0,2,0,0,0,0,0,0,1,1,6,2,21,5,1199,1,15,5,1,5
2017460231144,1,9,0,1,0,0,0,0,0,0,2,1,3,2,44,7,1560,2,7,8,1,8
2017460231153,1,1,0,18,0,0,1,0,0,0,-1,1,6,1,-1,-1,-1,-1,-1,-1,-1,-1
2017460231153,2,9,0,2,0,0,0,0,0,0,4,1,1,2,49,8,1398,1,5,4,1,4
2017460231166,1,90,0,18,0,0,0,0,0,0,4,1,6,3,-1,-1,-1,-1,-1,-1,-1,-1
2017460231188,1,9,0,18,0,0,0,0,0,0,1,1,6,1,72,10,1499,2,1,-1,-1,-1
2017460231188,2,9,0,18,0,0,0,0,0,0,2,1,5,1,25,5,998,1,-1,-1,-1,-1
2017460231194,1,9,0,9,0,1,0,0,0,0,3,1,6,1,56,9,1527,2,20,6,1,6
2017460231194,2,4,0,14,0,1,0,0,0,0,4,1,6,1,24,5,738,1,17,3,1,3
2017460231201,1,9,0,18,0,0,1,0,7,0,3,1,5,1,-1,-1,1299,1,12,-1,-1,-1
2017460231225,1,19,0,18,0,0,0,0,0,0,2,1,5,1,47,8,2143,2,1,-1,-1,-1
2017460231225,2,9,0,18,0,0,0,0,0,0,1,1,1,1,58,9,2231,2,7,-1,-1,-1
2017460231225,3,19,0,18,0,0,0,0,0,0,1,1,1,1,34,6,1560,2,-1,-1,-1,-1
2017460231225,4,9,0,18,0,0,0,0,0,0,1,1,5,1,27,6,1590,1,17,4,3,4
2017460231233,1,9,0,18,0,0,0,0,0,0,3,1,3,1,65,9,2179,2,7,9,3,9
2017460231241,1,9,0,3,0,4,0,0,0,0,1,1,6,1,31,6,1685,2,3,-1,-1,-1
2017460231263,1,9,0,3,0,0,0,0,0,0,1,1,5,1,21,5,1390,1,9,9,1,9
2017460231263,2,9,0,3,0,0,0,0,0,0,2,1,2,2,40,7,999,1,-1,4,3,4
2017460231370,1,9,0,4,0,0,1,0,4,6,1,1,2,2,22,5,1390,1,12,-1,-1,-1
2017460231370,2,9,0,4,0,0,0,0,0,0,2,1,2,1,56,9,2993,2,4,8,3,8
2017460231370,3,9,0,4,0,0,0,0,0,0,2,1,2,2,27,6,1368,1,-1,-1,-1,-1
2017460231411,1,9,0,18,0,0,1,0,0,0,1,1,2,1,52,8,1968,2,1,-1,-1,-1
2017460231411,2,21,0,18,0,0,2,0,7,10,1,1,1,1,28,6,9200,2,5,5,3,5
2017460231414,1,19,0,4,0,0,0,6,0,0,1,1,2,1,26,6,1753,2,9,3,1,3
2017460231414,2,19,0,3,0,0,0,0,0,0,2,1,2,1,46,8,1598,2,-1,9,1,9
2017460231435,1,9,0,17,0,0,5,0,0,0,1,1,6,1,23,5,1229,1,11,8,3,8
2017460231439,1,1,0,3,0,0,0,0,0,0,0,1,6,2,20,4,-1,-1,-1,3,1,3
2017460231439,2,9,0,3,0,0,0,0,0,0,1,1,6,1,18,4,1149,1,6,10,3,10
2017460231451,1,21,0,18,0,8,0,0,0,0,1,1,5,1,56,9,6700,2,2,8,1,8
2017460231451,2,9,0,18,0,8,0,0,0,0,2,1,5,2,37,7,1360,1,14,3,1,3
2017460231452,1,5,0,13,0,0,5,0,0,0,1,1,2,1,45,7,999,1,8,10,2,10
2017460231452,2,9,0,18,0,0,0,0,0,0,1,1,2,1,36,7,1598,1,3,1,1,1
2017460231452,3,11,0,4,0,0,0,0,0,0,2,1,6,1,58,9,4500,2,8,6,1,6
2017460231453,1,9,0,14,0,0,0,0,0,0,1,1,5,2,-1,-1,998,1,5,6,3,6
2017460231453,2,19,0,8,0,0,0,0,0,0,3,1,5,3,-1,-1,2299,2,1,1,1,1
2017460231464,1,9,0,3,0,0,0,0,0,0,1,1,6,1,21,5,1587,1,16,5,1,5
2017460231472,1,2,0,13,0,8,0,0,0,0,1,1,6,1,19,4,49,1,6,7,1,7
2017460231472,2,9,0,9,0,8,0,0,0,0,2,1,6,1,50,8,2720,2,11,6,2,6
2017460231481,1,9,0,17,0,4,0,0,0,0,3,1,5,2,33,6,1200,1,2,3,1,3
2017460231481,2,21,1,17,0,4,0,0,0,0,2,1,6,1,40,7,12900,2,6,-1,-1,-1
2017460231482,1,9,0,5,0,6,0,0,0,0,1,1,6,1,42,7,1596,1,13,4,1,4
2017460231482,2,1,0,18,0,1,0,0,0,0,4,1,2,1,44,7,-1,-1,-1,2,1,2
2017460231514,1,19,0,18,0,0,0,0,0,0,1,1,1,1,27,6,2143,2,2,3,1,3
2017460231514,2,21,1,18,0,0,0,0,0,0,2,1,1,1,61,9,12809,2,2,6,1,6
2017460231523,1,9,0,3,0,0,0,0,0,0,1,1,6,1,52,8,1461,2,8,5,1,5
2017460231533,1,9,0,18,0,2,0,0,0,0,1,1,2,1,46,8,1240,1,8,5,1,5
2017460231540,1,9,0,3,0,1,0,0,0,0,1,1,6,1,65,9,-1,-1,-1,3,1,3
2017460231568,1,9,0,17,0,0,1,0,0,0,3,1,5,1,22,5,2143,2,4,4,1,4
2017460231568,2,9,0,17,0,0,1,4,0,0,3,1,5,2,44,7,1598,1,9,2,1,2
2017460231568,3,9,0,2,0,0,0,4,0,0,1,1,5,1,37,7,1400,1,13,7,1,7
2017460231568,4,9,0,2,0,0,0,0,0,0,0,1,5,1,37,7,1995,2,8,7,1,7
2017460231583,1,19,0,11,0,0,0,0,0,0,1,1,1,1,44,7,2143,2,6,3,1,3
2017460231583,2,98,1,18,0,0,0,0,0,0,2,1,1,1,47,8,-1,-1,-1,-1,-1,-1
2017460231596,1,1,5,3,0,0,0,0,0,0,1,1,6,1,23,5,-1,-1,-1,8,1,8
2017460231596,2,9,0,2,0,0,0,0,0,0,2,1,6,1,40,7,-1,-1,-1,2,2,2
2017460231754,1,9,0,9,0,0,0,10,1,0,3,1,6,1,80,11,1388,1,7,2,1,2
2017460231754,2,9,0,18,0,0,0,0,0,0,1,1,6,1,35,6,2995,1,1,4,1,4
2017460231765,1,9,0,11,0,0,1,4,7,0,1,1,6,1,41,7,1794,1,13,4,1,4
2017460231765,2,9,0,2,0,0,0,0,1,0,2,1,2,2,51,8,1686,2,14,5,2,5
2017460231780,1,9,0,16,0,0,1,0,0,0,1,1,6,1,28,6,1988,1,15,7,1,7
2017460231783,1,5,0,16,0,0,1,0,7,0,1,1,6,1,44,7,675,1,7,5,1,5
2017460231783,2,9,0,17,0,0,0,0,0,0,4,1,6,1,82,11,998,1,4,7,2,7
2017460231794,1,9,0,18,0,0,0,0,0,0,4,1,3,2,34,6,1587,1,12,3,1,3
2017460231794,2,1,0,18,0,0,0,0,0,0,3,1,6,2,-1,-1,-1,-1,-1,8,1,8
2017460231846,1,9,0,18,0,6,0,0,1,0,3,1,2,1,24,5,1596,1,10,6,1,6
2017460231846,2,9,0,18,0,8,0,0,1,0,4,1,2,1,21,5,1997,2,12,3,1,3
2017460231862,1,9,0,5,0,5,0,0,0,0,1,1,2,1,41,7,1896,2,9,10,1,10
2017460231862,2,3,0,14,0,1,0,0,0,0,1,1,6,1,20,4,124,1,1,6,3,6
2017460231867,1,11,0,18,0,0,0,0,0,0,0,1,3,1,43,7,8268,2,13,-1,-1,-1
2017460231879,1,9,0,17,0,1,0,0,0,0,1,1,2,1,27,6,-1,-1,-1,-1,-1,-1
2017460231879,2,9,0,10,0,1,0,0,0,0,2,1,6,2,31,6,1598,1,5,-1,-1,-1
2017460231898,1,9,0,18,0,0,0,0,0,0,1,1,6,2,73,10,998,1,1,10,2,10
2017460231898,2,9,0,2,0,0,0,4,0,0,2,1,6,2,-1,-1,-1,-1,-1,7,1,7
2017460231898,3,9,0,2,0,0,0,4,0,0,2,1,6,1,56,9,1248,1,2,7,1,7
2017460231928,1,9,0,18,0,0,0,4,1,0,1,1,6,2,68,10,1560,2,3,-1,-1,-1
2017460231928,2,19,0,2,9,0,0,0,0,0,2,1,6,1,48,8,2143,2,3,8,1,8
2017460231929,1,9,0,18,0,0,0,0,0,0,3,1,6,1,21,5,1339,1,9,4,1,4
2017460231944,1,9,0,18,0,0,0,0,7,0,4,1,6,2,21,5,1149,1,7,-1,-1,-1
2017460231954,1,19,0,18,0,0,0,0,0,0,1,1,6,1,32,6,2287,2,5,-1,-1,-1
2017460231954,2,9,0,18,0,0,0,0,1,0,2,1,6,1,46,8,1997,2,14,-1,-1,-1
2017460231998,1,9,0,16,0,0,1,0,8,11,3,1,6,1,22,5,1984,1,16,3,1,3
2017460232000,1,9,0,4,0,0,2,0,0,0,1,1,1,1,22,5,-1,-1,-1,1,3,1
2017460232000,2,9,0,4,0,0,0,0,0,0,2,1,1,1,40,7,2967,2,3,5,1,5
2017460232014,1,9,0,5,0,0,0,0,0,0,1,1,6,2,87,11,1596,1,11,3,1,3
2017460232014,2,9,0,3,0,0,0,0,0,0,2,1,6,2,74,10,1242,1,5,3,1,3
2017460232014,3,9,0,3,0,0,0,0,0,0,2,1,6,2,57,9,1598,1,8,3,1,3
2017460232014,4,9,0,3,0,0,0,0,0,0,2,1,6,2,56,9,1461,2,-1,4,3,4
2017460232032,1,9,0,12,0,0,0,0,0,0,3,1,2,2,23,5,1587,1,13,10,2,10
2017460232032,2,9,0,18,0,0,0,0,0,0,4,1,2,2,50,8,1591,1,-1,-1,-1,-1
2017460232070,1,1,0,18,0,0,0,0,0,0,1,1,2,2,42,7,-1,-1,-1,-1,-1,-1
2017460232106,1,9,0,18,0,2,0,0,0,0,1,1,2,2,35,6,1796,1,10,1,1,1
2017460232106,2,9,0,3,0,2,0,0,0,0,2,1,2,2,21,5,1364,1,9,2,1,2
2017460232163,1,9,0,18,0,1,0,0,0,0,1,1,6,1,25,5,1968,2,12,1,1,1
2017460232163,2,9,0,9,0,1,0,0,0,0,1,1,6,2,49,8,998,1,-1,1,1,1
2017460232167,1,1,0,3,9,0,0,0,0,0,4,1,3,1,13,3,-1,-1,-1,8,1,8
2017460232167,2,9,0,18,0,0,0,0,0,0,1,1,1,2,69,10,1248,1,6,8,1,8
2017460232179,1,9,0,18,0,1,0,0,2,0,1,1,6,2,29,6,2148,2,13,7,3,7
2017460232180,1,9,0,18,0,0,0,0,0,0,1,1,6,1,30,6,-1,-1,-1,5,1,5
2017460232180,2,9,0,4,0,0,0,0,0,0,2,1,6,2,35,6,1598,2,1,1,1,1
2017460232180,3,9,0,4,0,0,0,0,0,0,2,1,6,2,68,10,1595,1,-1,10,1,10
2017460232180,4,9,0,18,0,0,0,0,0,0,4,1,6,1,42,7,1995,2,2,10,1,10
2017460232190,1,9,0,9,0,1,0,0,0,0,4,1,6,2,25,5,1398,1,2,-1,-1,-1
2017460232190,2,9,0,18,0,1,0,0,0,0,1,1,6,1,25,5,2993,2,10,-1,-1,-1
2017460232193,1,9,0,16,0,0,0,0,0,0,3,1,5,2,22,5,1496,2,2,-1,-1,-1
2017460232193,2,9,0,9,0,0,0,0,0,0,2,1,5,1,56,9,-1,-1,-1,5,3,5
2017460232193,3,9,0,3,0,0,0,0,0,0,3,1,5,2,57,9,1499,1,1,8,3,8
2017460232197,1,9,0,18,0,0,1,0,0,0,3,2,6,1,30,6,-1,-1,-1,4,1,4
2017460232197,2,9,0,18,0,0,0,0,0,0,3,1,6,2,39,7,1997,2,4,6,3,6
2017460232200,1,9,0,18,0,0,2,0,7,4,1,1,6,1,23,5,1596,1,14,9,1,9
2017460232200,2,9,0,2,0,0,0,0,0,0,1,1,6,3,-1,-1,1997,2,12,-1,-1,-1
2017460232206,1,9,0,18,0,0,0,0,1,11,1,1,6,1,60,9,2993,2,-1,9,3,9
2017460232206,2,9,0,2,0,0,0,0,0,0,3,1,6,3,-1,-1,2544,1,17,-1,-1,-1
2017460232228,1,9,0,18,0,0,0,0,0,0,3,1,6,2,33,6,1299,1,11,8,1,8
2017460232230,1,9,0,18,0,0,0,0,0,0,1,1,6,1,31,6,1995,2,3,5,1,5
2017460232230,2,98,1,18,0,0,0,0,0,0,2,1,6,1,30,6,-1,-1,-1,-1,-1,-1
2017460232256,1,9,0,18,9,0,0,0,1,10,4,1,6,1,56,9,1368,1,9,2,1,2
2017460232256,2,9,0,18,9,0,0,0,7,0,1,1,1,1,33,6,1499,1,-1,5,1,5
2017460232256,3,-1,0,18,0,0,0,0,0,0,0,1,1,3,-1,-1,-1,-1,-1,-1,-1,-1
2017460232261,1,1,0,18,9,0,5,0,0,0,1,1,2,1,17,4,-1,-1,-1,7,3,7
2017460232261,2,9,0,5,9,0,0,0,0,0,4,1,6,2,-1,-1,1198,1,9,7,1,7
2017460232265,1,9,0,13,0,8,0,0,0,0,3,1,2,2,43,7,1197,1,1,-1,-1,-1
2017460232265,2,9,0,18,0,8,0,0,0,0,3,1,2,1,56,9,1363,2,12,-1,-1,-1
2017460232305,1,9,0,13,0,0,0,0,0,0,1,1,5,1,20,4,1896,2,14,3,1,3
2017460232305,2,9,0,17,0,0,0,0,0,0,1,1,1,1,55,8,1618,1,2,4,1,4
2017460232305,3,9,0,16,0,0,0,0,0,0,0,1,1,1,50,8,1796,1,13,10,1,10
2017460232312,1,5,0,18,0,3,0,0,0,0,1,1,6,1,54,8,599,1,22,2,1,2
2017460232312,2,9,0,18,0,3,0,0,0,0,2,1,6,2,60,9,1560,2,2,2,1,2
2017460232313,1,9,0,18,0,0,1,11,7,4,1,1,6,1,20,4,1242,1,11,6,3,6
2017460232323,1,5,0,17,0,0,0,0,1,10,1,1,2,1,19,4,600,1,15,2,1,2
2017460232332,1,19,0,18,0,0,0,0,0,0,1,1,6,1,24,5,2402,2,13,-1,-1,-1
2017460232332,2,9,0,18,0,0,0,0,0,0,2,1,6,2,20,4,1248,2,3,-1,-1,-1
2017460232332,3,9,0,18,0,0,0,0,0,0,2,1,6,1,21,5,1586,1,-1,-1,-1,-1
2017460232336,1,9,0,18,0,0,0,0,0,0,1,1,6,2,30,6,2148,2,8,1,1,1
2017460232336,2,9,0,18,0,0,0,0,0,0,2,1,5,2,48,8,2497,1,6,4,1,4
2017460232336,3,19,0,4,0,0,0,0,0,0,2,1,5,1,42,7,2977,2,8,3,1,3
2017460232355,1,9,0,17,0,1,0,0,0,0,1,1,2,1,21,5,1360,1,13,-1,-1,-1
2017460232355,2,9,0,16,0,1,0,0,0,0,1,1,6,1,30,6,1686,2,5,-1,-1,-1
2017460232355,3,9,0,16,0,1,0,0,0,0,1,1,6,1,35,6,1598,1,3,-1,-1,-1
2017460232359,1,9,0,18,0,0,0,0,0,0,1,1,6,1,21,5,1600,2,7,9,1,9
2017460232359,2,9,0,4,0,0,0,0,0,0,2,1,6,2,33,6,1461,2,1,9,1,9
2017460232359,3,9,0,4,0,0,0,0,0,0,2,1,6,1,70,10,1995,2,6,5,3,5
2017460232364,1,9,0,18,0,0,1,0,0,0,1,1,5,1,17,4,-1,-1,-1,4,2,4
2017460232364,2,9,0,3,0,0,0,0,0,0,2,1,1,1,70,10,-1,-1,-1,-1,-1,-1
2017460232375,1,9,0,18,0,0,0,0,0,0,1,1,6,2,51,8,1796,1,11,-1,-1,-1
2017460232391,1,9,0,9,0,5,0,0,0,0,1,1,6,1,63,9,1796,1,11,4,1,4
2017460232391,2,9,0,18,0,1,1,0,0,0,1,1,6,1,46,8,1796,1,15,7,1,7
2017460232403,1,9,0,18,0,0,0,0,0,0,1,1,5,1,34,6,1999,1,11,7,1,7
2017460232403,2,9,0,3,0,0,0,0,0,0,2,1,5,1,32,6,2495,2,19,4,1,4
2017460232419,1,9,0,17,0,0,0,0,0,0,1,1,6,1,74,10,1910,2,7,5,1,5
2017460232419,2,5,0,16,0,0,0,0,0,0,1,1,6,1,36,7,999,1,5,9,1,9
2017460232436,1,9,0,18,0,0,0,0,0,0,1,1,5,2,55,8,1896,2,10,5,3,5
2017460232453,1,9,0,18,0,0,0,0,0,0,1,1,5,3,-1,-1,1598,1,10,-1,-1,-1
2017460232453,2,9,0,3,0,0,0,0,0,0,2,1,5,1,24,5,1390,1,9,8,1,8
2017460232468,1,9,0,4,0,2,0,0,0,0,1,1,6,1,21,5,-1,-1,-1,5,1,5
2017460232468,2,9,0,2,0,1,0,4,0,0,2,1,6,2,37,7,1398,1,7,5,1,5
2017460232468,3,9,0,2,0,1,0,4,0,0,2,1,6,1,37,7,2199,2,6,5,1,5
2017460232468,4,9,0,2,0,1,0,4,0,0,2,1,6,2,37,7,1248,2,8,5,1,5
2017460232474,1,9,0,9,0,5,0,0,0,0,1,1,5,2,28,6,1968,2,13,-1,-1,-1
2017460232474,2,9,0,18,0,1,0,0,0,0,1,1,5,2,69,10,1598,1,14,-1,-1,-1
2017460232537,1,9,0,5,0,8,0,0,0,0,1,1,6,1,33,6,1248,1,1,4,1,4
2017460232537,2,9,0,18,0,8,0,0,0,0,1,1,6,1,52,8,1769,1,13,4,1,4