Accident_Index,Vehicle_Reference,Vehicle_Type,Towing_and_Articulation,Vehicle_Manoeuvre,Vehicle_Location-Restricted_Lane,Junction_Location,Skidding_and_Overturning,Hit_Object_in_Carriageway,Vehicle_Leaving_Carriageway,Hit_Object_off_Carriageway,1st_Point_of_Impact,Was_Vehicle_Left_Hand_Drive?,Journey_Purpose_of_Driver,Sex_of_Driver,Age_of_Driver,Age_Band_of_Driver,Engine_Capacity_(CC),Propulsion_Code,Age_of_Vehicle,Driver_IMD_Decile,Driver_Home_Area_Type,Vehicle_IMD_Decile
2017460235725,2,9,0,2,0,0,0,10,0,0,3,1,6,1,30,6,1796,2,4,6,1,6
2017460235735,1,9,0,9,0,1,0,0,0,0,1,1,6,1,-1,-1,-1,-1,-1,-1,-1,-1
2017460235738,1,9,0,4,0,0,0,0,0,0,1,1,6,1,28,6,-1,-1,-1,-1,-1,-1
2017460235738,2,9,0,4,0,0,0,0,0,0,2,1,6,1,38,7,1984,1,15,-1,-1,-1
2017460235738,3,9,0,4,0,0,0,0,0,0,2,1,6,2,41,7,2993,2,11,-1,-1,-1
2017460235752,1,9,0,9,0,0,0,0,0,0,1,1,5,3,-1,-1,-1,-1,-1,-1,-1,-1
2017460235752,2,3,0,18,0,0,0,0,0,0,2,1,5,1,19,4,125,1,2,-1,-1,-1
2017460235753,1,9,0,18,0,0,0,0,0,0,1,1,6,1,20,4,-1,-1,-1,3,1,3
2017460235765,1,8,0,18,0,8,0,0,0,0,3,1,1,1,29,6,1798,8,1,-1,-1,-1
2017460235765,2,1,0,9,0,8,0,0,0,0,1,1,2,1,48,8,-1,-1,-1,7,1,7
2017460235775,1,9,0,15,0,0,0,4,0,0,1,1,6,1,83,11,1590,1,22,-1,-1,-1
2017460235775,2,9,0,2,0,0,0,0,0,0,2,1,6,1,48,8,1995,2,1,-1,-1,-1
2017460235776,1,9,0,18,0,3,0,0,0,0,1,1,6,1,45,7,1499,2,-1,1,1,1
2017460235785,1,9,0,18,0,8,0,0,0,0,3,1,6,1,22,5,1596,1,2,-1,-1,-1
2017460235785,2,9,0,18,0,8,0,0,0,0,1,1,6,1,-1,-1,2198,2,2,4,1,4
2017460235798,1,19,0,7,0,1,0,0,0,0,1,1,2,1,33,6,1868,2,12,5,3,5
2017460235806,1,9,0,18,0,5,0,0,0,0,4,1,6,1,83,11,1598,1,18,8,1,8
2017460235806,2,1,0,17,0,1,0,0,0,0,3,1,6,1,45,7,-1,-1,-1,7,1,7
2017460235807,1,19,0,18,0,0,0,0,0,0,1,1,6,3,-1,-1,1560,2,3,6,2,6
2017460235807,2,9,0,3,0,0,0,0,0,0,2,1,1,2,43,7,1275,1,19,6,1,6
2017460235825,1,9,0,18,0,0,5,0,1,0,1,1,1,1,40,7,1998,2,12,-1,-1,-1
2017460235842,1,9,0,18,0,0,0,0,0,0,1,1,1,1,54,8,1248,2,1,7,1,7
2017460235842,2,9,0,18,0,0,0,0,0,0,2,1,6,2,31,6,1461,2,3,4,1,4
2017460235859,1,9,0,18,0,1,0,7,0,0,1,1,6,1,38,7,-1,-1,-1,7,3,7
2017460235891,1,9,0,3,0,0,0,0,0,0,2,1,5,2,38,7,1390,1,5,7,3,7
2017460235891,2,9,0,3,0,0,0,0,0,0,1,1,5,1,32,6,1598,1,13,10,1,10
2017460235940,1,9,0,5,0,0,0,0,0,0,1,1,5,1,29,6,1968,2,10,9,2,9
2017460235940,2,9,0,18,0,0,0,0,0,0,1,1,5,2,44,7,1396,1,8,4,1,4
2017460235981,1,21,4,18,0,0,1,0,0,0,1,1,1,1,25,5,7790,2,3,2,1,2
2017460235981,2,9,0,18,0,0,0,0,0,0,2,1,2,2,21,5,1390,1,4,10,1,10
2017460235982,1,9,0,9,0,1,0,0,0,0,1,1,5,1,24,5,1910,2,14,-1,-1,-1
2017460235992,1,9,0,4,0,0,0,0,0,0,1,1,6,1,68,10,1596,1,15,1,1,1
2017460235992,2,9,0,3,0,0,0,0,0,0,2,1,6,1,22,5,1896,2,13,2,1,2
2017460236012,1,9,0,9,0,6,0,0,0,0,1,1,6,1,80,11,2720,2,10,2,1,2
2017460236012,2,9,0,18,0,8,0,0,0,0,4,1,1,1,27,6,1229,1,12,1,1,1
2017460236024,1,9,0,18,0,1,0,0,0,0,1,1,2,1,24,5,1198,1,11,-1,-1,-1
2017460236024,2,9,0,4,0,1,0,0,0,0,2,1,5,1,28,6,1798,1,8,-1,-1,-1
2017460236024,3,20,0,4,0,1,0,0,0,0,2,1,5,1,48,8,2998,2,-1,-1,-1,-1
2017460236060,1,9,0,18,0,8,0,0,0,0,1,1,2,1,33,6,1995,2,15,4,1,4
2017460236072,1,19,0,18,0,2,0,0,0,0,1,1,6,1,30,6,2500,2,10,1,1,1
2017460236072,2,9,0,2,0,2,0,0,0,0,2,1,6,2,28,6,1598,1,11,5,1,5
2017460236077,1,1,0,18,9,1,0,0,0,0,1,1,6,1,-1,-1,-1,-1,-1,-1,-1,-1
2017460236077,2,19,0,5,0,2,0,0,0,0,4,1,6,1,33,6,1560,2,2,2,1,2
2017460236082,1,3,0,18,0,0,0,0,0,0,1,1,5,1,-1,-1,124,1,15,-1,-1,-1
2017460236082,2,9,0,7,0,0,0,0,0,0,1,1,5,1,45,7,2400,2,5,10,1,10
2017460236084,1,9,0,9,0,8,0,0,0,0,4,1,3,2,45,7,1595,1,15,3,1,3
2017460236084,2,9,0,18,0,8,0,0,0,0,1,1,6,2,20,4,1299,1,13,5,3,5
2017460236094,1,9,0,4,0,4,0,0,0,0,1,1,6,3,-1,-1,-1,-1,-1,-1,-1,-1
2017460236094,2,9,0,5,0,3,0,0,0,0,2,1,3,2,17,4,998,1,17,7,3,7
2017460236097,1,9,0,9,0,2,5,0,0,0,4,1,1,1,41,7,1686,2,3,6,1,6
2017460236097,2,9,0,18,0,2,5,0,0,0,1,1,5,1,20,4,1364,1,9,4,2,4
2017460236109,1,19,0,7,0,2,0,0,0,0,1,1,1,1,25,5,2287,2,2,1,1,1
2017460236118,1,9,0,9,0,0,0,0,0,0,1,1,6,3,-1,-1,1360,1,13,-1,-1,-1
2017460236118,2,9,0,9,0,0,0,0,0,0,2,1,6,1,35,6,1598,1,15,6,1,6
2017460236125,1,9,0,9,0,1,0,0,0,0,1,1,6,2,37,7,1598,1,10,2,1,2
2017460236125,2,2,0,18,0,1,0,0,0,0,3,1,2,1,17,4,49,1,16,1,1,1
2017460236127,1,9,0,3,0,4,0,0,0,0,1,1,5,2,-1,-1,1299,1,14,7,1,7
2017460236127,2,9,0,18,0,4,0,0,0,0,2,1,5,2,21,5,1248,1,8,9,1,9
2017460236134,1,1,0,18,0,0,1,0,0,0,1,1,5,1,-1,-1,-1,-1,-1,-1,-1,-1
2017460236134,2,9,0,18,0,0,0,0,0,0,4,1,5,1,36,7,1997,2,12,5,1,5
2017460236138,1,9,0,18,0,0,0,0,0,0,4,1,5,3,-1,-1,-1,-1,-1,-1,-1,-1
2017460236145,1,9,0,1,0,0,0,0,0,0,3,1,5,1,31,6,1997,2,3,4,3,4
2017460236149,1,9,0,4,0,0,0,0,0,0,1,1,5,1,46,8,1596,1,10,2,1,2
2017460236149,2,9,0,4,0,0,0,0,0,0,2,1,2,1,34,6,1596,1,16,2,1,2
2017460236305,1,9,0,18,0,1,0,0,0,0,4,1,6,2,27,6,1995,2,4,10,1,10
2017460236305,2,9,0,18,0,1,0,0,0,0,2,1,6,2,61,9,2179,2,4,-1,-1,-1
2017460236360,1,-1,0,16,0,1,0,0,0,0,0,1,6,3,-1,-1,-1,-1,-1,-1,-1,-1
2017460236360,2,3,0,18,0,1,0,0,0,0,0,1,6,1,20,4,125,1,-1,6,2,6
2017460236394,1,-1,0,18,0,0,0,0,0,0,0,1,6,3,-1,-1,-1,-1,-1,-1,-1,-1
2017460236394,2,9,0,18,0,0,2,0,1,4,1,1,6,1,18,4,1975,1,11,4,1,4
2017460236474,1,5,0,14,0,6,0,0,0,0,1,1,6,1,32,6,953,1,12,7,1,7
2017460236474,2,9,0,10,0,5,0,0,0,0,3,1,6,2,46,8,1390,1,6,3,1,3
2017460236481,1,9,0,18,0,0,0,0,0,0,3,1,5,2,26,6,1390,1,7,-1,-1,-1
2017460236510,1,5,0,16,0,0,0,0,0,0,1,1,6,1,37,7,1237,1,7,8,3,8
2017460236510,2,9,0,17,0,0,0,0,0,0,1,1,6,1,44,7,1796,1,11,9,1,9
2017460236519,1,9,0,18,0,3,0,0,0,0,1,1,6,2,27,6,2777,2,10,7,1,7
2017460236538,1,19,0,9,0,0,0,0,0,0,3,1,6,1,37,7,2148,2,10,1,1,1
2017460236538,2,5,0,3,0,0,2,0,1,0,3,1,6,1,68,10,980,1,23,7,1,7
2017460236538,3,9,0,2,0,0,0,0,0,0,3,1,6,1,60,9,-1,-1,-1,4,1,4
2017460236581,1,9,0,18,0,2,0,0,0,0,1,1,5,2,29,6,998,1,-1,7,1,7
2017460236610,1,1,0,5,0,0,0,0,0,0,4,1,5,1,26,6,-1,-1,-1,-1,-1,-1
2017460236610,2,9,0,18,9,0,0,0,0,0,1,1,6,3,-1,-1,-1,-1,-1,-1,-1,-1
2017460236616,1,9,0,18,0,1,0,0,0,0,1,1,6,3,50,8,-1,-1,-1,-1,-1,-1
2017460236619,1,9,0,10,0,1,0,0,0,0,1,1,1,1,38,7,-1,-1,-1,2,1,2
2017460236619,2,19,0,3,0,1,0,0,0,0,2,1,6,1,35,6,1753,2,12,8,3,8
2017460236619,3,9,0,3,0,1,0,0,0,0,2,1,6,1,33,6,1995,2,7,5,2,5
2017460236619,4,9,0,18,0,1,0,0,0,0,0,1,6,2,-1,-1,1968,2,3,6,3,6
2017460236642,1,9,0,9,0,0,0,0,0,0,3,1,6,2,38,7,1995,2,8,2,1,2
2017460236642,2,9,0,18,0,0,0,0,0,0,4,1,6,2,50,8,1242,1,15,3,1,3
2017460236656,1,3,0,18,0,0,0,0,0,0,1,1,6,1,18,4,124,1,-1,2,1,2
2017460236668,1,9,0,18,0,0,0,0,0,0,1,1,6,2,54,8,2143,2,7,6,3,6
2017460236668,2,9,0,18,0,0,1,0,0,0,1,1,6,1,49,8,1896,2,13,7,3,7
2017460236705,1,1,0,4,0,0,0,0,0,0,0,1,6,1,66,10,-1,-1,-1,10,3,10
2017460236725,1,4,0,18,0,0,0,0,0,0,3,1,6,1,20,4,471,1,-1,8,3,8
2017460236725,2,11,0,3,0,0,0,0,0,0,1,1,1,1,60,9,8300,2,11,1,1,1
2017460236725,3,11,0,3,0,0,0,0,0,0,4,1,1,1,44,7,8300,2,11,8,1,8
2017460236726,1,19,0,2,0,0,0,0,0,0,0,1,6,1,34,6,2198,2,1,-1,-1,-1
2017460236726,2,21,4,18,0,0,0,0,0,0,0,1,6,1,-1,-1,6692,2,4,-1,-1,-1
2017460236726,3,16,0,18,0,0,0,0,0,0,0,1,6,2,56,9,-1,-1,-1,7,3,7
2017460236759,1,9,0,18,0,0,0,0,0,0,3,1,6,3,-1,-1,-1,-1,-1,-1,-1,-1
2017460236774,1,3,0,18,0,0,0,0,0,0,1,1,6,3,-1,-1,487,1,9,-1,-1,-1
2017460236840,1,9,0,18,0,0,0,0,0,0,1,1,6,1,44,7,1794,1,14,4,1,4
2017460236840,2,9,0,4,0,0,0,0,0,0,2,1,6,1,63,9,1968,2,5,3,1,3
2017460236881,1,9,0,18,0,0,0,0,0,0,1,1,2,2,24,5,1242,1,2,6,3,6
2017460236881,2,9,0,3,0,0,0,0,0,0,2,1,6,2,26,6,1986,2,9,6,2,6
2017460236902,1,21,1,17,0,8,5,10,7,0,3,1,1,1,38,7,12809,2,3,9,1,9
2017460236904,1,9,0,16,0,0,0,0,0,0,1,1,1,1,29,6,-1,-1,-1,3,1,3
2017460236904,2,9,0,3,0,0,0,0,0,0,2,1,1,2,47,8,998,1,-1,4,3,4
2017460236904,3,9,0,3,0,0,0,0,0,0,2,1,6,3,-1,-1,-1,-1,-1,-1,-1,-1
2017460236936,1,9,0,18,0,1,0,0,0,0,3,1,5,2,70,10,1686,2,6,1,1,1
2017460236936,2,9,0,9,0,4,0,0,0,0,1,1,5,2,59,9,1596,1,14,6,1,6
2017460237010,1,9,-1,18,0,0,1,0,4,6,2,1,6,2,63,9,1399,1,13,10,1,10
2017460237022,1,9,0,5,0,1,0,0,0,0,1,1,6,1,68,10,1598,2,5,3,1,3
2017460237022,2,1,0,9,0,1,0,0,0,0,1,1,6,1,42,7,-1,-1,-1,4,1,4
2017460237064,1,9,0,5,0,1,0,0,0,0,1,1,6,1,75,10,1596,1,10,6,1,6
2017460237064,2,9,0,18,0,1,0,0,0,0,4,1,6,1,71,10,1596,1,11,7,2,7
2017460237074,1,19,0,18,0,0,0,0,0,0,1,1,1,1,37,7,1870,2,14,5,1,5
2017460237074,2,19,0,9,0,0,0,0,0,0,2,1,1,1,48,8,1968,2,1,5,1,5
2017460237090,1,9,0,18,0,1,0,0,0,0,1,1,5,1,50,8,1461,2,3,-1,-1,-1
2017460237090,2,9,0,4,0,1,0,0,0,0,2,1,5,2,69,10,2987,2,8,-1,-1,-1
2017460237110,1,98,0,4,0,2,0,0,0,0,0,1,6,3,37,7,-1,-1,-1,-1,-1,-1
2017460237110,2,23,0,4,0,1,1,0,0,0,1,1,6,1,16,4,-1,-1,-1,9,1,9
2017460237110,3,9,0,4,0,1,0,0,0,0,2,1,6,3,37,7,-1,-1,-1,-1,-1,-1
2017460237112,1,9,0,11,0,0,0,0,0,0,3,1,6,1,25,5,-1,-1,-1,4,1,4
2017460237125,1,9,0,11,0,8,0,0,0,0,3,1,6,2,27,6,1229,1,12,7,1,7
2017460237125,2,5,0,11,0,8,0,0,0,0,4,1,6,1,54,8,675,1,8,10,1,10
2017460237132,1,1,0,18,0,0,0,0,0,0,0,1,2,1,38,7,-1,-1,-1,5,1,5
2017460237141,1,9,0,18,0,8,0,0,0,0,1,1,2,2,38,7,1560,2,1,8,1,8
2017460237141,2,9,0,18,0,8,0,0,0,0,3,1,6,2,58,9,1598,1,9,6,3,6
2017460237153,1,9,0,4,0,0,1,0,0,0,1,1,6,3,-1,-1,-1,-1,-1,-1,-1,-1
2017460237153,2,9,0,4,0,0,0,0,0,0,2,1,6,1,23,5,1398,2,5,9,1,9
2017460237153,3,9,0,4,0,0,0,0,0,0,2,2,6,1,79,11,2997,1,12,6,1,6
2017460237156,1,3,0,18,0,0,0,0,0,0,4,1,1,1,21,5,124,1,5,2,3,2
2017460237156,2,9,0,9,0,0,0,0,0,0,2,1,1,1,55,8,1997,2,8,4,3,4
2017460237211,1,9,0,18,0,0,0,0,0,0,2,1,6,1,50,8,1461,2,2,7,2,7
2017460237211,2,1,0,9,0,0,0,0,0,0,1,1,6,1,52,8,-1,-1,-1,9,1,9
2017460237254,1,9,0,16,0,5,0,0,0,0,0,1,6,3,-1,-1,-1,-1,-1,-1,-1,-1
2017460237254,2,3,0,16,0,5,0,0,0,0,0,1,6,1,17,4,124,1,5,8,1,8
2017460237266,1,5,0,18,0,0,0,0,0,0,3,1,5,1,19,4,599,1,25,-1,-1,-1
2017460237266,2,9,0,18,0,0,0,0,0,0,3,1,5,2,35,6,1461,2,7,-1,-1,-1
2017460237281,1,9,0,18,0,1,0,0,0,0,1,1,6,1,79,11,1798,8,-1,8,1,8
2017460237281,2,9,0,18,0,1,0,0,0,0,1,1,6,2,68,10,1598,1,13,10,1,10
2017460237290,1,9,0,6,0,0,0,0,0,0,3,1,1,2,49,8,1598,2,-1,7,1,7
2017460237290,2,4,0,18,0,0,0,0,0,0,1,1,5,1,19,4,599,1,18,7,1,7
2017460237290,3,19,0,2,0,0,0,0,0,0,4,1,6,3,-1,-1,-1,-1,-1,-1,-1,-1
2017460237371,1,9,0,3,0,0,0,0,0,0,3,1,6,1,-1,-1,-1,-1,-1,-1,-1,-1
2017460237371,2,5,0,18,0,0,1,0,7,0,4,1,1,2,41,7,1441,1,3,10,1,10
2017460237393,1,-1,0,12,0,0,0,0,0,0,0,1,6,3,-1,-1,-1,-1,-1,-1,-1,-1
2017460237393,2,11,0,18,0,0,1,0,0,0,0,1,1,1,-1,-1,4250,2,11,-1,-1,-1
2017460237398,1,9,0,18,0,0,0,0,0,0,1,1,6,2,52,8,1248,1,7,7,1,7
2017460237454,1,9,0,18,0,0,0,4,0,0,1,1,1,1,29,6,1998,1,13,-1,-1,-1
2017460237454,2,9,0,2,0,0,0,0,1,2,2,1,5,1,22,5,1560,2,-1,-1,-1,-1
2017460237518,1,9,0,16,0,0,0,0,0,0,1,1,6,2,42,7,1390,1,9,4,1,4
2017460237518,2,11,0,17,0,0,0,0,0,0,1,1,1,1,50,8,9000,2,1,4,1,4
2017460237526,1,9,0,16,0,0,0,0,0,0,1,1,6,2,19,4,1598,1,14,6,1,6
2017460237526,2,9,0,17,0,0,0,0,0,0,3,1,6,1,71,10,1968,2,3,-1,-1,-1
2017460237535,1,20,1,18,0,0,0,0,0,0,3,2,1,1,37,7,-1,-1,-1,-1,-1,-1
2017460237535,2,9,0,18,0,0,0,0,0,0,4,1,6,2,69,10,1360,1,9,3,2,3
2017460237541,1,9,0,18,0,0,0,0,0,0,1,1,6,1,20,4,998,1,6,10,1,10
2017460237541,2,9,0,18,0,0,0,0,0,0,2,1,6,1,36,7,1796,1,10,9,1,9
2017460237547,1,9,0,18,0,0,0,0,1,0,1,1,6,1,19,4,1229,1,8,4,3,4
2017460237547,2,9,0,18,0,0,0,0,1,0,1,1,6,1,20,4,1461,2,3,5,3,5
2017460237549,1,9,0,5,0,4,0,0,0,0,3,1,6,2,26,6,1968,2,9,7,1,7
2017460237549,2,2,0,18,0,3,0,0,0,0,1,1,6,2,17,4,49,1,6,3,1,3
2017460237562,1,9,0,18,0,0,0,0,0,0,1,1,1,2,29,6,1248,1,3,8,1,8
2017460237562,2,9,0,18,0,0,0,0,0,0,1,1,1,2,38,7,1149,1,15,8,1,8
2017460237596,1,9,0,7,0,7,0,0,0,0,1,1,6,2,37,7,1995,2,6,1,1,1
2017460237607,1,10,0,5,0,0,0,0,0,0,1,1,6,1,55,8,-1,-1,-1,6,1,6
2017460237607,2,1,0,17,0,0,0,0,0,0,3,1,6,1,48,8,-1,-1,-1,8,1,8
2017460237660,1,9,0,18,0,0,1,0,1,0,2,1,6,1,-1,-1,1997,1,17,-1,-1,-1
2017460237676,1,9,0,1,0,0,0,0,0,0,2,1,5,3,-1,-1,-1,-1,-1,-1,-1,-1
2017460237684,1,9,0,17,0,0,1,0,1,0,1,1,2,1,21,5,1242,1,11,8,1,8
2017460237684,2,9,0,16,0,0,1,0,0,0,1,1,2,1,20,4,1422,2,14,5,1,5
2017460237718,1,9,0,18,0,0,0,0,0,0,1,1,1,1,29,6,-1,-1,-1,-1,-1,-1
2017460237718,2,9,0,18,0,0,0,0,0,0,1,1,6,1,33,6,1796,1,8,2,1,2
2017460237736,1,9,0,14,0,0,2,4,0,0,4,1,6,1,19,4,1242,1,9,-1,-1,-1
2017460237736,2,9,0,2,6,0,1,0,0,0,3,1,6,1,29,6,1368,1,3,-1,-1,-1
2017460237736,3,9,0,2,6,0,0,0,0,0,0,1,6,2,19,4,998,1,14,-1,-1,-1
2017460237776,1,9,0,16,0,0,1,0,0,0,1,1,6,1,26,6,1596,1,11,-1,-1,-1
2017460237776,2,9,0,17,0,0,0,0,0,0,1,1,6,2,28,6,1598,2,8,-1,-1,-1
2017460237844,1,9,0,4,0,0,0,0,0,0,1,1,1,1,18,4,973,1,14,8,1,8
2017460237844,2,9,0,3,0,0,0,0,0,0,2,1,1,2,50,8,1956,2,5,2,1,2
2017460237844,3,9,0,3,0,0,0,0,0,0,2,1,1,1,27,6,1398,1,11,-1,-1,-1
2017460237844,4,9,0,3,0,0,0,0,0,0,2,1,6,2,62,9,1598,1,7,3,1,3
2017460237882,1,9,0,16,0,0,1,0,0,0,1,1,5,1,19,4,1124,1,15,-1,-1,-1
2017460237882,2,9,0,17,0,0,1,0,0,0,1,1,5,1,36,7,-1,-1,-1,-1,-1,-1
2017460237891,1,9,0,18,0,0,5,0,0,0,4,1,6,1,67,10,1591,1,7,6,2,6
2017460237891,2,9,0,18,0,0,0,0,0,0,3,1,2,1,26,6,998,1,7,-1,-1,-1
2017460237913,1,21,0,11,0,0,0,0,0,0,1,1,1,1,53,8,10677,2,2,2,1,2
2017460237913,2,9,0,16,0,0,1,0,1,0,3,1,2,1,55,8,1984,1,1,8,1,8
2017460238008,1,9,0,13,0,0,1,0,5,6,4,1,1,1,32,6,1149,1,10,10,1,10
2017460238008,2,20,1,12,0,0,0,0,0,0,3,2,6,1,54,8,-1,-1,-1,-1,-1,-1
2017460238029,1,9,0,8,0,2,0,11,3,11,4,1,6,2,23,5,1242,1,6,6,1,6
2017460238029,2,9,0,18,0,1,0,0,0,0,1,1,6,1,45,7,1299,1,13,10,1,10
2017460238103,1,5,0,17,0,0,0,0,1,0,1,1,6,1,57,9,805,1,14,-1,-1,-1
2017460238134,1,9,0,18,0,0,1,0,4,0,1,1,6,1,38,7,2400,2,10,-1,-1,-1
2017460238134,2,9,0,18,0,0,1,0,4,0,2,1,6,1,55,8,1598,2,1,7,1,7
2017460238209,1,19,0,11,0,0,0,0,0,0,4,1,2,1,56,9,1868,2,16,1,1,1
2017460238209,2,5,0,15,0,0,0,0,0,0,3,1,2,1,44,7,656,1,8,4,1,4
2017460238219,1,9,0,18,0,0,0,4,0,0,1,1,5,1,38,7,1984,1,20,10,1,10
2017460238219,2,9,0,2,0,0,0,0,0,0,2,1,6,3,-1,-1,-1,-1,-1,-1,-1,-1
2017460238250,1,2,0,16,0,0,0,0,0,0,0,1,6,1,40,7,49,1,11,1,1,1
2017460238251,1,9,0,18,0,1,0,0,0,0,1,1,6,2,18,4,1229,1,10,6,1,6
2017460238290,1,3,0,13,0,0,0,0,0,0,1,1,2,1,18,4,124,1,8,1,1,1
2017460238290,2,9,0,5,0,0,0,0,0,0,3,1,2,1,56,9,1968,2,7,5,3,5
2017460238290,3,9,0,3,0,0,0,0,0,0,3,1,2,2,35,6,1560,2,1,8,3,8
2017460238292,1,9,0,18,0,0,0,0,2,0,1,1,2,1,39,7,1984,1,1,7,3,7
2017460238398,1,9,0,5,0,8,0,0,0,0,4,1,6,1,33,6,1986,2,12,2,1,2
2017460238398,2,1,0,5,0,8,5,0,0,0,3,1,6,1,51,8,-1,-1,-1,9,1,9
2017460238402,1,2,0,18,0,0,0,0,0,0,2,1,2,1,16,4,49,1,3,6,3,6
2017460238402,2,9,0,4,0,0,0,0,0,0,0,1,2,2,23,5,1598,2,5,10,2,10
2017460238405,1,9,0,9,0,1,0,0,0,0,1,1,5,1,22,5,2099,1,14,4,1,4
2017460238426,1,98,0,14,0,0,0,11,0,0,0,1,6,3,-1,-1,-1,-1,-1,-1,-1,-1
2017460238426,2,9,0,2,0,0,0,0,0,0,0,1,6,2,53,8,1360,1,12,4,1,4
2017460238475,1,9,0,9,0,5,0,0,1,0,1,1,5,1,57,9,1560,2,7,8,2,8
2017460238475,2,9,0,18,0,1,0,0,1,0,1,1,5,2,27,6,1149,1,3,6,1,6
2017460238487,1,9,0,9,0,1,0,0,0,0,1,1,6,2,38,7,1587,1,16,4,1,4
2017460238487,2,9,0,18,0,1,0,0,0,0,1,1,6,1,27,6,1360,1,18,4,1,4
2017460238496,1,9,0,9,0,6,0,0,0,0,3,1,6,1,44,7,1598,1,10,9,1,9
2017460238496,2,3,0,18,0,8,0,0,0,0,1,1,6,1,27,6,124,1,9,2,1,2
2017460238503,1,9,0,18,0,5,0,0,0,0,1,1,6,2,70,10,1197,1,-1,1,1,1
2017460238503,2,1,0,18,0,1,0,0,0,0,3,1,6,1,14,3,-1,-1,-1,1,1,1
2017460238530,1,9,0,18,0,0,0,0,0,0,0,1,6,1,59,9,1998,2,11,7,1,7
2017460238559,1,9,0,9,0,6,0,0,0,0,4,1,6,1,61,9,1587,1,14,1,1,1
2017460238559,2,11,0,18,0,1,0,0,0,0,1,1,1,1,52,8,3900,2,13,4,1,4
2017460238567,1,9,0,18,9,0,0,0,0,0,3,1,6,3,-1,-1,-1,-1,-1,-1,-1,-1
2017460238578,1,2,0,18,0,1,0,0,0,0,1,1,6,3,-1,-1,-1,-1,-1,-1,-1,-1
2017460238596,1,9,0,1,0,0,0,0,0,0,3,1,1,1,43,7,1997,2,3,1,1,1
2017460238596,2,9,0,16,0,0,1,0,0,0,1,1,6,2,34,6,1296,1,9,2,1,2
2017460238609,1,9,0,18,0,0,0,4,0,0,1,1,6,1,38,7,1598,1,9,7,1,7
2017460238609,2,9,0,2,0,0,0,0,0,0,2,1,6,1,-1,-1,1968,2,9,7,1,7
2017460238617,1,9,0,9,0,1,0,0,0,0,1,1,6,1,50,8,2171,1,15,10,3,10
2017460238617,2,9,0,17,0,8,0,0,0,0,3,1,6,1,33,6,1753,2,11,1,1,1
2017460238637,1,9,0,18,0,1,0,0,0,0,1,1,6,2,26,6,1598,1,7,6,1,6
2017460238637,2,9,0,9,0,1,0,0,0,0,1,1,6,1,28,6,1596,1,-1,5,1,5
2017460238676,1,9,0,18,0,0,0,0,0,0,1,1,2,1,32,6,1896,2,13,6,3,6
2017460238725,1,19,0,18,0,8,1,11,7,0,1,1,5,1,45,7,2298,2,-1,-1,-1,-1
2017460238753,1,3,0,4,0,1,1,0,0,0,0,1,6,1,24,5,125,1,11,5,1,5
2017460238794,1,9,0,18,0,0,0,0,0,0,1,1,5,2,21,5,1390,1,16,-1,-1,-1
2017460238794,2,9,0,18,0,0,0,0,0,0,2,1,6,2,44,7,1995,2,3,-1,-1,-1
2017460238818,1,9,0,18,0,8,0,0,0,0,1,1,6,1,19,4,1497,1,11,8,1,8
2017460238818,2,9,0,18,0,8,0,0,0,0,2,1,1,1,25,5,1999,1,-1,4,1,4
2017460238818,3,9,0,18,0,8,0,0,0,0,2,1,1,2,38,7,1598,2,1,6,1,6
2017460238886,1,9,0,18,0,4,0,0,0,0,1,1,6,1,-1,-1,2000,1,12,-1,-1,-1
2017460238886,2,11,0,4,0,4,0,0,0,0,1,1,1,1,48,8,4500,2,-1,2,1,2
2017460238902,1,9,0,12,0,0,1,0,1,9,4,1,2,1,22,5,1364,1,9,3,1,3
2017460238906,1,9,0,7,0,1,0,0,0,0,1,1,6,2,51,8,1086,1,9,7,1,7
2017460238906,2,9,0,18,0,1,0,0,0,0,1,1,2,2,20,4,1398,1,1,8,1,8
2017460238939,1,9,0,18,0,0,0,0,0,0,1,1,6,1,43,7,1590,1,15,-1,-1,-1
2017460238939,2,9,0,3,0,0,0,0,0,0,2,1,5,1,61,9,1587,1,14,-1,-1,-1
2017460238956,1,11,0,4,0,0,0,4,0,0,1,1,1,1,60,9,4500,2,8,4,2,4
2017460238956,2,9,0,3,0,0,0,4,0,0,2,1,6,2,55,8,-1,-1,-1,5,1,5
2017460238956,3,9,0,3,0,0,0,0,0,0,2,1,6,2,55,8,998,1,8,8,2,8
2017460238996,1,9,0,18,0,0,1,0,0,0,3,1,6,1,22,5,1998,1,15,-1,-1,-1
2017460238996,2,9,0,18,0,0,1,0,0,0,2,1,6,1,31,6,1686,2,7,5,1,5
2017460239001,1,9,0,18,0,1,2,4,0,0,1,1,5,2,25,5,998,1,17,1,1,1
2017460239001,2,9,0,2,0,1,0,4,0,0,0,1,5,1,37,7,3179,1,14,1,1,1
2017460239001,3,9,0,2,0,1,0,0,0,0,0,1,5,1,37,7,1590,1,15,1,1,1
2017460239001,4,19,0,2,0,1,0,0,0,0,0,1,6,3,37,7,1968,2,-1,-1,-1,-1
2017460239027,1,9,0,18,0,0,0,4,0,0,1,1,6,1,16,4,2295,1,13,2,1,2
2017460239027,2,9,0,2,0,0,0,0,0,0,1,1,6,2,34,6,2499,1,11,2,1,2