Accident_Index,Vehicle_Reference,Vehicle_Type,Towing_and_Articulation,Vehicle_Manoeuvre,Vehicle_Location-Restricted_Lane,Junction_Location,Skidding_and_Overturning,Hit_Object_in_Carriageway,Vehicle_Leaving_Carriageway,Hit_Object_off_Carriageway,1st_Point_of_Impact,Was_Vehicle_Left_Hand_Drive?,Journey_Purpose_of_Driver,Sex_of_Driver,Age_of_Driver,Age_Band_of_Driver,Engine_Capacity_(CC),Propulsion_Code,Age_of_Vehicle,Driver_IMD_Decile,Driver_Home_Area_Type,Vehicle_IMD_Decile
2017460239027,3,9,0,2,0,0,0,0,0,0,1,1,6,1,-1,-1,1396,1,15,2,1,2
2017460239032,1,19,0,4,0,0,0,0,0,0,1,1,1,1,36,7,1560,2,1,7,1,7
2017460239032,2,9,0,4,0,0,0,0,0,0,2,1,2,1,77,11,2180,2,22,7,3,7
2017460239069,1,97,0,15,0,0,0,0,0,0,3,1,6,3,-1,-1,-1,-1,-1,-1,-1,-1
2017460239069,2,1,0,18,0,0,0,0,1,4,4,1,6,1,62,9,-1,-1,-1,6,2,6
2017460239083,1,9,0,18,0,1,0,0,0,0,0,1,6,1,-1,-1,-1,-1,-1,1,1,1
2017460239090,1,21,0,18,0,0,0,0,0,0,1,1,6,1,-1,-1,4801,2,4,3,1,3
2017460239090,2,9,0,3,0,0,0,-1,0,0,2,1,6,1,51,8,2199,1,24,8,2,8
2017460239106,1,9,0,8,0,8,0,0,0,0,3,1,5,2,72,10,1360,1,5,-1,-1,-1
2017460239106,2,1,0,18,0,1,0,0,0,0,1,1,5,1,45,7,-1,-1,-1,-1,-1,-1
2017460239125,1,19,0,18,0,1,0,0,0,0,3,1,1,1,36,7,2198,2,2,-1,-1,-1
2017460239125,2,9,0,18,0,1,0,0,0,0,3,1,5,2,35,6,1598,1,7,5,2,5
2017460239154,1,9,0,5,0,2,0,0,0,0,1,1,6,1,44,7,1968,2,9,8,1,8
2017460239154,2,9,0,9,0,1,0,0,0,0,1,1,3,1,33,6,1398,2,12,2,2,2
2017460239160,1,9,0,7,0,1,0,0,0,0,1,1,6,2,25,5,1390,1,1,7,1,7
2017460239172,1,19,0,5,0,4,0,0,0,0,3,1,1,1,42,7,2143,2,1,2,1,2
2017460239172,2,9,0,7,0,8,0,0,0,0,4,1,1,1,28,6,1000,1,17,2,1,2
2017460239182,1,9,0,18,0,1,0,0,0,0,1,1,1,2,21,5,1242,1,6,10,3,10
2017460239195,1,9,0,18,0,4,0,0,0,0,1,1,6,1,19,4,1995,2,13,-1,-1,-1
2017460239195,2,9,0,3,0,4,0,0,0,0,2,1,6,2,50,8,1499,2,1,9,1,9
2017460239202,1,98,1,18,0,0,0,0,0,0,1,1,1,1,26,6,-1,-1,-1,-1,-1,-1
2017460239202,2,9,0,3,0,0,0,0,0,0,2,1,1,1,55,8,1968,2,-1,-1,-1,-1
2017460239202,3,19,0,3,0,0,0,0,0,0,2,1,1,1,46,8,2488,2,8,7,3,7
2017460239226,1,9,0,18,0,1,0,0,0,0,4,1,6,1,69,10,2967,1,15,-1,-1,-1
2017460239239,1,9,0,18,0,0,0,0,1,0,1,1,2,2,39,7,1560,2,10,3,1,3
2017460239239,2,9,0,18,0,0,0,0,0,0,1,1,6,2,42,7,2477,2,10,9,2,9
2017460239254,1,9,0,18,0,0,0,0,0,0,0,1,2,2,58,9,1198,1,5,10,1,10
2017460239255,1,1,0,18,9,0,0,0,0,0,1,1,6,1,12,3,-1,-1,-1,4,1,4
2017460239328,1,9,0,18,0,0,1,0,0,0,1,1,6,2,25,5,1598,1,11,-1,-1,-1
2017460239328,2,90,1,18,0,0,5,0,1,0,3,2,1,1,43,7,-1,-1,-1,-1,-1,-1
2017460239369,1,9,0,5,0,3,0,0,0,0,3,1,6,2,65,9,1968,2,7,2,1,2
2017460239369,2,9,0,18,0,8,0,0,0,0,4,1,6,2,27,6,1242,1,3,1,1,1
2017460239411,1,9,0,18,0,0,0,0,0,0,1,1,6,2,44,7,1598,1,4,1,1,1
2017460239418,1,9,0,17,0,0,0,0,1,0,1,1,6,1,26,6,1299,1,12,1,1,1
2017460239423,1,3,0,18,0,0,1,0,0,0,1,1,5,1,17,4,-1,-1,-1,5,1,5
2017460239423,2,9,0,18,0,0,0,0,0,0,2,1,5,2,24,5,2231,2,9,4,1,4
2017460239487,1,9,0,18,0,0,0,0,0,0,1,1,6,2,40,7,1896,2,13,3,1,3
2017460239487,2,9,0,18,0,0,0,0,0,0,2,1,6,1,51,8,2143,2,3,3,1,3
2017460239493,1,9,0,18,0,1,0,0,0,0,0,1,6,2,56,9,1968,2,1,6,1,6
2017460239493,2,11,0,5,0,1,0,0,0,0,0,1,1,1,56,9,4500,2,-1,5,1,5
2017460239517,1,9,0,18,0,0,0,0,0,0,1,1,6,1,25,5,1995,2,15,4,1,4
2017460239517,2,9,0,18,0,0,0,0,0,0,1,1,6,2,-1,-1,1997,2,12,1,1,1
2017460239547,1,9,0,16,0,0,1,0,0,0,3,1,6,1,75,10,2771,1,19,4,3,4
2017460239547,2,9,0,17,0,0,0,0,0,0,3,1,2,2,51,8,1360,1,11,9,1,9
2017460239549,1,9,0,18,0,1,0,0,0,0,1,1,1,2,57,9,1596,1,15,7,3,7
2017460239572,1,9,0,16,0,0,0,0,7,0,1,1,6,2,59,9,1995,2,4,-1,-1,-1
2017460239589,1,98,1,11,0,0,0,0,0,0,4,1,1,2,25,5,-1,-1,-1,-1,-1,-1
2017460239589,2,9,0,18,0,0,0,0,1,0,3,1,6,1,25,5,1956,2,1,1,1,1
2017460239589,3,21,0,18,0,0,0,0,0,0,1,1,1,1,37,7,10837,2,1,4,1,4
2017460239589,4,9,0,18,0,0,0,0,0,0,2,1,6,2,34,6,1596,1,16,1,1,1
2017460239589,5,9,0,4,0,0,0,0,0,0,2,1,6,1,52,8,1997,2,1,9,1,9
2017460239589,6,9,0,18,0,0,0,0,0,0,2,1,6,2,34,6,998,1,14,4,2,4
2017460239592,1,9,0,18,0,0,0,0,0,0,1,1,6,1,52,8,5439,1,12,10,2,10
2017460239592,2,9,0,18,0,0,0,0,0,0,2,1,6,1,31,6,2967,2,6,3,1,3
2017460239594,1,9,0,11,0,2,0,0,0,0,4,1,6,1,63,9,1299,1,12,5,2,5
2017460239594,2,9,0,7,0,2,0,0,0,0,3,1,6,2,45,7,1200,1,2,8,1,8
2017460239594,3,9,0,5,0,2,0,0,0,0,2,1,6,2,22,5,998,1,13,8,2,8
2017460239597,1,10,0,18,0,0,0,0,0,0,3,1,6,1,52,8,-1,-1,-1,10,1,10
2017460239614,1,9,0,18,0,0,1,0,1,2,1,1,6,2,23,5,1149,1,14,6,1,6
2017460239651,1,3,0,18,0,3,1,0,0,0,3,1,2,1,42,7,113,1,2,3,1,3
2017460239666,1,9,0,9,0,1,0,0,0,0,1,1,6,2,55,8,1560,2,11,4,2,4
2017460239668,1,9,0,18,0,0,0,0,0,0,1,1,6,2,38,7,2359,1,9,-1,-1,-1
2017460239668,2,9,0,18,0,0,0,0,0,0,4,1,6,1,23,5,1598,1,13,6,1,6
2017460239675,1,9,0,18,0,0,0,0,0,0,1,1,2,1,47,8,1198,1,1,8,3,8
2017460239675,2,98,0,4,0,0,0,0,0,0,2,1,1,1,48,8,-1,-1,-1,-1,-1,-1
2017460239702,1,9,0,5,0,4,0,0,0,0,1,1,2,1,80,11,2143,2,1,10,1,10
2017460239702,2,1,0,18,0,4,0,0,0,0,2,1,2,1,48,8,-1,-1,-1,10,1,10
2017460239703,1,9,0,18,0,0,0,0,0,0,1,1,6,1,39,7,2198,2,12,3,1,3
2017460239703,2,9,0,2,0,0,0,0,0,0,2,1,6,2,37,7,2231,2,4,8,1,8
2017460239703,3,21,0,2,0,0,0,0,0,0,2,1,1,1,52,8,9290,2,6,2,1,2
2017460239705,1,9,0,5,0,0,0,0,0,0,1,1,3,2,39,7,1598,1,6,1,1,1
2017460239777,1,19,0,18,0,0,0,0,0,0,1,1,1,1,23,5,2143,2,2,-1,-1,-1
2017460239777,2,9,0,18,0,0,0,0,7,0,1,1,2,1,45,7,1969,2,-1,-1,-1,-1
2017460239804,1,9,0,9,0,8,0,0,0,0,3,1,6,2,79,11,1242,1,5,-1,-1,-1
2017460239804,2,9,0,18,0,1,0,0,0,0,1,1,6,2,49,8,1868,2,16,-1,-1,-1
2017460239825,1,9,0,18,2,8,0,0,0,0,1,1,2,2,57,9,1198,1,7,9,1,9
2017460239825,2,9,0,2,2,8,0,0,0,0,2,1,3,2,39,7,1686,2,5,8,1,8
2017460239833,1,9,0,18,0,1,0,0,0,0,4,1,6,1,51,8,2967,1,13,-1,-1,-1
2017460239833,2,9,0,18,0,1,0,0,0,0,1,1,6,1,34,6,1984,1,15,-1,-1,-1
2017460239873,1,9,0,1,0,0,0,0,0,0,2,1,6,1,-1,-1,-1,-1,-1,-1,-1,-1
2017460239873,2,9,0,3,0,0,0,0,0,0,4,1,6,1,25,5,1769,1,14,1,1,1
2017460239890,1,1,0,18,0,5,0,0,0,0,4,1,6,1,6,2,-1,-1,-1,2,1,2
2017460239890,2,11,0,18,0,6,0,0,0,0,1,1,1,2,50,8,4500,2,8,1,1,1
2017460239894,1,9,0,18,0,0,0,0,0,0,2,1,6,1,46,8,-1,3,4,8,1,8
2017460239894,2,3,0,18,0,0,0,0,0,0,1,1,6,1,26,6,124,1,8,2,1,2
2017460239919,1,9,0,18,0,8,1,0,0,0,1,1,6,1,60,9,1998,1,2,9,1,9
2017460239919,2,9,0,18,0,8,0,0,0,0,2,1,6,1,55,8,1999,2,1,1,3,1
2017460239919,3,19,0,18,0,8,0,0,0,0,2,1,1,1,52,8,1995,2,8,6,1,6
2017460239919,4,9,0,18,0,8,0,0,0,0,4,1,6,1,19,4,1330,1,19,10,1,10
2017460239937,1,19,0,11,0,0,0,0,0,0,1,1,1,1,62,9,1995,2,3,-1,-1,-1
2017460239937,2,19,0,4,0,0,0,0,0,0,2,1,5,2,48,8,1248,2,8,-1,-1,-1
2017460239937,3,9,0,4,0,0,0,0,0,0,2,1,5,1,51,8,1599,1,13,-1,-1,-1
2017460239947,1,9,0,18,0,0,0,0,0,0,4,1,2,2,45,7,1197,1,-1,-1,-1,-1
2017460239947,2,98,1,9,0,0,0,0,0,0,1,1,1,1,42,7,-1,-1,-1,-1,-1,-1
2017460239949,1,1,0,11,9,0,1,0,0,0,1,1,4,1,12,3,-1,-1,-1,9,1,9
2017460239949,2,9,0,18,0,0,1,0,0,0,3,1,5,1,89,11,998,1,1,5,1,5
2017460239957,1,9,0,18,0,0,0,0,0,0,4,1,6,1,37,7,2171,2,16,-1,-1,-1
2017460239957,2,9,0,18,0,0,0,0,0,0,1,1,2,2,29,6,1995,2,7,3,1,3
2017460239957,3,9,0,3,0,0,0,0,0,0,4,1,6,1,24,5,1390,1,17,6,1,6
2017460239974,1,9,0,3,0,1,0,0,0,0,1,1,6,1,59,9,1753,2,9,4,1,4
2017460239974,2,9,0,3,0,1,0,0,0,0,1,1,6,1,20,4,1798,1,10,9,2,9
2017460239987,1,9,0,18,0,1,0,0,0,0,2,1,6,1,18,4,1198,1,5,7,3,7
2017460239987,2,2,0,18,0,2,0,0,0,0,1,1,6,1,54,8,150,1,2,10,1,10
2017460239999,1,9,0,5,0,1,0,0,0,0,2,1,6,2,43,7,1461,2,1,10,3,10
2017460240002,1,9,0,18,0,0,0,0,0,0,1,1,6,2,74,10,998,1,7,7,1,7
2017460240002,2,9,0,10,0,0,0,0,0,0,2,1,6,1,66,10,2799,1,21,-1,-1,-1
2017460240009,1,9,0,18,0,8,0,0,0,0,1,1,6,2,31,6,1390,1,17,2,1,2
2017460240009,2,9,0,18,0,8,0,0,0,0,1,1,6,1,35,6,1560,2,11,2,1,2
2017460240014,1,9,0,8,0,1,0,0,0,0,1,1,6,1,52,8,1956,2,6,2,1,2
2017460240014,2,1,0,18,9,1,0,0,0,0,1,1,6,1,48,8,-1,-1,-1,2,1,2
2017460240017,1,9,0,18,0,0,0,0,0,0,0,1,6,3,-1,-1,-1,-1,-1,-1,-1,-1
2017460240033,1,9,0,5,0,3,0,0,0,0,1,1,5,2,52,8,2993,2,6,7,2,7
2017460240033,2,9,0,5,0,3,0,0,0,0,2,1,5,1,60,9,1339,1,13,4,1,4
2017460240059,1,9,0,5,0,1,0,0,0,0,1,1,1,1,45,7,1997,2,2,1,1,1
2017460240059,2,9,0,18,0,1,0,0,0,0,4,1,6,2,31,6,2143,2,-1,4,1,4
2017460240062,1,9,0,18,0,0,1,0,0,0,1,1,5,1,33,6,1995,2,9,9,1,9
2017460240070,1,2,0,15,0,1,0,0,0,0,4,1,4,1,17,4,49,1,1,6,2,6
2017460240070,2,9,0,9,0,5,0,0,0,0,3,1,1,2,42,7,-1,-1,-1,1,1,1
2017460240084,1,9,0,18,0,0,0,0,0,0,1,1,6,2,20,4,1398,2,4,2,2,2
2017460240085,1,1,0,18,0,0,0,0,0,0,3,1,6,1,11,3,-1,-1,-1,9,1,9
2017460240085,2,9,0,18,0,0,0,0,0,0,1,1,6,2,64,9,1390,1,12,9,1,9
2017460240088,1,9,0,17,0,0,0,0,0,0,1,1,2,1,29,6,1799,1,10,5,1,5
2017460240088,2,9,0,2,0,0,0,0,0,0,4,1,6,1,-1,-1,1461,2,13,1,1,1
2017460240088,3,9,0,2,0,0,0,0,0,0,2,1,6,1,-1,-1,1229,1,12,1,1,1
2017460240088,4,9,0,2,0,0,0,0,0,0,2,1,6,1,-1,-1,2198,1,20,1,1,1
2017460240089,1,9,0,18,0,0,0,0,0,0,3,1,6,1,33,6,1598,1,15,9,1,9
2017460240089,2,9,0,2,0,0,0,0,0,0,4,1,6,2,55,8,1596,1,5,4,1,4
2017460240093,1,9,0,17,0,0,5,0,7,0,0,1,6,2,75,10,1590,1,15,6,2,6
2017460240115,1,9,0,18,0,0,0,0,0,0,4,1,5,1,40,7,1998,1,10,-1,-1,-1
2017460240115,2,9,0,2,0,0,0,0,0,0,3,1,6,3,-1,-1,-1,-1,-1,-1,-1,-1
2017460240115,3,9,0,2,0,0,0,0,0,0,3,1,6,3,-1,-1,-1,-1,-1,-1,-1,-1
2017460240115,4,9,0,2,0,0,0,0,0,0,3,1,6,3,-1,-1,-1,-1,-1,-1,-1,-1
2017460240115,5,9,0,18,0,0,0,4,0,0,4,1,6,3,-1,-1,-1,-1,-1,-1,-1,-1
2017460240141,1,9,0,13,0,0,0,0,0,0,1,1,2,1,52,8,1124,1,16,2,1,2
2017460240141,2,9,0,17,0,0,0,0,0,0,1,1,2,1,34,6,1799,1,10,8,2,8
2017460240141,3,9,0,16,0,0,0,0,0,0,3,1,5,1,73,10,2982,2,7,-1,-1,-1
2017460240141,4,9,0,16,0,0,0,0,0,0,3,1,5,1,22,5,1598,2,3,6,1,6
2017460240147,1,5,0,9,0,0,0,11,0,0,1,1,5,1,47,8,1255,1,9,6,1,6
2017460240244,1,9,0,18,0,0,5,0,0,0,0,1,1,1,31,6,1998,1,10,2,1,2
2017460240257,1,9,0,4,0,7,0,0,0,0,2,1,5,2,75,10,1997,2,3,7,3,7
2017460240257,2,9,0,18,0,7,2,0,0,0,1,1,5,2,78,11,-1,-1,-1,9,1,9
2017460240257,3,9,0,12,0,8,0,0,0,0,1,1,5,2,55,8,1499,1,3,3,1,3
2017460240257,4,19,0,18,0,8,0,0,0,0,2,1,5,1,40,7,1968,2,6,2,1,2
2017460240264,1,9,0,5,0,6,0,0,0,0,1,1,6,1,30,6,1968,2,2,6,1,6
2017460240264,2,9,0,18,0,1,0,0,0,0,4,1,6,1,81,11,998,1,8,8,1,8
2017460240284,1,9,0,18,0,4,0,0,0,0,0,1,6,1,82,11,1193,1,-1,4,1,4
2017460240284,2,9,0,9,0,8,0,0,0,0,4,1,6,1,55,8,998,1,3,7,1,7
2017460240298,1,9,-1,7,0,1,1,11,7,0,1,1,6,1,19,4,998,1,1,1,1,1
2017460240311,1,9,0,10,0,0,0,0,0,0,3,1,5,2,46,8,1598,2,9,7,1,7
2017460240311,2,9,0,18,0,0,0,0,0,0,1,1,5,1,28,6,1399,2,10,3,1,3
2017460240349,1,9,0,18,0,0,0,0,0,0,1,1,6,2,27,6,1242,1,3,6,1,6
2017460240349,2,9,0,18,0,0,0,0,0,0,1,1,6,2,60,9,998,1,10,2,1,2
2017460240349,3,9,0,4,0,0,0,0,0,0,2,1,6,1,25,5,1995,2,1,9,2,9
2017460240360,1,9,0,18,0,0,0,0,0,0,1,1,5,2,40,7,1997,1,12,1,1,1
2017460240360,2,9,0,18,0,0,0,0,0,0,2,1,5,2,26,6,1229,1,3,1,1,1
2017460240360,3,9,0,18,0,0,0,0,0,0,2,1,5,1,40,7,-1,-1,-1,7,1,7
2017460240374,1,9,0,13,0,0,0,0,1,3,4,1,6,2,58,9,1590,1,12,10,1,10
2017460240374,2,9,0,18,0,0,0,0,1,3,3,1,6,2,67,10,998,1,2,9,1,9
2017460240388,1,9,0,9,0,5,0,0,0,0,3,1,5,2,50,8,1498,1,10,6,2,6
2017460240388,2,9,0,18,0,8,0,0,0,0,1,1,5,2,69,10,1388,1,14,-1,-1,-1
2017460240389,1,9,0,18,0,1,0,0,0,0,1,1,4,2,27,6,1396,1,14,-1,-1,-1
2017460240389,2,9,0,9,0,1,0,0,0,0,2,1,1,2,43,7,1560,2,6,9,1,9
2017460240425,1,9,0,4,0,1,0,0,0,0,1,1,5,2,88,11,1229,1,12,-1,-1,-1
2017460240425,2,9,0,9,0,2,0,0,0,0,3,1,5,2,29,6,1229,1,3,3,1,3
2017460240477,1,1,0,18,4,0,0,0,0,0,3,1,5,1,13,3,-1,-1,-1,3,1,3
2017460240477,2,11,0,18,2,0,0,0,0,0,4,1,1,1,59,9,4500,2,5,4,1,4
2017460240499,1,19,0,18,0,0,0,0,0,0,4,1,5,1,28,6,2198,2,9,9,1,9
2017460240499,2,9,0,18,0,0,0,0,0,0,3,1,5,1,34,6,1984,1,1,2,1,2
2017460240569,1,1,0,9,4,0,0,0,1,0,4,1,6,1,37,7,-1,-1,-1,-1,-1,-1
2017460240569,2,9,0,18,0,0,0,0,0,0,1,1,6,1,22,5,1596,1,5,3,1,3
2017460240574,1,9,0,18,0,0,0,0,0,0,1,1,6,2,32,6,1388,1,10,2,1,2
2017460240673,1,9,0,18,0,0,0,0,0,0,1,1,6,1,18,4,1390,1,14,5,3,5
2017460240673,2,9,0,18,0,0,0,0,0,0,2,1,6,2,46,8,898,1,2,6,1,6
2017460240673,3,9,0,18,0,0,0,0,0,0,1,1,6,2,58,9,1360,1,8,2,1,2
2017460240749,1,98,1,18,0,0,0,0,0,0,3,1,1,1,46,8,-1,-1,-1,-1,-1,-1
2017460240749,2,9,0,18,0,0,0,0,0,0,4,1,5,1,40,7,1995,1,9,2,1,2
2017460240799,1,1,0,18,0,1,0,0,0,0,0,1,4,1,14,3,-1,-1,-1,4,1,4
2017460240799,2,9,0,18,0,1,0,0,0,0,2,1,4,2,17,4,1598,1,14,3,1,3
2017460240799,3,1,0,18,0,1,0,0,0,0,1,1,4,1,16,4,-1,-1,-1,-1,-1,-1
2017460240809,1,9,0,18,0,0,0,0,0,0,1,1,2,1,25,5,-1,-1,-1,6,2,6
2017460240845,1,9,0,11,0,0,0,0,0,0,4,1,5,2,26,6,1998,1,1,-1,-1,-1
2017460240845,2,9,0,18,0,0,1,0,0,0,3,1,5,2,23,5,1242,1,8,6,3,6
2017460240846,1,9,0,18,0,1,1,0,7,0,4,1,6,2,36,7,1587,1,10,7,3,7
2017460240846,2,9,0,10,0,2,0,0,0,0,1,1,6,1,21,5,1229,1,12,6,1,6
2017460240849,1,9,0,18,0,1,0,0,0,0,3,1,6,1,55,8,1198,1,9,3,1,3
2017460240868,1,9,0,5,0,4,0,0,0,0,1,1,6,2,40,7,-1,-1,-1,10,3,10
2017460240868,2,1,0,18,0,3,5,0,0,0,4,1,6,1,45,7,-1,-1,-1,9,1,9
2017460240921,1,9,0,18,0,0,1,0,7,4,4,1,6,1,21,5,998,1,12,8,1,8
2017460240999,1,9,0,16,0,0,0,0,7,0,1,1,6,2,23,5,1598,1,6,-1,-1,-1
2017460240999,2,21,0,18,0,0,0,0,0,0,1,1,1,1,32,6,2998,2,4,2,1,2
2017460241093,1,9,0,18,0,1,0,0,0,0,2,1,3,2,42,7,1968,2,-1,8,3,8
2017460241093,2,9,0,18,0,1,0,0,0,0,1,1,3,2,26,6,1349,1,9,9,2,9
2017460241178,1,9,0,18,0,0,1,0,0,0,3,1,6,1,55,8,2987,2,7,-1,-1,-1
2017460241178,2,9,0,18,0,0,1,0,0,0,3,1,2,1,41,7,1896,2,10,10,1,10
2017460241178,3,9,0,2,9,0,0,0,0,0,2,1,6,3,-1,-1,-1,-1,-1,-1,-1,-1
2017460241217,1,9,0,18,0,0,0,0,0,0,4,1,5,1,28,6,2231,2,6,3,1,3
2017460241217,2,9,0,18,0,0,0,0,0,0,3,1,6,1,38,7,-1,-1,-1,4,1,4
2017460241239,1,9,0,18,0,0,0,0,0,0,1,1,6,1,26,6,1896,2,12,5,2,5
2017460241239,2,9,0,3,0,0,0,0,0,0,2,1,6,2,30,6,999,1,2,4,2,4
2017460241281,1,9,0,9,0,1,1,0,2,0,1,1,6,2,18,4,1388,1,14,10,2,10
2017460241302,1,21,0,18,0,8,1,0,0,0,1,1,1,1,-1,-1,10677,2,3,-1,-1,-1
2017460241302,2,9,1,7,0,5,0,0,1,9,2,1,5,2,-1,-1,1560,2,3,6,3,6
2017460241323,1,9,0,3,0,1,0,0,0,0,1,1,2,1,22,5,1599,1,9,7,1,7
2017460241323,2,9,0,3,0,1,0,0,0,0,2,1,2,1,32,6,1329,1,5,10,1,10
2017460241344,1,9,0,9,0,1,0,0,0,0,1,1,5,1,52,8,1499,2,2,7,1,7
2017460241344,2,1,0,18,0,1,0,0,0,0,1,1,5,1,19,4,-1,-1,-1,7,1,7
2017460241363,1,9,0,18,0,0,1,0,0,0,1,1,6,1,40,7,1388,1,9,1,1,1
2017460241363,2,9,0,18,0,0,0,0,0,0,2,1,6,1,47,8,2720,2,9,-1,-1,-1
2017460241363,3,9,0,18,0,0,0,0,0,0,2,1,6,2,46,8,1598,1,15,7,2,7
2017460241363,4,9,0,18,0,0,0,0,0,0,2,1,2,2,39,7,1598,2,4,9,2,9
2017460241397,1,9,0,5,0,0,0,0,0,0,3,1,6,1,20,4,2143,2,2,4,1,4
2017460241397,2,3,0,18,0,0,5,0,0,0,1,1,6,1,16,4,-1,-1,-1,3,1,3
2017460241405,1,21,0,12,0,0,0,0,0,0,3,1,1,1,40,7,12809,2,5,7,1,7
2017460241405,2,3,0,18,0,0,0,0,0,0,4,1,6,1,30,6,125,1,1,6,1,6
2017460241405,3,9,0,18,0,0,0,0,0,0,4,1,6,1,-1,-1,1968,2,7,6,2,6
2017460241414,1,1,0,18,0,1,5,0,0,0,1,1,6,1,44,7,-1,-1,-1,1,1,1
2017460241414,2,9,0,7,0,1,0,0,0,0,3,1,6,2,28,6,1595,2,8,5,1,5
2017460241429,1,9,0,18,0,0,0,0,0,0,2,1,5,3,-1,-1,-1,-1,-1,-1,-1,-1
2017460241429,2,9,0,11,0,0,0,0,0,0,1,1,2,1,59,9,1598,2,2,3,1,3
2017460241429,3,9,0,18,0,0,0,0,0,0,2,1,5,2,48,8,1332,1,19,4,1,4
2017460241478,1,9,0,18,2,0,0,0,0,0,1,1,2,1,31,6,2401,2,11,3,1,3
2017460241478,2,9,0,7,0,0,0,0,7,0,4,1,6,1,18,4,1598,1,13,6,1,6
2017460241503,1,9,0,8,0,1,0,0,0,0,2,1,6,2,54,8,998,1,2,8,1,8
2017460241503,2,9,0,8,0,1,0,0,0,0,1,1,5,1,18,4,1560,2,1,3,1,3
2017460241572,1,3,0,17,0,1,1,0,0,0,1,1,2,2,25,5,125,1,1,1,1,1
2017460241658,1,9,0,5,8,0,0,0,0,0,0,1,6,3,-1,-1,-1,-1,-1,-1,-1,-1
2017460241658,2,21,1,18,0,0,0,0,0,0,1,1,1,1,45,7,10677,2,2,7,3,7
2017460241658,3,9,0,18,0,0,0,0,0,0,2,1,6,1,28,6,1598,1,13,6,3,6
2017460241671,1,9,0,9,0,4,0,0,0,0,4,1,6,3,-1,-1,-1,-1,-1,-1,-1,-1
2017460241671,2,9,0,18,0,1,0,0,0,0,3,1,6,1,28,6,1598,2,1,-1,-1,-1
2017460241743,1,3,0,15,0,2,0,0,0,0,3,1,2,1,25,5,124,1,2,1,1,1
2017460241743,2,9,0,15,0,2,0,0,0,0,3,1,6,2,34,6,1388,1,8,2,1,2
2017460241795,1,1,0,18,0,0,0,4,0,0,3,1,6,1,86,11,-1,-1,-1,-1,-1,-1
2017460241795,2,9,0,2,0,0,0,0,0,0,4,1,6,2,59,9,1422,2,8,10,1,10
2017460241812,1,9,0,18,0,8,0,0,0,0,1,1,6,3,-1,-1,-1,-1,-1,-1,-1,-1
2017460241812,2,9,0,9,0,8,0,0,0,0,2,1,6,3,-1,-1,1299,1,15,-1,-1,-1
2017460241846,1,9,0,10,0,1,0,0,0,0,2,1,3,1,41,7,-1,-1,-1,3,1,3
2017460241846,2,9,0,18,0,1,0,0,0,0,1,1,1,2,40,7,1598,1,13,8,3,8
2017460241868,1,3,0,16,0,8,2,0,0,0,4,1,6,1,-1,-1,124,1,11,-1,-1,-1
2017460241868,2,9,0,17,0,8,0,0,0,0,3,1,6,1,43,7,1329,1,1,3,1,3
2017460241903,1,10,0,18,0,0,0,0,0,0,4,1,5,1,73,10,2198,2,1,9,1,9
2017460241909,1,9,0,9,0,8,0,0,0,0,4,1,5,1,80,11,1329,1,7,10,2,10
2017460241909,2,1,0,18,0,8,0,0,0,0,1,1,5,1,29,6,-1,-1,-1,2,1,2
2017460241921,1,9,0,16,0,0,0,0,0,0,1,1,6,2,18,4,1086,1,11,2,1,2
2017460241921,2,9,0,17,0,0,0,0,0,0,1,1,6,2,40,7,1598,1,4,-1,-1,-1
2017460241921,3,9,0,2,0,0,0,0,0,0,2,1,6,1,-1,-1,-1,-1,-1,-1,-1,-1
2017460241956,1,9,0,18,0,1,0,0,0,0,1,1,5,1,73,10,1360,1,16,-1,-1,-1
2017460241956,2,22,0,18,0,5,0,0,0,0,4,1,5,2,71,10,-1,-1,-1,10,1,10
2017460242050,1,5,0,18,0,0,1,0,0,0,1,1,5,1,28,6,999,1,2,2,1,2
2017460242050,2,9,0,2,0,0,0,0,0,0,1,1,5,2,32,6,1956,2,3,2,1,2
2017460242111,1,19,0,11,0,5,2,0,1,0,4,1,6,1,20,4,2402,2,13,-1,-1,-1
2017460242120,1,9,0,18,0,2,1,4,0,0,1,1,6,1,45,7,1596,1,18,-1,-1,-1
2017460242120,2,9,0,6,0,1,0,10,1,0,4,1,6,2,19,4,1397,1,4,5,1,5
2017460242120,3,9,0,2,0,1,0,0,0,0,4,1,6,3,-1,-1,1896,2,9,-1,-1,-1
2017460242120,4,19,0,2,0,1,0,0,0,0,1,1,6,3,-1,-1,1868,2,10,-1,-1,-1
2017460242120,5,9,0,4,0,1,0,0,0,0,0,1,1,1,-1,-1,1598,2,-1,7,1,7
2017460242165,1,9,0,9,0,2,0,0,0,0,0,1,6,3,-1,-1,-1,-1,-1,-1,-1,-1
2017460242165,2,9,0,12,0,1,0,0,7,1,4,1,6,1,27,6,1461,2,-1,1,1,1
2017460242171,1,9,0,16,0,0,0,11,1,10,1,1,6,1,27,6,1199,1,13,4,3,4
2017460242172,1,9,0,18,0,0,0,0,0,0,1,1,6,3,-1,-1,1242,1,13,-1,-1,-1