Accident_Index,Vehicle_Reference,Vehicle_Type,Towing_and_Articulation,Vehicle_Manoeuvre,Vehicle_Location-Restricted_Lane,Junction_Location,Skidding_and_Overturning,Hit_Object_in_Carriageway,Vehicle_Leaving_Carriageway,Hit_Object_off_Carriageway,1st_Point_of_Impact,Was_Vehicle_Left_Hand_Drive?,Journey_Purpose_of_Driver,Sex_of_Driver,Age_of_Driver,Age_Band_of_Driver,Engine_Capacity_(CC),Propulsion_Code,Age_of_Vehicle,Driver_IMD_Decile,Driver_Home_Area_Type,Vehicle_IMD_Decile
2017460242172,2,9,0,18,0,0,0,0,0,0,2,1,6,1,32,6,1997,2,9,6,1,6
2017460242181,1,9,0,9,0,0,0,0,0,0,4,1,1,1,41,7,1956,2,5,4,1,4
2017460242181,2,9,0,18,0,0,0,0,0,0,4,1,2,2,23,5,1299,1,18,5,1,5
2017460242181,3,19,0,2,0,0,0,0,0,0,2,1,5,1,35,6,2402,2,13,1,1,1
2017460242206,1,9,0,18,0,0,0,0,0,0,4,1,6,2,26,6,1587,1,13,3,1,3
2017460242206,2,9,0,18,0,0,0,0,0,0,3,1,6,2,-1,-1,1242,1,1,9,1,9
2017460242238,1,3,0,18,0,0,0,0,0,0,1,1,5,1,27,6,125,1,2,7,3,7
2017460242238,2,19,0,18,0,0,0,0,0,0,2,1,1,1,47,8,2198,2,1,9,1,9
2017460242257,1,9,0,13,0,1,0,0,0,0,4,1,2,1,29,6,1388,1,13,4,2,4
2017460242257,2,9,0,18,0,1,0,0,0,0,3,1,3,2,47,8,1560,2,13,9,2,9
2017460242292,1,9,0,9,0,8,0,0,0,0,1,1,6,2,51,8,2400,2,-1,10,3,10
2017460242292,2,9,0,18,0,1,0,0,0,0,1,1,6,2,21,5,1197,1,1,5,1,5
2017460242321,1,9,0,16,0,0,5,0,1,4,1,1,6,1,17,4,1242,1,8,7,2,7
2017460242322,1,-1,0,18,0,2,0,0,0,0,1,1,6,3,-1,-1,-1,-1,-1,-1,-1,-1
2017460242322,2,9,0,2,0,2,0,0,0,0,0,1,5,2,34,6,1560,2,9,3,1,3
2017460242345,1,9,0,15,0,1,0,0,0,0,3,1,6,1,-1,-1,2435,1,10,4,1,4
2017460242345,2,9,0,10,0,1,0,0,0,0,4,1,6,1,54,8,1598,1,19,10,2,10
2017460242370,1,98,0,18,0,0,0,0,0,0,1,1,6,1,37,7,-1,-1,-1,-1,-1,-1
2017460242370,2,9,0,18,0,0,0,0,4,0,2,1,6,1,37,7,1396,1,13,6,1,6
2017460242399,1,9,0,18,0,0,0,7,0,0,-1,1,5,2,48,8,1364,1,2,4,2,4
2017460242414,1,9,0,5,0,0,0,0,0,0,3,1,5,1,62,9,1997,2,1,7,3,7
2017460242414,2,9,0,18,0,0,0,0,0,0,1,1,5,2,41,7,1896,2,20,9,3,9
2017460242456,1,9,0,18,0,4,0,0,0,0,1,1,5,2,72,10,999,1,-1,7,1,7
2017460242456,2,3,0,18,0,3,0,0,0,0,4,1,5,1,19,4,125,1,-1,-1,-1,-1
2017460242476,1,9,0,7,0,0,0,0,0,0,1,1,5,2,33,6,1769,2,21,4,1,4
2017460242476,2,9,0,5,0,0,0,0,0,0,2,1,5,1,61,9,1896,2,13,1,1,1
2017460242483,1,9,0,3,0,0,0,0,0,0,1,1,6,2,28,6,1124,1,16,4,1,4
2017460242501,1,9,0,10,0,1,0,0,0,0,1,1,5,1,62,9,1398,2,2,2,1,2
2017460242501,2,3,0,18,0,1,0,0,0,0,4,1,5,1,20,4,101,1,12,2,1,2
2017460242568,1,9,0,4,0,2,0,0,0,0,4,1,6,1,42,7,1124,1,13,-1,-1,-1
2017460242571,1,19,0,5,0,6,0,0,0,0,3,1,1,1,32,6,1996,2,6,-1,-1,-1
2017460242571,2,9,0,18,0,1,0,0,7,0,1,1,3,2,46,8,1968,2,-1,-1,-1,-1
2017460242581,1,9,0,16,0,0,1,0,0,0,3,1,1,1,36,7,1598,1,14,7,1,7
2017460242581,2,9,0,17,0,0,0,0,0,0,1,1,5,1,28,6,2993,2,11,4,3,4
2017460242598,1,9,0,18,0,0,1,0,0,0,4,1,6,2,28,6,1364,1,4,5,1,5
2017460242598,2,98,1,12,0,0,0,0,0,0,3,1,1,1,-1,-1,-1,-1,-1,-1,-1,-1
2017460242640,1,9,0,18,0,0,0,0,0,0,1,1,6,2,18,4,1149,1,20,-1,-1,-1
2017460242650,1,9,0,18,0,0,0,0,0,0,4,1,6,1,22,5,998,1,2,4,3,4
2017460242655,1,9,0,9,0,5,0,0,0,0,1,1,5,1,80,11,1596,1,12,-1,-1,-1
2017460242655,2,9,0,18,0,8,0,0,0,0,3,1,3,2,40,7,-1,-1,-1,-1,-1,-1
2017460242682,1,9,0,7,0,0,0,0,0,0,1,1,6,1,47,8,1596,1,6,6,1,6
2017460242682,2,9,0,7,0,0,0,0,0,0,2,1,6,2,51,8,1951,2,12,9,1,9
2017460242702,1,1,0,18,0,1,0,0,0,0,1,1,5,3,13,3,-1,-1,-1,-1,-1,-1
2017460242702,2,9,0,18,0,1,0,0,0,0,1,1,6,1,40,7,1560,2,2,9,2,9
2017460242706,1,9,0,18,0,0,0,4,0,0,3,1,6,2,55,8,1390,1,5,7,2,7
2017460242706,2,9,0,2,0,0,0,0,0,0,4,1,6,1,49,8,2993,2,12,4,1,4
2017460242711,1,5,0,12,0,0,0,0,0,0,1,1,6,1,24,5,599,1,5,9,1,9
2017460242711,2,9,0,11,0,0,0,0,0,0,2,1,6,1,36,7,2993,2,4,3,1,3
2017460242734,1,9,0,18,0,8,0,0,0,0,3,1,6,1,-1,-1,-1,-1,-1,-1,-1,-1
2017460242734,2,9,0,18,0,8,0,0,0,0,4,1,6,2,37,7,1396,2,5,6,1,6
2017460242739,1,97,0,17,0,0,0,10,1,0,1,1,6,1,19,4,-1,-1,-1,-1,-1,-1
2017460242739,2,9,0,16,0,0,0,0,7,0,1,1,1,1,37,7,1560,2,3,1,1,1
2017460242747,1,9,0,17,0,1,0,0,0,0,1,1,5,3,-1,-1,1995,2,11,-1,-1,-1
2017460242747,2,9,0,10,0,1,0,0,0,0,2,1,5,1,30,6,1395,1,3,1,1,1
2017460242767,1,3,0,4,0,0,0,0,0,0,0,1,2,1,17,4,125,1,-1,1,1,1
2017460242775,1,9,0,5,0,0,0,0,0,0,1,1,6,1,19,4,1149,1,11,-1,-1,-1
2017460242776,1,9,0,9,0,6,0,0,0,0,2,1,6,2,31,6,1582,2,1,-1,-1,-1
2017460242776,2,9,0,18,0,1,0,0,0,0,1,1,6,2,82,11,998,1,7,-1,-1,-1
2017460242824,1,9,0,5,0,4,0,0,0,0,1,1,6,1,69,10,1596,1,17,-1,-1,-1
2017460242824,2,5,0,16,0,3,0,0,0,0,4,1,6,1,26,6,598,1,16,-1,-1,-1
2017460242856,1,9,0,18,0,0,0,0,0,0,1,1,6,2,85,11,1242,1,13,1,1,1
2017460242856,2,9,0,2,0,0,0,0,0,0,2,1,6,1,27,6,1560,2,8,2,1,2
2017460242862,1,2,0,18,0,0,0,0,0,0,1,1,5,1,16,4,49,1,14,8,2,8
2017460242862,2,9,0,18,0,0,0,0,0,0,2,1,2,1,-1,-1,1995,2,8,7,1,7
2017460242873,1,9,0,16,0,0,1,0,1,0,1,1,2,2,19,4,1242,1,14,1,1,1
2017460242877,1,9,0,9,0,1,0,10,7,0,4,1,6,1,26,6,1242,1,11,-1,-1,-1
2017460242877,2,9,0,18,0,8,0,0,0,0,1,1,6,1,39,7,2664,2,15,3,1,3
2017460242888,1,9,0,9,0,6,0,0,0,0,4,1,6,2,48,8,1560,2,2,3,1,3
2017460242888,2,9,0,18,0,8,1,10,1,0,4,1,6,1,42,7,1560,2,9,8,1,8
2017460243027,1,9,0,18,0,1,0,0,0,0,1,1,6,1,20,4,999,1,-1,2,1,2
2017460243027,2,9,0,18,0,8,0,0,0,0,3,1,2,1,38,7,1560,2,10,2,1,2
2017460243027,3,9,0,18,0,1,0,0,0,0,0,1,6,1,-1,-1,1598,2,-1,7,1,7
2017460243083,1,9,0,18,0,1,0,0,0,0,1,1,6,2,37,7,1796,1,11,4,1,4
2017460243083,2,9,0,7,0,1,0,0,0,0,1,1,6,2,40,7,1995,2,1,4,1,4
2017460243104,1,11,0,2,2,0,0,0,0,0,0,1,1,1,58,9,-1,-1,-1,6,1,6
2017460243134,1,9,0,18,0,0,0,0,0,0,1,1,5,2,46,8,1461,2,-1,-1,-1,-1
2017460243134,2,9,0,18,0,0,0,0,0,0,1,1,5,2,28,6,2496,2,10,6,3,6
2017460243179,1,9,0,18,0,0,0,4,1,0,4,1,5,1,69,10,2765,2,19,-1,-1,-1
2017460243179,2,9,0,2,0,0,0,0,0,0,3,1,5,1,-1,-1,1392,1,30,7,1,7
2017460243179,3,9,0,2,0,0,0,0,0,0,3,1,5,2,-1,-1,898,1,2,9,2,9
2017460243203,1,9,0,18,0,1,0,0,0,0,1,1,6,1,39,7,999,1,17,3,1,3
2017460243203,2,9,0,9,0,1,0,0,0,0,2,1,1,1,41,7,-1,-1,-1,8,2,8
2017460243223,1,9,0,9,0,1,0,0,0,0,1,1,6,2,49,8,998,1,1,9,1,9
2017460243223,2,9,0,18,0,1,0,0,0,0,1,1,6,2,57,9,1591,1,6,9,2,9
2017460243229,1,9,0,16,0,0,0,0,0,0,0,1,6,3,-1,-1,-1,-1,-1,-1,-1,-1
2017460243229,2,2,0,17,0,0,2,0,0,0,4,1,5,1,17,4,50,1,4,3,1,3
2017460243291,1,9,0,18,0,0,0,0,0,0,-1,1,6,3,-1,-1,-1,-1,-1,-1,-1,-1
2017460243291,2,9,0,18,0,0,1,0,0,0,0,1,6,1,27,6,2143,2,3,5,1,5
2017460243291,3,9,0,18,0,0,1,0,0,0,2,1,6,1,46,8,1596,1,5,10,1,10
2017460243291,4,9,0,18,0,0,0,0,0,0,1,1,6,1,48,8,1086,1,13,3,1,3
2017460243355,1,9,0,4,0,4,1,0,0,0,1,1,6,1,28,6,1910,2,9,-1,-1,-1
2017460243355,2,9,0,4,0,4,0,0,0,0,2,1,6,1,38,7,1956,2,5,2,1,2
2017460243378,1,3,0,18,0,4,0,0,0,0,1,1,5,1,20,4,124,1,2,6,2,6
2017460243378,2,9,0,18,0,4,0,0,0,0,1,1,5,1,30,6,1400,1,17,7,1,7
2017460243397,1,9,0,3,0,0,0,0,0,0,4,1,6,1,27,6,1598,2,-1,7,1,7
2017460243397,2,9,0,3,0,0,0,0,0,0,3,1,6,1,30,6,1968,2,1,10,1,10
2017460243409,1,9,0,7,0,5,0,0,0,0,1,1,5,1,63,9,1995,2,9,2,1,2
2017460243409,2,9,0,18,0,1,0,0,0,0,3,1,5,2,37,7,1598,2,5,7,1,7
2017460243428,1,2,0,3,0,0,0,0,0,0,1,1,6,1,22,5,125,1,-1,2,1,2
2017460243428,2,9,5,3,0,0,0,0,0,0,3,1,6,1,48,8,1598,2,-1,7,1,7
2017460243455,1,9,0,3,0,1,0,0,0,0,1,1,6,1,47,8,1686,2,15,6,2,6
2017460243455,2,3,0,3,0,1,0,0,0,0,1,1,6,1,18,4,125,1,-1,1,1,1
2017460243494,1,9,0,12,0,1,0,0,0,0,1,1,6,1,60,9,1364,1,-1,1,1,1
2017460243494,2,2,0,7,0,1,0,0,0,0,1,1,6,2,25,5,48,1,11,1,1,1
2017460243508,1,9,0,18,0,2,0,0,0,0,3,1,6,1,18,4,1242,1,10,3,1,3
2017460243633,1,9,0,18,0,6,0,0,0,0,1,1,6,1,70,10,1598,1,-1,3,1,3
2017460243633,2,9,0,18,0,1,0,0,0,0,4,1,6,2,43,7,2199,2,7,3,1,3
2017460243644,1,9,0,9,0,0,0,0,0,0,1,1,6,2,-1,-1,-1,-1,-1,-1,-1,-1
2017460243665,1,9,0,4,0,0,0,0,0,0,1,1,6,1,41,7,1598,2,3,10,3,10
2017460243665,2,9,0,5,0,0,0,0,0,0,2,1,6,1,49,8,1596,1,6,2,1,2
2017460243668,1,4,0,13,0,8,0,0,0,0,4,1,6,1,55,8,279,1,4,6,1,6
2017460243668,2,9,0,12,0,8,0,0,0,0,3,1,6,1,21,5,1362,1,5,3,1,3
2017460243681,1,9,0,18,0,0,0,0,0,0,1,1,1,1,46,8,1956,2,5,2,1,2
2017460243681,2,9,0,18,0,0,0,0,0,0,1,1,6,2,40,7,1560,2,7,4,3,4
2017460243685,1,19,0,4,0,0,0,0,0,0,2,1,1,1,65,9,2977,2,11,4,1,4
2017460243685,2,9,0,18,0,0,0,0,0,0,1,1,6,2,79,11,1242,1,8,5,1,5
2017460243715,1,9,0,18,9,0,1,10,7,2,1,1,2,1,19,4,1242,1,14,3,1,3
2017460243738,1,9,0,17,0,2,0,0,0,0,1,1,1,1,20,4,-1,-1,-1,5,2,5
2017460243752,1,9,0,9,0,1,0,0,0,0,1,1,6,2,31,6,1796,1,18,5,2,5
2017460243752,2,9,0,18,0,1,0,0,0,0,1,1,2,2,22,5,999,1,3,5,2,5
2017460243753,1,9,0,18,0,0,5,0,0,0,3,1,6,1,36,7,1998,2,13,1,1,1
2017460243778,1,9,0,5,0,1,0,0,0,0,1,1,6,1,38,7,1969,2,2,5,1,5
2017460243778,2,9,0,3,0,1,0,0,0,0,2,1,6,1,44,7,1497,8,8,2,1,2
2017460243802,1,9,0,4,0,2,0,0,0,0,1,1,6,2,44,7,998,1,-1,2,1,2
2017460243802,2,9,-1,3,1,2,0,0,0,0,2,1,6,1,30,6,1596,1,14,4,1,4
2017460243802,3,9,0,3,0,2,0,0,0,0,2,1,6,1,72,10,1498,1,-1,10,1,10
2017460243856,1,9,0,3,0,0,0,0,0,0,1,1,6,2,47,8,1397,1,8,5,1,5
2017460243873,1,9,0,3,0,8,0,0,0,0,1,1,6,1,79,11,2316,1,27,4,1,4
2017460243873,2,9,0,3,0,8,0,0,0,0,1,1,6,2,72,10,1596,1,12,7,1,7
2017460243922,1,9,0,5,0,2,0,0,0,0,3,1,2,2,24,5,1240,1,13,2,1,2
2017460243922,2,9,0,18,0,2,0,0,0,0,3,1,2,2,27,6,1242,1,5,7,1,7
2017460243929,1,9,0,18,0,1,0,0,0,0,1,1,6,1,20,4,2597,1,14,1,1,1
2017460243929,2,2,0,7,0,2,5,0,0,0,1,1,6,1,16,4,49,1,10,2,1,2
2017460243936,1,9,0,11,0,0,0,0,0,0,1,1,6,2,51,8,1329,1,1,-1,-1,-1
2017460243936,2,2,0,18,0,0,0,0,0,0,1,1,2,1,46,8,-1,-1,-1,4,1,4
2017460243936,3,9,0,18,0,0,0,0,0,0,1,1,6,2,43,7,1242,1,5,9,1,9
2017460243941,1,9,0,1,0,0,0,0,0,0,0,1,6,2,86,11,1242,1,7,10,1,10
2017460243941,2,9,0,2,0,0,0,0,0,0,0,1,6,2,38,7,1910,2,9,-1,-1,-1
2017460243943,1,9,0,9,0,1,0,0,0,0,1,1,2,1,50,8,1398,2,13,3,1,3
2017460243943,2,9,0,18,0,1,0,0,0,0,4,1,2,1,36,7,1349,1,3,7,1,7
2017460243943,3,9,0,16,0,1,0,0,0,0,3,1,2,1,63,9,2902,2,11,2,1,2
2017460243964,1,9,0,4,0,0,0,0,0,0,3,1,6,2,47,8,1969,1,1,8,1,8
2017460243964,2,2,0,13,0,0,0,0,0,0,4,1,6,1,65,9,1037,1,2,7,1,7
2017460244009,1,9,0,18,0,0,0,0,0,0,1,1,1,1,25,5,-1,-1,-1,8,1,8
2017460244009,2,9,0,18,0,0,0,0,0,0,2,1,1,1,30,6,-1,-1,-1,5,1,5
2017460244056,1,9,0,18,0,0,0,0,0,0,1,1,6,1,20,4,1461,2,3,7,3,7
2017460244056,2,9,0,18,0,0,0,0,0,0,1,1,6,1,83,11,-1,-1,-1,10,2,10
2017460244086,1,9,0,18,0,3,0,0,0,0,0,1,6,1,57,9,1995,2,4,6,1,6
2017460244086,2,1,0,18,0,3,0,0,0,0,0,1,2,1,47,8,-1,-1,-1,6,2,6
2017460244095,1,9,0,4,0,8,1,0,0,0,1,1,1,1,25,5,-1,-1,-1,5,1,5
2017460244095,2,9,0,4,0,8,0,0,0,0,2,1,1,1,56,9,-1,-1,-1,6,1,6
2017460244095,3,9,0,4,0,8,0,0,0,0,2,1,6,1,60,9,1995,2,-1,9,1,9
2017460244108,1,9,0,18,0,7,0,0,0,0,1,1,6,3,-1,-1,1796,1,13,-1,-1,-1
2017460244108,2,9,0,4,0,7,0,0,0,0,2,1,6,2,25,5,1360,1,10,7,1,7
2017460244108,3,9,0,4,0,7,0,0,0,0,2,1,6,1,60,9,1984,1,5,8,1,8
2017460244118,1,21,0,18,0,0,0,0,0,0,1,1,1,1,48,8,-1,-1,-1,-1,-1,-1
2017460244118,2,21,0,18,0,0,0,0,0,0,1,1,1,1,47,8,10837,2,7,9,3,9
2017460244263,1,9,0,16,0,0,1,0,0,0,1,1,6,1,42,7,1390,1,18,2,1,2
2017460244263,2,9,0,17,0,0,0,0,0,0,1,1,6,1,44,7,1368,1,1,5,1,5
2017460244351,1,9,0,7,0,6,0,0,0,0,1,1,2,1,38,7,1896,2,16,1,1,1
2017460244351,2,9,0,18,0,1,0,0,0,0,4,1,2,1,17,4,1199,1,14,8,2,8
2017460244352,1,9,0,18,0,1,0,0,0,0,1,1,6,1,53,8,1598,1,12,1,1,1
2017460244352,2,9,0,18,0,1,0,0,0,0,1,1,6,1,38,7,1198,1,3,8,1,8
2017460244382,1,9,0,18,0,0,0,0,0,0,1,1,1,1,61,9,-1,-1,-1,10,1,10
2017460244385,1,9,0,18,0,0,0,0,0,0,1,1,6,2,-1,-1,-1,-1,-1,-1,-1,-1
2017460244385,2,9,0,3,0,0,0,0,0,0,2,1,6,2,52,8,1995,2,4,9,1,9
2017460244411,1,17,0,18,0,0,0,0,0,0,1,1,1,1,-1,-1,-1,-1,-1,-1,-1,-1
2017460244411,2,9,0,18,0,0,0,0,0,0,4,1,1,1,39,7,1199,2,2,6,1,6
2017460244413,1,9,0,18,0,1,0,0,0,0,3,1,6,2,-1,-1,1595,1,5,-1,-1,-1
2017460244413,2,9,0,18,0,1,0,0,0,0,4,1,6,1,38,7,1997,2,10,-1,-1,-1
2017460244414,1,98,1,18,0,1,0,0,0,0,1,1,1,1,44,7,-1,-1,-1,-1,-1,-1
2017460244414,2,9,0,9,0,1,0,0,0,0,2,1,5,2,58,9,1598,1,16,2,1,2
2017460244443,1,9,0,5,0,1,0,11,0,0,1,1,5,1,77,11,1497,8,3,10,1,10
2017460244446,1,5,0,18,0,3,1,0,0,0,0,1,6,1,40,7,748,1,8,2,1,2
2017460244458,1,9,0,5,0,0,0,0,0,0,3,1,6,1,25,5,1242,1,9,-1,-1,-1
2017460244477,1,9,0,18,0,0,1,0,0,0,1,1,6,1,19,4,1198,1,12,5,1,5
2017460244477,2,9,0,18,0,0,0,0,0,0,2,1,6,2,19,4,1598,1,15,5,3,5
2017460244477,3,9,0,18,0,0,0,0,0,0,2,1,6,2,43,7,1998,2,9,5,2,5
2017460244503,1,9,0,4,0,0,5,0,7,0,3,1,6,1,94,11,1598,1,16,9,1,9
2017460244528,1,9,0,18,0,0,0,11,0,0,1,1,6,1,45,7,998,1,6,9,1,9
2017460244533,1,19,0,18,0,0,0,0,0,0,2,1,6,1,38,7,2477,2,2,7,3,7
2017460244533,2,9,0,18,0,0,0,0,0,0,1,1,6,1,57,9,2995,1,12,9,1,9
2017460244586,1,9,0,18,0,8,0,0,0,0,1,1,5,2,-1,-1,2776,2,4,10,1,10
2017460244586,2,9,0,18,0,8,0,0,0,0,3,1,5,1,55,8,2387,2,9,10,1,10
2017460244592,1,9,0,18,0,1,0,0,0,0,1,1,6,1,41,7,-1,-1,-1,5,1,5
2017460244592,2,9,0,9,0,1,0,0,0,0,1,1,6,2,36,7,1248,2,10,1,1,1
2017460244606,1,9,0,18,0,4,0,0,0,0,1,1,5,1,-1,-1,1248,2,3,9,2,9
2017460244606,2,19,0,18,0,3,0,0,0,0,4,1,1,1,38,7,1870,2,10,3,1,3
2017460244630,1,9,0,18,0,0,0,0,0,0,4,1,6,1,37,7,-1,-1,-1,4,1,4
2017460244630,2,20,0,1,0,0,0,0,0,0,2,1,6,1,36,7,1968,2,1,3,1,3
2017460244630,3,9,0,5,0,0,0,0,0,0,3,1,6,2,51,8,1997,2,5,5,1,5
2017460244665,1,9,0,18,0,0,2,0,0,0,3,1,6,1,44,7,1388,1,11,2,1,2
2017460244665,2,9,0,11,0,0,0,0,0,0,3,1,6,1,63,9,1984,1,1,10,1,10
2017460244665,3,9,0,12,0,0,0,0,0,0,3,1,6,1,33,6,-1,-1,-1,-1,-1,-1
2017460244689,1,9,0,3,0,1,0,0,0,0,1,1,6,1,36,7,2993,2,9,3,1,3
2017460244689,2,9,0,18,0,1,0,0,0,0,2,1,6,1,40,7,1799,1,8,8,1,8
2017460244709,1,9,0,4,0,0,0,0,0,0,2,1,6,2,32,6,1461,2,9,2,2,2
2017460244709,2,9,0,4,0,0,0,0,0,0,1,1,6,1,55,8,3000,1,16,6,3,6
2017460244725,1,9,0,1,0,1,0,0,0,0,2,1,5,2,81,11,1242,1,4,9,1,9
2017460244771,1,9,0,18,0,0,1,0,1,0,1,1,6,1,17,4,1896,2,14,1,1,1
2017460244771,2,9,0,5,0,0,0,0,0,0,0,1,6,2,21,5,1229,1,-1,-1,-1,-1
2017460244787,1,98,1,13,0,0,0,0,0,0,0,1,1,1,31,6,-1,-1,-1,-1,-1,-1
2017460244787,2,9,0,18,0,0,1,11,1,0,4,1,5,2,23,5,998,1,1,4,2,4
2017460244807,1,11,0,5,0,8,0,0,0,0,4,1,1,1,55,8,4461,2,3,1,1,1
2017460244825,1,21,0,18,0,0,0,0,0,0,1,1,1,1,-1,-1,3920,2,6,-1,-1,-1
2017460244825,2,9,0,18,0,0,0,0,0,0,2,1,1,2,55,8,2231,2,12,9,2,9
2017460244871,1,1,0,9,0,0,1,0,0,0,0,1,5,2,48,8,-1,-1,-1,9,1,9
2017460244905,1,19,0,18,0,1,0,0,0,0,1,1,2,1,51,8,2198,2,10,9,1,9
2017460244905,2,9,0,4,0,1,0,0,0,0,2,1,5,2,17,4,1248,2,2,6,3,6
2017460244905,3,9,0,1,0,5,0,0,0,0,0,1,5,2,49,8,1995,2,3,4,1,4
2017460244935,1,9,0,18,0,2,0,0,0,0,3,1,6,2,44,7,1598,1,10,7,1,7
2017460244935,2,9,0,18,0,2,0,0,0,0,4,1,6,2,36,7,-1,-1,-1,6,1,6
2017460244943,1,9,0,18,0,0,0,0,0,0,1,1,5,1,33,6,1984,1,7,7,3,7
2017460244943,2,19,0,18,0,0,0,0,0,0,2,1,1,1,42,7,1753,2,10,7,3,7
2017460244944,1,9,0,18,0,0,0,11,0,0,4,1,6,1,23,5,1598,1,12,-1,-1,-1
2017460244965,1,21,0,18,0,0,1,0,0,0,1,1,1,1,38,7,6692,2,5,3,1,3
2017460244965,2,9,0,18,0,0,0,0,0,0,2,1,1,1,70,10,2143,2,-1,6,1,6
2017460244985,1,11,0,18,0,0,0,0,0,0,0,1,6,1,60,9,-1,-1,-1,2,1,2
2017460244990,1,9,0,5,0,1,0,0,0,0,1,1,6,1,61,9,-1,-1,-1,-1,-1,-1
2017460244990,2,9,0,5,0,6,0,0,0,0,2,1,6,1,44,7,1968,2,3,-1,-1,-1
2017460244995,1,5,0,18,0,8,0,0,0,0,1,1,5,1,23,5,645,1,16,4,1,4
2017460244995,2,9,0,18,0,5,0,0,0,0,3,1,5,1,-1,-1,1596,1,13,4,1,4
2017460245078,1,9,0,18,0,1,0,0,0,0,1,1,6,1,77,11,1999,1,11,7,1,7
2017460245104,1,9,0,7,0,0,0,0,0,0,1,1,6,1,38,7,1968,2,-1,7,3,7
2017460245180,1,9,0,18,0,8,5,10,7,0,4,1,5,1,28,6,1997,1,14,8,1,8
2017460245263,1,9,0,18,0,5,0,0,0,0,4,1,1,1,48,8,1598,2,-1,-1,-1,-1
2017460245277,1,9,0,18,0,1,0,0,0,0,1,1,1,1,23,5,1598,1,4,2,1,2
2017460245277,2,9,0,3,0,1,0,0,0,0,2,1,6,2,57,9,1360,1,9,5,2,5
2017460245277,3,9,0,3,0,1,0,0,0,0,2,1,6,2,51,8,1998,1,12,4,2,4
2017460245277,4,9,0,9,0,5,0,0,0,0,2,1,6,2,37,7,1753,2,9,7,3,7
2017460245279,1,9,0,18,0,5,0,0,0,0,1,1,6,3,-1,-1,-1,-1,-1,-1,-1,-1
2017460245279,2,1,0,18,0,5,0,0,0,0,1,1,1,1,36,7,-1,-1,-1,-1,-1,-1
2017460245313,1,3,0,17,0,-1,1,0,0,0,1,1,5,1,17,4,124,1,9,7,1,7
2017460245338,1,9,0,18,0,0,5,11,7,0,1,1,2,2,23,5,1360,1,11,9,2,9
2017460245383,1,9,0,9,0,8,0,0,0,0,0,1,6,3,-1,-1,-1,-1,-1,-1,-1,-1
2017460245383,2,9,0,18,0,1,0,0,0,0,2,1,6,2,20,4,-1,-1,-1,2,2,2
2017460245383,3,3,0,18,0,1,0,0,0,0,1,1,6,2,18,4,108,1,-1,10,1,10
2017460245411,1,98,1,1,0,0,0,0,0,0,2,1,6,3,-1,-1,-1,-1,-1,-1,-1,-1
2017460245411,2,9,0,2,0,0,0,0,0,0,2,1,1,2,21,5,1598,2,3,6,1,6
2017460245413,1,9,0,4,0,1,0,0,0,0,1,1,2,1,25,5,1995,1,10,4,1,4
2017460245413,2,9,0,2,0,1,0,0,0,0,2,1,6,2,34,6,1685,2,5,4,1,4
2017460245433,1,2,0,3,0,1,1,0,0,0,1,1,1,2,19,4,125,1,6,6,1,6
2017460245433,2,9,0,3,0,1,0,0,0,0,2,1,3,2,35,6,2993,2,4,-1,-1,-1
2017460245436,1,9,0,13,0,3,0,0,0,0,3,1,6,2,-1,-1,1596,1,6,-1,-1,-1
2017460245436,2,9,0,13,0,3,0,0,0,0,4,1,1,1,27,6,1598,1,9,7,3,7
2017460245570,1,22,0,18,5,0,0,0,2,0,4,1,5,1,62,9,-1,-1,-1,2,1,2
2017460245644,1,9,0,18,0,1,0,0,0,0,1,1,5,2,84,11,1998,1,18,7,3,7
2017460245649,1,9,0,13,0,0,1,0,0,0,1,1,5,1,36,7,1560,2,9,-1,-1,-1
2017460245649,2,9,0,18,0,0,1,0,1,0,1,1,6,1,22,5,1388,1,11,-1,-1,-1
2017460245649,3,9,0,18,0,0,0,0,0,0,0,1,6,2,17,4,998,1,3,8,3,8
2017460245649,4,9,0,18,0,0,0,0,0,0,0,1,6,2,39,7,1998,2,3,-1,-1,-1
2017460245662,1,9,0,18,0,1,0,0,0,0,1,1,6,3,-1,-1,-1,-1,-1,-1,-1,-1
2017460245662,2,9,0,10,0,1,0,0,0,0,2,1,6,2,52,8,1242,1,13,-1,-1,-1
2017460245671,1,9,0,18,0,0,0,0,0,0,1,1,1,2,31,6,1339,8,8,5,1,5
2017460245674,1,9,0,18,5,0,0,0,0,0,0,1,6,2,24,5,1422,2,9,5,1,5
2017460245674,2,1,0,18,5,0,0,0,0,0,1,1,6,3,-1,-1,-1,-1,-1,-1,-1,-1
2017460245678,1,9,0,18,0,0,0,0,1,0,1,1,2,1,23,5,-1,-1,-1,9,1,9
2017460245678,2,9,0,2,0,0,0,0,2,0,2,1,6,3,37,7,-1,-1,-1,-1,-1,-1
2017460245704,1,9,0,12,0,0,1,0,1,0,1,1,2,1,28,6,2987,2,4,2,1,2
2017460245731,1,17,0,18,0,0,0,0,0,0,1,1,1,1,71,10,15067,2,33,9,3,9
2017460245731,2,9,0,18,0,0,0,0,0,0,1,1,3,1,44,7,1360,1,21,4,3,4