Accident_Index,Vehicle_Reference,Vehicle_Type,Towing_and_Articulation,Vehicle_Manoeuvre,Vehicle_Location-Restricted_Lane,Junction_Location,Skidding_and_Overturning,Hit_Object_in_Carriageway,Vehicle_Leaving_Carriageway,Hit_Object_off_Carriageway,1st_Point_of_Impact,Was_Vehicle_Left_Hand_Drive?,Journey_Purpose_of_Driver,Sex_of_Driver,Age_of_Driver,Age_Band_of_Driver,Engine_Capacity_(CC),Propulsion_Code,Age_of_Vehicle,Driver_IMD_Decile,Driver_Home_Area_Type,Vehicle_IMD_Decile
2017460253072,1,9,0,18,0,0,1,0,0,0,1,1,6,1,28,6,1364,2,9,4,2,4
2017460253072,2,9,0,2,0,0,0,0,0,0,2,1,6,1,60,9,1229,1,11,6,3,6
2017460253072,3,11,0,18,0,0,0,0,0,0,1,1,1,1,65,9,4500,2,8,7,3,7
2017460253099,1,19,0,18,0,8,0,0,0,0,1,1,6,1,30,6,1995,2,-1,2,1,2
2017460253099,2,9,0,18,0,8,0,0,0,0,3,1,6,1,46,8,1796,1,13,4,1,4
2017460253110,1,9,0,18,0,0,0,0,0,0,1,1,6,2,77,11,1598,1,11,3,1,3
2017460253128,1,9,0,18,0,0,5,0,1,4,1,1,6,3,-1,-1,1997,2,10,-1,-1,-1
2017460253148,1,98,0,12,0,0,0,0,0,0,3,1,6,3,-1,-1,-1,-1,-1,-1,-1,-1
2017460253148,2,8,0,18,0,0,0,0,0,0,4,1,1,1,51,8,2499,2,7,6,1,6
2017460253152,1,19,0,6,0,2,0,0,1,0,4,1,2,1,37,7,1997,2,1,8,2,8
2017460253161,1,9,0,9,0,6,0,0,0,0,3,1,2,2,37,7,999,1,2,6,3,6
2017460253161,2,8,0,18,0,2,0,0,0,0,1,1,3,1,54,8,1560,2,5,6,1,6
2017460253173,1,9,0,3,0,0,0,0,0,0,1,1,6,3,-1,-1,1360,1,16,-1,-1,-1
2017460253177,1,9,0,18,0,0,0,0,0,0,1,1,6,2,40,7,-1,-1,-1,-1,-1,-1
2017460253206,1,9,0,18,0,0,0,0,0,0,1,1,6,3,-1,-1,-1,-1,-1,-1,-1,-1
2017460253215,1,98,0,18,0,0,0,11,0,0,1,1,6,3,-1,-1,-1,-1,-1,-1,-1,-1
2017460253232,1,9,0,4,0,0,5,0,0,0,4,1,3,2,41,7,2987,2,9,9,1,9
2017460253236,1,9,0,18,0,1,0,0,0,0,1,1,5,1,75,10,999,1,19,9,1,9
2017460253236,2,9,0,9,0,5,0,0,0,0,2,1,5,1,22,5,1753,2,16,1,1,1
2017460253237,1,9,0,7,0,1,0,0,0,0,1,1,6,1,17,4,998,1,1,2,1,2
2017460253237,2,9,0,18,0,1,0,0,0,0,3,1,6,2,37,7,1498,1,2,2,1,2
2017460253241,1,9,0,11,0,8,0,0,0,0,1,1,6,1,49,8,1997,2,11,7,2,7
2017460253241,2,9,0,18,0,8,0,0,7,10,4,1,6,2,34,6,1560,2,10,4,1,4
2017460253257,1,9,0,4,0,0,1,0,0,0,1,1,6,2,33,6,1248,2,7,6,1,6
2017460253257,2,9,0,4,0,0,0,0,0,0,2,1,6,1,64,9,2993,2,3,7,1,7
2017460253291,1,9,0,18,0,0,0,0,0,0,1,1,6,2,55,8,1997,2,5,6,3,6
2017460253321,1,9,0,3,0,0,0,0,0,0,4,1,6,3,-1,-1,-1,-1,-1,-1,-1,-1
2017460253321,2,5,0,3,0,0,0,0,0,0,1,1,6,1,34,6,1255,1,1,5,1,5
2017460253323,1,9,0,18,0,0,0,0,0,0,4,1,6,1,53,8,1968,2,-1,2,1,2
2017460253349,1,9,0,18,0,0,0,0,0,0,1,1,6,1,25,5,1596,1,10,10,1,10
2017460253377,1,97,0,16,0,0,0,0,1,0,1,1,1,1,20,4,-1,-1,-1,-1,-1,-1
2017460253377,2,19,0,3,0,0,0,0,0,0,2,1,1,1,61,9,1868,2,14,5,1,5
2017460253474,1,9,0,18,0,0,1,0,7,9,1,1,6,2,23,5,999,1,-1,6,1,6
2017460253481,1,9,0,4,0,1,0,0,0,0,1,1,5,2,24,5,1598,1,14,4,1,4
2017460253481,2,9,0,3,0,1,0,0,0,0,2,1,1,1,46,8,998,1,-1,5,1,5
2017460253484,1,9,0,9,0,0,0,0,0,0,1,1,6,2,24,5,1598,1,12,3,1,3
2017460253485,1,9,0,5,0,0,0,4,0,0,4,1,6,2,63,9,2979,1,16,8,3,8
2017460253485,2,9,0,2,0,0,0,0,0,0,2,1,6,1,-1,-1,2494,8,1,-1,-1,-1
2017460253485,3,9,0,2,0,0,0,0,0,0,2,1,6,1,-1,-1,1998,8,3,-1,-1,-1
2017460253498,1,9,0,16,0,2,1,0,0,0,1,1,6,1,81,11,1388,1,8,8,1,8
2017460253498,2,9,0,17,0,1,1,0,0,0,1,1,6,1,28,6,1493,2,11,3,1,3
2017460253511,1,9,0,5,0,6,0,0,0,0,1,1,2,1,26,6,1229,1,2,9,1,9
2017460253517,1,4,0,18,0,0,2,0,0,0,0,1,6,1,33,6,645,1,12,6,1,6
2017460253517,2,9,0,18,0,0,1,0,7,0,1,1,3,1,29,6,-1,-1,-1,10,3,10
2017460253526,1,9,0,16,0,0,1,0,7,11,1,1,6,2,53,8,1328,1,13,10,1,10
2017460253528,1,9,0,18,0,8,0,0,0,0,4,1,6,2,30,6,996,1,7,8,1,8
2017460253528,2,9,0,18,0,8,0,0,0,0,3,1,6,1,28,6,1995,2,13,2,1,2
2017460253543,1,9,0,18,0,1,0,0,0,0,1,1,5,2,38,7,1686,2,3,8,1,8
2017460253545,1,21,1,4,0,1,0,0,0,0,1,1,1,1,44,7,12777,2,2,1,1,1
2017460253545,2,9,0,10,0,1,0,0,0,0,2,1,2,1,49,8,-1,-1,-1,6,1,6
2017460253552,1,9,0,18,0,6,0,0,0,0,1,1,6,2,78,11,998,1,6,3,3,3
2017460253552,2,9,0,18,0,8,0,0,0,0,4,1,6,1,34,6,1298,1,15,1,1,1
2017460253563,1,9,0,5,0,0,0,0,0,0,3,1,5,1,27,6,1199,1,14,-1,-1,-1
2017460253563,2,9,0,18,0,0,0,0,0,0,1,1,5,2,78,11,1991,2,12,7,1,7
2017460253566,1,9,0,9,0,1,0,0,0,0,1,1,1,2,31,6,1956,2,3,5,1,5
2017460253579,1,9,0,18,0,0,0,0,0,0,1,1,3,2,42,7,998,1,5,10,3,10
2017460253581,1,9,0,18,0,1,0,0,0,0,1,1,6,1,89,11,1388,1,11,10,1,10
2017460253581,2,9,0,3,0,1,0,0,0,0,2,1,6,1,64,9,1598,2,2,8,2,8
2017460253585,1,4,0,18,0,1,0,0,0,0,3,1,6,1,23,5,600,1,10,-1,-1,-1
2017460253585,2,9,0,9,0,1,0,0,0,0,4,1,6,1,46,8,1360,1,16,6,1,6
2017460253596,1,9,0,12,0,6,0,0,0,0,3,1,6,1,33,6,2494,1,14,5,1,5
2017460253596,2,9,0,18,0,8,0,0,0,0,4,1,6,1,27,6,2993,2,1,5,1,5
2017460253601,1,9,0,18,0,0,0,0,0,0,4,1,6,3,-1,-1,-1,-1,-1,-1,-1,-1
2017460253606,1,9,0,18,0,0,0,0,0,0,1,1,5,1,80,11,1997,2,10,-1,-1,-1
2017460253607,1,21,0,18,0,0,0,0,0,0,1,1,6,1,41,7,-1,-1,-1,8,1,8
2017460253607,2,9,0,18,0,0,0,0,0,0,1,1,6,1,36,7,-1,-1,-1,2,1,2
2017460253607,3,9,0,4,0,0,0,0,0,0,2,1,6,1,56,9,1598,2,1,8,1,8
2017460253607,4,9,0,4,0,0,0,0,0,0,2,1,6,1,44,7,-1,-1,-1,7,1,7
2017460253607,5,9,0,4,0,0,0,0,0,0,2,1,6,2,34,6,1598,2,5,3,1,3
2017460253622,1,9,0,18,0,0,5,0,0,0,1,1,2,1,27,6,1124,1,13,1,1,1
2017460253622,2,9,0,4,0,0,0,0,0,0,3,1,2,2,18,4,998,1,-1,5,2,5
2017460253625,1,9,0,4,0,0,0,0,0,0,1,1,6,2,61,9,1496,1,-1,4,1,4
2017460253625,2,9,0,4,0,0,0,0,0,0,2,1,6,1,54,8,1587,1,10,5,1,5
2017460253626,1,9,0,18,0,1,0,0,0,0,1,1,6,2,-1,-1,1995,2,7,9,3,9
2017460253626,2,9,0,7,0,4,0,0,0,0,2,1,5,2,39,7,1197,1,1,7,3,7
2017460253636,1,9,0,15,0,0,0,0,0,0,4,1,6,1,60,9,-1,-1,-1,3,1,3
2017460253636,2,3,0,18,0,0,0,0,0,0,3,1,6,1,26,6,125,1,2,1,1,1
2017460253670,1,9,0,18,0,0,0,0,0,0,1,1,6,1,-1,-1,1560,2,3,-1,-1,-1
2017460253670,2,9,0,18,0,0,0,0,0,0,1,1,6,2,37,7,1560,2,5,7,1,7
2017460253673,1,9,0,18,0,1,1,4,0,0,1,1,5,1,35,6,1560,2,5,1,1,1
2017460253673,2,9,0,18,0,1,0,0,0,0,2,1,5,2,57,9,-1,-1,-1,1,2,1
2017460253678,1,1,0,3,0,0,0,0,0,0,1,1,2,1,19,4,-1,-1,-1,2,1,2
2017460253685,1,9,0,18,0,0,2,0,7,10,4,1,1,2,53,8,-1,-1,-1,1,1,1
2017460253685,2,9,0,18,0,0,0,0,0,0,3,1,1,1,23,5,1761,1,19,1,1,1
2017460253685,3,9,0,18,0,0,0,0,0,0,0,1,1,1,41,7,2148,2,12,7,3,7
2017460253728,1,9,0,18,0,0,0,0,0,0,4,1,6,3,-1,-1,-1,-1,-1,-1,-1,-1
2017460253729,1,9,0,5,0,0,0,0,0,0,1,1,6,1,58,9,2494,1,17,10,1,10
2017460253759,1,9,0,18,0,4,0,9,0,0,3,1,6,2,41,7,1598,1,4,3,1,3
2017460253760,1,9,0,3,0,0,0,0,0,0,4,1,6,1,34,6,1995,2,3,2,1,2
2017460253760,2,5,0,3,0,0,0,0,0,0,4,1,6,1,47,8,847,1,-1,9,1,9
2017460253785,1,23,0,3,0,0,0,0,0,0,4,1,6,1,33,6,125,1,1,1,3,1
2017460253802,1,9,0,12,0,0,0,0,0,0,3,1,6,1,65,9,1995,2,10,1,1,1
2017460253802,2,9,0,18,0,0,1,0,5,0,4,1,6,2,41,7,1587,1,13,8,3,8
2017460253810,1,9,0,9,0,5,0,0,0,0,3,1,6,1,35,6,1598,1,3,2,1,2
2017460253810,2,19,0,18,0,1,0,0,0,0,4,1,6,1,36,7,1998,2,14,-1,-1,-1
2017460253824,1,9,0,18,0,0,0,0,0,0,1,1,1,1,63,9,1995,2,2,2,1,2
2017460253824,2,9,0,18,0,0,0,0,0,0,2,1,6,1,27,6,2967,2,6,-1,1,-1
2017460253824,3,9,0,18,0,0,0,0,0,0,2,1,6,1,31,6,1896,2,13,4,3,4
2017460253824,4,9,0,18,0,0,0,0,0,0,2,1,2,1,48,8,1560,2,4,8,1,8
2017460253848,1,9,0,18,0,0,0,0,0,0,3,1,6,2,43,7,1560,2,5,7,1,7
2017460253848,2,3,0,18,0,0,0,0,0,0,4,1,6,1,35,6,125,1,1,4,1,4
2017460253900,1,19,0,18,0,1,0,0,0,0,0,1,6,1,37,7,1997,2,9,-1,-1,-1
2017460253900,2,11,0,18,0,1,0,0,0,0,0,1,1,1,60,9,5850,2,15,8,3,8
2017460253929,1,5,0,18,0,1,1,0,0,0,4,1,6,1,26,6,647,1,12,-1,-1,-1
2017460253938,1,9,0,5,0,1,0,0,0,0,4,1,6,1,76,11,998,1,6,5,2,5
2017460253940,1,9,0,16,0,0,1,0,7,9,3,1,3,1,25,5,1796,1,10,6,1,6
2017460253984,1,9,0,18,0,0,0,0,0,0,1,1,6,1,22,5,1598,1,4,9,1,9
2017460253984,2,98,0,2,0,0,0,0,0,0,4,1,1,1,53,8,-1,-1,-1,2,1,2
2017460253999,1,9,0,5,0,1,1,0,0,0,1,1,6,2,17,4,1299,1,14,-1,-1,-1
2017460253999,2,9,0,18,0,1,1,0,0,0,1,1,6,2,37,7,1596,1,12,-1,-1,-1
2017460253999,3,9,0,2,0,1,0,0,0,0,2,1,6,1,37,7,1596,1,13,-1,-1,-1
2017460254003,1,9,0,18,0,0,0,0,0,0,1,1,6,2,72,10,995,1,8,4,1,4
2017460254003,2,9,0,18,0,0,0,0,0,0,3,1,6,1,24,5,1956,2,1,4,1,4
2017460254003,3,9,0,18,0,0,0,0,0,0,3,1,6,1,55,8,1991,2,7,6,1,6
2017460254018,1,9,0,5,0,1,0,0,0,0,1,1,1,2,29,6,1242,1,1,2,1,2
2017460254018,2,1,0,18,0,1,0,0,0,0,4,1,6,1,17,4,-1,-1,-1,2,1,2
2017460254022,1,9,0,18,0,1,0,0,0,0,1,1,6,2,33,6,1595,1,4,5,2,5
2017460254022,2,9,0,8,0,1,0,0,0,0,2,1,6,1,52,8,1596,1,15,4,1,4
2017460254041,1,9,0,9,0,6,0,0,0,0,4,1,5,2,40,7,1598,1,8,7,2,7
2017460254041,2,9,0,18,0,1,0,0,0,0,3,1,5,1,52,8,1997,2,3,4,1,4
2017460254046,1,9,0,18,0,0,0,0,0,0,1,1,6,1,21,5,1399,2,6,2,1,2
2017460254046,2,9,0,3,0,0,0,0,0,0,2,1,6,1,55,8,1591,1,-1,6,1,6
2017460254046,3,9,0,18,0,0,0,0,0,0,1,1,6,1,52,8,1598,1,2,2,3,2
2017460254046,4,9,0,4,0,0,0,0,0,0,2,1,6,2,57,9,1995,2,9,5,1,5
2017460254046,5,19,0,4,0,0,0,0,0,0,2,1,6,1,54,8,2143,2,4,5,1,5
2017460254052,1,9,0,18,0,1,0,0,0,0,1,1,6,3,-1,-1,-1,-1,-1,-1,-1,-1
2017460254052,2,1,0,18,0,1,0,0,0,0,3,1,6,1,11,3,-1,-1,-1,3,1,3
2017460254066,1,9,0,5,0,2,0,0,0,0,1,1,6,1,46,8,1390,1,18,7,2,7
2017460254066,2,9,0,18,0,1,0,0,0,0,1,1,6,1,23,5,1388,1,10,7,3,7
2017460254068,1,9,0,18,0,0,0,0,0,0,1,1,2,2,57,9,2179,2,8,8,3,8
2017460254068,2,19,0,18,0,0,0,0,0,0,1,1,1,1,57,9,2143,2,1,5,3,5
2017460254077,1,9,0,18,0,0,1,0,0,0,1,1,3,2,33,6,1598,1,15,6,3,6
2017460254077,2,9,0,18,0,0,1,0,0,0,1,1,1,2,42,7,1956,2,6,7,1,7
2017460254111,1,9,0,18,0,1,0,0,0,0,1,1,6,1,28,6,1360,1,15,2,1,2
2017460254111,2,9,0,4,0,1,0,0,0,0,2,1,6,1,51,8,1984,2,5,7,3,7
2017460254111,3,9,0,10,0,5,0,0,0,0,2,1,6,2,48,8,999,1,3,5,1,5
2017460254115,1,97,0,18,0,0,0,0,0,0,1,1,6,1,37,7,-1,-1,-1,-1,-1,-1
2017460254117,1,9,0,18,0,1,0,4,7,2,1,1,2,1,28,6,1560,2,-1,6,1,6
2017460254117,2,9,0,2,0,2,0,0,0,0,2,1,2,2,-1,-1,973,1,17,-1,-1,-1
2017460254123,1,9,0,18,0,0,0,0,0,0,0,1,6,1,18,4,1686,2,10,4,1,4
2017460254123,2,9,0,1,0,0,0,0,1,0,3,1,6,1,51,8,-1,-1,-1,4,1,4
2017460254128,1,8,0,18,0,0,0,0,0,0,3,1,2,2,57,9,1995,2,3,4,1,4
2017460254128,2,1,0,18,0,0,0,0,0,0,1,1,5,1,55,8,-1,-1,-1,7,3,7
2017460254149,1,9,0,18,0,0,0,0,0,0,1,1,6,1,86,11,1248,1,7,6,1,6
2017460254149,2,9,0,2,0,0,0,0,0,0,2,1,6,2,-1,-1,2720,2,7,7,1,7
2017460254161,1,9,0,18,0,0,0,0,0,0,4,1,1,1,37,7,-1,-1,-1,-1,-1,-1
2017460254167,1,9,0,18,0,0,0,0,1,0,1,1,6,2,50,8,1956,2,2,2,1,2
2017460254172,1,9,0,9,0,5,0,0,0,0,1,1,6,2,34,6,1896,2,15,4,1,4
2017460254172,2,3,0,18,0,8,0,0,0,0,3,1,2,1,32,6,124,1,2,3,1,3
2017460254248,1,8,0,18,0,0,0,4,0,0,1,1,1,1,25,5,1997,2,16,-1,-1,-1
2017460254248,2,9,0,2,0,0,0,0,0,0,2,1,6,2,61,9,1975,1,10,2,1,2
2017460254248,3,9,0,2,0,0,0,0,0,0,3,1,6,2,61,9,1560,2,13,2,1,2
2017460254317,1,19,0,18,0,0,0,0,0,0,1,1,1,1,31,6,2143,2,2,2,1,2
2017460254317,2,11,0,2,0,0,0,0,0,0,2,1,1,1,70,10,4500,2,-1,4,1,4
2017460254323,1,9,0,18,0,0,0,11,1,2,1,1,6,1,79,11,1197,1,1,1,1,1
2017460254356,1,9,0,18,0,5,0,0,0,0,0,1,6,3,-1,-1,-1,-1,-1,-1,-1,-1
2017460254356,2,9,0,18,0,5,0,0,0,0,0,1,6,3,-1,-1,-1,-1,-1,-1,-1,-1
2017460254363,1,9,0,5,0,4,0,0,0,0,1,1,6,1,49,8,1598,2,3,10,1,10
2017460254363,2,9,0,3,0,4,0,0,0,0,2,1,6,2,22,5,1896,2,10,4,3,4
2017460254382,1,21,0,5,0,0,0,0,0,0,3,1,1,1,41,7,10518,2,5,9,2,9
2017460254382,2,19,0,18,0,0,0,0,0,0,1,1,2,1,23,5,1248,2,5,4,1,4
2017460254424,1,9,0,3,0,1,0,0,0,0,1,1,5,3,-1,-1,-1,-1,-1,-1,-1,-1
2017460254424,2,9,0,3,0,1,0,0,0,0,2,1,5,2,35,6,1995,2,-1,-1,-1,-1
2017460254470,1,3,0,4,0,0,1,0,0,0,1,1,6,1,35,6,125,1,-1,3,1,3
2017460254470,2,9,0,3,0,0,0,0,0,0,2,1,6,1,33,6,-1,-1,-1,2,1,2
2017460254508,1,9,0,18,0,2,0,0,0,0,1,1,6,2,55,8,2143,2,3,8,3,8
2017460254545,1,9,0,18,0,2,0,0,0,0,1,1,6,2,20,4,998,1,10,6,1,6
2017460254545,2,9,0,3,0,2,0,0,0,0,2,1,6,2,40,7,1598,1,10,6,1,6
2017460254550,1,9,0,18,0,0,0,0,0,0,1,1,6,1,89,11,1796,1,17,8,1,8
2017460254550,2,9,0,18,0,0,0,0,0,0,2,1,2,2,38,7,1998,1,12,2,1,2
2017460254551,1,11,-1,18,0,0,0,0,0,0,0,1,1,1,46,8,7300,2,13,3,1,3
2017460254631,1,9,0,18,0,4,0,0,0,0,1,1,2,2,32,6,1968,2,2,8,2,8
2017460254631,2,9,0,18,0,4,0,0,0,0,2,1,6,3,41,7,1390,1,10,3,1,3
2017460254647,1,9,0,3,0,0,0,0,0,0,2,1,5,1,63,9,2993,2,9,-1,-1,-1
2017460254647,2,19,0,3,0,0,0,0,0,0,1,1,5,1,29,6,2499,2,3,5,2,5
2017460254651,1,9,0,7,0,1,0,0,0,0,1,1,6,2,41,7,1984,1,7,5,2,5
2017460254651,2,9,0,9,0,1,0,0,0,0,4,1,6,2,28,6,1798,1,7,2,1,2
2017460254652,1,19,0,4,0,1,0,0,0,0,1,1,1,1,32,6,1968,2,4,2,1,2
2017460254652,2,9,0,4,0,1,0,0,0,0,2,1,6,2,37,7,1560,2,5,4,1,4
2017460254652,3,9,0,18,0,1,0,0,0,0,1,1,6,1,36,7,1560,2,7,4,1,4
2017460254652,4,9,0,18,0,1,0,0,0,0,1,1,6,1,39,7,1984,1,12,1,1,1
2017460254694,1,9,0,9,0,6,0,0,0,0,3,1,3,2,27,6,1796,1,12,1,1,1
2017460254694,2,1,0,18,0,1,0,0,0,0,1,1,4,1,16,4,-1,-1,-1,5,1,5
2017460254945,1,9,0,18,0,0,0,0,0,0,1,1,6,2,63,9,1229,1,12,3,1,3
2017460254945,2,9,0,18,0,0,0,0,0,0,3,1,6,2,33,6,2698,2,7,2,1,2
2017460254952,1,9,0,18,0,0,0,0,0,0,1,1,6,3,-1,-1,-1,-1,-1,-1,-1,-1
2017460254952,2,9,0,2,0,0,0,0,0,0,3,1,6,2,27,6,2184,2,10,6,1,6
2017460254968,1,9,0,18,0,4,0,0,0,0,1,1,1,1,30,6,1461,2,4,3,1,3
2017460254968,2,9,0,9,0,4,0,0,0,0,1,1,1,1,33,6,1968,2,5,9,3,9
2017460255069,1,9,0,7,0,6,0,0,0,0,0,1,5,1,50,8,1986,2,10,9,1,9
2017460255069,2,9,0,18,0,1,0,0,0,0,1,1,5,1,32,6,1598,1,5,4,1,4
2017460255069,3,9,0,18,0,1,0,0,0,0,2,1,5,1,32,6,1248,2,12,8,1,8
2017460255090,1,9,0,5,0,0,0,0,0,0,1,1,6,1,-1,-1,-1,-1,-1,-1,-1,-1
2017460255090,2,9,0,14,0,0,1,10,7,10,2,1,6,1,19,4,1998,1,12,5,1,5
2017460255090,3,9,0,18,0,0,0,0,0,0,1,1,3,2,55,8,1998,1,13,5,1,5
2017460255132,1,9,0,11,0,0,0,0,0,0,0,1,6,2,41,7,1956,2,5,2,1,2
2017460255132,2,9,0,18,0,0,0,0,0,0,0,1,6,1,48,8,1998,1,12,2,1,2
2017460255202,1,8,0,5,0,0,0,0,0,0,4,1,6,1,25,5,1997,2,6,-1,-1,-1
2017460255225,1,9,0,9,0,0,1,0,7,0,1,1,6,2,18,4,973,1,14,8,1,8
2017460255234,1,9,0,17,0,8,1,10,1,2,2,1,6,1,25,5,1240,1,14,5,2,5
2017460255261,1,9,0,4,0,4,0,0,0,0,1,1,6,3,-1,-1,-1,-1,-1,-1,-1,-1
2017460255261,2,9,0,3,0,4,0,0,0,0,2,1,5,2,27,6,1461,2,7,-1,-1,-1
2017460255295,1,9,0,18,0,0,5,0,0,0,3,1,6,1,85,11,999,1,1,9,1,9
2017460255308,1,9,0,18,0,0,0,0,0,0,3,1,6,2,40,7,999,1,5,4,3,4
2017460255351,1,9,0,18,0,1,0,0,0,0,3,1,5,2,26,6,1598,2,4,6,1,6
2017460255351,2,9,0,9,0,1,0,0,0,0,1,1,5,1,25,5,1798,1,10,6,1,6
2017460255354,1,19,0,9,0,1,0,0,0,0,1,1,1,1,50,8,2143,2,2,-1,-1,-1
2017460255354,2,3,0,18,0,1,0,0,0,0,1,1,6,1,29,6,125,1,15,3,1,3
2017460255382,1,9,0,18,0,4,0,0,0,0,3,1,1,2,29,6,1499,2,2,9,1,9
2017460255382,2,1,0,18,0,8,0,0,0,0,4,1,6,1,45,7,-1,-1,-1,9,1,9
2017460255414,1,9,0,4,0,8,0,0,0,0,1,1,6,1,57,9,1900,2,11,5,1,5
2017460255476,1,9,0,4,0,0,1,0,0,0,1,1,2,1,57,9,1796,1,14,1,1,1
2017460255476,2,9,0,4,0,0,0,0,0,0,2,1,2,2,25,5,998,1,-1,9,1,9
2017460255476,3,98,0,4,0,0,0,0,0,0,2,1,2,1,43,7,-1,-1,-1,6,3,6
2017460255476,4,9,0,4,0,0,1,0,0,0,1,1,2,1,22,5,1598,2,3,2,1,2
2017460255483,1,9,0,16,0,0,1,0,0,0,1,1,6,1,54,8,1798,1,8,7,3,7
2017460255483,2,9,0,18,0,0,0,0,0,0,1,1,6,1,44,7,1124,1,20,5,3,5
2017460255513,1,9,0,18,0,0,0,0,0,0,1,1,6,1,62,9,1149,1,7,5,1,5
2017460255610,1,9,0,18,0,1,1,12,0,0,1,1,6,2,34,6,1389,1,14,1,1,1
2017460255610,2,98,0,2,0,1,5,12,0,0,2,1,6,1,-1,-1,-1,-1,-1,-1,-1,-1
2017460255610,3,9,0,2,0,1,5,12,0,0,2,1,6,1,-1,-1,1749,1,15,-1,-1,-1
2017460255611,1,9,0,18,0,0,0,0,0,0,3,1,1,1,30,6,1560,2,8,9,2,9
2017460255616,1,9,0,18,0,0,0,0,0,0,1,1,6,2,73,10,1497,8,-1,7,1,7
2017460255616,2,9,0,18,0,0,0,0,0,0,1,1,6,2,34,6,1560,2,4,3,1,3
2017460255631,1,9,0,18,0,0,0,0,0,0,1,1,5,1,54,8,1969,2,1,8,3,8
2017460255631,2,9,0,18,0,0,0,0,1,9,3,1,5,1,20,4,1499,1,1,7,3,7
2017460255633,1,9,0,9,0,1,0,0,0,0,3,1,6,2,69,10,1798,1,11,3,1,3
2017460255633,2,9,0,5,0,2,0,0,0,0,1,1,1,1,61,9,1968,2,3,9,1,9
2017460255676,1,9,0,18,0,0,0,0,0,0,1,1,3,2,-1,-1,2143,2,1,3,1,3
2017460255676,2,9,0,18,0,0,1,0,0,0,1,1,5,2,38,7,1199,1,17,5,1,5
2017460255708,1,9,0,18,0,0,2,0,0,0,1,1,1,2,18,4,1299,1,12,-1,-1,-1
2017460255713,1,9,0,18,0,0,0,0,0,0,3,1,6,1,53,8,2231,2,4,7,2,7
2017460255719,1,9,0,12,0,0,0,0,0,0,1,1,2,1,19,4,1598,1,2,4,1,4
2017460255719,2,9,0,18,0,0,0,0,0,0,2,1,2,1,25,5,1397,1,13,9,1,9
2017460255720,1,9,0,18,0,0,0,0,0,0,4,1,6,1,41,7,-1,-1,-1,8,1,8
2017460255757,1,9,0,18,0,5,0,0,0,0,3,1,5,1,77,11,1596,1,15,4,1,4
2017460255757,2,9,0,18,0,8,0,0,0,0,4,1,5,1,43,7,1984,1,2,4,1,4
2017460255772,1,9,0,4,0,0,0,0,0,0,1,1,3,1,40,7,998,1,9,1,1,1
2017460255805,1,9,0,18,0,1,0,0,1,0,4,1,1,1,30,6,-1,-1,-1,2,1,2
2017460255823,1,98,0,17,0,0,0,0,0,0,1,1,5,1,61,9,-1,-1,-1,-1,-1,-1
2017460255823,2,9,0,18,0,0,0,0,0,0,1,1,5,2,56,9,1299,1,12,5,1,5
2017460255831,1,9,0,15,0,1,1,0,0,0,1,1,1,1,19,4,1124,1,17,7,1,7
2017460255831,2,19,0,17,0,1,0,0,0,0,1,1,1,1,27,6,1560,2,2,-1,-1,-1
2017460255850,1,9,0,18,0,1,0,0,0,0,1,1,6,1,33,6,998,1,16,1,1,1
2017460255850,2,9,0,18,0,1,0,0,0,0,1,1,6,1,30,6,-1,-1,-1,7,1,7
2017460255878,1,5,0,18,0,0,5,0,0,0,3,1,5,1,54,8,600,1,11,4,1,4
2017460255895,1,9,0,17,0,0,1,0,0,0,1,1,2,1,31,6,1391,1,16,8,1,8
2017460255895,2,9,0,18,0,0,1,0,0,0,1,1,5,1,25,5,1389,1,16,2,1,2
2017460255898,1,19,0,3,0,2,0,0,0,0,1,1,1,1,22,5,1995,2,-1,7,1,7
2017460255898,2,9,0,3,0,2,0,0,0,0,1,1,5,1,30,6,2993,2,5,3,1,3
2017460255921,1,9,0,13,0,0,0,0,0,0,2,1,2,1,22,5,1686,2,4,8,2,8
2017460255921,2,9,0,16,0,0,0,0,0,0,1,1,6,2,31,6,1086,1,12,-1,-1,-1
2017460255921,3,21,1,18,0,0,0,0,0,0,1,1,1,1,65,9,12740,2,-1,1,1,1
2017460255931,1,9,0,18,0,0,0,0,0,0,1,1,6,2,59,9,1995,2,9,6,1,6
2017460255931,2,9,0,18,0,0,0,0,0,0,2,1,6,2,50,8,799,2,7,1,1,1
2017460255931,3,9,0,18,0,0,0,0,0,0,2,1,6,2,45,7,1587,1,15,5,1,5
2017460255973,1,9,0,18,0,0,1,0,2,0,3,1,1,1,43,7,-1,-1,-1,4,2,4
2017460255986,1,98,0,9,0,8,0,0,0,0,3,1,6,1,29,6,-1,-1,-1,7,3,7
2017460255986,2,9,0,18,0,8,0,0,0,0,1,1,6,2,53,8,1968,2,4,8,3,8
2017460255994,1,9,0,-1,-1,0,-1,-1,-1,0,-1,1,2,1,31,6,1582,2,7,2,1,2
2017460255994,2,9,0,-1,-1,0,-1,-1,-1,0,-1,1,5,2,42,7,1995,2,3,8,1,8