Accident_Index,Vehicle_Reference,Vehicle_Type,Towing_and_Articulation,Vehicle_Manoeuvre,Vehicle_Location-Restricted_Lane,Junction_Location,Skidding_and_Overturning,Hit_Object_in_Carriageway,Vehicle_Leaving_Carriageway,Hit_Object_off_Carriageway,1st_Point_of_Impact,Was_Vehicle_Left_Hand_Drive?,Journey_Purpose_of_Driver,Sex_of_Driver,Age_of_Driver,Age_Band_of_Driver,Engine_Capacity_(CC),Propulsion_Code,Age_of_Vehicle,Driver_IMD_Decile,Driver_Home_Area_Type,Vehicle_IMD_Decile
2017460256021,1,3,-1,18,0,0,2,0,0,0,1,1,6,1,21,5,124,1,4,1,1,1
2017460256026,1,9,0,18,0,0,0,0,0,0,1,1,6,1,42,7,1398,1,-1,4,1,4
2017460256026,2,9,0,3,0,0,0,0,0,0,2,1,6,1,26,6,1968,2,2,4,1,4
2017460256088,1,19,0,18,0,0,0,0,0,0,1,1,6,1,17,4,1248,2,5,10,2,10
2017460256088,2,9,0,18,0,0,0,0,0,0,1,1,6,2,38,7,-1,-1,-1,6,3,6
2017460256156,1,9,0,18,0,0,1,4,0,0,1,1,6,1,85,11,1560,2,5,7,1,7
2017460256156,2,9,0,3,0,0,0,4,0,0,2,1,6,1,40,7,1598,1,8,-1,-1,-1
2017460256156,3,9,0,3,0,0,0,4,0,0,2,1,6,1,59,9,1896,2,15,6,1,6
2017460256156,4,9,0,3,0,0,0,4,0,0,2,1,6,1,19,4,1896,2,12,6,1,6
2017460256156,5,9,0,3,0,0,0,4,0,0,3,1,6,2,33,6,1242,1,5,1,1,1
2017460256168,1,9,0,16,0,0,0,0,7,0,3,1,6,1,33,6,2499,1,11,3,1,3
2017460256168,2,9,0,17,0,0,0,0,0,0,3,1,6,2,45,7,1769,1,12,8,3,8
2017460256241,1,9,0,9,0,8,0,0,0,0,1,1,1,2,57,9,1240,1,14,2,1,2
2017460256241,2,9,0,18,0,8,0,0,0,0,4,1,6,2,53,8,2400,2,7,7,3,7
2017460256245,1,9,0,4,0,0,0,0,0,0,1,1,6,2,79,11,1390,1,9,9,2,9
2017460256245,2,9,0,4,0,0,0,0,0,0,2,1,6,1,25,5,1197,1,5,4,1,4
2017460256245,3,9,0,3,0,0,0,0,0,0,2,1,6,1,61,9,-1,-1,-1,7,1,7
2017460256245,4,9,0,3,0,0,0,0,0,0,2,1,6,1,65,9,1560,2,6,6,1,6
2017460256257,1,9,0,12,0,0,0,0,0,0,0,1,6,3,-1,-1,-1,-1,-1,-1,-1,-1
2017460256257,2,9,0,18,0,0,0,11,4,0,1,1,5,1,51,8,1598,1,5,4,1,4
2017460256257,3,9,0,3,0,0,0,0,0,0,2,1,5,1,44,7,2143,2,5,7,1,7
2017460256257,4,9,0,18,0,0,0,0,0,0,2,1,5,2,50,8,1499,2,2,10,1,10
2017460256258,1,9,0,3,0,1,0,0,0,0,1,1,6,2,30,6,1242,1,3,4,3,4
2017460256258,2,9,0,3,0,1,0,0,0,0,2,1,6,1,76,11,1360,1,12,5,1,5
2017460256266,1,9,0,18,0,0,0,0,0,0,4,1,5,2,25,5,1499,2,2,9,1,9
2017460256339,1,1,0,10,0,1,0,0,0,0,2,1,6,3,30,6,-1,-1,-1,-1,-1,-1
2017460256339,2,9,0,18,0,1,0,0,0,0,1,1,6,1,63,9,1199,1,3,10,2,10
2017460256341,1,9,0,4,0,0,0,0,1,0,1,1,6,1,85,11,1598,1,4,8,2,8
2017460256341,2,19,0,2,0,0,0,0,0,0,3,1,6,1,55,8,2298,2,4,8,1,8
2017460256351,1,9,0,18,0,0,1,0,1,0,1,1,1,2,57,9,1998,1,12,5,1,5
2017460256369,1,20,1,12,0,0,0,0,0,0,3,1,1,1,62,9,-1,-1,-1,-1,-1,-1
2017460256369,2,9,0,18,0,0,0,0,5,0,4,1,5,1,21,5,1995,2,4,8,2,8
2017460256386,1,9,0,9,0,0,0,0,0,0,1,1,5,1,73,10,1798,1,10,5,1,5
2017460256386,2,9,0,18,0,0,0,0,0,0,3,1,5,2,41,7,1598,1,11,4,2,4
2017460256386,3,9,0,2,0,0,0,0,0,0,1,1,5,1,54,8,1242,1,2,5,1,5
2017460256421,1,9,0,18,0,0,0,0,0,0,1,1,6,2,49,8,2179,2,11,6,3,6
2017460256421,2,9,0,3,0,0,0,0,0,0,2,1,6,2,47,8,1229,1,6,-1,-1,-1
2017460256447,1,9,0,4,0,0,1,0,0,0,1,1,6,1,32,6,1149,1,19,4,1,4
2017460256447,2,9,0,3,0,0,0,0,0,0,2,1,1,1,41,7,-1,-1,-1,8,1,8
2017460256479,1,20,0,18,0,0,0,0,0,0,1,1,1,1,26,6,-1,-1,-1,2,1,2
2017460256479,2,9,0,18,0,0,0,0,0,0,2,1,6,1,43,7,1598,1,11,6,2,6
2017460256479,3,20,0,18,0,0,0,0,0,0,2,1,6,3,-1,-1,-1,-1,-1,-1,-1,-1
2017460256490,1,9,0,18,0,0,0,0,0,0,1,1,6,1,25,5,2000,2,12,3,1,3
2017460256490,2,9,0,12,0,0,0,0,0,0,2,1,6,2,24,5,-1,-1,-1,8,1,8
2017460256507,1,19,0,18,0,0,0,0,0,0,1,2,5,1,65,9,-1,-1,-1,-1,-1,-1
2017460256507,2,9,0,4,0,0,0,0,0,0,2,1,5,1,51,8,-1,-1,-1,2,1,2
2017460256529,1,9,0,18,0,0,1,0,0,0,1,1,6,1,69,10,1560,2,7,2,1,2
2017460256529,2,9,0,2,0,0,0,0,0,0,2,1,6,3,-1,-1,-1,-1,-1,-1,-1,-1
2017460256529,3,9,0,2,0,0,0,0,0,0,2,1,6,3,-1,-1,-1,-1,-1,-1,-1,-1
2017460256548,1,20,4,11,0,0,0,0,0,0,4,1,1,1,41,7,-1,-1,-1,-1,-1,-1
2017460256548,2,9,0,18,0,0,0,0,0,0,3,1,2,2,39,7,1248,1,-1,9,1,9
2017460256634,1,9,0,18,0,0,5,0,5,4,1,1,5,1,28,6,1896,2,15,1,1,1
2017460256650,1,9,0,12,0,0,0,0,0,0,3,1,6,1,93,11,1339,1,3,-1,-1,-1
2017460256650,2,9,0,18,0,0,5,0,0,0,4,1,6,2,20,4,1398,2,14,3,1,3
2017460256660,1,98,0,4,0,0,0,0,0,0,1,1,6,1,-1,-1,-1,-1,-1,-1,-1,-1
2017460256660,2,9,0,18,0,0,0,0,0,0,2,1,6,1,-1,-1,1229,1,10,-1,-1,-1
2017460256717,1,9,0,9,0,8,0,7,1,1,4,1,2,2,38,7,998,1,2,1,1,1
2017460256717,2,21,1,18,0,1,0,0,0,0,1,1,1,1,59,9,12777,2,1,5,1,5
2017460256721,1,9,0,9,0,6,0,0,0,0,1,1,6,1,-1,-1,1798,1,18,-1,-1,-1
2017460256721,2,1,0,9,0,6,0,0,0,0,0,1,2,2,63,9,-1,-1,-1,1,1,1
2017460256738,1,9,0,18,0,1,0,0,0,0,1,1,6,1,70,10,-1,-1,-1,6,1,6
2017460256738,2,8,0,3,0,1,0,0,0,0,2,1,6,1,29,6,-1,-1,-1,2,1,2
2017460256738,3,9,0,3,0,1,0,0,0,0,2,1,6,2,51,8,1343,1,14,7,1,7
2017460256738,4,9,0,3,0,1,0,0,0,0,2,1,6,2,47,8,1329,1,4,7,1,7
2017460256738,5,21,0,3,0,1,0,0,0,0,2,1,6,1,33,6,6692,2,7,5,1,5
2017460256749,1,9,0,9,0,6,0,0,0,0,0,1,6,1,41,7,2179,2,4,6,1,6
2017460256749,2,9,0,18,0,1,0,0,0,0,0,1,1,1,41,7,2143,2,3,2,1,2
2017460256768,1,9,0,9,0,1,0,0,0,0,3,1,6,2,37,7,1197,1,4,7,3,7
2017460256768,2,5,0,8,0,1,2,0,0,0,1,1,6,1,56,9,1203,1,10,6,3,6
2017460256781,1,9,0,14,0,2,0,0,0,0,1,1,6,1,63,9,998,1,1,3,1,3
2017460256781,2,9,0,18,0,1,0,0,0,0,1,1,6,2,62,9,1597,1,8,-1,-1,-1
2017460256800,1,9,0,5,0,4,0,0,0,0,1,1,6,1,23,5,1995,1,9,4,1,4
2017460256800,2,9,0,7,0,3,2,0,0,0,4,1,6,1,45,7,1124,1,14,1,1,1
2017460256806,1,9,0,18,0,0,0,4,0,0,1,1,6,2,64,9,1796,1,14,7,1,7
2017460256806,2,9,0,2,0,0,0,0,0,0,2,1,6,1,45,7,1368,1,1,3,1,3
2017460256809,1,9,0,18,0,0,0,0,0,0,1,1,5,2,52,8,-1,-1,-1,1,1,1
2017460256828,1,9,0,18,0,0,1,0,7,0,3,1,5,2,27,6,1497,8,3,2,1,2
2017460256839,1,9,0,18,0,0,0,0,0,0,1,1,6,2,73,10,1242,1,14,-1,-1,-1
2017460256839,2,9,0,9,0,0,0,7,6,0,1,1,6,2,51,8,2987,2,2,4,1,4
2017460256851,1,9,0,18,0,0,0,0,0,0,1,1,6,1,36,7,4300,1,18,6,1,6
2017460256851,2,9,0,18,0,0,0,0,0,0,1,1,6,1,32,6,1995,1,10,1,1,1
2017460256851,3,9,0,18,0,0,0,0,0,0,1,1,6,2,30,6,998,1,9,6,1,6
2017460256859,1,9,0,18,0,0,0,0,0,0,1,1,6,2,46,8,1397,1,8,6,2,6
2017460256859,2,9,0,9,0,0,0,0,0,0,2,1,6,1,32,6,1799,1,9,2,1,2
2017460256905,1,98,0,18,0,3,0,0,0,0,1,1,6,1,70,10,-1,-1,-1,5,1,5
2017460256905,2,9,0,18,0,3,0,0,0,0,1,2,6,1,40,7,-1,-1,-1,-1,-1,-1
2017460256908,1,9,0,13,0,0,0,0,0,0,1,1,6,3,-1,-1,1999,1,11,1,1,1
2017460256908,2,9,0,4,0,0,0,0,0,0,0,1,6,2,43,7,1339,1,1,2,1,2
2017460256908,3,9,0,4,0,0,0,0,0,0,2,1,6,1,31,6,1497,8,6,10,1,10
2017460256914,1,9,0,16,0,0,1,0,0,0,1,1,6,2,25,5,1124,1,13,3,1,3
2017460256914,2,9,0,17,0,0,0,0,1,0,1,1,6,2,36,7,1329,1,2,6,3,6
2017460256915,1,98,0,18,0,0,0,0,0,0,1,1,6,3,37,7,-1,-1,-1,-1,-1,-1
2017460256915,2,9,0,18,0,0,0,0,0,0,1,1,1,1,45,7,2993,2,3,-1,-1,-1
2017460256915,3,9,0,18,0,0,0,0,0,0,1,1,1,2,44,7,2993,2,3,-1,-1,-1
2017460256915,4,9,0,18,0,0,0,0,0,0,2,1,6,1,55,8,999,1,2,10,1,10
2017460256943,1,9,0,18,0,0,0,0,0,0,1,1,6,2,20,4,1587,1,11,-1,-1,-1
2017460256943,2,21,0,18,0,0,0,0,0,0,2,1,1,1,46,8,12740,2,4,1,1,1
2017460256944,1,9,0,18,0,0,1,0,0,0,4,1,6,1,65,9,2995,1,-1,7,3,7
2017460256944,2,9,0,18,0,0,0,0,1,0,3,1,6,1,50,8,-1,3,4,5,1,5
2017460256952,1,9,0,18,0,0,1,0,0,0,1,1,6,1,55,8,-1,-1,-1,-1,-1,-1
2017460256952,2,9,0,18,0,0,1,0,0,0,4,1,6,2,37,7,1994,2,8,7,3,7
2017460256972,1,9,0,9,0,0,1,0,0,0,1,1,1,1,33,6,1560,2,3,9,2,9
2017460256977,1,19,0,12,0,0,0,0,0,0,1,1,6,3,-1,-1,-1,-1,-1,-1,-1,-1
2017460256977,2,9,0,3,0,0,0,0,0,0,2,1,6,2,21,5,998,1,3,5,3,5
2017460257007,1,9,0,18,0,1,0,0,0,0,1,1,6,3,-1,-1,-1,-1,-1,-1,-1,-1
2017460257007,2,3,0,7,0,2,1,0,0,0,4,1,1,1,48,8,124,1,3,1,1,1
2017460257054,1,9,0,4,0,0,0,0,0,0,1,1,6,1,44,7,1598,1,11,10,1,10
2017460257054,2,9,0,3,0,0,0,0,0,0,2,1,6,2,45,7,1796,2,6,7,1,7
2017460257060,1,3,0,17,0,1,0,0,1,0,1,1,6,1,34,6,124,1,5,4,1,4
2017460257108,1,9,0,18,0,8,0,0,0,0,1,1,6,1,22,5,1600,2,7,3,1,3
2017460257108,2,9,0,18,0,8,0,0,0,0,1,1,6,1,45,7,1596,1,12,2,1,2
2017460257179,1,9,0,15,0,0,0,0,0,0,1,1,6,3,-1,-1,1968,2,12,-1,-1,-1
2017460257179,2,9,0,18,0,0,0,0,0,0,1,1,6,2,52,8,1995,2,11,9,1,9
2017460257208,1,9,0,17,0,0,0,4,0,0,1,1,6,1,29,6,1398,1,7,7,1,7
2017460257208,2,20,0,2,0,0,0,0,0,0,1,1,1,1,44,7,1968,2,3,6,1,6
2017460257238,1,19,0,4,0,0,0,0,0,0,1,1,6,1,22,5,2299,2,3,-1,-1,-1
2017460257238,2,19,0,3,0,0,0,0,0,0,2,1,6,1,45,7,1995,2,4,7,1,7
2017460257238,3,9,0,3,0,0,0,0,0,0,2,1,6,2,33,6,1685,2,-1,10,2,10
2017460257254,1,10,0,18,0,0,0,0,0,0,1,1,6,1,54,8,-1,-1,-1,3,1,3
2017460257254,2,9,0,18,0,0,0,0,0,0,2,1,6,2,31,6,1596,1,2,-1,-1,-1
2017460257295,1,9,0,9,0,6,0,0,0,0,1,1,5,1,49,8,1197,1,-1,3,1,3
2017460257302,1,9,0,9,0,8,0,0,0,0,1,1,1,2,51,8,1582,2,5,6,3,6
2017460257343,1,9,0,18,0,0,0,0,0,0,3,1,2,1,71,10,1461,2,4,6,3,6
2017460257345,1,9,0,13,0,0,1,0,0,0,1,1,1,1,41,7,1493,1,17,1,1,1
2017460257346,1,9,0,6,0,0,0,0,0,0,1,1,6,2,36,7,-1,-1,-1,1,1,1
2017460257346,2,9,0,18,0,0,0,0,0,0,1,1,6,1,27,6,1968,2,9,2,1,2
2017460257375,1,9,0,1,0,0,0,0,0,0,2,1,6,2,52,8,1400,1,11,5,1,5
2017460257653,1,9,0,18,0,0,2,0,7,0,3,1,6,2,40,7,2993,2,2,9,1,9
2017460257654,1,9,0,9,0,8,1,10,1,1,1,1,6,2,24,5,1229,1,10,3,1,3
2017460257655,1,9,0,18,0,1,0,0,0,0,3,1,6,1,30,6,1461,2,1,3,1,3
2017460257655,2,9,0,9,0,6,0,0,0,0,3,1,6,1,37,7,1596,1,15,1,1,1
2017460257660,1,9,0,13,0,0,1,0,0,0,1,1,6,1,23,5,1995,2,11,6,1,6
2017460257660,2,9,0,18,0,0,-1,0,0,0,3,1,1,1,55,8,1197,1,2,4,1,4
2017460257665,1,9,0,18,0,8,0,0,0,0,4,1,6,1,25,5,1995,1,15,8,2,8
2017460257665,2,9,0,9,0,6,0,0,0,0,1,1,6,1,56,9,1968,2,2,7,3,7
2017460257667,1,9,0,18,0,0,1,0,0,0,3,1,1,1,54,8,1988,2,12,9,1,9
2017460257668,1,9,0,18,0,0,0,0,0,0,1,1,6,1,29,6,1364,1,9,-1,-1,-1
2017460257668,2,9,0,4,0,0,0,0,0,0,2,1,6,2,22,5,1598,2,2,7,3,7
2017460257673,1,9,0,18,0,0,0,0,0,0,1,1,6,1,56,9,1984,1,15,2,1,2
2017460257754,1,9,0,18,0,0,1,0,0,0,1,1,6,1,81,11,2179,2,2,5,1,5
2017460257754,2,9,0,3,1,0,0,0,0,0,2,1,6,2,84,11,1329,1,1,8,1,8
2017460257805,1,9,0,18,0,0,0,0,0,0,1,1,6,1,-1,-1,1596,1,11,4,1,4
2017460257805,2,9,0,18,0,0,0,0,0,0,2,1,6,1,-1,-1,1995,2,4,1,1,1
2017460257850,1,9,0,18,0,1,0,0,0,0,1,1,6,1,40,7,1995,2,5,9,2,9
2017460257850,2,9,0,3,0,1,0,0,0,0,2,1,6,2,55,8,1598,1,10,2,1,2
2017460257850,3,3,0,3,0,1,0,0,0,0,2,1,6,1,48,8,125,1,1,3,1,3
2017460257880,1,9,0,4,0,0,0,0,0,0,1,1,2,1,39,7,1598,1,14,7,1,7
2017460257880,2,3,0,3,0,0,0,0,0,0,2,1,6,1,27,6,125,1,1,1,1,1
2017460257886,1,9,0,18,0,0,0,0,0,0,4,1,6,1,58,9,-1,-1,-1,4,2,4
2017460257911,1,9,0,18,0,1,0,0,0,0,1,1,2,1,43,7,-1,-1,-1,-1,-1,-1
2017460257911,2,9,0,4,0,1,0,0,0,0,2,1,5,1,52,8,2401,2,12,9,1,9
2017460257927,1,9,0,4,0,0,0,0,0,0,1,1,6,2,68,10,1560,2,7,-1,-1,-1
2017460257927,2,9,0,3,0,0,0,0,0,0,2,1,6,2,45,7,1582,2,-1,4,1,4
2017460257967,1,19,0,18,0,0,0,0,0,0,1,1,6,1,26,6,1868,2,11,-1,-1,-1
2017460257967,2,9,0,18,0,0,0,0,0,0,2,1,6,1,-1,-1,1499,2,2,7,1,7
2017460257967,3,9,0,18,0,0,0,0,0,0,1,1,6,1,-1,-1,1560,2,3,7,1,7
2017460257967,4,9,0,18,0,0,0,0,0,0,4,1,6,1,-1,-1,1560,2,3,7,1,7
2017460258006,1,9,0,17,0,0,5,0,7,0,3,1,1,2,21,5,1598,1,4,6,3,6
2017460258090,1,9,0,5,0,0,0,0,0,0,1,1,1,1,71,10,1364,1,-1,3,1,3
2017460258138,1,9,0,18,0,0,1,0,5,0,1,1,2,1,24,5,1598,1,15,4,1,4
2017460258189,1,9,0,17,0,0,1,0,1,4,2,1,5,2,22,5,996,1,8,-1,-1,-1
2017460258195,1,9,0,5,0,4,0,0,0,0,1,1,6,1,56,9,1598,2,1,9,1,9
2017460258195,2,1,0,11,0,3,0,0,0,0,1,1,6,1,31,6,-1,-1,-1,9,1,9
2017460258220,1,9,0,18,0,0,0,0,0,0,2,1,6,1,42,7,1299,1,18,8,1,8
2017460258220,2,9,0,18,0,0,0,0,0,0,1,1,6,1,17,4,1390,1,7,4,1,4
2017460258220,3,9,0,18,0,0,0,0,0,0,2,1,6,3,-1,-1,-1,-1,-1,-1,-1,-1
2017460258270,1,9,0,12,0,0,2,0,5,0,1,1,6,1,27,6,2979,1,10,8,2,8
2017460258277,1,3,0,4,0,1,1,0,0,0,0,1,1,1,29,6,108,1,2,10,1,10
2017460258282,1,9,0,4,0,1,1,0,0,0,1,1,6,1,74,10,1796,1,18,7,1,7
2017460258282,2,9,0,3,0,1,0,0,0,0,2,1,6,2,42,7,1084,1,-1,2,1,2
2017460258323,1,9,0,18,0,0,0,0,0,0,1,1,6,3,-1,-1,-1,-1,-1,-1,-1,-1
2017460258337,1,9,0,18,0,3,0,0,0,0,1,1,6,1,20,4,-1,-1,-1,-1,-1,-1
2017460258384,1,9,0,3,0,1,0,0,0,0,1,1,6,1,-1,-1,-1,-1,-1,-1,-1,-1
2017460258384,2,9,0,3,0,1,0,0,0,0,2,1,6,2,36,7,1461,2,12,7,1,7
2017460258391,1,9,0,18,0,0,0,0,0,0,1,1,6,1,35,6,2993,2,5,3,1,3
2017460258391,2,9,0,3,0,0,0,0,0,0,2,1,6,2,34,6,1198,1,5,3,1,3
2017460258391,3,9,0,3,0,0,0,0,0,0,2,1,6,2,28,6,-1,-1,-1,6,1,6
2017460258416,1,9,0,5,0,1,0,0,0,0,1,1,6,1,70,10,-1,-1,-1,8,1,8
2017460258416,2,9,0,18,0,1,0,0,0,0,4,1,6,1,26,6,1995,2,3,4,1,4
2017460258434,1,9,0,18,0,0,0,0,0,0,4,1,2,1,41,7,1995,2,2,7,1,7
2017460258434,2,1,0,18,0,0,0,0,0,0,3,1,6,1,60,9,-1,-1,-1,10,1,10
2017460258434,3,1,0,18,0,0,0,0,0,0,3,1,6,1,59,9,-1,-1,-1,-1,-1,-1
2017460258434,4,1,0,18,0,0,0,0,0,0,3,1,6,1,-1,-1,-1,-1,-1,-1,-1,-1
2017460258434,5,1,0,18,0,0,0,0,0,0,3,1,6,1,-1,-1,-1,-1,-1,-1,-1,-1
2017460258437,1,9,0,10,0,2,0,0,0,0,0,1,6,1,56,9,-1,-1,-1,-1,-1,-1
2017460258437,2,3,0,18,0,1,1,0,0,0,1,1,6,1,18,4,125,1,5,8,2,8
2017460258502,1,9,0,18,0,0,1,0,5,0,4,1,2,2,23,5,1398,2,3,1,1,1
2017460258519,1,9,0,18,0,0,0,0,0,0,1,1,6,1,-1,-1,-1,-1,-1,-1,-1,-1
2017460258519,2,9,0,18,0,0,0,0,0,0,1,1,6,1,-1,-1,1686,2,12,3,1,3
2017460258536,1,9,0,18,0,0,0,0,0,0,1,1,6,1,40,7,1791,8,6,8,3,8
2017460258536,2,9,0,18,0,0,0,0,0,0,2,1,6,2,36,7,1910,2,10,8,1,8
2017460258536,3,9,0,18,0,0,0,0,0,0,2,1,1,1,33,6,1753,2,10,7,1,7
2017460258559,1,9,0,18,0,0,1,0,7,0,1,1,6,2,20,4,1242,1,4,7,1,7
2017460258559,2,9,0,18,0,0,0,0,0,0,4,1,6,2,28,6,-1,-1,-1,7,3,7
2017460258625,1,19,0,9,0,6,0,0,0,0,3,1,6,1,37,7,2460,2,11,7,1,7
2017460258625,2,9,0,18,0,1,0,0,0,0,1,1,6,2,28,6,1229,1,12,1,1,1
2017460258627,1,9,0,18,0,0,0,0,0,0,4,1,6,1,25,5,-1,-1,-1,2,1,2
2017460258636,1,9,0,18,0,0,0,4,0,0,3,1,2,1,60,9,1596,1,8,6,2,6
2017460258636,2,9,0,2,0,0,0,0,0,0,3,1,5,2,37,7,998,1,3,7,1,7
2017460258636,3,9,0,2,0,0,0,0,0,0,3,1,5,2,50,8,1995,2,-1,4,2,4
2017460258701,1,9,0,10,0,0,1,0,0,0,1,1,6,2,61,9,1124,1,13,2,1,2
2017460258701,2,90,0,17,0,0,0,0,0,0,3,1,6,1,39,7,-1,-1,-1,4,1,4
2017460258710,1,9,0,5,0,4,1,0,0,0,3,1,6,2,27,6,-1,-1,-1,5,1,5
2017460258755,1,9,0,5,0,6,0,0,0,0,3,1,5,1,39,7,1389,1,11,-1,-1,-1
2017460258755,2,1,0,4,0,1,0,0,0,0,4,1,5,1,51,8,-1,-1,-1,5,1,5
2017460258761,1,9,0,17,0,0,1,0,1,0,1,1,6,1,18,4,1242,1,9,4,1,4
2017460258891,1,9,0,18,0,8,0,0,0,0,1,1,5,1,20,4,1248,2,8,1,1,1
2017460258891,2,9,0,4,0,8,0,0,0,0,4,1,5,1,25,5,1995,2,12,1,1,1
2017460259137,1,9,0,18,0,1,0,0,0,0,3,1,6,1,50,8,1598,2,1,6,1,6
2017460259244,1,9,0,18,0,0,0,0,0,0,2,1,6,1,47,8,1124,1,15,9,1,9
2017460259244,2,1,0,18,0,0,0,0,0,0,1,1,6,2,16,4,-1,-1,-1,9,1,9
2017460259438,1,9,0,5,9,0,0,0,0,0,3,1,5,2,24,5,1242,1,3,3,1,3
2017460259553,1,9,0,18,0,0,0,0,0,0,1,1,5,1,26,6,1798,1,7,1,1,1
2017460259553,2,9,0,18,0,0,0,0,0,0,2,1,5,1,56,9,-1,-1,-1,1,1,1
2017460259709,1,9,0,12,0,0,0,0,0,0,3,1,6,1,43,7,1798,1,13,6,1,6
2017460259709,2,9,0,18,0,0,0,0,0,0,4,1,6,1,21,5,-1,-1,-1,1,1,1
2017460261156,1,98,0,18,0,0,0,7,5,6,1,2,1,1,46,8,-1,-1,-1,-1,-1,-1
2017460261156,2,98,0,18,0,0,0,0,0,0,2,2,1,1,29,6,-1,-1,-1,-1,-1,-1
2017460261214,1,9,0,17,0,0,0,0,0,0,3,1,6,1,25,5,2987,2,10,5,1,5
2017460261214,2,9,0,16,0,0,0,0,0,0,3,1,6,2,19,4,-1,-1,-1,9,1,9
2017460261338,1,9,0,3,0,0,0,0,0,0,1,1,6,1,20,4,1364,1,12,6,1,6
2017460261933,1,9,0,1,0,0,0,0,0,0,2,1,6,1,-1,-1,-1,-1,-1,-1,-1,-1
2017460261951,1,9,0,18,0,0,0,0,0,0,3,1,1,1,27,6,1896,2,18,3,1,3
2017460261951,2,9,0,6,0,0,0,0,0,0,4,1,6,2,21,5,1198,1,14,3,1,3
2017460262850,1,9,0,18,0,6,0,0,0,0,1,1,6,3,-1,-1,1796,1,13,-1,-1,-1
2017460262850,2,9,0,4,0,2,0,0,0,0,2,1,6,2,26,6,1598,1,14,4,1,4
2017460263252,1,9,0,11,0,1,0,0,0,0,4,1,6,1,39,7,1797,8,4,3,1,3
2017460263252,2,23,0,18,0,1,0,0,0,0,1,1,6,2,43,7,125,1,10,4,1,4
2017460263401,1,9,0,7,0,6,0,0,0,0,1,1,6,2,30,6,998,1,11,6,1,6
2017460263478,1,9,0,13,0,0,0,0,0,0,1,1,1,1,27,6,1968,2,4,8,1,8
2017460263478,2,19,0,18,0,0,0,0,0,0,1,1,1,1,51,8,2143,2,2,4,3,4
2017460263956,1,19,0,18,0,1,1,0,0,0,4,1,2,1,24,5,2198,2,2,7,1,7
2017460263956,2,9,0,5,0,1,0,0,0,0,1,1,1,2,51,8,1598,1,7,5,2,5
2017460263956,3,90,0,3,0,1,0,0,0,0,1,1,1,1,52,8,-1,-1,-1,2,1,2
2017460264044,1,2,0,3,0,0,0,0,0,0,3,1,6,1,16,4,49,1,7,3,1,3
2017460264633,1,9,0,18,0,8,0,10,0,0,3,1,6,1,64,9,1998,1,16,8,1,8
2017460264633,2,-1,0,5,0,2,0,0,7,0,0,1,6,3,-1,-1,-1,-1,-1,-1,-1,-1
2017460265003,1,9,0,18,0,1,0,0,0,0,1,1,6,1,48,8,1598,1,14,4,1,4
2017460265003,2,9,0,5,0,1,0,0,0,0,2,1,6,1,28,6,1686,2,7,4,1,4
2017460265578,1,19,0,4,0,1,1,0,0,0,1,1,1,1,32,6,1598,2,2,8,2,8
2017460265578,2,9,0,10,0,5,0,0,0,0,2,1,5,1,30,6,1997,2,2,-1,-1,-1
2017460265654,1,9,0,18,0,0,5,0,0,0,1,1,5,2,30,6,2993,2,3,-1,-1,-1
2017460265654,2,9,0,18,0,0,0,0,0,0,1,1,5,2,37,7,1587,1,11,-1,-1,-1
2017460265773,1,9,0,18,9,8,0,0,1,11,1,1,1,1,21,5,1199,1,18,5,3,5
2017460265823,1,9,0,4,0,1,0,0,0,0,1,1,6,1,31,6,1910,2,12,-1,-1,-1
2017460265823,2,9,0,18,0,2,1,0,0,0,4,1,1,1,33,6,1398,1,6,5,3,5
2017460266226,1,9,0,9,0,1,0,0,0,0,4,1,6,2,17,4,1600,2,7,-1,-1,-1
2017460266226,2,1,0,18,0,1,0,0,0,0,1,1,6,1,63,9,-1,-1,-1,-1,-1,-1
2017460266547,1,9,0,3,0,0,0,0,0,0,1,1,6,2,19,4,1242,1,9,7,3,7
2017460267069,1,9,0,6,0,0,0,0,0,0,2,1,5,1,27,6,-1,-1,-1,10,1,10
2017460267170,1,9,0,18,0,1,0,0,0,0,1,1,6,3,-1,-1,-1,-1,-1,-1,-1,-1
2017460267170,2,9,0,18,0,1,0,0,0,0,2,1,6,1,36,7,-1,-1,-1,-1,-1,-1
2017460270719,1,9,0,18,0,0,0,0,0,0,1,1,6,2,29,6,1242,1,12,5,3,5
2017460270719,2,9,0,18,0,0,0,0,0,0,1,1,6,1,23,5,1341,1,13,4,3,4
2017460272719,1,9,0,4,0,2,0,0,0,0,1,1,6,2,-1,-1,-1,-1,-1,-1,-1,-1
2017460272748,1,9,0,3,0,1,0,0,0,0,1,1,6,1,19,4,1248,2,8,9,1,9
2017460275690,1,9,0,8,0,1,0,0,0,0,1,1,6,1,36,7,1999,1,12,7,3,7
2017460275690,2,9,0,8,0,1,0,0,0,0,2,1,6,1,27,6,1197,1,1,9,1,9
2017460275690,3,9,0,8,0,1,0,0,0,0,2,1,6,1,-1,-1,1998,2,9,10,1,10
2017460275690,4,9,0,8,0,1,0,0,0,0,2,1,6,2,34,6,1968,2,12,10,1,10
2017460276037,1,9,0,14,0,1,0,0,0,0,1,1,6,1,25,5,-1,-1,-1,-1,-1,-1
2017460276037,2,9,0,10,0,1,0,0,0,0,4,1,6,1,19,4,998,1,12,1,1,1