Accident_Index,Vehicle_Reference,Vehicle_Type,Towing_and_Articulation,Vehicle_Manoeuvre,Vehicle_Location-Restricted_Lane,Junction_Location,Skidding_and_Overturning,Hit_Object_in_Carriageway,Vehicle_Leaving_Carriageway,Hit_Object_off_Carriageway,1st_Point_of_Impact,Was_Vehicle_Left_Hand_Drive?,Journey_Purpose_of_Driver,Sex_of_Driver,Age_of_Driver,Age_Band_of_Driver,Engine_Capacity_(CC),Propulsion_Code,Age_of_Vehicle,Driver_IMD_Decile,Driver_Home_Area_Type,Vehicle_IMD_Decile
2017460278440,1,9,0,9,0,6,0,0,0,0,3,1,6,1,-1,-1,-1,-1,-1,-1,-1,-1
2017460278440,2,5,0,18,0,1,0,0,0,0,1,1,6,1,27,6,996,1,18,6,1,6
2017460280164,1,9,0,5,0,0,0,0,0,0,0,1,6,1,33,6,1398,1,2,-1,-1,-1
2017460280164,2,9,0,18,0,0,0,0,0,0,0,1,6,1,61,9,1783,1,16,-1,-1,-1
2017460288463,1,98,0,18,0,0,0,0,0,0,0,1,6,3,-1,-1,-1,-1,-1,-1,-1,-1
2017460288463,2,5,0,18,0,0,0,0,0,0,4,1,2,1,40,7,600,1,18,9,1,9
2017460292834,1,-1,0,18,0,0,0,0,0,0,3,1,6,3,-1,-1,-1,-1,-1,-1,-1,-1
2017460292834,2,9,0,18,0,0,0,7,0,0,2,1,6,1,23,5,-1,-1,-1,3,1,3
2017460297197,1,9,0,3,0,0,0,0,0,0,1,1,6,1,56,9,-1,-1,-1,8,3,8
2017460297197,2,9,0,3,0,0,0,0,0,0,1,1,6,1,56,9,-1,-1,-1,8,1,8
2017460321263,1,9,0,9,0,8,0,0,0,0,1,1,6,1,44,7,1599,1,11,9,1,9
2017460321263,2,5,0,18,0,1,0,0,0,0,4,1,6,1,51,8,599,1,14,9,1,9
2017470164336,1,9,0,11,0,1,0,0,0,0,1,1,6,1,39,7,2143,2,2,2,1,2
2017470164336,2,9,0,12,0,1,0,0,0,0,2,1,6,2,29,6,1910,2,11,5,2,5
2017470198927,1,11,0,3,0,0,0,0,0,0,0,1,6,1,45,7,6700,2,1,2,1,2
2017471700007,1,9,0,18,0,0,1,0,0,0,1,1,6,1,17,4,1199,1,13,8,1,8
2017471700007,2,9,0,2,6,0,0,0,0,0,2,1,6,3,-1,-1,1998,1,11,-1,-1,-1
2017471700007,3,9,0,2,6,0,0,0,0,0,2,1,6,3,-1,-1,1598,2,3,-1,-1,-1
2017471700012,1,9,0,16,0,0,0,0,1,7,4,1,6,2,75,10,1328,1,10,8,3,8
2017471700017,1,9,0,18,0,8,0,0,0,0,1,1,1,1,33,6,1997,2,1,2,1,2
2017471700017,2,8,0,18,0,8,0,0,0,0,1,1,1,1,31,6,1560,2,4,4,1,4
2017471700018,1,9,0,18,0,0,0,0,5,6,1,1,6,1,37,7,2143,2,6,2,1,2
2017471700020,1,9,0,18,0,0,2,0,8,4,1,1,6,1,23,5,1299,1,18,4,1,4
2017471700023,1,9,0,12,0,0,0,0,0,0,1,1,6,1,27,6,998,1,18,10,1,10
2017471700023,2,9,0,3,0,0,0,0,0,0,2,1,6,2,62,9,1339,1,10,6,2,6
2017471700023,3,9,0,3,0,0,0,0,0,0,2,1,6,2,50,8,1598,1,5,8,1,8
2017471700025,1,9,0,18,0,0,1,0,7,4,1,1,6,1,21,5,1199,1,13,9,1,9
2017471700026,1,3,0,18,0,0,0,0,0,0,0,1,6,1,27,6,125,1,4,5,2,5
2017471700027,1,9,0,13,0,0,1,0,7,0,3,1,6,1,25,5,1596,1,14,6,1,6
2017471700027,2,8,0,18,0,0,1,0,0,0,4,1,1,1,56,9,1950,2,1,7,1,7
2017471700027,3,9,0,18,0,0,0,0,0,0,0,1,6,1,27,6,1587,1,19,8,1,8
2017471700029,1,21,0,18,0,1,0,0,0,0,1,1,1,1,54,8,6370,2,7,8,1,8
2017471700029,2,9,4,7,0,1,0,0,0,0,2,1,1,1,43,7,-1,-1,-1,8,3,8
2017471700030,1,9,0,9,0,5,0,0,0,0,1,1,6,3,-1,-1,-1,-1,-1,-1,-1,-1
2017471700030,2,1,0,4,0,1,0,0,0,0,1,1,1,1,46,8,-1,-1,-1,5,1,5
2017471700032,1,9,0,17,0,0,1,0,7,11,4,1,1,1,27,6,1895,1,16,3,1,3
2017471700034,1,9,0,9,0,8,0,0,0,0,4,1,6,1,33,6,1590,1,17,3,1,3
2017471700034,2,1,0,18,0,8,0,0,0,0,1,1,1,1,36,7,-1,-1,-1,9,1,9
2017471700038,1,9,0,18,0,1,0,0,0,0,1,1,6,1,80,11,1596,1,11,4,2,4
2017471700038,2,1,0,5,0,6,0,0,0,0,2,1,6,2,37,7,-1,-1,-1,10,2,10
2017471700039,1,9,0,18,0,1,0,0,0,0,1,1,6,1,84,11,1598,1,15,4,1,4
2017471700039,2,9,0,3,0,1,0,0,0,0,2,1,6,2,20,4,796,1,15,6,3,6
2017471700044,1,9,0,18,0,8,0,0,0,0,3,1,6,1,-1,-1,2435,1,14,-1,-1,-1
2017471700047,1,9,0,18,0,8,0,0,0,0,1,1,6,2,55,8,995,1,5,1,1,1
2017471700047,2,5,0,18,0,8,0,0,0,0,4,1,6,1,25,5,652,1,13,4,1,4
2017471700048,1,9,0,18,0,0,1,0,7,4,1,1,2,1,22,5,1360,1,12,1,1,1
2017471700050,1,9,0,9,0,6,0,0,0,0,0,2,6,3,-1,-1,-1,-1,-1,-1,-1,-1
2017471700050,2,4,0,18,0,1,0,0,0,0,0,1,2,1,52,8,803,1,7,5,1,5
2017471700051,1,9,0,4,0,1,1,0,0,0,1,1,6,2,45,7,1395,1,4,7,1,7
2017471700051,2,9,0,3,0,1,0,0,0,0,2,1,6,1,37,7,1999,1,13,6,1,6
2017471700053,1,1,0,18,0,0,0,0,0,0,0,1,1,1,47,8,-1,-1,-1,8,1,8
2017471700053,2,9,0,5,0,0,0,0,0,0,1,1,1,1,61,9,1997,1,12,7,1,7
2017471700055,1,9,0,18,0,4,0,0,0,0,1,1,3,2,24,5,1753,2,11,3,1,3
2017471700055,2,9,0,9,0,3,0,0,0,0,1,1,6,2,52,8,1910,2,10,10,1,10
2017471700058,1,9,0,7,0,6,0,0,0,0,1,1,6,2,30,6,3189,1,13,1,1,1
2017471700058,2,1,0,18,0,8,0,0,0,0,3,1,6,2,46,8,-1,-1,-1,5,1,5
2017471700062,1,9,0,5,0,8,0,0,0,0,4,1,6,1,76,11,1998,1,-1,10,3,10
2017471700062,2,9,0,18,0,8,0,0,0,0,1,1,6,1,86,11,1560,2,12,9,2,9
2017471700063,1,9,0,9,0,5,0,0,0,0,1,1,1,2,47,8,1596,1,11,2,1,2
2017471700064,1,9,0,18,0,0,5,4,0,0,4,1,6,2,79,11,1590,1,17,8,1,8
2017471700064,2,9,0,2,0,0,0,0,0,0,3,1,6,3,-1,-1,2204,2,10,-1,-1,-1
2017471700064,3,9,0,2,0,0,0,0,0,0,3,1,6,3,-1,-1,1398,1,5,-1,-1,-1
2017471700065,1,9,0,1,0,6,0,0,0,0,2,1,6,1,60,9,1587,1,15,2,1,2
2017471700066,1,9,0,18,0,0,0,0,0,0,1,1,6,2,21,5,1299,1,12,7,1,7
2017471700066,2,9,0,3,0,0,0,0,0,0,2,1,6,2,27,6,1349,1,17,4,2,4
2017471700067,1,9,0,18,0,0,0,0,0,0,1,1,2,1,18,4,1242,1,11,2,1,2
2017471700068,1,9,0,18,0,8,0,0,0,0,1,1,6,1,40,7,2969,2,12,5,1,5
2017471700068,2,8,0,18,0,8,0,0,0,0,4,1,1,1,44,7,1753,2,9,2,1,2
2017471700069,1,9,0,12,0,1,0,0,7,10,3,1,6,1,34,6,998,1,19,-1,1,-1
2017471700070,1,19,0,4,0,0,1,0,0,0,1,1,1,1,28,6,2402,2,9,3,1,3
2017471700070,2,9,0,3,0,0,0,0,0,0,1,1,6,2,46,8,1598,1,1,8,3,8
2017471700070,3,19,0,3,0,0,0,0,0,0,1,1,1,1,21,5,2464,2,8,6,2,6
2017471700070,4,9,0,3,0,0,0,0,0,0,0,1,6,1,70,10,1596,1,5,10,2,10
2017471700072,1,9,0,11,0,0,0,0,0,0,2,1,2,2,23,5,998,1,6,5,1,5
2017471700072,2,21,0,18,0,0,0,0,0,0,1,1,1,1,38,7,12740,2,6,4,1,4
2017471700073,1,9,0,9,0,8,0,0,0,0,3,1,6,1,49,8,1998,2,12,2,1,2
2017471700073,2,9,0,18,0,8,0,0,0,0,3,1,6,2,33,6,1598,2,4,10,1,10
2017471700074,1,9,0,9,0,4,0,0,0,0,3,1,2,1,55,8,1598,2,4,5,1,5
2017471700074,2,1,0,18,0,4,0,0,0,0,4,1,2,1,31,6,-1,-1,-1,7,1,7
2017471700078,1,9,0,9,0,6,0,0,0,0,1,1,6,1,26,6,1598,1,14,7,1,7
2017471700078,2,9,0,18,0,8,0,0,0,0,1,1,6,2,28,6,1229,1,3,5,2,5
2017471700079,1,9,0,17,0,0,1,0,1,9,1,1,2,1,22,5,1399,2,8,7,1,7
2017471700080,1,9,0,18,0,1,0,0,0,0,1,1,6,2,20,4,1198,1,13,8,1,8
2017471700080,2,3,0,4,0,1,0,0,0,0,2,1,6,1,21,5,124,1,5,3,1,3
2017471700080,3,9,0,4,0,1,0,0,0,0,2,1,2,1,46,8,998,1,3,4,2,4
2017471700082,1,9,0,7,0,8,0,0,0,0,4,1,6,2,47,8,1242,1,2,9,1,9
2017471700082,2,1,0,18,0,1,0,0,0,0,3,1,4,1,16,4,-1,-1,-1,8,1,8
2017471700084,1,9,0,4,0,0,1,4,0,0,1,1,2,2,27,6,1991,2,8,10,1,10
2017471700084,2,9,0,2,0,0,0,0,1,11,1,1,6,2,38,7,1242,1,3,8,1,8
2017471700084,3,9,0,18,0,0,0,0,0,0,0,1,2,1,39,7,-1,-1,-1,3,2,3
2017471700088,1,9,0,4,0,0,0,0,0,0,1,1,6,1,55,8,1149,1,14,10,2,10
2017471700088,2,9,0,3,0,0,0,0,0,0,2,1,6,1,55,8,1895,1,17,9,1,9
2017471700088,3,9,0,3,0,0,0,0,0,0,2,1,6,1,17,4,998,1,1,9,3,9
2017471700089,1,9,0,18,0,0,0,0,1,0,1,2,6,1,48,8,-1,-1,-1,-1,-1,-1
2017471700089,2,19,0,18,0,0,5,0,0,0,1,1,1,1,29,6,1968,2,3,8,3,8
2017471700090,1,9,0,18,0,0,0,0,5,6,1,1,6,1,22,5,599,1,14,3,1,3
2017471700091,1,11,0,5,0,0,0,0,0,0,0,1,1,1,40,7,3900,2,14,8,1,8
2017471700092,1,9,0,18,0,0,1,0,1,11,1,1,3,2,47,8,1390,1,13,9,1,9
2017471700093,1,9,0,16,0,0,1,0,0,4,3,1,6,1,48,8,1956,2,2,6,1,6
2017471700095,1,2,0,18,0,0,0,0,0,0,0,1,2,1,52,8,125,1,2,4,1,4
2017471700096,1,9,0,9,0,8,0,0,0,0,0,1,6,1,35,6,1560,2,13,2,1,2
2017471700096,2,1,0,18,0,8,0,0,0,0,0,1,6,1,57,9,-1,-1,-1,5,1,5
2017471700097,1,9,0,16,0,0,2,6,7,11,1,1,3,1,45,7,1896,2,14,8,3,8
2017471700100,1,9,0,9,0,6,0,0,0,0,3,1,6,2,29,6,1995,2,8,6,1,6
2017471700100,2,3,0,18,0,1,1,0,0,0,3,1,6,1,22,5,125,1,1,9,1,9
2017471700101,1,9,0,5,0,0,0,0,0,0,1,1,6,2,68,10,1242,1,5,7,1,7
2017471700101,2,9,0,2,0,0,0,0,0,0,3,1,2,1,38,7,-1,-1,-1,7,1,7
2017471700104,1,9,0,18,0,1,0,0,0,0,1,1,6,1,75,10,998,1,9,1,1,1
2017471700105,1,9,0,14,0,0,0,0,0,0,1,1,6,1,85,11,1248,1,7,8,1,8
2017471700105,2,19,0,2,0,0,0,0,0,0,2,1,6,3,-1,-1,2198,2,5,-1,-1,-1
2017471700105,3,19,0,2,0,0,0,0,0,0,1,1,1,3,-1,-1,1248,2,10,-1,-1,-1
2017471700107,1,19,0,9,9,5,0,0,0,0,3,1,2,3,-1,-1,-1,-1,-1,-1,-1,-1
2017471700108,1,9,0,18,0,0,0,0,0,0,0,1,2,1,48,8,1998,2,9,10,2,10
2017471700110,1,9,0,4,0,0,0,0,0,0,1,1,6,1,31,6,1598,2,4,2,1,2
2017471700110,2,9,0,4,0,0,0,0,0,0,2,1,6,1,44,7,1560,2,11,4,1,4
2017471700111,1,9,0,12,0,0,0,0,0,0,1,1,6,1,60,9,1248,1,1,6,1,6
2017471700111,2,9,0,3,0,0,0,0,0,0,3,1,6,1,35,6,1968,2,4,6,1,6
2017471700114,1,9,0,5,0,3,0,0,0,0,3,1,6,1,38,7,1995,2,5,10,1,10
2017471700114,2,1,0,18,0,4,0,0,0,0,1,1,2,1,37,7,-1,-1,-1,6,1,6
2017471700116,1,9,0,18,0,8,0,0,0,0,1,1,6,2,32,6,1997,2,13,8,1,8
2017471700116,2,9,0,9,0,8,0,0,1,0,2,1,6,1,69,10,1198,1,2,7,1,7
2017471700118,1,9,0,16,0,1,0,0,7,3,1,1,6,1,23,5,1998,1,15,8,3,8
2017471700119,1,9,0,18,0,0,0,0,0,0,1,1,6,1,64,9,1999,2,-1,10,1,10
2017471700119,2,9,0,18,0,0,0,0,1,0,1,1,6,1,28,6,1598,1,12,4,1,4
2017471700122,1,19,0,16,0,0,1,0,1,11,1,1,1,1,25,5,1598,2,1,4,1,4
2017471700123,1,9,0,6,0,0,0,0,0,0,1,1,6,1,42,7,1598,1,9,7,1,7
2017471700123,2,5,0,18,0,0,0,0,0,0,1,1,6,1,50,8,1130,1,15,8,3,8
2017471700125,1,9,0,18,0,1,1,0,0,0,1,1,1,1,42,7,1988,1,14,2,1,2
2017471700125,2,9,0,10,0,8,0,0,0,0,2,1,1,1,35,6,1799,1,10,7,1,7
2017471700127,1,9,0,18,0,0,0,0,0,0,1,1,6,1,49,8,1149,1,13,10,1,10
2017471700127,2,9,0,18,0,0,0,0,0,0,1,1,6,2,54,8,1598,1,9,7,2,7
2017471700129,1,9,0,9,0,1,0,0,4,1,1,1,6,1,64,9,1798,1,6,9,2,9
2017471700129,2,9,0,18,0,1,0,0,0,0,4,1,6,2,45,7,1590,1,15,4,1,4
2017471700131,1,9,0,18,9,0,1,10,1,4,1,1,6,2,70,10,1248,2,11,7,1,7
2017471700132,1,9,0,18,0,1,0,0,0,0,1,1,6,1,81,11,1360,1,6,5,1,5
2017471700134,1,8,0,7,0,8,0,0,0,0,1,1,1,1,49,8,1560,2,1,7,1,7
2017471700134,2,1,0,18,0,8,0,0,0,0,2,1,2,1,42,7,-1,-1,-1,4,1,4
2017471700135,1,9,0,18,0,0,0,0,2,4,1,1,6,1,38,7,3999,1,10,10,2,10
2017471700135,2,9,0,18,0,0,0,0,0,0,1,1,6,2,64,9,1197,1,3,8,3,8
2017471700137,1,9,0,16,0,0,0,0,0,0,0,1,6,3,-1,-1,-1,-1,-1,-1,-1,-1
2017471700137,2,9,0,17,0,0,1,0,1,4,1,1,1,1,61,9,1499,2,1,6,2,6
2017471700138,1,9,0,15,0,0,0,0,0,0,0,1,6,3,-1,-1,-1,-1,-1,-1,-1,-1
2017471700138,2,9,0,18,0,0,0,0,1,9,1,1,6,2,37,7,1868,2,17,5,1,5
2017471700139,1,9,0,17,0,1,0,0,1,1,1,1,6,2,87,11,1991,2,5,10,3,10
2017471700141,1,9,0,18,0,2,0,0,7,0,3,1,6,1,47,8,1997,2,12,7,1,7
2017471700141,2,9,0,2,0,2,0,0,0,0,4,1,6,3,-1,-1,998,1,8,-1,-1,-1
2017471700144,1,9,0,18,0,0,0,0,0,0,1,1,6,2,26,6,1390,1,4,4,1,4
2017471700148,1,9,0,18,0,6,0,0,0,0,1,1,6,1,51,8,2776,2,11,4,1,4
2017471700148,2,9,0,18,0,1,0,0,0,0,3,1,6,1,25,5,1796,1,14,-1,-1,-1
2017471700151,1,9,0,5,0,0,0,0,0,0,3,1,6,1,19,4,1248,2,13,6,1,6
2017471700151,2,1,0,18,0,0,0,0,0,0,4,1,6,1,51,8,-1,-1,-1,7,1,7
2017471700152,1,9,0,11,0,0,0,0,2,7,1,1,6,2,49,8,1388,1,15,6,1,6
2017471700152,2,9,0,18,0,0,0,0,0,0,1,1,2,2,22,5,1910,2,11,4,1,4
2017471700152,3,9,0,18,0,0,0,0,0,0,1,1,6,1,68,10,1998,2,2,10,3,10
2017471700154,1,9,0,18,0,8,0,0,0,0,1,1,6,2,28,6,1560,2,4,10,1,10
2017471700154,2,9,0,9,0,8,0,0,0,0,4,1,6,2,24,5,1422,2,10,8,1,8
2017471700157,1,9,0,5,0,4,0,0,0,0,1,1,6,2,83,11,1834,1,15,9,1,9
2017471700157,2,9,0,18,0,8,1,0,2,11,4,1,6,2,41,7,1229,1,12,5,1,5
2017471700158,1,9,0,5,8,6,0,0,0,0,1,1,6,1,53,8,1598,1,13,8,3,8
2017471700158,2,9,0,18,0,1,0,0,0,0,1,1,6,2,35,6,1108,1,16,9,1,9
2017471700159,1,9,0,16,0,0,1,0,2,4,1,1,6,1,23,5,1149,1,15,10,1,10
2017471700160,1,9,0,18,0,0,0,0,0,0,1,1,6,1,48,8,1242,1,18,3,1,3
2017471700160,2,19,0,4,0,0,0,0,0,0,2,1,6,2,50,8,1870,2,11,4,1,4
2017471700160,3,19,0,4,0,0,0,0,0,0,1,1,1,1,33,6,2198,2,3,7,1,7
2017471700161,1,9,0,18,0,3,5,10,0,11,1,1,6,2,77,11,1390,1,11,1,1,1
2017471700163,1,9,0,9,0,8,0,0,0,0,4,1,6,1,31,6,1595,1,9,5,1,5
2017471700163,2,5,0,18,0,8,1,0,0,0,1,1,6,1,25,5,800,1,2,5,2,5
2017471700166,1,9,0,9,0,6,0,0,0,0,1,1,2,1,51,8,1390,1,10,3,1,3
2017471700166,2,1,0,18,0,8,0,0,0,0,3,1,2,1,52,8,-1,-1,-1,10,1,10
2017471700167,1,1,0,18,0,1,0,0,0,0,1,1,6,1,20,4,-1,-1,-1,3,1,3
2017471700167,2,9,0,18,0,1,0,0,0,0,0,1,6,1,34,6,1799,1,9,8,1,8
2017471700168,1,19,0,7,0,5,0,0,0,0,4,1,6,1,31,6,1686,2,10,2,1,2
2017471700168,2,1,0,18,4,1,0,0,0,0,1,1,3,1,15,3,-1,-1,-1,3,1,3
2017471700169,1,9,0,4,0,1,0,0,0,0,4,1,1,1,32,6,1956,2,1,5,3,5
2017471700169,2,3,0,15,0,1,0,0,0,0,3,1,6,1,36,7,124,1,1,3,1,3
2017471700172,1,9,0,18,0,0,0,0,0,0,4,1,6,3,30,6,1998,1,15,-1,-1,-1
2017471700172,2,9,0,2,0,0,0,0,0,0,3,1,6,3,-1,-1,1598,2,1,-1,-1,-1
2017471700176,1,9,0,11,0,8,0,0,0,0,1,1,6,1,54,8,-1,-1,-1,1,1,1
2017471700176,2,9,0,3,0,8,0,0,0,0,3,1,6,1,28,6,-1,-1,-1,8,1,8
2017471700177,1,9,0,14,0,0,0,4,0,0,1,1,6,1,85,11,998,1,13,1,1,1
2017471700177,2,9,0,2,0,0,0,0,1,0,0,1,6,3,-1,-1,1396,1,8,-1,-1,-1
2017471700178,1,1,0,18,0,8,0,0,0,0,1,1,6,1,20,4,-1,-1,-1,4,1,4
2017471700178,2,9,0,9,0,8,0,0,0,0,1,1,6,1,46,8,1798,1,10,6,1,6
2017471700179,1,19,0,18,0,8,0,0,0,0,3,1,6,1,44,7,6871,2,5,8,2,8
2017471700179,2,19,0,3,0,8,0,0,0,0,4,1,6,1,52,8,1560,2,5,10,2,10
2017471700181,1,9,0,18,0,0,0,0,0,0,1,1,6,1,46,8,1149,1,16,1,1,1
2017471700181,2,19,0,18,0,0,0,0,0,0,1,1,1,1,48,8,1995,2,3,5,3,5
2017471700182,1,9,0,9,0,8,0,0,0,0,3,1,3,2,36,7,1299,1,19,4,1,4
2017471700182,2,9,0,18,0,1,0,0,0,0,1,1,6,1,21,5,1364,1,10,2,1,2
2017471700183,1,9,0,18,0,1,0,0,0,0,1,1,6,2,30,6,-1,-1,-1,-1,-1,-1
2017471700183,2,9,0,9,0,8,0,0,0,0,2,1,2,2,44,7,2179,2,8,8,3,8
2017471700184,1,9,0,5,0,0,0,0,0,0,0,1,6,3,30,6,1995,2,6,-1,-1,-1
2017471700184,2,9,0,18,0,0,0,0,1,0,0,1,6,1,67,10,1998,1,17,9,1,9
2017471700185,1,19,0,9,0,6,0,0,0,0,1,1,2,1,38,7,1248,2,10,8,1,8
2017471700185,2,9,0,18,0,8,0,0,0,0,1,1,6,1,69,10,1598,1,16,7,1,7
2017471700186,1,9,0,9,0,5,0,0,0,0,4,1,6,1,53,8,1781,1,13,2,1,2
2017471700186,2,1,0,18,0,8,0,0,0,0,1,1,6,1,42,7,-1,-1,-1,8,1,8
2017471700187,1,19,0,7,0,1,0,0,0,0,4,1,6,1,30,6,-1,-1,-1,-1,-1,-1
2017471700187,2,1,0,18,4,1,0,0,0,0,1,1,2,1,30,6,-1,-1,-1,4,1,4
2017471700188,1,9,0,9,0,1,0,0,0,0,1,1,6,2,75,10,1560,2,7,6,1,6
2017471700188,2,3,0,18,0,1,0,0,0,0,1,1,6,1,16,4,124,1,1,9,1,9
2017471700189,1,8,0,9,0,8,0,0,0,0,1,1,1,1,68,10,1560,2,4,3,1,3
2017471700189,2,11,0,2,0,2,0,0,0,0,0,1,1,1,-1,-1,-1,-1,-1,-1,-1,-1
2017471700191,1,9,0,18,0,4,0,0,0,0,1,1,6,2,61,9,1598,1,10,4,2,4
2017471700191,2,9,0,3,0,1,0,0,0,0,2,1,6,1,42,7,1388,1,14,2,1,2
2017471700192,1,9,0,18,0,6,0,0,0,0,1,1,6,1,35,6,1364,1,9,3,1,3
2017471700192,2,1,0,18,0,8,0,0,7,0,4,1,6,1,46,8,-1,-1,-1,3,1,3
2017471700195,1,9,0,17,0,0,5,0,2,4,1,1,6,2,39,7,1299,1,9,6,1,6
2017471700196,1,9,0,5,0,0,0,0,0,0,3,1,6,2,59,9,1796,1,10,4,1,4
2017471700196,2,9,0,18,0,0,0,0,4,4,1,1,2,2,26,6,1560,2,4,-1,-1,-1
2017471700197,1,9,0,14,0,2,0,0,0,0,1,1,6,2,78,11,1798,1,10,9,1,9
2017471700197,2,9,0,2,6,2,0,0,0,0,2,1,6,3,-1,-1,1598,1,9,-1,-1,-1
2017471700197,3,9,0,18,0,1,0,0,0,0,0,1,6,3,-1,-1,-1,-1,-1,-1,-1,-1
2017471700199,1,9,0,9,0,6,0,0,0,0,3,1,2,1,34,6,1388,1,14,7,2,7
2017471700199,2,1,0,18,0,1,0,0,0,0,1,1,1,1,50,8,-1,-1,-1,4,1,4
2017471700199,3,19,0,3,0,1,0,0,0,0,0,1,6,3,-1,-1,-1,-1,-1,-1,-1,-1
2017471700200,1,8,0,5,8,6,0,0,0,0,0,1,1,1,47,8,-1,-1,-1,9,1,9
2017471700201,1,9,0,18,0,1,0,0,0,0,1,1,6,2,60,9,1590,1,16,6,1,6
2017471700201,2,9,0,2,0,1,0,0,0,0,1,1,6,3,-1,-1,1984,1,1,-1,-1,-1
2017471700206,1,9,0,5,0,2,0,0,0,0,1,1,1,1,26,6,1496,2,1,-1,-1,-1
2017471700209,1,19,0,4,0,4,0,0,0,0,1,1,6,1,45,7,1399,2,9,9,1,9
2017471700209,2,3,0,8,0,4,0,0,0,0,2,1,6,1,23,5,124,1,2,2,1,2
2017471700213,1,9,0,18,0,6,0,0,1,1,1,1,6,2,28,6,1398,1,6,3,1,3
2017471700213,2,9,0,18,0,8,0,0,0,0,1,1,6,1,55,8,2979,1,2,10,1,10
2017471700214,1,9,0,9,0,6,0,0,0,0,1,1,2,1,53,8,998,1,4,6,3,6
2017471700214,2,9,0,17,0,1,0,0,0,0,1,1,2,2,25,5,999,1,2,8,1,8
2017471700214,3,9,0,8,0,1,0,0,0,0,1,1,6,1,57,9,1968,2,5,10,2,10
2017471700215,1,20,0,18,0,0,0,0,0,0,4,1,1,1,33,6,2402,2,10,2,1,2
2017471700215,2,1,0,18,0,0,0,0,0,0,3,1,6,1,74,10,-1,-1,-1,4,3,4
2017471700219,1,9,0,18,0,1,0,0,0,0,1,1,6,1,42,7,1596,1,16,4,1,4
2017471700222,1,9,0,7,0,3,0,0,0,0,4,1,6,2,44,7,1390,1,10,6,1,6
2017471700222,2,1,0,18,0,8,0,0,0,0,1,1,6,1,40,7,-1,-1,-1,5,1,5
2017471700224,1,9,0,7,0,8,1,0,0,0,4,1,6,1,33,6,1998,1,12,3,1,3
2017471700224,2,9,0,7,0,8,0,0,0,0,0,1,6,1,35,6,1998,1,15,1,1,1
2017471700224,3,9,0,10,0,8,0,0,0,0,4,1,2,2,43,7,1461,2,12,3,1,3
2017471700224,4,9,0,7,0,1,0,0,0,0,0,1,1,3,-1,-1,1499,2,2,-1,-1,-1
2017471700226,1,9,0,18,0,8,0,0,0,0,4,1,6,1,33,6,1998,1,12,3,1,3
2017471700226,2,9,0,3,0,1,0,0,0,0,3,1,6,1,39,7,998,1,17,7,1,7
2017471700226,3,9,0,3,0,1,0,0,0,0,0,1,6,1,21,5,1496,2,3,10,2,10
2017471700226,4,9,0,18,0,1,0,0,0,0,0,1,1,1,30,6,1753,2,7,-1,-1,-1
2017471700227,1,9,0,9,0,6,0,0,0,0,1,1,6,3,37,7,1596,1,13,-1,-1,-1
2017471700227,2,9,0,18,0,8,0,0,0,0,3,1,6,2,70,10,1390,1,11,7,1,7
2017471700230,1,11,0,4,0,0,0,0,8,10,3,1,1,1,54,8,9000,2,9,8,1,8
2017471700230,2,21,0,2,6,0,0,0,0,0,0,1,1,3,-1,-1,3920,2,12,-1,-1,-1
2017471700232,1,11,0,18,0,1,0,0,0,0,1,1,1,1,65,9,9360,2,6,10,1,10
2017471700232,2,11,0,18,0,1,0,0,0,0,2,1,1,2,52,8,9000,2,8,7,1,7
2017471700233,1,9,0,9,0,8,0,0,0,0,1,1,6,1,28,6,1997,2,5,6,1,6
2017471700235,1,9,0,9,0,2,0,0,0,0,1,1,6,1,63,9,1200,1,1,-1,-1,-1
2017471700236,1,19,0,9,0,8,0,0,0,0,0,1,2,1,21,5,2198,2,5,8,3,8
2017471700237,1,9,0,18,0,0,1,0,0,0,1,1,6,2,33,6,1799,1,9,4,1,4
2017471700243,1,9,0,17,0,1,1,0,1,9,1,1,6,2,51,8,-1,-1,-1,6,3,6
2017471700245,1,9,0,16,0,0,1,0,7,0,3,1,6,1,23,5,1998,1,10,3,1,3
2017471700245,2,9,0,17,0,0,0,0,0,0,1,1,6,2,54,8,1796,1,14,7,3,7
2017471700246,1,9,0,18,0,0,0,0,0,0,1,1,6,2,73,10,1499,1,1,8,3,8
2017471700246,2,9,0,3,0,0,0,0,0,0,2,1,6,1,38,7,1796,1,14,5,2,5
2017471700246,3,9,0,3,0,0,0,0,0,0,2,1,1,1,68,10,2793,1,17,5,1,5
2017471700247,1,9,0,9,0,8,0,0,0,0,1,1,6,1,24,5,1598,1,12,2,1,2
2017471700247,2,4,0,18,0,1,0,0,0,0,1,1,6,1,22,5,124,1,19,6,1,6
2017471700250,1,9,0,4,0,0,1,0,1,2,1,1,6,2,28,6,-1,-1,-1,5,1,5
2017471700252,1,9,0,18,0,0,0,0,7,0,1,2,6,1,58,9,-1,-1,-1,-1,-1,-1
2017471700252,2,19,0,18,0,0,0,0,1,0,1,1,1,1,50,8,1995,2,10,7,1,7
2017471700253,1,21,1,18,0,0,3,0,0,0,1,1,1,1,49,8,10677,2,2,9,3,9