Accident_Index,Vehicle_Reference,Vehicle_Type,Towing_and_Articulation,Vehicle_Manoeuvre,Vehicle_Location-Restricted_Lane,Junction_Location,Skidding_and_Overturning,Hit_Object_in_Carriageway,Vehicle_Leaving_Carriageway,Hit_Object_off_Carriageway,1st_Point_of_Impact,Was_Vehicle_Left_Hand_Drive?,Journey_Purpose_of_Driver,Sex_of_Driver,Age_of_Driver,Age_Band_of_Driver,Engine_Capacity_(CC),Propulsion_Code,Age_of_Vehicle,Driver_IMD_Decile,Driver_Home_Area_Type,Vehicle_IMD_Decile
2017471700254,1,9,0,9,0,8,0,0,0,0,4,1,6,2,22,5,1461,2,1,3,1,3
2017471700254,2,9,0,18,0,8,0,0,0,0,1,1,6,2,49,8,1587,1,11,4,1,4
2017471700255,1,9,0,9,0,1,0,0,0,0,1,1,6,2,58,9,1242,1,10,4,1,4
2017471700255,2,3,0,18,0,1,0,0,0,0,1,1,1,2,44,7,124,1,1,2,1,2
2017471700256,1,9,0,18,0,8,0,0,0,0,1,1,6,2,65,9,1389,1,11,7,1,7
2017471700256,2,9,0,18,0,8,0,0,0,0,4,1,6,1,53,8,1968,2,3,10,1,10
2017471700258,1,19,0,1,0,2,0,0,0,0,2,1,6,1,26,6,1753,2,5,9,1,9
2017471700260,1,9,0,9,0,8,0,0,0,0,1,1,6,1,51,8,1995,2,1,5,1,5
2017471700265,1,9,0,18,0,0,0,0,1,3,4,1,6,1,75,10,1598,1,7,4,1,4
2017471700265,2,9,0,2,6,0,0,0,0,0,2,1,6,3,-1,-1,-1,-1,-1,-1,-1,-1
2017471700265,3,9,0,2,6,0,0,0,0,0,2,1,6,3,-1,-1,1995,2,1,-1,-1,-1
2017471700266,1,9,0,18,0,8,0,0,0,0,4,1,6,3,-1,-1,-1,-1,-1,-1,-1,-1
2017471700266,2,1,0,18,0,8,1,0,0,0,3,1,1,1,30,6,-1,-1,-1,10,1,10
2017471700267,1,11,0,18,0,8,0,0,0,0,1,1,6,1,55,8,4500,2,4,9,2,9
2017471700268,1,1,0,11,0,3,0,0,0,0,1,1,6,1,30,6,-1,-1,-1,2,1,2
2017471700268,2,9,0,18,0,4,0,0,0,0,1,1,6,1,29,6,1124,1,13,7,1,7
2017471700270,1,9,0,18,0,0,0,0,0,0,1,1,6,2,34,6,1499,1,2,5,1,5
2017471700270,2,1,0,18,0,0,0,0,0,0,1,1,6,1,30,6,-1,-1,-1,5,1,5
2017471700271,1,9,0,1,0,0,0,0,7,0,2,1,6,3,-1,-1,-1,-1,-1,-1,-1,-1
2017471700273,1,9,0,13,0,1,0,0,1,3,1,1,6,1,24,5,1398,1,3,5,3,5
2017471700273,2,19,0,4,0,1,0,0,0,0,0,1,6,1,-1,-1,-1,-1,-1,-1,-1,-1
2017471700273,3,9,0,9,0,5,0,0,7,9,2,1,6,2,48,8,1596,1,10,8,3,8
2017471700279,1,9,0,18,0,8,0,0,0,0,1,1,6,1,30,6,1984,1,16,6,1,6
2017471700279,2,9,0,18,0,8,0,0,0,0,2,1,6,1,-1,-1,1364,1,11,6,1,6
2017471700279,3,9,0,18,0,8,0,0,0,0,1,1,2,2,31,6,1598,1,8,10,1,10
2017471700279,4,9,0,18,0,8,0,0,0,0,1,1,6,1,-1,-1,1390,1,8,4,1,4
2017471700279,5,9,0,18,0,1,0,0,0,0,1,1,2,1,-1,-1,1796,1,8,3,1,3
2017471700279,6,9,0,4,0,8,0,0,0,0,0,1,6,3,-1,-1,-1,-1,-1,-1,-1,-1
2017471700280,1,9,0,9,0,6,0,0,0,0,1,1,6,1,18,4,1368,1,4,9,1,9
2017471700280,2,3,0,18,0,8,0,0,0,0,4,1,6,2,33,6,125,1,7,2,1,2
2017471700281,1,9,0,5,0,0,0,0,0,0,2,1,6,1,25,5,-1,-1,-1,-1,-1,-1
2017471700282,1,9,0,9,0,8,0,0,0,0,3,1,6,1,55,8,1997,2,16,1,1,1
2017471700282,2,1,0,18,0,8,0,0,0,0,1,1,6,1,42,7,-1,-1,-1,7,1,7
2017471700283,1,9,0,16,0,0,0,0,8,4,1,1,6,1,23,5,1596,1,19,7,1,7
2017471700285,1,9,0,18,0,0,1,0,0,0,1,1,6,1,29,6,1598,2,-1,7,1,7
2017471700285,2,9,0,18,0,0,0,0,0,0,1,1,6,2,46,8,2967,2,7,6,3,6
2017471700289,1,9,0,5,0,6,0,0,0,0,1,1,6,1,25,5,1686,2,14,3,1,3
2017471700289,2,1,0,18,0,8,0,0,0,0,4,1,2,1,22,5,-1,-1,-1,2,1,2
2017471700290,1,9,0,18,0,0,0,0,1,0,1,1,6,2,72,10,1339,1,5,5,2,5
2017471700290,2,9,0,18,0,0,0,0,0,0,3,1,6,1,55,8,1998,1,1,-1,-1,-1
2017471700290,3,9,0,18,0,0,0,0,7,0,1,1,6,1,49,8,1998,2,14,10,1,10
2017471700291,1,3,0,16,0,2,0,0,7,0,4,1,6,1,37,7,124,1,4,3,1,3
2017471700293,1,9,0,7,0,8,0,0,0,0,1,1,6,2,24,5,1360,1,13,-1,-1,-1
2017471700293,2,9,0,7,0,8,0,0,0,0,2,1,6,2,27,6,1299,1,16,5,1,5
2017471700295,1,9,0,9,0,6,0,0,0,0,1,1,6,1,51,8,1590,1,17,2,1,2
2017471700295,2,1,0,10,0,1,0,0,0,0,2,1,6,2,26,6,-1,-1,-1,2,1,2
2017471700296,1,9,0,18,0,0,5,0,1,0,1,1,2,2,28,6,1398,1,6,7,2,7
2017471700298,1,9,0,17,0,0,2,0,8,10,1,1,6,1,29,6,1753,2,14,8,1,8
2017471700300,1,9,0,18,0,0,0,0,0,0,1,1,6,1,30,6,1968,2,5,-1,-1,-1
2017471700300,2,9,0,3,0,0,0,0,0,0,2,1,6,2,35,6,998,1,2,8,1,8
2017471700302,1,9,0,13,0,0,5,0,7,0,1,1,6,1,87,11,1997,2,7,7,1,7
2017471700302,2,9,0,4,0,0,0,0,0,0,2,1,6,1,87,11,1248,1,1,10,1,10
2017471700302,3,16,0,18,0,0,0,0,0,0,0,1,6,1,-1,-1,-1,-1,-1,-1,-1,-1
2017471700306,1,9,0,14,0,0,0,0,0,0,1,1,1,1,30,6,1499,2,2,3,1,3
2017471700306,2,11,0,2,0,0,0,0,0,0,0,1,1,1,30,6,-1,-1,-1,-1,-1,-1
2017471700307,1,9,0,17,0,0,2,0,7,10,1,1,2,2,53,8,1242,1,6,8,2,8
2017471700308,1,9,0,18,0,0,0,0,0,0,1,1,6,1,25,5,1390,1,7,5,1,5
2017471700308,2,9,0,18,0,0,0,0,0,0,2,1,6,2,23,5,1560,2,8,7,3,7
2017471700308,3,19,0,18,0,0,0,0,0,0,2,1,2,1,27,6,1996,2,6,8,1,8
2017471700308,4,19,0,18,0,0,0,0,0,0,2,1,2,1,28,6,1995,2,4,2,1,2
2017471700309,1,21,0,16,0,0,0,0,6,4,1,1,1,1,60,9,10677,2,2,8,1,8
2017471700310,1,9,0,9,0,6,0,0,1,11,3,1,2,1,73,10,1389,1,21,8,1,8
2017471700310,2,9,0,18,0,1,0,0,0,0,1,1,6,1,56,9,-1,-1,-1,4,1,4
2017471700311,1,9,0,3,0,1,0,0,0,0,1,1,2,1,25,5,-1,-1,-1,5,1,5
2017471700311,2,9,0,8,0,1,0,0,0,0,2,1,6,2,35,6,1598,2,2,4,1,4
2017471700312,1,3,0,18,0,0,0,0,0,0,1,1,6,2,22,5,124,1,4,1,1,1
2017471700314,1,9,0,18,0,1,1,7,0,1,1,1,1,1,74,10,-1,-1,-1,10,1,10
2017471700315,1,9,0,17,0,0,1,0,1,1,1,1,6,1,26,6,1598,1,7,1,1,1
2017471700321,1,9,0,5,0,2,0,0,0,0,3,1,6,2,22,5,1598,1,6,6,1,6
2017471700321,2,9,0,18,0,1,0,0,0,0,1,1,6,2,33,6,1398,1,6,4,1,4
2017471700324,1,19,0,18,0,8,0,0,0,0,1,1,1,1,57,9,1461,2,8,9,2,9
2017471700324,2,9,0,18,0,8,0,0,0,10,1,1,6,1,81,11,1598,1,15,9,1,9
2017471700326,1,9,0,7,0,2,0,0,0,0,1,1,1,1,70,10,1582,2,1,3,1,3
2017471700331,1,9,0,18,0,1,1,0,0,0,1,1,6,2,38,7,-1,-1,-1,7,1,7
2017471700331,2,9,0,3,0,1,0,0,0,0,1,1,6,1,43,7,1798,1,7,9,1,9
2017471700331,3,9,0,3,0,1,0,0,0,0,2,1,6,2,49,8,1798,1,6,5,1,5
2017471700331,4,9,0,9,0,6,0,0,0,0,0,1,6,3,40,7,-1,-1,-1,-1,-1,-1
2017471700333,1,9,0,1,0,1,0,0,0,0,2,1,6,2,42,7,1598,1,7,7,1,7
2017471700334,1,9,0,10,0,1,0,0,0,0,1,1,6,1,22,5,-1,-1,-1,8,3,8
2017471700334,2,9,0,10,0,1,0,0,0,0,1,1,6,1,69,10,1560,2,2,6,1,6
2017471700336,1,9,0,7,0,4,0,0,0,0,1,1,6,1,47,8,1686,2,13,6,1,6
2017471700336,2,1,0,18,0,8,0,0,0,0,4,1,6,1,49,8,-1,-1,-1,7,1,7
2017471700337,1,9,0,18,0,8,0,0,0,0,1,1,1,1,29,6,-1,-1,-1,6,1,6
2017471700337,2,9,0,18,0,8,0,0,0,0,3,1,6,1,41,7,1997,2,1,5,1,5
2017471700337,3,19,0,18,0,8,0,0,0,0,0,1,6,3,-1,-1,-1,-1,-1,-1,-1,-1
2017471700338,1,19,0,18,0,1,0,0,1,9,1,1,6,1,28,6,2198,2,6,9,1,9
2017471700338,2,9,0,18,0,1,0,0,0,0,1,1,1,1,40,7,2993,2,2,-1,-1,-1
2017471700338,3,9,0,18,0,1,0,0,1,0,4,1,1,1,-1,-1,2993,2,1,-1,-1,-1
2017471700338,4,9,0,18,0,1,0,0,0,0,1,1,1,1,41,7,2993,2,5,-1,-1,-1
2017471700339,1,9,0,12,0,0,0,0,0,0,3,1,6,1,69,10,1248,1,5,7,3,7
2017471700339,2,9,0,18,0,0,0,0,1,4,4,1,6,1,24,5,1399,2,9,8,1,8
2017471700342,1,9,0,16,0,0,1,0,7,11,1,1,2,1,45,7,1349,1,4,10,1,10
2017471700343,1,9,0,1,0,2,0,0,0,0,2,1,6,1,30,6,-1,-1,-1,-1,-1,-1
2017471700343,2,9,0,3,0,2,0,0,0,0,1,1,6,1,67,10,1896,2,11,3,1,3
2017471700346,1,9,0,18,0,8,0,0,0,0,3,1,6,3,30,6,-1,-1,-1,-1,-1,-1
2017471700346,2,5,0,18,0,8,0,0,0,0,1,1,6,1,27,6,748,1,25,5,1,5
2017471700347,1,19,0,7,0,4,0,0,0,0,1,1,1,1,44,7,1968,2,1,10,1,10
2017471700347,2,1,0,18,0,8,0,0,0,0,4,1,2,1,36,7,-1,-1,-1,4,1,4
2017471700348,1,9,0,18,0,0,0,0,0,0,1,1,6,1,86,11,2099,1,14,7,1,7
2017471700348,2,11,0,2,6,0,0,0,0,0,0,1,1,3,-1,-1,5883,2,15,-1,-1,-1
2017471700348,3,9,0,18,0,0,0,0,0,0,1,1,6,1,30,6,1598,1,10,8,1,8
2017471700348,4,9,0,18,0,0,0,0,0,0,1,1,6,1,44,7,1595,1,10,6,1,6
2017471700349,1,9,0,18,0,2,0,0,0,0,3,1,6,2,39,7,1794,1,12,6,1,6
2017471700350,1,9,0,5,0,1,0,0,0,0,1,1,6,3,30,6,-1,-1,-1,-1,-1,-1
2017471700351,1,9,0,18,0,1,0,0,0,0,1,1,6,2,43,7,1560,2,9,2,1,2
2017471700351,2,9,0,4,0,1,0,0,0,0,2,1,6,1,28,6,1598,1,13,8,1,8
2017471700352,1,9,0,9,0,1,0,0,0,0,1,1,6,2,30,6,1296,1,9,5,1,5
2017471700352,2,9,0,18,0,1,0,0,0,0,1,1,6,2,56,9,1769,1,13,10,1,10
2017471700355,1,19,0,2,0,0,0,0,0,0,3,1,1,1,55,8,1298,1,15,9,1,9
2017471700355,2,1,0,18,0,0,0,0,0,0,3,1,2,1,58,9,-1,-1,-1,10,1,10
2017471700357,1,9,0,18,0,0,0,0,0,0,3,1,2,1,31,6,1896,2,14,9,1,9
2017471700357,2,2,0,18,0,0,0,0,0,0,3,1,6,1,43,7,50,1,7,10,1,10
2017471700359,1,9,0,18,0,0,0,0,0,0,1,1,2,1,56,9,2143,12,1,9,1,9
2017471700359,2,9,0,4,0,0,0,0,0,0,2,1,2,1,60,9,-1,-1,-1,8,1,8
2017471700361,1,9,0,18,0,2,0,0,0,0,1,1,2,2,60,9,1998,1,14,4,1,4
2017471700362,1,21,0,18,0,8,5,0,1,0,4,1,1,1,44,7,9290,2,6,2,1,2
2017471700365,1,9,0,14,0,1,0,0,0,0,2,1,6,3,30,6,1498,1,3,-1,-1,-1
2017471700365,2,9,0,3,0,1,0,0,0,0,2,1,6,1,36,7,2696,2,11,7,1,7
2017471700371,1,9,0,18,0,1,0,4,0,0,1,1,6,1,80,11,1390,1,16,5,3,5
2017471700371,2,9,0,2,0,1,0,0,0,0,2,1,1,2,58,9,999,1,1,4,1,4
2017471700373,1,4,0,4,0,1,0,0,0,0,0,1,1,1,50,8,-1,-1,-1,10,1,10
2017471700377,1,9,0,7,0,3,0,0,0,0,4,1,6,2,41,7,1598,1,12,9,1,9
2017471700377,2,1,0,18,0,8,0,0,0,0,3,1,6,2,50,8,-1,-1,-1,9,1,9
2017471700378,1,9,0,9,0,6,0,0,0,0,1,1,6,3,-1,-1,-1,-1,-1,-1,-1,-1
2017471700380,1,9,0,13,0,0,0,0,0,0,4,1,6,1,61,9,1997,2,5,10,2,10
2017471700380,2,1,0,18,0,0,0,0,0,0,3,1,1,1,26,6,-1,-1,-1,7,1,7
2017471700383,1,9,0,18,0,8,0,0,0,0,3,1,6,1,60,9,1560,2,3,5,1,5
2017471700383,2,1,0,18,0,8,0,0,0,0,1,1,6,1,40,7,-1,-1,-1,4,1,4
2017471700385,1,9,0,9,0,6,0,0,0,0,3,1,2,1,20,4,1299,1,19,9,1,9
2017471700385,2,9,0,18,0,8,0,0,0,0,1,1,6,1,50,8,2720,2,10,9,1,9
2017471700386,1,9,0,18,0,0,0,0,1,11,1,1,2,1,27,6,1598,1,3,7,1,7
2017471700388,1,9,0,16,0,0,2,0,7,10,1,1,6,1,25,5,-1,-1,-1,8,1,8
2017471700388,2,9,0,18,0,0,0,0,0,0,0,1,1,1,45,7,2979,1,3,6,1,6
2017471700389,1,2,0,18,0,0,0,4,0,0,1,1,6,1,22,5,50,1,10,8,3,8
2017471700389,2,9,0,2,0,0,0,0,0,0,2,1,6,3,-1,-1,1388,1,14,-1,-1,-1
2017471700390,1,9,0,18,0,1,0,0,0,0,3,1,6,2,38,7,1997,1,10,2,1,2
2017471700390,2,8,0,18,0,1,0,0,0,0,0,1,6,2,43,7,1598,1,9,7,1,7
2017471700392,1,9,0,18,0,1,0,7,0,0,1,1,6,2,62,9,-1,-1,-1,6,1,6
2017471700392,2,9,0,18,0,2,0,0,0,0,1,1,6,1,21,5,-1,-1,-1,9,1,9
2017471700394,1,9,0,11,0,1,0,0,0,0,2,1,2,1,37,7,1968,2,2,10,2,10
2017471700394,2,21,0,4,0,1,0,0,0,0,1,1,1,2,40,7,10677,2,3,8,2,8
2017471700394,3,19,0,3,0,1,1,0,0,0,2,1,1,1,70,10,2198,2,1,5,2,5
2017471700395,1,9,0,9,0,1,0,0,0,0,1,1,3,1,34,6,1998,1,2,6,1,6
2017471700395,2,9,0,18,0,1,0,0,0,0,1,1,1,2,26,6,1242,1,14,3,1,3
2017471700395,3,9,0,3,0,1,0,0,0,0,3,1,1,2,70,10,1598,1,10,7,1,7
2017471700397,1,9,0,18,0,0,0,0,0,0,1,1,6,1,45,7,2902,2,13,5,1,5
2017471700397,2,1,0,18,0,0,0,0,0,0,2,1,6,1,60,9,-1,-1,-1,7,1,7
2017471700399,1,9,0,9,0,5,0,0,0,0,4,1,6,1,58,9,1685,2,2,1,1,1
2017471700399,2,1,0,18,0,1,1,0,0,0,1,1,6,1,37,7,-1,-1,-1,1,1,1
2017471700401,1,1,0,18,0,0,0,0,1,0,1,1,6,1,47,8,-1,-1,-1,8,1,8
2017471700401,2,19,0,2,0,0,0,0,0,0,2,1,6,1,28,6,2198,2,2,3,1,3
2017471700404,1,9,0,9,0,6,0,0,0,0,4,1,2,2,41,7,1995,2,7,10,1,10
2017471700404,2,9,0,18,0,1,0,0,0,0,1,1,2,1,43,7,1997,2,4,4,1,4
2017471700406,1,9,0,17,0,0,2,0,0,10,1,1,6,1,21,5,954,1,18,7,3,7
2017471700409,1,9,0,18,0,4,0,0,0,0,4,1,6,2,17,4,998,1,1,5,2,5
2017471700409,2,9,0,18,0,4,0,0,0,0,1,1,6,1,27,6,1360,1,10,-1,-1,-1
2017471700410,1,8,0,5,0,8,0,0,0,0,1,1,1,1,55,8,-1,-1,-1,8,1,8
2017471700412,1,9,0,17,0,0,0,0,8,10,1,1,6,3,36,7,1600,1,16,-1,-1,-1
2017471700412,2,9,0,18,0,0,0,0,0,0,1,1,6,1,27,6,1997,2,14,6,2,6
2017471700421,1,9,0,18,0,0,0,0,1,1,1,1,2,1,31,6,1988,1,15,7,1,7
2017471700423,1,8,0,14,0,0,0,0,0,0,0,1,1,1,43,7,1997,2,3,10,1,10
2017471700423,2,11,0,2,0,0,0,0,0,0,0,1,1,3,30,6,-1,-1,-1,-1,-1,-1
2017471700425,1,9,0,2,0,1,0,0,0,0,0,1,6,2,58,9,1598,2,3,7,1,7
2017471700425,2,22,0,18,9,1,0,8,0,0,0,1,6,2,70,10,-1,-1,-1,-1,-1,-1
2017471700426,1,9,0,4,0,0,0,0,0,0,1,1,6,1,34,6,1299,1,11,9,1,9
2017471700426,2,9,0,18,0,0,0,0,0,0,2,1,2,2,27,6,998,1,6,9,1,9
2017471700429,1,9,0,9,0,6,0,0,0,0,1,1,6,2,28,6,1685,2,4,4,3,4
2017471700429,2,9,0,18,0,8,1,0,0,0,1,1,3,2,51,8,1560,2,11,10,2,10
2017471700430,1,9,0,18,0,1,0,0,0,0,1,1,6,2,46,8,1397,1,10,8,3,8
2017471700430,2,9,0,18,0,1,0,0,0,0,2,1,6,2,65,9,1896,2,15,9,1,9
2017471700430,3,9,0,18,0,1,0,0,0,0,2,1,6,1,18,4,998,1,13,6,3,6
2017471700431,1,9,0,18,0,0,0,0,0,0,1,1,6,2,54,8,1461,2,1,8,1,8
2017471700431,2,9,0,18,0,0,0,0,1,10,1,1,6,1,37,7,1299,1,12,4,2,4
2017471700432,1,9,0,9,0,6,1,0,0,0,1,1,6,1,67,10,3498,1,12,5,3,5
2017471700432,2,9,0,18,0,8,1,0,0,0,1,1,6,1,59,9,1339,1,13,8,3,8
2017471700433,1,9,0,4,0,8,0,0,0,0,1,1,6,1,30,6,2495,2,14,10,1,10
2017471700433,2,9,0,10,0,1,0,0,0,0,2,1,6,2,38,7,1368,1,5,5,3,5
2017471700434,1,9,0,7,0,6,0,0,0,0,1,1,6,1,18,4,1242,1,16,10,3,10
2017471700434,2,9,0,18,0,8,0,0,0,0,1,1,6,1,44,7,1995,1,15,9,2,9
2017471700437,1,8,0,9,0,2,0,0,0,0,1,1,1,2,61,9,1968,2,5,10,1,10
2017471700438,1,9,0,17,0,0,1,10,1,1,4,1,6,2,29,6,1422,2,12,10,1,10
2017471700439,1,9,0,16,0,0,2,0,7,11,1,1,6,1,20,4,1598,1,8,2,1,2
2017471700442,1,3,0,9,0,3,1,0,0,0,3,1,6,1,20,4,125,1,1,3,1,3
2017471700443,1,9,0,4,0,1,0,0,0,0,1,1,6,3,60,9,1242,1,3,2,1,2
2017471700443,2,9,0,8,0,6,0,0,0,0,2,1,6,1,54,8,1108,1,14,3,1,3
2017471700445,1,9,0,16,0,0,0,0,1,4,1,1,6,1,19,4,1396,1,16,7,1,7
2017471700447,1,11,0,5,0,2,0,0,0,0,1,1,1,1,47,8,9000,2,13,8,1,8
2017471700447,2,9,0,4,0,2,0,0,0,0,2,1,6,2,32,6,1124,1,12,6,1,6
2017471700448,1,9,0,18,0,0,5,0,1,2,1,1,6,1,19,4,1809,1,26,4,1,4
2017471700449,1,9,0,11,0,1,0,0,0,0,1,1,6,1,49,8,4398,1,13,5,1,5
2017471700449,2,9,0,3,0,1,0,0,0,0,2,1,6,1,38,7,1596,1,8,8,1,8
2017471700451,1,9,0,16,0,0,0,0,7,4,1,1,6,1,34,6,1390,1,7,8,3,8
2017471700452,1,9,0,18,0,0,0,0,0,0,1,1,6,1,39,7,1461,2,1,7,1,7
2017471700452,2,1,0,18,0,0,0,0,0,0,2,1,2,2,44,7,-1,-1,-1,5,1,5
2017471700454,1,9,0,16,0,0,1,0,0,0,1,1,6,2,39,7,1275,1,18,5,3,5
2017471700454,2,9,0,17,0,0,0,0,0,0,1,1,6,1,40,7,998,1,2,8,3,8
2017471700456,1,9,0,16,0,0,1,0,7,0,4,1,6,1,22,5,998,1,19,10,2,10
2017471700456,2,9,0,18,0,0,0,0,7,0,1,1,3,2,40,7,1368,1,1,10,2,10
2017471700457,1,19,0,9,0,6,0,0,0,0,1,1,1,1,40,7,2287,2,9,3,1,3
2017471700457,2,3,0,18,0,1,0,0,7,0,1,1,2,1,19,4,124,1,2,1,1,1
2017471700460,1,9,0,18,0,2,0,0,0,0,1,1,6,2,50,8,-1,-1,-1,-1,-1,-1
2017471700461,1,20,0,18,0,0,0,0,0,0,1,1,1,1,39,7,4500,2,10,8,1,8
2017471700461,2,9,0,4,0,0,0,0,5,1,2,1,6,1,28,6,1910,2,8,8,3,8
2017471700464,1,19,0,18,0,0,1,0,7,9,1,1,1,2,56,9,2982,2,10,6,1,6
2017471700466,1,9,0,18,0,1,1,0,0,0,3,1,2,2,44,7,1598,1,4,7,3,7
2017471700466,2,9,0,18,0,1,1,0,0,0,1,1,2,1,54,8,1995,2,-1,9,3,9
2017471700467,1,9,0,18,0,0,0,0,0,0,1,1,6,2,40,7,1598,1,11,7,1,7
2017471700467,2,9,0,3,0,0,0,0,0,0,2,1,6,1,35,6,1390,1,4,5,1,5
2017471700467,3,9,0,2,0,0,0,0,0,0,2,1,6,1,40,7,1598,1,15,8,1,8
2017471700468,1,9,0,18,0,3,0,0,0,0,3,1,6,1,30,6,1796,1,10,3,1,3
2017471700468,2,9,0,18,0,3,0,0,0,0,4,1,6,2,26,6,1995,2,8,1,1,1
2017471700469,1,9,0,13,0,0,0,0,0,0,1,1,2,1,58,9,1582,2,2,7,1,7
2017471700469,2,9,0,18,0,0,0,0,0,0,1,1,6,2,52,8,1364,2,8,1,1,1
2017471700469,3,21,0,18,0,0,0,0,0,0,3,1,1,1,53,8,9200,2,12,4,1,4
2017471700469,4,9,0,18,0,0,0,0,1,0,0,1,2,1,47,8,2460,2,12,8,2,8
2017471700473,1,1,0,18,0,1,0,0,0,0,1,1,6,3,-1,-1,-1,-1,-1,-1,-1,-1
2017471700474,1,9,0,18,0,6,0,0,0,0,1,1,6,1,69,10,1968,2,6,8,1,8
2017471700474,2,9,0,18,0,8,1,0,1,4,2,1,6,2,61,9,1587,1,11,10,1,10
2017471700477,1,9,0,18,0,4,0,0,0,0,1,1,6,1,38,7,1560,2,5,6,1,6
2017471700477,2,9,0,5,0,4,0,0,0,0,2,1,6,2,31,6,1396,1,7,4,1,4
2017471700478,1,9,0,18,0,0,0,0,0,0,4,1,6,1,46,8,3199,1,18,10,1,10
2017471700478,2,1,0,18,0,0,0,0,0,0,3,1,6,1,37,7,-1,-1,-1,7,1,7
2017471700479,1,9,0,18,0,1,0,0,0,0,1,1,6,1,40,7,-1,-1,-1,-1,-1,-1
2017471700479,2,9,0,4,0,1,0,0,0,0,2,1,1,2,25,5,1598,1,16,2,1,2
2017471700479,3,11,0,9,0,6,0,0,0,0,0,1,1,1,49,8,9000,2,11,1,1,1
2017471700481,1,9,0,18,0,0,0,0,1,4,3,1,6,1,68,10,1753,2,13,8,3,8
2017471700481,2,9,0,18,0,0,0,0,0,0,0,1,6,2,48,8,1598,1,3,10,3,10
2017471700484,1,9,0,9,0,6,0,0,0,0,0,1,6,1,21,5,-1,-1,-1,-1,-1,-1
2017471700484,2,2,0,18,0,8,1,0,0,0,0,1,1,1,21,5,49,1,1,2,1,2
2017471700485,1,19,0,18,0,0,0,0,0,0,1,1,1,1,51,8,2402,2,10,2,1,2
2017471700485,2,9,0,4,0,0,0,0,0,0,2,1,6,2,22,5,1242,1,6,6,1,6
2017471700486,1,9,0,18,0,4,0,0,0,0,1,1,6,1,44,7,698,1,10,6,1,6
2017471700486,2,1,0,18,0,8,0,0,0,0,2,1,6,1,30,6,-1,-1,-1,8,1,8
2017471700488,1,9,0,18,0,0,0,0,0,0,4,1,6,1,44,7,4367,2,3,7,1,7
2017471700490,1,9,0,18,0,0,0,0,0,0,3,1,6,1,52,8,2204,2,10,9,1,9
2017471700491,1,9,0,9,0,4,0,0,0,0,3,1,6,1,40,7,1968,2,3,8,1,8
2017471700491,2,1,0,18,0,8,0,0,0,0,1,1,6,1,21,5,-1,-1,-1,9,1,9
2017471700495,1,9,0,18,0,6,0,0,0,0,1,1,6,1,86,11,1968,2,4,6,1,6
2017471700495,2,9,0,18,0,8,0,0,0,0,4,1,6,1,57,9,1905,2,25,10,1,10
2017471700496,1,9,0,9,0,6,0,0,0,0,1,1,6,1,77,11,998,1,2,6,3,6
2017471700496,2,9,0,3,0,1,0,0,0,0,2,1,6,1,72,10,1229,1,4,7,1,7
2017471700496,3,9,0,10,0,5,0,0,0,0,2,1,6,2,25,5,1199,1,17,7,3,7
2017471700497,1,9,0,9,0,8,0,0,0,0,1,1,6,1,55,8,1988,2,13,7,1,7
2017471700497,2,3,0,18,0,8,0,0,0,0,1,1,6,1,23,5,124,1,23,9,2,9
2017471700500,1,19,0,18,0,0,2,0,2,4,1,1,2,1,23,5,1998,2,16,7,1,7
2017471700502,1,9,0,9,0,1,0,0,7,0,4,1,6,2,49,8,2494,1,19,8,2,8
2017471700502,2,9,0,18,0,1,0,0,0,0,1,1,6,2,31,6,1396,1,8,9,3,9
2017471700503,1,2,0,18,3,1,0,0,0,0,1,1,2,2,20,4,125,1,2,3,1,3
2017471700504,1,9,0,5,0,4,0,0,0,0,1,1,6,1,57,9,1968,2,8,5,1,5
2017471700504,2,1,0,9,0,8,0,0,0,0,4,1,6,2,34,6,-1,-1,-1,5,1,5
2017471700505,1,9,0,18,0,0,0,0,0,0,1,2,6,1,25,5,-1,-1,-1,5,1,5
2017471700505,2,9,0,4,0,0,0,0,0,0,2,1,6,1,33,6,1598,2,5,3,1,3
2017471700506,1,9,0,7,0,3,0,0,0,0,1,1,6,1,78,11,1248,1,1,7,2,7
2017471700506,2,9,0,3,0,1,0,0,0,0,1,1,6,1,26,6,-1,-1,-1,1,1,1
2017471700508,1,9,0,4,0,0,0,0,0,0,1,1,3,2,34,6,1560,2,13,9,1,9
2017471700510,1,11,0,18,0,0,0,0,0,0,4,1,1,3,40,7,-1,-1,-1,-1,-1,-1
2017471700511,1,9,0,18,0,8,1,0,0,0,1,1,2,1,41,7,1798,1,16,5,1,5
2017471700511,2,9,0,18,0,8,0,0,1,2,3,1,6,1,21,5,1598,2,5,5,1,5
2017471700513,1,9,0,2,0,0,0,0,0,0,3,1,6,2,29,6,2987,2,4,-1,-1,-1
2017471700513,2,1,0,15,0,0,0,0,0,0,1,1,6,1,17,4,-1,-1,-1,10,1,10
2017471700515,1,19,0,1,0,8,0,0,0,0,2,1,1,1,43,7,-1,-1,-1,9,1,9
2017471700517,1,9,0,4,0,1,0,0,0,0,1,1,6,1,37,7,1896,2,15,7,1,7