Accident_Index,Vehicle_Reference,Vehicle_Type,Towing_and_Articulation,Vehicle_Manoeuvre,Vehicle_Location-Restricted_Lane,Junction_Location,Skidding_and_Overturning,Hit_Object_in_Carriageway,Vehicle_Leaving_Carriageway,Hit_Object_off_Carriageway,1st_Point_of_Impact,Was_Vehicle_Left_Hand_Drive?,Journey_Purpose_of_Driver,Sex_of_Driver,Age_of_Driver,Age_Band_of_Driver,Engine_Capacity_(CC),Propulsion_Code,Age_of_Vehicle,Driver_IMD_Decile,Driver_Home_Area_Type,Vehicle_IMD_Decile
2017471700775,1,5,0,18,0,0,0,0,0,0,1,1,6,1,24,5,800,1,6,4,1,4
2017471700775,2,21,0,4,0,0,0,0,0,0,2,1,1,2,46,8,5861,2,22,5,1,5
2017471700777,1,9,0,3,0,6,0,0,0,0,1,1,1,1,23,5,1600,1,13,4,1,4
2017471700777,2,5,0,3,0,6,0,0,0,0,2,1,1,1,28,6,125,1,2,4,1,4
2017471700778,1,9,0,16,0,2,0,0,0,0,1,1,6,2,62,9,998,1,20,8,2,8
2017471700778,2,9,0,3,0,2,0,0,0,0,2,1,6,2,33,6,998,1,5,8,1,8
2017471700778,3,9,0,8,0,2,0,0,0,0,2,1,6,1,69,10,2685,2,13,6,2,6
2017471700781,1,9,0,18,0,4,0,0,0,0,0,1,6,3,-1,-1,-1,-1,-1,-1,-1,-1
2017471700781,2,11,0,9,0,8,0,0,0,0,0,1,1,1,58,9,5132,2,2,3,1,3
2017471700784,1,9,0,9,0,2,1,0,0,0,1,1,6,1,56,9,1560,2,2,-1,-1,-1
2017471700784,2,9,0,16,0,8,1,0,1,4,1,1,6,2,49,8,1461,2,1,2,1,2
2017471700787,1,1,0,18,0,4,0,0,0,0,1,1,2,2,37,7,-1,-1,-1,4,1,4
2017471700787,2,9,0,9,0,8,0,0,0,0,4,1,6,3,30,6,-1,-1,-1,-1,-1,-1
2017471700790,1,9,0,6,0,2,0,0,0,0,3,1,6,1,41,7,1997,2,10,5,3,5
2017471700790,2,5,0,13,0,2,0,0,0,0,1,1,6,1,58,9,1050,1,2,6,1,6
2017471700791,1,9,0,9,0,1,0,0,0,0,1,1,1,1,41,7,1242,1,18,9,2,9
2017471700791,2,8,0,9,0,1,0,0,0,0,2,1,1,1,47,8,1560,2,7,5,1,5
2017471700791,3,90,0,18,0,8,0,0,0,0,0,1,1,2,34,6,2987,2,7,9,1,9
2017471700793,1,9,0,7,0,5,0,0,0,0,1,1,6,2,20,4,1229,1,9,3,1,3
2017471700793,2,1,0,18,4,1,0,0,0,0,1,1,1,2,26,6,-1,-1,-1,5,1,5
2017471700796,1,20,0,18,0,1,0,0,0,0,0,1,1,1,57,9,4500,2,1,4,1,4
2017471700797,1,9,0,7,0,6,0,0,0,0,3,1,6,2,18,4,1149,1,16,1,1,1
2017471700797,2,3,0,18,0,8,1,0,0,0,4,1,6,1,35,6,125,1,2,1,1,1
2017471700800,1,9,0,18,0,6,0,0,0,0,4,1,6,2,50,8,-1,-1,-1,3,1,3
2017471700800,2,2,0,7,0,6,1,0,2,10,3,1,6,2,18,4,-1,-1,-1,3,1,3
2017471700801,1,9,0,9,0,6,0,0,0,0,1,1,6,1,68,10,1598,1,3,4,1,4
2017471700801,2,9,0,9,0,8,0,0,0,0,3,1,6,1,65,9,-1,-1,-1,6,3,6
2017471700802,1,9,0,7,0,6,0,0,0,0,2,1,6,1,29,6,-1,-1,-1,6,1,6
2017471700802,2,9,0,18,0,2,1,0,4,0,1,1,6,2,67,10,1968,2,5,8,1,8
2017471700803,1,9,0,7,0,6,0,0,0,0,1,1,6,2,22,5,1229,1,10,7,1,7
2017471700804,1,9,0,5,0,4,0,0,0,0,1,1,6,1,31,6,-1,-1,-1,1,1,1
2017471700804,2,1,0,18,0,3,0,0,0,0,2,1,6,1,58,9,-1,-1,-1,7,1,7
2017471700806,1,9,0,1,0,2,0,0,0,0,2,1,1,1,72,10,1598,1,12,7,1,7
2017471700809,1,9,0,18,0,4,0,0,0,0,1,1,6,2,45,7,1397,1,13,6,1,6
2017471700809,2,1,0,9,0,8,0,0,0,0,3,1,6,2,30,6,-1,-1,-1,3,1,3
2017471700811,1,9,0,7,0,8,0,0,0,0,3,1,1,1,64,9,1596,1,6,6,1,6
2017471700813,1,9,0,18,0,6,0,0,0,0,1,1,6,1,23,5,1199,1,18,3,1,3
2017471700813,2,9,0,18,0,1,0,0,0,0,1,1,6,2,39,7,1318,1,1,9,1,9
2017471700814,1,2,0,18,0,8,0,4,0,0,1,1,6,3,-1,-1,-1,-1,-1,-1,-1,-1
2017471700814,2,9,0,2,0,8,0,0,0,0,2,1,6,2,68,10,1498,1,8,4,1,4
2017471700815,1,9,0,18,0,2,0,0,0,0,1,1,6,1,58,9,2993,2,8,5,3,5
2017471700818,1,9,0,18,0,0,0,0,1,3,4,1,6,2,20,4,1595,1,6,7,3,7
2017471700818,2,9,0,18,0,0,0,0,0,0,0,1,6,1,30,6,-1,-1,-1,-1,-1,-1
2017471700818,3,9,0,18,0,0,0,0,0,0,0,1,1,1,44,7,2993,2,1,6,1,6
2017471700819,1,19,0,5,0,0,0,0,0,0,3,1,6,1,49,8,1968,2,2,7,1,7
2017471700819,2,9,0,2,6,0,0,0,0,0,0,1,6,3,-1,-1,1685,2,1,-1,-1,-1
2017471700820,1,9,0,18,0,4,0,0,0,0,1,1,1,2,40,7,2198,1,11,-1,-1,-1
2017471700820,2,9,0,3,0,4,0,0,0,0,2,1,1,2,22,5,1242,1,9,2,1,2
2017471700822,1,9,0,18,0,1,0,0,0,0,1,1,6,2,27,6,1395,1,2,6,1,6
2017471700822,2,9,0,4,0,1,0,0,0,0,2,1,6,1,27,6,1991,1,1,10,1,10
2017471700823,1,9,0,5,0,0,0,4,0,0,1,1,6,2,75,10,1248,1,-1,8,1,8
2017471700823,2,11,0,2,0,0,0,0,0,0,2,1,1,1,60,9,4250,2,13,1,1,1
2017471700825,1,9,0,18,0,1,0,0,0,0,4,1,6,1,40,7,2496,2,13,3,1,3
2017471700825,2,1,0,18,0,1,0,0,0,0,1,1,6,2,27,6,-1,-1,-1,7,1,7
2017471700826,1,19,0,18,0,1,0,0,0,0,1,1,1,1,35,6,2198,2,3,3,1,3
2017471700826,2,9,0,4,0,1,0,0,0,0,2,1,6,1,72,10,1398,1,5,10,1,10
2017471700826,3,9,0,9,0,8,0,0,0,0,2,1,6,1,24,5,1998,1,17,7,1,7
2017471700827,1,9,0,2,0,0,0,0,0,0,0,1,6,2,48,8,1598,1,7,7,1,7
2017471700827,2,1,0,18,0,0,0,0,0,0,0,1,6,1,67,10,-1,-1,-1,6,1,6
2017471700828,1,9,0,17,0,0,2,0,8,10,3,1,6,1,75,10,1995,2,14,9,3,9
2017471700830,1,20,0,18,0,0,0,0,0,0,1,1,1,1,51,8,6692,2,5,7,1,7
2017471700830,2,1,0,18,0,0,0,0,0,0,2,1,6,1,30,6,-1,-1,-1,7,1,7
2017471700833,1,1,0,18,4,0,0,0,0,0,4,1,4,1,13,3,-1,-1,-1,3,1,3
2017471700833,2,11,0,18,0,0,0,0,0,0,3,1,1,1,39,7,11967,2,9,6,1,6
2017471700834,1,9,0,7,0,6,0,0,0,0,1,1,6,1,85,11,1299,1,9,8,3,8
2017471700834,2,9,0,18,0,2,0,0,0,0,2,1,6,2,34,6,1984,1,12,7,1,7
2017471700835,1,9,0,18,0,0,0,0,0,0,1,1,6,1,30,6,-1,-1,-1,5,1,5
2017471700835,2,9,0,18,0,0,0,0,0,0,2,1,6,1,30,6,-1,-1,-1,6,1,6
2017471700835,3,3,0,18,0,0,0,0,0,0,1,1,6,1,36,7,1050,1,8,-1,-1,-1
2017471700836,1,9,0,18,0,0,5,0,7,4,1,1,1,1,70,10,998,1,14,3,1,3
2017471700837,1,9,0,18,0,0,0,0,0,0,1,1,1,1,53,8,-1,-1,-1,7,1,7
2017471700837,2,9,0,18,0,0,0,0,0,0,2,1,1,2,23,5,1242,1,2,6,1,6
2017471700837,3,9,0,18,0,0,0,0,0,0,2,1,1,1,26,6,1598,1,6,3,1,3
2017471700842,1,20,0,9,0,6,0,0,0,0,3,1,1,1,48,8,-1,-1,-1,4,1,4
2017471700842,2,9,0,18,0,1,0,0,0,0,1,1,6,1,39,7,1242,1,8,9,1,9
2017471700849,1,9,0,18,0,0,0,0,0,0,0,1,6,3,-1,-1,-1,-1,-1,-1,-1,-1
2017471700849,2,9,0,18,0,0,0,0,1,10,1,1,2,2,42,7,-1,-1,-1,8,3,8
2017471700850,1,9,0,3,0,1,0,0,0,0,1,1,1,1,46,8,1995,2,5,8,1,8
2017471700850,2,9,0,3,0,1,0,0,0,0,2,1,6,2,20,4,1598,1,12,9,1,9
2017471700850,3,9,0,3,0,1,0,0,0,0,2,1,6,2,38,7,1995,2,3,8,2,8
2017471700851,1,9,0,9,0,8,0,0,0,0,4,1,6,3,-1,-1,2993,2,5,-1,-1,-1
2017471700851,2,20,0,17,0,8,0,0,0,0,3,1,1,1,37,7,2198,2,1,3,1,3
2017471700852,1,9,0,17,0,1,1,0,2,3,4,1,6,2,39,7,1364,2,10,4,2,4
2017471700853,1,9,0,5,0,1,0,0,0,0,2,1,6,1,23,5,1968,2,4,1,1,1
2017471700853,2,9,0,5,0,1,0,0,0,0,2,1,6,2,60,9,1499,2,1,7,1,7
2017471700853,3,9,0,5,0,2,0,0,0,0,0,1,6,1,25,5,1596,1,13,10,1,10
2017471700854,1,9,0,12,0,0,0,0,0,0,4,1,6,1,-1,-1,1910,2,10,1,1,1
2017471700854,2,5,0,14,0,0,0,0,0,0,3,1,2,1,35,6,675,1,10,6,1,6
2017471700855,1,9,0,10,0,1,0,0,3,0,1,1,2,1,52,8,2996,1,11,10,1,10
2017471700855,2,9,0,17,0,1,0,0,7,0,4,1,2,1,49,8,1598,1,12,9,3,9
2017471700856,1,9,0,9,0,5,0,0,0,0,1,1,6,2,64,9,1242,1,1,8,1,8
2017471700856,2,1,0,18,0,1,0,0,0,0,1,1,6,2,47,8,-1,-1,-1,9,1,9
2017471700857,1,9,0,18,0,2,0,0,0,0,4,1,6,2,59,9,1999,2,1,5,2,5
2017471700858,1,9,0,2,0,0,0,0,0,0,3,1,6,3,-1,-1,999,1,1,-1,-1,-1
2017471700858,2,9,0,18,0,0,0,0,0,0,3,1,6,2,25,5,1398,1,1,4,1,4
2017471700859,1,9,0,13,0,1,0,0,0,0,1,1,2,1,51,8,1598,1,6,6,3,6
2017471700859,2,9,0,18,0,1,0,0,0,0,1,1,2,1,53,8,1588,1,17,4,1,4
2017471700859,3,21,1,18,0,2,0,0,0,0,3,1,1,1,55,8,7146,2,6,9,3,9
2017471700861,1,9,0,16,0,0,1,0,2,10,4,1,2,1,29,6,1796,1,14,4,1,4
2017471700861,2,9,0,2,9,0,0,0,0,0,1,1,6,3,-1,-1,1398,2,11,-1,-1,-1
2017471700861,3,9,0,2,9,0,0,0,0,0,1,1,6,3,-1,-1,1149,1,9,-1,-1,-1
2017471700863,1,9,0,18,0,0,0,0,0,0,0,1,6,3,30,6,-1,-1,-1,-1,-1,-1
2017471700863,2,9,0,18,0,0,5,0,7,10,3,1,6,1,30,6,1398,1,17,7,1,7
2017471700867,1,9,0,14,0,1,0,0,1,11,1,1,6,1,24,5,2143,2,2,7,1,7
2017471700867,2,9,0,9,0,6,0,0,0,0,3,1,6,1,22,5,1242,1,15,6,1,6
2017471700867,3,19,0,18,0,1,0,0,0,0,0,1,6,1,38,7,2461,2,14,3,1,3
2017471700869,1,9,0,18,0,0,0,0,0,0,4,1,6,2,83,11,998,1,5,1,1,1
2017471700869,2,1,0,12,0,0,0,0,0,0,2,1,6,1,55,8,-1,-1,-1,5,1,5
2017471700871,1,9,0,18,0,1,0,0,0,0,1,1,6,2,40,7,1242,1,2,9,1,9
2017471700871,2,9,0,8,0,1,0,0,0,0,3,1,6,2,18,4,1299,1,12,2,1,2
2017471700872,1,19,0,1,0,0,0,0,0,0,2,1,1,1,40,7,2298,2,1,-1,-1,-1
2017471700874,1,9,0,13,0,0,0,0,0,0,1,1,6,2,27,6,1149,1,15,10,1,10
2017471700874,2,9,0,18,0,0,0,0,1,4,1,1,6,2,56,9,1587,1,28,8,3,8
2017471700874,3,9,0,18,0,0,0,0,0,0,0,1,6,1,-1,-1,-1,-1,-1,-1,-1,-1
2017471700876,1,9,0,18,0,2,0,0,0,0,1,1,6,1,23,5,2143,2,2,7,1,7
2017471700878,1,9,0,15,0,2,0,4,0,0,3,1,6,2,32,6,1124,1,15,2,1,2
2017471700878,2,19,0,2,0,2,0,0,0,0,3,1,6,3,-1,-1,2461,2,9,-1,-1,-1
2017471700879,1,9,0,18,0,0,1,0,1,4,3,1,1,1,31,6,1995,2,1,4,1,4
2017471700883,1,9,0,16,0,0,0,0,7,3,1,1,6,1,37,7,1498,1,9,7,3,7
2017471700884,1,9,0,18,0,0,1,0,0,0,1,1,6,3,-1,-1,1596,1,17,-1,-1,-1
2017471700884,2,9,0,18,0,0,0,0,0,0,1,1,6,2,38,7,1461,2,3,7,1,7
2017471700887,1,9,0,13,0,8,0,0,0,0,4,1,1,2,52,8,1248,2,9,4,1,4
2017471700887,2,1,0,18,0,8,0,0,0,0,3,1,6,1,49,8,-1,-1,-1,5,1,5
2017471700888,1,9,0,4,0,1,1,0,0,0,1,1,6,2,32,6,1560,2,2,3,1,3
2017471700888,2,9,0,4,0,1,0,0,0,0,2,1,6,1,45,7,2496,1,15,9,3,9
2017471700894,1,9,0,7,4,6,0,0,0,0,1,1,6,2,32,6,1560,2,2,8,1,8
2017471700894,2,1,0,18,4,1,0,0,0,0,4,1,6,1,46,8,-1,-1,-1,7,1,7
2017471700895,1,9,0,18,0,4,0,0,0,0,1,1,1,1,46,8,1798,1,8,9,1,9
2017471700895,2,9,0,3,0,1,0,0,0,0,3,1,6,1,47,8,2967,2,12,10,2,10
2017471700895,3,9,0,5,0,4,0,0,0,0,3,1,3,1,44,7,2261,1,10,4,1,4
2017471700896,1,9,0,9,0,8,0,0,0,0,1,1,6,2,36,7,1590,1,15,6,1,6
2017471700896,2,9,0,18,0,1,0,0,1,0,1,1,2,1,23,5,-1,-1,-1,3,1,3
2017471700900,1,9,0,18,0,0,0,0,0,0,1,1,6,1,57,9,1895,1,17,8,1,8
2017471700901,1,9,0,18,0,1,0,0,0,0,1,1,6,1,50,8,1399,1,10,2,1,2
2017471700901,2,5,0,3,0,1,0,0,0,0,2,1,6,1,26,6,599,1,18,4,1,4
2017471700902,1,9,0,4,0,2,0,0,0,0,1,1,6,2,23,5,995,1,7,6,1,6
2017471700902,2,9,0,4,0,2,0,0,0,0,2,1,6,1,44,7,1368,1,1,6,2,6
2017471700902,3,9,0,4,0,2,0,0,0,0,2,1,3,2,42,7,1598,2,1,8,1,8
2017471700904,1,9,0,9,0,1,0,0,0,0,1,1,6,1,55,8,1998,1,14,6,1,6
2017471700904,2,1,0,18,4,8,0,0,0,0,1,1,6,2,36,7,-1,-1,-1,6,1,6
2017471700908,1,9,0,5,0,4,0,0,0,0,1,1,6,1,46,8,1591,1,2,3,1,3
2017471700908,2,1,0,5,0,4,0,0,0,0,2,1,6,1,43,7,-1,-1,-1,4,1,4
2017471700909,1,9,0,12,0,0,0,0,0,0,1,1,6,1,45,7,3797,1,7,7,1,7
2017471700909,2,9,0,17,0,0,0,0,0,0,4,1,6,1,29,6,1598,1,15,6,1,6
2017471700910,1,8,0,18,0,8,0,0,0,0,1,1,6,1,57,9,1598,2,4,6,1,6
2017471700910,2,1,0,18,0,8,0,0,0,0,4,1,6,1,23,5,-1,-1,-1,6,1,6
2017471700913,1,9,0,18,0,0,0,0,0,0,1,1,2,1,20,4,1242,1,2,6,3,6
2017471700913,2,9,0,3,0,0,0,0,0,0,2,1,1,1,65,9,999,1,1,-1,-1,-1
2017471700915,1,9,0,18,0,8,0,0,7,1,4,1,2,2,50,8,1388,1,7,6,1,6
2017471700915,2,9,0,8,0,8,0,0,0,0,3,1,2,1,32,6,1984,1,9,6,1,6
2017471700917,1,9,0,5,0,0,0,0,0,0,1,1,6,1,70,10,1248,1,1,10,1,10
2017471700917,2,9,0,18,0,0,0,0,0,0,4,1,6,2,32,6,1995,2,7,9,1,9
2017471700919,1,19,0,9,0,5,0,0,0,0,0,1,1,1,54,8,2143,2,1,6,1,6
2017471700920,1,9,0,5,0,0,0,0,0,0,0,1,6,1,55,8,-1,-1,-1,-1,-1,-1
2017471700922,1,9,0,4,0,1,0,0,0,0,1,1,2,1,24,5,1753,2,14,5,1,5
2017471700922,2,9,0,3,0,1,0,0,0,0,2,1,2,1,36,7,1490,1,9,5,1,5
2017471700925,1,9,0,12,0,8,0,0,0,0,3,1,6,3,50,8,-1,-1,-1,-1,-1,-1
2017471700925,2,9,0,18,0,8,0,0,0,0,4,1,6,2,25,5,1242,1,2,3,1,3
2017471700926,1,9,0,18,0,8,0,0,0,0,1,1,1,2,54,8,1242,1,4,7,2,7
2017471700926,2,9,0,18,0,8,0,0,0,0,2,1,6,1,73,10,2496,1,14,10,1,10
2017471700926,3,9,0,18,0,8,0,0,0,0,2,1,6,2,21,5,1360,1,6,9,1,9
2017471700926,4,9,0,9,0,8,0,0,0,0,0,1,6,3,30,6,-1,-1,-1,-1,-1,-1
2017471700927,1,9,0,9,0,1,0,0,0,0,1,1,2,2,48,8,1200,1,1,5,1,5
2017471700927,2,1,0,18,0,1,0,0,0,0,3,1,6,1,40,7,-1,-1,-1,2,1,2
2017471700928,1,9,0,1,0,8,0,0,1,11,2,1,6,2,45,7,1999,2,2,10,1,10
2017471700928,2,9,0,4,0,8,0,0,0,0,1,1,6,1,48,8,1560,2,5,10,1,10
2017471700929,1,9,0,9,0,8,0,0,0,0,1,1,6,2,78,11,1332,1,20,9,3,9
2017471700929,2,3,0,18,0,8,0,0,0,0,1,1,6,1,20,4,124,1,1,7,3,7
2017471700930,1,9,0,18,0,0,0,0,0,0,1,1,6,1,37,7,1799,1,10,7,1,7
2017471700930,2,9,0,3,0,0,0,0,0,0,2,1,6,2,36,7,1560,2,8,6,1,6
2017471700930,3,9,0,3,0,0,0,0,0,0,2,1,6,1,36,7,998,1,2,5,1,5
2017471700931,1,9,0,18,0,4,0,0,0,0,1,1,1,1,49,8,-1,-1,-1,4,1,4
2017471700931,2,9,0,18,0,8,0,0,0,0,4,1,6,1,48,8,1598,2,1,2,1,2
2017471700932,1,3,0,7,0,8,1,0,7,0,0,1,2,1,44,7,124,1,15,10,1,10
2017471700932,2,19,0,18,0,1,0,0,0,0,0,1,2,1,43,7,1968,2,3,10,1,10
2017471700933,1,9,0,18,0,0,0,0,0,0,1,1,2,2,64,9,-1,-1,-1,9,1,9
2017471700933,2,19,0,3,0,0,0,0,0,0,2,1,1,1,52,8,2198,2,7,9,1,9
2017471700933,3,9,0,10,0,0,0,0,0,0,2,1,6,1,34,6,2698,2,9,10,1,10
2017471700936,1,9,0,5,0,6,0,0,0,0,1,1,2,1,45,7,1396,1,8,7,1,7
2017471700936,2,9,0,18,0,8,0,0,0,0,1,1,6,2,33,6,1364,1,12,4,1,4
2017471700937,1,1,0,16,0,8,0,0,0,0,3,1,6,2,53,8,-1,-1,-1,8,3,8
2017471700937,2,1,0,16,0,8,0,0,0,0,4,1,6,1,54,8,-1,-1,-1,9,1,9
2017471700938,1,9,0,9,0,8,0,0,0,0,1,1,6,2,48,8,1242,1,6,10,1,10
2017471700938,2,9,0,18,0,8,0,0,0,0,1,1,6,2,74,10,1395,1,-1,10,2,10
2017471700940,1,9,0,18,0,3,0,0,0,0,0,1,6,1,40,7,-1,-1,-1,-1,-1,-1
2017471700940,2,9,0,18,0,3,1,0,1,10,0,1,1,1,23,5,1600,2,7,-1,-1,-1
2017471700942,1,9,0,9,0,8,0,0,0,0,3,2,1,1,27,6,-1,-1,-1,3,1,3
2017471700943,1,3,0,4,0,1,1,0,0,0,1,1,6,1,25,5,124,1,11,3,1,3
2017471700945,1,9,0,9,0,6,0,0,0,0,1,1,6,2,45,7,1769,1,15,5,1,5
2017471700945,2,9,0,18,0,8,0,0,0,0,3,1,6,1,45,7,1598,1,14,9,1,9
2017471700946,1,9,0,18,0,1,0,0,0,0,1,1,6,2,68,10,1596,1,-1,5,3,5
2017471700946,2,1,0,18,0,1,0,0,0,0,2,1,6,1,17,4,-1,-1,-1,5,3,5
2017471700950,1,19,0,18,0,0,0,0,0,0,4,1,6,1,45,7,2143,2,1,8,1,8
2017471700952,1,9,0,18,0,0,0,0,0,0,1,1,6,2,43,7,2993,2,5,6,1,6
2017471700953,1,19,0,18,0,0,0,0,0,0,4,1,1,1,30,6,-1,-1,-1,-1,-1,-1
2017471700954,1,9,0,18,0,0,0,0,0,0,1,1,6,2,87,11,1248,1,4,7,1,7
2017471700955,1,9,0,18,0,0,0,0,0,0,4,1,6,2,77,11,1598,1,11,7,1,7
2017471700955,2,9,0,2,0,0,0,0,0,0,0,1,6,3,-1,-1,1995,2,3,-1,-1,-1
2017471700958,1,19,0,18,0,0,0,0,0,0,1,1,6,2,46,8,-1,-1,-1,5,1,5
2017471700958,2,9,0,10,0,0,0,0,0,0,2,1,6,1,29,6,2148,2,8,7,1,7
2017471700959,1,4,0,18,0,4,0,0,7,0,1,1,6,1,22,5,499,1,4,7,1,7
2017471700959,2,9,0,18,0,4,0,0,0,0,0,1,6,1,36,7,2993,2,3,9,2,9
2017471700959,3,9,0,18,0,3,0,0,0,0,4,1,6,1,35,6,2993,2,9,9,1,9
2017471700960,1,9,0,17,0,1,0,0,1,10,1,1,6,2,18,4,1299,1,13,9,3,9
2017471700961,1,19,0,18,0,0,1,0,1,3,1,1,6,1,28,6,-1,-1,-1,1,1,1
2017471700962,1,5,0,18,0,8,0,0,8,11,4,1,6,1,58,9,649,1,8,5,1,5
2017471700963,1,9,0,12,0,0,5,0,5,6,1,1,6,1,38,7,1598,1,10,10,1,10
2017471700963,2,9,0,18,0,0,0,0,0,0,2,1,6,1,43,7,1200,1,2,6,1,6
2017471700963,3,9,0,18,0,0,0,0,0,0,2,1,6,1,70,10,1200,1,1,6,1,6
2017471700964,1,9,0,9,0,6,0,0,0,0,1,1,1,1,53,8,3956,2,1,7,1,7
2017471700964,2,9,0,18,0,1,0,0,0,0,1,1,1,1,44,7,-1,-1,-1,5,3,5
2017471700965,1,9,0,5,0,8,0,0,0,0,4,1,6,3,-1,-1,-1,-1,-1,-1,-1,-1
2017471700965,2,9,0,18,0,8,0,0,0,0,1,1,6,1,33,6,1998,2,12,1,1,1
2017471700973,1,11,0,18,0,0,0,0,0,0,0,1,1,1,39,7,4461,2,4,8,1,8
2017471700974,1,9,0,13,0,0,0,0,0,0,4,1,6,3,40,7,1598,1,16,-1,-1,-1
2017471700974,2,1,0,18,0,0,0,0,0,0,3,1,6,1,20,4,-1,-1,-1,7,1,7
2017471700977,1,9,0,9,0,1,0,0,0,0,1,1,6,2,17,4,1598,1,12,7,1,7
2017471700977,2,9,0,18,0,1,0,0,0,0,1,1,6,2,25,5,1997,1,16,4,1,4
2017471700979,1,9,0,9,0,5,0,0,0,0,1,2,6,1,72,10,1973,1,19,5,1,5
2017471700979,2,3,0,18,0,1,0,0,0,0,1,1,6,1,17,4,125,1,11,6,1,6
2017471700980,1,19,0,7,0,6,0,0,0,0,3,1,6,1,39,7,2198,2,1,4,1,4
2017471700980,2,1,0,18,0,8,0,0,0,0,4,1,2,2,28,6,-1,-1,-1,2,1,2
2017471700983,1,5,0,18,0,8,0,0,0,0,4,1,6,1,63,9,598,1,18,6,1,6
2017471700984,1,9,0,18,0,8,0,0,0,0,1,1,6,2,19,4,1587,1,14,7,3,7
2017471700984,2,9,0,9,0,8,0,0,0,0,2,1,6,1,61,9,1560,2,10,9,1,9
2017471700985,1,9,0,18,0,4,0,0,0,0,1,1,6,1,24,5,1560,2,5,9,1,9
2017471700985,2,4,0,18,0,8,0,0,0,0,4,1,6,1,37,7,498,1,17,8,2,8
2017471700987,1,3,0,18,0,0,0,0,0,0,1,1,2,2,24,5,124,1,-1,1,1,1
2017471700987,2,9,0,4,0,0,0,0,0,0,2,1,6,1,26,6,1896,2,10,1,1,1
2017471700991,1,9,0,18,0,4,0,0,0,0,1,1,6,2,50,8,1997,2,13,1,1,1
2017471700991,2,1,0,18,0,8,0,0,0,0,4,1,6,1,52,8,-1,-1,-1,8,1,8
2017471700993,1,11,0,18,2,6,0,0,0,0,4,1,1,1,35,6,9360,2,6,1,1,1
2017471700995,1,9,0,15,0,0,0,0,0,0,3,1,6,3,-1,-1,-1,-1,-1,-1,-1,-1
2017471700995,2,9,0,18,0,0,0,0,0,0,3,1,6,1,77,11,1386,1,9,4,1,4
2017471700996,1,9,0,9,0,8,0,0,0,0,4,1,1,1,55,8,1598,1,7,2,1,2
2017471700997,1,9,0,18,0,1,5,0,0,0,1,1,6,2,31,6,1242,1,13,8,1,8
2017471700998,1,9,0,18,0,0,0,0,0,0,1,1,6,2,27,6,2926,2,16,6,1,6
2017471700998,2,9,0,4,0,0,0,0,0,0,2,1,6,1,47,8,1396,1,8,10,1,10
2017471701001,1,9,0,18,0,0,1,0,1,4,1,1,6,1,54,8,2099,1,15,10,1,10
2017471701002,1,9,0,9,0,8,0,0,0,0,4,1,6,2,48,8,1984,1,10,9,1,9
2017471701002,2,9,0,18,0,8,0,0,0,0,1,1,6,1,37,7,1596,1,7,6,1,6
2017471701004,1,9,0,18,0,8,0,0,0,0,1,1,6,2,44,7,1399,1,11,6,1,6
2017471701004,2,9,0,18,0,8,0,0,0,0,4,1,6,2,61,9,2792,1,14,10,1,10
2017471701005,1,19,0,18,0,3,0,0,0,0,1,1,6,1,28,6,1598,2,3,8,3,8
2017471701005,2,9,0,18,0,8,0,0,7,1,1,1,2,1,49,8,1997,1,13,10,1,10
2017471701006,1,8,0,18,0,1,0,0,0,0,1,1,6,1,45,7,1753,2,10,5,1,5
2017471701006,2,9,0,4,0,1,0,0,0,0,2,1,6,1,49,8,1798,8,1,9,1,9
2017471701007,1,9,0,18,0,0,1,0,0,0,1,1,6,1,38,7,2495,2,21,1,1,1
2017471701007,2,9,0,18,0,0,0,0,0,0,2,1,1,1,18,4,1422,2,1,8,3,8
2017471701008,1,9,0,18,0,2,0,0,0,0,1,1,6,1,52,8,1461,2,3,9,2,9
2017471701008,2,9,0,4,0,2,0,0,0,0,2,1,6,1,53,8,1999,2,2,6,1,6
2017471701012,1,9,0,16,0,0,0,0,7,4,1,1,2,1,34,6,1984,1,16,9,3,9
2017471701013,1,20,0,17,0,0,2,0,2,10,3,1,2,1,20,4,2461,2,11,8,1,8
2017471701013,2,9,4,16,0,0,0,0,0,0,1,1,2,1,44,7,2198,2,3,5,3,5
2017471701015,1,9,0,18,9,5,1,10,3,11,1,1,6,1,18,4,1796,1,9,1,1,1
2017471701015,2,9,0,4,0,1,0,0,0,0,0,1,1,1,26,6,1997,2,2,1,1,1
2017471701016,1,4,0,13,0,0,0,10,0,0,3,1,2,1,18,4,124,1,9,4,1,4
2017471701019,1,9,0,17,0,0,1,0,1,4,2,1,1,2,22,5,1086,1,7,8,2,8
2017471701022,1,9,0,16,0,1,0,0,3,11,1,1,6,2,41,7,1796,1,11,1,1,1
2017471701023,1,9,0,18,0,1,0,0,0,0,1,1,6,2,52,8,998,1,1,8,1,8
2017471701023,2,1,0,18,0,1,0,0,0,0,2,1,6,2,38,7,-1,-1,-1,6,1,6
2017471701025,1,9,0,18,0,4,0,0,0,0,1,1,6,3,-1,-1,2497,1,14,-1,-1,-1
2017471701025,2,19,0,18,0,8,0,0,0,0,4,1,1,1,27,6,2143,2,3,8,2,8