Accident_Index,Vehicle_Reference,Vehicle_Type,Towing_and_Articulation,Vehicle_Manoeuvre,Vehicle_Location-Restricted_Lane,Junction_Location,Skidding_and_Overturning,Hit_Object_in_Carriageway,Vehicle_Leaving_Carriageway,Hit_Object_off_Carriageway,1st_Point_of_Impact,Was_Vehicle_Left_Hand_Drive?,Journey_Purpose_of_Driver,Sex_of_Driver,Age_of_Driver,Age_Band_of_Driver,Engine_Capacity_(CC),Propulsion_Code,Age_of_Vehicle,Driver_IMD_Decile,Driver_Home_Area_Type,Vehicle_IMD_Decile
2017471701029,1,9,0,18,0,8,0,0,0,0,1,1,6,1,49,8,1956,2,5,3,1,3
2017471701029,2,5,0,9,0,8,0,0,0,0,1,1,6,1,49,8,1050,1,7,6,3,6
2017471701030,1,9,0,18,0,1,0,0,0,0,1,1,6,1,19,4,1598,1,14,6,3,6
2017471701030,2,9,0,3,0,1,0,0,0,0,2,1,6,1,38,7,1560,2,5,1,1,1
2017471701030,3,9,0,3,0,1,0,0,0,0,2,1,6,1,74,10,1596,1,2,7,1,7
2017471701030,4,9,0,7,0,1,0,0,0,0,0,1,6,1,-1,-1,-1,-1,-1,-1,-1,-1
2017471701038,1,9,0,9,0,6,0,0,0,0,3,1,2,1,38,7,-1,-1,-1,2,1,2
2017471701038,2,5,0,18,0,1,0,0,0,0,4,1,2,1,30,6,660,1,8,4,1,4
2017471701041,1,8,0,2,0,0,0,0,0,0,0,1,6,3,-1,-1,-1,-1,-1,-1,-1,-1
2017471701042,1,19,0,9,0,6,0,0,0,0,4,1,1,1,34,6,1995,2,3,5,2,5
2017471701045,1,9,0,9,0,1,0,0,0,0,3,1,6,2,72,10,875,1,4,5,3,5
2017471701045,2,1,0,18,0,1,0,0,0,0,1,1,6,1,16,4,-1,-1,-1,7,1,7
2017471701048,1,19,0,18,0,0,0,0,0,0,1,1,1,1,21,5,1248,2,5,3,1,3
2017471701048,2,19,0,18,0,0,0,0,1,0,1,1,1,1,69,10,1399,2,6,7,1,7
2017471701050,1,9,0,18,0,1,0,0,0,0,1,1,6,1,69,10,2143,2,1,8,1,8
2017471701050,2,9,0,3,0,1,0,0,0,0,2,1,6,1,26,6,1598,2,3,4,1,4
2017471701051,1,9,0,18,0,4,0,0,0,0,1,1,2,1,29,6,-1,-1,-1,6,3,6
2017471701051,2,1,0,9,0,8,0,0,0,0,2,1,6,1,39,7,-1,-1,-1,6,3,6
2017471701052,1,9,0,18,0,1,0,0,0,0,1,1,6,1,26,6,1364,1,11,1,1,1
2017471701052,2,9,0,18,0,1,0,0,0,0,1,1,6,2,25,5,1995,2,11,3,1,3
2017471701052,3,9,0,2,0,1,0,0,0,0,2,1,6,3,-1,-1,1798,8,2,-1,-1,-1
2017471701053,1,9,0,18,0,0,5,12,1,3,1,1,6,1,45,7,1398,2,14,4,3,4
2017471701054,1,9,0,18,0,1,0,0,0,0,1,1,6,2,85,11,1395,1,4,6,3,6
2017471701054,2,8,0,10,0,1,0,0,0,0,2,1,1,1,56,9,1997,2,2,10,2,10
2017471701060,1,9,0,18,0,0,5,10,1,0,1,1,6,2,32,6,1587,1,13,8,1,8
2017471701060,2,9,0,18,0,0,1,0,0,0,0,1,6,1,40,7,1905,2,20,4,1,4
2017471701061,1,9,0,18,0,4,0,0,0,0,3,1,6,1,40,7,3982,1,22,6,1,6
2017471701061,2,3,0,18,0,1,0,0,0,0,1,1,6,1,18,4,124,1,1,5,1,5
2017471701063,1,20,0,1,0,0,0,0,0,0,2,1,1,1,50,8,-1,-1,-1,10,1,10
2017471701063,2,19,0,2,0,0,0,0,0,0,1,1,1,1,51,8,1499,2,1,10,1,10
2017471701067,1,9,0,9,0,6,0,0,0,0,1,1,6,2,50,8,2000,1,11,-1,-1,-1
2017471701067,2,9,0,18,0,1,0,0,0,0,1,1,2,2,47,8,998,1,10,2,1,2
2017471701070,1,9,0,7,0,6,0,0,0,0,1,1,6,1,37,7,1590,1,14,3,1,3
2017471701070,2,1,0,18,0,8,0,0,0,0,4,1,6,1,36,7,-1,-1,-1,7,1,7
2017471701073,1,9,0,18,0,8,0,0,0,0,1,1,1,2,29,6,1124,1,13,5,1,5
2017471701075,1,19,0,18,0,0,0,0,0,0,1,1,1,1,35,6,2198,2,4,1,1,1
2017471701075,2,9,0,18,0,0,0,0,0,0,2,1,6,1,26,6,1206,1,6,1,1,1
2017471701075,3,9,0,18,0,0,0,0,0,0,4,1,2,2,23,5,1796,1,7,8,1,8
2017471701075,4,11,0,18,0,0,0,0,0,0,2,1,1,1,26,6,9000,2,14,6,1,6
2017471701075,5,9,0,2,0,0,0,0,0,0,0,1,6,2,42,7,1399,1,11,4,1,4
2017471701076,1,9,0,18,0,1,0,0,0,0,1,1,1,1,27,6,-1,-1,-1,9,2,9
2017471701076,2,19,0,10,0,1,0,0,0,0,2,1,6,2,47,8,-1,-1,-1,9,3,9
2017471701078,1,9,0,5,8,7,0,0,0,0,0,1,6,2,23,5,1124,1,12,8,2,8
2017471701078,2,4,0,9,0,8,0,0,0,0,3,1,6,2,49,8,124,1,3,3,1,3
2017471701079,1,9,0,18,0,1,0,0,0,0,1,1,6,1,-1,-1,1248,2,5,-1,-1,-1
2017471701079,2,9,0,18,0,1,0,0,0,0,2,1,6,2,20,4,1229,1,4,6,3,6
2017471701079,3,9,0,4,0,1,0,0,0,0,0,1,6,1,-1,-1,-1,-1,-1,-1,-1,-1
2017471701081,1,9,0,7,0,6,0,0,0,0,3,1,6,3,-1,-1,-1,-1,-1,-1,-1,-1
2017471701081,2,1,0,18,0,1,0,0,0,0,1,1,6,1,44,7,-1,-1,-1,7,2,7
2017471701083,1,9,0,13,0,4,0,0,0,0,1,1,6,1,51,8,1598,2,1,8,3,8
2017471701083,2,9,0,18,0,4,0,0,0,0,2,1,6,2,39,7,1598,2,2,7,1,7
2017471701084,1,9,0,11,0,0,0,0,0,0,4,1,2,1,46,8,1781,1,19,8,1,8
2017471701084,2,19,0,18,0,0,0,0,0,0,3,1,1,1,45,7,1499,2,-1,1,1,1
2017471701084,3,9,0,18,0,0,1,0,1,0,3,1,2,1,35,6,1598,1,14,5,1,5
2017471701087,1,3,0,18,0,1,0,0,0,0,4,1,2,1,27,6,124,1,3,5,1,5
2017471701087,2,9,0,18,0,2,0,0,0,0,3,1,2,1,31,6,1598,2,2,2,1,2
2017471701087,3,9,0,3,0,2,0,0,0,0,2,2,2,1,52,8,1686,2,4,10,1,10
2017471701088,1,9,5,18,0,0,0,0,1,4,1,1,6,2,24,5,1596,1,12,5,3,5
2017471701089,1,9,0,17,0,0,1,7,1,2,4,1,6,1,30,6,1242,1,14,-1,-1,-1
2017471701090,1,9,0,9,0,1,0,0,1,4,4,1,6,1,17,4,1149,1,14,5,3,5
2017471701090,2,9,0,18,0,1,0,0,0,0,4,1,6,2,35,6,1461,2,8,10,2,10
2017471701091,1,9,0,18,0,1,0,0,0,0,1,1,6,1,51,8,2987,2,10,5,1,5
2017471701092,1,9,0,17,0,0,1,0,7,4,4,1,6,1,18,4,1242,1,11,6,3,6
2017471701095,1,8,0,9,0,8,0,0,0,0,1,1,6,2,50,8,1197,1,2,3,1,3
2017471701095,2,9,0,18,0,8,0,0,0,0,3,1,6,2,30,6,1587,1,14,4,1,4
2017471701097,1,9,0,1,0,0,0,0,0,0,2,1,6,1,32,6,1968,2,1,6,2,6
2017471701097,2,9,0,3,0,0,0,0,0,0,1,1,6,2,69,10,1200,1,2,8,3,8
2017471701098,1,19,0,18,0,1,0,0,0,0,1,1,6,3,20,4,-1,-1,-1,-1,-1,-1
2017471701098,2,5,0,18,0,1,1,0,0,0,4,1,6,1,29,6,599,1,21,2,1,2
2017471701103,1,9,0,13,0,0,0,0,0,0,3,1,6,1,61,9,1798,1,10,5,2,5
2017471701103,2,5,0,13,0,0,0,0,7,9,4,1,2,1,55,8,1063,1,15,2,2,2
2017471701103,3,9,0,18,0,0,0,0,0,0,0,1,6,3,47,8,-1,-1,-1,-1,-1,-1
2017471701104,1,9,0,18,0,6,0,0,0,0,4,1,6,2,46,8,1598,1,12,4,1,4
2017471701104,2,9,0,18,0,1,1,0,0,0,3,1,6,2,41,7,1461,2,4,4,1,4
2017471701105,1,9,0,18,0,1,0,0,0,0,1,1,1,1,23,5,2494,2,2,10,1,10
2017471701105,2,3,0,8,0,1,0,0,7,0,2,1,6,1,64,9,125,1,4,10,1,10
2017471701108,1,9,0,7,0,8,0,0,0,0,4,1,6,2,59,9,1783,7,15,5,1,5
2017471701109,1,9,0,6,0,6,0,0,0,0,3,1,1,1,65,9,1951,2,14,7,1,7
2017471701109,2,5,0,18,0,1,0,0,0,0,1,1,6,1,62,9,1170,1,3,10,1,10
2017471701111,1,9,0,16,0,7,1,0,2,7,1,1,6,2,25,5,1149,1,12,3,1,3
2017471701112,1,9,0,18,0,0,0,0,0,0,1,1,6,2,55,8,1997,2,13,3,1,3
2017471701112,2,9,0,4,0,0,0,0,0,0,2,1,6,2,33,6,2143,2,2,8,1,8
2017471701113,1,9,0,4,0,0,0,0,0,0,1,1,6,1,46,8,1797,8,7,5,1,5
2017471701113,2,9,0,3,0,0,0,0,0,0,1,1,6,2,41,7,1598,1,16,6,3,6
2017471701113,3,8,0,3,0,0,0,0,0,0,1,1,6,1,76,11,2400,2,1,5,1,5
2017471701113,4,9,0,3,0,0,0,0,0,0,0,1,6,1,29,6,1242,1,4,7,1,7
2017471701114,1,19,0,18,0,0,0,0,2,4,1,1,1,1,37,7,1968,2,1,2,1,2
2017471701115,1,9,0,9,0,1,0,0,0,0,1,1,2,2,56,9,3498,1,3,8,3,8
2017471701115,2,9,0,7,0,1,0,0,0,0,1,1,6,3,-1,-1,1198,1,14,-1,-1,-1
2017471701116,1,9,0,1,0,0,0,0,0,0,2,1,6,2,35,6,1587,1,11,-1,-1,-1
2017471701116,2,1,0,18,0,0,0,0,0,0,1,1,4,1,12,3,-1,-1,-1,8,1,8
2017471701120,1,9,0,13,0,0,0,0,0,0,4,1,6,1,22,5,2979,1,14,4,1,4
2017471701120,2,8,0,18,0,0,0,0,0,0,3,1,1,1,39,7,1560,2,2,6,1,6
2017471701120,3,9,0,2,0,0,0,0,0,0,3,1,6,3,-1,-1,2143,2,1,-1,-1,-1
2017471701122,1,9,0,11,0,1,0,0,0,0,1,1,6,1,51,8,2400,2,2,9,1,9
2017471701122,2,9,0,18,0,1,0,0,0,0,3,1,6,2,48,8,998,1,1,3,1,3
2017471701124,1,9,0,9,0,8,0,0,0,0,1,1,6,2,38,7,1998,1,14,1,1,1
2017471701124,2,9,0,7,0,3,0,0,0,0,4,1,6,2,38,7,1968,2,4,4,1,4
2017471701125,1,3,0,13,0,8,0,0,7,1,4,1,6,1,27,6,124,1,9,4,1,4
2017471701125,2,9,0,9,0,8,0,0,0,0,3,1,6,1,73,10,1422,2,9,10,1,10
2017471701130,1,9,0,2,0,8,0,0,0,0,3,1,6,2,43,7,1781,1,9,3,1,3
2017471701130,2,9,0,18,0,8,0,0,0,0,1,1,1,1,49,8,1248,2,4,3,1,3
2017471701130,3,19,0,2,0,8,0,0,0,0,2,1,6,3,-1,-1,-1,-1,-1,-1,-1,-1
2017471701131,1,19,0,18,0,0,0,0,0,0,4,1,6,3,-1,-1,-1,-1,-1,-1,-1,-1
2017471701132,1,9,0,18,0,1,0,0,0,0,1,1,6,3,-1,-1,-1,-1,-1,-1,-1,-1
2017471701133,1,9,0,18,0,0,0,0,8,10,3,1,6,1,20,4,1499,1,2,8,3,8
2017471701134,1,9,0,18,0,4,0,0,0,0,1,1,2,1,36,7,-1,-1,-1,9,1,9
2017471701134,2,1,0,18,0,3,0,0,0,0,4,1,6,1,56,9,-1,-1,-1,7,1,7
2017471701135,1,9,4,18,0,2,0,0,0,0,2,1,6,1,44,7,-1,-1,-1,8,1,8
2017471701136,1,9,0,17,0,2,0,0,1,3,4,1,6,3,-1,-1,1397,1,17,-1,-1,-1
2017471701138,1,9,0,18,0,0,0,4,0,0,3,1,6,1,34,6,1587,1,14,3,1,3
2017471701138,2,9,0,2,0,0,0,0,1,0,1,1,6,3,-1,-1,1598,1,10,-1,-1,-1
2017471701138,3,9,0,18,0,0,0,0,0,0,1,1,6,1,67,10,1998,1,14,9,1,9
2017471701141,1,9,0,9,0,2,0,0,0,0,3,1,6,1,86,11,1248,1,5,8,1,8
2017471701141,2,9,0,17,0,1,0,0,7,10,1,1,6,1,19,4,1197,1,2,5,1,5
2017471701144,1,9,0,9,0,8,5,0,7,10,2,1,1,2,51,8,1584,1,11,5,1,5
2017471701144,2,9,0,18,0,8,0,0,0,0,1,1,6,2,17,4,999,1,4,10,1,10
2017471701146,1,9,0,13,0,7,0,0,0,0,1,1,1,2,27,6,799,2,5,6,2,6
2017471701146,2,21,0,18,0,2,0,0,0,0,2,1,1,1,40,7,12777,2,5,7,1,7
2017471701147,1,9,0,9,0,6,0,0,0,0,3,1,1,2,50,8,1598,2,4,7,1,7
2017471701147,2,4,0,18,0,8,0,0,0,0,3,1,1,1,22,5,125,1,18,6,1,6
2017471701149,1,9,0,1,0,8,0,0,0,0,2,1,6,1,54,8,1910,2,12,6,1,6
2017471701149,2,22,0,18,0,8,0,0,0,0,3,1,6,1,69,10,-1,-1,-1,4,1,4
2017471701152,1,9,0,18,0,0,0,0,0,0,4,1,6,3,35,6,-1,-1,-1,-1,-1,-1
2017471701157,1,9,0,5,0,8,0,0,0,0,1,1,6,2,-1,-1,-1,-1,-1,8,1,8
2017471701157,2,4,0,18,0,8,0,0,0,0,4,1,6,1,20,4,124,1,9,9,1,9
2017471701158,1,9,0,18,0,2,0,0,0,0,1,1,6,1,20,4,1560,2,7,10,1,10
2017471701159,1,9,0,18,0,8,0,0,0,0,1,1,6,3,-1,-1,-1,-1,-1,-1,-1,-1
2017471701160,1,9,0,18,0,1,1,0,0,0,1,1,6,1,51,8,1299,1,12,6,3,6
2017471701162,1,9,0,18,0,8,0,0,0,0,1,1,6,1,30,6,1199,1,16,9,1,9
2017471701162,2,9,0,18,0,8,0,0,1,4,3,1,6,2,28,6,1229,1,9,4,1,4
2017471701163,1,9,0,18,0,0,5,0,1,11,1,1,6,2,25,5,1299,1,9,10,1,10
2017471701164,1,9,0,18,0,0,1,4,0,0,1,1,6,2,24,5,1461,2,2,4,1,4
2017471701164,2,19,0,2,0,0,0,4,1,11,1,1,6,3,-1,-1,1968,2,6,1,1,1
2017471701164,3,9,0,2,0,0,0,0,0,0,4,1,6,3,-1,-1,1560,2,4,1,1,1
2017471701165,1,5,0,17,0,1,1,0,7,0,0,1,1,1,52,8,-1,-1,-1,10,1,10
2017471701166,1,9,0,18,0,0,1,0,7,0,4,1,2,1,62,9,1560,2,4,9,1,9
2017471701166,2,3,0,18,0,0,0,0,7,0,4,1,2,1,31,6,125,1,4,10,1,10
2017471701167,1,9,0,18,0,8,1,0,0,0,1,1,2,1,27,6,3999,1,15,1,1,1
2017471701167,2,9,0,18,0,8,0,0,0,0,2,1,2,1,65,9,2000,1,13,6,1,6
2017471701167,3,9,0,18,0,8,0,0,0,0,1,1,2,1,40,7,2171,1,16,3,1,3
2017471701167,4,9,0,18,0,8,0,0,0,0,2,1,2,1,53,8,875,1,3,6,1,6
2017471701167,5,9,0,18,0,8,0,0,4,6,3,1,2,1,25,5,1598,1,10,8,1,8
2017471701167,6,9,0,18,0,8,0,0,0,0,1,1,2,1,26,6,1124,1,14,10,1,10
2017471701170,1,9,0,7,0,8,0,0,0,0,1,1,2,2,35,6,1998,1,12,6,1,6
2017471701170,2,9,0,18,0,8,1,0,0,0,4,1,2,1,50,8,1951,2,16,3,1,3
2017471701172,1,9,0,9,0,6,0,0,0,0,3,1,6,1,75,10,1499,2,1,10,2,10
2017471701172,2,9,0,18,0,8,0,0,0,0,1,2,6,2,64,9,1229,1,5,7,1,7
2017471701176,1,9,0,18,0,0,0,0,0,0,1,1,6,2,29,6,1896,2,11,4,1,4
2017471701177,1,20,0,18,0,0,0,0,0,0,0,1,1,1,56,9,4485,2,2,8,2,8
2017471701177,2,9,0,18,0,0,1,0,0,0,1,1,1,1,36,7,1968,2,3,9,1,9
2017471701177,3,9,0,18,0,0,0,0,0,0,2,1,6,1,38,7,1560,2,4,10,1,10
2017471701178,1,9,0,6,0,8,0,0,0,0,3,1,6,1,21,5,3200,2,11,7,3,7
2017471701178,2,3,0,13,0,8,0,0,0,0,1,1,6,1,20,4,125,1,2,3,1,3
2017471701180,1,9,0,9,0,6,0,0,0,0,3,1,6,2,40,7,1598,2,5,6,3,6
2017471701180,2,9,0,18,0,8,0,0,0,0,1,1,2,2,30,6,1242,1,4,4,1,4
2017471701181,1,9,0,18,0,1,0,0,0,0,1,1,6,1,40,7,1968,2,2,10,1,10
2017471701181,2,9,0,8,0,1,0,0,0,0,2,1,6,2,52,8,1197,1,2,9,1,9
2017471701183,1,9,0,18,0,5,0,0,0,0,1,1,6,1,20,4,1587,1,14,5,1,5
2017471701184,1,9,0,16,0,0,0,0,0,0,3,1,6,1,34,6,1396,1,15,2,1,2
2017471701184,2,9,0,17,0,0,0,0,1,0,3,1,6,1,58,9,998,1,5,3,1,3
2017471701185,1,22,0,18,9,1,0,0,0,0,1,1,6,1,65,9,-1,-1,-1,3,1,3
2017471701186,1,9,0,9,0,5,1,0,7,10,1,1,6,2,43,7,2000,1,9,8,1,8
2017471701187,1,9,0,18,0,0,1,0,7,4,1,1,6,3,-1,-1,1997,2,13,-1,-1,-1
2017471701188,1,8,0,5,0,7,0,0,0,0,1,1,1,1,43,7,1997,2,6,10,1,10
2017471701188,2,8,0,18,0,1,0,0,1,0,1,1,1,1,27,6,1794,1,9,1,1,1
2017471701191,1,9,0,9,0,6,0,0,0,1,3,1,6,2,51,8,1560,2,3,8,1,8
2017471701191,2,9,0,18,0,1,0,0,4,2,1,1,6,2,53,8,2179,2,9,9,1,9
2017471701194,1,9,0,18,0,0,1,0,7,4,1,1,2,1,51,8,1839,1,13,10,1,10
2017471701196,1,9,0,13,0,0,2,0,1,10,1,1,2,1,19,4,1388,1,14,4,2,4
2017471701196,2,9,0,18,0,0,0,0,0,0,0,1,2,1,45,7,1598,2,5,7,3,7
2017471701199,1,9,0,7,0,8,0,0,0,0,1,1,6,2,39,7,1560,2,9,7,1,7
2017471701199,2,9,0,18,0,1,0,0,0,0,1,1,6,2,54,8,1997,2,1,5,3,5
2017471701199,3,19,0,2,0,2,0,0,0,0,2,1,6,3,-1,-1,2461,2,15,-1,-1,-1
2017471701200,1,21,0,18,0,0,0,0,0,0,1,1,1,1,39,7,6692,2,6,2,1,2
2017471701200,2,9,0,4,0,0,0,0,0,0,2,1,6,2,45,7,1984,1,1,9,1,9
2017471701201,1,19,0,18,0,1,1,0,0,2,2,1,6,1,22,5,2198,2,11,8,1,8
2017471701201,2,19,0,9,0,6,0,0,0,1,1,1,2,1,63,9,1461,2,4,9,1,9
2017471701205,1,9,0,5,5,6,0,0,0,0,1,1,6,1,50,8,1560,2,7,-1,-1,-1
2017471701205,2,1,0,18,5,8,0,0,0,0,3,1,1,2,52,8,-1,-1,-1,4,1,4
2017471701206,1,9,0,18,0,1,0,0,0,0,1,1,6,1,54,8,2143,2,6,9,1,9
2017471701206,2,9,0,4,0,1,0,0,0,0,2,1,6,1,40,7,1597,2,2,8,1,8
2017471701208,1,9,0,18,0,1,0,0,1,11,1,1,6,1,37,7,1796,1,15,9,1,9
2017471701209,1,9,0,9,0,8,0,0,0,0,3,1,6,3,30,6,1598,1,12,-1,-1,-1
2017471701209,2,8,0,9,0,8,0,0,0,0,4,1,1,1,41,7,1997,2,6,5,1,5
2017471701211,1,9,0,18,0,8,0,0,0,0,1,1,6,2,28,6,998,1,7,6,1,6
2017471701211,2,9,0,10,0,2,0,0,0,0,2,1,6,1,36,7,1910,2,11,5,1,5
2017471701214,1,9,0,9,0,8,0,0,0,0,1,1,1,2,51,8,1560,2,5,4,1,4
2017471701215,1,9,0,18,0,0,0,0,0,0,1,1,2,1,53,8,1999,2,1,6,1,6
2017471701215,2,9,0,4,0,0,0,0,4,6,2,1,2,2,42,7,1329,1,8,8,1,8
2017471701215,3,9,0,4,0,0,0,0,0,0,2,1,6,2,22,5,1242,1,4,9,1,9
2017471701218,1,9,0,9,0,8,0,0,0,0,3,1,2,1,69,10,1910,2,10,6,1,6
2017471701218,2,1,0,18,0,8,0,0,0,0,4,1,2,2,29,6,-1,-1,-1,10,1,10
2017471701219,1,9,0,18,0,0,5,0,1,3,4,1,6,1,19,4,1242,1,13,6,1,6
2017471701225,1,9,0,18,0,1,0,0,0,0,1,1,6,1,81,11,1386,1,11,9,2,9
2017471701225,2,8,0,2,0,2,0,0,0,0,1,1,1,1,55,8,2143,2,6,9,2,9
2017471701226,1,1,0,18,0,8,1,0,0,0,1,1,6,1,36,7,-1,-1,-1,3,1,3
2017471701226,2,9,0,3,0,8,0,0,0,0,2,1,6,1,57,9,1560,2,9,3,1,3
2017471701227,1,19,0,18,0,3,0,0,0,0,3,1,6,1,22,5,2402,2,12,8,1,8
2017471701227,2,9,0,18,0,4,0,0,0,0,3,1,6,1,49,8,1461,2,7,5,1,5
2017471701227,3,9,0,18,0,1,0,0,0,0,1,1,6,1,41,7,1796,1,13,5,1,5
2017471701227,4,9,0,18,0,3,0,0,0,0,1,1,6,1,20,4,1198,1,14,4,1,4
2017471701232,1,1,0,18,5,1,0,0,0,0,1,1,6,1,42,7,-1,-1,-1,6,1,6
2017471701232,2,9,0,7,0,6,0,0,0,0,0,2,2,2,26,6,999,1,3,2,1,2
2017471701234,1,9,0,9,0,6,0,0,0,0,1,1,6,1,50,8,2993,2,12,10,2,10
2017471701234,2,9,0,18,0,8,0,0,7,0,1,1,2,2,36,7,1242,1,1,5,2,5
2017471701238,1,9,0,9,0,2,0,0,0,0,3,1,6,2,34,6,1329,1,2,3,1,3
2017471701238,2,5,0,18,0,1,0,0,0,0,1,1,6,1,52,8,1255,1,4,2,1,2
2017471701239,1,9,0,7,0,6,0,0,0,0,1,1,6,2,47,8,1796,1,13,3,1,3
2017471701239,2,3,0,18,0,8,0,0,0,0,4,1,6,1,22,5,125,1,1,1,1,1
2017471701241,1,8,0,1,0,1,0,0,0,0,2,1,1,1,59,9,1968,2,2,4,1,4
2017471701242,1,9,0,18,0,2,0,0,0,0,1,1,6,2,30,6,2143,2,5,-1,-1,-1
2017471701242,2,8,0,2,5,1,0,0,0,0,0,1,6,1,35,6,1797,8,3,-1,-1,-1
2017471701243,1,9,0,18,0,0,0,4,0,0,1,1,6,1,18,4,998,1,1,3,1,3
2017471701243,2,9,0,2,0,0,0,0,0,0,1,1,6,3,-1,-1,1596,1,13,-1,-1,-1
2017471701244,1,9,0,17,0,0,1,0,7,10,1,1,6,2,23,5,1198,1,4,6,1,6
2017471701245,1,9,0,7,0,6,0,0,0,0,2,1,6,1,23,5,1587,1,12,2,1,2
2017471701245,2,9,0,18,0,2,0,0,0,0,1,1,1,1,28,6,2521,1,9,4,1,4
2017471701246,1,9,0,17,0,0,0,0,0,10,1,1,6,1,23,5,1995,2,5,3,1,3
2017471701246,2,9,0,16,0,0,0,0,0,10,1,1,6,1,61,9,1560,2,6,8,3,8
2017471701247,1,9,0,18,0,0,0,0,4,6,1,1,6,2,28,6,1560,2,10,2,1,2
2017471701250,1,9,0,4,0,1,0,0,0,0,1,1,6,1,28,6,1796,1,14,7,1,7
2017471701250,2,9,0,4,0,1,0,0,0,0,2,1,6,1,42,7,1968,2,10,5,1,5
2017471701252,1,8,0,7,0,3,0,0,0,0,1,1,6,1,51,8,1896,2,8,4,1,4
2017471701253,1,19,0,17,0,0,0,0,7,4,1,1,6,1,37,7,1248,2,2,8,1,8
2017471701256,1,9,0,4,0,0,0,0,0,0,2,1,6,1,50,8,1984,1,4,8,3,8
2017471701256,2,1,0,4,0,0,0,0,0,0,1,1,6,1,38,7,-1,-1,-1,1,1,1
2017471701257,1,9,0,9,0,6,0,0,0,0,3,1,6,2,68,10,1968,2,4,6,2,6
2017471701257,2,1,0,18,0,1,0,0,0,0,1,1,6,2,42,7,-1,-1,-1,5,1,5
2017471701259,1,9,0,4,0,0,0,0,0,0,1,1,6,1,33,6,1995,2,8,8,1,8
2017471701259,2,8,0,3,0,0,0,0,0,0,2,1,1,1,40,7,1968,2,1,2,1,2
2017471701260,1,9,0,16,0,0,0,0,7,4,1,1,6,1,32,6,2143,2,1,9,1,9
2017471701261,1,5,0,16,0,0,0,0,0,0,1,1,6,1,36,7,653,1,37,7,2,7
2017471701261,2,9,0,17,0,0,0,0,0,0,1,1,6,1,17,4,999,1,16,6,3,6
2017471701262,1,19,0,9,0,8,0,0,0,0,3,1,6,1,53,8,1896,2,14,6,3,6
2017471701262,2,5,0,18,0,8,0,0,0,0,1,1,6,1,47,8,850,1,18,10,1,10
2017471701263,1,9,0,18,0,4,0,0,0,0,1,1,6,1,22,5,1587,1,15,4,3,4
2017471701263,2,9,0,18,0,3,0,0,0,0,2,1,1,1,38,7,2143,2,3,8,1,8
2017471701265,1,9,0,18,0,1,0,10,0,0,1,1,6,1,81,11,1968,2,7,8,1,8
2017471701265,2,9,0,10,0,1,0,0,0,0,2,1,6,1,44,7,1598,2,2,10,1,10
2017471701266,1,3,0,13,0,0,0,7,0,0,4,1,6,1,18,4,125,1,-1,5,2,5
2017471701267,1,9,0,7,0,1,0,0,0,0,0,1,6,1,63,9,2179,2,2,9,1,9
2017471701267,2,9,0,2,0,1,0,0,0,0,0,1,6,3,-1,-1,2993,2,8,-1,-1,-1
2017471701270,1,9,0,7,0,8,0,0,0,0,4,1,6,1,30,6,1197,1,1,9,1,9
2017471701270,2,1,0,18,4,8,0,0,0,0,3,1,6,1,31,6,-1,-1,-1,5,1,5
2017471701271,1,1,0,18,0,0,0,0,0,0,1,1,2,1,28,6,-1,-1,-1,5,1,5
2017471701271,2,11,0,7,0,0,1,0,0,0,1,1,1,1,51,8,6700,2,6,5,1,5
2017471701273,1,9,0,14,0,1,0,0,0,0,4,1,6,2,23,5,1497,2,2,9,2,9
2017471701273,2,21,0,2,0,1,0,0,0,0,0,1,1,3,-1,-1,-1,-1,-1,-1,-1,-1
2017471701274,1,9,0,12,0,8,0,0,0,0,3,1,6,2,30,6,998,1,2,6,1,6
2017471701274,2,9,0,18,0,8,0,0,0,0,4,1,6,1,49,8,1999,1,11,6,2,6
2017471701278,1,3,0,18,0,3,0,7,0,0,2,1,6,1,20,4,125,1,2,7,1,7
2017471701279,1,9,0,18,0,0,0,0,0,0,1,1,6,2,45,7,998,1,8,3,1,3
2017471701280,1,9,0,18,0,0,0,4,0,0,1,1,6,1,43,7,2969,2,10,7,3,7
2017471701280,2,9,0,2,0,0,0,0,0,0,2,1,6,3,-1,-1,1461,2,10,-1,-1,-1
2017471701281,1,9,0,3,0,1,0,0,0,0,1,1,6,1,32,6,1242,1,11,2,1,2
2017471701281,2,9,0,3,0,1,0,0,0,0,0,1,6,2,44,7,1796,1,14,3,1,3
2017471701281,3,9,0,3,0,1,0,0,0,0,0,1,6,2,42,7,1598,2,4,7,1,7
2017471701283,1,9,0,7,0,6,0,0,0,0,2,1,2,2,30,6,1368,1,13,3,1,3
2017471701283,2,9,0,18,0,2,5,0,5,7,1,1,2,1,18,4,998,1,-1,8,1,8
2017471701287,1,9,0,9,0,8,0,0,0,0,1,1,6,1,54,8,1997,2,7,9,1,9
2017471701287,2,1,0,18,0,8,0,0,0,0,1,1,1,1,28,6,-1,-1,-1,8,1,8
2017471701289,1,9,0,4,0,0,0,0,0,0,1,1,6,2,43,7,1560,2,4,7,1,7