Accident_Index,Vehicle_Reference,Vehicle_Type,Towing_and_Articulation,Vehicle_Manoeuvre,Vehicle_Location-Restricted_Lane,Junction_Location,Skidding_and_Overturning,Hit_Object_in_Carriageway,Vehicle_Leaving_Carriageway,Hit_Object_off_Carriageway,1st_Point_of_Impact,Was_Vehicle_Left_Hand_Drive?,Journey_Purpose_of_Driver,Sex_of_Driver,Age_of_Driver,Age_Band_of_Driver,Engine_Capacity_(CC),Propulsion_Code,Age_of_Vehicle,Driver_IMD_Decile,Driver_Home_Area_Type,Vehicle_IMD_Decile
2017471701579,2,11,0,18,0,8,0,0,0,0,1,1,1,1,23,5,4461,2,4,5,1,5
2017471701579,3,9,0,7,0,5,0,0,0,0,0,1,6,3,30,6,-1,-1,-1,-1,-1,-1
2017471701580,1,9,0,18,0,0,0,0,0,0,1,1,1,1,37,7,2700,1,13,3,1,3
2017471701580,2,2,0,18,0,0,0,0,0,0,2,1,4,1,16,4,49,1,8,2,1,2
2017471701580,3,9,0,18,0,0,0,0,0,0,2,1,1,2,31,6,1598,2,5,6,1,6
2017471701581,1,9,0,18,0,0,5,4,0,0,1,1,6,1,19,4,1242,1,16,7,1,7
2017471701581,2,9,0,2,0,0,0,0,0,0,2,1,6,3,-1,-1,1339,1,10,-1,-1,-1
2017471701582,1,9,0,18,0,0,0,0,0,0,1,1,6,1,58,9,998,1,5,9,1,9
2017471701582,2,9,0,3,0,0,0,0,0,0,2,1,6,2,17,4,1061,1,13,9,1,9
2017471701582,3,9,0,3,0,0,0,0,0,0,2,1,6,2,26,6,1910,2,11,7,3,7
2017471701582,4,9,0,3,0,0,0,0,0,0,2,1,6,2,56,9,1242,1,3,7,1,7
2017471701584,1,10,0,18,0,4,0,0,0,0,1,1,6,1,38,7,-1,-1,-1,10,1,10
2017471701584,2,9,0,18,0,4,0,0,0,0,2,1,6,1,28,6,1956,2,7,9,1,9
2017471701585,1,19,0,18,0,8,0,0,0,0,3,1,2,1,67,10,1896,2,12,8,3,8
2017471701586,1,9,0,12,0,8,0,0,0,0,3,1,6,2,80,11,1398,1,9,9,2,9
2017471701586,2,5,0,18,0,8,0,0,7,0,1,1,6,1,22,5,645,1,14,5,3,5
2017471701587,1,3,0,18,0,1,0,0,0,0,1,1,2,1,23,5,124,1,4,6,1,6
2017471701587,2,19,0,4,0,1,0,0,0,0,2,1,1,1,48,8,1753,2,12,3,1,3
2017471701592,1,9,0,18,0,1,0,0,0,0,1,1,2,1,23,5,1496,1,-1,8,3,8
2017471701592,2,9,0,9,0,1,0,0,0,0,2,1,6,2,18,4,1196,1,22,5,3,5
2017471701593,1,9,0,18,0,1,0,0,0,0,3,1,6,2,60,9,1900,2,10,3,1,3
2017471701594,1,9,0,7,0,4,0,0,0,0,1,1,2,1,68,10,2488,1,13,3,1,3
2017471701594,2,9,0,4,0,4,0,0,0,0,2,1,6,1,74,10,1198,1,6,6,2,6
2017471701594,3,9,0,18,0,8,0,0,0,0,0,1,6,3,40,7,-1,-1,-1,-1,-1,-1
2017471701598,1,9,0,18,0,1,1,0,0,0,1,1,6,1,27,6,1984,1,14,1,1,1
2017471701598,2,9,0,1,0,8,0,0,0,0,3,1,6,1,66,10,-1,-1,-1,6,3,6
2017471701600,1,9,0,18,0,1,0,0,0,0,1,1,6,1,24,5,-1,-1,-1,4,1,4
2017471701600,2,9,0,4,0,1,0,0,0,0,2,1,6,1,51,8,1200,1,4,6,1,6
2017471701601,1,9,0,16,0,2,1,0,0,0,1,1,6,1,19,4,1299,1,16,9,2,9
2017471701601,2,21,1,17,0,1,0,0,0,0,1,1,6,1,70,10,12809,2,2,5,1,5
2017471701608,1,19,0,18,0,0,1,0,0,0,1,1,1,1,29,6,2198,2,6,1,1,1
2017471701610,1,19,0,18,0,4,0,0,0,0,0,1,6,3,-1,-1,-1,-1,-1,-1,-1,-1
2017471701610,2,1,0,18,0,3,0,10,0,0,0,1,6,1,27,6,-1,-1,-1,8,1,8
2017471701612,1,9,0,18,0,8,1,0,6,1,4,1,6,2,24,5,1997,2,15,6,3,6
2017471701615,1,9,0,1,0,8,0,0,0,0,2,1,6,1,47,8,1984,1,5,6,1,6
2017471701615,2,9,0,1,0,8,0,0,0,0,1,1,6,1,31,6,1197,1,-1,-1,-1,-1
2017471701616,1,1,0,18,0,0,1,0,0,0,1,1,6,1,26,6,-1,-1,-1,4,1,4
2017471701616,2,9,0,5,0,0,0,0,0,0,2,1,6,1,-1,-1,-1,-1,-1,-1,-1,-1
2017471701617,1,9,0,9,0,8,0,0,0,0,1,1,6,1,38,7,1753,2,10,7,1,7
2017471701619,1,9,0,18,0,8,1,0,0,0,1,1,6,1,17,4,1198,1,14,9,1,9
2017471701619,2,9,0,18,0,1,0,0,0,0,4,1,6,1,50,8,1461,2,3,1,1,1
2017471701620,1,9,0,7,0,2,0,0,0,0,1,1,6,2,46,8,1198,1,10,4,1,4
2017471701620,2,9,0,18,0,1,0,0,0,0,1,1,6,1,70,10,2143,2,1,4,1,4
2017471701622,1,9,0,5,0,1,0,0,0,0,1,1,3,2,50,8,1798,1,13,9,1,9
2017471701622,2,9,0,3,0,2,0,0,0,0,0,1,6,3,-1,-1,-1,-1,-1,-1,-1,-1
2017471701622,3,9,0,3,0,2,0,0,1,0,0,1,6,3,-1,-1,-1,-1,-1,-1,-1,-1
2017471701623,1,9,0,18,0,8,0,0,0,0,4,1,6,1,63,9,2000,2,11,2,1,2
2017471701623,2,16,0,18,0,8,0,0,0,0,3,1,6,1,19,4,-1,-1,-1,9,1,9
2017471701625,1,9,0,9,0,2,0,0,0,0,4,1,1,2,39,7,1598,1,13,5,1,5
2017471701625,2,9,0,18,0,8,0,0,0,0,1,1,6,1,48,8,1200,1,3,8,3,8
2017471701625,3,9,0,18,0,2,0,0,0,0,2,1,1,1,42,7,1984,1,10,4,1,4
2017471701625,4,9,0,18,0,1,0,0,0,0,1,1,1,1,26,6,998,1,2,4,1,4
2017471701625,5,1,0,15,0,8,0,0,0,0,0,1,6,1,44,7,-1,-1,-1,-1,-1,-1
2017471701626,1,9,0,11,0,2,0,0,0,0,1,1,1,1,71,10,-1,-1,-1,9,1,9
2017471701627,1,9,0,6,0,8,0,0,0,0,3,1,6,2,18,4,1242,1,7,6,3,6
2017471701627,2,9,0,17,0,8,0,0,0,0,1,1,6,2,76,11,1498,1,1,10,1,10
2017471701627,3,9,0,3,0,1,0,0,0,0,1,1,6,1,72,10,1397,1,9,6,3,6
2017471701628,1,9,0,9,0,1,0,0,0,0,1,1,2,1,31,6,1598,1,13,6,1,6
2017471701628,2,1,0,18,0,1,0,0,0,0,3,1,6,1,18,4,-1,-1,-1,10,1,10
2017471701629,1,19,0,18,0,8,0,0,0,0,1,1,1,1,35,6,2446,2,22,5,1,5
2017471701629,2,9,0,10,0,8,0,0,0,0,2,1,6,2,25,5,1360,1,11,5,3,5
2017471701631,1,19,0,9,0,8,0,0,0,0,1,1,1,2,64,9,1996,2,4,6,1,6
2017471701631,2,1,0,14,0,1,0,0,0,0,1,1,6,1,53,8,-1,-1,-1,1,1,1
2017471701635,1,9,0,9,0,8,0,0,0,0,4,1,6,2,29,6,1197,1,6,10,2,10
2017471701635,2,9,0,18,0,8,0,0,0,0,1,1,6,1,60,9,1994,1,9,10,1,10
2017471701636,1,9,0,11,0,3,2,0,0,0,4,1,6,1,19,4,1149,1,4,6,1,6
2017471701636,2,19,0,5,0,4,0,0,0,0,1,1,1,1,51,8,-1,-1,-1,6,1,6
2017471701639,1,1,0,18,0,1,0,0,0,0,3,1,6,1,12,3,-1,-1,-1,5,1,5
2017471701639,2,9,0,18,0,1,0,0,0,0,1,1,1,1,30,6,1997,2,7,8,1,8
2017471701640,1,9,0,9,0,8,0,0,0,0,1,1,2,1,49,8,999,1,2,10,1,10
2017471701640,2,1,0,18,0,8,0,0,0,0,1,1,2,1,46,8,-1,-1,-1,10,1,10
2017471701642,1,9,0,18,0,0,0,0,0,0,4,1,6,1,31,6,1461,2,3,2,1,2
2017471701644,1,9,0,16,0,1,5,0,1,1,4,1,6,1,33,6,1995,2,15,8,1,8
2017471701647,1,19,0,7,0,6,0,0,0,0,1,1,1,1,45,7,1753,2,10,6,1,6
2017471701647,2,11,0,4,0,1,0,0,0,0,0,1,1,3,-1,-1,-1,-1,-1,-1,-1,-1
2017471701650,1,9,0,9,0,8,0,0,0,0,3,1,6,1,26,6,998,1,13,8,1,8
2017471701650,2,1,0,18,4,1,0,0,0,0,1,1,6,1,38,7,-1,-1,-1,9,1,9
2017471701656,1,19,0,18,0,8,0,0,0,0,1,1,1,2,55,8,2198,2,4,2,1,2
2017471701656,2,19,0,10,0,8,0,0,0,0,2,1,1,1,55,8,1560,2,10,7,1,7
2017471701657,1,9,0,9,0,6,0,0,0,0,3,1,6,1,22,5,2494,2,5,6,3,6
2017471701657,2,9,0,18,0,8,0,0,0,0,1,1,6,2,26,6,998,1,14,6,1,6
2017471701658,1,11,0,18,0,8,0,0,0,0,0,1,1,1,26,6,9360,2,6,2,1,2
2017471701659,1,9,0,18,0,0,1,4,0,0,4,1,6,1,17,4,1242,1,12,9,1,9
2017471701659,2,9,0,2,0,0,0,0,0,0,3,1,6,3,-1,-1,2143,2,1,-1,-1,-1
2017471701662,1,9,0,9,0,5,0,0,0,0,1,1,6,2,18,4,1149,1,15,6,1,6
2017471701662,2,9,0,18,0,1,0,0,0,0,1,1,6,2,20,4,1398,1,2,7,2,7
2017471701662,3,9,0,3,0,1,0,0,0,0,1,1,6,2,29,6,1995,2,-1,7,1,7
2017471701663,1,9,0,18,0,0,0,0,0,0,1,1,6,2,40,7,1796,1,17,4,1,4
2017471701663,2,2,0,18,0,0,0,0,0,0,2,1,6,1,42,7,125,1,12,5,3,5
2017471701664,1,9,0,9,0,6,0,0,0,0,1,1,6,2,34,6,1590,1,12,6,3,6
2017471701664,2,1,0,16,0,8,0,0,0,0,1,1,6,2,40,7,-1,-1,-1,9,2,9
2017471701665,1,5,0,13,0,1,0,0,7,11,1,1,6,1,28,6,599,1,14,1,1,1
2017471701665,2,9,0,10,0,5,0,0,0,0,3,1,6,2,43,7,998,1,19,3,1,3
2017471701666,1,9,0,17,0,1,0,0,0,0,1,1,6,1,43,7,1598,1,16,5,1,5
2017471701666,2,1,0,9,0,2,0,0,0,0,1,1,6,1,49,8,-1,-1,-1,5,1,5
2017471701667,1,5,0,15,0,8,0,0,7,0,1,1,2,1,50,8,689,1,1,9,1,9
2017471701667,2,9,0,9,0,5,0,0,0,0,3,1,6,2,72,10,1360,1,12,8,1,8
2017471701667,3,9,0,2,0,2,0,0,0,0,3,1,6,1,36,7,2495,2,24,7,1,7
2017471701667,4,19,0,3,0,1,0,0,0,0,0,1,6,1,20,4,-1,-1,-1,-1,-1,-1
2017471701668,1,5,0,17,0,0,0,0,1,1,4,1,6,1,38,7,1043,1,2,9,1,9
2017471701679,1,9,0,5,0,4,0,0,0,0,1,1,6,1,29,6,1781,1,12,8,2,8
2017471701679,2,9,0,5,0,3,0,0,0,0,2,1,6,1,40,7,1395,1,1,8,1,8
2017471701681,1,9,0,6,0,0,0,0,0,0,3,1,6,1,35,6,-1,-1,-1,-1,-1,-1
2017471701681,2,5,0,4,0,0,0,0,0,0,3,1,6,1,26,6,996,1,12,10,2,10
2017471701682,1,9,0,18,0,0,0,0,0,0,1,1,6,2,43,7,999,1,1,2,1,2
2017471701685,1,1,0,18,0,1,0,0,0,0,1,1,2,1,25,5,-1,-1,-1,8,1,8
2017471701685,2,11,0,18,0,1,0,0,0,0,0,1,1,3,40,7,-1,-1,-1,-1,-1,-1
2017471701688,1,9,0,18,0,4,0,0,0,0,1,1,6,2,50,8,2148,2,14,9,2,9
2017471701688,2,1,0,9,0,8,0,0,0,0,4,1,4,1,13,3,-1,-1,-1,-1,-1,-1
2017471701689,1,9,0,18,0,0,0,0,0,0,1,1,1,1,66,10,1229,1,4,4,1,4
2017471701689,2,9,0,18,0,0,0,0,1,0,1,1,1,1,72,10,1242,1,3,7,1,7
2017471701689,3,9,0,18,0,0,0,0,7,10,1,1,6,1,62,9,1560,2,5,3,1,3
2017471701690,1,5,0,18,0,0,0,0,0,0,1,1,6,1,33,6,599,1,14,8,1,8
2017471701690,2,19,0,4,0,0,0,0,0,0,0,1,6,1,61,9,2198,2,2,-1,-1,-1
2017471701690,3,1,0,18,0,0,0,0,0,0,0,1,6,3,-1,-1,-1,-1,-1,-1,-1,-1
2017471701690,4,21,0,16,0,0,0,0,0,0,1,1,6,1,45,7,9365,2,8,4,1,4
2017471701691,1,9,0,18,0,0,5,0,0,10,1,1,6,1,32,6,1328,1,16,8,1,8
2017471701692,1,1,0,18,9,8,0,0,0,0,3,1,4,1,15,3,-1,-1,-1,7,1,7
2017471701692,2,9,0,9,9,6,0,0,0,0,1,1,2,1,25,5,1596,1,11,3,1,3
2017471701693,1,9,0,18,0,0,0,0,0,0,4,1,6,1,57,9,1998,1,20,1,1,1
2017471701694,1,9,0,5,0,4,0,0,0,0,3,1,6,1,83,11,999,1,4,6,2,6
2017471701694,2,9,0,18,0,8,0,0,4,6,4,1,6,2,57,9,1596,1,8,6,1,6
2017471701695,1,9,0,9,0,8,0,0,0,0,1,1,6,2,22,5,1229,1,7,7,1,7
2017471701695,2,1,0,18,0,8,0,0,0,0,3,1,6,1,14,3,-1,-1,-1,3,1,3
2017471701699,1,9,0,18,0,2,0,0,0,0,4,1,6,1,62,9,1997,1,9,6,1,6
2017471701702,1,19,0,7,0,6,0,0,0,0,1,1,2,1,30,6,1995,2,9,7,1,7
2017471701702,2,1,0,18,0,8,0,0,0,0,1,1,6,2,63,9,-1,-1,-1,5,1,5
2017471701707,1,9,0,18,0,0,0,0,0,0,4,1,6,1,30,6,-1,-1,-1,-1,-1,-1
2017471701709,1,9,0,18,0,0,0,0,0,0,1,1,6,2,34,6,1596,1,14,8,1,8
2017471701709,2,19,0,18,0,0,5,0,7,0,1,1,2,1,29,6,1560,2,2,8,1,8
2017471701709,3,9,0,18,0,0,0,0,0,0,3,1,2,2,62,9,1198,1,-1,8,1,8
2017471701709,4,9,0,18,0,0,0,0,1,0,1,1,2,1,41,7,1796,1,15,6,1,6
2017471701712,1,9,0,3,0,4,0,0,0,0,1,1,6,1,30,6,1598,1,9,-1,-1,-1
2017471701712,2,9,0,4,0,4,0,0,0,0,2,1,6,1,25,5,1461,2,5,4,1,4
2017471701713,1,9,0,18,0,4,0,0,0,0,1,1,6,2,52,8,1598,1,15,4,1,4
2017471701713,2,2,0,18,0,8,0,0,0,0,4,1,6,1,21,5,50,1,18,5,1,5
2017471701714,1,9,0,15,0,0,5,4,0,0,4,1,6,2,20,4,1598,2,3,7,3,7
2017471701714,2,9,0,2,0,0,0,10,1,0,3,1,6,3,-1,-1,1951,2,12,-1,-1,-1
2017471701714,3,9,0,18,0,0,0,0,0,0,1,1,6,1,70,10,1598,2,3,10,3,10
2017471701716,1,9,0,9,0,8,0,0,0,0,1,1,1,1,53,8,1685,2,3,3,1,3
2017471701716,2,5,0,18,0,1,0,0,0,0,1,1,1,1,29,6,649,1,4,2,1,2
2017471701717,1,9,0,17,0,0,0,0,0,0,1,1,6,1,22,5,-1,-1,-1,3,1,3
2017471701717,2,9,0,2,0,0,0,0,0,0,2,1,6,3,-1,-1,2198,1,10,-1,-1,-1
2017471701718,1,1,0,5,0,6,0,0,0,0,1,1,6,2,10,2,-1,-1,-1,4,1,4
2017471701718,2,9,0,18,0,1,0,0,0,0,1,1,6,2,29,6,-1,-1,-1,4,1,4
2017471701719,1,9,0,7,0,8,0,0,0,0,4,1,1,1,46,8,1598,1,7,4,1,4
2017471701719,2,1,0,15,0,8,0,0,0,0,0,1,1,1,32,6,-1,-1,-1,4,1,4
2017471701721,1,9,0,18,0,1,0,0,0,0,3,1,6,3,30,6,-1,-1,-1,-1,-1,-1
2017471701724,1,9,0,3,0,1,0,0,0,0,2,1,1,1,39,7,2993,2,3,10,1,10
2017471701724,2,9,0,4,0,1,1,0,0,0,1,1,2,1,51,8,1598,2,2,7,2,7
2017471701727,1,1,0,18,0,8,0,0,0,0,1,1,6,2,82,11,-1,-1,-1,5,1,5
2017471701727,2,9,0,7,0,5,0,0,0,0,4,1,6,2,41,7,1968,2,12,6,1,6
2017471701730,1,9,0,9,0,6,0,0,0,0,3,1,6,2,78,11,2393,1,7,8,3,8
2017471701730,2,19,0,18,0,8,0,0,0,0,1,1,1,1,40,7,1461,2,1,2,1,2
2017471701731,1,9,0,7,0,1,0,0,0,0,1,1,6,1,73,10,1799,1,20,3,1,3
2017471701731,2,9,0,18,0,8,0,0,0,0,4,1,6,2,51,8,1461,2,4,8,1,8
2017471701734,1,9,0,3,0,0,0,0,0,0,1,1,6,2,54,8,1968,2,3,6,1,6
2017471701734,2,9,0,3,0,0,0,0,0,0,2,1,6,2,44,7,1598,1,11,10,1,10
2017471701735,1,9,0,18,0,0,1,0,0,0,1,1,1,1,23,5,1968,2,1,8,1,8
2017471701735,2,9,0,4,0,0,1,0,0,0,2,1,6,2,59,9,1364,1,8,6,2,6
2017471701735,3,19,0,3,0,0,0,0,0,0,2,1,1,1,61,9,1868,2,17,3,1,3
2017471701735,4,20,0,18,0,0,0,0,0,0,0,1,1,1,52,8,-1,-1,-1,-1,-1,-1
2017471701740,1,19,0,3,0,1,0,0,0,0,0,1,6,3,-1,-1,-1,-1,-1,-1,-1,-1
2017471701740,2,9,0,8,0,1,0,0,0,0,0,1,6,2,42,7,1769,1,16,5,1,5
2017471701743,1,9,0,6,8,0,0,0,0,0,3,1,6,1,39,7,1364,1,11,1,1,1
2017471701743,2,5,0,18,0,0,0,0,0,0,1,1,6,1,35,6,124,1,18,2,1,2
2017471701746,1,9,0,18,0,8,0,0,0,0,1,1,6,1,28,6,1896,2,9,3,1,3
2017471701746,2,9,0,18,0,8,0,0,0,0,1,1,6,1,33,6,1299,1,17,2,1,2
2017471701747,1,11,0,9,0,8,0,0,0,0,1,2,6,1,56,9,-1,-1,-1,-1,-1,-1
2017471701747,2,19,0,18,0,8,1,0,0,0,4,1,1,1,51,8,1997,2,12,7,1,7
2017471701750,1,9,0,18,0,1,0,0,0,0,1,1,2,2,46,8,1422,2,7,5,1,5
2017471701750,2,9,0,10,0,1,0,0,0,0,2,1,2,2,23,5,1149,1,15,8,3,8
2017471701751,1,9,0,18,0,4,0,0,0,0,1,1,2,2,19,4,998,1,6,4,1,4
2017471701751,2,1,0,9,0,8,0,0,0,0,1,1,6,1,19,4,-1,-1,-1,7,1,7
2017471701752,1,9,0,18,0,0,1,0,0,0,1,1,1,1,31,6,-1,-1,-1,10,1,10
2017471701752,2,9,0,18,0,0,1,0,0,0,1,1,2,2,52,8,1368,1,8,5,1,5
2017471701752,3,9,0,18,0,0,1,0,0,0,1,1,2,2,50,8,1149,1,13,7,1,7
2017471701752,4,9,0,4,0,0,0,0,0,0,2,1,1,2,43,7,1999,2,1,7,1,7
2017471701753,1,19,0,4,0,1,0,0,0,0,1,1,2,1,58,9,1753,2,13,6,2,6
2017471701753,2,9,0,4,0,1,0,0,0,0,2,1,6,2,48,8,1299,1,13,8,3,8
2017471701754,1,9,0,18,0,0,1,6,7,0,1,1,6,1,28,6,-1,-1,-1,-1,-1,-1
2017471701755,1,9,0,18,0,4,0,0,0,0,1,1,1,1,43,7,1596,1,1,6,1,6
2017471701755,2,1,0,18,0,8,0,0,0,0,1,1,1,1,48,8,-1,-1,-1,4,1,4
2017471701757,1,9,0,5,0,8,0,0,0,0,1,1,6,2,26,6,1679,1,18,-1,-1,-1
2017471701757,2,4,0,18,0,8,0,0,0,0,3,1,6,1,27,6,499,1,17,6,2,6
2017471701759,1,9,0,15,0,3,0,0,0,0,1,1,6,1,96,11,1198,1,3,3,1,3
2017471701759,2,1,0,11,0,8,0,0,0,0,4,1,6,2,30,6,-1,-1,-1,3,1,3
2017471701760,1,9,0,9,0,6,0,0,0,0,1,1,2,1,23,5,1124,1,14,1,1,1
2017471701760,2,9,0,17,0,1,0,0,0,0,1,1,6,1,39,7,1598,1,19,3,1,3
2017471701761,1,19,0,9,0,6,0,0,0,0,1,1,1,1,41,7,2198,2,4,4,1,4
2017471701761,2,4,0,14,0,1,1,0,0,0,1,1,2,1,48,8,398,1,24,4,1,4
2017471701764,1,9,0,17,0,0,1,0,0,0,1,1,6,1,40,7,1598,1,16,10,2,10
2017471701764,2,9,0,4,0,0,0,0,0,0,2,1,1,2,41,7,1598,1,7,9,2,9
2017471701764,3,9,0,18,0,0,0,0,0,0,0,1,6,3,-1,-1,-1,-1,-1,-1,-1,-1
2017471701765,1,9,0,18,0,0,1,0,0,0,1,1,2,2,21,5,1997,1,11,10,1,10
2017471701765,2,9,0,4,0,0,1,0,0,0,2,1,2,1,54,8,1197,1,1,8,1,8
2017471701768,1,9,0,18,0,0,0,0,0,0,1,1,6,1,36,7,1390,1,12,10,1,10
2017471701768,2,9,0,4,0,0,0,0,0,0,2,1,6,2,55,8,1242,1,2,10,1,10
2017471701768,3,9,0,4,0,0,0,0,0,0,2,1,6,1,46,8,3199,1,15,10,1,10
2017471701769,1,1,0,18,0,0,0,0,0,0,1,1,6,1,14,3,-1,-1,-1,6,1,6
2017471701769,2,9,0,18,0,0,1,0,0,0,4,1,6,1,24,5,1388,1,15,6,1,6
2017471701770,1,9,0,18,0,1,0,0,0,0,1,1,6,1,55,8,899,1,3,7,3,7
2017471701770,2,9,0,3,0,1,0,0,1,0,2,1,6,2,45,7,1242,1,10,7,3,7
2017471701771,1,9,0,18,0,0,0,0,0,0,1,1,6,2,27,6,1968,2,7,5,3,5
2017471701771,2,9,0,18,0,0,0,0,0,0,2,1,6,1,18,4,998,1,3,10,1,10
2017471701771,3,9,0,4,0,0,0,0,0,0,0,1,6,1,40,7,-1,-1,-1,-1,-1,-1
2017471701775,1,9,0,9,0,5,0,0,0,0,4,1,6,2,20,4,1339,1,14,5,1,5
2017471701775,2,1,0,18,0,5,0,0,0,0,3,1,6,1,54,8,-1,-1,-1,5,1,5
2017471701779,1,9,0,18,0,0,0,0,0,0,1,1,6,1,32,6,1242,1,14,10,2,10
2017471701779,2,9,0,3,0,0,0,0,0,0,2,1,6,1,22,5,1796,1,23,6,1,6
2017471701779,3,9,0,3,0,0,0,0,0,0,2,1,6,1,40,7,1560,2,6,9,1,9
2017471701780,1,9,0,17,0,0,0,0,0,0,1,1,6,2,38,7,1896,2,16,7,1,7
2017471701780,2,9,0,18,0,0,0,0,0,0,1,1,6,1,44,7,1598,1,13,3,1,3
2017471701782,1,9,0,9,0,6,0,0,0,0,3,1,6,2,72,10,2401,2,11,8,3,8
2017471701782,2,9,0,18,0,8,0,0,0,0,1,1,6,1,20,4,1299,1,13,7,1,7
2017471701785,1,19,0,9,0,6,0,0,0,0,4,1,1,1,40,7,1461,2,9,2,1,2
2017471701785,2,9,0,18,0,1,0,0,0,0,3,1,6,2,67,10,1299,1,12,2,1,2
2017471701788,1,19,0,4,0,1,0,0,0,0,1,1,6,1,40,7,2402,2,15,4,1,4
2017471701788,2,9,0,4,0,1,0,0,0,0,2,1,6,2,53,8,1200,1,2,7,1,7
2017471701789,1,9,0,14,0,0,0,0,0,0,3,1,6,1,70,10,1598,1,10,-1,-1,-1
2017471701789,2,1,0,18,0,0,0,0,0,0,3,1,1,1,36,7,-1,-1,-1,10,2,10
2017471701789,3,19,0,2,0,0,0,0,0,0,0,1,6,3,-1,-1,-1,-1,-1,-1,-1,-1
2017471701791,1,5,0,17,0,0,1,11,0,0,1,1,6,1,47,8,1402,1,12,7,1,7
2017471701793,1,9,0,9,0,1,0,0,0,0,3,1,2,1,51,8,1499,1,-1,2,1,2
2017471701793,2,5,0,13,0,1,0,0,0,0,4,1,6,1,33,6,1170,1,1,5,1,5
2017471701794,1,9,0,18,0,1,0,0,0,0,1,1,6,3,-1,-1,-1,-1,-1,-1,-1,-1
2017471701796,1,9,0,18,0,0,0,4,0,0,1,1,2,2,21,5,1796,1,13,4,1,4
2017471701796,2,9,0,2,0,0,0,0,0,0,2,1,6,3,-1,-1,1998,2,10,-1,-1,-1
2017471701798,1,11,0,5,0,0,0,0,0,0,0,1,1,1,53,8,9000,2,8,1,1,1
2017471701799,1,9,0,18,0,1,0,0,0,0,1,1,6,2,57,9,1596,1,16,9,1,9
2017471701799,2,9,0,18,0,1,0,0,0,0,2,1,6,1,35,6,995,1,8,3,1,3
2017471701802,1,21,0,7,0,1,0,0,0,0,4,1,1,1,45,7,6700,2,1,2,1,2
2017471701802,2,1,0,3,0,8,0,0,0,0,3,1,2,2,47,8,-1,-1,-1,6,1,6
2017471701803,1,9,0,9,0,5,0,0,0,0,4,1,6,2,66,10,2498,1,23,8,3,8
2017471701803,2,9,0,18,0,1,1,0,0,0,1,1,6,1,40,7,1388,1,11,9,2,9
2017471701804,1,1,0,17,0,0,0,0,0,0,0,1,6,1,57,9,-1,-1,-1,6,3,6
2017471701805,1,5,0,18,0,0,1,0,0,0,3,1,6,1,59,9,1130,1,15,1,1,1
2017471701806,1,9,0,5,0,1,0,0,0,0,1,1,1,1,40,7,1997,2,1,2,1,2
2017471701806,2,9,0,4,0,1,0,0,0,0,2,1,6,2,26,6,1198,1,5,7,1,7
2017471701806,3,9,0,16,0,1,0,0,0,0,0,1,6,1,30,6,-1,-1,-1,-1,-1,-1
2017471701806,4,9,0,16,0,1,0,0,0,0,0,1,6,3,30,6,-1,-1,-1,-1,-1,-1
2017471701807,1,9,0,5,0,6,0,0,0,0,0,1,6,2,43,7,1600,1,9,10,2,10
2017471701807,2,9,0,18,0,1,1,0,1,0,1,1,6,2,27,6,2143,2,1,9,1,9
2017471701809,1,8,0,2,0,2,0,0,0,0,3,1,1,1,48,8,1560,2,2,1,1,1
2017471701809,2,1,0,18,0,1,0,0,0,0,0,1,6,1,62,9,-1,-1,-1,6,1,6
2017471701810,1,9,0,7,0,4,0,0,0,0,4,1,1,2,30,6,1299,1,10,4,1,4
2017471701810,2,1,0,18,0,8,0,0,0,0,1,1,6,1,20,4,-1,-1,-1,6,1,6
2017471701811,1,3,0,18,0,1,0,0,0,0,1,1,2,1,48,8,124,1,4,8,1,8
2017471701815,1,9,0,11,0,1,0,0,0,0,0,1,6,3,50,8,-1,-1,-1,-1,-1,-1
2017471701815,2,11,0,18,0,8,0,0,0,0,0,1,1,1,50,8,9000,2,13,2,1,2
2017471701816,1,9,0,18,0,0,0,0,0,0,4,1,6,1,55,8,1368,1,1,4,1,4
2017471701817,1,1,0,18,0,0,0,0,0,0,1,1,6,1,18,4,-1,-1,-1,1,1,1
2017471701817,2,9,0,3,0,0,0,0,0,0,2,1,6,1,56,9,-1,-1,-1,3,1,3
2017471701818,1,5,0,18,0,4,1,10,0,0,1,1,6,1,63,9,1284,1,13,8,3,8
2017471701820,1,9,0,16,0,0,0,0,7,10,1,1,6,1,29,6,1242,1,11,5,3,5
2017471701822,1,9,0,4,0,1,0,0,0,0,0,1,6,2,20,4,-1,-1,-1,-1,-1,-1
2017471701822,2,11,0,4,0,1,0,0,0,0,0,1,1,1,51,8,5132,2,2,4,1,4
2017471701826,1,9,0,18,0,0,0,0,0,0,4,1,6,2,29,6,1598,1,11,3,1,3
2017471701826,2,1,0,18,0,0,0,0,0,0,3,1,6,1,36,7,-1,-1,-1,5,1,5
2017471701826,3,9,0,18,0,0,0,0,0,0,0,1,1,2,41,7,1997,2,4,4,1,4
2017471701827,1,9,0,18,0,0,0,0,0,0,1,1,6,1,23,5,1490,1,12,6,1,6
2017471701827,2,9,0,18,0,0,0,0,0,0,4,1,6,1,31,6,2435,1,21,4,2,4