Accident_Index,Vehicle_Reference,Vehicle_Type,Towing_and_Articulation,Vehicle_Manoeuvre,Vehicle_Location-Restricted_Lane,Junction_Location,Skidding_and_Overturning,Hit_Object_in_Carriageway,Vehicle_Leaving_Carriageway,Hit_Object_off_Carriageway,1st_Point_of_Impact,Was_Vehicle_Left_Hand_Drive?,Journey_Purpose_of_Driver,Sex_of_Driver,Age_of_Driver,Age_Band_of_Driver,Engine_Capacity_(CC),Propulsion_Code,Age_of_Vehicle,Driver_IMD_Decile,Driver_Home_Area_Type,Vehicle_IMD_Decile
2017471701827,3,9,0,18,0,0,0,0,0,0,3,1,6,1,32,6,1364,1,1,1,1,1
2017471701828,1,9,0,18,0,8,0,0,0,0,3,1,6,2,50,8,1975,1,7,4,1,4
2017471701828,2,1,0,6,0,8,0,0,0,0,1,1,6,1,47,8,-1,-1,-1,9,1,9
2017471701829,1,5,0,16,0,1,1,0,0,0,1,1,6,1,58,9,999,1,8,3,1,3
2017471701829,2,9,0,9,0,8,0,0,0,0,3,1,6,1,28,6,1398,1,3,7,3,7
2017471701830,1,9,0,18,0,0,0,0,0,0,4,1,1,3,-1,-1,-1,-1,-1,-1,-1,-1
2017471701830,2,1,0,18,0,0,0,0,1,0,3,1,6,1,47,8,-1,-1,-1,3,1,3
2017471701831,1,9,0,18,0,0,0,0,0,0,1,1,6,2,28,6,1598,1,18,7,2,7
2017471701831,2,1,0,18,0,0,0,0,0,0,2,1,6,1,42,7,-1,-1,-1,5,3,5
2017471701832,1,9,0,18,0,0,0,0,0,0,1,1,6,2,70,10,1461,2,7,6,1,6
2017471701832,2,9,0,4,0,0,0,0,8,10,2,1,6,1,38,7,1598,1,9,4,1,4
2017471701832,3,21,0,4,0,0,0,0,0,0,0,1,1,3,-1,-1,-1,-1,-1,-1,-1,-1
2017471701834,1,4,0,18,0,0,1,0,0,0,1,1,6,1,38,7,998,1,7,3,1,3
2017471701834,2,4,0,18,0,0,0,10,1,0,1,1,6,1,43,7,998,1,11,3,1,3
2017471701835,1,1,0,9,0,2,0,0,0,0,3,1,6,1,20,4,-1,-1,-1,5,2,5
2017471701835,2,9,0,18,0,2,0,0,0,0,1,1,6,2,77,11,1870,2,11,8,1,8
2017471701836,1,9,0,4,0,1,0,0,0,0,1,1,6,2,86,11,1389,1,12,6,1,6
2017471701836,2,9,0,4,0,1,0,0,0,0,0,1,6,2,43,7,1984,2,6,8,1,8
2017471701838,1,9,0,18,0,8,0,0,0,0,4,1,6,1,42,7,3628,2,7,10,1,10
2017471701838,2,1,0,18,4,1,0,0,0,0,1,1,6,1,47,8,-1,-1,-1,5,1,5
2017471701839,1,9,0,18,0,1,5,0,1,9,1,1,6,2,25,5,1329,1,8,5,2,5
2017471701839,2,9,0,10,0,8,0,0,0,0,2,1,6,1,62,9,1998,1,4,10,2,10
2017471701841,1,9,0,9,0,8,0,0,0,0,1,1,6,1,35,6,1124,1,10,-1,-1,-1
2017471701841,2,9,0,18,0,8,0,0,0,0,4,1,2,1,25,5,1598,1,15,6,1,6
2017471701842,1,9,0,18,0,0,0,0,0,0,1,1,6,1,30,6,-1,-1,-1,-1,-1,-1
2017471701842,2,1,0,18,0,0,0,0,0,0,2,1,6,1,16,4,-1,-1,-1,6,1,6
2017471701843,1,9,0,7,0,6,0,0,0,0,1,1,6,1,41,7,1796,1,11,7,1,7
2017471701843,2,9,0,7,0,6,0,0,0,0,2,1,6,2,29,6,1149,1,15,6,1,6
2017471701845,1,8,0,18,0,1,0,0,0,0,1,1,1,1,57,9,1997,2,5,2,1,2
2017471701845,2,9,0,10,0,1,0,0,0,0,2,1,6,2,47,8,996,1,5,5,1,5
2017471701846,1,9,0,9,0,8,0,0,0,0,4,2,6,1,40,7,1248,1,5,8,1,8
2017471701846,2,5,0,18,0,8,0,0,0,0,1,1,6,1,39,7,885,1,20,3,1,3
2017471701848,1,9,0,7,0,8,0,0,0,0,3,1,6,2,82,11,998,1,5,8,1,8
2017471701848,2,1,0,18,0,8,0,0,0,0,1,1,6,1,18,4,-1,-1,-1,8,1,8
2017471701849,1,9,0,9,0,6,0,0,0,0,1,1,6,2,32,6,1248,1,7,10,3,10
2017471701849,2,3,0,18,0,1,0,0,7,0,4,1,6,1,23,5,125,1,2,7,1,7
2017471701850,1,5,0,17,0,0,0,0,1,2,1,1,6,1,36,7,599,1,18,6,1,6
2017471701856,1,9,0,17,0,0,1,0,1,4,1,1,6,1,31,6,1560,2,4,8,1,8
2017471701857,1,9,0,11,0,0,0,0,0,0,1,1,6,2,52,8,1560,2,4,6,1,6
2017471701858,1,9,0,5,8,0,0,0,0,0,1,1,6,1,22,5,1600,1,15,9,1,9
2017471701858,2,9,0,18,0,0,0,0,0,0,4,1,6,1,44,7,1598,1,2,7,1,7
2017471701859,1,9,0,17,0,0,1,0,7,2,1,1,6,1,60,9,1242,1,10,4,1,4
2017471701860,1,1,0,18,9,8,0,0,0,0,1,1,6,1,14,3,-1,-1,-1,7,1,7
2017471701860,2,9,0,10,0,8,0,0,0,0,2,1,6,1,79,11,1560,2,6,7,1,7
2017471701861,1,9,0,4,0,1,0,0,0,0,1,1,6,1,52,8,2993,2,8,1,1,1
2017471701861,2,9,0,3,0,1,0,0,0,0,2,1,6,2,56,9,1586,1,9,7,1,7
2017471701862,1,9,0,5,0,4,0,0,0,0,1,1,6,1,40,7,-1,-1,-1,-1,-1,-1
2017471701862,2,9,0,5,0,4,0,0,0,0,3,1,1,2,30,6,1560,2,3,4,1,4
2017471701865,1,11,0,2,0,0,0,0,0,0,0,1,1,1,45,7,-1,-1,-1,2,1,2
2017471701870,1,5,0,18,0,0,0,0,1,1,1,1,6,1,51,8,598,1,28,4,1,4
2017471701871,1,9,0,6,0,0,0,0,4,6,1,1,6,1,17,4,1499,1,2,3,1,3
2017471701871,2,9,0,18,0,0,0,0,0,0,0,1,6,2,44,7,1796,1,13,5,1,5
2017471701872,1,1,0,18,0,0,0,0,0,0,1,1,6,1,53,8,-1,-1,-1,4,1,4
2017471701872,2,19,0,18,0,0,0,0,0,0,4,1,2,1,27,6,2402,2,9,5,1,5
2017471701872,3,1,0,18,9,0,0,0,0,0,0,1,6,2,49,8,-1,-1,-1,4,1,4
2017471701873,1,9,0,16,0,4,0,0,0,0,3,1,6,1,42,7,1560,2,1,9,1,9
2017471701873,2,9,0,17,0,8,0,10,7,7,4,1,6,1,64,9,1998,1,11,10,1,10
2017471701874,1,9,0,18,0,0,5,0,0,0,1,1,6,1,20,4,1398,2,12,10,1,10
2017471701874,2,9,0,18,0,0,0,0,0,0,1,1,6,2,25,5,1299,1,16,2,1,2
2017471701876,1,17,4,1,0,8,0,0,0,4,2,1,6,1,-1,-1,-1,-1,-1,-1,-1,-1
2017471701876,2,9,0,2,0,8,0,0,0,0,0,1,6,1,79,11,1198,1,13,8,1,8
2017471701877,1,19,0,14,0,0,0,0,0,0,3,1,1,1,37,7,1248,2,1,1,1,1
2017471701877,2,9,0,18,0,0,0,0,0,0,3,1,6,2,78,11,2953,2,14,7,3,7
2017471701877,3,9,0,2,0,0,0,0,0,0,0,1,6,3,-1,-1,-1,-1,-1,-1,-1,-1
2017471701878,1,9,0,18,0,0,0,0,1,4,1,1,2,1,46,8,1560,2,8,6,3,6
2017471701879,1,20,0,4,0,1,0,0,0,0,1,1,1,1,55,8,4250,2,7,8,1,8
2017471701879,2,9,0,10,0,8,0,0,0,0,2,1,6,2,51,8,1490,1,10,7,3,7
2017471701882,1,9,0,13,0,0,2,0,1,11,1,1,6,1,49,8,1794,1,15,6,1,6
2017471701882,2,9,0,18,0,0,0,0,0,0,0,1,6,3,-1,-1,-1,-1,-1,-1,-1,-1
2017471701882,3,9,0,13,0,0,0,0,0,0,0,1,6,3,-1,-1,-1,-1,-1,-1,-1,-1
2017471701883,1,9,0,18,0,0,0,0,0,0,2,1,6,1,40,7,2967,2,10,9,1,9
2017471701883,2,19,0,18,0,0,0,0,0,0,1,1,1,1,31,6,1560,2,3,9,1,9
2017471701884,1,9,0,12,0,3,0,0,0,0,3,1,6,1,60,9,4999,1,-1,9,3,9
2017471701884,2,4,0,11,0,3,0,0,0,0,4,1,6,1,29,6,649,1,15,3,1,3
2017471701887,1,19,0,18,0,0,0,0,0,0,1,1,1,1,55,8,-1,-1,-1,3,1,3
2017471701889,1,9,0,7,0,5,0,0,0,0,4,1,6,2,21,5,998,1,2,6,1,6
2017471701889,2,1,0,8,0,1,0,0,0,0,1,1,6,2,45,7,-1,-1,-1,7,1,7
2017471701890,1,9,0,18,0,6,0,0,0,0,1,1,6,1,80,11,1198,1,15,10,2,10
2017471701890,2,3,0,18,0,1,0,0,1,0,3,1,6,2,20,4,124,1,2,3,1,3
2017471701891,1,3,0,18,0,1,0,0,0,0,1,1,6,1,20,4,-1,-1,-1,2,1,2
2017471701892,1,9,0,18,0,0,0,0,0,0,1,1,6,1,34,6,1988,1,15,4,1,4
2017471701892,2,3,0,3,0,0,0,0,0,0,4,1,6,1,29,6,125,1,1,7,1,7
2017471701893,1,11,0,18,0,8,0,0,0,0,0,1,1,1,42,7,9000,2,8,7,1,7
2017471701900,1,20,0,18,0,8,0,0,0,0,1,1,1,1,71,10,2402,2,9,3,1,3
2017471701900,2,8,0,4,0,8,0,0,0,0,2,1,2,2,58,9,1598,1,14,5,1,5
2017471701906,1,19,0,9,0,4,0,0,0,0,1,1,2,1,50,8,1896,2,9,6,1,6
2017471701906,2,3,0,18,0,8,0,0,0,0,1,1,2,1,20,4,125,1,1,4,1,4
2017471701910,1,19,0,14,0,8,0,0,7,0,1,1,1,1,28,6,2143,2,1,4,1,4
2017471701910,2,9,0,18,0,8,0,0,1,0,1,1,6,1,32,6,3430,1,30,10,1,10
2017471701910,3,19,0,10,0,5,0,0,0,0,0,1,6,1,-1,-1,-1,-1,-1,-1,-1,-1
2017471701916,1,9,0,9,0,5,0,0,0,0,1,1,2,2,56,9,1995,2,3,5,1,5
2017471701916,2,9,0,3,0,1,0,0,0,0,0,1,6,1,-1,-1,-1,-1,-1,-1,-1,-1
2017471701918,1,3,0,9,0,8,0,0,0,0,4,1,6,1,22,5,124,1,1,-1,-1,-1
2017471701918,2,9,0,18,0,1,0,0,0,0,1,1,6,2,51,8,1598,2,2,2,1,2
2017471701919,1,9,0,17,0,1,0,0,0,0,1,1,6,1,64,9,1896,2,12,6,1,6
2017471701919,2,9,0,16,0,2,0,0,0,0,1,1,1,1,54,8,-1,-1,-1,7,1,7
2017471701921,1,19,0,18,0,2,0,0,1,11,1,1,6,1,44,7,2402,2,6,2,1,2
2017471701922,1,19,0,18,0,0,5,0,2,11,1,1,6,1,42,7,2198,2,9,6,3,6
2017471701923,1,9,0,5,0,4,0,0,0,0,1,1,6,1,52,8,-1,-1,-1,7,1,7
2017471701923,2,1,0,18,0,8,0,0,0,0,2,1,6,1,71,10,-1,-1,-1,8,1,8
2017471701924,1,9,0,18,0,2,1,0,1,2,3,1,6,1,20,4,1995,1,10,5,1,5
2017471701925,1,9,0,16,0,0,5,0,1,11,1,1,6,2,45,7,1896,2,18,6,3,6
2017471701926,1,9,0,9,0,6,0,0,0,0,1,1,2,1,55,8,1686,2,13,7,1,7
2017471701926,2,1,0,18,0,8,0,0,0,0,1,1,2,1,47,8,-1,-1,-1,10,1,10
2017471701929,1,9,0,5,0,6,0,0,0,0,1,1,6,1,22,5,1598,1,10,5,1,5
2017471701929,2,1,0,18,0,8,0,0,0,0,1,1,6,1,74,10,-1,-1,-1,4,1,4
2017471701931,1,9,0,4,0,1,0,0,0,0,1,1,6,2,73,10,1597,1,8,6,1,6
2017471701931,2,9,0,3,0,1,0,0,0,0,2,1,6,1,30,6,1798,1,7,5,1,5
2017471701936,1,9,0,18,0,8,0,0,0,0,3,1,6,3,-1,-1,-1,-1,-1,-1,-1,-1
2017471701936,2,19,0,18,0,8,0,0,0,0,3,1,6,2,48,8,1997,2,5,8,3,8
2017471701940,1,9,0,18,0,3,0,0,0,0,0,1,6,1,50,8,-1,-1,-1,5,2,5
2017471701941,1,9,0,7,8,6,0,0,0,0,1,1,6,2,27,6,1598,1,1,5,3,5
2017471701941,2,9,0,18,0,1,0,0,0,0,4,1,6,2,34,6,1999,2,2,7,1,7
2017471701941,3,9,0,4,0,1,0,0,0,0,0,1,6,1,30,6,-1,-1,-1,-1,-1,-1
2017471701942,1,8,0,18,0,1,0,0,0,0,1,1,1,1,36,7,1560,2,4,4,1,4
2017471701942,2,9,0,7,0,5,0,0,0,0,2,1,6,2,25,5,-1,-1,-1,-1,-1,-1
2017471701943,1,19,0,5,0,6,0,0,0,0,1,1,1,1,52,8,2299,2,5,7,1,7
2017471701943,2,3,0,18,0,1,0,0,0,0,1,1,2,1,23,5,124,1,37,3,1,3
2017471701944,1,9,0,17,0,0,2,0,2,10,1,1,2,1,24,5,1229,1,11,1,1,1
2017471701945,1,1,0,18,0,8,0,0,0,0,1,1,6,1,53,8,-1,-1,-1,9,1,9
2017471701945,2,9,0,7,0,8,0,0,0,0,4,1,6,1,60,9,1956,2,1,9,2,9
2017471701946,1,9,0,18,0,0,5,0,8,10,1,1,6,1,22,5,1124,1,15,2,1,2
2017471701946,2,9,0,18,0,0,0,0,0,0,1,1,6,1,33,6,1598,1,8,6,3,6
2017471701947,1,3,0,18,0,0,0,0,0,0,1,1,6,1,47,8,125,1,4,2,1,2
2017471701950,1,9,0,18,0,0,2,4,0,0,1,1,2,1,26,6,1242,1,2,8,1,8
2017471701950,2,9,0,2,0,0,0,0,0,0,1,1,6,3,-1,-1,1995,2,12,-1,-1,-1
2017471701950,3,9,0,2,0,0,0,0,0,0,1,1,6,3,-1,-1,2835,2,21,-1,-1,-1
2017471701950,4,9,0,2,0,0,0,0,0,0,1,1,6,3,-1,-1,1364,2,10,-1,-1,-1
2017471701955,1,9,0,9,0,5,0,0,0,0,2,1,6,1,36,7,1895,1,17,6,3,6
2017471701955,2,19,0,18,0,1,0,0,0,0,1,1,6,1,62,9,2496,2,22,3,1,3
2017471701956,1,9,0,13,0,1,0,0,7,2,1,1,6,2,31,6,1598,1,16,8,3,8
2017471701956,2,9,0,4,0,1,0,0,0,0,0,1,6,2,39,7,1686,2,12,9,1,9
2017471701957,1,9,0,4,0,0,0,0,0,0,1,1,6,1,23,5,1999,1,11,10,2,10
2017471701957,2,9,0,4,0,0,0,0,0,0,2,1,6,2,47,8,2143,2,4,10,1,10
2017471701959,1,9,0,5,0,4,0,0,0,0,2,1,6,3,-1,-1,1997,2,3,-1,-1,-1
2017471701959,2,5,0,18,0,8,0,0,0,0,3,1,6,1,52,8,-1,-1,-1,2,1,2
2017471701960,1,9,0,9,0,8,0,0,0,0,1,1,6,2,32,6,1242,1,4,1,1,1
2017471701960,2,1,0,18,4,8,0,0,0,0,2,1,6,1,19,4,-1,-1,-1,5,1,5
2017471701961,1,5,0,17,0,0,0,0,1,0,1,1,6,1,53,8,1170,1,2,10,2,10
2017471701964,1,9,0,7,0,2,0,0,0,0,1,1,6,1,56,9,1598,1,13,4,1,4
2017471701976,1,9,0,9,0,6,0,0,0,0,4,1,6,1,57,9,1989,1,16,7,3,7
2017471701976,2,5,0,18,0,8,0,0,1,0,1,1,6,1,27,6,999,1,2,6,1,6
2017471701977,1,5,0,18,0,1,0,0,0,0,1,1,6,1,68,10,645,1,3,8,1,8
2017471701977,2,9,0,10,0,8,0,0,0,0,2,1,1,2,46,8,999,1,1,6,3,6
2017471701978,1,9,0,18,0,0,0,0,0,0,1,1,6,2,36,7,1596,1,16,2,1,2
2017471701978,2,9,0,18,0,0,0,0,0,0,1,1,6,2,21,5,1598,1,8,6,1,6
2017471701978,3,9,0,18,0,0,0,0,0,0,1,1,6,2,45,7,1997,2,8,7,3,7
2017471701978,4,9,0,4,0,0,0,0,0,0,0,2,6,3,-1,-1,-1,-1,-1,-1,-1,-1
2017471701979,1,1,0,17,0,0,0,4,0,0,1,1,6,2,31,6,-1,-1,-1,3,1,3
2017471701979,2,9,0,2,0,0,0,0,0,0,2,1,1,2,54,8,998,1,15,7,1,7
2017471701980,1,9,0,17,0,1,1,0,3,1,1,1,2,1,30,6,-1,-1,-1,4,1,4
2017471701982,1,11,0,18,0,4,0,0,0,0,1,1,1,1,26,6,9000,2,8,1,1,1
2017471701982,2,19,0,3,0,1,0,0,0,0,2,1,6,2,54,8,-1,-1,-1,10,2,10
2017471701983,1,9,0,18,0,1,0,0,0,0,1,1,6,1,39,7,3301,1,15,3,1,3
2017471701983,2,9,0,18,0,1,0,0,0,0,2,1,6,1,44,7,1461,2,3,6,1,6
2017471701984,1,19,0,18,0,1,1,0,0,0,1,1,6,1,31,6,-1,-1,-1,5,2,5
2017471701984,2,19,0,18,0,1,0,0,0,0,1,1,6,1,25,5,1998,2,14,5,3,5
2017471701984,3,9,0,18,0,1,0,0,0,0,1,1,6,2,36,7,1796,1,15,7,3,7
2017471701984,4,9,0,10,0,1,0,0,0,0,2,1,6,1,52,8,1968,2,5,4,3,4
2017471701986,1,5,0,9,0,4,0,0,0,0,2,1,6,1,68,10,798,1,2,6,1,6
2017471701986,2,9,0,6,0,8,0,0,0,0,3,2,6,2,27,6,1598,1,14,2,1,2
2017471701987,1,3,0,15,0,0,0,0,1,0,3,1,6,1,17,4,125,1,5,3,1,3
2017471701987,2,9,0,4,0,0,0,0,0,0,4,1,6,2,48,8,1197,1,-1,4,1,4
2017471701988,1,5,0,18,0,0,0,0,1,0,4,1,6,1,41,7,599,1,15,3,1,3
2017471701989,1,9,0,5,0,4,0,0,0,0,1,1,6,1,20,4,1461,2,4,8,1,8
2017471701989,2,3,0,3,0,4,0,0,0,0,2,1,6,1,55,8,125,1,-1,6,2,6
2017471701990,1,4,0,13,0,1,1,0,7,0,1,1,6,1,53,8,125,1,1,6,1,6
2017471701990,2,9,0,9,0,5,0,0,7,0,3,1,1,1,64,9,1598,2,4,8,1,8
2017471701992,1,9,0,5,0,6,0,0,0,0,1,1,6,1,80,11,1598,1,12,-1,-1,-1
2017471701992,2,1,0,18,0,8,0,0,0,0,4,1,6,1,52,8,-1,-1,-1,10,1,10
2017471701993,1,9,0,9,0,8,0,0,0,0,3,1,6,1,25,5,1998,1,11,8,2,8
2017471701993,2,9,0,13,0,8,0,10,7,0,4,1,6,2,19,4,1198,1,4,3,3,3
2017471702000,1,1,0,18,0,1,0,0,0,0,1,1,6,1,30,6,-1,-1,-1,7,1,7
2017471702000,2,19,0,2,0,1,0,0,0,0,1,1,6,3,-1,-1,2198,2,9,-1,-1,-1
2017471702001,1,9,0,3,0,4,0,0,0,0,1,1,6,3,30,6,1997,2,7,-1,-1,-1
2017471702001,2,9,0,3,0,4,0,0,0,0,2,1,6,1,25,5,1364,1,9,8,1,8
2017471702004,1,9,0,4,0,8,0,0,0,0,1,1,6,2,40,7,1596,1,8,10,1,10
2017471702004,2,9,0,3,0,8,0,0,0,0,2,1,1,1,29,6,1560,2,1,2,1,2
2017471702005,1,9,0,18,0,0,0,0,0,0,1,1,2,1,59,9,1685,2,2,9,2,9
2017471702005,2,9,0,18,0,0,0,0,0,0,2,1,2,2,24,5,1753,2,11,3,1,3
2017471702005,3,9,0,18,0,0,0,0,0,0,2,1,2,1,47,8,1998,1,18,3,1,3
2017471702010,1,9,0,4,0,0,0,0,0,0,1,1,6,1,35,6,1461,2,2,6,2,6
2017471702010,2,11,0,4,0,0,0,0,0,0,2,1,1,1,27,6,4461,2,1,4,1,4
2017471702011,1,5,0,14,0,0,0,0,0,0,1,1,6,1,29,6,600,1,1,5,1,5
2017471702011,2,9,0,9,0,0,0,0,0,0,2,1,6,2,30,6,998,1,2,4,1,4
2017471702012,1,9,0,9,0,5,0,7,0,0,3,1,6,1,19,4,1242,1,5,7,1,7
2017471702012,2,19,0,18,0,8,0,0,0,0,1,1,6,1,66,10,2198,2,9,5,1,5
2017471702014,1,9,0,7,5,1,0,0,0,0,3,1,1,1,20,4,1149,1,12,8,1,8
2017471702014,2,1,0,18,5,1,0,0,0,0,3,1,2,1,47,8,-1,-1,-1,7,1,7
2017471702015,1,9,0,13,0,8,0,0,0,0,4,1,6,1,31,6,-1,-1,-1,6,3,6
2017471702015,2,1,0,18,0,8,0,0,0,0,0,1,6,1,18,4,-1,-1,-1,8,1,8
2017471702020,1,9,0,7,0,0,0,0,0,0,1,1,6,2,40,7,-1,-1,-1,-1,-1,-1
2017471702022,1,3,0,18,0,8,0,0,0,0,4,1,6,1,71,10,125,1,2,1,1,1
2017471702022,2,9,0,5,0,8,0,0,0,0,0,1,6,1,30,6,1396,1,16,8,1,8
2017471702024,1,9,0,18,0,1,0,12,0,0,4,1,6,1,38,7,1360,1,18,8,1,8
2017471702027,1,9,0,9,0,8,0,0,0,0,1,1,6,1,53,8,-1,-1,-1,-1,-1,-1
2017471702027,2,9,0,18,0,8,0,0,0,0,3,1,1,1,48,8,999,1,1,6,1,6
2017471702028,1,9,0,17,0,0,0,0,7,10,1,1,6,1,30,6,-1,-1,-1,6,3,6
2017471702029,1,9,0,17,0,0,2,0,0,0,4,1,6,1,17,4,1149,1,12,7,1,7
2017471702032,1,19,0,18,0,8,0,0,0,0,2,1,6,1,31,6,1968,2,1,8,2,8
2017471702032,2,9,0,18,0,8,0,0,0,0,1,1,6,2,57,9,1299,1,11,10,1,10
2017471702033,1,1,0,18,0,0,0,0,1,0,4,1,6,1,44,7,-1,-1,-1,8,1,8
2017471702034,1,5,0,17,0,0,0,0,2,10,1,1,6,1,45,7,-1,-1,-1,8,1,8
2017471702034,2,5,0,17,0,0,0,0,0,0,1,1,6,1,61,9,1000,1,9,4,1,4
2017471702036,1,9,0,9,0,6,0,0,0,0,1,1,6,1,64,9,1749,1,13,3,1,3
2017471702036,2,5,0,18,0,8,1,0,0,0,1,1,6,1,25,5,645,1,11,8,1,8
2017471702038,1,9,0,9,0,5,0,0,0,0,1,1,6,1,35,6,1596,1,11,9,1,9
2017471702038,2,5,0,18,0,5,0,0,0,0,4,1,6,1,23,5,1198,1,4,8,3,8
2017471702041,1,9,0,9,0,2,0,0,1,0,1,1,2,1,36,7,1390,1,16,7,1,7
2017471702041,2,20,0,18,0,1,0,0,0,0,1,1,1,1,42,7,12777,2,5,4,1,4
2017471702041,3,9,0,10,0,1,0,0,0,0,3,1,6,2,47,8,1195,1,19,7,1,7
2017471702042,1,1,0,18,0,4,0,0,0,0,0,1,6,2,50,8,-1,-1,-1,7,1,7
2017471702043,1,9,0,9,0,6,0,0,0,0,1,1,1,1,27,6,1590,1,15,-1,-1,-1
2017471702050,1,21,0,17,0,0,2,0,7,4,2,1,1,1,46,8,9290,2,4,8,3,8
2017471702051,1,11,0,5,0,8,0,0,0,0,0,1,1,2,43,7,9360,2,5,9,2,9
2017471702052,1,9,0,18,0,0,0,0,0,0,1,1,6,1,75,10,998,1,5,4,1,4
2017471702054,1,3,0,4,0,1,0,0,0,0,4,1,6,1,25,5,124,1,1,5,1,5
2017471702054,2,9,0,7,0,1,0,0,0,0,4,1,6,1,39,7,1984,1,10,4,1,4
2017471702055,1,9,0,6,0,0,0,0,0,0,3,1,6,2,45,7,1598,2,1,2,1,2
2017471702055,2,5,0,18,0,0,1,0,0,0,1,1,6,1,42,7,998,1,10,4,1,4
2017471702059,1,9,0,18,0,4,0,0,0,0,1,1,6,1,40,7,1951,2,13,7,2,7
2017471702059,2,5,0,9,0,8,1,0,0,0,2,1,6,1,38,7,599,1,14,5,1,5
2017471702060,1,11,0,18,0,1,0,0,2,1,1,1,1,1,71,10,9000,2,8,2,1,2
2017471702060,2,11,0,3,0,1,0,0,0,0,4,1,1,1,41,7,4461,2,2,8,1,8
2017471702061,1,5,0,18,0,0,0,0,1,4,1,1,6,1,50,8,689,1,3,8,1,8
2017471702061,2,9,0,10,0,0,0,0,0,0,0,1,6,1,30,6,-1,-1,-1,-1,-1,-1
2017471702062,1,9,0,18,0,0,2,0,1,2,1,1,6,1,19,4,1149,1,16,2,1,2
2017471702062,2,9,0,18,0,0,2,0,5,6,3,1,6,1,17,4,1400,2,11,7,1,7
2017471702063,1,19,0,18,0,1,0,0,0,0,1,1,1,1,40,7,2299,2,4,6,1,6
2017471702063,2,21,4,4,0,1,0,0,0,0,2,1,1,3,-1,-1,-1,-1,-1,-1,-1,-1
2017471702064,1,9,0,5,0,2,0,0,0,0,1,1,6,2,45,7,-1,-1,-1,-1,-1,-1
2017471702065,1,5,0,18,0,8,0,0,0,0,1,1,6,1,41,7,800,1,1,10,1,10
2017471702065,2,9,0,10,0,8,0,0,0,0,2,1,6,2,42,7,1242,1,17,7,1,7
2017471702066,1,9,0,16,0,8,0,0,0,0,4,1,6,1,68,10,998,1,11,8,1,8
2017471702067,1,9,0,9,0,6,0,0,0,0,1,1,6,2,17,4,1229,1,10,6,3,6
2017471702067,2,9,0,18,0,1,0,0,0,0,1,1,6,2,29,6,1360,1,15,5,3,5
2017471702068,1,19,0,9,0,6,0,0,0,0,1,1,2,1,63,9,2198,2,8,3,1,3
2017471702068,2,3,0,18,0,8,0,0,0,0,1,1,6,1,18,4,125,1,2,10,3,10
2017471702070,1,9,0,9,0,5,0,0,0,0,4,1,6,1,18,4,1229,1,2,9,1,9
2017471702070,2,9,0,18,0,8,0,0,0,0,1,1,6,1,28,6,1242,1,12,10,1,10
2017471702076,1,9,0,13,0,0,0,0,0,0,3,1,6,3,-1,-1,-1,-1,-1,-1,-1,-1
2017471702076,2,9,0,18,0,0,0,0,0,0,3,1,6,1,28,6,1998,1,13,6,1,6
2017471702076,3,9,0,18,0,0,0,0,0,0,0,1,6,3,-1,-1,-1,-1,-1,-1,-1,-1
2017471702077,1,9,0,9,0,1,0,0,0,0,3,1,6,2,21,5,1149,1,14,3,1,3
2017471702077,2,5,0,18,0,1,0,0,0,0,1,1,6,1,28,6,656,1,10,2,1,2
2017471702078,1,9,0,18,0,4,0,0,0,0,3,1,6,2,18,4,1390,1,21,9,2,9
2017471702078,2,5,0,18,0,4,0,0,0,0,1,1,6,1,26,6,998,1,1,7,3,7
2017471702079,1,9,0,18,0,0,0,0,0,0,1,1,6,2,20,4,998,1,1,6,1,6
2017471702079,2,19,4,18,0,0,0,0,0,0,2,1,1,1,30,6,2287,2,3,3,1,3
2017471702081,1,9,0,18,0,4,0,0,0,0,1,1,6,2,26,6,998,1,2,9,1,9
2017471702081,2,9,0,18,0,4,0,0,0,0,2,1,2,2,48,8,1397,1,5,3,1,3
2017471702081,3,4,0,11,0,1,0,0,0,0,0,1,6,1,-1,-1,-1,-1,-1,-1,-1,-1
2017471702083,1,9,0,18,0,0,5,0,3,10,1,1,6,2,21,5,1199,1,16,8,1,8
2017471702084,1,5,0,18,0,0,0,12,0,0,1,1,1,1,51,8,652,1,14,6,1,6
2017471702085,1,9,0,4,0,0,0,0,0,0,1,1,6,1,43,7,1591,1,1,7,1,7
2017471702086,1,19,0,18,0,0,0,0,0,0,3,1,6,1,48,8,1686,2,11,5,2,5
2017471702086,2,3,0,17,0,0,0,0,0,0,1,1,6,1,57,9,125,1,2,4,1,4
2017471702087,1,5,0,13,0,1,0,0,0,0,4,1,6,1,33,6,782,1,2,5,1,5
2017471702087,2,9,0,9,0,1,0,0,0,0,3,1,6,1,47,8,1598,2,11,8,1,8
2017471702089,1,9,0,18,0,0,0,0,1,4,1,1,6,1,36,7,1598,1,5,-1,-1,-1
2017471702090,1,9,0,18,0,0,0,0,0,0,1,2,6,2,46,8,-1,-1,-1,-1,-1,-1
2017471702090,2,9,0,18,0,0,0,0,0,0,1,1,6,2,39,7,1699,1,10,3,1,3
2017471702091,1,8,0,9,0,5,0,0,0,0,1,1,1,1,51,8,1956,2,6,1,1,1