Accident_Index,Vehicle_Reference,Vehicle_Type,Towing_and_Articulation,Vehicle_Manoeuvre,Vehicle_Location-Restricted_Lane,Junction_Location,Skidding_and_Overturning,Hit_Object_in_Carriageway,Vehicle_Leaving_Carriageway,Hit_Object_off_Carriageway,1st_Point_of_Impact,Was_Vehicle_Left_Hand_Drive?,Journey_Purpose_of_Driver,Sex_of_Driver,Age_of_Driver,Age_Band_of_Driver,Engine_Capacity_(CC),Propulsion_Code,Age_of_Vehicle,Driver_IMD_Decile,Driver_Home_Area_Type,Vehicle_IMD_Decile
2017471702095,1,9,0,3,0,4,0,0,0,0,1,1,6,1,51,8,1299,1,9,2,1,2
2017471702095,2,9,0,5,0,4,0,0,0,0,2,1,6,1,42,7,1598,1,12,4,1,4
2017471702099,1,9,0,7,0,4,0,0,1,0,3,1,6,1,48,8,1986,2,10,7,1,7
2017471702099,2,8,0,3,0,1,0,0,0,0,4,1,6,2,38,7,1986,2,9,9,1,9
2017471702100,1,9,0,18,0,1,0,0,0,0,1,1,6,1,27,6,2191,2,2,1,1,1
2017471702100,2,9,0,3,0,1,0,0,0,0,2,1,6,2,62,9,1299,1,9,4,1,4
2017471702104,1,2,0,18,0,1,1,0,0,0,3,1,6,1,17,4,125,1,8,3,1,3
2017471702105,1,9,0,9,0,6,0,0,0,0,1,1,6,1,65,9,1242,1,4,8,1,8
2017471702105,2,9,0,4,0,8,0,0,0,0,4,1,2,2,26,6,1149,1,12,9,2,9
2017471702108,1,9,0,5,0,8,0,0,0,0,3,1,6,1,50,8,1796,1,12,3,1,3
2017471702108,2,3,0,18,0,8,0,0,0,0,1,1,6,1,17,4,124,1,1,7,1,7
2017471702111,1,9,0,9,0,6,0,0,0,0,3,1,6,1,23,5,1896,2,14,1,1,1
2017471702111,2,9,0,18,0,8,0,0,0,0,1,1,6,1,43,7,1497,8,10,1,1,1
2017471702115,1,9,0,18,0,4,0,0,0,0,1,1,6,1,40,7,3199,1,15,-1,-1,-1
2017471702117,1,9,0,18,0,8,0,0,1,11,1,1,6,1,18,4,1600,1,19,2,1,2
2017471702118,1,9,0,7,0,8,1,0,7,10,1,1,6,1,23,5,1390,1,12,4,1,4
2017471702122,1,9,0,6,0,1,0,0,0,0,3,1,6,1,31,6,1998,1,10,8,3,8
2017471702122,2,5,0,18,0,1,0,0,0,0,1,1,6,1,22,5,600,1,17,8,3,8
2017471702124,1,9,0,9,0,5,0,0,0,0,3,1,6,1,29,6,1896,2,14,1,1,1
2017471702124,2,9,0,18,0,1,0,0,0,0,4,1,6,2,25,5,1596,1,12,8,1,8
2017471702126,1,3,0,18,0,0,0,0,0,0,0,1,6,1,18,4,125,1,3,4,2,4
2017471702128,1,22,0,18,9,8,0,0,0,0,1,1,6,1,35,6,-1,-1,-1,1,1,1
2017471702129,1,1,0,18,0,0,0,0,0,0,1,1,6,2,53,8,-1,-1,-1,8,3,8
2017471702131,1,9,0,18,0,1,0,0,0,0,4,1,6,1,30,6,1598,1,10,-1,-1,-1
2017471702133,1,22,0,5,9,0,0,0,0,0,1,1,6,1,-1,-1,-1,-1,-1,-1,-1,-1
2017471702134,1,9,0,16,0,0,0,10,7,2,1,1,6,1,52,8,1422,2,8,8,1,8
2017471702135,1,9,0,6,0,8,0,0,0,0,4,1,6,1,40,7,4196,1,8,10,2,10
2017471702135,2,2,0,18,0,8,0,0,0,0,3,1,6,1,50,8,625,1,13,5,1,5
2017471702138,1,9,0,2,0,1,0,0,0,0,3,1,6,2,40,7,-1,-1,-1,-1,-1,-1
2017471702138,2,1,0,15,0,2,0,0,0,0,1,1,6,1,52,8,-1,-1,-1,3,1,3
2017471702139,1,4,0,18,0,0,0,12,0,0,1,1,6,1,66,10,471,1,4,6,1,6
2017471702142,1,9,0,3,0,1,0,0,0,0,1,1,6,1,26,6,1560,2,3,4,1,4
2017471702142,2,9,0,18,0,1,0,0,0,0,4,1,2,1,45,7,1560,2,5,1,1,1
2017471702142,3,19,0,3,9,8,0,0,0,0,0,1,6,1,40,7,-1,-1,-1,-1,-1,-1
2017471702143,1,5,0,16,0,0,0,0,0,0,1,1,6,1,47,8,599,1,7,1,1,1
2017471702143,2,9,0,17,0,0,0,0,0,0,3,1,6,1,46,8,1596,1,7,6,1,6
2017471702144,1,9,0,16,0,0,2,0,7,4,4,1,6,2,25,5,1364,1,12,6,3,6
2017471702147,1,9,0,5,0,2,0,0,0,0,1,1,6,2,48,8,1229,1,9,6,1,6
2017471702147,2,9,0,5,0,2,0,0,0,0,3,1,6,2,43,7,1997,2,6,4,1,4
2017471702148,1,9,0,9,0,8,0,0,0,0,1,1,6,1,89,11,998,1,4,8,1,8
2017471702151,1,9,0,1,0,8,0,0,0,0,2,1,6,1,78,11,2179,2,3,7,3,7
2017471702153,1,9,0,18,0,0,0,0,0,0,1,1,6,3,-1,-1,1895,1,18,-1,-1,-1
2017471702153,2,9,0,3,0,0,0,0,0,0,2,1,6,1,45,7,1956,2,5,5,1,5
2017471702156,1,9,0,18,0,0,0,0,0,0,1,1,6,2,45,7,1368,1,7,2,1,2
2017471702156,2,9,0,18,0,0,0,0,0,0,1,1,6,1,51,8,1796,1,15,4,1,4
2017471702157,1,9,0,6,0,2,0,0,0,0,1,1,6,1,35,6,1900,2,13,3,1,3
2017471702157,2,9,0,18,0,2,0,0,0,0,4,1,6,2,70,10,1596,1,17,7,1,7
2017471702158,1,9,0,18,0,0,1,0,1,2,1,1,1,1,41,7,-1,-1,-1,7,1,7
2017471702158,2,9,0,18,0,0,0,0,0,0,0,1,6,1,57,9,-1,-1,-1,5,1,5
2017471702162,1,9,0,4,0,1,1,0,1,2,1,1,6,1,64,9,1997,2,15,8,1,8
2017471702162,2,9,0,4,0,1,0,0,0,0,0,1,6,3,30,6,-1,-1,-1,-1,-1,-1
2017471702163,1,1,0,4,0,0,1,0,0,0,1,1,6,1,26,6,-1,-1,-1,6,1,6
2017471702163,2,19,0,4,0,0,0,0,0,0,2,1,6,3,30,6,-1,-1,-1,-1,-1,-1
2017471702164,1,9,0,18,0,0,0,0,0,0,1,1,6,1,50,8,-1,-1,-1,1,1,1
2017471702164,2,9,0,18,0,0,0,0,0,0,2,1,6,1,41,7,1781,1,18,7,1,7
2017471702168,1,9,0,5,0,4,5,10,7,1,1,1,6,1,94,11,1595,1,15,7,1,7
2017471702170,1,9,0,18,0,8,0,0,0,0,1,1,6,1,40,7,2982,2,3,6,2,6
2017471702170,2,9,0,10,0,8,0,0,0,0,2,1,6,1,66,10,1598,2,5,4,1,4
2017471702170,3,9,0,18,0,1,0,0,1,0,1,1,6,1,59,9,1896,2,12,8,3,8
2017471702171,1,20,0,18,0,1,0,0,0,0,1,1,6,3,-1,-1,-1,-1,-1,-1,-1,-1
2017471702171,2,9,0,2,0,2,0,0,0,0,0,1,6,3,-1,-1,1870,2,14,-1,-1,-1
2017471702174,1,9,0,18,0,0,0,0,0,0,1,1,1,2,29,6,1598,2,5,6,1,6
2017471702174,2,9,0,18,0,0,0,0,1,0,1,1,6,2,74,10,1198,1,7,10,2,10
2017471702175,1,5,0,18,0,0,0,0,0,0,1,1,6,1,19,4,800,1,4,6,3,6
2017471702175,2,9,0,18,0,0,0,0,0,0,2,1,6,2,54,8,2457,1,9,6,3,6
2017471702176,1,19,0,17,0,0,0,8,0,0,1,1,1,1,47,8,2287,2,5,5,2,5
2017471702176,2,9,0,2,0,0,0,0,0,0,3,1,6,1,33,6,1997,2,9,4,1,4
2017471702178,1,1,0,18,0,6,0,0,0,0,1,1,6,1,13,3,-1,-1,-1,9,1,9
2017471702178,2,9,0,18,0,8,0,0,0,0,1,1,6,2,42,7,998,1,11,6,1,6
2017471702182,1,19,0,17,0,0,1,0,0,0,1,1,1,1,31,6,1870,2,13,6,1,6
2017471702182,2,9,0,4,0,0,0,0,0,0,2,1,2,2,33,6,1299,1,13,4,1,4
2017471702182,3,9,0,3,0,0,0,0,0,0,0,1,1,1,39,7,1997,2,1,6,1,6
2017471702182,4,21,0,3,0,0,0,0,0,0,0,1,1,1,51,8,7146,2,9,8,1,8
2017471702185,1,9,0,9,0,8,0,0,0,0,3,1,6,1,40,7,1124,1,13,3,1,3
2017471702185,2,9,0,10,0,1,0,0,0,0,3,1,6,1,35,6,1124,1,11,3,1,3
2017471702190,1,9,0,18,0,0,0,0,0,0,1,1,6,2,38,7,1587,1,15,6,1,6
2017471702190,2,9,0,12,0,0,0,0,0,0,3,1,6,2,21,5,1461,2,11,9,1,9
2017471702196,1,9,0,6,0,6,0,0,0,0,4,1,6,1,81,11,1329,1,6,8,1,8
2017471702196,2,1,0,18,0,8,0,0,0,0,1,1,6,2,30,6,-1,-1,-1,3,1,3
2017471702197,1,9,0,18,0,0,5,0,0,0,1,1,6,1,83,11,1968,2,7,7,2,7
2017471702197,2,9,0,2,0,0,0,0,0,0,2,1,6,3,-1,-1,1984,1,9,-1,-1,-1
2017471702197,3,9,0,2,0,0,0,0,0,0,1,1,6,3,-1,-1,1587,1,15,-1,-1,-1
2017471702198,1,9,0,16,0,0,1,0,7,11,3,1,6,2,72,10,1198,1,-1,6,2,6
2017471702198,2,9,0,17,0,0,0,0,0,0,3,1,6,2,54,8,1242,1,5,6,2,6
2017471702198,3,9,0,17,0,0,2,0,0,0,3,1,6,2,50,8,4197,1,12,5,3,5
2017471702198,4,9,0,16,0,0,1,0,0,0,1,1,2,1,56,9,1749,1,15,2,1,2
2017471702200,1,9,0,13,0,0,1,0,1,4,1,1,2,1,30,6,2494,1,18,9,1,9
2017471702200,2,9,0,18,0,0,0,0,0,0,0,1,6,3,-1,-1,-1,-1,-1,-1,-1,-1
2017471702202,1,1,0,18,0,8,0,0,0,0,3,1,6,1,71,10,-1,-1,-1,10,1,10
2017471702202,2,9,0,18,0,3,0,0,0,0,1,1,6,1,29,6,1560,2,10,3,1,3
2017471702205,1,4,0,15,0,1,0,0,0,0,1,1,6,1,22,5,125,1,1,7,3,7
2017471702205,2,9,0,18,0,1,0,0,0,0,2,1,6,2,29,6,1197,1,1,6,3,6
2017471702206,1,9,0,5,0,1,0,0,0,0,3,1,6,1,71,10,1395,1,2,7,1,7
2017471702206,2,11,0,8,0,1,0,0,0,0,4,1,1,1,22,5,9000,2,3,7,1,7
2017471702207,1,19,0,2,0,0,0,0,0,0,0,1,6,1,40,7,1461,2,1,7,1,7
2017471702207,2,1,0,16,0,0,0,4,0,0,3,1,6,1,14,3,-1,-1,-1,5,1,5
2017471702207,3,9,0,2,0,0,0,0,0,0,0,1,6,2,31,6,1910,2,11,4,1,4
2017471702209,1,9,0,18,0,4,0,0,0,0,3,1,6,1,45,7,1499,2,-1,7,3,7
2017471702209,2,9,0,18,0,4,0,0,0,0,4,1,6,1,42,7,1800,1,45,4,1,4
2017471702210,1,9,0,18,0,1,0,0,0,0,1,1,6,1,39,7,1998,1,16,2,1,2
2017471702210,2,9,0,6,0,8,0,0,0,0,2,1,6,1,23,5,1197,1,2,6,1,6
2017471702212,1,9,0,18,0,4,2,10,8,2,1,1,6,1,23,5,1598,1,15,7,1,7
2017471702213,1,9,0,17,0,0,1,0,1,9,3,1,6,2,17,4,1493,2,13,5,3,5
2017471702214,1,9,0,6,0,1,0,0,0,0,3,1,1,1,39,7,1198,1,14,2,1,2
2017471702214,2,1,0,18,0,1,0,0,0,0,1,1,1,1,58,9,-1,-1,-1,5,1,5
2017471702216,1,11,0,1,0,5,0,0,0,0,0,2,1,1,57,9,-1,-1,-1,-1,-1,-1
2017471702216,2,1,0,17,0,8,0,10,1,1,1,1,6,1,49,8,-1,-1,-1,7,1,7
2017471702217,1,9,3,15,0,1,0,0,0,0,3,1,6,1,67,10,2497,2,11,2,1,2
2017471702217,2,1,0,10,0,1,0,0,0,0,3,1,6,2,46,8,-1,-1,-1,6,1,6
2017471702218,1,9,0,7,0,3,0,0,0,0,1,1,6,2,82,11,1598,1,6,10,1,10
2017471702218,2,1,0,18,0,8,0,0,0,0,1,1,1,2,61,9,-1,-1,-1,7,1,7
2017471702219,1,9,0,18,0,1,0,0,0,0,1,1,6,2,30,6,999,1,4,-1,-1,-1
2017471702219,2,9,0,3,0,1,0,0,0,0,2,1,6,1,20,4,1398,1,-1,7,1,7
2017471702221,1,5,0,18,0,1,0,0,0,0,1,1,2,1,28,6,599,1,18,4,1,4
2017471702221,2,9,0,18,0,2,0,0,0,0,1,1,6,1,67,10,-1,-1,-1,5,1,5
2017471702222,1,9,0,18,0,0,0,0,7,9,1,1,6,1,38,7,1388,1,14,3,1,3
2017471702222,2,9,0,18,0,0,0,0,0,0,3,1,6,1,51,8,-1,-1,-1,2,1,2
2017471702223,1,20,0,18,0,1,0,0,0,0,1,1,6,1,48,8,-1,-1,-1,6,2,6
2017471702228,1,9,0,16,0,0,0,0,1,4,1,1,6,2,69,10,1197,1,1,8,3,8
2017471702232,1,9,0,18,0,0,0,0,0,0,1,1,6,2,43,7,1599,1,10,4,1,4
2017471702232,2,9,0,3,0,0,0,0,0,0,2,1,6,1,29,6,2656,1,10,5,1,5
2017471702233,1,3,0,18,0,1,0,0,0,0,1,1,6,1,19,4,124,1,1,6,3,6
2017471702233,2,9,0,12,0,1,0,0,0,0,2,1,6,1,41,7,1997,2,7,2,1,2
2017471702238,1,9,0,9,0,6,0,0,0,0,3,1,6,2,86,11,1389,1,12,9,2,9
2017471702238,2,9,0,18,0,8,0,0,0,0,1,1,6,2,62,9,1968,2,5,10,2,10
2017471702239,1,9,0,18,0,8,0,0,0,0,4,1,3,1,32,6,1997,2,14,6,1,6
2017471702240,1,9,0,9,0,6,0,0,0,0,1,1,3,1,46,8,998,1,4,6,3,6
2017471702240,2,5,0,18,0,1,0,0,0,0,1,1,2,1,51,8,1340,1,5,1,1,1
2017471702241,1,11,0,4,0,0,0,0,0,0,0,1,1,1,35,6,9000,2,12,5,1,5
2017471702241,2,8,0,18,0,0,0,0,0,0,0,1,1,1,-1,-1,-1,-1,-1,-1,-1,-1
2017471702243,1,9,0,9,0,5,0,0,0,0,1,1,6,2,69,10,1969,2,2,6,1,6
2017471702243,2,1,0,10,0,6,0,0,0,0,1,1,2,2,40,7,-1,-1,-1,8,1,8
2017471702244,1,9,0,18,0,8,0,0,0,0,3,1,6,2,30,6,1299,1,16,8,2,8
2017471702244,2,1,0,18,0,8,0,0,0,0,4,1,6,1,57,9,-1,-1,-1,9,1,9
2017471702250,1,17,5,7,9,0,0,0,0,0,1,1,1,1,54,8,719,2,1,1,1,1
2017471702250,2,1,0,18,9,0,0,0,0,0,1,1,3,1,10,2,-1,-1,-1,2,1,2
2017471702252,1,9,0,12,0,0,0,0,0,0,0,1,1,1,42,7,1197,1,1,3,1,3
2017471702252,2,5,0,13,0,0,0,0,0,0,1,1,1,1,22,5,1050,1,1,4,1,4
2017471702253,1,9,0,9,0,6,0,0,0,0,1,1,6,2,20,4,998,1,11,6,1,6
2017471702253,2,3,0,18,0,8,0,0,0,0,1,1,6,1,17,4,125,1,1,2,1,2
2017471702256,1,9,0,10,0,6,0,0,0,0,3,1,6,2,91,11,1400,1,11,10,1,10
2017471702256,2,9,0,18,0,1,0,0,0,0,4,1,6,1,22,5,1124,1,15,6,1,6
2017471702259,1,9,0,17,0,0,0,0,0,0,1,1,3,2,35,6,998,1,3,10,1,10
2017471702266,1,9,0,9,0,8,0,0,0,0,4,1,6,1,17,4,1364,1,10,3,1,3
2017471702266,2,9,0,18,0,1,0,0,0,0,4,1,6,1,35,6,1595,1,17,2,1,2
2017471702267,1,21,0,7,0,1,0,0,0,0,4,1,6,1,50,8,-1,-1,-1,-1,-1,-1
2017471702267,2,1,0,18,4,1,0,0,0,0,3,1,6,2,59,9,-1,-1,-1,4,1,4
2017471702268,1,9,0,9,0,5,0,0,0,0,4,1,6,1,35,6,1950,2,-1,-1,-1,-1
2017471702268,2,1,0,18,0,1,0,0,0,0,1,1,6,2,37,7,-1,-1,-1,7,1,7
2017471702270,1,9,0,17,0,0,1,0,1,0,1,1,2,1,38,7,1242,1,5,3,1,3
2017471702272,1,9,0,9,0,2,0,0,0,0,1,1,3,2,35,6,1596,1,11,3,1,3
2017471702272,2,9,0,18,0,8,0,0,0,0,4,1,2,1,24,5,1198,1,6,6,1,6
2017471702275,1,9,0,18,0,7,0,4,0,0,1,1,2,2,23,5,1390,1,5,6,1,6
2017471702275,2,21,1,2,6,1,0,0,0,0,2,1,1,1,25,5,12740,2,9,1,1,1
2017471702275,3,21,0,18,0,1,0,0,0,0,0,1,6,1,-1,-1,-1,-1,-1,-1,-1,-1
2017471702277,1,21,0,18,0,8,1,0,0,0,1,1,1,1,32,6,12777,2,6,7,1,7
2017471702277,2,9,0,18,0,8,0,0,0,0,1,1,6,1,27,6,1360,1,16,10,2,10
2017471702277,3,9,0,9,0,8,0,0,0,0,3,1,6,2,37,7,998,1,5,10,1,10
2017471702278,1,8,0,17,0,1,0,0,0,0,1,1,2,1,27,6,1999,1,15,5,3,5
2017471702278,2,9,0,10,0,1,0,0,0,0,2,1,6,2,46,8,1998,2,2,10,1,10
2017471702280,1,9,0,9,0,8,0,0,0,0,4,1,6,3,-1,-1,-1,-1,-1,-1,-1,-1
2017471702280,2,1,0,7,0,8,0,0,0,0,1,1,2,1,32,6,-1,-1,-1,7,1,7
2017471702283,1,9,0,8,0,1,0,0,0,0,1,1,6,1,34,6,1997,2,9,10,1,10
2017471702283,2,9,0,7,0,1,0,0,0,0,2,1,6,1,26,6,1242,1,3,6,2,6
2017471702284,1,9,0,17,0,0,5,0,2,7,4,1,6,2,18,4,1242,1,2,6,1,6
2017471702285,1,9,0,18,0,8,0,0,0,0,4,1,1,1,56,9,1390,1,7,8,3,8
2017471702285,2,5,0,16,0,8,0,0,0,0,3,1,6,1,59,9,865,1,3,7,2,7
2017471702286,1,9,0,9,0,6,0,0,0,0,1,1,6,2,77,11,1598,1,14,6,1,6
2017471702286,2,9,0,18,0,8,0,10,1,0,1,1,6,1,65,9,2460,2,13,3,1,3
2017471702288,1,9,0,18,0,0,0,10,1,10,1,1,6,2,73,10,998,1,8,10,1,10
2017471702289,1,9,0,9,0,6,0,0,0,0,1,1,6,1,24,5,1900,2,11,4,1,4
2017471702289,2,1,0,18,0,8,0,0,0,0,1,1,6,2,22,5,-1,-1,-1,6,1,6
2017471702290,1,9,0,18,0,2,0,0,0,10,4,1,6,2,56,9,898,1,2,10,1,10
2017471702290,2,8,0,5,0,2,0,0,0,0,1,1,6,1,28,6,-1,-1,-1,7,1,7
2017471702291,1,9,0,18,0,8,0,0,1,10,4,1,6,1,73,10,2179,2,7,5,1,5
2017471702292,1,9,0,18,0,0,0,0,0,0,1,1,3,2,30,6,1587,1,14,9,1,9
2017471702293,1,9,0,9,0,6,0,0,0,0,3,1,6,3,-1,-1,-1,-1,-1,-1,-1,-1
2017471702293,2,3,0,18,0,8,0,0,0,0,4,1,6,1,18,4,124,1,18,7,3,7
2017471702294,1,9,0,18,0,8,0,0,0,1,1,1,6,1,26,6,1398,1,3,8,2,8
2017471702295,1,9,0,17,0,0,5,0,7,0,1,1,6,1,19,4,1149,1,13,10,1,10
2017471702298,1,9,0,7,0,6,0,0,0,0,1,1,1,1,66,10,1596,1,6,7,1,7
2017471702298,2,1,0,18,0,8,0,0,0,0,2,1,4,1,13,3,-1,-1,-1,9,1,9
2017471702299,1,9,0,18,0,2,0,0,0,0,1,1,6,2,18,4,1145,1,11,8,1,8
2017471702299,2,9,0,2,9,1,0,0,0,0,1,1,6,3,-1,-1,-1,-1,-1,-1,-1,-1
2017471702302,1,9,0,1,0,0,0,0,0,0,2,1,6,1,19,4,-1,-1,-1,10,2,10
2017471702303,1,9,0,7,0,2,0,0,0,0,4,1,1,2,28,6,1796,1,12,3,1,3
2017471702304,1,9,0,18,0,1,0,0,0,0,3,1,6,1,83,11,1229,1,6,5,1,5
2017471702306,1,9,0,18,0,1,0,0,0,0,1,1,6,2,80,11,2967,1,18,5,1,5
2017471702306,2,19,0,18,0,1,0,0,0,0,1,1,1,1,70,10,2198,2,3,6,1,6
2017471702306,3,19,0,2,0,1,0,0,0,0,1,1,1,3,-1,-1,1997,2,14,-1,-1,-1
2017471702307,1,9,0,17,0,0,0,0,0,0,3,1,6,2,45,7,1560,2,3,-1,-1,-1
2017471702307,2,9,0,3,0,0,0,0,0,0,3,1,6,2,36,7,2295,1,14,5,1,5
2017471702309,1,9,0,18,0,1,0,0,0,0,1,1,6,1,54,8,1968,2,9,6,3,6
2017471702309,2,9,0,18,0,1,0,0,0,0,2,1,6,1,81,11,-1,-1,-1,8,3,8
2017471702312,1,2,0,9,0,5,0,0,0,0,3,1,6,1,16,4,49,1,3,4,1,4
2017471702312,2,9,0,17,0,1,0,0,0,0,0,1,6,2,29,6,1598,1,12,7,3,7
2017471702316,1,3,0,15,0,1,0,0,0,0,4,1,6,1,24,5,124,1,1,6,1,6
2017471702316,2,9,0,5,0,2,0,0,0,0,1,1,6,1,34,6,1598,1,9,3,1,3
2017471702317,1,9,0,9,0,6,0,0,0,0,1,1,6,2,38,7,1796,2,4,8,1,8
2017471702317,2,5,0,18,0,1,0,0,0,0,3,1,2,1,26,6,645,1,9,5,1,5
2017471702318,1,9,0,18,0,0,0,0,1,11,4,1,6,2,34,6,4398,1,14,6,1,6
2017471702321,1,11,0,14,0,0,0,0,0,0,0,1,1,1,40,7,7300,2,3,4,1,4
2017471702321,2,9,0,4,2,0,0,0,0,0,0,1,6,3,-1,-1,-1,-1,-1,-1,-1,-1
2017471702321,3,9,0,3,2,0,0,0,0,0,0,1,6,1,-1,-1,-1,-1,-1,-1,-1,-1
2017471702322,1,19,0,18,0,1,0,0,0,0,4,1,1,1,32,6,1248,2,1,1,1,1
2017471702325,1,1,0,17,0,2,1,4,0,0,1,1,4,1,14,3,-1,-1,-1,2,1,2
2017471702325,2,9,0,2,0,2,0,0,0,0,2,1,6,3,-1,-1,-1,-1,-1,-1,-1,-1
2017471702327,1,9,0,18,0,1,0,0,0,0,1,1,6,1,21,5,1598,1,16,-1,1,-1
2017471702327,2,9,0,3,0,1,0,0,0,0,2,1,6,2,48,8,1197,1,1,-1,-1,-1
2017471702329,1,9,0,9,0,6,0,0,0,0,3,1,6,2,40,7,1995,2,10,4,1,4
2017471702329,2,9,0,18,0,8,0,0,0,0,1,1,1,1,60,9,1587,1,11,6,3,6
2017471702334,1,9,0,7,0,5,0,0,0,0,1,1,6,1,78,11,2698,2,10,6,1,6
2017471702334,2,21,1,1,0,1,0,0,0,0,0,1,1,1,45,7,-1,-1,-1,7,1,7
2017471702336,1,9,0,18,0,3,0,9,0,0,1,1,6,2,61,9,1798,1,9,5,1,5
2017471702336,2,9,0,18,0,3,0,0,0,0,2,1,6,1,44,7,1995,2,10,8,1,8
2017471702338,1,9,0,1,0,0,0,0,0,0,0,1,3,1,26,6,1598,2,1,4,1,4
2017471702338,2,9,0,3,0,0,0,0,0,0,0,1,6,3,30,6,-1,-1,-1,-1,-1,-1
2017471702339,1,1,0,18,0,6,0,0,0,0,3,1,6,1,68,10,-1,-1,-1,5,1,5
2017471702339,2,19,4,18,0,1,0,0,0,0,4,1,6,1,26,6,2402,2,13,1,1,1
2017471702343,1,9,0,18,0,1,0,0,0,0,1,1,6,1,24,5,2993,2,9,4,1,4
2017471702343,2,19,0,18,0,1,0,0,0,0,2,1,6,1,40,7,1753,2,11,7,1,7
2017471702343,3,3,0,18,0,1,0,0,0,0,2,1,6,2,56,9,125,1,3,3,1,3
2017471702345,1,9,0,5,8,6,0,0,0,0,3,1,6,2,40,7,998,1,6,2,1,2
2017471702346,1,3,0,14,0,0,0,0,0,0,4,1,6,1,18,4,125,1,1,6,3,6
2017471702346,2,9,0,10,0,0,0,0,0,0,3,1,2,1,26,6,2521,1,11,5,2,5
2017471702346,3,9,0,18,0,0,0,0,0,0,0,1,6,1,68,10,1598,1,9,9,2,9
2017471702348,1,9,0,5,0,6,0,0,0,0,1,1,1,1,49,8,-1,-1,-1,10,1,10
2017471702348,2,9,0,18,0,8,0,0,0,0,1,1,2,2,63,9,1598,1,12,9,1,9
2017471702350,1,9,0,9,0,6,0,0,0,0,1,1,6,1,26,6,1984,1,15,7,1,7
2017471702350,2,9,0,18,0,8,0,0,0,0,1,1,2,1,37,7,1149,1,9,3,1,3
2017471702352,1,3,0,4,0,4,0,0,0,0,1,1,6,1,22,5,124,1,11,7,3,7
2017471702352,2,9,0,9,0,4,0,0,0,0,1,1,6,1,33,6,1149,1,11,7,1,7
2017471702355,1,9,0,18,0,3,0,0,7,7,1,1,6,1,74,10,999,1,-1,3,1,3
2017471702357,1,5,0,16,0,0,1,10,7,3,2,1,6,1,55,8,1301,1,1,2,1,2
2017471702358,1,9,0,4,0,1,0,0,0,0,1,1,1,1,76,11,1498,1,10,8,1,8
2017471702358,2,9,0,3,0,1,0,0,0,0,1,1,6,2,69,10,1598,1,8,10,1,10
2017471702360,1,9,0,18,0,0,0,0,1,4,1,1,6,2,71,10,1197,1,6,10,1,10
2017471702361,1,9,0,5,8,0,0,0,0,0,3,1,6,2,43,7,1956,2,4,4,3,4
2017471702361,2,9,0,18,0,0,0,0,0,0,4,1,6,1,73,10,1396,1,8,3,1,3
2017471702363,1,5,0,18,0,2,0,0,0,0,4,1,6,1,27,6,998,1,10,6,3,6
2017471702365,1,19,0,1,7,1,0,0,0,0,2,1,6,1,56,9,1995,2,10,10,1,10
2017471702366,1,9,0,18,0,8,0,0,0,0,1,1,6,1,49,8,1398,2,4,5,1,5
2017471702366,2,9,0,18,0,8,0,0,0,0,1,1,6,1,31,6,1995,2,11,4,1,4
2017471702367,1,9,0,9,0,1,0,0,0,0,4,1,6,2,55,8,1397,1,9,2,1,2
2017471702367,2,1,0,18,0,1,0,0,0,0,1,1,6,1,24,5,-1,-1,-1,1,1,1
2017471702369,1,9,0,18,0,0,0,0,0,0,1,1,6,2,73,10,1910,2,9,7,1,7
2017471702371,1,9,0,18,0,0,0,0,7,4,1,1,6,2,44,7,3199,1,17,5,3,5
2017471702372,1,9,0,12,0,0,1,0,1,0,1,1,6,1,21,5,1796,1,16,6,1,6
2017471702373,1,9,0,18,0,8,0,0,0,0,1,1,2,2,26,6,-1,-1,-1,8,1,8
2017471702373,2,9,0,5,0,8,0,0,0,0,3,1,6,1,54,8,1400,1,11,7,1,7
2017471702374,1,9,0,9,0,6,0,0,0,0,3,1,6,2,84,11,998,1,5,8,1,8
2017471702374,2,1,0,18,0,8,0,0,0,0,1,1,6,1,31,6,-1,-1,-1,3,1,3
2017471702376,1,19,0,2,6,1,0,0,0,0,3,1,6,1,35,6,2460,2,10,10,1,10
2017471702376,2,1,0,18,0,1,0,0,0,0,4,1,1,2,55,8,-1,-1,-1,3,1,3
2017471702378,1,9,0,9,0,6,0,0,0,0,1,1,6,1,40,7,1587,1,11,6,1,6
2017471702378,2,5,0,18,0,8,0,0,0,0,1,1,6,1,35,6,899,1,17,10,3,10
2017471702379,1,9,0,17,0,1,0,0,7,0,4,1,6,1,22,5,1984,1,16,5,3,5
2017471702379,2,5,0,16,0,1,0,0,0,0,1,1,6,1,46,8,999,1,2,2,1,2
2017471702379,3,5,0,16,0,1,0,0,0,0,1,1,6,1,65,9,-1,-1,-1,10,1,10
2017471702380,1,5,0,18,0,2,1,0,0,0,0,1,6,1,44,7,750,1,2,1,1,1
2017471702381,1,9,0,4,0,1,0,0,0,0,4,1,6,1,67,10,1999,1,6,6,1,6
2017471702381,2,1,0,18,0,2,0,0,0,0,4,1,6,2,47,8,-1,-1,-1,4,2,4