Accident_Index,Vehicle_Reference,Vehicle_Type,Towing_and_Articulation,Vehicle_Manoeuvre,Vehicle_Location-Restricted_Lane,Junction_Location,Skidding_and_Overturning,Hit_Object_in_Carriageway,Vehicle_Leaving_Carriageway,Hit_Object_off_Carriageway,1st_Point_of_Impact,Was_Vehicle_Left_Hand_Drive?,Journey_Purpose_of_Driver,Sex_of_Driver,Age_of_Driver,Age_Band_of_Driver,Engine_Capacity_(CC),Propulsion_Code,Age_of_Vehicle,Driver_IMD_Decile,Driver_Home_Area_Type,Vehicle_IMD_Decile
2017471702382,1,9,0,18,0,1,5,0,1,11,4,1,6,1,21,5,875,1,6,8,1,8
2017471702384,1,9,0,17,0,1,2,0,7,4,1,1,1,2,43,7,1598,1,12,-1,-1,-1
2017471702386,1,9,0,9,0,2,0,4,0,0,1,1,6,1,47,8,-1,-1,-1,2,1,2
2017471702386,2,9,0,2,0,2,0,0,0,0,4,1,6,3,-1,-1,-1,-1,-1,-1,-1,-1
2017471702386,3,9,0,3,0,1,0,0,0,0,4,1,6,1,42,7,1598,1,10,5,1,5
2017471702387,1,9,0,1,9,6,0,0,0,0,0,1,6,1,70,10,1590,1,13,6,1,6
2017471702388,1,9,0,18,0,0,0,0,0,0,1,1,6,1,43,7,1560,2,5,3,1,3
2017471702388,2,9,0,4,0,0,0,0,0,0,2,1,6,1,37,7,1999,1,11,2,1,2
2017471702388,3,9,0,4,0,0,0,0,0,0,2,1,6,1,66,10,2967,2,8,4,3,4
2017471702398,1,9,0,9,9,5,0,0,7,0,1,1,6,1,17,4,998,1,13,9,1,9
2017471702401,1,9,0,18,0,1,0,0,0,0,4,1,6,2,42,7,2400,2,6,7,3,7
2017471702401,2,1,0,18,0,1,0,0,0,0,3,1,6,1,29,6,-1,-1,-1,4,1,4
2017471702404,1,9,0,18,0,4,0,0,0,0,1,1,6,2,72,10,1198,1,10,8,1,8
2017471702404,2,9,0,18,0,4,0,0,0,0,2,1,6,1,69,10,1995,2,-1,8,1,8
2017471702405,1,9,0,18,0,0,0,0,0,0,1,1,6,1,25,5,1362,1,5,6,1,6
2017471702405,2,9,0,4,0,0,0,0,0,0,2,1,6,1,37,7,1990,1,18,5,1,5
2017471702407,1,9,0,5,0,0,0,0,0,0,1,1,6,3,-1,-1,1998,1,1,-1,-1,-1
2017471702407,2,9,0,2,0,0,0,0,0,0,4,1,6,1,34,6,1968,2,12,6,1,6
2017471702408,1,9,0,18,0,0,0,0,0,0,1,1,6,1,49,8,1896,2,11,2,1,2
2017471702408,2,9,0,18,0,0,0,0,0,0,3,1,6,2,39,7,1360,1,13,2,1,2
2017471702409,1,5,0,4,0,0,1,0,0,0,3,1,6,1,22,5,659,1,8,-1,-1,-1
2017471702409,2,9,0,4,0,0,0,0,0,0,2,1,6,2,23,5,1248,2,11,2,1,2
2017471702411,1,9,0,17,0,1,0,0,0,0,1,1,6,2,54,8,2972,1,14,7,1,7
2017471702413,1,9,0,18,0,1,0,0,0,0,1,1,6,1,38,7,1596,1,12,3,1,3
2017471702413,2,9,0,18,0,1,0,0,0,0,2,1,6,2,39,7,1242,1,5,4,1,4
2017471702413,3,9,0,9,0,5,0,0,0,0,0,1,6,3,40,7,-1,-1,-1,-1,-1,-1
2017471702415,1,9,0,18,0,0,0,0,0,0,4,1,6,3,-1,-1,1984,1,13,-1,-1,-1
2017471702415,2,9,0,18,0,0,0,0,0,0,3,1,6,1,26,6,1108,1,12,8,1,8
2017471702417,1,9,0,1,0,1,0,0,0,0,2,1,1,2,62,9,1400,1,11,4,1,4
2017471702419,1,9,0,18,0,8,0,0,0,0,1,1,6,2,69,10,1495,1,16,8,1,8
2017471702420,1,9,0,18,0,0,2,0,2,10,1,1,6,1,35,6,2184,2,12,10,2,10
2017471702421,1,9,0,9,0,8,0,0,0,0,4,1,6,1,37,7,2148,2,9,2,1,2
2017471702421,2,9,0,18,0,8,0,0,0,0,1,1,2,1,37,7,1870,2,13,1,1,1
2017471702425,1,9,0,18,0,2,0,0,0,0,0,1,6,3,-1,-1,1997,2,8,-1,-1,-1
2017471702427,1,9,0,4,0,0,0,0,0,0,1,1,6,2,24,5,1124,1,14,3,1,3
2017471702427,2,9,0,3,0,0,0,0,0,0,2,1,6,1,30,6,998,1,7,9,1,9
2017471702427,3,9,0,3,0,0,0,0,0,0,2,1,6,1,30,6,1798,1,9,6,1,6
2017471702429,1,9,0,18,0,0,0,0,0,0,1,1,6,2,42,7,1598,1,17,8,1,8
2017471702429,2,4,0,13,0,0,0,0,0,0,1,1,6,1,25,5,249,1,8,6,1,6
2017471702429,3,9,0,18,0,0,0,0,0,0,1,1,6,1,71,10,2143,2,2,9,1,9
2017471702429,4,9,0,11,0,0,0,0,0,0,0,1,6,1,49,8,1999,2,1,9,1,9
2017471702430,1,9,0,18,0,8,0,0,0,0,0,1,6,2,55,8,1796,1,8,8,1,8
2017471702431,1,9,0,4,0,0,1,0,0,0,1,1,6,1,25,5,1995,2,13,3,1,3
2017471702431,2,9,0,4,0,0,0,0,0,0,2,1,6,1,37,7,1995,2,11,5,1,5
2017471702431,3,9,0,3,0,0,0,0,0,0,2,1,6,1,60,9,1686,2,6,6,1,6
2017471702432,1,9,0,4,0,0,0,0,0,0,1,1,2,2,27,6,1582,2,4,5,2,5
2017471702432,2,9,0,4,0,0,0,0,0,0,2,1,2,2,25,5,1598,2,1,10,2,10
2017471702433,1,9,0,16,0,8,0,0,0,0,4,1,6,2,93,11,998,1,8,7,3,7
2017471702433,2,21,4,18,0,8,0,0,0,0,1,1,1,1,35,6,12740,2,8,2,1,2
2017471702434,1,9,0,18,0,4,0,0,0,0,1,1,2,2,43,7,1242,1,10,5,1,5
2017471702434,2,1,0,9,0,8,0,0,0,0,4,1,2,1,18,4,-1,-1,-1,6,3,6
2017471702436,1,19,0,18,0,8,0,0,0,0,1,1,1,1,48,8,1995,2,-1,3,1,3
2017471702436,2,9,0,18,0,1,0,0,0,0,4,1,2,1,38,7,-1,-1,-1,8,1,8
2017471702437,1,9,0,13,0,0,0,0,0,0,4,1,6,2,66,10,999,1,7,8,3,8
2017471702437,2,9,0,6,0,0,0,0,0,0,3,1,1,1,55,8,1968,2,1,8,1,8
2017471702438,1,9,0,18,0,0,0,10,8,10,1,1,1,1,31,6,-1,-1,-1,5,2,5
2017471702438,2,8,0,4,0,0,0,0,0,0,2,1,1,1,53,8,1797,8,7,6,1,6
2017471702438,3,9,0,18,0,0,0,0,0,0,1,1,2,2,22,5,1248,2,6,6,2,6
2017471702438,4,9,0,4,0,0,0,0,0,0,0,1,6,3,22,5,-1,-1,-1,-1,-1,-1
2017471702440,1,9,0,9,0,8,0,0,0,0,1,1,6,2,57,9,1242,1,12,3,1,3
2017471702442,1,9,0,12,0,8,0,0,0,0,2,1,6,1,69,10,1999,2,2,10,1,10
2017471702442,2,5,0,18,0,8,0,0,0,0,1,1,6,1,45,7,999,1,3,2,1,2
2017471702442,3,9,0,7,0,5,0,0,0,0,0,1,6,1,-1,-1,-1,-1,-1,-1,-1,-1
2017471702444,1,9,0,5,0,6,0,0,0,0,1,1,6,2,44,7,1598,1,8,6,1,6
2017471702444,2,4,0,18,0,8,1,0,0,0,1,1,6,1,31,6,124,1,5,5,1,5
2017471702444,3,9,0,10,0,1,0,0,0,0,3,1,6,2,38,7,1798,1,10,5,1,5
2017471702445,1,19,0,9,0,2,0,0,0,0,1,1,1,1,32,6,1896,2,8,6,1,6
2017471702445,2,9,0,18,0,8,1,0,1,1,4,1,2,1,42,7,2979,1,14,6,2,6
2017471702446,1,3,0,9,0,4,1,0,0,0,3,1,2,1,18,4,125,1,4,3,1,3
2017471702448,1,1,0,18,5,8,0,0,0,0,1,1,6,2,28,6,-1,-1,-1,3,1,3
2017471702448,2,9,0,7,0,6,0,0,0,0,1,1,3,2,39,7,1968,2,4,10,1,10
2017471702448,3,9,0,3,0,1,0,0,0,0,0,1,6,3,-1,-1,-1,-1,-1,-1,-1,-1
2017471702451,1,9,0,18,0,0,0,0,0,0,1,1,6,2,36,7,1360,1,17,4,1,4
2017471702452,1,9,0,18,0,8,0,0,3,4,1,1,1,1,58,9,2184,2,3,7,1,7
2017471702453,1,9,0,18,0,0,0,0,0,0,1,1,6,1,36,7,1199,1,14,5,3,5
2017471702453,2,9,0,4,0,0,0,0,0,0,2,1,6,2,65,9,1598,2,7,9,2,9
2017471702454,1,9,0,9,0,6,0,0,0,0,3,1,1,2,17,4,1400,1,11,8,1,8
2017471702454,2,5,0,13,0,8,1,0,0,0,1,1,2,1,20,4,675,1,2,3,1,3
2017471702454,3,19,0,7,0,5,0,0,0,0,0,1,1,1,35,6,2198,2,2,5,1,5
2017471702455,1,9,0,1,0,1,0,0,0,0,2,1,6,1,80,11,1686,2,6,10,1,10
2017471702455,2,9,0,2,0,2,0,0,0,0,2,1,6,2,55,8,2401,2,15,7,1,7
2017471702456,1,21,1,4,0,1,1,0,0,0,1,1,1,1,51,8,11946,2,9,4,1,4
2017471702456,2,9,0,4,0,1,0,0,0,0,2,1,3,2,32,6,1896,2,14,4,1,4
2017471702459,1,9,0,18,0,6,0,0,0,0,3,1,6,2,66,10,1329,1,1,4,3,4
2017471702459,2,9,0,18,0,1,0,0,7,0,1,1,6,1,51,8,1298,1,16,5,2,5
2017471702460,1,9,0,5,0,4,0,0,0,0,0,1,2,2,40,7,1242,1,13,6,1,6
2017471702460,2,1,0,18,0,8,0,0,1,0,1,1,6,1,48,8,-1,-1,-1,7,1,7
2017471702461,1,5,0,9,0,1,0,0,0,0,4,1,6,1,23,5,650,1,21,2,1,2
2017471702461,2,1,0,16,0,1,0,0,3,0,1,1,6,1,30,6,-1,-1,-1,2,1,2
2017471702462,1,1,0,14,0,0,0,0,0,0,1,1,6,1,33,6,-1,-1,-1,2,1,2
2017471702462,2,9,0,14,0,0,0,0,0,0,2,1,6,1,25,5,2143,2,4,1,1,1
2017471702462,3,11,0,3,0,0,0,0,0,0,0,1,1,1,-1,-1,-1,-1,-1,-1,-1,-1
2017471702463,1,19,0,7,0,2,0,0,0,0,1,1,1,1,35,6,1995,2,1,4,1,4
2017471702463,2,9,0,18,0,8,1,0,1,11,4,1,6,1,45,7,1968,2,6,10,1,10
2017471702465,1,2,0,11,0,8,0,0,0,1,1,1,6,1,56,9,49,1,7,3,1,3
2017471702466,1,9,0,13,0,2,0,0,0,0,1,1,6,3,-1,-1,-1,-1,-1,-1,-1,-1
2017471702466,2,1,0,18,0,2,0,0,1,0,2,1,2,1,20,4,-1,-1,-1,7,1,7
2017471702474,1,9,0,1,9,8,0,0,0,0,4,1,6,1,18,4,-1,-1,-1,7,1,7
2017471702477,1,5,0,14,0,8,0,0,0,0,1,1,6,1,38,7,1000,1,15,-1,-1,-1
2017471702477,2,9,0,9,0,6,0,0,0,0,3,1,6,2,51,8,1598,2,1,7,1,7
2017471702478,1,9,0,18,0,1,0,0,0,0,1,1,6,2,18,4,1598,1,8,10,1,10
2017471702478,2,9,0,3,0,1,0,0,0,0,2,1,6,1,41,7,2143,2,1,3,1,3
2017471702478,3,9,0,3,0,1,0,0,0,0,2,1,6,1,40,7,1461,2,10,1,1,1
2017471702479,1,9,0,7,0,6,0,0,0,0,1,1,6,3,-1,-1,-1,-1,-1,-1,-1,-1
2017471702479,2,1,0,18,0,8,0,0,0,0,4,1,6,1,28,6,-1,-1,-1,3,1,3
2017471702481,1,19,0,4,0,1,0,0,0,0,1,1,6,1,42,7,2198,2,7,5,1,5
2017471702481,2,19,0,10,0,1,0,0,0,0,2,1,6,1,60,9,1968,2,3,4,1,4
2017471702483,1,9,0,7,0,1,0,0,0,0,4,1,2,2,38,7,998,1,-1,10,1,10
2017471702483,2,5,0,18,2,8,0,0,1,0,3,1,6,1,24,5,599,1,9,7,1,7
2017471702485,1,1,0,18,0,0,0,0,0,0,2,1,6,1,15,3,-1,-1,-1,3,1,3
2017471702485,2,9,0,4,0,0,0,0,0,0,1,1,6,1,63,9,1998,1,13,6,1,6
2017471702489,1,9,0,9,0,6,0,0,0,0,4,1,6,1,74,10,1388,1,12,9,1,9
2017471702489,2,3,0,18,0,8,0,0,0,0,1,1,6,1,30,6,124,1,1,9,1,9
2017471702492,1,1,0,18,5,8,0,0,0,0,1,1,2,1,43,7,-1,-1,-1,10,1,10
2017471702492,2,9,0,8,0,1,0,0,0,0,3,1,6,1,53,8,1995,2,13,4,1,4
2017471702493,1,5,0,18,0,2,0,0,0,0,1,1,6,1,27,6,1462,1,17,3,1,3
2017471702493,2,9,0,4,0,2,0,0,0,0,4,1,6,1,54,8,1598,2,3,7,1,7
2017471702494,1,2,0,13,0,1,0,0,0,0,1,1,6,1,16,4,49,1,5,8,1,8
2017471702494,2,9,0,9,0,8,0,0,0,0,3,1,6,2,62,9,1200,1,3,7,1,7
2017471702496,1,9,0,18,0,8,0,0,0,0,0,1,6,1,28,6,1560,2,11,8,3,8
2017471702496,2,3,0,18,0,8,1,0,0,0,0,1,6,1,17,4,125,1,1,3,1,3
2017471702498,1,9,0,4,0,0,0,0,0,0,1,1,6,1,24,5,1598,1,10,8,1,8
2017471702498,2,9,0,4,0,0,0,0,0,0,2,1,6,1,30,6,1590,1,13,4,1,4
2017471702499,1,5,0,16,0,0,0,0,0,0,3,1,6,1,61,9,1255,1,8,10,1,10
2017471702499,2,9,0,17,0,0,0,0,0,0,3,1,6,1,52,8,1968,2,9,9,1,9
2017471702500,1,9,0,18,0,8,0,0,0,0,1,1,6,2,70,10,1200,1,2,4,1,4
2017471702500,2,9,0,18,0,8,0,0,0,0,1,1,6,2,71,10,1397,1,14,7,1,7
2017471702501,1,1,0,18,0,8,0,0,0,0,1,1,6,1,57,9,-1,-1,-1,9,1,9
2017471702504,1,9,0,9,0,6,0,0,0,0,3,1,6,1,80,11,1248,1,2,6,1,6
2017471702504,2,3,0,18,0,8,0,0,0,0,1,1,6,2,19,4,124,1,10,4,1,4
2017471702510,1,9,0,18,0,4,0,0,0,0,1,1,6,2,42,7,2495,2,14,9,2,9
2017471702510,2,9,0,18,0,3,0,0,0,0,4,1,6,1,36,7,1951,2,14,9,1,9
2017471702512,1,9,0,9,0,5,0,0,7,0,1,1,2,1,38,7,1995,2,15,7,3,7
2017471702512,2,9,0,18,0,8,1,0,1,0,1,1,2,2,56,9,1997,1,9,8,1,8
2017471702514,1,9,0,18,0,1,0,0,0,0,1,1,6,1,70,10,1560,2,4,4,1,4
2017471702514,2,9,0,4,0,1,0,0,0,0,2,1,6,1,26,6,-1,-1,-1,7,1,7
2017471702515,1,9,0,17,0,0,2,0,1,3,3,1,6,1,18,4,1242,1,15,10,2,10
2017471702517,1,20,0,7,5,5,0,0,0,0,1,1,1,1,64,9,2402,2,12,6,1,6
2017471702517,2,1,0,18,5,1,0,0,0,0,1,1,6,2,44,7,-1,-1,-1,10,1,10
2017471702519,1,5,0,16,0,1,0,0,7,9,3,1,6,1,26,6,398,1,25,7,1,7
2017471702519,2,9,0,8,0,8,0,0,0,0,1,1,6,1,88,11,2435,1,21,10,3,10
2017471702520,1,9,0,4,0,1,0,0,0,0,1,1,6,2,48,8,1399,1,-1,1,1,1
2017471702520,2,5,0,3,0,1,0,0,0,0,2,1,6,1,63,9,800,1,2,6,1,6
2017471702521,1,11,0,18,2,1,0,0,0,0,0,1,1,1,34,6,4760,2,5,3,1,3
2017471702521,2,21,0,4,0,8,0,0,0,0,0,1,6,3,-1,-1,-1,-1,-1,-1,-1,-1
2017471702523,1,9,0,18,0,0,0,0,0,0,0,1,6,1,71,10,1461,2,2,5,2,5
2017471702523,2,4,0,18,0,0,1,0,0,0,0,1,6,1,22,5,125,1,1,6,3,6
2017471702524,1,9,0,18,0,1,0,0,0,0,1,1,1,1,46,8,1582,2,4,6,3,6
2017471702524,2,9,0,4,0,1,0,0,0,0,2,1,6,1,70,10,1368,1,1,9,2,9
2017471702524,3,9,0,4,0,1,0,0,0,0,2,1,6,1,28,6,1587,1,22,5,2,5
2017471702524,4,9,0,4,0,1,0,0,0,0,2,1,6,1,33,6,-1,-1,-1,8,1,8
2017471702524,5,9,0,4,0,1,0,0,0,0,2,1,6,2,42,7,2979,1,12,9,3,9
2017471702524,6,9,0,9,0,1,0,0,0,0,0,1,6,3,-1,-1,-1,-1,-1,-1,-1,-1
2017471702525,1,3,0,13,0,8,0,0,0,0,1,1,6,1,22,5,125,1,3,6,3,6
2017471702525,2,9,0,2,0,1,0,0,0,0,3,1,6,3,-1,-1,1398,1,16,-1,-1,-1
2017471702525,3,9,0,18,0,8,0,0,0,0,0,1,6,1,59,9,1560,2,3,3,1,3
2017471702526,1,1,0,18,0,0,1,0,0,0,1,1,4,1,15,3,-1,-1,-1,3,1,3
2017471702526,2,9,0,2,0,0,0,0,0,0,2,1,6,3,-1,-1,1598,1,7,-1,-1,-1
2017471702527,1,19,0,18,0,2,0,0,0,0,4,1,1,2,31,6,1560,2,3,3,1,3
2017471702527,2,1,0,18,0,2,0,0,0,0,3,1,6,1,61,9,-1,-1,-1,10,1,10
2017471702528,1,9,0,18,0,0,0,0,0,0,0,1,6,1,18,4,1598,1,15,3,1,3
2017471702528,2,1,0,18,0,0,0,0,1,10,1,1,6,1,16,4,-1,-1,-1,4,1,4
2017471702528,3,1,0,18,0,0,0,0,0,0,0,1,6,1,16,4,-1,-1,-1,10,1,10
2017471702533,1,9,0,18,0,2,0,0,0,0,1,1,6,1,81,11,1598,1,7,2,1,2
2017471702533,2,9,0,18,0,1,0,0,0,0,1,1,6,2,51,8,1298,1,10,6,3,6
2017471702535,1,9,0,13,0,0,0,0,0,0,3,1,6,1,49,8,1995,2,5,7,1,7
2017471702535,2,5,0,13,0,0,0,0,0,0,4,1,6,1,67,10,1179,1,1,6,1,6
2017471702535,3,19,0,18,0,0,0,0,0,0,0,1,6,3,-1,-1,-1,-1,-1,-1,-1,-1
2017471702537,1,9,0,9,0,3,0,0,0,0,1,1,6,1,37,7,2148,2,12,8,3,8
2017471702537,2,1,0,9,0,2,0,0,0,0,2,1,2,1,45,7,-1,-1,-1,7,1,7
2017471702540,1,9,0,18,0,5,0,0,0,0,1,1,2,1,58,9,1995,2,3,10,2,10
2017471702540,2,9,0,3,0,5,0,0,0,0,2,1,2,1,42,7,1242,1,6,6,3,6
2017471702540,3,9,0,3,0,5,0,0,0,0,2,1,2,1,55,8,1968,2,-1,10,2,10
2017471702541,1,9,0,5,0,8,0,0,0,0,1,1,2,1,45,7,1997,1,7,6,3,6
2017471702541,2,5,0,18,0,8,0,0,1,10,1,1,2,1,33,6,1050,1,7,8,2,8
2017471702543,1,5,0,16,0,0,0,0,0,0,1,1,6,1,32,6,636,1,11,2,1,2
2017471702543,2,19,0,17,0,0,0,0,0,0,1,1,6,1,24,5,2198,2,1,10,1,10
2017471702544,1,19,0,18,0,0,0,0,0,0,3,1,6,3,30,6,-1,-1,-1,-1,-1,-1
2017471702544,2,9,0,2,0,0,0,0,0,0,0,1,1,2,49,8,2902,2,12,8,1,8
2017471702550,1,1,0,18,0,0,0,0,0,0,1,1,6,1,56,9,-1,-1,-1,10,1,10
2017471702550,2,19,0,2,0,0,0,0,0,0,2,1,6,1,56,9,2198,2,4,6,1,6
2017471702553,1,9,0,5,0,1,0,0,0,0,1,1,6,2,25,5,1995,2,3,8,1,8
2017471702553,2,5,0,3,0,1,0,0,0,0,2,1,6,1,74,10,747,1,18,5,1,5
2017471702556,1,9,0,4,0,4,0,0,0,0,1,1,6,2,52,8,1995,2,1,10,1,10
2017471702556,2,9,0,3,0,1,0,0,0,0,2,1,1,1,36,7,898,1,-1,4,1,4
2017471702556,3,9,0,4,0,1,0,0,0,0,2,1,1,2,17,4,1560,2,2,7,3,7
2017471702558,1,9,0,9,0,6,0,0,0,0,3,1,6,1,24,5,1796,1,12,1,1,1
2017471702558,2,1,0,18,4,1,0,0,0,0,1,1,6,2,24,5,-1,-1,-1,6,1,6
2017471702559,1,5,0,4,0,0,0,0,0,0,4,1,2,1,40,7,1050,1,7,5,1,5
2017471702559,2,9,0,4,0,0,0,0,0,0,3,1,6,1,20,4,999,1,-1,10,1,10
2017471702559,3,21,0,18,0,0,0,0,0,0,3,1,6,3,30,6,-1,-1,-1,-1,-1,-1
2017471702560,1,9,0,18,0,1,0,0,0,0,1,1,2,2,29,6,1995,1,5,6,3,6
2017471702560,2,9,0,4,0,1,0,0,0,0,2,1,1,2,31,6,1753,2,12,9,2,9
2017471702560,3,19,0,18,0,2,0,0,0,0,0,1,6,1,40,7,-1,-1,-1,-1,-1,-1
2017471702560,4,9,0,4,0,5,0,0,0,0,0,1,6,1,40,7,-1,-1,-1,-1,-1,-1
2017471702562,1,9,0,18,0,4,0,0,0,0,1,1,6,2,21,5,998,1,1,10,3,10
2017471702562,2,1,0,9,0,4,0,0,0,0,4,1,6,1,56,9,-1,-1,-1,9,1,9
2017471702563,1,9,0,18,0,1,0,0,0,0,1,1,6,1,67,10,1598,2,2,10,1,10
2017471702563,2,9,0,4,0,1,0,0,0,0,2,1,6,1,51,8,1997,1,16,7,2,7
2017471702563,3,9,0,4,0,1,0,0,0,0,2,1,6,1,20,4,1229,1,11,2,1,2
2017471702564,1,9,0,7,0,6,0,0,0,0,0,1,6,1,69,10,4554,1,21,5,3,5
2017471702564,2,17,0,18,0,8,0,0,0,0,1,1,1,1,47,8,-1,2,-1,6,3,6
2017471702564,3,9,0,18,0,1,0,0,1,0,1,1,6,1,35,6,1997,2,9,7,2,7
2017471702564,4,9,0,18,0,1,0,0,0,0,1,1,6,1,24,5,-1,-1,-1,7,1,7
2017471702566,1,9,0,13,0,0,0,0,0,0,1,1,1,1,28,6,-1,-1,-1,6,1,6
2017471702566,2,9,0,18,0,0,0,0,0,0,4,1,1,2,38,7,1582,2,4,6,1,6
2017471702566,3,9,0,18,0,0,0,0,0,0,0,1,6,3,-1,-1,-1,-1,-1,-1,-1,-1
2017471702570,1,9,0,18,0,0,0,0,0,0,3,1,6,1,36,7,1197,1,2,7,1,7
2017471702570,2,90,0,2,0,0,0,0,0,0,0,1,1,3,-1,-1,7201,2,4,-1,-1,-1
2017471702572,1,11,0,18,2,1,0,0,0,0,1,1,1,1,66,10,5132,2,1,6,1,6
2017471702573,1,9,0,18,0,1,0,0,0,0,1,1,6,1,30,6,1988,1,15,4,1,4
2017471702573,2,9,0,4,0,1,0,0,0,0,0,1,6,1,21,5,1995,2,5,9,1,9
2017471702574,1,9,0,2,0,0,0,0,0,0,3,1,6,2,72,10,2354,1,14,9,1,9
2017471702574,2,1,0,18,0,0,0,0,0,0,1,1,6,1,20,4,-1,-1,-1,6,1,6
2017471702575,1,9,0,2,0,0,0,0,0,0,1,1,6,2,61,9,1332,1,6,8,1,8
2017471702575,2,9,0,2,0,0,0,0,0,0,1,1,6,3,-1,-1,1496,2,-1,-1,-1,-1
2017471702575,3,9,0,2,0,0,0,0,0,0,1,1,6,2,61,9,1197,1,5,8,1,8
2017471702583,1,9,0,18,0,0,0,0,0,0,1,1,6,2,79,11,1339,1,11,6,1,6
2017471702583,2,9,0,18,0,0,0,0,0,0,1,1,6,1,27,6,1389,1,12,3,1,3
2017471702583,3,9,0,2,0,0,0,0,0,0,3,1,6,3,-1,-1,1968,2,11,-1,-1,-1
2017471702584,1,19,0,9,0,6,0,0,0,0,1,1,6,1,51,8,2987,2,9,10,1,10
2017471702584,2,9,0,18,0,8,2,0,0,0,1,1,6,1,31,6,-1,-1,-1,6,3,6
2017471702585,1,9,0,18,0,3,0,0,0,0,1,1,6,1,27,6,1796,1,10,3,1,3
2017471702585,2,9,0,18,0,3,0,0,0,11,1,1,2,1,23,5,1560,2,6,10,1,10
2017471702587,1,9,0,16,0,8,1,0,1,0,1,1,6,1,22,5,1242,1,9,10,2,10
2017471702588,1,9,0,18,0,1,0,0,0,0,1,1,2,1,22,5,1984,1,16,6,1,6
2017471702588,2,9,0,3,0,1,0,0,0,0,2,1,2,2,23,5,1242,1,1,10,2,10
2017471702588,3,9,0,3,0,1,0,0,0,0,2,1,6,1,46,8,1968,2,9,10,1,10
2017471702588,4,9,0,3,0,1,0,0,0,0,2,1,2,1,62,9,1998,1,-1,10,1,10
2017471702592,1,9,0,17,0,0,5,0,1,4,1,1,2,2,29,6,1198,1,10,10,1,10
2017471702597,1,9,0,4,0,0,1,0,0,0,1,1,6,2,30,6,1242,1,10,10,1,10
2017471702597,2,9,0,4,0,0,0,0,0,0,2,1,6,1,40,7,1149,1,16,7,1,7
2017471702600,1,19,0,5,0,4,0,0,0,0,1,1,1,1,36,7,1248,2,4,9,2,9
2017471702600,2,1,0,3,0,4,0,0,0,0,2,1,6,1,60,9,-1,-1,-1,5,3,5
2017471702602,1,9,0,18,0,8,0,0,0,0,4,1,6,1,35,6,1685,2,3,7,1,7
2017471702603,1,19,0,18,0,0,0,0,0,0,0,1,6,1,19,4,1995,2,-1,4,1,4
2017471702604,1,9,0,18,0,0,0,0,0,0,1,1,6,1,54,8,1560,2,6,5,1,5
2017471702607,1,9,0,17,0,0,0,0,1,2,1,1,6,2,69,10,1339,1,6,6,3,6
2017471702608,1,9,0,7,0,8,0,0,0,0,1,1,3,2,32,6,1560,2,12,4,1,4
2017471702608,2,1,0,18,0,8,0,0,0,0,2,1,6,1,58,9,-1,-1,-1,7,1,7
2017471702609,1,9,0,9,0,6,0,0,0,0,1,1,6,2,47,8,2496,1,12,4,1,4
2017471702609,2,1,0,18,0,8,0,0,0,0,3,1,6,1,41,7,-1,-1,-1,6,1,6
2017471702611,1,19,0,16,0,0,0,0,0,0,4,1,1,1,44,7,2198,2,9,3,1,3
2017471702612,1,9,0,9,0,5,0,0,0,0,1,1,6,1,19,4,2993,2,3,-1,-1,-1
2017471702612,2,1,0,18,0,8,0,0,0,0,1,1,6,1,27,6,-1,-1,-1,4,1,4
2017471702614,1,9,0,9,0,5,0,0,0,0,1,1,6,1,71,10,1840,1,19,1,1,1
2017471702614,2,4,0,18,0,8,0,0,0,0,1,1,6,1,50,8,459,1,14,5,1,5
2017471702615,1,19,0,5,0,2,0,0,0,0,4,1,1,1,33,6,2198,2,2,9,1,9
2017471702615,2,9,0,18,0,1,0,0,0,0,1,1,2,1,46,8,-1,-1,-1,7,3,7
2017471702616,1,9,0,7,0,5,0,0,0,0,1,1,6,2,57,9,-1,3,5,6,3,6
2017471702616,2,5,0,18,0,5,0,0,0,0,4,1,6,1,42,7,599,1,18,10,1,10
2017471702619,1,9,0,18,0,6,0,0,0,0,3,1,6,1,40,7,1596,1,11,9,3,9
2017471702619,2,9,0,18,0,1,0,0,0,0,1,1,3,2,45,7,1598,1,4,5,1,5
2017471702620,1,9,0,1,0,0,0,0,0,0,2,1,6,3,-1,-1,1497,1,17,-1,-1,-1
2017471702620,2,9,0,3,0,0,0,0,0,0,1,1,6,2,45,7,1364,1,2,8,1,8
2017471702621,1,9,0,5,0,0,0,0,0,0,3,1,6,2,30,6,1598,1,15,9,1,9
2017471702621,2,1,0,18,0,0,0,0,0,0,1,1,6,1,48,8,-1,-1,-1,6,1,6
2017471702622,1,9,0,18,0,0,0,0,1,2,1,1,6,2,60,9,2793,1,21,8,1,8
2017471702624,1,2,0,5,0,0,0,0,0,0,1,1,2,1,51,8,124,1,21,9,1,9
2017471702624,2,19,0,3,0,0,0,0,0,0,2,1,6,1,30,6,-1,-1,-1,-1,-1,-1
2017471702625,1,9,0,3,0,2,0,0,0,0,4,1,6,2,57,9,1398,1,1,7,1,7
2017471702625,2,1,0,15,4,2,0,0,0,0,1,1,6,1,44,7,-1,-1,-1,4,1,4
2017471702626,1,9,0,7,0,6,0,0,0,0,1,1,6,1,21,5,-1,-1,-1,7,1,7