Accident_Index,Vehicle_Reference,Vehicle_Type,Towing_and_Articulation,Vehicle_Manoeuvre,Vehicle_Location-Restricted_Lane,Junction_Location,Skidding_and_Overturning,Hit_Object_in_Carriageway,Vehicle_Leaving_Carriageway,Hit_Object_off_Carriageway,1st_Point_of_Impact,Was_Vehicle_Left_Hand_Drive?,Journey_Purpose_of_Driver,Sex_of_Driver,Age_of_Driver,Age_Band_of_Driver,Engine_Capacity_(CC),Propulsion_Code,Age_of_Vehicle,Driver_IMD_Decile,Driver_Home_Area_Type,Vehicle_IMD_Decile
2017471702873,3,9,0,18,0,2,0,0,0,0,2,1,6,2,34,6,2198,1,9,1,1,1
2017471702874,1,19,0,18,0,0,0,0,0,0,4,1,1,1,37,7,2143,2,3,1,1,1
2017471702874,2,9,0,18,0,0,5,0,8,10,4,1,6,1,24,5,1364,1,9,5,1,5
2017471702875,1,9,0,9,0,5,0,0,0,0,4,1,6,2,45,7,1598,1,5,4,1,4
2017471702875,2,9,0,18,0,1,0,0,0,0,1,1,6,2,71,10,1596,1,6,8,3,8
2017471702879,1,9,0,8,0,6,0,0,0,0,1,1,6,2,64,9,1198,1,14,8,1,8
2017471702879,2,9,0,8,0,6,0,0,0,0,1,1,6,2,57,9,1199,1,15,2,1,2
2017471702880,1,9,0,5,0,4,0,0,0,0,4,1,6,3,-1,-1,1587,1,12,-1,-1,-1
2017471702880,2,1,0,5,0,4,0,0,0,0,1,1,6,1,30,6,-1,-1,-1,5,1,5
2017471702882,1,9,0,18,0,8,0,0,0,0,1,1,1,1,63,9,1197,1,-1,4,1,4
2017471702882,2,9,0,9,0,8,0,0,0,0,4,1,2,2,45,7,1997,2,3,9,1,9
2017471702885,1,9,0,4,0,0,0,0,0,0,1,1,6,2,35,6,1388,1,14,1,1,1
2017471702885,2,9,0,4,0,0,0,0,0,0,2,1,6,1,71,10,998,1,-1,9,1,9
2017471702885,3,9,0,4,0,0,0,0,0,0,2,1,6,2,56,9,1598,1,10,5,3,5
2017471702887,1,9,0,18,0,0,1,0,0,0,1,1,6,1,40,7,2835,2,21,2,1,2
2017471702887,2,90,0,4,0,0,0,0,0,0,2,1,2,1,34,6,2100,6,26,7,1,7
2017471702887,3,9,0,4,0,0,0,0,0,0,2,1,6,2,61,9,999,1,1,7,3,7
2017471702887,4,9,0,3,0,0,0,0,0,0,2,1,2,1,32,6,2000,2,6,5,1,5
2017471702888,1,9,0,9,0,1,0,0,0,0,4,1,6,1,41,7,1910,2,10,5,1,5
2017471702888,2,9,0,17,0,1,0,0,0,0,1,1,2,1,46,8,1560,2,3,4,1,4
2017471702889,1,1,0,18,0,2,0,0,0,0,0,1,6,1,40,7,-1,-1,-1,-1,-1,-1
2017471702889,2,9,0,3,0,8,0,0,0,0,3,1,6,1,66,10,1794,1,11,1,1,1
2017471702895,1,9,0,18,0,8,0,0,0,0,1,1,6,1,78,11,2495,2,17,9,1,9
2017471702895,2,9,0,10,0,8,0,0,0,0,2,1,6,1,67,10,1796,1,12,5,3,5
2017471702897,1,9,0,18,0,1,0,0,0,0,1,1,6,3,-1,-1,1984,1,13,-1,-1,-1
2017471702897,2,9,0,3,0,1,0,0,0,0,2,1,6,1,26,6,1108,1,12,8,1,8
2017471702897,3,9,0,3,0,7,0,0,0,0,2,1,6,1,27,6,-1,-1,-1,6,1,6
2017471702898,1,1,0,18,0,0,0,0,0,0,1,1,6,2,57,9,-1,-1,-1,8,1,8
2017471702899,1,3,0,18,0,8,0,0,0,0,0,1,2,1,48,8,125,1,3,9,1,9
2017471702899,2,8,0,5,0,8,0,0,0,0,0,1,6,3,-1,-1,-1,-1,-1,-1,-1,-1
2017471702900,1,9,0,1,0,1,0,0,0,0,2,1,6,1,31,6,-1,-1,-1,8,1,8
2017471702900,2,9,0,3,0,1,0,0,0,0,1,1,6,1,39,7,2231,2,12,5,1,5
2017471702901,1,9,0,18,0,1,0,0,0,0,1,1,6,1,30,6,1686,2,12,4,1,4
2017471702901,2,1,0,18,0,1,0,0,0,0,2,1,6,1,52,8,-1,-1,-1,1,1,1
2017471702902,1,9,0,7,0,6,0,0,0,0,2,1,6,1,64,9,-1,-1,-1,6,2,6
2017471702902,2,19,0,7,0,6,0,0,0,0,1,1,1,2,93,11,-1,-1,-1,7,3,7
2017471702903,1,9,0,7,4,8,0,0,0,0,4,1,6,1,49,8,-1,-1,-1,6,1,6
2017471702903,2,1,0,18,4,8,0,0,0,0,3,1,6,2,48,8,-1,-1,-1,4,1,4
2017471702905,1,9,0,9,9,5,0,0,0,0,1,1,6,1,91,11,1598,1,11,6,1,6
2017471702907,1,9,0,17,0,0,0,0,0,0,1,1,1,1,38,7,2979,1,2,9,1,9
2017471702907,2,9,0,2,6,0,0,0,0,0,3,1,6,3,-1,-1,1591,1,8,-1,-1,-1
2017471702908,1,5,0,18,0,3,0,10,0,0,0,1,6,1,54,8,892,1,17,5,3,5
2017471702909,1,9,0,9,0,2,0,0,0,0,1,1,6,1,89,11,1596,1,16,4,1,4
2017471702909,2,9,0,18,0,8,0,0,0,0,4,1,6,2,49,8,2199,2,5,7,1,7
2017471702910,1,9,0,11,0,8,0,0,0,0,2,1,6,2,73,10,1997,1,5,7,1,7
2017471702910,2,5,0,18,0,8,0,0,0,0,1,1,6,1,55,8,998,1,-1,4,1,4
2017471702911,1,9,0,18,0,0,0,0,0,0,1,1,2,1,45,7,1360,1,14,8,2,8
2017471702911,2,9,0,2,0,0,0,0,0,0,2,1,6,3,-1,-1,1995,2,6,-1,-1,-1
2017471702912,1,1,0,14,0,8,0,0,0,0,1,1,3,1,12,3,-1,-1,-1,6,1,6
2017471702912,2,11,0,18,0,8,1,0,0,0,1,1,6,1,40,7,9600,2,16,7,2,7
2017471702912,3,9,0,2,0,8,0,0,0,0,1,1,6,3,-1,-1,2179,2,5,-1,-1,-1
2017471702913,1,9,0,13,0,1,0,0,0,0,4,1,6,2,49,8,1689,2,16,8,3,8
2017471702913,2,21,0,9,0,5,0,0,0,0,3,1,1,1,63,9,4009,2,6,3,1,3
2017471702914,1,9,0,9,0,6,0,0,0,0,1,1,6,1,81,11,1587,1,12,9,3,9
2017471702914,2,5,0,18,0,1,0,0,0,0,1,1,1,1,39,7,656,1,8,10,2,10
2017471702916,1,9,0,9,0,6,0,0,3,10,3,1,6,2,18,4,1242,1,1,4,3,4
2017471702916,2,9,0,18,0,1,0,0,0,0,1,1,1,1,29,6,1896,2,12,8,3,8
2017471702917,1,9,0,4,0,1,0,0,0,0,1,1,6,1,17,4,1198,1,6,3,1,3
2017471702917,2,9,0,3,0,1,0,0,0,0,2,1,6,2,48,8,1398,1,2,3,1,3
2017471702918,1,9,0,9,0,5,0,0,0,0,3,1,6,1,19,4,1596,1,11,6,2,6
2017471702918,2,9,0,18,0,1,0,0,0,0,1,1,6,2,38,7,1995,2,6,6,2,6
2017471702920,1,9,0,18,9,1,0,0,0,0,0,1,6,2,76,11,1598,1,11,4,1,4
2017471702920,2,11,0,18,0,2,0,0,0,0,0,1,6,1,33,6,5132,2,2,3,1,3
2017471702921,1,9,0,16,0,8,0,0,0,0,1,1,6,1,67,10,3980,1,19,7,1,7
2017471702921,2,9,0,17,0,8,0,0,0,0,1,1,6,2,46,8,1598,2,2,8,2,8
2017471702922,1,9,0,18,0,1,0,0,0,0,1,1,6,1,77,11,1598,1,8,8,3,8
2017471702922,2,9,0,10,0,8,0,0,0,0,2,1,6,1,74,10,2179,2,4,8,3,8
2017471702928,1,9,0,5,0,8,0,0,7,2,3,1,6,2,61,9,1910,2,10,4,1,4
2017471702928,2,9,0,18,0,8,0,0,7,10,4,1,1,1,51,8,2488,2,12,6,1,6
2017471702928,3,9,0,2,0,2,0,0,1,0,2,1,6,3,-1,-1,1598,1,14,-1,-1,-1
2017471702928,4,9,0,2,0,2,0,0,0,0,2,1,6,3,-1,-1,1956,2,6,-1,-1,-1
2017471702931,1,9,0,18,0,0,0,0,2,10,1,1,6,1,22,5,1389,1,14,1,1,1
2017471702931,2,9,0,2,6,0,0,0,0,0,2,1,6,3,-1,-1,1997,1,15,-1,-1,-1
2017471702932,1,9,0,1,0,2,0,0,0,0,2,1,1,1,29,6,1499,2,1,3,1,3
2017471702934,1,9,0,18,0,8,0,0,7,0,1,1,6,2,40,7,1360,1,12,7,1,7
2017471702934,2,9,0,18,0,8,0,0,1,0,1,1,6,2,77,11,1296,1,11,7,1,7
2017471702935,1,9,0,4,0,0,0,0,0,0,1,1,6,2,71,10,1388,1,14,6,1,6
2017471702935,2,9,0,2,0,0,0,0,0,0,1,1,6,3,-1,-1,-1,-1,-1,-1,-1,-1
2017471702936,1,9,0,18,0,1,0,0,0,0,1,1,6,2,17,4,1086,1,10,5,1,5
2017471702936,2,19,0,10,0,5,0,0,0,0,2,1,1,1,58,9,1560,2,2,10,1,10
2017471702937,1,19,0,18,0,3,0,0,0,0,3,1,6,2,38,7,1997,2,17,3,1,3
2017471702937,2,9,0,18,0,3,0,0,0,0,4,1,6,2,34,6,2204,2,11,6,1,6
2017471702940,1,9,0,9,0,2,0,0,0,0,3,1,6,1,19,4,1781,1,15,3,1,3
2017471702940,2,9,0,18,0,1,0,0,0,0,1,1,6,1,49,8,1596,1,11,4,1,4
2017471702942,1,9,0,9,0,5,0,0,0,0,1,1,6,1,37,7,2993,2,11,4,1,4
2017471702942,2,3,0,13,0,1,0,0,0,0,1,1,1,1,23,5,125,1,4,2,1,2
2017471702945,1,9,0,9,0,8,0,0,0,0,4,1,6,1,42,7,1984,1,-1,1,1,1
2017471702945,2,1,0,18,0,8,0,0,0,0,1,1,6,2,26,6,-1,-1,-1,4,1,4
2017471702947,1,9,0,18,0,0,0,0,0,0,1,1,2,2,59,9,1461,2,6,2,1,2
2017471702947,2,9,0,4,0,0,0,0,0,0,2,1,2,2,31,6,1329,1,4,7,1,7
2017471702947,3,9,0,4,0,0,0,0,0,0,2,1,2,2,33,6,1398,1,4,4,1,4
2017471702947,4,19,0,4,0,0,0,0,0,0,2,1,2,1,27,6,1598,1,15,3,1,3
2017471702948,1,9,0,18,0,0,0,0,0,0,3,1,6,2,24,5,998,1,10,4,1,4
2017471702948,2,11,0,18,0,0,0,0,0,0,3,1,1,1,35,6,-1,-1,-1,6,1,6
2017471702952,1,5,0,16,0,0,1,0,7,0,1,1,6,1,29,6,998,1,6,4,1,4
2017471702952,2,9,0,17,0,0,0,0,0,0,3,1,6,1,57,9,1560,2,12,4,1,4
2017471702953,1,90,0,18,0,8,0,0,0,0,1,1,1,1,27,6,2987,2,4,4,1,4
2017471702953,2,9,0,18,0,8,0,0,0,0,1,1,6,1,56,9,1461,2,1,6,1,6
2017471702954,1,1,0,18,9,6,0,0,0,0,1,1,6,1,13,3,-1,-1,-1,9,1,9
2017471702954,2,9,0,5,9,8,0,0,0,0,1,1,6,1,35,6,1124,1,12,9,1,9
2017471702955,1,9,0,6,0,5,0,0,0,0,1,2,6,2,40,7,-1,-1,-1,6,2,6
2017471702955,2,5,0,18,0,2,0,0,0,0,1,1,6,1,59,9,749,1,27,8,1,8
2017471702956,1,9,0,18,0,8,0,0,0,0,1,1,6,1,29,6,1197,1,-1,3,1,3
2017471702956,2,9,0,18,0,8,0,0,0,0,3,1,6,2,60,9,1499,2,1,7,3,7
2017471702958,1,22,0,1,9,0,0,0,0,0,2,1,6,3,-1,-1,-1,-1,-1,-1,-1,-1
2017471702959,1,20,0,18,0,0,5,0,6,4,1,1,6,1,38,7,-1,-1,-1,-1,-1,-1
2017471702959,2,9,0,18,0,0,0,0,0,0,1,1,6,1,46,8,1796,1,10,5,1,5
2017471702960,1,1,0,4,9,1,0,0,0,0,1,1,6,1,39,7,-1,-1,-1,5,1,5
2017471702967,1,9,0,18,0,1,0,0,0,0,1,1,6,2,67,10,1951,2,12,4,1,4
2017471702968,1,9,0,18,0,8,0,0,5,6,4,1,1,2,22,5,1149,1,8,4,1,4
2017471702968,2,21,0,18,0,8,0,0,0,0,2,1,1,1,45,7,-1,-1,-1,-1,-1,-1
2017471702969,1,9,0,16,0,1,0,7,0,2,1,1,6,1,37,7,1598,1,7,5,1,5
2017471702970,1,9,0,7,0,6,0,0,0,0,1,1,6,1,50,8,1598,1,17,-1,-1,-1
2017471702972,1,19,0,17,0,8,0,0,0,0,3,1,6,1,47,8,1995,2,-1,6,3,6
2017471702972,2,1,0,10,0,8,0,0,0,0,3,1,6,1,54,8,-1,-1,-1,9,2,9
2017471702973,1,9,0,4,0,1,0,0,0,0,1,1,6,2,70,10,1248,2,13,4,1,4
2017471702973,2,9,0,3,0,1,0,0,0,0,2,1,6,1,34,6,1339,1,14,10,1,10
2017471702975,1,9,0,18,0,2,0,0,0,0,1,1,1,2,54,8,1995,2,11,10,1,10
2017471702975,2,19,0,18,0,1,0,0,0,0,3,1,1,1,38,7,1560,2,5,6,1,6
2017471702976,1,1,0,9,0,0,0,0,0,0,1,1,6,1,50,8,-1,-1,-1,8,1,8
2017471702976,2,9,0,17,0,0,0,0,0,0,3,1,6,1,51,8,1910,2,11,8,1,8
2017471702983,1,5,0,5,0,0,0,0,1,4,4,1,2,1,45,7,1170,1,1,2,1,2
2017471702983,2,9,0,5,0,0,0,0,0,0,0,1,6,3,35,6,-1,-1,-1,-1,-1,-1
2017471702984,1,11,0,7,0,8,0,0,0,0,0,1,1,1,45,7,12580,2,11,-1,-1,-1
2017471702984,2,1,0,18,0,1,0,0,0,0,0,1,6,2,17,4,-1,-1,-1,8,1,8
2017471702985,1,9,0,11,0,0,0,0,0,0,4,1,6,1,57,9,2494,1,15,7,2,7
2017471702985,2,5,0,18,0,0,0,0,0,0,3,1,6,1,50,8,660,1,11,9,1,9
2017471702986,1,9,0,18,0,2,0,7,0,2,1,1,6,1,44,7,1896,2,9,7,1,7
2017471702987,1,5,0,17,0,0,0,0,1,9,1,1,6,1,25,5,675,1,5,3,1,3
2017471702992,1,3,0,16,0,0,0,0,0,0,3,1,6,1,21,5,125,1,5,4,1,4
2017471702992,2,19,0,17,0,0,0,0,0,0,3,1,2,1,32,6,1995,2,1,8,1,8
2017471702993,1,8,0,7,0,3,0,0,0,0,2,1,1,1,41,7,1798,8,5,7,1,7
2017471702993,2,9,0,7,0,4,0,0,0,0,3,1,1,2,62,9,1995,2,2,5,3,5
2017471702994,1,11,0,2,0,0,0,0,0,0,0,1,1,1,24,5,9000,2,8,5,1,5
2017471702995,1,9,0,9,0,1,0,0,0,0,1,1,6,1,22,5,1995,2,8,7,1,7
2017471702995,2,9,0,5,0,2,0,0,0,0,1,1,6,1,81,11,1985,1,17,8,1,8
2017471702996,1,1,0,18,0,6,0,0,0,0,1,1,6,1,14,3,-1,-1,-1,6,1,6
2017471702996,2,9,0,18,0,1,0,0,0,0,3,1,6,1,38,7,2993,2,4,9,1,9
2017471702997,1,9,0,9,0,6,0,0,0,0,3,1,6,2,33,6,1149,1,13,10,1,10
2017471702997,2,9,0,16,0,8,0,0,0,0,3,1,6,2,57,9,1797,8,5,6,1,6
2017471702998,1,9,0,18,0,0,0,0,0,0,3,1,1,1,20,4,-1,-1,-1,7,1,7
2017471702998,2,9,0,18,0,0,0,0,0,0,3,1,1,2,19,4,998,1,-1,4,1,4
2017471702998,3,9,0,12,0,0,0,0,0,0,0,1,1,3,-1,-1,-1,-1,-1,-1,-1,-1
2017471702999,1,1,0,9,0,1,0,0,0,0,4,1,6,1,15,3,-1,-1,-1,6,2,6
2017471702999,2,9,0,18,0,8,0,0,0,0,1,1,6,1,27,6,1968,2,10,8,3,8
2017471703000,1,9,0,11,0,0,1,0,1,7,1,1,6,2,20,4,1598,1,12,6,1,6
2017471703001,1,9,0,18,0,3,0,0,0,0,4,1,6,1,42,7,1364,1,1,4,1,4
2017471703001,2,11,0,9,0,8,0,0,0,0,1,2,1,1,32,6,-1,-1,-1,-1,-1,-1
2017471703002,1,9,0,18,0,0,0,0,1,4,1,1,6,1,87,11,1797,8,5,8,1,8
2017471703004,1,9,0,9,0,8,0,0,0,0,1,1,6,2,60,9,1400,1,12,6,1,6
2017471703004,2,9,0,18,0,8,0,0,0,0,1,1,6,1,50,8,1598,1,10,6,3,6
2017471703005,1,9,0,6,0,0,0,0,0,0,1,1,6,3,-1,-1,2143,2,-1,-1,-1,-1
2017471703005,2,9,0,18,0,0,0,0,0,0,2,1,6,1,20,4,1596,1,7,6,1,6
2017471703009,1,3,0,18,0,3,0,0,0,0,3,1,6,1,20,4,124,1,-1,6,2,6
2017471703009,2,9,0,18,0,3,0,0,0,0,4,1,2,1,32,6,1461,2,2,7,1,7
2017471703009,3,9,0,18,0,3,0,0,0,0,0,1,6,3,-1,-1,-1,-1,-1,-1,-1,-1
2017471703011,1,1,0,17,0,0,0,0,0,0,1,1,6,1,18,4,-1,-1,-1,4,1,4
2017471703013,1,9,0,18,0,1,0,0,0,0,1,1,6,1,72,10,-1,-1,-1,7,3,7
2017471703013,2,9,0,18,0,1,0,0,0,0,2,1,6,1,38,7,1399,1,-1,7,1,7
2017471703013,3,9,0,10,0,1,0,0,0,0,2,1,6,2,53,8,1598,1,5,10,1,10
2017471703015,1,9,0,5,0,1,0,0,0,0,1,1,6,2,38,7,1240,1,14,4,1,4
2017471703015,2,9,0,5,0,1,0,0,0,0,2,1,6,2,39,7,1598,1,12,4,1,4
2017471703015,3,9,0,4,0,1,0,0,0,0,2,1,6,2,51,8,1999,1,9,5,1,5
2017471703017,1,9,0,18,0,0,0,0,0,0,1,1,6,1,37,7,3724,1,13,6,1,6
2017471703017,2,9,0,4,0,0,0,0,0,0,2,1,2,2,55,8,998,1,7,9,1,9
2017471703017,3,19,0,4,0,0,0,0,0,0,2,1,1,1,57,9,1968,2,2,7,1,7
2017471703018,1,19,4,5,0,6,0,0,0,0,0,1,2,1,66,10,2402,2,13,5,3,5
2017471703018,2,9,0,18,0,1,5,10,7,4,1,1,6,1,23,5,1997,2,15,2,2,2
2017471703019,1,9,0,18,0,8,0,0,0,0,1,1,6,1,55,8,1598,2,6,10,1,10
2017471703019,2,9,0,18,0,1,0,0,0,0,2,1,6,1,28,6,1200,1,1,6,1,6
2017471703020,1,9,0,7,0,2,0,0,0,0,3,1,6,1,50,8,1061,1,12,3,1,3
2017471703020,2,8,0,18,0,1,0,0,0,0,3,1,6,1,26,6,1499,2,-1,8,1,8
2017471703022,1,9,0,17,0,0,2,0,0,0,0,1,6,1,24,5,1242,1,11,9,1,9
2017471703023,1,9,0,9,0,6,0,0,0,0,1,1,6,1,75,10,2401,2,12,10,1,10
2017471703023,2,9,0,18,0,8,0,0,0,0,3,1,1,1,38,7,2198,2,3,7,1,7
2017471703024,1,9,0,18,0,0,5,0,0,0,1,1,6,2,18,4,1199,1,13,6,3,6
2017471703025,1,9,0,18,0,0,0,0,7,0,1,1,1,1,82,11,-1,-1,-1,6,1,6
2017471703025,2,19,0,18,0,0,0,0,1,0,3,1,1,1,29,6,2461,2,7,10,2,10
2017471703028,1,9,0,9,0,6,0,0,0,0,1,1,6,2,36,7,1390,1,12,10,1,10
2017471703028,2,9,0,18,0,8,0,0,0,0,1,1,6,1,18,4,1198,1,12,4,1,4
2017471703029,1,9,0,7,0,3,0,0,0,0,1,1,6,1,40,7,998,1,3,9,2,9
2017471703029,2,22,0,18,0,2,0,0,0,0,3,1,6,1,82,11,-1,-1,-1,5,3,5
2017471703033,1,2,0,14,0,8,0,0,7,0,1,1,6,1,16,4,49,1,7,8,2,8
2017471703033,2,9,0,9,0,5,0,0,0,0,3,1,6,1,61,9,1910,2,12,9,3,9
2017471703033,3,11,0,3,0,1,0,0,0,0,0,1,1,1,30,6,-1,-1,-1,-1,-1,-1
2017471703035,1,9,0,9,0,2,0,0,0,0,1,1,6,2,93,11,1753,2,10,10,1,10
2017471703035,2,9,0,18,0,8,0,0,0,0,4,1,6,2,19,4,1108,1,12,8,1,8
2017471703041,1,5,0,16,0,0,1,0,0,0,1,1,1,1,50,8,899,1,15,4,1,4
2017471703041,2,9,0,17,0,0,0,0,0,0,3,1,6,2,34,6,1997,2,11,1,1,1
2017471703049,1,9,0,18,0,1,0,0,0,0,1,1,6,1,29,6,1397,1,8,4,1,4
2017471703049,2,9,0,6,0,1,0,0,0,0,2,1,6,1,25,5,2000,1,12,6,3,6
2017471703049,3,9,0,2,6,1,0,0,0,0,3,1,6,3,-1,-1,-1,-1,-1,-1,-1,-1
2017471703052,1,19,0,18,0,0,0,0,0,0,1,1,6,1,62,9,1598,2,1,3,1,3
2017471703055,1,9,0,17,0,0,0,0,0,0,4,1,6,3,-1,-1,-1,-1,-1,-1,-1,-1
2017471703056,1,9,0,9,0,6,0,0,0,0,3,1,6,2,42,7,1299,1,16,4,1,4
2017471703056,2,9,0,18,0,1,1,0,7,4,1,1,6,2,20,4,1328,1,14,7,1,7
2017471703057,1,9,0,9,0,6,0,0,0,0,1,1,6,1,36,7,1598,1,8,4,1,4
2017471703057,2,9,0,18,0,8,0,0,0,0,1,1,6,2,20,4,998,1,1,7,3,7
2017471703060,1,9,0,18,0,1,0,0,0,0,1,1,6,2,29,6,1149,1,12,3,1,3
2017471703060,2,5,0,4,0,1,0,0,0,0,2,1,6,1,58,9,937,1,19,7,1,7
2017471703060,3,9,0,10,0,8,0,0,0,0,0,1,6,3,-1,-1,-1,-1,-1,-1,-1,-1
2017471703062,1,9,0,4,0,0,0,0,0,0,1,1,6,1,57,9,1796,1,10,1,1,1
2017471703062,2,9,0,4,0,0,0,0,0,0,2,1,2,1,50,8,2204,2,10,9,1,9
2017471703062,3,19,0,4,0,0,0,0,0,0,2,1,2,1,70,10,1968,2,6,10,1,10
2017471703063,1,5,0,16,0,0,1,0,7,1,1,1,6,1,33,6,1157,1,16,6,1,6
2017471703064,1,5,0,13,0,0,1,0,7,9,1,1,6,1,27,6,599,1,9,7,3,7
2017471703064,2,9,0,13,0,0,0,0,0,0,3,1,6,1,25,5,-1,-1,-1,9,2,9
2017471703064,3,9,0,18,0,0,0,0,0,0,0,1,6,2,68,10,1598,1,8,6,2,6
2017471703064,4,9,0,18,0,0,0,0,0,0,0,1,6,1,29,6,1598,1,11,8,3,8
2017471703065,1,9,0,18,0,4,5,0,0,0,1,1,6,1,52,8,1390,1,7,5,3,5
2017471703065,2,9,0,9,0,8,0,0,0,0,1,1,6,1,68,10,1560,2,5,4,1,4
2017471703067,1,9,0,12,0,6,0,0,0,0,2,1,6,2,76,11,1398,1,2,7,1,7
2017471703067,2,5,0,18,0,1,0,0,0,0,1,1,6,1,26,6,636,1,15,5,1,5
2017471703070,1,9,0,9,0,8,0,0,0,0,3,1,6,1,75,10,1368,1,-1,8,1,8
2017471703070,2,1,0,13,0,8,1,0,0,0,1,1,6,1,37,7,-1,-1,-1,5,1,5
2017471703071,1,19,0,1,8,5,0,0,0,0,2,1,1,1,35,6,2198,2,9,5,3,5
2017471703073,1,9,0,7,0,2,0,0,0,0,1,1,6,2,30,6,1999,1,10,8,2,8
2017471703075,1,9,0,9,0,4,0,7,1,0,3,1,6,1,18,4,1995,1,5,5,3,5
2017471703075,2,9,0,9,0,4,0,7,0,0,4,1,6,1,18,4,1597,1,27,5,3,5
2017471703075,3,9,0,2,0,1,0,0,0,0,0,1,6,3,-1,-1,1686,2,5,-1,-1,-1
2017471703076,1,9,0,16,0,0,0,0,1,4,1,1,6,1,28,6,1560,2,10,9,1,9
2017471703077,1,9,0,7,0,1,0,0,0,11,3,1,1,1,35,6,1800,8,5,1,1,1
2017471703077,2,19,0,18,0,8,0,0,0,11,1,1,1,1,52,8,2148,2,9,8,1,8
2017471703080,1,9,0,18,0,3,0,0,0,0,4,1,6,3,-1,-1,-1,-1,-1,-1,-1,-1
2017471703080,2,1,0,18,0,3,0,0,0,0,3,1,6,2,42,7,-1,-1,-1,7,1,7
2017471703081,1,9,0,1,0,6,0,0,0,0,2,1,6,2,40,7,1969,1,-1,10,1,10
2017471703081,2,1,0,18,0,6,0,0,0,0,4,1,6,1,20,4,-1,-1,-1,6,3,6
2017471703082,1,9,0,7,0,6,0,0,0,0,1,1,6,1,54,8,1753,2,10,7,1,7
2017471703082,2,1,0,18,0,8,0,0,0,0,4,1,6,2,53,8,-1,-1,-1,8,2,8
2017471703086,1,1,0,9,0,2,0,0,0,0,0,1,6,1,20,4,-1,-1,-1,2,1,2
2017471703086,2,9,0,18,0,2,0,0,0,0,3,1,6,1,30,6,1363,2,13,10,1,10
2017471703087,1,9,0,9,0,6,0,0,0,0,3,1,6,1,40,7,1390,1,12,5,1,5
2017471703087,2,9,0,14,0,1,0,0,0,0,1,1,6,1,54,8,3200,2,13,2,1,2
2017471703088,1,9,0,7,0,6,0,0,0,0,1,1,1,1,28,6,1598,2,2,3,1,3
2017471703088,2,9,0,4,0,1,1,0,7,0,4,1,6,1,27,6,898,1,1,4,1,4
2017471703088,3,9,0,4,0,1,0,0,0,0,0,1,6,1,67,10,-1,-1,-1,-1,-1,-1
2017471703095,1,9,0,7,0,6,0,0,0,0,1,1,6,3,30,6,-1,-1,-1,-1,-1,-1
2017471703096,1,9,0,9,0,6,0,0,0,0,3,1,6,2,51,8,1598,1,4,9,1,9
2017471703096,2,3,0,18,0,8,0,0,0,0,1,1,6,1,33,6,125,1,1,3,1,3
2017471703096,3,9,0,2,0,1,0,0,0,0,0,1,6,3,-1,-1,-1,-1,-1,-1,-1,-1
2017471703097,1,9,0,7,0,5,0,0,0,0,4,1,6,1,25,5,1560,2,7,9,1,9
2017471703097,2,3,0,18,0,8,0,0,0,0,1,1,6,1,19,4,124,1,3,9,1,9
2017471703098,1,9,0,18,0,8,0,0,0,0,4,1,6,1,70,10,1596,1,15,5,1,5
2017471703099,1,9,0,9,0,6,0,0,0,0,1,1,6,2,49,8,1968,2,4,9,3,9
2017471703099,2,9,0,17,0,1,0,0,0,0,1,1,1,1,58,9,1968,2,2,7,1,7
2017471703100,1,9,0,18,0,0,0,0,0,0,4,1,6,1,-1,-1,-1,-1,-1,-1,-1,-1
2017471703108,1,9,0,18,0,1,1,0,1,7,4,1,1,2,46,8,1560,2,2,6,1,6
2017471703108,2,19,0,18,0,1,0,0,0,0,4,1,1,1,46,8,1968,2,1,5,2,5
2017471703114,1,19,0,7,0,3,0,0,0,0,4,1,2,1,76,11,1560,2,9,10,2,10
2017471703114,2,1,0,18,0,8,0,0,0,0,3,1,2,1,40,7,-1,-1,-1,6,2,6
2017471703115,1,9,0,9,0,1,0,0,0,0,1,1,6,2,64,9,998,1,2,3,1,3
2017471703115,2,3,0,10,0,1,0,0,0,0,2,1,6,2,19,4,102,1,1,3,1,3
2017471703117,1,9,0,18,0,4,0,0,0,0,1,1,6,2,27,6,3222,2,12,5,1,5
2017471703117,2,9,0,9,0,3,0,0,0,0,2,1,6,1,83,11,1991,2,13,4,1,4
2017471703119,1,9,0,18,0,2,1,0,0,0,1,1,6,1,18,4,1242,1,16,9,1,9
2017471703119,2,8,0,2,0,2,0,0,0,0,0,1,6,3,-1,-1,1910,2,9,-1,-1,-1
2017471703122,1,9,0,8,0,1,0,0,0,0,1,1,6,1,52,8,998,1,2,1,1,1
2017471703122,2,1,0,18,0,1,0,0,0,0,1,1,6,1,35,6,-1,-1,-1,6,1,6
2017471703124,1,1,0,18,0,8,0,0,0,0,1,1,1,1,40,7,-1,-1,-1,4,1,4
2017471703124,2,19,0,18,0,8,0,0,0,0,1,1,1,1,38,7,1560,2,4,3,1,3
2017471703125,1,9,0,18,0,0,0,0,1,2,1,1,6,1,77,11,1596,1,10,8,3,8
2017471703126,1,9,0,18,0,0,0,0,0,0,1,1,6,1,49,8,1598,1,2,8,1,8