Accident_Index,Vehicle_Reference,Vehicle_Type,Towing_and_Articulation,Vehicle_Manoeuvre,Vehicle_Location-Restricted_Lane,Junction_Location,Skidding_and_Overturning,Hit_Object_in_Carriageway,Vehicle_Leaving_Carriageway,Hit_Object_off_Carriageway,1st_Point_of_Impact,Was_Vehicle_Left_Hand_Drive?,Journey_Purpose_of_Driver,Sex_of_Driver,Age_of_Driver,Age_Band_of_Driver,Engine_Capacity_(CC),Propulsion_Code,Age_of_Vehicle,Driver_IMD_Decile,Driver_Home_Area_Type,Vehicle_IMD_Decile
2017471703128,1,9,0,18,0,0,0,12,0,0,1,1,6,1,50,8,-1,-1,-1,-1,-1,-1
2017471703128,2,9,0,18,0,0,0,0,0,0,1,1,6,1,69,10,-1,-1,-1,10,1,10
2017471703128,3,20,0,18,0,0,0,0,0,0,2,1,1,1,59,9,6700,2,2,9,1,9
2017471703129,1,9,0,5,0,4,0,0,0,0,1,1,6,1,22,5,1598,1,11,2,1,2
2017471703129,2,1,0,9,0,4,0,0,0,0,1,1,6,1,64,9,-1,-1,-1,9,1,9
2017471703134,1,9,0,18,0,0,0,12,0,0,1,1,6,1,71,10,1598,1,9,6,2,6
2017471703134,2,9,0,18,0,0,0,12,0,0,1,1,1,2,48,8,1991,2,7,8,3,8
2017471703135,1,9,0,10,0,4,0,0,0,0,1,1,6,1,50,8,1396,1,19,4,1,4
2017471703135,2,1,0,18,0,8,0,0,0,0,1,1,6,1,41,7,-1,-1,-1,4,1,4
2017471703140,1,9,0,6,0,8,0,0,0,0,1,1,6,2,45,7,-1,-1,-1,5,1,5
2017471703141,1,19,0,7,2,1,0,0,0,0,0,1,6,1,65,9,-1,-1,-1,1,1,1
2017471703141,2,11,0,4,2,1,0,0,0,0,0,1,1,1,56,9,9360,2,4,6,1,6
2017471703143,1,9,0,18,0,0,0,0,8,4,1,1,6,2,74,10,1598,1,15,4,1,4
2017471703143,2,9,0,18,0,0,0,0,0,0,4,1,6,2,46,8,1598,1,10,10,1,10
2017471703144,1,9,0,4,0,1,0,0,0,0,1,1,1,2,23,5,1560,2,1,4,1,4
2017471703144,2,11,0,2,0,1,0,0,0,0,0,1,6,3,-1,-1,2977,2,27,-1,-1,-1
2017471703145,1,9,0,9,0,5,0,0,0,0,4,1,6,1,18,4,1229,1,12,9,1,9
2017471703145,2,9,0,18,0,8,0,0,0,0,1,1,6,2,28,6,1388,1,11,5,1,5
2017471703146,1,9,0,9,0,6,0,0,2,10,1,1,6,2,32,6,1598,2,2,8,1,8
2017471703146,2,9,0,16,0,2,0,0,2,10,1,1,6,1,38,7,1995,2,7,10,1,10
2017471703147,1,9,0,18,0,1,0,0,7,2,1,1,6,2,33,6,1598,1,4,3,1,3
2017471703147,2,9,0,10,0,1,0,0,0,0,0,1,6,1,30,6,-1,-1,-1,-1,-1,-1
2017471703148,1,22,0,9,9,8,5,0,0,0,1,1,6,1,94,11,-1,3,4,9,2,9
2017471703148,2,9,0,18,0,8,1,0,0,0,1,1,6,1,70,10,1242,1,10,10,1,10
2017471703149,1,5,5,4,0,1,1,0,0,0,1,1,6,1,52,8,1800,1,15,4,1,4
2017471703149,2,9,0,4,0,1,0,0,0,0,2,1,6,1,20,4,998,1,1,7,1,7
2017471703149,3,9,0,7,0,5,0,0,0,0,0,1,1,1,-1,-1,-1,-1,-1,-1,-1,-1
2017471703150,1,9,0,5,0,1,0,0,0,0,2,1,6,3,-1,-1,1587,1,18,-1,-1,-1
2017471703150,2,9,0,18,0,1,0,0,0,0,1,1,1,1,37,7,1997,2,-1,6,1,6
2017471703150,3,9,0,3,0,2,0,0,0,0,1,1,6,2,36,7,1598,1,12,5,1,5
2017471703151,1,9,0,9,0,5,0,4,0,0,1,1,6,1,92,11,1998,1,2,9,1,9
2017471703151,2,9,0,2,0,2,0,0,0,0,3,1,6,2,57,9,1587,1,13,7,1,7
2017471703151,3,9,0,2,0,2,0,0,0,0,3,1,6,3,-1,-1,1998,2,13,-1,-1,-1
2017471703156,1,9,0,18,0,1,1,0,1,11,3,1,6,1,21,5,998,1,2,4,1,4
2017471703156,2,9,0,5,0,1,0,0,0,0,3,1,6,1,57,9,2698,2,11,3,1,3
2017471703157,1,9,0,18,0,6,0,0,1,11,4,1,6,2,25,5,1490,1,8,8,3,8
2017471703157,2,9,0,18,0,8,0,0,0,0,1,1,6,1,46,8,1798,1,12,7,1,7
2017471703161,1,9,0,9,0,6,0,0,0,0,1,1,6,1,40,7,1598,2,5,1,1,1
2017471703161,2,3,0,14,0,8,0,0,0,0,1,1,6,1,18,4,125,1,1,2,1,2
2017471703162,1,9,0,18,0,1,0,0,7,11,3,1,1,2,35,6,1364,1,10,9,1,9
2017471703162,2,9,0,18,0,1,0,0,7,2,1,1,6,2,51,8,998,1,8,10,1,10
2017471703164,1,9,0,18,0,0,5,4,0,0,1,1,6,2,30,6,1587,1,14,3,1,3
2017471703164,2,9,0,2,0,0,0,0,0,0,3,1,6,3,-1,-1,1968,2,11,-1,-1,-1
2017471703164,3,9,0,2,0,0,0,0,0,0,3,1,6,3,-1,-1,1905,2,19,-1,-1,-1
2017471703167,1,9,0,18,0,1,0,0,0,0,0,1,6,2,31,6,1968,2,6,10,1,10
2017471703167,2,9,0,10,0,1,0,0,0,0,2,1,6,1,43,7,1598,1,10,7,1,7
2017471703170,1,1,0,18,0,8,0,0,0,0,1,1,6,2,18,4,-1,-1,-1,3,1,3
2017471703170,2,19,0,18,0,6,0,0,0,0,4,1,2,1,43,7,1868,2,12,4,1,4
2017471703171,1,9,0,18,0,1,0,0,0,0,1,1,6,2,27,6,1248,2,6,2,1,2
2017471703171,2,9,0,3,0,8,0,0,0,0,2,1,6,2,28,6,1560,2,8,6,1,6
2017471703171,3,9,0,10,0,8,0,0,0,0,2,1,6,2,45,7,1796,1,12,7,1,7
2017471703173,1,9,0,18,0,0,0,0,7,4,3,1,6,2,61,9,1596,1,9,8,3,8
2017471703173,2,9,0,18,0,0,0,0,0,0,3,1,6,2,73,10,1999,2,1,7,3,7
2017471703174,1,8,0,18,0,8,0,0,0,0,1,1,1,1,45,7,1896,2,8,2,1,2
2017471703174,2,8,0,18,0,8,0,0,0,0,4,1,1,1,55,8,2143,2,4,4,1,4
2017471703175,1,9,0,7,0,1,0,0,0,0,4,1,6,1,21,5,1390,1,8,7,1,7
2017471703175,2,3,0,18,0,1,0,0,0,0,1,1,2,1,23,5,124,1,7,8,1,8
2017471703180,1,9,0,18,0,1,0,0,0,0,1,1,6,2,30,6,1598,1,12,5,1,5
2017471703180,2,9,0,18,0,1,0,0,0,0,2,1,6,2,42,7,1598,1,12,4,1,4
2017471703181,1,21,4,4,0,4,0,0,0,0,1,1,1,1,32,6,12777,2,5,4,1,4
2017471703181,2,9,0,4,0,4,0,0,0,0,2,1,6,1,38,7,999,1,1,8,1,8
2017471703182,1,9,0,4,0,0,0,0,0,0,1,1,6,1,72,10,1195,1,20,3,1,3
2017471703184,1,19,0,12,0,8,0,0,0,0,4,1,2,1,21,5,1560,2,6,6,1,6
2017471703184,2,3,0,15,0,8,0,0,0,0,3,1,6,1,32,6,124,1,9,5,1,5
2017471703185,1,9,0,14,0,1,0,0,0,0,3,1,6,2,61,9,1781,1,15,9,2,9
2017471703185,2,20,0,2,0,1,0,0,0,0,0,1,1,3,-1,-1,-1,-1,-1,-1,-1,-1
2017471703186,1,9,0,18,0,1,0,0,0,0,1,1,6,2,23,5,1598,2,6,6,1,6
2017471703186,2,3,0,3,0,1,0,0,0,0,2,1,6,1,21,5,806,1,-1,4,1,4
2017471703186,3,9,0,3,0,1,0,0,0,0,2,1,6,1,52,8,998,1,2,7,1,7
2017471703189,1,5,0,18,0,1,0,0,0,0,3,1,6,1,26,6,125,1,14,1,1,1
2017471703189,2,9,0,10,0,1,0,0,0,0,0,1,6,2,36,7,998,1,2,6,3,6
2017471703191,1,9,0,18,0,2,5,0,0,0,3,1,6,1,85,11,1797,8,6,2,1,2
2017471703191,2,9,0,2,0,2,0,0,0,0,4,1,6,3,-1,-1,1997,1,17,-1,-1,-1
2017471703193,1,11,0,18,0,2,0,0,0,0,4,1,1,1,51,8,9360,2,4,4,1,4
2017471703194,1,11,0,7,0,2,0,0,0,0,4,1,6,3,-1,-1,-1,-1,-1,-1,-1,-1
2017471703194,2,1,0,3,4,1,0,0,0,0,2,1,6,1,28,6,-1,-1,-1,4,1,4
2017471703197,1,9,0,16,0,0,0,0,0,0,1,1,1,2,68,10,2179,2,4,9,3,9
2017471703197,2,9,0,18,0,0,0,0,0,0,1,1,6,1,69,10,1984,1,1,8,1,8
2017471703199,1,9,0,18,0,0,0,0,0,0,1,1,6,1,52,8,-1,-1,-1,10,1,10
2017471703203,1,9,0,18,0,8,0,0,0,0,1,1,6,1,62,9,2360,8,9,8,1,8
2017471703203,2,1,0,18,0,8,0,0,0,0,4,1,4,1,15,3,-1,-1,-1,10,1,10
2017471703204,1,5,0,16,0,1,0,0,0,0,1,1,6,1,51,8,1203,1,10,9,1,9
2017471703204,2,9,0,9,0,1,0,0,0,0,1,1,6,2,20,4,1968,2,5,9,1,9
2017471703205,1,5,0,4,0,1,0,0,0,0,1,1,6,1,71,10,996,1,13,10,2,10
2017471703205,2,9,0,3,0,1,0,0,0,0,0,1,6,1,69,10,1598,1,12,9,3,9
2017471703205,3,9,0,10,0,1,0,0,0,0,0,1,6,1,28,6,1796,1,9,10,1,10
2017471703206,1,9,0,18,0,1,0,0,0,0,1,1,6,1,46,8,2993,2,1,9,3,9
2017471703206,2,9,0,8,0,2,0,0,0,0,2,1,6,1,43,7,1587,1,13,8,1,8
2017471703207,1,9,0,18,0,4,0,0,0,0,3,1,6,2,56,9,1956,2,6,7,1,7
2017471703207,2,1,0,18,0,8,0,0,0,0,1,1,6,1,33,6,-1,-1,-1,5,1,5
2017471703208,1,9,0,18,0,1,0,0,0,0,1,1,6,2,18,4,998,1,8,8,1,8
2017471703210,1,9,0,18,0,6,0,0,3,11,1,1,6,2,51,8,1951,2,13,2,1,2
2017471703211,1,3,0,18,0,1,0,0,0,0,1,1,6,1,31,6,124,1,1,5,1,5
2017471703211,2,9,0,10,0,8,0,0,0,0,2,1,6,2,49,8,2179,2,5,8,3,8
2017471703213,1,5,0,18,0,0,0,12,0,0,1,1,6,1,46,8,1299,1,14,9,1,9
2017471703214,1,9,0,18,0,2,0,0,0,0,3,1,6,3,-1,-1,-1,-1,-1,-1,-1,-1
2017471703214,2,9,0,2,0,2,0,0,0,0,3,1,6,3,-1,-1,1396,1,15,-1,-1,-1
2017471703215,1,9,0,18,0,0,1,0,2,4,1,1,6,2,28,6,1598,1,14,4,2,4
2017471703218,1,9,0,9,0,5,0,0,0,0,1,1,6,1,55,8,1997,1,9,6,1,6
2017471703219,1,9,0,18,0,1,0,0,0,0,1,1,6,1,23,5,1398,2,13,8,1,8
2017471703219,2,9,0,10,0,1,0,0,0,0,2,1,6,2,68,10,1329,1,3,7,3,7
2017471703228,1,19,0,1,0,1,0,0,0,0,2,1,6,1,22,5,-1,-1,-1,6,1,6
2017471703228,2,4,0,3,0,1,0,0,0,0,1,1,6,1,41,7,125,1,8,5,1,5
2017471703229,1,9,0,18,0,8,1,0,1,0,1,1,6,2,17,4,1242,1,7,9,1,9
2017471703229,2,19,0,17,0,8,0,0,0,0,1,1,2,1,55,8,1560,2,3,9,1,9
2017471703231,1,9,0,14,0,0,1,0,0,0,1,1,6,1,22,5,1995,2,9,7,3,7
2017471703231,2,9,0,18,0,0,0,0,1,0,2,1,6,2,45,7,-1,-1,-1,6,3,6
2017471703231,3,9,0,2,0,0,0,0,0,0,0,1,1,3,-1,-1,-1,-1,-1,-1,-1,-1
2017471703233,1,9,0,17,0,1,0,10,3,4,3,1,6,1,26,6,2800,1,17,8,1,8
2017471703234,1,9,0,18,0,1,0,0,0,0,1,1,6,1,58,9,1686,2,6,3,1,3
2017471703234,2,1,0,18,0,1,0,0,0,0,1,1,6,1,35,6,-1,-1,-1,2,1,2
2017471703235,1,9,0,6,0,0,0,0,0,0,1,1,6,2,21,5,1596,1,11,9,1,9
2017471703235,2,1,0,13,0,0,0,0,0,0,1,1,6,1,26,6,-1,-1,-1,10,1,10
2017471703236,1,9,0,18,0,8,0,0,0,0,1,1,6,2,37,7,1997,2,5,6,3,6
2017471703236,2,9,0,4,0,8,0,0,0,0,2,1,6,2,35,6,2204,2,9,6,3,6
2017471703241,1,19,0,9,0,8,0,0,0,0,1,1,1,1,19,4,1560,2,3,3,1,3
2017471703241,2,1,0,18,0,8,0,0,0,0,1,1,2,1,28,6,-1,-1,-1,2,1,2
2017471703244,1,9,0,18,0,0,1,0,0,0,1,1,2,1,25,5,1984,1,12,6,2,6
2017471703244,2,20,0,18,0,0,0,0,0,0,3,1,1,1,41,7,5880,2,12,-1,1,-1
2017471703247,1,1,0,18,5,0,0,0,0,0,0,1,6,1,39,7,-1,-1,-1,6,1,6
2017471703249,1,9,0,5,0,1,0,0,0,0,1,1,6,1,96,11,1796,1,14,10,1,10
2017471703249,2,9,0,18,0,1,0,0,0,0,4,1,6,2,37,7,1298,1,15,7,1,7
2017471703250,1,9,0,13,0,0,0,0,0,0,4,1,6,2,86,11,998,1,3,9,3,9
2017471703250,2,1,0,18,0,0,0,0,0,0,3,1,6,2,47,8,-1,-1,-1,5,1,5
2017471703250,3,9,0,18,0,0,0,0,0,0,0,1,6,3,-1,-1,-1,-1,-1,-1,-1,-1
2017471703251,1,9,0,18,0,0,0,0,0,0,1,1,6,2,38,7,1560,2,2,6,3,6
2017471703251,2,9,0,18,0,0,0,0,0,0,1,1,2,2,43,7,1999,1,8,10,1,10
2017471703251,3,9,0,18,0,0,0,0,0,0,3,1,6,2,19,4,998,1,4,10,3,10
2017471703253,1,21,5,5,0,8,0,0,0,0,2,1,6,3,-1,-1,-1,-1,-1,-1,-1,-1
2017471703253,2,1,0,7,0,3,0,0,0,0,0,1,1,2,55,8,-1,-1,-1,5,1,5
2017471703254,1,9,0,9,0,4,0,0,0,0,0,1,6,1,57,9,1590,1,15,7,1,7
2017471703254,2,1,0,9,0,8,0,0,0,0,1,1,2,1,36,7,-1,-1,-1,4,1,4
2017471703255,1,5,0,13,0,0,0,0,7,9,3,1,6,1,57,9,1085,1,23,7,1,7
2017471703255,2,9,0,18,0,0,0,0,0,0,3,1,6,1,57,9,1968,2,2,8,2,8
2017471703256,1,9,0,13,0,1,0,0,1,0,1,1,6,2,25,5,1242,1,8,9,1,9
2017471703256,2,9,0,7,0,6,0,0,0,0,1,1,6,2,25,5,1896,2,12,6,1,6
2017471703257,1,9,0,9,0,1,0,0,0,0,1,1,1,1,35,6,-1,-1,-1,4,2,4
2017471703257,2,3,0,18,0,1,0,0,0,0,1,1,6,1,20,4,124,1,9,5,2,5
2017471703258,1,9,0,18,0,8,0,0,0,0,4,1,1,2,68,10,1329,1,3,7,3,7
2017471703259,1,1,0,18,5,8,0,0,0,0,0,1,2,2,55,8,-1,-1,-1,4,1,4
2017471703260,1,9,0,14,0,5,0,0,0,0,3,1,6,1,56,9,1398,1,3,1,1,1
2017471703260,2,9,0,2,0,1,0,0,0,0,0,1,6,3,-1,-1,-1,-1,-1,-1,-1,-1
2017471703262,1,19,4,18,0,0,0,0,0,0,3,1,6,1,45,7,1686,2,16,1,1,1
2017471703262,2,9,0,18,0,0,0,0,0,0,0,1,6,1,53,8,2902,2,10,7,1,7
2017471703263,1,9,0,4,0,0,0,0,0,0,1,1,2,2,64,9,1798,1,9,9,1,9
2017471703263,2,1,0,18,0,0,0,0,0,0,4,1,1,2,34,6,-1,-1,-1,8,1,8
2017471703264,1,9,0,7,0,8,0,0,0,0,4,1,6,2,30,6,-1,-1,-1,-1,-1,-1
2017471703267,1,9,0,7,0,2,0,0,0,0,1,1,6,1,49,8,-1,-1,-1,5,1,5
2017471703268,1,9,0,5,0,8,0,0,0,0,1,1,6,2,60,9,1582,2,4,10,1,10
2017471703268,2,1,0,9,0,8,0,0,0,0,4,1,6,1,60,9,-1,-1,-1,7,1,7
2017471703269,1,9,0,5,0,3,0,0,0,0,3,1,2,2,26,6,1499,1,1,8,1,8
2017471703269,2,1,0,18,0,3,0,0,1,0,1,1,6,1,30,6,-1,-1,-1,6,1,6
2017471703271,1,3,0,18,0,1,0,0,0,0,1,1,6,1,20,4,125,1,1,-1,-1,-1
2017471703271,2,8,0,9,0,2,0,0,0,0,4,1,6,1,37,7,1968,2,5,5,1,5
2017471703272,1,19,0,18,0,0,0,0,0,0,1,1,2,1,19,4,1598,2,3,10,1,10
2017471703272,2,9,0,2,6,0,0,0,0,0,1,1,6,3,-1,-1,1796,1,13,-1,-1,-1
2017471703272,3,9,0,2,6,0,0,0,0,0,1,1,6,3,-1,-1,1896,2,14,-1,-1,-1
2017471703274,1,9,0,5,0,0,0,0,0,0,3,1,6,1,50,8,-1,-1,-1,-1,-1,-1
2017471703274,2,2,0,18,0,0,0,0,0,0,4,1,6,1,16,4,49,1,11,8,1,8
2017471703276,1,9,0,2,0,2,0,0,0,0,3,1,6,1,56,9,1968,2,11,4,1,4
2017471703276,2,1,0,18,0,2,0,0,0,0,1,1,6,1,39,7,-1,-1,-1,6,1,6
2017471703277,1,9,0,6,0,0,0,0,0,0,3,1,3,1,46,8,-1,-1,-1,8,1,8
2017471703277,2,5,0,14,0,0,0,0,0,0,3,1,1,1,51,8,1170,1,1,7,1,7
2017471703278,1,9,0,18,0,1,0,0,0,0,1,1,2,1,63,9,-1,-1,-1,10,2,10
2017471703278,2,19,0,7,0,1,0,0,0,0,4,1,2,1,62,9,-1,-1,-1,10,2,10
2017471703280,1,1,0,16,0,8,0,0,0,0,1,1,6,1,55,8,-1,-1,-1,6,3,6
2017471703280,2,9,0,17,0,8,0,0,0,0,3,1,6,2,88,11,1242,1,4,6,2,6
2017471703282,1,19,0,18,0,0,0,0,1,4,1,1,1,1,54,8,2460,2,12,8,1,8
2017471703283,1,9,0,18,0,1,0,0,0,0,0,1,6,3,30,6,-1,-1,-1,-1,-1,-1
2017471703283,2,9,0,18,0,1,0,0,0,0,4,1,6,2,52,8,1560,2,2,7,1,7
2017471703283,3,1,0,18,0,1,0,0,0,0,3,1,6,1,50,8,-1,-1,-1,6,1,6
2017471703284,1,11,0,18,0,0,0,0,0,0,3,1,1,3,40,7,-1,-1,-1,1,1,1
2017471703284,2,19,0,18,0,0,0,0,0,0,3,1,1,1,23,5,1995,2,-1,4,1,4
2017471703285,1,9,0,16,0,0,1,0,8,4,1,1,6,2,79,11,1595,1,4,7,3,7
2017471703285,2,9,0,17,0,0,0,0,0,0,4,1,6,2,88,11,1299,1,15,9,1,9
2017471703285,3,19,0,17,0,0,0,0,0,0,4,1,1,1,55,8,1995,2,3,8,3,8
2017471703288,1,8,0,9,0,6,0,0,0,0,1,1,1,1,57,9,1598,2,5,7,1,7
2017471703288,2,8,0,17,0,8,0,0,0,0,4,1,1,1,34,6,1968,2,5,8,1,8
2017471703289,1,9,0,18,0,1,0,0,0,0,1,1,6,2,81,11,1390,1,16,4,1,4
2017471703290,1,9,0,17,0,0,0,0,7,0,1,1,6,2,34,6,1149,1,5,5,3,5
2017471703290,2,9,0,2,0,0,0,0,0,0,2,1,6,3,-1,-1,1685,2,-1,-1,-1,-1
2017471703290,3,9,0,2,0,0,0,0,0,0,2,1,6,1,33,6,1229,1,12,5,3,5
2017471703291,1,5,0,18,0,0,1,0,0,0,1,1,6,1,24,5,999,1,2,2,1,2
2017471703291,2,9,0,18,0,0,0,0,0,0,3,1,6,1,41,7,1149,1,17,6,1,6
2017471703291,3,9,0,18,0,0,0,0,0,0,3,1,6,2,40,7,998,1,15,9,2,9
2017471703293,1,9,0,18,0,0,0,0,0,0,1,1,6,1,47,8,1997,2,13,2,1,2
2017471703293,2,9,0,18,0,0,0,0,0,0,2,1,6,2,35,6,998,1,5,4,1,4
2017471703294,1,9,0,9,0,6,0,0,0,0,4,1,6,1,50,8,-1,-1,-1,10,1,10
2017471703294,2,9,0,18,0,1,0,0,1,0,3,1,6,1,66,10,1596,1,7,9,1,9
2017471703295,1,9,0,7,0,8,0,0,0,0,0,1,6,3,-1,-1,-1,-1,-1,-1,-1,-1
2017471703296,1,9,0,7,0,6,0,0,1,9,1,1,6,1,22,5,2143,12,1,5,2,5
2017471703296,2,9,0,18,0,8,1,0,1,9,4,1,6,1,41,7,1968,2,6,10,1,10
2017471703297,1,9,0,12,0,1,0,0,0,0,3,1,6,3,52,8,1998,1,11,8,1,8
2017471703297,2,9,0,18,0,1,0,0,0,0,4,1,6,1,39,7,1248,2,9,2,1,2
2017471703298,1,5,0,18,0,0,0,0,0,0,1,1,6,1,41,7,659,1,10,7,1,7
2017471703298,2,9,0,2,0,0,0,0,0,0,2,1,6,3,-1,-1,1968,2,12,-1,-1,-1
2017471703301,1,19,0,18,0,1,0,0,0,0,1,1,1,1,45,7,2298,2,3,4,1,4
2017471703301,2,8,0,18,0,1,0,0,0,0,2,1,1,1,42,7,1798,8,1,1,1,1
2017471703302,1,9,0,18,0,0,5,0,1,10,4,1,6,1,72,10,1686,2,9,7,1,7
2017471703303,1,19,0,9,0,6,0,0,0,0,1,1,1,1,30,6,1968,2,12,8,1,8
2017471703303,2,19,0,18,0,8,0,0,0,0,1,1,1,1,21,5,1870,2,12,6,1,6
2017471703308,1,9,0,18,0,1,0,0,0,0,1,1,6,3,-1,-1,-1,-1,-1,-1,-1,-1
2017471703308,2,9,0,3,0,4,0,0,0,0,2,1,6,1,25,5,2996,1,12,9,1,9
2017471703311,1,9,0,18,0,6,0,0,0,0,1,1,1,2,34,6,1329,1,5,7,2,7
2017471703311,2,9,0,18,0,8,0,0,0,0,3,1,6,1,71,10,1197,1,2,10,1,10
2017471703313,1,9,0,18,0,0,0,0,0,0,1,1,2,2,30,6,1360,1,14,10,1,10
2017471703313,2,9,0,3,0,0,0,0,0,0,2,1,6,2,33,6,1598,1,5,6,1,6
2017471703314,1,19,0,18,0,0,0,0,0,0,4,1,6,1,36,7,2198,2,2,5,1,5
2017471703314,2,9,0,5,0,0,0,0,0,0,3,1,6,2,32,6,1299,1,17,4,1,4
2017471703315,1,9,0,16,0,0,0,0,0,0,1,1,6,2,86,11,1200,1,2,10,1,10
2017471703315,2,21,0,17,0,0,0,0,0,0,1,1,1,1,39,7,9186,2,4,5,2,5
2017471703316,1,19,0,1,0,8,0,11,0,0,2,1,1,1,28,6,2198,2,1,7,1,7
2017471703320,1,19,0,13,0,0,0,0,0,0,3,1,1,1,48,8,1248,2,1,-1,-1,-1
2017471703320,2,5,0,13,0,0,0,0,0,0,1,1,6,1,52,8,599,1,5,6,1,6
2017471703320,3,9,0,18,0,0,0,0,7,0,0,1,6,1,50,8,1596,1,7,10,2,10
2017471703321,1,5,0,4,0,2,0,4,0,0,4,1,6,1,58,9,899,1,15,6,1,6
2017471703321,2,9,0,2,0,2,0,0,0,0,2,1,6,2,25,5,1390,1,14,2,1,2
2017471703321,3,5,0,4,0,2,0,0,0,0,0,1,6,3,-1,-1,-1,-1,-1,-1,-1,-1
2017471703324,1,20,0,1,0,2,0,0,0,0,2,1,1,1,40,7,6692,2,6,7,1,7
2017471703324,2,9,0,3,0,2,0,0,0,0,4,1,1,2,30,6,1248,2,3,3,1,3
2017471703325,1,9,0,18,0,1,0,0,0,0,1,1,6,1,30,6,1582,2,7,5,1,5
2017471703325,2,9,0,4,0,1,0,0,0,0,2,1,6,2,24,5,1242,1,13,3,1,3
2017471703325,3,9,0,9,0,8,0,0,0,0,0,1,6,3,-1,-1,-1,-1,-1,-1,-1,-1
2017471703326,1,9,0,1,0,1,0,0,0,0,2,1,6,2,55,8,1197,1,3,-1,-1,-1
2017471703327,1,9,0,9,0,2,0,0,0,0,1,1,6,2,40,7,1796,1,14,1,1,1
2017471703328,1,9,0,18,0,0,0,0,0,0,1,1,6,2,45,7,1798,1,1,10,1,10
2017471703328,2,9,0,18,0,0,0,0,0,0,2,1,6,2,53,8,1364,1,3,6,2,6
2017471703328,3,9,0,9,0,0,0,0,0,0,1,1,6,1,34,6,-1,-1,-1,9,3,9
2017471703328,4,9,0,3,0,0,0,0,0,0,3,1,6,1,22,5,1242,1,8,10,1,10
2017471703330,1,1,0,18,0,0,0,0,0,0,4,1,6,1,52,8,-1,-1,-1,9,1,9
2017471703331,1,9,0,18,0,0,0,0,0,0,1,1,6,1,70,10,1560,2,3,1,1,1
2017471703331,2,9,0,3,0,0,0,0,0,0,2,1,6,1,36,7,999,1,4,-1,-1,-1
2017471703331,3,9,0,4,0,0,0,0,0,0,2,1,6,2,20,4,1229,1,5,-1,-1,-1
2017471703331,4,9,0,3,0,0,0,0,0,0,2,1,6,1,24,5,1598,1,16,-1,-1,-1
2017471703334,1,9,0,4,0,8,0,0,0,0,1,1,1,2,43,7,1124,1,14,7,3,7
2017471703334,2,9,0,3,0,8,0,0,0,0,2,1,1,1,54,8,-1,-1,-1,10,1,10
2017471703335,1,9,0,18,0,0,0,0,0,0,1,1,6,2,53,8,1968,2,5,7,3,7
2017471703335,2,9,0,3,0,0,0,0,0,0,2,1,6,2,50,8,1995,2,8,3,1,3
2017471703335,3,9,0,2,0,0,0,0,0,0,0,1,6,1,62,9,1998,1,13,7,2,7
2017471703337,1,8,0,9,0,6,0,0,0,0,3,1,1,1,42,7,1997,2,8,1,1,1
2017471703337,2,3,0,13,0,8,0,0,0,0,1,1,2,1,21,5,124,1,5,1,1,1
2017471703339,1,9,0,18,0,0,1,0,0,0,1,1,6,2,38,7,1560,2,3,9,1,9
2017471703339,2,9,0,18,0,0,0,0,0,0,2,1,6,1,75,10,1968,2,2,6,1,6
2017471703339,3,9,0,4,0,0,0,0,0,0,0,1,6,3,-1,-1,-1,-1,-1,-1,-1,-1
2017471703340,1,9,0,9,0,8,0,0,0,0,3,1,6,1,82,11,2290,1,17,9,3,9
2017471703340,2,9,0,18,0,8,0,0,0,0,1,1,6,2,52,8,1560,2,5,6,3,6
2017471703341,1,3,0,14,0,8,0,0,0,0,1,1,6,1,64,9,124,1,18,6,1,6
2017471703341,2,9,0,9,0,5,0,0,0,0,3,1,6,1,27,6,1596,1,11,9,1,9
2017471703342,1,9,0,18,0,1,0,0,0,0,1,1,1,1,42,7,2495,2,22,8,1,8
2017471703342,2,9,0,10,0,5,0,0,0,0,2,1,6,1,48,8,1229,1,9,6,3,6
2017471703343,1,9,0,18,0,0,5,4,0,0,1,1,6,2,19,4,1299,1,18,3,1,3
2017471703343,2,9,0,2,0,0,0,0,0,0,4,1,6,3,-1,-1,1995,1,10,-1,-1,-1
2017471703343,3,9,0,2,0,0,0,0,1,0,1,1,6,3,-1,-1,1598,1,4,-1,-1,-1
2017471703344,1,9,0,18,0,8,0,0,0,0,4,1,6,1,55,8,1560,2,5,6,1,6
2017471703344,2,9,0,18,0,8,0,0,1,0,1,1,6,2,48,8,1390,1,6,7,3,7
2017471703349,1,9,0,18,0,1,0,0,0,0,1,1,6,3,-1,-1,-1,-1,-1,-1,-1,-1
2017471703350,1,1,0,18,0,0,0,0,0,0,1,1,6,1,17,4,-1,-1,-1,8,1,8
2017471703350,2,9,0,2,0,0,0,0,0,0,1,1,6,1,50,8,1560,2,9,7,1,7
2017471703352,1,9,0,5,0,4,0,0,0,0,1,1,6,2,55,8,998,1,3,10,1,10
2017471703352,2,1,0,9,0,3,0,0,0,0,4,1,2,1,29,6,-1,-1,-1,9,2,9
2017471703356,1,9,0,17,0,1,0,0,0,0,1,1,6,1,43,7,1339,1,14,4,1,4
2017471703356,2,9,0,4,0,1,0,0,0,0,2,1,6,1,35,6,1596,1,9,6,1,6