Accident_Index,Vehicle_Reference,Vehicle_Type,Towing_and_Articulation,Vehicle_Manoeuvre,Vehicle_Location-Restricted_Lane,Junction_Location,Skidding_and_Overturning,Hit_Object_in_Carriageway,Vehicle_Leaving_Carriageway,Hit_Object_off_Carriageway,1st_Point_of_Impact,Was_Vehicle_Left_Hand_Drive?,Journey_Purpose_of_Driver,Sex_of_Driver,Age_of_Driver,Age_Band_of_Driver,Engine_Capacity_(CC),Propulsion_Code,Age_of_Vehicle,Driver_IMD_Decile,Driver_Home_Area_Type,Vehicle_IMD_Decile
2017471703356,3,9,0,9,0,5,0,0,0,0,0,1,6,3,-1,-1,-1,-1,-1,-1,-1,-1
2017471703357,1,9,0,18,0,1,0,0,0,0,1,1,6,2,20,4,1896,2,15,10,1,10
2017471703357,2,9,0,3,0,1,0,0,0,0,2,1,6,2,44,7,1598,2,5,10,2,10
2017471703359,1,9,0,16,0,2,0,0,0,0,1,1,6,3,-1,-1,-1,-1,-1,-1,-1,-1
2017471703359,2,1,0,16,0,2,0,0,1,0,2,1,6,1,18,4,-1,-1,-1,5,1,5
2017471703360,1,9,0,7,0,4,0,0,0,0,1,1,6,2,74,10,1390,1,5,9,1,9
2017471703360,2,5,0,9,0,8,0,0,0,0,4,1,6,1,50,8,1649,1,6,6,1,6
2017471703361,1,9,0,18,0,0,0,0,0,0,1,1,6,1,52,8,1560,2,3,10,1,10
2017471703361,2,9,0,3,0,0,0,0,0,0,2,1,1,1,28,6,1598,2,2,9,2,9
2017471703363,1,8,0,7,0,4,0,4,0,0,1,1,1,1,40,7,1598,2,2,2,1,2
2017471703363,2,9,0,3,0,4,0,0,0,0,2,1,1,2,47,8,998,1,-1,8,1,8
2017471703366,1,9,0,18,0,4,0,0,0,0,1,1,1,1,20,4,1248,1,7,10,1,10
2017471703366,2,9,0,18,0,3,0,0,0,0,2,1,1,1,48,8,1422,2,13,10,1,10
2017471703367,1,9,0,17,0,0,1,0,7,11,3,1,6,1,22,5,-1,-1,-1,8,1,8
2017471703368,1,9,0,9,0,5,0,0,0,0,1,1,6,1,84,11,998,1,9,5,2,5
2017471703368,2,1,0,18,0,8,0,0,0,0,1,1,6,1,53,8,-1,-1,-1,8,1,8
2017471703369,1,9,0,18,0,2,0,0,3,10,1,1,6,1,89,11,1242,1,8,9,1,9
2017471703373,1,9,0,18,0,0,0,0,0,0,1,1,6,1,75,10,1598,1,11,7,2,7
2017471703373,2,17,4,18,0,0,1,0,0,0,1,1,1,1,22,5,-1,2,-1,5,3,5
2017471703376,1,9,0,17,0,2,2,0,2,1,1,1,6,2,36,7,1968,2,6,10,2,10
2017471703377,1,11,0,18,0,0,0,0,0,0,1,1,1,2,49,8,6700,2,7,8,1,8
2017471703378,1,9,0,16,0,0,0,0,0,0,0,1,6,2,29,6,1560,2,1,6,1,6
2017471703378,2,9,0,16,0,0,1,11,2,4,1,1,6,1,42,7,1596,1,13,5,1,5
2017471703379,1,9,0,18,0,0,0,0,1,2,1,1,6,1,51,8,1587,1,13,2,1,2
2017471703380,1,9,0,18,0,0,0,0,0,0,1,1,6,1,30,6,1560,2,12,5,1,5
2017471703380,2,9,0,4,0,0,0,0,0,0,2,1,2,2,23,5,1242,1,5,10,1,10
2017471703380,3,9,0,4,0,0,0,0,0,0,2,1,6,1,39,7,1598,2,3,8,1,8
2017471703381,1,9,0,18,0,0,0,0,0,0,0,1,6,1,62,9,1997,2,1,-1,-1,-1
2017471703381,2,9,0,18,0,0,0,0,1,4,1,1,6,1,20,4,1999,1,9,10,2,10
2017471703382,1,9,0,18,0,0,0,0,8,4,4,1,6,2,36,7,1598,1,10,4,1,4
2017471703382,2,9,0,18,0,0,0,0,0,0,1,1,6,1,18,4,1242,1,9,5,1,5
2017471703383,1,9,0,5,0,4,0,0,0,0,1,2,6,2,27,6,1248,1,7,8,1,8
2017471703383,2,9,0,5,0,4,0,0,0,0,1,1,6,2,25,5,1988,1,15,5,1,5
2017471703386,1,9,0,5,0,4,0,0,0,0,1,1,6,2,-1,-1,1339,1,4,-1,-1,-1
2017471703386,2,1,0,18,0,8,0,0,0,0,4,1,6,1,42,7,-1,-1,-1,9,1,9
2017471703387,1,19,0,11,0,3,0,0,0,0,2,1,1,1,35,6,2464,2,10,4,1,4
2017471703387,2,90,0,11,0,3,0,0,0,0,1,1,1,1,45,7,3920,2,4,2,1,2
2017471703388,1,1,0,18,0,1,0,0,0,0,1,1,6,1,18,4,-1,-1,-1,10,1,10
2017471703388,2,9,0,14,0,1,0,0,0,0,4,1,6,2,47,8,1360,1,13,4,1,4
2017471703388,3,9,0,2,0,1,0,0,0,0,0,1,6,3,-1,-1,-1,-1,-1,-1,-1,-1
2017471703389,1,21,1,9,0,8,0,0,0,0,3,1,1,1,25,5,11120,2,3,4,1,4
2017471703389,2,5,0,7,0,8,1,0,0,0,3,1,2,1,53,8,997,1,27,6,1,6
2017471703390,1,9,0,5,0,0,0,0,0,0,1,1,6,2,68,10,1598,1,8,2,1,2
2017471703391,1,9,0,10,0,1,0,0,0,0,3,1,6,1,33,6,1560,2,4,8,2,8
2017471703391,2,9,0,18,0,1,0,0,0,0,3,1,6,2,73,10,2148,2,16,7,1,7
2017471703393,1,8,0,18,0,1,0,0,0,0,1,1,1,1,37,7,1968,2,8,1,1,1
2017471703393,2,9,0,3,0,1,0,0,0,0,2,1,6,2,86,11,1240,1,14,6,1,6
2017471703393,3,9,0,4,0,1,0,0,0,0,2,1,6,2,54,8,1995,2,1,9,1,9
2017471703394,1,9,0,18,0,4,0,0,0,0,3,1,6,1,58,9,1997,2,2,5,1,5
2017471703394,2,1,0,18,0,8,0,0,0,0,4,1,2,1,49,8,-1,-1,-1,4,1,4
2017471703395,1,9,0,9,0,6,0,0,0,0,1,1,6,2,55,8,2993,2,8,7,1,7
2017471703395,2,2,0,14,0,8,0,0,0,0,1,1,6,1,16,4,50,1,1,9,1,9
2017471703396,1,9,0,18,2,2,0,0,1,7,4,1,6,1,36,7,1497,1,16,3,1,3
2017471703397,1,9,0,9,0,6,0,0,0,0,3,1,2,1,54,8,1396,1,14,10,1,10
2017471703397,2,5,0,13,0,1,0,0,0,0,1,1,6,1,19,4,649,1,-1,5,3,5
2017471703398,1,9,0,18,0,8,0,0,0,0,1,1,6,3,-1,-1,2494,1,15,-1,-1,-1
2017471703398,2,1,0,18,0,8,0,0,0,0,3,1,6,1,11,3,-1,-1,-1,2,1,2
2017471703399,1,5,0,13,0,1,1,0,7,11,1,1,6,1,26,6,649,1,3,8,2,8
2017471703399,2,9,0,9,0,5,1,0,7,11,3,1,6,1,47,8,2793,1,19,7,3,7
2017471703400,1,9,0,18,0,1,0,0,0,0,1,1,6,1,80,11,1988,1,14,6,1,6
2017471703400,2,9,0,10,0,5,0,0,0,0,2,1,6,1,40,7,1299,1,18,7,3,7
2017471703402,1,9,0,18,0,1,0,0,0,0,4,1,6,1,52,8,3239,1,20,6,1,6
2017471703403,1,9,0,18,0,1,0,0,0,0,1,1,2,1,29,6,998,1,4,10,1,10
2017471703403,2,9,0,2,0,2,0,0,1,0,1,1,6,3,-1,-1,1799,1,9,-1,-1,-1
2017471703406,1,9,0,4,0,1,0,0,0,0,1,1,2,1,21,5,999,1,1,2,1,2
2017471703406,2,19,0,7,0,5,0,0,0,0,2,1,6,1,28,6,1598,2,2,1,1,1
2017471703406,3,9,0,7,0,8,0,0,0,0,0,1,6,1,30,6,-1,-1,-1,-1,-1,-1
2017471703407,1,9,0,9,0,8,0,0,0,0,4,1,6,3,30,6,-1,-1,-1,-1,-1,-1
2017471703407,2,1,0,18,0,8,0,0,0,0,3,1,6,1,25,5,-1,-1,-1,4,1,4
2017471703410,1,9,0,18,0,0,0,0,0,0,4,1,6,1,75,10,988,1,27,10,3,10
2017471703410,2,5,0,3,0,0,0,0,0,0,3,1,6,1,66,10,-1,-1,-1,6,1,6
2017471703411,1,9,0,6,0,7,0,0,4,6,3,1,6,1,25,5,1396,1,12,3,1,3
2017471703411,2,9,0,6,0,7,0,0,0,0,1,1,1,1,18,4,2993,2,3,9,2,9
2017471703411,3,9,0,6,0,7,0,0,0,0,3,1,1,1,18,4,2993,2,1,9,2,9
2017471703412,1,9,0,5,0,4,0,0,0,0,1,1,6,1,25,5,2720,2,11,9,3,9
2017471703412,2,1,0,5,0,4,0,0,0,0,2,1,6,1,61,9,-1,-1,-1,10,3,10
2017471703413,1,9,0,18,0,3,0,0,0,0,3,1,6,1,81,11,1339,1,2,10,1,10
2017471703413,2,1,0,9,0,3,0,0,0,0,4,1,6,1,75,10,-1,-1,-1,10,1,10
2017471703415,1,9,0,17,0,0,2,0,2,10,1,1,6,2,29,6,1997,2,14,8,1,8
2017471703419,1,9,0,4,0,0,1,0,0,0,1,1,6,1,29,6,3189,1,11,3,1,3
2017471703419,2,9,0,4,0,0,0,0,0,0,2,1,6,1,67,10,998,1,1,3,1,3
2017471703421,1,9,0,18,0,2,0,0,0,0,4,1,6,1,76,11,1598,1,16,9,2,9
2017471703422,1,9,0,13,0,0,0,0,7,10,1,1,6,2,32,6,1587,1,16,5,2,5
2017471703422,2,9,0,18,0,0,0,0,0,0,0,1,6,1,30,6,-1,-1,-1,-1,-1,-1
2017471703423,1,1,0,18,5,8,0,0,0,0,2,1,6,1,45,7,-1,-1,-1,4,1,4
2017471703423,2,9,0,7,5,6,0,0,0,0,1,1,1,1,36,7,1968,2,7,1,1,1
2017471703424,1,9,0,18,0,4,0,0,3,1,1,1,6,2,22,5,1229,1,5,7,1,7
2017471703425,1,9,0,9,0,8,0,0,0,0,1,1,6,2,28,6,1591,1,10,4,1,4
2017471703425,2,19,0,18,0,1,0,0,0,0,0,1,6,3,-1,-1,-1,-1,-1,-1,-1,-1
2017471703425,3,4,0,18,0,1,0,0,0,0,4,1,6,1,44,7,600,1,11,4,1,4
2017471703427,1,9,0,18,0,1,0,10,0,0,0,1,6,3,30,6,-1,-1,-1,-1,-1,-1
2017471703427,2,1,0,18,9,1,0,0,0,0,0,1,6,1,12,3,-1,-1,-1,7,1,7
2017471703430,1,8,0,18,0,1,0,0,0,0,3,1,1,1,57,9,1896,2,7,3,1,3
2017471703430,2,3,0,18,0,1,0,0,0,0,3,1,1,1,25,5,125,1,-1,1,1,1
2017471703432,1,9,0,2,6,0,0,0,0,0,3,1,1,1,54,8,1398,1,7,5,1,5
2017471703432,2,1,0,18,0,0,0,0,0,0,1,1,6,1,82,11,-1,-1,-1,5,1,5
2017471703434,1,1,0,18,0,1,0,0,0,0,1,1,6,2,20,4,-1,-1,-1,-1,-1,-1
2017471703434,2,9,0,18,0,1,0,0,0,0,3,1,6,2,-1,-1,1587,1,10,7,1,7
2017471703434,3,9,0,3,0,1,0,0,0,0,0,1,6,3,-1,-1,-1,-1,-1,-1,-1,-1
2017471703434,4,9,0,3,0,1,0,0,0,0,0,1,6,3,-1,-1,-1,-1,-1,-1,-1,-1
2017471703435,1,9,0,4,0,0,0,0,0,0,1,1,6,1,20,4,1598,1,12,4,1,4
2017471703435,2,19,0,3,0,0,0,0,0,0,2,1,2,1,30,6,1560,2,4,-1,-1,-1
2017471703439,1,19,0,7,0,2,0,0,0,0,1,1,6,1,27,6,2198,2,3,1,1,1
2017471703439,2,1,0,18,0,8,0,0,0,0,4,1,6,1,42,7,-1,-1,-1,7,1,7
2017471703441,1,9,0,5,0,2,0,0,0,0,1,1,6,2,19,4,1499,1,-1,10,1,10
2017471703442,1,9,0,9,0,8,0,0,0,0,3,1,6,2,83,11,1149,1,9,6,1,6
2017471703442,2,5,0,18,0,1,0,0,0,0,3,1,6,1,53,8,1000,1,33,8,1,8
2017471703444,1,1,0,18,0,8,0,0,0,0,1,1,6,1,49,8,-1,-1,-1,7,1,7
2017471703444,2,21,1,7,0,8,0,0,0,0,4,1,1,1,48,8,12902,2,2,2,1,2
2017471703448,1,3,0,18,0,0,1,0,0,0,1,1,6,1,19,4,125,1,1,10,1,10
2017471703448,2,9,0,18,0,0,1,0,0,0,2,1,6,1,20,4,-1,-1,-1,9,1,9
2017471703449,1,19,0,1,0,0,0,0,0,0,2,1,6,1,33,6,2402,2,10,5,2,5
2017471703450,1,11,0,18,0,1,0,0,0,0,0,1,1,1,52,8,9360,2,5,7,1,7
2017471703450,2,9,0,5,0,6,0,0,0,0,0,1,6,1,30,6,-1,-1,-1,-1,-1,-1
2017471703451,1,1,0,18,0,6,0,0,0,0,1,1,6,1,24,5,-1,-1,-1,4,1,4
2017471703451,2,9,0,18,0,8,0,0,0,0,4,1,6,1,47,8,1598,2,1,6,1,6
2017471703453,1,9,0,18,0,0,1,4,1,0,1,1,6,1,33,6,1995,2,7,3,1,3
2017471703453,2,9,0,2,0,0,0,0,0,0,4,1,6,3,-1,-1,1896,2,14,-1,-1,-1
2017471703453,3,9,0,2,0,0,0,4,0,0,2,1,6,3,-1,-1,-1,-1,-1,-1,-1,-1
2017471703453,4,9,0,2,0,0,0,0,0,0,2,1,6,3,-1,-1,998,1,2,-1,-1,-1
2017471703454,1,9,0,9,0,6,0,0,0,0,4,1,1,1,38,7,1896,2,13,4,1,4
2017471703454,2,9,0,18,0,8,0,0,0,0,1,1,1,1,50,8,2698,2,9,4,1,4
2017471703455,1,1,0,15,0,0,0,0,0,0,4,1,4,1,14,3,-1,-1,-1,3,1,3
2017471703455,2,9,0,18,0,0,0,0,0,0,0,1,6,2,29,6,1997,2,9,6,1,6
2017471703458,1,9,0,9,0,5,0,0,0,0,3,1,6,2,71,10,1248,1,-1,4,1,4
2017471703459,1,11,0,17,0,0,0,0,0,0,1,1,6,1,27,6,5132,2,2,4,1,4
2017471703459,2,9,0,4,0,0,0,0,0,0,2,1,6,2,66,10,998,1,1,8,3,8
2017471703459,3,11,0,14,0,0,0,0,0,0,0,1,6,1,63,9,9360,2,4,7,1,7
2017471703459,4,10,0,2,0,0,0,0,0,0,0,1,6,1,70,10,2402,2,7,2,1,2
2017471703464,1,19,0,18,0,1,1,4,0,5,1,1,6,1,31,6,2198,2,6,4,1,4
2017471703464,2,9,0,2,0,1,0,0,0,0,2,1,6,2,51,8,1582,2,4,1,1,1
2017471703465,1,11,0,14,2,0,0,0,0,0,4,1,1,1,49,8,5132,2,1,10,1,10
2017471703465,2,11,0,2,0,0,0,0,0,0,0,1,1,1,58,9,9000,2,11,4,1,4
2017471703468,1,9,0,18,0,1,0,0,0,0,1,1,6,2,30,6,1298,1,15,4,1,4
2017471703468,2,9,0,8,0,1,0,0,0,0,2,1,6,1,42,7,1997,2,15,2,1,2
2017471703469,1,9,0,18,0,0,5,0,1,6,1,1,6,1,19,4,599,1,15,7,2,7
2017471703471,1,9,0,9,0,6,0,0,0,0,1,1,6,1,51,8,1997,2,17,6,1,6
2017471703471,2,9,0,18,0,1,0,0,0,0,1,1,6,1,21,5,1398,2,8,8,1,8
2017471703472,1,9,0,14,0,0,0,0,0,0,1,1,6,2,49,8,2000,1,10,4,1,4
2017471703472,2,5,0,18,0,0,0,0,0,0,1,1,2,1,33,6,899,1,18,4,1,4
2017471703472,3,9,0,2,0,0,0,0,0,0,0,1,6,1,30,6,-1,-1,-1,-1,-1,-1
2017471703473,1,9,0,18,0,1,0,0,0,0,4,1,6,1,-1,-1,-1,-1,-1,-1,-1,-1
2017471703476,1,9,0,18,0,1,0,0,0,0,4,1,6,1,74,10,1364,1,1,8,1,8
2017471703479,1,9,0,13,0,0,0,0,0,0,0,1,6,1,57,9,1997,1,8,10,1,10
2017471703479,2,9,0,18,0,0,0,0,0,0,0,1,6,1,54,8,1796,1,13,7,1,7
2017471703479,3,1,0,18,0,0,0,0,1,0,0,1,6,1,73,10,-1,-1,-1,9,1,9
2017471703482,1,9,0,2,0,0,0,0,0,0,3,1,6,1,50,8,1332,1,18,4,1,4
2017471703482,2,1,0,18,0,0,0,0,0,0,4,1,6,1,48,8,-1,-1,-1,4,1,4
2017471703485,1,9,0,18,0,0,0,0,0,0,1,1,6,2,26,6,1590,1,14,4,1,4
2017471703485,2,9,0,18,0,0,0,0,0,0,1,1,6,2,70,10,1999,1,8,9,1,9
2017471703486,1,9,0,18,0,2,0,0,0,0,0,1,6,1,56,9,1896,2,10,6,3,6
2017471703486,2,4,0,18,0,2,0,11,1,0,1,1,2,1,48,8,1050,1,3,3,1,3
2017471703488,1,9,0,4,0,0,0,0,0,0,1,1,6,1,18,4,1242,1,14,6,2,6
2017471703488,2,9,0,4,0,0,1,0,0,0,2,1,6,1,18,4,1396,1,14,9,3,9
2017471703489,1,9,0,18,0,0,0,0,1,0,1,1,6,1,72,10,1390,1,14,6,2,6
2017471703489,2,21,0,18,0,0,0,0,7,10,1,1,1,1,28,6,6692,2,5,8,1,8
2017471703489,3,9,0,18,0,0,0,0,1,0,1,1,6,1,59,9,1896,2,8,9,1,9
2017471703492,1,19,0,18,0,1,0,0,0,0,1,1,2,1,38,7,2287,2,2,3,1,3
2017471703492,2,9,0,8,0,1,0,0,0,0,2,1,6,1,50,8,1998,2,9,9,1,9
2017471703492,3,8,0,8,0,1,0,0,0,0,4,1,1,1,47,8,2460,2,8,9,1,9
2017471703493,1,9,0,18,6,0,0,0,0,0,1,1,6,1,53,8,-1,-1,-1,5,1,5
2017471703493,2,9,0,2,6,0,0,0,1,10,2,1,6,2,29,6,1560,2,13,4,1,4
2017471703494,1,19,0,18,0,2,0,0,0,0,1,1,6,3,40,7,1998,2,13,1,1,1
2017471703494,2,9,0,3,0,2,0,0,0,0,2,1,2,2,38,7,1596,1,15,1,1,1
2017471703496,1,9,0,9,0,8,0,0,0,0,4,1,6,1,25,5,1798,1,5,5,1,5
2017471703496,2,5,0,18,0,8,0,0,0,0,1,1,6,1,56,9,1301,1,1,1,1,1
2017471703497,1,1,0,18,0,0,1,0,0,0,0,1,6,2,42,7,-1,-1,-1,6,1,6
2017471703498,1,9,0,18,0,0,5,0,1,9,1,1,6,2,53,8,1598,1,9,3,1,3
2017471703499,1,9,0,18,0,2,0,0,8,10,1,1,6,2,53,8,1796,1,9,8,1,8
2017471703499,2,9,0,18,0,1,0,0,1,0,1,1,6,1,48,8,-1,-1,-1,5,1,5
2017471703500,1,9,0,18,0,0,0,0,0,0,0,1,6,3,-1,-1,1086,1,13,-1,-1,-1
2017471703500,2,9,0,18,0,0,0,0,0,0,0,1,3,1,40,7,1968,2,1,2,1,2
2017471703502,1,9,0,18,0,6,1,0,0,0,1,1,6,1,26,6,1364,1,7,1,1,1
2017471703502,2,9,0,3,0,6,0,0,0,0,2,1,1,1,33,6,1461,2,10,1,1,1
2017471703503,1,1,0,18,0,1,0,0,0,0,1,1,6,1,24,5,-1,-1,-1,2,1,2
2017471703503,2,9,0,4,0,1,0,0,0,0,2,1,6,1,32,6,1368,1,2,10,1,10
2017471703506,1,5,0,17,0,0,1,0,0,0,0,1,6,1,65,9,1050,1,3,2,1,2
2017471703506,2,5,0,17,0,0,1,0,0,0,0,1,6,2,25,5,749,1,9,10,1,10
2017471703508,1,9,0,17,0,0,0,0,1,10,1,1,6,1,28,6,1598,1,15,3,1,3
2017471703511,1,9,0,7,0,6,0,0,0,0,1,1,6,1,83,11,1591,1,3,9,1,9
2017471703511,2,1,0,18,0,8,0,0,0,0,2,1,6,2,48,8,-1,-1,-1,8,1,8
2017471703513,1,9,0,2,0,0,0,0,0,0,4,1,6,1,50,8,998,1,16,2,1,2
2017471703513,2,1,0,18,0,0,0,8,0,0,1,1,6,2,51,8,-1,-1,-1,5,1,5
2017471703515,1,9,0,2,0,0,0,0,0,0,3,1,6,1,55,8,1461,2,4,8,1,8
2017471703515,2,1,0,18,0,0,0,8,0,0,1,1,6,1,66,10,-1,-1,-1,9,1,9
2017471703516,1,9,0,17,0,0,1,0,7,9,1,1,6,2,22,5,1598,1,12,9,1,9
2017471703516,2,9,0,16,0,0,0,0,0,0,0,1,6,3,-1,-1,-1,-1,-1,-1,-1,-1
2017471703520,1,9,0,9,0,5,0,0,0,0,1,1,6,2,22,5,1242,1,11,5,1,5
2017471703522,1,9,0,7,0,6,0,0,0,0,3,1,6,2,45,7,1590,1,16,7,1,7
2017471703526,1,8,0,7,0,1,0,0,0,0,4,1,1,1,74,10,1997,1,11,4,1,4
2017471703528,1,9,0,11,0,3,0,0,0,0,1,1,6,1,25,5,1910,2,9,5,1,5
2017471703528,2,9,0,18,0,8,0,0,0,0,3,1,6,1,44,7,-1,-1,-1,4,1,4
2017471703529,1,9,0,9,0,1,0,0,0,0,3,1,6,1,63,9,1499,2,2,8,1,8
2017471703529,2,3,0,18,0,1,0,0,0,0,4,1,2,1,21,5,125,1,1,4,1,4
2017471703534,1,9,0,9,0,5,1,0,0,0,1,1,2,1,21,5,2979,1,4,10,1,10
2017471703534,2,9,0,18,0,8,1,0,1,0,1,1,6,1,42,7,2191,2,4,6,1,6
2017471703535,1,19,0,9,0,6,0,0,0,0,1,1,6,1,69,10,1896,2,20,7,1,7
2017471703535,2,9,0,18,0,1,0,0,0,0,1,1,6,2,68,10,-1,-1,-1,7,2,7
2017471703536,1,9,0,18,0,1,0,0,0,0,1,1,6,1,31,6,2993,2,5,7,3,7
2017471703536,2,9,0,10,0,8,0,0,0,0,2,1,6,2,51,8,1124,1,18,10,1,10
2017471703538,1,9,0,4,0,1,0,0,0,0,1,1,6,2,70,10,1598,1,7,8,3,8
2017471703538,2,1,0,3,0,1,0,0,0,0,2,1,6,1,30,6,-1,-1,-1,7,1,7
2017471703540,1,9,0,1,0,8,0,0,0,0,2,1,1,1,35,6,2993,2,1,4,1,4
2017471703540,2,9,0,3,0,8,0,0,0,0,1,1,1,2,22,5,1496,2,1,8,1,8
2017471703541,1,9,0,17,0,0,2,0,2,10,1,1,6,1,78,11,2497,2,12,9,3,9
2017471703542,1,9,0,18,0,0,0,0,0,0,3,1,6,2,30,6,1998,1,1,-1,-1,-1
2017471703542,2,9,0,2,0,0,0,0,0,0,3,1,6,2,43,7,-1,-1,-1,7,1,7
2017471703543,1,9,0,18,0,4,0,0,0,0,1,1,6,1,55,8,1560,2,1,-1,-1,-1
2017471703543,2,19,0,3,0,4,0,0,0,0,2,1,2,1,41,7,2198,2,5,3,1,3
2017471703545,1,19,0,17,0,2,0,0,7,10,3,1,6,1,31,6,2198,2,8,10,1,10
2017471703545,2,9,0,16,0,1,0,0,1,10,3,1,6,1,64,9,1968,2,2,7,1,7
2017471703545,3,9,0,16,0,1,0,0,0,0,3,1,2,1,39,7,1599,1,13,2,1,2
2017471703546,1,9,0,17,0,0,1,0,0,0,1,1,2,2,29,6,1229,1,9,6,1,6
2017471703546,2,9,0,16,0,0,0,0,0,0,1,1,6,2,41,7,1596,1,10,6,3,6
2017471703548,1,9,0,17,0,0,1,0,1,11,1,1,6,1,21,5,1299,1,11,4,2,4
2017471703550,1,9,0,1,0,2,0,0,0,0,2,1,6,1,62,9,1339,1,11,8,1,8
2017471703551,1,9,0,7,0,5,0,0,0,0,3,1,2,1,50,8,998,1,3,3,1,3
2017471703551,2,9,0,18,0,8,0,0,0,0,1,1,2,1,52,8,1248,1,2,6,3,6
2017471703552,1,19,0,7,0,3,1,0,7,0,1,1,1,1,54,8,2151,2,15,6,3,6
2017471703553,1,5,0,18,0,1,0,0,0,0,1,1,6,1,60,9,998,1,10,7,1,7
2017471703553,2,9,0,18,0,1,0,0,0,0,2,1,6,1,58,9,1461,2,3,10,1,10
2017471703555,1,9,0,9,0,6,0,0,0,0,3,1,6,1,38,7,1596,1,14,6,1,6
2017471703555,2,3,0,13,0,8,0,0,0,0,3,1,6,1,20,4,125,1,2,3,1,3
2017471703555,3,9,0,18,0,8,0,0,0,0,3,1,6,1,49,8,1598,2,6,6,1,6
2017471703557,1,9,0,9,0,6,0,0,0,0,1,1,6,2,-1,-1,1968,2,6,8,3,8
2017471703557,2,9,0,14,0,8,0,0,0,0,4,1,6,1,35,6,1398,1,7,9,1,9
2017471703557,3,19,0,2,0,1,0,0,0,0,0,1,6,3,-1,-1,-1,-1,-1,-1,-1,-1
2017471703558,1,19,0,17,0,0,2,0,7,9,1,1,1,2,25,5,1598,2,-1,6,1,6
2017471703558,2,9,0,16,0,0,0,0,0,0,1,1,2,1,56,9,1968,2,4,6,1,6
2017471703560,1,9,0,7,0,8,0,0,0,0,1,1,6,1,22,5,-1,-1,-1,-1,-1,-1
2017471703560,2,1,0,18,0,8,0,0,0,0,4,1,4,1,10,2,-1,-1,-1,7,1,7
2017471703563,1,1,0,18,9,1,0,0,0,0,1,1,6,3,-1,-1,-1,-1,-1,-1,-1,-1
2017471703564,1,19,0,4,0,0,1,0,0,0,1,2,6,1,57,9,-1,-1,-1,10,1,10
2017471703564,2,9,0,3,0,0,0,0,0,0,2,1,6,2,45,7,1956,2,6,4,1,4
2017471703564,3,9,0,3,0,0,0,0,0,0,2,1,6,1,51,8,1598,2,6,9,1,9
2017471703565,1,9,0,4,0,4,0,0,0,0,1,1,6,1,50,8,1997,2,7,8,1,8
2017471703565,2,9,0,3,0,3,0,0,0,0,2,1,6,2,57,9,1197,1,-1,5,1,5
2017471703566,1,9,0,18,0,1,0,0,0,0,4,1,6,1,17,4,1124,1,12,6,1,6
2017471703566,2,9,0,18,0,8,0,0,0,0,1,1,6,1,84,11,1149,1,3,5,1,5
2017471703567,1,4,0,18,0,2,0,0,0,0,0,1,6,3,-1,-1,-1,-1,-1,-1,-1,-1
2017471703567,2,1,0,18,0,1,0,0,1,1,1,1,4,1,14,3,-1,-1,-1,8,1,8
2017471703568,1,9,0,5,0,6,0,0,0,0,3,1,6,2,59,9,1951,2,12,7,3,7
2017471703568,2,1,0,18,0,8,0,0,0,0,1,1,6,1,38,7,-1,-1,-1,7,1,7
2017471703569,1,11,0,4,0,1,0,0,0,0,1,1,6,1,28,6,3900,2,14,8,1,8
2017471703569,2,9,0,3,0,1,0,0,0,0,2,1,6,1,30,6,1388,1,15,7,2,7
2017471703571,1,19,0,9,0,5,0,0,0,0,1,1,1,1,56,9,1995,2,5,7,3,7
2017471703571,2,9,0,18,0,8,0,0,0,0,1,1,3,2,32,6,2179,2,5,5,3,5
2017471703574,1,9,0,9,0,1,0,0,0,0,3,1,6,2,66,10,1796,1,13,5,1,5
2017471703574,2,1,0,18,0,1,0,0,0,0,3,1,4,2,11,3,-1,-1,-1,6,1,6
2017471703575,1,3,0,7,0,6,1,0,0,0,3,1,6,2,28,6,125,1,1,6,3,6
2017471703576,1,9,0,18,0,0,0,0,0,0,1,1,6,1,37,7,1598,1,15,6,1,6
2017471703577,1,9,0,18,0,1,0,0,0,0,1,1,2,2,33,6,1388,1,10,10,1,10
2017471703583,1,9,0,18,0,8,0,0,0,0,0,1,6,1,40,7,1348,1,16,10,1,10
2017471703583,2,21,0,2,0,1,0,0,0,0,0,1,6,3,-1,-1,-1,-1,-1,-1,-1,-1
2017471703584,1,9,0,18,0,1,0,0,0,0,1,1,6,1,51,8,1798,1,7,8,1,8
2017471703584,2,9,0,9,0,5,0,0,0,0,3,1,6,1,35,6,1998,1,14,7,1,7
2017471703589,1,20,0,13,0,0,0,0,0,0,4,1,6,3,-1,-1,-1,-1,-1,-1,-1,-1
2017471703589,2,1,0,18,0,0,0,0,0,0,3,1,6,1,57,9,-1,-1,-1,7,1,7
2017471703592,1,11,0,18,0,1,0,0,0,0,3,1,1,1,34,6,12000,2,14,8,1,8
2017471703596,1,9,0,17,0,0,1,0,8,10,1,1,2,2,42,7,998,1,7,8,3,8
2017471703598,1,9,0,10,0,8,0,0,0,0,1,1,6,1,24,5,1968,2,6,5,1,5
2017471703598,2,9,0,18,0,8,0,0,0,0,2,1,6,2,41,7,1197,1,5,9,1,9