Accident_Index,Vehicle_Reference,Vehicle_Type,Towing_and_Articulation,Vehicle_Manoeuvre,Vehicle_Location-Restricted_Lane,Junction_Location,Skidding_and_Overturning,Hit_Object_in_Carriageway,Vehicle_Leaving_Carriageway,Hit_Object_off_Carriageway,1st_Point_of_Impact,Was_Vehicle_Left_Hand_Drive?,Journey_Purpose_of_Driver,Sex_of_Driver,Age_of_Driver,Age_Band_of_Driver,Engine_Capacity_(CC),Propulsion_Code,Age_of_Vehicle,Driver_IMD_Decile,Driver_Home_Area_Type,Vehicle_IMD_Decile
2017471703826,2,9,0,2,0,0,0,0,0,0,1,1,6,3,-1,-1,998,1,1,-1,-1,-1
2017471703829,1,9,0,7,0,5,0,0,0,0,4,1,6,3,-1,-1,1390,1,15,-1,-1,-1
2017471703829,2,1,0,18,4,8,0,0,0,0,3,1,6,1,33,6,-1,-1,-1,5,1,5
2017471703830,1,9,0,9,0,6,0,0,0,0,1,1,6,3,-1,-1,1242,1,15,-1,-1,-1
2017471703830,2,9,0,18,0,1,0,0,0,0,1,1,6,1,50,8,1998,2,11,5,1,5
2017471703831,1,4,0,16,0,0,0,0,0,0,1,1,6,1,24,5,124,1,5,7,1,7
2017471703831,2,9,0,17,0,0,0,0,0,0,1,1,6,1,32,6,1399,2,9,10,1,10
2017471703838,1,9,0,7,0,3,0,0,0,0,1,1,6,2,68,10,998,1,16,4,1,4
2017471703838,2,9,0,9,0,3,0,0,0,0,2,1,6,2,45,7,1997,2,2,9,1,9
2017471703839,1,9,0,18,0,0,2,0,1,0,1,1,6,1,18,4,1198,1,12,6,1,6
2017471703842,1,9,0,4,0,0,0,0,0,0,0,1,6,2,19,4,-1,-1,-1,7,1,7
2017471703843,1,9,0,18,0,8,0,0,0,0,1,1,6,1,40,7,1986,2,10,10,1,10
2017471703843,2,9,0,18,0,8,0,0,0,0,3,1,6,2,69,10,1600,2,8,7,3,7
2017471703844,1,9,0,17,0,2,2,10,1,4,3,1,2,1,29,6,1329,1,4,6,1,6
2017471703846,1,9,0,18,0,0,0,0,0,0,1,1,6,1,59,9,-1,-1,-1,5,1,5
2017471703846,2,3,0,4,0,0,0,0,0,0,2,1,6,1,33,6,125,1,12,1,1,1
2017471703848,1,3,0,18,0,1,0,0,0,0,1,1,6,1,18,4,124,1,1,7,3,7
2017471703848,2,9,0,3,0,1,0,0,0,0,2,1,6,1,63,9,2191,2,2,9,1,9
2017471703848,3,9,0,10,0,6,0,0,0,0,0,1,6,1,68,10,1998,2,12,7,3,7
2017471703849,1,9,0,9,0,2,0,0,0,0,1,1,6,1,51,8,996,1,2,3,1,3
2017471703849,2,1,0,18,0,1,0,0,0,0,3,1,6,1,46,8,-1,-1,-1,7,1,7
2017471703854,1,9,0,18,0,0,0,0,1,4,1,1,6,2,33,6,998,1,1,9,3,9
2017471703855,1,9,0,18,0,8,0,0,0,0,1,1,6,2,33,6,1596,1,8,7,1,7
2017471703855,2,9,0,18,0,8,0,0,0,0,3,1,6,1,75,10,1360,1,12,9,1,9
2017471703855,3,20,0,18,0,1,0,0,7,9,1,1,1,1,56,9,4500,2,2,7,3,7
2017471703856,1,11,0,4,0,1,0,0,0,0,0,1,1,1,55,8,4500,2,7,2,1,2
2017471703858,1,9,0,5,0,4,0,0,0,0,1,1,6,2,77,11,1199,1,14,6,3,6
2017471703858,2,1,0,3,0,4,0,0,0,0,2,1,6,1,49,8,-1,-1,-1,8,3,8
2017471703860,1,9,0,7,0,6,0,0,0,0,1,1,1,2,58,9,1339,1,11,5,1,5
2017471703861,1,1,0,9,0,6,0,0,0,0,3,1,6,1,49,8,-1,-1,-1,10,1,10
2017471703861,2,9,0,18,0,8,0,0,0,0,1,1,6,1,82,11,998,1,3,10,1,10
2017471703864,1,9,0,18,0,0,1,0,0,0,1,1,6,2,20,4,1149,1,11,7,1,7
2017471703864,2,9,0,18,0,0,0,0,0,0,2,1,2,2,25,5,998,1,3,3,1,3
2017471703866,1,9,0,16,0,0,5,0,8,11,3,1,6,2,66,10,1461,2,7,5,2,5
2017471703867,1,9,0,18,0,8,0,4,1,11,1,1,6,2,64,9,998,1,2,5,1,5
2017471703867,2,9,0,2,0,8,0,0,0,0,3,1,6,3,-1,-1,1999,1,16,-1,-1,-1
2017471703867,3,9,0,2,0,8,0,0,0,0,3,1,6,3,-1,-1,1390,1,5,-1,-1,-1
2017471703870,1,9,0,17,0,0,0,0,7,0,1,1,6,1,19,4,-1,-1,-1,9,2,9
2017471703871,1,9,0,18,0,0,0,0,1,4,1,1,6,2,42,7,2148,2,14,3,1,3
2017471703871,2,9,0,18,0,0,0,0,5,6,2,1,2,2,63,9,1798,1,3,10,1,10
2017471703872,1,20,0,5,0,1,0,0,0,0,1,1,6,1,46,8,-1,-1,-1,4,1,4
2017471703872,2,9,0,5,0,1,0,0,0,0,2,1,6,1,17,4,2000,2,8,5,1,5
2017471703873,1,9,0,4,0,0,1,0,1,1,1,1,2,1,33,6,1995,2,2,7,1,7
2017471703876,1,9,0,16,0,4,0,0,0,0,1,1,6,1,23,5,1398,1,1,10,1,10
2017471703876,2,9,0,6,0,8,0,0,0,0,4,1,6,1,23,5,4395,1,4,5,1,5
2017471703882,1,9,0,17,0,0,0,0,0,0,1,1,2,2,28,6,1389,1,15,10,1,10
2017471703882,2,19,0,16,0,0,0,0,0,0,1,1,2,1,36,7,2464,2,9,5,1,5
2017471703890,1,9,0,18,0,0,0,0,0,0,1,1,2,2,19,4,1595,1,1,5,1,5
2017471703890,2,9,0,4,0,0,0,0,0,0,2,1,1,2,42,7,1988,1,15,3,1,3
2017471703891,1,9,0,18,0,0,0,0,0,0,1,1,6,1,50,8,1200,1,1,1,1,1
2017471703891,2,9,0,18,0,0,0,0,1,0,3,1,6,2,63,9,1799,1,10,3,1,3
2017471703891,3,9,0,18,0,0,0,0,0,0,4,1,6,2,20,4,1499,1,-1,8,1,8
2017471703892,1,1,0,18,0,0,0,0,0,0,0,1,6,1,34,6,-1,-1,-1,3,1,3
2017471703893,1,9,0,18,0,0,0,0,0,0,4,1,6,1,43,7,1796,1,14,4,1,4
2017471703894,1,9,0,18,0,0,1,0,0,0,1,1,6,3,-1,-1,2000,2,13,-1,-1,-1
2017471703894,2,9,0,18,0,0,1,0,0,0,1,1,6,2,21,5,1398,2,10,8,3,8
2017471703895,1,1,0,18,0,8,0,0,0,0,4,1,6,1,35,6,-1,-1,-1,5,1,5
2017471703895,2,9,0,18,0,8,0,0,0,0,3,1,6,1,48,8,2261,1,-1,6,1,6
2017471703898,1,11,0,4,0,0,0,0,0,0,0,1,6,1,48,8,6700,2,1,2,1,2
2017471703899,1,9,0,9,0,1,0,0,0,0,1,1,1,1,43,7,1998,1,10,1,1,1
2017471703900,1,9,0,13,0,2,0,0,0,0,4,1,6,2,60,9,1997,1,3,6,1,6
2017471703900,2,1,0,18,0,2,0,0,0,0,3,1,6,1,45,7,-1,-1,-1,9,1,9
2017471703901,1,8,0,18,0,1,0,0,0,0,0,1,6,2,80,11,998,1,8,6,1,6
2017471703901,2,9,0,10,0,1,0,0,0,0,0,1,1,2,42,7,999,1,13,1,1,1
2017471703902,1,9,0,18,0,1,0,0,0,0,1,1,6,3,-1,-1,-1,-1,-1,-1,-1,-1
2017471703902,2,9,0,3,0,8,0,0,0,0,2,1,6,2,24,5,1598,1,7,6,1,6
2017471703902,3,9,0,3,0,8,0,0,0,0,2,1,1,1,20,4,998,1,17,4,1,4
2017471703906,1,8,0,9,0,2,0,0,0,0,1,1,1,1,51,8,1598,2,6,4,1,4
2017471703907,1,9,0,5,0,2,0,0,0,0,4,1,6,1,70,10,3614,1,7,6,1,6
2017471703908,1,19,0,1,0,0,0,0,0,0,2,1,1,1,36,7,2198,2,4,7,1,7
2017471703910,1,9,0,17,0,0,1,0,0,0,4,1,6,1,25,5,1339,1,12,9,2,9
2017471703910,2,9,0,16,0,0,0,0,0,0,1,1,1,1,50,8,1598,2,1,2,1,2
2017471703911,1,9,0,18,0,0,0,0,0,0,4,1,2,1,27,6,-1,-1,-1,8,3,8
2017471703912,1,9,0,4,0,0,0,7,7,11,1,1,6,2,54,8,1395,1,1,3,1,3
2017471703913,1,9,0,18,0,0,0,0,0,0,1,1,6,1,35,6,-1,-1,-1,-1,-1,-1
2017471703914,1,1,0,14,0,0,0,0,0,0,1,1,6,1,27,6,-1,-1,-1,5,3,5
2017471703914,2,9,0,18,0,0,0,0,0,0,1,1,6,2,46,8,1598,1,7,9,3,9
2017471703915,1,9,0,18,0,0,0,0,0,0,3,1,6,2,59,9,1242,1,3,10,1,10
2017471703915,2,20,0,18,0,0,0,0,0,0,3,1,1,1,43,7,2998,2,1,4,1,4
2017471703915,3,9,0,18,0,0,0,0,0,0,1,1,2,2,27,6,1598,1,4,8,1,8
2017471703917,1,1,0,5,9,1,0,0,0,0,1,1,6,1,22,5,-1,-1,-1,4,1,4
2017471703917,2,9,0,18,0,1,0,0,0,0,4,1,6,2,50,8,1242,1,5,4,1,4
2017471703917,3,9,0,18,0,2,0,0,0,0,0,1,6,3,-1,-1,-1,-1,-1,-1,-1,-1
2017471703920,1,9,0,11,0,0,0,0,0,0,4,1,6,3,-1,-1,-1,-1,-1,-1,-1,-1
2017471703920,2,5,0,18,0,0,1,0,1,2,3,1,6,1,49,8,1180,1,24,3,1,3
2017471703922,1,9,0,3,0,6,0,0,0,0,1,1,6,2,49,8,1586,1,11,6,1,6
2017471703922,2,9,0,3,0,6,0,0,0,0,2,1,6,2,34,6,1498,1,7,6,1,6
2017471703924,1,9,0,1,0,2,0,0,0,0,2,1,6,2,74,10,1398,1,-1,8,1,8
2017471703928,1,9,0,18,0,1,0,0,0,0,1,1,6,2,70,10,1364,1,1,5,3,5
2017471703928,2,9,0,18,0,1,0,0,0,0,2,1,6,2,51,8,1199,1,15,10,1,10
2017471703928,3,19,0,4,0,1,0,0,0,0,0,1,6,3,-1,-1,-1,-1,-1,-1,-1,-1
2017471703929,1,3,0,13,0,1,0,0,0,0,1,1,1,1,26,6,124,1,-1,3,1,3
2017471703929,2,9,0,18,0,1,0,0,0,0,3,1,1,1,67,10,-1,-1,-1,6,3,6
2017471703933,1,9,0,18,0,0,0,0,0,0,4,1,6,2,30,6,1461,2,-1,-1,-1,-1
2017471703933,2,9,0,2,0,0,0,0,0,0,2,1,6,1,48,8,1896,2,15,9,1,9
2017471703933,3,9,0,2,0,0,0,0,0,0,2,1,6,3,-1,-1,1596,1,12,-1,-1,-1
2017471703934,1,9,0,18,0,8,0,0,0,0,1,1,6,2,69,10,1498,1,1,8,1,8
2017471703934,2,9,0,18,0,8,0,0,0,0,1,1,6,1,56,9,6208,1,5,8,1,8
2017471703935,1,21,0,9,0,5,0,0,0,0,4,1,1,1,66,10,12777,2,3,6,1,6
2017471703935,2,9,0,18,0,8,1,0,0,0,1,1,6,2,36,7,1989,1,17,5,3,5
2017471703937,1,9,0,9,0,6,0,0,0,0,3,1,6,1,57,9,2993,2,-1,-1,-1,-1
2017471703937,2,9,0,18,0,1,0,0,0,0,1,1,6,2,32,6,1796,1,17,3,1,3
2017471703938,1,9,0,1,0,1,0,0,0,0,2,1,6,1,-1,-1,2143,2,7,1,1,1
2017471703940,1,9,0,16,0,3,0,0,4,11,1,1,6,2,60,9,1200,1,1,8,1,8
2017471703942,1,9,0,18,0,0,0,0,0,0,1,1,6,2,21,5,1242,1,7,1,1,1
2017471703943,1,1,0,4,0,1,1,0,0,0,0,1,6,1,27,6,-1,-1,-1,1,1,1
2017471703944,1,9,0,13,0,0,0,0,0,0,0,1,6,3,-1,-1,-1,-1,-1,-1,-1,-1
2017471703944,2,1,0,18,0,0,0,0,0,0,0,1,6,1,29,6,-1,-1,-1,5,1,5
2017471703945,1,9,0,18,0,4,0,0,0,0,1,1,1,1,54,8,-1,-1,-1,2,1,2
2017471703945,2,1,0,18,0,8,0,0,0,0,4,1,6,1,32,6,-1,-1,-1,9,1,9
2017471703946,1,8,0,18,0,0,0,0,0,11,1,1,1,1,38,7,1999,1,5,10,1,10
2017471703946,2,9,0,2,0,0,0,0,0,0,2,1,6,3,-1,-1,1998,1,15,-1,-1,-1
2017471703946,3,9,0,2,9,0,0,0,0,0,3,1,6,3,-1,-1,2967,2,9,-1,-1,-1
2017471703949,1,9,0,18,0,2,0,0,0,0,1,1,2,1,27,6,-1,-1,-1,4,1,4
2017471703950,1,9,0,7,0,3,0,0,0,0,3,1,6,1,64,9,1781,1,16,6,1,6
2017471703950,2,1,0,18,0,8,0,0,0,0,1,1,6,1,45,7,-1,-1,-1,4,1,4
2017471703951,1,1,0,18,0,0,0,0,0,0,0,1,6,1,68,10,-1,-1,-1,-1,-1,-1
2017471703952,1,9,0,5,0,6,0,0,0,0,1,1,6,2,93,11,-1,-1,-1,5,1,5
2017471703952,2,1,0,18,0,1,0,0,0,0,4,1,6,1,31,6,-1,-1,-1,7,1,7
2017471703953,1,9,0,9,0,4,0,0,0,0,3,1,6,1,80,11,1299,1,16,1,1,1
2017471703953,2,9,0,18,0,8,0,0,0,0,1,1,2,1,35,6,1896,2,12,2,1,2
2017471703954,1,9,0,18,0,1,0,0,0,0,1,1,6,1,78,11,1390,1,19,6,1,6
2017471703954,2,9,0,10,0,1,0,0,0,0,2,1,6,1,69,10,1596,1,12,8,1,8
2017471703955,1,9,0,18,0,1,0,0,0,0,1,1,6,3,-1,-1,-1,-1,-1,-1,-1,-1
2017471703956,1,9,0,5,0,2,0,0,0,0,3,1,6,2,46,8,1349,1,6,7,1,7
2017471703957,1,9,0,13,0,0,0,0,2,10,1,1,6,1,18,4,1896,2,14,8,1,8
2017471703957,2,4,0,18,0,0,0,0,1,0,1,1,2,1,47,8,125,1,1,7,2,7
2017471703957,3,9,0,18,0,0,0,0,0,0,0,1,6,1,18,4,1229,1,10,7,2,7
2017471703957,4,9,0,18,0,0,0,0,0,0,0,1,6,1,30,6,-1,-1,-1,-1,-1,-1
2017471703961,1,9,0,1,9,6,0,0,0,0,2,1,6,1,47,8,1149,1,8,10,1,10
2017471703964,1,1,0,18,0,1,0,0,0,0,0,1,6,1,59,9,-1,-1,-1,8,3,8
2017471703966,1,9,0,18,0,1,0,0,0,0,1,1,6,1,48,8,1951,2,12,4,1,4
2017471703966,2,8,0,9,0,5,0,0,0,0,2,1,1,1,36,7,1896,2,7,3,1,3
2017471703967,1,9,0,18,0,0,0,0,0,0,4,1,6,3,30,6,-1,-1,-1,-1,-1,-1
2017471703968,1,9,0,18,0,1,0,0,0,10,1,1,6,1,79,11,698,1,10,8,2,8
2017471703973,1,9,0,18,0,1,1,0,1,0,3,1,6,1,38,7,3200,1,11,10,1,10
2017471703973,2,9,0,18,0,2,0,0,0,0,3,1,2,2,48,8,2179,2,8,3,1,3
2017471703974,1,9,0,17,0,0,0,0,0,0,0,1,6,2,62,9,1596,1,10,6,3,6
2017471703974,2,1,0,16,0,0,1,0,0,0,0,1,6,1,36,7,-1,-1,-1,2,1,2
2017471703975,1,5,0,16,0,0,0,0,7,9,1,1,6,1,24,5,998,1,2,7,2,7
2017471703976,1,9,0,18,0,0,0,0,7,9,1,1,6,1,25,5,2143,2,4,3,1,3
2017471703976,2,9,0,18,0,0,0,0,0,0,1,1,6,2,26,6,2179,2,7,3,2,3
2017471703977,1,9,0,5,0,0,0,0,0,0,3,1,6,2,67,10,1998,1,9,2,1,2
2017471703977,2,5,0,18,0,0,0,0,0,0,1,1,6,1,50,8,2294,1,12,8,1,8
2017471703980,1,9,0,18,0,0,0,0,1,2,1,1,6,2,40,7,1587,1,13,4,1,4
2017471703981,1,9,0,18,0,0,1,0,4,4,1,1,6,2,23,5,998,1,15,3,1,3
2017471703982,1,9,0,14,0,0,0,0,0,0,1,1,6,1,30,6,1229,1,6,3,1,3
2017471703982,2,11,0,4,0,0,0,0,0,0,0,1,1,1,45,7,7300,2,3,4,1,4
2017471703983,1,9,0,9,0,6,0,0,0,0,4,1,1,1,56,9,1396,1,8,6,1,6
2017471703983,2,1,0,18,5,1,0,0,0,0,1,1,2,2,40,7,-1,-1,-1,7,1,7
2017471703986,1,1,0,18,0,8,0,0,0,0,4,1,2,1,57,9,-1,-1,-1,1,1,1
2017471703986,2,9,0,18,0,8,0,0,0,0,1,1,6,1,33,6,1796,1,13,4,1,4
2017471703987,1,9,0,17,0,0,1,0,2,10,4,1,6,1,43,7,1988,1,1,4,1,4
2017471703991,1,9,0,14,0,2,0,0,0,0,4,1,6,1,48,8,1968,2,10,10,1,10
2017471703991,2,9,0,3,0,2,0,0,0,0,3,1,6,1,21,5,1364,1,9,5,1,5
2017471703992,1,19,0,13,0,8,1,0,7,11,1,1,6,3,-1,-1,1598,2,3,-1,-1,-1
2017471703992,2,9,0,9,0,8,0,0,0,0,3,1,2,2,59,9,1598,1,5,8,1,8
2017471703995,1,9,0,1,0,5,0,0,0,0,2,1,6,1,68,10,1248,1,8,10,2,10
2017471704000,1,19,0,13,0,2,0,0,0,0,4,1,6,3,-1,-1,-1,-1,-1,-1,-1,-1
2017471704000,2,9,0,18,0,2,0,0,0,0,3,1,6,2,65,9,875,1,4,9,1,9
2017471704002,1,9,0,18,0,1,1,0,1,11,1,1,6,3,26,6,1968,2,10,2,1,2
2017471704002,2,9,0,3,0,1,0,0,0,0,2,1,6,1,72,10,1200,1,-1,-1,-1,-1
2017471704002,3,9,0,3,0,1,0,0,0,0,2,1,6,1,59,9,1956,2,1,3,1,3
2017471704002,4,9,0,3,0,1,0,0,0,0,2,1,6,1,53,8,1198,1,2,2,1,2
2017471704010,1,19,0,18,0,1,0,4,0,0,1,1,6,1,56,9,2402,2,7,4,1,4
2017471704010,2,19,0,2,0,1,0,0,0,0,1,1,6,1,40,7,1870,2,16,1,1,1
2017471704011,1,9,0,18,0,4,0,0,0,0,1,1,6,2,42,7,1598,1,14,5,1,5
2017471704011,2,9,0,9,0,3,0,0,0,0,4,1,6,2,40,7,1968,2,4,3,1,3
2017471704012,1,9,0,9,0,6,0,0,1,0,4,1,6,2,55,8,1229,1,3,8,1,8
2017471704012,2,9,0,18,0,1,1,0,1,11,1,1,2,1,30,6,-1,-1,-1,6,1,6
2017471704014,1,9,0,18,0,0,0,0,7,11,1,1,2,2,36,7,1329,1,8,4,1,4
2017471704015,1,3,0,7,0,5,0,0,0,0,4,1,1,1,31,6,125,1,2,8,1,8
2017471704016,1,9,0,18,0,0,5,0,0,0,1,1,6,1,26,6,1598,1,9,5,2,5
2017471704016,2,9,0,2,0,0,0,0,0,0,1,1,6,1,18,4,1368,1,7,-1,-1,-1
2017471704017,1,9,0,17,0,0,2,0,1,0,1,1,6,2,19,4,1149,1,14,2,1,2
2017471704019,1,9,0,16,0,0,0,0,1,1,1,1,6,1,22,5,1997,1,16,9,3,9
2017471704020,1,9,0,18,0,8,0,0,0,0,4,1,6,2,63,9,1796,1,15,5,1,5
2017471704023,1,9,0,18,0,0,0,0,0,0,1,1,2,2,36,7,1390,1,5,6,1,6
2017471704023,2,9,0,4,0,0,0,0,0,0,2,1,3,2,45,7,-1,-1,-1,9,1,9
2017471704024,1,9,0,18,0,1,0,0,0,0,1,1,6,2,30,6,-1,-1,-1,-1,-1,-1
2017471704025,1,9,0,2,0,0,0,0,0,0,3,1,6,1,51,8,1762,1,18,2,1,2
2017471704025,2,1,0,18,0,0,0,0,0,0,1,1,6,1,68,10,-1,-1,-1,3,1,3
2017471704026,1,9,0,9,0,6,0,0,0,0,1,1,6,1,30,6,1896,2,8,4,1,4
2017471704026,2,3,0,18,0,8,1,0,0,0,1,1,6,1,30,6,98,1,12,7,1,7
2017471704028,1,1,0,15,0,1,0,0,0,0,3,1,6,1,22,5,-1,-1,-1,5,1,5
2017471704028,2,9,0,7,0,1,0,0,0,0,4,1,6,1,60,9,1360,1,11,1,1,1
2017471704030,1,9,0,18,0,2,0,0,0,0,1,1,6,3,-1,-1,-1,-1,-1,-1,-1,-1
2017471704030,2,1,0,18,0,2,0,0,0,0,2,1,6,1,21,5,-1,-1,-1,8,3,8
2017471704036,1,5,0,16,0,0,1,0,0,0,1,1,3,1,21,5,1157,1,15,7,1,7
2017471704036,2,9,0,16,0,0,0,0,0,0,3,1,2,1,45,7,2497,1,12,9,1,9
2017471704036,3,21,0,17,0,0,0,0,0,0,3,1,1,1,57,9,16400,2,3,5,1,5
2017471704036,4,9,0,17,0,0,0,0,0,0,3,1,6,2,31,6,1799,1,10,10,2,10
2017471704037,1,9,0,9,0,8,0,0,0,0,1,1,6,2,34,6,1587,1,12,3,1,3
2017471704037,2,3,0,18,0,1,0,0,0,0,1,1,6,1,19,4,125,1,2,4,1,4
2017471704038,1,9,0,18,0,4,0,10,0,0,3,1,6,1,23,5,1685,2,1,1,1,1
2017471704038,2,9,0,18,0,4,0,0,0,0,1,1,6,2,31,6,1598,1,5,4,1,4
2017471704039,1,5,0,16,0,0,1,0,7,9,1,1,6,1,23,5,599,1,10,8,1,8
2017471704045,1,9,0,9,0,6,0,0,0,0,1,1,6,1,42,7,1997,2,4,8,1,8
2017471704045,2,3,0,18,0,1,0,0,0,0,1,1,6,1,17,4,125,1,5,5,1,5
2017471704045,3,9,0,2,0,1,0,0,0,0,0,1,6,1,-1,-1,-1,-1,-1,-1,-1,-1
2017471704047,1,9,0,7,0,4,0,0,0,0,1,1,1,1,44,7,1560,2,7,8,1,8
2017471704047,2,1,0,18,0,8,0,0,1,0,1,1,1,1,50,8,-1,-1,-1,7,2,7
2017471704048,1,9,0,4,0,0,2,0,1,10,1,1,2,2,21,5,1299,1,11,6,1,6
2017471704049,1,9,0,4,0,0,0,0,0,0,1,1,6,2,20,4,1396,1,3,5,1,5
2017471704049,2,9,0,3,0,0,0,0,0,0,2,1,6,1,30,6,1995,2,9,-1,-1,-1
2017471704053,1,3,0,5,0,4,0,0,0,0,1,1,6,1,48,8,124,1,1,1,1,1
2017471704053,2,8,0,18,0,3,0,0,0,0,2,1,1,1,33,6,1968,2,4,4,1,4
2017471704053,3,9,0,3,0,6,0,0,0,0,0,1,6,1,45,7,2143,2,-1,-1,-1,-1
2017471704055,1,9,0,9,0,6,0,0,0,0,1,1,6,2,37,7,2400,2,5,8,3,8
2017471704055,2,3,0,18,0,8,0,0,0,0,4,1,6,2,23,5,125,1,1,6,2,6
2017471704055,3,9,0,2,0,1,0,0,0,0,0,1,6,3,-1,-1,-1,-1,-1,-1,-1,-1
2017471704056,1,3,0,16,0,0,0,0,1,0,1,1,6,2,19,4,113,1,1,6,3,6
2017471704059,1,9,0,16,0,0,5,0,1,10,3,1,6,2,34,6,1998,1,14,5,3,5
2017471704063,1,9,0,18,0,8,1,0,1,11,1,1,2,2,55,8,-1,-1,-1,2,1,2
2017471704064,1,9,0,18,0,3,0,0,0,0,4,1,6,1,18,4,-1,-1,-1,-1,-1,-1
2017471704064,2,1,0,18,0,3,0,0,0,0,3,1,6,1,23,5,-1,-1,-1,8,1,8
2017471704065,1,9,0,4,0,1,0,0,0,0,1,1,1,1,31,6,1995,2,12,5,1,5
2017471704065,2,9,0,4,0,1,0,0,0,0,2,1,1,1,62,9,1396,1,13,8,1,8
2017471704065,3,9,0,4,0,1,0,0,0,0,2,1,1,2,42,7,1598,1,9,7,1,7
2017471704065,4,9,0,9,0,5,0,0,0,0,0,1,6,1,53,8,1783,1,18,2,1,2
2017471704067,1,5,0,17,0,8,1,0,1,5,3,1,6,1,23,5,599,1,16,10,1,10
2017471704074,1,3,0,18,0,0,0,0,0,0,3,1,6,2,59,9,124,1,7,9,3,9
2017471704074,2,9,0,18,0,0,0,0,0,0,0,1,6,1,21,5,-1,-1,-1,6,3,6
2017471704075,1,3,0,17,0,0,0,0,1,0,1,1,6,1,27,6,125,1,1,1,1,1
2017471704075,2,9,0,16,0,0,0,0,0,0,0,1,6,3,-1,-1,-1,-1,-1,-1,-1,-1
2017471704076,1,9,0,18,0,6,0,0,0,0,1,1,6,2,50,8,1968,2,4,5,3,5
2017471704076,2,9,0,18,0,8,5,0,7,10,4,1,6,2,40,7,1197,1,1,4,1,4
2017471704078,1,19,0,18,0,0,0,0,0,0,4,2,1,1,22,5,-1,-1,-1,-1,-1,-1
2017471704078,2,9,0,18,0,0,0,0,1,9,3,1,6,1,58,9,1997,2,13,2,1,2
2017471704079,1,19,0,18,0,0,0,0,0,0,1,1,1,1,72,10,2298,2,7,5,1,5
2017471704079,2,9,0,18,0,0,5,0,1,9,2,1,1,1,42,7,1360,1,13,7,1,7
2017471704081,1,19,0,18,0,0,0,0,0,0,0,1,1,1,48,8,2998,2,10,6,2,6
2017471704081,2,5,0,18,0,0,0,0,0,0,3,1,6,1,51,8,-1,-1,-1,9,3,9
2017471704081,3,9,0,18,0,0,0,0,0,0,1,1,6,2,36,7,1995,2,-1,8,1,8
2017471704083,1,9,0,7,0,6,0,0,0,0,1,1,2,1,43,7,1198,1,9,8,1,8
2017471704083,2,1,0,18,0,8,0,0,0,0,4,1,6,2,27,6,-1,-1,-1,9,1,9
2017471704084,1,9,0,9,0,8,0,0,0,0,1,1,6,1,63,9,2204,2,10,6,1,6
2017471704084,2,9,0,18,0,8,0,0,0,0,4,1,6,1,68,10,1461,2,1,10,1,10
2017471704085,1,9,0,13,0,8,0,0,7,4,3,1,6,1,35,6,1984,1,14,4,1,4
2017471704085,2,9,0,18,0,1,0,0,0,0,0,1,6,1,20,4,-1,-1,-1,-1,-1,-1
2017471704087,1,9,0,18,0,1,0,0,0,0,1,1,2,1,23,5,1596,1,10,4,1,4
2017471704087,2,9,0,3,0,1,0,0,0,0,2,1,2,1,26,6,998,1,4,4,1,4
2017471704087,3,9,0,3,0,1,0,0,0,0,2,1,1,1,48,8,1997,2,13,1,1,1
2017471704087,4,9,0,7,0,1,0,0,0,0,0,1,6,1,-1,-1,-1,-1,-1,-1,-1,-1
2017471704088,1,8,0,1,0,0,0,0,0,0,2,1,1,1,40,7,1598,2,2,1,1,1
2017471704091,1,9,0,18,0,4,0,0,0,0,1,1,6,1,23,5,1388,1,10,10,1,10
2017471704091,2,9,0,8,0,4,0,0,0,0,2,1,6,2,24,5,1995,2,7,5,3,5
2017471704092,1,9,0,15,2,8,0,0,0,0,1,1,6,1,45,7,1560,2,4,4,1,4
2017471704092,2,3,0,7,2,1,0,0,0,0,4,1,6,1,18,4,124,1,12,1,1,1
2017471704095,1,9,0,18,0,8,0,0,0,0,1,1,6,1,42,7,1560,2,6,7,2,7
2017471704095,2,5,0,18,0,8,0,0,0,0,3,1,2,1,39,7,999,1,1,10,1,10
2017471704096,1,9,0,18,9,6,0,0,0,0,1,1,6,1,30,6,1390,1,11,8,1,8
2017471704096,2,1,0,18,9,8,0,0,0,0,1,1,6,1,14,3,-1,-1,-1,9,1,9
2017471704098,1,21,0,18,0,0,0,0,0,0,1,1,1,1,55,8,7698,2,3,3,1,3
2017471704099,1,9,0,18,0,0,0,0,0,0,1,1,6,3,-1,-1,-1,-1,-1,-1,-1,-1
2017471704099,2,1,0,18,0,0,0,0,0,0,2,1,6,1,22,5,-1,-1,-1,6,1,6
2017471704100,1,9,0,18,0,0,0,0,0,0,1,1,6,1,40,7,2495,2,15,-1,-1,-1
2017471704100,2,9,0,18,0,0,0,0,0,0,1,1,6,1,36,7,2995,8,7,5,2,5
2017471704101,1,9,0,18,0,1,0,0,4,0,1,1,6,2,32,6,1390,1,9,3,1,3
2017471704101,2,9,0,18,0,1,0,0,0,0,2,1,6,2,25,5,2755,2,1,10,1,10
2017471704101,3,9,0,18,0,1,0,0,0,0,2,1,6,1,22,5,1598,1,3,6,1,6
2017471704101,4,9,0,18,0,1,0,0,0,0,2,1,6,2,27,6,998,1,4,9,1,9