Accident_Index,Vehicle_Reference,Vehicle_Type,Towing_and_Articulation,Vehicle_Manoeuvre,Vehicle_Location-Restricted_Lane,Junction_Location,Skidding_and_Overturning,Hit_Object_in_Carriageway,Vehicle_Leaving_Carriageway,Hit_Object_off_Carriageway,1st_Point_of_Impact,Was_Vehicle_Left_Hand_Drive?,Journey_Purpose_of_Driver,Sex_of_Driver,Age_of_Driver,Age_Band_of_Driver,Engine_Capacity_(CC),Propulsion_Code,Age_of_Vehicle,Driver_IMD_Decile,Driver_Home_Area_Type,Vehicle_IMD_Decile
2017471704102,1,9,0,18,0,8,0,0,0,0,0,1,6,1,50,8,-1,-1,-1,10,1,10
2017471704102,2,9,0,18,0,8,0,0,0,0,0,1,6,1,58,9,1596,1,3,6,1,6
2017471704102,3,8,0,18,0,8,0,0,0,0,2,1,1,1,69,10,2499,2,6,8,1,8
2017471704102,4,9,0,18,0,8,1,0,0,0,1,1,1,2,25,5,2982,2,15,9,3,9
2017471704104,1,5,0,18,0,8,0,0,0,0,1,1,6,1,38,7,749,1,13,10,1,10
2017471704105,1,9,0,18,0,0,0,0,0,0,1,1,2,2,17,4,1798,1,13,7,1,7
2017471704105,2,9,0,3,0,0,0,0,0,0,2,1,2,2,32,6,1388,1,14,6,1,6
2017471704106,1,9,0,4,0,1,0,0,0,0,1,1,6,1,40,7,1199,1,16,-1,-1,-1
2017471704106,2,9,0,3,0,1,0,0,0,0,2,2,6,1,51,8,-1,-1,-1,-1,-1,-1
2017471704107,1,9,0,18,0,0,0,4,0,0,1,1,6,1,25,5,1896,2,17,9,1,9
2017471704107,2,9,0,2,0,0,0,0,0,0,2,1,6,3,-1,-1,1149,1,11,-1,-1,-1
2017471704107,3,9,0,18,0,0,0,0,0,0,1,1,6,1,20,4,1598,1,11,5,1,5
2017471704107,4,9,0,2,0,0,0,0,0,0,3,1,6,3,-1,-1,1242,1,3,-1,-1,-1
2017471704110,1,9,0,18,0,4,1,10,0,0,1,1,6,1,34,6,1995,2,9,5,1,5
2017471704112,1,9,0,11,0,0,1,0,2,2,1,1,6,1,19,4,1229,1,8,5,1,5
2017471704112,2,9,0,18,0,0,0,1,0,0,3,1,6,1,23,5,999,1,1,10,1,10
2017471704116,1,9,0,18,0,4,0,0,0,0,1,1,6,1,30,6,1995,2,10,-1,-1,-1
2017471704116,2,9,0,4,0,4,0,0,0,0,2,1,6,2,52,8,998,1,2,6,1,6
2017471704118,1,9,0,9,0,8,0,0,0,0,1,1,6,2,92,11,1390,1,5,6,1,6
2017471704118,2,3,0,18,0,8,0,0,0,0,4,1,1,1,35,6,125,1,3,4,1,4
2017471704120,1,9,0,1,0,1,0,0,0,0,2,1,6,1,23,5,1781,1,15,2,1,2
2017471704120,2,9,0,18,0,1,0,0,0,0,1,1,6,2,26,6,1598,1,3,2,1,2
2017471704124,1,9,0,18,0,0,0,0,0,0,1,1,6,1,23,5,1124,1,14,5,3,5
2017471704124,2,9,0,18,0,0,0,0,1,0,1,1,1,1,26,6,2765,2,18,7,3,7
2017471704125,1,9,0,18,0,2,0,0,0,0,1,1,6,1,49,8,1598,1,14,9,1,9
2017471704125,2,9,0,18,0,2,0,0,0,0,1,1,6,1,30,6,1796,1,7,8,1,8
2017471704125,3,9,0,2,0,2,0,0,0,0,3,1,6,3,-1,-1,1598,1,8,-1,-1,-1
2017471704126,1,9,0,9,0,6,0,0,0,0,1,1,6,1,30,6,1998,2,9,8,1,8
2017471704126,2,9,0,18,0,8,0,0,0,0,3,1,6,1,26,6,1499,2,1,4,1,4
2017471704127,1,9,0,18,0,0,1,0,1,9,2,1,2,2,24,5,1596,1,10,3,1,3
2017471704129,1,19,0,18,0,1,1,0,0,0,1,1,1,1,50,8,2198,2,1,8,1,8
2017471704129,2,9,0,3,0,1,0,0,0,0,2,1,6,2,26,6,1590,1,12,5,1,5
2017471704129,3,9,0,10,0,1,0,0,0,0,2,1,6,1,55,8,998,1,17,6,1,6
2017471704130,1,9,0,18,0,8,0,0,0,0,1,1,6,3,-1,-1,1800,1,18,-1,-1,-1
2017471704130,2,9,0,18,0,8,0,0,1,0,0,1,6,1,67,10,999,1,4,7,1,7
2017471704131,1,8,0,18,0,1,0,0,0,0,4,1,1,1,40,7,2402,2,14,3,1,3
2017471704134,1,9,0,13,0,8,1,0,7,4,1,1,6,2,41,7,998,1,2,6,3,6
2017471704134,2,9,0,9,0,5,0,0,7,0,3,1,6,2,40,7,1796,1,9,9,1,9
2017471704135,1,9,0,15,0,2,0,0,0,0,1,1,6,2,57,9,1398,2,5,5,2,5
2017471704135,2,1,0,18,0,2,0,0,0,0,2,1,6,1,79,11,-1,-1,-1,7,3,7
2017471704137,1,9,0,18,0,8,0,0,5,6,1,1,6,2,33,6,1242,1,14,4,1,4
2017471704137,2,9,0,18,0,8,0,0,0,0,2,1,6,2,27,6,2143,2,-1,4,1,4
2017471704137,3,9,0,18,0,8,0,0,0,0,1,1,6,1,26,6,1910,2,12,10,1,10
2017471704139,1,8,0,17,0,0,1,0,1,4,1,1,1,1,37,7,1950,2,1,3,1,3
2017471704141,1,3,0,18,0,0,0,7,0,0,1,1,6,1,30,6,124,1,14,4,1,4
2017471704142,1,9,0,4,0,0,0,0,0,0,4,1,6,1,23,5,1197,1,1,9,1,9
2017471704143,1,19,0,16,0,0,1,0,1,4,1,1,1,1,53,8,1248,2,3,4,1,4
2017471704145,1,9,0,9,0,3,0,0,0,0,1,1,6,1,69,10,998,1,9,6,1,6
2017471704145,2,9,0,18,0,4,0,0,0,0,1,1,6,2,58,9,1200,1,-1,6,1,6
2017471704145,3,9,0,18,0,4,0,0,0,0,3,1,6,2,36,7,1339,1,10,10,1,10
2017471704147,1,9,0,7,0,5,0,0,0,0,4,1,6,2,42,7,2143,2,-1,-1,-1,-1
2017471704147,2,11,0,18,2,8,0,0,1,5,1,1,1,1,47,8,9200,2,7,3,1,3
2017471704149,1,5,0,16,0,0,0,0,0,0,3,1,6,1,25,5,675,1,6,4,1,4
2017471704149,2,9,0,17,0,0,0,0,0,0,3,1,6,1,43,7,1997,2,13,8,1,8
2017471704150,1,9,0,17,0,0,1,0,1,3,1,1,6,1,20,4,1997,2,16,7,3,7
2017471704150,2,9,0,16,0,0,5,0,0,0,1,1,6,1,29,6,1242,1,3,8,1,8
2017471704150,3,9,0,16,0,0,0,0,0,0,1,1,6,1,77,11,1598,2,-1,10,1,10
2017471704151,1,9,0,7,0,3,1,0,0,0,1,1,6,1,48,8,-1,-1,-1,9,1,9
2017471704151,2,9,0,4,0,1,0,0,0,0,3,1,6,1,92,11,1388,1,12,10,1,10
2017471704153,1,9,0,16,0,0,1,0,0,0,1,1,6,2,22,5,998,1,14,5,2,5
2017471704153,2,9,0,17,0,0,0,0,0,0,1,1,6,1,58,9,1461,2,2,6,1,6
2017471704157,1,9,0,18,0,0,0,0,1,11,1,1,6,2,62,9,1248,1,4,7,1,7
2017471704157,2,9,0,2,6,0,0,4,0,0,2,1,6,3,-1,-1,2521,1,11,-1,-1,-1
2017471704157,3,9,0,2,6,0,0,0,0,0,2,1,6,3,-1,-1,1598,1,2,-1,-1,-1
2017471704158,1,9,0,14,0,2,0,0,0,0,1,1,6,1,31,6,1995,2,13,8,3,8
2017471704158,2,9,0,18,0,1,0,0,0,0,1,1,6,2,28,6,1984,1,12,10,1,10
2017471704159,1,9,0,7,9,2,1,0,3,11,1,1,2,2,21,5,1124,1,14,5,3,5
2017471704159,2,9,0,2,9,2,0,0,0,11,2,1,6,3,-1,-1,2198,1,14,-1,-1,-1
2017471704161,1,9,0,18,0,0,0,0,7,11,1,1,6,1,19,4,1390,1,13,10,1,10
2017471704164,1,9,0,18,0,1,0,0,0,0,4,1,2,1,51,8,1995,2,-1,8,1,8
2017471704167,1,2,0,13,0,1,0,0,0,0,4,1,2,1,22,5,49,1,12,7,1,7
2017471704167,2,9,0,9,0,1,0,0,0,0,3,1,2,2,53,8,1197,1,4,3,1,3
2017471704168,1,8,0,18,0,1,0,0,0,0,1,1,1,1,41,7,1910,2,9,1,1,1
2017471704168,2,2,0,18,0,1,0,0,0,0,1,1,6,1,49,8,49,1,6,4,1,4
2017471704169,1,9,0,18,0,0,0,0,0,0,1,1,6,2,19,4,998,1,3,7,1,7
2017471704169,2,19,0,2,0,0,0,0,0,0,2,1,6,3,-1,-1,2402,2,10,-1,-1,-1
2017471704171,1,4,0,18,0,2,1,10,7,10,1,1,6,1,21,5,124,1,2,5,1,5
2017471704172,1,9,0,5,0,8,0,0,0,0,1,1,6,1,50,8,1490,1,13,4,1,4
2017471704172,2,11,0,5,2,8,0,0,7,0,3,1,1,1,42,7,7300,2,3,6,1,6
2017471704173,1,9,0,9,0,8,0,0,0,0,1,1,6,2,53,8,1498,1,9,10,3,10
2017471704173,2,9,0,15,0,8,0,0,0,0,1,1,6,2,74,10,1968,2,1,6,3,6
2017471704179,1,5,0,17,0,8,1,0,0,0,1,1,6,1,35,6,998,1,8,6,1,6
2017471704180,1,9,0,18,0,4,0,0,0,0,0,1,2,1,49,8,2400,2,4,6,1,6
2017471704180,2,2,0,18,0,8,0,0,0,0,3,1,2,1,38,7,49,1,3,4,1,4
2017471704181,1,9,0,12,0,7,0,0,0,0,0,1,6,3,40,7,-1,-1,-1,-1,-1,-1
2017471704181,2,9,0,18,0,8,0,0,0,0,1,1,6,1,32,6,1783,1,15,6,1,6
2017471704181,3,19,0,18,0,8,0,0,0,0,1,1,1,1,46,8,2198,2,2,7,1,7
2017471704181,4,9,0,18,0,8,0,0,0,0,1,1,6,1,36,7,1896,2,13,8,1,8
2017471704182,1,9,0,1,0,1,0,4,0,0,2,1,6,3,-1,-1,1299,1,15,-1,-1,-1
2017471704182,2,9,0,2,0,2,0,0,0,0,3,1,2,2,49,8,1595,1,14,4,1,4
2017471704185,1,9,0,5,0,0,0,0,0,0,1,1,2,1,20,4,-1,-1,-1,6,1,6
2017471704185,2,9,0,3,0,0,0,0,0,0,2,1,6,2,54,8,1968,2,1,10,1,10
2017471704187,1,20,1,18,0,1,0,0,0,0,1,1,6,1,-1,-1,-1,-1,-1,-1,-1,-1
2017471704187,2,4,0,10,0,1,0,0,0,0,2,1,2,2,22,5,696,1,5,10,1,10
2017471704189,1,1,0,18,9,1,0,0,0,0,1,1,6,1,19,4,-1,-1,-1,2,1,2
2017471704189,2,9,0,5,9,6,0,0,0,0,1,1,6,1,38,7,1968,2,4,6,1,6
2017471704190,1,9,0,6,0,0,0,0,0,0,3,1,2,1,46,8,1329,1,3,4,1,4
2017471704190,2,5,0,13,0,0,0,0,7,0,1,1,6,1,55,8,954,1,15,10,1,10
2017471704191,1,9,0,18,0,0,1,0,0,0,1,1,6,1,40,7,1399,2,14,3,1,3
2017471704191,2,9,0,18,0,0,0,0,0,0,1,1,6,2,49,8,998,1,4,8,1,8
2017471704194,1,9,0,17,0,0,0,4,7,0,1,1,2,1,31,6,1970,1,12,6,1,6
2017471704194,2,9,0,2,0,0,0,0,0,0,2,1,6,3,-1,-1,999,1,4,-1,-1,-1
2017471704195,1,9,0,11,0,1,0,0,0,0,4,1,6,2,75,10,2231,2,9,8,1,8
2017471704195,2,9,0,18,0,1,0,0,0,0,3,1,6,2,32,6,2360,1,9,2,1,2
2017471704198,1,9,0,9,0,6,0,0,0,0,1,1,6,2,26,6,1390,1,3,10,1,10
2017471704199,1,9,0,18,0,1,0,0,0,0,1,1,6,1,51,8,1997,2,7,5,1,5
2017471704201,1,9,0,18,0,0,0,0,1,3,1,1,1,1,28,6,1591,1,4,4,3,4
2017471704202,1,9,0,9,0,8,0,0,0,0,1,1,6,3,-1,-1,-1,-1,-1,-1,-1,-1
2017471704204,1,9,0,3,0,1,0,0,0,0,4,1,6,1,35,6,1598,1,9,6,1,6
2017471704204,2,1,0,18,4,1,0,0,0,0,1,1,2,1,31,6,-1,-1,-1,6,1,6
2017471704205,1,9,0,18,0,0,0,0,0,0,1,1,6,1,21,5,-1,-1,-1,10,1,10
2017471704205,2,9,0,4,0,0,0,0,0,0,2,1,6,2,84,11,1390,1,14,5,1,5
2017471704206,1,19,0,16,0,2,0,0,0,0,1,1,1,1,33,6,2143,2,3,8,1,8
2017471704208,1,9,0,18,0,1,0,0,0,0,1,1,6,1,40,7,1364,1,8,-1,-1,-1
2017471704208,2,9,0,5,0,1,0,0,0,0,2,1,6,1,54,8,2151,2,18,8,1,8
2017471704209,1,9,0,6,0,8,0,0,0,0,3,1,6,2,50,8,1598,1,11,9,3,9
2017471704209,2,5,0,18,0,3,0,0,0,0,1,1,6,1,70,10,675,1,2,6,1,6
2017471704210,1,9,0,7,0,5,0,0,0,0,1,1,6,1,58,9,-1,-1,-1,-1,-1,-1
2017471704210,2,1,0,18,4,1,0,0,0,0,1,1,2,2,42,7,-1,-1,-1,1,1,1
2017471704214,1,1,0,5,0,0,0,0,0,0,1,1,6,1,21,5,-1,-1,-1,5,1,5
2017471704214,2,9,0,18,0,0,0,0,0,0,3,1,2,1,25,5,-1,-1,-1,-1,-1,-1
2017471704215,1,9,0,16,0,0,0,0,0,0,1,1,6,2,27,6,2198,2,11,6,3,6
2017471704215,2,9,0,17,0,0,0,0,1,4,1,1,2,1,50,8,-1,-1,-1,10,1,10
2017471704216,1,9,0,18,0,8,0,0,0,0,1,1,6,3,30,6,1598,1,13,-1,-1,-1
2017471704216,2,1,0,18,0,8,0,0,0,0,3,1,6,1,27,6,-1,-1,-1,3,1,3
2017471704217,1,9,0,9,0,8,0,0,0,0,1,1,6,1,78,11,1998,1,12,6,1,6
2017471704217,2,9,0,18,0,8,0,0,0,0,1,1,2,1,49,8,1242,1,8,8,1,8
2017471704223,1,9,0,13,0,1,0,0,0,0,1,1,6,1,57,9,2993,2,7,8,3,8
2017471704223,2,9,0,7,0,6,0,0,1,10,4,1,6,2,45,7,1794,1,11,3,1,3
2017471704223,3,9,0,18,0,1,0,0,0,0,0,1,6,2,75,10,1386,1,11,6,2,6
2017471704225,1,5,0,16,0,0,0,0,7,11,1,1,1,2,49,8,535,1,20,4,1,4
2017471704226,1,9,0,18,0,4,0,0,0,0,0,1,6,2,40,7,1997,2,8,9,2,9
2017471704226,2,1,0,9,0,8,0,0,0,0,0,1,6,1,55,8,-1,-1,-1,10,3,10
2017471704229,1,9,0,4,0,0,0,0,0,0,1,1,2,2,40,7,3192,1,10,6,1,6
2017471704229,2,9,0,4,0,0,0,0,0,0,2,1,2,1,25,5,1149,1,16,8,1,8
2017471704229,3,9,0,4,0,0,0,0,0,0,2,1,2,1,36,7,1685,2,5,-1,-1,-1
2017471704229,4,9,0,4,0,0,0,0,0,0,2,1,2,1,24,5,1242,1,11,5,1,5
2017471704230,1,9,0,5,0,6,0,0,0,0,1,1,6,2,20,4,1598,1,11,10,1,10
2017471704230,2,5,0,18,0,1,0,0,0,0,1,1,6,1,26,6,1050,1,6,5,1,5
2017471704230,3,9,0,7,0,2,0,0,0,0,0,1,6,1,30,6,-1,-1,-1,-1,-1,-1
2017471704231,1,9,0,5,0,0,0,0,0,0,4,1,6,1,64,9,1397,1,9,8,1,8
2017471704232,1,9,0,9,0,6,0,0,0,0,1,1,2,1,42,7,1248,2,10,1,1,1
2017471704232,2,3,0,13,0,1,0,0,0,0,1,1,1,1,34,6,124,1,2,3,1,3
2017471704234,1,9,0,12,0,0,0,0,0,0,0,1,2,2,20,4,1200,1,3,3,1,3
2017471704234,2,9,0,18,0,0,1,0,2,4,1,1,6,1,25,5,1596,1,10,7,1,7
2017471704235,1,1,0,18,0,1,0,0,0,0,1,1,2,2,24,5,-1,-1,-1,2,1,2
2017471704235,2,9,0,10,0,1,0,0,0,0,2,1,1,1,24,5,1596,1,11,9,1,9
2017471704237,1,5,0,18,0,0,0,0,7,4,1,1,6,1,22,5,918,1,20,6,3,6
2017471704239,1,9,0,16,0,8,1,0,7,9,1,1,6,1,19,4,1388,1,10,6,2,6
2017471704241,1,9,0,9,0,6,0,0,0,0,3,1,6,2,81,11,1339,1,9,10,1,10
2017471704241,2,9,0,18,0,8,1,0,0,0,1,1,6,1,19,4,1896,2,12,5,1,5
2017471704244,1,19,0,18,0,4,0,0,0,0,3,1,1,1,38,7,-1,-1,-1,3,1,3
2017471704244,2,9,0,9,0,8,0,0,0,0,4,1,6,2,32,6,1598,1,13,3,1,3
2017471704246,1,3,0,13,0,8,0,0,0,0,1,1,6,1,22,5,124,1,2,6,1,6
2017471704246,2,19,0,9,0,8,0,0,0,0,3,1,6,1,51,8,2463,2,12,9,1,9
2017471704247,1,9,0,17,0,0,0,0,7,7,1,1,2,1,31,6,1984,1,15,3,1,3
2017471704249,1,1,0,5,0,6,0,0,0,0,1,1,6,1,16,4,-1,-1,-1,6,1,6
2017471704249,2,9,0,7,0,5,0,0,0,0,1,1,6,2,70,10,999,1,-1,4,1,4
2017471704250,1,9,0,18,0,1,0,0,0,0,1,1,6,1,42,7,1798,1,7,6,1,6
2017471704250,2,1,0,18,0,1,0,0,0,0,2,1,6,2,25,5,-1,-1,-1,8,1,8
2017471704252,1,5,0,18,0,0,0,0,7,0,3,1,6,1,44,7,1000,1,8,5,1,5
2017471704254,1,9,0,18,0,8,0,0,0,0,1,1,6,2,40,7,1896,2,10,8,3,8
2017471704254,2,9,0,3,0,4,0,0,0,0,2,1,6,1,19,4,998,1,3,10,1,10
2017471704255,1,9,0,4,0,1,0,0,0,0,0,1,6,2,25,5,998,1,8,-1,-1,-1
2017471704255,2,9,0,4,0,1,0,0,0,0,2,1,6,1,53,8,1995,2,10,4,1,4
2017471704258,1,9,0,18,0,8,0,0,0,0,1,1,1,1,26,6,1199,1,16,3,1,3
2017471704258,2,8,0,18,0,8,0,0,0,0,3,1,1,1,30,6,1598,2,5,4,1,4
2017471704259,1,9,0,9,0,5,0,0,0,0,1,1,6,1,18,4,1229,1,8,7,1,7
2017471704263,1,9,0,17,0,0,1,0,8,4,1,1,6,1,31,6,2494,1,17,8,1,8
2017471704264,1,9,0,18,0,1,0,0,0,0,1,1,6,1,27,6,1242,1,17,6,1,6
2017471704264,2,9,0,18,0,1,0,0,0,0,2,1,6,2,57,9,1396,1,7,7,2,7
2017471704264,3,9,0,9,0,8,0,0,0,0,0,1,6,1,25,5,-1,-1,-1,-1,-1,-1
2017471704265,1,9,0,18,0,2,0,4,0,0,1,1,6,1,79,11,1329,1,7,4,1,4
2017471704265,2,9,0,2,0,2,0,0,1,0,2,1,6,3,-1,-1,796,1,15,-1,-1,-1
2017471704266,1,9,0,7,0,1,0,0,0,0,1,1,6,1,22,5,1242,1,5,7,1,7
2017471704266,2,9,0,7,0,1,0,0,0,0,2,1,6,1,52,8,2495,2,19,6,1,6
2017471704267,1,9,0,17,0,0,0,0,1,4,1,1,6,1,45,7,1598,2,1,-1,-1,-1
2017471704267,2,9,0,16,0,0,0,0,0,0,1,1,6,1,71,10,1999,2,-1,6,2,6
2017471704268,1,9,0,16,0,0,2,0,0,0,1,1,6,2,18,4,1769,2,23,6,2,6
2017471704269,1,1,0,18,5,6,0,0,0,0,1,1,6,1,22,5,-1,-1,-1,1,1,1
2017471704269,2,19,0,10,0,5,0,0,0,0,1,1,6,1,36,7,1896,2,7,5,1,5
2017471704271,1,9,0,9,0,8,0,0,0,0,1,1,6,2,20,4,998,1,17,9,1,9
2017471704271,2,1,0,18,0,4,0,0,0,0,1,1,6,1,63,9,-1,-1,-1,-1,-1,-1
2017471704272,1,9,0,18,0,0,2,0,2,7,1,1,6,1,21,5,1598,1,11,9,1,9
2017471704278,1,17,5,17,0,1,0,0,0,0,3,1,1,1,42,7,6056,2,-1,6,3,6
2017471704278,2,9,0,18,0,1,0,0,1,11,3,1,6,1,48,8,1968,2,4,6,3,6
2017471704279,1,9,0,18,0,0,0,0,0,0,4,1,1,1,54,8,1248,2,9,7,1,7
2017471704286,1,9,0,9,0,5,0,0,0,0,4,1,6,2,30,6,1997,2,14,8,1,8
2017471704286,2,9,0,18,0,8,0,0,0,0,1,1,2,2,56,9,1388,1,10,7,1,7
2017471704287,1,9,0,18,0,1,0,0,0,0,3,1,6,1,48,8,1997,2,13,3,1,3
2017471704287,2,1,0,18,0,1,0,0,0,0,4,1,6,1,41,7,-1,-1,-1,8,1,8
2017471704289,1,19,0,9,0,4,0,0,0,0,1,1,6,1,31,6,1499,2,2,5,3,5
2017471704289,2,1,0,18,0,3,0,0,0,0,2,1,2,1,31,6,-1,-1,-1,6,1,6
2017471704290,1,3,0,4,0,0,0,0,0,0,1,1,2,1,20,4,125,1,2,10,2,10
2017471704290,2,9,0,4,0,0,0,0,0,0,2,1,6,2,45,7,1386,1,9,9,1,9
2017471704290,3,19,0,4,0,0,0,0,0,0,0,1,6,1,40,7,-1,-1,-1,-1,-1,-1
2017471704291,1,9,0,17,0,0,1,0,2,10,0,1,6,1,20,4,1461,2,10,8,3,8
2017471704292,1,9,0,3,0,1,0,0,0,0,1,1,6,1,70,10,1968,2,4,10,1,10
2017471704292,2,9,0,3,0,1,0,0,0,0,2,1,6,1,41,7,1997,2,6,8,1,8
2017471704294,1,9,0,6,0,0,0,7,7,10,4,1,6,2,80,11,-1,-1,-1,5,1,5
2017471704295,1,9,0,16,0,8,0,0,0,0,4,1,6,2,58,9,2521,1,9,9,1,9
2017471704296,1,9,0,17,0,2,0,0,0,0,1,1,6,3,-1,-1,-1,-1,-1,-1,-1,-1
2017471704296,2,1,0,16,0,1,0,0,0,0,1,1,6,1,40,7,-1,-1,-1,4,1,4
2017471704298,1,9,0,18,0,4,0,0,0,0,1,1,1,1,74,10,999,1,9,7,1,7
2017471704300,1,9,0,13,0,0,0,0,0,0,4,1,6,1,50,8,1896,2,11,2,1,2
2017471704300,2,1,0,18,0,0,0,0,0,0,2,1,6,1,55,8,-1,-1,-1,8,1,8
2017471704301,1,9,0,9,0,5,0,0,1,9,1,1,6,1,19,4,1242,1,10,10,2,10
2017471704301,2,4,0,18,0,8,0,0,0,0,1,1,6,1,29,6,544,1,37,4,1,4
2017471704302,1,9,0,18,0,8,0,0,1,1,1,1,6,2,35,6,1341,1,13,2,1,2
2017471704302,2,19,0,18,0,8,0,0,1,11,3,1,6,1,40,7,1560,2,2,4,2,4
2017471704303,1,9,0,9,0,3,0,0,0,0,1,1,2,1,41,7,1984,1,15,1,1,1
2017471704303,2,3,0,9,0,3,0,0,0,0,2,1,6,2,20,4,124,1,1,3,1,3
2017471704305,1,19,0,9,0,5,0,0,0,0,4,1,6,1,40,7,1560,2,9,1,1,1
2017471704305,2,3,0,18,0,1,0,0,0,0,1,1,6,1,17,4,124,1,7,5,2,5
2017471704306,1,9,0,18,0,2,0,0,0,0,1,1,6,1,58,9,1956,2,2,4,1,4
2017471704306,2,9,0,18,0,2,0,0,0,0,1,1,6,1,54,8,1798,1,12,5,1,5
2017471704306,3,9,0,18,0,2,0,0,0,0,2,1,6,1,72,10,1422,2,8,4,1,4
2017471704309,1,9,0,9,0,6,0,0,0,0,3,1,6,1,17,4,1124,1,12,8,1,8
2017471704309,2,9,0,18,0,1,0,0,0,0,1,1,6,1,88,11,1796,1,12,6,1,6
2017471704312,1,11,0,5,0,4,0,0,0,0,1,1,1,3,30,6,9000,2,14,-1,-1,-1
2017471704312,2,9,0,5,0,4,0,0,0,0,2,1,2,2,46,8,1598,1,9,5,1,5
2017471704314,1,19,0,18,0,0,0,0,0,0,1,1,6,3,-1,-1,-1,-1,-1,-1,-1,-1
2017471704314,2,9,0,3,0,0,0,0,0,0,2,1,6,2,26,6,1598,1,14,3,1,3
2017471704318,1,9,0,18,0,8,0,0,0,0,3,2,6,1,39,7,-1,-1,-1,-1,-1,-1
2017471704318,2,4,0,18,0,8,0,0,0,0,1,1,6,1,73,10,-1,-1,-1,6,1,6
2017471704319,1,9,0,7,4,1,0,0,0,0,4,1,6,2,26,6,1956,2,1,3,1,3
2017471704319,2,1,0,18,4,1,0,0,0,0,1,1,6,1,33,6,-1,-1,-1,6,1,6
2017471704319,3,11,0,18,2,1,0,0,0,0,0,1,1,1,-1,-1,-1,-1,-1,1,1,1
2017471704321,1,9,0,11,0,8,0,0,0,0,4,1,6,1,71,10,1951,2,13,7,1,7
2017471704321,2,1,0,18,0,8,0,0,0,0,3,1,6,1,70,10,-1,-1,-1,8,1,8
2017471704322,1,3,0,13,0,1,0,0,0,0,1,1,6,1,23,5,125,1,1,-1,-1,-1
2017471704322,2,9,0,18,0,1,0,0,0,0,3,1,6,1,20,4,1910,2,12,6,1,6
2017471704322,3,9,0,18,0,1,0,0,0,0,0,1,6,2,24,5,1364,1,11,-1,-1,-1
2017471704323,1,9,0,7,0,8,0,0,0,0,3,1,6,2,25,5,1149,1,14,7,2,7
2017471704323,2,4,0,17,0,8,0,0,0,0,4,1,6,1,25,5,645,1,9,10,1,10
2017471704327,1,9,0,1,0,6,0,0,0,0,2,1,6,2,37,7,1364,1,1,4,1,4
2017471704328,1,9,0,4,0,8,0,0,0,0,1,1,6,2,70,10,1248,2,8,7,1,7
2017471704328,2,9,0,4,0,8,0,0,0,0,2,1,6,2,43,7,2362,1,14,7,1,7
2017471704330,1,9,0,17,0,0,2,0,7,11,1,1,6,1,53,8,998,1,5,3,1,3
2017471704332,1,9,0,18,0,0,1,11,0,4,3,1,6,1,51,8,1598,1,14,8,3,8
2017471704333,1,9,0,18,0,1,0,0,0,0,1,1,1,1,35,6,-1,-1,-1,3,1,3
2017471704333,2,9,0,3,0,1,0,0,0,0,2,1,6,1,58,9,4163,2,8,6,3,6
2017471704333,3,9,0,3,0,1,0,0,0,0,2,1,6,1,36,7,-1,-1,-1,6,3,6
2017471704336,1,11,0,18,0,0,0,0,0,0,1,1,1,1,53,8,9000,2,8,3,1,3
2017471704337,1,9,0,7,0,6,0,0,0,0,3,1,6,1,19,4,1398,1,2,3,1,3
2017471704337,2,9,0,18,0,8,1,0,0,0,4,1,6,2,21,5,998,1,9,6,1,6
2017471704339,1,9,0,16,0,0,1,0,1,4,3,1,6,1,19,4,1198,1,14,5,2,5
2017471704341,1,9,0,9,0,8,0,0,0,0,3,1,1,1,41,7,2987,2,10,8,3,8
2017471704341,2,21,0,18,0,8,1,0,0,0,1,1,1,1,39,7,9200,2,8,5,2,5
2017471704342,1,9,0,18,0,0,0,11,0,0,1,1,2,2,23,5,1197,1,4,10,2,10
2017471704342,2,9,0,18,0,0,0,11,0,0,1,1,6,1,35,6,1461,2,6,2,1,2
2017471704347,1,19,0,1,0,0,0,0,0,0,2,1,6,1,43,7,2198,2,6,10,2,10
2017471704347,2,9,0,3,0,0,0,0,0,0,1,1,6,1,31,6,998,1,9,7,3,7
2017471704347,3,17,0,18,0,0,0,0,0,0,0,1,6,1,30,6,-1,-1,-1,-1,-1,-1
2017471704348,1,9,0,5,0,6,0,0,0,0,0,1,6,1,77,11,1497,1,14,9,1,9
2017471704349,1,9,0,18,0,1,1,0,0,0,1,1,6,2,87,11,973,1,17,8,1,8
2017471704349,2,9,0,10,0,1,0,0,0,0,2,1,1,1,41,7,1896,2,10,5,1,5
2017471704352,1,3,0,18,0,1,1,0,0,0,1,1,6,1,21,5,124,1,-1,1,1,1
2017471704352,2,9,0,7,0,1,0,0,0,0,1,1,6,1,65,9,1998,8,2,1,1,1
2017471704353,1,9,0,17,0,0,0,0,0,0,1,1,6,1,19,4,1149,1,16,6,2,6
2017471704353,2,9,0,18,0,0,0,0,0,0,1,1,6,2,73,10,1240,1,14,4,2,4
2017471704353,3,9,0,18,0,0,0,0,0,0,1,1,6,1,34,6,-1,-1,-1,6,2,6