Accident_Index,Vehicle_Reference,Vehicle_Type,Towing_and_Articulation,Vehicle_Manoeuvre,Vehicle_Location-Restricted_Lane,Junction_Location,Skidding_and_Overturning,Hit_Object_in_Carriageway,Vehicle_Leaving_Carriageway,Hit_Object_off_Carriageway,1st_Point_of_Impact,Was_Vehicle_Left_Hand_Drive?,Journey_Purpose_of_Driver,Sex_of_Driver,Age_of_Driver,Age_Band_of_Driver,Engine_Capacity_(CC),Propulsion_Code,Age_of_Vehicle,Driver_IMD_Decile,Driver_Home_Area_Type,Vehicle_IMD_Decile
2017471704821,2,3,0,4,0,1,0,0,0,0,2,1,6,1,22,5,125,1,2,9,1,9
2017471704823,1,9,0,9,0,3,0,0,0,0,1,1,6,2,41,7,1200,1,3,4,1,4
2017471704823,2,9,0,5,0,4,0,0,0,0,1,1,6,1,45,7,2000,2,13,9,1,9
2017471704825,1,9,0,9,0,3,0,0,0,0,4,1,6,3,-1,-1,-1,-1,-1,-1,-1,-1
2017471704825,2,9,0,18,0,4,0,0,1,7,3,1,6,2,24,5,1229,1,1,4,1,4
2017471704826,1,9,0,7,0,8,0,0,0,0,1,1,6,2,37,7,1598,1,9,8,1,8
2017471704826,2,19,0,4,0,8,0,0,0,0,2,1,1,1,38,7,2143,2,1,1,1,1
2017471704828,1,9,0,13,0,0,5,0,1,4,4,1,6,1,26,6,2979,1,1,5,1,5
2017471704828,2,90,0,18,0,0,0,0,1,4,1,1,6,1,77,11,2000,2,15,2,1,2
2017471704828,3,9,0,18,0,0,0,0,0,0,0,1,6,2,33,6,1229,1,6,8,1,8
2017471704834,1,3,0,18,0,0,0,0,0,0,1,1,6,1,17,4,124,1,7,2,1,2
2017471704834,2,19,0,18,0,0,0,0,0,0,1,1,6,1,56,9,2198,2,10,2,1,2
2017471704835,1,9,0,3,0,4,0,0,0,0,2,1,1,1,28,6,1598,2,5,4,1,4
2017471704835,2,8,0,3,0,4,0,0,0,0,2,1,1,1,42,7,1997,2,4,4,1,4
2017471704839,1,9,0,18,0,1,0,0,0,0,1,1,6,1,17,4,1242,1,12,7,1,7
2017471704839,2,8,0,10,0,1,0,0,0,0,2,1,1,1,35,6,1797,8,3,7,1,7
2017471704841,1,9,0,9,0,8,0,0,0,0,3,1,6,2,76,11,1398,1,3,9,2,9
2017471704841,2,5,0,18,0,1,1,0,0,0,3,1,6,1,63,9,865,1,8,10,2,10
2017471704842,1,9,0,5,0,1,0,0,0,0,4,1,6,2,73,10,998,1,7,7,1,7
2017471704843,1,9,0,17,0,0,0,0,0,0,0,1,6,3,45,7,-1,-1,-1,-1,-1,-1
2017471704843,2,5,0,16,0,0,0,0,0,0,0,1,6,1,46,8,1215,1,-1,6,1,6
2017471704843,3,5,0,16,0,0,0,0,1,9,0,1,6,1,51,8,1340,1,3,9,1,9
2017471704844,1,9,0,17,0,0,0,0,1,10,4,1,6,2,21,5,1364,1,8,10,1,10
2017471704845,1,9,0,18,0,0,0,0,1,0,1,1,6,1,30,6,1895,1,17,8,2,8
2017471704845,2,9,0,18,0,0,0,0,1,0,1,1,6,1,19,4,1198,1,7,10,2,10
2017471704847,1,9,0,9,0,5,0,0,0,0,1,1,1,2,32,6,998,1,15,9,1,9
2017471704847,2,3,0,18,0,8,0,0,0,0,1,1,6,1,20,4,124,1,1,6,1,6
2017471704848,1,9,0,18,0,8,0,0,4,2,1,1,1,1,37,7,1396,2,1,5,1,5
2017471704849,1,9,0,18,0,8,0,10,0,0,1,1,6,2,50,8,1595,1,12,4,1,4
2017471704849,2,9,0,3,0,8,0,0,0,0,3,1,2,1,27,6,1422,2,-1,6,1,6
2017471704849,3,21,0,3,0,8,0,0,0,0,3,1,1,3,-1,-1,-1,-1,-1,-1,-1,-1
2017471704850,1,10,0,18,0,1,0,4,0,0,1,1,1,1,29,6,2198,2,-1,2,1,2
2017471704850,2,9,0,2,0,1,0,0,1,1,2,1,6,3,-1,-1,1598,1,10,-1,-1,-1
2017471704852,1,9,0,9,0,1,0,0,0,0,4,1,6,1,61,9,1968,2,9,8,1,8
2017471704852,2,1,0,18,0,1,0,0,0,0,1,1,1,1,45,7,-1,-1,-1,5,1,5
2017471704854,1,5,0,16,0,0,1,0,7,0,1,1,6,1,53,8,1301,1,-1,3,1,3
2017471704854,2,9,0,17,0,0,0,0,0,0,1,1,6,1,35,6,1461,2,-1,3,2,3
2017471704856,1,1,0,18,0,1,0,0,0,0,1,1,6,1,60,9,-1,-1,-1,7,1,7
2017471704857,1,9,0,5,0,8,0,0,0,0,1,1,6,1,59,9,3000,2,20,3,1,3
2017471704857,2,1,0,18,0,8,0,0,0,0,2,1,6,1,40,7,-1,-1,-1,4,1,4
2017471704858,1,5,0,13,0,0,0,0,0,0,1,1,6,1,50,8,1255,1,3,4,1,4
2017471704858,2,9,0,18,0,0,0,0,0,0,1,1,6,1,52,8,1797,8,4,9,2,9
2017471704858,3,21,0,18,0,0,0,0,0,0,0,1,6,3,23,5,-1,-1,-1,-1,-1,-1
2017471704859,1,5,0,14,0,1,1,0,7,0,1,1,6,1,50,8,749,1,11,7,1,7
2017471704859,2,9,0,9,0,8,0,0,0,0,3,1,6,1,71,10,999,1,4,8,3,8
2017471704860,1,9,0,16,0,0,0,0,0,0,0,1,6,1,44,7,1242,1,8,-1,-1,-1
2017471704860,2,9,0,16,0,0,0,0,0,0,2,1,6,1,59,9,1984,1,9,3,1,3
2017471704860,3,5,0,16,0,0,0,0,0,0,1,1,6,1,52,8,1000,1,9,8,3,8
2017471704861,1,1,0,15,0,4,0,0,0,0,3,1,6,2,17,4,-1,-1,-1,8,3,8
2017471704861,2,9,0,7,0,4,0,0,0,0,4,1,6,2,32,6,998,1,1,5,1,5
2017471704862,1,9,0,7,9,2,0,0,0,0,3,1,6,1,76,11,1364,1,2,8,1,8
2017471704863,1,90,0,18,0,2,0,0,0,0,3,1,6,1,21,5,-1,-1,-1,6,1,6
2017471704863,2,9,0,18,0,8,0,0,0,0,1,1,6,1,58,9,1598,2,3,9,3,9
2017471704865,1,9,0,18,0,4,0,0,0,0,1,1,2,2,21,5,1422,2,2,9,2,9
2017471704865,2,9,0,3,0,4,0,0,0,0,2,1,6,2,50,8,1598,1,10,1,1,1
2017471704866,1,19,0,9,0,1,0,0,0,0,4,1,6,1,31,6,-1,-1,-1,2,1,2
2017471704866,2,9,0,18,0,1,0,0,0,0,1,1,6,2,45,7,1396,1,21,9,1,9
2017471704868,1,9,0,3,0,1,0,0,0,0,1,1,6,1,30,6,2143,2,1,-1,-1,-1
2017471704868,2,8,0,3,0,1,0,0,0,0,2,1,1,1,45,7,1997,2,6,3,1,3
2017471704869,1,9,0,5,0,4,0,0,0,0,1,1,6,1,62,9,2204,2,9,7,1,7
2017471704869,2,1,0,3,0,4,0,0,0,0,2,1,6,1,50,8,-1,-1,-1,3,1,3
2017471704873,1,9,0,17,0,1,1,0,0,0,1,1,6,1,19,4,998,1,18,9,2,9
2017471704873,2,17,4,16,0,8,0,0,0,0,3,1,1,1,38,7,6788,2,1,9,3,9
2017471704878,1,9,0,16,0,0,0,0,7,4,1,1,6,1,71,10,2993,2,7,7,3,7
2017471704878,2,9,0,17,0,0,5,0,0,0,3,1,6,1,27,6,1995,2,9,6,3,6
2017471704880,1,4,0,18,0,6,0,0,0,0,1,1,6,1,18,4,124,1,1,6,1,6
2017471704880,2,9,0,18,0,8,0,0,0,0,4,1,6,1,38,7,1299,1,14,5,1,5
2017471704881,1,9,0,18,0,3,0,0,0,0,1,1,6,2,37,7,1390,1,9,6,1,6
2017471704881,2,9,0,4,0,3,0,0,0,0,2,1,6,1,39,7,1968,2,6,3,1,3
2017471704882,1,9,0,17,0,0,1,0,1,9,1,1,6,1,34,6,1798,8,1,6,1,6
2017471704882,2,19,0,2,0,0,0,0,1,9,2,1,6,3,-1,-1,2464,2,10,6,1,6
2017471704884,1,2,0,9,0,6,1,0,0,0,0,1,6,1,22,5,-1,-1,-1,9,1,9
2017471704885,1,9,0,18,0,1,0,7,0,2,1,1,6,1,-1,-1,1900,2,18,-1,-1,-1
2017471704885,2,9,0,18,0,2,0,0,0,0,3,1,6,2,24,5,1968,2,5,7,1,7
2017471704891,1,9,0,18,0,0,0,0,0,0,4,1,6,2,40,7,1796,1,11,10,1,10
2017471704897,1,9,0,18,0,1,0,0,0,0,1,1,6,2,27,6,1587,1,11,7,1,7
2017471704897,2,1,0,7,0,2,0,0,0,0,1,1,6,1,14,3,-1,-1,-1,7,1,7
2017471704904,1,9,0,18,0,6,0,0,0,0,3,1,6,1,80,11,1598,2,6,8,1,8
2017471704904,2,11,0,18,0,8,1,0,0,0,1,1,1,1,34,6,9000,2,3,4,1,4
2017471704905,1,21,0,7,0,5,1,0,1,11,1,1,1,1,21,5,12130,2,14,10,1,10
2017471704905,2,4,0,9,0,1,0,0,0,0,0,1,6,3,-1,-1,-1,-1,-1,-1,-1,-1
2017471704906,1,1,0,17,0,8,0,0,0,0,0,1,6,1,18,4,-1,-1,-1,1,1,1
2017471704906,2,9,0,7,0,1,0,0,0,0,3,1,6,1,52,8,1497,8,2,2,1,2
2017471704907,1,9,0,17,0,0,0,0,0,0,1,1,6,1,43,7,-1,-1,-1,-1,-1,-1
2017471704907,2,9,0,16,0,0,0,0,0,0,1,1,1,1,32,6,1968,2,9,4,1,4
2017471704909,1,5,0,13,0,0,0,10,1,0,1,1,6,1,45,7,781,1,16,9,1,9
2017471704909,2,9,0,13,0,0,0,0,0,0,0,1,6,1,54,8,1995,2,13,8,1,8
2017471704910,1,19,0,7,0,3,0,0,0,0,4,1,1,1,49,8,2198,2,9,4,1,4
2017471704910,2,3,0,18,0,8,0,0,0,0,1,1,6,1,35,6,124,1,6,5,1,5
2017471704914,1,8,0,15,0,4,0,0,0,0,3,1,6,3,-1,-1,-1,-1,-1,-1,-1,-1
2017471704914,2,9,0,18,0,4,0,0,0,0,4,1,2,2,22,5,-1,-1,-1,6,1,6
2017471704916,1,9,0,16,0,2,0,0,0,11,2,1,6,2,33,6,1299,1,15,2,1,2
2017471704916,2,9,0,17,0,1,0,0,0,0,4,1,6,1,50,8,1339,1,11,9,1,9
2017471704917,1,8,0,18,0,4,0,0,0,0,1,1,1,1,47,8,1956,2,8,5,1,5
2017471704917,2,1,0,18,0,8,0,0,0,0,2,1,6,2,61,9,-1,-1,-1,9,1,9
2017471704919,1,9,0,17,0,2,1,11,0,0,4,1,6,1,38,7,1086,1,13,8,2,8
2017471704919,2,9,0,16,0,1,0,0,0,0,1,1,1,2,65,9,1596,1,10,10,1,10
2017471704919,3,9,0,16,0,1,0,0,0,0,1,1,6,1,25,5,1229,1,-1,-1,-1,-1
2017471704922,1,9,0,18,0,0,0,0,1,4,1,1,6,2,77,11,1995,1,6,5,1,5
2017471704922,2,9,0,18,0,0,0,0,0,0,4,1,6,1,23,5,998,1,4,10,3,10
2017471704922,3,19,0,18,0,0,0,0,1,0,1,1,2,1,20,4,1248,2,9,7,3,7
2017471704922,4,19,0,18,0,0,0,0,0,0,1,1,2,1,49,8,1686,2,13,2,1,2
2017471704924,1,9,0,5,0,6,0,0,0,0,2,1,6,1,39,7,-1,-1,-1,9,1,9
2017471704924,2,19,0,16,0,8,0,0,0,0,1,1,6,2,38,7,2198,2,5,2,1,2
2017471704928,1,9,0,18,0,6,1,0,1,11,1,1,6,2,17,4,998,1,9,4,1,4
2017471704928,2,21,1,18,0,1,0,0,0,0,1,1,1,1,38,7,6370,2,4,3,1,3
2017471704930,1,9,0,9,0,8,0,0,0,0,3,1,6,1,45,7,2993,2,14,-1,-1,-1
2017471704930,2,9,0,9,0,6,0,0,0,0,1,1,6,2,58,9,1797,8,3,3,1,3
2017471704931,1,19,0,5,0,1,0,0,0,0,3,1,2,2,46,8,1560,2,4,8,1,8
2017471704931,2,1,0,18,0,1,0,0,7,0,4,1,1,1,39,7,-1,-1,-1,7,1,7
2017471704935,1,5,0,4,0,2,0,0,0,0,0,1,6,1,29,6,645,1,12,4,1,4
2017471704936,1,19,0,9,0,6,0,0,0,0,3,1,6,1,46,8,1686,2,13,4,1,4
2017471704936,2,1,0,18,0,1,0,0,0,0,1,1,2,1,45,7,-1,-1,-1,6,1,6
2017471704937,1,1,0,18,0,2,0,0,0,0,3,1,6,2,39,7,-1,-1,-1,4,1,4
2017471704937,2,11,0,18,0,2,0,0,0,0,4,1,1,1,54,8,9360,2,5,8,1,8
2017471704939,1,9,0,18,0,0,0,0,0,0,4,1,1,3,-1,-1,2521,1,11,-1,-1,-1
2017471704943,1,9,0,15,0,1,0,0,0,0,1,1,6,1,20,4,1388,1,13,8,1,8
2017471704943,2,9,0,10,0,1,0,0,0,0,2,1,6,1,22,5,1242,1,5,6,1,6
2017471704944,1,9,0,17,0,0,0,0,1,4,1,1,6,2,54,8,1798,1,12,10,1,10
2017471704947,1,19,0,9,0,6,0,0,0,0,3,1,1,1,64,9,1248,2,3,5,3,5
2017471704947,2,9,0,18,0,8,0,0,0,0,1,1,6,2,21,5,599,1,15,7,1,7
2017471704949,1,9,0,11,0,0,0,0,0,0,1,1,6,1,20,4,1968,2,8,6,1,6
2017471704949,2,9,0,3,0,0,0,0,0,0,2,1,6,2,49,8,1591,1,-1,4,1,4
2017471704949,3,9,0,3,0,0,0,0,0,0,2,1,6,2,70,10,1299,1,15,4,3,4
2017471704950,1,9,0,18,0,8,1,0,0,0,1,1,6,1,38,7,1990,1,23,8,1,8
2017471704952,1,3,0,18,0,0,0,0,4,0,1,1,6,1,19,4,125,1,1,6,1,6
2017471704953,1,11,0,4,0,1,0,0,0,0,0,1,1,1,33,6,9360,2,5,3,1,3
2017471704954,1,5,0,13,0,8,0,0,7,0,1,1,6,1,57,9,1084,1,17,1,1,1
2017471704954,2,9,0,9,0,8,0,0,0,0,3,1,6,1,63,9,1598,1,8,8,3,8
2017471704956,1,3,0,18,0,0,0,0,0,0,3,1,6,1,22,5,124,1,7,2,1,2
2017471704956,2,1,0,18,0,0,0,0,0,0,4,1,6,2,29,6,-1,-1,-1,4,1,4
2017471704956,3,9,0,1,0,0,0,0,0,0,0,1,6,3,-1,-1,-1,-1,-1,-1,-1,-1
2017471704957,1,19,0,9,0,5,0,0,0,0,3,1,1,1,26,6,2198,2,9,4,1,4
2017471704957,2,5,0,18,0,1,0,0,0,0,1,1,1,1,36,7,996,1,19,2,1,2
2017471704959,1,9,0,16,0,0,0,0,7,11,1,1,6,1,51,8,2143,2,2,4,3,4
2017471704959,2,9,0,17,0,0,0,0,1,0,3,1,6,1,17,4,998,1,7,10,1,10
2017471704960,1,9,0,9,0,8,1,0,2,7,1,1,6,1,26,6,1388,1,13,10,1,10
2017471704961,1,5,0,18,0,1,0,0,0,0,1,1,6,1,58,9,1584,1,10,-1,1,-1
2017471704961,2,5,0,7,0,5,0,0,0,0,2,1,6,2,56,9,885,1,21,-1,1,-1
2017471704962,1,19,0,18,0,8,0,0,0,0,4,1,6,1,-1,-1,2198,2,4,-1,-1,-1
2017471704962,2,1,0,18,0,8,0,0,1,0,3,1,6,1,52,8,-1,-1,-1,4,1,4
2017471704963,1,9,0,18,0,8,0,0,0,0,4,1,6,1,65,9,1586,1,4,10,1,10
2017471704963,2,9,0,5,0,4,0,0,0,0,1,1,6,1,29,6,1968,2,12,3,1,3
2017471704964,1,8,0,18,0,0,0,0,0,0,1,1,1,1,30,6,-1,-1,-1,-1,-1,-1
2017471704964,2,9,0,2,0,0,0,0,0,0,2,1,6,3,-1,-1,1587,1,13,-1,-1,-1
2017471704966,1,9,0,4,0,1,1,0,0,0,1,1,6,1,33,6,1598,1,15,7,1,7
2017471704966,2,8,0,4,0,1,0,0,0,0,1,1,6,2,20,4,1999,1,10,8,1,8
2017471704971,1,9,0,9,0,5,0,0,0,0,1,1,6,3,-1,-1,1596,1,13,-1,-1,-1
2017471704971,2,1,0,18,0,8,0,0,0,0,1,1,6,1,49,8,-1,-1,-1,9,1,9
2017471704972,1,9,0,5,0,1,0,0,0,0,1,1,6,1,53,8,1998,1,22,4,1,4
2017471704972,2,9,0,3,0,1,0,0,0,0,2,1,6,2,22,5,1598,1,4,4,1,4
2017471704972,3,9,0,3,0,1,0,0,0,0,2,1,6,1,34,6,1388,1,8,10,1,10
2017471704975,1,19,0,18,0,0,1,0,0,0,1,1,1,1,37,7,2148,2,10,7,1,7
2017471704975,2,9,0,3,0,0,0,0,0,0,2,1,2,1,29,6,1995,2,5,10,1,10
2017471704975,3,9,0,3,0,0,0,0,0,0,2,1,2,2,27,6,998,1,1,10,1,10
2017471704980,1,1,0,18,9,8,0,0,0,0,1,1,6,2,28,6,-1,-1,-1,-1,-1,-1
2017471704982,1,9,0,18,0,0,0,0,0,0,1,1,6,2,20,4,1086,1,9,8,3,8
2017471704982,2,9,0,3,0,0,0,0,0,0,2,1,6,1,26,6,1995,2,6,3,1,3
2017471704992,1,9,0,18,0,1,0,0,0,0,1,1,1,2,52,8,1995,2,2,9,1,9
2017471704992,2,9,0,4,0,1,0,0,0,0,2,1,6,1,50,8,2493,1,16,1,1,1
2017471704992,3,9,0,7,0,5,0,0,0,0,0,1,6,3,-1,-1,-1,-1,-1,-1,-1,-1
2017471704994,1,19,0,4,0,2,0,0,0,0,4,1,1,1,55,8,2198,2,10,4,1,4
2017471704994,2,1,0,15,0,2,0,0,0,0,1,1,6,2,27,6,-1,-1,-1,4,1,4
2017471704995,1,9,0,18,0,0,0,4,0,0,4,1,6,1,88,11,1997,1,4,9,3,9
2017471704995,2,9,0,2,0,0,0,0,0,0,4,1,6,3,-1,-1,1968,2,5,-1,-1,-1
2017471705000,1,5,0,18,0,0,0,0,0,0,0,1,6,1,44,7,689,1,2,8,1,8
2017471705001,1,9,0,4,0,0,0,0,0,0,1,1,6,1,40,7,1995,2,11,6,1,6
2017471705001,2,9,0,3,0,0,0,0,0,0,2,1,2,1,48,8,1910,2,7,10,1,10
2017471705006,1,9,0,18,0,2,0,0,0,0,1,1,6,2,45,7,1560,2,7,5,2,5
2017471705006,2,9,0,18,0,2,0,0,0,0,2,1,6,1,29,6,2171,1,14,4,1,4
2017471705006,3,9,0,11,0,2,0,0,0,0,0,1,6,3,30,6,-1,-1,-1,-1,-1,-1
2017471705008,1,9,0,18,0,0,1,0,0,0,1,1,2,1,20,4,1396,1,18,8,3,8
2017471705008,2,19,0,18,0,0,0,0,0,0,1,1,1,1,43,7,2198,2,9,4,1,4
2017471705009,1,9,0,18,0,0,1,0,0,0,1,1,6,2,40,7,999,1,2,7,1,7
2017471705009,2,9,0,4,0,0,0,0,0,0,2,1,6,1,45,7,2191,2,4,8,1,8
2017471705009,3,9,0,4,0,0,0,0,0,0,2,1,6,1,30,6,1984,1,21,3,1,3
2017471705011,1,8,0,7,4,1,0,0,0,0,1,1,1,1,27,6,1968,2,10,7,1,7
2017471705011,2,1,0,5,4,1,0,0,0,0,1,1,2,1,20,4,-1,-1,-1,3,1,3
2017471705012,1,9,0,18,0,0,1,4,0,0,1,1,6,1,19,4,1242,1,17,7,1,7
2017471705012,2,9,0,2,0,0,0,0,0,0,2,1,6,2,67,10,1396,1,5,9,1,9
2017471705012,3,19,0,18,0,0,0,0,0,0,0,1,6,1,40,7,-1,-1,-1,-1,-1,-1
2017471705014,1,9,0,18,0,0,5,0,7,10,1,1,6,2,55,8,1242,1,13,1,1,1
2017471705014,2,19,0,18,0,0,0,0,0,0,1,1,6,1,40,7,1560,2,3,7,3,7
2017471705015,1,9,0,17,0,0,1,0,1,9,1,1,6,1,74,10,3248,1,19,9,1,9
2017471705022,1,9,0,2,0,0,0,0,0,0,3,1,6,1,40,7,2184,2,13,-1,-1,-1
2017471705022,2,1,0,18,0,0,0,0,0,0,4,1,6,1,38,7,-1,-1,-1,3,1,3
2017471705023,1,1,0,7,0,5,0,0,0,0,1,1,2,1,36,7,-1,-1,-1,10,1,10
2017471705024,1,19,0,18,0,1,0,0,0,0,3,1,1,1,24,5,1560,2,3,10,1,10
2017471705024,2,1,0,18,0,1,0,0,1,0,3,1,6,1,75,10,-1,-1,-1,5,3,5
2017471705025,1,11,0,13,0,1,0,0,0,0,4,1,1,2,20,4,4461,2,4,9,1,9
2017471705025,2,1,0,18,0,1,0,0,0,0,3,1,2,1,43,7,-1,-1,-1,4,1,4
2017471705026,1,9,0,9,0,6,0,0,0,0,3,1,6,1,28,6,1388,1,13,6,1,6
2017471705026,2,1,0,14,0,8,1,0,0,0,4,1,1,1,37,7,-1,-1,-1,6,3,6
2017471705030,1,1,0,18,0,0,0,0,0,0,1,1,6,1,50,8,-1,-1,-1,7,1,7
2017471705032,1,1,0,18,0,6,0,0,0,0,1,1,6,1,28,6,-1,-1,-1,2,1,2
2017471705032,2,9,0,18,0,8,0,0,0,0,4,1,6,1,46,8,1587,1,11,4,1,4
2017471705034,1,19,0,18,0,0,0,0,0,0,1,1,2,1,63,9,1968,2,3,6,1,6
2017471705034,2,11,0,2,0,0,0,0,0,0,0,1,6,3,-1,-1,4760,2,5,-1,-1,-1
2017471705038,1,3,0,18,0,8,1,4,1,0,1,1,6,1,19,4,124,1,4,9,1,9
2017471705038,2,9,0,2,0,1,0,0,0,0,3,1,6,3,-1,-1,1242,1,3,-1,-1,-1
2017471705038,3,9,0,2,0,2,0,4,0,0,1,1,6,3,-1,-1,1397,1,18,-1,-1,-1
2017471705038,4,9,0,2,0,2,0,4,0,0,2,1,6,3,-1,-1,1395,1,2,-1,-1,-1
2017471705038,5,9,0,2,0,2,0,0,0,0,1,1,6,3,-1,-1,1998,1,12,-1,-1,-1
2017471705040,1,1,0,7,0,0,0,0,0,0,1,1,6,1,17,4,-1,-1,-1,-1,-1,-1
2017471705040,2,9,0,18,0,0,0,0,0,0,4,1,6,2,39,7,2148,2,8,10,1,10
2017471705041,1,20,0,18,0,0,0,1,0,0,1,1,1,1,28,6,-1,-1,-1,4,1,4
2017471705041,2,9,0,2,0,0,0,0,0,0,0,1,1,3,-1,-1,-1,-1,-1,-1,-1,-1
2017471705042,1,9,0,18,0,4,0,0,0,0,1,1,6,2,27,6,1242,1,2,8,1,8
2017471705042,2,9,0,5,0,4,0,0,0,0,2,1,6,2,55,8,1587,1,10,6,1,6
2017471705043,1,9,0,1,0,1,0,0,0,0,4,1,6,2,45,7,1598,2,5,4,1,4
2017471705043,2,9,0,2,0,1,0,0,0,0,4,1,6,3,36,7,2498,1,19,2,1,2
2017471705043,3,9,0,2,0,1,0,0,0,0,4,1,6,3,40,7,1596,1,5,-1,-1,-1
2017471705044,1,9,0,6,2,0,0,0,0,0,4,1,6,1,63,9,1595,1,3,8,1,8
2017471705044,2,5,0,18,2,0,1,0,0,0,3,1,6,1,48,8,745,1,11,3,1,3
2017471705044,3,19,0,4,0,0,0,0,0,0,0,1,6,1,40,7,-1,-1,-1,-1,-1,-1
2017471705045,1,9,0,18,0,0,0,0,0,0,1,1,2,2,39,7,3498,1,13,3,1,3
2017471705045,2,11,0,2,6,0,0,0,0,0,0,1,1,1,37,7,6700,2,7,8,1,8
2017471705048,1,9,0,9,0,6,0,0,7,0,3,1,2,2,29,6,1360,1,10,6,2,6
2017471705048,2,19,0,16,0,8,0,0,0,0,1,1,1,1,47,8,2402,2,7,2,1,2
2017471705049,1,9,0,4,0,0,1,0,0,0,1,1,6,2,47,8,1997,2,2,10,2,10
2017471705049,2,9,0,4,0,0,0,0,0,0,2,1,6,2,35,6,1400,2,12,10,2,10
2017471705051,1,9,0,16,0,0,0,0,6,0,1,1,6,2,54,8,1598,1,9,4,1,4
2017471705051,2,9,0,18,0,0,0,0,0,0,1,1,2,2,57,9,698,1,13,4,1,4
2017471705053,1,3,0,4,0,8,1,0,0,0,1,1,6,1,18,4,124,1,-1,8,1,8
2017471705053,2,9,0,4,0,2,0,0,0,0,2,1,6,1,68,10,1998,1,1,8,1,8
2017471705053,3,11,0,5,0,1,0,0,0,0,1,1,6,1,58,9,3900,2,13,6,1,6
2017471705055,1,9,0,18,0,4,0,0,0,0,3,1,6,1,19,4,973,1,14,8,1,8
2017471705055,2,9,0,6,0,4,0,0,0,0,3,1,2,1,51,8,1968,2,1,7,1,7
2017471705057,1,9,0,18,0,8,5,9,7,1,1,1,6,1,69,10,3456,8,4,10,1,10
2017471705058,1,9,0,18,0,0,0,0,0,0,1,1,1,1,51,8,2494,8,1,8,3,8
2017471705058,2,9,0,18,0,0,0,0,0,0,2,1,1,1,31,6,1968,2,2,4,1,4
2017471705062,1,9,0,18,0,0,0,0,1,0,1,1,2,1,25,5,1390,1,17,5,1,5
2017471705062,2,9,0,3,0,0,0,0,0,0,2,1,1,1,53,8,2982,2,2,4,1,4
2017471705062,3,9,0,3,0,0,0,0,0,0,2,1,1,1,63,9,-1,-1,-1,8,1,8
2017471705064,1,9,0,5,0,6,0,0,0,0,3,1,6,1,20,4,1198,1,12,10,1,10
2017471705064,2,1,0,18,0,1,0,0,0,0,1,1,6,1,53,8,-1,-1,-1,10,1,10
2017471705064,3,9,0,7,0,2,0,0,0,0,0,1,6,3,40,7,-1,-1,-1,-1,-1,-1
2017471705066,1,8,0,9,0,8,0,0,0,0,4,1,1,1,62,9,1997,2,4,7,1,7
2017471705066,2,1,0,18,0,8,0,0,0,0,1,1,6,1,38,7,-1,-1,-1,4,1,4
2017471705067,1,9,0,13,0,0,0,0,0,0,3,1,6,1,32,6,-1,-1,-1,6,1,6
2017471705067,2,1,0,18,0,0,0,0,1,0,3,1,6,2,40,7,-1,-1,-1,7,2,7
2017471705070,1,9,0,18,0,0,1,0,0,0,3,1,1,1,43,7,1995,2,-1,4,1,4
2017471705070,2,9,0,18,0,0,1,0,5,6,4,1,6,1,22,5,1198,1,8,10,1,10
2017471705071,1,9,0,18,0,0,0,0,0,0,1,1,6,3,-1,-1,-1,-1,-1,-1,-1,-1
2017471705073,1,9,0,16,0,0,0,0,0,0,1,1,6,1,26,6,1368,1,9,8,3,8
2017471705073,2,9,0,17,0,0,0,0,0,0,1,1,6,2,47,8,1796,1,18,8,3,8
2017471705074,1,1,0,18,0,8,0,0,0,0,1,1,6,1,19,4,-1,-1,-1,-1,-1,-1
2017471705074,2,9,0,7,0,6,0,0,0,0,4,1,6,2,50,8,1896,2,14,4,1,4
2017471705078,1,2,0,18,0,0,0,0,0,0,3,1,6,1,16,4,49,1,3,7,3,7
2017471705078,2,9,0,18,0,0,0,0,0,0,1,1,6,2,30,6,1329,1,5,9,2,9
2017471705081,1,9,0,18,0,0,0,0,0,0,1,1,6,2,37,7,2488,2,12,10,1,10
2017471705082,1,8,0,18,0,1,0,0,0,0,3,1,6,1,58,9,2148,2,9,2,1,2
2017471705083,1,9,0,18,0,0,5,4,1,9,1,1,6,2,66,10,1598,1,6,5,3,5
2017471705083,2,9,0,2,0,0,0,0,0,0,1,1,6,1,26,6,1998,1,16,5,3,5
2017471705084,1,9,0,18,0,0,1,0,0,0,1,1,6,1,18,4,1598,1,2,6,3,6
2017471705084,2,9,0,18,0,0,0,0,1,10,1,1,6,1,55,8,-1,-1,-1,6,2,6
2017471705088,1,9,0,7,0,3,0,0,0,0,3,1,6,2,49,8,2000,1,11,10,1,10
2017471705088,2,9,0,18,0,8,0,0,0,0,1,1,6,1,61,9,1995,2,2,8,1,8
2017471705089,1,3,0,18,0,8,1,0,0,0,3,1,6,1,20,4,125,1,15,7,1,7
2017471705091,1,9,0,7,0,5,0,0,0,0,4,1,6,1,59,9,999,1,4,10,2,10
2017471705091,2,5,0,18,2,8,1,0,0,0,1,1,6,1,48,8,919,1,15,1,1,1
2017471705093,1,9,0,18,0,0,1,0,0,0,3,1,6,2,32,6,1596,1,12,9,3,9