Accident_Index,Vehicle_Reference,Vehicle_Type,Towing_and_Articulation,Vehicle_Manoeuvre,Vehicle_Location-Restricted_Lane,Junction_Location,Skidding_and_Overturning,Hit_Object_in_Carriageway,Vehicle_Leaving_Carriageway,Hit_Object_off_Carriageway,1st_Point_of_Impact,Was_Vehicle_Left_Hand_Drive?,Journey_Purpose_of_Driver,Sex_of_Driver,Age_of_Driver,Age_Band_of_Driver,Engine_Capacity_(CC),Propulsion_Code,Age_of_Vehicle,Driver_IMD_Decile,Driver_Home_Area_Type,Vehicle_IMD_Decile
2017471705097,1,9,0,9,0,6,0,0,0,0,3,1,6,2,46,8,1997,2,14,1,1,1
2017471705097,2,9,0,16,0,8,0,0,0,0,1,1,6,1,27,6,1598,1,14,2,1,2
2017471705099,1,19,0,9,0,8,0,0,0,0,3,1,6,1,53,8,2148,2,12,8,1,8
2017471705101,1,9,0,13,0,0,0,0,0,0,4,1,6,2,19,4,999,1,1,9,1,9
2017471705101,2,9,0,18,0,0,0,0,0,0,3,1,6,2,35,6,1390,1,10,8,3,8
2017471705101,3,9,0,18,0,0,0,0,0,0,0,1,6,2,53,8,1390,1,4,10,1,10
2017471705101,4,5,0,18,0,0,0,0,0,0,3,1,6,1,61,9,1450,1,13,8,1,8
2017471705104,1,9,0,7,0,1,0,0,0,0,4,1,6,3,-1,-1,1200,1,-1,-1,-1,-1
2017471705104,2,3,0,18,0,1,0,0,0,0,1,1,2,1,46,8,-1,-1,-1,1,1,1
2017471705105,1,3,0,16,0,0,1,0,7,0,0,1,2,1,24,5,124,1,4,8,1,8
2017471705106,1,9,0,9,0,6,0,0,0,0,4,1,6,3,30,6,-1,-1,-1,-1,-1,-1
2017471705107,1,9,0,6,0,0,0,0,0,0,3,1,2,1,40,7,1995,2,5,4,1,4
2017471705107,2,1,0,14,0,0,0,0,0,0,1,1,2,1,47,8,-1,-1,-1,10,1,10
2017471705111,1,9,0,17,0,1,0,0,0,0,1,1,6,1,89,11,1328,1,13,5,1,5
2017471705111,2,9,0,10,0,1,0,0,0,0,2,1,6,1,47,8,1956,2,7,10,2,10
2017471705115,1,8,0,6,0,1,0,0,0,0,3,1,1,1,38,7,-1,-1,-1,-1,1,-1
2017471705115,2,9,0,18,0,1,0,0,0,0,1,1,6,1,35,6,1598,2,4,8,1,8
2017471705117,1,17,4,18,0,1,0,0,0,0,1,1,1,1,17,4,6728,2,-1,6,3,6
2017471705117,2,9,0,4,0,1,0,0,0,0,2,1,6,1,57,9,1341,1,17,9,2,9
2017471705117,3,21,1,4,0,1,0,0,0,0,2,1,1,3,40,7,-1,-1,-1,-1,-1,-1
2017471705119,1,9,0,9,0,8,0,0,0,0,3,1,6,1,30,6,1598,1,15,2,1,2
2017471705119,2,2,0,18,0,8,0,0,0,0,3,1,6,1,16,4,49,1,6,8,1,8
2017471705120,1,9,0,18,0,0,1,0,7,4,1,1,6,2,65,9,1995,2,13,8,3,8
2017471705121,1,9,0,18,0,4,0,0,0,0,1,1,6,1,70,10,1796,1,13,10,3,10
2017471705121,2,1,0,18,0,8,0,0,0,0,4,1,6,1,55,8,-1,-1,-1,9,1,9
2017471705122,1,9,0,4,0,0,0,0,0,0,1,1,6,1,26,6,1800,1,18,6,1,6
2017471705122,2,9,0,4,0,0,0,0,0,0,2,1,1,1,50,8,2461,2,17,2,1,2
2017471705122,3,9,0,4,0,0,0,0,0,0,2,1,1,1,69,10,1968,2,3,8,1,8
2017471705122,4,9,0,4,0,0,0,0,0,0,2,1,1,1,30,6,1598,1,10,3,1,3
2017471705125,1,9,0,9,0,4,0,0,0,0,1,1,6,2,51,8,1794,1,13,5,1,5
2017471705125,2,1,0,18,0,8,0,0,0,0,3,1,6,1,20,4,-1,-1,-1,-1,-1,-1
2017471705126,1,20,0,18,0,1,0,0,0,0,1,1,1,1,38,7,-1,-1,-1,4,1,4
2017471705126,2,9,0,4,0,1,0,0,0,0,2,1,6,1,31,6,2993,2,1,1,1,1
2017471705126,3,9,0,4,0,1,0,0,0,0,2,1,6,2,38,7,1984,1,11,7,1,7
2017471705127,1,9,0,18,0,0,0,0,0,0,1,1,6,2,44,7,1596,1,14,3,1,3
2017471705127,2,19,0,2,0,0,0,0,0,0,2,1,6,3,-1,-1,2402,2,14,-1,-1,-1
2017471705127,3,9,0,2,0,0,0,0,0,0,1,1,6,3,-1,-1,1587,1,13,-1,-1,-1
2017471705128,1,9,0,18,0,4,0,0,3,10,1,1,6,1,76,11,1753,2,7,4,1,4
2017471705128,2,9,0,3,0,4,0,0,3,10,3,1,6,1,49,8,1299,1,16,3,1,3
2017471705129,1,9,0,9,0,8,0,0,0,0,3,1,6,1,65,9,1999,1,6,6,1,6
2017471705129,2,3,0,10,0,8,0,0,0,0,4,1,6,1,38,7,693,1,-1,1,1,1
2017471705130,1,9,0,7,0,6,0,0,0,0,3,1,6,2,24,5,1299,1,11,9,2,9
2017471705130,2,9,0,18,0,1,0,0,0,0,1,1,6,1,47,8,1598,1,13,5,3,5
2017471705130,3,21,0,2,0,1,0,0,0,0,0,1,1,3,-1,-1,-1,-1,-1,-1,-1,-1
2017471705131,1,1,0,18,0,2,0,0,0,0,1,1,6,1,44,7,-1,-1,-1,6,2,6
2017471705133,1,9,0,16,0,0,0,0,0,0,3,1,6,1,-1,-1,-1,-1,-1,-1,-1,-1
2017471705133,2,9,0,17,0,0,0,0,0,0,3,1,6,1,78,11,1388,1,11,7,2,7
2017471705133,3,9,0,17,0,0,0,0,0,0,3,1,2,1,41,7,1598,2,-1,7,2,7
2017471705134,1,9,0,18,0,1,0,0,0,0,1,1,6,1,33,6,1997,2,12,3,1,3
2017471705134,2,9,0,9,0,1,0,0,0,0,2,1,6,2,50,8,1197,1,3,3,1,3
2017471705136,1,5,0,18,0,1,0,10,1,3,1,1,6,1,29,6,749,1,8,2,1,2
2017471705136,2,9,0,18,0,1,0,0,0,0,0,1,1,1,40,7,1984,1,2,-1,-1,-1
2017471705139,1,9,0,17,0,0,2,0,0,0,1,1,6,1,20,4,1149,1,14,3,1,3
2017471705139,2,9,0,2,0,0,0,0,0,0,2,1,6,3,-1,-1,1598,1,5,-1,-1,-1
2017471705141,1,1,0,18,0,0,0,0,0,0,1,1,6,1,58,9,-1,-1,-1,8,3,8
2017471705141,2,1,0,18,0,0,0,0,0,0,2,1,6,1,63,9,-1,-1,-1,6,2,6
2017471705142,1,9,0,18,0,0,0,0,0,0,1,1,6,1,77,11,1461,2,4,3,1,3
2017471705142,2,9,0,2,0,0,0,0,0,0,1,1,6,3,-1,-1,1999,2,1,-1,-1,-1
2017471705143,1,9,0,1,0,6,0,0,0,0,2,1,2,2,57,9,3000,1,17,6,3,6
2017471705144,1,19,0,5,6,0,0,0,0,0,0,1,1,1,30,6,1598,2,3,8,1,8
2017471705144,2,1,0,18,0,0,0,0,0,0,0,1,2,1,51,8,-1,-1,-1,9,1,9
2017471705145,1,9,0,18,0,1,0,0,0,0,4,1,2,2,20,4,1124,1,10,6,1,6
2017471705145,2,1,0,18,0,1,0,0,0,0,2,1,2,1,50,8,-1,-1,-1,7,1,7
2017471705146,1,9,0,18,0,1,0,0,1,10,1,1,1,1,24,5,1248,1,7,1,1,1
2017471705146,2,9,0,9,0,1,0,0,0,0,0,1,6,2,67,10,1596,1,8,2,1,2
2017471705147,1,9,0,18,0,8,0,0,0,0,1,1,1,2,27,6,1390,1,8,8,1,8
2017471705147,2,19,0,18,0,8,0,0,0,0,2,1,1,1,36,7,2198,2,2,6,3,6
2017471705147,3,9,0,9,0,8,0,0,0,0,0,1,6,3,-1,-1,-1,-1,-1,-1,-1,-1
2017471705149,1,9,0,16,0,3,0,0,0,0,1,1,6,1,82,11,1149,1,7,8,1,8
2017471705150,1,9,0,18,0,0,1,0,0,0,1,1,6,1,26,6,-1,-1,-1,8,1,8
2017471705150,2,9,0,18,0,0,0,0,0,0,1,1,6,2,27,6,1149,1,2,5,3,5
2017471705154,1,9,0,4,0,5,0,0,0,0,3,1,6,1,46,8,1968,2,9,8,1,8
2017471705154,2,9,0,14,0,5,0,0,0,0,4,1,6,2,53,8,1596,1,4,5,1,5
2017471705158,1,19,0,4,0,1,1,0,7,0,4,1,6,2,49,8,1997,2,11,3,1,3
2017471705158,2,9,0,18,0,1,0,0,0,0,1,1,6,1,71,10,1998,2,2,8,1,8
2017471705158,3,9,0,9,0,8,0,0,0,0,0,1,6,1,30,6,-1,-1,-1,-1,-1,-1
2017471705159,1,9,0,5,0,8,0,0,0,0,1,1,6,1,25,5,1596,1,13,1,1,1
2017471705159,2,9,0,17,0,8,0,0,7,4,1,1,6,2,21,5,1149,1,16,9,3,9
2017471705165,1,9,0,18,0,0,1,10,1,1,3,1,1,1,29,6,3969,1,22,8,1,8
2017471705166,1,19,0,11,7,0,0,4,0,0,1,1,2,1,60,9,1560,2,1,6,3,6
2017471705166,2,9,0,2,6,0,0,0,0,0,2,1,6,3,-1,-1,2996,2,18,-1,-1,-1
2017471705167,1,9,0,18,0,1,0,0,0,0,1,1,6,1,-1,-1,2143,2,7,4,1,4
2017471705167,2,9,0,7,0,6,0,0,0,0,2,1,6,1,44,7,1998,2,5,5,1,5
2017471705168,1,9,0,9,0,4,0,0,0,0,1,1,1,1,51,8,1997,2,1,10,2,10
2017471705168,2,9,0,7,0,8,0,0,0,0,1,1,1,1,55,8,1364,2,6,10,1,10
2017471705169,1,9,0,18,0,0,0,0,0,0,4,1,6,1,70,10,2497,2,11,5,1,5
2017471705171,1,9,0,15,0,0,0,0,0,0,3,1,6,1,44,7,1995,1,15,7,1,7
2017471705171,2,9,0,18,0,0,0,0,0,0,3,1,6,2,53,8,998,1,4,9,1,9
2017471705172,1,9,0,18,0,0,1,0,0,0,0,1,6,3,-1,-1,-1,-1,-1,-1,-1,-1
2017471705172,2,9,0,18,0,0,0,0,0,0,0,1,6,2,33,6,1998,1,11,10,1,10
2017471705173,1,9,0,9,0,6,0,0,0,0,3,1,6,2,19,4,1388,1,14,5,1,5
2017471705173,2,1,0,18,0,8,1,0,0,0,1,1,6,1,69,10,-1,-1,-1,3,1,3
2017471705174,1,4,0,18,0,0,0,0,0,0,1,1,6,1,30,6,-1,-1,-1,-1,-1,-1
2017471705174,2,1,0,18,0,0,0,0,0,0,2,1,4,1,13,3,-1,-1,-1,4,1,4
2017471705177,1,9,0,18,0,3,0,0,0,0,1,1,6,1,80,11,1598,1,7,4,2,4
2017471705177,2,9,0,3,0,3,0,0,0,0,2,1,6,2,31,6,1596,1,12,3,1,3
2017471705177,3,9,0,3,0,3,0,0,0,0,2,1,6,2,36,7,1995,2,10,2,1,2
2017471705177,4,9,0,3,0,3,0,0,0,0,2,1,6,2,24,5,1598,1,6,2,1,2
2017471705179,1,21,0,18,0,0,0,0,0,0,1,1,1,1,27,6,4580,2,6,9,1,9
2017471705179,2,9,0,18,0,0,0,0,0,0,2,1,6,1,50,8,1596,1,13,6,3,6
2017471705181,1,9,0,18,0,8,0,0,0,0,1,1,6,1,56,9,2494,1,20,4,1,4
2017471705184,1,19,0,18,0,0,1,0,0,0,1,1,1,1,20,4,1753,2,15,7,1,7
2017471705184,2,9,0,18,0,0,0,0,0,0,2,1,2,2,46,8,1598,1,10,3,1,3
2017471705185,1,9,0,18,0,0,0,0,0,0,4,1,6,1,40,7,-1,-1,-1,-1,-1,-1
2017471705188,1,9,0,16,0,0,0,0,0,0,1,1,6,1,31,6,1997,2,13,4,1,4
2017471705188,2,9,0,17,0,0,0,0,0,0,1,1,6,1,52,8,799,2,5,9,2,9
2017471705190,1,9,0,18,0,6,0,0,0,0,1,1,1,1,27,6,1560,2,7,-1,-1,-1
2017471705190,2,9,0,18,0,8,0,0,0,0,2,1,6,1,28,6,1197,1,4,1,1,1
2017471705191,1,9,0,18,0,0,1,0,0,0,3,1,1,1,36,7,1200,1,2,6,1,6
2017471705191,2,9,0,18,0,0,0,0,0,0,3,1,2,1,19,4,1362,1,5,-1,-1,-1
2017471705191,3,9,0,18,0,0,0,0,0,0,3,1,2,1,51,8,1596,1,15,3,1,3
2017471705193,1,20,0,12,0,8,0,0,0,0,3,2,1,1,58,9,-1,-1,-1,-1,-1,-1
2017471705193,2,9,0,18,0,8,5,0,1,0,4,1,2,1,20,4,1395,1,3,6,1,6
2017471705196,1,9,0,9,0,6,0,0,0,0,1,1,1,2,-1,-1,1497,8,3,8,1,8
2017471705198,1,3,0,18,0,8,0,0,1,10,1,1,6,1,19,4,-1,-1,-1,-1,-1,-1
2017471705200,1,9,0,18,0,1,0,0,0,0,1,1,6,1,26,6,-1,-1,-1,3,1,3
2017471705200,2,9,0,3,0,1,0,0,0,0,2,1,6,1,34,6,1998,1,1,3,1,3
2017471705201,1,9,0,16,0,1,0,0,0,10,1,1,1,2,22,5,1360,1,8,10,1,10
2017471705203,1,9,0,18,0,1,0,0,0,0,1,1,6,2,29,6,1598,1,6,6,1,6
2017471705203,2,9,0,4,0,8,0,0,0,0,2,1,6,1,32,6,1995,1,11,7,1,7
2017471705205,1,9,0,1,0,1,0,0,0,0,2,1,6,2,58,9,1596,1,11,9,1,9
2017471705208,1,1,0,18,9,0,0,0,0,0,1,1,1,1,15,3,-1,-1,-1,-1,-1,-1
2017471705209,1,9,0,7,0,8,0,0,0,0,4,1,6,1,75,10,1400,1,10,1,1,1
2017471705209,2,1,0,18,4,8,0,0,0,0,3,1,6,1,28,6,-1,-1,-1,4,1,4
2017471705210,1,22,0,18,9,1,0,0,0,0,2,1,6,3,-1,-1,-1,-1,-1,-1,-1,-1
2017471705211,1,9,0,9,0,8,0,0,0,0,1,1,6,1,28,6,1395,1,2,10,1,10
2017471705211,2,9,0,17,0,8,0,0,0,0,1,1,6,2,30,6,1753,2,9,7,2,7
2017471705212,1,9,0,18,0,0,5,4,0,0,4,1,6,2,85,11,1349,1,6,8,1,8
2017471705212,2,9,0,2,0,0,0,0,0,0,3,1,6,3,-1,-1,1997,2,14,-1,-1,-1
2017471705213,1,9,0,5,0,6,0,0,0,0,3,1,6,2,55,8,1998,1,11,5,1,5
2017471705213,2,9,0,18,0,8,0,0,0,0,1,1,1,2,19,4,1299,1,9,3,1,3
2017471705214,1,5,0,18,0,0,0,0,0,0,1,1,6,1,31,6,898,1,3,4,1,4
2017471705215,1,9,0,9,0,6,0,0,0,0,3,1,6,2,39,7,1896,2,9,-1,-1,-1
2017471705215,2,9,0,18,0,1,0,0,0,0,1,1,6,1,38,7,2171,1,16,2,1,2
2017471705216,1,21,1,5,0,4,0,0,0,0,1,1,1,1,57,9,12902,2,4,7,1,7
2017471705216,2,8,0,5,0,4,0,0,0,0,2,1,1,1,37,7,1598,2,5,7,1,7
2017471705217,1,19,0,18,0,8,0,0,0,0,1,1,6,1,37,7,1560,2,6,4,1,4
2017471705217,2,11,0,18,0,8,0,0,0,0,2,1,1,1,43,7,9360,2,7,2,1,2
2017471705218,1,9,0,9,0,8,0,0,0,0,1,1,6,2,23,5,998,1,1,6,1,6
2017471705218,2,9,0,18,0,8,0,0,0,0,4,1,2,1,57,9,1995,2,3,3,1,3
2017471705219,1,9,0,4,0,1,0,0,0,0,2,1,6,2,48,8,1586,1,2,2,1,2
2017471705219,2,9,0,18,0,1,0,0,0,0,1,1,6,2,30,6,1582,2,5,3,1,3
2017471705219,3,9,0,7,0,1,0,0,0,0,0,1,6,1,26,6,1968,2,9,8,1,8
2017471705222,1,9,0,9,0,6,0,0,0,0,3,1,6,2,82,11,1560,2,6,8,3,8
2017471705222,2,9,0,18,0,8,0,0,0,0,1,1,6,1,42,7,2143,2,2,9,2,9
2017471705225,1,9,0,18,0,4,0,7,7,4,1,1,6,1,84,11,1998,1,3,7,1,7
2017471705225,2,9,0,9,0,4,0,0,0,0,0,1,6,3,-1,-1,-1,-1,-1,-1,-1,-1
2017471705227,1,9,0,18,0,8,0,0,8,11,1,1,2,2,27,6,1242,1,1,5,3,5
2017471705227,2,9,0,18,0,8,1,0,0,0,1,1,2,1,69,10,-1,-1,-1,4,1,4
2017471705228,1,17,4,12,0,0,0,0,0,0,2,1,1,1,21,5,6728,2,-1,10,1,10
2017471705228,2,5,0,18,0,0,1,0,0,0,1,1,6,1,50,8,865,1,7,6,3,6
2017471705232,1,9,0,4,0,1,0,0,0,0,1,1,1,1,70,10,1995,2,4,9,1,9
2017471705232,2,1,0,9,0,8,0,0,0,0,2,1,6,2,30,6,-1,-1,-1,1,1,1
2017471705235,1,9,0,16,0,0,5,0,7,0,1,1,2,1,22,5,1999,1,12,7,3,7
2017471705236,1,9,0,9,0,1,0,0,0,0,1,1,6,1,20,4,1339,1,14,-1,-1,-1
2017471705236,2,9,0,4,0,1,0,0,0,0,2,1,6,1,73,10,1998,1,10,5,1,5
2017471705237,1,9,0,18,0,0,0,0,0,0,1,1,6,1,85,11,1988,1,15,2,1,2
2017471705237,2,11,0,2,0,0,0,0,0,0,2,1,1,1,32,6,9000,2,6,3,1,3
2017471705242,1,22,0,18,9,2,5,10,0,0,4,1,1,1,41,7,-1,-1,-1,10,2,10
2017471705242,2,11,0,17,0,2,0,0,0,0,4,1,1,1,46,8,6700,2,6,3,1,3
2017471705243,1,9,0,7,0,5,0,0,0,0,1,1,6,1,88,11,1242,1,5,6,1,6
2017471705243,2,9,0,3,0,2,0,0,0,0,3,1,6,2,23,5,999,1,-1,6,1,6
2017471705245,1,9,0,18,0,0,0,0,0,0,3,1,6,1,24,5,1998,1,14,8,3,8
2017471705245,2,9,0,18,0,0,0,0,0,0,4,1,1,1,36,7,2993,2,-1,9,1,9
2017471705246,1,9,0,17,0,0,1,0,1,4,1,1,6,1,31,6,1198,1,10,6,1,6
2017471705248,1,19,0,18,0,1,0,0,0,0,1,1,1,1,51,8,1248,2,6,2,1,2
2017471705250,1,9,0,18,0,0,0,0,0,0,3,1,6,3,34,6,1997,2,6,4,1,4
2017471705250,2,3,0,18,0,0,0,0,0,0,4,1,6,1,33,6,125,1,-1,1,1,1
2017471705250,3,9,0,2,0,0,0,0,0,0,0,1,6,3,-1,-1,1560,2,1,-1,-1,-1
2017471705254,1,3,0,18,0,8,0,0,0,0,1,1,6,1,48,8,-1,-1,-1,2,1,2
2017471705258,1,9,0,18,0,6,0,0,0,0,1,1,6,1,32,6,1997,1,17,1,1,1
2017471705258,2,9,0,18,0,8,0,0,0,0,3,1,6,1,64,9,1995,2,5,7,1,7
2017471705260,1,3,0,18,9,1,0,0,1,1,1,1,6,1,24,5,125,1,1,8,1,8
2017471705262,1,3,0,12,0,1,0,0,0,0,2,1,6,1,18,4,123,1,-1,6,1,6
2017471705262,2,9,0,18,0,1,0,0,4,1,1,1,6,1,36,7,1984,1,7,2,1,2
2017471705263,1,9,0,6,0,1,0,0,0,0,3,1,6,1,23,5,998,1,-1,8,3,8
2017471705263,2,9,0,13,0,1,0,0,0,0,1,1,6,2,54,8,1499,1,-1,5,1,5
2017471705265,1,9,0,9,0,6,0,0,0,0,1,1,6,1,78,11,3528,1,-1,5,2,5
2017471705265,2,5,0,18,0,8,0,0,0,0,1,1,6,1,59,9,1690,1,-1,1,1,1
2017471705267,1,9,0,17,0,0,0,0,0,0,1,1,6,1,47,8,3724,1,14,2,2,2
2017471705267,2,9,0,16,0,0,0,0,0,0,1,1,6,2,37,7,4196,1,10,5,3,5
2017471705268,1,9,0,7,0,6,0,0,0,0,1,1,6,1,22,5,1596,1,12,7,1,7
2017471705268,2,9,0,18,0,1,0,0,0,0,1,1,6,1,55,8,1400,1,19,7,1,7
2017471705269,1,9,0,16,0,0,0,0,7,11,1,1,6,2,22,5,2179,2,10,1,1,1
2017471705270,1,9,0,18,0,0,0,0,7,0,3,1,6,1,32,6,1968,2,2,9,1,9
2017471705270,2,9,0,18,0,0,0,0,0,0,3,1,6,1,29,6,996,1,3,4,1,4
2017471705270,3,9,0,18,0,0,0,0,0,0,1,1,6,2,22,5,1998,1,-1,6,1,6
2017471705270,4,9,0,18,0,0,0,0,0,0,1,1,6,1,49,8,1461,2,1,4,1,4
2017471705271,1,9,0,18,0,1,0,0,0,0,1,1,6,3,30,6,-1,-1,-1,-1,-1,-1
2017471705271,2,19,0,4,0,1,0,0,0,0,2,1,6,1,28,6,1598,2,1,4,1,4
2017471705272,1,3,0,17,0,0,1,0,0,0,1,1,2,1,25,5,125,1,-1,5,3,5
2017471705272,2,21,0,3,0,0,0,0,0,0,2,1,1,1,30,6,10518,2,5,4,2,4
2017471705274,1,3,0,18,0,1,1,0,0,0,0,1,6,1,27,6,124,1,2,8,1,8
2017471705274,2,9,0,3,0,1,0,0,0,0,0,1,6,2,36,7,1999,1,8,9,1,9
2017471705282,1,9,0,18,0,8,0,0,0,0,1,1,6,2,69,10,1598,1,3,8,1,8
2017471705282,2,9,0,18,0,8,0,0,0,0,2,2,6,1,29,6,-1,-1,-1,1,1,1
2017471705282,3,9,0,18,0,8,0,0,0,0,2,1,6,1,28,6,1995,2,6,1,1,1
2017471705286,1,3,0,17,0,1,1,0,7,0,0,1,6,1,21,5,125,1,3,8,1,8
2017471705287,1,11,0,5,0,2,0,0,0,0,1,1,1,1,50,8,-1,-1,-1,8,1,8
2017471705288,1,9,0,18,0,6,0,0,0,0,1,1,6,2,27,6,1598,2,7,1,1,1
2017471705288,2,9,0,18,0,1,0,0,0,0,1,1,6,1,56,9,1598,2,4,6,3,6
2017471705290,1,9,0,9,0,6,0,0,0,0,4,1,6,1,35,6,1968,2,5,1,1,1
2017471705290,2,8,0,18,0,1,0,0,1,2,1,1,1,1,58,9,1598,2,4,10,1,10
2017471705291,1,9,0,16,0,0,0,0,0,0,4,1,6,1,69,10,2199,2,5,6,1,6
2017471705291,2,9,0,2,0,0,0,0,0,2,2,1,6,3,-1,-1,998,1,11,-1,-1,-1
2017471705292,1,9,0,16,0,0,1,0,0,0,1,1,6,2,36,7,-1,-1,-1,-1,3,-1
2017471705292,2,9,0,17,0,0,0,0,0,0,3,1,6,1,49,8,2143,2,4,5,1,5
2017471705294,1,19,0,15,0,8,0,0,0,0,4,1,6,1,29,6,1995,2,-1,8,1,8
2017471705294,2,19,0,3,0,8,0,0,0,0,4,1,6,2,52,8,1248,2,1,6,1,6
2017471705296,1,9,0,18,0,0,0,0,0,0,1,1,6,3,-1,-1,-1,-1,-1,-1,-1,-1
2017471705296,2,9,0,18,0,0,0,0,0,0,2,1,6,2,41,7,1598,1,11,9,2,9
2017471705299,1,1,0,18,0,1,0,0,0,0,2,1,4,2,40,7,-1,-1,-1,-1,-1,-1
2017471705299,2,1,0,18,0,1,0,0,0,0,1,1,6,1,13,3,-1,-1,-1,7,1,7
2017471705302,1,9,0,18,0,2,0,0,0,0,1,1,6,2,25,5,998,1,2,7,1,7
2017471705302,2,9,0,2,0,2,0,0,0,0,3,1,6,3,-1,-1,2143,2,6,-1,-1,-1
2017471705302,3,9,0,2,0,2,0,0,0,0,2,1,6,3,-1,-1,1560,2,8,-1,-1,-1
2017471705304,1,20,0,1,0,0,0,0,0,0,2,1,1,1,39,7,2402,2,11,5,1,5
2017471705306,1,9,0,18,0,0,0,0,0,0,4,1,6,3,-1,-1,-1,-1,-1,-1,-1,-1
2017471705306,2,1,0,18,0,0,0,0,0,0,3,1,2,2,53,8,-1,-1,-1,8,1,8
2017471705307,1,19,0,3,0,0,0,0,0,0,1,1,6,1,28,6,-1,-1,-1,-1,-1,-1
2017471705307,2,9,0,3,0,0,0,0,0,0,2,1,1,2,34,6,1968,2,4,1,1,1
2017471705309,1,9,0,18,0,8,0,0,0,0,1,1,1,1,29,6,1997,2,1,2,1,2
2017471705314,1,9,5,18,0,4,5,0,3,4,1,1,2,1,49,8,1956,2,5,7,1,7
2017471705315,1,19,0,13,0,1,0,0,1,4,3,1,6,1,36,7,1598,2,-1,1,1,1
2017471705315,2,9,0,9,0,5,1,0,0,0,1,1,1,1,79,11,1968,2,1,1,1,1
2017471705316,1,9,0,18,0,0,0,0,0,0,1,1,2,2,53,8,1596,1,16,5,1,5
2017471705316,2,9,0,4,0,0,0,0,0,0,2,1,2,1,30,6,1598,1,13,6,3,6
2017471705322,1,9,0,18,0,0,0,0,0,0,4,1,1,1,25,5,995,1,8,2,1,2
2017471705325,1,9,0,9,0,4,0,0,0,0,1,1,2,2,57,9,998,1,5,3,1,3
2017471705325,2,1,0,18,0,8,0,0,0,0,4,1,6,2,46,8,-1,-1,-1,3,1,3
2017471705327,1,9,0,18,0,0,0,0,0,0,1,1,6,1,50,8,1997,2,10,5,1,5
2017471705328,1,9,0,18,0,0,1,0,0,0,1,1,2,2,25,5,1995,1,8,10,1,10
2017471705328,2,9,0,4,0,0,0,0,0,0,2,1,2,1,33,6,1560,2,6,7,2,7
2017471705329,1,9,0,18,9,1,0,10,1,11,1,1,6,2,56,9,1149,1,12,5,1,5
2017471705329,2,9,0,18,0,8,0,0,0,0,0,1,6,3,40,7,-1,-1,-1,-1,-1,-1
2017471705333,1,9,0,9,0,6,0,0,0,0,0,1,6,3,30,6,-1,-1,-1,-1,-1,-1
2017471705333,2,11,0,18,0,8,0,0,0,0,0,1,1,1,35,6,5132,2,2,6,1,6
2017471705335,1,9,0,18,0,0,0,0,0,0,1,1,6,1,94,11,1339,1,10,8,1,8
2017471705336,1,9,0,4,0,1,0,0,0,0,1,1,6,1,78,11,2902,2,12,3,1,3
2017471705336,2,9,0,3,0,4,0,0,0,0,2,1,6,1,37,7,1796,1,15,8,1,8
2017471705337,1,9,0,18,0,0,0,0,0,0,1,1,6,1,18,4,1248,2,3,6,1,6
2017471705337,2,9,0,4,0,0,0,0,0,0,2,1,6,2,34,6,1596,1,13,6,1,6
2017471705338,1,9,0,18,0,0,5,0,0,0,4,1,6,1,79,11,1248,1,6,8,1,8
2017471705338,2,9,0,2,0,0,0,0,0,0,4,1,6,3,-1,-1,1242,1,15,-1,-1,-1
2017471705339,1,21,0,18,0,0,0,0,0,0,3,1,1,3,40,7,-1,-1,-1,-1,-1,-1
2017471705339,2,9,0,18,0,0,0,0,0,0,3,1,6,2,50,8,1596,1,8,4,1,4
2017471705342,1,9,4,18,0,0,5,0,1,4,4,1,2,1,25,5,2495,2,20,6,3,6
2017471705343,1,9,0,4,0,2,0,0,0,0,1,1,6,2,57,9,1999,1,8,6,1,6
2017471705343,2,8,0,3,0,2,0,0,0,0,2,1,6,1,26,6,1240,1,14,2,1,2
2017471705345,1,9,0,4,0,1,1,0,0,0,1,1,6,1,19,4,1397,1,16,8,2,8
2017471705345,2,9,0,10,0,1,0,0,1,0,2,1,6,1,50,8,1593,1,26,6,1,6
2017471705346,1,9,0,18,0,8,0,0,1,11,1,1,6,1,73,10,1991,2,9,8,1,8
2017471705349,1,9,0,17,0,0,0,0,0,0,4,1,1,2,36,7,1364,1,2,9,1,9
2017471705349,2,1,0,17,0,0,0,0,0,0,2,1,1,2,44,7,-1,-1,-1,7,1,7
2017471705350,1,9,0,18,0,1,0,0,0,0,2,1,6,2,21,5,1560,2,1,8,2,8
2017471705350,2,9,0,3,0,1,0,0,0,0,0,1,6,1,30,6,1796,1,13,2,1,2
2017471705351,1,9,0,7,0,6,0,0,0,0,0,1,1,3,-1,-1,-1,-1,-1,-1,-1,-1
2017471705351,2,3,0,18,0,1,1,10,1,0,1,1,6,1,24,5,115,1,2,3,1,3
2017471705352,1,2,0,4,0,1,1,0,0,0,3,1,2,1,48,8,49,1,-1,10,1,10
2017471705353,1,9,0,7,0,1,0,0,0,0,1,1,6,1,65,9,1598,1,13,7,2,7
2017471705353,2,1,0,18,0,1,0,0,0,0,1,1,6,1,25,5,-1,-1,-1,9,1,9
2017471705359,1,9,0,18,0,1,0,0,0,0,1,1,6,1,17,4,1242,1,17,6,1,6