Accident_Index,Vehicle_Reference,Vehicle_Type,Towing_and_Articulation,Vehicle_Manoeuvre,Vehicle_Location-Restricted_Lane,Junction_Location,Skidding_and_Overturning,Hit_Object_in_Carriageway,Vehicle_Leaving_Carriageway,Hit_Object_off_Carriageway,1st_Point_of_Impact,Was_Vehicle_Left_Hand_Drive?,Journey_Purpose_of_Driver,Sex_of_Driver,Age_of_Driver,Age_Band_of_Driver,Engine_Capacity_(CC),Propulsion_Code,Age_of_Vehicle,Driver_IMD_Decile,Driver_Home_Area_Type,Vehicle_IMD_Decile
2017471705617,1,9,0,18,0,0,0,0,7,4,1,1,6,1,83,11,1968,2,5,6,1,6
2017471705624,1,20,0,7,0,6,0,0,0,0,1,1,1,2,55,8,-1,-1,-1,7,2,7
2017471705624,2,19,0,18,0,1,0,0,0,0,4,1,1,1,56,9,1248,2,3,4,1,4
2017471705628,1,9,0,18,0,6,0,4,0,0,1,1,6,2,75,10,1998,1,13,4,1,4
2017471705628,2,9,0,2,0,8,0,4,0,0,2,1,6,3,-1,-1,1198,1,-1,-1,-1,-1
2017471705628,3,9,0,2,0,8,0,4,0,0,3,1,6,3,-1,-1,1589,1,18,-1,-1,-1
2017471705628,4,9,0,2,0,8,0,4,0,0,3,1,6,3,-1,-1,2500,6,19,-1,-1,-1
2017471705628,5,9,0,2,0,8,0,0,0,0,3,1,6,3,-1,-1,998,1,1,-1,-1,-1
2017471705629,1,9,0,9,0,8,0,0,0,0,1,1,6,2,32,6,1396,7,13,4,1,4
2017471705629,2,9,0,18,0,8,0,0,0,0,3,1,2,1,23,5,1997,2,2,4,1,4
2017471705631,1,9,0,5,0,8,0,0,0,0,1,1,6,3,-1,-1,1598,2,1,-1,-1,-1
2017471705631,2,1,0,18,0,1,0,0,0,0,4,1,6,1,32,6,-1,-1,-1,6,1,6
2017471705632,1,9,0,4,0,0,0,0,0,0,1,1,1,1,46,8,-1,-1,-1,9,1,9
2017471705633,1,21,0,5,0,4,0,0,0,0,1,1,1,1,50,8,12900,2,8,7,1,7
2017471705637,1,20,0,18,0,0,0,0,0,0,4,1,6,3,30,6,-1,-1,-1,-1,-1,-1
2017471705637,2,1,0,18,4,0,0,0,0,0,3,1,6,2,19,4,-1,-1,-1,1,1,1
2017471705638,1,9,0,18,0,1,0,0,0,0,1,1,6,1,80,11,1360,1,13,10,1,10
2017471705639,1,9,0,9,0,8,0,0,0,0,1,1,6,2,43,7,1388,1,11,10,1,10
2017471705639,2,3,0,18,0,8,0,0,0,0,3,1,6,1,18,4,124,1,10,8,1,8
2017471705640,1,8,0,9,0,6,0,0,0,0,1,1,1,1,50,8,1686,2,7,5,1,5
2017471705640,2,9,0,18,0,8,0,0,0,0,1,1,6,1,62,9,1596,1,3,5,3,5
2017471705641,1,11,0,18,2,8,0,0,0,0,1,1,1,1,47,8,9360,2,5,6,2,6
2017471705646,1,9,0,16,0,2,1,0,7,1,3,1,6,2,88,11,-1,-1,-1,9,2,9
2017471705647,1,9,0,4,0,1,0,0,0,0,1,1,6,2,45,7,1390,1,10,6,1,6
2017471705647,2,5,0,3,0,1,0,0,0,0,2,1,6,1,41,7,800,1,6,4,1,4
2017471705653,1,9,0,9,0,6,0,0,0,0,1,1,2,1,31,6,1984,1,16,10,1,10
2017471705653,2,9,0,18,0,8,0,0,7,0,4,1,2,2,44,7,998,1,3,7,1,7
2017471705654,1,9,0,9,0,6,0,0,0,0,1,1,6,2,69,10,1400,2,11,5,3,5
2017471705654,2,9,0,18,0,1,0,0,7,3,3,1,6,2,58,9,1149,1,13,8,1,8
2017471705655,1,9,0,9,0,5,0,0,0,0,1,1,6,1,17,4,1197,1,1,10,2,10
2017471705655,2,9,0,18,0,1,0,0,0,0,4,1,6,1,38,7,999,1,1,6,1,6
2017471705656,1,1,0,9,0,6,0,0,0,0,3,1,6,1,43,7,-1,-1,-1,9,1,9
2017471705656,2,9,0,18,0,1,1,0,0,0,1,1,6,1,46,8,1596,1,9,9,1,9
2017471705658,1,9,0,9,0,6,0,0,0,0,1,1,6,2,40,7,1984,1,-1,7,1,7
2017471705661,1,9,0,18,0,8,0,10,8,11,3,1,6,1,19,4,1149,1,11,7,1,7
2017471705662,1,9,0,17,0,0,1,0,1,0,1,1,6,1,19,4,1398,2,11,7,1,7
2017471705664,1,9,0,18,0,1,0,0,0,0,1,1,6,2,30,6,1395,1,1,10,1,10
2017471705666,1,9,0,9,0,1,0,0,0,0,1,1,6,1,56,9,1422,2,9,6,1,6
2017471705666,2,9,0,17,0,1,0,0,0,0,3,1,6,2,56,9,1339,1,8,3,1,3
2017471705667,1,19,0,17,0,1,0,0,0,0,1,1,6,1,28,6,1968,2,10,-1,-1,-1
2017471705667,2,9,0,3,0,8,0,0,0,0,2,1,3,2,21,5,1242,1,3,4,1,4
2017471705667,3,9,0,10,0,8,0,0,0,0,2,1,6,2,26,6,998,1,16,1,1,1
2017471705668,1,9,0,9,0,6,0,0,1,0,4,1,6,2,74,10,2401,2,15,6,3,6
2017471705668,2,9,0,18,0,1,0,0,0,0,1,1,6,2,26,6,1968,2,-1,9,1,9
2017471705670,1,9,0,18,0,0,0,0,0,0,1,1,6,1,40,7,-1,-1,-1,5,1,5
2017471705670,2,9,0,18,0,0,0,0,0,0,2,1,6,2,32,6,1999,2,-1,-1,-1,-1
2017471705672,1,9,0,18,0,0,0,0,1,0,1,1,6,1,40,7,1598,2,1,-1,-1,-1
2017471705676,1,9,0,18,0,0,2,0,1,9,4,1,1,2,52,8,1364,1,8,6,3,6
2017471705678,1,9,0,16,0,0,1,0,0,0,1,1,6,2,51,8,1596,1,14,2,1,2
2017471705678,2,9,0,17,0,0,0,0,0,0,1,1,6,2,81,11,1339,8,5,7,3,7
2017471705679,1,9,0,18,0,1,0,0,0,0,1,1,6,1,32,6,2179,2,5,1,1,1
2017471705679,2,9,0,3,0,1,0,0,0,0,2,1,6,2,48,8,1248,1,2,7,1,7
2017471705680,1,9,0,9,0,6,0,0,0,0,1,1,6,1,32,6,1600,1,18,8,1,8
2017471705680,2,5,0,17,0,8,0,0,0,0,4,1,6,1,60,9,1441,1,2,3,1,3
2017471705684,1,9,0,18,0,0,0,0,1,4,3,1,6,1,58,9,1596,1,14,1,1,1
2017471705685,1,9,0,18,0,0,0,0,0,0,1,1,1,2,50,8,1390,1,7,5,2,5
2017471705685,2,11,0,2,0,0,0,0,0,0,0,1,1,1,54,8,4500,2,2,5,1,5
2017471705687,1,19,0,7,2,1,0,0,0,0,0,1,1,3,40,7,1968,2,2,8,2,8
2017471705687,2,1,0,18,4,1,0,0,0,0,0,1,6,1,68,10,-1,-1,-1,7,1,7
2017471705689,1,9,0,5,0,4,0,0,0,0,1,1,6,1,40,7,1596,1,1,10,1,10
2017471705689,2,9,0,5,0,8,0,0,0,0,2,1,6,2,34,6,1995,2,3,6,3,6
2017471705694,1,9,0,18,0,8,0,10,7,7,1,1,3,2,38,7,1242,1,2,-1,-1,-1
2017471705699,1,9,0,17,0,0,0,0,0,0,3,1,3,2,22,5,1390,1,13,3,1,3
2017471705699,2,2,0,16,0,0,0,0,0,0,3,1,4,1,16,4,49,1,5,5,1,5
2017471705699,3,9,0,2,0,0,0,0,0,0,0,1,4,3,-1,-1,2993,2,6,-1,-1,-1
2017471705701,1,19,0,18,0,0,0,0,0,0,1,1,1,1,44,7,1248,2,1,4,1,4
2017471705701,2,20,0,18,0,0,0,0,0,0,1,1,1,1,35,6,-1,-1,-1,9,1,9
2017471705704,1,9,0,18,0,0,0,0,0,0,3,1,6,3,30,6,1968,2,11,-1,-1,-1
2017471705704,2,9,0,3,0,0,0,0,0,0,4,1,6,1,49,8,1598,1,13,4,1,4
2017471705705,1,8,0,4,0,4,0,0,0,0,1,1,6,1,52,8,1968,2,5,7,1,7
2017471705705,2,19,0,5,0,4,0,0,0,0,2,1,1,1,52,8,2198,2,1,4,1,4
2017471705706,1,9,0,18,0,8,0,0,0,0,1,1,6,1,53,8,1149,1,5,7,1,7
2017471705707,1,20,0,7,0,5,0,0,0,0,3,1,1,1,50,8,-1,-1,-1,2,1,2
2017471705708,1,9,0,6,0,0,0,0,0,0,3,1,2,1,38,7,1796,1,15,6,3,6
2017471705708,2,3,0,13,0,0,0,0,0,0,1,1,2,1,30,6,125,1,1,3,1,3
2017471705710,1,9,0,9,0,6,0,0,0,0,1,1,6,2,26,6,1598,1,10,6,1,6
2017471705710,2,9,0,18,0,1,0,0,0,0,1,1,1,1,21,5,1329,1,4,3,1,3
2017471705713,1,9,0,9,0,4,0,0,0,0,1,1,6,2,64,9,1997,2,1,3,1,3
2017471705713,2,1,0,9,0,8,0,0,0,0,4,1,6,1,64,9,-1,-1,-1,9,1,9
2017471705718,1,9,0,18,0,1,0,0,0,0,1,1,1,1,45,7,999,1,4,8,3,8
2017471705718,2,9,0,10,0,5,0,0,0,0,2,1,6,2,52,8,1390,1,18,8,3,8
2017471705719,1,21,0,18,0,1,0,0,0,0,1,1,1,1,40,7,12777,2,1,7,1,7
2017471705719,2,9,0,3,0,1,0,0,0,0,2,1,6,1,21,5,1199,1,14,9,2,9
2017471705719,3,9,0,3,0,1,0,0,0,0,2,1,6,1,30,6,-1,-1,-1,-1,-1,-1
2017471705719,4,9,0,10,0,5,0,0,0,0,0,1,6,1,30,6,-1,-1,-1,-1,-1,-1
2017471705721,1,19,0,18,0,0,0,0,0,0,4,1,6,3,-1,-1,-1,-1,-1,-1,-1,-1
2017471705722,1,9,0,9,0,4,0,0,0,0,1,1,6,1,40,7,1998,1,19,9,1,9
2017471705722,2,1,0,18,0,8,0,0,0,0,2,1,6,1,70,10,-1,-1,-1,6,1,6
2017471705725,1,8,0,18,0,8,0,0,0,0,3,1,1,3,30,6,-1,-1,-1,-1,-1,-1
2017471705727,1,5,0,18,0,0,0,0,0,0,3,1,6,1,63,9,800,1,5,-1,1,-1
2017471705728,1,9,0,18,0,8,0,0,0,0,1,1,6,2,34,6,1598,1,11,3,1,3
2017471705728,2,1,0,18,9,8,0,0,0,0,2,1,6,1,15,3,-1,-1,-1,6,1,6
2017471705729,1,9,0,9,0,5,0,0,0,0,4,1,6,1,53,8,1968,2,3,4,1,4
2017471705729,2,1,0,18,0,1,0,0,0,0,1,1,6,1,19,4,-1,-1,-1,4,1,4
2017471705731,1,3,0,18,2,8,0,0,0,0,1,1,2,1,22,5,125,1,1,3,1,3
2017471705731,2,9,0,9,0,8,0,0,0,0,4,1,2,1,58,9,1997,2,6,9,1,9
2017471705732,1,9,0,18,0,0,1,0,1,4,1,1,6,1,18,4,1198,1,13,4,1,4
2017471705735,1,9,0,5,0,4,0,0,0,0,1,1,6,1,56,9,1995,2,6,9,1,9
2017471705735,2,1,0,18,0,3,1,0,0,0,4,1,2,1,44,7,-1,-1,-1,7,1,7
2017471705736,1,9,0,18,0,0,0,4,0,0,4,1,6,1,25,5,1997,1,13,6,1,6
2017471705736,2,19,0,2,0,0,0,0,0,0,4,1,6,1,50,8,2998,2,3,4,1,4
2017471705738,1,9,0,18,0,0,0,0,0,0,1,1,2,1,21,5,1368,1,11,2,1,2
2017471705738,2,9,0,18,0,0,0,0,0,0,2,1,2,1,28,6,2967,2,-1,9,2,9
2017471705739,1,9,0,3,0,4,0,0,0,0,3,1,6,1,35,6,1685,2,2,7,3,7
2017471705739,2,9,0,18,0,3,0,0,0,0,4,1,6,1,40,7,1796,2,4,6,1,6
2017471705743,1,9,0,18,0,1,0,0,0,0,1,1,6,2,45,7,1124,1,14,2,1,2
2017471705743,2,9,0,3,0,1,0,0,0,0,2,1,1,1,31,6,2199,2,8,8,1,8
2017471705744,1,9,0,9,0,6,0,0,0,0,1,1,6,2,49,8,999,1,3,6,1,6
2017471705744,2,9,0,18,0,8,0,0,0,0,4,1,6,1,64,9,-1,-1,-1,6,3,6
2017471705745,1,9,0,8,0,1,0,0,0,0,4,1,6,1,85,11,1149,1,14,6,2,6
2017471705746,1,9,0,9,0,8,0,0,0,0,4,1,6,1,41,7,1341,1,17,4,1,4
2017471705746,2,3,0,18,0,8,0,0,0,0,1,1,6,1,46,8,124,1,2,2,1,2
2017471705747,1,9,0,18,0,1,0,0,7,0,1,1,6,1,24,5,1998,1,14,6,1,6
2017471705747,2,9,0,6,0,6,0,0,7,0,1,1,6,2,56,9,998,1,4,10,1,10
2017471705748,1,9,0,9,0,6,0,0,0,0,1,1,2,2,45,7,1598,1,12,8,3,8
2017471705748,2,9,0,18,0,8,0,0,0,0,1,1,2,2,50,8,1991,2,9,10,3,10
2017471705749,1,9,0,16,0,0,1,0,0,0,1,1,3,2,39,7,1598,1,18,7,2,7
2017471705749,2,9,0,17,0,0,0,0,0,0,1,1,6,1,63,9,1364,1,12,8,3,8
2017471705756,1,9,0,18,0,2,0,0,0,0,4,1,6,1,22,5,1587,1,17,7,1,7
2017471705756,2,9,0,2,0,2,0,0,0,0,3,1,6,1,37,7,1582,2,1,6,1,6
2017471705756,3,9,0,2,0,2,0,0,0,0,4,1,6,2,27,6,1997,2,2,6,1,6
2017471705757,1,9,0,18,0,8,0,0,0,0,3,1,2,2,57,9,1386,1,9,4,1,4
2017471705760,1,9,0,9,0,1,0,0,0,0,1,1,2,1,50,8,1595,1,14,3,1,3
2017471705760,2,1,0,18,0,1,0,0,0,0,1,1,6,1,16,4,-1,-1,-1,8,1,8
2017471705765,1,19,0,7,0,4,0,0,0,0,4,1,6,1,82,11,-1,-1,-1,2,1,2
2017471705765,2,1,0,7,0,4,0,0,0,0,3,1,6,1,27,6,-1,-1,-1,6,1,6
2017471705767,1,9,0,18,0,0,0,0,0,0,3,1,1,2,36,7,1598,1,9,10,2,10
2017471705769,1,9,0,18,0,8,1,0,0,0,1,1,6,2,43,7,1398,1,2,5,3,5
2017471705769,2,9,0,10,0,8,0,0,0,0,2,1,6,2,24,5,1461,2,6,5,3,5
2017471705770,1,9,0,18,0,4,0,0,3,4,1,1,6,2,19,4,1360,1,12,8,1,8
2017471705771,1,9,0,9,0,1,0,0,1,0,3,1,6,2,65,9,1968,2,1,10,1,10
2017471705771,2,9,0,18,0,1,0,0,7,1,1,1,6,2,38,7,-1,-1,-1,8,3,8
2017471705777,1,9,0,7,0,5,0,0,0,0,1,1,6,2,30,6,1686,2,6,4,1,4
2017471705777,2,9,0,9,0,5,0,0,0,0,2,1,6,2,29,6,1587,1,12,5,1,5
2017471705779,1,19,0,18,0,5,0,0,0,0,1,1,2,1,63,9,1998,2,15,1,1,1
2017471705781,1,9,0,18,0,4,0,0,0,0,4,1,6,2,50,8,1396,2,7,2,1,2
2017471705781,2,5,0,3,0,4,0,0,0,0,3,1,6,1,50,8,599,1,19,6,1,6
2017471705782,1,19,0,18,0,8,0,0,0,0,3,1,6,1,25,5,2402,2,15,4,2,4
2017471705783,1,5,0,16,0,0,1,0,0,0,1,1,6,1,16,4,535,1,20,4,1,4
2017471705783,2,9,0,2,0,0,0,0,0,0,0,1,6,3,-1,-1,1396,2,5,-1,-1,-1
2017471705784,1,9,0,9,0,1,0,0,0,0,0,1,6,1,25,5,1596,1,8,4,1,4
2017471705785,1,9,0,4,0,0,0,0,0,0,1,1,2,1,24,5,1198,1,14,4,1,4
2017471705785,2,9,0,4,0,0,0,0,0,0,2,1,2,1,20,4,1596,1,12,1,1,1
2017471705785,3,9,0,4,0,0,0,0,0,0,2,1,2,1,47,8,1986,2,11,3,1,3
2017471705785,4,9,0,4,0,0,0,0,0,0,2,1,2,1,32,6,1995,2,1,6,1,6
2017471705785,5,9,0,2,0,0,0,0,0,0,0,1,6,1,30,6,1590,1,17,-1,-1,-1
2017471705786,1,9,0,2,0,0,0,0,0,0,1,1,1,1,35,6,1997,2,3,2,1,2
2017471705786,2,1,0,18,0,0,0,0,1,11,3,1,6,1,52,8,-1,-1,-1,2,1,2
2017471705787,1,9,0,18,0,1,0,0,0,2,1,1,6,1,31,6,2295,1,16,9,1,9
2017471705789,1,9,0,18,0,1,0,0,0,6,1,1,6,1,39,7,1995,2,-1,5,1,5
2017471705789,2,21,1,9,0,6,0,0,0,0,4,1,1,1,46,8,10677,2,3,5,1,5
2017471705790,1,8,0,5,0,8,0,0,0,0,1,1,6,1,66,10,1560,2,10,10,1,10
2017471705790,2,9,0,18,0,8,0,0,0,0,1,1,6,1,66,10,1598,1,8,4,2,4
2017471705793,1,9,0,16,0,1,0,0,0,0,1,1,6,1,24,5,1984,1,8,8,1,8
2017471705793,2,9,0,10,0,1,0,0,0,0,2,1,6,1,46,8,998,1,5,8,1,8
2017471705793,3,9,0,17,0,1,0,0,0,0,3,1,6,1,55,8,1597,2,-1,7,1,7
2017471705796,1,1,0,18,0,8,0,0,0,0,1,1,6,1,23,5,-1,-1,-1,-1,-1,-1
2017471705800,1,9,0,18,0,0,0,0,0,0,0,1,6,3,-1,-1,-1,-1,-1,-1,-1,-1
2017471705800,2,19,0,18,0,0,0,0,0,0,0,1,2,1,25,5,1753,2,8,2,1,2
2017471705801,1,9,0,4,0,0,0,0,0,0,1,1,6,2,64,9,1896,2,16,10,3,10
2017471705801,2,9,0,4,0,0,0,0,0,0,2,1,6,1,50,8,1368,1,5,3,1,3
2017471705802,1,9,0,7,0,8,0,0,0,0,2,1,6,2,21,5,-1,-1,-1,6,1,6
2017471705802,2,2,0,18,0,8,0,0,0,0,1,1,6,1,32,6,645,1,13,4,1,4
2017471705803,1,9,0,5,0,4,0,0,0,0,1,1,6,1,20,4,2993,2,6,4,1,4
2017471705803,2,1,0,9,0,8,0,0,0,0,4,1,6,1,47,8,-1,-1,-1,2,1,2
2017471705804,1,9,0,7,0,5,1,0,0,0,1,1,6,1,21,5,1398,2,8,-1,-1,-1
2017471705804,2,8,0,10,0,1,0,0,0,0,3,1,6,1,46,8,1910,2,11,7,1,7
2017471705805,1,9,0,18,0,3,0,0,1,11,1,1,6,1,28,6,1390,1,16,6,1,6
2017471705809,1,9,0,18,0,1,0,0,0,0,1,1,6,1,30,6,1799,1,7,6,1,6
2017471705810,1,9,0,1,0,6,0,0,0,0,2,1,6,2,68,10,1598,1,13,3,1,3
2017471705810,2,3,0,18,0,1,0,0,0,0,3,1,1,1,38,7,125,1,-1,1,1,1
2017471705811,1,9,0,1,0,8,0,0,0,0,2,1,6,1,40,7,2143,2,5,6,1,6
2017471705812,1,19,0,18,0,8,0,0,0,0,1,1,6,3,-1,-1,-1,-1,-1,-1,-1,-1
2017471705812,2,9,0,18,0,1,0,0,0,0,3,1,6,2,30,6,1388,1,9,2,1,2
2017471705813,1,5,0,13,0,0,0,0,0,0,1,1,6,1,56,9,955,1,16,5,1,5
2017471705813,2,9,0,9,0,0,0,0,0,0,2,1,6,1,57,9,-1,-1,-1,6,3,6
2017471705814,1,3,0,18,0,8,0,0,0,0,1,1,1,2,31,6,125,1,-1,2,1,2
2017471705814,2,9,0,9,0,1,0,0,0,0,2,1,6,2,30,6,1198,1,11,2,1,2
2017471705815,1,9,0,12,0,0,0,0,0,0,3,1,6,1,25,5,1968,2,2,1,1,1
2017471705815,2,5,0,18,0,0,0,0,0,0,1,1,6,1,28,6,689,1,1,7,1,7
2017471705816,1,5,0,17,0,0,1,0,1,9,1,1,6,1,52,8,1202,1,1,7,1,7
2017471705817,1,1,0,18,0,6,0,0,0,0,1,1,6,1,24,5,-1,-1,-1,4,1,4
2017471705817,2,9,0,9,0,8,0,0,0,0,3,1,6,2,52,8,1997,2,9,2,1,2
2017471705818,1,9,0,7,0,1,0,0,0,0,4,1,6,3,-1,-1,-1,-1,-1,-1,-1,-1
2017471705818,2,1,0,18,4,1,0,0,0,0,1,1,6,2,24,5,-1,-1,-1,3,1,3
2017471705821,1,9,0,18,0,1,0,0,0,0,1,1,6,1,23,5,1731,1,20,7,1,7
2017471705821,2,9,0,2,0,1,0,0,0,0,1,1,6,3,-1,-1,1242,1,13,-1,-1,-1
2017471705823,1,9,0,18,0,0,0,0,7,4,1,1,2,1,44,7,1598,1,8,4,1,4
2017471705824,1,9,0,9,0,5,0,0,0,0,3,1,1,1,40,7,1997,2,9,5,1,5
2017471705824,2,1,0,13,0,5,0,0,0,0,3,1,6,1,40,7,-1,-1,-1,7,1,7
2017471705827,1,9,0,15,0,0,0,0,0,0,4,1,6,1,84,11,1598,1,11,8,1,8
2017471705827,2,1,0,18,0,0,0,0,0,0,3,1,6,1,57,9,-1,-1,-1,8,1,8
2017471705828,1,9,0,17,0,0,1,0,0,0,1,1,6,1,62,9,1398,1,7,8,3,8
2017471705828,2,9,0,16,0,0,0,0,1,4,1,1,1,1,34,6,1753,2,14,8,2,8
2017471705829,1,9,0,9,0,5,0,0,0,0,4,1,6,1,40,7,1200,1,3,2,1,2
2017471705829,2,1,0,18,0,1,1,0,0,0,1,1,6,1,54,8,-1,-1,-1,2,1,2
2017471705833,1,9,0,4,0,1,0,0,0,0,1,1,1,1,47,8,2000,2,8,7,1,7
2017471705833,2,1,0,18,0,8,0,0,0,0,1,1,4,1,11,3,-1,-1,-1,-1,-1,-1
2017471705834,1,19,0,1,0,2,0,0,0,0,2,2,6,1,30,6,2198,2,1,6,1,6
2017471705834,2,3,0,4,0,2,0,0,0,0,1,1,6,1,51,8,1052,1,22,2,1,2
2017471705835,1,9,0,18,0,0,0,0,0,0,1,1,6,2,50,8,1398,1,2,1,1,1
2017471705835,2,9,0,18,0,0,0,0,0,0,2,1,6,2,29,6,1598,1,19,3,3,3
2017471705835,3,9,0,18,0,0,0,0,0,0,0,1,1,1,30,6,-1,-1,-1,-1,-1,-1
2017471705836,1,9,0,18,0,1,0,0,0,0,2,1,6,1,23,5,999,1,1,5,1,5
2017471705836,2,9,0,18,0,4,0,0,0,0,1,1,6,1,37,7,1364,1,12,4,1,4
2017471705837,1,9,0,18,0,6,1,0,1,9,4,1,6,1,52,8,1398,1,14,2,1,2
2017471705837,2,9,0,18,0,8,1,0,0,0,1,1,6,1,46,8,1560,2,8,8,1,8
2017471705843,1,9,0,18,0,0,0,0,0,0,1,1,6,1,31,6,1999,2,-1,10,1,10
2017471705847,1,9,0,16,0,0,2,0,8,4,3,1,6,1,17,4,2148,2,10,1,1,1
2017471705847,2,9,0,18,0,0,0,0,0,0,1,1,1,1,39,7,1997,2,-1,1,1,1
2017471705848,1,11,0,9,0,8,0,0,0,0,1,1,1,1,54,8,9000,2,11,5,1,5
2017471705848,2,9,0,18,0,8,0,0,0,0,3,1,2,1,40,7,1600,1,17,4,1,4
2017471705849,1,3,0,4,0,1,0,0,0,0,1,1,1,1,23,5,125,1,-1,7,1,7
2017471705849,2,20,0,3,0,1,0,0,0,0,2,1,1,1,42,7,-1,-1,-1,2,1,2
2017471705850,1,9,0,18,0,0,1,0,7,11,1,1,6,1,18,4,1598,1,14,6,1,6
2017471705850,2,9,0,18,0,0,0,0,0,0,0,1,6,3,-1,-1,-1,-1,-1,-1,-1,-1
2017471705853,1,20,0,13,0,1,0,0,0,0,4,1,1,1,50,8,4250,2,19,5,1,5
2017471705853,2,1,0,18,0,1,0,0,0,0,3,1,2,1,51,8,-1,-1,-1,7,1,7
2017471705854,1,9,0,9,0,8,0,0,0,0,1,1,6,2,21,5,998,1,1,9,3,9
2017471705854,2,1,0,18,0,8,0,0,0,0,1,1,2,1,62,9,-1,-1,-1,2,1,2
2017471705860,1,19,0,7,0,8,0,0,0,0,4,1,6,1,57,9,1560,2,3,2,1,2
2017471705860,2,1,0,18,0,8,0,0,0,0,1,1,6,1,29,6,-1,-1,-1,6,1,6
2017471705864,1,9,0,4,0,0,0,0,0,0,1,1,2,1,33,6,1995,2,10,2,1,2
2017471705864,2,3,0,3,0,0,0,0,0,0,2,1,2,1,19,4,125,1,-1,9,1,9
2017471705864,3,9,0,3,0,0,0,0,0,0,3,1,2,1,44,7,2497,2,8,9,2,9
2017471705865,1,9,0,11,0,1,0,0,0,0,2,2,6,3,-1,-1,-1,-1,-1,-1,-1,-1
2017471705865,2,2,0,18,0,1,0,0,0,0,1,1,6,1,42,7,198,1,16,3,1,3
2017471705868,1,9,0,18,0,1,0,0,0,0,4,1,6,2,31,6,1329,1,-1,4,1,4
2017471705871,1,9,0,7,0,6,0,0,0,0,1,1,6,2,59,9,1461,2,1,10,1,10
2017471705872,1,9,0,18,0,0,0,12,0,0,3,1,6,2,56,9,1396,1,8,10,1,10
2017471705872,2,9,0,18,0,0,0,12,0,0,3,1,6,1,53,8,2987,2,-1,8,3,8
2017471705875,1,9,0,18,0,0,0,0,0,0,2,1,6,1,29,6,1390,1,17,6,2,6
2017471705875,2,9,0,18,0,0,1,0,0,0,2,1,6,2,54,8,1199,1,16,6,2,6
2017471705877,1,9,0,18,0,0,0,0,0,0,1,1,6,1,18,4,1199,1,14,10,1,10
2017471705877,2,9,0,18,0,0,0,0,0,0,2,1,6,1,17,4,-1,-1,-1,7,3,7
2017471705877,3,9,0,18,0,0,0,0,0,0,2,1,2,2,39,7,1390,1,14,-1,-1,-1
2017471705879,1,9,0,18,0,1,0,0,0,0,1,1,6,2,25,5,-1,-1,-1,-1,-1,-1
2017471705879,2,9,0,2,0,1,0,0,0,0,2,1,6,2,36,7,1360,1,13,4,1,4
2017471705880,1,3,0,16,0,8,0,4,7,0,1,1,2,1,21,5,125,1,8,3,1,3
2017471705880,2,19,0,2,0,1,0,0,0,0,2,1,6,1,50,8,2198,2,2,2,1,2
2017471705882,1,11,0,4,7,8,0,0,0,5,4,1,1,1,34,6,9000,2,8,3,1,3
2017471705884,1,9,0,4,0,0,0,0,0,0,1,1,6,1,81,11,2996,2,7,5,3,5
2017471705884,2,11,0,2,0,0,0,0,0,0,2,1,1,2,27,6,4500,2,5,4,1,4
2017471705885,1,9,0,9,0,8,0,0,0,0,4,1,6,2,59,9,1896,2,15,8,1,8
2017471705885,2,1,0,18,4,8,0,0,0,0,4,1,6,1,33,6,-1,-1,-1,5,1,5
2017471705891,1,3,0,18,0,1,0,0,0,0,1,1,6,1,18,4,123,1,1,3,1,3
2017471705891,2,19,0,9,0,1,0,0,0,0,3,1,1,2,44,7,1248,2,4,9,1,9
2017471705892,1,19,0,1,0,0,0,0,0,0,2,1,1,1,25,5,1499,2,-1,6,1,6
2017471705896,1,1,0,18,0,1,1,0,0,0,4,1,2,2,39,7,-1,-1,-1,5,1,5
2017471705896,2,9,0,4,0,1,0,0,0,0,3,1,2,1,28,6,1895,1,16,3,1,3
2017471705897,1,9,0,18,0,0,0,0,0,0,1,1,6,1,77,11,1910,2,12,5,1,5
2017471705897,2,9,0,18,0,0,0,0,0,0,1,1,6,1,41,7,1968,2,6,5,2,5
2017471705901,1,9,0,7,0,1,0,0,0,0,1,1,6,2,40,7,1796,1,12,-1,-1,-1
2017471705901,2,1,0,7,0,1,0,0,0,0,0,1,6,1,41,7,-1,-1,-1,10,1,10
2017471705901,3,19,0,2,0,1,0,0,0,0,1,1,6,3,-1,-1,2402,2,12,-1,-1,-1
2017471705902,1,9,0,1,0,0,0,0,0,0,3,1,6,2,43,7,2179,2,5,5,1,5
2017471705902,2,4,0,14,0,0,0,0,0,0,1,1,6,1,17,4,124,1,3,2,3,2
2017471705903,1,9,0,5,0,4,0,0,0,0,1,1,6,1,44,7,1389,1,14,6,1,6
2017471705903,2,1,0,18,0,8,0,0,0,0,1,1,6,2,44,7,-1,-1,-1,4,1,4
2017471705904,1,9,0,7,0,8,0,0,0,0,1,1,6,1,45,7,1560,2,4,4,1,4
2017471705904,2,1,0,18,0,8,0,0,0,0,4,1,2,1,30,6,-1,-1,-1,5,1,5
2017471705905,1,9,0,17,0,0,0,0,0,0,4,1,6,2,81,11,1248,1,9,4,1,4
2017471705906,1,9,0,18,0,0,0,0,7,4,1,1,1,1,26,6,2495,2,16,2,1,2