Accident_Index,Vehicle_Reference,Vehicle_Type,Towing_and_Articulation,Vehicle_Manoeuvre,Vehicle_Location-Restricted_Lane,Junction_Location,Skidding_and_Overturning,Hit_Object_in_Carriageway,Vehicle_Leaving_Carriageway,Hit_Object_off_Carriageway,1st_Point_of_Impact,Was_Vehicle_Left_Hand_Drive?,Journey_Purpose_of_Driver,Sex_of_Driver,Age_of_Driver,Age_Band_of_Driver,Engine_Capacity_(CC),Propulsion_Code,Age_of_Vehicle,Driver_IMD_Decile,Driver_Home_Area_Type,Vehicle_IMD_Decile
2017471706183,2,8,0,18,0,8,0,0,0,0,4,1,1,1,47,8,1582,2,2,6,1,6
2017471706184,1,8,0,7,7,0,0,0,0,0,3,1,1,1,46,8,1968,2,2,4,1,4
2017471706185,1,9,0,18,0,0,0,0,0,0,1,1,3,1,28,6,1968,2,11,2,1,2
2017471706185,2,9,0,2,0,0,0,0,1,0,2,1,6,3,-1,-1,1560,2,1,-1,-1,-1
2017471706186,1,9,0,13,0,0,0,0,0,0,0,1,6,3,-1,-1,-1,-1,-1,-1,-1,-1
2017471706186,2,9,0,13,0,0,0,0,7,4,1,1,6,1,71,10,2993,2,12,4,3,4
2017471706187,1,9,0,18,0,4,0,0,0,0,1,1,6,1,30,6,1598,2,5,-1,-1,-1
2017471706187,2,9,0,9,0,4,0,0,1,0,3,1,6,2,20,4,1242,1,4,5,1,5
2017471706189,1,9,0,1,8,6,0,0,0,0,1,1,6,1,36,7,998,1,-1,6,1,6
2017471706189,2,1,0,18,0,8,0,0,0,0,1,1,6,1,17,4,-1,-1,-1,5,1,5
2017471706190,1,9,0,9,0,1,0,0,0,0,1,1,2,1,41,7,1998,1,15,9,1,9
2017471706191,1,9,0,18,0,2,0,0,0,0,1,1,3,1,41,7,1956,2,3,7,2,7
2017471706192,1,19,0,18,0,8,0,0,0,0,4,1,1,1,48,8,2463,2,13,8,1,8
2017471706192,2,1,0,18,0,8,0,0,0,0,3,1,6,1,45,7,-1,-1,-1,7,1,7
2017471706193,1,9,0,18,0,2,0,0,0,0,1,1,3,2,48,8,1796,1,10,5,1,5
2017471706197,1,9,0,18,0,8,0,0,0,0,1,1,6,1,68,10,-1,-1,-1,5,1,5
2017471706198,1,5,0,18,0,1,0,0,0,0,4,1,6,1,45,7,1215,1,2,2,1,2
2017471706199,1,9,0,18,0,8,0,0,0,0,1,1,6,2,20,4,1086,1,9,7,1,7
2017471706199,2,3,0,18,0,8,0,0,0,0,3,1,1,1,26,6,125,1,-1,2,1,2
2017471706200,1,9,0,18,0,4,0,0,3,1,1,1,6,2,24,5,1995,2,6,6,3,6
2017471706204,1,19,0,16,0,0,0,0,7,0,1,1,6,1,30,6,2198,2,9,2,1,2
2017471706204,2,9,0,2,6,0,0,0,0,0,2,1,1,3,-1,-1,4556,1,17,-1,-1,-1
2017471706205,1,8,0,9,0,5,0,0,0,0,3,1,1,1,67,10,1598,1,7,7,1,7
2017471706207,1,9,0,5,0,0,0,0,0,0,0,1,6,1,34,6,1995,2,8,5,1,5
2017471706213,1,9,0,9,0,5,0,0,0,0,3,1,6,1,64,9,999,1,2,6,1,6
2017471706213,2,1,0,18,0,1,0,0,0,0,4,1,6,1,35,6,-1,-1,-1,3,1,3
2017471706214,1,9,0,5,0,8,0,0,0,0,1,1,6,2,50,8,2495,2,13,8,3,8
2017471706214,2,9,0,18,0,8,0,0,7,1,1,1,6,1,54,8,1198,1,4,2,1,2
2017471706215,1,9,0,7,0,4,0,0,0,0,1,1,6,1,33,6,2926,2,16,6,1,6
2017471706215,2,1,0,9,0,8,0,0,0,0,4,1,2,2,20,4,-1,-1,-1,5,1,5
2017471706216,1,1,0,18,0,0,0,0,0,0,1,1,6,1,57,9,-1,-1,-1,10,1,10
2017471706216,2,9,0,2,0,0,0,0,0,0,2,1,6,2,51,8,998,1,-1,6,1,6
2017471706218,1,9,0,18,0,0,0,0,0,0,3,1,6,1,40,7,1124,1,18,6,1,6
2017471706218,2,9,0,18,0,0,0,0,0,0,3,1,6,2,29,6,1242,1,2,6,3,6
2017471706221,1,9,0,12,0,8,0,0,0,0,0,1,6,3,-1,-1,-1,-1,-1,-1,-1,-1
2017471706221,2,1,0,11,0,8,1,0,0,0,0,1,6,1,42,7,-1,-1,-1,10,1,10
2017471706222,1,9,0,1,0,0,0,0,0,0,2,1,6,2,44,7,998,1,21,3,1,3
2017471706222,2,9,0,2,0,0,0,0,0,0,1,1,6,2,24,5,898,1,2,4,1,4
2017471706224,1,9,0,18,0,8,1,0,8,10,1,1,6,1,58,9,-1,-1,-1,7,3,7
2017471706224,2,9,0,18,0,8,1,0,7,10,1,1,6,1,58,9,998,1,2,7,1,7
2017471706225,1,9,0,7,0,8,0,0,0,0,1,1,1,1,81,11,1360,1,14,4,1,4
2017471706225,2,10,0,18,0,8,0,0,0,0,4,1,1,2,41,7,2148,2,12,4,1,4
2017471706230,1,9,0,11,0,0,0,0,0,0,1,1,6,1,51,8,2143,2,6,3,1,3
2017471706230,2,9,0,18,0,0,0,0,1,0,2,1,6,2,65,9,1598,1,10,7,1,7
2017471706231,1,9,0,7,0,6,0,0,0,0,1,1,6,1,63,9,2499,1,7,10,1,10
2017471706231,2,1,0,18,4,8,0,0,0,0,2,1,6,1,19,4,-1,-1,-1,4,1,4
2017471706232,1,9,0,18,0,0,0,10,2,10,1,1,1,2,22,5,1360,1,13,6,1,6
2017471706233,1,19,0,2,0,1,0,0,0,0,3,1,6,1,42,7,1560,2,5,3,1,3
2017471706233,2,1,0,18,4,1,0,8,0,0,1,1,6,1,55,8,-1,-1,-1,2,1,2
2017471706234,1,9,0,18,0,8,0,4,0,0,4,1,6,2,69,10,2495,1,16,8,1,8
2017471706234,2,9,0,18,0,2,0,0,0,0,1,1,6,2,56,9,1248,1,1,10,1,10
2017471706234,3,9,0,2,0,2,0,0,1,10,3,1,6,3,-1,-1,999,1,3,-1,-1,-1
2017471706236,1,9,0,13,0,1,0,0,0,0,1,1,6,1,30,6,-1,-1,-1,3,1,3
2017471706236,2,9,0,9,0,1,0,0,0,0,3,1,6,2,37,7,1149,1,12,10,2,10
2017471706237,1,9,0,7,0,4,0,0,0,0,1,1,2,2,58,9,1242,1,5,8,3,8
2017471706237,2,9,0,18,0,3,0,0,0,0,4,1,2,1,53,8,1753,2,15,9,2,9
2017471706240,1,9,0,16,0,0,0,0,0,0,1,1,6,1,50,8,2487,2,18,5,3,5
2017471706240,2,9,0,4,0,0,0,0,0,0,2,1,6,2,50,8,1587,1,12,3,1,3
2017471706242,1,9,0,18,0,8,0,0,0,0,1,1,6,1,35,6,1399,1,-1,5,1,5
2017471706242,2,8,0,18,0,8,0,0,0,0,2,1,1,1,38,7,1560,2,6,6,1,6
2017471706244,1,9,0,9,0,5,0,0,0,0,1,1,6,1,78,11,1390,1,11,8,2,8
2017471706246,1,9,0,7,0,6,0,0,0,0,1,1,6,3,-1,-1,-1,-1,-1,-1,-1,-1
2017471706247,1,9,0,18,0,8,0,0,0,0,1,1,6,2,37,7,1598,1,7,6,2,6
2017471706247,2,9,0,4,0,2,0,0,0,0,2,1,6,2,43,7,1612,1,5,8,3,8
2017471706247,3,9,0,4,0,2,0,0,0,0,2,1,6,1,61,9,1598,1,14,5,1,5
2017471706247,4,9,0,18,0,1,0,0,0,0,0,1,1,1,48,8,1997,2,1,3,1,3
2017471706248,1,11,0,18,0,1,0,0,0,0,0,1,1,2,22,5,3900,2,14,3,1,3
2017471706251,1,9,0,18,0,0,0,0,0,0,1,1,6,2,23,5,1242,1,5,7,1,7
2017471706251,2,9,0,18,0,0,0,0,4,6,2,1,6,1,40,7,1493,1,17,6,3,6
2017471706253,1,9,0,18,0,0,0,0,0,0,2,1,6,2,52,8,2993,2,7,10,1,10
2017471706253,2,9,0,3,0,0,0,0,0,0,0,1,6,1,45,7,-1,-1,-1,3,1,3
2017471706255,1,9,0,10,0,8,0,0,0,0,1,1,1,1,44,7,-1,-1,-1,1,1,1
2017471706255,2,1,0,18,0,8,1,0,0,0,1,1,6,1,42,7,-1,-1,-1,-1,-1,-1
2017471706258,1,19,0,18,0,4,0,0,0,0,1,1,1,1,23,5,2143,2,3,4,1,4
2017471706258,2,9,0,4,0,4,0,0,0,0,2,1,2,1,30,6,1560,2,7,7,1,7
2017471706262,1,9,0,18,0,8,0,0,0,0,1,1,6,1,45,7,1995,2,-1,10,1,10
2017471706262,2,9,0,18,0,8,0,0,0,0,3,1,6,1,44,7,1995,2,4,10,1,10
2017471706265,1,9,0,9,0,6,0,0,0,0,1,1,6,2,34,6,1598,2,3,10,1,10
2017471706265,2,1,0,18,0,8,0,0,0,0,1,1,6,1,18,4,-1,-1,-1,8,3,8
2017471706268,1,9,0,5,0,6,0,0,0,0,1,1,1,1,26,6,-1,-1,-1,3,1,3
2017471706268,2,9,0,18,0,8,0,0,6,4,4,1,2,2,63,9,1364,1,8,3,1,3
2017471706269,1,9,0,18,0,1,0,0,0,0,1,1,2,2,61,9,2435,1,10,8,1,8
2017471706271,1,9,0,8,0,1,0,0,0,0,1,1,2,1,47,8,1798,8,-1,9,3,9
2017471706271,2,9,0,8,0,1,0,0,0,0,2,1,3,2,47,8,1968,2,-1,10,3,10
2017471706272,1,9,0,9,0,8,0,0,0,0,3,1,6,1,51,8,1896,2,12,6,1,6
2017471706274,1,9,0,18,0,4,0,0,0,0,1,1,6,2,51,8,1896,2,15,2,1,2
2017471706274,2,5,0,9,0,8,0,0,0,0,1,1,6,1,57,9,847,1,1,3,1,3
2017471706275,1,9,0,7,0,8,0,0,0,0,1,1,2,2,22,5,1242,1,8,7,1,7
2017471706275,2,9,0,7,0,8,0,0,0,0,2,1,2,1,25,5,1596,1,3,5,1,5
2017471706276,1,17,0,18,0,0,0,0,0,0,1,1,1,1,30,6,-1,2,12,3,1,3
2017471706276,2,9,0,18,0,0,0,0,0,0,3,1,6,2,21,5,1390,1,4,7,1,7
2017471706277,1,9,0,18,0,0,1,0,0,0,1,1,6,1,47,8,1995,2,15,7,1,7
2017471706277,2,9,0,3,0,0,0,0,0,0,2,1,6,1,46,8,2143,2,-1,3,1,3
2017471706279,1,9,0,18,0,2,1,0,0,0,1,1,6,1,22,5,-1,-1,-1,7,1,7
2017471706279,2,9,0,18,0,2,0,0,0,0,2,1,6,1,48,8,1796,1,9,6,1,6
2017471706282,1,1,0,9,0,6,0,0,0,0,0,1,6,1,-1,-1,-1,-1,-1,-1,-1,-1
2017471706282,2,19,0,9,0,8,0,0,0,0,0,1,6,3,-1,-1,-1,-1,-1,-1,-1,-1
2017471706282,3,11,0,9,0,6,0,0,0,0,0,1,1,1,51,8,9000,2,11,2,1,2
2017471706283,1,1,0,4,0,2,1,0,0,0,0,1,4,1,17,4,-1,-1,-1,5,2,5
2017471706285,1,9,0,16,0,0,0,4,0,0,1,1,6,1,22,5,1360,1,11,5,1,5
2017471706285,2,9,0,2,0,0,0,0,0,0,3,1,6,1,40,7,1591,1,-1,-1,-1,-1
2017471706287,1,9,0,18,0,8,1,0,7,0,3,1,6,2,28,6,1998,1,12,3,1,3
2017471706287,2,9,0,18,0,8,1,0,0,0,1,1,6,2,27,6,1360,1,6,5,1,5
2017471706288,1,9,0,1,0,8,0,0,0,0,1,1,6,1,50,8,1560,2,2,5,1,5
2017471706288,2,9,0,1,0,8,0,0,0,0,3,1,6,1,27,6,1197,1,-1,-1,-1,-1
2017471706290,1,8,0,12,0,8,0,0,0,0,0,1,6,1,43,7,1997,2,2,1,1,1
2017471706290,2,9,0,18,0,8,0,0,0,0,1,1,6,2,48,8,1968,2,4,9,3,9
2017471706290,3,9,0,18,0,8,0,0,0,0,2,1,6,2,38,7,1995,1,6,8,1,8
2017471706293,1,5,0,18,0,0,0,0,0,0,1,1,2,1,22,5,645,1,14,4,1,4
2017471706293,2,19,0,4,0,0,0,0,0,0,0,1,2,1,37,7,2198,2,4,8,1,8
2017471706296,1,9,0,9,0,8,0,0,0,0,1,1,6,2,97,11,1275,1,23,6,1,6
2017471706296,2,1,0,18,0,1,0,0,0,0,1,1,6,1,28,6,-1,-1,-1,1,1,1
2017471706297,1,9,0,9,0,8,0,0,0,0,1,1,6,1,61,9,1796,1,10,5,1,5
2017471706298,1,9,0,18,0,0,0,0,0,0,1,1,6,1,50,8,1991,2,11,4,1,4
2017471706298,2,9,0,4,0,0,0,0,0,0,2,1,6,1,43,7,1956,2,5,8,2,8
2017471706299,1,9,0,9,0,8,0,7,0,2,3,1,6,2,20,4,1398,1,2,5,2,5
2017471706299,2,19,0,18,0,8,0,0,0,0,1,1,2,1,62,9,1968,2,-1,5,1,5
2017471706300,1,9,0,12,0,8,0,0,0,0,3,1,6,2,59,9,2198,2,11,6,1,6
2017471706300,2,5,0,18,0,8,0,0,0,0,1,1,6,1,31,6,675,1,8,7,1,7
2017471706302,1,9,0,5,0,0,0,0,7,0,1,1,6,2,43,7,1299,1,13,9,1,9
2017471706302,2,9,0,2,0,0,0,0,0,0,3,1,6,3,-1,-1,998,1,17,-1,-1,-1
2017471706303,1,9,0,7,6,0,5,0,1,0,1,1,6,2,47,8,1595,1,10,10,1,10
2017471706303,2,9,0,18,0,0,0,0,0,0,0,1,1,1,50,8,1499,2,-1,6,1,6
2017471706305,1,9,0,5,0,4,0,0,0,0,1,1,6,1,26,6,999,1,3,8,1,8
2017471706305,2,1,0,18,0,8,0,0,0,0,3,1,6,1,26,6,-1,-1,-1,4,1,4
2017471706306,1,19,0,4,0,0,0,0,0,0,1,1,6,3,-1,-1,-1,-1,-1,-1,-1,-1
2017471706314,1,9,0,18,0,0,1,0,0,0,1,1,6,1,66,10,1896,2,8,10,1,10
2017471706314,2,9,0,18,0,0,0,0,0,0,2,1,6,1,55,8,1986,2,9,-1,1,-1
2017471706314,3,9,0,18,0,0,0,0,0,0,2,1,2,2,31,6,1560,2,6,4,1,4
2017471706315,1,9,0,18,0,0,1,0,0,0,1,1,2,1,44,7,-1,-1,-1,7,1,7
2017471706315,2,9,0,3,0,0,0,0,0,0,2,1,2,1,53,8,1910,2,9,7,1,7
2017471706315,3,9,0,3,0,0,0,0,0,0,2,1,2,1,66,10,1999,1,1,10,1,10
2017471706316,1,9,0,18,0,1,5,0,7,0,1,1,6,1,26,6,1388,1,10,6,3,6
2017471706318,1,19,0,9,0,6,0,0,0,0,3,1,6,1,21,5,1499,2,1,8,1,8
2017471706318,2,2,0,18,0,1,1,0,0,0,1,1,6,1,41,7,49,1,18,10,1,10
2017471706319,1,9,0,18,0,1,1,0,1,0,1,1,6,2,52,8,1198,1,4,2,1,2
2017471706319,2,9,0,18,0,1,0,0,0,0,1,1,6,1,56,9,1997,2,2,5,1,5
2017471706322,1,9,0,18,0,4,0,0,0,0,1,1,1,1,45,7,1242,1,5,10,1,10
2017471706322,2,1,0,18,0,8,0,0,0,0,4,1,4,1,16,4,-1,-1,-1,10,1,10
2017471706323,1,3,0,18,0,2,1,0,0,0,0,1,6,1,40,7,125,1,5,7,1,7
2017471706324,1,9,0,18,0,6,0,0,0,0,1,1,6,1,58,9,-1,-1,-1,9,1,9
2017471706324,2,3,0,13,0,8,0,0,0,0,1,1,6,1,41,7,124,1,1,6,1,6
2017471706326,1,9,0,18,0,0,0,0,0,0,1,1,6,1,37,7,1968,2,6,4,1,4
2017471706326,2,19,0,3,0,0,0,0,0,0,2,1,1,1,48,8,2477,2,4,4,1,4
2017471706326,3,9,0,3,0,0,0,0,0,0,0,1,6,3,-1,-1,-1,-1,-1,-1,-1,-1
2017471706326,4,90,0,2,0,0,0,0,0,0,0,1,1,3,-1,-1,-1,-1,-1,-1,-1,-1
2017471706327,1,11,0,4,0,0,0,0,0,0,0,1,1,1,50,8,9000,2,8,8,1,8
2017471706334,1,9,0,18,0,0,2,0,0,0,4,1,4,2,18,4,1598,1,15,5,1,5
2017471706335,1,9,0,5,0,2,0,0,0,0,1,2,6,1,18,4,-1,-1,-1,8,1,8
2017471706335,2,5,0,18,0,2,0,0,0,0,1,1,6,1,63,9,1157,1,10,8,1,8
2017471706337,1,9,0,18,0,8,0,0,7,0,1,1,6,3,-1,-1,6208,1,5,-1,-1,-1
2017471706337,2,9,0,12,0,8,0,0,1,0,2,1,6,2,70,10,1242,1,-1,9,1,9
2017471706337,3,9,0,18,0,7,0,0,0,0,2,1,6,1,30,6,1360,1,10,6,1,6
2017471706340,1,9,0,18,0,1,0,0,0,0,4,1,6,1,74,10,1969,2,1,10,1,10
2017471706340,2,9,0,2,0,1,0,0,0,0,3,1,6,1,25,5,1198,1,1,4,1,4
2017471706346,1,9,0,18,0,0,0,0,0,0,1,1,6,1,44,7,1749,1,13,1,1,1
2017471706348,1,9,0,5,0,6,0,0,0,1,1,1,6,2,80,11,998,1,8,9,2,9
2017471706348,2,9,0,18,0,8,0,0,0,0,4,1,6,2,38,7,1560,2,10,9,1,9
2017471706350,1,9,0,9,0,8,0,0,0,0,0,1,6,3,-1,-1,-1,-1,-1,-1,-1,-1
2017471706351,1,9,0,16,0,0,2,0,1,9,4,1,6,2,25,5,998,1,5,7,1,7
2017471706352,1,9,0,9,0,8,0,0,0,0,3,1,6,1,55,8,4134,2,3,8,3,8
2017471706352,2,5,0,18,0,1,0,0,0,0,1,1,6,1,31,6,599,1,5,4,2,4
2017471706354,1,9,0,18,0,8,0,0,1,0,3,1,6,3,-1,-1,1910,2,6,-1,-1,-1
2017471706354,2,9,0,5,0,1,0,0,0,0,1,1,6,2,67,10,999,1,1,9,1,9
2017471706357,1,19,0,4,0,0,0,0,0,0,1,1,1,1,51,8,2198,2,3,3,1,3
2017471706357,2,9,0,4,0,0,0,0,0,0,2,1,6,2,30,6,1242,1,1,5,1,5
2017471706357,3,9,0,4,0,0,0,0,0,0,2,1,1,2,48,8,1349,1,3,4,1,4
2017471706358,1,9,0,7,0,6,0,0,0,0,3,1,6,1,33,6,1598,1,6,6,3,6
2017471706358,2,19,0,18,0,8,0,0,0,0,1,1,6,1,57,9,2494,2,15,10,3,10
2017471706359,1,4,0,18,0,8,1,0,0,0,4,1,6,1,24,5,471,1,1,6,3,6
2017471706362,1,9,0,16,0,0,0,0,0,0,1,1,6,1,53,8,2000,2,12,5,1,5
2017471706362,2,19,0,17,0,0,0,0,1,0,1,1,2,1,22,5,1560,2,6,10,2,10
2017471706362,3,9,0,16,0,0,0,0,0,0,0,1,6,1,20,4,998,1,2,10,1,10
2017471706363,1,9,0,5,0,6,0,10,3,0,1,1,6,2,64,9,999,1,1,9,2,9
2017471706363,2,9,0,17,0,8,0,0,7,0,1,1,6,2,38,7,2401,2,10,10,2,10
2017471706364,1,21,4,18,0,0,0,0,0,0,1,1,1,1,50,8,12740,2,3,3,1,3
2017471706364,2,9,0,18,0,0,0,0,0,0,1,1,6,1,74,10,1956,2,5,6,1,6
2017471706365,1,9,0,18,0,0,0,0,1,1,1,1,6,2,69,10,1242,1,6,6,1,6
2017471706366,1,9,0,7,0,2,0,10,7,10,1,1,6,1,41,7,-1,3,3,3,1,3
2017471706369,1,19,0,13,0,8,0,0,0,0,1,1,1,1,45,7,-1,-1,-1,5,1,5
2017471706369,2,9,0,9,0,8,0,0,7,1,3,1,6,1,73,10,1560,2,1,4,1,4
2017471706371,1,9,0,18,0,0,0,0,0,0,1,1,1,1,37,7,-1,-1,-1,3,1,3
2017471706371,2,9,0,18,0,0,0,0,0,0,2,1,6,1,23,5,2521,1,10,5,1,5
2017471706371,3,9,0,18,0,0,0,0,0,0,2,1,6,1,35,6,-1,-1,-1,3,1,3
2017471706372,1,9,0,9,0,1,0,0,0,0,1,1,1,2,54,8,-1,-1,-1,5,1,5
2017471706372,2,2,0,18,0,1,0,0,0,0,1,1,6,1,21,5,49,1,5,4,1,4
2017471706375,1,9,0,18,0,0,0,0,0,0,1,1,6,2,64,9,1896,2,18,9,1,9
2017471706375,2,9,0,18,0,0,1,0,1,0,2,1,6,2,57,9,1781,1,21,5,2,5
2017471706377,1,3,0,18,0,8,0,0,0,0,1,1,1,1,25,5,125,1,-1,5,1,5
2017471706377,2,9,0,18,0,8,0,0,0,0,3,1,6,1,32,6,2497,1,11,4,1,4
2017471706378,1,9,0,18,0,6,0,0,0,0,1,1,2,2,18,4,1386,1,13,3,1,3
2017471706378,2,9,0,18,0,1,0,0,0,0,3,1,6,1,35,6,-1,-1,-1,10,1,10
2017471706379,1,9,0,18,0,8,0,0,3,0,1,1,6,1,50,8,998,1,16,10,1,10
2017471706379,2,9,0,18,0,8,0,0,0,0,4,1,6,1,65,9,1998,1,31,9,1,9
2017471706382,1,9,0,9,0,8,0,0,0,0,1,1,6,1,45,7,1395,1,1,9,2,9
2017471706382,2,1,0,18,0,8,0,0,0,0,1,1,6,1,51,8,-1,-1,-1,9,2,9
2017471706383,1,9,0,18,0,2,0,0,0,0,1,1,6,1,57,9,1360,1,11,1,1,1
2017471706383,2,1,0,9,0,2,0,0,0,0,3,1,6,1,19,4,-1,-1,-1,7,1,7
2017471706386,1,1,0,18,0,6,0,0,0,0,1,1,4,1,10,2,-1,-1,-1,3,1,3
2017471706386,2,9,0,18,0,1,0,0,0,0,1,1,6,2,54,8,1242,1,5,7,1,7
2017471706387,1,9,0,7,0,8,0,0,0,0,1,1,6,2,43,7,1994,2,7,3,1,3
2017471706387,2,9,0,12,0,8,0,0,0,0,2,1,6,2,30,6,973,1,14,8,1,8
2017471706392,1,9,0,18,0,8,0,0,0,0,1,1,1,1,18,4,998,1,11,10,1,10
2017471706392,2,1,0,18,0,8,0,0,0,0,3,1,6,1,53,8,-1,-1,-1,10,1,10
2017471706393,1,9,0,18,0,0,0,0,0,0,1,1,6,1,45,7,1968,2,3,6,1,6
2017471706393,2,9,0,4,0,0,0,0,0,0,2,1,6,2,46,8,799,2,8,9,1,9
2017471706394,1,9,0,18,0,2,0,0,7,0,1,1,6,1,19,4,1149,1,13,3,1,3
2017471706396,1,9,0,18,0,0,0,0,0,0,1,1,6,2,33,6,2143,2,4,8,2,8
2017471706396,2,19,0,4,0,0,0,0,0,0,1,1,1,1,38,7,2143,2,3,3,1,3
2017471706396,3,9,0,4,0,0,0,0,0,0,2,1,6,1,49,8,1399,1,-1,-1,-1,-1
2017471706397,1,9,0,18,0,8,0,0,0,0,1,1,6,1,35,6,-1,-1,-1,-1,-1,-1
2017471706397,2,9,0,9,0,8,0,0,0,0,1,1,1,2,21,5,1398,1,2,6,3,6
2017471706398,1,9,0,18,0,1,0,4,0,0,1,1,2,1,57,9,998,1,1,5,1,5
2017471706398,2,9,0,2,0,2,0,0,0,0,0,1,6,3,-1,-1,1598,1,12,-1,-1,-1
2017471706398,3,9,0,2,0,2,0,0,0,0,2,1,6,3,-1,-1,1560,2,5,-1,-1,-1
2017471706399,1,9,0,18,0,2,0,0,0,0,3,1,6,1,28,6,1796,1,15,6,1,6
2017471706399,2,11,0,18,0,1,0,0,0,0,0,1,1,3,-1,-1,-1,-1,-1,-1,-1,-1
2017471706400,1,9,0,18,0,8,0,0,0,0,1,1,6,1,65,9,1390,1,5,5,3,5
2017471706400,2,9,0,18,0,8,0,0,0,0,2,1,6,2,54,8,1590,1,20,8,1,8
2017471706402,1,9,0,18,0,0,0,0,0,0,3,1,6,1,30,6,-1,-1,-1,-1,-1,-1
2017471706402,2,3,0,13,0,0,0,0,0,0,4,1,6,1,36,7,125,1,5,3,1,3
2017471706404,1,19,0,7,0,6,0,0,0,0,1,1,1,1,51,8,1686,2,16,6,1,6
2017471706404,2,1,0,18,0,8,0,0,0,0,4,1,2,2,39,7,-1,-1,-1,6,1,6
2017471706407,1,9,0,18,0,2,0,0,0,0,1,1,1,1,30,6,1198,1,3,4,1,4
2017471706407,2,9,0,3,0,2,0,0,0,0,2,1,6,1,46,8,1997,2,14,1,1,1
2017471706408,1,9,0,18,0,0,1,0,0,0,1,1,2,1,42,7,-1,-1,-1,6,3,6
2017471706408,2,9,0,18,0,0,0,0,0,0,1,1,6,1,61,9,1999,2,-1,10,1,10
2017471706409,1,9,0,9,0,8,0,0,0,0,0,1,6,2,77,11,1598,1,8,5,1,5
2017471706409,2,11,0,18,2,1,0,0,0,0,0,1,1,2,56,9,9360,2,4,2,1,2
2017471706410,1,9,0,18,0,8,0,0,0,0,3,1,6,1,71,10,1591,1,-1,10,1,10
2017471706410,2,1,0,18,0,8,0,0,0,0,1,1,6,2,62,9,-1,-1,-1,8,1,8
2017471706411,1,9,0,5,0,6,0,0,0,0,1,1,6,2,65,9,1686,2,5,7,1,7
2017471706411,2,9,0,18,0,8,0,0,0,0,4,1,6,1,71,10,1360,1,8,5,1,5
2017471706413,1,1,0,18,0,0,0,0,0,0,3,1,2,1,32,6,-1,-1,-1,10,3,10
2017471706413,2,9,0,13,0,0,0,0,0,0,4,1,6,3,20,4,-1,-1,-1,-1,-1,-1
2017471706414,1,3,0,16,0,0,1,0,0,0,3,1,2,1,25,5,125,1,4,4,1,4
2017471706415,1,9,0,1,0,0,0,10,1,4,2,1,6,2,82,11,2295,1,19,7,1,7
2017471706415,2,9,0,2,0,0,0,4,0,0,0,1,6,3,-1,-1,1198,1,-1,-1,-1,-1
2017471706415,3,9,0,2,0,0,0,0,0,0,0,1,1,3,-1,-1,2143,2,3,-1,-1,-1
2017471706416,1,19,0,9,0,8,0,0,0,0,4,1,6,3,-1,-1,-1,-1,-1,-1,-1,-1
2017471706416,2,9,0,18,0,8,0,0,0,0,1,1,6,1,73,10,1498,1,18,8,3,8
2017471706420,1,9,0,9,0,5,0,0,0,0,1,1,6,1,79,11,1598,1,17,4,1,4
2017471706420,2,2,0,18,0,8,0,0,0,0,3,1,6,1,44,7,-1,-1,-1,6,1,6
2017471706421,1,9,0,9,0,5,1,0,0,0,4,1,6,2,55,8,1598,1,10,7,2,7
2017471706421,2,9,0,18,0,8,1,10,0,0,1,1,6,2,68,10,1968,2,12,8,1,8
2017471706421,3,9,0,10,0,6,0,0,0,0,3,1,6,1,78,11,1242,1,-1,10,3,10
2017471706424,1,9,0,18,0,0,0,12,0,0,1,1,6,2,43,7,998,1,1,9,1,9
2017471706428,1,9,0,7,0,5,0,0,0,0,1,1,6,2,49,8,1587,1,13,5,1,5
2017471706428,2,9,0,7,0,2,0,0,0,0,2,1,6,2,26,6,1598,1,6,5,3,5
2017471706431,1,9,0,18,0,0,0,0,4,6,3,1,6,1,18,4,1197,1,3,-1,-1,-1
2017471706432,1,9,0,18,0,8,0,0,0,0,1,1,6,1,19,4,1341,1,18,-1,-1,-1
2017471706432,2,9,0,3,0,8,0,0,0,0,2,1,6,1,46,8,2179,2,6,8,1,8
2017471706435,1,9,0,18,0,0,0,0,0,0,1,1,6,2,-1,-1,1149,1,16,6,2,6
2017471706435,2,9,0,4,0,0,0,0,0,0,2,1,6,1,73,10,1956,2,2,9,2,9
2017471706436,1,19,0,9,0,8,0,0,0,0,1,1,1,1,29,6,1560,2,-1,6,1,6
2017471706436,2,3,0,18,0,8,1,0,0,0,1,1,6,1,18,4,124,1,6,3,1,3
2017471706440,1,11,0,2,0,8,0,0,0,0,0,1,6,3,-1,-1,9000,2,6,-1,-1,-1
2017471706441,1,9,0,18,0,0,0,0,0,0,4,1,6,1,43,7,1395,1,-1,9,2,9
2017471706442,1,1,0,18,0,0,0,0,0,0,0,1,4,1,14,3,-1,-1,-1,3,1,3
2017471706444,1,9,0,4,0,0,0,0,0,0,1,1,6,1,84,11,2143,2,2,6,3,6
2017471706444,2,9,0,4,0,0,0,0,1,0,2,1,6,2,57,9,1339,1,1,8,3,8
2017471706444,3,9,0,4,0,0,0,0,0,0,2,1,6,2,58,9,1339,1,3,4,1,4
2017471706444,4,9,0,4,0,0,0,0,0,0,2,1,6,1,57,9,1998,2,2,7,1,7