Accident_Index,Vehicle_Reference,Vehicle_Type,Towing_and_Articulation,Vehicle_Manoeuvre,Vehicle_Location-Restricted_Lane,Junction_Location,Skidding_and_Overturning,Hit_Object_in_Carriageway,Vehicle_Leaving_Carriageway,Hit_Object_off_Carriageway,1st_Point_of_Impact,Was_Vehicle_Left_Hand_Drive?,Journey_Purpose_of_Driver,Sex_of_Driver,Age_of_Driver,Age_Band_of_Driver,Engine_Capacity_(CC),Propulsion_Code,Age_of_Vehicle,Driver_IMD_Decile,Driver_Home_Area_Type,Vehicle_IMD_Decile
2017471706444,5,90,0,2,0,0,0,0,0,0,0,1,1,2,36,7,2686,2,11,5,1,5
2017471706445,1,9,0,9,0,6,0,0,0,0,1,1,6,1,30,6,1910,2,8,3,1,3
2017471706445,2,9,0,18,0,8,0,0,0,0,3,1,6,2,49,8,2521,1,9,5,1,5
2017471706447,1,9,0,18,0,0,0,0,0,0,1,1,6,1,18,4,1796,1,9,9,3,9
2017471706447,2,9,0,3,0,0,0,0,0,0,2,1,6,1,56,9,1998,1,13,4,2,4
2017471706449,1,9,0,18,0,8,0,0,0,0,3,1,6,1,70,10,1596,1,4,5,1,5
2017471706449,2,9,0,18,0,8,0,0,0,0,3,1,6,2,70,10,999,1,3,7,3,7
2017471706449,3,9,0,2,0,1,0,0,0,0,3,1,6,3,-1,-1,1968,2,9,-1,-1,-1
2017471706450,1,9,0,5,0,4,0,0,0,0,1,1,3,1,53,8,2996,1,8,6,3,6
2017471706450,2,9,0,4,0,4,0,0,0,0,2,1,1,2,29,6,1299,1,14,4,2,4
2017471706451,1,9,0,17,0,8,0,0,0,0,1,1,2,2,38,7,1560,2,3,8,2,8
2017471706451,2,9,0,17,0,8,0,0,0,0,2,1,2,2,30,6,1598,1,12,9,2,9
2017471706453,1,9,0,16,0,1,0,0,1,9,1,1,4,2,17,4,1198,1,8,7,3,7
2017471706454,1,5,0,16,0,0,1,0,4,7,1,1,2,1,26,6,600,1,22,6,1,6
2017471706456,1,9,0,7,0,6,0,0,1,11,3,1,6,3,-1,-1,1242,1,13,-1,-1,-1
2017471706456,2,9,0,18,0,8,0,0,7,4,1,1,6,1,39,7,2967,2,4,8,1,8
2017471706457,1,9,0,7,0,8,0,0,0,0,1,1,1,1,27,6,-1,-1,-1,8,1,8
2017471706457,2,9,0,9,0,8,0,0,0,0,4,1,6,2,18,4,1299,1,11,5,2,5
2017471706459,1,9,0,18,0,8,0,0,0,0,1,1,6,1,40,7,2902,2,11,3,1,3
2017471706459,2,9,0,10,0,5,0,0,0,0,2,1,6,1,21,5,1390,1,11,4,1,4
2017471706460,1,19,0,17,0,0,0,0,0,0,1,1,1,1,23,5,2198,2,4,7,1,7
2017471706460,2,19,0,18,0,0,0,0,1,0,3,1,1,1,52,8,2143,2,3,3,1,3
2017471706460,3,9,0,18,0,0,0,0,1,0,1,1,6,1,58,9,1560,2,2,6,1,6
2017471706461,1,9,0,16,0,0,0,0,0,0,1,1,2,1,29,6,1999,1,12,6,1,6
2017471706461,2,9,0,17,0,0,0,0,0,0,1,1,6,1,46,8,1461,2,2,6,3,6
2017471706462,1,9,0,7,0,6,0,0,0,0,1,2,6,1,87,11,1364,1,1,8,1,8
2017471706462,2,9,0,7,0,5,1,0,0,0,4,2,2,1,21,5,1587,1,12,8,1,8
2017471706466,1,9,0,9,0,6,0,0,0,0,3,1,6,1,46,8,1395,1,-1,3,1,3
2017471706466,2,1,0,18,0,8,0,0,0,0,1,1,6,2,35,6,-1,-1,-1,7,1,7
2017471706467,1,11,0,18,0,2,0,0,0,0,1,1,1,1,55,8,9360,2,4,3,1,3
2017471706467,2,10,0,4,0,2,0,0,0,0,2,1,3,1,58,9,2402,2,13,9,1,9
2017471706470,1,9,0,18,0,0,0,10,7,11,1,1,6,2,74,10,-1,-1,-1,9,2,9
2017471706472,1,10,0,9,0,1,0,0,0,0,3,1,6,1,45,7,4249,2,11,1,1,1
2017471706472,2,4,0,13,0,8,0,0,0,0,4,1,6,1,46,8,745,1,1,1,1,1
2017471706474,1,1,0,18,0,8,0,0,0,0,2,1,6,1,25,5,-1,-1,-1,-1,-1,-1
2017471706474,2,11,0,18,0,8,0,0,0,0,1,1,1,1,50,8,7300,2,3,7,1,7
2017471706475,1,9,0,5,0,4,0,0,0,0,1,1,6,1,19,4,998,1,5,4,1,4
2017471706475,2,1,0,18,0,3,0,0,0,0,4,1,6,1,57,9,-1,-1,-1,7,1,7
2017471706478,1,19,0,16,0,0,0,0,0,0,3,1,1,1,27,6,1560,2,2,2,1,2
2017471706479,1,9,0,9,0,4,0,0,0,0,1,1,6,2,34,6,2198,2,2,8,2,8
2017471706479,2,1,0,18,0,8,0,0,0,0,4,1,6,2,52,8,-1,-1,-1,8,1,8
2017471706481,1,5,0,18,0,1,0,0,0,0,3,1,6,1,54,8,998,1,9,4,1,4
2017471706481,2,9,0,10,0,1,0,0,0,0,1,1,6,1,61,9,1968,2,8,8,1,8
2017471706481,3,5,0,18,0,1,0,0,0,0,0,1,6,1,53,8,998,1,2,4,1,4
2017471706481,4,5,0,18,0,1,0,0,0,0,0,1,6,1,50,8,-1,-1,-1,-1,-1,-1
2017471706482,1,9,0,18,0,8,0,0,0,0,3,1,6,1,70,10,2184,2,3,8,1,8
2017471706482,2,1,0,18,0,8,0,0,0,0,2,1,6,1,40,7,-1,-1,-1,10,1,10
2017471706485,1,9,0,8,0,1,0,0,0,0,4,1,3,2,30,6,1197,1,1,7,1,7
2017471706485,2,1,0,18,0,6,0,0,0,0,1,1,1,1,36,7,-1,-1,-1,4,1,4
2017471706486,1,9,0,1,0,6,0,0,0,0,2,1,1,1,56,9,1997,2,8,8,3,8
2017471706487,1,19,0,1,9,0,0,0,0,0,2,1,6,1,56,9,2143,2,4,10,1,10
2017471706488,1,9,0,9,0,2,0,0,0,0,1,1,1,2,50,8,1499,2,4,7,1,7
2017471706489,1,9,0,7,0,6,0,0,0,0,1,1,6,2,30,6,1399,1,10,6,2,6
2017471706489,2,9,0,18,0,1,0,0,0,0,1,1,6,1,72,10,998,1,3,5,1,5
2017471706490,1,9,0,9,0,1,0,0,0,0,1,1,6,2,24,5,1364,1,2,9,2,9
2017471706491,1,9,0,17,0,0,1,0,0,0,1,1,2,1,29,6,1753,2,9,2,2,2
2017471706491,2,9,0,16,0,0,0,0,0,0,1,1,1,1,38,7,1896,2,12,6,3,6
2017471706492,1,9,0,18,0,0,0,0,0,0,1,1,6,1,70,10,1997,2,16,4,1,4
2017471706492,2,9,0,18,0,0,0,0,0,0,1,1,6,1,92,11,1497,8,4,9,1,9
2017471706496,1,8,0,18,0,8,0,0,0,0,4,1,6,2,59,9,1896,2,13,7,1,7
2017471706496,2,8,0,18,0,8,0,0,0,0,4,1,6,1,30,6,1999,1,16,2,1,2
2017471706497,1,9,0,14,0,0,0,0,0,0,1,1,1,1,40,7,2143,2,-1,8,1,8
2017471706497,2,11,0,2,0,0,0,0,0,0,0,1,1,3,-1,-1,-1,-1,-1,-1,-1,-1
2017471706498,1,9,0,18,0,8,1,0,1,4,1,1,6,2,53,8,1598,1,16,3,1,3
2017471706499,1,9,0,9,0,8,0,0,0,0,1,1,1,2,22,5,1299,1,12,2,1,2
2017471706499,2,9,0,18,0,8,0,0,0,0,4,1,6,1,49,8,1248,1,2,3,1,3
2017471706505,1,9,0,18,0,2,0,0,0,0,3,1,6,1,59,9,1197,1,1,9,1,9
2017471706507,1,9,0,13,0,0,0,0,0,0,3,1,6,1,20,4,1995,2,3,4,1,4
2017471706507,2,9,0,13,0,0,2,0,7,10,4,1,6,1,18,4,1995,2,6,7,2,7
2017471706507,3,21,1,18,0,0,0,0,0,0,0,2,6,1,40,7,-1,-1,-1,-1,-1,-1
2017471706508,1,9,0,18,0,1,0,0,0,7,1,1,6,1,49,8,1995,2,4,5,1,5
2017471706508,2,9,0,18,0,1,0,0,0,0,0,1,6,1,23,5,-1,-1,-1,1,1,1
2017471706514,1,9,0,11,0,1,0,0,0,0,1,1,1,2,32,6,1086,1,7,5,1,5
2017471706514,2,9,0,3,0,1,0,0,0,0,2,1,6,2,38,7,1995,2,-1,6,1,6
2017471706515,1,9,0,9,9,6,0,0,0,0,1,1,6,1,30,6,998,1,10,5,1,5
2017471706515,2,1,0,18,0,1,0,0,0,0,4,1,6,2,36,7,-1,-1,-1,1,1,1
2017471706518,1,9,0,18,0,0,0,0,0,0,1,1,6,1,27,6,1850,1,19,6,1,6
2017471706518,2,5,0,11,0,0,0,0,0,0,2,1,6,1,25,5,599,1,16,8,3,8
2017471706520,1,19,0,18,0,0,0,10,7,11,1,1,6,1,28,6,1461,2,14,6,1,6
2017471706521,1,9,0,18,0,8,0,0,0,0,1,1,6,1,88,11,1198,1,7,8,1,8
2017471706521,2,9,0,2,0,2,0,0,0,0,3,1,6,1,27,6,2987,2,11,6,1,6
2017471706522,1,9,0,18,0,0,0,0,4,6,3,1,6,2,38,7,1240,1,11,7,1,7
2017471706523,1,9,0,17,0,0,1,0,1,11,1,1,6,1,91,11,1560,2,4,6,2,6
2017471706527,1,11,0,1,2,0,0,0,0,0,2,1,1,1,37,7,3900,2,14,2,2,2
2017471706528,1,9,0,16,0,0,5,10,7,11,2,1,6,1,23,5,1896,2,14,5,2,5
2017471706529,1,9,0,17,0,0,2,0,1,3,1,1,6,1,24,5,1896,2,16,2,1,2
2017471706530,1,4,0,17,0,0,1,0,0,0,3,1,6,1,46,8,279,1,-1,4,1,4
2017471706532,1,8,0,18,0,0,1,0,0,0,1,1,1,1,50,8,1968,2,4,7,1,7
2017471706533,1,9,0,18,0,1,0,0,0,0,1,1,6,1,37,7,1997,2,11,1,1,1
2017471706534,1,9,0,18,0,0,0,0,0,0,1,1,6,1,61,9,5462,1,10,6,3,6
2017471706534,2,9,0,18,0,0,0,0,0,0,3,1,6,2,58,9,1797,8,5,6,3,6
2017471706536,1,9,0,17,0,0,0,0,1,4,1,1,6,1,38,7,1686,2,12,2,1,2
2017471706538,1,19,0,13,0,0,0,0,0,0,4,1,1,1,32,6,5193,2,3,8,1,8
2017471706538,2,1,0,18,0,0,0,0,0,0,3,1,6,1,35,6,-1,-1,-1,10,1,10
2017471706538,3,9,0,18,0,0,0,0,0,0,0,1,6,1,-1,-1,-1,-1,-1,-1,-1,-1
2017471706539,1,9,0,18,0,0,1,12,1,0,1,1,6,2,22,5,1390,1,3,9,2,9
2017471706539,2,9,0,18,0,0,1,0,0,0,1,2,6,2,52,8,2204,2,11,10,1,10
2017471706542,1,21,0,18,0,0,0,0,0,0,2,1,6,3,-1,-1,-1,-1,-1,-1,-1,-1
2017471706542,2,9,0,18,0,0,0,0,0,0,0,1,1,2,22,5,1390,1,13,3,1,3
2017471706543,1,19,0,18,0,1,0,0,0,0,2,1,6,1,29,6,2148,2,8,1,1,1
2017471706545,1,9,0,9,0,5,0,0,0,0,1,1,1,2,33,6,1799,1,10,6,1,6
2017471706545,2,9,0,18,0,1,0,0,0,0,1,1,4,1,41,7,1994,1,12,4,1,4
2017471706547,1,9,0,4,0,1,0,0,0,0,1,1,6,2,27,6,1461,2,-1,10,1,10
2017471706547,2,9,0,4,0,1,0,0,0,0,2,1,1,1,30,6,2993,2,3,8,1,8
2017471706548,1,19,0,16,0,1,0,0,0,0,1,1,1,1,37,7,1870,2,12,4,3,4
2017471706548,2,9,0,10,0,1,0,0,0,0,2,1,2,1,40,7,2480,1,5,10,1,10
2017471706551,1,9,0,4,0,1,0,0,0,0,1,1,6,2,30,6,1396,1,16,2,1,2
2017471706551,2,9,0,3,0,1,0,0,0,0,2,1,6,2,73,10,1595,1,-1,6,1,6
2017471706559,1,11,0,5,0,2,0,0,0,0,0,1,1,1,63,9,4461,2,4,4,1,4
2017471706560,1,9,0,18,0,0,0,0,0,0,4,1,2,1,18,4,-1,-1,-1,8,3,8
2017471706563,1,9,0,9,0,2,0,0,0,0,4,1,6,1,73,10,698,1,13,5,1,5
2017471706563,2,5,0,18,0,1,0,0,0,0,1,1,6,1,29,6,599,1,18,4,1,4
2017471706564,1,9,0,18,0,2,0,4,0,0,1,1,2,2,49,8,1242,1,6,10,2,10
2017471706564,2,19,0,2,0,2,0,0,0,0,2,1,6,3,-1,-1,2198,2,2,-1,-1,-1
2017471706565,1,9,0,18,0,0,0,0,0,0,1,1,6,1,24,5,1108,1,10,6,1,6
2017471706565,2,9,0,18,0,0,0,0,0,0,2,1,6,1,26,6,1896,2,13,5,1,5
2017471706565,3,9,0,18,0,0,0,0,0,0,2,1,6,2,25,5,1395,1,1,6,1,6
2017471706568,1,9,0,18,0,8,0,0,0,0,1,1,6,2,26,6,1339,1,13,4,1,4
2017471706577,1,9,0,18,0,1,0,0,0,0,1,1,6,1,40,7,-1,-1,-1,2,1,2
2017471706577,2,9,0,18,0,1,0,0,0,0,2,1,6,2,59,9,1086,1,10,7,1,7
2017471706578,1,9,0,18,0,8,0,4,0,0,4,1,6,2,33,6,1968,2,7,7,1,7
2017471706578,2,9,0,2,0,8,0,0,0,0,3,1,6,3,-1,-1,1386,1,8,-1,-1,-1
2017471706580,1,9,0,18,0,0,0,0,0,0,1,1,6,2,30,6,1461,2,12,-1,-1,-1
2017471706580,2,9,0,18,0,0,0,0,0,0,2,1,6,2,23,5,998,1,-1,2,1,2
2017471706582,1,9,0,8,0,4,0,0,0,0,1,1,6,1,27,6,1398,1,5,5,1,5
2017471706582,2,9,0,8,0,4,0,0,0,0,2,1,6,1,36,7,1598,2,2,4,1,4
2017471706585,1,90,0,17,0,0,1,0,1,10,4,1,1,1,23,5,2987,2,3,9,2,9
2017471706587,1,5,0,18,0,0,1,0,0,0,4,1,6,1,21,5,599,1,18,2,1,2
2017471706588,1,9,0,18,0,1,0,0,0,0,1,1,2,1,57,9,1896,2,11,7,1,7
2017471706590,1,9,0,4,0,1,0,0,0,0,4,1,6,3,33,6,2179,2,2,8,1,8
2017471706590,2,9,0,3,0,1,0,0,0,0,1,1,6,2,17,4,1275,1,21,6,3,6
2017471706592,1,9,0,18,0,1,0,0,0,0,1,1,1,1,58,9,-1,-1,-1,2,1,2
2017471706592,2,9,0,8,0,2,0,0,0,0,2,1,6,1,72,10,-1,-1,-1,7,1,7
2017471706593,1,9,0,18,0,0,0,0,0,0,1,1,6,1,19,4,998,1,9,8,1,8
2017471706593,2,19,0,18,0,0,0,0,0,0,1,1,2,1,32,6,2402,2,11,10,1,10
2017471706595,1,9,0,15,0,0,0,0,0,0,1,1,6,1,50,8,2171,1,16,7,3,7
2017471706595,2,1,0,18,0,0,0,0,0,0,2,1,6,1,60,9,-1,-1,-1,5,1,5
2017471706597,1,19,0,1,9,6,0,0,0,0,2,1,6,1,30,6,-1,-1,-1,-1,-1,-1
2017471706597,2,22,0,18,9,8,0,0,0,0,4,1,6,2,55,8,-1,-1,-1,2,1,2
2017471706598,1,9,0,18,0,0,0,0,0,0,3,1,6,3,-1,-1,-1,-1,-1,-1,-1,-1
2017471706598,2,1,0,18,0,0,0,0,0,0,1,1,2,1,42,7,-1,-1,-1,4,1,4
2017471706600,1,9,0,18,0,0,0,0,0,0,1,1,6,1,71,10,1798,1,7,7,1,7
2017471706600,2,9,0,18,0,0,0,0,0,0,2,1,6,2,28,6,1598,2,1,6,1,6
2017471706601,1,11,0,12,0,8,0,0,0,0,3,1,1,1,40,7,7300,2,3,-1,-1,-1
2017471706601,2,9,0,18,0,8,0,0,0,0,4,1,6,2,54,8,1600,1,17,6,3,6
2017471706602,1,9,0,18,0,8,0,0,0,0,0,1,6,3,-1,-1,-1,-1,-1,-1,-1,-1
2017471706602,2,11,0,5,0,8,0,0,0,0,0,1,1,1,54,8,11967,2,9,2,1,2
2017471706604,1,9,0,9,0,6,0,0,0,0,1,1,6,2,47,8,2401,2,10,9,1,9
2017471706604,2,3,0,18,0,8,0,0,0,0,4,1,6,1,17,4,125,1,-1,4,1,4
2017471706606,1,9,0,18,0,0,0,0,1,10,1,1,6,1,74,10,1596,1,17,9,1,9
2017471706611,1,9,0,7,0,6,0,0,0,0,3,1,3,1,42,7,1242,1,3,5,1,5
2017471706611,2,9,0,18,0,1,0,0,0,0,1,1,2,1,47,8,2199,2,2,10,1,10
2017471706612,1,2,0,14,4,8,0,0,0,0,0,1,6,3,-1,-1,-1,-1,-1,-1,-1,-1
2017471706613,1,9,0,18,0,8,5,0,7,11,1,1,6,2,71,10,1586,1,5,7,2,7
2017471706613,2,9,0,2,9,8,0,0,0,0,1,1,6,3,-1,-1,1997,2,7,-1,-1,-1
2017471706613,3,9,0,2,9,8,0,0,0,0,1,1,6,3,-1,-1,1968,2,1,-1,-1,-1
2017471706614,1,9,0,18,0,1,0,0,0,0,1,1,2,1,35,6,1995,2,10,2,1,2
2017471706614,2,9,0,4,0,1,0,0,0,0,2,1,6,2,33,6,1591,1,1,8,1,8
2017471706615,1,9,0,3,0,0,0,0,0,0,1,1,6,2,30,6,-1,-1,-1,3,1,3
2017471706615,2,19,0,3,0,0,0,0,0,0,2,1,6,1,65,9,-1,-1,-1,2,1,2
2017471706616,1,9,0,10,0,1,0,0,0,0,1,1,6,3,-1,-1,1329,1,4,-1,-1,-1
2017471706616,2,9,0,10,0,1,0,0,0,0,2,1,6,2,31,6,1197,1,4,8,1,8
2017471706617,1,9,0,18,0,1,0,0,0,0,3,1,6,3,-1,-1,-1,-1,-1,-1,-1,-1
2017471706617,2,1,0,18,0,8,0,0,0,0,3,1,2,1,52,8,-1,-1,-1,10,1,10
2017471706620,1,9,0,7,0,4,0,0,0,0,3,1,6,2,88,11,998,1,2,7,1,7
2017471706620,2,1,0,18,0,8,0,0,0,0,4,1,6,1,37,7,-1,-1,-1,4,1,4
2017471706626,1,9,0,9,0,4,0,0,0,0,1,1,6,1,40,7,1896,2,14,5,2,5
2017471706626,2,3,0,9,0,8,0,0,0,0,4,1,6,1,34,6,124,1,1,9,1,9
2017471706631,1,9,0,18,0,0,0,0,0,0,1,1,6,1,21,5,2967,2,6,4,1,4
2017471706631,2,9,0,4,0,0,0,0,0,0,2,1,6,1,77,11,1197,1,-1,2,1,2
2017471706631,3,9,0,4,0,0,0,0,0,0,2,1,6,1,22,5,1498,1,12,1,1,1
2017471706632,1,9,0,18,0,1,0,0,0,0,1,1,6,2,42,7,1499,2,1,9,1,9
2017471706633,1,9,0,18,0,8,0,0,0,0,1,1,6,1,90,11,1328,1,13,5,1,5
2017471706633,2,19,0,17,0,8,0,0,0,0,1,1,1,1,39,7,1560,2,1,9,2,9
2017471706634,1,5,0,14,0,2,0,0,0,0,1,1,6,3,-1,-1,-1,-1,-1,-1,-1,-1
2017471706634,2,9,0,2,0,2,0,0,0,0,0,1,6,3,-1,-1,-1,-1,-1,-1,-1,-1
2017471706635,1,9,0,1,0,1,0,0,0,0,4,1,6,2,36,7,1796,1,12,-1,-1,-1
2017471706635,2,9,0,18,0,2,0,0,0,0,4,1,6,2,38,7,1587,1,14,2,1,2
2017471706636,1,19,0,18,0,0,0,0,0,0,1,1,6,1,57,9,2143,2,4,2,1,2
2017471706636,2,19,0,4,0,0,0,0,0,0,2,1,6,1,63,9,1598,2,1,4,1,4
2017471706636,3,9,0,3,0,0,0,0,0,0,3,1,6,2,66,10,1197,1,-1,7,1,7
2017471706638,1,9,0,5,0,8,0,0,0,0,1,1,2,1,27,6,1968,2,14,9,1,9
2017471706638,2,1,0,18,0,8,0,0,0,0,4,1,1,1,20,4,-1,-1,-1,10,2,10
2017471706639,1,1,0,16,0,0,0,0,0,0,1,1,6,1,52,8,-1,-1,-1,8,3,8
2017471706639,2,9,0,17,0,0,0,0,0,0,1,1,3,1,72,10,998,1,11,7,3,7
2017471706640,1,9,0,18,0,8,0,0,0,0,1,1,6,1,75,10,898,1,3,3,1,3
2017471706640,2,8,0,4,0,8,0,0,0,0,2,1,1,2,32,6,1798,8,-1,4,1,4
2017471706641,1,9,0,16,0,0,0,0,0,0,1,1,6,1,18,4,1242,1,14,9,2,9
2017471706641,2,9,0,17,0,0,0,0,0,0,1,1,6,2,41,7,2460,2,11,9,1,9
2017471706642,1,9,0,9,0,4,0,0,0,0,3,1,2,1,41,7,1422,2,9,1,1,1
2017471706642,2,1,0,18,0,8,0,0,0,0,1,1,6,1,54,8,-1,-1,-1,4,1,4
2017471706642,3,21,0,7,0,3,0,0,0,0,0,1,1,2,45,7,-1,-1,-1,-1,-1,-1
2017471706647,1,8,0,9,0,8,0,0,0,0,1,1,6,1,81,11,1043,1,29,10,1,10
2017471706649,1,9,0,16,0,8,2,0,2,10,4,1,2,1,28,6,1599,1,11,7,3,7
2017471706649,2,9,0,9,0,5,0,0,0,0,0,1,6,3,-1,-1,-1,-1,-1,-1,-1,-1
2017471706652,1,21,0,18,0,8,1,0,0,0,1,1,1,1,39,7,10677,2,2,3,1,3
2017471706652,2,9,0,4,0,8,0,0,0,0,2,1,1,1,45,7,-1,-1,-1,10,1,10
2017471706652,3,9,0,10,0,5,0,0,0,0,2,1,6,2,55,8,2000,2,13,10,1,10
2017471706653,1,8,0,5,0,8,0,0,0,0,4,1,2,1,51,8,1968,2,4,6,1,6
2017471706653,2,9,0,18,0,8,0,0,0,0,3,1,6,2,23,5,1200,1,1,8,1,8
2017471706657,1,9,0,18,0,4,0,0,0,0,1,1,6,1,25,5,1995,2,-1,4,1,4
2017471706657,2,9,0,18,0,8,0,0,0,0,2,1,1,1,44,7,-1,-1,-1,8,1,8
2017471706657,3,9,0,18,0,8,0,0,0,0,2,1,6,1,30,6,1995,2,3,7,1,7
2017471706661,1,9,0,9,0,2,0,0,0,0,4,1,6,1,31,6,1490,1,-1,6,1,6
2017471706661,2,9,0,18,0,2,0,0,0,0,1,1,6,1,37,7,1496,2,1,4,2,4
2017471706662,1,9,0,13,0,1,0,0,0,0,4,1,6,2,21,5,1242,1,4,6,1,6
2017471706662,2,1,0,18,0,1,0,0,0,0,3,1,2,1,44,7,-1,-1,-1,8,1,8
2017471706663,1,9,0,9,0,6,0,0,1,0,3,1,6,2,21,5,1198,1,8,6,3,6
2017471706663,2,9,0,18,0,8,0,0,0,0,1,1,6,1,30,6,1598,2,3,9,1,9
2017471706667,1,9,0,18,0,4,0,0,0,0,1,1,6,2,80,11,1086,1,10,4,1,4
2017471706667,2,9,0,9,0,8,0,0,0,0,4,1,6,2,25,5,998,1,1,6,1,6
2017471706668,1,9,0,7,0,8,0,0,0,0,1,1,6,1,50,8,1390,1,12,3,1,3
2017471706668,2,1,0,18,0,8,0,0,0,0,1,1,6,1,15,3,-1,-1,-1,1,1,1
2017471706669,1,9,0,18,0,1,0,0,0,0,1,1,6,3,-1,-1,-1,-1,-1,-1,-1,-1
2017471706669,2,9,0,8,0,1,0,0,0,0,2,1,6,1,26,6,1242,1,15,9,1,9
2017471706670,1,19,0,7,0,1,0,0,0,0,1,1,2,1,28,6,1995,2,9,7,1,7
2017471706670,2,9,0,8,0,1,0,0,0,0,2,1,6,1,50,8,1598,1,11,6,1,6
2017471706671,1,9,0,3,0,0,0,0,0,0,2,1,6,3,-1,-1,-1,-1,-1,-1,-1,-1
2017471706674,1,9,0,13,0,0,0,0,0,0,1,1,6,3,-1,-1,-1,-1,-1,-1,-1,-1
2017471706674,2,9,0,18,0,0,0,0,0,0,1,1,6,1,34,6,-1,-1,-1,9,1,9
2017471706675,1,9,0,18,0,8,0,0,0,0,1,1,6,2,91,11,1390,1,11,10,2,10
2017471706675,2,9,0,18,0,8,1,0,0,0,4,1,6,2,22,5,1360,1,10,8,2,8
2017471706676,1,9,0,16,0,0,1,0,7,0,1,1,2,1,25,5,1598,1,9,4,1,4
2017471706676,2,9,0,2,0,0,0,0,0,0,2,1,6,3,-1,-1,1910,2,9,-1,-1,-1
2017471706681,1,9,0,18,0,2,0,0,0,0,2,1,6,1,60,9,1998,1,1,1,1,1
2017471706682,1,9,0,18,0,1,0,0,0,0,1,1,6,2,67,10,998,1,4,8,1,8
2017471706682,2,9,0,7,0,5,0,0,0,0,2,1,6,1,38,7,1598,1,17,4,1,4
2017471706683,1,9,0,18,0,0,0,0,0,0,1,1,6,1,36,7,1598,1,12,4,1,4
2017471706683,2,8,0,4,0,0,0,0,0,0,2,1,6,1,35,6,1798,8,-1,8,1,8
2017471706685,1,9,0,18,0,1,0,0,0,10,1,1,6,1,47,8,-1,-1,-1,5,1,5
2017471706686,1,9,0,16,0,0,0,0,0,0,1,1,6,1,33,6,1398,1,4,3,1,3
2017471706686,2,9,0,17,0,0,0,0,0,0,1,1,6,2,32,6,998,1,10,9,2,9
2017471706687,1,9,0,18,0,0,0,0,0,0,0,1,6,1,21,5,1994,2,14,9,3,9
2017471706687,2,9,0,18,0,0,0,0,7,4,4,1,6,2,34,6,998,1,13,7,1,7
2017471706688,1,9,0,17,0,0,2,0,1,0,3,1,6,1,24,5,1994,1,20,9,1,9
2017471706689,1,9,0,9,0,2,0,0,0,0,1,1,6,1,36,7,2435,1,17,1,1,1
2017471706689,2,3,0,18,0,8,0,0,0,0,1,1,6,1,22,5,125,1,3,1,1,1
2017471706689,3,9,0,18,0,2,0,0,0,0,0,1,6,1,-1,-1,-1,-1,-1,-1,-1,-1
2017471706691,1,9,0,18,0,2,0,4,0,0,1,1,6,2,49,8,1598,1,14,10,1,10
2017471706691,2,9,0,2,0,2,0,0,1,0,1,1,6,3,-1,-1,-1,-1,-1,-1,-1,-1
2017471706695,1,9,0,18,0,2,0,0,0,0,1,1,1,2,26,6,1560,2,5,1,1,1
2017471706698,1,3,0,17,0,8,0,0,0,0,3,1,2,1,29,6,125,1,-1,6,1,6
2017471706700,1,9,0,18,0,3,1,10,1,10,1,1,6,2,23,5,1199,1,15,4,1,4
2017471706708,1,9,0,1,0,0,0,0,0,0,2,1,6,1,15,3,2183,2,6,8,1,8
2017471706708,2,9,0,2,9,0,0,0,0,0,3,1,6,3,-1,-1,1493,1,19,-1,-1,-1
2017471706709,1,10,0,18,0,0,0,0,0,0,1,2,6,1,33,6,-1,-1,-1,3,1,3
2017471706709,2,9,0,18,0,0,0,0,0,0,2,1,6,2,69,10,1242,1,5,4,1,4
2017471706712,1,9,0,18,0,0,0,0,0,0,0,1,6,3,-1,-1,-1,-1,-1,-1,-1,-1
2017471706715,1,9,0,6,0,2,0,0,4,4,1,1,6,2,19,4,998,1,5,2,1,2
2017471706715,2,9,0,18,0,8,1,0,4,0,1,1,1,1,32,6,1248,1,2,6,3,6
2017471706715,3,9,0,18,0,8,0,0,0,0,3,1,6,1,73,10,1998,1,15,4,1,4
2017471706716,1,9,0,18,0,0,0,0,7,3,1,1,6,2,58,9,1389,1,12,7,1,7
2017471706719,1,9,0,9,0,4,0,0,0,0,1,1,6,2,82,11,998,1,8,8,1,8
2017471706719,2,1,0,18,0,8,0,0,0,0,1,1,6,1,27,6,-1,-1,-1,2,1,2
2017471706721,1,9,0,9,0,5,0,0,0,0,4,1,6,2,71,10,1043,1,25,9,1,9
2017471706721,2,1,0,17,0,8,0,0,0,0,1,1,6,1,45,7,-1,-1,-1,3,1,3
2017471706722,1,9,0,14,0,2,0,0,0,0,3,1,6,1,25,5,1896,2,12,10,1,10
2017471706722,2,11,0,3,0,2,0,0,0,0,0,1,1,3,-1,-1,-1,-1,-1,-1,-1,-1
2017471706723,1,9,0,18,0,8,0,0,0,0,1,1,6,1,83,11,1242,1,12,8,2,8
2017471706723,2,9,0,10,0,5,0,0,0,0,2,1,2,1,39,7,1598,1,11,7,3,7
2017471706724,1,19,0,5,0,1,0,0,0,0,1,1,1,1,56,9,1995,2,10,2,1,2