Accident_Index,Vehicle_Reference,Vehicle_Type,Towing_and_Articulation,Vehicle_Manoeuvre,Vehicle_Location-Restricted_Lane,Junction_Location,Skidding_and_Overturning,Hit_Object_in_Carriageway,Vehicle_Leaving_Carriageway,Hit_Object_off_Carriageway,1st_Point_of_Impact,Was_Vehicle_Left_Hand_Drive?,Journey_Purpose_of_Driver,Sex_of_Driver,Age_of_Driver,Age_Band_of_Driver,Engine_Capacity_(CC),Propulsion_Code,Age_of_Vehicle,Driver_IMD_Decile,Driver_Home_Area_Type,Vehicle_IMD_Decile
2017471706724,2,9,0,8,0,1,0,0,0,0,2,1,6,2,58,9,1198,1,12,3,1,3
2017471706728,1,1,0,18,0,8,0,0,0,0,1,1,6,1,40,7,-1,-1,-1,1,1,1
2017471706728,2,21,1,7,0,8,0,0,0,0,3,1,1,1,35,6,-1,-1,-1,7,1,7
2017471706733,1,8,0,18,0,6,0,0,0,0,1,1,1,3,-1,-1,-1,-1,-1,-1,-1,-1
2017471706733,2,1,0,17,0,8,0,0,0,0,4,1,2,1,48,8,-1,-1,-1,8,1,8
2017471706735,1,9,0,6,0,2,0,0,0,0,3,1,6,1,32,6,1360,1,10,1,1,1
2017471706735,2,5,0,14,0,1,0,0,0,0,1,1,2,1,20,4,599,1,17,2,1,2
2017471706738,1,8,0,4,0,8,0,0,0,0,0,1,6,1,35,6,-1,-1,-1,-1,-1,-1
2017471706739,1,9,0,18,0,8,0,0,0,0,1,1,6,2,37,7,1390,1,15,7,1,7
2017471706739,2,9,0,9,0,6,0,0,0,0,2,1,6,1,45,7,1689,2,13,8,1,8
2017471706742,1,9,0,18,0,0,0,0,7,4,1,1,6,2,82,11,1591,1,5,8,1,8
2017471706744,1,9,0,5,0,8,0,0,0,0,1,1,6,2,65,9,1242,1,6,6,1,6
2017471706744,2,1,0,18,0,8,0,0,3,0,3,1,6,1,26,6,-1,-1,-1,5,3,5
2017471706744,3,1,0,18,0,2,0,0,0,0,0,1,6,3,-1,-1,-1,-1,-1,-1,-1,-1
2017471706748,1,9,0,18,0,3,0,0,0,0,1,1,6,2,50,8,1499,1,-1,9,1,9
2017471706748,2,9,0,4,0,3,0,0,0,0,2,1,6,1,31,6,1198,1,4,5,1,5
2017471706748,3,9,0,11,0,5,0,0,0,0,0,1,6,3,-1,-1,-1,-1,-1,-1,-1,-1
2017471706753,1,9,0,17,0,0,0,0,8,10,4,1,6,1,17,4,1242,1,10,3,1,3
2017471706757,1,9,0,7,0,6,0,0,0,0,4,1,6,1,42,7,1968,2,3,10,1,10
2017471706757,2,1,0,17,0,8,0,0,0,0,2,1,6,1,23,5,-1,-1,-1,4,1,4
2017471706758,1,11,0,2,0,8,0,0,0,0,0,1,1,1,52,8,5132,2,2,4,1,4
2017471706761,1,9,0,11,0,8,0,0,0,0,4,1,6,1,22,5,1229,1,7,8,1,8
2017471706761,2,9,0,7,0,8,0,0,0,0,3,1,1,2,30,6,1332,1,20,7,2,7
2017471706763,1,9,0,13,0,1,0,0,0,0,4,1,6,1,64,9,1587,1,11,3,1,3
2017471706763,2,1,0,18,0,1,0,0,0,0,3,1,2,1,53,8,-1,-1,-1,9,1,9
2017471706766,1,9,0,9,0,8,0,0,0,0,4,1,6,2,18,4,1299,1,9,-1,-1,-1
2017471706766,2,1,0,18,0,8,0,0,0,0,1,1,6,1,48,8,-1,-1,-1,3,1,3
2017471706769,1,9,0,7,0,6,0,0,0,0,0,1,6,3,-1,-1,-1,-1,-1,-1,-1,-1
2017471706769,2,11,0,18,0,8,0,0,0,0,0,1,1,1,38,7,5132,2,-1,3,1,3
2017471706770,1,9,0,18,0,4,0,0,0,0,0,1,6,1,-1,-1,-1,-1,-1,-1,-1,-1
2017471706770,2,11,0,9,0,3,0,0,0,0,0,1,6,1,46,8,5132,2,2,4,1,4
2017471706773,1,9,0,4,0,0,0,0,0,0,1,1,6,2,23,5,1390,1,16,3,1,3
2017471706773,2,9,0,3,0,0,0,0,0,0,2,1,6,2,48,8,1998,1,15,10,1,10
2017471706774,1,9,0,17,0,0,0,10,7,11,1,1,6,2,18,4,1124,1,10,9,2,9
2017471706776,1,9,0,18,0,4,0,0,0,0,1,1,6,2,30,6,1499,1,1,7,1,7
2017471706776,2,3,0,3,0,1,0,0,0,0,2,1,1,2,22,5,125,1,-1,2,1,2
2017471706778,1,9,0,18,0,1,0,0,0,0,1,1,6,1,56,9,1798,8,-1,7,1,7
2017471706778,2,9,0,3,0,1,0,0,0,0,2,1,6,2,36,7,1968,2,2,2,1,2
2017471706779,1,1,0,5,0,0,0,0,0,0,1,1,6,2,13,3,-1,-1,-1,5,1,5
2017471706779,2,9,0,18,0,0,0,0,0,0,1,1,6,1,59,9,2494,1,14,1,1,1
2017471706781,1,9,0,17,0,0,5,0,7,9,3,1,2,2,26,6,1349,1,3,7,3,7
2017471706782,1,21,0,16,0,0,0,0,0,0,0,1,6,1,50,8,-1,-1,-1,-1,-1,-1
2017471706782,2,19,0,17,0,0,1,0,1,9,1,1,6,1,28,6,2477,2,3,7,3,7
2017471706784,1,9,0,18,0,0,0,0,0,0,1,1,6,1,55,8,2171,1,15,8,1,8
2017471706784,2,20,0,18,0,0,0,0,0,0,3,1,1,1,38,7,6700,2,2,2,1,2
2017471706786,1,9,0,9,0,6,0,0,0,0,1,1,2,2,45,7,1995,2,2,9,3,9
2017471706786,2,9,0,18,0,1,0,0,0,0,1,1,2,2,29,6,1598,1,12,2,1,2
2017471706788,1,19,0,13,0,0,0,0,1,0,4,1,6,1,30,6,-1,-1,-1,-1,-1,-1
2017471706788,2,9,0,18,0,0,0,0,0,0,0,1,6,1,-1,-1,-1,-1,-1,-1,-1,-1
2017471706792,1,3,0,7,0,5,0,0,0,0,1,1,6,1,20,4,125,1,-1,4,1,4
2017471706792,2,9,0,10,0,1,0,0,0,0,3,1,6,2,40,7,1995,2,8,7,3,7
2017471706796,1,9,0,16,0,7,1,0,2,2,1,1,2,1,32,6,1988,1,14,3,1,3
2017471706798,1,9,0,18,0,1,0,8,0,0,4,1,6,3,40,7,-1,-1,-1,-1,-1,-1
2017471706798,2,9,0,2,0,1,0,0,0,0,3,1,6,2,57,9,1598,1,-1,4,1,4
2017471706799,1,9,0,18,0,8,0,0,0,0,2,1,6,2,32,6,1598,1,14,5,1,5
2017471706799,2,9,0,18,0,4,0,0,0,0,3,1,6,2,45,7,1995,2,7,10,1,10
2017471706801,1,9,0,9,0,6,0,0,0,0,3,1,3,2,38,7,1198,1,2,4,1,4
2017471706801,2,5,0,14,0,1,1,0,0,0,1,1,2,1,34,6,675,1,7,6,1,6
2017471706806,1,9,0,7,0,6,0,0,0,0,1,1,1,1,20,4,1364,1,3,4,2,4
2017471706806,2,5,0,17,0,8,0,0,0,0,4,1,1,1,49,8,700,1,30,8,3,8
2017471706807,1,3,0,4,0,1,0,0,0,0,1,1,1,1,27,6,125,1,6,2,1,2
2017471706807,2,9,0,3,0,8,0,0,0,0,2,1,2,1,48,8,1998,1,15,9,1,9
2017471706808,1,9,0,18,0,0,0,0,0,0,4,1,6,1,40,7,1591,1,-1,5,1,5
2017471706809,1,11,0,18,2,1,0,0,0,0,1,1,1,1,60,9,9000,2,9,8,1,8
2017471706810,1,3,0,18,0,0,0,0,0,0,1,1,6,1,31,6,125,1,2,5,1,5
2017471706811,1,20,0,12,0,8,0,0,0,0,2,1,6,1,34,6,-1,-1,-1,3,1,3
2017471706811,2,9,0,18,0,8,0,0,0,0,4,1,6,2,52,8,1197,1,-1,6,1,6
2017471706813,1,9,0,13,0,0,0,0,0,0,1,1,2,1,61,9,6208,1,6,10,1,10
2017471706813,2,9,0,18,0,0,5,0,1,4,1,1,6,2,39,7,1296,1,10,9,1,9
2017471706813,3,9,0,18,0,0,0,0,1,7,1,1,6,2,38,7,1968,2,9,6,2,6
2017471706814,1,9,0,16,0,0,0,0,0,0,0,1,6,3,-1,-1,-1,-1,-1,-1,-1,-1
2017471706814,2,9,0,17,0,0,0,0,8,4,1,1,2,1,19,4,1364,1,9,5,1,5
2017471706815,1,19,0,7,0,6,0,0,0,0,1,1,1,1,27,6,1870,2,12,5,1,5
2017471706815,2,9,0,18,0,8,0,0,0,0,1,1,2,2,45,7,2494,8,-1,10,1,10
2017471706818,1,5,0,13,0,0,1,0,0,0,4,1,6,1,46,8,899,1,12,10,1,10
2017471706818,2,9,0,10,0,0,0,0,0,0,3,1,1,1,29,6,1956,2,4,10,1,10
2017471706819,1,9,0,9,0,8,0,0,0,0,4,1,6,2,78,11,1329,1,8,4,3,4
2017471706819,2,9,0,18,0,1,0,0,0,0,1,1,6,2,32,6,1685,2,5,5,2,5
2017471706820,1,9,0,16,0,0,0,0,0,0,0,1,6,3,-1,-1,-1,-1,-1,-1,-1,-1
2017471706820,2,3,0,17,0,0,1,0,1,11,1,1,6,1,42,7,125,1,2,5,3,5
2017471706822,1,9,0,11,0,0,0,0,0,0,4,1,6,2,29,6,1997,2,6,9,1,9
2017471706822,2,5,0,4,0,0,0,0,0,0,3,1,6,1,55,8,1050,1,2,4,1,4
2017471706824,1,5,0,17,0,0,0,0,1,0,1,1,6,1,51,8,1198,1,7,6,1,6
2017471706826,1,9,0,18,0,1,0,0,0,0,4,1,6,2,66,10,1242,1,9,3,1,3
2017471706827,1,9,0,18,0,0,0,0,1,0,1,1,6,2,22,5,-1,-1,-1,-1,-1,-1
2017471706827,2,19,0,18,0,0,0,0,0,0,0,1,6,1,40,7,-1,-1,-1,-1,-1,-1
2017471706831,1,11,0,18,0,0,0,0,0,0,0,1,1,1,40,7,5132,2,2,1,1,1
2017471706833,1,9,0,18,0,8,1,0,0,0,1,1,6,1,47,8,1396,1,21,8,1,8
2017471706833,2,9,0,4,0,8,1,0,0,0,2,1,6,1,51,8,1341,1,12,2,1,2
2017471706835,1,9,0,4,0,4,0,0,0,0,1,1,6,1,30,6,1598,1,9,9,1,9
2017471706835,2,9,0,4,0,4,0,0,0,0,1,1,6,1,32,6,-1,-1,-1,4,1,4
2017471706835,3,9,0,4,0,4,0,0,0,0,2,1,6,1,32,6,1956,2,2,4,1,4
2017471706836,1,9,0,18,0,8,1,0,7,2,3,1,6,1,21,5,-1,-1,-1,5,1,5
2017471706836,2,19,0,9,0,2,0,0,0,0,1,1,1,2,59,9,-1,-1,-1,6,1,6
2017471706838,1,9,0,5,0,6,0,0,0,0,3,1,6,3,-1,-1,-1,-1,-1,-1,-1,-1
2017471706838,2,1,0,18,0,1,0,0,0,0,1,1,2,1,18,4,-1,-1,-1,9,1,9
2017471706839,1,9,0,18,0,8,0,0,0,0,1,1,2,2,47,8,1242,1,8,10,1,10
2017471706839,2,5,0,9,0,8,0,0,0,0,1,1,2,1,44,7,599,1,13,2,1,2
2017471706840,1,9,0,18,0,1,0,0,0,0,1,1,6,2,49,8,1995,2,14,6,1,6
2017471706840,2,20,0,4,0,1,0,0,0,0,2,1,1,1,63,9,-1,-1,-1,7,1,7
2017471706840,3,9,0,10,0,5,0,0,0,0,0,1,6,1,-1,-1,-1,-1,-1,-1,-1,-1
2017471706841,1,9,0,18,0,1,0,0,7,0,1,1,6,1,39,7,1794,1,14,5,1,5
2017471706841,2,19,0,9,0,1,0,0,7,10,3,1,6,1,54,8,1998,2,12,9,1,9
2017471706842,1,9,0,18,0,8,0,0,7,1,1,1,6,3,-1,-1,1991,1,-1,-1,-1,-1
2017471706844,1,9,0,18,0,0,0,0,0,0,1,1,2,1,44,7,1422,2,9,2,1,2
2017471706844,2,9,0,12,0,0,1,0,0,0,2,1,6,2,54,8,998,1,8,10,3,10
2017471706844,3,9,0,18,0,0,0,0,0,0,3,1,1,1,48,8,1598,2,-1,8,1,8
2017471706847,1,11,0,7,0,1,0,0,0,0,0,1,6,2,27,6,9400,2,12,9,3,9
2017471706852,1,5,0,18,0,0,1,0,0,0,1,1,6,1,27,6,-1,-1,-1,2,1,2
2017471706852,2,9,0,4,0,0,0,0,0,0,2,2,6,1,21,5,2179,2,10,2,1,2
2017471706852,3,9,0,14,0,0,0,0,0,0,0,1,6,1,57,9,1461,2,2,4,1,4
2017471706853,1,9,0,5,0,3,0,0,0,0,1,1,1,1,17,4,1360,1,11,9,1,9
2017471706853,2,1,0,18,0,3,0,0,0,0,4,1,6,1,24,5,-1,-1,-1,1,1,1
2017471706854,1,9,0,18,0,0,0,0,7,10,1,1,2,1,18,4,1968,2,4,6,3,6
2017471706854,2,9,0,3,0,0,0,0,0,0,0,1,1,1,30,6,-1,-1,-1,-1,-1,-1
2017471706856,1,3,0,5,0,1,0,0,0,0,0,1,1,1,22,5,124,1,2,3,1,3
2017471706857,1,9,0,17,0,0,0,0,0,0,3,1,6,1,61,9,999,1,2,9,1,9
2017471706857,2,9,0,16,0,0,0,0,1,0,3,1,6,1,61,9,1242,1,4,10,3,10
2017471706858,1,17,0,18,0,0,0,0,0,0,0,1,6,1,57,9,4525,2,4,8,3,8
2017471706858,2,16,0,18,0,0,0,0,0,0,0,1,6,1,46,8,-1,-1,-1,5,3,5
2017471706861,1,1,0,9,0,5,0,0,0,0,3,1,2,1,33,6,-1,-1,-1,7,1,7
2017471706861,2,11,0,18,0,8,0,0,0,0,1,2,1,1,51,8,6700,2,6,6,1,6
2017471706863,1,9,0,7,0,8,0,0,0,0,1,1,6,2,17,4,998,1,5,9,1,9
2017471706863,2,1,0,18,4,1,0,0,0,0,4,1,6,2,28,6,-1,-1,-1,6,1,6
2017471706864,1,5,0,16,0,0,0,0,7,0,1,1,6,1,50,8,999,1,1,10,3,10
2017471706864,2,9,0,17,0,0,0,0,0,0,3,1,6,1,42,7,1598,2,4,10,1,10
2017471706865,1,9,0,18,0,4,2,10,0,1,4,1,6,2,42,7,1870,2,9,4,1,4
2017471706866,1,9,0,7,4,5,0,0,0,0,4,1,6,1,60,9,1985,1,16,5,1,5
2017471706866,2,1,0,17,4,8,0,0,0,0,3,1,6,2,50,8,-1,-1,-1,5,1,5
2017471706867,1,9,0,18,0,1,0,0,0,0,1,1,6,1,35,6,-1,-1,-1,3,1,3
2017471706867,2,9,0,2,6,1,0,0,1,0,3,1,6,1,33,6,1796,1,4,7,1,7
2017471706868,1,9,0,12,0,6,0,0,0,0,3,1,6,1,66,10,1329,1,2,10,1,10
2017471706868,2,4,0,4,0,1,1,0,0,0,1,1,6,1,35,6,599,1,14,1,1,1
2017471706870,1,9,0,18,0,8,0,0,0,0,1,1,6,1,63,9,-1,3,3,8,3,8
2017471706870,2,9,0,18,0,8,0,0,0,0,3,1,6,1,73,10,1599,1,41,5,3,5
2017471706871,1,9,0,18,0,0,1,12,7,0,1,1,1,2,54,8,1598,1,6,6,2,6
2017471706872,1,9,0,16,0,0,0,0,7,0,3,1,6,2,70,10,1498,1,11,10,1,10
2017471706872,2,9,0,17,0,0,0,0,0,0,3,1,6,2,49,8,1360,1,5,6,1,6
2017471706872,3,9,0,16,0,0,0,0,0,0,2,1,6,1,31,6,1896,2,16,4,1,4
2017471706876,1,9,0,15,0,0,5,0,1,9,1,1,6,1,23,5,1796,1,11,10,1,10
2017471706876,2,9,0,18,0,0,0,0,0,0,2,1,6,2,36,7,1968,2,10,4,1,4
2017471706877,1,2,0,17,0,1,1,0,0,0,0,1,6,1,16,4,49,1,12,-1,-1,-1
2017471706878,1,9,0,4,0,0,0,0,0,0,1,1,6,1,55,8,1984,1,5,7,3,7
2017471706878,2,9,0,4,0,0,0,0,0,0,2,1,2,1,52,8,1396,1,8,7,1,7
2017471706881,1,9,0,18,0,1,0,0,0,0,4,1,6,1,40,7,1200,1,1,3,1,3
2017471706881,2,3,0,18,0,1,0,0,0,0,1,1,6,1,40,7,124,1,2,4,1,4
2017471706887,1,9,0,2,0,2,0,0,0,0,3,1,6,1,30,6,1995,2,11,-1,-1,-1
2017471706887,2,1,0,14,0,2,0,0,0,0,1,1,6,1,39,7,-1,-1,-1,3,1,3
2017471706891,1,19,0,6,0,1,0,0,0,0,3,1,1,1,26,6,1399,2,9,9,1,9
2017471706891,2,9,0,18,0,1,0,0,0,0,1,1,6,2,35,6,2198,2,3,7,1,7
2017471706892,1,9,0,9,0,2,0,0,0,0,1,1,6,2,84,11,1596,1,14,6,1,6
2017471706892,2,9,0,18,0,2,0,0,0,0,4,1,6,1,44,7,1360,1,12,7,1,7
2017471706892,3,9,0,2,6,1,0,0,0,0,3,1,6,3,-1,-1,1997,2,5,-1,-1,-1
2017471706892,4,9,0,2,6,1,0,0,0,0,1,1,6,3,-1,-1,2171,1,14,-1,-1,-1
2017471706894,1,9,0,15,0,1,0,0,0,0,3,1,6,1,30,6,1600,1,13,6,1,6
2017471706894,2,1,0,18,0,2,0,0,0,0,1,1,6,1,44,7,-1,-1,-1,8,1,8
2017471706897,1,9,0,9,0,5,0,0,0,0,2,1,6,1,-1,-1,1896,2,14,5,1,5
2017471706897,2,9,0,18,0,1,0,0,0,0,1,1,6,1,34,6,1999,1,12,6,1,6
2017471706900,1,9,0,18,0,8,0,0,0,0,1,1,6,1,28,6,2993,2,1,3,1,3
2017471706900,2,9,0,10,0,8,0,0,0,0,2,1,6,2,68,10,1798,1,8,6,2,6
2017471706902,1,9,0,7,0,8,0,0,0,0,1,1,6,2,33,6,1598,1,11,1,1,1
2017471706902,2,9,0,18,0,8,0,0,0,0,1,1,6,1,33,6,1590,1,18,8,1,8
2017471706904,1,1,0,7,0,6,0,0,0,0,1,1,4,1,58,9,-1,-1,-1,4,1,4
2017471706904,2,9,0,18,0,8,0,0,0,0,1,1,2,1,65,9,2496,1,14,5,1,5
2017471706905,1,3,0,18,0,8,0,0,0,0,1,1,1,1,29,6,125,1,-1,4,1,4
2017471706906,1,9,0,9,0,1,0,0,0,0,1,1,6,2,78,11,1390,1,16,3,1,3
2017471706906,2,5,0,18,0,1,0,0,0,0,1,1,6,1,38,7,803,1,-1,2,1,2
2017471706907,1,9,0,17,0,0,1,0,7,4,1,1,2,1,31,6,1596,1,9,5,1,5
2017471706909,1,9,0,7,0,2,0,0,0,0,1,1,2,2,45,7,2298,1,20,3,1,3
2017471706915,1,9,0,1,0,1,0,0,0,0,2,1,6,2,40,7,-1,-1,-1,8,1,8
2017471706916,1,9,0,18,0,0,0,0,0,0,3,1,6,2,48,8,1499,1,2,8,1,8
2017471706917,1,9,0,5,0,8,0,0,0,0,3,1,6,2,70,10,-1,-1,-1,-1,-1,-1
2017471706918,1,9,0,17,0,0,2,0,2,10,1,1,6,1,83,11,1796,1,13,8,1,8
2017471706918,2,9,0,16,0,0,0,0,1,0,0,1,6,2,41,7,2993,2,3,6,3,6
2017471706919,1,19,0,9,0,8,0,0,0,0,1,1,6,1,45,7,2874,2,18,7,3,7
2017471706919,2,9,0,9,0,8,0,0,0,0,2,1,6,1,70,10,999,1,1,-1,-1,-1
2017471706922,1,9,0,5,0,8,0,0,0,0,3,1,6,1,62,9,1461,2,3,7,1,7
2017471706922,2,1,0,18,0,8,0,0,0,0,4,1,6,1,53,8,-1,-1,-1,9,1,9
2017471706928,1,9,0,12,0,0,0,0,0,0,3,1,1,1,30,6,2497,2,12,9,1,9
2017471706928,2,4,0,18,0,0,0,0,0,0,4,1,6,1,24,5,286,1,2,8,1,8
2017471706931,1,9,0,9,0,6,0,0,0,0,4,1,6,2,29,6,1598,1,12,4,1,4
2017471706931,2,1,0,18,0,1,0,0,0,0,1,1,6,1,40,7,-1,-1,-1,4,1,4
2017471706932,1,8,0,18,0,0,0,0,0,0,1,1,1,1,51,8,1598,2,2,9,1,9
2017471706932,2,9,0,3,0,0,0,0,0,0,2,1,6,1,45,7,1360,1,6,6,1,6
2017471706932,3,9,0,4,0,0,0,0,0,0,0,1,6,1,-1,-1,-1,-1,-1,-1,-1,-1
2017471706933,1,21,0,18,0,1,1,0,0,0,1,1,1,1,59,9,5880,2,12,5,3,5
2017471706933,2,9,0,10,0,1,0,0,0,0,2,1,6,1,64,9,2967,2,3,9,3,9
2017471706934,1,9,0,1,0,0,0,0,0,11,2,1,6,1,83,11,1796,1,11,10,1,10
2017471706935,1,9,0,18,0,8,0,0,0,0,4,1,2,2,26,6,1499,1,-1,1,1,1
2017471706938,1,9,0,18,0,0,1,4,0,11,1,1,6,1,25,5,1985,1,16,-1,-1,-1
2017471706938,2,9,0,2,0,0,0,0,7,0,2,1,6,3,-1,-1,1598,2,3,-1,-1,-1
2017471706940,1,19,0,9,0,8,0,0,0,0,1,1,2,1,48,8,1560,2,2,9,1,9
2017471706943,1,9,0,7,0,4,0,0,0,0,4,1,6,1,-1,-1,1598,1,10,5,1,5
2017471706943,2,1,0,18,0,8,0,0,0,0,4,1,2,1,45,7,-1,-1,-1,5,1,5
2017471706946,1,2,0,15,0,4,0,0,0,0,1,1,6,1,18,4,49,1,6,6,1,6
2017471706946,2,9,0,5,0,4,0,0,0,0,1,1,6,2,81,11,998,1,2,7,1,7
2017471706947,1,9,0,4,9,0,0,0,1,0,4,1,6,1,60,9,2400,2,5,5,3,5
2017471706948,1,3,0,9,0,8,0,0,0,0,3,1,6,1,21,5,124,1,-1,2,1,2
2017471706948,2,9,0,9,0,8,0,0,0,0,4,1,6,1,79,11,1388,1,10,6,1,6
2017471706951,1,9,0,17,0,0,1,0,7,9,4,1,6,1,45,7,1798,1,14,10,1,10
2017471706951,2,9,0,16,0,0,0,0,0,0,1,1,6,1,46,8,1997,1,13,9,1,9
2017471706952,1,9,0,18,0,0,1,0,2,3,1,1,6,1,23,5,1242,1,14,6,1,6
2017471706952,2,9,0,18,0,0,0,0,0,0,3,1,2,2,46,8,1968,2,2,9,1,9
2017471706955,1,9,0,18,0,0,5,0,2,11,4,1,6,2,26,6,1587,1,13,4,2,4
2017471706955,2,21,1,18,0,0,0,0,0,0,1,1,1,1,57,9,11705,2,8,1,1,1
2017471706956,1,1,0,18,5,8,0,0,0,0,1,1,2,1,42,7,-1,-1,-1,8,1,8
2017471706956,2,9,0,18,5,8,0,0,0,0,3,1,6,2,48,8,1910,2,11,3,1,3
2017471706959,1,5,0,14,0,0,0,4,0,0,4,1,6,1,25,5,599,1,19,9,3,9
2017471706959,2,9,0,2,0,0,0,0,0,0,3,1,6,3,-1,-1,1229,1,6,-1,-1,-1
2017471706959,3,5,0,14,0,0,0,0,0,0,4,1,6,1,29,6,1300,1,5,6,1,6
2017471706960,1,9,0,17,0,0,0,0,0,0,1,1,6,1,29,6,-1,-1,-1,2,1,2
2017471706960,2,9,0,16,0,0,0,0,0,0,1,1,6,1,25,5,1390,1,7,10,1,10
2017471706961,1,9,0,1,0,0,0,0,0,0,2,1,1,2,40,7,1240,1,13,-1,-1,-1
2017471706963,1,9,0,18,0,1,0,0,0,0,1,1,6,1,70,10,1997,2,15,-1,-1,-1
2017471706963,2,9,0,18,0,1,0,0,0,0,2,1,6,2,27,6,1596,1,14,7,1,7
2017471706966,1,9,0,9,0,8,0,0,0,0,1,1,1,1,30,6,1995,2,1,4,1,4
2017471706966,2,9,0,18,0,2,0,0,0,0,4,1,3,1,55,8,1910,2,11,7,1,7
2017471706967,1,19,0,2,0,1,0,0,0,0,1,1,1,1,50,8,1248,2,4,6,1,6
2017471706967,2,8,0,18,0,1,0,0,0,0,3,1,6,1,49,8,1299,1,16,9,1,9
2017471706968,1,9,0,4,0,1,0,0,0,0,1,1,6,2,40,7,1896,2,15,8,3,8
2017471706968,2,9,0,3,0,1,0,0,0,0,2,1,6,1,43,7,2143,2,1,8,1,8
2017471706971,1,9,0,18,0,4,0,0,0,0,1,1,6,1,57,9,2664,2,13,10,3,10
2017471706971,2,9,0,9,0,3,0,0,0,0,1,1,6,1,72,10,1995,2,2,4,1,4
2017471706972,1,9,0,18,0,0,0,0,0,0,1,1,6,2,44,7,1997,1,2,10,3,10
2017471706972,2,9,0,3,0,0,0,0,0,0,2,1,6,2,45,7,1995,2,12,10,3,10
2017471706972,3,17,0,2,0,0,0,0,0,0,2,1,6,3,-1,-1,-1,-1,-1,-1,-1,-1
2017471706974,1,1,0,9,0,2,0,0,0,0,1,1,2,1,35,6,-1,-1,-1,5,1,5
2017471706974,2,9,0,3,0,2,0,0,0,0,3,1,2,1,32,6,1798,8,4,4,1,4
2017471706975,1,19,0,9,0,6,0,0,0,0,1,1,1,1,35,6,1753,2,14,8,3,8
2017471706975,2,9,0,18,0,1,0,0,0,0,3,1,6,1,48,8,1769,1,15,8,1,8
2017471706980,1,9,0,18,0,0,0,0,0,0,1,1,6,1,72,10,1999,2,-1,6,3,6
2017471706980,2,21,1,2,0,0,0,0,0,0,2,1,1,1,43,7,11705,2,9,10,1,10
2017471706981,1,9,0,18,0,1,0,0,0,0,1,1,6,1,78,11,1248,2,11,5,3,5
2017471706981,2,9,0,4,0,1,0,0,0,0,2,1,6,3,-1,-1,-1,-1,-1,-1,-1,-1
2017471706984,1,9,0,18,0,0,0,0,0,0,1,1,6,1,64,9,1596,1,8,4,1,4
2017471706984,2,11,0,2,0,0,0,0,0,0,0,1,1,1,60,9,3900,2,11,4,1,4
2017471706985,1,9,0,16,0,0,0,0,7,11,1,1,6,2,52,8,1598,1,10,6,3,6
2017471706985,2,9,0,16,0,0,0,0,0,0,2,1,6,2,61,9,1598,2,5,9,2,9
2017471706988,1,9,0,9,0,4,0,0,0,0,1,1,6,2,64,9,1598,1,7,8,3,8
2017471706988,2,9,0,9,0,4,0,0,0,0,2,1,6,2,63,9,998,1,7,6,3,6
2017471706989,1,9,0,3,0,1,0,0,0,0,1,1,6,2,40,7,898,1,-1,4,1,4
2017471706989,2,9,0,3,0,1,0,0,0,0,2,1,6,1,39,7,2143,2,4,4,1,4
2017471706993,1,9,0,9,0,8,0,0,0,0,1,1,2,2,22,5,1248,1,8,10,1,10
2017471706993,2,9,0,18,0,8,0,0,0,0,1,1,2,2,49,8,1339,1,3,3,1,3
2017471706994,1,9,0,18,0,1,0,0,0,0,1,1,6,1,18,4,1390,1,14,8,1,8
2017471706994,2,9,0,18,0,1,0,0,7,10,1,1,6,2,40,7,1596,1,8,6,1,6
2017471706994,3,9,0,2,9,1,0,0,0,0,1,1,6,3,-1,-1,-1,-1,-1,-1,-1,-1
2017471706995,1,9,0,18,0,5,0,0,0,0,1,1,6,1,26,6,1896,2,10,4,1,4
2017471706995,2,9,0,18,0,5,0,0,0,0,2,1,6,1,56,9,1910,2,9,6,1,6
2017471706996,1,9,0,18,0,0,0,0,1,11,4,1,6,1,23,5,1984,2,5,4,1,4
2017471706998,1,9,0,17,0,0,0,0,1,4,1,1,2,2,22,5,1240,1,12,6,3,6
2017471707002,1,9,0,18,0,1,0,0,0,0,1,1,2,2,33,6,1997,1,13,7,1,7
2017471707002,2,9,0,5,0,1,0,0,0,0,2,1,6,2,22,5,1242,1,4,8,1,8
2017471707005,1,8,0,18,0,0,0,0,0,0,1,1,1,1,43,7,1797,8,7,6,1,6
2017471707006,1,8,0,9,0,5,0,0,0,0,3,1,1,1,26,6,1598,2,2,8,1,8
2017471707006,2,1,0,8,0,8,0,0,0,0,1,1,6,2,23,5,-1,-1,-1,8,1,8
2017471707007,1,9,0,16,0,0,1,0,0,0,1,1,6,2,42,7,1198,1,3,9,1,9
2017471707007,2,9,0,17,0,0,0,0,1,0,1,1,6,1,60,9,2597,1,16,4,1,4
2017471707009,1,9,0,16,0,0,1,0,7,11,1,1,2,1,36,7,1598,1,16,-1,-1,-1
2017471707009,2,9,0,17,0,0,0,0,0,0,3,1,2,1,58,9,1248,2,5,6,1,6
2017471707011,1,8,0,5,0,8,0,0,0,0,0,1,1,3,-1,-1,-1,-1,-1,-1,-1,-1
2017471707012,1,9,0,18,0,0,0,0,1,0,1,1,6,1,51,8,2499,1,7,10,1,10