Accident_Index,Vehicle_Reference,Vehicle_Type,Towing_and_Articulation,Vehicle_Manoeuvre,Vehicle_Location-Restricted_Lane,Junction_Location,Skidding_and_Overturning,Hit_Object_in_Carriageway,Vehicle_Leaving_Carriageway,Hit_Object_off_Carriageway,1st_Point_of_Impact,Was_Vehicle_Left_Hand_Drive?,Journey_Purpose_of_Driver,Sex_of_Driver,Age_of_Driver,Age_Band_of_Driver,Engine_Capacity_(CC),Propulsion_Code,Age_of_Vehicle,Driver_IMD_Decile,Driver_Home_Area_Type,Vehicle_IMD_Decile
2017471707012,2,9,0,18,0,0,0,0,0,0,4,1,6,2,23,5,1242,1,2,8,1,8
2017471707012,3,9,0,18,0,0,0,0,0,0,1,1,6,1,59,9,1396,1,7,2,1,2
2017471707013,1,9,0,6,0,2,0,0,0,0,0,1,1,1,27,6,999,1,1,2,1,2
2017471707013,2,5,0,18,0,2,0,0,0,0,0,1,6,1,37,7,599,1,11,3,1,3
2017471707014,1,9,0,18,0,0,0,0,0,0,1,1,6,1,26,6,999,1,11,8,1,8
2017471707014,2,19,0,11,0,0,0,0,0,0,2,1,2,1,43,7,2198,2,3,3,1,3
2017471707014,3,9,0,18,0,0,0,0,0,0,0,1,6,3,-1,-1,1368,1,9,-1,-1,-1
2017471707018,1,9,0,9,0,4,0,0,0,0,1,1,6,2,71,10,1618,1,2,5,3,5
2017471707018,2,9,0,18,0,4,0,0,0,0,4,1,6,1,57,9,1242,1,5,8,3,8
2017471707019,1,9,0,18,0,1,1,10,4,0,4,1,6,1,19,4,1229,1,4,9,2,9
2017471707021,1,3,0,5,0,4,1,0,0,0,4,1,2,2,27,6,124,1,-1,2,1,2
2017471707023,1,9,0,18,0,0,0,4,0,0,1,1,6,1,81,11,1598,1,13,4,1,4
2017471707023,2,20,5,2,0,0,0,0,0,0,2,1,1,1,40,7,2998,2,4,7,1,7
2017471707023,3,9,0,2,0,0,0,0,0,0,2,1,6,1,46,8,2435,1,13,9,1,9
2017471707024,1,9,0,17,0,0,0,0,2,11,3,1,6,1,20,4,1198,1,13,9,1,9
2017471707034,1,9,0,18,0,1,0,0,0,0,1,1,2,1,32,6,1560,2,2,3,1,3
2017471707034,2,9,0,10,0,1,0,0,0,0,2,1,6,1,54,8,1910,2,8,9,3,9
2017471707034,3,8,0,18,0,1,0,0,0,0,1,1,1,1,53,8,1997,2,6,10,1,10
2017471707036,1,19,0,18,0,0,1,0,0,0,1,1,1,1,30,6,2198,2,3,-1,-1,-1
2017471707036,2,1,0,18,0,0,0,0,0,0,2,1,6,1,30,6,-1,-1,-1,6,2,6
2017471707038,1,9,0,9,0,6,0,0,0,0,3,2,6,1,45,7,-1,-1,-1,-1,-1,-1
2017471707040,1,9,0,9,0,8,0,0,0,0,1,1,6,1,42,7,1686,2,15,4,1,4
2017471707040,2,9,0,5,0,1,0,0,0,0,1,1,6,1,17,4,1390,1,13,4,1,4
2017471707042,1,9,0,18,0,8,0,0,0,0,1,1,6,1,52,8,1395,1,5,4,1,4
2017471707049,1,8,0,9,0,6,0,0,0,0,1,1,1,1,63,9,1560,2,7,1,1,1
2017471707049,2,9,0,18,0,1,0,0,0,0,1,1,6,1,37,7,1360,1,14,1,1,1
2017471707049,3,9,0,18,0,1,0,0,0,0,1,1,6,2,21,5,1242,1,7,10,2,10
2017471707053,1,9,0,6,0,8,0,0,0,0,3,1,3,1,43,7,1995,2,3,8,1,8
2017471707053,2,5,0,13,0,8,0,0,0,0,4,1,2,1,44,7,781,1,18,4,1,4
2017471707061,1,9,0,18,0,8,0,0,0,0,1,1,6,3,30,6,1596,1,16,-1,-1,-1
2017471707061,2,9,0,3,0,2,0,0,0,0,2,1,6,2,50,8,2902,2,11,3,1,3
2017471707063,1,9,0,12,0,1,0,0,0,0,3,1,6,1,46,8,1968,2,2,10,2,10
2017471707063,2,5,0,18,0,1,0,0,0,0,1,1,6,1,46,8,998,1,10,4,1,4
2017471707066,1,9,0,4,0,0,0,0,0,0,1,1,2,1,58,9,1364,1,-1,5,1,5
2017471707066,2,9,0,3,0,0,0,0,0,0,2,1,6,2,67,10,2000,2,12,9,2,9
2017471707067,1,9,0,18,0,1,0,0,0,0,3,1,6,1,76,11,1794,1,13,6,2,6
2017471707067,2,1,0,18,0,8,0,0,0,0,1,1,6,1,39,7,-1,-1,-1,4,1,4
2017471707068,1,20,0,12,0,0,0,0,0,0,0,1,1,3,-1,-1,-1,-1,-1,-1,-1,-1
2017471707068,2,20,0,18,0,0,0,0,0,0,1,1,6,1,68,10,-1,-1,-1,3,1,3
2017471707068,3,9,0,18,0,0,0,0,0,0,2,1,6,1,32,6,1596,1,1,4,1,4
2017471707068,4,9,0,18,0,0,0,0,0,0,2,1,6,2,36,7,1248,1,8,8,1,8
2017471707069,1,9,0,18,0,1,0,0,0,0,1,1,6,2,19,4,1198,1,-1,6,1,6
2017471707069,2,19,0,18,0,1,0,0,0,0,2,1,6,1,35,6,2198,2,6,5,1,5
2017471707070,1,9,0,18,0,1,0,0,0,0,1,1,6,2,30,6,1364,1,-1,4,1,4
2017471707070,2,19,0,3,0,1,0,0,0,0,2,1,6,1,36,7,2198,2,9,10,1,10
2017471707070,3,9,0,9,0,8,0,0,0,0,0,1,6,1,30,6,-1,-1,-1,-1,-1,-1
2017471707072,1,9,0,18,0,8,0,0,0,0,1,1,6,2,73,10,1499,1,2,8,2,8
2017471707072,2,9,0,4,0,8,0,0,0,0,2,1,6,2,63,9,998,1,6,8,1,8
2017471707072,3,9,0,4,0,8,0,0,0,0,2,1,6,2,57,9,1968,2,5,6,1,6
2017471707072,4,9,0,9,0,8,0,0,0,0,0,1,6,1,21,5,-1,-1,-1,-1,-1,-1
2017471707075,1,20,0,13,0,8,0,0,0,0,4,1,1,1,60,9,3920,2,10,5,1,5
2017471707075,2,1,0,18,0,8,0,0,0,0,3,1,2,1,36,7,-1,-1,-1,5,1,5
2017471707076,1,9,0,9,0,8,0,0,0,0,1,1,2,2,43,7,1796,1,13,7,1,7
2017471707076,2,9,0,18,0,8,0,0,0,0,1,1,2,1,38,7,4799,1,9,4,1,4
2017471707076,3,9,0,7,0,2,0,0,0,0,0,1,6,1,30,6,-1,-1,-1,-1,-1,-1
2017471707078,1,9,0,18,0,0,0,0,0,0,1,1,3,1,42,7,1388,1,10,6,1,6
2017471707081,1,9,0,5,0,1,0,0,0,0,1,1,6,1,57,9,-1,-1,-1,4,1,4
2017471707083,1,9,0,18,0,0,0,0,1,4,1,1,6,1,17,4,1149,1,14,9,2,9
2017471707084,1,20,0,18,0,8,0,0,1,1,3,1,1,1,34,6,-1,-1,-1,8,1,8
2017471707084,2,19,0,3,0,8,0,0,0,0,4,1,1,1,33,6,2198,2,3,7,1,7
2017471707085,1,9,0,18,0,1,0,0,0,0,1,1,2,2,40,7,1596,1,6,8,1,8
2017471707088,1,9,0,5,0,8,0,0,1,11,1,1,6,1,17,4,1598,1,10,8,1,8
2017471707088,2,9,0,18,0,8,0,0,7,11,1,1,6,2,32,6,1686,2,4,5,1,5
2017471707090,1,9,0,18,0,8,0,0,0,0,1,1,2,1,61,9,998,1,18,6,1,6
2017471707097,1,9,0,2,0,0,0,0,0,0,0,1,6,2,94,11,1948,1,19,8,3,8
2017471707097,2,9,0,18,0,0,0,0,0,0,2,1,6,2,54,8,1396,2,4,10,1,10
2017471707097,3,9,0,18,0,0,1,0,0,0,1,1,6,1,30,6,1360,1,11,4,1,4
2017471707097,4,9,0,18,0,0,1,0,0,0,4,1,6,1,42,7,1595,1,9,9,3,9
2017471707097,5,9,0,18,0,0,0,0,0,0,2,1,6,2,28,6,1910,2,9,8,1,8
2017471707097,6,9,0,18,0,0,1,0,0,0,1,1,6,1,26,6,1994,2,9,6,1,6
2017471707101,1,5,0,18,0,1,1,0,0,0,1,1,6,1,45,7,599,1,16,8,1,8
2017471707101,2,9,0,3,0,1,0,0,0,0,3,1,2,2,44,7,1242,1,7,2,1,2
2017471707102,1,4,0,18,0,1,0,0,0,0,1,1,6,2,43,7,125,1,-1,2,1,2
2017471707102,2,9,0,4,0,1,0,0,0,0,2,1,6,2,45,7,1598,1,11,10,1,10
2017471707103,1,9,0,11,0,1,0,0,0,0,4,1,6,1,52,8,3000,1,7,6,1,6
2017471707103,2,9,0,3,0,1,0,0,0,0,3,1,6,2,46,8,1984,1,13,8,1,8
2017471707104,1,9,0,18,0,3,0,0,0,0,1,1,6,1,59,9,1560,2,10,3,1,3
2017471707104,2,1,0,18,0,3,0,0,0,0,2,1,6,1,90,11,-1,-1,-1,5,1,5
2017471707107,1,9,0,18,0,1,0,0,0,0,1,1,2,1,39,7,1396,1,17,5,1,5
2017471707107,2,19,0,4,0,1,0,0,0,0,2,1,2,1,49,8,2198,2,6,8,1,8
2017471707107,3,9,0,4,0,1,0,0,0,0,2,1,1,1,39,7,1499,2,1,6,1,6
2017471707109,1,8,0,5,0,8,0,0,0,0,1,1,6,1,45,7,1598,2,5,3,1,3
2017471707109,2,1,0,18,0,8,0,0,0,0,4,1,2,2,29,6,-1,-1,-1,4,1,4
2017471707110,1,9,0,18,0,0,0,0,0,0,1,1,2,2,30,6,1496,2,-1,9,1,9
2017471707110,2,9,0,4,0,0,0,0,0,0,2,1,6,1,54,8,1956,2,7,2,1,2
2017471707110,3,8,0,3,0,0,0,0,0,0,2,1,1,1,55,8,1956,2,3,9,1,9
2017471707112,1,9,0,1,0,0,0,4,0,0,4,1,2,1,61,9,1200,1,14,10,1,10
2017471707112,2,9,0,2,0,0,0,0,0,0,3,1,6,2,37,7,1968,2,8,10,1,10
2017471707114,1,9,5,13,0,0,0,0,0,0,3,1,6,3,-1,-1,-1,-1,-1,-1,-1,-1
2017471707114,2,9,0,18,0,0,0,0,0,0,0,1,6,3,30,6,-1,-1,-1,-1,-1,-1
2017471707116,1,19,0,12,0,6,0,0,0,0,3,1,1,1,69,10,2299,2,-1,10,1,10
2017471707116,2,1,0,18,0,8,0,0,0,0,4,1,2,1,48,8,-1,-1,-1,5,1,5
2017471707117,1,9,0,18,0,1,0,0,0,0,1,1,6,1,45,7,1999,1,10,6,3,6
2017471707117,2,9,0,18,0,1,0,0,0,0,1,1,6,2,19,4,1329,1,7,9,2,9
2017471707121,1,9,0,18,0,0,0,0,0,0,3,1,6,3,-1,-1,-1,-1,-1,-1,-1,-1
2017471707121,2,21,0,2,0,0,0,0,0,0,0,1,1,3,-1,-1,-1,-1,-1,-1,-1,-1
2017471707124,1,9,0,9,0,6,0,0,0,0,1,1,1,1,22,5,1910,2,11,1,1,1
2017471707124,2,9,0,18,0,8,0,0,0,0,1,1,6,1,28,6,1360,1,11,2,1,2
2017471707126,1,9,0,9,0,6,0,0,0,0,0,1,6,3,40,7,-1,-1,-1,-1,-1,-1
2017471707126,2,3,0,18,0,1,0,0,0,0,0,1,6,1,18,4,124,1,2,7,1,7
2017471707128,1,9,0,9,0,8,0,0,0,0,4,1,6,1,75,10,1999,1,15,4,1,4
2017471707128,2,5,0,14,0,1,1,0,0,0,1,1,6,1,28,6,865,1,1,6,1,6
2017471707128,3,19,0,4,0,1,0,0,0,0,0,1,6,1,43,7,1896,2,10,8,1,8
2017471707133,1,4,0,14,0,0,1,0,0,0,1,1,6,1,45,7,-1,-1,-1,-1,-1,-1
2017471707133,2,21,0,3,0,0,0,0,0,0,2,1,6,1,45,7,-1,-1,-1,3,1,3
2017471707133,3,11,0,14,0,0,0,0,0,0,0,1,1,1,32,6,9000,2,11,2,1,2
2017471707135,1,9,0,9,0,8,0,0,0,0,1,1,6,1,80,11,1461,2,10,8,1,8
2017471707135,2,4,0,18,0,8,0,0,0,0,1,1,6,1,43,7,125,1,1,7,3,7
2017471707136,1,9,0,9,0,8,0,0,0,0,1,1,6,1,35,6,2199,2,6,8,1,8
2017471707136,2,9,0,18,0,8,1,0,2,10,3,1,2,1,39,7,1999,1,2,6,1,6
2017471707136,3,9,0,3,0,1,0,0,1,9,1,1,2,1,21,5,1198,1,9,10,2,10
2017471707136,4,9,0,18,0,1,0,0,0,0,1,1,2,1,53,8,2993,2,5,9,2,9
2017471707137,1,9,0,18,0,0,0,4,0,0,1,1,6,2,29,6,998,1,14,9,2,9
2017471707137,2,21,1,2,6,0,0,0,0,0,2,1,1,1,40,7,12809,2,-1,8,1,8
2017471707138,1,9,0,4,0,1,0,0,0,0,1,1,6,1,31,6,1997,2,13,5,1,5
2017471707138,2,9,0,4,0,1,0,0,0,0,2,1,6,1,46,8,1956,2,7,4,1,4
2017471707139,1,1,0,18,0,8,0,0,0,0,1,1,6,1,24,5,-1,-1,-1,1,1,1
2017471707139,2,1,0,18,0,8,0,0,0,0,1,1,6,1,-1,-1,-1,-1,-1,-1,-1,-1
2017471707142,1,9,0,18,0,1,0,0,0,0,1,1,6,1,30,6,-1,-1,-1,-1,-1,-1
2017471707142,2,9,0,3,0,1,0,0,0,0,2,1,6,2,80,11,1329,1,5,6,1,6
2017471707143,1,19,0,1,0,0,0,0,0,0,2,1,1,1,27,6,2143,2,1,2,1,2
2017471707144,1,9,0,18,0,0,1,0,1,10,1,1,6,1,33,6,1999,1,2,5,3,5
2017471707145,1,9,0,18,0,0,2,0,1,0,1,1,6,1,52,8,-1,-1,-1,4,1,4
2017471707149,1,9,0,16,0,0,1,0,0,0,1,1,6,2,31,6,1796,1,8,-1,-1,-1
2017471707149,2,9,0,17,0,0,0,0,0,0,1,1,6,1,66,10,2987,2,-1,6,3,6
2017471707150,1,9,0,17,0,0,2,0,1,1,1,1,2,2,39,7,998,1,2,5,2,5
2017471707152,1,9,0,18,0,0,1,0,1,11,1,1,6,2,80,11,1389,1,12,8,3,8
2017471707153,1,4,0,16,0,0,1,0,0,0,1,1,1,1,20,4,471,1,3,8,1,8
2017471707153,2,9,0,17,0,0,0,0,0,0,1,1,2,1,73,10,1595,1,11,8,1,8
2017471707155,1,9,0,18,0,1,0,0,0,0,1,1,6,3,-1,-1,-1,-1,-1,-1,-1,-1
2017471707155,2,9,0,3,0,1,0,0,0,0,2,1,6,1,35,6,1596,1,8,7,1,7
2017471707156,1,9,0,7,1,2,0,0,0,0,1,1,6,1,18,4,1368,1,8,4,1,4
2017471707156,2,9,0,18,1,1,0,0,0,0,1,1,6,1,40,7,1997,2,5,5,1,5
2017471707157,1,9,0,18,0,2,0,0,0,0,0,1,6,1,78,11,1390,1,14,6,1,6
2017471707157,2,5,0,18,0,2,1,0,0,0,0,1,6,1,47,8,1130,1,13,2,1,2
2017471707158,1,9,0,14,0,1,0,0,0,0,4,1,6,1,39,7,1395,1,-1,2,1,2
2017471707158,2,11,0,2,0,1,0,0,0,0,3,1,6,1,35,6,5132,2,1,3,1,3
2017471707159,1,9,0,9,0,8,0,0,0,0,3,1,6,2,25,5,1398,1,6,10,1,10
2017471707159,2,9,0,18,0,8,0,0,0,0,1,1,6,2,61,9,1598,1,10,10,2,10
2017471707161,1,3,0,18,0,1,0,0,0,0,1,1,6,1,27,6,125,1,-1,2,1,2
2017471707161,2,9,0,9,0,2,0,0,0,0,1,1,6,2,47,8,1461,2,1,5,1,5
2017471707161,3,9,0,18,0,1,0,0,0,0,0,1,6,2,48,8,1598,1,9,4,1,4
2017471707161,4,9,0,18,0,1,0,0,0,0,0,1,6,1,53,8,1560,2,-1,4,1,4
2017471707168,1,9,0,7,0,3,0,0,0,0,1,1,6,2,48,8,2231,2,11,8,1,8
2017471707169,1,9,0,17,0,5,0,0,2,2,1,1,6,1,24,5,1753,2,13,7,1,7
2017471707172,1,21,0,9,0,8,0,0,0,0,2,1,1,1,27,6,-1,-1,-1,2,1,2
2017471707172,2,9,0,13,0,8,0,0,1,0,1,1,6,1,31,6,1999,1,1,2,1,2
2017471707173,1,9,0,18,0,0,0,0,0,0,1,1,6,2,25,5,1560,2,3,-1,-1,-1
2017471707173,2,9,0,2,0,0,0,0,1,10,3,1,6,3,-1,-1,1248,1,-1,-1,-1,-1
2017471707176,1,9,0,1,0,0,0,0,0,0,2,1,1,1,49,8,1997,2,1,1,1,1
2017471707177,1,19,0,9,0,6,0,0,0,0,3,1,6,3,45,7,-1,-1,-1,-1,-1,-1
2017471707177,2,1,0,18,0,8,0,0,0,0,3,1,6,1,51,8,-1,-1,-1,8,1,8
2017471707178,1,9,0,16,0,0,0,0,0,0,3,1,6,1,26,6,999,1,1,6,1,6
2017471707178,2,20,0,17,0,0,0,0,0,0,4,1,1,1,34,6,7698,2,-1,4,2,4
2017471707180,1,90,0,18,0,1,0,0,0,0,4,1,6,1,49,8,-1,-1,-1,-1,-1,-1
2017471707183,1,9,0,17,0,0,0,0,0,0,1,1,6,2,29,6,1910,2,9,6,2,6
2017471707183,2,9,0,16,0,0,0,0,0,0,1,1,6,1,21,5,-1,-1,-1,6,2,6
2017471707184,1,9,0,18,0,0,0,0,0,0,1,1,6,2,41,7,1598,2,6,6,1,6
2017471707184,2,9,0,3,0,0,0,0,0,0,2,1,1,1,31,6,1598,1,8,5,1,5
2017471707184,3,9,0,3,0,0,0,0,0,0,2,1,6,2,40,7,1199,1,13,6,1,6
2017471707185,1,19,0,11,0,0,0,0,0,0,0,1,6,3,35,6,-1,-1,-1,-1,-1,-1
2017471707185,2,9,0,18,0,0,1,0,4,6,4,1,6,2,38,7,1798,1,10,8,1,8
2017471707186,1,9,0,18,0,4,0,0,0,0,3,1,1,1,54,8,1496,2,3,9,3,9
2017471707186,2,1,0,18,0,8,1,0,0,0,1,1,2,2,38,7,-1,-1,-1,3,1,3
2017471707187,1,19,0,9,0,8,0,0,0,0,1,1,2,1,35,6,2198,2,2,5,2,5
2017471707187,2,9,0,10,0,8,0,0,0,0,2,1,6,2,40,7,1390,1,17,9,1,9
2017471707188,1,9,0,18,0,0,0,0,0,0,1,1,1,1,37,7,1781,1,16,2,1,2
2017471707188,2,9,0,3,0,0,0,0,0,0,2,1,6,1,25,5,1686,2,16,4,1,4
2017471707188,3,9,0,3,0,0,0,0,0,0,2,1,6,2,32,6,1995,2,10,1,1,1
2017471707189,1,9,0,9,0,6,0,0,0,0,1,1,6,2,19,4,1390,1,6,8,3,8
2017471707189,2,9,0,18,0,1,0,0,0,0,1,1,6,2,38,7,1560,2,1,6,1,6
2017471707193,1,9,0,18,0,0,0,0,0,0,4,1,6,3,-1,-1,-1,-1,-1,-1,-1,-1
2017471707197,1,9,0,18,0,1,0,0,0,0,1,1,6,1,30,6,1329,1,5,-1,-1,-1
2017471707197,2,9,0,3,0,1,0,0,0,0,2,1,6,1,50,8,1995,2,1,5,1,5
2017471707199,1,9,0,18,0,0,0,0,8,4,1,1,1,2,36,7,1061,1,12,7,1,7
2017471707200,1,21,0,9,0,4,0,0,0,0,1,1,1,1,39,7,-1,-1,-1,7,2,7
2017471707200,2,9,0,3,0,4,0,0,0,0,2,1,2,2,39,7,1364,1,10,4,1,4
2017471707200,3,9,0,10,0,8,0,0,0,0,2,1,6,1,56,9,1496,1,2,9,2,9
2017471707202,1,8,0,9,0,8,0,0,0,0,1,1,6,1,30,6,1598,2,4,4,1,4
2017471707202,2,1,0,18,0,8,0,0,0,0,2,1,6,1,37,7,-1,-1,-1,9,1,9
2017471707204,1,9,0,5,0,3,0,0,0,0,1,1,6,1,30,6,-1,-1,-1,-1,-1,-1
2017471707204,2,1,0,18,0,3,0,0,0,0,1,1,6,2,51,8,-1,-1,-1,10,1,10
2017471707205,1,9,0,7,0,5,0,0,0,0,4,1,6,2,40,7,1560,2,7,7,1,7
2017471707205,2,1,0,18,0,1,0,0,0,0,3,1,1,1,48,8,-1,-1,-1,3,1,3
2017471707209,1,9,0,9,0,8,0,0,0,0,1,1,6,2,20,4,998,1,10,5,1,5
2017471707210,1,9,0,9,0,6,0,0,0,0,3,1,6,3,40,7,-1,-1,-1,-1,-1,-1
2017471707210,2,1,0,18,0,1,0,0,0,0,1,1,6,1,52,8,-1,-1,-1,4,1,4
2017471707216,1,9,0,18,0,1,0,0,0,0,1,1,6,1,46,8,1390,1,5,9,1,9
2017471707216,2,9,0,3,0,2,0,0,0,0,2,1,3,2,37,7,1796,1,9,6,1,6
2017471707216,3,9,0,10,0,1,0,0,0,0,0,1,6,3,40,7,-1,-1,-1,-1,-1,-1
2017471707219,1,19,0,7,0,6,0,0,0,0,1,1,6,1,-1,-1,1560,2,7,6,1,6
2017471707219,2,9,0,18,0,1,0,0,0,0,4,1,6,1,68,10,1998,1,-1,8,1,8
2017471707224,1,9,0,12,0,8,0,0,0,0,3,1,6,2,32,6,1686,2,6,3,1,3
2017471707224,2,9,0,18,0,1,0,0,0,0,1,1,2,2,28,6,1598,1,13,3,1,3
2017471707228,1,19,0,6,0,2,0,0,0,0,3,1,2,1,44,7,1870,2,13,4,1,4
2017471707228,2,9,0,15,0,2,0,0,0,0,1,1,2,1,21,5,1242,1,3,6,1,6
2017471707231,1,1,0,17,0,8,1,0,0,0,2,1,6,1,56,9,-1,-1,-1,10,1,10
2017471707232,1,9,0,17,0,1,1,0,1,0,1,1,6,1,17,4,1085,1,13,5,3,5
2017471707232,2,9,0,16,0,2,0,0,0,0,1,1,6,1,72,10,2993,2,2,8,1,8
2017471707234,1,9,0,14,0,1,0,0,7,11,3,1,6,2,26,6,1198,1,2,4,1,4
2017471707234,2,9,0,10,0,1,0,0,0,0,3,1,6,1,56,9,1989,1,18,1,1,1
2017471707234,3,19,0,3,0,1,0,0,0,0,0,1,6,1,40,7,-1,-1,-1,-1,-1,-1
2017471707235,1,9,0,18,0,0,0,0,0,0,1,1,6,1,18,4,1149,1,12,10,1,10
2017471707236,1,2,0,18,0,1,0,0,1,10,1,1,6,1,45,7,49,1,17,5,1,5
2017471707236,2,19,0,2,0,2,0,0,0,0,2,1,6,3,-1,-1,2148,2,11,-1,-1,-1
2017471707236,3,9,0,18,0,1,0,0,0,0,0,1,6,1,24,5,1229,1,10,8,1,8
2017471707237,1,9,0,17,0,0,0,0,1,0,3,1,6,1,85,11,998,1,2,8,1,8
2017471707237,2,9,0,16,0,0,0,0,0,0,3,1,6,2,65,9,1461,2,7,5,1,5
2017471707237,3,9,0,16,0,0,0,0,0,0,3,1,6,1,24,5,1999,1,12,3,1,3
2017471707241,1,9,0,18,0,4,0,0,0,0,1,1,2,1,60,9,1197,1,1,8,1,8
2017471707241,2,1,0,18,0,8,0,0,0,0,4,1,6,1,46,8,-1,-1,-1,4,1,4
2017471707244,1,5,0,16,0,0,0,10,7,0,4,1,2,1,51,8,1170,1,1,1,1,1
2017471707245,1,9,0,18,0,0,0,0,0,0,2,1,6,3,-1,-1,1587,1,15,-1,-1,-1
2017471707245,2,9,0,18,0,0,0,0,0,0,1,1,6,1,49,8,1398,1,1,1,1,1
2017471707246,1,9,0,18,0,8,0,0,0,0,1,1,6,2,30,6,-1,-1,-1,-1,-1,-1
2017471707247,1,9,0,9,0,5,0,0,0,0,1,1,6,3,-1,-1,-1,-1,-1,-1,-1,-1
2017471707251,1,9,0,5,0,4,0,0,0,0,1,1,6,1,67,10,1598,1,12,4,1,4
2017471707251,2,9,0,3,0,4,0,0,0,0,2,1,6,1,58,9,1598,2,-1,2,1,2
2017471707252,1,9,0,9,0,0,0,0,0,0,1,1,6,1,72,10,1560,2,4,6,1,6
2017471707252,2,1,0,18,0,0,0,0,0,0,1,1,6,1,44,7,-1,-1,-1,6,1,6
2017471707254,1,9,0,9,0,6,0,0,0,0,3,1,6,1,33,6,1968,2,9,4,1,4
2017471707254,2,9,0,18,0,1,0,0,0,0,1,1,6,1,59,9,1200,1,-1,5,1,5
2017471707255,1,5,0,13,0,0,0,0,0,0,4,1,6,1,52,8,-1,-1,-1,7,1,7
2017471707255,2,9,0,18,0,0,0,0,0,0,2,1,6,1,40,7,1398,1,-1,3,1,3
2017471707255,3,9,0,3,0,0,0,0,0,0,2,1,6,1,51,8,2993,2,4,7,1,7
2017471707256,1,9,0,18,0,0,0,0,0,0,1,1,6,1,63,9,1388,1,9,3,1,3
2017471707256,2,9,0,18,0,0,0,0,0,0,1,1,2,2,57,9,1999,1,8,10,1,10
2017471707256,3,9,0,18,0,0,0,0,0,0,1,1,2,1,22,5,1229,1,12,4,3,4
2017471707257,1,9,0,18,0,0,0,0,0,0,1,1,6,2,50,8,996,1,3,6,1,6
2017471707258,1,9,0,13,0,8,0,0,0,0,4,1,6,2,60,9,1400,1,12,9,1,9
2017471707258,2,1,0,9,0,8,0,0,0,0,3,1,2,1,72,10,-1,-1,-1,9,1,9
2017471707259,1,9,0,18,0,0,0,0,0,0,1,1,6,1,25,5,1229,1,7,3,1,3
2017471707259,2,9,0,4,0,0,0,0,0,0,2,1,6,2,34,6,1956,2,2,3,1,3
2017471707261,1,9,0,9,0,2,0,0,0,0,4,1,6,1,83,11,1197,1,2,10,1,10
2017471707261,2,9,0,18,0,8,0,0,1,11,3,1,6,2,32,6,1590,1,14,9,3,9
2017471707261,3,9,0,8,0,1,0,0,0,0,1,1,6,1,63,9,2231,2,7,9,1,9
2017471707264,1,11,0,7,2,8,0,0,0,0,0,1,6,2,61,9,6700,2,9,4,1,4
2017471707265,1,9,0,9,0,2,0,0,0,0,3,1,6,3,-1,-1,1910,2,9,-1,-1,-1
2017471707268,1,9,0,1,0,0,0,0,0,0,2,1,6,1,30,6,1910,2,10,4,1,4
2017471707269,1,9,0,18,0,0,0,0,0,0,1,1,1,1,40,7,1596,1,13,4,1,4
2017471707269,2,9,0,18,0,0,0,0,0,0,3,1,1,1,18,4,1496,2,2,3,1,3
2017471707271,1,9,0,9,0,6,0,0,0,0,1,1,2,2,37,7,1596,1,10,4,2,4
2017471707271,2,9,0,18,0,8,0,0,0,0,1,1,2,1,29,6,1229,1,10,8,1,8
2017471707273,1,9,0,7,0,5,0,0,0,0,1,1,6,2,53,8,1598,1,12,1,1,1
2017471707273,2,1,0,18,4,8,0,0,0,0,1,1,6,1,34,6,-1,-1,-1,6,1,6
2017471707274,1,9,0,6,0,0,0,0,7,0,3,1,2,1,18,4,1422,2,15,6,1,6
2017471707274,2,9,0,13,0,0,0,0,0,0,1,1,6,1,53,8,1984,1,5,9,2,9
2017471707275,1,19,0,3,0,1,0,0,0,0,1,1,6,1,20,4,-1,-1,-1,2,1,2
2017471707275,2,19,0,3,0,1,0,0,0,0,2,1,6,1,29,6,1248,2,4,2,1,2
2017471707277,1,19,0,18,0,4,0,0,0,0,4,1,6,1,50,8,1996,2,6,-1,-1,-1
2017471707277,2,9,0,18,0,4,0,0,0,0,3,1,6,2,28,6,1360,1,9,6,1,6
2017471707278,1,9,0,17,0,8,1,0,1,7,4,1,2,1,26,6,1242,1,7,3,1,3
2017471707282,1,9,0,5,0,8,0,0,7,10,1,1,6,2,45,7,1197,1,4,8,1,8
2017471707283,1,9,0,1,0,0,0,0,0,0,2,1,6,1,78,11,1200,1,-1,5,3,5
2017471707284,1,9,0,16,0,0,0,0,7,1,1,1,6,1,81,11,1598,1,10,7,3,7
2017471707285,1,3,0,18,0,0,1,0,7,10,1,1,6,3,-1,-1,-1,-1,-1,-1,-1,-1
2017471707285,2,9,0,18,0,0,0,0,0,0,0,1,1,1,39,7,1997,2,-1,2,1,2
2017471707285,3,9,0,2,9,0,0,0,0,0,4,1,6,3,-1,-1,999,1,3,-1,-1,-1
2017471707285,4,9,0,2,9,0,0,0,0,0,1,1,6,3,-1,-1,1329,1,1,-1,-1,-1
2017471707286,1,9,0,18,0,0,0,0,1,4,1,1,6,1,49,8,1984,1,15,5,1,5
2017471707286,2,9,0,12,0,0,0,0,0,0,1,1,6,2,69,10,1386,1,4,8,1,8
2017471707287,1,9,0,18,0,0,0,0,0,0,4,1,6,2,45,7,1397,1,8,7,3,7