Accident_Index,Vehicle_Reference,Vehicle_Type,Towing_and_Articulation,Vehicle_Manoeuvre,Vehicle_Location-Restricted_Lane,Junction_Location,Skidding_and_Overturning,Hit_Object_in_Carriageway,Vehicle_Leaving_Carriageway,Hit_Object_off_Carriageway,1st_Point_of_Impact,Was_Vehicle_Left_Hand_Drive?,Journey_Purpose_of_Driver,Sex_of_Driver,Age_of_Driver,Age_Band_of_Driver,Engine_Capacity_(CC),Propulsion_Code,Age_of_Vehicle,Driver_IMD_Decile,Driver_Home_Area_Type,Vehicle_IMD_Decile
2017471707288,1,9,0,9,0,6,0,0,0,0,1,1,6,2,82,11,1242,1,3,6,3,6
2017471707288,2,9,0,18,0,8,0,0,0,0,1,1,6,2,39,7,2199,2,4,10,1,10
2017471707295,1,9,0,18,0,0,0,0,0,0,4,1,6,2,75,10,1991,2,7,-1,-1,-1
2017471707299,1,9,0,18,9,1,0,0,0,0,0,1,1,1,43,7,1997,2,7,-1,-1,-1
2017471707299,2,1,0,18,9,8,0,0,0,0,3,1,6,1,15,3,-1,-1,-1,8,1,8
2017471707301,1,9,0,18,0,0,0,0,0,0,1,1,6,1,48,8,1870,2,11,3,1,3
2017471707301,2,9,0,4,0,0,0,0,0,0,2,1,6,1,35,6,-1,-1,-1,-1,3,-1
2017471707303,1,9,0,17,0,0,1,0,1,7,1,1,2,2,18,4,1390,1,16,10,1,10
2017471707304,1,9,0,9,0,6,0,0,0,0,2,1,6,2,41,7,1360,1,10,4,1,4
2017471707304,2,5,0,18,0,8,0,0,0,0,1,1,2,1,28,6,645,1,14,3,1,3
2017471707305,1,9,0,18,0,0,0,0,7,4,3,1,6,1,24,5,1171,1,22,7,1,7
2017471707306,1,9,0,2,0,2,0,0,0,0,3,1,6,1,37,7,1997,2,11,6,1,6
2017471707306,2,1,0,14,0,2,0,8,0,0,1,1,1,1,19,4,-1,-1,-1,7,1,7
2017471707307,1,19,0,17,0,0,0,0,7,3,1,1,6,1,42,7,2464,2,6,1,1,1
2017471707310,1,9,0,18,0,2,0,0,0,0,1,1,6,1,53,8,998,1,11,6,1,6
2017471707312,1,9,0,9,0,8,0,0,0,0,1,1,6,1,41,7,2720,2,11,10,1,10
2017471707312,2,9,0,18,0,8,0,0,0,0,1,1,6,1,29,6,1995,2,9,5,3,5
2017471707313,1,9,0,16,0,8,0,0,7,4,1,1,6,1,77,11,2148,2,14,8,3,8
2017471707316,1,9,0,16,0,8,0,0,2,11,3,1,2,2,54,8,1397,1,9,8,1,8
2017471707317,1,9,0,18,0,2,1,0,7,10,1,1,6,1,31,6,-1,-1,-1,6,3,6
2017471707320,1,9,0,18,0,0,0,0,8,10,1,1,6,2,36,7,1998,1,15,8,3,8
2017471707321,1,9,0,18,0,8,0,9,3,1,1,1,6,1,43,7,1995,1,10,8,1,8
2017471707322,1,9,0,16,0,0,0,0,0,0,0,1,6,3,-1,-1,-1,-1,-1,-1,-1,-1
2017471707322,2,9,0,17,0,0,1,0,2,4,1,1,2,1,22,5,1149,1,15,5,1,5
2017471707325,1,9,0,16,0,0,0,0,7,3,1,1,6,1,20,4,1595,1,8,-1,-1,-1
2017471707326,1,9,0,18,0,0,0,0,0,0,1,1,6,1,57,9,1910,2,11,4,1,4
2017471707326,2,9,0,18,0,0,0,0,0,0,2,1,6,2,34,6,1998,1,12,8,2,8
2017471707327,1,9,0,18,0,1,0,0,0,0,1,1,6,1,44,7,1596,1,10,4,1,4
2017471707327,2,9,0,10,0,1,0,0,0,0,2,1,6,1,35,6,1596,1,10,4,1,4
2017471707328,1,9,0,9,0,8,0,0,0,0,1,1,6,2,34,6,1499,1,3,10,1,10
2017471707328,2,9,0,18,0,1,0,0,0,0,1,1,6,2,60,9,1560,2,4,6,1,6
2017471707329,1,9,0,17,0,0,0,0,1,0,1,1,1,1,89,11,1149,1,3,2,1,2
2017471707332,1,9,0,16,0,3,0,0,0,0,1,1,6,1,19,4,973,1,15,4,1,4
2017471707332,2,9,0,18,0,1,0,0,0,0,3,1,6,1,54,8,-1,-1,-1,7,1,7
2017471707333,1,9,0,9,0,8,0,0,0,0,1,1,6,2,25,5,1229,1,8,7,1,7
2017471707333,2,1,0,18,0,8,0,0,0,0,4,1,6,1,25,5,-1,-1,-1,6,1,6
2017471707334,1,9,0,9,0,8,0,0,7,0,1,1,6,1,34,6,1299,1,12,5,1,5
2017471707334,2,9,0,18,0,1,0,0,0,0,1,1,6,1,25,5,1242,1,13,3,1,3
2017471707336,1,9,0,9,0,1,0,0,0,0,1,1,6,2,39,7,1339,1,11,1,1,1
2017471707336,2,9,0,18,0,1,0,0,0,0,3,1,6,1,29,6,1242,1,14,3,1,3
2017471707341,1,3,0,18,0,0,0,0,0,0,1,1,6,2,18,4,124,1,2,4,1,4
2017471707341,2,9,0,18,0,0,0,0,0,0,1,1,2,2,50,8,1461,2,-1,2,1,2
2017471707342,1,3,0,7,0,3,1,0,0,0,1,1,2,1,25,5,125,1,-1,6,1,6
2017471707343,1,9,0,9,0,8,0,0,0,0,1,1,6,2,20,4,1398,2,14,-1,-1,-1
2017471707343,2,9,0,18,0,8,0,0,0,0,4,1,6,1,46,8,1582,2,9,1,1,1
2017471707345,1,9,0,18,0,0,1,0,0,0,4,1,6,1,31,6,1984,1,6,7,1,7
2017471707345,2,9,0,18,0,0,2,0,1,9,3,1,6,1,29,6,999,1,1,10,1,10
2017471707346,1,19,0,9,0,6,0,0,0,0,3,1,6,1,28,6,2198,2,3,4,1,4
2017471707346,2,9,0,18,0,8,0,0,0,0,1,1,6,1,74,10,1968,2,5,5,1,5
2017471707347,1,9,0,9,0,2,0,0,0,0,1,1,6,1,20,4,1951,2,13,1,1,1
2017471707347,2,9,0,18,0,1,1,0,0,0,3,1,6,1,50,8,-1,-1,-1,4,1,4
2017471707347,3,9,0,2,0,1,0,0,0,0,1,1,6,3,-1,-1,1995,1,10,-1,-1,-1
2017471707352,1,3,0,18,0,0,1,0,0,0,1,1,6,1,47,8,124,1,5,3,1,3
2017471707352,2,9,0,4,0,0,0,0,0,0,2,1,6,1,23,5,1560,2,4,7,2,7
2017471707354,1,19,0,18,0,1,0,4,0,0,2,1,6,1,28,6,2148,2,11,8,1,8
2017471707354,2,20,0,2,0,1,0,0,0,0,1,1,6,3,-1,-1,-1,-1,-1,-1,-1,-1
2017471707354,3,19,0,2,0,1,0,0,0,0,0,1,6,3,-1,-1,2198,2,3,-1,-1,-1
2017471707355,1,3,0,18,0,8,0,0,0,0,1,1,2,1,48,8,125,1,3,8,1,8
2017471707357,1,9,0,17,0,0,1,0,0,0,1,1,6,1,59,9,1798,1,3,7,3,7
2017471707357,2,9,0,17,0,0,1,0,1,9,1,1,2,2,29,6,998,1,19,6,3,6
2017471707359,1,5,0,18,0,1,1,0,0,0,4,1,6,1,37,7,1199,1,15,9,2,9
2017471707360,1,9,0,17,0,0,2,0,8,4,1,1,2,1,49,8,1349,1,6,6,2,6
2017471707364,1,9,0,7,0,6,0,0,0,0,1,1,6,3,40,7,-1,-1,-1,-1,-1,-1
2017471707364,2,1,0,18,0,8,0,0,0,0,4,1,6,1,16,4,-1,-1,-1,6,1,6
2017471707367,1,9,0,18,0,0,1,0,0,0,1,1,6,2,39,7,1596,1,16,10,2,10
2017471707367,2,9,0,18,0,0,1,0,0,0,1,1,2,2,22,5,1198,1,10,8,2,8
2017471707367,3,9,0,18,0,0,1,0,7,0,0,1,6,1,22,5,1360,1,12,9,2,9
2017471707368,1,8,0,18,0,0,0,4,0,0,1,1,1,1,39,7,-1,-1,-1,2,1,2
2017471707368,2,9,0,2,0,0,0,0,0,0,2,1,1,1,24,5,1998,8,2,7,1,7
2017471707370,1,9,0,18,0,0,1,0,7,0,1,1,2,2,65,9,1398,1,4,10,3,10
2017471707370,2,9,0,18,0,0,0,0,1,0,3,1,6,1,43,7,1560,2,2,7,3,7
2017471707373,1,9,0,18,0,0,0,0,0,0,4,1,6,1,85,11,1998,1,12,4,1,4
2017471707374,1,9,0,18,0,0,1,0,0,0,1,1,6,1,25,5,1405,1,14,6,3,6
2017471707374,2,9,0,18,0,0,1,0,0,0,1,1,6,2,32,6,1975,1,8,6,3,6
2017471707375,1,9,0,16,0,0,0,0,5,6,1,1,6,1,30,6,1124,1,12,3,1,3
2017471707376,1,9,0,18,0,0,0,0,1,4,1,1,6,2,35,6,998,1,3,6,1,6
2017471707377,1,8,0,18,0,1,0,0,0,0,1,1,1,1,44,7,1560,2,6,3,1,3
2017471707381,1,9,0,18,0,0,2,0,1,9,0,1,2,2,26,6,998,1,4,10,1,10
2017471707382,1,9,0,18,0,0,1,0,8,3,2,1,6,1,41,7,1598,1,10,5,3,5
2017471707383,1,9,0,18,0,3,0,0,0,0,1,1,6,1,29,6,1999,1,3,10,1,10
2017471707385,1,9,0,4,0,2,0,0,0,0,1,1,2,1,28,6,1368,1,9,2,1,2
2017471707387,1,9,0,18,0,0,0,0,0,0,1,1,6,1,79,11,1242,1,2,-1,-1,-1
2017471707395,1,20,0,18,0,0,2,0,1,4,3,1,1,1,30,6,-1,-1,-1,3,1,3
2017471707396,1,9,0,18,0,1,0,4,0,0,3,1,6,3,-1,-1,-1,-1,-1,-1,-1,-1
2017471707396,2,9,0,2,0,8,0,0,0,0,3,1,6,3,-1,-1,1951,2,12,-1,-1,-1
2017471707399,1,21,0,18,0,0,2,0,7,11,1,1,1,1,35,6,4461,2,10,7,1,7
2017471707399,2,9,0,18,0,0,1,0,0,0,1,1,2,1,32,6,2967,2,-1,1,1,1
2017471707399,3,21,1,18,0,0,0,0,0,0,2,1,1,1,65,9,11967,2,5,5,1,5
2017471707399,4,9,0,18,0,0,1,0,0,0,3,1,2,1,23,5,1596,1,14,1,1,1
2017471707399,5,9,0,18,0,0,1,0,0,0,2,1,2,2,24,5,1997,2,13,6,2,6
2017471707399,6,9,0,18,0,0,0,0,7,11,1,1,2,2,19,4,998,1,1,6,2,6
2017471707399,7,9,0,18,0,0,1,0,0,0,3,1,2,1,48,8,996,1,5,4,1,4
2017471707401,1,9,0,5,0,4,0,0,0,0,1,1,6,1,81,11,1197,1,-1,8,1,8
2017471707401,2,1,0,18,0,8,0,0,0,0,4,1,6,1,26,6,-1,-1,-1,7,1,7
2017471707408,1,9,0,18,0,1,0,0,0,0,1,1,6,1,32,6,-1,-1,-1,-1,-1,-1
2017471707408,2,9,0,3,0,1,0,0,0,0,2,1,6,2,29,6,1388,1,15,7,1,7
2017471707410,1,9,0,18,0,0,0,0,4,0,1,1,6,1,65,9,1997,2,8,4,1,4
2017471707410,2,9,0,18,0,0,0,0,1,0,2,1,6,2,47,8,1995,2,2,5,1,5
2017471707414,1,19,0,16,0,0,5,0,1,4,3,1,6,1,25,5,2198,2,4,10,1,10
2017471707415,1,9,0,1,0,0,0,4,7,10,2,1,6,1,70,10,1968,2,-1,6,1,6
2017471707415,2,9,0,2,0,0,0,0,0,0,4,1,6,3,-1,-1,-1,-1,-1,-1,-1,-1
2017471707417,1,9,0,4,0,1,0,0,0,0,1,1,6,1,30,6,1795,1,17,8,3,8
2017471707417,2,9,0,4,0,1,0,0,0,0,2,1,6,1,22,5,1248,2,8,-1,-1,-1
2017471707417,3,9,0,8,0,1,0,0,0,0,0,1,6,1,82,11,1796,1,14,8,1,8
2017471707418,1,9,0,18,0,0,0,4,0,0,1,1,6,1,75,10,1197,1,2,9,3,9
2017471707418,2,9,0,2,0,0,0,0,1,11,2,1,6,3,-1,-1,1242,1,8,-1,-1,-1
2017471707418,3,9,0,5,0,0,0,0,0,0,0,1,6,1,17,4,-1,-1,-1,-1,-1,-1
2017471800010,1,9,0,5,0,6,0,0,0,0,2,1,6,1,21,5,1248,2,7,4,1,4
2017471800010,2,9,0,18,0,8,0,0,0,0,1,1,6,2,20,4,1360,1,14,8,3,8
2017471800011,1,9,0,17,0,0,0,0,1,0,1,1,6,2,24,5,1388,1,7,7,1,7
2017471800012,1,9,0,18,0,0,1,0,0,0,0,1,1,1,38,7,1997,2,2,6,1,6
2017471800015,1,9,0,7,0,8,0,0,0,0,1,1,6,1,46,8,1560,2,3,10,1,10
2017471800015,2,1,0,18,0,2,1,0,0,0,1,1,6,1,52,8,-1,-1,-1,10,2,10
2017471800020,1,19,0,18,0,0,0,0,0,0,1,1,6,2,49,8,2460,2,11,5,3,5
2017471800020,2,9,0,18,0,0,0,0,0,0,2,1,6,1,41,7,1998,2,11,4,1,4
2017471800025,1,9,0,17,0,8,0,0,0,0,1,1,6,2,28,6,1339,1,5,6,1,6
2017471800025,2,9,0,16,0,8,0,0,0,0,3,1,6,1,74,10,1910,2,9,8,1,8
2017471800025,3,20,5,17,0,8,0,0,0,0,0,1,6,3,-1,-1,-1,-1,-1,-1,-1,-1
2017471800043,1,11,0,4,0,8,0,0,0,0,0,1,1,1,48,8,3900,2,13,2,1,2
2017471800124,1,9,0,1,9,6,0,0,0,0,2,1,6,1,49,8,1968,2,2,8,1,8
2017471800124,2,1,0,18,9,1,0,0,0,0,4,1,6,1,5,1,-1,-1,-1,8,1,8
2017471800142,1,9,0,18,0,1,1,0,0,0,1,1,6,2,40,7,1984,1,-1,7,1,7
2017471800142,2,9,0,10,0,8,0,0,0,0,2,1,6,1,49,8,1598,1,8,10,1,10
2017471800221,1,9,0,17,0,0,1,0,1,4,2,1,6,1,19,4,1229,1,12,10,1,10
2017471800246,1,21,1,18,0,1,0,0,0,0,1,2,1,1,40,7,-1,-1,-1,-1,-1,-1
2017471800246,2,9,0,18,0,1,0,0,0,0,2,1,6,1,59,9,1984,1,10,8,1,8
2017471800249,1,9,0,18,0,0,0,0,0,0,1,1,6,1,30,6,2148,2,14,6,1,6
2017471800249,2,8,0,2,0,0,0,0,0,0,3,1,6,3,-1,-1,1242,1,3,-1,-1,-1
2017471800249,3,9,0,2,0,0,0,0,0,0,4,1,6,3,-1,-1,1596,1,7,-1,-1,-1
2017471800249,4,1,0,18,0,0,0,0,0,0,1,1,2,2,35,6,-1,-1,-1,3,1,3
2017471800380,1,9,0,18,0,0,0,0,0,0,1,1,6,2,37,7,1995,2,4,5,1,5
2017471800380,2,9,0,18,0,0,0,0,0,0,2,1,6,1,28,6,1499,2,-1,7,1,7
2017471800380,3,9,0,18,0,0,0,0,0,0,2,1,6,2,75,10,1248,1,2,5,1,5
2017471800442,1,5,0,16,0,0,0,0,7,9,1,1,6,1,52,8,-1,-1,-1,5,1,5
2017471800544,1,9,0,18,0,4,0,0,0,0,1,1,6,1,30,6,-1,-1,-1,-1,-1,-1
2017471800544,2,9,0,18,0,4,0,0,0,0,2,1,6,1,36,7,1299,1,16,2,2,2
2017471800621,1,8,0,6,0,0,0,0,0,0,3,1,1,1,42,7,2198,2,2,2,1,2
2017471800621,2,9,0,18,0,0,0,0,0,0,1,1,6,2,26,6,1595,1,16,7,1,7
2017471800810,1,9,0,18,0,0,2,10,7,0,1,1,6,1,23,5,-1,-1,-1,10,1,10
2017471800851,1,9,0,9,0,8,0,0,0,0,1,1,6,1,36,7,1995,2,12,2,1,2
2017471801049,1,1,0,18,0,1,0,0,0,0,0,1,6,2,63,9,-1,-1,-1,9,1,9
2017471801049,2,1,0,4,0,1,0,0,0,0,0,1,6,1,-1,-1,-1,-1,-1,-1,-1,-1
2017471801049,3,9,0,4,0,1,0,4,0,0,1,1,2,1,61,9,-1,-1,-1,10,1,10
2017471801049,4,9,0,9,0,1,0,0,0,0,0,1,6,1,40,7,-1,-1,-1,-1,-1,-1
2017471801295,1,9,0,9,0,8,0,0,0,0,1,1,6,2,77,11,1198,1,8,5,1,5
2017471801295,2,9,0,18,0,8,0,0,0,0,1,1,6,2,81,11,998,1,7,6,2,6
2017471801296,1,4,0,7,0,6,1,0,0,0,4,1,6,1,48,8,1450,1,13,2,1,2
2017480143991,1,8,0,18,0,1,0,0,0,0,1,1,1,1,41,7,1796,1,8,3,1,3
2017480144095,1,19,0,7,0,8,0,0,0,0,3,1,1,1,35,6,-1,-1,-1,-1,-1,-1
2017480146036,1,9,0,6,0,0,0,0,0,0,3,1,5,1,42,7,1950,2,1,3,1,3
2017480146036,2,4,0,18,0,0,0,0,0,0,1,1,5,1,50,8,-1,-1,-1,9,1,9
2017480146390,1,1,0,14,0,2,0,0,0,0,3,1,2,1,21,5,-1,-1,-1,7,1,7
2017480146390,2,9,0,3,0,2,0,0,0,0,4,1,1,1,38,7,2494,2,2,-1,1,-1
2017480146390,3,11,0,5,0,2,0,0,0,0,0,1,1,1,-1,-1,-1,-1,-1,-1,-1,-1
2017480146407,1,9,0,12,0,1,0,0,0,0,2,1,5,1,68,10,1783,1,16,1,1,1
2017480146407,2,3,0,18,0,1,0,0,0,0,1,1,5,1,40,7,125,1,3,6,1,6
2017480146862,1,3,0,18,0,2,0,0,0,0,1,1,5,1,23,5,124,1,14,2,1,2
2017480146862,2,8,0,6,0,2,0,0,0,0,2,1,1,1,53,8,2499,2,8,7,1,7
2017480149767,1,8,0,3,0,1,0,0,0,0,2,1,1,1,38,7,1797,8,2,2,1,2
2017480149767,2,8,0,14,0,1,0,0,0,0,1,1,1,1,50,8,2446,2,15,3,1,3
2017480149864,1,1,0,18,0,1,0,0,0,0,1,1,2,1,24,5,-1,-1,-1,3,1,3
2017480149864,2,8,0,3,0,1,0,0,0,0,4,1,1,1,50,8,2143,2,3,7,1,7
2017480152144,1,1,0,18,0,1,0,0,0,0,3,1,2,1,21,5,-1,-1,-1,3,1,3
2017480152144,2,8,0,18,0,1,0,0,0,0,4,1,1,1,50,8,-1,-1,-1,-1,-1,-1
2017480152209,1,8,0,3,0,1,0,0,0,0,2,1,1,1,42,7,2499,2,2,7,1,7
2017480152209,2,19,0,18,0,1,0,0,0,0,1,1,1,1,50,8,-1,3,3,4,1,4
2017480152227,1,11,0,5,0,1,0,0,0,0,0,1,1,1,37,7,-1,-1,-1,-1,-1,-1
2017480154215,1,1,0,18,0,2,0,0,0,0,3,1,2,1,35,6,-1,-1,-1,4,1,4
2017480154215,2,8,0,18,0,1,0,0,0,0,3,1,1,1,50,8,2499,2,8,8,1,8
2017480154955,1,8,0,18,0,8,0,0,0,0,1,1,1,1,52,8,2664,2,16,8,1,8
2017480154955,2,1,0,18,4,8,0,0,0,0,3,1,2,1,35,6,-1,-1,-1,2,1,2
2017480155049,1,5,0,18,0,1,0,0,0,0,1,1,1,1,28,6,1199,1,17,4,1,4
2017480155069,1,3,0,18,0,8,0,0,0,0,1,1,1,1,37,7,125,1,1,3,1,3
2017480155069,2,1,0,18,4,8,0,0,0,0,3,1,5,2,26,6,-1,-1,-1,3,1,3
2017480155090,1,1,0,18,0,1,0,0,0,0,1,1,5,1,35,6,-1,-1,-1,1,1,1
2017480155090,2,8,0,2,0,1,0,0,0,0,4,1,1,1,50,8,-1,-1,-1,-1,-1,-1
2017480155118,1,9,0,18,0,2,0,0,0,0,3,1,5,1,48,8,1998,1,14,5,1,5
2017480155118,2,3,0,18,0,2,0,0,0,0,1,1,1,1,42,7,124,1,7,2,1,2
2017480155118,3,8,0,18,0,1,0,0,0,0,3,1,1,1,34,6,1997,2,3,2,1,2
2017480155523,1,19,0,9,0,8,0,0,0,0,1,1,1,1,25,5,2198,2,3,10,1,10
2017480155523,2,3,0,18,0,8,0,0,0,0,1,1,5,1,34,6,125,1,11,1,1,1
2017480156613,1,4,0,18,0,1,0,0,0,0,1,1,2,1,41,7,249,1,1,3,1,3
2017480156636,1,3,0,18,0,0,0,0,0,0,1,1,1,1,37,7,108,1,1,2,1,2
2017480156709,1,9,0,18,0,8,0,0,0,0,1,1,6,1,30,6,-1,-1,-1,-1,-1,-1
2017480156709,2,1,0,9,0,8,0,0,0,0,4,1,5,1,26,6,-1,-1,-1,2,1,2
2017480157757,1,8,0,2,0,2,0,0,0,0,0,1,1,1,60,9,2148,2,8,7,1,7
2017480157935,1,11,0,18,0,8,0,0,0,0,0,1,1,1,54,8,6692,2,7,2,1,2
2017480158208,1,11,0,18,0,2,0,0,0,0,4,1,1,1,50,8,-1,-1,-1,-1,-1,-1
2017480158269,1,5,0,14,0,0,0,0,8,0,0,1,5,1,41,7,749,1,2,6,1,6
2017480159505,1,9,0,18,0,8,0,0,0,0,1,1,5,2,45,7,1896,2,15,8,3,8
2017480159505,2,11,0,9,0,8,0,0,0,0,4,1,1,2,31,6,7300,2,11,2,1,2
2017480159572,1,21,1,3,0,1,0,0,0,0,3,1,1,1,50,8,9364,2,12,-1,-1,-1
2017480159572,2,1,0,14,0,1,0,0,0,0,4,1,5,1,33,6,-1,-1,-1,3,1,3
2017480159572,3,19,0,2,0,1,0,0,0,0,0,1,1,1,40,7,2198,2,3,-1,-1,-1
2017480159841,1,19,0,7,0,8,0,0,0,0,4,1,1,1,52,8,2298,2,7,6,1,6
2017480159841,2,1,0,18,4,8,0,0,0,0,1,1,5,1,28,6,-1,-1,-1,2,1,2
2017480162124,1,1,0,18,0,2,0,0,0,0,3,1,2,1,36,7,-1,-1,-1,3,1,3
2017480162124,2,8,0,4,0,2,0,0,0,0,4,1,1,1,46,8,2499,2,3,4,1,4
2017480162149,1,1,0,18,5,8,0,0,0,0,1,1,2,1,25,5,-1,-1,-1,3,1,3
2017480162149,2,8,0,18,0,8,0,0,0,0,4,1,1,1,46,8,-1,-1,-1,2,1,2
2017480162206,1,3,0,18,0,8,0,0,0,0,4,1,1,1,18,4,125,1,4,3,1,3
2017480162206,2,8,0,9,0,8,0,0,0,0,1,1,1,1,59,9,2402,2,14,8,3,8
2017480163508,1,4,0,18,0,2,1,0,0,0,1,1,2,1,32,6,249,1,5,2,1,2
2017480163524,1,1,0,18,0,0,0,0,0,0,1,1,5,1,37,7,-1,-1,-1,3,1,3
2017480163663,1,8,0,18,0,1,0,0,0,0,4,1,1,1,41,7,2231,2,7,2,1,2
2017480163663,2,3,0,18,0,1,0,0,0,0,1,1,5,1,30,6,124,1,1,2,1,2
2017480164472,1,3,0,16,0,2,0,0,0,0,0,1,5,1,29,6,125,1,6,3,1,3
2017480164493,1,8,0,18,0,2,0,0,0,0,1,1,1,1,50,8,2499,2,2,9,1,9
2017480164514,1,8,0,3,0,8,0,0,0,0,2,1,1,1,28,6,-1,-1,-1,3,1,3
2017480164514,2,1,0,18,0,8,0,0,0,0,1,1,5,1,26,6,-1,-1,-1,2,1,2
2017480164941,1,8,0,9,0,8,0,0,0,0,4,1,1,1,33,6,1339,8,5,3,1,3
2017480164941,2,1,0,18,4,8,0,0,0,0,1,1,5,1,26,6,-1,-1,-1,3,1,3
2017480165105,1,20,0,18,0,8,0,0,0,0,1,1,1,1,41,7,-1,-1,-1,8,1,8
2017480165153,1,8,0,4,0,1,0,0,0,0,4,1,1,1,50,8,-1,-1,-1,-1,-1,-1
2017480165153,2,1,0,18,0,1,0,0,0,0,1,1,6,1,24,5,-1,-1,-1,2,1,2
2017480167348,1,3,0,18,0,1,0,0,0,0,1,1,1,1,19,4,108,1,2,3,1,3
2017480167348,2,8,0,18,0,1,0,0,0,0,2,1,1,1,43,7,2143,2,2,7,1,7
2017480170256,1,1,0,18,0,8,0,0,0,0,3,1,2,2,28,6,-1,-1,-1,2,1,2
2017480170256,2,8,0,7,0,8,0,0,0,0,1,1,1,1,50,8,1997,2,1,6,1,6
2017480170406,1,21,1,18,0,1,0,0,0,0,4,1,1,1,50,8,4461,2,5,2,1,2
2017480170891,1,1,0,18,0,8,0,0,0,0,3,1,2,1,38,7,-1,-1,-1,2,1,2
2017480170891,2,3,0,18,0,8,0,0,0,0,1,1,2,1,40,7,-1,-1,-1,-1,-1,-1
2017480171614,1,1,0,18,4,1,0,0,0,0,1,1,6,1,24,5,-1,-1,-1,5,1,5
2017480171923,1,1,0,18,5,1,0,0,0,0,1,1,2,1,34,6,-1,-1,-1,9,1,9
2017480171937,1,3,0,14,0,0,0,0,0,0,1,1,5,1,48,8,124,1,1,3,1,3
2017480172362,1,9,0,2,0,2,0,0,0,0,3,1,5,1,27,6,-1,-1,-1,8,1,8
2017480172362,2,1,0,18,0,2,0,0,0,0,4,1,5,1,40,7,-1,-1,-1,3,1,3
2017480172776,1,9,0,3,0,1,0,0,0,0,2,1,5,1,42,7,1910,2,13,4,1,4
2017480172776,2,9,0,18,0,1,0,0,0,0,1,1,5,3,50,8,-1,-1,-1,-1,-1,-1
2017480172793,1,9,0,18,0,8,0,0,0,0,1,1,5,1,30,6,1783,1,15,3,1,3
2017480172793,2,1,0,18,0,8,0,0,0,0,4,1,5,2,28,6,-1,-1,-1,5,1,5
2017480173407,1,9,0,18,0,8,0,0,0,0,3,1,1,1,26,6,1997,2,5,4,1,4
2017480173407,2,9,0,9,0,8,0,0,0,0,1,1,1,1,52,8,1968,2,2,3,1,3
2017480173457,1,1,0,15,0,8,0,0,0,0,1,1,5,2,41,7,-1,-1,-1,2,1,2
2017480173457,2,4,0,9,0,8,0,0,0,0,4,1,1,1,51,8,471,1,4,4,1,4
2017480173488,1,9,0,18,0,8,0,0,0,0,3,1,5,1,26,6,2179,2,3,5,1,5
2017480173488,2,1,0,18,0,8,0,0,0,0,1,1,5,1,46,8,-1,-1,-1,4,1,4
2017480173952,1,8,0,3,0,1,0,0,0,0,2,1,1,1,34,6,-1,-1,-1,7,1,7
2017480173952,2,9,0,18,0,1,0,0,0,0,1,1,6,1,40,7,1997,2,9,1,1,1
2017480173971,1,9,0,18,0,8,0,0,0,0,3,1,5,2,38,7,1969,2,2,3,1,3
2017480173971,2,8,0,9,0,8,0,0,0,0,1,1,1,1,27,6,1797,8,8,2,1,2
2017480174409,1,1,0,18,0,1,0,0,0,0,1,1,5,1,24,5,-1,-1,-1,3,1,3
2017480174409,2,9,0,7,0,1,0,0,0,0,4,1,6,3,50,8,-1,-1,-1,-1,-1,-1
2017480175288,1,1,0,18,5,8,0,0,0,0,1,1,2,2,25,5,-1,-1,-1,2,1,2
2017480175288,2,1,0,9,5,8,0,0,0,0,3,1,2,2,35,6,-1,-1,-1,-1,-1,-1
2017480175715,1,9,0,9,0,8,0,0,0,0,4,1,5,1,37,7,1995,2,2,2,1,2
2017480175715,2,1,0,18,0,8,0,0,0,0,1,1,5,1,24,5,-1,-1,-1,4,1,4
2017480175753,1,1,0,18,0,8,0,0,0,0,1,1,6,1,28,6,-1,-1,-1,-1,-1,-1
2017480176082,1,1,0,18,5,8,0,0,0,0,1,1,2,2,22,5,-1,-1,-1,2,1,2
2017480176082,2,9,0,7,0,8,0,0,0,0,4,1,1,1,30,6,-1,-1,-1,7,1,7
2017480176109,1,8,0,18,0,8,0,0,0,0,4,1,1,1,51,8,1797,8,6,2,1,2
2017480176109,2,8,0,18,0,8,0,0,0,0,1,1,1,1,46,8,1968,2,6,3,1,3
2017480176265,1,8,0,6,0,1,0,0,0,0,3,1,1,1,36,7,2499,2,6,10,1,10
2017480176265,2,1,0,14,0,1,0,0,0,0,1,1,1,1,22,5,-1,-1,-1,1,1,1
2017480178963,1,9,0,18,0,1,0,0,0,0,2,1,2,1,47,8,1991,1,2,8,1,8
2017480178963,2,1,0,18,0,1,0,0,0,0,1,1,2,1,61,9,-1,-1,-1,3,1,3
2017480178973,1,-1,0,1,0,2,0,0,0,0,2,1,6,1,50,8,-1,-1,-1,-1,-1,-1
2017480179439,1,3,0,14,0,2,0,0,0,0,1,1,1,1,23,5,108,1,4,3,1,3
2017480179501,1,11,0,3,0,1,0,0,0,0,4,1,1,1,60,9,4500,2,-1,2,1,2
2017480179978,1,8,0,18,0,2,0,0,0,0,1,1,1,1,45,7,2402,2,12,2,1,2
2017480180097,1,11,0,18,2,0,0,0,0,0,1,1,1,1,59,9,9360,2,6,3,1,3
2017480180149,1,11,0,18,0,1,0,0,0,0,1,1,1,1,59,9,6700,2,8,4,1,4
2017480180173,1,8,0,18,0,1,0,0,0,0,1,1,1,1,39,7,1997,2,1,3,1,3