Accident_Index,Vehicle_Reference,Vehicle_Type,Towing_and_Articulation,Vehicle_Manoeuvre,Vehicle_Location-Restricted_Lane,Junction_Location,Skidding_and_Overturning,Hit_Object_in_Carriageway,Vehicle_Leaving_Carriageway,Hit_Object_off_Carriageway,1st_Point_of_Impact,Was_Vehicle_Left_Hand_Drive?,Journey_Purpose_of_Driver,Sex_of_Driver,Age_of_Driver,Age_Band_of_Driver,Engine_Capacity_(CC),Propulsion_Code,Age_of_Vehicle,Driver_IMD_Decile,Driver_Home_Area_Type,Vehicle_IMD_Decile
2017480180993,1,3,0,18,0,2,0,0,0,0,1,1,6,1,35,6,125,1,5,-1,-1,-1
2017480181077,1,1,0,7,0,8,0,0,0,0,1,1,5,1,27,6,-1,-1,-1,7,1,7
2017480181077,2,9,0,7,0,8,0,0,0,0,2,1,5,1,40,7,1984,1,-1,2,1,2
2017480181077,3,20,0,7,0,8,0,0,0,0,0,1,6,1,40,7,-1,-1,-1,-1,-1,-1
2017480181710,1,1,0,18,0,8,0,0,0,0,4,1,5,1,19,4,-1,-1,-1,9,1,9
2017480181710,2,9,0,18,0,8,0,0,0,0,1,1,1,1,23,5,-1,-1,-1,4,1,4
2017480181727,1,8,0,7,0,8,0,0,0,0,4,1,1,1,62,9,2143,2,7,2,1,2
2017480181727,2,1,0,18,0,8,0,0,0,0,1,1,5,1,30,6,-1,-1,-1,5,1,5
2017480181761,1,9,0,9,0,8,0,0,0,0,4,1,5,1,40,7,4163,2,8,3,1,3
2017480181761,2,8,0,18,0,8,0,0,0,0,1,1,1,1,54,8,2499,2,9,4,1,4
2017480181837,1,3,0,18,0,1,0,0,0,0,1,1,1,1,33,6,124,1,2,4,1,4
2017480182144,1,1,0,18,0,8,0,0,0,0,1,1,5,1,25,5,-1,-1,-1,3,1,3
2017480182144,2,3,0,9,0,8,0,0,0,0,1,1,5,1,30,6,125,1,3,2,1,2
2017480182386,1,8,0,2,0,1,0,0,0,0,3,1,1,1,48,8,1995,2,5,1,1,1
2017480182386,2,1,0,18,0,1,0,0,0,0,1,1,2,2,29,6,-1,-1,-1,5,1,5
2017480183043,1,1,0,18,0,8,0,0,0,0,1,1,2,1,29,6,-1,-1,-1,7,1,7
2017480183043,2,8,0,18,0,8,0,0,0,0,3,1,1,1,43,7,1950,2,1,3,1,3
2017480183060,1,8,0,9,0,8,0,0,0,0,3,1,1,1,36,7,1797,8,7,2,1,2
2017480183060,2,1,0,14,0,8,0,0,0,0,1,1,5,1,25,5,-1,-1,-1,6,1,6
2017480183458,1,1,0,18,0,2,0,0,0,0,3,1,2,1,58,9,-1,-1,-1,7,1,7
2017480183458,2,8,0,4,0,2,0,0,0,0,4,1,1,1,55,8,2402,2,15,-1,-1,-1
2017480183476,1,20,0,18,0,1,0,0,0,0,4,1,1,1,40,7,-1,-1,-1,-1,-1,-1
2017480183489,1,8,0,9,0,8,0,0,0,0,1,1,1,1,45,7,-1,-1,-1,-1,-1,-1
2017480183557,1,5,0,15,0,1,0,0,0,0,1,1,5,1,30,6,999,1,11,4,1,4
2017480183557,2,9,0,3,0,1,0,0,0,0,4,1,5,1,24,5,1461,2,2,6,1,6
2017480185580,1,1,0,18,4,0,0,0,0,0,1,1,2,1,29,6,-1,-1,-1,2,1,2
2017480185611,1,11,0,18,0,1,0,0,0,0,1,1,1,1,50,8,10838,2,1,-1,-1,-1
2017480186027,1,1,0,18,0,1,0,0,0,0,1,1,2,1,39,7,-1,-1,-1,9,1,9
2017480186041,1,9,0,18,0,1,0,0,0,0,1,1,5,1,50,8,5998,1,9,6,1,6
2017480186127,1,9,0,18,0,1,0,0,0,0,1,1,6,1,83,11,2435,1,15,9,1,9
2017480186127,2,8,0,3,0,1,0,0,0,0,2,1,1,1,45,7,-1,-1,-1,6,1,6
2017480186137,1,9,0,18,0,8,0,0,0,0,3,1,1,1,30,6,1797,8,7,6,1,6
2017480186137,2,9,0,9,0,8,0,0,0,0,1,1,1,1,40,7,-1,-1,-1,8,1,8
2017480186771,1,8,0,9,0,8,0,0,0,0,1,1,1,1,59,9,1497,8,9,1,1,1
2017480186875,1,20,0,18,0,1,0,0,0,0,1,1,1,1,35,6,-1,-1,-1,-1,-1,-1
2017480187102,1,9,0,18,0,1,0,0,0,0,1,1,5,1,50,8,2199,2,8,5,1,5
2017480187102,2,3,0,18,0,1,0,0,0,0,2,1,1,1,22,5,108,1,5,4,1,4
2017480187115,1,1,0,18,0,8,0,0,0,0,3,1,2,1,38,7,-1,-1,-1,9,1,9
2017480187115,2,20,0,18,0,8,0,0,0,0,4,1,1,1,50,8,-1,-1,-1,-1,-1,-1
2017480187189,1,9,0,5,0,1,0,0,0,0,0,1,1,1,25,5,1399,2,5,2,1,2
2017480187189,2,3,0,18,0,1,1,0,0,0,0,1,5,1,31,6,125,1,3,2,1,2
2017480189138,1,9,0,5,0,6,0,0,0,0,3,1,6,1,40,7,1968,2,7,-1,-1,-1
2017480189138,2,1,0,18,0,1,0,0,0,0,1,1,2,2,30,6,-1,-1,-1,3,1,3
2017480192990,1,3,0,14,0,1,0,0,0,0,1,1,2,1,18,4,125,1,4,4,1,4
2017480192999,1,1,0,15,0,2,0,0,0,0,1,1,2,1,34,6,-1,-1,-1,2,1,2
2017480192999,2,8,0,3,0,2,0,0,0,0,4,1,1,1,39,7,1798,8,4,3,1,3
2017480193031,1,1,0,18,4,1,2,0,0,0,0,1,2,1,27,6,-1,-1,-1,4,1,4
2017480193031,2,20,0,18,0,1,0,0,0,0,0,1,1,1,40,7,-1,-1,-1,-1,-1,-1
2017480193331,1,20,0,7,0,8,0,0,0,0,4,1,1,1,34,6,7698,2,2,6,1,6
2017480193364,1,1,0,18,0,1,0,0,0,0,1,1,1,1,25,5,-1,-1,-1,2,1,2
2017480193401,1,9,0,18,0,1,0,0,0,0,1,1,6,1,44,7,1587,1,15,-1,-1,-1
2017480193487,1,1,0,18,5,1,2,0,0,0,0,1,2,1,39,7,-1,-1,-1,9,1,9
2017480193806,1,1,0,18,0,8,0,0,0,0,1,1,6,2,28,6,-1,-1,-1,5,1,5
2017480193806,2,1,0,9,0,8,0,0,0,0,3,1,6,1,30,6,-1,-1,-1,-1,-1,-1
2017480193821,1,1,0,5,0,2,0,0,0,0,1,1,6,1,31,6,-1,-1,-1,6,1,6
2017480193821,2,21,0,5,0,2,0,0,0,0,2,1,6,3,35,6,-1,-1,-1,-1,-1,-1
2017480193821,3,97,0,18,0,2,0,0,0,0,0,1,1,1,35,6,-1,-1,-1,-1,-1,-1
2017480193852,1,1,0,15,0,0,0,0,0,0,3,1,6,1,49,8,-1,-1,-1,-1,-1,-1
2017480193852,2,11,0,3,0,0,0,0,0,0,1,1,1,1,30,6,10667,2,-1,-1,-1,-1
2017480195742,1,-1,0,18,0,2,0,0,0,0,4,1,6,1,30,6,-1,-1,-1,-1,-1,-1
2017480195824,1,5,0,15,0,2,0,0,0,0,1,1,2,1,37,7,998,1,-1,-1,-1,-1
2017480195977,1,1,0,18,0,8,0,0,0,0,1,1,2,1,46,8,-1,-1,-1,-1,-1,-1
2017480195977,2,20,0,9,0,8,0,0,0,0,4,1,1,1,40,7,-1,-1,-1,-1,-1,-1
2017480196551,1,9,0,18,0,8,0,0,0,0,3,1,1,1,21,5,-1,-1,-1,-1,-1,-1
2017480196559,1,11,0,5,0,1,0,0,0,0,0,1,1,1,39,7,4641,2,3,-1,-1,-1
2017480196870,1,3,0,18,0,8,0,0,0,0,3,1,6,1,34,6,125,1,5,-1,-1,-1
2017480196870,2,9,0,9,0,8,0,0,0,0,1,1,6,2,35,6,1598,1,3,-1,-1,-1
2017480196886,1,8,0,18,0,1,0,0,0,0,2,1,1,1,42,7,1997,2,4,-1,-1,-1
2017480196886,2,9,0,18,0,1,0,0,0,0,1,1,5,1,50,8,-1,-1,-1,-1,-1,-1
2017480196961,1,1,0,18,0,8,0,0,0,0,3,1,2,1,28,6,-1,-1,-1,-1,-1,-1
2017480196961,2,97,0,18,0,8,0,0,0,0,1,1,6,1,30,6,-1,-1,-1,-1,-1,-1
2017480196975,1,1,0,18,0,8,0,0,0,0,1,1,5,2,28,6,-1,-1,-1,-1,-1,-1
2017480196975,2,8,0,9,0,8,0,0,0,0,4,1,1,1,40,7,2499,2,10,-1,-1,-1
2017480197360,1,11,0,18,0,2,0,0,0,0,4,1,1,1,60,9,4500,2,2,-1,-1,-1
2017480197386,1,20,0,18,0,8,0,0,0,0,3,1,1,1,54,8,2987,2,2,-1,-1,-1
2017480197407,1,9,0,5,0,1,0,0,0,0,1,1,1,1,50,8,2143,2,-1,-1,-1,-1
2017480197407,2,4,0,5,0,1,0,0,0,0,2,1,2,1,57,9,-1,-1,-1,-1,-1,-1
2017480197428,1,19,0,2,0,2,0,0,0,0,3,1,1,1,51,8,1997,2,2,-1,-1,-1
2017480197428,2,1,0,18,0,2,0,0,0,0,4,1,1,1,21,5,-1,-1,-1,-1,-1,-1
2017480197447,1,9,0,18,0,1,0,0,0,0,1,1,5,2,30,6,1200,1,14,-1,-1,-1
2017480197460,1,8,0,2,0,1,0,0,0,0,4,1,1,1,46,8,1798,8,1,-1,-1,-1
2017480197460,2,1,0,18,0,1,0,0,0,0,1,1,5,1,40,7,-1,-1,-1,-1,-1,-1
2017480197465,1,11,0,5,0,1,0,0,0,0,0,1,1,1,56,9,5132,2,1,-1,-1,-1
2017480197518,1,8,0,9,0,8,0,0,0,0,4,1,1,1,28,6,1797,8,6,-1,-1,-1
2017480197518,2,1,0,18,0,8,0,0,0,0,1,1,5,1,44,7,-1,-1,-1,-1,-1,-1
2017480198178,1,1,0,18,0,8,0,0,0,0,1,1,2,1,20,4,-1,-1,-1,-1,-1,-1
2017480198178,2,5,0,5,0,8,0,0,0,0,1,1,2,1,31,6,847,1,-1,-1,-1,-1
2017480198178,3,1,0,5,0,8,0,0,0,0,1,1,2,1,24,5,-1,-1,-1,-1,-1,-1
2017480198294,1,1,0,18,0,1,0,0,0,0,4,1,2,1,30,6,-1,-1,-1,-1,-1,-1
2017480198294,2,4,0,5,0,1,0,0,0,0,3,1,1,1,40,7,321,1,2,-1,-1,-1
2017480198361,1,1,0,18,4,1,0,0,0,0,3,1,2,1,41,7,-1,-1,-1,-1,-1,-1
2017480198361,2,19,0,18,0,2,0,0,0,0,3,1,1,1,50,8,2198,2,3,-1,-1,-1
2017480200025,1,1,0,18,0,8,0,0,0,0,0,1,5,1,58,9,-1,-1,-1,-1,-1,-1
2017480200025,2,9,0,18,0,8,0,0,0,0,0,1,5,1,50,8,-1,-1,-1,-1,-1,-1
2017480200054,1,1,0,18,0,1,0,0,0,0,1,1,2,1,29,6,-1,-1,-1,-1,-1,-1
2017480200083,1,9,0,18,0,0,0,0,0,0,1,1,1,1,45,7,-1,-1,-1,-1,-1,-1
2017480200397,1,8,0,2,0,0,0,0,0,0,4,1,1,1,46,8,2499,2,3,-1,-1,-1
2017480200397,2,1,0,18,0,0,0,0,0,0,1,1,5,1,45,7,-1,-1,-1,-1,-1,-1
2017480201439,1,1,0,18,0,1,0,0,0,0,1,1,1,1,36,7,-1,-1,-1,-1,-1,-1
2017480201760,1,8,0,5,0,8,0,0,0,0,1,1,1,1,53,8,-1,-1,-1,-1,-1,-1
2017480201807,1,11,0,18,0,1,0,0,0,0,4,1,1,3,-1,-1,-1,-1,-1,-1,-1,-1
2017480203308,1,9,0,2,0,1,0,0,0,0,2,1,1,2,45,7,-1,-1,-1,-1,-1,-1
2017480203308,2,19,0,18,0,1,0,0,0,0,1,1,1,1,40,7,2198,2,9,-1,-1,-1
2017480203673,1,9,0,3,0,1,0,0,0,0,2,1,5,1,33,6,1995,2,3,-1,-1,-1
2017480203673,2,8,0,18,0,1,0,0,0,0,1,1,1,1,50,8,1797,8,7,-1,-1,-1
2017480203680,1,9,0,18,0,2,0,0,0,0,1,1,6,1,40,7,1497,8,3,-1,-1,-1
2017480204572,1,8,0,9,0,8,0,0,0,0,3,1,1,1,46,8,2143,2,3,-1,-1,-1
2017480204572,2,1,0,18,0,8,0,0,0,0,1,1,5,1,29,6,-1,-1,-1,-1,-1,-1
2017480204635,1,1,0,18,5,1,0,0,0,0,1,1,5,1,29,6,-1,-1,-1,-1,-1,-1
2017480204635,2,9,0,18,5,2,0,0,0,0,1,1,5,2,40,7,1197,1,-1,-1,-1,-1
2017480204652,1,1,0,18,0,1,0,0,0,0,1,1,5,1,40,7,-1,-1,-1,-1,-1,-1
2017480204652,2,9,0,6,0,1,0,0,0,0,3,1,5,1,30,6,2143,12,4,-1,-1,-1
2017480205773,1,8,0,2,0,1,0,0,0,0,4,1,1,1,50,8,-1,-1,-1,-1,-1,-1
2017480205773,2,1,0,18,0,1,0,0,0,0,1,1,2,1,26,6,-1,-1,-1,-1,-1,-1
2017480206608,1,1,0,18,0,1,0,0,0,0,3,1,2,1,34,6,-1,-1,-1,-1,-1,-1
2017480206608,2,19,0,18,0,1,0,0,0,0,4,1,1,1,25,5,2143,2,1,-1,-1,-1
2017480207252,1,8,0,9,0,8,0,0,0,0,1,1,1,1,43,7,1797,8,5,-1,-1,-1
2017480207252,2,3,0,18,0,8,0,0,0,0,3,1,5,1,24,5,125,1,9,-1,-1,-1
2017480209121,1,1,0,18,0,8,0,0,0,0,3,1,2,1,39,7,-1,-1,-1,-1,-1,-1
2017480209121,2,1,0,18,0,8,0,0,0,0,1,1,2,1,26,6,-1,-1,-1,-1,-1,-1
2017480211118,1,3,0,18,0,8,0,0,0,0,1,1,2,2,43,7,125,1,8,-1,-1,-1
2017480211130,1,8,0,18,0,0,0,0,0,0,3,1,6,3,50,8,-1,-1,-1,-1,-1,-1
2017480211323,1,1,0,18,0,8,0,0,0,0,3,1,2,1,23,5,-1,-1,-1,-1,-1,-1
2017480211323,2,8,0,6,0,8,0,0,0,0,1,1,1,3,-1,-1,-1,-1,-1,-1,-1,-1
2017480211504,1,1,0,18,0,1,0,0,0,0,2,1,5,1,62,9,-1,-1,-1,-1,-1,-1
2017480211504,2,9,0,18,0,1,0,0,0,0,1,1,5,3,20,4,1198,1,7,-1,-1,-1
2017480211525,1,1,0,18,5,1,0,0,0,0,1,1,2,1,15,3,-1,-1,-1,-1,-1,-1
2017480211525,2,1,0,18,5,1,0,0,0,0,1,1,2,1,30,6,-1,-1,-1,-1,-1,-1
2017480212214,1,5,0,18,0,1,0,0,0,0,1,1,5,1,46,8,782,1,7,-1,-1,-1
2017480212254,1,9,0,2,0,0,0,0,0,0,4,1,1,1,40,7,-1,-1,-1,-1,-1,-1
2017480212254,2,1,0,15,0,0,0,0,0,0,1,1,2,1,32,6,-1,-1,-1,-1,-1,-1
2017480212273,1,1,0,9,0,8,0,0,0,0,3,1,5,2,36,7,-1,-1,-1,-1,-1,-1
2017480212273,2,9,0,18,0,8,0,0,0,0,4,1,5,1,30,6,2981,1,-1,-1,-1,-1
2017480212342,1,1,0,18,5,1,0,0,0,0,1,1,2,1,40,7,-1,-1,-1,-1,-1,-1
2017480213002,1,9,0,9,0,8,0,0,0,0,4,1,1,1,52,8,2987,2,3,-1,-1,-1
2017480213002,2,3,0,15,0,8,0,0,0,0,1,1,1,1,27,6,125,1,14,-1,-1,-1
2017480213134,1,9,0,9,0,8,0,0,0,0,4,1,5,1,29,6,1896,2,14,-1,-1,-1
2017480213134,2,1,0,18,0,8,0,0,0,0,1,1,5,1,24,5,-1,-1,-1,-1,-1,-1
2017480213145,1,9,0,18,0,8,0,0,0,0,3,1,5,2,31,6,3311,8,9,-1,-1,-1
2017480213145,2,8,0,18,0,8,0,0,0,0,1,1,1,1,27,6,1339,8,6,-1,-1,-1
2017480213485,1,9,0,18,0,1,0,0,0,0,1,1,1,1,29,6,2993,2,3,-1,-1,-1
2017480213485,2,9,0,4,0,1,0,0,0,0,2,1,5,2,64,9,1796,1,10,-1,-1,-1
2017480213485,3,8,0,4,0,1,0,0,0,0,2,1,1,1,50,8,2776,2,-1,-1,-1,-1
2017480219763,1,19,0,18,0,8,0,0,0,0,1,1,1,1,29,6,1248,2,2,-1,-1,-1
2017480219763,2,1,0,18,0,8,0,0,0,0,4,1,2,1,33,6,-1,-1,-1,-1,-1,-1
2017480219859,1,9,0,3,0,1,0,0,0,0,2,1,5,2,55,8,999,1,29,-1,-1,-1
2017480219859,2,9,0,18,0,1,0,0,0,0,1,1,5,1,25,5,1968,2,3,-1,-1,-1
2017480219908,1,1,0,18,0,8,0,0,0,0,1,1,2,2,35,6,-1,-1,-1,-1,-1,-1
2017480219908,2,8,0,9,0,8,0,0,0,0,4,1,1,1,55,8,2143,2,7,-1,-1,-1
2017480221396,1,1,0,3,0,1,0,0,0,0,2,1,5,1,24,5,-1,-1,-1,-1,-1,-1
2017480221396,2,9,0,18,0,1,0,0,0,0,1,1,5,1,72,10,2204,2,11,-1,-1,-1
2017480221777,1,5,0,18,0,1,0,0,0,0,1,1,2,1,40,7,650,1,22,-1,-1,-1
2017480221777,2,9,0,9,0,8,0,0,0,0,1,1,1,1,46,8,-1,-1,-1,-1,-1,-1
2017480221799,1,3,0,18,0,1,0,0,0,0,1,1,1,1,35,6,125,1,5,-1,-1,-1
2017480221799,2,19,0,6,0,1,0,0,0,0,3,1,1,1,30,6,1560,2,8,-1,-1,-1
2017480222048,1,9,0,18,0,0,0,0,0,0,0,1,1,1,23,5,2993,2,1,-1,-1,-1
2017480222048,2,4,0,18,9,0,0,0,0,0,4,1,5,1,16,4,-1,-1,-1,-1,-1,-1
2017480222057,1,11,0,18,0,1,0,0,0,0,0,1,1,1,31,6,4500,2,1,-1,-1,-1
2017480222776,1,9,0,18,0,2,0,0,0,0,4,1,1,1,30,6,-1,-1,-1,-1,-1,-1
2017480222859,1,1,0,15,0,8,0,0,0,0,1,1,2,2,34,6,-1,-1,-1,-1,-1,-1
2017480222859,2,20,0,9,0,8,0,0,0,0,4,1,1,1,25,5,-1,-1,-1,-1,-1,-1
2017480223772,1,1,0,18,0,8,0,0,0,0,4,1,6,1,28,6,-1,-1,-1,-1,-1,-1
2017480223772,2,9,0,7,0,8,0,0,0,0,1,1,6,1,40,7,-1,-1,-1,-1,-1,-1
2017480224941,1,3,0,18,0,1,0,0,0,0,1,1,2,1,24,5,125,1,7,-1,-1,-1
2017480225066,1,3,0,18,0,1,0,0,0,0,3,1,2,1,23,5,125,1,-1,-1,-1,-1
2017480225066,2,9,0,11,0,1,0,0,0,0,4,1,1,1,45,7,-1,-1,-1,-1,-1,-1
2017480225364,1,2,0,18,0,1,0,0,0,0,2,1,1,1,25,5,50,1,2,-1,-1,-1
2017480225364,2,2,0,18,0,1,0,0,0,0,1,1,1,1,20,4,50,1,1,-1,-1,-1
2017480226274,1,3,0,13,0,1,0,0,0,0,4,1,1,1,23,5,125,1,4,-1,-1,-1
2017480226274,2,9,0,11,0,1,0,0,0,0,3,1,1,1,42,7,1796,1,6,-1,-1,-1
2017480226405,1,1,0,18,0,8,0,0,0,0,3,1,2,1,32,6,-1,-1,-1,-1,-1,-1
2017480226405,2,9,0,7,0,8,0,0,0,0,4,1,1,1,35,6,-1,-1,-1,-1,-1,-1
2017480226556,1,3,0,9,0,8,0,0,0,0,2,1,5,1,24,5,125,1,4,-1,-1,-1
2017480226556,2,11,0,9,0,8,0,0,0,0,1,1,1,1,56,9,4500,2,-1,-1,-1,-1
2017480226566,1,11,0,18,0,1,0,0,0,0,0,1,1,1,43,7,5132,2,2,-1,-1,-1
2017480226577,1,8,0,18,0,1,0,0,0,0,1,1,1,1,59,9,2148,2,8,-1,-1,-1
2017480226577,2,1,0,18,0,1,0,0,0,0,2,1,2,2,29,6,-1,-1,-1,-1,-1,-1
2017480226595,1,3,0,18,0,1,1,0,0,0,1,1,5,1,17,4,125,1,10,-1,-1,-1
2017480227076,1,19,0,7,0,8,0,0,0,0,4,1,1,3,20,4,1248,2,4,-1,-1,-1
2017480227076,2,1,0,18,0,8,0,0,1,0,3,1,2,1,24,5,-1,-1,-1,-1,-1,-1
2017480227089,1,9,0,7,0,8,0,0,0,0,1,1,1,1,84,11,-1,-1,-1,-1,-1,-1
2017480227089,2,1,0,18,5,8,0,0,0,0,1,1,2,1,32,6,-1,-1,-1,-1,-1,-1
2017480227149,1,5,0,18,0,8,0,0,0,0,1,1,2,1,30,6,649,1,3,-1,-1,-1
2017480227161,1,21,0,18,0,1,0,0,0,0,4,1,1,1,42,7,6700,2,1,-1,-1,-1
2017480227174,1,1,0,18,5,1,0,0,0,0,1,1,2,1,40,7,-1,-1,-1,-1,-1,-1
2017480227253,1,9,0,6,0,2,0,0,0,0,3,1,5,1,70,10,1124,1,15,-1,-1,-1
2017480227253,2,1,0,18,0,2,0,0,0,0,1,1,5,1,45,7,-1,-1,-1,-1,-1,-1
2017480227311,1,8,0,9,0,6,0,0,0,0,0,1,1,1,38,7,1997,2,3,-1,-1,-1
2017480227311,2,3,0,18,0,1,0,0,0,0,0,1,1,1,29,6,125,1,5,-1,-1,-1
2017480228377,1,5,0,18,0,1,0,0,0,0,1,1,5,1,28,6,599,1,9,-1,-1,-1
2017480228377,2,8,0,6,0,1,0,0,0,0,4,1,1,1,37,7,2499,2,5,-1,-1,-1
2017480228385,1,21,1,1,0,2,0,0,0,0,2,1,1,1,45,7,12809,2,1,-1,-1,-1
2017480228385,2,3,0,3,0,2,0,0,0,0,1,1,5,1,33,6,125,1,4,-1,-1,-1
2017480228592,1,3,0,18,0,8,0,0,0,0,1,1,6,1,47,8,124,1,7,-1,-1,-1
2017480228592,2,8,0,18,0,8,0,0,0,0,3,1,1,1,38,7,2402,2,15,-1,-1,-1
2017480230049,1,1,0,18,0,2,0,0,0,0,1,1,5,2,33,6,-1,-1,-1,-1,-1,-1
2017480230049,2,20,0,2,0,2,0,0,0,0,3,1,1,1,50,8,-1,-1,-1,-1,-1,-1
2017480230109,1,3,0,18,0,2,0,0,0,0,4,1,5,1,21,5,124,1,2,-1,-1,-1
2017480230109,2,21,1,18,0,2,0,0,0,0,3,1,1,3,50,8,-1,-1,-1,-1,-1,-1
2017480230124,1,3,0,15,0,1,0,0,0,0,3,1,2,1,25,5,125,1,4,-1,-1,-1
2017480230124,2,5,0,14,0,1,0,0,0,0,4,1,2,1,53,8,779,1,5,-1,-1,-1
2017480230124,3,9,0,3,0,1,0,0,0,0,3,1,2,1,60,9,1956,2,3,-1,-1,-1
2017480230124,4,9,0,3,0,1,0,0,0,0,3,1,1,1,42,7,-1,-1,-1,-1,-1,-1
2017480231357,1,5,0,18,0,8,0,0,0,0,1,1,5,1,30,6,-1,-1,-1,-1,-1,-1
2017480231362,1,8,0,9,0,8,0,0,0,0,4,1,1,1,42,7,2499,2,2,-1,-1,-1
2017480231430,1,1,0,18,0,2,0,0,0,0,1,1,2,1,31,6,-1,-1,-1,-1,-1,-1
2017480231430,2,8,0,4,0,2,0,0,0,0,3,1,1,1,50,8,-1,-1,-1,-1,-1,-1
2017480231437,1,1,0,18,5,1,0,0,0,0,1,1,2,1,42,7,-1,-1,-1,-1,-1,-1
2017480231843,1,9,0,18,0,2,0,0,0,0,1,1,5,2,20,4,1299,1,15,-1,-1,-1
2017480231843,2,8,0,18,0,2,0,0,0,0,2,1,1,1,40,7,-1,-1,-1,-1,-1,-1
2017480231843,3,9,0,6,0,2,0,0,0,0,0,1,6,3,-1,-1,-1,-1,-1,-1,-1,-1
2017480231855,1,9,0,9,0,8,0,0,0,0,3,1,2,1,19,4,1242,1,4,-1,-1,-1
2017480231855,2,5,0,18,0,8,0,0,0,0,1,1,1,1,50,8,1298,1,-1,-1,-1,-1
2017480231870,1,9,0,9,0,8,0,0,0,0,3,1,5,1,76,11,3239,1,24,-1,-1,-1
2017480231870,2,8,0,18,0,8,0,0,0,0,1,1,1,1,52,8,2776,2,1,-1,-1,-1
2017480231926,1,9,0,9,0,8,0,0,0,0,4,1,5,3,26,6,1686,2,4,-1,-1,-1
2017480231926,2,9,0,18,0,8,0,0,0,0,1,1,5,2,32,6,998,1,10,-1,-1,-1
2017480231941,1,19,0,18,0,1,0,0,0,0,4,1,1,3,50,8,2402,2,9,3,1,3
2017480232050,1,3,0,14,0,2,0,0,0,0,1,1,1,1,31,6,124,1,-1,-1,-1,-1
2017480232065,1,11,0,7,0,8,0,0,0,0,4,1,1,1,36,7,4500,2,-1,-1,-1,-1
2017480232399,1,1,0,18,0,8,0,0,0,0,1,1,1,1,26,6,-1,-1,-1,-1,-1,-1
2017480232836,1,9,0,6,0,1,0,0,0,0,3,1,5,1,38,7,1995,2,3,-1,-1,-1
2017480232836,2,5,0,18,0,1,0,0,0,0,1,1,5,1,44,7,652,1,5,-1,-1,-1
2017480235095,1,8,0,9,0,8,0,0,0,0,3,1,1,1,61,9,2499,2,3,-1,-1,-1
2017480235095,2,4,0,18,0,8,0,0,0,0,1,1,1,1,36,7,249,1,1,-1,-1,-1
2017480235105,1,8,0,2,0,1,0,0,0,0,4,1,1,1,33,6,1968,2,1,-1,-1,-1
2017480235105,2,3,0,18,0,1,0,0,0,0,1,1,1,1,20,4,124,1,-1,-1,-1,-1
2017480235159,1,21,0,5,0,1,0,0,0,0,1,1,1,1,62,9,6692,2,8,-1,-1,-1
2017480235159,2,3,0,5,0,1,0,0,0,0,2,1,2,2,46,8,125,1,-1,-1,-1,-1
2017480235165,1,21,0,18,0,8,0,0,0,0,1,1,1,1,39,7,4461,2,7,-1,-1,-1
2017480235165,2,11,0,18,0,8,0,0,0,0,4,1,1,1,33,6,7300,2,14,-1,-1,-1
2017480235193,1,8,0,4,0,1,0,0,0,0,2,1,1,1,53,8,1998,5,12,-1,-1,-1
2017480235193,2,20,0,18,0,1,0,0,0,0,1,1,1,3,-1,-1,-1,-1,-1,-1,-1,-1
2017480236877,1,1,0,18,0,8,0,0,0,0,1,1,5,1,42,7,-1,-1,-1,-1,-1,-1
2017480236877,2,4,0,18,0,8,0,0,0,0,1,1,5,1,50,8,198,1,15,-1,-1,-1
2017480236885,1,5,0,18,0,2,0,0,0,0,3,1,1,1,31,6,745,1,3,-1,-1,-1
2017480236885,2,9,0,12,0,2,0,0,0,0,4,1,1,1,18,4,1229,1,2,-1,-1,-1
2017480237098,1,1,0,18,0,8,0,0,0,0,1,1,2,1,26,6,-1,-1,-1,-1,-1,-1
2017480237123,1,97,0,18,0,1,0,0,0,0,1,1,5,3,-1,-1,-1,-1,-1,-1,-1,-1
2017480237195,1,8,0,6,0,2,0,0,0,0,3,1,1,1,-1,-1,2499,2,9,-1,-1,-1
2017480237195,2,3,0,18,0,2,0,0,0,0,1,1,5,1,51,8,124,1,10,-1,-1,-1
2017480237312,1,8,0,9,0,8,0,0,0,0,3,1,1,1,56,9,1950,2,1,-1,-1,-1
2017480237312,2,1,0,18,0,8,0,0,0,0,1,1,5,1,21,5,-1,-1,-1,-1,-1,-1
2017480237333,1,8,0,4,0,1,0,0,0,0,4,1,1,1,37,7,1797,8,7,-1,-1,-1
2017480237333,2,4,0,18,0,1,0,0,0,0,1,1,2,1,32,6,124,1,-1,-1,-1,-1
2017480237344,1,4,0,18,0,8,0,0,0,0,1,1,2,1,40,7,-1,-1,-1,-1,-1,-1
2017480247657,1,1,0,18,0,2,0,0,0,0,2,1,5,1,50,8,-1,-1,-1,-1,-1,-1
2017480247657,2,9,0,18,0,2,0,0,0,0,1,1,5,1,59,9,2987,2,7,-1,-1,-1
2017480248040,1,97,0,18,4,1,0,0,0,0,1,1,6,3,-1,-1,-1,-1,-1,-1,-1,-1
2017480248046,1,1,0,18,4,8,0,0,0,0,3,1,2,2,24,5,-1,-1,-1,-1,-1,-1
2017480248046,2,19,0,7,0,8,0,0,0,0,4,1,1,1,30,6,1996,2,4,-1,-1,-1
2017480248076,1,9,0,2,0,1,0,0,0,0,2,1,5,2,34,6,1229,1,4,-1,-1,-1
2017480248076,2,1,0,18,0,1,0,0,0,0,1,1,5,1,28,6,-1,-1,-1,-1,-1,-1
2017480248256,1,3,0,18,0,8,0,0,0,0,1,1,1,1,27,6,125,1,5,-1,-1,-1
2017480248256,2,8,0,9,0,8,0,0,0,0,4,1,1,1,46,8,1560,2,5,-1,-1,-1
2017480248267,1,8,0,18,0,8,1,0,7,0,1,1,1,1,71,10,2499,2,9,-1,-1,-1