Accident_Index,Vehicle_Reference,Vehicle_Type,Towing_and_Articulation,Vehicle_Manoeuvre,Vehicle_Location-Restricted_Lane,Junction_Location,Skidding_and_Overturning,Hit_Object_in_Carriageway,Vehicle_Leaving_Carriageway,Hit_Object_off_Carriageway,1st_Point_of_Impact,Was_Vehicle_Left_Hand_Drive?,Journey_Purpose_of_Driver,Sex_of_Driver,Age_of_Driver,Age_Band_of_Driver,Engine_Capacity_(CC),Propulsion_Code,Age_of_Vehicle,Driver_IMD_Decile,Driver_Home_Area_Type,Vehicle_IMD_Decile
2017480248267,2,8,0,18,0,8,0,0,0,0,1,1,1,1,56,9,1910,2,7,-1,-1,-1
2017480248510,1,3,0,18,0,1,0,0,0,0,1,1,5,2,37,7,124,1,9,-1,-1,-1
2017480248510,2,9,0,3,0,1,0,0,0,0,2,1,5,2,35,6,1598,2,2,-1,-1,-1
2017480248522,1,1,0,18,0,8,0,0,0,0,1,1,1,1,29,6,-1,-1,-1,-1,-1,-1
2017480248537,1,4,0,18,0,8,0,0,0,0,4,1,6,1,35,6,244,1,9,-1,-1,-1
2017480248537,2,9,0,9,0,8,0,0,0,0,3,1,6,1,29,6,1388,1,16,-1,-1,-1
2017480248824,1,1,0,18,0,1,0,0,0,0,1,1,6,1,25,5,-1,-1,-1,-1,-1,-1
2017480248831,1,1,0,18,0,2,0,0,0,0,3,1,5,1,34,6,-1,-1,-1,-1,-1,-1
2017480248831,2,11,0,13,0,2,0,0,0,0,4,1,1,3,-1,-1,-1,-1,-1,-1,-1,-1
2017480248835,1,1,0,18,0,8,0,0,0,0,3,1,5,1,45,7,-1,-1,-1,-1,-1,-1
2017480248835,2,19,0,11,0,8,0,0,0,0,4,1,1,3,35,6,-1,-1,-1,-1,-1,-1
2017480248850,1,8,0,18,0,1,0,0,0,0,1,1,5,1,43,7,2143,2,2,-1,-1,-1
2017480248850,2,1,0,18,0,1,0,0,0,0,2,1,5,1,54,8,-1,-1,-1,-1,-1,-1
2017480249970,1,9,0,18,0,1,0,0,0,0,1,1,6,3,-1,-1,-1,-1,-1,-1,-1,-1
2017480249978,1,1,0,9,0,8,0,0,0,0,4,1,2,1,-1,-1,-1,-1,-1,-1,-1,-1
2017480249978,2,20,0,18,0,8,0,0,0,0,1,1,1,3,-1,-1,-1,-1,-1,-1,-1,-1
2017480249996,1,19,0,18,0,2,0,0,0,0,3,1,1,1,37,7,1560,2,8,-1,-1,-1
2017480249996,2,3,0,18,0,2,0,0,0,0,4,1,1,1,23,5,125,1,2,-1,-1,-1
2017480250034,1,8,0,2,0,1,0,0,0,0,3,1,1,1,54,8,2143,2,2,-1,-1,-1
2017480250034,2,1,0,18,0,1,0,0,0,0,1,1,1,1,30,6,-1,-1,-1,-1,-1,-1
2017480250080,1,1,0,18,0,1,0,0,0,0,1,1,6,1,30,6,-1,-1,-1,-1,-1,-1
2017480250123,1,1,0,18,0,1,0,0,0,0,1,1,5,2,24,5,-1,-1,-1,-1,-1,-1
2017480250134,1,8,0,1,0,8,0,0,0,0,2,1,1,3,-1,-1,-1,-1,-1,-1,-1,-1
2017480253676,1,8,0,3,0,1,0,0,0,0,4,1,1,1,69,10,1598,1,15,-1,-1,-1
2017480253703,1,8,0,2,0,0,0,0,0,0,4,1,1,1,22,5,1797,8,7,-1,-1,-1
2017480253703,2,1,0,18,0,0,0,0,0,0,1,1,5,1,42,7,-1,-1,-1,-1,-1,-1
2017480253766,1,3,0,18,0,1,0,0,0,0,3,1,1,1,24,5,125,1,4,-1,-1,-1
2017480253766,2,21,0,18,0,1,0,0,0,0,4,1,1,1,50,8,11946,2,6,-1,-1,-1
2017480253937,1,1,0,3,0,1,0,0,0,0,2,1,1,1,40,7,-1,-1,-1,-1,-1,-1
2017480253937,2,8,0,18,0,1,0,0,0,0,1,1,2,1,52,8,1798,8,2,-1,-1,-1
2017480256893,1,8,0,18,0,1,0,0,0,0,4,1,1,1,50,8,2499,2,7,-1,-1,-1
2017480256913,1,8,0,5,0,2,0,0,0,0,4,1,1,1,50,8,-1,-1,-1,-1,-1,-1
2017480257031,1,4,0,18,0,1,0,0,0,0,0,1,2,1,35,6,-1,-1,-1,-1,-1,-1
2017480257031,2,5,0,18,0,1,0,0,0,0,0,1,2,1,27,6,599,1,18,-1,-1,-1
2017480257041,1,8,0,9,0,8,0,0,0,0,1,1,1,1,36,7,-1,-1,-1,-1,-1,-1
2017480257915,1,11,0,18,0,2,0,0,0,0,1,1,1,2,51,8,-1,-1,-1,-1,-1,-1
2017480257925,1,9,0,9,0,8,0,0,0,0,0,1,1,1,50,8,-1,-1,-1,-1,-1,-1
2017480257925,2,1,0,18,0,8,0,0,0,0,0,1,1,1,33,6,-1,-1,-1,-1,-1,-1
2017480257953,1,9,0,18,0,2,0,0,0,0,1,1,5,1,34,6,998,1,-1,-1,-1,-1
2017480258066,1,9,0,9,0,8,0,0,0,0,1,1,6,1,40,7,1560,2,5,-1,-1,-1
2017480258100,1,1,0,18,4,8,0,0,0,0,4,1,2,2,33,6,-1,-1,-1,-1,-1,-1
2017480258100,2,8,0,7,0,8,0,0,0,0,1,1,1,1,50,8,2499,2,2,-1,-1,-1
2017480258821,1,1,0,18,0,8,0,0,0,0,1,1,5,1,45,7,-1,-1,-1,-1,-1,-1
2017480258821,2,9,0,9,0,8,0,0,0,0,4,1,5,1,40,7,5439,1,15,-1,-1,-1
2017480258892,1,9,0,18,0,0,0,0,8,0,4,1,5,1,34,6,1968,2,10,-1,-1,-1
2017480258892,2,3,0,15,0,0,0,0,8,0,3,1,5,1,24,5,124,1,10,-1,-1,-1
2017480258915,1,1,0,18,0,1,0,0,0,0,1,1,2,1,34,6,-1,-1,-1,-1,-1,-1
2017480259978,1,8,0,18,0,8,0,0,0,0,3,1,1,1,27,6,1497,8,8,-1,-1,-1
2017480259978,2,8,0,18,0,8,0,0,0,0,1,1,1,1,28,6,1791,8,5,-1,-1,-1
2017480259993,1,8,0,6,0,1,0,0,0,0,3,1,1,1,38,7,1797,8,6,-1,-1,-1
2017480259993,2,3,0,14,0,1,0,0,0,0,1,1,1,1,36,7,124,1,10,-1,-1,-1
2017480260749,1,9,0,18,0,8,0,0,0,0,1,1,5,1,52,8,1560,2,4,-1,-1,-1
2017480260749,2,5,0,10,0,8,0,0,0,0,2,1,5,1,24,5,645,1,16,-1,-1,-1
2017480260844,1,3,0,15,0,8,0,0,0,0,3,1,1,1,27,6,102,1,10,-1,-1,-1
2017480260844,2,21,0,7,0,8,0,0,0,0,4,1,1,1,49,8,2998,2,4,-1,-1,-1
2017480260979,1,1,0,18,0,0,0,0,0,0,1,1,2,1,26,6,-1,-1,-1,-1,-1,-1
2017480261354,1,8,0,18,0,8,0,0,0,0,3,1,1,1,26,6,2499,2,3,-1,-1,-1
2017480261354,2,8,0,18,0,8,0,0,0,0,1,1,1,1,52,8,2143,2,2,-1,-1,-1
2017480261611,1,3,0,18,0,8,0,0,0,0,3,1,1,1,27,6,125,1,4,-1,-1,-1
2017480261611,2,9,0,18,0,8,0,0,0,0,4,1,6,1,50,8,-1,-1,-1,-1,-1,-1
2017480261733,1,9,0,18,0,8,0,0,0,0,3,1,1,1,58,9,-1,-1,-1,-1,-1,-1
2017480261733,2,9,0,18,0,8,0,0,0,0,1,1,1,1,50,8,1596,1,11,-1,-1,-1
2017480263961,1,1,0,18,0,8,0,0,0,0,1,1,2,1,51,8,-1,-1,-1,-1,-1,-1
2017480273297,1,1,0,18,0,8,0,0,0,0,4,1,2,1,40,7,-1,-1,-1,-1,-1,-1
2017480273297,2,8,0,18,0,8,0,0,0,0,1,1,1,1,40,7,-1,-1,-1,-1,-1,-1
2017480273303,1,3,0,18,0,2,0,0,0,0,1,1,1,1,31,6,125,1,5,-1,-1,-1
2017480273303,2,8,0,2,0,2,0,0,0,0,3,1,1,1,50,8,1950,2,2,-1,-1,-1
2017480273307,1,11,0,18,0,8,0,0,0,0,4,1,1,1,36,7,4500,2,-1,-1,-1,-1
2017480273307,2,8,0,18,0,8,0,0,0,0,1,1,1,1,30,6,2143,12,4,-1,-1,-1
2017480273322,1,97,0,14,0,1,0,0,0,0,1,1,1,1,35,6,-1,-1,-1,-1,-1,-1
2017480274009,1,1,0,18,0,2,0,0,0,0,2,1,2,1,41,7,-1,-1,-1,-1,-1,-1
2017480274009,2,9,0,18,0,2,0,0,0,0,1,1,1,1,40,7,1461,2,-1,-1,-1,-1
2017480274021,1,1,0,18,0,8,0,0,0,0,1,1,2,2,45,7,-1,-1,-1,-1,-1,-1
2017480274021,2,9,0,9,0,8,0,0,0,0,4,1,1,1,40,7,-1,-1,-1,-1,-1,-1
2017480274030,1,1,0,18,0,8,0,0,0,0,1,1,2,2,22,5,-1,-1,-1,-1,-1,-1
2017480274030,2,9,0,9,0,8,0,0,0,0,4,1,6,2,35,6,2494,8,-1,-1,-1,-1
2017480274063,1,8,0,18,0,2,0,0,0,0,1,1,1,1,45,7,1798,8,3,-1,-1,-1
2017480274202,1,20,0,12,0,1,0,0,0,0,4,1,1,1,59,9,2198,2,1,-1,-1,-1
2017480274801,1,1,0,15,0,2,0,0,0,0,1,1,2,1,41,7,-1,-1,-1,-1,-1,-1
2017480274801,2,8,0,3,0,2,0,0,0,0,4,1,1,1,40,7,2402,2,12,-1,-1,-1
2017480274806,1,1,0,18,0,1,0,0,0,0,3,1,2,1,46,8,-1,-1,-1,-1,-1,-1
2017480274806,2,5,0,11,0,1,0,0,0,0,4,1,6,1,30,6,847,1,2,-1,-1,-1
2017480274859,1,1,0,18,0,8,0,0,0,0,3,1,2,2,26,6,-1,-1,-1,-1,-1,-1
2017480274859,2,1,0,18,0,8,0,0,0,0,1,1,1,1,25,5,-1,-1,-1,-1,-1,-1
2017480282938,1,21,0,7,0,2,0,0,0,0,1,1,1,1,52,8,10518,2,3,-1,-1,-1
2017480311367,1,8,0,18,0,8,0,0,0,0,1,1,1,1,34,6,-1,-1,-1,-1,-1,-1
2017480311367,2,8,0,18,0,8,0,0,0,0,4,1,1,1,53,8,1968,2,2,-1,-1,-1
2017480311383,1,1,0,18,0,0,0,11,0,0,1,1,2,1,46,8,-1,-1,-1,-1,-1,-1
2017480311393,1,9,0,7,0,8,0,0,0,0,4,1,5,2,64,9,1797,8,8,-1,-1,-1
2017480311393,2,1,0,18,4,8,0,0,0,0,3,1,5,1,19,4,-1,-1,-1,-1,-1,-1
2017480311743,1,8,0,18,0,1,0,0,0,0,1,1,1,1,49,8,1560,2,5,-1,-1,-1
2017480311743,2,5,0,4,0,1,0,0,0,0,2,1,2,1,34,6,953,1,7,-1,-1,-1
2017480311770,1,3,0,18,0,1,0,0,0,0,1,1,1,1,24,5,125,1,-1,-1,-1,-1
2017480311778,1,3,0,3,0,1,0,0,0,0,2,1,1,1,27,6,108,1,5,-1,-1,-1
2017480311778,2,3,0,18,0,1,0,0,0,0,1,1,1,1,37,7,125,1,6,-1,-1,-1
2017480311801,1,3,0,18,0,8,0,0,0,0,1,1,2,2,21,5,125,1,2,-1,-1,-1
2017480311801,2,9,0,7,0,8,0,0,0,0,3,1,1,1,45,7,-1,-1,-1,-1,-1,-1
2017480311831,1,3,0,18,0,2,0,0,0,0,1,1,1,1,31,6,125,1,3,-1,-1,-1
2017480313069,1,8,0,17,0,2,0,0,0,0,1,1,1,1,41,7,1791,8,5,-1,-1,-1
2017480313074,1,8,0,18,0,8,0,0,0,0,1,1,1,1,55,8,1790,8,6,-1,-1,-1
2017480313074,2,1,0,18,0,8,0,0,0,0,4,1,5,1,38,7,-1,-1,-1,-1,-1,-1
2017480313109,1,8,0,2,0,1,0,0,0,0,4,1,1,1,51,8,2231,2,9,-1,-1,-1
2017480313109,2,1,0,18,0,1,0,0,0,0,1,1,2,1,31,6,-1,-1,-1,-1,-1,-1
2017480313215,1,8,0,5,0,2,0,0,0,0,1,1,1,1,35,6,2987,2,3,-1,-1,-1
2017480313218,1,1,0,18,5,8,0,0,0,0,3,1,1,1,24,5,-1,-1,-1,-1,-1,-1
2017480313218,2,8,0,7,0,8,0,0,0,0,1,1,1,1,50,8,2143,2,1,-1,-1,-1
2017480313353,1,9,0,18,0,8,0,0,0,0,1,1,5,1,31,6,998,1,2,-1,-1,-1
2017480313353,2,8,0,3,0,8,0,0,0,0,2,1,1,1,43,7,1800,8,5,-1,-1,-1
2017480313367,1,9,0,7,0,8,0,0,0,0,3,1,5,1,29,6,1198,1,14,-1,-1,-1
2017480313367,2,9,0,18,0,8,0,0,0,0,4,1,5,2,47,8,1598,1,8,-1,-1,-1
2017480314526,1,1,0,18,0,1,0,0,0,0,1,1,5,2,40,7,-1,-1,-1,-1,-1,-1
2017480314526,2,8,0,6,0,1,0,0,0,0,3,1,1,1,50,8,-1,-1,-1,-1,-1,-1
2017480314545,1,8,0,18,0,8,0,0,0,0,1,1,1,1,52,8,1800,8,5,-1,-1,-1
2017480314545,2,8,0,9,0,8,0,0,0,0,4,1,1,1,50,8,-1,-1,-1,-1,-1,-1
2017480314579,1,11,0,18,0,1,0,0,0,0,1,1,1,1,36,7,4500,2,3,-1,-1,-1
2017480314610,1,8,0,18,0,8,0,0,0,0,3,1,1,1,40,7,2499,2,2,-1,-1,-1
2017480314610,2,9,0,18,0,8,0,0,0,0,1,1,5,1,35,6,1395,8,-1,-1,-1,-1
2017500145444,1,9,0,8,0,1,0,0,0,0,1,1,6,2,55,8,1956,2,4,4,2,4
2017500145444,2,1,0,18,0,8,0,0,0,0,4,1,5,1,62,9,-1,-1,-1,4,1,4
2017500145465,1,17,4,18,0,0,0,0,0,0,2,1,1,1,20,4,-1,-1,-1,2,1,2
2017500145465,2,9,0,18,0,0,0,0,0,0,1,1,5,2,31,6,1991,2,14,3,1,3
2017500145568,1,9,0,18,0,0,0,0,0,0,1,1,2,1,20,4,1896,2,17,3,2,3
2017500145568,2,9,0,18,0,0,0,0,0,0,2,1,2,2,19,4,1124,1,13,7,1,7
2017500145802,1,9,0,13,0,8,5,0,7,0,1,1,5,1,79,11,1560,2,6,5,3,5
2017500145802,2,9,0,9,0,5,0,0,0,0,1,1,5,1,89,11,1298,1,17,5,3,5
2017500145828,1,9,0,18,0,1,0,0,0,0,1,1,1,2,34,6,1248,2,9,3,1,3
2017500145828,2,9,0,7,0,6,0,0,0,0,3,1,5,1,90,11,1769,1,12,7,3,7
2017500145850,1,19,0,18,0,0,0,0,1,0,1,1,2,1,35,6,1870,2,11,7,1,7
2017500145850,2,9,0,18,0,0,0,0,0,0,2,1,1,2,54,8,1242,1,11,8,1,8
2017500145850,3,9,0,18,0,0,0,0,0,0,2,1,1,2,53,8,1248,1,7,8,1,8
2017500146150,1,9,0,18,0,1,5,0,0,0,1,1,5,1,18,4,1149,1,14,3,1,3
2017500146207,1,9,0,4,0,4,0,0,0,0,1,1,1,2,60,9,998,1,11,3,1,3
2017500146207,2,3,0,10,0,3,0,0,0,0,4,1,1,2,45,7,125,1,3,3,1,3
2017500146210,1,9,0,9,0,6,0,0,0,0,2,1,6,2,53,8,1399,2,8,5,3,5
2017500146210,2,9,0,16,0,1,0,0,0,0,1,1,1,1,44,7,1597,1,17,6,2,6
2017500146225,1,9,0,9,0,1,0,0,0,0,1,1,5,2,22,5,998,1,16,7,1,7
2017500146225,2,3,0,18,0,1,0,0,0,0,1,1,2,1,61,9,124,1,16,3,3,3
2017500146233,1,9,0,18,0,3,0,0,0,0,1,1,6,1,20,4,1108,1,16,4,3,4
2017500146233,2,9,0,18,0,1,1,0,0,0,1,1,6,1,45,7,1973,1,16,4,3,4
2017500146236,1,19,0,1,9,0,0,0,0,0,2,1,1,1,36,7,2198,2,10,5,1,5
2017500146248,1,9,0,17,0,0,1,0,0,0,1,1,5,2,38,7,-1,-1,-1,4,3,4
2017500146248,2,9,0,3,0,0,0,0,0,0,3,1,6,1,64,9,898,1,1,5,1,5
2017500146248,3,9,0,3,0,0,0,0,0,0,2,1,6,1,28,6,1595,1,1,1,1,1
2017500146248,4,9,0,3,0,0,0,0,0,0,2,1,6,2,21,5,1200,1,1,7,2,7
2017500146248,5,9,0,3,0,0,0,0,0,0,4,1,6,2,50,8,1968,2,3,9,3,9
2017500146259,1,9,0,18,0,0,1,0,1,0,1,1,5,1,25,5,1364,1,8,4,3,4
2017500146261,1,9,0,1,0,1,0,0,0,0,1,1,6,3,-1,-1,1598,1,16,-1,-1,-1
2017500146261,2,9,0,2,0,1,0,0,0,0,0,1,1,2,-1,-1,1686,2,4,-1,-1,-1
2017500146263,1,9,0,18,0,0,0,0,0,0,3,1,6,2,60,9,1560,2,8,4,1,4
2017500146286,1,11,0,2,0,2,0,0,0,0,3,1,1,1,54,8,12000,2,9,3,1,3
2017500146286,2,9,0,5,0,1,0,0,0,0,3,1,5,1,86,11,1686,2,22,1,1,1
2017500146298,1,9,0,18,0,0,0,0,0,0,1,1,6,1,20,4,1422,2,9,7,3,7
2017500146298,2,9,0,3,0,0,0,0,0,0,2,1,1,1,47,8,1229,1,2,3,1,3
2017500146298,3,9,0,3,0,0,0,0,0,0,2,1,5,1,44,7,1998,1,18,5,1,5
2017500146321,1,9,0,18,0,8,0,0,0,0,1,1,5,1,34,6,2188,2,13,4,3,4
2017500146321,2,9,0,10,0,5,0,0,0,0,2,1,5,1,34,6,1339,1,12,4,3,4
2017500146394,1,9,0,13,0,0,0,0,4,6,2,1,5,1,51,8,1598,1,2,3,1,3
2017500146394,2,9,0,18,0,0,0,0,0,0,1,1,5,1,38,7,1598,1,9,8,1,8
2017500146419,1,9,0,16,0,0,1,0,0,0,3,1,5,1,19,4,1299,1,16,4,3,4
2017500146419,2,19,0,18,0,0,5,0,2,0,1,1,1,1,53,8,2198,2,4,5,3,5
2017500146670,1,9,0,11,0,5,0,0,0,0,1,1,1,1,68,10,1000,1,17,-1,-1,-1
2017500146670,2,3,0,18,0,1,0,0,0,0,2,1,1,1,39,7,108,1,2,5,3,5
2017500146693,1,9,0,16,0,0,0,0,0,0,1,1,5,1,34,6,1968,2,8,6,1,6
2017500146759,1,3,0,18,0,1,0,0,0,0,4,1,6,1,17,4,124,1,10,3,1,3
2017500146759,2,9,0,7,0,6,0,0,0,0,1,1,6,3,-1,-1,-1,-1,-1,-1,-1,-1
2017500147174,1,98,0,7,0,5,5,10,7,0,3,1,1,1,41,7,-1,-1,-1,1,1,1
2017500147196,1,3,0,16,0,0,0,0,0,0,1,1,2,1,17,4,125,1,1,5,3,5
2017500147196,2,9,0,17,0,0,0,0,0,0,1,1,5,1,67,10,1582,2,1,-1,-1,-1
2017500147213,1,9,0,5,0,2,0,0,0,0,1,1,6,1,17,4,1389,1,15,4,2,4
2017500147223,1,11,0,18,0,0,0,0,0,0,1,1,5,2,64,9,-1,-1,-1,4,3,4
2017500147241,1,9,0,9,0,0,0,0,0,0,3,1,6,2,56,9,1332,1,13,5,1,5
2017500147241,2,3,0,18,0,0,0,0,0,0,3,1,6,1,18,4,124,1,10,1,1,1
2017500147243,1,9,0,18,0,0,0,0,0,0,1,1,6,2,23,5,1149,1,16,5,1,5
2017500147696,1,9,0,13,0,0,0,0,0,0,4,1,6,2,62,9,1997,2,1,4,2,4
2017500147696,2,11,0,16,0,0,0,0,0,0,3,1,1,2,43,7,2151,2,16,3,3,3
2017500147717,1,9,0,18,0,0,0,0,0,0,4,1,5,1,78,11,1988,1,16,9,1,9
2017500147718,1,9,0,18,0,1,0,0,0,0,1,1,1,2,58,9,1995,2,2,7,1,7
2017500147718,2,9,0,10,0,5,0,0,0,0,2,1,1,1,45,7,-1,-1,-1,6,1,6
2017500147729,1,9,0,18,0,0,2,0,8,0,1,1,5,1,29,6,1363,2,14,-1,-1,-1
2017500147741,1,9,0,17,0,8,2,0,8,4,3,1,5,1,18,4,1461,2,15,4,2,4
2017500147754,1,9,0,7,0,4,0,0,0,0,1,1,5,1,37,7,1390,1,10,4,1,4
2017500147754,2,1,0,18,0,3,5,0,0,0,1,1,5,1,59,9,-1,-1,-1,8,1,8
2017500147767,1,9,0,18,0,0,0,0,0,0,1,1,6,3,-1,-1,-1,-1,-1,-1,-1,-1
2017500147872,1,9,0,4,0,0,0,0,0,0,1,1,5,1,86,11,1596,1,3,7,1,7
2017500147872,2,9,0,4,0,0,0,0,0,0,2,1,5,2,54,8,-1,-1,-1,9,1,9
2017500147941,1,9,0,2,0,0,0,0,0,0,2,1,6,1,50,8,1299,1,18,9,2,9
2017500147941,2,9,0,2,0,0,1,4,0,0,1,1,5,2,27,6,1995,2,2,3,1,3
2017500147941,3,9,0,18,0,0,1,4,1,4,1,1,1,2,57,9,1560,2,5,6,1,6
2017500147970,1,9,0,6,0,0,0,0,0,0,3,1,2,1,43,7,1896,2,12,5,1,5
2017500147970,2,5,0,18,0,0,0,0,0,0,1,1,2,1,37,7,599,1,18,5,1,5
2017500148153,1,3,0,17,0,8,0,0,0,0,1,1,6,1,55,8,124,1,9,1,2,1
2017500148153,2,9,0,10,0,8,0,0,0,0,1,1,6,1,43,7,1900,2,19,4,3,4
2017500148206,1,9,0,18,0,8,0,10,0,0,1,1,5,2,42,7,1395,1,2,7,1,7
2017500148206,2,9,0,10,0,5,0,0,0,0,1,1,5,2,22,5,-1,-1,-1,3,3,3
2017500148214,1,9,0,18,0,0,5,0,0,0,1,1,5,2,26,6,1461,2,14,6,3,6
2017500148214,2,9,0,3,0,0,0,0,0,0,2,1,5,1,39,7,1995,2,10,8,1,8
2017500148253,1,9,0,3,0,8,0,0,0,0,1,1,6,1,52,8,1299,1,18,8,1,8
2017500148253,2,9,0,3,0,8,0,0,0,0,2,1,6,1,50,8,1461,2,7,8,1,8
2017500148304,1,11,0,18,0,0,0,0,0,0,0,1,1,1,45,7,9000,2,5,8,1,8
2017500148304,2,98,0,11,0,0,0,0,0,0,0,1,6,3,-1,-1,-1,-1,-1,-1,-1,-1
2017500148376,1,3,0,18,0,0,1,0,0,0,2,1,6,2,25,5,125,1,3,2,1,2
2017500148376,2,9,0,10,0,0,0,0,0,0,0,1,6,1,42,7,1997,1,15,10,1,10
2017500148415,1,9,0,4,0,1,1,0,0,0,1,1,2,1,40,7,1798,1,9,7,2,7
2017500148415,2,9,0,3,0,1,1,0,0,0,2,1,2,2,30,6,2179,2,10,1,1,1
2017500148438,1,9,0,9,0,6,0,0,0,0,1,1,6,1,24,5,1895,1,18,2,1,2
2017500148438,2,3,0,18,0,1,0,0,0,0,4,1,1,1,24,5,124,1,18,3,1,3
2017500148472,1,9,0,8,0,2,0,0,0,0,1,1,6,1,37,7,-1,-1,-1,5,3,5
2017500148472,2,9,0,18,0,8,0,0,0,0,4,1,6,2,38,7,2198,1,12,3,1,3
2017500148557,1,9,0,16,0,0,0,0,2,0,1,1,5,1,76,11,1318,1,1,7,2,7
2017500148557,2,9,0,17,0,0,0,0,1,0,1,1,5,1,53,8,899,1,4,7,2,7
2017500148668,1,9,0,18,0,1,0,0,0,0,1,1,5,1,78,11,1686,2,10,4,3,4
2017500148668,2,9,0,18,0,1,0,0,0,0,3,1,5,2,51,8,1124,1,12,-1,-1,-1
2017500148691,1,9,0,18,0,0,0,0,0,0,1,1,6,1,63,9,1390,1,11,3,1,3
2017500148691,2,1,0,18,0,0,0,0,0,0,3,1,6,1,49,8,-1,-1,-1,4,1,4
2017500148711,1,11,0,18,0,0,0,0,0,0,3,1,1,1,64,9,7300,2,16,4,1,4
2017500148711,2,9,0,3,0,0,0,0,0,0,3,1,5,1,40,7,1598,1,14,3,1,3
2017500148760,1,9,0,18,0,0,0,0,0,0,3,1,5,2,28,6,1998,1,13,-1,-1,-1
2017500148760,2,9,0,18,0,0,0,0,0,0,1,1,5,1,34,6,2993,2,11,5,1,5
2017500148760,3,90,0,11,0,0,0,0,0,0,4,1,5,1,42,7,-1,-1,-1,3,1,3
2017500148806,1,9,0,18,0,0,1,0,1,0,1,1,5,1,33,6,1686,2,12,-1,-1,-1
2017500148806,2,9,0,18,0,0,0,0,0,0,2,1,6,1,44,7,1598,2,6,6,1,6
2017500148842,1,9,0,18,0,4,0,0,0,0,1,1,1,2,32,6,1124,1,13,1,1,1
2017500148842,2,9,0,18,0,3,0,0,0,0,4,1,5,1,21,5,1229,1,6,6,3,6
2017500148883,1,9,0,18,0,1,5,0,8,10,1,1,2,2,36,7,1796,1,11,6,3,6
2017500148913,1,9,0,13,0,0,0,0,0,0,1,1,5,1,37,7,1796,1,9,4,3,4
2017500148913,2,9,0,18,0,0,0,0,0,0,3,1,5,1,38,7,2204,2,12,5,3,5
2017500148913,3,9,0,18,0,0,0,0,0,0,3,1,5,1,53,8,1124,1,8,5,2,5
2017500149144,1,9,0,18,0,0,-1,0,0,0,4,1,6,2,42,7,2967,2,1,9,2,9
2017500149216,1,9,0,18,0,1,0,0,0,0,1,1,6,1,50,8,2184,2,12,5,3,5
2017500149216,2,9,0,4,0,1,0,0,0,0,2,1,6,1,57,9,-1,-1,-1,8,2,8
2017500149216,3,9,0,3,0,1,0,0,0,0,2,1,6,1,46,8,898,1,3,5,2,5
2017500149244,1,9,0,18,0,0,0,0,0,0,2,1,6,2,45,7,1149,1,14,-1,-1,-1
2017500149244,2,1,0,18,0,0,0,0,0,0,1,1,5,1,63,9,-1,-1,-1,2,1,2
2017500149244,3,1,0,18,0,0,0,0,0,0,1,1,5,1,56,9,-1,-1,-1,4,3,4
2017500149265,1,9,0,17,0,0,0,0,0,0,4,1,5,1,91,11,1390,1,10,7,3,7
2017500149389,1,9,0,17,0,8,0,9,0,0,1,1,5,1,23,5,1984,1,14,2,1,2
2017500149667,1,9,0,18,0,0,0,0,0,0,1,1,5,1,33,6,1560,2,3,5,3,5
2017500149667,2,9,0,16,0,0,1,0,0,0,1,1,5,1,62,9,1905,2,22,4,3,4
2017500149667,3,19,0,16,0,0,2,0,0,0,4,1,5,1,25,5,1910,2,14,6,2,6
2017500149667,4,19,0,4,0,0,1,0,0,0,1,1,5,1,25,5,1995,2,6,4,2,4
2017500149691,1,9,0,16,0,0,0,0,0,0,1,1,2,2,47,8,1242,1,8,1,1,1
2017500149691,2,9,0,17,0,0,0,0,0,0,3,1,1,1,54,8,-1,-1,-1,5,3,5
2017500149718,1,9,0,4,0,0,0,0,0,0,2,1,1,1,27,6,-1,-1,-1,9,3,9
2017500149718,2,19,0,4,0,0,0,0,0,0,1,1,1,1,24,5,2198,2,7,-1,-1,-1
2017500149718,3,19,0,4,0,0,0,0,1,0,0,1,1,1,38,7,2198,2,1,5,1,5
2017500149718,4,9,0,4,0,0,1,0,1,1,1,1,2,2,52,8,1560,2,9,6,2,6
2017500149727,1,9,0,17,0,0,0,0,1,11,1,1,6,1,84,11,996,1,1,3,3,3
2017500149808,1,9,0,9,0,1,0,0,0,0,1,1,1,1,54,8,998,1,1,7,3,7
2017500149808,2,97,0,18,0,1,0,0,0,0,1,1,1,1,31,6,-1,-1,-1,5,1,5
2017500149933,1,19,0,18,0,0,2,0,1,0,3,1,1,1,32,6,2143,2,7,5,1,5
2017500149948,1,9,0,18,0,0,0,0,0,0,1,1,5,2,49,8,1896,2,13,4,1,4
2017500149948,2,9,0,18,0,0,0,0,0,0,2,1,5,1,75,10,1197,1,2,9,1,9
2017500149976,1,9,0,9,0,8,0,0,0,0,1,1,2,2,46,8,-1,-1,-1,4,3,4
2017500149976,2,9,0,18,0,8,0,0,0,0,1,1,5,1,20,4,1398,2,10,5,1,5
2017500150245,1,19,0,18,0,1,0,0,0,0,3,1,1,1,28,6,1995,2,5,6,1,6
2017500150245,2,1,0,18,0,1,5,0,0,0,4,1,5,1,37,7,-1,-1,-1,4,1,4
2017500150263,1,9,0,18,0,8,0,0,0,0,1,1,5,2,63,9,1600,1,6,9,1,9
2017500150263,2,19,0,9,0,5,0,0,0,0,2,1,1,1,24,5,2198,2,4,4,2,4
2017500150290,1,9,0,9,0,0,0,0,0,0,1,1,2,2,27,6,1596,1,15,5,2,5