Accident_Index,Vehicle_Reference,Vehicle_Type,Towing_and_Articulation,Vehicle_Manoeuvre,Vehicle_Location-Restricted_Lane,Junction_Location,Skidding_and_Overturning,Hit_Object_in_Carriageway,Vehicle_Leaving_Carriageway,Hit_Object_off_Carriageway,1st_Point_of_Impact,Was_Vehicle_Left_Hand_Drive?,Journey_Purpose_of_Driver,Sex_of_Driver,Age_of_Driver,Age_Band_of_Driver,Engine_Capacity_(CC),Propulsion_Code,Age_of_Vehicle,Driver_IMD_Decile,Driver_Home_Area_Type,Vehicle_IMD_Decile
2017500156445,2,9,0,18,0,0,0,0,0,0,1,1,5,2,18,4,1405,1,13,3,3,3
2017500156446,1,9,0,18,0,0,0,0,0,0,4,1,6,3,-1,-1,-1,-1,-1,-1,-1,-1
2017500156447,1,9,0,4,0,0,0,0,0,0,1,1,2,1,37,7,1998,8,2,2,1,2
2017500156447,2,9,0,4,0,0,0,0,0,0,2,1,1,1,37,7,1968,2,3,2,1,2
2017500156449,1,9,0,17,0,1,0,0,0,0,1,1,2,1,25,5,1781,1,16,8,1,8
2017500156449,2,9,0,4,0,1,0,0,1,0,2,1,2,1,33,6,1199,1,4,4,3,4
2017500156480,1,5,0,16,0,1,5,0,0,0,4,1,2,1,51,8,583,1,19,4,1,4
2017500156493,1,9,0,7,0,6,0,0,1,0,3,1,5,2,60,9,1198,1,1,2,1,2
2017500156493,2,9,0,18,0,1,0,0,0,0,1,1,5,1,29,6,1968,2,7,6,3,6
2017500156502,1,20,1,1,0,1,0,0,0,0,2,1,2,1,51,8,12740,2,1,9,1,9
2017500156502,2,9,0,18,0,1,5,0,7,0,1,1,5,1,20,4,1598,1,8,9,1,9
2017500156502,3,9,0,18,0,1,0,0,1,0,4,1,5,1,23,5,1596,1,2,7,1,7
2017500156504,1,9,0,16,0,0,5,10,0,0,1,1,2,2,23,5,1242,1,16,3,1,3
2017500156506,1,9,0,18,0,1,0,0,0,0,1,1,6,1,19,4,1149,1,13,8,1,8
2017500156506,2,9,0,3,0,1,0,0,0,0,2,1,5,1,70,10,1796,2,5,7,3,7
2017500156513,1,9,0,18,0,6,0,0,0,0,1,1,6,2,72,10,1596,1,7,6,1,6
2017500156513,2,9,0,18,0,1,0,0,0,0,1,1,6,2,67,10,1796,1,21,3,1,3
2017500156522,1,1,0,18,0,0,0,0,0,0,1,1,6,1,20,4,-1,-1,-1,3,1,3
2017500156522,2,9,0,18,0,0,0,0,0,0,3,1,6,1,36,7,2494,2,3,3,1,3
2017500156534,1,9,0,16,0,0,1,0,0,0,1,1,5,1,47,8,2495,2,11,4,3,4
2017500156534,2,19,0,17,0,0,1,0,0,0,1,1,5,1,37,7,1560,2,5,3,3,3
2017500156552,1,9,0,18,0,0,0,0,0,0,4,1,5,1,73,10,3200,2,12,5,3,5
2017500156885,1,9,0,18,0,0,1,0,1,0,3,1,1,1,30,6,998,1,8,3,1,3
2017500156885,2,20,0,18,0,0,0,0,0,0,3,1,1,1,42,7,2998,2,5,6,1,6
2017500156897,1,9,0,16,0,1,1,7,3,0,1,1,5,2,29,6,1598,1,13,5,2,5
2017500156902,1,19,0,5,0,6,0,0,0,0,3,1,6,1,71,10,1753,2,10,8,1,8
2017500156902,2,9,0,18,0,1,0,0,0,0,1,1,6,2,20,4,999,1,14,6,1,6
2017500156905,1,9,0,18,0,0,0,0,0,0,4,1,6,2,53,8,2967,2,10,8,3,8
2017500156905,2,1,0,15,0,0,0,0,0,0,3,1,6,1,23,5,-1,-1,-1,4,1,4
2017500156913,1,9,0,17,0,0,5,10,0,0,1,1,5,2,21,5,1061,1,14,4,2,4
2017500156924,1,3,0,18,0,1,0,0,0,0,1,1,6,1,63,9,124,1,9,4,1,4
2017500156924,2,9,0,9,0,5,0,0,0,0,0,1,6,1,58,9,1995,2,2,7,1,7
2017500157030,1,9,0,18,0,8,0,0,0,0,1,1,5,2,69,10,1397,1,5,4,3,4
2017500157030,2,9,0,9,0,8,0,0,3,0,2,1,5,1,40,7,1461,2,12,4,3,4
2017500157253,1,9,0,17,0,0,1,0,0,0,1,1,1,1,46,8,1299,1,9,4,1,4
2017500157261,1,9,0,7,0,0,2,0,2,10,4,1,6,1,24,5,1796,1,17,4,3,4
2017500157267,1,9,0,9,0,0,0,0,0,0,1,1,1,2,53,8,1398,2,15,2,1,2
2017500157267,2,5,0,18,0,0,5,0,0,0,1,1,2,1,60,9,738,1,27,1,1,1
2017500157267,3,9,0,3,0,0,0,0,0,0,3,1,5,1,43,7,2148,2,8,2,1,2
2017500157269,1,9,0,18,0,0,1,0,0,0,1,1,1,2,32,6,1242,1,13,3,1,3
2017500157270,1,9,0,16,0,0,1,0,0,0,1,1,1,1,23,5,-1,-1,-1,2,1,2
2017500157270,2,19,0,18,0,0,0,0,0,0,1,1,1,1,29,6,2198,2,2,5,3,5
2017500157273,1,9,0,18,0,0,1,0,0,0,4,1,2,2,22,5,1242,1,13,4,1,4
2017500157273,2,9,0,18,0,0,0,0,0,0,1,1,2,1,42,7,1587,1,12,10,1,10
2017500157284,1,9,0,18,0,0,2,0,7,10,1,1,5,2,24,5,1781,1,17,6,2,6
2017500157286,1,9,0,4,0,0,1,0,0,0,1,1,2,1,20,4,1124,1,17,5,1,5
2017500157286,2,9,0,4,0,0,0,0,0,0,2,1,2,2,51,8,1796,1,16,5,1,5
2017500157287,1,9,0,18,0,0,0,12,2,0,1,1,2,1,45,7,1988,1,18,5,2,5
2017500157306,1,9,0,18,0,8,0,0,0,0,3,1,6,3,-1,-1,-1,-1,-1,-1,-1,-1
2017500157339,1,9,0,18,0,0,0,0,0,0,1,1,5,2,22,5,998,1,6,5,1,5
2017500157344,1,5,0,16,0,0,0,0,0,0,1,1,6,1,53,8,1200,1,17,8,1,8
2017500157344,2,9,0,17,0,0,0,0,0,0,1,1,6,2,24,5,1398,2,8,5,3,5
2017500157368,1,9,0,17,0,0,2,0,7,0,1,1,5,2,82,11,1422,2,13,4,3,4
2017500157370,1,19,0,18,0,5,0,0,3,10,1,1,6,2,24,5,1998,2,16,1,1,1
2017500157390,1,9,0,18,9,1,0,0,0,0,1,1,6,1,80,11,1318,1,1,7,1,7
2017500157390,2,9,0,9,0,1,0,0,0,0,2,1,6,1,33,6,1360,1,13,7,1,7
2017500157466,1,9,0,1,0,0,0,0,0,0,3,1,5,1,73,10,2184,2,13,4,3,4
2017500157663,1,9,0,9,0,6,0,0,0,0,3,1,5,2,61,9,1995,2,5,8,3,8
2017500157663,2,1,0,17,0,1,1,0,0,0,1,1,2,1,51,8,-1,-1,-1,2,1,2
2017500157665,1,9,0,17,0,8,0,0,0,0,1,1,6,1,26,6,1595,1,14,2,1,2
2017500157665,2,9,0,18,0,8,0,0,0,0,3,1,6,2,25,5,1596,1,8,6,2,6
2017500157671,1,9,0,17,0,0,0,0,0,0,1,1,1,2,22,5,1397,1,10,4,1,4
2017500157671,2,9,0,16,0,0,0,0,0,0,1,1,5,2,44,7,1398,1,1,4,1,4
2017500157677,1,3,0,18,0,0,1,0,0,0,1,1,5,1,17,4,124,1,1,7,2,7
2017500157677,2,9,0,5,0,0,0,0,0,0,3,1,5,1,58,9,2143,2,3,7,3,7
2017500157679,1,9,0,9,0,5,0,0,0,0,1,1,1,2,62,9,1968,2,1,4,2,4
2017500157679,2,97,0,18,0,2,0,0,0,0,3,1,6,1,21,5,-1,-1,-1,6,1,6
2017500157694,1,4,0,18,0,2,0,0,0,0,1,1,6,1,21,5,398,1,25,3,1,3
2017500157697,1,9,0,17,0,0,2,0,0,0,3,1,1,1,35,6,1598,2,5,9,1,9
2017500157699,1,9,0,9,0,1,0,0,0,0,4,1,6,1,24,5,998,1,14,4,1,4
2017500157699,2,3,0,18,0,1,0,0,0,0,1,1,6,1,41,7,124,1,15,1,1,1
2017500157702,1,98,0,16,0,0,0,0,7,0,1,1,1,1,21,5,-1,-1,-1,5,3,5
2017500157702,2,9,4,17,0,0,0,0,0,0,3,1,6,1,34,6,2494,2,15,4,3,4
2017500157705,1,9,0,10,0,0,0,0,0,0,4,1,5,1,63,9,1560,2,8,5,2,5
2017500157705,2,5,0,18,0,0,5,0,0,0,1,1,5,1,51,8,1199,1,3,7,3,7
2017500157705,3,9,0,18,0,0,0,0,0,0,0,1,5,1,78,11,1461,2,2,5,3,5
2017500157727,1,9,0,9,0,4,0,0,0,0,1,1,6,1,18,4,1598,2,1,3,1,3
2017500157727,2,1,0,18,0,8,0,0,0,0,1,1,6,1,40,7,-1,-1,-1,2,1,2
2017500157733,1,9,0,18,0,0,0,0,0,0,1,1,2,1,66,10,1560,2,2,6,3,6
2017500157733,2,5,0,13,0,0,0,0,7,0,1,1,6,1,60,9,1084,1,21,4,3,4
2017500157746,1,19,0,9,0,5,0,0,0,0,4,1,1,1,42,7,2402,2,11,3,1,3
2017500157746,2,9,0,18,0,1,0,0,0,0,1,1,2,2,22,5,1399,2,5,4,2,4
2017500157746,3,9,0,8,0,6,0,0,0,0,1,1,6,2,29,6,1968,2,11,5,1,5
2017500157781,1,9,0,16,0,0,2,10,0,0,0,1,5,1,34,6,999,1,3,5,3,5
2017500157785,1,9,0,16,0,8,5,0,1,10,4,1,5,1,19,4,1995,1,15,6,3,6
2017500157883,1,9,0,18,0,0,1,0,0,0,1,1,1,1,31,6,1560,2,6,4,3,4
2017500157883,2,9,0,4,0,0,0,0,0,0,2,1,1,1,40,7,2993,2,10,6,3,6
2017500157883,3,9,0,4,0,0,0,0,0,0,2,1,1,2,36,7,1997,2,15,5,2,5
2017500158066,1,9,0,18,0,8,0,0,0,0,2,1,6,2,52,8,1598,1,12,2,1,2
2017500158066,2,9,0,18,0,4,0,0,0,0,1,1,6,1,51,8,1598,1,5,8,1,8
2017500158072,1,9,0,18,0,0,0,0,0,0,4,1,6,1,33,6,1997,2,8,4,1,4
2017500158094,1,9,0,17,0,0,0,0,7,0,3,1,6,1,60,9,1498,1,-1,4,3,4
2017500158129,1,9,0,18,0,0,0,0,0,0,1,1,3,2,22,5,1596,1,11,5,3,5
2017500158130,1,9,0,18,0,0,0,0,0,0,4,1,6,1,47,8,1991,1,1,-1,-1,-1
2017500158130,2,1,0,18,0,0,0,0,0,0,3,1,5,1,57,9,-1,-1,-1,8,1,8
2017500158157,1,9,0,16,0,0,1,0,8,10,1,1,1,2,46,8,1598,1,14,3,3,3
2017500158379,1,9,0,18,0,0,1,0,4,0,1,1,5,1,22,5,3246,1,15,6,1,6
2017500158379,2,11,0,18,0,0,0,0,0,0,1,1,6,1,60,9,4146,2,13,5,2,5
2017500158445,1,9,0,18,0,0,1,0,0,0,2,1,6,1,18,4,1596,1,11,8,1,8
2017500158445,2,9,0,18,0,0,0,0,0,0,1,1,1,1,38,7,-1,-1,-1,5,2,5
2017500158447,1,9,0,9,0,5,0,0,0,0,1,1,5,2,59,9,1299,1,9,6,1,6
2017500158476,1,9,0,17,0,0,1,0,0,0,1,1,1,2,31,6,1389,1,14,1,1,1
2017500158476,2,3,0,17,0,0,1,0,0,0,0,1,1,1,32,6,125,1,4,3,1,3
2017500158480,1,9,0,9,0,5,0,0,0,0,1,1,6,3,-1,-1,-1,-1,-1,-1,-1,-1
2017500158480,2,1,0,18,0,1,5,0,0,0,1,1,5,1,20,4,-1,-1,-1,4,1,4
2017500158481,1,8,0,18,0,8,0,0,0,0,1,1,1,1,37,7,1598,2,3,2,1,2
2017500158481,2,1,0,7,0,8,0,0,0,0,2,1,5,1,21,5,-1,-1,-1,6,1,6
2017500158488,1,9,0,18,0,1,0,0,1,9,1,1,5,1,45,7,1199,1,16,-1,-1,-1
2017500158488,2,21,1,1,0,5,0,0,0,0,3,1,1,1,48,8,12809,2,4,9,1,9
2017500158497,1,9,0,9,0,5,0,0,0,0,4,1,3,1,40,7,1796,1,9,4,1,4
2017500158497,2,1,0,18,0,1,0,0,0,0,1,1,6,1,19,4,-1,-1,-1,4,3,4
2017500158500,1,9,0,9,0,0,0,0,0,0,3,1,1,1,39,7,-1,-1,-1,6,1,6
2017500158500,2,9,0,18,0,0,0,0,0,0,4,1,5,2,29,6,-1,-1,-1,5,3,5
2017500158525,1,9,0,5,0,8,1,0,0,0,1,1,6,1,71,10,1343,1,14,2,1,2
2017500158525,2,9,0,5,0,8,1,0,0,0,1,1,6,1,43,7,1598,1,9,3,1,3
2017500158533,1,9,0,18,0,8,0,0,0,0,1,1,5,2,31,6,1598,1,15,5,3,5
2017500158533,2,9,0,4,0,8,0,0,0,0,2,1,5,2,69,10,1108,1,11,6,1,6
2017500158553,1,9,0,18,0,8,0,0,0,0,1,1,6,2,50,8,1596,1,13,3,1,3
2017500158553,2,1,0,18,0,8,0,0,0,0,1,1,6,1,-1,-1,-1,-1,-1,-1,-1,-1
2017500158588,1,9,0,3,0,0,0,0,0,0,2,1,5,2,48,8,1398,2,9,10,1,10
2017500158609,1,9,0,18,0,0,0,0,0,0,4,1,5,2,29,6,1598,1,13,7,2,7
2017500158609,2,9,0,18,0,0,0,0,0,0,0,1,6,3,-1,-1,-1,-1,-1,-1,-1,-1
2017500158843,1,3,0,18,0,1,2,0,0,0,0,1,6,1,48,8,124,1,1,1,1,1
2017500158843,2,9,0,3,0,1,0,0,0,0,0,1,6,2,56,9,1984,1,9,8,1,8
2017500158926,1,9,0,17,0,8,0,0,0,0,3,1,1,1,51,8,-1,-1,-1,3,3,3
2017500158926,2,9,0,18,0,3,0,0,0,0,1,1,5,1,87,11,1240,1,8,9,1,9
2017500158926,3,9,0,18,0,8,0,0,0,0,4,1,5,1,39,7,1956,2,6,3,1,3
2017500159041,1,9,0,17,0,0,2,0,0,0,1,1,5,2,17,4,996,1,8,7,3,7
2017500159105,1,9,0,17,0,0,5,0,8,11,1,1,5,2,67,10,1360,1,11,5,3,5
2017500159111,1,9,0,18,0,0,0,0,0,0,1,1,6,3,-1,-1,-1,-1,-1,-1,-1,-1
2017500159170,1,9,0,18,0,1,0,0,0,0,4,1,5,2,47,8,998,1,6,2,1,2
2017500159209,1,9,0,18,0,0,0,0,0,0,1,1,6,1,55,8,1596,1,8,8,2,8
2017500159209,2,9,0,18,0,0,0,0,0,0,1,1,6,1,55,8,1997,2,9,4,3,4
2017500159271,1,9,0,18,0,8,0,0,2,0,1,1,5,2,36,7,1598,2,2,-1,-1,-1
2017500159306,1,4,0,18,0,0,0,10,1,0,1,1,5,1,75,10,865,1,8,7,2,7
2017500159381,1,9,0,16,0,0,1,0,0,0,1,1,2,1,31,6,1498,1,22,-1,-1,-1
2017500159406,1,9,0,1,0,0,0,0,0,0,2,1,6,1,63,9,1560,2,12,5,3,5
2017500159406,2,9,0,3,0,0,0,0,0,0,1,1,3,2,32,6,1796,1,13,3,1,3
2017500159442,1,3,0,18,0,0,1,4,0,0,4,1,1,1,33,6,125,1,1,6,2,6
2017500159442,2,9,0,2,0,0,0,0,0,0,2,1,5,2,20,4,1242,1,9,8,1,8
2017500159456,1,9,0,18,0,8,0,0,0,0,1,1,6,1,36,7,1582,2,1,10,1,10
2017500159456,2,1,0,18,0,8,0,0,0,0,3,1,6,1,31,6,-1,-1,-1,7,2,7
2017500159458,1,9,0,18,0,1,0,0,0,0,1,1,6,2,-1,-1,1968,2,3,4,1,4
2017500159458,2,9,0,10,0,1,0,0,0,0,2,1,6,2,64,9,2688,2,15,6,3,6
2017500159533,1,9,0,7,0,8,1,0,8,3,3,1,5,2,37,7,1997,2,15,4,2,4
2017500159565,1,9,0,3,0,1,0,0,0,0,2,1,6,1,31,6,1686,2,10,6,1,6
2017500159565,2,9,0,3,0,1,0,0,0,0,1,1,6,2,50,8,1086,1,11,1,1,1
2017500159595,1,9,0,17,0,0,1,0,7,4,4,1,2,2,23,5,1560,2,9,5,3,5
2017500159635,1,9,0,18,0,3,0,0,0,0,1,1,3,2,39,7,1753,2,14,1,1,1
2017500159791,1,9,0,18,0,1,0,0,0,0,1,1,6,1,36,7,1587,1,11,3,3,3
2017500159791,2,9,0,18,0,1,1,0,0,0,1,1,6,1,49,8,2982,2,8,7,1,7
2017500159791,3,9,0,10,0,1,0,0,0,0,1,1,6,2,21,5,998,1,8,2,3,2
2017500159800,1,19,0,17,0,0,1,0,0,0,1,1,1,1,40,7,2143,2,3,4,1,4
2017500159800,2,9,0,16,0,0,0,0,0,0,1,1,5,2,26,6,1422,2,2,7,2,7
2017500159809,1,9,0,5,0,4,0,0,0,0,1,1,6,2,27,6,1229,1,5,9,1,9
2017500159809,2,1,0,18,0,8,0,0,0,0,4,1,6,1,39,7,-1,-1,-1,6,1,6
2017500159810,1,9,0,18,0,0,0,0,0,0,1,1,6,1,68,10,1598,1,14,8,1,8
2017500159810,2,9,0,3,0,0,0,0,0,0,2,1,1,2,48,8,1299,1,11,3,1,3
2017500159816,1,9,0,9,0,2,0,0,0,0,3,1,6,3,-1,-1,-1,-1,-1,-1,-1,-1
2017500159816,2,1,0,18,0,2,0,0,0,0,4,1,5,1,50,8,-1,-1,-1,6,1,6
2017500159845,1,9,0,18,0,1,0,0,0,0,1,1,1,1,27,6,1995,2,11,4,3,4
2017500159845,2,9,0,18,0,1,0,0,0,0,2,1,1,1,24,5,1984,1,15,4,3,4
2017500160007,1,9,0,18,0,8,0,0,4,0,1,1,1,2,33,6,1499,2,1,6,2,6
2017500160007,2,9,0,18,0,8,0,0,0,0,1,1,1,1,23,5,-1,-1,-1,4,3,4
2017500160007,3,21,1,18,0,8,0,0,0,0,1,1,1,1,32,6,16353,2,2,-1,3,-1
2017500160331,1,9,0,3,0,8,0,0,0,0,4,1,6,2,35,6,999,1,-1,4,2,4
2017500160331,2,1,0,18,0,8,0,0,0,0,1,1,1,1,32,6,-1,-1,-1,3,1,3
2017500160348,1,9,0,1,0,0,0,0,0,0,2,1,6,1,75,10,1998,1,12,6,2,6
2017500160348,2,1,0,18,0,0,0,0,0,0,2,1,6,2,44,7,-1,-1,-1,6,2,6
2017500160351,1,11,0,18,0,0,0,4,0,0,4,1,1,3,61,9,6700,2,1,6,1,6
2017500160351,2,9,0,2,0,0,0,0,0,0,4,1,6,2,26,6,796,1,17,4,1,4
2017500160356,1,9,0,9,0,8,0,0,0,0,1,1,5,1,33,6,1598,1,7,4,1,4
2017500160370,1,3,0,18,0,0,0,0,0,0,1,1,6,1,28,6,125,1,4,5,1,5
2017500160370,2,1,0,9,0,0,5,0,0,0,1,1,6,1,37,7,-1,-1,-1,7,1,7
2017500160465,1,9,0,7,0,5,0,0,0,0,1,1,6,2,55,8,1597,1,19,1,1,1
2017500160639,1,9,0,17,0,0,2,0,0,0,1,1,5,1,45,7,1998,1,24,3,1,3
2017500160639,2,9,0,2,0,0,0,0,0,0,3,1,5,2,64,9,1388,1,14,3,1,3
2017500160639,3,9,0,2,0,0,0,0,0,0,1,1,5,2,64,9,1598,2,2,3,1,3
2017500160659,1,9,0,18,0,0,1,0,0,0,1,1,5,2,32,6,1560,2,9,6,2,6
2017500160714,1,9,0,16,0,8,1,0,4,0,1,1,2,1,29,6,-1,-1,-1,6,3,6
2017500160714,2,9,0,18,0,8,0,0,0,0,0,1,1,1,60,9,3200,2,1,10,2,10
2017500160733,1,9,0,1,0,0,0,0,0,0,2,1,1,1,50,8,1896,2,12,5,3,5
2017500160734,1,9,0,5,0,0,0,0,0,0,1,1,5,1,72,10,-1,-1,-1,-1,-1,-1
2017500160734,2,98,0,18,0,0,0,0,7,0,1,1,1,1,70,10,-1,-1,-1,5,3,5
2017500160751,1,98,1,18,0,0,0,0,0,0,3,1,1,1,-1,-1,-1,-1,-1,10,1,10
2017500160751,2,9,0,18,0,0,0,0,0,0,3,1,5,2,51,8,1590,1,12,4,2,4
2017500160753,1,3,0,18,0,8,0,0,0,0,4,1,2,1,58,9,399,1,9,5,1,5
2017500160761,1,9,0,18,0,1,0,0,0,0,1,1,6,3,-1,-1,-1,-1,-1,-1,-1,-1
2017500160761,2,1,0,18,0,1,0,0,0,0,2,1,5,1,14,3,-1,-1,-1,2,3,2
2017500160764,1,90,0,10,0,1,0,0,0,0,3,1,1,1,56,9,2461,2,14,6,2,6
2017500160764,2,9,0,16,0,1,1,0,0,0,1,1,1,2,28,6,1149,1,15,4,3,4
2017500160777,1,9,0,18,0,4,0,0,0,0,3,1,6,1,73,10,1591,1,8,7,1,7
2017500160777,2,9,0,9,0,4,0,0,0,0,1,1,6,1,28,6,1968,2,8,5,3,5
2017500160777,3,9,0,4,0,2,0,0,0,0,2,1,6,2,41,7,1995,2,6,4,3,4
2017500160788,1,9,0,18,0,1,0,0,0,0,1,1,6,2,28,6,1399,1,1,1,1,1
2017500160788,2,3,0,18,0,2,0,0,0,0,1,1,6,1,28,6,125,1,1,4,1,4
2017500160798,1,9,0,18,0,0,5,0,1,0,4,1,5,1,79,11,1339,1,9,4,2,4
2017500160802,1,9,0,18,0,0,0,0,0,0,1,1,5,1,64,9,999,1,5,6,2,6
2017500160802,2,9,0,18,0,0,0,0,0,0,1,1,5,2,60,9,1461,2,3,6,3,6
2017500160802,3,9,0,18,0,0,0,0,0,0,1,1,6,2,48,8,1796,1,13,6,2,6
2017500160887,1,9,0,4,0,0,1,0,0,0,1,1,6,1,36,7,-1,-1,-1,4,3,4
2017500160887,2,9,0,4,0,0,0,0,0,0,2,1,6,2,53,8,1997,2,15,4,1,4
2017500160887,3,9,0,4,0,0,0,0,0,0,2,1,6,1,52,8,1968,2,2,5,1,5
2017500160933,1,9,0,3,0,0,0,0,0,0,3,1,3,2,43,7,1998,1,2,1,1,1
2017500160991,1,9,0,17,0,1,1,0,0,0,1,1,5,1,24,5,999,1,17,3,1,3
2017500160991,2,9,0,17,0,1,0,0,0,0,1,1,5,2,26,6,1149,1,15,2,1,2
2017500160991,3,9,0,10,6,1,0,0,0,0,0,1,1,1,47,8,-1,-1,-1,8,1,8
2017500161065,1,9,0,18,0,1,0,0,0,0,1,1,5,2,48,8,1798,1,10,8,1,8
2017500161065,2,1,0,9,0,1,0,0,0,0,1,1,5,1,59,9,-1,-1,-1,7,1,7
2017500161165,1,1,0,18,0,8,0,0,0,0,3,1,6,1,34,6,-1,-1,-1,1,1,1
2017500161165,2,9,0,18,0,1,0,0,0,0,1,1,6,1,50,8,1124,1,19,9,3,9
2017500161182,1,19,0,16,0,0,0,0,0,0,4,1,1,1,49,8,2143,2,5,2,3,2
2017500161186,1,19,0,16,0,0,1,0,0,0,1,1,6,2,53,8,2151,2,17,7,2,7
2017500161186,2,9,0,16,0,0,0,0,0,0,2,1,6,2,40,7,2402,2,8,4,3,4
2017500161191,1,3,0,18,0,8,0,0,0,0,1,1,5,1,35,6,125,1,13,2,1,2
2017500161191,2,9,0,9,0,1,0,0,0,0,4,1,5,1,56,9,1910,2,9,2,1,2
2017500161192,1,98,0,5,0,1,0,0,0,0,1,1,5,2,47,8,-1,-1,-1,4,1,4
2017500161192,2,9,0,3,0,1,1,9,7,0,2,1,5,2,42,7,1461,2,7,5,1,5
2017500161193,1,9,0,3,0,0,0,0,0,0,1,1,2,2,21,5,1198,1,11,3,1,3
2017500161193,2,9,0,4,0,0,0,0,0,0,2,1,2,2,47,8,1242,1,2,5,1,5
2017500161194,1,9,0,18,0,0,0,0,0,0,0,1,6,2,48,8,1364,1,1,4,3,4
2017500161194,2,3,0,18,0,0,1,0,0,0,4,1,6,1,22,5,49,1,2,2,2,2
2017500161210,1,8,0,9,0,8,0,0,1,0,4,1,5,1,32,6,1686,2,7,1,1,1
2017500161210,2,9,0,18,0,1,0,0,1,0,1,1,5,2,37,7,1461,2,5,5,1,5
2017500161214,1,3,0,14,0,0,0,0,0,0,1,1,4,1,17,4,124,1,15,4,3,4
2017500161216,1,9,0,5,0,6,0,0,0,0,1,1,6,1,25,5,1999,1,10,9,3,9
2017500161216,2,9,0,18,0,1,5,0,0,0,1,1,6,2,62,9,1999,2,1,9,3,9
2017500161225,1,9,0,17,0,0,5,0,1,0,1,1,6,1,33,6,1596,1,12,5,3,5
2017500161227,1,9,0,18,0,1,0,0,0,0,1,1,5,1,19,4,1149,1,17,5,2,5
2017500161227,2,9,0,4,0,1,0,0,0,0,2,1,2,1,51,8,995,1,12,4,3,4
2017500161233,1,9,0,18,0,1,0,0,0,0,1,1,5,2,31,6,1900,2,13,8,2,8
2017500161233,2,9,0,3,0,1,0,0,0,0,2,1,5,2,20,4,998,1,13,4,2,4
2017500161233,3,9,0,9,0,5,0,0,0,0,0,1,6,3,-1,-1,-1,-1,-1,-1,-1,-1
2017500161235,1,98,0,18,0,0,0,0,0,0,0,1,6,3,-1,-1,-1,-1,-1,-1,-1,-1
2017500161235,2,9,0,18,0,0,0,0,0,0,4,1,5,2,26,6,1896,1,20,3,3,3
2017500161243,1,9,0,17,0,0,2,0,0,0,4,1,5,1,18,4,1242,1,15,6,3,6
2017500161276,1,9,0,18,0,0,0,0,0,0,3,1,5,1,29,6,-1,-1,-1,3,1,3
2017500161288,1,9,0,18,0,0,0,0,1,2,1,1,6,2,24,5,-1,-1,-1,3,1,3
2017500161343,1,19,0,18,0,0,1,0,0,0,1,1,6,1,26,6,1598,2,1,3,1,3
2017500161343,2,9,0,18,0,0,0,0,0,0,1,1,6,1,61,9,1896,2,14,5,3,5
2017500161539,1,9,0,18,0,1,2,0,2,10,1,1,6,1,30,6,1598,1,14,6,1,6
2017500161539,2,11,0,18,0,1,0,0,0,0,0,1,1,1,50,8,9600,2,17,5,1,5
2017500161558,1,9,0,18,0,1,0,0,0,0,4,1,6,3,-1,-1,-1,-1,-1,-1,-1,-1
2017500161637,1,9,0,17,0,0,0,0,1,0,1,1,5,1,32,6,1527,2,16,3,2,3
2017500161655,1,9,0,18,0,0,5,0,0,0,1,1,5,2,69,10,1339,1,5,4,1,4
2017500161661,1,9,0,9,0,8,0,0,0,0,1,1,3,2,39,7,1598,1,12,3,1,3
2017500161661,2,1,0,5,0,8,5,0,0,0,3,1,5,1,73,10,-1,-1,-1,7,1,7
2017500161669,1,90,0,3,0,0,0,0,0,0,4,1,1,1,60,9,4500,2,2,4,1,4
2017500161674,1,5,0,18,0,0,1,0,1,1,1,1,1,1,22,5,649,1,3,5,1,5
2017500161688,1,9,0,16,0,1,0,0,0,0,1,1,5,1,55,8,1590,1,21,4,3,4
2017500161688,2,20,1,7,0,2,0,0,0,0,1,1,1,1,26,6,10837,2,9,6,3,6
2017500161695,1,9,0,16,0,0,0,0,0,0,1,1,6,3,-1,-1,-1,-1,-1,-1,-1,-1
2017500161701,1,3,0,13,0,0,1,0,0,0,1,1,6,1,17,4,125,1,8,6,3,6
2017500161701,2,9,0,4,0,0,0,0,0,0,2,1,1,2,40,7,1598,1,11,7,3,7
2017500161701,3,9,0,4,0,0,0,0,0,0,1,1,6,2,36,7,1598,1,17,6,3,6
2017500161705,1,9,0,14,0,0,0,0,0,0,1,1,6,1,-1,-1,-1,-1,-1,-1,-1,-1
2017500161713,1,9,0,16,0,0,0,0,8,0,1,1,5,1,24,5,2143,2,4,10,1,10
2017500161716,1,9,0,18,0,0,0,0,0,0,2,1,6,1,-1,-1,-1,-1,-1,-1,-1,-1
2017500161716,2,1,0,18,0,0,0,0,0,0,1,1,6,1,23,5,-1,-1,-1,5,1,5
2017500162160,1,19,0,18,0,6,0,0,0,0,3,1,6,1,55,8,1995,2,4,6,1,6
2017500162160,2,1,0,18,0,1,0,0,0,0,1,1,5,1,48,8,-1,-1,-1,7,1,7
2017500162175,1,9,0,9,0,1,0,0,0,0,1,1,1,1,30,6,1560,2,3,8,1,8
2017500162175,2,1,0,17,9,1,5,0,7,0,1,1,5,1,48,8,-1,-1,-1,8,1,8
2017500162429,1,9,0,18,0,0,0,0,0,0,1,1,6,2,34,6,1997,1,16,6,1,6