Accident_Index,Vehicle_Reference,Vehicle_Type,Towing_and_Articulation,Vehicle_Manoeuvre,Vehicle_Location-Restricted_Lane,Junction_Location,Skidding_and_Overturning,Hit_Object_in_Carriageway,Vehicle_Leaving_Carriageway,Hit_Object_off_Carriageway,1st_Point_of_Impact,Was_Vehicle_Left_Hand_Drive?,Journey_Purpose_of_Driver,Sex_of_Driver,Age_of_Driver,Age_Band_of_Driver,Engine_Capacity_(CC),Propulsion_Code,Age_of_Vehicle,Driver_IMD_Decile,Driver_Home_Area_Type,Vehicle_IMD_Decile
2017500162429,2,9,0,18,0,0,0,0,0,0,1,1,6,1,33,6,1781,1,13,7,3,7
2017500162488,1,9,0,18,0,0,0,0,0,0,1,1,5,1,73,10,1896,2,8,3,2,3
2017500162488,2,9,0,5,0,0,0,0,0,0,1,1,5,2,18,4,1240,1,12,3,2,3
2017500162488,3,9,0,2,0,0,0,0,0,0,2,1,5,2,63,9,-1,-1,-1,4,3,4
2017500162495,1,5,0,18,0,0,1,0,7,0,1,1,5,1,21,5,600,1,17,3,1,3
2017500162499,1,9,0,18,0,0,0,0,0,0,1,1,6,1,24,5,1590,1,13,2,2,2
2017500162513,1,9,0,18,0,0,0,0,0,0,1,1,5,1,80,11,998,1,6,3,1,3
2017500162566,1,11,0,18,2,0,0,0,0,0,0,1,1,1,52,8,4500,2,6,3,1,3
2017500162568,1,9,0,10,0,1,0,0,0,0,1,1,5,1,62,9,2184,2,13,3,2,3
2017500162568,2,19,0,18,0,1,0,0,0,0,1,1,1,1,53,8,1560,2,9,4,3,4
2017500162568,3,19,0,10,0,1,0,0,0,0,1,1,1,1,22,5,1598,2,2,-1,-1,-1
2017500162580,1,9,0,5,0,4,0,0,0,0,1,1,6,2,55,8,1198,1,14,6,2,6
2017500162580,2,9,0,18,0,3,0,0,0,0,4,1,6,2,24,5,1397,1,15,4,1,4
2017500162581,1,9,0,9,0,6,0,0,0,0,1,1,6,1,44,7,2497,2,12,-1,-1,-1
2017500162581,2,9,0,18,0,8,0,0,0,0,4,1,6,1,44,7,1799,1,9,4,2,4
2017500162588,1,4,0,12,0,4,0,0,0,0,3,1,6,1,31,6,-1,-1,-1,4,2,4
2017500162588,2,9,0,7,0,4,0,0,0,0,4,1,6,2,50,8,1396,1,14,7,3,7
2017500162594,1,9,0,18,0,0,0,0,0,0,1,1,3,2,29,6,1598,1,7,3,1,3
2017500162596,1,9,0,18,0,7,0,0,0,0,1,1,6,1,67,10,3200,2,15,4,1,4
2017500162596,2,9,0,18,0,7,0,0,0,0,2,1,2,2,38,7,998,1,1,8,1,8
2017500162623,1,9,0,18,0,0,0,0,0,0,1,1,5,2,54,8,1199,1,18,4,3,4
2017500162623,2,9,0,10,0,0,0,0,0,0,2,1,5,1,51,8,1991,2,8,9,2,9
2017500162627,1,9,0,9,0,6,0,0,0,0,3,1,2,1,58,9,1699,1,12,8,1,8
2017500162627,2,1,0,18,0,1,0,0,0,0,1,1,2,1,32,6,-1,-1,-1,1,1,1
2017500162635,1,9,0,17,0,0,5,0,7,10,3,1,6,1,52,8,1396,1,13,3,1,3
2017500162636,1,9,0,17,0,8,0,0,0,0,1,1,5,2,38,7,1598,2,6,3,3,3
2017500162636,2,9,0,2,0,8,0,0,0,0,2,1,5,2,26,6,1339,1,14,5,3,5
2017500162636,3,9,0,2,0,8,0,0,0,0,4,1,5,2,38,7,1560,2,7,3,3,3
2017500162636,4,9,0,2,0,8,0,0,0,0,3,1,5,2,58,9,1560,2,5,5,3,5
2017500162642,1,9,0,17,0,1,0,0,7,0,1,1,5,1,36,7,1586,1,11,3,1,3
2017500162642,2,19,0,9,0,2,0,0,2,0,3,1,5,1,23,5,2461,2,15,3,1,3
2017500162646,1,9,0,18,0,0,0,0,0,0,2,1,6,2,25,5,1364,2,10,5,2,5
2017500162646,2,9,0,18,0,0,0,0,0,0,2,1,5,1,45,7,1896,2,13,3,3,3
2017500162655,1,9,0,4,0,0,2,0,2,7,1,1,2,1,18,4,999,1,1,3,1,3
2017500162655,2,9,0,3,0,0,0,0,0,0,1,1,1,1,29,6,-1,-1,-1,1,1,1
2017500162656,1,9,0,9,0,5,0,0,0,0,1,1,1,1,27,6,1124,1,18,4,3,4
2017500162656,2,1,0,18,0,1,0,0,0,0,1,1,2,1,31,6,-1,-1,-1,8,1,8
2017500162662,1,9,0,17,0,0,2,0,2,0,4,1,6,1,17,4,1560,2,9,3,2,3
2017500162664,1,9,0,18,0,0,2,0,2,0,4,1,6,1,55,8,999,1,17,4,3,4
2017500162666,1,3,0,18,0,0,0,0,0,0,1,1,5,1,21,5,124,1,4,-1,-1,-1
2017500162666,2,9,0,18,0,0,0,0,0,0,1,1,5,1,46,8,1896,2,19,5,3,5
2017500162667,1,9,0,18,0,1,0,0,0,0,1,1,5,2,53,8,1997,2,12,2,1,2
2017500162674,1,9,0,18,0,1,0,0,7,0,1,1,5,2,87,11,998,1,1,5,3,5
2017500162674,2,9,0,18,0,2,0,0,0,0,1,1,5,1,41,7,1997,2,1,6,2,6
2017500162681,1,9,0,18,0,0,0,0,0,0,1,1,6,1,45,7,1360,1,17,4,1,4
2017500162681,2,9,0,18,0,0,0,0,0,0,1,1,1,1,20,4,1360,1,17,10,1,10
2017500162686,1,3,0,13,0,1,0,0,0,0,1,1,1,2,22,5,125,1,1,4,2,4
2017500162698,1,2,0,18,0,3,0,0,0,0,1,1,6,2,51,8,49,1,3,1,1,1
2017500162698,2,9,0,18,0,3,0,0,0,0,3,1,6,1,75,10,1197,1,1,10,1,10
2017500162708,1,9,0,16,0,1,1,0,7,11,1,1,5,2,83,11,1242,1,4,4,1,4
2017500162725,1,9,0,18,0,7,0,0,6,0,1,1,5,1,29,6,1497,8,2,5,1,5
2017500162725,2,9,0,18,0,1,0,0,6,0,4,1,5,1,56,9,1299,1,12,8,1,8
2017500162725,3,9,0,3,0,7,0,0,3,0,2,1,5,1,48,8,1124,1,14,5,1,5
2017500162727,1,5,0,17,0,8,5,0,1,0,1,1,6,1,41,7,599,1,20,5,3,5
2017500162727,2,9,0,9,0,6,0,0,0,0,2,1,6,1,47,8,1388,1,5,4,3,4
2017500162775,1,9,0,18,0,0,0,0,0,0,1,1,2,2,38,7,1596,1,15,8,1,8
2017500162775,2,9,0,18,0,0,1,0,1,11,1,1,5,2,30,6,1598,1,11,1,1,1
2017500162779,1,9,0,16,0,0,0,0,0,0,4,1,6,1,69,10,1242,1,6,5,3,5
2017500162838,1,9,0,2,0,0,0,0,0,0,3,1,6,1,70,10,1339,1,12,7,1,7
2017500162838,2,1,0,18,0,0,5,0,0,0,1,1,6,1,42,7,-1,-1,-1,3,1,3
2017500162853,1,19,0,16,0,0,2,0,0,0,1,1,1,1,56,9,-1,-1,-1,3,1,3
2017500162860,1,9,0,3,0,1,0,0,0,0,1,1,1,1,50,8,-1,-1,-1,-1,-1,-1
2017500162860,2,9,0,18,0,1,0,0,0,0,2,1,1,2,32,6,1998,1,15,6,2,6
2017500162909,1,19,0,18,0,0,0,0,0,0,4,1,6,3,-1,-1,-1,-1,-1,-1,-1,-1
2017500162920,1,9,0,5,0,6,0,0,0,0,3,1,6,1,59,9,2996,1,12,5,3,5
2017500162920,2,5,0,16,0,1,0,0,0,0,1,1,6,1,43,7,1000,1,4,5,1,5
2017500162950,1,5,0,17,0,0,1,0,0,0,0,1,1,1,51,8,-1,-1,-1,6,2,6
2017500162981,1,9,0,16,0,0,2,10,7,0,1,1,5,1,27,6,1956,2,5,6,3,6
2017500162981,2,9,0,17,0,0,1,10,7,0,1,1,5,2,50,8,1587,1,10,7,1,7
2017500162998,1,9,0,1,0,1,0,0,0,0,2,1,6,1,67,10,1968,2,11,8,1,8
2017500163003,1,9,0,18,0,0,0,0,0,0,1,1,1,1,25,5,1242,1,19,7,2,7
2017500163003,2,9,0,18,0,0,0,0,0,0,1,1,6,3,-1,-1,-1,-1,-1,-1,-1,-1
2017500163009,1,9,0,18,0,0,0,0,0,0,1,1,6,1,39,7,-1,-1,-1,5,1,5
2017500163009,2,9,0,3,0,0,0,0,0,0,2,1,6,3,-1,-1,-1,-1,-1,-1,-1,-1
2017500163020,1,9,0,16,0,0,1,0,2,0,4,1,2,1,32,6,1995,2,13,5,1,5
2017500163022,1,9,0,18,0,0,0,0,0,0,4,1,5,1,51,8,-1,-1,-1,5,1,5
2017500163033,1,9,0,18,0,0,0,0,1,0,1,1,6,2,44,7,1984,1,10,1,1,1
2017500163036,1,9,0,18,0,0,0,0,8,4,1,1,5,2,23,5,1388,1,13,7,3,7
2017500163037,1,9,0,18,0,1,0,0,0,0,1,1,5,1,22,5,1896,2,12,7,1,7
2017500163043,1,9,0,7,0,1,1,0,0,0,1,1,6,2,18,4,1598,1,14,5,3,5
2017500163043,2,9,0,18,0,1,5,0,0,0,1,1,6,1,36,7,-1,-1,-1,3,1,3
2017500163053,1,21,1,18,0,1,1,0,1,10,1,1,2,1,54,8,10677,2,2,4,2,4
2017500163053,2,9,0,9,0,5,0,0,0,0,2,1,1,1,23,5,1598,1,12,-1,-1,-1
2017500163053,3,19,0,18,0,1,0,0,1,10,3,1,1,1,48,8,2198,2,7,2,2,2
2017500163057,1,9,0,10,0,0,1,0,0,0,1,1,5,1,37,7,1596,1,7,-1,-1,-1
2017500163059,1,9,0,18,0,3,1,0,1,1,1,1,5,1,28,6,2200,1,16,6,1,6
2017500163074,1,9,0,18,6,0,0,0,0,0,1,1,5,2,20,4,1242,1,15,4,3,4
2017500163080,1,11,0,9,0,8,0,0,0,0,4,1,1,1,60,9,8268,2,15,3,2,3
2017500163080,2,9,0,18,0,1,1,0,0,0,1,1,6,2,31,6,1896,2,14,-1,-1,-1
2017500163099,1,9,0,18,0,0,1,0,1,0,1,1,6,1,35,6,1896,2,13,7,2,7
2017500163102,1,17,0,17,0,0,5,0,0,0,1,1,1,1,16,4,-1,2,5,6,3,6
2017500163112,1,9,0,18,0,0,0,0,0,0,4,1,5,1,69,10,2495,2,20,3,2,3
2017500163112,2,17,4,5,0,0,0,0,0,0,3,1,1,1,44,7,-1,-1,-1,5,2,5
2017500163141,1,3,0,17,0,0,1,0,1,0,1,1,5,1,18,4,124,1,4,6,1,6
2017500163141,2,3,0,17,0,0,1,0,0,0,1,1,5,1,18,4,125,1,1,6,1,6
2017500163171,1,19,0,2,0,0,0,0,0,0,2,1,1,1,33,6,-1,-1,-1,8,2,8
2017500163171,2,9,0,18,0,0,0,0,0,0,1,1,1,1,19,4,1124,1,15,8,2,8
2017500163198,1,9,0,9,0,6,0,0,0,0,1,1,2,2,49,8,2500,2,16,7,3,7
2017500163198,2,9,0,18,0,8,0,0,0,0,1,1,5,2,65,9,1595,1,10,5,1,5
2017500163217,1,9,0,16,0,1,0,10,0,0,1,1,1,1,33,6,1598,2,3,2,1,2
2017500163217,2,9,0,3,0,1,0,0,0,0,2,1,5,2,57,9,1198,1,2,6,1,6
2017500163250,1,9,0,5,0,0,0,0,0,0,1,1,6,1,55,8,1910,2,8,5,1,5
2017500163251,1,9,0,17,0,0,0,0,0,0,1,1,6,3,-1,-1,-1,-1,-1,-1,-1,-1
2017500163251,2,1,0,16,0,0,2,0,0,0,1,1,6,1,35,6,-1,-1,-1,1,1,1
2017500163311,1,9,0,4,0,0,0,0,0,0,1,1,5,2,68,10,1590,1,-1,8,1,8
2017500163311,2,9,0,4,0,0,0,0,0,0,2,1,5,1,45,7,1995,2,7,6,2,6
2017500163315,1,9,0,16,0,0,2,0,7,0,1,1,5,1,18,4,2401,2,10,9,2,9
2017500163341,1,9,0,18,0,0,5,0,0,0,4,1,6,2,26,6,1490,1,10,4,2,4
2017500163341,2,98,0,18,0,0,0,0,0,0,3,1,6,2,22,5,-1,-1,-1,1,1,1
2017500163348,1,9,0,16,0,0,2,0,0,0,1,1,1,1,20,4,1200,1,15,4,3,4
2017500163372,1,5,0,16,0,0,1,0,0,0,4,1,5,1,44,7,599,1,14,5,1,5
2017500163375,1,19,0,18,0,0,1,0,0,0,1,1,1,1,57,9,2198,2,4,8,3,8
2017500163375,2,9,0,18,0,0,1,0,0,0,1,1,5,2,27,6,1598,1,15,8,3,8
2017500163437,1,9,0,4,0,0,0,0,0,0,1,1,6,1,53,8,-1,-1,-1,5,3,5
2017500163437,2,3,0,4,0,0,0,0,0,0,1,1,6,2,19,4,124,1,6,4,3,4
2017500163454,1,19,0,18,0,0,0,0,0,0,1,1,5,1,40,7,2461,2,16,4,1,4
2017500163454,2,9,0,18,0,0,0,0,0,0,2,1,5,2,56,9,1275,1,21,5,1,5
2017500163472,1,9,0,4,0,0,0,0,0,0,0,1,5,2,54,8,999,1,1,7,3,7
2017500163472,2,9,0,18,0,0,0,0,0,0,2,1,6,2,-1,-1,1199,1,15,5,1,5
2017500163478,1,19,0,18,0,0,0,0,0,0,3,1,6,3,-1,-1,1968,2,1,-1,-1,-1
2017500163478,2,9,0,13,0,0,0,0,0,0,3,1,6,2,57,9,-1,-1,-1,3,3,3
2017500163478,3,9,0,18,0,0,0,0,0,0,0,1,6,2,57,9,1499,2,1,3,1,3
2017500163501,1,9,0,16,0,0,5,0,0,0,1,1,6,1,31,6,1998,1,14,7,3,7
2017500163531,1,19,0,5,0,0,0,0,0,0,1,1,5,1,30,6,1896,2,7,7,1,7
2017500163531,2,9,0,3,0,0,0,0,0,0,2,1,5,2,41,7,1200,1,2,6,3,6
2017500163538,1,9,0,4,0,0,0,0,0,0,1,1,6,1,25,5,1997,1,11,-1,-1,-1
2017500163538,2,9,0,4,0,0,0,0,0,0,2,1,6,2,56,9,1499,2,3,2,3,2
2017500163548,1,9,0,5,0,0,0,0,0,0,1,1,3,1,66,10,1598,1,4,9,2,9
2017500163548,2,9,0,4,0,0,0,0,0,0,2,1,3,1,61,9,1199,1,15,5,2,5
2017500163576,1,5,0,16,0,0,2,0,7,0,1,1,5,1,51,8,1198,1,4,3,1,3
2017500163583,1,9,0,16,0,0,1,0,7,11,1,1,1,1,27,6,1896,1,20,2,1,2
2017500163600,1,3,0,16,0,0,1,10,0,0,1,1,6,1,27,6,125,1,7,2,1,2
2017500163641,1,9,0,5,0,0,0,4,0,0,1,1,5,1,76,11,1590,1,11,2,1,2
2017500163641,2,9,0,2,0,0,0,4,0,0,2,1,6,2,57,9,1332,1,21,2,1,2
2017500163641,3,9,0,2,0,0,0,0,0,0,2,1,6,1,76,11,1200,1,1,2,1,2
2017500163662,1,9,0,17,0,0,5,0,1,0,1,1,6,1,32,6,1396,1,14,1,1,1
2017500163691,1,1,0,4,0,0,0,0,1,0,3,1,5,1,49,8,-1,-1,-1,6,3,6
2017500163691,2,98,0,4,4,0,0,0,0,0,4,1,6,1,40,7,-1,-1,-1,-1,-1,-1
2017500163715,1,9,0,18,0,0,0,0,0,0,1,1,5,1,50,8,1995,2,1,1,1,1
2017500163715,2,9,0,18,0,0,0,0,0,0,2,1,5,2,57,9,1240,1,8,3,1,3
2017500163719,1,9,0,4,0,1,0,0,0,0,1,1,5,1,75,10,1895,1,18,4,1,4
2017500163719,2,19,0,3,0,8,0,0,0,0,2,1,1,1,36,7,-1,-1,-1,5,2,5
2017500163722,1,9,0,18,0,0,0,0,0,0,0,1,6,3,-1,-1,-1,-1,-1,-1,-1,-1
2017500163722,2,1,0,18,0,0,0,0,0,0,2,1,6,2,25,5,-1,-1,-1,3,1,3
2017500163741,1,9,0,11,0,0,0,0,0,0,1,1,2,1,21,5,1995,2,12,4,1,4
2017500163741,2,9,0,2,0,0,0,0,0,0,2,1,2,1,36,7,2979,1,15,2,1,2
2017500163762,1,9,0,17,0,0,5,10,7,0,1,1,6,2,71,10,1240,1,8,5,3,5
2017500163779,1,9,0,18,0,0,0,0,0,0,4,1,6,3,-1,-1,-1,-1,-1,-1,-1,-1
2017500163788,1,9,0,16,0,0,1,0,0,0,4,1,3,2,30,6,1598,1,18,2,2,2
2017500163788,2,98,0,17,0,0,1,0,0,0,3,1,1,1,24,5,-1,-1,-1,5,1,5
2017500163815,1,9,0,18,0,0,1,0,7,0,4,1,5,1,24,5,1299,1,17,8,1,8
2017500163815,2,9,0,18,0,0,0,0,0,0,1,1,5,1,56,9,-1,-1,-1,4,1,4
2017500163818,1,9,0,17,0,0,0,0,0,0,1,1,6,1,40,7,1995,2,7,5,3,5
2017500163818,2,3,0,16,0,0,1,0,0,0,1,1,6,1,53,8,123,1,13,1,1,1
2017500163844,1,9,0,16,0,0,1,0,0,0,1,1,6,1,28,6,1582,2,2,5,3,5
2017500163844,2,9,0,17,0,0,1,0,0,0,1,1,6,1,29,6,1461,2,13,5,3,5
2017500163870,1,9,0,8,0,1,0,0,0,0,2,1,5,2,50,8,998,1,14,3,1,3
2017500163870,2,9,0,18,0,1,0,0,0,0,1,1,5,2,22,5,1198,1,11,10,1,10
2017500163873,1,9,0,3,0,4,0,0,0,0,1,1,5,1,32,6,2435,1,16,8,1,8
2017500163873,2,9,0,5,0,4,0,0,0,0,2,1,5,2,58,9,1997,2,1,2,3,2
2017500163886,1,9,0,9,0,2,0,0,0,0,1,1,2,1,44,7,2494,1,15,8,1,8
2017500163886,2,5,0,15,0,2,0,0,0,0,4,1,6,1,46,8,1157,1,14,5,2,5
2017500163965,1,19,0,18,0,8,0,0,0,0,1,1,6,1,33,6,2198,2,2,2,1,2
2017500163965,2,9,0,3,0,8,0,0,0,0,2,1,6,1,30,6,1596,1,9,3,1,3
2017500163971,1,9,0,18,0,0,2,0,1,0,1,1,6,1,27,6,1596,1,14,6,3,6
2017500163972,1,19,0,18,0,0,0,11,0,0,1,1,1,1,53,8,2287,2,1,3,2,3
2017500163988,1,3,0,18,0,0,1,0,0,0,3,1,1,1,30,6,124,1,10,8,1,8
2017500163990,1,9,0,18,0,0,0,0,0,0,3,1,5,3,-1,-1,-1,-1,-1,-1,-1,-1
2017500163999,1,9,0,18,0,1,0,0,7,0,1,1,1,1,29,6,1896,2,14,3,2,3
2017500163999,2,9,0,9,0,1,0,0,0,0,1,1,1,2,53,8,998,1,3,7,3,7
2017500164020,1,5,0,17,0,0,2,0,1,0,0,1,5,1,73,10,1215,1,4,6,1,6
2017500164020,2,9,0,16,0,0,0,0,0,0,0,1,2,1,43,7,-1,-1,-1,5,3,5
2017500164033,1,9,0,18,0,8,0,0,0,0,1,1,6,1,21,5,1493,1,20,2,1,2
2017500164033,2,9,0,3,0,8,0,0,0,0,2,1,2,2,26,6,1598,2,3,8,1,8
2017500164035,1,9,0,5,0,1,0,0,0,0,4,1,5,1,68,10,1998,1,12,7,1,7
2017500164035,2,19,0,10,0,1,0,0,0,0,1,1,1,1,32,6,2198,2,1,6,3,6
2017500164043,1,9,0,5,0,4,0,0,0,0,3,1,6,1,21,5,1995,2,13,6,1,6
2017500164043,2,2,0,9,0,3,0,0,0,0,4,1,6,1,17,4,49,1,2,-1,-1,-1
2017500164069,1,5,0,17,0,0,5,0,7,1,1,1,5,1,53,8,-1,-1,-1,4,3,4
2017500164085,1,1,0,18,0,4,0,0,0,0,3,1,6,1,43,7,-1,-1,-1,7,1,7
2017500164085,2,9,0,18,0,4,0,0,0,0,1,1,6,2,20,4,1200,1,1,3,1,3
2017500164124,1,19,0,18,6,0,0,0,0,0,1,1,6,1,55,8,1896,2,14,3,3,3
2017500164127,1,9,0,9,0,8,0,0,0,0,3,1,2,2,26,6,1590,1,16,4,1,4
2017500164127,2,9,0,18,0,3,0,0,0,0,1,1,2,1,38,7,1968,2,4,1,1,1
2017500164191,1,9,0,5,0,8,0,0,0,0,3,1,2,2,47,8,1598,1,12,4,1,4
2017500164191,2,9,0,5,0,1,0,0,0,0,1,1,2,2,32,6,1299,1,15,4,1,4
2017500164193,1,1,0,4,0,8,0,0,0,0,1,1,6,1,25,5,-1,-1,-1,2,1,2
2017500164193,2,9,0,18,0,8,0,0,0,0,3,1,2,1,23,5,1364,1,8,8,2,8
2017500164212,1,9,0,18,0,0,0,4,0,0,4,1,5,1,37,7,1397,1,7,5,2,5
2017500164212,2,98,0,18,0,0,0,0,0,0,0,1,6,3,-1,-1,-1,-1,-1,-1,-1,-1
2017500164212,3,9,0,2,0,0,0,4,0,0,4,1,6,1,23,5,1596,1,13,-1,-1,-1
2017500164212,4,9,0,2,0,0,0,0,0,0,2,1,6,1,30,6,1968,1,11,5,2,5
2017500164257,1,9,0,18,0,6,0,0,0,0,1,1,6,2,-1,-1,-1,-1,-1,-1,-1,-1
2017500164257,2,9,0,2,0,1,0,0,0,0,3,1,6,1,28,6,1339,1,8,7,1,7
2017500164268,1,9,0,18,0,1,1,10,7,9,1,1,6,1,54,8,1360,1,14,7,1,7
2017500164268,2,9,0,18,0,1,0,0,1,10,3,1,6,1,40,7,1360,1,14,5,2,5
2017500164284,1,9,0,18,0,0,0,0,1,0,1,1,5,2,27,6,1870,2,14,6,2,6
2017500164304,1,9,0,18,0,1,0,0,0,0,1,1,5,2,19,4,1229,1,7,8,1,8
2017500164304,2,9,0,18,0,1,0,0,0,0,2,1,5,2,33,6,1398,2,13,3,1,3
2017500164304,3,9,0,4,0,1,0,0,0,0,3,1,5,2,22,5,1598,1,16,1,1,1
2017500164304,4,9,0,18,0,1,0,0,0,0,1,1,6,1,-1,-1,-1,-1,-1,-1,-1,-1
2017500164406,1,9,0,17,0,0,1,0,0,0,1,1,6,2,21,5,998,1,7,4,2,4
2017500164433,1,9,0,17,0,0,2,0,1,4,4,1,5,2,25,5,-1,-1,-1,3,2,3
2017500164461,1,9,0,5,0,0,0,0,0,0,1,1,6,2,46,8,1198,1,2,4,3,4
2017500164461,2,9,0,3,0,0,0,0,0,0,2,1,6,1,44,7,1000,1,1,1,2,1
2017500164488,1,9,0,18,0,0,2,0,1,7,1,1,2,1,32,6,1968,2,4,-1,1,-1
2017500164522,1,3,0,3,0,0,0,0,0,0,1,1,6,1,17,4,124,1,9,9,1,9
2017500164522,2,9,0,4,0,0,0,0,0,0,2,1,6,1,26,6,2521,1,9,3,1,3
2017500164524,1,9,0,4,0,0,0,0,0,0,2,1,2,1,41,7,1124,1,10,6,3,6
2017500164524,2,9,0,4,0,0,0,0,0,0,1,1,2,2,49,8,-1,-1,-1,7,3,7
2017500164545,1,9,0,4,0,1,0,0,0,0,0,1,6,2,23,5,1299,1,16,2,2,2
2017500164566,1,19,0,1,0,0,0,0,0,0,2,1,1,1,41,7,2198,2,1,6,1,6
2017500164574,1,9,0,18,0,1,0,0,0,0,1,1,6,1,22,5,-1,-1,-1,8,2,8
2017500164574,2,9,0,18,0,1,0,0,0,0,1,1,6,1,48,8,-1,-1,-1,5,2,5
2017500164574,3,9,0,18,0,1,0,0,0,0,2,1,6,1,56,9,1598,1,12,5,3,5
2017500164574,4,9,0,18,0,1,0,0,0,0,2,1,6,1,48,8,2198,1,11,6,3,6
2017500164596,1,9,0,6,0,4,0,0,0,0,1,1,5,2,74,10,1339,1,3,6,2,6
2017500164596,2,1,0,18,0,4,0,0,0,0,3,1,2,1,18,4,-1,-1,-1,3,3,3
2017500164605,1,9,0,18,0,1,0,0,0,0,3,1,6,2,43,7,1910,2,9,1,1,1
2017500164605,2,19,0,5,0,5,0,0,0,0,3,1,5,1,21,5,1968,2,1,5,2,5
2017500164611,1,9,0,1,0,0,0,0,0,0,2,1,6,1,28,6,1461,2,10,7,1,7
2017500164685,1,9,0,18,0,0,1,0,0,0,3,1,1,1,37,7,2993,2,3,-1,-1,-1
2017500164790,1,5,0,18,0,0,0,0,0,0,1,1,5,1,63,9,996,1,7,4,2,4
2017500164790,2,9,0,18,0,0,0,0,1,0,1,1,5,1,69,10,1598,2,2,4,3,4
2017500164802,1,9,0,18,0,8,0,0,0,0,1,1,6,1,32,6,1560,2,8,6,1,6
2017500164802,2,9,0,9,0,8,0,0,0,0,4,1,6,1,48,8,1246,1,9,6,1,6
2017500164808,1,9,0,18,0,0,0,0,7,0,1,1,5,1,62,9,2597,1,14,7,1,7
2017500164849,1,9,0,18,0,0,0,0,0,0,2,1,6,2,48,8,1200,1,2,3,1,3
2017500164849,2,9,0,18,0,0,0,0,0,0,1,1,6,1,82,11,1399,2,7,5,1,5
2017500164849,3,9,0,18,0,0,0,0,0,0,0,1,1,3,-1,-1,2993,2,6,-1,-1,-1
2017500164849,4,9,0,18,0,0,0,0,0,0,0,1,1,3,-1,-1,2993,2,6,-1,-1,-1
2017500164849,5,9,0,18,0,0,0,0,0,0,0,1,1,3,-1,-1,-1,-1,-1,-1,-1,-1
2017500164895,1,9,0,18,0,0,0,0,0,0,3,1,5,1,52,8,1686,2,3,4,1,4
2017500164903,1,9,0,9,0,4,0,0,0,0,3,1,3,2,55,8,1796,1,15,2,1,2
2017500164903,2,11,0,18,0,4,0,0,0,0,1,1,1,1,65,9,3900,2,13,1,1,1
2017500164907,1,9,0,18,0,0,1,0,0,0,1,1,5,2,51,8,1299,1,11,1,1,1
2017500164916,1,9,0,1,0,0,0,0,0,0,2,1,1,1,56,9,1582,2,1,4,1,4
2017500164917,1,9,0,18,0,2,0,0,0,0,3,1,5,1,70,10,1242,1,15,7,1,7
2017500164918,1,9,0,4,0,0,0,10,0,0,4,1,6,2,33,6,1598,2,2,4,3,4
2017500164918,2,9,0,18,0,0,1,0,1,0,3,1,6,1,24,5,1998,1,13,4,3,4
2017500164939,1,9,0,18,0,0,0,0,0,0,2,1,6,3,-1,-1,-1,-1,-1,-1,-1,-1
2017500164951,1,9,0,17,0,0,0,10,0,0,1,1,5,2,65,9,1248,1,8,7,1,7
2017500164951,2,9,0,4,0,0,0,0,0,0,3,1,5,2,38,7,1398,2,11,5,1,5
2017500164966,1,9,0,13,0,0,0,0,0,0,0,1,6,3,-1,-1,-1,-1,-1,-1,-1,-1
2017500164966,2,9,0,18,0,0,0,0,0,0,1,1,6,2,50,8,1171,1,17,2,2,2
2017500164966,3,9,0,18,0,0,0,0,0,0,2,1,6,2,30,6,1995,2,4,2,2,2
2017500164989,1,11,0,18,0,0,0,0,0,0,0,1,1,1,62,9,6696,2,2,1,1,1
2017500164993,1,9,0,17,0,0,0,0,0,0,3,1,6,3,-1,-1,-1,-1,-1,-1,-1,-1
2017500164993,2,5,0,16,0,0,0,0,7,0,1,1,5,1,28,6,1402,1,11,7,1,7
2017500165011,1,9,0,16,0,0,0,0,1,10,3,1,2,1,51,8,2354,1,12,5,3,5
2017500165011,2,9,0,17,0,0,0,0,0,0,3,1,2,2,22,5,1275,1,19,5,3,5
2017500165023,1,9,0,18,0,6,0,0,0,0,1,1,5,2,71,10,1248,1,4,2,3,2
2017500165023,2,5,0,18,0,8,0,0,0,0,1,1,6,1,37,7,1450,1,13,10,1,10
2017500165051,1,5,0,16,0,0,0,0,0,0,3,1,5,1,47,8,897,1,12,5,2,5
2017500165051,2,5,0,17,0,0,0,0,0,0,3,1,5,1,53,8,883,1,9,3,1,3
2017500165080,1,9,0,9,0,0,1,4,0,0,1,1,5,1,26,6,2393,1,15,1,1,1
2017500165080,2,9,0,2,0,0,0,0,0,0,1,1,1,2,52,8,1598,1,12,1,1,1
2017500165080,3,9,0,9,0,0,0,0,0,0,1,1,1,1,-1,-1,2993,2,1,5,1,5
2017500165080,4,9,0,9,0,0,0,0,0,0,1,1,1,1,38,7,2993,2,3,5,1,5
2017500165080,5,9,0,9,0,0,0,0,0,0,1,1,1,1,52,8,2993,2,1,5,1,5
2017500165087,1,9,0,4,0,0,1,0,0,0,1,1,3,1,48,8,1997,1,15,1,1,1
2017500165087,2,9,0,3,0,0,0,0,0,0,2,1,6,1,44,7,1595,1,1,4,1,4