Accident_Index,Vehicle_Reference,Vehicle_Type,Towing_and_Articulation,Vehicle_Manoeuvre,Vehicle_Location-Restricted_Lane,Junction_Location,Skidding_and_Overturning,Hit_Object_in_Carriageway,Vehicle_Leaving_Carriageway,Hit_Object_off_Carriageway,1st_Point_of_Impact,Was_Vehicle_Left_Hand_Drive?,Journey_Purpose_of_Driver,Sex_of_Driver,Age_of_Driver,Age_Band_of_Driver,Engine_Capacity_(CC),Propulsion_Code,Age_of_Vehicle,Driver_IMD_Decile,Driver_Home_Area_Type,Vehicle_IMD_Decile
2017500183969,1,9,0,18,0,0,0,0,0,0,3,1,2,2,21,5,1598,1,3,2,1,2
2017500183994,1,9,0,18,0,0,0,0,1,0,1,1,6,1,57,9,1587,1,18,4,3,4
2017500184005,1,9,0,3,0,0,0,0,0,0,2,1,6,1,28,6,998,1,6,6,1,6
2017500184005,2,9,0,14,0,0,0,0,0,0,1,1,6,2,71,10,1398,1,5,9,1,9
2017500184125,1,9,0,16,0,0,5,10,7,4,1,1,5,1,77,11,1399,2,7,3,1,3
2017500184258,1,9,0,1,0,6,0,0,0,0,3,1,5,1,79,11,1248,1,3,7,3,7
2017500184258,2,9,0,18,0,1,0,0,0,0,1,1,5,1,81,11,1896,2,14,7,3,7
2017500184310,1,9,0,18,0,1,0,0,0,0,1,1,6,1,27,6,1149,1,12,9,3,9
2017500184311,1,9,0,18,0,1,0,0,0,0,2,1,5,1,67,10,998,1,1,5,1,5
2017500184311,2,9,0,18,0,1,0,0,0,0,1,1,5,1,71,10,1200,1,3,5,3,5
2017500184312,1,9,0,2,0,1,0,0,0,0,2,1,2,1,33,6,1395,1,1,5,1,5
2017500184312,2,9,0,4,0,1,0,0,0,0,1,1,2,1,69,10,1988,2,10,4,1,4
2017500184314,1,9,0,18,0,0,0,0,0,0,3,1,5,1,75,10,1198,1,2,8,1,8
2017500184314,2,1,0,18,0,0,0,0,0,0,1,1,5,1,10,2,-1,-1,-1,6,3,6
2017500184317,1,9,0,9,0,8,0,0,0,0,4,1,5,2,72,10,1364,1,9,3,2,3
2017500184317,2,1,0,18,0,8,0,0,0,0,1,1,5,1,58,9,-1,-1,-1,5,3,5
2017500184327,1,9,0,18,0,0,0,0,0,0,1,1,5,1,73,10,799,2,8,7,1,7
2017500184327,2,9,0,18,0,0,1,0,0,0,1,1,5,1,54,8,1798,1,10,3,3,3
2017500184332,1,9,0,18,0,0,0,0,0,0,1,1,6,3,-1,-1,-1,-1,-1,-1,-1,-1
2017500184332,2,1,0,18,0,0,5,0,1,11,2,1,4,1,15,3,-1,-1,-1,8,3,8
2017500184333,1,9,0,16,0,0,1,0,7,0,1,1,6,1,22,5,1461,2,14,5,1,5
2017500184340,1,9,0,18,0,1,0,0,0,0,1,1,1,1,53,8,1199,1,17,3,1,3
2017500184340,2,3,0,18,0,1,0,0,0,0,2,1,1,1,20,4,101,1,15,4,1,4
2017500184344,1,9,0,9,0,5,0,0,0,0,1,1,1,1,25,5,-1,-1,-1,5,3,5
2017500184344,2,5,0,18,0,8,5,0,0,0,1,1,5,1,47,8,1157,1,11,8,1,8
2017500184349,1,19,0,9,0,6,0,0,0,0,1,1,2,1,34,6,1995,2,-1,7,3,7
2017500184349,2,9,0,16,0,1,2,0,0,0,4,1,6,1,66,10,1299,1,12,5,3,5
2017500184354,1,9,0,18,0,0,5,0,1,0,4,1,5,1,52,8,1275,1,22,4,3,4
2017500184377,1,9,0,18,0,0,0,0,0,0,1,1,5,2,26,6,1242,1,12,1,1,1
2017500184386,1,9,0,18,0,4,0,0,0,0,1,1,6,1,82,11,1332,1,7,8,1,8
2017500184386,2,1,0,17,0,3,0,0,0,0,1,1,5,1,57,9,-1,-1,-1,6,1,6
2017500184396,1,3,0,4,0,4,1,0,0,0,4,1,2,1,33,6,125,1,11,6,2,6
2017500184401,1,9,0,17,0,0,0,0,0,0,1,1,3,2,31,6,1995,2,14,5,3,5
2017500184401,2,9,0,16,0,0,0,0,0,0,1,1,1,2,36,7,1598,1,6,6,1,6
2017500184401,3,9,4,9,0,0,1,0,0,0,1,1,1,1,57,9,2495,2,24,5,3,5
2017500184430,1,9,0,18,0,4,0,0,0,0,3,1,5,1,72,10,1461,2,2,4,1,4
2017500184430,2,9,0,18,0,8,0,0,0,0,1,1,5,1,45,7,1896,2,14,5,3,5
2017500184488,1,9,0,18,0,1,5,0,4,7,1,1,5,2,66,10,2495,2,20,10,1,10
2017500184546,1,4,0,17,0,0,1,0,0,0,0,1,5,1,33,6,200,1,16,5,3,5
2017500184587,1,9,0,17,0,0,0,10,5,0,1,1,5,1,50,8,1560,2,9,6,2,6
2017500184644,1,9,0,5,0,0,0,0,0,0,1,1,2,2,21,5,1461,2,12,4,1,4
2017500184644,2,3,0,14,0,0,5,0,0,0,1,1,6,1,19,4,124,1,1,3,1,3
2017500184644,3,9,0,3,0,0,0,0,0,0,1,1,6,1,31,6,1796,1,14,7,1,7
2017500184709,1,9,0,18,0,0,1,0,0,0,1,1,5,1,23,5,1299,1,15,5,1,5
2017500184713,1,5,0,18,0,0,0,0,0,0,1,1,5,1,35,6,749,1,11,5,1,5
2017500184713,2,9,0,18,0,0,0,0,0,0,1,1,5,2,65,9,1998,2,3,7,3,7
2017500184715,1,9,0,18,0,0,1,0,7,4,1,1,5,2,47,8,1360,1,11,4,3,4
2017500184719,1,9,0,18,0,0,0,0,0,0,1,1,6,2,23,5,1199,1,15,6,1,6
2017500184733,1,9,0,9,0,1,0,0,0,0,1,1,6,2,52,8,1950,2,-1,-1,-1,-1
2017500184733,2,9,0,18,0,1,0,0,0,0,1,1,6,1,29,6,2979,1,13,3,1,3
2017500184734,1,9,0,3,8,0,0,0,0,0,1,1,1,1,25,5,1248,2,12,5,1,5
2017500184734,2,9,0,3,8,0,0,0,0,0,2,1,3,2,38,7,1149,1,13,1,1,1
2017500184750,1,9,0,18,0,1,0,0,0,0,1,1,6,1,34,6,2793,1,18,3,1,3
2017500184750,2,9,0,3,0,1,0,0,0,0,2,1,6,1,58,9,1870,2,12,4,1,4
2017500184750,3,9,0,3,0,1,0,0,0,0,2,1,6,1,40,7,1200,1,1,2,1,2
2017500184750,4,9,0,18,0,1,0,0,0,0,1,1,6,1,58,9,1560,2,3,5,2,5
2017500184762,1,9,0,1,0,0,0,4,0,0,2,1,6,1,63,9,-1,-1,-1,-1,-1,-1
2017500184762,2,9,0,3,0,0,0,0,0,0,1,1,6,2,30,6,1582,2,9,2,1,2
2017500184780,1,9,0,9,0,1,0,0,0,0,1,1,2,2,36,7,1360,1,15,4,1,4
2017500184780,2,9,0,18,0,1,0,0,0,0,3,1,2,2,23,5,1598,1,12,2,1,2
2017500184795,1,9,0,1,0,0,0,0,0,0,2,1,5,2,39,7,1598,1,9,8,3,8
2017500184795,2,1,0,18,0,0,0,0,0,0,3,1,5,1,39,7,-1,-1,-1,8,3,8
2017500184799,1,9,0,17,0,1,0,0,0,0,4,1,5,2,48,8,1560,2,5,4,1,4
2017500184799,2,19,0,10,0,6,0,0,0,0,1,1,1,1,47,8,1870,2,13,6,2,6
2017500184866,1,19,0,18,0,3,0,0,0,0,1,1,6,1,38,7,1598,2,1,2,1,2
2017500184866,2,9,0,4,0,3,0,0,0,0,2,1,6,2,53,8,1598,1,5,4,1,4
2017500185007,1,9,0,18,0,0,0,0,0,0,1,1,5,1,42,7,2494,1,18,7,3,7
2017500185037,1,1,0,18,0,1,0,0,0,0,1,1,6,1,23,5,-1,-1,-1,1,1,1
2017500185037,2,98,0,3,0,1,0,0,0,0,2,1,6,3,-1,-1,-1,-1,-1,-1,-1,-1
2017500185094,1,9,0,4,0,0,1,0,0,0,1,1,1,2,23,5,-1,-1,-1,6,3,6
2017500185094,2,9,0,4,0,0,1,0,0,0,1,1,5,1,19,4,1242,1,12,6,2,6
2017500185108,1,9,0,18,0,1,0,0,0,0,1,1,6,2,38,7,2993,2,5,6,1,6
2017500185108,2,9,0,10,0,1,0,0,0,0,2,1,5,2,47,8,1968,2,4,5,1,5
2017500185114,1,9,0,12,0,1,0,10,0,0,1,1,5,1,63,9,2494,1,16,3,1,3
2017500185116,1,9,0,6,0,6,0,0,0,0,3,1,6,1,49,8,1299,1,17,5,1,5
2017500185116,2,9,0,13,0,1,0,0,0,0,4,1,6,1,66,10,-1,-1,-1,6,2,6
2017500185128,1,9,0,18,0,0,0,0,0,0,4,1,2,1,20,4,1390,1,15,4,3,4
2017500185128,2,9,0,17,0,0,0,0,0,0,3,1,5,1,55,8,2685,2,13,5,3,5
2017500185128,3,9,0,18,0,0,0,0,0,0,1,1,2,1,21,5,1600,1,17,7,1,7
2017500185144,1,9,0,4,0,0,0,0,0,0,2,1,6,1,68,10,-1,-1,-1,7,3,7
2017500185144,2,1,0,18,0,0,0,0,0,0,4,1,6,2,41,7,-1,-1,-1,6,2,6
2017500185153,1,9,0,9,0,8,0,0,7,0,1,1,6,1,17,4,1896,2,14,7,3,7
2017500185153,2,9,0,18,0,1,0,0,0,0,1,1,6,1,58,9,1781,1,16,2,1,2
2017500185160,1,19,0,2,0,0,0,0,7,11,3,1,6,3,-1,-1,-1,-1,-1,-1,-1,-1
2017500185166,1,9,0,18,0,0,0,0,0,0,1,1,6,1,85,11,2198,1,8,6,1,6
2017500185177,1,9,0,17,0,0,1,10,2,10,1,1,6,1,55,8,1781,1,14,3,2,3
2017500185197,1,9,0,17,0,0,0,0,0,0,1,1,5,1,48,8,2461,2,20,-1,-1,-1
2017500185197,2,19,0,16,0,0,0,0,0,0,1,1,2,1,70,10,1598,2,6,7,1,7
2017500185205,1,5,0,18,0,0,0,0,0,0,1,1,5,1,50,8,1298,1,13,3,1,3
2017500185229,1,3,0,18,0,0,1,0,0,0,1,1,6,1,17,4,124,1,7,4,3,4
2017500185229,2,9,0,9,0,0,0,0,0,0,3,1,6,2,55,8,1796,1,17,4,3,4
2017500185399,1,19,0,10,0,0,5,0,0,0,4,1,5,1,34,6,1753,2,9,6,3,6
2017500185399,2,9,0,18,0,0,0,0,0,0,1,1,5,2,66,10,1149,1,5,8,3,8
2017500185421,1,9,0,18,0,0,0,0,0,0,1,1,1,1,27,6,1968,2,5,4,3,4
2017500185421,2,9,0,18,0,0,1,0,0,0,1,1,3,2,47,8,1973,1,17,4,3,4
2017500185441,1,9,0,16,0,0,5,0,8,11,1,1,6,1,37,7,1896,2,15,4,2,4
2017500185484,1,9,0,17,0,0,5,0,0,0,1,1,6,1,27,6,1839,1,20,6,1,6
2017500185489,1,9,0,9,0,4,0,0,0,0,1,1,5,1,38,7,1598,1,12,5,1,5
2017500185489,2,1,0,18,0,8,0,0,0,0,4,1,5,1,37,7,-1,-1,-1,6,3,6
2017500185498,1,97,0,18,0,0,0,0,0,0,1,1,6,3,-1,-1,-1,-1,-1,-1,-1,-1
2017500185498,2,1,0,18,0,0,0,0,0,0,2,1,5,2,5,1,-1,-1,-1,4,2,4
2017500185525,1,9,0,18,0,0,0,0,0,0,1,1,6,1,32,6,1998,2,14,7,2,7
2017500185525,2,9,0,18,0,0,0,0,0,0,1,1,6,1,47,8,1595,1,5,8,3,8
2017500185538,1,9,0,8,0,1,0,0,0,0,1,1,2,1,57,9,1895,1,19,2,1,2
2017500185538,2,1,0,18,0,1,0,0,0,0,4,1,2,2,48,8,-1,-1,-1,7,2,7
2017500185684,1,9,0,16,0,0,5,0,7,11,1,1,5,2,29,6,1399,2,15,4,1,4
2017500185685,1,9,0,8,0,1,0,0,0,0,3,1,6,2,35,6,1248,1,6,7,2,7
2017500185685,2,9,0,7,0,5,0,0,0,0,1,1,6,3,-1,-1,1999,1,16,-1,-1,-1
2017500185957,1,9,0,17,0,0,0,0,1,0,3,1,3,2,32,6,1596,1,15,9,1,9
2017500185960,1,5,0,16,0,0,2,0,7,0,1,1,5,1,66,10,599,1,12,8,1,8
2017500185962,1,9,0,18,0,0,0,0,1,0,4,1,6,1,85,11,1834,1,12,4,3,4
2017500185966,1,9,0,18,0,8,0,0,0,0,1,1,5,1,64,9,1197,1,1,10,1,10
2017500185966,2,9,0,9,0,8,1,0,0,0,4,1,1,1,42,7,1968,2,1,5,1,5
2017500185967,1,9,0,5,0,0,0,0,0,0,3,1,6,3,-1,-1,-1,-1,-1,-1,-1,-1
2017500185970,1,9,0,18,0,0,0,0,0,0,1,1,5,2,21,5,1399,2,6,6,1,6
2017500185973,1,9,0,17,0,0,2,0,0,0,1,1,6,1,23,5,1242,1,2,7,1,7
2017500185981,1,9,0,18,0,0,0,0,0,0,1,1,6,1,22,5,-1,-1,-1,5,1,5
2017500185981,2,9,0,3,0,0,0,0,0,0,2,1,6,2,37,7,1339,1,11,3,1,3
2017500185981,3,9,0,9,0,0,0,0,0,0,2,1,6,1,51,8,1248,2,3,4,1,4
2017500185984,1,9,0,17,0,5,0,0,5,0,1,1,5,2,28,6,1339,1,13,6,1,6
2017500185986,1,9,0,18,0,0,0,0,0,0,4,1,1,1,31,6,1560,2,4,6,1,6
2017500185995,1,9,0,13,0,0,0,0,0,0,1,1,5,1,75,10,1329,1,3,5,3,5
2017500185995,2,9,0,2,0,0,0,0,0,0,2,1,5,1,87,11,1396,1,22,4,3,4
2017500186315,1,9,0,3,0,1,0,0,0,0,2,1,5,1,58,9,1461,2,2,2,1,2
2017500186315,2,9,0,3,0,1,0,0,0,0,2,1,5,2,55,8,1997,2,12,8,1,8
2017500186315,3,9,0,4,0,1,1,0,0,0,1,1,5,2,67,10,1461,2,2,10,1,10
2017500186320,1,9,0,9,0,5,0,0,0,0,0,1,5,1,23,5,2926,2,16,6,3,6
2017500186320,2,1,0,18,0,8,0,0,0,0,0,1,5,1,40,7,-1,-1,-1,8,1,8
2017500186321,1,19,0,18,0,0,0,0,0,0,1,1,6,3,-1,-1,-1,-1,-1,-1,-1,-1
2017500186321,2,9,0,4,0,0,0,0,0,0,2,1,6,1,45,7,2497,2,19,4,1,4
2017500186322,1,9,0,18,0,0,0,0,0,0,1,1,3,2,27,6,998,1,2,7,3,7
2017500186335,1,9,0,18,0,0,0,0,0,0,3,1,5,2,75,10,2000,2,13,8,2,8
2017500186335,2,9,0,3,0,0,0,0,1,0,4,1,5,1,58,9,1969,2,2,6,1,6
2017500186336,1,9,0,18,0,0,0,0,0,0,4,1,6,3,-1,-1,-1,-1,-1,-1,-1,-1
2017500186346,1,9,0,17,0,0,2,0,8,3,1,1,5,1,19,4,1598,1,15,4,3,4
2017500186360,1,20,1,7,0,5,0,0,0,0,2,1,1,1,49,8,-1,-1,-1,4,1,4
2017500186374,1,9,0,5,0,4,0,0,0,0,1,1,2,1,32,6,-1,-1,-1,-1,-1,-1
2017500186374,2,1,0,18,0,8,0,0,0,0,4,1,5,1,38,7,-1,-1,-1,9,1,9
2017500186403,1,9,0,18,0,0,1,0,0,0,1,1,3,2,25,5,1598,1,14,3,1,3
2017500186403,2,9,0,18,0,0,0,0,1,0,1,1,6,1,45,7,3200,2,7,4,1,4
2017500186420,1,9,0,2,0,0,0,0,0,0,1,1,6,3,-1,-1,-1,-1,-1,-1,-1,-1
2017500186420,2,97,0,18,0,0,0,0,0,0,1,1,5,1,67,10,-1,-1,-1,4,3,4
2017500186673,1,5,0,16,0,0,1,0,0,0,1,1,6,1,52,8,1157,1,18,4,1,4
2017500186673,2,9,0,17,0,0,0,0,7,9,1,1,6,1,23,5,1396,1,8,6,2,6
2017500186696,1,9,0,18,0,1,0,0,0,0,4,1,5,2,28,6,1587,1,15,8,1,8
2017500186703,1,9,0,18,0,0,0,0,0,0,1,1,6,2,-1,-1,-1,-1,-1,-1,-1,-1
2017500186703,2,1,0,18,0,0,0,0,0,0,3,1,5,1,15,3,-1,-1,-1,10,1,10
2017500186710,1,9,0,18,0,0,0,4,0,0,1,1,5,1,78,11,1591,1,8,1,1,1
2017500186710,2,9,0,2,0,0,0,4,0,0,1,1,5,1,60,9,1560,2,5,1,1,1
2017500186710,3,9,0,2,0,0,0,4,0,0,1,1,5,2,44,7,1997,2,9,1,1,1
2017500186710,4,9,0,2,0,0,0,4,0,0,1,1,5,2,38,7,1560,2,6,1,1,1
2017500186714,1,98,0,12,0,2,0,0,0,0,3,1,6,3,-1,-1,-1,-1,-1,-1,-1,-1
2017500186714,2,5,0,18,0,2,0,0,0,0,4,1,1,1,28,6,998,1,12,5,3,5
2017500186722,1,3,0,16,0,0,0,0,1,7,3,1,6,1,34,6,102,1,10,-1,-1,-1
2017500186725,1,9,0,18,0,0,0,0,1,4,1,1,5,1,51,8,-1,-1,-1,6,1,6
2017500186729,1,8,0,5,0,1,0,0,0,0,1,1,1,1,58,9,1598,2,6,-1,-1,-1
2017500186729,2,1,0,18,0,1,0,0,0,0,4,1,5,2,52,8,-1,-1,-1,2,1,2
2017500186730,1,9,0,3,0,8,0,0,0,0,0,1,2,2,34,6,1910,2,8,6,3,6
2017500186730,2,9,0,5,0,8,0,0,0,0,1,1,5,2,70,10,1598,2,5,9,1,9
2017500186751,1,21,1,4,0,2,1,0,0,0,1,1,1,1,59,9,9200,2,11,8,2,8
2017500186751,2,9,0,4,0,2,0,0,0,0,2,1,6,1,69,10,1560,2,7,10,2,10
2017500186772,1,9,0,1,0,0,0,0,0,0,2,1,5,1,37,7,1596,1,11,7,1,7
2017500186772,2,3,0,4,0,0,0,0,0,0,4,1,5,1,18,4,125,1,2,4,2,4
2017500186776,1,2,0,18,0,1,0,0,0,0,1,1,5,1,17,4,49,1,2,3,1,3
2017500186776,2,19,0,9,0,2,0,0,0,0,1,1,5,1,28,6,1560,2,1,3,1,3
2017500186820,1,9,0,18,0,1,0,0,0,0,3,1,6,2,70,10,1329,1,1,10,1,10
2017500186820,2,22,0,11,0,1,0,0,0,0,0,1,6,2,74,10,-1,-1,-1,7,1,7
2017500186824,1,9,0,12,0,0,0,0,7,6,3,1,2,2,45,7,1388,1,7,1,1,1
2017500186824,2,21,1,18,0,0,0,0,0,0,4,1,1,1,33,6,10837,2,1,10,1,10
2017500186833,1,9,0,7,0,2,0,0,0,0,4,1,2,2,55,8,998,1,5,9,1,9
2017500186833,2,1,0,18,0,2,0,0,0,0,3,1,5,1,53,8,-1,-1,-1,7,1,7
2017500186833,3,1,0,18,0,2,0,0,0,0,3,1,5,1,46,8,-1,-1,-1,6,1,6
2017500186966,1,9,0,18,0,0,0,0,0,0,1,1,6,1,53,8,1995,2,13,-1,-1,-1
2017500186971,1,3,0,7,0,5,5,0,0,0,1,1,5,1,19,4,108,1,1,9,1,9
2017500186982,1,9,0,18,0,0,1,0,0,0,1,1,5,2,23,5,1598,1,4,9,1,9
2017500186982,2,9,0,7,0,0,1,0,1,1,2,1,5,1,28,6,1461,2,9,3,2,3
2017500187025,1,9,0,18,0,1,0,0,0,0,3,1,1,1,43,7,-1,-1,-1,2,1,2
2017500187025,2,1,0,10,0,1,0,0,0,0,4,1,6,1,18,4,-1,-1,-1,4,1,4
2017500187031,1,9,0,18,0,0,0,8,0,0,4,1,6,1,72,10,1587,1,12,3,1,3
2017500187031,2,9,0,2,0,0,0,0,0,0,4,1,6,1,60,9,1598,2,1,3,1,3
2017500187032,1,9,0,18,0,8,0,0,0,0,4,1,3,2,22,5,1388,1,10,8,1,8
2017500187032,2,1,0,18,0,8,0,0,0,0,1,1,5,1,43,7,-1,-1,-1,3,1,3
2017500187034,1,9,0,9,0,6,0,0,0,0,3,1,1,2,62,9,1360,1,19,4,3,4
2017500187034,2,9,0,18,0,1,0,0,0,0,4,1,2,2,26,6,1956,2,2,5,3,5
2017500187056,1,2,0,7,0,8,1,0,0,0,4,1,5,2,17,4,49,1,11,3,3,3
2017500187266,1,9,0,9,0,6,0,0,0,0,1,1,5,2,69,10,1781,1,12,6,3,6
2017500187266,2,9,0,18,0,1,0,0,7,0,1,1,5,1,31,6,1597,1,23,3,1,3
2017500187527,1,9,0,18,0,0,0,10,1,0,1,1,5,1,28,6,1598,1,13,5,3,5
2017500187542,1,9,0,17,0,0,1,0,2,0,1,1,5,2,18,4,1124,1,12,4,2,4
2017500187546,1,9,0,18,0,0,0,12,0,0,3,1,6,2,26,6,1461,2,9,1,2,1
2017500187547,1,9,0,3,0,1,0,0,0,0,2,1,5,2,39,7,2664,2,14,6,3,6
2017500187547,2,9,0,3,0,1,0,0,0,0,2,1,5,1,68,10,1997,1,10,7,3,7
2017500187547,3,9,0,4,0,1,0,0,1,0,1,1,5,1,72,10,1598,1,6,5,1,5
2017500187561,1,9,0,15,0,0,1,0,0,0,1,1,5,1,31,6,1388,1,20,6,2,6
2017500187561,2,9,0,18,0,0,0,0,0,0,1,1,2,1,31,6,1586,1,4,1,1,1
2017500187573,1,9,0,9,0,8,0,0,0,0,4,1,5,1,31,6,1398,2,6,7,1,7
2017500187573,2,3,0,18,0,8,0,0,0,0,1,1,1,1,29,6,125,1,1,3,2,3
2017500187574,1,9,0,18,0,0,0,0,0,0,1,1,6,1,48,8,1997,1,13,3,3,3
2017500187574,2,1,0,18,0,0,1,0,0,0,1,1,6,1,23,5,-1,-1,-1,2,2,2
2017500187575,1,9,0,18,0,0,0,0,0,0,3,1,2,1,59,9,998,1,7,10,2,10
2017500187575,2,9,0,18,0,0,0,0,0,0,3,1,2,2,60,9,1995,2,4,10,2,10
2017500187577,1,9,0,3,0,0,0,0,0,0,4,1,1,1,24,5,1198,1,8,5,1,5
2017500187577,2,1,0,5,9,0,0,0,0,0,1,1,5,2,52,8,-1,-1,-1,7,1,7
2017500187580,1,9,0,10,0,1,0,0,0,0,1,1,6,2,18,4,1198,1,4,5,1,5
2017500187580,2,2,0,18,0,1,1,0,0,0,1,1,6,1,37,7,125,1,6,3,1,3
2017500187586,1,9,0,4,0,0,0,0,0,0,2,1,6,2,42,7,2987,2,3,6,3,6
2017500187586,2,9,0,4,0,0,0,0,0,0,1,1,6,1,53,8,1299,1,12,2,1,2
2017500187589,1,9,0,16,0,0,0,0,0,0,3,1,5,1,83,11,1339,1,10,6,3,6
2017500187625,1,9,0,5,0,0,1,0,0,0,1,1,5,2,30,6,2143,2,2,5,2,5
2017500187625,2,9,0,5,0,0,0,0,0,0,2,1,2,2,38,7,1200,1,2,-1,-1,-1
2017500187631,1,9,0,9,0,8,0,0,0,0,1,1,5,2,84,11,995,1,7,7,2,7
2017500187631,2,98,0,9,0,8,0,0,0,0,3,1,1,1,46,8,-1,-1,-1,8,2,8
2017500187663,1,9,0,18,0,2,5,0,0,0,1,1,3,1,66,10,1956,2,6,6,3,6
2017500187681,1,9,0,18,0,0,0,0,0,0,1,1,6,1,43,7,2495,2,27,5,2,5
2017500187681,2,9,0,18,0,0,0,0,0,0,1,1,6,1,34,6,2521,1,11,6,3,6
2017500187799,1,9,0,9,0,8,0,0,0,0,4,1,6,1,36,7,1598,1,13,2,1,2
2017500187799,2,1,0,18,0,1,0,0,0,0,1,1,6,1,30,6,-1,-1,-1,5,2,5
2017500187842,1,2,0,17,0,0,2,0,1,0,1,1,2,1,16,4,50,1,9,8,2,8
2017500187842,2,9,0,16,0,0,0,0,0,0,1,1,2,2,55,8,998,1,12,5,3,5
2017500187861,1,9,0,18,0,0,0,0,0,0,3,1,6,2,47,8,1796,1,14,5,2,5
2017500187861,2,1,0,9,0,0,0,0,0,0,1,1,5,1,29,6,-1,-1,-1,8,3,8
2017500187868,1,9,0,18,0,8,0,0,0,0,1,1,5,2,30,6,1587,1,10,9,1,9
2017500187868,2,9,0,18,0,8,0,0,0,0,4,1,5,1,39,7,1995,2,1,6,1,6
2017500187878,1,9,0,1,0,0,0,0,0,0,2,1,5,1,80,11,1994,1,11,4,1,4
2017500187878,2,9,0,2,0,0,0,0,0,0,1,1,6,2,18,4,-1,-1,-1,9,3,9
2017500187899,1,9,0,6,0,0,0,0,0,0,4,1,1,1,44,7,-1,-1,-1,8,1,8
2017500187899,2,3,0,18,0,0,2,0,0,0,1,1,5,1,43,7,124,1,7,1,1,1
2017500187941,1,9,0,9,0,6,0,0,0,0,1,1,5,1,72,10,1582,2,1,4,1,4
2017500187941,2,9,0,18,0,1,0,0,0,0,1,1,5,2,76,11,1339,1,10,10,1,10
2017500187956,1,19,0,4,0,0,0,0,0,0,1,1,1,1,29,6,2198,2,1,4,1,4
2017500187956,2,9,0,4,0,0,0,0,0,0,1,1,5,2,30,6,1956,2,5,4,3,4
2017500187956,3,9,0,3,0,0,0,0,0,0,2,1,2,1,46,8,1560,2,6,2,1,2
2017500187971,1,9,0,18,0,1,0,0,0,0,1,1,5,2,82,11,1300,1,17,6,1,6
2017500187971,2,1,0,18,0,6,0,0,0,0,3,1,5,2,13,3,-1,-1,-1,5,1,5
2017500187972,1,9,0,18,0,0,0,0,0,0,1,1,6,2,27,6,998,1,2,3,3,3
2017500187972,2,9,0,18,0,0,0,0,0,0,2,1,6,2,59,9,1242,1,8,-1,-1,-1
2017500187972,3,9,0,18,0,0,0,0,0,0,1,1,6,2,72,10,1198,1,3,7,3,7
2017500187974,1,98,0,9,0,5,0,0,0,0,0,1,6,3,-1,-1,-1,-1,-1,-1,-1,-1
2017500187974,2,5,0,18,0,1,0,0,1,11,1,1,5,1,19,4,600,1,13,5,3,5
2017500187974,3,5,0,18,0,1,0,0,0,0,0,1,5,1,19,4,656,1,9,5,2,5
2017500187984,1,9,0,18,0,4,0,9,3,1,1,1,5,1,28,6,998,1,13,8,2,8
2017500187998,1,3,0,14,0,1,0,0,0,0,1,1,6,1,27,6,125,1,7,1,1,1
2017500187998,2,9,0,9,0,8,0,0,0,0,3,1,6,1,33,6,1598,1,17,1,1,1
2017500188029,1,9,0,16,0,0,0,0,0,0,3,1,5,1,50,8,1499,2,-1,4,3,4
2017500188029,2,9,0,17,0,0,0,0,0,0,3,1,5,1,80,11,1910,2,11,6,2,6
2017500188037,1,19,0,18,0,0,0,0,0,0,1,1,6,1,40,7,2402,2,6,-1,-1,-1
2017500188037,2,1,0,18,0,0,2,0,0,0,1,1,6,1,-1,-1,-1,-1,-1,3,1,3
2017500188055,1,9,0,5,0,0,5,0,0,0,3,1,5,1,43,7,999,1,4,2,3,2
2017500188055,2,9,0,16,0,0,1,0,0,0,1,1,5,2,72,10,1910,2,9,4,2,4
2017500188218,1,9,0,6,0,0,0,0,0,0,1,1,5,2,22,5,1995,2,5,3,1,3
2017500188218,2,9,0,18,0,0,0,0,7,0,1,1,5,2,71,10,1364,1,1,6,1,6
2017500188248,1,9,0,18,0,2,1,0,0,0,4,1,6,1,17,4,1149,1,13,4,3,4
2017500188248,2,9,0,18,0,1,0,0,0,0,1,1,6,1,31,6,1896,2,17,5,3,5
2017500188259,1,9,0,18,0,0,0,4,0,0,1,1,5,1,86,11,2179,2,4,6,3,6
2017500188259,2,9,0,2,0,0,0,0,0,0,2,1,6,1,24,5,1398,1,1,6,1,6
2017500188259,3,9,0,2,0,0,0,0,0,0,3,1,6,2,46,8,2204,2,9,7,1,7
2017500188267,1,9,0,18,0,0,0,0,0,0,1,1,6,1,50,8,1396,1,12,4,2,4
2017500188267,2,9,0,3,0,0,0,0,0,0,3,1,6,1,60,9,-1,-1,-1,5,1,5
2017500188267,3,9,0,3,0,0,0,0,0,0,3,1,6,1,55,8,2402,2,7,4,3,4
2017500188277,1,9,0,16,0,2,0,0,0,0,1,1,6,3,-1,-1,1587,1,16,-1,-1,-1
2017500188277,2,9,0,4,0,1,0,0,0,0,1,1,1,1,42,7,1497,8,3,3,1,3
2017500188278,1,1,0,18,0,0,0,0,0,0,3,1,6,1,-1,-1,-1,-1,-1,-1,-1,-1