Accident_Index,Vehicle_Reference,Vehicle_Type,Towing_and_Articulation,Vehicle_Manoeuvre,Vehicle_Location-Restricted_Lane,Junction_Location,Skidding_and_Overturning,Hit_Object_in_Carriageway,Vehicle_Leaving_Carriageway,Hit_Object_off_Carriageway,1st_Point_of_Impact,Was_Vehicle_Left_Hand_Drive?,Journey_Purpose_of_Driver,Sex_of_Driver,Age_of_Driver,Age_Band_of_Driver,Engine_Capacity_(CC),Propulsion_Code,Age_of_Vehicle,Driver_IMD_Decile,Driver_Home_Area_Type,Vehicle_IMD_Decile
2017500188278,2,2,0,18,0,0,0,0,0,0,1,1,6,1,16,4,50,1,-1,5,3,5
2017500188294,1,9,0,18,0,0,0,0,0,0,1,1,5,1,23,5,-1,-1,-1,-1,-1,-1
2017500188294,2,9,0,9,0,0,0,0,0,0,4,1,5,2,63,9,1560,2,8,2,1,2
2017500188349,1,9,0,1,0,0,0,0,0,0,2,1,6,2,38,7,1595,2,8,-1,-1,-1
2017500188349,2,2,0,3,0,0,0,0,0,0,1,1,5,2,17,4,49,1,11,8,1,8
2017500188351,1,9,0,5,0,4,0,0,0,0,3,1,5,1,46,8,1360,1,12,1,1,1
2017500188351,2,1,0,18,0,4,1,0,0,0,1,1,5,1,53,8,-1,-1,-1,9,1,9
2017500188372,1,9,0,4,0,0,1,0,0,0,1,1,5,1,38,7,-1,-1,-1,2,1,2
2017500188372,2,9,0,18,0,0,0,0,0,0,1,1,5,1,69,10,1197,1,1,-1,-1,-1
2017500188389,1,9,0,9,0,8,0,0,0,0,1,1,6,1,-1,-1,1796,1,12,-1,-1,-1
2017500188389,2,9,0,18,0,8,0,0,0,0,4,1,6,2,23,5,1598,1,3,5,1,5
2017500188395,1,9,0,7,0,3,0,0,0,0,3,1,5,1,24,5,1422,2,9,5,1,5
2017500188395,2,9,0,9,0,4,0,0,0,0,2,1,5,1,50,8,998,1,1,8,1,8
2017500188587,1,9,0,9,0,0,0,0,0,0,3,1,2,1,57,9,-1,-1,-1,4,1,4
2017500188587,2,9,0,18,0,0,0,0,1,4,1,1,5,1,25,5,1298,1,10,3,1,3
2017500188622,1,9,0,17,0,0,0,0,0,0,3,1,5,2,45,7,1229,1,5,6,3,6
2017500188622,2,1,0,16,0,0,0,0,0,0,1,1,5,2,54,8,-1,-1,-1,6,2,6
2017500188669,1,9,0,18,0,0,0,0,1,0,1,1,6,1,56,9,1796,1,3,10,1,10
2017500188684,1,9,0,17,0,0,1,0,1,3,1,1,5,1,47,8,2993,2,11,6,1,6
2017500188688,1,9,0,17,0,4,0,0,0,0,1,1,6,1,95,11,1198,1,2,8,2,8
2017500188688,2,9,0,17,0,3,0,0,0,0,4,1,6,2,27,6,1496,2,2,9,1,9
2017500188757,1,90,0,18,0,0,1,0,4,0,3,1,5,2,53,8,1997,2,15,4,2,4
2017500188772,1,9,0,18,0,0,2,0,1,0,1,1,6,2,23,5,1527,2,16,7,2,7
2017500188774,1,9,0,18,0,1,1,0,0,0,1,1,5,2,92,11,1360,1,20,5,3,5
2017500188774,2,9,0,3,0,8,0,0,0,0,2,1,5,1,48,8,2793,1,18,7,2,7
2017500188776,1,9,0,13,0,0,5,7,5,6,1,1,5,1,24,5,1124,1,10,1,1,1
2017500188792,1,90,0,1,0,0,0,0,0,0,2,1,6,1,55,8,-1,-1,-1,-1,-1,-1
2017500188792,2,9,0,2,0,0,0,0,0,0,1,1,6,1,47,8,1956,2,2,-1,-1,-1
2017500188799,1,9,0,18,0,1,0,0,0,0,1,1,6,2,47,8,1975,1,12,6,3,6
2017500188799,2,9,0,4,0,1,0,0,0,0,2,1,6,1,72,10,1560,2,12,5,3,5
2017500188800,1,98,0,13,0,1,0,0,0,0,4,1,6,3,-1,-1,-1,-1,-1,-1,-1,-1
2017500188800,2,1,0,18,0,1,0,0,0,0,3,1,6,1,44,7,-1,-1,-1,5,3,5
2017500188806,1,9,0,11,0,0,0,0,0,0,2,1,5,1,53,8,2143,2,5,2,1,2
2017500188806,2,9,0,18,0,0,0,0,0,0,1,1,5,1,66,10,2143,2,2,4,1,4
2017500188811,1,9,0,4,0,4,0,0,0,0,1,1,5,2,54,8,1368,1,7,9,1,9
2017500188811,2,9,0,3,0,4,0,0,0,0,2,1,5,2,38,7,1968,2,8,8,1,8
2017500188811,3,9,0,3,0,4,0,0,0,0,2,1,5,1,36,7,2993,2,8,6,2,6
2017500188817,1,9,0,18,0,0,0,0,0,0,1,1,5,1,82,11,1390,1,16,-1,-1,-1
2017500188817,2,1,0,18,0,0,0,0,0,0,2,1,5,1,20,4,-1,-1,-1,4,1,4
2017500188862,1,9,0,18,0,0,0,0,0,0,1,1,5,1,35,6,1896,2,11,7,1,7
2017500188862,2,3,0,18,0,0,0,0,0,0,2,1,5,1,18,4,124,1,12,2,1,2
2017500188868,1,9,0,18,0,0,0,0,0,0,1,1,5,1,67,10,-1,-1,-1,5,2,5
2017500188868,2,19,0,18,0,0,0,0,0,0,2,1,2,1,33,6,1298,1,13,5,3,5
2017500188896,1,9,0,4,0,0,0,0,0,0,2,1,5,2,42,7,1197,1,-1,2,2,2
2017500188896,2,9,0,18,0,0,0,0,0,0,1,1,6,1,65,9,4367,2,2,5,3,5
2017500188896,3,9,0,4,0,0,0,0,0,0,2,1,6,1,39,7,1499,2,2,3,3,3
2017500188909,1,9,0,1,0,0,0,0,0,0,2,1,6,1,-1,-1,-1,-1,-1,-1,-1,-1
2017500189100,1,3,0,18,0,0,1,0,7,11,1,1,6,1,22,5,599,1,17,8,2,8
2017500189100,2,17,4,5,8,0,0,0,0,0,4,1,1,1,44,7,6728,2,4,6,3,6
2017500189155,1,9,0,18,0,0,0,0,1,0,3,1,6,1,35,6,1398,1,-1,3,1,3
2017500189155,2,9,0,18,0,0,1,0,0,0,4,1,6,1,26,6,1364,1,13,3,2,3
2017500189163,1,9,0,9,0,6,0,0,0,0,1,1,5,1,20,4,1391,1,21,4,2,4
2017500189163,2,9,0,18,0,8,0,0,0,0,3,1,5,1,53,8,1975,1,12,4,1,4
2017500189173,1,9,0,16,0,0,1,0,0,0,1,1,5,1,19,4,1422,2,13,8,2,8
2017500189173,2,9,0,17,0,0,1,0,0,0,1,1,5,1,41,7,1968,2,6,6,3,6
2017500189177,1,9,0,18,0,0,1,0,0,0,1,1,1,2,37,7,1242,1,15,3,1,3
2017500189177,2,9,0,18,0,0,1,0,0,0,1,1,2,2,26,6,1196,1,29,3,3,3
2017500189179,1,19,0,18,0,1,0,0,0,0,1,1,1,1,76,11,2998,2,2,10,2,10
2017500189179,2,17,0,7,0,6,0,0,0,0,1,1,1,1,65,9,4000,2,17,6,3,6
2017500189182,1,1,0,18,0,0,0,0,0,0,1,1,6,1,-1,-1,-1,-1,-1,4,3,4
2017500189182,2,9,0,18,0,0,0,0,0,0,2,1,6,3,-1,-1,-1,-1,-1,-1,-1,-1
2017500189189,1,9,0,18,0,2,0,0,0,0,3,1,6,3,-1,-1,-1,-1,-1,-1,-1,-1
2017500189189,2,8,0,18,0,2,0,0,0,0,1,1,1,1,52,8,1997,2,9,2,1,2
2017500189190,1,9,0,9,0,5,0,0,0,0,1,1,5,2,44,7,1753,2,14,7,1,7
2017500189190,2,4,0,13,0,1,0,0,7,0,4,1,5,1,56,9,805,1,22,6,2,6
2017500189196,1,9,0,18,0,0,2,0,1,0,4,1,2,1,34,6,1398,2,14,4,1,4
2017500189207,1,5,0,18,0,0,0,0,0,0,1,1,5,1,59,9,743,1,43,3,3,3
2017500189207,2,21,0,3,0,0,0,0,0,0,3,1,1,1,57,9,12777,2,4,3,2,3
2017500189207,3,19,0,3,0,0,0,0,0,0,3,1,1,1,23,5,2198,2,3,6,1,6
2017500189213,1,9,0,18,0,0,0,0,0,0,2,1,6,2,30,6,1968,2,6,-1,-1,-1
2017500189213,2,9,0,12,0,0,0,0,0,0,1,1,6,1,46,8,3628,2,10,4,3,4
2017500189230,1,9,0,18,0,1,0,0,0,0,4,1,2,1,26,6,1248,2,9,9,1,9
2017500189230,2,9,0,9,0,6,0,0,0,0,1,1,2,1,22,5,998,1,15,3,3,3
2017500189237,1,9,0,16,0,1,0,0,7,0,4,1,6,1,85,11,1560,2,6,4,2,4
2017500189242,1,9,0,18,0,0,0,0,0,0,4,1,6,1,65,9,999,1,1,3,1,3
2017500189500,1,19,0,13,0,0,5,0,1,6,1,1,1,3,-1,-1,2402,2,5,-1,-1,-1
2017500189755,1,9,0,16,0,4,0,0,0,0,3,1,6,1,64,9,998,1,6,4,3,4
2017500189755,2,3,0,17,0,3,2,0,0,0,3,1,6,1,21,5,125,1,3,3,2,3
2017500189765,1,11,0,18,0,0,0,0,0,0,0,1,1,1,64,9,-1,-1,-1,-1,-1,-1
2017500189771,1,9,0,13,0,0,1,0,7,0,1,1,2,1,24,5,1198,1,3,4,3,4
2017500189771,2,20,0,18,0,0,1,0,0,0,1,1,1,1,60,9,6370,2,6,3,2,3
2017500189782,1,11,0,18,0,0,0,0,0,0,1,1,1,2,42,7,9291,2,2,1,1,1
2017500189788,1,98,0,7,0,8,0,0,0,0,4,1,6,3,-1,-1,-1,-1,-1,-1,-1,-1
2017500189788,2,1,0,4,0,8,0,0,0,0,3,1,6,1,45,7,-1,-1,-1,1,1,1
2017500189795,1,9,0,7,0,3,0,0,0,0,4,1,1,1,61,9,-1,-1,-1,5,1,5
2017500189795,2,1,0,7,0,3,0,0,0,0,1,1,1,1,34,6,-1,-1,-1,3,2,3
2017500189799,1,9,0,9,0,2,0,10,0,0,3,1,5,1,78,11,1360,1,13,3,3,3
2017500189799,2,9,0,16,0,8,0,0,0,0,1,1,5,1,52,8,-1,-1,-1,3,3,3
2017500189826,1,90,0,17,0,0,5,0,0,0,1,1,5,1,27,6,-1,-1,-1,5,3,5
2017500189827,1,9,0,16,0,1,0,0,0,0,1,1,5,2,-1,-1,1896,2,13,2,1,2
2017500189827,2,9,0,10,0,1,0,0,0,0,2,1,1,1,30,6,1149,1,13,6,1,6
2017500189834,1,9,0,9,0,6,0,0,0,0,1,1,6,2,78,11,1242,1,7,8,2,8
2017500189835,1,3,0,17,0,0,0,12,0,0,1,1,2,1,26,6,124,1,4,4,3,4
2017500189871,1,9,0,15,0,0,0,0,7,0,1,1,6,2,33,6,1242,1,12,3,1,3
2017500189871,2,9,0,18,0,0,0,0,0,0,3,1,6,1,54,8,1598,2,4,3,3,3
2017500189908,1,9,0,12,0,0,0,0,0,0,0,1,6,3,-1,-1,-1,-1,-1,-1,-1,-1
2017500189908,2,1,0,13,0,0,0,0,0,0,0,1,6,1,33,6,-1,-1,-1,6,1,6
2017500190076,1,9,0,18,0,0,2,0,1,0,1,1,5,1,33,6,1398,2,8,3,2,3
2017500190076,2,9,0,18,0,0,0,0,0,0,2,1,5,2,38,7,1997,2,11,5,1,5
2017500190081,1,9,0,18,0,1,0,0,0,0,1,1,1,1,61,9,-1,-1,-1,9,1,9
2017500190081,2,21,0,18,0,1,0,0,0,0,1,1,1,3,-1,-1,9290,2,4,-1,-1,-1
2017500190081,3,9,0,18,0,1,0,0,0,0,0,1,6,2,70,10,1596,1,10,10,1,10
2017500190087,1,9,0,10,0,0,1,0,1,0,1,1,6,1,22,5,998,1,4,7,1,7
2017500190114,1,9,0,3,0,2,0,0,0,0,2,1,6,2,50,8,1596,1,7,6,3,6
2017500190114,2,9,0,18,0,1,0,0,0,0,1,1,6,2,61,9,1199,1,18,6,3,6
2017500190129,1,9,0,18,0,6,0,7,3,10,4,1,5,1,18,4,1199,1,14,8,1,8
2017500190129,2,8,0,18,0,8,0,0,0,0,1,1,1,1,24,5,1598,2,6,1,1,1
2017500190140,1,9,0,3,0,0,0,0,0,0,1,1,2,1,26,6,2959,2,12,1,1,1
2017500190140,2,9,0,1,0,0,0,0,0,0,2,1,6,1,52,8,1956,2,3,6,2,6
2017500190147,1,9,0,17,0,0,0,0,2,7,4,1,6,1,21,5,1686,2,9,5,2,5
2017500190165,1,9,0,17,0,0,1,0,0,0,1,1,5,1,33,6,1598,1,11,4,2,4
2017500190165,2,9,0,16,0,0,0,0,0,0,1,1,6,2,48,8,1991,1,-1,5,3,5
2017500190169,1,3,0,18,0,0,0,0,0,0,1,1,6,1,28,6,124,1,10,5,2,5
2017500190169,2,11,0,18,0,0,0,0,0,0,1,1,1,1,34,6,6696,2,2,1,1,1
2017500190172,1,19,0,5,0,4,0,0,0,0,0,1,2,1,24,5,1968,2,7,9,1,9
2017500190172,2,97,0,7,0,8,0,0,0,0,0,1,5,1,62,9,-1,-1,-1,5,1,5
2017500190176,1,9,0,16,0,0,0,0,0,0,1,1,6,3,-1,-1,-1,-1,-1,-1,-1,-1
2017500190176,2,9,0,17,0,0,1,0,1,0,1,1,1,1,39,7,-1,-1,-1,4,3,4
2017500190186,1,9,0,18,0,8,0,0,0,0,4,1,6,1,73,10,1896,2,10,8,2,8
2017500190186,2,19,0,9,0,6,0,0,0,0,3,1,1,1,52,8,1968,2,1,5,1,5
2017500190210,1,9,0,18,0,0,2,0,2,11,3,1,6,1,27,6,1298,1,15,1,1,1
2017500190210,2,9,0,18,0,0,0,0,4,6,4,1,6,2,30,6,1242,1,11,9,1,9
2017500190212,1,9,0,5,0,7,0,0,0,0,1,1,6,3,-1,-1,-1,-1,-1,-1,-1,-1
2017500190212,2,9,0,2,0,7,0,0,0,0,2,1,5,1,50,8,1390,1,16,6,1,6
2017500190234,1,9,0,7,0,2,0,10,0,0,1,1,5,2,48,8,1582,2,7,3,1,3
2017500190234,2,9,0,18,0,1,0,0,0,0,1,1,1,1,27,6,-1,-1,-1,1,1,1
2017500190243,1,9,0,8,0,0,0,0,0,0,1,1,6,1,-1,-1,2499,2,21,3,2,3
2017500190243,2,9,0,8,0,0,0,0,0,0,2,1,6,2,36,7,-1,-1,-1,4,3,4
2017500190260,1,9,0,16,0,0,0,0,7,4,1,1,5,1,20,4,1999,1,12,9,3,9
2017500190448,1,5,0,13,0,0,2,0,0,0,4,1,2,1,62,9,1380,1,4,5,3,5
2017500190483,1,9,0,18,0,0,0,0,1,0,1,1,5,1,42,7,998,1,-1,-1,-1,-1
2017500190483,2,9,0,2,6,0,0,0,0,0,1,1,6,3,-1,-1,2000,2,11,5,2,5
2017500190483,3,9,0,2,6,0,0,0,0,0,1,1,6,1,-1,-1,1360,1,11,5,2,5
2017500190483,4,9,0,2,6,0,0,0,0,0,1,1,6,1,-1,-1,2188,2,13,5,2,5
2017500190483,5,9,0,2,6,0,0,0,0,0,1,1,6,1,-1,-1,1587,1,15,5,2,5
2017500190483,6,9,0,2,6,0,0,0,0,0,1,1,6,1,-1,-1,1998,2,10,5,2,5
2017500190483,7,9,0,2,6,0,0,0,0,0,1,1,6,1,-1,-1,1997,1,13,5,2,5
2017500190483,8,9,0,2,6,0,0,0,0,0,1,1,6,1,-1,-1,1198,1,4,5,2,5
2017500190510,1,19,0,5,0,0,0,0,7,0,1,1,6,1,51,8,2198,2,2,2,1,2
2017500190510,2,9,0,2,0,0,0,0,0,0,1,1,5,1,38,7,1587,1,16,6,1,6
2017500190510,3,9,0,2,0,0,0,0,0,0,3,1,5,1,38,7,1598,1,15,6,1,6
2017500190542,1,9,0,13,0,0,0,0,0,0,4,1,5,1,53,8,1986,1,26,4,3,4
2017500190542,2,1,0,18,0,0,0,0,1,0,1,1,5,1,38,7,-1,-1,-1,5,2,5
2017500190600,1,9,0,17,0,0,1,10,0,0,1,1,6,1,53,8,1988,1,16,3,1,3
2017500190600,2,9,0,16,0,0,0,0,0,0,1,1,6,2,19,4,1400,2,10,5,3,5
2017500190604,1,9,0,18,0,0,1,0,0,0,1,1,6,3,-1,-1,-1,-1,-1,-1,-1,-1
2017500190620,1,9,0,18,0,8,0,0,0,0,2,1,5,1,20,4,1390,1,12,-1,-1,-1
2017500190620,2,1,0,18,0,4,0,0,0,0,1,1,5,1,21,5,-1,-1,-1,1,1,1
2017500190634,1,11,0,3,0,1,0,0,0,0,2,1,1,1,58,9,6700,2,1,7,1,7
2017500190634,2,9,0,4,0,1,0,0,0,0,1,1,3,2,44,7,1395,1,-1,10,2,10
2017500190643,1,9,0,4,0,1,0,0,0,0,1,1,6,2,56,9,1995,2,3,1,1,1
2017500190643,2,9,0,3,0,1,0,0,0,0,2,1,6,1,25,5,1388,1,8,8,1,8
2017500190649,1,9,0,9,0,8,0,0,0,0,3,1,1,2,30,6,1596,1,13,4,1,4
2017500190649,2,9,0,18,0,1,0,0,0,0,1,1,6,1,25,5,1124,1,17,5,3,5
2017500190691,1,9,0,18,0,0,0,0,0,0,3,1,5,2,23,5,998,1,6,-1,-1,-1
2017500190691,2,5,0,18,0,0,0,0,0,0,1,1,2,1,27,6,599,1,18,4,2,4
2017500190693,1,9,0,18,0,0,5,0,1,0,1,1,6,1,43,7,-1,-1,-1,6,3,6
2017500190714,1,9,0,18,0,1,1,0,0,0,1,1,5,1,32,6,1896,2,13,6,3,6
2017500190714,2,9,0,18,0,1,0,0,1,0,1,1,2,2,26,6,1399,2,5,3,1,3
2017500190729,1,1,0,18,0,8,1,0,0,0,4,1,5,1,69,10,-1,-1,-1,9,1,9
2017500190729,2,9,0,4,0,8,0,0,0,0,3,1,5,2,64,9,1339,1,7,9,1,9
2017500190763,1,9,0,5,0,8,0,0,0,0,1,1,2,1,24,5,1598,2,4,4,3,4
2017500190763,2,1,0,4,0,8,5,0,0,0,1,1,5,1,55,8,-1,-1,-1,6,1,6
2017500190804,1,3,0,16,0,0,0,0,0,0,1,1,5,1,22,5,124,1,21,2,1,2
2017500190804,2,3,0,17,0,0,0,0,0,0,1,1,5,1,27,6,124,1,1,4,1,4
2017500190804,3,9,0,17,0,0,0,0,0,0,1,1,5,1,49,8,1781,1,15,4,1,4
2017500191090,1,9,0,18,0,1,0,0,0,0,1,1,6,1,59,9,1242,1,2,9,1,9
2017500191090,2,9,0,9,0,1,0,0,0,0,1,1,6,2,33,6,1597,1,12,8,1,8
2017500191093,1,9,0,16,0,1,0,0,0,0,1,1,6,1,41,7,2987,2,6,5,3,5
2017500191093,2,9,0,5,0,8,0,0,0,0,2,1,6,2,29,6,1995,2,2,5,1,5
2017500191093,3,9,0,7,0,8,0,0,0,0,1,1,6,1,49,8,2184,2,3,9,2,9
2017500191093,4,9,0,7,0,8,0,0,0,0,2,1,6,2,24,5,1390,1,14,8,2,8
2017500191097,1,9,0,9,0,6,0,0,0,0,1,1,6,1,67,10,1598,1,16,7,1,7
2017500191097,2,4,0,18,0,1,0,0,0,0,1,1,6,1,24,5,249,1,9,1,1,1
2017500191099,1,9,0,18,0,0,0,0,7,0,1,1,5,2,23,5,1587,1,14,5,3,5
2017500191107,1,9,0,18,0,0,0,0,0,0,1,1,5,1,54,8,2204,2,7,1,1,1
2017500191110,1,19,0,9,0,6,0,0,0,0,1,1,5,1,74,10,2300,2,12,6,3,6
2017500191110,2,4,0,18,0,8,5,0,0,0,1,1,5,1,33,6,675,1,5,4,1,4
2017500191117,1,9,0,9,0,1,0,0,0,0,1,1,6,2,69,10,1242,1,6,5,1,5
2017500191117,2,9,0,18,0,1,0,0,0,0,1,1,6,2,70,10,1198,1,3,7,1,7
2017500191119,1,9,0,5,0,0,0,0,0,0,3,1,3,2,48,8,1896,2,16,1,2,1
2017500191119,2,3,0,4,0,0,0,0,0,0,1,1,5,1,18,4,-1,-1,-1,-1,-1,-1
2017500191121,1,9,0,18,0,1,1,0,0,0,1,1,6,2,32,6,1390,1,10,4,1,4
2017500191121,2,9,0,4,0,1,0,0,0,0,2,1,3,2,35,6,-1,-1,-1,4,1,4
2017500191126,1,9,0,1,0,0,0,0,0,0,2,1,1,1,40,7,1997,2,8,4,1,4
2017500191137,1,9,0,17,0,4,0,0,0,0,1,1,6,2,62,9,-1,-1,-1,5,3,5
2017500191137,2,1,0,17,0,8,0,0,0,0,4,1,5,1,-1,-1,-1,-1,-1,8,2,8
2017500191141,1,9,0,18,0,0,0,0,0,0,1,1,1,2,33,6,1995,2,4,5,1,5
2017500191141,2,9,0,3,0,0,0,0,0,0,2,1,5,1,30,6,-1,-1,-1,10,1,10
2017500191149,1,9,0,18,0,0,0,0,0,0,1,1,6,3,-1,-1,-1,-1,-1,-1,-1,-1
2017500191152,1,9,0,18,0,4,0,0,0,0,1,1,6,3,-1,-1,-1,-1,-1,-1,-1,-1
2017500191152,2,9,0,18,0,3,0,0,0,0,4,1,5,1,20,4,1397,1,16,4,1,4
2017500191158,1,9,0,17,0,0,1,0,0,0,1,1,2,2,19,4,1299,1,13,2,1,2
2017500191158,2,9,0,16,0,0,0,0,0,0,1,1,6,2,44,7,1560,2,8,5,1,5
2017500191168,1,9,0,16,0,0,5,0,7,0,1,1,5,2,17,4,1399,2,11,4,3,4
2017500191216,1,19,0,16,0,0,0,0,0,0,3,1,1,1,28,6,1968,2,2,-1,-1,-1
2017500191216,2,19,0,17,0,0,0,0,0,0,3,1,1,1,28,6,2198,2,4,1,1,1
2017500191220,1,9,0,17,0,8,0,0,0,0,1,1,5,1,78,11,2149,2,10,8,3,8
2017500191220,2,9,0,18,0,3,0,0,0,0,4,1,5,2,23,5,1248,1,5,4,1,4
2017500191464,1,9,0,13,0,0,5,0,0,0,1,1,2,1,34,6,1997,2,12,4,3,4
2017500191548,1,9,0,6,0,5,0,0,0,0,3,1,1,1,33,6,-1,-1,-1,7,1,7
2017500191548,2,5,0,15,0,1,0,0,0,0,1,1,1,1,38,7,-1,-1,-1,3,2,3
2017500191557,1,9,0,18,0,1,0,4,2,4,2,1,6,1,48,8,1597,1,18,3,1,3
2017500191557,2,9,0,9,0,1,0,0,0,0,1,1,6,2,27,6,1199,1,14,4,1,4
2017500191557,3,9,0,2,0,2,0,0,0,0,3,1,6,1,-1,-1,2148,2,11,3,1,3
2017500191572,1,9,0,17,0,0,1,0,1,11,1,1,5,1,18,4,1584,1,11,8,1,8
2017500191577,1,9,0,3,0,1,0,0,0,0,3,1,6,3,-1,-1,-1,-1,-1,-1,-1,-1
2017500191577,2,9,0,3,0,1,0,0,0,0,2,1,5,2,20,4,1328,1,9,9,1,9
2017500191582,1,97,0,16,0,0,0,0,0,0,1,1,6,3,-1,-1,-1,-1,-1,-1,-1,-1
2017500191588,1,9,0,5,0,6,0,0,0,0,1,1,6,1,22,5,1364,1,1,3,1,3
2017500191588,2,9,0,18,0,1,0,0,0,0,3,1,6,1,47,8,1398,1,1,5,1,5
2017500191592,1,9,0,18,0,8,0,0,0,0,4,1,6,1,58,9,1997,2,16,5,1,5
2017500191607,1,9,0,5,0,8,0,0,0,0,1,1,5,1,71,10,1582,2,3,8,2,8
2017500191607,2,9,0,18,0,8,5,0,0,0,3,1,5,2,86,11,998,1,3,1,1,1
2017500191615,1,9,0,18,0,0,0,0,0,0,1,1,6,3,-1,-1,1896,2,10,-1,-1,-1
2017500191615,2,1,0,18,0,0,0,0,0,0,2,1,6,2,13,3,-1,-1,-1,8,1,8
2017500191755,1,9,0,16,0,0,0,0,1,11,1,1,6,1,26,6,998,1,4,4,2,4
2017500192014,1,9,0,9,0,1,0,0,0,0,2,1,6,2,47,8,2179,2,4,5,1,5
2017500192014,2,9,0,18,0,1,0,0,0,0,1,1,6,2,75,10,1198,1,1,7,2,7
2017500192015,1,9,0,5,0,2,0,0,0,0,1,1,1,1,33,6,-1,-1,-1,3,1,3
2017500192017,1,9,0,18,0,0,0,0,0,0,1,1,6,2,57,9,1598,1,13,4,3,4
2017500192017,2,9,0,2,0,0,0,0,0,0,3,1,6,2,-1,-1,1900,2,12,2,2,2
2017500192017,3,9,0,2,0,0,0,0,0,0,3,1,6,1,-1,-1,2993,2,6,2,2,2
2017500192018,1,9,0,18,0,0,0,0,0,0,2,1,6,1,56,9,-1,-1,-1,5,3,5
2017500192018,2,9,0,11,0,0,0,0,0,0,1,1,6,1,-1,-1,1598,1,18,4,1,4
2017500192029,1,9,0,7,0,1,0,0,0,0,1,1,6,1,51,8,1499,2,-1,8,1,8
2017500192029,2,1,0,5,0,1,0,0,0,0,2,1,5,1,59,9,-1,-1,-1,9,1,9
2017500192037,1,9,0,7,0,5,1,0,1,10,1,1,5,2,22,5,1995,1,15,4,1,4
2017500192039,1,9,0,18,0,0,0,0,8,0,1,1,6,1,69,10,1399,2,5,7,1,7
2017500192052,1,9,0,18,0,0,0,0,0,0,1,1,5,1,55,8,898,1,-1,3,3,3
2017500192061,1,9,0,5,0,6,0,0,0,0,3,1,6,1,45,7,1399,2,9,1,1,1
2017500192061,2,90,0,18,0,1,0,0,0,0,1,1,6,1,28,6,234,1,10,7,1,7
2017500192073,1,9,0,17,0,1,0,0,0,0,1,1,2,1,23,5,1995,2,5,9,2,9
2017500192073,2,9,0,16,0,1,0,0,0,0,1,1,2,1,23,5,1781,1,27,3,1,3
2017500192181,1,9,0,18,0,0,1,0,7,0,1,1,6,1,30,6,1896,2,14,4,1,4
2017500192181,2,9,0,18,0,0,0,0,0,0,1,1,6,1,69,10,2946,1,11,1,1,1
2017500192224,1,9,0,6,0,0,0,0,0,0,3,1,1,1,20,4,1896,2,15,2,1,2
2017500192224,2,9,0,18,0,0,0,0,0,0,3,1,1,2,27,6,998,1,8,6,3,6
2017500192362,1,19,0,18,0,0,2,0,7,0,3,1,1,1,25,5,1996,2,3,6,3,6
2017500192380,1,9,0,13,0,1,5,0,8,0,1,1,5,1,70,10,996,1,4,4,3,4
2017500192380,2,17,4,9,0,1,0,0,0,0,3,1,1,1,37,7,4530,2,12,3,3,3
2017500192382,1,1,5,18,0,0,5,0,0,0,3,1,6,1,42,7,-1,-1,-1,10,2,10
2017500192382,2,9,0,5,0,0,0,0,0,0,1,1,5,1,40,7,1796,1,18,7,3,7
2017500192399,1,19,0,5,0,8,0,0,0,0,1,1,1,1,43,7,1868,2,13,4,1,4
2017500192399,2,19,1,5,0,8,0,0,0,0,1,1,1,1,38,7,1753,2,6,-1,-1,-1
2017500192409,1,9,0,5,0,1,0,0,0,0,1,1,1,1,72,10,2143,2,2,10,2,10
2017500192409,2,9,0,4,0,1,0,0,0,0,2,1,6,1,47,8,1956,2,6,3,1,3
2017500192410,1,9,0,17,0,0,0,0,1,0,1,1,5,1,21,5,1299,1,14,5,2,5
2017500192420,1,9,0,18,0,3,1,10,1,0,3,1,2,2,23,5,1242,1,6,9,3,9
2017500192420,2,9,0,18,0,3,0,0,0,0,4,1,2,1,40,7,1995,2,2,8,2,8
2017500192439,1,9,0,18,0,0,0,0,1,0,1,1,5,2,22,5,998,1,15,2,1,2
2017500192550,1,9,0,17,0,0,1,0,0,0,3,1,5,1,18,4,1598,1,18,2,2,2
2017500192655,1,9,0,18,0,0,0,4,0,0,1,1,6,1,25,5,1399,2,5,9,1,9
2017500192655,2,9,0,2,0,0,0,0,0,0,3,1,6,1,62,9,1598,1,14,9,1,9
2017500192789,1,19,0,18,0,1,0,0,7,11,3,1,1,1,38,7,1995,2,10,4,2,4
2017500192791,1,9,0,16,0,4,0,0,1,0,1,1,2,2,24,5,1390,1,4,4,3,4
2017500192802,1,9,0,9,0,6,0,0,0,0,3,1,2,1,24,5,998,1,-1,5,3,5
2017500192802,2,3,0,18,0,8,0,0,0,0,1,1,2,1,38,7,124,1,1,5,2,5
2017500192814,1,9,0,4,0,1,0,4,0,0,1,1,6,3,-1,-1,-1,-1,-1,-1,-1,-1
2017500192814,2,9,0,2,0,1,0,0,0,0,2,1,1,2,51,8,1597,2,3,3,1,3
2017500192815,1,9,0,6,0,8,0,0,0,0,4,1,5,1,65,9,-1,-1,-1,7,1,7
2017500192815,2,3,0,17,0,1,1,0,0,0,1,1,5,1,25,5,124,1,2,4,1,4
2017500192820,1,9,0,9,0,1,0,0,0,0,3,1,6,2,64,9,2967,1,15,7,3,7