Accident_Index,Vehicle_Reference,Vehicle_Type,Towing_and_Articulation,Vehicle_Manoeuvre,Vehicle_Location-Restricted_Lane,Junction_Location,Skidding_and_Overturning,Hit_Object_in_Carriageway,Vehicle_Leaving_Carriageway,Hit_Object_off_Carriageway,1st_Point_of_Impact,Was_Vehicle_Left_Hand_Drive?,Journey_Purpose_of_Driver,Sex_of_Driver,Age_of_Driver,Age_Band_of_Driver,Engine_Capacity_(CC),Propulsion_Code,Age_of_Vehicle,Driver_IMD_Decile,Driver_Home_Area_Type,Vehicle_IMD_Decile
2017500206823,1,9,0,17,0,0,1,0,0,0,3,1,5,1,19,4,1995,2,15,6,3,6
2017500206823,2,9,0,16,0,0,2,0,0,0,3,1,6,1,43,7,2495,2,22,6,3,6
2017500206823,3,9,0,16,0,0,0,0,0,0,3,1,6,2,59,9,1197,1,1,-1,-1,-1
2017500206825,1,9,0,18,0,0,0,0,0,0,1,1,6,2,47,8,1590,1,15,-1,-1,-1
2017500206825,2,9,0,2,0,0,0,0,0,0,3,1,6,2,60,9,2183,2,7,-1,-1,-1
2017500207106,1,97,0,18,0,0,0,0,0,0,1,1,6,3,-1,-1,-1,-1,-1,-1,-1,-1
2017500207106,2,90,0,2,0,0,0,0,0,0,0,1,1,1,39,7,7146,2,5,-1,-1,-1
2017500207141,1,9,0,18,0,0,1,0,0,0,0,1,2,2,28,6,1124,1,16,-1,-1,-1
2017500207141,2,19,0,18,0,0,1,0,0,0,1,1,2,1,33,6,1995,2,10,-1,-1,-1
2017500207141,3,9,0,18,0,0,1,0,0,0,1,1,2,2,28,6,1598,1,15,-1,-1,-1
2017500207141,4,9,0,18,0,0,1,0,0,0,1,1,2,2,32,6,1968,2,6,-1,-1,-1
2017500207157,1,9,0,18,0,0,0,0,0,0,1,1,5,1,65,9,1248,1,1,-1,-1,-1
2017500207159,1,9,0,18,0,0,5,0,1,0,4,1,5,2,19,4,998,1,9,-1,-1,-1
2017500207170,1,4,0,5,0,0,0,0,0,0,0,1,5,1,24,5,250,1,26,-1,-1,-1
2017500207187,1,9,0,9,0,1,0,0,0,0,0,1,1,1,73,10,-1,-1,-1,-1,-1,-1
2017500207187,2,9,0,18,0,1,0,0,1,0,1,1,5,1,29,6,1396,1,12,-1,-1,-1
2017500207187,3,9,0,18,0,1,0,0,1,0,1,1,5,2,24,5,1896,2,14,-1,-1,-1
2017500207194,1,3,0,7,0,4,0,0,0,0,0,1,5,1,32,6,124,1,2,-1,-1,-1
2017500207205,1,8,0,1,0,1,0,7,0,0,2,1,1,1,37,7,2499,2,6,-1,-1,-1
2017500207208,1,9,0,4,0,0,0,0,0,0,1,1,1,1,35,6,1997,2,13,-1,-1,-1
2017500207208,2,9,0,4,0,0,0,0,0,0,2,1,5,2,45,7,1560,2,8,-1,-1,-1
2017500207212,1,9,0,16,0,8,1,0,7,0,1,1,6,1,34,6,1391,1,22,-1,-1,-1
2017500207212,2,9,0,17,0,1,0,0,1,0,1,1,5,1,38,7,1968,2,5,-1,-1,-1
2017500207228,1,9,0,18,0,1,0,0,0,0,1,1,6,1,21,5,2148,2,14,-1,-1,-1
2017500207228,2,9,0,18,0,1,0,0,0,0,2,1,6,2,41,7,1299,1,14,-1,-1,-1
2017500207235,1,9,0,15,0,6,1,0,0,0,1,1,5,1,71,10,1992,2,11,-1,-1,-1
2017500207235,2,9,0,4,0,1,0,0,7,7,1,1,5,1,30,6,1997,2,7,-1,-1,-1
2017500207235,3,9,0,18,0,6,0,0,0,0,0,1,2,1,24,5,1995,1,9,-1,-1,-1
2017500207245,1,9,0,18,0,8,0,0,0,0,1,1,5,1,23,5,1796,1,12,-1,-1,-1
2017500207245,2,1,0,18,0,8,0,0,0,0,1,1,5,1,14,3,-1,-1,-1,-1,-1,-1
2017500207289,1,9,0,1,0,8,0,0,0,0,3,1,5,1,48,8,1598,2,2,-1,-1,-1
2017500207301,1,9,0,9,0,0,0,0,0,0,3,1,1,2,23,5,1364,1,2,-1,-1,-1
2017500207301,2,3,0,14,0,0,0,0,0,0,1,1,6,1,20,4,124,1,8,-1,-1,-1
2017500207353,1,9,0,17,0,0,1,0,7,4,3,1,6,2,55,8,1461,2,13,-1,-1,-1
2017500207606,1,19,0,4,0,0,0,0,0,0,1,1,2,1,53,8,2143,2,1,-1,-1,-1
2017500207606,2,9,0,4,0,0,0,0,0,0,2,1,2,2,52,8,998,1,5,-1,-1,-1
2017500207620,1,9,0,9,0,1,0,0,0,0,1,1,5,2,79,11,1242,1,7,3,2,3
2017500207620,2,1,0,18,0,1,0,0,0,0,1,1,5,1,15,3,-1,-1,-1,3,2,3
2017500207633,1,9,0,18,0,2,2,0,7,0,3,1,6,1,49,8,-1,-1,-1,-1,-1,-1
2017500207637,1,4,0,4,0,0,0,0,0,0,1,1,2,2,49,8,675,1,11,5,3,5
2017500207637,2,9,0,4,0,0,0,0,0,0,2,1,2,1,57,9,-1,-1,-1,8,1,8
2017500207645,1,9,0,18,0,0,0,0,0,0,1,1,6,2,30,6,998,1,4,-1,-1,-1
2017500207682,1,9,0,18,0,0,0,0,0,0,4,1,6,1,-1,-1,1596,1,11,-1,-1,-1
2017500208013,1,9,0,18,0,0,0,0,0,0,1,1,6,3,-1,-1,-1,-1,-1,-1,-1,-1
2017500208013,2,1,0,18,0,0,0,0,0,0,2,1,6,1,11,3,-1,-1,-1,-1,-1,-1
2017500208018,1,9,0,3,0,0,0,0,0,0,1,1,6,1,47,8,2616,1,11,7,1,7
2017500208018,2,9,0,3,0,0,0,0,0,0,2,1,6,1,50,8,1582,2,4,2,1,2
2017500208024,1,9,0,1,0,0,0,0,0,0,2,1,5,1,54,8,2204,2,9,-1,-1,-1
2017500208024,2,9,0,18,0,0,1,0,0,0,1,1,1,2,22,5,1198,1,14,-1,-1,-1
2017500208044,1,9,0,9,0,6,1,0,0,0,1,1,6,1,33,6,1968,2,10,-1,-1,-1
2017500208044,2,3,0,18,0,8,0,0,0,0,4,1,5,1,27,6,124,1,10,-1,-1,-1
2017500208051,1,9,0,17,0,2,0,0,1,4,1,1,6,2,73,10,1400,1,12,-1,-1,-1
2017500208075,1,98,0,18,0,0,0,0,0,0,1,1,1,1,57,9,-1,-1,-1,3,1,3
2017500208158,1,9,0,18,0,0,5,12,7,9,1,1,5,1,47,8,2184,2,14,-1,-1,-1
2017500208207,1,9,0,13,0,0,1,10,2,0,1,1,5,1,27,6,3982,1,-1,-1,-1,-1
2017500208250,1,9,0,18,0,0,2,0,1,10,1,1,6,1,18,4,1242,1,11,-1,-1,-1
2017500208277,1,9,0,2,0,0,0,0,0,0,3,1,5,2,42,7,998,1,12,-1,-1,-1
2017500208277,2,1,0,18,0,0,0,0,0,0,4,1,5,2,57,9,-1,-1,-1,-1,-1,-1
2017500208353,1,5,0,16,0,0,0,0,7,10,1,1,5,1,34,6,-1,-1,-1,-1,-1,-1
2017500208367,1,9,0,7,0,6,0,0,0,0,4,1,6,3,-1,-1,-1,-1,-1,-1,-1,-1
2017500208526,1,9,0,18,0,6,0,0,0,0,0,1,6,3,-1,-1,-1,-1,-1,-1,-1,-1
2017500208526,2,9,0,4,0,5,0,0,0,0,2,1,5,1,74,10,-1,-1,-1,-1,-1,-1
2017500208526,3,11,0,5,0,5,0,0,0,0,1,1,1,1,37,7,8268,2,15,-1,-1,-1
2017500208532,1,9,0,18,0,0,0,0,0,0,1,1,5,2,18,4,1598,2,6,7,2,7
2017500208532,2,21,1,18,0,0,0,0,0,0,2,1,1,1,46,8,9290,2,3,-1,-1,-1
2017500208553,1,9,0,16,0,0,0,0,0,0,1,1,5,2,50,8,1388,1,6,-1,-1,-1
2017500208553,2,9,0,17,0,0,0,0,0,0,1,1,5,1,47,8,1781,1,17,-1,-1,-1
2017500208557,1,9,0,16,0,0,0,0,0,0,1,1,5,1,46,8,1686,2,10,-1,-1,-1
2017500208557,2,9,0,17,0,0,0,0,0,0,1,1,5,2,49,8,1910,2,11,-1,-1,-1
2017500208575,1,9,0,4,0,8,0,10,1,0,1,1,2,2,32,6,1248,1,4,-1,-1,-1
2017500208575,2,9,0,18,0,1,0,4,0,0,1,1,2,1,37,7,2494,1,16,-1,-1,-1
2017500208575,3,19,0,2,0,2,0,0,0,0,2,1,5,3,-1,-1,2299,2,2,-1,-1,-1
2017500208610,1,9,0,16,0,0,2,0,2,10,1,1,1,1,30,6,-1,-1,-1,-1,-1,-1
2017500208629,1,3,0,18,0,0,1,0,0,0,3,1,5,2,17,4,125,1,12,-1,-1,-1
2017500208785,1,1,0,18,0,1,5,0,0,0,1,1,6,1,29,6,-1,-1,-1,-1,-1,-1
2017500208785,2,9,0,3,0,2,0,0,0,0,2,1,6,1,87,11,1197,1,5,-1,-1,-1
2017500208820,1,9,0,9,0,1,0,0,0,0,1,1,1,1,58,9,-1,-1,-1,-1,-1,-1
2017500208820,2,1,0,18,0,1,0,0,0,0,1,1,2,1,46,8,-1,-1,-1,-1,-1,-1
2017500208912,1,9,0,16,0,0,1,0,0,0,1,1,5,1,28,6,-1,-1,-1,-1,-1,-1
2017500208912,2,19,0,3,0,0,0,0,0,0,2,1,1,1,60,9,1248,2,3,-1,-1,-1
2017500208912,3,9,0,3,0,0,0,0,0,0,2,1,5,2,57,9,1995,2,10,-1,-1,-1
2017500208945,1,9,0,18,0,0,0,0,0,0,1,1,5,1,75,10,1248,1,4,-1,-1,-1
2017500208945,2,9,0,2,0,0,0,0,0,0,2,1,5,1,20,4,1388,1,14,-1,-1,-1
2017500208949,1,9,0,9,0,6,0,0,0,0,4,1,6,3,-1,-1,-1,-1,-1,-1,-1,-1
2017500208949,2,11,0,3,0,6,0,0,0,0,3,1,1,1,52,8,9000,2,4,-1,-1,-1
2017500208956,1,9,0,18,0,1,1,0,0,0,1,1,6,1,21,5,1596,1,15,-1,-1,-1
2017500209103,1,9,0,18,0,0,0,0,0,0,4,1,2,1,23,5,1598,1,8,-1,-1,-1
2017500209129,1,98,0,18,0,0,0,0,0,0,0,1,6,3,-1,-1,-1,-1,-1,-1,-1,-1
2017500209129,2,16,0,18,0,0,0,0,0,0,0,1,5,2,-1,-1,-1,-1,-1,-1,-1,-1
2017500209153,1,9,0,18,0,0,1,0,0,0,1,1,5,2,31,6,1598,1,12,-1,-1,-1
2017500209153,2,9,0,4,0,0,0,0,0,0,1,1,5,1,43,7,1461,2,5,-1,-1,-1
2017500209239,1,9,0,7,0,4,0,0,0,0,3,1,6,3,-1,-1,-1,-1,-1,-1,-1,-1
2017500209239,2,8,0,18,0,8,0,0,0,0,3,1,1,1,37,7,1896,2,8,-1,-1,-1
2017500209390,1,9,0,16,0,0,0,0,1,2,1,1,6,1,-1,-1,1896,2,15,-1,-1,-1
2017500209980,1,9,0,18,0,0,0,10,0,0,3,1,6,1,34,6,1560,2,2,-1,-1,-1
2017500209980,2,1,0,18,0,0,0,12,0,0,1,1,6,1,16,4,-1,-1,-1,-1,-1,-1
2017500209985,1,19,0,18,0,0,0,0,0,0,4,1,6,1,35,6,1968,2,2,-1,-1,-1
2017500209997,1,9,0,16,0,7,1,6,0,0,1,1,5,1,33,6,-1,-1,-1,-1,-1,-1
2017500210014,1,9,0,18,0,0,0,0,0,0,1,1,6,1,17,4,1390,1,15,-1,-1,-1
2017500210014,2,9,0,3,0,0,0,0,0,0,2,1,1,2,33,6,1360,1,14,3,1,3
2017500210030,1,9,0,4,0,1,0,0,0,0,1,1,5,1,45,7,2993,2,4,-1,-1,-1
2017500210030,2,1,0,18,0,8,0,0,0,0,3,1,5,1,15,3,-1,-1,-1,-1,-1,-1
2017500210047,1,9,0,8,0,0,0,0,0,0,1,1,1,1,-1,-1,1598,2,1,-1,-1,-1
2017500210047,2,9,0,8,0,0,0,0,0,0,2,1,2,2,50,8,998,1,-1,-1,-1,-1
2017500210056,1,9,0,18,0,1,0,0,0,0,3,1,6,1,-1,-1,1586,1,6,-1,-1,-1
2017500210056,2,9,0,2,0,2,0,0,0,0,0,1,6,1,33,6,1910,2,9,-1,-1,-1
2017500210081,1,17,4,18,0,0,0,0,0,0,0,1,1,1,18,4,-1,2,6,-1,-1,-1
2017500210081,2,1,0,18,0,0,0,0,1,0,0,1,2,1,-1,-1,-1,-1,-1,-1,-1,-1
2017500210396,1,9,0,11,0,0,2,0,1,0,1,1,1,2,36,7,2993,2,6,-1,-1,-1
2017500210397,1,9,0,18,0,0,0,0,0,0,1,1,6,1,19,4,1368,1,10,-1,-1,-1
2017500210402,1,9,0,18,0,0,0,0,0,0,1,1,6,1,17,4,1242,1,9,-1,-1,-1
2017500210402,2,9,0,18,0,0,0,0,0,0,1,1,6,1,43,7,1998,2,7,-1,-1,-1
2017500210407,1,1,0,18,0,0,0,0,0,0,1,1,6,1,-1,-1,-1,-1,-1,-1,-1,-1
2017500210407,2,9,0,18,0,0,0,0,0,0,1,1,2,1,32,6,1753,2,16,-1,-1,-1
2017500210423,1,9,0,5,0,4,0,0,0,0,2,1,5,2,47,8,1598,2,1,-1,-1,-1
2017500210423,2,9,0,5,0,4,0,0,0,0,1,1,5,2,23,5,1995,2,5,-1,-1,-1
2017500210425,1,9,0,18,0,2,0,0,0,0,1,1,6,1,49,8,1896,2,16,-1,-1,-1
2017500210425,2,9,0,3,0,2,0,0,0,0,2,1,6,1,52,8,1997,2,5,-1,-1,-1
2017500210427,1,9,0,13,0,0,0,0,0,0,1,1,6,2,19,4,1398,1,2,-1,-1,-1
2017500210427,2,9,0,18,0,0,0,0,1,0,1,1,1,1,40,7,-1,-1,-1,-1,-1,-1
2017500210430,1,9,0,9,0,0,0,0,0,0,3,1,5,1,62,9,2143,2,3,-1,-1,-1
2017500210430,2,9,0,13,0,0,0,0,0,0,1,1,5,2,68,10,998,1,3,-1,-1,-1
2017500210459,1,20,0,18,0,1,0,0,0,0,3,1,2,1,50,8,12740,2,1,-1,-1,-1
2017500210459,2,9,0,9,0,2,0,0,0,0,4,1,5,2,47,8,1598,2,2,-1,-1,-1
2017500210460,1,9,0,5,0,1,0,0,0,0,1,1,5,1,60,9,1598,1,5,-1,-1,-1
2017500210460,2,9,0,18,0,1,0,0,0,0,3,1,1,2,46,8,2198,1,12,-1,-1,-1
2017500210467,1,9,0,18,0,0,0,4,0,0,1,1,5,1,36,7,2993,2,11,-1,-1,-1
2017500210467,2,19,0,2,0,0,0,0,0,0,4,1,1,1,-1,-1,1560,2,3,-1,-1,-1
2017500210471,1,9,0,18,0,0,0,0,0,0,4,1,5,1,30,6,1799,1,11,-1,-1,-1
2017500210591,1,9,0,9,0,8,0,0,0,0,3,1,5,3,54,8,-1,-1,-1,-1,-1,-1
2017500210591,2,9,0,18,0,8,0,0,0,0,4,1,6,1,51,8,1870,2,11,-1,-1,-1
2017500210612,1,8,0,5,0,6,0,0,0,0,3,1,6,1,31,6,-1,-1,-1,-1,-1,-1
2017500210612,2,1,0,18,0,1,0,0,0,0,4,1,6,1,16,4,-1,-1,-1,-1,-1,-1
2017500210631,1,9,0,5,0,1,1,0,0,0,1,1,5,1,79,11,1584,1,13,-1,-1,-1
2017500210631,2,9,0,18,0,6,0,0,0,0,1,1,2,1,37,7,1598,1,14,-1,-1,-1
2017500210656,1,1,0,18,0,1,0,0,0,0,1,1,5,2,28,6,-1,-1,-1,3,2,3
2017500210656,2,9,0,7,0,8,0,0,0,0,2,1,5,2,26,6,1229,1,11,4,3,4
2017500210660,1,9,0,16,0,0,1,0,2,10,1,1,2,1,17,4,-1,-1,-1,-1,-1,-1
2017500210687,1,9,0,16,0,0,2,0,8,0,3,1,5,1,19,4,1149,1,11,-1,-1,-1
2017500210712,1,9,0,7,0,5,1,0,3,4,1,1,5,2,24,5,1360,1,11,-1,-1,-1
2017500210745,1,9,0,18,0,0,0,0,0,0,1,1,1,2,50,8,1397,1,7,-1,-1,-1
2017500210802,1,8,0,18,0,0,0,0,0,0,1,1,1,1,46,8,1560,2,-1,-1,-1,-1
2017500210807,1,5,0,18,0,0,0,0,5,6,3,1,6,1,50,8,1299,1,14,-1,-1,-1
2017500210808,1,9,0,16,0,0,0,0,0,0,1,1,6,1,19,4,1388,1,10,-1,-1,-1
2017500210812,1,19,0,9,0,8,0,0,0,0,1,1,1,1,30,6,1598,2,-1,-1,-1,-1
2017500210812,2,9,0,18,0,1,0,0,0,0,1,1,1,2,46,8,1242,1,9,-1,-1,-1
2017500210817,1,9,0,9,0,6,0,0,0,0,3,1,6,1,61,9,-1,-1,-1,4,3,4
2017500210817,2,9,0,18,0,1,0,0,0,0,1,1,6,2,48,8,1896,2,10,6,3,6
2017500210819,1,19,0,9,0,5,0,0,0,0,4,1,6,1,41,7,1560,2,1,-1,-1,-1
2017500210819,2,1,0,18,0,1,0,0,0,0,1,1,6,1,30,6,-1,-1,-1,-1,-1,-1
2017500210821,1,9,0,5,0,4,0,0,0,0,0,1,5,1,70,10,-1,-1,-1,-1,-1,-1
2017500210821,2,5,0,4,0,4,2,0,0,0,3,1,5,1,69,10,599,1,27,-1,-1,-1
2017500210827,1,9,0,18,0,8,0,0,0,0,1,1,6,1,32,6,1149,1,9,-1,-1,-1
2017500210827,2,9,0,4,0,8,0,0,1,11,2,1,6,2,56,9,1998,1,15,-1,-1,-1
2017500210832,1,9,0,1,0,0,0,10,7,1,2,1,5,1,68,10,1956,2,3,-1,-1,-1
2017500210832,2,9,0,2,0,0,0,0,0,0,3,1,6,2,-1,-1,2799,1,18,-1,-1,-1
2017500210832,3,9,0,2,0,0,0,0,0,0,3,1,6,2,27,6,1796,1,12,-1,-1,-1
2017500210840,1,9,0,4,0,1,0,0,0,0,1,1,6,2,34,6,1598,1,8,-1,-1,-1
2017500210840,2,9,0,4,0,1,0,0,0,0,2,1,6,2,44,7,1598,1,7,7,2,7
2017500210840,3,9,0,3,0,1,0,0,0,0,2,1,6,1,34,6,1329,1,4,-1,-1,-1
2017500210848,1,9,0,8,0,0,0,0,0,0,1,1,6,2,19,4,1248,2,8,-1,-1,-1
2017500210848,2,9,0,4,0,0,0,0,0,0,2,1,6,2,77,11,1600,2,5,-1,-1,-1
2017500210859,1,9,0,9,0,6,0,0,0,0,1,1,6,1,73,10,1598,1,4,-1,-1,-1
2017500210859,2,9,0,18,0,1,0,0,0,0,1,1,6,2,72,10,1339,1,2,-1,-1,-1
2017500210862,1,9,0,18,0,0,0,0,0,0,1,1,5,1,77,11,1149,1,16,-1,-1,-1
2017500210865,1,9,0,18,0,2,0,4,0,0,1,1,5,2,67,10,1796,1,12,-1,-1,-1
2017500210865,2,9,0,2,0,2,0,0,0,0,2,1,5,2,-1,-1,-1,-1,-1,-1,-1,-1
2017500210885,1,9,0,18,0,0,0,0,0,0,1,1,2,2,58,9,2967,2,12,-1,-1,-1
2017500210885,2,9,0,4,0,0,0,0,0,0,2,1,2,1,58,9,1560,2,2,-1,-1,-1
2017500210885,3,9,0,4,0,0,0,0,0,0,2,1,2,1,44,7,1200,1,56,-1,-1,-1
2017500210901,1,9,0,18,0,0,0,0,0,0,1,1,5,2,34,6,1242,1,1,-1,-1,-1
2017500210901,2,9,0,4,0,0,0,0,0,0,2,1,5,2,48,8,1598,1,12,-1,-1,-1
2017500210916,1,9,0,16,0,0,1,0,7,0,1,1,6,1,42,7,2493,1,17,-1,-1,-1
2017500210916,2,9,0,2,0,0,0,0,0,0,0,1,6,1,47,8,-1,-1,-1,6,1,6
2017500210916,3,9,0,2,0,0,0,0,0,0,0,1,6,2,63,9,1997,2,2,4,1,4
2017500210967,1,1,0,13,0,8,2,0,0,0,1,1,5,1,60,9,-1,-1,-1,-1,-1,-1
2017500210967,2,9,0,9,0,2,0,0,0,0,3,1,2,2,30,6,1242,1,5,-1,-1,-1
2017500210993,1,9,0,18,0,8,0,0,0,0,1,1,5,2,80,11,1995,2,15,-1,-1,-1
2017500210993,2,9,0,3,0,8,0,0,0,0,2,1,2,1,17,4,1598,1,14,-1,-1,-1
2017500210993,3,9,0,10,0,5,0,0,0,0,2,1,1,1,50,8,1753,2,8,-1,-1,-1
2017500211002,1,1,0,16,0,0,0,0,0,0,3,1,5,1,37,7,-1,-1,-1,-1,-1,-1
2017500211002,2,11,0,17,0,0,0,0,0,0,4,1,5,3,-1,-1,-1,-1,-1,-1,-1,-1
2017500211004,1,9,0,5,0,0,0,0,0,0,4,1,6,1,48,8,1798,1,10,-1,-1,-1
2017500211034,1,9,0,18,0,1,0,0,0,0,1,1,6,2,40,7,1796,1,11,-1,-1,-1
2017500211034,2,9,0,5,0,1,0,0,0,0,1,1,6,2,45,7,1598,1,4,-1,-1,-1
2017500211035,1,9,0,18,0,0,1,0,0,0,1,1,5,1,17,4,1399,2,14,-1,-1,-1
2017500211035,2,10,0,4,0,0,0,0,0,0,1,1,5,1,55,8,2198,2,6,-1,-1,-1
2017500211050,1,9,0,18,0,5,0,0,0,0,1,1,2,1,54,8,1997,2,14,-1,-1,-1
2017500211121,1,19,0,18,0,0,0,8,0,0,4,1,1,1,79,11,2198,2,4,-1,-1,-1
2017500211121,2,9,0,2,0,0,0,0,0,0,4,1,6,3,-1,-1,-1,-1,-1,-1,-1,-1
2017500211168,1,9,0,17,0,0,1,0,7,11,1,1,6,2,20,4,1598,1,15,-1,-1,-1
2017500211228,1,9,0,18,0,4,0,0,0,0,4,1,5,2,25,5,1149,1,17,-1,-1,-1
2017500211228,2,2,0,18,0,4,0,0,0,0,1,1,5,1,16,4,48,1,-1,-1,-1,-1
2017500211234,1,9,0,7,0,0,0,0,0,0,1,1,6,2,59,9,1598,2,5,-1,-1,-1
2017500211234,2,1,0,18,9,0,0,0,0,0,1,1,6,2,10,2,-1,-1,-1,-1,-1,-1
2017500211245,1,9,0,17,0,0,1,0,1,0,1,1,1,2,24,5,1399,2,12,-1,-1,-1
2017500211250,1,9,0,18,0,2,0,0,0,0,1,1,5,2,46,8,1242,1,11,4,1,4
2017500211250,2,9,0,18,0,1,0,0,1,0,3,1,5,2,25,5,1995,2,4,4,3,4
2017500211257,1,9,0,18,0,0,0,0,0,0,0,1,5,3,-1,-1,-1,-1,-1,-1,-1,-1
2017500211257,2,9,0,18,0,0,2,0,0,0,0,1,5,1,23,5,1398,2,5,-1,-1,-1
2017500211269,1,9,0,4,0,0,0,0,0,0,2,1,6,1,61,9,1587,1,12,-1,-1,-1
2017500211269,2,3,0,18,0,0,1,0,0,0,1,1,6,1,17,4,125,1,-1,-1,-1,-1
2017500211288,1,19,0,18,0,0,0,0,0,0,1,1,1,1,49,8,2198,2,2,-1,-1,-1
2017500211290,1,9,0,18,0,0,5,4,1,0,1,1,5,1,29,6,1229,1,5,-1,-1,-1
2017500211290,2,9,0,2,0,0,0,0,0,0,1,1,5,2,37,7,1796,2,5,-1,-1,-1
2017500211290,3,98,0,2,0,0,0,0,0,0,1,1,5,2,49,8,-1,-1,-1,-1,-1,-1
2017500211297,1,9,0,18,0,0,0,4,0,0,1,1,5,2,79,11,1995,2,9,-1,-1,-1
2017500211297,2,9,0,2,0,0,0,0,0,0,2,1,5,1,56,9,1560,2,8,-1,-1,-1
2017500211297,3,9,0,2,0,0,0,0,0,0,2,1,5,1,56,9,1582,2,6,-1,-1,-1
2017500211297,4,9,0,2,0,0,0,0,0,0,2,1,5,1,-1,-1,1598,2,1,-1,-1,-1
2017500211344,1,1,0,18,0,1,0,0,0,0,1,1,5,1,33,6,-1,-1,-1,-1,-1,-1
2017500211344,2,9,0,5,0,6,0,0,0,0,1,1,5,1,51,8,1753,2,17,-1,-1,-1
2017500211358,1,9,0,18,0,0,0,0,0,0,1,1,5,1,18,4,1600,1,13,-1,-1,-1
2017500211358,2,9,0,3,0,0,0,0,0,0,2,1,5,2,36,7,1598,1,9,-1,-1,-1
2017500211358,3,9,0,3,0,0,0,0,0,0,2,1,5,2,41,7,1997,2,1,-1,-1,-1
2017500211358,4,9,0,3,0,0,0,0,0,0,3,1,5,2,72,10,1198,1,8,-1,-1,-1
2017500211368,1,19,0,18,0,1,0,0,0,0,1,1,6,1,31,6,2198,2,4,-1,-1,-1
2017500211368,2,9,0,4,0,1,0,0,0,0,2,1,6,2,57,9,1200,1,1,-1,-1,-1
2017500211395,1,9,0,4,0,1,0,0,0,0,1,1,6,3,-1,-1,-1,-1,-1,-1,-1,-1
2017500211395,2,1,0,9,0,1,0,0,0,0,1,1,6,1,9,2,-1,-1,-1,-1,-1,-1
2017500211485,1,9,0,18,0,0,2,10,0,0,4,1,5,1,19,4,1398,2,13,-1,-1,-1
2017500211491,1,19,0,16,0,8,0,0,0,0,3,1,5,1,40,7,1995,2,1,-1,-1,-1
2017500211491,2,9,0,17,0,8,0,0,0,0,3,1,5,2,34,6,-1,-1,-1,-1,-1,-1
2017500211532,1,19,4,18,0,0,0,0,0,0,0,1,1,1,59,9,2143,2,1,-1,-1,-1
2017500211532,2,1,0,18,0,0,2,0,1,0,1,1,5,2,53,8,-1,-1,-1,-1,-1,-1
2017500211581,1,9,0,17,0,0,0,0,0,0,3,1,6,3,-1,-1,-1,-1,-1,-1,-1,-1
2017500211581,2,3,0,18,0,0,1,0,0,0,3,1,6,1,17,4,124,1,4,-1,-1,-1
2017500211595,1,9,0,18,0,0,0,0,0,0,1,1,5,2,48,8,1598,1,11,9,1,9
2017500211636,1,9,0,4,0,1,0,0,0,0,1,1,6,2,42,7,1998,2,8,-1,-1,-1
2017500211636,2,9,0,3,0,1,0,0,0,0,2,1,5,2,65,9,1328,1,11,-1,-1,-1
2017500211638,1,9,0,1,0,0,0,0,0,0,2,1,5,1,44,7,1969,2,-1,-1,-1,-1
2017500211639,1,9,0,17,0,0,2,0,0,0,1,1,2,2,18,4,-1,-1,-1,-1,-1,-1
2017500211647,1,9,0,18,0,8,0,0,0,0,1,1,5,2,36,7,2967,2,10,6,3,6
2017500211647,2,1,0,18,9,8,0,0,0,0,1,1,5,1,17,4,-1,-1,-1,-1,-1,-1
2017500211651,1,9,0,18,0,0,5,0,1,0,0,1,5,1,20,4,1229,1,3,-1,-1,-1
2017500211663,1,9,0,17,0,0,2,0,0,0,1,1,5,2,25,5,1242,1,3,-1,-1,-1
2017500211663,2,9,0,16,0,0,0,0,0,0,1,1,2,2,45,7,1395,1,3,-1,-1,-1
2017500211673,1,9,0,10,0,0,0,0,7,0,2,1,1,1,62,9,1870,2,15,-1,-1,-1
2017500211673,2,19,0,18,0,0,0,0,0,0,1,1,1,1,48,8,2402,2,9,-1,-1,-1
2017500211674,1,9,0,18,0,0,0,0,0,0,1,1,5,2,58,9,1200,1,2,-1,-1,-1
2017500211674,2,19,0,18,0,0,1,0,0,0,1,1,1,1,68,10,1997,2,1,-1,-1,-1
2017500211688,1,9,0,18,0,8,0,0,3,1,1,1,6,1,35,6,1995,1,15,-1,-1,-1
2017500211927,1,8,0,5,0,0,0,0,0,0,0,1,5,2,26,6,1998,2,7,-1,-1,-1
2017500211941,1,9,0,9,0,6,0,0,0,0,1,1,5,2,49,8,1596,1,11,-1,-1,-1
2017500211941,2,9,0,18,0,8,0,0,0,0,1,1,5,1,65,9,2400,2,7,-1,-1,-1
2017500212136,1,9,0,16,0,0,0,0,0,0,1,1,6,1,47,8,2495,2,15,7,3,7
2017500212136,2,1,0,17,0,0,0,0,1,10,1,1,6,1,27,6,-1,-1,-1,-1,-1,-1
2017500212137,1,20,0,16,0,0,0,0,0,0,1,1,1,1,25,5,-1,-1,-1,-1,-1,-1
2017500212137,2,19,0,4,0,0,0,0,7,0,2,1,1,2,49,8,1499,2,1,-1,-1,-1
2017500212137,3,9,0,4,0,0,0,0,0,0,2,1,5,2,43,7,1794,1,8,-1,-1,-1
2017500212137,4,9,0,4,0,0,0,0,0,0,2,1,5,1,34,6,1299,1,17,-1,-1,-1
2017500212166,1,9,0,18,0,2,0,0,0,0,1,1,6,1,73,10,1329,1,6,-1,-1,-1
2017500212202,1,1,0,18,0,6,0,0,0,0,4,1,5,1,46,8,-1,-1,-1,-1,-1,-1