Accident_Index,Vehicle_Reference,Vehicle_Type,Towing_and_Articulation,Vehicle_Manoeuvre,Vehicle_Location-Restricted_Lane,Junction_Location,Skidding_and_Overturning,Hit_Object_in_Carriageway,Vehicle_Leaving_Carriageway,Hit_Object_off_Carriageway,1st_Point_of_Impact,Was_Vehicle_Left_Hand_Drive?,Journey_Purpose_of_Driver,Sex_of_Driver,Age_of_Driver,Age_Band_of_Driver,Engine_Capacity_(CC),Propulsion_Code,Age_of_Vehicle,Driver_IMD_Decile,Driver_Home_Area_Type,Vehicle_IMD_Decile
2017500212202,2,9,0,10,0,1,0,0,0,0,1,1,5,1,27,6,1591,1,8,-1,-1,-1
2017500212223,1,8,0,18,0,0,0,0,0,0,1,1,1,1,48,8,1997,2,9,-1,-1,-1
2017500212463,1,9,0,18,0,0,0,0,0,0,1,1,6,1,20,4,1995,2,9,-1,-1,-1
2017500212463,2,9,0,4,0,0,0,0,0,0,1,1,5,2,50,8,1198,1,9,-1,-1,-1
2017500212479,1,9,0,18,0,1,0,0,0,0,1,1,5,1,75,10,2143,2,3,-1,-1,-1
2017500212479,2,9,0,18,0,8,0,0,0,0,4,1,5,1,31,6,2497,2,-1,-1,-1,-1
2017500212498,1,9,0,1,0,0,0,0,0,0,4,1,5,2,57,9,698,1,12,-1,-1,-1
2017500212515,1,9,0,1,0,6,0,0,0,0,2,1,6,2,21,5,1368,1,8,-1,-1,-1
2017500212515,2,9,0,18,0,1,0,0,0,0,4,1,5,2,62,9,1242,1,-1,-1,-1,-1
2017500212539,1,9,0,5,0,0,0,0,0,0,1,1,5,1,36,7,1598,1,12,-1,-1,-1
2017500212539,2,9,0,4,0,0,0,0,0,0,2,1,5,2,75,10,998,1,2,-1,-1,-1
2017500212572,1,9,0,4,0,1,0,0,0,0,1,1,5,2,38,7,1896,2,9,-1,-1,-1
2017500212611,1,9,0,5,0,1,0,0,0,0,1,1,6,1,18,4,1229,1,9,-1,-1,-1
2017500212611,2,9,0,18,0,1,1,0,0,0,3,1,6,1,64,9,1968,2,7,-1,-1,-1
2017500212611,3,9,0,3,0,1,0,0,0,0,3,1,6,1,32,6,1596,1,6,-1,-1,-1
2017500212873,1,9,0,4,0,0,0,0,0,0,2,1,6,3,-1,-1,-1,-1,-1,-1,-1,-1
2017500212873,2,9,0,4,0,0,0,0,0,0,1,1,1,1,43,7,1398,2,10,-1,-1,-1
2017500212873,3,9,0,4,0,0,0,0,0,0,1,1,1,2,37,7,1968,2,13,-1,-1,-1
2017500212881,1,90,0,7,0,8,5,0,1,10,1,1,5,2,63,9,-1,-1,-1,-1,-1,-1
2017500212889,1,9,0,18,0,8,0,0,0,0,2,1,5,1,82,11,1910,2,11,-1,-1,-1
2017500212889,2,21,0,18,0,1,0,0,0,0,1,1,2,1,45,7,12740,2,5,-1,-1,-1
2017500212905,1,9,0,18,0,0,0,0,1,3,1,1,6,1,20,4,1896,2,15,6,3,6
2017500212906,1,9,0,15,0,1,0,0,1,0,4,1,6,1,80,11,848,1,23,-1,-1,-1
2017500212906,2,22,0,9,0,1,5,0,1,0,3,1,5,1,91,11,-1,-1,-1,5,2,5
2017500212927,1,9,0,15,0,0,0,0,0,0,1,1,1,1,57,9,5700,1,28,-1,-1,-1
2017500212927,2,9,0,18,0,0,0,0,0,0,1,1,1,1,62,9,-1,-1,-1,-1,-1,-1
2017500212932,1,3,0,17,0,0,5,0,1,0,4,1,1,1,20,4,124,1,7,-1,-1,-1
2017500212943,1,5,0,16,0,0,1,0,7,0,1,1,5,1,20,4,689,1,1,9,1,9
2017500212956,1,9,0,13,0,0,0,0,0,0,1,1,5,1,19,4,1198,1,10,5,3,5
2017500212956,2,17,0,10,0,0,1,0,0,0,2,1,5,1,47,8,6728,2,2,6,3,6
2017500212980,1,9,0,3,0,6,0,0,0,0,2,1,2,2,29,6,999,1,-1,-1,-1,-1
2017500212980,2,9,0,3,0,6,0,0,0,0,1,1,6,2,38,7,1461,2,5,-1,-1,-1
2017500213008,1,9,0,18,0,8,0,9,3,1,1,1,6,1,37,7,1339,1,-1,-1,-1,-1
2017500213042,1,9,0,13,0,0,0,0,0,0,3,1,5,1,43,7,-1,-1,-1,-1,-1,-1
2017500213042,2,3,0,13,0,0,0,10,7,0,4,1,2,1,26,6,125,1,6,-1,-1,-1
2017500213074,1,9,0,18,0,0,0,0,0,0,1,1,5,1,33,6,-1,-1,-1,-1,-1,-1
2017500213074,2,9,0,18,0,0,0,0,0,0,1,1,5,2,37,7,2993,2,1,-1,-1,-1
2017500213097,1,9,0,3,0,1,0,0,0,0,1,1,5,1,20,4,1995,2,-1,-1,-1,-1
2017500213097,2,9,0,3,0,1,0,0,0,0,2,1,5,2,61,9,1328,1,11,-1,-1,-1
2017500213116,1,9,0,18,0,0,2,0,0,0,3,1,1,1,30,6,-1,-1,-1,-1,-1,-1
2017500213116,2,9,0,18,0,0,0,0,0,0,1,1,1,1,36,7,-1,-1,-1,-1,-1,-1
2017500213245,1,9,0,18,0,4,0,0,0,0,1,1,5,2,18,4,1951,2,13,-1,-1,-1
2017500213245,2,9,0,18,0,4,0,0,0,0,1,1,5,2,87,11,1951,2,13,-1,-1,-1
2017500213249,1,98,0,18,0,0,2,0,1,0,1,1,5,2,35,6,-1,-1,-1,-1,-1,-1
2017500213252,1,9,0,16,0,0,2,0,7,0,1,1,6,2,23,5,1197,1,1,-1,-1,-1
2017500213252,2,19,0,18,0,0,0,0,0,0,1,1,6,1,72,10,1686,2,13,-1,-1,-1
2017500213265,1,5,0,18,0,3,0,0,0,0,3,1,5,1,46,8,689,1,2,-1,-1,-1
2017500213265,2,9,0,18,0,3,0,0,0,0,4,1,1,1,34,6,1798,1,-1,-1,-1,-1
2017500213267,1,9,0,18,0,0,0,0,0,0,1,1,5,3,-1,-1,-1,-1,-1,-1,-1,-1
2017500213267,2,9,0,18,0,0,0,0,0,0,1,1,5,1,48,8,1905,2,19,-1,-1,-1
2017500213304,1,9,0,5,0,8,0,0,0,0,1,1,2,2,63,9,1798,8,-1,-1,-1,-1
2017500213304,2,9,0,17,0,1,0,0,0,0,4,1,5,2,43,7,4398,1,16,-1,-1,-1
2017500213312,1,9,0,17,0,0,2,0,1,0,1,1,1,2,24,5,1124,1,15,-1,-1,-1
2017500213376,1,9,0,16,0,0,1,0,0,0,1,1,5,2,51,8,1360,1,13,-1,-1,-1
2017500213376,2,9,0,17,0,0,0,0,2,0,1,1,5,1,57,9,1560,2,5,-1,-1,-1
2017500213441,1,9,0,4,0,0,0,0,0,0,1,1,6,1,17,4,1368,1,7,-1,-1,-1
2017500213441,2,9,0,4,0,0,0,0,0,0,2,1,6,2,48,8,1398,2,11,-1,-1,-1
2017500213441,3,9,0,4,0,0,0,0,0,0,2,1,6,2,50,8,1951,2,14,-1,-1,-1
2017500213446,1,5,0,13,0,1,1,0,0,0,1,1,5,1,86,11,599,1,15,-1,-1,-1
2017500213446,2,17,4,18,0,8,0,0,0,0,3,1,1,1,63,9,-1,2,11,-1,-1,-1
2017500213461,1,9,0,17,0,1,0,0,0,0,4,1,5,1,34,6,-1,-1,-1,-1,-1,-1
2017500213461,2,11,0,9,0,8,0,0,0,0,4,1,1,1,47,8,4250,2,13,-1,-1,-1
2017500213498,1,5,0,16,0,0,1,0,0,0,1,1,5,1,72,10,650,1,34,-1,-1,-1
2017500213498,2,9,0,3,0,0,0,0,0,0,3,1,1,1,30,6,1461,2,-1,-1,-1,-1
2017500213553,1,9,0,16,0,0,0,0,1,10,1,1,5,2,87,11,1991,2,7,-1,-1,-1
2017500213553,2,9,0,18,0,0,0,0,1,10,1,1,5,1,34,6,1956,2,6,-1,-1,-1
2017500213559,1,5,0,18,0,0,0,0,0,0,1,1,2,1,43,7,999,1,10,-1,-1,-1
2017500213559,2,9,0,4,0,0,0,0,0,0,2,1,2,2,52,8,1240,1,7,-1,-1,-1
2017500213561,1,9,0,5,0,2,0,0,0,0,3,1,5,1,36,7,1995,2,2,-1,-1,-1
2017500213561,2,3,0,18,0,1,0,0,0,0,1,1,5,1,26,6,125,1,2,-1,-1,-1
2017500213573,1,19,0,17,0,1,1,0,1,0,1,1,1,1,19,4,1997,2,9,-1,-1,-1
2017500214023,1,9,0,8,0,1,0,0,0,0,1,1,5,2,73,10,1560,2,2,-1,-1,-1
2017500214023,2,9,0,7,0,2,0,0,0,0,2,1,5,2,41,7,1598,1,16,-1,-1,-1
2017500214027,1,9,0,17,0,6,0,0,0,0,1,1,1,1,29,6,1198,1,6,-1,-1,-1
2017500214027,2,5,0,10,0,4,1,0,0,0,1,1,1,1,58,9,865,1,2,-1,-1,-1
2017500214033,1,9,0,16,0,1,1,0,1,0,4,1,5,1,22,5,1598,1,10,-1,-1,-1
2017500214044,1,3,0,18,0,1,0,0,0,0,1,1,6,1,26,6,124,1,1,-1,-1,-1
2017500214044,2,9,0,18,0,1,0,0,0,0,1,1,6,2,32,6,1796,1,10,-1,-1,-1
2017500214044,3,9,0,18,0,1,0,0,0,0,0,1,6,1,67,10,-1,-1,-1,-1,-1,-1
2017500214044,4,9,0,10,0,1,0,0,0,0,0,1,6,2,43,7,1910,2,8,-1,-1,-1
2017500214053,1,1,0,17,0,0,1,0,1,0,4,1,5,1,49,8,-1,-1,-1,-1,-1,-1
2017500214053,2,9,4,16,0,0,0,0,0,0,3,1,5,2,44,7,2993,2,7,-1,-1,-1
2017500214060,1,9,0,18,0,0,0,0,0,0,1,1,6,3,-1,-1,-1,-1,-1,-1,-1,-1
2017500214060,2,4,0,18,0,0,0,0,0,0,2,1,5,1,24,5,599,1,20,-1,-1,-1
2017500214069,1,9,0,4,0,0,0,0,0,0,1,1,5,2,30,6,1229,1,2,-1,-1,-1
2017500214069,2,4,0,4,0,0,0,0,0,0,2,1,5,1,70,10,1255,1,9,-1,-1,-1
2017500214077,1,9,0,4,0,0,0,0,0,0,3,1,6,2,60,9,1461,2,11,-1,-1,-1
2017500214095,1,3,0,4,0,0,0,0,1,0,4,1,5,1,22,5,125,1,1,-1,-1,-1
2017500214102,1,9,0,18,0,0,0,0,0,0,1,1,6,1,23,5,1560,2,9,-1,-1,-1
2017500214102,2,9,0,3,0,0,0,0,0,0,2,1,6,1,70,10,1598,1,4,-1,-1,-1
2017500214104,1,9,0,1,0,0,0,0,0,0,2,1,5,2,23,5,1598,1,11,-1,-1,-1
2017500214152,1,17,4,18,0,0,0,0,0,0,0,1,6,1,19,4,-1,2,7,5,3,5
2017500214152,2,1,0,18,0,0,0,0,0,0,0,1,6,1,46,8,-1,-1,-1,-1,-1,-1
2017500214402,1,9,0,18,0,0,0,0,2,6,1,1,6,2,44,7,1997,2,13,9,1,9
2017500214418,1,9,0,3,0,2,0,0,0,0,2,1,5,1,51,8,2902,2,13,-1,-1,-1
2017500214418,2,9,0,4,0,2,0,0,0,0,1,1,2,1,46,8,1596,1,8,-1,-1,-1
2017500214437,1,9,0,16,0,8,0,0,0,0,4,1,5,2,56,9,2179,2,8,-1,-1,-1
2017500214437,2,1,0,18,0,1,0,0,0,0,1,1,1,1,22,5,-1,-1,-1,4,2,4
2017500214443,1,19,0,9,0,8,0,0,0,0,1,1,1,1,49,8,1248,2,-1,-1,-1,-1
2017500214443,2,19,0,18,0,8,0,0,0,0,1,1,1,1,43,7,1560,2,1,-1,-1,-1
2017500214456,1,9,0,18,0,0,0,0,0,0,1,1,6,1,38,7,1994,1,18,-1,-1,-1
2017500214456,2,9,0,2,0,0,0,0,0,0,1,1,6,1,19,4,1198,1,10,5,3,5
2017500214463,1,3,0,18,0,8,0,0,0,0,1,1,6,2,19,4,125,1,9,-1,-1,-1
2017500214463,2,1,0,18,0,8,0,0,0,0,1,1,6,2,22,5,-1,-1,-1,-1,-1,-1
2017500214467,1,9,0,18,0,3,1,0,4,0,4,1,1,2,25,5,1839,1,14,-1,-1,-1
2017500214468,1,9,0,18,0,8,0,0,0,0,1,1,6,1,69,10,2316,1,28,-1,-1,-1
2017500214495,1,9,0,18,0,1,1,0,0,0,1,1,5,2,41,7,1794,1,14,2,2,2
2017500214495,2,9,0,3,0,2,0,0,0,0,2,1,2,2,47,8,-1,-1,-1,4,3,4
2017500214501,1,9,0,5,0,0,0,0,0,0,1,1,6,1,71,10,2993,2,6,-1,-1,-1
2017500214546,1,9,0,18,0,0,0,0,0,0,1,1,5,1,20,4,1390,1,5,-1,-1,-1
2017500214589,1,9,0,5,0,0,0,0,0,0,4,1,6,2,35,6,1388,1,10,-1,-1,-1
2017500214589,2,1,0,18,0,0,0,0,0,0,1,1,6,2,13,3,-1,-1,-1,-1,-1,-1
2017500214844,1,9,0,18,0,0,1,0,0,0,1,1,2,1,29,6,-1,-1,-1,-1,-1,-1
2017500214844,2,20,1,18,0,0,0,0,0,0,1,1,1,1,47,8,11021,2,11,-1,-1,-1
2017500214847,1,9,0,18,0,1,0,0,0,0,1,1,2,1,25,5,1390,1,6,-1,-1,-1
2017500214847,2,9,0,10,0,1,0,0,0,0,2,1,2,2,21,5,999,1,1,-1,-1,-1
2017500214858,1,9,0,5,0,8,0,0,0,0,0,1,6,1,73,10,1399,2,6,4,1,4
2017500214858,2,3,0,18,0,1,0,0,0,0,0,1,6,1,29,6,125,1,2,-1,-1,-1
2017500214870,1,9,0,18,0,0,0,0,1,11,1,1,6,1,52,8,1753,2,16,-1,-1,-1
2017500214872,1,9,0,18,0,0,0,0,0,0,1,1,5,1,81,11,1998,1,12,-1,-1,-1
2017500214891,1,9,0,1,0,1,0,0,0,0,2,1,6,1,23,5,1998,2,13,-1,-1,-1
2017500214893,1,9,0,9,0,6,0,0,0,0,2,1,1,1,65,9,1560,2,11,-1,-1,-1
2017500214893,2,9,0,18,0,8,1,0,0,0,1,1,1,1,24,5,-1,-1,-1,-1,-1,-1
2017500214900,1,9,0,9,0,8,0,0,0,0,4,1,6,2,80,11,1229,1,4,-1,-1,-1
2017500214900,2,1,0,18,0,8,0,0,0,0,1,1,2,1,16,4,-1,-1,-1,-1,-1,-1
2017500214914,1,9,0,18,0,0,0,10,7,2,1,1,5,1,22,5,1598,1,3,-1,-1,-1
2017500214947,1,9,0,9,0,1,0,0,0,0,1,1,6,1,25,5,998,1,2,-1,-1,-1
2017500214947,2,9,0,18,0,8,0,0,0,0,4,1,6,2,39,7,1560,2,7,-1,-1,-1
2017500215054,1,9,0,18,0,8,0,0,0,0,1,1,1,2,18,4,1198,1,8,4,3,4
2017500215054,2,9,0,10,0,8,0,0,0,0,2,1,5,2,55,8,1799,1,17,5,3,5
2017500215062,1,9,0,9,0,1,0,0,0,0,1,1,5,1,22,5,1298,1,16,-1,-1,-1
2017500215062,2,1,0,18,0,1,0,0,0,0,1,1,1,1,28,6,-1,-1,-1,-1,-1,-1
2017500215092,1,9,0,16,0,0,1,0,0,0,1,1,2,1,32,6,1984,1,12,-1,-1,-1
2017500215092,2,9,0,18,0,0,0,0,0,0,1,1,5,1,68,10,-1,-1,-1,-1,-1,-1
2017500215129,1,19,0,18,0,4,0,0,0,0,1,1,1,1,52,8,2402,2,6,-1,-1,-1
2017500215129,2,9,0,18,0,3,0,0,0,0,2,1,5,1,35,6,2993,2,13,-1,-1,-1
2017500215166,1,9,0,18,0,8,0,0,0,0,1,1,5,2,49,8,1995,2,11,-1,-1,-1
2017500215166,2,9,0,18,0,8,0,0,0,0,0,1,1,1,60,9,-1,-1,-1,-1,-1,-1
2017500215172,1,9,0,9,0,1,0,0,0,0,1,1,6,2,19,4,1198,1,6,-1,-1,-1
2017500215172,2,1,0,18,0,1,0,0,0,0,1,1,6,1,45,7,-1,-1,-1,-1,-1,-1
2017500215180,1,3,0,17,0,0,0,0,0,0,3,1,5,2,17,4,125,1,12,-1,-1,-1
2017500215230,1,9,0,16,0,0,1,0,0,0,1,1,1,1,50,8,993,1,15,-1,-1,-1
2017500215230,2,19,0,17,0,0,0,0,0,0,1,1,1,1,55,8,-1,-1,-1,-1,-1,-1
2017500215243,1,9,0,7,0,1,0,0,0,0,1,1,6,1,21,5,1995,2,13,-1,-1,-1
2017500215243,2,9,0,18,0,1,0,0,0,0,3,1,1,1,28,6,1497,8,10,-1,-1,-1
2017500215247,1,1,0,12,0,8,1,0,7,0,4,1,2,1,38,7,-1,-1,-1,-1,-1,-1
2017500215247,2,9,0,15,0,1,0,0,0,0,3,1,6,2,25,5,1598,1,13,-1,-1,-1
2017500215249,1,9,0,1,0,1,0,0,0,0,2,1,6,3,-1,-1,1198,1,7,10,1,10
2017500215249,2,9,0,3,0,1,0,0,0,0,1,1,6,1,47,8,-1,-1,-1,-1,-1,-1
2017500215265,1,9,0,9,0,6,0,0,0,0,1,1,5,2,37,7,1560,2,-1,-1,-1,-1
2017500215270,1,9,4,4,0,0,0,0,1,0,1,1,5,1,62,9,2997,1,1,-1,-1,-1
2017500215282,1,9,0,18,0,1,0,0,0,0,1,1,5,2,59,9,1900,2,11,-1,-1,-1
2017500215282,2,9,0,5,0,8,0,0,0,0,4,1,5,1,46,8,-1,-1,-1,-1,-1,-1
2017500215297,1,9,0,18,0,4,1,9,3,10,2,1,5,1,20,4,1968,2,7,-1,-1,-1
2017500215297,2,9,0,18,0,4,1,0,0,0,1,1,5,1,22,5,1995,2,13,-1,-1,-1
2017500215305,1,9,0,4,0,0,2,0,1,10,4,1,6,2,50,8,1783,1,15,-1,-1,-1
2017500215323,1,4,0,13,0,0,1,0,0,0,4,1,6,1,55,8,297,1,8,-1,-1,-1
2017500215340,1,11,0,18,0,8,0,0,0,0,0,1,1,1,29,6,4249,2,2,-1,-1,-1
2017500215344,1,19,0,9,0,5,0,0,0,0,3,1,1,1,21,5,2148,2,11,-1,-1,-1
2017500215344,2,3,0,18,0,8,5,0,0,0,4,1,2,1,28,6,125,1,6,-1,-1,-1
2017500215376,1,5,0,18,0,1,0,0,0,0,1,1,6,1,29,6,599,1,9,-1,-1,-1
2017500215376,2,9,0,9,0,1,0,0,0,0,1,1,1,1,70,10,2143,2,5,-1,-1,-1
2017500215422,1,9,0,9,0,1,5,0,0,0,3,1,6,1,81,11,1318,1,1,-1,-1,-1
2017500215422,2,9,0,18,0,8,0,0,0,0,1,1,6,2,72,10,1389,1,17,-1,-1,-1
2017500215468,1,11,0,16,0,4,0,0,0,0,0,1,1,2,46,8,6696,2,1,-1,-1,-1
2017500215468,2,9,0,17,0,3,0,0,0,0,0,1,6,1,43,7,1590,1,16,-1,-1,-1
2017500215508,1,9,0,7,0,6,0,0,0,0,3,1,5,2,88,11,1298,1,8,-1,-1,-1
2017500215508,2,9,0,18,0,8,1,0,0,0,2,1,5,2,27,6,1527,2,19,-1,-1,-1
2017500215525,1,5,0,17,0,0,0,0,1,0,1,1,6,1,36,7,929,1,16,8,1,8
2017500215756,1,9,0,9,0,5,0,0,0,0,1,1,6,1,87,11,1198,1,4,-1,-1,-1
2017500215756,2,9,0,18,0,1,0,0,1,0,1,1,6,2,40,7,1199,1,14,-1,-1,-1
2017500215759,1,9,0,18,0,0,0,0,0,0,1,1,6,1,-1,-1,1388,1,13,-1,-1,-1
2017500215759,2,1,0,15,0,0,0,0,0,0,2,1,6,1,66,10,-1,-1,-1,-1,-1,-1
2017500215765,1,9,0,18,0,0,5,0,8,10,1,1,5,2,27,6,1997,2,16,-1,-1,-1
2017500215772,1,9,0,18,0,0,0,0,0,0,1,1,6,1,-1,-1,2198,2,10,-1,-1,-1
2017500215772,2,9,0,18,0,0,0,0,0,0,1,1,6,2,27,6,1582,2,4,-1,-1,-1
2017500215777,1,1,0,18,0,8,0,0,0,0,3,1,5,1,60,9,-1,-1,-1,-1,-1,-1
2017500215777,2,9,0,13,0,8,0,0,0,0,4,1,5,1,69,10,1969,2,1,-1,-1,-1
2017500215787,1,9,0,1,0,0,0,0,0,0,2,1,3,2,55,8,1200,1,1,-1,-1,-1
2017500215807,1,9,0,9,0,6,0,0,0,0,3,1,5,1,58,9,1997,2,3,-1,-1,-1
2017500215807,2,9,0,18,0,8,0,0,0,0,1,1,5,2,57,9,2500,2,22,-1,-1,-1
2017500216074,1,9,0,7,0,1,0,0,0,0,3,1,1,2,57,9,1364,1,3,6,1,6
2017500216074,2,1,0,18,0,1,5,0,0,0,1,1,1,1,40,7,-1,-1,-1,2,1,2
2017500216168,1,9,0,17,0,0,2,0,8,0,3,1,6,1,32,6,1560,2,10,5,2,5
2017500216170,1,20,1,5,0,1,0,0,0,0,1,1,1,1,64,9,12913,2,11,-1,-1,-1
2017500216170,2,9,0,4,0,4,0,0,0,0,2,1,5,1,67,10,1598,2,4,-1,-1,-1
2017500216188,1,9,0,7,0,2,0,4,0,0,1,1,6,1,42,7,1560,2,6,-1,-1,-1
2017500216188,2,9,0,2,0,2,0,0,0,0,2,1,6,2,29,6,1686,2,6,-1,-1,-1
2017500216191,1,9,0,17,0,0,1,0,0,0,1,1,1,1,42,7,1753,2,8,-1,-1,-1
2017500216191,2,17,0,16,0,0,0,0,0,0,1,1,1,1,26,6,-1,-1,-1,-1,-1,-1
2017500216226,1,5,0,18,0,0,0,0,1,0,3,1,5,1,60,9,781,1,16,-1,-1,-1
2017500216229,1,9,0,18,0,0,0,0,0,0,3,1,6,2,67,10,-1,-1,-1,-1,-1,-1
2017500216229,2,9,0,18,0,0,0,0,0,0,3,1,5,1,43,7,-1,-1,-1,-1,-1,-1
2017500216279,1,9,0,9,0,4,0,0,0,0,3,1,5,2,22,5,998,1,11,-1,-1,-1
2017500216279,2,1,0,18,0,4,0,0,0,0,1,1,5,1,54,8,-1,-1,-1,-1,-1,-1
2017500216291,1,9,0,9,0,2,0,0,0,0,3,1,5,2,43,7,2490,2,20,-1,1,-1
2017500216291,2,5,0,16,0,1,0,0,0,0,1,1,5,1,68,10,1200,1,1,7,3,7
2017500216311,1,9,0,16,0,0,0,0,7,0,3,1,5,1,76,11,1998,1,14,-1,-1,-1
2017500216311,2,21,0,17,0,0,0,0,0,0,0,1,1,1,50,8,-1,-1,-1,-1,-1,-1
2017500216599,1,9,0,16,0,0,0,4,0,0,1,1,6,2,33,6,1753,2,10,-1,-1,-1
2017500216599,2,9,0,2,0,0,0,4,0,0,2,1,6,1,74,10,1598,2,5,5,3,5
2017500216599,3,9,0,5,0,0,0,4,0,0,1,1,6,2,18,4,1396,2,4,4,3,4
2017500216599,4,9,0,2,0,0,0,0,0,0,1,1,5,1,39,7,1598,2,1,-1,-1,-1
2017500216604,1,9,0,18,0,0,0,0,0,0,4,1,6,2,79,11,899,1,2,-1,-1,-1
2017500216628,1,11,0,5,0,0,0,0,0,0,1,1,1,1,61,9,6700,2,8,-1,-1,-1
2017500216637,1,9,0,18,0,0,0,0,0,0,1,1,6,2,17,4,1364,2,11,4,2,4
2017500216668,1,9,0,18,0,0,2,0,0,0,3,1,6,1,24,5,1248,2,2,-1,-1,-1
2017500216677,1,9,0,3,0,1,0,0,0,0,1,1,5,1,47,8,2987,2,7,10,1,10
2017500216677,2,3,0,9,0,1,5,0,0,0,1,1,5,1,34,6,124,1,13,6,1,6
2017500216701,1,9,0,3,0,0,0,0,0,0,2,1,5,2,42,7,1995,1,13,-1,-1,-1
2017500216701,2,9,0,4,0,0,0,0,0,0,1,1,5,2,76,11,1339,1,5,-1,-1,-1
2017500216702,1,9,0,16,0,1,0,0,3,1,1,1,6,2,48,8,1999,2,2,-1,-1,-1
2017500216733,1,9,0,11,0,8,0,0,0,0,4,1,6,2,63,9,1997,1,15,-1,-1,-1
2017500216733,2,9,0,17,0,8,0,0,0,0,3,1,5,2,32,6,1560,2,11,-1,-1,-1
2017500216743,1,19,0,9,0,8,0,0,0,0,1,1,1,1,43,7,2143,2,5,-1,-1,-1
2017500216760,1,5,0,13,0,0,0,0,0,0,4,1,5,1,70,10,599,1,19,-1,-1,-1
2017500216760,2,19,0,18,0,0,0,0,0,0,3,1,1,1,49,8,2402,2,9,-1,-1,-1
2017500216773,1,9,0,7,0,8,0,0,0,0,4,1,5,1,28,6,1685,2,5,-1,-1,-1
2017500216773,2,9,0,18,0,8,0,0,0,0,1,1,5,2,39,7,1298,1,17,-1,-1,-1
2017500216844,1,9,0,18,0,8,0,0,0,0,1,1,6,2,36,7,1997,1,13,-1,-1,-1
2017500216844,2,9,0,9,0,8,0,0,0,0,1,1,2,1,24,5,1840,1,16,-1,-1,-1
2017500216883,1,9,0,18,0,0,0,0,0,0,1,1,5,2,43,7,1197,1,-1,-1,-1,-1
2017500216883,2,9,0,18,0,0,0,0,0,0,2,1,5,1,17,4,1199,2,3,-1,-1,-1
2017500216883,3,9,0,18,0,0,0,0,0,0,2,1,5,2,35,6,1900,2,17,-1,-1,-1
2017500216952,1,9,0,18,0,2,0,0,0,0,3,1,6,1,-1,-1,-1,-1,-1,-1,-1,-1
2017500216952,2,3,0,18,0,1,1,0,0,0,1,1,5,1,17,4,125,1,10,-1,-1,-1
2017500216967,1,9,0,9,0,1,1,10,0,0,1,1,5,1,23,5,1781,1,16,-1,-1,-1
2017500216978,1,9,0,13,0,8,0,0,0,0,1,1,5,1,64,9,1560,2,1,-1,-1,-1
2017500216978,2,9,0,7,0,8,0,0,0,0,1,1,5,1,20,4,1995,2,12,-1,-1,-1
2017500216989,1,9,0,18,0,1,0,0,0,0,2,1,5,2,52,8,1368,1,4,-1,-1,-1
2017500216989,2,4,0,18,0,1,1,0,0,0,1,1,6,1,22,5,599,1,18,7,3,7
2017500217002,1,10,0,9,0,8,0,0,0,0,3,1,1,1,34,6,-1,-1,-1,-1,-1,-1
2017500217002,2,9,0,18,0,8,0,0,0,0,4,1,1,2,19,4,1397,1,9,-1,-1,-1
2017500217028,1,3,0,4,0,1,0,0,0,0,3,1,5,1,24,5,125,1,11,-1,-1,-1
2017500217028,2,9,0,3,0,1,1,0,0,0,0,1,6,3,-1,-1,-1,-1,-1,-1,-1,-1
2017500217080,1,3,0,17,0,0,0,0,1,0,1,1,6,1,23,5,-1,-1,-1,-1,-1,-1
2017500217093,1,9,0,9,0,8,0,0,0,0,4,1,5,2,66,10,998,1,5,-1,-1,-1
2017500217093,2,9,0,16,0,1,0,0,0,0,1,1,5,1,63,9,-1,3,-1,-1,-1,-1
2017500217094,1,9,0,9,0,8,1,0,0,0,2,1,5,1,36,7,1686,2,12,-1,-1,-1
2017500217094,2,9,0,18,0,8,0,0,0,0,1,1,5,2,52,8,1997,2,13,-1,-1,-1
2017500217095,1,9,0,3,0,0,0,0,0,0,1,1,6,1,29,6,-1,-1,-1,-1,-1,-1
2017500217095,2,3,0,16,0,0,0,0,0,0,2,1,6,1,53,8,781,1,14,-1,-1,-1
2017500217104,1,98,0,18,0,1,0,0,0,0,4,1,6,3,-1,-1,-1,-1,-1,-1,-1,-1
2017500217105,1,9,0,5,0,6,0,0,0,0,1,1,6,1,-1,-1,-1,-1,-1,-1,-1,-1
2017500217105,2,3,0,18,0,8,0,0,1,0,3,1,5,2,19,4,125,1,-1,-1,-1,-1
2017500217106,1,9,0,5,9,0,0,0,0,0,1,1,1,1,32,6,1910,2,12,-1,-1,-1
2017500217121,1,19,0,18,0,0,0,0,0,0,4,1,1,1,37,7,1995,2,9,-1,-1,-1
2017500217121,2,9,0,18,0,0,0,0,0,0,3,1,1,1,19,4,-1,-1,-1,-1,-1,-1
2017500217127,1,9,0,9,0,8,0,0,0,0,1,1,2,1,19,4,1199,1,13,-1,-1,-1
2017500217127,2,9,0,18,0,8,0,0,0,0,1,1,5,1,56,9,-1,-1,-1,-1,-1,-1
2017500217148,1,9,0,18,0,0,2,10,0,0,4,1,1,1,32,6,2499,1,10,-1,-1,-1
2017500217150,1,9,0,4,0,0,0,0,0,0,2,1,5,2,30,6,1229,1,10,-1,-1,-1
2017500217150,2,9,0,4,0,0,0,0,0,0,1,1,6,3,-1,-1,-1,-1,-1,-1,-1,-1
2017500217152,1,9,0,5,0,0,1,0,0,0,1,1,6,1,29,6,-1,-1,-1,7,1,7