Accident_Index,Vehicle_Reference,Vehicle_Type,Towing_and_Articulation,Vehicle_Manoeuvre,Vehicle_Location-Restricted_Lane,Junction_Location,Skidding_and_Overturning,Hit_Object_in_Carriageway,Vehicle_Leaving_Carriageway,Hit_Object_off_Carriageway,1st_Point_of_Impact,Was_Vehicle_Left_Hand_Drive?,Journey_Purpose_of_Driver,Sex_of_Driver,Age_of_Driver,Age_Band_of_Driver,Engine_Capacity_(CC),Propulsion_Code,Age_of_Vehicle,Driver_IMD_Decile,Driver_Home_Area_Type,Vehicle_IMD_Decile
2017500222743,3,98,0,18,0,0,0,0,0,0,2,1,5,2,25,5,-1,-1,-1,-1,-1,-1
2017500222764,1,9,0,18,0,0,0,7,0,0,1,1,5,2,44,7,1242,1,14,-1,-1,-1
2017500222817,1,19,0,18,0,0,0,0,0,0,1,1,6,1,51,8,2143,2,-1,4,3,4
2017500222817,2,9,0,18,0,0,0,0,0,0,1,1,5,2,30,6,1968,2,9,-1,-1,-1
2017500223045,1,9,0,7,0,1,0,0,0,0,4,1,5,2,36,7,1149,1,11,-1,-1,-1
2017500223045,2,11,0,18,0,1,0,0,0,0,1,1,1,1,57,9,6700,2,9,-1,-1,-1
2017500223047,1,1,0,18,0,3,0,0,0,0,1,1,6,1,-1,-1,-1,-1,-1,-1,-1,-1
2017500223047,2,9,0,3,0,4,0,0,0,0,2,1,1,2,33,6,1200,1,2,-1,-1,-1
2017500223052,1,9,0,17,0,0,0,0,1,0,3,1,5,1,42,7,1968,2,8,-1,-1,-1
2017500223052,2,9,0,16,0,0,0,0,1,10,3,1,6,1,28,6,1493,1,19,-1,-1,-1
2017500223064,1,9,0,12,0,0,5,0,2,0,4,1,5,2,44,7,1360,1,16,-1,-1,-1
2017500223064,2,9,0,11,0,0,0,0,0,0,0,1,6,3,-1,-1,-1,-1,-1,-1,-1,-1
2017500223066,1,9,0,9,0,5,0,0,0,0,1,1,5,1,66,10,1595,1,-1,-1,-1,-1
2017500223066,2,9,0,18,0,8,0,0,0,0,1,1,5,1,57,9,2143,2,5,-1,-1,-1
2017500223067,1,9,0,10,0,6,0,0,0,0,1,1,2,1,53,8,1997,2,11,7,1,7
2017500223067,2,9,0,18,0,2,0,0,0,0,3,1,5,2,32,6,1149,1,9,9,1,9
2017500223081,1,9,0,18,0,1,0,0,0,0,1,1,6,3,-1,-1,-1,-1,-1,-1,-1,-1
2017500223081,2,9,0,3,0,1,0,0,0,0,2,1,5,2,50,8,1242,1,14,-1,-1,-1
2017500223084,1,5,0,13,0,0,2,0,0,0,3,1,5,1,57,9,1783,1,5,-1,-1,-1
2017500223084,2,9,0,13,0,0,0,0,0,0,0,1,6,1,38,7,-1,-1,-1,-1,-1,-1
2017500223093,1,9,0,9,0,0,0,0,0,0,1,1,5,1,59,9,1596,1,13,2,1,2
2017500223093,2,9,0,18,0,0,0,0,0,0,1,1,1,1,35,6,1998,2,5,3,1,3
2017500223104,1,9,0,9,0,6,0,0,0,0,4,1,6,2,83,11,1200,1,2,-1,-1,-1
2017500223104,2,5,0,18,0,8,2,0,0,0,1,1,6,1,24,5,790,1,12,-1,-1,-1
2017500223113,1,9,0,18,0,0,0,0,0,0,1,1,6,1,82,11,998,1,1,-1,-1,-1
2017500223115,1,9,0,18,0,0,0,0,1,3,1,1,5,1,28,6,1598,1,15,-1,-1,-1
2017500223125,1,9,0,18,0,0,0,0,0,0,1,1,6,1,66,10,1560,2,-1,-1,-1,-1
2017500223125,2,9,0,18,0,0,0,0,0,0,3,1,1,1,48,8,-1,-1,-1,-1,-1,-1
2017500223125,3,19,0,18,0,0,0,0,1,4,3,1,1,1,22,5,1968,2,1,-1,-1,-1
2017500223125,4,9,0,18,0,0,0,0,0,0,1,1,5,2,38,7,1968,2,4,-1,-1,-1
2017500223140,1,9,0,18,0,0,0,0,0,0,4,1,6,3,-1,-1,1396,1,15,-1,-1,-1
2017500223161,1,9,0,9,0,5,0,0,0,0,1,1,6,2,85,11,1596,1,3,-1,-1,-1
2017500223161,2,9,0,18,0,1,1,0,0,0,1,1,6,1,53,8,1968,2,9,-1,-1,-1
2017500223185,1,9,0,17,0,4,0,0,0,0,1,1,1,1,27,6,-1,-1,-1,-1,-1,-1
2017500223185,2,9,0,3,0,4,0,0,0,0,2,1,1,1,24,5,-1,-1,-1,-1,-1,-1
2017500223268,1,9,0,15,0,0,0,0,0,0,1,1,2,1,56,9,2993,2,5,-1,-1,-1
2017500223268,2,9,0,18,0,0,0,0,0,0,1,1,5,1,58,9,1997,2,14,-1,-1,-1
2017500223268,3,9,0,18,0,0,0,0,0,0,2,1,2,2,26,6,2184,2,1,-1,-1,-1
2017500223295,1,19,0,18,9,8,0,0,1,0,1,1,6,1,48,8,2143,2,-1,-1,-1,-1
2017500223501,1,9,0,4,0,1,0,0,0,0,2,1,5,2,28,6,1368,1,5,-1,-1,-1
2017500223501,2,9,0,4,0,1,0,0,0,0,1,1,5,1,50,8,1560,2,5,-1,-1,-1
2017500223501,3,9,0,4,0,1,0,0,0,0,1,1,5,1,61,9,-1,-1,-1,-1,-1,-1
2017500223506,1,9,0,18,0,0,0,0,1,0,1,1,5,1,28,6,1398,2,10,-1,-1,-1
2017500223514,1,9,0,18,0,8,0,0,0,0,4,1,5,1,73,10,1870,2,13,6,2,6
2017500223520,1,9,0,18,0,0,0,0,0,0,1,1,5,2,69,10,1560,2,2,-1,-1,-1
2017500223520,2,9,0,3,0,0,0,0,0,0,2,1,5,1,49,8,2000,1,12,-1,-1,-1
2017500223524,1,9,0,8,0,1,0,0,0,0,2,1,5,2,33,6,1197,1,4,-1,-1,-1
2017500223524,2,9,0,8,0,1,0,0,0,0,1,1,6,3,-1,-1,-1,-1,-1,-1,-1,-1
2017500223533,1,19,0,18,0,1,0,0,0,0,1,1,6,1,35,6,2198,2,2,-1,-1,-1
2017500223533,2,9,0,3,0,1,0,0,0,0,2,1,5,2,34,6,1598,1,11,-1,-1,-1
2017500223540,1,9,0,12,0,0,1,0,1,9,3,1,6,1,24,5,1595,1,12,-1,-1,-1
2017500223540,2,9,0,18,0,0,1,0,8,7,4,1,6,1,41,7,3799,1,8,-1,-1,-1
2017500223542,1,9,0,9,0,1,0,0,0,0,1,1,1,2,19,4,1360,1,16,-1,-1,-1
2017500223542,2,9,0,18,0,8,0,0,0,0,3,1,1,2,24,5,1390,1,10,-1,-1,-1
2017500223543,1,9,0,11,0,0,1,0,7,0,1,1,6,1,40,7,1560,2,5,-1,-1,-1
2017500223543,22,9,0,18,0,0,0,0,0,0,2,1,6,1,63,9,-1,-1,-1,8,1,8
2017500223553,1,9,0,7,0,1,0,0,0,0,4,1,6,1,23,5,1388,1,14,-1,-1,-1
2017500223553,2,3,0,18,0,1,0,0,0,0,3,1,6,1,19,4,124,1,15,-1,-1,-1
2017500223565,1,9,0,3,0,8,0,0,0,0,2,1,6,1,46,8,1364,2,7,-1,-1,-1
2017500223565,2,9,0,18,0,8,0,0,0,0,1,1,6,2,28,6,1396,1,15,-1,-1,-1
2017500223587,1,9,0,18,0,0,0,0,0,0,1,1,6,2,39,7,-1,-1,-1,3,2,3
2017500223587,2,19,0,18,0,0,0,0,0,0,2,1,1,2,21,5,1248,2,9,-1,-1,-1
2017500223587,3,9,0,2,0,0,0,0,0,0,2,1,5,1,-1,-1,1332,1,18,-1,-1,-1
2017500223595,1,9,0,18,0,0,0,0,0,0,2,1,5,1,72,10,1582,2,3,-1,-1,-1
2017500223595,2,9,0,18,0,0,0,0,0,0,1,1,5,2,49,8,1598,1,10,-1,-1,-1
2017500223595,3,9,0,18,0,0,0,0,0,0,1,1,5,1,61,9,1998,1,12,-1,-1,-1
2017500223619,1,9,0,18,0,2,0,0,0,0,1,1,2,2,32,6,1910,2,12,-1,-1,-1
2017500223619,2,1,0,18,0,6,0,0,0,0,1,1,4,1,13,3,-1,-1,-1,-1,-1,-1
2017500223634,1,11,0,18,0,2,0,0,0,0,1,1,1,1,64,9,6696,2,2,-1,-1,-1
2017500223650,1,9,0,2,0,0,0,0,0,0,2,1,6,1,30,6,-1,-1,-1,-1,-1,-1
2017500223650,2,9,0,18,0,0,0,0,0,0,1,1,6,1,39,7,-1,-1,-1,-1,-1,-1
2017500223682,1,1,0,18,0,0,0,0,0,0,1,1,5,1,15,3,-1,-1,-1,-1,-1,-1
2017500223682,2,9,0,18,0,0,0,0,0,0,3,1,5,1,25,5,2494,2,4,-1,-1,-1
2017500223712,1,3,0,18,0,0,0,0,1,0,4,1,5,1,25,5,124,1,6,-1,-1,-1
2017500223946,1,9,0,17,0,0,5,0,2,0,1,1,5,1,44,7,2179,2,6,-1,-1,-1
2017500223953,1,9,0,7,0,1,0,0,0,0,1,1,5,1,35,6,1995,2,13,-1,-1,-1
2017500223953,2,9,0,3,0,6,0,0,0,0,2,1,5,2,53,8,1995,2,10,-1,-1,-1
2017500223962,1,9,0,7,0,1,0,0,1,0,1,1,5,2,80,11,1598,1,3,-1,-1,-1
2017500223968,1,9,0,4,0,1,0,0,7,11,1,1,5,1,52,8,-1,-1,-1,-1,-1,-1
2017500223969,1,9,0,18,0,4,0,0,0,0,3,1,1,1,42,7,1968,2,8,-1,-1,-1
2017500223969,2,1,0,18,0,3,0,0,0,0,3,1,2,2,33,6,-1,-1,-1,-1,-1,-1
2017500223979,1,9,0,18,0,1,0,0,0,0,1,1,5,2,32,6,2902,2,13,-1,-1,-1
2017500223979,2,9,0,3,0,1,0,0,0,0,2,1,5,2,21,5,1398,1,1,-1,-1,-1
2017500223979,3,9,0,3,0,1,0,0,0,0,2,1,5,1,60,9,1598,1,11,-1,-1,-1
2017500223986,1,9,0,5,0,0,0,0,0,0,3,1,5,1,62,9,1199,1,18,-1,-1,-1
2017500223986,2,9,0,2,0,0,0,0,0,0,3,1,5,3,-1,-1,1968,2,11,6,2,6
2017500224000,1,9,0,6,8,0,0,0,0,0,3,1,5,1,76,11,2435,1,11,-1,-1,-1
2017500224000,2,9,0,18,0,0,0,0,0,0,1,1,5,2,86,11,1800,1,18,-1,-1,-1
2017500224010,1,19,0,18,0,0,0,0,0,0,1,1,1,1,33,6,2143,2,2,1,1,1
2017500224020,1,9,0,18,0,0,0,0,0,0,1,1,2,2,39,7,1398,1,2,-1,-1,-1
2017500224020,2,9,0,3,0,0,0,0,0,0,2,1,6,1,54,8,2982,2,8,-1,-1,-1
2017500224020,3,9,0,3,0,0,0,0,0,0,2,1,6,2,39,7,1998,1,2,-1,-1,-1
2017500224044,1,9,0,9,0,0,0,0,0,0,3,1,5,2,28,6,1596,1,11,-1,-1,-1
2017500224044,2,9,0,14,0,0,0,0,0,0,1,1,5,1,29,6,1198,1,14,-1,-1,-1
2017500224062,1,9,0,18,0,8,0,0,0,0,3,1,6,2,22,5,1390,1,11,-1,-1,-1
2017500224062,2,5,0,18,0,8,0,0,0,0,1,1,6,1,56,9,690,1,3,-1,-1,-1
2017500224069,1,9,0,4,0,0,0,0,0,0,1,1,5,1,58,9,-1,-1,-1,-1,-1,-1
2017500224069,2,9,0,4,0,0,0,0,0,0,2,1,5,1,49,8,1242,1,1,-1,-1,-1
2017500224092,1,9,0,16,0,0,1,0,0,0,1,1,6,1,21,5,1596,1,14,-1,-1,-1
2017500224092,2,9,0,3,0,0,0,0,0,0,2,1,6,2,22,5,1597,1,10,-1,-1,-1
2017500224383,1,9,0,11,0,0,0,0,0,0,1,1,5,1,36,7,1199,1,16,-1,-1,-1
2017500224383,2,9,0,18,0,0,1,0,0,0,2,1,5,2,53,8,2143,2,2,-1,-1,-1
2017500224396,1,9,0,18,0,0,2,0,8,6,1,1,5,1,26,6,1753,2,11,-1,-1,-1
2017500224406,1,9,0,7,0,6,0,0,0,0,1,1,6,1,51,8,2720,2,9,-1,-1,-1
2017500224406,2,1,0,18,0,1,0,0,0,0,1,1,6,2,51,8,-1,-1,-1,-1,-1,-1
2017500224413,1,9,0,18,0,0,5,0,1,0,4,1,5,1,20,4,1149,1,16,-1,-1,-1
2017500224416,1,9,0,9,0,3,0,0,0,0,1,1,6,1,40,7,-1,-1,-1,-1,-1,-1
2017500224416,2,9,0,18,0,4,0,0,0,0,3,1,6,2,73,10,1120,1,19,-1,-1,-1
2017500224458,1,9,0,18,0,0,0,0,0,0,1,1,6,1,20,4,1360,1,14,-1,-1,-1
2017500224464,1,9,0,16,0,0,2,0,1,0,4,1,5,1,23,5,1596,1,13,-1,-1,-1
2017500224489,1,9,0,18,0,0,0,0,0,0,4,1,6,1,83,11,1197,1,1,-1,-1,-1
2017500224497,1,9,0,18,0,0,0,0,0,0,1,1,1,2,57,9,1598,1,12,-1,-1,-1
2017500224497,2,9,0,18,0,0,0,0,0,0,2,1,6,1,72,10,1686,2,15,-1,-1,-1
2017500224497,3,9,0,18,0,0,0,0,0,0,2,1,1,1,52,8,1497,8,10,-1,-1,-1
2017500224860,1,9,0,18,0,0,0,0,0,0,1,1,5,1,50,8,1198,1,2,-1,-1,-1
2017500224860,2,98,0,4,0,0,0,0,0,0,2,1,5,1,59,9,-1,-1,-1,-1,-1,-1
2017500224865,1,9,0,1,0,1,0,0,0,0,2,1,5,1,74,10,2493,1,13,2,1,2
2017500224870,1,3,0,16,0,0,1,0,5,6,3,1,5,1,17,4,125,1,4,-1,-1,-1
2017500224872,1,9,0,4,0,0,0,0,0,0,1,1,5,1,83,11,1560,2,6,-1,-1,-1
2017500224872,2,9,0,4,0,0,0,0,0,0,2,1,5,1,29,6,2198,1,13,-1,-1,-1
2017500224882,1,9,0,9,0,6,0,0,0,0,3,1,6,2,71,10,1591,1,-1,-1,-1,-1
2017500224882,2,21,0,18,0,1,0,0,0,0,1,1,1,1,55,8,11705,2,13,-1,-1,-1
2017500224893,1,9,0,18,0,0,5,0,0,0,1,1,6,1,76,11,-1,-1,-1,7,3,7
2017500224896,1,9,0,18,0,0,0,0,0,0,3,1,5,2,74,10,1197,1,1,-1,-1,-1
2017500224900,1,9,4,18,0,0,0,0,0,0,1,1,1,1,23,5,-1,-1,-1,-1,-1,-1
2017500224900,2,9,0,10,0,0,0,0,1,10,2,1,5,2,36,7,1360,1,10,-1,-1,-1
2017500224902,1,9,0,16,0,0,0,0,0,0,1,1,5,2,70,10,1461,2,9,-1,-1,-1
2017500224902,2,9,0,17,0,0,0,0,0,0,1,1,5,1,88,11,1390,1,3,-1,-1,-1
2017500224921,1,9,0,18,0,0,0,0,0,0,1,1,6,1,21,5,1197,1,-1,-1,-1,-1
2017500224926,1,9,0,18,0,8,0,0,0,0,1,1,6,2,22,5,1360,1,9,-1,-1,-1
2017500224926,2,9,0,3,0,8,0,0,0,0,2,1,6,1,33,6,1990,1,14,-1,-1,-1
2017500224936,1,1,0,18,0,0,0,4,0,0,1,1,6,1,15,3,-1,-1,-1,-1,-1,-1
2017500224936,2,9,0,2,0,0,0,0,0,0,2,1,5,2,51,8,1769,1,12,-1,-1,-1
2017500224956,1,17,4,18,0,0,0,0,0,0,1,1,1,1,57,9,-1,2,20,-1,-1,-1
2017500224956,2,9,0,18,0,0,0,0,0,0,1,1,1,2,51,8,1686,2,3,-1,-1,-1
2017500224970,1,19,0,15,0,0,0,0,0,0,0,1,6,1,45,7,1896,2,8,-1,-1,-1
2017500224970,2,9,0,3,0,0,0,0,0,0,0,1,6,2,45,7,1560,2,8,-1,-1,-1
2017500224970,3,9,0,18,0,0,0,0,0,0,0,1,6,1,57,9,1598,2,3,-1,-1,-1
2017500224976,1,9,0,9,0,0,0,0,0,0,3,1,6,1,26,6,1368,1,10,-1,-1,-1
2017500224976,2,5,0,18,0,0,2,0,0,0,1,1,1,1,25,5,955,1,14,-1,-1,-1
2017500224996,1,9,0,3,0,0,0,0,0,0,1,1,6,2,44,7,-1,-1,-1,-1,-1,-1
2017500224996,2,9,0,3,0,0,0,0,0,0,2,1,6,2,58,9,1598,1,4,-1,-1,-1
2017500225013,1,9,0,16,0,0,0,0,0,0,3,1,5,1,34,6,1329,1,6,-1,-1,-1
2017500225013,2,9,0,17,0,0,1,0,0,0,3,1,5,2,60,9,1496,2,1,-1,-1,-1
2017500225216,1,19,0,17,0,0,2,0,0,0,1,1,6,1,50,8,2461,2,10,-1,-1,-1
2017500225222,1,9,0,18,0,0,0,0,0,0,1,1,5,2,65,9,1598,1,12,-1,-1,-1
2017500225222,2,9,0,18,0,0,0,0,0,0,2,1,5,1,73,10,899,1,2,-1,-1,-1
2017500225222,3,9,0,2,0,0,0,0,0,0,3,1,5,2,33,6,1560,2,7,-1,-1,-1
2017500225226,1,9,0,18,0,1,0,0,0,0,1,1,6,2,25,5,1598,1,6,5,3,5
2017500225226,2,9,0,9,0,1,0,0,0,0,1,1,6,2,35,6,1396,2,4,-1,-1,-1
2017500225232,1,11,0,4,0,0,0,0,0,0,1,1,1,2,47,8,6700,2,1,-1,-1,-1
2017500225232,2,9,0,2,0,0,0,0,0,0,2,1,5,1,22,5,1590,1,13,-1,-1,-1
2017500225232,3,19,0,2,0,0,0,0,0,0,2,1,1,1,25,5,2402,2,9,-1,-1,-1
2017500225234,1,9,0,17,0,5,0,0,8,11,1,1,1,2,63,9,1248,2,13,-1,-1,-1
2017500225240,1,3,0,18,0,2,2,0,0,0,1,1,1,1,19,4,108,1,1,-1,-1,-1
2017500225241,1,9,0,4,0,1,0,0,0,0,1,1,5,1,74,10,1871,2,15,-1,-1,-1
2017500225241,2,9,0,3,0,1,0,0,0,0,2,1,6,1,46,8,-1,-1,-1,-1,-1,-1
2017500225253,1,2,0,18,0,0,0,0,0,0,3,1,6,2,17,4,49,1,2,-1,-1,-1
2017500225257,1,9,0,5,0,2,0,0,0,0,1,1,6,1,83,11,-1,-1,-1,-1,-1,-1
2017500225260,1,9,0,18,0,0,1,0,0,0,1,1,6,1,29,6,1796,1,15,-1,-1,-1
2017500225269,1,9,0,18,0,3,2,7,0,0,1,1,5,1,51,8,1995,1,14,-1,-1,-1
2017500225283,1,9,0,5,0,1,0,0,0,0,1,1,5,1,20,4,1995,2,10,-1,-1,-1
2017500225283,2,9,0,18,0,1,0,0,0,0,1,1,5,1,31,6,1995,1,12,-1,-1,-1
2017500225312,1,9,0,9,0,8,0,0,0,0,3,1,6,1,34,6,-1,-1,-1,-1,-1,-1
2017500225312,2,98,0,9,0,8,0,0,0,0,1,1,6,3,-1,-1,-1,-1,-1,-1,-1,-1
2017500225316,1,9,0,18,0,0,5,0,1,0,4,1,5,1,21,5,998,1,4,-1,-1,-1
2017500225386,1,9,0,18,0,0,0,0,0,0,4,1,6,1,30,6,1968,2,-1,-1,-1,-1
2017500225582,1,9,0,5,0,0,0,0,0,0,1,1,5,1,63,9,1984,1,1,-1,-1,-1
2017500225582,2,9,0,5,0,0,0,0,0,0,2,1,5,2,48,8,973,1,14,-1,-1,-1
2017500225624,1,9,0,18,0,8,0,0,0,0,1,1,5,3,-1,-1,-1,-1,-1,-1,-1,-1
2017500225627,1,9,0,9,0,1,0,0,0,0,1,1,5,2,79,11,1598,1,14,4,3,4
2017500225627,2,9,0,18,0,1,0,0,0,0,1,1,5,2,51,8,1248,2,5,-1,-1,-1
2017500225628,1,9,0,6,0,0,0,0,0,0,1,1,5,2,76,11,1587,1,13,-1,-1,-1
2017500225630,1,9,0,18,0,0,0,0,0,0,0,1,6,1,28,6,1896,2,15,-1,-1,-1
2017500225630,2,9,0,18,0,0,0,0,8,0,1,1,6,1,28,6,2792,1,16,-1,-1,-1
2017500225630,3,9,0,18,0,0,0,0,0,0,0,1,6,1,23,5,1896,2,15,-1,-1,-1
2017500225631,1,9,0,18,0,0,0,0,0,0,1,1,5,1,82,11,996,1,7,-1,-1,-1
2017500225631,2,11,0,4,0,0,0,0,0,0,1,1,1,1,46,8,6700,2,1,-1,-1,-1
2017500225647,1,9,0,16,0,0,2,0,8,11,1,1,5,1,17,4,1390,1,16,-1,-1,-1
2017500225650,1,9,0,17,0,0,0,0,0,0,4,1,5,1,77,11,1968,2,5,-1,-1,-1
2017500225651,1,9,0,17,0,0,1,0,1,0,1,1,2,1,30,6,1399,2,14,-1,-1,-1
2017500225659,1,9,0,17,0,0,5,0,2,0,1,1,1,1,28,6,1799,1,9,-1,-1,-1
2017500225660,1,9,0,9,0,6,0,0,0,0,3,1,5,2,23,5,1590,1,16,-1,-1,-1
2017500225660,2,9,0,18,0,1,0,0,0,0,1,1,5,2,25,5,1399,2,6,-1,-1,-1
2017500225669,1,9,0,7,0,4,0,0,0,0,1,1,3,2,35,6,1598,1,11,-1,-1,-1
2017500225669,2,9,0,18,0,5,0,0,0,0,4,1,6,1,75,10,1997,2,13,-1,-1,-1
2017500225671,1,9,0,18,0,1,1,0,0,0,1,1,5,2,32,6,1598,1,16,-1,-1,-1
2017500225671,2,9,0,9,0,5,0,0,0,0,2,1,5,2,26,6,1560,2,2,-1,-1,-1
2017500225673,1,9,0,9,0,1,0,0,0,0,3,1,6,2,63,9,1461,2,5,9,1,9
2017500225673,2,5,0,18,0,1,2,0,0,0,1,1,6,1,56,9,1137,1,16,-1,-1,-1
2017500225683,1,9,0,18,0,1,0,0,0,0,1,1,5,2,50,8,1781,1,18,-1,-1,-1
2017500225683,2,9,0,9,0,6,0,0,0,0,3,1,6,1,21,5,1248,2,8,-1,-1,-1
2017500225696,1,9,0,18,0,0,0,0,7,9,1,1,6,2,32,6,998,1,2,-1,-1,-1
2017500225698,1,9,0,4,0,0,0,0,0,0,1,1,5,1,87,11,1198,1,11,-1,-1,-1
2017500225701,1,9,0,4,0,0,0,0,0,0,1,1,5,2,57,9,1399,2,9,8,2,8
2017500225701,2,9,0,3,0,0,0,0,0,0,2,1,5,2,70,10,-1,3,2,-1,-1,-1
2017500225701,3,9,0,3,0,0,0,0,0,0,2,1,5,1,84,11,1339,1,8,8,2,8
2017500225714,1,9,0,18,0,0,0,0,0,0,1,1,6,1,63,9,1598,1,18,5,3,5
2017500225714,2,9,0,2,0,0,0,0,0,0,4,1,5,1,56,9,2993,2,7,5,3,5
2017500225721,1,9,0,7,0,4,0,0,0,0,3,1,2,1,30,6,2143,2,6,-1,-1,-1
2017500225721,2,5,0,18,0,3,0,0,0,0,1,1,5,1,20,4,599,1,17,-1,-1,-1
2017500225723,1,9,0,5,0,0,0,0,0,0,0,1,6,1,51,8,1685,2,2,-1,-1,-1
2017500225723,2,9,0,3,0,0,0,0,0,0,2,1,6,1,31,6,1299,1,14,-1,-1,-1
2017500225740,1,9,0,18,0,0,0,0,0,0,1,1,6,1,34,6,1229,1,9,4,2,4
2017500225740,2,9,0,4,0,0,0,0,0,0,1,1,6,2,33,6,1461,2,7,-1,-1,-1
2017500225741,1,9,0,10,0,1,0,0,0,0,2,1,5,2,26,6,1360,1,14,-1,-1,-1
2017500225741,2,19,0,18,0,1,0,0,0,0,1,1,5,1,35,6,1968,2,2,-1,-1,-1
2017500225744,1,9,0,4,0,1,0,0,0,0,3,1,1,2,22,5,998,1,9,-1,-1,-1
2017500225744,2,1,0,18,0,1,0,0,0,0,1,1,4,1,12,3,-1,-1,-1,-1,-1,-1
2017500225760,1,19,0,16,0,0,0,0,0,0,1,1,1,1,43,7,2800,2,14,-1,-1,-1
2017500225760,2,19,0,17,0,0,0,0,0,0,1,1,1,1,28,6,1753,2,7,-1,-1,-1
2017500225761,1,9,0,18,0,0,0,0,2,10,1,1,6,1,63,9,1389,1,11,-1,-1,-1
2017500225761,2,19,0,18,0,0,0,0,0,0,1,1,1,1,70,10,2198,2,2,-1,-1,-1
2017500225761,3,98,1,2,0,0,0,0,0,0,2,1,6,3,-1,-1,-1,-1,-1,-1,-1,-1
2017500225773,1,9,0,17,0,0,5,0,2,0,4,1,2,1,54,8,1598,1,12,-1,-1,-1
2017500225782,1,9,0,17,0,0,1,0,1,9,2,1,5,1,20,4,2500,6,18,6,1,6
2017500225784,1,19,0,18,0,0,0,0,0,0,1,1,1,1,49,8,2198,2,1,-1,-1,-1
2017500225784,2,9,0,2,0,0,0,0,0,0,3,1,5,1,18,4,1124,1,18,-1,-1,-1
2017500225785,1,9,0,18,0,2,0,0,0,0,4,1,2,2,27,6,1598,1,7,8,1,8
2017500225785,2,9,0,2,0,2,0,0,0,0,3,1,6,2,-1,-1,1596,1,12,6,1,6
2017500225786,1,3,0,5,0,0,0,0,0,0,1,1,5,1,20,4,124,1,8,3,1,3
2017500225789,1,9,0,13,0,0,0,0,0,0,1,1,2,1,43,7,2496,2,15,-1,-1,-1
2017500225789,2,3,0,18,0,0,0,0,0,0,1,1,1,1,40,7,-1,-1,-1,-1,-1,-1
2017500225796,1,9,0,18,0,4,0,0,0,0,1,1,6,2,61,9,1343,1,12,-1,-1,-1
2017500225796,2,1,0,18,0,3,0,0,0,0,1,1,6,1,34,6,-1,-1,-1,-1,-1,-1
2017500225801,1,21,0,18,0,0,1,0,0,0,2,1,1,1,26,6,2999,2,10,-1,-1,-1
2017500225801,2,19,0,3,0,0,0,0,1,0,1,1,5,1,34,6,1896,2,10,-1,-1,-1
2017500225801,3,9,0,3,0,0,0,0,0,0,1,1,5,1,69,10,1560,2,6,-1,-1,-1
2017500225801,4,9,0,3,0,0,0,0,0,0,1,1,5,2,50,8,1796,1,4,-1,-1,-1
2017500225808,1,9,0,18,0,0,0,0,0,0,1,1,6,2,72,10,1560,2,4,-1,-1,-1
2017500225811,1,9,0,18,0,0,1,0,0,0,1,1,2,1,42,7,-1,-1,-1,-1,-1,-1
2017500225811,2,9,0,2,0,0,1,0,1,0,2,1,6,1,18,4,1149,1,15,-1,-1,-1
2017500225826,1,9,0,18,0,4,0,0,0,0,3,1,1,1,47,8,2993,2,3,-1,-1,-1
2017500225826,2,1,0,18,0,8,0,0,0,0,4,1,6,1,50,8,-1,-1,-1,-1,-1,-1
2017500225830,1,9,0,3,0,0,0,0,0,0,1,1,6,2,56,9,999,1,2,-1,-1,-1
2017500225830,2,9,0,18,0,0,0,0,0,0,2,1,6,2,44,7,1598,2,2,-1,-1,-1
2017500225834,1,5,0,17,0,0,1,0,0,0,3,1,2,1,47,8,644,1,10,6,1,6
2017500225835,1,9,0,18,0,4,0,0,0,0,1,1,5,2,25,5,1596,1,13,-1,-1,-1
2017500225835,2,9,0,3,0,3,0,0,0,0,2,1,5,1,17,4,1390,1,17,-1,-1,-1
2017500225841,1,9,0,7,0,6,0,0,0,0,0,1,5,2,52,8,-1,-1,-1,-1,-1,-1
2017500225841,2,2,0,18,0,8,1,0,0,0,0,1,4,1,16,4,49,1,6,-1,-1,-1
2017500225843,1,9,0,18,0,8,0,0,0,0,1,1,6,3,-1,-1,-1,-1,-1,-1,-1,-1
2017500225844,1,9,0,6,0,0,0,0,0,0,3,1,5,1,35,6,1896,2,9,-1,-1,-1
2017500225844,2,1,0,14,0,0,1,0,0,0,1,1,1,1,-1,-1,-1,-1,-1,-1,-1,-1
2017500225856,1,9,0,16,0,0,1,0,2,0,3,1,2,1,31,6,1598,1,13,-1,-1,-1
2017500225857,1,19,0,17,0,0,1,0,7,11,1,1,2,1,30,6,2143,2,-1,-1,-1,-1
2017500225868,1,9,0,4,0,1,0,0,0,0,1,1,2,2,18,4,1397,1,7,-1,-1,-1
2017500225868,2,9,0,9,0,5,0,0,0,0,4,1,5,1,80,11,1997,2,2,-1,-1,-1
2017500225869,1,9,0,18,0,8,0,0,0,0,4,1,5,1,37,7,1461,2,4,8,1,8
2017500225869,2,4,0,5,0,8,0,0,0,0,1,1,2,1,23,5,999,1,7,5,1,5
2017500225871,1,9,0,18,0,0,0,0,0,0,1,1,5,2,63,9,998,1,-1,-1,-1,-1
2017500225877,1,9,0,18,0,0,0,4,0,0,1,1,6,1,38,7,1951,2,13,-1,-1,-1
2017500225877,2,9,0,2,0,0,0,0,0,0,2,1,6,2,30,6,-1,-1,-1,-1,-1,-1
2017500225895,1,9,0,18,0,0,0,0,0,0,1,1,5,1,20,4,1298,1,16,4,3,4