Accident_Index,Vehicle_Reference,Vehicle_Type,Towing_and_Articulation,Vehicle_Manoeuvre,Vehicle_Location-Restricted_Lane,Junction_Location,Skidding_and_Overturning,Hit_Object_in_Carriageway,Vehicle_Leaving_Carriageway,Hit_Object_off_Carriageway,1st_Point_of_Impact,Was_Vehicle_Left_Hand_Drive?,Journey_Purpose_of_Driver,Sex_of_Driver,Age_of_Driver,Age_Band_of_Driver,Engine_Capacity_(CC),Propulsion_Code,Age_of_Vehicle,Driver_IMD_Decile,Driver_Home_Area_Type,Vehicle_IMD_Decile
2017500233164,1,9,0,9,0,5,0,0,0,0,1,1,6,1,27,6,-1,-1,-1,-1,-1,-1
2017500233164,2,9,0,18,0,1,0,0,0,0,1,1,2,1,31,6,1984,1,9,7,1,7
2017500233203,1,-1,0,18,0,5,0,0,0,0,1,1,6,2,-1,-1,-1,-1,-1,-1,-1,-1
2017500233203,2,9,0,3,0,5,0,0,0,0,2,1,6,2,19,4,1242,1,8,-1,-1,-1
2017500233215,1,9,0,3,0,0,0,0,0,0,1,1,6,1,69,10,2099,1,14,-1,-1,-1
2017500233215,2,9,0,18,0,0,0,0,0,0,1,1,6,2,90,11,-1,-1,-1,-1,-1,-1
2017500233261,1,9,0,9,0,6,0,0,0,0,3,1,2,2,60,9,1364,1,4,-1,-1,-1
2017500233261,2,1,0,18,0,1,0,0,0,0,1,1,6,1,40,7,-1,-1,-1,-1,-1,-1
2017500233272,1,9,0,7,0,5,0,0,0,0,4,1,6,1,57,9,1997,2,13,-1,-1,-1
2017500233272,2,3,0,18,0,1,0,0,0,0,1,1,6,1,26,6,100,1,18,-1,-1,-1
2017500233540,1,19,0,18,0,1,0,0,0,0,1,1,6,1,45,7,1753,2,14,-1,-1,-1
2017500233540,2,9,0,3,0,1,0,0,0,0,2,1,5,2,34,6,2148,2,14,2,2,2
2017500233541,1,9,0,14,0,0,0,0,0,0,4,1,6,1,69,10,1229,1,9,-1,-1,-1
2017500233548,1,9,0,18,0,6,0,0,0,0,0,1,4,1,22,5,1595,1,27,-1,-1,-1
2017500233549,1,9,0,17,0,0,0,0,7,0,1,1,6,1,35,6,1896,2,16,-1,-1,-1
2017500233549,2,9,0,16,0,0,0,0,1,0,1,1,5,1,47,8,2967,2,4,-1,-1,-1
2017500233550,1,9,0,5,0,4,0,0,0,0,1,1,6,2,70,10,998,1,2,5,3,5
2017500233550,2,1,0,5,0,4,0,0,0,0,1,1,6,1,16,4,-1,-1,-1,7,1,7
2017500233555,1,22,0,18,9,1,0,0,0,0,1,1,6,1,83,11,-1,-1,-1,-1,-1,-1
2017500233558,1,5,0,18,0,0,2,0,0,0,1,1,2,1,23,5,999,1,1,-1,-1,-1
2017500233558,2,9,0,18,0,0,1,0,0,0,1,1,2,1,48,8,1995,2,1,-1,-1,-1
2017500233566,1,9,0,18,0,0,0,0,0,0,0,1,1,1,39,7,1968,2,2,-1,-1,-1
2017500233566,2,9,0,18,0,0,1,0,1,0,3,1,5,1,22,5,1396,1,14,1,2,1
2017500233569,1,9,0,4,0,0,1,0,0,0,3,1,1,1,65,9,1584,1,11,-1,-1,-1
2017500233574,1,19,0,18,0,0,0,0,0,0,4,1,6,1,-1,-1,2198,2,10,-1,-1,-1
2017500233580,1,9,0,18,0,0,0,0,0,0,1,1,5,1,23,5,-1,-1,-1,-1,-1,-1
2017500233580,2,9,0,4,0,0,0,0,0,0,2,1,5,1,77,11,3456,8,8,-1,-1,-1
2017500233587,1,9,0,16,0,8,1,0,0,0,1,1,5,1,46,8,2171,1,13,-1,-1,-1
2017500233587,2,9,0,18,0,8,0,0,0,0,4,1,2,2,27,6,1396,2,-1,-1,-1,-1
2017500233589,1,19,0,18,0,7,0,2,0,0,3,1,1,1,55,8,1461,2,1,-1,-1,-1
2017500233590,1,9,0,18,0,0,5,0,0,0,1,1,6,1,71,10,2494,1,16,-1,-1,-1
2017500233590,2,9,0,2,0,0,0,0,0,0,3,1,6,2,66,10,998,1,1,-1,-1,-1
2017500233590,3,19,0,2,0,0,0,0,0,0,2,1,6,1,56,9,1461,2,9,-1,-1,-1
2017500233590,4,9,0,2,0,0,0,0,0,0,2,1,6,2,19,4,1124,1,13,-1,-1,-1
2017500233622,1,3,0,18,0,0,1,0,0,0,1,1,6,1,18,4,125,1,1,-1,-1,-1
2017500233622,2,19,0,18,0,0,0,0,0,0,1,1,6,3,50,8,-1,-1,-1,-1,-1,-1
2017500233626,1,9,0,11,0,8,0,0,0,0,4,1,6,1,67,10,1560,2,5,-1,-1,-1
2017500233626,2,9,0,17,0,8,0,0,0,0,3,1,6,1,40,7,1896,2,12,-1,-1,-1
2017500233633,1,9,0,18,0,2,0,0,0,0,1,1,5,1,41,7,1461,2,12,-1,-1,-1
2017500233667,1,3,0,3,0,1,0,0,0,0,4,1,2,1,17,4,-1,-1,-1,-1,-1,-1
2017500233667,2,3,0,4,0,1,0,0,0,0,1,1,2,1,21,5,125,1,12,-1,-1,-1
2017500233717,1,9,0,18,0,0,0,0,0,0,1,1,6,3,-1,-1,-1,-1,-1,-1,-1,-1
2017500233717,2,9,0,8,0,0,0,0,0,0,2,1,5,1,53,8,-1,-1,-1,-1,-1,-1
2017500233757,1,4,0,13,0,3,0,0,0,0,3,1,5,1,73,10,471,1,-1,-1,-1,-1
2017500233757,2,9,0,10,0,3,0,0,0,0,4,1,5,2,60,9,1896,2,10,-1,-1,-1
2017500233845,1,9,0,3,0,0,0,0,0,0,1,1,5,2,82,11,1248,1,1,-1,-1,-1
2017500233880,1,9,0,7,0,8,0,0,0,0,3,1,5,2,71,10,1248,1,5,-1,-1,-1
2017500233880,2,3,0,18,0,8,0,0,0,0,1,1,5,1,38,7,125,1,2,-1,-1,-1
2017500234067,1,19,0,9,0,8,0,0,0,0,1,1,1,1,57,9,2143,2,5,-1,-1,-1
2017500234067,2,5,0,18,0,1,0,0,0,0,1,1,6,1,59,9,750,1,-1,-1,-1,-1
2017500234089,1,9,0,18,0,0,0,4,0,0,1,1,6,1,41,7,1995,2,1,-1,-1,-1
2017500234089,2,9,0,18,0,0,0,0,0,0,2,1,6,2,45,7,1360,1,8,-1,-1,-1
2017500234123,1,9,0,5,0,2,0,0,0,0,1,1,5,1,36,7,1461,2,13,-1,-1,-1
2017500234185,1,9,0,18,9,1,0,0,1,0,1,1,6,2,59,9,1360,1,10,-1,-1,-1
2017500234186,1,9,0,4,0,0,1,0,0,0,1,1,6,2,17,4,999,1,-1,-1,-1,-1
2017500234186,2,9,0,4,0,0,1,0,0,0,1,1,1,1,32,6,-1,-1,-1,-1,-1,-1
2017500234507,1,19,0,18,0,1,5,4,0,0,1,1,5,1,27,6,1248,2,11,-1,-1,-1
2017500234507,2,9,0,1,0,1,0,0,0,0,1,1,5,2,-1,-1,1499,2,-1,-1,-1,-1
2017500234521,1,19,0,18,0,1,1,0,0,0,1,1,1,1,36,7,1499,2,-1,-1,-1,-1
2017500234521,2,9,0,4,0,1,0,0,0,0,2,1,1,2,36,7,1229,1,9,-1,-1,-1
2017500234521,3,9,0,10,0,1,0,0,0,0,0,1,6,3,-1,-1,-1,-1,-1,-1,-1,-1
2017500234535,1,9,0,18,0,1,0,0,0,0,1,1,6,1,49,8,1390,1,10,-1,-1,-1
2017500234535,2,9,0,4,0,1,0,0,0,0,2,1,5,2,34,6,1390,1,16,-1,-1,-1
2017500234561,1,19,0,9,0,1,0,0,0,0,1,1,1,1,57,9,2402,2,7,5,3,5
2017500234561,2,1,0,18,0,1,0,0,0,0,1,1,5,1,45,7,-1,-1,-1,3,1,3
2017500234578,1,19,0,18,0,8,0,0,4,6,3,1,1,1,26,6,2198,2,5,-1,-1,-1
2017500234627,1,9,0,18,0,0,0,4,0,0,1,1,5,1,28,6,1396,1,13,-1,-1,-1
2017500234627,2,9,0,2,0,0,0,0,0,0,1,1,6,1,55,8,1995,2,5,-1,-1,-1
2017500234627,3,9,0,2,0,0,0,0,0,0,1,1,6,1,55,8,-1,-1,-1,-1,-1,-1
2017500234874,1,9,0,18,0,0,1,0,0,0,1,1,5,1,23,5,1598,1,14,-1,-1,-1
2017500234874,2,9,0,4,0,0,0,0,0,0,2,1,5,2,61,9,1422,2,8,-1,-1,-1
2017500234885,1,9,0,9,0,8,0,0,0,0,2,1,6,1,59,9,1968,2,1,-1,-1,-1
2017500234885,2,1,0,18,0,8,0,0,0,0,1,1,1,1,19,4,-1,-1,-1,-1,-1,-1
2017500234887,1,9,0,4,0,1,0,0,0,0,1,1,6,2,24,5,998,1,8,-1,-1,-1
2017500234887,2,9,0,3,0,1,0,0,0,0,2,1,6,2,40,7,1497,1,13,-1,-1,-1
2017500234900,1,9,0,18,0,1,0,4,0,0,1,1,6,3,-1,-1,-1,-1,-1,-1,-1,-1
2017500234900,2,9,0,2,0,6,0,0,0,0,2,1,2,2,26,6,1968,2,7,-1,-1,-1
2017500234903,1,9,0,18,0,8,0,0,0,0,1,1,5,2,71,10,1590,1,12,-1,-1,-1
2017500234904,1,9,0,7,0,1,1,0,0,0,1,1,6,2,19,4,998,1,-1,-1,-1,-1
2017500234904,2,3,0,9,0,1,5,0,0,0,1,1,6,1,18,4,124,1,4,2,1,2
2017500234917,1,19,0,9,0,6,1,0,0,0,1,1,1,1,54,8,2298,2,2,-1,-1,-1
2017500234917,2,9,0,18,0,1,0,0,0,0,1,1,2,2,27,6,1896,2,14,-1,-1,-1
2017500234942,1,5,0,4,0,1,1,0,0,0,1,1,5,1,21,5,883,1,6,-1,-1,-1
2017500234942,2,9,0,3,0,1,0,0,0,0,2,1,5,2,59,9,1596,1,12,-1,-1,-1
2017500234946,1,9,0,6,0,0,0,0,0,0,1,1,6,2,72,10,998,1,3,-1,-1,-1
2017500234946,2,9,0,18,0,0,0,0,0,0,1,1,6,2,52,8,1910,2,9,-1,-1,-1
2017500234949,1,3,0,18,0,1,1,0,0,0,1,1,1,1,38,7,125,1,1,-1,-1,-1
2017500234949,2,9,0,9,0,6,0,0,0,0,1,1,2,1,54,8,1388,1,14,-1,-1,-1
2017500234968,1,9,0,16,0,0,0,7,7,2,1,1,5,2,48,8,1800,1,17,-1,-1,-1
2017500234998,1,3,0,18,0,0,0,0,0,0,1,1,1,1,27,6,108,1,1,-1,-1,-1
2017500235053,1,9,0,18,0,0,0,0,0,0,1,1,6,1,43,7,-1,-1,-1,-1,-1,-1
2017500235053,2,9,0,3,0,0,0,0,0,0,2,1,5,2,52,8,2496,2,14,-1,-1,-1
2017500235264,1,19,0,17,0,0,0,0,0,0,1,1,5,1,39,7,1968,2,3,-1,-1,-1
2017500235264,2,9,0,16,0,0,1,0,0,0,1,1,6,2,28,6,1781,1,16,-1,-1,-1
2017500235266,1,19,0,18,0,4,0,0,0,0,1,1,6,1,56,9,1968,2,6,-1,-1,-1
2017500235266,2,1,0,18,0,4,0,0,0,0,3,1,6,2,40,7,-1,-1,-1,-1,-1,-1
2017500235289,1,21,1,18,0,0,0,0,0,0,3,1,1,1,47,8,12419,2,4,-1,-1,-1
2017500235289,2,19,0,18,0,0,1,0,0,0,1,1,1,2,41,7,2461,2,15,-1,-1,-1
2017500235294,1,3,0,15,0,1,0,0,0,0,1,1,6,1,25,5,125,1,6,-1,-1,-1
2017500235294,2,9,0,9,0,8,0,0,0,0,4,1,3,2,30,6,1339,1,12,-1,-1,-1
2017500235306,1,9,0,10,0,1,0,0,0,0,3,1,5,1,64,9,1586,1,10,-1,-1,-1
2017500235306,2,1,0,18,0,1,5,0,0,0,1,1,2,1,35,6,-1,-1,-1,-1,-1,-1
2017500235321,1,9,0,5,0,6,0,0,7,1,1,1,6,1,35,6,-1,-1,-1,-1,-1,-1
2017500235321,2,9,0,2,0,1,0,0,0,0,4,1,6,2,38,7,-1,-1,-1,-1,-1,-1
2017500235324,1,9,0,16,0,0,1,0,0,0,1,1,6,2,44,7,1984,1,1,-1,-1,-1
2017500235324,2,9,0,17,0,0,0,0,0,0,1,1,5,1,38,7,1896,2,11,-1,-1,-1
2017500235335,1,3,0,13,0,0,2,0,0,0,1,1,5,1,37,7,125,1,1,-1,-1,-1
2017500235335,2,9,0,18,0,0,1,0,0,0,1,1,5,1,57,9,2967,1,15,-1,-1,-1
2017500235335,3,1,0,18,0,0,2,0,1,0,3,1,5,1,28,6,-1,-1,-1,-1,-1,-1
2017500235335,4,1,0,18,0,0,2,0,1,0,3,1,5,1,28,6,-1,-1,-1,-1,-1,-1
2017500235349,1,9,0,18,0,8,0,0,0,0,1,1,6,3,-1,-1,-1,-1,-1,-1,-1,-1
2017500235349,2,9,0,18,0,8,5,0,1,0,1,1,5,2,46,8,1598,1,5,-1,-1,-1
2017500235357,1,9,0,18,0,0,0,0,0,0,1,1,6,2,17,4,1388,1,15,5,3,5
2017500235362,1,9,0,9,0,0,1,0,0,0,1,1,6,1,17,4,998,1,7,-1,-1,-1
2017500235362,2,9,0,17,0,0,0,0,0,0,1,1,5,2,40,7,1399,2,7,-1,-1,-1
2017500235387,1,9,0,18,0,0,0,0,0,0,4,1,6,3,-1,-1,-1,-1,-1,-1,-1,-1
2017500235402,1,9,0,17,0,0,0,0,0,0,1,1,6,1,93,11,796,1,17,-1,-1,-1
2017500235402,2,9,0,2,0,0,0,0,0,0,2,1,6,1,52,8,-1,-1,-1,-1,-1,-1
2017500235433,1,9,0,18,0,0,0,0,0,0,1,1,1,1,49,8,-1,-1,-1,-1,-1,-1
2017500235433,2,9,0,18,0,0,5,0,0,0,1,1,2,1,49,8,2776,2,10,-1,-1,-1
2017500235433,3,9,0,18,0,0,0,0,0,0,4,1,2,2,33,6,1686,2,4,-1,-1,-1
2017500235514,1,9,0,18,0,0,0,0,0,0,1,1,5,1,71,10,999,1,1,-1,-1,-1
2017500235514,2,9,0,18,0,0,0,0,0,0,1,1,1,2,27,6,1868,2,12,-1,-1,-1
2017500235624,1,9,0,1,0,0,0,0,0,0,2,1,6,1,63,9,1997,2,14,-1,-1,-1
2017500235729,1,9,0,17,0,0,1,0,0,0,1,1,5,1,30,6,1339,1,13,-1,-1,-1
2017500235729,2,9,0,16,0,0,0,0,0,0,1,1,5,2,62,9,1398,2,12,-1,-1,-1
2017500235732,1,9,0,18,0,0,0,0,0,0,1,1,1,1,59,9,2497,2,4,-1,-1,-1
2017500235732,2,9,0,4,0,0,0,0,0,0,2,1,2,1,52,8,-1,-1,-1,-1,-1,-1
2017500235732,3,9,0,4,0,0,0,0,0,0,2,1,2,2,54,8,1398,2,12,-1,-1,-1
2017500235732,4,9,0,4,0,0,0,0,0,0,2,1,2,1,33,6,1389,1,17,-1,-1,-1
2017500235746,1,3,0,18,0,8,0,0,0,0,1,1,5,1,18,4,125,1,5,-1,-1,-1
2017500235746,2,9,0,8,0,8,0,0,0,0,4,1,5,1,27,6,1596,1,10,-1,-1,-1
2017500235759,1,9,0,3,0,1,0,0,0,0,2,1,2,2,31,6,1197,1,-1,-1,-1,-1
2017500235759,2,1,0,4,0,1,1,0,0,0,1,1,2,1,50,8,-1,-1,-1,-1,-1,-1
2017500235797,1,9,0,16,0,0,0,0,0,0,1,1,2,2,17,4,1299,1,11,-1,-1,-1
2017500235797,2,19,0,17,0,0,0,0,0,0,1,1,1,1,53,8,4462,2,4,-1,-1,-1
2017500235804,1,9,0,18,0,0,0,0,0,0,1,1,6,1,25,5,1398,1,6,-1,-1,-1
2017500235804,2,9,0,4,0,0,0,0,0,0,2,1,6,2,42,7,998,1,11,-1,-1,-1
2017500235814,1,9,0,18,0,8,0,10,4,1,1,1,5,1,91,11,1598,1,12,-1,-1,-1
2017500235824,1,9,0,12,0,2,0,0,0,0,3,1,5,1,17,4,1198,1,15,-1,-1,-1
2017500235824,2,5,0,13,0,2,1,0,0,0,4,1,5,1,76,11,649,1,24,-1,-1,-1
2017500235846,1,19,0,3,0,0,0,0,0,0,1,1,5,1,28,6,1968,2,1,-1,-1,-1
2017500235846,2,1,0,18,0,0,0,0,0,0,4,1,5,1,51,8,-1,-1,-1,-1,-1,-1
2017500235857,1,9,0,3,0,1,0,0,0,0,1,1,6,3,-1,-1,-1,-1,-1,-1,-1,-1
2017500235857,2,9,0,3,0,1,0,0,0,0,2,1,2,2,20,4,1149,1,19,-1,-1,-1
2017500235861,1,9,0,9,0,8,0,0,0,0,4,1,2,1,60,9,1364,1,4,-1,-1,-1
2017500235861,2,1,0,18,0,8,5,0,0,0,1,1,2,2,61,9,-1,-1,-1,-1,-1,-1
2017500235894,1,9,0,17,0,0,5,0,0,0,4,1,5,1,49,8,1796,1,9,-1,-1,-1
2017500235902,1,9,0,18,0,3,0,0,0,0,1,1,6,1,66,10,1364,1,-1,-1,-1,-1
2017500235919,1,9,0,17,0,0,0,0,0,0,1,1,6,1,50,8,1753,2,7,-1,-1,-1
2017500235932,1,3,0,13,0,0,1,0,0,0,3,1,2,1,19,4,124,1,5,-1,-1,-1
2017500235932,2,90,0,18,0,0,0,0,0,0,0,1,1,1,55,8,-1,-1,-1,-1,-1,-1
2017500235932,3,9,0,18,0,0,0,0,0,0,3,1,2,1,52,8,1995,2,6,-1,-1,-1
2017500235944,1,20,0,18,0,0,0,0,0,0,1,1,6,3,-1,-1,2148,2,9,-1,-1,-1
2017500235944,2,9,0,18,0,0,0,0,0,0,2,1,6,1,51,8,1995,2,2,-1,-1,-1
2017500235990,1,9,0,7,0,6,0,0,0,0,1,1,6,1,46,8,1598,1,12,-1,-1,-1
2017500235990,2,1,0,18,4,8,0,0,0,0,1,1,2,2,39,7,-1,-1,-1,-1,-1,-1
2017500236015,1,9,0,9,0,0,0,0,0,0,4,1,1,1,24,5,998,1,-1,-1,-1,-1
2017500236015,2,1,0,18,0,0,0,0,0,0,1,1,6,1,55,8,-1,-1,-1,-1,-1,-1
2017500236221,1,9,0,16,0,0,1,0,2,0,1,1,1,2,18,4,1299,1,10,-1,-1,-1
2017500236228,1,9,0,3,0,2,0,0,0,0,2,1,5,1,57,9,1390,1,15,-1,-1,-1
2017500236228,2,9,0,18,0,2,0,0,0,0,1,1,5,3,-1,-1,-1,-1,-1,-1,-1,-1
2017500236234,1,9,0,4,0,0,1,0,0,0,1,1,1,2,29,6,1995,2,6,-1,-1,-1
2017500236234,2,9,0,18,0,0,1,0,0,0,1,1,1,2,19,4,1229,1,1,-1,-1,-1
2017500236234,3,9,0,18,0,0,1,0,0,0,1,1,1,1,27,6,1896,2,14,-1,-1,-1
2017500236234,4,9,0,18,0,0,1,0,0,0,1,1,1,2,49,8,1896,2,15,-1,-1,-1
2017500236234,5,9,0,18,0,0,1,0,0,0,1,1,1,2,58,9,1397,1,12,-1,-1,-1
2017500236240,1,19,0,9,0,5,0,0,0,0,2,1,1,1,37,7,1996,2,4,-1,-1,-1
2017500236240,2,3,0,13,0,1,0,0,0,0,1,1,2,1,21,5,125,1,2,-1,-1,-1
2017500236242,1,9,0,18,0,3,0,0,0,0,1,1,1,1,47,8,-1,-1,-1,-1,-1,-1
2017500236242,2,9,0,18,0,3,5,0,0,0,3,1,6,1,-1,-1,2402,2,10,-1,-1,-1
2017500236258,1,19,0,18,0,1,0,0,0,0,3,1,6,1,58,9,2402,2,5,-1,-1,-1
2017500236258,2,9,0,18,0,1,0,0,0,0,1,1,6,1,-1,-1,-1,-1,-1,-1,-1,-1
2017500236259,1,2,0,18,0,8,5,10,0,0,4,1,6,1,16,4,49,1,3,-1,-1,-1
2017500236261,1,19,0,17,0,0,1,0,0,0,1,1,1,1,23,5,2982,2,10,-1,-1,-1
2017500236261,2,9,0,16,0,0,1,0,0,0,1,1,5,2,57,9,1796,1,18,-1,-1,-1
2017500236284,1,9,0,7,0,1,0,0,0,0,4,1,6,1,62,9,1956,2,7,-1,-1,-1
2017500236284,2,1,0,18,0,1,0,0,0,0,3,1,5,1,70,10,-1,-1,-1,-1,-1,-1
2017500236286,1,9,0,18,0,8,0,0,0,0,1,1,5,1,41,7,1197,1,3,-1,-1,-1
2017500236292,1,9,0,7,0,3,0,0,0,0,4,1,5,2,44,7,1560,2,8,-1,-1,-1
2017500236292,2,1,0,18,0,8,0,0,0,0,3,1,2,1,44,7,-1,-1,-1,-1,-1,-1
2017500236311,1,19,0,2,0,0,0,0,0,0,1,1,1,1,55,8,2464,2,9,-1,-1,-1
2017500236311,2,19,0,2,0,0,0,0,0,0,1,1,1,1,57,9,2143,2,7,-1,-1,-1
2017500236344,1,9,0,18,0,6,0,0,0,0,1,1,6,2,55,8,1968,2,4,-1,-1,-1
2017500236344,2,9,0,18,0,1,0,0,0,0,4,1,6,2,69,10,2179,2,4,-1,-1,-1
2017500236347,1,9,0,18,0,0,0,0,0,0,1,1,1,2,36,7,2148,2,9,-1,-1,-1
2017500236364,1,9,0,18,0,0,0,0,0,0,1,1,5,2,64,9,1997,1,13,-1,-1,-1
2017500236389,1,9,0,16,0,0,0,0,0,0,1,1,6,2,39,7,1587,1,15,-1,-1,-1
2017500236389,2,9,0,2,0,0,0,0,0,0,1,1,1,1,62,9,-1,-1,-1,-1,-1,-1
2017500236392,1,9,0,18,0,0,0,0,0,0,1,1,5,1,40,7,1598,1,15,5,3,5
2017500236392,2,9,0,18,0,0,0,0,0,0,1,1,5,1,74,10,2179,2,5,7,2,7
2017500236398,1,9,0,18,0,6,0,0,0,0,1,1,1,1,35,6,1968,2,13,-1,-1,-1
2017500236398,2,9,0,18,0,8,0,0,0,0,1,1,5,1,69,10,4164,2,16,-1,-1,-1
2017500236410,1,9,0,18,0,0,0,0,0,0,1,1,6,1,35,6,1998,2,4,-1,-1,-1
2017500236410,2,9,0,10,0,0,0,0,0,0,2,1,6,1,53,8,1995,2,-1,-1,-1,-1
2017500236614,1,9,0,9,0,6,0,0,0,0,1,1,5,1,79,11,1997,2,5,-1,-1,-1
2017500236614,2,11,0,18,0,1,0,0,7,0,1,1,1,1,62,9,3900,2,14,-1,-1,-1
2017500236638,1,4,0,18,0,1,0,0,0,0,1,1,6,1,47,8,500,1,75,-1,-1,-1
2017500236638,2,9,0,5,0,6,0,0,0,0,3,1,1,1,62,9,1995,2,12,-1,-1,-1
2017500236651,1,9,0,18,0,0,0,10,8,0,1,1,5,2,24,5,998,1,14,-1,-1,-1
2017500236651,2,9,0,18,0,0,0,0,0,0,4,1,5,2,51,8,1390,1,6,-1,-1,-1
2017500236660,1,9,0,18,0,0,2,0,1,0,1,1,2,1,20,4,998,1,4,-1,-1,-1
2017500236662,1,9,0,18,0,0,0,0,0,0,4,1,6,3,-1,-1,-1,-1,-1,-1,-1,-1
2017500236662,2,1,0,18,0,0,0,0,0,0,3,1,6,2,22,5,-1,-1,-1,-1,-1,-1
2017500236676,1,9,0,16,0,0,2,0,8,0,1,1,2,2,44,7,2148,2,13,-1,-1,-1
2017500236676,2,20,1,17,0,0,0,0,0,0,4,1,1,1,57,9,12777,2,11,-1,-1,-1
2017500236682,1,4,0,18,0,1,0,0,0,0,1,1,6,1,22,5,-1,-1,-1,-1,-1,-1
2017500236682,2,9,0,9,0,2,0,0,0,0,2,1,2,2,26,6,1968,2,7,-1,-1,-1
2017500236696,1,9,0,13,0,0,0,0,5,6,1,1,6,1,26,6,1995,2,8,-1,-1,-1
2017500236696,2,9,0,18,0,0,0,0,1,0,2,1,6,1,49,8,1896,1,18,-1,-1,-1
2017500236696,3,9,0,18,0,0,1,0,1,0,1,1,2,2,47,8,1598,1,15,-1,-1,-1
2017500236696,4,9,0,18,0,0,0,0,0,0,0,1,6,2,42,7,1595,1,8,-1,-1,-1
2017500236698,1,19,0,18,0,0,1,0,0,0,3,1,6,1,22,5,2459,2,21,-1,-1,-1
2017500236698,2,11,0,18,0,0,0,0,0,0,3,1,1,1,39,7,9600,2,17,-1,-1,-1
2017500236730,1,5,0,16,0,0,2,0,7,11,3,1,5,1,44,7,1188,1,28,-1,-1,-1
2017500236756,1,9,0,18,0,0,0,0,0,0,4,1,6,1,20,4,2982,2,4,-1,-1,-1
2017500236763,1,9,0,18,0,0,0,0,0,0,1,1,5,2,79,11,1242,1,8,-1,-1,-1
2017500236763,2,9,0,18,0,0,0,0,0,0,2,1,5,1,65,9,1997,1,16,-1,-1,-1
2017500236763,3,17,4,8,0,0,0,0,0,0,0,1,1,1,18,4,-1,2,3,-1,-1,-1
2017500236905,1,3,0,14,0,1,0,0,0,0,1,1,5,1,17,4,125,1,10,-1,-1,-1
2017500236905,2,9,0,10,0,5,0,0,0,0,3,1,5,2,56,9,1905,2,19,-1,-1,-1
2017500236917,1,9,0,9,0,6,0,0,0,0,4,1,6,1,27,6,2979,1,2,-1,-1,-1
2017500236917,2,9,0,18,0,1,0,0,0,0,1,1,6,1,49,8,1399,1,-1,-1,-1,-1
2017500236922,1,9,0,13,0,0,2,0,1,4,1,1,6,1,23,5,1560,2,10,-1,-1,-1
2017500236922,2,9,0,18,0,0,1,0,7,0,2,1,6,1,60,9,998,1,-1,-1,-1,-1
2017500236968,1,9,0,17,0,0,2,0,0,0,4,1,5,1,20,4,1390,1,7,4,3,4
2017500236988,1,9,0,5,0,8,0,0,0,0,3,1,6,2,73,10,3200,2,16,-1,-1,-1
2017500236988,2,9,0,18,0,1,0,0,0,0,1,1,6,2,47,8,1596,1,7,-1,-1,-1
2017500237017,1,9,0,16,0,0,0,0,0,0,1,1,5,2,32,6,1388,1,18,-1,-1,-1
2017500237017,2,9,0,3,0,0,0,0,0,0,2,1,2,1,64,9,1956,2,5,-1,-1,-1
2017500237017,3,9,0,3,0,0,0,0,0,0,2,1,5,2,29,6,1598,2,1,-1,-1,-1
2017500237017,4,9,0,3,0,0,0,0,0,0,2,1,5,2,79,11,1318,1,-1,-1,-1,-1
2017500237050,1,9,0,18,0,0,0,0,0,0,1,1,5,2,66,10,1242,1,1,-1,-1,-1
2017500237050,2,9,0,18,0,0,0,0,0,0,1,1,5,2,32,6,1796,1,15,-1,-1,-1
2017500237053,1,9,0,1,0,0,0,0,0,0,2,1,6,1,63,9,1339,1,9,-1,-1,-1
2017500237056,1,19,0,18,0,1,0,0,0,0,1,1,5,1,38,7,2460,2,13,-1,-1,-1
2017500237056,2,9,0,10,0,1,0,0,0,0,2,1,5,2,79,11,1422,2,7,-1,-1,-1
2017500237056,3,9,0,4,0,1,0,0,0,0,2,1,5,1,43,7,2400,2,2,-1,-1,-1
2017500237065,1,9,0,5,0,4,0,0,0,0,1,1,6,1,37,7,1598,1,16,-1,-1,-1
2017500237067,1,9,0,18,0,4,0,0,0,0,1,1,5,2,27,6,1796,1,9,-1,-1,-1
2017500237067,2,1,0,18,0,3,0,0,0,0,1,1,1,1,60,9,-1,-1,-1,-1,-1,-1
2017500237068,1,3,0,14,0,0,0,0,0,0,4,1,4,1,18,4,125,1,8,-1,-1,-1
2017500237068,2,9,0,3,0,0,0,0,0,0,3,1,3,2,32,6,2143,2,3,-1,-1,-1
2017500237081,1,9,0,13,0,0,0,0,0,0,1,1,5,1,27,6,1396,1,18,-1,-1,-1
2017500237081,2,9,0,18,0,0,0,0,0,0,1,1,5,2,54,8,1956,2,4,-1,-1,-1
2017500237081,3,9,0,18,0,0,0,0,0,0,0,1,5,1,44,7,1398,1,3,-1,-1,-1
2017500237086,1,5,0,18,0,0,0,0,0,0,1,1,6,1,38,7,1731,1,4,-1,-1,-1
2017500237087,1,9,0,18,0,1,1,0,0,0,1,1,6,1,62,9,2835,2,19,-1,-1,-1
2017500237087,2,9,0,10,0,1,0,0,0,0,2,1,6,1,31,6,1560,2,3,-1,-1,-1
2017500237088,1,9,0,6,8,0,0,0,0,0,3,1,6,1,77,11,1798,1,6,-1,-1,-1
2017500237088,2,9,0,18,0,0,0,0,0,0,1,1,6,2,18,4,1198,1,11,-1,-1,-1
2017500237089,1,9,5,18,0,0,0,0,0,0,1,1,6,3,-1,-1,-1,-1,-1,-1,-1,-1
2017500237120,1,9,0,9,0,5,1,0,0,0,1,1,6,1,17,4,1198,1,3,-1,-1,-1