Accident_Index,Vehicle_Reference,Vehicle_Type,Towing_and_Articulation,Vehicle_Manoeuvre,Vehicle_Location-Restricted_Lane,Junction_Location,Skidding_and_Overturning,Hit_Object_in_Carriageway,Vehicle_Leaving_Carriageway,Hit_Object_off_Carriageway,1st_Point_of_Impact,Was_Vehicle_Left_Hand_Drive?,Journey_Purpose_of_Driver,Sex_of_Driver,Age_of_Driver,Age_Band_of_Driver,Engine_Capacity_(CC),Propulsion_Code,Age_of_Vehicle,Driver_IMD_Decile,Driver_Home_Area_Type,Vehicle_IMD_Decile
2017500237120,2,9,0,18,0,8,1,0,0,0,3,1,1,1,52,8,1997,2,12,-1,-1,-1
2017500237151,1,9,0,16,0,0,2,0,8,3,1,1,6,1,-1,-1,1984,1,3,-1,-1,-1
2017500237178,1,9,0,17,0,0,1,0,0,0,1,1,6,1,53,8,1686,2,5,-1,-1,-1
2017500237178,2,9,0,16,0,0,0,0,0,0,1,1,2,1,37,7,1229,1,10,-1,-1,-1
2017500237257,1,9,0,13,0,0,0,0,0,0,1,1,6,1,70,10,2979,1,1,-1,-1,-1
2017500237257,2,9,0,13,0,0,0,0,0,0,1,1,6,1,65,9,1995,2,2,-1,-1,-1
2017500237257,3,98,4,18,0,0,0,0,0,0,2,1,6,2,26,6,-1,-1,-1,-1,-1,-1
2017500237372,1,9,0,18,0,8,0,0,0,0,1,1,6,2,63,9,1242,1,5,-1,-1,-1
2017500237383,1,9,0,9,0,0,0,0,0,0,1,1,2,2,71,10,1328,1,9,5,2,5
2017500237477,1,9,0,5,0,0,0,0,0,0,4,1,6,2,58,9,1461,2,1,1,1,1
2017500237477,2,9,0,3,0,0,0,0,0,0,3,1,6,1,32,6,1360,1,13,3,1,3
2017500237523,1,8,0,4,0,0,0,0,0,0,0,1,6,3,-1,-1,-1,-1,-1,-1,-1,-1
2017500237537,1,9,0,9,0,6,0,0,0,0,3,1,5,2,35,6,1368,1,9,-1,-1,-1
2017500237537,2,3,0,18,0,1,0,0,0,0,1,1,6,2,21,5,124,1,30,-1,-1,-1
2017500237543,1,9,0,18,0,1,0,0,0,0,4,1,6,1,83,11,1591,1,2,-1,-1,-1
2017500237554,1,9,0,18,0,1,0,0,0,0,1,1,5,1,23,5,2993,2,12,-1,-1,-1
2017500237554,2,9,0,3,0,1,0,0,0,0,1,1,5,1,29,6,-1,-1,-1,-1,-1,-1
2017500237555,1,9,0,17,0,0,0,0,0,0,3,1,1,1,26,6,1149,1,12,-1,-1,-1
2017500237555,2,9,0,16,0,0,5,0,0,0,3,1,1,1,66,10,998,1,16,-1,-1,-1
2017500237568,1,9,0,18,0,1,0,0,0,0,1,1,6,1,51,8,1997,2,12,-1,-1,-1
2017500237568,2,9,0,3,0,1,0,0,0,0,3,1,6,2,25,5,1242,1,8,-1,-1,-1
2017500237575,1,19,0,13,0,0,0,0,0,0,1,1,6,1,68,10,1560,2,6,2,2,2
2017500237575,2,19,0,18,0,0,0,0,0,0,1,1,6,1,50,8,1896,2,13,-1,-1,-1
2017500237584,1,9,0,9,0,0,0,0,0,0,1,1,5,2,84,11,1596,1,8,-1,-1,-1
2017500237584,2,1,0,18,0,0,0,0,0,0,3,1,5,1,70,10,-1,-1,-1,-1,-1,-1
2017500237601,1,9,0,16,0,0,5,0,0,0,3,1,1,1,36,7,1997,2,14,-1,-1,-1
2017500237620,1,9,0,18,0,0,0,0,0,0,4,1,6,2,56,9,-1,-1,-1,-1,-1,-1
2017500237638,1,9,0,18,0,1,0,0,0,0,1,1,6,2,30,6,1560,2,10,-1,-1,-1
2017500237712,1,9,0,18,0,0,0,4,0,0,1,1,6,1,24,5,1598,1,10,-1,-1,-1
2017500237712,2,8,0,3,0,0,0,0,0,0,3,1,1,1,62,9,1968,2,2,-1,-1,-1
2017500237712,3,9,0,2,0,0,0,0,0,0,3,1,5,2,29,6,1598,2,6,-1,-1,-1
2017500237712,4,9,0,2,0,0,0,0,0,0,1,1,5,2,46,8,1598,1,13,-1,-1,-1
2017500237714,1,9,0,18,0,0,0,0,0,0,2,1,5,3,-1,-1,1798,1,9,-1,-1,-1
2017500237714,2,9,0,18,0,0,0,0,0,0,1,1,5,1,53,8,2993,2,-1,-1,-1,-1
2017500237714,3,9,0,18,0,0,0,0,0,0,3,1,5,1,41,7,2993,2,3,-1,-1,-1
2017500237714,4,9,0,18,0,0,0,0,0,0,3,1,6,1,22,5,1198,1,8,-1,-1,-1
2017500237720,1,9,0,13,0,0,2,0,0,0,3,1,6,1,45,7,1229,1,11,-1,-1,-1
2017500237720,2,9,0,18,0,0,0,0,0,0,1,1,2,1,34,6,-1,-1,-1,-1,-1,-1
2017500237720,3,11,0,18,0,0,0,0,0,0,1,1,1,1,-1,-1,8268,2,12,4,1,4
2017500237741,1,9,0,18,0,8,0,0,0,0,1,1,6,1,34,6,1360,1,14,-1,-1,-1
2017500237741,2,9,0,18,0,8,0,0,0,0,4,1,6,1,19,4,1588,2,29,-1,-1,-1
2017500237741,3,9,0,18,0,8,0,0,0,0,1,1,6,1,54,8,1997,2,8,-1,-1,-1
2017500237911,1,9,0,17,0,0,2,0,0,0,1,1,1,1,25,5,1598,2,2,-1,-1,-1
2017500237942,1,9,0,9,0,1,0,0,0,0,1,1,2,2,56,9,1686,2,3,-1,-1,-1
2017500237998,1,9,0,5,0,6,0,0,0,0,1,1,6,2,38,7,2231,2,6,-1,-1,-1
2017500237998,2,1,0,18,0,1,0,0,0,0,1,1,1,2,50,8,-1,-1,-1,-1,-1,-1
2017500237999,1,8,0,18,0,1,0,0,0,0,1,1,1,1,45,7,1997,2,7,-1,-1,-1
2017500237999,2,9,0,3,0,1,0,0,0,0,2,1,2,2,21,5,1496,2,1,-1,-1,-1
2017500238001,1,9,0,9,0,5,0,0,7,0,4,1,1,1,29,6,-1,-1,-1,-1,-1,-1
2017500238001,2,9,0,18,0,8,0,0,0,0,1,1,6,1,76,11,848,1,15,-1,-1,-1
2017500238009,1,9,0,18,0,1,0,0,0,0,4,1,6,3,-1,-1,-1,-1,-1,-1,-1,-1
2017500238010,1,9,0,9,0,6,1,0,0,0,1,1,2,1,24,5,1242,1,-1,-1,-1,-1
2017500238010,2,9,0,18,0,1,5,0,1,8,1,1,2,2,42,7,-1,-1,-1,-1,-1,-1
2017500238014,1,9,0,5,0,4,0,0,0,0,3,1,6,2,62,9,1395,1,2,-1,-1,-1
2017500238014,2,1,0,18,0,3,0,0,0,0,1,1,6,1,59,9,-1,-1,-1,-1,-1,-1
2017500238015,1,9,0,5,0,0,0,0,8,0,1,1,1,1,56,9,1399,2,7,-1,-1,-1
2017500238017,1,9,0,4,0,8,0,0,0,0,1,1,1,2,53,8,1598,2,5,-1,-1,-1
2017500238017,2,9,0,4,0,8,0,0,0,0,2,1,1,2,31,6,1560,2,8,-1,-1,-1
2017500238017,3,9,0,4,0,8,0,0,0,0,2,1,1,1,23,5,1598,1,13,-1,-1,-1
2017500238017,4,9,0,4,0,8,0,0,0,0,2,1,1,2,24,5,999,1,1,-1,-1,-1
2017500238017,5,9,0,4,0,8,0,0,0,0,1,1,1,2,44,7,1560,2,4,-1,-1,-1
2017500238017,6,9,0,4,0,8,0,0,0,0,2,1,1,1,42,7,1995,2,3,-1,-1,-1
2017500238021,1,9,0,5,0,2,0,0,0,0,1,1,5,1,60,9,1999,1,11,-1,-1,-1
2017500238021,2,9,0,18,0,1,5,0,7,9,4,1,6,2,36,7,1596,1,12,-1,-1,-1
2017500238030,1,9,0,8,0,1,0,0,0,0,1,1,5,1,37,7,-1,-1,-1,-1,-1,-1
2017500238030,2,19,0,18,0,1,1,0,0,0,1,1,1,1,32,6,2198,2,4,-1,-1,-1
2017500238039,1,9,0,16,0,0,0,0,0,0,1,1,2,2,67,10,1896,2,7,-1,-1,-1
2017500238039,2,19,0,17,0,0,0,0,0,0,1,1,1,1,24,5,2198,2,1,-1,-1,-1
2017500238051,1,9,0,9,0,3,0,0,0,0,3,1,5,2,64,9,1197,1,2,-1,-1,-1
2017500238051,2,3,0,18,0,4,0,0,0,0,4,1,6,1,17,4,125,1,5,-1,-1,-1
2017500238055,1,19,0,5,0,0,0,0,0,0,4,1,6,1,42,7,1868,2,15,-1,-1,-1
2017500238332,1,9,0,10,0,1,0,0,0,0,2,1,5,1,68,10,2497,2,14,-1,-1,-1
2017500238332,2,9,0,18,0,1,0,0,0,0,2,1,5,2,74,10,1248,1,4,-1,-1,-1
2017500238332,3,9,0,18,0,1,0,0,0,0,1,1,1,1,17,4,-1,-1,-1,-1,-1,-1
2017500238484,1,9,0,16,0,1,1,0,0,0,1,1,5,1,37,7,1910,2,11,-1,-1,-1
2017500238484,2,9,0,4,0,1,0,0,0,0,0,1,5,1,50,8,1991,2,8,-1,-1,-1
2017500238489,1,98,0,17,0,0,0,0,1,0,1,1,6,3,-1,-1,-1,-1,-1,-1,-1,-1
2017500238491,1,9,0,9,0,8,0,0,0,0,3,1,6,1,20,4,1910,2,10,-1,-1,-1
2017500238491,2,19,0,18,0,8,0,0,0,0,1,1,6,1,39,7,2198,2,10,-1,-1,-1
2017500238494,1,9,0,1,0,0,0,0,0,0,2,1,5,1,52,8,2401,2,13,-1,-1,-1
2017500238494,2,9,0,4,0,0,0,0,0,0,1,1,5,2,21,5,1199,1,17,-1,-1,-1
2017500238494,3,9,0,18,0,0,1,0,0,0,1,1,5,2,27,6,1995,2,13,-1,-1,-1
2017500238504,1,9,0,10,0,8,0,0,0,0,3,1,6,2,71,10,2698,2,10,5,3,5
2017500238504,2,9,0,18,0,1,0,0,0,0,1,1,6,2,54,8,1364,2,8,5,3,5
2017500238512,1,9,0,7,0,5,0,0,0,0,1,1,6,3,-1,-1,1598,1,4,-1,-1,-1
2017500238512,2,1,0,18,0,8,5,0,0,0,2,1,2,1,52,8,-1,-1,-1,-1,-1,-1
2017500238522,1,9,0,18,0,0,0,0,0,0,1,1,1,1,56,9,1798,8,1,-1,-1,-1
2017500238547,1,9,0,5,0,8,0,0,0,0,1,1,5,2,20,4,1390,1,11,-1,-1,-1
2017500238550,1,9,0,17,0,8,0,0,0,0,3,1,2,2,27,6,1398,2,4,-1,-1,-1
2017500238550,2,1,0,17,0,8,0,0,0,0,4,1,2,1,54,8,-1,-1,-1,-1,-1,-1
2017500238554,1,9,0,17,0,0,0,0,7,0,3,1,1,1,29,6,1389,1,16,-1,-1,-1
2017500238554,2,9,0,16,0,0,0,0,0,0,3,1,1,2,42,7,1984,1,11,-1,-1,-1
2017500238597,1,9,0,5,0,0,0,0,0,0,1,1,6,2,68,10,1461,2,4,-1,-1,-1
2017500238597,2,9,0,18,0,0,0,0,0,0,4,1,6,2,39,7,1496,2,1,-1,-1,-1
2017500238604,1,9,0,18,0,0,1,0,0,0,1,1,6,1,30,6,1596,1,15,-1,-1,-1
2017500238604,2,9,0,18,0,0,0,0,0,0,2,1,6,2,21,5,998,1,8,-1,-1,-1
2017500238625,1,9,0,7,0,1,0,0,0,0,3,1,6,3,-1,-1,-1,-1,-1,-1,-1,-1
2017500238625,2,1,0,18,0,1,0,0,0,0,1,1,2,1,33,6,-1,-1,-1,-1,-1,-1
2017500238638,1,9,0,7,0,1,0,0,0,0,4,1,1,1,58,9,3311,8,9,-1,-1,-1
2017500238890,1,9,0,2,0,0,0,0,0,0,0,1,6,1,49,8,1686,2,4,-1,-1,-1
2017500238895,1,9,0,7,0,1,0,0,1,0,1,1,5,1,22,5,1796,1,14,5,3,5
2017500238905,1,9,0,7,0,4,0,0,0,0,1,1,6,3,-1,-1,1896,2,13,-1,-1,-1
2017500238905,2,1,0,7,0,3,0,10,0,0,2,1,1,1,32,6,-1,-1,-1,-1,-1,-1
2017500238908,1,9,0,16,0,0,0,0,0,0,1,1,2,1,18,4,1988,2,13,-1,-1,-1
2017500238908,2,9,0,4,0,0,0,0,0,0,2,1,2,1,41,7,1796,1,10,-1,-1,-1
2017500238912,1,9,0,18,0,1,0,0,5,2,1,1,6,1,52,8,1598,1,5,-1,-1,-1
2017500238919,1,19,0,16,0,0,1,0,0,0,1,1,6,1,63,9,1868,2,11,-1,-1,-1
2017500238919,2,9,0,17,0,0,1,0,0,0,1,1,2,1,25,5,1360,1,12,-1,-1,-1
2017500238924,1,19,0,18,0,0,1,0,0,0,1,1,1,1,39,7,2143,2,3,-1,-1,-1
2017500238924,2,9,0,18,0,0,0,0,0,0,1,1,5,1,36,7,1999,2,-1,-1,-1,-1
2017500238925,1,9,0,10,0,5,0,0,0,0,1,1,6,2,26,6,1198,1,2,-1,-1,-1
2017500238925,2,9,0,18,0,1,0,0,0,0,1,1,6,1,23,5,954,1,17,-1,-1,-1
2017500238982,1,9,0,16,0,0,5,0,0,0,4,1,5,1,50,8,1998,1,16,-1,-1,-1
2017500238999,1,9,0,18,0,0,0,0,0,0,1,1,6,3,-1,-1,-1,-1,-1,-1,-1,-1
2017500239014,1,9,0,18,0,0,0,0,0,0,1,1,5,2,78,11,1598,1,15,-1,-1,-1
2017500239034,1,9,0,1,0,1,0,0,0,0,2,1,6,1,-1,-1,-1,-1,-1,-1,-1,-1
2017500239043,1,9,0,18,0,0,0,0,0,0,0,1,6,2,24,5,-1,-1,-1,-1,-1,-1
2017500239043,2,9,0,2,0,0,0,0,0,0,0,1,2,1,39,7,1781,1,16,-1,-1,-1
2017500239217,1,9,0,9,0,8,0,0,0,0,1,1,6,1,69,10,2204,2,11,-1,-1,-1
2017500239217,2,1,0,18,0,1,0,0,0,0,1,1,6,1,16,4,-1,-1,-1,-1,-1,-1
2017500239302,1,5,0,13,0,0,0,0,0,0,0,1,6,1,66,10,998,1,3,-1,-1,-1
2017500239333,1,9,0,18,0,3,0,0,0,0,1,1,5,2,62,9,1560,2,7,-1,-1,-1
2017500239339,1,9,0,9,0,8,0,0,0,0,1,1,5,1,31,6,-1,-1,-1,-1,-1,-1
2017500239339,2,2,0,18,0,8,0,0,0,0,1,1,5,1,16,4,50,1,1,-1,-1,-1
2017500239341,1,9,0,16,0,0,5,0,0,0,3,1,6,1,17,4,1299,1,12,-1,-1,-1
2017500239341,2,9,0,17,0,0,0,0,0,0,3,1,6,1,33,6,1997,2,16,-1,-1,-1
2017500239345,1,1,0,5,0,2,0,0,0,0,1,1,5,1,14,3,-1,-1,-1,-1,-1,-1
2017500239345,2,9,0,5,0,1,0,0,0,0,1,1,5,2,30,6,1796,1,14,-1,-1,-1
2017500239354,1,9,0,18,0,0,0,0,0,0,1,1,6,1,35,6,1598,1,5,-1,-1,-1
2017500239354,2,9,0,3,0,0,0,0,0,0,2,1,6,1,73,10,1596,1,3,-1,-1,-1
2017500239354,3,9,0,3,0,0,0,0,0,0,2,1,5,2,68,10,1796,1,11,-1,-1,-1
2017500239356,1,5,0,18,0,0,5,0,0,0,1,1,1,1,46,8,1170,1,3,-1,-1,-1
2017500239356,2,5,0,3,0,0,5,0,0,0,2,1,1,1,44,7,1170,1,3,-1,-1,-1
2017500239360,1,21,1,5,0,4,0,0,0,0,3,1,1,1,56,9,12419,2,2,-1,-1,-1
2017500239368,1,98,0,4,0,0,0,0,0,0,2,1,5,2,47,8,-1,-1,-1,-1,-1,-1
2017500239368,2,19,0,4,0,0,0,0,0,0,1,1,1,1,40,7,1560,2,4,-1,-1,-1
2017500239368,3,9,0,4,0,0,0,0,0,0,2,1,5,2,28,6,1968,2,10,-1,-1,-1
2017500239368,4,19,0,4,0,0,0,0,0,0,1,1,1,1,37,7,2299,2,-1,-1,-1,-1
2017500239374,1,9,0,18,0,0,0,0,0,0,1,1,6,2,27,6,2993,2,10,-1,-1,-1
2017500239375,1,9,0,17,0,0,1,0,0,0,1,1,5,1,46,8,-1,-1,-1,-1,-1,-1
2017500239375,2,9,0,16,0,0,1,0,0,0,1,1,5,2,71,10,1796,1,3,-1,-1,-1
2017500239380,1,9,0,3,0,0,0,0,0,0,2,1,1,1,34,6,1395,1,-1,-1,-1,-1
2017500239380,2,19,0,18,0,0,0,0,0,0,1,1,6,1,30,6,2198,2,5,-1,-1,-1
2017500239390,1,9,0,18,0,0,0,0,0,0,1,1,5,1,79,11,1560,2,7,-1,-1,-1
2017500239390,2,9,0,18,0,0,0,0,1,0,1,1,5,1,76,11,1951,2,16,-1,-1,-1
2017500239398,1,9,0,18,0,0,0,0,0,0,1,1,6,2,65,9,1395,1,1,-1,-1,-1
2017500239414,1,9,0,5,0,6,0,0,0,0,0,1,6,1,-1,-1,-1,-1,-1,-1,-1,-1
2017500239414,2,9,0,18,0,1,0,0,0,0,0,1,6,2,53,8,1997,2,18,-1,-1,-1
2017500239415,1,9,0,18,0,4,0,9,3,1,1,1,5,1,42,7,1598,1,14,-1,-1,-1
2017500239437,1,19,0,4,0,0,0,0,0,0,1,1,1,1,25,5,1560,2,3,-1,-1,-1
2017500239437,2,9,0,4,0,0,0,0,0,0,1,1,1,1,47,8,1598,2,2,-1,-1,-1
2017500239456,1,9,0,4,0,0,1,0,0,0,1,1,5,2,72,10,1296,1,9,-1,-1,-1
2017500239456,2,19,0,4,0,0,1,0,0,0,1,1,1,1,37,7,2143,2,7,-1,-1,-1
2017500239473,1,9,0,18,0,0,5,11,1,0,1,1,2,2,49,8,1242,1,8,-1,-1,-1
2017500239481,1,9,0,18,0,0,0,0,1,4,2,1,5,1,76,11,1995,2,15,-1,-1,-1
2017500239481,2,9,0,18,0,0,0,0,0,0,1,1,2,2,40,7,1498,1,10,-1,-1,-1
2017500239486,1,9,0,18,0,0,0,0,1,1,1,1,5,1,61,9,1198,1,11,4,3,4
2017500239495,1,9,0,4,0,0,0,0,0,0,4,1,6,2,61,9,1339,1,10,-1,-1,-1
2017500239495,2,22,0,18,0,0,0,0,0,0,1,1,6,1,83,11,-1,-1,-1,-1,-1,-1
2017500239496,1,9,0,4,0,1,0,0,0,0,1,1,5,2,34,6,1368,1,9,-1,-1,-1
2017500239496,2,9,0,3,0,1,0,0,0,0,2,1,5,1,68,10,1461,2,4,-1,-1,-1
2017500239524,1,9,0,18,0,0,0,0,0,0,1,1,5,2,49,8,1598,1,12,-1,-1,-1
2017500239524,2,9,0,18,0,0,0,0,0,0,1,1,5,2,17,4,1229,1,5,-1,-1,-1
2017500239574,1,9,0,18,0,0,2,0,5,4,2,1,5,2,19,4,998,1,6,-1,-1,-1
2017500239712,1,9,0,18,0,0,5,0,0,0,3,1,6,1,36,7,1229,1,8,-1,-1,-1
2017500239779,1,9,0,18,0,0,0,0,0,0,1,1,2,1,49,8,1498,1,-1,-1,-1,-1
2017500239779,2,9,0,18,0,0,0,0,0,0,1,1,2,1,62,9,1997,2,13,-1,-1,-1
2017500239782,1,9,0,18,0,8,0,0,0,0,1,1,6,2,47,8,1124,1,12,-1,-1,-1
2017500239782,2,1,0,18,0,8,0,0,0,0,1,1,6,1,38,7,-1,-1,-1,-1,-1,-1
2017500239787,1,9,0,17,0,0,5,0,7,0,1,1,5,2,22,5,1149,1,7,3,3,3
2017500239788,1,9,0,18,0,0,1,0,0,0,1,1,6,2,23,5,1560,2,11,-1,-1,-1
2017500239788,2,19,0,18,0,0,0,0,0,0,1,1,1,1,27,6,2143,2,4,-1,-1,-1
2017500239791,1,9,0,16,0,0,1,0,0,0,1,1,5,2,58,9,1596,1,11,-1,-1,-1
2017500239791,2,9,0,17,0,0,0,0,0,0,1,1,5,1,71,10,1124,1,14,-1,-1,-1
2017500239818,1,9,0,3,0,8,0,0,0,0,2,1,6,2,28,6,1395,1,2,-1,-1,-1
2017500239818,2,9,0,15,0,8,0,0,0,0,1,1,6,1,67,10,1596,1,5,-1,-1,-1
2017500239823,1,9,0,17,0,0,1,0,0,0,1,1,5,2,24,5,1332,1,22,-1,-1,-1
2017500239823,2,9,0,16,0,0,0,0,0,0,1,1,5,1,24,5,1364,1,2,-1,-1,-1
2017500239841,1,9,0,18,0,0,0,0,0,0,0,1,6,3,-1,-1,-1,-1,-1,-1,-1,-1
2017500239851,1,9,0,17,0,0,0,0,0,0,3,1,6,2,77,11,1998,1,13,-1,-1,-1
2017500239851,2,9,0,16,0,0,0,0,0,0,3,1,6,2,48,8,1968,2,6,-1,-1,-1
2017500239861,1,9,0,18,0,0,1,0,4,6,1,1,5,1,67,10,1796,1,17,-1,-1,-1
2017500239880,1,98,0,16,0,0,1,0,0,0,1,1,5,1,57,9,-1,-1,-1,-1,-1,-1
2017500239880,2,9,0,17,0,0,0,0,0,0,1,1,5,1,62,9,1998,1,-1,-1,-1,-1
2017500239902,1,19,0,18,0,0,0,0,0,0,1,1,5,1,53,8,2198,2,1,-1,-1,-1
2017500239902,2,9,0,4,0,0,0,0,0,0,1,1,6,1,56,9,1798,1,39,-1,-1,-1
2017500239902,3,9,0,18,0,0,0,0,0,0,1,1,6,1,27,6,-1,-1,-1,-1,-1,-1
2017500239914,1,9,0,18,0,1,0,0,1,11,1,1,6,1,22,5,-1,-1,-1,-1,-1,-1
2017500239938,1,8,0,5,0,4,0,0,0,0,0,1,1,1,29,6,1997,2,7,-1,-1,-1
2017500239958,1,9,0,18,0,0,0,0,0,0,1,1,2,2,22,5,1360,1,11,-1,-1,-1
2017500239958,2,9,0,4,0,0,0,0,0,0,2,1,1,1,50,8,-1,-1,-1,-1,-1,-1
2017500240177,1,9,0,18,0,0,0,0,0,0,1,1,6,3,-1,-1,-1,-1,-1,-1,-1,-1
2017500240217,1,16,0,18,0,0,0,0,0,0,0,1,6,2,18,4,-1,-1,-1,-1,-1,-1
2017500240217,2,9,0,18,0,0,0,0,0,0,0,1,6,1,-1,-1,-1,-1,-1,-1,-1,-1
2017500240224,1,5,0,17,0,0,2,0,2,0,1,1,5,1,27,6,1050,1,12,8,1,8
2017500240226,1,9,0,16,0,0,0,0,0,0,1,1,1,2,37,7,1896,2,12,-1,-1,-1
2017500240226,2,9,0,17,0,0,0,0,0,0,1,1,1,2,56,9,1461,2,1,-1,-1,-1
2017500240228,1,9,0,16,0,0,0,0,0,0,1,1,2,2,36,7,1368,1,10,-1,-1,-1
2017500240228,2,20,1,17,0,0,1,0,0,0,1,1,1,1,38,7,-1,-1,-1,-1,-1,-1
2017500240229,1,9,0,18,0,0,0,0,0,0,1,1,5,2,21,5,1598,1,12,-1,-1,-1
2017500240231,1,9,0,18,0,1,0,0,0,0,1,1,5,2,39,7,1797,8,3,-1,-1,-1
2017500240231,2,9,0,18,0,1,0,0,0,0,2,1,2,2,27,6,1149,1,7,-1,-1,-1
2017500240235,1,5,0,18,0,8,0,0,0,0,1,1,6,1,21,5,649,1,1,-1,-1,-1
2017500240237,1,9,0,18,0,0,0,0,0,0,3,1,6,3,-1,-1,-1,-1,-1,-1,-1,-1
2017500240251,1,9,0,5,0,1,0,0,0,0,4,1,5,1,59,9,1242,1,11,-1,-1,-1
2017500240251,2,3,0,18,0,1,0,0,0,0,1,1,5,1,20,4,124,1,6,-1,-1,-1
2017500240252,1,9,0,3,0,4,0,0,0,0,1,1,5,1,41,7,1598,1,13,-1,-1,-1
2017500240252,2,9,0,3,0,4,0,0,0,0,2,1,5,1,56,9,1796,1,11,-1,-1,-1
2017500240262,1,9,0,7,0,0,0,0,0,0,1,1,5,1,73,10,1968,2,4,-1,-1,-1
2017500240268,1,9,0,4,0,0,0,0,0,0,1,1,6,2,54,8,1560,2,6,-1,-1,-1
2017500240268,2,9,0,4,0,0,0,0,0,0,2,1,6,2,17,4,1560,2,9,-1,-1,-1
2017500240272,1,9,0,16,0,0,0,0,0,0,1,1,2,1,67,10,1896,2,14,-1,-1,-1
2017500240272,2,9,0,17,0,0,0,0,0,0,1,1,2,2,49,8,1248,2,9,-1,-1,-1
2017500240292,1,9,0,9,0,6,0,0,0,0,3,1,5,2,44,7,1596,1,13,-1,-1,-1
2017500240292,2,9,0,18,0,1,0,0,0,0,1,1,5,1,52,8,1896,2,15,-1,-1,-1
2017500240309,1,9,0,9,0,8,0,0,0,0,1,1,5,1,32,6,1596,1,11,-1,-1,-1
2017500240309,2,9,0,18,0,8,0,0,0,0,1,1,5,2,61,9,1124,1,14,-1,-1,-1
2017500240310,1,9,0,18,0,0,0,0,0,0,1,1,6,1,34,6,1896,2,13,-1,-1,-1
2017500240310,2,9,0,10,0,0,0,0,0,0,1,1,1,2,60,9,1496,1,-1,-1,-1,-1
2017500240699,1,9,0,7,0,1,0,0,3,0,1,1,5,1,26,6,2143,2,7,-1,-1,-1
2017500240715,1,9,0,4,0,0,0,0,0,0,1,1,2,2,20,4,1124,1,9,-1,-1,-1
2017500240715,2,9,0,10,0,0,0,0,0,0,2,1,2,2,37,7,1328,1,15,-1,-1,-1
2017500240727,1,9,0,18,0,1,0,0,0,0,1,1,5,1,67,10,2231,2,11,-1,-1,-1
2017500240746,1,9,0,18,0,1,0,0,0,0,3,1,6,1,68,10,1598,2,1,-1,-1,-1
2017500240746,2,1,0,18,0,1,0,0,0,0,1,1,6,1,29,6,-1,-1,-1,-1,-1,-1
2017500240748,1,9,0,18,0,0,0,0,0,0,1,1,5,2,34,6,2204,2,11,-1,-1,-1
2017500240765,1,19,0,18,0,0,0,0,0,0,1,1,6,1,34,6,2198,2,4,-1,-1,-1
2017500240765,2,9,0,3,0,0,0,0,0,0,2,1,6,1,28,6,1560,2,5,-1,-1,-1
2017500240769,1,9,0,17,0,0,1,0,1,0,4,1,2,1,28,6,1995,2,3,-1,-1,-1
2017500240806,1,9,0,18,0,0,0,0,0,0,1,1,6,2,31,6,1598,1,11,-1,-1,-1
2017500240837,1,9,0,17,0,0,0,0,1,0,1,1,6,2,64,9,659,1,10,-1,-1,-1
2017500240880,1,9,0,18,0,0,1,0,0,0,0,1,6,2,44,7,2268,2,2,-1,-1,-1
2017500240880,2,9,0,4,0,0,0,0,0,0,1,1,6,1,29,6,1560,2,1,-1,-1,-1
2017500240880,3,9,0,18,0,0,1,0,0,0,1,1,6,2,21,5,1200,1,1,-1,-1,-1
2017500240880,4,9,0,18,0,0,1,0,0,0,1,1,6,1,42,7,1299,1,9,-1,-1,-1
2017500240952,1,9,0,18,0,0,0,0,0,0,1,1,5,1,51,8,1753,2,15,-1,-1,-1
2017500241169,1,9,0,17,0,0,0,0,0,0,1,1,5,2,17,4,998,1,12,-1,-1,-1
2017500241183,1,9,0,18,0,8,0,0,0,0,1,1,6,1,38,7,1389,1,14,-1,-1,-1
2017500241183,2,9,0,9,0,8,0,0,0,0,0,1,6,1,40,7,1587,1,16,-1,-1,-1
2017500241183,3,9,0,8,0,8,0,0,0,0,3,1,6,1,54,8,1198,1,12,-1,-1,-1
2017500241184,1,9,0,4,0,1,0,0,0,0,1,1,6,2,38,7,999,1,2,-1,-1,-1
2017500241184,2,19,0,4,0,1,0,0,0,0,2,1,1,2,32,6,1560,2,2,-1,-1,-1
2017500241195,1,9,0,18,0,0,0,0,0,0,0,1,6,3,-1,-1,-1,-1,-1,-1,-1,-1
2017500241195,2,1,0,18,0,0,0,0,1,0,0,1,2,1,21,5,-1,-1,-1,-1,-1,-1
2017500241204,1,9,0,17,0,0,0,0,0,0,1,1,5,1,59,9,1984,1,4,-1,-1,-1
2017500241204,2,9,0,16,0,0,0,0,0,0,1,1,5,1,26,6,1984,1,9,-1,-1,-1
2017500241207,1,1,0,13,0,0,0,0,0,0,1,1,5,1,29,6,-1,-1,-1,-1,-1,-1
2017500241209,1,98,0,18,0,0,0,0,0,0,3,1,6,3,-1,-1,-1,-1,-1,-1,-1,-1
2017500241209,2,9,0,18,0,0,0,0,0,0,3,1,2,1,46,8,1598,2,3,-1,-1,-1
2017500241214,1,9,0,18,0,1,0,0,0,0,1,1,6,2,37,7,1910,2,10,-1,-1,-1
2017500241214,2,2,0,18,0,8,0,0,0,0,4,1,6,1,16,4,49,1,9,-1,-1,-1
2017500241241,1,9,0,18,0,0,2,0,1,0,4,1,5,2,21,5,1896,2,16,-1,-1,-1
2017500241247,1,17,4,17,0,0,0,0,0,0,0,1,1,1,42,7,6057,2,-1,-1,-1,-1