Accident_Index,Vehicle_Reference,Vehicle_Type,Towing_and_Articulation,Vehicle_Manoeuvre,Vehicle_Location-Restricted_Lane,Junction_Location,Skidding_and_Overturning,Hit_Object_in_Carriageway,Vehicle_Leaving_Carriageway,Hit_Object_off_Carriageway,1st_Point_of_Impact,Was_Vehicle_Left_Hand_Drive?,Journey_Purpose_of_Driver,Sex_of_Driver,Age_of_Driver,Age_Band_of_Driver,Engine_Capacity_(CC),Propulsion_Code,Age_of_Vehicle,Driver_IMD_Decile,Driver_Home_Area_Type,Vehicle_IMD_Decile
2017500248858,2,9,0,8,0,1,0,0,0,0,2,1,6,2,68,10,1598,1,2,-1,-1,-1
2017500248932,1,9,0,18,0,0,0,0,0,0,1,1,5,1,32,6,1769,1,13,-1,-1,-1
2017500248932,2,1,0,3,0,0,0,0,0,0,2,1,6,1,16,4,-1,-1,-1,-1,-1,-1
2017500248933,1,9,0,3,0,1,0,0,0,0,2,1,6,2,28,6,1796,1,3,-1,-1,-1
2017500248933,2,9,0,18,0,1,0,0,0,0,1,1,6,1,51,8,1995,2,8,-1,-1,-1
2017500248953,1,17,0,18,0,0,1,0,0,0,0,1,1,1,17,4,6788,2,1,-1,-1,-1
2017500248955,1,19,0,18,0,0,1,0,0,0,1,1,6,1,61,9,2198,2,4,-1,-1,-1
2017500248955,2,9,0,18,0,0,0,0,0,0,1,1,1,1,51,8,1686,2,5,-1,-1,-1
2017500248967,1,9,0,7,0,1,0,0,0,0,1,1,2,2,23,5,1242,1,6,-1,-1,-1
2017500248975,1,9,0,17,0,0,0,0,1,11,1,1,6,2,37,7,1679,1,16,-1,-1,-1
2017500249001,1,9,0,18,0,0,1,0,1,0,4,1,5,2,39,7,998,1,3,-1,-1,-1
2017500249028,1,2,0,5,0,1,0,0,0,0,0,1,4,2,17,4,49,1,1,-1,-1,-1
2017500249053,1,5,0,17,0,0,0,0,0,0,1,1,6,1,74,10,1000,1,36,-1,-1,-1
2017500249053,2,9,0,16,0,0,0,0,0,0,3,1,6,1,25,5,1149,1,15,-1,-1,-1
2017500249090,1,9,0,18,0,0,0,0,0,0,1,1,6,1,17,4,1229,1,12,-1,-1,-1
2017500249090,2,9,0,18,0,0,0,0,0,0,1,1,5,1,68,10,1896,2,17,-1,-1,-1
2017500249184,1,9,0,18,0,0,0,0,1,0,4,1,5,1,18,4,1390,1,11,-1,-1,-1
2017500249327,1,9,0,18,0,0,0,0,1,6,1,1,6,2,28,6,1124,1,17,-1,-1,-1
2017500249364,1,9,0,18,0,4,0,0,0,0,2,1,5,2,68,10,1242,1,4,-1,-1,-1
2017500249364,2,3,0,18,0,4,0,0,0,0,1,1,2,1,22,5,-1,-1,-1,-1,-1,-1
2017500249365,1,9,0,17,0,2,0,0,0,0,3,1,5,1,28,6,-1,-1,-1,-1,-1,-1
2017500249374,1,9,0,5,0,7,0,0,0,0,1,1,5,2,24,5,3200,2,13,-1,-1,-1
2017500249374,2,5,0,18,0,1,1,0,0,0,1,1,2,1,30,6,599,1,16,-1,-1,-1
2017500249385,1,9,0,9,0,5,0,0,0,0,1,1,6,1,90,11,1799,1,8,-1,-1,-1
2017500249385,2,9,0,18,0,6,0,0,0,0,1,1,6,1,63,9,2099,1,15,-1,-1,-1
2017500249385,3,21,1,3,0,1,0,0,0,0,1,1,1,1,61,9,12902,2,4,-1,-1,-1
2017500249390,1,9,0,9,0,1,0,0,0,0,4,1,5,2,76,11,999,1,7,-1,-1,-1
2017500249390,2,9,0,18,0,8,0,0,0,0,1,1,1,1,46,8,1597,2,2,-1,-1,-1
2017500249394,1,9,0,4,0,0,0,0,0,0,2,1,5,1,24,5,1398,2,2,-1,-1,-1
2017500249394,2,9,0,18,0,0,0,0,0,0,1,1,5,2,20,4,1596,1,14,-1,-1,-1
2017500249411,1,19,0,9,0,8,0,0,0,0,1,1,1,1,23,5,-1,-1,-1,-1,-1,-1
2017500249411,2,1,0,18,0,8,0,0,0,0,4,1,6,1,35,6,-1,-1,-1,-1,-1,-1
2017500249444,1,9,0,18,0,1,0,0,0,0,3,1,2,2,44,7,1197,1,7,-1,-1,-1
2017500249444,2,9,0,18,0,1,0,0,0,0,4,1,6,3,-1,-1,-1,-1,-1,-1,-1,-1
2017500249523,1,9,0,12,0,0,0,0,0,0,0,1,6,1,64,9,1395,1,2,-1,-1,-1
2017500249523,2,3,0,4,0,0,0,0,0,0,0,1,2,2,31,6,125,1,5,-1,-1,-1
2017500249636,1,19,0,9,0,1,0,0,0,0,4,1,1,2,23,5,2143,2,2,-1,-1,-1
2017500249636,2,9,0,18,0,1,0,0,0,0,1,1,5,1,54,8,1796,1,11,-1,-1,-1
2017500249657,1,9,0,13,0,0,0,0,0,0,1,1,5,1,79,11,3200,2,14,-1,-1,-1
2017500249657,2,9,0,9,0,0,0,0,0,0,1,1,3,2,41,7,1560,2,7,-1,-1,-1
2017500249666,1,9,0,4,0,1,0,0,0,0,1,1,5,2,79,11,1997,2,12,-1,-1,-1
2017500249666,2,9,0,3,0,1,0,0,0,0,2,1,5,2,43,7,1461,2,2,-1,-1,-1
2017500249666,3,9,0,3,0,1,0,0,0,0,2,1,5,1,75,10,2987,2,10,-1,-1,-1
2017500249801,1,9,0,9,0,6,0,0,0,0,3,1,6,1,55,8,1598,1,5,-1,-1,-1
2017500249801,2,9,0,18,0,1,0,0,0,0,1,1,6,1,30,6,-1,-1,-1,-1,-1,-1
2017500249805,1,11,0,5,0,0,0,0,0,0,1,1,1,1,39,7,6871,2,8,-1,-1,-1
2017500249806,1,9,0,17,0,0,1,0,0,0,1,1,5,1,20,4,1390,1,2,-1,-1,-1
2017500249820,1,9,0,18,0,0,0,0,7,11,1,1,6,2,76,11,1995,2,5,3,3,3
2017500249822,1,21,4,18,0,3,0,0,0,0,1,1,5,1,47,8,-1,-1,-1,-1,-1,-1
2017500249845,1,9,0,18,0,0,2,0,2,0,1,1,2,2,20,4,1598,1,16,4,1,4
2017500249846,1,9,0,18,0,0,0,0,0,0,1,1,6,1,69,10,1199,1,13,-1,-1,-1
2017500249846,2,1,0,18,0,0,0,0,0,0,4,1,6,1,7,2,-1,-1,-1,-1,-1,-1
2017500249882,1,9,0,6,0,0,0,0,0,0,3,1,1,1,39,7,1391,1,16,-1,-1,-1
2017500249882,2,9,0,18,0,0,0,0,0,0,1,1,1,1,63,9,1896,2,16,-1,-1,-1
2017500249898,1,9,0,9,0,1,0,0,0,0,4,1,5,1,52,8,-1,-1,-1,-1,-1,-1
2017500249898,2,5,0,5,0,1,0,0,0,0,1,1,2,1,31,6,999,1,6,-1,-1,-1
2017500250239,1,9,0,4,0,0,0,0,0,0,3,1,6,2,23,5,998,1,4,-1,-1,-1
2017500250239,2,9,0,18,0,0,0,0,0,0,3,1,6,3,-1,-1,-1,-1,-1,-1,-1,-1
2017500250261,1,9,0,11,0,1,0,0,0,0,2,1,5,2,56,9,1499,1,9,-1,-1,-1
2017500250261,2,9,0,4,0,1,0,0,0,0,2,1,5,1,34,6,999,1,-1,-1,-1,-1
2017500250261,3,9,0,4,0,1,0,0,0,0,1,1,5,2,32,6,1587,1,11,-1,-1,-1
2017500250267,1,9,0,17,0,0,1,0,7,0,1,1,2,2,26,6,1490,1,8,-1,-1,-1
2017500250272,1,9,0,18,0,0,0,0,0,0,3,1,5,1,72,10,1794,1,12,-1,-1,-1
2017500250274,1,3,0,18,0,0,1,0,0,0,4,1,1,2,23,5,108,1,1,-1,-1,-1
2017500250284,1,9,0,17,0,0,0,0,0,0,1,1,6,1,52,8,-1,-1,-1,-1,-1,-1
2017500250284,2,9,0,16,0,0,1,0,0,0,1,1,6,2,25,5,1461,2,1,-1,-1,-1
2017500250289,1,9,0,5,0,6,0,0,0,0,1,1,6,1,21,5,1598,1,16,-1,-1,-1
2017500250289,2,9,0,18,0,8,0,0,0,0,4,1,6,1,31,6,1197,1,4,-1,-1,-1
2017500250290,1,4,0,7,0,2,1,0,0,0,0,1,5,1,55,8,748,1,11,-1,-1,-1
2017500250293,1,9,0,4,0,1,0,0,0,0,1,1,5,1,42,7,2179,2,6,-1,-1,-1
2017500250293,2,9,0,3,0,1,0,0,0,0,2,1,5,1,21,5,1461,2,3,-1,-1,-1
2017500250298,1,9,0,4,0,6,1,0,3,1,1,1,5,1,56,9,1798,1,16,-1,-1,-1
2017500250304,1,9,0,18,0,0,1,0,2,4,1,1,5,3,-1,-1,999,1,18,-1,-1,-1
2017500250307,1,9,0,9,0,2,0,0,1,0,1,1,6,1,86,11,1328,1,12,-1,-1,-1
2017500250312,1,9,0,5,0,1,0,0,0,0,1,1,6,2,52,8,1598,2,-1,-1,-1,-1
2017500250312,2,9,0,9,0,1,0,0,0,0,2,1,6,2,46,8,1339,1,14,-1,-1,-1
2017500250313,1,9,0,18,0,0,0,0,0,0,1,1,6,2,30,6,1686,2,12,-1,-1,-1
2017500250317,1,9,0,5,0,6,0,0,0,0,1,1,6,2,19,4,1299,1,15,-1,-1,-1
2017500250317,2,9,0,18,0,1,0,0,0,0,1,1,6,2,23,5,1497,8,7,-1,-1,-1
2017500250336,1,19,0,18,0,0,0,0,0,0,3,1,6,3,-1,-1,-1,-1,-1,-1,-1,-1
2017500250336,2,20,0,18,0,0,0,0,0,0,3,1,1,1,32,6,6700,2,1,-1,-1,-1
2017500250350,1,9,0,16,0,0,1,0,2,10,3,1,5,1,20,4,-1,-1,-1,-1,-1,-1
2017500250350,2,9,0,17,0,0,0,0,0,0,3,1,5,1,33,6,1590,1,4,-1,-1,-1
2017500250367,1,9,0,2,0,0,0,0,0,0,4,1,5,2,54,8,1498,1,12,-1,-1,-1
2017500250367,2,9,0,18,0,0,0,0,0,0,4,1,6,2,41,7,-1,-1,-1,-1,-1,-1
2017500250408,1,9,0,7,0,0,0,0,0,0,4,1,6,1,35,6,-1,-1,-1,-1,-1,-1
2017500250408,2,1,0,18,0,0,0,0,0,0,1,1,2,1,35,6,-1,-1,-1,-1,-1,-1
2017500250490,1,5,0,18,0,0,1,0,0,0,4,1,1,1,49,8,599,1,18,-1,-1,-1
2017500250510,1,9,0,18,0,0,0,0,0,0,1,1,6,2,62,9,1560,2,1,-1,-1,-1
2017500250510,2,9,0,3,0,0,0,0,0,0,2,1,6,1,27,6,1200,1,2,-1,-1,-1
2017500250593,1,3,0,15,0,1,0,0,0,0,4,1,6,1,28,6,125,1,7,-1,-1,-1
2017500250593,2,9,0,9,0,6,0,0,0,0,3,1,3,1,35,6,1986,2,12,-1,-1,-1
2017500250600,1,9,0,18,0,0,1,0,0,0,3,1,6,2,18,4,1399,2,7,-1,-1,-1
2017500250600,2,9,0,18,0,0,0,0,0,0,3,1,6,2,56,9,1198,1,4,6,3,6
2017500250654,1,9,0,18,0,1,0,0,0,0,1,1,5,2,-1,-1,1998,1,12,-1,-1,-1
2017500250654,2,9,0,2,0,1,0,0,0,0,2,1,5,2,88,11,999,1,-1,-1,-1,-1
2017500250698,1,9,0,18,0,0,0,0,0,0,3,1,5,2,79,11,1198,1,2,-1,-1,-1
2017500250698,2,17,4,18,0,0,0,0,0,0,3,1,1,1,57,9,-1,2,22,-1,-1,-1
2017500250725,1,9,0,18,0,1,0,0,0,0,3,1,2,2,20,4,1968,2,8,-1,-1,-1
2017500250725,2,9,0,18,0,1,0,0,0,0,1,1,2,1,43,7,1781,1,16,-1,-1,-1
2017500250736,1,9,0,18,0,4,0,0,0,0,1,1,6,2,50,8,1896,2,9,-1,-1,-1
2017500250736,2,3,0,18,0,4,0,0,0,0,3,1,5,1,28,6,124,1,15,-1,-1,-1
2017500250763,1,9,0,16,0,0,1,0,0,0,1,1,2,1,20,4,1984,1,12,-1,-1,-1
2017500250763,2,19,4,18,0,0,0,0,0,0,1,1,1,1,47,8,2198,2,1,-1,-1,-1
2017500250763,3,9,0,18,0,0,0,0,0,0,1,1,2,2,30,6,1493,2,6,-1,-1,-1
2017500250775,1,9,0,16,0,0,0,0,0,0,1,1,6,1,22,5,1242,1,15,-1,-1,-1
2017500250775,2,9,0,17,0,0,0,0,0,0,1,1,1,2,44,7,1399,1,1,5,3,5
2017500250832,1,9,0,9,0,8,0,0,0,0,1,1,5,2,40,7,1598,1,8,-1,-1,-1
2017500250832,2,9,0,18,0,8,0,0,0,0,4,1,1,1,22,5,-1,-1,-1,-1,-1,-1
2017500250867,1,9,0,14,0,8,0,7,0,0,1,1,2,2,55,8,1364,1,2,-1,-1,-1
2017500250886,1,19,0,18,0,1,0,0,0,0,3,1,1,1,24,5,2198,2,1,-1,-1,-1
2017500250886,2,9,0,9,0,8,0,0,0,0,2,1,2,2,23,5,1242,1,8,-1,-1,-1
2017500250949,1,9,0,18,0,0,1,0,1,0,4,1,1,1,47,8,1997,2,2,-1,-1,-1
2017500250960,1,9,0,5,0,1,0,0,0,0,1,1,6,2,24,5,1399,2,12,-1,-1,-1
2017500250960,2,9,0,3,0,1,0,0,0,0,3,1,6,1,78,11,1596,1,14,-1,-1,-1
2017500250980,1,9,0,17,0,0,1,0,1,10,1,1,2,1,28,6,1248,2,12,-1,-1,-1
2017500250980,2,9,0,16,0,0,0,0,0,0,1,1,3,2,40,7,2143,2,1,-1,-1,-1
2017500250998,1,8,0,16,0,0,0,0,0,0,1,1,5,1,56,9,1997,2,10,-1,-1,-1
2017500250998,2,9,0,17,0,0,0,0,0,0,1,1,5,2,58,9,1781,1,13,-1,-1,-1
2017500251081,1,9,0,18,0,0,0,0,0,0,1,1,6,1,27,6,-1,-1,-1,-1,-1,-1
2017500251081,2,3,0,18,0,0,0,0,0,0,1,1,6,1,21,5,125,1,13,-1,-1,-1
2017500251091,1,9,0,9,0,1,0,0,0,0,4,1,2,1,47,8,1396,1,-1,-1,-1,-1
2017500251107,1,19,0,18,0,0,0,10,2,11,4,1,6,1,26,6,1248,2,9,-1,-1,-1
2017500251113,1,9,0,10,0,1,0,0,0,0,4,1,2,1,46,8,1997,2,16,-1,-1,-1
2017500251113,2,9,0,18,0,6,0,0,0,0,1,1,5,1,20,4,3200,2,14,-1,-1,-1
2017500251123,1,9,0,17,0,0,5,0,0,0,1,1,5,2,36,7,1461,2,1,-1,-1,-1
2017500251199,1,9,0,16,0,8,0,0,0,0,2,1,6,2,40,7,1596,1,13,-1,-1,-1
2017500251199,2,9,0,18,0,4,0,0,0,0,1,1,6,3,-1,-1,1360,1,12,-1,-1,-1
2017500251217,1,9,0,18,0,2,0,0,0,0,1,1,5,2,27,6,1596,1,14,-1,-1,-1
2017500251217,2,5,0,18,0,2,0,0,0,0,2,1,5,1,30,6,599,1,13,-1,-1,-1
2017500251217,3,9,0,18,0,2,0,0,0,0,2,1,5,2,73,10,1991,2,7,-1,-1,-1
2017500251238,1,9,0,15,0,0,0,0,0,0,1,1,2,2,63,9,998,1,1,-1,-1,-1
2017500251262,1,9,0,4,0,1,0,0,0,0,2,1,5,1,28,6,1229,1,2,-1,-1,-1
2017500251262,2,9,0,18,0,1,0,4,0,0,1,1,5,2,28,6,1560,2,9,-1,-1,-1
2017500251394,1,9,0,18,0,4,0,0,0,0,1,1,5,1,86,11,995,1,10,-1,-1,-1
2017500251394,2,9,0,18,0,4,0,0,0,0,2,1,2,1,41,7,1368,1,-1,-1,-1,-1
2017500251442,1,9,0,4,0,0,2,0,0,0,1,1,2,2,20,4,1781,1,19,-1,-1,-1
2017500251442,2,9,0,3,0,0,1,0,0,0,2,1,2,1,30,6,1598,2,1,-1,-1,-1
2017500251442,3,9,0,3,0,0,1,0,0,0,2,1,2,1,21,5,1299,1,14,-1,-1,-1
2017500251472,1,9,0,10,0,1,0,0,0,0,2,1,3,2,56,9,1560,2,1,-1,-1,-1
2017500251472,2,9,0,18,0,1,0,0,0,0,1,1,2,1,48,8,1386,1,11,-1,-1,-1
2017500251594,1,9,0,18,0,0,0,0,0,0,3,1,6,3,-1,-1,1598,1,12,-1,-1,-1
2017500251594,2,9,0,18,0,0,0,0,0,0,3,1,1,1,53,8,1797,8,7,-1,-1,-1
2017500251741,1,9,0,18,0,0,0,0,0,0,1,1,6,1,18,4,1422,2,15,-1,-1,-1
2017500251741,2,9,0,18,0,0,0,0,0,0,4,1,6,1,19,4,1596,1,8,-1,-1,-1
2017500251741,3,9,0,7,0,0,0,0,0,0,2,1,6,1,40,7,-1,-1,-1,-1,-1,-1
2017500251871,1,9,0,18,0,0,2,10,0,0,1,1,6,1,30,6,1396,1,13,-1,-1,-1
2017500251871,2,9,0,18,0,0,1,0,0,0,1,1,6,2,34,6,2401,2,14,-1,-1,-1
2017500252049,1,9,0,6,0,0,0,0,0,0,0,1,5,2,78,11,1200,1,-1,-1,-1,-1
2017500252049,2,9,0,18,0,0,1,0,0,0,3,1,5,2,28,6,1596,1,15,-1,-1,-1
2017500252053,1,9,0,18,0,0,5,0,0,0,4,1,6,1,72,10,998,1,16,-1,-1,-1
2017500252053,2,9,0,18,0,0,0,0,0,0,1,1,6,1,23,5,1956,2,7,-1,-1,-1
2017500252058,1,9,0,18,0,8,5,10,7,2,3,1,5,2,35,6,1796,1,3,-1,-1,-1
2017500252065,1,9,0,7,0,8,0,0,0,0,3,1,6,3,-1,-1,-1,-1,-1,-1,-1,-1
2017500252066,1,9,0,18,0,0,1,0,0,0,1,1,6,1,27,6,1988,1,14,-1,-1,-1
2017500252066,2,9,0,18,0,0,0,0,0,0,0,1,6,2,48,8,998,1,1,-1,-1,-1
2017500252079,1,9,0,4,0,2,0,0,0,0,1,1,6,2,75,10,1339,1,13,-1,-1,-1
2017500252079,2,2,0,18,0,1,0,0,0,0,1,1,6,1,50,8,49,1,6,-1,-1,-1
2017500252091,1,9,0,18,0,0,0,0,0,0,1,1,6,1,32,6,1968,2,9,-1,-1,-1
2017500252091,2,9,0,4,0,0,0,0,0,0,2,1,6,2,61,9,1396,1,4,-1,-1,-1
2017500252112,1,2,5,17,0,1,0,0,0,0,0,1,6,1,16,4,49,1,1,-1,-1,-1
2017500252112,2,3,5,17,0,1,0,0,1,11,4,1,6,1,20,4,124,1,4,-1,-1,-1
2017500252191,1,9,0,16,0,0,5,0,0,0,4,1,6,2,49,8,998,1,15,-1,-1,-1
2017500252194,1,19,0,18,0,1,0,0,0,0,1,1,6,3,-1,-1,-1,-1,-1,-1,-1,-1
2017500252194,2,1,0,18,0,1,0,0,0,0,1,1,6,1,12,3,-1,-1,-1,-1,-1,-1
2017500252229,1,9,0,4,0,0,0,0,0,0,2,1,2,1,20,4,1368,1,10,-1,-1,-1
2017500252229,2,9,0,4,0,0,0,0,0,0,1,1,2,2,53,8,1198,1,-1,-1,-1,-1
2017500252269,1,9,0,15,0,0,0,0,0,0,1,1,1,2,23,5,1598,1,11,-1,-1,-1
2017500252269,2,9,0,2,0,0,0,0,0,0,3,1,1,2,-1,-1,1242,1,11,-1,-1,-1
2017500252323,1,9,0,1,0,0,0,0,0,0,2,1,6,1,46,8,1461,2,1,-1,-1,-1
2017500252323,2,9,0,3,0,0,0,0,0,0,1,1,5,1,29,6,1298,1,16,-1,-1,-1
2017500252344,1,9,0,7,0,8,0,0,0,0,1,1,1,1,44,7,1686,2,5,-1,-1,-1
2017500252344,2,5,0,18,0,1,0,0,0,0,1,1,5,1,30,6,599,1,4,-1,-1,-1
2017500252356,1,19,0,18,0,0,0,0,0,0,3,1,6,1,58,9,1998,2,14,-1,-1,-1
2017500252356,2,9,0,18,0,0,0,0,0,0,3,1,5,1,45,7,-1,-1,-1,-1,-1,-1
2017500252365,1,9,0,18,0,1,1,0,0,0,4,1,2,1,38,7,1587,1,12,-1,-1,-1
2017500252365,2,9,0,4,0,6,1,0,0,0,1,1,2,2,24,5,1582,2,4,-1,-1,-1
2017500252381,1,9,0,18,0,5,5,0,1,7,1,1,6,1,59,9,-1,-1,-1,-1,-1,-1
2017500252637,1,9,0,4,0,4,0,0,0,0,1,1,6,1,38,7,898,1,-1,-1,-1,-1
2017500252637,2,9,0,3,0,4,0,0,0,0,2,1,6,2,65,9,1364,1,-1,-1,-1,-1
2017500252666,1,9,0,17,0,0,2,0,7,0,1,1,6,1,18,4,998,1,11,-1,-1,-1
2017500252707,1,9,0,18,0,0,0,0,0,0,3,1,6,1,42,7,-1,-1,-1,-1,-1,-1
2017500253047,1,9,0,18,0,2,1,0,0,0,4,1,2,2,51,8,1499,1,-1,-1,-1,-1
2017500253055,1,9,0,3,0,0,0,0,0,0,1,1,6,2,-1,-1,1242,1,14,-1,-1,-1
2017500253055,2,9,0,16,0,0,0,0,0,0,1,1,5,1,35,6,1968,2,10,-1,-1,-1
2017500253059,1,11,0,18,0,1,0,0,0,0,1,1,1,1,31,6,4250,2,9,-1,-1,-1
2017500253059,2,19,0,9,0,1,0,0,0,0,2,1,5,1,45,7,1598,2,3,-1,-1,-1
2017500253063,1,9,0,18,0,0,0,0,0,0,0,1,1,3,-1,-1,-1,-1,-1,-1,-1,-1
2017500253063,2,9,0,18,0,0,0,0,0,0,0,1,5,2,28,6,1686,2,10,-1,-1,-1
2017500253068,1,9,0,17,0,1,5,0,0,0,2,1,5,1,40,7,1461,2,15,-1,-1,-1
2017500253076,1,9,0,17,0,0,1,0,0,0,1,1,1,1,19,4,1360,1,16,-1,-1,-1
2017500253076,2,19,0,16,0,0,0,0,0,0,3,1,1,1,55,8,2198,2,2,-1,-1,-1
2017500253080,1,9,0,9,0,8,0,0,0,0,1,1,1,2,23,5,1968,2,2,-1,-1,-1
2017500253080,2,1,0,18,0,8,0,7,0,0,3,1,2,1,37,7,-1,-1,-1,-1,-1,-1
2017500253084,1,19,0,18,0,1,0,0,0,0,1,1,1,1,38,7,2198,2,-1,-1,-1,-1
2017500253084,2,9,0,3,0,1,0,0,0,0,2,1,1,2,50,8,1587,1,14,-1,-1,-1
2017500253084,3,9,0,4,0,1,0,0,0,0,2,1,1,1,53,8,2143,2,3,-1,-1,-1
2017500253087,1,9,0,13,0,0,0,0,0,0,4,1,6,3,-1,-1,-1,-1,-1,-1,-1,-1
2017500253087,2,1,0,18,0,0,0,10,1,0,3,1,5,1,24,5,-1,-1,-1,-1,-1,-1
2017500253100,1,5,0,18,0,1,1,0,0,0,1,1,6,1,30,6,918,1,16,-1,-1,-1
2017500253100,2,9,0,8,0,5,0,0,0,0,3,1,6,2,31,6,1242,1,2,-1,-1,-1
2017500253104,1,9,0,5,0,0,0,0,0,0,1,1,2,1,19,4,1200,1,5,-1,-1,-1
2017500253104,2,9,0,18,0,0,1,0,0,0,1,1,2,1,25,5,2204,2,11,-1,-1,-1
2017500253104,3,9,0,10,0,0,0,0,0,0,1,1,6,1,41,7,1560,2,12,-1,-1,-1
2017500253113,1,3,0,18,0,1,1,0,0,0,1,1,2,1,57,9,125,1,1,-1,-1,-1
2017500253113,2,19,0,8,0,2,0,0,0,0,0,1,5,1,57,9,1968,2,1,-1,-1,-1
2017500253473,1,9,0,18,0,4,0,0,0,0,1,1,1,1,62,9,1910,2,8,-1,-1,-1
2017500253473,2,9,0,9,0,8,0,0,0,0,1,1,5,1,21,5,1364,1,11,-1,-1,-1
2017500253480,1,9,0,16,0,0,2,0,8,10,1,1,5,1,32,6,1560,2,8,-1,-1,-1
2017500253486,1,9,0,18,0,0,0,0,0,0,1,1,6,3,-1,-1,-1,-1,-1,-1,-1,-1
2017500253486,2,9,0,3,0,0,0,0,0,0,2,1,6,2,64,9,1896,2,15,-1,-1,-1
2017500253506,1,9,0,18,0,0,0,0,0,0,3,1,6,1,48,8,1596,1,12,-1,-1,-1
2017500253513,1,9,0,18,0,0,5,0,0,0,1,1,6,2,54,8,1560,2,3,-1,-1,-1
2017500253513,2,9,0,3,0,0,0,0,0,0,4,1,6,2,53,8,1997,2,2,-1,-1,-1
2017500253531,1,9,0,18,0,0,1,0,1,0,1,1,5,1,57,9,1998,2,11,-1,-1,-1
2017500253531,2,9,0,18,0,0,1,0,0,0,2,1,5,1,44,7,1499,2,1,-1,-1,-1
2017500253847,1,19,0,13,0,0,0,0,0,0,1,1,1,1,35,6,2143,2,4,-1,-1,-1
2017500253847,2,17,4,18,0,0,0,0,0,0,2,1,1,1,30,6,-1,2,5,-1,-1,-1
2017500253886,1,9,0,9,0,5,0,0,0,0,1,1,2,2,64,9,1560,2,13,-1,-1,-1
2017500253887,1,9,0,9,0,8,0,0,0,0,1,1,5,2,22,5,1399,1,9,-1,-1,-1
2017500253887,2,3,0,5,0,8,5,0,0,0,1,1,1,1,23,5,98,1,14,-1,-1,-1
2017500253888,1,9,0,5,0,8,0,0,3,0,3,1,5,2,55,8,1896,2,10,-1,-1,-1
2017500253888,2,1,0,18,0,8,5,0,0,0,1,1,5,1,19,4,-1,-1,-1,-1,-1,-1
2017500253898,1,9,0,18,0,0,2,0,1,0,3,1,6,1,72,10,1994,1,15,-1,-1,-1
2017500253898,2,9,0,15,0,0,1,0,0,0,3,1,6,2,48,8,1199,1,16,-1,-1,-1
2017500253898,3,17,0,18,0,0,0,0,0,0,0,1,1,1,25,5,-1,2,9,-1,-1,-1
2017500253899,1,9,0,17,0,0,5,0,2,11,4,1,5,1,73,10,2494,8,-1,-1,-1,-1
2017500253899,2,9,0,16,0,0,1,0,0,0,1,1,5,1,34,6,1988,1,15,-1,-1,-1
2017500253901,1,9,0,10,0,4,0,0,0,0,1,1,5,1,39,7,1998,1,11,-1,-1,-1
2017500253904,1,9,0,18,0,0,0,0,0,0,1,1,1,1,36,7,1997,2,9,-1,-1,-1
2017500253905,1,9,0,18,0,0,2,0,1,0,3,1,2,1,26,6,1248,1,6,-1,-1,-1
2017500253908,1,9,0,9,0,8,0,0,0,0,1,1,6,1,19,4,1124,1,13,-1,-1,-1
2017500253908,2,1,0,18,0,8,0,0,0,0,1,1,6,1,28,6,-1,-1,-1,-1,-1,-1
2017500253913,1,9,0,18,0,4,0,9,0,0,1,1,5,2,67,10,1598,1,12,-1,-1,-1
2017500253914,1,9,0,18,0,0,1,0,2,0,1,1,5,1,83,11,1329,1,3,-1,-1,-1
2017500253919,1,5,0,13,0,0,0,0,0,0,1,1,5,1,32,6,900,1,-1,-1,-1,-1
2017500253919,2,17,4,18,0,0,0,0,0,0,2,1,1,1,72,10,-1,2,12,-1,-1,-1
2017500253921,1,9,0,5,0,4,0,0,0,0,1,1,5,2,51,8,1998,1,14,-1,-1,-1
2017500253921,2,1,0,18,0,8,0,0,0,0,2,1,2,1,63,9,-1,-1,-1,-1,-1,-1
2017500253924,1,9,0,9,0,8,0,0,0,0,3,1,6,1,85,11,1242,1,8,-1,-1,-1
2017500253924,2,9,0,18,0,1,0,0,0,0,1,1,6,1,65,9,1560,2,3,-1,-1,-1
2017500253957,1,9,0,17,0,0,1,0,1,0,1,1,2,1,23,5,1995,2,7,-1,-1,-1
2017500253959,1,11,0,18,0,1,0,0,0,0,2,1,1,1,61,9,9000,2,7,-1,-1,-1
2017500253974,1,8,0,18,0,8,0,0,0,0,4,1,1,1,63,9,1997,2,7,-1,-1,-1
2017500253974,2,9,0,18,0,8,0,0,0,0,1,1,6,1,23,5,1796,1,18,-1,-1,-1
2017500254004,1,9,0,17,0,0,0,0,1,0,1,1,5,1,30,6,1461,2,14,-1,-1,-1
2017500254034,1,21,0,18,0,1,1,0,0,0,1,1,1,1,57,9,-1,-1,-1,-1,-1,-1
2017500254034,2,9,0,3,0,1,0,0,0,0,2,1,6,2,28,6,1299,1,14,-1,-1,-1
2017500254050,1,9,0,7,4,0,0,0,0,0,4,1,1,1,24,5,-1,-1,-1,-1,-1,-1
2017500254050,2,1,0,18,4,0,0,0,1,0,3,1,2,1,27,6,-1,-1,-1,-1,-1,-1
2017500254051,1,9,0,9,0,8,0,0,0,0,1,1,2,2,21,5,1197,1,1,-1,-1,-1
2017500254051,2,9,0,18,0,8,1,0,7,10,1,1,5,2,36,7,1753,2,14,-1,-1,-1