Accident_Index,Vehicle_Reference,Vehicle_Type,Towing_and_Articulation,Vehicle_Manoeuvre,Vehicle_Location-Restricted_Lane,Junction_Location,Skidding_and_Overturning,Hit_Object_in_Carriageway,Vehicle_Leaving_Carriageway,Hit_Object_off_Carriageway,1st_Point_of_Impact,Was_Vehicle_Left_Hand_Drive?,Journey_Purpose_of_Driver,Sex_of_Driver,Age_of_Driver,Age_Band_of_Driver,Engine_Capacity_(CC),Propulsion_Code,Age_of_Vehicle,Driver_IMD_Decile,Driver_Home_Area_Type,Vehicle_IMD_Decile
2017520702534,1,9,0,16,0,0,5,0,7,10,1,1,6,1,20,4,1596,1,12,7,2,7
2017520702535,1,9,0,18,0,1,0,0,0,0,4,1,6,2,66,10,1399,2,7,8,1,8
2017520702535,2,1,0,18,0,1,0,0,0,0,1,1,6,1,35,6,-1,-1,-1,-1,-1,-1
2017520702536,1,9,0,18,0,0,0,0,0,0,1,1,6,2,69,10,2000,2,13,5,2,5
2017520702536,2,17,0,4,0,0,0,0,0,0,2,1,6,1,69,10,-1,-1,-1,7,2,7
2017520702545,1,9,0,18,0,0,0,0,5,6,1,1,6,2,31,6,-1,-1,-1,2,1,2
2017520702564,1,9,0,5,0,7,0,0,0,0,2,1,6,1,70,10,1329,1,-1,8,2,8
2017520702564,2,9,0,4,0,7,0,0,0,0,1,1,6,2,25,5,1560,2,12,4,3,4
2017520702569,1,9,0,18,0,3,0,0,0,0,2,1,2,2,41,7,1398,1,2,6,1,6
2017520702569,2,9,0,18,0,8,0,0,0,0,1,1,6,1,20,4,1124,1,13,-1,-1,-1
2017520702584,1,3,0,7,0,5,1,0,0,1,1,1,6,1,19,4,499,1,20,10,1,10
2017520702611,1,9,0,3,0,0,0,0,0,0,3,1,6,1,75,10,1398,2,8,5,1,5
2017520702613,1,9,0,10,0,1,0,0,0,0,2,1,6,2,58,9,1560,2,7,7,3,7
2017520702613,2,9,0,10,0,1,0,0,0,0,1,1,6,3,89,11,1998,1,14,-1,-1,-1
2017520702626,1,9,0,18,0,0,5,0,7,4,4,1,1,1,21,5,-1,-1,-1,4,1,4
2017520702636,1,9,0,16,0,0,0,0,7,10,3,1,6,1,75,10,1968,2,5,8,3,8
2017520702651,1,9,0,18,0,0,1,0,7,10,1,1,1,2,75,10,1198,1,6,5,3,5
2017520702660,1,20,0,18,0,1,0,0,0,0,4,1,6,1,38,7,-1,-1,-1,5,2,5
2017520702660,2,9,0,18,0,1,0,0,0,0,1,1,6,1,27,6,2495,2,16,6,3,6
2017520702662,1,20,0,17,0,0,5,0,0,0,1,1,6,1,56,9,-1,-1,-1,8,3,8
2017520702662,2,9,0,2,0,0,0,0,0,0,4,1,6,3,-1,-1,1796,1,13,-1,-1,-1
2017520702670,1,9,0,4,0,0,0,0,0,0,2,1,6,2,60,9,1685,2,2,9,1,9
2017520702670,2,9,0,18,0,0,0,0,0,0,2,1,6,1,27,6,1796,1,13,5,1,5
2017520702670,3,9,0,18,0,0,0,0,0,0,1,1,6,1,24,5,998,1,3,5,1,5
2017520702717,1,9,0,18,0,2,0,0,0,0,1,1,6,1,69,10,-1,-1,-1,3,1,3
2017520702717,2,9,0,18,0,2,0,0,0,0,2,1,6,2,36,7,1999,2,1,5,1,5
2017520702721,1,9,0,18,0,0,0,0,0,0,1,1,6,2,43,7,1598,2,2,9,1,9
2017520702721,2,9,0,18,0,0,0,0,0,0,4,1,6,2,26,6,1800,1,18,6,1,6
2017520702734,1,9,0,13,0,0,0,0,7,10,3,1,6,2,44,7,1769,1,15,5,3,5
2017520702745,1,9,0,18,0,1,0,0,7,9,4,1,6,1,62,9,5000,1,1,10,1,10
2017520702745,2,1,0,18,0,1,0,0,0,0,3,1,6,1,47,8,-1,-1,-1,7,1,7
2017520702748,1,9,0,17,0,1,0,7,0,0,1,1,6,1,58,9,1388,1,12,7,2,7
2017520702757,1,1,0,15,0,3,0,0,0,0,4,1,6,1,50,8,-1,-1,-1,4,1,4
2017520702757,2,8,0,18,0,3,0,0,0,0,4,1,6,2,67,10,-1,-1,-1,-1,-1,-1
2017520702759,1,9,0,5,9,6,0,0,0,0,1,1,6,2,38,7,1596,1,11,9,3,9
2017520702769,1,9,0,18,0,8,0,0,0,0,1,1,6,1,19,4,1198,1,13,5,3,5
2017520702769,2,5,0,18,0,8,0,0,0,0,1,1,6,1,49,8,1170,1,10,4,2,4
2017520702772,1,9,0,6,0,8,0,0,0,0,1,1,6,1,64,9,2698,2,9,7,3,7
2017520702772,2,5,0,18,0,8,0,0,0,0,1,1,6,1,67,10,600,1,13,1,1,1
2017520702779,1,1,0,18,0,1,0,0,0,0,1,1,2,1,24,5,-1,-1,-1,3,1,3
2017520702779,2,9,0,7,0,6,0,0,0,0,1,1,6,1,-1,-1,-1,-1,-1,-1,-1,-1
2017520702788,1,1,0,3,0,6,0,0,0,0,2,1,6,2,24,5,-1,-1,-1,5,1,5
2017520702788,2,9,0,3,0,6,0,0,0,0,1,1,6,2,31,6,998,1,4,2,1,2
2017520702793,1,9,0,10,0,2,0,0,0,0,2,1,1,1,38,7,2204,2,7,7,1,7
2017520702793,2,8,0,10,0,2,0,0,0,0,1,1,6,3,-1,-1,-1,-1,-1,-1,-1,-1
2017520702800,1,9,0,18,0,0,0,0,0,0,1,1,6,2,52,8,1995,2,7,7,1,7
2017520702800,2,9,0,2,6,0,0,0,0,0,3,1,6,2,48,8,1998,1,9,7,3,7
2017520702800,3,9,0,3,0,0,0,0,0,0,2,1,6,2,38,7,2461,2,20,7,3,7
2017520702800,4,9,0,3,0,0,0,0,1,0,2,1,6,1,75,10,1398,2,3,5,3,5
2017520702808,1,9,0,9,0,0,0,0,0,0,1,1,6,1,62,9,1598,1,5,7,2,7
2017520702808,2,9,0,3,0,0,0,0,0,0,0,1,6,1,51,8,1986,2,9,7,2,7
2017520702808,3,5,0,18,0,0,0,0,0,0,1,1,6,1,67,10,798,1,1,7,3,7
2017520702810,1,9,0,9,0,1,0,0,0,0,2,1,6,1,56,9,-1,-1,-1,5,3,5
2017520702810,2,5,0,18,0,1,0,0,0,0,1,1,6,1,71,10,1170,1,-1,7,2,7
2017520702828,1,9,0,18,0,8,0,0,0,0,1,1,6,1,20,4,1199,1,13,7,1,7
2017520702828,2,9,0,18,0,8,0,0,0,0,1,1,6,1,48,8,1781,1,13,9,1,9
2017520702828,3,9,0,2,0,8,0,0,0,0,2,1,6,3,-1,-1,1242,1,6,-1,-1,-1
2017520702829,1,9,0,9,0,1,0,0,0,0,2,1,6,1,17,4,1896,2,15,8,1,8
2017520702829,2,9,0,18,0,1,0,0,0,0,1,1,6,1,19,4,2148,2,10,6,1,6
2017520702837,1,9,0,18,0,8,0,0,0,0,1,1,6,1,58,9,1198,1,10,6,1,6
2017520702837,2,9,0,9,0,8,0,0,0,0,4,1,6,1,33,6,-1,-1,-1,6,3,6
2017520702874,1,1,0,5,0,0,0,0,0,0,3,1,6,1,23,5,-1,-1,-1,5,1,5
2017520702874,2,9,0,18,0,0,0,0,0,0,1,1,6,2,65,9,998,1,8,-1,-1,-1
2017520702881,1,9,0,18,0,0,0,0,0,0,1,1,6,1,27,6,-1,-1,-1,-1,-1,-1
2017520702881,2,9,0,18,0,0,0,0,0,0,2,1,6,1,40,7,1796,1,6,1,1,1
2017520702888,1,9,0,9,0,8,0,0,0,0,2,1,6,1,64,9,1995,2,4,7,3,7
2017520702888,2,11,0,18,0,1,0,0,0,0,3,1,6,1,48,8,7300,2,11,8,1,8
2017520702888,3,9,0,18,0,1,0,0,0,0,1,1,6,1,57,9,1796,1,15,4,2,4
2017520702895,1,9,0,2,9,0,0,0,0,0,4,1,6,1,47,8,1956,2,3,3,1,3
2017520702895,2,1,0,18,9,0,0,0,0,0,1,1,6,2,33,6,-1,-1,-1,3,1,3
2017520702897,1,9,0,4,0,0,0,0,0,0,2,1,6,2,66,10,1796,1,12,9,2,9
2017520702897,2,9,4,18,0,0,0,0,0,0,1,1,6,1,49,8,2926,2,13,7,3,7
2017520702908,1,9,0,10,0,5,0,0,0,0,4,1,6,2,33,6,1598,1,10,1,1,1
2017520702908,2,3,0,15,0,8,0,0,0,0,1,1,6,1,28,6,124,1,1,4,1,4
2017520702920,1,20,0,18,0,0,0,0,0,0,3,1,1,1,62,9,-1,-1,-1,-1,-1,-1
2017520702920,2,9,0,16,0,0,0,0,0,0,1,1,6,2,22,5,1349,1,4,9,2,9
2017520702933,1,9,0,4,0,1,0,0,0,0,2,1,6,2,37,7,1390,1,6,2,1,2
2017520702933,2,9,0,18,0,1,0,0,0,0,1,1,6,3,21,5,-1,-1,-1,-1,-1,-1
2017520702933,3,9,0,18,0,1,0,0,0,0,0,1,6,1,21,5,2993,2,4,4,2,4
2017520702939,1,9,0,18,0,8,0,0,0,0,1,1,6,1,47,8,998,1,6,3,2,3
2017520702939,2,9,0,9,0,6,0,0,0,0,3,1,6,2,19,4,1398,1,3,3,1,3
2017520702949,1,9,0,5,8,0,0,0,0,0,3,1,6,2,81,11,1339,1,5,9,2,9
2017520702949,2,9,0,18,0,0,0,0,0,0,1,1,6,1,60,9,1560,2,3,9,3,9
2017520702951,1,5,0,13,0,1,0,0,0,0,1,1,6,1,43,7,748,1,14,7,3,7
2017520702951,2,9,0,9,0,5,0,0,0,0,3,1,6,1,53,8,2776,2,10,6,3,6
2017520702955,1,9,0,4,0,0,0,0,0,0,1,1,6,1,85,11,1998,2,15,7,2,7
2017520702955,2,9,0,4,0,0,0,0,0,0,2,1,6,3,-1,-1,-1,-1,-1,-1,-1,-1
2017520702958,1,9,0,7,0,8,0,0,0,0,1,1,6,2,20,4,1388,1,14,8,2,8
2017520702958,2,1,0,18,0,8,0,0,0,0,1,1,6,1,64,9,-1,-1,-1,4,3,4
2017520702964,1,9,0,18,0,0,0,0,0,0,1,1,6,2,71,10,1794,1,16,3,1,3
2017520702964,2,9,0,18,0,0,0,0,0,0,2,1,6,1,75,10,-1,-1,-1,5,3,5
2017520702965,1,9,0,9,0,8,0,0,0,0,3,1,6,1,32,6,2495,2,18,7,3,7
2017520702965,2,9,0,18,0,1,0,0,0,0,1,1,6,2,55,8,1598,1,9,7,3,7
2017520702965,3,9,0,18,0,1,0,0,0,0,3,1,6,2,31,6,-1,-1,-1,7,3,7
2017520702969,1,9,0,7,0,8,0,0,0,0,3,1,6,1,29,6,1198,1,-1,9,2,9
2017520702971,1,1,0,18,0,1,1,0,0,0,1,1,6,1,45,7,-1,-1,-1,5,1,5
2017520702971,2,9,0,18,0,1,0,0,0,0,2,1,6,1,48,8,-1,-1,-1,-1,-1,-1
2017520702972,1,9,0,18,0,0,1,0,1,0,1,1,6,1,68,10,1242,1,6,7,1,7
2017520702972,2,9,0,18,0,0,0,0,0,0,1,1,6,1,17,4,1598,2,7,5,3,5
2017520702979,1,9,0,18,0,8,0,0,0,0,1,1,6,2,76,11,1598,1,13,9,2,9
2017520702979,2,9,0,18,0,8,0,0,0,0,2,1,6,1,62,9,2199,2,7,-1,-1,-1
2017520702979,3,9,0,18,0,8,0,0,0,0,1,1,6,1,29,6,973,1,16,6,1,6
2017520702985,1,9,0,18,0,0,1,0,2,10,4,1,6,1,75,10,3500,1,-1,1,1,1
2017520702991,1,9,0,18,0,8,0,0,0,0,0,1,1,1,-1,-1,-1,-1,-1,5,1,5
2017520702991,2,9,0,4,0,8,0,0,0,0,2,1,6,2,24,5,1799,1,20,10,1,10
2017520702991,3,9,0,18,0,8,0,0,0,0,1,1,6,1,40,7,-1,-1,-1,6,1,6
2017520703017,1,21,1,18,0,0,5,6,0,0,1,1,6,1,40,7,12902,2,1,-1,1,-1
2017520703020,1,9,0,18,0,0,5,12,1,10,3,1,6,2,59,9,1796,1,11,5,3,5
2017520703051,1,5,0,18,0,0,0,11,1,10,1,1,6,1,72,10,998,1,12,3,1,3
2017520703058,1,19,0,18,0,8,0,0,0,0,3,1,1,3,-1,-1,-1,-1,-1,-1,-1,-1
2017520703063,1,9,0,7,0,1,0,0,0,0,4,1,6,3,-1,-1,-1,-1,-1,-1,-1,-1
2017520703063,2,1,0,18,0,1,0,0,0,0,1,1,6,1,16,4,-1,-1,-1,8,1,8
2017520703065,1,9,0,18,0,0,0,0,0,0,2,1,3,2,51,8,1997,2,13,4,3,4
2017520703065,2,9,0,18,0,0,0,0,0,0,1,1,6,3,-1,-1,2204,2,10,-1,-1,-1
2017520703071,1,9,0,4,0,0,0,0,0,0,4,1,6,1,23,5,-1,-1,-1,4,1,4
2017520703087,1,9,0,18,0,0,0,0,0,0,4,1,6,1,47,8,-1,-1,-1,6,2,6
2017520703087,2,9,0,18,0,0,0,0,2,7,3,1,6,1,55,8,1390,1,12,3,1,3
2017520703087,3,9,0,18,0,0,0,11,0,0,1,1,6,1,25,5,3498,1,10,2,1,2
2017520703089,1,9,0,18,0,1,0,0,0,0,1,1,6,1,25,5,1896,2,14,10,1,10
2017520703089,2,9,0,9,0,6,0,0,0,0,1,1,6,1,43,7,1390,1,16,5,3,5
2017520703092,1,9,0,18,0,1,0,0,0,0,1,1,6,1,21,5,2000,2,12,8,2,8
2017520703092,2,9,0,7,0,8,0,0,0,0,1,1,6,1,22,5,1199,1,15,-1,-1,-1
2017520703095,1,9,0,7,0,8,0,0,0,0,1,1,6,1,49,8,1997,2,10,6,1,6
2017520703108,1,21,4,18,0,0,0,0,0,0,2,1,1,1,53,8,11946,2,5,4,3,4
2017520703108,2,21,1,18,0,0,0,0,0,0,1,1,1,1,60,9,12902,2,5,1,1,1
2017520703109,1,3,0,15,0,0,0,0,0,0,1,1,6,1,17,4,125,1,1,5,2,5
2017520703109,2,9,0,15,0,0,0,0,0,0,4,1,6,2,30,6,-1,-1,-1,-1,-1,-1
2017520703112,1,3,0,18,0,1,0,0,0,0,1,1,6,1,22,5,125,1,6,3,1,3
2017520703112,2,9,0,18,0,2,0,0,0,0,1,1,6,2,69,10,1242,1,4,9,2,9
2017520703152,1,9,0,7,0,1,0,0,0,0,1,1,6,1,75,10,2982,2,3,9,3,9
2017520703152,2,9,0,18,0,1,0,0,0,0,3,1,6,1,83,11,1590,1,18,6,3,6
2017520703182,1,9,0,4,0,3,0,0,0,0,0,1,6,2,18,4,1124,1,16,8,2,8
2017520703182,2,9,0,11,0,3,0,0,0,0,0,1,6,2,20,4,-1,-1,-1,-1,-1,-1
2017520703211,1,9,0,18,0,4,0,0,0,0,0,1,6,1,22,5,1199,1,13,-1,-1,-1
2017520703240,1,19,0,18,0,0,0,0,0,0,2,1,6,1,30,6,-1,-1,-1,4,1,4
2017520703240,2,19,0,18,0,0,0,0,0,0,2,1,6,1,30,6,-1,-1,-1,4,1,4
2017520703240,3,19,0,18,0,0,0,0,0,0,1,1,6,1,39,7,2148,2,8,8,1,8
2017520703246,1,19,0,4,0,1,1,0,0,0,1,1,2,1,30,6,1686,2,7,6,1,6
2017520703246,2,9,0,4,0,1,0,0,0,0,2,1,6,1,55,8,2776,2,11,9,1,9
2017520703246,3,9,0,4,0,1,0,0,0,0,0,1,6,3,-1,-1,-1,-1,-1,-1,-1,-1
2017520703249,1,9,0,16,0,0,5,0,1,10,1,1,2,1,34,6,1560,2,11,7,2,7
2017520703257,1,9,0,18,0,0,0,0,1,10,1,1,6,1,42,7,1398,2,14,5,2,5
2017520703257,2,9,0,2,0,0,0,0,0,0,3,1,6,3,-1,-1,1388,1,5,-1,-1,-1
2017520703257,3,9,0,2,0,0,0,0,0,0,2,1,6,3,-1,-1,2494,1,17,-1,-1,-1
2017520703258,1,9,0,18,0,0,1,0,0,0,2,1,6,2,53,8,1398,2,13,4,3,4
2017520703258,2,9,0,3,0,0,0,0,0,0,2,1,6,1,49,8,1686,2,7,7,1,7
2017520703258,3,9,0,3,0,0,0,0,0,0,2,1,6,2,54,8,1229,1,12,3,1,3
2017520703258,4,9,0,18,0,0,0,0,0,0,1,1,6,1,33,6,2993,2,4,3,1,3
2017520703259,1,4,0,18,0,0,0,0,1,10,1,1,6,1,26,6,599,1,11,8,2,8
2017520703270,1,9,0,18,0,0,5,0,0,0,1,1,6,1,23,5,-1,-1,-1,4,1,4
2017520703270,2,9,0,18,0,0,0,0,7,10,3,1,6,2,57,9,1984,1,2,9,1,9
2017520703274,1,9,0,5,0,8,0,0,0,0,0,1,6,2,39,7,1998,1,9,8,1,8
2017520703277,1,9,0,18,0,0,0,0,7,0,1,1,6,2,73,10,1685,2,2,9,2,9
2017520703277,2,9,0,18,0,0,0,0,0,0,1,1,6,1,49,8,1595,1,17,5,1,5
2017520703291,1,9,0,18,0,1,5,0,1,0,1,1,6,1,19,4,1299,1,12,3,2,3
2017520703306,1,9,0,18,0,6,0,0,1,10,1,1,6,1,30,6,-1,-1,-1,4,1,4
2017520703306,2,9,0,18,0,8,0,0,0,0,1,1,6,2,72,10,1968,2,4,7,3,7
2017520703336,1,9,0,16,0,8,0,0,0,0,3,1,6,1,18,4,1124,1,15,5,2,5
2017520703336,2,9,0,9,0,6,0,0,0,0,1,1,6,1,19,4,-1,-1,-1,7,3,7
2017520703344,1,9,0,18,0,0,0,0,0,0,1,1,6,2,56,9,1329,1,8,5,1,5
2017520703348,1,5,0,17,0,0,0,0,1,10,4,1,6,1,21,5,649,1,6,4,2,4
2017520703348,2,20,1,18,0,0,0,0,0,0,0,1,1,3,-1,-1,-1,-1,-1,-1,-1,-1
2017520703365,1,9,0,18,0,0,0,0,0,0,1,1,6,2,50,8,1598,1,10,4,3,4
2017520703365,2,9,0,18,0,0,0,0,0,0,1,1,6,1,57,9,-1,-1,-1,4,3,4
2017520703367,1,9,0,18,0,0,0,0,0,0,4,1,6,3,-1,-1,-1,-1,-1,-1,-1,-1
2017520703374,1,9,0,9,0,0,0,0,0,0,1,1,6,2,45,7,1596,1,12,8,3,8
2017520703374,2,1,0,18,0,0,0,0,0,0,1,1,6,1,45,7,-1,-1,-1,6,3,6
2017520703379,1,9,0,18,0,0,0,0,0,0,1,1,6,1,52,8,1686,2,13,4,1,4
2017520703379,2,9,0,18,0,0,0,0,0,0,1,1,6,1,36,7,-1,-1,-1,7,3,7
2017520703383,1,9,0,18,0,0,0,0,0,0,1,1,6,1,27,6,1598,1,2,7,3,7
2017520703383,2,9,0,2,0,0,0,0,0,0,1,1,6,3,-1,-1,1910,2,13,-1,-1,-1
2017520703383,3,9,0,2,0,0,0,0,0,0,2,1,6,3,-1,-1,1299,1,14,-1,-1,-1
2017520703389,1,19,0,18,0,0,0,0,7,9,1,1,6,1,47,8,1248,2,12,1,1,1
2017520703403,1,2,0,17,0,0,0,0,1,0,4,1,1,1,16,4,49,1,1,6,1,6
2017520703403,2,9,0,17,0,0,0,0,0,0,0,1,6,3,-1,-1,-1,-1,-1,-1,-1,-1
2017520703404,1,9,0,9,0,5,0,0,0,0,4,1,6,1,21,5,1149,1,12,7,3,7
2017520703404,2,1,0,18,0,8,0,0,0,0,1,1,6,1,61,9,-1,-1,-1,10,1,10
2017520703408,1,9,0,18,0,0,0,0,7,0,1,1,1,3,-1,-1,-1,-1,-1,-1,-1,-1
2017520703411,1,9,0,18,0,0,0,0,0,0,1,1,6,1,23,5,1968,2,-1,-1,-1,-1
2017520703411,2,9,0,2,0,0,0,0,0,0,3,1,6,1,50,8,1994,1,9,8,2,8
2017520703411,3,9,0,2,0,0,0,0,0,0,3,1,6,1,49,8,-1,-1,-1,9,2,9
2017520703412,1,9,0,5,0,8,0,0,0,0,3,1,6,1,50,8,-1,-1,-1,4,3,4
2017520703412,2,9,0,18,0,1,0,0,0,0,1,1,6,1,24,5,1997,2,12,-1,-1,-1
2017520703417,1,9,0,18,0,1,0,0,0,0,1,1,6,2,55,8,2987,2,6,9,2,9
2017520703417,2,9,4,18,0,1,0,0,0,0,1,1,6,1,43,7,2400,2,4,8,3,8
2017520703417,3,9,0,4,0,1,1,0,0,0,2,1,6,1,64,9,1896,2,15,-1,-1,-1
2017520703420,1,9,0,9,0,8,0,0,0,0,1,1,6,1,19,4,1229,1,6,7,2,7
2017520703420,2,9,0,18,0,8,0,0,0,0,1,1,6,1,30,6,1587,1,10,8,1,8
2017520703433,1,9,0,18,0,0,0,0,0,0,0,1,6,3,-1,-1,-1,-1,-1,-1,-1,-1
2017520703456,1,9,0,18,0,0,0,0,0,0,3,1,6,2,41,7,1870,2,23,6,2,6
2017520703456,2,9,0,17,0,0,0,0,0,0,3,1,6,1,21,5,1597,1,25,6,1,6
2017520703472,1,19,0,13,0,0,0,0,0,0,3,1,6,1,41,7,2287,2,9,6,1,6
2017520703472,2,4,0,18,0,0,0,0,0,0,1,1,6,1,52,8,918,1,20,2,1,2
2017520703475,1,19,0,18,0,0,0,0,7,10,1,1,6,1,25,5,1998,2,16,6,3,6
2017520703510,1,9,0,18,0,1,0,0,0,0,3,1,6,2,23,5,-1,-1,-1,6,3,6
2017520703510,2,9,0,5,0,1,0,0,0,0,1,1,6,2,38,7,2401,2,14,10,1,10
2017520703515,1,9,0,18,0,8,0,0,0,0,1,1,1,1,50,8,1560,2,9,9,1,9
2017520703515,2,9,0,8,0,8,0,0,0,0,0,1,6,2,52,8,1242,1,16,8,2,8
2017520703517,1,9,0,18,0,0,0,0,0,0,0,1,6,2,39,7,1329,1,8,10,1,10
2017520703517,2,9,0,18,0,0,0,0,7,4,4,1,6,1,36,7,1781,1,14,6,2,6
2017520703524,1,9,0,18,0,0,2,11,7,10,1,1,6,1,74,10,1989,1,17,-1,1,-1
2017520703568,1,9,0,18,0,0,0,0,0,0,1,1,6,2,48,8,1991,2,14,7,3,7
2017520703582,1,9,0,10,0,6,0,0,0,0,1,1,1,2,35,6,1364,1,8,-1,-1,-1
2017520703582,2,9,0,18,0,6,0,0,0,0,2,1,6,1,35,6,2204,2,11,5,1,5
2017520703593,1,9,0,18,0,0,0,0,0,0,4,1,6,1,70,10,-1,-1,-1,10,1,10
2017520703593,2,9,0,18,0,0,5,0,1,10,4,1,6,1,17,4,999,1,18,4,3,4
2017520703604,1,9,0,18,0,0,0,0,1,4,1,1,6,2,51,8,1332,1,20,3,2,3
2017520703606,1,9,0,18,0,2,0,0,0,0,1,1,6,2,22,5,1149,1,15,1,1,1
2017520703607,1,9,0,1,0,0,0,0,0,0,2,1,6,2,36,7,1991,2,14,7,1,7
2017520703607,2,9,0,4,0,0,1,0,0,0,1,1,6,2,49,8,1240,1,10,9,1,9
2017520703636,1,1,0,18,0,0,0,0,1,0,2,1,6,1,56,9,-1,-1,-1,-1,-1,-1
2017520703636,2,9,0,15,0,0,1,0,0,0,1,1,6,3,-1,-1,1199,1,16,-1,-1,-1
2017520703652,1,9,0,8,0,1,0,0,0,0,2,1,6,1,33,6,1124,1,15,-1,1,-1
2017520703652,2,9,0,18,0,1,0,0,0,0,1,1,6,1,22,5,1560,2,7,8,3,8
2017520703658,1,9,0,5,0,0,0,0,0,0,1,1,6,2,31,6,1796,1,12,5,1,5
2017520703665,1,1,0,5,0,6,0,0,0,0,3,1,6,2,33,6,-1,-1,-1,6,1,6
2017520703665,2,9,0,5,0,6,0,10,0,0,4,1,6,1,70,10,-1,-1,-1,3,1,3
2017520703667,1,9,0,10,0,0,0,0,0,0,2,1,6,2,55,8,1998,1,13,7,3,7
2017520703667,2,9,0,18,0,0,0,0,0,0,1,1,6,1,22,5,1783,1,12,8,3,8
2017520703673,1,9,0,18,0,0,0,0,7,10,1,1,6,1,63,9,-1,-1,-1,5,1,5
2017520703673,2,9,0,18,0,0,0,0,0,0,1,1,6,1,52,8,-1,-1,-1,6,2,6
2017520703710,1,5,0,18,0,0,0,0,0,0,3,1,6,1,67,10,-1,-1,-1,3,1,3
2017520703720,1,9,0,18,0,0,0,0,0,0,1,1,6,1,72,10,1868,2,18,10,1,10
2017520703720,2,9,0,18,0,0,0,0,0,0,1,1,6,2,54,8,998,1,1,8,1,8
2017520703721,1,9,0,18,0,0,0,0,0,0,1,1,6,1,57,9,1794,1,10,7,1,7
2017520703734,1,9,0,9,0,8,0,0,0,0,3,1,6,1,34,6,1086,1,10,4,1,4
2017520703734,2,4,0,13,0,8,0,0,7,10,1,1,6,1,22,5,999,1,17,5,3,5
2017520703756,1,9,0,18,0,0,0,0,0,0,1,1,6,1,35,6,2987,2,6,8,3,8
2017520703756,2,17,4,18,0,0,0,0,0,0,2,1,6,1,77,11,4400,2,5,8,2,8
2017520703762,1,9,0,18,0,0,0,0,0,0,1,1,6,2,46,8,1240,1,12,6,1,6
2017520703762,2,9,0,2,0,0,0,0,0,0,1,1,6,3,-1,-1,1968,2,-1,-1,-1,-1
2017520703762,3,9,0,2,0,0,0,0,0,0,2,1,6,3,-1,-1,1560,2,8,-1,-1,-1
2017520703765,1,9,0,18,0,0,0,0,0,0,1,1,6,1,30,6,-1,-1,-1,9,3,9
2017520703777,1,9,0,1,0,0,0,0,0,0,2,1,6,1,82,11,1495,1,20,-1,-1,-1
2017520703790,1,9,0,5,0,4,0,0,0,0,4,1,6,1,48,8,2494,8,3,3,1,3
2017520703790,2,1,0,18,0,8,0,0,0,0,1,1,6,1,48,8,-1,-1,-1,3,1,3
2017520703832,1,17,0,18,0,8,0,0,0,0,0,1,6,1,31,6,-1,2,-1,5,3,5
2017520703833,1,9,0,18,0,2,0,0,0,0,1,1,6,2,59,9,1422,2,9,9,2,9
2017520703847,1,1,0,18,0,1,0,0,0,0,2,1,6,1,56,9,-1,-1,-1,8,1,8
2017520703847,2,9,0,13,0,2,0,0,0,0,1,1,6,2,40,7,1995,2,7,-1,-1,-1
2017520703855,1,9,0,1,0,0,0,0,0,0,2,1,6,2,40,7,1461,2,9,5,1,5
2017520703857,1,9,0,18,0,2,0,0,0,0,1,1,6,2,55,8,1242,1,4,6,3,6
2017520703857,2,9,0,18,0,2,0,0,0,0,2,1,6,1,67,10,1997,2,-1,-1,-1,-1
2017520703874,1,9,0,10,0,5,0,0,0,0,1,1,6,2,19,4,1360,1,13,4,2,4
2017520703874,2,1,0,18,0,1,0,0,0,0,1,1,6,1,43,7,-1,-1,-1,9,1,9
2017520703889,1,9,0,18,0,8,0,0,0,0,1,1,6,2,28,6,1896,2,11,3,1,3
2017520703889,2,1,0,18,0,8,0,0,0,0,2,1,6,1,14,3,-1,-1,-1,2,1,2
2017520703893,1,9,0,18,0,0,0,0,0,0,1,1,6,1,20,4,1598,1,11,5,1,5
2017520703897,1,4,0,7,0,0,1,0,0,0,0,1,6,1,20,4,125,1,1,5,1,5
2017520703902,1,9,0,18,0,3,1,0,0,0,1,1,6,1,19,4,1199,1,15,4,2,4
2017520703928,1,9,3,18,0,8,0,0,0,0,3,1,6,3,-1,-1,-1,-1,-1,-1,-1,-1
2017520703933,1,9,0,18,0,0,0,0,0,0,4,1,6,1,19,4,1598,1,11,3,1,3
2017520703934,1,9,0,18,0,4,0,0,0,0,1,1,6,1,52,8,1598,1,15,5,2,5
2017520703934,2,9,0,18,0,4,0,0,0,0,3,1,6,1,24,5,2495,2,19,7,2,7
2017520703945,1,9,0,5,0,2,0,0,0,0,3,1,6,1,38,7,1995,2,1,5,1,5
2017520703945,2,4,0,18,0,1,0,0,0,0,1,1,6,1,54,8,659,1,5,5,1,5
2017520703964,1,9,0,18,0,2,0,0,0,0,1,1,6,3,-1,-1,-1,-1,-1,-1,-1,-1
2017520703967,1,9,0,18,0,1,0,0,0,0,3,1,6,3,-1,-1,-1,-1,-1,-1,-1,-1
2017520703971,1,1,0,18,0,8,0,0,0,0,4,1,6,1,17,4,-1,-1,-1,5,1,5
2017520703971,2,9,0,9,0,8,0,0,0,0,1,1,6,1,40,7,-1,-1,-1,-1,-1,-1
2017520704010,1,17,4,18,0,8,0,0,0,0,4,1,6,1,26,6,-1,-1,-1,4,1,4