Accident_Index,Vehicle_Reference,Vehicle_Type,Towing_and_Articulation,Vehicle_Manoeuvre,Vehicle_Location-Restricted_Lane,Junction_Location,Skidding_and_Overturning,Hit_Object_in_Carriageway,Vehicle_Leaving_Carriageway,Hit_Object_off_Carriageway,1st_Point_of_Impact,Was_Vehicle_Left_Hand_Drive?,Journey_Purpose_of_Driver,Sex_of_Driver,Age_of_Driver,Age_Band_of_Driver,Engine_Capacity_(CC),Propulsion_Code,Age_of_Vehicle,Driver_IMD_Decile,Driver_Home_Area_Type,Vehicle_IMD_Decile
2017520704010,2,9,0,5,0,6,0,0,0,0,4,1,6,1,75,10,3199,1,15,10,1,10
2017520704018,1,9,0,18,0,0,0,0,0,0,3,1,6,2,31,6,1988,1,14,3,1,3
2017520704018,2,9,0,18,0,0,0,0,0,0,4,1,6,3,-1,-1,-1,-1,-1,-1,-1,-1
2017520704034,1,9,0,5,0,0,0,0,0,0,3,1,6,1,34,6,1968,2,7,1,1,1
2017520704034,2,3,0,18,0,0,1,0,0,0,1,1,6,1,20,4,278,1,2,6,1,6
2017520704046,1,9,0,18,0,0,0,0,0,0,1,1,6,1,63,9,1997,2,7,8,1,8
2017520704046,2,9,0,18,0,0,0,0,0,0,1,1,6,1,65,9,1968,2,-1,10,1,10
2017520704046,3,19,0,18,0,0,0,0,0,0,3,1,1,1,62,9,12740,2,3,2,2,2
2017520704047,1,17,0,9,0,8,1,4,0,0,3,1,6,1,16,4,-1,-1,-1,5,1,5
2017520704047,2,9,0,2,0,2,0,0,0,0,3,1,6,3,-1,-1,-1,-1,-1,-1,-1,-1
2017520704053,1,4,0,13,0,1,0,0,0,0,1,1,6,1,60,9,1200,1,1,6,3,6
2017520704053,2,9,0,9,0,5,0,0,0,0,3,1,6,1,33,6,1997,2,9,8,2,8
2017520704058,1,9,0,7,0,5,1,0,7,10,1,1,6,1,32,6,-1,-1,-1,-1,1,-1
2017520704064,1,9,0,18,0,0,0,0,0,0,1,1,6,2,58,9,998,1,10,5,3,5
2017520704064,2,9,0,18,0,0,0,0,0,0,1,1,6,1,45,7,1398,1,13,2,1,2
2017520704065,1,19,0,1,9,0,0,0,0,0,2,1,1,1,45,7,2461,2,16,9,1,9
2017520704080,1,9,0,18,0,0,0,0,0,0,1,1,6,1,86,11,-1,-1,-1,5,2,5
2017520704080,2,9,0,18,0,0,0,0,0,0,1,1,6,1,64,9,-1,-1,-1,-1,-1,-1
2017520704089,1,9,0,13,0,1,0,0,0,0,1,1,6,1,71,10,2987,2,5,7,1,7
2017520704089,2,9,0,18,0,2,0,0,0,0,3,1,6,1,61,9,2902,2,12,9,3,9
2017520704089,3,9,0,18,0,1,0,0,0,0,0,1,6,3,-1,-1,-1,-1,-1,-1,-1,-1
2017520704098,1,9,0,18,0,0,0,0,1,10,1,1,6,2,41,7,2495,2,14,6,3,6
2017520704098,2,9,0,18,0,0,0,0,1,10,2,1,6,1,79,11,1596,1,4,9,2,9
2017520704102,1,9,0,3,0,0,0,0,0,0,1,1,6,1,23,5,-1,-1,-1,5,2,5
2017520704102,2,9,0,3,0,0,0,0,0,0,2,1,6,2,29,6,1998,1,11,7,2,7
2017520704102,3,9,0,3,0,0,0,0,0,0,2,1,6,1,27,6,-1,-1,-1,3,1,3
2017520704102,4,9,0,3,0,0,0,0,0,0,2,1,6,1,32,6,-1,-1,-1,5,3,5
2017520704113,1,9,0,16,0,1,1,0,1,4,1,1,6,1,54,8,1198,1,12,7,3,7
2017520704132,1,9,0,3,0,1,0,0,0,0,2,1,6,1,66,10,1560,2,2,-1,3,-1
2017520704132,2,9,0,3,0,1,0,0,0,0,2,1,6,2,50,8,1560,2,2,7,3,7
2017520704132,3,9,0,4,0,1,0,0,0,0,1,1,6,2,48,8,1461,2,8,5,1,5
2017520704137,1,9,0,18,0,0,0,0,0,0,1,1,6,1,39,7,1598,1,15,6,1,6
2017520704139,1,9,0,18,0,0,0,0,0,0,1,1,6,1,20,4,1910,2,10,6,1,6
2017520704139,2,9,0,4,0,0,0,0,0,0,2,1,6,1,42,7,1560,2,10,6,1,6
2017520704139,3,9,0,4,0,0,0,0,0,0,2,1,6,1,62,9,1951,2,11,10,1,10
2017520704141,1,19,0,9,0,1,0,0,0,0,3,1,6,1,56,9,2299,2,5,5,1,5
2017520704141,2,1,0,17,0,2,0,0,0,0,1,1,6,1,48,8,-1,-1,-1,9,3,9
2017520704180,1,9,0,18,0,0,0,0,0,0,1,1,1,1,35,6,1598,1,9,5,2,5
2017520704183,1,9,0,10,0,1,0,0,0,0,2,1,1,1,28,6,1796,1,15,4,1,4
2017520704183,2,4,0,18,0,1,0,0,0,0,1,1,1,1,33,6,124,1,11,2,1,2
2017520704184,1,9,0,18,0,0,0,0,0,0,1,1,6,1,69,10,1560,2,4,6,1,6
2017520704184,2,9,0,18,0,0,0,0,0,0,1,1,6,1,63,9,1995,2,7,9,3,9
2017520704185,1,9,0,18,0,2,0,0,0,0,3,1,6,1,70,10,-1,-1,-1,7,3,7
2017520704188,1,9,0,18,0,8,0,0,0,0,1,1,6,1,43,7,1747,1,13,7,3,7
2017520704188,2,9,0,10,0,8,0,0,0,0,1,1,6,2,52,8,1598,1,12,8,3,8
2017520704192,1,19,0,1,0,1,0,0,0,0,2,1,1,1,30,6,1995,2,-1,7,3,7
2017520704208,1,9,0,16,0,1,0,11,7,0,1,1,6,3,30,6,1984,1,3,-1,-1,-1
2017520704227,1,9,0,6,0,1,0,0,0,0,4,1,6,1,38,7,1587,1,10,10,1,10
2017520704227,2,1,0,18,0,1,0,0,0,0,1,1,6,1,35,6,-1,-1,-1,9,3,9
2017520704256,1,9,0,18,0,8,0,0,0,0,1,1,6,2,73,10,1587,1,10,3,1,3
2017520704256,2,9,0,18,0,8,0,0,0,0,1,1,6,2,25,5,1248,1,7,8,2,8
2017520704259,1,9,0,18,0,8,0,0,0,0,1,1,6,1,63,9,2143,2,4,10,1,10
2017520704259,2,9,0,18,0,8,0,0,0,0,1,1,6,2,28,6,1956,2,7,7,3,7
2017520704259,3,1,0,18,0,8,0,0,0,0,1,1,6,1,32,6,-1,-1,-1,8,2,8
2017520704259,4,1,0,18,0,8,0,0,0,0,1,1,6,1,33,6,-1,-1,-1,1,1,1
2017520704262,1,9,0,12,0,3,1,0,0,0,0,1,6,3,32,6,-1,-1,-1,-1,-1,-1
2017520704262,2,5,0,18,0,4,1,0,0,0,0,1,6,1,42,7,599,1,16,5,2,5
2017520704263,1,9,0,4,0,1,0,0,0,0,2,1,1,1,52,8,-1,-1,-1,6,1,6
2017520704263,2,9,0,4,0,1,0,0,0,0,1,1,6,2,46,8,1360,1,14,9,1,9
2017520704263,3,9,0,4,0,1,0,0,0,0,1,1,6,1,43,7,1339,1,12,3,1,3
2017520704351,1,9,0,18,0,0,0,0,0,0,1,1,6,2,22,5,1242,1,5,-1,-1,-1
2017520704351,2,9,0,5,0,0,0,0,0,0,4,1,6,2,30,6,1360,1,11,-1,-1,-1
2017520704358,1,9,0,3,0,1,0,0,0,0,1,1,6,2,28,6,1798,1,7,9,2,9
2017520704358,2,17,0,18,0,6,0,0,0,0,3,1,1,1,30,6,4000,2,1,-1,-1,-1
2017520704375,1,9,0,9,0,8,0,0,0,0,1,1,6,1,30,6,1560,2,2,7,1,7
2017520704440,1,9,0,18,0,0,0,0,0,0,1,1,6,1,25,5,1396,1,14,3,2,3
2017520704440,2,9,0,18,0,0,0,0,0,0,1,1,6,2,53,8,2429,1,12,5,2,5
2017520704446,1,9,0,18,0,1,0,0,0,0,1,1,6,2,27,6,-1,-1,-1,3,1,3
2017520704446,2,9,0,9,0,6,0,0,0,0,1,1,6,1,73,10,1797,8,8,7,3,7
2017520704451,1,9,0,18,0,0,0,0,1,0,1,1,6,2,41,7,1968,2,3,8,3,8
2017520704451,2,9,0,18,0,0,0,0,0,0,1,1,6,2,73,10,998,1,6,5,1,5
2017520704452,1,9,0,18,0,0,0,0,0,0,3,1,6,1,42,7,-1,-1,-1,8,1,8
2017520704453,1,9,0,10,0,8,0,0,0,0,2,1,6,2,27,6,1598,1,10,5,1,5
2017520704453,2,19,0,3,0,8,0,0,0,0,2,1,6,1,47,8,2198,2,10,6,3,6
2017520704453,3,9,0,4,0,8,0,0,0,0,1,1,6,1,26,6,1968,2,-1,5,1,5
2017520704459,1,9,0,18,0,0,0,0,0,0,1,1,6,1,52,8,-1,-1,-1,7,3,7
2017520704459,2,9,0,9,0,0,0,0,0,0,1,1,6,2,30,6,-1,-1,-1,9,1,9
2017520704461,1,9,0,18,0,0,0,0,0,0,1,1,6,1,68,10,5439,1,13,5,2,5
2017520704469,1,9,0,18,0,2,0,0,0,0,4,1,6,3,-1,-1,-1,-1,-1,-1,-1,-1
2017520704482,1,9,0,18,0,0,0,0,0,0,2,1,6,2,43,7,998,1,3,8,2,8
2017520704482,2,9,0,18,0,0,0,0,0,0,1,1,6,3,-1,-1,1753,2,14,-1,-1,-1
2017520704501,1,9,0,18,0,0,0,0,0,0,1,1,6,1,85,11,1598,1,6,4,2,4
2017520704501,2,9,0,18,0,0,0,0,0,0,1,1,6,2,27,6,-1,-1,-1,6,1,6
2017520704503,1,9,0,16,0,0,0,0,7,10,1,1,6,2,25,5,1598,1,15,6,1,6
2017520704522,1,9,0,18,0,0,0,0,0,0,4,1,6,1,48,8,1596,1,8,10,1,10
2017520704538,1,5,0,18,0,0,0,0,1,10,1,1,6,1,53,8,749,1,26,5,1,5
2017520704544,1,9,0,18,0,0,0,0,0,0,1,1,6,2,43,7,1968,2,7,7,1,7
2017520704544,2,9,0,18,0,0,0,0,0,0,1,1,6,1,20,4,1422,2,14,9,2,9
2017520704566,1,1,0,14,0,0,0,0,0,0,4,1,6,1,50,8,-1,-1,-1,6,1,6
2017520704566,2,9,0,14,0,0,0,0,0,0,4,1,1,3,-1,-1,-1,-1,-1,-1,-1,-1
2017520704589,1,9,0,18,0,0,0,0,0,0,1,1,6,1,30,6,-1,-1,-1,2,1,2
2017520704589,2,5,0,18,0,0,0,0,0,0,2,1,6,1,31,6,600,1,16,5,1,5
2017520704600,1,9,0,18,0,0,0,0,0,0,1,1,6,1,21,5,1398,2,9,6,3,6
2017520704602,1,2,0,4,0,1,0,0,1,0,1,1,6,2,18,4,49,1,15,9,3,9
2017520704602,2,9,0,18,0,1,0,0,0,0,1,1,6,3,-1,-1,-1,-1,-1,-1,-1,-1
2017520704611,1,2,0,18,0,0,0,0,0,0,2,1,6,1,16,4,49,1,4,3,2,3
2017520704611,2,9,0,18,0,0,0,0,0,0,4,1,6,1,29,6,1968,2,8,5,1,5
2017520704612,1,9,0,18,0,1,0,0,0,0,2,1,6,1,22,5,1390,1,14,4,2,4
2017520704612,2,9,0,18,0,1,0,0,0,0,1,1,6,1,-1,-1,-1,-1,-1,-1,-1,-1
2017520704658,1,1,0,9,0,8,0,0,0,0,1,1,2,2,34,6,-1,-1,-1,5,1,5
2017520704658,2,9,0,11,0,3,0,0,0,0,4,1,6,2,40,7,-1,-1,-1,-1,-1,-1
2017520704669,1,9,0,9,0,4,0,0,0,0,1,1,6,2,40,7,1200,1,-1,6,3,6
2017520704669,2,9,0,18,0,4,0,0,0,0,1,1,6,1,60,9,1598,1,9,-1,-1,-1
2017520704673,1,1,0,3,0,1,0,0,0,0,2,1,6,1,29,6,-1,-1,-1,8,2,8
2017520704673,2,9,0,5,0,1,0,0,0,0,1,1,6,1,50,8,-1,-1,-1,10,1,10
2017520704674,1,9,0,17,0,0,0,0,1,0,1,1,6,1,18,4,1388,1,14,7,2,7
2017520704677,1,9,0,3,0,8,0,0,0,0,2,1,6,1,78,11,1870,2,13,9,2,9
2017520704677,2,2,0,18,0,8,0,0,0,0,1,1,6,2,17,4,49,1,1,7,3,7
2017520704681,1,1,0,18,0,2,0,0,0,0,2,1,6,2,36,7,-1,-1,-1,8,3,8
2017520704681,2,9,0,5,0,2,0,0,0,0,1,1,6,1,65,9,-1,-1,-1,-1,-1,-1
2017520704690,1,9,0,18,0,0,0,0,0,0,1,1,6,1,42,7,-1,-1,-1,4,1,4
2017520704690,2,9,0,18,0,0,0,0,0,0,1,1,6,1,85,11,1390,2,16,4,2,4
2017520704708,1,9,0,4,0,0,0,0,0,0,2,1,6,2,23,5,998,1,10,3,2,3
2017520704708,2,9,0,4,0,0,0,0,0,0,2,1,6,3,-1,-1,-1,-1,-1,-1,-1,-1
2017520704708,3,9,0,4,0,0,0,0,0,0,1,1,6,3,-1,-1,-1,-1,-1,-1,-1,-1
2017520704716,1,9,0,18,0,0,0,0,0,0,1,1,6,1,55,8,1360,1,13,4,3,4
2017520704716,2,9,0,18,0,0,0,0,0,0,1,1,6,1,63,9,1997,2,12,4,3,4
2017520704735,1,9,0,10,0,1,0,0,0,0,2,1,6,1,49,8,1870,2,14,2,1,2
2017520704735,2,2,0,18,0,1,0,0,0,0,1,1,6,2,17,4,49,1,13,2,1,2
2017520704738,1,9,0,18,0,8,0,0,0,0,2,1,6,2,54,8,1395,1,-1,6,3,6
2017520704738,2,9,0,18,0,8,0,0,0,0,1,1,6,1,32,6,1364,1,11,2,1,2
2017520704746,1,9,0,18,0,0,0,0,1,10,4,1,6,1,26,6,1796,1,11,5,3,5
2017520704754,1,5,0,18,0,0,0,0,0,0,2,1,2,1,48,8,600,1,13,5,1,5
2017520704754,2,9,0,18,0,0,0,0,0,0,2,1,6,1,40,7,-1,-1,-1,-1,-1,-1
2017520704754,3,17,0,18,0,0,1,0,0,0,2,1,6,1,60,9,-1,-1,-1,6,3,6
2017520704765,1,9,0,18,0,0,0,0,0,0,3,1,6,1,28,6,1496,2,2,-1,1,-1
2017520704765,2,9,0,18,0,0,0,0,0,0,3,1,6,2,44,7,1461,2,7,6,3,6
2017520704772,1,9,0,18,0,0,0,0,0,0,1,1,6,1,45,7,1991,1,1,5,2,5
2017520704772,2,9,0,18,0,0,0,0,0,0,3,1,6,1,19,4,1499,1,-1,6,2,6
2017520704794,1,9,0,17,0,8,2,0,8,0,4,1,2,1,19,4,1597,1,26,5,1,5
2017520704794,2,17,4,9,0,5,0,0,0,0,4,1,1,1,57,9,-1,2,5,8,3,8
2017520704794,3,19,0,18,0,8,0,0,0,0,1,1,1,1,49,8,1868,2,13,5,3,5
2017520704795,1,9,0,15,0,0,5,0,1,10,1,1,6,1,20,4,1598,2,6,7,3,7
2017520704795,2,9,0,13,0,0,0,0,1,10,2,1,6,1,76,11,2720,2,12,6,3,6
2017520704795,3,19,5,18,0,0,0,0,0,0,2,1,6,1,38,7,-1,-1,-1,6,3,6
2017520704800,1,9,0,9,0,8,0,0,0,0,1,1,6,1,69,10,-1,-1,-1,4,3,4
2017520704800,2,1,0,18,0,8,0,0,0,0,1,1,6,2,47,8,-1,-1,-1,2,1,2
2017520704806,1,9,4,18,0,0,5,0,5,6,1,1,6,1,38,7,2495,2,11,9,2,9
2017520704806,2,9,0,12,0,0,0,0,0,0,2,1,6,3,-1,-1,-1,-1,-1,-1,-1,-1
2017520704837,1,9,0,16,0,0,0,0,0,0,1,1,6,1,30,6,1968,2,7,2,1,2
2017520704837,2,9,0,17,0,0,0,0,0,0,1,1,6,2,62,9,998,1,1,5,3,5
2017520704842,1,9,0,16,0,2,0,0,7,10,1,1,6,1,18,4,1388,1,7,5,1,5
2017520704842,2,9,0,16,0,2,0,0,0,0,0,1,1,1,30,6,1995,2,7,-1,-1,-1
2017520704845,1,9,0,18,0,0,0,0,0,0,1,1,6,1,65,9,-1,-1,-1,6,3,6
2017520704845,2,9,0,18,0,0,0,0,0,0,1,1,6,2,45,7,2460,2,9,5,2,5
2017520704868,1,9,0,18,0,0,0,0,6,10,1,1,6,1,20,4,1587,1,17,6,1,6
2017520704868,2,9,0,18,0,0,0,0,0,0,1,1,6,2,33,6,1598,1,9,8,1,8
2017520704911,1,9,0,18,0,8,0,0,0,0,0,1,6,3,-1,-1,-1,-1,-1,-1,-1,-1
2017520704915,1,9,0,18,0,0,0,0,0,0,1,1,6,1,49,8,1399,2,7,8,2,8
2017520704944,1,9,0,18,0,8,0,0,0,0,3,1,6,1,29,6,1995,2,12,3,1,3
2017520704944,2,9,0,18,0,8,0,0,0,0,1,1,6,2,31,6,1895,1,17,4,1,4
2017520704953,1,9,0,18,0,0,0,0,0,0,1,1,6,1,24,5,1390,1,9,7,3,7
2017520704953,2,9,0,18,0,0,0,0,0,0,1,1,6,2,49,8,2972,1,18,-1,-1,-1
2017520704958,1,9,0,18,0,6,0,0,0,0,1,1,6,1,35,6,1598,1,12,7,3,7
2017520704958,2,9,0,18,0,2,5,0,1,0,1,1,6,1,24,5,1587,1,14,5,1,5
2017520704965,1,9,0,18,0,1,0,0,0,0,1,1,6,1,28,6,998,1,1,6,1,6
2017520704965,2,9,0,18,0,1,0,0,0,0,1,1,6,2,29,6,1997,2,4,7,1,7
2017520704969,1,9,0,18,0,1,0,0,0,0,0,1,6,1,21,5,1229,1,12,1,1,1
2017520704973,1,1,0,18,0,1,0,0,0,0,1,1,6,1,34,6,-1,-1,-1,10,1,10
2017520704973,2,9,0,7,0,6,0,0,0,0,4,1,6,3,45,7,-1,-1,-1,-1,-1,-1
2017520705024,1,9,0,18,0,0,0,0,0,0,4,1,6,1,61,9,1396,1,19,7,3,7
2017520705024,2,9,0,18,0,0,0,0,0,0,4,1,6,2,31,6,1598,2,-1,9,1,9
2017520705033,1,9,0,18,0,8,0,0,1,10,1,1,6,1,85,11,1229,1,5,5,2,5
2017520705043,1,9,0,18,0,0,5,0,0,0,3,1,6,2,51,8,2998,2,21,3,1,3
2017520705055,1,9,0,18,0,1,0,0,0,0,1,1,6,1,37,7,1796,1,15,2,1,2
2017520705055,2,9,0,10,0,8,0,0,0,0,3,1,6,2,33,6,1598,1,9,4,1,4
2017520705055,3,3,0,18,0,1,0,0,0,0,1,1,6,2,22,5,400,1,22,9,1,9
2017520705065,1,5,0,8,0,6,0,0,0,0,3,1,6,2,56,9,-1,-1,-1,7,3,7
2017520705065,2,9,0,18,0,6,0,0,0,0,1,1,6,2,55,8,-1,-1,-1,-1,-1,-1
2017520705071,1,9,0,18,0,8,0,0,0,0,1,1,6,1,30,6,-1,-1,-1,6,2,6
2017520705071,2,9,0,4,0,8,0,0,0,0,2,1,6,1,31,6,1896,2,15,5,2,5
2017520705072,1,5,0,16,0,6,0,0,7,10,3,1,6,1,67,10,1200,1,12,-1,1,-1
2017520705083,1,9,0,18,0,0,0,0,7,9,1,1,1,1,26,6,1798,1,9,6,2,6
2017520705085,1,1,0,18,0,0,0,0,0,0,1,1,6,1,46,8,-1,-1,-1,2,1,2
2017520705085,2,9,0,2,0,0,0,0,0,0,0,1,6,1,33,6,-1,-1,-1,4,1,4
2017520705093,1,9,0,18,0,1,0,0,0,0,1,1,1,1,17,4,1598,1,14,9,2,9
2017520705093,2,9,0,5,0,8,0,0,0,0,4,1,6,1,55,8,-1,-1,-1,6,1,6
2017520705095,1,9,0,9,0,8,0,0,0,0,4,1,1,2,41,7,1998,2,7,5,3,5
2017520705095,2,9,0,18,0,1,0,0,0,0,3,1,1,1,62,9,-1,-1,-1,6,3,6
2017520705108,1,9,0,18,0,1,0,0,0,0,3,1,6,1,68,10,1242,1,2,5,3,5
2017520705108,2,9,0,9,0,1,0,0,0,0,3,1,6,2,26,6,1388,1,12,6,2,6
2017520705117,1,9,0,18,0,0,5,0,1,1,3,1,6,1,65,9,-1,-1,-1,7,3,7
2017520705120,1,11,0,18,0,0,0,0,0,0,3,1,6,1,38,7,4461,2,1,2,1,2
2017520705120,2,9,0,18,0,0,0,0,1,9,1,1,6,2,21,5,1086,1,14,4,3,4
2017520705124,1,9,0,18,0,6,0,0,0,0,4,1,6,1,50,8,-1,-1,-1,6,2,6
2017520705124,2,9,0,18,0,1,0,0,0,0,1,1,6,2,50,8,1591,1,2,8,1,8
2017520705124,3,9,0,18,0,6,0,0,0,0,3,1,6,1,70,10,1685,2,1,8,2,8
2017520705125,1,9,0,18,0,0,0,0,0,10,4,1,1,1,58,9,998,1,1,6,3,6
2017520705129,1,9,0,10,0,1,0,0,0,0,4,1,1,1,63,9,-1,-1,-1,6,3,6
2017520705129,2,5,0,16,0,1,0,0,0,0,1,1,1,1,35,6,636,1,11,3,1,3
2017520705129,3,9,0,18,0,2,0,0,0,0,0,1,1,3,-1,-1,-1,-1,-1,-1,-1,-1
2017520705147,1,9,0,18,0,0,0,0,7,0,0,1,6,1,30,6,1956,2,5,10,1,10
2017520705147,2,9,0,18,0,0,0,0,0,0,0,1,6,3,-1,-1,-1,-1,-1,-1,-1,-1
2017520705153,1,9,0,7,0,6,0,0,0,0,0,1,6,2,84,11,1242,1,10,6,1,6
2017520705153,2,9,0,18,0,1,0,0,0,0,2,1,6,1,63,9,-1,-1,-1,9,1,9
2017520705153,3,5,0,18,0,1,0,0,0,0,4,1,6,1,28,6,675,1,8,3,1,3
2017520705154,1,9,0,8,0,8,0,0,0,0,0,1,1,2,79,11,1586,1,7,5,1,5
2017520705154,2,1,0,18,0,1,0,0,0,0,0,1,1,1,89,11,-1,-1,-1,10,1,10
2017520705163,1,9,0,13,0,0,0,0,7,4,1,1,1,2,56,9,1590,1,3,5,3,5
2017520705183,1,9,0,17,0,8,0,0,0,0,4,1,6,1,30,6,1999,2,2,8,1,8
2017520705183,2,9,0,15,0,8,0,0,0,0,3,1,6,3,-1,-1,1560,2,10,-1,-1,-1
2017520705200,1,9,0,18,0,0,0,0,8,10,1,1,6,2,54,8,1360,1,10,5,3,5
2017520705200,2,9,0,18,0,0,0,0,1,1,1,1,6,1,57,9,-1,-1,-1,6,1,6
2017520705202,1,9,0,18,0,0,0,0,0,0,1,1,6,1,55,8,1998,2,11,10,1,10
2017520705202,2,9,0,18,0,0,0,0,0,0,1,1,6,2,27,6,1598,2,-1,5,2,5
2017520705214,1,9,0,9,0,6,0,0,0,0,3,1,6,1,79,11,1951,2,13,4,3,4
2017520705214,2,5,0,18,0,1,0,0,0,0,1,1,6,1,29,6,847,1,-1,-1,-1,-1
2017520705215,1,9,0,18,0,0,0,0,0,0,1,1,1,2,58,9,-1,-1,-1,5,3,5
2017520705215,2,9,0,9,0,0,0,0,0,0,1,1,1,1,81,11,1328,1,10,5,2,5
2017520705246,1,3,0,18,0,0,0,0,0,0,1,1,1,1,17,4,124,1,10,6,1,6
2017520705263,1,9,0,18,0,1,0,0,0,0,2,1,1,1,62,9,1997,2,-1,8,1,8
2017520705263,2,1,0,18,0,1,0,0,0,0,1,1,1,1,27,6,-1,-1,-1,6,1,6
2017520705269,1,9,0,18,0,0,0,0,0,0,2,1,6,1,31,6,1896,2,15,9,3,9
2017520705269,2,9,0,18,0,0,0,0,0,0,1,1,6,1,46,8,1781,1,13,9,3,9
2017520705290,1,9,0,2,0,8,0,0,0,0,2,1,6,3,-1,-1,-1,-1,-1,-1,-1,-1
2017520705290,2,9,0,10,0,1,0,0,0,0,1,1,6,2,21,5,1242,1,8,9,1,9
2017520705290,3,9,0,7,0,1,0,0,0,0,1,1,6,3,-1,-1,1761,1,19,-1,-1,-1
2017520705293,1,9,0,18,0,8,0,10,3,1,1,1,6,1,79,11,1998,1,15,4,1,4
2017520705295,1,9,4,18,0,0,0,0,0,0,4,1,6,1,50,8,-1,-1,-1,-1,-1,-1
2017520705310,1,9,0,18,0,2,0,0,0,0,4,1,1,2,35,6,-1,-1,-1,2,1,2
2017520705310,2,1,0,18,0,2,0,0,1,0,1,1,1,1,12,3,-1,-1,-1,7,1,7
2017520705312,1,9,0,9,0,8,0,0,0,0,1,1,6,1,18,4,1396,1,15,8,3,8
2017520705312,2,9,0,18,0,8,0,0,0,0,1,1,6,2,65,9,999,1,2,3,1,3
2017520705320,1,1,0,9,0,1,1,0,0,0,2,1,6,1,9,2,-1,-1,-1,10,2,10
2017520705320,2,11,0,18,0,1,0,0,0,0,1,1,1,1,45,7,6700,2,7,-1,-1,-1
2017520705325,1,9,0,4,0,0,0,0,0,0,1,1,1,1,61,9,2000,1,12,7,3,7
2017520705325,2,9,0,4,0,0,0,0,0,0,2,1,1,2,41,7,-1,-1,-1,9,2,9
2017520705325,3,9,0,4,0,0,0,0,0,0,2,1,1,1,34,6,-1,-1,-1,3,1,3
2017520705326,1,1,0,18,0,0,0,0,1,0,3,1,6,1,33,6,-1,-1,-1,1,1,1
2017520705326,2,9,0,18,0,0,0,0,0,0,4,1,6,3,45,7,-1,-1,-1,-1,-1,-1
2017520705382,1,9,0,18,0,0,5,10,1,1,1,1,6,1,78,11,1318,1,2,8,1,8
2017520705384,1,9,0,18,0,0,0,0,0,0,1,1,6,2,25,5,1149,1,14,4,1,4
2017520705384,2,9,0,18,0,0,0,0,1,9,1,1,6,1,28,6,1995,2,6,7,3,7
2017520705395,1,9,0,3,0,0,0,0,0,0,2,1,1,2,70,10,1396,1,3,5,1,5
2017520705395,2,9,0,4,0,0,0,0,0,0,1,1,1,1,32,6,4163,1,9,-1,2,-1
2017520705400,1,20,0,18,0,0,0,0,0,0,1,1,6,1,30,6,-1,-1,-1,5,2,5
2017520705400,2,9,0,18,0,0,0,0,0,0,1,1,6,2,70,10,1995,2,3,5,3,5
2017520705402,1,9,0,18,0,0,0,0,7,9,3,1,1,1,17,4,-1,-1,-1,5,2,5
2017520705403,1,9,0,18,0,0,0,0,0,0,3,1,6,2,42,7,1968,2,5,2,1,2
2017520705403,2,9,0,1,0,0,0,0,0,0,4,1,6,1,30,6,1396,1,15,5,1,5
2017520705408,1,9,0,3,0,1,0,0,0,0,2,1,6,1,23,5,1397,1,9,5,3,5
2017520705408,2,9,0,3,0,1,0,0,0,0,1,1,6,3,-1,-1,1596,1,16,-1,-1,-1
2017520705414,1,9,0,18,0,0,0,0,0,0,1,1,1,1,76,11,1242,1,10,2,1,2
2017520705429,1,9,0,18,0,8,0,0,1,10,1,1,6,1,23,5,1781,1,12,4,2,4
2017520705439,1,19,0,18,0,0,0,0,0,0,1,1,1,1,44,7,-1,-1,-1,7,3,7
2017520705439,2,5,0,18,0,0,0,0,0,0,1,1,1,1,28,6,599,1,14,6,1,6
2017520705441,1,3,0,18,0,0,0,0,0,0,1,1,6,1,17,4,125,1,16,7,3,7
2017520705441,2,9,0,3,0,0,0,0,0,0,3,1,6,2,47,8,1388,1,14,7,3,7
2017520705441,3,9,0,3,0,0,0,0,0,0,3,1,6,1,70,10,-1,-1,-1,9,1,9
2017520705446,1,9,0,18,0,0,0,0,0,0,1,1,6,2,64,9,1597,2,2,7,3,7
2017520705446,2,1,0,18,0,0,0,0,0,0,1,1,6,1,75,10,-1,-1,-1,9,3,9
2017520705451,1,9,0,18,0,0,0,0,0,0,1,1,6,1,59,9,-1,-1,-1,-1,-1,-1
2017520705451,2,9,0,4,0,0,0,0,0,0,2,1,6,1,40,7,1560,2,10,4,2,4
2017520705451,3,9,0,4,0,0,0,0,0,0,2,1,6,1,75,10,1596,1,2,8,1,8
2017520705451,4,9,0,4,0,0,0,0,0,0,2,1,6,2,45,7,1461,2,7,5,2,5
2017520705456,1,9,0,18,0,0,0,0,0,0,1,1,6,1,27,6,2143,2,6,8,3,8
2017520705456,2,9,0,18,0,0,0,0,0,0,1,1,6,1,59,9,1200,1,1,6,3,6
2017520705469,1,9,0,18,0,0,5,0,7,9,1,1,6,2,35,6,1390,1,17,6,2,6
2017520705469,2,4,0,18,0,0,0,0,1,9,1,1,6,1,54,8,800,1,28,8,2,8
2017520705470,1,9,0,18,0,0,0,0,0,0,0,1,6,2,47,8,1124,1,12,3,1,3
2017520705478,1,3,0,18,0,0,0,0,0,0,1,1,6,1,33,6,659,1,10,4,1,4
2017520705478,2,9,0,18,0,0,0,0,0,0,3,1,6,2,62,9,1395,1,4,5,2,5