Accident_Index,Vehicle_Reference,Vehicle_Type,Towing_and_Articulation,Vehicle_Manoeuvre,Vehicle_Location-Restricted_Lane,Junction_Location,Skidding_and_Overturning,Hit_Object_in_Carriageway,Vehicle_Leaving_Carriageway,Hit_Object_off_Carriageway,1st_Point_of_Impact,Was_Vehicle_Left_Hand_Drive?,Journey_Purpose_of_Driver,Sex_of_Driver,Age_of_Driver,Age_Band_of_Driver,Engine_Capacity_(CC),Propulsion_Code,Age_of_Vehicle,Driver_IMD_Decile,Driver_Home_Area_Type,Vehicle_IMD_Decile
2017520706680,1,9,0,17,0,0,2,0,1,9,4,1,6,2,19,4,-1,-1,-1,7,2,7
2017520706684,1,9,0,18,0,0,0,0,1,1,1,1,6,1,18,4,999,1,3,7,3,7
2017520706690,1,9,0,10,0,2,0,0,0,0,1,1,6,1,30,6,1242,1,9,7,3,7
2017520706690,2,1,0,18,0,2,0,0,0,0,1,1,6,1,58,9,-1,-1,-1,9,1,9
2017520706710,1,9,0,18,0,0,0,0,0,0,4,1,6,2,28,6,2000,1,14,3,1,3
2017520706710,2,9,0,2,0,0,0,0,0,0,3,1,1,1,38,7,-1,-1,-1,3,1,3
2017520706713,1,3,0,18,0,0,1,0,0,0,3,1,6,1,25,5,124,1,5,3,1,3
2017520706713,2,17,4,18,0,0,0,0,0,0,3,1,6,2,19,4,6788,2,7,7,3,7
2017520706725,1,17,0,9,0,5,0,0,0,0,4,1,6,1,16,4,-1,2,3,7,3,7
2017520706725,2,9,0,18,0,1,0,0,0,0,1,1,6,1,50,8,1997,2,7,8,1,8
2017520706729,1,9,0,18,0,1,0,0,0,0,1,1,6,1,45,7,-1,-1,-1,6,3,6
2017520706729,2,9,0,18,0,1,0,0,0,0,1,1,6,1,78,11,1997,2,9,4,1,4
2017520706730,1,9,0,18,0,1,0,0,0,0,1,1,6,1,34,6,1422,2,16,4,1,4
2017520706730,2,1,0,18,0,1,0,0,0,0,3,1,6,1,22,5,-1,-1,-1,1,1,1
2017520706747,1,9,0,18,0,8,0,0,0,0,4,1,6,2,32,6,1598,1,15,5,3,5
2017520706747,2,9,0,5,0,4,0,0,0,0,1,1,6,2,31,6,1999,1,13,-1,-1,-1
2017520706748,1,9,0,9,0,1,0,0,0,0,4,1,6,2,28,6,1997,2,1,6,3,6
2017520706748,2,9,0,18,0,1,0,0,0,0,1,1,6,2,88,11,1298,1,14,6,2,6
2017520706749,1,9,0,18,0,0,0,0,0,0,1,1,6,2,79,11,998,1,1,7,1,7
2017520706749,2,9,0,2,0,0,0,0,0,0,2,1,6,3,19,4,1598,1,12,6,2,6
2017520706750,1,9,0,18,0,0,0,0,7,3,4,1,6,1,21,5,1360,1,17,5,1,5
2017520706750,2,9,0,18,0,0,0,0,0,0,4,1,6,1,39,7,1560,2,10,5,1,5
2017520706750,3,9,0,18,0,0,0,0,0,0,4,1,6,2,17,4,998,1,11,8,1,8
2017520706779,1,9,0,16,0,2,1,4,0,0,1,1,6,1,31,6,1796,1,15,6,2,6
2017520706779,2,9,0,2,0,2,0,0,0,0,2,1,6,3,-1,-1,2143,2,4,-1,-1,-1
2017520706782,1,9,0,18,0,0,0,0,0,0,1,1,6,2,35,6,3311,8,9,6,1,6
2017520706782,2,9,0,4,0,0,0,0,0,0,2,1,6,1,45,7,3490,1,15,8,2,8
2017520706782,3,9,3,4,0,0,0,0,0,0,2,1,6,1,57,9,1968,2,1,6,1,6
2017520706788,1,9,0,18,0,0,0,0,0,0,1,1,6,1,36,7,1995,2,-1,7,1,7
2017520706788,2,9,0,3,0,0,0,0,0,0,2,1,6,1,68,10,1598,1,4,6,2,6
2017520706788,3,9,0,3,0,0,0,0,0,0,2,1,6,3,30,6,-1,-1,-1,-1,-1,-1
2017520706797,1,1,0,18,0,1,0,0,0,0,0,1,6,1,55,8,-1,-1,-1,6,3,6
2017520706797,2,20,0,18,0,1,0,0,0,0,0,1,6,1,59,9,-1,-1,-1,10,1,10
2017520706810,1,9,0,8,0,8,0,0,0,0,1,1,6,2,57,9,1275,1,18,6,1,6
2017520706810,2,9,0,18,0,8,0,0,0,0,1,1,6,1,70,10,2000,2,17,7,3,7
2017520706811,1,1,0,18,0,1,0,0,0,0,1,1,6,1,47,8,-1,-1,-1,5,1,5
2017520706811,2,17,0,9,0,1,0,0,0,0,1,1,6,1,45,7,-1,-1,-1,5,1,5
2017520706819,1,1,0,18,0,0,0,0,0,0,1,1,6,1,17,4,-1,-1,-1,4,2,4
2017520706819,2,1,0,18,0,0,0,0,0,0,1,1,6,2,16,4,-1,-1,-1,-1,-1,-1
2017520706819,3,9,0,18,0,0,0,0,0,0,1,1,6,3,-1,-1,1596,1,10,-1,-1,-1
2017520706829,1,9,0,4,0,0,0,0,0,0,2,1,6,1,83,11,1193,1,3,1,1,1
2017520706829,2,9,0,4,0,0,0,0,0,0,2,1,6,2,25,5,1461,2,6,6,1,6
2017520706829,3,19,0,4,0,0,0,0,0,0,1,1,6,1,35,6,-1,-1,-1,6,1,6
2017520706841,1,9,0,4,0,1,0,0,0,0,3,1,6,1,19,4,1197,1,1,-1,3,-1
2017520706841,2,5,0,7,0,2,0,0,3,0,1,1,6,1,39,7,1783,1,4,5,1,5
2017520706844,1,9,0,18,0,0,0,0,0,0,1,1,6,2,34,6,1796,1,10,5,1,5
2017520706844,2,9,0,18,0,0,0,0,0,0,2,1,6,1,58,9,1968,2,2,10,2,10
2017520706844,3,9,0,18,0,0,0,0,0,0,1,1,6,2,44,7,1798,1,9,6,1,6
2017520706844,4,9,0,18,0,0,0,0,0,0,2,1,6,2,44,7,1364,1,1,5,1,5
2017520706848,1,9,0,18,0,0,0,0,7,0,1,1,6,1,23,5,1598,1,5,7,3,7
2017520706848,2,9,0,18,0,0,0,0,0,0,1,1,6,1,31,6,1997,2,9,6,1,6
2017520706848,3,9,0,18,0,0,0,0,0,0,1,1,6,1,63,9,1598,1,5,10,1,10
2017520706862,1,1,0,18,0,8,0,0,0,0,1,1,6,1,71,10,-1,-1,-1,6,1,6
2017520706862,2,9,0,9,0,8,0,0,0,0,3,1,6,1,50,8,1999,1,14,-1,-1,-1
2017520706868,1,9,0,16,0,0,0,0,7,10,1,1,6,1,28,6,1388,1,16,4,2,4
2017520706870,1,9,0,4,0,2,0,0,0,0,1,1,6,2,52,8,698,1,12,6,3,6
2017520706870,2,1,0,18,0,1,0,0,0,0,1,1,6,1,14,3,-1,-1,-1,2,1,2
2017520706872,1,9,0,18,0,1,0,0,0,0,1,1,6,2,87,11,1390,1,8,10,1,10
2017520706872,2,9,0,18,0,2,0,0,0,0,1,1,6,2,78,11,1242,1,11,10,1,10
2017520706892,1,9,0,7,0,1,0,0,0,0,0,1,6,1,21,5,1390,1,15,-1,-1,-1
2017520706892,2,1,0,7,0,1,0,0,0,0,0,1,6,1,50,8,-1,-1,-1,2,1,2
2017520706920,1,5,0,18,0,0,0,0,0,0,1,1,1,1,49,8,1352,1,10,-1,-1,-1
2017520706920,2,9,0,6,0,0,0,0,0,0,4,1,1,1,27,6,-1,-1,-1,-1,-1,-1
2017520706928,1,9,0,18,0,0,0,0,0,0,0,1,6,1,20,4,1995,2,3,4,1,4
2017520706931,1,9,0,18,0,0,0,0,0,0,1,1,6,1,86,11,2179,2,4,10,1,10
2017520706931,2,9,0,18,0,0,0,0,0,0,1,1,6,2,66,10,-1,-1,-1,8,2,8
2017520706934,1,3,0,18,0,0,1,0,0,0,0,1,6,1,16,4,49,1,4,8,3,8
2017520706959,1,9,0,9,0,6,0,0,0,0,1,1,6,2,31,6,1461,2,1,5,3,5
2017520706959,2,9,0,18,0,1,0,0,0,0,1,1,6,2,86,11,1242,1,7,4,3,4
2017520706965,1,9,0,18,0,1,0,0,0,0,1,1,6,1,76,11,1497,8,12,7,3,7
2017520706965,2,9,0,4,0,1,0,0,0,0,2,1,6,1,75,10,1497,1,12,8,3,8
2017520707024,1,9,0,18,0,0,0,0,1,10,1,1,6,2,56,9,1242,1,7,4,3,4
2017520707032,1,9,0,18,0,1,0,0,0,0,1,1,6,1,36,7,-1,-1,-1,7,1,7
2017520707032,2,9,0,18,0,1,0,0,0,0,1,1,6,2,52,8,-1,-1,-1,10,1,10
2017520707033,1,9,0,18,0,0,0,0,5,7,1,1,6,2,18,4,1398,1,1,5,3,5
2017520707033,2,9,0,18,0,0,0,0,0,0,1,1,6,2,47,8,1598,1,10,4,3,4
2017520707034,1,9,0,9,0,5,0,0,0,0,1,1,6,2,27,6,1796,1,6,4,1,4
2017520707035,1,9,0,18,0,0,0,0,0,0,2,1,6,2,26,6,-1,-1,-1,7,2,7
2017520707035,2,1,0,13,0,0,0,0,0,0,1,1,6,2,35,6,-1,-1,-1,7,3,7
2017520707053,1,1,0,18,0,8,0,0,0,0,3,1,6,2,17,4,-1,-1,-1,5,1,5
2017520707053,2,9,0,9,0,2,0,0,0,0,1,1,6,3,-1,-1,1995,2,2,-1,-1,-1
2017520707057,1,9,0,18,0,0,1,0,0,0,1,1,6,2,18,4,-1,-1,-1,5,3,5
2017520707057,2,17,0,18,0,0,0,0,0,0,1,1,6,1,22,5,-1,-1,-1,5,3,5
2017520707066,1,9,0,18,0,8,0,0,0,0,3,1,6,2,23,5,1198,1,10,2,1,2
2017520707066,2,9,0,5,0,6,0,0,0,0,1,1,6,1,65,9,1396,1,13,4,2,4
2017520707071,1,9,0,9,0,5,0,0,7,10,1,1,6,1,26,6,1590,1,22,5,1,5
2017520707084,1,9,4,18,0,0,3,0,1,10,3,1,6,1,62,9,2495,2,19,8,1,8
2017520707084,2,9,0,18,0,0,0,0,0,0,1,1,6,1,50,8,1799,1,11,6,1,6
2017520707090,1,1,0,18,0,1,0,0,0,0,3,1,6,1,16,4,-1,-1,-1,8,1,8
2017520707090,2,9,0,18,0,1,0,0,0,0,1,1,6,1,68,10,1598,1,19,2,1,2
2017520707097,1,9,0,18,0,1,0,0,0,0,2,1,6,1,57,9,-1,-1,-1,3,1,3
2017520707097,2,1,0,18,0,1,0,0,0,0,1,1,6,2,61,9,-1,-1,-1,3,1,3
2017520707097,3,22,0,18,0,1,0,0,0,0,0,1,6,1,88,11,-1,-1,-1,2,1,2
2017520707113,1,5,0,18,0,1,0,0,0,0,1,1,6,1,28,6,997,1,17,1,1,1
2017520707113,2,9,0,18,0,1,0,0,0,0,4,1,6,3,-1,-1,-1,-1,-1,-1,-1,-1
2017520707115,1,9,0,18,0,1,0,0,0,0,0,1,6,2,52,8,1998,2,10,8,1,8
2017520707116,1,9,0,5,0,2,0,0,0,0,3,1,6,1,72,10,2494,8,1,8,2,8
2017520707116,2,9,0,18,0,2,5,0,0,0,1,1,6,1,20,4,2000,2,13,8,2,8
2017520707116,3,9,0,18,0,1,0,0,0,0,3,1,6,1,37,7,-1,-1,-1,8,2,8
2017520707119,1,21,1,18,0,1,1,0,0,0,1,1,6,1,50,8,12740,2,4,7,3,7
2017520707119,2,9,0,18,0,1,0,0,0,0,1,1,6,1,72,10,1560,2,2,10,1,10
2017520707122,1,9,0,18,0,0,0,0,0,0,4,1,6,1,45,7,2204,2,11,1,1,1
2017520707122,2,9,0,16,0,0,0,0,0,0,1,1,6,1,66,10,1560,2,5,8,3,8
2017520707126,1,3,0,18,0,0,0,0,0,0,0,1,6,1,58,9,847,1,2,3,2,3
2017520707126,2,9,0,18,0,0,0,0,0,0,0,1,6,3,30,6,-1,-1,-1,-1,-1,-1
2017520707130,1,5,0,18,0,8,0,0,0,0,1,1,6,2,42,7,1202,1,4,7,3,7
2017520707130,2,9,0,18,0,8,0,0,0,0,3,1,6,1,42,7,2198,2,3,4,2,4
2017520707142,1,9,0,18,0,4,0,0,0,0,1,1,6,1,57,9,-1,-1,-1,4,2,4
2017520707142,2,9,5,18,0,8,0,0,0,0,2,1,6,1,54,8,1968,2,9,7,3,7
2017520707143,1,9,0,18,0,0,0,0,0,0,1,1,6,3,30,6,-1,-1,-1,-1,-1,-1
2017520707148,1,1,0,17,0,8,0,0,0,0,1,1,6,1,35,6,-1,-1,-1,9,3,9
2017520707148,2,9,0,5,0,4,0,0,0,0,3,1,6,1,25,5,1598,2,6,4,1,4
2017520707149,1,9,0,4,0,1,0,0,0,0,2,1,6,1,39,7,-1,-1,-1,-1,-1,-1
2017520707149,2,4,0,18,0,1,0,0,0,0,1,1,6,1,21,5,124,1,18,8,1,8
2017520707186,1,9,0,18,0,0,0,0,0,0,1,1,6,2,45,7,1386,1,9,5,1,5
2017520707186,2,9,0,18,0,0,0,0,0,0,1,1,6,2,33,6,995,1,10,5,2,5
2017520707188,1,4,0,18,0,8,0,0,0,0,1,1,6,1,18,4,124,1,5,2,1,2
2017520707188,2,9,0,18,0,8,0,0,0,0,1,1,6,2,70,10,1984,1,15,5,2,5
2017520707190,1,9,0,18,0,0,0,0,1,10,1,1,6,1,26,6,1108,1,18,3,1,3
2017520707193,1,9,0,18,0,0,0,0,0,0,1,1,6,1,39,7,1598,1,10,5,1,5
2017520707193,2,9,0,18,0,0,0,0,0,0,1,1,6,2,32,6,1798,1,5,10,1,10
2017520707195,1,9,0,16,0,0,0,0,3,10,1,1,6,1,51,8,-1,-1,-1,3,1,3
2017520707200,1,9,0,18,0,0,0,0,0,0,1,1,6,1,59,9,-1,3,3,5,3,5
2017520707200,2,9,0,9,0,0,5,0,0,0,1,1,6,1,80,11,1395,1,2,5,3,5
2017520707204,1,9,0,13,0,0,1,0,6,0,1,1,6,2,23,5,1299,1,12,6,1,6
2017520707204,2,9,0,18,0,0,0,0,0,0,2,1,6,1,54,8,2183,2,6,10,1,10
2017520707204,3,9,0,18,0,0,0,0,0,0,3,1,6,1,53,8,1997,2,12,6,3,6
2017520707204,4,9,0,18,0,0,0,0,0,0,1,1,6,1,42,7,1598,2,-1,6,3,6
2017520707210,1,9,0,18,0,0,0,0,0,0,1,1,6,1,74,10,1248,2,9,4,1,4
2017520707210,2,1,0,18,0,0,0,0,0,0,2,1,6,1,11,3,-1,-1,-1,8,1,8
2017520707212,1,9,0,18,0,8,0,0,0,0,1,1,6,1,40,7,1596,1,16,3,1,3
2017520707212,2,1,0,9,0,8,0,0,0,0,3,1,6,1,51,8,-1,-1,-1,3,1,3
2017520707223,1,9,0,18,0,0,0,0,0,0,2,1,6,1,86,11,1242,1,8,5,3,5
2017520707223,2,9,0,18,0,0,0,0,0,0,1,1,6,2,51,8,1196,1,22,3,2,3
2017520707223,3,9,0,18,0,0,0,0,0,0,1,1,6,2,54,8,1995,2,-1,10,1,10
2017520707225,1,9,0,18,0,0,0,0,0,0,1,1,6,1,23,5,-1,-1,-1,8,1,8
2017520707225,2,1,0,18,0,0,0,0,0,1,1,1,6,2,13,3,-1,-1,-1,6,1,6
2017520707228,1,9,0,18,0,0,0,0,0,0,4,1,6,1,55,8,-1,-1,-1,-1,-1,-1
2017520707231,1,9,0,18,0,2,0,0,0,0,1,1,6,1,26,6,1390,1,10,7,3,7
2017520707231,2,9,0,18,0,2,0,0,0,0,2,1,6,1,70,10,1997,2,5,9,3,9
2017520707236,1,9,0,18,0,0,0,0,1,10,4,1,6,2,46,8,2435,1,15,1,1,1
2017520707236,2,9,0,18,0,0,0,0,4,6,3,1,6,1,48,8,1794,1,14,-1,-1,-1
2017520707239,1,9,0,17,0,0,0,0,7,0,3,1,6,2,22,5,1198,1,14,6,2,6
2017520707268,1,9,0,18,0,0,0,0,1,0,1,1,6,3,-1,-1,-1,-1,-1,-1,-1,-1
2017520707268,2,9,0,18,0,0,0,0,0,0,1,1,6,3,-1,-1,-1,-1,-1,-1,-1,-1
2017520707275,1,9,0,18,0,0,0,0,0,0,1,1,6,3,30,6,-1,-1,-1,-1,-1,-1
2017520707281,1,9,0,18,0,0,0,0,0,0,4,1,6,1,76,11,1685,2,2,8,2,8
2017520707298,1,9,0,1,0,0,0,0,0,0,0,1,6,1,45,7,-1,-1,-1,-1,-1,-1
2017520707299,1,9,0,9,0,8,0,0,0,0,1,1,6,1,29,6,-1,-1,-1,8,1,8
2017520707299,2,1,0,18,0,8,0,0,0,0,2,1,6,1,25,5,-1,-1,-1,3,1,3
2017520707305,1,9,0,18,0,1,0,0,0,0,1,1,6,1,78,11,-1,-1,-1,5,3,5
2017520707305,2,9,0,18,0,1,0,0,0,0,3,1,6,2,28,6,1240,1,13,8,3,8
2017520707311,1,19,0,18,0,0,0,0,0,0,4,1,6,3,-1,-1,-1,-1,-1,-1,-1,-1
2017520707323,1,9,0,9,0,6,0,0,0,0,3,1,6,1,45,7,1596,1,-1,5,2,5
2017520707323,2,9,0,18,0,1,0,0,0,0,1,1,6,2,20,4,1242,1,6,5,3,5
2017520707345,1,1,0,15,0,4,0,0,0,0,2,1,6,1,46,8,-1,-1,-1,9,2,9
2017520707345,2,9,0,18,0,4,0,0,0,0,1,1,6,1,63,9,1997,2,13,3,1,3
2017520707357,1,9,0,17,0,0,1,0,7,9,4,1,6,2,28,6,796,1,10,4,2,4
2017520707357,2,9,0,16,0,0,0,0,0,0,1,1,6,1,76,11,1149,1,5,4,2,4
2017520707369,1,3,0,18,0,8,0,0,3,0,0,1,6,1,28,6,599,1,19,1,1,1
2017520707387,1,9,0,18,0,0,1,0,8,10,3,1,2,1,56,9,1362,1,4,6,3,6
2017520707387,2,21,4,18,0,0,0,0,0,0,1,1,6,3,-1,-1,-1,-1,-1,-1,-1,-1
2017520707392,1,9,0,18,0,0,0,0,0,0,1,1,6,1,55,8,1197,1,-1,10,1,10
2017520707392,2,9,0,4,0,0,0,0,0,0,2,1,6,2,22,5,1968,2,10,8,1,8
2017520707394,1,4,0,18,0,0,1,0,0,0,4,1,6,1,32,6,800,1,5,3,1,3
2017520707394,2,17,0,9,0,0,0,0,0,0,3,1,6,3,-1,-1,-1,-1,-1,-1,-1,-1
2017520707399,1,19,0,18,0,1,0,0,0,0,2,1,1,1,44,7,2198,2,2,4,1,4
2017520707399,2,9,0,18,0,1,0,0,0,0,1,1,6,1,19,4,1198,1,14,5,3,5
2017520707401,1,9,0,4,0,1,0,0,0,0,1,1,1,1,30,6,-1,-1,-1,-1,-1,-1
2017520707445,1,17,4,18,0,3,0,0,0,0,0,1,6,1,45,7,-1,-1,-1,6,3,6
2017520707464,1,9,4,18,0,0,0,0,0,0,1,1,6,1,58,9,-1,-1,-1,5,3,5
2017520707464,2,9,0,18,0,0,0,0,0,0,1,1,6,2,30,6,1339,1,6,3,1,3
2017520707470,1,9,0,5,0,1,0,0,0,0,0,1,6,2,35,6,1968,2,1,-1,-1,-1
2017520707473,1,9,0,18,0,4,1,0,0,0,1,1,1,1,57,9,1323,1,17,2,1,2
2017520707488,1,9,0,18,0,0,0,0,0,0,1,1,6,1,82,11,1591,1,3,7,3,7
2017520707488,2,9,0,18,0,0,0,0,0,0,1,1,6,1,63,9,1896,2,10,6,3,6
2017520707493,1,9,0,18,0,0,0,0,0,0,0,1,6,1,79,11,1200,1,-1,4,3,4
2017520707494,1,9,0,18,0,0,0,0,0,0,3,1,6,1,64,9,1896,2,9,3,1,3
2017520707501,1,19,0,18,0,0,0,0,0,0,1,1,6,3,-1,-1,2198,2,2,-1,-1,-1
2017520707501,2,1,0,18,0,0,0,0,0,0,0,1,6,1,44,7,-1,-1,-1,-1,-1,-1
2017520707511,1,9,5,18,0,3,1,0,0,0,4,1,6,1,27,6,1499,1,-1,-1,2,-1
2017520707511,2,9,0,18,1,4,0,0,0,0,1,1,6,3,-1,-1,-1,-1,-1,-1,-1,-1
2017520707514,1,9,0,9,0,5,0,0,0,0,1,1,6,1,32,6,1598,1,12,8,2,8
2017520707530,1,9,0,18,0,4,0,0,0,0,1,1,6,1,39,7,-1,-1,-1,7,1,7
2017520707535,1,9,0,18,0,4,0,0,0,0,1,1,6,1,44,7,-1,-1,-1,10,1,10
2017520707535,2,9,0,3,0,4,0,4,0,0,2,1,6,2,33,6,1199,2,5,10,1,10
2017520707535,3,19,0,3,0,4,0,0,0,0,1,1,6,1,63,9,-1,-1,-1,10,1,10
2017520707548,1,9,0,18,0,1,0,0,0,0,1,1,6,2,30,6,2171,1,16,-1,-1,-1
2017520707548,2,9,0,4,0,1,0,0,0,0,2,1,6,1,52,8,-1,-1,-1,6,3,6
2017520707564,1,9,0,18,0,0,0,0,0,0,0,1,6,3,-1,-1,-1,-1,-1,-1,-1,-1
2017520707583,1,9,0,18,0,0,0,10,1,0,1,1,6,1,63,9,799,2,15,6,3,6
2017520707583,2,1,0,18,9,0,0,0,0,0,2,1,6,1,14,3,-1,-1,-1,3,1,3
2017520707586,1,19,0,18,1,0,0,0,0,0,3,1,6,1,56,9,1998,2,12,5,3,5
2017520707586,2,9,0,18,1,0,0,0,1,10,3,1,6,1,82,11,3239,1,23,5,1,5
2017520707587,1,9,0,9,0,0,0,0,0,0,4,1,6,2,29,6,2494,1,15,2,1,2
2017520707587,2,9,0,18,0,0,0,0,0,0,1,1,6,2,26,6,1461,2,2,3,1,3
2017520707589,1,9,0,16,0,0,0,0,0,0,3,1,6,2,78,11,1600,2,7,8,2,8
2017520707589,2,17,4,17,0,0,0,0,1,0,3,1,1,1,21,5,6788,2,2,7,3,7
2017520707589,3,9,0,16,0,0,0,0,0,0,1,1,6,1,19,4,1364,1,13,10,1,10
2017520707594,1,9,0,18,0,1,0,0,1,1,1,1,6,1,22,5,1299,1,20,5,2,5
2017520707596,1,19,0,2,0,0,0,0,0,0,2,1,6,3,-1,-1,2402,2,6,-1,-1,-1
2017520707596,2,9,0,18,0,0,0,0,0,0,1,1,6,1,69,10,1198,1,4,-1,-1,-1
2017520707597,1,9,0,18,0,0,0,0,1,6,4,1,6,1,29,6,1587,1,18,3,1,3
2017520707597,2,9,0,12,0,0,0,0,0,0,3,1,6,1,22,5,1198,1,7,9,1,9
2017520707597,3,20,0,12,0,0,0,0,0,0,2,1,6,1,31,6,-1,-1,-1,9,1,9
2017520707612,1,9,0,18,0,0,0,0,0,0,1,1,6,2,61,9,1991,2,10,6,3,6
2017520707619,1,4,0,18,0,0,0,0,0,0,1,1,6,1,26,6,125,1,4,6,3,6
2017520707619,2,9,0,18,0,0,0,0,0,0,1,1,6,1,91,11,2675,1,23,2,1,2
2017520707624,1,9,0,18,0,0,0,0,0,0,1,1,6,1,35,6,1997,2,14,2,1,2
2017520707629,1,1,0,18,0,8,0,0,0,0,3,1,6,1,38,7,-1,-1,-1,4,2,4
2017520707629,2,9,0,9,0,5,0,0,0,0,1,1,6,1,60,9,1368,1,7,-1,-1,-1
2017520707635,1,9,0,18,0,0,5,0,0,0,0,1,6,1,17,4,-1,-1,-1,7,3,7
2017520707637,1,9,0,18,0,0,2,0,7,10,1,1,6,1,26,6,1988,1,13,4,2,4
2017520707637,2,9,0,2,9,0,0,0,0,0,4,1,6,3,-1,-1,1461,2,4,-1,-1,-1
2017520707654,1,9,0,18,0,8,0,0,0,0,1,1,6,1,44,7,-1,-1,-1,9,1,9
2017520707654,2,9,0,18,0,8,0,0,0,0,1,1,6,2,28,6,1560,2,5,3,1,3
2017520707656,1,9,0,10,0,1,0,0,0,0,2,1,6,2,43,7,1582,2,3,5,2,5
2017520707656,2,9,0,18,0,1,0,0,0,0,1,1,6,1,78,11,1997,2,2,4,2,4
2017520707657,1,9,0,18,0,0,0,0,0,0,1,1,6,2,17,4,1242,1,11,10,1,10
2017520707668,1,9,0,18,0,8,0,0,0,0,1,1,6,2,17,4,1984,1,1,5,1,5
2017520707668,2,1,0,18,0,8,0,0,0,0,2,1,6,1,17,4,-1,-1,-1,7,3,7
2017520707670,1,9,0,18,0,3,0,0,0,0,3,1,1,2,37,7,1197,1,4,2,1,2
2017520707670,2,21,1,18,0,3,0,0,0,0,4,1,1,1,50,8,12902,2,2,-1,-1,-1
2017520707674,1,9,0,17,0,0,1,0,0,0,1,1,6,1,26,6,1398,2,14,7,1,7
2017520707674,2,9,0,16,0,0,0,0,0,0,1,1,6,1,36,7,1950,2,-1,6,1,6
2017520707683,1,9,0,9,0,8,0,0,0,0,3,1,6,1,50,8,-1,-1,-1,8,3,8
2017520707683,2,9,0,18,0,8,0,0,0,0,1,1,6,1,36,7,1997,2,8,7,3,7
2017520707686,1,9,0,18,0,0,0,0,0,0,1,1,6,1,59,9,1395,1,-1,5,3,5
2017520707686,2,9,0,12,8,0,0,0,0,0,3,1,6,1,20,4,-1,-1,-1,1,1,1
2017520707688,1,17,0,18,0,0,0,0,0,0,1,1,1,1,57,9,-1,-1,-1,5,1,5
2017520707688,2,9,0,4,0,0,0,0,0,0,2,1,6,2,50,8,1364,1,1,-1,-1,-1
2017520707740,1,9,0,18,0,8,0,0,0,0,1,1,6,1,40,7,1781,1,16,2,1,2
2017520707752,1,19,0,18,0,0,0,0,0,0,4,1,1,3,-1,-1,-1,-1,-1,-1,-1,-1
2017520707757,1,1,0,17,0,8,0,0,1,0,3,1,2,1,46,8,-1,-1,-1,4,1,4
2017520707757,2,9,0,17,0,8,0,0,0,0,4,1,6,1,-1,-1,1991,8,-1,-1,-1,-1
2017520707794,1,9,0,18,0,8,0,0,0,0,1,1,6,1,53,8,1598,2,1,9,2,9
2017520707794,2,9,0,8,0,2,0,0,0,0,3,1,6,2,54,8,2143,2,-1,9,3,9
2017520707794,3,9,0,9,0,5,0,0,0,0,4,1,6,2,42,7,1598,1,15,10,2,10
2017520707797,1,9,0,18,0,0,0,0,0,0,4,1,6,3,-1,-1,-1,-1,-1,-1,-1,-1
2017520707820,1,9,0,18,0,0,0,0,0,0,1,1,6,1,70,10,2143,2,1,6,3,6
2017520707820,2,9,0,18,0,0,0,0,0,0,2,1,6,1,62,9,998,1,3,6,1,6
2017520707822,1,9,0,4,0,1,0,0,0,0,2,1,6,2,29,6,2993,2,12,7,3,7
2017520707822,2,9,0,18,0,1,0,0,0,0,1,1,6,1,26,6,1984,1,15,-1,-1,-1
2017520707825,1,9,0,18,0,0,0,0,0,0,4,1,6,1,18,4,1199,1,15,4,2,4
2017520707825,2,9,0,2,0,0,0,0,0,0,3,1,6,1,51,8,1086,1,13,4,2,4
2017520707832,1,9,0,18,0,0,0,0,0,0,1,1,6,1,53,8,2967,1,16,6,1,6
2017520707834,1,9,0,18,0,0,0,0,0,0,1,1,6,2,87,11,1398,2,15,4,2,4
2017520707835,1,9,0,18,0,0,0,0,0,0,1,1,6,2,49,8,1994,1,13,5,2,5
2017520707835,2,1,0,18,0,0,0,0,0,0,1,1,6,1,71,10,-1,-1,-1,-1,-1,-1
2017520707836,1,9,0,18,0,0,0,0,0,0,1,1,6,1,28,6,3199,1,17,6,2,6
2017520707845,1,9,0,3,0,0,0,0,0,0,2,1,6,1,17,4,998,1,6,4,2,4
2017520707845,2,9,0,18,0,0,0,0,0,0,1,1,6,2,-1,-1,1968,2,1,-1,-1,-1
2017520707854,1,19,0,4,0,1,0,0,0,0,2,1,6,2,41,7,1997,1,7,9,3,9
2017520707854,2,9,0,4,0,1,0,0,0,0,1,1,6,2,38,7,1560,2,2,-1,-1,-1
2017520707871,1,1,0,18,0,1,0,0,0,0,1,1,6,1,74,10,-1,-1,-1,4,3,4
2017520707871,2,9,0,9,0,8,0,0,0,0,1,1,6,2,55,8,1498,1,8,4,1,4
2017520707913,1,9,0,18,0,0,0,0,0,0,3,1,2,2,23,5,2204,2,10,7,3,7
2017520707913,2,9,0,18,0,0,0,0,0,0,0,1,6,3,30,6,-1,-1,-1,-1,-1,-1
2017520707913,3,9,0,13,0,0,0,0,0,0,3,1,6,3,30,6,-1,-1,-1,-1,-1,-1
2017520707956,1,9,0,18,0,1,0,0,0,0,1,1,6,1,30,6,-1,-1,-1,8,2,8
2017520707961,1,9,0,18,0,0,0,0,0,0,1,1,6,2,28,6,1796,1,10,4,3,4