Accident_Index,Vehicle_Reference,Vehicle_Type,Towing_and_Articulation,Vehicle_Manoeuvre,Vehicle_Location-Restricted_Lane,Junction_Location,Skidding_and_Overturning,Hit_Object_in_Carriageway,Vehicle_Leaving_Carriageway,Hit_Object_off_Carriageway,1st_Point_of_Impact,Was_Vehicle_Left_Hand_Drive?,Journey_Purpose_of_Driver,Sex_of_Driver,Age_of_Driver,Age_Band_of_Driver,Engine_Capacity_(CC),Propulsion_Code,Age_of_Vehicle,Driver_IMD_Decile,Driver_Home_Area_Type,Vehicle_IMD_Decile
2017520707973,1,9,0,16,0,0,5,0,1,9,1,1,6,1,36,7,1587,1,16,2,1,2
2017520707978,1,9,0,18,0,0,1,0,0,0,1,1,6,1,17,4,1368,1,11,8,3,8
2017520707978,2,9,0,4,0,0,0,0,0,0,2,1,6,1,21,5,995,1,10,4,1,4
2017520707978,3,9,0,3,0,0,0,0,0,0,2,1,6,1,26,6,1560,2,4,8,1,8
2017520707984,1,9,0,2,0,0,0,0,0,0,3,1,1,1,43,7,1999,1,10,8,1,8
2017520707984,2,3,0,18,0,0,1,0,0,0,1,1,1,1,36,7,998,1,14,3,1,3
2017520707988,1,9,0,18,0,0,0,0,0,0,1,1,6,1,35,6,1560,2,2,5,1,5
2017520707989,1,21,0,3,0,4,0,0,0,0,2,1,6,1,59,9,6370,2,11,4,1,4
2017520707989,2,9,0,3,0,4,0,0,0,0,2,1,6,2,73,10,-1,-1,-1,10,1,10
2017520707989,3,9,0,18,0,4,0,0,0,0,1,1,6,1,28,6,1390,1,11,2,1,2
2017520708013,1,1,0,8,0,0,0,0,0,0,1,1,6,1,63,9,-1,-1,-1,9,3,9
2017520708013,2,9,0,8,0,0,0,0,0,0,1,1,6,1,73,10,1597,2,1,6,1,6
2017520708025,1,9,0,18,0,1,0,0,0,0,4,1,6,1,75,10,1329,1,2,6,3,6
2017520708025,2,9,0,5,8,6,0,0,0,0,1,1,6,2,67,10,-1,-1,-1,-1,-1,-1
2017520708031,1,19,0,18,0,8,0,0,0,0,1,1,1,1,28,6,-1,-1,-1,1,2,1
2017520708031,2,9,0,18,0,8,0,0,0,0,1,1,6,1,32,6,1596,1,10,5,2,5
2017520708033,1,9,0,1,0,1,0,0,0,0,2,1,6,3,-1,-1,1968,2,11,-1,-1,-1
2017520708046,1,9,0,2,0,0,0,0,0,0,4,1,1,2,32,6,1364,2,10,8,3,8
2017520708046,2,9,0,18,0,0,0,0,0,0,4,1,1,1,25,5,1995,2,-1,6,1,6
2017520708056,1,9,0,3,0,0,0,0,0,0,2,1,6,2,62,9,1781,1,14,6,3,6
2017520708056,2,9,0,3,0,0,0,0,0,0,2,1,6,1,50,8,-1,-1,-1,-1,-1,-1
2017520708056,3,9,0,18,0,0,0,0,0,0,1,1,6,1,25,5,-1,-1,-1,6,1,6
2017520708058,1,9,0,18,0,2,0,0,3,0,1,1,6,1,23,5,1995,2,13,7,3,7
2017520708061,1,9,0,17,0,0,0,0,0,0,1,1,6,1,17,4,1108,1,13,3,1,3
2017520708061,2,9,0,16,0,0,0,0,0,0,1,1,6,1,71,10,1598,2,6,8,1,8
2017520708091,1,9,0,1,0,8,0,0,0,0,2,1,6,1,79,11,1560,2,2,6,1,6
2017520708105,1,9,0,17,0,0,0,0,0,0,4,1,1,3,20,4,1242,1,12,9,1,9
2017520708117,1,9,0,9,0,8,0,0,0,0,3,1,1,1,65,9,1995,2,10,10,1,10
2017520708117,2,1,0,7,0,8,0,0,0,0,3,1,1,2,39,7,-1,-1,-1,5,1,5
2017520708138,1,9,0,18,0,0,1,0,0,0,1,1,6,1,23,5,1124,1,16,6,2,6
2017520708138,2,9,0,18,0,0,0,0,0,0,1,1,6,1,60,9,2993,2,-1,7,3,7
2017520708138,3,9,0,18,0,0,0,0,0,0,1,1,6,2,37,7,2143,2,1,2,1,2
2017520708155,1,9,0,18,0,0,0,0,0,0,1,1,1,1,48,8,1560,2,-1,6,3,6
2017520708159,1,1,0,9,0,8,0,0,0,0,1,1,6,1,54,8,-1,-1,-1,6,1,6
2017520708159,2,9,0,9,0,4,0,0,0,0,3,1,6,2,30,6,-1,-1,-1,-1,-1,-1
2017520708160,1,9,0,18,0,2,0,0,0,0,1,1,6,2,22,5,1388,1,14,5,1,5
2017520708162,1,11,0,4,0,0,0,0,0,0,0,1,4,1,60,9,9600,2,19,7,1,7
2017520708173,1,9,0,17,0,0,0,0,1,10,1,1,6,2,18,4,1149,1,10,6,3,6
2017520708175,1,17,0,18,0,0,0,0,0,0,1,1,6,1,38,7,-1,2,5,7,3,7
2017520708175,2,9,0,18,0,0,0,0,0,0,1,1,6,2,81,11,1242,1,8,8,3,8
2017520708177,1,9,0,18,0,0,0,0,0,0,1,1,6,1,64,9,-1,-1,-1,7,3,7
2017520708177,2,9,0,18,0,0,0,0,1,10,1,1,6,1,29,6,1461,2,11,2,1,2
2017520708187,1,9,0,5,9,1,0,0,0,0,1,1,6,1,60,9,1968,2,1,10,1,10
2017520708187,2,1,0,18,9,1,0,0,0,0,1,1,6,1,20,4,-1,-1,-1,-1,-1,-1
2017520708189,1,9,0,3,0,0,0,0,0,0,2,1,6,2,42,7,-1,-1,-1,3,1,3
2017520708189,2,9,0,18,0,0,0,0,0,0,1,1,6,2,28,6,1900,2,12,-1,-1,-1
2017520708190,1,9,0,18,0,0,0,0,0,0,1,1,1,2,21,5,1242,1,2,6,3,6
2017520708190,2,9,0,18,0,0,0,0,0,0,3,1,1,1,28,6,-1,-1,-1,6,2,6
2017520708195,1,9,0,9,0,4,0,0,0,0,3,1,6,1,36,7,1995,1,15,3,1,3
2017520708195,2,1,0,18,0,8,0,0,0,0,1,1,6,1,34,6,-1,-1,-1,8,1,8
2017520708207,1,9,0,17,0,0,0,0,0,0,1,1,6,2,19,4,1560,2,6,7,3,7
2017520708207,2,9,0,16,0,0,0,0,0,0,1,1,6,3,-1,-1,-1,-1,-1,-1,-1,-1
2017520708216,1,9,0,9,0,1,0,0,0,0,2,1,1,2,17,4,1197,1,6,9,1,9
2017520708216,2,5,0,18,0,1,0,0,0,0,1,1,1,1,54,8,749,1,15,-1,-1,-1
2017520708218,1,9,0,18,0,0,0,0,0,0,4,1,1,1,29,6,1598,1,16,6,1,6
2017520708218,2,1,0,18,0,0,0,0,0,0,4,1,6,1,9,2,-1,-1,-1,7,1,7
2017520708222,1,9,0,18,0,0,0,0,0,0,1,1,6,1,67,10,1896,2,12,9,1,9
2017520708222,2,9,0,18,0,0,2,0,7,9,1,1,6,1,36,7,1490,1,12,6,3,6
2017520708246,1,9,0,18,0,0,5,0,0,0,1,1,6,1,24,5,1968,2,10,5,1,5
2017520708246,2,5,0,18,0,0,1,0,0,0,1,1,6,1,53,8,599,1,19,8,1,8
2017520708246,3,9,0,5,0,0,0,0,0,0,3,1,6,1,69,10,1461,2,1,10,1,10
2017520708291,1,9,0,16,0,0,0,0,0,0,1,1,6,1,27,6,1398,1,2,10,1,10
2017520708291,2,9,0,17,0,0,0,0,0,0,1,1,6,1,33,6,2143,2,2,8,2,8
2017520708296,1,8,0,9,0,8,0,0,0,0,1,1,6,1,40,7,1598,2,1,-1,-1,-1
2017520708311,1,9,0,18,0,1,0,0,0,0,1,1,1,1,43,7,-1,-1,-1,2,1,2
2017520708317,1,9,0,18,0,8,0,0,0,0,1,1,6,2,56,9,1360,1,13,7,1,7
2017520708317,2,4,0,18,0,8,0,0,0,0,1,1,6,1,18,4,124,1,-1,7,1,7
2017520708319,1,9,0,9,0,8,0,0,0,0,1,1,6,1,47,8,2998,2,25,5,2,5
2017520708319,2,5,0,18,0,8,0,0,0,0,1,1,6,1,54,8,1052,1,21,6,1,6
2017520708330,1,9,0,18,0,6,0,0,7,0,1,1,6,3,-1,-1,-1,-1,-1,-1,-1,-1
2017520708330,2,9,0,18,0,8,0,0,7,0,1,1,6,1,17,4,999,1,3,9,2,9
2017520708337,1,9,0,18,0,0,0,0,0,0,3,1,6,1,37,7,-1,-1,-1,3,2,3
2017520708337,2,9,0,18,0,0,0,0,0,0,3,1,6,1,36,7,-1,-1,-1,5,1,5
2017520708342,1,4,0,16,0,0,0,0,0,0,1,1,6,1,17,4,-1,-1,-1,4,3,4
2017520708342,2,9,0,17,0,0,0,0,0,0,3,1,6,1,40,7,-1,-1,-1,9,3,9
2017520708348,1,9,0,18,0,0,0,0,0,0,1,1,6,1,69,10,1461,2,5,3,2,3
2017520708348,2,9,0,18,0,0,0,0,0,0,1,1,6,2,20,4,1595,1,13,4,2,4
2017520708355,1,9,0,18,0,8,0,0,0,0,1,1,6,1,31,6,1149,1,14,2,1,2
2017520708355,2,9,0,18,0,8,0,0,0,0,1,1,6,2,58,9,1396,1,-1,3,1,3
2017520708357,1,9,0,5,0,4,0,0,0,0,3,1,6,1,46,8,-1,-1,-1,8,3,8
2017520708357,2,1,0,17,0,8,0,0,0,0,1,1,6,1,55,8,-1,-1,-1,3,1,3
2017520708367,1,1,0,9,0,5,0,0,0,0,3,1,6,1,42,7,-1,-1,-1,7,3,7
2017520708367,2,9,0,13,0,1,0,0,0,0,1,1,6,1,53,8,1998,1,2,1,1,1
2017520708388,1,9,0,9,0,8,0,0,0,0,2,1,6,1,81,11,2148,2,10,8,1,8
2017520708388,2,9,0,18,0,8,0,0,0,0,1,1,6,2,17,4,998,1,20,6,3,6
2017520708393,1,9,5,4,0,0,0,0,0,0,4,1,1,3,47,8,-1,-1,-1,5,1,5
2017520708393,2,9,0,18,0,0,0,0,0,0,0,1,1,2,68,10,1386,1,12,5,3,5
2017520708393,3,9,0,18,0,0,0,0,0,0,2,1,1,1,23,5,-1,-1,-1,-1,-1,-1
2017520708393,4,9,0,18,0,0,0,0,0,0,1,1,1,2,47,8,1598,1,3,7,3,7
2017520708393,5,9,0,18,0,0,0,0,0,0,3,1,1,3,36,7,-1,-1,-1,-1,-1,-1
2017520708404,1,9,0,18,0,0,0,0,0,0,1,1,6,1,29,6,1798,1,14,5,1,5
2017520708404,2,9,0,4,0,0,0,0,0,0,3,1,6,1,66,10,1124,1,10,7,3,7
2017520708404,3,9,0,4,0,0,0,0,0,0,3,1,6,2,52,8,1499,1,3,8,2,8
2017520708404,4,9,0,4,0,0,0,0,0,0,2,1,6,1,44,7,-1,-1,-1,3,1,3
2017520708410,1,9,0,18,0,8,0,0,0,0,4,1,6,1,48,8,-1,-1,-1,6,1,6
2017520708410,2,9,0,18,0,8,0,0,0,0,3,1,6,1,79,11,-1,-1,-1,-1,-1,-1
2017520708414,1,1,0,18,0,0,0,0,0,0,0,1,6,1,28,6,-1,-1,-1,5,2,5
2017520708414,2,9,0,18,0,0,0,0,0,0,0,1,6,3,-1,-1,-1,-1,-1,-1,-1,-1
2017520708457,1,9,0,4,0,0,0,0,0,0,2,1,6,2,32,6,1560,2,5,7,3,7
2017520708457,2,9,0,18,0,0,0,0,0,0,1,1,6,1,19,4,1499,1,-1,6,1,6
2017520708473,1,9,0,18,0,8,0,0,0,0,3,1,6,1,64,9,1149,1,3,5,2,5
2017520708473,2,9,0,9,0,8,0,0,0,0,4,1,6,1,56,9,1969,2,1,3,1,3
2017520708474,1,3,0,3,0,0,0,0,0,0,0,1,6,1,31,6,-1,-1,-1,2,1,2
2017520708474,2,9,0,18,0,0,0,11,0,0,1,1,6,2,26,6,999,1,-1,2,1,2
2017520708475,1,9,0,7,0,2,0,0,0,0,1,1,6,1,51,8,-1,-1,-1,5,1,5
2017520708502,1,9,0,18,0,8,0,0,1,4,1,1,6,1,19,4,1242,1,10,3,1,3
2017520708503,1,9,0,13,0,0,5,0,0,0,1,1,6,1,70,10,1598,2,4,6,3,6
2017520708503,2,9,0,13,0,0,0,0,0,0,1,1,6,1,40,7,1968,2,10,7,1,7
2017520708504,1,9,0,18,0,0,0,0,0,0,1,1,6,2,46,8,1984,1,10,2,1,2
2017520708504,2,5,0,18,0,0,0,0,0,0,1,1,6,1,24,5,599,1,9,9,2,9
2017520708506,1,9,0,18,0,1,0,0,0,0,1,1,6,2,80,11,1360,1,13,7,3,7
2017520708506,2,20,0,2,0,1,0,0,0,0,2,1,6,1,25,5,11967,2,10,6,3,6
2017520708512,1,8,0,18,0,0,0,0,0,0,1,1,6,3,-1,-1,-1,-1,-1,-1,-1,-1
2017520708513,1,9,0,4,0,0,0,0,0,0,2,1,6,2,41,7,1596,1,4,4,2,4
2017520708513,2,9,0,18,0,0,0,0,0,0,1,1,6,1,26,6,1461,2,4,2,1,2
2017520708516,1,9,0,18,0,1,0,0,0,0,2,1,6,2,41,7,1596,1,15,3,1,3
2017520708516,2,3,0,18,0,1,0,0,0,0,3,1,6,2,44,7,125,1,1,5,1,5
2017520708519,1,11,0,18,0,0,0,0,0,0,1,1,6,1,60,9,7300,2,13,4,3,4
2017520708519,2,9,0,3,0,0,0,0,0,0,2,1,6,1,67,10,1600,1,6,9,1,9
2017520708519,3,9,0,18,0,0,0,0,0,0,1,1,6,1,40,7,-1,-1,-1,8,1,8
2017520708532,1,9,0,18,0,8,0,0,0,0,1,1,6,2,38,7,1896,2,14,5,3,5
2017520708532,2,9,0,18,0,8,0,0,0,0,1,1,6,1,22,5,1124,1,11,7,3,7
2017520708541,1,9,0,18,0,6,0,0,0,0,4,1,6,2,73,10,1761,1,18,8,3,8
2017520708554,1,1,0,14,0,2,0,0,0,0,1,1,4,1,17,4,-1,-1,-1,6,1,6
2017520708554,2,19,0,2,6,2,0,0,0,0,3,1,6,1,40,7,-1,-1,-1,6,1,6
2017520708564,1,9,0,18,0,8,0,0,0,0,1,1,6,2,40,7,1598,1,13,3,1,3
2017520708564,2,9,0,3,0,8,0,0,0,0,2,1,6,1,51,8,-1,-1,-1,10,1,10
2017520708582,1,9,0,18,0,0,0,0,0,0,1,1,6,2,27,6,1399,2,5,5,1,5
2017520708582,2,9,0,18,0,0,0,0,0,0,1,1,6,1,48,8,2776,2,13,4,3,4
2017520708582,3,9,0,18,0,0,0,0,0,0,2,1,6,1,25,5,-1,-1,-1,5,1,5
2017520708585,1,9,0,9,0,5,0,0,0,0,3,1,3,2,44,7,1598,1,15,8,1,8
2017520708586,1,9,0,5,0,0,0,0,0,0,1,1,1,2,79,11,1242,1,15,4,2,4
2017520708586,2,1,0,18,0,0,0,0,0,0,3,1,1,1,31,6,-1,-1,-1,5,2,5
2017520708587,1,1,0,18,0,8,0,0,0,0,4,1,6,1,39,7,-1,-1,-1,5,1,5
2017520708587,2,9,0,5,0,6,0,0,0,0,1,1,6,1,-1,-1,-1,-1,-1,-1,-1,-1
2017520708588,1,9,0,18,0,0,0,0,0,0,1,1,6,1,24,5,1598,1,12,3,2,3
2017520708588,2,9,0,18,0,0,0,0,0,0,2,1,6,1,34,6,2494,2,6,8,2,8
2017520708624,1,5,0,18,0,1,0,11,0,0,1,1,6,1,62,9,1170,1,2,6,3,6
2017520708626,1,9,0,18,0,0,5,0,0,0,1,1,6,1,82,11,1390,1,10,7,1,7
2017520708626,2,9,0,2,0,0,0,0,0,0,2,1,6,3,-1,-1,1388,1,11,-1,-1,-1
2017520708694,1,19,0,18,0,0,0,0,0,0,1,1,6,1,22,5,-1,-1,-1,2,1,2
2017520708694,2,9,0,18,0,0,0,0,0,0,2,1,6,2,65,9,998,1,1,6,1,6
2017520708697,1,9,0,18,0,1,0,0,0,0,1,1,6,1,64,9,1997,1,24,4,3,4
2017520708697,2,9,0,18,0,1,0,0,0,0,2,1,6,1,61,9,2143,2,1,7,1,7
2017520708697,3,9,0,18,0,1,0,0,0,0,2,1,6,2,42,7,1598,1,2,10,1,10
2017520708703,1,9,0,18,0,7,0,0,0,7,2,1,6,1,63,9,1000,1,17,7,3,7
2017520708703,2,9,0,18,0,8,0,0,0,0,1,1,6,1,51,8,998,1,15,4,3,4
2017520800007,1,9,0,18,0,8,0,0,0,0,1,1,6,2,20,4,1299,1,14,8,1,8
2017520800007,2,9,0,18,0,8,0,0,0,0,1,1,6,2,22,5,998,1,20,7,3,7
2017520800009,1,9,0,18,0,0,0,0,0,0,1,1,6,1,38,7,1997,2,18,3,1,3
2017520800009,2,9,0,18,0,0,0,0,0,0,1,1,6,2,66,10,1339,1,11,7,3,7
2017520800011,1,9,0,18,0,0,0,0,0,0,1,1,6,1,52,8,-1,-1,-1,5,3,5
2017520800011,2,9,0,18,0,0,0,0,0,0,1,1,6,1,20,4,1900,2,12,5,3,5
2017520800037,1,9,0,18,0,0,0,0,0,0,1,1,6,2,33,6,1199,1,15,4,3,4
2017520800040,1,9,0,4,0,0,0,0,0,0,3,1,6,1,41,7,1956,2,4,6,1,6
2017520800040,2,2,0,18,0,0,0,0,0,0,3,1,4,1,16,4,49,1,-1,3,1,3
2017520800041,1,9,0,18,0,0,0,0,1,9,1,1,6,2,41,7,-1,-1,-1,7,3,7
2017520800063,1,9,0,18,0,8,0,0,0,0,1,1,6,1,28,6,-1,-1,-1,1,1,1
2017520800063,2,17,4,9,0,6,0,0,0,0,3,1,6,1,57,9,4400,2,5,5,3,5
2017520800066,1,9,0,18,0,1,0,0,0,0,1,1,1,2,18,4,1390,1,6,6,1,6
2017520800066,2,1,0,18,0,1,0,0,0,0,1,1,1,1,31,6,-1,-1,-1,3,1,3
2017520800079,1,22,0,4,0,0,0,0,0,0,1,1,6,1,76,11,-1,-1,-1,5,2,5
2017520800079,2,9,0,1,0,0,0,0,0,0,1,1,6,1,18,4,1391,1,16,5,2,5
2017520800124,1,9,0,17,0,0,0,0,7,9,1,1,6,1,18,4,-1,-1,-1,5,2,5
2017520800133,1,9,0,18,0,0,0,0,0,0,1,1,6,2,53,8,1248,2,4,5,1,5
2017520800133,2,5,0,18,0,0,0,0,0,0,1,1,6,1,55,8,-1,-1,-1,7,3,7
2017520800151,1,9,0,18,0,0,1,0,0,0,4,1,6,1,47,8,1587,1,10,6,1,6
2017520800151,2,9,0,18,0,0,5,0,0,0,3,1,1,1,20,4,1124,1,12,5,3,5
2017520800154,1,9,0,18,0,0,0,0,0,0,1,1,6,2,27,6,-1,-1,-1,7,3,7
2017520800154,2,9,0,18,0,0,0,0,0,0,1,1,6,1,63,9,2967,2,2,7,3,7
2017520800156,1,9,0,18,0,1,0,0,0,0,1,1,6,2,67,10,2191,2,1,7,3,7
2017520800156,2,9,0,18,0,1,0,0,0,0,1,1,6,2,73,10,1200,1,1,10,1,10
2017520800159,1,9,0,18,0,8,0,0,0,0,1,1,6,1,19,4,-1,-1,-1,6,1,6
2017520800159,2,9,0,9,0,8,0,0,0,0,1,1,6,1,62,9,1968,2,2,6,3,6
2017520800186,1,9,0,18,0,0,0,0,0,0,3,1,1,2,24,5,998,1,14,6,2,6
2017520800186,2,9,0,18,0,0,0,0,0,0,4,1,1,1,30,6,-1,-1,-1,5,1,5
2017520800215,1,9,0,18,0,0,0,0,0,0,1,1,1,2,87,11,1598,1,20,5,2,5
2017520800215,2,9,0,18,0,0,0,0,0,0,2,1,1,2,65,9,-1,-1,-1,3,1,3
2017520800215,3,9,0,4,0,0,0,0,0,0,2,1,1,1,46,8,1896,2,13,10,1,10
2017520800241,1,9,0,18,0,0,0,0,0,0,3,1,6,1,50,8,1587,1,10,7,2,7
2017520800241,2,9,0,18,0,0,0,0,0,0,4,1,6,3,-1,-1,-1,-1,-1,-1,-1,-1
2017520800247,1,9,0,18,0,0,0,0,0,0,4,1,1,2,46,8,1598,2,5,5,3,5
2017520800247,2,1,0,18,0,0,0,0,0,0,1,1,1,1,11,3,-1,-1,-1,5,3,5
2017520800271,1,9,0,18,0,0,0,0,0,0,1,1,6,1,81,11,1600,1,26,5,2,5
2017520800271,2,1,0,18,0,0,0,0,0,0,2,1,6,2,61,9,-1,-1,-1,10,3,10
2017520800271,3,1,0,18,0,0,0,0,0,0,2,1,6,2,64,9,-1,-1,-1,6,3,6
2017520800271,4,1,0,18,0,0,0,0,0,0,2,1,6,2,55,8,-1,-1,-1,6,3,6
2017520800271,5,1,0,18,0,0,0,0,0,0,2,1,6,1,66,10,-1,-1,-1,6,3,6
2017520800278,1,9,0,18,0,1,5,0,0,0,1,1,6,1,75,10,999,1,1,5,2,5
2017520800289,1,9,0,13,0,0,5,0,1,10,3,1,6,1,69,10,2179,2,7,5,3,5
2017520800289,2,17,4,9,0,0,0,0,0,0,3,1,1,1,17,4,6124,2,-1,7,3,7
2017520800294,1,9,0,18,0,0,0,0,0,0,3,1,6,1,23,5,1242,1,12,-1,-1,-1
2017520800294,2,9,0,18,0,0,0,0,0,0,3,1,6,2,49,8,1461,2,1,7,3,7
2017520800295,1,9,0,9,0,0,0,0,0,0,4,1,6,2,55,8,1248,1,-1,8,2,8
2017520800297,1,9,0,18,0,8,0,0,1,1,1,1,6,1,70,10,1591,1,6,5,1,5
2017520800297,2,9,0,5,0,6,0,0,1,1,3,1,6,2,27,6,2993,2,10,9,2,9
2017520800300,1,9,0,18,0,0,0,0,0,0,4,1,6,1,29,6,2198,2,2,4,3,4
2017520800316,1,9,0,5,0,0,0,0,0,0,1,1,1,2,44,7,1560,2,1,5,3,5
2017520800320,1,9,0,18,0,0,0,0,0,0,1,1,6,1,31,6,1798,1,7,1,1,1
2017520800323,1,9,0,17,0,0,0,0,1,2,1,1,6,2,19,4,1299,1,18,4,2,4
2017520800327,1,9,0,18,0,0,0,0,0,0,1,1,6,1,57,9,1397,1,10,4,1,4
2017520800327,2,9,0,18,0,0,0,0,0,0,1,1,6,1,53,8,1991,2,11,8,1,8
2017520800329,1,9,0,18,0,8,0,0,0,0,1,1,1,2,24,5,-1,-1,-1,-1,-1,-1
2017520800329,2,9,0,18,0,8,0,0,0,0,3,1,1,2,59,9,1896,2,10,7,3,7
2017520800336,1,9,0,18,0,0,1,0,0,0,4,1,6,3,-1,-1,-1,-1,-1,-1,-1,-1
2017520800336,2,9,0,1,0,0,1,0,0,10,4,1,6,2,37,7,1995,2,1,-1,-1,-1
2017520800341,1,9,0,18,0,1,0,0,0,0,3,1,6,2,28,6,2494,1,19,5,1,5
2017520800341,2,9,0,18,0,1,0,0,0,0,1,1,6,1,45,7,1560,2,8,9,1,9
2017520800350,1,9,0,18,0,1,0,0,0,0,0,1,6,2,29,6,1995,2,6,6,1,6
2017520800350,2,9,0,13,0,1,0,0,0,0,1,1,6,2,19,4,1975,1,13,9,2,9
2017520800350,3,9,0,7,0,8,0,0,0,0,1,1,6,1,37,7,1390,1,10,6,1,6
2017520800357,1,9,0,18,0,0,0,0,0,0,3,1,1,2,23,5,-1,-1,-1,3,1,3
2017520800357,2,9,0,12,0,0,0,0,0,0,3,1,1,3,31,6,-1,-1,-1,-1,-1,-1
2017520800367,1,9,0,5,0,8,0,0,0,0,3,1,6,1,65,9,2143,2,2,6,1,6
2017520800367,2,9,0,18,0,8,0,0,0,0,1,1,6,2,50,8,1388,1,11,6,3,6
2017520800375,1,9,0,5,0,8,0,0,0,0,1,1,6,2,33,6,1968,2,1,5,3,5
2017520800375,2,11,0,4,0,8,0,0,0,0,2,1,6,1,40,7,10837,2,1,3,1,3
2017520800377,1,9,0,4,0,0,0,0,0,0,2,1,6,2,46,8,1399,1,-1,5,1,5
2017520800377,2,9,0,4,0,0,0,0,0,0,2,1,6,1,58,9,-1,-1,-1,9,1,9
2017520800377,3,9,0,4,0,0,0,0,0,0,2,1,6,1,28,6,1781,1,17,10,1,10
2017520800377,4,9,0,4,0,0,0,0,0,0,2,1,6,2,25,5,1461,2,2,8,1,8
2017520800377,5,9,0,4,0,0,0,0,0,0,2,1,6,2,36,7,1968,2,4,8,1,8
2017520800377,6,20,0,18,0,0,0,0,0,0,1,1,6,1,47,8,6700,2,1,5,3,5
2017520800384,1,9,0,18,0,1,1,0,0,0,1,1,6,1,32,6,1598,2,1,5,1,5
2017520800390,1,20,5,18,0,0,0,0,0,0,3,1,1,1,41,7,-1,-1,-1,4,2,4
2017520800390,2,9,0,17,0,0,0,0,0,0,1,1,1,2,84,11,1596,1,14,8,3,8
2017520800392,1,5,0,18,0,0,0,0,0,0,1,1,1,1,39,7,599,1,13,6,3,6
2017520800392,2,9,0,5,0,0,0,0,0,0,2,1,1,3,-1,-1,-1,-1,-1,-1,-1,-1
2017520800402,1,9,0,18,0,0,0,0,0,0,1,1,6,2,17,4,1560,2,5,9,3,9
2017520800428,1,1,0,9,0,5,0,0,0,0,1,1,6,1,44,7,-1,-1,-1,5,1,5
2017520800428,2,9,0,9,0,6,0,0,0,0,1,1,6,1,59,9,1968,2,6,3,1,3
2017520800431,1,3,0,14,0,1,0,0,0,0,1,1,6,1,19,4,124,1,1,10,1,10
2017520800431,2,9,0,6,0,1,0,0,0,0,3,1,6,1,47,8,1339,1,11,5,1,5
2017520800446,1,9,0,9,9,0,0,0,0,0,3,1,1,1,37,7,-1,-1,-1,5,2,5
2017520800448,1,9,0,18,0,0,5,0,1,0,1,1,6,1,50,8,1149,1,9,5,1,5
2017520800448,2,9,0,18,0,0,0,0,0,0,0,1,1,1,47,8,-1,-1,-1,4,2,4
2017520800448,3,9,0,18,0,0,0,0,0,0,0,1,1,2,-1,-1,2993,2,6,4,2,4
2017520800456,1,9,0,18,0,8,0,0,0,0,1,1,6,2,30,6,998,1,-1,5,1,5
2017520800456,2,1,0,18,0,8,0,0,0,0,1,1,6,1,15,3,-1,-1,-1,5,1,5
2017520800467,1,9,0,5,0,8,0,0,0,0,1,1,1,1,64,9,-1,-1,-1,4,1,4
2017520800467,2,1,0,18,0,1,0,0,0,0,1,1,6,2,32,6,-1,-1,-1,4,1,4
2017520800468,1,9,0,18,0,1,0,0,0,0,4,1,6,1,64,9,-1,3,-1,6,1,6
2017520800470,1,9,0,4,0,0,0,0,1,0,1,1,6,1,39,7,-1,-1,-1,9,1,9
2017520800470,2,9,0,18,0,0,0,10,7,0,1,1,6,1,44,7,1499,2,2,5,2,5
2017520800483,1,4,0,18,0,0,0,0,0,0,3,1,1,1,53,8,-1,-1,-1,4,2,4
2017520800483,2,9,0,18,0,0,0,0,0,0,3,1,1,1,54,8,-1,-1,-1,5,3,5
2017520800487,1,3,0,4,0,0,0,0,0,0,0,1,6,1,18,4,124,1,13,5,2,5
2017520800491,1,9,0,18,0,0,1,0,1,10,4,1,6,1,27,6,1900,2,17,6,3,6
2017520800517,1,9,0,18,0,0,0,12,1,10,1,1,6,1,27,6,1497,1,14,8,1,8
2017520800519,1,9,0,2,0,0,0,0,0,0,3,1,6,3,-1,-1,3000,1,11,-1,-1,-1
2017520800519,2,9,0,18,0,0,0,0,0,0,1,1,6,1,33,6,-1,-1,-1,4,3,4
2017520800524,1,5,0,18,0,0,0,0,0,0,1,1,6,1,71,10,535,1,4,9,3,9
2017520800526,1,9,0,18,0,8,0,0,0,0,1,1,6,1,36,7,1796,1,11,5,1,5
2017520800526,2,9,0,18,0,8,0,0,0,0,2,1,6,1,36,7,1997,2,2,2,1,2
2017520800538,1,9,0,1,0,0,0,0,0,0,2,1,6,1,31,6,1968,2,13,3,1,3
2017520800556,1,3,0,18,0,4,0,0,0,0,0,1,1,1,23,5,-1,-1,-1,8,1,8
2017520800559,1,9,0,18,0,0,0,0,0,0,2,1,6,2,29,6,1968,2,4,9,3,9
2017520800559,2,9,0,18,0,0,0,0,0,0,1,1,6,2,49,8,3498,1,12,8,1,8
2017520800559,3,9,0,18,0,0,0,0,0,0,1,1,6,2,68,10,1968,2,5,7,1,7
2017520800559,4,9,0,18,0,0,0,0,0,0,1,1,6,2,17,4,1240,1,14,8,1,8
2017520800559,5,9,0,18,0,0,0,0,0,0,1,1,6,2,63,9,1560,2,3,1,1,1
2017520800572,1,9,0,18,0,8,0,0,0,0,1,1,6,2,29,6,1149,1,7,9,1,9
2017520800572,2,9,0,4,0,8,0,0,0,0,0,1,6,1,25,5,1798,1,9,4,3,4