Accident_Index,Vehicle_Reference,Vehicle_Type,Towing_and_Articulation,Vehicle_Manoeuvre,Vehicle_Location-Restricted_Lane,Junction_Location,Skidding_and_Overturning,Hit_Object_in_Carriageway,Vehicle_Leaving_Carriageway,Hit_Object_off_Carriageway,1st_Point_of_Impact,Was_Vehicle_Left_Hand_Drive?,Journey_Purpose_of_Driver,Sex_of_Driver,Age_of_Driver,Age_Band_of_Driver,Engine_Capacity_(CC),Propulsion_Code,Age_of_Vehicle,Driver_IMD_Decile,Driver_Home_Area_Type,Vehicle_IMD_Decile
2017521700543,1,9,0,7,8,0,0,0,0,0,3,1,6,2,41,7,-1,-1,-1,6,1,6
2017521700553,1,9,0,9,0,8,0,0,0,0,3,1,6,1,73,10,1896,2,11,4,1,4
2017521700553,2,9,0,18,0,1,0,0,0,0,4,1,6,1,31,6,-1,-1,-1,4,1,4
2017521700560,1,9,0,17,0,0,2,0,0,0,1,1,6,2,18,4,-1,-1,-1,7,1,7
2017521700561,1,9,0,18,0,4,0,0,0,0,1,1,6,1,64,9,-1,-1,-1,8,3,8
2017521700561,2,9,0,9,0,8,0,0,0,0,1,1,6,1,20,4,1968,2,1,9,1,9
2017521700565,1,9,0,18,0,0,0,0,0,0,1,1,6,2,69,10,1497,8,-1,7,1,7
2017521700566,1,9,0,7,0,8,0,0,0,0,1,1,6,1,21,5,1242,1,15,3,1,3
2017521700566,2,9,0,18,0,8,0,0,0,0,1,1,6,1,72,10,-1,-1,-1,5,1,5
2017521700570,1,9,0,18,0,0,0,0,0,0,1,1,6,1,19,4,1229,1,11,9,1,9
2017521700570,2,9,0,4,0,0,0,0,0,0,2,1,6,2,36,7,1686,2,12,8,1,8
2017521700571,1,9,0,9,0,8,0,0,0,0,1,1,6,1,49,8,1596,1,4,-1,1,-1
2017521700571,2,9,0,18,0,8,0,0,0,0,3,1,6,1,44,7,1896,2,8,1,1,1
2017521700574,1,9,0,18,0,0,0,0,0,0,2,1,6,1,29,6,1597,2,3,3,1,3
2017521700574,2,9,0,18,0,0,0,0,0,0,1,1,6,1,38,7,1364,1,5,7,1,7
2017521700576,1,9,0,3,0,1,0,0,0,0,3,1,6,1,67,10,1582,2,2,1,1,1
2017521700576,2,4,0,14,0,1,0,0,0,0,1,1,6,1,32,6,125,1,2,-1,-1,-1
2017521700589,1,9,0,14,0,0,0,0,0,0,1,1,6,2,45,7,1753,2,13,8,1,8
2017521700590,1,9,0,3,0,0,0,0,0,0,1,1,6,1,29,6,1242,1,10,6,1,6
2017521700590,2,9,0,18,0,0,1,0,0,0,1,1,6,1,34,6,1800,1,18,9,1,9
2017521700591,1,9,0,18,0,8,0,0,0,0,1,1,6,1,44,7,1968,2,2,4,1,4
2017521700591,2,9,0,3,0,1,0,0,0,0,1,1,6,2,19,4,1299,1,13,4,1,4
2017521700593,1,1,0,3,0,1,0,0,0,0,2,1,6,2,43,7,-1,-1,-1,9,2,9
2017521700593,2,9,0,18,0,1,0,0,0,0,1,1,6,1,73,10,1598,1,9,10,3,10
2017521700608,1,1,0,18,0,1,0,0,0,0,1,1,6,2,31,6,-1,-1,-1,3,1,3
2017521700608,2,9,0,9,0,6,0,0,0,0,1,1,6,1,35,6,-1,-1,-1,-1,-1,-1
2017521700625,1,11,0,18,0,0,0,8,0,0,4,1,6,1,64,9,6700,2,1,3,1,3
2017521700625,2,9,0,2,0,0,0,0,0,0,3,1,6,2,50,8,1390,1,18,10,1,10
2017521700626,1,9,0,18,0,8,0,0,0,0,1,1,6,1,75,10,1390,1,12,1,1,1
2017521700629,1,9,0,9,0,6,0,0,0,0,3,1,6,2,37,7,1598,2,3,2,1,2
2017521700629,2,2,0,18,0,8,0,0,0,0,1,1,6,1,18,4,49,1,4,4,1,4
2017521700637,1,21,1,1,0,0,0,0,0,0,2,1,6,1,63,9,10518,2,5,4,1,4
2017521700637,2,11,0,18,0,0,0,0,0,0,4,1,6,1,49,8,7300,2,12,2,1,2
2017521700649,1,9,0,18,0,0,0,0,0,0,2,1,6,1,36,7,2777,2,9,4,1,4
2017521700649,2,1,0,18,0,0,0,0,0,0,0,1,6,1,26,6,-1,-1,-1,-1,-1,-1
2017521700655,1,9,0,18,0,2,0,0,0,0,4,1,6,1,49,8,-1,-1,-1,10,1,10
2017521700661,1,1,0,18,0,1,0,0,0,0,4,1,6,2,21,5,-1,-1,-1,3,1,3
2017521700661,2,9,0,7,0,5,0,0,0,0,0,1,6,1,21,5,-1,-1,-1,-1,-1,-1
2017521700663,1,21,0,2,0,0,0,0,0,0,2,1,6,1,54,8,-1,-1,-1,7,3,7
2017521700663,2,9,0,18,0,0,0,0,0,0,1,1,6,1,58,9,2460,2,11,9,1,9
2017521700666,1,9,0,11,0,4,0,0,0,0,4,1,6,3,-1,-1,-1,-1,-1,-1,-1,-1
2017521700666,2,9,0,5,0,4,0,0,0,0,3,1,6,1,42,7,1984,1,8,7,1,7
2017521700668,1,9,0,18,0,0,0,0,0,0,1,1,6,3,-1,-1,6208,1,4,-1,-1,-1
2017521700668,2,9,0,3,0,0,0,0,0,0,2,1,6,2,44,7,1496,2,-1,4,1,4
2017521700669,1,9,0,18,0,0,2,0,0,7,1,1,6,1,36,7,1229,1,12,3,1,3
2017521700669,2,9,0,18,0,0,0,0,0,0,1,1,6,1,46,8,1753,2,9,1,1,1
2017521700669,3,9,0,18,0,0,0,0,0,0,1,1,6,1,60,9,-1,-1,-1,3,1,3
2017521700675,1,9,0,18,0,8,0,0,0,0,1,1,6,1,48,8,1995,2,12,4,1,4
2017521700693,1,9,0,18,0,0,0,0,0,0,0,1,6,1,60,9,1360,1,10,-1,-1,-1
2017521700699,1,8,0,18,0,0,0,4,0,0,1,1,6,1,35,6,1560,2,5,1,1,1
2017521700699,2,9,0,2,0,0,0,0,0,0,2,1,6,3,-1,-1,1991,2,7,-1,-1,-1
2017521700701,1,9,0,3,0,8,0,0,0,0,2,1,6,1,46,8,-1,-1,-1,7,1,7
2017521700701,2,9,0,18,0,8,0,0,0,0,1,1,6,1,85,11,998,1,14,7,1,7
2017521700704,1,9,0,5,0,8,0,0,0,0,1,1,6,2,41,7,1910,2,10,9,2,9
2017521700713,1,9,0,18,0,0,0,0,0,0,0,1,6,3,-1,-1,-1,-1,-1,-1,-1,-1
2017521700713,2,5,0,18,0,0,0,0,0,0,0,1,6,1,58,9,592,1,22,6,1,6
2017521700715,1,9,0,6,0,0,0,0,0,0,3,1,1,1,63,9,-1,-1,-1,2,1,2
2017521700715,2,1,0,13,0,0,0,0,0,0,4,1,6,1,28,6,-1,-1,-1,10,1,10
2017521700723,1,11,0,18,0,1,0,0,0,0,0,1,6,1,49,8,7300,2,12,6,1,6
2017521700723,2,11,0,9,0,5,0,0,0,0,0,1,6,1,44,7,9600,2,23,2,1,2
2017521700729,1,9,0,9,0,5,0,0,0,0,1,1,6,2,70,10,1242,1,4,-1,-1,-1
2017521700734,1,9,0,5,0,6,0,0,0,0,3,1,6,2,57,9,1339,1,11,7,1,7
2017521700734,2,9,0,18,0,8,0,0,0,0,1,1,6,1,31,6,1896,2,15,10,1,10
2017521700738,1,9,0,1,0,0,0,0,0,0,2,1,6,1,43,7,1968,2,2,9,2,9
2017521700738,2,1,0,18,0,0,0,0,0,0,1,1,6,1,44,7,-1,-1,-1,9,1,9
2017521700747,1,9,0,18,0,8,0,0,0,0,1,1,6,1,18,4,1332,1,19,4,1,4
2017521700747,2,9,4,5,0,6,0,0,0,0,1,1,6,1,62,9,-1,-1,-1,6,3,6
2017521700750,1,9,0,18,0,1,0,0,0,0,1,1,6,1,51,8,1968,2,10,9,1,9
2017521700750,2,19,0,4,0,1,0,0,0,0,2,1,6,1,61,9,2198,2,6,7,1,7
2017521700750,3,19,0,4,0,1,0,0,0,0,1,1,6,1,24,5,2198,2,1,10,1,10
2017521700750,4,19,0,3,0,1,0,0,0,0,2,1,6,1,29,6,2143,2,4,3,2,3
2017521700750,5,9,0,10,0,1,0,0,0,0,2,1,6,2,69,10,1984,1,2,9,1,9
2017521700751,1,9,0,4,0,2,0,0,0,0,4,1,6,1,22,5,1398,1,1,9,1,9
2017521700751,2,11,0,12,2,1,0,0,0,0,3,1,6,1,18,4,7300,2,10,-1,-1,-1
2017521700762,1,9,0,16,0,0,0,0,0,0,3,1,6,2,25,5,1586,1,9,7,1,7
2017521700762,2,9,0,17,0,0,0,0,0,0,3,1,6,1,62,9,1796,1,11,6,1,6
2017521700763,1,9,0,18,0,1,0,0,1,2,3,1,6,1,30,6,1753,2,10,9,1,9
2017521700774,1,1,0,18,0,1,0,0,0,0,2,1,6,1,19,4,-1,-1,-1,2,1,2
2017521700774,2,9,0,7,0,6,0,0,0,0,2,1,6,3,-1,-1,-1,-1,-1,-1,-1,-1
2017521700780,1,9,0,3,0,0,0,0,0,0,2,1,6,3,55,8,2720,2,7,7,1,7
2017521700780,2,9,0,3,0,0,0,0,0,0,2,1,6,2,37,7,1461,2,1,7,1,7
2017521700780,3,9,0,18,0,0,0,0,0,0,1,1,6,1,35,6,2179,2,7,7,3,7
2017521700782,1,9,0,18,0,1,0,0,0,0,1,1,6,1,91,11,1149,1,9,3,1,3
2017521700782,2,9,0,14,0,2,0,0,0,0,1,1,6,1,48,8,1951,2,14,8,1,8
2017521700783,1,9,0,17,0,0,0,0,1,2,1,1,6,1,20,4,1149,1,7,10,1,10
2017521700786,1,9,0,4,0,8,0,0,0,0,2,1,6,2,49,8,1390,1,19,4,1,4
2017521700786,2,9,0,3,0,8,0,0,0,0,1,1,6,3,22,5,998,1,12,-1,-1,-1
2017521700787,1,9,0,7,0,1,0,0,0,0,2,1,6,2,33,6,1198,1,10,6,2,6
2017521700787,2,9,0,7,0,1,0,0,0,0,1,1,6,1,-1,-1,-1,-1,-1,-1,-1,-1
2017521700796,1,8,0,3,0,0,0,0,0,0,2,1,1,1,53,8,1997,2,4,1,1,1
2017521700796,2,9,0,18,0,0,0,0,0,0,1,1,6,2,25,5,1595,1,11,-1,-1,-1
2017521700800,1,21,1,11,0,0,0,0,0,0,2,1,1,1,39,7,10308,2,4,1,1,1
2017521700800,2,19,0,18,0,0,0,0,0,0,1,1,1,1,29,6,2143,2,2,-1,1,-1
2017521700801,1,9,0,8,0,1,0,0,0,0,3,1,6,2,39,7,1968,2,3,7,2,7
2017521700801,2,21,1,18,0,4,0,0,0,0,4,1,1,1,-1,-1,-1,-1,-1,-1,-1,-1
2017521700814,1,9,0,18,0,0,1,0,1,11,1,1,3,1,42,7,2493,1,16,5,1,5
2017521700819,1,1,0,18,0,8,1,0,0,0,1,1,6,1,18,4,-1,-1,-1,10,1,10
2017521700819,2,9,0,9,0,6,0,0,0,0,1,1,6,1,81,11,1596,1,13,10,2,10
2017521700821,1,9,0,5,0,2,0,0,0,0,1,1,6,3,-1,-1,-1,-1,-1,-1,-1,-1
2017521700826,1,5,0,13,0,0,0,0,0,0,3,1,6,1,24,5,599,1,21,7,1,7
2017521700826,2,9,0,18,0,0,0,0,0,0,0,1,6,2,30,6,1360,1,14,10,3,10
2017521700826,3,9,0,18,0,0,0,0,0,0,3,1,6,1,67,10,2400,2,4,6,1,6
2017521700829,1,9,0,6,0,6,0,0,0,0,1,1,6,1,69,10,1588,1,13,1,1,1
2017521700829,2,3,0,18,0,2,0,0,0,0,1,1,6,1,24,5,124,1,5,1,1,1
2017521700841,1,9,0,3,0,1,0,0,0,0,2,1,6,1,32,6,2793,1,19,6,1,6
2017521700841,2,8,0,18,0,1,0,0,0,0,1,1,1,1,63,9,1991,2,8,3,1,3
2017521700845,1,9,0,4,0,1,0,0,0,0,2,1,6,2,28,6,2926,2,14,6,1,6
2017521700845,2,9,0,4,0,1,0,0,0,0,1,1,1,1,27,6,-1,-1,-1,4,1,4
2017521700847,1,9,0,18,0,0,0,0,0,0,4,1,6,2,75,10,1596,1,12,7,1,7
2017521700847,2,1,0,18,0,0,0,0,0,0,1,1,6,1,16,4,-1,-1,-1,5,1,5
2017521700849,1,11,0,4,0,0,0,0,0,0,1,1,1,1,56,9,3900,2,11,8,1,8
2017521700849,2,19,0,4,0,0,0,0,0,0,2,1,1,1,30,6,2143,2,6,-1,-1,-1
2017521700898,1,9,0,18,0,4,0,0,0,0,1,1,6,1,47,8,2967,2,6,2,1,2
2017521700898,2,1,0,18,0,8,0,0,0,0,2,1,6,1,17,4,-1,-1,-1,6,1,6
2017521700903,1,9,0,9,0,6,0,0,0,0,3,1,6,1,77,11,-1,-1,-1,4,1,4
2017521700903,2,9,0,18,0,8,0,0,0,0,1,1,6,1,79,11,1299,1,16,7,1,7
2017521700908,1,1,0,18,0,4,0,9,0,10,3,1,1,2,50,8,-1,-1,-1,-1,-1,-1
2017521700908,2,9,0,18,0,8,0,0,0,0,1,1,6,1,34,6,-1,-1,-1,-1,-1,-1
2017521700909,1,1,0,18,0,0,0,0,0,0,3,1,6,1,46,8,-1,-1,-1,10,1,10
2017521700909,2,9,0,7,0,0,0,0,0,0,0,1,6,1,-1,-1,1995,2,9,5,1,5
2017521700913,1,9,0,18,0,0,0,0,0,0,1,1,6,1,18,4,1229,1,9,4,1,4
2017521700936,1,9,0,18,0,0,0,0,0,0,4,1,6,2,74,10,1149,1,8,9,1,9
2017521700939,1,9,0,18,0,0,0,0,0,0,3,1,6,1,31,6,1598,2,3,4,1,4
2017521700939,2,9,5,18,0,0,0,0,7,10,3,1,6,1,31,6,1995,2,12,10,1,10
2017521700950,1,9,0,18,0,1,1,10,0,10,3,1,6,1,21,5,1124,1,11,-1,-1,-1
2017521700950,2,9,0,18,0,1,0,0,0,0,1,1,6,2,67,10,1591,1,3,7,3,7
2017521700953,1,9,0,18,0,0,0,0,0,0,4,1,6,1,46,8,-1,-1,-1,3,1,3
2017521700953,2,9,0,18,0,0,0,0,0,0,1,1,6,2,46,8,4999,1,6,10,3,10
2017521700956,1,9,0,9,0,8,0,0,0,0,3,1,6,3,30,6,-1,-1,-1,-1,-1,-1
2017521700962,1,9,0,18,0,0,0,0,0,0,1,1,6,1,88,11,1299,1,17,4,1,4
2017521700962,2,9,0,2,0,0,0,0,0,0,4,1,6,2,21,5,1242,1,13,1,1,1
2017521700962,3,19,0,2,0,0,0,0,0,0,3,1,6,1,21,5,1998,2,12,1,1,1
2017521700963,1,9,0,9,0,8,0,0,0,0,1,1,6,1,-1,-1,1686,2,4,-1,-1,-1
2017521700969,1,9,0,17,0,0,0,0,0,0,4,1,6,2,22,5,-1,-1,-1,4,1,4
2017521700969,2,9,0,17,0,0,0,0,0,0,3,1,6,2,30,6,1390,1,14,2,1,2
2017521700975,1,9,0,18,0,6,0,0,0,0,4,1,6,1,57,9,998,1,12,8,1,8
2017521700976,1,9,0,4,0,0,0,0,0,0,2,1,6,2,56,9,1242,1,1,6,3,6
2017521700976,2,9,0,18,0,0,0,0,0,0,1,1,6,2,37,7,1900,2,18,9,2,9
2017521700976,3,9,0,18,0,0,0,0,0,0,1,1,6,1,50,8,-1,-1,-1,-1,1,-1
2017521700977,1,9,0,16,0,0,0,0,0,0,3,1,6,2,20,4,1149,1,10,7,3,7
2017521700977,2,9,0,17,0,0,0,0,0,0,3,1,6,1,39,7,-1,-1,-1,10,1,10
2017521700980,1,9,0,10,0,1,0,0,0,0,0,1,6,3,20,4,-1,-1,-1,-1,-1,-1
2017521700980,2,9,0,3,0,1,0,0,0,0,2,1,2,2,22,5,1591,1,4,10,1,10
2017521700980,3,9,0,4,0,1,0,0,0,0,1,1,6,1,18,4,-1,-1,-1,-1,-1,-1
2017521700983,1,9,0,18,0,0,0,0,0,0,0,1,6,1,36,7,1968,2,9,7,1,7
2017521700983,2,2,0,18,0,0,0,0,1,4,4,1,6,1,18,4,49,1,15,5,1,5
2017521700984,1,9,0,18,0,0,0,0,0,0,4,1,6,2,29,6,1598,2,6,9,2,9
2017521700991,1,1,0,17,0,8,0,0,0,0,1,1,1,1,51,8,-1,-1,-1,8,1,8
2017521700991,2,9,0,9,0,8,0,0,0,0,3,1,6,1,52,8,3800,1,4,4,1,4
2017521700992,1,9,0,18,0,0,0,0,0,0,4,1,6,3,-1,-1,-1,-1,-1,-1,-1,-1
2017521700996,1,9,0,9,0,5,0,0,0,0,1,1,6,1,39,7,1998,1,9,8,1,8
2017521700997,1,5,0,18,0,1,1,0,0,0,0,1,6,1,31,6,645,1,14,4,1,4
2017521700997,2,9,0,7,0,6,0,0,0,0,0,1,6,3,-1,-1,-1,-1,-1,-1,-1,-1
2017521700999,1,9,0,18,0,8,0,0,0,0,1,1,6,2,24,5,998,1,3,7,1,7
2017521700999,2,19,0,9,0,6,0,0,0,0,3,1,6,1,24,5,2143,2,2,5,1,5
2017521701001,1,1,0,18,0,3,0,0,0,0,4,1,2,2,31,6,-1,-1,-1,7,1,7
2017521701001,2,9,0,5,0,4,0,0,0,0,1,1,6,1,-1,-1,1968,2,5,-1,-1,-1
2017521701006,1,9,0,18,0,0,0,0,0,0,1,1,6,2,35,6,1686,2,5,7,1,7
2017521701006,2,9,0,3,0,0,0,0,0,0,2,1,6,2,61,9,1796,1,15,7,1,7
2017521701006,3,9,0,3,0,0,0,0,0,0,2,1,6,1,55,8,1197,1,2,7,1,7
2017521701009,1,9,0,5,0,1,0,0,0,0,1,1,6,2,62,9,1339,1,11,2,1,2
2017521701009,2,9,0,18,0,1,0,0,0,0,1,1,6,1,21,5,1364,1,10,4,1,4
2017521701011,1,9,0,18,0,1,0,0,0,0,2,1,6,2,48,8,2495,2,15,4,1,4
2017521701011,2,9,0,9,0,1,0,0,0,0,3,1,6,2,29,6,1590,1,3,10,2,10
2017521701011,3,9,0,18,0,1,0,0,0,0,1,1,6,2,74,10,1461,2,1,-1,-1,-1
2017521701011,4,9,0,18,0,1,0,10,0,0,1,1,6,1,52,8,-1,-1,-1,9,1,9
2017521701015,1,9,0,17,0,0,0,0,0,0,1,1,6,1,36,7,1590,1,14,6,3,6
2017521701015,2,9,0,16,0,0,0,0,0,0,1,1,6,1,44,7,1200,1,1,8,1,8
2017521701023,1,9,0,18,0,8,5,10,0,0,4,1,6,1,37,7,1149,1,12,3,1,3
2017521701028,1,9,0,9,0,5,0,0,0,0,1,1,6,1,42,7,-1,-1,-1,-1,-1,-1
2017521701031,1,9,0,4,0,8,0,0,0,0,3,1,1,2,21,5,1248,2,10,2,1,2
2017521701031,2,9,0,4,0,3,0,0,0,0,0,1,6,1,25,5,-1,-1,-1,-1,-1,-1
2017521701047,1,1,0,5,0,4,0,0,0,0,2,1,6,1,51,8,-1,-1,-1,2,1,2
2017521701047,2,9,0,18,0,4,0,0,0,0,1,1,6,3,-1,-1,-1,-1,-1,-1,-1,-1
2017521701050,1,20,0,18,0,0,0,0,0,0,4,1,6,1,35,6,-1,-1,-1,-1,-1,-1
2017521701051,1,1,0,18,0,8,0,0,0,0,1,1,6,1,29,6,-1,-1,-1,8,1,8
2017521701051,2,8,0,5,0,5,0,0,0,0,3,1,6,3,30,6,1598,2,1,-1,-1,-1
2017521701067,1,9,0,6,0,0,0,0,0,0,1,1,6,1,21,5,1781,1,16,5,2,5
2017521701067,2,3,0,18,0,0,0,0,0,0,2,1,6,1,16,4,599,1,19,-1,1,-1
2017521701069,1,9,0,18,0,0,0,0,0,0,1,1,6,3,25,5,-1,-1,-1,-1,-1,-1
2017521701076,1,9,0,18,0,0,0,0,1,0,4,1,6,1,28,6,-1,-1,-1,10,1,10
2017521701076,2,9,0,18,0,0,1,0,0,6,3,1,6,1,73,10,1598,1,9,9,1,9
2017521701078,1,9,0,18,0,8,0,0,0,0,0,1,6,2,48,8,1195,1,19,4,1,4
2017521701079,1,9,0,17,0,1,0,0,0,0,1,1,6,1,47,8,2497,2,6,3,1,3
2017521701079,2,9,0,17,0,1,0,0,0,0,2,1,6,1,53,8,-1,-1,-1,3,1,3
2017521701083,1,9,0,18,0,1,1,0,7,1,4,1,6,1,28,6,2494,1,15,4,1,4
2017521701086,1,9,0,9,0,6,0,0,1,1,1,1,6,1,34,6,1968,2,4,10,3,10
2017521701090,1,9,0,18,0,0,0,0,0,0,1,1,6,1,50,8,-1,-1,-1,5,1,5
2017521701090,2,9,0,18,0,0,0,0,0,0,2,1,6,1,26,6,1388,1,5,9,1,9
2017521701090,3,9,0,18,0,0,0,0,4,6,3,1,6,1,41,7,1995,2,2,7,1,7
2017521701090,4,9,0,18,0,0,0,0,0,0,1,1,6,1,54,8,996,1,6,4,3,4
2017521701090,5,9,0,18,0,0,0,0,0,0,0,1,6,3,-1,-1,-1,-1,-1,-1,-1,-1
2017521701102,1,9,0,18,0,0,0,0,0,0,1,1,6,2,51,8,1956,2,2,5,3,5
2017521701102,2,9,0,18,0,0,0,0,0,0,1,1,6,1,32,6,1968,2,1,5,1,5
2017521701102,3,9,0,18,0,0,0,0,0,0,2,1,6,1,52,8,1995,2,6,5,3,5
2017521701104,1,9,0,4,0,1,0,0,0,0,3,1,6,1,35,6,1596,1,9,5,1,5
2017521701104,2,9,0,7,0,7,0,0,0,0,1,1,6,1,25,5,1781,1,25,7,1,7
2017521701105,1,9,0,9,0,5,0,0,0,0,4,1,6,1,52,8,-1,-1,-1,10,1,10
2017521701105,2,1,0,18,0,8,0,0,0,0,1,1,6,1,22,5,-1,-1,-1,-1,-1,-1
2017521701107,1,1,0,18,0,8,0,0,0,0,1,1,6,1,51,8,-1,-1,-1,7,1,7
2017521701107,2,9,0,7,0,8,0,0,0,0,1,1,6,1,45,7,-1,-1,-1,8,1,8
2017521701110,1,9,0,18,0,4,0,0,0,0,1,1,6,1,35,6,1398,1,13,6,1,6
2017521701110,2,1,0,18,0,4,0,0,0,0,1,1,6,2,45,7,-1,-1,-1,-1,-1,-1
2017521701113,1,9,0,7,0,6,0,0,0,0,3,1,6,2,32,6,1198,1,11,1,1,1
2017521701113,2,9,0,18,0,8,0,0,0,0,4,1,6,2,19,4,1242,1,9,8,3,8
2017521701117,1,1,0,18,4,1,0,0,0,0,1,1,6,1,42,7,-1,-1,-1,10,3,10
2017521701117,2,9,0,3,0,8,0,0,0,0,4,1,6,1,30,6,-1,-1,-1,-1,-1,-1
2017521701121,1,9,0,16,0,0,1,0,7,4,1,1,6,1,24,5,1995,2,8,3,1,3
2017521701140,1,11,0,18,0,8,0,0,0,0,1,1,6,3,-1,-1,-1,-1,-1,-1,-1,-1
2017521701142,1,4,0,4,0,0,1,0,0,0,1,1,6,1,34,6,125,1,4,10,1,10
2017521701142,2,1,0,3,0,0,0,0,0,0,3,1,6,1,37,7,-1,-1,-1,5,1,5
2017521701143,1,9,0,18,0,1,0,0,0,0,3,1,1,2,20,4,1388,1,15,2,1,2
2017521701143,2,9,0,7,0,5,0,0,0,0,3,1,6,3,-1,-1,-1,-1,-1,-1,-1,-1
2017521701145,1,9,0,5,0,4,0,0,0,0,3,1,6,1,49,8,1339,1,13,4,1,4
2017521701145,2,1,0,18,0,8,0,0,0,0,1,1,6,2,26,6,-1,-1,-1,5,1,5
2017521701150,1,9,0,9,0,6,0,0,0,0,1,1,6,1,54,8,1995,2,2,8,2,8
2017521701150,2,9,0,18,0,8,5,0,1,10,4,1,6,1,21,5,1395,1,1,10,2,10
2017521701154,1,9,0,3,8,6,0,0,0,0,1,1,2,1,45,7,1397,1,7,10,1,10
2017521701159,1,9,0,1,0,6,0,0,0,0,0,1,6,1,29,6,2987,2,3,4,1,4
2017521701159,2,1,0,18,0,1,0,0,0,0,0,1,6,2,59,9,-1,-1,-1,3,1,3
2017521701160,1,90,0,4,0,0,0,0,0,0,2,1,1,1,34,6,-1,-1,-1,5,1,5
2017521701160,2,21,0,18,0,0,0,0,0,0,1,1,1,1,31,6,9290,2,6,1,1,1
2017521701164,1,3,0,18,2,1,0,0,0,0,1,1,2,1,31,6,102,1,11,1,1,1
2017521701164,2,19,0,7,0,5,0,0,0,0,0,1,6,3,-1,-1,-1,-1,-1,-1,-1,-1
2017521701165,1,9,0,12,0,0,5,0,1,0,3,1,6,2,20,4,1560,2,4,7,3,7
2017521701165,2,9,0,18,0,0,0,0,0,0,4,1,6,1,35,6,1995,2,5,10,1,10
2017521701166,1,5,0,14,0,1,0,0,0,0,1,1,6,1,32,6,1198,1,3,6,1,6
2017521701166,2,21,1,9,0,8,0,0,0,0,3,1,6,1,59,9,12900,2,6,8,3,8
2017521701168,1,9,0,18,0,0,0,0,0,0,1,1,6,2,53,8,1596,1,17,10,1,10
2017521701168,2,9,0,2,0,0,0,0,0,0,3,1,6,1,26,6,998,1,13,9,1,9
2017521701168,3,9,0,2,0,0,0,0,0,0,3,1,6,1,30,6,1896,2,10,8,2,8
2017521701169,1,9,0,3,0,8,0,0,0,0,2,1,6,2,19,4,1242,1,7,3,1,3
2017521701169,2,9,0,10,0,8,0,0,0,0,2,1,6,1,30,6,-1,-1,-1,-1,-1,-1
2017521701169,3,9,0,18,0,1,0,0,0,0,1,1,6,1,17,4,1388,1,17,-1,-1,-1
2017521701174,1,9,0,18,0,0,0,0,0,0,1,1,6,1,26,6,2000,2,13,6,1,6
2017521701175,1,9,0,18,0,0,0,0,0,0,1,1,6,1,81,11,1242,1,10,2,1,2
2017521701180,1,4,0,18,0,0,0,10,0,0,0,1,6,3,-1,-1,-1,-1,-1,-1,-1,-1
2017521701184,1,9,0,18,0,1,1,0,1,10,1,1,6,1,61,9,-1,-1,-1,9,1,9
2017521701194,1,9,0,18,0,1,0,0,0,0,1,1,6,1,40,7,998,1,1,4,1,4
2017521701194,2,9,0,7,0,6,0,0,0,0,3,1,6,1,86,11,998,1,16,8,1,8
2017521701194,3,9,0,18,0,1,0,0,0,0,1,1,6,1,82,11,1248,1,5,5,1,5
2017521701196,1,9,0,18,0,0,0,0,0,0,4,1,6,1,65,9,-1,-1,-1,-1,2,-1
2017521701205,1,11,0,7,0,5,0,0,0,0,4,1,1,1,39,7,3900,2,11,4,1,4
2017521701215,1,9,0,7,0,5,0,0,0,0,4,1,6,1,28,6,-1,-1,-1,8,1,8
2017521701215,2,2,0,18,2,8,0,0,0,0,1,1,6,2,29,6,-1,-1,-1,-1,-1,-1
2017521701220,1,9,0,10,0,1,0,0,0,0,2,1,6,2,68,10,1229,1,12,3,1,3
2017521701220,2,9,0,4,0,1,0,0,0,0,1,1,6,3,60,9,1951,2,17,-1,-1,-1
2017521701232,1,9,0,3,0,4,0,0,0,0,2,1,6,2,25,5,1242,1,10,6,1,6
2017521701232,2,9,0,18,0,4,0,0,0,0,1,1,6,3,-1,-1,-1,-1,-1,-1,-1,-1
2017521701241,1,1,0,18,2,0,0,0,0,0,2,1,6,2,33,6,-1,-1,-1,7,1,7
2017521701241,2,4,0,18,2,0,0,0,0,0,1,1,6,1,43,7,1085,1,18,-1,-1,-1
2017521701247,1,9,0,4,0,0,0,0,0,0,2,1,6,1,46,8,1198,1,14,6,1,6
2017521701247,2,9,0,3,0,0,0,0,0,0,2,1,6,1,53,8,1995,2,3,4,1,4
2017521701247,3,21,0,18,0,0,0,0,0,0,1,1,6,1,27,6,12777,2,2,5,1,5
2017521701248,1,9,0,18,0,0,1,0,1,4,1,1,6,1,21,5,1198,1,5,10,1,10
2017521701249,1,9,0,18,0,0,0,0,4,6,1,1,6,1,23,5,2494,1,15,9,1,9
2017521701253,1,9,0,18,0,1,0,0,0,0,1,1,6,1,56,9,1796,1,13,4,1,4
2017521701253,2,9,0,4,0,1,0,0,0,0,2,1,6,2,22,5,1560,2,10,5,1,5
2017521701257,1,3,0,18,0,0,0,0,0,0,1,1,6,1,37,7,124,1,3,5,1,5
2017521701257,2,9,0,2,0,0,0,0,0,0,2,1,6,3,-1,-1,1599,1,12,-1,-1,-1
2017521701275,1,9,0,9,0,8,0,0,0,0,1,1,6,1,25,5,-1,-1,-1,8,1,8
2017521701275,2,4,0,18,0,1,0,0,0,0,1,1,6,1,26,6,124,1,10,5,1,5