Accident_Index,Vehicle_Reference,Vehicle_Type,Towing_and_Articulation,Vehicle_Manoeuvre,Vehicle_Location-Restricted_Lane,Junction_Location,Skidding_and_Overturning,Hit_Object_in_Carriageway,Vehicle_Leaving_Carriageway,Hit_Object_off_Carriageway,1st_Point_of_Impact,Was_Vehicle_Left_Hand_Drive?,Journey_Purpose_of_Driver,Sex_of_Driver,Age_of_Driver,Age_Band_of_Driver,Engine_Capacity_(CC),Propulsion_Code,Age_of_Vehicle,Driver_IMD_Decile,Driver_Home_Area_Type,Vehicle_IMD_Decile
2017521701332,1,9,0,18,0,1,0,0,0,0,1,1,6,3,-1,-1,-1,-1,-1,-1,-1,-1
2017521701342,1,9,0,18,0,1,0,0,0,0,1,1,6,1,39,7,1199,1,18,6,1,6
2017521701342,2,9,0,18,0,8,0,0,0,0,1,1,6,3,-1,-1,1598,1,17,-1,-1,-1
2017521701383,1,9,0,1,0,0,0,0,0,0,2,1,6,2,28,6,-1,-1,-1,-1,-1,-1
2017521701383,2,9,0,3,0,0,0,0,0,0,1,1,6,1,19,4,1199,1,15,1,1,1
2017521701386,1,9,0,18,0,0,0,0,0,0,0,1,6,1,41,7,1240,1,9,2,1,2
2017521701398,1,19,0,18,0,2,0,0,0,0,1,1,6,1,59,9,2198,2,2,8,3,8
2017521701398,2,9,0,3,0,2,0,0,0,0,2,1,6,1,65,9,1798,1,10,-1,1,-1
2017521701398,3,9,0,3,0,2,0,0,0,0,2,1,6,1,49,8,2143,2,6,8,1,8
2017521701398,4,9,0,3,0,2,0,0,0,0,2,1,6,1,47,8,1587,1,12,9,1,9
2017521701399,1,9,0,18,0,0,0,0,0,0,1,1,6,1,80,11,1598,1,15,1,1,1
2017521701399,2,1,0,18,0,0,0,0,0,0,2,1,6,2,34,6,-1,-1,-1,4,1,4
2017521701400,1,9,0,18,0,6,0,0,0,0,1,1,6,3,-1,-1,1895,1,16,-1,-1,-1
2017521701405,1,9,0,9,2,5,0,0,0,0,1,1,6,1,35,6,1796,1,10,3,1,3
2017521701405,2,3,0,18,2,8,0,0,0,0,1,1,6,1,16,4,-1,-1,-1,3,1,3
2017521701406,1,9,0,18,0,0,0,0,0,0,1,1,6,1,52,8,3996,1,17,8,1,8
2017521701406,2,9,0,18,0,0,0,0,0,0,1,1,6,1,28,6,2000,2,13,4,1,4
2017521701414,1,19,0,3,0,1,0,0,0,0,2,1,6,1,35,6,1598,2,2,4,1,4
2017521701414,2,9,0,3,0,1,0,0,0,0,2,1,6,1,63,9,1339,1,4,6,1,6
2017521701414,3,19,0,3,0,1,0,0,0,0,2,1,6,1,59,9,1870,2,11,5,1,5
2017521701414,4,9,0,4,0,1,0,0,0,0,1,1,6,1,21,5,1796,1,18,4,1,4
2017521701415,1,3,0,18,0,1,0,0,0,0,0,1,6,2,46,8,-1,-1,-1,3,1,3
2017521701419,1,9,0,18,0,0,0,0,0,0,1,1,6,2,21,5,1364,1,10,1,1,1
2017521701419,2,9,0,18,0,0,0,0,0,0,2,1,6,1,26,6,1198,1,6,9,1,9
2017521701423,1,19,0,9,0,6,0,0,0,0,3,1,6,1,51,8,2402,2,7,4,1,4
2017521701423,2,9,0,18,0,8,0,0,0,0,4,1,6,2,74,10,1242,1,8,10,1,10
2017521701425,1,9,0,18,0,0,0,0,0,0,2,1,2,2,43,7,1997,1,3,6,1,6
2017521701425,2,9,0,18,0,0,0,0,0,0,1,1,6,3,-1,-1,-1,-1,-1,-1,-1,-1
2017521701432,1,2,0,18,0,8,1,0,0,0,1,1,1,1,36,7,125,1,3,5,1,5
2017521701432,2,9,0,9,0,6,0,0,0,0,1,1,6,3,-1,-1,-1,-1,-1,-1,-1,-1
2017521701441,1,3,0,18,0,1,1,0,0,0,0,1,6,1,29,6,-1,-1,-1,6,1,6
2017521701441,2,9,0,9,0,5,0,0,0,0,0,1,6,3,-1,-1,-1,-1,-1,-1,-1,-1
2017521701456,1,9,0,18,0,0,0,0,0,0,3,1,6,1,59,9,1870,2,15,3,1,3
2017521701456,2,9,0,2,0,0,0,0,0,0,3,1,6,3,-1,-1,2993,2,8,-1,-1,-1
2017521701458,1,9,0,18,0,8,0,0,0,0,4,1,6,1,37,7,1968,2,9,9,2,9
2017521701458,2,9,0,5,0,6,0,0,0,0,1,1,6,1,21,5,1968,2,5,1,1,1
2017521701460,1,9,0,9,0,6,0,0,0,0,3,1,6,1,32,6,1999,2,1,9,1,9
2017521701460,2,9,0,10,0,5,0,0,0,0,0,1,6,1,-1,-1,-1,-1,-1,-1,-1,-1
2017521701460,3,9,0,18,0,8,0,0,0,0,1,1,6,1,17,4,-1,-1,-1,10,3,10
2017521701471,1,19,0,7,0,5,0,0,0,0,4,1,6,1,40,7,2402,2,12,5,1,5
2017521701471,2,3,0,18,0,8,0,0,0,0,1,1,6,1,26,6,599,1,8,1,1,1
2017521701479,1,11,0,9,0,1,0,0,0,0,4,1,1,1,24,5,7300,2,12,1,1,1
2017521701485,1,9,0,9,0,6,0,0,0,0,1,1,6,1,63,9,1598,1,4,5,1,5
2017521701488,1,19,0,9,0,5,0,0,0,0,4,1,6,1,32,6,2464,2,6,4,1,4
2017521701488,2,9,0,4,0,1,0,0,0,0,1,1,6,2,32,6,1339,1,1,4,1,4
2017521701491,1,1,0,18,0,8,0,0,0,0,1,1,6,1,38,7,-1,-1,-1,-1,-1,-1
2017521701491,2,9,0,9,0,5,0,0,0,0,1,1,6,2,40,7,1368,1,10,4,1,4
2017521701495,1,9,0,9,0,8,0,0,0,0,1,1,6,1,78,11,1598,2,1,7,1,7
2017521701495,2,9,0,2,0,8,0,0,0,0,2,1,6,1,37,7,1598,1,17,7,1,7
2017521701496,1,9,0,9,0,8,0,0,0,0,1,1,6,2,50,8,1596,1,15,2,1,2
2017521701496,2,3,0,18,0,8,0,0,0,0,1,1,6,1,59,9,124,1,5,1,1,1
2017521701512,1,9,0,3,0,4,0,0,0,0,2,1,6,2,51,8,2500,2,20,6,1,6
2017521701512,2,9,0,18,0,1,0,0,0,0,1,1,6,1,65,9,1388,1,14,-1,-1,-1
2017521701517,1,11,0,18,0,0,0,0,0,4,3,1,3,1,50,8,-1,-1,-1,-1,-1,-1
2017521701519,1,1,0,17,0,0,0,0,0,0,2,1,2,1,28,6,-1,-1,-1,1,1,1
2017521701519,2,9,0,17,0,0,0,0,0,0,1,1,6,3,-1,-1,-1,-1,-1,-1,-1,-1
2017521701525,1,9,0,18,0,8,0,0,0,0,2,1,6,2,49,8,2799,1,18,2,1,2
2017521701525,2,9,0,18,0,8,0,0,0,0,1,1,6,3,-1,-1,1598,1,12,-1,-1,-1
2017521701559,1,9,0,4,0,1,0,0,0,0,1,1,6,1,29,6,1582,2,5,-1,-1,-1
2017521701559,2,9,0,18,0,1,0,0,0,0,3,1,6,2,18,4,1242,1,3,7,1,7
2017521701563,1,9,0,4,0,0,0,0,0,0,2,1,6,2,46,8,1200,1,5,5,1,5
2017521701563,2,9,0,4,0,0,0,0,0,0,2,1,6,1,28,6,-1,-1,-1,4,1,4
2017521701563,3,9,0,4,0,0,0,0,0,0,2,1,6,1,37,7,1910,2,11,10,1,10
2017521701563,4,9,0,4,0,0,0,0,0,0,2,1,6,1,30,6,-1,-1,-1,10,1,10
2017521701563,5,9,0,18,0,0,0,0,0,0,1,1,6,1,22,5,1349,1,3,10,1,10
2017521701566,1,9,0,18,0,0,0,0,0,0,1,1,6,2,22,5,1392,1,18,6,1,6
2017521701566,2,9,0,3,0,0,0,0,0,0,2,1,6,1,42,7,1598,1,11,6,1,6
2017521701580,1,9,0,1,0,1,0,0,0,0,2,1,6,2,36,7,1998,2,11,8,3,8
2017521701581,1,9,0,18,0,1,0,0,0,0,1,1,6,1,46,8,1390,1,4,1,1,1
2017521701581,2,9,0,3,0,1,0,0,0,0,2,1,6,1,35,6,1396,1,2,5,1,5
2017521701583,1,3,0,18,0,0,0,7,7,1,1,1,6,1,18,4,125,1,1,8,1,8
2017521701588,1,9,0,18,0,0,0,4,1,10,1,1,6,1,19,4,1995,1,7,3,1,3
2017521701588,2,9,0,2,0,0,0,0,0,0,2,1,6,2,27,6,1781,1,26,7,1,7
2017521701588,3,9,0,18,0,0,0,0,0,0,0,1,6,3,-1,-1,-1,-1,-1,-1,-1,-1
2017521701595,1,9,0,1,0,6,0,0,0,0,2,1,6,2,29,6,1598,2,5,5,1,5
2017521701598,1,9,0,5,0,2,0,0,0,0,1,1,6,3,-1,-1,-1,-1,-1,-1,-1,-1
2017521701598,2,1,0,5,0,2,0,0,1,0,2,1,6,1,29,6,-1,-1,-1,6,1,6
2017521701600,1,1,0,18,0,0,0,0,0,0,2,1,6,1,19,4,-1,-1,-1,6,1,6
2017521701600,2,8,0,18,0,0,0,0,0,0,1,1,6,3,59,9,1598,2,4,-1,-1,-1
2017521701601,1,9,0,2,0,0,0,0,0,0,1,1,1,2,24,5,1364,1,13,-1,-1,-1
2017521701601,2,9,0,2,0,0,0,0,0,0,2,1,6,1,40,7,-1,-1,-1,6,1,6
2017521701602,1,9,0,9,0,5,0,0,0,0,3,1,6,1,44,7,1910,2,11,5,3,5
2017521701602,2,5,0,13,0,8,0,0,1,10,1,1,6,1,27,6,1200,1,1,8,1,8
2017521701610,1,9,0,18,0,1,0,0,0,0,3,1,6,1,55,8,1198,1,9,4,1,4
2017521701610,2,5,0,7,0,6,0,0,0,0,1,1,6,1,64,9,885,1,21,5,3,5
2017521701615,1,9,0,3,0,1,0,0,0,0,2,1,6,2,49,8,1598,1,18,8,3,8
2017521701615,2,9,0,18,0,1,0,0,0,0,1,1,6,1,35,6,-1,-1,-1,-1,-1,-1
2017521701629,1,9,0,18,0,0,0,0,0,0,1,1,6,1,38,7,1596,1,11,7,1,7
2017521701629,2,9,0,18,0,0,0,0,0,0,1,1,6,1,40,7,1781,1,17,-1,-1,-1
2017521701630,1,9,0,9,0,5,0,0,0,0,1,1,6,1,17,4,-1,-1,-1,5,3,5
2017521701630,2,1,0,18,0,8,0,0,0,0,1,1,6,1,15,3,-1,-1,-1,10,1,10
2017521701634,1,9,0,18,0,8,0,0,0,0,3,1,6,1,29,6,1997,2,8,8,1,8
2017521701634,2,1,0,9,0,8,0,0,0,0,1,1,6,1,68,10,-1,-1,-1,4,1,4
2017521701636,1,20,0,18,0,1,0,0,0,0,4,1,6,3,-1,-1,-1,-1,-1,-1,-1,-1
2017521701638,1,9,0,2,0,0,0,0,0,0,3,1,6,2,90,11,1242,1,8,5,1,5
2017521701638,2,19,0,3,0,0,0,8,0,0,4,1,6,1,57,9,2148,2,9,8,1,8
2017521701642,1,9,0,9,0,5,0,0,0,0,1,1,6,3,-1,-1,1796,1,12,-1,-1,-1
2017521701645,1,9,0,10,0,8,0,0,0,0,2,1,6,2,54,8,2776,2,14,6,1,6
2017521701645,2,9,0,18,0,1,0,0,0,0,1,1,6,1,77,11,1995,2,5,2,1,2
2017521701645,3,9,0,18,0,1,0,0,0,0,1,1,6,1,57,9,-1,-1,-1,7,1,7
2017521701646,1,9,0,7,0,5,0,0,1,1,3,1,6,1,52,8,1998,1,12,10,2,10
2017521701654,1,9,0,18,0,1,0,0,0,0,4,1,6,2,63,9,1998,1,17,7,1,7
2017521701655,1,19,0,6,0,0,0,0,0,0,3,1,6,1,28,6,2402,2,15,3,1,3
2017521701655,2,8,0,18,0,0,0,0,0,0,1,1,1,1,38,7,2499,2,7,1,1,1
2017521701657,1,9,0,9,0,8,0,0,0,0,1,1,6,1,20,4,1299,1,11,9,1,9
2017521701657,2,8,0,18,0,8,0,0,0,0,1,1,1,1,42,7,1896,2,7,-1,-1,-1
2017521701664,1,9,0,18,0,0,0,0,0,0,0,1,6,3,-1,-1,1997,2,9,-1,-1,-1
2017521701671,1,9,0,2,0,0,0,0,0,0,3,1,6,1,20,4,-1,-1,-1,1,1,1
2017521701671,2,1,0,18,0,0,0,8,0,0,1,1,6,1,30,6,-1,-1,-1,1,1,1
2017521701675,1,9,0,9,0,1,0,0,0,0,2,1,6,2,46,8,-1,-1,-1,1,1,1
2017521701675,2,9,0,9,0,1,0,0,0,0,1,1,6,3,-1,-1,1995,2,8,-1,-1,-1
2017521701679,1,9,0,18,0,0,0,0,0,0,0,1,6,1,53,8,2143,2,3,8,1,8
2017521701679,2,1,0,18,0,0,0,0,0,0,1,1,6,1,48,8,-1,-1,-1,9,1,9
2017521701707,1,9,0,7,0,8,0,0,0,0,1,1,6,1,41,7,2143,2,1,2,1,2
2017521701707,2,1,0,18,0,8,0,0,0,0,1,1,6,1,29,6,-1,-1,-1,8,1,8
2017521701709,1,8,0,18,0,8,0,0,0,0,1,1,1,1,58,9,1995,2,13,10,1,10
2017521701711,1,9,0,18,0,0,0,0,0,0,1,1,6,1,19,4,1560,2,5,7,1,7
2017521701712,1,21,0,18,0,2,0,0,0,0,3,1,1,1,35,6,6692,2,8,7,1,7
2017521701712,2,9,0,18,0,1,1,0,1,4,3,1,6,1,44,7,998,1,23,7,2,7
2017521701715,1,90,0,5,0,8,0,0,0,0,1,1,6,1,66,10,-1,-1,-1,2,1,2
2017521701718,1,9,0,9,0,8,0,0,0,0,4,1,6,2,22,5,1598,1,7,10,1,10
2017521701718,2,8,0,18,0,8,0,0,0,0,1,1,6,2,52,8,1339,1,2,-1,-1,-1
2017521701720,1,9,0,5,0,6,0,0,0,0,4,1,6,2,34,6,1997,2,15,8,1,8
2017521701720,2,1,0,18,0,2,0,0,0,0,2,1,6,2,30,6,-1,-1,-1,2,1,2
2017521701722,1,9,0,4,0,5,0,0,0,0,1,1,6,2,20,4,1299,1,13,8,1,8
2017521701722,2,9,0,3,0,5,0,0,0,0,2,1,6,1,65,9,2488,1,11,4,1,4
2017521701728,1,9,0,3,0,1,0,0,0,0,2,1,6,1,43,7,1368,1,1,4,1,4
2017521701728,2,9,0,18,0,1,0,0,0,0,1,1,6,2,39,7,998,1,11,4,1,4
2017521701729,1,90,0,9,0,8,0,0,0,0,3,1,6,1,57,9,-1,-1,-1,7,3,7
2017521701729,2,9,0,18,0,8,0,0,0,0,1,1,6,2,42,7,1685,2,3,2,1,2
2017521701731,1,9,0,4,0,0,0,0,0,0,2,1,6,1,47,8,1997,2,4,7,1,7
2017521701731,2,9,0,4,0,0,0,0,0,0,1,1,6,1,37,7,-1,-1,-1,5,1,5
2017521701732,1,9,0,9,0,8,0,0,0,0,4,1,6,2,60,9,1240,1,11,8,1,8
2017521701732,2,1,0,18,0,8,1,0,0,0,1,1,6,1,38,7,-1,-1,-1,10,1,10
2017521701735,1,9,0,5,0,2,0,0,0,0,1,1,6,1,38,7,2995,1,14,7,1,7
2017521701740,1,9,0,4,0,8,0,0,0,0,2,1,3,2,30,6,1998,1,13,4,1,4
2017521701740,2,9,0,4,0,8,0,0,0,0,1,1,6,1,51,8,1587,1,12,5,1,5
2017521701746,1,9,0,6,0,0,0,0,0,0,3,1,6,2,23,5,1598,1,15,2,1,2
2017521701746,2,3,0,18,0,0,1,0,0,0,1,1,6,1,18,4,124,1,5,1,1,1
2017521701753,1,9,0,9,0,8,0,0,0,0,1,1,6,1,66,10,1796,1,13,7,1,7
2017521701753,2,9,0,18,0,8,0,0,0,0,1,1,6,2,19,4,1499,1,1,4,1,4
2017521701755,1,9,0,4,0,1,0,0,0,0,2,1,6,1,54,8,1339,8,9,10,1,10
2017521701755,2,9,0,4,0,1,0,0,0,0,2,1,6,2,18,4,-1,-1,-1,4,1,4
2017521701755,3,9,0,18,0,1,0,0,0,0,1,1,6,1,30,6,1995,2,5,10,1,10
2017521701756,1,9,0,18,0,2,0,0,1,0,1,1,6,1,73,10,1753,2,17,8,3,8
2017521701756,2,90,0,18,0,1,0,0,0,0,1,1,1,1,34,6,-1,-1,-1,2,1,2
2017521701757,1,9,0,5,0,2,0,0,1,0,3,1,6,2,38,7,1149,1,14,1,1,1
2017521701757,2,21,0,5,0,2,0,0,0,0,4,1,6,1,29,6,12900,2,8,4,1,4
2017521701759,1,9,0,18,0,0,0,10,1,10,4,1,6,1,17,4,1796,1,19,1,1,1
2017521701759,2,9,0,18,0,0,0,0,0,0,3,1,1,1,-1,-1,2993,2,6,4,2,4
2017521701761,1,8,0,7,0,5,0,0,0,0,4,1,1,1,51,8,1798,8,2,1,1,1
2017521701762,1,9,0,12,0,0,1,0,1,7,1,1,6,2,31,6,1242,1,3,6,1,6
2017521701765,1,9,0,7,0,2,1,10,1,7,1,1,6,1,24,5,1360,1,11,9,2,9
2017521701767,1,9,0,4,0,0,0,0,0,0,2,1,6,2,45,7,1991,2,8,7,1,7
2017521701767,2,9,0,4,0,0,0,0,0,0,1,1,6,2,35,6,1240,1,11,3,1,3
2017521701769,1,3,0,3,0,1,0,0,0,0,2,1,6,2,59,9,124,1,1,7,3,7
2017521701769,2,9,0,5,0,1,0,0,0,0,1,1,6,1,37,7,1896,2,15,7,3,7
2017521701776,1,9,0,5,0,4,0,0,0,0,1,1,6,1,62,9,1796,1,17,6,1,6
2017521701776,2,9,0,9,0,8,0,0,0,0,4,1,6,2,52,8,1560,2,5,7,1,7
2017521701777,1,9,0,6,0,8,0,0,0,0,4,1,6,1,32,6,1461,2,1,1,1,1
2017521701777,2,1,0,9,0,4,0,0,0,0,1,1,6,2,38,7,-1,-1,-1,6,1,6
2017521701778,1,9,0,18,0,0,0,0,0,0,1,1,6,2,41,7,1596,1,13,1,1,1
2017521701778,2,9,0,18,0,0,0,0,0,0,1,1,6,1,46,8,1995,2,6,8,3,8
2017521701790,1,9,0,9,0,5,0,0,0,0,3,1,6,1,49,8,-1,-1,-1,3,1,3
2017521701790,2,1,0,18,0,8,0,0,0,0,1,1,6,1,20,4,-1,-1,-1,1,1,1
2017521701791,1,5,0,5,0,3,0,0,0,0,1,1,6,1,60,9,649,1,1,3,1,3
2017521701793,1,9,0,10,0,1,0,0,0,0,3,1,6,2,42,7,1598,1,10,1,1,1
2017521701793,2,9,0,5,0,6,0,0,0,0,4,1,6,1,20,4,-1,-1,-1,2,1,2
2017521701801,1,9,0,7,0,3,0,0,0,0,0,1,6,3,-1,-1,-1,-1,-1,-1,-1,-1
2017521701801,2,9,0,17,0,8,0,0,0,0,2,1,6,2,32,6,1999,1,10,1,1,1
2017521701801,3,9,0,17,0,8,0,0,0,0,1,1,6,1,32,6,1398,1,19,6,1,6
2017521701812,1,9,0,4,0,0,0,0,0,0,1,1,6,1,22,5,1781,1,15,10,1,10
2017521701812,2,9,0,4,0,0,0,0,0,0,2,1,6,1,44,7,2616,1,10,7,1,7
2017521701813,1,9,0,1,9,6,0,0,0,0,2,1,6,1,71,10,1200,1,1,9,2,9
2017521701816,1,9,0,18,0,0,0,0,0,0,1,1,6,2,31,6,1968,2,13,1,1,1
2017521701821,1,1,0,18,0,2,0,0,0,0,2,1,6,2,19,4,-1,-1,-1,9,1,9
2017521701821,2,9,0,18,0,2,0,7,0,0,1,1,6,1,60,9,2191,2,4,-1,-1,-1
2017521701825,1,9,0,18,0,0,1,0,4,6,1,1,6,1,38,7,1461,2,13,6,1,6
2017521701829,1,9,0,5,0,4,0,0,0,0,1,1,6,2,43,7,1599,1,12,8,1,8
2017521701833,1,9,0,18,0,0,0,0,0,0,1,2,6,2,61,9,-1,-1,-1,9,1,9
2017521701834,1,9,0,7,0,5,0,0,0,0,4,1,6,2,45,7,1398,1,3,4,1,4
2017521701834,2,5,0,15,2,8,0,0,0,0,3,1,6,1,24,5,296,1,4,3,1,3
2017521701836,1,90,0,18,0,8,0,0,0,0,1,1,1,1,54,8,-1,-1,-1,1,1,1
2017521701839,1,16,0,18,0,0,0,0,0,0,4,1,6,2,53,8,-1,-1,-1,5,3,5
2017521701839,2,8,0,18,0,0,0,0,0,0,3,1,6,1,53,8,998,1,12,-1,-1,-1
2017521701843,1,9,0,11,0,1,0,0,0,0,4,1,6,2,30,6,1598,1,13,1,1,1
2017521701843,2,9,0,18,0,1,0,0,0,0,3,1,6,3,50,8,-1,-1,-1,-1,-1,-1
2017521701847,1,9,0,9,0,8,0,0,0,0,1,1,6,1,59,9,1798,1,2,2,1,2
2017521701847,2,5,0,18,0,8,0,0,0,0,1,1,6,1,36,7,124,1,1,2,1,2
2017521701848,1,9,0,7,0,3,0,0,0,0,4,1,6,3,50,8,1798,1,5,8,1,8
2017521701848,2,1,0,18,0,8,0,0,0,0,1,1,6,1,29,6,-1,-1,-1,10,1,10
2017521701854,1,9,0,18,0,0,5,10,1,0,4,1,6,2,33,6,1242,1,9,4,1,4
2017521701855,1,9,0,9,0,8,0,0,0,0,1,1,6,2,19,4,1560,2,3,8,3,8
2017521701855,2,9,0,17,0,8,0,0,0,0,3,1,6,2,21,5,1598,1,15,10,2,10
2017521701856,1,9,0,3,0,2,0,0,0,0,3,1,6,2,19,4,1364,1,10,4,1,4
2017521701856,2,9,0,18,0,2,0,0,0,0,1,1,6,2,-1,-1,2499,2,14,-1,-1,-1
2017521701862,1,9,0,18,0,2,0,0,0,0,1,1,6,2,50,8,1497,8,2,6,1,6
2017521701866,1,9,0,3,0,0,0,0,0,0,2,1,2,1,52,8,-1,-1,-1,6,2,6
2017521701866,2,1,0,18,0,0,0,4,0,0,0,1,6,1,30,6,-1,-1,-1,8,2,8
2017521701882,1,8,0,3,0,8,0,0,0,0,2,1,6,1,38,7,1995,2,7,9,3,9
2017521701882,2,9,0,18,0,8,0,0,0,0,1,1,6,2,30,6,1390,1,5,-1,-1,-1
2017521701901,1,9,0,3,0,0,0,0,0,0,2,1,6,2,37,7,1995,2,3,5,1,5
2017521701901,2,9,0,18,0,0,0,0,0,0,1,1,6,1,-1,-1,2967,2,7,-1,-1,-1
2017521701901,3,9,0,3,0,0,0,0,0,0,2,1,6,2,-1,-1,1984,1,17,-1,-1,-1
2017521701905,1,3,0,18,2,8,0,0,0,0,1,1,6,1,19,4,124,1,9,2,1,2
2017521701905,2,9,0,7,0,8,0,0,0,0,4,1,6,3,-1,-1,-1,-1,-1,-1,-1,-1
2017521701907,1,9,0,13,0,0,1,0,2,2,1,1,6,1,25,5,1149,1,12,1,1,1
2017521701907,2,3,0,18,0,0,0,0,0,0,2,1,6,1,51,8,278,1,4,5,1,5
2017521701910,1,2,0,18,0,0,0,11,0,0,1,1,6,1,16,4,49,1,5,10,1,10
2017521701910,2,9,0,4,0,0,0,0,0,0,3,1,3,2,-1,-1,1149,1,17,-1,-1,-1
2017521701916,1,19,0,18,0,0,0,0,0,0,1,1,6,1,50,8,1998,2,15,4,1,4
2017521701916,2,9,0,18,0,0,0,0,0,0,1,1,6,2,29,6,1598,1,11,3,1,3
2017521701919,1,9,0,1,0,0,0,0,0,0,2,1,6,1,45,7,1896,2,12,1,1,1
2017521701919,2,9,0,18,0,0,0,0,0,0,2,1,6,3,-1,-1,1086,1,8,-1,-1,-1
2017521701929,1,9,0,9,0,8,0,0,0,0,3,1,6,1,45,7,-1,-1,-1,9,2,9
2017521701929,2,9,0,13,0,8,0,0,0,0,4,1,6,1,47,8,1956,2,4,8,1,8
2017521701931,1,9,0,18,0,0,0,0,0,0,1,1,6,1,53,8,2967,2,4,10,2,10
2017521701931,2,9,0,3,0,0,0,0,0,0,2,1,6,2,43,7,1997,2,10,-1,1,-1
2017521701931,3,9,0,3,0,0,0,0,0,0,2,1,6,1,26,6,1998,1,7,-1,-1,-1
2017521701931,4,9,0,3,0,0,0,0,0,0,2,1,6,1,65,9,-1,-1,-1,9,2,9
2017521701931,5,9,0,3,0,0,0,0,0,0,2,1,6,2,30,6,998,1,1,8,2,8
2017521701931,6,9,0,3,0,0,0,0,0,0,2,1,6,1,37,7,1968,2,6,6,1,6
2017521701932,1,9,0,1,6,0,0,0,0,0,2,1,6,2,48,8,-1,-1,-1,-1,-1,-1
2017521701932,2,1,0,18,0,0,0,0,0,0,1,1,6,2,45,7,-1,-1,-1,-1,-1,-1
2017521701940,1,9,0,18,0,0,0,0,0,0,1,1,6,1,47,8,1956,2,8,5,1,5
2017521701940,2,9,0,18,0,0,0,0,0,0,2,1,6,1,34,6,-1,-1,-1,-1,-1,-1
2017521701950,1,1,0,18,0,8,0,0,0,0,1,1,6,1,49,8,-1,-1,-1,10,2,10
2017521701950,2,9,0,10,0,6,0,0,0,0,3,1,6,1,40,7,1753,2,13,3,1,3
2017521701960,1,9,0,9,0,5,0,0,0,0,1,1,6,1,40,7,1598,1,16,2,1,2
2017521701960,2,1,0,18,0,8,0,0,0,0,1,1,6,1,17,4,-1,-1,-1,1,1,1
2017521701969,1,9,0,18,0,4,0,0,0,0,1,1,6,2,48,8,1339,1,3,8,1,8
2017521701969,2,1,0,18,0,8,0,0,0,0,4,1,6,1,40,7,-1,-1,-1,2,1,2
2017521701970,1,9,0,18,0,0,0,0,0,0,1,1,6,1,35,6,1896,2,19,-1,-1,-1
2017521701970,2,1,0,18,0,0,0,0,0,0,2,1,6,1,12,3,-1,-1,-1,6,1,6
2017521701972,1,9,0,9,0,5,0,0,0,0,1,1,6,1,22,5,1686,2,12,2,1,2
2017521701972,2,1,0,18,0,2,0,0,0,0,1,1,6,2,25,5,-1,-1,-1,8,1,8
2017521701973,1,9,0,9,0,5,0,0,0,0,1,1,6,1,37,7,1984,1,1,7,1,7
2017521701981,1,9,0,9,0,8,0,0,0,0,1,1,6,2,35,6,2204,2,8,8,1,8
2017521701981,2,9,0,18,0,8,0,0,0,0,4,1,6,2,40,7,1242,1,3,6,1,6
2017521701988,1,9,0,5,0,8,0,0,0,0,3,1,6,1,27,6,1598,1,10,2,1,2
2017521701988,2,5,0,18,0,8,0,0,0,0,1,1,6,1,17,4,-1,-1,-1,2,1,2
2017521701990,1,9,0,18,0,1,0,0,0,0,4,1,6,3,-1,-1,-1,-1,-1,-1,-1,-1
2017521701992,1,5,0,18,0,8,1,0,0,0,1,1,6,1,30,6,649,1,13,8,3,8
2017521701992,2,10,0,9,0,8,0,0,0,0,4,1,1,1,30,6,-1,-1,-1,4,1,4
2017521702003,1,1,0,18,0,0,0,0,0,0,1,1,6,1,37,7,-1,-1,-1,5,1,5
2017521702003,2,9,0,5,0,0,0,0,0,0,1,1,6,2,59,9,1364,1,13,5,1,5
2017521702005,1,5,0,18,2,8,0,0,0,0,3,1,6,1,33,6,847,1,2,10,1,10
2017521702005,2,9,0,9,0,8,0,0,0,0,1,1,6,2,19,4,-1,-1,-1,4,1,4
2017521702009,1,3,0,18,0,0,0,0,0,0,1,1,6,1,16,4,49,1,1,4,1,4
2017521702009,2,9,0,3,0,0,0,0,0,0,2,1,6,1,36,7,1124,1,16,7,1,7
2017521702011,1,9,0,9,0,5,0,0,0,0,4,1,6,2,28,6,1388,1,13,1,1,1
2017521702011,2,9,0,18,0,1,0,0,0,0,1,1,6,1,67,10,1398,1,4,4,1,4
2017521702014,1,9,0,18,0,0,0,0,0,0,0,1,6,2,43,7,1598,1,8,3,1,3
2017521702014,2,9,0,18,0,0,0,0,0,0,0,1,6,3,-1,-1,-1,-1,-1,-1,-1,-1
2017521702016,1,9,0,18,0,8,0,0,0,0,1,1,6,1,80,11,1360,1,15,6,1,6
2017521702016,2,9,0,10,0,8,0,0,0,0,2,1,1,1,42,7,2993,2,7,-1,-1,-1
2017521702042,1,9,0,16,0,1,0,0,0,0,4,1,6,2,49,8,1968,2,2,10,1,10
2017521702043,1,9,0,7,0,4,0,0,0,0,3,1,6,2,48,8,-1,-1,-1,3,1,3
2017521702043,2,1,0,18,0,8,0,0,0,0,1,1,6,2,33,6,-1,-1,-1,9,1,9
2017521702046,1,19,0,17,0,0,1,0,0,0,1,1,6,1,54,8,-1,-1,-1,10,3,10
2017521702046,2,21,0,3,0,0,0,0,0,0,2,1,1,1,44,7,12740,2,1,10,1,10
2017521702060,1,9,0,18,0,0,0,0,0,0,2,1,6,1,36,7,998,1,-1,1,1,1