Accident_Index,Vehicle_Reference,Vehicle_Type,Towing_and_Articulation,Vehicle_Manoeuvre,Vehicle_Location-Restricted_Lane,Junction_Location,Skidding_and_Overturning,Hit_Object_in_Carriageway,Vehicle_Leaving_Carriageway,Hit_Object_off_Carriageway,1st_Point_of_Impact,Was_Vehicle_Left_Hand_Drive?,Journey_Purpose_of_Driver,Sex_of_Driver,Age_of_Driver,Age_Band_of_Driver,Engine_Capacity_(CC),Propulsion_Code,Age_of_Vehicle,Driver_IMD_Decile,Driver_Home_Area_Type,Vehicle_IMD_Decile
2017521703748,1,3,0,4,0,1,0,0,0,0,1,1,6,1,20,4,124,1,3,-1,-1,-1
2017521703748,2,9,0,3,0,1,0,0,0,0,2,1,6,2,55,8,1242,1,15,-1,-1,-1
2017521703749,1,9,0,18,0,8,0,0,0,0,1,1,6,2,40,7,1339,1,7,5,1,5
2017521703749,2,9,0,9,0,5,0,0,0,0,4,1,6,1,17,4,1229,1,12,4,1,4
2017521703751,1,9,0,18,0,0,0,0,0,0,1,1,6,3,30,6,-1,-1,-1,-1,-1,-1
2017521703758,1,9,0,18,0,8,0,4,0,0,1,1,6,1,39,7,2995,1,7,9,1,9
2017521703758,2,9,0,2,0,8,0,0,0,0,3,1,6,1,47,8,-1,-1,-1,6,1,6
2017521703767,1,9,0,5,0,0,0,0,0,0,2,1,6,2,25,5,1229,1,9,7,1,7
2017521703767,2,9,0,5,0,0,0,0,0,0,2,1,6,1,35,6,1995,2,7,-1,-1,-1
2017521703767,3,19,0,5,0,0,0,0,0,0,1,1,6,3,35,6,-1,-1,-1,-1,-1,-1
2017521703769,1,9,0,18,0,0,0,0,0,0,1,1,6,1,17,4,1242,1,9,9,1,9
2017521703769,2,9,0,18,0,0,0,0,0,0,1,1,6,2,46,8,1364,2,10,9,2,9
2017521703770,1,9,0,18,0,0,0,0,0,0,2,1,6,2,50,8,1968,2,1,8,2,8
2017521703770,2,1,0,18,0,0,0,0,0,0,1,1,6,1,18,4,-1,-1,-1,6,3,6
2017521703771,1,3,0,18,0,0,0,0,0,0,1,1,6,1,32,6,124,1,10,3,1,3
2017521703771,2,9,0,18,0,0,0,0,0,0,1,1,6,1,39,7,1149,1,9,1,1,1
2017521703775,1,5,0,13,0,1,0,0,0,0,1,1,6,1,45,7,1052,1,22,8,3,8
2017521703775,2,9,0,9,0,5,0,0,0,0,3,1,6,2,25,5,1596,1,11,7,1,7
2017521703780,1,9,0,5,0,8,0,0,0,0,3,1,6,1,37,7,1598,1,11,7,1,7
2017521703780,2,5,0,18,0,8,0,0,0,0,1,1,6,1,75,10,1250,1,18,4,1,4
2017521703785,1,9,0,5,0,4,0,0,0,0,1,1,6,1,18,4,1197,1,4,5,1,5
2017521703785,2,9,0,5,0,4,0,0,0,0,3,1,6,2,20,4,998,1,4,6,1,6
2017521703794,1,9,0,17,0,0,0,0,1,9,1,1,6,1,32,6,2198,1,15,-1,-1,-1
2017521703796,1,4,0,18,2,0,0,0,0,0,3,1,6,1,32,6,124,1,8,6,1,6
2017521703796,2,9,0,18,0,0,0,0,0,0,1,1,2,1,50,8,1461,2,5,9,1,9
2017521703800,1,8,0,11,2,1,0,0,0,0,4,1,1,1,-1,-1,1598,2,2,-1,-1,-1
2017521703804,1,1,0,18,0,1,0,0,0,0,1,1,4,1,17,4,-1,-1,-1,7,1,7
2017521703804,2,9,0,7,0,1,0,0,0,0,3,1,6,1,-1,-1,-1,-1,-1,-1,-1,-1
2017521703840,1,9,0,6,0,0,0,0,0,0,4,1,6,1,27,6,1389,1,16,3,1,3
2017521703840,2,1,0,18,0,0,0,0,0,0,1,1,6,1,25,5,-1,-1,-1,1,1,1
2017521703844,1,9,0,9,0,6,0,0,1,10,1,1,6,1,78,11,1396,1,8,10,1,10
2017521703844,2,9,0,18,0,1,0,0,0,0,0,1,6,1,19,4,1242,1,11,8,1,8
2017521703846,1,9,0,18,0,0,5,0,0,0,1,1,6,2,20,4,1242,1,2,4,1,4
2017521703846,2,9,0,2,0,0,0,0,0,0,3,1,6,3,30,6,1798,1,7,-1,-1,-1
2017521703852,1,9,0,18,0,0,0,0,0,0,1,1,6,1,18,4,1398,1,5,8,1,8
2017521703853,1,9,0,16,0,1,0,0,0,0,1,1,6,1,34,6,-1,-1,-1,6,1,6
2017521703853,2,9,0,16,0,1,0,0,0,0,2,1,6,2,37,7,1598,2,1,4,1,4
2017521703856,1,9,0,18,0,8,0,0,0,0,1,1,6,1,17,4,998,1,6,7,2,7
2017521703856,2,9,0,9,0,5,0,0,0,0,4,1,6,2,20,4,998,1,6,8,3,8
2017521703864,1,9,0,9,0,8,5,0,0,0,4,1,6,1,44,7,-1,-1,-1,7,3,7
2017521703864,2,9,0,18,0,1,0,0,0,0,1,1,6,1,26,6,2521,1,10,1,1,1
2017521703864,3,9,0,2,0,2,0,0,0,0,1,1,6,1,30,6,1995,2,6,-1,1,-1
2017521703864,4,9,0,2,0,2,0,0,0,0,1,1,6,1,30,6,1242,1,1,10,1,10
2017521703870,1,9,0,10,0,8,0,0,0,0,2,1,6,1,55,8,1753,2,14,8,1,8
2017521703870,2,9,0,18,0,1,0,0,0,0,1,1,6,1,52,8,1896,2,7,-1,-1,-1
2017521703870,3,11,0,18,0,1,0,0,0,0,1,1,1,1,45,7,-1,2,6,1,1,1
2017521703872,1,9,0,7,0,5,0,7,7,1,1,1,6,1,25,5,1248,2,11,-1,-1,-1
2017521703877,1,9,0,18,0,0,5,0,0,0,1,1,6,2,40,7,1198,1,14,10,3,10
2017521703877,2,9,0,2,0,0,0,0,0,0,1,1,6,1,30,6,1998,2,10,9,2,9
2017521703879,1,9,0,9,0,5,0,0,0,0,3,1,6,1,75,10,1596,1,11,9,1,9
2017521703879,2,1,0,18,0,1,0,0,0,0,1,1,6,1,35,6,-1,-1,-1,7,1,7
2017521703880,1,1,0,4,0,1,0,0,0,0,2,1,6,1,70,10,-1,-1,-1,10,1,10
2017521703880,2,9,0,4,0,1,0,0,0,0,1,1,6,1,70,10,1596,1,2,2,1,2
2017521703882,1,19,0,18,0,0,0,0,0,0,1,1,6,1,53,8,6728,2,1,2,1,2
2017521703885,1,9,0,18,0,8,0,0,0,0,3,1,6,2,23,5,1298,1,15,3,1,3
2017521703885,2,9,0,9,0,6,0,0,0,0,4,1,6,1,60,9,1461,2,4,10,1,10
2017521703892,1,9,0,18,9,0,0,0,1,0,1,1,6,3,-1,-1,-1,-1,-1,-1,-1,-1
2017521703898,1,9,0,5,0,7,0,0,0,0,1,1,6,1,45,7,-1,-1,-1,-1,-1,-1
2017521703903,1,11,0,18,0,0,0,0,0,0,1,1,6,1,45,7,9360,2,9,2,1,2
2017521703905,1,9,0,18,0,8,0,0,0,0,1,1,6,1,68,10,1986,2,11,8,2,8
2017521703905,2,9,0,7,0,6,0,0,0,0,1,1,6,2,15,3,2993,2,4,6,1,6
2017521703906,1,9,0,3,0,1,0,0,0,0,2,1,6,1,39,7,1990,1,26,6,1,6
2017521703906,2,20,0,18,0,1,0,0,0,0,1,1,6,1,57,9,-1,-1,-1,7,3,7
2017521703916,1,1,0,18,0,8,0,0,0,0,1,1,2,1,30,6,-1,-1,-1,10,1,10
2017521703916,2,9,0,7,0,5,0,0,0,0,4,1,6,1,62,9,1995,2,4,6,3,6
2017521703921,1,9,0,18,0,0,0,0,0,0,1,1,6,1,51,8,2771,1,19,3,1,3
2017521703921,2,9,0,4,0,0,0,0,0,0,2,1,6,1,46,8,1895,1,18,9,3,9
2017521703937,1,9,0,3,0,0,0,0,0,0,2,1,6,2,53,8,1598,2,3,8,1,8
2017521703937,2,9,0,18,0,0,0,0,0,0,1,1,6,1,21,5,-1,-1,-1,-1,-1,-1
2017521703937,3,9,0,18,0,0,0,0,0,0,1,1,6,1,78,11,1598,2,4,5,1,5
2017521703944,1,1,0,18,0,8,0,0,0,0,1,1,6,1,58,9,-1,-1,-1,5,1,5
2017521703944,2,9,0,9,0,8,0,0,0,0,4,1,6,2,45,7,998,1,4,8,1,8
2017521703984,1,9,0,18,0,0,0,0,0,0,3,1,6,1,63,9,1997,2,16,9,2,9
2017521703984,2,9,0,13,0,0,0,0,0,0,4,1,6,1,35,6,1587,1,11,-1,-1,-1
2017521703996,1,20,0,17,0,0,0,0,0,0,2,1,1,1,50,8,-1,-1,-1,1,1,1
2017521703999,1,4,0,18,0,0,0,0,0,0,1,1,6,1,27,6,125,1,1,2,1,2
2017521704012,1,3,0,18,0,0,1,0,0,0,0,1,6,1,49,8,124,1,13,4,1,4
2017521704020,1,1,0,18,4,0,0,0,0,0,1,1,6,1,55,8,-1,-1,-1,10,1,10
2017521704020,2,11,0,5,0,0,0,0,0,0,3,1,1,3,-1,-1,-1,-1,-1,-1,-1,-1
2017521704022,1,9,0,9,0,5,0,0,0,0,4,1,6,2,32,6,1596,1,9,7,1,7
2017521704022,2,1,0,18,0,1,0,0,0,0,1,1,6,1,25,5,-1,-1,-1,10,1,10
2017521704043,1,9,0,5,0,6,0,0,0,0,1,1,6,1,47,8,1560,2,4,6,1,6
2017521704043,2,1,0,17,0,8,0,0,0,0,1,1,6,1,37,7,-1,-1,-1,6,1,6
2017521704061,1,1,0,18,0,2,0,10,0,0,2,1,4,2,15,3,-1,-1,-1,4,1,4
2017521704061,2,9,0,18,0,1,0,0,0,0,1,1,6,1,30,6,-1,-1,-1,-1,-1,-1
2017521704067,1,9,0,18,0,1,0,0,0,10,1,1,6,2,28,6,998,1,9,6,2,6
2017521704070,1,9,0,18,0,0,0,6,0,7,2,1,6,1,37,7,2000,2,12,1,1,1
2017521704070,2,9,0,13,0,0,0,0,0,0,1,1,6,3,-1,-1,1968,2,11,-1,-1,-1
2017521704072,1,9,0,16,0,0,0,0,0,0,1,1,6,1,18,4,1229,1,9,10,2,10
2017521704072,2,9,0,17,0,0,0,0,0,0,1,1,6,1,69,10,1997,2,8,3,1,3
2017521704073,1,9,0,7,0,3,0,0,0,0,4,1,6,1,18,4,1229,1,11,3,1,3
2017521704073,2,1,0,5,0,4,0,0,0,0,3,1,6,1,50,8,-1,-1,-1,-1,-1,-1
2017521704077,1,9,0,5,0,6,0,0,0,0,3,1,6,1,54,8,998,1,-1,1,1,1
2017521704077,2,4,0,18,0,1,0,0,0,0,1,1,6,1,43,7,1584,1,10,6,1,6
2017521704079,1,19,0,5,0,0,0,0,0,0,1,1,1,1,29,6,1968,2,-1,8,1,8
2017521704083,1,9,0,18,0,0,0,0,0,0,1,1,6,1,87,11,1396,1,2,10,1,10
2017521704083,2,9,0,18,0,0,0,0,0,0,1,1,6,2,59,9,998,1,10,5,1,5
2017521704083,3,9,0,18,0,0,0,0,0,0,1,1,6,1,29,6,1398,2,13,4,1,4
2017521704084,1,9,0,16,0,2,0,0,0,0,2,1,1,1,24,5,1392,1,22,3,1,3
2017521704084,2,9,0,4,0,7,0,0,0,0,0,1,1,2,37,7,1299,1,11,6,1,6
2017521704097,1,9,0,18,0,8,0,0,0,0,3,1,6,1,47,8,1086,1,14,10,3,10
2017521704097,2,9,0,18,0,6,0,0,0,0,2,1,6,2,39,7,2143,2,1,7,3,7
2017521704103,1,9,0,2,2,1,0,0,0,0,3,1,6,2,47,8,3311,8,10,6,1,6
2017521704103,2,1,0,18,9,1,0,8,0,0,1,1,6,2,17,4,-1,-1,-1,5,1,5
2017521704104,1,4,0,9,0,6,0,0,0,0,1,1,6,1,27,6,124,1,10,4,1,4
2017521704104,2,9,0,18,0,2,0,0,0,0,2,1,6,1,31,6,2494,2,2,9,1,9
2017521704105,1,9,0,18,0,1,0,0,0,0,1,1,6,3,-1,-1,-1,-1,-1,-1,-1,-1
2017521704105,2,1,0,18,0,1,0,0,1,0,2,1,4,2,11,3,-1,-1,-1,5,1,5
2017521704111,1,9,0,18,0,1,0,0,0,0,1,1,6,1,70,10,1997,1,2,-1,1,-1
2017521704111,2,9,0,18,0,1,0,0,0,0,4,1,6,1,40,7,-1,-1,-1,4,1,4
2017521704119,1,9,0,9,0,8,0,0,0,0,3,1,6,2,33,6,1796,1,14,-1,-1,-1
2017521704119,2,1,0,18,0,8,0,0,0,0,1,1,4,2,9,2,-1,-1,-1,3,1,3
2017521704130,1,9,0,4,0,0,0,0,0,0,2,1,6,1,70,10,4966,1,15,6,1,6
2017521704130,2,9,0,4,0,0,0,0,0,0,1,1,6,2,65,9,999,1,-1,10,1,10
2017521704145,1,1,0,18,0,0,0,0,0,0,1,1,6,1,56,9,-1,-1,-1,7,1,7
2017521704145,2,19,0,13,0,0,0,0,0,0,2,1,6,3,-1,-1,-1,-1,-1,-1,-1,-1
2017521704160,1,9,0,18,0,0,0,0,0,0,4,1,6,1,43,7,1995,2,3,7,1,7
2017521704160,2,8,0,6,0,0,0,0,0,0,3,1,6,1,45,7,1910,2,12,-1,-1,-1
2017521704179,1,19,0,1,0,1,0,0,0,0,2,1,1,1,29,6,1968,2,-1,8,1,8
2017521704179,2,4,0,3,0,1,0,0,0,0,1,1,1,1,18,4,124,1,6,6,1,6
2017521704190,1,9,0,18,0,0,0,0,0,0,1,1,6,2,44,7,1686,2,14,6,1,6
2017521704198,1,9,0,18,0,0,0,0,0,0,1,1,1,1,69,10,1124,1,16,2,1,2
2017521704198,2,9,0,13,0,0,0,0,0,0,1,1,1,3,-1,-1,-1,-1,-1,-1,-1,-1
2017521704200,1,9,0,9,0,2,0,0,0,0,3,1,1,2,39,7,1968,2,6,3,1,3
2017521704200,2,9,0,18,0,1,0,0,0,0,1,1,6,2,25,5,1242,1,9,5,1,5
2017521704205,1,9,0,18,0,0,2,0,2,10,4,1,1,2,23,5,1124,1,16,-1,-1,-1
2017521704212,1,19,0,17,0,4,0,0,0,0,3,1,1,1,55,8,-1,-1,-1,8,1,8
2017521704212,2,4,0,9,0,8,0,0,0,0,1,1,1,1,21,5,998,1,2,8,1,8
2017521704213,1,1,0,18,0,8,0,0,0,0,1,1,6,1,56,9,-1,-1,-1,8,1,8
2017521704213,2,9,0,18,0,8,0,0,0,0,1,1,6,2,27,6,2204,2,11,4,1,4
2017521704215,1,9,0,7,0,2,0,0,0,0,3,1,6,1,25,5,2993,2,7,8,2,8
2017521704215,2,9,0,7,0,2,0,0,0,0,4,1,1,1,20,4,1560,2,8,10,1,10
2017521704216,1,9,0,18,0,6,0,0,0,0,1,1,1,1,31,6,1995,2,7,1,1,1
2017521704216,2,9,0,3,0,4,0,0,0,0,2,1,6,1,42,7,1587,1,11,1,1,1
2017521704216,3,9,0,3,0,4,0,0,0,0,2,1,6,1,24,5,998,1,5,4,1,4
2017521704217,1,9,0,18,0,8,0,0,0,0,1,1,6,2,57,9,999,1,2,6,2,6
2017521704217,2,9,0,18,0,8,0,0,0,0,1,1,6,1,20,4,-1,-1,-1,5,1,5
2017521704218,1,9,0,2,0,0,0,0,0,0,0,1,6,2,41,7,1956,2,6,1,1,1
2017521704218,2,9,0,18,0,0,0,0,0,0,3,1,6,1,30,6,1799,1,9,-1,-1,-1
2017521704219,1,1,0,18,0,1,0,0,0,0,4,1,1,2,56,9,-1,-1,-1,7,1,7
2017521704219,2,9,0,9,0,2,0,0,0,0,3,1,1,3,-1,-1,-1,-1,-1,-1,-1,-1
2017521704226,1,9,0,16,0,1,1,0,0,0,1,1,1,2,22,5,1796,1,14,10,2,10
2017521704226,2,9,0,17,0,1,1,0,7,0,3,1,1,1,57,9,1598,1,3,8,1,8
2017521704226,3,19,0,17,0,1,1,0,7,10,1,1,6,1,43,7,2461,2,8,9,1,9
2017521704230,1,9,0,9,0,6,0,0,0,0,1,1,6,1,72,10,-1,-1,-1,10,3,10
2017521704230,2,9,0,18,0,8,0,0,0,0,1,1,6,1,27,6,2993,2,5,5,3,5
2017521704233,1,9,0,4,0,0,0,0,0,0,2,1,6,1,33,6,-1,-1,-1,9,3,9
2017521704233,2,9,0,18,0,0,0,0,0,0,1,1,6,2,23,5,1395,1,-1,-1,-1,-1
2017521704235,1,9,0,3,0,1,0,0,0,0,2,1,6,1,40,7,1299,1,15,5,1,5
2017521704235,2,9,0,4,0,1,1,0,0,0,1,1,6,2,20,4,1299,1,10,7,1,7
2017521704245,1,9,0,6,0,0,0,0,0,0,3,1,6,1,30,6,-1,-1,-1,-1,-1,-1
2017521704245,2,1,0,15,0,0,0,0,0,0,4,1,6,2,32,6,-1,-1,-1,7,1,7
2017521704251,1,1,0,18,0,1,0,0,0,0,1,1,2,1,32,6,-1,-1,-1,4,1,4
2017521704251,2,9,0,9,0,8,0,0,0,0,1,1,6,2,55,8,1997,2,8,-1,-1,-1
2017521704258,1,9,0,18,0,4,0,0,0,0,1,1,1,1,90,11,996,1,3,8,1,8
2017521704258,2,9,0,18,0,4,0,0,0,0,4,1,1,1,73,10,-1,-1,-1,6,1,6
2017521704265,1,9,0,18,0,1,0,0,0,0,4,1,6,1,66,10,1997,2,10,9,1,9
2017521704267,1,9,0,9,0,1,0,0,0,0,3,1,6,1,75,10,1590,1,16,8,1,8
2017521704267,2,3,0,13,0,1,0,0,0,0,1,1,6,1,23,5,124,1,-1,4,1,4
2017521704271,1,9,0,9,0,6,0,0,0,0,3,1,6,2,34,6,1198,1,7,9,1,9
2017521704271,2,3,0,18,0,1,0,0,0,0,1,1,6,1,23,5,125,1,1,5,1,5
2017521704273,1,9,0,4,0,1,0,0,0,0,2,1,6,1,48,8,-1,-1,-1,9,1,9
2017521704273,2,9,0,4,0,1,0,0,0,0,1,1,6,2,26,6,1242,1,8,2,1,2
2017521704273,3,9,0,4,0,1,0,0,0,0,2,1,6,3,-1,-1,-1,-1,-1,-1,-1,-1
2017521704278,1,9,0,15,0,0,0,0,0,0,1,1,6,1,47,8,1896,2,14,-1,-1,-1
2017521704312,1,9,0,3,0,0,0,0,1,4,3,1,2,1,27,6,3311,8,10,9,2,9
2017521704312,2,9,0,18,0,0,0,0,0,0,3,1,6,1,57,9,-1,-1,-1,8,3,8
2017521704324,1,1,0,18,0,8,0,0,0,0,3,1,6,1,39,7,-1,-1,-1,3,1,3
2017521704324,2,9,0,7,0,5,0,0,0,0,4,1,6,1,50,8,1596,1,15,-1,-1,-1
2017521704342,1,9,0,2,6,1,0,0,0,0,2,1,6,1,83,11,1840,1,14,5,1,5
2017521704342,2,9,0,5,0,1,0,0,0,0,1,1,6,1,40,7,2429,1,12,-1,-1,-1
2017521704355,1,9,0,18,0,8,0,0,0,0,1,1,6,1,45,7,2099,1,14,7,1,7
2017521704355,2,9,0,18,0,8,0,0,0,0,1,1,6,1,27,6,1598,1,16,-1,-1,-1
2017521704364,1,9,0,13,0,0,0,0,0,0,4,1,6,1,22,5,1329,1,2,9,1,9
2017521704364,2,9,0,12,0,0,0,0,0,0,3,1,6,3,30,6,-1,-1,-1,-1,-1,-1
2017521704379,1,9,0,5,0,4,0,0,0,0,3,1,6,2,48,8,1399,1,6,7,1,7
2017521704379,2,1,0,5,0,4,0,0,0,0,1,1,6,1,40,7,-1,-1,-1,-1,-1,-1
2017521704399,1,3,0,18,2,1,0,10,0,0,3,1,2,1,18,4,125,1,1,9,1,9
2017521704399,2,9,0,11,0,1,0,0,0,0,4,1,6,1,23,5,1339,1,12,-1,-1,-1
2017521704417,1,1,0,18,0,8,0,0,0,0,3,1,6,1,60,9,-1,-1,-1,4,1,4
2017521704417,2,9,0,5,0,8,0,0,0,0,1,1,6,3,30,6,1997,2,6,-1,-1,-1
2017521704419,1,9,0,9,0,5,0,0,0,0,1,1,6,2,46,8,998,1,4,9,1,9
2017521704419,2,1,0,18,0,8,0,0,0,0,1,1,6,1,31,6,-1,-1,-1,3,1,3
2017521704421,1,9,0,5,0,1,0,0,0,0,1,1,6,2,39,7,1240,1,14,3,1,3
2017521704421,2,9,0,18,0,1,0,0,0,0,4,1,6,2,33,6,1749,1,16,3,1,3
2017521704422,1,9,0,3,0,0,0,0,0,0,2,1,6,1,58,9,-1,-1,-1,7,3,7
2017521704422,2,9,0,3,0,0,0,0,0,0,2,1,6,1,25,5,-1,-1,-1,6,3,6
2017521704422,3,9,0,18,0,0,0,0,0,0,1,1,6,1,75,10,1997,2,14,5,2,5
2017521704426,1,9,0,9,0,2,0,0,0,0,1,1,6,1,90,11,1389,1,12,6,1,6
2017521704431,1,9,0,3,0,1,0,0,0,0,2,1,6,1,43,7,2993,2,7,10,1,10
2017521704431,2,9,0,10,0,8,0,0,0,0,0,1,6,1,54,8,-1,-1,-1,1,1,1
2017521704431,3,9,0,18,0,1,1,0,0,0,1,1,6,1,26,6,1199,1,17,3,1,3
2017521704432,1,9,0,18,0,0,0,0,0,0,1,1,6,1,50,8,-1,-1,-1,-1,-1,-1
2017521704432,2,9,0,18,0,0,0,0,0,0,1,1,6,1,53,8,2993,2,6,-1,-1,-1
2017521704432,3,9,0,18,0,0,0,0,0,0,2,1,6,1,49,8,2993,2,7,-1,-1,-1
2017521704433,1,1,0,18,0,4,0,0,0,0,2,1,1,1,53,8,-1,-1,-1,8,1,8
2017521704433,2,9,0,3,0,4,0,0,0,0,1,1,6,1,75,10,1339,1,13,3,1,3
2017521704435,1,9,0,18,0,0,0,0,0,0,1,1,6,2,39,7,1997,2,9,10,2,10
2017521704435,2,9,0,18,0,0,0,0,0,0,3,1,6,1,19,4,-1,-1,-1,6,1,6
2017521704435,3,9,0,18,0,0,0,0,0,0,3,1,6,2,25,5,1395,1,-1,6,1,6
2017521704435,4,9,0,18,0,0,0,0,0,0,1,1,6,2,28,6,219,1,14,-1,-1,-1
2017521704435,5,9,0,18,0,0,0,0,0,0,1,1,6,2,58,9,2902,2,10,7,1,7
2017521704437,1,9,0,9,0,6,0,0,0,0,1,1,6,1,38,7,-1,-1,-1,10,1,10
2017521704437,2,1,0,18,0,8,0,0,0,0,1,1,6,1,42,7,-1,-1,-1,10,1,10
2017521704438,1,9,0,18,0,8,0,0,0,0,1,1,6,1,20,4,1984,1,3,4,1,4
2017521704438,2,21,0,18,0,1,0,0,0,0,3,1,6,1,28,6,10837,2,4,8,1,8
2017521704441,1,9,0,18,0,8,0,0,0,0,1,1,6,1,58,9,-1,-1,-1,9,1,9
2017521704441,2,9,0,18,0,8,0,0,0,0,1,1,6,1,54,8,-1,-1,-1,3,1,3
2017521704442,1,9,0,18,0,0,0,0,0,0,1,1,6,1,46,8,-1,-1,-1,3,1,3
2017521704442,2,1,0,18,0,0,0,0,0,0,1,1,6,1,29,6,-1,-1,-1,7,1,7
2017521704445,1,9,0,9,0,1,0,0,0,0,3,1,6,2,26,6,1461,2,2,1,1,1
2017521704445,2,3,0,18,0,1,0,0,0,0,1,1,6,1,18,4,125,1,1,3,1,3
2017521704449,1,9,0,9,0,6,0,0,0,0,3,1,6,1,25,5,1198,1,1,8,1,8
2017521704449,2,9,0,7,0,5,0,0,0,0,1,1,6,1,-1,-1,2401,2,12,8,3,8
2017521704450,1,9,0,18,0,0,0,0,0,0,1,1,6,1,29,6,2967,2,6,-1,-1,-1
2017521704450,2,9,0,18,0,0,0,0,0,0,1,1,6,1,50,8,-1,-1,-1,7,1,7
2017521704450,3,9,0,18,0,0,0,0,0,0,0,1,6,3,-1,-1,1200,1,1,-1,-1,-1
2017521704454,1,9,0,3,0,8,0,0,0,0,2,1,6,1,34,6,1198,1,15,3,1,3
2017521704454,2,19,0,3,0,8,0,0,0,0,1,1,6,1,45,7,2143,2,1,-1,-1,-1
2017521704457,1,9,0,18,0,0,0,0,0,0,1,1,6,1,36,7,1995,2,11,8,1,8
2017521704460,1,9,0,18,0,0,0,0,0,0,1,1,6,1,26,6,1798,8,-1,6,1,6
2017521704460,2,9,0,3,0,0,0,0,0,0,2,1,6,1,28,6,-1,-1,-1,5,1,5
2017521704460,3,9,0,3,0,0,0,0,0,0,2,1,6,1,33,6,-1,-1,-1,-1,-1,-1
2017521704460,4,9,0,3,0,0,0,0,0,0,2,1,6,1,40,7,-1,-1,-1,4,1,4
2017521704463,1,9,0,3,0,0,0,0,0,0,2,1,6,1,30,6,1685,2,1,8,1,8
2017521704463,2,9,0,18,0,0,0,0,0,0,1,1,6,1,26,6,-1,-1,-1,8,1,8
2017521704476,1,21,0,12,0,0,0,0,0,0,3,1,6,1,60,9,-1,-1,-1,1,1,1
2017521704476,2,9,0,18,0,0,0,0,0,0,4,1,6,1,53,8,-1,-1,-1,4,1,4
2017521704476,3,9,0,4,0,0,0,0,0,0,0,1,6,3,-1,-1,-1,-1,-1,-1,-1,-1
2017521704484,1,9,0,18,0,1,0,0,0,0,1,1,6,1,18,4,1364,1,2,6,1,6
2017521704484,2,11,0,18,0,1,0,0,0,0,1,1,6,2,40,7,5132,2,2,3,1,3
2017521704489,1,9,0,18,0,0,0,0,0,0,1,1,6,1,49,8,998,1,15,4,1,4
2017521704489,2,9,0,3,0,0,0,0,0,0,2,1,6,1,20,4,1242,1,12,10,1,10
2017521704489,3,9,0,3,0,0,0,0,0,0,2,1,6,1,67,10,1968,2,6,-1,3,-1
2017521704496,1,2,0,3,0,1,0,0,0,0,2,1,4,1,16,4,50,1,-1,10,1,10
2017521704496,2,9,0,5,0,1,0,0,0,0,1,1,6,3,-1,-1,-1,-1,-1,-1,-1,-1
2017521704502,1,1,0,18,0,8,0,0,0,0,3,1,1,1,27,6,-1,-1,-1,6,1,6
2017521704502,2,9,0,9,0,8,0,0,0,0,1,1,6,1,25,5,1598,1,17,-1,-1,-1
2017521704506,1,1,0,16,0,1,0,0,0,0,3,1,1,2,50,8,-1,-1,-1,3,1,3
2017521704506,2,19,0,16,0,1,0,0,0,0,0,1,6,3,-1,-1,-1,-1,-1,-1,-1,-1
2017521704541,1,9,0,5,0,4,0,0,0,0,2,1,6,2,42,7,1242,1,1,3,1,3
2017521704541,2,9,0,5,0,4,0,0,0,0,1,1,6,2,20,4,-1,-1,-1,-1,-1,-1
2017521704545,1,9,0,17,0,1,0,0,1,0,0,1,6,1,61,9,-1,-1,-1,7,1,7
2017521704573,1,11,0,17,2,0,0,0,0,5,3,1,1,1,45,7,-1,-1,-1,-1,-1,-1
2017521704583,1,9,0,18,0,8,0,0,0,0,3,1,6,2,24,5,1598,1,9,6,1,6
2017521704585,1,9,0,18,0,1,0,0,7,0,1,1,6,1,51,8,1997,2,7,7,3,7
2017521704585,2,9,0,3,0,2,0,0,0,0,3,1,6,1,52,8,-1,-1,-1,10,1,10
2017521704590,1,9,0,18,0,0,0,0,1,4,1,1,6,1,82,11,1248,1,8,3,1,3
2017521704596,1,9,0,18,0,8,5,0,7,10,1,1,6,1,20,4,1781,1,16,3,1,3
2017521704596,2,90,0,18,0,8,0,0,0,0,0,1,6,1,33,6,-1,-1,-1,-1,-1,-1
2017521704601,1,9,0,2,0,0,0,0,0,0,1,1,6,2,43,7,-1,-1,-1,1,1,1
2017521704601,2,9,0,17,0,0,0,4,0,0,1,1,6,1,22,5,2497,2,12,2,1,2
2017521704606,1,9,0,8,0,1,0,0,0,0,2,1,6,2,47,8,1461,2,11,3,1,3
2017521704606,2,9,0,18,0,1,0,0,0,0,1,1,6,1,40,7,1997,2,7,3,1,3
2017521704614,1,19,0,18,0,0,0,0,2,4,1,1,6,1,44,7,1248,2,4,9,1,9
2017521704616,1,9,0,18,0,0,0,0,7,0,1,1,6,1,31,6,1995,2,11,3,1,3
2017521704616,2,9,0,18,0,0,0,0,0,0,1,1,6,2,18,4,1686,2,13,3,1,3
2017521704621,1,9,0,16,0,0,5,0,1,0,1,1,6,1,36,7,-1,-1,-1,-1,-1,-1
2017521704621,2,9,0,17,0,0,0,0,1,11,1,1,6,1,33,6,1968,2,3,10,1,10
2017521704638,1,1,0,18,5,0,0,0,0,0,3,1,2,2,32,6,-1,-1,-1,3,1,3
2017521704638,2,9,0,18,0,0,0,0,0,0,4,1,6,2,-1,-1,1910,2,8,5,1,5
2017521704646,1,9,0,18,0,2,0,0,0,0,2,1,1,2,35,6,1797,8,2,8,1,8