Accident_Index,Vehicle_Reference,Vehicle_Type,Towing_and_Articulation,Vehicle_Manoeuvre,Vehicle_Location-Restricted_Lane,Junction_Location,Skidding_and_Overturning,Hit_Object_in_Carriageway,Vehicle_Leaving_Carriageway,Hit_Object_off_Carriageway,1st_Point_of_Impact,Was_Vehicle_Left_Hand_Drive?,Journey_Purpose_of_Driver,Sex_of_Driver,Age_of_Driver,Age_Band_of_Driver,Engine_Capacity_(CC),Propulsion_Code,Age_of_Vehicle,Driver_IMD_Decile,Driver_Home_Area_Type,Vehicle_IMD_Decile
2017521705974,2,9,0,9,0,8,0,0,0,0,4,2,6,2,28,6,1390,1,6,8,2,8
2017521705977,1,9,0,3,0,1,0,0,0,0,2,1,6,1,35,6,-1,-1,-1,1,1,1
2017521705977,2,9,0,18,0,1,0,0,0,0,1,1,6,1,44,7,3724,1,14,1,1,1
2017521705980,1,9,0,18,0,0,0,0,0,0,1,1,6,2,80,11,1198,1,6,10,1,10
2017521705980,2,1,0,18,0,0,0,0,0,0,1,1,6,1,29,6,-1,-1,-1,8,3,8
2017521705989,1,5,0,18,0,1,1,0,0,0,1,1,6,1,52,8,998,1,4,5,3,5
2017521705989,2,9,0,9,0,6,0,0,0,0,3,1,6,3,-1,-1,-1,-1,-1,-1,-1,-1
2017521705990,1,9,0,18,0,1,0,0,0,0,1,1,6,1,69,10,1388,1,13,2,1,2
2017521705990,2,9,0,18,0,1,0,0,0,0,1,1,6,2,68,10,1395,1,4,10,1,10
2017521705993,1,9,0,3,0,1,0,0,0,0,2,1,6,2,39,7,1461,2,7,6,1,6
2017521705993,2,9,0,3,0,1,0,0,0,0,2,1,6,2,64,9,1149,1,3,5,1,5
2017521705993,3,9,0,12,0,1,5,10,0,0,1,1,6,2,31,6,1968,2,5,4,1,4
2017521706002,1,90,0,4,0,0,0,0,0,0,2,1,1,2,50,8,-1,-1,-1,6,3,6
2017521706002,2,5,0,18,0,0,0,0,0,0,1,1,6,1,36,7,-1,-1,-1,6,1,6
2017521706006,1,9,0,18,0,0,0,0,0,0,0,1,6,1,78,11,-1,-1,-1,9,3,9
2017521706007,1,9,0,18,0,1,0,10,1,2,1,1,6,2,56,9,-1,-1,-1,-1,3,-1
2017521706012,1,9,0,18,0,8,0,0,0,0,1,1,6,1,74,10,1461,2,7,9,2,9
2017521706012,2,9,0,18,0,8,0,0,0,0,1,1,6,1,54,8,1242,1,2,-1,-1,-1
2017521706017,1,9,0,17,0,0,0,0,0,0,1,1,6,1,18,4,1527,2,17,6,1,6
2017521706018,1,9,0,9,0,5,0,0,0,0,1,1,6,1,42,7,1968,2,3,6,3,6
2017521706018,2,4,0,18,0,8,0,0,0,0,1,1,6,1,50,8,373,1,-1,10,1,10
2017521706019,1,9,0,18,0,1,0,0,0,0,1,1,6,1,29,6,1871,2,15,7,3,7
2017521706019,2,9,0,9,0,6,0,0,0,0,3,1,6,2,66,10,898,1,2,4,1,4
2017521706020,1,9,0,7,0,6,0,0,0,0,3,1,6,1,24,5,1598,1,13,2,1,2
2017521706020,2,1,0,18,0,1,0,0,0,0,1,1,6,2,53,8,-1,-1,-1,1,1,1
2017521706038,1,9,0,2,0,0,0,0,0,0,3,1,6,2,42,7,2993,2,1,9,1,9
2017521706038,2,9,0,14,0,0,0,0,0,0,4,1,6,3,-1,-1,1396,1,6,-1,-1,-1
2017521706069,1,9,0,16,0,8,0,0,0,0,3,1,6,1,49,8,-1,-1,-1,8,1,8
2017521706069,2,9,0,9,0,8,0,0,0,0,4,1,6,1,23,5,1995,2,4,1,1,1
2017521706083,1,9,0,17,0,0,0,4,0,0,1,1,6,1,55,8,1598,2,4,9,2,9
2017521706083,2,21,1,2,6,0,0,0,0,0,2,1,1,1,31,6,12900,2,6,8,2,8
2017521706086,1,9,0,18,0,1,0,0,0,0,1,1,6,1,45,7,1997,2,7,7,1,7
2017521706086,2,1,0,7,0,8,0,0,0,0,3,1,6,1,47,8,-1,-1,-1,3,1,3
2017521706087,1,9,0,18,0,0,0,0,0,0,1,1,6,1,56,9,1999,1,9,10,1,10
2017521706087,2,9,0,18,0,0,0,0,0,0,1,1,6,1,22,5,1332,1,19,8,1,8
2017521706087,3,21,1,18,0,0,0,0,0,0,1,1,1,1,57,9,12900,2,6,9,3,9
2017521706099,1,9,0,9,0,6,0,0,0,0,1,1,6,1,32,6,999,1,-1,1,1,1
2017521706099,2,9,0,18,0,8,0,0,0,0,1,1,6,1,41,7,1896,2,15,8,2,8
2017521706103,1,9,0,9,0,5,0,0,0,0,3,1,6,2,31,6,1798,8,4,1,1,1
2017521706103,2,9,0,18,0,8,0,0,0,0,1,1,6,2,50,8,1968,2,7,4,1,4
2017521706104,1,1,0,18,0,8,1,0,0,0,1,1,6,1,16,4,-1,-1,-1,7,1,7
2017521706104,2,9,0,7,0,3,0,0,0,0,1,1,6,1,-1,-1,-1,-1,-1,-1,-1,-1
2017521706105,1,9,0,18,0,0,0,0,0,0,1,1,6,2,48,8,2204,2,8,10,3,10
2017521706105,2,9,0,18,0,0,0,0,0,0,1,1,6,1,38,7,1793,1,18,8,1,8
2017521706113,1,9,0,9,0,2,0,4,0,0,1,1,6,1,17,4,1242,1,10,5,1,5
2017521706113,2,9,0,2,0,2,0,0,0,0,2,1,6,1,37,7,2497,1,13,4,1,4
2017521706113,3,9,0,2,0,2,0,0,0,0,3,1,6,1,32,6,1598,1,14,4,1,4
2017521706116,1,3,0,17,0,0,0,0,0,0,0,1,6,1,21,5,124,1,1,1,1,1
2017521706116,2,9,0,3,0,0,0,0,0,0,0,1,6,1,23,5,1242,1,10,10,2,10
2017521706116,3,9,0,10,0,0,0,0,0,0,0,1,6,1,59,9,-1,-1,-1,8,3,8
2017521706119,1,9,0,18,0,2,5,10,1,1,4,1,6,1,23,5,1240,1,12,6,1,6
2017521706135,1,9,0,18,0,8,0,0,0,0,4,1,6,1,47,8,1296,1,17,4,1,4
2017521706135,2,9,0,9,0,8,0,0,0,0,3,1,6,1,28,6,2204,2,11,8,1,8
2017521706138,1,9,0,18,0,1,0,0,0,0,3,1,6,1,35,6,1400,2,9,5,1,5
2017521706138,2,9,0,9,0,3,0,0,0,0,1,1,6,2,44,7,1794,1,11,1,1,1
2017521706140,1,9,0,9,0,8,0,0,0,0,3,1,6,1,30,6,1398,1,14,3,1,3
2017521706140,2,9,0,18,0,8,0,0,0,0,3,1,6,2,49,8,1198,1,14,2,1,2
2017521706147,1,1,0,4,4,1,0,0,0,0,1,1,6,1,31,6,-1,-1,-1,1,1,1
2017521706147,2,9,0,7,4,8,0,0,0,0,4,1,6,1,35,6,-1,-1,-1,-1,-1,-1
2017521706171,1,5,0,14,0,8,0,0,1,3,1,1,6,1,28,6,750,1,7,7,1,7
2017521706171,2,9,0,10,0,8,0,0,0,0,3,1,6,1,43,7,-1,-1,-1,7,1,7
2017521706172,1,3,0,18,0,1,0,4,0,0,1,1,6,1,27,6,124,1,6,9,1,9
2017521706172,2,9,0,9,0,8,0,0,0,0,3,1,6,1,20,4,1229,1,10,3,1,3
2017521706172,3,9,0,2,0,2,0,0,0,0,3,1,6,3,-1,-1,1198,1,12,-1,-1,-1
2017521706172,4,9,0,2,0,2,0,0,0,0,2,1,6,3,-1,-1,1198,1,12,-1,-1,-1
2017521706173,1,9,0,2,0,0,0,0,0,0,2,1,6,1,43,7,1200,1,3,1,1,1
2017521706173,2,9,0,18,0,0,0,0,0,0,1,1,6,1,33,6,1499,2,2,-1,1,-1
2017521706179,1,9,0,18,0,8,0,0,0,0,1,1,6,1,36,7,2987,2,6,5,1,5
2017521706179,2,9,0,12,0,8,0,0,0,0,4,1,6,2,41,7,1497,1,12,2,1,2
2017521706181,1,20,0,2,0,0,0,0,0,0,0,1,6,1,27,6,-1,-1,-1,2,1,2
2017521706181,2,21,0,18,0,0,0,0,0,0,1,1,6,1,42,7,12809,2,1,9,2,9
2017521706184,1,9,0,6,0,2,0,0,0,0,0,1,6,1,29,6,1599,1,14,7,1,7
2017521706184,2,9,0,4,0,2,0,0,0,0,2,1,6,2,58,9,1799,1,11,5,1,5
2017521706184,3,9,0,18,0,2,0,10,1,7,0,1,6,1,27,6,1968,2,9,4,1,4
2017521706184,4,2,0,18,0,2,0,0,0,0,1,1,6,1,60,9,124,1,16,9,1,9
2017521706185,1,3,0,18,0,0,0,0,0,0,0,1,6,1,26,6,-1,-1,-1,5,1,5
2017521706185,2,9,0,18,0,0,0,0,0,0,0,1,6,3,30,6,1994,1,15,-1,-1,-1
2017521706185,3,9,0,18,0,0,0,0,0,0,0,1,6,3,30,6,-1,-1,-1,-1,-1,-1
2017521706186,1,9,0,18,0,1,0,0,1,11,1,1,6,1,17,4,1997,2,14,2,1,2
2017521706191,1,9,0,6,0,8,0,0,0,0,4,1,6,1,30,6,1798,1,12,8,1,8
2017521706191,2,9,0,18,0,1,0,0,0,0,1,1,6,2,52,8,998,1,2,7,3,7
2017521706192,1,9,0,18,0,0,0,0,1,10,1,1,6,1,46,8,1360,1,13,-1,-1,-1
2017521706192,2,9,0,18,0,0,0,0,0,0,2,1,6,1,-1,-1,1560,2,6,-1,-1,-1
2017521706192,3,9,0,2,0,0,0,0,0,0,1,1,6,3,-1,-1,-1,-1,-1,-1,-1,-1
2017521706192,4,9,0,2,0,0,0,0,0,0,1,1,6,3,-1,-1,2000,2,8,-1,-1,-1
2017521706192,5,9,0,2,0,0,0,0,0,0,1,1,6,3,-1,-1,1560,2,1,-1,-1,-1
2017521706192,6,9,0,2,0,0,0,0,0,0,1,1,6,3,-1,-1,2171,1,15,-1,-1,-1
2017521706195,1,21,1,9,0,8,0,0,0,0,4,1,1,1,23,5,10518,2,10,9,1,9
2017521706195,2,9,0,18,0,1,0,0,0,0,1,1,6,1,31,6,-1,-1,-1,7,1,7
2017521706195,3,9,0,8,0,2,0,0,0,0,1,1,6,2,55,8,1390,1,5,7,3,7
2017521706200,1,2,0,7,0,6,1,0,0,0,0,1,6,1,18,4,49,1,13,9,2,9
2017521706200,2,8,0,7,0,8,0,0,0,0,0,1,1,3,-1,-1,-1,-1,-1,-1,-1,-1
2017521706205,1,20,4,5,0,8,0,0,0,0,4,1,1,1,59,9,-1,-1,-1,3,1,3
2017521706205,2,1,0,5,0,8,0,0,0,0,3,1,6,2,19,4,-1,-1,-1,1,1,1
2017521706207,1,9,0,3,0,1,0,0,0,0,1,1,6,1,22,5,-1,-1,-1,8,3,8
2017521706207,2,9,0,18,0,1,0,0,1,0,2,1,6,2,18,4,999,1,4,7,2,7
2017521706218,1,1,0,18,0,8,0,0,0,0,2,1,6,2,31,6,-1,-1,-1,2,1,2
2017521706218,2,9,0,18,0,8,0,0,0,0,1,1,6,3,-1,-1,-1,-1,-1,-1,-1,-1
2017521706226,1,9,0,18,0,2,0,0,0,0,2,1,6,1,38,7,1798,8,3,1,1,1
2017521706226,2,5,0,18,0,2,0,0,0,0,1,1,6,2,31,6,-1,-1,-1,-1,-1,-1
2017521706229,1,9,0,7,0,1,0,0,0,0,3,1,6,1,42,7,1498,1,8,3,1,3
2017521706229,2,9,0,18,0,1,0,0,0,0,1,1,6,1,31,6,-1,-1,-1,6,1,6
2017521706231,1,9,0,18,0,1,0,0,0,0,1,1,6,1,59,9,4196,1,12,5,1,5
2017521706234,1,9,0,6,0,1,0,0,0,0,3,1,6,1,25,5,1598,1,11,5,3,5
2017521706234,2,3,0,18,0,1,0,0,0,0,1,1,6,1,26,6,125,1,5,3,1,3
2017521706239,1,9,0,3,0,0,0,0,0,0,1,1,6,1,41,7,2198,2,12,2,1,2
2017521706239,2,9,0,1,0,0,0,0,0,0,2,1,6,3,20,4,999,1,17,1,1,1
2017521706252,1,8,0,18,0,0,0,0,0,0,2,1,1,2,41,7,1997,2,7,10,1,10
2017521706252,2,9,0,18,0,0,0,0,0,0,1,1,6,3,-1,-1,1598,2,4,9,1,9
2017521706259,1,9,0,9,0,6,0,0,0,0,1,1,6,1,32,6,1598,1,11,1,1,1
2017521706259,2,1,0,18,0,1,0,0,0,0,1,1,6,1,20,4,-1,-1,-1,-1,-1,-1
2017521706260,1,9,0,18,0,0,0,0,1,2,2,1,6,1,18,4,1388,1,14,7,1,7
2017521706261,1,9,0,18,0,8,0,0,0,0,1,1,6,1,30,6,-1,-1,-1,4,1,4
2017521706261,2,1,0,18,0,8,0,0,0,0,1,1,6,1,35,6,-1,-1,-1,10,2,10
2017521706263,1,9,0,18,0,0,0,0,0,0,1,1,6,1,42,7,-1,-1,-1,3,1,3
2017521706263,2,9,0,18,0,0,0,0,0,0,1,1,6,1,66,10,1995,1,4,-1,-1,-1
2017521706263,3,21,0,18,0,0,0,0,4,6,1,1,6,1,46,8,-1,-1,-1,10,1,10
2017521706274,1,1,0,18,0,8,0,0,0,0,1,1,6,1,29,6,-1,-1,-1,10,1,10
2017521706274,2,9,0,9,0,8,0,0,0,0,3,1,6,1,27,6,2993,2,12,2,1,2
2017521706278,1,1,0,18,0,8,0,0,0,0,1,1,2,2,50,8,-1,-1,-1,9,1,9
2017521706278,2,9,0,7,0,6,0,0,0,0,1,1,2,2,50,8,1461,2,3,-1,-1,-1
2017521706280,1,9,0,18,0,0,1,0,5,0,1,1,6,2,19,4,1360,1,11,9,1,9
2017521706281,1,1,0,8,0,1,0,0,0,0,2,1,6,1,27,6,-1,-1,-1,-1,-1,-1
2017521706281,2,9,0,18,0,1,0,0,0,0,1,1,6,3,-1,-1,-1,-1,-1,-1,-1,-1
2017521706283,1,9,0,3,0,1,0,0,0,0,2,1,6,2,34,6,1560,2,1,7,1,7
2017521706283,2,9,0,4,0,1,0,0,0,0,1,1,6,1,33,6,1598,1,10,5,1,5
2017521706287,1,9,0,18,0,2,0,0,0,0,1,1,6,1,35,6,-1,-1,-1,8,1,8
2017521706287,2,4,0,7,0,6,0,0,0,0,2,1,6,1,37,7,1450,1,11,8,1,8
2017521706289,1,9,0,9,0,1,0,0,0,0,3,1,6,1,34,6,1968,2,7,2,1,2
2017521706289,2,9,0,18,0,1,0,0,0,0,1,1,6,2,31,6,1398,2,9,3,1,3
2017521706291,1,9,0,18,0,2,0,0,0,0,3,1,6,1,26,6,1995,2,5,7,1,7
2017521706291,2,9,0,11,0,2,0,0,0,0,4,1,6,1,59,9,1598,2,4,1,1,1
2017521706294,1,11,0,4,0,2,0,4,0,0,1,1,1,1,60,9,7300,2,13,4,1,4
2017521706294,2,9,0,2,0,2,0,0,0,0,2,1,6,1,52,8,-1,-1,-1,5,1,5
2017521706300,1,9,0,18,0,8,0,7,0,0,1,1,6,1,80,11,1598,1,15,10,1,10
2017521706308,1,9,0,4,0,2,0,0,0,0,2,1,6,2,71,10,1797,8,6,2,1,2
2017521706308,2,9,0,18,0,2,0,0,0,0,1,1,6,1,46,8,1248,1,5,-1,1,-1
2017521706308,3,9,0,18,0,2,0,0,0,0,1,1,6,2,31,6,1498,1,10,3,1,3
2017521706318,1,9,0,18,0,0,0,0,0,0,4,1,6,1,69,10,1395,1,2,9,2,9
2017521706318,2,1,0,18,0,0,0,0,0,0,3,1,6,2,6,2,-1,-1,-1,-1,-1,-1
2017521706320,1,9,0,4,0,1,0,0,0,0,2,1,6,2,24,5,1390,1,3,8,1,8
2017521706320,2,9,0,4,0,1,0,0,0,0,1,1,6,2,22,5,1560,2,11,7,1,7
2017521706321,1,3,0,17,0,1,0,0,0,0,1,1,6,1,25,5,109,1,4,6,1,6
2017521706321,2,9,0,9,0,6,0,0,0,0,3,1,6,2,25,5,-1,-1,-1,5,1,5
2017521706325,1,9,0,18,0,0,0,0,0,0,1,1,6,1,27,6,-1,-1,-1,4,1,4
2017521706326,1,9,0,9,0,8,0,0,0,0,4,1,6,2,42,7,999,1,1,9,2,9
2017521706326,2,9,0,9,0,8,0,0,0,0,1,1,6,1,52,8,1560,2,3,1,1,1
2017521706338,1,9,0,18,0,1,0,0,0,0,1,1,6,1,35,6,1686,2,15,2,1,2
2017521706340,1,9,0,18,0,1,0,0,0,0,1,1,6,3,-1,-1,-1,-1,-1,-1,-1,-1
2017521706349,1,9,0,18,0,0,0,0,0,0,1,1,6,1,29,6,-1,-1,-1,9,1,9
2017521706349,2,9,0,3,0,0,0,0,0,0,2,1,6,2,21,5,-1,-1,-1,9,1,9
2017521706352,1,9,0,18,0,0,5,0,6,6,1,1,6,2,34,6,2495,2,14,4,1,4
2017521706355,1,9,0,5,0,1,0,0,0,0,1,1,6,2,35,6,-1,-1,-1,-1,-1,-1
2017521706364,1,1,0,18,0,1,0,0,0,0,3,1,6,1,19,4,-1,-1,-1,9,1,9
2017521706364,2,9,0,15,0,1,0,0,0,0,4,1,6,1,66,10,-1,-1,-1,5,1,5
2017521706366,1,9,0,9,0,8,0,0,0,0,3,1,6,1,60,9,1968,2,1,8,3,8
2017521706366,2,1,0,9,0,8,0,0,0,0,1,1,6,1,35,6,-1,-1,-1,10,1,10
2017521706367,1,9,0,10,0,1,0,0,0,0,2,1,6,2,39,7,1968,2,10,10,1,10
2017521706367,2,9,0,10,0,1,0,0,0,0,2,1,6,2,66,10,1984,1,1,7,1,7
2017521706367,3,9,0,18,0,1,0,0,0,0,1,1,6,3,-1,-1,-1,-1,-1,-1,-1,-1
2017521706373,1,1,0,18,0,0,0,0,0,0,2,1,4,1,11,3,-1,-1,-1,7,1,7
2017521706373,2,9,0,18,0,0,0,0,0,0,1,1,6,3,-1,-1,-1,-1,-1,-1,-1,-1
2017521706377,1,9,0,18,0,2,5,4,0,0,1,1,6,2,18,4,1242,1,11,10,1,10
2017521706377,2,9,0,2,0,2,0,0,0,0,1,1,6,1,38,7,1998,1,12,10,1,10
2017521706383,1,1,0,18,9,0,0,0,0,0,1,1,6,1,30,6,-1,-1,-1,-1,-1,-1
2017521706385,1,3,0,18,2,0,0,0,0,0,1,1,6,1,20,4,-1,-1,-1,6,1,6
2017521706385,2,8,0,12,2,0,0,0,0,0,2,1,1,1,31,6,1798,8,2,3,1,3
2017521706392,1,9,0,18,0,0,0,0,1,6,1,1,6,1,20,4,1497,8,1,9,1,9
2017521706395,1,9,0,16,0,1,0,0,0,0,3,1,6,1,23,5,1560,2,1,2,1,2
2017521706395,2,9,0,9,0,1,0,0,0,0,1,1,6,1,59,9,3498,1,12,4,1,4
2017521706403,1,9,0,18,0,1,0,0,0,0,2,1,6,1,20,4,-1,-1,-1,6,1,6
2017521706403,2,9,0,18,0,1,0,0,0,0,1,1,6,1,22,5,1242,1,4,7,1,7
2017521706408,1,9,0,18,0,0,0,0,0,0,3,1,6,2,52,8,1598,1,-1,1,1,1
2017521706411,1,9,0,9,0,5,0,0,0,0,3,1,6,1,57,9,-1,-1,-1,5,1,5
2017521706411,2,4,0,18,0,1,0,0,0,0,4,1,6,1,46,8,1250,1,14,9,1,9
2017521706418,1,9,3,13,0,0,0,0,0,0,4,1,6,1,53,8,1896,2,7,10,2,10
2017521706418,2,21,1,18,0,0,0,0,0,0,3,1,6,1,32,6,12900,2,6,6,1,6
2017521706421,1,3,0,18,0,0,1,0,0,0,1,1,6,1,20,4,124,1,-1,1,1,1
2017521706421,2,9,0,18,0,0,0,0,0,0,1,1,6,1,55,8,-1,-1,-1,1,1,1
2017521706424,1,1,0,18,0,8,0,0,0,0,1,1,6,1,30,6,-1,-1,-1,3,1,3
2017521706424,2,9,0,9,0,6,0,0,0,0,3,1,6,1,40,7,2993,2,10,-1,-1,-1
2017521706425,1,11,0,18,0,8,0,0,0,0,1,1,6,1,30,6,6700,2,1,-1,-1,-1
2017521706426,1,9,0,18,0,0,0,0,7,2,1,1,6,1,17,4,1595,1,1,-1,3,-1
2017521706426,2,4,0,18,0,0,0,0,0,0,2,1,6,1,58,9,1402,1,11,7,2,7
2017521706426,3,9,0,18,0,0,0,0,0,0,2,1,6,1,23,5,1124,1,14,7,3,7
2017521706437,1,9,0,5,0,8,0,0,0,0,1,1,6,2,30,6,1329,1,4,5,3,5
2017521706437,2,9,0,18,0,8,0,0,0,0,1,1,6,1,50,8,1998,2,3,9,3,9
2017521706440,1,9,0,18,0,1,0,0,0,0,4,1,6,2,18,4,1390,1,13,8,1,8
2017521706440,2,1,0,18,0,6,0,0,0,0,1,1,6,1,24,5,-1,-1,-1,3,1,3
2017521706469,1,9,0,5,9,1,0,0,0,0,4,1,6,1,19,4,1149,1,15,4,1,4
2017521706469,2,1,0,18,9,1,0,0,0,0,1,1,6,1,38,7,-1,-1,-1,7,1,7
2017521706488,1,2,0,10,0,1,0,0,0,0,2,1,1,1,17,4,49,1,-1,8,1,8
2017521706488,2,9,0,18,0,1,0,0,0,0,1,1,1,3,20,4,-1,-1,-1,-1,-1,-1
2017521706492,1,9,0,18,0,2,0,0,0,0,0,1,6,2,58,9,-1,-1,-1,9,3,9
2017521706492,2,1,0,18,0,2,0,10,1,0,0,1,6,2,45,7,-1,-1,-1,6,3,6
2017521706493,1,9,0,18,0,1,0,0,0,0,1,1,6,2,59,9,1242,1,3,6,1,6
2017521706493,2,9,0,4,0,1,0,0,0,0,2,1,6,2,29,6,1783,1,16,9,1,9
2017521706498,1,9,0,9,0,5,0,0,0,0,3,1,6,2,32,6,1968,2,5,6,1,6
2017521706498,2,2,0,14,0,1,0,0,0,0,1,1,1,1,18,4,125,1,1,-1,-1,-1
2017521706507,1,9,0,9,0,8,0,0,0,0,3,1,6,1,37,7,1339,1,6,9,1,9
2017521706507,2,1,0,18,0,1,0,0,0,0,1,1,6,1,30,6,-1,-1,-1,3,1,3
2017521706519,1,9,0,9,0,4,0,0,0,0,3,1,6,1,36,7,-1,-1,-1,8,1,8
2017521706519,2,1,0,18,0,8,0,0,0,0,1,1,6,1,46,8,-1,-1,-1,4,1,4
2017521706522,1,11,0,5,8,2,0,0,0,0,1,1,1,1,54,8,6700,2,1,3,1,3
2017521706533,1,9,0,7,0,8,0,4,0,0,3,1,6,1,35,6,1400,1,10,4,1,4
2017521706533,2,9,0,18,0,1,0,0,0,0,1,1,6,1,51,8,1994,2,14,4,1,4
2017521706533,3,9,0,2,0,8,0,0,0,0,3,1,6,3,-1,-1,1587,1,12,-1,-1,-1
2017521706539,1,9,0,16,0,2,0,0,0,0,4,1,6,1,57,9,-1,-1,-1,4,1,4
2017521706549,1,1,0,18,0,1,0,0,0,0,0,1,6,1,79,11,-1,-1,-1,4,1,4
2017521706549,2,9,0,7,0,5,0,0,0,0,0,1,6,3,-1,-1,-1,-1,-1,-1,-1,-1
2017521706552,1,5,0,18,0,0,0,0,0,0,3,1,2,1,53,8,1172,1,15,10,3,10
2017521706570,1,9,0,3,0,0,0,0,0,0,2,1,6,1,28,6,-1,-1,-1,6,1,6
2017521706570,2,9,0,3,0,0,0,0,0,0,1,1,1,3,35,6,1360,1,6,-1,-1,-1
2017521706603,1,9,0,5,0,6,0,0,0,0,1,1,6,2,70,10,1796,1,5,8,3,8
2017521706603,2,9,0,18,0,1,0,0,0,0,1,1,6,1,42,7,-1,-1,-1,3,1,3
2017521706605,1,9,0,6,0,0,0,0,0,0,1,1,6,3,-1,-1,1598,2,-1,-1,-1,-1
2017521706605,2,9,0,18,0,0,0,0,0,0,1,1,6,2,18,4,1229,1,10,4,1,4
2017521706607,1,11,0,18,2,1,0,0,0,0,1,1,6,1,26,6,7300,2,7,5,1,5
2017521706607,2,1,0,18,2,2,0,0,0,0,1,1,6,1,25,5,-1,-1,-1,7,1,7
2017521706613,1,11,0,18,0,0,0,0,0,0,1,1,6,1,42,7,5132,2,2,5,1,5
2017521706618,1,9,0,18,0,0,1,0,4,6,1,1,6,1,34,6,-1,-1,-1,-1,1,-1
2017521706618,2,9,0,3,0,0,0,0,0,0,2,1,6,1,40,7,1794,1,13,9,1,9
2017521706618,3,9,0,3,0,0,0,0,0,0,2,1,6,1,57,9,1796,2,4,8,1,8
2017521706618,4,9,0,3,0,0,0,0,0,0,2,1,6,1,28,6,1968,2,10,2,1,2
2017521706623,1,9,0,18,0,0,0,0,0,0,1,1,6,1,51,8,2000,2,11,9,2,9
2017521706623,2,1,0,18,0,0,0,0,0,0,1,1,6,1,61,9,-1,-1,-1,8,3,8
2017521706625,1,4,0,18,0,0,0,0,0,0,1,1,6,1,28,6,883,1,11,8,1,8
2017521706625,2,9,0,18,0,0,0,0,0,0,2,1,6,1,24,5,1968,2,4,8,1,8
2017521706625,3,9,0,18,0,0,0,0,0,0,0,1,6,2,66,10,1896,2,13,6,3,6
2017521706631,1,9,0,9,0,6,0,0,0,0,1,1,6,1,61,9,2435,1,17,6,3,6
2017521706631,2,9,0,18,0,8,0,0,0,0,2,1,6,1,78,11,1685,2,3,3,1,3
2017521706636,1,9,0,9,0,5,0,0,0,0,1,1,6,1,35,6,1360,1,8,-1,1,-1
2017521706636,2,1,0,18,0,1,0,0,0,0,1,1,6,1,62,9,-1,-1,-1,10,1,10
2017521706639,1,9,0,2,6,0,0,0,0,1,0,1,6,2,74,10,1985,1,21,9,1,9
2017521706639,2,20,0,18,0,0,0,0,0,0,0,1,6,3,-1,-1,-1,-1,-1,-1,-1,-1
2017521706644,1,1,0,18,9,0,0,0,0,0,4,1,4,1,15,3,-1,-1,-1,1,1,1
2017521706644,2,9,0,7,9,0,0,0,0,0,1,1,6,3,-1,-1,-1,-1,-1,-1,-1,-1
2017521706645,1,9,0,18,0,0,0,0,0,0,0,1,1,2,30,6,1596,1,12,6,3,6
2017521706651,1,9,0,18,0,1,0,0,0,0,1,1,6,1,57,9,2324,1,15,1,1,1
2017521706651,2,9,0,9,0,2,0,0,0,0,3,1,6,2,34,6,1781,1,15,6,1,6
2017521706657,1,9,0,4,0,1,0,0,0,0,0,1,6,1,30,6,1796,1,13,9,1,9
2017521706657,2,9,0,18,0,1,0,0,0,0,1,1,6,1,37,7,2996,1,10,9,2,9
2017521706658,1,5,0,16,0,3,0,0,0,0,1,1,6,2,47,8,996,1,20,-1,-1,-1
2017521706658,2,9,0,3,0,2,0,0,0,0,2,1,6,1,24,5,1598,2,3,5,1,5
2017521706662,1,9,0,18,0,0,0,0,0,0,1,1,6,1,28,6,1968,2,5,5,1,5
2017521706662,2,9,0,18,0,0,0,0,0,0,1,1,6,3,36,7,2993,2,7,3,1,3
2017521706668,1,9,0,18,0,0,0,0,0,0,1,1,6,1,21,5,-1,-1,-1,3,1,3
2017521706668,2,9,0,4,0,0,0,0,0,0,2,1,6,1,32,6,-1,-1,-1,-1,-1,-1
2017521706669,1,9,0,18,2,1,0,0,0,0,3,1,6,1,42,7,-1,-1,-1,1,1,1
2017521706669,2,9,0,7,2,5,0,0,0,0,4,1,6,1,45,7,1590,1,2,6,1,6
2017521706674,1,3,0,18,0,1,0,0,0,0,1,1,6,1,47,8,999,1,10,-1,1,-1
2017521706674,2,9,0,6,0,1,0,0,0,0,4,1,6,1,19,4,-1,-1,-1,7,3,7
2017521706681,1,5,0,18,0,1,0,4,0,0,1,1,6,1,30,6,599,1,14,-1,-1,-1
2017521706681,2,9,0,2,0,1,0,0,0,0,4,1,6,3,-1,-1,-1,-1,-1,-1,-1,-1
2017521706681,3,9,0,2,0,1,0,0,0,0,4,1,6,1,-1,-1,1598,1,1,2,1,2
2017521706681,4,9,0,2,0,1,0,0,0,0,4,1,6,3,-1,-1,1781,1,14,-1,-1,-1
2017521706682,1,1,0,18,0,3,0,0,0,0,4,1,4,1,14,3,-1,-1,-1,5,1,5
2017521706682,2,9,0,9,0,3,0,0,0,0,1,1,6,3,40,7,-1,-1,-1,-1,-1,-1
2017521706691,1,9,0,18,0,8,0,0,0,0,1,1,6,1,58,9,-1,-1,-1,-1,-1,-1
2017521706691,2,9,0,9,0,8,0,0,0,0,4,1,6,2,74,10,1329,1,5,-1,-1,-1
2017521706705,1,9,0,18,0,2,0,0,0,0,1,1,6,2,51,8,1499,2,1,3,1,3
2017521706705,2,9,0,11,0,2,0,0,0,0,2,1,6,1,27,6,-1,-1,-1,1,1,1