Accident_Index,Vehicle_Reference,Vehicle_Type,Towing_and_Articulation,Vehicle_Manoeuvre,Vehicle_Location-Restricted_Lane,Junction_Location,Skidding_and_Overturning,Hit_Object_in_Carriageway,Vehicle_Leaving_Carriageway,Hit_Object_off_Carriageway,1st_Point_of_Impact,Was_Vehicle_Left_Hand_Drive?,Journey_Purpose_of_Driver,Sex_of_Driver,Age_of_Driver,Age_Band_of_Driver,Engine_Capacity_(CC),Propulsion_Code,Age_of_Vehicle,Driver_IMD_Decile,Driver_Home_Area_Type,Vehicle_IMD_Decile
2017521707463,1,9,0,18,0,1,0,0,0,0,4,1,6,2,42,7,1968,2,11,10,1,10
2017521707463,2,9,0,18,0,6,0,0,0,0,1,1,6,2,28,6,1596,1,13,6,1,6
2017521707467,1,9,0,9,0,6,0,0,0,0,1,1,6,1,33,6,1399,1,-1,1,1,1
2017521707467,2,4,0,18,0,1,0,0,0,0,1,1,6,1,64,9,1745,1,-1,7,1,7
2017521707484,1,9,0,15,0,2,0,0,0,0,1,1,6,1,52,8,1781,1,12,3,1,3
2017521707484,2,11,0,5,0,1,0,0,0,0,1,1,1,1,36,7,6700,2,1,4,1,4
2017521707489,1,9,0,17,0,1,0,0,0,0,1,1,1,1,61,9,-1,-1,-1,-1,-1,-1
2017521707489,2,1,0,18,0,1,0,0,0,0,4,1,6,1,36,7,-1,-1,-1,-1,-1,-1
2017521707497,1,9,0,3,0,1,0,0,0,0,2,1,6,2,57,9,1685,2,2,5,1,5
2017521707497,2,9,0,18,0,1,0,0,0,0,1,1,6,1,57,9,2231,2,9,-1,-1,-1
2017521707505,1,9,0,18,0,0,0,0,0,0,1,1,6,3,30,6,-1,-1,-1,-1,-1,-1
2017521707507,1,9,0,3,0,0,0,0,0,0,2,1,6,1,22,5,1560,2,2,8,1,8
2017521707507,2,9,0,18,0,0,0,0,0,0,1,1,6,1,30,6,1995,2,6,-1,-1,-1
2017521707513,1,9,0,1,9,0,0,0,0,0,0,1,3,2,33,6,2993,2,13,3,1,3
2017521707515,1,9,0,18,0,0,0,0,0,0,2,1,6,1,50,8,-1,-1,-1,2,1,2
2017521707515,2,9,0,18,0,0,0,0,0,0,1,1,6,1,17,4,1390,1,11,6,3,6
2017521707515,3,9,0,18,0,0,0,0,0,0,1,1,6,2,58,9,1398,1,5,6,3,6
2017521707517,1,9,0,6,0,0,0,0,0,0,3,1,6,2,18,4,1199,1,16,10,1,10
2017521707517,2,4,0,14,0,0,0,0,0,0,1,1,6,1,49,8,847,1,2,7,3,7
2017521707518,1,9,0,18,0,4,0,0,0,0,1,1,6,1,37,7,2204,2,8,6,1,6
2017521707518,2,1,0,18,0,8,0,0,0,0,4,1,6,2,25,5,-1,-1,-1,8,1,8
2017521707522,1,9,0,18,0,0,0,0,0,0,2,1,6,2,41,7,1461,2,4,-1,-1,-1
2017521707522,2,9,0,18,0,0,0,0,0,0,1,1,6,1,39,7,-1,-1,-1,-1,-1,-1
2017521707525,1,4,0,14,0,1,0,0,0,0,1,1,6,1,24,5,249,1,18,-1,-1,-1
2017521707525,2,9,0,3,0,1,0,0,0,0,0,1,6,1,28,6,1995,1,7,4,1,4
2017521707525,3,9,0,9,0,6,0,0,0,0,3,1,6,1,79,11,1398,1,6,6,1,6
2017521707527,1,9,0,18,0,1,0,0,0,0,3,1,6,1,28,6,1995,1,9,-1,-1,-1
2017521707527,2,9,0,18,0,1,0,0,0,0,4,1,6,1,22,5,1242,1,17,2,1,2
2017521707531,1,9,0,9,0,8,0,0,0,0,1,1,6,3,30,6,1769,1,17,-1,-1,-1
2017521707531,2,1,0,18,0,8,0,0,0,0,1,1,6,1,34,6,-1,-1,-1,7,1,7
2017521707533,1,9,0,18,0,1,0,4,0,0,1,1,6,1,57,9,1598,2,7,7,1,7
2017521707533,2,9,0,2,0,1,0,0,0,0,2,1,6,3,30,6,1995,2,10,-1,-1,-1
2017521707533,3,9,0,2,0,1,0,0,0,0,2,1,6,3,30,6,1149,1,9,-1,-1,-1
2017521707533,4,9,0,2,0,1,0,0,0,0,2,1,6,3,30,6,1124,1,13,-1,-1,-1
2017521707537,1,9,0,7,0,2,0,0,0,0,3,1,6,2,68,10,1248,1,7,6,1,6
2017521707547,1,9,0,6,0,8,0,0,0,0,3,1,6,3,-1,-1,-1,-1,-1,-1,-1,-1
2017521707557,1,11,0,18,0,1,0,0,0,0,0,1,6,1,38,7,3900,2,12,8,1,8
2017521707557,2,9,0,18,0,1,0,0,0,0,0,1,6,2,30,6,-1,-1,-1,-1,-1,-1
2017521707566,1,9,0,18,0,8,0,0,0,0,1,1,6,3,30,6,2544,1,18,-1,-1,-1
2017521707566,2,9,0,18,0,8,0,0,0,2,1,1,6,1,30,6,1560,2,6,7,1,7
2017521707567,1,9,0,18,0,0,0,0,0,0,1,1,6,1,69,10,-1,-1,-1,-1,2,-1
2017521707567,2,9,0,18,0,0,0,0,0,0,2,1,6,1,75,10,1200,1,1,7,1,7
2017521707567,3,9,0,18,0,0,0,0,0,0,2,1,6,1,46,8,1997,2,-1,-1,1,-1
2017521707579,1,9,0,9,0,5,0,0,0,0,3,1,6,1,56,9,2390,1,16,5,1,5
2017521707579,2,9,0,13,0,8,0,0,0,0,4,1,6,1,20,4,1200,1,14,5,1,5
2017521707581,1,9,0,5,0,4,0,0,0,0,4,1,6,2,39,7,1781,1,15,3,1,3
2017521707581,2,9,0,5,0,4,0,0,0,0,3,1,6,2,33,6,1229,1,4,6,1,6
2017521707585,1,9,0,9,0,6,0,0,0,0,3,1,6,2,29,6,1753,2,11,1,1,1
2017521707585,2,9,0,18,0,8,0,0,0,0,1,1,6,1,26,6,1975,1,14,1,1,1
2017521707588,1,9,0,13,0,1,0,0,0,0,1,1,6,2,20,4,1600,2,8,8,3,8
2017521707588,2,1,0,9,0,5,0,0,0,0,1,1,6,1,54,8,-1,-1,-1,10,1,10
2017521707592,1,9,0,4,0,1,0,0,0,0,1,1,6,2,38,7,1149,1,11,2,1,2
2017521707592,2,9,0,4,0,1,0,0,0,0,2,1,6,2,36,7,1896,2,14,8,3,8
2017521707595,1,4,0,18,0,1,0,0,0,0,1,1,6,1,54,8,798,1,1,9,1,9
2017521707595,2,9,0,9,0,5,0,0,0,0,4,1,6,2,25,5,1956,2,4,10,1,10
2017521707601,1,9,0,10,0,1,0,0,7,0,2,1,2,1,20,4,1388,1,13,3,1,3
2017521707601,2,8,0,3,0,1,0,0,0,0,1,1,1,2,45,7,1997,1,9,2,1,2
2017521707614,1,9,0,18,9,5,0,0,0,0,4,1,6,2,71,10,1198,1,5,10,1,10
2017521707614,2,1,0,18,9,1,0,0,0,0,1,1,6,1,14,3,-1,-1,-1,10,1,10
2017521707622,1,9,0,18,0,0,0,0,0,0,1,1,6,1,30,6,1753,2,11,-1,-1,-1
2017521707622,2,9,0,18,0,0,0,0,0,0,1,1,6,1,40,7,1199,1,14,3,1,3
2017521707623,1,9,0,9,0,6,0,0,0,0,3,1,6,1,46,8,2401,2,12,8,1,8
2017521707623,2,4,0,18,0,8,0,0,0,0,1,1,6,1,17,4,124,1,1,8,1,8
2017521707625,1,9,0,16,0,0,1,0,0,0,3,1,6,2,19,4,1149,1,9,6,1,6
2017521707625,2,9,0,17,0,0,0,0,0,0,1,1,6,2,19,4,1242,1,13,10,3,10
2017521707628,1,9,0,18,0,2,0,0,0,0,1,1,6,1,19,4,1364,1,10,-1,-1,-1
2017521707628,2,9,0,2,0,2,0,0,0,0,1,1,6,2,30,6,1896,2,12,-1,-1,-1
2017521707630,1,9,0,6,0,1,0,0,0,0,3,1,6,1,30,6,1910,2,13,-1,-1,-1
2017521707630,2,1,0,18,0,1,0,0,0,0,1,1,6,1,25,5,-1,-1,-1,3,1,3
2017521707634,1,9,0,10,0,2,0,0,0,0,2,1,6,1,59,9,2429,1,10,1,1,1
2017521707634,2,9,0,3,0,1,0,0,0,0,2,1,6,1,41,7,1716,2,14,1,1,1
2017521707634,3,9,0,18,0,1,0,0,0,0,1,1,6,1,25,5,1997,2,14,-1,-1,-1
2017521707649,1,9,0,18,0,0,0,0,0,0,1,1,6,1,36,7,1994,1,16,2,1,2
2017521707651,1,9,0,4,0,0,0,0,0,0,2,1,6,1,52,8,1968,2,6,7,1,7
2017521707651,2,9,0,18,0,0,0,0,0,0,1,1,6,1,30,6,1798,1,13,-1,-1,-1
2017521707652,1,9,0,17,0,8,0,0,0,0,3,1,6,1,80,11,999,1,1,10,1,10
2017521707652,2,4,0,17,0,8,0,0,0,0,4,1,6,1,71,10,487,1,9,10,1,10
2017521707653,1,9,0,18,0,1,0,0,0,0,1,1,6,2,50,8,1360,1,17,3,1,3
2017521707653,2,2,0,14,0,2,0,0,0,0,1,1,6,1,17,4,49,1,5,1,1,1
2017521707658,1,9,0,18,0,0,0,0,0,0,1,1,6,1,37,7,1598,1,13,1,1,1
2017521707658,2,9,0,3,0,0,0,0,0,0,2,1,6,1,23,5,1229,1,6,8,1,8
2017521707664,1,9,0,18,0,7,0,0,0,0,1,1,6,1,40,7,-1,-1,-1,9,1,9
2017521707664,2,1,0,18,0,8,0,0,0,0,4,1,6,1,40,7,-1,-1,-1,6,1,6
2017521707666,1,9,0,9,0,1,0,0,0,0,4,1,6,1,77,11,1598,2,1,4,1,4
2017521707666,2,1,0,18,0,1,0,0,0,0,1,1,6,1,20,4,-1,-1,-1,3,1,3
2017521707667,1,9,0,5,0,0,0,0,0,0,2,1,6,2,39,7,1753,2,17,3,1,3
2017521707667,2,9,0,5,0,0,0,0,0,0,1,1,6,1,25,5,1762,1,17,7,2,7
2017521707669,1,9,0,18,0,0,0,0,0,0,1,1,6,1,33,6,1461,2,-1,7,1,7
2017521707669,2,9,0,18,0,0,0,0,0,0,1,1,6,1,70,10,1398,1,5,8,1,8
2017521707675,1,9,0,18,0,0,0,0,0,0,2,1,6,1,30,6,2143,2,4,3,1,3
2017521707675,2,9,0,3,0,0,0,0,0,0,2,1,6,1,23,5,1242,1,7,10,2,10
2017521707675,3,9,0,18,0,0,0,0,0,0,1,1,6,1,63,9,-1,-1,-1,5,2,5
2017521707676,1,9,0,18,0,0,0,0,0,0,1,1,6,1,52,8,1497,8,2,4,1,4
2017521707681,1,9,0,9,0,5,0,0,0,0,3,1,6,2,61,9,1598,2,2,8,1,8
2017521707681,2,9,0,15,0,8,0,0,0,0,1,1,6,1,24,5,1896,2,17,4,1,4
2017521707693,1,9,0,18,0,0,0,0,0,0,1,1,6,3,-1,-1,1596,1,16,-1,-1,-1
2017521707693,2,9,0,18,0,0,0,0,0,0,1,1,6,2,67,10,1240,1,9,4,1,4
2017521707705,1,4,0,18,0,8,0,0,0,0,4,1,6,2,47,8,124,1,13,9,1,9
2017521707705,2,9,0,18,0,8,0,0,0,0,3,1,6,1,66,10,-1,-1,-1,7,3,7
2017521707706,1,9,0,3,0,0,0,0,0,0,2,1,6,1,46,8,1998,8,2,9,1,9
2017521707706,2,9,0,3,0,0,0,0,0,0,2,1,6,1,24,5,1398,1,5,-1,1,-1
2017521707706,3,9,0,18,0,0,0,0,0,0,1,1,6,2,32,6,1797,8,7,8,1,8
2017521707708,1,9,0,6,0,2,0,0,0,0,3,1,6,1,27,6,1596,1,11,6,1,6
2017521707708,2,4,0,18,0,2,0,0,0,0,1,1,6,1,40,7,125,1,12,7,1,7
2017521707712,1,9,0,10,0,1,0,0,0,0,3,1,6,1,34,6,1753,2,9,1,1,1
2017521707712,2,4,0,15,0,1,0,0,0,0,1,1,6,1,19,4,125,1,1,1,1,1
2017521707713,1,9,0,18,0,1,0,0,0,0,1,1,6,2,22,5,1499,2,4,-1,-1,-1
2017521707713,2,1,0,9,0,1,0,0,0,0,3,1,6,2,10,2,-1,-1,-1,1,1,1
2017521707714,1,21,0,9,0,6,0,0,0,0,4,1,6,3,-1,-1,-1,-1,-1,-1,-1,-1
2017521707717,1,4,0,18,0,0,0,0,0,0,1,1,6,1,17,4,-1,-1,-1,10,1,10
2017521707717,2,9,0,18,0,0,0,0,0,0,1,1,6,1,72,10,1997,2,3,10,1,10
2017521707724,1,1,0,18,0,1,0,0,0,10,1,1,1,1,27,6,-1,-1,-1,7,1,7
2017521707724,2,9,0,9,0,6,0,0,0,10,3,1,1,1,37,7,1596,1,11,1,1,1
2017521707726,1,1,0,18,0,0,0,0,0,0,4,1,6,2,35,6,-1,-1,-1,3,1,3
2017521707726,2,9,0,12,0,0,0,0,0,0,3,1,6,1,25,5,-1,-1,-1,6,1,6
2017521707732,1,11,0,16,0,2,0,0,0,0,3,1,1,1,40,7,6700,2,1,4,1,4
2017521707732,2,9,0,9,0,7,0,0,0,0,4,1,6,1,25,5,-1,-1,-1,3,1,3
2017521707741,1,9,0,8,0,1,0,0,0,0,2,1,6,2,48,8,1590,1,13,4,1,4
2017521707741,2,9,0,18,0,1,0,0,0,0,1,1,6,2,25,5,1596,1,12,-1,-1,-1
2017521707746,1,9,0,17,0,1,0,0,0,0,1,1,6,2,54,8,1968,2,3,9,1,9
2017521707770,1,9,0,5,0,0,0,0,0,0,3,1,6,2,40,7,-1,-1,-1,-1,-1,-1
2017521707770,2,1,0,18,0,0,0,0,0,0,1,1,6,2,29,6,-1,-1,-1,8,1,8
2017521707779,1,9,0,18,0,0,0,0,0,0,1,1,6,2,63,9,1985,1,20,3,1,3
2017521707780,1,1,0,10,0,2,0,0,0,0,2,1,6,1,20,4,-1,-1,-1,10,1,10
2017521707780,2,9,0,10,0,2,0,0,0,0,1,1,6,1,22,5,1390,1,6,-1,-1,-1
2017521707788,1,9,0,18,0,0,0,0,0,0,2,1,6,2,21,5,998,1,14,3,1,3
2017521707788,2,9,0,18,0,0,0,0,0,0,1,1,6,3,-1,-1,-1,-1,-1,-1,-1,-1
2017521707799,1,9,0,18,0,0,0,0,0,0,1,1,6,1,59,9,1783,1,15,2,1,2
2017521707804,1,3,0,18,0,1,0,0,0,0,2,1,1,1,33,6,-1,-1,-1,2,1,2
2017521707804,2,9,0,6,0,1,0,0,0,0,1,1,6,2,40,7,-1,-1,-1,-1,-1,-1
2017521707811,1,1,0,9,0,3,0,0,0,0,4,1,1,1,36,7,-1,-1,-1,10,1,10
2017521707811,2,9,0,18,0,4,0,0,0,0,1,1,6,2,42,7,-1,-1,-1,-1,-1,-1
2017521707814,1,9,0,6,0,8,0,0,0,0,3,1,6,1,29,6,1995,1,12,2,1,2
2017521707814,2,2,0,18,0,8,0,0,0,0,1,1,6,1,25,5,49,1,1,1,1,1
2017521707816,1,4,0,13,0,0,0,0,0,0,0,1,6,1,26,6,689,1,3,7,1,7
2017521707816,2,4,0,18,0,0,0,0,0,0,0,1,6,1,31,6,689,1,2,7,1,7
2017521707828,1,9,0,18,0,0,0,0,0,0,1,1,6,2,30,6,998,1,4,-1,-1,-1
2017521707828,2,1,0,18,0,0,0,0,0,0,3,1,6,1,14,3,-1,-1,-1,4,1,4
2017521707829,1,9,0,18,0,0,0,0,0,0,3,1,6,1,43,7,1360,1,14,4,1,4
2017521707829,2,3,0,18,0,0,0,0,0,0,4,1,6,1,19,4,-1,-1,-1,8,1,8
2017521707831,1,9,0,18,0,1,0,0,0,0,2,1,6,1,65,9,1599,1,13,4,1,4
2017521707831,2,9,0,18,0,1,0,0,0,0,1,1,6,2,42,7,1686,2,7,5,3,5
2017521707833,1,9,0,18,0,0,0,0,0,0,1,1,6,1,47,8,-1,-1,-1,6,1,6
2017521707841,1,9,0,18,0,0,0,0,0,0,1,1,6,1,25,5,4163,1,9,5,1,5
2017521707841,2,9,0,18,0,0,0,0,0,0,2,1,6,1,18,4,1995,2,5,7,3,7
2017521707841,3,9,0,2,0,0,0,0,0,0,2,1,6,1,57,9,1388,1,14,4,1,4
2017521707841,4,9,0,2,0,0,0,0,0,0,2,1,6,1,32,6,1997,1,9,4,1,4
2017521707842,1,8,0,18,0,0,0,0,0,0,4,1,1,1,30,6,-1,-1,-1,-1,-1,-1
2017521707843,1,9,0,18,0,4,0,0,0,0,3,1,2,1,54,8,1399,1,1,6,2,6
2017521707843,2,1,0,9,0,8,0,0,0,0,1,1,6,2,32,6,-1,-1,-1,-1,-1,-1
2017521707858,1,1,0,18,0,1,0,0,0,0,1,1,6,1,25,5,-1,-1,-1,8,1,8
2017521707858,2,9,0,7,0,6,0,0,0,0,3,1,6,2,31,6,1198,1,6,-1,1,-1
2017521707861,1,9,0,10,0,1,0,0,0,0,2,1,6,1,26,6,1198,1,11,1,1,1
2017521707861,2,9,0,18,0,1,0,0,0,0,1,1,6,1,35,6,1989,1,17,6,1,6
2017521707873,1,9,0,3,0,0,0,0,0,0,2,1,6,2,53,8,998,1,6,9,1,9
2017521707873,2,9,0,18,0,0,0,0,0,0,1,1,6,1,25,5,1998,1,12,10,1,10
2017521707878,1,9,0,9,0,5,0,0,0,0,4,1,6,1,25,5,1364,1,12,7,1,7
2017521707878,2,3,0,18,0,8,0,0,0,0,1,1,6,2,53,8,670,1,4,3,1,3
2017521707880,1,9,0,18,0,8,0,0,0,0,1,1,6,3,-1,-1,-1,-1,-1,-1,-1,-1
2017521707880,2,9,0,18,0,8,0,0,0,0,4,1,6,1,48,8,2497,2,6,3,1,3
2017521707891,1,9,0,1,0,0,0,0,0,0,2,1,6,1,50,8,1364,1,-1,-1,-1,-1
2017521707899,1,9,0,18,0,0,5,0,1,10,1,1,6,1,28,6,1229,1,3,8,1,8
2017521707904,1,9,0,4,0,2,0,0,0,1,1,1,1,1,50,8,-1,-1,-1,-1,-1,-1
2017521707904,2,1,0,18,0,1,0,0,0,0,4,1,1,2,22,5,-1,-1,-1,4,1,4
2017521707909,1,9,0,3,0,1,0,0,0,0,2,1,6,2,49,8,1499,1,1,6,1,6
2017521707909,2,9,0,4,0,1,0,0,0,0,1,1,6,1,-1,-1,2987,2,7,-1,-1,-1
2017521707910,1,9,0,18,0,4,0,0,0,0,1,1,6,2,17,4,1198,1,11,3,1,3
2017521707910,2,1,0,18,0,8,0,0,0,0,1,1,6,2,34,6,-1,-1,-1,2,1,2
2017521707938,1,11,0,17,0,0,0,0,0,0,4,1,1,1,48,8,6700,2,1,-1,-1,-1
2017521707940,1,9,0,18,0,8,0,0,0,0,1,1,6,2,22,5,1598,1,7,1,1,1
2017521707940,2,9,0,4,0,8,0,0,0,0,2,1,1,1,45,7,1870,2,14,8,1,8
2017521707948,1,19,0,18,0,8,0,7,0,10,3,1,6,1,36,7,1753,2,9,2,1,2
2017521707948,2,9,0,18,0,8,0,0,0,0,1,1,1,2,35,6,1461,2,10,-1,-1,-1
2017521707954,1,9,0,18,0,0,0,0,0,0,1,1,6,3,-1,-1,-1,-1,-1,-1,-1,-1
2017521707957,1,9,0,9,0,5,0,0,0,0,4,1,6,1,35,6,1896,2,15,7,1,7
2017521707957,2,9,0,18,0,1,0,0,0,0,1,1,6,1,82,11,1490,1,9,8,1,8
2017521707958,1,9,0,3,0,0,0,0,0,0,1,1,6,2,46,8,1339,1,13,-1,-1,-1
2017521707958,2,9,0,18,0,0,0,0,0,0,1,1,6,3,-1,-1,-1,-1,-1,-1,-1,-1
2017521707960,1,9,0,18,0,1,0,0,0,0,1,1,6,1,52,8,1997,2,8,1,1,1
2017521707960,2,9,0,18,0,6,0,0,0,0,4,1,6,1,69,10,1299,1,14,4,1,4
2017521707964,1,9,0,6,0,0,0,0,0,0,3,1,6,1,22,5,1193,1,4,6,1,6
2017521707964,2,9,0,18,0,0,0,0,0,0,1,1,6,2,53,8,1582,2,4,1,1,1
2017521707965,1,8,0,18,0,8,0,0,0,0,2,1,1,1,60,9,1995,2,4,4,1,4
2017521707965,2,9,0,18,0,8,0,0,0,0,1,1,6,1,40,7,1242,1,13,-1,-1,-1
2017521707971,1,9,0,18,0,1,0,0,0,0,2,1,6,1,69,10,1242,1,4,3,1,3
2017521707971,2,9,0,18,0,1,0,0,0,0,1,1,6,3,-1,-1,-1,-1,-1,-1,-1,-1
2017521707985,1,9,0,4,0,1,0,0,0,0,2,1,6,2,67,10,1248,2,9,1,1,1
2017521707985,2,9,0,4,0,1,0,0,0,0,1,1,1,2,27,6,1461,2,2,6,1,6
2017521707986,1,9,0,9,0,1,0,0,0,0,3,1,1,1,32,6,1910,2,8,1,1,1
2017521707986,2,9,0,18,0,1,0,0,0,0,3,1,1,2,31,6,1596,1,16,4,1,4
2017521707986,3,9,0,2,0,1,0,0,0,0,3,1,1,1,44,7,1560,2,4,1,1,1
2017521707987,1,9,0,18,0,8,0,0,0,0,1,1,6,1,25,5,1396,1,14,7,1,7
2017521707991,1,5,0,18,0,8,0,0,0,0,2,1,2,1,38,7,599,1,16,4,2,4
2017521707991,2,21,0,18,0,8,0,0,0,0,1,1,6,1,44,7,12419,2,4,-1,-1,-1
2017521707999,1,9,0,18,0,1,0,0,0,0,4,1,6,3,-1,-1,-1,-1,-1,-1,-1,-1
2017521708009,1,90,0,18,0,1,0,0,0,0,4,1,1,1,33,6,-1,-1,-1,8,1,8
2017521708009,2,8,0,7,0,8,0,0,0,0,1,1,1,2,30,6,1198,1,6,-1,-1,-1
2017521708011,1,9,0,18,0,8,0,0,0,0,1,1,6,1,30,6,1998,2,11,8,3,8
2017521708011,2,9,0,5,0,6,0,0,0,0,1,1,6,1,67,10,-1,-1,-1,4,1,4
2017521708012,1,9,0,18,0,0,0,0,0,0,4,1,1,1,74,10,1493,2,15,3,1,3
2017521708012,2,9,0,2,0,0,0,0,0,0,3,1,1,1,39,7,1968,2,10,6,1,6
2017521708012,3,9,0,2,0,0,0,0,0,0,3,1,1,1,48,8,2143,12,2,1,1,1
2017521708018,1,9,0,18,0,8,0,0,0,0,1,1,6,1,29,6,-1,-1,-1,2,1,2
2017521708018,2,9,0,18,0,8,0,10,0,0,3,1,6,1,51,8,-1,-1,-1,3,1,3
2017521708019,1,9,0,18,0,8,5,0,0,0,3,1,6,2,20,4,990,1,18,3,1,3
2017521708019,2,90,0,18,0,8,0,0,0,0,1,1,1,2,29,6,2987,2,2,-1,-1,-1
2017521708019,3,9,0,4,0,1,0,0,0,0,1,1,6,1,44,7,1587,1,12,-1,-1,-1
2017521708021,1,9,0,9,0,8,0,0,0,0,4,1,6,1,59,9,2198,2,12,9,3,9
2017521708021,2,9,0,4,0,1,0,0,0,0,1,1,6,1,35,6,-1,-1,-1,8,3,8
2017521708021,3,9,0,18,0,8,0,0,0,0,1,1,6,1,18,4,1388,1,11,10,1,10
2017521708030,1,9,0,18,0,2,0,0,0,0,1,1,6,3,-1,-1,1598,2,-1,-1,-1,-1
2017521708030,2,9,0,4,0,2,0,0,0,0,2,1,6,2,43,7,1299,1,17,6,1,6
2017521708036,1,9,0,18,0,0,0,0,0,0,1,1,6,1,22,5,1396,1,13,5,1,5
2017521708036,2,9,0,4,0,0,0,0,0,0,2,1,6,1,24,5,1598,1,3,9,1,9
2017521708049,1,9,0,18,0,1,0,0,1,4,4,1,1,1,51,8,-1,-1,-1,7,1,7
2017521708050,1,9,0,18,0,6,0,0,0,11,1,1,6,2,79,11,1242,1,4,10,3,10
2017521708052,1,4,0,3,0,1,0,0,0,0,1,1,6,2,53,8,124,1,5,1,1,1
2017521708052,2,9,0,1,0,6,0,0,0,0,2,1,6,1,58,9,-1,-1,-1,9,2,9
2017521708053,1,9,0,18,0,8,0,0,0,0,1,1,6,1,89,11,1968,2,8,8,1,8
2017521708053,2,9,0,18,0,8,0,0,0,0,1,1,6,2,57,9,1968,2,10,8,2,8
2017521708054,1,21,0,18,0,0,0,0,0,0,4,1,6,1,47,8,12419,2,4,2,1,2
2017521708054,2,9,0,18,0,0,0,0,0,0,3,1,6,1,47,8,1598,2,1,2,1,2
2017521708057,1,9,0,17,0,0,0,0,1,0,1,1,6,1,19,4,1598,1,14,2,1,2
2017521708068,1,9,0,7,0,1,0,0,0,0,4,1,6,2,47,8,1398,1,3,8,1,8
2017521708068,2,3,0,18,0,1,0,0,0,0,3,1,6,1,28,6,125,1,2,8,1,8
2017521708078,1,9,0,18,0,0,0,0,0,0,1,1,6,2,24,5,-1,-1,-1,7,1,7
2017521708078,2,9,0,18,0,0,0,0,0,0,3,1,6,1,33,6,-1,-1,-1,-1,1,-1
2017521708085,1,9,0,18,0,0,0,0,0,0,0,1,6,1,-1,-1,-1,-1,-1,-1,-1,-1
2017521708086,1,9,0,18,0,1,0,0,0,0,1,1,6,2,35,6,1598,1,12,9,2,9
2017521708086,2,9,0,1,2,1,0,0,0,0,2,1,6,3,-1,-1,1390,1,14,-1,-1,-1
2017521708102,1,9,0,18,0,8,0,0,0,0,1,1,1,1,28,6,1124,1,16,4,1,4
2017521708102,2,9,0,7,0,6,0,0,0,0,3,1,1,1,41,7,1587,1,12,4,1,4
2017521708103,1,9,0,18,0,1,0,0,0,0,1,1,1,2,41,7,998,1,9,1,1,1
2017521708104,1,9,0,9,0,8,0,0,0,0,1,1,1,1,20,4,999,1,3,9,1,9
2017521708104,2,11,0,18,0,1,0,0,0,0,1,1,1,1,58,9,-1,-1,-1,10,1,10
2017521708107,1,9,0,9,0,8,0,0,0,0,1,1,1,2,23,5,1248,1,-1,7,1,7
2017521708107,2,5,0,18,0,1,0,0,0,0,3,1,1,1,27,6,1585,1,5,6,1,6
2017521708110,1,9,0,6,0,4,0,0,0,0,3,1,1,1,42,7,1968,2,7,1,1,1
2017521708110,2,9,0,18,0,4,0,0,0,0,1,1,1,1,19,4,1598,1,9,3,1,3
2017521708112,1,9,0,18,0,0,0,0,1,0,3,1,1,1,57,9,1360,1,9,10,1,10
2017521708115,1,11,0,18,0,4,0,0,0,0,3,1,1,1,66,10,-1,-1,-1,3,1,3
2017521708115,2,9,0,18,0,4,0,0,0,0,3,1,6,1,56,9,-1,-1,-1,1,1,1
2017521708116,1,9,0,3,0,1,0,0,0,0,2,1,6,2,61,9,1397,1,5,6,3,6
2017521708116,2,19,0,3,0,1,0,0,0,0,1,1,1,1,30,6,1995,2,3,-1,-1,-1
2017521708119,1,9,0,18,0,0,0,0,0,0,1,1,1,1,36,7,-1,-1,-1,5,1,5
2017521708119,2,9,0,2,0,0,0,0,0,0,3,1,6,2,25,5,1149,1,11,5,1,5
2017521708121,1,1,0,16,0,1,0,8,0,7,1,1,2,1,42,7,-1,-1,-1,6,1,6
2017521708121,2,8,0,2,0,1,0,0,0,0,4,1,6,3,-1,-1,-1,-1,-1,-1,-1,-1
2017521708124,1,9,0,18,0,2,0,0,0,0,1,1,1,1,28,6,2143,2,1,10,1,10
2017521708140,1,9,0,18,0,1,0,0,0,0,4,1,6,3,-1,-1,-1,-1,-1,-1,-1,-1
2017521708140,2,9,0,7,0,2,0,0,1,10,3,1,6,2,36,7,1590,1,14,5,1,5
2017521708152,1,9,0,9,0,1,0,0,0,0,4,1,6,2,21,5,998,1,6,6,2,6
2017521708152,2,9,0,18,0,1,0,0,0,0,1,1,6,1,78,11,1998,1,10,9,1,9
2017521708167,1,9,0,10,0,8,0,0,0,0,3,1,1,1,36,7,1686,2,11,1,1,1
2017521708167,2,9,0,7,0,8,0,0,0,0,3,1,1,3,-1,-1,-1,-1,-1,-1,-1,-1
2017521708169,1,9,0,3,0,4,0,0,0,0,2,1,6,1,53,8,1560,2,8,5,1,5
2017521708169,2,9,0,18,0,1,0,0,0,0,1,1,6,1,46,8,1896,2,14,9,1,9
2017521708170,1,9,0,18,0,8,0,0,0,0,1,1,1,2,30,6,1499,1,3,9,2,9
2017521708170,2,1,0,18,0,8,0,0,0,0,1,1,6,1,18,4,-1,-1,-1,10,1,10
2017521708172,1,9,0,18,0,0,0,0,0,0,4,1,1,2,28,6,1399,1,6,6,1,6
2017521708176,1,9,0,4,0,8,0,0,0,0,2,1,6,2,26,6,998,1,1,10,1,10
2017521708176,2,5,0,5,0,8,0,0,0,0,1,1,6,1,58,9,1300,1,12,10,1,10