Accident_Index,Vehicle_Reference,Vehicle_Type,Towing_and_Articulation,Vehicle_Manoeuvre,Vehicle_Location-Restricted_Lane,Junction_Location,Skidding_and_Overturning,Hit_Object_in_Carriageway,Vehicle_Leaving_Carriageway,Hit_Object_off_Carriageway,1st_Point_of_Impact,Was_Vehicle_Left_Hand_Drive?,Journey_Purpose_of_Driver,Sex_of_Driver,Age_of_Driver,Age_Band_of_Driver,Engine_Capacity_(CC),Propulsion_Code,Age_of_Vehicle,Driver_IMD_Decile,Driver_Home_Area_Type,Vehicle_IMD_Decile
2017521800191,1,9,0,18,0,0,0,0,1,7,1,1,6,1,47,8,1998,2,10,-1,-1,-1
2017521800194,1,8,0,1,0,0,0,0,0,0,2,1,6,1,41,7,-1,-1,-1,8,1,8
2017521800199,1,9,0,18,0,0,0,0,0,0,1,1,1,1,21,5,1596,1,8,9,1,9
2017521800199,2,9,0,18,0,0,0,0,0,0,1,1,6,2,46,8,1598,2,2,8,2,8
2017521800199,3,9,0,18,0,0,0,0,0,0,1,1,6,2,54,8,1242,1,-1,7,3,7
2017521800205,1,9,0,18,0,0,0,0,0,0,3,1,6,1,44,7,1995,1,7,1,1,1
2017521800207,1,9,0,10,0,6,0,0,0,0,3,1,6,1,55,8,-1,-1,-1,10,3,10
2017521800207,2,9,0,18,0,1,0,0,1,3,1,1,6,2,35,6,1968,2,5,9,1,9
2017521800208,1,9,0,18,0,1,0,0,0,0,1,1,6,2,30,6,1598,2,3,8,3,8
2017521800208,2,1,0,5,0,6,0,0,0,0,3,1,6,2,11,3,-1,-1,-1,7,3,7
2017521800212,1,9,0,18,0,8,0,0,0,0,3,1,1,2,42,7,1124,1,17,5,1,5
2017521800212,2,9,0,18,0,8,0,0,0,0,1,1,1,1,48,8,1248,2,9,-1,1,-1
2017521800213,1,9,0,18,0,8,0,0,0,0,3,1,1,1,32,6,1398,1,17,5,1,5
2017521800213,2,9,0,18,0,8,0,0,0,0,1,1,1,3,-1,-1,-1,-1,-1,-1,-1,-1
2017521800214,1,9,0,9,0,8,0,0,0,0,3,1,1,1,44,7,-1,-1,-1,8,2,8
2017521800214,2,9,0,9,0,8,0,0,0,0,3,1,1,1,27,6,1968,2,2,9,2,9
2017521800216,1,9,0,9,0,8,0,0,0,0,1,1,6,2,35,6,998,1,5,10,1,10
2017521800216,2,1,0,18,0,8,0,0,0,0,3,1,6,2,32,6,-1,-1,-1,2,1,2
2017521800220,1,9,0,18,0,0,0,4,0,0,2,1,6,2,25,5,1984,1,17,3,1,3
2017521800220,2,9,0,2,0,0,0,0,0,0,2,1,6,3,-1,-1,1800,1,18,-1,-1,-1
2017521800220,3,9,0,2,0,0,0,0,0,0,1,1,6,3,-1,-1,1242,1,8,-1,-1,-1
2017521800224,1,9,0,4,0,1,0,0,0,0,2,1,6,1,32,6,-1,-1,-1,9,2,9
2017521800224,2,9,0,18,0,1,0,0,0,0,1,1,6,1,23,5,1198,1,13,7,1,7
2017521800224,3,21,0,4,0,1,1,0,1,4,1,1,6,1,40,7,10837,2,4,10,1,10
2017521800225,1,9,0,18,0,0,0,0,0,0,1,1,6,1,60,9,1339,1,5,10,1,10
2017521800225,2,1,0,18,0,0,0,0,0,0,2,1,6,1,20,4,-1,-1,-1,4,1,4
2017521800239,1,9,0,18,0,0,0,0,0,0,4,1,6,1,46,8,2993,2,4,8,3,8
2017521800242,1,2,0,18,0,0,0,10,1,10,4,1,6,1,29,6,124,1,-1,2,1,2
2017521800243,1,9,0,7,0,8,0,0,0,0,4,1,1,2,32,6,1461,2,1,7,1,7
2017521800243,2,1,0,18,9,8,0,0,0,0,1,1,1,1,28,6,-1,-1,-1,4,1,4
2017521800244,1,9,0,9,0,8,0,0,0,10,3,1,1,1,49,8,1796,1,3,5,1,5
2017521800245,1,9,0,9,0,8,0,0,0,0,3,1,1,1,52,8,-1,-1,-1,7,2,7
2017521800245,2,1,0,18,0,1,0,0,0,0,1,1,1,1,33,6,-1,-1,-1,8,3,8
2017521800251,1,9,0,18,0,1,0,0,7,4,3,1,6,2,23,5,1560,2,8,1,1,1
2017521800251,2,9,0,9,0,6,0,0,0,0,4,1,6,2,70,10,1086,1,11,8,1,8
2017521800253,1,19,0,18,0,1,0,0,0,0,3,1,6,1,34,6,1968,2,-1,8,1,8
2017521800253,2,3,0,18,0,6,0,0,0,0,1,1,6,1,16,4,-1,-1,-1,9,2,9
2017521800254,1,9,0,18,0,0,0,0,0,0,1,1,6,2,24,5,1995,2,5,4,1,4
2017521800254,2,9,0,2,0,0,0,0,0,0,1,1,6,3,-1,-1,1339,1,13,-1,-1,-1
2017521800254,3,1,0,18,0,0,0,0,0,0,3,1,6,1,11,3,-1,-1,-1,4,1,4
2017521800256,1,9,0,18,0,0,0,0,0,0,1,1,6,2,60,9,1560,2,5,4,1,4
2017521800256,2,9,0,18,0,0,0,0,0,0,1,1,6,1,21,5,1390,1,19,4,1,4
2017521800263,1,9,0,1,0,1,0,0,0,0,2,1,6,1,52,8,-1,-1,-1,4,1,4
2017521800265,1,9,0,18,0,1,0,0,0,0,1,1,6,3,-1,-1,1598,1,14,6,3,6
2017521800265,2,9,0,3,0,1,0,0,0,0,2,1,6,1,27,6,1997,2,1,10,1,10
2017521800265,3,9,0,2,0,8,0,0,0,0,2,1,6,3,-1,-1,996,1,4,-1,-1,-1
2017521800265,4,9,0,2,0,8,0,0,0,0,2,1,6,3,-1,-1,1998,1,16,-1,-1,-1
2017521800266,1,9,0,7,0,8,0,0,0,0,4,1,6,1,31,6,1598,1,10,2,1,2
2017521800266,2,1,0,18,0,1,0,0,0,0,1,1,6,1,18,4,-1,-1,-1,4,1,4
2017521800268,1,9,0,18,0,6,0,0,0,0,1,1,6,2,63,9,998,1,2,9,1,9
2017521800268,2,1,0,18,0,8,0,0,0,0,2,1,6,1,16,4,-1,-1,-1,3,1,3
2017521800275,1,9,0,4,0,1,0,0,0,0,4,1,1,2,41,7,1686,2,3,6,1,6
2017521800275,2,1,0,18,4,1,0,8,0,0,3,1,6,2,54,8,-1,-1,-1,6,1,6
2017521800283,1,19,0,18,0,0,0,0,0,0,1,1,6,1,21,5,1560,2,3,9,1,9
2017521800283,2,9,0,3,0,0,0,0,0,0,2,1,6,2,21,5,-1,-1,-1,9,1,9
2017521800283,3,9,0,10,0,0,0,0,0,0,2,1,6,1,55,8,-1,-1,-1,5,3,5
2017521800284,1,9,0,12,0,0,0,0,0,0,3,1,6,1,48,8,-1,-1,-1,4,1,4
2017521800284,2,20,1,18,0,0,0,0,0,0,1,1,1,1,43,7,-1,-1,-1,10,1,10
2017521800286,1,9,0,9,0,6,0,0,0,0,4,1,6,2,43,7,-1,-1,-1,2,1,2
2017521800286,2,1,0,18,0,1,0,0,0,0,1,1,6,1,50,8,-1,-1,-1,1,1,1
2017521800292,1,5,0,18,0,1,0,0,0,0,1,1,6,1,62,9,1130,1,16,3,1,3
2017521800292,2,19,0,9,0,8,0,0,0,0,4,1,6,1,60,9,1461,2,12,9,3,9
2017521800299,1,9,0,18,0,0,0,0,0,0,1,1,6,2,63,9,1596,1,14,8,1,8
2017521800299,2,9,0,4,0,0,0,0,0,0,2,1,6,1,72,10,2179,2,3,-1,-1,-1
2017521800299,3,9,0,3,0,0,0,0,0,0,2,1,6,1,46,8,-1,-1,-1,8,1,8
2017521800301,1,3,0,11,0,3,0,0,0,0,4,1,6,1,19,4,124,1,4,8,1,8
2017521800301,2,9,0,18,0,3,0,0,0,0,3,1,6,1,56,9,1994,1,18,1,1,1
2017521800318,1,9,0,18,0,0,0,0,0,0,1,1,1,3,22,5,-1,-1,-1,-1,-1,-1
2017521800321,1,9,0,18,0,8,0,0,0,0,3,1,6,1,34,6,2993,2,5,10,1,10
2017521800321,2,9,0,11,0,3,0,0,0,0,4,1,6,1,62,9,1896,1,19,9,2,9
2017521800322,1,9,0,18,0,0,5,0,1,11,4,1,1,2,24,5,1490,1,10,2,1,2
2017521800333,1,9,0,18,0,8,0,0,0,0,3,1,1,2,29,6,-1,-1,-1,5,1,5
2017521800333,2,9,0,7,0,8,0,0,0,0,1,1,1,1,24,5,-1,-1,-1,6,1,6
2017521800345,1,9,0,18,0,1,0,0,0,0,1,1,6,1,40,7,1598,1,11,1,1,1
2017521800351,1,9,0,13,0,0,0,0,0,0,1,1,6,1,-1,-1,898,1,-1,-1,-1,-1
2017521800351,2,1,0,18,0,0,0,10,0,0,3,1,6,2,47,8,-1,-1,-1,6,1,6
2017521800354,1,9,0,18,0,1,0,0,0,0,4,1,1,2,18,4,-1,-1,-1,7,1,7
2017521800355,1,5,0,18,0,0,0,0,0,0,2,1,1,1,19,4,-1,-1,-1,5,1,5
2017521800355,2,9,0,13,0,0,0,0,0,0,4,1,1,3,26,6,-1,-1,-1,-1,-1,-1
2017521800360,1,9,0,7,0,5,0,0,0,0,1,1,6,2,53,8,1997,2,13,5,1,5
2017521800361,1,9,0,18,0,8,0,0,0,0,1,1,6,1,28,6,1968,2,2,-1,1,-1
2017521800361,2,9,0,18,0,8,0,0,0,0,1,1,6,1,46,8,1390,1,18,3,1,3
2017521800363,1,9,0,18,0,0,0,0,0,0,3,1,6,1,49,8,1995,2,4,-1,-1,-1
2017521800363,2,9,0,18,0,0,1,0,0,0,1,1,6,2,18,4,1299,1,12,6,1,6
2017521800368,1,3,0,18,0,0,0,0,0,0,1,1,6,1,18,4,125,1,-1,9,2,9
2017521800368,2,9,0,5,0,0,0,0,0,0,2,1,6,3,22,5,-1,-1,-1,9,2,9
2017521800370,1,5,0,18,0,1,0,0,0,0,1,1,6,1,60,9,1215,1,1,9,3,9
2017521800370,2,9,0,3,0,1,0,0,0,0,2,1,6,2,24,5,1332,1,8,8,1,8
2017521800371,1,9,0,18,0,8,0,0,0,0,1,1,6,1,19,4,-1,-1,-1,2,1,2
2017521800371,2,5,0,18,0,8,0,0,0,0,1,1,6,2,21,5,-1,-1,-1,8,1,8
2017521800373,1,21,0,4,0,0,0,0,0,0,2,1,6,1,33,6,-1,-1,-1,1,1,1
2017521800373,2,9,0,18,0,0,0,0,0,0,1,1,6,2,63,9,999,1,4,8,3,8
2017521800379,1,9,0,8,0,1,0,0,0,0,2,1,6,2,43,7,1197,1,4,10,1,10
2017521800379,2,9,0,8,0,1,0,0,0,0,1,1,6,1,27,6,1598,2,3,1,1,1
2017521800380,1,9,0,18,0,4,0,0,0,0,1,1,6,1,33,6,2231,2,9,8,1,8
2017521800380,2,9,0,3,0,8,0,0,0,0,2,1,6,2,22,5,1598,1,9,4,1,4
2017521800380,3,9,0,3,0,8,0,0,0,0,2,1,6,1,45,7,-1,-1,-1,6,1,6
2017521800391,1,9,0,18,0,1,1,0,0,0,1,1,1,1,39,7,-1,-1,-1,3,1,3
2017521800391,2,1,0,7,0,8,0,0,0,0,4,1,1,1,16,4,-1,-1,-1,-1,-1,-1
2017521800394,1,9,0,18,9,1,0,0,8,4,1,1,1,1,46,8,1149,1,16,2,1,2
2017521800396,1,9,0,18,0,0,0,0,0,0,1,1,6,1,21,5,1200,1,-1,5,1,5
2017521800397,1,9,0,18,0,0,0,0,0,0,1,1,6,1,38,7,1995,2,11,6,1,6
2017521800397,2,5,0,18,0,0,0,0,0,0,1,1,6,1,16,4,-1,-1,-1,4,1,4
2017521800399,1,21,0,18,0,3,0,0,0,0,1,1,6,1,31,6,12777,2,5,6,1,6
2017521800417,1,9,0,18,0,8,0,4,0,0,1,1,6,1,70,10,2685,2,13,1,1,1
2017521800417,2,9,0,2,0,8,0,0,0,0,1,1,6,3,-1,-1,1582,2,2,-1,-1,-1
2017521800420,1,9,0,9,0,8,0,0,0,0,1,1,6,1,30,6,1968,2,2,9,3,9
2017521800420,2,9,0,18,0,8,0,4,0,0,1,1,6,1,36,7,1197,1,-1,7,1,7
2017521800420,3,9,0,2,0,8,0,4,0,0,1,1,6,3,-1,-1,1968,2,6,-1,-1,-1
2017521800420,4,9,0,2,0,8,0,0,0,0,1,1,6,3,-1,-1,1246,1,12,-1,-1,-1
2017521800425,1,9,0,7,0,6,0,0,0,0,3,1,6,1,30,6,1200,1,-1,1,1,1
2017521800425,2,1,0,18,0,1,0,0,0,0,1,1,6,1,35,6,-1,-1,-1,4,1,4
2017521800427,1,9,0,18,0,0,0,8,1,11,4,1,6,2,37,7,3123,1,11,5,1,5
2017521800427,2,9,0,2,0,0,0,0,0,0,3,1,6,1,64,9,3724,1,14,9,1,9
2017521800427,3,9,0,2,0,0,0,0,0,0,2,1,6,3,-1,-1,1598,1,6,-1,-1,-1
2017521800437,1,9,0,18,0,0,0,0,1,11,1,1,6,2,66,10,2204,2,11,6,1,6
2017521800437,2,9,0,2,0,0,0,0,0,0,0,1,6,3,-1,-1,998,1,2,-1,-1,-1
2017521800454,1,9,0,7,0,1,0,0,0,0,4,1,6,1,38,7,1799,1,8,10,1,10
2017521800454,2,1,0,15,0,1,0,0,0,0,3,1,6,1,35,6,-1,-1,-1,5,1,5
2017521800455,1,9,0,5,0,4,0,0,0,0,3,1,6,2,49,8,1149,1,2,2,1,2
2017521800455,2,1,0,18,0,8,0,0,0,0,1,1,6,2,54,8,-1,-1,-1,10,1,10
2017521800459,1,9,0,12,2,8,0,0,0,0,1,1,6,1,58,9,2494,1,12,4,1,4
2017521800459,2,3,0,18,2,1,0,0,0,0,1,1,6,1,21,5,109,1,2,6,1,6
2017521800465,1,4,0,18,0,1,0,0,0,0,3,1,6,2,55,8,670,1,4,3,1,3
2017521800465,2,19,0,11,0,1,0,0,0,0,4,1,6,1,52,8,2402,2,7,2,1,2
2017521800469,1,9,0,18,0,0,0,0,0,0,3,1,1,2,81,11,1242,1,9,5,1,5
2017521800469,2,9,0,2,0,0,0,0,0,0,4,1,1,1,75,10,1598,1,9,10,1,10
2017521800471,1,9,0,18,0,0,0,0,0,0,4,1,6,3,-1,-1,-1,-1,-1,-1,-1,-1
2017521800471,2,1,0,18,0,0,0,0,0,0,2,1,1,1,25,5,-1,-1,-1,-1,-1,-1
2017521800472,1,9,0,7,0,6,0,0,0,0,3,1,6,2,58,9,-1,-1,-1,2,1,2
2017521800472,2,9,0,18,0,1,0,0,0,0,1,1,6,1,39,7,2231,2,9,1,1,1
2017521800473,1,9,0,18,0,8,0,0,0,0,1,1,1,1,42,7,1591,1,4,5,1,5
2017521800473,2,1,0,18,0,8,0,0,0,0,1,1,1,1,28,6,-1,-1,-1,4,1,4
2017521800474,1,21,1,13,0,0,0,0,0,0,4,1,1,2,55,8,12902,2,-1,5,3,5
2017521800474,2,9,0,18,0,0,0,0,0,0,3,1,6,2,41,7,1968,2,13,7,1,7
2017521800476,1,2,0,16,0,1,0,0,0,0,1,1,6,2,25,5,-1,-1,-1,5,1,5
2017521800478,1,9,0,9,0,5,0,0,0,0,0,1,6,2,22,5,1399,2,6,2,1,2
2017521800479,1,9,0,14,0,8,0,0,0,0,1,1,1,1,27,6,-1,-1,-1,-1,1,-1
2017521800479,2,9,0,7,0,8,0,0,0,0,3,1,1,2,30,6,1395,1,1,6,1,6
2017521800480,1,9,0,18,0,2,0,0,0,0,1,1,6,1,46,8,1598,1,11,2,1,2
2017521800485,1,9,0,9,0,6,0,0,0,0,3,1,6,1,39,7,1951,2,17,10,1,10
2017521800485,2,9,0,18,0,8,0,0,0,0,4,1,6,2,57,9,1968,2,-1,5,1,5
2017521800486,1,1,0,18,0,1,0,0,0,0,1,1,1,1,25,5,-1,-1,-1,2,1,2
2017521800486,2,9,0,9,0,1,0,0,0,0,2,1,1,2,21,5,1199,1,17,7,3,7
2017521800488,1,9,0,18,0,0,0,0,0,0,1,1,1,1,86,11,1199,1,15,10,1,10
2017521800488,2,9,0,4,0,0,0,0,0,0,2,1,1,2,46,8,-1,-1,-1,4,1,4
2017521800488,3,9,0,2,0,0,0,0,0,0,2,1,6,2,55,8,1339,1,5,8,1,8
2017521800490,1,9,0,2,0,0,0,0,0,0,4,1,6,3,-1,-1,1968,2,5,-1,-1,-1
2017521800490,2,1,0,18,9,0,0,4,0,0,1,1,6,1,15,3,-1,-1,-1,3,1,3
2017521800515,1,9,0,18,0,0,0,0,0,0,1,1,6,2,24,5,1390,1,7,7,1,7
2017521800515,2,1,0,18,0,0,0,0,0,0,1,1,6,1,14,3,-1,-1,-1,2,1,2
2017521800521,1,9,0,16,0,8,0,0,0,0,1,1,6,2,23,5,1195,1,19,4,1,4
2017521800521,2,9,0,6,0,8,0,0,0,0,4,1,6,3,-1,-1,1395,1,-1,-1,-1,-1
2017521800521,3,9,0,2,0,2,0,0,0,0,0,1,6,3,-1,-1,-1,-1,-1,-1,-1,-1
2017521800530,1,9,0,3,0,0,0,0,0,0,4,1,6,2,43,7,1799,1,10,5,1,5
2017521800542,1,9,0,9,0,1,0,0,0,0,3,1,6,1,28,6,898,1,1,5,1,5
2017521800542,2,9,0,14,0,1,0,0,0,0,4,1,6,1,25,5,-1,-1,-1,3,1,3
2017521800543,1,9,0,18,0,0,0,0,0,0,1,1,6,3,-1,-1,-1,-1,-1,-1,-1,-1
2017521800546,1,9,0,13,0,0,0,0,0,0,1,1,1,1,21,5,1910,2,12,-1,-1,-1
2017521800546,2,9,0,18,0,0,0,0,0,0,1,1,6,1,35,6,1796,1,10,3,1,3
2017521800546,3,9,0,18,0,0,0,0,0,0,3,1,6,2,49,8,1587,1,14,3,1,3
2017521800549,1,9,0,18,0,1,0,0,0,0,1,1,6,1,47,8,1686,2,11,1,1,1
2017521800549,2,9,0,4,0,1,0,0,0,0,1,1,1,2,23,5,1240,1,14,-1,2,-1
2017521800549,3,9,0,4,0,1,0,0,0,0,2,1,6,2,33,6,1995,2,11,1,1,1
2017521800551,1,9,0,18,0,8,0,0,0,0,4,1,6,1,46,8,-1,-1,-1,3,1,3
2017521800551,2,9,0,7,0,6,0,0,0,0,1,1,6,1,29,6,1149,1,7,9,1,9
2017521800554,1,9,0,18,0,0,0,0,0,0,3,1,6,1,69,10,1968,2,-1,10,1,10
2017521800554,2,9,0,2,0,0,0,0,0,0,2,1,1,2,17,4,998,1,8,10,1,10
2017521800554,3,9,0,2,0,0,0,0,0,0,2,1,6,2,18,4,1198,1,9,8,1,8
2017521800555,1,9,0,12,0,1,0,0,0,0,2,1,1,2,38,7,998,1,3,-1,-1,-1
2017521800555,2,9,0,4,0,1,0,0,0,0,2,1,1,2,55,8,1896,2,14,9,1,9
2017521800555,3,9,0,18,0,1,0,0,0,0,1,1,6,1,27,6,998,1,8,7,3,7
2017521800561,1,9,0,18,0,0,0,0,0,0,1,1,6,2,35,6,1997,2,15,8,1,8
2017521800561,2,9,0,3,0,0,0,0,0,0,2,1,6,1,29,6,-1,-1,-1,8,1,8
2017521800571,1,21,1,4,0,0,0,0,0,0,1,1,1,1,60,9,12419,2,8,5,1,5
2017521800571,2,9,0,11,0,0,0,0,0,0,2,1,6,2,41,7,1349,1,9,1,1,1
2017521800582,1,9,0,4,0,0,0,0,0,0,2,1,6,2,25,5,1398,1,2,10,1,10
2017521800582,2,9,0,4,0,0,0,0,0,0,2,1,6,1,25,5,1995,1,8,3,1,3
2017521800582,3,9,0,18,0,0,0,0,0,0,1,1,6,2,31,6,2143,2,1,2,1,2
2017521800585,1,9,0,4,0,0,0,0,1,10,2,1,6,2,21,5,1242,1,6,6,1,6
2017521800585,2,9,0,18,0,0,0,0,0,0,1,1,6,1,24,5,1560,2,7,4,1,4
2017521800586,1,9,0,4,0,0,0,0,0,0,1,1,6,1,52,8,1399,1,-1,1,1,1
2017521800586,2,9,0,4,0,0,0,0,0,0,2,1,6,1,55,8,1999,1,9,1,1,1
2017521800586,3,9,0,4,0,0,0,0,0,0,1,1,6,1,24,5,1560,2,5,7,3,7
2017521800586,4,9,0,4,0,0,0,0,0,0,2,1,6,1,23,5,1598,2,1,9,3,9
2017521800586,5,9,0,4,0,0,0,0,0,0,2,1,6,2,57,9,898,1,2,7,1,7
2017521800589,1,9,0,18,0,8,0,0,0,0,1,1,6,1,30,6,-1,-1,-1,2,1,2
2017521800589,2,1,0,18,0,8,0,0,0,0,2,1,6,2,37,7,-1,-1,-1,1,1,1
2017521800593,1,9,0,9,0,8,0,0,0,0,1,1,6,1,48,8,1995,2,2,10,1,10
2017521800593,2,9,0,18,0,8,0,0,0,0,1,1,6,1,28,6,1595,1,9,4,1,4
2017521800604,1,9,0,9,0,8,0,0,0,0,1,1,6,1,17,4,1995,2,1,-1,-1,-1
2017521800604,2,1,0,18,0,1,0,0,0,0,4,1,6,1,36,7,-1,-1,-1,-1,-1,-1
2017521800605,1,9,0,16,0,0,0,0,3,9,1,1,6,2,24,5,1388,1,9,7,1,7
2017521800607,1,9,0,7,0,8,0,0,0,0,1,1,6,1,37,7,1596,1,14,-1,-1,-1
2017521800607,2,1,0,18,0,1,0,0,0,0,2,1,6,1,39,7,-1,-1,-1,8,1,8
2017521800608,1,3,0,18,0,0,0,0,0,0,0,1,6,1,54,8,125,1,1,9,2,9
2017521800608,2,19,0,14,0,0,0,0,0,0,0,1,6,1,61,9,1997,2,13,4,1,4
2017521800611,1,9,0,18,0,4,0,0,0,0,1,1,6,1,52,8,1798,8,2,9,1,9
2017521800611,2,1,0,18,0,8,0,0,0,0,4,1,6,2,24,5,-1,-1,-1,5,1,5
2017521800614,1,9,0,4,0,3,0,0,0,0,1,1,1,2,31,6,1997,2,10,7,1,7
2017521800614,2,9,0,18,0,3,0,0,0,0,2,1,1,1,46,8,2191,2,4,5,1,5
2017521800614,3,9,0,18,0,2,0,0,0,0,2,1,1,3,26,6,-1,-1,-1,-1,-1,-1
2017521800615,1,9,0,6,0,0,0,0,0,0,3,1,1,1,65,9,3123,1,12,1,1,1
2017521800615,2,9,0,18,0,0,0,0,0,0,2,1,1,2,34,6,1995,2,11,3,1,3
2017521800615,3,9,0,18,0,0,0,0,0,0,1,1,1,2,38,7,1240,1,14,3,1,3
2017521800616,1,9,0,9,0,8,0,0,0,0,1,1,1,2,22,5,-1,-1,-1,9,1,9
2017521800616,2,1,0,18,0,8,0,0,0,0,1,1,1,2,27,6,-1,-1,-1,2,1,2
2017521800620,1,9,0,18,0,0,0,0,0,0,1,1,6,1,34,6,-1,-1,-1,2,1,2
2017521800620,2,9,0,3,0,0,0,0,0,0,2,1,6,1,40,7,-1,-1,-1,8,1,8
2017521800627,1,11,0,18,0,4,0,0,0,0,3,1,1,1,29,6,9360,2,9,7,1,7
2017521800627,2,9,0,18,0,8,0,0,0,0,1,1,6,1,32,6,1794,1,12,10,1,10
2017521800628,1,9,0,18,0,0,0,0,0,0,1,1,6,1,50,8,1968,2,5,4,1,4
2017521800628,2,9,0,18,0,0,0,0,0,0,3,1,6,1,59,9,-1,-1,-1,5,1,5
2017521800628,3,9,0,18,0,0,0,0,0,0,1,1,6,1,52,8,1997,2,10,9,3,9
2017521800636,1,9,0,18,0,4,0,0,0,0,3,1,6,1,28,6,1798,1,12,10,1,10
2017521800636,2,9,0,9,0,8,0,0,0,0,4,1,6,2,17,4,-1,-1,-1,9,1,9
2017521800637,1,9,0,3,0,0,0,0,0,0,2,1,6,1,26,6,1422,2,10,6,1,6
2017521800637,2,9,0,3,0,0,0,0,0,0,2,1,6,1,43,7,1749,1,13,10,3,10
2017521800637,3,19,0,18,0,0,0,0,0,0,1,1,6,1,53,8,-1,-1,-1,7,3,7
2017521800638,1,9,0,5,0,6,0,0,0,0,1,1,6,2,49,8,647,8,-1,7,3,7
2017521800638,2,9,0,18,0,1,0,0,0,0,1,1,6,1,38,7,1968,2,8,6,1,6
2017521800640,1,9,0,1,0,2,0,0,0,0,2,1,1,1,62,9,1968,2,7,-1,-1,-1
2017521800649,1,9,0,14,0,1,0,0,0,0,1,1,6,1,83,11,1339,1,8,9,1,9
2017521800649,2,9,0,2,0,1,0,0,0,0,2,1,6,3,-1,-1,1896,2,8,-1,-1,-1
2017521800649,3,9,0,18,0,1,0,0,0,0,1,1,6,2,43,7,-1,-1,-1,8,2,8
2017521800654,1,9,0,18,0,0,0,0,5,6,1,1,6,1,38,7,1798,1,1,4,1,4
2017521800654,2,19,0,18,0,0,0,0,0,0,4,1,6,1,59,9,6700,2,1,-1,1,-1
2017521800657,1,9,0,13,0,1,0,0,0,0,1,1,6,3,-1,-1,1527,2,22,-1,-1,-1
2017521800657,2,9,0,18,0,1,0,0,0,0,3,1,6,2,27,6,1124,1,12,4,1,4
2017521800657,3,9,0,18,0,2,0,0,0,0,1,1,6,2,66,10,1124,1,10,4,1,4
2017521800664,1,9,0,18,0,0,0,0,0,0,3,1,6,2,36,7,1560,2,4,8,1,8
2017521800667,1,9,0,9,0,5,0,0,0,0,1,1,6,1,24,5,1339,1,7,4,1,4
2017521800668,1,8,0,5,0,8,0,0,0,0,3,1,1,1,51,8,-1,-1,-1,4,1,4
2017521800671,1,9,0,9,0,6,0,0,0,0,3,1,6,1,36,7,-1,-1,-1,7,1,7
2017521800671,2,9,0,18,0,1,0,0,0,0,1,1,6,1,61,9,1796,1,16,7,1,7
2017521800673,1,9,0,6,0,0,0,0,0,0,3,1,6,1,29,6,1850,1,15,9,2,9
2017521800673,2,4,0,14,0,0,0,0,0,0,1,1,6,1,29,6,600,1,17,3,1,3
2017521800675,1,9,0,2,0,0,0,0,0,0,3,1,6,1,27,6,1956,2,-1,4,1,4
2017521800675,2,1,0,18,0,0,0,8,0,0,1,1,6,2,33,6,-1,-1,-1,7,1,7
2017521800680,1,9,0,18,0,0,1,0,1,10,4,1,6,1,59,9,-1,-1,-1,8,1,8
2017521800682,1,1,0,18,0,0,0,0,0,0,0,1,6,2,26,6,-1,-1,-1,3,1,3
2017521800682,2,2,0,4,0,0,0,0,0,0,0,1,6,1,36,7,124,1,18,-1,-1,-1
2017521800698,1,9,0,9,0,8,0,0,0,0,4,1,6,1,79,11,2987,2,10,8,1,8
2017521800698,2,9,0,10,0,8,0,0,0,0,4,1,1,1,50,8,-1,-1,-1,1,1,1
2017521800701,1,19,0,13,0,0,0,0,0,0,1,1,6,1,36,7,2143,2,4,4,1,4
2017521800701,2,21,0,18,0,0,0,0,0,0,2,1,6,1,51,8,-1,-1,-1,8,1,8
2017521800702,1,9,0,18,0,0,0,0,0,0,1,1,6,2,19,4,-1,-1,-1,5,2,5
2017521800705,1,9,0,18,0,8,0,0,0,0,3,1,6,2,31,6,2996,1,5,6,2,6
2017521800705,2,9,0,18,0,8,0,0,0,0,1,1,6,1,42,7,1798,8,4,3,1,3
2017521800706,1,9,0,18,0,8,0,0,0,0,1,1,6,1,57,9,1956,2,5,7,1,7
2017521800706,2,1,0,18,0,8,0,0,0,0,2,1,6,1,64,9,-1,-1,-1,10,1,10
2017521800710,1,9,0,18,0,6,0,0,7,10,1,1,6,2,38,7,1598,1,6,3,1,3
2017521800710,2,9,0,18,0,8,0,0,1,0,4,1,6,2,26,6,2143,2,-1,7,3,7
2017521800720,1,9,0,18,0,2,0,0,0,0,2,1,6,1,29,6,1995,1,14,1,1,1
2017521800720,2,9,0,3,0,2,0,0,0,0,1,1,6,1,52,8,1560,2,4,3,1,3
2017521800722,1,9,0,18,0,0,0,0,0,0,1,1,6,1,36,7,-1,-1,-1,-1,-1,-1
2017521800731,1,9,0,18,0,0,0,0,0,0,1,1,6,1,25,5,-1,-1,-1,4,1,4
2017521800731,2,21,1,18,0,0,0,0,0,0,2,1,1,1,35,6,12740,2,5,7,3,7
2017521800754,1,9,0,18,0,2,0,0,0,0,1,1,6,1,21,5,1896,2,14,2,1,2
2017521800754,2,9,0,4,0,2,0,0,0,0,2,1,6,1,52,8,2902,2,13,1,1,1
2017521800760,1,9,0,5,0,8,0,0,0,0,1,1,6,2,28,6,-1,-1,-1,7,1,7
2017521800760,2,1,0,7,0,8,0,0,0,0,1,1,1,1,21,5,-1,-1,-1,7,1,7