Accident_Index,Vehicle_Reference,Vehicle_Type,Towing_and_Articulation,Vehicle_Manoeuvre,Vehicle_Location-Restricted_Lane,Junction_Location,Skidding_and_Overturning,Hit_Object_in_Carriageway,Vehicle_Leaving_Carriageway,Hit_Object_off_Carriageway,1st_Point_of_Impact,Was_Vehicle_Left_Hand_Drive?,Journey_Purpose_of_Driver,Sex_of_Driver,Age_of_Driver,Age_Band_of_Driver,Engine_Capacity_(CC),Propulsion_Code,Age_of_Vehicle,Driver_IMD_Decile,Driver_Home_Area_Type,Vehicle_IMD_Decile
2017521800762,1,9,0,18,0,0,0,0,0,0,3,1,6,2,27,6,1390,1,10,2,1,2
2017521800770,1,1,0,18,0,8,0,0,1,0,1,1,1,2,39,7,-1,-1,-1,4,1,4
2017521800770,2,9,0,18,0,8,0,0,0,0,1,1,1,2,55,8,1560,2,10,2,1,2
2017521800780,1,9,0,18,0,8,0,0,0,0,1,1,6,1,22,5,1796,1,9,10,1,10
2017521800780,2,1,0,18,0,8,0,0,0,0,1,1,6,1,20,4,-1,-1,-1,6,1,6
2017521800782,1,9,0,5,0,4,0,0,0,0,3,1,6,1,37,7,999,1,6,8,1,8
2017521800782,2,1,0,17,0,8,0,0,0,0,1,1,6,1,33,6,-1,-1,-1,3,1,3
2017521800792,1,9,0,18,0,0,0,0,0,0,1,1,6,2,49,8,1390,1,12,8,2,8
2017521800792,2,9,0,18,0,0,0,0,0,0,1,1,6,1,34,6,-1,-1,-1,4,1,4
2017521800801,1,9,0,9,0,8,0,0,0,0,3,1,6,1,40,7,1200,1,-1,7,1,7
2017521800801,2,5,0,13,0,1,0,0,0,0,1,1,6,1,28,6,599,1,17,1,1,1
2017521800806,1,9,0,18,0,0,0,0,0,0,1,1,6,2,40,7,1339,1,5,7,1,7
2017521800807,1,9,0,10,0,8,0,0,0,0,0,1,6,1,27,6,2204,2,10,10,1,10
2017521800807,2,3,0,4,0,1,1,0,0,0,0,1,6,1,26,6,125,1,2,2,1,2
2017521800812,1,1,0,18,0,0,0,0,0,0,2,1,6,1,46,8,-1,-1,-1,9,1,9
2017521800812,2,9,0,18,0,0,0,0,0,0,1,1,6,3,-1,-1,-1,-1,-1,-1,-1,-1
2017521800814,1,9,0,18,0,0,0,4,7,0,1,1,6,1,82,11,1198,1,5,7,3,7
2017521800814,2,9,0,2,0,0,0,0,0,0,1,1,6,3,-1,-1,-1,-1,-1,-1,-1,-1
2017521800823,1,3,0,18,0,1,0,0,0,0,1,1,6,1,18,4,124,1,-1,6,1,6
2017521800823,2,9,0,9,0,5,0,0,0,0,2,1,6,2,42,7,1299,1,12,5,1,5
2017521800846,1,9,0,18,0,8,0,0,0,0,1,1,1,1,22,5,-1,-1,-1,6,1,6
2017521800846,2,9,0,18,0,4,0,0,0,0,1,1,6,1,79,11,1998,1,16,5,1,5
2017521800847,1,5,0,18,0,1,0,0,0,0,1,1,6,2,42,7,645,1,3,8,1,8
2017521800847,2,9,0,6,0,1,0,0,0,0,3,1,6,1,33,6,1796,1,10,7,1,7
2017521800856,1,5,0,13,0,0,0,7,0,0,1,1,6,1,52,8,598,1,20,9,1,9
2017521800865,1,9,0,4,0,1,0,0,0,0,2,1,6,2,55,8,1364,1,6,9,1,9
2017521800865,2,9,0,18,0,1,1,0,0,0,1,1,6,1,33,6,-1,-1,-1,4,1,4
2017521800866,1,1,0,18,0,0,0,0,0,0,2,1,6,1,38,7,-1,-1,-1,3,1,3
2017521800866,2,9,0,18,0,0,0,0,0,0,1,1,6,3,-1,-1,-1,-1,-1,-1,-1,-1
2017521800871,1,9,0,4,0,0,0,0,0,0,2,1,6,1,49,8,-1,-1,-1,10,1,10
2017521800871,2,9,0,18,0,0,0,0,0,0,1,1,6,1,50,8,-1,-1,-1,1,1,1
2017521800875,1,9,0,7,0,8,0,0,0,0,2,1,6,2,47,8,4367,2,3,10,1,10
2017521800875,2,9,0,18,0,8,0,0,0,0,1,1,6,2,47,8,-1,-1,-1,8,1,8
2017521800889,1,9,0,18,0,0,0,7,0,0,3,1,6,2,73,10,1560,2,7,8,1,8
2017521800889,2,9,0,2,0,0,0,0,0,0,3,1,6,1,28,6,-1,-1,-1,1,1,1
2017521800889,3,9,0,2,0,0,0,0,0,0,3,1,6,1,24,5,1299,1,9,3,1,3
2017521800889,4,9,0,2,0,0,0,0,0,0,3,1,6,1,50,8,2979,1,16,3,1,3
2017521800891,1,9,0,4,0,0,0,0,0,0,1,1,6,2,46,8,1242,1,9,10,1,10
2017521800894,1,9,0,18,0,0,0,0,0,0,3,1,6,1,67,10,2926,2,12,7,2,7
2017521800894,2,17,0,18,0,0,0,0,0,0,3,1,6,1,20,4,-1,-1,-1,7,3,7
2017521800895,1,20,0,1,0,5,0,0,0,0,3,1,1,1,44,7,6700,2,3,3,1,3
2017521800895,2,2,0,13,0,1,0,0,0,0,3,1,6,1,60,9,49,1,1,2,1,2
2017521800895,3,9,0,3,0,1,0,0,0,0,3,1,6,2,36,7,1149,1,14,8,1,8
2017521800897,1,9,0,18,0,0,5,0,0,0,1,1,6,1,26,6,1598,1,17,5,1,5
2017521800905,1,9,0,18,0,0,0,0,7,10,3,1,6,1,53,8,1461,2,-1,1,1,1
2017521800905,2,9,0,2,0,0,0,0,0,0,4,1,6,3,-1,-1,2198,2,11,-1,-1,-1
2017521800905,3,9,0,2,0,0,0,0,0,0,2,1,6,3,-1,-1,3000,2,8,-1,-1,-1
2017521800934,1,9,0,18,0,0,0,0,0,0,1,1,6,1,49,8,2000,2,12,-1,1,-1
2017521800934,2,9,0,18,0,0,0,0,0,0,2,1,6,1,56,9,-1,-1,-1,9,2,9
2017521800934,3,9,0,18,0,0,0,0,0,0,1,1,6,1,26,6,2993,2,9,9,2,9
2017521800934,4,9,0,18,0,0,0,0,0,0,2,1,6,1,54,8,1997,2,1,-1,-1,-1
2017521800937,1,9,0,18,0,1,0,0,7,1,1,1,6,1,71,10,1339,8,5,6,1,6
2017521800937,2,9,0,18,0,2,0,0,0,0,1,1,6,1,34,6,1995,2,10,8,1,8
2017521800942,1,9,0,4,0,1,0,0,0,0,2,1,1,2,37,7,1753,2,10,5,1,5
2017521800942,2,9,0,13,0,1,0,0,0,0,1,1,6,3,-1,-1,995,1,12,-1,-1,-1
2017521800947,1,9,0,18,0,0,0,0,0,0,1,1,6,1,31,6,1794,1,13,-1,2,-1
2017521800947,2,9,0,18,0,0,0,0,0,0,2,1,6,2,45,7,1753,2,7,4,1,4
2017521800947,3,9,0,18,0,0,0,0,0,0,1,1,6,1,41,7,1896,2,15,9,1,9
2017521800947,4,9,0,18,0,0,0,0,0,0,1,1,6,1,77,11,1497,8,9,8,3,8
2017521800951,1,9,0,18,0,8,0,0,0,0,1,1,6,1,61,9,1461,2,7,8,1,8
2017521800951,2,9,0,9,0,8,0,0,0,0,1,1,6,1,55,8,1461,2,-1,8,1,8
2017521800952,1,9,0,18,0,0,0,0,0,0,1,1,6,3,-1,-1,-1,-1,-1,-1,-1,-1
2017521800953,1,9,0,18,0,1,0,0,0,0,1,1,6,2,35,6,1956,2,7,2,1,2
2017521800955,1,9,0,9,0,5,0,0,0,0,1,1,6,1,34,6,1598,2,5,1,1,1
2017521800957,1,9,0,18,0,1,0,0,0,0,1,1,6,1,73,10,2477,2,14,2,1,2
2017521800963,1,9,0,18,0,1,5,0,0,11,1,1,6,2,41,7,1461,2,1,3,1,3
2017521800980,1,9,0,3,0,0,0,0,0,0,2,1,6,1,28,6,2996,1,10,10,1,10
2017521800980,2,9,0,18,0,0,0,0,0,0,1,1,6,2,18,4,998,1,11,10,1,10
2017521800980,3,9,0,18,0,0,0,0,0,0,1,1,6,1,19,4,1149,1,14,10,1,10
2017521800981,1,9,0,18,0,0,0,0,0,0,1,1,6,1,32,6,2993,2,1,7,3,7
2017521800981,2,9,0,3,0,0,0,0,0,0,2,1,6,1,41,7,1598,1,15,1,1,1
2017521800981,3,9,0,3,0,0,0,0,0,0,2,1,6,1,37,7,1797,8,5,3,1,3
2017521800981,4,9,0,3,0,0,0,0,0,0,2,1,6,1,43,7,1794,1,13,4,1,4
2017521800981,5,9,0,3,0,0,0,0,0,0,2,1,6,2,54,8,1598,1,5,10,1,10
2017521800983,1,9,0,9,0,5,0,0,0,0,1,1,6,3,25,5,-1,-1,-1,-1,-1,-1
2017521800984,1,9,0,18,0,0,0,0,0,0,1,1,6,1,37,7,-1,-1,-1,7,2,7
2017521800984,2,9,0,18,0,0,0,0,0,0,1,1,6,2,33,6,-1,-1,-1,-1,-1,-1
2017521800985,1,9,0,18,0,8,5,0,7,0,4,1,6,1,62,9,-1,-1,-1,-1,1,-1
2017521800985,2,9,0,18,0,8,0,0,0,0,1,1,6,2,50,8,-1,-1,-1,4,1,4
2017521800986,1,9,0,18,0,8,0,0,0,0,1,1,6,1,68,10,1597,1,27,6,1,6
2017521800986,2,9,0,9,0,8,0,0,0,0,1,1,6,2,44,7,-1,-1,-1,10,1,10
2017521800989,1,3,0,9,0,5,0,0,0,0,1,1,6,1,27,6,-1,-1,-1,3,1,3
2017521800991,1,9,0,18,0,0,0,0,0,0,4,1,6,1,19,4,1598,2,7,8,2,8
2017521800991,2,21,0,12,0,0,0,0,0,0,3,1,1,1,30,6,-1,-1,-1,-1,-1,-1
2017521800993,1,9,0,18,0,0,0,0,1,4,1,1,6,1,19,4,2300,1,18,8,1,8
2017521801006,1,9,5,18,0,0,0,0,0,0,3,1,6,1,55,8,-1,-1,-1,8,1,8
2017521801006,2,9,0,18,0,0,0,0,0,0,3,1,6,3,23,5,-1,-1,-1,-1,-1,-1
2017521801021,1,9,0,9,0,1,0,0,0,0,1,1,6,1,53,8,-1,-1,-1,6,3,6
2017521801021,2,1,0,18,0,8,0,0,0,0,1,1,6,1,40,7,-1,-1,-1,6,2,6
2017521801047,1,9,0,18,0,8,0,0,0,0,4,1,6,1,55,8,-1,-1,-1,5,1,5
2017521801047,2,9,0,18,0,8,0,0,0,0,1,1,6,1,39,7,1339,1,10,6,2,6
2017521801051,1,9,0,18,0,0,0,0,0,0,1,1,6,1,79,11,1396,1,4,9,1,9
2017521801053,1,9,0,9,0,8,0,0,0,0,1,1,6,1,46,8,2231,2,11,9,1,9
2017521801053,2,1,0,18,0,8,0,0,0,0,1,1,6,1,15,3,-1,-1,-1,3,1,3
2017521801054,1,9,0,4,0,1,0,0,0,0,1,1,6,2,49,8,1968,2,3,10,1,10
2017521801054,2,9,0,3,0,1,0,0,0,0,2,1,6,1,39,7,1951,2,12,-1,3,-1
2017521801056,1,8,0,9,0,8,0,0,0,0,1,1,1,1,49,8,1797,8,3,6,1,6
2017521801057,1,9,0,18,0,1,0,0,0,0,2,1,6,1,35,6,1339,1,11,-1,-1,-1
2017521801057,2,9,0,18,0,1,0,0,0,0,2,1,6,1,32,6,1995,2,6,8,1,8
2017521801057,3,9,0,18,0,1,0,0,0,0,1,1,6,2,24,5,-1,-1,-1,2,1,2
2017521801063,1,9,0,18,0,0,0,0,0,0,1,1,6,1,85,11,-1,-1,-1,7,1,7
2017521801063,2,1,0,10,0,0,0,0,0,0,2,1,6,2,39,7,-1,-1,-1,7,1,7
2017521801075,1,9,0,18,0,5,0,0,0,0,1,1,6,3,64,9,1398,1,3,1,1,1
2017521801081,1,21,1,18,0,0,0,0,0,0,1,2,1,1,40,7,-1,-1,-1,-1,-1,-1
2017521801081,2,9,0,18,0,0,0,0,0,0,2,1,6,1,33,6,1560,2,12,3,1,3
2017521801084,1,9,0,18,0,0,0,0,0,0,1,1,6,1,45,7,1242,1,8,5,3,5
2017521801084,2,9,0,3,0,0,0,0,0,0,2,1,6,2,42,7,2143,2,-1,8,1,8
2017521801103,1,9,0,18,0,0,0,0,0,0,4,1,6,2,23,5,1248,2,9,4,1,4
2017521801129,1,9,0,18,0,8,0,0,0,0,1,1,6,1,34,6,1598,1,1,3,1,3
2017521801130,1,9,0,7,0,1,0,0,0,0,2,1,6,1,22,5,1086,1,13,3,1,3
2017521801130,2,9,0,18,0,1,0,0,0,0,1,1,6,1,22,5,1995,2,6,8,1,8
2017521801132,1,9,0,18,0,0,0,0,1,0,3,1,6,2,58,9,1598,2,5,5,1,5
2017521801132,2,9,0,2,0,0,0,0,0,0,4,1,6,3,-1,-1,1395,1,-1,-1,-1,-1
2017521801133,1,9,0,18,0,0,0,0,0,0,1,1,6,1,46,8,1998,1,3,9,1,9
2017521801133,2,9,0,4,0,0,0,0,0,0,2,1,6,2,32,6,1461,2,4,3,1,3
2017521801133,3,9,0,4,0,0,0,0,0,0,2,1,6,1,56,9,1587,1,11,-1,1,-1
2017521801139,1,3,0,18,0,0,1,11,0,0,1,1,6,1,18,4,124,1,-1,9,1,9
2017521801140,1,3,0,14,0,1,0,0,0,0,1,1,6,1,18,4,125,1,2,9,1,9
2017521801140,2,9,0,9,0,5,0,0,0,0,3,1,6,2,24,5,2143,2,-1,9,1,9
2017521801152,1,9,0,4,0,0,0,0,0,0,2,1,6,1,39,7,1686,2,3,-1,-1,-1
2017521801152,2,9,0,18,0,0,0,0,0,0,1,1,6,1,30,6,1997,2,4,-1,-1,-1
2017521801159,1,1,0,18,0,8,0,0,0,0,4,1,6,1,21,5,-1,-1,-1,-1,-1,-1
2017521801159,2,9,0,18,0,8,0,0,0,0,1,1,6,1,46,8,2494,1,14,-1,-1,-1
2017521801187,1,3,0,18,0,1,0,0,0,0,1,1,6,2,19,4,124,1,1,2,1,2
2017521801187,2,9,0,7,0,6,0,0,0,0,2,1,6,1,35,6,1995,2,4,7,1,7
2017521801192,1,9,0,18,0,0,0,0,0,0,1,1,6,1,63,9,1360,1,14,10,1,10
2017521801192,2,9,0,4,0,0,0,0,0,0,2,1,6,2,20,4,1229,1,7,9,2,9
2017521801203,1,9,0,5,0,4,0,0,0,0,3,1,6,1,69,10,2400,2,3,-1,2,-1
2017521801203,2,1,0,17,0,8,0,0,0,0,4,1,6,1,55,8,-1,-1,-1,8,1,8
2017521801204,1,9,0,18,0,8,0,0,0,0,1,1,6,2,72,10,1248,1,-1,10,1,10
2017521801204,2,9,0,9,0,6,0,0,0,0,4,1,6,1,53,8,-1,-1,-1,9,3,9
2017521801209,1,9,0,18,0,1,0,0,0,0,0,1,6,2,45,7,1497,8,11,6,1,6
2017521801215,1,3,0,17,0,0,0,0,0,0,1,1,6,1,18,4,125,1,1,4,1,4
2017521801217,1,9,0,18,0,1,0,0,0,0,1,1,6,2,39,7,1200,1,1,1,1,1
2017521801219,1,9,0,9,0,5,0,0,0,0,1,1,6,1,30,6,-1,-1,-1,8,1,8
2017521801219,2,1,0,18,0,1,0,0,0,0,1,1,6,2,23,5,-1,-1,-1,8,1,8
2017521801222,1,9,0,18,0,1,0,0,5,11,1,1,6,2,25,5,1200,1,2,10,1,10
2017521801223,1,9,0,18,0,0,5,0,1,4,1,1,6,1,66,10,2776,2,14,7,1,7
2017521801225,1,9,0,4,0,0,0,0,0,0,2,1,6,2,29,6,1200,1,4,3,1,3
2017521801225,2,9,0,18,0,0,0,0,0,0,1,1,6,1,21,5,1229,1,13,8,1,8
2017521801313,1,9,0,5,0,0,0,0,0,0,1,1,6,1,54,8,999,1,3,8,3,8
2017521801313,2,9,0,18,0,0,0,0,0,0,1,1,6,1,19,4,1299,1,16,5,2,5
2017521801543,1,9,0,5,0,0,0,0,0,0,4,1,6,2,29,6,1199,1,17,1,1,1
2017521801543,2,3,0,18,0,0,0,4,0,0,1,1,6,1,29,6,-1,-1,-1,1,1,1
2017521801543,3,9,0,2,0,0,0,0,0,0,4,1,6,1,-1,-1,-1,-1,-1,-1,-1,-1
2017521801545,1,9,0,1,0,0,0,0,0,0,1,1,6,1,25,5,1248,2,9,5,1,5
2017521801545,2,9,0,2,0,0,0,0,0,0,3,1,6,3,-1,-1,1598,2,2,-1,-1,-1
2017521801545,3,9,0,2,0,0,0,0,0,0,3,1,6,3,-1,-1,1560,2,11,-1,-1,-1
2017521801597,1,9,0,18,0,8,0,0,0,0,1,1,6,1,17,4,1248,2,5,6,3,6
2017521801670,1,9,0,5,0,1,0,0,0,0,1,1,6,1,25,5,1598,2,6,8,1,8
2017521801684,1,9,0,2,0,0,0,0,0,0,1,1,6,2,22,5,1587,1,15,-1,-1,-1
2017521801684,2,9,0,2,0,0,0,0,0,0,1,1,6,3,23,5,1997,1,15,-1,-1,-1
2017521801684,3,9,0,2,0,0,0,0,0,0,1,1,6,3,36,7,-1,-1,-1,-1,-1,-1
2017521801684,4,9,0,18,0,0,0,0,0,0,1,1,6,1,23,5,-1,-1,-1,-1,-1,-1
2017521801712,1,9,0,18,0,0,0,0,0,0,1,1,6,3,25,5,-1,-1,-1,-1,-1,-1
2017521801712,2,8,0,2,0,0,0,0,0,0,1,1,6,3,35,6,-1,-1,-1,-1,-1,-1
2017521801739,1,9,0,18,0,8,0,0,0,0,1,1,6,2,27,6,1390,1,9,7,1,7
2017521801739,2,9,0,18,0,4,0,0,0,0,3,1,6,1,37,7,-1,-1,-1,-1,1,-1
2017521801753,1,9,0,9,0,8,0,0,0,0,4,1,6,1,24,5,998,1,1,7,3,7
2017521801753,2,9,0,18,0,4,0,0,0,0,1,1,6,1,92,11,1598,1,16,8,3,8
2017521802150,1,9,0,18,0,1,0,4,0,0,1,1,6,2,23,5,1596,1,10,10,2,10
2017521802150,2,9,0,10,0,8,0,0,0,0,2,1,6,1,51,8,1995,2,10,9,1,9
2017521802150,3,9,0,2,0,8,0,0,0,0,1,1,6,3,-1,-1,1598,1,13,-1,-1,-1
2017521802316,1,9,0,18,0,0,0,8,0,0,1,1,6,1,79,11,2000,1,11,6,1,6
2017521802316,2,9,0,2,0,0,0,0,0,0,1,1,6,2,52,8,1999,2,1,9,1,9
2017521802414,1,9,0,18,0,0,0,4,0,0,2,1,6,2,49,8,1461,2,11,4,1,4
2017521802414,2,9,0,18,0,0,0,0,0,0,1,1,6,2,17,4,1596,1,10,9,1,9
2017521802414,3,19,0,2,0,0,0,0,0,0,1,1,6,3,-1,-1,1995,2,9,-1,-1,-1
2017521802564,1,1,0,18,0,0,0,0,0,0,1,1,6,2,63,9,-1,-1,-1,8,3,8
2017521802564,2,2,0,18,0,0,0,0,0,0,1,1,6,1,16,4,49,1,9,6,1,6
2017521803750,1,9,0,18,0,0,0,0,0,0,4,1,6,2,24,5,999,1,2,1,1,1
2017521803750,2,9,0,12,0,0,0,0,0,0,3,1,6,1,43,7,-1,-1,-1,-1,-1,-1
2017530141871,1,9,0,17,0,0,0,0,7,0,4,1,6,1,44,7,1796,1,15,6,3,6
2017530141871,2,9,0,18,0,0,0,0,0,0,1,1,6,2,65,9,1968,2,2,5,3,5
2017530143262,1,3,0,18,0,0,0,0,0,0,1,1,6,1,22,5,124,1,6,3,1,3
2017530143262,2,9,0,6,0,0,0,0,0,0,4,1,1,1,32,6,1397,1,15,1,1,1
2017530143306,1,9,0,18,0,0,0,0,0,0,1,1,6,2,50,8,1591,1,8,9,1,9
2017530143996,1,21,1,4,0,0,3,0,0,0,3,1,1,1,57,9,12419,2,5,-1,-1,-1
2017530143996,2,9,0,17,0,0,0,0,1,0,1,1,6,1,56,9,2993,2,6,8,3,8
2017530143996,3,9,0,18,0,0,0,0,1,0,1,1,6,1,48,8,1753,2,11,8,2,8
2017530144804,1,9,0,1,0,1,0,0,0,0,2,1,6,3,-1,-1,1796,1,13,-1,-1,-1
2017530144804,2,9,0,4,0,1,0,0,0,0,1,1,2,2,51,8,973,1,15,3,1,3
2017530144969,1,9,0,18,0,1,0,0,0,0,2,1,5,1,-1,-1,1794,1,9,9,1,9
2017530144969,2,9,0,3,0,1,0,0,0,0,0,1,5,1,57,9,1986,2,10,4,1,4
2017530145033,1,9,0,18,0,0,2,0,2,0,1,1,6,1,29,6,1527,2,15,8,1,8
2017530145878,1,9,0,18,0,0,0,0,0,0,1,1,6,2,22,5,1560,2,5,7,3,7
2017530145878,2,9,0,18,0,0,0,0,0,0,2,1,6,2,53,8,1461,2,7,6,3,6
2017530145878,3,21,0,18,0,0,0,0,0,0,3,1,1,1,56,9,4500,2,1,10,1,10
2017530148339,1,19,0,9,0,8,0,0,7,0,1,1,1,1,37,7,2198,2,1,-1,1,-1
2017530148339,2,9,0,18,0,8,0,0,0,0,1,1,6,2,58,9,2000,1,11,8,2,8
2017530148453,1,9,0,18,0,0,0,0,0,0,1,1,6,2,19,4,1390,1,8,-1,1,-1
2017530148453,2,9,0,18,0,0,0,0,0,0,1,1,6,1,45,7,1997,2,4,7,3,7
2017530148809,1,9,0,18,0,0,0,0,2,11,1,1,6,1,30,6,1910,2,10,3,2,3
2017530148809,2,9,0,2,0,0,0,0,0,0,2,1,6,2,-1,-1,998,1,1,2,1,2
2017530149542,1,3,0,8,0,6,0,0,0,0,3,1,2,1,21,5,125,1,2,9,1,9
2017530149542,2,9,0,18,0,8,0,0,0,0,1,1,6,2,79,11,1999,2,2,9,3,9
2017530150465,1,9,0,18,0,1,0,0,0,0,0,1,3,1,69,10,-1,-1,-1,6,3,6
2017530151575,1,9,0,17,0,0,0,0,1,0,1,1,6,1,17,4,1984,1,11,5,3,5
2017530151575,2,9,0,16,0,0,0,0,1,0,1,1,1,1,48,8,-1,-1,-1,5,1,5
2017530151706,1,9,0,7,0,0,0,0,0,0,2,1,6,1,29,6,-1,-1,-1,9,1,9
2017530151706,2,9,0,16,0,0,0,0,0,0,1,1,6,1,21,5,1995,2,15,9,1,9
2017530151787,1,9,0,5,0,8,0,0,0,0,1,1,1,2,54,8,2179,2,10,9,1,9
2017530151787,2,1,0,10,0,1,0,0,0,0,1,1,2,1,62,9,-1,-1,-1,9,1,9
2017530152764,1,9,0,5,0,1,0,0,0,0,1,1,1,2,45,7,998,1,19,5,1,5
2017530152764,2,1,0,18,0,8,0,0,0,0,2,1,6,2,25,5,-1,-1,-1,5,1,5
2017530152835,1,9,0,18,0,0,0,0,0,0,1,1,6,2,61,9,1490,1,11,7,3,7
2017530152835,2,9,0,18,0,0,0,0,0,0,1,1,6,1,72,10,1461,2,7,-1,1,-1
2017530153021,1,9,0,18,0,0,0,0,0,0,1,1,6,2,25,5,1596,1,8,10,1,10
2017530153021,2,9,0,18,0,0,0,0,0,0,1,1,6,1,47,8,1598,2,5,6,3,6
2017530153022,1,9,0,1,0,0,0,0,0,0,2,1,6,1,49,8,1997,2,9,10,1,10
2017530154249,1,9,0,18,0,8,1,0,0,0,1,1,6,1,25,5,1984,1,10,1,1,1
2017530154622,1,9,0,18,0,0,0,0,0,0,1,1,2,1,20,4,993,1,16,5,1,5
2017530154622,2,9,0,18,0,0,0,0,0,0,2,1,2,2,39,7,1560,2,2,10,2,10
2017530154718,1,9,0,17,0,0,0,0,0,0,1,1,6,1,81,11,1360,1,16,8,2,8
2017530154718,2,9,0,16,0,0,0,0,0,0,1,1,6,1,35,6,2987,2,2,-1,-1,-1
2017530154718,3,9,0,17,0,0,0,0,0,0,1,1,6,2,88,11,1590,1,13,6,2,6
2017530154796,1,9,0,13,0,2,5,0,0,0,3,1,6,1,33,6,-1,-1,-1,5,1,5
2017530154796,2,9,0,18,0,2,0,0,0,0,3,1,6,2,39,7,1598,2,5,9,3,9
2017530154796,3,9,0,18,0,2,1,0,1,0,3,1,6,1,37,7,1461,2,2,9,3,9
2017530155506,1,9,0,17,0,0,0,0,0,0,1,1,6,1,41,7,1998,2,12,10,1,10
2017530155506,2,9,0,16,0,0,0,0,1,0,1,1,6,1,61,9,1598,1,7,10,1,10
2017530155920,1,9,0,18,0,0,0,0,0,0,1,1,6,2,30,6,1598,1,14,6,2,6
2017530157105,1,9,0,9,0,8,0,0,0,0,1,1,6,2,55,8,1199,1,18,4,1,4
2017530157105,2,3,0,18,0,8,0,0,0,0,4,1,6,1,44,7,124,1,3,5,3,5
2017530157426,1,9,0,13,0,0,0,0,0,0,1,1,6,2,57,9,4163,1,10,10,2,10
2017530157426,2,9,0,7,0,0,0,0,0,0,1,1,2,2,20,4,1124,1,13,7,1,7
2017530157426,3,9,0,18,0,0,0,0,0,0,0,1,6,1,21,5,1896,2,14,7,1,7
2017530158167,1,9,0,17,0,0,0,0,0,0,1,1,6,1,26,6,1242,1,3,5,2,5
2017530158167,2,1,0,17,0,0,0,0,0,0,2,1,6,1,46,8,-1,-1,-1,10,1,10
2017530158253,1,9,0,11,0,8,0,0,0,0,4,1,6,1,68,10,1596,1,6,9,2,9
2017530158253,2,5,0,12,0,8,0,0,1,0,3,1,6,1,45,7,-1,-1,-1,-1,-1,-1
2017530160807,1,9,0,16,0,2,0,0,0,0,1,1,1,1,25,5,-1,-1,-1,1,1,1
2017530160807,2,1,0,18,0,8,5,0,0,0,2,1,6,1,21,5,-1,-1,-1,2,1,2
2017530160876,1,9,0,9,0,6,0,0,1,0,1,1,6,2,39,7,1396,1,18,8,1,8
2017530160876,2,9,4,18,0,8,0,0,1,11,1,1,6,1,51,8,-1,-1,-1,6,3,6
2017530160946,1,9,0,7,0,1,0,0,0,0,1,1,6,1,54,8,1968,2,2,9,1,9
2017530160946,2,1,0,17,0,8,0,0,0,0,1,1,2,2,44,7,-1,-1,-1,8,1,8
2017530161390,1,9,0,5,0,8,0,0,0,0,1,1,2,2,61,9,1197,1,4,1,1,1
2017530161390,2,1,0,18,0,8,0,0,0,0,4,1,5,2,31,6,-1,-1,-1,2,1,2
2017530162325,1,9,0,18,0,0,0,0,0,0,2,1,6,1,37,7,1968,2,9,1,1,1
2017530162325,2,2,0,18,0,0,0,0,0,0,1,1,6,1,34,6,49,1,20,9,1,9
2017530162688,1,9,0,9,0,0,0,0,0,0,3,1,6,1,24,5,1798,1,12,7,3,7
2017530162688,2,9,0,18,0,0,0,0,0,0,1,1,1,1,67,10,1686,2,5,2,1,2
2017530163277,1,9,0,18,0,0,0,0,0,0,1,1,6,2,50,8,1248,2,5,4,1,4
2017530163277,2,9,0,9,0,0,0,0,0,0,3,1,6,1,33,6,1910,2,10,6,1,6
2017530163277,3,9,0,9,0,0,0,0,0,0,3,1,6,1,38,7,2143,2,6,6,1,6
2017530163366,1,9,0,18,0,0,0,0,0,0,3,1,6,1,67,10,1588,1,17,10,1,10
2017530163366,2,22,0,18,0,0,0,0,0,0,1,1,6,2,94,11,-1,-1,-1,3,1,3
2017530164114,1,9,0,18,0,0,0,0,0,0,2,1,1,1,19,4,1598,1,19,4,1,4
2017530164114,2,1,0,18,0,0,1,0,0,0,1,1,1,1,29,6,-1,-1,-1,8,2,8
2017530165469,1,9,0,16,0,0,0,0,0,0,1,1,2,1,32,6,1896,2,13,8,1,8
2017530165557,1,9,0,9,0,8,0,0,0,0,1,1,3,2,38,7,1998,1,12,5,1,5
2017530165557,2,1,0,18,0,8,0,0,0,0,1,1,2,2,59,9,-1,-1,-1,10,1,10
2017530165675,1,9,0,18,0,0,1,0,0,0,1,1,6,1,22,5,1997,2,1,7,2,7
2017530166354,1,9,0,18,0,0,1,0,1,0,1,1,6,3,-1,-1,1796,1,13,-1,-1,-1
2017530166383,1,9,0,17,0,0,0,0,1,0,1,1,6,2,36,7,1229,1,12,1,1,1
2017530167718,1,3,0,9,0,8,2,0,0,0,3,1,6,1,19,4,123,1,1,4,1,4
2017530167718,2,9,0,9,0,8,0,0,0,0,3,1,1,1,-1,-1,2993,2,2,-1,-1,-1
2017530167718,3,9,0,3,0,8,0,0,0,0,2,1,1,1,62,9,1399,1,2,9,1,9
2017530167718,4,9,0,3,0,8,0,0,0,0,1,1,6,1,62,9,-1,-1,-1,9,3,9
2017530167757,1,9,0,18,0,0,1,0,0,0,3,1,6,1,40,7,1598,1,8,4,1,4
2017530167757,2,90,0,18,0,0,5,0,1,0,3,1,6,1,47,8,-1,-1,-1,9,2,9