Accident_Index,Vehicle_Reference,Vehicle_Type,Towing_and_Articulation,Vehicle_Manoeuvre,Vehicle_Location-Restricted_Lane,Junction_Location,Skidding_and_Overturning,Hit_Object_in_Carriageway,Vehicle_Leaving_Carriageway,Hit_Object_off_Carriageway,1st_Point_of_Impact,Was_Vehicle_Left_Hand_Drive?,Journey_Purpose_of_Driver,Sex_of_Driver,Age_of_Driver,Age_Band_of_Driver,Engine_Capacity_(CC),Propulsion_Code,Age_of_Vehicle,Driver_IMD_Decile,Driver_Home_Area_Type,Vehicle_IMD_Decile
2017530167970,1,9,0,9,0,6,0,0,0,0,1,1,6,2,59,9,1951,2,13,6,3,6
2017530167970,2,3,0,18,0,1,5,0,0,0,1,1,6,1,22,5,125,1,1,10,1,10
2017530168146,1,9,0,18,0,0,0,0,0,0,1,1,6,1,23,5,1895,1,17,6,3,6
2017530168146,2,9,0,9,0,0,0,0,0,0,1,1,6,1,81,11,1794,1,9,9,1,9
2017530168214,1,9,0,18,0,0,1,0,1,0,1,1,2,1,-1,-1,1497,1,16,3,2,3
2017530168214,2,9,0,18,0,0,1,0,1,0,1,1,6,1,-1,-1,1388,1,13,9,2,9
2017530168279,1,9,0,18,0,8,0,0,0,0,1,1,2,1,18,4,1124,1,11,3,1,3
2017530168322,1,9,0,16,0,1,0,0,0,0,3,1,6,1,76,11,2893,1,8,2,3,2
2017530168322,2,9,0,17,0,1,0,0,0,0,3,1,6,1,58,9,1396,1,12,6,3,6
2017530168542,1,9,0,17,0,0,0,0,0,0,3,1,6,2,34,6,1597,2,1,10,1,10
2017530168542,2,9,0,16,0,0,0,0,0,0,1,1,6,2,63,9,1896,2,10,9,1,9
2017530169144,1,9,0,18,0,0,0,0,0,0,1,1,6,1,46,8,1390,1,14,2,1,2
2017530169144,2,1,0,18,0,0,1,0,0,0,1,1,6,1,43,7,-1,-1,-1,4,1,4
2017530169525,1,9,0,18,0,3,0,0,0,0,4,1,1,1,36,7,2993,2,10,7,1,7
2017530169525,2,9,0,18,0,8,0,0,0,0,3,1,1,1,40,7,1956,2,3,6,1,6
2017530169557,1,9,0,9,0,8,0,0,0,0,4,1,6,2,35,6,1390,1,15,-1,1,-1
2017530169557,2,9,0,18,0,8,0,0,0,0,1,1,6,1,43,7,1461,2,4,-1,2,-1
2017530169889,1,3,0,18,0,1,2,0,0,0,1,1,6,1,19,4,124,1,1,4,1,4
2017530171018,1,9,0,18,0,8,0,0,0,0,1,1,1,1,32,6,-1,-1,-1,5,2,5
2017530171018,2,9,0,9,0,6,0,0,0,0,3,1,6,1,67,10,1242,1,4,7,3,7
2017530171070,1,21,1,16,0,0,4,0,1,0,1,1,1,1,33,6,12900,2,6,-1,-1,-1
2017530171396,1,9,0,18,0,8,0,0,0,0,1,1,6,1,69,10,1998,1,-1,6,3,6
2017530171396,2,9,0,9,0,8,0,0,0,0,4,1,6,1,26,6,1998,2,12,2,1,2
2017530171400,1,9,0,18,0,0,0,0,0,0,1,1,1,1,23,5,1591,1,4,6,1,6
2017530171400,2,9,0,3,0,0,0,0,0,0,2,1,1,2,49,8,1598,1,13,6,1,6
2017530171403,1,9,0,3,0,4,0,0,0,0,1,1,2,1,41,7,1796,1,11,4,1,4
2017530171403,2,1,0,18,0,3,0,0,0,0,2,1,6,2,63,9,-1,-1,-1,7,1,7
2017530171406,1,21,1,18,0,0,1,0,1,0,1,1,1,1,39,7,12882,2,2,5,1,5
2017530171408,1,9,0,5,0,8,0,0,0,0,4,1,6,2,85,11,1360,1,5,10,1,10
2017530171408,2,9,0,5,0,1,0,0,0,0,1,1,6,2,46,8,2979,1,14,8,1,8
2017530171409,1,9,0,17,0,0,1,0,0,0,3,1,6,1,17,4,1360,1,8,9,1,9
2017530171499,1,9,0,18,0,1,0,0,3,0,3,2,6,2,31,6,2143,2,2,1,1,1
2017530171499,2,9,0,18,0,1,0,0,0,0,1,1,6,2,39,7,2664,2,16,9,3,9
2017530171729,1,9,0,17,0,0,1,0,1,0,1,1,1,1,30,6,-1,-1,-1,3,3,3
2017530171729,2,9,0,17,0,0,1,0,1,0,1,1,6,2,41,7,1984,2,3,6,3,6
2017530171773,1,9,0,10,0,1,0,0,0,0,1,1,6,2,32,6,1796,1,12,1,1,1
2017530171773,2,5,0,18,0,8,2,0,0,0,4,1,6,1,58,9,600,1,33,10,1,10
2017530172262,1,19,0,9,0,8,0,0,0,0,1,1,1,1,40,7,2198,2,1,9,1,9
2017530172495,1,9,0,18,0,0,0,0,0,0,1,1,1,1,59,9,-1,-1,-1,8,1,8
2017530172495,2,9,0,18,0,0,1,0,0,0,1,1,2,2,23,5,1248,1,2,7,3,7
2017530172515,1,9,0,18,0,0,0,0,0,0,1,1,6,1,48,8,2993,2,10,9,1,9
2017530172606,1,8,0,1,0,2,0,0,0,0,2,1,1,1,51,8,1997,2,6,7,2,7
2017530172637,1,9,0,1,9,0,0,0,0,0,2,1,6,2,34,6,1461,2,4,7,3,7
2017530172662,1,9,0,4,0,1,0,0,0,0,1,1,6,1,25,5,1324,1,29,6,3,6
2017530172806,1,9,0,10,0,1,0,0,0,0,2,1,6,2,43,7,1598,1,4,7,3,7
2017530172806,2,9,0,4,0,1,0,0,0,0,1,1,6,2,-1,-1,1124,1,14,-1,-1,-1
2017530172830,1,9,0,18,0,8,0,0,0,0,1,1,6,3,-1,-1,-1,-1,-1,-1,-1,-1
2017530172830,2,9,0,3,0,8,0,0,0,0,2,1,3,2,30,6,1199,1,19,6,1,6
2017530172830,3,9,0,3,0,8,0,0,0,0,2,1,4,1,17,4,1199,1,16,9,3,9
2017530172830,4,9,0,3,0,8,0,0,0,0,2,1,6,2,39,7,1968,1,11,4,1,4
2017530172898,1,9,0,17,0,0,1,0,7,4,3,1,2,1,44,7,1596,1,13,2,1,2
2017530172959,1,9,0,3,0,0,0,0,0,0,2,1,6,2,35,6,1895,1,18,7,1,7
2017530172959,2,98,0,3,0,0,0,0,0,0,1,1,6,1,-1,-1,-1,-1,-1,-1,-1,-1
2017530173022,1,9,0,3,0,8,0,0,2,10,1,1,6,1,58,9,1364,1,12,9,3,9
2017530173022,2,9,0,10,0,1,0,0,0,0,3,1,1,2,47,8,1560,2,6,10,3,10
2017530173264,1,9,0,3,0,2,0,0,0,0,2,1,2,1,27,6,1149,1,3,1,1,1
2017530173264,2,9,0,18,0,2,0,0,0,0,1,1,2,1,70,10,1618,1,2,6,1,6
2017530173264,3,9,0,18,0,2,0,0,0,0,1,1,2,1,39,7,1598,1,12,3,1,3
2017530173266,1,9,0,18,0,0,0,0,0,0,3,1,6,2,54,8,1598,1,4,7,2,7
2017530173268,1,9,0,18,0,0,0,0,0,0,1,1,1,1,18,4,1390,1,9,6,1,6
2017530173268,2,9,0,3,0,0,0,0,0,0,2,1,3,2,36,7,1798,1,13,5,1,5
2017530173269,1,9,0,18,0,0,0,0,0,0,1,1,2,1,38,7,1000,1,17,5,1,5
2017530173269,2,1,0,5,0,0,0,0,0,0,4,1,6,1,41,7,-1,-1,-1,8,1,8
2017530173270,1,9,0,9,0,2,0,0,0,0,1,1,6,1,38,7,1761,1,17,4,1,4
2017530173451,1,9,0,18,0,0,0,0,0,0,4,1,6,2,85,11,998,1,13,7,3,7
2017530173451,2,9,0,4,0,0,0,0,0,0,3,1,3,2,34,6,1596,1,3,7,3,7
2017530173493,1,9,0,17,0,8,0,0,0,0,1,1,6,2,20,4,1397,1,15,10,1,10
2017530173493,2,9,0,5,0,8,0,0,0,0,1,1,3,2,38,7,1388,1,10,8,1,8
2017530173542,1,9,0,18,0,6,0,0,0,0,1,1,6,2,96,11,1149,1,12,10,2,10
2017530173542,2,9,0,18,0,8,0,4,0,0,1,1,2,1,49,8,2143,2,3,10,3,10
2017530173542,3,9,0,2,0,1,0,4,0,0,1,1,6,2,69,10,1686,2,15,10,2,10
2017530173573,1,9,0,5,0,8,0,0,0,0,4,1,6,1,18,4,2000,2,6,1,1,1
2017530173573,2,9,0,18,0,1,0,0,0,0,1,1,6,2,71,10,1598,2,3,10,1,10
2017530173696,1,9,0,18,0,4,0,0,0,0,1,1,6,1,-1,-1,1242,1,18,7,1,7
2017530173696,2,9,0,18,0,4,0,0,0,0,3,1,1,1,44,7,1587,1,16,2,1,2
2017530173719,1,9,0,17,0,0,5,0,7,4,1,1,6,1,23,5,1299,1,14,8,2,8
2017530173795,1,9,0,18,0,0,2,0,7,0,4,1,6,1,26,6,1199,1,13,3,1,3
2017530173882,1,3,0,18,0,4,0,0,0,0,1,1,1,1,37,7,115,1,2,4,1,4
2017530173882,2,9,0,18,0,4,0,0,0,0,3,1,1,1,57,9,-1,-1,-1,-1,2,-1
2017530173887,1,9,0,3,0,0,0,0,0,0,2,1,5,2,34,6,1968,2,11,10,2,10
2017530173887,2,9,0,3,0,0,0,0,0,0,2,1,5,1,59,9,1968,2,7,6,1,6
2017530173887,3,9,0,18,0,0,0,0,0,0,1,1,6,1,83,11,1598,2,1,6,3,6
2017530173922,1,9,0,18,0,1,0,0,0,0,1,1,1,1,67,10,1999,2,1,6,3,6
2017530173922,2,9,0,18,0,1,0,0,0,0,3,1,6,1,26,6,-1,-1,-1,10,1,10
2017530173989,1,9,0,5,0,1,0,0,0,0,1,1,1,1,32,6,-1,-1,-1,-1,-1,-1
2017530173989,2,1,0,18,0,1,0,0,0,0,2,1,2,2,62,9,-1,-1,-1,5,1,5
2017530174047,1,9,0,1,0,1,0,0,0,0,2,1,6,1,-1,-1,-1,-1,-1,-1,-1,-1
2017530174063,1,9,0,18,0,1,0,0,0,0,1,1,6,2,71,10,1685,2,2,9,1,9
2017530174063,2,17,0,7,0,1,0,0,0,0,0,1,1,1,68,10,-1,2,38,7,3,7
2017530174076,1,9,0,18,0,0,1,0,0,0,4,1,6,2,26,6,1242,1,12,6,3,6
2017530174100,1,9,0,13,0,2,0,0,0,0,3,1,6,1,23,5,1598,1,16,6,1,6
2017530174100,2,9,0,12,0,2,0,0,0,0,0,1,6,1,51,8,2494,1,14,2,1,2
2017530174133,1,9,0,5,6,1,0,0,0,0,3,1,2,1,53,8,-1,-1,-1,6,3,6
2017530174133,2,9,0,18,6,1,0,0,0,0,1,1,2,2,42,7,1390,1,11,6,3,6
2017530174147,1,9,0,16,0,0,0,0,0,0,1,1,6,1,29,6,1368,1,6,7,2,7
2017530174147,2,9,0,17,0,0,0,0,0,0,1,1,6,1,88,11,1198,1,4,9,2,9
2017530174344,1,9,0,18,6,7,0,0,0,0,1,1,6,1,60,9,1600,2,7,7,1,7
2017530174344,2,9,0,18,6,7,0,0,0,0,2,1,6,2,33,6,1997,2,10,-1,-1,-1
2017530174489,1,1,0,18,0,0,0,0,0,0,0,1,1,1,26,6,-1,-1,-1,6,1,6
2017530174489,2,1,0,18,0,0,0,0,0,0,0,1,6,3,-1,-1,-1,-1,-1,-1,-1,-1
2017530174519,1,9,0,18,0,1,5,0,1,0,4,1,3,1,52,8,1598,1,6,9,1,9
2017530174519,2,9,0,5,0,1,0,0,0,0,1,1,2,1,57,9,1364,1,8,9,1,9
2017530174572,1,9,0,18,0,0,5,0,0,0,1,1,1,1,28,6,1596,1,11,3,1,3
2017530174572,2,9,0,18,0,0,0,0,0,0,2,1,1,1,66,10,1596,1,16,2,1,2
2017530174596,1,9,0,4,0,1,1,0,0,0,1,1,1,1,50,8,-1,-1,-1,10,1,10
2017530174596,2,9,0,3,0,1,0,0,0,0,2,1,1,1,44,7,-1,-1,-1,9,1,9
2017530174596,3,9,0,3,0,1,0,0,0,0,0,1,4,2,25,5,1598,1,6,9,3,9
2017530174627,1,9,0,18,0,0,0,12,0,0,4,1,1,1,37,7,1997,2,15,3,2,3
2017530174631,1,9,0,10,0,0,0,0,0,0,4,1,2,2,24,5,1242,1,7,4,1,4
2017530174631,2,9,0,18,0,0,0,0,0,0,1,1,1,1,40,7,-1,-1,-1,-1,1,-1
2017530174635,1,9,0,16,0,0,1,0,1,0,4,1,1,1,46,8,1124,1,12,5,1,5
2017530174702,1,4,0,14,0,1,0,0,0,0,1,1,6,1,62,9,487,1,12,10,3,10
2017530174702,2,9,0,9,0,6,0,0,0,0,3,1,6,2,49,8,-1,-1,-1,8,3,8
2017530174824,1,9,0,17,0,8,2,0,8,0,1,1,5,2,20,4,1229,1,4,-1,-1,-1
2017530174837,1,9,0,1,8,0,0,0,0,0,2,1,6,2,80,11,1299,1,13,6,1,6
2017530174868,1,9,0,18,0,0,0,0,0,0,1,1,1,2,64,9,2000,2,12,9,3,9
2017530174892,1,9,0,18,0,8,0,0,0,0,3,1,6,2,83,11,1588,1,17,5,1,5
2017530174899,1,9,0,5,0,1,0,0,0,0,4,1,6,2,19,4,1242,1,3,5,3,5
2017530174899,2,9,0,18,0,6,0,0,0,0,3,1,6,2,28,6,1587,1,12,-1,-1,-1
2017530175410,1,9,0,9,0,1,0,0,0,0,1,1,6,1,72,10,1499,2,1,6,3,6
2017530175410,2,1,0,18,0,1,0,0,0,0,4,1,6,1,51,8,-1,-1,-1,7,1,7
2017530175826,1,9,0,18,0,1,0,0,0,0,1,1,6,1,56,9,-1,-1,-1,4,1,4
2017530175826,2,9,0,9,0,5,0,0,0,0,4,1,6,2,60,9,1997,1,13,3,1,3
2017530175887,1,9,0,7,0,8,0,0,0,0,4,1,6,2,52,8,1242,1,3,5,1,5
2017530175887,2,1,0,18,0,8,0,0,0,0,2,1,6,1,19,4,-1,-1,-1,2,1,2
2017530176038,1,9,0,4,0,3,1,0,0,0,1,1,2,1,53,8,-1,-1,-1,8,1,8
2017530176038,2,9,0,4,0,3,0,0,0,0,2,1,2,1,49,8,1968,2,4,10,2,10
2017530176038,3,9,0,4,0,3,0,0,0,0,2,1,2,1,54,8,-1,-1,-1,5,1,5
2017530176820,1,9,0,18,6,0,0,4,1,0,1,1,5,1,18,4,1390,1,2,2,1,2
2017530176820,2,9,0,2,6,0,0,0,0,0,2,1,6,1,49,8,1796,1,7,8,3,8
2017530177407,1,5,0,14,0,8,2,0,0,0,1,1,1,1,21,5,-1,-1,-1,6,1,6
2017530177407,2,9,0,9,0,5,0,0,0,0,3,1,1,2,58,9,1199,1,3,-1,-1,-1
2017530177501,1,9,0,4,0,4,0,0,0,0,4,1,1,2,46,8,1388,1,13,4,1,4
2017530177501,2,1,0,18,0,8,0,0,0,0,2,1,6,1,52,8,-1,-1,-1,6,1,6
2017530177539,1,9,0,18,0,8,5,0,0,0,4,1,6,1,-1,-1,1995,2,16,-1,-1,-1
2017530177539,2,9,0,18,0,8,0,0,0,0,1,1,2,1,50,8,2179,2,3,6,1,6
2017530177542,1,9,0,18,0,8,0,0,0,0,1,1,6,1,21,5,4163,1,11,6,2,6
2017530177542,2,9,0,9,0,6,0,0,0,0,1,1,6,2,24,5,1360,1,9,10,1,10
2017530177615,1,19,0,6,0,0,0,0,0,0,3,1,1,1,25,5,2299,2,3,1,1,1
2017530177615,2,9,0,18,0,0,5,0,0,0,1,1,2,1,57,9,1240,1,12,7,3,7
2017530177823,1,9,0,18,0,1,0,0,0,0,1,1,6,2,20,4,998,1,7,8,2,8
2017530177823,2,9,0,18,0,1,0,0,0,0,3,1,6,2,45,7,875,1,3,9,1,9
2017530177988,1,3,0,9,0,1,1,0,0,0,1,1,6,1,28,6,125,1,7,1,1,1
2017530177988,2,9,0,18,0,1,0,0,0,0,1,1,6,1,34,6,1968,2,7,10,1,10
2017530177988,3,9,0,2,0,1,0,0,0,0,4,1,5,1,39,7,1995,2,7,1,1,1
2017530178192,1,9,0,18,0,0,0,0,1,0,4,1,6,1,31,6,1968,2,6,9,1,9
2017530178192,2,1,0,18,4,0,0,0,0,0,3,1,6,1,48,8,-1,-1,-1,9,1,9
2017530178404,1,9,0,18,0,0,1,0,1,0,1,1,6,1,36,7,1198,1,14,2,1,2
2017530178404,2,19,0,9,0,0,0,0,0,0,4,1,6,1,62,9,1781,1,24,5,1,5
2017530178404,3,9,0,2,0,0,0,0,0,0,1,1,6,2,43,7,1686,2,8,6,1,6
2017530178518,1,9,0,16,0,0,0,10,7,4,1,1,6,1,40,7,1560,2,10,7,3,7
2017530179229,1,9,0,1,9,2,0,0,0,0,2,1,1,1,40,7,-1,-1,-1,8,1,8
2017530179274,1,9,0,18,0,6,0,0,0,0,4,1,6,1,84,11,1896,2,10,10,1,10
2017530179326,1,9,0,6,0,6,0,0,0,0,1,1,6,1,64,9,1422,2,16,6,1,6
2017530179326,2,9,0,18,0,1,0,0,0,0,1,1,6,1,58,9,1360,1,12,7,1,7
2017530179405,1,9,0,18,0,8,0,0,0,0,1,1,6,1,64,9,1596,1,4,5,1,5
2017530179405,2,9,0,18,0,8,0,0,0,0,3,1,6,1,20,4,1360,1,15,8,1,8
2017530179466,1,9,0,9,0,2,0,0,0,0,3,1,6,1,57,9,1560,2,5,4,1,4
2017530179466,2,9,0,18,0,1,0,0,0,0,1,1,6,2,84,11,-1,-1,-1,9,1,9
2017530179489,1,5,0,4,0,0,1,0,0,0,1,1,6,1,42,7,599,1,13,5,1,5
2017530179489,2,9,0,18,0,0,0,0,0,0,1,1,6,1,31,6,-1,-1,-1,8,2,8
2017530179489,3,9,0,4,0,0,0,0,0,0,2,1,6,2,38,7,1461,2,2,10,1,10
2017530179568,1,9,0,18,0,0,1,0,0,0,1,1,1,2,52,8,1124,1,16,1,1,1
2017530179568,2,9,0,18,0,0,0,0,0,0,2,1,6,1,43,7,1995,2,8,10,1,10
2017530179575,1,9,0,18,0,0,0,0,0,0,1,1,6,2,22,5,1198,1,15,5,1,5
2017530179575,2,9,0,2,0,0,0,0,1,0,2,1,6,1,49,8,1799,1,9,9,1,9
2017530179582,1,9,0,18,0,1,0,0,0,0,1,1,6,2,18,4,1124,1,16,7,3,7
2017530179582,2,9,0,3,0,1,0,0,0,0,2,1,1,2,43,7,-1,-1,-1,4,1,4
2017530179592,1,9,0,18,0,0,0,0,0,0,1,1,6,1,42,7,2000,2,12,4,3,4
2017530179641,1,9,0,18,0,0,1,0,0,0,1,1,2,1,21,5,-1,-1,-1,5,3,5
2017530179641,2,9,0,4,0,0,0,0,0,0,2,1,5,1,64,9,1984,6,23,5,3,5
2017530179641,3,9,0,4,0,0,0,0,0,0,2,1,1,2,42,7,1598,1,12,4,1,4
2017530179733,1,1,0,18,0,3,0,0,0,0,2,1,6,1,42,7,-1,-1,-1,9,1,9
2017530179733,2,9,0,18,0,3,0,0,0,0,1,1,6,1,-1,-1,1834,1,17,9,1,9
2017530179940,1,9,0,5,0,8,0,0,0,0,0,1,1,1,24,5,1598,1,10,1,1,1
2017530179940,2,5,0,18,0,8,0,0,0,0,3,1,1,1,31,6,599,1,10,6,3,6
2017530180561,1,9,0,9,0,6,0,0,0,0,1,1,2,1,24,5,-1,-1,-1,9,3,9
2017530180561,2,1,0,18,0,1,0,0,0,0,4,1,2,1,42,7,-1,-1,-1,8,1,8
2017530180809,1,9,0,9,0,6,0,0,1,0,1,1,1,1,39,7,1896,2,15,10,3,10
2017530180809,2,9,0,18,0,8,0,0,0,0,3,1,5,2,47,8,1396,1,4,10,1,10
2017530181205,1,9,0,16,0,1,5,0,0,0,1,2,6,1,21,5,1149,1,14,7,3,7
2017530181444,1,9,0,18,0,1,0,0,0,0,1,1,6,2,41,7,1461,2,3,9,1,9
2017530181446,1,9,0,18,0,0,0,0,0,0,1,1,6,2,29,6,1968,2,13,5,1,5
2017530181448,1,9,0,18,0,0,5,4,0,0,1,1,6,1,76,11,1341,1,19,9,1,9
2017530181448,2,9,0,2,0,0,0,0,0,0,2,1,5,1,28,6,1399,2,8,9,1,9
2017530181452,1,9,0,5,0,5,0,0,0,0,0,1,1,1,25,5,1395,1,1,6,1,6
2017530181452,2,1,0,18,0,1,2,0,0,0,1,1,1,1,25,5,-1,-1,-1,-1,-1,-1
2017530181455,1,9,0,18,0,0,1,0,0,0,1,1,6,1,28,6,1956,2,6,9,1,9
2017530181455,2,9,0,18,0,0,0,0,0,0,2,1,6,1,69,10,1496,1,1,9,1,9
2017530181457,1,9,0,9,0,0,0,0,0,0,1,1,6,1,71,10,1991,2,11,8,1,8
2017530181457,2,9,0,18,0,0,0,0,0,0,1,1,6,1,35,6,1995,2,6,5,3,5
2017530181461,1,9,0,1,0,0,0,0,0,0,2,1,6,2,34,6,1956,2,7,1,1,1
2017530181513,1,9,0,16,0,0,0,0,0,0,0,1,1,2,23,5,1598,2,3,6,1,6
2017530181665,1,9,0,9,0,0,0,0,0,0,1,1,6,1,34,6,1461,2,7,6,1,6
2017530181665,2,9,0,18,0,0,0,0,0,0,1,1,6,1,32,6,1998,1,3,1,1,1
2017530181711,1,9,0,1,0,0,0,0,0,0,2,1,1,1,37,7,-1,-1,-1,6,3,6
2017530181714,1,9,0,18,0,0,0,0,1,0,1,1,6,2,26,6,1363,2,13,5,3,5
2017530181714,2,9,0,18,0,0,0,0,0,0,0,1,6,3,-1,-1,-1,-1,-1,-1,-1,-1
2017530181741,1,9,0,18,0,0,0,0,0,0,4,1,1,1,28,6,1956,2,8,6,2,6
2017530181741,2,1,0,18,0,0,0,0,0,0,3,1,1,1,37,7,-1,-1,-1,6,3,6
2017530181744,1,9,0,15,0,8,0,0,0,0,4,1,6,1,-1,-1,-1,-1,-1,-1,-1,-1
2017530181744,2,1,0,18,0,8,1,0,0,0,3,1,6,1,51,8,-1,-1,-1,-1,-1,-1
2017530181778,1,9,0,16,0,0,0,0,0,0,4,1,6,1,39,7,1998,1,15,3,1,3
2017530181820,1,9,0,18,0,1,0,0,0,0,2,1,1,2,23,5,998,1,3,8,1,8
2017530181820,2,9,0,18,0,1,0,0,0,0,1,1,1,2,23,5,-1,-1,-1,-1,-1,-1
2017530182005,1,9,0,18,0,1,0,0,0,0,1,1,5,3,-1,-1,2231,2,9,-1,-1,-1
2017530182005,2,9,0,3,0,1,0,0,0,0,2,1,5,2,29,6,1999,1,15,6,1,6
2017530182060,1,9,0,18,0,0,0,0,0,0,1,1,6,1,82,11,1968,2,4,6,2,6
2017530182082,1,11,0,3,0,0,0,0,0,0,1,1,1,1,51,8,3900,2,13,6,1,6
2017530182114,1,9,0,18,0,0,0,11,0,0,1,1,6,1,73,10,1997,2,2,-1,1,-1
2017530182119,1,9,0,18,0,0,0,0,0,0,3,1,5,2,50,8,1388,1,10,9,2,9
2017530182161,1,9,0,5,0,0,0,0,0,0,1,1,6,1,39,7,999,1,2,8,1,8
2017530182161,2,9,0,4,0,0,0,0,0,0,2,1,6,1,20,4,1900,2,12,5,1,5
2017530182161,3,9,0,3,0,0,0,0,0,0,2,1,6,1,35,6,-1,-1,-1,2,1,2
2017530182189,1,19,0,5,0,0,0,4,0,0,2,1,5,2,30,6,2148,2,12,6,3,6
2017530182189,2,9,0,2,0,0,0,0,0,0,4,1,5,1,-1,-1,1598,1,7,-1,-1,-1
2017530182205,1,9,0,18,0,0,0,0,0,0,2,1,1,1,48,8,4163,1,3,6,1,6
2017530182205,2,9,0,18,0,0,0,0,0,0,1,1,2,1,48,8,-1,-1,-1,6,1,6
2017530182266,1,9,0,2,0,1,0,0,0,0,3,1,5,2,37,7,1984,1,14,-1,-1,-1
2017530182266,2,9,0,3,0,2,0,4,0,0,4,1,5,3,-1,-1,-1,-1,-1,-1,-1,-1
2017530182456,1,11,0,18,0,0,0,0,0,0,4,1,3,1,57,9,5880,2,11,7,3,7
2017530182491,1,9,0,18,0,0,0,0,0,0,1,1,6,2,29,6,998,1,3,8,1,8
2017530182491,2,9,0,18,0,0,0,0,0,0,1,1,6,1,83,11,1398,1,7,10,2,10
2017530182493,1,9,0,18,0,0,0,0,0,0,4,1,1,2,25,5,1461,2,1,10,1,10
2017530182493,2,9,0,18,0,0,0,0,0,0,1,1,1,1,27,6,-1,-1,-1,8,1,8
2017530182493,3,9,0,18,0,0,0,0,1,0,1,1,6,1,68,10,1000,1,2,4,1,4
2017530182493,4,9,0,18,0,0,0,0,0,0,4,1,1,1,32,6,1896,2,13,4,1,4
2017530182493,5,9,0,18,0,0,0,0,1,0,1,1,6,1,32,6,-1,-1,-1,4,1,4
2017530182541,1,3,0,13,0,8,5,0,0,0,4,1,6,1,17,4,125,1,3,10,2,10
2017530182541,2,9,0,9,0,6,0,0,0,0,1,1,6,2,39,7,1896,2,12,6,1,6
2017530182547,1,9,0,18,0,0,2,0,0,0,4,1,6,1,27,6,1598,1,15,9,1,9
2017530182575,1,3,0,18,0,0,1,0,1,0,0,1,6,1,58,9,-1,-1,-1,10,1,10
2017530182575,2,9,0,18,0,0,0,0,0,0,0,1,6,3,-1,-1,-1,-1,-1,-1,-1,-1
2017530182588,1,9,0,18,0,0,0,0,0,0,2,1,6,3,-1,-1,-1,-1,-1,-1,-1,-1
2017530182588,2,1,0,5,0,0,5,0,0,0,1,1,1,1,50,8,-1,-1,-1,1,1,1
2017530182958,1,9,0,18,0,0,5,0,0,0,1,1,6,1,24,5,1363,2,15,4,1,4
2017530183291,1,9,0,16,0,0,0,0,5,0,4,1,6,1,22,5,-1,-1,-1,-1,-1,-1
2017530183382,1,9,0,5,5,0,0,0,0,0,3,1,6,1,28,6,1896,2,8,10,1,10
2017530183382,2,1,0,18,5,0,0,0,0,0,1,1,1,1,25,5,-1,-1,-1,3,1,3
2017530183429,1,9,0,3,0,0,0,0,0,0,4,1,6,1,47,8,1339,1,12,1,1,1
2017530183429,2,1,0,15,4,0,5,0,0,0,1,1,2,1,25,5,-1,-1,-1,3,1,3
2017530183853,1,9,0,9,0,1,0,0,0,0,4,1,6,2,44,7,1598,1,6,10,1,10
2017530183853,2,9,0,18,0,8,0,0,0,0,1,1,6,2,34,6,1461,2,1,10,1,10
2017530183854,1,9,0,2,0,1,0,0,0,0,3,1,6,2,55,8,2995,1,3,8,3,8
2017530183854,2,9,0,18,0,1,0,0,0,0,3,1,6,1,46,8,1229,1,9,6,2,6
2017530183855,1,9,0,18,0,1,0,0,1,0,4,1,6,1,24,5,-1,-1,-1,-1,-1,-1
2017530183856,1,9,0,4,0,0,0,0,0,0,2,1,2,2,51,8,4398,1,14,2,1,2
2017530183856,2,9,0,18,0,0,0,0,0,0,1,1,6,1,-1,-1,-1,-1,-1,-1,-1,-1
2017530183857,1,9,0,2,0,0,0,0,0,0,3,1,2,2,31,6,1242,1,4,8,3,8
2017530183857,2,1,0,14,0,0,0,0,0,0,3,1,2,2,57,9,-1,-1,-1,3,1,3
2017530183858,1,9,0,18,0,0,0,0,0,0,3,1,1,2,49,8,1339,1,2,2,1,2
2017530183860,1,3,0,14,0,0,0,0,0,0,1,1,6,1,38,7,125,1,8,4,1,4
2017530183860,2,9,0,9,0,0,0,0,0,0,3,1,1,2,51,8,1390,1,18,1,1,1
2017530183863,1,9,0,18,0,1,0,0,0,0,1,1,6,1,90,11,998,1,4,6,1,6
2017530183863,2,9,0,3,0,1,0,0,0,0,2,1,6,2,30,6,1198,1,6,1,3,1
2017530183864,1,9,0,2,0,0,0,0,0,0,2,1,6,2,28,6,1560,2,11,-1,-1,-1
2017530183864,2,9,0,1,0,0,0,0,0,0,2,1,6,3,-1,-1,-1,-1,-1,-1,-1,-1
2017530183865,1,9,0,18,0,0,0,0,0,0,2,1,3,1,17,4,1388,1,10,3,1,3
2017530183865,2,9,0,18,0,0,0,0,0,0,1,1,6,1,46,8,2143,2,3,9,3,9
2017530183865,3,9,0,18,0,0,0,0,0,0,1,1,6,1,31,6,998,1,4,9,1,9
2017530183867,1,9,0,18,0,1,5,0,1,4,1,1,6,2,30,6,1248,1,6,6,1,6
2017530183870,1,9,0,18,0,0,0,0,0,0,1,1,6,1,34,6,1199,1,13,8,1,8