Accident_Index,Vehicle_Reference,Vehicle_Type,Towing_and_Articulation,Vehicle_Manoeuvre,Vehicle_Location-Restricted_Lane,Junction_Location,Skidding_and_Overturning,Hit_Object_in_Carriageway,Vehicle_Leaving_Carriageway,Hit_Object_off_Carriageway,1st_Point_of_Impact,Was_Vehicle_Left_Hand_Drive?,Journey_Purpose_of_Driver,Sex_of_Driver,Age_of_Driver,Age_Band_of_Driver,Engine_Capacity_(CC),Propulsion_Code,Age_of_Vehicle,Driver_IMD_Decile,Driver_Home_Area_Type,Vehicle_IMD_Decile
2017530194673,1,9,0,18,0,1,0,0,0,0,1,1,6,3,-1,-1,-1,-1,-1,-1,-1,-1
2017530194673,2,9,0,8,0,1,0,0,0,0,2,1,6,2,62,9,1339,1,11,9,2,9
2017530194678,1,3,0,15,0,0,0,0,1,11,3,1,6,1,-1,-1,124,1,1,4,1,4
2017530194678,2,9,0,7,0,0,0,0,0,0,4,1,6,2,52,8,-1,-1,-1,8,1,8
2017530194713,1,9,0,16,0,0,0,0,0,0,1,1,6,1,33,6,1781,1,17,-1,-1,-1
2017530194713,2,9,0,17,0,0,0,0,0,0,1,1,6,1,19,4,1896,2,14,-1,-1,-1
2017530194765,1,9,0,18,0,0,1,0,0,0,1,1,2,1,49,8,-1,-1,-1,10,1,10
2017530194765,2,9,0,18,0,0,0,0,0,0,1,1,6,2,35,6,1796,1,3,9,1,9
2017530194818,1,9,0,1,0,0,0,0,0,0,4,1,6,1,42,7,1398,1,-1,5,1,5
2017530194854,1,9,0,9,0,8,0,0,0,0,1,1,6,2,43,7,1753,2,10,5,1,5
2017530194854,2,1,0,18,0,8,0,0,0,0,3,1,6,1,35,6,-1,-1,-1,6,1,6
2017530194870,1,9,0,1,0,0,0,0,0,0,2,1,6,1,53,8,2393,1,6,5,1,5
2017530194900,1,9,0,18,0,6,0,0,0,0,1,1,6,2,61,9,-1,-1,-1,7,3,7
2017530194900,2,9,0,18,0,8,0,0,0,0,1,1,6,1,31,6,-1,-1,-1,10,3,10
2017530194900,3,9,0,10,0,2,0,0,7,0,1,1,2,1,28,6,-1,-1,-1,7,3,7
2017530194926,1,9,0,16,0,0,5,0,7,0,1,1,6,1,80,11,998,1,5,10,1,10
2017530194998,1,3,0,13,0,0,5,0,0,0,3,1,2,1,51,8,124,1,2,2,1,2
2017530194998,2,9,4,18,0,0,0,0,0,0,3,1,1,1,22,5,-1,-1,-1,6,2,6
2017530195025,1,9,0,7,0,0,0,0,0,0,4,1,2,1,60,9,-1,-1,-1,-1,-1,-1
2017530195025,2,1,0,15,0,0,0,0,0,0,1,1,6,1,51,8,-1,-1,-1,-1,-1,-1
2017530195055,1,9,0,9,0,0,0,0,0,0,0,1,1,1,23,5,-1,-1,-1,5,1,5
2017530195055,2,9,0,13,0,0,2,0,1,0,1,1,6,1,50,8,1968,2,2,-1,-1,-1
2017530195113,1,9,0,16,0,0,0,0,0,0,1,1,6,1,16,4,1560,2,11,6,3,6
2017530195113,2,17,0,17,0,0,1,0,0,0,1,1,1,1,29,6,6728,2,1,4,2,4
2017530195666,1,9,0,18,0,1,0,0,0,0,1,1,3,2,26,6,1991,2,10,8,1,8
2017530195666,2,9,0,10,0,1,0,0,0,0,3,1,1,2,46,8,1781,1,19,3,1,3
2017530195666,3,9,0,18,0,1,0,0,0,0,1,1,1,2,52,8,1499,1,1,10,1,10
2017530195698,1,9,0,18,0,1,0,0,0,0,1,1,6,1,59,9,1896,2,13,4,3,4
2017530195698,2,9,0,3,0,1,0,0,0,0,2,1,6,2,20,4,1995,2,13,2,1,2
2017530195707,1,9,0,5,0,2,0,0,1,0,2,1,6,1,55,8,1598,2,-1,-1,-1,-1
2017530195719,1,9,0,18,0,0,0,0,0,0,0,1,6,3,-1,-1,-1,-1,-1,-1,-1,-1
2017530195719,2,1,0,18,0,0,2,0,0,0,2,1,6,2,30,6,-1,-1,-1,8,2,8
2017530195745,1,9,0,9,0,5,0,0,0,0,1,1,6,1,79,11,1461,2,3,10,3,10
2017530195745,2,9,0,18,0,8,0,0,0,0,3,1,6,2,66,10,1242,1,4,9,1,9
2017530195745,3,9,0,18,0,8,0,0,0,0,1,1,1,1,58,9,-1,-1,-1,9,1,9
2017530195800,1,9,0,2,0,0,0,0,0,0,1,1,6,1,44,7,1796,1,13,9,1,9
2017530195800,2,1,0,18,0,0,0,0,0,0,1,1,6,1,55,8,-1,-1,-1,9,1,9
2017530195807,1,9,0,5,0,0,0,0,0,0,0,1,2,1,36,7,1997,1,13,9,1,9
2017530195807,2,1,0,18,4,0,5,0,0,0,0,1,2,1,52,8,-1,-1,-1,9,1,9
2017530195820,1,9,0,18,0,0,0,0,0,0,1,1,6,2,60,9,1799,1,9,-1,-1,-1
2017530195820,2,9,0,18,0,0,0,0,0,0,1,1,1,1,30,6,-1,-1,-1,2,1,2
2017530195839,1,2,0,18,0,0,0,0,0,0,1,1,6,1,17,4,49,1,4,2,1,2
2017530195839,2,9,0,3,0,0,0,0,0,0,2,1,6,1,48,8,1339,1,13,9,1,9
2017530195911,1,98,0,4,0,0,0,0,0,0,1,1,6,3,-1,-1,-1,-1,-1,-1,-1,-1
2017530195911,2,1,0,4,0,0,0,0,0,0,2,1,6,1,30,6,-1,-1,-1,10,1,10
2017530195941,1,9,0,9,0,1,0,0,0,0,2,1,6,2,20,4,1900,2,11,3,1,3
2017530195941,2,9,0,18,0,1,0,0,0,0,1,1,6,1,31,6,1598,1,13,4,1,4
2017530196002,1,1,0,18,0,3,0,0,0,0,3,1,6,1,36,7,-1,-1,-1,6,1,6
2017530196002,2,9,0,5,0,3,0,0,0,0,1,1,6,2,47,8,1339,1,14,10,1,10
2017530196048,1,9,0,18,0,0,0,0,0,0,1,1,2,1,53,8,2993,2,1,10,1,10
2017530196048,2,9,0,18,0,0,0,0,0,0,2,1,1,1,32,6,-1,-1,-1,3,1,3
2017530196091,1,9,0,15,0,1,0,0,0,0,1,1,6,2,70,10,-1,-1,-1,8,2,8
2017530196091,2,17,4,9,0,1,0,0,0,0,4,1,1,1,18,4,6728,2,3,4,1,4
2017530196220,1,9,0,17,0,0,5,0,2,9,4,1,6,2,19,4,1360,1,10,2,1,2
2017530196381,1,9,0,2,0,0,0,8,0,0,3,1,6,1,-1,-1,-1,-1,-1,-1,-1,-1
2017530196381,2,1,0,18,0,0,0,8,0,0,3,1,6,1,88,11,-1,-1,-1,-1,-1,-1
2017530196416,1,9,0,18,0,0,0,0,0,0,1,1,6,2,47,8,-1,-1,-1,5,1,5
2017530196657,1,9,0,9,0,1,0,0,0,0,3,1,2,1,29,6,1910,2,10,-1,-1,-1
2017530196657,2,5,0,14,0,1,0,0,0,0,4,1,2,1,21,5,599,1,9,8,1,8
2017530196668,1,9,0,18,0,8,0,0,0,0,1,1,6,1,70,10,1995,2,1,10,1,10
2017530196668,2,9,0,18,0,8,0,0,0,0,3,1,6,2,65,9,2995,1,5,9,3,9
2017530196699,1,9,0,16,0,8,2,0,7,0,3,1,6,1,24,5,1997,2,12,4,1,4
2017530196699,2,9,0,9,0,8,0,0,0,0,2,1,6,2,55,8,1398,1,3,6,3,6
2017530196863,1,2,0,18,0,8,0,0,0,0,3,1,6,1,19,4,49,1,14,2,1,2
2017530196863,2,9,0,18,0,3,0,0,0,0,4,1,6,1,34,6,-1,-1,-1,6,1,6
2017530197019,1,9,0,5,9,0,0,0,0,0,1,1,6,3,-1,-1,-1,-1,-1,-1,-1,-1
2017530197070,1,9,0,18,0,0,0,0,0,0,3,1,2,2,36,7,999,1,1,6,1,6
2017530197390,1,9,0,13,0,0,0,0,0,0,4,1,6,2,86,11,1586,1,2,5,2,5
2017530197390,2,1,0,18,0,0,2,0,0,0,3,1,6,2,57,9,-1,-1,-1,5,2,5
2017530197415,1,9,0,4,0,1,0,0,0,0,1,1,6,1,45,7,2143,2,7,3,1,3
2017530197475,1,9,0,18,0,0,0,0,0,0,4,1,6,3,-1,-1,-1,-1,-1,-1,-1,-1
2017530197546,1,9,0,1,0,0,2,0,2,0,4,1,2,1,35,6,2204,2,11,8,1,8
2017530197546,2,9,0,3,0,0,0,0,0,0,1,1,2,1,34,6,1596,1,7,9,1,9
2017530197546,3,9,0,10,0,0,0,0,0,0,1,1,6,3,-1,-1,-1,-1,-1,-1,-1,-1
2017530197990,1,5,0,16,0,0,5,0,0,0,3,1,6,1,59,9,800,1,14,9,2,9
2017530197990,2,21,0,17,0,0,0,0,0,0,3,1,6,1,42,7,12600,2,13,7,3,7
2017530198030,1,98,0,18,0,0,0,0,0,0,0,1,6,3,-1,-1,-1,-1,-1,-1,-1,-1
2017530198030,2,21,0,2,0,0,0,0,0,0,0,1,1,3,-1,-1,-1,-1,-1,10,1,10
2017530198109,1,9,0,4,0,6,2,0,3,4,1,1,5,2,22,5,1124,1,15,9,3,9
2017530198152,1,9,0,17,0,8,0,0,0,0,1,1,2,2,21,5,1086,1,7,3,1,3
2017530198152,2,9,0,9,0,8,0,0,0,0,3,1,2,1,51,8,1995,2,10,8,1,8
2017530198242,1,9,0,5,0,6,0,0,0,0,3,1,1,2,53,8,1397,1,10,6,1,6
2017530198242,2,3,0,18,0,1,0,0,0,0,1,1,1,1,27,6,125,1,9,1,1,1
2017530198391,1,19,0,5,0,8,0,0,0,0,1,1,1,1,-1,-1,2143,2,3,6,1,6
2017530198391,2,9,0,18,0,8,5,0,0,0,4,1,6,1,68,10,1951,2,12,7,3,7
2017530198397,1,9,0,18,0,6,0,0,7,0,1,1,2,1,26,6,1796,1,13,5,1,5
2017530198397,2,9,0,18,0,8,0,0,1,0,1,1,3,2,30,6,1364,1,2,5,2,5
2017530198421,1,23,0,13,0,0,0,0,0,0,4,1,6,1,58,9,996,1,8,2,1,2
2017530198421,2,9,0,9,0,0,0,0,0,0,3,1,6,2,36,7,1997,2,9,5,1,5
2017530199138,1,9,0,4,0,1,0,0,0,0,1,1,2,1,18,4,1997,2,8,-1,-1,-1
2017530199138,2,9,0,4,0,1,0,0,0,0,0,1,2,2,35,6,1296,1,9,7,1,7
2017530199182,1,3,0,16,0,0,2,0,7,0,1,1,6,1,24,5,124,1,16,2,1,2
2017530199182,2,9,0,2,0,0,0,0,0,0,4,1,6,1,49,8,-1,-1,-1,1,1,1
2017530199285,1,9,0,5,0,1,0,0,3,0,1,1,6,2,91,11,1248,1,6,10,3,10
2017530199285,2,9,0,10,0,1,0,0,0,0,2,1,6,2,64,9,-1,-1,-1,4,1,4
2017530199392,1,9,0,18,0,0,0,0,0,0,1,1,6,2,79,11,1248,1,3,6,1,6
2017530199392,2,9,0,4,0,0,0,0,0,0,2,1,6,2,47,8,1668,1,13,-1,-1,-1
2017530199416,1,9,0,3,0,1,0,0,0,0,1,1,6,1,67,10,1968,2,8,4,1,4
2017530199416,2,5,0,3,0,1,0,0,0,0,1,1,6,1,66,10,1200,1,14,9,1,9
2017530199895,1,9,0,17,0,0,0,0,7,0,1,1,5,1,70,10,1895,1,20,5,1,5
2017530200178,1,1,0,18,0,0,1,11,0,0,1,1,6,1,-1,-1,-1,-1,-1,10,1,10
2017530200441,1,9,0,18,0,8,0,0,0,0,1,1,5,2,20,4,-1,-1,-1,5,1,5
2017530200441,2,9,0,18,0,8,0,0,0,0,1,1,5,2,48,8,-1,-1,-1,-1,-1,-1
2017530200554,1,9,0,18,0,0,5,0,7,0,1,1,6,1,39,7,-1,-1,-1,-1,-1,-1
2017530200611,1,9,0,5,0,8,0,0,0,0,1,1,5,2,17,4,1598,1,15,9,3,9
2017530200611,2,1,0,18,0,1,0,0,0,0,3,1,5,1,16,4,-1,-1,-1,2,1,2
2017530200952,1,9,0,18,0,0,1,0,1,0,3,1,6,1,28,6,1400,1,17,5,1,5
2017530200952,2,9,0,2,9,0,0,0,0,0,1,1,6,1,30,6,1994,1,15,9,1,9
2017530200966,1,9,0,16,0,0,0,0,0,0,1,1,6,1,33,6,1360,1,17,3,1,3
2017530200966,2,9,0,17,0,0,0,0,0,0,1,1,2,2,34,6,2000,2,13,9,2,9
2017530201038,1,9,0,5,0,8,0,0,0,0,3,1,6,1,47,8,1896,2,14,8,1,8
2017530201038,2,5,0,18,0,8,0,0,0,0,1,1,6,1,34,6,998,1,2,8,1,8
2017530201186,1,9,0,18,0,8,0,0,0,0,4,1,6,2,81,11,1360,1,13,10,1,10
2017530201186,2,1,0,9,0,6,0,0,0,0,1,1,4,1,12,3,-1,-1,-1,4,1,4
2017530201281,1,9,0,18,0,0,1,0,0,0,1,1,6,1,23,5,1328,1,14,8,1,8
2017530201281,2,9,0,3,0,0,0,0,0,0,1,1,6,2,60,9,1329,1,5,6,1,6
2017530201281,3,9,0,2,0,0,0,0,0,0,2,1,6,1,26,6,1390,1,5,4,1,4
2017530201281,4,9,0,18,0,0,0,0,0,0,3,1,6,1,75,10,1951,2,12,7,3,7
2017530201287,1,9,0,17,0,0,5,0,8,4,1,1,6,2,43,7,1596,1,10,10,3,10
2017530201324,1,9,0,18,0,0,0,0,0,0,4,1,1,1,61,9,-1,-1,-1,6,2,6
2017530201324,2,19,0,5,7,0,0,0,0,0,1,1,1,1,28,6,2143,2,2,4,1,4
2017530201366,1,1,0,18,0,0,0,0,0,0,4,1,4,1,12,3,-1,-1,-1,10,1,10
2017530201366,2,19,0,18,0,0,0,0,0,0,1,1,1,2,41,7,1598,2,4,10,1,10
2017530201418,1,19,0,18,0,0,0,0,0,0,1,1,1,1,33,6,2143,2,7,-1,-1,-1
2017530201418,2,9,0,18,0,0,0,0,0,0,2,1,1,1,36,7,2179,2,6,6,1,6
2017530201479,1,9,0,17,0,1,0,0,0,0,1,1,5,2,35,6,1596,1,9,9,1,9
2017530201479,2,9,0,16,0,1,0,0,0,0,1,1,5,1,30,6,1596,1,4,10,1,10
2017530201509,1,19,0,18,0,0,0,0,0,0,1,1,1,1,77,11,2143,2,4,10,3,10
2017530201509,2,1,0,18,0,0,0,0,2,0,2,1,2,1,53,8,-1,-1,-1,10,3,10
2017530201592,1,9,0,9,0,0,1,0,1,0,4,1,5,1,45,7,1396,1,17,7,3,7
2017530201592,2,9,0,18,0,0,0,0,0,0,1,1,5,1,46,8,-1,-1,-1,6,2,6
2017530201649,1,11,0,4,0,0,0,0,0,0,1,1,1,1,74,10,12000,2,12,7,1,7
2017530201649,2,9,0,4,0,0,0,0,0,0,2,1,5,1,54,8,-1,-1,-1,3,3,3
2017530201768,1,5,0,15,0,0,0,0,1,0,0,1,6,1,65,9,901,1,38,8,3,8
2017530201768,2,9,0,10,0,0,0,0,0,0,0,1,6,1,59,9,2184,2,12,7,3,7
2017530201768,3,9,0,8,0,0,0,0,0,0,0,1,6,1,38,7,-1,-1,-1,7,3,7
2017530201952,1,9,0,9,0,1,0,0,0,0,2,1,6,1,47,8,-1,-1,-1,-1,-1,-1
2017530201952,2,9,0,18,0,1,0,0,0,0,1,1,6,1,79,11,1560,2,3,8,2,8
2017530202178,1,9,0,5,0,6,0,0,0,0,1,1,6,1,91,11,1596,1,4,-1,-1,-1
2017530202178,2,9,0,18,0,8,0,0,0,0,1,1,6,2,53,8,1341,1,16,7,1,7
2017530202183,1,9,0,18,0,1,1,0,0,0,1,1,6,2,40,7,1968,2,7,2,1,2
2017530202183,2,9,0,18,0,1,0,0,0,0,1,1,6,2,29,6,1587,1,11,3,1,3
2017530202183,3,9,0,2,0,1,0,0,0,0,3,1,6,3,-1,-1,-1,-1,-1,-1,-1,-1
2017530202247,1,9,0,15,0,0,0,0,0,0,1,1,2,1,35,6,1242,1,14,3,1,3
2017530202247,2,9,0,9,0,0,0,0,0,0,1,1,1,1,62,9,-1,-1,-1,10,1,10
2017530202340,1,9,0,18,0,0,1,0,0,0,1,1,6,1,27,6,1398,1,6,2,1,2
2017530202340,2,9,0,3,0,0,0,0,0,0,2,1,1,1,36,7,1796,1,16,2,1,2
2017530202340,3,9,0,3,0,0,0,0,0,0,0,1,6,1,32,6,1149,1,18,5,1,5
2017530202340,4,9,0,3,0,0,0,0,0,0,2,1,3,1,45,7,1560,2,1,5,1,5
2017530202340,5,9,0,3,0,0,0,0,0,0,2,1,6,1,-1,-1,1364,1,1,5,1,5
2017530202340,6,9,0,3,0,0,0,0,0,0,2,1,6,1,-1,-1,2000,2,15,1,1,1
2017530202357,1,9,0,18,0,1,0,0,1,0,1,1,6,2,44,7,1560,2,5,3,2,3
2017530202357,2,9,0,5,0,1,0,0,0,0,1,1,6,1,25,5,1461,2,3,-1,-1,-1
2017530202386,1,21,0,4,0,1,0,0,0,0,1,1,1,1,64,9,6700,2,2,-1,-1,-1
2017530202386,2,9,0,4,0,1,0,0,0,0,2,1,6,1,84,11,1798,1,6,-1,-1,-1
2017530202409,1,9,0,5,0,1,0,0,0,0,3,1,6,2,78,11,1999,1,17,7,3,7
2017530202409,2,9,0,18,0,1,1,0,0,0,1,1,1,1,50,8,-1,-1,-1,6,3,6
2017530203186,1,9,0,18,0,2,5,0,7,10,1,1,2,1,33,6,1248,2,5,3,1,3
2017530203226,1,9,0,14,0,1,0,0,0,0,3,1,5,1,73,10,1198,1,8,6,3,6
2017530203226,2,1,0,10,0,1,0,0,0,0,4,1,5,1,45,7,-1,-1,-1,7,3,7
2017530203234,1,9,0,17,0,0,1,0,1,4,3,1,6,1,25,5,1598,1,10,6,1,6
2017530203438,1,9,0,10,0,6,0,0,0,0,1,1,2,2,69,10,1461,2,2,5,1,5
2017530203438,2,1,0,18,0,8,0,0,0,0,4,1,2,1,47,8,-1,-1,-1,10,1,10
2017530203486,1,1,0,18,0,0,0,0,0,0,1,1,6,1,13,3,-1,-1,-1,7,1,7
2017530203486,2,9,0,8,0,0,0,0,0,0,4,1,6,1,-1,-1,-1,-1,-1,-1,-1,-1
2017530203532,1,9,0,9,0,0,5,0,7,0,1,1,6,1,76,11,1995,1,12,10,1,10
2017530203532,2,9,0,18,0,0,0,0,0,0,1,1,6,1,30,6,1998,1,10,-1,3,-1
2017530203588,1,5,0,18,0,0,0,0,0,0,4,1,2,1,40,7,1043,1,4,6,1,6
2017530203588,2,9,0,5,0,0,0,0,0,0,0,1,6,2,49,8,1998,1,14,3,1,3
2017530203745,1,9,0,18,0,1,0,0,0,0,0,1,6,1,41,7,1995,2,9,1,1,1
2017530203745,2,1,0,18,0,6,0,0,0,0,3,1,6,1,-1,-1,-1,-1,-1,-1,-1,-1
2017530203768,1,9,0,18,0,1,0,0,0,0,1,1,1,1,30,6,1685,2,-1,-1,-1,-1
2017530203768,2,17,0,18,0,1,0,0,0,0,1,1,1,1,22,5,-1,-1,-1,7,3,7
2017530204424,1,9,0,17,0,0,1,0,7,1,1,1,5,2,40,7,1998,1,11,6,2,6
2017530204458,1,9,0,17,0,0,0,0,7,0,1,1,5,2,-1,-1,1598,1,12,-1,-1,-1
2017530204503,1,9,0,3,0,0,0,0,0,0,1,1,5,1,-1,-1,998,1,17,8,2,8
2017530204503,2,9,0,4,0,0,0,0,0,0,3,1,1,1,43,7,-1,-1,-1,10,1,10
2017530204657,1,9,0,9,0,0,0,0,0,0,4,1,6,1,82,11,2400,2,6,6,1,6
2017530204657,2,9,0,18,0,0,0,0,0,0,3,1,6,1,65,9,1997,2,13,9,2,9
2017530204802,1,19,0,6,0,6,0,0,0,0,0,1,5,3,29,6,1598,2,1,9,1,9
2017530204802,2,1,0,15,0,1,0,0,0,0,4,1,5,1,-1,-1,-1,-1,-1,9,1,9
2017530204893,1,9,0,16,0,1,0,0,0,0,1,1,6,2,66,10,1988,1,14,6,3,6
2017530204893,2,9,0,4,0,1,0,0,0,0,2,1,6,1,55,8,1598,2,5,10,1,10
2017530204893,3,9,0,9,0,1,0,0,0,0,2,1,6,1,51,8,1896,2,14,8,1,8
2017530205166,1,5,0,16,0,0,0,0,7,10,1,1,5,1,53,8,999,1,3,-1,-1,-1
2017530205245,1,9,0,9,0,0,0,0,0,0,1,1,6,2,33,6,1794,1,17,9,1,9
2017530205245,2,5,0,14,0,0,5,0,0,0,4,1,2,1,54,8,1255,1,8,6,2,6
2017530205523,1,21,1,18,0,0,1,0,0,0,1,1,1,1,62,9,10837,2,5,8,1,8
2017530205523,2,21,1,4,0,0,0,0,0,0,2,1,1,1,46,8,11946,2,5,3,1,3
2017530205600,1,9,0,18,0,0,0,0,0,0,1,1,6,1,47,8,1390,1,11,4,1,4
2017530205600,2,9,0,18,0,0,2,0,7,0,3,1,6,2,35,6,1598,1,4,-1,-1,-1
2017530205600,3,9,0,18,0,0,1,0,0,0,1,1,6,2,68,10,3226,2,16,9,3,9
2017530205633,1,9,0,9,0,8,0,0,0,0,1,1,6,2,41,7,1388,1,15,7,1,7
2017530205633,2,9,0,18,0,8,0,0,0,0,1,1,6,1,49,8,2993,2,12,9,3,9
2017530205682,1,9,0,3,0,2,0,0,0,0,1,1,5,2,74,10,-1,-1,-1,3,1,3
2017530205682,2,1,0,5,0,8,0,0,0,0,4,1,5,1,56,9,-1,-1,-1,-1,-1,-1
2017530205815,1,9,0,9,0,8,0,0,0,0,4,1,6,2,28,6,1600,1,12,6,1,6
2017530205815,2,9,0,18,0,8,0,0,0,0,1,1,6,2,30,6,1896,2,15,3,1,3
2017530205918,1,19,0,18,0,0,0,0,0,0,3,1,6,1,55,8,2198,2,5,-1,-1,-1
2017530206007,1,9,0,7,0,0,0,0,0,0,4,1,6,2,53,8,1598,1,9,2,1,2
2017530206029,1,9,0,3,0,1,0,0,0,0,2,1,2,1,35,6,2993,2,7,-1,-1,-1
2017530206029,2,1,0,18,0,1,0,4,0,0,1,1,6,1,79,11,-1,-1,-1,10,1,10
2017530206107,1,97,0,18,0,1,0,0,0,0,1,1,2,1,25,5,-1,-1,-1,5,1,5
2017530206107,2,9,0,9,0,1,0,0,0,0,1,1,5,1,69,10,1984,2,6,6,3,6
2017530206189,1,9,0,18,0,0,5,0,2,4,4,1,6,2,20,4,1390,1,16,3,1,3
2017530206201,1,9,0,16,0,0,5,0,1,4,1,1,5,2,27,6,1242,1,1,5,1,5
2017530206213,1,9,0,3,0,1,0,0,0,0,1,1,2,2,38,7,1956,2,5,9,2,9
2017530206213,2,9,0,8,0,1,0,0,0,0,2,1,2,2,24,5,1598,1,6,-1,-1,-1
2017530206255,1,1,0,18,0,6,0,0,0,0,1,1,2,1,-1,-1,-1,-1,-1,-1,-1,-1
2017530206255,2,9,0,8,0,5,0,0,0,0,4,1,2,2,46,8,1796,1,10,7,3,7
2017530206282,1,9,0,7,0,3,2,0,0,0,4,1,6,2,41,7,599,1,16,3,1,3
2017530206282,2,9,0,16,0,3,0,0,0,0,3,1,6,1,69,10,1686,2,13,4,1,4
2017530206617,1,9,0,18,0,0,0,0,1,0,1,1,6,2,66,10,1598,1,9,6,1,6
2017530206617,2,21,1,2,6,0,0,0,0,0,2,1,1,1,45,7,12900,2,8,1,1,1
2017530206993,1,9,0,9,0,0,0,0,0,0,1,1,6,1,20,4,1951,2,14,10,3,10
2017530206993,2,9,0,18,0,0,0,0,0,0,1,1,6,2,58,9,1461,2,11,10,1,10
2017530207051,1,9,0,13,0,0,0,0,0,0,4,1,1,1,31,6,998,1,5,2,1,2
2017530207051,2,1,0,18,0,0,0,0,0,0,3,1,1,2,31,6,-1,-1,-1,5,1,5
2017530207080,1,97,0,18,0,0,0,0,0,0,0,1,6,1,-1,-1,-1,-1,-1,6,1,6
2017530207413,1,9,0,18,0,1,0,0,0,0,4,1,1,2,21,5,1198,1,3,4,3,4
2017530207413,2,9,0,5,0,6,0,0,0,0,1,1,1,2,43,7,1390,1,9,6,1,6
2017530207428,1,9,0,10,0,1,0,0,0,0,3,1,1,2,51,8,1598,2,3,5,3,5
2017530207428,2,19,0,18,0,1,0,0,0,0,1,1,5,1,42,7,2198,2,3,-1,2,-1
2017530208020,1,9,0,18,0,1,0,0,0,0,1,1,6,1,80,11,2494,8,-1,3,1,3
2017530208020,2,9,0,2,0,1,0,0,0,0,2,1,6,2,58,9,1598,2,3,6,3,6
2017530208020,3,9,0,2,0,1,0,0,0,0,2,1,6,1,57,9,1968,2,3,10,1,10
2017530208281,1,9,0,18,0,0,0,11,0,0,1,1,2,2,48,8,1399,2,7,6,1,6
2017530208536,1,9,0,18,0,0,1,0,1,0,1,1,6,2,24,5,1995,2,5,1,1,1
2017530208780,1,90,0,18,0,0,0,0,0,0,4,1,6,2,-1,-1,-1,-1,-1,-1,-1,-1
2017530208780,2,9,0,18,0,0,0,0,0,0,3,1,2,1,19,4,1400,2,12,8,1,8
2017530208794,1,9,0,5,0,0,0,0,0,0,1,1,6,2,38,7,1560,2,8,6,2,6
2017530208794,2,9,0,5,0,0,0,0,0,0,2,1,6,1,-1,-1,-1,-1,-1,-1,1,-1
2017530208961,1,9,0,18,0,0,0,0,0,0,1,1,6,1,83,11,1242,1,8,8,2,8
2017530209244,1,9,0,17,0,0,1,0,2,0,4,1,2,1,27,6,1364,1,7,-1,-1,-1
2017530209375,1,9,0,7,0,6,0,0,0,0,1,1,2,1,22,5,1686,2,12,2,1,2
2017530209375,2,9,0,18,0,1,0,0,1,0,3,1,2,1,27,6,1753,2,13,9,2,9
2017530209477,1,1,0,18,5,0,0,0,0,0,1,1,6,1,47,8,-1,-1,-1,6,1,6
2017530210042,1,9,0,4,0,0,1,0,0,0,1,1,6,2,17,4,1193,1,4,6,3,6
2017530210042,2,9,0,4,0,0,0,0,0,0,2,1,6,1,22,5,2926,2,15,9,3,9
2017530210180,1,19,0,18,0,0,0,0,1,0,1,1,2,1,23,5,1598,2,1,2,1,2
2017530210180,2,9,0,18,0,0,0,0,0,0,2,1,2,1,42,7,1995,2,9,9,1,9
2017530210180,3,9,0,18,0,0,0,0,0,0,2,1,6,2,50,8,1968,2,1,8,1,8
2017530210180,4,9,0,18,0,0,0,0,0,0,2,1,6,2,39,7,999,1,5,-1,-1,-1
2017530210265,1,9,0,13,0,0,0,0,0,0,1,1,6,2,20,4,1400,1,17,7,1,7
2017530210265,2,9,0,18,0,0,0,0,0,0,1,1,6,1,44,7,1988,1,15,9,1,9
2017530210292,1,9,0,16,0,0,0,0,0,0,3,1,6,1,20,4,1998,1,14,5,1,5
2017530210292,2,9,0,17,0,0,1,0,1,0,3,1,3,1,18,4,1198,1,14,10,3,10
2017530210416,1,9,0,1,9,0,0,0,0,0,2,1,6,1,22,5,-1,-1,-1,9,1,9
2017530210508,1,9,0,17,0,0,0,0,8,0,1,1,6,2,59,9,998,1,14,-1,-1,-1
2017530210508,2,9,0,16,0,0,0,0,0,0,1,1,6,1,32,6,-1,-1,-1,7,3,7
2017530210618,1,9,0,5,0,6,0,0,0,0,0,1,2,2,46,8,1587,1,11,7,1,7
2017530210618,2,3,0,18,0,8,1,0,0,0,0,1,2,1,17,4,124,1,3,1,1,1
2017530210686,1,9,0,16,0,0,0,0,0,0,1,1,6,3,-1,-1,-1,-1,-1,-1,-1,-1
2017530210686,2,1,0,17,0,0,1,0,1,0,1,1,6,1,42,7,-1,-1,-1,5,1,5
2017530210711,1,9,0,1,0,0,0,0,0,0,1,1,5,1,38,7,1390,1,13,2,1,2
2017530210891,1,9,0,7,0,6,0,0,0,0,1,1,6,1,-1,-1,1969,2,1,-1,-1,-1
2017530210891,2,9,0,18,0,8,0,0,0,0,3,1,6,1,65,9,1489,1,19,4,2,4
2017530210962,1,9,0,9,0,8,2,0,0,0,3,1,1,1,22,5,-1,-1,-1,6,1,6
2017530210962,2,9,0,18,0,8,0,0,0,0,1,1,6,1,46,8,1595,1,8,5,1,5
2017530211255,1,19,0,18,0,1,0,0,0,0,1,1,6,1,41,7,2143,2,2,3,1,3
2017530211528,1,9,0,10,0,0,0,0,0,0,0,1,6,2,40,7,1685,2,1,10,1,10