Accident_Index,Vehicle_Reference,Vehicle_Type,Towing_and_Articulation,Vehicle_Manoeuvre,Vehicle_Location-Restricted_Lane,Junction_Location,Skidding_and_Overturning,Hit_Object_in_Carriageway,Vehicle_Leaving_Carriageway,Hit_Object_off_Carriageway,1st_Point_of_Impact,Was_Vehicle_Left_Hand_Drive?,Journey_Purpose_of_Driver,Sex_of_Driver,Age_of_Driver,Age_Band_of_Driver,Engine_Capacity_(CC),Propulsion_Code,Age_of_Vehicle,Driver_IMD_Decile,Driver_Home_Area_Type,Vehicle_IMD_Decile
2017530233710,2,1,0,18,9,0,0,0,0,0,3,1,6,1,35,6,-1,-1,-1,6,1,6
2017530234052,1,9,0,9,0,1,0,0,0,0,1,1,2,1,47,8,-1,-1,-1,9,3,9
2017530234129,1,9,0,18,0,0,0,0,0,0,1,1,6,1,52,8,-1,-1,-1,8,1,8
2017530234348,1,9,0,9,0,8,0,0,0,0,1,1,6,1,29,6,1968,2,8,-1,-1,-1
2017530234384,1,5,0,5,0,1,0,0,0,0,2,1,6,1,25,5,599,1,16,10,1,10
2017530234384,2,9,0,13,0,1,0,0,0,0,4,1,6,3,-1,-1,-1,-1,-1,-1,-1,-1
2017530234439,1,9,0,1,9,0,0,0,0,0,2,1,6,2,48,8,1968,2,1,10,1,10
2017530234439,2,1,0,18,9,0,5,0,0,0,4,1,6,1,5,1,-1,-1,-1,10,1,10
2017530234462,1,5,0,18,0,1,5,12,0,0,1,1,6,1,27,6,998,1,5,7,3,7
2017530234503,1,9,0,18,0,0,0,0,0,0,1,1,6,2,22,5,1242,1,-1,5,1,5
2017530234503,2,9,0,18,0,0,0,0,0,0,3,1,6,1,47,8,-1,-1,-1,1,1,1
2017530234503,3,9,0,4,0,0,0,0,0,0,2,1,6,1,46,8,1797,8,7,10,1,10
2017530234503,4,9,0,4,0,0,0,0,0,0,2,1,6,2,34,6,1999,1,-1,5,1,5
2017530234569,1,9,0,15,0,1,0,0,0,0,1,1,6,1,26,6,1998,1,12,1,1,1
2017530234569,2,1,0,18,0,1,0,0,0,0,1,1,6,1,13,3,-1,-1,-1,8,1,8
2017530234645,1,9,0,5,0,4,0,0,0,0,3,1,6,2,70,10,2199,2,3,7,3,7
2017530234645,2,9,0,18,0,3,0,0,0,0,1,1,6,1,67,10,-1,-1,-1,6,3,6
2017530234686,1,9,0,17,0,0,0,0,1,4,1,1,5,2,25,5,1968,2,8,10,3,10
2017530234856,1,9,0,16,0,0,0,0,0,0,1,1,6,1,68,10,1199,1,18,6,3,6
2017530234856,2,9,0,17,0,0,0,0,1,0,1,1,6,1,79,11,1796,1,18,4,1,4
2017530235044,1,9,0,9,0,5,0,0,0,0,3,1,6,2,95,11,998,1,2,8,3,8
2017530235044,2,9,0,18,0,1,0,0,0,0,1,1,6,2,61,9,1968,2,8,10,1,10
2017530235360,1,97,0,9,0,1,0,0,0,0,1,1,6,1,57,9,-1,-1,-1,10,1,10
2017530235360,2,9,0,4,0,1,0,0,0,0,2,1,6,1,45,7,2685,2,13,9,3,9
2017530235419,1,9,0,18,0,1,1,0,0,0,1,1,6,3,-1,-1,1781,1,14,-1,-1,-1
2017530235419,2,9,0,4,0,1,0,0,0,0,2,1,6,2,35,6,1399,2,8,4,1,4
2017530235419,3,19,0,18,0,1,0,0,0,0,4,1,1,1,41,7,1997,2,-1,4,1,4
2017530235794,1,9,0,18,0,2,0,0,0,0,1,1,6,1,-1,-1,1998,1,19,-1,-1,-1
2017530235794,2,9,0,18,0,5,0,0,0,0,2,1,6,2,28,6,1206,1,8,-1,-1,-1
2017530235890,1,9,0,17,0,0,2,0,0,0,1,1,6,1,68,10,-1,-1,-1,6,1,6
2017530235890,2,9,0,16,0,0,0,0,0,0,1,1,6,1,18,4,1360,1,16,7,3,7
2017530236262,1,3,0,18,0,0,2,0,0,0,1,1,2,1,47,8,125,1,1,8,1,8
2017530236262,2,9,0,18,0,0,0,0,0,0,0,1,6,3,-1,-1,-1,-1,-1,-1,-1,-1
2017530236420,1,9,0,18,0,1,0,10,1,1,1,1,6,2,73,10,1999,1,7,5,1,5
2017530236498,1,2,0,18,0,1,1,0,0,0,4,1,6,1,48,8,49,1,9,6,1,6
2017530236498,2,9,0,18,0,1,0,0,0,0,2,1,6,1,19,4,1150,1,9,7,3,7
2017530236607,1,9,0,2,0,0,0,0,1,9,2,1,6,1,24,5,1108,1,9,1,1,1
2017530236607,2,9,0,18,0,0,1,4,0,0,1,1,6,1,24,5,998,1,3,6,1,6
2017530236812,1,9,0,18,0,7,0,0,0,0,4,1,6,3,-1,-1,-1,-1,-1,-1,-1,-1
2017530237550,1,9,0,9,0,5,0,0,0,0,4,1,2,1,32,6,1686,2,4,8,1,8
2017530237614,1,9,0,5,0,1,0,0,0,0,1,1,6,2,42,7,1995,2,7,7,1,7
2017530237614,2,9,0,18,0,1,0,0,0,0,1,1,6,2,24,5,-1,-1,-1,6,1,6
2017530237709,1,9,0,18,0,1,0,0,0,0,1,1,6,1,35,6,1598,1,14,4,1,4
2017530237709,2,9,0,18,0,1,0,0,0,0,1,1,6,1,87,11,2967,1,12,7,3,7
2017530237930,1,9,0,10,0,2,0,0,0,0,1,1,6,2,50,8,1998,1,13,7,3,7
2017530237930,2,9,0,18,0,8,0,0,0,0,1,1,1,2,27,6,998,1,5,-1,-1,-1
2017530238614,1,21,0,18,0,0,0,0,0,0,2,1,6,1,57,9,-1,-1,-1,2,1,2
2017530238614,2,9,0,18,0,0,0,0,0,0,1,1,6,2,27,6,998,1,4,8,1,8
2017530238657,1,19,0,18,0,1,0,0,7,0,3,1,1,1,29,6,1248,2,11,6,1,6
2017530238657,2,9,0,18,0,1,0,0,0,0,1,1,6,2,68,10,1560,2,5,-1,-1,-1
2017530238729,1,9,0,13,0,0,5,0,0,0,1,1,6,1,27,6,1586,1,-1,2,1,2
2017530238729,2,9,0,18,0,0,0,0,0,0,1,1,6,1,24,5,1956,2,6,1,1,1
2017530238755,1,4,0,18,0,1,0,0,0,0,1,1,6,1,28,6,-1,-1,-1,8,3,8
2017530238755,2,9,0,5,0,1,0,0,0,0,2,1,2,2,41,7,2231,2,9,5,1,5
2017530238758,1,1,0,18,0,1,0,0,0,0,3,1,4,1,14,3,-1,-1,-1,6,1,6
2017530238758,2,9,0,18,0,1,0,0,0,0,4,1,6,1,48,8,1896,2,13,3,1,3
2017530239052,1,21,1,18,0,4,2,0,0,0,1,2,1,1,21,5,-1,-1,-1,-1,-1,-1
2017530239093,1,21,0,16,0,0,1,0,0,0,1,1,1,1,65,9,11705,2,9,6,1,6
2017530239093,2,90,0,17,0,0,0,0,1,0,1,1,3,1,45,7,-1,-1,-1,9,2,9
2017530239201,1,9,0,18,0,0,0,0,0,0,0,1,6,3,-1,-1,-1,-1,-1,-1,-1,-1
2017530239201,2,11,0,15,0,0,0,0,0,0,0,1,1,2,35,6,3900,2,13,7,1,7
2017530239215,1,9,0,18,0,0,5,0,1,4,1,1,6,1,54,8,1798,8,2,10,1,10
2017530239220,1,3,0,17,0,0,2,0,0,0,1,1,6,1,22,5,125,1,2,4,1,4
2017530239233,1,9,0,18,0,4,0,0,0,0,1,1,6,1,-1,-1,1910,2,9,5,2,5
2017530239233,2,1,0,18,0,4,5,0,0,0,1,1,6,1,36,7,-1,-1,-1,10,3,10
2017530239264,1,9,0,1,0,1,0,0,0,0,2,1,3,1,44,7,2967,2,5,10,1,10
2017530239264,2,1,0,18,0,1,0,0,0,0,3,1,4,1,14,3,-1,-1,-1,7,1,7
2017530239871,1,9,0,11,0,1,1,0,2,0,2,1,6,1,36,7,1781,1,16,-1,1,-1
2017530239923,1,9,0,16,0,0,0,0,0,0,1,1,6,1,17,4,-1,-1,-1,6,3,6
2017530239923,2,21,0,17,0,0,0,0,0,0,3,1,1,1,49,8,10518,2,6,-1,-1,-1
2017530239923,3,9,0,18,0,0,0,0,0,0,4,1,6,1,51,8,1396,1,2,-1,1,-1
2017530239983,1,9,0,5,0,5,0,0,0,0,3,1,3,2,38,7,1995,2,1,10,3,10
2017530239983,2,2,0,18,0,8,1,0,0,0,1,1,6,1,17,4,49,1,3,3,1,3
2017530240236,1,9,0,18,0,0,5,0,1,0,1,1,6,2,70,10,1248,2,8,-1,2,-1
2017530240356,1,9,0,17,0,0,0,0,1,0,1,1,1,1,25,5,-1,-1,-1,-1,1,-1
2017530240395,1,9,0,18,0,0,0,7,0,0,1,1,6,1,28,6,1870,2,14,1,1,1
2017530240395,2,9,0,18,0,0,0,0,0,0,1,1,6,1,59,9,1618,1,-1,6,1,6
2017530240740,1,9,0,5,0,1,0,0,0,0,1,1,2,2,51,8,1997,1,12,6,3,6
2017530240740,2,9,0,18,0,8,0,0,0,0,1,1,2,2,46,8,-1,-1,-1,6,3,6
2017530240792,1,21,0,7,0,8,0,0,1,0,4,1,1,1,52,8,4461,2,5,7,3,7
2017530240792,2,90,0,4,9,1,0,0,0,0,0,1,6,1,6,2,-1,-1,-1,5,1,5
2017530240884,1,9,0,18,0,0,0,0,0,0,1,1,2,1,54,8,1364,1,11,5,1,5
2017530240884,2,9,0,3,0,0,0,0,0,0,2,1,2,2,49,8,1591,1,7,5,1,5
2017530240884,3,9,0,3,0,0,0,0,0,0,2,1,2,1,40,7,1995,2,6,9,1,9
2017530240926,1,9,0,17,0,0,0,0,0,0,1,1,1,1,47,8,2231,2,7,1,1,1
2017530240973,1,9,0,3,9,2,0,0,0,0,3,1,6,1,40,7,1986,2,9,4,1,4
2017530240973,2,1,0,18,9,6,0,0,0,0,1,1,6,1,42,7,-1,-1,-1,4,1,4
2017530240982,1,9,0,18,0,0,1,0,0,0,1,1,1,2,39,7,-1,-1,-1,5,1,5
2017530240982,2,9,0,18,0,0,0,0,0,0,1,1,6,2,31,6,1598,1,11,4,1,4
2017530241022,1,9,0,7,0,1,0,0,0,0,3,1,6,1,22,5,1598,2,7,5,3,5
2017530241022,2,9,0,2,0,2,0,4,0,0,2,1,6,2,47,8,1497,1,13,4,1,4
2017530241028,1,8,0,9,0,8,0,0,0,0,1,1,1,1,52,8,-1,-1,-1,9,1,9
2017530241028,2,1,0,9,0,8,0,0,0,0,2,1,2,2,24,5,-1,-1,-1,5,1,5
2017530241190,1,9,0,18,0,2,0,0,0,0,2,1,6,2,57,9,1968,2,4,7,3,7
2017530241190,2,9,0,18,0,2,0,0,0,0,1,1,6,2,28,6,1968,2,5,7,3,7
2017530241268,1,9,0,18,0,0,0,0,0,0,1,1,6,1,21,5,1398,1,7,10,1,10
2017530241328,1,9,0,9,0,5,0,0,0,0,1,1,6,1,48,8,1597,1,23,6,1,6
2017530241328,2,9,0,18,0,5,0,0,0,0,3,1,6,1,78,11,1796,1,15,1,1,1
2017530241343,1,9,0,18,0,0,0,0,0,0,1,1,6,2,-1,-1,1968,2,8,5,3,5
2017530241343,2,9,0,3,0,0,0,0,0,0,2,1,6,2,33,6,1149,1,13,7,3,7
2017530241463,1,9,0,18,0,3,0,0,0,0,3,1,6,2,28,6,1398,1,6,6,3,6
2017530241463,2,9,0,18,0,3,0,0,0,0,4,1,6,2,62,9,1968,2,1,8,2,8
2017530241550,1,9,0,16,0,0,2,0,7,0,1,1,6,2,28,6,-1,-1,-1,8,1,8
2017530242069,1,9,0,3,0,0,0,0,0,0,2,1,6,2,40,7,1995,2,4,4,1,4
2017530242069,2,1,0,18,0,0,1,0,0,0,1,1,6,1,27,6,-1,-1,-1,-1,-1,-1
2017530242585,1,9,0,5,0,6,0,0,0,0,3,1,6,2,40,7,1968,2,6,9,3,9
2017530242585,2,1,0,18,0,1,0,0,0,0,1,1,6,1,17,4,-1,-1,-1,1,1,1
2017530242639,1,9,0,10,0,3,0,0,0,0,2,1,6,2,24,5,1199,1,14,9,1,9
2017530242639,2,9,0,16,0,3,0,0,0,0,1,1,6,1,47,8,1995,2,5,8,2,8
2017530242727,1,9,0,18,0,0,0,0,0,0,1,1,6,2,-1,-1,1242,1,11,-1,-1,-1
2017530242727,2,1,0,18,0,0,5,0,0,0,1,1,6,1,17,4,-1,-1,-1,10,1,10
2017530242789,1,9,0,18,0,4,0,0,0,0,4,1,6,2,28,6,1753,2,12,10,2,10
2017530242789,2,1,0,18,0,8,0,0,0,0,1,1,6,1,55,8,-1,-1,-1,10,1,10
2017530242848,1,11,0,4,0,3,0,0,0,0,1,1,1,1,-1,-1,-1,-1,-1,-1,-1,-1
2017530242848,2,1,0,18,0,3,0,0,0,0,0,1,4,1,13,3,-1,-1,-1,2,1,2
2017530243084,1,9,0,18,0,0,1,0,0,0,0,1,6,2,65,9,998,1,15,7,2,7
2017530243084,2,17,5,9,0,0,0,0,0,0,1,1,1,1,40,7,6788,2,2,9,2,9
2017530243135,1,9,0,11,0,8,1,0,0,0,4,1,2,1,48,8,-1,-1,-1,3,1,3
2017530243135,2,9,0,18,0,8,0,0,0,0,1,1,6,1,29,6,-1,-1,-1,3,1,3
2017530243237,1,9,0,17,0,0,2,0,0,0,1,1,6,1,37,7,-1,-1,-1,7,3,7
2017530243237,2,21,1,16,0,0,0,0,1,0,1,1,1,1,26,6,10677,2,3,2,1,2
2017530243259,1,2,0,9,0,0,0,0,0,0,4,1,6,1,16,4,50,1,10,9,1,9
2017530243259,2,9,0,18,0,0,0,0,0,0,1,1,6,2,72,10,1995,2,7,9,1,9
2017530243606,1,9,0,18,0,1,1,0,0,0,1,1,6,1,24,5,2521,1,10,1,1,1
2017530243606,2,9,0,9,0,1,1,11,0,0,3,1,6,1,46,8,1248,1,6,4,1,4
2017530243666,1,9,0,18,0,1,0,0,0,0,1,1,6,2,50,8,1399,2,10,6,3,6
2017530243666,2,9,0,18,0,1,0,0,0,0,1,1,6,1,36,7,1796,1,8,5,1,5
2017530243666,3,9,0,18,0,1,0,0,0,0,1,1,6,2,23,5,998,1,13,5,1,5
2017530243761,1,9,0,18,0,1,0,0,0,0,4,1,6,2,62,9,-1,-1,-1,9,3,9
2017530243840,1,9,0,5,0,6,0,0,0,0,3,1,1,1,55,8,2143,2,4,7,3,7
2017530243840,2,19,0,18,0,1,0,0,7,10,1,1,1,1,40,7,1686,2,7,6,1,6
2017530244206,1,9,0,18,0,0,1,6,1,0,4,1,6,1,34,6,1796,1,11,6,1,6
2017530244244,1,9,0,8,0,1,0,0,0,0,2,1,6,1,67,10,1997,2,2,10,1,10
2017530244244,2,1,0,18,0,1,0,0,0,0,2,1,6,2,22,5,-1,-1,-1,8,1,8
2017530244514,1,9,0,9,0,8,0,0,0,0,1,1,2,1,55,8,1598,1,14,2,1,2
2017530244514,2,3,0,18,0,1,0,0,7,0,4,1,2,1,18,4,124,1,5,5,3,5
2017530244844,1,9,0,13,0,0,0,0,0,0,1,1,6,1,18,4,1299,1,14,2,1,2
2017530244844,2,9,0,9,0,0,0,0,0,0,3,1,6,1,22,5,1299,1,20,-1,-1,-1
2017530244931,1,9,0,9,0,0,0,0,0,0,4,1,6,2,24,5,1598,1,13,6,3,6
2017530244931,2,9,0,18,0,0,0,0,0,0,2,1,6,1,70,10,2495,2,20,7,3,7
2017530245020,1,21,1,18,0,0,1,10,7,0,1,1,1,1,52,8,12809,2,3,7,2,7
2017530245020,2,9,0,18,0,0,1,0,1,0,1,1,6,2,61,9,1399,2,6,7,1,7
2017530245261,1,9,0,1,0,0,5,4,1,0,4,1,2,2,55,8,1799,1,7,4,1,4
2017530245261,2,9,0,2,0,0,0,0,0,0,1,1,6,1,39,7,1991,2,7,4,1,4
2017530245289,1,9,0,18,0,0,0,0,0,0,3,1,2,2,63,9,1590,1,12,10,1,10
2017530245321,1,3,0,18,0,1,2,12,0,0,1,1,2,1,32,6,125,1,10,4,1,4
2017530245367,1,11,0,18,0,0,0,0,0,0,1,1,1,1,65,9,7698,2,-1,4,1,4
2017530245367,2,9,0,10,0,0,0,0,0,0,2,1,1,2,39,7,1896,2,8,7,3,7
2017530245406,1,5,0,18,0,0,0,0,1,0,1,1,6,1,53,8,1188,1,28,8,1,8
2017530245443,1,9,0,18,0,0,0,4,1,0,1,1,2,2,55,8,698,1,12,10,2,10
2017530245443,2,19,0,2,0,0,0,0,0,0,1,1,5,3,-1,-1,1996,2,5,-1,-1,-1
2017530245496,1,9,0,9,0,5,0,0,0,0,1,1,2,2,69,10,1560,2,3,6,2,6
2017530245496,2,9,0,18,0,1,0,0,1,0,1,1,3,2,44,7,1560,2,8,-1,3,-1
2017530245542,1,9,0,7,0,6,0,0,0,0,3,1,6,1,77,11,1587,1,12,3,1,3
2017530245542,2,9,0,18,0,8,0,0,0,0,1,1,2,2,50,8,1398,1,17,-1,-1,-1
2017530245664,1,90,0,4,0,0,0,0,0,0,2,1,6,1,68,10,1769,2,21,2,1,2
2017530245664,2,9,0,18,0,0,0,0,0,0,1,1,6,1,55,8,1969,2,1,4,1,4
2017530245736,1,9,0,4,0,1,0,0,0,0,2,1,2,2,60,9,999,1,2,7,3,7
2017530245736,2,9,0,5,0,1,0,0,0,0,1,1,2,2,30,6,1968,2,11,6,2,6
2017530245823,1,9,0,17,0,0,1,0,0,0,1,1,6,1,30,6,2143,2,8,4,1,4
2017530245823,2,9,0,16,0,0,1,0,0,0,1,1,6,1,60,9,2993,2,4,7,3,7
2017530245896,1,9,0,18,0,1,0,0,7,0,1,1,6,2,66,10,1198,1,13,6,3,6
2017530245896,2,9,0,18,0,1,0,0,1,0,4,1,6,1,36,7,1896,2,14,10,1,10
2017530245961,1,9,0,18,0,0,0,0,0,0,1,1,6,3,-1,-1,-1,-1,-1,-1,-1,-1
2017530245961,2,9,0,18,0,0,0,0,0,0,2,1,6,2,35,6,1299,1,16,10,1,10
2017530245987,1,21,1,9,0,8,0,0,0,0,4,1,1,1,56,9,12900,2,6,-1,3,-1
2017530245987,2,19,0,18,0,8,1,0,0,0,1,1,1,1,54,8,2143,2,-1,10,1,10
2017530246061,1,9,0,18,0,8,0,0,0,0,1,1,6,2,56,9,2179,2,7,7,3,7
2017530246061,2,9,0,9,0,8,0,0,0,0,4,1,6,2,54,8,1997,2,15,5,3,5
2017530246101,1,9,0,5,0,0,0,10,0,0,1,1,6,1,49,8,1598,1,16,6,1,6
2017530246101,2,9,0,5,0,0,0,0,0,0,1,1,6,2,28,6,1948,1,14,8,1,8
2017530246327,1,9,0,13,0,8,0,0,0,0,4,1,6,1,52,8,-1,-1,-1,1,1,1
2017530246327,2,1,0,18,4,8,0,0,0,0,3,1,6,1,58,9,-1,-1,-1,2,1,2
2017530246391,1,1,0,18,0,0,0,0,0,0,1,1,6,1,41,7,-1,-1,-1,10,2,10
2017530246391,2,9,0,18,0,0,0,0,0,0,1,1,1,1,47,8,-1,-1,-1,6,3,6
2017530246428,1,9,0,18,0,0,5,0,7,0,3,1,6,1,16,4,1199,1,15,2,1,2
2017530246499,1,9,0,9,0,1,0,0,0,0,1,1,6,2,17,4,1198,1,12,9,1,9
2017530246499,2,9,0,18,0,1,0,0,0,0,1,1,6,1,42,7,1364,1,9,8,1,8
2017530246567,1,9,0,17,0,0,1,4,0,0,1,1,2,2,30,6,1800,1,17,9,3,9
2017530246567,2,9,0,2,0,0,0,0,0,0,2,1,6,1,-1,-1,1781,1,29,9,3,9
2017530246567,3,9,0,2,0,0,0,0,0,0,2,1,6,1,-1,-1,1781,1,26,9,3,9
2017530247223,1,9,0,18,0,0,0,0,0,0,1,1,2,2,34,6,1587,1,11,6,2,6
2017530247577,1,9,0,1,0,0,0,0,0,0,4,1,1,2,58,9,2179,2,6,7,1,7
2017530247577,2,9,0,2,0,0,0,0,0,0,3,1,1,2,-1,-1,1968,2,6,8,1,8
2017530247645,1,98,5,18,0,0,0,0,0,0,1,1,6,1,50,8,-1,-1,-1,7,1,7
2017530247645,2,9,0,18,0,0,0,0,0,0,2,1,1,1,85,11,-1,-1,-1,10,1,10
2017530247741,1,9,0,18,0,0,0,0,0,0,3,1,1,2,45,7,998,1,10,5,2,5
2017530247793,1,9,0,18,0,0,1,0,0,0,1,1,6,2,48,8,1796,1,9,9,1,9
2017530247793,2,17,0,18,0,0,0,0,0,0,2,1,1,1,81,11,-1,2,22,7,3,7
2017530247998,1,9,0,18,0,0,1,0,7,0,3,1,6,1,17,4,1198,1,7,9,3,9
2017530247998,2,9,0,18,0,0,1,0,7,0,1,1,6,1,27,6,1149,1,17,-1,-1,-1
2017530248103,1,98,0,18,0,0,0,0,0,0,4,1,6,3,-1,-1,-1,-1,-1,-1,-1,-1
2017530248139,1,19,0,18,9,0,0,0,0,0,1,1,1,1,23,5,1560,2,3,6,3,6
2017530248162,1,9,0,18,0,0,1,0,0,0,1,1,2,1,28,6,-1,-1,-1,9,1,9
2017530248162,2,9,0,18,0,0,0,1,0,0,1,1,2,1,62,9,2967,1,15,4,3,4
2017530248162,3,9,0,12,0,0,0,0,0,0,0,1,6,3,-1,-1,-1,-1,-1,-1,-1,-1
2017530248232,1,1,0,18,0,8,0,0,0,0,1,1,2,1,25,5,-1,-1,-1,2,1,2
2017530248232,2,9,0,5,0,8,0,0,0,0,1,1,2,2,45,7,1998,1,14,7,1,7
2017530249166,1,9,0,4,0,1,0,0,0,0,2,1,6,2,26,6,1248,2,3,-1,-1,-1
2017530249166,2,9,0,4,0,1,0,0,0,0,1,1,6,2,51,8,1248,1,5,5,1,5
2017530249166,3,9,0,4,0,1,0,0,0,0,1,1,6,1,48,8,1995,2,14,3,1,3
2017530249166,4,9,0,4,0,1,0,0,0,0,1,1,6,1,50,8,1598,2,-1,9,1,9
2017530249384,1,9,0,9,0,1,0,0,0,0,4,1,6,1,29,6,1598,1,14,10,1,10
2017530249384,2,9,0,18,0,1,0,0,7,0,3,1,6,1,61,9,1999,1,11,2,1,2
2017530249441,1,9,0,18,0,3,1,0,0,0,4,1,6,2,38,7,1598,1,6,3,2,3
2017530249441,2,9,0,18,0,4,0,0,0,0,3,1,6,2,50,8,1360,1,15,9,1,9
2017530249510,1,9,0,18,0,0,2,0,1,0,1,1,6,1,43,7,1998,1,-1,5,2,5
2017530249585,1,9,0,18,0,0,0,0,0,0,0,1,6,1,36,7,1968,2,10,5,1,5
2017530249585,2,9,0,10,0,0,0,0,0,0,2,1,6,2,25,5,1598,1,8,1,1,1
2017530249602,1,9,0,4,0,0,0,0,0,0,1,1,2,1,28,6,1560,2,5,5,1,5
2017530249602,2,9,0,4,0,0,0,0,0,0,2,1,1,1,48,8,1995,2,4,8,1,8
2017530249638,1,9,0,18,0,1,1,0,0,0,1,1,6,1,60,9,-1,-1,-1,7,1,7
2017530249824,1,9,0,18,0,6,0,0,0,0,1,1,6,1,-1,-1,2000,1,22,-1,-1,-1
2017530249824,2,9,0,18,0,8,0,0,0,0,1,1,6,2,34,6,1796,1,15,4,1,4
2017530249824,3,9,0,2,0,2,0,0,0,0,1,1,6,1,32,6,1360,1,9,-1,-1,-1
2017530250265,1,9,0,18,0,0,0,0,0,0,3,1,1,2,50,8,1995,2,1,10,1,10
2017530250265,2,9,0,18,0,0,0,0,0,0,4,1,1,1,21,5,1229,1,10,8,1,8
2017530250265,3,21,1,18,0,0,0,0,0,0,2,1,1,1,64,9,12777,2,4,-1,2,-1
2017530250265,4,9,0,18,0,0,0,0,0,0,1,1,1,2,23,5,1560,2,12,5,3,5
2017530250302,1,3,0,18,0,0,0,0,0,0,3,1,2,2,18,4,125,1,10,6,3,6
2017530250302,2,98,0,18,0,0,0,0,0,0,4,1,2,1,34,6,-1,-1,-1,2,1,2
2017530250405,1,2,0,18,0,4,5,0,0,0,0,1,2,2,17,4,49,1,2,6,1,6
2017530250405,2,9,0,18,0,4,0,0,0,0,3,1,6,3,-1,-1,-1,-1,-1,-1,-1,-1
2017530250446,1,9,0,16,0,8,0,0,0,0,3,1,6,1,65,9,3311,8,9,9,1,9
2017530250446,2,9,0,17,0,8,0,0,0,0,3,1,6,2,54,8,1598,1,10,6,3,6
2017530250450,1,9,0,17,0,4,1,7,4,0,1,1,6,1,33,6,1753,2,12,7,1,7
2017530251218,1,9,0,9,0,6,0,0,0,0,1,1,6,1,-1,-1,1968,2,6,6,3,6
2017530251218,2,1,0,14,0,6,0,0,0,0,1,1,5,1,34,6,-1,-1,-1,2,1,2
2017530251517,1,9,0,3,0,0,0,0,0,0,1,1,1,1,25,5,1598,1,10,9,1,9
2017530251517,2,98,0,3,0,0,0,0,0,0,2,1,6,3,-1,-1,-1,-1,-1,-1,-1,-1
2017530251517,3,9,0,18,0,0,0,0,0,0,1,1,6,3,-1,-1,-1,-1,-1,-1,-1,-1
2017530251538,1,9,0,18,0,0,0,0,0,0,1,1,6,1,59,9,999,1,16,2,1,2
2017530251538,2,9,0,18,0,0,0,0,0,0,2,1,6,1,38,7,1598,2,5,8,1,8
2017530251634,1,98,0,18,0,8,0,0,0,0,1,1,6,1,-1,-1,-1,-1,-1,-1,-1,-1
2017530251679,1,9,0,18,0,0,1,0,0,0,1,1,6,1,54,8,-1,-1,-1,8,1,8
2017530251679,2,9,0,18,0,0,0,0,0,0,2,1,6,1,43,7,2969,2,12,9,1,9
2017530251679,3,9,0,18,0,0,0,0,0,0,2,1,6,2,47,8,1242,1,2,10,1,10
2017530252716,1,9,0,18,0,0,0,0,0,0,1,1,6,3,-1,-1,-1,-1,-1,-1,-1,-1
2017530252716,2,1,0,18,0,0,5,0,1,0,2,1,6,1,62,9,-1,-1,-1,8,3,8
2017530252716,3,9,0,2,0,0,0,0,0,0,2,1,6,1,70,10,2179,2,4,5,2,5
2017530252716,4,9,0,18,0,0,0,1,0,0,1,1,6,2,34,6,1896,2,21,-1,-1,-1
2017530252773,1,9,0,5,0,0,0,0,0,0,3,1,6,2,48,8,1598,1,12,2,1,2
2017530252773,2,4,0,18,0,0,5,0,0,0,1,1,6,1,20,4,250,1,2,9,1,9
2017530253188,1,9,0,18,0,0,0,0,7,4,1,1,6,1,26,6,1997,2,19,5,3,5
2017530254329,1,3,0,18,0,1,5,0,0,0,1,1,6,1,-1,-1,124,1,6,-1,-1,-1
2017530254425,1,9,0,3,0,1,0,0,0,0,2,1,6,2,27,6,1199,1,15,2,1,2
2017530254425,2,19,0,18,0,1,0,0,0,0,1,1,6,1,46,8,1753,2,13,6,3,6
2017530254531,1,9,0,8,0,5,1,9,8,0,2,1,6,1,70,10,1199,1,15,10,1,10
2017530254531,2,9,0,18,0,1,0,0,0,0,1,1,1,1,19,4,-1,-1,-1,6,3,6
2017530254612,1,9,0,18,0,0,0,0,0,0,1,1,6,1,18,4,1399,2,12,7,3,7
2017530254612,2,3,0,18,0,0,0,0,0,0,2,1,6,1,33,6,102,1,10,6,2,6
2017530254612,3,9,0,18,0,0,0,0,0,0,0,1,6,1,18,4,1198,1,3,5,3,5
2017530254705,1,9,0,18,0,0,0,0,1,0,0,1,2,1,36,7,-1,-1,-1,1,1,1
2017530254910,1,5,0,18,0,1,0,12,0,0,4,1,2,1,27,6,800,1,2,6,2,6
2017530254933,1,9,0,9,0,1,0,0,0,0,1,1,6,2,72,10,1296,1,9,6,2,6
2017530254933,2,9,0,18,0,8,0,0,0,0,1,1,6,2,74,10,1124,1,11,6,2,6
2017530255013,1,9,0,18,0,0,0,0,0,0,1,1,6,2,74,10,1762,1,17,10,1,10
2017530255013,2,9,0,18,0,0,0,0,0,0,2,1,6,1,54,8,5461,1,1,10,1,10
2017530255013,3,9,0,18,0,0,0,0,0,0,2,1,6,2,43,7,1339,1,11,6,1,6
2017530255086,1,9,0,7,0,1,0,0,0,0,3,1,2,1,55,8,-1,-1,-1,3,1,3
2017530255086,2,9,0,18,0,1,0,0,0,0,1,1,5,1,28,6,1596,1,16,-1,-1,-1