Accident_Index,Vehicle_Reference,Vehicle_Type,Towing_and_Articulation,Vehicle_Manoeuvre,Vehicle_Location-Restricted_Lane,Junction_Location,Skidding_and_Overturning,Hit_Object_in_Carriageway,Vehicle_Leaving_Carriageway,Hit_Object_off_Carriageway,1st_Point_of_Impact,Was_Vehicle_Left_Hand_Drive?,Journey_Purpose_of_Driver,Sex_of_Driver,Age_of_Driver,Age_Band_of_Driver,Engine_Capacity_(CC),Propulsion_Code,Age_of_Vehicle,Driver_IMD_Decile,Driver_Home_Area_Type,Vehicle_IMD_Decile
2017530255149,1,19,0,18,0,4,0,0,0,0,1,1,6,1,22,5,2477,2,10,-1,-1,-1
2017530255149,2,9,0,18,0,4,0,0,0,0,1,1,6,1,28,6,1598,1,14,6,1,6
2017530255151,1,9,0,18,0,0,2,0,0,0,0,1,2,2,-1,-1,1896,2,10,7,3,7
2017530255177,1,9,0,17,0,8,0,0,0,0,1,1,2,1,63,9,-1,-1,-1,8,3,8
2017530255244,1,9,0,18,0,0,2,0,1,10,1,1,1,1,18,4,1587,1,22,-1,2,-1
2017530255244,2,90,5,18,0,0,0,0,0,0,0,1,1,1,73,10,-1,-1,-1,-1,-1,-1
2017530255247,1,9,0,18,0,1,1,0,1,0,1,1,6,2,31,6,1390,1,6,4,1,4
2017530255281,1,9,0,18,0,0,0,0,0,0,2,1,2,2,42,7,1560,2,1,9,2,9
2017530255281,2,1,0,15,0,0,0,0,0,0,4,1,6,1,37,7,-1,-1,-1,9,1,9
2017530255296,1,9,0,5,0,2,0,0,0,0,1,1,5,1,52,8,1242,1,5,9,2,9
2017530255296,2,9,0,18,0,8,0,0,0,0,1,1,6,1,23,5,1896,2,15,9,1,9
2017530255340,1,9,0,18,0,0,1,6,0,0,4,1,6,1,23,5,1229,1,13,5,2,5
2017530255340,2,9,0,18,0,0,1,0,0,0,1,1,6,2,26,6,1597,1,19,6,1,6
2017530255375,1,9,0,18,0,4,0,0,0,0,1,1,6,2,34,6,1896,2,12,9,3,9
2017530255375,2,1,0,18,0,8,0,0,0,0,4,1,6,1,27,6,-1,-1,-1,-1,-1,-1
2017530255471,1,19,0,4,0,0,0,0,0,0,1,1,5,1,29,6,1499,2,-1,1,1,1
2017530255471,2,9,0,3,0,0,0,0,0,0,2,1,6,1,24,5,1461,2,13,10,1,10
2017530255471,3,9,0,3,0,0,0,0,0,0,2,1,5,2,36,7,1395,1,1,6,1,6
2017530255481,1,9,0,9,0,1,0,0,0,0,0,1,6,1,70,10,1596,1,4,3,1,3
2017530255481,2,1,0,9,0,1,0,0,0,0,4,1,6,1,44,7,-1,-1,-1,9,1,9
2017530255597,1,9,0,6,0,0,0,0,7,9,3,1,5,2,60,9,1242,1,11,8,1,8
2017530255597,2,3,0,18,0,0,0,0,0,0,1,1,2,1,28,6,125,1,2,-1,-1,-1
2017530255803,1,9,0,5,0,6,0,0,0,0,3,1,6,2,21,5,1198,1,5,10,1,10
2017530255803,2,9,0,18,0,2,0,0,0,0,4,1,6,1,61,9,1399,1,-1,6,1,6
2017530256075,1,9,0,4,0,8,0,0,0,0,1,1,5,2,42,7,1984,1,14,9,1,9
2017530256075,2,5,0,4,0,8,0,0,0,0,2,1,2,1,53,8,1130,1,16,1,1,1
2017530256259,1,5,0,18,0,0,0,0,7,4,1,1,6,1,63,9,598,1,18,4,1,4
2017530256482,1,9,0,17,0,4,0,0,0,0,1,1,6,2,65,9,3200,2,12,8,1,8
2017530256482,2,22,0,5,0,4,0,0,0,0,1,1,6,1,43,7,-1,-1,-1,1,1,1
2017530256544,1,1,0,18,0,0,0,11,1,0,0,1,6,1,48,8,-1,-1,-1,6,3,6
2017530256544,2,9,0,18,0,0,0,0,0,0,0,1,6,3,-1,-1,-1,-1,-1,-1,-1,-1
2017530256731,1,9,0,9,0,8,0,0,0,0,1,1,6,2,23,5,1896,2,13,4,1,4
2017530256731,2,1,0,18,0,8,0,0,0,0,3,1,2,1,28,6,-1,-1,-1,1,1,1
2017530257726,1,9,0,10,0,1,0,0,0,0,1,1,6,2,67,10,998,1,6,4,1,4
2017530257726,2,4,0,10,0,1,0,0,0,0,2,1,6,1,52,8,250,1,5,10,1,10
2017530258308,1,9,0,18,0,0,0,0,0,0,3,1,6,2,55,8,1598,1,-1,8,2,8
2017530258308,2,9,0,18,0,0,0,0,0,0,4,1,6,2,28,6,-1,-1,-1,6,1,6
2017530258576,1,9,0,3,0,1,0,0,0,0,2,1,6,2,75,10,2494,1,18,9,1,9
2017530258576,2,9,0,4,0,1,0,0,0,0,0,1,6,2,26,6,1399,1,7,1,1,1
2017530260764,1,9,0,18,0,0,1,0,0,0,1,1,6,1,61,9,2191,2,4,8,1,8
2017530260764,2,9,0,18,0,0,1,0,0,0,1,1,6,2,47,8,1360,1,16,10,1,10
2017530260764,3,9,0,18,0,0,1,0,0,0,1,1,6,2,-1,-1,1360,1,16,6,1,6
2017530260764,4,9,0,18,0,0,1,0,0,0,1,1,6,1,31,6,998,1,12,8,1,8
2017530260764,5,9,0,2,0,0,0,0,0,0,0,1,6,1,49,8,2300,1,22,6,1,6
2017530260963,1,9,0,18,0,8,0,0,0,0,1,1,6,3,-1,-1,-1,-1,-1,-1,-1,-1
2017530260983,1,9,0,5,5,0,0,0,0,0,4,1,6,1,23,5,1781,1,15,8,1,8
2017530261242,1,9,0,18,0,8,0,0,0,0,4,1,2,1,58,9,1461,2,12,4,1,4
2017530261501,1,9,0,4,0,0,0,0,0,0,2,1,6,1,41,7,1397,1,10,9,3,9
2017530261501,2,19,0,18,0,0,0,0,0,0,1,1,6,1,24,5,1248,2,6,8,1,8
2017530261774,1,9,0,7,0,0,1,0,0,0,1,1,6,1,23,5,1686,2,14,1,1,1
2017530261774,2,9,0,18,0,0,0,0,0,0,3,1,6,1,60,9,2179,2,16,2,1,2
2017530262113,1,9,0,18,0,0,0,0,0,0,4,1,6,3,-1,-1,-1,-1,-1,-1,-1,-1
2017530262347,1,9,0,17,0,0,2,0,1,10,2,1,5,1,25,5,1242,1,13,4,1,4
2017530264695,1,9,0,18,0,1,0,0,1,10,1,1,5,1,-1,-1,2143,2,1,-1,-1,-1
2017530264695,2,9,0,10,0,1,0,0,1,3,1,1,2,1,-1,-1,1398,1,7,3,1,3
2017530267187,1,3,0,9,0,8,0,0,0,0,1,1,2,1,18,4,125,1,2,5,3,5
2017530267187,2,9,0,18,0,8,0,0,0,0,2,1,2,1,19,4,1124,1,12,7,3,7
2017530267451,1,19,0,18,0,1,0,0,0,0,2,1,6,1,32,6,1995,2,9,6,1,6
2017530267451,2,9,0,18,0,1,0,0,0,0,1,1,6,1,49,8,1968,2,8,10,2,10
2017530267584,1,9,0,18,0,4,5,0,3,0,1,1,6,1,28,6,1799,1,8,1,1,1
2017530267584,2,9,0,5,0,3,0,0,1,7,3,1,6,2,35,6,2987,2,-1,10,1,10
2017530270510,1,9,0,18,0,7,0,0,0,0,1,1,1,2,60,9,-1,-1,-1,8,3,8
2017530270510,2,9,0,18,0,5,0,0,0,0,1,1,1,2,66,10,2393,1,16,8,2,8
2017530274456,1,23,0,18,0,1,0,0,0,0,3,1,6,3,-1,-1,-1,-1,-1,-1,-1,-1
2017530283132,1,17,4,9,0,0,0,0,0,0,2,1,1,1,19,4,-1,2,13,8,3,8
2017530283132,2,23,0,18,0,0,0,0,0,0,1,1,1,1,67,10,1170,1,3,9,1,9
2017530284201,1,9,0,6,0,0,0,0,0,0,1,1,6,1,77,11,1461,2,3,5,1,5
2017530284201,2,9,0,18,0,0,0,0,0,0,1,1,6,1,61,9,2143,2,1,10,1,10
2017530285891,1,9,0,18,0,8,0,0,0,0,1,1,6,2,56,9,1598,2,7,-1,1,-1
2017530285891,2,9,0,18,0,8,0,0,1,0,4,1,6,2,61,9,-1,-1,-1,7,3,7
2017530286526,1,9,0,18,0,1,0,0,0,0,1,1,6,1,20,4,1598,1,10,5,1,5
2017530286526,2,1,0,18,0,1,0,0,0,0,3,1,6,2,69,10,-1,-1,-1,3,1,3
2017530293732,1,3,0,18,0,0,2,0,0,0,1,1,6,1,18,4,124,1,4,-1,-1,-1
2017530293732,2,9,0,18,0,0,0,0,0,0,1,1,6,2,43,7,1598,1,7,-1,-1,-1
2017530299750,1,9,0,9,0,6,0,0,0,0,4,1,6,1,79,11,1600,1,2,8,2,8
2017540018917,1,9,0,16,0,0,0,6,0,0,1,1,6,3,-1,-1,2495,2,21,-1,-1,-1
2017540019517,1,9,0,12,0,0,2,0,5,6,3,1,6,1,51,8,3199,1,19,1,1,1
2017540020217,1,9,0,18,9,0,1,0,1,11,1,1,6,1,21,5,1598,2,5,2,1,2
2017540034217,1,9,0,18,0,0,0,0,0,0,4,1,6,1,85,11,998,1,4,7,3,7
2017540038517,1,9,0,1,0,2,0,0,0,0,2,1,6,2,35,6,1999,1,14,2,1,2
2017540079217,1,5,0,9,0,8,2,0,0,0,3,1,6,1,51,8,1050,1,12,1,1,1
2017540095117,1,9,0,18,0,0,0,0,0,0,1,2,2,1,28,6,-1,-1,-1,8,2,8
2017540095117,2,9,0,18,0,0,0,0,0,0,2,2,2,1,34,6,-1,-1,-1,8,2,8
2017540096217,1,3,0,18,0,8,0,0,0,0,4,1,6,1,25,5,124,1,7,6,1,6
2017540096217,2,9,0,18,0,4,0,0,0,0,1,1,6,1,-1,-1,1753,2,13,5,2,5
2017540097417,1,9,0,18,0,2,0,0,0,0,3,1,1,1,34,6,1229,1,4,8,1,8
2017540111917,1,3,0,18,0,0,0,0,0,0,1,1,6,1,59,9,125,1,11,6,1,6
2017540111917,2,21,1,2,0,0,0,0,0,0,2,2,1,1,33,6,-1,-1,-1,-1,-1,-1
2017540117717,1,9,0,18,0,4,0,0,0,0,1,1,6,1,57,9,1896,2,11,9,2,9
2017540117717,2,9,0,9,0,8,0,0,0,0,1,1,1,1,31,6,-1,-1,-1,10,1,10
2017540122417,1,9,0,7,0,5,0,0,0,0,3,1,6,1,72,10,1398,1,7,10,1,10
2017540122417,2,9,0,2,0,2,0,0,0,0,4,1,6,1,69,10,2771,1,18,4,1,4
2017540122517,1,9,0,3,0,0,0,0,0,0,2,1,6,2,32,6,1956,2,6,10,1,10
2017540122517,2,9,0,16,0,0,1,0,0,0,1,1,6,2,19,4,1149,1,14,8,1,8
2017540129117,1,4,0,7,0,4,1,0,0,0,3,1,6,2,24,5,124,1,17,7,1,7
2017540129117,2,9,0,9,0,8,0,0,0,0,1,1,6,2,38,7,2184,2,1,2,1,2
2017540131817,1,9,0,9,0,6,0,0,0,0,3,1,6,2,84,11,1248,1,4,8,1,8
2017540131817,2,3,0,18,0,8,0,0,0,0,1,1,6,1,18,4,125,1,2,9,3,9
2017540134517,1,9,0,5,0,6,0,0,0,0,1,1,6,1,-1,-1,-1,-1,-1,-1,-1,-1
2017540134517,2,1,0,18,0,8,0,0,0,0,4,1,2,1,61,9,-1,-1,-1,10,1,10
2017540147317,1,5,0,13,0,0,0,0,1,0,3,1,6,1,37,7,649,1,6,8,1,8
2017540147317,2,19,0,18,0,0,0,0,0,0,0,1,6,3,-1,-1,-1,-1,-1,-1,-1,-1
2017540165217,1,9,0,9,0,8,0,0,0,0,1,1,1,1,47,8,2000,2,7,9,1,9
2017540165217,2,9,0,18,0,4,0,0,0,0,1,1,1,2,45,7,1997,2,9,6,1,6
2017540167217,1,1,0,9,0,8,0,0,0,0,4,1,6,1,27,6,-1,-1,-1,4,1,4
2017540167217,2,9,0,18,0,4,0,0,0,0,1,1,6,1,50,8,1399,1,1,4,1,4
2017540167617,1,1,0,18,0,8,0,0,0,0,1,1,6,1,30,6,-1,-1,-1,7,1,7
2017540167617,2,9,0,9,0,6,0,0,0,0,3,1,6,1,52,8,1198,1,3,9,1,9
2017540168417,1,9,0,18,0,8,0,0,2,11,1,1,6,1,34,6,1968,2,11,7,2,7
2017540168417,2,19,0,8,0,1,0,0,0,0,3,1,2,1,32,6,2298,2,3,8,1,8
2017540177817,1,9,0,9,0,6,0,0,0,0,3,1,1,2,42,7,-1,-1,-1,3,1,3
2017540177817,2,3,0,18,0,8,0,0,0,0,1,1,6,1,27,6,125,1,1,2,1,2
2017540184717,1,9,0,4,0,2,0,0,0,0,2,1,6,2,76,11,1396,1,13,8,1,8
2017540184717,2,9,0,4,0,2,0,0,0,0,1,1,6,2,42,7,998,1,29,10,1,10
2017540185617,1,9,0,9,0,2,0,0,0,0,3,1,6,1,81,11,1124,1,8,8,3,8
2017540187217,1,9,0,5,8,0,0,0,0,0,2,1,6,2,69,10,1995,2,3,7,1,7
2017540187217,2,9,0,18,0,0,0,0,0,0,1,1,6,2,41,7,1796,1,13,5,1,5
2017540207917,1,9,0,4,0,0,0,0,0,0,1,1,6,2,24,5,1390,1,9,10,1,10
2017540207917,2,9,0,4,0,0,0,0,0,0,2,1,6,2,33,6,1995,2,2,8,3,8
2017540207917,3,9,0,13,0,0,0,0,0,0,0,1,6,1,22,5,1360,1,11,5,2,5
2017540225817,1,9,0,18,0,0,0,0,0,0,4,1,2,2,50,8,1197,1,7,7,1,7
2017540229717,1,9,0,9,0,5,0,0,0,0,3,1,2,1,31,6,1248,2,9,4,1,4
2017540229717,2,3,0,13,0,8,0,0,0,0,1,1,2,2,18,4,125,1,2,6,1,6
2017540232017,1,19,0,18,0,8,0,0,0,0,1,1,6,2,-1,-1,2148,2,8,-1,-1,-1
2017540232017,2,1,0,9,0,5,0,0,0,0,4,1,4,1,15,3,-1,-1,-1,6,1,6
2017540238217,1,9,0,4,0,1,0,0,0,0,2,1,6,2,76,11,1398,1,3,6,3,6
2017540238217,2,9,0,18,0,1,0,0,0,0,1,1,6,1,31,6,1362,1,4,2,1,2
2017540240522,1,9,4,18,0,1,0,0,0,0,0,1,2,1,53,8,-1,-1,-1,4,1,4
2017540240522,2,1,0,18,0,2,5,11,0,0,4,1,6,1,62,9,-1,-1,-1,8,1,8
2017540254517,1,9,0,18,0,0,0,0,1,9,1,1,6,1,65,9,1598,1,5,6,1,6
2017540254917,1,9,0,18,0,0,1,0,1,1,1,1,2,1,39,7,1968,2,4,1,1,1
2017540292517,1,4,0,18,0,8,0,0,0,0,1,1,1,1,18,4,124,1,17,7,3,7
2017540292517,2,9,0,18,0,8,0,0,0,0,1,1,1,1,57,9,1995,2,7,10,1,10
2017540314117,1,9,0,4,0,0,0,0,0,0,1,1,1,1,49,8,2148,2,11,6,1,6
2017540314117,2,9,0,4,0,0,0,0,0,0,2,1,1,2,41,7,1461,2,4,9,1,9
2017540314117,3,10,0,4,0,0,0,0,0,0,2,1,1,1,39,7,2402,2,6,10,1,10
2017540318917,1,9,0,18,0,8,0,0,0,0,1,1,6,1,25,5,1998,1,10,2,1,2
2017540318917,2,9,0,5,0,4,0,0,0,0,3,1,6,2,54,8,1995,1,6,9,1,9
2017540321817,1,9,0,18,0,0,1,0,1,0,1,1,6,1,22,5,1798,1,12,-1,1,-1
2017540321817,2,19,0,18,0,0,0,0,5,6,2,1,1,1,36,7,-1,-1,-1,5,1,5
2017540333417,1,9,0,9,0,2,0,0,0,0,1,1,1,1,48,8,1560,2,3,6,2,6
2017540347817,1,9,0,18,0,0,0,0,0,0,1,1,6,2,53,8,1596,1,15,2,1,2
2017540347817,2,9,0,3,0,0,0,0,0,0,2,1,6,2,26,6,1386,1,6,9,2,9
2017540347817,3,9,0,3,0,0,0,0,0,0,2,1,2,1,44,7,1995,1,6,9,2,9
2017540353317,1,9,0,11,0,0,0,0,1,10,1,1,2,1,40,7,1753,2,13,6,1,6
2017540353317,2,9,0,18,0,0,0,0,0,0,0,1,2,1,55,8,2967,2,9,6,3,6
2017540374917,1,19,0,9,0,6,0,0,0,0,1,1,1,1,22,5,2143,2,3,9,2,9
2017540374917,2,19,0,18,0,8,0,0,0,0,1,1,1,2,56,9,1997,2,12,8,1,8
2017540376217,1,19,0,7,0,6,0,0,0,0,1,1,1,1,47,8,1996,2,7,8,2,8
2017540417317,1,19,0,9,0,5,0,0,0,0,3,1,1,2,35,6,2143,2,4,-1,-1,-1
2017540417317,2,9,0,13,0,8,0,0,0,0,4,1,1,1,35,6,1968,2,2,-1,-1,-1
2017540419817,1,9,0,18,0,4,0,0,0,0,1,1,6,2,35,6,1000,1,17,3,1,3
2017540419817,2,9,0,9,0,8,0,0,0,0,4,1,6,1,69,10,1560,2,9,8,1,8
2017540435617,1,9,0,18,0,8,0,0,0,0,1,1,6,1,21,5,1997,2,8,10,2,10
2017540435617,2,9,0,9,0,5,0,0,0,0,4,1,6,2,26,6,996,1,7,3,1,3
2017540440617,1,9,0,18,0,6,0,0,0,0,1,1,6,1,32,6,1995,2,5,9,1,9
2017540440617,2,9,0,18,0,8,0,0,0,0,4,1,6,1,36,7,1997,2,1,5,1,5
2017540440617,3,9,0,10,0,8,0,0,7,11,1,1,6,1,53,8,1560,2,12,4,1,4
2017540441717,1,9,0,16,0,0,2,0,7,10,1,1,6,1,39,7,1968,2,13,8,1,8
2017540457217,1,9,0,18,0,0,0,0,2,2,1,1,6,2,29,6,1995,2,8,4,2,4
2017540460617,1,98,0,12,0,0,0,0,0,0,0,1,6,3,-1,-1,-1,-1,-1,-1,-1,-1
2017540460617,2,9,0,18,0,0,1,0,4,6,1,1,6,1,24,5,1598,1,9,8,2,8
2017540473017,1,9,0,18,0,0,0,0,0,0,1,1,6,1,64,9,1242,1,14,9,3,9
2017540473017,2,9,0,12,0,0,1,0,0,0,4,1,6,1,21,5,2500,1,4,8,2,8
2017540473717,1,9,0,18,0,0,0,0,1,4,1,1,6,1,31,6,1598,1,5,6,1,6
2017540473717,2,9,0,18,0,0,0,10,0,0,2,1,6,2,51,8,1753,2,17,9,1,9
2017540478017,1,9,0,18,0,0,0,0,1,4,1,1,2,1,49,8,1389,1,15,5,1,5
2017540483117,1,9,0,16,0,8,0,0,7,3,1,1,2,2,54,8,1242,1,-1,8,3,8
2017540484017,1,9,0,18,0,8,0,0,0,0,1,1,2,2,34,6,1560,2,7,5,1,5
2017540484017,2,1,0,18,0,6,0,0,0,0,3,1,6,1,13,3,-1,-1,-1,10,1,10
2017540487217,1,21,0,18,0,0,0,0,0,0,1,1,1,1,33,6,4500,2,1,6,3,6
2017540487217,2,19,0,4,0,0,0,0,0,0,2,1,1,1,55,8,2143,2,6,5,1,5
2017540487217,3,9,0,4,0,0,0,0,0,0,2,1,2,1,48,8,1798,1,-1,6,1,6
2017540496817,1,9,0,18,0,6,0,0,0,0,1,1,1,1,48,8,1686,2,4,1,1,1
2017540496817,2,9,0,18,0,8,0,0,0,0,1,1,2,1,47,8,998,1,6,10,3,10
2017540509717,1,1,0,18,0,8,0,0,0,0,4,1,6,1,8,2,-1,-1,-1,10,1,10
2017540509717,2,9,0,9,0,8,0,0,0,0,1,1,6,2,42,7,1984,1,6,8,1,8
2017540526617,1,5,0,13,0,8,0,0,0,0,4,1,2,1,25,5,942,1,5,3,1,3
2017540526617,2,9,0,9,0,5,0,0,0,0,3,1,2,1,42,7,1950,2,1,8,2,8
2017540542217,1,8,0,1,0,6,0,0,0,0,2,1,1,1,65,9,1991,2,7,5,3,5
2017540542617,1,9,0,18,0,8,0,0,0,0,3,1,6,1,57,9,1560,2,11,4,2,4
2017540542617,2,9,0,18,0,8,0,0,0,0,4,1,6,2,-1,-1,1229,1,6,9,1,9
2017540561217,1,9,0,17,0,0,2,0,1,9,1,1,6,2,21,5,1368,1,11,7,1,7
2017540562917,1,9,0,18,0,0,0,0,0,0,1,1,6,1,60,9,1910,2,11,6,1,6
2017540562917,2,9,0,3,0,0,0,0,0,0,2,1,6,1,29,6,1896,2,13,5,1,5
2017540563717,1,9,0,18,0,0,1,0,0,0,1,1,2,1,37,7,1242,1,10,2,1,2
2017540563717,2,9,0,3,0,0,0,0,0,0,2,1,6,2,32,6,1596,1,12,7,2,7
2017540564417,1,9,0,9,0,5,0,0,0,0,1,1,6,1,56,9,1997,2,3,7,3,7
2017540564417,2,9,0,17,0,8,0,0,0,0,1,1,6,1,47,8,1995,2,6,9,3,9
2017540564417,3,19,0,8,0,1,0,0,0,0,1,1,6,1,31,6,2299,2,4,8,3,8
2017540577217,1,9,4,18,0,0,4,0,0,0,3,1,6,1,71,10,2495,2,13,6,3,6
2017540582217,1,9,0,18,0,0,0,0,0,0,1,1,6,1,83,11,1389,1,19,6,3,6
2017540582217,2,9,0,2,0,0,0,0,0,0,2,1,6,2,-1,-1,1968,2,4,6,3,6
2017540583617,1,9,0,9,0,6,0,0,0,0,1,1,1,1,50,8,1968,2,1,5,3,5
2017540583617,2,1,0,18,0,8,0,0,0,0,4,1,6,2,38,7,-1,-1,-1,5,2,5
2017540586217,1,19,0,4,0,0,0,0,0,0,3,1,6,1,64,9,1995,2,5,8,1,8
2017540586217,2,1,0,13,0,0,0,0,0,0,1,1,6,1,53,8,-1,-1,-1,7,1,7
2017540593217,1,4,0,18,0,0,0,0,0,0,1,1,1,1,48,8,600,1,4,5,1,5
2017540593217,2,1,0,18,0,0,0,0,0,0,3,1,6,1,44,7,-1,-1,-1,7,1,7
2017540612217,1,9,0,18,0,0,0,0,0,0,1,1,6,2,70,10,999,1,3,8,2,8
2017540612217,2,9,0,18,0,0,0,0,0,0,3,1,6,2,60,9,1242,1,4,6,2,6
2017540612217,3,21,1,18,0,0,0,0,0,0,3,1,1,1,47,8,10518,2,3,5,1,5
2017540613117,1,9,0,4,0,2,0,0,0,0,1,1,6,1,41,7,1998,1,19,5,2,5
2017540615617,1,9,0,4,0,0,0,0,0,0,2,1,6,1,74,10,1995,2,5,2,1,2
2017540615617,2,9,0,4,0,0,0,0,0,0,2,1,6,1,24,5,1997,2,15,2,1,2
2017540615617,3,9,0,18,0,0,0,0,0,0,1,1,6,1,26,6,1956,2,1,7,1,7
2017540617217,1,9,0,18,0,0,0,0,0,0,1,1,6,1,35,6,2204,2,10,7,1,7
2017540617217,2,9,0,18,0,0,0,0,4,6,2,1,6,2,24,5,1388,1,13,9,3,9
2017540617217,3,9,0,18,0,0,0,0,0,0,2,1,6,2,35,6,999,1,1,8,1,8
2017540630017,1,9,0,4,0,0,0,0,0,0,1,1,6,1,40,7,1560,2,8,3,1,3
2017540630017,2,9,0,4,0,0,0,0,0,0,2,1,6,1,56,9,1968,2,5,8,1,8
2017540630017,3,9,0,4,0,0,0,0,0,0,0,1,6,3,-1,-1,-1,-1,-1,-1,-1,-1
2017540630417,1,9,0,16,0,0,2,0,1,0,1,1,6,2,40,7,1490,1,11,7,1,7
2017540630517,1,9,0,9,0,8,0,0,0,0,4,1,6,1,36,7,1390,1,13,7,1,7
2017540630517,2,3,0,18,0,8,1,0,0,0,1,1,6,1,22,5,124,1,3,1,1,1
2017540641917,1,3,0,18,0,1,0,0,0,0,4,1,1,1,23,5,125,1,3,3,1,3
2017540653417,1,9,0,18,0,0,1,0,7,3,1,1,6,2,39,7,1591,1,6,6,3,6
2017540655617,1,9,0,18,0,0,1,0,2,4,1,1,6,2,29,6,1590,1,14,3,1,3
2017540656817,1,9,0,9,0,5,0,0,7,0,4,1,6,2,57,9,998,1,10,4,1,4
2017540656817,2,9,0,18,0,8,0,0,0,0,1,1,6,2,27,6,1242,1,7,10,1,10
2017540659717,1,9,0,18,0,2,0,0,0,0,1,1,6,1,20,4,1240,1,9,8,1,8
2017540671417,1,9,0,18,0,1,2,0,7,1,1,1,2,2,22,5,1598,2,2,6,1,6
2017540684417,1,9,0,18,0,4,0,0,0,0,1,1,6,1,-1,-1,-1,-1,-1,-1,-1,-1
2017540684417,2,1,0,18,0,8,0,0,0,0,4,1,6,2,25,5,-1,-1,-1,6,1,6
2017540692417,1,9,0,16,0,4,0,0,0,0,1,1,6,2,72,10,1328,1,15,7,3,7
2017540692417,2,1,0,9,0,8,0,0,0,0,2,1,6,1,65,9,-1,-1,-1,5,3,5
2017540693117,1,19,0,17,0,2,1,0,1,10,1,1,2,1,52,8,1896,2,21,7,2,7
2017540702117,1,9,0,9,0,5,1,0,0,0,1,1,6,1,89,11,1149,1,11,9,1,9
2017540702117,2,9,0,18,0,8,1,0,0,0,1,1,6,1,79,11,1582,2,7,9,3,9
2017540708317,1,9,0,4,0,1,1,0,1,4,1,1,6,2,39,7,1998,1,14,9,2,9
2017540710417,1,19,0,14,0,1,1,0,0,0,1,1,2,1,50,8,1753,2,17,3,3,3
2017540710417,2,9,0,18,0,1,0,0,0,0,3,1,2,1,42,7,1968,2,1,6,3,6
2017540712217,1,9,0,18,0,4,0,0,0,0,3,1,1,2,38,7,2143,2,7,3,1,3
2017540712217,2,1,0,9,0,8,0,0,0,0,4,1,6,1,69,10,-1,-1,-1,6,1,6
2017540713117,1,9,0,2,0,0,0,0,0,0,3,1,6,2,37,7,1968,2,1,8,1,8
2017540713117,2,9,0,14,0,0,0,0,0,0,1,1,6,2,19,4,1242,1,2,5,2,5
2017540713117,3,9,0,18,0,0,0,0,0,0,1,1,6,2,25,5,1198,1,13,7,3,7
2017540727017,1,21,0,18,0,1,0,0,0,0,1,1,1,1,53,8,6870,2,4,3,1,3
2017540727017,2,9,0,10,0,1,0,0,0,0,2,1,6,2,63,9,1560,2,3,6,3,6
2017540734317,1,9,0,18,0,0,2,0,7,0,1,1,2,1,27,6,1796,1,13,4,1,4
2017540742517,1,9,0,16,0,0,2,0,1,0,1,1,6,1,23,5,2993,2,10,10,3,10
2017540752417,1,9,0,18,0,0,1,0,0,0,1,1,1,1,19,4,-1,-1,-1,9,3,9
2017540752417,2,9,0,3,0,0,0,0,0,0,2,1,6,1,34,6,1781,1,14,8,3,8
2017540752417,3,9,0,3,0,0,0,0,0,0,2,1,1,2,24,5,1120,2,4,5,1,5
2017540752417,4,19,0,3,0,0,0,0,0,0,2,1,1,1,35,6,2402,2,7,2,1,2
2017540795817,1,9,5,3,0,1,0,0,0,0,0,1,1,1,44,7,-1,-1,-1,10,1,10
2017540798217,1,1,0,4,0,1,0,0,0,0,1,1,6,1,9,2,-1,-1,-1,2,1,2
2017540798217,2,9,0,8,0,1,0,0,0,0,4,1,1,1,46,8,-1,-1,-1,2,1,2
2017540802017,1,9,0,5,0,4,0,0,0,0,3,1,2,1,47,8,2179,2,3,-1,-1,-1
2017540802017,2,3,0,18,0,8,0,0,0,0,1,1,6,1,18,4,124,1,3,10,1,10
2017540804617,1,9,0,18,0,0,5,0,1,11,1,1,2,2,22,5,1599,1,14,7,3,7
2017540806417,1,9,0,18,0,0,1,10,1,4,3,1,6,2,40,7,1364,1,11,1,1,1
2017540820817,1,9,0,18,0,1,0,0,0,0,4,1,6,1,49,8,1360,1,11,9,2,9
2017540821317,1,9,0,17,0,0,5,0,2,10,1,1,6,1,77,11,-1,-1,-1,9,1,9
2017540822817,1,9,0,18,0,0,0,0,0,0,1,1,6,1,-1,-1,1999,1,10,9,2,9
2017540822817,2,22,0,18,0,0,0,0,0,0,3,1,6,2,76,11,-1,-1,-1,3,3,3
2017540828817,1,9,0,10,0,1,0,0,0,0,2,1,6,2,55,8,2148,2,9,10,1,10
2017540828817,2,9,0,4,0,1,1,0,0,0,2,1,6,1,22,5,1390,1,16,6,1,6
2017540828817,3,21,1,4,0,1,1,0,1,0,1,1,1,1,31,6,12740,2,-1,6,3,6
2017540836917,1,21,1,5,0,6,0,0,0,0,3,2,1,1,30,6,-1,-1,-1,9,2,9
2017540836917,2,19,0,18,0,8,0,0,0,0,1,1,6,1,38,7,1896,2,11,4,2,4
2017540849417,1,9,0,16,0,8,0,0,0,0,3,1,6,2,29,6,1968,2,7,9,1,9