Accident_Index,Vehicle_Reference,Vehicle_Type,Towing_and_Articulation,Vehicle_Manoeuvre,Vehicle_Location-Restricted_Lane,Junction_Location,Skidding_and_Overturning,Hit_Object_in_Carriageway,Vehicle_Leaving_Carriageway,Hit_Object_off_Carriageway,1st_Point_of_Impact,Was_Vehicle_Left_Hand_Drive?,Journey_Purpose_of_Driver,Sex_of_Driver,Age_of_Driver,Age_Band_of_Driver,Engine_Capacity_(CC),Propulsion_Code,Age_of_Vehicle,Driver_IMD_Decile,Driver_Home_Area_Type,Vehicle_IMD_Decile
2017546255217,2,1,0,18,0,8,0,10,1,0,3,1,6,2,44,7,-1,-1,-1,6,1,6
2017546278317,1,9,0,17,0,0,2,0,8,10,3,1,6,1,42,7,1587,1,12,7,1,7
2017546287217,1,9,0,18,0,0,0,0,0,0,3,1,1,1,54,8,-1,-1,-1,7,3,7
2017546287217,2,21,1,18,0,0,1,0,0,0,3,1,1,1,39,7,12740,2,4,2,1,2
2017546287217,3,9,0,18,0,0,0,0,1,9,1,1,6,1,34,6,1968,2,3,6,3,6
2017546287217,4,19,0,18,0,0,0,0,0,0,1,1,1,1,45,7,1995,2,4,5,1,5
2017546288117,1,5,0,16,0,0,1,0,0,0,3,1,2,1,35,6,600,1,20,7,2,7
2017546288117,2,9,0,17,0,0,0,0,0,0,3,1,2,2,24,5,1242,1,3,4,2,4
2017546288117,3,9,0,17,0,0,0,0,0,0,1,1,2,1,29,6,1596,1,12,9,3,9
2017546288117,4,9,0,3,0,0,0,0,0,0,2,1,2,1,41,7,-1,-1,-1,9,3,9
2017546290417,1,9,0,5,0,6,0,0,0,0,0,1,2,2,29,6,1461,2,1,10,1,10
2017546290417,2,9,0,18,0,1,0,0,1,11,1,1,6,2,47,8,2179,2,10,6,3,6
2017546294317,1,3,0,13,0,0,1,0,0,0,1,1,6,1,24,5,124,1,-1,8,1,8
2017546294317,2,9,0,6,8,0,0,0,0,0,3,1,6,1,66,10,1560,2,5,8,1,8
2017546294317,3,9,0,18,0,0,0,0,0,0,0,1,6,2,35,6,1586,1,8,1,1,1
2017546303117,1,4,0,18,0,0,0,0,0,0,1,1,6,1,26,6,125,1,2,8,1,8
2017546303117,2,9,0,18,0,0,0,0,0,0,1,1,6,1,43,7,2993,2,7,4,1,4
2017546303117,3,19,0,3,0,0,0,0,0,0,2,1,1,1,34,6,1995,2,3,5,1,5
2017546313617,1,9,0,9,0,6,0,0,0,0,3,1,6,1,51,8,-1,-1,-1,-1,-1,-1
2017546313617,2,1,0,17,0,8,0,0,0,0,1,1,6,1,31,6,-1,-1,-1,3,1,3
2017546323517,1,9,0,3,0,1,0,0,0,0,2,1,6,1,68,10,2457,1,9,5,3,5
2017546323517,2,9,0,18,0,1,0,0,0,0,1,1,1,1,42,7,2000,2,13,5,1,5
2017546324417,1,9,0,18,0,8,0,0,0,0,1,1,2,2,27,6,1997,1,13,9,1,9
2017546324417,2,9,0,7,0,3,0,0,0,0,4,1,6,1,31,6,1995,2,9,9,1,9
2017546331417,1,19,0,13,0,0,0,0,0,0,4,1,6,3,-1,-1,-1,-1,-1,-1,-1,-1
2017546331417,2,9,0,18,0,0,0,0,1,0,3,1,6,1,66,10,1149,1,3,2,1,2
2017546331417,3,9,0,18,0,0,0,0,1,0,1,1,6,1,74,10,1591,1,3,-1,3,-1
2017546343817,1,9,0,4,0,1,0,0,0,0,2,1,1,1,28,6,-1,-1,-1,4,1,4
2017546343817,2,9,0,18,0,1,0,0,0,0,1,1,1,1,49,8,1400,2,10,7,1,7
2017546349417,1,9,0,18,0,2,0,0,0,0,1,1,6,2,90,11,1360,1,17,4,1,4
2017546354717,1,9,0,18,0,8,0,0,0,0,4,1,1,1,20,4,1124,1,17,8,1,8
2017546354717,2,4,0,18,0,4,0,0,0,0,1,1,6,1,46,8,124,1,12,2,1,2
2017546364017,1,9,0,18,0,0,5,0,8,4,3,1,6,1,24,5,1560,2,7,7,3,7
2017546392917,1,9,0,18,0,0,0,0,0,0,1,1,6,2,51,8,1596,1,12,8,1,8
2017546392917,2,19,0,3,0,0,0,0,0,0,2,1,6,1,57,9,2299,2,1,7,1,7
2017546392917,3,21,0,3,0,0,0,0,0,0,2,1,6,1,47,8,4461,2,5,6,1,6
2017546396317,1,19,0,18,0,8,0,0,0,0,1,1,1,2,40,7,1560,2,3,8,1,8
2017546396317,2,9,0,18,0,8,0,0,1,9,4,1,6,2,59,9,1798,2,2,8,1,8
2017546421117,1,9,0,14,0,0,0,0,0,0,4,1,6,2,44,7,1149,1,12,1,1,1
2017546427817,1,9,0,17,0,2,1,10,1,4,4,1,6,1,34,6,2967,2,-1,7,1,7
2017546440617,1,9,0,18,0,0,0,4,7,9,1,1,6,2,72,10,1149,1,9,9,2,9
2017546440617,2,9,0,2,0,0,0,0,0,0,2,1,6,1,47,8,1997,2,-1,8,2,8
2017546443217,1,21,0,10,0,5,0,0,0,0,0,1,1,1,39,7,12740,2,2,-1,-1,-1
2017546443217,2,9,0,18,0,6,0,0,1,0,4,1,6,1,27,6,1995,2,3,7,2,7
2017546443217,3,9,0,18,0,8,0,0,0,0,1,1,6,1,31,6,1198,1,13,7,1,7
2017546447017,1,9,0,7,0,5,0,0,0,0,4,1,6,1,57,9,1997,2,2,2,1,2
2017546447017,2,4,0,18,0,8,0,0,0,0,3,1,6,1,25,5,373,1,1,5,1,5
2017546448717,1,19,3,18,0,0,0,0,0,0,1,1,6,1,56,9,2287,2,10,8,3,8
2017546448717,2,9,0,18,0,0,0,0,1,0,1,1,6,2,63,9,3200,2,11,7,3,7
2017546461817,1,9,0,4,0,1,0,0,0,0,1,1,6,2,60,9,1968,2,2,6,1,6
2017546461817,2,9,0,3,0,1,0,0,0,0,2,1,6,1,70,10,4164,2,18,6,1,6
2017546461817,3,17,4,17,0,1,0,0,0,0,3,1,1,1,-1,-1,8984,2,1,8,1,8
2017546480217,1,9,0,16,0,0,0,0,7,9,1,1,1,1,24,5,1998,1,9,4,2,4
2017546502017,1,9,0,18,0,1,0,0,0,0,1,1,2,2,20,4,995,1,12,10,1,10
2017546502017,2,1,0,4,0,1,0,0,0,0,2,1,6,1,25,5,-1,-1,-1,9,2,9
2017546506617,1,9,0,18,0,1,0,0,0,0,1,1,6,2,19,4,-1,-1,-1,8,1,8
2017546506617,2,9,0,4,0,1,0,0,0,0,2,1,2,2,50,8,1973,1,17,9,2,9
2017546511517,1,2,0,18,0,0,0,10,0,0,4,1,6,1,17,4,49,1,10,5,1,5
2017546520417,1,9,0,18,0,8,0,0,0,0,1,1,6,2,78,11,998,1,9,6,3,6
2017546520417,2,1,0,18,0,8,0,0,0,0,2,1,3,1,49,8,-1,-1,-1,6,3,6
2017546520917,1,9,0,18,9,2,0,0,0,0,4,1,6,2,-1,-1,-1,-1,-1,-1,-1,-1
2017546542617,1,9,0,11,0,0,0,0,0,0,1,1,2,1,35,6,2143,2,1,9,1,9
2017546542617,2,9,0,18,0,0,0,0,4,6,2,1,6,2,60,9,1600,1,6,7,3,7
2017546562817,1,9,0,18,0,0,0,0,0,0,1,1,2,2,51,8,1896,2,8,8,1,8
2017546562817,2,9,0,18,0,0,0,0,0,0,1,1,2,2,31,6,1490,1,9,6,3,6
2017546562817,3,19,0,18,0,0,0,0,0,0,1,1,1,1,50,8,2143,2,1,9,1,9
2017546564317,1,19,0,9,0,6,5,0,0,0,4,1,1,1,55,8,2299,2,4,2,1,2
2017546564317,2,19,0,18,0,8,1,0,1,0,1,1,1,1,30,6,3198,2,-1,8,3,8
2017546571617,1,9,0,18,0,0,1,10,7,3,4,1,6,1,29,6,1598,1,11,3,1,3
2017546572217,1,9,0,18,0,0,0,0,1,0,4,1,6,1,84,11,1997,2,16,7,3,7
2017546574417,1,19,0,4,0,0,0,0,0,0,1,1,1,1,23,5,2148,2,11,3,1,3
2017546574417,2,9,0,18,0,0,0,0,0,0,1,1,2,1,34,6,1896,2,17,4,2,4
2017546578317,1,9,0,18,0,8,0,0,0,0,4,1,6,1,35,6,1998,1,12,6,1,6
2017546578317,2,9,0,9,0,6,0,0,0,0,1,1,6,2,32,6,1598,1,9,10,1,10
2017546582417,1,19,0,18,0,0,1,0,5,6,2,1,2,1,66,10,1753,2,9,3,1,3
2017546582417,2,9,0,18,0,0,1,0,1,0,1,1,2,2,21,5,1598,1,3,6,3,6
2017546608717,1,9,0,9,0,6,0,0,0,0,1,1,6,1,20,4,1400,1,17,9,2,9
2017546608717,2,5,0,18,0,1,1,0,0,0,1,1,6,1,26,6,748,1,12,6,2,6
2017546611317,1,9,0,9,0,5,0,0,0,0,1,1,6,2,50,8,1794,1,16,2,1,2
2017546611317,2,3,0,18,0,8,0,0,0,0,1,1,1,1,22,5,108,1,1,8,1,8
2017546621717,1,9,0,9,0,6,0,0,0,0,1,1,6,2,72,10,1318,1,-1,7,1,7
2017546621717,2,9,0,18,0,8,0,0,0,0,3,1,6,2,69,10,2179,2,2,7,3,7
2017546624217,1,9,0,18,0,0,0,0,0,0,1,1,6,2,61,9,1318,1,1,10,1,10
2017546624217,2,9,0,18,0,0,0,0,0,0,3,1,6,2,24,5,1390,2,16,8,3,8
2017546624217,3,19,0,18,0,0,0,0,0,0,1,1,1,1,31,6,1870,2,11,8,1,8
2017546628517,1,19,0,7,0,3,0,0,0,0,1,1,6,1,-1,-1,-1,-1,-1,-1,-1,-1
2017546628517,2,22,0,18,0,2,0,0,0,0,3,1,6,1,63,9,-1,-1,-1,10,1,10
2017546638217,1,9,0,5,0,8,0,0,0,0,1,1,6,1,49,8,1388,1,14,10,1,10
2017546638217,2,1,0,18,0,8,0,0,0,0,4,1,6,1,59,9,-1,-1,-1,7,1,7
2017546642217,1,3,0,18,0,8,0,0,0,0,4,1,2,1,28,6,125,1,2,6,1,6
2017546643417,1,9,0,7,0,4,0,0,0,0,1,1,6,1,45,7,1497,8,-1,9,3,9
2017546643417,2,1,0,7,0,8,0,0,0,0,4,1,1,1,20,4,-1,-1,-1,8,1,8
2017546646817,1,9,0,18,0,1,2,0,0,0,1,1,1,1,45,7,2143,2,1,9,1,9
2017546646817,2,9,0,18,0,1,2,0,1,4,2,1,6,2,17,4,1248,1,5,7,1,7
2017546652917,1,9,0,17,0,8,0,10,1,11,1,1,1,1,22,5,1781,1,18,7,1,7
2017546653017,1,5,0,18,0,0,0,0,0,0,1,1,6,1,42,7,1130,1,14,7,1,7
2017546668717,1,9,0,17,0,2,1,0,0,0,1,1,6,1,37,7,1598,1,16,8,1,8
2017546668717,2,9,0,18,0,1,0,0,0,0,1,1,6,2,56,9,1388,1,15,3,1,3
2017546673617,1,19,0,18,0,0,5,0,0,0,1,1,6,1,24,5,1968,2,7,5,3,5
2017546673617,2,9,0,2,0,0,0,0,0,0,2,1,6,1,38,7,1999,2,1,7,3,7
2017546673617,3,9,0,18,0,0,0,0,0,0,1,1,6,2,19,4,1149,1,16,3,1,3
2017546673617,4,8,0,18,0,0,0,0,0,0,1,1,6,1,56,9,1686,2,12,7,1,7
2017546681417,1,9,0,13,0,0,5,0,7,4,1,1,6,2,19,4,1229,1,10,5,1,5
2017546689617,1,9,0,16,0,0,1,0,0,0,3,1,6,2,44,7,1997,1,16,7,3,7
2017546689617,2,11,0,17,0,0,0,0,0,0,3,2,1,1,58,9,-1,-1,-1,-1,-1,-1
2017546711117,1,21,1,18,0,0,0,0,0,0,1,1,1,1,-1,-1,6870,2,6,-1,-1,-1
2017546711117,2,9,0,3,0,0,0,0,0,0,2,1,6,1,25,5,2495,2,13,5,1,5
2017546711117,3,9,0,3,0,0,0,0,0,0,2,1,6,2,-1,-1,1968,2,12,-1,-1,-1
2017546714617,1,19,0,18,0,0,0,0,0,0,1,1,6,1,-1,-1,2477,2,15,-1,-1,-1
2017546714617,2,9,0,3,0,0,0,0,0,0,2,1,6,2,31,6,1968,2,5,3,1,3
2017546723517,1,19,0,18,0,0,0,0,0,0,1,1,6,1,33,6,-1,-1,-1,4,1,4
2017546723517,2,9,0,14,0,0,0,0,0,0,1,1,2,1,33,6,1995,2,7,5,1,5
2017546727617,1,9,0,9,0,6,0,0,0,0,3,1,6,2,25,5,1895,1,17,9,1,9
2017546727617,2,9,0,18,0,8,0,0,1,0,1,1,1,1,42,7,1598,1,4,10,1,10
2017546729117,1,17,5,13,0,0,0,0,0,0,4,1,6,3,-1,-1,-1,-1,-1,-1,-1,-1
2017546729117,2,1,0,18,0,0,0,0,0,0,3,1,6,1,38,7,-1,-1,-1,9,1,9
2017546741117,1,9,0,16,0,0,2,0,0,0,1,1,2,2,36,7,998,1,3,7,3,7
2017546741117,2,9,0,3,0,0,0,0,0,0,2,1,6,2,49,8,1399,2,9,5,2,5
2017546741117,3,9,0,17,0,0,0,0,0,0,3,1,6,1,44,7,-1,-1,-1,-1,1,-1
2017546744017,1,9,0,5,0,6,0,0,0,0,3,1,1,1,35,6,1499,2,1,10,2,10
2017546744017,2,3,0,18,0,8,1,0,0,0,1,1,2,1,21,5,125,1,1,8,2,8
2017546760217,1,9,0,5,0,6,0,0,0,0,4,1,6,1,61,9,1598,2,-1,4,3,4
2017546760217,2,5,0,18,0,8,0,0,0,0,1,1,6,1,51,8,1299,1,10,9,1,9
2017546772517,1,19,0,18,0,0,0,0,1,4,3,1,1,1,22,5,1896,2,7,6,3,6
2017546772517,2,21,0,18,0,0,0,0,0,0,3,1,1,1,50,8,8970,2,14,9,1,9
2017546772917,1,9,0,4,0,6,1,0,0,0,1,1,2,1,35,6,1598,1,14,6,3,6
2017546772917,2,9,0,17,0,8,0,0,1,11,4,1,2,1,29,6,1206,1,7,6,3,6
2017546778717,1,9,0,9,0,5,0,0,0,0,1,1,6,1,58,9,1598,2,-1,-1,-1,-1
2017546778717,2,9,0,18,0,8,2,0,1,4,1,1,6,1,81,11,1995,2,4,8,3,8
2017546790917,1,9,0,18,0,2,0,0,0,0,1,1,1,1,39,7,1242,1,11,4,1,4
2017546790917,2,1,0,18,0,2,0,0,0,0,3,1,2,2,16,4,-1,-1,-1,2,1,2
2017546798517,1,9,0,9,0,3,0,0,0,0,3,1,6,1,37,7,1598,1,10,6,3,6
2017546798517,2,1,0,18,0,8,0,0,0,0,1,1,6,2,18,4,-1,-1,-1,5,2,5
2017546808217,1,9,0,18,0,4,1,0,0,0,1,1,2,2,49,8,1197,1,2,8,1,8
2017546808217,2,1,0,18,0,1,0,0,0,0,4,1,6,1,9,2,-1,-1,-1,6,1,6
2017546838317,1,9,0,18,0,1,0,0,0,0,1,1,6,2,35,6,1799,1,10,8,1,8
2017546838317,2,9,0,3,0,1,0,0,0,0,2,1,6,1,20,4,1395,1,1,6,1,6
2017546839217,1,19,0,14,0,1,0,0,7,0,4,1,6,1,32,6,2402,2,8,7,2,7
2017546839217,2,9,0,18,0,2,0,0,1,0,1,1,6,1,74,10,1200,1,2,7,3,7
2017546839217,3,9,0,3,0,1,0,0,0,0,3,1,6,2,51,8,4806,1,8,8,3,8
2017546844517,1,8,0,9,0,3,1,0,0,0,1,1,1,1,56,9,1997,2,2,2,1,2
2017546844817,1,9,0,18,0,0,1,0,1,10,4,1,6,1,31,6,1796,1,14,6,3,6
2017546879917,1,9,0,18,0,6,1,0,0,0,1,1,6,2,46,8,998,1,3,10,1,10
2017546879917,2,9,0,18,0,8,1,0,7,0,1,1,6,1,60,9,1896,2,13,-1,-1,-1
2017546926117,1,1,0,18,9,1,0,0,0,0,1,1,6,1,12,3,-1,-1,-1,9,3,9
2017546926517,1,9,0,18,0,0,0,4,1,0,1,1,6,1,25,5,1598,2,7,9,2,9
2017546926517,2,1,0,18,0,0,0,0,1,0,2,1,6,1,52,8,-1,-1,-1,10,1,10
2017546926517,3,9,0,2,0,0,0,0,0,0,3,1,6,1,59,9,998,1,-1,-1,-1,-1
2017546926517,4,9,0,2,0,0,0,0,0,0,3,1,6,2,-1,-1,1560,2,11,10,2,10
2017546936317,1,9,0,5,0,0,0,0,1,0,1,1,6,1,49,8,1598,1,1,10,3,10
2017546936317,2,9,0,2,0,0,0,0,1,10,1,1,6,1,57,9,1596,1,1,6,2,6
2017546941217,1,9,0,9,0,6,0,0,0,0,3,1,2,1,45,7,1985,1,18,2,1,2
2017546941217,2,9,0,18,0,8,0,0,0,0,1,1,2,1,40,7,1995,2,12,9,1,9
2017546951217,1,9,0,18,0,0,0,0,0,0,3,1,6,2,48,8,1598,1,4,8,3,8
2017546951217,2,9,0,17,0,0,0,0,7,11,3,1,6,2,49,8,1399,1,7,8,1,8
2017546963317,1,9,0,18,0,0,0,0,0,0,1,1,6,1,83,11,1797,8,2,5,1,5
2017546963317,2,20,0,3,0,0,0,0,0,0,2,1,6,1,32,6,6370,2,12,6,2,6
2017546964817,1,9,0,18,0,0,0,0,0,0,1,1,6,2,83,11,1388,1,8,5,3,5
2017546964817,2,1,0,18,0,0,0,0,0,0,2,1,6,1,36,7,-1,-1,-1,-1,-1,-1
2017546965317,1,9,0,18,0,0,2,10,0,0,1,1,6,2,47,8,1587,1,12,5,3,5
2017546969417,1,9,0,3,0,1,0,0,0,0,2,1,6,2,48,8,1968,2,9,8,3,8
2017546969417,2,9,0,4,0,1,0,0,0,0,1,1,1,1,50,8,1560,2,3,8,1,8
2017546969417,3,9,0,4,0,1,0,0,0,0,1,1,6,2,40,7,1388,1,15,9,1,9
2017546976817,1,9,0,17,0,0,0,0,7,11,1,1,6,2,23,5,1149,1,12,8,3,8
2017546995817,1,11,0,18,0,1,0,4,0,0,1,1,1,1,42,7,4461,2,4,8,1,8
2017546995817,2,19,0,2,0,1,0,4,0,0,2,1,6,3,-1,-1,2402,2,7,-1,-1,-1
2017546995817,3,9,0,2,0,1,0,4,0,0,2,1,6,3,-1,-1,1910,2,10,-1,-1,-1
2017546995817,4,9,0,2,0,1,0,0,0,0,4,1,6,3,-1,-1,1461,2,2,-1,-1,-1
2017547002517,1,9,0,18,0,0,0,0,0,0,1,1,6,1,45,7,1956,2,6,9,1,9
2017547003217,1,9,0,9,0,6,0,0,0,0,3,1,6,1,90,11,1596,1,4,6,3,6
2017547003217,2,9,0,18,0,8,0,0,0,0,1,1,6,2,38,7,1400,1,12,7,3,7
2017547009517,1,9,0,18,0,4,0,0,0,0,1,1,1,1,45,7,1686,2,5,4,1,4
2017547009517,2,1,0,18,0,8,0,0,0,0,4,1,1,1,53,8,-1,-1,-1,5,1,5
2017547010617,1,21,0,18,0,0,0,0,0,0,3,1,1,1,32,6,-1,-1,-1,2,1,2
2017547010617,2,9,0,3,0,0,0,0,0,0,0,1,6,2,53,8,1390,1,13,4,2,4
2017547014017,1,9,0,9,0,8,0,0,0,0,1,1,6,3,-1,-1,-1,-1,-1,-1,-1,-1
2017547014017,2,1,0,9,0,8,0,0,0,0,2,1,2,2,59,9,-1,-1,-1,2,1,2
2017547019417,1,19,0,2,0,0,0,0,0,0,3,1,1,1,29,6,2299,2,3,9,1,9
2017547019417,2,19,0,18,0,0,0,4,0,0,4,1,1,1,48,8,2499,2,2,7,3,7
2017547019417,3,9,0,18,0,0,0,0,1,0,1,1,6,2,46,8,1968,2,1,7,3,7
2017547021517,1,9,0,9,0,5,0,0,0,0,4,1,2,2,52,8,1242,1,3,8,1,8
2017547021517,2,9,0,18,0,8,0,0,1,1,1,1,6,2,22,5,1339,1,11,8,2,8
2017547025717,1,9,0,9,0,8,0,0,0,0,1,1,6,1,63,9,2231,2,10,-1,-1,-1
2017547025717,2,9,0,18,0,8,0,0,0,0,1,1,6,2,73,10,1390,1,13,9,2,9
2017547038217,1,9,4,4,0,0,1,0,0,0,1,1,6,1,48,8,2495,2,27,9,3,9
2017547038217,2,9,0,3,0,0,0,0,0,0,2,1,6,2,32,6,998,1,4,9,2,9
2017547038217,3,9,0,3,0,0,0,0,0,0,2,1,6,1,35,6,2987,2,2,7,1,7
2017547038217,4,19,0,3,0,0,0,0,0,0,2,1,6,1,62,9,2198,2,3,5,1,5
2017547039217,1,9,0,17,0,0,5,0,2,10,1,1,6,2,19,4,1997,2,14,9,3,9
2017547068417,1,19,0,18,0,0,0,0,5,6,1,1,2,1,46,8,1560,2,-1,6,2,6
2017547068417,2,9,0,3,0,0,0,0,0,0,2,1,6,1,64,9,1598,1,10,10,1,10
2017547068417,3,9,0,3,0,0,0,0,0,0,2,1,6,1,52,8,1598,1,7,10,1,10
2017547073417,1,9,0,16,0,0,0,0,7,4,1,1,6,1,72,10,1364,1,11,6,3,6
2017547074917,1,9,0,18,0,0,0,0,0,0,1,1,2,2,58,9,1595,1,8,5,1,5
2017547102617,1,9,0,9,0,6,0,0,0,0,3,1,6,2,81,11,1242,1,8,6,1,6
2017547102617,2,9,0,18,0,8,0,0,0,0,1,1,6,2,77,11,1461,2,1,5,3,5
2017547107217,1,4,0,5,0,4,0,0,0,0,1,1,6,1,24,5,124,1,-1,8,1,8
2017547107217,2,19,0,3,0,4,0,0,0,0,2,1,1,2,21,5,1560,2,-1,3,1,3
2017547121817,1,9,0,9,0,8,2,0,0,0,3,1,6,1,25,5,-1,-1,-1,4,2,4
2017547134517,1,9,0,18,0,1,0,0,0,0,1,1,6,1,53,8,1896,2,14,-1,-1,-1
2017547134517,2,9,0,10,0,1,0,0,0,0,2,1,6,2,35,6,1598,2,5,6,1,6
2017547136917,1,9,0,16,0,0,0,0,7,0,1,1,6,2,81,11,1242,1,3,7,3,7
2017547136917,2,9,0,17,0,0,1,0,0,0,1,1,6,1,57,9,1396,1,14,7,1,7
2017547137417,1,9,0,18,0,0,0,0,0,0,1,1,6,2,81,11,1339,1,3,7,3,7
2017547137417,2,9,0,3,0,0,0,0,0,0,2,1,6,2,35,6,1595,1,10,3,1,3
2017547137417,3,9,0,3,0,0,0,0,0,0,2,1,6,1,36,7,1329,1,8,8,1,8
2017547137417,4,9,0,3,0,0,0,0,0,0,2,1,6,1,30,6,1360,1,14,1,1,1
2017547143717,1,9,0,9,0,0,0,0,0,7,3,1,6,1,64,9,1968,2,7,5,3,5
2017547143717,2,5,0,13,0,0,0,0,0,7,1,1,6,1,21,5,806,1,1,6,3,6
2017547154117,1,5,0,18,0,0,0,7,0,0,1,1,6,1,64,9,1298,1,8,7,3,7
2017547170317,1,3,0,18,0,0,0,0,0,0,3,1,6,1,17,4,124,1,1,5,2,5
2017547181617,1,5,0,7,0,5,0,0,0,0,4,1,6,1,48,8,1584,1,8,8,1,8
2017547182617,1,9,0,18,0,1,0,0,0,0,1,1,6,1,40,7,1999,1,11,8,2,8
2017547182617,2,9,0,10,0,1,0,0,0,0,2,1,6,2,50,8,1240,1,11,7,1,7
2017547183117,1,19,0,18,0,0,0,0,0,0,1,1,1,1,29,6,1870,2,11,6,1,6
2017547183117,2,21,0,18,0,0,0,0,0,0,0,1,6,1,-1,-1,10518,2,3,-1,-1,-1
2017547196017,1,9,0,9,0,8,0,0,0,0,3,1,6,2,32,6,1590,1,15,8,1,8
2017547196017,2,21,1,9,0,8,0,0,0,0,4,1,1,1,49,8,11967,2,7,5,1,5
2017547215917,1,9,0,16,0,3,0,0,0,0,3,1,1,2,23,5,1560,2,3,3,1,3
2017547215917,2,21,1,16,0,3,0,0,0,0,4,1,1,1,30,6,12900,2,6,5,1,5
2017547231817,1,9,0,13,0,8,1,0,7,2,4,1,1,1,35,6,1990,1,17,4,1,4
2017547231817,2,21,0,14,0,8,0,0,0,0,3,1,1,1,46,8,2998,2,5,8,1,8
2017547262217,1,9,0,9,0,5,0,0,1,0,1,1,6,2,23,5,1198,1,14,2,1,2
2017547262217,2,9,0,18,0,8,0,0,1,0,1,1,6,2,75,10,1242,1,6,4,1,4
2017547267917,1,9,0,18,0,1,0,0,0,0,1,1,6,1,19,4,-1,-1,-1,6,3,6
2017547295417,1,9,0,18,0,4,0,0,0,0,1,1,6,2,80,11,1198,1,1,9,1,9
2017547295417,2,1,0,18,0,8,0,0,0,0,4,1,6,1,19,4,-1,-1,-1,6,1,6
2017547309117,1,2,0,18,0,8,0,0,0,0,1,1,6,1,16,4,49,1,13,4,1,4
2017547309117,2,9,0,18,0,4,0,0,0,0,3,1,6,1,69,10,-1,-1,-1,7,2,7
2017547311217,1,9,0,9,0,6,0,0,0,0,3,1,1,1,42,7,-1,-1,-1,10,1,10
2017547311217,2,9,0,18,0,8,0,0,0,0,1,1,2,2,21,5,998,1,4,5,1,5
2017547312217,1,9,0,18,0,2,0,0,0,0,1,1,6,1,30,6,1598,1,7,2,1,2
2017547313017,1,2,0,18,0,2,0,0,0,0,1,1,6,1,16,4,49,1,10,7,3,7
2017547313017,2,9,0,9,0,1,0,0,0,0,3,1,6,1,35,6,-1,-1,-1,9,2,9
2017547314417,1,9,0,16,0,0,0,0,0,0,3,1,6,1,48,8,1968,2,-1,7,3,7
2017547314417,2,9,0,17,0,0,0,0,0,0,3,1,6,2,44,7,875,1,5,9,3,9
2017547336417,1,9,0,2,0,0,0,0,0,0,4,1,6,1,72,10,998,1,-1,8,1,8
2017547336417,2,5,0,18,0,0,0,0,0,0,1,1,6,1,25,5,-1,-1,-1,5,1,5
2017547350317,1,19,0,4,0,1,0,0,0,0,1,1,6,1,33,6,2143,2,6,6,1,6
2017547350317,2,9,0,4,0,1,0,0,0,0,2,1,6,2,57,9,1598,1,8,6,2,6
2017547350317,3,9,0,4,0,1,0,0,0,0,2,1,6,1,49,8,2143,2,2,9,1,9
2017547354217,1,9,0,18,0,8,0,0,0,0,4,1,6,2,32,6,1968,2,-1,3,1,3
2017547354217,2,9,0,9,0,8,0,0,0,0,1,1,6,1,55,8,2143,2,8,7,1,7
2017547365617,1,9,0,18,0,0,0,0,0,0,0,1,6,1,49,8,2993,2,1,2,1,2
2017547365617,2,9,0,18,0,0,1,0,1,10,1,1,6,1,23,5,2993,2,10,-1,1,-1
2017547365617,3,19,0,18,0,0,2,0,0,0,2,1,1,1,62,9,1968,2,1,10,1,10
2017547366517,1,1,0,13,0,8,0,0,0,0,3,1,6,1,26,6,-1,-1,-1,6,3,6
2017547366517,2,9,0,18,0,8,0,0,0,0,4,1,6,1,54,8,1560,2,8,6,2,6
2017547367917,1,10,0,17,0,0,0,0,1,4,4,1,1,1,58,9,2198,2,5,8,1,8
2017547410117,1,9,0,5,0,6,0,0,0,0,4,1,6,2,71,10,1997,1,13,5,1,5
2017547410117,2,3,0,18,0,8,0,0,0,0,1,1,6,2,23,5,124,1,8,5,1,5
2017547410117,3,9,0,2,0,1,0,0,0,0,0,1,6,3,-1,-1,998,1,17,-1,-1,-1
2017547413317,1,9,0,17,0,2,5,0,2,10,4,1,6,1,23,5,1596,1,11,8,1,8
2017547415017,1,9,0,9,0,8,1,0,3,11,1,1,6,1,30,6,1598,1,18,7,1,7
2017547415017,2,9,0,2,0,2,0,0,0,0,1,1,6,1,50,8,1985,1,20,8,1,8
2017547419317,1,9,0,9,0,8,0,0,0,0,3,1,2,2,55,8,1560,2,10,10,3,10
2017547419317,2,9,0,13,0,8,5,0,7,10,4,1,2,1,47,8,1910,2,8,6,1,6
2017547429017,1,9,0,18,0,8,0,0,0,0,1,1,6,1,65,9,1968,2,-1,-1,-1,-1
2017547429017,2,9,0,18,0,8,0,0,1,10,4,1,6,2,45,7,1360,1,5,8,1,8
2017547457417,1,21,0,18,0,1,0,0,0,0,1,1,1,1,64,9,4580,2,19,5,3,5
2017547468617,1,9,0,18,0,0,0,0,0,0,1,1,2,1,18,4,998,1,19,8,3,8
2017547468617,2,21,0,18,0,0,0,0,0,0,1,1,1,1,34,6,12882,2,12,1,1,1