Accident_Index,Vehicle_Reference,Vehicle_Type,Towing_and_Articulation,Vehicle_Manoeuvre,Vehicle_Location-Restricted_Lane,Junction_Location,Skidding_and_Overturning,Hit_Object_in_Carriageway,Vehicle_Leaving_Carriageway,Hit_Object_off_Carriageway,1st_Point_of_Impact,Was_Vehicle_Left_Hand_Drive?,Journey_Purpose_of_Driver,Sex_of_Driver,Age_of_Driver,Age_Band_of_Driver,Engine_Capacity_(CC),Propulsion_Code,Age_of_Vehicle,Driver_IMD_Decile,Driver_Home_Area_Type,Vehicle_IMD_Decile
201754A149517,2,9,0,18,0,0,0,0,0,0,1,1,6,2,39,7,1395,1,-1,4,1,4
201754A158417,1,9,0,9,0,6,0,0,0,0,1,1,1,1,30,6,2000,2,5,10,1,10
201754A158417,2,5,0,10,0,8,0,0,0,0,3,1,2,1,47,8,865,1,4,5,3,5
201754A165217,1,3,0,17,0,0,1,0,1,0,1,1,6,1,22,5,-1,-1,-1,4,1,4
201754A173617,1,9,0,4,0,2,0,0,0,0,2,1,6,1,44,7,1149,1,16,8,2,8
201754A173617,2,9,0,4,0,2,1,0,0,0,1,1,1,2,22,5,1388,1,7,6,1,6
201754A176917,1,9,0,17,0,0,2,0,2,10,1,1,2,2,53,8,1360,1,11,9,3,9
201754A183017,1,9,0,5,0,4,0,0,0,0,1,1,6,2,47,8,1586,1,2,-1,-1,-1
201754A183017,2,1,0,9,0,8,0,0,0,0,4,1,6,1,78,11,-1,-1,-1,8,1,8
201754A186517,1,9,0,18,0,8,0,0,0,0,1,1,6,2,19,4,1390,1,13,7,3,7
201754A186517,2,9,0,9,0,8,2,10,0,0,1,1,6,2,19,4,1397,1,14,9,1,9
201754A203017,1,9,0,18,0,4,0,0,0,0,1,1,2,2,52,8,1995,2,3,10,1,10
201754A203017,2,9,0,9,0,8,0,0,0,0,4,1,2,2,26,6,2143,2,3,5,1,5
201754A203217,1,9,0,16,0,0,0,0,0,0,1,1,6,2,46,8,1197,1,-1,6,1,6
201754A203217,2,9,0,17,0,0,0,0,0,0,1,1,6,1,43,7,2231,2,6,10,1,10
201754A218317,1,9,0,13,0,0,0,0,1,10,1,1,2,2,20,4,1388,1,7,2,1,2
201754A240517,1,9,0,9,0,8,0,0,0,0,4,1,6,1,73,10,999,1,2,9,2,9
201754A240517,2,21,5,18,0,8,0,0,0,0,1,1,1,1,-1,-1,-1,-1,-1,7,1,7
201754A253317,1,9,0,13,0,0,0,0,0,0,1,1,2,1,23,5,1598,1,14,6,3,6
201754A253317,2,9,0,18,0,0,0,0,0,0,1,1,1,1,47,8,1360,1,15,-1,-1,-1
201754A258717,1,1,0,18,0,4,0,0,0,0,1,1,6,1,42,7,-1,-1,-1,7,1,7
201754A258717,2,9,0,4,0,8,0,0,0,0,4,1,6,2,65,9,1560,2,4,7,1,7
201754A275217,1,9,0,4,0,0,0,0,0,0,2,1,6,2,46,8,1995,2,4,10,1,10
201754A275217,2,19,0,18,0,0,0,0,0,0,1,1,6,1,24,5,2689,2,13,1,1,1
201754A285017,1,9,0,9,0,5,0,0,0,0,4,1,6,2,54,8,2204,2,7,6,3,6
201754A285017,2,9,0,18,0,8,0,0,0,0,1,1,6,2,43,7,998,1,1,6,3,6
201754A291217,1,8,0,9,0,6,0,0,0,0,1,1,1,1,22,5,1956,2,6,4,1,4
201754A295517,1,9,0,5,0,6,0,0,0,0,3,1,1,1,42,7,1896,2,18,10,3,10
201754A295517,2,3,0,18,0,8,0,0,0,0,1,1,6,1,29,6,123,1,1,3,2,3
201754A301117,1,19,0,9,0,5,0,0,0,0,4,1,6,1,53,8,-1,-1,-1,9,1,9
201754A301117,2,9,0,18,0,8,0,0,0,0,1,1,6,2,29,6,1360,1,16,8,3,8
201754A302217,1,5,0,14,0,1,0,0,0,0,1,1,6,1,46,8,1261,1,14,5,3,5
201754A304117,1,9,0,4,0,1,0,0,0,0,1,1,6,2,19,4,1229,1,13,7,3,7
201754A304117,2,2,0,3,0,1,0,0,0,0,2,1,6,2,51,8,125,1,-1,2,1,2
201754A304917,1,9,0,4,0,0,0,0,0,0,1,1,6,2,30,6,1598,1,17,6,3,6
201754A304917,2,9,0,4,0,0,0,0,0,0,1,1,6,1,68,10,1591,1,4,5,1,5
201754A333217,1,9,0,9,0,6,0,0,0,0,1,1,6,2,52,8,1598,2,6,5,2,5
201754A333217,2,9,0,18,0,8,0,0,0,0,4,1,6,1,31,6,1364,1,3,10,1,10
201754A334717,1,9,0,18,0,0,0,0,0,0,4,1,6,1,39,7,2494,1,22,8,1,8
201754A335317,1,3,0,17,0,0,0,10,0,0,1,1,6,1,29,6,124,1,1,9,1,9
201754A335317,2,5,0,17,0,0,0,0,0,0,1,1,6,1,25,5,599,1,16,9,1,9
201754A356017,1,98,0,17,0,1,0,0,0,0,4,1,6,3,-1,-1,-1,-1,-1,-1,-1,-1
201754A356017,2,1,0,17,0,1,0,0,0,0,3,1,6,1,35,6,-1,-1,-1,-1,-1,-1
201754A359617,1,1,0,5,0,1,0,0,0,0,4,1,6,2,26,6,-1,-1,-1,5,1,5
201754A359617,2,9,0,18,0,1,0,0,0,0,1,1,6,1,36,7,1968,2,10,8,3,8
201754A359617,3,19,0,3,0,1,0,0,0,0,0,1,6,1,61,9,1399,2,6,7,3,7
201754A366917,1,9,0,9,0,5,0,0,0,0,4,1,1,1,34,6,-1,-1,-1,8,1,8
201754A366917,2,9,0,18,0,8,0,0,0,0,1,1,6,1,34,6,1229,1,9,5,1,5
201754A391717,1,19,0,9,0,5,0,0,0,0,1,2,1,1,34,6,-1,-1,-1,-1,-1,-1
201754A391717,2,9,0,7,0,6,0,0,0,0,1,1,6,1,30,6,1598,2,2,6,3,6
201754A406217,1,21,0,11,0,0,0,0,0,0,4,1,1,1,31,6,10677,2,1,2,1,2
201754A406217,2,9,0,18,0,0,0,0,1,7,3,1,6,1,24,5,1399,2,10,10,1,10
201754A409917,1,9,0,18,0,8,0,0,0,0,1,1,6,3,-1,-1,-1,-1,-1,-1,-1,-1
201754A409917,2,1,0,18,0,8,0,0,0,0,2,1,2,1,38,7,-1,-1,-1,1,1,1
201754A411217,1,9,0,5,0,4,0,0,0,0,3,1,2,1,39,7,998,1,4,8,1,8
201754A411217,2,1,0,18,0,8,0,0,0,0,1,1,6,1,37,7,-1,-1,-1,6,1,6
201754A444617,1,1,0,7,0,6,0,0,0,0,4,1,6,1,11,3,-1,-1,-1,5,1,5
201754A451617,1,9,0,18,0,0,0,0,0,0,3,1,2,1,26,6,1388,1,11,5,2,5
201754A451617,2,9,0,18,0,0,0,0,0,0,3,1,2,2,44,7,2967,2,10,9,3,9
201754A451617,3,9,0,18,0,0,0,0,0,0,1,1,2,1,54,8,1995,2,-1,4,1,4
201754A492917,1,9,0,18,0,3,0,0,0,0,1,1,6,2,33,6,1498,1,1,9,1,9
201754A492917,2,1,0,18,0,2,0,0,0,0,4,1,6,1,15,3,-1,-1,-1,2,1,2
201754A494317,1,9,0,9,0,6,0,0,0,0,1,1,1,2,25,5,1596,1,13,9,2,9
201754A494317,2,9,0,18,0,8,2,0,1,10,4,1,1,2,51,8,1399,2,7,6,3,6
201754A498317,1,9,0,18,0,0,0,0,0,0,1,1,6,2,36,7,1390,1,5,7,1,7
201754A498317,2,1,0,18,0,0,0,0,0,0,4,1,1,2,23,5,-1,-1,-1,2,1,2
201754A502317,1,9,0,3,0,1,0,0,0,0,2,1,6,2,22,5,1598,2,6,5,2,5
201754A502317,2,9,0,18,0,1,0,0,0,0,1,1,6,1,47,8,2987,2,8,8,1,8
201754A502817,1,9,0,4,0,1,0,0,0,0,1,1,6,1,36,7,1997,1,14,2,1,2
201754A502817,2,9,0,4,0,8,0,0,0,0,1,1,6,1,49,8,1598,2,1,10,1,10
201754A502817,3,9,0,4,0,8,0,0,0,0,2,1,6,2,26,6,1397,1,6,5,1,5
201754A502817,4,9,0,4,0,2,0,0,0,0,2,1,6,1,79,11,1388,1,11,1,1,1
201754A502817,5,9,0,4,0,2,0,0,0,0,2,1,6,2,54,8,1396,1,11,8,1,8
201754A528717,1,9,0,13,0,2,0,0,7,1,1,1,6,1,86,11,1798,8,-1,3,1,3
201754A528717,2,98,0,16,0,2,0,0,0,0,0,1,6,3,-1,-1,-1,-1,-1,-1,-1,-1
201754A528717,3,9,0,17,0,1,0,0,0,0,1,1,6,1,55,8,1598,1,9,10,1,10
201754A530317,1,3,0,18,0,8,1,9,3,1,1,1,6,1,51,8,125,1,14,5,2,5
201754A550417,1,9,0,16,0,0,5,0,7,10,1,1,6,1,42,7,1468,1,8,7,1,7
201754A569917,1,5,0,18,0,0,0,0,1,1,1,1,6,1,25,5,918,1,18,9,2,9
201754A582317,1,9,0,18,0,1,0,0,0,0,1,1,1,1,40,7,1598,2,1,9,3,9
201754A582317,2,9,0,9,0,1,0,0,0,0,2,1,2,2,49,8,998,1,1,8,1,8
201754A595917,1,3,0,14,0,0,0,0,0,0,1,1,2,1,44,7,125,1,4,2,1,2
201754A597617,1,9,0,9,0,8,0,0,0,0,1,1,6,1,46,8,1998,1,9,6,3,6
201754A597617,2,21,1,17,0,8,0,0,7,0,1,1,1,1,28,6,11967,2,12,5,3,5
201754A601017,1,9,0,18,0,0,0,0,0,0,1,1,6,2,26,6,1840,1,19,7,1,7
201754A615417,1,9,0,18,0,0,0,0,0,0,1,1,6,1,74,10,1896,2,7,6,3,6
201754A615417,2,16,0,18,0,0,0,0,0,0,2,1,6,2,61,9,-1,-1,-1,6,3,6
201754A635017,1,9,0,18,0,1,0,0,0,0,3,1,6,1,78,11,1995,2,7,-1,-1,-1
201754A635017,2,9,0,11,0,1,0,0,0,0,4,1,6,2,-1,-1,1197,1,-1,10,1,10
201754A641017,1,9,0,16,0,0,2,0,7,4,4,1,2,1,22,5,1242,1,13,2,1,2
201754A643517,1,9,0,18,0,2,0,0,0,0,3,1,2,2,22,5,1968,2,8,4,1,4
201754A667617,1,19,0,18,0,0,0,0,0,0,1,1,1,1,52,8,1968,2,1,7,2,7
201754A667617,2,9,0,3,0,0,0,0,0,0,2,1,6,2,28,6,1229,1,2,6,1,6
201754A668117,1,19,0,16,0,0,0,0,0,0,0,1,6,1,38,7,2198,2,6,9,3,9
201754A668117,2,1,0,17,0,0,0,0,0,0,0,1,6,1,54,8,-1,-1,-1,8,2,8
201754A669317,1,9,0,17,0,1,0,0,0,0,1,1,6,2,78,11,1242,1,8,7,1,7
201754A678217,1,9,0,16,0,0,1,0,7,4,1,1,6,1,23,5,1984,1,10,8,2,8
201754A680417,1,9,0,18,0,0,0,0,0,0,1,1,2,2,29,6,2179,2,3,8,1,8
201754A680417,2,9,0,4,0,0,0,0,0,0,2,1,2,2,31,6,2143,2,5,10,1,10
201754A680417,3,9,0,4,0,0,0,0,0,0,2,1,2,1,51,8,2967,2,9,9,3,9
201754A693817,1,9,0,17,0,0,0,0,1,4,1,1,6,1,37,7,1896,2,15,2,1,2
201754A694417,1,9,0,14,0,0,0,0,0,0,1,1,6,2,67,10,999,1,9,8,3,8
201754A695417,1,9,0,18,0,8,0,0,0,0,1,1,6,1,21,5,1360,1,14,-1,-1,-1
201754A695417,2,2,0,9,0,8,0,0,0,0,4,1,6,1,16,4,49,1,11,6,3,6
201754A698317,1,5,0,15,0,2,0,0,0,0,1,1,6,1,23,5,592,1,22,7,2,7
201754A703417,1,9,0,1,0,0,0,0,0,0,2,1,6,2,35,6,1968,2,-1,9,1,9
201754A709717,1,20,0,9,0,6,0,0,1,1,3,1,2,1,21,5,-1,-1,-1,4,1,4
201754A709717,2,9,0,18,0,8,0,0,7,1,1,1,2,2,44,7,1896,2,11,8,1,8
201754A726117,1,9,0,18,0,0,0,10,2,1,1,1,2,2,53,8,1956,2,4,8,3,8
201754A726117,2,9,0,4,0,0,0,0,0,0,2,1,2,1,54,8,1461,2,3,-1,-1,-1
201754A726117,3,9,0,4,0,0,0,0,0,0,2,1,2,1,47,8,1582,2,6,7,3,7
201754A738617,1,9,0,17,0,0,0,0,0,0,1,1,6,1,29,6,999,1,-1,1,1,1
201754A738617,2,19,0,14,0,0,0,0,0,0,1,1,6,1,22,5,1686,2,16,9,2,9
201754A751017,1,9,0,18,0,6,0,0,3,0,3,1,6,2,58,9,-1,-1,-1,8,2,8
201754A751017,2,9,0,18,0,8,0,0,0,0,1,1,2,1,58,9,1560,2,7,8,3,8
201754A751417,1,9,0,7,0,4,0,0,0,0,3,1,1,1,20,4,-1,-1,-1,2,1,2
201754A751417,2,19,0,7,0,4,0,0,0,0,4,1,6,1,-1,-1,-1,-1,-1,-1,-1,-1
201754A752117,1,1,0,18,0,0,0,0,0,0,1,1,6,1,40,7,-1,-1,-1,10,1,10
201754A752117,2,9,0,3,0,0,0,0,0,0,2,1,6,1,41,7,999,1,-1,9,3,9
201754A753017,1,9,0,4,0,1,0,0,0,0,1,1,6,1,22,5,1796,2,3,7,1,7
201754A758317,1,9,0,1,0,0,0,0,0,0,2,1,6,1,78,11,-1,-1,-1,9,2,9
201754A758317,2,8,0,2,0,0,0,0,0,0,2,1,1,1,62,9,-1,-1,-1,4,3,4
201754A759517,1,9,0,17,0,0,5,0,1,11,1,1,6,1,21,5,1242,1,11,2,1,2
201754A775317,1,20,0,4,0,0,0,0,0,0,1,1,1,1,29,6,4249,2,4,-1,3,-1
201754A775317,2,9,0,4,0,0,0,0,0,0,2,1,6,2,23,5,1242,1,6,9,1,9
201754A776717,1,9,0,5,0,1,0,0,0,0,1,1,6,2,35,6,2400,2,11,9,3,9
201754A776717,2,9,0,3,0,1,0,0,0,0,2,1,6,1,58,9,1499,2,-1,9,1,9
201754A778417,1,9,0,7,0,6,0,0,0,0,1,1,2,2,20,4,1242,1,9,6,1,6
201754A778417,2,11,0,18,0,8,0,0,0,0,3,1,1,1,57,9,3900,2,13,10,1,10
201754A784417,1,9,0,18,0,0,0,12,7,9,1,1,6,1,55,8,2993,2,-1,6,2,6
201754A811017,1,9,0,12,0,0,0,0,0,0,1,1,6,2,47,8,1998,2,11,7,3,7
201754A811017,2,19,0,18,0,0,0,0,0,0,1,1,1,1,44,7,2198,2,1,2,1,2
201754A811217,1,9,0,18,0,8,0,0,0,0,1,1,6,1,43,7,1596,1,3,10,2,10
201754A814917,1,19,0,18,0,0,1,0,4,6,3,1,1,1,25,5,2198,2,11,-1,1,-1
201754A814917,2,9,0,18,0,0,0,1,4,0,1,1,1,1,28,6,2967,2,10,-1,1,-1
201754A819117,1,9,0,5,0,4,0,0,0,0,1,1,6,2,31,6,1956,2,5,9,2,9
201754A819117,2,1,0,18,0,8,0,0,0,0,4,1,2,1,22,5,-1,-1,-1,1,1,1
201754A857717,1,9,0,3,0,0,0,0,0,0,2,1,1,1,52,8,1461,2,1,6,3,6
201754A857717,2,9,0,4,0,0,0,0,0,0,1,1,2,1,28,6,1910,2,9,9,1,9
201754A876217,1,9,0,18,0,0,1,0,1,9,1,1,6,2,23,5,1299,1,17,4,1,4
201754A888817,1,9,0,18,0,0,0,0,0,0,3,1,6,1,23,5,2495,2,22,3,1,3
201754A916617,1,21,0,9,0,8,0,0,0,0,1,1,1,1,30,6,12740,2,3,4,1,4
201754A916617,2,9,0,18,0,8,0,0,1,0,3,1,6,2,61,9,1200,1,-1,7,1,7
201754A922417,1,9,0,18,0,0,0,0,0,0,1,1,6,1,87,11,1598,1,7,9,1,9
201754A922417,2,19,0,18,0,0,0,0,1,4,1,1,6,2,56,9,1995,2,6,8,1,8
201754A959617,1,9,0,9,0,8,0,0,0,0,2,1,6,1,68,10,3498,1,13,8,3,8
201754A959617,2,9,0,3,0,1,0,0,0,0,1,1,6,2,52,8,1598,1,12,9,3,9
201754A959617,3,9,0,18,0,8,1,0,0,0,1,1,6,1,23,5,1390,1,7,8,2,8
201754A968917,1,9,0,9,0,8,0,0,0,0,1,1,6,2,86,11,1390,1,18,6,3,6
201754A968917,2,9,0,18,0,8,0,0,0,0,3,1,1,2,32,6,1896,2,10,6,1,6
201754A971417,1,9,0,11,0,0,0,0,1,0,1,1,6,1,67,10,1968,2,3,10,1,10
201754A971417,2,19,0,2,6,0,0,0,1,0,2,1,1,1,38,7,1968,2,4,8,1,8
201754A972517,1,9,0,9,0,8,0,7,0,0,1,1,6,1,19,4,998,1,3,-1,1,-1
201754A983717,1,2,0,12,0,0,0,0,0,0,3,1,2,1,20,4,124,1,6,2,1,2
201754A983717,2,9,0,18,0,0,0,0,0,0,4,1,6,2,25,5,1560,2,7,-1,-1,-1
201754A984017,1,9,0,3,0,1,0,0,0,0,1,1,6,2,30,6,1498,1,-1,2,1,2
201754A984017,2,9,0,1,0,8,0,0,0,0,2,1,6,1,71,10,1796,1,11,10,3,10
201754A993717,1,9,0,18,0,8,0,0,1,11,2,1,2,2,70,10,998,1,10,8,1,8
201754A993717,2,9,0,9,0,4,0,0,0,0,1,1,1,1,27,6,1598,2,1,6,1,6
201754B003217,1,9,0,9,0,3,0,0,7,1,1,1,6,2,75,10,1598,1,3,8,1,8
201754B006517,1,9,0,9,0,8,0,0,0,0,1,1,6,3,-1,-1,1781,1,15,-1,-1,-1
201754B006517,2,9,0,18,0,8,0,0,0,0,4,1,6,1,23,5,1587,1,19,8,1,8
201754B016017,1,9,0,9,0,8,0,0,0,0,1,1,6,2,44,7,2143,2,3,9,1,9
201754B016017,2,9,0,18,0,1,0,0,0,0,3,1,6,1,36,7,1560,2,-1,9,1,9
201754B019317,1,9,0,18,0,8,0,0,1,11,3,1,6,2,67,10,999,1,1,9,3,9
201754B019317,2,9,0,18,0,8,0,0,0,0,1,1,6,1,59,9,2967,2,2,10,2,10
201754B022517,1,9,0,9,0,8,0,0,0,0,3,1,6,2,-1,-1,1197,1,3,-1,-1,-1
201754B022517,2,1,0,18,0,8,0,0,0,0,1,1,6,1,40,7,-1,-1,-1,7,3,7
201754B030417,1,9,0,18,0,0,0,0,1,0,3,1,6,1,27,6,1798,8,-1,8,2,8
201754B030417,2,9,0,18,0,0,0,0,0,0,3,1,6,1,33,6,1956,2,2,5,2,5
201754B030417,3,9,0,18,0,0,0,0,1,0,1,1,6,1,22,5,1595,1,10,8,2,8
201754B030417,4,9,0,18,0,0,0,0,1,0,1,1,6,1,24,5,1870,2,6,6,1,6
201754B031317,1,1,0,18,0,0,0,0,0,0,1,1,6,1,45,7,-1,-1,-1,1,1,1
201754B046517,1,9,0,16,0,0,0,0,0,0,1,1,6,1,21,5,1598,1,14,6,2,6
201754B046517,2,9,0,3,0,0,0,0,0,0,2,1,6,1,60,9,1398,2,2,10,1,10
201754B050317,1,9,0,7,0,8,0,0,0,0,1,1,6,1,35,6,1968,2,1,7,3,7
201754B050317,2,1,0,18,9,8,0,0,0,0,1,1,6,1,26,6,-1,-1,-1,-1,-1,-1
201754B055317,1,9,0,13,0,0,0,0,0,0,1,1,6,1,20,4,1497,1,13,5,2,5
201754B055317,2,9,0,18,0,0,0,0,0,0,1,1,6,2,60,9,1968,2,1,4,2,4
201754B059717,1,9,0,4,9,2,0,0,1,0,4,1,6,3,-1,-1,-1,-1,-1,-1,-1,-1
201754B062317,1,9,0,17,0,0,1,0,1,1,1,1,2,1,25,5,1596,1,10,7,2,7
201754B063717,1,9,0,3,0,2,0,0,0,0,2,1,3,2,36,7,2400,2,7,7,3,7
201754B063717,2,9,0,3,0,2,0,0,0,0,2,1,2,1,60,9,-1,-1,-1,2,1,2
201754B063717,3,9,0,3,0,2,0,0,0,0,2,1,2,1,30,6,998,1,5,7,1,7
201754B063717,4,9,0,18,0,2,0,0,0,0,1,1,2,1,36,7,1598,1,7,7,1,7
201754B064617,1,20,0,17,0,2,2,0,2,4,1,1,1,1,73,10,-1,-1,-1,1,1,1
201754B066617,1,9,0,17,0,0,5,10,2,4,4,1,2,1,27,6,1796,1,14,8,2,8
201754B076017,1,20,0,18,0,0,0,0,0,0,1,1,1,1,52,8,9200,2,5,10,1,10
201754B076017,2,9,0,3,0,0,0,0,0,0,2,1,6,1,50,8,1968,2,3,8,2,8
201754B076017,3,9,0,3,0,0,0,0,0,0,2,1,6,1,66,10,999,1,2,10,1,10
201754B089317,1,9,0,9,0,5,0,0,0,0,4,1,2,1,34,6,2000,1,17,10,2,10
201754B089317,2,9,0,18,0,8,0,0,0,0,4,1,6,2,37,7,1997,2,8,9,2,9
201754B091917,1,2,0,18,0,8,0,0,0,0,3,1,6,1,46,8,49,1,5,10,1,10
201754B091917,2,9,0,5,0,4,0,0,0,0,0,1,6,3,-1,-1,-1,-1,-1,-1,-1,-1
201754B099917,1,9,0,17,0,8,0,0,0,0,1,1,2,1,31,6,1995,2,10,5,1,5
201754B099917,2,9,0,9,0,5,0,0,7,0,4,1,2,2,39,7,1796,1,9,10,1,10
201754B103517,1,9,0,14,0,1,0,0,0,0,4,1,6,2,29,6,1248,1,1,2,1,2
201754B103517,2,1,0,8,0,1,0,0,0,0,2,1,6,1,64,9,-1,-1,-1,10,2,10
201754B116417,1,9,0,4,0,0,0,0,0,0,2,1,6,1,45,7,1399,1,9,4,3,4
201754B116417,2,9,0,4,0,0,5,0,0,0,1,1,6,1,66,10,1560,2,10,6,2,6
201754B116417,3,9,0,4,0,0,0,0,0,0,2,1,6,1,87,11,1995,2,3,6,3,6
201754B126917,1,9,0,17,0,0,2,0,1,3,1,1,6,1,21,5,1596,1,18,9,3,9
201754B129017,1,9,0,16,0,0,0,10,0,0,1,1,1,2,36,7,875,1,2,5,1,5
201754B129017,2,9,0,17,0,0,1,0,0,0,1,1,6,1,26,6,1388,1,14,9,1,9
201754B130917,1,19,0,17,0,0,5,0,8,10,3,1,1,1,27,6,1870,2,14,7,2,7
201754B134617,1,4,0,18,0,0,0,0,0,0,4,1,6,1,20,4,249,1,7,9,2,9
201754B134617,2,90,0,18,0,0,0,0,0,0,0,1,6,1,-1,-1,-1,-1,-1,-1,-1,-1
201754B134617,3,9,0,13,0,0,0,0,0,0,0,1,6,3,-1,-1,-1,-1,-1,-1,-1,-1
201754B148917,1,9,0,18,0,0,0,0,0,0,1,1,6,3,-1,-1,-1,-1,-1,-1,-1,-1
201754B156717,1,9,0,18,0,0,0,0,0,0,1,1,2,1,47,8,1896,2,12,6,1,6
201754B156717,2,9,0,3,0,0,0,0,0,0,2,1,2,1,53,8,1798,1,11,6,3,6
201754B176717,1,9,0,13,0,0,0,0,0,0,4,1,6,2,72,10,1461,2,7,3,1,3
201754B176717,2,1,0,18,0,0,0,0,0,0,3,1,6,2,49,8,-1,-1,-1,6,3,6
201754B185817,1,9,0,18,0,8,0,0,1,1,1,1,6,1,71,10,1596,1,4,8,2,8
201754B197217,1,19,0,14,0,8,0,0,0,0,1,1,1,1,37,7,2299,2,3,10,1,10
201754B197217,2,9,0,10,0,8,0,0,0,0,2,1,6,1,47,8,1769,1,15,7,3,7
201754B197217,3,9,0,18,0,8,0,0,0,0,1,1,6,1,38,7,2204,2,10,3,1,3
201754B203317,1,9,0,11,0,0,0,0,0,0,4,1,2,1,57,9,1950,2,-1,-1,-1,-1
201754B203317,2,3,0,18,0,0,0,0,0,0,3,1,2,1,33,6,125,1,1,8,1,8
201754B207217,1,9,0,18,0,0,0,0,0,0,1,1,6,1,57,9,1388,1,16,-1,1,-1
201754B207217,2,9,0,3,0,0,0,0,0,0,2,1,2,2,27,6,1686,2,2,3,1,3
201754B214617,1,20,0,18,0,1,0,0,0,0,1,1,2,1,28,6,-1,2,15,3,1,3
201754B214617,2,19,0,3,0,1,0,0,0,0,2,1,2,1,26,6,1995,2,5,10,1,10
201754B214617,3,9,0,3,0,1,0,0,0,0,2,1,3,2,35,6,1560,2,7,8,1,8
201754B216017,1,9,0,18,0,0,0,0,0,0,1,1,6,1,83,11,1248,1,4,8,1,8
201754B228017,1,9,0,9,0,8,0,0,0,0,1,1,2,1,25,5,1598,2,3,-1,-1,-1
201754B228017,2,1,0,18,0,8,0,0,0,0,1,1,2,1,47,8,-1,-1,-1,7,1,7
201754B249417,1,9,0,18,0,0,0,0,0,0,1,1,6,1,21,5,1796,2,4,9,3,9
201754B249417,2,19,0,18,0,0,0,0,0,0,1,1,1,2,56,9,2143,2,2,8,2,8
201754B249417,3,19,0,18,0,0,0,0,0,0,1,1,1,1,63,9,1248,2,4,7,3,7
201754B279217,1,9,0,7,0,8,0,0,0,0,1,1,6,2,31,6,1461,2,3,9,3,9
201754B279217,2,9,0,18,0,8,0,0,0,0,4,1,6,1,54,8,1910,2,13,6,3,6
201754B283017,1,9,0,9,0,8,0,0,0,0,2,1,6,2,37,7,1995,2,1,-1,-1,-1
201754B283017,2,9,0,18,0,8,0,0,0,0,1,1,6,1,60,9,1968,2,-1,2,1,2
201754B286917,1,5,0,18,0,8,0,0,0,0,1,1,1,1,35,6,955,1,13,2,1,2
201754B286917,2,9,0,9,0,8,0,0,0,0,1,1,2,2,74,10,973,1,15,3,1,3
201754B287717,1,9,0,18,0,0,0,10,7,10,3,1,6,1,25,5,1595,1,-1,4,1,4
201754B287717,2,9,0,18,0,0,2,0,0,0,0,1,1,1,-1,-1,1598,2,2,-1,-1,-1
201754B287717,3,9,0,18,0,0,0,0,0,0,0,1,1,1,-1,-1,1598,2,2,-1,-1,-1
201754B287717,4,9,0,2,0,0,0,0,0,0,2,1,6,1,54,8,1560,2,10,-1,-1,-1
201754B287717,5,9,0,2,0,0,0,0,0,0,2,1,6,2,51,8,2495,2,20,-1,-1,-1
201754B289417,1,9,0,5,0,4,0,0,0,0,3,1,2,1,56,9,1198,1,6,9,1,9
201754B289417,2,1,0,18,0,8,0,0,0,0,1,1,2,1,37,7,-1,-1,-1,2,1,2
201754B292617,1,9,0,6,0,0,0,0,0,0,3,1,6,1,27,6,1995,2,5,-1,-1,-1
201754B292617,2,5,0,13,0,0,0,0,0,0,1,1,1,1,46,8,1170,1,4,10,1,10
201754B314217,1,9,0,17,0,0,5,0,1,4,3,1,6,2,19,4,1299,1,11,6,1,6
201754B324217,1,9,0,4,0,0,0,0,1,4,2,1,6,2,69,10,1560,2,4,8,3,8
201754B324217,2,21,0,18,0,0,0,0,0,0,1,1,1,1,21,5,11021,2,11,6,3,6
201754B327717,1,9,0,18,0,4,0,0,0,0,1,1,2,2,23,5,1124,1,14,3,1,3
201754B327717,2,9,0,9,0,8,0,0,0,0,1,1,6,1,20,4,1398,1,-1,8,1,8
201754B341017,1,9,0,3,0,0,0,0,0,0,2,1,6,1,46,8,1686,2,6,4,1,4
201754B341017,2,9,0,18,0,0,0,0,0,0,1,1,6,1,-1,-1,1461,2,5,-1,-1,-1
201754B341517,1,9,0,9,0,5,0,0,0,0,4,1,6,2,59,9,998,1,2,7,3,7
201754B341517,2,1,0,18,9,8,0,0,0,0,1,1,6,2,56,9,-1,-1,-1,7,2,7
201754B356717,1,8,0,9,0,6,0,0,0,0,3,1,6,1,60,9,2987,2,5,4,1,4
201754B356717,2,10,0,18,0,8,0,0,0,0,1,1,6,1,67,10,1995,2,8,8,1,8
201754B382317,1,5,0,4,0,0,1,0,0,0,3,1,6,1,35,6,781,1,17,7,2,7
201754B382317,2,19,0,11,0,0,0,0,0,0,0,1,6,3,-1,-1,-1,-1,-1,-1,-1,-1
201754B405517,1,19,0,18,0,0,0,0,0,0,1,1,6,1,87,11,-1,-1,-1,4,1,4
201754B405517,2,9,0,18,0,0,0,0,0,0,2,1,2,2,35,6,1598,1,11,2,1,2
201754B408217,1,9,0,11,0,5,0,0,0,0,1,1,1,1,76,11,1498,1,-1,6,3,6
201754B408217,2,9,0,3,0,2,0,0,0,0,3,1,1,1,54,8,1997,2,7,8,3,8