Accident_Index,Vehicle_Reference,Vehicle_Type,Towing_and_Articulation,Vehicle_Manoeuvre,Vehicle_Location-Restricted_Lane,Junction_Location,Skidding_and_Overturning,Hit_Object_in_Carriageway,Vehicle_Leaving_Carriageway,Hit_Object_off_Carriageway,1st_Point_of_Impact,Was_Vehicle_Left_Hand_Drive?,Journey_Purpose_of_Driver,Sex_of_Driver,Age_of_Driver,Age_Band_of_Driver,Engine_Capacity_(CC),Propulsion_Code,Age_of_Vehicle,Driver_IMD_Decile,Driver_Home_Area_Type,Vehicle_IMD_Decile
201754B414617,1,9,0,2,0,0,0,0,0,0,3,1,6,1,38,7,1997,2,11,3,1,3
201754B414617,2,9,0,14,0,0,0,0,0,0,4,1,6,1,41,7,1229,1,9,8,1,8
201754B415817,1,9,0,18,0,0,0,0,0,0,4,1,6,3,-1,-1,-1,-1,-1,-1,-1,-1
201754B441517,1,9,0,9,0,5,0,0,0,0,4,1,2,1,33,6,1896,2,11,3,1,3
201754B441517,2,19,0,18,0,8,0,0,0,0,1,1,2,1,21,5,2402,2,10,9,3,9
201754B443017,1,9,0,18,0,0,0,0,0,0,1,1,6,1,77,11,1360,1,6,5,1,5
201754B459617,1,9,0,18,0,0,0,0,1,11,1,1,6,1,38,7,1197,1,-1,-1,-1,-1
201754B467817,1,9,0,5,0,1,0,0,0,0,2,1,6,2,23,5,1229,1,4,5,1,5
201754B467817,2,9,0,5,0,1,0,0,0,0,1,1,6,2,47,8,1595,1,11,9,1,9
201754B468817,1,9,0,18,0,2,2,0,8,11,1,1,6,2,28,6,1197,1,1,9,1,9
201754B478817,1,9,0,18,0,8,0,0,0,0,1,1,6,1,54,8,1586,1,10,8,1,8
201754B478817,2,9,0,9,0,5,0,0,0,0,1,1,6,2,27,6,1318,1,-1,8,2,8
201754B484817,1,9,0,18,0,0,2,0,7,0,3,1,6,1,72,10,2179,2,5,9,3,9
201754B484817,2,9,0,18,0,0,0,0,1,0,3,1,6,2,52,8,1597,2,1,10,1,10
201754B484817,3,9,0,18,0,0,0,0,1,0,1,1,6,2,36,7,1461,2,12,8,2,8
201754B487317,1,9,0,1,0,0,0,0,0,0,2,1,6,1,55,8,998,1,7,6,3,6
201754B491117,1,9,0,17,0,0,2,0,1,0,4,1,6,1,21,5,1124,1,10,6,1,6
201754B497317,1,9,0,14,0,0,5,0,0,0,1,1,6,1,41,7,1968,2,3,9,3,9
201754B497317,2,9,0,2,0,0,0,0,0,0,2,1,6,1,56,9,2000,1,10,5,2,5
201754B532917,1,9,0,5,0,1,0,0,0,0,1,1,6,1,23,5,998,1,11,7,3,7
201754B539217,1,9,0,7,0,6,0,0,0,0,1,1,6,1,28,6,2204,2,11,9,1,9
201754B539217,2,1,0,18,0,8,0,0,0,0,4,1,6,1,23,5,-1,-1,-1,5,1,5
201754B542317,1,9,0,18,0,4,0,0,0,0,1,1,2,2,35,6,1596,1,15,9,1,9
201754B542317,2,1,0,18,0,8,0,0,0,0,4,1,2,1,63,9,-1,-1,-1,5,1,5
201754B544017,1,9,0,18,0,0,0,0,0,0,1,1,6,1,61,9,1598,1,12,7,3,7
201754B544017,2,9,0,18,0,0,0,0,0,0,1,1,6,1,85,11,1591,1,5,7,3,7
201754B552417,1,9,0,18,0,1,0,0,0,0,4,1,6,1,-1,-1,-1,-1,-1,-1,-1,-1
201754B559117,1,9,0,18,0,0,0,0,0,0,1,1,1,1,36,7,1560,2,5,5,1,5
201754B559117,2,9,0,4,0,0,0,0,0,0,2,1,2,1,21,5,1984,1,-1,8,1,8
201754B576117,1,9,0,18,0,0,0,0,0,0,4,1,1,1,39,7,2204,2,11,7,1,7
201754B577217,1,9,0,13,0,0,5,0,1,4,1,1,6,2,26,6,1587,1,13,5,1,5
201754B586417,1,9,0,3,0,1,0,0,0,0,2,1,6,2,53,8,1598,1,6,7,2,7
201754B586417,2,9,0,18,0,1,0,0,0,0,1,1,6,1,44,7,1582,2,4,4,1,4
201754B587717,1,3,0,16,0,0,0,0,0,0,4,1,2,1,19,4,124,1,5,8,2,8
201754B610617,1,9,0,18,0,0,0,0,0,0,1,1,6,2,37,7,2902,2,8,7,1,7
201754B617117,1,9,0,4,0,0,0,0,0,0,2,1,6,1,44,7,1496,2,1,8,1,8
201754B617117,2,9,0,4,0,0,0,0,0,0,2,1,6,1,20,4,-1,-1,-1,-1,3,-1
201754B617117,3,9,0,4,0,0,0,0,0,0,1,1,2,1,35,6,1686,2,8,4,2,4
201754B629917,1,9,0,18,0,0,1,0,2,10,1,1,6,2,43,7,1999,2,1,9,2,9
201754B635017,1,9,0,18,0,8,0,0,0,0,1,1,2,2,48,8,2000,1,11,7,3,7
201754B635017,2,1,0,9,0,8,0,0,0,0,3,1,6,2,77,11,-1,-1,-1,7,3,7
201754B639417,1,9,0,18,0,0,0,0,0,0,1,1,6,2,55,8,1242,1,3,9,3,9
201754B639417,2,9,0,4,0,0,0,0,0,0,2,1,6,1,80,11,1400,1,11,9,1,9
201754B639417,3,9,0,4,0,0,0,0,0,0,2,1,6,1,-1,-1,1598,2,5,8,3,8
201754B651017,1,19,0,1,0,2,0,0,0,0,2,1,6,1,28,6,2198,2,4,6,1,6
201754B651017,2,22,0,18,0,2,0,0,0,0,1,1,6,1,64,9,-1,-1,-1,7,1,7
201754B653017,1,9,0,9,0,8,0,0,0,0,1,1,6,2,66,10,1998,1,14,7,3,7
201754B653017,2,9,0,18,0,8,0,0,0,0,1,1,1,1,55,8,2720,2,11,7,3,7
201754B660117,1,9,0,18,0,1,0,0,0,0,3,1,1,1,19,4,1995,2,7,9,1,9
201754B660117,2,11,0,18,0,2,0,0,0,0,3,1,1,1,48,8,5100,2,2,7,3,7
201754B661717,1,3,0,18,0,0,0,0,0,0,4,1,6,1,-1,-1,600,1,21,-1,-1,-1
201754B673217,1,9,0,18,0,0,0,0,0,0,1,1,1,2,54,8,999,1,1,5,3,5
201754B673217,2,9,0,4,0,0,0,0,0,0,2,1,6,1,33,6,1390,1,11,6,3,6
201754B673217,3,9,0,4,0,0,0,0,0,0,2,1,2,2,21,5,1497,1,13,10,1,10
201754B681217,1,9,0,16,0,0,5,0,8,4,1,1,6,2,58,9,1198,1,5,7,3,7
201754B691617,1,9,0,18,0,0,2,0,2,10,1,1,6,1,32,6,1149,1,8,8,1,8
201754B693017,1,9,0,17,0,0,2,0,7,0,1,1,2,1,23,5,1769,2,25,8,3,8
201754B693117,1,9,0,17,0,0,0,0,1,10,1,1,6,2,40,7,875,1,6,8,2,8
201754B696117,1,9,0,9,0,8,0,0,0,0,1,1,6,1,42,7,1896,2,16,7,1,7
201754B696117,2,9,0,18,0,8,0,0,0,0,1,1,6,2,55,8,1242,1,-1,7,1,7
201754B696517,1,1,0,18,0,8,0,0,0,0,4,1,6,1,45,7,-1,-1,-1,8,2,8
201754B696517,2,9,0,18,0,4,0,0,0,0,1,1,6,1,18,4,1200,1,1,10,2,10
201754B697217,1,9,0,16,0,0,1,0,7,11,1,1,2,2,34,6,-1,-1,-1,10,2,10
201754B699317,1,9,0,3,0,1,0,0,0,0,2,1,6,2,55,8,1398,2,5,6,1,6
201754B699317,2,9,0,18,0,1,0,0,0,0,1,1,6,2,78,11,999,1,3,8,2,8
201754B707417,1,9,0,9,0,8,0,0,0,0,4,1,6,2,42,7,3311,8,11,9,1,9
201754B707417,2,4,0,18,0,8,0,0,0,0,1,1,6,1,58,9,1215,1,5,4,2,4
201754B708217,1,9,0,18,0,0,1,0,7,4,1,1,6,2,18,4,1124,1,14,7,3,7
201754B715117,1,9,0,1,0,0,0,0,0,0,0,1,6,1,23,5,1984,1,12,2,1,2
201754B715117,2,9,0,2,0,0,0,0,0,0,1,1,1,1,49,8,998,1,19,2,1,2
201754B716617,1,9,0,18,0,0,2,0,2,10,1,1,6,1,24,5,1149,1,16,2,1,2
201754B722817,1,11,0,18,0,0,0,0,0,0,1,1,1,1,-1,-1,-1,-1,-1,-1,-1,-1
201754B724217,1,9,0,18,0,0,0,0,0,0,0,1,6,3,-1,-1,-1,-1,-1,-1,-1,-1
201754B736817,1,21,1,1,0,8,0,0,0,0,2,1,6,1,31,6,16400,2,-1,8,1,8
201754B736817,2,9,0,3,0,4,0,0,0,0,1,1,1,2,44,7,1390,1,6,8,2,8
201754B745917,1,19,0,12,0,0,5,0,0,0,2,1,1,1,44,7,2143,2,5,3,1,3
201754B745917,2,19,0,18,0,0,0,0,0,0,1,1,1,1,25,5,2287,2,2,10,2,10
201754B745917,3,9,0,18,0,0,0,0,0,0,1,1,1,1,63,9,-1,-1,-1,4,1,4
201754B750417,1,9,0,17,0,0,2,10,1,3,4,1,6,2,49,8,1364,2,11,-1,-1,-1
201754B752017,1,8,0,9,0,8,0,0,0,0,3,1,1,1,54,8,1598,2,5,7,1,7
201754B752017,2,9,0,18,0,8,0,0,0,0,1,1,6,1,-1,-1,1997,2,16,6,3,6
201754B765717,1,19,0,18,0,0,0,0,0,0,4,1,6,1,77,11,2148,2,10,10,2,10
201754B786317,1,9,0,1,0,8,0,0,0,0,3,1,1,1,26,6,2143,2,6,8,2,8
201754B786317,2,3,0,18,0,8,0,0,0,0,1,1,1,1,18,4,108,1,-1,8,2,8
201754B794717,1,9,0,18,0,2,0,0,0,0,1,1,6,1,59,9,2902,2,12,8,1,8
201754B795617,1,19,0,18,0,0,0,0,0,0,1,1,1,1,65,9,2299,2,-1,6,1,6
201754B798617,1,9,0,18,0,0,1,4,0,0,1,1,6,1,18,4,1242,1,11,9,2,9
201754B798617,2,9,0,2,0,0,0,4,0,0,2,1,6,3,-1,-1,998,1,1,8,2,8
201754B798617,3,9,0,2,0,0,0,0,0,0,2,1,6,3,-1,-1,1598,1,12,8,2,8
201754B799717,1,9,0,18,0,0,5,0,7,10,1,1,6,1,77,11,1395,1,2,9,3,9
201754B815917,1,9,0,4,0,8,1,0,0,0,1,1,6,2,50,8,999,1,2,5,2,5
201754B815917,2,9,0,18,0,8,0,0,0,0,4,1,2,1,36,7,1299,1,11,6,2,6
201754B837817,1,9,0,18,0,8,0,0,0,0,1,1,6,2,18,4,1397,1,10,6,3,6
201754B837817,2,9,0,4,0,8,0,0,0,0,2,1,2,1,40,7,1968,2,1,6,1,6
201754B838317,1,9,0,5,0,4,0,0,0,0,3,1,6,1,71,10,1395,1,2,4,1,4
201754B838317,2,1,0,9,0,8,0,0,0,0,1,1,6,1,32,6,-1,-1,-1,7,1,7
201754B849717,1,9,0,18,0,0,0,0,0,0,0,1,2,1,53,8,2198,2,4,4,1,4
201754B849717,2,1,0,18,0,0,0,11,0,0,1,1,6,1,62,9,-1,-1,-1,8,1,8
201754B877417,1,9,0,18,0,8,0,0,0,0,1,1,6,1,-1,-1,1598,1,13,-1,-1,-1
201754B881617,1,19,0,18,0,8,0,0,0,0,1,1,1,1,37,7,1870,2,14,1,1,1
201754B881617,2,19,0,4,0,8,0,0,0,0,2,1,1,1,31,6,1996,2,3,4,1,4
201754B881617,3,9,0,4,0,8,0,0,0,0,2,1,6,2,29,6,1560,2,3,5,3,5
201754B881617,4,9,0,4,0,8,0,0,0,0,2,1,6,1,29,6,1896,2,9,8,3,8
201754B882717,1,1,0,9,0,0,0,0,0,0,1,1,6,1,14,3,-1,-1,-1,8,1,8
201754B882717,2,9,0,18,0,0,0,0,0,0,3,1,6,1,43,7,-1,-1,-1,10,1,10
201754B892917,1,9,0,7,0,6,0,0,0,0,3,1,6,2,44,7,1197,1,1,9,1,9
201754B892917,2,1,0,18,0,8,0,0,0,0,1,1,6,1,62,9,-1,-1,-1,5,1,5
201754B902317,1,9,0,17,0,0,0,0,0,0,1,1,6,2,54,8,1796,1,5,7,1,7
201754B902317,2,9,0,16,0,0,0,0,0,0,1,1,6,2,38,7,999,1,-1,8,1,8
201754B902617,1,9,0,5,0,1,0,0,0,0,1,1,2,2,27,6,1560,2,10,6,1,6
201754B902617,2,9,0,4,0,1,0,0,0,0,2,1,2,2,42,7,999,1,3,8,1,8
201754B915117,1,9,0,18,0,0,0,0,1,9,1,1,6,1,57,9,1197,1,-1,-1,-1,-1
201754B932817,1,9,0,17,0,0,0,0,0,0,1,1,6,2,39,7,1997,2,15,10,1,10
201754B932817,2,9,0,16,0,0,0,0,1,0,1,1,6,2,39,7,3490,1,14,10,1,10
201754B933717,1,9,0,18,0,0,0,0,0,0,1,1,6,1,26,6,1560,2,6,8,1,8
201754B933717,2,9,0,4,0,0,0,0,0,0,2,1,6,2,39,7,998,1,10,8,1,8
201754B933717,3,9,0,4,0,0,0,0,0,0,2,1,6,2,29,6,1870,2,13,8,1,8
201754B936617,1,9,0,9,0,6,0,0,0,0,4,1,6,1,79,11,1584,1,16,3,3,3
201754B936617,2,1,0,9,0,8,0,0,0,0,1,1,6,1,22,5,-1,-1,-1,8,3,8
201754B940017,1,9,0,18,0,0,0,0,0,0,1,1,6,1,41,7,1995,2,-1,7,3,7
201754B940017,2,9,0,18,0,0,0,0,0,0,1,1,6,2,53,8,2143,2,3,7,3,7
201754B941217,1,9,0,18,0,0,0,0,5,6,3,1,6,2,31,6,2231,2,11,5,1,5
201754B947117,1,9,0,16,0,0,5,0,1,9,1,1,6,1,40,7,1499,2,4,3,1,3
201754B947117,2,21,1,17,0,0,1,0,0,0,3,1,1,1,66,10,9200,2,6,6,2,6
201754B950217,1,9,0,14,0,0,0,0,0,0,1,1,6,1,59,9,1995,2,7,6,3,6
201754B958717,1,5,0,18,0,0,1,0,0,0,3,1,6,1,55,8,1127,1,23,5,1,5
201754B958717,2,9,0,4,0,0,0,0,0,0,3,1,6,1,69,10,1968,2,10,8,3,8
201754B966017,1,9,0,18,0,0,1,0,4,6,3,1,6,2,54,8,1390,1,19,6,1,6
201754B966017,2,9,0,18,0,0,0,0,0,0,1,1,1,1,38,7,1461,2,4,-1,1,-1
201754B966017,3,9,0,18,0,0,0,0,0,0,1,1,1,1,39,7,1956,2,7,5,1,5
201754B967417,1,9,0,18,0,0,1,0,1,3,1,1,6,2,23,5,1242,1,15,6,3,6
201754B973417,1,9,0,18,0,0,2,0,1,11,4,1,6,1,18,4,1198,1,8,9,3,9
201754B973517,1,9,0,18,0,0,0,4,7,0,1,1,6,1,20,4,1149,1,15,6,1,6
201754B973517,2,9,0,2,0,0,0,0,0,0,1,1,6,2,53,8,1598,1,10,2,1,2
201754B973517,3,9,0,2,0,0,0,0,0,0,1,1,6,2,44,7,1596,1,5,8,3,8
201754B990617,1,11,0,18,0,0,0,0,0,0,3,1,1,1,49,8,4500,2,8,5,1,5
201754B991017,1,19,0,7,0,6,0,0,0,0,1,1,1,2,54,8,1560,2,1,6,3,6
201754B991017,2,9,0,18,0,8,1,0,0,0,4,1,6,1,70,10,1360,1,10,6,2,6
201754B992317,1,9,0,4,0,0,1,0,0,0,1,1,6,2,25,5,1360,1,10,7,1,7
201754B992317,2,9,0,3,0,0,0,0,0,0,2,1,6,1,39,7,1560,2,4,4,1,4
201754B993317,1,19,0,6,0,0,0,0,0,0,3,1,1,1,20,4,2287,2,4,10,1,10
201754B993317,2,20,0,13,0,0,0,0,0,0,1,1,1,1,32,6,5193,2,6,1,1,1
201754C002117,1,9,0,9,0,5,0,0,7,10,3,1,6,2,57,9,1197,1,2,5,1,5
201754C002117,2,19,0,13,0,1,0,0,0,0,1,1,1,1,31,6,10837,2,2,10,1,10
201754C011317,1,9,0,18,0,0,0,0,0,0,1,1,2,1,41,7,1590,1,16,9,1,9
201754C011317,2,9,0,4,0,0,0,0,0,0,2,1,6,2,44,7,1997,2,12,6,1,6
201754C017317,1,5,0,18,0,0,1,0,0,0,4,1,1,2,21,5,649,1,2,6,3,6
201754C021517,1,9,0,5,0,4,0,0,0,0,1,1,6,2,45,7,1596,1,11,4,1,4
201754C021517,2,1,0,18,0,8,0,0,0,0,4,1,6,1,26,6,-1,-1,-1,8,1,8
201754C027217,1,9,0,3,0,1,0,0,0,0,2,1,6,1,66,10,1248,2,6,9,2,9
201754C027217,2,9,0,4,0,1,0,0,0,0,1,1,6,1,56,9,998,1,-1,9,2,9
201754C029117,1,9,0,18,0,4,0,0,0,0,3,1,6,1,29,6,1242,1,7,9,1,9
201754C029117,2,9,0,9,0,8,0,0,0,0,1,1,6,1,58,9,1461,2,4,7,1,7
201754C038517,1,9,0,18,0,1,0,0,0,0,1,1,6,1,36,7,1596,1,5,8,1,8
201754C038517,2,9,0,10,0,1,0,0,0,0,2,1,6,2,28,6,998,1,4,9,3,9
201754C038517,3,9,0,10,0,1,0,0,0,0,2,1,6,2,27,6,1398,2,6,1,1,1
201754C041517,1,9,0,9,0,5,0,0,0,0,3,1,6,2,70,10,999,1,1,9,1,9
201754C041517,2,1,0,18,0,8,0,0,0,0,1,1,6,1,38,7,-1,-1,-1,9,2,9
201754C042317,1,9,0,9,0,5,0,0,0,0,0,1,6,1,53,8,998,1,-1,3,1,3
201754C042317,2,9,0,4,0,1,1,0,0,0,1,1,2,2,34,6,2143,2,2,8,1,8
201754C042317,3,9,0,4,0,1,1,0,0,0,2,1,2,2,48,8,2000,2,6,8,1,8
201754C063917,1,9,0,18,0,0,0,0,0,0,1,1,6,1,36,7,2987,2,12,4,1,4
201754C063917,2,9,0,3,0,0,0,0,0,0,2,1,6,2,53,8,1390,1,14,7,3,7
201754C063917,3,9,0,3,0,0,0,0,0,0,2,1,6,1,58,9,-1,-1,-1,5,1,5
201754C063917,4,9,0,3,0,0,0,0,0,0,2,1,6,1,47,8,1685,2,3,2,1,2
201754C073817,1,9,0,4,0,1,0,0,0,0,1,1,6,1,67,10,1997,2,14,8,2,8
201754C073817,2,9,0,1,0,1,0,0,0,0,2,1,6,1,18,4,1395,1,4,8,3,8
201754C073817,3,9,0,1,0,1,0,0,0,0,0,1,6,3,-1,-1,-1,-1,-1,-1,-1,-1
201754C082917,1,9,0,18,0,0,2,0,5,6,3,1,6,1,26,6,1368,1,9,9,1,9
201754C084317,1,5,0,18,0,8,0,0,0,0,1,1,6,1,74,10,1170,1,2,7,1,7
201754C084317,2,9,0,3,0,1,0,0,0,0,1,1,6,1,56,9,1560,2,4,7,3,7
201754C091417,1,9,0,1,0,0,0,0,0,0,3,1,6,1,-1,-1,-1,-1,-1,-1,-1,-1
201754C093317,1,9,0,13,0,0,0,0,0,0,1,1,6,2,36,7,2148,2,12,7,1,7
201754C093317,2,9,0,18,0,0,0,0,0,0,0,1,6,1,61,9,1984,1,10,6,2,6
201754C093317,3,9,0,18,0,0,0,0,1,0,1,1,6,1,83,11,1339,1,14,8,1,8
201754C093317,4,9,0,18,0,0,0,0,0,0,1,1,6,1,73,10,1598,2,8,6,3,6
201754C093317,5,9,0,18,0,0,0,0,0,0,3,1,6,1,58,9,2495,2,15,9,2,9
201754C095917,1,9,0,5,0,1,0,0,0,0,4,1,6,1,-1,-1,1086,1,13,-1,-1,-1
201754C105217,1,1,0,18,0,0,0,0,0,0,4,1,6,1,77,11,-1,-1,-1,8,3,8
201754C106117,1,9,0,18,0,8,0,0,0,0,2,1,6,2,23,5,-1,-1,-1,8,1,8
201754C106117,2,9,0,18,0,8,0,0,0,0,1,1,6,1,23,5,1360,1,12,8,1,8
201754C109917,1,9,0,18,0,8,0,0,0,0,3,1,6,2,50,8,996,1,5,7,1,7
201754C109917,2,9,0,18,0,8,0,0,0,0,1,1,6,1,46,8,1560,2,5,9,1,9
201754C112717,1,9,0,18,0,8,0,0,0,0,1,1,6,1,29,6,1388,1,12,4,1,4
201754C112717,2,9,0,18,0,4,0,0,0,0,1,1,6,1,54,8,1598,1,5,4,1,4
201754Z234917,1,9,0,18,0,1,0,0,0,0,1,1,6,1,18,4,998,1,12,2,1,2
201754Z234917,2,9,0,3,0,1,0,0,0,0,2,1,6,1,31,6,1997,1,19,5,1,5
2017551700003,1,3,0,18,0,0,0,0,0,0,1,1,6,1,26,6,49,1,8,2,1,2
2017551700003,2,9,0,5,0,0,0,0,0,0,3,1,1,1,32,6,1388,1,17,5,1,5
2017551700004,1,9,0,7,0,8,0,0,0,0,1,1,6,1,61,9,998,1,1,1,1,1
2017551700008,1,9,0,5,9,6,0,0,0,0,4,1,6,1,79,11,1246,1,11,3,1,3
2017551700009,1,9,0,18,0,1,0,0,0,0,1,1,6,1,57,9,2231,2,4,5,3,5
2017551700009,2,9,0,9,0,1,0,0,0,0,1,1,6,1,58,9,1995,2,13,6,3,6
2017551700011,1,19,0,6,0,0,0,0,0,0,1,1,6,2,41,7,1896,2,21,1,1,1
2017551700011,2,9,0,18,0,0,1,0,7,0,3,1,6,1,46,8,1598,2,5,6,3,6
2017551700011,3,9,0,18,0,0,1,0,0,0,1,1,6,1,74,10,2987,2,11,4,1,4
2017551700011,4,9,0,18,0,0,0,0,0,0,1,1,6,1,22,5,1598,1,7,2,1,2
2017551700012,1,9,0,18,0,1,0,0,0,0,1,1,6,1,33,6,1396,1,20,7,1,7
2017551700012,2,9,0,9,0,5,0,0,0,0,1,1,6,1,25,5,1388,1,10,6,1,6
2017551700017,1,19,0,1,0,1,0,0,0,0,2,1,6,1,28,6,1598,2,6,2,1,2
2017551700020,1,9,0,16,0,0,1,0,0,0,1,1,6,2,53,8,1896,2,15,5,3,5
2017551700020,2,9,0,17,0,0,0,0,0,0,1,1,6,1,45,7,1388,1,11,9,1,9
2017551700020,3,1,0,16,0,0,0,0,0,0,0,1,6,1,69,10,-1,-1,-1,6,3,6
2017551700023,1,9,0,5,0,4,0,0,0,0,1,1,2,2,61,9,1596,1,16,10,1,10
2017551700023,2,1,0,18,0,4,0,0,0,0,1,1,6,1,30,6,-1,-1,-1,3,1,3
2017551700026,1,9,0,18,0,0,0,0,0,0,1,1,6,1,35,6,1149,1,8,7,1,7
2017551700026,2,19,0,18,0,0,0,0,0,0,3,1,6,2,33,6,1968,2,1,10,1,10
2017551700029,1,9,0,18,0,0,0,0,0,0,1,1,6,2,49,8,-1,-1,-1,5,1,5
2017551700029,2,9,0,4,0,0,0,0,0,0,2,1,6,2,20,4,1388,1,14,4,1,4
2017551700029,3,9,0,4,0,0,0,0,0,0,2,1,6,1,26,6,1596,1,15,2,2,2
2017551700030,1,9,0,18,0,0,0,0,0,0,1,1,6,2,59,9,1998,1,13,7,2,7
2017551700030,2,9,0,18,0,0,0,0,1,0,1,1,2,1,26,6,1968,2,12,5,2,5
2017551700031,1,9,0,7,0,1,0,0,0,0,1,1,6,1,84,11,1339,1,8,10,1,10
2017551700031,2,9,0,18,0,1,0,4,0,0,4,1,6,1,34,6,1398,1,3,3,1,3
2017551700031,3,19,0,2,0,1,0,0,0,0,3,1,6,1,47,8,2400,2,13,5,1,5
2017551700034,1,9,0,9,0,5,0,0,0,0,1,1,6,2,30,6,1242,1,12,4,1,4
2017551700034,2,2,0,18,0,1,0,0,0,0,1,1,6,1,37,7,125,1,15,1,1,1
2017551700035,1,3,0,18,0,0,0,0,0,0,1,1,2,1,19,4,124,1,4,2,1,2
2017551700035,2,19,0,4,0,0,0,0,0,0,2,1,6,1,67,10,1997,2,1,5,3,5
2017551700036,1,9,0,18,0,0,0,4,0,0,1,1,6,2,96,11,1299,1,12,10,1,10
2017551700036,2,17,4,2,0,0,0,0,0,0,2,1,1,3,-1,-1,-1,-1,-1,-1,-1,-1
2017551700037,1,9,0,9,0,2,0,0,0,0,3,1,6,1,79,11,1596,1,4,10,1,10
2017551700037,2,2,0,18,0,1,0,0,0,0,1,1,6,2,27,6,124,1,16,6,1,6
2017551700039,1,3,0,18,0,3,0,0,0,0,1,1,2,1,21,5,124,1,1,5,1,5
2017551700039,2,9,0,18,0,3,0,0,0,0,1,1,6,3,-1,-1,-1,-1,-1,-1,-1,-1
2017551700040,1,9,0,18,0,1,0,0,0,0,1,1,2,1,65,9,1242,1,15,5,1,5
2017551700042,1,9,0,18,0,1,0,0,0,0,3,1,3,2,56,9,1587,1,12,6,3,6
2017551700042,2,19,0,18,0,6,0,0,0,0,1,1,1,1,58,9,2198,2,3,6,3,6
2017551700043,1,9,0,9,0,8,0,0,0,0,4,1,6,2,18,4,875,1,4,3,1,3
2017551700043,2,3,0,18,0,4,1,0,0,0,1,1,6,1,17,4,124,1,2,3,1,3
2017551700044,1,9,0,18,0,0,1,0,5,6,3,1,6,1,51,8,1388,1,8,6,1,6
2017551700046,1,9,0,18,0,4,0,0,0,0,1,1,2,1,60,9,1896,2,14,3,1,3
2017551700046,2,1,0,3,4,1,0,0,0,0,2,1,6,1,37,7,-1,-1,-1,6,1,6
2017551700047,1,1,0,18,0,8,0,0,0,0,4,1,6,2,23,5,-1,-1,-1,3,1,3
2017551700047,2,9,0,18,0,1,0,0,0,0,1,1,6,1,42,7,2993,2,12,-1,-1,-1
2017551700048,1,9,0,6,0,0,0,0,0,0,2,1,6,2,64,9,1998,1,11,7,1,7
2017551700048,2,9,0,18,0,0,0,0,0,0,1,1,6,1,57,9,1587,1,11,4,1,4
2017551700049,1,9,0,17,0,0,2,0,2,4,4,1,6,1,20,4,1995,2,6,10,3,10
2017551700050,1,3,0,14,0,0,0,0,0,0,1,1,2,2,29,6,49,1,5,5,1,5
2017551700050,2,9,0,2,0,0,0,0,0,0,3,1,2,3,-1,-1,1229,1,2,-1,-1,-1
2017551700051,1,2,0,18,0,1,0,0,0,0,1,1,6,2,24,5,125,1,3,9,1,9
2017551700051,2,9,0,5,0,6,0,0,0,0,1,1,6,1,-1,-1,1242,1,14,-1,-1,-1
2017551700052,1,9,0,18,0,0,0,0,0,0,1,1,6,1,74,10,1587,1,11,8,1,8
2017551700052,2,9,0,4,0,0,0,0,0,0,2,1,2,2,42,7,1598,1,5,10,1,10
2017551700052,3,9,0,4,0,0,0,0,0,0,2,1,6,2,34,6,1598,1,5,10,1,10
2017551700053,1,9,0,18,0,0,0,0,0,0,1,1,6,2,43,7,2967,2,3,6,1,6
2017551700053,2,2,0,4,0,0,0,0,0,0,2,1,6,1,24,5,49,1,6,5,1,5
2017551700054,1,9,0,5,0,1,0,0,0,0,4,1,6,2,77,11,1229,1,12,3,1,3
2017551700056,1,4,0,14,0,2,0,0,0,0,1,1,1,1,21,5,125,1,2,5,1,5
2017551700056,2,11,0,3,0,2,0,0,0,0,0,1,1,1,61,9,7300,2,12,8,1,8
2017551700057,1,3,0,14,0,0,0,0,4,7,3,1,6,1,28,6,125,1,2,6,3,6
2017551700057,2,9,0,3,0,0,0,0,0,0,0,1,6,1,59,9,1496,2,1,9,3,9
2017551700058,1,9,0,9,0,1,0,0,0,0,1,1,2,2,51,8,1968,2,3,3,1,3
2017551700058,2,1,0,18,0,1,0,0,0,0,4,1,2,2,48,8,-1,-1,-1,3,1,3
2017551700059,1,19,0,18,0,0,0,0,0,0,1,1,2,1,37,7,1968,2,7,5,2,5
2017551700059,2,9,0,4,0,0,0,0,0,0,2,1,6,1,27,6,999,1,5,3,1,3
2017551700059,3,19,0,4,0,0,0,0,0,0,2,1,2,1,66,10,2402,2,7,9,1,9
2017551700065,1,19,0,18,0,0,0,0,0,0,4,1,6,1,24,5,1870,2,14,5,3,5
2017551700066,1,9,0,10,0,1,0,0,0,0,2,1,2,1,56,9,1398,1,2,7,1,7
2017551700066,2,3,0,4,0,1,1,0,0,0,1,1,2,1,27,6,124,1,3,7,1,7
2017551700067,1,2,0,18,0,1,0,0,0,0,1,1,2,1,21,5,124,1,11,5,3,5
2017551700068,1,9,0,18,0,2,1,0,7,3,1,1,6,1,32,6,-1,-1,-1,2,1,2
2017551700068,2,9,0,18,0,1,0,0,0,0,3,1,6,2,20,4,1598,1,14,6,1,6