Accident_Index,Vehicle_Reference,Vehicle_Type,Towing_and_Articulation,Vehicle_Manoeuvre,Vehicle_Location-Restricted_Lane,Junction_Location,Skidding_and_Overturning,Hit_Object_in_Carriageway,Vehicle_Leaving_Carriageway,Hit_Object_off_Carriageway,1st_Point_of_Impact,Was_Vehicle_Left_Hand_Drive?,Journey_Purpose_of_Driver,Sex_of_Driver,Age_of_Driver,Age_Band_of_Driver,Engine_Capacity_(CC),Propulsion_Code,Age_of_Vehicle,Driver_IMD_Decile,Driver_Home_Area_Type,Vehicle_IMD_Decile
2017551700069,1,9,0,18,0,0,2,0,7,9,3,1,3,2,32,6,1339,1,14,6,1,6
2017551700070,1,9,0,5,0,8,0,0,0,0,1,1,6,2,57,9,1598,2,1,8,1,8
2017551700070,2,9,0,18,0,8,0,0,0,6,3,1,2,2,36,7,1598,1,16,4,1,4
2017551700074,1,9,0,5,0,3,0,9,3,1,1,1,6,1,62,9,1364,1,2,9,1,9
2017551700078,1,9,0,9,0,6,0,0,0,0,3,1,6,1,35,6,998,1,16,5,1,5
2017551700078,2,19,0,18,0,2,0,0,0,0,1,1,1,1,38,7,2198,2,2,9,3,9
2017551700079,1,9,0,9,0,8,0,0,0,0,3,1,6,1,18,4,998,1,11,7,1,7
2017551700079,2,11,0,18,0,1,0,0,0,0,1,1,1,1,48,8,4250,2,12,8,2,8
2017551700080,1,3,0,4,6,4,1,0,0,0,0,1,2,1,17,4,125,1,1,8,1,8
2017551700081,1,9,0,18,0,0,2,0,1,3,1,1,6,1,20,4,2495,2,15,5,2,5
2017551700082,1,9,0,18,0,0,1,0,1,11,1,1,6,1,67,10,1997,1,13,3,1,3
2017551700082,2,9,0,18,0,0,0,0,1,10,0,1,6,2,56,9,1086,1,10,8,1,8
2017551700083,1,9,0,1,0,0,0,0,0,0,2,1,2,2,37,7,1468,1,11,9,1,9
2017551700084,1,9,0,18,0,8,0,2,0,0,4,2,6,1,21,5,-1,-1,-1,-1,-1,-1
2017551700084,2,9,0,18,0,8,0,2,0,0,0,1,6,2,51,8,1360,1,10,7,1,7
2017551700087,1,16,0,18,0,0,0,0,0,0,0,1,6,2,47,8,-1,-1,-1,7,1,7
2017551700092,1,19,0,7,0,1,0,0,0,0,3,1,2,1,67,10,1997,2,13,2,1,2
2017551700094,1,9,0,18,0,0,0,0,0,0,4,1,6,1,80,11,999,1,4,5,1,5
2017551700096,1,9,0,18,9,0,0,10,1,0,4,1,6,1,93,11,1498,1,20,7,1,7
2017551700097,1,9,0,18,0,0,0,0,0,0,1,1,2,1,23,5,1998,2,12,6,1,6
2017551700098,1,9,0,5,0,8,0,0,0,0,3,1,6,1,55,8,1988,1,14,10,2,10
2017551700098,2,9,0,18,0,1,0,0,0,0,1,1,6,2,64,9,1398,2,12,5,2,5
2017551700100,1,9,0,18,0,0,0,0,0,0,1,1,6,1,34,6,1968,2,2,10,1,10
2017551700100,2,9,0,3,0,0,0,0,0,0,2,1,2,2,38,7,1590,1,15,1,1,1
2017551700100,3,9,0,3,0,0,0,0,0,0,2,1,6,1,68,10,1598,1,10,8,1,8
2017551700102,1,9,0,5,0,1,0,0,0,0,3,1,6,2,68,10,1997,2,15,9,1,9
2017551700102,2,9,0,18,0,8,0,0,0,0,1,2,6,1,44,7,993,1,15,4,1,4
2017551700103,1,9,0,17,9,0,1,0,1,4,1,1,6,1,19,4,1360,1,11,7,3,7
2017551700104,1,9,0,5,9,6,0,0,0,0,4,1,3,2,41,7,1598,1,12,8,1,8
2017551700104,2,1,0,18,9,5,0,0,0,0,1,1,2,1,34,6,-1,-1,-1,8,1,8
2017551700106,1,9,0,18,0,0,2,7,1,3,1,1,6,1,20,4,1998,1,12,4,1,4
2017551700107,1,19,0,7,9,6,0,0,0,0,1,1,6,1,26,6,2446,2,21,7,1,7
2017551700107,2,9,0,9,9,5,0,0,0,0,1,1,6,2,42,7,998,1,9,9,1,9
2017551700108,1,1,0,18,0,8,0,0,0,0,1,1,1,1,40,7,-1,-1,-1,6,1,6
2017551700108,2,19,0,7,0,5,0,0,0,0,3,1,1,1,44,7,1248,2,1,5,1,5
2017551700110,1,9,0,9,0,6,0,0,0,0,1,1,6,1,87,11,1798,8,1,7,3,7
2017551700110,2,5,0,18,0,8,0,0,0,0,1,1,6,1,37,7,487,1,15,6,3,6
2017551700111,1,9,0,18,0,1,0,0,0,0,1,1,6,1,79,11,1850,1,17,10,1,10
2017551700111,2,9,0,3,0,1,0,0,0,0,2,1,6,1,48,8,1598,2,1,8,1,8
2017551700111,3,9,0,10,0,1,0,0,0,0,2,1,6,1,66,10,898,1,1,8,3,8
2017551700112,1,9,0,9,0,8,0,7,0,0,1,1,6,1,47,8,1970,1,13,10,1,10
2017551700114,1,9,0,18,0,0,0,0,7,4,1,1,6,1,35,6,1895,1,19,5,2,5
2017551700115,1,8,0,9,0,5,0,0,0,0,4,1,1,1,31,6,1598,2,5,4,1,4
2017551700115,2,1,0,18,0,1,0,0,0,0,1,1,2,1,20,4,-1,-1,-1,5,1,5
2017551700116,1,9,0,17,0,0,2,0,1,0,1,1,6,2,35,6,1794,1,13,2,1,2
2017551700118,1,9,0,9,0,8,0,0,0,0,3,1,1,2,56,9,1198,1,1,8,1,8
2017551700118,2,3,0,18,0,8,0,0,0,0,1,1,6,1,18,4,124,1,3,6,1,6
2017551700119,1,9,0,18,0,0,1,0,0,0,1,1,6,1,20,4,1896,2,15,7,3,7
2017551700119,2,9,0,18,0,0,0,0,0,0,1,1,6,2,59,9,1299,1,13,10,2,10
2017551700120,1,9,0,9,0,2,0,0,0,0,3,1,6,2,29,6,1685,2,1,9,1,9
2017551700120,2,1,0,18,0,8,0,0,0,0,1,1,1,1,40,7,-1,-1,-1,10,1,10
2017551700121,1,9,0,5,0,4,0,0,0,0,4,1,6,1,46,8,2688,2,17,2,1,2
2017551700121,2,1,0,17,0,8,0,0,0,0,1,1,6,1,32,6,-1,-1,-1,9,1,9
2017551700122,1,9,0,5,0,6,0,0,0,0,1,1,6,2,81,11,1399,2,12,8,1,8
2017551700122,2,9,0,18,0,1,0,0,0,0,1,1,6,2,20,4,1124,1,14,8,1,8
2017551700122,3,9,0,18,0,1,0,0,0,0,1,1,6,2,28,6,1398,2,11,3,1,3
2017551700123,1,9,0,18,0,1,0,0,0,0,1,1,6,3,-1,-1,998,1,4,-1,-1,-1
2017551700123,2,9,0,3,0,1,0,0,0,0,2,1,6,1,34,6,1753,2,15,7,1,7
2017551700125,1,9,0,17,0,0,2,0,1,2,4,1,6,1,40,7,1896,2,16,5,3,5
2017551700127,1,9,0,18,0,0,0,0,0,0,1,1,6,3,-1,-1,-1,-1,-1,-1,-1,-1
2017551700129,1,9,0,18,0,0,0,0,2,3,1,1,6,1,20,4,1229,1,2,9,1,9
2017551700130,1,9,0,17,0,4,0,0,0,0,1,1,6,1,-1,-1,998,1,4,-1,-1,-1
2017551700130,2,9,0,18,0,4,0,0,0,0,2,1,6,2,60,9,1242,1,3,5,1,5
2017551700132,1,9,0,18,0,0,2,0,7,10,3,1,6,2,21,5,1995,1,15,5,3,5
2017551700133,1,9,0,4,0,1,1,0,3,4,1,1,1,1,34,6,1598,2,2,8,3,8
2017551700134,1,9,0,9,0,6,0,0,0,0,3,1,6,1,52,8,1198,1,3,2,1,2
2017551700134,2,9,0,18,0,8,0,0,0,0,1,1,6,2,52,8,1299,1,16,3,1,3
2017551700135,1,9,0,18,0,0,2,0,0,0,1,1,2,2,22,5,1364,1,9,10,1,10
2017551700136,1,9,0,4,0,4,0,11,0,0,1,1,6,1,43,7,2143,2,5,3,1,3
2017551700136,2,9,0,4,0,4,0,11,0,0,2,1,6,2,58,9,1985,1,20,3,1,3
2017551700137,1,9,0,18,0,4,0,0,0,0,1,1,6,1,27,6,1497,1,13,4,1,4
2017551700137,2,1,0,18,0,3,0,0,0,0,1,1,6,1,22,5,-1,-1,-1,2,1,2
2017551700143,1,19,0,18,0,0,2,10,0,0,0,1,1,1,48,8,1997,2,10,8,1,8
2017551700143,2,17,0,18,0,0,0,0,0,0,0,1,1,3,-1,-1,-1,-1,-1,-1,-1,-1
2017551700144,1,9,0,13,0,0,0,0,0,0,4,1,6,1,80,11,1560,2,3,8,1,8
2017551700144,2,1,0,10,0,0,0,0,0,0,3,1,6,1,62,9,-1,-1,-1,7,1,7
2017551700145,1,9,0,9,0,6,0,0,0,0,4,1,6,1,34,6,1560,2,11,3,1,3
2017551700145,2,9,0,18,0,1,0,0,0,0,1,1,6,1,20,4,1242,1,5,3,1,3
2017551700147,1,5,0,17,0,0,1,0,1,3,1,1,6,1,32,6,599,1,21,7,2,7
2017551700149,1,9,0,17,0,0,1,0,1,9,2,1,2,2,36,7,1598,1,15,6,3,6
2017551700149,2,10,0,17,0,0,1,0,0,0,1,1,1,1,68,10,2198,2,2,7,2,7
2017551700151,1,9,0,18,0,1,0,7,0,0,1,1,6,1,33,6,2324,1,16,4,2,4
2017551700151,2,9,0,5,0,1,0,0,0,0,4,1,2,1,37,7,-1,-1,-1,9,3,9
2017551700151,3,9,0,9,0,8,0,7,0,0,4,1,6,1,45,7,1397,1,16,6,3,6
2017551700153,1,9,0,5,0,8,0,0,0,0,4,2,6,1,45,7,1390,1,9,4,1,4
2017551700153,2,9,0,16,0,8,0,0,0,0,1,2,6,1,41,7,1339,1,15,1,2,1
2017551700156,1,3,0,18,0,8,0,0,0,0,0,1,6,1,50,8,124,1,1,5,1,5
2017551700158,1,9,0,18,0,0,0,0,0,0,1,1,6,1,18,4,998,1,12,9,1,9
2017551700158,2,9,0,3,0,0,0,0,0,0,2,1,6,2,41,7,2987,2,7,6,3,6
2017551700159,1,9,0,18,0,6,0,0,0,0,2,1,6,3,-1,-1,-1,-1,-1,-1,-1,-1
2017551700159,2,3,0,18,0,8,1,0,0,0,0,1,6,1,19,4,125,1,1,4,1,4
2017551700160,1,9,0,18,0,0,1,0,0,0,1,1,6,1,52,8,1598,1,13,2,1,2
2017551700160,2,9,0,18,0,0,0,0,0,0,2,1,2,1,31,6,2993,2,3,4,1,4
2017551700161,1,9,0,18,0,0,1,0,1,0,1,1,6,1,28,6,1596,1,16,4,1,4
2017551700163,1,9,0,18,0,1,0,0,0,0,1,1,6,1,37,7,1589,1,17,1,1,1
2017551700163,2,9,0,3,0,1,0,0,0,0,2,1,6,1,41,7,1332,1,21,3,1,3
2017551700164,1,9,0,18,0,2,0,0,0,0,1,2,6,1,17,4,998,1,16,5,1,5
2017551700164,2,9,0,5,0,2,1,0,7,2,2,2,6,2,53,8,1598,1,11,9,1,9
2017551700166,1,9,0,9,0,1,0,0,0,0,1,1,6,2,86,11,989,1,11,6,1,6
2017551700166,2,1,0,18,0,1,0,0,0,0,1,1,6,1,57,9,-1,-1,-1,4,1,4
2017551700167,1,9,0,3,0,0,0,0,0,0,2,1,2,2,62,9,998,1,5,4,1,4
2017551700167,2,9,0,18,0,0,0,0,0,0,1,1,6,2,34,6,1461,2,14,5,1,5
2017551700169,1,5,0,16,0,2,0,0,0,0,1,1,6,1,62,9,1170,1,8,5,1,5
2017551700170,1,8,0,18,0,0,0,0,0,0,4,1,1,1,42,7,1996,2,7,4,1,4
2017551700172,1,9,0,16,0,0,0,10,7,11,1,1,6,2,23,5,1149,1,8,10,1,10
2017551700173,1,9,0,9,0,8,0,0,0,0,4,1,6,2,23,5,898,1,1,3,1,3
2017551700173,2,5,0,18,0,8,0,0,0,0,1,1,6,1,67,10,953,1,6,10,1,10
2017551700174,1,19,0,7,0,6,0,0,0,0,4,1,2,1,41,7,1753,2,12,9,1,9
2017551700174,2,9,0,16,0,1,0,0,0,0,3,1,3,1,37,7,2987,2,10,10,2,10
2017551700175,1,9,0,9,0,6,0,0,1,11,3,1,6,2,55,8,799,2,7,8,1,8
2017551700175,2,3,0,18,0,1,0,0,0,0,1,1,6,1,46,8,123,1,28,2,1,2
2017551700176,1,9,0,18,0,0,0,0,0,0,1,1,6,1,25,5,1968,2,10,5,1,5
2017551700176,2,9,0,3,0,0,0,0,0,0,2,1,6,2,52,8,1360,1,8,7,1,7
2017551700176,3,9,0,18,0,0,0,0,0,0,2,1,6,1,18,4,1388,1,14,8,1,8
2017551700178,1,1,0,18,0,1,0,0,0,0,1,1,6,1,73,10,-1,-1,-1,6,2,6
2017551700178,2,9,0,18,0,8,0,0,0,0,4,1,6,1,69,10,1461,2,2,6,3,6
2017551700179,1,9,0,18,0,0,5,7,0,0,1,1,6,2,79,11,1149,1,19,5,1,5
2017551700180,1,9,0,16,0,0,5,0,7,2,1,1,6,1,17,4,1242,1,16,4,1,4
2017551700181,1,19,0,17,0,8,2,0,7,11,1,1,1,1,18,4,1399,2,8,6,2,6
2017551700182,1,9,0,18,0,1,0,0,0,0,1,1,2,2,24,5,1599,1,9,-1,-1,-1
2017551700182,2,9,0,10,0,1,0,0,0,0,2,1,6,1,29,6,1090,1,21,6,2,6
2017551700182,3,9,0,18,0,1,0,0,0,0,3,1,6,1,62,9,1596,1,4,6,1,6
2017551700185,1,9,0,9,0,6,0,0,0,0,1,1,6,2,-1,-1,998,1,1,10,1,10
2017551700185,2,9,0,8,9,1,0,0,0,0,1,1,3,2,19,4,998,1,13,8,1,8
2017551700186,1,1,0,18,0,0,0,0,0,0,4,1,6,1,22,5,-1,-1,-1,2,1,2
2017551700186,2,9,0,18,0,0,0,0,0,0,1,1,6,1,58,9,1560,2,3,7,1,7
2017551700187,1,1,0,18,0,6,0,0,0,0,1,1,6,1,16,4,-1,-1,-1,6,1,6
2017551700187,2,9,0,18,0,6,0,0,0,0,3,1,6,1,47,8,1598,1,6,-1,-1,-1
2017551700190,1,9,0,1,8,6,0,0,0,0,1,1,6,3,-1,-1,-1,-1,-1,-1,-1,-1
2017551700190,2,1,0,18,0,1,0,0,0,0,4,1,2,2,46,8,-1,-1,-1,-1,-1,-1
2017551700191,1,9,0,18,0,0,2,0,1,9,1,1,6,2,22,5,1299,1,16,6,3,6
2017551700193,1,9,0,9,0,1,0,0,0,0,1,1,6,1,32,6,1998,1,15,3,1,3
2017551700193,2,9,0,5,0,8,0,0,0,0,1,1,6,2,26,6,1995,2,12,8,1,8
2017551700194,1,9,0,7,0,5,0,0,0,0,1,2,6,1,60,9,1968,2,7,-1,-1,-1
2017551700194,2,1,0,18,0,1,0,0,0,0,2,1,6,1,32,6,-1,-1,-1,9,1,9
2017551700197,1,8,0,9,0,1,0,0,0,0,3,1,1,1,44,7,1968,2,9,3,1,3
2017551700197,2,1,0,10,0,2,0,0,0,0,1,1,1,2,51,8,-1,-1,-1,7,1,7
2017551700198,1,9,0,4,0,1,0,0,0,0,2,1,6,1,51,8,1061,1,13,10,1,10
2017551700198,2,9,0,4,0,1,0,0,0,0,1,1,6,1,67,10,1248,1,6,7,1,7
2017551700199,1,9,0,18,0,0,0,0,0,0,1,1,2,2,30,6,1399,1,1,9,1,9
2017551700201,1,9,0,5,0,4,0,0,0,0,3,1,6,1,86,11,1395,1,4,10,1,10
2017551700201,2,1,0,18,0,1,0,0,0,0,4,1,6,1,72,10,-1,-1,-1,4,1,4
2017551700202,1,1,0,9,0,1,0,0,0,0,3,1,6,1,36,7,-1,-1,-1,3,1,3
2017551700202,2,9,0,10,0,1,0,0,0,0,4,1,6,2,40,7,1968,2,7,6,1,6
2017551700203,1,9,0,18,0,4,0,0,0,0,1,1,6,1,61,9,1997,2,6,4,1,4
2017551700203,2,3,0,17,0,8,0,0,0,0,4,1,2,1,19,4,124,1,2,8,1,8
2017551700204,1,9,0,4,0,0,0,0,0,0,1,1,6,2,84,11,1398,2,14,7,1,7
2017551700204,2,9,0,2,0,0,0,0,0,0,2,1,6,3,-1,-1,1240,1,11,-1,-1,-1
2017551700205,1,9,0,18,0,0,0,0,0,0,1,1,6,1,28,6,1493,2,12,2,1,2
2017551700206,1,9,0,18,0,1,0,0,0,0,1,1,6,2,44,7,1560,2,10,4,1,4
2017551700206,2,9,0,18,0,1,0,0,0,0,2,1,6,1,47,8,2316,1,20,4,1,4
2017551700207,1,9,0,18,0,0,0,0,0,0,1,1,6,1,21,5,1596,1,19,5,1,5
2017551700207,2,9,0,18,0,0,0,0,0,0,2,1,6,1,35,6,1999,1,12,3,1,3
2017551700208,1,9,0,9,0,1,0,0,0,0,4,1,6,2,24,5,1360,1,16,2,1,2
2017551700208,2,4,0,18,0,1,0,0,0,0,1,1,6,1,45,7,449,1,8,7,1,7
2017551700209,1,9,0,5,0,1,0,0,0,0,1,1,2,2,45,7,1242,1,13,7,1,7
2017551700209,2,5,0,18,0,8,0,0,0,0,1,1,6,1,23,5,649,1,-1,1,1,1
2017551700210,1,9,0,18,0,4,0,0,0,0,1,1,6,1,66,10,-1,-1,-1,10,1,10
2017551700210,2,9,0,18,0,8,0,0,0,0,2,1,6,1,22,5,1968,1,12,6,1,6
2017551700211,1,9,0,18,0,0,0,0,1,0,1,1,6,2,67,10,1242,1,2,10,1,10
2017551700211,2,19,0,2,9,0,0,0,0,0,2,1,6,3,-1,-1,2198,2,7,-1,-1,-1
2017551700213,1,9,0,10,0,1,0,0,0,0,2,1,6,1,51,8,1798,2,6,8,3,8
2017551700213,2,1,0,18,0,1,0,0,0,0,1,1,6,2,51,8,-1,-1,-1,5,3,5
2017551700214,1,9,0,9,0,8,0,0,0,0,1,1,6,1,52,8,1685,2,1,-1,-1,-1
2017551700217,1,9,0,18,0,0,1,0,7,4,3,1,2,2,51,8,1198,1,3,8,2,8
2017551700223,1,4,0,18,0,0,0,0,7,11,1,1,6,1,35,6,398,1,30,2,1,2
2017551700225,1,9,0,5,0,6,0,0,0,0,1,1,2,1,50,8,1896,2,16,3,1,3
2017551700225,2,9,0,18,0,8,0,0,0,0,1,1,6,1,57,9,1396,2,2,5,3,5
2017551700227,1,19,0,18,0,0,0,0,0,0,1,1,1,1,46,8,1968,2,6,7,2,7
2017551700228,1,9,0,9,0,6,0,0,0,0,1,1,2,1,30,6,1896,2,16,6,1,6
2017551700228,2,4,0,14,0,1,1,0,0,0,1,1,2,2,21,5,125,1,1,10,1,10
2017551700229,1,9,0,4,0,0,0,0,0,0,1,1,2,1,32,6,1560,2,12,10,1,10
2017551700229,2,9,0,4,0,0,0,0,4,0,2,1,6,1,36,7,1998,1,15,-1,-1,-1
2017551700230,1,19,0,18,0,1,0,11,0,0,1,1,1,1,21,5,-1,-1,-1,8,1,8
2017551700230,2,9,0,9,0,1,0,11,0,0,3,1,6,1,67,10,2993,2,6,10,1,10
2017551700235,1,9,0,18,0,8,0,0,0,0,4,1,2,2,52,8,1198,1,8,7,1,7
2017551700235,2,8,0,18,0,8,0,0,0,0,1,1,1,1,58,9,1598,2,3,9,2,9
2017551700238,1,11,0,5,2,0,0,0,0,0,0,1,1,1,62,9,7300,2,5,5,1,5
2017551700240,1,9,0,5,0,0,0,0,0,0,1,1,6,1,71,10,1995,2,7,9,1,9
2017551700240,2,1,0,18,0,0,0,0,0,0,4,1,4,1,11,3,-1,-1,-1,7,1,7
2017551700242,1,9,0,9,0,5,0,0,0,0,1,1,6,2,60,9,1242,1,7,4,1,4
2017551700242,2,9,0,18,0,1,0,0,0,0,1,1,6,1,67,10,1799,1,6,8,1,8
2017551700243,1,9,0,9,0,6,0,0,0,0,1,1,6,2,26,6,2720,2,10,3,1,3
2017551700243,2,8,0,18,0,1,0,0,0,0,1,1,1,1,29,6,1968,2,9,2,1,2
2017551700244,1,9,0,16,0,0,1,0,8,11,1,1,6,1,24,5,1248,2,10,4,1,4
2017551700245,1,9,0,9,0,8,0,0,0,0,1,1,2,2,35,6,999,1,-1,7,1,7
2017551700245,2,1,0,5,0,8,0,0,0,0,1,1,2,1,39,7,-1,-1,-1,2,1,2
2017551700247,1,9,0,16,0,0,2,0,7,11,1,1,2,1,45,7,1590,1,16,8,1,8
2017551700253,1,9,0,5,0,4,0,0,0,0,1,1,6,2,49,8,1560,2,5,8,1,8
2017551700253,2,1,0,18,0,8,0,0,0,0,4,1,2,1,79,11,-1,-1,-1,2,1,2
2017551700254,1,9,0,18,0,1,0,0,0,0,1,1,6,2,18,4,1360,1,13,6,1,6
2017551700254,2,9,0,9,0,1,0,0,0,0,3,1,6,1,76,11,898,1,2,3,1,3
2017551700255,1,9,0,9,0,6,0,0,0,0,1,1,2,1,63,9,1199,1,16,9,2,9
2017551700255,2,3,0,18,0,1,0,0,0,0,1,1,6,1,17,4,125,1,11,6,3,6
2017551700256,1,9,0,9,0,5,0,0,0,0,1,1,1,1,42,7,1968,2,10,1,1,1
2017551700256,2,1,0,18,0,1,1,0,0,0,1,1,6,1,19,4,-1,-1,-1,2,1,2
2017551700257,1,9,0,3,0,0,0,0,0,0,1,1,1,2,17,4,1360,1,11,10,1,10
2017551700257,2,19,0,2,0,0,0,0,0,0,0,1,1,3,-1,-1,2143,2,2,-1,-1,-1
2017551700258,1,9,0,9,0,6,0,0,0,0,3,1,6,2,20,4,1397,1,6,9,1,9
2017551700258,2,9,0,18,0,1,1,0,1,0,1,1,6,1,36,7,1997,2,17,5,3,5
2017551700258,3,9,0,18,0,1,1,0,0,0,3,1,6,2,47,8,1975,1,10,7,1,7
2017551700259,1,9,0,9,0,0,0,0,0,0,1,1,6,2,22,5,1490,1,11,5,1,5
2017551700259,2,9,0,15,0,0,0,0,0,0,1,1,6,2,34,6,1598,1,7,7,1,7
2017551700259,3,9,0,3,0,0,0,0,0,0,1,1,6,2,45,7,2993,2,8,4,1,4
2017551700260,1,90,0,18,0,2,0,0,0,0,1,1,6,1,27,6,-1,-1,-1,5,3,5
2017551700260,2,9,0,9,0,2,0,0,0,0,2,1,6,1,38,7,2900,1,14,6,3,6
2017551700262,1,9,0,18,0,1,0,0,0,0,1,1,6,1,34,6,1997,2,12,8,1,8
2017551700262,2,1,0,18,0,1,0,0,0,0,4,1,6,2,35,6,-1,-1,-1,8,1,8
2017551700263,1,9,0,9,0,5,0,0,0,0,1,1,6,2,77,11,1399,2,15,2,1,2
2017551700263,2,3,0,18,0,8,0,0,0,0,1,1,6,1,19,4,125,1,1,3,1,3
2017551700264,1,9,0,18,0,0,0,4,0,0,1,1,2,2,23,5,1299,1,14,4,1,4
2017551700264,2,9,0,2,0,0,0,0,0,0,1,1,6,1,38,7,1796,1,12,9,1,9
2017551700265,1,9,0,16,0,0,2,0,2,3,1,1,6,1,19,4,1229,1,7,4,1,4
2017551700266,1,9,0,9,0,6,0,0,0,0,0,1,6,3,-1,-1,-1,-1,-1,-1,-1,-1
2017551700266,2,3,0,18,0,1,0,0,1,0,0,1,6,1,25,5,124,1,11,1,1,1
2017551700268,1,9,0,18,0,0,1,0,0,0,1,1,6,1,51,8,1969,2,1,4,1,4
2017551700268,2,9,0,18,0,0,2,0,2,7,4,1,6,2,43,7,2199,2,3,10,3,10
2017551700269,1,9,0,5,0,1,0,0,0,0,1,1,6,2,47,8,1587,1,9,3,1,3
2017551700270,1,9,0,16,0,0,5,0,0,0,1,1,6,1,25,5,1360,1,17,6,1,6
2017551700273,1,5,0,18,0,1,1,0,0,0,1,1,2,1,40,7,-1,-1,-1,5,1,5
2017551700273,2,9,0,5,0,1,0,0,0,0,3,1,6,2,18,4,1000,1,17,4,3,4
2017551700274,1,9,0,18,0,0,0,0,0,0,1,1,2,1,47,8,1997,1,13,6,2,6
2017551700280,1,9,0,2,0,0,0,0,0,0,2,1,6,3,-1,-1,1796,1,13,-1,-1,-1
2017551700280,2,9,0,4,0,0,1,4,0,0,1,1,6,1,38,7,1388,1,8,5,1,5
2017551700283,1,9,0,9,4,5,0,0,0,0,1,1,6,2,78,11,1229,1,4,5,1,5
2017551700283,2,1,0,4,4,1,0,0,0,0,3,1,6,1,39,7,-1,-1,-1,7,1,7
2017551700284,1,9,0,18,0,1,0,0,0,0,1,1,6,2,42,7,1395,1,2,6,1,6
2017551700284,2,9,0,18,0,1,0,0,0,0,2,1,6,1,58,9,998,1,8,8,1,8
2017551700284,3,9,0,18,0,1,0,0,0,0,2,1,6,1,33,6,-1,-1,-1,7,1,7
2017551700285,1,9,0,7,4,6,0,0,0,0,1,1,6,1,43,7,1896,2,14,5,1,5
2017551700285,2,1,0,18,4,1,0,0,0,0,4,1,6,1,28,6,-1,-1,-1,5,1,5
2017551700287,1,9,0,16,0,0,2,0,1,1,3,1,6,1,20,4,1390,1,16,8,1,8
2017551700288,1,9,0,3,0,4,0,0,0,0,1,1,6,2,71,10,1339,1,13,6,1,6
2017551700288,2,9,0,3,0,4,0,0,0,0,2,1,6,2,67,10,1339,1,11,7,1,7
2017551700289,1,9,0,7,0,1,0,0,0,0,1,1,6,1,47,8,1998,1,12,1,1,1
2017551700289,2,20,0,18,0,8,1,0,0,0,4,1,1,1,36,7,-1,-1,-1,3,1,3
2017551700289,3,19,0,18,0,1,0,0,0,0,1,1,6,1,55,8,2500,2,17,3,1,3
2017551700290,1,9,0,5,0,1,0,0,0,0,4,1,6,3,-1,-1,-1,-1,-1,-1,-1,-1
2017551700290,2,1,0,4,0,1,0,0,0,0,1,1,2,1,54,8,-1,-1,-1,10,1,10
2017551700291,1,9,0,7,0,6,0,0,0,0,1,1,6,1,-1,-1,2497,1,8,3,1,3
2017551700291,2,1,0,17,0,1,0,0,0,0,4,1,6,1,17,4,-1,-1,-1,3,1,3
2017551700292,1,4,0,13,0,1,0,10,7,0,4,1,1,1,19,4,125,1,7,3,1,3
2017551700292,2,19,0,9,0,5,0,0,0,0,3,1,1,1,47,8,2300,2,14,4,1,4
2017551700294,1,9,0,18,0,4,0,0,0,0,1,1,6,2,32,6,1898,1,15,9,1,9
2017551700294,2,1,0,18,0,4,0,0,0,0,3,1,6,1,50,8,-1,-1,-1,10,1,10
2017551700296,1,9,0,16,0,2,1,0,0,0,1,1,6,2,19,4,1398,2,11,5,2,5
2017551700296,2,9,0,18,0,2,0,0,0,0,1,1,6,2,22,5,1560,2,5,6,3,6
2017551700297,1,9,0,9,0,6,0,0,0,0,1,1,2,1,29,6,998,1,8,-1,1,-1
2017551700297,2,1,0,18,0,1,0,0,0,0,4,1,2,1,55,8,-1,-1,-1,-1,-1,-1
2017551700300,1,9,0,4,0,0,0,0,0,0,1,1,2,2,30,6,1388,1,15,6,1,6
2017551700300,2,9,0,4,0,0,0,0,0,0,2,1,1,1,51,8,1968,2,2,3,1,3
2017551700302,1,19,0,18,0,0,0,0,0,0,4,1,2,1,19,4,2198,2,3,7,2,7
2017551700303,1,9,0,3,0,4,0,0,0,0,1,1,2,3,-1,-1,2143,2,5,-1,-1,-1
2017551700303,2,9,0,3,0,4,0,0,0,0,2,1,6,2,53,8,998,1,5,4,1,4
2017551700304,1,9,0,17,0,0,1,10,0,0,1,1,2,2,23,5,1364,1,12,6,2,6
2017551700305,1,9,0,9,0,2,0,0,0,0,3,1,2,1,48,8,1997,2,14,7,1,7
2017551700305,2,1,0,18,0,1,0,0,0,0,1,1,2,1,52,8,-1,-1,-1,5,1,5
2017551700306,1,9,0,18,0,0,2,0,7,9,3,1,2,1,49,8,2982,2,2,6,3,6
2017551700306,2,9,0,18,0,0,1,0,0,0,3,1,6,1,37,7,2720,2,12,8,1,8
2017551700306,3,9,0,18,0,0,0,0,0,0,1,1,6,2,32,6,1910,2,12,8,1,8
2017551700307,1,9,0,12,0,0,1,0,5,6,3,1,6,1,80,11,1948,1,14,9,1,9
2017551700307,2,9,0,18,0,0,0,0,0,0,1,1,6,1,46,8,1997,2,16,8,1,8
2017551700307,3,9,0,18,0,0,0,0,0,0,2,1,1,1,54,8,1560,2,4,6,1,6