Accident_Index,Vehicle_Reference,Vehicle_Type,Towing_and_Articulation,Vehicle_Manoeuvre,Vehicle_Location-Restricted_Lane,Junction_Location,Skidding_and_Overturning,Hit_Object_in_Carriageway,Vehicle_Leaving_Carriageway,Hit_Object_off_Carriageway,1st_Point_of_Impact,Was_Vehicle_Left_Hand_Drive?,Journey_Purpose_of_Driver,Sex_of_Driver,Age_of_Driver,Age_Band_of_Driver,Engine_Capacity_(CC),Propulsion_Code,Age_of_Vehicle,Driver_IMD_Decile,Driver_Home_Area_Type,Vehicle_IMD_Decile
2017551700308,1,9,0,9,0,6,0,0,0,0,4,1,6,2,89,11,1388,1,11,5,1,5
2017551700308,2,5,0,18,0,6,0,0,7,0,1,1,6,1,56,9,865,1,9,5,1,5
2017551700309,1,9,0,15,0,0,1,0,7,11,4,1,2,1,29,6,1800,1,20,7,1,7
2017551700309,2,19,0,15,0,0,1,0,0,0,3,1,2,1,57,9,1248,2,12,1,2,1
2017551700311,1,9,0,18,0,8,0,10,1,2,4,1,6,1,34,6,1956,2,8,4,1,4
2017551700311,2,9,0,18,0,6,0,0,0,0,1,1,6,2,85,11,1086,1,11,3,1,3
2017551700313,1,9,0,9,0,6,0,0,0,0,1,1,1,2,49,8,998,1,2,3,1,3
2017551700313,2,11,0,18,0,1,0,0,0,0,1,1,1,1,56,9,6700,2,9,8,1,8
2017551700314,1,9,0,18,0,0,0,0,0,0,1,1,6,2,63,9,1364,1,3,8,1,8
2017551700314,2,9,0,18,0,0,0,0,1,0,3,1,6,2,64,9,1461,2,2,6,2,6
2017551700315,1,9,0,6,0,0,0,0,0,0,1,1,6,2,21,5,1349,1,7,8,1,8
2017551700315,2,9,0,18,0,0,0,0,0,0,3,1,1,2,42,7,1850,1,18,5,1,5
2017551700316,1,19,0,18,0,5,0,0,0,0,1,1,6,1,53,8,1995,2,7,8,1,8
2017551700318,1,9,0,18,0,8,0,0,3,11,1,1,6,1,85,11,1242,1,4,9,3,9
2017551700319,1,9,0,7,0,3,0,0,0,0,1,1,6,2,87,11,1400,1,17,7,3,7
2017551700319,2,1,0,18,0,8,0,0,0,0,3,1,6,2,72,10,-1,-1,-1,10,1,10
2017551700324,1,9,0,4,0,0,0,4,0,0,1,1,2,1,23,5,2000,1,15,9,1,9
2017551700324,2,21,1,2,0,0,0,0,0,0,2,1,1,1,38,7,-1,-1,-1,-1,-1,-1
2017551700326,1,9,0,6,0,0,0,0,0,0,3,1,2,2,28,6,1349,1,7,4,1,4
2017551700326,2,1,0,13,0,0,0,0,0,0,1,1,2,1,46,8,-1,-1,-1,10,1,10
2017551700335,1,9,0,7,0,3,0,0,0,0,4,1,2,1,60,9,2494,1,18,6,1,6
2017551700335,2,1,0,5,0,3,0,0,0,0,2,1,2,1,21,5,-1,-1,-1,8,1,8
2017551700338,1,3,0,4,0,4,1,0,0,0,0,1,2,1,32,6,124,1,1,3,1,3
2017551700338,2,9,0,4,0,4,0,0,0,0,0,1,2,2,24,5,998,1,18,6,1,6
2017551700339,1,9,0,18,0,0,1,0,0,0,1,1,3,1,34,6,1299,1,15,6,1,6
2017551700339,2,9,0,18,0,0,0,0,0,0,2,1,2,1,47,8,1598,1,6,1,1,1
2017551700340,1,9,0,18,0,0,0,0,0,0,1,1,2,1,26,6,1798,1,7,3,1,3
2017551700340,2,1,0,18,5,0,0,0,0,0,2,1,4,1,21,5,-1,-1,-1,9,1,9
2017551700341,1,9,0,16,0,0,2,0,0,0,3,1,6,2,51,8,1969,2,2,8,3,8
2017551700341,2,9,0,18,0,0,0,0,1,0,3,1,6,2,67,10,1598,1,11,7,1,7
2017551700343,1,9,0,9,0,2,0,0,1,0,1,1,6,2,32,6,1598,1,15,4,1,4
2017551700344,1,9,0,18,0,8,0,0,0,0,4,1,6,2,64,9,1396,1,16,9,1,9
2017551700344,2,9,0,4,0,6,0,0,0,0,1,1,6,2,47,8,1197,1,1,9,1,9
2017551700345,1,11,0,4,0,0,0,0,0,0,0,1,6,1,53,8,7300,2,13,9,1,9
2017551700346,1,9,0,18,0,6,0,4,0,0,1,1,6,3,-1,-1,1871,2,15,-1,-1,-1
2017551700346,2,9,0,2,0,1,0,0,0,0,1,1,1,1,42,7,1968,2,11,4,1,4
2017551700347,1,9,0,5,0,6,0,0,0,0,1,1,6,1,52,8,2987,2,6,5,1,5
2017551700347,2,1,0,18,0,8,0,0,0,0,1,1,6,1,56,9,-1,-1,-1,9,1,9
2017551700348,1,9,0,5,0,4,0,0,0,0,1,1,2,1,67,10,1390,2,15,8,1,8
2017551700348,2,1,0,17,0,8,0,0,0,0,4,1,6,1,52,8,-1,-1,-1,7,1,7
2017551700351,1,9,0,18,0,0,0,0,6,2,1,1,1,1,61,9,-1,-1,-1,7,1,7
2017551700351,2,9,0,18,0,0,0,0,0,0,1,1,6,2,52,8,3628,2,8,10,1,10
2017551700355,1,9,0,18,0,8,0,0,0,0,4,1,6,1,42,7,1598,1,7,6,2,6
2017551700355,2,9,0,9,0,6,0,0,0,0,1,1,6,1,90,11,1298,1,17,5,3,5
2017551700356,1,19,0,18,0,0,0,0,0,0,1,1,1,1,24,5,2143,2,1,6,1,6
2017551700356,2,9,0,3,0,0,0,0,0,0,2,1,2,1,56,9,1997,2,1,7,1,7
2017551700357,1,9,0,9,0,5,0,0,0,0,1,1,2,1,65,9,2720,2,10,9,2,9
2017551700357,2,5,0,3,0,1,0,0,0,0,1,1,2,1,52,8,649,1,3,6,1,6
2017551700358,1,9,0,9,0,8,0,0,0,0,1,1,2,1,28,6,1896,2,15,3,1,3
2017551700358,2,19,0,18,0,8,0,0,0,0,1,1,1,1,33,6,-1,-1,-1,6,3,6
2017551700359,1,9,0,15,0,0,0,0,0,0,1,1,6,1,44,7,1389,1,20,8,1,8
2017551700359,2,9,0,18,0,0,0,0,0,0,1,1,6,1,86,11,998,1,2,6,1,6
2017551700363,1,9,0,18,0,0,0,0,0,0,1,1,6,1,33,6,1597,1,10,4,1,4
2017551700365,1,9,0,18,0,0,0,0,0,0,1,1,6,1,40,7,1968,2,5,2,1,2
2017551700365,2,9,0,18,0,0,0,0,0,0,2,1,6,2,19,4,998,1,4,4,1,4
2017551700366,1,19,0,9,0,1,0,0,0,0,4,1,1,1,58,9,1560,2,3,8,1,8
2017551700367,1,11,0,18,0,1,0,0,0,0,1,1,1,1,38,7,4500,2,1,7,1,7
2017551700367,2,8,0,4,0,1,0,0,0,0,2,1,1,1,38,7,1968,2,5,5,1,5
2017551700368,1,9,0,9,0,6,0,0,0,0,3,1,6,1,27,6,1390,1,16,5,1,5
2017551700368,2,9,0,18,0,1,0,0,0,0,1,1,1,1,45,7,1560,2,4,6,1,6
2017551700369,1,9,0,18,0,0,0,4,1,11,1,1,6,2,90,11,1275,1,20,9,2,9
2017551700369,2,9,0,2,0,0,0,0,0,0,3,1,6,1,49,8,1995,2,14,8,1,8
2017551700370,1,9,0,18,0,8,0,0,0,0,4,1,6,1,70,10,1998,1,12,8,1,8
2017551700373,1,9,0,18,0,8,0,0,0,0,1,1,6,2,20,4,998,1,9,3,1,3
2017551700373,2,9,0,18,0,8,0,0,7,1,4,1,6,2,55,8,1560,2,2,4,1,4
2017551700375,1,9,0,18,0,0,0,0,0,0,1,1,2,1,23,5,1598,2,5,-1,-1,-1
2017551700375,2,9,0,4,0,0,0,0,0,0,2,1,2,2,36,7,1968,2,1,10,1,10
2017551700377,1,9,0,18,0,8,1,0,0,0,1,1,6,2,48,8,1596,1,7,7,3,7
2017551700377,2,9,0,3,0,8,0,0,0,0,2,1,1,2,28,6,1390,1,14,6,2,6
2017551700377,3,9,0,3,0,8,0,0,0,0,2,1,6,2,38,7,1598,2,5,6,3,6
2017551700377,4,9,0,10,0,8,0,0,0,0,0,1,6,2,52,8,1299,1,15,6,2,6
2017551700377,5,19,0,18,0,1,0,10,1,0,0,1,6,3,-1,-1,-1,-1,-1,-1,-1,-1
2017551700380,1,9,0,17,9,0,0,0,1,11,1,1,2,2,33,6,1299,1,15,6,1,6
2017551700384,1,21,0,18,0,1,0,0,0,0,1,1,1,1,56,9,3920,2,5,1,1,1
2017551700384,2,19,0,9,0,5,0,0,0,0,2,1,1,1,51,8,2143,2,3,-1,-1,-1
2017551700386,1,9,0,18,0,0,2,0,0,0,1,1,6,2,29,6,1197,1,3,7,3,7
2017551700387,1,8,0,5,0,4,0,0,0,0,1,1,6,1,33,6,1598,2,5,10,1,10
2017551700388,1,19,0,18,0,0,2,0,6,6,3,1,6,1,59,9,1896,2,13,6,3,6
2017551700389,1,9,0,9,0,5,0,0,0,0,3,1,2,2,69,10,1298,1,15,5,1,5
2017551700389,2,1,0,18,0,1,0,0,0,0,1,1,6,1,38,7,-1,-1,-1,3,1,3
2017551700390,1,9,0,9,0,8,0,0,0,0,3,1,6,1,52,8,2494,2,4,7,2,7
2017551700391,1,20,0,5,0,1,0,0,0,0,1,1,1,1,38,7,4461,2,9,2,1,2
2017551700391,2,9,0,3,0,4,0,0,0,0,2,1,6,2,51,8,1840,1,15,2,1,2
2017551700392,1,11,0,18,0,1,0,0,0,0,1,1,2,1,28,6,5132,2,2,6,1,6
2017551700392,2,9,0,5,0,6,0,0,0,0,3,1,6,1,20,4,1242,1,15,3,1,3
2017551700394,1,9,0,18,0,0,0,0,0,0,1,1,6,2,20,4,899,1,1,7,1,7
2017551700394,2,9,0,4,0,0,0,0,0,0,2,1,6,2,48,8,1461,2,1,7,3,7
2017551700395,1,19,0,18,0,0,0,0,0,0,3,1,6,1,19,4,1560,2,1,6,3,6
2017551700395,2,9,0,18,0,0,0,0,0,0,3,1,6,2,57,9,1896,2,9,10,1,10
2017551700396,1,20,0,18,0,0,0,0,0,0,4,1,1,1,53,8,4485,2,1,1,1,1
2017551700396,2,1,0,18,0,0,0,0,1,9,3,1,6,1,75,10,-1,-1,-1,7,3,7
2017551700399,1,9,0,16,0,0,2,0,8,4,1,1,2,2,24,5,1390,1,15,7,1,7
2017551700400,1,9,0,16,0,0,0,0,1,2,1,1,6,1,28,6,1956,2,7,3,1,3
2017551700401,1,9,0,5,0,1,0,0,0,0,1,1,6,1,73,10,2393,1,14,10,1,10
2017551700401,2,1,0,5,0,1,0,0,0,0,4,1,2,1,23,5,-1,-1,-1,9,1,9
2017551700402,1,9,0,18,0,1,0,0,0,0,1,1,6,2,57,9,2393,1,15,4,1,4
2017551700402,2,9,0,4,0,1,0,0,0,0,2,1,6,1,36,7,1388,1,12,4,1,4
2017551700403,1,9,0,18,0,0,0,0,0,0,3,1,6,1,80,11,1798,1,4,10,1,10
2017551700403,2,9,0,18,0,0,0,0,0,0,3,1,6,1,45,7,-1,-1,-1,7,3,7
2017551700403,3,9,0,18,0,0,0,0,0,0,1,1,6,1,38,7,1584,1,10,6,1,6
2017551700404,1,19,0,18,0,8,5,0,0,0,4,1,6,1,50,8,2874,2,18,7,1,7
2017551700404,2,9,0,18,0,1,0,0,0,0,1,1,6,2,36,7,1248,1,1,7,1,7
2017551700404,3,9,0,2,0,1,0,0,0,0,3,1,6,3,-1,-1,1242,1,5,-1,-1,-1
2017551700404,4,9,0,2,0,1,0,0,0,0,3,1,6,3,-1,-1,1796,1,17,-1,-1,-1
2017551700406,1,9,0,18,0,0,0,0,0,0,1,1,3,2,42,7,2000,2,12,4,3,4
2017551700408,1,9,0,18,0,0,1,0,0,0,2,1,6,2,28,6,998,1,16,7,2,7
2017551700408,2,9,0,16,0,0,0,0,0,0,1,1,1,1,69,10,2199,2,6,7,2,7
2017551700410,1,90,0,9,0,6,0,11,0,0,1,1,1,1,39,7,-1,-1,-1,3,1,3
2017551700410,2,1,0,9,0,5,0,0,0,0,3,1,6,1,50,8,-1,-1,-1,10,1,10
2017551700411,1,20,0,1,0,1,0,0,0,0,2,1,1,1,32,6,-1,-1,-1,4,1,4
2017551700411,2,3,0,3,0,1,0,0,0,0,1,1,6,2,30,6,125,1,1,7,2,7
2017551700412,1,9,0,18,0,6,0,0,0,0,1,1,6,1,54,8,1398,2,11,6,1,6
2017551700412,2,9,0,18,0,1,2,0,0,0,4,1,6,2,53,8,1242,1,10,1,1,1
2017551700413,1,9,0,16,0,0,5,0,1,10,1,1,2,2,27,6,1149,1,15,6,2,6
2017551700414,1,9,0,18,0,0,0,0,7,4,1,1,6,2,44,7,2987,2,6,8,1,8
2017551700415,1,8,0,7,0,0,0,0,0,0,1,1,6,3,-1,-1,-1,-1,-1,-1,-1,-1
2017551700416,1,9,0,18,0,0,1,0,1,4,1,1,6,1,18,4,1124,1,12,7,3,7
2017551700418,1,9,0,18,0,0,0,0,0,0,1,1,2,2,28,6,1240,1,9,4,1,4
2017551700418,2,9,0,4,0,0,0,0,0,0,2,1,6,1,21,5,2616,1,12,8,1,8
2017551700419,1,9,0,9,0,8,0,0,0,0,1,1,6,1,47,8,1956,2,5,10,1,10
2017551700419,2,9,0,18,0,8,0,0,0,0,1,1,6,2,47,8,1386,1,11,6,1,6
2017551700421,1,21,1,18,0,1,1,0,0,0,1,1,1,1,78,11,12809,2,3,6,1,6
2017551700421,2,19,0,10,0,1,0,0,0,0,2,1,1,1,51,8,1870,2,11,7,3,7
2017551700422,1,19,0,3,0,1,0,0,0,0,4,1,2,1,30,6,2198,2,2,4,1,4
2017551700423,1,9,0,9,0,8,0,0,0,0,3,1,6,1,20,4,1390,1,8,3,1,3
2017551700423,2,10,0,18,0,8,0,0,0,0,4,1,1,2,26,6,-1,-1,-1,5,2,5
2017551700424,1,3,0,18,0,2,0,0,0,0,4,1,2,1,25,5,125,1,3,9,1,9
2017551700425,1,9,0,17,0,2,1,0,0,0,3,1,6,1,69,10,1596,1,5,6,3,6
2017551700425,2,19,0,17,0,2,0,0,0,0,2,1,6,1,35,6,2198,2,5,7,1,7
2017551700426,1,9,0,17,0,0,0,0,0,0,1,1,6,1,22,5,1390,1,14,4,1,4
2017551700426,2,9,0,16,0,0,0,0,0,0,1,1,6,2,59,9,2997,1,10,8,1,8
2017551700429,1,21,1,18,0,0,0,0,0,0,4,1,1,1,25,5,6700,2,1,-1,-1,-1
2017551700429,2,20,0,18,0,0,0,0,0,0,4,1,1,1,60,9,-1,-1,-1,-1,-1,-1
2017551700430,1,9,0,9,0,6,0,0,0,0,1,1,6,1,57,9,2499,1,8,5,1,5
2017551700430,2,9,0,18,0,1,0,10,1,11,4,1,6,1,71,10,1997,1,5,10,1,10
2017551700431,1,9,0,9,0,5,0,0,0,0,1,1,6,2,60,9,1984,1,17,7,1,7
2017551700431,2,1,0,4,0,1,0,0,0,0,1,1,2,1,40,7,-1,-1,-1,5,1,5
2017551700432,1,4,0,18,0,0,0,0,0,0,1,1,6,1,50,8,125,1,3,5,1,5
2017551700435,1,9,0,9,0,8,1,0,0,0,1,1,6,2,19,4,998,1,12,8,1,8
2017551700435,2,9,0,18,0,8,0,0,0,0,1,1,6,2,58,9,1975,1,12,10,1,10
2017551700436,1,9,0,9,0,5,0,0,0,0,1,1,6,1,46,8,1349,1,7,5,1,5
2017551700436,2,9,0,18,0,1,0,0,0,0,1,1,6,1,60,9,1799,1,7,8,1,8
2017551700437,1,9,0,7,0,6,0,0,0,0,2,1,2,1,40,7,1587,1,12,3,1,3
2017551700437,2,9,0,7,0,6,0,0,0,0,1,1,6,2,24,5,1598,2,5,1,1,1
2017551700439,1,9,0,1,0,0,0,0,0,0,2,1,6,1,53,8,2171,1,14,5,1,5
2017551700439,2,3,0,18,0,0,0,0,0,0,3,1,1,1,23,5,124,1,-1,8,1,8
2017551700440,1,9,0,9,0,6,0,0,2,3,1,1,6,1,30,6,1800,1,17,6,3,6
2017551700442,1,9,0,4,0,1,0,0,0,0,1,1,6,2,32,6,1596,1,11,6,1,6
2017551700442,2,9,0,3,0,1,0,0,0,0,2,1,6,1,26,6,1997,2,13,5,1,5
2017551700443,1,9,0,7,9,6,0,0,0,0,1,1,6,1,67,10,1781,1,17,6,1,6
2017551700444,1,9,0,18,0,1,0,0,0,0,1,1,6,2,87,11,1339,1,15,8,1,8
2017551700445,1,9,0,18,0,8,0,0,0,0,1,1,6,1,75,10,1794,1,17,9,2,9
2017551700445,2,9,0,9,0,5,0,0,0,0,4,1,6,1,81,11,1560,2,6,4,1,4
2017551700446,1,9,0,3,0,4,0,0,0,0,0,1,6,1,82,11,2000,1,12,10,1,10
2017551700448,1,9,0,9,0,5,0,0,0,0,3,1,6,1,39,7,1395,1,4,8,1,8
2017551700448,2,5,0,18,0,8,0,0,0,0,1,1,6,1,43,7,599,1,18,10,1,10
2017551700449,1,9,0,5,0,4,0,0,0,0,1,1,6,1,23,5,1596,1,4,10,1,10
2017551700449,2,1,0,5,0,4,0,0,0,0,3,1,1,1,25,5,-1,-1,-1,7,1,7
2017551700451,1,9,0,7,0,1,0,0,0,0,1,1,6,1,46,8,1349,1,4,2,1,2
2017551700451,2,11,0,18,0,1,0,0,0,0,3,1,1,1,47,8,6700,2,9,2,1,2
2017551700453,1,8,0,18,0,6,0,0,0,0,1,1,1,1,58,9,1797,8,3,5,1,5
2017551700454,1,9,0,18,0,0,2,0,0,0,0,1,6,1,21,5,1587,1,14,8,2,8
2017551700455,1,9,0,18,0,0,0,0,0,0,1,1,6,1,-1,-1,-1,-1,-1,6,3,6
2017551700455,2,9,0,3,0,0,0,0,0,0,2,1,6,2,40,7,2143,2,-1,7,1,7
2017551700456,1,11,0,18,0,0,0,0,0,0,1,1,1,1,59,9,4461,2,3,4,1,4
2017551700456,2,19,0,18,0,0,0,0,0,0,1,1,1,1,58,9,2198,2,5,5,2,5
2017551700456,3,9,0,18,0,0,0,0,0,0,1,1,2,1,34,6,1910,2,13,5,2,5
2017551700457,1,9,0,15,0,0,0,0,0,0,2,1,6,1,50,8,1686,2,3,4,1,4
2017551700457,2,9,0,4,0,0,0,0,0,0,1,1,6,1,26,6,1596,1,10,5,2,5
2017551700458,1,9,0,18,0,0,0,0,0,0,1,1,6,1,77,11,2184,2,10,7,2,7
2017551700458,2,19,0,18,0,0,0,0,0,0,1,1,1,1,34,6,2800,2,14,2,1,2
2017551700460,1,1,0,18,9,1,0,0,0,0,1,1,6,2,19,4,-1,-1,-1,1,1,1
2017551700460,2,8,0,5,9,6,0,0,0,0,1,1,1,1,66,10,1560,2,2,3,1,3
2017551700461,1,1,0,14,0,1,0,0,0,0,1,1,6,1,15,3,-1,-1,-1,9,1,9
2017551700461,2,9,0,9,0,1,0,0,0,0,3,1,6,2,54,8,1242,1,8,9,1,9
2017551700462,1,9,0,9,0,6,0,0,0,0,1,1,6,1,35,6,1896,2,14,5,1,5
2017551700462,2,3,0,18,0,8,1,0,0,0,4,1,6,2,50,8,124,1,13,4,1,4
2017551700463,1,9,0,7,0,6,0,0,0,0,3,1,2,1,40,7,2231,2,8,9,1,9
2017551700463,2,1,0,18,0,1,0,0,0,0,1,1,2,1,34,6,-1,-1,-1,10,1,10
2017551700464,1,9,0,4,0,1,0,0,0,0,1,1,6,2,18,4,1124,1,17,5,3,5
2017551700464,2,9,0,3,0,1,0,0,0,0,2,1,2,1,54,8,4163,1,10,7,2,7
2017551700465,1,9,0,18,0,1,0,0,0,0,1,1,6,2,17,4,1242,1,8,5,1,5
2017551700465,2,9,0,3,0,1,0,0,0,0,2,1,2,2,-1,-1,1398,1,6,4,1,4
2017551700468,1,9,0,5,0,0,1,0,2,4,1,1,6,1,37,7,1149,1,6,6,3,6
2017551700473,1,9,0,18,0,0,0,0,8,10,1,1,2,1,25,5,1199,1,14,7,1,7
2017551700473,2,9,0,18,0,0,0,0,7,0,4,1,6,1,31,6,1968,2,2,8,1,8
2017551700474,1,5,0,18,0,0,0,0,0,0,4,1,6,3,-1,-1,-1,-1,-1,-1,-1,-1
2017551700474,2,5,0,18,0,0,0,0,1,11,3,1,6,1,66,10,599,1,19,6,1,6
2017551700475,1,9,0,18,0,0,0,10,7,1,1,1,6,1,19,4,1396,1,13,10,1,10
2017551700477,1,9,0,4,0,0,0,0,0,0,1,1,6,1,55,8,2199,2,3,10,1,10
2017551700477,2,9,0,4,0,0,0,0,0,0,2,1,2,1,34,6,1796,1,3,8,1,8
2017551700477,3,9,0,4,0,0,0,0,0,0,2,1,6,1,52,8,998,1,6,6,1,6
2017551700478,1,9,0,9,0,1,0,0,0,0,1,1,6,1,30,6,1400,1,13,5,1,5
2017551700478,2,1,0,18,0,1,0,0,0,0,1,1,6,1,21,5,-1,-1,-1,3,1,3
2017551700481,1,9,0,9,0,6,0,0,0,0,1,1,6,3,-1,-1,1598,1,13,-1,-1,-1
2017551700481,2,1,0,18,0,1,0,0,0,0,4,1,6,1,50,8,-1,-1,-1,9,1,9
2017551700481,3,1,0,18,0,1,0,0,0,0,4,1,6,2,18,4,-1,-1,-1,9,1,9
2017551700482,1,9,0,18,0,0,0,4,0,0,1,1,6,1,29,6,1796,1,11,8,1,8
2017551700482,2,9,0,2,0,0,0,0,0,0,1,1,6,2,40,7,1995,1,13,7,3,7
2017551700483,1,19,0,18,0,6,1,0,0,0,3,1,6,1,24,5,1995,2,10,8,1,8
2017551700483,2,9,0,18,0,8,1,0,0,0,1,1,6,1,20,4,1242,1,14,4,1,4
2017551700484,1,9,0,5,9,0,0,0,0,0,1,1,6,2,53,8,2521,1,11,8,1,8
2017551700484,2,1,0,18,9,0,0,0,0,0,1,1,6,1,72,10,-1,-1,-1,6,1,6
2017551700485,1,9,0,4,0,0,0,0,0,0,1,1,2,2,55,8,1242,1,5,7,1,7
2017551700485,2,9,0,3,0,0,0,0,0,0,2,1,6,2,36,7,1197,1,3,8,1,8
2017551700487,1,9,0,14,0,0,0,0,0,0,3,1,6,1,35,6,2987,2,10,5,1,5
2017551700488,1,9,0,18,0,6,0,0,0,0,1,1,6,2,44,7,2720,2,11,10,2,10
2017551700488,2,9,0,18,0,8,0,0,7,0,4,1,6,1,51,8,1999,1,12,8,3,8
2017551700489,1,9,0,18,0,1,0,0,0,0,1,1,6,1,19,4,1229,1,11,-1,-1,-1
2017551700489,2,9,0,18,0,1,0,0,0,0,4,1,6,1,56,9,1598,2,2,8,1,8
2017551700490,1,9,0,18,0,0,0,0,0,0,1,1,6,2,70,10,1796,1,19,5,1,5
2017551700490,2,9,0,18,0,0,0,0,0,0,2,1,6,1,64,9,2199,2,7,5,1,5
2017551700491,1,9,0,7,0,1,0,0,0,0,1,1,2,2,40,7,2143,2,4,5,1,5
2017551700492,1,3,0,17,0,0,0,0,1,2,1,1,2,2,19,4,125,1,8,9,1,9
2017551700493,1,1,0,18,0,0,0,4,0,0,1,1,6,1,51,8,-1,-1,-1,7,2,7
2017551700493,2,9,0,2,0,0,0,0,0,0,2,1,6,2,32,6,2401,2,13,10,1,10
2017551700497,1,9,0,18,6,0,0,0,1,1,1,1,6,1,70,10,1995,2,6,5,3,5
2017551700499,1,5,0,18,0,0,0,0,5,7,1,1,6,1,59,9,1261,1,12,4,3,4
2017551700501,1,9,0,18,0,1,0,0,0,0,1,1,1,2,56,9,1329,1,3,9,1,9
2017551700501,2,9,0,3,0,1,0,0,0,0,2,1,3,2,38,7,1242,1,15,2,1,2
2017551700502,1,9,0,13,0,0,1,0,0,0,1,1,6,1,42,7,1798,1,9,9,1,9
2017551700502,2,9,0,18,0,0,0,0,0,0,2,1,6,1,68,10,2987,2,5,5,1,5
2017551700502,3,9,0,18,0,0,0,0,0,0,1,1,2,2,34,6,998,1,3,6,1,6
2017551700503,1,9,0,18,0,4,0,0,0,0,1,1,6,2,29,6,1242,1,8,5,1,5
2017551700503,2,9,0,3,0,4,0,0,0,0,2,1,6,1,66,10,1390,1,19,8,1,8
2017551700504,1,9,0,1,0,6,0,0,1,10,2,1,6,1,85,11,1395,1,1,7,2,7
2017551700504,2,9,0,18,0,1,0,0,0,0,2,1,2,1,35,6,1299,1,17,2,1,2
2017551700505,1,9,0,18,0,8,0,7,7,0,4,1,1,1,60,9,2698,2,7,9,1,9
2017551700505,2,9,0,18,0,8,0,7,0,0,1,1,6,2,72,10,1560,2,9,5,1,5
2017551700506,1,19,0,12,0,0,0,0,0,0,1,1,6,1,27,6,1995,2,9,8,2,8
2017551700506,2,9,0,18,0,0,0,0,0,0,1,1,6,1,25,5,1560,2,12,6,2,6
2017551700507,1,9,0,1,0,0,0,0,0,0,2,1,6,2,64,9,1896,2,7,6,2,6
2017551700508,1,9,0,16,0,0,0,0,7,11,1,1,6,2,66,10,1968,2,10,5,3,5
2017551700511,1,5,0,18,0,0,1,0,0,0,1,1,6,1,53,8,749,1,11,8,1,8
2017551700512,1,22,0,18,9,0,0,0,0,0,1,1,6,3,-1,-1,-1,-1,-1,-1,-1,-1
2017551700513,1,9,0,18,0,0,0,0,0,0,1,1,6,2,70,10,1328,1,12,9,1,9
2017551700513,2,19,0,3,0,0,0,0,0,0,2,1,2,1,21,5,1753,2,11,8,1,8
2017551700513,3,9,0,3,0,0,0,0,0,0,2,1,6,2,57,9,2967,2,4,7,1,7
2017551700514,1,9,0,18,0,1,0,0,0,0,1,1,6,1,23,5,1781,1,14,7,3,7
2017551700514,2,9,0,3,0,1,0,0,0,0,2,1,6,1,58,9,2319,1,16,5,3,5
2017551700514,3,19,0,3,0,1,0,0,0,0,2,1,6,1,44,7,-1,-1,-1,5,3,5
2017551700518,1,9,0,18,0,8,0,0,0,0,1,1,6,1,35,6,2000,2,6,5,2,5
2017551700518,2,9,0,9,0,8,0,0,0,0,1,1,2,2,28,6,898,1,1,4,1,4
2017551700518,3,1,0,18,0,1,0,0,0,0,0,1,6,1,71,10,-1,-1,-1,10,1,10
2017551700523,1,90,0,17,0,0,5,0,1,11,1,1,6,1,67,10,649,1,14,7,1,7
2017551700524,1,9,0,5,0,6,0,0,0,0,1,1,6,2,84,11,1339,1,3,10,1,10
2017551700524,2,9,0,16,0,1,0,0,0,0,4,1,6,1,85,11,1596,1,10,10,1,10
2017551700524,3,9,0,18,0,1,0,0,0,0,3,1,6,1,71,10,1968,2,1,10,1,10
2017551700526,1,5,0,18,0,8,0,0,0,0,1,1,6,1,78,11,656,1,12,7,1,7
2017551700526,2,9,0,9,0,5,0,0,0,0,3,1,6,1,38,7,1198,1,3,8,1,8
2017551700528,1,9,0,18,0,2,0,0,0,0,3,1,3,2,44,7,1796,1,11,9,1,9
2017551700528,2,1,0,18,9,6,0,0,0,0,1,1,2,1,13,3,-1,-1,-1,10,1,10
2017551700529,1,9,0,9,0,8,0,0,0,0,4,1,2,1,36,7,-1,-1,-1,6,2,6
2017551700529,2,3,0,18,0,1,0,0,0,0,3,1,6,1,18,4,125,1,1,4,2,4
2017551700530,1,9,0,15,0,0,0,0,0,0,1,1,6,1,34,6,1910,2,14,6,1,6
2017551700530,2,9,0,18,0,0,0,0,0,0,3,1,6,1,32,6,1242,1,19,5,3,5
2017551700530,3,9,0,18,0,0,0,0,0,0,1,1,6,1,41,7,1597,2,1,10,2,10
2017551700530,4,9,0,4,0,0,0,0,0,0,2,1,6,1,43,7,1582,2,4,5,2,5
2017551700531,1,9,0,18,0,0,0,0,0,0,4,1,3,2,37,7,1598,1,10,4,3,4
2017551700532,1,19,0,16,0,0,0,0,0,0,1,1,1,1,21,5,2198,2,4,6,1,6
2017551700532,2,9,0,17,0,0,0,0,0,0,1,1,6,1,23,5,1598,1,12,2,1,2
2017551700534,1,9,0,18,0,0,0,0,0,0,1,1,6,1,70,10,1560,2,7,5,1,5