Accident_Index,Vehicle_Reference,Vehicle_Type,Towing_and_Articulation,Vehicle_Manoeuvre,Vehicle_Location-Restricted_Lane,Junction_Location,Skidding_and_Overturning,Hit_Object_in_Carriageway,Vehicle_Leaving_Carriageway,Hit_Object_off_Carriageway,1st_Point_of_Impact,Was_Vehicle_Left_Hand_Drive?,Journey_Purpose_of_Driver,Sex_of_Driver,Age_of_Driver,Age_Band_of_Driver,Engine_Capacity_(CC),Propulsion_Code,Age_of_Vehicle,Driver_IMD_Decile,Driver_Home_Area_Type,Vehicle_IMD_Decile
2017551701107,1,9,0,7,0,1,0,0,0,0,4,1,6,2,73,10,1796,1,17,7,1,7
2017551701107,2,1,0,18,0,1,0,0,0,0,1,1,2,1,41,7,-1,-1,-1,7,1,7
2017551701108,1,9,0,18,0,0,0,6,7,9,1,1,6,2,49,8,1364,1,1,9,3,9
2017551701109,1,11,0,18,0,6,0,0,0,0,1,1,1,1,52,8,10518,2,5,8,1,8
2017551701109,2,9,0,18,0,6,0,0,0,0,2,1,6,1,66,10,1395,1,1,10,1,10
2017551701110,1,9,0,7,4,5,0,0,0,0,1,1,6,3,-1,-1,1998,1,18,-1,-1,-1
2017551701110,2,1,0,18,4,1,0,0,0,0,3,1,6,1,40,7,-1,-1,-1,6,1,6
2017551701111,1,5,0,18,0,0,1,0,0,0,4,1,6,1,43,7,996,1,19,7,3,7
2017551701111,2,9,0,18,0,0,0,0,1,4,1,1,1,1,51,8,998,1,-1,4,1,4
2017551701112,1,9,0,16,6,0,0,0,1,11,1,1,6,1,32,6,1896,2,9,7,1,7
2017551701112,2,9,0,17,0,0,0,0,0,0,1,1,6,2,36,7,2967,2,10,2,1,2
2017551701113,1,9,0,18,0,0,0,0,0,0,3,1,6,2,49,8,999,1,5,7,3,7
2017551701114,1,9,0,16,0,0,0,0,0,0,1,1,2,2,25,5,1598,1,14,7,3,7
2017551701114,2,9,0,17,0,0,0,0,0,0,1,1,6,2,51,8,1597,2,2,9,3,9
2017551701115,1,9,0,18,0,0,5,0,2,10,1,1,6,1,43,7,1124,1,12,9,1,9
2017551701116,1,5,0,17,0,0,0,0,1,0,4,1,6,2,48,8,599,1,21,2,1,2
2017551701117,1,9,0,18,0,0,0,0,0,0,1,1,6,2,36,7,1560,2,4,7,1,7
2017551701118,1,9,0,4,0,1,0,0,0,0,2,1,2,1,43,7,-1,-1,-1,9,1,9
2017551701118,2,9,0,18,0,1,0,0,0,0,1,1,6,2,26,6,1349,1,8,9,1,9
2017551701119,1,1,0,18,0,1,0,0,0,0,3,1,6,1,12,3,-1,-1,-1,2,1,2
2017551701119,2,8,0,18,0,1,0,0,0,0,1,1,1,1,39,7,1997,2,7,3,1,3
2017551701120,1,9,0,18,0,0,0,0,0,0,1,1,6,3,-1,-1,-1,-1,-1,-1,-1,-1
2017551701121,1,9,0,18,0,1,0,0,0,0,1,1,1,1,52,8,3311,8,10,5,1,5
2017551701121,2,9,0,3,0,1,0,0,0,0,2,1,1,2,31,6,1596,1,11,4,1,4
2017551701122,1,9,0,7,0,6,0,0,0,0,1,1,6,2,35,6,1951,2,13,6,3,6
2017551701122,2,19,0,18,0,1,0,0,0,0,1,1,6,1,50,8,-1,-1,-1,9,1,9
2017551701123,1,9,0,9,0,4,0,0,0,0,4,1,4,2,49,8,-1,-1,-1,8,1,8
2017551701123,2,9,0,18,0,4,0,0,0,0,3,1,1,1,32,6,2191,2,2,10,1,10
2017551701124,1,9,0,18,0,1,1,0,0,0,1,1,6,1,82,11,1598,1,19,5,1,5
2017551701124,2,9,0,3,0,1,0,0,0,0,2,1,6,1,50,8,1991,2,9,10,1,10
2017551701125,1,9,0,9,0,6,0,0,0,0,3,1,2,2,41,7,1984,1,11,3,1,3
2017551701125,2,9,0,18,0,1,1,0,0,0,1,1,2,1,23,5,1124,1,16,7,1,7
2017551701126,1,1,0,11,0,3,0,0,0,0,4,1,6,1,28,6,-1,-1,-1,7,1,7
2017551701126,2,9,0,18,0,3,0,0,0,0,3,1,6,3,-1,-1,-1,-1,-1,-1,-1,-1
2017551701128,1,9,0,18,0,0,1,11,1,0,1,1,2,1,28,6,1598,1,13,1,1,1
2017551701129,1,9,0,5,0,4,0,0,0,0,1,1,6,1,46,8,3956,1,17,7,1,7
2017551701129,2,1,0,18,0,8,0,0,0,0,1,1,6,2,19,4,-1,-1,-1,9,1,9
2017551701130,1,9,0,2,0,0,0,11,1,10,1,1,6,3,-1,-1,1591,1,-1,-1,-1,-1
2017551701131,1,9,0,18,0,0,0,0,0,0,1,1,6,3,-1,-1,1984,1,6,-1,-1,-1
2017551701131,2,9,0,3,0,0,0,0,0,0,2,1,6,2,40,7,1598,1,10,4,1,4
2017551701134,1,9,0,9,0,6,0,0,0,0,1,1,6,2,21,5,1753,2,12,5,1,5
2017551701134,2,3,0,14,0,8,0,0,7,0,4,1,2,1,20,4,125,1,1,5,1,5
2017551701135,1,9,0,17,0,0,2,0,7,11,1,1,6,2,18,4,1149,1,12,9,3,9
2017551701136,1,9,0,18,0,6,0,0,0,0,3,1,6,1,63,9,1398,1,2,6,1,6
2017551701136,2,9,0,18,0,8,0,0,0,0,1,1,1,1,25,5,998,1,19,5,1,5
2017551701137,1,9,0,18,0,0,0,0,0,0,4,1,6,1,83,11,1242,1,12,6,1,6
2017551701139,1,9,0,9,0,6,0,0,0,0,1,1,6,1,27,6,1248,2,6,5,3,5
2017551701139,2,5,0,17,0,1,1,0,0,0,1,1,6,1,55,8,1150,1,15,7,1,7
2017551701140,1,1,0,18,0,6,0,0,0,0,1,1,6,1,13,3,-1,-1,-1,2,1,2
2017551701140,2,9,0,18,0,8,0,0,0,0,3,1,6,2,26,6,1328,1,10,4,1,4
2017551701142,1,9,0,18,0,0,0,4,0,0,1,1,2,2,23,5,2179,2,5,8,1,8
2017551701142,2,19,0,2,0,0,0,0,0,0,2,1,6,3,-1,-1,2799,2,18,-1,-1,-1
2017551701143,1,9,0,5,0,6,0,0,0,0,1,1,1,1,-1,-1,-1,-1,-1,-1,-1,-1
2017551701143,2,9,0,16,0,1,0,0,0,0,1,1,6,1,24,5,1560,2,3,2,1,2
2017551701144,1,9,0,18,0,0,0,0,0,0,4,1,6,2,23,5,1398,1,2,7,1,7
2017551701145,1,9,0,13,0,0,0,0,0,0,0,1,6,3,-1,-1,-1,-1,-1,-1,-1,-1
2017551701145,2,3,0,18,0,0,1,0,0,0,0,1,6,1,17,4,124,1,9,7,3,7
2017551701146,1,9,0,16,0,0,5,0,7,10,1,1,6,1,54,8,2290,1,16,5,3,5
2017551701147,1,9,0,17,0,0,2,0,0,0,1,1,6,1,42,7,1999,1,16,8,2,8
2017551701148,1,9,0,7,0,0,0,0,0,0,1,1,6,1,27,6,1995,2,11,7,1,7
2017551701148,2,5,0,4,0,0,0,0,0,0,1,1,6,1,26,6,745,1,3,6,3,6
2017551701151,1,9,0,7,0,5,0,0,0,0,4,1,6,1,48,8,1329,1,4,4,1,4
2017551701151,2,1,0,18,4,8,0,0,0,0,1,1,6,2,19,4,-1,-1,-1,7,1,7
2017551701152,1,5,0,16,0,0,0,0,7,0,1,1,6,1,47,8,1261,1,2,9,1,9
2017551701153,1,9,0,7,0,6,0,0,0,0,1,1,6,2,65,9,1206,1,4,6,1,6
2017551701153,2,1,0,18,0,1,0,0,0,0,4,1,4,2,15,3,-1,-1,-1,2,1,2
2017551701154,1,4,0,13,0,1,0,0,0,0,4,1,6,1,26,6,800,1,4,5,1,5
2017551701154,2,9,0,9,0,5,0,0,0,0,1,1,6,2,19,4,998,1,19,9,1,9
2017551701155,1,19,0,11,4,0,0,0,0,0,4,1,1,1,60,9,2143,2,2,7,1,7
2017551701155,2,1,0,18,4,0,0,0,1,10,3,1,6,2,38,7,-1,-1,-1,7,1,7
2017551701156,1,9,0,9,0,8,0,0,0,0,3,1,6,1,74,10,5461,1,7,8,1,8
2017551701156,2,5,0,18,0,8,0,0,0,0,4,1,6,1,57,9,998,1,9,5,3,5
2017551701157,1,9,0,18,0,0,0,0,0,0,1,1,6,1,53,8,1598,1,20,3,1,3
2017551701158,1,19,0,7,0,5,0,0,0,0,4,1,2,1,44,7,1461,2,6,3,1,3
2017551701158,2,3,0,15,0,1,1,0,0,0,1,1,6,2,37,7,124,1,4,3,1,3
2017551701159,1,21,0,18,0,0,0,0,0,0,4,1,1,1,51,8,12740,2,1,6,2,6
2017551701159,2,9,0,18,0,0,0,0,0,0,3,1,6,2,74,10,995,1,6,5,3,5
2017551701160,1,9,0,8,0,1,0,0,0,0,1,1,1,1,25,5,-1,-1,-1,1,1,1
2017551701160,2,9,0,17,0,1,0,0,0,0,4,1,6,1,42,7,1781,1,12,7,1,7
2017551701162,1,9,0,18,0,0,5,0,1,4,1,1,6,1,27,6,1796,1,14,7,1,7
2017551701162,2,9,0,3,0,0,0,0,0,0,2,1,6,2,84,11,1582,2,5,5,1,5
2017551701163,1,9,0,18,0,0,0,0,4,6,1,1,6,2,85,11,2953,2,14,5,3,5
2017551701163,2,9,0,4,0,0,0,0,1,9,2,1,6,1,62,9,1598,1,14,5,1,5
2017551701163,3,9,0,3,0,0,0,0,0,0,2,1,6,2,77,11,1388,1,10,5,3,5
2017551701165,1,9,0,18,0,0,2,0,5,4,3,1,2,1,38,7,2148,2,12,10,2,10
2017551701166,1,1,0,18,9,1,0,0,0,0,1,1,4,1,12,3,-1,-1,-1,4,1,4
2017551701166,2,9,0,9,9,6,0,0,0,0,4,1,3,2,37,7,1461,2,1,6,1,6
2017551701168,1,9,0,18,0,0,2,0,5,6,3,1,2,2,23,5,1598,1,7,7,1,7
2017551701168,2,9,0,18,0,0,5,0,0,0,4,1,2,1,41,7,1390,1,7,2,1,2
2017551701169,1,9,0,1,9,6,0,0,0,0,2,1,6,2,37,7,1560,2,9,4,1,4
2017551701169,2,22,0,18,9,1,0,0,0,0,4,1,6,1,93,11,-1,-1,-1,9,1,9
2017551701170,1,9,0,9,0,1,0,0,0,0,1,1,2,1,21,5,-1,-1,-1,4,1,4
2017551701170,2,9,0,9,0,1,0,0,0,0,2,1,2,2,38,7,1999,1,11,5,1,5
2017551701171,1,9,0,9,0,6,0,0,0,0,3,1,6,1,58,9,1598,2,5,10,1,10
2017551701171,2,9,0,18,0,8,2,0,7,11,1,1,6,2,22,5,999,1,1,5,3,5
2017551701172,1,9,0,1,0,0,0,0,0,0,2,1,6,1,43,7,1200,1,1,1,1,1
2017551701174,1,4,0,13,0,1,0,0,0,0,1,1,6,1,20,4,125,1,-1,5,1,5
2017551701174,2,9,0,9,0,6,0,0,0,0,3,1,6,1,64,9,2401,2,15,4,1,4
2017551701175,1,9,0,4,0,0,0,0,0,0,1,1,6,2,18,4,998,1,11,7,2,7
2017551701177,1,90,0,18,0,3,5,0,0,0,0,1,1,1,47,8,2800,2,2,5,1,5
2017551701179,1,9,0,18,0,2,0,0,0,0,1,1,6,2,53,8,1198,1,3,1,1,1
2017551701180,1,9,0,18,0,4,1,0,4,2,1,1,2,2,21,5,1229,1,6,9,1,9
2017551701181,1,19,0,4,0,0,1,0,0,0,1,1,1,1,55,8,2299,2,21,6,3,6
2017551701181,2,9,0,3,0,0,0,0,0,0,2,1,2,1,47,8,1798,8,1,8,2,8
2017551701183,1,9,0,9,0,5,0,0,0,0,4,1,6,2,68,10,999,1,7,7,1,7
2017551701183,2,1,0,18,0,8,0,0,0,0,1,1,2,1,47,8,-1,-1,-1,8,1,8
2017551701185,1,9,0,16,0,0,0,7,0,0,1,1,6,2,18,4,1229,1,10,6,1,6
2017551701186,1,9,0,18,0,1,1,0,1,0,1,1,6,1,29,6,1598,1,16,6,3,6
2017551701186,2,9,0,9,0,2,0,0,0,0,4,1,6,1,60,9,1997,2,17,6,3,6
2017551701187,1,9,0,9,0,6,0,0,0,0,3,1,6,1,75,10,1999,1,9,7,3,7
2017551701187,2,19,0,18,0,8,0,0,0,0,1,1,2,1,66,10,1870,2,11,7,2,7
2017551701188,1,9,0,16,0,0,1,0,2,2,1,1,6,1,24,5,2000,2,17,8,2,8
2017551701190,1,19,0,9,4,1,0,0,0,0,3,1,6,1,51,8,1870,2,11,7,1,7
2017551701190,2,1,0,18,4,2,0,0,0,0,1,1,6,1,32,6,-1,-1,-1,6,1,6
2017551701191,1,9,0,18,0,0,0,0,0,0,1,1,6,2,46,8,2231,2,10,5,1,5
2017551701191,2,9,0,4,0,0,0,0,0,0,2,1,2,1,33,6,1798,1,7,3,1,3
2017551701191,3,9,0,4,0,0,0,0,0,0,2,1,6,2,47,8,996,1,6,6,1,6
2017551701193,1,9,0,17,0,0,0,0,1,0,1,1,2,1,21,5,1968,2,12,6,2,6
2017551701193,2,9,0,16,0,0,0,0,0,0,1,1,2,1,41,7,1896,2,12,7,2,7
2017551701193,3,9,0,16,0,0,0,0,0,0,1,1,6,1,56,9,1598,1,12,8,1,8
2017551701193,4,9,0,17,0,0,0,0,0,0,2,1,6,1,-1,-1,1984,1,-1,7,2,7
2017551701193,5,9,0,17,0,0,0,0,0,0,1,1,6,1,-1,-1,1362,1,3,-1,-1,-1
2017551701194,1,9,0,7,0,1,0,0,0,0,4,1,6,1,47,8,998,1,17,6,1,6
2017551701195,1,9,0,7,0,5,5,0,1,4,1,1,6,2,30,6,1896,2,14,3,1,3
2017551701196,1,9,0,17,0,0,2,0,0,0,0,1,2,2,18,4,1242,1,7,6,3,6
2017551701197,1,9,0,3,0,0,0,0,0,0,2,1,6,2,41,7,1900,2,18,5,1,5
2017551701197,2,9,0,18,0,0,0,0,0,0,1,1,6,1,23,5,1995,2,13,7,1,7
2017551701200,1,8,0,5,0,4,0,0,0,0,1,1,1,1,39,7,1797,8,2,6,1,6
2017551701200,2,1,0,18,0,8,0,0,0,0,4,1,6,1,42,7,-1,-1,-1,1,1,1
2017551701201,1,9,0,4,0,0,1,0,0,0,1,1,2,2,41,7,1388,1,7,4,1,4
2017551701201,2,9,0,4,0,0,0,0,0,0,2,1,6,2,53,8,1499,1,-1,10,1,10
2017551701202,1,9,0,18,0,1,0,0,0,0,1,1,1,1,42,7,2143,2,1,5,1,5
2017551701202,2,8,0,9,0,5,0,0,7,11,4,1,1,1,58,9,1598,2,5,5,1,5
2017551701203,1,9,0,5,0,0,0,0,0,0,4,1,6,1,78,11,1560,2,7,-1,-1,-1
2017551701204,1,19,4,18,0,0,0,0,0,0,1,1,1,1,46,8,2953,2,8,5,1,5
2017551701207,1,9,0,18,0,0,0,0,0,0,1,1,6,1,67,10,898,1,1,9,1,9
2017551701207,2,20,0,3,0,0,0,0,0,0,1,1,1,1,50,8,4500,2,-1,6,3,6
2017551701208,1,9,0,18,0,8,5,0,3,11,1,1,6,1,86,11,1299,1,19,8,1,8
2017551701209,1,9,0,9,0,5,0,0,0,0,4,1,6,1,44,7,1396,1,17,10,1,10
2017551701209,2,1,0,18,4,1,0,0,0,0,3,1,6,1,28,6,-1,-1,-1,4,1,4
2017551701212,1,9,0,18,0,1,0,0,0,0,1,1,6,1,48,8,1497,1,11,4,1,4
2017551701212,2,9,0,8,0,1,0,0,0,0,2,1,1,1,58,9,1968,2,3,7,1,7
2017551701213,1,8,0,9,0,6,0,0,0,0,1,1,1,1,67,10,1598,2,6,6,1,6
2017551701213,2,3,0,13,0,1,0,0,0,0,1,1,6,2,29,6,124,1,5,-1,-1,-1
2017551701214,1,9,0,17,0,0,0,0,1,7,1,1,6,2,38,7,1229,1,9,7,1,7
2017551701216,1,9,0,14,0,1,1,0,3,11,1,1,6,2,19,4,1994,1,12,8,1,8
2017551701216,2,9,0,9,0,1,0,0,7,11,3,1,6,1,74,10,999,1,-1,6,3,6
2017551701218,1,19,0,18,0,0,0,0,0,0,1,1,1,1,48,8,2143,2,3,8,1,8
2017551701218,2,19,0,18,0,0,0,0,0,0,2,1,1,1,50,8,1968,2,4,5,1,5
2017551701218,3,19,0,18,0,0,0,0,0,0,1,1,1,1,21,5,2464,2,10,8,3,8
2017551701218,4,9,0,18,0,0,0,0,0,0,1,1,6,2,54,8,1461,2,1,8,1,8
2017551701219,1,9,0,4,0,0,1,0,0,0,1,1,6,2,21,5,1796,1,15,10,1,10
2017551701219,2,9,0,3,0,0,0,0,0,0,2,1,6,2,43,7,1999,2,1,7,1,7
2017551701219,3,9,0,3,0,0,0,0,0,0,2,1,6,1,66,10,1995,2,6,7,1,7
2017551701220,1,9,0,4,0,0,0,0,1,0,1,1,6,2,79,11,1796,1,8,6,1,6
2017551701221,1,9,0,18,0,0,1,0,0,0,3,1,6,1,70,10,1229,1,3,9,2,9
2017551701221,2,9,0,18,0,0,1,0,0,0,3,1,6,1,66,10,2198,2,11,7,1,7
2017551701222,1,9,0,18,0,0,5,11,2,11,4,1,6,1,50,8,2987,2,12,7,3,7
2017551701223,1,9,0,18,0,1,0,0,0,0,4,1,6,1,31,6,1781,1,16,3,1,3
2017551701223,2,9,0,18,0,1,1,0,0,0,1,1,6,2,49,8,1998,1,1,9,1,9
2017551701224,1,9,0,7,0,8,0,0,0,0,1,1,6,2,31,6,1598,1,12,5,3,5
2017551701224,2,9,0,9,0,8,0,0,0,0,4,1,1,2,44,7,1364,1,4,5,1,5
2017551701226,1,9,0,18,0,0,1,0,1,4,4,1,6,2,19,4,1198,1,10,10,1,10
2017551701227,1,19,0,9,0,8,0,0,0,0,1,1,6,1,42,7,1995,2,10,7,1,7
2017551701227,2,9,0,18,0,1,0,0,0,0,1,1,6,2,35,6,1984,1,16,2,1,2
2017551701229,1,19,0,14,0,0,0,0,0,0,4,1,2,1,52,8,2463,2,12,6,1,6
2017551701230,1,9,0,10,0,7,0,0,0,0,3,1,6,1,33,6,1248,2,4,5,1,5
2017551701230,2,3,0,13,0,5,0,0,0,0,1,1,6,1,26,6,125,1,10,7,1,7
2017551701231,1,9,0,18,0,0,5,0,0,0,3,1,6,1,21,5,1124,1,15,5,2,5
2017551701232,1,9,0,18,0,2,0,0,0,0,1,1,6,3,-1,-1,1560,2,9,-1,-1,-1
2017551701232,2,1,0,18,0,2,0,0,0,0,2,1,6,1,12,3,-1,-1,-1,7,1,7
2017551701233,1,9,0,12,0,8,0,0,0,0,3,1,6,2,82,11,1596,1,9,9,2,9
2017551701233,2,8,0,18,0,8,0,0,0,0,4,1,1,1,33,6,1598,2,4,6,1,6
2017551701235,1,9,0,18,0,1,0,0,0,0,1,1,6,3,-1,-1,1149,1,13,-1,-1,-1
2017551701235,2,9,0,9,0,5,0,0,0,0,3,1,6,2,28,6,1242,1,8,5,1,5
2017551701236,1,9,0,18,0,1,0,0,0,0,1,1,6,1,26,6,2179,2,11,3,1,3
2017551701236,2,9,0,8,0,1,0,0,0,0,2,1,6,2,51,8,999,1,4,7,1,7
2017551701238,1,9,0,18,0,0,0,0,0,0,1,1,6,1,69,10,1595,1,-1,9,1,9
2017551701238,2,9,0,18,0,0,0,0,0,0,2,1,6,1,31,6,1461,2,10,2,1,2
2017551701238,3,9,0,18,0,0,0,0,0,0,2,1,6,1,40,7,1582,2,-1,8,1,8
2017551701239,1,1,0,18,9,1,0,11,0,0,1,1,6,2,31,6,-1,-1,-1,5,1,5
2017551701239,2,9,0,7,0,5,0,0,0,0,0,1,6,3,-1,-1,2521,1,8,-1,-1,-1
2017551701240,1,1,0,18,0,0,0,4,0,0,1,1,6,1,33,6,-1,-1,-1,7,2,7
2017551701240,2,9,0,2,0,0,0,0,0,0,2,1,6,3,-1,-1,2179,2,11,-1,-1,-1
2017551701241,1,3,0,4,0,0,0,0,0,0,1,1,6,1,17,4,125,1,2,5,1,5
2017551701241,2,9,0,3,0,0,0,0,0,0,2,1,6,1,21,5,2993,2,7,8,1,8
2017551701242,1,9,0,16,0,0,0,0,0,0,1,1,6,2,51,8,1422,2,2,8,2,8
2017551701242,2,9,0,17,0,0,0,0,0,0,1,1,6,2,38,7,1248,2,10,6,2,6
2017551701242,3,9,0,17,0,0,0,0,0,0,1,1,6,1,50,8,1998,2,14,7,2,7
2017551701243,1,9,0,18,0,0,0,0,0,0,1,1,6,1,54,8,1598,1,14,6,1,6
2017551701244,1,9,0,18,0,1,0,0,1,0,1,1,1,1,31,6,1582,2,-1,9,3,9
2017551701244,2,9,0,4,0,1,0,0,0,0,2,1,6,2,56,9,1968,2,1,8,2,8
2017551701244,3,9,0,10,0,1,0,0,0,0,2,1,6,1,54,8,2191,2,3,3,1,3
2017551701245,1,8,0,9,0,8,0,0,0,0,1,1,2,1,41,7,1797,8,4,5,1,5
2017551701245,2,1,0,18,0,8,0,0,0,0,1,1,2,1,29,6,-1,-1,-1,7,1,7
2017551701247,1,9,0,18,0,0,1,7,0,0,1,1,2,1,49,8,1995,2,6,8,2,8
2017551701247,2,9,0,18,0,0,0,0,0,0,1,1,6,1,67,10,1560,2,2,9,1,9
2017551701248,1,1,0,18,5,0,0,0,0,0,0,1,2,2,41,7,-1,-1,-1,4,1,4
2017551701249,1,9,0,4,0,0,0,0,0,0,2,1,6,2,26,6,1998,1,15,5,1,5
2017551701249,2,9,0,18,0,0,0,0,0,0,1,1,6,1,29,6,1870,2,11,8,1,8
2017551701250,1,9,0,18,0,0,0,0,0,0,4,1,6,1,84,11,998,1,1,7,1,7
2017551701251,1,9,0,17,0,0,5,0,2,11,1,1,6,3,-1,-1,1200,1,-1,-1,-1,-1
2017551701252,1,1,0,18,0,6,0,0,0,0,1,1,6,1,19,4,-1,-1,-1,4,1,4
2017551701252,2,9,0,18,0,8,0,0,0,0,1,1,6,1,20,4,998,1,6,6,1,6
2017551701253,1,9,4,18,0,0,4,0,0,0,1,1,1,1,50,8,2495,2,14,5,3,5
2017551701253,2,9,0,18,0,0,0,0,0,0,1,1,2,1,40,7,1390,1,14,4,1,4
2017551701255,1,9,0,9,0,1,0,0,1,2,1,1,6,2,72,10,1991,2,9,10,1,10
2017551701256,1,9,0,17,0,0,2,0,7,10,0,1,6,1,21,5,1242,1,13,6,3,6
2017551701258,1,9,0,5,0,6,0,0,0,0,3,1,1,1,28,6,1598,2,5,6,1,6
2017551701258,2,1,0,18,0,1,0,0,0,0,1,1,6,1,22,5,-1,-1,-1,8,1,8
2017551701259,1,5,0,18,0,1,0,0,0,0,1,1,6,1,18,4,999,1,8,7,1,7
2017551701259,2,9,0,9,0,8,0,0,0,0,4,1,6,2,67,10,1332,1,4,6,1,6
2017551701260,1,9,0,16,0,0,0,0,0,0,1,1,6,2,76,11,998,1,4,8,1,8
2017551701260,2,9,0,17,0,0,0,0,0,0,1,1,6,1,53,8,1984,1,8,6,1,6
2017551701261,1,9,0,17,0,4,0,0,0,0,1,1,6,3,-1,-1,1248,1,8,-1,-1,-1
2017551701261,2,9,0,18,0,4,0,0,0,0,1,1,6,1,18,4,1388,1,6,10,1,10
2017551701262,1,9,0,18,0,0,0,0,0,0,1,1,6,2,23,5,1390,1,8,10,1,10
2017551701263,1,9,0,18,0,2,0,0,0,0,1,1,6,2,90,11,1240,1,7,6,1,6
2017551701263,2,9,0,4,0,1,0,0,0,0,1,1,6,1,30,6,1968,2,2,8,1,8
2017551701264,1,9,0,17,0,0,0,0,1,0,3,1,6,2,21,5,999,1,11,10,1,10
2017551701264,2,17,4,16,0,0,0,0,0,0,4,1,1,1,64,9,6788,2,9,-1,-1,-1
2017551701265,1,9,0,7,0,6,0,0,0,0,3,1,6,1,47,8,1499,2,2,4,1,4
2017551701265,2,1,0,18,0,1,0,0,0,0,1,1,6,1,48,8,-1,-1,-1,10,2,10
2017551701266,1,21,1,9,0,4,0,0,0,0,2,1,6,1,28,6,11946,2,5,7,1,7
2017551701266,2,9,0,18,0,4,0,0,0,0,1,1,6,2,18,4,1240,1,13,7,1,7
2017551701267,1,19,0,17,0,0,0,0,0,0,1,1,1,1,25,5,2299,2,1,6,1,6
2017551701267,2,9,0,16,0,0,0,0,0,0,1,1,6,2,61,9,1398,2,12,5,2,5
2017551701268,1,3,0,18,0,0,0,0,0,0,1,1,6,1,24,5,124,1,1,2,1,2
2017551701269,1,9,0,18,0,1,0,0,0,0,2,1,6,2,76,11,1242,1,6,5,1,5
2017551701269,2,9,0,18,0,1,0,0,0,0,2,1,6,2,84,11,1339,1,2,5,1,5
2017551701270,1,1,0,18,9,0,0,0,0,0,0,1,6,2,56,9,-1,-1,-1,8,1,8
2017551701271,1,1,0,18,9,0,0,0,0,0,1,1,6,3,-1,-1,-1,-1,-1,-1,-1,-1
2017551701272,1,9,0,18,0,8,0,0,0,0,3,1,6,2,-1,-1,1248,1,6,9,3,9
2017551701272,2,1,0,18,0,8,0,0,0,0,1,1,6,1,42,7,-1,-1,-1,7,1,7
2017551701273,1,1,0,18,0,0,0,0,0,0,1,1,6,1,19,4,-1,-1,-1,4,1,4
2017551701273,2,9,0,18,0,0,0,0,0,0,4,1,6,1,29,6,1796,1,14,3,1,3
2017551701274,1,9,0,7,0,5,0,0,0,0,4,1,6,2,29,6,1124,1,12,4,1,4
2017551701274,2,11,0,18,2,1,0,0,0,0,1,1,1,1,31,6,6700,2,9,3,1,3
2017551701275,1,3,0,18,0,0,0,0,0,0,1,1,6,1,22,5,124,1,7,2,1,2
2017551701275,2,9,0,18,0,0,0,0,0,0,2,1,2,2,29,6,1598,1,8,4,1,4
2017551701277,1,9,0,5,0,0,0,0,0,0,1,1,6,3,-1,-1,-1,-1,-1,-1,-1,-1
2017551701277,2,1,0,5,0,0,0,0,0,0,2,1,6,2,30,6,-1,-1,-1,6,3,6
2017551701278,1,9,0,4,0,0,1,0,0,0,1,1,6,1,69,10,2488,1,13,7,3,7
2017551701278,2,9,0,3,0,0,0,0,0,0,2,1,6,1,69,10,3200,2,6,7,3,7
2017551701279,1,19,0,18,0,0,0,0,0,0,1,1,1,1,52,8,2998,2,11,7,3,7
2017551701279,2,9,0,18,0,0,0,0,0,0,2,1,6,2,65,9,1596,1,4,7,3,7
2017551701279,3,9,0,10,0,0,0,0,0,0,2,1,6,2,65,9,1998,1,15,7,1,7
2017551701280,1,9,0,5,0,0,0,0,0,0,3,1,6,1,37,7,1968,2,-1,7,2,7
2017551701281,1,9,0,18,0,0,0,0,0,0,4,1,6,2,51,8,2457,1,13,8,1,8
2017551701282,1,9,0,18,0,0,1,0,0,0,1,1,1,1,30,6,1598,2,3,7,1,7
2017551701282,2,9,0,3,0,0,0,0,0,0,2,1,6,2,41,7,1590,1,2,6,2,6
2017551701282,3,9,0,3,0,0,0,0,0,0,2,1,6,2,35,6,2179,2,4,9,3,9
2017551701284,1,9,0,4,0,0,1,0,0,0,1,1,6,1,22,5,-1,-1,-1,7,1,7
2017551701284,2,19,0,3,0,0,0,0,0,0,1,1,1,1,54,8,1560,2,2,6,3,6
2017551701285,1,9,0,7,0,6,0,0,0,0,1,1,6,2,64,9,2993,2,5,7,1,7
2017551701285,2,9,0,18,0,8,0,0,1,4,4,1,6,2,59,9,1968,2,8,7,1,7
2017551701286,1,9,0,4,0,1,1,0,0,0,1,1,2,1,25,5,1686,2,13,5,1,5
2017551701286,2,3,0,8,0,1,0,0,0,0,2,1,6,1,68,10,279,1,-1,10,1,10
2017551701287,1,9,0,1,9,6,0,0,0,0,2,1,6,2,19,4,998,1,5,6,2,6
2017551701288,1,9,0,18,0,0,0,0,0,0,1,1,6,1,27,6,1995,2,14,2,1,2
2017551701289,1,1,0,18,0,0,0,0,0,0,3,1,6,1,20,4,-1,-1,-1,7,2,7
2017551701289,2,9,0,18,0,0,0,0,0,0,1,1,6,2,61,9,1328,1,12,2,2,2
2017551701291,1,19,0,4,0,2,0,0,0,0,2,1,6,1,40,7,1968,2,4,4,1,4