Accident_Index,Vehicle_Reference,Vehicle_Type,Towing_and_Articulation,Vehicle_Manoeuvre,Vehicle_Location-Restricted_Lane,Junction_Location,Skidding_and_Overturning,Hit_Object_in_Carriageway,Vehicle_Leaving_Carriageway,Hit_Object_off_Carriageway,1st_Point_of_Impact,Was_Vehicle_Left_Hand_Drive?,Journey_Purpose_of_Driver,Sex_of_Driver,Age_of_Driver,Age_Band_of_Driver,Engine_Capacity_(CC),Propulsion_Code,Age_of_Vehicle,Driver_IMD_Decile,Driver_Home_Area_Type,Vehicle_IMD_Decile
2017551701291,2,9,0,18,0,2,0,0,0,0,1,1,6,1,28,6,2143,2,-1,10,1,10
2017551701294,1,9,0,18,0,0,0,0,0,0,1,1,6,1,37,7,1364,1,10,6,1,6
2017551701294,2,9,0,2,0,0,0,0,0,0,2,1,6,3,-1,-1,1896,2,12,-1,-1,-1
2017551701295,1,9,0,9,0,6,0,0,0,0,1,1,6,2,42,7,-1,-1,-1,6,3,6
2017551701295,2,1,0,9,0,5,0,0,0,0,1,1,6,2,55,8,-1,-1,-1,7,1,7
2017551701296,1,90,4,13,0,0,0,0,0,0,4,1,6,1,37,7,-1,-1,-1,9,2,9
2017551701296,2,9,0,16,0,0,0,0,0,0,0,1,6,2,29,6,2000,1,17,6,2,6
2017551701296,3,1,0,18,0,0,0,0,1,10,0,1,6,1,45,7,-1,-1,-1,6,3,6
2017551701298,1,9,0,4,0,0,0,0,0,0,1,1,6,2,49,8,1968,2,10,7,1,7
2017551701298,2,9,0,4,0,0,0,0,0,0,2,1,6,1,40,7,1598,1,6,9,1,9
2017551701300,1,4,0,18,0,0,0,10,0,0,3,1,6,1,66,10,243,1,39,6,3,6
2017551701300,2,9,0,18,0,0,0,0,0,0,3,1,1,2,46,8,998,1,2,7,2,7
2017551701301,1,9,0,12,0,0,0,0,0,0,1,1,2,1,52,8,1339,1,13,6,1,6
2017551701301,2,5,0,17,0,0,0,0,0,0,1,1,6,1,33,6,781,1,17,1,1,1
2017551701302,1,9,0,9,0,8,0,0,0,0,1,1,6,2,17,4,998,1,10,9,1,9
2017551701302,2,5,0,18,0,8,0,0,0,0,4,1,6,1,25,5,675,1,10,4,1,4
2017551701303,1,1,0,18,0,0,0,0,0,0,0,1,6,2,23,5,-1,-1,-1,-1,-1,-1
2017551701304,1,9,0,18,0,0,5,7,0,0,4,1,6,2,75,10,1299,1,12,8,1,8
2017551701306,1,9,0,18,0,0,5,0,0,0,1,1,6,2,61,9,1339,1,7,7,1,7
2017551701306,2,9,0,4,0,0,0,0,1,4,2,1,6,1,82,11,1348,1,16,6,1,6
2017551701307,1,9,0,18,0,8,0,0,0,0,1,1,6,2,27,6,1995,2,11,9,1,9
2017551701307,2,9,0,18,0,8,0,0,0,0,2,1,6,2,37,7,1198,1,2,9,1,9
2017551701307,3,9,0,18,0,8,0,0,0,0,2,1,6,1,41,7,1497,1,16,9,1,9
2017551701307,4,9,0,18,0,8,0,0,0,0,0,1,6,2,51,8,2979,1,14,8,1,8
2017551701308,1,9,0,17,0,0,0,0,1,9,3,1,6,2,18,4,1150,1,13,5,3,5
2017551701308,2,9,0,18,0,0,0,0,1,0,0,1,6,2,57,9,2143,2,8,10,1,10
2017551701309,1,11,0,4,2,0,0,0,0,0,4,1,1,1,60,9,6696,2,4,-1,-1,-1
2017551701310,1,9,0,18,0,0,0,0,0,0,1,1,6,2,43,7,1248,2,7,2,2,2
2017551701310,2,9,0,4,0,0,0,0,0,0,2,1,1,1,54,8,1560,2,2,8,1,8
2017551701310,3,9,0,4,0,0,0,0,0,0,2,1,6,2,50,8,1498,1,7,4,1,4
2017551701311,1,9,0,18,0,1,0,0,0,0,1,1,6,1,20,4,1198,1,13,10,2,10
2017551701311,2,9,0,10,0,5,0,0,0,0,2,1,2,2,68,10,1198,1,9,9,2,9
2017551701312,1,9,0,4,0,1,0,0,0,0,1,1,6,2,31,6,1397,1,14,1,1,1
2017551701312,2,9,0,4,0,1,0,0,0,0,2,1,6,1,17,4,1198,1,9,2,1,2
2017551701313,1,9,0,7,0,6,0,0,0,0,1,1,2,2,39,7,1598,1,13,-1,-1,-1
2017551701313,2,1,0,18,0,1,0,0,0,0,3,1,6,1,62,9,-1,-1,-1,8,1,8
2017551701314,1,9,0,18,0,2,0,0,0,0,4,1,6,2,18,4,1197,1,3,-1,-1,-1
2017551701316,1,9,0,9,0,8,0,0,0,0,1,1,6,1,82,11,1242,1,4,9,1,9
2017551701316,2,3,0,18,0,8,0,0,0,0,1,1,2,1,54,8,125,1,1,2,1,2
2017551701319,1,9,0,18,0,0,0,0,0,0,1,1,1,1,41,7,1598,2,4,4,1,4
2017551701322,1,9,0,17,0,0,1,7,0,0,1,1,6,1,24,5,1598,1,13,3,1,3
2017551701322,2,9,0,2,6,0,0,0,1,0,2,1,6,3,-1,-1,998,1,13,-1,-1,-1
2017551701322,3,9,0,2,6,0,0,0,0,0,3,1,6,3,-1,-1,1299,1,16,-1,-1,-1
2017551701323,1,19,0,4,0,0,0,0,0,0,2,1,1,1,33,6,1248,2,1,2,1,2
2017551701323,2,9,0,18,0,0,1,0,0,0,1,1,2,1,28,6,-1,-1,-1,3,1,3
2017551701324,1,9,3,18,0,0,4,0,0,0,2,1,6,2,59,9,2495,2,14,9,1,9
2017551701325,1,21,0,7,0,6,0,0,0,0,0,1,6,3,-1,-1,-1,-1,-1,-1,-1,-1
2017551701325,2,9,0,18,0,1,0,0,0,0,2,1,6,2,64,9,3436,1,3,7,3,7
2017551701325,3,9,0,18,0,1,0,0,0,0,1,1,6,2,21,5,998,1,19,6,1,6
2017551701326,1,9,0,1,0,0,0,0,0,0,2,1,6,1,36,7,1398,1,12,-1,-1,-1
2017551701328,1,9,0,13,0,0,0,0,0,0,1,1,6,1,50,8,2993,2,9,10,1,10
2017551701329,1,90,0,5,0,1,0,0,0,0,1,1,6,1,61,9,1997,2,3,6,3,6
2017551701329,2,9,0,5,0,1,0,0,0,0,2,1,6,1,32,6,1999,1,11,4,1,4
2017551701331,1,19,0,5,9,6,0,0,0,0,4,1,6,1,63,9,2298,2,-1,4,1,4
2017551701331,2,1,0,18,9,1,0,0,0,0,1,1,6,2,38,7,-1,-1,-1,5,1,5
2017551701332,1,20,0,18,0,0,0,0,0,0,1,1,1,1,39,7,2198,2,1,5,3,5
2017551701332,2,9,0,18,0,0,0,0,0,0,1,1,6,1,36,7,1999,2,-1,-1,-1,-1
2017551701332,3,9,0,18,0,0,0,0,0,0,2,1,6,1,47,8,1991,1,4,3,1,3
2017551701333,1,4,0,18,0,8,1,0,0,0,2,1,2,1,25,5,125,1,1,6,1,6
2017551701333,2,9,0,18,0,8,0,0,0,0,1,1,6,3,-1,-1,-1,-1,-1,-1,-1,-1
2017551701334,1,1,0,18,0,6,0,0,0,0,1,1,6,1,16,4,-1,-1,-1,5,3,5
2017551701334,2,9,0,3,0,1,0,0,0,0,3,1,6,2,48,8,4196,1,11,5,3,5
2017551701335,1,9,0,9,0,6,0,0,0,0,1,1,6,2,36,7,1998,1,13,8,1,8
2017551701335,2,5,0,13,0,1,0,0,0,0,1,1,2,1,61,9,996,1,14,1,1,1
2017551701336,1,3,0,9,0,3,0,0,0,0,3,1,6,2,17,4,124,1,1,1,2,1
2017551701337,1,3,0,18,0,0,0,0,0,0,1,1,1,1,24,5,125,1,2,3,1,3
2017551701337,2,9,0,3,0,0,0,0,0,0,2,1,6,1,27,6,1598,1,12,5,1,5
2017551701338,1,9,0,7,0,5,0,0,0,0,4,1,6,1,34,6,1198,1,4,3,1,3
2017551701338,2,4,0,15,0,1,0,0,0,0,1,1,6,1,20,4,249,1,1,5,1,5
2017551701338,3,9,0,10,0,6,0,0,0,0,4,1,6,1,64,9,2199,2,2,9,1,9
2017551701339,1,22,0,4,9,1,0,0,0,0,1,1,6,2,81,11,-1,-1,-1,7,1,7
2017551701340,1,1,0,18,9,1,0,4,0,0,1,1,6,2,62,9,-1,-1,-1,8,1,8
2017551701340,2,19,0,1,9,6,0,0,0,0,3,1,2,1,28,6,1968,2,7,3,1,3
2017551701341,1,16,0,18,0,0,0,0,0,0,0,1,6,2,51,8,-1,-1,-1,5,1,5
2017551701342,1,4,0,13,0,1,1,0,0,0,3,1,6,1,17,4,124,1,-1,8,1,8
2017551701342,2,9,0,9,0,5,0,0,0,0,4,1,6,1,19,4,1197,1,-1,-1,-1,-1
2017551701343,1,9,0,5,0,6,0,0,0,0,1,1,6,2,49,8,1968,2,7,7,2,7
2017551701343,2,9,0,18,0,1,0,0,1,4,3,1,6,1,50,8,-1,-1,-1,7,1,7
2017551701344,1,19,0,18,0,0,0,0,0,0,1,1,6,1,49,8,1870,2,13,6,1,6
2017551701344,2,9,0,18,0,0,0,0,0,0,1,1,6,1,75,10,1396,1,7,5,1,5
2017551701345,1,9,0,18,0,0,0,0,0,0,1,1,2,2,22,5,1242,1,8,10,1,10
2017551701345,2,9,0,4,0,0,0,0,0,0,2,1,6,2,33,6,1242,1,4,6,1,6
2017551701346,1,9,0,18,0,2,0,12,0,0,1,1,6,2,31,6,1560,2,9,7,1,7
2017551701348,1,9,0,16,0,0,0,0,0,0,1,1,2,2,45,7,1497,1,13,5,3,5
2017551701348,2,9,0,17,0,0,0,0,1,11,1,1,6,2,81,11,1198,1,3,5,3,5
2017551701349,1,9,0,18,0,2,0,0,0,0,1,1,6,1,29,6,1199,1,16,3,1,3
2017551701350,1,9,0,7,0,7,0,0,0,0,1,1,2,2,50,8,1242,1,3,6,1,6
2017551701350,2,9,0,3,0,2,0,0,0,0,2,1,2,1,26,6,1896,2,12,7,1,7
2017551701350,3,9,0,3,0,2,0,0,0,0,2,1,6,2,24,5,1461,2,1,1,1,1
2017551701352,1,9,0,18,0,0,1,0,7,0,1,1,6,1,27,6,1997,2,14,-1,-1,-1
2017551701354,1,1,0,18,0,1,1,0,0,0,1,1,2,1,34,6,-1,-1,-1,6,1,6
2017551701354,2,9,0,9,0,5,0,0,0,0,3,1,2,2,27,6,1598,1,10,6,1,6
2017551701355,1,9,0,5,0,4,0,0,0,0,1,1,6,2,77,11,2435,1,15,2,1,2
2017551701355,2,9,0,3,0,4,0,0,0,0,2,1,1,1,61,9,-1,-1,-1,10,3,10
2017551701355,3,9,0,3,0,4,0,0,0,0,2,1,6,1,40,7,1598,1,1,3,1,3
2017551701356,1,9,0,5,0,4,0,0,0,0,4,1,6,2,27,6,1597,2,2,9,1,9
2017551701357,1,1,0,7,0,6,0,0,0,0,1,1,1,2,37,7,-1,-1,-1,8,1,8
2017551701357,2,9,0,1,0,6,0,0,0,0,2,1,1,1,40,7,1397,1,15,7,3,7
2017551701359,1,9,0,18,0,1,0,0,3,0,1,1,6,3,-1,-1,-1,-1,-1,-1,-1,-1
2017551701360,1,5,0,18,0,0,0,0,0,0,1,1,2,1,51,8,955,1,15,5,3,5
2017551701360,2,9,0,18,0,0,0,0,0,0,2,1,6,1,72,10,3498,1,8,6,3,6
2017551701361,1,9,0,18,0,0,0,0,0,0,1,1,6,1,69,10,1248,2,6,6,1,6
2017551701361,2,1,0,18,0,0,0,0,0,0,2,1,6,1,31,6,-1,-1,-1,8,1,8
2017551701362,1,9,0,13,0,0,0,0,0,0,1,1,6,1,55,8,4172,1,15,5,1,5
2017551701362,2,5,0,18,0,0,0,0,0,0,2,1,6,1,21,5,600,1,16,3,1,3
2017551701364,1,9,0,4,0,0,0,0,0,0,1,1,1,2,20,4,1598,1,15,6,1,6
2017551701366,1,3,0,14,0,2,0,0,7,0,3,1,2,1,17,4,124,1,9,6,3,6
2017551701366,2,9,0,9,0,5,0,0,0,0,3,1,6,1,53,8,-1,3,2,6,1,6
2017551701367,1,9,0,18,0,1,0,0,0,0,1,1,2,1,26,6,1781,1,15,8,1,8
2017551701367,2,9,0,9,0,8,0,0,0,0,1,1,2,2,28,6,1998,1,16,8,1,8
2017551701368,1,1,0,18,0,0,0,0,0,0,1,1,6,1,15,3,-1,-1,-1,7,1,7
2017551701368,2,9,0,4,0,0,0,0,0,0,2,2,6,1,64,9,-1,-1,-1,-1,-1,-1
2017551701369,1,9,0,13,0,0,0,0,7,4,1,1,6,1,50,8,-1,-1,-1,6,2,6
2017551701369,2,9,0,18,0,0,0,0,0,0,1,1,6,2,22,5,1499,2,4,5,3,5
2017551701369,3,17,4,18,0,0,0,0,0,0,3,1,1,1,51,8,-1,2,6,5,3,5
2017551701371,1,5,0,16,0,0,1,0,4,6,1,1,6,2,53,8,645,1,10,5,1,5
2017551701372,1,9,0,9,0,6,0,0,0,0,3,1,2,1,22,5,1229,1,7,9,1,9
2017551701372,2,9,0,18,0,1,0,0,0,0,1,1,2,1,20,4,1796,2,4,10,1,10
2017551701373,1,9,0,18,0,0,0,0,0,0,1,1,6,1,40,7,1896,2,13,7,3,7
2017551701373,2,9,0,18,0,0,0,0,4,0,2,1,6,2,45,7,1997,2,4,10,1,10
2017551701374,1,9,0,18,0,1,0,0,0,0,1,1,6,2,23,5,1796,1,10,7,1,7
2017551701374,2,9,0,18,0,1,0,0,0,0,2,1,6,1,31,6,2688,2,16,2,1,2
2017551701376,1,9,0,4,0,0,0,0,0,0,1,1,6,1,75,10,1796,1,13,5,1,5
2017551701376,2,9,0,18,0,0,2,0,1,11,3,1,6,1,45,7,1997,2,6,4,1,4
2017551701377,1,19,0,18,0,1,0,0,0,0,1,1,1,1,46,8,2198,2,5,8,1,8
2017551701377,2,9,0,4,0,1,0,0,0,0,2,1,2,2,28,6,1991,2,14,7,1,7
2017551701377,3,9,0,4,0,1,0,0,0,0,2,1,6,2,41,7,1598,1,10,6,1,6
2017551701378,1,9,0,17,0,0,1,0,0,0,1,1,6,2,43,7,1598,1,12,7,3,7
2017551701378,2,9,0,16,0,0,0,0,0,0,1,1,2,2,18,4,998,1,14,6,3,6
2017551701379,1,9,0,18,0,8,0,0,0,0,1,1,6,2,68,10,1496,1,1,3,1,3
2017551701379,2,8,0,18,0,8,0,0,0,0,2,1,1,1,59,9,1598,2,6,9,1,9
2017551701380,1,9,0,9,0,2,0,0,0,0,1,1,6,1,55,8,1796,1,10,2,1,2
2017551701380,2,5,0,3,0,1,0,0,0,0,2,1,6,1,54,8,1584,1,9,3,1,3
2017551701380,3,5,0,3,0,1,0,0,0,0,2,1,6,1,59,9,1340,1,17,10,1,10
2017551701381,1,1,0,18,0,2,0,0,0,0,3,1,6,1,15,3,-1,-1,-1,7,1,7
2017551701381,2,9,0,5,0,2,0,0,0,0,1,1,6,1,56,9,1753,2,11,8,1,8
2017551701382,1,9,0,5,0,0,0,0,0,0,1,1,6,2,24,5,4554,1,15,9,1,9
2017551701382,2,9,0,5,0,0,0,0,0,0,2,1,6,1,59,9,2993,2,1,9,1,9
2017551701382,3,9,0,5,0,0,0,0,0,0,2,1,6,1,51,8,999,1,1,9,1,9
2017551701385,1,9,0,18,0,1,1,0,0,0,1,1,2,1,20,4,1598,1,16,9,2,9
2017551701385,2,17,4,10,0,1,0,0,0,0,2,1,1,1,26,6,-1,2,2,8,1,8
2017551701386,1,1,0,18,9,0,0,0,0,0,1,1,6,1,16,4,-1,-1,-1,4,1,4
2017551701387,1,9,0,9,0,5,0,0,0,0,4,1,6,1,64,9,1995,2,10,9,1,9
2017551701387,2,5,0,18,0,1,0,0,0,0,1,1,6,1,33,6,749,1,13,9,3,9
2017551701388,1,4,0,13,0,0,0,0,0,0,4,1,6,1,42,7,1301,1,1,4,2,4
2017551701388,2,1,0,18,0,0,0,0,0,0,3,1,6,1,67,10,-1,-1,-1,5,3,5
2017551701388,3,9,0,18,0,0,0,0,0,0,3,1,6,1,71,10,1388,1,13,-1,2,-1
2017551701389,1,9,0,4,9,1,0,0,0,0,4,1,1,1,33,6,1753,2,8,5,1,5
2017551701389,2,1,0,4,9,1,0,0,0,0,1,1,6,1,27,6,-1,-1,-1,-1,-1,-1
2017551701390,1,9,0,18,0,0,0,0,0,0,0,1,6,1,33,6,2993,2,2,8,2,8
2017551701390,2,2,0,18,0,0,0,10,0,0,4,1,6,1,20,4,125,1,3,4,1,4
2017551701392,1,9,0,18,0,0,0,0,0,0,1,1,6,1,23,5,1560,2,1,6,3,6
2017551701392,2,9,0,18,0,0,1,0,1,1,2,1,6,1,90,11,1398,2,2,5,3,5
2017551701393,1,5,0,13,0,1,1,0,0,0,1,1,6,1,35,6,998,1,9,4,1,4
2017551701393,2,9,0,18,0,2,0,0,0,0,1,1,6,1,22,5,1598,2,6,5,1,5
2017551701394,1,9,0,7,0,6,0,0,0,0,1,1,6,2,33,6,1868,2,13,4,1,4
2017551701394,2,9,0,18,0,8,0,0,0,0,4,1,6,1,35,6,1596,1,1,6,2,6
2017551701395,1,19,0,13,0,0,0,0,0,0,0,1,2,1,32,6,2198,2,4,2,1,2
2017551701395,2,5,0,18,0,0,0,0,1,10,0,1,2,1,33,6,953,1,13,6,3,6
2017551701398,1,1,0,18,0,1,0,0,0,0,1,1,6,2,33,6,-1,-1,-1,-1,-1,-1
2017551701398,2,9,0,18,0,2,0,0,0,0,3,1,2,1,55,8,2993,2,1,6,1,6
2017551701399,1,19,0,14,0,0,0,0,0,0,4,1,1,1,33,6,2198,2,1,8,1,8
2017551701399,2,9,0,4,0,0,0,0,0,0,2,1,6,1,67,10,1598,1,12,8,1,8
2017551701400,1,9,0,17,0,0,2,0,7,0,1,1,6,1,17,4,1229,1,9,6,3,6
2017551701401,1,9,0,5,0,4,0,0,0,0,1,1,6,2,36,7,1910,2,9,2,1,2
2017551701401,2,9,0,3,0,4,0,0,0,0,2,1,6,2,41,7,1461,2,15,6,1,6
2017551701402,1,9,0,5,0,2,0,0,0,0,4,1,1,1,27,6,1796,1,15,8,1,8
2017551701402,2,1,0,18,0,1,0,0,0,0,1,1,6,1,81,11,-1,-1,-1,6,1,6
2017551701403,1,9,0,18,0,1,0,0,0,0,1,1,6,2,19,4,1349,1,5,7,1,7
2017551701403,2,9,0,4,0,1,0,0,0,0,2,1,6,2,64,9,1248,1,8,7,1,7
2017551701403,3,9,0,10,0,1,0,0,0,0,2,1,6,1,68,10,1339,1,2,7,1,7
2017551701405,1,9,0,14,0,0,0,0,0,0,4,1,6,3,-1,-1,2191,2,5,-1,-1,-1
2017551701406,1,9,0,18,0,0,0,0,7,2,1,1,6,1,73,10,1968,2,7,10,1,10
2017551701407,1,9,0,18,0,0,0,0,0,0,1,1,6,1,17,4,998,1,10,4,1,4
2017551701410,1,9,0,18,0,1,0,7,0,0,1,1,6,1,73,10,1200,1,1,6,1,6
2017551701411,1,2,0,18,0,1,0,0,7,0,4,1,6,1,17,4,124,1,29,6,1,6
2017551701411,2,9,0,9,0,1,0,0,0,0,3,1,6,2,50,8,1995,1,11,6,1,6
2017551701412,1,5,0,4,0,1,1,0,0,0,1,1,6,1,24,5,948,1,-1,9,1,9
2017551701412,2,9,0,9,0,1,0,0,0,0,3,1,6,1,37,7,-1,-1,-1,6,1,6
2017551701413,1,9,0,16,0,3,1,10,2,2,1,1,6,1,18,4,1198,1,13,3,1,3
2017551701415,1,19,0,9,0,6,1,0,0,0,1,1,2,1,44,7,1598,2,1,5,1,5
2017551701415,2,1,0,14,0,8,0,0,0,0,1,1,6,1,25,5,-1,-1,-1,4,1,4
2017551701416,1,5,0,18,0,0,1,11,0,0,1,1,6,1,55,8,805,1,14,7,3,7
2017551701416,2,5,0,18,0,0,0,0,0,0,1,1,6,1,65,9,649,1,7,10,1,10
2017551701417,1,21,0,18,0,1,1,0,0,0,1,1,1,1,67,10,12130,2,14,-1,-1,-1
2017551701417,2,9,0,10,0,1,0,0,0,0,2,1,6,2,31,6,1197,1,1,6,2,6
2017551701418,1,9,0,4,0,1,0,0,0,0,1,1,6,2,33,6,1685,2,4,-1,-1,-1
2017551701418,2,9,0,3,0,1,0,0,0,0,2,1,6,1,21,5,998,1,3,7,1,7
2017551701419,1,9,0,17,0,4,0,0,0,0,3,1,6,2,32,6,1968,2,2,-1,-1,-1
2017551701419,2,3,0,17,0,3,0,0,0,0,1,1,6,1,48,8,123,1,26,4,1,4
2017551701420,1,9,0,1,0,0,0,0,0,0,2,1,6,3,-1,-1,1598,2,-1,-1,-1,-1
2017551701421,1,9,0,4,0,0,1,0,0,0,1,1,6,1,55,8,2477,2,11,7,2,7
2017551701421,2,9,0,4,0,0,0,0,0,0,2,1,6,1,56,9,-1,-1,-1,6,3,6
2017551701423,1,9,0,7,0,6,0,0,0,0,1,1,2,2,56,9,1197,1,1,2,2,2
2017551701423,2,9,0,4,0,1,0,0,0,0,3,1,6,1,71,10,1388,1,6,9,1,9
2017551701423,3,9,0,18,0,2,0,0,0,0,4,1,6,2,64,9,1364,1,1,9,3,9
2017551701424,1,19,0,5,7,6,0,0,0,0,1,1,1,2,63,9,1753,2,8,8,1,8
2017551701424,2,1,0,5,9,1,0,0,0,0,1,1,4,1,11,3,-1,-1,-1,5,1,5
2017551701425,1,9,0,17,0,8,0,0,0,0,1,1,6,2,23,5,1242,1,5,3,1,3
2017551701425,2,9,0,17,0,8,0,0,0,0,2,1,1,1,40,7,1968,2,3,6,1,6
2017551701427,1,9,0,4,0,1,0,0,0,0,1,1,6,1,75,10,1596,1,6,10,2,10
2017551701427,2,9,0,4,0,1,0,0,0,0,1,1,6,1,64,9,2179,2,9,6,3,6
2017551701427,3,9,0,4,0,1,0,0,0,0,2,1,6,1,58,9,1951,2,12,10,2,10
2017551701428,1,19,0,17,0,8,0,0,0,0,1,1,6,1,26,6,1560,2,5,2,1,2
2017551701428,2,1,0,17,0,8,0,0,0,0,2,1,6,1,42,7,-1,-1,-1,5,1,5
2017551701430,1,9,0,10,0,2,0,0,0,0,0,1,6,2,27,6,1242,1,8,4,1,4
2017551701430,2,1,0,16,0,1,0,0,7,11,1,1,6,1,56,9,-1,-1,-1,6,1,6
2017551701431,1,19,0,9,0,6,0,0,0,0,1,1,1,1,50,8,2283,2,16,2,1,2
2017551701431,2,1,0,18,0,1,0,0,0,0,4,1,2,2,28,6,-1,-1,-1,5,1,5
2017551701432,1,21,0,9,0,6,0,0,0,0,1,1,1,1,32,6,12777,2,8,6,2,6
2017551701432,2,9,0,18,0,1,0,0,7,0,4,1,6,2,71,10,1198,1,2,6,1,6
2017551701433,1,3,0,15,0,1,0,0,0,0,1,1,6,1,21,5,125,1,2,7,1,7
2017551701433,2,9,0,9,0,5,0,0,0,0,3,1,6,2,37,7,1598,1,13,3,1,3
2017551701434,1,9,0,18,0,8,0,0,0,0,1,1,6,1,60,9,2143,2,1,7,3,7
2017551701434,2,9,0,18,0,8,0,0,0,0,3,2,6,2,56,9,1388,1,8,7,1,7
2017551701435,1,9,0,18,0,8,1,0,4,6,4,1,6,1,46,8,2993,2,4,10,1,10
2017551701435,2,21,4,9,0,8,0,0,0,0,1,1,1,1,53,8,12740,2,1,4,3,4
2017551701436,1,2,0,18,0,1,1,0,0,0,0,1,6,1,26,6,49,1,3,8,1,8
2017551701437,1,9,0,9,0,6,0,0,0,0,4,1,6,1,79,11,2793,1,20,10,1,10
2017551701437,2,3,0,18,0,1,0,0,0,0,1,1,6,1,21,5,125,1,2,2,1,2
2017551701438,1,9,0,9,0,6,0,0,0,0,1,1,6,2,56,9,1598,1,7,5,2,5
2017551701438,2,1,0,18,0,1,0,0,0,0,1,1,6,2,55,8,-1,-1,-1,6,1,6
2017551701439,1,1,0,18,9,1,0,0,0,0,1,1,6,1,77,11,-1,-1,-1,8,1,8
2017551701439,2,9,0,18,9,6,0,0,0,0,1,1,6,1,53,8,1299,1,16,8,1,8
2017551701440,1,9,0,18,0,0,5,0,0,0,1,1,6,1,70,10,1596,1,12,2,1,2
2017551701441,1,9,0,4,0,8,1,0,0,0,4,1,6,1,53,8,1896,2,21,5,3,5
2017551701441,2,9,0,16,0,8,0,0,0,0,1,1,6,2,77,11,1587,1,12,6,3,6
2017551701442,1,9,0,18,0,0,0,0,0,0,1,1,6,3,-1,-1,-1,-1,-1,-1,-1,-1
2017551701444,1,19,0,18,0,0,0,0,0,0,1,1,6,1,70,10,2198,2,2,5,1,5
2017551701444,2,9,0,18,0,0,0,0,0,0,1,1,6,2,22,5,1896,2,10,9,2,9
2017551701445,1,1,0,18,0,0,0,0,0,0,3,1,6,1,10,2,-1,-1,-1,4,1,4
2017551701445,2,9,0,18,0,0,0,0,0,0,1,1,2,1,35,6,998,1,1,4,1,4
2017551701447,1,9,0,18,0,1,0,0,0,0,1,1,6,2,51,8,1781,1,17,7,1,7
2017551701447,2,9,0,9,0,6,0,0,0,0,4,1,6,2,32,6,1997,2,16,2,1,2
2017551701447,3,19,0,18,0,1,0,0,0,0,0,1,6,3,-1,-1,-1,-1,-1,-1,-1,-1
2017551701448,1,9,0,18,0,0,0,0,0,0,4,1,6,1,36,7,-1,-1,-1,8,1,8
2017551701449,1,3,0,4,0,1,0,0,0,0,1,1,2,2,51,8,115,1,2,6,1,6
2017551701449,2,9,0,4,0,1,0,0,0,0,2,1,1,1,39,7,1968,2,3,7,1,7
2017551701450,1,9,0,18,0,0,0,0,0,0,1,1,2,2,52,8,1988,1,20,6,2,6
2017551701452,1,9,0,4,0,1,0,0,0,0,1,1,6,1,78,11,1598,1,9,9,1,9
2017551701452,2,9,0,3,0,1,0,0,0,0,2,1,6,1,44,7,1968,2,7,10,1,10
2017551701453,1,5,0,7,0,5,0,0,0,0,4,1,6,1,41,7,998,1,10,5,1,5
2017551701453,2,1,0,18,4,1,0,0,0,0,1,1,6,2,26,6,-1,-1,-1,7,1,7
2017551701454,1,9,0,18,0,1,0,7,1,0,1,1,6,2,58,9,1399,1,10,7,1,7
2017551701454,2,19,0,8,0,1,0,0,0,0,3,1,6,1,81,11,1905,2,18,6,1,6
2017551701457,1,9,0,7,0,2,0,0,0,0,1,1,6,2,46,8,1968,2,4,8,3,8
2017551701457,2,22,0,9,0,1,5,0,0,0,1,1,6,1,91,11,-1,-1,-1,8,3,8
2017551701458,1,9,0,18,0,0,0,4,0,0,1,1,6,1,23,5,1000,1,17,6,1,6
2017551701458,2,9,0,2,0,0,0,0,0,0,1,1,1,1,36,7,1598,2,-1,8,2,8
2017551701458,3,9,0,2,0,0,0,0,0,0,1,1,1,3,-1,-1,1598,2,-1,-1,-1,-1
2017551701459,1,9,0,9,0,8,0,0,0,0,1,1,6,1,17,4,998,1,10,5,1,5
2017551701459,2,9,0,18,0,8,0,0,1,11,1,1,6,1,34,6,1968,2,12,7,1,7
2017551701460,1,9,0,17,0,0,1,0,0,0,1,1,2,1,20,4,996,1,5,6,3,6
2017551701461,1,9,0,14,0,0,1,0,0,0,1,1,2,2,51,8,1598,1,14,5,1,5
2017551701461,2,11,0,2,0,0,0,0,0,0,0,1,1,1,46,8,6696,2,4,9,1,9
2017551701462,1,19,0,9,0,1,0,0,0,0,1,1,6,1,44,7,1868,2,15,9,3,9
2017551701462,2,9,0,18,0,1,0,0,0,0,4,1,6,2,33,6,1560,2,8,6,1,6
2017551701463,1,1,0,18,0,0,0,0,0,0,1,1,6,1,44,7,-1,-1,-1,9,2,9
2017551701463,2,9,0,18,0,0,0,0,0,0,1,1,6,2,38,7,2967,2,7,6,3,6
2017551701463,3,1,0,18,0,0,0,0,1,10,0,1,6,1,44,7,-1,-1,-1,9,2,9
2017551701463,4,1,0,18,0,0,0,0,0,0,1,1,6,1,54,8,-1,-1,-1,7,1,7
2017551701464,1,90,0,9,0,8,0,0,0,0,0,1,1,1,24,5,2464,2,8,2,1,2
2017551701464,2,3,0,18,0,1,0,0,0,0,1,1,6,1,24,5,124,1,6,8,1,8