Accident_Index,Vehicle_Reference,Vehicle_Type,Towing_and_Articulation,Vehicle_Manoeuvre,Vehicle_Location-Restricted_Lane,Junction_Location,Skidding_and_Overturning,Hit_Object_in_Carriageway,Vehicle_Leaving_Carriageway,Hit_Object_off_Carriageway,1st_Point_of_Impact,Was_Vehicle_Left_Hand_Drive?,Journey_Purpose_of_Driver,Sex_of_Driver,Age_of_Driver,Age_Band_of_Driver,Engine_Capacity_(CC),Propulsion_Code,Age_of_Vehicle,Driver_IMD_Decile,Driver_Home_Area_Type,Vehicle_IMD_Decile
2017551701465,1,5,0,4,0,0,0,0,0,0,1,1,6,1,53,8,1198,1,18,8,1,8
2017551701465,2,5,0,4,0,0,0,0,0,0,2,1,6,2,28,6,1200,1,32,5,1,5
2017551701466,1,9,0,14,0,3,0,0,0,0,4,1,1,2,31,6,1199,1,14,4,1,4
2017551701466,2,9,0,3,0,2,0,0,0,0,2,1,6,1,80,11,1595,1,14,4,1,4
2017551701466,3,20,0,17,0,8,0,0,0,0,1,1,6,1,67,10,4461,2,6,10,2,10
2017551701466,4,9,0,18,0,2,0,0,0,0,2,1,6,2,28,6,1248,1,1,9,1,9
2017551701467,1,9,0,9,0,1,0,0,0,0,3,1,2,2,37,7,1329,1,5,8,1,8
2017551701467,2,2,0,13,0,1,0,0,0,0,1,1,2,2,30,6,125,1,3,-1,-1,-1
2017551701468,1,9,0,18,0,1,0,0,0,0,1,1,6,1,19,4,1596,1,15,3,1,3
2017551701468,2,9,0,3,0,1,0,0,0,0,2,1,6,2,26,6,1149,1,19,8,2,8
2017551701470,1,3,0,16,0,0,1,0,7,9,3,1,6,1,36,7,125,1,10,7,3,7
2017551701472,1,5,0,18,0,1,0,0,0,0,4,1,6,1,28,6,599,1,8,7,1,7
2017551701472,2,9,0,18,0,1,0,0,0,0,4,1,6,2,72,10,1200,1,-1,8,3,8
2017551701472,3,21,1,18,0,1,0,0,0,0,3,1,1,1,38,7,11946,2,5,6,3,6
2017551701474,1,9,0,18,0,0,0,0,0,0,3,1,6,1,48,8,2191,2,-1,9,1,9
2017551701474,2,9,0,18,0,0,0,0,0,0,3,1,6,1,19,4,1197,1,1,7,1,7
2017551701475,1,9,0,17,0,0,2,0,2,7,4,1,2,1,40,7,1984,1,19,6,3,6
2017551701477,1,9,0,17,0,8,0,0,0,0,1,1,6,1,41,7,1956,2,4,5,1,5
2017551701477,2,9,0,5,0,4,0,0,0,0,2,1,6,2,64,9,1296,1,10,6,1,6
2017551701479,1,19,0,9,0,1,0,0,0,0,4,1,6,2,43,7,1995,2,10,5,1,5
2017551701479,2,1,0,18,0,1,0,0,0,0,1,1,6,1,30,6,-1,-1,-1,2,1,2
2017551701480,1,1,0,18,0,8,0,0,0,0,1,1,6,2,18,4,-1,-1,-1,-1,-1,-1
2017551701480,2,9,0,5,0,6,0,0,0,0,1,1,6,1,21,5,1242,1,11,6,1,6
2017551701482,1,9,0,9,0,6,0,0,0,0,3,1,2,2,53,8,1395,1,1,7,1,7
2017551701482,2,5,0,13,0,1,0,0,0,0,1,1,2,1,27,6,599,1,19,5,1,5
2017551701484,1,9,0,4,0,0,0,0,0,0,1,1,6,1,66,10,2776,2,9,7,1,7
2017551701484,2,9,0,4,0,0,0,0,0,0,2,1,6,2,58,9,1199,1,13,4,1,4
2017551701484,3,9,0,4,0,0,0,0,0,0,2,1,6,1,73,10,1999,2,1,10,2,10
2017551701485,1,5,0,18,0,2,1,0,0,0,4,1,6,1,37,7,954,1,15,8,1,8
2017551701486,1,9,0,4,0,0,0,0,0,0,1,1,6,1,33,6,1596,1,11,6,2,6
2017551701487,1,9,0,9,0,5,0,0,0,0,1,1,2,1,28,6,1390,1,8,6,3,6
2017551701487,2,1,0,18,0,1,0,0,0,0,1,1,2,1,57,9,-1,-1,-1,9,1,9
2017551701488,1,8,0,9,0,6,0,0,0,0,1,1,1,1,53,8,1997,2,3,6,1,6
2017551701488,2,9,0,9,0,5,0,0,0,0,3,1,6,2,37,7,1198,1,3,7,1,7
2017551701491,1,9,0,5,0,0,0,0,0,0,3,1,6,3,-1,-1,-1,-1,-1,-1,-1,-1
2017551701491,2,3,0,18,0,0,0,0,0,0,4,1,6,1,45,7,124,1,2,7,1,7
2017551701493,1,9,0,17,0,0,0,0,1,9,1,1,6,1,33,6,1997,1,16,8,3,8
2017551701494,1,9,0,16,0,0,0,0,1,4,1,1,6,2,18,4,1242,1,6,10,1,10
2017551701495,1,9,0,7,4,5,0,0,0,0,4,1,6,2,42,7,1329,1,4,9,3,9
2017551701495,2,1,0,18,4,1,0,0,0,0,3,1,6,1,16,4,-1,-1,-1,8,1,8
2017551701496,1,9,0,9,0,8,0,0,0,0,4,1,6,1,32,6,1796,1,15,2,1,2
2017551701496,2,3,0,18,0,1,1,0,0,0,1,1,6,1,50,8,124,1,43,5,1,5
2017551701497,1,9,0,5,0,0,0,0,0,0,1,1,6,2,66,10,1086,1,12,5,1,5
2017551701497,2,9,0,3,0,0,0,0,0,0,1,1,6,1,74,10,-1,-1,-1,6,1,6
2017551701498,1,9,0,18,0,8,0,0,0,0,4,1,6,2,85,11,1388,1,13,5,1,5
2017551701498,2,11,0,18,0,8,0,0,0,0,1,1,1,2,36,7,5900,2,11,6,1,6
2017551701499,1,9,0,9,0,5,0,0,0,0,1,1,6,1,76,11,-1,-1,-1,4,1,4
2017551701499,2,3,0,18,0,8,0,0,0,0,1,1,6,1,35,6,124,1,4,9,3,9
2017551701500,1,9,0,9,0,8,0,0,0,0,3,1,6,1,47,8,1560,2,4,2,1,2
2017551701500,2,3,0,16,0,1,0,0,0,0,4,1,6,1,19,4,124,1,20,7,3,7
2017551701503,1,9,0,11,0,3,0,0,0,0,3,1,6,1,73,10,1598,1,10,5,2,5
2017551701503,2,9,0,17,0,8,0,0,0,0,1,1,6,2,32,6,1598,1,15,5,1,5
2017551701504,1,9,0,4,0,0,0,0,0,0,2,1,2,1,49,8,1618,1,-1,7,1,7
2017551701504,2,9,0,4,0,0,0,0,0,0,1,1,6,1,57,9,1995,2,5,5,1,5
2017551701504,3,9,0,4,0,0,0,0,0,0,2,1,2,2,30,6,1685,2,4,5,3,5
2017551701504,4,9,0,4,0,0,0,0,0,0,1,1,2,1,24,5,1199,2,4,1,1,1
2017551701504,5,9,0,4,0,0,0,0,0,0,1,1,2,2,73,10,1490,1,9,6,1,6
2017551701504,6,9,0,4,0,0,0,0,0,0,1,1,2,2,21,5,1364,1,9,7,3,7
2017551701506,1,9,0,18,0,4,0,0,0,0,3,1,2,1,66,10,1390,1,17,9,1,9
2017551701506,2,9,0,9,0,8,0,0,0,0,1,1,2,2,48,8,1397,1,7,10,1,10
2017551701507,1,1,0,18,9,0,0,0,0,0,0,1,6,2,26,6,-1,-1,-1,5,1,5
2017551701508,1,9,0,7,0,6,0,0,0,0,1,1,6,2,72,10,1796,1,10,7,1,7
2017551701508,2,1,0,18,0,8,0,0,0,0,4,1,6,1,38,7,-1,-1,-1,8,1,8
2017551701509,1,9,0,9,0,6,0,0,0,0,1,1,6,1,80,11,1986,1,28,6,3,6
2017551701509,2,5,0,18,0,1,1,0,0,0,1,1,6,2,56,9,645,1,15,4,1,4
2017551701510,1,2,0,18,0,2,1,0,0,0,0,1,6,2,17,4,49,1,15,5,3,5
2017551701511,1,9,0,18,0,0,1,0,7,7,1,1,6,1,56,9,1753,2,14,6,3,6
2017551701512,1,9,0,9,0,6,0,0,0,0,4,1,1,1,37,7,1910,2,9,1,1,1
2017551701512,2,1,0,18,0,1,0,0,0,0,1,1,6,1,29,6,-1,-1,-1,5,1,5
2017551701513,1,19,0,4,0,0,0,0,0,0,1,1,1,1,21,5,1598,2,1,6,1,6
2017551701513,2,9,0,4,0,0,0,0,0,0,2,1,6,2,51,8,1086,1,8,7,1,7
2017551701515,1,9,0,5,0,1,0,0,0,0,1,1,6,2,19,4,1299,1,15,2,1,2
2017551701515,2,5,0,3,0,1,0,0,0,0,2,1,6,2,43,7,599,1,10,6,1,6
2017551701517,1,9,0,5,0,6,0,0,0,0,3,1,6,1,46,8,1461,2,8,4,1,4
2017551701517,2,5,0,18,0,8,0,0,0,0,1,1,6,1,72,10,998,1,8,6,3,6
2017551701518,1,9,0,5,6,0,0,0,0,0,1,1,6,1,34,6,999,1,-1,9,1,9
2017551701518,2,4,0,18,0,0,0,0,0,0,4,1,6,1,55,8,249,1,39,-1,-1,-1
2017551701519,1,8,0,18,0,0,0,0,0,0,1,1,1,1,49,8,1686,2,4,7,2,7
2017551701519,2,1,0,18,0,0,0,0,0,0,1,1,1,1,14,3,-1,-1,-1,7,2,7
2017551701521,1,1,0,13,0,1,0,0,0,0,1,1,2,1,46,8,-1,-1,-1,10,1,10
2017551701521,2,9,0,10,0,2,0,0,0,0,3,1,6,2,27,6,1995,2,12,6,1,6
2017551701523,1,9,0,9,0,0,0,0,7,11,1,1,6,2,77,11,1598,1,13,9,2,9
2017551701523,2,9,0,2,0,0,0,0,0,0,2,1,6,2,58,9,1997,2,10,9,3,9
2017551701524,1,9,0,2,0,0,0,0,0,0,3,1,6,3,-1,-1,1598,1,15,-1,-1,-1
2017551701524,2,1,0,14,0,0,0,0,0,0,1,1,6,2,52,8,-1,-1,-1,6,1,6
2017551701525,1,4,0,9,0,4,0,10,0,0,2,1,6,1,48,8,395,1,4,1,1,1
2017551701526,1,9,0,4,0,0,0,0,0,0,1,1,2,2,32,6,1242,1,3,10,1,10
2017551701526,2,9,0,3,0,0,0,0,0,0,2,1,2,1,22,5,2997,1,-1,10,1,10
2017551701527,1,9,0,16,0,0,2,0,0,0,4,1,1,2,22,5,1364,1,9,8,3,8
2017551701528,1,19,0,9,0,6,0,0,0,0,3,1,1,1,64,9,1598,2,2,8,1,8
2017551701528,2,5,0,10,0,1,0,0,0,0,2,1,2,1,52,8,1050,1,4,9,3,9
2017551701529,1,9,0,1,0,0,0,0,0,0,2,1,6,1,60,9,1596,1,7,9,1,9
2017551701530,1,9,0,18,0,0,0,0,0,0,1,1,6,2,37,7,1995,2,12,3,1,3
2017551701530,2,9,0,2,6,0,0,0,0,0,4,1,6,3,-1,-1,1984,1,6,-1,-1,-1
2017551701531,1,9,0,18,0,0,0,0,0,0,1,1,6,1,24,5,2495,2,24,7,1,7
2017551701531,2,9,0,18,0,0,1,0,0,0,1,1,6,1,51,8,-1,-1,-1,6,1,6
2017551701533,1,22,0,18,9,0,0,0,0,0,1,1,6,3,-1,-1,-1,-1,-1,-1,-1,-1
2017551701534,1,19,0,4,0,0,1,0,0,0,1,1,1,1,58,9,2402,2,15,2,1,2
2017551701534,2,9,0,3,0,0,0,0,0,0,2,1,6,1,17,4,1149,1,15,6,1,6
2017551701534,3,9,0,3,0,0,0,0,0,0,2,1,6,1,27,6,1598,1,11,3,1,3
2017551701535,1,9,0,18,0,8,0,0,0,0,1,1,2,2,48,8,1753,2,14,2,1,2
2017551701535,2,9,0,9,0,8,0,0,0,0,3,1,2,1,23,5,1839,1,22,8,1,8
2017551701536,1,9,0,9,0,8,0,0,0,0,4,1,6,2,71,10,1588,1,12,6,1,6
2017551701536,2,1,0,18,0,8,0,0,0,0,1,1,6,1,22,5,-1,-1,-1,10,1,10
2017551701537,1,9,0,18,0,6,0,0,0,0,1,1,6,3,-1,-1,-1,-1,-1,-1,-1,-1
2017551701537,2,1,0,18,0,8,0,0,0,0,3,1,6,2,36,7,-1,-1,-1,8,3,8
2017551701538,1,9,0,18,0,0,0,0,2,4,1,1,6,1,73,10,1395,1,1,9,1,9
2017551701539,1,19,0,18,0,0,0,0,0,0,1,1,6,3,-1,-1,-1,-1,-1,-1,-1,-1
2017551701539,2,1,0,18,0,0,0,0,0,0,3,1,6,1,27,6,-1,-1,-1,-1,-1,-1
2017551701540,1,9,0,7,0,3,1,0,0,0,4,1,6,1,20,4,1242,1,16,3,1,3
2017551701540,2,9,0,4,0,1,0,0,0,0,4,1,6,2,38,7,1198,1,8,10,1,10
2017551701541,1,9,0,13,0,0,0,0,0,0,1,1,6,1,18,4,1587,1,12,9,3,9
2017551701541,2,9,0,13,0,0,0,0,0,0,4,1,2,1,59,9,1896,2,12,7,1,7
2017551701541,3,9,0,18,0,0,0,11,8,10,3,1,6,1,65,9,2495,2,21,5,3,5
2017551701541,4,9,0,18,0,0,0,0,0,0,0,1,6,2,45,7,1368,1,1,5,1,5
2017551701542,1,11,0,5,0,0,0,0,0,0,0,1,1,1,26,6,6696,2,2,3,1,3
2017551701544,1,9,0,18,0,0,0,0,0,0,1,1,6,2,41,7,999,1,-1,5,1,5
2017551701544,2,11,0,2,2,0,0,0,0,0,2,1,1,1,61,9,7300,2,13,5,3,5
2017551701545,1,3,0,13,0,8,1,0,0,0,1,1,6,1,18,4,125,1,-1,5,1,5
2017551701545,2,9,0,10,0,8,0,0,0,0,2,1,2,1,31,6,1596,1,10,9,1,9
2017551701548,1,3,0,14,0,8,0,0,0,0,1,1,2,1,21,5,125,1,1,10,1,10
2017551701548,2,9,0,9,0,6,0,0,0,0,3,1,3,2,34,6,1896,2,12,10,1,10
2017551701549,1,9,0,9,0,6,0,0,0,0,3,1,6,1,46,8,2184,2,14,10,2,10
2017551701549,2,5,0,18,0,8,0,0,0,0,1,1,6,1,33,6,996,1,20,6,1,6
2017551701551,1,9,0,4,0,0,0,0,0,0,1,1,6,1,27,6,1794,1,14,6,1,6
2017551701551,2,9,0,10,0,0,0,0,0,0,2,1,6,2,17,4,1198,1,6,9,1,9
2017551701552,1,3,0,18,0,1,1,0,0,0,1,1,6,2,18,4,-1,-1,-1,9,1,9
2017551701552,2,9,0,8,0,1,0,0,0,0,2,1,6,2,37,7,1896,2,14,7,1,7
2017551701553,1,9,0,15,0,0,0,0,0,0,4,1,3,1,42,7,1598,1,12,3,1,3
2017551701553,2,1,0,18,0,0,0,0,0,0,4,1,6,1,69,10,-1,-1,-1,8,1,8
2017551701554,1,9,0,18,0,0,0,0,0,0,1,1,6,2,25,5,1242,1,4,7,1,7
2017551701554,2,9,0,18,0,0,0,0,0,0,1,1,6,1,23,5,1229,1,6,4,1,4
2017551701555,1,3,0,18,0,4,1,0,0,0,1,1,6,1,27,6,125,1,5,5,1,5
2017551701555,2,9,0,18,0,8,0,0,0,0,4,1,6,2,29,6,1388,1,14,10,1,10
2017551701556,1,9,0,9,0,6,0,0,0,0,1,1,6,1,28,6,1360,1,11,3,1,3
2017551701556,2,9,0,18,0,8,0,0,0,0,4,1,1,1,37,7,1797,8,8,7,1,7
2017551701557,1,19,0,16,0,0,0,0,0,0,4,1,1,1,26,6,2198,2,3,5,3,5
2017551701557,2,1,0,16,0,0,0,0,1,4,4,1,6,1,57,9,-1,-1,-1,5,3,5
2017551701558,1,3,0,9,0,8,0,0,0,0,1,1,6,1,23,5,125,1,1,7,1,7
2017551701558,2,9,0,18,0,1,0,0,0,0,1,1,6,3,-1,-1,1248,1,6,-1,-1,-1
2017551701559,1,3,0,9,0,8,0,0,0,0,1,1,6,1,18,4,125,1,5,5,1,5
2017551701559,2,9,0,5,0,8,0,0,0,0,2,1,1,1,49,8,1968,2,6,4,1,4
2017551701560,1,90,0,17,0,1,1,0,0,0,3,1,2,1,27,6,-1,-1,-1,3,1,3
2017551701560,2,1,0,16,0,2,1,0,0,0,1,1,6,1,52,8,-1,-1,-1,7,1,7
2017551701562,1,9,0,5,0,0,0,0,0,0,4,1,2,2,42,7,2987,2,11,8,1,8
2017551701562,2,3,0,18,0,0,0,0,0,0,4,1,4,1,17,4,124,1,1,5,1,5
2017551701563,1,9,0,5,0,4,0,0,0,0,1,1,2,1,31,6,1560,2,4,9,1,9
2017551701563,2,1,0,18,0,8,0,0,0,0,4,1,6,1,24,5,-1,-1,-1,10,1,10
2017551701564,1,9,0,16,0,0,0,0,0,0,1,1,6,2,20,4,1595,1,27,6,3,6
2017551701564,2,9,0,17,0,0,0,0,0,0,1,1,6,2,53,8,2996,1,-1,5,3,5
2017551701565,1,19,0,7,0,4,0,0,0,0,3,1,2,1,50,8,1248,2,10,3,1,3
2017551701565,2,1,0,18,0,8,0,0,0,0,1,1,2,1,59,9,-1,-1,-1,7,1,7
2017551701566,1,9,0,11,0,1,0,0,0,0,4,1,6,3,-1,-1,1598,1,13,-1,-1,-1
2017551701566,2,1,0,7,0,8,0,0,0,0,3,1,6,2,40,7,-1,-1,-1,8,1,8
2017551701567,1,1,0,18,0,0,0,0,0,0,0,1,6,1,65,9,-1,-1,-1,5,3,5
2017551701568,1,19,0,18,0,0,0,0,0,0,1,1,1,3,-1,-1,1461,2,3,-1,-1,-1
2017551701568,2,1,0,18,0,0,0,0,0,0,2,1,6,1,30,6,-1,-1,-1,10,1,10
2017551701569,1,19,0,13,0,0,0,0,0,0,0,1,6,3,-1,-1,2287,2,3,-1,-1,-1
2017551701569,2,3,0,18,0,0,1,0,0,0,0,1,6,2,51,8,124,1,16,6,1,6
2017551701570,1,9,0,7,0,3,0,0,0,0,1,1,2,2,86,11,1242,1,6,8,1,8
2017551701570,2,1,0,17,0,8,0,0,0,0,2,1,2,1,51,8,-1,-1,-1,4,1,4
2017551701571,1,4,0,4,0,1,0,0,1,0,1,1,2,1,19,4,656,1,10,9,3,9
2017551701571,2,9,0,9,0,1,0,0,0,0,4,1,2,1,19,4,1968,2,3,9,3,9
2017551701572,1,9,0,13,0,0,0,0,0,0,4,1,2,1,38,7,1198,1,15,9,1,9
2017551701572,2,1,0,18,0,0,0,0,0,0,2,1,6,1,12,3,-1,-1,-1,8,1,8
2017551701573,1,1,0,9,0,5,0,0,0,0,2,1,4,1,13,3,-1,-1,-1,9,1,9
2017551701573,2,9,0,15,0,1,1,0,0,0,1,1,6,1,58,9,-1,-1,-1,5,1,5
2017551701574,1,9,0,18,0,2,0,0,0,0,3,1,6,2,36,7,1240,1,10,5,1,5
2017551701574,2,19,0,18,0,8,0,0,0,0,1,1,6,1,49,8,1248,2,11,5,1,5
2017551701575,1,9,0,18,0,1,0,0,0,0,1,1,6,1,77,11,1499,2,1,5,1,5
2017551701575,2,9,0,3,0,1,0,0,0,0,2,1,6,2,55,8,1399,1,1,7,1,7
2017551701575,3,9,0,3,0,1,0,0,0,0,2,1,6,2,51,8,1229,1,8,6,1,6
2017551701576,1,1,0,18,0,1,0,0,0,0,1,1,2,2,20,4,-1,-1,-1,5,1,5
2017551701576,2,9,0,9,0,1,0,0,0,0,4,1,2,1,70,10,1461,2,-1,8,1,8
2017551701577,1,9,0,9,0,8,0,0,0,0,1,1,6,1,68,10,1991,8,-1,9,1,9
2017551701577,2,1,0,5,0,8,0,0,0,0,4,1,6,1,43,7,-1,-1,-1,7,1,7
2017551701578,1,9,0,7,0,4,0,0,0,0,1,1,6,1,80,11,998,1,3,5,1,5
2017551701578,2,1,0,18,0,8,0,0,0,0,4,1,6,1,69,10,-1,-1,-1,4,1,4
2017551701579,1,9,0,18,0,1,0,0,0,0,1,1,6,2,27,6,1598,1,18,2,1,2
2017551701579,2,9,0,3,0,1,0,0,0,0,2,1,6,1,38,7,2993,2,10,5,1,5
2017551701579,3,9,0,10,0,1,0,0,0,0,2,1,6,2,38,7,1124,1,12,10,1,10
2017551701580,1,9,0,12,0,8,0,0,0,0,0,1,6,3,-1,-1,-1,-1,-1,-1,-1,-1
2017551701580,2,11,0,16,0,8,0,0,0,0,0,1,1,1,27,6,6696,2,1,9,1,9
2017551701581,1,9,0,4,0,0,0,0,0,0,1,1,6,1,53,8,1896,2,14,2,1,2
2017551701581,2,9,0,3,0,0,0,0,0,0,2,1,6,2,43,7,1248,1,5,9,1,9
2017551701582,1,9,0,5,0,0,0,0,0,0,0,1,6,3,-1,-1,1398,1,17,-1,-1,-1
2017551701582,2,11,0,4,0,0,0,0,0,0,0,1,6,1,50,8,-1,-1,-1,8,1,8
2017551701583,1,21,0,18,0,0,0,0,0,0,1,2,1,1,39,7,-1,-1,-1,-1,-1,-1
2017551701583,2,21,0,18,0,0,0,0,0,0,1,1,1,1,42,7,5132,2,-1,6,1,6
2017551701584,1,9,0,5,0,4,0,0,0,0,1,1,6,1,33,6,-1,-1,-1,-1,-1,-1
2017551701584,2,9,0,17,0,8,0,0,0,0,4,1,2,2,25,5,1149,1,19,4,1,4
2017551701585,1,19,0,4,0,1,0,0,0,0,1,1,2,1,30,6,1896,2,13,4,1,4
2017551701585,2,19,4,9,0,1,3,0,0,0,3,1,6,1,60,9,2477,2,8,5,3,5
2017551701586,1,9,0,18,0,0,0,0,1,11,1,1,6,1,19,4,1360,1,11,5,3,5
2017551701587,1,19,0,18,0,0,2,0,7,0,0,1,1,1,29,6,1996,2,5,6,3,6
2017551701588,1,9,0,9,0,6,0,0,0,0,1,1,6,3,-1,-1,1124,1,13,-1,-1,-1
2017551701588,2,9,0,18,0,2,0,0,0,0,3,1,6,2,46,8,1390,1,14,3,1,3
2017551701589,1,9,0,9,0,8,0,0,0,0,1,1,6,2,89,11,1995,1,12,10,1,10
2017551701589,2,1,0,18,0,1,0,0,0,0,1,1,6,1,16,4,-1,-1,-1,8,1,8
2017551701590,1,9,0,17,0,0,0,7,0,0,1,1,6,1,70,10,1461,2,2,10,1,10
2017551701592,1,9,0,12,0,7,0,0,0,0,0,1,2,1,46,8,2979,1,13,4,1,4
2017551701592,2,9,0,18,0,1,0,0,0,0,2,1,2,1,36,7,1998,1,1,9,1,9
2017551701592,3,3,0,18,0,1,1,0,0,0,1,1,6,1,22,5,125,1,-1,5,1,5
2017551701593,1,1,0,18,9,0,0,0,0,0,1,1,6,3,-1,-1,-1,-1,-1,-1,-1,-1
2017551701595,1,5,0,13,0,1,0,0,0,0,1,1,2,1,28,6,600,1,2,5,1,5
2017551701595,2,97,0,9,0,5,0,0,0,0,3,1,2,1,47,8,-1,-1,-1,7,1,7
2017551701596,1,9,0,16,0,0,1,0,8,4,1,1,6,1,27,6,1781,1,30,8,1,8
2017551701596,2,9,0,16,0,0,1,0,8,4,3,1,2,1,35,6,1998,1,14,5,1,5
2017551701597,1,9,0,1,0,6,0,0,0,0,2,1,6,1,83,11,998,1,2,9,1,9
2017551701599,1,19,0,14,0,0,0,0,0,0,1,1,2,1,31,6,1461,2,4,4,1,4
2017551701600,1,9,0,16,0,0,1,0,0,0,1,1,6,1,39,7,1998,1,14,10,1,10
2017551701600,2,9,0,17,0,0,0,0,0,0,1,1,6,1,76,11,3222,2,13,9,1,9
2017551701601,1,9,0,7,0,5,0,0,0,0,1,1,6,1,45,7,2488,1,13,9,1,9
2017551701601,2,9,0,18,0,5,0,0,0,0,2,1,6,2,62,9,1596,1,14,5,1,5
2017551701602,1,9,0,9,0,6,0,0,0,0,0,1,6,1,69,10,1798,1,1,8,1,8
2017551701602,2,9,0,18,0,1,0,0,7,4,1,1,6,1,31,6,3498,1,11,6,2,6
2017551701602,3,9,0,18,0,1,0,0,0,0,1,1,6,2,62,9,1248,2,8,5,2,5
2017551701603,1,3,0,4,0,0,1,0,0,0,1,1,2,1,17,4,124,1,10,3,1,3
2017551701603,2,9,0,4,0,0,0,0,0,0,2,1,6,1,60,9,2720,2,12,7,3,7
2017551701603,3,19,0,18,0,0,0,0,0,0,1,1,2,1,48,8,1995,2,-1,2,1,2
2017551701604,1,9,0,18,0,1,0,0,0,0,1,1,6,1,77,11,998,1,3,6,1,6
2017551701604,2,9,0,10,0,1,0,0,0,0,2,1,6,1,52,8,4398,1,14,7,3,7
2017551701605,1,9,0,10,0,1,0,0,0,0,2,1,6,1,54,8,1995,1,13,5,1,5
2017551701605,2,9,0,18,0,1,0,0,0,0,1,1,6,2,51,8,1149,1,9,8,1,8
2017551701606,1,9,0,4,0,0,0,0,0,0,1,1,6,1,27,6,1598,1,12,7,1,7
2017551701606,2,9,0,3,0,0,0,0,0,0,2,1,2,2,22,5,1198,1,5,8,1,8
2017551701607,1,9,0,18,0,4,0,0,0,0,3,1,6,2,44,7,1796,1,14,7,2,7
2017551701607,2,4,0,9,0,8,0,0,0,0,1,1,6,2,53,8,150,1,59,6,1,6
2017551701608,1,9,0,18,0,0,0,0,0,0,1,1,6,2,63,9,2204,2,8,3,1,3
2017551701608,2,9,0,18,0,0,0,0,0,0,2,1,6,1,56,9,1586,1,1,-1,1,-1
2017551701609,1,9,0,18,0,4,1,0,0,0,1,1,2,1,51,8,-1,-1,-1,9,1,9
2017551701609,2,1,0,17,0,8,0,0,0,0,4,1,2,2,53,8,-1,-1,-1,7,1,7
2017551701611,1,9,0,5,0,1,0,0,0,0,1,1,2,2,37,7,1968,2,8,6,1,6
2017551701611,2,9,0,18,0,1,0,0,0,0,4,1,2,1,33,6,1296,1,9,-1,-1,-1
2017551701612,1,9,0,6,0,0,0,0,0,0,3,1,6,1,27,6,1388,1,14,9,1,9
2017551701612,2,5,0,14,0,0,0,0,0,0,1,1,2,2,37,7,1000,1,9,7,3,7
2017551701613,1,9,0,17,0,1,0,0,0,0,1,1,6,2,81,11,1298,1,15,6,1,6
2017551701614,1,2,0,18,0,1,0,0,0,0,1,1,6,1,16,4,49,1,-1,7,1,7
2017551701614,2,2,0,4,0,1,0,0,0,0,2,1,6,1,16,4,49,1,7,7,1,7
2017551701617,1,9,0,4,0,2,0,0,0,0,1,1,6,1,59,9,1999,1,7,8,1,8
2017551701617,2,22,0,18,0,2,0,0,0,0,3,1,6,2,54,8,-1,-1,-1,4,1,4
2017551701618,1,9,0,18,0,0,0,0,0,0,1,1,6,2,63,9,1461,2,2,6,3,6
2017551701618,2,19,0,18,0,0,0,0,0,0,1,1,1,1,53,8,2198,2,4,7,1,7
2017551701619,1,9,0,2,0,0,0,0,0,0,3,1,6,1,25,5,1461,2,-1,1,1,1
2017551701619,2,1,0,18,0,0,0,0,0,0,1,1,2,2,32,6,-1,-1,-1,2,1,2
2017551701620,1,9,0,18,0,0,0,0,0,0,1,1,6,1,61,9,1596,1,1,5,1,5
2017551701620,2,9,0,18,0,0,0,0,7,0,3,1,6,1,61,9,1968,2,2,8,1,8
2017551701620,3,9,0,18,0,0,0,0,0,0,1,1,6,1,88,11,1395,1,3,7,2,7
2017551701621,1,9,0,18,0,1,0,0,0,0,1,1,6,1,22,5,1360,1,11,10,1,10
2017551701621,2,9,0,10,0,1,0,0,0,0,2,1,6,1,47,8,1968,2,7,5,2,5
2017551701622,1,9,0,18,0,0,1,0,0,0,1,1,6,2,28,6,1598,1,11,8,1,8
2017551701622,2,19,0,4,0,0,1,0,0,0,2,1,1,1,55,8,1995,2,6,-1,-1,-1
2017551701625,1,9,0,7,0,8,0,0,1,1,1,1,4,1,32,6,1998,1,15,1,1,1
2017551701627,1,9,0,18,0,8,0,0,1,1,4,1,6,1,80,11,1360,1,13,7,1,7
2017551701627,2,9,0,9,0,8,0,0,0,0,1,1,2,2,24,5,998,1,7,2,1,2
2017551701629,1,19,0,18,0,0,0,0,0,0,3,1,6,1,24,5,2198,2,10,7,1,7
2017551701629,2,21,0,18,0,0,0,0,0,0,3,1,6,1,56,9,12777,2,1,6,1,6
2017551701630,1,9,0,18,0,1,0,0,0,0,1,1,1,1,46,8,1199,1,17,4,1,4
2017551701630,2,1,0,18,0,1,0,0,0,0,1,1,6,1,20,4,-1,-1,-1,6,1,6
2017551701632,1,19,0,9,0,8,0,0,0,0,1,1,1,1,43,7,2143,2,4,6,1,6
2017551701633,1,9,0,18,0,1,0,4,0,0,1,1,6,1,42,7,1988,1,14,3,3,3
2017551701633,2,9,0,3,0,1,0,0,0,0,2,1,6,1,21,5,1798,1,13,5,1,5
2017551701635,1,9,0,5,0,4,0,0,0,0,3,1,1,1,75,10,1461,2,9,9,1,9