Accident_Index,Vehicle_Reference,Vehicle_Type,Towing_and_Articulation,Vehicle_Manoeuvre,Vehicle_Location-Restricted_Lane,Junction_Location,Skidding_and_Overturning,Hit_Object_in_Carriageway,Vehicle_Leaving_Carriageway,Hit_Object_off_Carriageway,1st_Point_of_Impact,Was_Vehicle_Left_Hand_Drive?,Journey_Purpose_of_Driver,Sex_of_Driver,Age_of_Driver,Age_Band_of_Driver,Engine_Capacity_(CC),Propulsion_Code,Age_of_Vehicle,Driver_IMD_Decile,Driver_Home_Area_Type,Vehicle_IMD_Decile
2017551701833,2,17,0,9,0,5,0,0,0,0,2,1,1,1,46,8,8984,2,3,6,2,6
2017551701835,1,9,0,7,0,8,0,0,1,4,1,1,3,2,67,10,1969,2,1,2,1,2
2017551701836,1,9,0,9,0,1,0,0,0,0,1,1,6,3,-1,-1,-1,-1,-1,-1,-1,-1
2017551701836,2,1,0,18,0,8,0,0,0,0,3,1,6,1,13,3,-1,-1,-1,9,1,9
2017551701838,1,9,0,18,0,8,0,0,0,0,1,1,6,2,35,6,1968,2,6,7,1,7
2017551701838,2,9,0,9,0,8,0,0,0,0,1,1,6,1,18,4,1198,1,11,4,1,4
2017551701839,1,9,0,18,0,0,1,0,0,0,3,1,6,2,20,4,1248,2,7,9,1,9
2017551701839,2,9,0,18,0,0,0,0,7,10,3,1,6,2,46,8,-1,-1,-1,5,3,5
2017551701839,3,9,0,18,0,0,0,0,1,10,3,1,6,1,49,8,1984,1,16,5,3,5
2017551701840,1,19,0,5,0,0,0,0,0,0,3,1,1,1,27,6,2402,2,9,6,1,6
2017551701841,1,9,0,18,0,0,0,0,0,0,1,1,6,2,36,7,1598,1,5,10,1,10
2017551701841,2,9,0,3,0,0,0,0,0,0,2,1,2,2,53,8,998,1,1,5,1,5
2017551701842,1,19,0,9,0,8,0,0,0,0,1,1,1,1,36,7,2402,2,6,2,1,2
2017551701842,2,9,0,18,0,8,0,0,0,0,1,1,6,1,62,9,1390,1,3,5,1,5
2017551701845,1,9,0,12,0,7,0,0,0,0,1,1,6,2,85,11,1388,1,14,7,1,7
2017551701845,2,9,0,18,0,1,5,0,4,0,4,1,6,2,23,5,1242,1,18,4,1,4
2017551701846,1,9,0,18,0,8,0,0,0,0,4,1,6,1,25,5,1598,1,9,3,1,3
2017551701846,2,9,0,18,0,8,0,0,0,0,1,1,6,2,20,4,1339,1,14,7,2,7
2017551701847,1,5,0,18,0,7,0,0,0,0,0,1,6,3,-1,-1,645,1,11,-1,-1,-1
2017551701847,2,4,0,18,0,2,0,0,0,0,0,1,6,1,20,4,600,1,15,5,1,5
2017551701847,3,4,0,18,0,2,0,0,0,0,1,1,6,2,20,4,599,1,7,9,1,9
2017551701847,4,9,0,18,0,2,1,0,0,0,1,1,6,2,25,5,1598,1,12,5,1,5
2017551701847,5,9,0,4,0,2,0,0,0,0,2,1,6,3,-1,-1,-1,-1,-1,-1,-1,-1
2017551701848,1,19,0,18,0,1,0,0,0,0,1,1,6,1,62,9,2143,2,-1,1,1,1
2017551701848,2,19,0,10,0,5,0,0,0,0,2,1,1,1,38,7,2463,2,13,8,1,8
2017551701849,1,9,0,2,0,0,0,0,0,0,3,1,6,1,76,11,1396,1,-1,8,2,8
2017551701849,2,2,0,18,0,0,1,8,0,0,1,1,6,1,16,4,49,1,4,6,2,6
2017551701850,1,9,0,9,0,5,0,0,0,0,4,1,6,2,59,9,1596,1,14,3,1,3
2017551701850,2,3,0,18,0,1,0,0,0,0,1,1,4,2,19,4,124,1,3,4,1,4
2017551701851,1,9,0,4,0,0,0,0,0,0,2,1,6,1,36,7,1968,2,11,7,3,7
2017551701851,2,1,0,18,0,0,0,0,0,0,1,1,6,1,17,4,-1,-1,-1,7,3,7
2017551701852,1,9,0,18,0,8,0,0,0,0,1,1,2,1,24,5,1995,2,11,5,1,5
2017551701852,2,9,0,18,0,8,0,0,0,0,2,1,6,1,57,9,1598,1,20,4,1,4
2017551701852,3,9,0,18,0,8,0,0,0,0,2,1,6,2,27,6,1968,2,7,6,1,6
2017551701853,1,9,0,18,0,0,0,0,0,0,1,1,6,1,64,9,1395,1,-1,9,3,9
2017551701853,2,9,0,4,0,0,0,0,0,0,2,1,6,1,79,11,1461,2,12,7,1,7
2017551701853,3,19,0,4,0,0,0,0,0,0,2,1,1,1,46,8,2143,2,2,6,1,6
2017551701854,1,9,0,4,9,0,0,0,0,0,4,1,2,1,22,5,998,1,1,1,1,1
2017551701854,2,1,0,18,9,0,0,0,0,0,3,1,2,1,30,6,-1,-1,-1,3,1,3
2017551701855,1,9,0,18,0,4,0,0,0,0,1,1,6,1,21,5,1149,1,5,3,1,3
2017551701855,2,2,0,17,0,8,1,0,0,0,4,1,6,1,16,4,49,1,8,9,1,9
2017551701857,1,9,0,18,0,0,0,0,0,0,1,1,6,2,78,11,1910,2,7,5,1,5
2017551701860,1,20,0,18,0,4,0,0,0,0,3,1,6,1,61,9,4500,2,1,2,1,2
2017551701860,2,9,0,17,0,8,0,0,4,0,4,1,6,1,38,7,-1,-1,-1,3,1,3
2017551701864,1,9,0,12,0,8,0,0,0,0,3,1,2,1,26,6,1598,1,12,5,1,5
2017551701864,2,9,0,17,0,3,0,0,0,0,4,1,2,1,29,6,1388,1,15,9,1,9
2017551701865,1,9,0,9,0,6,0,0,0,0,3,1,6,1,50,8,1598,2,2,7,3,7
2017551701865,2,19,0,18,0,1,0,0,0,0,1,1,6,1,56,9,-1,-1,-1,5,2,5
2017551701866,1,9,0,13,0,0,0,0,0,0,1,1,6,2,85,11,1198,1,2,7,1,7
2017551701866,2,1,0,18,0,0,0,0,0,0,2,1,6,1,56,9,-1,-1,-1,6,3,6
2017551701867,1,9,0,4,0,0,0,0,0,0,1,1,6,1,51,8,1988,2,13,3,1,3
2017551701867,2,9,0,4,0,0,0,0,0,0,2,1,6,1,29,6,1390,1,18,8,1,8
2017551701870,1,9,0,4,0,1,0,0,0,0,4,1,6,1,28,6,1796,1,13,10,1,10
2017551701870,2,1,0,18,0,1,0,0,0,0,1,1,6,1,18,4,-1,-1,-1,9,3,9
2017551701871,1,9,0,18,0,0,0,0,0,0,1,1,6,2,24,5,1242,1,4,-1,-1,-1
2017551701872,1,19,0,14,0,1,0,0,0,0,1,1,1,1,51,8,2295,7,12,4,1,4
2017551701872,2,9,0,9,0,1,0,0,0,0,3,1,6,2,31,6,1968,2,5,3,1,3
2017551701873,1,1,0,18,0,1,0,0,0,0,4,1,4,1,13,3,-1,-1,-1,4,1,4
2017551701874,1,9,0,6,0,0,0,10,1,11,1,1,2,2,46,8,1796,1,9,6,1,6
2017551701875,1,9,0,17,0,0,0,10,0,0,1,1,6,2,17,4,1400,1,12,7,3,7
2017551701875,2,9,0,16,0,0,0,0,0,0,1,1,6,1,67,10,1200,1,4,7,2,7
2017551701876,1,9,0,18,0,0,0,0,0,0,4,1,6,3,-1,-1,-1,-1,-1,-1,-1,-1
2017551701878,1,9,0,10,0,5,0,0,0,0,2,1,6,2,40,7,3311,8,10,9,1,9
2017551701878,2,9,0,18,0,1,0,0,0,0,1,1,6,2,82,11,1339,1,12,7,1,7
2017551701878,3,9,0,18,0,1,0,0,0,0,1,1,6,2,33,6,1956,2,2,7,2,7
2017551701879,1,9,0,9,0,5,0,0,0,0,3,1,6,1,65,9,2495,1,15,8,1,8
2017551701881,1,9,0,18,0,8,0,0,7,1,1,1,6,2,29,6,1951,2,12,9,1,9
2017551701881,2,8,0,18,0,8,0,0,0,0,3,1,1,1,43,7,1997,2,1,3,1,3
2017551701882,1,9,0,11,2,1,0,0,0,0,2,1,6,1,92,11,995,1,10,3,1,3
2017551701882,2,1,0,4,2,1,0,0,0,0,1,1,6,1,28,6,-1,-1,-1,5,1,5
2017551701883,1,9,0,18,0,0,2,0,2,10,3,1,6,2,53,8,1998,1,12,7,3,7
2017551701883,2,11,0,18,0,0,0,0,0,0,1,1,3,1,47,8,4250,2,14,7,1,7
2017551701884,1,9,0,9,0,1,0,0,0,0,1,1,6,2,37,7,1598,2,2,8,1,8
2017551701884,2,9,0,4,0,2,0,0,0,0,2,1,6,1,32,6,1969,2,-1,4,1,4
2017551701885,1,3,0,18,0,8,1,0,0,0,0,1,2,1,25,5,49,1,5,9,1,9
2017551701886,1,9,0,9,0,5,0,0,0,0,1,1,6,2,87,11,1386,1,11,9,3,9
2017551701886,2,9,0,16,0,8,0,10,0,0,1,1,6,1,57,9,796,1,15,5,1,5
2017551701887,1,9,0,9,0,8,0,0,0,0,1,1,2,2,24,5,998,1,17,2,1,2
2017551701887,2,3,0,18,0,8,0,0,0,0,1,1,2,1,19,4,124,1,6,5,1,5
2017551701888,1,9,0,16,0,0,1,0,0,0,1,1,6,1,33,6,1596,1,15,8,1,8
2017551701888,2,9,0,17,0,0,0,0,1,0,1,1,6,1,79,11,1390,1,10,4,1,4
2017551701891,1,9,0,7,9,1,0,0,1,11,1,1,6,1,74,10,1582,2,7,3,1,3
2017551701892,1,4,0,17,0,0,1,0,7,9,3,1,6,1,17,4,124,1,-1,5,1,5
2017551701893,1,19,0,1,0,0,0,0,0,0,2,1,1,1,33,6,2402,2,8,8,2,8
2017551701893,2,5,0,3,0,0,0,0,0,0,1,1,6,1,75,10,649,1,1,7,2,7
2017551701896,1,9,0,9,0,4,0,0,0,0,3,1,6,1,65,9,1596,1,11,3,1,3
2017551701896,2,3,0,18,0,8,0,0,0,0,1,1,6,1,22,5,124,1,20,1,1,1
2017551701897,1,9,0,18,0,0,0,0,0,0,1,1,6,3,-1,-1,1997,2,18,-1,-1,-1
2017551701897,2,8,0,18,0,0,1,0,0,0,1,1,1,1,38,7,1968,2,3,7,3,7
2017551701900,1,9,0,18,0,0,0,0,0,0,1,1,6,3,-1,-1,-1,-1,-1,-1,-1,-1
2017551701900,2,1,0,18,0,0,0,0,0,0,4,1,4,1,13,3,-1,-1,-1,1,1,1
2017551701901,1,9,0,7,0,8,0,0,0,0,4,1,1,1,33,6,1686,2,4,5,1,5
2017551701901,2,8,0,18,0,8,0,0,0,0,3,1,1,1,70,10,1560,2,4,9,2,9
2017551701902,1,9,0,18,0,0,0,0,0,0,2,1,6,2,51,8,1360,1,14,6,3,6
2017551701902,2,9,0,18,0,0,0,0,0,0,1,1,6,2,53,8,1198,1,5,6,3,6
2017551701903,1,9,0,18,0,0,0,0,0,0,1,1,6,3,-1,-1,-1,-1,-1,-1,-1,-1
2017551701904,1,3,0,6,0,0,1,0,0,0,3,1,6,1,20,4,125,1,1,7,1,7
2017551701905,1,9,0,18,0,1,0,0,0,0,4,1,6,1,22,5,999,1,-1,4,1,4
2017551701905,2,9,0,18,0,1,0,0,0,0,1,1,6,2,25,5,1461,2,4,10,1,10
2017551701906,1,9,0,6,0,8,0,0,0,0,3,1,6,1,17,4,2393,2,1,4,3,4
2017551701906,2,2,0,18,0,8,0,0,0,0,1,1,1,1,26,6,49,1,10,1,1,1
2017551701907,1,9,0,18,0,8,0,0,0,0,1,1,6,1,21,5,1242,1,20,10,1,10
2017551701907,2,9,0,18,0,8,0,0,0,0,3,1,2,2,26,6,1388,1,6,5,1,5
2017551701908,1,9,0,18,0,1,0,0,0,0,1,1,6,1,67,10,1360,1,13,5,1,5
2017551701909,1,9,0,18,0,0,0,0,0,0,1,1,6,3,-1,-1,-1,-1,-1,-1,-1,-1
2017551701909,2,1,0,18,0,0,0,0,0,0,3,1,6,1,56,9,-1,-1,-1,2,1,2
2017551701911,1,9,0,18,0,0,1,0,0,0,1,1,2,2,23,5,1229,1,2,4,1,4
2017551701911,2,9,0,3,0,0,0,0,0,0,2,1,2,1,55,8,1396,1,16,4,1,4
2017551701911,3,9,0,2,0,0,0,0,0,0,0,1,2,1,24,5,1043,1,24,8,1,8
2017551701912,1,9,0,5,0,1,0,0,0,0,1,1,6,2,64,9,1343,1,22,6,1,6
2017551701912,2,9,0,18,0,1,0,0,0,0,4,1,6,2,19,4,1149,1,14,2,1,2
2017551701914,1,9,0,18,0,0,0,0,0,0,1,1,6,1,36,7,1598,1,14,3,1,3
2017551701914,2,9,0,2,0,0,0,0,0,0,1,1,6,3,-1,-1,1956,2,2,-1,-1,-1
2017551701914,3,9,0,2,0,0,0,0,0,0,1,1,6,3,-1,-1,1198,1,4,-1,-1,-1
2017551701915,1,9,0,9,0,8,0,0,0,0,1,1,2,1,35,6,1753,2,10,6,1,6
2017551701915,2,9,0,18,0,8,0,0,0,0,1,1,2,1,51,8,1968,2,1,7,1,7
2017551701917,1,9,0,9,0,8,0,0,0,0,1,1,2,1,39,7,1753,2,13,4,1,4
2017551701917,2,1,0,18,0,8,0,0,0,0,1,1,2,1,51,8,-1,-1,-1,7,1,7
2017551701918,1,9,0,17,0,0,0,0,2,4,1,1,2,2,34,6,1390,1,4,8,1,8
2017551701919,1,9,0,18,0,1,0,0,0,0,0,1,6,1,50,8,1560,2,4,8,1,8
2017551701920,1,9,0,6,0,2,0,10,1,2,1,1,2,2,52,8,1149,1,7,3,1,3
2017551701921,1,9,0,9,9,6,0,2,7,11,1,1,6,1,70,10,1998,1,-1,10,1,10
2017551701923,1,9,0,18,0,0,0,0,0,0,1,1,2,1,30,6,1299,1,14,10,1,10
2017551701923,2,9,0,4,0,0,0,0,0,0,2,1,2,1,56,9,2979,1,10,9,3,9
2017551701924,1,9,0,9,0,6,0,0,7,0,3,1,6,2,34,6,1598,1,10,6,3,6
2017551701924,2,19,0,18,0,1,0,0,0,0,1,1,1,2,44,7,1995,2,1,6,3,6
2017551701925,1,9,0,9,0,6,0,0,0,0,1,1,6,2,33,6,998,1,3,8,1,8
2017551701925,2,1,0,18,0,1,0,0,0,0,1,1,6,1,68,10,-1,-1,-1,10,1,10
2017551701927,1,9,0,14,0,0,0,0,0,0,4,1,6,2,45,7,1197,1,2,6,1,6
2017551701929,1,19,0,18,0,0,0,0,0,0,1,1,6,2,59,9,1870,2,11,2,1,2
2017551701929,2,9,0,4,0,0,0,0,0,0,2,1,6,1,21,5,1124,1,13,10,1,10
2017551701929,3,9,0,4,0,0,0,0,0,0,2,1,6,1,20,4,998,1,4,10,1,10
2017551701930,1,9,0,16,0,0,0,0,0,0,1,1,6,2,33,6,1400,2,12,5,1,5
2017551701930,2,9,0,17,0,0,0,0,0,0,3,1,6,1,26,6,1995,1,14,5,1,5
2017551701931,1,9,0,18,0,1,0,0,0,0,1,1,6,1,22,5,1124,1,12,5,1,5
2017551701931,2,9,0,3,0,1,0,0,0,0,2,1,6,2,54,8,996,1,7,7,1,7
2017551701931,3,8,0,3,0,1,0,0,0,0,2,1,6,1,45,7,1968,2,2,4,1,4
2017551701932,1,19,0,18,0,0,0,0,0,0,1,1,6,3,-1,-1,1995,2,-1,-1,-1,-1
2017551701932,2,9,0,4,0,0,0,0,0,0,2,1,6,2,65,9,1598,2,7,10,1,10
2017551701933,1,9,0,18,0,0,0,0,0,0,1,1,6,2,35,6,1398,1,1,10,1,10
2017551701933,2,9,0,18,0,0,0,0,0,0,4,1,2,2,37,7,2000,1,8,8,1,8
2017551701934,1,9,0,18,0,1,0,0,0,0,1,1,6,2,22,5,1360,1,11,8,1,8
2017551701934,2,9,0,9,0,1,0,0,0,0,2,1,6,2,27,6,1598,1,7,8,1,8
2017551701935,1,9,0,18,0,8,0,0,0,0,1,1,6,2,42,7,1560,2,8,4,1,4
2017551701935,2,9,0,13,0,6,0,0,0,0,2,1,6,2,32,6,1398,1,1,7,2,7
2017551701936,1,9,0,9,0,6,0,0,0,0,3,1,2,1,60,9,1984,1,21,7,1,7
2017551701936,2,9,0,18,0,8,0,0,0,0,1,1,6,2,57,9,2993,2,7,8,1,8
2017551701937,1,9,0,18,0,0,1,0,1,4,3,1,6,2,18,4,1364,2,12,6,3,6
2017551701938,1,9,0,7,0,4,0,0,0,0,1,1,6,3,-1,-1,-1,-1,-1,-1,-1,-1
2017551701938,2,3,0,17,0,8,1,0,0,0,0,1,2,1,21,5,124,1,3,5,1,5
2017551701939,1,19,0,14,0,0,0,0,0,0,1,1,2,1,27,6,1870,2,11,1,1,1
2017551701940,1,9,0,9,0,0,0,0,0,0,3,1,6,1,25,5,1198,1,5,6,3,6
2017551701940,2,9,0,18,0,0,0,0,7,11,1,1,1,1,29,6,1229,1,12,6,1,6
2017551701940,3,9,0,2,0,0,0,0,0,0,3,1,6,3,-1,-1,1968,2,8,-1,-1,-1
2017551701941,1,9,0,18,0,0,5,4,0,0,4,1,6,1,69,10,1497,8,3,9,1,9
2017551701941,2,9,0,2,0,0,0,0,0,0,4,1,6,3,-1,-1,1349,1,9,-1,-1,-1
2017551701942,1,9,0,18,0,1,0,0,0,0,1,1,6,1,27,6,1896,2,15,6,2,6
2017551701942,2,9,0,9,0,5,0,0,0,0,4,1,6,1,61,9,1496,1,2,6,3,6
2017551701942,3,9,0,18,0,1,0,0,0,0,3,1,6,1,26,6,999,1,1,7,3,7
2017551701943,1,3,0,17,0,0,1,0,0,0,1,1,2,1,23,5,125,1,1,9,1,9
2017551701943,2,9,0,17,0,0,0,0,0,0,2,1,2,1,55,8,-1,-1,-1,9,2,9
2017551701946,1,8,0,9,0,6,0,0,0,0,3,1,1,1,37,7,1968,2,1,5,1,5
2017551701946,2,1,0,18,0,1,0,0,0,0,4,1,2,1,24,5,-1,-1,-1,5,1,5
2017551701947,1,9,0,18,0,0,0,0,0,0,1,1,6,1,65,9,1799,1,10,5,2,5
2017551701948,1,19,0,18,0,0,0,0,0,0,3,1,6,3,-1,-1,1995,2,-1,-1,-1,-1
2017551701948,2,8,0,18,0,0,0,0,0,0,3,1,1,1,53,8,1560,2,9,9,1,9
2017551701949,1,1,0,18,0,1,0,0,0,0,3,1,6,1,18,4,-1,-1,-1,8,2,8
2017551701949,2,19,0,18,0,1,0,0,0,0,1,1,2,1,70,10,2151,2,14,6,2,6
2017551701950,1,9,0,18,0,1,0,0,0,0,1,1,6,1,83,11,1951,2,13,-1,1,-1
2017551701950,2,9,0,3,0,1,0,0,0,0,2,1,6,2,64,9,1242,1,3,6,3,6
2017551701951,1,9,0,4,0,1,1,0,0,0,1,1,2,1,20,4,1422,2,8,1,1,1
2017551701951,2,9,0,17,0,1,0,0,0,0,1,1,2,1,48,8,3179,1,12,7,1,7
2017551701952,1,1,0,18,0,8,0,0,0,0,4,1,6,1,24,5,-1,-1,-1,4,1,4
2017551701952,2,9,0,18,0,8,0,0,0,0,1,1,1,2,57,9,1198,1,7,6,1,6
2017551701954,1,9,0,18,0,0,0,0,7,11,1,1,6,1,81,11,1998,1,11,7,3,7
2017551701955,1,8,0,1,6,0,0,0,0,0,2,1,1,1,55,8,1597,2,-1,5,1,5
2017551701956,1,19,0,17,0,1,0,0,0,0,1,1,6,1,53,8,2494,2,15,10,1,10
2017551701956,2,1,0,10,0,1,0,0,0,0,3,1,6,1,33,6,-1,-1,-1,6,1,6
2017551701956,3,1,0,10,0,1,0,0,0,0,1,1,6,2,27,6,-1,-1,-1,7,1,7
2017551701957,1,9,0,4,0,0,0,0,0,0,1,1,6,2,23,5,1360,1,8,9,1,9
2017551701957,2,9,0,3,0,0,0,0,0,0,2,1,6,2,45,7,1997,1,15,7,1,7
2017551701958,1,9,0,5,0,4,0,0,0,0,1,1,6,2,53,8,1399,1,-1,10,1,10
2017551701958,2,1,0,18,0,8,0,0,0,0,2,1,6,1,59,9,-1,-1,-1,8,1,8
2017551701959,1,9,0,9,0,6,0,0,0,0,1,1,1,1,40,7,1995,2,2,5,1,5
2017551701959,2,2,0,13,0,8,0,0,0,0,1,1,2,1,22,5,49,1,11,1,1,1
2017551701960,1,9,0,14,0,0,0,0,0,0,1,1,3,2,24,5,1398,1,3,4,1,4
2017551701961,1,9,0,18,0,0,0,0,0,0,1,1,6,1,39,7,3628,2,8,7,1,7
2017551701961,2,9,0,4,0,0,0,0,0,0,2,1,6,1,38,7,1390,1,8,9,1,9
2017551701962,1,9,0,7,0,4,0,0,0,0,1,1,6,1,57,9,1200,1,2,3,1,3
2017551701962,2,1,0,18,0,8,0,0,0,0,4,1,6,1,53,8,-1,-1,-1,8,1,8
2017551701963,1,9,0,18,0,0,0,4,0,0,4,1,6,1,83,11,1000,1,17,8,1,8
2017551701963,2,9,0,2,0,0,0,0,0,0,4,1,6,2,27,6,875,1,3,2,1,2
2017551701964,1,9,0,18,0,0,0,0,0,0,1,1,6,1,18,4,999,1,-1,10,1,10
2017551701964,2,9,0,4,0,0,0,0,0,0,2,1,2,1,25,5,1995,2,3,10,1,10
2017551701965,1,9,0,18,0,0,0,0,0,0,1,1,6,2,89,11,1497,1,13,9,1,9
2017551701965,2,1,0,18,0,0,0,0,0,0,3,1,6,1,15,3,-1,-1,-1,8,3,8
2017551701967,1,9,0,9,0,6,0,0,0,0,3,1,1,1,49,8,1896,2,7,8,1,8
2017551701967,2,3,0,18,0,1,0,0,0,0,1,1,2,1,22,5,125,1,4,3,1,3
2017551701969,1,9,0,18,0,1,0,0,0,0,1,1,6,1,82,11,1368,1,6,9,1,9
2017551701969,2,9,0,3,0,1,0,0,0,0,2,1,6,1,70,10,1395,1,4,9,1,9
2017551701969,3,9,0,3,0,1,0,0,0,0,2,1,6,1,46,8,2495,2,14,5,1,5
2017551701970,1,3,0,4,0,0,1,0,0,0,4,1,6,2,24,5,-1,-1,-1,3,1,3
2017551701971,1,9,0,13,0,0,2,10,7,9,4,1,2,1,25,5,1794,1,15,7,1,7
2017551701971,2,9,0,18,0,0,0,0,0,0,0,1,6,1,60,9,1999,2,1,7,3,7
2017551701972,1,9,0,18,0,0,0,4,0,0,1,1,6,2,72,10,1390,1,14,6,1,6
2017551701972,2,20,0,2,0,0,0,0,0,0,3,1,6,3,-1,-1,-1,-1,-1,-1,-1,-1
2017551701973,1,9,0,17,0,0,1,0,0,0,1,1,6,2,26,6,1360,1,13,8,1,8
2017551701973,2,9,0,18,0,0,0,0,0,0,1,1,6,1,37,7,1968,2,1,3,1,3
2017551701974,1,9,0,18,0,0,0,0,0,0,1,1,6,3,-1,-1,-1,-1,-1,-1,-1,-1
2017551701974,2,9,0,18,0,0,0,0,0,0,3,1,6,1,24,5,1896,2,16,7,1,7
2017551701976,1,11,0,18,0,0,1,0,0,0,0,1,1,1,33,6,7300,2,5,7,1,7
2017551701977,1,9,0,17,0,0,0,0,0,0,1,1,6,1,27,6,2171,1,16,2,1,2
2017551701977,2,9,0,16,0,0,0,0,0,0,1,1,6,1,77,11,1360,1,6,8,1,8
2017551701977,3,9,0,16,0,0,0,0,0,0,1,1,6,1,63,9,1389,1,13,6,1,6
2017551701978,1,19,0,16,0,0,0,0,0,0,3,1,1,2,44,7,1248,2,4,5,1,5
2017551701978,2,9,0,17,0,0,0,0,0,0,3,1,2,2,54,8,1461,2,5,8,2,8
2017551701979,1,9,0,18,0,1,0,0,0,0,1,1,6,1,65,9,1299,1,16,7,3,7
2017551701979,2,9,0,4,0,2,0,0,0,0,2,1,6,2,66,10,2179,2,5,7,3,7
2017551701980,1,5,0,13,0,2,0,0,0,0,0,1,6,1,20,4,656,1,9,6,3,6
2017551701980,2,9,0,13,0,1,0,0,0,0,0,1,6,1,41,7,1598,2,6,5,1,5
2017551701981,1,11,0,9,0,6,0,0,0,0,1,1,1,1,63,9,7300,2,12,2,1,2
2017551701981,2,9,0,4,0,1,0,0,0,0,4,1,6,1,68,10,1299,1,12,7,3,7
2017551701982,1,9,0,18,0,0,0,0,0,0,1,1,2,2,22,5,1229,1,2,9,1,9
2017551701982,2,9,0,5,0,0,0,0,0,0,2,1,6,1,66,10,1968,2,7,10,1,10
2017551701983,1,9,0,9,0,6,0,0,0,0,1,1,6,2,18,4,1388,1,12,2,1,2
2017551701983,2,9,0,18,0,2,0,0,0,0,1,1,6,1,49,8,4701,1,18,3,1,3
2017551701985,1,19,0,5,0,4,0,0,0,0,1,1,6,1,47,8,1598,2,-1,6,1,6
2017551701985,2,1,0,18,0,8,0,0,0,0,4,1,6,2,33,6,-1,-1,-1,6,1,6
2017551701986,1,9,0,5,0,0,0,11,0,0,4,1,6,2,85,11,1299,1,19,10,1,10
2017551701986,2,90,0,2,0,0,0,0,0,0,0,1,6,1,68,10,7146,2,3,3,1,3
2017551701987,1,11,0,2,0,0,0,0,0,0,0,1,1,1,24,5,3900,2,12,1,1,1
2017551701988,1,9,0,9,0,6,0,0,0,0,1,1,6,3,-1,-1,-1,-1,-1,-1,-1,-1
2017551701988,2,9,0,18,0,8,1,10,1,0,4,1,6,2,23,5,1242,1,6,5,1,5
2017551701989,1,5,0,6,0,0,0,0,0,0,3,1,6,1,51,8,1043,1,4,9,1,9
2017551701990,1,9,0,4,0,0,2,0,0,0,1,1,6,1,29,6,2143,12,-1,8,1,8
2017551701990,2,9,0,4,0,0,0,0,0,0,1,1,6,2,51,8,2500,2,33,7,3,7
2017551701991,1,9,0,18,0,0,0,0,0,0,1,1,6,2,36,7,1390,1,15,7,1,7
2017551701992,1,9,0,18,0,0,0,0,0,0,3,1,6,2,77,11,1149,1,18,10,1,10
2017551701993,1,11,0,2,6,0,0,0,0,0,0,1,1,1,46,8,7300,2,5,4,1,4
2017551701994,1,9,0,7,0,4,0,0,0,0,1,1,2,1,38,7,1896,2,14,2,1,2
2017551701994,2,1,0,18,0,8,0,0,0,0,2,1,2,1,44,7,-1,-1,-1,4,1,4
2017551701995,1,9,0,4,0,1,0,0,0,0,1,1,6,2,34,6,2993,2,10,4,1,4
2017551701995,2,9,0,3,0,1,0,0,0,0,2,1,6,2,17,4,1368,1,8,5,1,5
2017551701997,1,9,0,17,0,0,1,0,0,0,4,1,6,2,60,9,1400,2,11,8,2,8
2017551701997,2,3,0,16,0,0,0,0,0,0,1,1,6,1,35,6,123,1,1,6,3,6
2017551701999,1,9,0,18,0,1,0,0,0,0,1,1,6,2,40,7,1968,2,10,9,3,9
2017551701999,2,9,0,18,0,1,0,0,0,0,2,1,2,2,25,5,1398,1,-1,8,1,8
2017551702000,1,19,0,5,0,2,2,0,0,0,3,1,2,1,31,6,1870,2,16,9,3,9
2017551702000,2,9,0,18,0,8,1,0,0,0,1,1,2,1,49,8,1997,1,16,8,1,8
2017551702002,1,9,0,18,0,0,0,0,0,0,1,1,6,3,-1,-1,-1,-1,-1,-1,-1,-1
2017551702002,2,9,0,2,0,0,0,0,0,0,4,1,6,2,31,6,2143,2,2,7,1,7
2017551702003,1,9,0,17,0,0,2,0,0,0,1,1,6,1,20,4,1149,1,8,-1,1,-1
2017551702004,1,9,0,17,0,0,0,0,0,0,1,1,6,2,29,6,1968,2,11,9,2,9
2017551702004,2,9,0,16,0,0,1,0,0,0,1,1,6,1,56,9,-1,-1,-1,5,1,5
2017551702005,1,9,0,18,0,1,0,0,0,0,1,1,6,1,32,6,-1,-1,-1,5,1,5
2017551702005,2,9,0,3,0,1,0,0,0,0,2,1,6,1,17,4,998,1,-1,9,3,9
2017551702006,1,19,0,6,0,0,0,0,0,0,1,1,1,1,33,6,2198,2,2,3,1,3
2017551702006,2,9,0,18,0,0,0,0,0,0,1,1,6,2,30,6,998,1,12,7,1,7
2017551702007,1,19,0,18,0,1,1,0,5,6,3,1,6,1,22,5,1998,2,11,7,3,7
2017551702007,2,9,0,7,0,6,0,0,0,0,0,1,6,3,-1,-1,-1,-1,-1,-1,-1,-1
2017551702008,1,9,0,18,0,0,0,0,0,0,1,1,6,1,57,9,1200,1,1,3,1,3
2017551702008,2,9,0,4,0,0,0,0,0,0,2,1,6,2,77,11,1399,1,9,7,1,7
2017551702008,3,9,0,4,0,0,0,0,0,0,2,1,6,1,30,6,1349,1,8,5,1,5