Accident_Index,Vehicle_Reference,Vehicle_Type,Towing_and_Articulation,Vehicle_Manoeuvre,Vehicle_Location-Restricted_Lane,Junction_Location,Skidding_and_Overturning,Hit_Object_in_Carriageway,Vehicle_Leaving_Carriageway,Hit_Object_off_Carriageway,1st_Point_of_Impact,Was_Vehicle_Left_Hand_Drive?,Journey_Purpose_of_Driver,Sex_of_Driver,Age_of_Driver,Age_Band_of_Driver,Engine_Capacity_(CC),Propulsion_Code,Age_of_Vehicle,Driver_IMD_Decile,Driver_Home_Area_Type,Vehicle_IMD_Decile
201760V004414,2,9,0,18,0,1,5,0,0,0,0,1,6,1,45,7,-1,-1,-1,-1,-1,-1
201760V004669,1,9,0,18,0,0,0,0,0,0,1,1,6,1,-1,-1,-1,-1,-1,-1,-1,-1
201760V004669,2,9,0,4,0,0,0,0,0,0,2,1,6,2,-1,-1,-1,-1,-1,-1,-1,-1
201760V004811,1,9,0,14,0,0,0,0,0,0,3,1,1,1,27,6,-1,-1,-1,-1,-1,-1
201760V004812,1,98,0,16,0,0,2,0,7,11,3,1,1,1,59,9,-1,-1,-1,-1,-1,-1
201760V005081,1,10,0,18,0,6,0,0,0,0,1,1,1,1,60,9,-1,-1,-1,-1,-1,-1
201760V005081,2,9,0,18,0,1,0,0,0,0,4,1,1,1,22,5,-1,-1,-1,-1,-1,-1
201760V005312,1,9,0,4,0,0,1,0,0,0,1,1,2,2,40,7,-1,-1,-1,-1,-1,-1
201760V005312,2,9,0,4,0,0,1,0,0,0,2,1,2,2,-1,-1,-1,-1,-1,-1,-1,-1
201760V005312,3,9,0,4,0,0,1,0,1,9,2,1,2,1,-1,-1,-1,-1,-1,-1,-1,-1
201760V005312,4,9,0,4,0,0,1,0,0,0,2,1,2,2,-1,-1,-1,-1,-1,-1,-1,-1
201760V005312,5,9,0,4,0,0,1,0,7,9,3,1,2,1,59,9,-1,-1,-1,-1,-1,-1
201760V005675,1,9,0,18,0,1,0,0,0,0,1,1,6,1,24,5,-1,-1,-1,-1,-1,-1
201760V005675,2,9,0,8,0,1,0,0,0,0,2,1,6,1,56,9,-1,-1,-1,-1,-1,-1
201760V005699,1,9,0,18,0,0,0,0,0,0,1,1,6,1,48,8,-1,-1,-1,-1,-1,-1
201760V005701,1,19,0,18,0,1,0,0,0,0,0,1,1,1,-1,-1,-1,-1,-1,-1,-1,-1
201760V005701,2,9,0,18,0,1,0,0,0,0,1,1,6,1,83,11,-1,-1,-1,-1,-1,-1
201760V005934,1,8,0,18,0,0,1,10,7,4,3,1,1,1,36,7,-1,-1,-1,-1,-1,-1
201760V006725,1,17,0,17,0,0,1,0,0,0,1,1,6,1,19,4,-1,-1,-1,-1,-1,-1
201760V006725,2,9,0,16,0,0,0,0,0,0,1,1,6,2,44,7,-1,-1,-1,-1,-1,-1
201760V006796,1,9,0,9,0,8,0,0,0,0,1,1,1,1,37,7,-1,-1,-1,-1,-1,-1
201760V006907,1,9,0,17,0,0,5,0,2,10,4,1,2,2,19,4,-1,-1,-1,-1,-1,-1
201760V007325,1,9,0,5,0,4,0,0,0,0,3,1,6,1,28,6,-1,-1,-1,-1,-1,-1
201760V007325,2,9,0,12,0,3,0,0,0,0,1,1,6,1,55,8,-1,-1,-1,-1,-1,-1
201760V007621,1,9,0,18,0,0,0,0,0,0,1,1,6,1,23,5,-1,-1,-1,-1,-1,-1
201760V007621,2,17,0,18,0,0,0,0,0,0,1,1,1,1,58,9,-1,-1,-1,-1,-1,-1
201760V007646,1,9,0,18,0,1,0,0,0,0,4,1,3,1,34,6,-1,-1,-1,-1,-1,-1
201760V007647,1,9,0,18,0,0,0,0,1,11,1,1,2,1,34,6,-1,-1,-1,-1,-1,-1
201760V007712,1,9,0,13,0,0,0,0,0,0,4,1,6,3,-1,-1,-1,-1,-1,-1,-1,-1
201760V007712,2,1,0,18,0,0,0,0,0,0,3,1,6,1,51,8,-1,-1,-1,-1,-1,-1
201760V007940,1,9,0,18,0,1,0,0,0,0,1,1,6,1,54,8,-1,-1,-1,-1,-1,-1
201760V008103,1,9,0,18,0,1,0,0,0,0,1,1,6,2,60,9,-1,-1,-1,-1,-1,-1
201760V008103,2,9,0,7,0,5,0,0,0,0,4,1,6,1,67,10,-1,-1,-1,-1,-1,-1
201760V008175,1,9,0,9,0,1,0,0,0,0,4,1,1,2,23,5,-1,-1,-1,-1,-1,-1
201760V008175,2,9,0,18,0,1,0,0,0,0,1,1,1,2,21,5,-1,-1,-1,-1,-1,-1
201760V008180,1,9,0,9,0,8,0,0,0,0,1,1,6,1,72,10,-1,-1,-1,-1,-1,-1
201760V008180,2,9,0,18,0,1,0,0,0,0,4,1,6,2,64,9,-1,-1,-1,-1,-1,-1
201760V008321,1,9,0,18,0,4,0,0,0,0,1,1,2,2,54,8,-1,-1,-1,-1,-1,-1
201760V008321,2,1,0,18,0,8,0,0,0,0,4,1,2,1,30,6,-1,-1,-1,-1,-1,-1
201760V009031,1,9,0,18,0,1,0,0,0,0,1,1,6,1,30,6,-1,-1,-1,-1,-1,-1
201760V009031,2,9,0,10,0,1,0,0,0,0,2,1,6,1,18,4,-1,-1,-1,-1,-1,-1
201760V009031,3,9,0,7,0,1,0,0,0,0,1,1,6,1,34,6,-1,-1,-1,-1,-1,-1
201760V009102,1,9,0,18,0,2,0,0,0,0,1,1,6,1,19,4,-1,-1,-1,-1,-1,-1
201760V009379,1,21,1,16,0,0,5,0,0,0,4,1,1,1,36,7,-1,-1,-1,-1,-1,-1
201760V009533,1,98,0,5,0,0,0,0,0,0,1,1,1,1,67,10,-1,-1,-1,-1,-1,-1
201760V009533,2,10,0,18,0,0,0,0,0,0,3,1,6,1,37,7,-1,-1,-1,-1,-1,-1
201760V009544,1,9,0,18,0,2,0,0,0,0,1,1,6,2,22,5,-1,-1,-1,-1,-1,-1
201760V009544,2,17,0,18,0,1,0,0,0,0,1,1,1,1,22,5,-1,-1,-1,-1,-1,-1
201760V009631,1,3,0,16,0,0,1,0,0,0,4,1,6,1,48,8,-1,-1,-1,-1,-1,-1
201760V009639,1,9,0,4,0,0,0,0,0,0,1,1,6,2,24,5,-1,-1,-1,-1,-1,-1
201760V009639,2,9,0,4,0,0,0,0,0,0,2,1,6,1,49,8,-1,-1,-1,-1,-1,-1
201760V009639,3,9,0,3,0,0,0,0,0,0,2,1,6,2,30,6,-1,-1,-1,-1,-1,-1
201760V009707,1,9,0,18,0,0,0,0,0,0,1,1,6,1,32,6,-1,-1,-1,-1,-1,-1
201760V009707,2,9,4,2,0,0,0,0,0,0,1,1,6,1,62,9,-1,-1,-1,-1,-1,-1
201760V009707,3,9,0,2,0,0,0,0,0,0,1,1,6,1,28,6,-1,-1,-1,-1,-1,-1
201760V009707,4,9,0,2,0,0,0,0,0,0,2,1,6,3,-1,-1,-1,-1,-1,-1,-1,-1
201760V009840,1,9,0,18,0,0,0,0,0,0,4,1,6,3,-1,-1,-1,-1,-1,-1,-1,-1
201760V010337,1,9,0,18,0,1,0,4,0,0,4,1,2,2,19,4,-1,-1,-1,-1,-1,-1
201760V010337,2,21,0,2,0,1,0,0,0,0,3,1,1,1,33,6,-1,-1,-1,-1,-1,-1
201760V010482,1,11,0,5,8,6,0,0,0,0,1,1,1,1,52,8,-1,-1,-1,-1,-1,-1
201760V010562,1,10,0,18,0,1,1,0,0,0,1,1,6,1,51,8,-1,-1,-1,-1,-1,-1
201760V010562,2,9,0,9,0,6,0,0,0,0,4,1,6,1,30,6,-1,-1,-1,-1,-1,-1
201760V010941,1,9,0,5,0,6,0,0,0,0,1,1,2,1,44,7,-1,-1,-1,-1,-1,-1
201760V010941,2,1,0,18,0,1,0,0,0,0,4,1,6,1,46,8,-1,-1,-1,-1,-1,-1
201760V010995,1,9,0,16,0,0,0,0,0,0,1,1,6,1,23,5,-1,-1,-1,-1,-1,-1
201760V010995,2,98,0,17,0,0,0,0,0,0,3,1,6,1,42,7,-1,-1,-1,-1,-1,-1
201760V011019,1,11,0,4,0,1,0,0,0,0,0,1,3,1,-1,-1,-1,-1,-1,-1,-1,-1
201760V011102,1,9,0,4,9,5,0,0,0,0,1,1,6,3,-1,-1,-1,-1,-1,-1,-1,-1
201760V011239,1,9,0,18,0,0,0,0,0,0,4,1,1,2,26,6,-1,-1,-1,-1,-1,-1
201760V011239,2,9,0,2,0,0,0,0,0,0,0,1,6,2,49,8,-1,-1,-1,-1,-1,-1
201760V011243,1,4,0,4,0,1,2,0,0,0,4,1,2,1,24,5,-1,-1,-1,-1,-1,-1
201760V011345,1,3,0,18,0,0,0,10,1,0,4,1,6,1,22,5,-1,-1,-1,-1,-1,-1
201760V011345,2,9,0,18,0,0,0,0,0,0,0,1,1,1,35,6,-1,-1,-1,-1,-1,-1
201760V011358,1,9,0,14,0,1,0,0,0,0,1,1,2,1,50,8,-1,-1,-1,-1,-1,-1
201760V011358,2,21,0,18,0,1,0,0,0,0,1,1,1,1,55,8,-1,-1,-1,-1,-1,-1
201760V011358,3,9,0,10,0,1,0,0,0,0,0,1,1,1,50,8,-1,-1,-1,-1,-1,-1
201760V011434,1,17,0,18,0,0,5,12,7,0,3,1,1,1,83,11,-1,-1,-1,-1,-1,-1
201760V011442,1,9,0,13,0,1,0,0,0,0,1,1,6,1,51,8,-1,-1,-1,-1,-1,-1
201760V011442,2,9,0,9,0,5,0,0,0,0,3,1,6,2,62,9,-1,-1,-1,-1,-1,-1
201760V011780,1,9,0,16,0,0,0,0,0,0,4,1,6,1,46,8,-1,-1,-1,-1,-1,-1
201760V011883,1,9,0,18,0,1,0,10,1,7,4,1,6,2,80,11,-1,-1,-1,-1,-1,-1
201760V011887,1,9,0,18,0,0,1,0,0,0,1,1,1,1,23,5,-1,-1,-1,-1,-1,-1
201760V011887,2,9,0,18,0,0,1,0,0,0,1,1,1,1,26,6,-1,-1,-1,-1,-1,-1
201760V012000,1,21,0,7,0,5,0,0,0,0,2,1,1,1,55,8,-1,-1,-1,-1,-1,-1
201760V012000,2,9,0,18,0,1,0,0,0,0,3,1,6,1,19,4,-1,-1,-1,-1,-1,-1
201760V012000,3,9,0,3,0,1,0,0,0,0,3,1,6,1,25,5,-1,-1,-1,-1,-1,-1
201760V012006,1,2,0,4,0,0,2,0,0,0,0,1,2,1,26,6,-1,-1,-1,-1,-1,-1
201760V012110,1,9,0,18,0,1,0,0,0,0,1,1,3,2,25,5,-1,-1,-1,-1,-1,-1
201760V012126,1,9,0,9,0,6,0,0,1,0,1,1,6,2,33,6,-1,-1,-1,-1,-1,-1
201760V012126,2,19,0,18,0,1,0,0,0,0,1,1,1,1,51,8,-1,-1,-1,-1,-1,-1
201760V012333,1,9,0,12,0,0,0,0,0,0,1,1,6,1,62,9,-1,-1,-1,-1,-1,-1
201760V012333,2,9,0,18,0,0,0,0,0,0,2,1,6,1,48,8,-1,-1,-1,-1,-1,-1
201760V012406,1,9,0,11,0,1,0,0,0,0,1,1,6,3,-1,-1,-1,-1,-1,-1,-1,-1
201760V012406,2,9,0,8,0,1,0,0,0,0,2,1,6,1,49,8,-1,-1,-1,-1,-1,-1
201760V012406,3,9,0,18,0,1,0,0,0,0,2,1,6,1,42,7,-1,-1,-1,-1,-1,-1
201760V012420,1,9,0,18,0,1,0,0,0,0,1,1,2,1,63,9,-1,-1,-1,-1,-1,-1
201760V012420,2,9,0,9,0,6,0,0,0,0,1,1,6,2,60,9,-1,-1,-1,-1,-1,-1
201760V013080,1,9,0,16,0,0,0,0,0,0,1,1,6,2,25,5,-1,-1,-1,-1,-1,-1
201760V013080,2,9,0,17,0,0,0,0,0,0,1,1,6,1,44,7,-1,-1,-1,-1,-1,-1
201760V013654,1,9,0,18,0,1,0,0,0,0,1,1,6,1,46,8,-1,-1,-1,-1,-1,-1
201760V013654,2,9,0,3,0,1,0,0,0,0,2,1,6,1,40,7,-1,-1,-1,-1,-1,-1
201760V013770,1,9,0,16,0,0,0,0,0,0,1,1,2,1,21,5,-1,-1,-1,-1,-1,-1
201760V013770,2,9,0,2,0,0,0,0,0,0,1,1,6,1,28,6,-1,-1,-1,-1,-1,-1
201760V013770,3,9,0,2,0,0,0,0,0,0,1,1,6,2,52,8,-1,-1,-1,-1,-1,-1
201760V014123,1,9,0,9,0,2,0,0,0,0,1,1,6,1,33,6,-1,-1,-1,-1,-1,-1
201760V014123,2,3,0,18,0,1,0,0,0,0,1,1,2,1,22,5,-1,-1,-1,-1,-1,-1
201760V014476,1,9,0,7,0,5,0,0,0,0,3,1,6,2,61,9,-1,-1,-1,-1,-1,-1
201760V014476,2,9,0,3,0,6,0,0,0,0,3,1,6,1,33,6,-1,-1,-1,-1,-1,-1
201760V014810,1,9,0,5,0,4,0,0,0,0,1,1,2,1,59,9,-1,-1,-1,-1,-1,-1
201760V014810,2,1,0,18,0,3,0,0,0,0,1,1,2,2,18,4,-1,-1,-1,-1,-1,-1
201760V014903,1,9,0,18,0,0,0,0,0,0,1,1,6,1,28,6,-1,-1,-1,-1,-1,-1
201760V015003,1,9,0,9,0,6,0,0,0,0,3,1,6,1,60,9,-1,-1,-1,-1,-1,-1
201760V015003,2,5,0,18,0,1,0,0,0,0,1,1,1,1,24,5,-1,-1,-1,-1,-1,-1
201760V015147,1,10,0,18,0,0,0,0,1,11,4,1,1,1,70,10,-1,-1,-1,-1,-1,-1
201760V015157,1,9,0,4,0,1,0,0,0,0,1,1,1,2,59,9,-1,-1,-1,-1,-1,-1
201760V015157,2,9,0,9,0,1,0,0,0,0,2,1,1,2,33,6,-1,-1,-1,-1,-1,-1
201760V015158,1,20,0,17,0,0,0,0,0,0,1,1,1,1,59,9,-1,-1,-1,-1,-1,-1
201760V015158,2,9,0,16,0,0,0,0,0,0,1,1,2,2,31,6,-1,-1,-1,-1,-1,-1
201760V015309,1,98,0,16,0,0,0,0,0,0,4,1,1,1,-1,-1,-1,-1,-1,-1,-1,-1
201760V015309,2,9,0,17,0,0,1,0,0,0,3,1,2,1,27,6,-1,-1,-1,-1,-1,-1
201760V015773,1,98,1,18,0,0,3,0,1,4,1,1,1,1,39,7,-1,-1,-1,-1,-1,-1
201760V015907,1,9,0,18,0,2,0,0,0,0,1,1,6,3,-1,-1,-1,-1,-1,-1,-1,-1
201760V015907,2,9,0,3,0,2,0,0,0,0,2,1,6,2,24,5,-1,-1,-1,-1,-1,-1
201760V015966,1,9,0,1,9,5,0,0,0,0,2,1,2,2,62,9,-1,-1,-1,-1,-1,-1
201760V016056,1,9,0,18,0,8,0,0,0,0,1,1,6,1,30,6,-1,-1,-1,-1,-1,-1
201760V016056,2,1,0,18,0,8,0,0,0,0,4,1,6,1,18,4,-1,-1,-1,-1,-1,-1
201760V016081,1,9,0,17,0,0,0,0,1,4,1,1,1,2,67,10,-1,-1,-1,-1,-1,-1
201760V016109,1,9,0,9,0,1,0,0,0,0,2,1,6,2,43,7,-1,-1,-1,-1,-1,-1
201760V016109,2,3,0,18,0,8,0,0,0,0,3,1,6,1,21,5,-1,-1,-1,-1,-1,-1
201760V016299,1,9,0,18,0,0,5,0,1,11,1,1,6,2,31,6,-1,-1,-1,-1,-1,-1
201760V016512,1,9,0,17,0,0,1,0,1,11,4,1,6,1,44,7,-1,-1,-1,-1,-1,-1
201760V016887,1,19,0,13,0,0,0,0,0,0,4,1,6,3,-1,-1,-1,-1,-1,-1,-1,-1
201760V016887,2,1,0,18,0,0,0,0,0,0,3,1,6,1,48,8,-1,-1,-1,-1,-1,-1
201760V016985,1,9,0,16,0,0,1,0,1,4,1,1,6,1,30,6,-1,-1,-1,-1,-1,-1
201760V017517,1,3,0,15,0,1,0,0,0,0,1,1,2,1,25,5,-1,-1,-1,-1,-1,-1
201760V017517,2,9,0,5,0,6,0,0,0,0,3,1,2,1,58,9,-1,-1,-1,-1,-1,-1
201760V018047,1,9,0,17,0,0,5,0,1,9,1,1,6,2,19,4,-1,-1,-1,-1,-1,-1
201760V018192,1,9,0,18,0,0,0,0,0,0,4,1,6,3,-1,-1,-1,-1,-1,-1,-1,-1
201760V018222,1,9,0,18,0,0,0,0,0,0,4,1,6,2,71,10,-1,-1,-1,-1,-1,-1
201760V018222,2,1,0,18,0,0,0,0,0,0,3,1,6,1,50,8,-1,-1,-1,-1,-1,-1
201760V018910,1,9,0,18,0,0,1,0,1,11,1,1,6,1,18,4,-1,-1,-1,-1,-1,-1
201760V018910,2,9,0,18,0,0,0,0,0,0,1,1,6,1,29,6,-1,-1,-1,-1,-1,-1
201760V018944,1,9,0,18,0,0,0,0,0,0,1,1,1,1,34,6,-1,-1,-1,-1,-1,-1
201760V018944,2,9,0,13,0,0,0,0,0,0,2,1,6,1,54,8,-1,-1,-1,-1,-1,-1
201760V019408,1,9,0,4,0,0,0,0,0,0,2,1,2,2,56,9,-1,-1,-1,-1,-1,-1
201760V019408,2,9,0,18,0,0,0,0,0,0,1,1,6,2,22,5,-1,-1,-1,-1,-1,-1
201760V019408,3,9,0,18,0,0,0,12,0,0,1,1,6,2,55,8,-1,-1,-1,-1,-1,-1
201760V019455,1,9,0,18,0,1,0,0,0,0,1,1,6,2,25,5,-1,-1,-1,-1,-1,-1
201760V019455,2,9,0,10,0,5,0,0,0,0,2,1,6,2,49,8,-1,-1,-1,-1,-1,-1
201760V019521,1,90,0,5,0,0,0,0,0,0,1,1,6,1,16,4,-1,-1,-1,-1,-1,-1
201760V019521,2,9,0,13,0,0,0,0,0,0,1,1,6,1,18,4,-1,-1,-1,-1,-1,-1
201760V020644,1,9,0,5,0,3,0,0,0,0,1,1,2,1,69,10,-1,-1,-1,-1,-1,-1
201760V020644,2,9,0,4,0,3,0,0,0,0,2,1,3,2,37,7,-1,-1,-1,-1,-1,-1
201760V020717,1,9,0,5,0,0,0,0,0,0,0,1,1,1,53,8,-1,-1,-1,-1,-1,-1
201760V021134,1,2,0,18,0,1,0,0,0,0,1,1,6,1,25,5,-1,-1,-1,-1,-1,-1
201760V021134,2,9,0,18,0,1,0,0,0,0,2,1,6,2,34,6,-1,-1,-1,-1,-1,-1
201760V021770,1,9,0,16,0,0,0,0,1,0,1,1,6,2,18,4,-1,-1,-1,-1,-1,-1
201760V021770,2,9,0,17,0,0,0,0,0,0,1,1,6,1,43,7,-1,-1,-1,-1,-1,-1
201760V021844,1,9,0,7,0,6,0,0,0,0,1,1,2,1,24,5,-1,-1,-1,-1,-1,-1
201760V021844,2,3,0,18,0,1,0,0,0,0,1,1,2,1,30,6,-1,-1,-1,-1,-1,-1
201760V021903,1,9,0,17,0,1,0,0,0,0,1,1,6,1,-1,-1,-1,-1,-1,-1,-1,-1
201760V021972,1,9,0,18,0,2,0,0,0,0,1,1,6,3,-1,-1,-1,-1,-1,-1,-1,-1
201760V021972,2,1,0,18,0,2,0,0,0,0,2,1,6,1,25,5,-1,-1,-1,-1,-1,-1
201760V022543,1,9,0,16,0,0,1,0,0,0,1,1,6,1,45,7,-1,-1,-1,-1,-1,-1
201760V022707,1,9,0,16,0,0,5,0,0,0,1,1,6,2,37,7,-1,-1,-1,-1,-1,-1
201760V022880,1,9,0,17,0,0,0,0,0,0,1,1,6,1,26,6,-1,-1,-1,-1,-1,-1
201760V022880,2,9,0,18,0,0,0,0,0,0,1,1,6,2,67,10,-1,-1,-1,-1,-1,-1
201760V022928,1,9,0,18,0,2,0,0,3,0,3,1,6,1,42,7,-1,-1,-1,-1,-1,-1
201760V022928,2,9,0,18,0,1,0,0,0,0,4,1,1,1,32,6,-1,-1,-1,-1,-1,-1
201760V022928,3,9,0,18,0,1,0,0,0,0,3,1,6,1,60,9,-1,-1,-1,-1,-1,-1
201760V022936,1,1,0,18,0,8,0,0,0,0,3,1,6,1,47,8,-1,-1,-1,-1,-1,-1
201760V022936,2,9,0,18,0,8,0,0,0,0,1,1,6,3,-1,-1,-1,-1,-1,-1,-1,-1
201760V022983,1,9,0,9,0,8,0,0,0,0,4,1,6,1,17,4,-1,-1,-1,-1,-1,-1
201760V022983,2,9,0,18,0,1,0,0,0,0,1,1,6,2,57,9,-1,-1,-1,-1,-1,-1
201760V023171,1,9,0,17,0,0,2,0,1,9,1,1,2,2,35,6,-1,-1,-1,-1,-1,-1
201760V023171,2,98,0,16,0,0,0,0,0,0,0,1,6,3,-1,-1,-1,-1,-1,-1,-1,-1
201760V023202,1,9,0,17,0,1,1,0,2,11,1,1,6,1,18,4,-1,-1,-1,-1,-1,-1
201760V023393,1,9,0,18,0,0,1,0,1,7,3,1,6,1,31,6,-1,-1,-1,-1,-1,-1
201760V023813,1,9,0,18,0,0,0,0,0,0,1,1,6,2,79,11,-1,-1,-1,-1,-1,-1
201760V023813,2,9,0,3,0,0,0,0,0,0,2,1,6,2,39,7,-1,-1,-1,-1,-1,-1
201760V023813,3,9,0,3,0,0,0,0,0,0,2,1,6,1,32,6,-1,-1,-1,-1,-1,-1
201760V023813,4,9,0,2,0,0,0,0,0,0,2,1,6,2,61,9,-1,-1,-1,-1,-1,-1
201760V024158,1,9,0,18,0,0,2,0,1,11,1,1,6,2,43,7,-1,-1,-1,-1,-1,-1
201760V024482,1,9,4,18,0,0,0,0,0,0,0,1,6,1,44,7,-1,-1,-1,-1,-1,-1
201760V024482,2,98,0,13,0,0,0,0,0,0,4,1,1,1,33,6,-1,-1,-1,-1,-1,-1
201760V024954,1,9,0,16,0,0,2,0,2,10,4,1,6,2,33,6,-1,-1,-1,-1,-1,-1
201760V024954,2,9,0,17,0,0,0,0,0,0,0,1,6,2,29,6,-1,-1,-1,-1,-1,-1
201760V025054,1,9,0,18,0,1,0,0,0,0,1,1,6,1,27,6,-1,-1,-1,-1,-1,-1
201760V025054,2,10,0,18,0,1,0,0,0,0,2,1,1,2,-1,-1,-1,-1,-1,-1,-1,-1
201760V025447,1,9,0,9,0,8,0,0,0,0,1,1,6,1,18,4,-1,-1,-1,-1,-1,-1
201760V025447,2,9,0,18,0,8,0,0,0,0,1,1,2,1,23,5,-1,-1,-1,-1,-1,-1
201760V026185,1,9,0,16,0,0,1,11,1,3,1,1,6,1,50,8,-1,-1,-1,-1,-1,-1
201760V026482,1,9,0,4,0,1,0,0,0,0,1,1,6,2,28,6,-1,-1,-1,-1,-1,-1
201760V026482,2,9,0,3,0,1,0,0,0,0,2,1,6,2,71,10,-1,-1,-1,-1,-1,-1
201760V026482,3,9,0,9,0,1,0,0,0,0,2,1,6,2,38,7,-1,-1,-1,-1,-1,-1
201760V026710,1,9,0,9,0,1,0,0,0,0,3,1,2,1,47,8,-1,-1,-1,-1,-1,-1
201760V026710,2,4,0,18,0,1,0,0,0,0,1,1,2,1,18,4,-1,-1,-1,-1,-1,-1
201760V026743,1,9,0,18,0,0,0,0,0,0,1,1,6,1,57,9,-1,-1,-1,-1,-1,-1
201760V026888,1,10,0,18,0,0,0,0,0,0,4,1,6,3,-1,-1,-1,-1,-1,-1,-1,-1
201760V027014,1,9,0,18,0,0,0,0,0,0,1,1,6,1,27,6,-1,-1,-1,-1,-1,-1
201760V027014,2,9,0,18,0,0,0,0,0,0,1,1,6,1,28,6,-1,-1,-1,-1,-1,-1
201760V027273,1,9,0,18,0,2,0,0,0,0,1,1,6,1,28,6,-1,-1,-1,-1,-1,-1
201760V028020,1,9,0,18,9,0,0,0,0,0,1,1,6,3,-1,-1,-1,-1,-1,-1,-1,-1
201760V028283,1,9,0,2,0,0,0,0,0,0,3,1,6,1,39,7,-1,-1,-1,-1,-1,-1
201760V028283,2,1,0,14,0,0,0,0,0,0,1,1,6,1,32,6,-1,-1,-1,-1,-1,-1
201760V028389,1,9,0,18,0,0,0,0,7,11,1,1,6,1,41,7,-1,-1,-1,-1,-1,-1
201760V028389,2,9,0,18,0,0,0,0,0,0,1,1,6,1,23,5,-1,-1,-1,-1,-1,-1
201760V028418,1,9,0,16,0,0,0,11,1,3,1,1,6,1,18,4,-1,-1,-1,-1,-1,-1
201760V028485,1,9,0,17,0,2,0,0,1,4,1,1,6,1,18,4,-1,-1,-1,-1,-1,-1
201760V028754,1,9,0,18,0,0,0,0,0,0,1,1,6,1,45,7,-1,-1,-1,-1,-1,-1
201760V028920,1,9,0,16,0,0,1,0,7,11,1,1,2,1,20,4,-1,-1,-1,-1,-1,-1
201760V028993,1,4,0,7,0,5,2,0,0,0,0,1,2,1,41,7,-1,-1,-1,-1,-1,-1
201760V029020,1,3,0,13,0,0,5,0,0,0,0,1,2,1,18,4,-1,-1,-1,-1,-1,-1
201760V029020,2,9,0,18,0,0,0,0,0,0,0,1,2,2,46,8,-1,-1,-1,-1,-1,-1
201760V029154,1,9,0,18,0,0,0,0,0,0,4,1,6,2,47,8,-1,-1,-1,-1,-1,-1
201760V029154,2,9,0,4,0,0,0,0,0,0,2,1,1,1,57,9,-1,-1,-1,-1,-1,-1
201760V029215,1,9,0,9,0,5,0,0,0,0,1,1,1,1,30,6,-1,-1,-1,-1,-1,-1
201760V029314,1,9,0,18,0,0,0,0,0,0,1,1,6,2,-1,-1,-1,-1,-1,-1,-1,-1
201760V029314,2,9,0,18,0,0,0,0,0,0,2,1,6,2,26,6,-1,-1,-1,-1,-1,-1
201760V029459,1,9,0,7,0,8,0,0,0,0,1,1,2,1,36,7,-1,-1,-1,-1,-1,-1
201760V029459,2,1,0,18,0,8,0,0,0,0,4,1,6,1,81,11,-1,-1,-1,-1,-1,-1
201760V029474,1,9,0,18,0,8,0,0,0,0,1,1,6,2,-1,-1,-1,-1,-1,-1,-1,-1
201760V029474,2,9,0,8,0,8,0,0,0,0,3,1,1,2,45,7,-1,-1,-1,-1,-1,-1
201760V029646,1,98,1,7,0,8,0,0,0,0,4,1,1,1,36,7,-1,-1,-1,-1,-1,-1
201760V029646,2,9,0,18,0,1,0,0,0,0,1,1,6,1,44,7,-1,-1,-1,-1,-1,-1
201760V029646,3,9,0,18,0,1,0,0,0,0,1,1,6,1,61,9,-1,-1,-1,-1,-1,-1
201760V029715,1,9,0,18,0,7,0,0,0,0,1,1,6,2,20,4,-1,-1,-1,-1,-1,-1
201760V029715,2,9,0,4,0,7,0,0,0,0,2,1,6,1,53,8,-1,-1,-1,-1,-1,-1
201760V030147,1,9,0,18,0,0,0,0,0,0,4,1,6,2,22,5,-1,-1,-1,-1,-1,-1
201760V030152,1,9,0,5,0,6,0,0,0,0,1,1,6,3,-1,-1,-1,-1,-1,-1,-1,-1
201760V030152,2,9,0,18,0,8,0,0,0,0,4,1,6,2,30,6,-1,-1,-1,-1,-1,-1
201760V030187,1,9,0,18,0,0,5,0,0,0,1,1,6,1,21,5,-1,-1,-1,-1,-1,-1
201760V030187,2,9,0,18,0,0,0,0,0,0,1,1,6,2,18,4,-1,-1,-1,-1,-1,-1
201760V030551,1,9,0,7,0,6,0,0,0,0,3,1,6,1,81,11,-1,-1,-1,-1,-1,-1
201760V030551,2,9,0,18,0,1,0,0,0,0,1,1,6,1,70,10,-1,-1,-1,-1,-1,-1
201760V030551,3,9,0,18,0,1,0,0,1,0,1,1,6,2,61,9,-1,-1,-1,-1,-1,-1
201760V030685,1,9,0,1,0,5,0,0,0,0,2,1,6,1,53,8,-1,-1,-1,-1,-1,-1
201760V030685,2,1,0,6,0,8,0,0,0,0,1,1,6,1,62,9,-1,-1,-1,-1,-1,-1
201760V030730,1,3,0,7,0,6,0,0,0,0,1,1,6,1,19,4,-1,-1,-1,-1,-1,-1
201760V030730,2,9,0,18,0,1,0,0,0,0,3,1,2,1,61,9,-1,-1,-1,-1,-1,-1
201760V031092,1,9,0,18,0,0,2,0,7,9,1,1,6,1,66,10,-1,-1,-1,-1,-1,-1
201760V031151,1,9,0,18,0,0,5,0,1,4,1,1,6,1,41,7,-1,-1,-1,-1,-1,-1
201760V031172,1,9,0,8,0,1,0,0,0,0,1,1,6,2,72,10,-1,-1,-1,-1,-1,-1
201760V031172,2,9,0,8,0,1,0,0,0,0,2,1,6,2,52,8,-1,-1,-1,-1,-1,-1
201760V031300,1,9,0,9,0,1,0,0,0,0,3,1,6,2,24,5,-1,-1,-1,-1,-1,-1
201760V031300,2,3,0,18,0,1,0,0,0,0,4,1,2,1,22,5,-1,-1,-1,-1,-1,-1
201760V031327,1,9,0,18,0,4,0,0,0,0,4,1,6,2,22,5,-1,-1,-1,-1,-1,-1
201760V031327,2,9,0,9,0,3,0,0,0,0,1,1,6,2,53,8,-1,-1,-1,-1,-1,-1
201760V031329,1,9,0,9,0,1,0,0,0,0,1,1,6,1,-1,-1,-1,-1,-1,-1,-1,-1
201760V031668,1,5,0,18,0,8,2,10,1,0,1,1,6,1,56,9,-1,-1,-1,-1,-1,-1
201760V031668,2,9,0,4,0,8,0,0,0,0,2,1,6,1,41,7,-1,-1,-1,-1,-1,-1
201760V031668,3,9,0,4,0,8,0,0,0,0,0,1,6,1,73,10,-1,-1,-1,-1,-1,-1
201760V031668,4,9,0,10,0,5,0,0,0,0,0,1,6,2,27,6,-1,-1,-1,-1,-1,-1