Accident_Index,Vehicle_Reference,Vehicle_Type,Towing_and_Articulation,Vehicle_Manoeuvre,Vehicle_Location-Restricted_Lane,Junction_Location,Skidding_and_Overturning,Hit_Object_in_Carriageway,Vehicle_Leaving_Carriageway,Hit_Object_off_Carriageway,1st_Point_of_Impact,Was_Vehicle_Left_Hand_Drive?,Journey_Purpose_of_Driver,Sex_of_Driver,Age_of_Driver,Age_Band_of_Driver,Engine_Capacity_(CC),Propulsion_Code,Age_of_Vehicle,Driver_IMD_Decile,Driver_Home_Area_Type,Vehicle_IMD_Decile
201760V032045,1,9,0,18,0,0,0,0,1,0,1,1,6,1,21,5,-1,-1,-1,-1,-1,-1
201760V032045,2,98,0,18,0,0,0,0,0,0,1,1,6,1,46,8,-1,-1,-1,-1,-1,-1
201760V032203,1,9,0,18,0,1,0,0,0,0,1,1,6,1,53,8,-1,-1,-1,-1,-1,-1
201760V032203,2,9,0,18,0,1,0,0,0,0,1,1,6,2,30,6,-1,-1,-1,-1,-1,-1
201760V032484,1,9,0,17,0,0,2,0,7,11,1,1,6,2,63,9,-1,-1,-1,-1,-1,-1
201760V032658,1,1,0,16,0,0,2,0,0,0,1,1,6,1,12,3,-1,-1,-1,-1,-1,-1
201760V032658,2,10,4,17,0,0,0,0,0,0,1,1,1,1,35,6,-1,-1,-1,-1,-1,-1
201760V032773,1,1,0,18,0,6,0,0,0,0,1,1,6,1,25,5,-1,-1,-1,-1,-1,-1
201760V032773,2,9,0,9,0,1,0,0,0,0,1,1,2,1,45,7,-1,-1,-1,-1,-1,-1
201760V032804,1,9,0,18,0,8,0,0,0,0,3,1,6,1,35,6,-1,-1,-1,-1,-1,-1
201760V032804,2,9,0,18,0,8,0,0,0,0,1,1,6,2,28,6,-1,-1,-1,-1,-1,-1
201760V032995,1,9,0,1,0,0,0,0,8,11,2,1,6,2,50,8,-1,-1,-1,-1,-1,-1
201760V033907,1,9,0,18,0,8,2,0,1,7,1,1,6,1,18,4,-1,-1,-1,-1,-1,-1
201760V033907,2,9,0,9,0,8,0,0,0,0,1,1,6,1,43,7,-1,-1,-1,-1,-1,-1
201760V033907,3,9,0,18,0,1,0,0,0,0,1,1,6,2,34,6,-1,-1,-1,-1,-1,-1
201760V034397,1,9,0,9,0,5,0,0,0,0,1,1,6,1,36,7,-1,-1,-1,-1,-1,-1
201760V034430,1,9,0,9,0,6,0,0,0,0,1,1,6,2,52,8,-1,-1,-1,-1,-1,-1
201760V034430,2,3,0,18,0,1,0,0,1,0,1,1,6,1,21,5,-1,-1,-1,-1,-1,-1
201760V034861,1,9,0,13,0,1,0,0,0,0,4,1,6,1,-1,-1,-1,-1,-1,-1,-1,-1
201760V034861,2,9,0,18,0,1,0,0,0,0,3,1,6,1,18,4,-1,-1,-1,-1,-1,-1
201760V035016,1,9,0,18,0,1,0,0,0,0,1,1,6,1,-1,-1,-1,-1,-1,-1,-1,-1
201760V035016,2,9,0,8,0,1,0,0,0,0,2,1,6,1,21,5,-1,-1,-1,-1,-1,-1
201760V035729,1,9,0,18,0,1,0,0,0,0,1,1,6,2,-1,-1,-1,-1,-1,-1,-1,-1
201760V035729,2,1,0,5,0,6,0,0,0,0,1,1,6,1,45,7,-1,-1,-1,-1,-1,-1
201760V035959,1,9,0,18,0,0,0,0,1,11,4,1,6,1,35,6,-1,-1,-1,-1,-1,-1
201760V035961,1,9,0,17,0,1,0,0,0,0,1,1,6,2,-1,-1,-1,-1,-1,-1,-1,-1
201760V035961,2,1,0,5,0,6,0,0,0,0,1,1,6,1,11,3,-1,-1,-1,-1,-1,-1
201760V035972,1,9,0,18,0,0,0,0,0,0,1,1,6,1,83,11,-1,-1,-1,-1,-1,-1
201760V035972,2,1,0,18,0,0,0,0,0,0,2,1,6,1,59,9,-1,-1,-1,-1,-1,-1
201760V036280,1,3,0,16,0,0,0,0,0,0,1,1,1,1,18,4,-1,-1,-1,-1,-1,-1
201760V036280,2,9,0,18,0,0,0,0,1,0,1,1,2,1,36,7,-1,-1,-1,-1,-1,-1
201760V036409,1,9,0,14,0,0,0,0,0,0,1,1,2,1,21,5,-1,-1,-1,-1,-1,-1
201760V036409,2,11,0,2,0,0,0,0,0,0,0,1,1,3,-1,-1,-1,-1,-1,-1,-1,-1
201760V036510,1,5,0,16,0,0,5,10,0,0,4,1,6,1,35,6,-1,-1,-1,-1,-1,-1
201760V037062,1,9,0,18,0,1,0,0,0,0,1,1,6,2,22,5,-1,-1,-1,-1,-1,-1
201760V037062,2,9,0,4,0,1,0,0,0,0,2,1,6,1,31,6,-1,-1,-1,-1,-1,-1
201760V037472,1,9,0,18,0,3,0,0,0,0,1,1,6,3,-1,-1,-1,-1,-1,-1,-1,-1
201760V037520,1,9,0,5,0,0,0,0,0,0,0,1,6,2,69,10,-1,-1,-1,-1,-1,-1
201760V037535,1,3,0,18,0,0,0,0,0,0,4,1,6,1,50,8,-1,-1,-1,-1,-1,-1
201760V037609,1,9,0,16,0,0,5,0,1,9,4,1,6,2,30,6,-1,-1,-1,-1,-1,-1
201760V038148,1,9,0,18,0,0,0,0,0,0,1,1,6,2,63,9,-1,-1,-1,-1,-1,-1
201760V038148,2,9,0,18,0,0,0,0,0,0,2,1,6,1,62,9,-1,-1,-1,-1,-1,-1
201760V038379,1,9,0,17,0,0,1,10,1,1,1,1,6,2,32,6,-1,-1,-1,-1,-1,-1
201760V039081,1,9,0,18,0,0,0,0,0,0,1,1,2,1,19,4,-1,-1,-1,-1,-1,-1
201760V039081,2,9,0,18,0,0,0,0,0,0,2,1,6,2,50,8,-1,-1,-1,-1,-1,-1
201760V039081,3,9,0,18,0,0,0,0,0,0,2,1,6,2,34,6,-1,-1,-1,-1,-1,-1
201760V039308,1,9,0,4,0,1,1,0,0,0,1,1,6,1,70,10,-1,-1,-1,-1,-1,-1
201760V039308,2,9,0,3,0,1,0,0,0,0,0,1,6,2,21,5,-1,-1,-1,-1,-1,-1
201760V039308,3,9,0,18,0,2,0,0,0,0,1,1,6,1,30,6,-1,-1,-1,-1,-1,-1
201760V039963,1,9,0,18,0,0,0,0,0,0,4,1,6,3,-1,-1,-1,-1,-1,-1,-1,-1
201760V040035,1,9,0,11,0,4,0,0,0,0,4,1,1,1,39,7,-1,-1,-1,-1,-1,-1
201760V040035,2,9,0,17,0,4,0,0,0,0,3,1,6,2,46,8,-1,-1,-1,-1,-1,-1
201760V040134,1,19,0,18,0,1,0,0,0,0,1,1,1,1,-1,-1,-1,-1,-1,-1,-1,-1
201760V040134,2,9,0,18,0,1,0,0,0,0,3,1,1,1,35,6,-1,-1,-1,-1,-1,-1
201760V040499,1,9,0,18,0,0,0,0,0,0,3,1,6,2,61,9,-1,-1,-1,-1,-1,-1
201760V040499,2,3,0,18,0,0,0,0,0,0,3,1,6,1,23,5,-1,-1,-1,-1,-1,-1
201760V040808,1,9,0,4,0,0,0,0,0,0,2,1,6,1,60,9,-1,-1,-1,-1,-1,-1
201760V040808,2,9,0,4,0,0,0,0,0,0,2,1,6,2,59,9,-1,-1,-1,-1,-1,-1
201760V040808,3,9,0,18,0,0,0,0,0,0,1,1,6,2,67,10,-1,-1,-1,-1,-1,-1
201760V040808,4,9,0,4,0,0,0,0,0,0,0,1,6,3,-1,-1,-1,-1,-1,-1,-1,-1
201760V041053,1,9,0,18,0,0,1,0,5,6,4,1,6,1,31,6,-1,-1,-1,-1,-1,-1
201760V041053,2,9,0,18,0,0,0,0,0,0,3,1,6,1,32,6,-1,-1,-1,-1,-1,-1
201760V041101,1,9,0,9,0,6,0,0,0,0,1,1,6,2,69,10,-1,-1,-1,-1,-1,-1
201760V041101,2,9,0,18,0,1,0,0,0,0,1,1,6,2,71,10,-1,-1,-1,-1,-1,-1
201760V041247,1,9,0,17,0,0,0,0,2,11,4,1,6,1,18,4,-1,-1,-1,-1,-1,-1
201760V041496,1,9,0,18,0,2,0,0,0,0,1,1,6,2,28,6,-1,-1,-1,-1,-1,-1
201760V041496,2,9,0,3,0,2,0,0,0,0,2,1,6,2,55,8,-1,-1,-1,-1,-1,-1
201760V041584,1,9,0,6,8,6,0,0,7,0,1,1,6,2,74,10,-1,-1,-1,-1,-1,-1
201760V041584,2,9,0,18,0,1,2,0,7,0,4,1,6,1,70,10,-1,-1,-1,-1,-1,-1
201760V042017,1,5,0,4,0,4,5,0,0,0,4,1,6,1,65,9,-1,-1,-1,-1,-1,-1
201760V042076,1,5,0,18,0,0,2,10,8,10,3,1,6,1,30,6,-1,-1,-1,-1,-1,-1
201760V042137,1,4,0,4,0,1,0,0,0,0,0,1,6,1,62,9,-1,-1,-1,-1,-1,-1
201760V042163,1,3,0,18,0,0,0,0,0,0,1,1,6,1,17,4,-1,-1,-1,-1,-1,-1
201760V042183,1,9,0,18,0,0,1,0,1,11,1,1,6,1,55,8,-1,-1,-1,-1,-1,-1
201760V042299,1,5,0,17,0,2,1,0,0,0,4,1,6,1,53,8,-1,-1,-1,-1,-1,-1
201760V042299,2,97,0,17,0,2,0,0,0,0,0,1,6,1,54,8,-1,-1,-1,-1,-1,-1
201760V042299,3,97,0,17,0,2,0,0,0,0,0,1,6,1,28,6,-1,-1,-1,-1,-1,-1
201760V042598,1,9,0,18,0,1,0,0,0,0,1,1,6,1,59,9,-1,-1,-1,-1,-1,-1
201760V042598,2,9,0,10,0,1,5,0,0,0,2,1,6,1,81,11,-1,-1,-1,-1,-1,-1
201760V042629,1,9,0,1,0,0,0,0,0,0,2,1,6,2,60,9,-1,-1,-1,-1,-1,-1
201760V042660,1,9,0,18,0,1,5,0,1,11,4,1,6,2,52,8,-1,-1,-1,-1,-1,-1
201760V042756,1,9,0,18,0,4,0,0,0,0,1,1,6,2,19,4,-1,-1,-1,-1,-1,-1
201760V042756,2,9,0,4,0,4,0,0,0,0,2,1,6,2,51,8,-1,-1,-1,-1,-1,-1
201760V043141,1,9,0,18,0,1,0,0,0,0,1,1,6,1,-1,-1,-1,-1,-1,-1,-1,-1
201760V043141,2,9,0,3,0,1,0,0,0,0,2,1,6,1,64,9,-1,-1,-1,-1,-1,-1
201760V043252,1,2,0,16,0,3,1,0,0,0,1,1,6,2,17,4,-1,-1,-1,-1,-1,-1
201760V043252,2,9,0,17,0,1,0,0,0,0,3,1,6,1,37,7,-1,-1,-1,-1,-1,-1
201760V043274,1,9,0,9,0,5,0,0,0,0,1,1,6,1,25,5,-1,-1,-1,-1,-1,-1
201760V043476,1,2,0,16,0,0,1,0,1,0,4,1,6,2,18,4,-1,-1,-1,-1,-1,-1
201760V043776,1,9,0,18,0,0,0,0,0,0,1,1,2,1,77,11,-1,-1,-1,-1,-1,-1
201760V043829,1,9,0,18,0,0,0,2,0,0,4,1,6,2,72,10,-1,-1,-1,-1,-1,-1
201760V043857,1,9,0,7,0,6,0,0,0,0,1,1,6,1,29,6,-1,-1,-1,-1,-1,-1
201760V043857,2,11,0,18,0,8,0,0,0,0,3,1,1,1,41,7,-1,-1,-1,-1,-1,-1
201760V043959,1,1,0,18,0,2,0,0,0,0,3,1,6,1,31,6,-1,-1,-1,-1,-1,-1
201760V043959,2,9,0,18,0,1,0,0,0,0,1,1,6,2,39,7,-1,-1,-1,-1,-1,-1
201760V044052,1,9,0,16,0,3,2,0,1,11,1,1,2,2,58,9,-1,-1,-1,-1,-1,-1
201760V044131,1,9,0,18,0,0,5,0,1,11,1,1,2,1,54,8,-1,-1,-1,-1,-1,-1
201760V044131,2,98,0,18,0,0,0,0,0,0,0,1,6,3,-1,-1,-1,-1,-1,-1,-1,-1
201760V044677,1,1,0,12,0,5,0,0,0,0,3,1,6,1,69,10,-1,-1,-1,-1,-1,-1
201760V044677,2,20,0,9,0,5,0,0,0,0,4,1,1,1,51,8,-1,-1,-1,-1,-1,-1
201760V044820,1,9,0,1,0,1,0,0,0,0,3,1,6,1,39,7,-1,-1,-1,-1,-1,-1
201760V044927,1,9,0,18,0,0,0,0,0,0,1,1,6,1,30,6,-1,-1,-1,-1,-1,-1
201760V044927,2,8,0,4,0,0,0,0,0,0,2,1,1,1,22,5,-1,-1,-1,-1,-1,-1
201760V044998,1,9,0,12,0,8,1,0,0,0,3,1,6,1,46,8,-1,-1,-1,-1,-1,-1
201760V044998,2,9,0,18,0,8,0,0,0,0,1,1,6,1,36,7,-1,-1,-1,-1,-1,-1
201760V045300,1,3,0,18,0,1,0,0,0,0,1,1,6,1,25,5,-1,-1,-1,-1,-1,-1
201760V045300,2,9,0,4,0,2,0,0,0,0,2,1,6,1,92,11,-1,-1,-1,-1,-1,-1
201760V045869,1,5,0,17,0,0,2,0,0,0,3,1,6,1,67,10,-1,-1,-1,-1,-1,-1
201760V045904,1,9,0,18,0,0,0,0,0,0,3,1,6,2,23,5,-1,-1,-1,-1,-1,-1
201760V045904,2,9,0,18,0,0,0,0,0,0,1,1,6,2,64,9,-1,-1,-1,-1,-1,-1
201760V046040,1,5,0,4,0,0,0,0,0,0,0,1,6,1,65,9,-1,-1,-1,-1,-1,-1
201760V046358,1,9,0,4,0,1,0,0,0,0,3,1,3,2,40,7,-1,-1,-1,-1,-1,-1
201760V046358,2,9,0,9,0,1,0,0,0,0,3,1,6,2,52,8,-1,-1,-1,-1,-1,-1
201760V046638,1,9,0,16,0,0,1,0,8,11,1,1,6,1,34,6,-1,-1,-1,-1,-1,-1
201760V046638,2,9,0,17,0,0,0,0,0,0,1,1,6,1,46,8,-1,-1,-1,-1,-1,-1
201760V046859,1,9,0,13,0,0,0,0,0,0,1,1,6,3,-1,-1,-1,-1,-1,-1,-1,-1
201760V046859,2,1,0,18,0,0,0,0,0,0,2,1,6,1,15,3,-1,-1,-1,-1,-1,-1
201760V047156,1,9,0,9,0,5,0,0,0,0,4,1,6,2,57,9,-1,-1,-1,-1,-1,-1
201760V047156,2,9,0,18,0,8,0,0,0,0,1,1,6,1,66,10,-1,-1,-1,-1,-1,-1
201760V047200,1,9,0,18,0,0,0,0,0,0,1,1,2,1,43,7,-1,-1,-1,-1,-1,-1
201760V047310,1,9,0,14,0,1,0,0,0,0,1,1,6,1,-1,-1,-1,-1,-1,-1,-1,-1
201760V047310,2,9,0,3,0,1,0,0,0,0,2,1,1,2,26,6,-1,-1,-1,-1,-1,-1
201760V047575,1,9,0,1,0,2,0,0,0,0,2,1,6,2,76,11,-1,-1,-1,-1,-1,-1
201760V048414,1,9,0,18,0,4,0,0,0,0,1,1,6,1,-1,-1,-1,-1,-1,-1,-1,-1
201760V048414,2,9,0,18,0,3,1,0,0,0,3,1,6,2,68,10,-1,-1,-1,-1,-1,-1
201760V048770,1,20,0,18,0,1,0,0,0,0,1,1,1,1,-1,-1,-1,-1,-1,-1,-1,-1
201760V048770,2,9,0,3,0,1,0,0,0,0,2,1,6,2,27,6,-1,-1,-1,-1,-1,-1
201760V048770,3,9,0,3,0,1,0,0,0,0,2,1,6,2,40,7,-1,-1,-1,-1,-1,-1
201760V048795,1,9,0,9,0,1,0,0,0,0,1,1,6,1,37,7,-1,-1,-1,-1,-1,-1
201760V048795,2,1,0,18,0,8,0,0,0,0,3,1,6,1,30,6,-1,-1,-1,-1,-1,-1
201760V048802,1,9,0,9,0,5,0,0,0,0,3,1,1,1,61,9,-1,-1,-1,-1,-1,-1
201760V048802,2,9,0,13,0,1,0,0,0,0,4,1,6,2,25,5,-1,-1,-1,-1,-1,-1
201760V048905,1,5,0,18,0,0,1,0,1,0,0,1,6,1,33,6,-1,-1,-1,-1,-1,-1
201760V049224,1,9,0,5,0,4,0,0,0,0,3,1,6,1,69,10,-1,-1,-1,-1,-1,-1
201760V049224,2,1,0,18,0,8,5,0,0,0,1,1,6,1,68,10,-1,-1,-1,-1,-1,-1
201760V049283,1,9,0,18,0,1,0,0,0,0,1,1,6,1,27,6,-1,-1,-1,-1,-1,-1
201760V049283,2,9,0,4,0,1,0,0,0,0,2,1,6,1,51,8,-1,-1,-1,-1,-1,-1
201760V049283,3,9,0,4,0,1,0,0,0,0,2,1,6,1,62,9,-1,-1,-1,-1,-1,-1
201760V049410,1,9,0,17,0,0,5,0,1,10,4,1,6,1,26,6,-1,-1,-1,-1,-1,-1
201760V049410,2,9,0,2,0,0,0,0,0,0,0,1,6,1,54,8,-1,-1,-1,-1,-1,-1
201760V049410,3,5,0,17,0,0,5,0,1,10,1,1,6,1,45,7,-1,-1,-1,-1,-1,-1
201760V049434,1,5,0,16,0,0,1,0,7,9,1,1,6,1,30,6,-1,-1,-1,-1,-1,-1
201760V049434,2,5,0,16,0,0,1,0,7,9,1,1,6,1,36,7,-1,-1,-1,-1,-1,-1
201760V049481,1,90,0,18,0,0,0,0,0,0,3,1,6,2,8,2,-1,-1,-1,-1,-1,-1
201760V049481,2,9,0,18,0,0,0,0,0,0,1,1,6,1,20,4,-1,-1,-1,-1,-1,-1
201760V049866,1,9,0,17,0,0,2,0,2,0,1,1,6,2,53,8,-1,-1,-1,-1,-1,-1
201760V049866,2,9,0,18,0,0,0,0,0,0,2,1,6,2,25,5,-1,-1,-1,-1,-1,-1
201760V050285,1,9,0,5,0,4,0,0,0,0,1,1,6,1,50,8,-1,-1,-1,-1,-1,-1
201760V050330,1,9,0,18,0,1,0,0,0,0,1,1,6,1,93,11,-1,-1,-1,-1,-1,-1
201760V050330,2,9,0,9,0,1,0,0,0,0,2,1,6,2,56,9,-1,-1,-1,-1,-1,-1
201760V050414,1,97,0,16,0,1,0,0,0,0,0,1,6,1,50,8,-1,-1,-1,-1,-1,-1
201760V050414,2,16,0,16,0,1,0,0,0,0,0,1,6,2,14,3,-1,-1,-1,-1,-1,-1
201760V050414,3,16,0,16,0,1,0,0,0,0,0,1,6,2,15,3,-1,-1,-1,-1,-1,-1
201760V050511,1,5,0,9,0,3,2,0,0,0,1,1,2,1,27,6,-1,-1,-1,-1,-1,-1
201760V050511,2,9,0,4,0,4,0,0,0,0,2,1,1,2,48,8,-1,-1,-1,-1,-1,-1
201760V051316,1,9,0,11,0,5,0,0,1,7,4,1,6,1,17,4,-1,-1,-1,-1,-1,-1
201760V051580,1,21,0,4,0,0,0,0,0,0,1,1,1,1,44,7,-1,-1,-1,-1,-1,-1
201760V051580,2,9,0,4,0,0,0,0,0,0,2,1,6,2,40,7,-1,-1,-1,-1,-1,-1
201760V051580,3,9,0,4,0,0,0,0,0,0,2,1,6,2,49,8,-1,-1,-1,-1,-1,-1
201760V051654,1,21,0,13,0,0,0,0,0,0,2,1,6,3,-1,-1,-1,-1,-1,-1,-1,-1
201760V051654,2,1,0,18,0,0,5,0,0,0,1,1,6,1,65,9,-1,-1,-1,-1,-1,-1
201760V052037,1,9,0,9,0,6,0,0,0,0,3,1,6,1,85,11,-1,-1,-1,-1,-1,-1
201760V052037,2,9,0,18,0,1,0,0,0,0,4,1,6,2,73,10,-1,-1,-1,-1,-1,-1
201760V052145,1,9,0,18,0,0,0,4,0,0,1,1,6,2,40,7,-1,-1,-1,-1,-1,-1
201760V052145,2,9,0,18,0,0,0,0,0,0,0,1,6,2,28,6,-1,-1,-1,-1,-1,-1
201760V052145,3,9,0,2,0,0,0,0,0,0,2,1,6,2,30,6,-1,-1,-1,-1,-1,-1
201760V053157,1,9,0,6,0,1,0,0,0,0,1,1,6,2,73,10,-1,-1,-1,-1,-1,-1
201760V053157,2,5,0,18,0,1,2,0,0,0,1,1,1,1,52,8,-1,-1,-1,-1,-1,-1
201760V053209,1,9,0,4,0,1,0,0,0,0,1,1,6,1,37,7,-1,-1,-1,-1,-1,-1
201760V053209,2,9,0,4,0,1,0,0,0,0,2,1,6,1,38,7,-1,-1,-1,-1,-1,-1
201760V053769,1,9,0,17,0,0,2,0,7,11,1,1,6,1,19,4,-1,-1,-1,-1,-1,-1
201760V053874,1,9,0,18,0,2,0,0,0,0,1,1,6,1,22,5,-1,-1,-1,-1,-1,-1
201760V053874,2,9,0,2,0,2,0,0,0,0,1,1,6,1,37,7,-1,-1,-1,-1,-1,-1
201760V054289,1,9,0,18,0,0,0,10,7,0,4,1,6,1,22,5,-1,-1,-1,-1,-1,-1
201760V054289,2,10,0,18,0,0,0,0,0,0,4,1,6,1,65,9,-1,-1,-1,-1,-1,-1
201760V054299,1,9,0,18,0,0,0,0,4,6,3,1,6,1,35,6,-1,-1,-1,-1,-1,-1
201760V054538,1,9,0,9,0,6,0,0,0,0,3,1,2,1,72,10,-1,-1,-1,-1,-1,-1
201760V054538,2,9,0,18,0,1,0,0,0,0,1,1,2,2,26,6,-1,-1,-1,-1,-1,-1
201760V054815,1,9,0,2,0,2,0,0,0,0,2,1,6,2,30,6,-1,-1,-1,-1,-1,-1
201760V054815,2,9,0,18,0,8,0,0,0,0,3,1,1,2,58,9,-1,-1,-1,-1,-1,-1
201760V055710,1,9,0,9,0,6,0,0,0,0,1,1,6,1,46,8,-1,-1,-1,-1,-1,-1
201760V055710,2,3,0,18,0,1,5,0,0,0,4,1,6,2,24,5,-1,-1,-1,-1,-1,-1
201760V056280,1,9,0,18,0,0,0,0,0,0,1,1,6,2,35,6,-1,-1,-1,-1,-1,-1
201760V056280,2,9,0,18,0,0,0,0,0,0,2,1,6,1,81,11,-1,-1,-1,-1,-1,-1
201760V056453,1,9,0,18,0,0,0,0,7,11,1,1,6,1,22,5,-1,-1,-1,-1,-1,-1
201760V057035,1,9,0,18,0,0,0,0,0,0,4,1,6,1,30,6,-1,-1,-1,-1,-1,-1
201760V057597,1,9,0,16,0,0,0,0,0,0,1,1,6,1,68,10,-1,-1,-1,-1,-1,-1
201760V057597,2,9,0,17,0,0,0,10,0,0,1,1,6,1,70,10,-1,-1,-1,-1,-1,-1
201760V057598,1,1,0,15,0,1,0,0,0,0,0,1,6,2,49,8,-1,-1,-1,-1,-1,-1
201760V057598,2,9,0,7,0,1,0,0,0,0,0,1,6,1,56,9,-1,-1,-1,-1,-1,-1
201760V057598,3,5,0,4,0,1,0,0,0,0,0,1,6,1,54,8,-1,-1,-1,-1,-1,-1
201760V057621,1,9,0,6,0,0,0,0,0,0,3,1,6,1,31,6,-1,-1,-1,-1,-1,-1
201760V057621,2,4,0,13,0,0,2,0,0,0,4,1,6,1,65,9,-1,-1,-1,-1,-1,-1
201760V058413,1,9,0,5,0,4,0,0,0,0,1,1,6,2,23,5,-1,-1,-1,-1,-1,-1
201760V058413,2,9,0,3,0,4,0,0,0,0,2,1,1,2,53,8,-1,-1,-1,-1,-1,-1
201760V058890,1,21,0,18,0,0,0,0,0,0,4,1,1,1,50,8,-1,-1,-1,-1,-1,-1
201760V058890,2,1,0,18,0,0,0,0,0,0,3,1,6,1,-1,-1,-1,-1,-1,-1,-1,-1
201760V059150,1,1,0,17,0,0,0,0,1,11,1,1,2,1,17,4,-1,-1,-1,-1,-1,-1
201760V059297,1,1,0,18,0,1,0,0,0,0,3,1,6,1,16,4,-1,-1,-1,-1,-1,-1
201760V059297,2,9,0,4,0,1,0,0,0,0,1,1,6,1,34,6,-1,-1,-1,-1,-1,-1
201760V059334,1,9,0,18,0,0,1,10,1,1,3,1,6,1,26,6,-1,-1,-1,-1,-1,-1
201760V059403,1,9,0,17,0,0,5,0,1,11,1,1,6,1,30,6,-1,-1,-1,-1,-1,-1
201760V060635,1,9,0,18,0,0,0,0,0,0,1,1,6,1,61,9,-1,-1,-1,-1,-1,-1
201760V060690,1,9,0,18,0,0,0,0,0,0,1,1,6,2,61,9,-1,-1,-1,-1,-1,-1
201760V060690,2,9,0,3,0,0,0,0,0,0,2,1,6,1,54,8,-1,-1,-1,-1,-1,-1
201760V060690,3,9,0,3,0,0,0,0,0,0,2,1,6,1,70,10,-1,-1,-1,-1,-1,-1
201760V060718,1,9,0,17,0,8,0,0,0,0,1,1,6,1,74,10,-1,-1,-1,-1,-1,-1
201760V060718,2,1,0,17,0,8,0,0,0,0,1,1,6,1,51,8,-1,-1,-1,-1,-1,-1
201760V060948,1,9,0,18,0,5,0,0,0,0,1,1,6,1,21,5,-1,-1,-1,-1,-1,-1
201760V060948,2,3,0,18,0,1,0,0,0,0,3,1,6,1,32,6,-1,-1,-1,-1,-1,-1
201760V061416,1,9,0,18,0,2,0,0,0,0,1,1,6,1,-1,-1,-1,-1,-1,-1,-1,-1
201760V061489,1,9,0,18,0,0,1,0,2,2,1,1,6,1,35,6,-1,-1,-1,-1,-1,-1
201760V061636,1,9,0,17,0,0,0,6,0,0,1,1,6,1,24,5,-1,-1,-1,-1,-1,-1
201760V061843,1,9,0,7,0,8,0,0,0,0,1,1,6,1,17,4,-1,-1,-1,-1,-1,-1
201760V061843,2,9,0,18,0,8,0,0,0,0,1,1,6,2,47,8,-1,-1,-1,-1,-1,-1
201760V062955,1,9,0,9,0,1,0,0,0,0,1,1,2,1,30,6,-1,-1,-1,-1,-1,-1
201760V062955,2,1,0,9,0,1,0,0,0,0,1,1,6,1,40,7,-1,-1,-1,-1,-1,-1
201760V062982,1,9,0,14,0,1,0,0,7,4,1,1,2,1,19,4,-1,-1,-1,-1,-1,-1
201760V062982,2,11,0,5,0,2,0,0,0,0,0,1,1,1,36,7,-1,-1,-1,-1,-1,-1
201760V062982,3,98,0,2,0,2,0,0,0,0,0,1,6,3,-1,-1,-1,-1,-1,-1,-1,-1
201760V063092,1,9,0,17,0,0,1,0,7,7,1,1,2,1,25,5,-1,-1,-1,-1,-1,-1
201760V063092,2,9,0,16,0,0,0,0,0,0,1,1,6,1,45,7,-1,-1,-1,-1,-1,-1
201760V063112,1,9,0,9,0,6,0,0,0,0,1,1,6,2,39,7,-1,-1,-1,-1,-1,-1
201760V063112,2,8,0,18,0,1,5,7,5,1,4,1,1,1,39,7,-1,-1,-1,-1,-1,-1
201760V063544,1,9,0,5,0,0,0,0,0,0,3,1,6,3,-1,-1,-1,-1,-1,-1,-1,-1
201760V063805,1,5,0,7,0,3,2,0,0,0,0,1,2,1,32,6,-1,-1,-1,-1,-1,-1
201760V064617,1,9,0,5,0,8,0,0,0,0,1,1,6,1,45,7,-1,-1,-1,-1,-1,-1
201760V064617,2,9,0,18,0,8,0,0,0,0,4,1,6,1,47,8,-1,-1,-1,-1,-1,-1
201760V064705,1,9,0,16,0,3,0,0,1,7,1,1,6,2,82,11,-1,-1,-1,-1,-1,-1
201760V064705,2,9,0,3,0,4,0,0,0,0,3,1,6,1,57,9,-1,-1,-1,-1,-1,-1
201760V064705,3,9,0,3,0,4,0,0,0,0,3,1,6,1,54,8,-1,-1,-1,-1,-1,-1
201760V064744,1,4,0,18,0,0,0,0,0,0,1,1,6,1,-1,-1,-1,-1,-1,-1,-1,-1
201760V064744,2,90,0,18,0,0,0,0,0,0,2,1,6,1,-1,-1,-1,-1,-1,-1,-1,-1
201760V065171,1,9,0,18,0,1,0,0,0,0,1,1,6,1,50,8,-1,-1,-1,-1,-1,-1
201760V065239,1,5,0,17,0,0,0,0,1,0,3,1,6,1,53,8,-1,-1,-1,-1,-1,-1
201760V065250,1,1,0,18,0,0,0,0,0,0,3,1,6,1,66,10,-1,-1,-1,-1,-1,-1
201760V065250,2,9,0,13,0,0,0,0,0,0,4,1,6,2,29,6,-1,-1,-1,-1,-1,-1
201760V065268,1,5,0,16,0,0,2,0,0,0,1,1,6,1,47,8,-1,-1,-1,-1,-1,-1
201760V065268,2,5,0,17,0,0,5,0,0,0,1,1,6,1,39,7,-1,-1,-1,-1,-1,-1
201760V065286,1,5,0,16,0,0,2,0,0,0,3,1,6,1,29,6,-1,-1,-1,-1,-1,-1
201760V065313,1,9,0,18,0,1,0,0,0,0,1,1,6,2,76,11,-1,-1,-1,-1,-1,-1
201760V065313,2,9,0,9,0,1,0,0,0,0,2,1,6,1,76,11,-1,-1,-1,-1,-1,-1
201760V065480,1,4,0,13,0,2,0,0,7,0,4,1,6,1,19,4,-1,-1,-1,-1,-1,-1
201760V065793,1,9,0,18,0,0,5,0,0,0,1,1,2,2,59,9,-1,-1,-1,-1,-1,-1
201760V065793,2,9,0,2,0,0,0,0,0,0,2,1,6,3,-1,-1,-1,-1,-1,-1,-1,-1
201760V065793,3,9,0,2,0,0,0,0,0,0,2,1,6,1,-1,-1,-1,-1,-1,-1,-1,-1
201760V065913,1,9,0,18,0,1,0,0,0,0,4,1,6,2,70,10,-1,-1,-1,-1,-1,-1
201760V065913,2,1,0,18,0,1,0,0,0,0,3,1,6,1,34,6,-1,-1,-1,-1,-1,-1
201760V065989,1,9,0,18,0,4,0,0,0,0,1,1,6,2,60,9,-1,-1,-1,-1,-1,-1
201760V065989,2,9,0,18,0,3,0,0,0,0,1,1,6,1,29,6,-1,-1,-1,-1,-1,-1
201760V066420,1,9,0,18,0,0,0,0,0,0,0,1,6,3,-1,-1,-1,-1,-1,-1,-1,-1
201760V066420,2,1,0,13,0,0,5,0,0,0,0,1,6,1,28,6,-1,-1,-1,-1,-1,-1
201760V066810,1,5,0,16,0,0,2,0,7,4,1,1,6,1,25,5,-1,-1,-1,-1,-1,-1