Accident_Index,Vehicle_Reference,Vehicle_Type,Towing_and_Articulation,Vehicle_Manoeuvre,Vehicle_Location-Restricted_Lane,Junction_Location,Skidding_and_Overturning,Hit_Object_in_Carriageway,Vehicle_Leaving_Carriageway,Hit_Object_off_Carriageway,1st_Point_of_Impact,Was_Vehicle_Left_Hand_Drive?,Journey_Purpose_of_Driver,Sex_of_Driver,Age_of_Driver,Age_Band_of_Driver,Engine_Capacity_(CC),Propulsion_Code,Age_of_Vehicle,Driver_IMD_Decile,Driver_Home_Area_Type,Vehicle_IMD_Decile
201760V067300,1,9,0,17,0,0,0,0,2,11,4,1,6,1,64,9,-1,-1,-1,-1,-1,-1
201760V067438,1,3,0,7,0,1,1,0,0,0,0,1,6,1,70,10,-1,-1,-1,-1,-1,-1
201760V067490,1,9,0,5,0,4,0,0,0,0,1,1,3,2,37,7,-1,-1,-1,-1,-1,-1
201760V067490,2,1,0,17,0,3,0,0,0,0,1,1,6,1,69,10,-1,-1,-1,-1,-1,-1
201760V067560,1,9,0,18,0,0,0,0,0,0,3,1,6,1,44,7,-1,-1,-1,-1,-1,-1
201760V067587,1,1,0,18,0,1,0,0,0,0,1,1,6,1,14,3,-1,-1,-1,-1,-1,-1
201760V067587,2,9,0,10,0,1,0,0,0,0,2,1,2,2,35,6,-1,-1,-1,-1,-1,-1
201760V067628,1,1,0,18,0,2,0,0,0,0,1,1,6,1,13,3,-1,-1,-1,-1,-1,-1
201760V067628,2,9,0,18,0,1,0,0,0,0,4,1,6,1,68,10,-1,-1,-1,-1,-1,-1
201760V067940,1,9,0,17,0,1,0,0,0,0,3,1,6,1,26,6,-1,-1,-1,-1,-1,-1
201760V067940,2,9,0,16,0,1,5,0,2,10,3,1,6,1,52,8,-1,-1,-1,-1,-1,-1
201760V068063,1,9,0,5,0,1,0,0,0,0,1,1,6,2,33,6,-1,-1,-1,-1,-1,-1
201760V068063,2,9,0,18,0,1,0,0,0,0,3,1,6,1,21,5,-1,-1,-1,-1,-1,-1
201760V068063,3,9,0,18,0,1,0,0,0,0,3,1,6,1,80,11,-1,-1,-1,-1,-1,-1
201760V068063,4,9,0,18,0,1,0,0,0,0,1,1,2,2,21,5,-1,-1,-1,-1,-1,-1
201760V068135,1,9,0,6,0,8,0,0,0,0,3,1,6,1,38,7,-1,-1,-1,-1,-1,-1
201760V068135,2,5,0,13,0,1,0,0,0,0,1,1,6,1,53,8,-1,-1,-1,-1,-1,-1
201760V068160,1,9,0,16,0,0,0,0,1,11,1,1,6,2,33,6,-1,-1,-1,-1,-1,-1
201760V068160,2,9,0,17,0,0,0,0,0,0,1,1,6,2,91,11,-1,-1,-1,-1,-1,-1
201760V068185,1,9,0,16,0,0,1,0,0,0,1,1,2,1,18,4,-1,-1,-1,-1,-1,-1
201760V068185,2,9,0,17,0,0,0,0,0,0,1,1,6,1,68,10,-1,-1,-1,-1,-1,-1
201760V068302,1,9,0,18,0,0,0,0,0,0,1,1,6,1,49,8,-1,-1,-1,-1,-1,-1
201760V068571,1,5,0,17,0,0,0,10,1,4,1,1,6,1,30,6,-1,-1,-1,-1,-1,-1
201760V068692,1,9,0,18,0,2,0,0,0,0,3,1,2,1,31,6,-1,-1,-1,-1,-1,-1
201760V068729,1,9,0,18,0,1,0,0,0,0,1,1,6,1,46,8,-1,-1,-1,-1,-1,-1
201760V069048,1,9,0,17,0,0,0,0,1,11,4,1,6,2,61,9,-1,-1,-1,-1,-1,-1
201760V069160,1,9,0,7,0,1,1,0,1,0,1,1,6,1,47,8,-1,-1,-1,-1,-1,-1
201760V069160,2,9,0,18,0,1,0,0,0,0,3,1,6,2,61,9,-1,-1,-1,-1,-1,-1
201760V069160,3,9,0,10,0,1,0,0,0,0,1,1,6,2,27,6,-1,-1,-1,-1,-1,-1
201760V069331,1,4,0,16,0,0,0,0,0,0,1,1,6,1,23,5,-1,-1,-1,-1,-1,-1
201760V069331,2,9,0,17,0,0,0,0,0,0,1,1,6,2,47,8,-1,-1,-1,-1,-1,-1
201760V069458,1,9,0,4,0,0,0,0,0,0,1,1,1,2,26,6,-1,-1,-1,-1,-1,-1
201760V069527,1,9,0,16,0,0,1,0,0,0,4,1,1,1,17,4,-1,-1,-1,-1,-1,-1
201760V069527,2,9,0,17,0,0,0,0,0,0,3,1,1,1,50,8,-1,-1,-1,-1,-1,-1
201760V069816,1,9,0,18,0,0,1,0,0,0,1,1,2,1,25,5,-1,-1,-1,-1,-1,-1
201760V069816,2,9,0,18,0,0,1,0,1,0,1,1,6,1,45,7,-1,-1,-1,-1,-1,-1
201760V069959,1,11,0,18,0,0,0,0,0,0,1,1,1,1,41,7,-1,-1,-1,-1,-1,-1
201760V070061,1,9,0,18,0,0,2,0,1,11,1,1,1,1,40,7,-1,-1,-1,-1,-1,-1
201760V070075,1,9,0,18,0,1,0,0,0,0,1,1,6,1,30,6,-1,-1,-1,-1,-1,-1
201760V070075,2,9,0,8,0,1,0,0,0,0,2,1,3,1,40,7,-1,-1,-1,-1,-1,-1
201760V070441,1,9,0,18,0,2,0,0,0,0,1,1,6,3,-1,-1,-1,-1,-1,-1,-1,-1
201760V070441,2,1,0,18,0,6,0,0,0,0,3,1,6,1,13,3,-1,-1,-1,-1,-1,-1
201760V071396,1,9,0,18,0,0,5,0,2,11,1,1,6,1,19,4,-1,-1,-1,-1,-1,-1
201760V071559,1,5,0,17,0,1,0,0,0,0,1,1,6,1,63,9,-1,-1,-1,-1,-1,-1
201760V071559,2,98,0,17,0,1,0,0,0,0,3,1,6,1,34,6,-1,-1,-1,-1,-1,-1
201760V071559,3,9,0,10,0,1,0,0,0,0,3,1,6,2,53,8,-1,-1,-1,-1,-1,-1
201760V071572,1,9,0,18,0,8,0,0,1,0,3,1,6,1,55,8,-1,-1,-1,-1,-1,-1
201760V071572,2,9,0,18,0,1,0,0,0,0,1,1,6,2,34,6,-1,-1,-1,-1,-1,-1
201760V071838,1,9,0,7,0,1,0,0,0,0,0,1,1,1,28,6,-1,-1,-1,-1,-1,-1
201760V071838,2,5,0,4,0,1,1,0,0,0,1,1,6,1,48,8,-1,-1,-1,-1,-1,-1
201760V071838,3,5,0,4,0,1,0,0,0,0,3,1,6,1,53,8,-1,-1,-1,-1,-1,-1
201760V071905,1,9,0,18,0,0,1,0,0,0,1,1,6,2,52,8,-1,-1,-1,-1,-1,-1
201760V071905,2,9,0,18,0,0,0,0,1,11,3,1,6,1,44,7,-1,-1,-1,-1,-1,-1
201760V071905,3,9,0,18,0,0,0,0,0,0,1,1,6,1,59,9,-1,-1,-1,-1,-1,-1
201760V073027,1,1,0,18,0,8,0,0,0,0,4,1,6,1,15,3,-1,-1,-1,-1,-1,-1
201760V073027,2,9,0,18,0,8,0,0,0,0,1,1,6,2,25,5,-1,-1,-1,-1,-1,-1
201760V073120,1,9,0,1,0,0,0,0,0,0,2,1,6,1,36,7,-1,-1,-1,-1,-1,-1
201760V073608,1,9,0,18,0,8,0,0,0,0,1,1,6,1,83,11,-1,-1,-1,-1,-1,-1
201760V073608,2,9,0,18,0,8,0,4,0,0,2,1,6,2,60,9,-1,-1,-1,-1,-1,-1
201760V073608,3,9,0,2,6,2,0,0,0,0,2,1,6,2,56,9,-1,-1,-1,-1,-1,-1
201760V073608,4,9,0,2,6,2,0,0,0,0,1,1,6,3,-1,-1,-1,-1,-1,-1,-1,-1
201760V073608,5,11,0,4,0,1,0,0,0,0,0,1,1,3,-1,-1,-1,-1,-1,-1,-1,-1
201760V073655,1,9,0,18,0,0,0,0,0,0,1,1,6,1,32,6,-1,-1,-1,-1,-1,-1
201760V073697,1,9,0,1,0,1,0,0,0,0,2,1,6,3,-1,-1,-1,-1,-1,-1,-1,-1
201760V073697,2,9,0,3,0,1,0,0,0,0,1,1,6,1,59,9,-1,-1,-1,-1,-1,-1
201760V073757,1,9,0,18,0,0,0,0,0,0,4,1,1,2,31,6,-1,-1,-1,-1,-1,-1
201760V074127,1,1,0,18,0,6,0,0,0,0,1,1,6,1,10,2,-1,-1,-1,-1,-1,-1
201760V074127,2,19,0,18,0,1,0,0,0,0,4,1,6,2,58,9,-1,-1,-1,-1,-1,-1
201760V074142,1,4,0,17,0,0,0,0,0,0,3,1,6,1,65,9,-1,-1,-1,-1,-1,-1
201760V074142,2,9,0,16,0,0,0,0,0,0,3,1,6,1,76,11,-1,-1,-1,-1,-1,-1
201760V074210,1,9,0,18,0,0,0,4,0,0,1,1,6,1,74,10,-1,-1,-1,-1,-1,-1
201760V074210,2,9,0,2,0,0,0,0,0,0,2,1,6,1,34,6,-1,-1,-1,-1,-1,-1
201760V074358,1,97,0,18,0,0,0,0,0,0,1,1,6,1,20,4,-1,-1,-1,-1,-1,-1
201760V074358,2,1,0,18,0,0,0,0,0,0,2,1,6,1,11,3,-1,-1,-1,-1,-1,-1
201760V074470,1,9,0,5,0,6,0,0,0,0,1,1,6,2,21,5,-1,-1,-1,-1,-1,-1
201760V074470,2,9,0,18,0,1,0,0,7,0,4,1,6,2,22,5,-1,-1,-1,-1,-1,-1
201760V075032,1,9,0,5,0,1,0,0,0,0,1,1,6,1,17,4,-1,-1,-1,-1,-1,-1
201760V075032,2,9,0,4,0,2,0,0,0,0,2,1,6,1,20,4,-1,-1,-1,-1,-1,-1
201760V075550,1,9,0,3,0,4,0,0,0,0,1,1,2,1,38,7,-1,-1,-1,-1,-1,-1
201760V075550,2,4,0,3,0,4,0,0,0,0,2,1,2,1,64,9,-1,-1,-1,-1,-1,-1
201760V075559,1,9,0,9,0,8,0,0,0,0,1,1,6,1,22,5,-1,-1,-1,-1,-1,-1
201760V075559,2,98,0,18,0,8,0,0,0,0,1,1,6,1,21,5,-1,-1,-1,-1,-1,-1
201760V076160,1,9,0,17,0,0,0,0,0,0,4,1,6,1,23,5,-1,-1,-1,-1,-1,-1
201760V076160,2,9,0,2,0,0,0,0,0,0,3,1,6,1,44,7,-1,-1,-1,-1,-1,-1
201760V076528,1,9,0,17,0,2,2,0,1,11,1,1,6,1,30,6,-1,-1,-1,-1,-1,-1
201760V076623,1,9,0,16,0,0,0,0,7,0,1,1,6,1,33,6,-1,-1,-1,-1,-1,-1
201760V076623,2,9,0,17,0,0,1,0,0,0,1,1,6,2,65,9,-1,-1,-1,-1,-1,-1
201760V076831,1,9,0,18,0,0,0,0,1,11,1,1,6,1,40,7,-1,-1,-1,-1,-1,-1
201760V076831,2,9,0,18,0,0,0,0,0,0,2,1,6,1,44,7,-1,-1,-1,-1,-1,-1
201760V076831,3,9,0,18,0,0,0,0,4,6,4,1,6,1,57,9,-1,-1,-1,-1,-1,-1
201760V077270,1,9,0,8,0,1,0,0,0,0,3,1,6,1,31,6,-1,-1,-1,-1,-1,-1
201760V077270,2,1,0,18,0,1,0,0,0,0,4,1,6,1,28,6,-1,-1,-1,-1,-1,-1
201760V077371,1,9,0,18,0,0,0,0,0,0,1,1,2,1,27,6,-1,-1,-1,-1,-1,-1
201760V077371,2,1,0,18,0,0,0,0,0,0,2,1,6,2,8,2,-1,-1,-1,-1,-1,-1
201760V077530,1,9,0,1,0,0,0,0,0,0,2,1,6,1,28,6,-1,-1,-1,-1,-1,-1
201760V077530,2,9,0,3,0,0,0,0,0,0,2,1,6,1,52,8,-1,-1,-1,-1,-1,-1
201760V077790,1,9,0,18,0,2,0,0,3,11,1,1,6,1,36,7,-1,-1,-1,-1,-1,-1
201760V077861,1,9,0,18,0,0,5,10,1,9,4,1,6,2,29,6,-1,-1,-1,-1,-1,-1
201760V078515,1,9,0,18,0,0,0,0,0,0,1,2,6,1,69,10,-1,-1,-1,-1,-1,-1
201760V078580,1,9,0,18,0,0,0,0,0,0,4,1,6,2,-1,-1,-1,-1,-1,-1,-1,-1
201760V079016,1,9,0,7,0,5,5,0,7,1,3,1,6,1,20,4,-1,-1,-1,-1,-1,-1
201760V079119,1,21,0,18,0,0,5,0,1,11,4,1,1,1,28,6,-1,-1,-1,-1,-1,-1
201760V079121,1,98,0,2,0,0,0,0,0,0,3,1,6,1,55,8,-1,-1,-1,-1,-1,-1
201760V079121,2,1,0,18,0,0,0,0,0,0,1,1,6,1,51,8,-1,-1,-1,-1,-1,-1
201760V079126,1,5,0,13,0,1,0,0,7,0,4,1,6,1,56,9,-1,-1,-1,-1,-1,-1
201760V079126,2,9,0,9,0,5,0,0,0,0,3,1,6,1,30,6,-1,-1,-1,-1,-1,-1
201760V079136,1,9,0,18,0,2,0,7,3,11,1,1,6,2,75,10,-1,-1,-1,-1,-1,-1
201760V079182,1,9,0,18,0,2,0,0,3,11,1,1,6,2,83,11,-1,-1,-1,-1,-1,-1
201760V079337,1,21,0,5,0,2,0,0,0,0,1,1,1,1,39,7,-1,-1,-1,-1,-1,-1
201760V079354,1,9,0,18,0,2,0,0,0,0,1,1,6,2,-1,-1,-1,-1,-1,-1,-1,-1
201760V079354,2,9,0,18,0,2,0,0,0,0,2,1,6,1,54,8,-1,-1,-1,-1,-1,-1
201760V079354,3,9,0,18,0,2,0,0,0,0,2,1,6,3,-1,-1,-1,-1,-1,-1,-1,-1
201760V080139,1,98,0,5,0,4,0,0,0,0,1,1,2,1,40,7,-1,-1,-1,-1,-1,-1
201760V080139,2,5,0,3,0,4,0,0,0,0,2,1,2,1,23,5,-1,-1,-1,-1,-1,-1
201760V080467,1,9,0,9,0,8,0,0,0,0,1,1,6,1,37,7,-1,-1,-1,-1,-1,-1
201760V080467,2,4,0,18,0,1,0,0,0,0,1,1,6,1,64,9,-1,-1,-1,-1,-1,-1
201760V080510,1,9,0,18,0,1,0,0,0,0,1,1,6,1,30,6,-1,-1,-1,-1,-1,-1
201760V080510,2,9,0,9,0,1,0,0,0,0,2,1,6,2,74,10,-1,-1,-1,-1,-1,-1
201760V080510,3,9,0,2,0,1,0,0,0,0,1,1,6,1,63,9,-1,-1,-1,-1,-1,-1
201760V080531,1,9,0,18,0,0,1,0,0,0,1,1,6,1,68,10,-1,-1,-1,-1,-1,-1
201760V080531,2,19,0,18,0,0,1,0,0,0,1,1,1,1,49,8,-1,-1,-1,-1,-1,-1
201760V080595,1,3,0,17,0,4,5,0,0,0,3,1,2,1,42,7,-1,-1,-1,-1,-1,-1
201760V081018,1,9,0,1,0,0,0,0,0,0,2,1,6,1,25,5,-1,-1,-1,-1,-1,-1
201760V081599,1,9,0,18,0,0,0,0,0,0,3,1,6,3,-1,-1,-1,-1,-1,-1,-1,-1
201760V082126,1,9,0,9,0,5,0,0,0,0,1,1,6,2,79,11,-1,-1,-1,-1,-1,-1
201760V082239,1,9,0,4,0,0,1,0,0,0,1,1,6,1,18,4,-1,-1,-1,-1,-1,-1
201760V082239,2,9,0,4,0,0,0,0,0,0,3,1,6,1,17,4,-1,-1,-1,-1,-1,-1
201760V082314,1,9,0,18,0,1,1,10,0,0,1,1,2,1,61,9,-1,-1,-1,-1,-1,-1
201760V082314,2,9,0,9,0,1,0,0,0,0,2,1,1,1,29,6,-1,-1,-1,-1,-1,-1
201760V082366,1,9,0,14,0,2,0,0,0,0,1,1,6,1,76,11,-1,-1,-1,-1,-1,-1
201760V082408,1,9,0,18,0,8,0,0,0,0,1,1,6,2,54,8,-1,-1,-1,-1,-1,-1
201760V082408,2,9,0,10,0,8,0,0,0,0,2,1,6,1,56,9,-1,-1,-1,-1,-1,-1
201760V082428,1,98,0,16,0,0,0,0,1,2,1,1,1,1,25,5,-1,-1,-1,-1,-1,-1
201760V082684,1,9,0,4,0,0,0,0,0,0,2,1,1,2,35,6,-1,-1,-1,-1,-1,-1
201760V082684,2,9,0,18,0,0,0,0,0,0,1,1,2,2,56,9,-1,-1,-1,-1,-1,-1
201760V082684,3,9,0,18,0,0,0,0,0,0,2,1,2,1,58,9,-1,-1,-1,-1,-1,-1
201760V082684,4,9,0,18,0,0,0,0,0,0,1,1,6,1,27,6,-1,-1,-1,-1,-1,-1
201760V082711,1,21,0,7,0,6,0,0,0,0,3,1,1,1,71,10,-1,-1,-1,-1,-1,-1
201760V082711,2,9,0,18,0,1,0,0,0,0,1,1,4,2,19,4,-1,-1,-1,-1,-1,-1
201760V082733,1,8,0,16,0,0,0,0,0,0,1,1,1,1,37,7,-1,-1,-1,-1,-1,-1
201760V082733,2,9,0,17,0,0,0,0,0,0,1,1,1,1,28,6,-1,-1,-1,-1,-1,-1
201760V083140,1,9,0,5,0,6,0,0,0,0,4,1,1,2,51,8,-1,-1,-1,-1,-1,-1
201760V083140,2,9,0,18,0,1,1,0,0,0,1,1,6,1,37,7,-1,-1,-1,-1,-1,-1
201760V083239,1,5,0,4,0,1,2,0,0,0,3,1,6,1,59,9,-1,-1,-1,-1,-1,-1
201760V083322,1,1,0,18,0,1,0,0,0,0,1,1,6,1,14,3,-1,-1,-1,-1,-1,-1
201760V083322,2,9,0,9,0,1,0,0,0,0,2,1,6,1,50,8,-1,-1,-1,-1,-1,-1
201760V083379,1,98,0,4,0,1,0,0,0,0,1,1,6,2,-1,-1,-1,-1,-1,-1,-1,-1
201760V083379,2,9,0,3,0,1,0,0,0,0,2,1,6,2,25,5,-1,-1,-1,-1,-1,-1
201760V084259,1,3,0,12,0,1,2,0,0,0,0,1,2,2,28,6,-1,-1,-1,-1,-1,-1
201760V084259,2,98,0,18,0,1,0,0,0,0,0,1,6,3,-1,-1,-1,-1,-1,-1,-1,-1
201760V084381,1,9,0,16,0,0,0,11,0,0,3,1,6,1,78,11,-1,-1,-1,-1,-1,-1
201760V084673,1,3,0,13,0,1,0,0,0,0,1,1,6,1,29,6,-1,-1,-1,-1,-1,-1
201760V084673,2,9,0,9,0,5,0,0,0,0,3,1,6,2,24,5,-1,-1,-1,-1,-1,-1
201760V085018,1,9,0,17,0,0,1,0,0,0,2,1,6,2,31,6,-1,-1,-1,-1,-1,-1
201760V085018,2,9,0,18,0,0,0,0,0,0,1,1,6,1,32,6,-1,-1,-1,-1,-1,-1
201760V085169,1,98,0,9,0,6,0,0,0,0,1,1,1,2,43,7,-1,-1,-1,-1,-1,-1
201760V085169,2,9,0,18,0,1,0,0,0,0,4,1,6,1,37,7,-1,-1,-1,-1,-1,-1
201760V085294,1,1,0,18,0,8,0,0,0,0,3,1,6,1,14,3,-1,-1,-1,-1,-1,-1
201760V085294,2,9,0,18,0,8,0,0,0,0,1,1,6,2,42,7,-1,-1,-1,-1,-1,-1
201760V085402,1,98,0,16,0,0,0,0,0,0,4,1,6,1,42,7,-1,-1,-1,-1,-1,-1
201760V085579,1,5,0,16,0,0,1,0,0,0,1,1,6,1,27,6,-1,-1,-1,-1,-1,-1
201760V085579,2,9,0,17,0,0,0,0,0,0,1,1,1,1,65,9,-1,-1,-1,-1,-1,-1
201760V085833,1,5,0,16,0,0,0,0,0,0,4,1,6,1,55,8,-1,-1,-1,-1,-1,-1
201760V085833,2,9,0,17,0,0,0,0,0,0,4,1,6,1,42,7,-1,-1,-1,-1,-1,-1
201760V086282,1,9,0,3,0,1,0,0,0,0,2,1,6,2,25,5,-1,-1,-1,-1,-1,-1
201760V086282,2,9,0,18,0,1,0,0,0,0,1,1,6,1,49,8,-1,-1,-1,-1,-1,-1
201760V086965,1,9,0,4,0,0,0,0,0,0,1,1,6,2,33,6,-1,-1,-1,-1,-1,-1
201760V087453,1,9,0,18,0,1,0,0,0,0,1,1,6,1,69,10,-1,-1,-1,-1,-1,-1
201760V087453,2,9,0,3,0,1,0,0,0,0,1,1,6,2,44,7,-1,-1,-1,-1,-1,-1
201760V087453,3,9,0,3,0,1,0,0,0,0,1,1,6,1,39,7,-1,-1,-1,-1,-1,-1
201760V087455,1,9,0,13,0,1,0,0,0,0,1,1,6,3,-1,-1,-1,-1,-1,-1,-1,-1
201760V087455,2,1,0,18,0,1,0,0,0,0,3,1,6,1,24,5,-1,-1,-1,-1,-1,-1
201760V087538,1,9,0,17,0,0,1,0,1,0,1,1,1,1,21,5,-1,-1,-1,-1,-1,-1
201760V087538,2,21,0,18,0,0,2,0,1,0,1,1,1,1,59,9,-1,-1,-1,-1,-1,-1
201760V087911,1,9,0,18,0,0,0,0,0,0,4,1,6,2,78,11,-1,-1,-1,-1,-1,-1
201760V087911,2,9,0,18,0,0,0,0,0,0,3,1,6,1,66,10,-1,-1,-1,-1,-1,-1
201760V087911,3,9,0,18,0,0,0,0,0,0,1,1,6,2,68,10,-1,-1,-1,-1,-1,-1
201760V088011,1,19,0,18,0,0,0,0,0,0,1,1,1,1,26,6,-1,-1,-1,-1,-1,-1
201760V088011,2,9,0,3,0,0,0,0,0,0,2,1,6,2,42,7,-1,-1,-1,-1,-1,-1
201760V088011,3,9,0,3,0,0,0,0,0,0,2,1,6,2,69,10,-1,-1,-1,-1,-1,-1
201760V088039,1,9,0,17,0,0,0,0,0,0,1,1,6,1,79,11,-1,-1,-1,-1,-1,-1
201760V088039,2,9,0,16,0,0,0,0,0,0,1,1,2,1,61,9,-1,-1,-1,-1,-1,-1
201760V088107,1,9,0,18,0,0,0,0,0,0,4,1,6,2,-1,-1,-1,-1,-1,-1,-1,-1
201760V088425,1,5,0,13,0,1,2,0,0,0,1,1,6,1,45,7,-1,-1,-1,-1,-1,-1
201760V088425,2,19,0,9,0,8,0,0,0,0,0,1,1,1,18,4,-1,-1,-1,-1,-1,-1
201760V088652,1,9,0,5,0,0,0,0,0,0,1,1,6,2,91,11,-1,-1,-1,-1,-1,-1
201760V088652,2,1,0,17,0,0,0,0,0,0,4,1,2,1,48,8,-1,-1,-1,-1,-1,-1
201760V089101,1,9,0,18,0,0,0,0,0,0,1,1,6,1,55,8,-1,-1,-1,-1,-1,-1
201760V089101,2,9,0,4,0,0,0,0,0,0,2,1,6,2,25,5,-1,-1,-1,-1,-1,-1
201760V089101,3,9,0,3,0,0,0,0,0,0,2,1,6,2,28,6,-1,-1,-1,-1,-1,-1
201760V089195,1,9,0,16,0,0,0,0,0,0,4,1,6,1,37,7,-1,-1,-1,-1,-1,-1
201760V089195,2,9,0,2,0,0,0,0,0,0,3,1,6,1,58,9,-1,-1,-1,-1,-1,-1
201760V089212,1,9,0,9,0,6,0,0,0,0,3,1,6,2,33,6,-1,-1,-1,-1,-1,-1
201760V089212,2,5,0,18,0,1,5,0,0,0,1,1,6,1,56,9,-1,-1,-1,-1,-1,-1
201760V089740,1,17,0,9,0,6,0,0,0,0,0,2,1,1,17,4,-1,-1,-1,-1,-1,-1
201760V089740,2,1,0,18,0,1,0,0,7,10,3,1,6,1,47,8,-1,-1,-1,-1,-1,-1
201760V089816,1,9,4,18,0,0,0,0,0,0,0,1,6,1,46,8,-1,-1,-1,-1,-1,-1
201760V089816,2,9,0,18,0,0,0,0,0,0,1,1,6,2,62,9,-1,-1,-1,-1,-1,-1
201760V089816,3,9,0,18,0,0,0,0,4,0,2,1,6,1,31,6,-1,-1,-1,-1,-1,-1
201760V089821,1,9,0,18,0,1,0,0,0,0,1,1,6,1,81,11,-1,-1,-1,-1,-1,-1
201760V089821,2,9,0,9,0,1,0,0,0,0,2,1,6,1,31,6,-1,-1,-1,-1,-1,-1
201760V089843,1,9,0,18,0,0,0,0,7,11,1,1,6,2,70,10,-1,-1,-1,-1,-1,-1
201760V089843,2,9,0,2,0,0,0,0,0,0,1,1,6,2,69,10,-1,-1,-1,-1,-1,-1
201760V089933,1,9,0,9,0,1,0,0,0,0,3,1,6,1,54,8,-1,-1,-1,-1,-1,-1
201760V089933,2,4,0,13,0,1,0,0,0,0,1,1,6,1,28,6,-1,-1,-1,-1,-1,-1
201760V089963,1,97,0,17,0,0,5,0,1,0,1,1,6,1,45,7,-1,-1,-1,-1,-1,-1
201760V089997,1,9,0,4,0,1,0,0,0,0,1,1,6,1,31,6,-1,-1,-1,-1,-1,-1
201760V089997,2,9,0,4,0,1,0,0,0,0,2,1,6,2,52,8,-1,-1,-1,-1,-1,-1
201760V089997,3,9,0,4,0,1,0,0,0,0,2,1,6,1,-1,-1,-1,-1,-1,-1,-1,-1
201760V090029,1,9,0,18,0,0,0,0,0,0,1,1,6,1,24,5,-1,-1,-1,-1,-1,-1
201760V090029,2,98,0,4,0,0,0,0,0,0,2,1,6,1,-1,-1,-1,-1,-1,-1,-1,-1
201760V090029,3,9,0,4,0,0,0,0,0,0,2,1,6,1,20,4,-1,-1,-1,-1,-1,-1
201760V090404,1,1,0,17,0,0,0,0,1,0,1,1,6,1,53,8,-1,-1,-1,-1,-1,-1
201760V090404,2,9,0,3,0,0,0,0,0,0,1,1,6,1,67,10,-1,-1,-1,-1,-1,-1
201760V090448,1,17,4,18,0,0,3,0,7,11,4,1,1,1,17,4,-1,-1,-1,-1,-1,-1
201760V090612,1,9,0,18,0,0,0,0,2,1,1,1,6,2,35,6,-1,-1,-1,-1,-1,-1
201760V091015,1,9,0,18,0,2,0,0,0,0,3,1,6,3,-1,-1,-1,-1,-1,-1,-1,-1
201760V091015,2,9,0,18,0,1,0,0,0,0,3,1,6,1,51,8,-1,-1,-1,-1,-1,-1
201760V091026,1,98,0,18,0,1,0,0,0,0,1,1,1,1,29,6,-1,-1,-1,-1,-1,-1
201760V091026,2,98,0,10,0,1,0,0,0,0,2,1,1,2,37,7,-1,-1,-1,-1,-1,-1
201760V091119,1,9,0,16,0,0,0,0,0,0,1,1,6,1,30,6,-1,-1,-1,-1,-1,-1
201760V091119,2,9,0,17,0,0,0,0,1,11,1,1,6,2,50,8,-1,-1,-1,-1,-1,-1
201760V091141,1,9,0,17,0,0,5,0,1,11,4,1,6,1,75,10,-1,-1,-1,-1,-1,-1
201760V091305,1,9,0,18,0,2,0,0,0,0,1,1,1,1,68,10,-1,-1,-1,-1,-1,-1
201760V091305,2,9,0,9,0,2,1,7,8,3,3,1,1,1,19,4,-1,-1,-1,-1,-1,-1
201760V091854,1,9,0,18,0,2,0,0,3,11,1,1,6,1,46,8,-1,-1,-1,-1,-1,-1
201760V091891,1,9,0,16,0,1,0,0,3,11,1,1,6,2,70,10,-1,-1,-1,-1,-1,-1
201760V092070,1,9,0,18,0,0,0,4,7,4,1,1,6,1,29,6,-1,-1,-1,-1,-1,-1
201760V092070,2,98,0,2,0,0,0,0,0,0,2,1,6,1,-1,-1,-1,-1,-1,-1,-1,-1
201760V092493,1,9,0,13,0,0,0,0,0,0,4,1,6,1,-1,-1,-1,-1,-1,-1,-1,-1
201760V092493,2,1,0,18,0,0,0,0,1,0,3,1,2,1,21,5,-1,-1,-1,-1,-1,-1
201760V092672,1,9,0,18,9,1,0,10,1,2,1,1,6,1,35,6,-1,-1,-1,-1,-1,-1
201760V092806,1,9,0,16,0,0,0,0,0,0,1,1,6,2,37,7,-1,-1,-1,-1,-1,-1
201760V092806,2,9,0,17,0,0,0,0,0,0,1,1,3,2,29,6,-1,-1,-1,-1,-1,-1
201760V092826,1,9,0,18,0,1,1,0,0,0,1,1,1,1,45,7,-1,-1,-1,-1,-1,-1
201760V092826,2,9,0,3,0,1,0,0,0,0,2,1,1,1,60,9,-1,-1,-1,-1,-1,-1
201760V093410,1,9,0,18,0,8,5,0,7,11,4,1,6,1,-1,-1,-1,-1,-1,-1,-1,-1
201760V093410,2,9,0,18,0,8,0,0,1,0,1,1,6,1,19,4,-1,-1,-1,-1,-1,-1
201760V093512,1,9,0,18,0,0,0,0,0,0,1,1,2,1,28,6,-1,-1,-1,-1,-1,-1
201760V093512,2,1,0,18,0,0,0,0,0,0,1,1,6,1,53,8,-1,-1,-1,-1,-1,-1
201760V093512,3,9,0,2,9,0,0,0,0,0,1,1,6,1,75,10,-1,-1,-1,-1,-1,-1
201760V093650,1,5,0,16,0,0,1,0,0,0,1,1,6,1,62,9,-1,-1,-1,-1,-1,-1
201760V093650,2,9,0,17,0,0,0,0,0,0,1,1,6,1,74,10,-1,-1,-1,-1,-1,-1
201760V093670,1,5,0,16,0,0,1,0,7,9,1,1,6,1,28,6,-1,-1,-1,-1,-1,-1
201760V093670,2,9,0,17,0,0,1,0,1,9,1,1,6,2,62,9,-1,-1,-1,-1,-1,-1
201760V093827,1,9,0,9,0,5,0,0,0,0,1,1,6,2,32,6,-1,-1,-1,-1,-1,-1
201760V093827,2,9,0,18,0,1,0,0,0,0,1,1,6,2,39,7,-1,-1,-1,-1,-1,-1
201760V094343,1,9,0,16,0,5,5,10,1,1,1,1,6,2,23,5,-1,-1,-1,-1,-1,-1
201760V094381,1,3,0,16,0,0,0,0,0,0,3,1,6,2,49,8,-1,-1,-1,-1,-1,-1
201760V094381,2,21,1,17,0,0,0,0,0,0,3,1,1,1,36,7,-1,-1,-1,-1,-1,-1
201760V094390,1,9,0,11,0,0,0,0,0,0,1,1,6,1,65,9,-1,-1,-1,-1,-1,-1
201760V094390,2,9,0,18,0,0,0,0,0,0,2,1,6,2,22,5,-1,-1,-1,-1,-1,-1
201760V094505,1,9,0,17,0,0,0,0,7,0,1,1,6,2,44,7,-1,-1,-1,-1,-1,-1