Accident_Index,Vehicle_Reference,Vehicle_Type,Towing_and_Articulation,Vehicle_Manoeuvre,Vehicle_Location-Restricted_Lane,Junction_Location,Skidding_and_Overturning,Hit_Object_in_Carriageway,Vehicle_Leaving_Carriageway,Hit_Object_off_Carriageway,1st_Point_of_Impact,Was_Vehicle_Left_Hand_Drive?,Journey_Purpose_of_Driver,Sex_of_Driver,Age_of_Driver,Age_Band_of_Driver,Engine_Capacity_(CC),Propulsion_Code,Age_of_Vehicle,Driver_IMD_Decile,Driver_Home_Area_Type,Vehicle_IMD_Decile
201760V094505,2,9,0,16,0,0,0,0,0,0,1,1,6,2,35,6,-1,-1,-1,-1,-1,-1
201760V095193,1,1,0,18,9,1,0,0,0,0,1,1,6,1,10,2,-1,-1,-1,-1,-1,-1
201760V095193,2,9,0,2,0,1,0,0,0,0,4,1,6,2,35,6,-1,-1,-1,-1,-1,-1
201760V095417,1,3,0,9,0,8,2,0,0,0,0,1,2,1,28,6,-1,-1,-1,-1,-1,-1
201760V095419,1,9,0,18,0,3,0,10,2,11,1,1,6,1,75,10,-1,-1,-1,-1,-1,-1
201760V095419,2,19,0,18,0,3,0,0,0,0,4,1,1,1,47,8,-1,-1,-1,-1,-1,-1
201760V095536,1,9,0,18,0,0,0,0,0,0,1,1,6,1,36,7,-1,-1,-1,-1,-1,-1
201760V095536,2,9,0,18,0,0,0,0,1,0,1,1,6,1,60,9,-1,-1,-1,-1,-1,-1
201760V096100,1,9,0,18,0,1,0,0,0,0,1,1,2,2,47,8,-1,-1,-1,-1,-1,-1
201760V096100,2,4,0,3,0,1,0,0,0,0,2,1,2,1,54,8,-1,-1,-1,-1,-1,-1
201760V096187,1,9,0,9,0,4,0,0,0,0,0,1,2,1,23,5,-1,-1,-1,-1,-1,-1
201760V096187,2,2,0,9,0,3,1,0,0,0,0,1,2,1,46,8,-1,-1,-1,-1,-1,-1
201760V096452,1,8,0,5,0,0,0,0,0,0,3,1,3,1,-1,-1,-1,-1,-1,-1,-1,-1
201760V096812,1,9,0,5,0,4,0,0,0,0,1,1,6,1,22,5,-1,-1,-1,-1,-1,-1
201760V096812,2,9,0,9,0,5,0,0,0,0,4,1,6,1,24,5,-1,-1,-1,-1,-1,-1
201760V096933,1,9,0,7,0,6,0,0,0,0,1,1,6,2,19,4,-1,-1,-1,-1,-1,-1
201760V096933,2,8,0,3,0,2,0,0,0,0,2,1,1,2,50,8,-1,-1,-1,-1,-1,-1
201760V097120,1,98,0,1,0,1,0,0,0,0,2,1,1,1,38,7,-1,-1,-1,-1,-1,-1
201760V097195,1,5,0,17,0,0,0,0,1,9,1,1,6,1,39,7,-1,-1,-1,-1,-1,-1
201760V097269,1,9,0,18,0,0,0,4,0,0,1,1,6,1,38,7,-1,-1,-1,-1,-1,-1
201760V097269,2,9,0,2,0,0,0,0,0,0,3,1,6,1,30,6,-1,-1,-1,-1,-1,-1
201760V097269,3,9,0,2,0,0,0,0,0,0,3,1,6,1,17,4,-1,-1,-1,-1,-1,-1
201760V098325,1,9,0,14,0,4,0,0,0,0,4,1,6,3,-1,-1,-1,-1,-1,-1,-1,-1
201760V098325,2,4,0,3,0,1,0,0,0,0,3,1,6,1,23,5,-1,-1,-1,-1,-1,-1
201760V098343,1,5,0,18,0,0,1,0,5,6,3,1,6,1,54,8,-1,-1,-1,-1,-1,-1
201760V098442,1,8,0,18,0,1,1,0,1,11,4,1,6,2,26,6,-1,-1,-1,-1,-1,-1
201760V098442,2,9,0,10,9,6,0,0,0,0,1,1,6,1,47,8,-1,-1,-1,-1,-1,-1
201760V098442,3,9,0,2,9,1,0,0,0,0,0,1,6,2,52,8,-1,-1,-1,-1,-1,-1
201760V098561,1,9,0,9,0,2,0,0,1,11,1,1,6,1,36,7,-1,-1,-1,-1,-1,-1
201760V098642,1,9,0,17,0,0,1,0,7,3,3,1,6,2,25,5,-1,-1,-1,-1,-1,-1
201760V098699,1,9,0,18,0,1,1,0,1,1,1,1,2,1,19,4,-1,-1,-1,-1,-1,-1
201760V098699,2,9,0,2,6,1,0,0,0,0,2,1,2,2,40,7,-1,-1,-1,-1,-1,-1
201760V098870,1,21,1,5,0,4,0,0,0,0,1,1,1,1,54,8,-1,-1,-1,-1,-1,-1
201760V098870,2,9,0,3,0,4,0,0,0,0,2,1,2,1,62,9,-1,-1,-1,-1,-1,-1
201760V099172,1,97,0,16,0,0,5,0,1,11,4,1,6,1,22,5,-1,-1,-1,-1,-1,-1
201760V099704,1,9,0,16,0,0,1,0,0,0,1,1,6,1,22,5,-1,-1,-1,-1,-1,-1
201760V099704,2,9,0,17,0,0,1,0,0,0,1,1,6,1,18,4,-1,-1,-1,-1,-1,-1
201760V099824,1,9,0,16,0,0,0,0,0,0,3,1,6,1,63,9,-1,-1,-1,-1,-1,-1
201760V099824,2,9,0,17,0,0,0,0,0,0,3,1,6,1,55,8,-1,-1,-1,-1,-1,-1
201760V100027,1,9,0,9,0,8,0,0,0,0,1,1,6,1,89,11,-1,-1,-1,-1,-1,-1
201760V100027,2,1,0,18,0,8,0,0,0,0,3,1,6,1,51,8,-1,-1,-1,-1,-1,-1
201760V100059,1,1,0,18,0,6,0,0,0,0,1,1,6,1,17,4,-1,-1,-1,-1,-1,-1
201760V100059,2,9,0,8,0,4,0,0,0,0,1,1,6,1,55,8,-1,-1,-1,-1,-1,-1
201760V100127,1,9,0,5,0,0,0,0,0,0,1,1,6,1,52,8,-1,-1,-1,-1,-1,-1
201760V100127,2,9,0,18,0,0,0,0,0,0,1,1,6,2,46,8,-1,-1,-1,-1,-1,-1
201760V100129,1,5,0,18,0,0,2,0,0,0,1,1,6,1,49,8,-1,-1,-1,-1,-1,-1
201760V100129,2,9,0,18,0,0,0,0,0,0,1,1,6,1,58,9,-1,-1,-1,-1,-1,-1
201760V100171,1,5,0,18,0,1,0,0,0,0,1,1,6,1,25,5,-1,-1,-1,-1,-1,-1
201760V100171,2,98,0,10,0,1,0,0,0,0,2,1,1,1,32,6,-1,-1,-1,-1,-1,-1
201760V100859,1,5,0,17,0,0,2,0,1,0,2,1,6,1,46,8,-1,-1,-1,-1,-1,-1
201760V100991,1,19,0,17,0,0,0,0,0,0,1,2,1,1,52,8,-1,-1,-1,-1,-1,-1
201760V100991,2,19,0,16,0,0,1,0,0,0,1,1,2,1,28,6,-1,-1,-1,-1,-1,-1
201760V101199,1,9,0,18,0,1,0,0,0,0,1,1,6,2,59,9,-1,-1,-1,-1,-1,-1
201760V101199,2,11,0,9,0,5,0,0,0,0,2,1,1,1,31,6,-1,-1,-1,-1,-1,-1
201760V101566,1,19,0,17,0,0,0,0,0,0,1,1,1,1,23,5,-1,-1,-1,-1,-1,-1
201760V101566,2,9,0,16,0,0,0,0,0,0,1,1,6,1,56,9,-1,-1,-1,-1,-1,-1
201760V101934,1,9,0,9,0,6,0,0,0,0,3,1,6,1,25,5,-1,-1,-1,-1,-1,-1
201760V101934,2,9,0,18,0,1,0,0,0,0,1,1,6,1,23,5,-1,-1,-1,-1,-1,-1
201760V102125,1,9,0,18,0,1,0,0,0,0,1,1,6,1,22,5,-1,-1,-1,-1,-1,-1
201760V102540,1,9,0,18,0,1,0,0,1,0,1,1,6,1,30,6,-1,-1,-1,-1,-1,-1
201760V102540,2,9,0,4,0,1,0,0,0,0,2,1,6,2,23,5,-1,-1,-1,-1,-1,-1
201760V102547,1,9,4,14,0,1,0,0,0,0,2,1,6,1,23,5,-1,-1,-1,-1,-1,-1
201760V102547,2,5,0,14,0,1,5,0,0,0,1,1,6,1,27,6,-1,-1,-1,-1,-1,-1
201760V102547,3,9,0,18,0,1,0,0,0,0,1,1,6,2,41,7,-1,-1,-1,-1,-1,-1
201760V102562,1,5,0,17,0,0,2,0,2,7,1,1,6,1,55,8,-1,-1,-1,-1,-1,-1
201760V102562,2,9,0,16,0,0,0,0,0,0,3,1,6,1,61,9,-1,-1,-1,-1,-1,-1
201760V102636,1,4,0,16,0,0,5,0,0,0,1,1,6,1,23,5,-1,-1,-1,-1,-1,-1
201760V102636,2,9,0,17,0,0,0,0,0,0,3,1,6,1,67,10,-1,-1,-1,-1,-1,-1
201760V102636,3,9,0,17,0,0,0,0,0,0,0,1,6,2,53,8,-1,-1,-1,-1,-1,-1
201760V102657,1,9,0,9,0,6,0,0,0,0,0,1,6,2,60,9,-1,-1,-1,-1,-1,-1
201760V102657,2,5,0,18,0,2,5,0,1,0,1,1,6,1,50,8,-1,-1,-1,-1,-1,-1
201760V102750,1,9,0,9,0,5,0,0,0,0,4,2,4,1,46,8,-1,-1,-1,-1,-1,-1
201760V102750,2,5,0,18,0,1,0,0,0,0,1,1,6,1,36,7,-1,-1,-1,-1,-1,-1
201760V102750,3,9,0,18,0,1,0,0,0,0,1,1,6,1,41,7,-1,-1,-1,-1,-1,-1
201760V102769,1,3,0,18,0,6,0,0,0,0,3,1,6,1,22,5,-1,-1,-1,-1,-1,-1
201760V102769,2,9,0,18,0,1,0,0,0,0,1,1,6,1,46,8,-1,-1,-1,-1,-1,-1
201760V102974,1,8,0,9,0,6,0,0,0,0,3,1,1,1,34,6,-1,-1,-1,-1,-1,-1
201760V102974,2,9,0,18,0,1,0,0,0,0,1,1,6,2,32,6,-1,-1,-1,-1,-1,-1
201760V102974,3,98,0,3,0,6,0,0,0,0,0,1,6,1,33,6,-1,-1,-1,-1,-1,-1
201760V103001,1,4,0,18,0,0,1,10,1,11,4,1,6,1,46,8,-1,-1,-1,-1,-1,-1
201760V103029,1,9,0,5,0,6,0,0,0,0,3,1,6,1,23,5,-1,-1,-1,-1,-1,-1
201760V103029,2,9,0,18,0,1,0,0,0,0,1,1,2,2,30,6,-1,-1,-1,-1,-1,-1
201760V103374,1,11,0,18,0,0,0,0,0,0,3,1,1,3,-1,-1,-1,-1,-1,-1,-1,-1
201760V103534,1,9,0,18,0,0,2,0,1,1,1,1,1,1,38,7,-1,-1,-1,-1,-1,-1
201760V103613,1,9,0,1,0,2,0,0,3,11,2,1,6,1,80,11,-1,-1,-1,-1,-1,-1
201760V103747,1,9,0,18,0,1,0,0,0,0,1,1,1,1,56,9,-1,-1,-1,-1,-1,-1
201760V103747,2,9,0,5,0,6,0,0,0,0,3,1,1,1,20,4,-1,-1,-1,-1,-1,-1
201760V103802,1,9,0,4,0,0,0,0,0,0,1,1,6,2,-1,-1,-1,-1,-1,-1,-1,-1
201760V104109,1,5,0,18,0,0,2,0,1,9,1,1,6,1,54,8,-1,-1,-1,-1,-1,-1
201760V104147,1,19,0,18,0,1,1,0,0,0,1,1,1,1,55,8,-1,-1,-1,-1,-1,-1
201760V104147,2,9,0,8,0,1,0,0,0,0,2,1,3,2,30,6,-1,-1,-1,-1,-1,-1
201760V104147,3,9,0,8,0,1,0,0,0,0,3,1,6,2,31,6,-1,-1,-1,-1,-1,-1
201760V104252,1,4,0,18,0,0,0,0,0,0,2,1,6,1,64,9,-1,-1,-1,-1,-1,-1
201760V104252,2,3,0,18,0,0,0,0,1,11,1,1,6,1,20,4,-1,-1,-1,-1,-1,-1
201760V104271,1,98,0,13,0,0,0,0,0,0,3,1,6,1,22,5,-1,-1,-1,-1,-1,-1
201760V104271,2,5,0,13,0,0,0,0,7,11,4,1,6,1,66,10,-1,-1,-1,-1,-1,-1
201760V104271,3,98,0,18,0,0,0,0,0,0,0,1,1,1,50,8,-1,-1,-1,-1,-1,-1
201760V104319,1,1,0,18,0,0,5,10,1,0,4,1,6,2,65,9,-1,-1,-1,-1,-1,-1
201760V104352,1,9,0,9,0,8,0,0,0,0,1,1,6,1,68,10,-1,-1,-1,-1,-1,-1
201760V104352,2,5,0,18,0,1,2,0,0,0,4,1,2,1,49,8,-1,-1,-1,-1,-1,-1
201760V104431,1,9,0,18,0,1,0,0,0,0,1,1,6,1,26,6,-1,-1,-1,-1,-1,-1
201760V104562,1,9,0,17,0,0,0,0,1,4,1,1,6,1,18,4,-1,-1,-1,-1,-1,-1
201760V104644,1,3,0,15,0,1,0,0,0,0,1,1,1,1,24,5,-1,-1,-1,-1,-1,-1
201760V104644,2,9,0,18,0,1,0,0,0,0,1,1,1,1,33,6,-1,-1,-1,-1,-1,-1
201760V104644,3,98,0,3,0,1,0,0,0,0,0,1,6,1,36,7,-1,-1,-1,-1,-1,-1
201760V104671,1,9,0,18,0,1,0,0,0,0,1,1,6,2,91,11,-1,-1,-1,-1,-1,-1
201760V104671,2,9,0,3,0,1,0,0,0,0,2,1,6,2,21,5,-1,-1,-1,-1,-1,-1
201760V104732,1,9,0,9,0,8,0,0,0,0,1,1,6,2,39,7,-1,-1,-1,-1,-1,-1
201760V104844,1,5,0,17,0,0,0,0,1,7,1,1,6,1,50,8,-1,-1,-1,-1,-1,-1
201760V104869,1,9,0,18,0,0,0,7,0,0,1,1,6,2,50,8,-1,-1,-1,-1,-1,-1
201760V105073,1,9,0,7,0,5,0,0,0,0,1,1,6,2,47,8,-1,-1,-1,-1,-1,-1
201760V105403,1,9,0,4,0,0,0,0,0,0,4,1,6,1,72,10,-1,-1,-1,-1,-1,-1
201760V105403,2,16,0,4,0,0,0,0,0,0,3,1,6,2,56,9,-1,-1,-1,-1,-1,-1
201760V105462,1,9,0,18,0,0,0,0,7,11,3,1,6,2,25,5,-1,-1,-1,-1,-1,-1
201760V105501,1,9,0,9,0,6,0,0,0,0,3,1,6,2,40,7,-1,-1,-1,-1,-1,-1
201760V105501,2,19,0,18,0,1,0,0,0,0,1,1,1,1,30,6,-1,-1,-1,-1,-1,-1
201760V105586,1,9,0,18,0,0,0,0,0,0,4,1,6,1,60,9,-1,-1,-1,-1,-1,-1
201760V105814,1,9,0,17,0,5,1,0,1,4,2,1,6,2,24,5,-1,-1,-1,-1,-1,-1
201760V105964,1,9,0,18,0,0,0,0,0,0,1,1,6,1,85,11,-1,-1,-1,-1,-1,-1
201760V105964,2,9,0,18,0,0,0,0,0,0,1,1,6,1,57,9,-1,-1,-1,-1,-1,-1
201760V105985,1,9,0,18,0,1,0,0,0,0,1,1,6,1,83,11,-1,-1,-1,-1,-1,-1
201760V106338,1,9,0,17,0,0,0,0,1,11,1,1,6,1,27,6,-1,-1,-1,-1,-1,-1
201760V106491,1,9,0,18,0,0,0,0,0,0,4,1,6,1,19,4,-1,-1,-1,-1,-1,-1
201760V106716,1,9,0,6,0,8,0,0,0,0,3,1,6,1,63,9,-1,-1,-1,-1,-1,-1
201760V106716,2,9,0,16,0,8,1,0,0,0,1,1,6,2,64,9,-1,-1,-1,-1,-1,-1
201760V107233,1,9,0,9,0,8,0,0,0,0,2,1,1,1,41,7,-1,-1,-1,-1,-1,-1
201760V107233,2,9,0,15,0,8,0,0,0,0,3,1,6,1,52,8,-1,-1,-1,-1,-1,-1
201760V107369,1,9,0,18,0,0,0,0,0,0,4,1,6,1,48,8,-1,-1,-1,-1,-1,-1
201760V107386,1,9,0,16,0,2,1,0,0,0,1,1,1,3,33,6,-1,-1,-1,-1,-1,-1
201760V107386,2,9,0,17,0,1,0,0,0,0,3,1,1,1,46,8,-1,-1,-1,-1,-1,-1
201760V107545,1,97,0,18,0,1,0,0,1,11,4,1,6,1,51,8,-1,-1,-1,-1,-1,-1
201760V107738,1,9,0,5,0,4,0,0,0,0,3,1,6,2,26,6,-1,-1,-1,-1,-1,-1
201760V107738,2,3,0,18,0,8,2,0,0,0,1,1,6,1,48,8,-1,-1,-1,-1,-1,-1
201760V107869,1,9,0,9,0,5,0,0,0,0,3,1,6,1,77,11,-1,-1,-1,-1,-1,-1
201760V107869,2,9,0,18,0,1,0,0,0,0,3,1,6,1,48,8,-1,-1,-1,-1,-1,-1
201760V108006,1,1,0,18,9,1,0,0,0,0,1,1,6,1,13,3,-1,-1,-1,-1,-1,-1
201760V108006,2,9,0,2,0,1,0,0,0,0,4,1,6,1,72,10,-1,-1,-1,-1,-1,-1
201760V108012,1,9,0,5,0,0,0,0,0,0,1,1,6,1,22,5,-1,-1,-1,-1,-1,-1
201760V108012,2,9,0,2,0,0,0,0,0,0,2,1,6,1,69,10,-1,-1,-1,-1,-1,-1
201760V108035,1,9,0,4,0,1,0,0,0,0,2,1,6,1,39,7,-1,-1,-1,-1,-1,-1
201760V108035,2,9,0,3,0,1,0,0,0,0,1,1,6,1,34,6,-1,-1,-1,-1,-1,-1
201760V108182,1,9,0,6,0,0,0,0,0,0,4,1,6,2,77,11,-1,-1,-1,-1,-1,-1
201760V108182,2,9,0,18,0,0,0,0,0,0,1,1,6,1,71,10,-1,-1,-1,-1,-1,-1
201760V108285,1,9,0,16,0,0,5,0,8,11,3,1,6,1,33,6,-1,-1,-1,-1,-1,-1
201760V108621,1,9,0,18,0,0,0,0,0,0,1,2,6,2,60,9,-1,-1,-1,-1,-1,-1
201760V108621,2,98,0,18,0,0,0,0,0,0,1,1,1,1,43,7,-1,-1,-1,-1,-1,-1
201760V108652,1,9,0,1,0,0,0,0,0,0,2,1,6,1,35,6,-1,-1,-1,-1,-1,-1
201760V108652,2,9,0,3,0,0,0,0,0,0,1,1,6,2,58,9,-1,-1,-1,-1,-1,-1
201760V108652,3,9,0,3,0,0,0,0,0,0,1,1,6,3,-1,-1,-1,-1,-1,-1,-1,-1
201760V108832,1,3,0,17,0,0,5,10,1,0,4,1,6,2,22,5,-1,-1,-1,-1,-1,-1
201760V108973,1,9,0,18,0,1,1,0,0,0,1,1,6,2,41,7,-1,-1,-1,-1,-1,-1
201760V108973,2,9,0,4,0,1,0,0,0,0,2,1,6,1,44,7,-1,-1,-1,-1,-1,-1
201760V109019,1,9,0,18,0,1,0,0,0,0,1,1,6,2,60,9,-1,-1,-1,-1,-1,-1
201760V109019,2,9,0,18,0,1,0,0,0,0,2,1,6,1,75,10,-1,-1,-1,-1,-1,-1
201760V109019,3,9,0,18,0,1,0,0,0,0,2,1,6,2,60,9,-1,-1,-1,-1,-1,-1
201760V109096,1,3,0,18,0,0,0,0,0,0,1,1,6,1,30,6,-1,-1,-1,-1,-1,-1
201760V109096,2,9,0,4,0,0,0,0,0,0,2,1,1,2,38,7,-1,-1,-1,-1,-1,-1
201760V109101,1,19,0,5,0,4,0,0,0,0,1,1,2,2,21,5,-1,-1,-1,-1,-1,-1
201760V109101,2,9,0,3,0,4,0,0,0,0,2,1,6,2,24,5,-1,-1,-1,-1,-1,-1
201760V109336,1,9,0,17,0,1,2,0,0,0,1,1,2,1,45,7,-1,-1,-1,-1,-1,-1
201760V109497,1,9,0,5,0,4,0,0,0,0,1,1,6,1,50,8,-1,-1,-1,-1,-1,-1
201760V109497,2,9,0,9,0,3,0,0,0,0,4,1,6,1,34,6,-1,-1,-1,-1,-1,-1
201760V109626,1,9,0,18,0,0,0,0,0,0,1,1,6,2,29,6,-1,-1,-1,-1,-1,-1
201760V109626,2,9,0,4,0,0,0,0,0,0,2,1,6,1,70,10,-1,-1,-1,-1,-1,-1
201760V109626,3,9,0,4,0,0,0,0,0,0,2,1,6,2,60,9,-1,-1,-1,-1,-1,-1
201760V109780,1,9,0,18,0,0,0,0,1,11,4,1,6,1,73,10,-1,-1,-1,-1,-1,-1
201760V109818,1,9,0,7,0,8,0,0,1,0,3,1,6,1,58,9,-1,-1,-1,-1,-1,-1
201760V109818,2,9,0,18,0,8,0,0,0,0,1,1,6,2,29,6,-1,-1,-1,-1,-1,-1
201760V109841,1,9,0,5,0,6,0,0,0,0,1,1,6,2,48,8,-1,-1,-1,-1,-1,-1
201760V109841,2,9,0,18,0,1,0,0,0,0,1,1,6,2,54,8,-1,-1,-1,-1,-1,-1
201760V109902,1,9,0,9,0,8,0,0,0,0,1,1,6,1,24,5,-1,-1,-1,-1,-1,-1
201760V109902,2,9,0,18,0,8,0,0,0,0,1,1,6,1,25,5,-1,-1,-1,-1,-1,-1
201760V110036,1,8,0,18,0,3,0,0,0,0,1,1,1,1,59,9,-1,-1,-1,-1,-1,-1
201760V110036,2,9,0,18,0,3,0,0,0,0,2,1,6,2,53,8,-1,-1,-1,-1,-1,-1
201760V110308,1,9,0,18,0,0,0,0,0,0,1,1,6,1,52,8,-1,-1,-1,-1,-1,-1
201760V110308,2,9,0,18,0,0,0,0,0,0,2,1,6,1,33,6,-1,-1,-1,-1,-1,-1
201760V110346,1,9,0,17,0,0,0,0,0,0,1,1,6,1,31,6,-1,-1,-1,-1,-1,-1
201760V110346,2,9,0,16,0,0,0,0,0,0,1,1,6,1,48,8,-1,-1,-1,-1,-1,-1
201760V111230,1,9,0,18,0,1,0,0,0,0,1,1,2,2,25,5,-1,-1,-1,-1,-1,-1
201760V111230,2,9,0,3,0,1,0,0,0,0,2,1,2,2,35,6,-1,-1,-1,-1,-1,-1
201760V111995,1,9,0,9,0,1,0,0,0,0,0,1,6,3,-1,-1,-1,-1,-1,-1,-1,-1
201760V111995,2,9,0,18,0,1,0,0,1,2,1,1,6,2,51,8,-1,-1,-1,-1,-1,-1
201760V112116,1,9,0,5,0,4,0,0,0,0,1,1,6,1,32,6,-1,-1,-1,-1,-1,-1
201760V112116,2,1,0,17,0,3,0,0,0,0,1,1,2,1,50,8,-1,-1,-1,-1,-1,-1
201760V112331,1,98,0,4,0,1,0,0,0,0,1,1,1,1,57,9,-1,-1,-1,-1,-1,-1
201760V112331,2,9,0,18,0,8,0,0,0,0,1,1,2,2,58,9,-1,-1,-1,-1,-1,-1
201760V112423,1,9,0,16,0,0,2,0,1,2,1,1,6,1,19,4,-1,-1,-1,-1,-1,-1
201760V112482,1,9,0,18,0,0,1,0,0,0,4,1,6,1,26,6,-1,-1,-1,-1,-1,-1
201760V112482,2,20,0,13,0,0,0,0,0,0,3,1,1,1,37,7,-1,-1,-1,-1,-1,-1
201760V112482,3,9,0,18,0,0,0,0,0,0,1,1,6,1,28,6,-1,-1,-1,-1,-1,-1
201760V112482,4,5,0,18,0,0,0,0,0,0,1,1,6,1,24,5,-1,-1,-1,-1,-1,-1
201760V112844,1,3,0,9,0,8,5,0,1,0,1,1,6,1,20,4,-1,-1,-1,-1,-1,-1
201760V112844,2,9,0,18,0,1,0,0,0,0,4,1,6,1,75,10,-1,-1,-1,-1,-1,-1
201760V112856,1,9,0,16,0,0,1,0,0,0,1,1,6,1,17,4,-1,-1,-1,-1,-1,-1
201760V112856,2,10,0,17,0,0,0,0,1,0,1,1,6,1,56,9,-1,-1,-1,-1,-1,-1
201760V113481,1,9,0,18,0,0,0,0,0,0,4,1,6,1,92,11,-1,-1,-1,-1,-1,-1
201760V113481,2,1,0,18,0,0,0,0,0,0,2,1,1,1,58,9,-1,-1,-1,-1,-1,-1
201760V113522,1,9,0,9,0,8,0,0,0,0,1,1,6,1,29,6,-1,-1,-1,-1,-1,-1
201760V113522,2,9,0,18,0,3,0,0,0,0,4,1,6,2,27,6,-1,-1,-1,-1,-1,-1
201760V113611,1,9,0,5,0,1,0,0,0,0,4,1,6,2,68,10,-1,-1,-1,-1,-1,-1
201760V113730,1,9,0,18,0,1,0,0,0,0,1,1,6,1,56,9,-1,-1,-1,-1,-1,-1
201760V113730,2,9,0,10,0,1,0,0,0,0,2,1,6,2,50,8,-1,-1,-1,-1,-1,-1
201760V114066,1,3,0,16,0,0,0,0,7,7,3,1,6,2,18,4,-1,-1,-1,-1,-1,-1
201760V114789,1,9,0,5,0,4,0,0,0,0,1,1,6,2,27,6,-1,-1,-1,-1,-1,-1
201760V114789,2,98,0,4,0,4,0,0,0,0,2,1,6,1,55,8,-1,-1,-1,-1,-1,-1
201760V114918,1,9,0,7,0,5,0,0,0,0,0,1,6,1,42,7,-1,-1,-1,-1,-1,-1
201760V114918,2,1,0,18,0,1,0,0,0,0,0,1,6,1,32,6,-1,-1,-1,-1,-1,-1
201760V115217,1,9,0,18,0,1,0,0,8,11,1,1,1,1,33,6,-1,-1,-1,-1,-1,-1
201760V115241,1,4,0,18,0,1,1,0,0,0,1,1,6,1,20,4,-1,-1,-1,-1,-1,-1
201760V115241,2,20,0,9,0,1,0,0,0,0,3,1,1,1,53,8,-1,-1,-1,-1,-1,-1
201760V115349,1,9,0,7,0,7,0,0,0,0,1,1,1,1,31,6,-1,-1,-1,-1,-1,-1
201760V115349,2,1,0,18,0,1,0,0,0,0,1,1,6,1,80,11,-1,-1,-1,-1,-1,-1
201760V115432,1,9,0,14,0,1,0,0,0,0,4,1,2,1,48,8,-1,-1,-1,-1,-1,-1
201760V115432,2,98,0,2,0,1,0,0,0,0,0,1,1,1,52,8,-1,-1,-1,-1,-1,-1
201760V115899,1,9,0,18,0,4,0,0,0,0,1,1,6,1,78,11,-1,-1,-1,-1,-1,-1
201760V115899,2,5,0,18,0,3,0,0,0,0,4,1,6,1,54,8,-1,-1,-1,-1,-1,-1
201760V116075,1,1,0,18,9,1,0,0,0,0,4,1,6,1,16,4,-1,-1,-1,-1,-1,-1
201760V116075,2,9,0,7,9,6,0,0,0,0,1,1,6,1,70,10,-1,-1,-1,-1,-1,-1
201760V116210,1,9,0,18,0,2,0,0,7,11,1,1,6,2,46,8,-1,-1,-1,-1,-1,-1
201760V116436,1,9,0,18,0,0,0,0,0,0,1,1,6,1,47,8,-1,-1,-1,-1,-1,-1
201760V116436,2,9,0,3,0,0,0,0,0,0,2,1,6,2,77,11,-1,-1,-1,-1,-1,-1
201760V116436,3,9,0,18,0,0,0,0,0,0,1,1,6,1,36,7,-1,-1,-1,-1,-1,-1
201760V116580,1,9,0,4,0,0,0,0,0,0,1,1,2,2,50,8,-1,-1,-1,-1,-1,-1
201760V116580,2,10,0,4,0,0,0,0,0,0,2,1,6,2,50,8,-1,-1,-1,-1,-1,-1
201760V116580,3,9,0,3,0,0,0,0,0,0,2,1,6,2,40,7,-1,-1,-1,-1,-1,-1
201760V116613,1,9,0,11,0,1,5,0,0,0,2,1,2,1,58,9,-1,-1,-1,-1,-1,-1
201760V116613,2,9,0,18,0,1,1,0,0,0,1,1,1,1,23,5,-1,-1,-1,-1,-1,-1
201760V116639,1,9,0,18,0,1,0,0,0,0,1,1,6,1,26,6,-1,-1,-1,-1,-1,-1
201760V116639,2,9,0,10,0,1,0,0,0,0,2,1,6,2,58,9,-1,-1,-1,-1,-1,-1
201760V116703,1,9,0,16,0,0,5,0,7,11,1,1,6,1,20,4,-1,-1,-1,-1,-1,-1
201760V117068,1,21,1,18,0,0,0,0,0,0,1,1,1,1,52,8,-1,-1,-1,-1,-1,-1
201760V117068,2,3,0,18,0,0,0,11,0,0,1,1,6,1,19,4,-1,-1,-1,-1,-1,-1
201760V117409,1,5,0,18,0,0,0,0,1,1,1,1,6,1,63,9,-1,-1,-1,-1,-1,-1
201760V117528,1,9,0,18,0,1,0,0,0,0,1,1,6,1,45,7,-1,-1,-1,-1,-1,-1
201760V117528,2,9,0,3,0,1,0,0,0,0,2,1,6,1,34,6,-1,-1,-1,-1,-1,-1
201760V117528,3,9,0,10,0,1,0,0,0,0,2,1,6,3,-1,-1,-1,-1,-1,-1,-1,-1
201760V117539,1,4,0,16,0,0,0,0,0,0,0,1,6,1,23,5,-1,-1,-1,-1,-1,-1
201760V117539,2,9,0,17,0,0,0,0,0,0,0,1,6,1,67,10,-1,-1,-1,-1,-1,-1
201760V117685,1,9,0,17,0,1,0,0,0,0,1,1,1,2,40,7,-1,-1,-1,-1,-1,-1
201760V117685,2,9,0,16,0,1,0,0,0,0,1,1,6,1,75,10,-1,-1,-1,-1,-1,-1
201760V117928,1,9,0,18,0,1,0,4,0,0,1,1,6,1,45,7,-1,-1,-1,-1,-1,-1
201760V117928,2,9,0,2,0,1,0,0,0,0,3,1,6,1,49,8,-1,-1,-1,-1,-1,-1
201760V118347,1,9,0,18,0,0,0,0,0,0,1,1,6,1,31,6,-1,-1,-1,-1,-1,-1
201760V118415,1,9,3,18,0,0,0,0,0,0,1,1,6,1,-1,-1,-1,-1,-1,-1,-1,-1
201760V118897,1,4,0,17,0,1,5,0,1,11,1,1,6,1,51,8,-1,-1,-1,-1,-1,-1
201760V118942,1,3,0,16,0,0,2,0,0,0,4,1,6,2,50,8,-1,-1,-1,-1,-1,-1
201760V119183,1,5,0,18,0,0,0,0,0,0,4,1,6,1,24,5,-1,-1,-1,-1,-1,-1
201760V119341,1,9,0,5,0,0,0,0,0,0,4,1,6,2,39,7,-1,-1,-1,-1,-1,-1
201760V119645,1,9,0,13,0,0,0,0,0,0,4,1,6,2,24,5,-1,-1,-1,-1,-1,-1
201760V119645,2,1,0,18,0,0,0,0,1,0,3,1,6,2,38,7,-1,-1,-1,-1,-1,-1
201760V119771,1,9,0,17,0,2,0,0,8,11,1,1,6,1,30,6,-1,-1,-1,-1,-1,-1
201760V119938,1,21,0,7,0,8,0,0,0,0,3,1,1,1,68,10,-1,-1,-1,-1,-1,-1
201760V119971,1,21,1,11,0,0,1,0,0,0,4,1,1,1,38,7,-1,-1,-1,-1,-1,-1
201760V119971,2,9,0,18,0,0,0,0,0,0,3,1,6,2,42,7,-1,-1,-1,-1,-1,-1