Accident_Index,Vehicle_Reference,Vehicle_Type,Towing_and_Articulation,Vehicle_Manoeuvre,Vehicle_Location-Restricted_Lane,Junction_Location,Skidding_and_Overturning,Hit_Object_in_Carriageway,Vehicle_Leaving_Carriageway,Hit_Object_off_Carriageway,1st_Point_of_Impact,Was_Vehicle_Left_Hand_Drive?,Journey_Purpose_of_Driver,Sex_of_Driver,Age_of_Driver,Age_Band_of_Driver,Engine_Capacity_(CC),Propulsion_Code,Age_of_Vehicle,Driver_IMD_Decile,Driver_Home_Area_Type,Vehicle_IMD_Decile
201760V120084,1,9,0,18,0,8,1,0,0,0,1,1,6,2,64,9,-1,-1,-1,-1,-1,-1
201760V120084,2,9,0,18,0,8,0,0,0,0,1,1,6,2,43,7,-1,-1,-1,-1,-1,-1
201760V120110,1,9,0,4,0,0,0,0,0,0,1,1,6,2,73,10,-1,-1,-1,-1,-1,-1
201760V120110,2,9,0,4,0,0,0,0,0,0,2,1,1,1,30,6,-1,-1,-1,-1,-1,-1
201760V120233,1,9,0,18,0,1,0,0,0,0,1,1,6,2,21,5,-1,-1,-1,-1,-1,-1
201760V120233,2,9,0,3,0,1,0,0,0,0,2,1,2,2,33,6,-1,-1,-1,-1,-1,-1
201760V120439,1,98,0,18,0,0,0,0,0,0,1,1,1,1,22,5,-1,-1,-1,-1,-1,-1
201760V120439,2,9,0,4,0,0,0,0,0,0,2,1,6,2,46,8,-1,-1,-1,-1,-1,-1
201760V120613,1,9,0,18,0,0,0,0,0,0,1,1,6,1,30,6,-1,-1,-1,-1,-1,-1
201760V120613,2,1,0,18,0,0,0,0,0,0,3,1,6,1,57,9,-1,-1,-1,-1,-1,-1
201760V120645,1,9,0,18,0,1,0,0,0,0,4,1,6,3,-1,-1,-1,-1,-1,-1,-1,-1
201760V120745,1,1,0,18,0,0,0,4,0,0,1,1,6,1,50,8,-1,-1,-1,-1,-1,-1
201760V120745,2,9,0,2,0,0,0,0,0,0,2,1,6,3,-1,-1,-1,-1,-1,-1,-1,-1
201760V120945,1,9,0,9,0,5,0,0,0,0,1,1,6,2,41,7,-1,-1,-1,-1,-1,-1
201760V120945,2,9,0,18,0,1,0,0,0,0,1,1,6,1,30,6,-1,-1,-1,-1,-1,-1
201760V121217,1,9,0,18,0,1,0,0,0,0,1,1,6,1,26,6,-1,-1,-1,-1,-1,-1
201760V121220,1,9,0,7,0,4,0,0,0,0,1,1,6,2,22,5,-1,-1,-1,-1,-1,-1
201760V121220,2,1,0,18,0,3,0,0,0,0,4,1,6,1,30,6,-1,-1,-1,-1,-1,-1
201760V121555,1,9,0,1,0,1,0,0,0,0,2,1,6,1,69,10,-1,-1,-1,-1,-1,-1
201760V121704,1,19,0,5,0,1,0,0,0,0,1,1,6,1,-1,-1,-1,-1,-1,-1,-1,-1
201760V121704,2,9,0,3,0,1,0,0,0,0,2,1,2,1,61,9,-1,-1,-1,-1,-1,-1
201760V121767,1,9,0,18,0,1,0,0,0,0,4,1,6,1,60,9,-1,-1,-1,-1,-1,-1
201760V121844,1,9,0,17,0,0,0,0,0,0,1,1,6,2,41,7,-1,-1,-1,-1,-1,-1
201760V121844,2,9,0,16,0,0,0,0,0,0,1,1,6,1,29,6,-1,-1,-1,-1,-1,-1
201760V122759,1,9,0,18,0,1,0,0,0,0,1,1,2,1,45,7,-1,-1,-1,-1,-1,-1
201760V122759,2,9,0,4,0,1,0,0,0,0,2,1,6,1,85,11,-1,-1,-1,-1,-1,-1
201760V122759,3,9,0,10,0,1,0,0,0,0,2,1,6,2,57,9,-1,-1,-1,-1,-1,-1
201760V122888,1,9,0,5,0,4,0,0,0,0,3,1,6,1,-1,-1,-1,-1,-1,-1,-1,-1
201760V122888,2,1,0,9,0,3,0,0,0,0,4,1,6,1,22,5,-1,-1,-1,-1,-1,-1
201760V123026,1,98,0,5,9,6,0,0,0,0,2,1,6,3,-1,-1,-1,-1,-1,-1,-1,-1
201760V123158,1,9,0,18,0,2,0,10,1,2,1,1,6,1,38,7,-1,-1,-1,-1,-1,-1
201760V123258,1,9,0,18,0,0,0,0,0,0,1,1,6,1,36,7,-1,-1,-1,-1,-1,-1
201760V123258,2,9,0,3,0,0,0,0,0,0,2,2,6,1,27,6,-1,-1,-1,-1,-1,-1
201760V123258,3,9,0,3,0,0,0,0,0,0,2,1,6,1,51,8,-1,-1,-1,-1,-1,-1
201760V123258,4,9,0,4,0,0,0,0,0,0,2,1,6,1,49,8,-1,-1,-1,-1,-1,-1
201760V123387,1,9,0,9,0,6,0,0,0,0,1,1,6,2,75,10,-1,-1,-1,-1,-1,-1
201760V123387,2,9,0,18,0,8,1,0,1,11,1,1,6,2,62,9,-1,-1,-1,-1,-1,-1
201760V123422,1,9,0,7,0,6,0,0,0,0,2,1,1,2,56,9,-1,-1,-1,-1,-1,-1
201760V123422,2,3,0,16,0,1,5,0,0,0,1,1,6,1,22,5,-1,-1,-1,-1,-1,-1
201760V123748,1,9,0,18,0,0,0,0,0,0,3,1,2,2,19,4,-1,-1,-1,-1,-1,-1
201760V123753,1,9,0,16,0,0,1,4,1,9,4,1,6,1,19,4,-1,-1,-1,-1,-1,-1
201760V123753,2,9,0,2,0,0,0,0,0,0,2,1,6,2,24,5,-1,-1,-1,-1,-1,-1
201760V123847,1,9,0,18,0,0,0,0,0,0,1,1,6,2,19,4,-1,-1,-1,-1,-1,-1
201760V123847,2,9,0,3,0,0,0,0,0,0,2,1,6,2,67,10,-1,-1,-1,-1,-1,-1
201760V123934,1,9,0,18,0,0,0,0,0,0,4,1,6,1,68,10,-1,-1,-1,-1,-1,-1
201760V124083,1,9,0,13,0,3,0,0,0,0,2,1,6,1,30,6,-1,-1,-1,-1,-1,-1
201760V124083,2,9,0,18,0,3,0,0,0,0,1,1,6,2,20,4,-1,-1,-1,-1,-1,-1
201760V124104,1,9,0,18,0,0,0,0,0,0,4,1,6,2,24,5,-1,-1,-1,-1,-1,-1
201760V124279,1,9,0,16,0,0,0,6,0,0,1,1,6,1,18,4,-1,-1,-1,-1,-1,-1
201760V124430,1,9,0,4,0,1,0,0,0,0,1,1,6,1,-1,-1,-1,-1,-1,-1,-1,-1
201760V124430,2,9,0,3,0,1,0,0,0,0,2,1,6,2,28,6,-1,-1,-1,-1,-1,-1
201760V124471,1,19,0,5,0,6,1,0,0,0,1,1,1,1,25,5,-1,-1,-1,-1,-1,-1
201760V124471,2,9,0,18,0,8,1,0,1,0,3,1,6,1,69,10,-1,-1,-1,-1,-1,-1
201760V124934,1,98,0,4,0,0,0,0,0,0,1,1,2,1,36,7,-1,-1,-1,-1,-1,-1
201760V124934,2,9,0,4,0,0,0,0,0,0,2,1,1,1,56,9,-1,-1,-1,-1,-1,-1
201760V124941,1,3,0,16,0,3,2,0,0,0,4,1,2,1,20,4,-1,-1,-1,-1,-1,-1
201760V125075,1,9,0,11,0,5,1,0,0,0,1,1,1,1,35,6,-1,-1,-1,-1,-1,-1
201760V125075,2,9,0,18,0,1,0,0,0,0,1,1,6,1,62,9,-1,-1,-1,-1,-1,-1
201760V125096,1,9,0,18,0,0,0,0,0,0,4,1,6,1,63,9,-1,-1,-1,-1,-1,-1
201760V125537,1,98,0,18,0,0,0,0,0,0,4,1,6,3,-1,-1,-1,-1,-1,-1,-1,-1
201760V125818,1,1,0,18,0,1,0,4,0,0,1,1,6,1,59,9,-1,-1,-1,-1,-1,-1
201760V125818,2,9,0,2,0,1,0,0,0,0,2,1,6,1,-1,-1,-1,-1,-1,-1,-1,-1
201760V125875,1,9,0,16,0,0,0,0,1,4,4,1,6,1,25,5,-1,-1,-1,-1,-1,-1
201760V125879,1,8,0,5,0,6,0,0,0,0,4,1,1,1,62,9,-1,-1,-1,-1,-1,-1
201760V126182,1,9,0,16,0,0,2,0,1,0,4,1,6,1,23,5,-1,-1,-1,-1,-1,-1
201760V126194,1,9,4,18,0,1,1,0,0,0,1,1,6,1,69,10,-1,-1,-1,-1,-1,-1
201760V126194,2,9,0,4,0,1,0,0,7,0,2,1,6,2,23,5,-1,-1,-1,-1,-1,-1
201760V126194,3,9,0,10,0,1,0,0,0,0,2,1,6,1,32,6,-1,-1,-1,-1,-1,-1
201760V126278,1,9,0,18,0,0,0,0,0,0,3,1,6,3,-1,-1,-1,-1,-1,-1,-1,-1
201760V126278,2,9,0,18,0,0,0,0,0,0,4,1,6,2,60,9,-1,-1,-1,-1,-1,-1
201760V126809,1,5,0,17,0,2,2,11,1,11,4,1,6,1,44,7,-1,-1,-1,-1,-1,-1
201760V126866,1,9,0,18,0,0,0,0,0,0,1,1,6,2,44,7,-1,-1,-1,-1,-1,-1
201760V126866,2,9,0,18,0,0,0,0,0,0,2,1,6,1,36,7,-1,-1,-1,-1,-1,-1
201760V126866,3,9,0,18,0,0,0,0,0,0,2,1,6,1,21,5,-1,-1,-1,-1,-1,-1
201760V126866,4,9,0,18,0,0,0,0,0,0,2,1,6,1,26,6,-1,-1,-1,-1,-1,-1
201760V126916,1,9,0,18,0,0,0,0,0,0,1,1,6,2,55,8,-1,-1,-1,-1,-1,-1
201760V126957,1,9,0,18,0,1,0,0,0,0,1,1,6,2,25,5,-1,-1,-1,-1,-1,-1
201760V126957,2,9,0,9,0,5,0,0,0,0,1,1,6,2,27,6,-1,-1,-1,-1,-1,-1
201760V126999,1,98,0,18,0,0,0,0,5,6,1,1,6,1,69,10,-1,-1,-1,-1,-1,-1
201760V127505,1,9,0,18,0,0,0,0,7,11,1,1,6,1,72,10,-1,-1,-1,-1,-1,-1
201760V127585,1,9,0,13,0,1,0,0,7,4,1,1,6,1,21,5,-1,-1,-1,-1,-1,-1
201760V127585,2,9,0,10,0,1,0,0,0,0,0,1,2,1,23,5,-1,-1,-1,-1,-1,-1
201760V127899,1,9,0,18,0,0,0,0,0,0,1,1,6,1,29,6,-1,-1,-1,-1,-1,-1
201760V127899,2,9,0,18,0,0,0,0,0,0,2,1,6,1,40,7,-1,-1,-1,-1,-1,-1
201760V128151,1,3,0,4,0,4,0,0,0,0,1,1,2,1,28,6,-1,-1,-1,-1,-1,-1
201760V128151,2,9,0,3,0,4,0,0,0,0,2,1,6,1,46,8,-1,-1,-1,-1,-1,-1
201760V128444,1,9,0,18,0,1,0,0,0,0,1,1,1,1,55,8,-1,-1,-1,-1,-1,-1
201760V128444,2,9,0,10,0,5,0,0,0,0,2,1,1,2,40,7,-1,-1,-1,-1,-1,-1
201760V128486,1,9,0,18,0,0,0,0,0,0,1,1,6,1,38,7,-1,-1,-1,-1,-1,-1
201760V128486,2,9,0,4,0,0,0,0,0,0,2,1,6,1,69,10,-1,-1,-1,-1,-1,-1
201760V128486,3,9,0,4,0,0,0,0,0,0,2,1,6,1,24,5,-1,-1,-1,-1,-1,-1
201760V128607,1,9,0,18,0,0,0,0,0,0,4,1,6,1,18,4,-1,-1,-1,-1,-1,-1
201760V128645,1,9,0,12,0,7,0,0,0,0,1,1,6,1,19,4,-1,-1,-1,-1,-1,-1
201760V128645,2,9,0,18,0,2,0,0,0,0,2,1,6,1,49,8,-1,-1,-1,-1,-1,-1
201760V128645,3,9,0,18,0,2,2,0,0,0,1,1,6,2,26,6,-1,-1,-1,-1,-1,-1
201760V128645,4,21,0,18,0,2,0,0,0,0,1,1,1,1,38,7,-1,-1,-1,-1,-1,-1
201760V128702,1,9,0,18,0,0,0,0,0,0,1,1,6,3,-1,-1,-1,-1,-1,-1,-1,-1
201760V128702,2,9,0,18,0,0,0,0,0,0,2,1,6,1,57,9,-1,-1,-1,-1,-1,-1
201760V128710,1,9,0,18,0,0,0,0,0,0,4,1,6,3,-1,-1,-1,-1,-1,-1,-1,-1
201760V128856,1,9,0,18,0,1,0,0,0,0,4,1,6,2,42,7,-1,-1,-1,-1,-1,-1
201760V128889,1,3,0,11,0,5,0,0,3,1,1,1,6,1,22,5,-1,-1,-1,-1,-1,-1
201760V128992,1,9,0,5,0,4,0,0,0,0,4,1,2,2,45,7,-1,-1,-1,-1,-1,-1
201760V129036,1,9,0,13,0,0,0,0,0,0,4,1,6,1,60,9,-1,-1,-1,-1,-1,-1
201760V129036,2,1,0,18,0,0,0,0,0,0,3,1,6,1,19,4,-1,-1,-1,-1,-1,-1
201760V129793,1,9,0,9,0,6,0,0,0,0,1,1,6,1,45,7,-1,-1,-1,-1,-1,-1
201760V129793,2,9,0,17,0,1,0,0,0,0,1,1,6,1,70,10,-1,-1,-1,-1,-1,-1
201760V129847,1,9,0,18,0,0,2,0,1,4,1,1,6,1,47,8,-1,-1,-1,-1,-1,-1
201760V130099,1,9,0,18,0,0,1,10,2,7,1,1,6,1,34,6,-1,-1,-1,-1,-1,-1
201760V130384,1,9,0,18,0,1,0,0,0,0,1,1,6,3,-1,-1,-1,-1,-1,-1,-1,-1
201760V130390,1,9,0,5,0,2,0,0,0,0,1,1,6,2,44,7,-1,-1,-1,-1,-1,-1
201760V130390,2,1,0,9,0,5,0,0,0,0,1,1,6,2,47,8,-1,-1,-1,-1,-1,-1
201760V130514,1,9,0,4,0,1,0,0,0,0,1,1,6,1,36,7,-1,-1,-1,-1,-1,-1
201760V130514,2,9,0,8,0,1,0,0,0,0,2,1,2,2,27,6,-1,-1,-1,-1,-1,-1
201760V130996,1,9,0,18,0,8,0,0,0,0,1,1,6,2,76,11,-1,-1,-1,-1,-1,-1
201760V130996,2,9,0,9,0,8,0,0,0,0,1,1,6,2,32,6,-1,-1,-1,-1,-1,-1
201760V130996,3,9,0,3,0,1,0,0,0,0,1,1,2,2,22,5,-1,-1,-1,-1,-1,-1
201760V131726,1,9,0,17,0,0,0,0,0,0,1,1,6,1,-1,-1,-1,-1,-1,-1,-1,-1
201760V131726,2,3,0,16,0,0,0,0,0,0,1,1,6,1,20,4,-1,-1,-1,-1,-1,-1
201760V131797,1,9,0,4,0,1,0,0,0,0,1,1,6,1,33,6,-1,-1,-1,-1,-1,-1
201760V131797,2,9,0,10,0,1,0,0,0,0,2,1,6,2,50,8,-1,-1,-1,-1,-1,-1
201760V132069,1,9,0,1,0,0,0,0,0,0,2,1,6,1,17,4,-1,-1,-1,-1,-1,-1
201760V132132,1,11,0,1,0,0,0,0,0,0,2,1,1,1,44,7,-1,-1,-1,-1,-1,-1
201760V132423,1,9,0,18,0,0,2,0,1,9,1,1,6,1,17,4,-1,-1,-1,-1,-1,-1
201760V132608,1,3,0,9,9,5,1,0,0,0,0,1,6,2,33,6,-1,-1,-1,-1,-1,-1
201760V133288,1,9,0,17,0,0,2,0,7,11,3,1,2,2,18,4,-1,-1,-1,-1,-1,-1
201760V133536,1,9,0,18,0,2,0,0,0,0,4,1,1,2,34,6,-1,-1,-1,-1,-1,-1
201760V133542,1,9,0,17,0,0,0,0,0,0,1,1,6,2,57,9,-1,-1,-1,-1,-1,-1
201760V133542,2,9,0,16,0,0,0,0,0,0,1,1,1,2,31,6,-1,-1,-1,-1,-1,-1
201760V133745,1,9,0,18,0,1,0,0,0,0,1,1,6,1,65,9,-1,-1,-1,-1,-1,-1
201760V133745,2,9,0,4,0,1,0,0,0,0,2,1,2,1,30,6,-1,-1,-1,-1,-1,-1
201760V133776,1,1,0,18,0,1,0,0,0,0,1,1,6,1,10,2,-1,-1,-1,-1,-1,-1
201760V133776,2,9,0,7,0,6,0,0,0,0,1,1,6,2,35,6,-1,-1,-1,-1,-1,-1
201760V133837,1,9,0,16,0,0,0,0,0,0,1,1,6,1,27,6,-1,-1,-1,-1,-1,-1
201760V133837,2,9,0,17,0,0,0,0,0,0,1,1,6,2,40,7,-1,-1,-1,-1,-1,-1
201760V133939,1,9,0,18,0,0,0,0,0,0,1,1,6,1,30,6,-1,-1,-1,-1,-1,-1
201760V133939,2,5,0,18,0,0,0,0,0,0,2,1,6,1,44,7,-1,-1,-1,-1,-1,-1
201760V133959,1,9,0,18,0,1,0,0,0,0,1,1,6,1,20,4,-1,-1,-1,-1,-1,-1
201760V133959,2,1,0,18,0,6,0,0,0,0,3,1,6,1,26,6,-1,-1,-1,-1,-1,-1
201760V133959,3,1,0,18,0,6,0,0,0,0,0,1,6,1,16,4,-1,-1,-1,-1,-1,-1
201760V134177,1,9,0,9,0,1,0,0,0,0,1,1,6,1,66,10,-1,-1,-1,-1,-1,-1
201760V134177,2,9,0,10,0,1,0,0,0,0,1,1,6,1,65,9,-1,-1,-1,-1,-1,-1
201760V134177,3,1,0,18,0,1,0,0,0,0,1,1,6,1,47,8,-1,-1,-1,-1,-1,-1
201760V134220,1,9,0,9,0,2,0,0,0,0,1,1,6,1,45,7,-1,-1,-1,-1,-1,-1
201760V134220,2,5,0,17,0,1,0,0,0,0,4,1,6,1,50,8,-1,-1,-1,-1,-1,-1
201760V134229,1,9,0,4,0,0,0,0,0,0,1,1,6,1,55,8,-1,-1,-1,-1,-1,-1
201760V134229,2,9,0,4,0,0,0,10,7,9,2,1,6,1,19,4,-1,-1,-1,-1,-1,-1
201760V134319,1,9,0,13,0,0,1,0,0,0,1,1,6,1,34,6,-1,-1,-1,-1,-1,-1
201760V134319,2,9,0,12,0,0,1,10,6,0,2,1,6,1,46,8,-1,-1,-1,-1,-1,-1
201760V135418,1,9,0,17,0,0,5,0,1,4,1,1,2,2,46,8,-1,-1,-1,-1,-1,-1
201760V135970,1,98,4,18,0,0,0,0,0,0,4,1,1,3,-1,-1,-1,-1,-1,-1,-1,-1
201760V136159,1,98,1,5,0,4,0,0,0,0,2,1,1,1,55,8,-1,-1,-1,-1,-1,-1
201760V136159,2,98,0,17,0,3,0,0,0,0,1,1,1,1,38,7,-1,-1,-1,-1,-1,-1
201760V136342,1,9,0,18,0,1,1,0,1,4,1,1,6,1,81,11,-1,-1,-1,-1,-1,-1
201760V136342,2,9,0,18,0,1,0,0,0,0,2,1,1,1,46,8,-1,-1,-1,-1,-1,-1
201760V136348,1,9,0,9,0,2,0,0,0,0,1,1,6,1,77,11,-1,-1,-1,-1,-1,-1
201760V136348,2,9,0,10,0,1,0,0,0,0,3,1,6,1,57,9,-1,-1,-1,-1,-1,-1
201760V136507,1,9,0,18,0,0,0,0,0,0,1,1,6,1,22,5,-1,-1,-1,-1,-1,-1
201760V136635,1,9,0,18,0,2,1,0,7,10,1,1,6,1,23,5,-1,-1,-1,-1,-1,-1
201760V136777,1,9,0,4,0,1,0,0,0,0,0,1,6,1,55,8,-1,-1,-1,-1,-1,-1
201760V136777,2,4,0,16,0,1,2,0,0,0,0,1,6,1,43,7,-1,-1,-1,-1,-1,-1
201760V136845,1,19,0,1,0,8,0,0,0,0,2,1,1,1,28,6,-1,-1,-1,-1,-1,-1
201760V136862,1,9,0,18,0,2,0,0,0,0,4,1,6,1,37,7,-1,-1,-1,-1,-1,-1
201760V136932,1,9,0,1,0,0,0,0,0,0,2,1,6,2,34,6,-1,-1,-1,-1,-1,-1
201760V136994,1,97,0,9,0,2,2,0,0,0,3,1,2,1,29,6,-1,-1,-1,-1,-1,-1
201760V137479,1,9,0,18,0,0,1,0,1,4,1,1,6,2,76,11,-1,-1,-1,-1,-1,-1
201760V137591,1,1,0,18,0,6,0,0,0,0,4,1,6,1,9,2,-1,-1,-1,-1,-1,-1
201760V137591,2,9,0,18,0,1,0,0,0,0,1,1,6,1,-1,-1,-1,-1,-1,-1,-1,-1
201760V137915,1,9,0,18,0,1,0,0,0,0,1,1,6,1,42,7,-1,-1,-1,-1,-1,-1
201760V137915,2,9,0,4,0,1,0,0,0,0,2,1,2,2,30,6,-1,-1,-1,-1,-1,-1
201760V138096,1,9,0,5,8,6,0,0,0,0,1,1,6,1,47,8,-1,-1,-1,-1,-1,-1
201760V138511,1,9,0,18,0,0,1,0,0,0,1,1,6,1,31,6,-1,-1,-1,-1,-1,-1
201760V138511,2,9,0,3,0,0,0,0,1,9,2,1,6,1,24,5,-1,-1,-1,-1,-1,-1
201760V138511,3,9,0,18,0,0,0,0,0,0,0,1,6,1,48,8,-1,-1,-1,-1,-1,-1
201760V138919,1,9,0,18,0,0,5,0,8,11,1,2,6,1,19,4,-1,-1,-1,-1,-1,-1
201760V139089,1,9,0,18,0,2,0,0,0,0,4,1,6,1,22,5,-1,-1,-1,-1,-1,-1
201760V139664,1,9,0,18,0,0,0,0,1,11,1,1,6,2,41,7,-1,-1,-1,-1,-1,-1
201760V139958,1,9,0,17,0,1,0,0,0,0,1,1,6,1,62,9,-1,-1,-1,-1,-1,-1
201760V139958,2,9,0,17,0,7,0,0,0,0,3,1,6,1,43,7,-1,-1,-1,-1,-1,-1
201760V140182,1,9,0,18,0,3,0,0,0,0,1,1,6,3,-1,-1,-1,-1,-1,-1,-1,-1
201760V140182,2,1,0,18,0,5,0,0,0,0,4,1,6,1,22,5,-1,-1,-1,-1,-1,-1
201760V140338,1,9,0,9,0,5,0,0,0,0,1,1,6,1,39,7,-1,-1,-1,-1,-1,-1
201760V140338,2,9,0,17,0,8,0,0,0,0,3,1,1,2,49,8,-1,-1,-1,-1,-1,-1
201760V140378,1,9,0,3,0,0,0,0,0,0,1,1,6,1,-1,-1,-1,-1,-1,-1,-1,-1
201760V140378,2,9,0,3,0,0,0,0,0,0,2,1,6,1,37,7,-1,-1,-1,-1,-1,-1
201760V140571,1,9,0,4,0,1,1,0,0,0,1,1,2,1,43,7,-1,-1,-1,-1,-1,-1
201760V140571,2,9,0,4,0,1,0,0,0,0,2,1,2,2,54,8,-1,-1,-1,-1,-1,-1
201760V140755,1,9,0,17,0,0,0,0,8,3,1,1,1,1,18,4,-1,-1,-1,-1,-1,-1
201760V141026,1,9,0,9,0,6,0,0,1,9,3,1,6,1,26,6,-1,-1,-1,-1,-1,-1
201760V141026,2,9,0,18,0,1,0,0,0,0,1,1,6,2,71,10,-1,-1,-1,-1,-1,-1
201760V141392,1,9,0,17,0,0,0,0,1,4,1,1,6,2,24,5,-1,-1,-1,-1,-1,-1
201760V141477,1,9,0,13,0,1,0,0,7,11,1,1,6,2,31,6,-1,-1,-1,-1,-1,-1
201760V141477,2,9,0,6,0,8,0,0,0,0,3,1,6,1,47,8,-1,-1,-1,-1,-1,-1
201760V141654,1,9,0,18,0,0,0,0,0,0,4,1,6,1,79,11,-1,-1,-1,-1,-1,-1
201760V141688,1,8,0,9,0,6,0,0,0,0,1,1,1,1,52,8,-1,-1,-1,-1,-1,-1
201760V141688,2,9,0,18,0,1,0,0,0,0,1,1,6,1,28,6,-1,-1,-1,-1,-1,-1
201760V141937,1,9,0,18,0,0,0,0,0,0,4,1,6,3,-1,-1,-1,-1,-1,-1,-1,-1
201760V142432,1,9,0,17,0,0,0,0,1,4,1,1,6,1,47,8,-1,-1,-1,-1,-1,-1
201760V142638,1,11,0,9,0,8,0,0,0,0,3,1,1,2,65,9,-1,-1,-1,-1,-1,-1
201760V142713,1,9,0,18,0,1,0,0,0,0,1,1,6,1,80,11,-1,-1,-1,-1,-1,-1
201760V142713,2,4,0,18,0,1,0,0,0,0,4,1,6,2,22,5,-1,-1,-1,-1,-1,-1
201760V142868,1,9,0,18,0,2,0,0,3,11,1,1,6,1,69,10,-1,-1,-1,-1,-1,-1
201760V142899,1,9,0,17,0,0,1,4,0,0,1,1,6,1,22,5,-1,-1,-1,-1,-1,-1
201760V142899,2,9,0,2,0,0,0,0,0,0,2,1,6,1,28,6,-1,-1,-1,-1,-1,-1
201760V142966,1,9,0,16,0,0,2,0,0,0,1,1,6,1,33,6,-1,-1,-1,-1,-1,-1
201760V142966,2,9,0,18,0,0,0,0,0,0,3,1,1,1,37,7,-1,-1,-1,-1,-1,-1
201760V143857,1,9,0,9,0,8,0,0,0,0,1,1,6,1,17,4,-1,-1,-1,-1,-1,-1
201760V143857,2,9,0,18,0,8,0,0,0,0,1,1,6,1,24,5,-1,-1,-1,-1,-1,-1
201760V144289,1,9,0,18,0,1,0,0,0,0,1,1,6,2,56,9,-1,-1,-1,-1,-1,-1
201760V144289,2,9,0,3,0,1,0,0,0,0,2,1,6,1,67,10,-1,-1,-1,-1,-1,-1
201760V144304,1,9,0,18,0,0,0,0,0,0,1,1,2,2,55,8,-1,-1,-1,-1,-1,-1
201760V144304,2,9,0,4,0,0,0,0,0,0,2,1,2,2,72,10,-1,-1,-1,-1,-1,-1
201760V145145,1,1,0,18,0,0,0,0,0,0,3,1,6,1,65,9,-1,-1,-1,-1,-1,-1
201760V145145,2,9,0,18,0,0,0,0,0,0,3,1,6,1,45,7,-1,-1,-1,-1,-1,-1
201760V145261,1,8,0,5,0,4,0,0,0,0,1,1,6,1,34,6,-1,-1,-1,-1,-1,-1
201760V145261,2,98,0,3,0,4,0,0,0,0,2,1,2,1,50,8,-1,-1,-1,-1,-1,-1
201760V145365,1,9,0,17,0,0,1,0,0,0,1,1,6,1,19,4,-1,-1,-1,-1,-1,-1
201760V145365,2,9,0,16,0,0,0,0,0,0,1,1,6,1,69,10,-1,-1,-1,-1,-1,-1
201760V145817,1,1,0,18,0,6,0,0,0,0,1,1,6,1,7,2,-1,-1,-1,-1,-1,-1
201760V145817,2,9,0,18,0,1,0,0,0,0,3,1,6,1,55,8,-1,-1,-1,-1,-1,-1
201760V145818,1,9,0,6,0,1,0,0,0,0,1,1,6,1,57,9,-1,-1,-1,-1,-1,-1
201760V145818,2,5,0,18,0,1,0,0,0,0,1,1,6,1,54,8,-1,-1,-1,-1,-1,-1
201760V146397,1,9,0,18,0,0,0,0,0,0,1,1,6,1,37,7,-1,-1,-1,-1,-1,-1
201760V146397,2,11,0,5,0,0,0,0,0,0,0,1,1,2,58,9,-1,-1,-1,-1,-1,-1
201760V146684,1,1,0,18,0,0,0,0,0,0,1,1,6,1,30,6,-1,-1,-1,-1,-1,-1
201760V146684,2,19,0,4,0,0,0,0,0,0,2,1,1,1,42,7,-1,-1,-1,-1,-1,-1
201760V146851,1,9,0,5,0,1,0,0,0,0,4,1,6,2,55,8,-1,-1,-1,-1,-1,-1
201760V147407,1,9,0,16,0,0,1,0,0,0,1,1,3,2,24,5,-1,-1,-1,-1,-1,-1
201760V147407,2,11,0,17,0,0,0,0,0,0,1,1,1,1,59,9,-1,-1,-1,-1,-1,-1
201760V147986,1,9,0,18,0,4,0,0,0,0,3,1,6,3,-1,-1,-1,-1,-1,-1,-1,-1
201760V147986,2,9,0,9,0,8,0,0,0,0,4,1,6,1,32,6,-1,-1,-1,-1,-1,-1
201760V148283,1,9,0,18,0,1,0,0,0,0,1,1,6,2,65,9,-1,-1,-1,-1,-1,-1
201760V148283,2,9,0,3,0,1,0,0,0,0,2,1,6,2,61,9,-1,-1,-1,-1,-1,-1
201760V148310,1,9,0,1,0,1,0,0,0,0,2,1,6,3,-1,-1,-1,-1,-1,-1,-1,-1
201760V148310,2,9,0,2,0,1,0,0,0,0,1,1,6,1,28,6,-1,-1,-1,-1,-1,-1
201760V148397,1,2,0,18,0,1,0,0,0,0,1,1,6,1,16,4,-1,-1,-1,-1,-1,-1
201760V148397,2,98,0,3,0,1,0,0,0,0,2,1,6,1,48,8,-1,-1,-1,-1,-1,-1
201760V148543,1,98,0,12,0,0,0,0,0,0,3,2,1,1,49,8,-1,-1,-1,-1,-1,-1
201760V148543,2,9,0,18,0,0,0,0,0,0,4,1,6,2,28,6,-1,-1,-1,-1,-1,-1
201760V148933,1,9,0,18,0,0,0,0,0,0,3,1,6,1,-1,-1,-1,-1,-1,-1,-1,-1
201760V148933,2,9,0,2,0,0,0,0,0,0,4,1,6,1,86,11,-1,-1,-1,-1,-1,-1
201760V148991,1,9,0,16,0,0,0,0,7,11,1,1,6,2,56,9,-1,-1,-1,-1,-1,-1
201760V149031,1,9,0,16,9,0,1,0,1,11,1,1,6,3,-1,-1,-1,-1,-1,-1,-1,-1
201760V149100,1,9,0,9,0,5,0,0,0,0,1,1,6,3,-1,-1,-1,-1,-1,-1,-1,-1
201760V149123,1,9,0,11,0,3,0,0,1,9,4,1,6,2,19,4,-1,-1,-1,-1,-1,-1
201760V149371,1,9,0,18,0,4,0,0,0,0,1,1,6,1,54,8,-1,-1,-1,-1,-1,-1
201760V149371,2,1,0,18,0,8,0,0,0,0,4,1,6,2,56,9,-1,-1,-1,-1,-1,-1
201760V149478,1,1,0,9,8,6,5,0,0,0,1,1,6,1,23,5,-1,-1,-1,-1,-1,-1
201760V149478,2,9,0,18,0,1,0,0,0,0,4,1,6,2,46,8,-1,-1,-1,-1,-1,-1
201760V149490,1,9,0,4,0,8,0,0,0,0,2,1,6,2,31,6,-1,-1,-1,-1,-1,-1
201760V149490,2,9,0,18,0,8,0,0,0,0,1,1,6,2,68,10,-1,-1,-1,-1,-1,-1
201760V149490,3,9,0,18,0,8,0,0,0,0,1,1,6,2,25,5,-1,-1,-1,-1,-1,-1
201760V149523,1,9,0,2,0,0,0,0,0,0,3,1,6,2,70,10,-1,-1,-1,-1,-1,-1
201760V149523,2,22,0,18,0,0,0,0,0,0,4,1,6,1,80,11,-1,-1,-1,-1,-1,-1