Accident_Index,Vehicle_Reference,Vehicle_Type,Towing_and_Articulation,Vehicle_Manoeuvre,Vehicle_Location-Restricted_Lane,Junction_Location,Skidding_and_Overturning,Hit_Object_in_Carriageway,Vehicle_Leaving_Carriageway,Hit_Object_off_Carriageway,1st_Point_of_Impact,Was_Vehicle_Left_Hand_Drive?,Journey_Purpose_of_Driver,Sex_of_Driver,Age_of_Driver,Age_Band_of_Driver,Engine_Capacity_(CC),Propulsion_Code,Age_of_Vehicle,Driver_IMD_Decile,Driver_Home_Area_Type,Vehicle_IMD_Decile
201760V173252,2,9,0,18,0,1,0,0,0,0,1,1,6,1,52,8,-1,-1,-1,-1,-1,-1
201760V173252,3,9,0,18,0,1,0,0,0,0,1,1,6,1,25,5,-1,-1,-1,-1,-1,-1
201760V173392,1,9,0,18,0,1,0,10,1,1,1,1,6,1,27,6,-1,-1,-1,-1,-1,-1
201760V173392,2,9,0,3,0,1,0,0,0,0,2,1,1,2,27,6,-1,-1,-1,-1,-1,-1
201760V173615,1,9,0,4,0,0,0,0,0,0,2,1,6,2,43,7,-1,-1,-1,-1,-1,-1
201760V173615,2,9,0,4,0,0,0,0,0,0,1,1,1,1,36,7,-1,-1,-1,-1,-1,-1
201760V174193,1,9,0,13,0,0,2,0,1,11,4,1,6,2,26,6,-1,-1,-1,-1,-1,-1
201760V174594,1,9,0,18,0,1,0,0,0,0,1,1,6,1,83,11,-1,-1,-1,-1,-1,-1
201760V174594,2,17,0,9,0,5,0,0,0,0,2,1,1,1,32,6,-1,-1,-1,-1,-1,-1
201760V174764,1,1,0,18,0,6,0,0,0,0,1,1,6,1,22,5,-1,-1,-1,-1,-1,-1
201760V174764,2,9,0,18,0,1,0,0,0,0,4,1,6,2,38,7,-1,-1,-1,-1,-1,-1
201760V174862,1,9,0,18,0,0,0,0,0,0,1,1,6,1,30,6,-1,-1,-1,-1,-1,-1
201760V174862,2,9,0,2,0,0,0,0,0,0,2,1,6,3,-1,-1,-1,-1,-1,-1,-1,-1
201760V174862,3,9,0,2,0,0,0,0,0,0,2,1,6,3,-1,-1,-1,-1,-1,-1,-1,-1
201760V174873,1,9,0,9,0,5,0,0,0,0,1,1,6,1,73,10,-1,-1,-1,-1,-1,-1
201760V174873,2,5,0,18,0,1,5,0,0,0,1,1,6,1,53,8,-1,-1,-1,-1,-1,-1
201760V175008,1,9,0,18,0,1,0,0,0,0,1,1,6,1,25,5,-1,-1,-1,-1,-1,-1
201760V175303,1,9,0,7,0,4,0,0,0,0,1,1,6,1,76,11,-1,-1,-1,-1,-1,-1
201760V175303,2,1,0,17,0,8,0,0,0,0,4,1,6,1,51,8,-1,-1,-1,-1,-1,-1
201760V175551,1,98,0,16,0,1,0,0,0,0,1,1,1,1,54,8,-1,-1,-1,-1,-1,-1
201760V175551,2,9,0,18,0,1,0,0,0,0,1,1,1,2,22,5,-1,-1,-1,-1,-1,-1
201760V175551,3,9,0,18,0,1,0,0,0,0,1,1,1,1,30,6,-1,-1,-1,-1,-1,-1
201760V175847,1,9,0,9,0,5,0,0,0,0,4,1,6,1,29,6,-1,-1,-1,-1,-1,-1
201760V175847,2,1,0,18,0,1,0,0,0,0,1,1,6,1,46,8,-1,-1,-1,-1,-1,-1
201760V175895,1,9,0,16,0,0,5,0,0,0,1,1,6,1,17,4,-1,-1,-1,-1,-1,-1
201760V176233,1,9,0,16,0,0,0,0,0,0,1,1,6,1,33,6,-1,-1,-1,-1,-1,-1
201760V176233,2,9,0,17,0,0,5,0,0,0,1,1,1,1,56,9,-1,-1,-1,-1,-1,-1
201760V176372,1,9,0,18,0,0,0,0,0,0,1,1,2,1,42,7,-1,-1,-1,-1,-1,-1
201760V176372,2,9,0,3,0,0,0,0,0,0,2,1,6,1,55,8,-1,-1,-1,-1,-1,-1
201760V176372,3,9,0,3,0,0,0,0,0,0,2,1,6,2,41,7,-1,-1,-1,-1,-1,-1
201760V176699,1,19,0,18,0,1,0,0,0,0,1,1,1,1,50,8,-1,-1,-1,-1,-1,-1
201760V176699,2,9,0,18,0,1,0,0,0,0,2,1,6,1,70,10,-1,-1,-1,-1,-1,-1
201760V176699,3,9,0,18,0,1,0,0,0,0,2,1,6,1,50,8,-1,-1,-1,-1,-1,-1
201760V176699,4,9,0,18,0,1,0,0,0,0,2,1,6,1,50,8,-1,-1,-1,-1,-1,-1
201760V176834,1,9,0,12,0,8,0,0,0,0,3,1,6,1,61,9,-1,-1,-1,-1,-1,-1
201760V176834,2,9,0,18,0,8,0,0,0,0,4,1,2,1,39,7,-1,-1,-1,-1,-1,-1
201760V176842,1,9,0,17,0,0,0,0,2,11,1,1,6,1,64,9,-1,-1,-1,-1,-1,-1
201760V176854,1,9,0,18,0,0,0,0,0,0,1,1,6,1,66,10,-1,-1,-1,-1,-1,-1
201760V176854,2,9,0,18,0,0,0,0,0,0,1,1,6,2,58,9,-1,-1,-1,-1,-1,-1
201760V176854,3,9,0,18,0,0,0,0,0,0,1,1,6,2,27,6,-1,-1,-1,-1,-1,-1
201760V176854,4,9,0,18,0,0,0,0,0,0,2,1,6,1,64,9,-1,-1,-1,-1,-1,-1
201760V176854,5,9,0,3,0,0,0,0,0,0,2,1,6,1,36,7,-1,-1,-1,-1,-1,-1
201760V176854,6,9,0,18,0,0,0,0,0,0,1,1,6,3,-1,-1,-1,-1,-1,-1,-1,-1
201760V176866,1,9,0,18,0,1,0,0,0,0,1,1,6,3,-1,-1,-1,-1,-1,-1,-1,-1
201760V176866,2,9,0,2,0,1,0,0,0,0,1,1,6,1,-1,-1,-1,-1,-1,-1,-1,-1
201760V176918,1,9,0,18,0,1,0,0,0,0,1,1,6,1,-1,-1,-1,-1,-1,-1,-1,-1
201760V176918,2,9,0,3,0,1,0,0,0,0,2,1,2,1,24,5,-1,-1,-1,-1,-1,-1
201760V177047,1,9,0,16,0,0,0,10,0,0,1,1,6,1,17,4,-1,-1,-1,-1,-1,-1
201760V177454,1,9,0,16,0,0,0,0,0,0,1,1,6,1,27,6,-1,-1,-1,-1,-1,-1
201760V177454,2,9,0,18,0,0,0,0,0,0,1,1,6,1,25,5,-1,-1,-1,-1,-1,-1
201760V177585,1,9,0,18,0,0,0,4,0,0,1,1,6,2,48,8,-1,-1,-1,-1,-1,-1
201760V177585,2,9,0,2,0,0,0,0,1,0,2,1,6,3,-1,-1,-1,-1,-1,-1,-1,-1
201760V177707,1,9,0,18,0,0,0,0,0,0,1,1,2,1,29,6,-1,-1,-1,-1,-1,-1
201760V177707,2,9,0,4,0,0,0,0,0,0,2,1,2,2,48,8,-1,-1,-1,-1,-1,-1
201760V178042,1,9,0,18,0,8,0,0,0,0,1,1,1,1,41,7,-1,-1,-1,-1,-1,-1
201760V178042,2,9,0,18,0,4,0,0,0,0,4,1,6,2,40,7,-1,-1,-1,-1,-1,-1
201760V178182,1,9,0,18,0,1,0,0,0,0,1,1,6,1,-1,-1,-1,-1,-1,-1,-1,-1
201760V178256,1,9,0,18,0,1,0,0,8,11,3,1,6,1,25,5,-1,-1,-1,-1,-1,-1
201760V178342,1,9,0,9,0,6,0,0,0,0,1,1,1,2,26,6,-1,-1,-1,-1,-1,-1
201760V178342,2,9,0,18,0,1,0,0,0,0,4,1,2,2,74,10,-1,-1,-1,-1,-1,-1
201760V178889,1,1,0,18,0,2,0,0,0,0,1,1,6,1,49,8,-1,-1,-1,-1,-1,-1
201760V178889,2,9,0,3,0,2,0,0,0,0,2,1,6,1,44,7,-1,-1,-1,-1,-1,-1
201760V179063,1,9,0,18,0,0,0,0,0,0,1,1,6,3,-1,-1,-1,-1,-1,-1,-1,-1
201760V179063,2,9,0,18,0,0,0,0,0,0,1,1,6,2,20,4,-1,-1,-1,-1,-1,-1
201760V179222,1,9,0,9,0,1,0,0,0,0,3,1,2,2,37,7,-1,-1,-1,-1,-1,-1
201760V179222,2,11,0,18,0,1,0,0,0,0,1,1,3,1,43,7,-1,-1,-1,-1,-1,-1
201760V179320,1,9,0,17,0,0,0,0,0,0,3,1,6,1,64,9,-1,-1,-1,-1,-1,-1
201760V179320,2,21,0,2,0,0,0,0,0,0,3,1,6,1,24,5,-1,-1,-1,-1,-1,-1
201760V179320,3,20,0,18,0,0,0,0,4,6,4,1,6,1,42,7,-1,-1,-1,-1,-1,-1
201760V179482,1,9,0,4,0,1,0,0,0,0,1,1,6,1,60,9,-1,-1,-1,-1,-1,-1
201760V179482,2,9,0,4,0,1,0,0,0,0,2,1,6,2,30,6,-1,-1,-1,-1,-1,-1
201760V179947,1,9,0,17,0,0,2,0,7,11,1,1,6,1,22,5,-1,-1,-1,-1,-1,-1
201760V179947,2,9,0,16,0,0,0,0,1,11,1,1,6,1,62,9,-1,-1,-1,-1,-1,-1
201760V179952,1,9,0,13,0,1,0,0,0,0,1,1,6,1,78,11,-1,-1,-1,-1,-1,-1
201760V179952,2,9,0,9,0,5,0,0,0,0,3,1,1,1,25,5,-1,-1,-1,-1,-1,-1
201760V180166,1,9,0,17,0,0,0,0,1,11,1,1,6,2,27,6,-1,-1,-1,-1,-1,-1
201760V180187,1,1,0,9,0,6,0,0,0,0,1,1,6,1,46,8,-1,-1,-1,-1,-1,-1
201760V180187,2,9,0,18,0,1,0,0,0,0,1,1,6,2,-1,-1,-1,-1,-1,-1,-1,-1
201760V180709,1,9,0,16,0,0,0,0,0,0,1,1,2,1,19,4,-1,-1,-1,-1,-1,-1
201760V180709,2,9,0,17,0,0,0,0,1,10,1,1,2,2,65,9,-1,-1,-1,-1,-1,-1
201760V180878,1,9,0,18,0,0,0,0,8,4,1,1,6,1,53,8,-1,-1,-1,-1,-1,-1
201760V180878,2,9,0,13,0,0,0,0,7,4,1,1,6,1,57,9,-1,-1,-1,-1,-1,-1
201760V180889,1,9,0,18,0,8,1,0,0,0,1,1,6,1,31,6,-1,-1,-1,-1,-1,-1
201760V180889,2,9,0,18,0,8,5,0,0,0,2,1,6,2,41,7,-1,-1,-1,-1,-1,-1
201760V180947,1,5,0,18,0,1,0,0,0,0,1,1,6,1,45,7,-1,-1,-1,-1,-1,-1
201760V181116,1,19,0,17,0,0,0,0,0,0,1,2,1,1,39,7,-1,-1,-1,-1,-1,-1
201760V181116,2,9,0,16,0,0,0,0,0,0,1,1,6,1,35,6,-1,-1,-1,-1,-1,-1
201760V181526,1,9,0,18,0,0,5,0,2,10,1,1,6,1,55,8,-1,-1,-1,-1,-1,-1
201760V181556,1,9,0,18,0,0,0,0,0,0,1,1,6,1,34,6,-1,-1,-1,-1,-1,-1
201760V181736,1,9,0,18,0,0,0,0,4,6,1,1,6,2,25,5,-1,-1,-1,-1,-1,-1
201760V181970,1,1,0,18,0,8,0,0,0,0,1,1,6,1,45,7,-1,-1,-1,-1,-1,-1
201760V181970,2,9,0,4,0,1,0,0,0,0,4,1,1,1,23,5,-1,-1,-1,-1,-1,-1
201760V182021,1,3,0,4,0,1,1,10,0,0,1,1,2,1,19,4,-1,-1,-1,-1,-1,-1
201760V182105,1,9,0,9,0,6,0,0,0,0,3,1,6,1,24,5,-1,-1,-1,-1,-1,-1
201760V182105,2,3,0,18,0,1,0,0,0,0,1,1,6,1,51,8,-1,-1,-1,-1,-1,-1
201760V182105,3,3,0,18,0,1,0,0,0,0,1,1,6,1,48,8,-1,-1,-1,-1,-1,-1
201760V182395,1,9,0,17,0,0,2,0,1,0,0,1,6,1,25,5,-1,-1,-1,-1,-1,-1
201760V182430,1,9,0,16,0,7,5,10,0,0,4,1,6,2,37,7,-1,-1,-1,-1,-1,-1
201760V182602,1,9,0,18,0,0,0,0,7,0,1,1,6,1,26,6,-1,-1,-1,-1,-1,-1
201760V182602,2,9,0,1,0,0,0,0,0,0,3,1,6,1,37,7,-1,-1,-1,-1,-1,-1
201760V182946,1,9,0,7,0,6,0,0,0,0,1,1,6,2,48,8,-1,-1,-1,-1,-1,-1
201760V182946,2,1,0,16,0,1,0,0,0,0,4,1,6,1,70,10,-1,-1,-1,-1,-1,-1
201760V183259,1,9,0,9,0,1,0,0,0,0,1,1,6,2,64,9,-1,-1,-1,-1,-1,-1
201760V183259,2,3,0,18,0,1,0,0,0,0,1,1,6,1,55,8,-1,-1,-1,-1,-1,-1
201760V183515,1,9,0,9,0,6,0,0,0,0,3,1,2,2,31,6,-1,-1,-1,-1,-1,-1
201760V183515,2,9,0,18,0,8,0,0,0,0,1,1,2,2,18,4,-1,-1,-1,-1,-1,-1
201760V183535,1,4,0,18,0,3,1,0,0,0,1,1,6,1,39,7,-1,-1,-1,-1,-1,-1
201760V183535,2,9,0,4,0,3,0,0,0,0,2,1,6,1,38,7,-1,-1,-1,-1,-1,-1
201760V183539,1,9,0,16,0,1,0,0,0,0,1,1,6,3,-1,-1,-1,-1,-1,-1,-1,-1
201760V183547,1,9,0,9,0,1,0,0,0,0,1,1,2,1,64,9,-1,-1,-1,-1,-1,-1
201760V183622,1,9,0,18,0,4,1,0,2,2,4,1,6,1,37,7,-1,-1,-1,-1,-1,-1
201760V183622,2,9,0,3,0,1,0,0,0,0,4,1,6,2,28,6,-1,-1,-1,-1,-1,-1
201760V183812,1,9,0,5,0,0,0,0,0,0,4,1,6,1,20,4,-1,-1,-1,-1,-1,-1
201760V183812,2,9,0,4,0,0,0,0,0,0,3,1,6,2,43,7,-1,-1,-1,-1,-1,-1
201760V183973,1,5,0,18,0,1,0,0,0,0,1,1,6,1,32,6,-1,-1,-1,-1,-1,-1
201760V183973,2,9,0,10,0,1,0,0,0,0,2,1,6,1,19,4,-1,-1,-1,-1,-1,-1
201760V184456,1,8,0,18,0,0,0,0,0,0,1,1,1,1,32,6,-1,-1,-1,-1,-1,-1
201760V184548,1,9,0,18,0,8,0,0,0,0,1,1,1,1,57,9,-1,-1,-1,-1,-1,-1
201760V184548,2,1,0,18,0,8,0,0,0,0,1,1,6,1,48,8,-1,-1,-1,-1,-1,-1
201760V184707,1,9,0,18,0,0,2,0,0,0,1,1,1,2,50,8,-1,-1,-1,-1,-1,-1
201760V185007,1,9,0,18,0,0,0,0,0,0,4,1,6,2,32,6,-1,-1,-1,-1,-1,-1
201760V185303,1,5,0,7,0,6,0,0,0,0,0,1,1,1,37,7,-1,-1,-1,-1,-1,-1
201760V185822,1,9,0,16,0,2,0,0,3,11,1,1,6,1,18,4,-1,-1,-1,-1,-1,-1
201760V185836,1,9,0,16,0,0,2,0,0,0,3,1,2,1,45,7,-1,-1,-1,-1,-1,-1
201760V186294,1,9,0,18,0,0,0,0,0,0,1,1,6,1,25,5,-1,-1,-1,-1,-1,-1
201760V186294,2,8,0,18,0,0,0,0,0,0,2,1,1,1,40,7,-1,-1,-1,-1,-1,-1
201760V186294,3,9,0,5,0,0,0,0,0,0,2,1,6,3,-1,-1,-1,-1,-1,-1,-1,-1
201760V186386,1,98,0,11,0,0,1,0,0,0,1,1,6,1,-1,-1,-1,-1,-1,-1,-1,-1
201760V186386,2,9,0,18,0,0,0,0,0,0,2,1,6,1,45,7,-1,-1,-1,-1,-1,-1
201760V186641,1,9,0,18,0,0,0,0,0,0,4,1,6,2,73,10,-1,-1,-1,-1,-1,-1
201760V186709,1,9,0,16,0,0,2,0,0,0,3,1,1,2,28,6,-1,-1,-1,-1,-1,-1
201760V186991,1,9,0,17,0,1,0,0,0,0,1,1,6,2,-1,-1,-1,-1,-1,-1,-1,-1
201760V187482,1,19,0,7,0,7,1,0,1,9,2,1,1,1,50,8,-1,-1,-1,-1,-1,-1
201760V187482,2,19,0,18,0,8,1,0,0,0,1,1,6,1,29,6,-1,-1,-1,-1,-1,-1
201760V187679,1,9,0,5,0,0,0,0,0,0,1,1,6,2,42,7,-1,-1,-1,-1,-1,-1
201760V187732,1,21,0,1,0,1,0,0,0,0,2,1,1,1,50,8,-1,-1,-1,-1,-1,-1
201760V187732,2,11,0,3,0,1,0,0,0,0,1,1,1,1,26,6,-1,-1,-1,-1,-1,-1
201760V187884,1,9,0,5,0,6,0,0,0,0,1,1,6,1,-1,-1,-1,-1,-1,-1,-1,-1
201760V187884,2,1,0,18,0,1,0,0,0,0,1,1,6,2,62,9,-1,-1,-1,-1,-1,-1
201760V188118,1,9,0,18,0,0,0,0,1,7,1,1,6,2,22,5,-1,-1,-1,-1,-1,-1
201760V188185,1,9,0,18,0,1,0,0,0,0,3,1,6,1,53,8,-1,-1,-1,-1,-1,-1
201760V188302,1,9,0,9,0,8,0,0,0,0,1,1,6,1,65,9,-1,-1,-1,-1,-1,-1
201760V188302,2,1,0,18,0,8,0,0,0,0,3,1,6,1,70,10,-1,-1,-1,-1,-1,-1
201760V188448,1,9,0,18,0,0,0,0,0,0,4,1,6,1,61,9,-1,-1,-1,-1,-1,-1
201760V188448,2,9,0,2,0,0,0,0,0,0,4,1,6,2,20,4,-1,-1,-1,-1,-1,-1
201760V188497,1,9,0,9,0,5,0,0,0,0,0,1,6,2,50,8,-1,-1,-1,-1,-1,-1
201760V188497,2,1,0,18,0,1,0,0,0,0,0,1,6,1,46,8,-1,-1,-1,-1,-1,-1
201760V188665,1,8,0,18,0,0,0,0,0,0,1,1,1,1,55,8,-1,-1,-1,-1,-1,-1
201760V188752,1,9,0,17,0,1,1,0,1,9,1,1,6,2,38,7,-1,-1,-1,-1,-1,-1
201760V188798,1,9,0,16,0,0,1,0,0,0,1,1,2,1,23,5,-1,-1,-1,-1,-1,-1
201760V188798,2,11,0,17,0,0,0,0,0,0,1,1,1,1,-1,-1,-1,-1,-1,-1,-1,-1
201760V189132,1,9,0,7,0,2,0,0,0,0,1,1,1,1,73,10,-1,-1,-1,-1,-1,-1
201760V189201,1,11,0,5,0,1,0,0,0,0,4,1,6,1,47,8,-1,-1,-1,-1,-1,-1
201760V189661,1,9,0,18,0,0,0,0,0,0,1,1,6,1,56,9,-1,-1,-1,-1,-1,-1
201760V189661,2,9,0,4,0,0,0,0,0,0,2,1,2,2,26,6,-1,-1,-1,-1,-1,-1
201760V189661,3,9,0,4,0,0,0,0,0,0,2,1,6,2,48,8,-1,-1,-1,-1,-1,-1
201760V189661,4,9,0,4,0,0,0,0,0,0,2,1,1,2,57,9,-1,-1,-1,-1,-1,-1
201760V189747,1,2,0,18,0,0,0,4,0,0,1,1,6,1,16,4,-1,-1,-1,-1,-1,-1
201760V189747,2,98,0,2,0,0,0,0,0,0,2,1,1,1,51,8,-1,-1,-1,-1,-1,-1
201760V190217,1,2,0,9,0,6,0,0,0,0,3,1,6,1,16,4,-1,-1,-1,-1,-1,-1
201760V190217,2,9,0,18,0,8,0,0,0,0,1,1,6,2,63,9,-1,-1,-1,-1,-1,-1
201760V190781,1,9,0,9,0,8,0,0,0,0,3,1,2,2,33,6,-1,-1,-1,-1,-1,-1
201760V190821,1,9,0,18,0,0,0,0,0,0,2,1,6,1,26,6,-1,-1,-1,-1,-1,-1
201760V190821,2,9,0,18,0,0,1,0,0,0,1,1,2,1,30,6,-1,-1,-1,-1,-1,-1
201760V191165,1,9,0,17,0,0,0,0,7,11,1,1,2,1,23,5,-1,-1,-1,-1,-1,-1
201760V191278,1,9,0,16,0,0,1,0,0,0,1,1,6,1,29,6,-1,-1,-1,-1,-1,-1
201760V191278,2,9,0,18,0,0,0,0,0,0,4,1,6,1,45,7,-1,-1,-1,-1,-1,-1
201760V191282,1,9,0,5,0,8,0,0,0,0,3,1,6,2,66,10,-1,-1,-1,-1,-1,-1
201760V191282,2,97,0,18,0,8,0,0,0,0,1,1,2,1,28,6,-1,-1,-1,-1,-1,-1
201760V191438,1,9,0,16,0,0,1,0,7,4,3,1,6,1,19,4,-1,-1,-1,-1,-1,-1
201760V191532,1,9,0,18,0,0,1,0,0,0,1,1,2,1,26,6,-1,-1,-1,-1,-1,-1
201760V191532,2,9,0,18,0,0,0,0,0,0,1,1,6,1,55,8,-1,-1,-1,-1,-1,-1
201760V191698,1,9,0,5,0,4,0,0,0,0,0,1,6,2,32,6,-1,-1,-1,-1,-1,-1
201760V191698,2,5,0,5,0,3,1,0,0,0,0,1,6,1,52,8,-1,-1,-1,-1,-1,-1
201760V192054,1,9,0,18,0,4,0,0,0,0,1,1,6,1,46,8,-1,-1,-1,-1,-1,-1
201760V192054,2,9,0,18,0,3,1,0,0,0,4,1,6,2,43,7,-1,-1,-1,-1,-1,-1
201760V192403,1,9,0,9,0,1,0,0,0,0,1,1,6,1,52,8,-1,-1,-1,-1,-1,-1
201760V192455,1,9,0,18,0,2,0,0,3,11,1,1,6,1,71,10,-1,-1,-1,-1,-1,-1
201760V192614,1,9,0,18,0,0,2,0,7,0,0,1,6,1,18,4,-1,-1,-1,-1,-1,-1
201760V192726,1,9,0,9,0,5,0,0,0,0,1,1,6,2,52,8,-1,-1,-1,-1,-1,-1
201760V193313,1,9,0,18,0,0,2,0,8,11,1,1,2,1,28,6,-1,-1,-1,-1,-1,-1
201760V193351,1,9,0,4,0,5,1,0,7,1,1,1,6,1,26,6,-1,-1,-1,-1,-1,-1
201760V193370,1,9,0,18,0,0,0,0,0,0,1,1,6,2,22,5,-1,-1,-1,-1,-1,-1
201760V193800,1,9,0,9,0,6,0,0,0,0,1,1,6,1,59,9,-1,-1,-1,-1,-1,-1
201760V193800,2,9,0,18,0,1,0,0,0,0,1,1,6,1,71,10,-1,-1,-1,-1,-1,-1
201760V193836,1,9,0,17,0,0,1,0,1,10,1,1,6,2,54,8,-1,-1,-1,-1,-1,-1
201760V193836,2,9,0,18,0,0,0,0,0,0,1,1,6,1,57,9,-1,-1,-1,-1,-1,-1
201760V193935,1,3,0,7,0,1,1,0,0,0,0,1,6,2,69,10,-1,-1,-1,-1,-1,-1
201760V194217,1,9,0,11,0,1,1,0,1,7,4,1,6,1,23,5,-1,-1,-1,-1,-1,-1
201760V194438,1,9,0,18,0,0,2,0,1,0,0,1,6,1,71,10,-1,-1,-1,-1,-1,-1
201760V194579,1,8,0,18,0,1,0,0,0,0,1,1,1,1,33,6,-1,-1,-1,-1,-1,-1
201760V194734,1,9,0,1,0,1,0,0,0,0,2,1,6,1,-1,-1,-1,-1,-1,-1,-1,-1
201760V194746,1,9,0,18,0,0,0,4,0,0,1,1,6,1,49,8,-1,-1,-1,-1,-1,-1
201760V194746,2,9,0,2,0,0,0,0,0,0,2,1,6,1,69,10,-1,-1,-1,-1,-1,-1
201760V194853,1,9,0,7,0,8,0,0,1,0,3,1,6,2,40,7,-1,-1,-1,-1,-1,-1
201760V194853,2,9,0,18,0,1,0,0,1,0,4,1,6,2,40,7,-1,-1,-1,-1,-1,-1
201760V195094,1,9,0,18,0,0,2,0,2,4,1,1,6,1,29,6,-1,-1,-1,-1,-1,-1
201760V195631,1,9,0,5,0,2,0,0,0,0,4,1,6,2,63,9,-1,-1,-1,-1,-1,-1
201760V195631,2,1,0,5,0,2,0,0,0,0,3,1,6,1,47,8,-1,-1,-1,-1,-1,-1
2017610000117,1,9,0,18,0,0,2,0,1,0,1,1,2,2,65,9,1560,2,5,-1,1,-1
2017610000217,1,9,0,10,0,8,0,0,0,0,1,1,6,2,35,6,1798,1,5,-1,1,-1
2017610000317,1,9,0,16,9,0,0,0,1,10,1,1,6,1,27,6,-1,-1,-1,-1,1,-1
2017610000417,1,9,0,5,0,3,0,0,0,0,0,1,6,1,22,5,1198,1,7,-1,1,-1
2017610000417,2,9,0,11,0,3,0,10,0,0,0,1,1,1,26,6,1582,2,5,-1,1,-1
2017610000517,1,9,0,18,0,0,0,0,0,0,1,1,6,1,20,4,1984,1,9,-1,1,-1
2017610000517,2,9,0,5,9,0,0,0,0,0,3,1,6,1,55,8,-1,-1,-1,-1,1,-1
2017610000617,1,9,0,18,0,4,0,0,0,0,1,1,6,1,34,6,1910,2,13,-1,-1,-1
2017610000617,2,1,0,18,0,3,0,0,0,0,4,1,1,1,34,6,-1,-1,-1,-1,-1,-1
2017610000717,1,9,0,7,0,1,0,0,0,0,1,1,2,2,23,5,1596,1,11,-1,-1,-1
2017610000717,2,9,0,18,0,1,0,0,0,0,4,1,2,2,23,5,1598,1,1,-1,-1,-1
2017610000817,1,9,0,16,0,0,1,0,0,0,1,1,6,1,26,6,-1,-1,-1,-1,1,-1
2017610000817,2,11,0,18,0,0,0,0,0,0,3,1,1,2,30,6,5900,2,11,-1,-1,-1
2017610000917,1,9,0,16,0,0,1,0,8,7,0,1,2,1,19,4,1896,2,15,-1,1,-1
2017610001017,1,9,0,17,0,3,0,0,0,0,1,1,6,1,36,7,1597,1,1,-1,1,-1
2017610001017,2,9,0,16,0,3,0,0,0,0,3,1,6,1,52,8,1598,1,8,-1,1,-1
2017610001117,1,9,0,10,0,1,0,0,0,0,2,1,6,1,57,9,1339,1,11,-1,1,-1
2017610001117,2,9,0,18,0,8,0,0,0,0,1,1,1,1,28,6,1461,2,4,-1,-1,-1
2017610001217,1,9,0,5,0,4,0,0,0,0,2,1,6,1,17,4,1242,1,11,-1,2,-1
2017610001217,2,9,0,18,0,4,0,7,0,10,1,1,6,3,-1,-1,-1,-1,-1,-1,-1,-1
2017610001217,3,9,0,18,0,3,0,0,0,0,0,1,6,3,-1,-1,-1,-1,-1,-1,-1,-1
2017610001317,1,9,0,9,0,1,0,0,0,0,0,1,6,2,23,5,2199,2,3,-1,2,-1
2017610001317,2,9,0,3,0,1,0,0,0,0,1,1,6,2,37,7,1200,1,1,-1,-1,-1
2017610001317,3,9,0,18,0,1,0,0,0,0,1,1,6,1,32,6,-1,-1,-1,-1,1,-1
2017610001317,4,19,0,18,0,1,0,0,1,11,1,1,6,1,37,7,1560,2,3,-1,-1,-1
2017610001417,1,9,0,18,9,0,0,7,1,10,1,1,6,1,39,7,-1,-1,-1,-1,1,-1
2017610001517,1,9,0,9,0,2,0,0,0,0,4,1,6,2,82,11,1596,1,7,-1,1,-1
2017610001617,1,9,0,16,0,0,0,0,0,0,2,1,6,1,53,8,1598,2,2,-1,1,-1
2017610001617,2,19,0,18,0,0,0,0,0,0,1,1,1,1,32,6,2143,2,4,-1,1,-1
2017610001717,1,9,0,16,0,3,2,0,0,0,1,1,1,1,18,4,1149,1,13,-1,1,-1
2017610001917,1,9,0,18,6,0,1,0,1,7,3,2,6,2,55,8,1360,1,10,-1,-1,-1
2017610002017,1,9,0,3,0,4,0,0,0,0,2,1,6,2,35,6,1995,2,6,-1,1,-1
2017610002017,2,9,0,18,0,4,0,0,0,0,1,1,6,1,25,5,1587,1,14,-1,1,-1
2017610002117,1,9,0,9,0,1,0,0,0,0,1,1,6,2,30,6,1870,2,11,-1,1,-1
2017610002117,2,1,0,18,0,1,0,0,0,0,1,1,6,1,51,8,-1,-1,-1,-1,1,-1
2017610002217,1,19,0,18,0,1,0,0,0,0,1,1,6,1,35,6,2198,2,3,-1,2,-1
2017610002217,2,9,0,3,0,1,0,0,0,0,2,1,6,2,30,6,1598,1,1,-1,1,-1
2017610002317,1,9,0,18,0,8,0,0,0,0,1,1,6,1,88,11,1596,1,2,-1,1,-1
2017610002317,2,1,0,11,0,3,0,0,0,0,4,1,6,1,50,8,-1,-1,-1,-1,1,-1
2017610002417,1,9,0,17,0,1,0,0,0,0,4,1,6,1,56,9,1597,2,2,-1,1,-1
2017610002417,2,-1,0,18,0,1,1,0,0,0,1,1,6,3,-1,-1,-1,-1,-1,-1,2,-1
2017610002517,1,9,0,18,0,1,1,0,0,7,2,1,2,2,37,7,1490,1,11,-1,1,-1
2017610002717,1,9,0,5,0,1,0,0,0,0,1,1,6,1,28,6,998,1,7,-1,1,-1
2017610002717,2,9,0,8,0,1,0,0,0,0,2,1,6,1,38,7,1998,2,11,-1,1,-1
2017610002817,1,9,0,4,0,0,1,0,1,10,3,1,2,1,25,5,1248,2,4,-1,1,-1
2017610002817,2,9,0,4,0,0,0,0,0,0,3,1,1,2,44,7,1328,1,11,-1,1,-1
2017610002917,1,9,0,18,0,0,0,0,0,0,1,1,3,2,25,5,1390,1,13,-1,1,-1
2017610002917,2,9,0,5,0,0,0,0,0,0,1,1,6,1,39,7,1360,1,11,-1,1,-1
2017610003017,1,9,0,2,9,1,0,0,0,0,1,1,6,1,30,6,1596,1,12,-1,2,-1
2017610003017,2,9,0,1,0,1,0,0,0,0,2,1,6,2,70,10,1399,1,8,-1,1,-1
2017610003117,1,3,0,4,0,0,1,0,0,0,1,1,2,2,45,7,124,1,3,-1,1,-1
2017610003117,2,9,0,4,0,0,0,0,0,0,1,1,2,1,68,10,1242,1,14,-1,1,-1
2017610003217,1,9,0,18,0,0,0,0,0,0,0,1,6,1,23,5,998,1,16,-1,3,-1
2017610003317,1,9,0,3,0,1,0,0,0,0,1,1,6,2,72,10,1910,2,11,5,3,5
2017610003317,2,9,0,3,0,1,0,0,0,0,2,1,6,2,28,6,1753,2,8,-1,2,-1