Accident_Index,Vehicle_Reference,Vehicle_Type,Towing_and_Articulation,Vehicle_Manoeuvre,Vehicle_Location-Restricted_Lane,Junction_Location,Skidding_and_Overturning,Hit_Object_in_Carriageway,Vehicle_Leaving_Carriageway,Hit_Object_off_Carriageway,1st_Point_of_Impact,Was_Vehicle_Left_Hand_Drive?,Journey_Purpose_of_Driver,Sex_of_Driver,Age_of_Driver,Age_Band_of_Driver,Engine_Capacity_(CC),Propulsion_Code,Age_of_Vehicle,Driver_IMD_Decile,Driver_Home_Area_Type,Vehicle_IMD_Decile
2017610017417,2,9,0,18,0,0,0,0,0,0,2,1,6,2,37,7,1590,1,5,10,2,10
2017610017517,1,9,0,4,0,0,0,0,0,0,1,1,6,1,21,5,2198,1,16,-1,-1,-1
2017610017517,2,9,0,4,0,0,0,0,0,0,2,1,6,2,44,7,1388,1,10,-1,1,-1
2017610017517,3,9,0,9,0,0,0,0,0,0,2,1,6,2,23,5,1242,1,5,-1,1,-1
2017610017617,1,3,0,18,0,1,1,0,0,0,4,1,6,1,17,4,124,1,1,-1,1,-1
2017610017617,2,9,0,2,0,1,0,0,0,0,3,1,6,1,21,5,-1,3,1,-1,1,-1
2017610017717,1,9,0,3,6,0,0,0,0,0,1,1,6,1,63,9,2143,2,5,-1,1,-1
2017610017717,2,8,0,2,8,0,0,0,0,0,2,1,6,1,37,7,1968,2,8,-1,1,-1
2017610017717,3,9,0,2,7,0,0,0,0,0,0,1,6,2,29,6,1242,1,10,-1,1,-1
2017610017817,1,9,0,18,0,0,0,0,0,0,1,1,1,1,67,10,1995,2,10,-1,-1,-1
2017610017917,1,9,0,16,0,0,1,4,0,0,1,1,6,1,26,6,1124,1,14,-1,1,-1
2017610017917,2,8,0,2,0,0,0,0,0,0,2,1,6,1,39,7,-1,-1,-1,-1,2,-1
2017610018017,1,9,0,5,0,0,0,0,0,0,1,1,1,2,28,6,-1,-1,-1,-1,1,-1
2017610018017,2,4,0,18,0,0,1,0,0,0,1,1,2,1,41,7,599,1,18,-1,1,-1
2017610018117,1,9,0,17,0,2,0,0,0,0,1,1,2,1,21,5,1598,1,26,-1,2,-1
2017610018117,2,1,0,17,0,2,1,0,0,0,3,1,6,1,52,8,-1,-1,-1,-1,1,-1
2017610018217,1,9,0,2,0,1,0,0,0,0,1,1,6,1,20,4,1596,1,5,-1,1,-1
2017610018217,2,9,0,18,0,1,0,0,0,0,1,1,6,1,84,11,1242,1,3,-1,1,-1
2017610018317,1,9,0,18,0,4,0,0,0,0,3,1,6,2,47,8,1598,2,-1,-1,1,-1
2017610018317,2,9,0,7,0,5,0,0,0,0,4,1,6,2,19,4,1600,1,6,-1,1,-1
2017610018417,1,9,0,18,0,4,0,0,0,0,3,1,6,2,48,8,1388,1,9,-1,1,-1
2017610018417,2,9,0,18,0,4,0,0,0,0,2,1,6,1,47,8,1490,1,9,-1,1,-1
2017610018517,1,9,0,18,0,0,0,7,1,1,4,1,6,3,-1,-1,-1,-1,-1,-1,-1,-1
2017610018517,2,9,0,2,0,0,0,0,0,0,4,1,6,1,21,5,1364,1,10,-1,-1,-1
2017610018517,3,9,0,2,0,0,0,0,0,0,1,1,6,1,51,8,1762,1,17,-1,-1,-1
2017610018617,1,9,0,18,0,0,0,0,0,0,1,1,6,1,26,6,1461,2,7,-1,2,-1
2017610018717,1,9,0,12,0,7,0,0,0,0,3,1,6,1,72,10,1997,2,3,-1,3,-1
2017610018717,2,9,0,18,0,7,0,0,0,0,4,1,2,2,42,7,1984,2,8,-1,2,-1
2017610018817,1,9,0,2,0,0,0,0,0,0,2,1,6,1,62,9,1968,2,6,-1,1,-1
2017610018817,2,9,0,1,0,0,0,0,0,0,2,1,6,1,62,9,1598,1,13,-1,1,-1
2017610019017,1,9,0,8,0,4,0,0,0,0,2,1,6,2,46,8,1598,1,6,-1,1,-1
2017610019017,2,9,0,8,0,4,0,0,0,0,1,1,6,2,44,7,1968,2,10,-1,1,-1
2017610019117,1,9,0,18,0,6,2,0,8,11,1,1,6,1,24,5,1149,1,11,-1,1,-1
2017610019217,1,9,0,18,0,4,0,0,0,0,2,1,2,1,49,8,1997,2,8,-1,1,-1
2017610019217,2,1,0,18,0,4,0,0,0,0,1,1,6,1,49,8,-1,-1,-1,-1,1,-1
2017610019317,1,9,0,18,0,0,0,0,0,0,3,1,6,1,26,6,1896,2,9,-1,-1,-1
2017610019517,1,9,0,18,0,4,0,10,2,1,1,1,6,1,61,9,2148,2,13,-1,3,-1
2017610019717,1,21,1,18,0,0,0,0,0,0,1,1,1,1,40,7,-1,-1,-1,-1,-1,-1
2017610019717,2,9,0,18,0,0,2,0,1,0,3,1,6,2,19,4,998,1,4,-1,1,-1
2017610019817,1,19,0,18,0,0,0,0,0,0,1,1,6,2,51,8,2402,2,11,-1,2,-1
2017610019817,2,9,0,10,0,0,0,0,0,0,2,1,1,2,64,9,1242,1,10,-1,1,-1
2017610019917,1,9,0,18,0,0,1,0,7,0,1,1,6,1,23,5,1596,1,16,-1,1,-1
2017610019917,2,9,0,18,0,0,0,0,0,0,1,1,6,1,34,6,998,1,-1,-1,1,-1
2017610020017,1,9,0,18,0,1,0,0,0,0,1,1,6,1,33,6,1995,2,14,-1,-1,-1
2017610020017,2,9,0,18,0,1,0,0,0,0,2,1,6,1,37,7,1796,1,12,-1,1,-1
2017610020117,1,9,0,18,0,1,0,0,0,0,1,1,6,1,50,8,-1,-1,-1,-1,1,-1
2017610020117,2,9,0,7,0,2,0,0,0,0,2,1,6,2,87,11,1149,1,10,-1,3,-1
2017610020217,1,9,0,18,0,0,0,0,0,0,1,1,6,1,47,8,1229,1,4,-1,3,-1
2017610020217,2,9,0,16,0,0,0,0,7,9,1,1,2,2,56,9,1582,2,3,-1,3,-1
2017610020817,1,19,0,3,0,1,0,0,0,0,2,1,2,1,53,8,1753,2,9,-1,2,-1
2017610020817,2,9,0,3,0,1,0,0,0,0,1,1,2,1,20,4,1598,2,-1,-1,1,-1
2017610020917,1,2,0,18,0,2,0,0,0,0,3,1,6,1,17,4,-1,-1,-1,-1,1,-1
2017610020917,2,9,0,9,0,2,0,0,0,0,1,1,6,1,46,8,1896,2,9,-1,1,-1
2017610021017,1,9,0,4,0,1,0,0,0,0,2,1,1,1,46,8,998,1,4,-1,3,-1
2017610021017,2,9,0,18,0,1,0,0,0,0,1,1,1,1,53,8,-1,-1,-1,5,3,5
2017610021017,3,9,0,18,0,1,0,0,0,0,1,1,1,1,51,8,1398,1,1,-1,-1,-1
2017610021117,1,9,0,18,0,0,0,0,0,0,1,1,1,1,45,7,1685,2,2,-1,1,-1
2017610021117,2,1,0,18,0,0,0,0,0,0,4,1,6,1,12,3,-1,-1,-1,-1,-1,-1
2017610021217,1,9,0,5,0,4,0,0,0,0,3,1,6,2,40,7,1910,2,12,-1,1,-1
2017610021217,2,1,0,18,0,8,0,0,0,0,4,1,6,1,36,7,-1,-1,-1,-1,1,-1
2017610021317,1,9,0,7,0,6,0,0,0,0,1,1,1,2,50,8,1999,1,10,-1,-1,-1
2017610021317,2,19,0,18,0,1,0,0,0,0,1,1,1,1,19,4,2198,2,10,-1,-1,-1
2017610021417,1,9,0,18,0,3,2,0,0,0,4,1,6,2,18,4,1242,1,7,-1,3,-1
2017610021517,1,9,0,5,0,8,0,0,0,0,1,1,6,1,49,8,1461,2,1,-1,1,-1
2017610021517,2,1,0,16,0,8,0,0,1,0,1,1,6,1,35,6,-1,-1,-1,-1,-1,-1
2017610021617,1,9,0,18,0,3,1,0,1,2,3,1,6,2,17,4,1229,1,6,-1,1,-1
2017610021617,2,9,0,18,0,8,0,0,0,0,4,1,6,2,17,4,1248,1,8,-1,1,-1
2017610021717,1,9,0,18,0,1,0,0,0,0,1,1,6,1,50,8,1870,2,10,-1,1,-1
2017610021817,1,20,0,3,0,1,0,0,0,0,1,1,6,1,30,6,-1,-1,-1,-1,1,-1
2017610021817,2,9,0,3,0,1,0,0,0,0,1,1,6,2,42,7,1242,1,11,-1,-1,-1
2017610021917,1,9,0,18,0,0,0,0,0,0,1,1,1,2,44,7,1329,1,6,-1,1,-1
2017610021917,2,20,0,18,0,0,0,0,0,0,2,1,1,1,53,8,-1,-1,-1,-1,3,-1
2017610022017,1,9,0,18,0,0,0,0,0,0,1,1,1,1,23,5,998,1,1,-1,2,-1
2017610022017,2,9,0,4,0,0,0,0,0,0,2,1,1,2,44,7,1598,1,15,10,1,10
2017610022117,1,9,0,3,0,1,0,0,0,0,2,1,6,1,84,11,1997,1,11,-1,1,-1
2017610022117,2,8,0,18,0,1,0,0,0,0,1,1,6,1,23,5,-1,-1,-1,-1,1,-1
2017610022217,1,9,0,18,0,0,0,0,0,0,1,1,6,1,24,5,1206,1,5,-1,1,-1
2017610022317,1,9,0,5,0,1,0,0,0,0,3,1,6,1,48,8,1598,1,5,-1,1,-1
2017610022317,2,19,0,7,0,1,0,0,0,0,4,1,6,1,46,8,2496,2,19,-1,-1,-1
2017610022417,1,9,0,12,0,0,0,0,0,0,1,1,1,1,62,9,1870,2,14,-1,1,-1
2017610022417,2,9,0,4,0,0,0,0,0,0,2,1,6,1,36,7,1560,2,3,-1,1,-1
2017610022417,3,9,0,4,0,0,0,0,0,0,2,1,6,1,51,8,2982,2,3,6,3,6
2017610022517,1,9,0,5,0,2,0,0,0,0,1,1,6,2,34,6,1560,2,9,-1,1,-1
2017610022517,2,9,0,18,0,2,0,0,0,0,3,1,6,2,26,6,1968,2,2,-1,1,-1
2017610022617,1,9,0,18,0,0,0,0,0,0,2,1,6,2,28,6,-1,-1,-1,-1,-1,-1
2017610022617,2,1,0,18,0,0,0,0,0,0,1,1,6,2,29,6,-1,-1,-1,-1,-1,-1
2017610022717,1,9,0,16,0,1,2,0,7,4,4,1,6,1,30,6,1905,2,19,-1,1,-1
2017610022817,1,5,0,13,0,8,0,0,0,0,0,1,2,1,23,5,-1,-1,-1,-1,2,-1
2017610022817,2,9,0,9,0,8,0,0,0,0,3,1,1,1,24,5,-1,-1,-1,-1,1,-1
2017610022917,1,4,0,17,0,0,0,0,0,0,1,1,6,1,31,6,535,1,22,-1,1,-1
2017610023017,1,11,0,18,0,8,0,0,0,0,0,1,1,1,23,5,3900,2,12,-1,1,-1
2017610023017,2,9,0,10,0,6,0,0,0,0,0,1,2,2,41,7,1968,2,7,-1,1,-1
2017610023117,1,9,0,1,0,0,0,0,0,0,4,1,6,2,18,4,998,1,5,-1,1,-1
2017610023117,2,3,0,18,0,0,0,0,0,0,1,1,2,1,25,5,125,1,4,-1,1,-1
2017610023217,1,9,0,5,0,1,1,0,0,0,1,1,6,1,56,9,1587,1,13,-1,1,-1
2017610023217,2,1,0,18,0,4,0,0,0,0,1,1,6,1,27,6,-1,-1,-1,-1,1,-1
2017610023317,1,19,0,18,0,8,0,0,0,0,2,1,1,1,50,8,2143,2,3,-1,1,-1
2017610023317,2,1,0,18,0,8,0,0,0,0,2,1,2,1,46,8,-1,-1,-1,-1,1,-1
2017610023417,1,9,0,3,0,4,0,0,0,0,2,1,6,1,30,6,1390,1,13,-1,-1,-1
2017610023417,2,9,0,4,0,4,0,0,0,0,1,1,6,1,35,6,1995,2,-1,-1,1,-1
2017610023517,1,9,0,18,0,7,0,0,0,0,3,1,6,1,25,5,-1,-1,-1,-1,-1,-1
2017610023517,2,1,0,18,0,8,0,0,0,0,1,1,4,1,15,3,-1,-1,-1,-1,-1,-1
2017610023617,1,20,0,2,0,2,0,0,0,0,2,1,6,1,-1,-1,2689,2,14,-1,-1,-1
2017610023617,2,9,0,18,0,1,5,0,0,0,1,1,6,2,27,6,2987,2,7,-1,1,-1
2017610023717,1,9,0,18,0,4,0,0,0,0,3,1,6,2,54,8,1560,2,1,-1,1,-1
2017610023717,2,9,0,9,0,3,0,0,0,0,4,1,6,2,48,8,1781,1,17,-1,1,-1
2017610023817,1,9,0,18,0,0,0,0,0,0,1,1,6,1,32,6,2521,1,12,-1,2,-1
2017610024017,1,9,0,18,0,0,0,0,0,0,4,1,6,1,65,9,1596,1,9,-1,2,-1
2017610024017,2,3,0,18,0,0,1,0,0,0,2,1,6,1,67,10,-1,-1,-1,-1,-1,-1
2017610024117,1,3,0,9,0,0,0,0,0,0,1,1,2,1,30,6,-1,-1,-1,-1,1,-1
2017610024117,2,9,0,5,0,0,0,0,0,0,1,1,2,1,27,6,1988,1,18,-1,1,-1
2017610024217,1,9,0,18,0,0,0,0,0,0,1,1,2,1,31,6,2993,2,8,-1,1,-1
2017610024217,2,1,0,18,0,0,0,0,0,0,2,1,6,1,10,2,-1,-1,-1,-1,-1,-1
2017610024317,1,9,0,18,0,1,0,0,0,0,1,1,6,1,29,6,1397,1,14,-1,1,-1
2017610024317,2,9,0,4,0,2,0,0,0,0,2,1,6,1,44,7,1229,1,4,-1,1,-1
2017610024317,3,9,0,2,0,2,0,0,0,0,1,1,6,1,70,10,1364,1,9,-1,1,-1
2017610024417,1,9,0,2,0,0,0,0,0,0,0,1,6,1,28,6,1200,1,3,-1,1,-1
2017610024417,2,1,0,14,0,0,0,8,0,0,1,1,2,1,30,6,-1,-1,-1,-1,-1,-1
2017610024517,1,9,0,18,0,4,0,0,0,0,2,1,6,1,24,5,-1,-1,-1,-1,-1,-1
2017610024517,2,19,0,18,0,3,0,0,0,0,1,1,6,1,60,9,-1,-1,-1,-1,1,-1
2017610024617,1,9,0,18,0,0,0,0,0,0,1,1,6,1,57,9,1242,1,8,-1,2,-1
2017610024717,1,19,0,18,0,0,0,0,0,0,1,1,2,1,57,9,1997,2,13,-1,1,-1
2017610024817,1,9,0,18,0,2,0,0,0,0,1,1,6,1,78,11,1399,2,12,-1,3,-1
2017610024917,1,9,0,13,0,0,0,0,0,0,1,1,2,1,74,10,1198,1,2,-1,1,-1
2017610024917,2,1,0,18,0,0,0,0,0,0,2,1,6,1,28,6,-1,-1,-1,-1,1,-1
2017610025017,1,9,0,13,0,0,5,0,0,0,1,1,6,1,51,8,1686,2,4,-1,1,-1
2017610025017,2,8,0,18,0,0,0,0,0,0,3,1,6,1,46,8,-1,-1,-1,-1,-1,-1
2017610025017,3,9,0,2,0,0,0,0,0,0,1,1,6,1,-1,-1,1596,1,9,-1,-1,-1
2017610025017,4,9,0,2,9,0,0,0,0,0,1,1,6,1,-1,-1,1998,1,2,-1,-1,-1
2017610025117,1,9,0,10,0,1,0,0,0,0,2,1,2,1,41,7,1995,2,6,4,1,4
2017610025117,2,9,0,10,0,1,0,0,0,0,2,1,6,2,38,7,1956,2,4,-1,1,-1
2017610025117,3,9,0,4,0,1,0,0,0,0,1,1,6,1,33,6,1598,1,4,-1,1,-1
2017610025217,1,9,0,5,0,6,0,0,0,0,3,1,6,2,21,5,998,1,8,-1,2,-1
2017610025217,2,9,0,18,0,1,0,0,0,0,1,1,6,1,31,6,1360,1,14,-1,2,-1
2017610025317,1,9,0,4,0,1,0,0,0,0,2,1,6,2,45,7,1968,2,7,-1,1,-1
2017610025317,2,9,0,4,0,1,0,0,0,0,1,1,6,2,40,7,1598,1,14,-1,1,-1
2017610025417,1,9,0,12,0,1,0,0,0,0,2,1,6,1,52,8,2688,2,14,-1,2,-1
2017610025417,2,4,0,18,0,1,0,0,0,0,1,1,6,1,40,7,385,1,11,-1,1,-1
2017610025517,1,9,0,18,0,1,0,0,0,0,3,1,6,1,21,5,1560,2,9,-1,1,-1
2017610025517,2,9,0,5,0,1,0,0,0,0,1,1,6,1,35,6,1560,2,5,-1,1,-1
2017610025617,1,19,0,4,0,8,0,0,0,0,0,1,6,1,49,8,-1,-1,-1,-1,1,-1
2017610025717,1,9,0,18,0,1,0,0,0,0,1,1,6,1,81,11,999,1,2,-1,1,-1
2017610025817,1,5,0,17,0,8,0,0,2,7,4,1,6,1,25,5,942,1,2,4,1,4
2017610025917,1,9,0,9,0,1,0,0,0,0,1,1,2,1,52,8,1496,2,1,-1,1,-1
2017610025917,2,2,0,10,0,1,0,0,0,0,1,1,6,1,29,6,96,1,11,-1,1,-1
2017610026017,1,9,0,5,0,4,0,0,0,0,2,1,6,1,39,7,1995,1,11,3,2,3
2017610026017,2,19,0,5,0,4,0,0,0,0,1,1,6,1,32,6,1560,2,5,-1,1,-1
2017610026117,1,9,0,18,0,0,1,0,0,0,1,1,1,1,54,8,2401,2,15,-1,1,-1
2017610026117,2,5,0,4,0,0,0,0,0,0,2,1,6,1,39,7,998,1,15,6,3,6
2017610026217,1,9,0,4,0,0,0,0,0,0,2,1,2,1,-1,-1,1997,2,7,-1,1,-1
2017610026217,2,19,0,4,0,0,0,0,0,0,1,1,2,1,45,7,2198,2,10,-1,1,-1
2017610026317,1,9,0,5,0,0,0,0,0,0,4,1,6,1,28,6,1242,1,12,-1,-1,-1
2017610026317,2,9,0,18,0,0,0,0,0,0,3,1,2,1,52,8,1360,1,10,-1,-1,-1
2017610026417,1,9,0,18,0,0,5,0,0,3,4,1,6,1,37,7,1242,1,10,-1,1,-1
2017610026517,1,9,0,4,0,1,0,0,0,0,2,1,1,1,56,9,1349,1,7,-1,1,-1
2017610026517,2,8,0,18,0,1,0,0,0,0,1,1,6,1,25,5,1364,1,10,-1,1,-1
2017610026617,1,9,0,16,0,4,5,9,1,4,1,1,6,1,60,9,1248,2,3,-1,1,-1
2017610026717,1,9,0,18,0,0,0,0,0,0,3,1,6,1,25,5,1998,1,13,-1,1,-1
2017610026717,2,9,0,18,0,0,0,0,0,0,3,1,6,1,49,8,1598,1,14,-1,1,-1
2017610026817,1,9,0,18,0,0,0,7,0,0,3,1,6,2,77,11,-1,-1,-1,-1,1,-1
2017610026817,2,9,0,18,0,0,0,10,0,0,3,1,6,1,64,9,1587,1,8,-1,1,-1
2017610026917,1,9,0,1,0,0,0,0,0,0,0,1,6,2,39,7,1560,2,7,-1,2,-1
2017610027017,1,9,0,18,0,0,0,0,0,0,1,1,2,1,43,7,999,1,1,9,1,9
2017610027217,1,9,0,18,0,1,0,0,0,0,0,1,3,2,39,7,1685,2,3,-1,3,-1
2017610027217,2,9,0,5,0,6,0,0,0,0,0,1,2,2,42,7,2720,2,11,-1,3,-1
2017610027317,1,10,0,2,0,0,0,0,0,0,2,1,1,1,32,6,-1,-1,-1,-1,-1,-1
2017610027317,2,1,0,18,0,0,0,0,0,0,1,1,6,1,12,3,-1,-1,-1,-1,-1,-1
2017610027417,1,9,0,1,0,0,0,0,0,0,2,1,6,1,28,6,999,1,2,-1,1,-1
2017610027517,1,9,0,16,0,3,0,0,0,0,1,1,1,2,37,7,1329,1,1,-1,-1,-1
2017610027517,2,9,0,16,0,4,0,0,0,0,4,1,6,1,32,6,1968,2,-1,-1,1,-1
2017610027717,1,21,1,12,0,0,0,0,0,0,3,1,1,1,53,8,-1,-1,-1,-1,-1,-1
2017610027717,2,9,0,18,0,0,0,0,5,6,4,1,6,1,34,6,-1,-1,-1,-1,1,-1
2017610027817,1,4,0,18,0,7,1,0,0,0,3,1,6,1,27,6,-1,-1,-1,-1,1,-1
2017610027917,1,9,0,9,0,2,0,0,0,0,2,1,6,2,43,7,1242,1,5,-1,1,-1
2017610027917,2,9,0,4,0,2,0,0,0,0,1,1,6,1,77,11,989,1,12,-1,1,-1
2017610027917,3,9,0,18,0,2,0,0,0,0,1,1,6,1,20,4,-1,-1,-1,-1,2,-1
2017610028017,1,19,0,9,0,5,0,10,0,0,3,1,1,1,46,8,1560,2,3,-1,1,-1
2017610028017,2,19,0,18,0,1,0,0,0,0,1,1,1,1,38,7,2198,2,4,-1,1,-1
2017610028117,1,9,0,13,0,0,0,0,0,0,4,1,6,1,49,8,1591,1,-1,10,1,10
2017610028117,2,1,0,18,0,0,0,0,0,0,3,1,6,1,49,8,-1,-1,-1,10,1,10
2017610028217,1,9,0,7,0,1,0,0,0,0,3,1,6,2,27,6,1997,2,3,-1,-1,-1
2017610028217,2,2,0,18,0,1,0,0,0,0,4,1,6,1,35,6,-1,-1,-1,-1,-1,-1
2017610028317,1,3,0,18,0,0,1,0,0,0,1,1,6,2,-1,-1,124,1,12,-1,-1,-1
2017610028317,2,1,0,18,0,0,0,0,0,0,1,1,6,1,53,8,-1,-1,-1,-1,3,-1
2017610028417,1,3,0,13,0,1,1,0,0,0,2,1,6,1,18,4,125,1,8,-1,-1,-1
2017610028417,2,9,0,4,0,1,0,0,0,0,1,1,6,1,75,10,1197,1,-1,-1,1,-1
2017610028517,1,9,0,3,0,1,0,0,0,0,2,1,6,1,31,6,1598,2,6,-1,2,-1
2017610028517,2,9,0,3,0,8,0,0,0,0,1,1,6,2,28,6,1390,1,13,-1,1,-1
2017610028617,1,9,0,8,0,1,0,0,0,0,1,1,1,1,37,7,-1,-1,-1,-1,1,-1
2017610028617,2,9,0,4,0,6,0,0,0,0,4,1,1,1,21,5,998,1,1,-1,1,-1
2017610028717,1,9,0,9,0,8,0,0,0,0,1,1,3,2,96,11,1598,1,14,-1,2,-1
2017610028817,1,9,0,9,0,5,0,0,3,0,3,1,6,2,21,5,1497,8,1,-1,3,-1
2017610028817,2,9,0,18,0,8,0,0,7,4,1,1,6,1,58,9,2143,2,1,-1,1,-1
2017610028917,1,9,0,18,0,0,0,0,0,6,3,1,6,2,25,5,999,1,3,-1,1,-1
2017610029017,1,9,0,16,0,0,0,0,0,0,1,1,1,1,37,7,1399,2,13,-1,1,-1
2017610029017,2,9,0,4,0,0,0,0,0,0,1,1,6,1,19,4,1360,1,9,-1,1,-1
2017610029117,1,9,0,12,0,1,5,0,0,0,1,1,6,2,72,10,1498,1,-1,7,3,7
2017610029117,2,9,0,18,0,2,0,0,0,0,3,1,6,2,50,8,1999,1,6,-1,3,-1
2017610029217,1,9,0,18,0,1,0,0,0,0,4,1,6,2,38,7,1984,1,14,-1,1,-1
2017610029417,1,9,0,9,0,2,0,0,0,0,1,1,1,2,42,7,1998,2,10,-1,1,-1
2017610029517,1,9,0,18,0,1,0,0,0,0,1,1,6,1,25,5,1995,2,5,-1,1,-1
2017610029617,1,9,0,18,0,0,0,0,0,0,1,1,6,1,29,6,2902,2,13,-1,1,-1
2017610029717,1,9,0,18,0,0,0,0,0,0,4,1,2,2,37,7,1395,1,1,-1,1,-1
2017610029717,2,9,0,11,0,0,0,0,0,0,0,1,6,2,39,7,1248,1,8,-1,1,-1
2017610029817,1,9,0,14,0,2,0,0,0,0,4,1,1,1,33,6,-1,-1,-1,4,1,4
2017610029817,2,9,0,9,0,6,0,0,0,0,3,2,2,1,34,6,-1,-1,-1,-1,1,-1
2017610029917,1,9,0,18,0,1,0,0,0,0,1,1,2,1,52,8,1598,1,14,-1,1,-1
2017610030017,1,9,0,16,0,8,0,0,0,0,3,1,6,2,24,5,1685,2,2,-1,1,-1
2017610030017,2,3,0,16,0,8,1,0,0,0,1,1,1,1,18,4,124,1,7,-1,1,-1
2017610030117,1,9,0,18,0,6,0,0,0,0,4,1,6,1,31,6,1956,2,8,-1,1,-1
2017610030117,2,9,0,18,0,1,0,0,0,0,1,1,6,1,26,6,1998,1,6,-1,1,-1
2017610030217,1,9,0,9,0,6,0,0,0,0,3,1,1,1,40,7,1124,1,14,-1,-1,-1
2017610030217,2,1,0,17,0,1,0,0,0,0,1,1,2,1,45,7,-1,-1,-1,-1,-1,-1
2017610030317,1,9,0,16,0,0,0,0,0,0,1,1,6,2,21,5,1242,1,9,-1,1,-1
2017610030317,2,9,0,16,0,0,0,0,0,0,1,1,6,2,28,6,1995,2,11,-1,1,-1
2017610030417,1,9,0,9,0,8,0,0,0,0,1,1,6,1,75,10,1997,2,12,-1,1,-1
2017610030417,2,19,0,18,0,8,0,0,0,0,3,1,6,1,23,5,1686,2,15,-1,1,-1
2017610030517,1,9,0,18,0,0,0,0,0,0,1,1,6,1,20,4,1229,1,6,-1,1,-1
2017610030517,2,9,0,18,0,0,0,0,0,0,2,1,6,2,22,5,1598,1,7,-1,1,-1
2017610030517,3,9,0,18,0,0,0,0,0,0,2,1,6,2,53,8,999,1,-1,-1,-1,-1
2017610030617,1,9,0,5,0,0,0,0,0,0,1,1,6,2,71,10,1240,1,12,-1,1,-1
2017610030717,1,8,0,5,0,2,0,0,0,0,1,1,1,1,46,8,1896,2,11,-1,1,-1
2017610030817,1,9,0,18,0,1,0,0,0,0,1,1,6,2,25,5,1242,1,11,-1,1,-1
2017610030917,1,9,0,18,0,0,0,0,7,10,1,1,2,2,36,7,1896,2,12,-1,1,-1
2017610030917,2,9,0,5,0,0,0,0,0,0,1,1,2,2,59,9,1388,1,3,-1,1,-1
2017610030917,3,19,0,3,0,0,0,0,0,0,1,1,6,1,72,10,1753,2,7,-1,1,-1
2017610031017,1,9,0,4,0,2,0,0,0,0,3,1,2,1,55,8,1998,1,10,-1,1,-1
2017610031017,2,9,0,18,0,1,0,0,0,0,3,1,2,1,68,10,1598,1,10,-1,3,-1
2017610031117,1,9,0,15,0,0,0,0,0,0,1,1,6,1,22,5,1398,1,1,-1,1,-1
2017610031217,1,9,0,18,0,1,0,0,0,0,1,1,6,1,64,9,-1,-1,-1,-1,3,-1
2017610031217,2,9,0,18,0,1,0,0,0,0,1,1,6,2,31,6,1149,1,11,-1,1,-1
2017610031317,1,19,0,18,9,2,0,0,0,0,0,1,6,1,-1,-1,-1,-1,-1,-1,-1,-1
2017610031417,1,9,0,18,0,8,0,0,0,0,1,1,6,1,81,11,1596,1,1,-1,1,-1
2017610031417,2,9,0,9,0,8,0,0,0,0,1,1,6,1,44,7,1995,2,4,-1,2,-1
2017610031517,1,9,0,3,0,4,0,0,0,0,0,1,6,1,19,4,1397,1,28,-1,1,-1
2017610031517,2,9,0,4,0,4,0,0,0,0,1,1,6,2,22,5,1390,1,13,-1,2,-1
2017610031617,1,9,0,18,0,4,0,0,0,0,1,1,1,1,20,4,1242,1,12,-1,2,-1
2017610031617,2,1,0,17,0,8,0,0,0,0,2,1,6,1,54,8,-1,-1,-1,-1,1,-1
2017610031717,1,9,0,18,0,0,0,0,0,0,3,1,2,1,21,5,1198,1,4,-1,1,-1
2017610031817,1,9,0,18,0,0,0,0,0,0,4,1,6,1,-1,-1,-1,-1,-1,-1,-1,-1
2017610031917,1,9,0,18,0,2,0,0,0,0,2,1,2,2,32,6,1364,1,2,-1,1,-1
2017610031917,2,9,0,5,0,4,0,0,0,0,1,1,6,1,56,9,1794,1,12,5,3,5
2017610032017,1,9,3,18,0,2,0,0,0,0,3,1,6,2,38,7,1753,2,9,-1,2,-1
2017610032017,2,9,0,18,0,1,0,0,0,0,3,1,1,2,19,4,1242,1,6,-1,2,-1
2017610032117,1,9,0,18,0,1,0,0,0,0,1,1,6,2,53,8,2231,2,7,-1,2,-1
2017610032117,2,1,0,18,0,1,0,0,0,0,1,1,6,1,49,8,-1,-1,-1,-1,1,-1
2017610032217,1,9,0,17,0,0,0,0,1,4,1,1,6,1,17,4,1149,1,11,-1,1,-1
2017610032317,1,9,0,5,0,6,0,0,0,0,1,1,6,1,33,6,1149,1,10,-1,1,-1
2017610032317,2,9,0,18,0,2,0,0,0,0,1,1,6,1,50,8,1560,2,5,-1,1,-1
2017610032417,1,3,0,13,9,1,0,0,0,0,1,1,6,1,23,5,125,1,9,-1,1,-1
2017610032417,2,9,0,9,0,1,0,0,0,0,3,1,6,2,72,10,999,1,7,-1,1,-1
2017610032417,3,9,0,2,0,2,0,0,0,0,2,1,6,1,-1,-1,1299,1,11,-1,1,-1
2017610032417,4,19,0,2,0,2,0,0,0,0,2,1,6,3,-1,-1,1968,2,5,-1,-1,-1
2017610032517,1,9,0,18,0,0,0,0,0,0,2,1,1,2,39,7,1496,2,2,-1,-1,-1
2017610032517,2,9,0,18,0,0,0,0,0,0,1,1,6,2,41,7,1363,2,14,-1,1,-1
2017610032617,1,9,0,9,0,6,0,0,0,0,1,1,6,1,28,6,1896,2,10,-1,-1,-1
2017610032617,2,9,0,14,0,1,0,0,0,0,2,1,6,2,25,5,1995,2,4,-1,1,-1