Accident_Index,Vehicle_Reference,Vehicle_Type,Towing_and_Articulation,Vehicle_Manoeuvre,Vehicle_Location-Restricted_Lane,Junction_Location,Skidding_and_Overturning,Hit_Object_in_Carriageway,Vehicle_Leaving_Carriageway,Hit_Object_off_Carriageway,1st_Point_of_Impact,Was_Vehicle_Left_Hand_Drive?,Journey_Purpose_of_Driver,Sex_of_Driver,Age_of_Driver,Age_Band_of_Driver,Engine_Capacity_(CC),Propulsion_Code,Age_of_Vehicle,Driver_IMD_Decile,Driver_Home_Area_Type,Vehicle_IMD_Decile
2017610032717,1,9,0,18,0,0,0,0,0,0,1,1,6,2,21,5,1242,1,13,-1,1,-1
2017610032817,1,9,0,18,0,0,0,0,1,0,1,1,6,1,34,6,1398,1,7,-1,-1,-1
2017610032817,2,9,0,18,0,0,0,0,7,0,1,1,6,1,58,9,1560,2,5,-1,-1,-1
2017610032917,1,3,0,3,0,1,0,0,0,0,3,1,2,1,37,7,124,1,-1,-1,1,-1
2017610032917,2,9,0,11,0,1,0,0,0,0,4,1,6,1,67,10,1984,1,-1,-1,2,-1
2017610033017,1,19,0,4,0,4,0,0,0,0,2,1,1,1,30,6,-1,-1,-1,-1,-1,-1
2017610033017,2,20,1,5,0,4,0,0,0,0,1,1,1,1,55,8,-1,-1,-1,-1,-1,-1
2017610033117,1,9,0,18,0,1,0,0,0,0,1,1,6,2,34,6,2996,1,10,-1,1,-1
2017610033117,2,9,0,10,0,1,0,0,0,0,2,1,6,2,50,8,1198,1,7,-1,-1,-1
2017610033217,1,9,0,18,0,1,0,0,0,0,2,1,6,1,49,8,1997,1,18,-1,1,-1
2017610033217,2,1,0,18,0,1,0,0,0,0,1,1,6,1,13,3,-1,-1,-1,-1,1,-1
2017610033317,1,21,1,9,0,1,0,0,0,0,1,2,1,1,44,7,-1,-1,-1,-1,-1,-1
2017610033317,2,9,0,7,0,1,5,0,0,0,4,1,1,2,48,8,1498,1,-1,-1,1,-1
2017610033417,1,9,0,18,0,0,0,0,1,4,1,1,1,2,48,8,1596,1,6,-1,1,-1
2017610033517,1,9,0,18,0,0,0,0,1,1,1,1,6,2,53,8,1200,1,1,-1,3,-1
2017610033617,1,9,0,18,0,1,0,0,0,0,1,1,6,2,46,8,1248,1,8,-1,1,-1
2017610033617,2,9,0,18,0,1,0,0,0,0,1,1,6,1,34,6,1149,1,15,-1,1,-1
2017610033817,1,9,0,18,0,8,0,0,0,0,1,1,6,2,22,5,1229,1,3,-1,1,-1
2017610033817,2,9,0,9,0,6,0,0,0,0,1,1,6,2,90,11,1299,1,15,-1,1,-1
2017610033917,1,21,4,18,0,3,5,0,0,0,4,1,1,1,53,8,10837,2,2,-1,1,-1
2017610034017,1,9,0,18,0,0,0,0,8,2,1,1,6,1,23,5,1896,2,14,-1,1,-1
2017610034117,1,9,0,18,0,4,0,0,1,0,1,1,6,2,78,11,1668,1,16,-1,2,-1
2017610034117,2,9,0,18,0,4,0,0,0,0,4,1,6,1,32,6,1995,2,1,-1,1,-1
2017610034117,3,21,0,18,0,4,0,0,0,0,3,1,1,1,32,6,6692,2,5,-1,1,-1
2017610034217,1,19,0,18,9,0,0,0,0,0,2,1,1,1,55,8,1248,2,7,-1,1,-1
2017610034317,1,9,0,18,0,1,0,0,0,0,1,1,2,1,19,4,1560,2,6,-1,2,-1
2017610034317,2,9,0,3,0,1,0,0,0,0,1,1,6,2,35,6,3200,2,15,-1,1,-1
2017610034417,1,9,0,18,0,1,0,0,0,0,1,1,6,1,37,7,-1,-1,-1,-1,-1,-1
2017610034417,2,9,0,9,0,1,0,11,0,1,3,1,6,1,31,6,1997,2,10,-1,1,-1
2017610034417,3,9,0,18,0,1,0,0,0,0,3,1,6,1,60,9,1968,2,7,-1,1,-1
2017610034517,1,9,0,18,0,0,0,0,0,0,1,1,6,2,25,5,1349,1,7,-1,1,-1
2017610034517,2,9,0,2,0,0,0,0,0,0,1,1,6,1,49,8,1997,2,5,-1,1,-1
2017610034617,1,9,0,18,0,0,1,0,0,0,1,1,6,2,37,7,1995,1,9,-1,1,-1
2017610034617,2,9,0,4,0,0,0,0,0,0,2,1,6,2,42,7,1910,2,11,-1,1,-1
2017610034617,3,8,0,4,0,0,0,0,0,0,2,1,1,2,52,8,-1,-1,-1,-1,3,-1
2017610034717,1,9,0,18,0,8,0,0,0,0,3,1,6,2,45,7,1598,1,5,-1,2,-1
2017610034717,2,1,0,18,0,8,0,0,0,0,1,1,6,1,33,6,-1,-1,-1,-1,-1,-1
2017610034817,1,11,0,18,0,0,0,0,0,0,1,1,3,1,58,9,6700,2,5,-1,1,-1
2017610034917,1,9,0,3,0,8,0,0,0,0,2,1,2,2,36,7,-1,-1,-1,-1,1,-1
2017610034917,2,9,0,3,0,8,0,0,0,0,1,1,6,1,-1,-1,-1,-1,-1,-1,-1,-1
2017610035017,1,9,0,18,0,0,0,0,0,0,1,1,6,2,23,5,1200,1,-1,-1,1,-1
2017610035117,1,9,0,18,0,1,0,0,0,0,3,1,6,1,36,7,2967,2,4,-1,1,-1
2017610035117,2,9,0,7,0,1,0,0,0,0,1,1,6,1,50,8,3200,2,19,-1,1,-1
2017610035217,1,1,0,18,9,0,0,0,0,0,1,1,6,3,-1,-1,-1,-1,-1,-1,-1,-1
2017610035217,2,1,0,18,9,0,0,0,0,0,1,1,6,3,-1,-1,-1,-1,-1,-1,-1,-1
2017610035317,1,9,0,9,0,1,0,0,0,0,1,1,6,2,29,6,1248,1,1,-1,1,-1
2017610035317,2,9,0,18,0,1,0,0,0,0,1,1,6,2,23,5,1364,1,7,-1,1,-1
2017610035417,1,9,0,4,0,7,1,0,0,0,2,1,6,2,21,5,-1,-1,-1,-1,1,-1
2017610035417,2,9,0,4,0,7,1,0,0,0,1,1,6,1,22,5,1242,1,3,8,1,8
2017610035517,1,9,0,18,0,0,0,0,0,0,4,1,6,2,55,8,998,1,2,-1,1,-1
2017610035617,1,17,5,9,0,1,0,0,0,0,0,1,1,1,34,6,6788,2,-1,-1,2,-1
2017610035617,2,3,0,13,0,1,1,0,0,0,3,1,6,1,27,6,125,1,1,-1,1,-1
2017610035717,1,1,0,18,0,2,0,0,0,0,2,1,4,2,13,3,-1,-1,-1,-1,1,-1
2017610035717,2,9,0,18,0,1,0,0,0,0,1,1,2,1,40,7,1596,1,12,-1,1,-1
2017610035817,1,9,0,18,0,1,0,0,0,0,1,1,6,1,20,4,1398,1,13,-1,1,-1
2017610035817,2,1,0,18,0,1,0,0,0,0,1,1,6,1,33,6,-1,-1,-1,-1,2,-1
2017610035917,1,21,1,7,0,4,5,0,0,0,4,1,1,1,32,6,12580,2,11,-1,1,-1
2017610036017,1,9,0,18,0,0,1,0,0,0,1,1,6,1,65,9,1994,1,15,-1,-1,-1
2017610036017,2,9,0,18,0,0,0,0,0,3,1,1,6,1,37,7,1998,2,9,-1,3,-1
2017610036017,3,9,0,18,0,0,0,0,7,11,1,1,6,1,21,5,1248,1,8,-1,1,-1
2017610036117,1,9,0,17,0,1,0,0,0,0,1,1,2,2,27,6,1242,1,12,-1,1,-1
2017610036117,2,1,0,18,0,1,0,0,0,0,0,1,6,2,8,2,-1,-1,-1,-1,1,-1
2017610036217,1,9,0,9,0,1,0,0,0,0,1,1,6,2,26,6,1364,1,12,-1,1,-1
2017610036217,2,9,0,18,0,1,0,0,0,0,1,1,6,2,39,7,999,1,1,-1,1,-1
2017610036317,1,11,0,18,0,1,0,0,0,0,0,1,1,1,22,5,4250,2,12,-1,1,-1
2017610036417,1,9,0,8,0,4,0,0,0,0,2,1,1,2,42,7,1686,2,3,-1,2,-1
2017610036417,2,9,0,5,0,4,0,0,0,0,1,1,6,2,29,6,1339,1,10,-1,1,-1
2017610036517,1,9,0,18,0,0,0,0,0,0,3,1,6,2,25,5,1596,1,15,-1,1,-1
2017610036517,2,9,0,18,0,0,0,0,0,0,3,1,6,3,-1,-1,-1,-1,-1,-1,-1,-1
2017610036617,1,9,0,6,0,0,0,0,0,0,1,1,1,1,23,5,-1,-1,-1,-1,2,-1
2017610036617,2,11,0,18,0,0,0,0,0,0,1,1,6,1,30,6,4250,2,11,-1,1,-1
2017610036717,1,9,0,17,0,0,0,7,4,6,0,1,6,2,21,5,1598,2,6,-1,1,-1
2017610036817,1,9,0,18,0,0,0,0,0,0,1,1,6,2,55,8,2902,2,9,-1,1,-1
2017610036817,2,9,0,18,0,0,0,0,0,0,1,1,6,2,20,4,-1,-1,-1,-1,1,-1
2017610036917,1,9,0,18,0,8,0,0,0,0,1,1,1,1,26,6,1598,1,4,-1,-1,-1
2017610036917,2,9,0,9,0,8,0,0,0,0,1,1,6,2,26,6,1242,1,2,-1,1,-1
2017610037017,1,9,0,18,0,0,2,0,0,0,1,1,6,1,69,10,1596,1,13,-1,1,-1
2017610037017,2,9,0,2,0,0,0,7,0,11,2,1,6,2,34,6,1560,2,4,-1,1,-1
2017610037017,3,9,0,2,0,0,0,0,0,0,4,1,6,2,40,7,1390,1,12,-1,1,-1
2017610037117,1,9,0,9,0,6,0,0,0,0,3,1,6,1,20,4,1368,1,9,-1,1,-1
2017610037117,2,5,0,18,0,1,0,0,0,0,1,1,6,1,41,7,745,1,12,1,1,1
2017610037217,1,9,0,18,0,4,0,0,0,0,1,1,6,2,74,10,1242,1,11,-1,1,-1
2017610037217,2,1,0,18,0,3,0,0,0,0,3,1,6,2,22,5,-1,-1,-1,-1,1,-1
2017610037317,1,9,0,3,0,0,0,0,0,0,2,1,6,1,74,10,1560,2,2,-1,1,-1
2017610037317,2,9,0,18,0,0,0,0,0,0,0,1,6,1,-1,-1,999,1,16,-1,-1,-1
2017610037417,1,9,0,18,0,1,0,0,0,0,1,1,6,2,42,7,2993,2,4,-1,3,-1
2017610037417,2,9,0,7,0,2,0,0,0,0,1,1,6,2,22,5,1229,1,5,-1,1,-1
2017610037517,1,5,0,18,0,0,1,0,0,0,0,1,6,1,30,6,599,1,19,-1,1,-1
2017610037617,1,9,0,16,0,0,1,0,1,11,1,1,6,2,25,5,1199,1,16,-1,-1,-1
2017610037717,1,9,0,5,0,1,0,0,0,0,1,1,2,1,41,7,1560,2,-1,-1,1,-1
2017610037717,2,9,0,4,0,1,0,0,0,0,2,1,6,1,51,8,2148,2,12,-1,1,-1
2017610037817,1,9,0,3,5,0,0,0,0,0,0,1,6,1,69,10,2496,7,15,-1,3,-1
2017610037917,1,9,0,18,0,0,0,0,0,0,2,1,1,1,64,9,1398,2,14,-1,1,-1
2017610037917,2,9,0,18,0,0,0,0,0,0,2,1,6,1,35,6,1798,1,12,8,3,8
2017610037917,3,9,0,18,0,0,0,0,0,0,2,1,2,1,45,7,2967,2,1,-1,-1,-1
2017610037917,4,9,0,18,0,0,0,0,0,0,2,1,3,2,36,7,1499,1,1,-1,1,-1
2017610037917,5,9,0,18,0,0,0,0,0,0,1,1,6,1,24,5,1560,2,7,-1,1,-1
2017610037917,6,9,0,18,0,0,0,0,0,0,1,1,6,1,32,6,1299,1,14,-1,2,-1
2017610038017,1,9,0,18,0,0,0,0,6,0,4,1,2,2,21,5,1598,1,10,-1,1,-1
2017610038017,2,9,0,12,0,0,0,0,0,0,3,1,6,1,-1,-1,-1,-1,-1,-1,-1,-1
2017610038017,3,9,0,3,0,0,0,0,0,0,3,1,6,1,-1,-1,-1,-1,-1,-1,1,-1
2017610038017,4,9,0,3,0,0,0,0,0,0,0,1,6,1,-1,-1,1956,2,1,-1,3,-1
2017610038117,1,9,0,18,0,8,0,0,0,0,3,1,6,1,48,8,1896,2,14,-1,1,-1
2017610038217,1,9,0,18,0,8,0,0,0,0,1,1,6,1,25,5,1598,2,6,-1,2,-1
2017610038217,2,1,0,18,0,8,0,0,0,0,4,1,6,1,50,8,-1,-1,-1,-1,1,-1
2017610038317,1,9,0,1,9,6,0,0,1,11,1,1,6,2,73,10,1198,1,3,-1,1,-1
2017610038517,1,9,0,5,0,0,2,0,0,9,1,1,6,2,20,4,1796,1,13,-1,1,-1
2017610038717,1,9,0,18,0,0,0,0,0,0,1,1,6,1,24,5,1956,2,2,-1,1,-1
2017610038717,2,1,0,18,0,0,0,0,0,0,1,1,6,2,56,9,-1,-1,-1,-1,1,-1
2017610038817,1,9,0,18,0,0,0,0,1,0,1,1,2,1,24,5,1248,1,4,-1,1,-1
2017610038817,2,9,0,18,0,0,0,0,0,0,1,1,6,1,41,7,1997,2,13,-1,1,-1
2017610038917,1,9,0,18,0,0,1,0,0,10,1,1,6,1,26,6,1390,1,7,-1,1,-1
2017610038917,2,9,0,18,0,0,0,0,0,11,1,1,6,1,54,8,1968,2,-1,-1,1,-1
2017610039117,1,9,0,18,0,0,0,0,0,0,3,1,1,1,67,10,1364,1,9,-1,-1,-1
2017610039117,2,1,0,18,0,0,0,0,0,0,1,1,6,1,30,6,-1,-1,-1,-1,1,-1
2017610039217,1,9,0,18,0,1,0,0,2,11,1,1,6,1,62,9,1086,1,11,-1,1,-1
2017610039317,1,9,0,12,0,0,0,0,0,0,3,1,6,2,48,8,1597,2,1,-1,1,-1
2017610039317,2,9,0,18,0,0,0,0,0,0,4,1,6,1,30,6,1796,1,10,-1,1,-1
2017610039417,1,9,0,8,0,1,0,0,0,0,2,1,6,2,28,6,1560,2,5,-1,1,-1
2017610039417,2,9,0,18,0,1,0,0,0,0,1,1,6,3,-1,-1,-1,-1,-1,-1,-1,-1
2017610039517,1,9,0,18,0,8,0,0,0,0,1,1,6,2,73,10,1461,2,-1,-1,1,-1
2017610039617,1,9,0,3,0,0,0,0,0,0,2,1,6,2,37,7,-1,-1,-1,-1,2,-1
2017610039617,2,9,0,3,0,0,0,0,0,0,1,1,6,2,17,4,1197,1,3,-1,1,-1
2017610039717,1,9,0,5,0,2,0,0,0,0,3,1,1,2,26,6,1582,2,5,-1,-1,-1
2017610039717,2,4,0,18,0,1,0,0,0,0,1,1,2,2,21,5,125,1,-1,-1,1,-1
2017610039817,1,9,0,18,0,1,1,10,1,0,1,1,6,1,43,7,1598,1,9,-1,1,-1
2017610039917,1,9,0,17,0,0,0,0,0,0,1,1,6,1,79,11,1999,1,13,-1,2,-1
2017610039917,2,1,0,18,8,0,0,0,0,0,3,1,6,1,22,5,-1,-1,-1,-1,1,-1
2017610040017,1,9,0,11,0,8,0,0,0,0,2,1,6,2,49,8,1984,1,13,-1,-1,-1
2017610040017,2,21,1,18,0,8,1,0,0,0,1,1,1,1,57,9,12777,2,1,-1,1,-1
2017610040117,1,9,0,18,0,4,0,0,0,0,1,1,6,1,54,8,998,1,4,-1,1,-1
2017610040117,2,19,0,7,0,3,0,0,0,0,3,1,6,1,31,6,2198,2,3,-1,1,-1
2017610040217,1,9,0,18,0,4,5,10,0,1,1,1,6,1,19,4,1461,2,15,-1,1,-1
2017610040417,1,9,0,18,0,0,0,0,0,0,1,1,6,2,47,8,1596,1,8,-1,1,-1
2017610040417,2,9,0,2,0,0,0,0,0,0,3,1,4,2,59,9,1390,1,7,-1,-1,-1
2017610040417,3,9,0,2,0,0,0,0,0,0,2,1,6,1,58,9,1149,1,14,-1,1,-1
2017610040417,4,9,0,2,0,0,0,0,0,0,2,1,6,1,64,9,2000,2,10,-1,1,-1
2017610040517,1,9,0,7,0,2,0,2,0,0,4,1,6,1,55,8,-1,-1,-1,-1,1,-1
2017610040617,1,9,0,18,0,0,0,0,0,0,4,1,6,1,64,9,1781,1,28,-1,1,-1
2017610040717,1,9,0,18,0,0,0,0,0,0,3,1,6,1,57,9,1995,2,1,8,1,8
2017610040717,2,21,1,18,0,0,0,0,0,0,4,1,1,1,46,8,11120,2,2,1,1,1
2017610040817,1,9,0,18,0,0,0,0,0,0,1,1,6,2,31,6,1461,2,6,-1,1,-1
2017610040817,2,9,0,18,0,0,0,0,0,0,2,1,6,2,54,8,1560,2,1,-1,1,-1
2017610040817,3,9,0,18,0,0,0,0,0,0,2,1,6,1,59,9,1399,2,6,-1,1,-1
2017610040917,1,9,0,18,0,1,0,0,0,0,4,1,6,2,72,10,1198,1,3,-1,1,-1
2017610041017,1,9,0,18,0,2,0,0,0,0,1,1,6,2,27,6,1900,2,11,6,1,6
2017610041017,2,9,0,18,0,2,0,0,0,0,2,1,6,2,23,5,-1,-1,-1,10,1,10
2017610041117,1,9,0,18,0,6,0,0,0,0,0,1,6,1,-1,-1,-1,-1,-1,-1,-1,-1
2017610041117,2,9,0,2,0,8,0,0,0,0,2,1,6,1,18,4,1199,1,13,-1,1,-1
2017610041117,3,90,0,18,0,1,5,4,1,7,1,1,6,1,30,6,-1,-1,-1,-1,1,-1
2017610041217,1,9,0,18,0,8,0,0,0,0,4,2,6,2,20,4,1229,1,13,-1,1,-1
2017610041217,2,9,0,18,0,4,0,0,0,0,1,1,6,1,-1,-1,-1,-1,-1,-1,-1,-1
2017610041317,1,9,0,16,0,0,0,0,8,11,0,1,6,1,85,11,2446,2,16,-1,3,-1
2017610041417,1,3,0,16,0,1,0,0,0,0,0,1,6,1,55,8,120,1,16,-1,1,-1
2017610041517,1,5,0,5,0,4,0,0,0,0,2,1,1,1,49,8,1255,1,6,-1,1,-1
2017610041517,2,9,0,3,0,4,0,0,0,0,1,1,1,1,27,6,1598,2,2,-1,1,-1
2017610041717,1,9,0,18,0,4,0,0,0,11,1,1,6,1,43,7,1587,1,12,-1,1,-1
2017610041717,2,9,0,8,0,4,0,0,0,0,0,1,6,1,52,8,1956,2,4,-1,1,-1
2017610041817,1,9,0,6,0,0,0,0,0,0,0,1,6,1,72,10,2494,1,17,-1,1,-1
2017610041817,2,9,0,13,0,0,0,0,0,0,0,1,2,1,23,5,1199,1,16,-1,2,-1
2017610041917,1,9,0,18,0,1,0,0,0,0,1,1,6,1,73,10,2993,2,3,-1,1,-1
2017610041917,2,9,0,18,0,1,0,0,0,0,2,1,6,1,46,8,3800,1,-1,-1,3,-1
2017610042017,1,4,0,18,0,8,0,0,0,0,1,1,6,1,18,4,125,1,1,-1,1,-1
2017610042017,2,19,0,9,0,8,0,0,0,0,3,1,6,1,60,9,1753,2,9,-1,1,-1
2017610042117,1,9,0,7,0,4,1,9,7,1,1,1,2,1,29,6,1242,1,2,-1,-1,-1
2017610042217,1,9,0,18,0,0,0,7,0,6,1,1,6,1,58,9,1493,2,12,-1,1,-1
2017610042317,1,9,0,18,0,0,0,0,1,0,1,1,6,1,31,6,2987,2,6,2,1,2
2017610042317,2,8,0,18,0,0,0,0,1,0,2,1,6,1,51,8,-1,-1,-1,8,1,8
2017610042317,3,9,0,18,0,0,0,0,1,0,2,1,6,1,25,5,1598,2,6,4,1,4
2017610042417,1,20,0,4,0,4,0,0,0,0,1,1,1,1,41,7,2143,2,3,-1,2,-1
2017610042417,2,9,0,4,0,4,0,0,0,0,2,1,6,2,30,6,1968,2,5,-1,3,-1
2017610042417,3,9,0,4,0,4,0,0,0,0,2,1,6,1,55,8,1896,2,12,-1,2,-1
2017610042517,1,9,0,5,0,7,0,0,0,0,1,1,6,1,33,6,1598,1,7,-1,1,-1
2017610042517,2,19,0,2,6,1,0,0,0,0,2,1,6,1,32,6,2402,2,14,-1,1,-1
2017610042617,1,9,0,3,0,4,0,0,0,0,2,1,2,2,25,5,1242,1,14,-1,1,-1
2017610042617,2,9,0,18,0,4,0,0,0,0,1,1,2,1,21,5,-1,-1,-1,-1,1,-1
2017610042717,1,9,0,17,0,0,1,0,7,10,1,1,6,1,26,6,1799,1,10,-1,3,-1
2017610042817,1,9,0,4,0,1,0,0,0,0,2,1,3,1,31,6,2231,2,5,-1,1,-1
2017610042817,2,9,0,18,0,1,0,0,0,0,1,1,6,1,34,6,1586,1,2,-1,3,-1
2017610042917,1,9,0,5,0,4,0,0,0,0,1,1,1,1,40,7,-1,-1,-1,-1,1,-1
2017610042917,2,1,0,18,0,8,0,0,0,0,0,1,6,1,54,8,-1,-1,-1,-1,1,-1
2017610043017,1,2,0,18,0,0,0,0,1,11,1,1,6,1,22,5,49,1,6,-1,1,-1
2017610043117,1,9,0,3,0,1,0,0,0,0,2,1,2,2,19,4,-1,-1,-1,-1,2,-1
2017610043117,2,8,0,14,0,1,0,0,0,0,1,1,2,1,28,6,-1,-1,-1,-1,2,-1
2017610043217,1,9,0,18,0,0,0,0,0,0,1,1,6,1,-1,-1,1386,1,8,-1,1,-1
2017610043317,1,9,0,9,0,6,0,0,0,0,3,1,6,1,65,9,1499,2,4,-1,1,-1
2017610043317,2,9,0,18,0,2,1,0,0,0,1,1,6,1,26,6,-1,-1,-1,-1,1,-1
2017610043417,1,21,0,2,0,0,0,0,0,0,2,1,6,1,41,7,7146,2,9,-1,1,-1
2017610043417,2,9,0,18,0,0,0,0,0,0,1,1,6,1,79,11,1390,1,4,-1,1,-1
2017610043517,1,9,0,18,3,8,0,0,0,0,1,1,6,3,-1,-1,-1,-1,-1,-1,-1,-1
2017610043617,1,9,0,9,0,8,0,0,0,0,3,1,6,2,57,9,1364,1,1,-1,1,-1
2017610043617,2,19,0,18,0,8,0,0,0,0,1,1,1,1,25,5,2198,2,1,-1,1,-1
2017610043717,1,9,0,9,0,5,0,0,7,4,2,1,6,2,47,8,1496,2,1,-1,3,-1
2017610043717,2,9,0,18,0,8,0,0,7,0,1,1,6,1,66,10,1991,2,7,-1,1,-1
2017610043817,1,9,0,4,0,0,0,0,1,0,2,1,6,1,51,8,-1,-1,-1,-1,1,-1
2017610043817,2,9,0,18,0,0,0,0,0,0,1,1,6,1,28,6,1461,2,6,-1,1,-1
2017610043917,1,19,0,18,0,1,0,7,0,0,1,1,6,1,33,6,1995,2,1,-1,1,-1
2017610043917,2,9,0,18,0,1,0,0,0,0,1,1,6,2,70,10,1796,1,3,-1,1,-1
2017610044017,1,9,0,4,0,4,0,0,0,0,2,1,6,2,61,9,-1,-1,-1,-1,2,-1
2017610044017,2,19,0,4,0,4,1,0,0,0,1,1,6,1,-1,-1,-1,-1,-1,-1,-1,-1
2017610044117,1,2,0,9,0,2,0,0,0,0,1,1,6,1,19,4,-1,-1,-1,-1,1,-1
2017610044117,2,9,0,9,0,2,0,0,0,0,4,1,6,1,69,10,1598,1,5,-1,1,-1
2017610044117,3,9,0,9,0,2,0,0,0,0,2,1,6,1,53,8,1149,1,13,-1,1,-1
2017610044217,1,4,0,18,0,1,1,10,1,1,1,1,6,1,28,6,250,1,9,-1,1,-1
2017610044317,1,9,0,9,0,5,0,0,0,0,2,1,6,2,-1,-1,1229,1,12,-1,3,-1
2017610044317,2,3,0,18,0,1,1,0,0,0,1,1,6,1,19,4,125,1,2,-1,1,-1
2017610044417,1,9,0,9,0,1,0,0,0,0,1,2,2,1,32,6,1985,1,19,5,1,5
2017610044417,2,1,0,18,0,8,0,0,0,0,1,1,6,1,57,9,-1,-1,-1,-1,-1,-1
2017610044517,1,9,0,10,0,1,0,0,0,0,2,1,6,1,46,8,1422,2,12,-1,1,-1
2017610044517,2,9,0,18,0,1,0,0,0,0,1,1,6,2,20,4,-1,-1,-1,-1,1,-1
2017610044617,1,90,0,18,0,0,0,0,0,0,0,1,6,1,29,6,-1,-1,-1,-1,1,-1
2017610044717,1,4,0,18,0,0,0,0,7,0,1,1,6,1,33,6,1300,1,8,-1,2,-1
2017610044717,2,9,0,18,0,0,0,0,0,0,0,1,6,1,21,5,1242,1,12,-1,1,-1
2017610044717,3,9,0,18,0,0,0,0,0,0,0,1,6,1,54,8,1197,1,7,-1,2,-1
2017610044717,4,9,0,18,0,0,0,0,0,0,0,1,6,1,31,6,1373,1,-1,-1,1,-1
2017610044817,1,9,0,18,0,1,0,0,0,0,1,1,6,3,-1,-1,1753,2,14,-1,-1,-1
2017610044917,1,9,0,18,0,1,0,0,0,0,1,1,6,1,30,6,1998,2,12,-1,1,-1
2017610044917,2,8,0,7,0,8,0,0,0,0,3,1,6,1,36,7,1997,2,12,-1,1,-1
2017610045017,1,9,0,18,0,7,0,0,0,0,1,1,6,1,44,7,1988,1,16,-1,2,-1
2017610045017,2,9,0,9,0,1,0,0,0,0,1,1,6,1,34,6,1896,2,7,-1,1,-1
2017610045117,1,9,0,18,0,1,0,0,0,0,1,1,6,2,23,5,1896,2,8,-1,1,-1
2017610045117,2,9,0,10,0,2,0,7,1,7,2,1,6,2,39,7,1598,1,11,-1,1,-1
2017610045217,1,9,0,18,0,0,0,0,0,0,1,1,6,1,32,6,1461,2,10,-1,1,-1
2017610045217,2,1,0,18,0,0,0,0,0,0,1,1,6,1,22,5,-1,-1,-1,-1,1,-1
2017610045317,1,9,0,18,0,2,0,0,0,0,1,1,6,2,56,9,2350,1,11,-1,1,-1
2017610045317,2,9,0,2,0,2,0,0,0,0,2,1,6,1,-1,-1,-1,-1,-1,-1,1,-1
2017610045317,3,19,0,2,0,2,0,0,0,0,2,1,6,1,-1,-1,-1,-1,-1,6,2,6
2017610045317,4,9,0,2,0,2,0,0,0,0,2,1,6,1,-1,-1,1124,1,16,-1,1,-1
2017610045317,5,9,0,2,0,2,0,0,0,0,2,1,6,1,-1,-1,1199,1,15,-1,1,-1
2017610045417,1,1,0,18,0,1,0,0,0,0,1,1,6,1,27,6,-1,-1,-1,-1,1,-1
2017610045417,2,9,0,4,0,1,0,0,0,0,0,1,6,1,49,8,1991,1,2,-1,1,-1
2017610045517,1,9,0,5,0,6,0,0,0,0,1,1,6,2,51,8,1399,2,15,-1,1,-1
2017610045617,1,9,0,18,0,2,0,0,0,0,1,1,6,1,52,8,1124,1,15,-1,1,-1
2017610045617,2,1,0,18,0,1,0,0,0,0,1,1,6,1,12,3,-1,-1,-1,-1,1,-1
2017610045717,1,9,0,18,0,0,5,0,7,2,2,1,1,1,27,6,1994,1,16,-1,1,-1
2017610045717,2,9,0,18,0,0,0,0,0,0,0,1,6,1,-1,-1,-1,-1,-1,-1,-1,-1
2017610045817,1,9,0,18,0,8,0,0,0,0,1,1,1,1,59,9,1598,2,3,-1,-1,-1
2017610045817,2,19,0,18,0,2,2,0,1,0,1,1,1,1,32,6,-1,-1,-1,-1,1,-1
2017610045917,1,9,0,18,0,2,0,0,0,11,1,1,2,1,47,8,1364,1,7,-1,1,-1
2017610045917,2,9,0,18,0,2,0,0,0,0,1,1,2,1,60,9,1560,2,8,-1,1,-1
2017610046017,1,3,0,18,0,3,0,10,0,5,3,1,6,1,20,4,125,1,-1,-1,1,-1
2017610046117,1,9,0,3,0,2,0,0,0,0,2,1,1,1,32,6,1248,1,3,-1,1,-1
2017610046117,2,9,0,18,0,2,0,0,0,0,1,1,6,1,62,9,998,1,3,-1,2,-1
2017610046217,1,9,0,18,0,0,5,0,2,7,1,1,2,2,23,5,1242,1,15,-1,1,-1
2017610046317,1,9,0,16,0,3,0,10,1,0,2,1,6,1,17,4,1598,2,4,-1,1,-1
2017610046317,2,9,0,9,0,3,0,10,1,0,1,1,6,1,38,7,-1,-1,-1,-1,1,-1
2017610046417,1,9,0,18,0,0,0,0,0,0,3,1,6,1,34,6,1598,1,16,-1,-1,-1
2017610046517,1,20,5,18,0,0,0,0,0,0,4,1,6,1,-1,-1,-1,-1,-1,-1,-1,-1
2017610046617,1,9,0,18,0,0,0,0,0,0,1,1,6,2,36,7,1999,2,-1,-1,1,-1
2017610046617,2,21,0,3,0,0,0,0,0,0,2,1,2,1,51,8,9290,2,4,5,1,5
2017610046717,1,4,0,16,0,0,0,0,0,0,1,1,6,1,52,8,200,1,17,-1,2,-1
2017610046717,2,9,0,18,0,0,0,0,0,0,1,1,6,1,62,9,3199,1,15,-1,3,-1
2017610046817,1,9,0,18,0,5,1,4,0,0,3,1,6,1,17,4,1124,1,16,-1,2,-1
2017610046817,2,9,0,2,0,1,0,0,0,0,2,1,6,1,63,9,1497,1,13,-1,2,-1
2017610046917,1,9,0,18,0,1,0,4,0,0,1,1,6,2,16,4,1242,1,5,-1,1,-1
2017610047017,1,9,0,18,0,0,0,0,0,0,1,1,6,1,68,10,1973,1,19,-1,2,-1