Accident_Index,Vehicle_Reference,Vehicle_Type,Towing_and_Articulation,Vehicle_Manoeuvre,Vehicle_Location-Restricted_Lane,Junction_Location,Skidding_and_Overturning,Hit_Object_in_Carriageway,Vehicle_Leaving_Carriageway,Hit_Object_off_Carriageway,1st_Point_of_Impact,Was_Vehicle_Left_Hand_Drive?,Journey_Purpose_of_Driver,Sex_of_Driver,Age_of_Driver,Age_Band_of_Driver,Engine_Capacity_(CC),Propulsion_Code,Age_of_Vehicle,Driver_IMD_Decile,Driver_Home_Area_Type,Vehicle_IMD_Decile
2017610047017,2,9,0,2,9,0,0,0,0,0,3,1,6,2,29,6,1796,1,16,-1,1,-1
2017610047117,1,9,0,5,0,2,0,0,0,0,1,1,6,2,32,6,1900,2,11,-1,1,-1
2017610047217,1,9,0,3,0,0,0,0,7,4,1,1,6,1,18,4,1229,1,12,-1,1,-1
2017610047317,1,9,0,17,0,2,0,0,1,10,1,1,2,2,18,4,1229,1,4,-1,2,-1
2017610047417,1,21,1,18,0,4,0,0,0,0,1,1,1,1,31,6,12900,2,6,-1,1,-1
2017610047417,2,9,0,18,0,4,0,0,0,0,2,1,1,1,31,6,1956,2,5,-1,1,-1
2017610047517,1,9,0,16,0,1,1,11,0,3,2,1,6,1,22,5,1984,1,5,-1,1,-1
2017610047617,1,19,0,1,0,0,0,0,0,0,1,1,6,1,39,7,1868,2,13,-1,1,-1
2017610047617,2,9,0,2,0,0,0,0,0,0,4,1,6,1,49,8,3456,1,11,-1,3,-1
2017610047717,1,9,0,9,0,5,0,0,0,0,1,1,6,2,28,6,1299,1,10,-1,1,-1
2017610047817,1,9,0,18,0,0,0,0,0,6,1,1,6,1,32,6,1339,1,13,-1,1,-1
2017610047817,2,9,0,18,6,0,0,0,1,9,3,1,6,1,45,7,1995,1,11,5,3,5
2017610047917,1,9,0,11,0,3,0,0,0,0,3,1,1,1,44,7,1598,2,1,-1,1,-1
2017610047917,2,1,0,7,0,3,0,0,0,0,4,1,6,1,34,6,-1,-1,-1,-1,1,-1
2017610048017,1,9,0,3,0,2,0,0,0,0,2,1,6,1,26,6,1199,1,13,-1,1,-1
2017610048017,2,9,0,4,0,1,1,0,0,0,1,1,6,1,33,6,1248,2,11,-1,1,-1
2017610048117,1,2,0,18,0,0,1,0,0,0,1,1,6,1,42,7,109,1,2,-1,1,-1
2017610048117,2,9,0,18,0,0,0,0,0,0,1,1,6,1,41,7,1686,2,12,-1,1,-1
2017610048317,1,9,0,5,8,0,0,0,0,0,3,1,6,1,81,11,1896,2,15,-1,1,-1
2017610048317,2,20,0,18,0,0,0,0,0,0,3,1,2,1,33,6,-1,-1,-1,-1,1,-1
2017610048417,1,9,0,18,0,0,1,0,2,7,1,1,6,1,70,10,1997,2,6,-1,1,-1
2017610048417,2,19,0,13,0,0,0,0,0,0,4,1,1,1,48,8,2143,2,-1,-1,-1,-1
2017610048517,1,9,0,13,0,0,1,0,5,6,1,1,6,1,18,4,1242,1,10,-1,3,-1
2017610048517,2,21,1,18,0,0,0,0,0,0,2,1,1,1,38,7,12740,2,2,-1,-1,-1
2017610048517,3,21,1,18,0,0,0,0,0,0,2,1,1,1,42,7,12740,2,2,-1,1,-1
2017610048617,1,9,0,9,0,6,0,0,0,0,4,1,2,1,26,6,999,1,2,-1,-1,-1
2017610048617,2,9,0,18,0,1,0,0,0,0,1,1,6,1,47,8,1998,2,2,-1,-1,-1
2017610048617,3,9,0,8,0,1,0,0,0,0,3,1,6,1,49,8,2204,2,7,-1,-1,-1
2017610048717,1,9,0,18,0,0,0,0,0,0,1,1,6,1,68,10,-1,-1,-1,-1,1,-1
2017610048817,1,9,0,18,0,0,0,0,0,0,1,1,4,2,49,8,1596,1,7,-1,1,-1
2017610049117,1,9,0,14,0,0,1,0,0,0,1,1,1,1,22,5,-1,-1,-1,-1,1,-1
2017610049117,2,9,0,18,0,0,1,0,0,0,1,1,1,2,38,7,1686,2,3,-1,1,-1
2017610049217,1,9,0,4,0,3,1,0,0,2,1,1,6,2,19,4,1242,1,13,2,1,2
2017610049217,2,21,0,17,0,8,0,0,0,0,3,1,1,1,64,9,12740,2,4,-1,3,-1
2017610049317,1,9,0,5,0,0,0,0,0,0,1,1,6,2,38,7,1206,1,4,-1,1,-1
2017610049417,1,9,0,4,3,0,0,0,0,0,1,1,3,1,28,6,-1,-1,-1,-1,1,-1
2017610049517,1,9,0,18,0,0,0,0,0,0,1,1,6,3,-1,-1,-1,-1,-1,-1,-1,-1
2017610049617,1,9,0,18,0,0,5,0,0,0,2,1,6,1,67,10,1988,2,13,-1,1,-1
2017610049617,2,9,0,2,0,0,0,4,0,0,3,1,6,1,47,8,1984,2,6,-1,1,-1
2017610049717,1,9,0,3,0,4,0,0,0,0,2,1,6,2,53,8,1598,1,3,-1,3,-1
2017610049717,2,9,0,18,0,4,1,0,0,0,1,1,6,2,81,11,1968,2,4,-1,1,-1
2017610049817,1,9,0,2,0,0,0,0,0,0,3,1,6,2,48,8,-1,-1,-1,-1,2,-1
2017610049817,2,11,0,15,0,0,0,4,0,0,3,1,1,1,55,8,6374,2,4,-1,1,-1
2017610049917,1,9,0,18,0,0,0,0,0,0,0,1,6,1,56,9,3606,1,21,-1,1,-1
2017610049917,2,19,0,18,0,0,0,0,0,0,0,1,2,1,26,6,2198,2,11,-1,1,-1
2017610050017,1,1,0,17,0,4,0,0,0,0,1,1,6,1,46,8,-1,-1,-1,-1,1,-1
2017610050017,2,9,0,16,0,4,0,0,0,0,3,1,6,3,-1,-1,-1,-1,-1,-1,-1,-1
2017610050117,1,9,0,5,0,5,0,0,0,0,4,1,2,2,28,6,1398,1,6,-1,1,-1
2017610050117,2,9,0,18,0,1,0,0,0,0,1,1,2,2,29,6,1560,2,2,-1,1,-1
2017610050317,1,1,0,18,0,3,0,0,0,0,2,1,6,1,61,9,-1,-1,-1,-1,1,-1
2017610050317,2,9,0,18,0,4,0,0,0,0,1,1,6,1,58,9,1364,1,11,-1,1,-1
2017610050417,1,9,0,18,0,0,0,0,0,0,4,1,6,1,63,9,2987,2,1,-1,2,-1
2017610050517,1,9,0,18,0,3,0,0,0,0,4,1,1,2,35,6,-1,-1,-1,-1,1,-1
2017610050517,2,9,0,18,0,3,0,0,0,0,3,1,6,1,59,9,1984,2,11,-1,2,-1
2017610050617,1,9,0,4,0,4,0,0,0,0,1,1,1,2,25,5,998,1,4,-1,1,-1
2017610050617,2,9,0,4,0,6,0,0,0,0,1,1,6,1,57,9,3199,1,12,-1,1,-1
2017610050717,1,9,0,18,0,0,0,0,0,0,1,1,6,2,27,6,1242,1,13,-1,-1,-1
2017610050717,2,9,0,3,0,0,0,0,0,0,2,1,6,1,39,7,1498,1,-1,-1,-1,-1
2017610050817,1,19,0,18,0,0,0,0,0,0,2,1,2,1,38,7,-1,-1,-1,-1,-1,-1
2017610050817,2,9,0,18,0,0,0,0,0,0,1,1,2,1,19,4,-1,-1,-1,-1,-1,-1
2017610050817,3,9,0,18,0,0,0,0,0,0,1,1,2,1,43,7,-1,-1,-1,-1,-1,-1
2017610050817,4,9,0,18,0,0,0,0,0,0,1,1,2,1,48,8,1364,1,10,-1,-1,-1
2017610050917,1,9,0,18,0,0,0,0,0,0,2,1,1,1,58,9,1598,2,-1,9,1,9
2017610050917,2,9,0,18,0,0,0,0,0,0,1,1,1,1,27,6,1995,2,1,-1,1,-1
2017610050917,3,9,0,18,0,0,0,0,0,0,1,1,1,2,23,5,1598,1,5,-1,1,-1
2017610051017,1,9,0,3,0,1,0,0,0,0,2,1,1,2,21,5,-1,-1,-1,-1,2,-1
2017610051017,2,9,0,18,0,1,0,0,1,0,1,1,1,1,50,8,-1,-1,-1,-1,2,-1
2017610051117,1,9,0,4,0,0,0,0,0,0,3,1,2,2,57,9,898,1,1,-1,1,-1
2017610051117,2,9,0,18,0,0,0,0,0,0,4,1,6,3,-1,-1,-1,-1,-1,-1,-1,-1
2017610051217,1,9,0,18,0,0,0,0,0,0,4,1,1,1,46,8,2987,2,7,-1,-1,-1
2017610051317,1,9,0,18,0,0,0,0,0,0,3,1,1,1,26,6,-1,-1,-1,-1,1,-1
2017610051317,2,5,0,11,0,0,0,0,0,0,4,1,1,1,31,6,124,1,22,-1,1,-1
2017610051417,1,9,0,18,0,0,0,0,0,0,1,1,6,2,53,8,996,1,8,-1,1,-1
2017610051517,1,21,0,18,0,0,0,0,0,0,4,1,1,1,44,7,-1,-1,-1,-1,3,-1
2017610051517,2,1,0,18,0,0,0,0,1,0,3,1,6,1,70,10,-1,-1,-1,-1,3,-1
2017610051617,1,9,0,18,0,0,2,0,8,4,1,1,6,1,20,4,1598,1,16,-1,1,-1
2017610051717,1,9,0,18,0,0,2,0,0,4,1,1,1,1,18,4,1117,1,29,-1,2,-1
2017610051817,1,9,0,14,0,0,0,0,0,0,1,1,6,1,42,7,1461,2,11,-1,1,-1
2017610051917,1,9,0,14,0,0,0,0,0,0,1,1,6,2,72,10,1197,1,2,-1,2,-1
2017610052017,1,9,0,18,0,1,0,0,0,0,4,1,1,1,64,9,2993,2,5,-1,1,-1
2017610052017,2,1,0,18,0,2,0,0,0,0,1,1,1,1,61,9,-1,-1,-1,-1,1,-1
2017610052117,1,9,0,18,0,1,0,0,0,0,1,1,6,2,29,6,-1,-1,-1,-1,1,-1
2017610052117,2,9,0,5,0,2,0,0,0,0,3,1,6,2,31,6,1386,1,10,4,3,4
2017610052217,1,9,0,10,0,1,0,0,0,0,4,1,2,1,54,8,-1,-1,-1,-1,1,-1
2017610052217,2,21,1,18,0,1,0,10,0,1,1,1,1,1,35,6,12740,2,4,-1,2,-1
2017610052317,1,9,0,17,0,5,0,0,0,0,1,1,6,1,48,8,-1,-1,-1,-1,1,-1
2017610052317,2,9,0,18,0,5,0,0,0,0,4,1,6,2,30,6,1598,1,11,-1,-1,-1
2017610052417,1,9,0,5,0,1,0,0,0,0,3,1,6,1,84,11,1598,1,6,-1,1,-1
2017610052417,2,8,0,18,0,1,0,0,0,0,2,1,6,2,34,6,2967,2,7,-1,1,-1
2017610052517,1,19,0,12,0,8,0,0,7,10,0,1,1,1,35,6,1995,2,9,-1,1,-1
2017610052517,2,9,0,18,0,8,0,7,7,10,0,1,6,2,18,4,1242,1,3,-1,1,-1
2017610052617,1,5,0,3,0,2,0,0,0,0,1,1,2,1,40,7,499,1,16,-1,1,-1
2017610052617,2,9,0,9,0,6,0,0,0,0,1,1,6,2,36,7,1587,1,16,-1,2,-1
2017610052817,1,9,0,18,0,0,0,0,0,0,1,1,6,1,67,10,2656,1,15,-1,1,-1
2017610053017,1,9,0,18,0,1,5,0,0,0,1,1,2,1,18,4,1198,1,14,-1,-1,-1
2017610053017,2,9,0,3,0,1,0,0,0,0,2,1,1,2,60,9,1461,2,3,-1,3,-1
2017610053017,3,9,0,10,0,1,0,0,0,0,2,1,6,1,42,7,1461,2,4,-1,1,-1
2017610053117,1,9,0,10,0,1,0,0,0,0,2,1,6,1,21,5,1598,2,1,8,1,8
2017610053117,2,5,0,4,0,1,0,0,0,0,1,1,6,1,25,5,1293,1,6,9,2,9
2017610053117,3,5,0,4,0,1,0,0,0,0,1,1,6,1,25,5,999,1,3,4,1,4
2017610053117,4,5,0,4,0,1,0,0,0,0,1,1,6,1,21,5,599,1,11,9,1,9
2017610053217,1,9,0,18,0,1,1,7,0,0,1,1,6,2,37,7,2268,2,4,-1,3,-1
2017610053317,1,9,0,7,0,1,0,0,0,0,1,1,6,1,60,9,1896,2,10,-1,1,-1
2017610053317,2,9,0,18,0,1,0,0,0,0,1,1,6,1,26,6,1242,1,2,-1,1,-1
2017610053417,1,98,1,9,0,4,0,0,0,0,3,1,6,3,-1,-1,-1,-1,-1,-1,-1,-1
2017610053417,2,9,0,9,0,4,0,0,0,0,1,1,2,1,44,7,1997,2,4,-1,1,-1
2017610053617,1,9,0,17,0,0,2,0,1,2,1,1,6,1,19,4,1198,1,8,-1,1,-1
2017610053717,1,9,0,7,0,3,0,0,7,1,1,1,6,2,46,8,2494,8,1,-1,1,-1
2017610053717,2,9,0,7,0,3,0,0,0,0,3,1,6,2,37,7,1597,2,4,-1,1,-1
2017610053817,1,9,0,14,0,0,0,0,0,0,1,1,6,1,-1,-1,-1,-1,-1,-1,-1,-1
2017610053817,2,9,0,2,0,0,0,0,0,0,2,1,1,2,19,4,1995,2,-1,-1,-1,-1
2017610053917,1,9,0,17,0,0,5,0,0,0,0,1,6,1,22,5,1390,1,16,-1,1,-1
2017610053917,2,9,0,18,0,0,0,0,0,0,0,1,2,1,65,9,1598,1,9,-1,-1,-1
2017610054017,1,9,0,18,0,0,1,0,0,11,1,1,6,1,23,5,1390,1,17,-1,1,-1
2017610054117,1,19,0,18,0,0,1,0,0,0,1,1,1,1,55,8,-1,-1,-1,-1,1,-1
2017610054117,2,8,0,6,0,0,0,0,0,0,3,1,1,1,31,6,1461,2,7,-1,1,-1
2017610054217,1,9,0,18,0,1,0,4,0,0,2,1,6,1,44,7,-1,-1,-1,-1,-1,-1
2017610054217,2,9,0,3,0,1,0,0,0,0,1,1,6,1,24,5,-1,-1,-1,-1,1,-1
2017610054317,1,9,0,9,0,1,0,0,0,0,1,1,2,1,64,9,1398,1,3,-1,2,-1
2017610054317,2,3,0,18,0,1,0,0,0,0,1,1,6,1,29,6,125,1,10,-1,1,-1
2017610054417,1,19,0,18,0,1,0,0,0,0,1,1,1,1,49,8,-1,-1,-1,-1,3,-1
2017610054517,1,3,0,13,9,1,1,0,0,0,1,1,6,1,25,5,124,1,16,-1,1,-1
2017610054517,2,19,0,9,9,1,0,0,0,0,2,1,6,1,-1,-1,1753,2,8,-1,-1,-1
2017610054617,1,9,0,13,0,0,0,0,0,0,1,1,6,1,35,6,3189,1,10,-1,1,-1
2017610054617,2,9,0,18,0,0,0,0,0,0,0,1,6,1,-1,-1,-1,-1,-1,-1,-1,-1
2017610054617,3,9,0,18,0,0,0,0,0,0,1,1,6,1,-1,-1,2231,2,10,-1,-1,-1
2017610054717,1,21,1,18,0,0,2,0,1,7,1,1,1,1,40,7,11967,2,5,9,2,9
2017610054717,2,19,0,18,0,0,1,1,0,0,1,1,1,1,40,7,1461,2,1,-1,3,-1
2017610054817,1,9,0,2,0,0,0,0,1,0,2,1,6,2,53,8,1296,1,9,-1,1,-1
2017610054817,2,9,0,14,0,0,0,0,0,0,1,1,6,2,-1,-1,1781,1,17,-1,1,-1
2017610054917,1,9,0,3,0,0,0,0,0,0,2,1,6,1,25,5,1582,2,-1,-1,1,-1
2017610054917,2,9,0,18,0,0,0,0,0,0,1,1,6,1,-1,-1,1360,1,16,-1,-1,-1
2017610055017,1,9,0,18,0,0,0,0,0,0,1,1,2,1,22,5,1329,1,1,-1,1,-1
2017610055117,1,9,0,18,0,8,0,0,0,0,1,1,6,1,37,7,1599,1,14,-1,3,-1
2017610055117,2,9,0,9,0,8,0,0,0,0,1,1,2,2,57,9,1229,1,5,-1,1,-1
2017610055217,1,9,0,18,0,0,0,11,2,2,1,1,1,2,18,4,998,1,1,-1,1,-1
2017610055317,1,9,0,17,0,0,0,0,1,4,3,1,6,1,19,4,1388,1,10,-1,2,-1
2017610055417,1,9,0,4,0,1,1,0,0,0,1,2,6,1,21,5,1679,1,17,-1,1,-1
2017610055517,1,9,0,18,0,8,0,0,6,1,1,1,6,1,31,6,1995,2,12,-1,2,-1
2017610055517,2,9,0,5,0,8,0,0,0,0,1,1,6,1,44,7,2998,1,-1,-1,3,-1
2017610055717,1,9,0,9,0,2,0,0,0,0,1,1,6,1,17,4,1991,2,12,-1,1,-1
2017610055717,2,9,0,18,0,1,0,0,0,0,1,1,6,1,58,9,1997,1,13,-1,1,-1
2017610055817,1,3,0,14,0,0,0,0,0,0,1,1,2,1,26,6,124,1,6,-1,1,-1
2017610055817,2,9,0,4,0,0,0,0,0,0,2,1,2,1,29,6,1399,2,6,-1,1,-1
2017610055917,1,9,0,15,0,0,0,0,0,0,1,1,6,1,79,11,1796,1,16,-1,1,-1
2017610055917,2,19,0,4,0,0,0,0,0,0,0,1,1,1,28,6,2198,2,5,-1,1,-1
2017610056017,1,9,0,4,0,1,0,0,0,0,1,1,6,2,74,10,1582,2,7,-1,1,-1
2017610056117,1,9,0,9,0,1,0,0,0,0,1,1,6,1,61,9,1598,2,6,-1,1,-1
2017610056117,2,1,0,18,0,2,0,0,0,0,1,1,6,1,61,9,-1,-1,-1,-1,1,-1
2017610056217,1,9,0,5,0,2,0,0,0,0,3,1,6,2,60,9,1991,2,12,-1,1,-1
2017610056217,2,9,0,18,0,2,0,0,0,0,1,1,6,2,41,7,1762,1,16,-1,1,-1
2017610056317,1,9,0,18,0,0,1,0,0,0,1,1,6,1,47,8,1587,1,19,-1,1,-1
2017610056317,2,9,0,18,0,0,1,0,2,3,1,1,6,1,21,5,2993,2,9,-1,1,-1
2017610056417,1,9,0,9,0,8,0,0,0,0,1,1,6,1,25,5,1299,1,16,-1,1,-1
2017610056417,2,9,0,18,0,8,0,0,1,0,1,1,6,1,81,11,995,1,10,-1,3,-1
2017610056417,3,9,0,2,0,2,0,0,0,0,2,1,6,2,35,6,-1,-1,-1,-1,1,-1
2017610056517,1,9,0,9,0,8,0,0,0,0,1,1,6,1,18,4,1229,1,7,-1,1,-1
2017610056517,2,3,0,18,0,8,0,0,0,0,3,1,2,1,50,8,125,1,6,-1,1,-1
2017610056617,1,9,0,18,0,1,1,0,1,11,1,1,6,2,30,6,1686,2,11,-1,3,-1
2017610056717,1,9,0,17,0,0,0,0,0,0,1,1,6,2,24,5,1560,2,4,-1,1,-1
2017610056717,2,1,0,17,0,0,0,0,0,0,2,1,6,1,52,8,-1,-1,-1,-1,1,-1
2017610056817,1,9,0,18,0,2,0,0,0,0,0,1,6,1,51,8,1086,1,6,-1,1,-1
2017610056817,2,9,0,18,0,2,0,0,0,0,0,1,6,1,32,6,1910,2,10,-1,1,-1
2017610056917,1,9,0,18,0,0,0,0,0,0,3,1,6,1,42,7,1198,1,-1,-1,1,-1
2017610056917,2,9,0,11,0,0,0,0,0,0,4,1,6,3,-1,-1,1242,1,5,-1,1,-1
2017610057017,1,9,0,18,0,3,0,0,0,0,2,2,6,2,22,5,1368,1,7,-1,-1,-1
2017610057017,2,9,0,18,0,3,0,0,0,0,1,2,6,1,21,5,1124,1,20,-1,2,-1
2017610057117,1,9,0,13,0,0,1,0,7,4,1,1,6,1,46,8,899,1,4,-1,1,-1
2017610057117,2,9,0,18,0,0,0,0,0,0,3,1,6,1,40,7,2000,2,13,-1,-1,-1
2017610057117,3,9,0,18,0,0,0,0,0,0,3,1,6,1,40,7,1686,2,6,-1,2,-1
2017610057117,4,9,0,18,0,0,0,0,0,0,2,1,6,1,53,8,2199,2,4,10,1,10
2017610057217,1,9,0,5,0,0,0,0,0,0,3,1,6,1,-1,-1,1596,1,15,-1,-1,-1
2017610057217,2,2,0,18,0,0,0,0,0,0,1,1,6,1,16,4,49,1,4,-1,1,-1
2017610057317,1,9,0,18,0,0,0,0,0,0,1,1,2,2,47,8,1198,1,-1,-1,1,-1
2017610057317,2,9,0,18,0,0,1,0,0,0,1,1,6,1,-1,-1,-1,-1,-1,-1,-1,-1
2017610057417,1,9,0,9,0,6,0,0,0,0,3,1,6,2,38,7,-1,-1,-1,-1,1,-1
2017610057417,2,9,0,18,0,8,0,0,0,0,1,1,6,1,32,6,1781,1,15,-1,1,-1
2017610057517,1,9,0,18,0,4,0,0,0,0,4,1,6,1,17,4,1199,2,6,-1,1,-1
2017610057517,2,9,0,18,0,3,0,0,0,0,1,1,6,1,-1,-1,1896,2,11,-1,-1,-1
2017610057617,1,3,0,18,0,0,1,0,0,0,0,1,6,2,19,4,125,1,-1,-1,3,-1
2017610057717,1,19,0,10,0,0,0,0,0,0,2,1,1,1,43,7,1560,2,5,-1,1,-1
2017610057717,2,9,0,4,0,0,0,0,0,0,1,1,6,1,68,10,1997,2,2,-1,2,-1
2017610057817,1,9,0,9,0,6,0,0,0,0,0,1,6,2,57,9,1396,1,7,-1,2,-1
2017610057817,2,9,0,18,0,1,0,0,0,0,4,1,1,2,56,9,1498,1,8,-1,-1,-1
2017610057917,1,5,0,18,0,1,0,0,0,0,2,1,2,1,54,8,600,1,16,-1,2,-1
2017610057917,2,9,0,18,0,2,0,0,0,0,1,1,2,1,43,7,1968,2,6,-1,3,-1
2017610058017,1,9,0,15,0,4,0,0,0,0,4,1,6,1,-1,-1,1598,1,13,-1,-1,-1
2017610058017,2,1,0,18,0,4,0,0,0,0,3,1,6,1,47,8,-1,-1,-1,-1,1,-1
2017610058117,1,9,0,18,0,0,0,0,0,0,1,1,2,1,18,4,1399,2,7,-1,2,-1
2017610058117,2,9,0,4,0,0,0,0,0,0,2,1,2,2,19,4,998,1,4,-1,2,-1
2017610058217,1,3,0,18,0,1,0,0,0,0,1,1,6,1,22,5,-1,-1,-1,-1,2,-1
2017610058217,2,9,0,5,0,2,0,0,0,0,1,1,3,1,41,7,1895,1,16,-1,1,-1
2017610058317,1,9,0,18,0,0,1,4,0,11,1,1,6,2,25,5,1796,1,14,-1,2,-1
2017610058317,2,19,0,2,0,0,0,0,0,0,2,1,6,1,-1,-1,1560,2,3,-1,2,-1
2017610058317,3,9,0,2,0,0,0,0,0,0,2,1,6,1,-1,-1,1968,2,12,-1,2,-1
2017610058317,4,9,0,2,0,0,0,0,0,0,2,1,6,1,-1,-1,1598,2,4,-1,2,-1
2017610058417,1,9,0,18,0,8,0,0,7,0,1,1,6,1,24,5,1686,2,11,-1,1,-1
2017610058417,2,9,0,18,0,1,0,0,7,4,1,1,6,1,39,7,1834,1,14,-1,1,-1
2017610058417,3,9,0,2,6,2,0,0,3,0,1,1,6,2,70,10,1596,1,3,-1,3,-1
2017610058517,1,19,0,4,0,1,0,0,0,0,3,1,2,1,52,8,2143,2,7,-1,1,-1
2017610058517,2,9,0,14,0,1,0,0,0,0,1,1,2,1,29,6,1870,2,13,-1,1,-1
2017610058617,1,9,0,3,0,0,0,0,0,0,0,1,6,2,24,5,998,1,1,-1,1,-1
2017610058617,2,8,0,18,0,0,1,4,1,0,3,1,6,1,27,6,-1,-1,-1,-1,1,-1
2017610058717,1,9,0,18,0,1,0,0,0,0,4,1,6,3,-1,-1,-1,-1,-1,-1,-1,-1
2017610058717,2,1,0,18,0,1,0,0,0,0,0,1,6,1,27,6,-1,-1,-1,-1,1,-1
2017610058917,1,4,0,14,0,1,0,4,0,0,1,1,6,1,19,4,-1,-1,-1,-1,1,-1
2017610058917,2,9,0,5,0,1,0,0,0,0,2,1,6,1,44,7,1910,2,11,-1,1,-1
2017610058917,3,9,0,2,0,1,0,0,0,0,1,1,6,1,-1,-1,2688,2,13,-1,-1,-1
2017610059017,1,9,0,9,0,1,0,0,0,0,1,1,6,1,82,11,1360,1,8,-1,1,-1
2017610059017,2,5,0,18,0,2,0,0,0,0,3,1,6,1,45,7,-1,-1,-1,-1,1,-1
2017610059117,1,9,0,18,0,2,0,0,0,0,1,1,6,1,25,5,1998,1,7,-1,1,-1
2017610059117,2,9,0,4,0,2,0,0,0,0,2,1,6,1,24,5,1896,2,15,-1,1,-1
2017610059217,1,9,0,17,0,0,0,0,0,0,1,1,6,1,63,9,995,1,10,-1,3,-1
2017610059217,2,9,0,16,0,0,0,0,1,0,3,1,6,1,28,6,2143,2,5,10,3,10
2017610059217,3,9,0,16,0,0,0,0,1,0,1,1,6,1,28,6,1299,1,14,10,3,10
2017610059217,4,9,0,17,0,0,0,0,0,0,1,1,6,1,51,8,2446,2,16,-1,3,-1
2017610059417,1,9,0,17,0,0,0,0,7,0,3,1,6,1,49,8,2993,2,1,-1,3,-1
2017610059417,2,19,0,16,0,0,1,0,0,9,1,1,1,1,39,7,2298,2,1,-1,1,-1
2017610059517,1,9,0,18,0,0,0,0,0,0,2,1,6,2,32,6,1595,1,1,-1,-1,-1
2017610059517,2,9,0,18,0,0,0,0,0,0,1,1,6,2,17,4,1198,1,2,-1,1,-1
2017610059517,3,9,0,18,0,0,0,0,0,0,1,1,6,2,33,6,-1,-1,-1,-1,1,-1
2017610059517,4,9,0,18,0,0,0,0,0,0,1,1,6,2,19,4,1242,1,3,-1,1,-1
2017610059517,5,9,0,18,0,0,0,0,0,0,1,1,6,1,-1,-1,1796,1,10,-1,-1,-1
2017610059717,1,9,0,18,0,8,1,0,7,7,1,1,6,1,58,9,1499,2,4,-1,1,-1
2017610059817,1,5,0,18,0,1,0,0,0,0,1,1,6,1,35,6,675,1,2,-1,1,-1
2017610059817,2,9,0,9,0,1,0,0,0,0,3,1,6,1,18,4,1299,1,17,-1,1,-1
2017610059917,1,3,0,18,0,0,0,0,0,0,1,1,6,1,20,4,125,1,1,-1,-1,-1
2017610059917,2,9,0,18,0,0,0,0,0,0,3,1,2,1,25,5,1685,2,2,-1,-1,-1
2017610060017,1,9,0,18,0,0,2,0,1,9,4,1,6,2,35,6,1299,1,12,-1,1,-1
2017610060117,1,9,0,18,0,0,0,7,0,6,2,1,6,1,53,8,1242,1,3,-1,2,-1
2017610060117,2,9,0,18,0,0,0,0,0,0,1,1,6,1,44,7,1896,2,12,9,1,9
2017610060217,1,9,0,18,0,0,0,0,0,0,3,1,6,1,-1,-1,2184,2,13,-1,-1,-1
2017610060217,2,9,0,18,0,0,0,0,0,0,1,1,6,1,-1,-1,1560,2,5,-1,1,-1
2017610060317,1,9,0,13,0,1,0,0,0,0,1,1,6,3,-1,-1,1896,2,16,-1,-1,-1
2017610060317,2,9,0,2,0,1,0,0,0,0,2,1,1,2,21,5,-1,-1,-1,-1,3,-1
2017610060417,1,9,0,13,0,0,0,0,0,0,1,1,6,2,46,8,1896,2,11,-1,1,-1
2017610060417,2,9,0,18,0,0,0,7,0,7,1,1,6,1,42,7,-1,-1,-1,-1,2,-1
2017610060517,1,9,0,3,0,0,0,0,0,0,2,1,6,1,38,7,1398,1,2,-1,-1,-1
2017610060517,2,9,0,17,0,0,0,0,0,0,1,1,6,2,63,9,1995,2,1,-1,3,-1
2017610060617,1,9,0,18,0,0,0,0,0,0,3,1,6,1,58,9,1198,1,12,-1,1,-1
2017610060717,1,9,0,2,0,0,0,0,0,0,1,1,6,2,44,7,999,1,4,-1,2,-1
2017610060717,2,21,0,1,0,0,0,0,0,0,2,1,1,1,55,8,10677,2,2,-1,1,-1
2017610060817,1,19,0,18,0,0,0,0,0,0,2,1,1,2,51,8,1968,2,6,-1,1,-1
2017610060817,2,9,0,18,0,0,0,0,0,0,1,1,6,1,32,6,1598,1,8,-1,-1,-1
2017610060817,3,9,0,18,0,0,1,0,0,0,1,1,2,1,18,4,1299,1,14,-1,1,-1
2017610060917,1,9,0,5,0,1,0,0,0,0,1,1,6,1,36,7,4398,1,13,7,1,7
2017610061017,1,9,0,18,0,0,0,0,0,0,0,1,6,1,34,6,1896,2,13,-1,1,-1
2017610061017,2,9,0,18,0,0,0,0,0,0,3,1,6,1,-1,-1,-1,-1,-1,-1,-1,-1
2017610061117,1,19,0,18,0,0,1,0,0,0,2,1,1,1,27,6,1968,2,1,-1,-1,-1
2017610061117,2,9,0,18,0,0,1,0,0,0,1,1,1,1,33,6,2457,1,8,-1,-1,-1
2017610061217,1,9,0,16,0,0,1,7,4,6,1,1,6,1,26,6,1598,1,10,-1,2,-1
2017610061317,1,9,0,18,0,0,0,0,0,4,1,1,6,1,29,6,1988,1,13,-1,-1,-1
2017610061417,1,9,0,18,0,0,0,0,0,0,2,1,6,1,43,7,-1,-1,-1,-1,1,-1
2017610061417,2,19,0,2,0,0,0,0,0,0,1,1,1,1,29,6,-1,-1,-1,-1,1,-1
2017610061517,1,9,0,18,0,1,0,0,0,0,1,1,2,2,54,8,1248,1,4,-1,1,-1