Accident_Index,Vehicle_Reference,Vehicle_Type,Towing_and_Articulation,Vehicle_Manoeuvre,Vehicle_Location-Restricted_Lane,Junction_Location,Skidding_and_Overturning,Hit_Object_in_Carriageway,Vehicle_Leaving_Carriageway,Hit_Object_off_Carriageway,1st_Point_of_Impact,Was_Vehicle_Left_Hand_Drive?,Journey_Purpose_of_Driver,Sex_of_Driver,Age_of_Driver,Age_Band_of_Driver,Engine_Capacity_(CC),Propulsion_Code,Age_of_Vehicle,Driver_IMD_Decile,Driver_Home_Area_Type,Vehicle_IMD_Decile
2017621700132,1,9,0,18,0,2,0,0,0,0,3,1,6,2,74,10,1198,1,2,-1,1,-1
2017621700132,2,1,0,18,0,1,0,0,0,0,1,1,6,2,24,5,-1,-1,-1,-1,1,-1
2017621700133,1,9,0,17,0,0,2,0,1,4,1,1,6,1,27,6,1995,2,11,-1,1,-1
2017621700134,1,9,0,18,0,8,0,0,1,7,1,1,6,1,17,4,1197,1,5,-1,1,-1
2017621700135,1,9,0,18,0,8,0,0,0,0,1,1,1,2,59,9,998,1,18,-1,1,-1
2017621700135,2,9,0,9,0,8,0,0,0,0,4,1,1,2,45,7,1248,2,13,-1,3,-1
2017621700135,3,19,0,3,0,1,0,0,0,0,1,1,1,1,51,8,1560,2,9,-1,1,-1
2017621700136,1,9,0,18,0,0,0,0,0,0,1,1,2,1,17,4,-1,-1,-1,-1,1,-1
2017621700136,2,9,0,4,0,0,0,0,0,0,2,1,2,1,34,6,1753,2,11,-1,1,-1
2017621700136,3,9,0,4,0,0,0,0,0,0,2,1,2,2,32,6,1560,2,9,-1,1,-1
2017621700137,1,9,0,18,0,0,0,10,0,0,1,1,6,1,68,10,1560,2,6,-1,2,-1
2017621700137,2,9,0,18,0,0,0,0,0,0,1,1,1,2,55,8,1590,1,-1,-1,1,-1
2017621700138,1,9,0,5,0,0,0,0,0,0,3,1,6,1,84,11,1560,2,6,-1,1,-1
2017621700138,2,9,0,14,0,0,0,0,0,0,4,1,6,2,18,4,998,1,10,-1,1,-1
2017621700138,3,9,0,5,0,0,0,0,0,0,2,1,6,2,29,6,1329,1,8,-1,1,-1
2017621700139,1,9,0,18,0,8,0,0,0,11,1,1,6,1,78,11,1598,1,11,-1,1,-1
2017621700140,1,9,0,18,0,0,0,4,1,0,1,1,6,1,35,6,1199,1,15,-1,1,-1
2017621700140,2,9,0,2,0,0,0,0,0,0,1,1,6,3,-1,-1,1596,1,8,-1,-1,-1
2017621700141,1,9,0,4,0,0,0,0,0,0,1,1,6,1,52,8,2776,2,10,-1,1,-1
2017621700141,2,9,0,3,0,0,0,0,0,0,2,1,6,1,32,6,1968,2,4,-1,1,-1
2017621700142,1,9,0,18,0,0,1,0,0,0,1,1,6,1,60,9,1598,1,16,-1,3,-1
2017621700142,2,9,0,4,0,0,0,0,0,0,2,1,6,1,27,6,1995,2,9,-1,3,-1
2017621700143,1,9,0,18,0,2,0,0,0,0,1,1,6,2,68,10,1240,1,14,-1,1,-1
2017621700144,1,9,0,18,0,8,0,0,0,0,1,1,6,2,74,10,1329,1,7,-1,1,-1
2017621700144,2,9,0,9,0,8,0,0,0,0,3,1,6,1,47,8,1242,1,13,-1,1,-1
2017621700145,1,9,0,18,0,1,1,0,0,10,1,1,6,3,-1,-1,1975,1,12,-1,-1,-1
2017621700145,2,9,0,9,0,5,0,0,0,0,4,1,6,2,68,10,1493,2,7,-1,1,-1
2017621700146,1,90,0,18,0,8,0,0,0,0,1,1,6,1,31,6,-1,-1,-1,-1,2,-1
2017621700146,2,9,0,18,0,8,0,0,0,0,1,1,6,1,46,8,1390,1,13,-1,2,-1
2017621700147,1,1,0,18,0,8,0,0,0,0,4,1,6,2,27,6,-1,-1,-1,-1,1,-1
2017621700147,2,9,0,18,0,8,0,0,0,0,1,1,6,1,23,5,1781,1,15,-1,1,-1
2017621700148,1,9,0,7,0,5,0,0,0,0,4,1,6,2,27,6,1598,1,11,-1,1,-1
2017621700148,2,1,0,18,0,1,0,0,0,0,3,1,6,1,53,8,-1,-1,-1,-1,2,-1
2017621700149,1,19,0,4,0,0,0,0,0,0,1,1,1,1,30,6,2402,2,12,-1,3,-1
2017621700149,2,9,0,3,0,0,0,0,0,0,2,1,2,2,58,9,1197,1,5,-1,2,-1
2017621700149,3,9,0,3,0,0,0,0,0,0,2,1,2,2,41,7,998,1,4,-1,2,-1
2017621700149,4,9,0,3,0,0,0,0,0,0,2,1,2,2,30,6,1598,2,3,-1,2,-1
2017621700150,1,9,0,18,0,5,0,0,0,0,1,1,6,3,-1,-1,1968,2,9,-1,-1,-1
2017621700151,1,9,0,9,0,5,5,10,0,0,3,1,6,2,23,5,1396,1,5,-1,1,-1
2017621700153,1,9,0,16,0,0,0,0,1,7,1,1,6,1,18,4,998,1,5,-1,1,-1
2017621700154,1,9,0,9,0,6,0,0,0,0,1,1,6,2,51,8,2498,2,17,-1,2,-1
2017621700154,2,19,0,18,0,8,0,0,0,0,1,1,6,1,30,6,1896,2,9,-1,1,-1
2017621700155,1,9,0,9,0,8,0,0,0,0,1,1,6,2,20,4,1461,2,10,-1,1,-1
2017621700155,2,9,0,18,0,8,0,0,3,11,1,2,6,1,31,6,1753,2,18,-1,1,-1
2017621700156,1,19,0,18,0,0,0,7,0,0,1,1,2,1,42,7,1560,2,3,-1,2,-1
2017621700157,1,9,0,18,0,8,0,0,0,0,4,1,2,1,38,7,1587,1,14,-1,1,-1
2017621700157,2,1,0,15,0,8,0,0,0,0,1,1,6,2,25,5,-1,-1,-1,-1,1,-1
2017621700158,1,9,0,5,0,0,0,0,0,0,1,1,6,3,-1,-1,1796,1,14,-1,-1,-1
2017621700158,2,9,0,2,0,0,0,0,0,0,1,1,1,1,47,8,1560,2,1,-1,1,-1
2017621700159,1,9,0,4,0,1,0,0,0,0,1,1,6,1,54,8,998,1,12,-1,1,-1
2017621700160,1,9,0,16,0,0,0,0,1,7,4,1,6,2,24,5,1349,1,4,-1,2,-1
2017621700161,1,9,0,9,0,8,0,0,0,0,1,1,6,3,-1,-1,1596,1,15,-1,-1,-1
2017621700161,2,9,0,18,0,8,0,0,0,0,1,1,1,2,24,5,1242,1,2,-1,1,-1
2017621700162,1,19,0,18,0,0,0,0,0,0,1,1,1,1,33,6,2198,2,4,-1,1,-1
2017621700163,1,3,0,18,0,4,1,0,0,0,0,1,6,1,17,4,125,1,1,-1,3,-1
2017621700165,1,9,0,18,0,0,0,0,0,0,1,1,1,1,26,6,1598,2,1,3,1,3
2017621700165,2,9,0,18,0,0,0,0,0,0,1,1,1,2,46,8,1995,2,8,-1,1,-1
2017621700166,1,9,0,18,0,0,0,0,0,0,1,1,6,2,55,8,1596,1,15,-1,1,-1
2017621700167,1,9,0,18,0,0,0,0,0,0,3,1,6,1,18,4,1197,1,5,-1,2,-1
2017621700168,1,11,0,18,0,2,0,0,0,0,1,1,1,1,43,7,5132,2,2,-1,1,-1
2017621700169,1,9,0,18,0,1,0,0,0,0,4,1,6,2,57,9,898,1,3,-1,1,-1
2017621700170,1,1,0,18,0,8,0,0,0,0,3,1,6,1,10,2,-1,-1,-1,-1,1,-1
2017621700170,2,9,0,18,0,8,0,0,0,0,1,1,6,1,20,4,1149,1,10,-1,1,-1
2017621700171,1,9,0,11,0,0,0,0,0,0,2,1,6,2,33,6,1422,2,10,-1,1,-1
2017621700171,2,2,0,18,0,0,1,0,0,0,1,1,2,1,34,6,49,1,5,-1,1,-1
2017621700172,1,9,0,4,0,1,0,0,0,0,4,1,6,1,54,8,2980,2,21,-1,1,-1
2017621700172,2,1,0,18,0,1,0,0,0,0,1,1,6,1,34,6,-1,-1,-1,-1,1,-1
2017621700173,1,9,0,18,0,1,0,0,0,0,1,1,6,1,44,7,1124,1,17,-1,1,-1
2017621700173,2,9,0,3,0,1,0,0,0,0,2,1,6,1,32,6,1229,1,2,-1,1,-1
2017621700174,1,9,0,9,0,5,0,0,0,0,1,1,6,2,34,6,1360,1,10,-1,1,-1
2017621700174,2,9,0,18,0,1,0,0,0,0,1,1,6,2,61,9,1591,1,1,-1,1,-1
2017621700175,1,9,0,18,0,1,0,0,0,0,1,1,6,1,79,11,995,1,7,-1,1,-1
2017621700176,1,9,0,11,0,0,0,0,0,0,2,1,6,2,52,8,1398,2,4,-1,1,-1
2017621700176,2,9,0,18,0,0,5,0,0,0,1,1,6,1,31,6,1598,2,7,-1,1,-1
2017621700177,1,9,0,17,0,0,2,0,2,11,1,1,2,1,20,4,1124,1,13,-1,2,-1
2017621700178,1,9,0,18,0,0,0,0,0,0,1,1,1,1,43,7,1995,2,3,-1,2,-1
2017621700178,2,9,0,4,0,0,0,0,0,0,2,1,1,2,43,7,1198,1,6,-1,2,-1
2017621700178,3,9,0,4,0,0,0,0,0,0,2,1,1,1,27,6,1968,2,9,-1,2,-1
2017621700178,4,9,0,4,0,0,0,0,0,0,2,1,1,2,59,9,1968,2,10,-1,1,-1
2017621700179,1,10,0,18,0,1,0,0,0,0,1,1,1,1,64,9,2198,2,7,-1,1,-1
2017621700180,1,9,0,18,0,4,0,0,0,0,1,1,2,1,54,8,1910,2,8,-1,1,-1
2017621700180,2,9,0,17,0,8,0,0,1,11,4,1,2,1,60,9,1242,1,8,-1,3,-1
2017621700181,1,9,0,18,0,0,0,0,0,0,1,1,6,3,-1,-1,-1,-1,-1,-1,-1,-1
2017621700181,2,9,0,4,0,0,0,0,0,0,2,1,2,1,27,6,973,1,14,-1,1,-1
2017621700182,1,9,0,18,0,8,0,0,0,0,4,1,6,1,68,10,1398,1,3,-1,1,-1
2017621700183,1,9,0,18,0,6,0,10,3,11,1,1,6,1,81,11,1390,1,16,-1,1,-1
2017621700184,1,9,0,18,0,1,0,4,0,0,1,1,6,2,25,5,1240,1,14,-1,2,-1
2017621700184,2,9,0,2,0,1,0,0,0,0,2,1,1,1,32,6,-1,-1,-1,-1,1,-1
2017621700185,1,9,0,18,0,0,0,0,0,0,1,1,3,2,47,8,1197,1,2,-1,1,-1
2017621700185,2,9,0,18,0,0,0,0,0,0,2,1,1,2,47,8,1461,2,2,-1,2,-1
2017621700185,3,19,0,18,0,0,0,0,0,0,2,1,1,1,31,6,2198,2,3,-1,1,-1
2017621700186,1,9,0,18,0,8,0,0,0,0,1,1,6,1,61,9,1461,2,1,-1,1,-1
2017621700186,2,9,0,18,0,8,0,0,0,0,4,1,6,2,22,5,1398,1,3,-1,1,-1
2017621700187,1,9,0,4,0,0,0,0,0,0,1,1,6,2,28,6,1598,2,5,-1,1,-1
2017621700187,2,9,0,3,0,0,0,0,0,0,2,1,6,1,38,7,1560,2,11,-1,1,-1
2017621700187,3,9,0,3,0,0,0,0,0,0,2,1,6,2,54,8,995,1,8,-1,3,-1
2017621700188,1,9,0,9,0,8,0,0,0,0,1,1,6,1,28,6,1997,2,1,-1,2,-1
2017621700188,2,9,0,18,0,8,0,0,0,0,3,1,6,2,53,8,1598,1,-1,-1,1,-1
2017621700189,1,9,0,16,0,8,2,0,2,10,1,1,6,1,29,6,1399,2,9,-1,1,-1
2017621700190,1,9,0,18,0,1,0,0,0,0,4,1,6,1,22,5,-1,-1,-1,-1,3,-1
2017621700190,2,1,0,9,0,1,0,0,0,0,1,1,6,1,24,5,-1,-1,-1,-1,1,-1
2017621700191,1,9,0,18,0,2,0,0,0,0,3,1,6,1,37,7,1997,2,12,-1,2,-1
2017621700192,1,9,0,18,0,0,0,0,0,0,1,1,6,1,81,11,1388,1,13,-1,1,-1
2017621700193,1,9,0,9,0,5,0,0,0,0,4,1,1,1,29,6,998,1,3,-1,1,-1
2017621700194,1,9,0,9,0,0,0,0,0,0,4,1,6,2,26,6,1399,2,6,-1,2,-1
2017621700194,2,9,0,18,0,0,0,0,0,0,1,1,6,1,60,9,1461,2,9,-1,1,-1
2017621700195,1,9,0,9,0,6,0,0,0,0,4,1,6,1,73,10,1998,1,1,-1,1,-1
2017621700195,2,1,0,18,0,8,0,0,0,0,3,1,6,1,26,6,-1,-1,-1,-1,1,-1
2017621700196,1,9,0,5,0,4,0,0,0,0,1,1,6,1,48,8,2199,2,4,-1,2,-1
2017621700196,2,9,0,5,0,4,0,0,0,0,2,1,6,2,32,6,698,1,11,-1,1,-1
2017621700197,1,9,0,9,0,5,0,0,0,0,1,1,6,2,54,8,1388,1,7,-1,3,-1
2017621700197,2,3,0,18,0,8,0,0,0,0,1,1,6,1,60,9,124,1,7,-1,1,-1
2017621700198,1,9,0,18,0,8,0,0,0,0,3,1,2,1,57,9,1229,1,13,-1,1,-1
2017621700198,2,1,0,9,0,8,0,0,0,0,4,1,2,2,55,8,-1,-1,-1,-1,1,-1
2017621700199,1,9,0,9,0,8,0,0,0,0,1,1,6,2,38,7,1596,1,15,-1,2,-1
2017621700200,1,9,0,8,0,1,0,0,0,0,1,1,2,1,63,9,1124,1,16,-1,1,-1
2017621700200,2,9,0,8,0,1,0,0,0,0,2,1,6,1,44,7,1398,1,1,-1,3,-1
2017621700201,1,9,0,12,0,0,0,0,0,0,3,1,2,2,52,8,1896,2,14,-1,1,-1
2017621700201,2,9,0,18,0,0,5,0,0,0,4,1,2,2,51,8,1560,2,5,-1,1,-1
2017621700202,1,9,0,9,0,5,0,0,0,0,3,1,6,1,24,5,1560,2,5,-1,1,-1
2017621700202,2,5,0,13,0,8,0,0,7,11,1,1,6,1,60,9,955,1,12,-1,1,-1
2017621700203,1,9,0,5,0,4,0,0,0,0,1,1,2,2,54,8,995,1,9,-1,1,-1
2017621700203,2,1,0,9,0,8,0,0,0,0,1,1,6,1,45,7,-1,-1,-1,-1,1,-1
2017621700204,1,9,0,4,0,0,0,0,0,0,1,1,3,2,34,6,1560,2,6,-1,2,-1
2017621700204,2,9,0,3,0,0,0,0,0,0,2,1,6,2,17,4,1197,1,4,-1,2,-1
2017621700204,3,19,0,3,0,0,0,0,0,0,2,1,1,1,52,8,1461,2,1,-1,2,-1
2017621700206,1,19,0,18,0,0,0,0,4,6,1,1,1,1,42,7,1598,2,1,-1,1,-1
2017621700206,2,21,1,18,0,0,0,0,0,0,2,1,1,1,40,7,10837,2,1,7,1,7
2017621700207,1,9,0,5,0,0,0,0,0,0,2,1,6,3,-1,-1,-1,-1,-1,-1,-1,-1
2017621700207,2,3,0,18,0,0,0,0,0,0,1,1,2,1,42,7,124,1,10,-1,1,-1
2017621700208,1,9,0,9,0,8,0,0,0,0,1,1,6,1,22,5,973,1,16,-1,1,-1
2017621700208,2,9,0,18,0,8,0,0,0,0,1,1,6,2,72,10,1318,1,1,-1,1,-1
2017621700209,1,9,0,18,0,3,0,0,0,0,1,1,6,1,23,5,1598,2,5,-1,2,-1
2017621700209,2,9,0,4,0,3,0,0,0,0,2,1,6,2,72,10,1596,1,7,-1,1,-1
2017621700210,1,9,0,9,0,8,0,0,0,0,3,1,6,1,25,5,1390,1,9,-1,1,-1
2017621700210,2,1,0,9,0,8,0,0,0,0,3,1,6,2,33,6,-1,-1,-1,-1,1,-1
2017621700211,1,9,0,18,0,1,0,0,0,0,1,1,6,1,42,7,1910,2,11,-1,1,-1
2017621700211,2,9,0,3,0,1,0,0,0,0,2,1,2,1,24,5,1995,2,4,-1,1,-1
2017621700212,1,9,0,6,0,8,0,0,0,0,2,1,6,1,48,8,1490,1,9,-1,1,-1
2017621700212,2,1,0,18,0,1,0,0,0,0,1,1,6,1,37,7,-1,-1,-1,-1,1,-1
2017621700213,1,9,0,18,0,1,0,0,0,0,3,1,6,3,-1,-1,-1,-1,-1,-1,-1,-1
2017621700213,2,1,0,18,0,1,0,0,0,0,4,1,6,2,29,6,-1,-1,-1,-1,1,-1
2017621700214,1,1,0,18,0,8,0,0,0,0,1,1,6,1,17,4,-1,-1,-1,-1,1,-1
2017621700214,2,9,0,7,0,5,0,0,0,0,1,1,1,1,49,8,1997,2,1,-1,1,-1
2017621700215,1,9,0,9,0,6,0,0,0,0,1,1,6,2,31,6,1997,2,13,-1,1,-1
2017621700215,2,9,0,18,0,8,0,0,0,0,1,1,6,1,77,11,998,1,2,-1,1,-1
2017621700216,1,9,0,18,0,0,0,0,1,4,1,1,6,2,20,4,998,1,2,-1,1,-1
2017621700217,1,9,0,18,0,0,1,0,5,6,4,1,2,1,30,6,1198,1,11,-1,2,-1
2017621700217,2,9,0,18,0,0,2,0,1,7,3,1,2,1,48,8,1499,2,1,-1,1,-1
2017621700218,1,9,0,17,0,0,5,10,1,3,1,1,6,2,19,4,998,1,11,-1,1,-1
2017621700219,1,9,0,5,0,8,0,0,0,0,1,1,6,1,45,7,1994,2,13,-1,1,-1
2017621700219,2,9,0,4,0,8,0,0,0,0,2,1,6,1,50,8,1956,2,4,-1,1,-1
2017621700220,1,9,0,16,0,0,0,0,7,2,1,1,6,1,31,6,1910,2,9,-1,1,-1
2017621700221,1,9,0,5,0,1,0,0,0,0,1,1,6,2,28,6,1242,1,8,-1,1,-1
2017621700222,1,9,0,9,0,6,0,0,0,0,1,1,6,1,53,8,1360,1,13,-1,1,-1
2017621700222,2,3,0,18,0,1,0,0,0,0,1,1,6,1,44,7,124,1,16,-1,1,-1
2017621700223,1,21,1,12,0,1,0,0,0,0,3,2,1,1,38,7,-1,-1,-1,-1,-1,-1
2017621700223,2,9,0,13,0,1,0,0,1,11,4,1,6,1,37,7,1598,1,15,-1,1,-1
2017621700224,1,9,0,18,0,0,5,0,2,10,1,1,6,1,27,6,1595,1,20,-1,1,-1
2017621700225,1,9,0,16,0,0,0,0,0,0,1,1,6,1,41,7,1598,1,8,-1,2,-1
2017621700226,1,9,0,18,0,0,0,10,0,5,1,1,6,2,19,4,999,1,7,3,1,3
2017621700227,1,9,0,5,0,6,0,0,0,0,1,1,2,2,46,8,1598,1,15,-1,1,-1
2017621700228,1,1,0,18,0,1,0,0,0,0,1,1,6,1,27,6,-1,-1,-1,-1,1,-1
2017621700230,1,9,0,18,0,0,0,0,7,11,1,1,6,1,34,6,1598,1,16,-1,2,-1
2017621700231,1,9,0,14,0,0,0,0,0,0,4,1,6,2,36,7,998,1,3,-1,1,-1
2017621700232,1,9,0,5,0,1,0,0,0,0,1,1,6,2,23,5,1388,1,9,-1,1,-1
2017621700232,2,9,0,5,0,1,0,0,0,0,2,1,6,2,57,9,1896,2,10,-1,1,-1
2017621700233,1,9,0,18,0,0,0,0,0,0,3,1,6,1,34,6,1360,1,11,-1,2,-1
2017621700233,2,9,0,18,0,0,0,0,0,0,3,1,6,2,65,9,-1,-1,-1,-1,1,-1
2017621700234,1,9,0,18,0,0,1,7,3,1,1,1,2,2,39,7,1560,2,8,-1,1,-1
2017621700235,1,9,0,9,0,8,0,0,0,0,1,1,1,2,29,6,998,1,17,-1,1,-1
2017621700235,2,9,0,18,0,8,0,0,0,0,4,1,1,1,51,8,1560,2,2,-1,2,-1
2017621700236,1,9,0,9,0,6,0,0,0,0,3,1,2,2,60,9,1598,1,5,-1,1,-1
2017621700236,2,1,0,18,0,8,0,0,0,0,1,1,2,1,33,6,-1,-1,-1,-1,1,-1
2017621700238,1,10,0,18,0,0,0,0,0,0,1,1,6,1,81,11,2464,2,10,-1,1,-1
2017621700239,1,9,0,15,0,1,1,10,1,0,1,1,6,1,19,4,1229,1,10,-1,2,-1
2017621700239,2,9,0,10,0,1,0,0,0,0,2,1,6,1,34,6,1598,1,11,-1,1,-1
2017621700239,3,9,0,10,0,1,0,0,0,0,2,1,6,1,56,9,1598,2,2,-1,1,-1
2017621700241,1,9,0,18,0,0,0,0,0,0,4,1,6,3,-1,-1,-1,-1,-1,-1,-1,-1
2017621700242,1,9,0,18,0,0,0,0,0,0,1,1,2,2,54,8,1796,1,16,-1,1,-1
2017621700242,2,8,0,3,0,0,0,0,0,0,2,1,1,1,44,7,1910,2,10,-1,1,-1
2017621700243,1,9,0,18,0,0,0,0,0,0,1,1,6,2,51,8,1956,2,3,-1,1,-1
2017621700243,2,9,0,3,0,0,0,0,0,0,2,1,3,2,41,7,1597,2,1,-1,1,-1
2017621700244,1,9,0,9,0,8,0,0,0,0,1,1,2,2,36,7,1242,1,8,-1,1,-1
2017621700244,2,1,0,18,0,8,0,0,0,0,1,1,2,2,40,7,-1,-1,-1,-1,1,-1
2017621700245,1,9,0,1,0,0,0,0,0,11,2,1,6,3,-1,-1,1598,1,12,-1,-1,-1
2017621700246,1,9,0,9,0,8,0,0,0,0,0,1,2,2,22,5,1229,1,12,-1,1,-1
2017621700246,2,11,0,18,0,8,0,0,0,0,0,1,1,1,56,9,4500,2,2,-1,3,-1
2017621700247,1,9,0,18,0,1,0,0,0,0,1,1,6,1,23,5,998,1,1,-1,1,-1
2017621700247,2,9,0,4,0,1,0,0,0,0,2,1,6,1,68,10,1560,2,5,-1,1,-1
2017621700248,1,9,0,18,0,0,0,0,0,0,4,1,1,1,60,9,1968,2,8,-1,1,-1
2017621700249,1,9,0,18,0,0,0,7,0,0,1,1,6,1,19,4,1560,2,10,-1,1,-1
2017621700250,1,9,0,18,0,4,0,0,0,0,3,1,6,2,46,8,898,1,4,-1,1,-1
2017621700250,2,1,0,18,0,8,0,0,0,0,1,1,6,1,23,5,-1,-1,-1,-1,1,-1
2017621700251,1,9,0,16,0,5,1,0,4,1,1,1,6,1,23,5,1242,1,14,-1,1,-1
2017621700252,1,8,0,2,0,0,0,0,0,11,3,1,1,1,67,10,1998,2,12,-1,1,-1
2017621700253,1,9,0,17,0,0,0,0,0,0,3,1,6,1,65,9,1968,2,11,-1,1,-1
2017621700253,2,9,0,16,0,0,1,4,0,0,2,1,2,1,23,5,1998,2,11,-1,1,-1
2017621700253,3,9,0,2,0,0,0,0,0,0,3,1,6,3,-1,-1,1388,1,15,-1,-1,-1
2017621700254,1,9,0,18,0,8,0,0,0,0,1,1,6,1,52,8,2172,2,14,-1,1,-1
2017621700254,2,9,0,10,0,8,0,0,0,0,2,1,6,2,41,7,1124,1,12,-1,1,-1
2017621700255,1,9,0,18,0,1,0,0,0,0,4,1,6,1,22,5,1598,2,5,-1,1,-1
2017621700255,2,9,0,9,0,8,0,0,0,0,1,1,6,1,28,6,1242,1,8,-1,1,-1
2017621700256,1,1,0,18,0,1,1,0,0,0,1,1,6,1,24,5,-1,-1,-1,-1,1,-1
2017621700256,2,9,0,9,0,4,0,0,0,0,2,1,6,1,45,7,1796,1,15,-1,1,-1
2017621700257,1,9,0,9,0,1,0,7,0,0,4,1,6,2,71,10,1242,1,7,-1,2,-1
2017621700257,2,11,0,18,0,1,0,0,0,0,4,1,1,1,48,8,11980,2,13,-1,2,-1
2017621700258,1,9,0,18,0,0,0,0,0,0,1,1,1,2,33,6,1461,2,2,-1,3,-1
2017621700258,2,9,0,18,0,0,0,0,0,0,1,1,6,1,39,7,1686,2,7,-1,3,-1
2017621700259,1,21,0,18,0,0,0,0,0,0,1,1,1,1,39,7,3920,2,16,-1,1,-1
2017621700259,2,9,0,4,0,0,0,0,0,0,2,1,2,1,60,9,998,1,6,-1,2,-1
2017621700259,3,9,0,4,0,0,0,0,0,0,2,1,2,1,60,9,1998,2,11,-1,1,-1
2017621700260,1,9,0,5,0,4,0,0,0,0,3,1,6,2,29,6,1329,1,2,-1,1,-1
2017621700260,2,1,0,18,0,8,0,0,0,0,4,1,6,1,51,8,-1,-1,-1,-1,1,-1
2017621700261,1,19,0,18,0,1,1,0,0,0,1,1,6,1,39,7,1896,2,8,-1,1,-1
2017621700261,2,9,0,4,0,1,0,0,0,0,2,1,6,1,37,7,1997,2,2,-1,1,-1
2017621700261,3,9,0,10,0,1,0,0,0,0,2,1,6,2,45,7,1242,1,7,-1,1,-1
2017621700262,1,9,0,5,0,1,0,0,0,0,1,1,2,1,19,4,998,1,12,-1,1,-1
2017621700262,2,9,0,5,0,1,0,0,0,0,2,1,6,1,40,7,1686,2,12,-1,1,-1
2017621700263,1,9,0,18,0,0,5,0,7,0,3,1,6,1,21,5,2979,1,4,-1,1,-1
2017621700264,1,9,0,9,0,4,0,0,0,0,3,1,6,1,41,7,2993,2,2,-1,1,-1
2017621700264,2,3,0,18,0,8,0,0,0,0,1,1,1,1,56,9,101,1,13,-1,1,-1
2017621700265,1,11,0,18,0,0,1,7,0,0,1,1,3,1,75,10,3900,2,13,-1,2,-1
2017621700266,1,3,0,18,0,0,1,0,0,0,4,1,6,1,54,8,125,1,34,-1,1,-1
2017621700267,1,19,0,9,0,4,0,0,0,0,1,1,1,1,27,6,1461,2,3,-1,1,-1
2017621700267,2,10,0,9,0,4,0,0,0,0,2,1,1,1,28,6,-1,-1,-1,-1,1,-1
2017621700268,1,9,0,15,0,8,0,0,0,0,1,1,2,1,29,6,1240,1,14,-1,1,-1
2017621700268,2,9,0,9,0,8,0,0,0,0,1,1,6,2,44,7,1398,2,7,-1,1,-1
2017621700269,1,1,0,16,0,0,1,0,0,0,1,1,6,1,36,7,-1,-1,-1,-1,2,-1
2017621700269,2,11,0,17,0,0,0,0,0,0,1,1,1,1,53,8,4461,2,2,-1,1,-1
2017621700270,1,20,0,4,0,0,1,0,0,0,1,1,1,1,19,4,2198,2,1,-1,1,-1
2017621700270,2,9,0,4,0,0,0,0,0,0,2,1,6,1,60,9,2143,2,3,5,2,5
2017621700270,3,9,0,4,0,0,0,0,0,0,2,1,6,1,32,6,1995,2,10,-1,1,-1
2017621700271,1,9,0,5,0,6,0,0,0,0,3,1,6,1,44,7,1595,1,6,-1,2,-1
2017621700271,2,3,0,18,0,8,0,0,0,0,1,1,6,1,29,6,125,1,6,-1,1,-1
2017621700272,1,9,0,17,0,8,0,0,0,0,1,1,3,1,33,6,1596,1,13,-1,1,-1
2017621700273,1,9,0,18,0,8,0,0,0,0,1,1,1,2,26,6,1560,2,9,-1,1,-1
2017621700273,2,9,0,18,0,8,0,0,0,0,1,1,1,1,50,8,-1,-1,-1,-1,3,-1
2017621700274,1,9,0,18,0,0,0,4,0,0,1,1,6,1,18,4,1229,1,5,-1,1,-1
2017621700274,2,19,0,2,0,0,0,0,0,0,2,1,6,3,-1,-1,-1,-1,-1,-1,-1,-1
2017621700274,3,19,0,2,0,0,0,0,0,0,2,1,6,3,-1,-1,1998,2,11,-1,-1,-1
2017621700275,1,9,0,18,0,8,0,0,0,0,1,1,6,2,25,5,1299,1,9,-1,1,-1
2017621700275,2,9,0,18,0,8,0,0,0,0,4,1,1,1,21,5,1596,1,12,6,3,6
2017621700276,1,9,0,4,0,0,0,7,0,0,1,1,2,2,48,8,1598,2,5,-1,1,-1
2017621700277,1,19,0,18,0,0,0,0,0,0,1,1,6,1,29,6,1868,2,15,-1,1,-1
2017621700277,2,9,0,4,0,0,0,0,0,0,2,1,6,2,52,8,1242,1,3,-1,1,-1
2017621700277,3,9,0,4,0,0,0,0,0,0,2,1,6,2,31,6,1390,1,10,-1,3,-1
2017621700278,1,9,0,18,0,4,0,0,0,0,1,1,6,2,37,7,1598,2,6,-1,1,-1
2017621700278,2,9,0,18,0,8,0,0,0,0,1,1,6,1,58,9,1997,2,1,-1,2,-1
2017621700279,1,19,0,18,0,0,1,0,0,0,1,1,6,1,50,8,2300,2,14,-1,1,-1
2017621700279,2,9,0,4,0,0,0,0,0,0,2,1,6,1,46,8,1499,2,2,-1,1,-1
2017621700280,1,9,0,16,0,0,0,0,0,0,1,1,2,1,33,6,1422,2,8,-1,1,-1
2017621700280,2,19,0,17,0,0,0,0,0,0,1,1,6,1,38,7,-1,-1,-1,-1,1,-1
2017621700281,1,5,0,18,0,0,1,0,0,0,1,1,6,1,59,9,1298,1,14,-1,3,-1
2017621700282,1,9,0,18,0,0,2,0,1,3,3,1,4,1,32,6,1753,2,9,-1,3,-1
2017621700283,1,11,0,4,0,0,0,0,0,0,3,1,1,1,54,8,4250,2,11,-1,2,-1