Accident_Index,Vehicle_Reference,Vehicle_Type,Towing_and_Articulation,Vehicle_Manoeuvre,Vehicle_Location-Restricted_Lane,Junction_Location,Skidding_and_Overturning,Hit_Object_in_Carriageway,Vehicle_Leaving_Carriageway,Hit_Object_off_Carriageway,1st_Point_of_Impact,Was_Vehicle_Left_Hand_Drive?,Journey_Purpose_of_Driver,Sex_of_Driver,Age_of_Driver,Age_Band_of_Driver,Engine_Capacity_(CC),Propulsion_Code,Age_of_Vehicle,Driver_IMD_Decile,Driver_Home_Area_Type,Vehicle_IMD_Decile
2017621700877,1,9,0,17,0,4,0,0,7,2,1,1,2,1,20,4,1149,1,15,-1,3,-1
2017621700878,1,9,0,1,0,1,0,0,0,0,3,1,6,1,44,7,2435,1,17,-1,1,-1
2017621700878,2,9,0,10,0,1,0,0,0,0,3,1,6,2,31,6,1995,2,13,-1,1,-1
2017621700878,3,3,0,18,0,1,0,0,0,0,1,1,1,1,30,6,125,1,1,-1,2,-1
2017621700879,1,9,0,18,0,2,0,0,0,0,1,1,6,1,28,6,1395,1,3,-1,1,-1
2017621700879,2,9,0,2,0,2,0,0,0,0,3,1,3,2,40,7,1240,1,12,-1,1,-1
2017621700880,1,9,0,18,0,2,0,0,0,0,4,1,6,2,23,5,1560,2,4,-1,1,-1
2017621700881,1,9,0,18,0,0,0,0,0,0,4,1,6,1,42,7,1598,1,10,-1,1,-1
2017621700882,1,9,0,18,0,8,0,0,0,0,1,1,6,1,58,9,1896,2,15,-1,1,-1
2017621700882,2,9,0,9,0,8,0,0,0,0,3,1,6,1,49,8,1956,2,4,-1,1,-1
2017621700883,1,9,0,9,0,6,0,0,0,0,1,1,2,1,21,5,1598,2,5,-1,1,-1
2017621700883,2,9,0,18,0,1,0,0,0,0,4,1,2,2,55,8,998,1,2,-1,1,-1
2017621700884,1,9,0,12,0,8,1,0,0,0,3,1,6,2,23,5,1242,1,14,-1,1,-1
2017621700884,2,5,0,18,0,3,1,0,0,0,1,1,6,1,57,9,675,1,6,-1,1,-1
2017621700885,1,19,0,18,0,8,0,0,0,0,3,1,6,3,-1,-1,-1,-1,-1,-1,-1,-1
2017621700885,2,9,0,18,0,8,0,0,0,0,4,1,6,2,58,9,2688,2,15,-1,1,-1
2017621700886,1,8,0,18,0,0,0,4,0,0,1,1,1,1,47,8,1995,2,8,-1,1,-1
2017621700886,2,19,0,2,0,0,0,0,0,0,2,1,6,3,-1,-1,1968,2,5,-1,-1,-1
2017621700887,1,9,0,18,0,0,0,0,0,0,1,1,6,1,23,5,1493,2,7,-1,2,-1
2017621700887,2,9,0,4,0,0,0,0,0,0,2,1,6,1,76,11,1896,2,9,-1,2,-1
2017621700887,3,9,0,4,0,0,0,0,0,0,2,1,6,3,-1,-1,1242,1,13,-1,-1,-1
2017621700888,1,9,0,18,0,3,0,0,0,0,1,1,2,1,23,5,1995,1,10,-1,1,-1
2017621700888,2,9,0,18,0,1,0,0,1,0,3,1,6,1,53,8,1248,2,7,-1,1,-1
2017621700889,1,9,0,9,0,2,0,0,0,0,3,1,6,2,22,5,998,1,2,-1,1,-1
2017621700889,2,4,0,16,0,1,0,0,0,0,1,1,6,1,33,6,470,1,4,-1,1,-1
2017621700890,1,9,0,9,0,6,0,0,0,0,1,1,6,1,46,8,1781,1,15,-1,1,-1
2017621700890,2,9,0,14,0,8,0,0,0,0,4,1,1,2,31,6,2993,2,2,-1,1,-1
2017621700891,1,9,0,18,0,1,0,0,0,0,1,1,6,1,44,7,1753,2,10,-1,1,-1
2017621700892,1,9,0,6,0,8,0,0,0,0,1,1,6,1,19,4,1598,1,4,-1,1,-1
2017621700892,2,1,0,18,0,8,0,0,0,0,4,1,6,1,24,5,-1,-1,-1,-1,1,-1
2017621700893,1,21,0,18,0,1,0,0,0,0,1,1,1,1,52,8,10837,2,9,-1,2,-1
2017621700893,2,9,0,10,0,1,0,0,0,0,2,1,6,1,37,7,1796,1,12,-1,2,-1
2017621700894,1,9,0,16,0,0,0,10,1,1,1,1,6,2,88,11,1298,1,9,-1,1,-1
2017621700895,1,4,0,18,0,1,0,0,0,0,1,1,6,1,17,4,124,1,5,-1,3,-1
2017621700895,2,9,0,9,0,8,0,0,0,0,4,1,6,2,44,7,1596,1,8,-1,1,-1
2017621700895,3,9,0,7,0,8,0,0,0,0,0,1,6,2,42,7,1986,2,11,-1,1,-1
2017621700896,1,9,0,18,0,1,0,0,0,0,1,1,1,2,43,7,1242,1,5,-1,1,-1
2017621700898,1,5,0,18,0,0,1,0,0,0,0,1,6,1,59,9,749,1,30,-1,1,-1
2017621700899,1,9,0,13,0,0,0,0,0,0,4,1,6,2,37,7,2495,2,23,-1,1,-1
2017621700899,2,9,0,18,0,0,0,0,0,0,3,1,6,1,48,8,1997,2,9,-1,1,-1
2017621700900,1,9,0,18,0,0,5,7,7,0,3,1,6,2,29,6,1242,1,7,-1,1,-1
2017621700901,1,9,0,16,0,0,0,0,1,11,1,1,6,1,23,5,1984,1,1,-1,1,-1
2017621700902,1,9,0,18,0,0,0,0,2,7,1,1,6,2,83,11,1242,1,12,-1,2,-1
2017621700903,1,9,0,14,0,0,0,4,0,0,1,1,6,2,37,7,1329,1,3,-1,1,-1
2017621700903,2,9,0,18,0,0,0,0,0,0,1,1,6,1,55,8,1896,2,11,-1,1,-1
2017621700903,3,19,0,2,0,0,0,0,0,0,3,1,6,3,-1,-1,2143,2,4,-1,-1,-1
2017621700904,1,9,0,1,0,0,0,0,0,0,2,1,6,2,36,7,1328,1,12,-1,1,-1
2017621700905,1,97,0,17,0,8,1,0,0,0,0,1,6,1,47,8,-1,-1,-1,-1,1,-1
2017621700906,1,1,0,18,9,0,0,10,1,2,0,1,6,1,14,3,-1,-1,-1,-1,1,-1
2017621700907,1,9,0,9,0,4,0,0,0,0,1,1,6,2,36,7,1596,1,3,-1,1,-1
2017621700907,2,3,0,18,0,8,0,0,0,0,4,1,6,1,22,5,124,1,2,-1,1,-1
2017621700908,1,5,0,18,0,8,0,0,0,0,1,1,6,1,46,8,847,1,1,-1,1,-1
2017621700908,2,9,0,9,0,8,0,0,7,4,2,1,6,1,83,11,1968,2,11,-1,3,-1
2017621700909,1,9,0,16,0,0,0,0,1,2,1,1,2,1,45,7,1995,2,8,-1,2,-1
2017621700910,1,3,0,5,0,6,0,0,0,0,2,1,6,1,26,6,124,1,14,-1,1,-1
2017621700910,2,9,0,5,0,6,0,0,0,0,1,1,6,2,20,4,1349,1,9,-1,1,-1
2017621700911,1,3,0,18,0,0,0,0,0,0,4,1,6,1,25,5,124,1,3,-1,1,-1
2017621700911,2,3,0,18,0,0,0,0,0,0,3,1,6,1,30,6,125,1,1,-1,1,-1
2017621700912,1,9,0,4,0,1,0,0,0,0,1,1,6,1,26,6,1596,1,9,-1,1,-1
2017621700912,2,9,0,4,0,1,0,0,0,0,2,1,6,1,65,9,1997,2,5,-1,1,-1
2017621700912,3,9,0,4,0,1,0,0,0,0,2,1,6,2,19,4,1397,1,9,-1,2,-1
2017621700912,4,9,0,4,0,1,0,0,0,0,2,1,6,1,65,9,1968,2,7,-1,3,-1
2017621700913,1,19,0,5,0,0,0,0,0,0,4,1,6,1,46,8,2198,2,6,-1,1,-1
2017621700913,2,2,0,18,0,0,0,0,0,0,1,1,6,1,61,9,49,1,-1,-1,1,-1
2017621700914,1,9,0,11,0,0,0,0,0,0,4,1,1,1,24,5,1197,1,1,-1,2,-1
2017621700914,2,5,0,18,0,0,0,0,0,0,3,1,1,1,52,8,1170,1,5,-1,2,-1
2017621700915,1,19,0,5,0,1,0,0,0,0,1,1,1,2,27,6,1995,2,3,-1,1,-1
2017621700915,2,5,0,3,0,1,0,0,0,0,2,1,6,1,37,7,1690,1,4,-1,1,-1
2017621700916,1,9,0,9,0,5,0,0,0,0,1,1,6,1,59,9,2967,2,4,-1,1,-1
2017621700916,2,1,0,18,0,8,0,0,0,0,1,1,6,1,50,8,-1,-1,-1,-1,2,-1
2017621700917,1,9,0,12,0,0,0,0,4,6,3,1,6,1,62,9,2184,2,7,-1,1,-1
2017621700917,2,9,0,18,0,0,0,0,4,6,4,1,2,1,24,5,1596,1,1,-1,2,-1
2017621700917,3,9,0,18,0,0,0,0,0,0,3,1,6,1,63,9,1242,1,5,-1,2,-1
2017621700918,1,9,0,18,0,0,2,4,1,4,1,1,6,1,26,6,2143,2,5,-1,1,-1
2017621700918,2,9,0,2,9,0,0,0,0,0,2,1,6,3,-1,-1,1896,2,15,-1,-1,-1
2017621700918,3,9,0,2,9,0,0,0,0,0,2,1,6,3,-1,-1,1618,1,1,-1,-1,-1
2017621700919,1,9,0,18,0,0,2,0,7,9,3,1,6,1,27,6,1988,1,17,-1,1,-1
2017621700920,1,9,0,9,0,6,0,7,0,0,3,1,2,2,18,4,1364,1,2,-1,1,-1
2017621700921,1,9,0,18,0,0,0,0,0,0,1,1,2,1,57,9,998,1,7,-1,1,-1
2017621700921,2,20,0,5,0,0,0,0,0,0,2,1,2,1,45,7,-1,-1,-1,-1,1,-1
2017621700922,1,3,0,18,0,1,1,0,0,0,1,1,6,1,30,6,124,1,4,-1,1,-1
2017621700923,1,9,0,17,0,0,0,10,1,2,1,1,2,1,36,7,1560,2,3,-1,3,-1
2017621700924,1,9,0,18,0,0,0,0,0,0,4,1,6,1,24,5,1388,1,12,-1,1,-1
2017621700925,1,9,0,18,0,1,0,0,0,0,1,1,6,2,59,9,1796,1,9,-1,3,-1
2017621700925,2,9,0,10,0,1,0,0,0,0,2,1,6,1,53,8,1200,1,2,-1,1,-1
2017621700926,1,1,0,18,0,1,0,0,0,0,1,1,6,1,37,7,-1,-1,-1,-1,1,-1
2017621700926,2,9,0,3,0,1,0,0,0,0,2,1,6,1,46,8,2000,1,8,-1,1,-1
2017621700927,1,3,0,7,0,2,1,0,0,0,0,1,6,1,27,6,124,1,2,-1,1,-1
2017621700928,1,9,0,13,0,0,5,0,1,0,1,1,6,1,21,5,1497,1,13,-1,1,-1
2017621700929,1,9,0,4,0,0,0,0,0,0,1,1,6,2,69,10,1598,1,-1,-1,2,-1
2017621700929,2,9,0,3,0,0,0,0,0,0,2,1,6,2,45,7,1364,1,1,-1,1,-1
2017621700929,3,9,0,3,0,0,0,0,0,0,2,1,6,2,59,9,1364,1,9,-1,1,-1
2017621700930,1,9,0,18,0,0,0,0,0,0,4,1,6,3,-1,-1,-1,-1,-1,-1,-1,-1
2017621700931,1,8,0,7,0,5,0,0,0,0,4,1,6,1,28,6,1598,2,-1,-1,1,-1
2017621700931,2,1,0,18,0,8,0,0,0,0,3,1,6,1,22,5,-1,-1,-1,5,3,5
2017621700932,1,5,0,18,0,0,0,0,7,0,1,1,6,1,22,5,600,1,17,-1,1,-1
2017621700932,2,9,0,18,0,0,0,0,0,0,2,1,6,2,42,7,1108,1,11,-1,1,-1
2017621700933,1,5,0,13,0,1,0,0,0,0,1,1,6,1,26,6,599,1,15,-1,1,-1
2017621700933,2,9,0,9,0,5,0,0,0,0,3,1,6,2,17,4,1364,2,4,-1,1,-1
2017621700934,1,9,0,13,0,0,0,0,0,0,1,1,6,1,25,5,1299,1,14,-1,2,-1
2017621700934,2,9,0,18,0,0,0,0,1,0,1,1,6,2,43,7,1461,2,1,-1,2,-1
2017621700934,3,9,0,18,0,0,0,0,0,0,0,1,6,2,27,6,1910,2,10,-1,2,-1
2017621700935,1,9,0,18,0,2,0,0,0,0,4,1,6,2,17,4,998,1,4,-1,1,-1
2017621700936,1,9,0,18,0,8,0,0,0,0,1,1,6,2,32,6,1596,1,9,-1,1,-1
2017621700936,2,1,0,18,0,8,0,0,0,0,4,1,6,2,42,7,-1,-1,-1,-1,1,-1
2017621700937,1,9,0,5,0,8,0,0,0,0,1,1,6,1,20,4,1598,1,11,-1,1,-1
2017621700937,2,9,0,15,0,8,0,0,0,0,1,1,6,2,33,6,1398,2,10,-1,1,-1
2017621700938,1,1,0,18,0,1,0,0,0,0,1,1,6,1,19,4,-1,-1,-1,-1,1,-1
2017621700938,2,9,0,5,0,6,0,0,0,0,4,1,1,1,50,8,1390,1,3,-1,1,-1
2017621700939,1,5,0,7,0,1,0,0,0,0,4,1,6,1,44,7,999,1,4,-1,2,-1
2017621700940,1,9,0,18,0,4,0,0,0,0,1,1,6,2,45,7,2204,2,10,-1,1,-1
2017621700940,2,1,0,18,0,8,0,0,0,0,1,1,6,1,56,9,-1,-1,-1,-1,1,-1
2017621700941,1,5,0,13,0,0,1,7,8,10,2,1,6,1,37,7,929,1,16,-1,1,-1
2017621700942,1,4,0,18,0,8,1,0,0,0,4,1,2,2,29,6,125,1,1,-1,2,-1
2017621700942,2,9,0,10,0,8,0,0,0,0,1,1,2,1,19,4,1149,1,12,-1,1,-1
2017621700943,1,9,0,17,0,0,0,10,8,11,4,1,6,1,18,4,1995,2,4,-1,1,-1
2017621700944,1,3,0,13,0,8,0,0,0,0,1,1,6,1,29,6,124,1,12,-1,1,-1
2017621700944,2,9,0,9,0,8,0,0,0,0,3,1,6,1,39,7,1388,1,7,-1,1,-1
2017621700945,1,9,0,13,0,0,0,0,0,0,4,1,6,1,27,6,1390,1,8,-1,1,-1
2017621700945,2,9,0,18,0,0,0,0,0,0,0,1,6,2,28,6,998,1,4,-1,1,-1
2017621700945,3,1,0,18,0,0,0,0,0,0,3,1,6,1,41,7,-1,-1,-1,-1,1,-1
2017621700946,1,9,0,18,0,0,0,0,0,0,1,1,6,2,19,4,1328,1,8,-1,1,-1
2017621700946,2,9,0,4,0,0,0,0,0,0,2,1,6,2,69,10,1248,1,4,-1,1,-1
2017621700947,1,9,0,18,0,0,5,10,2,2,4,2,6,2,41,7,1242,1,11,-1,1,-1
2017621700947,2,9,0,18,0,0,0,0,0,0,3,1,6,1,42,7,2151,2,15,-1,3,-1
2017621700948,1,9,0,18,0,0,0,0,0,0,1,1,6,1,18,4,1199,2,6,-1,1,-1
2017621700948,2,5,0,4,0,0,0,0,0,0,3,1,6,1,26,6,680,1,7,-1,1,-1
2017621700948,3,9,0,4,0,0,0,0,0,0,2,1,6,1,78,11,2319,1,15,-1,1,-1
2017621700949,1,90,0,18,0,0,0,0,0,0,3,1,6,2,23,5,-1,-1,-1,-1,3,-1
2017621700949,2,9,0,18,0,0,0,0,2,10,3,1,2,1,38,7,1461,2,1,-1,3,-1
2017621700950,1,9,0,12,0,0,0,0,0,0,4,1,6,1,69,10,1242,1,10,-1,1,-1
2017621700951,1,9,0,18,0,0,0,0,0,0,1,1,6,1,19,4,1242,1,1,-1,1,-1
2017621700951,2,9,0,4,0,0,0,0,1,7,2,1,6,2,66,10,1560,2,4,-1,1,-1
2017621700952,1,1,0,18,9,0,0,0,0,0,1,1,6,3,-1,-1,-1,-1,-1,-1,-1,-1
2017621700952,2,9,0,2,0,0,0,0,0,0,1,1,6,3,-1,-1,1398,1,-1,-1,-1,-1
2017621700953,1,9,0,18,9,0,1,0,5,2,3,1,6,1,18,4,2494,1,16,-1,1,-1
2017621700954,1,19,0,7,0,1,0,0,0,11,1,1,1,1,44,7,2287,2,6,-1,1,-1
2017621700955,1,19,0,18,0,1,1,0,0,0,1,1,1,1,32,6,2198,2,5,-1,1,-1
2017621700955,2,9,0,3,0,8,0,0,0,0,2,1,2,1,23,5,1242,1,3,-1,1,-1
2017621700955,3,9,0,10,0,8,0,0,0,0,2,1,3,2,40,7,1560,2,12,-1,1,-1
2017621700956,1,9,0,13,0,8,0,0,0,0,4,1,6,1,27,6,1968,2,1,-1,1,-1
2017621700956,2,9,0,9,0,5,5,0,7,2,3,1,6,1,34,6,1598,2,5,-1,1,-1
2017621700957,1,9,0,16,0,1,0,0,0,0,1,1,6,2,55,8,1997,2,6,-1,1,-1
2017621700957,2,9,0,17,0,1,0,0,0,0,1,1,6,2,49,8,1596,1,10,-1,1,-1
2017621700958,1,9,0,5,0,4,0,0,0,0,1,1,6,2,67,10,2656,1,14,-1,1,-1
2017621700958,2,1,0,18,0,8,0,0,0,0,1,1,6,1,47,8,-1,-1,-1,-1,2,-1
2017621700959,1,9,0,16,0,0,2,0,1,9,1,1,6,1,25,5,2143,2,-1,-1,-1,-1
2017621700959,2,9,0,3,0,0,0,0,0,0,2,1,6,2,46,8,1995,2,-1,-1,1,-1
2017621700960,1,1,0,18,0,0,0,0,0,0,1,1,6,3,-1,-1,-1,-1,-1,-1,-1,-1
2017621700961,1,9,0,5,0,1,0,0,0,0,1,1,6,1,27,6,1242,1,5,-1,2,-1
2017621700961,2,9,0,4,0,1,0,0,0,0,2,1,2,2,19,4,1242,1,2,-1,3,-1
2017621700962,1,9,0,9,0,5,0,0,0,0,4,1,6,1,69,10,2143,2,2,-1,1,-1
2017621700962,2,1,0,18,0,1,0,0,0,0,1,1,6,1,44,7,-1,-1,-1,-1,1,-1
2017621700963,1,9,0,18,0,8,0,0,0,0,1,1,6,1,23,5,1124,1,11,-1,1,-1
2017621700963,2,9,0,9,0,8,0,0,0,0,4,1,6,1,19,4,1997,2,10,-1,1,-1
2017621700964,1,9,0,18,0,1,0,0,0,0,1,1,6,1,23,5,1968,2,5,-1,1,-1
2017621700964,2,1,0,18,0,1,0,0,0,0,2,1,6,2,25,5,-1,-1,-1,-1,1,-1
2017621700965,1,90,0,18,0,1,1,0,0,0,1,1,6,1,27,6,-1,-1,-1,-1,1,-1
2017621700965,2,9,0,3,0,1,0,0,0,0,0,1,6,2,72,10,998,1,6,-1,1,-1
2017621700966,1,9,0,18,0,8,0,0,0,0,1,1,6,2,69,10,1975,1,9,-1,3,-1
2017621700966,2,9,0,9,0,6,0,0,0,0,3,1,6,2,56,9,1587,1,10,-1,1,-1
2017621700967,1,9,0,18,0,1,0,0,0,0,1,1,6,2,25,5,998,1,10,-1,1,-1
2017621700967,2,9,0,4,0,1,0,0,0,0,2,1,6,1,40,7,1796,1,7,-1,1,-1
2017621700968,1,9,0,17,0,0,5,10,2,10,4,1,6,1,17,4,1242,1,10,-1,1,-1
2017621700969,1,11,0,5,0,0,0,0,0,0,4,1,1,1,64,9,8268,2,14,-1,1,-1
2017621700970,1,9,0,18,0,0,0,0,0,0,1,1,6,2,21,5,999,1,2,-1,1,-1
2017621700971,1,9,0,18,0,3,0,0,0,7,4,1,6,1,22,5,1995,2,4,-1,1,-1
2017621700971,2,9,0,18,0,8,0,0,0,0,3,1,6,2,73,10,1339,1,5,-1,1,-1
2017621700972,1,9,0,18,0,1,1,0,0,0,1,1,6,2,52,8,1461,2,10,-1,1,-1
2017621700972,2,9,0,4,0,1,0,0,7,0,2,1,1,2,27,6,1242,1,16,-1,1,-1
2017621700973,1,9,0,18,0,1,0,0,0,0,2,1,6,3,-1,-1,998,1,11,-1,-1,-1
2017621700973,2,1,0,18,0,1,0,0,0,0,1,1,6,2,36,7,-1,-1,-1,-1,1,-1
2017621700974,1,10,0,7,0,8,0,0,0,0,4,1,6,2,32,6,2402,2,12,-1,1,-1
2017621700974,2,1,0,18,0,8,0,0,0,0,1,1,6,1,47,8,-1,-1,-1,-1,1,-1
2017621700975,1,1,0,18,0,8,1,0,0,0,2,1,6,1,20,4,-1,-1,-1,-1,1,-1
2017621700975,2,9,0,18,0,8,0,0,0,0,4,1,6,2,29,6,1560,2,4,-1,1,-1
2017621700976,1,9,0,5,0,4,0,0,0,0,1,1,6,1,39,7,1396,1,3,-1,2,-1
2017621700976,2,1,0,18,0,8,0,0,0,0,4,1,6,1,50,8,-1,-1,-1,-1,1,-1
2017621700977,1,9,0,18,0,0,0,0,0,0,4,1,6,3,-1,-1,-1,-1,-1,-1,-1,-1
2017621700977,2,1,0,18,0,0,0,0,0,0,3,1,6,2,43,7,-1,-1,-1,-1,3,-1
2017621700978,1,9,0,18,0,2,0,0,0,0,3,1,6,2,22,5,1229,1,7,-1,2,-1
2017621700978,2,9,0,18,0,1,1,0,0,0,3,1,6,1,18,4,-1,-1,-1,-1,1,-1
2017621700979,1,19,0,14,0,0,0,0,0,0,1,1,6,1,31,6,1995,2,1,-1,1,-1
2017621700980,1,9,0,10,0,8,0,0,0,0,1,1,6,1,67,10,1796,1,11,-1,3,-1
2017621700980,2,9,0,18,0,8,0,0,0,0,1,1,6,2,18,4,1398,1,1,-1,1,-1
2017621700981,1,9,0,18,0,6,0,0,0,0,1,1,6,1,36,7,1910,2,10,-1,1,-1
2017621700981,2,9,0,18,0,8,0,0,0,0,2,1,6,1,51,8,1242,1,-1,-1,1,-1
2017621700982,1,9,0,18,0,2,0,0,0,0,1,1,6,1,37,7,1398,1,5,-1,1,-1
2017621700983,1,9,0,5,0,4,0,0,0,0,1,1,6,2,49,8,2777,2,10,-1,1,-1
2017621700983,2,9,0,18,0,8,0,0,0,0,4,1,2,1,33,6,1149,1,8,-1,1,-1
2017621700984,1,9,0,5,0,1,0,0,0,0,1,1,3,1,65,9,2720,2,9,-1,3,-1
2017621700984,2,1,0,18,0,1,0,0,0,0,4,1,6,1,53,8,-1,-1,-1,-1,1,-1
2017621700985,1,9,0,7,0,1,0,0,0,0,4,1,6,2,48,8,1560,2,5,-1,1,-1
2017621700985,2,1,0,18,0,1,0,0,0,0,3,1,2,1,40,7,-1,-1,-1,-1,2,-1
2017621700986,1,8,0,18,0,0,0,4,0,0,4,1,1,1,70,10,1598,2,6,-1,1,-1
2017621700986,2,9,0,2,0,0,0,0,0,0,3,1,6,3,-1,-1,1999,1,10,-1,-1,-1
2017621700987,1,9,0,1,0,1,0,0,0,0,2,1,1,1,34,6,1896,2,15,-1,1,-1
2017621700988,1,9,0,5,0,0,0,0,0,0,3,1,6,1,33,6,1598,1,11,-1,1,-1
2017621700988,2,9,0,18,0,0,0,0,0,0,4,1,6,2,88,11,996,1,5,-1,1,-1
2017621700989,1,5,0,16,0,0,0,0,0,0,1,1,6,1,52,8,645,1,4,-1,1,-1
2017621700989,2,9,0,17,0,0,1,0,0,0,3,1,6,1,50,8,2179,2,9,-1,-1,-1
2017621700990,1,1,0,18,0,2,0,0,0,0,1,1,6,1,19,4,-1,-1,-1,-1,2,-1
2017621700990,2,9,0,18,0,1,0,0,0,0,1,1,6,1,43,7,1590,1,13,-1,1,-1
2017621700991,1,9,0,18,0,0,0,4,0,0,1,1,6,1,42,7,1598,2,-1,-1,1,-1
2017621700991,2,9,0,2,0,0,0,0,0,0,2,1,6,3,-1,-1,1986,1,24,-1,-1,-1
2017621700991,3,9,0,2,0,0,0,0,0,0,2,1,6,3,-1,-1,1499,2,3,-1,-1,-1
2017621700992,1,9,0,12,0,0,1,0,4,6,1,1,2,2,32,6,1598,1,11,-1,1,-1
2017621700993,1,8,0,18,0,8,1,10,7,4,1,1,1,1,45,7,1686,2,3,-1,1,-1
2017621700993,2,8,0,9,0,8,0,0,0,0,3,1,1,1,45,7,1598,2,4,-1,1,-1
2017621700994,1,19,0,9,0,1,0,0,0,0,1,1,2,1,74,10,2477,2,14,-1,3,-1
2017621700994,2,5,0,18,0,1,0,0,0,0,1,1,6,1,33,6,583,1,16,-1,1,-1
2017621700995,1,9,0,3,0,1,0,0,0,0,1,1,6,1,37,7,1951,2,12,-1,3,-1
2017621700995,2,9,0,18,0,1,0,0,0,0,2,1,6,2,40,7,1590,1,3,-1,1,-1
2017621700996,1,9,0,5,0,4,0,0,0,0,1,1,6,1,68,10,1587,1,16,-1,1,-1
2017621700996,2,9,0,4,0,4,0,0,0,0,2,1,6,2,28,6,1242,1,4,-1,1,-1
2017621700997,1,9,0,5,0,6,0,0,0,0,1,1,6,2,21,5,998,1,3,-1,1,-1
2017621700997,2,1,0,18,0,1,0,0,0,0,4,1,6,2,48,8,-1,-1,-1,-1,1,-1
2017621700999,1,9,0,18,0,4,0,0,0,0,3,1,6,2,20,4,998,1,3,-1,1,-1
2017621700999,2,9,0,18,0,3,0,0,0,0,4,1,6,2,45,7,1197,1,8,-1,3,-1
2017621700999,3,9,0,2,0,1,0,0,0,0,4,1,6,3,-1,-1,1598,1,17,-1,-1,-1
2017621701000,1,9,0,18,0,8,0,0,0,0,1,1,6,1,25,5,1598,1,14,-1,1,-1
2017621701000,2,9,0,5,0,8,0,0,0,0,1,1,2,1,46,8,998,1,2,-1,1,-1
2017621701001,1,9,0,18,0,0,0,0,1,3,1,1,6,1,66,10,1997,2,4,-1,3,-1
2017621701002,1,9,0,9,0,8,0,0,0,0,1,1,6,1,21,5,1242,1,11,-1,1,-1
2017621701002,2,1,0,18,0,8,0,0,0,0,1,1,6,1,18,4,-1,-1,-1,-1,1,-1
2017621701003,1,1,0,17,0,0,0,0,0,0,1,1,6,1,24,5,-1,-1,-1,-1,1,-1
2017621701004,1,9,0,9,0,8,5,7,0,0,3,1,6,2,26,6,2184,2,8,-1,1,-1
2017621701005,1,9,0,18,0,0,0,0,0,0,1,1,6,3,-1,-1,-1,-1,-1,-1,-1,-1
2017621701006,1,8,0,5,0,6,0,0,0,0,3,1,1,1,62,9,1598,2,2,-1,1,-1
2017621701006,2,9,0,18,0,2,0,0,0,0,1,1,6,1,45,7,1600,1,12,-1,1,-1
2017621701007,1,9,0,18,0,0,0,0,0,0,1,1,6,2,22,5,1229,1,2,-1,1,-1
2017621701007,2,9,0,3,0,0,0,0,0,0,2,1,6,2,51,8,1997,2,10,-1,1,-1
2017621701008,1,9,0,10,0,6,0,0,0,0,0,1,6,1,59,9,3498,1,12,-1,1,-1
2017621701008,2,5,0,18,0,8,0,4,0,0,1,1,6,1,32,6,599,1,16,-1,1,-1
2017621701008,3,9,0,2,0,2,0,0,0,0,1,1,6,3,-1,-1,1360,1,11,-1,-1,-1
2017621701009,1,9,0,4,0,4,0,0,0,0,1,1,6,2,61,9,1997,1,7,-1,1,-1
2017621701009,2,9,0,3,0,4,0,0,0,0,2,1,2,2,70,10,1242,1,5,-1,1,-1
2017621701010,1,9,0,17,0,0,1,0,0,0,1,1,6,2,18,4,1299,1,13,-1,1,-1
2017621701010,2,9,0,16,0,0,0,0,0,0,1,1,6,1,52,8,-1,-1,-1,-1,2,-1
2017621701011,1,9,0,4,0,1,0,0,0,0,1,1,6,2,27,6,1598,1,4,-1,1,-1
2017621701011,2,8,0,3,0,1,0,0,0,0,2,1,1,1,42,7,1896,2,10,-1,1,-1
2017621701013,1,9,0,7,0,6,0,0,0,0,1,1,6,2,35,6,1242,1,2,-1,2,-1
2017621701013,2,3,0,18,0,8,0,0,0,0,1,1,6,1,20,4,125,1,1,-1,1,-1
2017621701014,1,9,0,18,0,8,0,0,0,0,1,1,6,1,19,4,1124,1,10,-1,2,-1
2017621701014,2,9,0,9,0,5,0,0,0,0,1,1,6,1,57,9,1598,2,2,-1,2,-1
2017621701015,1,9,0,18,0,0,0,0,0,0,3,1,6,1,49,8,2143,2,4,-1,1,-1
2017621701015,2,9,0,18,0,0,0,0,0,0,1,1,6,1,39,7,1896,2,12,-1,3,-1
2017621701016,1,9,0,4,0,0,1,2,0,2,1,1,2,2,31,6,1242,1,1,-1,1,-1
2017621701016,2,9,0,3,0,0,0,0,0,0,2,1,6,2,67,10,1499,2,4,-1,1,-1
2017621701017,1,5,0,18,0,0,0,0,0,0,4,1,6,1,55,8,998,1,15,2,1,2
2017621701018,1,9,0,1,0,8,0,4,0,0,2,1,6,2,82,11,1390,1,3,-1,1,-1
2017621701018,2,20,0,2,0,1,0,0,0,0,3,1,6,3,-1,-1,-1,-1,-1,-1,-1,-1
2017621701018,3,9,0,2,0,1,0,0,0,0,4,1,6,3,-1,-1,-1,-1,-1,-1,-1,-1
2017621701019,1,4,0,18,0,0,0,0,0,0,0,1,6,1,32,6,1255,1,9,-1,2,-1
2017621701020,1,9,0,18,0,0,5,0,1,9,3,1,6,2,32,6,1398,2,13,-1,1,-1
2017621701021,1,9,0,9,0,8,0,0,0,0,4,1,6,2,53,8,1360,1,13,-1,1,-1
2017621701021,2,9,0,18,0,8,0,0,0,0,1,1,6,2,35,6,1461,2,6,-1,1,-1