Accident_Index,Vehicle_Reference,Vehicle_Type,Towing_and_Articulation,Vehicle_Manoeuvre,Vehicle_Location-Restricted_Lane,Junction_Location,Skidding_and_Overturning,Hit_Object_in_Carriageway,Vehicle_Leaving_Carriageway,Hit_Object_off_Carriageway,1st_Point_of_Impact,Was_Vehicle_Left_Hand_Drive?,Journey_Purpose_of_Driver,Sex_of_Driver,Age_of_Driver,Age_Band_of_Driver,Engine_Capacity_(CC),Propulsion_Code,Age_of_Vehicle,Driver_IMD_Decile,Driver_Home_Area_Type,Vehicle_IMD_Decile
2017621701172,2,9,0,18,0,1,0,0,0,0,4,1,6,2,19,4,1242,1,5,-1,1,-1
2017621701173,1,9,0,18,0,1,1,0,0,0,1,1,6,1,30,6,1968,2,3,-1,1,-1
2017621701173,2,9,0,4,0,1,0,0,0,0,2,1,6,1,68,10,1994,2,12,-1,1,-1
2017621701174,1,9,0,18,0,0,0,0,0,0,1,1,2,1,63,9,1598,1,5,-1,1,-1
2017621701175,1,9,0,18,0,1,2,0,1,11,3,1,6,1,19,4,1388,1,10,-1,1,-1
2017621701175,2,9,0,2,0,2,0,0,0,0,4,1,6,3,-1,-1,1197,1,3,-1,-1,-1
2017621701176,1,1,0,18,0,0,0,0,0,0,1,1,6,1,10,2,-1,-1,-1,-1,1,-1
2017621701176,2,9,0,18,0,0,0,0,0,0,1,1,6,1,34,6,1560,2,7,-1,1,-1
2017621701177,1,9,0,5,0,6,0,0,0,0,1,1,6,1,18,4,1390,1,13,-1,1,-1
2017621701177,2,9,0,4,0,2,0,0,0,0,2,1,6,1,69,10,1461,2,-1,-1,1,-1
2017621701178,1,9,0,9,0,6,0,0,0,0,1,1,2,2,40,7,1086,1,11,-1,1,-1
2017621701178,2,9,0,18,0,1,0,0,1,11,4,1,2,1,53,8,1995,2,10,-1,3,-1
2017621701179,1,9,0,17,0,2,0,0,1,10,1,1,6,2,20,4,1685,2,1,-1,1,-1
2017621701180,1,19,0,18,0,0,0,0,0,0,4,1,6,3,-1,-1,-1,-1,-1,-1,-1,-1
2017621701181,1,9,0,18,0,1,0,0,0,0,1,1,6,3,-1,-1,-1,-1,-1,-1,-1,-1
2017621701181,2,9,0,10,0,1,0,0,0,0,2,1,6,1,27,6,1242,1,5,-1,1,-1
2017621701182,1,9,0,18,0,0,0,0,0,0,1,1,6,1,61,9,1997,2,1,-1,1,-1
2017621701182,2,9,0,2,0,0,0,0,0,0,4,1,6,3,-1,-1,2204,2,9,-1,-1,-1
2017621701182,3,9,0,2,0,0,0,0,0,0,0,1,6,3,-1,-1,1591,1,2,-1,-1,-1
2017621701183,1,9,0,10,0,6,0,0,0,0,3,1,6,2,52,8,2987,2,8,-1,1,-1
2017621701183,2,9,0,18,0,1,0,0,0,0,4,1,6,2,51,8,1598,2,1,-1,1,-1
2017621701184,1,9,0,18,0,0,0,0,0,0,2,1,6,1,48,8,1999,1,7,-1,2,-1
2017621701184,2,9,0,18,0,0,0,0,0,0,2,1,1,2,54,8,1248,1,4,-1,1,-1
2017621701184,3,9,0,18,0,0,0,0,0,0,1,1,2,1,30,6,1995,2,11,-1,1,-1
2017621701185,1,9,0,2,9,1,0,0,1,11,2,1,6,3,-1,-1,2497,2,17,-1,-1,-1
2017621701186,1,9,0,4,0,1,0,0,0,0,1,1,6,2,49,8,998,1,3,-1,1,-1
2017621701186,2,9,0,3,0,1,0,0,0,0,2,1,6,2,20,4,1242,1,8,-1,1,-1
2017621701187,1,9,0,5,0,0,0,0,0,0,3,1,6,2,50,8,1598,1,11,-1,1,-1
2017621701187,2,2,0,18,0,0,0,0,0,0,4,1,6,2,46,8,124,1,1,-1,1,-1
2017621701188,1,9,0,18,0,4,0,0,0,0,3,1,1,1,45,7,1560,2,4,-1,2,-1
2017621701188,2,5,0,17,0,8,0,0,0,0,4,1,6,1,63,9,647,1,19,-1,2,-1
2017621701189,1,9,0,4,0,0,0,0,0,0,1,1,6,1,54,8,1598,1,18,-1,1,-1
2017621701189,2,9,0,4,0,0,0,0,0,0,2,1,6,2,36,7,1685,2,2,-1,1,-1
2017621701190,1,9,0,18,0,0,0,0,1,2,1,1,6,1,36,7,1368,1,8,-1,1,-1
2017621701191,1,9,0,18,0,8,0,0,0,0,4,1,6,1,82,11,1798,1,13,7,3,7
2017621701191,2,11,0,18,0,8,0,0,0,0,3,1,1,1,32,6,9000,2,9,-1,1,-1
2017621701192,1,3,0,7,0,8,1,0,0,0,1,1,6,1,28,6,125,1,-1,-1,1,-1
2017621701192,2,11,0,18,0,1,0,0,0,0,3,1,1,1,38,7,3900,2,15,-1,1,-1
2017621701193,1,9,0,5,0,4,0,0,0,0,3,1,6,1,64,9,1461,2,2,-1,1,-1
2017621701193,2,1,0,18,0,8,0,0,0,0,1,1,6,1,36,7,-1,-1,-1,8,1,8
2017621701194,1,9,0,1,0,1,0,0,0,0,2,1,6,2,38,7,1248,1,2,-1,1,-1
2017621701195,1,9,0,16,0,7,0,4,0,0,1,1,6,1,42,7,2171,2,13,-1,1,-1
2017621701195,2,9,0,2,0,7,0,0,0,0,2,1,1,1,47,8,2993,2,1,-1,1,-1
2017621701196,1,5,0,16,0,0,0,0,0,0,1,1,6,1,37,7,998,1,12,-1,1,-1
2017621701196,2,9,0,17,0,0,0,0,0,0,1,1,6,1,83,11,1398,1,3,-1,2,-1
2017621701197,1,9,0,16,0,1,0,0,0,0,3,1,6,1,70,10,1560,2,2,-1,1,-1
2017621701197,2,9,0,2,0,1,0,0,0,0,4,1,6,3,-1,-1,1598,2,3,-1,-1,-1
2017621701198,1,4,0,17,0,0,1,0,1,7,1,1,6,1,20,4,487,1,9,-1,1,-1
2017621701199,1,90,0,18,0,0,5,0,2,10,1,1,6,1,72,10,2287,2,1,-1,1,-1
2017621701200,1,9,0,4,0,1,0,0,0,0,1,1,6,2,76,11,998,1,18,-1,1,-1
2017621701200,2,9,0,3,0,1,0,0,0,0,2,1,2,2,28,6,1598,1,3,-1,1,-1
2017621701200,3,9,0,3,0,1,0,0,0,0,2,1,1,1,31,6,1560,2,1,-1,1,-1
2017621701201,1,9,0,18,0,8,0,0,0,0,1,1,6,1,38,7,2204,2,8,-1,1,-1
2017621701201,2,9,0,18,0,8,0,0,0,0,4,1,6,1,20,4,1598,1,7,-1,1,-1
2017621701201,3,9,0,2,0,1,0,0,0,0,1,1,6,3,-1,-1,1200,1,-1,-1,-1,-1
2017621701201,4,9,0,2,0,1,0,0,0,0,2,1,6,3,-1,-1,1686,2,3,-1,-1,-1
2017621701203,1,2,0,18,0,1,1,0,0,0,1,1,6,1,20,4,125,1,11,-1,1,-1
2017621701203,2,9,0,9,0,1,0,0,0,0,2,1,6,1,40,7,1794,1,13,-1,1,-1
2017621701204,1,3,0,18,0,0,0,10,1,2,1,1,6,1,35,6,124,1,-1,-1,1,-1
2017621701204,2,9,0,2,0,0,0,0,0,0,2,1,6,3,-1,-1,1598,1,10,-1,-1,-1
2017621701205,1,9,0,16,0,0,0,10,1,11,1,1,6,1,22,5,998,1,13,-1,1,-1
2017621701206,1,9,0,18,0,0,0,0,0,0,1,1,6,1,35,6,1968,2,5,-1,1,-1
2017621701206,2,9,0,18,0,0,0,0,0,0,2,1,6,3,-1,-1,-1,-1,-1,-1,-1,-1
2017621701207,1,9,0,5,0,0,0,0,0,0,3,1,1,1,59,9,2199,2,2,-1,1,-1
2017621701207,2,11,0,18,0,0,0,0,0,0,4,1,1,1,46,8,-1,-1,-1,-1,1,-1
2017621701208,1,19,0,18,0,0,0,0,0,0,1,1,1,1,41,7,2298,2,1,-1,2,-1
2017621701208,2,9,0,18,0,0,0,0,0,0,2,1,6,2,30,6,1686,2,9,-1,1,-1
2017621701209,1,9,0,18,0,0,0,6,0,0,1,1,2,2,23,5,1598,1,15,-1,1,-1
2017621701210,1,9,0,9,0,6,0,0,0,0,1,1,6,2,31,6,1598,2,7,-1,1,-1
2017621701210,2,8,0,18,0,1,0,0,0,0,4,1,1,1,49,8,2987,2,5,-1,1,-1
2017621701211,1,9,0,18,0,0,0,0,0,0,1,1,6,1,37,7,2993,2,3,-1,2,-1
2017621701212,1,9,0,18,0,0,0,0,0,0,1,1,6,2,26,6,1499,2,1,-1,1,-1
2017621701212,2,9,0,4,0,0,0,0,0,0,2,1,6,2,52,8,1598,1,8,5,1,5
2017621701213,1,9,0,18,0,0,0,0,0,0,1,1,2,2,33,6,1498,1,-1,-1,1,-1
2017621701214,1,9,0,18,0,0,5,0,1,0,1,1,6,1,53,8,1798,2,6,-1,1,-1
2017621701215,1,19,0,1,0,0,0,0,0,0,3,1,1,1,48,8,2143,2,7,-1,1,-1
2017621701216,1,3,0,14,0,0,0,7,0,0,1,1,6,1,22,5,-1,-1,-1,-1,1,-1
2017621701217,1,9,0,17,0,0,2,0,7,9,1,1,1,1,28,6,1390,1,10,-1,1,-1
2017621701218,1,8,0,7,0,8,0,0,0,0,3,1,1,1,60,9,1896,2,9,-1,1,-1
2017621701218,2,9,0,10,0,8,0,0,0,0,3,1,6,1,30,6,995,1,11,-1,1,-1
2017621701219,1,9,0,18,0,0,0,0,0,0,1,1,2,1,26,6,1149,1,10,-1,1,-1
2017621701220,1,9,0,18,0,4,0,0,1,11,1,1,6,2,52,8,-1,3,2,-1,2,-1
2017621701220,2,9,0,18,0,8,0,0,0,0,4,1,6,1,25,5,2000,2,6,-1,1,-1
2017621701221,1,9,0,18,0,0,0,0,0,0,1,1,6,3,-1,-1,1896,2,13,-1,-1,-1
2017621701221,2,9,0,4,0,0,1,0,0,0,2,1,6,2,73,10,1299,1,11,-1,1,-1
2017621701222,1,4,0,16,0,1,0,7,0,0,1,1,6,1,41,7,49,1,12,-1,1,-1
2017621701223,1,9,0,18,0,0,0,10,1,11,1,1,6,2,78,11,996,1,3,-1,3,-1
2017621701224,1,11,0,18,0,1,0,0,0,0,1,1,1,1,39,7,3900,2,14,-1,2,-1
2017621701224,2,9,0,4,0,1,0,0,0,0,2,1,6,2,79,11,1086,1,10,-1,1,-1
2017621701225,1,9,0,18,0,0,0,10,7,11,1,1,6,1,26,6,998,1,12,-1,1,-1
2017621701225,2,9,0,18,0,0,0,0,0,0,3,1,6,1,19,4,1598,2,2,-1,3,-1
2017621701226,1,4,0,18,0,1,1,0,0,0,1,1,6,3,-1,-1,-1,-1,-1,-1,-1,-1
2017621701226,2,9,0,9,0,5,0,0,0,0,3,1,6,1,57,9,1998,1,16,-1,2,-1
2017621701227,1,9,0,18,0,0,0,0,0,0,1,1,6,1,19,4,1242,1,-1,-1,1,-1
2017621701227,2,9,0,5,0,0,0,0,0,0,1,1,6,1,86,11,1242,1,1,-1,3,-1
2017621701228,1,19,0,18,0,6,0,0,0,0,1,1,6,3,-1,-1,-1,-1,-1,-1,-1,-1
2017621701228,2,3,0,18,0,8,0,0,0,0,3,1,6,1,22,5,125,1,1,-1,1,-1
2017621701229,1,9,0,5,0,2,0,0,0,0,3,1,6,1,69,10,1422,1,11,-1,1,-1
2017621701229,2,9,0,18,0,1,1,0,0,0,1,1,6,1,20,4,1396,1,17,-1,1,-1
2017621701230,1,9,0,18,0,1,0,0,0,0,1,1,6,1,23,5,1229,1,4,-1,1,-1
2017621701230,2,9,0,18,0,1,0,0,0,0,4,1,6,1,71,10,1598,1,9,-1,1,-1
2017621701230,3,9,0,2,0,2,0,0,0,0,1,1,6,3,-1,-1,1229,1,2,-1,-1,-1
2017621701231,1,9,0,9,0,6,0,0,0,0,1,1,6,1,26,6,1975,1,14,-1,1,-1
2017621701231,2,8,0,18,0,8,0,0,0,0,1,1,1,1,52,8,1598,2,3,-1,1,-1
2017621701232,1,9,0,18,0,0,2,7,4,0,1,1,6,1,34,6,1995,2,6,-1,1,-1
2017621701233,1,3,0,16,0,1,0,10,7,0,3,1,2,1,23,5,125,1,-1,-1,1,-1
2017621701234,1,19,0,18,0,8,0,0,0,0,1,1,6,1,58,9,1248,2,6,-1,1,-1
2017621701234,2,9,0,18,0,8,0,0,0,0,1,1,6,1,40,7,1995,2,6,-1,1,-1
2017621701235,1,9,0,18,0,0,0,0,0,0,1,1,6,2,31,6,1399,2,14,-1,1,-1
2017621701235,2,20,0,18,0,0,0,0,0,0,1,1,1,1,52,8,-1,-1,-1,-1,1,-1
2017621701236,1,9,0,18,0,0,0,0,0,0,1,1,6,3,-1,-1,1242,1,12,-1,-1,-1
2017621701236,2,9,0,18,0,0,0,0,0,0,1,1,6,2,18,4,1248,2,8,-1,1,-1
2017621701237,1,21,0,18,0,4,0,0,0,0,1,1,1,1,54,8,11946,2,6,-1,1,-1
2017621701237,2,9,0,18,0,8,0,0,0,0,4,1,6,2,45,7,-1,-1,-1,-1,1,-1
2017621701239,1,9,0,18,0,0,2,0,0,0,4,1,6,1,18,4,1242,1,4,-1,1,-1
2017621701240,1,9,0,18,0,3,1,0,1,2,4,1,2,1,26,6,1798,1,11,-1,1,-1
2017621701241,1,9,0,18,0,2,0,0,0,0,1,1,1,1,42,7,1997,2,15,-1,1,-1
2017621701241,2,4,0,18,0,2,0,0,0,0,3,1,1,1,26,6,644,1,8,-1,1,-1
2017621701242,1,9,0,18,0,1,0,0,7,11,4,1,6,1,40,7,1598,1,9,-1,1,-1
2017621701242,2,19,0,18,0,1,0,0,0,0,3,1,1,1,38,7,2198,2,1,-1,1,-1
2017621701242,3,9,0,18,0,1,0,0,0,0,1,1,6,1,23,5,998,1,1,-1,1,-1
2017621701243,1,9,0,18,0,1,5,4,0,0,1,1,6,2,26,6,1598,1,12,-1,2,-1
2017621701243,2,9,0,2,0,1,0,0,0,0,1,1,6,3,-1,-1,1598,2,4,-1,-1,-1
2017621701244,1,9,0,18,0,2,0,0,1,0,4,1,6,1,18,4,1390,1,7,-1,1,-1
2017621701245,1,9,0,18,0,0,5,4,0,0,1,1,6,1,56,9,996,1,6,-1,3,-1
2017621701245,2,9,0,2,0,0,0,0,0,0,2,1,6,3,-1,-1,1360,1,11,-1,-1,-1
2017621701245,3,9,0,2,0,0,0,0,0,0,2,1,6,3,-1,-1,2360,1,9,-1,-1,-1
2017621701246,1,9,0,18,0,4,0,0,0,0,3,1,6,3,-1,-1,-1,-1,-1,-1,-1,-1
2017621701246,2,3,0,18,0,8,0,0,0,0,1,1,2,1,17,4,125,1,8,-1,1,-1
2017621701247,1,9,0,9,0,8,0,0,0,0,4,1,6,1,25,5,1395,1,4,-1,1,-1
2017621701247,2,9,0,18,0,8,0,0,0,0,1,1,6,2,35,6,1329,1,1,-1,1,-1
2017621701248,1,1,0,14,0,1,0,0,0,0,1,1,2,1,26,6,-1,-1,-1,-1,1,-1
2017621701248,2,90,0,18,0,1,0,0,0,0,4,1,6,2,10,2,-1,-1,-1,-1,2,-1
2017621701249,1,9,0,18,0,0,0,0,0,0,1,1,6,2,29,6,1560,2,6,-1,1,-1
2017621701249,2,9,0,18,0,0,0,0,0,0,2,1,6,1,45,7,1798,8,-1,-1,1,-1
2017621701250,1,9,0,9,0,8,0,0,0,0,1,1,6,1,21,5,1149,1,13,-1,1,-1
2017621701250,2,2,0,18,0,8,0,0,0,0,1,1,6,1,41,7,50,1,9,-1,1,-1
2017621701251,1,19,0,9,0,8,0,0,0,0,4,1,6,1,53,8,1995,2,3,-1,1,-1
2017621701251,2,8,0,17,0,8,0,0,0,0,1,1,6,2,37,7,1598,1,9,-1,1,-1
2017621701252,1,9,0,18,0,0,0,0,0,0,1,1,6,1,33,6,1461,2,1,-1,1,-1
2017621701252,2,9,0,14,0,0,0,0,0,0,3,1,6,1,18,4,1596,1,8,-1,1,-1
2017621701253,1,19,0,18,0,8,0,0,0,0,0,1,6,3,-1,-1,-1,-1,-1,-1,-1,-1
2017621701253,2,11,0,18,0,8,0,0,0,0,0,1,1,1,36,7,4500,2,4,-1,1,-1
2017621701254,1,9,0,18,0,0,0,0,0,0,1,1,6,1,41,7,2987,2,2,-1,3,-1
2017621701254,2,9,0,4,0,0,0,0,0,0,2,1,6,1,35,6,1388,1,10,-1,1,-1
2017621701254,3,9,0,4,0,0,0,0,0,0,2,1,6,2,50,8,2987,2,5,-1,1,-1
2017621701255,1,21,0,13,0,0,0,0,0,0,4,1,1,1,45,7,12777,2,3,-1,1,-1
2017621701255,2,1,0,18,0,0,0,0,0,0,3,1,6,1,47,8,-1,-1,-1,-1,1,-1
2017621701256,1,9,0,17,0,0,0,0,0,0,1,1,6,1,26,6,2544,1,17,-1,2,-1
2017621701256,2,9,0,16,0,0,5,0,2,11,1,1,6,2,27,6,-1,-1,-1,-1,1,-1
2017621701257,1,9,0,18,0,4,0,9,3,10,1,1,6,1,42,7,1149,1,9,-1,3,-1
2017621701258,1,9,0,9,0,6,0,0,0,0,1,1,6,1,24,5,1149,1,8,-1,1,-1
2017621701258,2,1,0,18,0,8,0,0,0,0,4,1,6,1,47,8,-1,-1,-1,-1,1,-1
2017621701259,1,9,0,9,0,6,0,0,0,0,1,1,6,1,53,8,1242,1,13,-1,1,-1
2017621701259,2,1,0,18,0,1,0,0,0,0,3,1,6,1,36,7,-1,-1,-1,-1,1,-1
2017621701260,1,9,0,18,0,0,0,0,0,0,1,1,6,1,24,5,1596,1,-1,-1,1,-1
2017621701260,2,9,0,18,0,0,0,0,0,0,2,1,6,1,24,5,1988,1,16,-1,1,-1
2017621701261,1,9,0,7,0,6,0,0,0,0,1,1,6,2,55,8,1798,1,8,-1,1,-1
2017621701261,2,9,0,18,0,1,0,0,0,0,1,1,6,1,67,10,1794,1,16,-1,1,-1
2017621701262,1,9,0,16,0,1,1,0,0,0,1,1,6,2,36,7,1422,2,2,-1,1,-1
2017621701262,2,9,0,3,0,1,0,0,0,0,2,1,6,2,49,8,1968,2,-1,-1,1,-1
2017621701263,1,9,0,4,0,0,0,0,0,0,1,1,6,1,66,10,2993,2,4,-1,1,-1
2017621701263,2,9,0,4,0,0,0,0,0,0,2,1,6,1,31,6,2993,2,7,-1,1,-1
2017621701264,1,9,0,18,0,0,0,0,0,0,1,1,6,1,57,9,-1,3,3,-1,1,-1
2017621701264,2,90,0,18,0,0,0,0,0,0,2,1,1,1,52,8,1461,2,6,-1,2,-1
2017621701265,1,9,0,18,0,4,0,0,0,0,1,1,2,2,33,6,1398,1,6,-1,3,-1
2017621701265,2,9,0,18,0,4,0,0,0,0,4,1,6,1,54,8,1560,2,4,-1,1,-1
2017621701266,1,5,0,7,0,8,0,0,7,0,1,1,6,1,32,6,998,1,-1,-1,2,-1
2017621701266,2,9,0,18,0,8,0,0,0,0,3,1,6,2,52,8,1339,8,6,-1,1,-1
2017621701267,1,2,0,16,0,0,0,0,1,0,3,1,6,1,39,7,124,1,15,-1,1,-1
2017621701267,2,19,0,17,0,0,0,0,0,0,3,1,1,1,56,9,2402,2,10,-1,1,-1
2017621701268,1,9,0,18,0,1,0,0,0,0,1,1,6,3,-1,-1,-1,-1,-1,-1,-1,-1
2017621701269,1,9,0,9,0,6,0,0,0,0,1,1,6,1,21,5,1398,2,7,-1,3,-1
2017621701269,2,9,0,17,0,2,0,0,0,0,1,1,6,2,68,10,1149,1,12,-1,1,-1
2017621701270,1,9,0,9,0,8,0,0,0,0,1,1,1,1,55,8,-1,-1,-1,-1,1,-1
2017621701270,2,9,0,18,0,8,0,0,0,0,1,1,6,2,59,9,1399,2,9,-1,1,-1
2017621701271,1,9,0,18,0,0,0,0,0,0,1,1,6,3,-1,-1,1996,1,17,-1,-1,-1
2017621701271,2,9,0,18,0,0,0,0,0,0,1,1,6,2,38,7,1686,2,10,-1,1,-1
2017621701272,1,9,0,12,0,8,0,0,0,0,3,1,6,1,43,7,2143,2,3,3,1,3
2017621701272,2,5,0,18,0,8,0,0,0,0,4,1,6,1,31,6,998,1,10,-1,1,-1
2017621701273,1,9,0,5,0,1,0,0,0,0,1,1,6,3,-1,-1,1870,2,15,-1,-1,-1
2017621701273,2,8,0,5,0,4,0,0,0,0,2,1,1,1,56,9,1598,2,1,-1,1,-1
2017621701274,1,9,0,18,0,0,0,0,0,0,4,1,6,2,46,8,1685,2,6,-1,1,-1
2017621701275,1,9,0,4,0,0,0,0,0,0,1,1,6,2,20,4,998,1,8,-1,1,-1
2017621701275,2,9,0,3,0,0,0,0,0,0,2,1,6,1,20,4,1242,1,3,-1,1,-1
2017621701275,3,9,0,3,0,0,0,0,0,0,2,1,6,2,20,4,1149,1,11,-1,1,-1
2017621701276,1,1,0,18,0,0,0,0,0,0,1,1,6,1,10,2,-1,-1,-1,-1,1,-1
2017621701276,2,9,0,18,0,0,0,0,0,0,1,1,6,2,48,8,5439,1,14,-1,1,-1
2017621701277,1,19,0,18,0,0,0,0,0,0,4,1,1,1,47,8,2402,2,14,-1,1,-1
2017621701278,1,11,0,4,0,0,0,0,0,0,1,1,1,1,24,5,6700,2,2,-1,1,-1
2017621701279,1,4,0,18,0,0,1,0,0,0,1,1,1,1,41,7,125,1,6,-1,1,-1
2017621701279,2,9,0,18,0,0,0,0,0,0,1,1,1,1,26,6,-1,-1,-1,-1,1,-1
2017621701280,1,9,0,9,0,8,5,0,1,10,4,1,6,1,72,10,1973,1,17,-1,1,-1
2017621701282,1,9,0,14,0,0,0,0,0,0,1,1,6,1,81,11,1999,2,2,-1,1,-1
2017621701282,2,9,0,18,0,0,0,0,0,0,1,1,6,2,27,6,998,1,1,-1,2,-1
2017621701283,1,9,0,2,0,0,0,0,0,0,3,1,6,1,30,6,1596,1,9,-1,1,-1
2017621701283,2,2,0,18,0,0,0,4,0,0,1,1,6,2,46,8,124,1,1,-1,1,-1
2017621701284,1,9,0,18,0,0,0,0,1,1,1,1,6,1,46,8,1896,2,17,-1,1,-1
2017621701285,1,9,0,18,0,1,0,0,1,10,1,1,6,2,25,5,1461,2,3,-1,1,-1
2017621701286,1,2,0,17,0,0,1,0,0,11,1,1,6,1,19,4,49,1,5,-1,1,-1
2017621701286,2,9,0,17,0,0,0,0,0,0,0,1,1,1,47,8,2993,2,2,-1,1,-1
2017621701287,1,9,0,12,0,0,0,0,0,0,1,1,6,2,57,9,1796,1,9,-1,1,-1
2017621701287,2,9,0,3,0,0,0,0,0,0,4,1,6,1,81,11,1395,1,1,-1,1,-1
2017621701288,1,9,0,18,0,4,0,0,0,0,1,1,6,1,33,6,1995,2,1,-1,1,-1
2017621701288,2,1,0,18,0,8,0,0,0,0,4,1,6,2,40,7,-1,-1,-1,-1,3,-1
2017621701289,1,9,0,12,0,8,0,0,0,0,1,1,6,1,82,11,1400,2,11,-1,1,-1
2017621701289,2,9,0,7,0,8,0,0,0,0,4,1,6,2,20,4,1364,1,12,-1,1,-1
2017621701290,1,9,0,9,0,8,0,0,0,0,4,1,6,2,17,4,998,1,3,-1,1,-1
2017621701290,2,9,0,18,0,8,0,0,0,0,1,1,6,2,25,5,1995,2,12,-1,1,-1
2017621701291,1,9,0,12,0,8,0,0,0,0,3,1,6,2,23,5,1242,1,4,-1,3,-1
2017621701291,2,9,0,16,0,3,0,0,0,0,4,1,6,1,32,6,2967,2,8,-1,1,-1
2017621701292,1,20,0,14,0,1,0,4,0,0,1,1,1,1,39,7,-1,-1,-1,-1,1,-1
2017621701292,2,9,0,2,0,1,0,0,0,0,2,1,6,2,28,6,1397,1,6,-1,1,-1
2017621701293,1,5,0,13,0,4,1,0,0,0,1,1,6,1,43,7,599,1,19,-1,1,-1
2017621701293,2,9,0,9,0,8,0,0,0,0,3,1,6,1,52,8,2151,2,18,-1,1,-1
2017621701294,1,9,0,1,0,6,0,0,0,0,2,1,6,1,32,6,-1,-1,-1,-1,1,-1
2017621701294,2,3,0,18,0,1,0,0,0,0,1,1,6,2,31,6,125,1,5,-1,1,-1
2017621701295,1,9,0,18,0,0,0,0,0,0,1,1,6,1,24,5,1995,2,6,-1,1,-1
2017621701295,2,9,0,3,0,0,0,0,0,0,2,1,1,2,22,5,1390,1,8,-1,2,-1
2017621701296,1,9,0,18,0,0,0,0,0,0,1,1,6,1,17,4,1197,1,-1,-1,1,-1
2017621701296,2,9,0,18,0,0,0,0,0,0,2,1,6,1,42,7,1910,2,9,-1,3,-1
2017621701296,3,9,0,18,0,0,0,0,0,0,1,1,6,1,43,7,1399,2,13,-1,1,-1
2017621701297,1,3,0,16,0,0,1,0,0,0,0,1,6,1,21,5,125,1,1,-1,1,-1
2017621701298,1,9,0,13,0,0,0,0,0,0,1,1,2,1,24,5,1840,1,18,-1,1,-1
2017621701298,2,9,0,18,0,0,0,0,0,0,1,1,6,1,73,10,1598,2,2,-1,1,-1
2017621701299,1,9,0,9,0,8,1,0,0,0,4,1,2,2,61,9,1329,1,5,-1,1,-1
2017621701299,2,1,0,18,0,8,0,0,0,0,1,1,6,1,44,7,-1,-1,-1,-1,2,-1
2017621701300,1,9,0,18,0,0,0,0,0,0,4,1,6,3,-1,-1,-1,-1,-1,-1,-1,-1
2017621701301,1,9,0,5,0,4,0,0,0,0,1,1,6,1,29,6,1390,1,13,-1,1,-1
2017621701301,2,1,0,18,0,8,0,0,0,0,4,1,6,2,47,8,-1,-1,-1,-1,1,-1
2017621701302,1,9,0,9,0,1,0,0,0,0,1,1,6,2,35,6,1798,1,10,-1,1,-1
2017621701302,2,1,0,18,0,8,0,0,0,0,4,1,6,1,21,5,-1,-1,-1,-1,1,-1
2017621701303,1,9,0,9,0,1,0,0,0,0,1,1,6,1,43,7,1389,1,23,-1,1,-1
2017621701303,2,9,0,18,0,1,0,0,0,0,3,1,6,2,51,8,1242,1,5,-1,1,-1
2017621701304,1,4,0,15,0,0,0,0,0,0,1,1,1,1,33,6,493,1,16,-1,1,-1
2017621701305,1,9,0,14,0,1,0,0,0,0,1,1,6,2,29,6,998,1,9,-1,2,-1
2017621701305,2,9,0,17,0,1,0,0,0,0,1,1,3,1,34,6,1598,1,10,-1,2,-1
2017621701305,3,19,0,2,0,1,0,0,0,0,4,1,6,1,42,7,1753,2,6,-1,3,-1
2017621701305,4,9,0,2,0,1,0,0,0,0,4,2,6,3,-1,-1,1461,2,3,-1,-1,-1
2017621701306,1,9,0,18,0,0,1,0,1,0,1,1,6,1,29,6,1598,1,9,-1,1,-1
2017621701306,2,9,0,4,0,0,0,0,0,0,2,1,6,2,31,6,1984,2,5,-1,3,-1
2017621701307,1,9,0,18,0,1,0,0,0,0,1,1,1,1,41,7,999,1,-1,-1,2,-1
2017621701308,1,9,0,9,0,5,0,0,0,0,4,1,6,1,73,10,1398,2,3,-1,1,-1
2017621701308,2,1,0,18,0,8,0,0,0,0,1,1,2,1,42,7,-1,-1,-1,-1,1,-1
2017621701309,1,20,0,18,0,0,0,0,0,0,1,1,1,1,47,8,-1,-1,-1,-1,1,-1
2017621701309,2,19,0,4,0,0,0,0,0,0,2,1,1,1,46,8,1461,2,1,-1,2,-1
2017621701310,1,9,0,5,0,1,0,0,0,0,1,1,6,1,69,10,1399,1,1,-1,1,-1
2017621701310,2,11,0,10,0,1,0,0,0,0,2,1,1,1,65,9,3900,2,13,-1,1,-1
2017621701311,1,9,0,18,0,4,0,0,1,5,1,1,1,1,35,6,1796,1,16,7,1,7
2017621701312,1,9,0,5,0,1,0,0,0,0,1,1,6,2,63,9,1299,1,9,-1,3,-1
2017621701312,2,9,0,3,0,1,0,0,0,0,2,1,6,2,24,5,1339,1,13,-1,1,-1
2017621701313,1,9,0,18,0,0,0,0,0,0,1,1,3,1,70,10,1762,1,17,-1,1,-1
2017621701314,1,9,0,18,0,8,0,0,0,0,1,1,6,1,73,10,1198,1,3,-1,1,-1
2017621701314,2,9,0,3,0,8,0,0,0,0,2,1,6,2,49,8,1388,1,11,-1,2,-1
2017621701315,1,9,0,17,0,0,0,0,0,0,4,1,6,2,28,6,1242,1,16,-1,1,-1
2017621701316,1,9,0,9,0,5,0,0,0,0,4,1,6,2,18,4,875,1,4,-1,3,-1