Accident_Index,Vehicle_Reference,Vehicle_Type,Towing_and_Articulation,Vehicle_Manoeuvre,Vehicle_Location-Restricted_Lane,Junction_Location,Skidding_and_Overturning,Hit_Object_in_Carriageway,Vehicle_Leaving_Carriageway,Hit_Object_off_Carriageway,1st_Point_of_Impact,Was_Vehicle_Left_Hand_Drive?,Journey_Purpose_of_Driver,Sex_of_Driver,Age_of_Driver,Age_Band_of_Driver,Engine_Capacity_(CC),Propulsion_Code,Age_of_Vehicle,Driver_IMD_Decile,Driver_Home_Area_Type,Vehicle_IMD_Decile
2017621701316,2,9,0,18,0,8,0,0,0,0,1,1,6,2,54,8,1997,1,3,-1,1,-1
2017621701317,1,9,0,18,0,0,0,0,0,0,1,1,6,1,20,4,1598,2,3,-1,3,-1
2017621701317,2,9,0,18,0,0,0,0,0,0,2,1,6,1,81,11,1598,1,2,-1,1,-1
2017621701318,1,19,0,18,0,0,1,0,0,0,1,1,1,1,22,5,1753,2,7,-1,3,-1
2017621701318,2,9,0,4,0,0,0,0,0,0,2,1,6,2,27,6,1242,1,10,-1,3,-1
2017621701318,3,9,0,4,0,0,0,0,5,6,4,1,2,2,26,6,1364,1,10,-1,1,-1
2017621701318,4,9,0,4,0,0,0,0,0,0,3,1,6,1,56,9,1753,2,8,-1,1,-1
2017621701319,1,9,0,5,0,0,0,0,0,0,1,1,6,2,20,4,1242,1,6,-1,1,-1
2017621701319,2,9,0,3,0,0,0,0,0,0,2,1,6,2,40,7,1229,1,6,-1,1,-1
2017621701320,1,8,0,18,0,6,0,0,0,0,1,1,6,1,39,7,-1,-1,-1,-1,3,-1
2017621701320,2,9,0,18,0,8,0,0,0,0,4,1,6,1,30,6,2231,2,10,-1,1,-1
2017621701321,1,9,0,18,0,0,5,0,2,10,1,1,6,1,33,6,998,1,17,-1,1,-1
2017621701322,1,19,0,9,0,6,0,0,0,0,1,1,1,1,29,6,2198,2,3,-1,1,-1
2017621701322,2,9,0,18,0,8,0,0,0,0,1,1,6,1,53,8,1896,2,12,-1,-1,-1
2017621701323,1,1,0,9,0,8,1,0,0,0,1,1,6,1,28,6,-1,-1,-1,-1,1,-1
2017621701323,2,9,0,7,0,8,0,0,0,0,1,1,1,1,33,6,1560,2,4,-1,1,-1
2017621701324,1,9,0,18,0,0,0,0,1,4,2,1,6,1,17,4,1149,1,10,-1,1,-1
2017621701325,1,9,0,18,0,1,0,0,0,0,1,1,6,2,48,8,1364,1,-1,-1,1,-1
2017621701326,1,9,0,18,0,7,0,0,0,0,3,1,6,1,70,10,1198,1,10,-1,1,-1
2017621701326,2,9,0,4,0,7,0,0,0,0,1,1,1,1,41,7,2993,2,2,-1,1,-1
2017621701326,3,9,0,4,0,7,0,0,0,0,2,1,1,2,25,5,1242,1,11,-1,1,-1
2017621701327,1,9,0,18,0,8,0,0,0,0,1,1,6,1,23,5,1598,1,14,-1,1,-1
2017621701327,2,9,0,18,0,8,0,0,0,0,3,1,2,1,53,8,1389,1,18,-1,1,-1
2017621701328,1,9,0,18,0,0,5,4,0,0,1,1,6,2,69,10,1598,2,7,-1,1,-1
2017621701328,2,9,0,2,0,0,0,0,0,0,1,1,6,3,-1,-1,1388,1,5,-1,-1,-1
2017621701329,1,21,0,4,0,0,0,0,0,0,3,1,1,1,49,8,-1,-1,-1,-1,1,-1
2017621701330,1,9,0,18,0,4,0,0,0,0,1,1,2,2,50,8,1598,1,4,-1,1,-1
2017621701330,2,9,0,9,0,8,0,0,0,0,2,1,6,1,35,6,1596,1,7,-1,1,-1
2017621701331,1,9,0,18,0,0,0,0,0,0,1,1,6,1,28,6,1399,2,8,-1,1,-1
2017621701331,2,9,0,4,0,0,0,0,0,0,2,1,6,2,30,6,1598,2,-1,-1,1,-1
2017621701332,1,9,0,18,0,0,0,0,0,0,1,1,6,1,67,10,1753,2,13,-1,2,-1
2017621701332,2,9,0,18,0,0,0,0,0,0,1,1,6,2,29,6,1995,2,2,-1,2,-1
2017621701333,1,9,0,16,0,0,1,0,0,0,1,1,6,1,19,4,1597,1,13,-1,1,-1
2017621701333,2,9,0,18,0,0,0,0,0,0,1,1,6,1,81,11,1399,2,10,-1,1,-1
2017621701334,1,9,0,5,0,8,0,0,0,0,1,1,6,1,42,7,1596,1,14,-1,1,-1
2017621701334,2,9,0,18,0,8,0,0,0,0,4,1,6,2,57,9,1200,1,2,-1,1,-1
2017621701335,1,9,0,9,0,6,0,0,0,0,3,1,6,2,79,11,999,1,5,-1,1,-1
2017621701336,1,9,0,18,0,0,0,0,0,0,3,1,6,2,21,5,1598,1,4,-1,1,-1
2017621701337,1,9,0,18,0,0,0,0,0,0,1,1,6,2,53,8,1229,1,8,-1,1,-1
2017621701338,1,9,0,9,0,5,0,0,0,0,4,1,6,1,65,9,1242,1,4,-1,1,-1
2017621701338,2,4,0,18,0,8,0,0,0,0,1,1,6,1,25,5,125,1,3,-1,2,-1
2017621701339,1,5,0,16,0,1,1,0,0,0,0,1,6,1,62,9,598,1,23,-1,1,-1
2017621701340,1,9,0,4,0,0,0,0,0,0,1,1,6,2,37,7,1769,1,15,-1,1,-1
2017621701340,2,19,0,3,0,0,0,0,0,0,2,1,1,1,46,8,1968,2,2,-1,1,-1
2017621701340,3,9,0,3,0,0,0,0,0,0,2,1,2,2,39,7,1499,2,1,-1,1,-1
2017621701341,1,5,0,18,0,0,1,0,5,6,1,1,6,1,21,5,750,1,-1,4,1,4
2017621701341,2,9,0,3,0,0,0,0,0,0,3,1,6,1,53,8,1968,2,10,-1,2,-1
2017621701341,3,9,0,3,0,0,0,0,0,0,2,1,6,2,23,5,1968,2,1,-1,1,-1
2017621701342,1,9,0,4,0,0,0,0,0,0,1,1,6,2,61,9,2231,2,10,-1,1,-1
2017621701342,2,9,0,4,0,0,0,0,0,0,2,1,1,1,50,8,2231,2,10,-1,1,-1
2017621701343,1,9,0,18,0,0,1,0,5,6,1,1,6,2,32,6,1995,1,11,-1,1,-1
2017621701344,1,9,0,16,0,0,0,4,1,4,1,1,6,1,92,11,1584,1,11,-1,2,-1
2017621701344,2,9,0,4,0,0,0,0,0,0,1,1,6,2,54,8,875,1,6,-1,2,-1
2017621701344,3,9,0,2,0,0,0,0,0,0,1,1,6,3,-1,-1,1598,1,10,-1,-1,-1
2017621701345,1,9,0,16,0,0,0,0,8,7,1,1,6,1,25,5,1839,1,21,-1,3,-1
2017621701345,2,9,0,17,0,0,0,0,0,0,1,1,6,2,20,4,1242,1,5,-1,1,-1
2017621701345,3,9,0,17,0,0,0,0,0,0,1,1,6,1,78,11,1598,1,3,-1,1,-1
2017621701346,1,9,0,11,0,0,0,0,0,0,4,1,6,1,27,6,2000,2,6,-1,1,-1
2017621701346,2,9,0,18,0,0,0,0,0,0,3,1,6,1,28,6,1368,1,9,-1,1,-1
2017621701347,1,9,0,18,0,0,0,0,0,0,1,1,6,1,22,5,1968,2,7,-1,1,-1
2017621701347,2,9,0,18,0,0,0,0,0,0,2,1,6,1,65,9,3456,8,6,6,3,6
2017621701348,1,9,0,16,0,0,0,0,0,0,1,1,2,2,54,8,998,1,2,-1,1,-1
2017621701349,1,1,0,18,0,0,0,0,0,0,1,1,2,1,38,7,-1,-1,-1,-1,1,-1
2017621701350,1,9,0,9,0,6,0,0,0,0,4,1,6,2,20,4,1242,1,8,-1,1,-1
2017621701350,2,4,0,18,0,8,0,0,0,0,1,1,6,1,59,9,644,1,11,-1,3,-1
2017621701351,1,9,0,18,0,0,0,0,0,0,1,1,6,1,44,7,1997,2,5,-1,1,-1
2017621701351,2,9,0,18,0,0,0,0,0,0,2,1,6,1,25,5,1596,1,8,-1,1,-1
2017621701351,3,9,0,18,0,0,0,0,0,0,3,1,6,1,54,8,1461,2,1,-1,3,-1
2017621701352,1,9,0,9,0,5,0,0,0,0,1,1,6,1,25,5,1360,1,10,-1,1,-1
2017621701353,1,9,0,4,0,1,0,0,0,0,1,1,6,1,41,7,1498,1,12,-1,1,-1
2017621701353,2,9,0,4,0,1,0,0,0,0,2,1,6,2,54,8,1560,2,2,-1,1,-1
2017621701355,1,9,0,14,0,2,0,0,0,0,4,1,3,2,39,7,1995,2,4,-1,1,-1
2017621701356,1,9,0,18,0,2,0,0,0,0,1,1,6,1,42,7,-1,-1,-1,-1,1,-1
2017621701356,2,9,0,3,0,2,0,0,0,0,2,1,1,1,54,8,1360,1,12,-1,1,-1
2017621701356,3,9,0,3,0,2,0,0,0,0,2,1,1,1,51,8,-1,-1,-1,-1,1,-1
2017621701357,1,9,0,18,0,0,0,0,0,0,1,1,3,1,33,6,1997,2,16,-1,2,-1
2017621701357,2,9,0,18,0,0,0,0,0,0,2,1,2,1,68,10,1598,1,12,-1,3,-1
2017621701358,1,9,0,18,0,2,0,7,7,0,1,1,6,1,22,5,998,1,2,-1,2,-1
2017621701359,1,9,0,18,0,1,0,0,0,0,4,1,6,2,71,10,1242,1,11,-1,1,-1
2017621701360,1,9,0,18,0,2,0,0,0,0,1,1,6,1,31,6,1991,1,23,-1,1,-1
2017621701360,2,9,0,18,0,2,0,0,0,0,2,1,1,1,42,7,1968,2,3,-1,1,-1
2017621701361,1,5,0,18,0,0,0,0,0,0,1,1,6,1,58,9,955,1,15,-1,1,-1
2017621701362,1,8,0,18,0,0,0,10,1,2,1,1,1,1,66,10,2183,2,6,-1,1,-1
2017621701363,1,11,0,18,0,0,0,0,0,0,1,1,1,1,34,6,6690,2,1,-1,2,-1
2017621701363,2,9,0,2,0,0,0,0,1,7,2,1,6,1,57,9,1229,1,6,-1,1,-1
2017621701364,1,9,0,16,0,0,1,10,2,10,4,1,6,2,34,6,1242,1,8,-1,3,-1
2017621701365,1,9,0,9,0,8,0,0,0,0,4,1,6,1,60,9,999,1,15,-1,2,-1
2017621701365,2,9,0,18,0,1,0,0,0,0,1,1,6,1,54,8,1598,2,5,-1,3,-1
2017621701366,1,9,0,18,0,8,0,0,0,0,1,1,6,1,28,6,1499,2,1,-1,1,-1
2017621701366,2,9,0,9,0,8,0,0,0,0,1,1,6,2,51,8,1229,1,6,-1,2,-1
2017621701367,1,9,0,18,0,0,0,0,0,0,1,1,6,1,17,4,1242,1,5,-1,1,-1
2017621701368,1,9,0,18,0,8,0,0,0,0,1,1,2,2,21,5,1242,1,1,-1,1,-1
2017621701368,2,9,0,2,0,1,0,0,0,0,3,1,6,3,-1,-1,1461,2,9,-1,-1,-1
2017621701369,1,9,0,18,0,0,0,0,0,0,1,1,6,2,31,6,1461,2,6,-1,1,-1
2017621701369,2,9,0,4,0,0,0,0,0,0,2,1,6,2,32,6,1995,2,10,-1,1,-1
2017621701369,3,9,0,3,0,0,0,0,0,0,2,1,6,2,35,6,1582,2,7,-1,1,-1
2017621701371,1,9,0,7,0,3,0,0,4,2,1,1,6,1,54,8,1398,1,1,-1,1,-1
2017621701373,1,9,0,18,0,0,0,0,0,0,1,1,2,1,30,6,1896,2,12,-1,1,-1
2017621701373,2,21,0,18,0,0,0,0,0,0,2,1,1,1,56,9,16353,2,-1,7,1,7
2017621701374,1,9,0,18,0,0,2,0,1,2,3,1,6,2,61,9,1598,1,15,-1,2,-1
2017621701374,2,9,0,18,0,0,0,0,0,0,1,1,6,2,55,8,1999,2,1,9,1,9
2017621701375,1,9,4,1,0,0,0,0,0,0,2,1,1,1,39,7,2494,2,2,-1,3,-1
2017621701376,1,9,0,9,0,8,0,0,0,0,4,1,6,1,22,5,1598,2,4,-1,1,-1
2017621701376,2,8,0,18,0,8,0,0,0,0,1,1,1,1,48,8,1995,2,-1,-1,1,-1
2017621701377,1,9,0,18,0,0,0,0,0,0,1,1,6,2,30,6,1995,2,9,-1,1,-1
2017621701377,2,9,0,2,0,0,0,0,0,0,2,1,6,1,51,8,2143,2,1,-1,1,-1
2017621701378,1,9,0,5,0,1,0,0,0,0,3,1,6,1,20,4,1229,1,6,-1,1,-1
2017621701378,2,9,0,18,0,1,0,0,0,0,4,1,6,1,78,11,998,1,13,-1,1,-1
2017621701379,1,9,0,9,0,6,0,0,0,0,1,1,6,1,71,10,2720,2,11,-1,1,-1
2017621701379,2,1,0,18,0,1,0,0,0,0,1,1,6,1,49,8,-1,-1,-1,-1,1,-1
2017621701380,1,9,0,18,0,0,0,0,1,6,4,1,2,2,35,6,1598,2,3,-1,1,-1
2017621701380,2,21,0,18,0,0,0,0,0,0,2,1,1,1,35,6,9290,2,4,9,1,9
2017621701381,1,9,0,7,0,6,0,0,0,0,3,1,6,2,37,7,1461,2,2,-1,1,-1
2017621701381,2,9,0,4,0,1,0,0,0,0,1,1,6,1,34,6,999,1,5,-1,1,-1
2017621701381,3,9,0,18,0,1,0,0,0,0,1,1,6,2,80,11,1595,1,-1,-1,3,-1
2017621701382,1,9,0,18,0,0,0,0,1,10,1,1,6,2,31,6,1339,1,12,-1,2,-1
2017621701383,1,9,0,18,0,0,0,7,0,0,1,1,6,1,81,11,1896,2,14,-1,1,-1
2017621701384,1,3,0,11,0,0,0,0,0,0,4,1,6,1,40,7,108,1,7,-1,1,-1
2017621701384,2,9,0,18,0,0,0,0,0,0,3,1,6,2,41,7,1685,2,1,-1,1,-1
2017621701386,1,9,0,18,0,8,0,0,0,0,1,1,2,2,47,8,1598,1,6,-1,3,-1
2017621701386,2,9,0,4,0,8,0,0,0,0,2,1,2,1,32,6,1560,2,8,-1,1,-1
2017621701387,1,8,0,18,0,1,0,0,0,0,4,1,1,1,69,10,1598,2,2,-1,1,-1
2017621701388,1,9,0,5,0,0,0,0,0,0,1,1,6,2,23,5,1998,2,11,-1,1,-1
2017621701388,2,9,0,18,0,0,0,0,0,0,4,1,2,1,24,5,1299,1,9,-1,1,-1
2017621701389,1,9,0,5,0,1,0,0,0,0,1,1,2,2,19,4,998,1,11,-1,1,-1
2017621701389,2,3,0,8,0,1,0,0,0,0,2,1,6,1,46,8,124,1,7,-1,1,-1
2017621701390,1,9,0,18,0,1,0,0,0,0,1,1,1,1,53,8,-1,-1,-1,-1,1,-1
2017621701390,2,1,0,9,0,1,0,0,0,0,4,1,6,1,45,7,-1,-1,-1,-1,1,-1
2017621701391,1,3,0,18,0,0,0,0,0,0,1,1,6,1,18,4,125,1,13,-1,3,-1
2017621701391,2,9,0,4,0,0,0,0,0,0,2,1,6,2,52,8,1242,1,8,-1,2,-1
2017621701392,1,9,0,18,0,0,0,0,0,0,3,1,2,1,57,9,1596,1,14,-1,1,-1
2017621701393,1,9,0,18,0,1,0,0,0,0,4,1,6,1,70,10,1998,1,1,-1,1,-1
2017621701394,1,90,0,18,0,8,0,0,0,0,1,1,6,1,26,6,-1,-1,-1,-1,1,-1
2017621701394,2,9,0,18,0,8,0,0,0,0,1,1,1,1,37,7,1560,2,-1,-1,1,-1
2017621701395,1,9,0,18,0,2,0,0,0,0,3,1,6,2,36,7,1560,2,7,-1,2,-1
2017621701396,1,9,0,18,0,0,0,0,0,0,1,1,1,1,36,7,1995,2,9,-1,1,-1
2017621701396,2,9,0,18,0,0,0,0,0,0,2,1,1,1,18,4,1582,2,2,-1,1,-1
2017621701397,1,9,0,18,0,0,2,0,2,1,1,1,6,2,36,7,1397,1,8,-1,1,-1
2017621701398,1,9,0,18,0,0,5,0,1,7,1,1,2,1,33,6,1242,1,11,-1,1,-1
2017621701399,1,9,0,16,0,0,1,0,0,0,1,1,3,2,36,7,1199,1,16,-1,1,-1
2017621701399,2,9,0,17,0,0,1,0,0,0,1,1,6,1,22,5,1396,1,17,-1,1,-1
2017621701400,1,9,0,18,0,4,0,0,0,0,1,1,6,1,36,7,1248,1,1,-1,1,-1
2017621701400,2,9,0,18,0,3,0,0,0,0,2,1,6,1,47,8,1995,2,5,-1,1,-1
2017621701401,1,9,0,9,0,6,0,0,0,0,1,1,6,2,26,6,1598,2,5,-1,3,-1
2017621701401,2,9,0,18,0,8,0,0,0,0,4,1,6,2,61,9,1198,1,6,-1,1,-1
2017621701402,1,9,0,5,0,0,0,0,0,0,4,1,6,2,33,6,1995,2,2,-1,3,-1
2017621701402,2,9,0,18,0,0,0,0,0,0,3,1,6,1,31,6,1198,1,14,-1,1,-1
2017621701403,1,9,0,4,0,0,0,0,0,0,1,1,6,1,29,6,1999,1,15,-1,3,-1
2017621701403,2,9,0,4,0,0,0,0,0,0,2,1,6,1,33,6,1560,2,5,-1,2,-1
2017621701403,3,9,0,10,0,0,0,0,0,0,2,1,6,1,31,6,1499,2,1,-1,2,-1
2017621701404,1,9,0,18,0,2,0,0,0,0,1,1,6,1,40,7,1968,2,7,-1,1,-1
2017621701405,1,9,0,18,0,0,0,0,0,0,1,1,6,2,29,6,1560,2,5,-1,1,-1
2017621701405,2,9,0,18,0,0,0,0,0,0,1,1,1,1,27,6,1560,2,4,-1,1,-1
2017621701406,1,3,0,7,0,5,1,0,0,0,0,1,6,1,17,4,125,1,2,-1,1,-1
2017621701407,1,9,0,18,0,1,0,0,0,0,4,1,6,1,20,4,2793,1,19,6,1,6
2017621701408,1,9,0,18,0,0,0,0,0,0,1,1,2,1,39,7,1299,1,13,-1,1,-1
2017621701408,2,9,0,2,0,0,0,0,0,0,2,1,2,1,37,7,1596,1,27,-1,3,-1
2017621701409,1,9,0,9,0,8,0,0,0,0,1,1,6,1,20,4,1598,1,13,7,2,7
2017621701409,2,9,0,18,0,8,0,0,0,0,1,1,6,1,23,5,1248,2,10,-1,1,-1
2017621701410,1,1,0,18,0,0,0,0,0,0,0,1,6,1,50,8,-1,-1,-1,-1,1,-1
2017621701411,1,9,0,9,0,8,0,0,0,0,3,1,6,2,21,5,998,1,18,-1,1,-1
2017621701411,2,9,0,18,0,8,0,0,0,0,3,1,6,1,48,8,1968,2,9,-1,1,-1
2017621701412,1,1,0,11,0,8,0,0,0,0,1,1,6,1,23,5,-1,-1,-1,-1,1,-1
2017621701412,2,9,0,7,0,8,0,0,0,0,1,1,6,2,59,9,1349,1,3,-1,1,-1
2017621701413,1,9,0,5,0,8,0,0,0,0,1,1,6,2,27,6,998,1,3,-1,1,-1
2017621701413,2,1,0,18,0,8,0,0,0,0,1,1,6,1,50,8,-1,-1,-1,-1,1,-1
2017621701414,1,5,0,4,0,0,0,0,2,7,1,1,6,1,37,7,599,1,16,-1,1,-1
2017621701415,1,3,0,16,0,0,0,0,4,6,3,1,2,1,28,6,125,1,14,-1,1,-1
2017621701416,1,1,0,5,0,0,0,0,0,0,1,1,6,1,10,2,-1,-1,-1,-1,1,-1
2017621701416,2,9,0,18,0,0,0,0,0,0,1,1,6,2,53,8,1598,1,17,-1,1,-1
2017621701417,1,9,0,18,0,0,1,0,0,0,1,1,2,1,33,6,-1,-1,-1,-1,3,-1
2017621701417,2,9,0,4,0,0,0,0,0,0,2,1,2,2,35,6,1248,2,4,-1,1,-1
2017621701417,3,9,0,4,0,0,0,0,0,0,2,1,2,2,32,6,998,1,1,-1,1,-1
2017621701417,4,9,0,4,0,0,0,0,0,0,2,1,2,1,36,7,998,1,5,-1,1,-1
2017621701418,1,9,0,16,0,0,0,0,1,11,1,1,6,1,24,5,1560,2,11,-1,1,-1
2017621701418,2,11,0,18,0,0,0,0,0,0,1,1,1,1,47,8,4461,2,4,-1,3,-1
2017621701419,1,9,0,18,0,0,0,0,0,0,1,1,6,1,17,4,1582,2,6,-1,3,-1
2017621701420,1,9,0,9,0,6,0,0,0,0,3,1,6,1,73,10,1582,2,8,-1,2,-1
2017621701420,2,1,0,18,0,8,1,0,0,0,1,1,6,1,47,8,-1,-1,-1,-1,2,-1
2017621701421,1,9,0,18,0,8,0,0,0,0,3,1,6,2,28,6,1560,2,9,-1,1,-1
2017621701421,2,9,0,18,0,8,0,0,0,0,4,1,6,1,66,10,1596,1,8,-1,1,-1
2017621701422,1,9,0,5,0,2,0,0,0,0,1,1,6,1,44,7,1598,1,7,-1,1,-1
2017621701422,2,1,0,18,0,2,0,0,0,0,2,1,6,1,33,6,-1,-1,-1,-1,1,-1
2017621701423,1,11,0,9,0,6,0,11,0,0,4,1,3,1,56,9,-1,2,24,-1,1,-1
2017621701424,1,19,0,12,0,0,0,0,0,0,1,1,1,1,21,5,2402,2,6,-1,1,-1
2017621701424,2,9,0,3,0,0,0,0,0,0,2,1,6,2,57,9,2000,1,14,-1,1,-1
2017621701424,3,9,0,3,0,0,0,0,1,0,2,1,6,1,46,8,2179,2,4,-1,2,-1
2017621701425,1,9,0,18,0,2,0,0,0,0,1,1,6,3,-1,-1,-1,-1,-1,-1,-1,-1
2017621701425,2,1,0,18,0,2,0,0,0,0,2,1,1,1,35,6,-1,-1,-1,-1,1,-1
2017621701426,1,9,0,4,0,0,0,0,0,0,4,1,6,1,18,4,1397,1,8,-1,1,-1
2017621701426,2,5,0,18,0,0,1,0,0,0,1,1,6,1,19,4,645,1,11,-1,1,-1
2017621701427,1,4,0,18,0,0,0,4,0,0,1,1,6,1,47,8,-1,-1,-1,-1,1,-1
2017621701427,2,9,0,2,0,0,0,0,0,0,2,1,6,3,-1,-1,1149,1,13,-1,-1,-1
2017621701428,1,9,0,18,0,0,0,0,0,0,3,1,6,2,61,9,-1,-1,-1,-1,1,-1
2017621701429,1,9,0,18,0,0,0,0,0,0,4,1,6,1,55,8,1590,1,16,-1,2,-1
2017621701430,1,9,0,9,0,0,0,0,0,0,4,1,6,1,74,10,1598,1,8,-1,1,-1
2017621701430,2,9,0,18,0,0,0,0,0,0,1,1,6,1,57,9,1591,1,-1,-1,1,-1
2017621701431,1,9,0,9,0,8,0,0,0,0,1,1,6,1,18,4,1399,2,7,-1,1,-1
2017621701431,2,9,0,18,0,8,0,0,0,0,1,1,6,1,23,5,1595,1,11,-1,1,-1
2017621701432,1,9,0,18,0,0,0,0,0,0,1,1,6,2,24,5,1124,1,16,-1,1,-1
2017621701432,2,9,0,18,0,0,0,0,0,0,2,1,6,2,44,7,1461,2,7,-1,1,-1
2017621701433,1,9,0,18,0,2,0,0,0,0,1,1,6,2,20,4,1422,2,13,6,3,6
2017621701433,2,9,0,18,0,2,0,0,0,0,2,1,6,1,58,9,1560,2,2,-1,1,-1
2017621701433,3,9,0,2,0,2,0,0,0,0,2,1,6,3,-1,-1,1200,1,5,-1,-1,-1
2017621701434,1,19,0,18,0,0,0,0,0,0,4,1,1,1,47,8,1598,2,1,2,1,2
2017621701434,2,1,0,18,0,0,0,0,0,0,3,1,4,1,16,4,-1,-1,-1,-1,1,-1
2017621701435,1,9,0,18,0,3,0,0,0,0,1,1,6,1,69,10,998,1,5,-1,1,-1
2017621701435,2,9,0,4,0,3,0,0,0,0,2,1,1,2,43,7,1499,2,3,-1,1,-1
2017621701435,3,9,0,10,0,3,0,0,0,0,2,1,6,1,22,5,1560,2,3,-1,1,-1
2017621701436,1,19,0,16,0,0,1,0,1,0,1,1,6,1,29,6,1686,2,15,-1,3,-1
2017621701436,2,9,0,17,0,0,0,0,1,0,1,1,6,2,17,4,1364,1,2,-1,2,-1
2017621701437,1,9,0,18,0,1,0,0,0,0,1,1,6,1,38,7,1329,1,2,-1,1,-1
2017621701437,2,9,0,3,0,1,0,0,0,0,2,1,3,2,47,8,1339,1,9,-1,1,-1
2017621701438,1,1,0,18,0,0,0,0,0,0,1,1,6,1,82,11,-1,-1,-1,-1,2,-1
2017621701439,1,8,0,5,0,1,0,0,0,0,1,1,1,1,32,6,1986,2,7,-1,1,-1
2017621701440,1,9,0,5,0,2,0,0,0,0,1,1,2,2,28,6,1560,2,5,-1,1,-1
2017621701440,2,9,0,18,0,2,0,4,0,0,4,1,6,1,22,5,1598,2,2,-1,1,-1
2017621701440,3,9,0,2,0,2,0,0,0,0,2,1,6,3,-1,-1,1396,1,4,-1,-1,-1
2017621701441,1,5,0,18,0,8,0,0,0,0,1,1,6,1,28,6,599,1,21,-1,1,-1
2017621701441,2,9,0,9,0,8,0,0,0,0,1,1,6,1,55,8,1796,1,4,-1,1,-1
2017621701442,1,19,0,4,0,1,0,0,0,0,1,1,2,1,18,4,1753,2,11,-1,1,-1
2017621701442,2,9,0,10,0,1,0,0,0,0,2,1,6,2,40,7,1598,1,9,-1,1,-1
2017621701443,1,9,0,17,0,1,0,10,1,7,1,1,1,2,51,8,1242,1,9,-1,3,-1
2017621701445,1,19,0,18,0,0,2,0,2,7,1,1,1,1,37,7,2143,2,2,-1,1,-1
2017621701446,1,9,0,1,0,0,0,0,0,0,2,1,6,1,48,8,1995,2,16,-1,1,-1
2017621701447,1,9,0,18,0,1,0,0,0,0,1,1,6,3,-1,-1,-1,-1,-1,-1,-1,-1
2017621701447,2,1,0,18,0,2,0,0,0,0,4,1,6,1,32,6,-1,-1,-1,-1,1,-1
2017621701449,1,9,0,18,0,0,0,0,0,0,1,1,6,2,52,8,1398,1,5,-1,1,-1
2017621701450,1,9,0,7,0,4,0,0,0,0,3,1,6,1,47,8,998,1,-1,-1,2,-1
2017621701450,2,1,0,17,0,8,0,0,0,0,4,1,2,1,33,6,-1,-1,-1,-1,1,-1
2017621701451,1,9,0,18,0,0,0,0,0,0,1,1,6,1,24,5,1598,1,8,-1,1,-1
2017621701452,1,9,0,4,0,1,0,0,0,0,4,1,6,2,52,8,1390,1,10,-1,1,-1
2017621701452,2,1,0,18,0,1,0,0,0,0,3,1,6,1,52,8,-1,-1,-1,-1,1,-1
2017621701453,1,9,0,18,0,1,0,4,0,0,1,1,1,2,62,9,999,1,7,-1,1,-1
2017621701453,2,1,0,18,0,1,0,0,0,0,4,1,4,2,17,4,-1,-1,-1,-1,1,-1
2017621701453,3,9,0,2,0,2,0,0,0,0,2,1,6,3,-1,-1,1598,2,7,-1,-1,-1
2017621701454,1,9,0,18,0,3,0,0,0,0,4,1,6,1,66,10,1910,2,12,-1,1,-1
2017621701454,2,9,0,18,0,3,0,0,0,0,3,1,6,2,32,6,1229,1,5,-1,1,-1
2017621701455,1,9,0,1,0,0,0,0,0,0,3,1,6,1,61,9,1997,2,2,-1,1,-1
2017621701456,1,9,0,7,0,6,0,0,0,0,1,1,6,2,18,4,1248,2,7,-1,2,-1
2017621701456,2,9,0,18,0,1,0,0,0,0,4,1,6,1,26,6,1229,1,6,-1,2,-1
2017621701457,1,9,0,18,0,0,0,0,1,11,1,1,6,2,27,6,1242,1,11,-1,1,-1
2017621701458,1,9,0,18,0,4,0,0,0,0,1,1,6,1,80,11,1198,1,7,-1,1,-1
2017621701458,2,9,0,18,0,8,5,0,0,0,4,1,6,1,31,6,1461,2,3,-1,1,-1
2017621701459,1,4,0,17,0,8,0,0,0,0,4,1,6,1,80,11,198,1,37,-1,2,-1
2017621701459,2,9,0,17,0,8,0,0,0,0,3,1,6,1,73,10,1560,2,1,-1,1,-1
2017621701460,1,9,0,18,0,1,0,0,0,0,3,1,6,1,77,11,998,1,4,-1,1,-1
2017621701460,2,9,0,18,0,1,0,0,0,0,3,1,6,2,25,5,1461,2,2,-1,1,-1
2017621701460,3,9,0,2,0,1,0,0,0,0,2,1,6,3,-1,-1,1242,1,5,-1,-1,-1
2017621701461,1,9,0,18,0,0,0,0,0,0,1,1,6,1,82,11,1968,2,2,5,2,5
2017621701461,2,9,0,4,0,0,0,0,0,0,2,1,6,1,53,8,1685,2,2,-1,1,-1
2017621701461,3,9,0,18,0,0,0,0,0,0,1,1,6,1,29,6,1896,2,11,-1,1,-1
2017621701462,1,9,0,18,0,1,0,0,0,0,1,1,6,1,19,4,998,1,4,-1,3,-1
2017621701463,1,19,0,18,0,0,0,0,0,0,1,1,6,1,23,5,1968,2,7,-1,1,-1
2017621701463,2,9,0,4,0,0,0,0,0,0,2,1,6,2,33,6,1329,1,2,-1,1,-1
2017621701464,1,9,0,9,0,6,0,0,0,0,1,1,1,1,70,10,1598,2,3,-1,1,-1
2017621701464,2,9,0,18,0,1,0,0,0,0,3,1,6,2,29,6,1753,2,9,-1,1,-1