Accident_Index,Vehicle_Reference,Vehicle_Type,Towing_and_Articulation,Vehicle_Manoeuvre,Vehicle_Location-Restricted_Lane,Junction_Location,Skidding_and_Overturning,Hit_Object_in_Carriageway,Vehicle_Leaving_Carriageway,Hit_Object_off_Carriageway,1st_Point_of_Impact,Was_Vehicle_Left_Hand_Drive?,Journey_Purpose_of_Driver,Sex_of_Driver,Age_of_Driver,Age_Band_of_Driver,Engine_Capacity_(CC),Propulsion_Code,Age_of_Vehicle,Driver_IMD_Decile,Driver_Home_Area_Type,Vehicle_IMD_Decile
201763C047617,1,9,0,18,0,0,5,0,1,10,1,1,6,2,28,6,1328,1,11,-1,2,-1
201763C048017,1,9,0,18,0,1,0,0,0,0,1,1,6,2,21,5,998,1,3,-1,1,-1
201763C048017,2,19,0,18,0,6,0,0,0,0,1,1,6,1,76,11,-1,-1,-1,-1,1,-1
201763C048117,1,9,0,9,0,1,0,0,0,0,4,1,6,1,19,4,1461,2,2,-1,2,-1
201763C048117,2,9,0,18,0,8,1,0,0,0,1,1,2,1,31,6,1896,2,19,-1,3,-1
201763C048217,1,9,0,18,0,2,0,0,0,0,1,1,6,1,67,10,2143,2,1,-1,1,-1
201763C048217,2,9,0,3,0,1,0,0,0,0,2,1,6,1,47,8,2993,2,-1,-1,3,-1
201763C048217,3,9,0,3,0,8,0,0,0,0,0,1,6,3,-1,-1,-1,-1,-1,-1,-1,-1
201763C049217,1,9,0,18,0,0,0,0,0,0,4,1,6,2,69,10,1360,1,13,-1,2,-1
201763C049217,2,9,0,2,0,0,0,0,0,0,4,1,6,1,52,8,1896,2,13,-1,3,-1
201763C049417,1,8,0,9,0,8,0,0,0,0,3,1,1,1,50,8,1998,2,14,-1,1,-1
201763C049417,2,9,0,18,0,1,0,0,0,0,1,1,1,2,54,8,998,1,2,-1,1,-1
201763C049417,3,9,0,7,0,1,0,0,0,0,0,1,6,2,27,6,1398,1,2,-1,1,-1
201763C049617,1,9,0,18,0,2,0,0,0,0,4,1,6,1,48,8,1598,2,1,-1,3,-1
201763C049617,2,9,0,2,0,1,0,0,0,0,0,1,6,3,-1,-1,-1,-1,-1,-1,-1,-1
201763C051317,1,9,0,18,0,1,0,0,0,0,1,1,6,2,48,8,1685,2,1,-1,3,-1
201763C051317,2,9,0,4,0,1,0,0,0,0,2,1,6,1,24,5,1997,2,9,-1,2,-1
201763C051317,3,9,0,3,0,1,0,0,0,0,2,1,6,2,26,6,1328,1,7,-1,1,-1
201763C051417,1,9,0,18,0,0,0,0,0,0,1,1,6,2,62,9,1364,1,-1,-1,-1,-1
201763C051417,2,9,0,18,0,0,0,0,1,0,1,1,6,1,61,9,1598,1,1,-1,2,-1
201763C051817,1,3,0,18,0,0,0,0,0,0,1,1,6,1,16,4,-1,-1,-1,-1,2,-1
201763C051817,2,9,0,18,0,0,0,0,0,0,1,1,6,1,34,6,-1,-1,-1,4,1,4
201763C052617,1,9,0,18,0,0,5,0,1,10,1,1,6,2,24,5,998,1,9,-1,1,-1
201763C053417,1,5,0,16,0,1,0,0,0,0,0,1,6,1,47,8,885,1,21,-1,3,-1
201763C053717,1,9,0,18,0,0,1,0,0,0,1,1,3,1,39,7,1753,2,14,-1,3,-1
201763C053717,2,21,0,18,0,0,0,0,0,0,1,1,1,1,60,9,9200,2,8,-1,3,-1
201763C054017,1,3,0,4,0,0,0,0,0,0,0,1,6,1,19,4,124,1,-1,3,1,3
201763C054017,2,3,0,4,0,0,0,0,0,0,0,1,6,1,32,6,599,1,19,-1,1,-1
201763C054317,1,9,0,18,0,1,0,0,0,0,1,1,2,2,28,6,1781,1,14,-1,1,-1
201763C054317,2,9,0,10,0,1,0,0,0,0,2,1,2,2,25,5,1984,1,12,-1,3,-1
201763C054617,1,9,0,9,0,1,0,0,0,0,1,1,1,2,30,6,1686,2,12,-1,1,-1
201763C054617,2,5,0,18,0,8,0,0,1,0,3,1,6,1,31,6,1052,1,21,-1,1,-1
201763C055917,1,9,0,18,0,0,5,0,0,0,3,1,6,1,76,11,1596,1,13,8,1,8
201763C055917,2,9,0,18,0,0,0,0,1,10,1,1,6,1,57,9,1870,2,14,4,1,4
201763C056317,1,19,0,18,0,1,0,0,1,10,1,1,1,1,27,6,2198,2,5,-1,1,-1
201763C056317,2,21,4,18,0,1,0,0,0,0,1,1,1,1,41,7,16400,2,1,-1,1,-1
201763C056317,3,9,0,3,0,1,0,0,0,0,0,1,6,3,-1,-1,-1,-1,-1,-1,-1,-1
201763C057017,1,9,0,1,0,0,0,0,0,0,2,1,6,1,54,8,1997,1,14,-1,1,-1
201763C057017,2,1,0,18,9,0,0,0,0,0,1,1,6,1,5,1,-1,-1,-1,-1,1,-1
201763C057317,1,9,0,18,0,0,0,0,1,0,1,1,6,1,70,10,998,1,4,7,1,7
201763C057317,2,9,0,18,0,0,0,0,7,0,1,1,6,1,49,8,1997,2,6,-1,3,-1
201763C057817,1,9,0,16,0,1,0,0,0,0,1,1,6,1,77,11,1699,1,10,-1,1,-1
201763C057817,2,9,0,17,0,1,1,0,1,10,1,1,6,1,74,10,1388,1,5,4,1,4
201763C057817,3,19,0,17,0,5,5,0,1,0,3,1,1,1,47,8,2143,2,3,-1,1,-1
201763C057917,1,9,0,4,0,1,0,0,0,0,1,1,2,1,21,5,1399,1,1,-1,1,-1
201763C057917,2,9,0,4,0,1,1,0,0,0,2,1,1,2,47,8,-1,-1,-1,-1,1,-1
201763C057917,3,9,0,9,0,5,0,0,0,0,0,1,6,3,-1,-1,-1,-1,-1,-1,-1,-1
201763C058317,1,9,0,9,0,1,0,0,0,0,1,1,6,1,65,9,1796,1,12,-1,3,-1
201763C058317,2,5,0,13,0,1,0,0,7,10,1,1,6,1,42,7,670,1,5,-1,3,-1
201763C058317,3,9,0,3,0,1,0,0,0,0,0,1,6,3,-1,-1,-1,-1,-1,-1,-1,-1
201763C058617,1,9,0,16,0,0,0,0,0,0,1,1,6,1,23,5,1199,1,14,-1,2,-1
201763C058617,2,19,0,18,0,0,0,0,0,0,1,1,6,1,26,6,2287,2,10,-1,3,-1
201763C058717,1,19,0,18,0,0,0,0,0,0,1,1,1,1,25,5,2287,2,2,-1,1,-1
201763C058717,2,9,0,18,0,0,0,0,0,0,1,1,6,1,24,5,998,1,-1,-1,3,-1
201763C058817,1,9,0,18,0,3,0,0,0,0,1,1,6,2,73,10,1840,1,17,-1,3,-1
201763C058817,2,9,0,3,0,8,0,0,0,0,2,1,6,2,37,7,1968,2,7,-1,1,-1
201763C058817,3,9,0,3,0,8,0,0,0,0,2,1,1,2,26,6,1390,1,16,-1,1,-1
201763C060417,1,9,0,18,0,6,0,0,0,0,4,1,6,1,36,7,1685,2,2,-1,3,-1
201763C060417,2,4,0,18,0,1,1,0,0,0,3,1,6,1,68,10,349,1,-1,-1,1,-1
201763C060617,1,5,0,18,0,1,0,0,1,10,1,1,6,1,32,6,599,1,20,-1,1,-1
201763C060817,1,9,0,9,0,6,0,0,0,0,3,1,6,1,21,5,1999,2,1,10,1,10
201763C060817,2,9,0,18,0,1,0,0,0,0,1,1,6,2,54,8,1560,2,10,-1,1,-1
201763C061117,1,19,0,18,0,0,0,0,0,0,4,1,6,1,50,8,3920,2,7,2,1,2
201763C061317,1,9,0,16,0,0,0,0,0,0,1,1,6,1,51,8,1781,1,16,-1,3,-1
201763C061317,2,9,0,18,0,0,0,0,1,0,1,1,2,1,51,8,1997,2,14,-1,3,-1
201763C061817,1,9,0,9,0,8,0,0,0,0,1,1,6,1,70,10,1360,1,16,-1,3,-1
201763C061817,2,1,0,18,0,8,0,0,0,0,1,1,6,2,42,7,-1,-1,-1,5,1,5
201763C061917,1,9,0,18,0,8,0,0,0,0,1,1,6,1,28,6,1598,1,6,-1,3,-1
201763C061917,2,9,0,10,0,5,0,0,0,0,2,1,6,2,49,8,1242,1,4,-1,2,-1
201763C062417,1,3,0,13,0,1,0,0,7,3,1,1,6,1,42,7,124,1,11,-1,1,-1
201763C062417,2,90,0,9,0,1,0,0,0,0,3,1,1,1,51,8,5480,2,19,-1,3,-1
201763C062417,3,9,0,18,0,1,0,0,0,0,0,1,6,3,-1,-1,-1,-1,-1,-1,-1,-1
201763C062817,1,1,0,18,0,0,1,0,0,0,1,1,6,1,41,7,-1,-1,-1,-1,3,-1
201763C062817,2,9,0,4,0,0,0,0,0,0,3,1,6,1,45,7,1598,2,-1,-1,3,-1
201763C063117,1,9,0,18,0,0,0,0,0,0,1,1,1,1,21,5,-1,-1,-1,-1,2,-1
201763C063117,2,9,0,4,0,0,0,0,0,0,2,1,6,1,71,10,1968,2,-1,-1,3,-1
201763C063117,3,8,0,4,0,0,0,0,0,0,2,1,6,2,60,9,-1,-1,-1,-1,1,-1
201763C063117,4,9,0,3,0,0,0,0,0,0,0,1,6,3,-1,-1,-1,-1,-1,-1,-1,-1
201763C063317,1,9,0,18,0,1,1,0,0,0,1,1,6,1,18,4,1360,1,13,-1,3,-1
201763C063317,2,9,0,4,0,1,0,0,0,0,2,1,6,1,28,6,999,1,-1,-1,3,-1
201763C063317,3,11,0,5,0,8,0,0,0,0,0,1,6,3,-1,-1,-1,-1,-1,-1,-1,-1
201763C063417,1,9,0,18,0,1,0,0,0,0,0,1,6,1,30,6,1240,1,14,-1,3,-1
201763C063917,1,9,0,17,0,0,0,0,0,0,1,1,6,1,60,9,1995,2,1,-1,1,-1
201763C063917,2,9,0,16,0,0,0,0,0,0,1,1,1,2,20,4,998,1,1,-1,1,-1
201763C064317,1,19,0,18,0,8,0,0,0,0,1,1,2,1,46,8,2198,2,3,-1,1,-1
201763C064317,2,9,0,18,0,8,0,0,0,0,1,1,6,1,40,7,2488,2,8,-1,3,-1
201763C064517,1,9,0,9,0,1,0,0,0,0,1,1,6,2,57,9,1598,1,5,-1,1,-1
201763C064517,2,9,0,18,0,1,0,0,0,0,1,1,6,2,27,6,1587,1,12,-1,3,-1
201763C064717,1,9,0,18,0,0,1,0,7,10,1,1,6,1,43,7,1997,2,11,-1,3,-1
201763C067917,1,9,0,18,0,1,0,0,0,0,0,1,6,2,84,11,1461,2,9,-1,3,-1
201763C067917,2,9,0,18,0,1,2,0,7,9,1,1,6,2,25,5,1560,2,9,-1,2,-1
201763C068017,1,9,0,18,0,0,0,0,0,0,1,1,6,2,64,9,998,1,6,-1,1,-1
201763C068317,1,9,0,18,0,2,0,0,0,0,1,1,6,1,20,4,1997,2,12,-1,1,-1
201763C068317,2,9,0,2,0,1,0,0,0,0,0,1,6,2,24,5,1910,2,9,-1,2,-1
201763C068617,1,9,0,18,0,1,0,0,0,0,4,1,6,1,71,10,1298,1,14,-1,1,-1
201763C068617,2,9,0,2,0,1,0,0,0,0,0,1,6,2,42,7,-1,-1,-1,-1,1,-1
201763C068717,1,1,0,18,0,1,0,0,0,0,1,1,6,1,46,8,-1,-1,-1,8,1,8
201763C068717,2,9,0,9,0,5,0,0,0,0,1,1,6,1,44,7,2987,2,1,-1,1,-1
201763C069317,1,8,0,18,0,1,0,0,1,10,1,1,1,1,24,5,-1,-1,-1,-1,3,-1
201763C069317,2,9,0,10,0,5,0,0,2,10,4,1,6,1,24,5,1991,2,10,-1,1,-1
201763C069617,1,9,0,18,0,0,1,0,0,0,1,1,6,1,21,5,-1,-1,-1,-1,2,-1
201763C070217,1,9,0,18,0,1,0,0,0,0,1,1,2,1,32,6,1910,2,9,-1,-1,-1
201763C070217,2,9,0,10,0,6,0,0,0,0,1,1,6,2,60,9,2400,2,8,-1,3,-1
201763C070317,1,9,0,18,0,0,2,0,8,10,1,1,6,1,20,4,1149,1,14,-1,3,-1
201763C070917,1,9,0,9,0,1,1,0,7,0,1,1,6,1,62,9,898,1,-1,5,3,5
201763C070917,2,9,0,18,0,1,1,0,1,10,1,1,6,1,82,11,1598,1,12,-1,2,-1
201763C071717,1,9,0,18,0,0,0,0,0,0,1,1,6,3,-1,-1,1229,1,11,-1,-1,-1
201763C071717,2,9,0,18,0,0,0,0,0,0,2,1,6,1,65,9,4235,1,33,-1,3,-1
201763C071717,3,9,0,18,0,0,0,0,0,0,0,1,1,1,54,8,2993,2,4,-1,1,-1
201763C071917,1,9,0,18,0,4,0,0,0,0,0,1,6,3,-1,-1,-1,-1,-1,-1,-1,-1
201763C071917,2,9,0,18,0,4,0,0,0,0,0,1,6,2,22,5,1198,1,12,-1,1,-1
201763C074317,1,9,0,18,0,0,0,0,0,0,1,1,6,1,38,7,1796,1,13,-1,2,-1
201763C074317,2,9,0,3,0,0,0,0,0,0,2,1,6,1,20,4,1461,2,3,-1,3,-1
201763C074317,3,9,0,3,0,0,0,0,0,0,2,1,6,2,25,5,1242,1,2,-1,1,-1
201763C074317,4,9,0,3,0,0,0,0,0,0,0,1,6,3,-1,-1,-1,-1,-1,-1,-1,-1
201763C074517,1,9,0,18,0,0,2,0,1,10,2,1,6,1,19,4,998,1,15,-1,3,-1
201763C074717,1,9,0,16,0,1,0,0,0,0,1,1,6,1,21,5,1396,1,14,-1,3,-1
201763C074717,2,17,4,17,0,1,0,0,1,1,1,1,1,1,24,5,-1,-1,-1,-1,3,-1
201763C074817,1,3,0,18,0,1,1,0,0,0,3,1,6,2,25,5,124,1,14,-1,2,-1
201763C074817,2,9,0,3,0,1,0,0,0,0,0,1,6,3,-1,-1,-1,-1,-1,-1,-1,-1
201763C075217,1,9,0,5,0,6,0,0,0,0,1,1,6,2,18,4,998,1,3,-1,3,-1
201763C075217,2,19,0,18,0,1,0,0,0,0,1,1,6,2,37,7,-1,-1,-1,-1,3,-1
201763C075917,1,9,0,4,0,1,1,0,0,0,0,1,2,1,22,5,-1,-1,-1,-1,2,-1
201763C076317,1,9,0,18,0,1,0,0,0,0,1,1,6,1,27,6,1199,2,6,-1,3,-1
201763C076317,2,9,0,4,0,1,0,0,0,0,2,1,6,1,54,8,1398,1,6,-1,1,-1
201763C076317,3,9,0,4,0,1,0,0,0,0,2,1,6,1,30,6,1598,2,4,-1,1,-1
201763C076317,4,9,0,9,0,5,0,0,0,0,0,1,6,3,-1,-1,-1,-1,-1,-1,-1,-1
201763C076717,1,9,4,18,0,0,0,0,0,0,1,1,1,1,35,6,-1,-1,-1,-1,2,-1
201763C076717,2,9,0,18,0,0,0,0,0,0,1,1,6,2,32,6,2688,2,16,-1,1,-1
201763C078017,1,9,0,18,0,1,0,0,0,0,1,1,6,2,23,5,1896,2,14,-1,1,-1
201763C078017,2,9,0,8,0,5,0,0,0,0,2,1,6,1,42,7,1995,2,7,-1,1,-1
201763C078117,1,9,0,18,0,8,0,0,1,10,1,1,6,1,33,6,1910,2,10,-1,1,-1
201763C078117,2,9,0,4,0,8,1,0,0,0,2,1,1,2,30,6,1560,2,4,-1,1,-1
201763C078117,3,9,0,10,0,1,0,0,0,0,2,1,2,1,33,6,1396,1,8,-1,1,-1
201763C078117,4,9,0,18,0,1,0,0,0,0,0,1,6,3,-1,-1,-1,-1,-1,-1,-1,-1
201763C078317,1,9,0,18,0,8,0,9,3,0,1,1,6,1,76,11,1560,2,1,-1,3,-1
201763C078317,2,19,4,18,0,8,0,0,0,0,3,1,2,1,49,8,1598,2,2,-1,3,-1
201763C078317,3,9,0,18,0,1,0,0,0,0,0,1,6,3,-1,-1,-1,-1,-1,-1,-1,-1
201763C078317,4,9,0,18,0,1,0,0,0,0,0,1,6,3,-1,-1,-1,-1,-1,-1,-1,-1
201763C078417,1,9,0,18,0,1,0,0,0,0,4,1,6,3,-1,-1,-1,-1,-1,-1,-1,-1
201763C078417,2,1,0,18,0,1,0,0,0,0,3,1,6,1,53,8,-1,-1,-1,-1,3,-1
201763C079417,1,9,0,17,0,0,5,0,2,10,4,1,6,2,20,4,1598,1,14,-1,3,-1
201763C079517,1,9,0,18,0,1,0,0,0,0,1,1,6,2,44,7,-1,-1,-1,-1,2,-1
201763C079517,2,9,0,4,0,1,0,0,0,0,2,1,6,2,32,6,1560,2,6,-1,2,-1
201763C079517,3,9,0,4,0,1,0,0,0,0,0,1,6,3,-1,-1,-1,-1,-1,-1,-1,-1
201763C080217,1,9,0,17,0,2,0,4,0,0,1,1,6,2,56,9,1120,2,5,-1,3,-1
201763C080217,2,9,0,2,9,8,0,0,0,0,1,1,6,1,59,9,1598,2,-1,-1,3,-1
201763C080217,3,9,0,2,9,8,0,0,0,0,1,1,6,2,57,9,1248,1,5,-1,3,-1
201763C081617,1,9,0,4,0,0,0,0,0,0,2,1,6,2,52,8,1199,1,4,-1,2,-1
201763C081617,2,9,0,18,0,0,1,0,0,0,1,1,6,1,29,6,2149,2,10,-1,2,-1
201763C082317,1,9,0,18,0,0,0,0,0,0,1,1,6,2,74,10,1560,2,7,-1,1,-1
201763C082317,2,9,0,4,0,0,0,0,0,0,2,1,2,1,41,7,1910,2,9,-1,2,-1
201763C082317,3,9,0,18,0,0,0,0,0,0,0,1,6,3,-1,-1,-1,-1,-1,-1,-1,-1
201763C082817,1,3,0,17,0,0,0,0,1,10,0,1,6,1,28,6,125,1,-1,-1,1,-1
201763C082817,2,19,0,16,0,0,0,0,0,0,0,1,6,3,-1,-1,-1,-1,-1,-1,-1,-1
201763C083117,1,9,0,10,0,8,0,0,0,0,1,1,6,2,42,7,1686,2,8,-1,3,-1
201763C083117,2,9,0,18,0,1,0,0,1,0,1,1,6,1,45,7,1997,2,13,-1,3,-1
201763C083117,3,9,0,9,0,8,0,0,0,0,0,1,6,1,41,7,1242,1,7,-1,3,-1
201763C083617,1,9,0,18,0,0,0,0,0,0,1,1,6,1,29,6,1560,2,6,-1,3,-1
201763C083617,2,9,0,4,0,0,0,0,0,0,2,1,6,2,17,4,1199,1,15,-1,3,-1
201763C083617,3,9,0,4,0,0,0,0,0,0,2,1,2,1,35,6,-1,-1,-1,-1,3,-1
201763C083617,4,9,0,3,0,0,0,0,0,0,0,1,6,3,-1,-1,-1,-1,-1,-1,-1,-1
201763C084117,1,9,0,18,0,0,2,0,2,10,4,1,6,1,29,6,1686,2,9,-1,3,-1
201763C084117,2,9,0,4,0,0,0,0,0,0,0,1,6,3,-1,-1,-1,-1,-1,-1,-1,-1
201763C084917,1,9,0,18,0,0,1,0,0,0,1,1,6,2,35,6,1108,1,13,-1,3,-1
201763C084917,2,21,0,4,0,0,0,0,0,0,2,1,1,1,50,8,12777,2,4,-1,3,-1
201763C084917,3,21,0,18,0,0,0,0,0,0,0,1,6,3,-1,-1,-1,-1,-1,-1,-1,-1
201763C085817,1,9,0,18,0,0,2,0,2,10,1,1,6,2,58,9,1275,1,24,-1,3,-1
201763C085817,2,9,0,18,0,0,0,0,0,0,0,1,6,3,-1,-1,-1,-1,-1,-1,-1,-1
201763C086917,1,9,0,9,0,1,0,0,0,0,3,1,6,1,66,10,1753,2,15,-1,3,-1
201763C086917,2,9,0,18,0,1,0,0,0,0,1,1,6,1,64,9,1991,2,11,-1,3,-1
201763C086917,3,9,0,10,0,1,0,0,0,0,1,1,6,2,19,4,998,1,17,-1,1,-1
201763C087217,1,9,0,18,0,1,0,0,0,0,1,1,6,1,18,4,1398,2,15,-1,3,-1
201763C087217,2,9,0,4,0,1,0,0,1,10,2,1,6,1,75,10,3950,1,16,-1,3,-1
201763C087217,3,9,0,9,0,5,0,0,0,0,0,1,6,3,-1,-1,-1,-1,-1,-1,-1,-1
201763C088117,1,19,0,18,0,0,1,0,2,10,1,1,1,1,58,9,2198,2,3,-1,1,-1
201763C088117,2,19,0,18,0,0,1,0,0,0,1,1,1,1,21,5,1998,2,11,-1,2,-1
201763C088217,1,19,0,18,0,0,1,0,2,10,1,1,1,1,26,6,2464,2,9,-1,1,-1
201763C088217,2,9,0,18,0,0,0,0,0,0,1,1,6,2,41,7,1373,1,1,-1,3,-1
201763C088817,1,19,0,18,0,1,0,0,0,0,1,1,1,1,58,9,2198,2,1,-1,2,-1
201763C088817,2,19,0,18,0,1,0,0,0,0,2,1,1,2,29,6,2198,2,1,-1,3,-1
201763C089217,1,9,0,16,0,0,0,0,1,10,1,1,6,1,17,4,1242,1,9,-1,3,-1
201763C089217,2,9,0,17,0,0,1,0,0,0,1,1,6,2,63,9,1390,2,7,-1,3,-1
201763C089817,1,3,0,18,0,0,0,0,0,0,1,1,6,1,19,4,125,1,1,-1,3,-1
201763C090017,1,9,0,18,0,0,0,0,0,0,1,1,6,1,22,5,1197,1,2,-1,2,-1
201763C090017,2,9,0,4,0,0,0,0,0,0,2,1,6,2,30,6,1598,1,1,-1,2,-1
201763C090017,3,9,0,3,0,0,0,0,0,0,0,1,6,3,-1,-1,-1,-1,-1,-1,-1,-1
201763C090417,1,9,0,18,0,0,0,0,0,0,1,1,6,1,20,4,1199,1,15,-1,1,-1
201763C090417,2,9,0,3,0,0,0,0,0,0,2,1,6,2,21,5,1399,2,7,-1,3,-1
201763C090417,3,9,0,3,0,0,0,0,0,0,0,1,6,3,-1,-1,-1,-1,-1,-1,-1,-1
201763C090817,1,9,0,4,0,0,0,0,0,0,2,1,1,2,70,10,1368,1,2,-1,2,-1
201763C090817,2,9,0,18,0,0,0,0,0,0,1,1,1,1,27,6,1560,2,2,-1,2,-1
201763C090917,1,9,0,9,0,5,0,0,0,0,1,1,6,2,55,8,1560,2,2,-1,3,-1
201763C090917,2,19,0,17,0,1,0,0,0,0,1,1,1,1,30,6,1998,2,15,-1,2,-1
201763C091117,1,9,0,18,0,2,0,0,0,0,3,1,6,2,28,6,1598,2,3,-1,2,-1
201763C091117,2,9,0,18,0,1,0,0,0,0,1,1,6,1,53,8,1149,1,11,-1,3,-1
201763C091217,1,4,0,16,0,0,1,0,0,0,1,1,2,1,23,5,487,1,17,-1,3,-1
201763C091217,2,9,0,4,0,0,0,0,1,0,2,1,2,1,22,5,998,1,4,-1,3,-1
201763C091217,3,9,0,3,0,0,0,0,0,0,0,1,1,1,33,6,1998,2,10,-1,3,-1
201763C091217,4,90,0,5,0,0,0,0,0,0,0,1,1,1,33,6,6370,2,5,-1,3,-1
201763C091517,1,9,0,16,0,1,0,0,0,0,3,1,6,2,81,11,1298,1,17,-1,2,-1
201763C091917,1,9,0,9,0,1,0,0,0,0,3,1,6,1,49,8,1781,1,12,4,3,4
201763C091917,2,9,0,18,0,1,0,0,0,0,1,1,2,1,24,5,1839,1,22,-1,3,-1
201763C092317,1,9,0,18,0,1,0,0,0,0,1,1,6,1,74,10,1995,2,11,-1,-1,-1
201763C092317,2,19,0,5,0,1,0,0,0,0,1,1,2,1,32,6,1870,2,13,-1,3,-1
201763C092417,1,4,0,13,0,0,1,0,7,0,4,1,6,1,46,8,849,1,16,-1,3,-1
201763C092417,2,19,0,13,0,0,0,0,0,0,3,1,1,1,42,7,1997,2,-1,-1,3,-1
201763C092417,3,21,0,18,0,0,0,0,0,0,0,1,6,3,-1,-1,-1,-1,-1,-1,-1,-1
201763C092717,1,9,0,4,0,1,0,0,0,0,1,1,6,1,28,6,1968,2,3,7,3,7
201763C092717,2,9,0,3,0,1,0,0,0,0,2,1,6,1,34,6,1995,2,10,-1,3,-1
201763C092717,3,9,0,10,0,5,0,0,0,0,2,1,6,2,58,9,1598,1,3,9,1,9
201763C092817,1,9,0,18,0,4,0,0,0,0,1,1,1,1,63,9,2188,2,13,-1,1,-1
201763C092817,2,1,0,18,0,8,0,0,0,0,4,1,2,2,68,10,-1,-1,-1,-1,3,-1
201763C093017,1,9,0,18,0,1,0,0,0,0,1,1,6,2,56,9,-1,-1,-1,-1,2,-1
201763C093017,2,9,0,4,0,1,0,0,0,0,2,1,6,1,74,10,2440,2,26,-1,3,-1
201763C093017,3,9,0,10,0,5,0,0,0,0,0,1,6,3,-1,-1,-1,-1,-1,-1,-1,-1
201763C093617,1,8,0,1,0,0,0,0,0,0,2,1,1,2,35,6,1797,8,2,-1,2,-1
201763C094517,1,9,0,18,0,1,0,0,0,0,1,1,6,2,27,6,1685,2,6,-1,2,-1
201763C094517,2,9,0,18,0,1,0,0,7,0,4,1,6,1,28,6,1686,2,5,-1,1,-1
201763C094717,1,9,0,18,0,0,1,0,1,10,1,1,1,1,25,5,1991,2,8,4,1,4
201763C095617,1,9,0,18,0,0,0,0,0,0,1,1,6,1,83,11,1396,1,20,-1,3,-1
201763C095617,2,9,0,18,0,0,0,0,0,0,2,1,6,2,54,8,1997,2,14,-1,2,-1
201763C095617,3,9,0,18,0,0,0,0,0,0,2,1,1,2,41,7,2204,2,11,-1,3,-1
201763C095617,4,17,0,18,0,0,0,0,0,0,0,1,6,3,-1,-1,-1,-1,-1,-1,-1,-1
201763C095817,1,9,0,16,0,0,0,0,1,10,4,1,6,2,23,5,1999,2,1,-1,1,-1
201763C096117,1,9,0,4,0,1,0,0,0,0,2,1,6,2,53,8,1598,1,9,-1,3,-1
201763C096117,2,9,0,18,0,1,0,0,0,0,1,1,6,2,24,5,1197,1,-1,-1,3,-1
201763C096217,1,9,0,18,0,8,0,9,1,10,4,1,6,1,18,4,1598,1,14,-1,2,-1
201763C097117,1,9,0,18,0,8,1,0,0,0,1,1,6,1,33,6,1598,1,18,-1,3,-1
201763C097117,2,9,0,18,0,8,1,0,0,0,3,1,6,1,36,7,2967,2,5,-1,3,-1
201763C097117,3,9,0,18,0,2,0,0,0,0,0,1,6,3,-1,-1,-1,-1,-1,-1,-1,-1
201763C097217,1,9,0,18,0,1,0,0,0,0,1,1,6,2,18,4,1596,1,14,-1,3,-1
201763C097217,2,9,0,18,0,8,0,0,0,0,1,1,6,2,74,10,1951,2,12,-1,3,-1
201763C098317,1,9,0,9,0,1,0,0,0,0,1,1,6,1,84,11,1248,2,2,-1,3,-1
201763C098317,2,9,0,17,0,1,0,0,0,0,1,1,6,2,60,9,1242,1,7,-1,3,-1
201763C098417,1,9,0,18,0,0,2,0,1,10,1,1,6,1,20,4,1364,1,10,-1,2,-1
201763C098517,1,9,0,18,0,1,0,0,0,0,4,1,2,2,82,11,1248,1,8,-1,2,-1
201763C098517,2,19,0,2,0,1,0,0,0,0,0,1,6,3,-1,-1,-1,-1,-1,-1,-1,-1
201763C099217,1,9,0,18,0,2,0,0,0,0,4,1,6,2,31,6,1598,1,11,-1,2,-1
201763C099217,2,2,0,18,0,1,0,0,0,0,1,1,6,1,19,4,49,1,1,-1,2,-1
201763C099417,1,9,0,9,0,6,0,0,0,0,1,1,1,1,24,5,1995,2,13,-1,1,-1
201763C099417,2,9,0,18,0,8,5,0,0,0,4,1,6,1,18,4,1124,1,15,-1,3,-1
201763C099517,1,9,0,7,0,1,0,0,0,0,1,1,6,1,23,5,1598,1,10,-1,3,-1
201763C099517,2,8,0,9,0,1,0,0,0,0,1,1,1,1,35,6,1998,2,12,-1,3,-1
201763C099717,1,19,0,18,0,1,1,0,0,0,1,1,6,1,22,5,1598,2,3,-1,1,-1
201763C099717,2,9,0,4,0,8,0,0,1,10,2,1,6,1,58,9,2993,2,2,-1,1,-1
201763C099717,3,9,0,10,0,5,0,0,0,0,0,1,6,3,-1,-1,-1,-1,-1,-1,-1,-1
201763C099917,1,9,0,18,0,0,0,0,0,0,4,1,6,3,-1,-1,-1,-1,-1,-1,-1,-1
201763C099917,2,1,0,18,0,0,0,0,1,9,3,1,6,1,50,8,-1,-1,-1,-1,3,-1
201763C100317,1,9,0,18,0,0,1,0,0,0,0,1,6,1,25,5,1248,2,9,-1,2,-1
201763C100417,1,9,0,4,0,0,0,0,1,10,1,1,1,2,25,5,1493,2,8,-1,2,-1
201763C100417,2,9,0,14,0,0,0,0,0,0,0,1,6,1,44,7,2720,2,10,-1,3,-1
201763C100817,1,9,0,18,0,0,2,0,7,10,1,1,6,1,24,5,1242,1,12,-1,2,-1
201763C100917,1,9,0,18,0,1,0,0,0,0,1,1,6,1,50,8,1998,2,13,-1,1,-1
201763C100917,2,11,0,4,0,8,0,0,0,0,0,1,6,3,-1,-1,-1,-1,-1,-1,-1,-1
201763C101517,1,9,0,18,0,1,0,0,0,0,1,1,6,2,50,8,1997,1,4,-1,3,-1