Accident_Index,Vehicle_Reference,Vehicle_Type,Towing_and_Articulation,Vehicle_Manoeuvre,Vehicle_Location-Restricted_Lane,Junction_Location,Skidding_and_Overturning,Hit_Object_in_Carriageway,Vehicle_Leaving_Carriageway,Hit_Object_off_Carriageway,1st_Point_of_Impact,Was_Vehicle_Left_Hand_Drive?,Journey_Purpose_of_Driver,Sex_of_Driver,Age_of_Driver,Age_Band_of_Driver,Engine_Capacity_(CC),Propulsion_Code,Age_of_Vehicle,Driver_IMD_Decile,Driver_Home_Area_Type,Vehicle_IMD_Decile
201763C101517,2,9,0,8,0,1,0,0,0,0,2,1,6,1,43,7,1598,1,12,-1,2,-1
201763C101817,1,8,0,7,0,1,0,0,0,0,0,1,1,1,49,8,1997,2,10,-1,2,-1
201763C102017,1,9,0,10,0,5,0,0,0,0,2,1,6,1,50,8,996,1,5,-1,1,-1
201763C102017,2,9,0,18,0,1,0,0,0,0,1,1,6,2,23,5,1598,2,4,-1,-1,-1
201763C102017,3,9,0,18,0,1,0,0,0,0,0,1,6,3,-1,-1,-1,-1,-1,-1,-1,-1
201763C102617,1,9,0,18,0,0,2,0,1,10,4,1,3,2,27,6,1839,1,22,-1,3,-1
201763C102717,1,19,0,4,0,0,0,0,0,0,4,1,1,1,45,7,1560,2,2,-1,2,-1
201763C102717,2,8,0,18,0,0,0,0,0,0,3,1,1,1,53,8,2664,2,17,-1,1,-1
201763C103817,1,9,0,16,0,0,5,0,1,9,1,1,2,2,60,9,1229,1,10,-1,2,-1
201763C104117,1,9,0,9,0,6,0,0,7,10,4,1,6,2,17,4,998,1,2,-1,1,-1
201763C104117,2,9,0,18,0,1,0,0,0,0,1,1,6,1,18,4,1248,2,9,-1,1,-1
201763C104117,3,21,0,2,0,1,0,0,0,0,0,1,6,3,-1,-1,-1,-1,-1,-1,-1,-1
201763C104317,1,9,4,18,0,1,0,0,0,0,1,1,1,1,60,9,2495,2,17,-1,3,-1
201763C104317,2,9,0,7,0,5,0,0,0,0,2,1,6,1,68,10,1596,1,12,-1,3,-1
201763C105517,1,1,0,18,5,1,1,0,0,0,1,1,2,1,45,7,-1,-1,-1,-1,2,-1
201763C105517,2,9,0,5,0,6,0,0,0,0,1,1,6,2,20,4,998,1,6,-1,1,-1
201763C105817,1,19,0,5,0,8,0,0,0,0,1,1,1,1,45,7,1997,2,10,-1,3,-1
201763C105817,2,9,0,18,0,8,5,0,0,0,1,1,6,1,28,6,-1,-1,-1,-1,2,-1
201763C105917,1,9,0,5,0,6,0,0,0,0,3,1,1,1,43,7,-1,-1,-1,-1,1,-1
201763C105917,2,3,0,18,0,2,0,0,1,10,4,1,6,1,23,5,124,1,9,-1,1,-1
201763C106617,1,9,0,18,0,0,0,0,1,3,1,1,6,1,24,5,1242,1,4,-1,3,-1
201763C106617,2,9,0,2,9,0,0,0,0,0,3,1,6,2,76,11,1984,1,15,-1,-1,-1
201763C106717,1,9,0,7,0,1,0,0,0,0,1,1,6,3,-1,-1,-1,-1,-1,-1,-1,-1
201763C107017,1,9,0,18,0,8,5,0,8,10,3,1,6,1,28,6,1368,1,6,-1,2,-1
201763C107917,1,9,0,17,0,0,5,0,8,10,1,1,6,1,18,4,1242,1,9,-1,1,-1
201763C108917,1,9,0,13,0,8,0,0,0,0,1,1,6,2,49,8,1197,1,2,-1,1,-1
201763C108917,2,21,0,9,0,5,0,0,0,0,2,1,1,1,49,8,12913,2,9,-1,3,-1
201763C108917,3,9,0,4,0,1,0,0,0,0,0,1,6,1,42,7,2720,2,12,-1,3,-1
201763C109117,1,9,0,17,0,0,5,0,2,10,1,1,6,2,19,4,1198,1,10,-1,3,-1
201763C110217,1,9,0,18,0,0,0,0,0,0,1,1,6,3,-1,-1,-1,-1,-1,-1,-1,-1
201763C110617,1,9,0,18,0,0,0,0,0,0,0,1,1,3,-1,-1,-1,-1,-1,-1,-1,-1
201763C110617,2,16,0,18,0,0,0,0,0,0,0,1,6,2,49,8,-1,-1,-1,-1,3,-1
201763C110617,3,9,0,18,0,0,0,0,0,0,0,1,6,3,-1,-1,-1,-1,-1,-1,-1,-1
201763C110617,4,9,0,18,0,0,0,0,0,0,0,1,6,3,-1,-1,-1,-1,-1,-1,-1,-1
201763C110917,1,9,0,18,0,0,0,0,0,0,0,1,6,2,33,6,-1,-1,-1,-1,3,-1
201763C110917,2,1,0,18,0,0,0,0,0,0,1,1,6,1,40,7,-1,-1,-1,-1,1,-1
201763C111817,1,9,0,9,0,2,0,0,0,0,4,1,2,1,22,5,1598,1,12,-1,2,-1
201763C111817,2,5,0,18,0,8,1,0,1,0,3,1,6,1,46,8,599,1,20,-1,3,-1
201763C112017,1,9,0,18,0,2,0,0,3,0,1,1,6,2,22,5,1598,1,9,-1,2,-1
201763C112017,2,9,0,18,0,1,0,0,1,10,1,1,1,1,31,6,1968,2,7,-1,2,-1
201763C112217,1,9,0,17,0,0,2,0,0,0,3,1,1,2,25,5,1242,1,3,-1,3,-1
201763C114517,1,9,0,7,0,6,0,0,0,0,3,1,6,1,67,10,1560,2,-1,-1,1,-1
201763C114517,2,1,0,18,0,8,0,0,0,0,1,1,2,1,50,8,-1,-1,-1,-1,3,-1
201763C114817,1,8,0,5,0,6,0,0,0,0,1,1,1,1,53,8,2198,2,10,-1,1,-1
201763C114817,2,9,0,18,0,1,0,0,0,0,4,1,6,3,-1,-1,-1,-1,-1,-1,-1,-1
201763C115717,1,9,0,18,0,0,0,0,0,0,1,1,6,1,24,5,1242,1,6,-1,2,-1
201763C116417,1,9,0,18,0,1,1,0,1,0,1,1,6,1,31,6,1783,1,15,-1,1,-1
201763C116417,2,9,0,4,0,1,0,0,0,0,2,1,6,1,87,11,-1,-1,-1,-1,2,-1
201763C116417,3,9,0,10,0,1,0,0,0,0,2,1,6,2,45,7,-1,-1,-1,-1,2,-1
201763C116417,4,9,0,18,0,1,0,0,0,0,1,1,6,2,37,7,1398,8,4,-1,3,-1
201763C116717,1,9,0,17,0,0,2,0,2,10,1,1,1,1,22,5,1339,1,14,-1,1,-1
201763C116717,2,9,0,16,0,0,0,0,0,0,0,1,6,3,-1,-1,-1,-1,-1,-1,-1,-1
201763C117417,1,9,0,18,0,1,0,0,0,0,2,1,6,1,46,8,999,1,3,-1,3,-1
201763C117417,2,9,0,18,0,1,0,0,0,0,1,1,6,1,42,7,1422,2,9,-1,1,-1
201763C117917,1,9,0,18,9,5,0,0,0,0,3,1,6,1,48,8,1997,2,7,-1,-1,-1
201763C118717,1,5,0,13,0,0,1,0,0,0,2,1,1,1,45,7,998,1,16,-1,1,-1
201763C118717,2,9,0,18,0,0,0,0,0,0,1,1,1,1,60,9,1997,1,11,-1,1,-1
201763C119117,1,9,0,18,0,0,0,0,0,0,1,1,6,2,65,9,1498,1,7,-1,1,-1
201763C119117,2,21,0,18,0,0,0,0,1,10,1,1,1,1,38,7,4461,2,9,-1,1,-1
201763C119717,1,9,0,5,0,1,0,0,0,0,1,1,1,1,32,6,1753,2,12,-1,2,-1
201763C119717,2,19,0,18,0,1,0,0,0,0,4,1,1,1,39,7,2143,2,-1,-1,1,-1
201763C119917,1,9,0,18,0,0,0,11,0,0,1,1,6,1,56,9,1422,2,8,-1,3,-1
201763C120117,1,9,0,18,0,2,0,0,0,0,1,1,6,2,84,11,1339,1,2,-1,2,-1
201763C120517,1,9,0,2,0,0,0,0,0,0,4,1,6,1,33,6,1242,1,11,-1,1,-1
201763C120517,2,8,0,18,0,0,0,0,0,0,3,1,1,1,47,8,-1,-1,-1,-1,1,-1
201763C121117,1,9,0,18,0,0,2,0,2,10,4,1,2,2,44,7,1248,1,5,-1,3,-1
201763C121117,2,9,0,18,0,0,0,0,0,0,1,1,6,2,46,8,1995,2,15,-1,3,-1
201763C121117,3,9,0,18,0,0,0,0,0,0,1,1,6,1,60,9,1968,2,-1,-1,3,-1
201763C121117,4,9,0,4,0,0,0,0,0,0,2,1,6,1,-1,-1,1686,2,4,-1,3,-1
201763C121517,1,9,0,18,0,4,0,7,3,0,1,1,6,1,51,8,1596,1,10,-1,1,-1
201763C121817,1,19,0,18,0,0,1,0,0,0,1,1,6,1,28,6,1956,2,7,-1,2,-1
201763C121817,2,9,0,1,0,0,0,0,0,0,2,1,6,2,32,6,2199,2,6,-1,3,-1
201763C121817,3,19,0,2,0,0,0,0,0,0,4,1,6,1,36,7,1560,2,4,-1,3,-1
201763C122317,1,9,0,18,0,1,0,0,0,0,3,1,6,2,34,6,1598,1,10,-1,-1,-1
201763C122417,1,9,0,18,0,0,0,0,0,0,1,1,6,1,18,4,1197,1,-1,-1,3,-1
201763C122417,2,9,0,4,0,0,0,0,0,0,2,1,1,2,32,6,1998,8,2,-1,3,-1
201763C122417,3,9,0,4,0,0,0,0,0,0,2,1,1,2,45,7,1968,2,11,-1,2,-1
201763C123817,1,9,0,13,0,1,1,0,0,0,4,1,2,1,21,5,1598,1,9,-1,2,-1
201763C123817,2,9,0,18,0,1,5,0,8,10,3,1,6,2,61,9,1560,2,11,-1,3,-1
201763C124017,1,9,0,16,0,1,0,0,0,0,1,1,6,2,39,7,1896,2,16,-1,1,-1
201763C124017,2,9,0,17,0,1,0,0,0,0,1,1,6,1,89,11,1596,1,4,-1,2,-1
201763C124417,1,19,0,18,0,0,0,0,7,9,1,1,1,1,47,8,1995,2,-1,-1,3,-1
201763C124417,2,9,0,18,0,0,0,0,1,10,1,1,6,1,64,9,1598,1,13,-1,3,-1
201763C124417,3,19,0,18,0,0,0,0,0,0,1,1,2,1,41,7,1995,2,7,-1,3,-1
201763C124617,1,9,0,18,0,1,0,0,0,0,1,1,6,2,45,7,1390,1,7,-1,1,-1
201763C124617,2,9,0,2,0,8,0,0,0,0,0,1,6,3,-1,-1,-1,-1,-1,-1,-1,-1
201763C124617,3,9,0,2,0,8,0,0,0,0,0,1,6,3,-1,-1,-1,-1,-1,-1,-1,-1
201763C124717,1,9,0,16,0,0,0,0,0,0,3,1,2,2,61,9,1389,1,16,-1,3,-1
201763C124717,2,9,0,17,0,0,0,0,2,10,3,1,6,1,45,7,-1,-1,-1,-1,1,-1
201763C125217,1,9,0,5,0,0,0,0,0,0,1,1,6,1,50,8,1499,2,-1,-1,1,-1
201763C125217,2,19,0,18,0,0,0,0,7,10,1,1,1,1,31,6,1956,2,-1,-1,1,-1
201763C125217,3,21,0,18,0,0,0,0,0,0,0,1,6,3,-1,-1,-1,-1,-1,-1,-1,-1
201763C125317,1,9,0,18,0,8,0,0,0,0,1,1,6,1,52,8,1910,2,12,-1,3,-1
201763C125417,1,9,0,9,0,0,0,0,0,0,1,1,6,2,78,11,1596,1,10,-1,3,-1
201763C125417,2,9,0,18,0,0,1,0,1,10,1,1,6,2,47,8,1398,1,7,-1,3,-1
201763C125417,3,9,0,2,0,0,0,0,0,0,2,1,6,2,81,11,1248,1,5,-1,3,-1
201763C125917,1,9,0,18,0,2,0,0,0,0,2,1,6,1,31,6,1796,1,10,-1,3,-1
201763C125917,2,9,0,4,0,2,0,0,0,0,2,1,6,1,33,6,2204,2,10,-1,1,-1
201763C125917,3,9,0,4,0,2,0,0,0,0,2,1,6,1,49,8,1124,1,13,-1,1,-1
201763C126317,1,9,0,18,0,0,1,0,1,1,1,1,1,1,21,5,1560,2,7,-1,1,-1
201763C126517,1,8,0,2,0,0,0,0,0,0,3,1,1,2,67,10,1998,2,11,-1,2,-1
201763C126517,2,9,0,18,0,0,0,0,0,0,1,1,6,1,30,6,1956,2,4,-1,2,-1
201763C126617,1,9,0,17,0,0,1,0,2,10,1,1,6,2,64,9,1199,2,5,-1,1,-1
201763C126817,1,9,0,18,0,8,0,0,0,0,1,1,6,2,30,6,1242,1,11,8,1,8
201763C126817,2,9,0,18,0,1,0,0,1,10,1,1,6,1,83,11,1991,2,12,-1,3,-1
201763C127017,1,9,0,9,0,6,0,0,0,0,3,1,6,1,85,11,1318,1,-1,2,1,2
201763C127017,2,9,0,18,0,1,0,0,0,0,1,1,6,1,77,11,2199,2,-1,-1,2,-1
201763C127717,1,9,0,18,0,0,0,0,8,10,1,1,6,1,20,4,1242,1,1,-1,2,-1
201763CP00117,1,9,0,18,0,0,2,0,1,10,4,1,3,2,25,5,1360,1,12,-1,3,-1
201763CP00217,1,9,0,9,0,6,0,10,7,0,1,1,6,1,31,6,1984,1,17,-1,3,-1
201763CP00317,1,9,0,18,0,0,1,0,2,10,1,1,6,1,26,6,1198,1,8,-1,3,-1
201763CP00417,1,9,0,18,0,0,0,0,0,0,1,1,6,1,23,5,1598,1,17,-1,3,-1
201763CP00517,1,1,0,18,0,0,1,0,0,0,0,1,6,1,58,9,-1,-1,-1,-1,-1,-1
201763CP00617,1,5,0,18,0,1,0,0,0,0,1,1,6,1,31,6,644,1,14,-1,1,-1
201763CP00617,2,9,0,5,0,1,0,0,0,0,2,1,2,1,40,7,-1,-1,-1,-1,3,-1
201763CP00717,1,9,4,18,0,1,0,0,0,0,1,1,1,1,46,8,2495,2,12,-1,3,-1
201763CP00717,2,9,0,9,0,1,0,0,0,0,2,1,6,1,71,10,1493,2,13,-1,2,-1
201763CP00817,1,9,0,18,0,0,0,0,0,0,1,1,6,1,29,6,1364,1,7,-1,2,-1
201763CP00817,2,9,0,18,0,0,0,0,0,0,2,1,1,1,17,4,1229,1,12,-1,-1,-1
201763CP00917,1,19,0,18,0,1,0,0,0,0,1,1,6,1,58,9,1598,2,10,-1,3,-1
201763CP00917,2,17,0,18,0,1,1,0,0,0,1,1,1,1,33,6,3621,2,1,-1,1,-1
201763CP00917,3,9,0,18,0,1,0,0,0,0,0,1,6,1,24,5,-1,-1,-1,-1,3,-1
201763CP01017,1,9,0,18,0,0,1,0,1,10,3,1,6,2,83,11,1248,1,6,-1,3,-1
201763CP01117,1,9,0,18,0,0,0,0,0,0,1,1,6,1,47,8,1598,1,2,-1,3,-1
201763CP01317,1,9,0,18,0,1,0,0,0,0,1,1,3,1,73,10,1396,1,5,-1,2,-1
201763CP01317,2,9,0,2,0,1,0,0,0,0,0,1,6,3,-1,-1,-1,-1,-1,-1,-1,-1
201763CP01317,3,9,0,2,0,1,0,0,0,0,0,1,6,3,-1,-1,-1,-1,-1,-1,-1,-1
201763CP01417,1,9,0,18,0,0,1,0,1,10,3,1,6,1,23,5,1296,1,9,-1,2,-1
201763CP01517,1,9,0,9,0,1,0,0,0,0,3,1,1,1,47,8,1896,2,16,-1,3,-1
201763CP01517,2,8,0,18,0,1,0,0,0,0,1,1,1,1,31,6,2497,2,4,-1,1,-1
201763CP01717,1,9,0,5,0,2,0,0,0,0,3,1,2,2,46,8,2688,2,13,-1,2,-1
201763CP01717,2,9,0,18,0,1,0,0,0,0,1,1,6,2,51,8,1390,1,3,-1,3,-1
201763CP01717,3,19,0,2,0,1,0,0,0,0,0,1,6,3,-1,-1,-1,-1,-1,-1,-1,-1
201763CP01817,1,8,0,18,0,1,0,0,0,0,1,1,3,1,68,10,1753,2,14,-1,2,-1
201763CP01817,2,9,0,18,0,1,0,0,0,0,2,1,3,2,37,7,2902,2,13,-1,2,-1
201763CP01917,1,19,0,18,0,0,0,0,0,0,1,1,1,1,28,6,2143,2,4,-1,1,-1
201763CP01917,2,9,0,3,0,0,0,0,0,0,2,1,6,2,44,7,996,1,3,-1,2,-1
201763CP02017,1,9,0,18,0,0,2,0,2,10,1,1,6,1,21,5,1199,1,14,-1,3,-1
201763CP02117,1,9,0,18,0,2,0,0,0,0,1,1,6,1,77,11,1598,2,1,-1,1,-1
201763CP02117,2,9,0,18,0,1,0,0,0,0,4,1,6,2,62,9,1598,1,7,-1,2,-1
201763CP02217,1,9,0,18,0,0,0,0,0,0,3,1,6,1,50,8,1360,1,13,-1,3,-1
201763CP02217,2,9,0,18,0,0,1,0,1,10,3,1,6,1,19,4,1999,1,15,-1,3,-1
201763CP02317,1,9,0,18,0,0,0,0,0,0,1,1,1,1,31,6,998,1,1,-1,2,-1
201763CP02317,2,19,0,18,0,0,0,0,0,0,1,1,2,1,31,6,1995,2,9,-1,3,-1
201763CP02417,1,9,0,17,0,2,1,7,1,0,4,1,2,1,52,8,1598,1,13,-1,3,-1
201763CP02417,2,19,0,18,0,1,0,0,0,0,3,1,1,1,30,6,2299,2,6,-1,1,-1
201763CP02517,1,9,0,18,0,0,0,0,0,0,1,1,6,2,43,7,1995,2,3,-1,3,-1
201763CP02617,1,9,0,18,0,0,1,0,7,4,4,1,6,1,18,4,1399,2,11,-1,2,-1
201763CP02717,1,9,0,18,0,0,2,0,8,10,1,1,6,1,18,4,1388,1,7,-1,1,-1
201763CP02817,1,19,0,18,9,0,0,0,7,7,1,1,1,1,63,9,2402,2,8,-1,1,-1
201763CP02917,1,9,0,18,0,1,0,0,0,0,4,1,6,2,18,4,1229,1,8,-1,3,-1
201763CP02917,2,9,0,18,0,1,0,0,0,0,4,1,6,1,56,9,1461,2,4,-1,3,-1
201763CP03017,1,19,0,16,0,0,2,0,7,10,1,1,1,1,29,6,1896,2,8,-1,3,-1
201763CP03117,1,9,0,16,0,0,1,0,0,0,1,1,2,1,26,6,-1,-1,-1,-1,3,-1
201763CP03117,2,9,0,17,0,0,0,0,0,0,1,1,6,1,18,4,1229,1,7,-1,2,-1
201763CP03217,1,3,0,16,0,0,1,0,0,0,0,1,2,2,17,4,124,1,1,-1,-1,-1
201763CP03317,1,9,0,18,0,1,0,0,0,0,1,1,6,2,84,11,1986,1,24,-1,3,-1
201763CP03317,2,19,0,18,0,1,0,0,0,0,1,1,3,2,68,10,1298,1,14,-1,3,-1
201763CP03417,1,9,0,18,0,1,1,0,0,0,1,1,6,2,36,7,1968,2,5,7,1,7
201763CP03417,2,9,0,18,0,1,1,0,0,0,1,1,6,1,28,6,1364,1,12,-1,1,-1
201763CP03517,1,9,0,18,0,1,2,0,1,0,1,1,6,2,44,7,2143,2,1,-1,3,-1
201763CP03517,2,19,0,9,0,8,0,0,0,0,4,1,1,1,35,6,2299,2,-1,2,1,2
201763CP03617,1,9,0,18,8,0,1,0,7,0,1,1,6,1,18,4,1596,1,12,-1,1,-1
201763CP03717,1,9,0,18,0,0,2,0,1,10,1,1,1,2,37,7,1299,1,15,-1,1,-1
201763CP03717,2,9,0,13,0,0,0,0,0,0,0,1,6,3,-1,-1,-1,-1,-1,-1,-1,-1
201763CP03717,3,9,0,18,0,0,0,0,0,0,0,1,6,3,-1,-1,-1,-1,-1,-1,-1,-1
201763CP03817,1,9,0,1,0,0,0,0,0,0,1,1,2,1,28,6,2148,2,12,-1,1,-1
201763CP03917,1,9,0,18,0,1,0,0,0,0,1,1,6,2,83,11,-1,-1,-1,-1,1,-1
201763CP04017,1,9,0,16,0,0,5,0,8,10,1,1,6,1,20,4,1390,1,8,-1,3,-1
201763CP04117,1,9,0,10,0,1,0,0,7,0,2,1,6,1,53,8,1997,2,4,-1,3,-1
201763CP04117,2,9,0,18,0,1,0,0,0,0,1,1,2,2,25,5,1398,1,4,-1,3,-1
201763CP04217,1,9,0,9,0,8,0,0,0,0,4,1,6,2,26,6,1461,2,9,-1,3,-1
201763CP04217,2,9,0,1,0,8,0,0,0,0,1,1,6,1,18,4,998,1,13,-1,1,-1
201763CP04317,1,9,0,4,0,1,0,0,0,0,2,1,6,2,27,6,1968,2,6,-1,2,-1
201763CP04317,2,9,0,18,0,1,0,0,0,0,1,1,1,1,38,7,2496,2,14,-1,2,-1
201763CP04317,3,9,0,18,0,1,0,0,0,0,0,1,6,3,-1,-1,-1,-1,-1,-1,-1,-1
201763CP04417,1,9,0,18,0,1,0,0,0,0,1,1,1,2,22,5,1198,1,13,-1,1,-1
201763CP04417,2,3,0,18,0,1,0,0,0,0,1,1,6,1,22,5,124,1,1,-1,1,-1
201763CP04517,1,9,0,13,0,0,0,0,0,0,1,1,2,1,31,6,1198,1,2,-1,2,-1
201763CP04517,2,9,0,18,0,0,0,0,0,0,1,1,2,2,42,7,1242,1,2,-1,2,-1
201763CP04517,3,21,0,18,0,0,0,0,0,0,0,1,1,1,35,6,12580,2,12,-1,3,-1
201763CP04517,4,9,0,18,0,0,0,0,0,0,0,1,2,2,44,7,1686,2,8,-1,3,-1
201763CP04617,1,9,0,18,0,0,2,0,1,10,4,1,6,1,30,6,1390,1,7,-1,3,-1
201763CP04717,1,9,0,18,0,0,2,0,2,10,1,1,6,2,35,6,1560,2,8,-1,3,-1
201763CP04817,1,9,0,18,0,1,0,0,0,0,1,1,6,2,60,9,1086,1,10,-1,2,-1
201763CP04817,2,9,0,3,0,1,0,0,0,0,2,1,6,2,30,6,1968,2,4,-1,1,-1
201763CP04817,3,9,0,9,0,5,0,0,0,0,0,1,6,3,-1,-1,-1,-1,-1,-1,-1,-1
201763CP04917,1,9,0,18,9,1,0,0,7,4,1,1,3,1,65,9,1590,1,15,-1,1,-1
201763CP04917,2,9,0,2,9,1,0,0,0,0,2,1,6,1,53,8,1783,1,14,-1,1,-1
201763CP05017,1,9,0,7,9,1,0,0,0,0,1,1,2,1,33,6,1598,2,1,-1,1,-1
201763CP05017,2,1,0,18,9,1,0,0,0,0,1,1,6,1,22,5,-1,-1,-1,-1,1,-1
201763CP05117,1,9,0,18,0,1,0,0,0,0,1,1,2,2,52,8,1368,1,2,-1,3,-1
201763CP05117,2,9,0,7,0,1,0,0,0,0,1,1,2,2,55,8,999,1,5,-1,2,-1
201763CP05217,1,9,0,18,0,0,0,0,0,0,0,1,6,3,-1,-1,-1,-1,-1,-1,-1,-1
201763CP05317,1,90,0,18,0,8,5,0,7,10,1,1,1,1,25,5,-1,-1,-1,-1,3,-1
201763CP05317,2,9,0,18,0,8,0,0,0,0,3,1,6,2,18,4,1198,1,9,-1,3,-1
201763CP05317,3,9,0,7,0,5,0,0,0,0,0,1,6,3,-1,-1,-1,-1,-1,-1,-1,-1
201763CP05317,4,9,0,9,0,6,0,0,0,0,0,1,6,3,-1,-1,-1,-1,-1,-1,-1,-1
201763CP05317,5,9,0,9,0,6,0,0,0,0,0,1,6,3,-1,-1,-1,-1,-1,-1,-1,-1
201763CP05417,1,9,0,18,0,1,0,0,0,0,4,1,6,2,42,7,1596,1,7,-1,2,-1
201763CP05417,2,9,0,4,0,1,0,0,0,0,0,1,6,3,-1,-1,-1,-1,-1,-1,-1,-1
201763CP05517,1,3,0,17,0,0,1,0,2,10,4,1,6,2,18,4,124,1,3,-1,3,-1
201763CP05617,1,9,0,1,0,0,0,0,0,0,2,1,6,1,43,7,1995,2,2,-1,1,-1
201763CP05617,2,9,0,3,0,0,0,0,0,0,1,1,6,2,28,6,1199,1,15,-1,3,-1
201763CP05717,1,9,0,10,0,1,0,0,0,0,2,1,6,1,66,10,1560,2,8,-1,3,-1
201763CP05717,2,19,0,18,0,1,0,0,1,0,1,1,1,1,20,4,1248,2,1,-1,1,-1
201763CP05717,3,9,0,4,0,1,1,0,0,0,1,1,1,1,36,7,-1,-1,-1,-1,3,-1
201763CP05817,1,9,0,18,0,0,0,0,0,0,0,1,1,3,-1,-1,-1,-1,-1,-1,-1,-1
201763CP05817,2,9,0,4,0,0,0,0,0,0,0,1,2,1,65,9,1299,1,18,-1,3,-1
201763CP05817,3,9,0,4,0,0,0,0,0,0,2,1,2,2,17,4,1399,2,6,-1,3,-1
201763CP05817,4,9,0,18,0,0,0,0,0,0,1,1,6,1,72,10,1998,1,17,-1,1,-1
201763CP05917,1,9,0,18,0,1,0,0,0,0,1,1,6,2,41,7,1896,2,14,-1,3,-1
201763CP05917,2,19,0,10,0,5,0,0,0,0,2,1,2,1,62,9,3198,2,1,-1,3,-1
201763CP06017,1,9,0,18,0,0,0,0,7,0,1,1,2,1,29,6,2143,2,5,-1,3,-1
201763CP06017,2,9,0,3,0,0,0,0,0,0,2,1,2,1,44,7,-1,-1,-1,-1,1,-1
201763CP06017,3,9,0,4,0,0,0,0,0,0,0,1,6,3,-1,-1,-1,-1,-1,-1,-1,-1
201763CP06117,1,9,0,7,0,8,1,0,0,0,1,1,6,1,30,6,1497,1,13,-1,3,-1
201763CP06117,2,9,0,18,0,8,0,0,1,10,1,1,6,2,41,7,1753,2,14,-1,3,-1
201763CP06217,1,9,0,18,0,0,0,4,0,0,1,1,6,2,75,10,999,1,4,-1,1,-1
201763CP06217,2,9,0,2,0,0,0,4,0,0,1,1,6,1,32,6,1896,2,13,-1,3,-1
201763CP06217,3,9,0,2,0,0,0,0,0,0,1,1,6,1,31,6,1390,1,12,-1,3,-1
201763CP06317,1,2,0,18,0,0,2,0,0,0,0,1,6,1,38,7,-1,-1,-1,-1,2,-1
201763CP06417,1,1,0,18,0,0,1,0,0,0,1,1,6,1,16,4,-1,-1,-1,-1,1,-1
201763CP06417,2,19,0,18,0,0,0,0,0,0,1,1,2,1,47,8,1598,2,3,-1,3,-1
201763CP06517,1,5,0,18,0,1,0,0,0,0,1,1,6,1,50,8,535,1,17,-1,3,-1
201763CP06517,2,19,0,6,0,1,0,0,0,0,3,1,1,1,42,7,2143,2,3,-1,1,-1
201763CP06617,1,9,0,18,0,1,0,0,0,0,1,1,6,2,22,5,1396,1,6,-1,-1,-1
201763CP06617,2,9,0,4,0,1,0,0,0,0,2,1,6,2,19,4,1149,1,7,-1,2,-1
201763CP06617,3,9,0,4,0,1,0,0,0,0,2,1,6,2,55,8,1598,1,7,-1,3,-1
201763D000517,1,9,0,18,0,0,2,0,1,9,4,1,6,1,79,11,1339,1,9,4,3,4
201763D001117,1,9,0,2,0,0,0,0,0,0,1,1,6,2,38,7,1398,2,15,-1,3,-1
201763D001117,2,9,0,13,0,0,0,0,0,0,3,1,6,1,59,9,1399,2,15,-1,2,-1
201763D001117,3,1,0,14,0,0,0,0,0,0,4,1,6,1,67,10,-1,-1,-1,-1,3,-1
201763D002417,1,9,0,18,0,2,0,0,0,0,4,1,6,1,62,9,1994,2,10,-1,3,-1
201763D002417,2,5,0,18,0,1,0,0,7,10,3,1,6,1,63,9,999,1,2,-1,3,-1
201763D002617,1,9,0,16,0,0,0,0,7,7,1,1,1,1,42,7,1995,2,9,-1,1,-1
201763D002617,2,21,0,17,0,0,1,0,7,10,1,1,1,1,57,9,16123,2,-1,-1,2,-1
201763D002717,1,5,0,13,0,0,0,0,7,10,0,1,6,2,44,7,645,1,8,4,1,4
201763D002717,2,19,3,17,0,0,0,0,1,10,3,1,2,1,46,8,2143,2,3,-1,1,-1
201763D002717,3,9,0,18,0,0,0,0,0,0,0,1,6,3,-1,-1,-1,-1,-1,-1,-1,-1
201763D002817,1,9,0,18,0,0,1,0,7,0,1,1,6,1,31,6,2184,2,8,-1,1,-1
201763D002817,2,9,0,18,0,0,0,0,0,0,1,1,6,2,70,10,1598,2,4,-1,3,-1
201763D003017,1,9,0,13,0,0,2,0,0,0,1,1,2,1,35,6,1968,2,6,-1,1,-1
201763D003017,2,21,1,18,0,0,1,0,0,0,3,1,1,1,57,9,15928,2,6,-1,3,-1
201763D003017,3,9,0,18,0,0,0,0,0,0,1,1,6,1,44,7,1984,2,2,-1,2,-1
201763D003017,4,9,0,18,0,0,0,0,0,0,0,1,2,1,22,5,2967,2,6,-1,1,-1
201763D003117,1,9,0,18,0,0,1,0,0,0,1,1,6,2,36,7,1596,1,7,-1,3,-1
201763D003117,2,9,0,18,0,0,1,0,0,0,1,1,2,1,42,7,1910,2,11,-1,1,-1
201763D029817,1,5,0,18,0,0,0,0,0,0,0,1,6,1,58,9,782,1,-1,-1,1,-1
201763D030117,1,19,0,18,0,1,0,0,0,0,3,1,1,1,52,8,2198,2,2,9,3,9
201763D030117,2,9,0,18,0,1,0,0,0,0,4,1,1,2,37,7,1368,1,3,-1,3,-1
201763D030217,1,9,0,18,0,1,0,0,0,0,1,1,2,2,75,10,-1,-1,-1,-1,3,-1
201763D030217,2,9,0,10,0,1,0,0,0,0,2,1,2,2,27,6,2204,2,11,-1,1,-1
201763D030517,1,19,0,18,0,0,0,0,0,0,3,1,1,1,52,8,2402,2,14,-1,1,-1
201763D030517,2,21,0,18,0,0,0,0,0,0,3,1,1,1,51,8,10837,2,2,-1,3,-1