Accident_Index,Vehicle_Reference,Vehicle_Type,Towing_and_Articulation,Vehicle_Manoeuvre,Vehicle_Location-Restricted_Lane,Junction_Location,Skidding_and_Overturning,Hit_Object_in_Carriageway,Vehicle_Leaving_Carriageway,Hit_Object_off_Carriageway,1st_Point_of_Impact,Was_Vehicle_Left_Hand_Drive?,Journey_Purpose_of_Driver,Sex_of_Driver,Age_of_Driver,Age_Band_of_Driver,Engine_Capacity_(CC),Propulsion_Code,Age_of_Vehicle,Driver_IMD_Decile,Driver_Home_Area_Type,Vehicle_IMD_Decile
201763D030517,3,9,0,18,0,0,0,0,0,0,1,1,2,1,21,5,1597,2,3,-1,1,-1
201763D031517,1,21,0,18,0,1,1,0,0,0,1,1,1,1,60,9,-1,2,18,-1,3,-1
201763D031717,1,9,0,18,0,0,0,0,0,0,3,1,6,1,81,11,1586,1,1,-1,3,-1
201763D031717,2,9,0,18,0,0,0,0,0,0,3,1,6,1,49,8,1422,2,7,-1,3,-1
201763D032617,1,9,0,18,0,1,1,0,0,0,2,1,6,2,21,5,1242,1,11,-1,2,-1
201763D032617,2,9,0,18,0,1,1,0,0,0,2,1,6,1,53,8,1999,1,9,7,1,7
201763D032617,3,9,0,18,0,1,1,0,0,0,1,1,6,2,18,4,1397,1,8,4,3,4
201763D032617,4,9,0,4,0,1,0,0,0,0,0,1,6,3,-1,-1,-1,-1,-1,-1,-1,-1
201763D032717,1,9,0,18,0,0,0,0,0,0,1,1,6,1,70,10,1995,2,10,4,3,4
201763D032917,1,9,0,18,0,0,0,0,0,0,1,1,6,1,44,7,1896,2,15,-1,-1,-1
201763D032917,2,9,0,3,0,0,0,0,0,0,2,1,6,1,54,8,1275,1,24,1,1,1
201763D032917,3,9,0,3,0,0,0,0,0,0,2,1,6,1,73,10,1339,1,7,3,1,3
201763D033217,1,9,4,18,0,0,0,4,0,0,1,1,6,1,76,11,-1,-1,-1,-1,3,-1
201763D033217,2,9,0,2,0,0,0,0,1,0,3,1,6,1,52,8,898,1,1,-1,2,-1
201763D035417,1,9,0,4,0,1,0,0,0,0,2,1,6,1,27,6,1590,1,12,-1,3,-1
201763D035417,2,9,0,18,0,1,0,0,0,0,1,1,6,2,65,9,1328,1,12,-1,3,-1
201763D035417,3,9,0,5,0,1,0,0,0,0,0,1,6,3,-1,-1,-1,-1,-1,-1,-1,-1
201763D035717,1,5,0,16,0,0,0,0,0,0,1,1,6,1,46,8,1043,1,5,-1,1,-1
201763D035717,2,19,0,17,0,0,0,0,0,0,1,1,6,1,32,6,1995,2,-1,-1,3,-1
201763D035817,1,9,0,18,0,1,1,0,0,0,4,1,6,1,34,6,1591,1,5,-1,1,-1
201763D035817,2,9,0,10,0,1,0,0,0,0,1,1,6,1,69,10,1796,1,3,1,1,1
201763D036117,1,9,0,18,0,1,0,0,0,0,4,1,6,1,61,9,2488,1,13,-1,3,-1
201763D036117,2,9,0,2,0,1,0,0,0,0,0,1,6,3,-1,-1,-1,-1,-1,-1,-1,-1
201763D036117,3,9,0,2,0,1,0,0,0,0,0,1,6,3,-1,-1,-1,-1,-1,-1,-1,-1
201763D038317,1,9,0,18,0,0,2,0,2,4,3,1,6,1,55,8,2495,2,18,-1,3,-1
201763D038417,1,9,0,4,0,1,0,0,0,0,2,1,2,2,25,5,1560,2,7,-1,2,-1
201763D038417,2,9,0,18,0,1,0,0,0,0,1,1,2,2,42,7,1596,1,16,-1,3,-1
201763D038417,3,9,0,18,0,1,0,0,0,0,1,1,6,2,44,7,-1,-1,-1,-1,3,-1
201763D038417,4,9,0,18,0,1,0,0,0,0,1,1,6,1,24,5,1560,2,3,-1,2,-1
201763D038417,5,9,0,9,0,1,0,0,0,0,2,1,6,1,50,8,1968,2,3,-1,1,-1
201763D038517,1,5,0,18,0,1,1,0,0,0,3,1,6,1,54,8,750,1,48,9,1,9
201763D038517,2,9,0,18,0,1,0,0,0,0,3,1,6,2,59,9,1560,2,5,-1,3,-1
201763D038617,1,9,3,13,0,0,0,0,0,0,3,1,6,1,68,10,2191,2,4,6,3,6
201763D038617,2,1,0,18,0,0,0,0,0,0,3,1,6,1,30,6,-1,-1,-1,4,1,4
201763D038717,1,21,0,18,0,1,0,0,0,0,1,1,1,1,24,5,6692,2,5,-1,-1,-1
201763D038717,2,9,0,4,0,1,0,0,0,0,2,1,6,1,61,9,1969,2,1,4,3,4
201763D038717,3,9,0,10,0,1,0,0,0,0,2,1,6,1,20,4,1596,1,11,8,1,8
201763D039417,1,9,0,17,0,0,5,0,2,10,1,1,6,1,26,6,1397,1,9,-1,1,-1
201763D039517,1,9,0,18,0,0,5,0,1,10,1,1,1,1,27,6,998,1,1,-1,1,-1
201763D039617,1,9,0,18,0,1,1,0,0,0,1,1,6,1,41,7,1956,2,4,-1,3,-1
201763D039617,2,21,0,4,0,1,1,0,0,0,2,1,1,1,29,6,10800,2,1,2,1,2
201763D039617,3,9,0,9,0,5,0,0,0,0,0,1,6,3,-1,-1,-1,-1,-1,-1,-1,-1
201763D040717,1,1,0,18,0,2,0,0,0,0,1,1,6,2,24,5,-1,-1,-1,-1,2,-1
201763D040717,2,8,0,18,0,1,0,0,0,0,3,1,1,2,49,8,2198,2,2,-1,3,-1
201763D040917,1,21,5,17,0,0,0,0,1,7,4,1,1,1,25,5,12419,2,6,-1,3,-1
201763D041217,1,9,0,18,0,0,5,0,7,10,1,1,6,2,74,10,1398,1,7,-1,3,-1
201763D041317,1,9,0,16,0,0,0,0,0,0,1,1,6,1,34,6,1388,1,14,-1,1,-1
201763D041317,2,9,0,17,0,0,0,0,0,0,1,1,6,1,19,4,998,1,10,-1,1,-1
201763D042217,1,9,0,18,0,0,0,0,0,0,1,1,6,2,26,6,1598,1,14,-1,2,-1
201763D042417,1,9,0,18,0,1,2,0,7,10,3,1,6,1,38,7,1951,2,13,-1,2,-1
201763D043017,1,8,0,17,0,0,0,0,1,7,1,1,1,1,50,8,1997,2,3,4,1,4
201763D043017,2,9,0,16,0,0,0,0,0,0,0,1,6,3,-1,-1,-1,-1,-1,-1,-1,-1
201763D043417,1,9,0,18,0,8,0,0,0,0,1,1,6,2,30,6,1896,2,12,-1,2,-1
201763D043417,2,1,0,18,0,8,0,0,0,0,2,1,6,1,51,8,-1,-1,-1,8,2,8
201763D044017,1,9,0,16,0,0,5,0,1,1,1,1,6,1,18,4,1242,1,15,-1,2,-1
201763D044217,1,9,0,18,0,0,2,0,1,10,4,1,6,2,25,5,1599,1,13,-1,-1,-1
201763D044317,1,9,0,7,0,0,2,0,1,4,1,1,6,1,20,4,1598,1,10,-1,2,-1
201763D044417,1,9,0,18,0,8,0,0,1,10,3,1,6,1,22,5,1242,1,6,5,1,5
201763D044417,2,9,0,9,0,5,0,0,0,0,1,1,6,2,53,8,1995,2,2,-1,-1,-1
201763D044617,1,90,0,18,0,0,0,0,0,0,-1,1,6,1,-1,-1,-1,3,-1,-1,2,-1
201763D045317,1,5,0,4,0,0,1,0,0,0,3,1,6,1,62,9,798,1,28,-1,1,-1
201763D045417,1,9,0,5,0,8,0,0,0,0,1,1,6,1,65,9,1968,2,5,-1,2,-1
201763D045417,2,9,0,18,0,8,0,0,1,0,3,1,6,2,18,4,1242,1,-1,-1,3,-1
201763D045717,1,9,0,18,0,1,1,0,0,0,1,1,6,1,60,9,2497,1,14,-1,-1,-1
201763D045717,2,9,0,18,0,1,0,0,0,0,1,1,6,2,54,8,1499,2,2,-1,1,-1
201763D045717,3,9,0,3,0,1,0,0,0,0,2,1,2,1,58,9,1461,2,3,-1,1,-1
201763D045717,4,9,0,4,0,1,0,0,0,0,0,1,6,3,-1,-1,-1,-1,-1,-1,-1,-1
201763D046117,1,9,0,18,0,0,0,0,7,0,1,1,6,1,25,5,1242,1,4,9,1,9
201763D046117,2,9,0,18,0,0,1,0,0,0,1,1,6,1,58,9,1461,2,4,-1,3,-1
201763D046417,1,9,0,9,0,6,0,0,0,0,1,1,6,1,59,9,1461,2,8,6,3,6
201763D046417,2,5,0,18,0,1,0,0,0,0,1,1,6,1,50,8,1215,1,2,9,1,9
201763D047717,1,9,0,9,0,6,0,0,0,0,1,1,1,1,29,6,1968,2,1,-1,1,-1
201763D047717,2,9,0,18,0,1,0,0,1,0,1,1,6,1,63,9,998,1,2,-1,2,-1
201763D047917,1,90,0,18,0,0,1,0,0,0,1,1,6,1,67,10,2446,2,22,5,1,5
201763D047917,2,9,0,3,0,0,0,0,0,0,2,1,2,1,39,7,998,1,4,-1,3,-1
201763D047917,3,9,0,3,0,0,0,0,0,0,2,1,6,1,73,10,1497,1,13,-1,3,-1
201763D047917,4,9,0,5,0,0,0,0,0,0,0,1,6,3,-1,-1,-1,-1,-1,-1,-1,-1
201763D048417,1,9,0,17,0,0,5,0,2,10,1,1,6,2,25,5,1560,2,11,-1,1,-1
201763D048517,1,9,0,17,0,0,0,0,0,0,1,1,6,2,75,10,1200,1,2,8,1,8
201763D048517,2,9,0,16,0,0,0,0,1,9,1,1,6,2,20,4,1799,1,6,6,1,6
201763D049017,1,9,0,9,0,1,2,0,0,0,4,1,6,1,66,10,1968,2,7,-1,2,-1
201763D050017,1,11,0,18,0,0,0,0,0,0,4,1,1,1,61,9,4250,2,13,2,1,2
201763D050117,1,9,0,18,0,0,1,0,1,0,1,1,6,1,31,6,1461,2,1,6,1,6
201763D050117,2,9,0,18,0,0,1,0,1,10,1,1,6,2,47,8,1598,1,11,-1,2,-1
201763D050117,3,9,0,18,0,0,1,0,1,10,3,1,6,2,21,5,1299,1,12,10,1,10
201763D051017,1,9,0,18,0,3,0,0,0,0,4,1,6,3,-1,-1,-1,-1,-1,-1,-1,-1
201763D051017,2,1,0,18,0,8,0,0,0,0,2,1,6,1,12,3,-1,-1,-1,-1,1,-1
201763D051217,1,9,0,18,0,0,5,0,2,10,1,1,6,1,18,4,1781,1,17,-1,1,-1
201763D051717,1,9,0,17,0,0,5,0,1,9,1,1,6,1,20,4,1124,1,12,-1,1,-1
201763D052217,1,17,5,7,0,5,0,0,0,0,1,1,6,2,-1,-1,6788,2,14,-1,3,-1
201763D052217,2,4,0,16,0,1,0,0,0,0,1,1,6,1,21,5,649,1,3,-1,1,-1
201763D052317,1,19,0,18,0,0,1,0,0,0,1,1,1,1,40,7,-1,-1,-1,4,1,4
201763D052317,2,9,0,4,0,0,0,0,0,0,2,1,6,1,63,9,1598,1,7,-1,3,-1
201763D052317,3,9,0,3,0,0,0,0,0,0,0,1,6,3,-1,-1,-1,-1,-1,-1,-1,-1
201763D052717,1,9,0,18,0,0,1,0,0,0,1,1,2,1,21,5,1753,2,15,-1,3,-1
201763D052717,2,9,0,18,0,0,0,0,1,10,1,1,6,1,27,6,1910,2,12,3,3,3
201763D053017,1,5,0,18,0,0,0,0,7,10,3,1,6,1,30,6,954,1,15,10,3,10
201763D053617,1,9,0,18,0,4,0,0,0,0,1,1,6,1,23,5,998,1,17,-1,1,-1
201763D053617,2,9,0,18,0,8,0,0,0,0,2,1,2,2,33,6,1598,1,11,-1,1,-1
201763D053917,1,5,0,4,0,1,1,0,7,0,0,1,6,1,34,6,636,1,15,-1,2,-1
201763D053917,2,5,0,10,0,5,0,0,0,0,0,1,6,3,-1,-1,-1,-1,-1,-1,-1,-1
201763D054117,1,9,0,17,0,0,0,0,0,0,1,1,6,1,43,7,973,1,17,-1,2,-1
201763D054117,2,9,0,16,0,0,0,0,0,0,3,1,1,2,30,6,1398,2,7,-1,2,-1
201763D054217,1,9,0,16,0,0,1,0,7,0,1,1,6,2,18,4,1061,1,13,-1,3,-1
201763D054217,2,9,0,4,6,0,1,0,0,0,1,1,1,1,75,10,-1,-1,-1,-1,3,-1
201763D054517,1,9,0,4,0,0,0,0,0,0,3,1,6,2,34,6,1364,1,12,-1,2,-1
201763D054517,2,1,0,18,0,0,0,4,0,0,1,1,6,1,19,4,-1,-1,-1,-1,3,-1
201763D054717,1,1,0,18,0,0,0,12,0,0,1,1,6,1,52,8,-1,-1,-1,-1,3,-1
201763D054817,1,9,0,12,0,1,0,0,0,0,1,1,6,2,65,9,1997,2,3,-1,3,-1
201763D054817,2,9,0,18,0,1,0,0,7,2,4,1,6,2,65,9,1995,2,1,-1,3,-1
201763D054817,3,9,0,2,9,1,0,0,0,0,4,1,6,2,60,9,1995,2,-1,5,3,5
201763D054917,1,9,0,18,0,1,0,0,1,10,4,1,6,1,60,9,1598,1,5,9,1,9
201763D055017,1,9,0,18,0,0,1,0,1,4,1,1,6,1,32,6,1242,1,13,-1,3,-1
201763D055217,1,9,0,9,0,2,0,0,0,0,1,1,6,1,46,8,1560,2,2,-1,2,-1
201763D055217,2,5,0,18,0,1,0,0,0,0,1,1,6,1,61,9,1170,1,2,8,2,8
201763D055217,3,9,0,3,0,1,0,0,0,0,0,1,6,3,-1,-1,-1,-1,-1,-1,-1,-1
201763D055317,1,19,0,18,0,0,1,0,0,0,1,1,1,1,40,7,2998,2,1,-1,1,-1
201763D055317,2,19,0,5,0,0,0,0,0,0,2,1,1,1,71,10,2198,2,4,-1,3,-1
201763D055417,1,5,0,18,0,0,1,0,0,0,0,1,6,1,70,10,-1,-1,-1,-1,-1,-1
201763D055817,1,9,0,18,0,8,0,0,0,0,1,1,6,1,70,10,1968,2,8,-1,2,-1
201763D055817,2,9,0,9,0,8,0,0,0,0,4,1,6,1,34,6,1582,2,8,-1,2,-1
201763D056117,1,19,0,13,0,0,0,0,0,0,2,1,2,1,24,5,2198,2,2,-1,3,-1
201763D056117,2,9,0,13,0,0,0,0,7,10,1,1,2,1,24,5,1910,2,11,-1,2,-1
201763D056117,3,9,0,2,6,0,0,0,0,0,1,1,6,1,59,9,2766,2,12,-1,3,-1
201763D056117,4,21,4,18,0,0,0,0,0,0,0,1,6,3,-1,-1,-1,-1,-1,-1,-1,-1
201763D056417,1,11,0,18,0,1,0,0,0,0,3,1,1,1,69,10,7698,2,2,-1,3,-1
201763D057117,1,4,0,18,0,0,0,0,7,10,1,1,6,1,50,8,849,1,4,8,1,8
201763D057117,2,9,0,4,0,0,0,0,0,0,1,1,6,1,45,7,1968,2,3,-1,3,-1
201763D057217,1,5,0,5,0,0,0,0,0,0,3,1,6,1,61,9,1195,1,4,8,3,8
201763D057217,2,5,0,13,0,0,0,0,0,0,4,1,6,1,59,9,1198,1,4,7,1,7
201763D057217,3,5,0,5,0,0,0,0,0,0,1,1,6,1,67,10,1237,1,4,8,2,8
201763D057217,4,9,0,10,0,0,0,0,0,0,0,1,6,2,72,10,1229,1,11,-1,3,-1
201763D057417,1,9,0,18,0,0,5,0,7,10,3,1,6,2,70,10,1997,2,16,-1,2,-1
201763D057517,1,5,0,7,0,1,1,0,1,0,1,1,6,1,56,9,1198,1,2,7,3,7
201763D057517,2,5,0,7,0,1,0,0,0,0,2,1,6,1,57,9,800,1,5,9,3,9
201763D057617,1,19,0,17,0,0,5,0,1,4,4,1,1,1,29,6,2402,2,11,2,1,2
201763D057617,2,9,0,3,0,0,0,0,0,0,0,1,1,1,41,7,-1,-1,-1,-1,3,-1
201763D057617,3,19,0,18,0,0,0,0,0,0,0,1,1,1,31,6,2402,2,11,6,1,6
201763D059017,1,9,0,16,0,0,0,0,1,10,1,1,6,2,23,5,1598,2,4,-1,1,-1
201763D059117,1,5,0,16,0,0,1,0,0,0,3,1,6,1,37,7,1000,1,1,-1,1,-1
201763D059117,2,9,0,17,0,0,0,0,1,10,1,1,2,1,57,9,1596,1,7,5,3,5
201763D059217,1,5,0,18,0,1,1,0,0,0,1,1,6,1,41,7,675,1,-1,-1,1,-1
201763D059217,2,9,0,4,0,1,0,0,0,0,2,1,6,1,29,6,1560,2,3,-1,1,-1
201763D059217,3,19,0,7,0,5,0,0,0,0,0,1,6,3,-1,-1,-1,-1,-1,-1,-1,-1
201763D059917,1,9,0,18,0,8,0,0,0,0,1,1,2,1,44,7,1242,1,5,5,3,5
201763D059917,2,9,0,18,0,8,5,0,0,0,3,1,6,1,31,6,899,1,4,-1,3,-1
201763D060017,1,9,0,18,0,0,2,0,7,10,1,1,6,1,21,5,1248,2,7,-1,3,-1
201763D060117,1,9,0,17,0,0,0,0,1,10,1,1,6,2,25,5,1248,1,7,-1,3,-1
201763D060917,1,9,0,13,0,0,2,0,1,10,4,1,1,1,29,6,1200,1,2,1,1,1
201763D060917,2,20,0,18,0,0,1,0,0,0,1,1,1,1,44,7,4250,2,4,4,1,4
201763D060917,3,19,0,18,0,0,0,0,0,0,0,1,6,3,-1,-1,-1,-1,-1,-1,-1,-1
201763D061217,1,9,0,17,0,0,2,0,7,10,1,1,6,1,40,7,1753,2,10,-1,1,-1
201763D061417,1,9,0,17,0,0,0,0,0,0,3,2,6,1,70,10,-1,-1,-1,-1,-1,-1
201763D061417,2,5,0,18,0,0,1,0,1,10,2,1,6,1,62,9,1215,1,1,9,3,9
201763D062217,1,9,0,18,0,0,0,0,0,0,1,1,6,1,63,9,1598,2,2,-1,1,-1
201763D062217,2,19,0,10,0,0,1,0,0,0,2,1,6,1,22,5,2198,2,7,-1,3,-1
201763D062217,3,21,0,18,0,0,0,0,0,0,0,1,6,3,-1,-1,-1,-1,-1,-1,-1,-1
201763D062317,1,9,0,18,0,0,0,0,0,0,1,1,6,1,22,5,1796,1,11,-1,-1,-1
201763D062317,2,5,0,18,0,0,1,0,0,0,1,1,6,1,54,8,992,1,13,10,1,10
201763D063517,1,9,0,18,0,0,0,0,7,2,1,1,6,1,46,8,1332,1,5,-1,1,-1
201763D063617,1,9,0,18,0,0,1,0,1,10,1,1,1,2,22,5,1598,1,10,-1,2,-1
201763D064117,1,5,0,16,0,0,1,0,0,0,1,1,6,1,58,9,649,1,-1,-1,2,-1
201763D064117,2,9,0,17,0,0,0,0,0,0,3,1,6,2,25,5,1198,1,6,10,1,10
201763D064117,3,9,0,17,0,0,0,0,0,0,1,1,6,2,48,8,1242,1,4,-1,3,-1
201763D064617,1,9,0,18,0,2,1,0,0,0,1,1,6,1,70,10,1598,1,8,-1,2,-1
201763D064917,1,19,0,1,8,0,0,0,0,0,2,1,1,1,36,7,1995,2,1,-1,2,-1
201763D065117,1,5,0,17,0,1,0,0,1,10,3,1,6,1,60,9,1237,1,1,5,3,5
201763D065617,1,5,0,17,0,0,1,0,2,7,1,1,6,1,52,8,749,1,23,5,2,5
201763D065617,2,5,0,17,0,0,1,0,1,7,1,1,6,1,48,8,1127,1,28,3,1,3
201763D065717,1,9,0,18,0,0,1,0,0,0,1,1,6,1,34,6,4163,1,10,9,1,9
201763D065717,2,9,0,18,0,0,0,0,0,0,1,1,6,2,23,5,1896,2,14,-1,3,-1
201763D065817,1,9,4,16,0,0,0,0,0,0,3,1,6,1,55,8,-1,-1,-1,4,3,4
201763D065817,2,9,0,17,0,0,1,0,0,0,1,1,6,1,30,6,998,1,16,-1,1,-1
201763D065817,3,1,0,18,0,0,0,0,0,0,0,1,6,1,50,8,-1,-1,-1,-1,2,-1
201763D065917,1,9,0,18,0,1,0,0,0,0,1,1,6,2,46,8,1149,1,10,-1,3,-1
201763D066017,1,9,0,9,0,6,0,0,0,0,1,1,6,1,45,7,2495,2,15,-1,1,-1
201763D066017,2,5,0,16,0,1,1,0,0,0,1,1,1,1,32,6,999,1,5,9,1,9
201763D066617,1,21,1,18,0,1,1,0,0,0,1,1,1,1,62,9,-1,-1,-1,-1,3,-1
201763D066617,2,21,4,18,0,1,1,0,0,0,2,1,1,1,53,8,12419,2,5,2,1,2
201763D066617,3,5,0,9,0,1,0,0,0,0,0,1,6,3,-1,-1,-1,-1,-1,-1,-1,-1
201763D066917,1,9,0,18,0,0,0,0,0,0,1,1,6,1,61,9,1560,2,8,-1,3,-1
201763D066917,2,9,0,2,0,0,0,0,0,0,3,1,6,3,-1,-1,1560,2,7,-1,-1,-1
201763D066917,3,9,0,2,0,0,0,0,0,0,4,1,6,3,-1,-1,-1,-1,-1,-1,-1,-1
201763D066917,4,9,0,2,0,0,0,0,0,0,4,1,6,3,-1,-1,1298,1,9,-1,-1,-1
201763D067117,1,9,0,17,0,0,5,0,2,10,1,1,6,2,23,5,1229,1,9,-1,2,-1
201763D067217,1,4,0,18,0,0,1,0,7,10,3,1,6,1,22,5,-1,-1,-1,-1,-1,-1
201763D067417,1,9,0,18,0,0,2,0,1,10,0,1,1,1,21,5,1229,1,4,2,1,2
201763D067417,2,21,0,18,0,0,0,0,0,0,0,1,6,3,-1,-1,-1,-1,-1,-1,-1,-1
201763D067717,1,9,0,13,0,0,0,0,0,0,1,1,6,2,49,8,2180,2,20,-1,1,-1
201763D067717,2,9,0,18,0,0,0,0,0,0,1,1,6,1,60,9,998,1,11,5,1,5
201763D067717,3,9,0,18,0,0,0,0,0,0,1,1,6,1,24,5,1197,1,7,-1,3,-1
201763D067717,4,9,0,18,0,0,0,0,1,10,1,1,6,1,33,6,1560,2,-1,-1,2,-1
201763D067717,5,9,0,18,0,0,0,0,0,0,0,1,6,3,-1,-1,-1,-1,-1,-1,-1,-1
201763D068417,1,9,0,18,0,4,0,0,0,0,2,1,6,1,85,11,1598,2,5,-1,3,-1
201763D068417,2,1,0,18,0,3,0,0,0,0,2,1,6,1,45,7,-1,-1,-1,-1,3,-1
201763D068617,1,10,0,18,0,0,0,0,1,10,1,1,3,1,59,9,1997,2,1,7,1,7
201763D068617,2,10,0,4,0,0,1,0,0,0,2,1,1,1,26,6,2198,2,3,8,1,8
201763D068617,3,9,0,18,0,0,0,0,0,0,0,1,6,3,-1,-1,-1,-1,-1,-1,-1,-1
201763D068817,1,9,0,18,0,0,0,0,2,3,1,1,2,2,56,9,2179,2,3,6,1,6
201763D069017,1,9,0,13,0,1,0,0,0,0,3,1,1,1,27,6,1149,1,14,8,1,8
201763D069017,2,19,0,9,0,5,0,0,0,3,3,1,1,1,31,6,1753,2,8,-1,1,-1
201763D070117,1,5,0,18,0,1,1,0,1,10,1,1,6,1,30,6,996,1,18,5,3,5
201763D070517,1,3,0,13,0,0,0,0,1,0,4,1,6,1,51,8,1000,1,31,5,3,5
201763D070717,1,9,0,13,0,1,1,0,0,0,1,1,6,1,70,10,1598,1,9,-1,3,-1
201763D070717,2,9,0,9,0,5,0,0,0,0,3,1,6,2,26,6,1956,2,4,-1,3,-1
201763D070717,3,9,0,18,0,1,0,0,0,0,1,1,6,1,38,7,-1,-1,-1,-1,3,-1
201763D070717,4,90,0,18,0,1,0,0,0,0,0,1,6,3,-1,-1,-1,-1,-1,-1,-1,-1
201763D071017,1,9,0,16,0,0,2,0,7,10,3,1,6,2,58,9,-1,-1,-1,-1,3,-1
201763D071217,1,9,0,18,0,0,0,0,0,0,1,1,6,1,80,11,1598,2,3,-1,-1,-1
201763D071217,2,9,0,4,0,0,0,0,0,0,2,1,1,1,29,6,2143,2,2,-1,3,-1
201763D071217,3,9,0,4,0,0,0,0,0,0,0,1,6,3,-1,-1,-1,-1,-1,-1,-1,-1
201763D071217,4,9,0,4,0,0,0,0,0,0,0,1,6,3,-1,-1,-1,-1,-1,-1,-1,-1
201763D071417,1,9,0,8,0,1,0,0,0,0,1,1,6,2,36,7,1968,2,3,-1,1,-1
201763D071417,2,9,0,8,0,1,0,0,0,0,2,1,6,2,73,10,1598,2,1,-1,3,-1
201763D071817,1,9,0,18,0,1,2,0,0,0,1,1,6,2,31,6,1390,1,10,-1,3,-1
201763D072217,1,9,0,9,0,8,0,0,0,0,3,1,6,2,41,7,1560,2,8,-1,1,-1
201763D072217,2,9,0,18,0,1,0,0,0,0,1,1,6,2,49,8,2494,2,5,6,1,6
201763D072517,1,4,0,18,0,0,0,0,1,10,0,1,6,1,52,8,1255,1,2,-1,2,-1
201763D072617,1,9,0,18,0,1,1,0,2,10,1,1,2,2,52,8,1590,1,14,-1,3,-1
201763D072717,1,9,0,16,0,1,0,0,7,0,1,1,6,1,18,4,1398,2,10,-1,3,-1
201763D072717,2,9,0,9,0,6,0,0,7,10,1,1,6,2,69,10,1332,1,20,-1,3,-1
201763D072817,1,19,0,18,0,1,0,0,1,10,1,1,1,1,40,7,1995,2,5,-1,1,-1
201763D072817,2,9,0,10,0,1,0,0,0,0,4,1,6,1,19,4,1999,1,10,-1,3,-1
201763D072917,1,9,0,18,0,1,0,0,0,0,1,1,6,2,84,11,998,7,10,-1,2,-1
201763D072917,2,9,0,2,0,1,0,0,0,0,1,1,1,1,80,11,1242,1,12,-1,3,-1
201763D073017,1,9,0,18,0,0,0,0,0,0,1,1,6,1,71,10,1991,2,8,9,1,9
201763D073017,2,9,0,18,0,0,0,0,0,0,3,1,6,2,78,11,-1,-1,-1,10,2,10
201763D073017,3,9,0,18,0,0,0,0,1,1,1,1,6,1,47,8,-1,-1,-1,-1,3,-1
201763D073617,1,9,0,17,0,2,2,0,1,10,1,1,2,2,29,6,1686,2,5,-1,3,-1
201763D073717,1,9,0,1,6,1,0,0,0,0,2,1,1,2,45,7,-1,-1,-1,-1,2,-1
201763D073717,2,9,0,2,0,1,0,0,0,0,0,1,6,3,-1,-1,-1,-1,-1,-1,-1,-1
201763D073817,1,9,0,18,0,1,0,0,0,0,4,1,6,2,36,7,1149,1,12,-1,1,-1
201763D073817,2,1,0,18,0,1,0,0,0,0,1,1,6,1,23,5,-1,-1,-1,-1,1,-1
201763D073817,3,19,0,2,0,1,0,0,0,0,2,1,6,1,37,7,-1,-1,-1,-1,1,-1
201763D073917,1,19,0,18,0,0,0,0,0,0,1,1,6,1,20,4,1997,2,13,8,1,8
201763D073917,2,9,0,18,0,0,0,0,0,0,3,1,6,2,25,5,1560,2,4,-1,3,-1
201763D074117,1,9,0,18,0,0,5,0,1,4,4,1,6,1,23,5,1975,1,12,-1,3,-1
201763D074917,1,9,0,18,0,1,1,0,0,0,1,1,6,2,58,9,1497,1,14,-1,3,-1
201763D074917,2,9,0,10,0,1,1,0,0,0,2,1,6,1,27,6,1461,2,3,-1,3,-1
201763D075117,1,9,0,9,0,5,0,0,0,0,4,1,6,1,65,9,1296,1,9,-1,3,-1
201763D075117,2,5,0,18,0,1,0,0,0,0,1,1,6,1,58,9,749,1,20,-1,1,-1
201763D075317,1,9,0,17,0,0,2,0,7,10,3,1,6,1,81,11,1388,1,9,-1,2,-1
201763D075417,1,9,0,16,0,0,2,0,7,10,1,1,6,2,72,10,1339,1,2,2,3,2
201763D075717,1,9,0,9,0,5,0,0,0,0,1,1,6,2,58,9,1390,1,15,-1,3,-1
201763D075717,2,1,0,18,0,8,0,0,0,0,3,1,6,1,70,10,-1,-1,-1,-1,2,-1
201763D076017,1,9,0,16,0,0,0,0,7,10,1,1,1,1,28,6,2199,2,5,-1,3,-1
201763D076017,2,9,0,17,0,0,0,0,1,0,3,1,2,1,30,6,-1,-1,-1,-1,3,-1
201763D076117,1,9,0,17,0,0,2,0,1,10,4,1,1,1,62,9,-1,-1,-1,-1,3,-1
201763D076817,1,9,0,18,0,1,0,0,0,0,1,1,6,1,84,11,1248,1,-1,9,3,9
201763D076817,2,9,0,4,0,1,0,0,0,0,2,1,6,2,57,9,1997,2,2,-1,3,-1
201763D076917,1,9,0,16,0,0,0,0,0,0,1,1,6,1,20,4,1590,1,25,10,1,10
201763D077017,1,5,0,4,0,1,1,0,1,0,0,1,6,1,36,7,599,1,19,-1,2,-1
201763D077017,2,5,0,4,0,1,0,0,1,10,4,1,6,3,-1,-1,-1,-1,-1,-1,-1,-1
201763D077217,1,5,0,18,0,1,0,0,2,4,3,1,6,1,48,8,1441,1,4,6,1,6
201763D077217,2,19,0,18,0,4,0,0,0,0,4,1,6,2,31,6,1998,2,12,4,1,4
201763D077317,1,5,0,16,0,0,0,0,7,7,1,1,6,1,52,8,1137,1,12,-1,-1,-1