Accident_Index,Vehicle_Reference,Vehicle_Type,Towing_and_Articulation,Vehicle_Manoeuvre,Vehicle_Location-Restricted_Lane,Junction_Location,Skidding_and_Overturning,Hit_Object_in_Carriageway,Vehicle_Leaving_Carriageway,Hit_Object_off_Carriageway,1st_Point_of_Impact,Was_Vehicle_Left_Hand_Drive?,Journey_Purpose_of_Driver,Sex_of_Driver,Age_of_Driver,Age_Band_of_Driver,Engine_Capacity_(CC),Propulsion_Code,Age_of_Vehicle,Driver_IMD_Decile,Driver_Home_Area_Type,Vehicle_IMD_Decile
201763D077317,2,9,0,16,0,0,0,0,0,0,0,1,6,1,72,10,1596,1,12,-1,2,-1
201763D077717,1,5,0,16,0,1,0,0,0,0,1,1,6,1,50,8,998,1,11,1,1,1
201763D077717,2,9,0,17,0,1,0,0,0,0,1,1,6,2,39,7,2199,2,5,3,1,3
201763D077817,1,19,0,5,0,1,0,0,0,0,1,1,1,1,58,9,1800,2,16,-1,2,-1
201763D077817,2,1,0,4,0,1,0,0,0,0,4,1,6,1,30,6,-1,-1,-1,-1,2,-1
201763D078217,1,9,0,18,0,0,2,0,0,0,1,1,1,2,27,6,995,1,8,-1,3,-1
201763D078717,1,9,0,9,0,1,0,0,0,0,1,1,6,2,70,10,1896,2,13,7,3,7
201763D078717,2,9,0,18,0,8,0,0,0,0,1,1,6,1,88,11,1994,1,14,-1,3,-1
201763D078817,1,9,0,18,0,1,1,0,0,0,1,1,6,1,86,11,1399,2,14,-1,3,-1
201763D078817,2,9,0,10,0,1,0,0,0,0,2,1,6,2,64,9,1998,2,13,-1,3,-1
201763D078917,1,9,0,17,0,0,1,0,8,4,1,1,6,1,30,6,1364,2,9,-1,3,-1
201763D078917,2,19,0,16,0,0,0,0,1,10,3,1,1,1,34,6,1753,2,10,1,1,1
201763D079017,1,9,0,16,0,0,1,0,7,10,1,1,6,2,58,9,1200,1,4,-1,3,-1
201763D079617,1,19,0,17,0,0,0,0,1,9,4,1,1,1,28,6,2298,2,6,7,1,7
201763D079717,1,9,0,16,0,0,1,0,0,0,1,1,6,1,43,7,1364,1,10,2,1,2
201763D079717,2,9,0,16,0,0,1,0,0,0,2,1,6,2,62,9,1198,1,2,4,3,4
201763D079817,1,9,0,13,0,1,0,0,1,0,1,1,2,2,55,8,1995,2,1,9,3,9
201763D079817,2,9,3,18,0,1,0,0,0,0,3,1,6,1,49,8,2720,2,12,6,1,6
201763D079817,3,9,0,2,6,1,0,0,0,0,1,1,6,1,54,8,1598,2,1,-1,3,-1
201763D080117,1,9,0,13,0,0,0,0,0,0,1,1,6,1,30,6,1951,2,16,1,1,1
201763D080117,2,9,0,18,0,0,0,0,1,10,1,1,6,1,50,8,1360,1,6,-1,3,-1
201763D080117,3,5,0,18,0,0,0,0,0,0,0,1,6,3,-1,-1,-1,-1,-1,-1,-1,-1
201763D080117,4,9,0,18,0,0,0,0,0,0,0,1,6,3,-1,-1,-1,-1,-1,-1,-1,-1
201763D080717,1,9,0,17,0,0,2,0,1,10,1,1,6,2,60,9,1598,1,10,-1,2,-1
201763D080917,1,90,0,18,0,2,2,0,7,0,1,1,6,1,63,9,1998,1,20,-1,2,-1
201763D080917,2,19,0,18,0,2,2,0,0,0,1,1,6,1,41,7,-1,-1,-1,-1,1,-1
201763D081017,1,20,0,16,0,0,2,0,7,7,3,1,1,1,31,6,6374,2,4,-1,-1,-1
201763D081017,2,9,0,17,0,0,0,0,0,0,0,1,6,3,-1,-1,-1,-1,-1,-1,-1,-1
201763D081217,1,5,0,4,0,1,0,0,0,0,2,1,6,1,55,8,652,1,14,-1,1,-1
201763D081217,2,3,0,4,0,1,0,0,0,0,2,1,6,2,52,8,125,1,5,-1,1,-1
201763D081317,1,9,4,5,6,7,0,0,0,0,0,1,6,1,86,11,3226,2,15,5,3,5
201763D081317,2,9,0,18,0,1,0,0,0,0,0,1,6,1,30,6,1398,1,1,-1,3,-1
201763D081517,1,19,0,9,0,6,0,0,0,0,1,1,1,1,66,10,1998,2,11,-1,3,-1
201763D081517,2,9,4,18,0,1,0,0,7,10,3,1,1,1,50,8,2495,2,15,-1,3,-1
201763D081717,1,9,0,18,0,1,0,7,0,0,1,1,6,1,74,10,1597,7,7,-1,2,-1
201763D081717,2,9,0,2,0,8,0,0,0,0,0,1,6,3,-1,-1,-1,-1,-1,-1,-1,-1
201763D081917,1,4,0,13,0,1,1,0,0,0,1,1,6,1,24,5,675,1,6,3,1,3
201763D081917,2,17,4,9,0,1,0,0,0,0,2,1,1,1,47,8,-1,2,16,-1,3,-1
201763D081917,3,17,0,18,0,1,0,0,0,0,0,1,1,2,50,8,4400,2,2,-1,3,-1
201763D082617,1,9,0,16,0,8,0,0,0,0,1,1,6,1,31,6,1360,1,7,3,1,3
201763D082617,2,9,0,17,0,1,0,0,0,0,2,1,6,2,45,7,1685,2,5,10,1,10
201763D083317,1,8,0,4,0,1,0,0,0,0,2,1,1,1,54,8,-1,-1,-1,-1,1,-1
201763D083317,2,9,0,18,0,1,0,0,0,0,1,1,2,1,50,8,1956,2,3,-1,1,-1
201763D083917,1,9,0,16,0,0,1,0,7,4,4,1,6,1,21,5,1598,1,1,-1,2,-1
201763D084017,1,9,0,17,0,0,1,0,7,10,3,1,6,2,32,6,1560,2,9,-1,3,-1
201763D084017,2,10,0,16,0,0,0,0,1,10,3,1,1,2,45,7,2198,2,5,-1,3,-1
201763D084417,1,9,0,17,0,0,5,0,2,10,4,1,2,1,27,6,1242,1,12,-1,3,-1
201763D084617,1,9,0,18,0,2,0,0,0,0,0,1,6,1,74,10,1870,2,15,-1,3,-1
201763D084617,2,5,0,18,0,8,0,0,1,10,0,1,6,1,29,6,600,1,17,6,3,6
201763D084717,1,9,0,-1,0,0,-1,0,-1,0,-1,1,6,1,31,6,-1,-1,-1,-1,-1,-1
201763D084717,2,9,0,-1,0,0,-1,0,-1,0,3,1,6,2,71,10,1999,1,13,-1,3,-1
201763D084817,1,9,0,18,0,3,0,0,0,0,4,1,6,1,25,5,1997,2,16,3,1,3
201763D084817,2,9,0,18,0,3,0,0,0,0,1,1,6,1,48,8,2993,2,2,-1,1,-1
201763D085417,1,9,0,18,0,0,0,0,0,0,1,1,6,1,19,4,1242,1,10,-1,3,-1
201763D085417,2,9,0,4,0,0,0,0,0,0,2,1,6,1,55,8,998,1,3,-1,1,-1
201763D085417,3,9,0,18,0,0,0,0,0,0,0,1,6,3,-1,-1,-1,-1,-1,-1,-1,-1
201763D085517,1,9,0,5,0,2,0,0,0,0,0,1,6,3,-1,-1,-1,-1,-1,-1,-1,-1
201763D085517,2,9,0,18,0,1,0,0,0,0,0,1,6,1,34,6,1956,2,5,-1,1,-1
201763D085717,1,9,0,18,0,1,1,0,2,10,1,1,6,1,37,7,1242,1,8,-1,2,-1
201763D085717,2,20,0,9,0,1,0,0,0,0,2,1,1,1,55,8,12580,2,11,-1,2,-1
201763D085917,1,5,0,16,0,0,0,0,0,0,1,1,6,1,67,10,471,1,3,4,1,4
201763D085917,2,9,0,17,0,0,0,0,0,0,3,1,6,1,56,9,1968,2,2,6,3,6
201763D086117,1,9,0,16,0,0,2,0,1,4,1,1,6,1,28,6,1995,1,14,-1,2,-1
201763D086417,1,9,0,18,0,4,0,0,0,0,1,1,6,2,25,5,-1,-1,-1,-1,1,-1
201763D086517,1,9,0,17,0,8,0,0,0,0,4,1,6,3,-1,-1,-1,-1,-1,-1,-1,-1
201763D086617,1,9,0,18,0,1,0,0,1,4,1,1,6,1,65,9,2494,2,11,8,3,8
201763D086617,2,9,0,3,0,1,0,0,1,4,1,1,6,1,34,6,1242,1,4,3,1,3
201763D086617,3,9,0,10,0,5,0,0,0,0,0,1,6,2,48,8,1956,2,7,-1,3,-1
201763D086717,1,9,0,18,0,0,0,0,0,0,4,1,2,2,31,6,1299,1,16,-1,2,-1
201763D086717,2,1,0,18,0,0,0,0,1,10,2,1,6,1,36,7,-1,-1,-1,-1,1,-1
201763D087417,1,9,0,17,0,0,1,0,7,10,4,1,6,1,37,7,1910,2,11,-1,3,-1
201763D087417,2,9,0,16,0,0,0,0,0,0,1,1,1,2,51,8,1390,1,6,-1,3,-1
201763D087517,1,9,0,16,0,0,2,0,8,10,3,1,6,2,72,10,1324,1,16,-1,3,-1
201763D088617,1,9,0,18,0,1,0,0,0,0,1,1,6,1,57,9,2231,2,5,-1,-1,-1
201763D088717,1,9,0,18,0,1,0,0,0,0,3,1,6,1,44,7,1390,1,10,1,1,1
201763D088717,2,9,0,7,0,6,0,0,1,10,2,1,6,2,77,11,1198,1,3,-1,3,-1
201763D088717,3,21,1,18,0,1,0,0,0,0,3,1,1,1,46,8,12902,2,2,-1,1,-1
201763D089317,1,9,0,5,0,2,0,0,0,0,3,1,2,2,22,5,999,1,3,-1,1,-1
201763D089317,2,21,1,18,0,1,0,0,0,0,4,1,1,1,37,7,12900,2,6,-1,-1,-1
201763D089517,1,19,0,9,0,6,0,0,0,0,3,1,1,1,25,5,1598,2,2,-1,1,-1
201763D089517,2,9,0,18,0,1,0,0,0,0,1,1,6,2,25,5,1598,2,4,-1,3,-1
201763D090117,1,5,0,4,0,0,1,0,0,0,0,1,6,2,48,8,942,1,5,-1,2,-1
201763D090117,2,9,0,3,0,0,0,0,0,0,0,1,6,3,-1,-1,-1,-1,-1,-1,-1,-1
201763D090317,1,1,0,18,0,0,1,12,0,0,4,1,6,1,48,8,-1,-1,-1,5,1,5
201763D090617,1,9,4,18,0,0,0,0,0,0,1,1,6,1,68,10,3200,2,9,-1,3,-1
201763D090617,2,1,0,18,0,0,1,0,0,0,4,1,6,1,21,5,-1,-1,-1,-1,3,-1
201763D090717,1,9,0,18,0,0,0,0,0,0,1,1,6,1,88,11,1388,1,14,-1,1,-1
201763D091817,1,9,0,17,0,0,5,0,2,10,4,1,6,2,20,4,1124,1,13,-1,2,-1
201763D092217,1,9,0,17,0,0,1,0,1,4,4,1,1,1,21,5,1896,2,8,-1,1,-1
201763D092517,1,9,0,16,0,0,2,0,7,4,1,1,1,1,57,9,2495,2,14,6,3,6
201763D093317,1,9,0,9,0,5,0,0,0,0,3,1,6,2,43,7,1360,1,13,-1,3,-1
201763D093317,2,9,0,18,0,1,0,0,0,0,1,1,6,2,76,11,998,1,8,-1,2,-1
201763D094217,1,19,0,16,0,0,0,0,7,10,4,1,1,1,63,9,2143,2,2,-1,1,-1
201763D094217,2,20,0,17,0,0,0,0,0,0,3,1,1,1,27,6,3920,2,12,6,3,6
201763D094317,1,19,0,13,0,0,0,0,0,0,2,1,6,3,-1,-1,-1,-1,-1,-1,-1,-1
201763D094317,2,5,0,13,0,0,0,0,0,0,1,1,6,1,55,8,1188,1,19,8,2,8
201763D094317,3,17,4,18,0,0,0,0,0,0,0,1,6,3,-1,-1,-1,-1,-1,-1,-1,-1
201763D095017,1,9,0,17,0,0,2,0,2,10,1,1,6,2,20,4,1199,1,15,-1,3,-1
201763D095917,1,9,0,18,0,6,1,0,0,0,3,1,6,1,32,6,1248,2,5,-1,3,-1
201763D095917,2,9,0,18,0,1,2,6,8,10,1,1,6,1,19,4,998,1,9,-1,3,-1
201763D096317,1,9,0,17,0,0,1,0,7,10,1,1,6,1,29,6,1598,1,18,6,1,6
201763D096417,1,19,0,18,0,0,0,0,0,0,1,1,6,3,-1,-1,-1,-1,-1,-1,-1,-1
201763D096517,1,19,0,17,0,2,0,0,1,3,4,1,1,1,53,8,1997,2,-1,7,3,7
201763D096517,2,9,0,16,0,1,0,0,0,0,0,1,6,3,-1,-1,-1,-1,-1,-1,-1,-1
201763D096817,1,9,0,18,0,0,0,0,0,0,1,1,6,2,49,8,2204,2,9,-1,1,-1
201763D096817,2,9,0,18,0,0,1,0,8,10,2,1,6,2,57,9,1349,1,3,-1,1,-1
201763D096817,3,9,0,13,0,0,0,0,0,0,0,1,6,3,-1,-1,-1,-1,-1,-1,-1,-1
201763D097617,1,5,0,16,0,1,0,0,0,0,1,1,6,1,38,7,675,1,4,8,1,8
201763D097617,2,9,0,9,0,1,0,0,0,0,2,1,1,2,66,10,1905,2,18,-1,3,-1
201763D098217,1,19,0,5,0,8,0,0,0,0,0,1,1,1,52,8,-1,-1,-1,4,3,4
201763D098217,2,5,0,18,0,1,1,0,7,10,1,1,6,1,66,10,798,1,32,-1,1,-1
201763D098617,1,9,0,17,0,0,2,0,7,4,3,1,1,1,21,5,1598,2,1,-1,1,-1
201763D098917,1,9,0,18,0,0,0,0,0,0,0,1,6,1,58,9,2993,2,7,7,1,7
201763D099017,1,90,0,17,0,0,1,0,0,0,0,1,1,1,56,9,-1,-1,-1,-1,3,-1
201763D099017,2,1,0,16,0,0,1,0,0,0,0,1,6,1,36,7,-1,-1,-1,-1,3,-1
201763D099817,1,3,0,16,0,0,0,0,0,0,3,1,6,2,40,7,125,1,1,-1,1,-1
201763D100717,1,21,0,18,0,0,0,0,0,0,1,1,1,1,60,9,6370,2,12,3,2,3
201763D100717,2,9,0,13,0,0,0,0,7,4,1,1,1,1,26,6,1598,2,-1,6,2,6
201763D100717,3,17,0,18,0,0,0,0,0,0,0,1,6,3,-1,-1,-1,-1,-1,-1,-1,-1
201763D101017,1,5,0,17,0,0,0,0,2,10,3,1,6,1,24,5,649,1,1,-1,1,-1
201763D101117,1,3,0,18,0,6,0,0,0,0,1,1,6,1,20,4,125,1,2,-1,2,-1
201763D101317,1,19,0,18,0,1,0,0,0,0,1,1,1,1,30,6,1995,2,-1,-1,1,-1
201763D101317,2,9,0,4,0,1,1,0,1,10,2,1,1,2,60,9,1318,1,1,-1,3,-1
201763D101317,3,9,0,7,0,5,0,0,0,0,0,1,6,3,-1,-1,-1,-1,-1,-1,-1,-1
201763D101617,1,9,0,13,0,0,0,0,0,0,4,1,6,3,-1,-1,-1,-1,-1,-1,-1,-1
201763D101617,2,1,0,18,0,0,0,0,0,0,1,1,2,1,23,5,-1,-1,-1,-1,2,-1
201763D101917,1,19,0,13,0,5,0,0,7,1,1,1,1,1,48,8,2143,2,5,-1,1,-1
201763D101917,2,19,0,9,0,5,0,0,7,10,3,1,1,1,23,5,2198,2,1,-1,2,-1
201763D102317,1,5,0,18,0,1,1,0,0,0,0,1,6,1,52,8,599,1,19,6,1,6
201763D102317,2,5,0,9,0,5,0,0,0,0,0,1,6,3,-1,-1,-1,-1,-1,-1,-1,-1
201763D102317,3,5,0,9,0,5,0,0,0,0,0,1,6,3,-1,-1,-1,-1,-1,-1,-1,-1
201763D102417,1,19,0,18,0,1,2,0,7,10,1,1,1,1,31,6,-1,-1,-1,-1,3,-1
201763D102417,2,9,0,9,0,5,0,0,0,0,2,1,2,1,38,7,2231,2,5,-1,3,-1
201763D103317,1,9,0,10,0,8,0,0,1,0,1,1,1,1,32,6,1360,1,12,-1,1,-1
201763D103317,2,19,0,18,0,1,0,0,0,0,1,1,1,1,37,7,2402,2,8,-1,3,-1
201763D104817,1,9,0,18,0,0,5,0,1,10,1,1,6,1,46,8,1799,1,11,1,1,1
201763D104817,2,9,0,4,0,0,0,0,0,0,0,1,6,3,-1,-1,-1,-1,-1,-1,-1,-1
201763D104817,3,9,0,4,0,0,0,0,0,0,0,1,6,3,-1,-1,-1,-1,-1,-1,-1,-1
201763D104817,4,9,0,18,0,0,0,0,0,0,0,1,6,3,-1,-1,-1,-1,-1,-1,-1,-1
201763D105017,1,9,0,16,0,0,2,0,8,7,1,1,6,1,24,5,2765,2,22,5,3,5
201763D105117,1,3,0,18,0,2,0,0,1,0,0,1,6,1,80,11,125,1,-1,-1,3,-1
201763D105417,1,9,0,18,0,0,2,0,2,10,1,1,6,2,31,6,1298,1,16,-1,3,-1
201763D105717,1,9,0,18,0,0,0,0,0,0,1,1,6,1,40,7,-1,-1,-1,-1,2,-1
201763D105717,2,19,0,18,0,0,0,0,0,0,2,1,1,1,37,7,2494,2,8,-1,3,-1
201763D105717,3,9,0,18,0,0,0,0,0,0,2,1,6,2,50,8,2720,2,8,-1,3,-1
201763D106017,1,8,0,9,0,5,0,0,1,0,4,1,1,2,57,9,1461,2,2,-1,1,-1
201763D106017,2,9,0,18,0,1,0,0,0,0,1,1,6,2,56,9,996,1,3,-1,3,-1
201763D106217,1,9,0,17,0,0,0,0,1,10,3,1,6,2,22,5,1198,1,3,-1,3,-1
201763D106217,2,9,0,16,0,0,0,0,0,0,3,1,6,2,50,8,1360,1,5,-1,2,-1
201763D106317,1,17,4,5,0,2,0,0,0,0,3,1,1,1,69,10,-1,2,29,-1,3,-1
201763D106317,2,5,0,18,0,1,1,0,0,0,4,1,6,1,65,9,1200,1,17,-1,2,-1
201763D106917,1,9,0,18,0,0,0,0,0,0,1,1,6,1,50,8,1364,2,7,-1,1,-1
201763D106917,2,9,0,18,0,0,0,0,0,0,1,1,6,1,53,8,1461,2,7,-1,1,-1
201763D107117,1,9,0,9,0,5,1,0,1,0,4,1,6,1,45,7,998,1,17,9,2,9
201763D107117,2,9,0,13,0,1,2,0,1,4,1,1,6,1,53,8,1998,1,13,-1,1,-1
201763D107117,3,19,0,18,0,1,0,0,0,0,0,1,6,3,-1,-1,-1,-1,-1,-1,-1,-1
201763D107617,1,9,0,18,0,0,2,0,1,4,1,1,6,1,35,6,-1,-1,-1,-1,1,-1
201763D107717,1,9,0,18,0,0,0,0,0,0,1,1,6,1,17,4,1149,1,11,-1,1,-1
201763D107717,2,9,0,18,0,0,0,0,0,0,1,1,6,2,48,8,1796,1,10,-1,3,-1
201763D108117,1,9,0,4,0,0,0,0,0,0,2,1,6,1,35,6,1499,2,1,7,3,7
201763D108117,2,9,0,18,0,0,0,0,0,0,2,1,6,1,50,8,1896,2,13,5,3,5
201763D108117,3,9,0,18,0,0,0,0,0,0,1,1,6,2,25,5,1968,2,4,-1,3,-1
201763D108517,1,9,0,9,0,8,0,0,0,0,1,1,6,1,65,9,1796,1,13,-1,1,-1
201763D108517,2,9,0,18,0,8,0,0,7,0,1,1,6,1,60,9,-1,-1,-1,1,1,1
201763D108717,1,9,0,17,0,1,2,0,7,10,1,1,2,1,28,6,1240,1,13,-1,3,-1
201763D109317,1,19,0,18,0,0,0,0,0,0,1,1,2,1,30,6,1956,2,-1,-1,1,-1
201763D109317,2,9,0,18,0,0,0,0,0,0,1,1,1,1,56,9,1560,2,7,-1,3,-1
201763D109417,1,9,0,17,0,0,2,0,1,10,4,1,6,1,45,7,1994,2,13,4,1,4
201763D109417,2,21,0,18,0,0,0,0,0,0,0,1,6,1,49,8,12419,2,1,3,1,3
201763D109517,1,4,0,18,0,0,1,0,0,0,0,1,6,1,56,9,-1,-1,-1,10,1,10
201763D110117,1,9,0,18,0,8,1,0,0,0,1,1,6,2,88,11,1596,1,10,-1,3,-1
201763D110117,2,9,0,9,0,6,1,0,0,0,1,1,6,2,29,6,1560,2,8,-1,2,-1
201763D110417,1,9,0,18,0,1,1,0,1,3,1,1,6,1,18,4,-1,-1,-1,-1,3,-1
201763D110817,1,9,0,17,0,0,1,0,1,10,3,1,1,2,38,7,1461,2,11,-1,3,-1
201763D111317,1,20,0,18,0,1,0,0,0,0,1,1,1,1,56,9,3920,2,12,-1,1,-1
201763D111317,2,9,0,3,0,1,0,0,0,0,2,1,6,2,25,5,1461,2,11,-1,1,-1
201763D111317,3,9,0,10,0,5,0,0,0,0,0,1,6,3,-1,-1,-1,-1,-1,-1,-1,-1
201763D112117,1,9,0,5,0,6,0,0,0,0,1,1,6,1,74,10,1586,1,3,-1,-1,-1
201763D112117,2,9,0,18,0,1,0,0,0,0,1,1,4,2,18,4,1599,1,14,-1,2,-1
201763D112317,1,9,0,9,0,2,0,0,0,0,1,1,1,2,34,6,1560,2,6,-1,2,-1
201763D112917,1,9,0,18,0,0,0,0,0,0,1,1,2,1,22,5,1398,2,13,-1,3,-1
201763D112917,2,9,0,18,0,0,0,0,1,10,1,1,6,2,75,10,998,1,7,-1,3,-1
201763D113017,1,9,0,17,0,0,2,0,2,10,1,1,6,2,18,4,1360,1,11,-1,3,-1
201763D113017,2,9,0,13,0,0,0,0,0,0,0,1,6,3,-1,-1,-1,-1,-1,-1,-1,-1
201763D113417,1,5,0,18,0,1,0,0,0,0,1,1,6,1,60,9,647,1,10,-1,1,-1
201763D113417,2,9,0,18,0,1,0,0,7,1,1,1,6,2,39,7,1390,1,11,-1,1,-1
201763D113417,3,9,0,7,0,5,0,0,0,0,2,1,6,2,25,5,1461,2,-1,-1,1,-1
201763D113517,1,9,0,18,0,1,0,0,0,0,1,1,6,3,-1,-1,-1,-1,-1,-1,-1,-1
201763D113617,1,9,0,12,0,0,0,0,0,0,1,1,6,1,18,4,1229,1,9,-1,1,-1
201763D113617,2,9,0,18,0,0,0,0,1,10,1,1,6,2,35,6,998,1,4,-1,2,-1
201763D113817,1,9,0,18,0,6,0,0,7,10,3,1,6,2,60,9,1686,2,13,-1,3,-1
201763D113817,2,19,0,18,0,1,0,0,1,10,1,1,2,1,54,8,1896,2,8,-1,3,-1
201763D113917,1,19,0,18,0,0,0,0,0,0,1,1,6,1,47,8,-1,-1,-1,-1,2,-1
201763D114017,1,19,0,16,0,0,2,0,2,10,4,1,1,1,59,9,1560,2,2,-1,2,-1
201763D114017,2,9,0,18,0,0,0,0,0,0,0,1,6,3,-1,-1,-1,-1,-1,-1,-1,-1
201763D115617,1,9,0,16,0,0,0,0,0,0,1,1,6,1,21,5,1388,1,10,-1,3,-1
201763D115617,2,9,0,17,0,0,0,0,1,10,1,1,1,2,24,5,1598,1,12,-1,3,-1
201763D116817,1,9,0,17,0,0,0,0,1,10,0,1,6,3,-1,-1,-1,-1,-1,-1,-1,-1
201763D116817,2,9,0,16,0,0,0,0,1,10,0,1,1,1,22,5,1242,1,11,-1,3,-1
201763D117017,1,9,0,17,0,0,1,0,7,9,1,1,2,2,21,5,998,1,7,-1,3,-1
201763D117517,1,9,0,17,0,0,0,0,0,0,1,1,6,2,33,6,1364,1,8,-1,2,-1
201763D117517,2,9,0,16,0,0,0,0,0,0,1,1,1,2,50,8,1388,1,13,-1,3,-1
201763D117717,1,21,2,16,0,0,3,0,0,0,2,1,1,1,51,8,11705,2,11,-1,3,-1
201763D117717,2,9,0,17,0,0,0,0,1,10,1,1,6,1,49,8,1896,2,14,10,1,10
201763D117717,3,21,0,4,0,0,0,0,0,0,0,1,6,3,-1,-1,-1,-1,-1,-1,-1,-1
201763D117717,4,9,0,2,0,0,0,0,0,0,0,1,6,1,-1,-1,-1,-1,-1,-1,3,-1
201763D117817,1,9,0,18,0,0,1,0,1,10,2,1,2,2,18,4,1242,1,3,-1,2,-1
201763D117817,2,9,0,2,9,0,0,0,0,0,1,1,6,3,-1,-1,1997,2,8,-1,-1,-1
201763D118417,1,9,0,18,0,0,0,0,0,0,4,1,6,2,73,10,999,1,2,-1,1,-1
201763D118417,2,9,0,2,0,0,0,0,0,0,1,1,6,1,55,8,3200,2,12,-1,1,-1
201763D118917,1,9,0,16,0,0,2,0,2,10,4,1,6,2,31,6,1124,1,14,-1,2,-1
201763D119017,1,19,0,18,0,1,1,0,0,0,1,1,1,1,33,6,2143,2,1,-1,3,-1
201763D119017,2,9,0,10,0,1,0,0,0,0,2,1,2,2,21,5,1229,1,4,-1,3,-1
201763D119417,1,10,0,18,0,2,0,0,0,0,1,1,1,1,33,6,2461,2,14,-1,1,-1
201763D119617,1,21,1,17,0,2,5,0,1,10,4,1,1,1,29,6,12740,2,4,-1,3,-1
201763D120017,1,9,0,16,0,0,5,0,8,10,4,1,2,2,21,5,1248,2,7,-1,3,-1
201763D120317,1,9,0,17,0,0,2,0,2,10,1,1,6,1,55,8,1248,2,5,7,1,7
201763D120417,1,9,0,5,0,6,0,0,0,0,3,1,6,1,76,11,1798,1,10,-1,2,-1
201763D120617,1,9,0,17,0,0,1,0,7,4,1,1,6,1,43,7,2987,2,3,-1,3,-1
201763D120917,1,9,0,16,0,0,2,0,1,10,3,1,6,2,29,6,2998,1,1,8,1,8
201763D121717,1,9,0,18,0,0,2,0,7,9,1,1,1,1,35,6,1596,1,13,-1,1,-1
201763D122217,1,19,0,16,0,0,1,0,0,0,1,1,1,1,29,6,2198,2,2,-1,2,-1
201763D122217,2,9,0,17,0,0,0,0,1,0,3,1,6,1,67,10,2495,2,23,-1,3,-1
201763D122517,1,9,0,17,0,0,2,0,1,10,3,1,2,2,42,7,1364,2,10,-1,3,-1
201763D122717,1,9,0,16,0,0,1,0,8,10,3,1,6,1,19,4,1587,1,16,-1,3,-1
201763D122817,1,9,0,18,0,0,2,0,8,10,1,1,6,2,49,8,1598,2,6,-1,3,-1
201763D123617,1,9,0,18,0,0,1,0,0,0,1,1,2,2,24,5,1388,1,14,-1,2,-1
201763D123617,2,19,0,18,0,0,0,0,0,0,1,1,1,1,49,8,1598,2,1,4,1,4
201763D123717,1,9,0,18,0,0,0,0,0,0,1,1,6,1,34,6,-1,-1,-1,-1,1,-1
201763D123717,2,9,0,4,0,0,0,0,0,0,2,1,2,2,49,8,999,1,3,-1,1,-1
201763D124117,1,3,0,7,0,8,1,0,0,0,0,1,2,1,28,6,125,1,11,-1,3,-1
201763D124517,1,9,0,4,0,0,0,0,0,0,2,1,6,2,56,9,2179,2,5,-1,3,-1
201763D124517,2,9,4,18,0,0,0,0,0,0,1,1,1,1,61,9,2999,2,14,-1,3,-1
201763D124517,3,21,0,18,0,0,0,0,0,0,0,1,6,3,-1,-1,-1,-1,-1,-1,-1,-1
201763D124817,1,9,0,9,0,1,0,0,0,0,1,1,3,2,33,6,1995,2,3,-1,2,-1
201763D124817,2,9,0,18,0,1,1,0,1,10,4,1,6,1,40,7,1598,2,1,7,3,7
201763D125617,1,19,0,18,0,0,0,0,0,0,1,1,6,2,50,8,1968,2,7,-1,3,-1
201763D125617,2,9,0,18,0,0,0,0,0,0,1,1,6,3,-1,-1,-1,-1,-1,-1,-1,-1
201763D126017,1,9,0,18,0,8,2,0,1,7,3,1,6,1,45,7,1390,1,11,-1,3,-1
201763D126117,1,9,0,16,0,0,0,0,8,4,1,1,6,1,20,4,1197,1,6,-1,3,-1
201763D126717,1,9,0,16,0,0,2,0,7,10,1,1,2,1,57,9,1997,2,1,-1,2,-1
201763D127517,1,9,0,18,0,0,2,0,6,4,1,1,6,1,41,7,1596,1,14,-1,1,-1
201763D128217,1,9,0,16,0,0,2,0,2,10,1,1,6,1,24,5,1299,1,15,-1,2,-1
201763D128517,1,9,0,18,0,0,0,0,1,10,1,1,6,1,24,5,1998,1,11,-1,2,-1
201763D128517,2,9,0,18,0,0,0,0,0,0,1,1,6,1,61,9,2179,2,8,10,1,10
201763DP00117,1,9,0,18,0,1,0,0,1,0,1,1,6,2,63,9,1896,2,15,-1,3,-1
201763DP00117,2,1,0,5,0,6,0,0,1,10,4,1,6,1,79,11,-1,-1,-1,-1,3,-1
201763DP00217,1,9,0,17,0,0,1,0,7,10,4,1,2,1,66,10,2993,2,1,-1,3,-1
201763DP00217,2,9,0,16,0,0,0,0,1,0,1,1,6,1,61,9,1796,1,16,-1,3,-1
201763DP00317,1,5,0,18,0,1,1,0,1,9,4,1,6,1,56,9,649,1,2,10,1,10
201763DP00417,1,9,0,18,0,0,0,0,0,0,1,1,2,1,22,5,1399,2,8,1,1,1
201763DP00417,2,9,0,18,0,0,0,0,0,0,1,1,6,1,70,10,2494,1,14,-1,2,-1
201763DP00517,1,9,0,18,0,0,5,0,1,10,1,1,2,2,18,4,1349,1,6,-1,1,-1
201763DP00617,1,9,0,4,0,0,1,0,0,0,1,1,6,1,21,5,1198,1,4,7,3,7
201763DP00617,2,9,0,4,0,0,0,0,0,0,2,1,6,2,69,10,2199,2,7,-1,3,-1
201763DP00617,3,21,0,4,0,0,0,0,0,0,0,1,6,3,-1,-1,-1,-1,-1,-1,-1,-1