Accident_Index,Vehicle_Reference,Vehicle_Type,Towing_and_Articulation,Vehicle_Manoeuvre,Vehicle_Location-Restricted_Lane,Junction_Location,Skidding_and_Overturning,Hit_Object_in_Carriageway,Vehicle_Leaving_Carriageway,Hit_Object_off_Carriageway,1st_Point_of_Impact,Was_Vehicle_Left_Hand_Drive?,Journey_Purpose_of_Driver,Sex_of_Driver,Age_of_Driver,Age_Band_of_Driver,Engine_Capacity_(CC),Propulsion_Code,Age_of_Vehicle,Driver_IMD_Decile,Driver_Home_Area_Type,Vehicle_IMD_Decile
201763DP00717,1,9,0,17,0,0,1,0,2,10,1,1,2,2,19,4,1229,1,10,-1,3,-1
201763DP00717,2,9,0,16,0,0,0,0,1,10,1,1,1,2,31,6,1248,2,11,-1,3,-1
201763DP00817,1,9,0,18,0,0,0,0,0,0,1,1,6,1,21,5,1799,1,11,7,3,7
201763DP00817,2,9,0,12,0,0,0,0,0,0,1,1,6,2,32,6,2902,2,10,-1,2,-1
201763DP00917,1,9,0,18,0,1,1,0,0,0,1,1,6,1,46,8,2663,2,21,-1,3,-1
201763DP01017,1,9,0,16,0,0,0,0,2,10,1,1,2,1,26,6,1598,1,14,5,3,5
201763DP01017,2,9,0,17,0,0,0,0,1,10,2,1,2,2,26,6,1560,2,8,-1,3,-1
201763DP01017,3,21,0,18,0,0,0,0,0,0,0,1,6,1,49,8,6700,2,2,1,1,1
201763DP01117,1,9,0,18,0,0,0,0,0,0,1,1,1,1,36,7,1968,2,12,-1,3,-1
201763DP01117,2,90,4,18,0,0,0,0,7,10,2,1,1,2,42,7,376,1,-1,-1,3,-1
201763DP01217,1,19,0,18,0,1,1,0,1,0,1,1,2,1,53,8,1560,2,6,-1,2,-1
201763DP01217,2,9,0,4,0,1,0,0,0,0,2,1,6,1,70,10,-1,3,-1,9,3,9
201763DP01217,3,19,0,7,0,1,0,0,1,0,4,1,6,2,61,9,2402,2,12,-1,1,-1
201763DP01217,4,9,0,18,0,1,0,0,0,0,0,1,6,2,32,6,1397,1,7,-1,3,-1
201763DP01317,1,9,0,9,0,1,0,0,0,0,3,1,6,1,81,11,1328,1,7,-1,3,-1
201763DP01317,2,9,0,18,0,1,0,0,0,0,1,1,6,2,26,6,1686,2,12,-1,3,-1
201763DP01417,1,17,4,4,0,8,0,0,0,0,0,1,1,1,41,7,4485,2,5,-1,3,-1
201763DP01417,2,17,4,4,0,8,0,0,0,0,2,1,1,1,30,6,-1,2,11,-1,3,-1
201763DP01417,3,9,0,17,0,1,0,0,0,0,4,1,2,2,40,7,1998,2,4,-1,3,-1
201763DP01417,4,9,0,17,0,1,0,0,0,0,4,1,6,1,44,7,1753,2,15,-1,3,-1
201763DP01517,1,9,0,16,0,0,1,0,0,0,3,1,2,1,18,4,1229,1,8,-1,3,-1
201763DP01617,1,9,0,9,0,1,0,0,0,0,1,1,6,1,29,6,1461,2,1,5,1,5
201763DP01617,2,5,0,18,0,1,0,0,0,0,1,1,6,1,77,11,599,1,15,-1,2,-1
201763DP01717,1,9,0,12,0,0,0,0,0,0,1,1,6,2,27,6,1390,1,13,-1,3,-1
201763DP01717,2,21,0,18,0,0,0,0,0,0,1,1,1,1,65,9,12740,2,1,-1,3,-1
201763DP01817,1,9,0,13,0,1,0,0,8,10,3,1,6,1,25,5,1998,1,7,-1,1,-1
201763DP01817,2,9,0,9,0,5,0,0,0,0,1,1,6,1,63,9,1461,2,9,-1,3,-1
201763DP01817,3,17,0,2,9,1,0,0,0,0,1,1,6,1,36,7,4530,2,10,-1,3,-1
201763DP01917,1,9,0,18,0,0,1,0,1,10,1,1,1,1,59,9,1968,2,2,-1,3,-1
201763DP02017,1,9,0,18,0,0,1,0,1,10,1,1,6,2,31,6,1399,2,6,-1,2,-1
201763DP02017,2,9,0,18,0,0,1,1,0,0,1,1,6,2,33,6,1598,2,3,-1,3,-1
201763DP02117,1,9,0,18,0,0,2,0,1,10,1,1,3,2,21,5,1999,1,9,3,2,3
201763DP02217,1,9,0,18,0,1,0,0,1,2,1,1,6,2,77,11,1398,1,3,-1,3,-1
201763DP02317,1,9,0,18,0,0,0,0,1,10,1,1,2,2,46,8,1360,1,18,-1,2,-1
201763DP02417,1,9,0,5,6,6,0,0,0,0,3,1,2,2,29,6,1299,1,12,-1,3,-1
201763DP02417,2,8,0,16,0,1,0,0,7,10,4,1,1,1,61,9,1461,2,3,-1,2,-1
201763DP02417,3,9,0,2,6,1,0,0,0,0,3,1,6,2,46,8,1582,2,4,-1,3,-1
201763DP02517,1,9,0,9,0,2,0,0,7,10,1,1,6,2,77,11,1242,1,12,-1,3,-1
201763DP02617,1,9,0,18,0,8,0,0,0,0,1,1,2,2,21,5,1229,1,4,-1,3,-1
201763DP02617,2,9,0,4,0,8,0,0,0,0,2,1,6,2,42,7,1997,2,2,9,2,9
201763DP02717,1,5,0,16,0,2,1,0,0,0,4,1,6,1,57,9,865,1,6,-1,2,-1
201763DP02817,1,90,0,18,0,1,0,0,0,0,1,1,1,1,28,6,2987,2,5,-1,3,-1
201763DP02817,2,9,0,18,0,2,0,0,0,0,4,1,1,1,57,9,999,1,1,-1,1,-1
201763DP02917,1,9,0,18,0,2,1,0,0,0,1,1,2,1,27,6,998,1,16,3,2,3
201763DP03017,1,9,0,18,0,0,2,0,2,10,1,1,6,1,19,4,1149,1,12,-1,3,-1
201763DP03017,2,9,0,18,0,0,0,0,0,0,0,1,6,1,63,9,-1,-1,-1,-1,3,-1
201763DP03017,3,9,0,18,0,0,0,0,0,0,0,1,6,2,41,7,2967,2,1,-1,3,-1
201763DP03117,1,9,0,1,0,0,0,0,0,0,2,1,1,1,39,7,-1,-1,-1,-1,3,-1
201763DP03217,1,20,0,9,0,1,0,0,0,0,4,1,1,1,21,5,-1,-1,-1,-1,3,-1
201763DP03217,2,9,0,18,0,1,0,0,0,0,1,1,3,2,25,5,1598,1,14,-1,2,-1
201763DP03217,3,19,0,10,0,1,0,0,0,0,1,1,1,1,51,8,1248,2,4,6,3,6
201763DP03317,1,9,0,9,0,2,0,0,0,0,1,1,2,2,56,9,1597,2,2,-1,-1,-1
201763DP03317,2,9,0,18,0,1,0,0,0,0,1,1,2,2,54,8,2402,2,6,-1,3,-1
201763DP03417,1,19,0,18,0,1,0,0,0,0,1,1,1,1,54,8,2287,2,8,5,2,5
201763DP03417,2,9,0,3,0,1,0,0,0,0,2,1,6,1,67,10,1197,1,2,-1,3,-1
201763DP03417,3,9,0,10,0,1,0,0,1,0,2,1,6,1,70,10,-1,-1,-1,-1,3,-1
201763DP03517,1,9,0,18,0,0,0,0,0,0,1,1,1,2,28,6,1360,1,12,-1,3,-1
201763DP03517,2,9,0,3,0,0,0,0,0,0,2,1,6,2,23,5,1149,1,14,-1,3,-1
201763DP03517,3,9,0,18,0,0,0,0,0,0,0,1,6,3,-1,-1,-1,-1,-1,-1,-1,-1
201763DP03617,1,9,0,18,0,0,2,0,7,10,3,1,1,1,22,5,1360,1,11,-1,3,-1
201763DP03717,1,9,0,17,0,0,0,0,7,10,1,1,6,1,46,8,1461,2,14,-1,1,-1
201763DP03817,1,9,0,18,0,0,0,0,0,0,1,1,6,1,23,5,1896,2,14,-1,3,-1
201763DP03817,2,19,0,18,0,0,0,0,0,0,1,1,6,1,81,11,1868,2,17,-1,3,-1
201763DP03917,1,9,0,18,0,0,1,0,0,0,1,1,6,1,61,9,1248,2,9,-1,3,-1
201763DP03917,2,9,0,18,0,0,0,0,0,0,3,1,6,2,51,8,1968,2,2,-1,3,-1
201763DP03917,3,9,0,18,0,0,0,0,0,0,3,1,1,1,46,8,2179,2,4,-1,3,-1
201763DP04017,1,9,0,16,0,0,1,0,0,0,1,1,6,2,19,4,796,1,16,9,1,9
201763DP04017,2,9,0,16,0,0,0,0,0,0,1,1,6,1,64,9,1360,1,8,-1,1,-1
201763DP04117,1,9,0,16,0,0,0,0,0,0,1,1,6,2,63,9,1598,2,5,-1,2,-1
201763DP04117,2,8,0,16,0,0,0,0,0,0,2,1,6,1,70,10,-1,-1,-1,-1,3,-1
201763DP04117,3,21,4,17,0,0,0,0,0,0,0,1,6,3,-1,-1,-1,-1,-1,-1,-1,-1
201763DP04217,1,20,0,18,0,1,1,6,3,0,1,1,1,1,43,7,-1,-1,-1,5,1,5
201763DP04317,1,9,0,18,0,1,0,0,7,4,1,1,6,1,52,8,2967,2,11,-1,3,-1
201763DP04417,1,19,0,18,0,1,0,0,0,0,1,1,1,1,46,8,2298,2,5,-1,1,-1
201763DP04417,2,9,0,3,0,1,0,0,0,0,2,1,6,1,17,4,1499,2,3,10,1,10
201763DP04417,3,9,0,9,0,5,0,0,0,0,0,1,6,3,-1,-1,-1,-1,-1,-1,-1,-1
201763DP04517,1,19,0,7,0,5,0,0,1,0,1,1,1,1,29,6,1870,2,14,-1,-1,-1
201763DP04517,2,9,0,13,0,1,0,0,0,0,3,1,1,2,50,8,1968,2,4,2,1,2
201763DP04617,1,9,0,18,0,8,0,0,0,0,1,1,2,2,37,7,1686,2,7,-1,3,-1
201763DP04717,1,8,0,9,0,5,0,0,0,0,1,1,1,1,63,9,1968,2,6,-1,1,-1
201763DP04817,1,90,0,4,0,2,5,0,2,10,4,1,1,1,64,9,-1,-1,-1,-1,2,-1
201763DP04917,1,9,0,18,0,0,2,0,7,1,3,1,6,2,34,6,1994,1,20,-1,3,-1
201763DP05017,1,19,0,18,0,0,1,0,2,10,1,1,1,1,36,7,2299,2,5,-1,-1,-1
201763DP05017,2,9,0,18,0,0,0,0,0,0,1,1,2,1,58,9,1896,2,12,-1,3,-1
201763DP05117,1,19,0,1,0,0,0,0,0,0,2,1,1,1,24,5,2143,2,3,9,1,9
201763DP05117,2,9,0,3,0,0,0,0,0,0,1,1,1,1,31,6,999,1,2,-1,3,-1
201763DP05217,1,9,0,18,0,0,0,0,0,0,1,1,6,2,43,7,1598,1,14,-1,2,-1
201763DP05217,2,9,0,3,0,0,0,0,0,0,2,1,6,2,29,6,1596,1,11,-1,3,-1
201763DP05217,3,9,0,4,0,0,0,0,0,0,0,1,6,3,-1,-1,-1,-1,-1,-1,-1,-1
201763DP05317,1,9,0,18,0,0,0,0,0,0,1,1,6,1,20,4,1998,1,10,-1,3,-1
201763DP05317,2,9,0,18,0,0,1,0,0,0,1,1,6,1,37,7,1496,2,1,-1,3,-1
201763DP05417,1,9,0,1,0,1,0,0,0,0,3,1,6,2,47,8,1998,1,19,-1,2,-1
201763DP05517,1,19,0,18,0,1,0,0,0,0,1,1,1,1,35,6,2402,2,6,-1,3,-1
201763DP05517,2,9,0,3,0,1,0,0,0,0,3,1,1,2,20,4,-1,-1,-1,-1,3,-1
201763DP05617,1,19,0,18,0,0,1,0,0,0,3,1,1,1,44,7,1995,2,5,1,1,1
201763DP05617,2,9,0,4,0,0,1,0,1,10,3,1,6,1,57,9,-1,-1,-1,9,2,9
201763DP05717,1,5,0,4,0,4,1,0,0,0,0,1,6,1,56,9,999,1,12,-1,1,-1
201763DP05817,1,9,0,18,0,1,1,0,0,0,1,1,6,1,62,9,-1,-1,-1,-1,3,-1
201763DP05817,2,19,0,18,0,1,0,0,0,0,1,1,1,1,32,6,1995,2,7,9,2,9
201763DP05817,3,9,0,10,0,5,0,0,0,0,3,1,1,2,19,4,1242,1,4,-1,2,-1
201763DP06117,1,9,0,18,0,0,1,0,7,2,3,1,1,1,26,6,973,1,14,-1,3,-1
201763DP06217,1,19,0,18,0,0,1,4,0,0,4,1,2,1,21,5,1686,2,9,-1,1,-1
201763DP06217,2,9,0,2,0,0,0,0,7,0,3,1,6,2,55,8,1388,1,8,-1,2,-1
201763DP06317,1,9,0,18,0,0,2,0,1,10,0,1,6,1,22,5,1984,1,9,-1,3,-1
201763DP06417,1,9,0,18,0,1,0,0,0,0,1,1,6,2,41,7,1984,1,7,-1,3,-1
201763DP06417,2,19,0,18,0,1,0,0,0,0,2,1,1,1,48,8,1968,2,4,-1,3,-1
201763DP06417,3,9,0,9,0,1,0,0,0,0,0,1,6,3,-1,-1,-1,-1,-1,-1,-1,-1
201763DP06517,1,9,0,18,0,1,0,0,0,0,1,1,1,1,72,10,3200,2,12,-1,3,-1
201763DP06517,2,9,0,4,0,1,0,0,0,0,2,1,1,2,47,8,2184,2,12,-1,3,-1
201763DP06517,3,9,0,10,0,2,0,0,0,0,2,1,6,2,31,6,1896,2,16,-1,3,-1
201763DP06617,1,9,0,18,0,0,0,0,0,0,1,1,6,2,34,6,1998,1,7,-1,3,-1
201763DP06717,1,9,0,18,0,1,0,0,0,0,1,1,6,2,79,11,1560,2,9,-1,3,-1
201763DP06817,1,19,0,18,0,0,1,0,0,0,1,1,6,1,20,4,-1,-1,-1,-1,2,-1
201763DP06817,2,9,0,18,0,0,0,0,0,0,1,1,1,2,49,8,1596,1,2,-1,3,-1
201763DP06917,1,9,0,18,0,0,0,0,2,10,3,1,1,1,40,7,2993,2,2,-1,1,-1
201763DP06917,2,9,0,18,0,0,0,0,0,0,3,1,2,1,59,9,1995,2,2,-1,-1,-1
201763DP07017,1,9,0,13,0,0,0,0,0,0,1,1,6,1,52,8,996,1,3,-1,1,-1
201763DP07017,2,9,0,18,0,0,0,0,0,0,0,1,6,3,-1,-1,-1,-1,-1,-1,-1,-1
201763DP07117,1,9,0,18,0,0,0,0,0,0,1,1,1,1,18,4,-1,-1,-1,-1,2,-1
201763DP07117,2,9,0,3,0,0,0,0,0,0,2,1,6,2,35,6,1499,2,3,-1,3,-1
201763DP07117,3,9,0,4,0,0,0,0,0,0,0,1,6,3,-1,-1,-1,-1,-1,-1,-1,-1
201763DP07217,1,5,0,16,0,0,1,0,8,10,1,1,6,1,52,8,847,1,1,6,3,6
201763DP07217,2,19,0,17,0,0,1,0,1,9,1,1,6,1,47,8,1995,2,6,-1,3,-1
201763DP07217,3,5,0,18,0,0,0,0,0,0,0,1,6,3,-1,-1,-1,-1,-1,-1,-1,-1
201763DP07317,1,5,0,18,0,0,0,0,1,10,4,1,6,1,63,9,1170,1,5,-1,1,-1
201763DP07417,1,9,0,18,0,0,0,0,8,10,1,1,6,1,26,6,1598,1,10,-1,3,-1
201763DP07517,1,9,0,5,0,6,0,0,0,0,1,1,1,1,48,8,-1,-1,-1,-1,3,-1
201763DP07517,2,9,0,18,0,1,0,0,0,0,1,1,6,1,83,11,1388,1,7,-1,3,-1
201763DP07617,1,9,0,18,0,0,0,4,0,0,1,1,6,2,66,10,1997,2,14,-1,3,-1
201763DP07617,2,90,0,2,0,0,0,0,0,0,2,1,1,1,31,6,-1,-1,-1,-1,1,-1
201763DP07717,1,9,0,9,0,2,0,4,0,0,1,1,1,2,18,4,1149,1,7,-1,2,-1
201763DP07717,2,9,0,2,9,2,0,0,0,0,3,1,6,1,-1,-1,1200,1,4,-1,2,-1
201763DP07717,3,9,0,2,9,1,0,0,0,0,2,1,6,1,-1,-1,1390,1,12,-1,2,-1
201763DP07817,1,9,0,18,0,0,2,0,2,10,1,1,6,1,34,6,1598,1,6,-1,3,-1
201763DP07817,2,9,0,4,0,0,0,0,0,0,2,1,6,2,29,6,2179,2,5,-1,3,-1
201763DP07817,3,21,0,18,0,0,0,0,0,0,0,1,6,3,-1,-1,-1,-1,-1,-1,-1,-1
201763DP07917,1,9,0,7,0,1,1,0,3,7,1,1,6,2,17,4,998,1,11,-1,2,-1
201791NE00034,1,9,0,17,0,2,0,0,0,0,1,1,6,1,19,4,1242,1,6,-1,1,-1
201791NE01209,1,9,0,18,0,0,0,0,0,0,1,1,6,1,32,6,1997,2,12,-1,2,-1
201791NE01209,2,9,0,18,0,0,0,0,1,0,1,1,6,2,40,7,1910,2,10,-1,2,-1
201791NE01342,1,3,0,18,9,0,0,4,0,0,1,1,6,1,27,6,124,1,9,-1,2,-1
201791NE01342,2,90,3,2,0,0,0,0,0,0,0,1,6,1,-1,-1,-1,-1,-1,-1,2,-1
201791NE01403,1,9,0,17,0,0,1,0,1,11,1,1,2,1,39,7,2495,2,26,-1,3,-1
201791NE01487,1,9,0,18,0,8,0,0,0,0,1,1,2,2,28,6,1124,1,15,-1,2,-1
201791NE01487,2,9,0,9,0,5,0,0,7,0,3,1,6,1,37,7,1896,2,7,-1,3,-1
201791NE01675,1,9,0,9,0,8,0,0,7,0,4,1,6,2,72,10,1242,1,2,-1,2,-1
201791NE01675,2,9,0,18,0,8,0,7,0,0,1,1,6,2,57,9,1796,1,10,-1,3,-1
201791NE02042,1,9,0,3,0,0,0,0,0,0,2,1,2,2,46,8,-1,-1,-1,-1,2,-1
201791NE02042,2,9,0,18,0,0,0,0,0,0,1,1,2,1,20,4,1197,1,1,-1,2,-1
201791NE02042,3,9,0,3,0,0,0,0,0,0,2,1,6,2,61,9,1398,2,13,-1,3,-1
201791NE02042,4,9,0,18,0,0,0,0,0,0,2,1,2,1,51,8,-1,-1,-1,-1,-1,-1
201791NE02204,1,19,0,15,0,0,0,0,0,0,4,1,1,1,42,7,-1,-1,-1,-1,-1,-1
201791NE02204,2,1,0,18,0,0,0,0,1,0,0,1,6,1,16,4,-1,-1,-1,-1,3,-1
201791NE02212,1,9,0,18,0,0,0,0,7,9,1,1,6,1,24,5,1398,1,2,-1,2,-1
201791NE02212,2,9,0,13,0,0,0,0,1,9,1,1,6,1,25,5,1796,1,8,-1,3,-1
201791NE02212,3,9,0,18,0,0,0,0,1,9,1,1,6,1,56,9,1910,2,9,-1,1,-1
201791NE02690,1,9,0,2,0,0,0,0,1,4,2,1,6,1,54,8,1686,2,6,-1,3,-1
201791NE02906,1,9,0,18,0,1,0,0,0,0,1,1,1,1,42,7,998,1,1,-1,1,-1
201791NE02906,2,19,0,18,0,8,5,0,7,9,4,1,1,1,63,9,1461,2,5,-1,3,-1
201791NE02944,1,9,0,18,0,1,0,0,0,0,1,1,6,1,53,8,2967,2,1,-1,2,-1
201791NE02944,2,9,0,18,0,1,0,0,0,0,1,1,1,1,58,9,1200,1,5,-1,-1,-1
201791NE03711,1,9,0,18,0,1,0,0,0,0,1,1,6,1,66,10,-1,-1,-1,-1,3,-1
201791NE03711,2,90,0,9,0,2,0,0,0,0,3,1,6,1,61,9,-1,-1,-1,-1,3,-1
201791NE04162,1,9,0,18,0,5,0,0,0,0,4,1,6,1,68,10,1598,2,2,-1,2,-1
201791NE04162,2,1,0,18,0,6,0,0,0,0,1,1,2,1,26,6,-1,-1,-1,-1,2,-1
201791NE04203,1,9,0,18,0,0,0,0,0,0,1,1,6,2,34,6,1968,2,2,-1,3,-1
201791NE04203,2,9,0,18,0,0,0,0,0,0,2,1,6,1,25,5,1398,1,7,-1,1,-1
201791NE04203,3,9,0,18,0,0,0,0,0,0,2,1,6,1,63,9,2993,2,10,-1,3,-1
201791NE04253,1,21,1,18,0,0,0,0,0,0,4,1,1,1,49,8,15607,2,4,-1,3,-1
201791NE04316,1,9,0,18,0,0,1,12,7,0,4,1,6,2,19,4,1200,1,1,-1,2,-1
201791NE04316,2,21,4,2,6,0,0,0,0,0,1,1,1,1,34,6,12777,2,9,-1,2,-1
201791NE04420,1,9,0,9,0,5,0,0,0,0,3,1,3,2,33,6,1956,2,3,-1,2,-1
201791NE04420,2,9,0,3,0,1,0,0,7,11,1,1,6,2,39,7,1998,1,12,-1,3,-1
201791NE04420,3,10,0,18,0,1,0,0,0,0,3,1,1,1,38,7,-1,-1,-1,-1,-1,-1
201791NE04542,1,9,0,13,0,1,0,0,0,0,3,1,6,1,71,10,1242,1,5,-1,3,-1
201791NE04542,2,1,0,7,0,2,0,0,0,0,4,1,6,2,45,7,-1,-1,-1,-1,3,-1
201791NE04622,1,5,0,17,0,0,0,0,7,0,1,1,6,1,41,7,1170,1,1,2,1,2
201791NE04622,2,9,0,16,0,0,0,0,0,0,4,1,1,1,33,6,1598,2,1,-1,3,-1
201791NE04953,1,9,0,17,0,0,1,0,0,0,1,1,6,2,52,8,1956,2,3,5,1,5
201791NE04953,2,19,0,16,0,0,0,0,0,0,1,1,1,1,27,6,1598,2,2,-1,2,-1
201791NE05202,1,19,0,15,0,0,0,0,0,0,1,1,1,1,60,9,2287,2,2,-1,-1,-1
201791NE05202,2,9,0,16,0,0,0,0,0,0,1,1,6,1,40,7,-1,-1,-1,8,1,8
201791NE05272,1,9,0,17,0,0,0,0,0,0,1,1,6,2,48,8,1399,1,1,-1,-1,-1
201791NE05272,2,9,0,16,0,0,0,0,0,0,1,1,6,1,22,5,-1,-1,-1,-1,3,-1
201791NE06006,1,9,0,13,0,0,0,0,0,0,3,1,6,2,21,5,1397,1,9,-1,3,-1
201791NE06006,2,5,0,13,0,0,0,0,1,0,4,1,6,1,53,8,806,1,2,-1,3,-1
201791NE06786,1,9,0,18,0,0,0,0,0,0,1,1,6,1,66,10,1796,1,11,-1,-1,-1
201791NE06786,2,19,0,18,0,0,5,0,0,0,1,1,1,1,32,6,2402,2,6,-1,3,-1
201791NE07214,1,4,0,16,0,0,0,10,1,0,1,1,6,1,58,9,-1,-1,-1,-1,-1,-1
201791NE07276,1,5,0,16,0,0,1,0,1,7,4,1,6,1,72,10,865,1,2,8,2,8
201791NE07322,1,9,0,9,0,1,0,0,0,0,1,1,6,2,22,5,1598,1,10,-1,3,-1
201791NE07322,2,5,0,13,0,1,0,0,0,0,1,1,6,1,54,8,998,1,8,-1,-1,-1
201791NE07361,1,9,0,18,0,0,0,0,1,10,1,1,6,2,23,5,1199,1,4,-1,1,-1
201791NE07790,1,9,0,3,0,1,0,0,1,0,2,1,6,1,37,7,1199,2,5,-1,3,-1
201791NE07790,2,9,0,18,0,1,1,0,0,0,1,1,6,1,31,6,973,1,16,-1,3,-1
201791NE08046,1,9,0,9,0,5,0,0,0,0,1,1,6,1,69,10,-1,-1,-1,-1,-1,-1
201791NE08046,2,9,0,18,0,8,0,0,1,0,1,1,6,1,57,9,1794,1,10,6,2,6
201791NE08564,1,9,0,18,0,8,0,0,0,0,1,1,6,1,23,5,1398,1,6,-1,2,-1
201791NE08564,2,9,0,9,0,8,0,0,1,9,1,1,6,1,37,7,1598,1,13,-1,1,-1
201791NE08578,1,9,0,2,9,0,0,0,0,0,3,1,1,1,31,6,1997,2,1,-1,2,-1
201791NE08578,2,1,0,18,9,0,0,0,0,0,1,1,6,1,40,7,-1,-1,-1,-1,2,-1
201791NE08849,1,90,4,18,0,0,0,0,0,0,2,1,1,1,61,9,2800,2,11,-1,1,-1
201791NE08849,2,9,0,18,0,0,0,0,0,0,1,1,6,1,39,7,1339,1,2,-1,3,-1
201791NE09001,1,20,0,9,0,1,0,0,1,0,2,1,1,2,21,5,-1,-1,-1,-1,3,-1
201791NE09001,2,9,0,18,0,1,1,0,0,0,1,1,2,1,42,7,1995,2,9,-1,2,-1
201791NE09106,1,5,0,18,0,0,1,0,0,0,3,1,6,1,26,6,-1,-1,-1,-1,3,-1
201791NE09106,2,9,0,5,0,0,0,0,0,0,3,1,6,1,54,8,1498,1,2,-1,-1,-1
201791NE09179,1,9,0,18,0,5,0,0,0,0,4,1,2,2,53,8,1422,2,2,-1,2,-1
201791NE09179,2,20,0,18,0,1,0,0,0,0,1,1,1,1,62,9,-1,-1,-1,-1,3,-1
201791NE09179,3,19,0,18,0,1,0,0,0,0,1,1,1,1,60,9,1968,2,4,-1,1,-1
201791NE09447,1,9,0,9,0,6,0,0,0,0,3,1,6,1,56,9,1598,2,-1,-1,-1,-1
201791NE09447,2,5,0,16,0,8,1,0,0,0,1,1,6,1,36,7,-1,-1,-1,-1,2,-1
201791NE09893,1,9,0,18,0,0,0,0,7,7,1,1,6,1,24,5,1560,2,4,-1,3,-1
201791NE09893,2,5,0,18,0,0,5,0,1,0,1,1,6,1,65,9,955,1,16,-1,3,-1
201791NE09893,3,19,0,18,0,0,0,0,0,0,3,1,6,1,30,6,1598,2,2,-1,-1,-1
201791NE09893,4,9,0,18,0,0,0,0,1,0,1,1,2,1,26,6,1596,1,-1,-1,2,-1
201791NE10232,1,21,1,16,0,0,0,0,0,0,4,1,1,1,43,7,4580,2,1,-1,1,-1
201791NE10232,2,90,0,17,0,0,0,0,7,0,4,1,6,2,45,7,2198,2,2,-1,-1,-1
201791NE10977,1,5,0,18,0,0,1,11,0,0,1,1,6,1,66,10,1352,1,7,6,1,6
201791NE11067,1,19,0,18,0,0,0,0,0,0,1,1,2,1,34,6,2198,2,4,-1,-1,-1
201791NE11067,2,9,0,18,0,0,5,0,0,0,1,1,6,1,31,6,2835,2,20,-1,3,-1
201791NE11494,1,9,0,18,0,0,0,0,0,0,4,1,6,2,50,8,999,1,-1,-1,3,-1
201791NE11494,2,9,0,9,0,0,0,0,0,0,1,1,6,1,25,5,1596,1,13,-1,3,-1
201791NE12553,1,9,0,13,0,0,0,0,0,0,1,1,6,1,47,8,3800,1,3,2,1,2
201791NE12553,2,4,0,17,0,0,0,0,7,11,1,1,6,2,23,5,-1,-1,-1,-1,-1,-1
201791NE12553,3,4,0,17,0,0,0,0,0,0,1,1,6,2,22,5,-1,-1,-1,-1,-1,-1
201791NE12642,1,3,0,17,0,0,0,0,1,9,1,1,1,1,29,6,124,1,10,-1,3,-1
201791NE12724,1,5,0,17,0,0,0,0,1,0,4,1,6,1,32,6,998,1,18,-1,1,-1
201791NE13478,1,9,0,16,0,0,0,0,1,9,1,1,6,2,54,8,2191,2,-1,-1,-1,-1
201791NE13478,2,9,0,17,0,0,0,0,1,0,1,1,6,1,27,6,1242,1,-1,-1,-1,-1
201791NE13748,1,10,0,18,0,0,0,0,0,0,2,1,2,1,22,5,-1,-1,-1,7,1,7
201791NE13748,2,19,0,18,0,0,1,0,0,0,1,1,1,1,32,6,1995,2,-1,-1,-1,-1
201791NE14341,1,9,0,16,0,0,0,0,0,11,1,1,6,2,60,9,1242,1,5,-1,-1,-1
201791NE14759,1,9,0,18,0,-1,0,0,0,0,1,1,6,1,47,8,1248,2,5,-1,3,-1
201791NE14759,2,9,0,9,0,6,0,0,0,0,1,1,2,1,31,6,1796,1,9,-1,2,-1
201791NE14842,1,9,0,16,0,0,1,0,0,0,1,1,6,1,22,5,2993,2,13,-1,-1,-1
201791NE14842,2,21,0,17,0,0,0,0,1,9,1,1,1,1,34,6,6700,2,1,-1,-1,-1
201791NE14922,1,9,0,4,0,1,0,0,0,0,0,1,6,2,48,8,1388,1,13,4,3,4
201791NE14922,2,19,0,4,0,1,0,0,0,0,1,1,1,1,53,8,2143,2,1,-1,3,-1
201791NE15048,1,9,0,18,0,1,0,0,1,0,1,1,6,1,55,8,2174,1,26,-1,3,-1
201791NE15048,2,9,0,9,0,8,0,0,7,0,1,1,6,2,63,9,2143,2,-1,-1,3,-1
201791NE15285,1,5,0,18,0,0,1,12,8,0,1,1,6,1,39,7,997,1,30,-1,3,-1
201791NE15767,1,21,1,2,0,0,0,0,0,0,2,1,1,1,34,6,12780,2,11,-1,2,-1
201791NE15767,2,9,0,18,0,0,0,11,0,0,3,1,6,1,71,10,2982,2,3,-1,3,-1
201791NE15767,3,9,0,18,0,0,0,0,0,0,1,1,6,1,90,11,1598,1,12,-1,3,-1
201791NE15976,1,9,0,9,0,1,0,0,0,0,1,1,6,1,29,6,2148,2,7,-1,3,-1
201791NE15976,2,9,0,18,0,1,0,0,0,0,1,1,2,2,28,6,1461,2,3,-1,3,-1
201791NE16177,1,19,0,9,0,5,0,0,0,0,3,1,1,1,28,6,2287,2,-1,-1,1,-1
201791NE16177,2,9,0,13,0,1,5,0,7,11,1,1,6,1,69,10,899,1,2,-1,3,-1
201791NE16762,1,9,0,18,0,5,0,0,0,0,3,1,2,1,47,8,1998,1,13,-1,2,-1
201791NE16762,2,1,0,18,0,5,0,0,0,0,3,1,2,1,46,8,-1,-1,-1,-1,2,-1
201791NE16835,1,9,0,3,0,0,0,0,0,0,2,1,2,1,35,6,-1,-1,-1,-1,-1,-1
201791NE16835,2,9,0,3,0,0,0,0,0,0,1,1,2,1,59,9,-1,-1,-1,-1,-1,-1
201791NE16835,3,9,0,18,0,0,0,0,0,0,1,1,6,1,21,5,1598,1,9,-1,-1,-1
201791NE17393,1,9,0,17,0,0,1,0,7,0,1,1,6,2,37,7,1560,2,12,-1,3,-1