Accident_Index,Vehicle_Reference,Vehicle_Type,Towing_and_Articulation,Vehicle_Manoeuvre,Vehicle_Location-Restricted_Lane,Junction_Location,Skidding_and_Overturning,Hit_Object_in_Carriageway,Vehicle_Leaving_Carriageway,Hit_Object_off_Carriageway,1st_Point_of_Impact,Was_Vehicle_Left_Hand_Drive?,Journey_Purpose_of_Driver,Sex_of_Driver,Age_of_Driver,Age_Band_of_Driver,Engine_Capacity_(CC),Propulsion_Code,Age_of_Vehicle,Driver_IMD_Decile,Driver_Home_Area_Type,Vehicle_IMD_Decile
2017921700021,2,8,0,18,0,0,0,0,0,0,2,1,6,2,44,7,1685,2,3,-1,2,-1
2017921700024,1,9,0,18,0,0,0,0,0,0,1,1,6,1,28,6,-1,-1,-1,-1,1,-1
2017921700025,1,9,0,18,0,0,0,0,0,0,1,1,1,1,65,9,1968,2,6,-1,-1,-1
2017921700027,1,19,0,18,0,8,0,0,0,0,3,1,1,1,58,9,1560,2,4,-1,3,-1
2017921700027,2,9,0,18,0,8,0,0,0,0,1,1,6,2,45,7,1968,2,1,-1,2,-1
2017921700028,1,9,0,18,0,8,0,0,0,0,1,1,6,1,60,9,2400,2,8,-1,3,-1
2017921700040,1,9,0,18,0,1,0,0,0,0,1,1,1,1,41,7,1560,2,3,-1,1,-1
2017921700040,2,9,0,9,0,1,1,0,1,0,4,1,6,2,23,5,1198,1,14,-1,1,-1
2017921700046,1,3,0,18,0,0,0,0,7,0,1,1,1,1,20,4,125,1,7,-1,1,-1
2017921700046,2,9,0,6,0,0,0,0,0,0,1,1,6,1,22,5,1197,1,1,-1,1,-1
2017921700057,1,9,0,17,0,2,2,0,7,11,4,1,6,2,42,7,1349,1,7,-1,3,-1
2017921700061,1,9,0,18,0,0,0,4,0,0,1,1,6,1,78,11,1582,2,3,-1,-1,-1
2017921700061,2,9,0,2,0,0,0,0,1,10,2,1,6,2,30,6,1968,2,7,-1,1,-1
2017921700063,1,9,0,14,0,0,0,0,0,0,4,1,1,1,43,7,2199,2,7,-1,3,-1
2017921700067,1,11,0,4,0,0,0,0,0,0,0,1,1,1,31,6,7300,2,9,-1,1,-1
2017921700068,1,9,0,16,0,0,2,0,7,0,3,1,2,1,52,8,1560,2,4,-1,3,-1
2017921700072,1,9,0,9,0,6,0,0,0,0,1,1,6,1,56,9,1997,2,8,-1,1,-1
2017921700072,2,9,0,18,0,8,0,0,0,0,4,1,6,2,28,6,1560,2,2,-1,3,-1
2017921700074,1,9,0,18,0,0,0,4,0,0,1,1,6,1,77,11,1968,2,1,-1,3,-1
2017921700074,2,9,0,2,0,0,1,0,1,11,3,1,6,1,61,9,999,1,2,-1,3,-1
2017921700075,1,9,0,11,0,1,0,0,0,0,4,1,2,1,19,4,1197,1,2,-1,1,-1
2017921700075,2,11,0,18,2,1,0,10,1,10,1,1,1,1,28,6,9600,2,16,-1,3,-1
2017921700078,1,9,0,18,2,0,0,0,0,0,2,1,6,3,30,6,-1,-1,-1,-1,-1,-1
2017921700078,2,1,0,18,0,0,0,0,0,0,1,1,1,1,50,8,-1,-1,-1,-1,1,-1
2017921700080,1,11,0,17,0,0,1,0,0,0,1,1,3,2,46,8,4250,2,12,-1,3,-1
2017921700080,2,9,4,16,0,0,0,0,1,11,4,1,1,1,40,7,-1,-1,-1,-1,-1,-1
2017921700081,1,9,0,3,0,0,0,0,0,0,2,1,2,1,31,6,1395,1,2,-1,2,-1
2017921700081,2,9,0,18,0,0,0,0,0,0,1,1,2,1,18,4,1600,1,13,-1,1,-1
2017921700083,1,9,0,18,0,4,0,0,0,0,1,1,2,1,59,9,1998,8,2,-1,1,-1
2017921700083,2,9,0,18,0,3,0,0,0,0,3,1,2,1,36,7,1198,1,14,-1,1,-1
2017921700088,1,9,0,18,0,8,0,0,3,2,1,1,6,1,37,7,1339,1,7,-1,1,-1
2017921700089,1,11,0,9,0,6,0,0,0,0,4,1,1,1,68,10,12600,2,13,-1,3,-1
2017921700090,1,9,0,16,0,0,0,0,7,4,1,1,6,3,40,7,1799,1,11,-1,-1,-1
2017921700091,1,21,0,18,0,8,0,0,0,0,4,1,1,1,64,9,9200,2,8,-1,1,-1
2017921700093,1,9,0,18,0,0,0,0,0,0,1,1,6,1,37,7,1995,2,4,-1,1,-1
2017921700093,2,9,0,2,0,0,0,0,1,0,2,1,6,3,30,6,1598,1,5,-1,-1,-1
2017921700094,1,9,0,12,0,0,0,0,0,0,3,1,6,1,21,5,1798,1,2,-1,1,-1
2017921700094,2,9,0,13,0,0,0,0,2,4,4,1,6,1,38,7,1248,1,4,-1,2,-1
2017921700094,3,9,0,18,0,0,0,0,1,11,2,1,6,1,56,9,1598,1,4,-1,1,-1
2017921700095,1,9,0,9,0,6,0,0,0,0,0,1,1,1,46,8,2143,2,3,-1,1,-1
2017921700095,2,1,0,18,0,8,5,0,0,0,0,1,2,1,36,7,-1,-1,-1,-1,1,-1
2017921700096,1,9,0,18,0,1,2,0,2,2,0,1,2,2,36,7,-1,-1,-1,-1,-1,-1
2017921700097,1,9,0,18,0,0,0,0,1,1,1,1,6,1,27,6,1896,2,11,-1,1,-1
2017921700097,2,9,0,16,0,0,0,0,0,0,1,1,1,1,59,9,1968,2,1,-1,1,-1
2017921700098,1,17,0,17,0,0,5,0,7,11,4,1,1,1,62,9,6788,2,5,-1,3,-1
2017921700099,1,9,0,18,0,8,0,0,0,0,1,1,6,2,51,8,1242,1,12,-1,-1,-1
2017921700099,2,9,0,9,0,8,0,0,0,0,1,1,6,2,59,9,-1,-1,-1,-1,1,-1
2017921700100,1,9,0,10,0,2,0,0,0,0,2,1,1,1,45,7,1685,2,1,-1,3,-1
2017921700100,2,2,0,9,0,6,0,0,0,0,1,1,1,1,18,4,49,1,2,-1,3,-1
2017921700104,1,9,0,2,0,0,0,0,0,0,1,1,6,1,34,6,-1,-1,-1,-1,2,-1
2017921700106,1,11,0,4,0,1,0,0,0,0,1,1,1,1,50,8,10838,2,2,-1,1,-1
2017921700106,2,9,0,4,0,1,0,0,0,0,2,1,6,2,42,7,1597,2,3,-1,3,-1
2017921700107,1,9,0,4,0,0,0,0,0,0,2,1,2,1,57,9,-1,-1,-1,-1,3,-1
2017921700107,2,9,0,18,0,0,0,11,0,0,1,1,2,2,50,8,1598,2,4,-1,3,-1
2017921700114,1,9,0,18,0,0,0,0,0,0,1,1,6,2,70,10,1998,1,-1,-1,3,-1
2017921700116,1,9,0,9,0,5,0,0,0,0,1,1,6,2,59,9,1493,2,12,-1,3,-1
2017921700116,2,9,0,18,0,1,0,0,0,0,1,1,6,1,33,6,1360,1,17,-1,3,-1
2017921700117,1,9,0,14,0,0,0,0,0,0,4,1,6,3,70,10,-1,-1,-1,-1,-1,-1
2017921700117,2,1,0,18,0,0,5,4,0,0,3,1,2,1,22,5,-1,-1,-1,-1,2,-1
2017921700120,1,9,0,1,9,1,0,10,1,11,2,1,6,1,79,11,1390,1,12,-1,1,-1
2017921700121,1,9,0,7,0,1,0,0,0,0,3,2,6,1,19,4,-1,-1,-1,-1,-1,-1
2017921700121,2,9,0,4,0,3,1,0,0,0,3,1,6,1,62,9,1984,2,7,-1,1,-1
2017921700125,1,9,0,16,0,0,1,0,1,10,4,1,6,2,29,6,1242,1,3,-1,3,-1
2017921700134,1,9,0,4,0,0,2,0,1,0,1,1,1,1,61,9,-1,-1,-1,-1,2,-1
2017921700135,1,9,0,18,0,0,0,0,1,11,0,1,6,1,44,7,1398,1,1,-1,3,-1
2017921700135,2,21,0,18,0,0,0,0,6,0,1,1,1,1,53,8,11705,2,10,-1,3,-1
2017921700142,1,9,0,18,0,0,5,0,1,0,1,1,6,2,22,5,1149,1,10,-1,2,-1
2017921700142,2,9,0,18,0,0,0,0,0,0,2,1,6,2,30,6,1086,1,6,-1,3,-1
2017921700142,3,9,0,18,0,0,0,0,0,0,1,1,6,2,45,7,1991,1,1,-1,2,-1
2017921700142,4,9,0,18,0,0,0,0,0,0,1,1,6,2,35,6,1199,2,4,-1,2,-1
2017921700144,1,21,1,18,0,0,0,0,0,0,4,1,1,1,62,9,9290,2,3,-1,1,-1
2017921700144,2,9,0,2,0,0,0,0,0,0,3,1,6,1,44,7,1461,2,10,-1,1,-1
2017921700146,1,4,0,17,0,4,1,0,0,0,0,1,6,1,54,8,125,1,6,-1,3,-1
2017921700147,1,9,0,5,0,0,0,0,0,0,1,1,6,1,69,10,1598,2,2,-1,3,-1
2017921700147,2,9,0,14,0,0,0,0,0,0,4,1,6,1,51,8,1596,1,6,-1,3,-1
2017921700149,1,9,0,18,0,0,0,0,2,11,1,1,6,1,75,10,1149,1,6,-1,3,-1
2017921700150,1,9,0,18,0,0,0,0,0,0,1,1,1,1,36,7,2191,2,3,-1,1,-1
2017921700150,2,9,0,4,0,0,0,0,0,0,2,1,6,1,70,10,1396,1,1,-1,3,-1
2017921700151,1,9,0,18,0,2,5,4,0,0,1,1,6,2,69,10,1598,1,7,-1,1,-1
2017921700151,2,9,0,2,0,2,0,4,0,0,3,1,6,2,55,8,1398,1,-1,-1,-1,-1
2017921700151,3,9,0,2,0,2,0,0,0,0,2,1,6,2,26,6,1395,1,2,-1,-1,-1
2017921700152,1,9,0,4,0,1,1,0,3,11,1,1,6,2,46,8,1596,1,5,-1,3,-1
2017921700153,1,8,0,9,0,5,0,0,0,0,4,1,1,1,60,9,1598,2,3,-1,1,-1
2017921700153,2,9,0,16,0,1,0,0,0,0,1,1,2,2,52,8,1596,1,8,-1,2,-1
2017921700156,1,9,0,12,0,1,1,0,0,0,3,1,6,2,59,9,1997,2,6,-1,3,-1
2017921700156,2,9,0,12,0,1,1,0,0,0,1,1,6,2,26,6,1242,1,10,-1,1,-1
2017921700158,1,9,0,5,0,3,0,0,0,0,4,1,6,1,20,4,-1,-1,-1,-1,-1,-1
2017921700162,1,9,0,17,0,0,5,10,1,11,1,1,6,1,87,11,1598,1,18,-1,3,-1
2017921700166,1,9,0,7,0,0,2,0,7,11,1,1,1,1,85,11,1461,2,2,-1,-1,-1
2017921700168,1,9,0,17,0,0,0,0,1,11,1,1,6,2,19,4,1399,2,11,-1,1,-1
2017921700169,1,9,0,18,0,0,2,0,8,0,1,1,6,1,28,6,2457,1,10,-1,1,-1
2017921700169,2,1,0,18,0,0,0,0,0,0,2,1,6,1,55,8,-1,-1,-1,-1,1,-1
2017921700170,1,4,0,18,0,3,1,0,0,0,1,1,6,1,29,6,-1,-1,-1,-1,1,-1
2017921700170,2,20,0,4,0,4,0,0,0,0,1,1,6,2,30,6,4580,2,17,-1,3,-1
2017921700171,1,9,0,18,0,0,1,0,1,11,1,1,6,1,22,5,1995,2,4,-1,3,-1
2017921700173,1,9,0,18,0,0,5,0,1,9,1,1,6,2,23,5,1598,1,7,-1,3,-1
2017921700174,1,1,0,17,0,1,1,0,1,3,3,1,6,1,53,8,-1,-1,-1,-1,1,-1
2017921700175,1,8,0,14,0,0,0,0,0,0,1,1,1,1,52,8,1968,2,4,-1,1,-1
2017921700180,1,1,0,18,0,1,0,0,0,0,2,1,2,1,19,4,-1,-1,-1,-1,1,-1
2017921700180,2,19,0,5,0,1,0,0,0,0,1,1,6,1,30,6,2463,2,11,-1,-1,-1
2017921700180,3,9,0,3,0,1,0,0,0,0,4,1,6,1,30,6,2143,2,2,-1,-1,-1
2017921700181,1,9,0,18,0,8,0,11,0,0,1,1,6,1,46,8,1997,1,7,-1,1,-1
2017921700187,1,9,0,9,0,2,0,0,0,0,1,1,6,2,60,9,2143,2,1,-1,1,-1
2017921700188,1,11,0,18,0,2,0,0,0,0,3,1,1,2,37,7,4500,2,1,-1,-1,-1
2017921700188,2,21,0,18,0,1,0,0,0,0,4,1,1,1,56,9,10518,2,4,-1,1,-1
2017921700190,1,9,0,18,0,0,0,0,0,0,4,1,6,1,24,5,1360,1,9,-1,1,-1
2017921700192,1,9,0,17,0,0,1,0,2,0,1,1,6,2,52,8,2143,2,5,-1,3,-1
2017921700192,2,9,0,17,0,0,1,0,1,10,1,1,6,1,52,8,2231,2,5,-1,3,-1
2017921700193,1,19,0,18,0,3,0,7,1,10,1,1,1,1,65,9,2477,2,2,-1,3,-1
2017921700196,1,9,0,18,0,0,0,0,0,0,4,1,6,1,49,8,1994,1,9,-1,3,-1
2017921700196,2,1,0,18,0,0,0,0,1,0,0,1,6,1,36,7,-1,-1,-1,-1,3,-1
2017921700198,1,9,0,18,0,0,0,0,0,0,1,1,6,2,33,6,1397,1,8,-1,1,-1
2017921700199,1,9,0,17,0,0,1,0,7,4,4,1,6,2,45,7,1248,2,8,-1,3,-1
2017921700202,1,19,0,18,0,0,0,0,1,0,1,1,1,1,46,8,1560,2,1,-1,1,-1
2017921700202,2,9,0,18,0,0,0,0,1,9,1,1,1,1,58,9,1398,1,2,-1,1,-1
2017921700203,1,21,1,4,0,1,1,0,0,0,1,1,1,1,58,9,12419,2,2,3,1,3
2017921700203,2,9,0,10,0,1,1,0,7,0,2,1,6,1,37,7,1997,2,8,-1,3,-1
2017921700203,3,9,0,18,0,1,1,0,7,9,1,1,6,2,76,11,1242,1,4,-1,1,-1
2017921700203,4,3,0,18,0,1,0,0,1,3,1,1,6,1,44,7,998,1,13,-1,1,-1
2017921700205,1,9,0,18,0,0,0,0,7,0,1,1,2,1,50,8,1598,1,9,-1,1,-1
2017921700205,2,9,0,4,0,0,0,0,0,0,2,1,6,2,43,7,1969,2,2,-1,3,-1
2017921700210,1,9,0,3,0,1,0,0,0,0,2,1,6,2,44,7,1781,1,14,-1,3,-1
2017921700210,2,9,0,18,0,1,0,0,7,0,1,1,6,2,35,6,1686,2,6,-1,2,-1
2017921700212,1,9,0,17,0,0,0,0,7,4,1,1,2,2,20,4,1086,1,9,-1,3,-1
2017921700213,1,9,0,18,0,0,0,0,0,0,2,1,6,2,67,10,1395,1,1,-1,1,-1
2017921700213,2,9,0,18,0,0,0,0,0,0,1,1,6,2,50,8,1461,2,4,-1,3,-1
2017921700217,1,90,0,18,0,0,2,0,2,0,0,2,2,1,48,8,499,1,4,-1,-1,-1
2017921700218,1,9,0,9,9,3,0,0,1,11,4,1,6,2,78,11,1248,1,7,-1,1,-1
2017921700219,1,3,0,9,0,3,0,0,0,0,0,1,6,1,40,7,125,1,1,-1,1,-1
2017921700219,2,9,0,10,0,4,0,0,0,0,0,1,6,1,51,8,1910,2,9,-1,3,-1
2017921700221,1,11,0,18,0,3,0,0,0,0,1,1,1,1,50,8,6696,2,4,-1,1,-1
2017921700221,2,1,0,7,0,3,0,0,0,0,3,1,6,1,30,6,-1,-1,-1,-1,1,-1
2017921700222,1,9,0,8,0,1,0,0,0,0,1,1,6,1,50,8,1242,1,2,-1,-1,-1
2017921700224,1,9,0,18,0,0,0,0,0,0,1,1,2,2,56,9,1198,1,4,-1,1,-1
2017921700224,2,9,0,12,0,0,0,0,0,0,1,1,2,1,46,8,1399,1,11,-1,1,-1
2017921700225,1,9,0,4,0,1,0,0,0,0,2,1,6,1,21,5,1242,1,6,-1,-1,-1
2017921700225,2,19,0,4,0,1,0,0,0,0,1,1,1,1,72,10,2143,2,2,-1,1,-1
2017921700227,1,9,0,7,0,5,0,0,0,0,4,1,2,1,48,8,1995,2,5,-1,3,-1
2017921700227,2,9,0,18,0,1,0,0,0,0,1,1,2,1,55,8,1968,2,2,-1,-1,-1
2017921700229,1,8,0,18,0,1,0,0,0,0,1,1,1,1,63,9,1390,1,5,-1,2,-1
2017921700230,1,17,0,18,0,0,0,0,0,0,1,1,1,1,56,9,-1,-1,-1,-1,3,-1
2017921700230,2,9,0,18,0,0,0,0,0,0,1,1,6,2,77,11,1197,1,5,-1,1,-1
2017921700234,1,9,0,13,0,0,0,0,0,0,0,1,1,1,27,6,2979,1,15,-1,3,-1
2017921700234,2,9,0,18,0,0,0,0,1,0,1,1,1,1,26,6,2494,2,5,-1,2,-1
2017921700234,3,9,0,18,0,0,0,0,1,0,1,1,1,1,17,4,1364,1,8,-1,3,-1
2017921700241,1,9,0,18,0,1,0,0,0,0,3,1,2,1,21,5,1998,1,8,-1,3,-1
2017921700241,2,21,4,9,0,8,0,0,0,0,1,1,1,1,25,5,10837,2,1,-1,-1,-1
2017921700242,1,9,0,4,0,0,0,0,0,0,1,1,6,1,77,11,1086,1,9,-1,3,-1
2017921700242,2,19,0,4,0,0,0,0,0,0,2,1,1,1,45,7,2402,2,5,-1,1,-1
2017921700243,1,9,0,18,0,0,0,0,0,0,4,1,1,2,30,6,1199,1,14,-1,1,-1
2017921700248,1,3,0,9,0,1,0,0,7,0,3,1,6,1,45,7,124,1,10,-1,2,-1
2017921700252,1,9,0,5,0,1,0,0,0,0,2,1,6,2,81,11,1797,8,4,-1,3,-1
2017921700252,2,9,0,18,0,1,1,0,0,0,1,1,2,1,36,7,-1,-1,-1,-1,1,-1
2017921700254,1,19,0,9,0,2,0,0,0,0,1,1,6,2,40,7,-1,-1,-1,-1,1,-1
2017921700254,2,9,0,18,0,1,0,0,0,0,1,1,6,2,49,8,1896,2,13,-1,3,-1
2017921700255,1,9,0,5,0,2,1,0,0,0,3,1,6,1,72,10,1997,1,5,-1,3,-1
2017921700255,2,9,0,18,0,1,1,0,0,0,1,1,6,2,85,11,1108,1,8,-1,3,-1
2017921700264,1,9,0,18,0,8,0,0,0,0,0,1,6,1,24,5,1199,1,13,-1,1,-1
2017921700266,1,9,0,18,0,0,0,0,0,0,1,1,6,1,39,7,1396,1,12,-1,3,-1
2017921700266,2,9,0,18,0,0,0,0,0,0,1,1,2,2,32,6,1198,1,11,-1,3,-1
2017921700266,3,9,0,18,0,0,0,0,7,0,3,1,2,1,52,8,1199,1,13,-1,2,-1
2017921700267,1,9,0,9,0,8,0,0,1,11,1,1,6,2,20,4,1368,1,10,-1,1,-1
2017921700267,2,9,0,18,0,8,0,0,0,0,1,1,6,1,32,6,2993,2,5,-1,3,-1
2017921700268,1,9,0,18,0,0,1,0,2,0,4,1,1,1,22,5,1596,1,16,-1,2,-1
2017921700268,2,9,0,18,0,0,0,0,1,0,1,1,6,2,50,8,1149,1,13,-1,3,-1
2017921700269,1,5,0,17,0,0,0,0,1,4,3,1,6,1,29,6,599,1,14,-1,2,-1
2017921700272,1,9,0,17,0,0,0,6,2,10,4,1,6,2,38,7,1984,1,12,-1,1,-1
2017921700273,1,9,0,17,0,0,2,0,8,0,4,2,6,1,38,7,1999,1,11,-1,3,-1
2017921700274,1,5,0,13,0,1,5,0,0,0,1,1,6,1,62,9,1050,1,1,-1,3,-1
2017921700274,2,9,4,9,0,1,0,0,0,0,2,1,6,1,76,11,2800,2,23,-1,3,-1
2017921700276,1,9,0,18,0,1,1,0,0,0,1,1,6,1,44,7,1396,1,8,-1,3,-1
2017921700276,2,9,0,9,0,1,0,0,0,0,1,1,6,1,68,10,1248,2,9,-1,3,-1
2017921700278,1,9,0,18,0,0,2,0,7,10,1,1,6,2,36,7,1598,2,7,-1,3,-1
2017921700281,1,1,0,17,0,1,0,0,0,0,0,1,6,1,48,8,-1,-1,-1,-1,3,-1
2017921700282,1,11,0,18,0,0,0,0,0,0,4,1,1,1,56,9,12902,2,1,-1,1,-1
2017921700282,2,1,0,18,0,0,0,0,0,0,2,1,6,1,43,7,-1,-1,-1,-1,1,-1
2017921700285,1,9,0,18,0,0,1,0,1,4,1,1,2,2,22,5,1242,1,11,-1,3,-1
2017921700294,1,9,0,18,0,0,2,0,0,0,4,1,6,2,18,4,1397,1,8,-1,1,-1
2017921700294,2,9,0,18,0,0,0,0,1,0,1,1,6,1,70,10,1968,2,4,-1,3,-1
2017921700295,1,5,0,13,0,1,0,0,7,0,1,1,6,1,33,6,953,1,11,-1,2,-1
2017921700295,2,9,0,9,0,1,0,0,0,0,3,1,6,1,46,8,1905,2,25,-1,3,-1
2017921700298,1,19,0,18,0,1,0,0,0,0,1,1,6,1,46,8,2463,2,11,-1,1,-1
2017921700300,1,9,0,9,0,1,0,0,0,0,1,1,6,1,17,4,1242,1,10,-1,3,-1
2017921700300,2,9,0,18,0,1,0,0,7,1,1,1,6,1,60,9,1560,2,3,-1,3,-1
2017921700302,1,9,0,16,0,0,1,0,7,10,1,1,6,1,22,5,1198,1,14,-1,3,-1
2017921700302,2,19,0,17,0,0,1,0,0,0,1,1,6,1,33,6,1560,2,1,3,1,3
2017921700302,3,9,0,16,0,0,0,0,1,0,1,1,6,2,36,7,1597,2,2,-1,1,-1
2017921700303,1,9,0,18,0,0,0,0,0,0,1,1,6,2,75,10,796,1,8,-1,1,-1
2017921700304,1,3,0,4,0,0,0,0,0,0,1,1,6,1,17,4,125,1,2,-1,1,-1
2017921700304,2,9,0,4,0,0,0,0,0,0,0,1,6,2,25,5,1396,1,5,-1,1,-1
2017921700307,1,9,0,17,0,0,0,11,0,0,3,1,1,1,40,7,1598,2,2,-1,-1,-1
2017921700307,2,9,0,16,0,0,0,11,0,0,3,1,6,2,18,4,1968,2,4,-1,-1,-1
2017921700307,3,9,0,16,0,0,0,11,7,7,3,1,2,1,25,5,1968,2,1,-1,-1,-1
2017921700311,1,9,0,6,0,0,0,0,0,0,4,1,6,1,22,5,1560,2,8,-1,1,-1
2017921700311,2,9,0,13,0,0,0,0,0,0,1,1,6,1,62,9,-1,-1,-1,-1,1,-1
2017921700312,1,9,0,18,0,0,0,11,0,0,1,1,6,1,42,7,2993,2,1,-1,3,-1
2017921700314,1,21,0,18,0,0,0,0,0,0,3,1,1,1,24,5,10837,2,2,-1,1,-1
2017921700314,2,21,0,13,0,0,0,0,0,0,2,1,1,1,47,8,12740,2,3,-1,2,-1
2017921700317,1,9,0,17,0,0,2,0,7,11,0,1,6,2,56,9,998,1,5,-1,1,-1
2017921700320,1,11,0,10,0,1,0,0,0,0,0,1,1,1,60,9,6700,2,5,-1,2,-1
2017921700320,2,9,0,18,0,1,2,0,1,11,1,1,6,1,59,9,1364,1,7,-1,3,-1
2017921700322,1,9,0,18,0,0,0,10,0,0,1,1,1,1,59,9,1968,2,8,-1,1,-1
2017921700322,2,9,0,9,0,0,0,0,0,0,2,1,6,2,19,4,1968,2,7,-1,2,-1
2017921700324,1,5,0,16,0,0,0,0,7,0,1,1,2,1,36,7,696,1,7,-1,3,-1
2017921700324,2,20,0,17,0,0,0,0,0,0,1,1,2,1,42,7,2298,2,5,-1,3,-1
2017921700326,1,9,0,18,0,0,0,0,0,0,1,1,6,2,44,7,-1,-1,-1,-1,3,-1
2017921700326,2,9,0,18,0,0,0,0,0,0,1,1,6,1,39,7,1968,2,8,-1,1,-1
2017921700328,1,9,0,17,0,0,0,0,0,0,1,1,6,1,57,9,1560,2,2,-1,2,-1
2017921700328,2,9,0,16,0,0,0,0,1,4,1,1,6,2,28,6,998,1,4,-1,2,-1
2017921700332,1,9,0,18,0,3,0,0,0,0,3,1,2,2,25,5,1598,1,11,-1,3,-1
2017921700332,2,9,0,18,0,3,0,0,0,0,1,1,3,1,44,7,1197,1,4,-1,3,-1
2017921700338,1,9,0,9,0,8,0,0,0,0,1,1,1,2,56,9,1598,2,1,-1,-1,-1
2017921700338,2,5,0,18,0,1,0,0,0,0,1,1,6,1,27,6,1000,1,33,-1,1,-1
2017921700339,1,9,0,4,0,0,0,0,0,0,1,1,2,1,49,8,-1,-1,-1,-1,3,-1
2017921700339,2,5,0,18,0,0,0,0,3,2,1,1,1,1,56,9,-1,-1,-1,-1,3,-1
2017921700340,1,9,0,18,0,1,0,0,1,0,1,1,6,2,65,9,1997,2,8,-1,3,-1
2017921700340,2,9,0,10,0,2,0,0,0,0,3,1,6,2,47,8,1984,1,1,-1,3,-1
2017921700348,1,9,0,18,0,0,0,0,7,10,2,1,2,1,44,7,1499,2,1,-1,3,-1
2017921700351,1,1,0,5,0,3,0,0,0,0,2,1,2,2,25,5,-1,-1,-1,-1,1,-1
2017921700351,2,9,0,5,0,3,0,0,0,0,1,1,2,2,50,8,2497,1,8,-1,1,-1
2017921700352,1,11,0,4,0,0,0,0,0,0,0,1,1,1,40,7,-1,-1,-1,-1,-1,-1
2017921700354,1,9,0,10,0,8,0,0,0,0,3,1,6,2,35,6,2720,2,10,-1,1,-1
2017921700354,2,4,0,4,0,8,2,0,0,0,1,1,6,1,19,4,124,1,3,-1,3,-1
2017921700356,1,9,0,17,0,0,5,0,1,10,4,1,6,1,39,7,1796,1,13,-1,3,-1
2017921700362,1,9,0,18,0,2,0,0,0,0,1,1,6,1,48,8,1598,2,1,-1,1,-1
2017921700363,1,9,0,18,0,3,1,0,7,10,3,1,2,1,21,5,1390,1,8,-1,2,-1
2017921700366,1,9,0,18,0,0,0,0,1,4,1,1,6,1,25,5,1956,2,3,-1,1,-1
2017921700368,1,11,0,7,0,1,0,0,0,0,1,1,1,1,47,8,8900,2,8,-1,1,-1
2017921700372,1,9,0,18,0,0,5,0,1,11,4,1,6,1,32,6,1461,2,1,1,1,1
2017921700372,2,9,0,18,0,0,0,0,7,11,3,1,6,1,30,6,3175,1,12,-1,2,-1
2017921700375,1,9,0,18,0,0,0,0,0,0,1,1,6,2,46,8,1200,1,2,-1,1,-1
2017921700376,1,21,1,18,0,0,1,0,7,11,1,1,1,1,46,8,12900,2,6,-1,2,-1
2017921700377,1,9,0,13,0,1,0,0,0,0,4,1,2,1,71,10,2231,2,10,-1,3,-1
2017921700377,2,9,0,9,0,1,2,0,1,0,3,1,6,1,62,9,1396,1,14,-1,3,-1
2017921700381,1,9,0,18,0,0,0,0,0,0,1,1,6,1,18,4,1398,1,2,-1,1,-1
2017921700381,2,9,0,3,0,0,0,0,0,0,1,1,6,1,25,5,1395,1,3,-1,1,-1
2017921700381,3,9,0,3,0,0,0,0,0,0,2,1,6,2,21,5,998,1,11,-1,3,-1
2017921700385,1,9,0,16,0,0,0,0,1,0,4,1,6,2,40,7,1598,1,11,-1,3,-1
2017921700386,1,9,0,17,0,0,1,0,0,0,0,1,6,2,44,7,2429,1,14,-1,3,-1
2017921700386,2,9,0,16,0,0,0,0,1,11,2,1,6,2,53,8,1598,2,2,-1,3,-1
2017921700389,1,8,0,18,0,0,0,0,0,0,1,1,6,1,42,7,1995,2,5,-1,3,-1
2017921700391,1,9,0,18,0,0,0,0,0,0,1,1,2,2,77,11,1461,2,4,-1,2,-1
2017921700391,2,9,0,18,0,0,0,0,1,0,1,1,6,1,49,8,1998,1,-1,-1,3,-1
2017921700392,1,5,0,18,0,1,1,12,0,0,1,1,6,1,55,8,1237,1,4,-1,3,-1
2017921700393,1,9,0,9,0,1,0,0,0,0,4,1,6,2,36,7,1598,1,1,-1,-1,-1
2017921700393,2,1,0,18,0,8,0,0,0,0,1,1,6,1,49,8,-1,-1,-1,-1,1,-1
2017921700396,1,9,0,18,0,2,0,0,0,0,2,1,6,2,27,6,1896,2,12,-1,1,-1
2017921700396,2,9,0,18,0,2,0,0,0,0,1,1,6,2,49,8,1248,2,6,-1,1,-1
2017921700397,1,9,0,3,0,1,0,0,0,0,2,1,6,2,45,7,999,1,2,-1,1,-1
2017921700397,2,9,0,3,0,1,0,4,0,0,1,1,6,1,35,6,1973,1,17,-1,1,-1
2017921700402,1,9,0,5,0,8,0,0,0,0,4,2,6,1,27,6,1591,1,4,-1,1,-1
2017921700402,2,9,0,18,0,8,0,0,0,0,1,1,6,2,48,8,1242,1,8,-1,1,-1
2017921700404,1,9,4,18,0,0,0,0,0,0,1,1,6,1,61,9,2198,2,4,-1,1,-1
2017921700404,2,9,0,18,0,0,0,0,0,0,1,1,6,1,31,6,2987,2,7,-1,3,-1
2017921700405,1,9,0,18,0,1,2,0,0,0,4,1,6,1,18,4,1685,2,6,-1,-1,-1
2017921700405,2,9,0,5,0,8,0,0,0,0,1,1,6,2,79,11,1422,2,9,-1,3,-1