Accident_Index,Vehicle_Reference,Vehicle_Type,Towing_and_Articulation,Vehicle_Manoeuvre,Vehicle_Location-Restricted_Lane,Junction_Location,Skidding_and_Overturning,Hit_Object_in_Carriageway,Vehicle_Leaving_Carriageway,Hit_Object_off_Carriageway,1st_Point_of_Impact,Was_Vehicle_Left_Hand_Drive?,Journey_Purpose_of_Driver,Sex_of_Driver,Age_of_Driver,Age_Band_of_Driver,Engine_Capacity_(CC),Propulsion_Code,Age_of_Vehicle,Driver_IMD_Decile,Driver_Home_Area_Type,Vehicle_IMD_Decile
2017921700406,1,5,0,18,0,0,1,0,0,0,4,1,6,1,24,5,599,1,7,-1,3,-1
2017921700407,1,9,0,17,0,0,0,0,0,0,1,1,6,1,30,6,-1,-1,-1,-1,-1,-1
2017921700407,2,19,0,16,0,0,0,0,0,0,1,1,1,1,54,8,1598,2,2,-1,1,-1
2017921700408,1,4,0,18,9,1,0,10,1,1,1,1,6,1,28,6,-1,-1,-1,-1,1,-1
2017921700410,1,9,0,18,0,4,0,0,0,0,1,1,6,1,30,6,998,1,4,-1,-1,-1
2017921700410,2,1,0,9,0,3,0,0,0,0,4,1,2,1,37,7,-1,-1,-1,-1,-1,-1
2017921700411,1,9,0,18,0,0,0,0,0,0,1,1,6,1,29,6,1995,2,5,-1,3,-1
2017921700411,2,9,0,3,0,0,0,0,0,0,2,1,6,1,21,5,1364,1,7,-1,3,-1
2017921700412,1,9,0,17,0,0,0,0,0,0,1,1,2,1,22,5,1995,2,5,-1,3,-1
2017921700412,2,21,1,16,0,0,0,0,1,0,1,1,1,1,53,8,16400,2,2,-1,3,-1
2017921700413,1,9,0,18,0,1,0,0,0,0,0,1,6,1,50,8,2982,2,10,-1,2,-1
2017921700413,2,17,4,10,0,2,0,0,0,0,1,1,6,1,50,8,6788,2,2,-1,3,-1
2017921700414,1,9,0,18,0,8,0,0,0,0,1,1,6,1,20,4,1395,1,2,-1,1,-1
2017921700414,2,9,0,9,0,8,0,0,0,0,1,1,6,1,22,5,1198,1,7,-1,-1,-1
2017921700415,1,9,0,18,0,1,0,0,0,0,1,1,6,1,35,6,1995,2,12,-1,-1,-1
2017921700415,2,9,0,3,0,1,0,0,0,0,2,1,2,2,23,5,1242,1,5,-1,1,-1
2017921700415,3,9,0,10,0,8,0,0,0,0,0,1,1,1,38,7,1248,2,5,-1,1,-1
2017921700416,1,9,0,16,0,0,2,0,1,10,4,1,2,1,17,4,1328,1,9,-1,3,-1
2017921700418,1,19,0,18,0,0,0,0,0,0,1,1,2,1,49,8,1248,2,6,-1,3,-1
2017921700421,1,19,0,3,0,2,0,0,0,0,2,1,1,1,43,7,1399,2,8,-1,3,-1
2017921700421,2,9,0,5,0,2,0,0,0,0,2,1,1,1,48,8,-1,-1,-1,-1,1,-1
2017921700421,3,19,0,18,0,1,0,0,0,0,1,1,1,1,50,8,2198,2,6,-1,1,-1
2017921700423,1,9,0,1,0,0,0,0,0,0,2,1,6,1,22,5,1242,1,16,-1,1,-1
2017921700428,1,9,0,18,0,1,0,0,0,0,1,1,6,1,79,11,1598,1,12,-1,3,-1
2017921700428,2,9,0,18,0,5,0,0,0,0,2,1,6,2,21,5,1395,1,1,-1,3,-1
2017921700429,1,11,0,9,0,8,0,0,0,0,1,1,1,1,45,7,6700,2,5,-1,1,-1
2017921700429,2,9,0,18,0,1,0,0,0,0,4,1,3,1,45,7,1397,1,9,-1,3,-1
2017921700435,1,9,0,18,0,0,1,12,0,0,1,1,6,1,56,9,1896,2,15,-1,3,-1
2017921700437,1,9,0,17,0,0,2,0,1,4,4,1,6,1,22,5,2979,1,1,-1,2,-1
2017921700439,1,9,0,4,0,2,0,0,0,0,1,1,2,2,29,6,3387,1,11,-1,1,-1
2017921700439,2,1,0,18,0,1,0,0,0,0,4,1,6,1,23,5,-1,-1,-1,-1,1,-1
2017921700441,1,9,0,18,0,1,0,0,0,0,1,1,2,1,18,4,1398,1,7,-1,1,-1
2017921700441,2,9,0,10,0,1,0,0,0,0,2,1,2,2,47,8,1461,2,2,-1,1,-1
2017921700442,1,21,1,18,0,0,0,0,1,4,1,1,1,1,49,8,12777,2,7,-1,3,-1
2017921700442,2,9,0,18,0,0,0,0,7,0,3,1,6,1,81,11,2179,2,7,-1,1,-1
2017921700444,1,19,0,18,0,0,0,0,7,0,1,1,6,1,67,10,2298,2,7,-1,2,-1
2017921700444,2,9,0,18,0,0,0,0,1,11,1,1,6,1,85,11,1339,1,4,-1,2,-1
2017921700446,1,9,0,18,0,1,0,0,1,3,1,1,6,2,20,4,1199,1,14,-1,2,-1
2017921700446,2,9,0,5,0,8,0,0,0,0,3,1,6,1,55,8,1896,2,14,-1,1,-1
2017921700447,1,9,0,18,0,1,0,0,0,0,1,1,6,1,50,8,1229,1,1,-1,1,-1
2017921700447,2,19,0,3,0,1,0,0,0,0,2,1,1,2,22,5,2299,2,2,-1,2,-1
2017921700448,1,9,0,18,0,0,0,0,7,0,3,1,6,2,60,9,-1,-1,-1,-1,-1,-1
2017921700448,2,9,0,18,0,0,1,0,0,0,3,1,6,1,58,9,998,1,1,-1,3,-1
2017921700450,1,9,0,18,0,0,0,0,0,0,1,1,1,2,26,6,1362,1,4,-1,1,-1
2017921700451,1,9,0,9,0,4,0,0,0,0,1,1,6,2,63,9,1399,1,-1,-1,-1,-1
2017921700451,2,97,0,18,0,4,0,0,1,10,4,1,1,1,51,8,-1,-1,-1,-1,1,-1
2017921700453,1,9,0,10,0,1,0,0,0,0,3,1,2,1,49,8,1798,1,3,-1,3,-1
2017921700453,2,9,0,18,0,8,0,0,0,0,1,1,2,1,21,5,1390,1,10,-1,3,-1
2017921700454,1,9,0,17,0,0,0,0,0,0,1,1,6,1,19,4,1242,1,8,-1,3,-1
2017921700454,2,19,0,16,0,0,0,0,0,0,1,1,2,1,48,8,1968,2,2,-1,3,-1
2017921700455,1,9,0,18,0,0,5,0,7,0,1,1,6,1,30,6,1997,1,18,-1,1,-1
2017921700461,1,5,0,17,0,0,0,10,1,0,1,1,6,1,48,8,-1,-1,-1,-1,-1,-1
2017921700463,1,19,0,18,0,8,2,2,4,6,1,1,2,1,20,4,1560,2,1,-1,3,-1
2017921700465,1,9,0,18,0,8,1,0,0,0,1,1,6,3,16,4,1997,2,5,-1,-1,-1
2017921700465,2,9,0,18,0,8,1,0,1,0,3,1,6,1,38,7,2993,2,1,-1,1,-1
2017921700466,1,9,4,18,0,0,0,0,0,0,3,1,6,1,51,8,2402,2,9,-1,3,-1
2017921700468,1,5,0,17,0,0,0,0,1,11,1,1,6,2,47,8,599,1,25,-1,3,-1
2017921700475,1,9,0,9,0,1,0,0,0,0,4,1,6,1,69,10,1398,1,5,-1,2,-1
2017921700475,2,9,0,7,0,1,0,0,0,0,3,1,6,1,30,6,1560,2,4,-1,1,-1
2017921700476,1,9,0,16,0,0,5,0,2,0,1,1,6,1,71,10,1461,2,4,-1,1,-1
2017921700477,1,9,0,9,0,8,0,0,0,0,1,1,6,2,32,6,1598,2,-1,-1,-1,-1
2017921700477,2,9,0,18,0,8,0,0,0,0,1,1,6,1,66,10,2191,2,-1,5,1,5
2017921700477,3,9,0,3,0,1,0,0,0,0,1,1,6,2,65,9,1598,1,2,-1,3,-1
2017921700478,1,21,1,5,0,0,0,0,0,0,1,1,1,1,42,7,12419,2,5,-1,1,-1
2017921700482,1,1,0,5,0,4,0,0,0,0,3,1,6,1,70,10,-1,-1,-1,-1,1,-1
2017921700482,2,9,0,9,0,8,0,0,0,0,4,1,6,1,33,6,-1,-1,-1,-1,2,-1
2017921700484,1,9,0,18,0,0,1,0,2,10,4,1,6,2,31,6,1329,1,3,-1,2,-1
2017921700485,1,9,0,18,0,0,1,0,1,11,3,1,3,1,53,8,998,1,2,-1,2,-1
2017921700485,2,9,0,13,0,0,2,0,1,11,4,1,2,1,37,7,1994,1,12,-1,3,-1
2017921700486,1,9,0,18,0,0,5,0,7,0,1,1,6,1,21,5,1998,1,11,-1,1,-1
2017921700486,2,9,0,18,0,0,0,0,0,0,1,1,6,2,24,5,1598,1,3,-1,3,-1
2017921700488,1,9,0,17,0,0,5,0,7,0,1,1,2,1,18,4,1242,1,11,-1,2,-1
2017921700492,1,9,0,16,0,0,0,0,1,0,0,1,6,2,18,4,1229,1,4,-1,3,-1
2017921700494,1,9,0,17,0,0,0,0,1,0,0,1,6,2,46,8,1360,1,12,-1,1,-1
2017921700496,1,1,0,18,9,1,0,4,0,0,1,1,6,1,15,3,-1,-1,-1,-1,1,-1
2017921700496,2,9,0,5,0,1,0,0,0,0,4,1,6,1,70,10,1242,1,6,-1,-1,-1
2017921700497,1,9,0,17,0,0,1,0,0,0,0,1,6,1,65,9,1998,2,12,-1,3,-1
2017921700497,2,9,0,18,0,0,0,0,1,0,1,1,6,1,36,7,-1,-1,-1,-1,3,-1
2017921700500,1,5,0,18,0,1,0,0,0,0,1,1,6,2,29,6,1100,1,-1,-1,-1,-1
2017921700500,2,4,0,10,0,1,0,0,0,0,2,1,6,1,18,4,124,1,3,-1,-1,-1
2017921700501,1,19,0,18,0,2,0,0,0,0,3,1,6,1,30,6,2178,2,11,-1,2,-1
2017921700501,2,9,0,18,0,1,0,0,0,0,1,1,6,1,57,9,998,1,3,-1,3,-1
2017921700504,1,9,0,18,0,0,0,0,0,0,1,1,6,1,23,5,-1,-1,-1,-1,3,-1
2017921700504,2,1,0,18,0,0,0,0,1,11,2,1,6,2,59,9,-1,-1,-1,3,1,3
2017921700505,1,9,0,17,0,0,2,0,8,9,1,2,2,2,47,8,1998,1,15,-1,2,-1
2017921700506,1,9,0,18,0,0,5,0,8,0,1,1,2,1,44,7,1998,1,10,-1,3,-1
2017921700508,1,5,0,18,0,0,0,0,2,0,3,1,6,1,48,8,998,1,6,-1,3,-1
2017921700508,2,9,0,17,0,0,0,0,0,0,3,1,6,2,33,6,1796,1,5,-1,3,-1
2017921700511,1,9,0,17,0,0,1,0,1,4,4,1,6,2,67,10,1339,1,13,-1,3,-1
2017921700512,1,9,0,18,0,0,0,0,1,11,1,1,6,1,18,4,1560,2,6,-1,1,-1
2017921700514,1,9,0,18,0,1,0,0,0,0,3,1,2,1,67,10,1598,2,5,-1,-1,-1
2017921700515,1,5,0,18,0,0,0,0,1,7,4,1,6,1,41,7,849,1,5,-1,3,-1
2017921700516,1,9,0,4,0,3,0,0,0,0,1,1,2,1,23,5,-1,-1,-1,-1,1,-1
2017921700516,2,1,0,4,0,3,5,10,0,0,2,1,6,1,54,8,-1,-1,-1,-1,1,-1
2017921700517,1,9,0,5,0,1,0,0,0,0,1,1,6,1,78,11,2982,2,3,-1,3,-1
2017921700517,2,9,0,2,0,1,0,0,0,0,1,1,6,1,19,4,998,1,2,-1,1,-1
2017921700517,3,9,0,18,0,1,0,0,0,0,1,1,6,1,55,8,1951,2,11,-1,1,-1
2017921700518,1,1,0,18,4,8,0,0,0,0,3,1,2,1,40,7,-1,-1,-1,-1,1,-1
2017921700518,2,9,0,18,0,8,0,0,0,0,1,1,1,1,21,5,-1,-1,-1,-1,3,-1
2017921700519,1,20,0,7,0,4,0,0,0,0,1,1,1,1,35,6,6871,2,4,-1,-1,-1
2017921700519,2,9,0,7,0,4,0,0,0,0,2,1,2,1,51,8,1956,2,6,-1,1,-1
2017921700520,1,9,0,3,0,0,0,0,0,0,2,1,2,1,33,6,1997,2,7,-1,1,-1
2017921700520,2,9,0,18,0,0,0,0,0,0,1,1,2,2,37,7,1560,2,8,-1,3,-1
2017921700526,1,5,0,18,0,0,1,0,2,11,4,1,6,1,50,8,954,1,14,-1,3,-1
2017921700527,1,9,0,18,0,1,0,4,0,0,1,1,6,1,-1,-1,1399,2,13,-1,-1,-1
2017921700528,1,1,0,4,0,0,0,0,0,0,1,1,2,1,35,6,-1,-1,-1,-1,1,-1
2017921700528,2,9,0,18,0,0,0,0,0,0,1,1,1,1,60,9,-1,-1,-1,-1,1,-1
2017921700530,1,9,0,13,0,0,0,0,1,0,1,2,6,1,46,8,2480,1,5,-1,3,-1
2017921700530,2,9,0,18,0,0,0,0,1,0,1,2,6,2,19,4,1198,1,4,-1,1,-1
2017921700532,1,9,0,17,0,0,1,0,8,0,2,2,6,2,49,8,1396,1,13,-1,-1,-1
2017921700533,1,19,0,18,0,0,0,0,0,0,4,1,2,1,49,8,1968,2,2,-1,3,-1
2017921700534,1,19,0,9,0,1,0,0,0,0,1,1,6,1,69,10,1560,2,8,-1,3,-1
2017921700534,2,5,0,18,0,1,0,0,7,0,1,1,6,1,31,6,1000,1,8,-1,1,-1
2017921700540,1,9,0,17,9,0,2,0,7,11,3,1,6,1,28,6,1590,1,14,-1,3,-1
2017921700541,1,9,0,18,0,0,0,0,0,0,0,1,6,1,30,6,-1,-1,-1,-1,-1,-1
2017921700542,1,90,0,18,0,8,0,0,0,0,1,1,2,1,19,4,-1,-1,-1,-1,3,-1
2017921700542,2,19,0,5,0,8,0,0,0,0,1,1,2,1,50,8,-1,-1,-1,-1,2,-1
2017921700543,1,5,0,18,0,1,0,0,0,0,1,1,6,1,25,5,599,1,4,-1,3,-1
2017921700543,2,9,0,9,0,1,0,0,0,0,2,1,2,1,51,8,999,1,2,-1,2,-1
2017921700545,1,9,0,9,0,1,0,0,0,0,1,1,6,1,49,8,1595,1,-1,3,1,3
2017921700545,2,19,0,18,0,1,0,0,0,0,4,1,1,1,56,9,2143,2,-1,-1,1,-1
2017921700556,1,2,0,17,0,0,1,0,0,0,1,1,6,1,18,4,108,1,2,-1,1,-1
2017921700557,1,9,0,18,0,8,0,0,0,0,1,1,1,1,42,7,1149,1,13,-1,1,-1
2017921700557,2,19,0,18,0,8,5,0,0,0,4,1,1,1,42,7,1995,2,3,-1,-1,-1
2017921700559,1,9,0,5,0,6,0,0,0,0,3,1,6,2,70,10,1198,1,14,-1,1,-1
2017921700559,2,19,0,16,0,1,1,0,0,0,1,1,1,1,52,8,2500,2,11,-1,3,-1
2017921700561,1,9,0,4,0,1,0,0,0,0,1,1,6,2,21,5,1199,2,6,-1,3,-1
2017921700561,2,9,0,3,0,1,0,0,0,0,2,1,6,2,36,7,1242,1,4,-1,1,-1
2017921700561,3,9,0,3,0,1,0,0,0,0,2,1,6,1,49,8,1995,2,4,-1,1,-1
2017921700563,1,1,0,4,0,0,0,0,0,0,1,1,6,1,64,9,-1,-1,-1,-1,3,-1
2017921700564,1,5,0,18,0,0,0,0,0,0,1,1,6,1,63,9,1170,1,-1,-1,-1,-1
2017921700564,2,9,0,18,0,0,0,0,0,0,1,1,6,1,49,8,-1,-1,-1,-1,3,-1
2017921700565,1,19,0,18,0,0,0,0,7,4,1,1,1,1,47,8,2198,2,1,-1,1,-1
2017921700567,1,9,0,14,0,1,0,0,0,0,4,2,6,1,25,5,1598,1,5,-1,1,-1
2017921700567,2,9,0,8,0,1,0,0,0,0,2,1,6,2,50,8,1398,1,3,-1,1,-1
2017921700567,3,9,0,9,0,2,0,0,0,0,3,1,1,1,41,7,1560,2,5,-1,1,-1
2017921700569,1,5,0,17,0,0,0,0,1,0,1,1,6,1,56,9,1043,1,5,-1,2,-1
2017921700576,1,9,0,5,0,8,0,0,7,0,4,1,6,1,84,11,1951,2,13,-1,3,-1
2017921700576,2,19,0,18,0,8,0,0,0,0,1,1,6,1,29,6,1560,2,4,-1,-1,-1
2017921700578,1,9,0,16,0,8,0,0,0,0,1,1,6,1,28,6,1349,1,6,-1,3,-1
2017921700578,2,1,0,17,0,8,0,0,1,0,1,1,6,2,16,4,-1,-1,-1,-1,3,-1
2017921700581,1,9,0,16,0,0,2,0,7,0,1,1,1,2,24,5,1560,2,9,-1,3,-1
2017921700582,1,9,0,17,0,0,2,0,1,4,3,1,6,1,19,4,1198,1,11,-1,3,-1
2017921700590,1,9,0,18,0,0,0,0,7,1,1,2,6,1,22,5,-1,-1,-1,-1,-1,-1
2017921700590,2,9,0,18,0,0,0,0,0,0,1,1,1,2,47,8,2993,2,-1,-1,3,-1
2017921700592,1,9,0,18,0,0,0,0,0,0,1,1,6,1,23,5,1798,1,1,-1,2,-1
2017921700592,2,9,0,4,0,0,0,0,0,0,2,1,6,1,27,6,1997,2,5,-1,2,-1
2017921700592,3,9,0,4,0,0,0,0,0,0,2,1,6,1,32,6,-1,-1,-1,-1,3,-1
2017921700592,4,9,0,4,0,0,0,0,0,0,2,1,6,1,53,8,1968,2,6,-1,-1,-1
2017921700593,1,5,0,18,0,4,0,0,0,0,0,1,1,1,25,5,1471,1,14,-1,1,-1
2017921700595,1,5,0,16,0,0,0,0,0,0,1,1,6,1,61,9,955,1,16,-1,3,-1
2017921700595,2,9,0,17,0,0,0,0,1,0,1,1,6,1,38,7,1956,2,3,-1,3,-1
2017921700596,1,9,0,1,0,5,0,0,0,0,4,1,2,1,21,5,1229,1,3,-1,3,-1
2017921700596,2,9,0,16,0,8,0,0,0,0,1,1,2,1,55,8,1248,2,7,-1,3,-1
2017921700597,1,9,0,16,0,0,0,0,7,11,1,1,2,1,20,4,1362,1,4,-1,-1,-1
2017921700598,1,8,0,18,9,8,0,0,0,0,1,1,1,1,49,8,2143,2,-1,-1,3,-1
2017921700598,2,1,0,18,9,8,0,0,0,0,1,1,6,1,27,6,-1,-1,-1,-1,1,-1
2017921700600,1,9,0,4,0,0,0,0,0,0,2,1,6,2,90,11,1364,1,10,-1,3,-1
2017921700600,2,9,0,3,0,0,0,0,0,0,2,1,2,1,40,7,1386,1,10,-1,3,-1
2017921700600,3,9,0,18,0,0,0,0,0,0,1,1,6,1,40,7,-1,-1,-1,-1,1,-1
2017921700602,1,9,0,18,0,3,0,0,0,0,0,2,6,1,63,9,2687,1,11,-1,3,-1
2017921700602,2,1,0,16,0,4,0,0,0,0,1,1,6,2,76,11,-1,-1,-1,-1,-1,-1
2017921700604,1,9,0,18,0,0,0,0,0,0,1,1,6,1,33,6,1199,1,15,-1,-1,-1
2017921700604,2,90,0,18,0,0,0,0,0,0,1,2,1,2,28,6,-1,-1,-1,-1,1,-1
2017921700607,1,9,0,16,0,0,2,0,8,11,3,2,6,2,40,7,1598,1,12,-1,2,-1
2017921700609,1,9,0,18,0,8,0,0,0,0,1,1,2,1,53,8,1560,2,7,-1,3,-1
2017921700609,2,9,0,18,0,8,0,0,2,0,1,1,6,2,48,8,1499,2,1,-1,3,-1
2017921700612,1,8,0,18,0,0,0,0,0,0,1,2,6,1,34,6,1597,2,4,-1,2,-1
2017921700614,1,9,0,17,0,0,1,0,1,11,1,1,6,1,69,10,1229,1,8,-1,2,-1
2017921700615,1,5,0,16,0,0,0,0,0,0,1,1,2,1,32,6,-1,-1,-1,-1,1,-1
2017921700615,2,21,0,17,0,0,0,0,1,0,1,1,1,1,56,9,10800,2,3,-1,3,-1
2017921700617,1,9,0,18,0,0,2,0,7,3,1,1,6,1,32,6,1328,1,9,-1,1,-1
2017921700619,1,9,0,16,0,0,2,0,2,11,1,1,6,2,45,7,1242,1,9,-1,3,-1
2017921700620,1,11,0,18,0,1,0,0,0,0,1,1,1,1,46,8,12000,2,9,-1,1,-1
2017921700620,2,9,0,9,0,2,0,0,0,0,1,1,6,2,31,6,2143,2,-1,-1,-1,-1
2017921700621,1,9,0,9,0,5,0,0,0,0,1,1,6,1,55,8,1242,1,-1,-1,-1,-1
2017921700621,2,9,0,16,0,1,0,0,0,0,1,1,6,1,45,7,2959,2,11,-1,1,-1
2017921700624,1,9,0,16,0,0,1,0,0,0,3,1,6,1,20,4,1275,1,24,-1,2,-1
2017921700624,2,9,0,17,0,0,1,0,0,0,1,1,6,2,45,7,1998,1,2,-1,3,-1
2017921700626,1,9,0,18,0,1,1,0,0,0,1,1,2,2,20,4,1598,1,4,-1,1,-1
2017921700626,2,9,0,18,0,1,1,0,0,0,2,1,2,1,22,5,1560,2,5,-1,-1,-1
2017921700626,3,9,0,18,0,1,1,0,0,0,2,1,2,1,50,8,1896,2,15,-1,3,-1
2017921700626,4,9,0,9,0,1,0,0,0,0,3,1,6,1,19,4,1390,1,5,-1,3,-1
2017921700627,1,9,0,17,0,0,0,0,0,0,1,1,6,2,59,9,-1,-1,-1,-1,2,-1
2017921700627,2,9,0,16,0,0,1,0,0,0,1,1,6,1,24,5,1984,1,6,-1,3,-1
2017921700629,1,9,0,9,0,8,0,0,0,0,1,1,6,1,70,10,1596,1,6,-1,3,-1
2017921700629,2,1,0,18,0,8,0,0,0,0,1,1,6,1,62,9,-1,-1,-1,-1,-1,-1
2017921700630,1,9,0,9,0,6,0,0,1,4,1,1,6,2,57,9,2720,2,10,-1,3,-1
2017921700630,2,9,0,18,0,1,0,0,1,4,1,1,6,1,58,9,3824,1,10,-1,3,-1
2017921700633,1,4,0,17,0,3,0,0,0,0,0,1,6,1,61,9,955,1,13,-1,1,-1
2017921700634,1,4,0,9,0,1,0,0,7,0,3,1,6,1,53,8,996,1,19,-1,1,-1
2017921700634,2,9,0,7,0,2,0,0,1,0,1,1,6,1,47,8,1999,1,11,-1,1,-1
2017921700635,1,3,0,18,0,0,0,0,1,0,0,1,2,2,21,5,125,1,16,-1,2,-1
2017921700636,1,5,0,17,0,0,0,0,1,0,3,1,6,1,52,8,903,1,9,-1,1,-1
2017921700638,1,9,0,5,0,6,0,0,0,0,3,1,6,2,45,7,1998,2,12,-1,1,-1
2017921700638,2,1,0,18,0,8,0,0,0,0,1,1,1,1,30,6,-1,-1,-1,-1,1,-1
2017921700639,1,11,2,18,0,0,0,0,0,0,4,1,1,1,24,5,4500,2,1,-1,1,-1
2017921700641,1,9,0,9,0,8,0,0,0,0,1,2,6,2,71,10,1582,2,3,-1,3,-1
2017921700641,2,1,0,7,0,8,0,0,0,0,1,1,6,2,23,5,-1,-1,-1,-1,-1,-1
2017921700642,1,9,0,1,0,0,2,0,7,10,3,1,6,1,42,7,1796,1,9,-1,-1,-1
2017921700644,1,9,0,17,0,0,0,0,0,0,1,1,1,1,21,5,1598,1,4,-1,3,-1
2017921700644,2,19,0,16,0,0,0,0,0,0,1,1,1,1,46,8,1870,2,15,-1,3,-1
2017921700647,1,9,0,16,0,0,0,0,0,0,3,1,6,1,47,8,2987,2,7,-1,3,-1
2017921700647,2,5,0,17,0,0,5,0,0,0,3,1,6,1,64,9,-1,-1,-1,-1,-1,-1
2017921700648,1,9,0,18,0,0,0,11,0,0,4,1,1,2,29,6,1560,2,4,-1,1,-1
2017921700650,1,8,0,18,0,8,0,0,0,0,1,1,1,1,38,7,1560,2,5,-1,3,-1
2017921700650,2,9,0,18,0,8,0,0,0,0,4,1,6,1,23,5,-1,-1,-1,-1,1,-1
2017921700651,1,1,0,17,0,2,5,0,2,0,1,1,6,1,58,9,-1,-1,-1,-1,3,-1
2017921700653,1,5,0,17,0,0,2,0,1,10,1,1,6,1,25,5,599,1,10,-1,1,-1
2017921700657,1,9,0,17,0,0,5,0,7,11,1,1,6,3,-1,-1,3950,1,22,-1,-1,-1
2017921700659,1,9,0,18,0,8,5,0,0,0,4,1,6,2,20,4,1461,2,4,-1,3,-1
2017921700659,2,9,0,18,0,8,0,0,0,0,1,1,6,1,40,7,1896,2,17,-1,1,-1
2017921700661,1,9,0,13,0,0,5,0,7,10,3,1,6,2,55,8,3200,2,12,-1,3,-1
2017921700661,2,19,0,16,0,0,0,0,0,0,1,1,1,1,48,8,1968,2,5,-1,3,-1
2017921700666,1,9,0,2,0,0,0,0,0,0,1,1,6,1,44,7,1389,1,12,-1,-1,-1
2017921700666,2,9,0,18,0,0,0,0,0,0,1,1,6,2,36,7,1686,2,3,-1,1,-1
2017921700672,1,9,0,1,9,0,0,0,0,0,2,1,6,1,49,8,1997,2,8,-1,3,-1
2017921700674,1,9,0,13,0,0,2,0,7,9,3,1,6,2,53,8,1968,2,4,-1,3,-1
2017921700674,2,9,0,13,0,0,0,0,0,0,4,1,6,1,58,9,2993,2,6,-1,3,-1
2017921700677,1,9,0,18,0,8,0,0,3,0,3,1,1,1,24,5,1598,2,-1,-1,1,-1
2017921700677,2,9,0,18,0,8,0,0,7,4,1,1,6,2,42,7,1248,1,6,-1,3,-1
2017921700678,1,9,0,18,0,8,0,0,0,0,4,1,2,1,32,6,1997,2,5,-1,1,-1
2017921700678,2,9,0,18,0,8,0,0,0,0,1,1,2,2,51,8,1240,1,10,-1,1,-1
2017921700679,1,9,0,16,0,0,0,0,1,0,1,1,2,1,18,4,998,1,12,-1,3,-1
2017921700679,2,9,0,17,0,0,0,0,1,0,1,1,1,2,47,8,3982,1,1,-1,3,-1
2017921700680,1,9,0,4,0,0,0,0,0,0,0,1,2,2,21,5,1198,1,4,-1,2,-1
2017921700680,2,9,0,4,0,0,0,0,0,0,2,1,2,1,23,5,-1,-1,-1,-1,1,-1
2017921700680,3,9,0,18,0,0,0,0,0,0,1,1,2,1,31,6,999,1,4,-1,1,-1
2017921700681,1,9,0,16,0,0,2,0,7,1,1,1,6,1,69,10,2972,1,15,-1,3,-1
2017921700681,2,97,0,13,0,0,0,0,0,0,0,1,6,3,30,6,-1,-1,-1,-1,-1,-1
2017921700682,1,19,0,13,0,0,0,0,0,0,1,1,6,1,24,5,1900,2,15,-1,3,-1
2017921700682,2,9,0,18,0,0,0,0,2,11,1,1,6,2,60,9,1796,1,13,-1,3,-1
2017921700683,1,3,0,7,0,2,0,5,0,0,0,1,2,1,20,4,125,1,2,-1,1,-1
2017921700686,1,9,0,17,0,8,5,0,1,11,1,1,6,2,21,5,1242,1,19,-1,3,-1
2017921700686,2,9,0,16,0,1,0,0,0,0,1,1,6,1,70,10,1560,2,6,-1,3,-1
2017921700686,3,19,0,16,0,1,0,0,0,0,1,1,1,1,59,9,1968,2,3,-1,3,-1
2017921700687,1,9,0,18,0,2,0,10,4,0,3,1,6,1,39,7,1984,1,3,-1,3,-1
2017921700687,2,9,0,13,0,2,1,10,4,0,1,1,6,1,30,6,1999,1,3,-1,1,-1
2017921700689,1,9,0,18,0,0,0,0,0,0,1,1,6,2,51,8,-1,-1,-1,-1,-1,-1
2017921700690,1,9,0,15,0,0,0,0,0,0,1,1,2,1,57,9,1995,2,4,-1,3,-1
2017921700690,2,1,0,18,0,0,0,0,1,0,2,1,2,1,52,8,-1,-1,-1,-1,2,-1
2017921700692,1,19,0,18,0,4,1,0,1,0,1,1,6,1,35,6,1753,2,12,-1,1,-1
2017921700692,2,8,0,18,0,3,0,0,0,0,4,1,1,1,62,9,-1,-1,-1,-1,1,-1
2017921700694,1,19,0,13,0,0,0,0,0,0,4,1,1,1,48,8,2299,2,2,-1,3,-1
2017921700694,2,1,0,18,0,0,0,0,1,0,2,1,2,1,50,8,-1,-1,-1,-1,3,-1
2017921700698,1,1,0,18,0,8,0,0,0,0,1,1,6,1,16,4,-1,-1,-1,-1,1,-1
2017921700698,2,9,0,10,0,1,0,0,0,0,1,1,6,1,65,9,1229,1,5,-1,-1,-1
2017921700699,1,9,0,1,9,0,0,10,7,10,2,1,6,2,86,11,1595,1,10,-1,1,-1
2017921700700,1,9,0,5,0,1,0,0,0,0,1,1,6,2,30,6,-1,-1,-1,-1,1,-1
2017921700701,1,1,0,5,0,4,0,0,0,0,4,1,1,1,37,7,-1,-1,-1,-1,2,-1
2017921700701,2,9,0,5,0,4,0,0,0,0,1,1,1,2,57,9,1998,1,13,-1,-1,-1
2017921700704,1,9,0,16,0,0,1,0,8,4,1,1,6,2,24,5,1364,1,8,-1,2,-1
2017921700705,1,9,0,18,0,0,0,0,0,0,4,1,6,1,50,8,1598,1,10,-1,3,-1
2017921700705,2,1,0,18,0,0,0,0,0,0,1,1,6,1,10,2,-1,-1,-1,-1,1,-1
2017921700706,1,9,0,17,0,0,0,0,1,10,0,1,6,2,19,4,1390,1,6,-1,3,-1