Accident_Index,Vehicle_Reference,Vehicle_Type,Towing_and_Articulation,Vehicle_Manoeuvre,Vehicle_Location-Restricted_Lane,Junction_Location,Skidding_and_Overturning,Hit_Object_in_Carriageway,Vehicle_Leaving_Carriageway,Hit_Object_off_Carriageway,1st_Point_of_Impact,Was_Vehicle_Left_Hand_Drive?,Journey_Purpose_of_Driver,Sex_of_Driver,Age_of_Driver,Age_Band_of_Driver,Engine_Capacity_(CC),Propulsion_Code,Age_of_Vehicle,Driver_IMD_Decile,Driver_Home_Area_Type,Vehicle_IMD_Decile
2017921800174,1,11,0,5,2,0,0,0,0,0,1,1,1,1,57,9,6696,2,4,-1,1,-1
2017921800178,1,9,0,16,0,0,0,0,0,0,1,1,6,2,34,6,973,1,17,-1,2,-1
2017921800178,2,9,0,17,0,0,0,0,0,0,1,1,6,2,62,9,-1,-1,-1,-1,3,-1
2017921800185,1,9,0,7,0,5,0,0,1,11,1,1,6,1,39,7,1598,1,14,-1,1,-1
2017921800201,1,9,0,16,0,0,0,0,0,0,3,1,6,2,20,4,1242,1,8,-1,3,-1
2017921800201,2,9,0,17,0,0,0,0,0,0,3,1,6,2,21,5,1968,2,10,-1,-1,-1
2017921800205,1,9,0,9,0,1,0,0,1,1,4,1,6,2,23,5,1968,2,7,-1,3,-1
2017921800205,2,9,0,18,0,1,0,0,0,0,1,2,6,1,27,6,1997,2,8,-1,3,-1
2017921800213,1,9,0,1,0,0,0,0,0,0,2,1,6,1,23,5,1596,1,12,-1,2,-1
2017921800214,1,9,0,5,0,0,0,0,0,0,1,1,6,1,46,8,2179,2,5,-1,1,-1
2017921800223,1,9,0,7,0,4,0,0,0,0,1,1,6,1,45,7,1398,1,3,-1,1,-1
2017921800223,2,9,0,3,0,3,0,0,0,0,2,1,6,2,48,8,2179,2,4,-1,2,-1
2017921800223,3,9,0,3,0,3,0,0,0,0,2,1,6,2,69,10,1753,2,7,-1,1,-1
2017921800238,1,9,0,18,0,0,0,0,0,0,1,1,6,1,40,7,1329,1,6,-1,1,-1
2017921800243,1,9,0,17,0,0,1,10,2,0,4,1,6,2,39,7,1246,1,11,-1,3,-1
2017921800243,2,9,0,16,0,0,0,11,1,2,4,1,6,2,30,6,-1,-1,-1,-1,3,-1
2017930000001,1,9,0,18,0,0,1,0,1,11,1,1,2,1,57,9,-1,-1,-1,-1,1,-1
2017930000002,1,5,0,13,0,0,2,0,0,0,3,1,2,1,20,4,649,1,3,-1,1,-1
2017930000002,2,21,0,18,0,0,0,0,0,0,1,1,1,1,47,8,-1,-1,-1,-1,2,-1
2017930000003,1,20,0,18,0,0,1,0,1,11,1,1,1,1,37,7,3920,2,4,-1,1,-1
2017930000004,1,9,0,14,0,0,0,0,0,0,1,1,1,1,70,10,1968,2,1,-1,1,-1
2017930000004,2,9,0,2,0,0,0,0,0,0,4,1,6,1,37,7,1598,2,4,-1,1,-1
2017930000005,1,9,0,6,0,2,0,0,0,0,3,1,6,2,39,7,1796,1,12,-1,1,-1
2017930000005,2,9,0,18,0,1,0,0,0,0,1,1,6,1,74,10,1328,1,6,-1,1,-1
2017930000005,3,9,0,18,0,1,0,0,0,0,1,1,6,2,44,7,2982,2,2,-1,3,-1
2017930000006,1,9,0,9,0,8,0,0,0,0,1,1,6,2,69,10,998,1,4,-1,2,-1
2017930000006,2,9,0,18,0,8,0,0,0,0,1,1,6,1,88,11,1598,2,3,-1,2,-1
2017930000007,1,9,0,18,0,2,0,0,0,0,1,1,6,1,18,4,998,1,12,-1,1,-1
2017930000007,2,9,0,2,0,2,0,0,0,0,2,1,6,3,-1,-1,1248,1,8,-1,-1,-1
2017930000008,1,9,0,17,0,1,1,0,2,11,1,1,6,1,17,4,1388,1,11,-1,2,-1
2017930000008,2,19,0,2,0,1,0,0,0,0,2,1,1,3,-1,-1,1995,2,-1,-1,-1,-1
2017930000009,1,9,0,16,0,0,1,0,1,11,1,1,1,1,41,7,1560,2,6,-1,1,-1
2017930000010,1,9,0,5,0,2,0,0,0,0,3,1,6,1,78,11,998,1,4,-1,1,-1
2017930000010,2,9,0,18,0,1,0,0,0,0,1,1,6,1,43,7,1596,1,10,-1,1,-1
2017930000011,1,9,0,18,0,0,1,0,0,0,4,1,1,1,43,7,2143,2,1,-1,3,-1
2017930000011,2,19,0,2,0,0,0,0,0,0,2,1,1,1,42,7,1968,2,7,-1,1,-1
2017930000012,1,9,0,18,0,0,2,0,8,11,3,1,1,1,29,6,1299,1,12,-1,1,-1
2017930000013,1,9,4,18,0,0,0,0,0,0,4,1,1,1,66,10,2495,2,12,-1,3,-1
2017930000015,1,9,0,5,0,8,0,0,1,0,3,1,6,1,40,7,1497,1,11,-1,1,-1
2017930000015,2,9,0,18,0,1,0,0,0,0,1,1,6,1,41,7,1229,1,5,-1,-1,-1
2017930000016,1,9,0,17,0,0,2,0,0,0,3,1,6,1,61,9,-1,-1,-1,-1,1,-1
2017930000017,1,21,0,18,0,2,0,5,1,11,1,1,6,1,46,8,12777,2,6,-1,-1,-1
2017930000018,1,19,0,7,0,8,0,0,0,0,1,1,6,3,-1,-1,-1,-1,-1,-1,-1,-1
2017930000018,2,1,0,18,0,8,0,0,0,0,3,1,2,1,68,10,-1,-1,-1,-1,1,-1
2017930000019,1,9,0,18,0,0,0,0,0,0,1,1,6,2,67,10,1587,1,12,-1,1,-1
2017930000019,2,9,0,2,0,0,0,0,0,0,1,1,6,3,-1,-1,1242,1,3,-1,-1,-1
2017930000021,1,9,0,18,0,8,0,0,0,0,1,1,6,1,39,7,2143,2,6,-1,1,-1
2017930000021,2,9,0,18,0,8,0,9,0,0,4,1,6,1,48,8,-1,-1,-1,-1,1,-1
2017930000022,1,9,0,4,0,0,0,0,0,0,1,1,6,1,24,5,998,1,6,-1,3,-1
2017930000022,2,9,0,3,0,0,0,0,0,0,2,1,6,2,17,4,1339,1,2,-1,3,-1
2017930000022,3,19,0,3,0,0,0,0,0,0,2,1,6,1,51,8,2198,2,1,-1,3,-1
2017930000023,1,9,0,18,0,0,1,0,5,6,2,1,6,2,31,6,1798,1,12,3,1,3
2017930000024,1,9,0,9,0,1,0,0,0,0,1,1,2,1,69,10,1998,2,8,-1,3,-1
2017930000024,2,9,0,18,0,1,0,0,1,0,3,1,6,1,65,9,1496,1,3,-1,3,-1
2017930000024,3,9,0,3,0,1,0,0,0,0,3,1,1,2,24,5,1242,1,3,-1,1,-1
2017930000025,1,9,0,18,0,0,0,0,1,7,4,1,6,1,50,8,-1,-1,-1,-1,3,-1
2017930000026,1,9,0,9,0,2,0,0,0,0,1,1,6,2,46,8,-1,-1,-1,-1,1,-1
2017930000027,1,9,0,18,0,1,0,0,0,0,1,1,6,2,55,8,1560,2,7,-1,3,-1
2017930000027,2,9,0,4,0,1,0,0,0,0,2,1,6,1,62,9,1598,2,2,-1,3,-1
2017930000030,1,9,0,18,0,2,0,0,0,0,3,1,2,2,27,6,1149,1,14,-1,1,-1
2017930000031,1,9,0,13,0,0,0,0,8,0,1,1,6,1,28,6,1596,1,12,-1,1,-1
2017930000031,2,9,0,18,0,0,0,0,0,0,1,1,6,1,66,10,1398,2,3,-1,1,-1
2017930000033,1,9,0,14,0,0,0,0,0,0,4,1,6,2,43,7,1388,1,10,-1,1,-1
2017930000034,1,9,0,18,0,1,0,0,0,0,1,1,6,1,82,11,1498,1,1,-1,1,-1
2017930000034,2,9,0,10,0,1,0,0,0,0,2,1,6,1,23,5,1318,1,1,-1,1,-1
2017930000035,1,9,0,18,0,1,0,0,0,0,1,1,6,1,86,11,-1,-1,-1,-1,2,-1
2017930000035,2,9,0,10,0,1,0,0,0,0,2,1,6,2,46,8,1364,1,1,-1,2,-1
2017930000037,1,90,0,18,0,0,1,0,2,0,3,1,1,1,58,9,2999,2,6,-1,1,-1
2017930000040,1,11,0,18,0,1,0,0,0,0,0,1,1,1,52,8,7300,2,6,-1,1,-1
2017930000042,1,9,0,17,0,0,0,0,1,11,1,1,6,1,75,10,-1,-1,-1,-1,3,-1
2017930000047,1,9,0,17,0,0,2,0,7,0,1,1,6,2,19,4,1390,1,11,-1,1,-1
2017930000048,1,9,0,1,0,1,0,0,0,0,3,1,6,1,76,11,1794,1,16,-1,1,-1
2017930000048,2,21,0,3,0,1,0,0,0,0,4,1,1,1,51,8,-1,-1,-1,-1,1,-1
2017930000049,1,9,0,18,0,0,0,0,0,0,3,1,2,1,31,6,1364,1,10,-1,2,-1
2017930000050,1,9,0,18,0,2,0,0,0,0,1,1,6,2,21,5,1248,1,1,-1,1,-1
2017930000051,1,9,0,9,0,8,0,0,0,0,3,1,6,2,66,10,998,1,3,-1,1,-1
2017930000051,2,9,0,18,0,1,0,0,0,0,1,1,6,1,39,7,1198,1,11,-1,1,-1
2017930000052,1,9,0,2,0,1,0,0,0,0,0,1,6,3,-1,-1,-1,-1,-1,-1,-1,-1
2017930000052,2,3,0,7,0,8,5,0,0,0,4,1,6,1,19,4,124,1,13,-1,1,-1
2017930000053,1,9,0,18,0,0,0,0,0,0,1,1,2,1,25,5,1598,2,1,-1,1,-1
2017930000053,2,21,0,2,0,0,0,0,0,0,2,1,1,1,46,8,12740,2,3,-1,1,-1
2017930000054,1,9,0,4,0,8,0,0,0,0,1,1,6,2,62,9,1560,2,12,-1,1,-1
2017930000055,1,9,0,18,0,0,0,0,1,1,1,1,6,1,74,10,996,1,8,-1,-1,-1
2017930000056,1,9,0,18,0,0,2,0,1,0,4,1,6,1,23,5,1686,2,15,-1,1,-1
2017930000057,1,9,0,9,0,8,0,0,0,0,3,1,6,1,19,4,1199,1,13,-1,1,-1
2017930000057,2,9,0,18,0,1,0,0,0,0,1,1,6,1,75,10,1399,1,6,-1,3,-1
2017930000058,1,9,0,5,0,0,0,0,0,0,1,1,6,2,86,11,1242,1,5,-1,1,-1
2017930000062,1,9,0,18,0,8,0,0,0,0,1,1,6,1,58,9,1998,1,3,-1,1,-1
2017930000062,2,9,0,18,0,8,0,0,0,0,4,1,1,1,62,9,1560,2,3,-1,2,-1
2017930000063,1,9,0,6,0,0,0,0,0,0,3,1,6,2,80,11,1596,1,2,-1,3,-1
2017930000063,2,9,0,18,0,0,0,0,0,0,1,1,1,1,29,6,-1,-1,-1,-1,3,-1
2017930000064,1,9,0,18,0,0,0,6,7,4,4,1,6,2,77,11,1398,2,9,-1,3,-1
2017930000066,1,5,0,5,0,0,2,0,0,0,3,1,6,1,48,8,598,1,23,-1,1,-1
2017930000067,1,9,0,9,0,0,0,0,0,0,1,1,6,1,20,4,1598,1,12,-1,3,-1
2017930000071,1,9,0,6,0,0,0,0,0,0,1,1,1,1,54,8,-1,-1,-1,-1,1,-1
2017930000071,2,1,0,18,0,0,5,0,0,0,1,1,6,1,43,7,-1,-1,-1,-1,3,-1
2017930000073,1,9,0,18,0,0,0,0,0,0,1,1,6,1,18,4,1242,1,14,-1,3,-1
2017930000073,2,9,0,3,0,0,0,0,0,0,2,1,2,2,45,7,1398,1,1,-1,2,-1
2017930000073,3,9,0,2,0,0,0,0,0,0,1,1,6,1,62,9,1951,2,11,-1,3,-1
2017930000074,1,9,0,18,0,0,0,0,1,0,1,1,6,1,18,4,1199,1,15,-1,2,-1
2017930000074,2,21,0,18,0,0,0,0,0,0,3,1,1,1,36,7,12882,2,4,-1,1,-1
2017930000075,1,9,0,4,0,1,0,0,0,0,1,1,6,1,25,5,1596,1,6,-1,3,-1
2017930000075,2,9,0,3,0,1,0,0,0,0,2,1,6,1,65,9,1798,1,3,-1,3,-1
2017930000076,1,9,0,17,0,0,0,0,7,4,1,1,2,1,52,8,1248,2,8,-1,1,-1
2017930000077,1,9,0,18,0,0,0,0,0,0,4,1,6,1,81,11,1968,2,1,-1,3,-1
2017930000078,1,9,0,12,0,6,0,0,0,0,1,1,6,2,27,6,1499,2,3,-1,3,-1
2017930000078,2,1,0,18,0,8,5,0,0,0,2,1,6,1,56,9,-1,-1,-1,-1,2,-1
2017930000079,1,1,0,18,0,1,5,0,0,0,1,1,6,1,38,7,-1,-1,-1,-1,1,-1
2017930000079,2,9,0,18,0,8,0,0,0,0,1,1,6,2,21,5,1399,2,12,-1,1,-1
2017930000080,1,9,0,16,0,0,0,0,0,0,1,1,2,2,25,5,1242,1,5,-1,1,-1
2017930000080,2,9,0,18,0,0,0,0,0,0,1,1,6,2,63,9,1242,1,5,-1,1,-1
2017930000081,1,9,0,18,0,2,0,0,0,0,1,1,6,1,43,7,1398,1,1,-1,1,-1
2017930000082,1,9,0,9,0,1,0,0,0,0,1,1,6,2,38,7,1198,1,10,-1,2,-1
2017930000082,2,9,0,18,0,1,0,0,0,0,1,1,6,1,57,9,2967,2,1,-1,3,-1
2017930000083,1,9,0,11,0,0,0,0,0,0,1,1,6,2,47,8,1587,1,15,-1,3,-1
2017930000083,2,9,0,18,0,0,0,0,0,0,1,1,6,2,41,7,1598,1,2,-1,3,-1
2017930000083,3,9,0,18,0,0,0,0,0,0,1,1,6,1,42,7,1753,2,11,-1,1,-1
2017930000083,4,17,0,18,0,0,0,0,0,0,0,1,1,1,34,6,-1,-1,-1,-1,3,-1
2017930000084,1,9,0,18,0,0,1,0,5,6,1,1,6,1,66,10,1796,1,14,-1,3,-1
2017930000085,1,9,0,18,0,0,0,0,0,0,1,1,6,1,29,6,998,1,5,-1,1,-1
2017930000085,2,9,0,4,0,0,0,0,0,0,2,1,6,1,58,9,1999,2,1,9,1,9
2017930000086,1,9,0,18,0,0,0,0,0,0,4,1,1,2,52,8,1895,1,16,-1,1,-1
2017930000087,1,9,0,18,0,2,0,0,0,0,4,1,6,1,75,10,1397,1,9,-1,1,-1
2017930000088,1,9,0,18,0,0,2,10,2,0,4,1,6,1,54,8,1968,2,2,-1,1,-1
2017930000089,1,19,0,12,0,1,0,0,0,0,1,1,1,1,36,7,2198,2,1,5,1,5
2017930000089,2,21,0,18,0,1,0,0,0,0,2,1,1,1,54,8,12902,2,3,-1,3,-1
2017930000092,1,5,0,18,0,0,0,0,0,0,4,1,6,1,58,9,1000,1,20,-1,1,-1
2017930000093,1,8,0,9,0,8,0,0,0,0,1,1,1,1,62,9,2143,2,1,-1,1,-1
2017930000094,1,9,0,18,0,8,0,0,1,11,3,1,6,2,44,7,1461,2,8,-1,2,-1
2017930000094,2,9,0,18,0,8,0,0,1,0,1,1,6,1,50,8,1560,2,13,-1,3,-1
2017930000095,1,9,0,9,0,2,0,0,0,0,1,1,6,2,81,11,1598,1,9,-1,1,-1
2017930000097,1,8,0,5,0,0,0,0,0,0,1,1,1,1,45,7,1560,2,6,-1,1,-1
2017930000098,1,11,0,4,0,1,0,0,0,0,1,1,1,1,48,8,4250,2,10,-1,1,-1
2017930000099,1,9,0,1,0,0,0,0,0,0,2,1,2,2,30,6,1956,2,2,-1,2,-1
2017930000100,1,9,0,18,0,8,0,0,1,11,1,1,6,1,21,5,1242,1,11,-1,3,-1
2017930000100,2,9,0,18,0,8,0,0,1,11,4,1,6,1,47,8,-1,-1,-1,-1,1,-1
2017930000101,1,9,0,7,0,8,0,0,0,0,4,1,6,1,48,8,1364,1,12,-1,1,-1
2017930000102,1,9,0,5,0,8,0,0,0,0,1,1,6,2,50,8,1461,2,8,-1,1,-1
2017930000102,2,5,0,18,0,8,5,0,0,0,1,1,1,1,-1,-1,-1,-1,-1,-1,-1,-1
2017930000103,1,9,0,18,0,1,0,0,0,0,1,1,6,2,43,7,-1,-1,-1,-1,1,-1
2017930000104,1,9,0,7,0,8,0,0,0,0,1,1,6,2,40,7,1997,1,5,-1,2,-1
2017930000104,2,9,0,18,0,1,0,0,7,11,4,1,6,2,32,6,1794,1,15,-1,1,-1
2017930000106,1,9,0,18,0,8,0,0,0,0,1,1,6,1,18,4,998,1,7,-1,1,-1
2017930000106,2,9,0,18,0,8,0,0,0,0,1,1,6,2,60,9,1991,2,12,-1,3,-1
2017930000108,1,9,0,4,0,1,0,0,0,0,1,1,6,1,29,6,1242,1,12,-1,3,-1
2017930000108,2,9,0,3,0,1,0,0,0,0,2,1,3,2,51,8,999,1,5,-1,3,-1
2017930000109,1,9,0,18,0,1,0,0,0,0,3,1,6,2,27,6,1368,1,4,-1,2,-1
2017930000110,1,11,0,9,0,8,0,0,0,0,1,1,1,1,37,7,6696,2,3,-1,3,-1
2017930000111,1,9,0,14,0,1,5,0,0,0,1,1,6,2,29,6,1398,1,3,-1,1,-1
2017930000111,2,9,0,2,0,1,0,0,0,0,2,1,6,2,23,5,1461,2,4,-1,1,-1
2017930000111,3,9,0,2,0,1,0,0,0,0,1,1,6,1,47,8,1390,1,12,-1,1,-1
2017930000112,1,9,0,18,0,1,0,0,0,0,1,1,3,2,35,6,1339,1,8,-1,1,-1
2017930000113,1,9,0,5,0,0,0,0,0,0,1,1,6,2,22,5,2521,1,10,-1,1,-1
2017930000113,2,9,0,14,0,0,0,0,0,0,1,1,6,1,19,4,1390,1,7,-1,1,-1
2017930000114,1,9,0,18,0,8,0,0,0,0,1,1,3,2,19,4,1398,1,1,-1,1,-1
2017930000114,2,3,0,11,0,8,5,0,0,0,4,1,2,1,56,9,85,1,27,-1,1,-1
2017930000115,1,9,0,18,0,0,0,0,0,0,1,1,6,2,77,11,998,1,-1,-1,1,-1
2017930000115,2,9,0,18,0,0,0,0,0,0,2,1,6,2,65,9,1968,2,8,-1,3,-1
2017930000116,1,9,0,18,0,0,5,10,1,2,1,1,6,1,19,4,1199,1,15,-1,3,-1
2017930000117,1,9,0,18,0,8,0,0,0,0,1,1,6,2,53,8,1120,2,2,-1,2,-1
2017930000117,2,9,0,18,0,1,0,0,0,0,3,1,6,2,31,6,-1,-1,-1,-1,1,-1
2017930000118,1,19,0,4,0,0,0,0,0,0,1,1,6,1,36,7,1753,2,5,-1,3,-1
2017930000118,2,9,0,4,0,0,0,0,0,0,2,1,6,1,37,7,1368,1,2,-1,3,-1
2017930000118,3,19,0,4,0,0,0,0,0,0,2,1,3,1,57,9,1461,2,1,-1,2,-1
2017930000119,1,9,0,4,0,0,0,0,0,0,1,1,1,2,33,6,1596,1,11,-1,1,-1
2017930000119,2,9,0,3,0,0,0,0,0,0,2,1,1,2,41,7,1496,2,2,-1,1,-1
2017930000120,1,21,0,18,0,1,0,0,0,0,1,1,1,1,48,8,7698,2,1,-1,1,-1
2017930000120,2,9,0,10,0,1,0,0,0,0,2,1,6,2,55,8,1796,1,3,-1,3,-1
2017930000120,3,9,0,10,0,1,0,0,0,0,2,1,6,1,48,8,1200,1,1,-1,-1,-1
2017930000121,1,9,0,18,0,0,0,0,8,0,4,1,6,1,16,4,2521,1,10,-1,-1,-1
2017930000122,1,5,0,18,0,1,5,0,0,0,1,1,6,1,26,6,656,1,11,-1,1,-1
2017930000122,2,9,4,9,0,1,0,0,0,0,2,1,6,1,49,8,-1,-1,-1,-1,3,-1
2017930000123,1,9,0,4,0,0,0,0,0,0,1,1,6,1,43,7,999,1,2,-1,3,-1
2017930000123,2,9,0,3,0,0,0,0,0,0,2,1,6,2,24,5,1598,2,2,-1,1,-1
2017930000125,1,9,0,18,0,1,0,0,0,0,4,1,6,2,38,7,1398,1,1,-1,1,-1
2017930000126,1,9,0,9,0,1,0,0,0,0,2,1,6,2,40,7,998,1,9,-1,1,-1
2017930000126,2,19,0,13,0,1,0,0,0,0,1,1,6,1,47,8,1560,2,5,-1,1,-1
2017930000127,1,9,0,9,0,1,0,0,0,0,1,1,6,2,22,5,1390,1,15,-1,1,-1
2017930000127,2,9,0,18,0,1,0,0,0,0,1,1,6,1,24,5,-1,-1,-1,-1,1,-1
2017930000128,1,5,0,16,0,0,5,0,0,0,1,1,2,1,56,9,1700,1,6,-1,3,-1
2017930000128,2,9,0,18,0,0,0,0,0,0,1,1,6,1,52,8,1685,2,1,-1,1,-1
2017930000129,1,19,0,18,0,1,0,0,0,0,4,1,6,1,84,11,-1,-1,-1,-1,3,-1
2017930000129,2,5,0,18,0,1,0,0,0,0,4,1,6,1,36,7,649,1,7,-1,1,-1
2017930000130,1,90,5,18,0,1,0,0,0,0,0,-1,6,3,-1,-1,-1,-1,-1,-1,-1,-1
2017930000130,2,5,0,17,0,2,2,0,0,0,4,1,6,1,70,10,675,1,5,-1,-1,-1
2017930000131,1,9,0,18,0,0,0,0,0,0,1,1,6,2,70,10,1493,2,11,-1,1,-1
2017930000131,2,9,0,2,0,0,0,0,0,0,2,1,6,2,29,6,1364,1,8,-1,1,-1
2017930000131,3,9,0,2,0,0,0,0,0,0,2,1,6,1,32,6,1896,2,14,-1,3,-1
2017930000131,4,9,0,2,0,0,0,0,0,0,2,1,6,1,20,4,1461,2,3,-1,3,-1
2017930000132,1,9,0,18,0,0,0,0,0,0,1,1,6,2,40,7,1388,1,14,-1,1,-1
2017930000132,2,9,0,18,0,0,0,0,1,0,0,1,6,1,52,8,1796,1,9,-1,3,-1
2017930000132,3,9,0,18,0,0,0,0,0,0,1,1,6,1,60,9,2148,2,9,-1,1,-1
2017930000134,1,9,0,18,0,2,0,0,0,0,4,1,1,2,41,7,1968,2,1,-1,1,-1
2017930000134,2,9,0,18,0,1,0,0,0,0,1,1,6,1,81,11,-1,-1,-1,-1,1,-1
2017930000135,1,9,0,18,0,0,0,0,1,3,1,1,6,2,44,7,1598,1,9,-1,1,-1
2017930000136,1,9,0,7,0,8,0,0,0,0,3,1,6,1,34,6,1396,1,14,-1,1,-1
2017930000136,2,9,0,18,0,1,0,0,0,0,1,1,6,2,42,7,998,1,2,-1,3,-1
2017930000137,1,9,0,18,0,2,0,0,0,0,1,1,6,2,21,5,-1,-1,-1,-1,1,-1
2017930000139,1,9,0,6,0,1,0,0,4,0,2,1,6,2,49,8,998,1,1,-1,1,-1
2017930000139,2,9,0,18,0,1,0,0,0,0,1,1,6,2,51,8,-1,-1,-1,-1,2,-1
2017930000140,1,2,0,5,0,8,5,0,0,0,1,1,2,2,16,4,49,1,-1,-1,1,-1
2017930000140,2,9,0,18,0,1,0,0,0,0,1,1,6,1,80,11,1363,2,11,-1,1,-1
2017930000141,1,9,0,18,0,0,0,0,0,0,4,1,6,2,44,7,1796,1,15,-1,2,-1
2017930000142,1,9,0,12,0,0,0,0,0,0,1,1,6,1,35,6,2148,2,10,-1,1,-1
2017930000142,2,19,0,18,0,0,0,0,0,0,1,1,1,1,46,8,1995,2,5,-1,3,-1
2017930000143,1,19,0,18,0,1,0,0,6,2,1,1,1,1,36,7,3920,2,13,-1,1,-1
2017930000143,2,19,0,18,0,1,0,0,0,0,3,1,1,1,35,6,-1,-1,-1,-1,-1,-1
2017930000144,1,9,0,18,0,0,0,0,0,0,1,1,6,2,77,11,1339,1,10,-1,3,-1
2017930000144,2,9,0,18,0,0,0,0,0,0,1,1,6,1,70,10,2435,1,15,-1,3,-1
2017930000145,1,9,0,18,0,0,0,0,0,0,1,1,6,1,70,10,-1,-1,-1,-1,1,-1
2017930000145,2,9,0,18,0,0,0,0,0,0,1,1,6,1,18,4,-1,-1,-1,-1,3,-1
2017930000146,1,19,0,14,0,0,0,0,0,0,3,1,1,1,24,5,1998,2,14,-1,2,-1
2017930000146,2,1,0,18,0,0,5,0,0,0,1,1,6,2,27,6,-1,-1,-1,-1,2,-1
2017930000147,1,9,0,18,0,0,0,0,0,0,1,1,6,1,80,11,1995,2,4,-1,1,-1
2017930000147,2,9,0,18,0,0,0,0,0,0,1,1,6,2,63,9,1242,1,3,-1,3,-1
2017930000148,1,1,0,18,0,1,5,0,0,0,1,1,2,1,43,7,-1,-1,-1,-1,3,-1
2017930000148,2,9,0,9,0,8,0,0,0,0,4,1,2,2,30,6,-1,-1,-1,-1,3,-1
2017930000149,1,9,0,18,0,0,0,0,1,2,1,1,6,1,23,5,1968,2,8,-1,1,-1
2017930000149,2,9,0,2,0,0,0,0,0,0,2,1,6,2,54,8,1242,1,10,-1,1,-1
2017930000150,1,9,0,9,0,2,0,0,0,0,2,1,6,2,58,9,1461,2,3,-1,3,-1
2017930000150,2,9,0,18,0,1,0,0,0,0,3,1,6,2,26,6,1496,1,1,-1,1,-1
2017930000151,1,9,0,9,0,1,0,0,0,0,1,1,6,1,48,8,1198,1,3,-1,1,-1
2017930000151,2,3,0,18,0,1,5,0,0,0,1,1,6,1,25,5,125,1,3,-1,1,-1
2017930000152,1,9,0,18,0,8,0,0,0,0,1,1,2,2,43,7,-1,-1,-1,-1,3,-1
2017930000152,2,1,0,18,0,8,5,0,0,0,4,1,6,1,35,6,-1,-1,-1,-1,1,-1
2017930000155,1,9,0,18,0,2,0,0,0,0,4,1,6,1,64,9,1956,2,4,-1,3,-1
2017930000156,1,19,0,17,0,0,5,0,8,3,1,1,6,1,24,5,2402,2,11,-1,1,-1
2017930000157,1,9,0,18,0,8,0,0,0,0,4,1,6,1,38,7,1560,2,8,-1,1,-1
2017930000157,2,5,0,18,0,1,5,0,0,0,1,1,6,1,31,6,599,1,3,-1,2,-1
2017930000158,1,5,0,16,0,0,5,0,0,0,1,1,6,1,50,8,749,1,13,-1,1,-1
2017930000158,2,9,0,18,0,0,0,0,0,0,1,1,6,1,42,7,1598,1,6,-1,3,-1
2017930000159,1,19,0,18,0,1,0,0,0,0,1,1,1,1,40,7,2143,2,2,-1,1,-1
2017930000159,2,9,0,10,0,1,0,0,0,0,2,1,6,1,66,10,1229,1,7,-1,1,-1
2017930000160,1,1,0,18,0,6,5,0,0,0,0,1,6,1,12,3,-1,-1,-1,-1,1,-1
2017930000160,2,11,0,18,0,1,0,0,0,0,0,1,1,1,51,8,7300,2,10,-1,1,-1
2017930000161,1,9,0,9,0,8,0,0,0,0,3,1,6,1,76,11,996,1,-1,-1,1,-1
2017930000161,2,9,0,18,0,1,0,0,0,0,1,1,6,2,42,7,2720,2,12,-1,1,-1
2017930000162,1,9,0,16,0,0,1,0,0,0,1,1,2,1,22,5,998,1,16,-1,2,-1
2017930000162,2,9,0,17,0,0,0,0,0,0,1,1,2,1,42,7,-1,-1,-1,-1,3,-1
2017930000163,1,9,0,18,0,8,1,0,1,2,3,1,6,2,20,4,1390,1,12,-1,1,-1
2017930000164,1,9,0,17,0,2,1,0,1,11,1,1,6,2,80,11,1242,1,13,-1,1,-1
2017930000165,1,9,0,18,0,0,0,0,0,0,1,1,6,2,31,6,1397,1,8,-1,1,-1
2017930000165,2,9,0,2,0,0,0,0,0,0,2,1,6,1,31,6,1956,2,6,-1,1,-1
2017930000165,3,9,0,2,0,0,0,0,0,0,1,1,6,2,48,8,1598,1,1,-1,1,-1
2017930000166,1,9,0,13,0,0,0,0,0,0,1,1,6,1,51,8,1998,2,9,-1,1,-1
2017930000166,2,21,0,18,0,0,0,0,0,0,2,1,1,1,51,8,7698,2,2,-1,1,-1
2017930000167,1,9,0,18,0,0,5,0,2,11,4,1,6,1,41,7,-1,-1,-1,-1,3,-1
2017930000168,1,9,0,18,0,1,0,0,0,0,1,1,6,1,19,4,1493,1,20,-1,3,-1
2017930000168,2,9,0,10,0,1,0,0,0,0,2,1,6,2,49,8,1499,2,1,-1,2,-1
2017930000169,1,3,0,9,0,0,5,0,0,0,1,1,6,1,18,4,-1,-1,-1,-1,1,-1
2017930000169,2,9,0,18,0,0,0,0,0,0,1,1,1,1,57,9,1896,2,11,-1,1,-1
2017930000170,1,9,0,9,0,8,0,0,0,0,3,1,6,1,77,11,1968,2,4,10,1,10
2017930000170,2,9,0,18,0,1,0,0,0,0,1,1,6,1,40,7,-1,-1,-1,-1,1,-1
2017930000171,1,9,0,9,0,8,0,0,0,0,1,1,6,2,38,7,1149,1,13,-1,1,-1
2017930000171,2,1,0,18,0,8,5,0,0,0,3,1,6,1,28,6,-1,-1,-1,-1,1,-1
2017930000172,1,9,0,18,0,0,0,0,0,0,1,1,6,1,33,6,1910,2,8,-1,1,-1