Accident_Index,Vehicle_Reference,Vehicle_Type,Towing_and_Articulation,Vehicle_Manoeuvre,Vehicle_Location-Restricted_Lane,Junction_Location,Skidding_and_Overturning,Hit_Object_in_Carriageway,Vehicle_Leaving_Carriageway,Hit_Object_off_Carriageway,1st_Point_of_Impact,Was_Vehicle_Left_Hand_Drive?,Journey_Purpose_of_Driver,Sex_of_Driver,Age_of_Driver,Age_Band_of_Driver,Engine_Capacity_(CC),Propulsion_Code,Age_of_Vehicle,Driver_IMD_Decile,Driver_Home_Area_Type,Vehicle_IMD_Decile
2017930000172,2,9,0,18,0,0,0,0,0,0,2,1,6,1,27,6,999,1,2,-1,1,-1
2017930000173,1,9,0,18,0,0,0,0,0,0,1,1,6,1,73,10,1598,2,3,-1,1,-1
2017930000173,2,9,0,2,0,0,0,0,0,0,2,1,6,1,33,6,1389,1,15,-1,3,-1
2017930000173,3,9,0,2,0,0,0,0,0,0,1,1,6,1,51,8,1997,2,25,-1,3,-1
2017930000174,1,9,0,4,0,1,1,0,1,10,1,1,6,1,18,4,1248,2,13,-1,1,-1
2017930000175,1,19,0,5,0,8,0,0,0,0,1,1,1,1,60,9,2198,2,4,-1,1,-1
2017930000175,2,9,0,18,0,1,0,0,0,0,4,1,2,1,53,8,1598,2,-1,-1,1,-1
2017930000176,1,9,0,9,0,8,0,0,0,0,2,1,1,1,32,6,-1,-1,-1,-1,2,-1
2017930000176,2,19,0,13,0,1,0,0,0,0,1,1,1,1,57,9,-1,-1,-1,-1,3,-1
2017930000177,1,9,0,18,0,0,0,12,7,4,1,1,6,1,59,9,-1,-1,-1,-1,2,-1
2017930000178,1,9,0,9,0,2,0,0,0,0,1,1,6,1,24,5,-1,-1,-1,-1,1,-1
2017930000178,2,9,0,18,0,1,0,0,0,0,1,1,6,1,53,8,1995,2,7,-1,1,-1
2017930000179,1,9,0,16,0,0,2,0,1,0,4,1,6,2,18,4,998,1,12,-1,3,-1
2017930000180,1,9,0,5,0,8,0,0,0,1,1,1,1,1,73,10,1598,2,2,-1,1,-1
2017930000181,1,3,0,5,0,8,5,0,0,0,1,1,2,1,55,8,124,1,1,-1,1,-1
2017930000181,2,9,0,18,0,8,0,0,0,0,1,1,6,2,50,8,1242,1,3,-1,1,-1
2017930000182,1,9,0,4,0,0,0,0,0,0,1,1,6,1,22,5,-1,-1,-1,-1,3,-1
2017930000182,2,9,0,3,0,0,0,0,0,0,2,1,6,1,75,10,1997,2,2,-1,1,-1
2017930000182,3,9,0,3,0,0,0,0,0,0,2,1,6,1,51,8,2143,2,5,-1,2,-1
2017930000183,1,9,0,18,0,0,0,0,7,0,1,1,6,1,21,5,1398,2,12,-1,2,-1
2017930000183,2,9,0,18,0,0,0,0,0,0,1,1,6,2,19,4,898,1,-1,-1,2,-1
2017930000184,1,3,0,7,0,2,5,0,0,0,1,1,6,2,38,7,125,1,-1,-1,1,-1
2017930000184,2,19,0,18,0,1,0,0,0,0,1,1,1,1,44,7,-1,-1,-1,-1,1,-1
2017930000185,1,9,0,18,0,0,0,0,0,0,1,1,6,2,37,7,1242,1,3,-1,1,-1
2017930000186,1,9,0,5,0,8,0,0,0,0,1,1,6,2,18,4,1229,1,4,-1,1,-1
2017930000186,2,9,0,18,0,1,0,0,0,0,3,1,6,2,34,6,1598,1,10,-1,3,-1
2017930000187,1,9,0,13,0,0,0,0,0,0,3,1,6,1,73,10,1560,2,9,-1,1,-1
2017930000189,1,9,0,18,0,0,0,0,0,0,1,1,2,2,57,9,1229,1,11,-1,1,-1
2017930000190,1,9,0,14,0,0,0,0,0,0,1,1,6,1,79,11,1797,8,4,-1,1,-1
2017930000190,2,9,0,2,0,0,0,0,0,0,2,1,6,2,46,8,2143,2,3,-1,3,-1
2017930000191,1,9,0,9,0,8,0,0,0,0,3,1,6,1,86,11,1388,1,3,-1,3,-1
2017930000191,2,9,0,18,0,1,0,0,0,0,1,1,6,1,36,7,1968,2,6,-1,2,-1
2017930000193,1,9,0,13,0,1,0,0,0,0,1,1,6,1,35,6,1796,1,10,-1,1,-1
2017930000193,2,9,0,17,0,1,0,0,1,0,1,1,2,2,18,4,1360,1,13,-1,3,-1
2017930000194,1,9,4,18,0,0,0,0,2,2,1,1,6,1,70,10,2179,2,7,-1,3,-1
2017930000195,1,9,0,18,0,2,0,0,3,6,3,1,6,2,31,6,1248,2,11,-1,1,-1
2017930000195,2,9,0,18,0,1,0,0,0,0,1,1,6,1,63,9,3498,1,4,-1,1,-1
2017930000196,1,1,0,17,0,0,0,0,1,9,4,1,6,1,69,10,-1,-1,-1,-1,3,-1
2017930000196,2,9,0,18,0,0,0,0,0,0,0,1,2,1,30,6,1560,2,4,-1,3,-1
2017930000197,1,3,0,9,0,2,0,0,0,0,1,1,6,1,34,6,124,1,6,-1,1,-1
2017930000198,1,9,0,18,0,0,0,10,0,0,1,1,6,1,67,10,1398,1,4,-1,1,-1
2017930000198,2,9,0,18,0,0,0,0,0,0,1,1,6,2,54,8,-1,-1,-1,-1,1,-1
2017930000199,1,9,0,13,0,1,0,0,0,0,1,1,6,1,55,8,2000,2,8,-1,2,-1
2017930000199,2,9,0,9,0,1,0,0,0,0,3,1,6,2,62,9,1968,2,1,-1,3,-1
2017930000200,1,1,0,10,0,1,0,0,0,0,0,1,6,2,19,4,-1,-1,-1,-1,2,-1
2017930000200,2,5,0,18,0,1,2,0,0,0,4,1,6,1,61,9,848,1,14,-1,1,-1
2017930000201,1,9,0,9,0,1,0,0,0,0,1,1,6,2,47,8,-1,-1,-1,-1,1,-1
2017930000201,2,1,0,18,0,1,0,0,0,0,1,1,6,1,45,7,-1,-1,-1,-1,3,-1
2017930000202,1,9,0,9,0,8,0,0,0,0,1,1,6,2,35,6,1999,1,12,-1,1,-1
2017930000202,2,19,0,18,0,1,0,0,0,0,4,1,6,1,48,8,1560,2,6,-1,1,-1
2017930000203,1,1,0,18,0,8,5,0,0,0,3,1,6,2,19,4,-1,-1,-1,-1,2,-1
2017930000203,2,9,0,18,0,8,0,0,0,0,1,1,6,1,76,11,1229,1,7,-1,3,-1
2017930000204,1,9,0,18,0,8,0,0,0,0,1,1,6,2,51,8,1398,1,-1,-1,-1,-1
2017930000204,2,9,0,18,0,8,0,0,0,0,4,1,6,1,88,11,1108,1,8,-1,1,-1
2017930000205,1,9,0,18,0,0,0,0,0,0,3,1,6,1,42,7,2497,2,19,-1,1,-1
2017930000206,1,9,0,18,0,0,1,2,7,0,3,1,6,1,17,4,1896,2,14,-1,3,-1
2017930000207,1,9,0,18,0,1,0,0,0,0,1,2,6,1,41,7,-1,-1,-1,-1,-1,-1
2017930000207,2,11,0,9,0,1,0,0,0,0,2,1,1,1,64,9,4250,2,2,-1,2,-1
2017930000208,1,9,0,16,0,1,2,0,7,0,1,1,6,2,80,11,1390,1,9,-1,1,-1
2017930000209,1,9,0,9,0,2,0,0,0,0,1,1,6,2,25,5,2191,2,3,-1,1,-1
2017930000209,2,9,0,18,0,1,0,0,0,0,1,1,6,2,49,8,1399,1,-1,-1,1,-1
2017930000210,1,1,0,18,0,0,0,0,0,0,0,1,2,1,46,8,-1,-1,-1,-1,1,-1
2017930000210,2,9,0,13,0,0,0,0,0,0,1,1,6,1,54,8,1994,2,14,-1,1,-1
2017930000211,1,5,0,4,0,1,5,0,0,0,1,1,6,1,53,8,742,1,26,-1,3,-1
2017930000211,2,9,0,10,0,1,0,0,0,0,2,1,6,2,48,8,1591,1,1,-1,1,-1
2017930000212,1,9,0,4,0,0,0,0,2,0,3,1,6,1,27,6,1242,1,13,-1,1,-1
2017930000212,2,9,0,18,0,0,0,0,4,0,1,1,6,1,49,8,1956,2,2,-1,1,-1
2017930000213,1,9,0,18,0,0,0,0,0,0,1,1,1,1,35,6,-1,-1,-1,-1,3,-1
2017930000213,2,21,1,2,0,0,0,0,0,0,2,1,1,1,50,8,12777,2,4,6,1,6
2017930000214,1,9,0,16,0,0,0,0,0,0,4,1,6,1,22,5,1498,1,8,-1,1,-1
2017930000215,1,22,0,18,0,2,5,0,0,0,0,1,6,2,71,10,-1,-1,-1,-1,1,-1
2017930000215,2,9,0,18,0,2,0,0,0,0,1,1,6,2,50,8,1799,1,11,-1,1,-1
2017930000216,1,9,0,5,0,2,0,0,0,0,1,1,2,1,55,8,1461,2,1,-1,2,-1
2017930000217,1,9,0,9,0,2,0,0,0,0,3,1,1,1,20,4,1149,1,15,-1,1,-1
2017930000217,2,9,0,18,0,1,0,0,0,0,1,1,6,2,58,9,1242,1,4,-1,2,-1
2017930000217,3,21,1,18,0,1,0,0,0,0,0,1,6,3,-1,-1,-1,-1,-1,-1,-1,-1
2017930000218,1,9,0,18,0,0,0,0,0,0,1,1,6,1,54,8,2184,2,8,-1,-1,-1
2017930000218,2,19,0,18,0,0,0,0,0,0,1,1,6,1,45,7,2402,2,8,-1,2,-1
2017930000219,1,9,0,18,0,1,5,0,4,6,3,1,6,2,53,8,1328,1,11,-1,1,-1
2017930000221,1,9,0,18,0,1,0,0,1,1,1,1,6,1,32,6,1388,1,13,-1,2,-1
2017930000222,1,9,0,18,0,8,0,0,1,4,1,1,6,1,83,11,1197,1,-1,-1,1,-1
2017930000222,2,9,0,9,0,8,0,0,7,4,4,1,6,2,57,9,998,1,2,-1,1,-1
2017930000223,1,9,0,18,0,1,0,0,0,0,1,1,6,2,50,8,1598,1,7,-1,1,-1
2017930000223,2,9,0,18,0,1,0,0,0,0,1,1,6,1,47,8,1560,2,3,-1,1,-1
2017930000224,1,9,0,13,0,0,0,0,0,0,1,1,6,1,46,8,1461,2,-1,-1,-1,-1
2017930000224,2,9,0,18,0,0,0,0,0,0,1,1,6,1,30,6,-1,-1,-1,-1,1,-1
2017930000225,1,1,0,9,0,0,5,0,0,0,1,1,6,1,9,2,-1,-1,-1,-1,1,-1
2017930000225,2,9,0,18,0,0,0,0,0,0,4,1,2,1,40,7,1598,1,4,-1,1,-1
2017930000226,1,19,0,18,0,0,0,0,0,0,1,1,6,1,63,9,1753,2,13,-1,3,-1
2017930000226,2,9,3,18,0,0,0,0,0,0,3,1,6,1,63,9,2685,2,14,-1,3,-1
2017930000226,3,19,0,18,0,0,0,0,0,0,3,1,2,1,43,7,2198,2,6,-1,-1,-1
2017930000227,1,9,0,18,0,8,0,0,0,0,4,1,1,1,43,7,1968,2,2,-1,2,-1
2017930000227,2,9,0,18,0,1,0,0,0,0,1,1,2,2,22,5,1242,1,8,-1,3,-1
2017930000228,1,9,0,5,0,8,0,0,0,0,3,1,1,1,37,7,1598,1,9,-1,1,-1
2017930000228,2,4,0,18,0,1,5,0,0,0,1,1,2,1,58,9,248,1,4,-1,1,-1
2017930000229,1,5,0,18,0,8,5,0,3,0,3,1,6,1,34,6,599,1,10,-1,1,-1
2017930000230,1,9,0,17,0,0,0,0,0,0,1,1,1,1,56,9,1598,2,4,-1,1,-1
2017930000231,1,1,0,9,0,2,5,0,0,0,3,1,6,1,18,4,-1,-1,-1,-1,1,-1
2017930000231,2,9,0,18,0,1,0,0,0,0,1,1,1,1,45,7,1360,1,5,-1,2,-1
2017930000232,1,1,0,18,0,1,5,0,0,0,1,1,6,1,8,2,-1,-1,-1,-1,1,-1
2017930000232,2,9,0,17,0,1,0,0,0,0,1,1,6,1,51,8,1686,2,3,-1,1,-1
2017930000233,1,9,0,16,0,0,0,0,7,4,1,1,1,1,39,7,2993,2,6,-1,1,-1
2017930000234,1,11,0,18,0,0,0,0,0,0,1,1,1,1,69,10,12580,2,11,-1,3,-1
2017930000235,1,9,0,5,0,0,0,0,1,0,1,1,1,1,25,5,-1,3,-1,-1,1,-1
2017930000236,1,3,0,13,0,1,0,0,0,0,1,1,6,1,18,4,-1,-1,-1,-1,1,-1
2017930000236,2,3,0,9,0,2,0,0,0,0,3,1,6,1,54,8,-1,-1,-1,-1,1,-1
2017930000237,1,9,0,17,0,0,1,0,1,11,1,1,6,1,17,4,1242,1,12,-1,2,-1
2017930000238,1,9,0,18,0,2,0,0,0,0,4,1,6,3,-1,-1,1796,1,14,-1,-1,-1
2017930000238,2,9,0,18,0,1,0,0,0,0,1,1,6,2,48,8,1590,1,13,-1,1,-1
2017930000239,1,9,0,18,0,0,0,0,1,9,1,1,6,2,63,9,1242,1,7,-1,1,-1
2017930000240,1,9,0,5,0,8,0,0,0,0,3,1,1,1,23,5,1598,2,2,-1,3,-1
2017930000240,2,9,0,18,0,1,0,0,0,0,1,1,1,1,38,7,2494,2,4,-1,1,-1
2017930000241,1,5,0,4,0,0,0,0,0,0,1,1,6,1,53,8,749,1,7,-1,1,-1
2017930000241,2,9,0,3,0,0,0,0,0,0,2,1,6,1,60,9,-1,-1,-1,-1,2,-1
2017930000244,1,9,0,18,0,0,0,0,0,0,1,1,1,1,30,6,-1,-1,-1,-1,1,-1
2017930000244,2,9,0,18,0,0,5,0,1,0,2,1,6,1,64,9,1595,1,11,-1,3,-1
2017930000245,1,9,0,17,0,0,1,0,0,0,1,1,6,1,56,9,1360,1,9,-1,2,-1
2017930000245,2,9,0,16,0,0,0,0,0,0,1,1,6,2,81,11,1198,1,-1,-1,3,-1
2017930000246,1,21,1,18,0,0,5,5,0,0,1,1,1,1,74,10,-1,-1,-1,-1,1,-1
2017930000247,1,1,0,18,0,8,5,0,0,0,1,1,6,1,8,2,-1,-1,-1,-1,1,-1
2017930000247,2,9,0,18,0,1,0,0,0,0,4,1,2,2,39,7,1229,1,6,-1,1,-1
2017930000248,1,9,0,9,0,1,0,0,0,0,4,1,6,2,57,9,1598,2,2,-1,3,-1
2017930000248,2,9,0,18,0,1,0,0,0,0,1,1,6,2,55,8,1968,2,2,-1,3,-1
2017930000249,1,9,0,18,0,0,0,0,0,0,1,1,6,1,77,11,1968,2,7,-1,3,-1
2017930000249,2,9,0,4,0,0,0,0,0,0,2,1,6,2,35,6,1598,2,5,-1,1,-1
2017930000249,3,9,0,18,0,0,0,0,4,6,4,1,6,1,46,8,1461,2,3,-1,3,-1
2017930000250,1,9,0,18,0,0,0,0,0,0,1,1,1,1,53,8,1560,2,1,-1,1,-1
2017930000250,2,1,0,18,0,0,5,0,0,0,4,1,6,1,15,3,-1,-1,-1,-1,1,-1
2017930000251,1,9,0,18,0,0,0,0,0,0,1,1,6,1,19,4,1997,1,11,-1,3,-1
2017930000251,2,9,0,3,0,0,0,0,0,0,2,1,6,2,37,7,1240,1,10,-1,1,-1
2017930000252,1,9,0,1,0,0,0,0,0,0,4,1,1,1,46,8,1968,2,9,-1,3,-1
2017930000253,1,9,0,18,0,0,0,0,0,0,1,1,2,1,39,7,998,1,1,-1,3,-1
2017930000253,2,19,0,3,0,0,0,0,0,0,2,1,2,1,63,9,1997,2,1,-1,1,-1
2017930000254,1,9,0,16,0,0,0,0,0,0,1,1,6,1,40,7,973,1,17,-1,3,-1
2017930000254,2,9,0,17,0,0,0,0,0,0,1,1,6,1,67,10,998,1,1,-1,3,-1
2017930000255,1,19,0,13,0,0,0,0,0,0,1,1,6,1,54,8,2461,2,15,-1,1,-1
2017930000255,2,1,0,18,0,0,5,0,0,0,3,1,6,1,14,3,-1,-1,-1,-1,1,-1
2017930000256,1,9,0,18,0,2,0,0,0,0,1,1,2,2,24,5,1398,1,2,-1,1,-1
2017930000257,1,9,0,9,0,8,0,0,0,0,4,1,6,1,27,6,1598,2,4,-1,3,-1
2017930000257,2,5,0,18,0,1,5,0,0,0,1,1,6,1,28,6,998,1,9,-1,1,-1
2017930000258,1,21,0,18,0,0,0,0,0,0,4,1,1,1,55,8,10837,2,2,-1,1,-1
2017930000259,1,9,0,9,0,2,0,0,0,0,1,1,6,1,24,5,1329,1,3,-1,1,-1
2017930000259,2,9,0,18,0,2,0,0,0,0,3,1,6,1,33,6,1461,2,11,-1,1,-1
2017930000260,1,9,0,18,0,0,0,0,0,0,3,1,6,2,17,4,1229,1,10,-1,1,-1
2017930000261,1,9,0,18,0,0,5,0,1,0,4,1,2,2,24,5,1956,2,4,-1,1,-1
2017930000262,1,9,0,14,0,2,0,0,0,0,1,1,6,1,19,4,1229,1,10,-1,1,-1
2017930000262,2,9,0,18,0,1,0,0,0,0,1,1,6,1,88,11,1199,1,14,-1,1,-1
2017930000263,1,5,0,16,0,0,2,0,0,0,3,1,6,1,51,8,998,1,16,-1,1,-1
2017930000263,2,9,0,18,0,0,0,0,0,0,3,1,6,2,45,7,1598,2,3,-1,3,-1
2017930000264,1,11,0,5,0,1,0,0,0,0,2,1,1,1,45,7,-1,-1,-1,-1,1,-1
2017930000265,1,9,0,17,0,0,2,0,2,0,4,1,6,1,18,4,1242,1,9,-1,2,-1
2017930000266,1,9,0,17,0,0,1,0,7,11,1,1,6,1,18,4,2616,1,13,-1,3,-1
2017930000267,1,9,0,16,0,0,0,0,0,0,1,1,6,1,35,6,973,1,14,-1,1,-1
2017930000267,2,9,0,17,0,0,0,0,0,0,1,1,6,1,53,8,998,1,11,-1,1,-1
2017930000268,1,3,0,18,0,0,5,12,0,0,1,1,6,1,19,4,125,1,1,-1,3,-1
2017930000269,1,9,0,9,0,8,0,0,0,0,3,1,6,2,53,8,1398,1,2,-1,1,-1
2017930000269,2,1,0,18,0,1,5,0,0,0,1,1,6,1,65,9,-1,-1,-1,-1,1,-1
2017930000270,1,9,0,2,0,0,0,0,0,0,0,1,6,3,-1,-1,-1,-1,-1,-1,-1,-1
2017930000270,2,19,0,18,0,0,0,0,0,0,0,1,6,3,-1,-1,-1,-1,-1,-1,-1,-1
2017930000270,3,9,0,18,0,0,0,0,1,0,2,1,1,1,46,8,1598,2,3,-1,-1,-1
2017930000270,4,21,0,18,0,0,0,0,0,0,1,1,1,1,64,9,4580,2,2,4,1,4
2017930000271,1,9,0,18,0,0,5,0,2,2,4,1,6,2,30,6,1968,2,2,-1,3,-1
2017930000272,1,9,0,18,0,0,0,0,1,11,1,1,6,1,30,6,1242,1,11,-1,1,-1
2017930000273,1,9,0,4,0,0,0,0,0,0,1,1,6,2,31,6,-1,-1,-1,-1,3,-1
2017930000273,2,9,0,3,0,0,0,0,0,0,1,1,6,2,51,8,1598,1,5,-1,1,-1
2017930000273,3,9,0,3,0,0,0,0,0,0,2,1,6,2,-1,-1,1242,1,3,-1,1,-1
2017930000274,1,10,0,18,0,8,0,0,0,0,1,1,6,1,50,8,-1,-1,-1,-1,-1,-1
2017930000274,2,9,0,18,0,1,0,0,0,0,3,1,6,2,53,8,1598,2,1,-1,1,-1
2017930000275,1,9,0,9,0,8,0,0,0,0,1,1,2,1,27,6,1598,1,6,-1,1,-1
2017930000275,2,19,0,9,0,2,0,0,0,0,0,1,6,3,-1,-1,-1,-1,-1,-1,-1,-1
2017930000276,1,5,0,13,0,1,5,0,0,0,1,1,6,1,55,8,1492,1,28,6,3,6
2017930000276,2,5,0,9,0,1,5,0,0,0,2,1,6,1,31,6,1470,1,17,-1,1,-1
2017930000277,1,9,0,16,0,0,5,0,1,10,3,1,6,1,31,6,1796,1,16,-1,1,-1
2017930000278,1,9,0,12,0,0,0,0,0,0,1,1,1,1,48,8,1968,2,2,-1,1,-1
2017930000278,2,9,0,18,0,0,0,0,0,0,2,1,6,2,63,9,2231,2,4,-1,3,-1
2017930000279,1,9,0,18,0,0,5,0,0,0,1,1,6,2,66,10,998,1,1,-1,1,-1
2017930000279,2,9,0,2,0,0,0,0,0,0,3,1,6,1,29,6,1461,2,2,-1,2,-1
2017930000280,1,11,0,9,0,8,0,0,0,0,3,1,1,1,20,4,4461,2,3,-1,1,-1
2017930000280,2,5,0,18,0,1,5,0,0,0,1,1,6,1,35,6,1340,1,-1,-1,1,-1
2017930000281,1,9,0,18,0,0,0,0,1,4,1,1,6,2,33,6,1364,1,8,-1,3,-1
2017930000282,1,5,0,5,0,8,5,0,1,0,3,1,6,1,61,9,1198,1,6,-1,2,-1
2017930000282,2,9,0,18,0,8,0,0,0,0,4,1,6,1,64,9,-1,-1,-1,-1,3,-1
2017930000283,1,9,0,18,0,0,0,0,2,0,1,1,6,2,17,4,1956,2,5,-1,3,-1
2017930000284,1,9,0,9,0,1,0,0,0,0,1,1,6,1,85,11,1398,1,5,-1,3,-1
2017930000284,2,9,0,18,0,1,0,0,0,0,1,1,6,2,55,8,1955,2,10,-1,3,-1
2017930000285,1,9,0,9,0,1,0,0,1,10,1,1,6,2,41,7,1999,2,-1,-1,-1,-1
2017930000285,2,9,0,18,0,1,0,0,1,1,1,1,6,1,25,5,1398,1,1,-1,1,-1
2017930000286,1,9,0,18,0,8,0,0,0,0,1,1,6,1,86,11,1968,2,-1,-1,-1,-1
2017930000286,2,9,0,18,0,8,0,0,0,0,4,1,6,1,49,8,1998,2,11,-1,1,-1
2017930000287,1,9,0,5,0,8,0,0,0,0,1,1,2,1,42,7,1984,1,11,-1,1,-1
2017930000287,2,1,0,18,0,8,5,0,0,0,3,1,6,1,13,3,-1,-1,-1,-1,1,-1
2017930000288,1,9,0,18,0,8,0,0,0,0,3,1,1,1,49,8,-1,-1,-1,-1,1,-1
2017930000288,2,9,0,18,0,1,0,0,0,0,1,1,6,1,57,9,1398,1,5,-1,1,-1
2017930000289,1,9,0,17,0,0,0,0,0,0,1,1,6,2,27,6,1598,1,11,-1,1,-1
2017930000290,1,9,0,18,0,0,0,0,0,0,3,1,6,2,79,11,1490,1,11,-1,3,-1
2017930000290,2,9,0,3,0,0,0,0,0,0,3,1,6,2,68,10,1298,1,11,-1,1,-1
2017930000290,3,9,0,3,0,0,0,0,0,0,1,1,6,1,69,10,-1,-1,-1,-1,3,-1
2017930000291,1,9,0,18,0,0,0,0,0,0,4,1,6,3,-1,-1,-1,-1,-1,-1,-1,-1
2017930000292,1,5,0,17,0,0,5,0,0,0,1,1,6,1,61,9,-1,-1,-1,-1,-1,-1
2017930000292,2,9,0,16,0,0,0,0,0,0,1,1,6,1,61,9,2143,2,3,-1,3,-1
2017930000293,1,9,0,17,0,0,1,0,0,0,1,1,6,1,18,4,1995,1,8,-1,3,-1
2017930000293,2,9,0,16,0,0,0,0,0,0,1,1,6,1,33,6,1783,1,13,-1,1,-1
2017930000294,1,5,0,16,0,1,5,0,7,4,1,1,6,1,57,9,998,1,10,-1,2,-1
2017930000295,1,9,0,4,0,1,0,0,0,0,1,1,6,1,34,6,1991,8,1,-1,2,-1
2017930000295,2,5,0,4,0,1,5,0,0,0,2,1,6,1,56,9,782,1,9,-1,1,-1
2017930000296,1,9,0,13,0,0,0,0,0,0,3,1,6,1,23,5,1995,2,2,-1,3,-1
2017930000296,2,5,0,18,0,0,5,0,0,0,3,1,6,1,47,8,-1,-1,-1,-1,3,-1
2017930000296,3,9,0,18,0,0,0,0,0,0,0,1,6,1,62,9,1461,2,1,-1,3,-1
2017930000297,1,9,0,18,0,8,0,0,7,11,1,1,6,2,85,11,1598,2,7,-1,3,-1
2017930000297,2,11,0,18,0,1,5,0,7,0,1,1,1,1,47,8,9000,2,7,-1,3,-1
2017930000298,1,17,0,18,0,0,0,0,1,0,1,1,2,1,54,8,-1,-1,-1,-1,3,-1
2017930000299,1,9,0,7,0,8,0,0,0,0,4,1,6,2,49,8,1799,1,9,-1,3,-1
2017930000300,1,3,0,18,0,2,5,0,0,0,1,1,6,1,24,5,124,1,2,-1,1,-1
2017930000300,2,9,0,2,0,2,0,0,0,0,2,1,6,2,22,5,1968,2,9,-1,1,-1
2017930000301,1,19,0,9,0,8,0,0,0,0,4,1,1,1,53,8,-1,-1,-1,-1,1,-1
2017930000301,2,11,0,18,0,1,0,0,0,0,1,1,1,1,51,8,12902,2,3,-1,1,-1
2017930000302,1,9,0,13,0,0,0,0,0,0,1,1,6,1,19,4,2198,2,11,-1,3,-1
2017930000302,2,9,0,18,0,0,0,0,0,0,1,1,6,1,69,10,1896,2,14,-1,3,-1
2017930000303,1,9,0,18,0,0,0,0,5,0,3,1,6,1,64,9,1461,2,2,-1,3,-1
2017930000304,1,5,0,13,0,1,2,0,0,0,1,1,6,1,48,8,1402,1,14,-1,3,-1
2017930000304,2,10,0,10,0,1,0,0,0,0,2,1,1,1,32,6,2400,2,15,-1,3,-1
2017930000305,1,19,0,1,0,2,0,0,0,0,4,1,1,1,31,6,-1,-1,-1,-1,1,-1
2017930000307,1,9,0,18,0,0,0,0,7,4,3,1,6,1,28,6,-1,-1,-1,-1,2,-1
2017930000310,1,9,0,13,0,1,0,0,0,0,3,1,6,1,35,6,1596,1,8,-1,1,-1
2017930000310,2,19,0,18,0,1,0,0,0,0,4,1,6,1,34,6,1461,2,14,-1,1,-1
2017930000311,1,9,0,18,0,8,0,0,0,0,1,1,6,1,26,6,2765,2,21,-1,3,-1
2017930000311,2,90,0,18,0,1,0,0,0,0,4,1,2,1,21,5,-1,-1,-1,-1,-1,-1
2017930000312,1,9,0,18,0,8,0,0,0,0,3,1,6,1,28,6,1198,1,11,-1,3,-1
2017930000312,2,9,0,18,0,1,0,0,0,0,1,1,6,1,45,7,1598,1,6,-1,1,-1
2017930000313,1,1,0,18,0,1,5,0,0,0,1,1,6,1,27,6,-1,-1,-1,-1,1,-1
2017930000313,2,19,0,9,0,8,0,0,0,0,4,1,6,1,30,6,1995,2,3,-1,2,-1
2017930000314,1,5,0,14,0,0,0,0,0,0,1,1,6,1,27,6,-1,-1,-1,-1,2,-1
2017930000315,1,9,0,7,0,1,0,0,0,0,1,1,6,3,-1,-1,1997,2,16,-1,-1,-1
2017930000315,2,9,0,9,0,1,0,0,0,0,1,1,1,1,57,9,1910,2,10,-1,1,-1
2017930000316,1,9,0,18,0,0,0,0,0,0,1,1,6,1,86,11,1994,1,6,-1,3,-1
2017930000316,2,11,0,3,0,0,0,0,0,0,2,1,1,1,59,9,12000,2,12,-1,-1,-1
2017930000317,1,9,0,18,0,0,0,0,5,6,3,1,6,2,28,6,1248,2,11,-1,1,-1
2017930000317,2,9,0,11,0,0,0,0,5,6,4,1,6,1,59,9,1229,1,5,-1,1,-1
2017930000318,1,9,0,18,0,1,0,0,0,0,1,1,6,1,37,7,1753,2,14,-1,-1,-1
2017930000318,2,21,0,4,0,1,0,0,0,0,2,1,1,1,53,8,11946,2,7,-1,1,-1
2017930000319,1,1,0,18,0,8,0,0,0,0,1,1,6,1,20,4,-1,-1,-1,-1,1,-1
2017930000319,2,11,0,5,0,8,0,0,0,0,1,1,1,1,45,7,7300,2,15,-1,1,-1
2017930000320,1,5,0,13,0,0,5,0,0,0,3,1,6,1,49,8,1077,1,2,-1,2,-1
2017930000320,2,9,0,18,0,0,0,0,0,0,3,1,6,1,45,7,-1,-1,-1,-1,3,-1
2017930000320,3,9,0,18,0,0,0,0,0,0,1,1,6,2,58,9,-1,-1,-1,-1,3,-1
2017930000321,1,9,0,9,0,1,0,0,0,0,3,1,6,2,32,6,1200,1,2,-1,2,-1
2017930000321,2,1,0,18,0,1,5,0,0,0,3,1,6,1,23,5,-1,-1,-1,-1,1,-1
2017930000322,1,9,0,1,0,0,0,0,0,0,2,1,6,2,70,10,1198,1,3,-1,1,-1
2017930000323,1,9,0,4,0,1,1,0,0,0,1,1,6,1,17,4,1398,2,11,-1,3,-1
2017930000323,2,9,0,18,0,1,1,0,7,10,3,1,6,1,67,10,1598,2,4,-1,1,-1
2017930000324,1,90,0,18,0,0,0,0,0,0,1,1,6,1,66,10,-1,-1,-1,5,1,5
2017930000324,2,9,0,5,0,0,0,0,0,0,2,1,6,1,50,8,-1,-1,-1,-1,1,-1
2017930000324,3,5,0,13,0,0,0,0,4,0,4,1,6,1,60,9,1690,1,-1,3,2,3
2017930000325,1,9,0,12,0,2,0,0,1,7,3,1,6,1,45,7,1595,1,15,-1,3,-1
2017930000325,2,9,0,18,0,2,0,0,0,0,4,1,6,1,74,10,1997,1,13,-1,1,-1
2017930000326,1,5,0,18,0,0,2,7,0,0,1,1,1,1,56,9,865,1,9,-1,1,-1