Accident_Index,Vehicle_Reference,Vehicle_Type,Towing_and_Articulation,Vehicle_Manoeuvre,Vehicle_Location-Restricted_Lane,Junction_Location,Skidding_and_Overturning,Hit_Object_in_Carriageway,Vehicle_Leaving_Carriageway,Hit_Object_off_Carriageway,1st_Point_of_Impact,Was_Vehicle_Left_Hand_Drive?,Journey_Purpose_of_Driver,Sex_of_Driver,Age_of_Driver,Age_Band_of_Driver,Engine_Capacity_(CC),Propulsion_Code,Age_of_Vehicle,Driver_IMD_Decile,Driver_Home_Area_Type,Vehicle_IMD_Decile
2017930000327,1,1,0,5,0,1,5,0,0,0,1,1,6,1,15,3,-1,-1,-1,-1,1,-1
2017930000327,2,9,0,5,0,2,0,0,0,0,1,1,1,1,25,5,1248,1,2,-1,1,-1
2017930000328,1,9,0,18,0,0,0,0,7,11,1,1,6,1,43,7,1591,1,1,-1,3,-1
2017930000329,1,9,0,18,0,1,0,0,0,0,0,1,6,3,-1,-1,-1,-1,-1,-1,-1,-1
2017930000329,2,8,0,5,0,8,0,0,0,0,0,1,1,1,62,9,2231,2,4,-1,1,-1
2017930000330,1,9,0,18,0,0,0,0,0,0,4,1,6,1,56,9,2616,1,9,-1,3,-1
2017930000330,2,9,0,18,0,0,0,0,0,0,3,1,6,2,25,5,-1,-1,-1,-1,1,-1
2017930000331,1,9,0,18,0,8,0,0,0,0,4,1,6,2,55,8,1560,2,4,-1,1,-1
2017930000331,2,1,0,18,0,1,0,0,0,0,1,1,6,1,49,8,-1,-1,-1,-1,3,-1
2017930000332,1,9,0,18,0,0,0,0,0,0,1,1,1,1,45,7,1086,1,11,-1,1,-1
2017930000333,1,19,0,1,0,0,0,0,0,0,2,1,1,1,30,6,1560,2,6,-1,1,-1
2017930000333,2,2,0,18,0,0,5,0,0,0,1,1,6,1,47,8,49,1,15,-1,1,-1
2017930000334,1,9,0,18,0,0,0,0,0,0,1,1,6,1,75,10,-1,-1,-1,-1,-1,-1
2017930000334,2,9,3,18,0,0,0,0,0,0,1,1,6,1,46,8,1598,2,2,-1,3,-1
2017930000334,3,9,0,18,0,0,0,0,0,0,0,1,6,1,49,8,1000,1,4,-1,3,-1
2017930000335,1,9,0,18,0,0,0,0,0,0,4,1,6,2,65,9,999,1,3,-1,2,-1
2017930000335,2,21,0,2,0,0,0,0,0,0,3,1,1,1,45,7,-1,-1,-1,-1,3,-1
2017930000336,1,9,0,14,0,0,0,0,0,0,3,1,1,1,63,9,1995,2,13,-1,3,-1
2017930000336,2,9,0,11,0,0,0,0,0,0,0,1,1,1,37,7,1461,2,4,-1,3,-1
2017930000337,1,9,0,18,0,0,0,0,0,0,1,1,6,2,47,8,1896,2,16,-1,2,-1
2017930000337,2,9,0,3,0,0,0,0,0,0,2,1,6,1,63,9,1968,2,1,7,2,7
2017930000338,1,1,0,18,0,1,5,0,0,0,1,1,6,1,16,4,-1,-1,-1,-1,1,-1
2017930000338,2,9,0,10,0,1,0,0,0,0,3,1,6,1,38,7,2521,1,11,-1,1,-1
2017930000339,1,19,0,18,0,8,5,0,0,0,4,1,1,1,47,8,1560,2,2,-1,1,-1
2017930000339,2,9,0,18,0,1,0,0,0,0,1,1,6,1,26,6,1968,2,1,-1,1,-1
2017930000340,1,5,0,18,0,0,0,0,0,0,3,1,6,1,50,8,1170,1,7,-1,1,-1
2017930000340,2,5,0,18,0,0,5,0,0,0,4,1,6,1,50,8,649,1,1,-1,3,-1
2017930000341,1,9,0,18,0,0,0,0,0,0,1,1,6,1,20,4,1388,1,13,-1,2,-1
2017930000341,2,19,0,18,0,0,0,0,0,0,2,1,6,1,47,8,1998,2,13,-1,3,-1
2017930000342,1,9,0,18,0,1,0,0,1,1,1,1,6,1,54,8,1390,1,15,-1,1,-1
2017930000343,1,9,0,4,0,1,0,0,3,7,1,1,6,1,24,5,1229,1,6,-1,1,-1
2017930000344,1,9,0,4,0,8,0,0,3,0,2,1,6,1,17,4,1598,2,5,-1,3,-1
2017930000344,2,9,0,18,0,1,0,0,7,0,1,1,6,1,46,8,1496,2,2,-1,1,-1
2017930000345,1,9,0,18,0,0,5,0,1,11,4,1,6,1,27,6,1999,2,2,-1,1,-1
2017930000346,1,9,0,16,0,0,2,0,1,4,1,1,2,2,58,9,1590,1,15,-1,2,-1
2017930000347,1,19,0,18,0,0,0,0,2,0,1,1,1,1,17,4,2459,2,18,-1,1,-1
2017930000347,2,19,0,2,0,0,0,0,0,0,2,1,6,3,-1,-1,1461,2,11,-1,-1,-1
2017930000348,1,5,0,16,0,0,5,6,0,0,3,1,6,1,50,8,-1,-1,-1,-1,1,-1
2017930000349,1,9,0,18,0,2,0,0,1,1,1,1,1,1,34,6,-1,-1,-1,1,1,1
2017930000350,1,21,0,18,0,0,0,0,0,0,1,1,1,1,61,9,12900,2,6,-1,1,-1
2017930000350,2,17,4,18,0,0,0,0,0,0,2,1,1,1,26,6,-1,-1,-1,-1,3,-1
2017930000351,1,9,0,18,0,2,0,0,3,1,1,1,6,1,89,11,1198,1,5,-1,1,-1
2017930000352,1,9,0,9,0,2,0,0,0,0,1,1,1,1,33,6,-1,-1,-1,-1,1,-1
2017930000353,1,9,0,18,0,1,0,12,0,0,1,1,2,1,45,7,1395,1,3,-1,3,-1
2017930000354,1,9,0,18,0,0,0,0,1,0,1,1,6,2,18,4,1149,1,13,-1,2,-1
2017930000355,1,9,0,17,0,0,0,0,1,0,1,1,6,2,67,10,1368,1,2,-1,3,-1
2017930000355,2,9,0,16,0,0,0,0,0,0,1,1,6,1,22,5,-1,-1,-1,-1,3,-1
2017930000356,1,9,0,18,0,0,1,0,1,4,3,1,6,1,45,7,1396,1,13,-1,1,-1
2017930000357,1,9,0,18,0,0,0,0,0,0,4,1,6,1,41,7,4163,1,13,-1,2,-1
2017930000358,1,9,0,3,0,1,0,0,0,0,1,1,6,2,41,7,1685,2,5,-1,1,-1
2017930000358,2,9,0,3,0,1,0,0,0,0,2,1,6,2,74,10,1398,1,12,-1,1,-1
2017930000359,1,9,0,18,0,8,0,0,0,0,3,1,2,2,59,9,1560,2,2,-1,3,-1
2017930000359,2,9,0,18,0,1,0,0,0,0,1,1,6,1,63,9,1560,2,-1,-1,3,-1
2017930000360,1,17,0,9,0,1,0,0,0,0,3,1,1,1,24,5,-1,-1,-1,-1,3,-1
2017930000360,2,9,0,18,0,1,0,0,0,0,1,1,2,1,57,9,999,1,-1,-1,1,-1
2017930000361,1,9,0,18,0,0,0,0,1,10,1,1,6,2,31,6,1560,2,11,-1,1,-1
2017930000362,1,9,0,12,0,0,0,0,0,0,1,1,6,2,24,5,1781,1,12,-1,3,-1
2017930000362,2,5,0,18,0,0,5,0,0,0,1,1,6,1,63,9,598,1,31,-1,3,-1
2017930000363,1,9,0,4,0,0,0,0,0,0,1,1,2,2,22,5,1242,1,7,-1,3,-1
2017930000363,2,9,0,18,0,0,0,0,0,0,2,1,2,2,44,7,1497,8,1,-1,3,-1
2017930000364,1,9,0,4,0,0,0,0,0,0,0,1,6,1,70,10,1598,1,9,-1,1,-1
2017930000364,2,9,0,4,0,0,0,0,0,0,1,1,6,1,32,6,2191,2,1,-1,1,-1
2017930000364,3,9,0,4,0,0,0,0,0,0,2,1,6,1,60,9,1496,2,-1,-1,-1,-1
2017930000364,4,9,0,4,0,0,0,0,0,0,2,1,6,1,51,8,1968,2,1,-1,1,-1
2017930000365,1,9,0,17,0,1,0,0,1,1,1,1,6,2,75,10,1198,1,8,-1,1,-1
2017930000366,1,9,0,18,0,1,0,0,0,0,1,1,6,2,78,11,1496,1,-1,9,1,9
2017930000366,2,9,0,18,0,1,0,0,0,0,3,1,6,2,58,9,1461,2,3,-1,1,-1
2017930000366,3,9,0,10,0,1,0,0,0,0,3,1,6,1,65,9,2967,2,2,-1,3,-1
2017930000367,1,9,0,18,0,1,0,0,0,0,1,1,6,2,26,6,1368,1,3,-1,3,-1
2017930000367,2,9,0,18,0,1,0,0,0,0,1,1,6,1,26,6,-1,-1,-1,1,1,1
2017930000367,3,9,0,3,0,1,0,0,0,0,2,1,6,2,78,11,1329,1,7,-1,1,-1
2017930000367,4,9,0,10,0,1,0,0,0,0,0,1,2,1,46,8,2179,2,14,-1,2,-1
2017930000368,1,5,0,16,0,0,5,0,0,0,1,1,6,1,33,6,1198,1,3,-1,2,-1
2017930000369,1,9,4,6,0,0,0,0,0,0,3,1,6,2,36,7,1560,2,3,-1,1,-1
2017930000369,2,9,0,13,0,0,5,0,4,0,4,1,6,2,56,9,1968,2,-1,-1,1,-1
2017930000369,3,9,0,18,0,0,0,0,0,0,3,1,6,1,54,8,1242,1,5,-1,2,-1
2017930000370,1,9,0,18,0,0,0,0,0,0,1,1,6,1,28,6,1597,2,2,-1,1,-1
2017930000370,2,9,0,3,0,0,0,0,0,0,2,1,6,1,33,6,1968,2,10,-1,1,-1
2017930000371,1,9,0,16,0,0,2,0,7,4,1,1,6,2,60,9,1560,2,2,-1,3,-1
2017930000372,1,9,0,9,0,2,0,0,0,0,0,1,6,1,64,9,1991,2,7,-1,3,-1
2017930000372,2,4,0,18,0,1,2,0,0,0,3,1,6,1,80,11,244,1,9,-1,2,-1
2017930000373,1,9,0,13,0,0,0,0,0,0,1,1,6,1,67,10,2494,2,6,-1,3,-1
2017930000373,2,9,0,18,0,0,0,0,0,0,1,1,6,1,62,9,1299,1,16,-1,3,-1
2017930000374,1,9,0,18,0,0,0,0,7,0,1,1,6,2,34,6,1968,2,5,-1,1,-1
2017930000375,1,9,0,13,0,0,0,0,2,0,4,1,6,3,-1,-1,-1,-1,-1,-1,-1,-1
2017930000375,2,9,0,18,0,0,0,0,0,0,3,1,6,1,42,7,1329,1,5,-1,3,-1
2017930000376,1,9,0,9,0,8,0,0,0,0,3,1,6,2,41,7,1984,1,9,-1,3,-1
2017930000376,2,5,0,18,0,1,5,0,0,0,1,1,6,1,50,8,-1,-1,-1,-1,1,-1
2017930000377,1,9,0,6,0,0,0,0,6,0,2,1,6,1,59,9,1686,2,4,-1,1,-1
2017930000377,2,9,0,13,0,0,0,0,0,0,1,1,6,1,44,7,1599,1,13,-1,2,-1
2017930000377,3,9,0,18,0,0,0,0,0,0,1,1,6,1,57,9,1597,2,-1,-1,1,-1
2017930000378,1,9,0,18,0,0,0,0,0,0,1,1,2,1,23,5,998,1,3,-1,3,-1
2017930000379,1,9,0,9,0,1,0,0,0,0,3,1,6,1,55,8,1896,2,14,-1,1,-1
2017930000379,2,9,0,13,0,1,0,0,0,0,1,1,6,1,33,6,-1,-1,-1,-1,3,-1
2017930000380,1,9,0,18,0,0,0,0,0,0,1,1,6,2,28,6,1229,1,3,-1,1,-1
2017930000380,2,9,0,3,0,0,0,0,0,0,2,1,6,1,38,7,1364,1,8,-1,1,-1
2017930000380,3,9,0,3,0,0,0,0,0,0,2,1,6,1,25,5,1461,2,-1,-1,3,-1
2017930000381,1,9,0,9,0,8,0,0,0,0,3,1,6,1,58,9,-1,-1,-1,-1,1,-1
2017930000381,2,1,0,18,0,8,5,0,0,0,1,1,6,1,53,8,-1,-1,-1,-1,1,-1
2017930000382,1,9,0,13,0,0,0,0,5,6,3,1,6,1,74,10,1395,1,-1,-1,2,-1
2017930000382,2,9,0,18,0,0,0,0,1,7,3,1,6,1,71,10,1086,1,7,-1,-1,-1
2017930000383,1,9,0,7,0,5,5,0,3,11,1,1,6,2,32,6,1299,1,14,-1,1,-1
2017930000384,1,5,0,16,0,0,5,0,0,0,3,1,6,1,56,9,1043,1,-1,-1,1,-1
2017930000384,2,9,0,18,0,0,0,0,0,0,3,1,6,1,65,9,-1,-1,-1,-1,3,-1
2017930000384,3,9,0,18,0,0,0,0,0,0,1,1,6,2,31,6,1997,2,7,-1,3,-1
2017930000385,1,9,0,18,0,0,0,0,0,0,1,1,2,1,34,6,1398,1,1,-1,3,-1
2017930000385,2,10,0,2,0,0,0,0,0,0,1,1,6,3,-1,-1,2464,2,10,-1,-1,-1
2017930000386,1,9,0,9,0,8,0,0,0,0,1,1,6,2,34,6,1461,2,4,-1,3,-1
2017930000386,2,2,0,18,0,1,5,0,0,0,1,1,6,2,16,4,49,1,-1,-1,1,-1
2017930000387,1,1,0,18,0,2,5,0,0,0,2,1,6,1,15,3,-1,-1,-1,-1,1,-1
2017930000387,2,9,0,18,0,1,0,0,0,0,1,1,6,1,22,5,2143,2,-1,-1,-1,-1
2017930000388,1,9,0,18,0,2,0,0,0,0,1,1,6,1,68,10,1968,2,10,-1,1,-1
2017930000388,2,9,0,18,0,1,0,0,0,0,3,1,6,1,59,9,1910,2,10,-1,1,-1
2017930000390,1,9,0,18,0,2,0,0,0,0,4,1,6,1,46,8,1499,2,-1,-1,1,-1
2017930000390,2,9,0,18,0,1,0,0,0,0,1,1,6,2,23,5,1398,1,1,-1,1,-1
2017930000391,1,9,0,4,0,0,0,0,0,0,1,1,6,2,43,7,1598,1,9,-1,1,-1
2017930000391,2,9,0,4,0,0,0,0,0,0,2,1,6,1,37,7,1998,2,9,-1,1,-1
2017930000392,1,9,0,4,0,0,0,0,0,0,1,1,6,2,26,6,1242,1,-1,-1,1,-1
2017930000392,2,9,0,4,0,0,0,0,0,0,2,1,6,1,52,8,-1,-1,-1,-1,3,-1
2017930000393,1,9,0,4,0,0,0,0,0,0,1,1,6,1,41,7,-1,-1,-1,-1,3,-1
2017930000393,2,19,0,3,0,0,0,0,0,0,2,1,6,1,54,8,1560,2,2,-1,1,-1
2017930000393,3,9,0,3,0,0,0,0,0,0,2,1,6,1,66,10,1956,2,1,-1,1,-1
2017930000393,4,9,0,3,0,0,0,0,0,0,2,1,6,1,33,6,1984,2,4,-1,1,-1
2017930000394,1,9,0,7,0,8,0,0,0,0,1,1,2,1,35,6,1998,1,13,-1,1,-1
2017930000394,2,9,0,18,0,1,0,0,0,0,4,1,1,1,58,9,1560,2,1,-1,3,-1
2017930000395,1,9,0,9,0,8,0,0,0,0,1,1,6,2,53,8,1560,2,7,-1,3,-1
2017930000395,2,9,0,18,0,1,0,0,0,0,1,1,6,2,22,5,1799,1,10,-1,3,-1
2017930000399,1,19,0,9,0,1,0,0,0,0,1,1,1,1,33,6,2198,2,7,-1,1,-1
2017930000399,2,9,0,13,0,1,5,0,7,11,4,1,2,2,50,8,1997,2,2,-1,3,-1
2017930000400,1,9,0,5,0,0,0,0,0,0,1,1,6,1,75,10,-1,-1,-1,-1,1,-1
2017930000400,2,9,0,18,0,0,0,0,0,0,3,1,6,2,36,7,1969,1,1,-1,1,-1
2017930000401,1,9,0,14,0,0,0,0,0,0,1,1,6,2,80,11,1198,1,1,-1,1,-1
2017930000401,2,9,0,2,0,0,0,0,0,0,2,1,3,2,29,6,1596,1,9,-1,1,-1
2017930000402,1,9,0,4,0,1,0,0,0,0,1,1,6,2,19,4,1229,1,3,-1,3,-1
2017930000402,2,9,0,3,0,1,0,0,0,0,2,1,1,1,45,7,1560,2,5,-1,1,-1
2017930000403,1,9,0,9,0,8,0,0,0,0,1,1,6,2,61,9,1329,1,8,-1,3,-1
2017930000403,2,9,0,18,0,2,0,0,0,0,4,1,2,2,51,8,1398,1,-1,-1,2,-1
2017930000404,1,9,0,18,0,0,0,0,0,0,1,1,2,1,68,10,-1,-1,-1,-1,1,-1
2017930000404,2,21,0,18,0,0,0,0,0,0,1,1,1,1,47,8,12902,2,4,3,1,3
2017930000405,1,19,0,4,0,0,1,0,0,0,1,1,1,1,30,6,2143,2,1,-1,1,-1
2017930000405,2,9,0,4,0,0,0,0,0,0,2,1,6,1,65,9,-1,-1,-1,-1,3,-1
2017930000405,3,9,0,4,0,0,0,0,0,0,2,1,6,2,40,7,1339,1,8,-1,3,-1
2017930000406,1,19,0,13,0,0,0,0,0,0,3,1,6,1,24,5,1968,2,8,-1,3,-1
2017930000406,2,9,0,13,0,0,0,0,0,0,4,1,6,1,19,4,-1,-1,-1,-1,1,-1
2017930000406,3,9,3,18,0,0,0,0,0,0,3,1,6,1,55,8,2199,2,2,-1,2,-1
2017930000406,4,9,0,18,0,0,0,0,0,0,0,1,6,2,27,6,3200,1,10,-1,3,-1
2017930000407,1,9,0,4,0,0,0,0,0,0,1,1,6,1,25,5,1362,1,5,-1,1,-1
2017930000407,2,9,0,3,0,0,0,0,0,0,2,1,6,2,41,7,999,1,1,-1,3,-1
2017930000407,3,9,0,3,0,0,0,0,0,0,2,1,6,2,31,6,1968,2,1,-1,1,-1
2017930000408,1,9,0,6,0,8,0,0,0,0,1,1,6,1,19,4,2324,1,15,-1,1,-1
2017930000408,2,5,0,18,0,1,5,0,0,0,1,1,6,1,27,6,999,1,-1,-1,3,-1
2017930000409,1,9,0,17,0,0,0,0,0,0,1,1,6,2,37,7,2148,2,7,-1,1,-1
2017930000409,2,9,0,17,0,0,0,0,0,0,2,1,6,1,57,9,1461,2,4,5,1,5
2017930000409,3,9,0,17,0,0,0,0,0,0,2,1,6,2,42,7,1796,1,10,-1,3,-1
2017930000410,1,9,0,6,0,0,5,0,1,0,3,1,6,2,19,4,998,1,1,-1,3,-1
2017930000410,2,9,0,18,0,0,0,0,0,0,1,1,6,1,28,6,-1,-1,-1,-1,1,-1
2017930000411,1,9,0,16,0,0,0,0,7,11,1,1,2,1,52,8,1991,2,8,-1,3,-1
2017930000411,2,9,0,18,0,0,0,0,0,0,1,1,2,1,28,6,1896,2,14,-1,1,-1
2017930000412,1,9,0,18,0,0,0,0,0,0,1,1,6,1,39,7,1499,2,2,-1,3,-1
2017930000412,2,20,0,3,0,0,0,0,0,0,2,1,1,1,41,7,-1,-1,-1,-1,-1,-1
2017930000412,3,21,0,3,0,0,0,0,0,0,2,1,1,1,31,6,12777,2,1,-1,1,-1
2017930000412,4,20,0,3,0,0,0,0,0,0,4,1,2,1,31,6,-1,-1,-1,-1,-1,-1
2017930000413,1,9,0,18,0,0,0,0,0,0,1,1,6,1,79,11,1461,2,-1,-1,3,-1
2017930000414,1,9,0,9,0,2,0,0,0,0,4,1,6,2,20,4,998,1,1,-1,1,-1
2017930000414,2,19,0,18,0,1,0,0,1,0,1,1,1,1,42,7,2198,2,1,-1,1,-1
2017930000415,1,9,0,18,0,0,5,0,2,0,1,1,6,1,19,4,998,1,1,-1,3,-1
2017930000416,1,9,0,18,0,1,0,0,1,11,1,1,6,2,64,9,1686,2,7,-1,1,-1
2017930000417,1,9,0,18,0,1,0,0,0,0,1,1,6,2,48,8,1998,1,12,-1,1,-1
2017930000418,1,9,0,18,0,0,5,0,2,4,1,1,6,2,22,5,-1,-1,-1,-1,1,-1
2017930000419,1,9,0,4,0,8,1,0,0,0,3,1,6,1,39,7,2993,2,13,-1,3,-1
2017930000419,2,9,0,18,0,1,0,0,0,0,1,1,6,1,44,7,1582,2,10,-1,3,-1
2017930000420,1,9,0,5,0,0,0,0,0,0,2,1,6,1,48,8,2199,2,4,-1,1,-1
2017930000420,2,9,0,18,0,0,0,0,0,0,1,1,6,2,66,10,-1,-1,-1,-1,3,-1
2017930000421,1,9,0,18,0,2,0,0,0,0,1,1,6,3,-1,-1,-1,-1,-1,-1,-1,-1
2017930000421,2,9,0,18,0,1,0,0,0,0,0,1,6,3,-1,-1,-1,-1,-1,-1,-1,-1
2017930000422,1,90,0,5,0,1,0,0,0,0,1,1,6,3,-1,-1,-1,-1,-1,-1,-1,-1
2017930000422,2,9,0,5,0,1,0,0,0,0,1,1,6,2,23,5,1108,1,7,-1,1,-1
2017930000423,1,3,0,18,0,0,5,0,0,0,1,1,6,1,25,5,124,1,2,-1,1,-1
2017930000425,1,9,0,17,0,0,1,0,1,4,1,1,2,1,38,7,1461,2,1,-1,1,-1
2017930000426,1,9,0,4,0,1,0,0,0,0,1,1,6,1,31,6,1998,1,7,-1,1,-1
2017930000426,2,9,0,5,0,1,0,0,0,0,2,1,6,2,39,7,998,1,2,-1,1,-1
2017930000427,1,9,0,18,0,0,0,0,0,0,1,1,6,2,21,5,1242,1,1,-1,1,-1
2017930000428,1,9,0,9,0,1,0,0,0,0,1,1,6,1,34,6,1229,1,8,-1,2,-1
2017930000428,2,9,0,18,0,1,0,0,0,0,1,1,6,2,27,6,-1,-1,-1,-1,2,-1
2017930000429,1,19,0,13,0,0,0,0,0,0,4,1,6,3,-1,-1,-1,-1,-1,-1,-1,-1
2017930000429,2,1,0,18,0,0,5,0,0,0,3,1,6,2,46,8,-1,-1,-1,-1,3,-1
2017930000429,3,1,0,18,0,0,5,0,0,0,3,1,6,1,50,8,-1,-1,-1,-1,1,-1
2017930000430,1,9,0,13,0,0,0,0,1,7,1,1,6,1,25,5,1242,1,3,-1,1,-1
2017930000430,2,19,0,18,0,0,0,0,0,0,2,1,1,1,52,8,2287,2,-1,-1,1,-1
2017930000431,1,19,0,18,0,8,0,0,2,11,1,1,6,1,22,5,2143,2,1,-1,1,-1
2017930000431,2,9,0,18,0,1,0,0,0,0,1,1,6,1,52,8,1796,1,8,-1,1,-1
2017930000431,3,9,0,2,0,2,0,0,0,0,2,1,6,2,58,9,1598,1,8,-1,1,-1
2017930000432,1,19,0,18,0,0,0,0,0,0,1,1,1,1,35,6,1248,2,5,-1,1,-1
2017930000433,1,9,0,18,0,0,0,0,1,6,1,1,6,1,78,11,1339,8,6,-1,3,-1
2017930000433,2,19,0,18,0,0,0,0,0,0,1,1,1,1,42,7,1995,2,1,-1,1,-1
2017930000433,3,21,4,18,0,0,0,0,0,0,3,1,1,1,60,9,16400,2,3,7,2,7
2017930000435,1,9,0,9,0,1,0,0,0,0,1,-1,1,1,30,6,-1,-1,-1,-1,-1,-1
2017930000435,2,9,0,18,0,1,0,0,0,0,3,1,1,2,55,8,1461,2,2,-1,2,-1
2017930000436,1,9,0,18,0,0,0,0,0,0,1,1,6,1,33,6,1968,2,2,-1,3,-1
2017930000436,2,9,0,4,0,0,0,0,0,0,2,1,6,1,40,7,1596,1,8,-1,3,-1
2017930000437,1,9,0,4,0,0,5,0,2,11,1,1,6,2,67,10,1398,1,7,-1,1,-1
2017930000437,2,9,0,3,0,0,0,0,0,0,2,1,3,2,52,8,1995,2,3,-1,3,-1
2017930000437,3,9,0,3,0,0,0,0,0,0,2,1,3,2,26,6,1984,1,1,-1,1,-1
2017930000438,1,9,0,18,0,0,0,0,0,0,1,1,6,1,17,4,1242,1,5,-1,3,-1
2017930000439,1,21,0,18,0,0,0,0,0,0,1,1,1,1,47,8,5132,2,1,2,1,2
2017930000439,2,9,0,3,0,0,0,0,1,0,2,1,6,2,77,11,1198,1,-1,-1,3,-1
2017930000439,3,9,0,3,0,0,0,0,0,0,2,1,6,1,36,7,-1,-1,-1,-1,3,-1
2017930000439,4,9,0,3,0,0,0,0,0,0,2,1,6,1,66,10,1560,2,3,-1,1,-1
2017930000440,1,9,0,16,0,0,1,0,7,4,4,1,6,1,36,7,1587,1,13,-1,3,-1
2017930000441,1,9,0,17,0,0,2,0,2,0,4,1,6,2,24,5,1796,1,11,-1,2,-1
2017930000442,1,9,0,18,0,0,0,0,0,0,1,1,6,1,49,8,1895,1,18,-1,1,-1
2017930000443,1,19,4,2,0,0,0,0,0,0,1,1,1,1,69,10,2402,2,9,-1,1,-1
2017930000443,2,9,0,18,0,0,0,0,0,0,1,1,6,1,48,8,1968,2,2,-1,3,-1
2017930000444,1,19,0,1,0,0,0,0,0,0,2,1,6,1,55,8,2148,2,11,-1,1,-1
2017930000445,1,9,0,18,0,2,0,0,0,0,3,1,1,1,64,9,1598,2,1,-1,1,-1
2017930000446,1,9,0,9,0,1,0,0,4,6,4,1,6,1,63,9,1598,1,7,-1,1,-1
2017930000446,2,9,0,18,0,1,0,0,1,0,1,1,6,1,49,8,2179,2,3,-1,1,-1
2017930000447,1,19,0,18,0,0,0,0,0,0,1,1,1,1,24,5,2143,2,2,-1,1,-1
2017930000447,2,9,0,18,0,0,0,0,0,0,1,1,6,2,19,4,1199,1,14,-1,3,-1
2017930000447,3,9,0,18,0,0,0,0,0,0,1,1,6,1,52,8,-1,-1,-1,-1,1,-1
2017930000449,1,9,0,9,0,2,0,0,0,0,4,1,6,1,28,6,1198,1,15,-1,1,-1
2017930000449,2,9,0,18,0,1,0,0,0,0,3,1,6,1,25,5,1242,1,14,-1,2,-1
2017930000450,1,90,0,18,0,0,0,0,0,0,3,1,6,3,-1,-1,-1,-1,-1,-1,-1,-1
2017930000450,2,9,0,18,0,0,0,0,0,0,3,1,6,1,47,8,-1,-1,-1,-1,2,-1
2017930000451,1,9,0,18,0,0,0,0,0,0,1,1,6,3,-1,-1,-1,-1,-1,-1,-1,-1
2017930000451,2,1,0,18,0,0,0,0,0,0,1,1,6,1,17,4,-1,-1,-1,-1,1,-1
2017930000452,1,9,0,16,0,0,1,0,8,3,3,1,6,1,40,7,1362,1,6,-1,3,-1
2017930000454,1,9,0,18,0,2,0,0,0,0,4,1,6,2,38,7,1598,2,4,-1,1,-1
2017930000455,1,9,0,9,0,8,0,0,0,0,3,1,6,1,22,5,1984,1,14,-1,-1,-1
2017930000455,2,1,0,18,0,1,5,0,0,0,1,1,6,1,33,6,-1,-1,-1,-1,1,-1
2017930000457,1,9,0,17,0,0,1,0,0,0,1,1,6,2,21,5,1390,1,5,-1,3,-1
2017930000457,2,9,0,16,0,0,0,0,0,0,1,1,6,2,50,8,1461,2,2,-1,3,-1
2017930000458,1,9,0,18,0,0,0,0,0,0,1,1,6,1,56,9,1598,2,6,-1,3,-1
2017930000458,2,19,0,3,0,0,0,0,0,0,2,1,6,1,39,7,1998,2,11,-1,1,-1
2017930000459,1,19,0,18,0,0,0,0,1,11,1,1,1,1,22,5,2143,2,2,-1,3,-1
2017930000460,1,19,0,4,0,0,0,4,0,0,1,1,1,1,38,7,1968,2,1,-1,1,-1
2017930000460,2,21,0,2,0,0,0,0,0,0,2,1,1,1,27,6,12130,2,12,-1,3,-1
2017930000461,1,9,0,1,0,1,0,0,0,0,2,1,6,1,61,9,1991,2,11,-1,2,-1
2017930000462,1,9,0,18,0,0,2,0,1,11,4,1,6,1,24,5,998,1,6,-1,2,-1
2017930000463,1,9,0,14,0,0,0,0,0,0,4,1,6,2,32,6,1390,1,13,-1,3,-1
2017930000464,1,9,0,4,0,1,1,0,0,0,3,1,2,1,25,5,1149,1,15,-1,1,-1
2017930000464,2,19,0,18,0,1,0,0,0,0,1,1,4,1,44,7,1996,2,4,-1,-1,-1
2017930000465,1,5,0,16,0,0,1,0,0,0,0,1,6,1,22,5,798,1,-1,-1,3,-1
2017930000466,1,9,0,18,0,0,0,0,0,0,4,1,6,1,26,6,898,1,3,-1,3,-1
2017930000466,2,9,0,18,0,0,0,0,0,0,4,1,2,2,56,9,998,1,4,-1,3,-1
2017930000467,1,19,0,1,0,0,0,0,0,0,2,1,6,2,43,7,2198,2,3,-1,3,-1
2017930000468,1,9,0,16,0,0,0,0,0,0,1,1,6,2,58,9,996,1,4,-1,2,-1
2017930000468,2,19,0,17,0,0,0,0,0,0,1,1,1,1,61,9,2287,2,3,-1,3,-1
2017930000470,1,9,0,14,0,0,0,0,0,0,4,1,6,3,-1,-1,1560,2,6,-1,-1,-1
2017930000471,1,19,0,18,0,0,0,0,0,0,1,1,6,1,37,7,-1,-1,-1,-1,3,-1
2017930000471,2,9,0,18,0,0,0,11,4,6,1,1,6,1,71,10,1386,1,8,-1,2,-1
2017930000472,1,9,0,18,0,0,1,0,1,11,1,1,6,2,42,7,1461,2,7,-1,3,-1
2017930000473,1,9,0,18,0,0,0,0,0,0,3,1,6,3,-1,-1,-1,-1,-1,-1,-1,-1
2017930000A39,1,9,0,18,0,0,0,0,0,0,0,1,6,2,58,9,999,1,2,-1,3,-1
2017930000A90,1,9,0,4,0,0,0,0,0,0,1,1,6,1,45,7,1999,1,10,-1,2,-1
2017930000A90,2,9,0,4,0,0,0,0,0,0,2,1,6,2,42,7,2400,2,3,-1,3,-1