Accident_Index,Vehicle_Reference,Vehicle_Type,Towing_and_Articulation,Vehicle_Manoeuvre,Vehicle_Location-Restricted_Lane,Junction_Location,Skidding_and_Overturning,Hit_Object_in_Carriageway,Vehicle_Leaving_Carriageway,Hit_Object_off_Carriageway,1st_Point_of_Impact,Was_Vehicle_Left_Hand_Drive?,Journey_Purpose_of_Driver,Sex_of_Driver,Age_of_Driver,Age_Band_of_Driver,Engine_Capacity_(CC),Propulsion_Code,Age_of_Vehicle,Driver_IMD_Decile,Driver_Home_Area_Type,Vehicle_IMD_Decile
201793STS0010,1,21,1,16,0,0,3,0,0,0,2,1,1,1,37,7,12777,2,4,-1,1,-1
201793STS0010,2,9,0,17,0,0,0,0,1,0,1,1,6,2,43,7,1149,1,15,-1,3,-1
201793STS0012,1,9,0,9,0,8,0,0,0,0,1,1,6,2,23,5,1398,1,1,-1,1,-1
201793STS0012,2,9,0,18,0,8,0,0,0,0,1,1,6,2,26,6,1248,1,5,-1,2,-1
201793STS0012,3,9,0,2,0,1,0,0,0,0,1,1,6,1,38,7,1798,8,-1,-1,1,-1
201793STS0013,1,9,0,9,0,1,0,0,0,0,4,1,6,1,19,4,998,1,1,-1,1,-1
201793STS0013,2,1,0,18,0,1,5,0,0,0,1,1,6,1,53,8,-1,-1,-1,-1,1,-1
201793STS0016,1,9,0,18,0,0,2,0,2,11,4,1,6,1,36,7,1896,2,13,-1,3,-1
201793STS0028,1,9,0,9,0,8,0,0,0,0,1,1,6,1,26,6,1499,1,1,-1,1,-1
201793STS0028,2,9,0,18,0,1,0,0,0,0,4,1,6,2,71,10,-1,-1,-1,-1,1,-1
201793STS0029,1,9,0,18,0,0,5,0,0,0,1,1,6,1,77,11,-1,-1,-1,-1,1,-1
201793STS0029,2,9,0,2,0,0,0,0,0,0,2,1,1,2,36,7,1598,2,1,-1,1,-1
201793STS0032,1,9,0,18,0,0,0,0,5,6,3,1,6,2,24,5,1349,1,7,-1,1,-1
201793STS0034,1,9,0,18,0,0,0,0,8,10,1,1,6,1,27,6,1229,1,11,-1,2,-1
201793STS0034,2,9,0,2,0,0,0,0,0,0,2,1,6,3,-1,-1,1461,2,5,-1,-1,-1
201793STS0038,1,9,0,18,0,0,2,0,1,11,1,1,1,1,36,7,998,1,4,-1,3,-1
201793STS0039,1,9,0,9,0,1,0,0,0,0,4,1,6,2,43,7,1149,1,3,-1,1,-1
201793STS0039,2,1,0,18,0,1,0,0,0,0,1,1,6,2,51,8,-1,-1,-1,-1,1,-1
201793STS0040,1,9,0,9,0,8,0,0,0,0,0,1,6,3,-1,-1,-1,-1,-1,-1,-1,-1
201793STS0040,2,11,0,18,0,1,0,0,0,0,0,1,1,2,61,9,7300,2,11,-1,1,-1
201793STS0045,1,9,0,1,0,2,0,0,0,0,2,1,6,1,44,7,-1,-1,-1,-1,1,-1
201793STS0046,1,9,0,9,0,8,0,0,0,0,1,1,1,1,34,6,1389,1,12,-1,1,-1
201793STS0046,2,9,0,9,0,8,0,0,0,0,3,1,2,2,44,7,1398,1,4,-1,1,-1
201793STS0050,1,9,0,16,0,0,1,0,1,4,1,1,6,1,28,6,1994,1,17,-1,3,-1
201793STS0055,1,9,0,9,0,8,0,0,0,0,1,1,6,2,77,11,998,1,3,-1,3,-1
201793STS0055,2,9,0,18,0,1,0,0,0,0,1,1,6,1,70,10,1598,2,3,-1,1,-1
201793STS0060,1,9,0,18,0,0,0,0,0,0,4,1,6,3,-1,-1,-1,-1,-1,-1,-1,-1
201793STS0065,1,9,0,9,0,1,0,0,0,0,1,1,6,2,69,10,1798,1,11,-1,3,-1
201793STS0065,2,9,0,18,0,1,0,0,0,0,1,1,6,2,53,8,1198,1,6,-1,2,-1
201793STS0072,1,1,0,18,0,0,5,0,0,0,1,1,4,1,17,4,-1,-1,-1,-1,1,-1
201793STS0072,2,9,0,1,0,0,0,0,0,0,3,1,3,2,36,7,1995,2,2,-1,1,-1
201793STS0075,1,9,0,14,0,0,0,0,0,0,1,1,6,2,87,11,1229,1,3,-1,2,-1
201793STS0075,2,19,0,2,0,0,0,0,0,0,2,1,1,1,47,8,1598,2,2,-1,2,-1
201793STS0089,1,9,0,16,0,0,0,0,0,0,1,1,6,1,29,6,2143,2,-1,-1,1,-1
201793STS0089,2,9,0,17,0,0,0,0,0,0,1,1,6,1,43,7,-1,-1,-1,-1,3,-1
201793STS0090,1,9,0,16,0,0,0,0,0,0,1,1,6,1,21,5,1598,1,9,-1,2,-1
201793STS0090,2,9,0,18,0,0,0,0,0,0,1,1,6,1,22,5,1598,1,4,-1,1,-1
201793STS0091,1,9,0,18,0,8,0,0,0,0,1,1,6,2,78,11,1329,1,6,-1,1,-1
201793STS0091,2,9,0,18,0,1,0,0,0,0,1,1,6,2,58,9,1248,1,4,-1,3,-1
201793STS0092,1,9,0,18,0,0,0,0,4,1,1,1,6,1,45,7,998,1,3,-1,1,-1
201793STS0096,1,9,0,18,0,0,0,0,0,0,1,1,1,1,58,9,998,1,1,-1,1,-1
201793STS0096,2,9,0,2,0,0,0,0,0,0,2,1,6,1,33,6,1240,1,12,-1,1,-1
201793STS0103,1,9,0,18,0,0,0,0,2,0,1,1,6,1,28,6,-1,-1,-1,-1,1,-1
201793STS0103,2,9,0,3,0,0,0,0,2,0,4,1,6,1,67,10,1197,1,1,-1,-1,-1
201793STS0103,3,9,0,3,0,0,0,0,0,0,4,1,6,1,64,9,1248,1,2,-1,-1,-1
201793STS0103,4,9,0,3,0,0,0,0,0,0,4,1,6,1,78,11,1318,1,1,-1,-1,-1
201793STS0104,1,20,0,18,0,0,0,0,0,0,1,1,1,1,34,6,-1,-1,-1,-1,3,-1
201793STS0104,2,9,0,18,0,0,0,0,0,0,2,1,1,1,33,6,2143,2,1,-1,3,-1
201793STS0117,1,9,0,4,0,1,0,0,0,0,1,1,6,1,-1,-1,-1,-1,-1,-1,-1,-1
201793STS0117,2,9,0,3,0,1,0,0,0,0,2,1,1,2,25,5,-1,-1,-1,-1,1,-1
201793STS0126,1,9,0,18,0,1,0,0,0,0,4,1,1,2,36,7,998,1,10,-1,1,-1
201793STS0132,1,9,0,18,0,0,0,0,0,0,3,1,6,1,28,6,1360,1,10,-1,1,-1
201793STS0132,2,9,0,18,0,0,0,0,0,0,3,1,6,1,39,7,1560,2,-1,-1,-1,-1
201793STS0155,1,9,0,16,0,0,2,0,2,0,4,1,6,2,19,4,1149,1,5,-1,3,-1
201793STS0177,1,9,0,17,0,0,0,0,2,11,1,1,6,2,21,5,1229,1,10,-1,2,-1
201793STS0434,1,5,0,17,0,0,5,0,0,0,1,1,6,1,25,5,-1,-1,-1,-1,1,-1
201793STS0434,2,9,0,16,0,0,5,0,0,0,1,1,6,1,79,11,1598,2,4,-1,1,-1
201793STS0456,1,20,0,4,0,0,0,0,0,0,1,1,6,1,32,6,-1,-1,-1,-1,2,-1
201793STS0456,2,20,0,4,0,0,0,0,0,0,2,1,6,1,29,6,-1,-1,-1,-1,3,-1
201793STS0456,3,20,0,4,0,0,0,0,0,0,2,1,6,1,52,8,-1,-1,-1,-1,2,-1
201793STS0456,4,20,0,4,0,0,0,0,0,0,2,1,6,1,48,8,-1,-1,-1,-1,2,-1
2017940000448,1,5,0,11,0,0,5,0,0,0,1,1,6,1,27,6,750,1,20,-1,1,-1
2017940000448,2,9,0,18,0,0,0,0,0,0,3,1,6,1,55,8,-1,-1,-1,-1,2,-1
2017940000448,3,9,0,18,0,0,0,0,0,0,4,1,6,2,52,8,-1,-1,-1,-1,1,-1
2017941700013,1,9,0,17,0,0,0,0,0,0,1,1,6,1,36,7,1753,2,11,-1,3,-1
2017941700013,2,9,0,16,0,0,0,0,0,0,2,1,6,2,21,5,1242,1,15,-1,2,-1
2017941700018,1,9,0,9,0,8,0,0,0,0,1,1,2,1,54,8,1560,2,8,-1,1,-1
2017941700018,2,9,0,12,0,4,0,0,0,0,3,1,2,2,29,6,998,1,6,-1,1,-1
2017941700026,1,9,0,14,0,2,0,0,0,0,4,1,6,2,63,9,2179,2,3,-1,3,-1
2017941700028,1,9,0,18,0,0,0,0,0,0,4,1,6,1,72,10,1995,2,-1,-1,3,-1
2017941700028,2,9,0,18,0,0,0,0,0,0,4,1,6,2,53,8,1560,2,4,-1,2,-1
2017941700028,3,9,0,2,0,0,0,0,0,0,4,1,6,1,53,8,2435,1,17,-1,2,-1
2017941700030,1,9,0,18,0,0,0,0,0,0,0,1,6,3,-1,-1,-1,-1,-1,-1,-1,-1
2017941700031,1,9,0,9,0,6,0,0,0,0,1,1,6,2,36,7,998,1,17,-1,1,-1
2017941700031,2,9,0,18,0,8,0,0,0,0,4,1,6,2,31,6,1206,1,4,-1,-1,-1
2017941700041,1,9,0,18,0,0,0,4,0,0,1,1,6,1,21,5,998,1,5,-1,1,-1
2017941700041,2,9,0,2,0,0,0,0,0,0,2,1,2,2,22,5,1242,1,5,-1,3,-1
2017941700048,1,9,0,16,0,0,2,10,1,11,4,1,6,1,21,5,1390,1,9,-1,3,-1
2017941700049,1,9,0,16,0,0,2,0,1,1,1,1,6,1,26,6,-1,-1,-1,-1,1,-1
2017941700052,1,9,0,16,0,1,0,0,1,7,1,1,6,1,33,6,-1,-1,-1,-1,1,-1
2017941700053,1,9,0,4,0,0,0,0,0,0,1,1,6,1,27,6,1390,1,15,-1,1,-1
2017941700053,2,9,0,18,0,0,0,0,0,0,2,1,6,1,40,7,1796,1,14,-1,1,-1
2017941700055,1,19,0,18,0,0,0,0,0,0,1,1,1,2,42,7,2198,2,5,-1,2,-1
2017941700057,1,9,0,7,0,8,0,0,0,0,1,1,6,1,54,8,1461,2,11,-1,3,-1
2017941700057,2,9,0,18,0,8,0,0,0,0,4,1,2,2,38,7,1995,2,3,-1,1,-1
2017941700058,1,5,0,18,0,3,0,0,0,0,3,1,6,1,24,5,749,1,3,-1,1,-1
2017941700063,1,21,0,7,0,8,0,0,0,0,3,1,1,1,43,7,4764,2,4,-1,2,-1
2017941700063,2,9,0,18,0,8,0,0,0,0,4,1,6,2,68,10,1318,1,1,-1,1,-1
2017941700064,1,9,0,18,0,0,0,0,0,0,4,1,6,1,74,10,1242,1,3,-1,3,-1
2017941700067,1,9,0,13,0,0,0,0,0,0,1,1,2,2,24,5,1086,1,8,-1,1,-1
2017941700067,2,19,0,2,0,0,0,0,0,0,2,1,6,1,50,8,-1,-1,-1,-1,1,-1
2017941700068,1,9,0,18,0,2,0,4,0,0,1,1,6,2,25,5,1590,1,14,-1,1,-1
2017941700068,2,9,0,2,0,2,0,0,2,11,2,1,6,3,40,7,1388,1,1,-1,-1,-1
2017941700074,1,9,0,18,0,0,0,0,7,7,1,1,6,1,27,6,1997,2,14,-1,1,-1
2017941700084,1,9,0,3,0,1,0,0,0,0,2,1,2,1,30,6,1598,1,11,-1,1,-1
2017941700084,2,5,0,5,0,4,0,0,0,0,1,1,2,1,39,7,599,1,11,-1,1,-1
2017941700093,1,9,0,18,0,1,0,0,0,0,4,1,6,1,17,4,1242,1,3,-1,1,-1
2017941700094,1,19,0,9,0,2,0,0,0,0,1,1,1,1,48,8,2187,2,14,-1,2,-1
2017941700094,2,9,0,11,0,3,0,0,0,0,4,1,6,2,24,5,1598,1,18,-1,1,-1
2017941700100,1,9,0,9,0,6,0,0,0,0,3,1,6,1,68,10,1461,2,3,-1,1,-1
2017941700100,2,1,0,17,0,8,5,0,0,0,2,1,2,1,42,7,-1,-1,-1,-1,3,-1
2017941700102,1,9,0,18,0,3,0,0,0,0,1,1,6,1,64,9,1997,2,2,-1,1,-1
2017941700102,2,9,0,7,0,3,0,0,0,0,2,1,6,1,52,8,1984,1,8,-1,1,-1
2017941700103,1,9,0,18,0,0,0,4,0,0,1,1,6,1,50,8,-1,-1,-1,-1,-1,-1
2017941700103,2,9,0,2,0,0,0,0,0,0,2,1,6,2,25,5,1388,1,15,-1,1,-1
2017941700105,1,9,0,16,0,0,1,0,7,11,1,1,2,1,42,7,1783,1,14,-1,1,-1
2017941700107,1,9,0,18,0,0,0,0,0,0,1,1,6,1,18,4,1560,2,1,-1,1,-1
2017941700109,1,19,0,9,0,2,0,0,0,0,1,1,1,1,50,8,1598,2,2,-1,1,-1
2017941700113,1,9,0,17,0,0,0,0,0,0,1,1,1,2,43,7,1984,2,5,-1,3,-1
2017941700113,2,9,0,16,0,0,0,0,0,0,1,1,1,2,24,5,998,1,2,-1,1,-1
2017941700114,1,20,0,18,0,1,0,0,0,0,1,1,1,1,29,6,2148,2,9,-1,2,-1
2017941700114,2,9,0,4,0,1,0,0,0,0,2,1,6,2,53,8,998,1,2,-1,1,-1
2017941700116,1,9,0,18,0,1,0,0,0,0,1,1,2,2,26,6,1368,1,10,-1,1,-1
2017941700116,2,9,0,18,0,1,0,0,0,0,2,1,6,2,63,9,1242,1,3,-1,1,-1
2017941700119,1,9,0,16,0,0,1,0,1,3,1,1,2,1,20,4,1124,1,16,-1,2,-1
2017941700120,1,9,0,18,0,0,0,0,0,0,1,1,6,1,59,9,1388,1,14,-1,1,-1
2017941700120,2,11,0,4,0,0,0,0,0,0,2,1,1,1,61,9,12000,2,8,-1,1,-1
2017941700124,1,9,0,18,0,1,0,0,0,0,1,1,6,1,40,7,-1,-1,-1,-1,2,-1
2017941700124,2,9,0,3,0,1,0,0,0,0,2,1,1,2,28,6,1200,1,1,-1,2,-1
2017941700124,3,9,0,3,0,1,0,0,0,0,2,1,6,1,27,6,-1,-1,-1,-1,1,-1
2017941700124,4,9,0,3,0,1,0,0,0,0,2,1,6,1,26,6,2143,2,1,-1,1,-1
2017941700128,1,9,0,5,0,8,0,0,0,0,1,1,6,1,23,5,2494,1,16,-1,-1,-1
2017941700130,1,9,0,7,0,6,0,0,0,0,1,1,6,1,21,5,-1,-1,-1,-1,3,-1
2017941700130,2,9,0,18,0,8,0,0,0,0,4,1,6,1,37,7,2000,1,10,-1,2,-1
2017941700131,1,9,0,9,0,8,0,0,0,0,1,1,6,2,23,5,1991,2,8,-1,1,-1
2017941700131,2,8,0,18,0,8,0,0,0,0,1,1,1,1,50,8,1968,2,2,-1,1,-1
2017941700133,1,9,0,13,0,0,2,0,1,11,1,1,6,1,26,6,1598,1,12,-1,1,-1
2017941700133,2,9,0,18,0,0,0,0,0,0,1,1,6,2,67,10,1597,2,3,-1,3,-1
2017941700133,3,9,0,18,0,0,0,0,0,0,2,1,6,1,60,9,1997,2,2,-1,2,-1
2017941700136,1,9,0,18,0,0,1,0,1,2,1,1,6,2,29,6,1596,1,12,-1,1,-1
2017941700138,1,9,0,9,0,1,0,0,0,0,0,1,6,3,-1,-1,-1,-1,-1,-1,-1,-1
2017941700138,2,9,0,18,0,1,0,0,0,0,1,1,6,1,61,9,1598,1,14,-1,3,-1
2017941700138,3,9,0,18,0,1,1,0,0,0,2,1,6,2,58,9,1390,1,13,-1,1,-1
2017941700139,1,9,0,4,0,1,0,0,0,0,1,1,6,2,24,5,1910,2,9,-1,1,-1
2017941700139,2,9,0,3,0,1,0,0,0,0,2,1,6,1,34,6,1995,2,3,-1,3,-1
2017941700141,1,9,0,5,0,8,0,0,0,0,3,1,6,1,20,4,1781,1,26,-1,1,-1
2017941700141,2,1,0,18,0,8,0,0,0,0,4,1,6,1,55,8,-1,-1,-1,-1,1,-1
2017941700145,1,9,0,13,0,2,0,0,1,1,4,1,6,1,31,6,1399,2,15,-1,1,-1
2017941700145,2,11,0,5,0,2,0,0,0,0,3,1,1,1,25,5,6696,2,3,-1,1,-1
2017941700146,1,9,0,18,0,2,0,0,0,0,1,1,6,1,79,11,1598,1,4,-1,1,-1
2017941700146,2,9,0,2,0,2,0,0,0,0,2,1,3,1,39,7,1896,2,14,-1,1,-1
2017941700146,3,9,0,2,0,2,0,0,0,0,2,1,3,1,48,8,2793,1,18,-1,1,-1
2017941700155,1,9,0,18,0,8,0,0,0,0,4,1,6,1,69,10,1910,2,7,-1,3,-1
2017941700155,2,1,0,4,0,8,0,0,0,0,1,1,6,1,47,8,-1,-1,-1,-1,1,-1
2017941700157,1,9,0,18,0,0,0,0,0,0,1,1,6,2,52,8,1896,2,16,-1,1,-1
2017941700157,2,9,0,4,0,0,0,0,0,0,2,1,6,2,32,6,1364,1,9,-1,3,-1
2017941700159,1,9,0,18,0,2,0,0,0,0,1,1,6,1,28,6,1968,2,6,-1,3,-1
2017941700160,1,9,0,17,0,0,0,0,2,-1,4,1,6,1,34,6,1968,2,4,-1,2,-1
2017941700162,1,9,0,5,0,4,0,0,0,0,1,1,6,1,89,11,1398,1,5,-1,3,-1
2017941700162,2,8,0,18,0,8,0,0,0,0,4,1,1,1,53,8,1598,2,4,-1,1,-1
2017941700163,1,9,0,17,0,1,2,0,1,11,1,1,6,1,22,5,1199,1,16,-1,1,-1
2017941700163,2,9,0,18,0,1,0,0,0,0,2,1,6,2,19,4,1197,1,4,-1,3,-1
2017941700164,1,9,0,15,0,0,0,0,5,6,1,1,6,1,39,7,1598,1,14,-1,1,-1
2017941700164,2,9,0,18,0,0,0,0,0,0,0,1,2,1,52,8,1995,2,1,-1,1,-1
2017941700170,1,9,0,9,0,8,0,0,0,0,1,1,6,1,30,6,1975,1,12,-1,3,-1
2017941700170,2,1,0,18,0,8,0,0,0,0,2,1,6,2,62,9,-1,-1,-1,-1,3,-1
2017941700172,1,9,0,18,0,0,0,0,7,0,4,1,6,1,57,9,2993,2,8,-1,3,-1
2017941700172,2,9,0,18,0,0,0,0,7,0,4,1,6,1,24,5,1398,1,2,-1,3,-1
2017941700173,1,4,0,18,0,1,0,0,0,0,1,1,6,1,24,5,125,1,2,-1,-1,-1
2017941700173,2,9,0,10,0,1,0,0,0,0,1,1,6,1,58,9,-1,-1,-1,-1,1,-1
2017941700175,1,9,0,1,0,2,0,0,0,0,2,1,6,1,25,5,-1,-1,-1,-1,-1,-1
2017941700176,1,9,0,18,0,2,2,10,7,11,1,1,1,1,61,9,1598,2,3,-1,1,-1
2017941700179,1,9,0,18,0,2,0,0,0,0,1,1,6,1,17,4,998,1,4,-1,1,-1
2017941700181,1,9,0,5,0,0,0,0,6,0,1,1,6,1,53,8,2967,2,5,-1,1,-1
2017941700181,2,9,0,18,0,0,1,0,0,0,1,1,6,1,71,10,998,1,7,-1,1,-1
2017941700181,3,9,0,18,0,0,2,0,6,0,1,1,6,1,32,6,1998,1,8,-1,1,-1
2017941700181,4,9,0,2,0,0,0,0,0,0,2,1,6,1,19,4,1956,2,4,-1,3,-1
2017941700183,1,9,0,9,0,8,0,0,0,0,4,1,6,1,48,8,1368,1,4,-1,3,-1
2017941700183,2,3,0,18,0,8,0,0,0,0,1,1,6,1,16,4,-1,-1,-1,-1,3,-1
2017941700186,1,9,4,18,0,0,0,0,0,0,0,1,6,1,76,11,1956,2,2,-1,1,-1
2017941700186,2,9,0,18,0,0,0,11,0,0,1,1,3,1,48,8,1598,1,12,-1,1,-1
2017941700187,1,11,0,18,0,1,0,0,0,0,1,1,1,1,24,5,9000,2,5,-1,2,-1
2017941700187,2,19,0,10,0,1,0,0,0,0,2,1,1,1,40,7,-1,-1,-1,-1,1,-1
2017941700188,1,9,0,17,0,0,5,0,1,0,1,1,6,2,27,6,1910,2,10,-1,1,-1
2017941700190,1,9,0,18,0,4,0,0,0,0,1,1,6,3,-1,-1,-1,-1,-1,-1,-1,-1
2017941700190,2,1,0,18,0,3,0,0,0,0,2,1,6,1,37,7,-1,-1,-1,-1,1,-1
2017941700202,1,9,0,18,0,1,0,0,1,0,1,1,6,1,28,6,1896,2,13,-1,1,-1
2017941700203,1,9,0,17,0,0,1,0,0,0,3,1,6,3,-1,-1,-1,-1,-1,-1,-1,-1
2017941700203,2,9,0,16,0,0,1,0,0,0,3,1,2,2,19,4,998,1,11,-1,1,-1
2017941700204,1,9,0,18,0,0,0,0,0,0,1,-1,6,3,-1,-1,-1,-1,-1,-1,-1,-1
2017941700204,2,9,0,3,0,0,0,0,0,0,2,1,6,1,19,4,1229,1,4,-1,1,-1
2017941700204,3,9,0,3,0,0,0,0,0,0,2,1,6,3,-1,-1,-1,-1,-1,-1,-1,-1
2017941700206,1,9,0,9,0,6,0,0,0,0,0,1,6,1,65,9,2616,1,13,-1,3,-1
2017941700206,2,5,0,18,0,1,0,0,0,0,0,1,6,1,54,8,747,1,18,-1,3,-1
2017941700207,1,9,0,18,0,4,0,0,0,0,1,1,6,1,49,8,1995,2,10,-1,1,-1
2017941700207,2,9,0,18,0,8,0,0,0,0,1,1,6,1,30,6,1596,1,22,-1,1,-1
2017941700208,1,-1,0,18,0,2,1,0,0,0,1,1,1,1,38,7,-1,-1,-1,-1,3,-1
2017941700209,1,9,0,13,0,0,0,0,0,0,4,1,6,1,80,11,1198,1,11,-1,1,-1
2017941700209,2,1,0,18,0,0,0,0,0,0,2,1,6,1,21,5,-1,-1,-1,-1,1,-1
2017941700210,1,9,0,12,0,0,0,0,0,0,3,1,6,1,45,7,1560,2,5,-1,3,-1
2017941700210,2,5,0,18,0,0,0,0,0,0,4,1,6,1,38,7,124,1,1,-1,1,-1
2017941700211,1,5,0,18,0,0,0,0,0,0,3,1,6,1,28,6,1584,1,11,-1,3,-1
2017941700211,2,9,0,3,0,0,0,0,0,0,0,1,6,2,52,8,998,1,8,-1,2,-1
2017941700214,1,9,0,18,0,0,0,0,0,0,1,1,6,1,36,7,2143,2,3,-1,-1,-1
2017941700214,2,9,0,18,0,0,0,0,0,0,2,1,6,1,35,6,1995,2,13,-1,1,-1
2017941700214,3,9,0,18,0,0,0,0,0,0,3,1,2,1,32,6,-1,-1,-1,-1,1,-1
2017941700215,1,9,0,16,0,0,2,0,1,10,4,1,6,1,31,6,1896,2,15,-1,-1,-1
2017941700217,1,9,0,18,0,8,0,10,1,0,1,1,6,1,65,9,1396,1,6,-1,-1,-1
2017941700217,2,9,0,8,0,1,0,0,0,0,3,1,6,2,50,8,1560,2,8,-1,1,-1
2017941700220,1,9,0,18,0,0,0,0,2,11,4,1,2,1,48,8,1796,1,9,-1,2,-1
2017941700229,1,19,0,14,0,0,0,0,0,0,1,1,1,1,26,6,2198,2,5,9,1,9
2017941700229,2,9,0,17,0,0,0,0,0,0,1,1,1,1,40,7,2199,2,5,-1,1,-1
2017941700236,1,5,0,13,0,0,1,0,0,0,1,1,6,1,45,7,998,1,9,-1,1,-1
2017941700236,2,20,0,18,0,0,0,0,0,0,2,1,1,1,36,7,-1,-1,-1,-1,1,-1
2017941700239,1,19,0,16,0,0,0,0,0,0,4,1,2,1,44,7,2402,2,9,-1,1,-1
2017941700241,1,3,0,16,0,0,0,0,7,9,0,1,2,1,33,6,124,1,17,-1,1,-1
2017941700242,1,9,0,18,0,3,0,10,1,2,1,1,6,1,17,4,875,1,5,-1,1,-1
2017941700243,1,9,0,16,0,1,2,10,1,7,1,1,6,1,32,6,1396,1,13,-1,2,-1
2017941700244,1,5,0,12,0,0,0,0,0,0,1,1,6,1,49,8,1063,1,14,-1,3,-1
2017941700244,2,9,0,4,0,0,0,0,0,0,2,1,6,2,33,6,1598,2,1,-1,1,-1
2017941700245,1,11,0,3,0,1,0,0,0,0,1,1,1,2,57,9,10838,2,2,-1,1,-1
2017941700245,2,9,0,8,0,1,0,0,0,0,4,1,6,1,40,7,1582,2,4,-1,1,-1
2017941700246,1,9,0,17,0,0,0,0,0,0,1,1,1,2,47,8,1560,2,3,-1,3,-1
2017941700246,2,9,0,17,0,0,0,0,0,0,3,1,6,1,61,9,1398,1,1,-1,1,-1
2017941700246,3,9,0,17,0,0,0,0,1,11,1,1,6,2,63,9,-1,-1,-1,3,3,3
2017941700247,1,9,0,5,0,4,0,0,0,0,1,1,2,2,62,9,1398,1,7,-1,2,-1
2017941700247,2,1,0,18,0,8,0,0,0,0,2,1,4,2,18,4,-1,-1,-1,-1,1,-1
2017941700249,1,9,0,9,0,1,0,0,0,0,3,1,2,1,26,6,1799,1,10,-1,1,-1
2017941700249,2,5,0,18,0,1,0,0,0,0,1,1,6,1,27,6,749,1,1,-1,1,-1
2017941700253,1,9,0,18,0,1,1,0,0,0,1,1,6,1,36,7,2490,1,22,-1,3,-1
2017941700253,2,9,0,4,0,1,0,0,0,0,2,1,6,1,56,9,2143,2,6,-1,1,-1
2017941700253,3,9,0,18,0,1,0,0,0,0,1,1,6,1,28,6,-1,-1,-1,-1,1,-1
2017941700258,1,8,0,18,0,0,1,1,4,6,1,1,1,1,21,5,1422,2,2,-1,1,-1
2017941700259,1,9,0,18,0,4,0,0,0,0,1,1,6,2,47,8,1242,1,11,-1,3,-1
2017941700259,2,1,0,18,0,8,0,0,0,0,4,1,6,1,38,7,-1,-1,-1,-1,1,-1
2017941700261,1,9,0,7,0,6,0,0,0,0,1,1,6,2,33,6,1000,1,4,-1,1,-1
2017941700261,2,9,0,18,0,1,0,0,0,0,4,1,6,1,38,7,1997,1,4,-1,1,-1
2017941700263,1,9,0,13,0,0,0,0,0,0,1,1,2,2,54,8,1461,2,5,-1,1,-1
2017941700263,2,9,0,17,0,0,0,0,1,0,3,1,6,1,58,9,1598,1,14,-1,1,-1
2017941700264,1,9,0,13,0,0,1,0,1,11,1,1,6,1,31,6,1998,1,13,-1,2,-1
2017941700264,2,9,0,18,0,0,1,0,1,3,2,1,6,1,32,6,-1,-1,-1,-1,1,-1
2017941700266,1,3,0,9,0,1,0,0,0,0,1,1,6,1,17,4,125,1,2,-1,1,-1
2017941700266,2,3,0,7,0,1,0,0,0,0,1,1,6,2,18,4,124,1,25,-1,1,-1
2017941700267,1,9,0,1,9,6,0,0,0,0,2,1,1,2,56,9,1582,2,4,-1,2,-1
2017941700270,1,9,0,18,0,8,1,0,1,2,1,1,6,1,18,4,1198,1,10,-1,1,-1
2017941700271,1,9,0,18,0,1,0,0,0,0,4,1,6,2,24,5,1596,1,3,-1,1,-1
2017941700273,1,9,0,18,0,0,1,0,1,11,1,1,6,1,25,5,1997,1,11,-1,1,-1
2017941700274,1,9,0,18,0,1,0,0,0,0,4,1,6,3,-1,-1,-1,-1,-1,-1,-1,-1
2017941700280,1,9,0,4,0,1,0,0,0,0,1,1,6,2,50,8,2143,2,1,-1,1,-1
2017941700283,1,9,0,18,0,8,0,0,0,0,3,1,6,1,20,4,1997,1,9,-1,1,-1
2017941700283,2,9,0,7,0,4,0,0,0,0,4,1,6,2,22,5,998,1,3,-1,3,-1
2017941700286,1,9,0,18,0,1,0,0,0,0,4,1,1,2,70,10,1598,1,14,-1,2,-1
2017941700294,1,9,0,18,0,1,0,10,1,7,1,1,6,1,84,11,-1,-1,-1,-1,3,-1
2017941700296,1,9,0,18,0,1,0,0,0,0,1,1,2,1,28,6,998,1,2,-1,1,-1
2017941700296,2,9,0,4,0,1,0,0,0,0,2,1,6,2,66,10,1995,1,11,-1,1,-1
2017941700298,1,9,0,16,0,0,0,0,7,2,1,1,6,2,77,11,1596,1,15,-1,1,-1
2017941700300,1,9,0,4,0,1,0,0,0,0,1,1,6,2,63,9,1242,1,13,-1,2,-1
2017941700300,2,9,0,3,0,1,0,0,0,0,2,1,6,2,33,6,-1,-1,-1,-1,3,-1
2017941700302,1,9,0,13,0,0,0,0,0,0,3,1,2,2,45,7,2143,2,2,-1,3,-1
2017941700302,2,9,0,13,0,0,0,0,7,11,4,1,6,2,22,5,998,1,3,-1,1,-1
2017941700306,1,90,0,18,9,1,0,0,0,0,1,1,6,3,-1,-1,-1,-1,-1,-1,-1,-1
2017941700306,2,9,0,18,0,1,0,0,0,0,3,1,2,2,53,8,998,1,3,-1,2,-1
2017941700307,1,4,0,18,0,1,0,0,1,0,4,1,6,1,46,8,278,1,8,-1,-1,-1
2017941700310,1,9,0,18,0,0,0,0,0,0,1,1,6,2,90,11,998,1,22,-1,1,-1
2017941700310,2,90,0,18,0,0,0,0,0,0,1,1,1,1,59,9,2198,2,3,-1,1,-1
2017941700311,1,9,0,4,0,0,0,0,0,0,1,1,6,2,70,10,1995,2,9,-1,1,-1
2017941700311,2,9,0,3,0,0,0,0,0,0,2,1,6,2,32,6,1598,2,2,-1,3,-1