Accident_Index,Vehicle_Reference,Vehicle_Type,Towing_and_Articulation,Vehicle_Manoeuvre,Vehicle_Location-Restricted_Lane,Junction_Location,Skidding_and_Overturning,Hit_Object_in_Carriageway,Vehicle_Leaving_Carriageway,Hit_Object_off_Carriageway,1st_Point_of_Impact,Was_Vehicle_Left_Hand_Drive?,Journey_Purpose_of_Driver,Sex_of_Driver,Age_of_Driver,Age_Band_of_Driver,Engine_Capacity_(CC),Propulsion_Code,Age_of_Vehicle,Driver_IMD_Decile,Driver_Home_Area_Type,Vehicle_IMD_Decile
2017941700312,1,9,0,4,0,1,0,0,0,0,4,1,6,1,20,4,1798,1,1,-1,3,-1
2017941700313,1,9,0,18,0,0,0,0,0,0,4,1,3,2,45,7,1910,2,10,-1,1,-1
2017941700317,1,9,0,17,0,8,1,0,1,10,1,1,6,1,18,4,1199,1,15,-1,2,-1
2017941700320,1,9,0,9,0,8,1,0,0,0,3,1,6,1,37,7,1896,2,10,-1,3,-1
2017941700320,2,9,0,18,0,8,0,0,0,0,4,1,6,2,21,5,1598,2,-1,-1,1,-1
2017941700327,1,9,0,16,0,2,0,0,0,0,1,1,2,2,48,8,1398,1,3,-1,1,-1
2017941700327,2,1,0,17,0,2,0,0,0,0,1,1,6,1,8,2,-1,-1,-1,-1,1,-1
2017941700328,1,9,0,18,0,4,0,0,0,0,4,1,6,1,17,4,1198,1,7,-1,1,-1
2017941700328,2,9,0,9,0,3,1,10,0,0,2,1,6,1,18,4,1995,2,11,-1,1,-1
2017941700329,1,9,0,7,0,8,0,0,0,0,1,1,6,1,24,5,1390,1,11,-1,3,-1
2017941700329,2,9,0,18,0,8,0,0,0,0,4,1,6,2,71,10,-1,-1,-1,-1,-1,-1
2017941700334,1,9,0,13,0,0,1,0,0,0,3,1,6,1,48,8,-1,-1,-1,-1,1,-1
2017941700334,2,9,0,18,0,0,0,0,0,0,1,1,2,2,49,8,1299,1,12,-1,3,-1
2017941700337,1,9,0,18,0,1,0,0,0,0,1,1,6,3,-1,-1,999,1,1,-1,-1,-1
2017941700337,2,9,0,9,0,1,0,0,0,0,2,1,6,2,53,8,-1,-1,-1,-1,1,-1
2017941700339,1,9,0,18,0,0,0,0,0,0,1,1,6,1,24,5,-1,3,2,-1,1,-1
2017941700342,1,9,0,4,0,1,0,0,0,0,1,1,6,1,49,8,1598,1,9,-1,1,-1
2017941700342,2,9,0,3,0,1,0,0,0,0,2,1,6,1,33,6,1896,2,9,-1,1,-1
2017941700343,1,9,0,18,0,8,0,0,0,0,4,1,6,1,59,9,1560,2,4,-1,1,-1
2017941700344,1,9,0,5,8,0,0,0,0,0,0,1,6,1,47,8,1685,2,1,-1,-1,-1
2017941700344,2,9,0,18,0,0,0,0,0,0,0,1,6,1,45,7,1388,1,9,-1,1,-1
2017941700344,3,5,0,18,0,0,2,0,0,0,0,1,6,1,76,11,599,1,22,-1,1,-1
2017941700347,1,9,0,9,0,1,0,0,0,0,2,1,2,1,53,8,-1,-1,-1,-1,1,-1
2017941700347,2,19,0,18,0,1,0,0,0,0,1,1,2,1,25,5,-1,-1,-1,-1,3,-1
2017941700350,1,9,0,18,0,0,0,0,0,0,2,1,1,1,44,7,1596,1,5,-1,1,-1
2017941700350,2,9,0,18,0,0,0,0,0,0,1,1,6,1,27,6,1587,1,13,-1,1,-1
2017941700355,1,9,0,18,0,0,0,0,1,0,1,1,6,2,19,4,1299,1,12,-1,3,-1
2017941700355,2,11,0,18,0,0,0,0,0,0,1,1,1,1,65,9,-1,-1,-1,-1,1,-1
2017941700357,1,9,0,18,0,1,0,0,0,0,1,1,6,1,48,8,1339,1,15,-1,1,-1
2017941700357,2,9,0,3,0,1,0,0,0,0,2,1,6,2,39,7,2204,2,10,-1,2,-1
2017941700358,1,11,0,18,0,8,0,0,0,0,3,1,1,1,53,8,8268,2,14,-1,1,-1
2017941700358,2,9,0,18,0,8,0,0,0,0,4,1,6,2,44,7,1398,1,14,-1,1,-1
2017941700359,1,9,0,18,0,0,0,0,0,0,4,1,6,1,78,11,1798,1,4,-1,1,-1
2017941700359,2,9,0,2,0,0,0,0,0,0,3,1,6,1,41,7,-1,-1,-1,-1,-1,-1
2017941700359,3,9,0,2,0,0,1,0,0,0,1,1,6,2,64,9,1461,2,2,-1,1,-1
2017941700366,1,21,1,18,0,0,0,0,0,0,1,1,1,1,21,5,15607,2,14,-1,3,-1
2017941700366,2,9,0,18,0,0,0,0,0,0,2,1,6,1,69,10,1197,1,-1,-1,1,-1
2017941700366,3,21,1,18,0,0,0,0,0,0,4,1,1,1,40,7,10837,2,2,-1,1,-1
2017941700369,1,17,4,16,0,0,3,0,7,9,1,1,1,1,53,8,-1,-1,-1,-1,2,-1
2017941700371,1,9,0,18,0,0,1,0,2,7,1,1,6,2,22,5,1242,1,3,-1,1,-1
2017941700371,2,9,0,4,0,0,0,0,0,0,2,1,6,2,49,8,1395,1,-1,-1,3,-1
2017941700372,1,9,0,16,0,2,0,0,0,0,1,1,6,1,25,5,1240,1,11,-1,3,-1
2017941700372,2,9,0,17,0,1,0,0,0,0,1,1,6,1,50,8,1997,2,7,-1,2,-1
2017941700373,1,9,0,18,0,1,0,0,0,0,1,1,6,2,50,8,1199,1,13,-1,1,-1
2017941700373,2,9,0,3,0,1,0,0,0,0,2,1,6,2,38,7,1596,1,11,-1,1,-1
2017941700374,1,9,0,9,0,8,0,0,0,0,0,1,6,3,-1,-1,2183,2,6,-1,-1,-1
2017941700374,2,11,0,5,0,1,0,0,0,0,0,1,1,1,62,9,4580,2,9,-1,1,-1
2017941700377,1,90,0,18,0,0,0,0,0,0,1,1,1,2,47,8,1997,2,-1,-1,-1,-1
2017941700377,2,19,0,18,0,0,0,0,0,0,1,1,1,1,39,7,1560,2,4,-1,1,-1
2017941700377,3,9,0,4,0,0,0,0,0,0,2,1,6,1,69,10,1997,2,9,-1,3,-1
2017941700378,1,9,0,18,0,1,0,0,0,0,1,1,6,1,22,5,1229,1,3,-1,1,-1
2017941700379,1,9,0,18,0,1,0,0,0,0,3,1,6,2,41,7,1368,1,8,-1,1,-1
2017941700379,2,9,0,18,0,1,0,0,0,0,1,1,6,1,29,6,1956,2,7,-1,2,-1
2017941700384,1,9,0,18,0,0,0,0,0,0,4,1,6,1,18,4,1229,1,8,-1,1,-1
2017941700386,1,3,0,9,0,8,0,0,0,0,3,1,6,1,17,4,125,1,1,-1,1,-1
2017941700386,2,9,0,18,0,3,0,0,0,0,1,1,2,1,24,5,1398,1,1,-1,1,-1
2017941700387,1,5,0,18,0,0,0,0,1,9,1,1,6,1,42,7,599,1,17,-1,1,-1
2017941700388,1,9,0,18,0,1,0,0,0,0,1,1,6,1,23,5,1590,1,14,-1,1,-1
2017941700388,2,9,0,4,0,1,0,0,0,0,2,1,6,2,41,7,1461,2,7,-1,1,-1
2017941700390,1,9,0,16,0,1,1,0,7,11,1,1,6,1,49,8,1753,2,14,-1,2,-1
2017941700392,1,9,0,7,0,1,0,0,0,0,1,1,6,2,40,7,1598,2,1,-1,1,-1
2017941700392,2,9,0,2,0,2,0,0,0,0,1,1,6,1,33,6,-1,-1,-1,-1,1,-1
2017941700393,1,9,0,16,0,0,1,10,7,0,1,1,2,1,64,9,1364,1,11,-1,1,-1
2017941700393,2,9,0,17,0,0,1,0,7,0,2,1,6,2,56,9,-1,-1,-1,-1,1,-1
2017941700394,1,9,0,15,0,1,0,0,0,0,1,1,6,1,32,6,1998,2,12,-1,1,-1
2017941700398,1,9,0,18,0,0,0,0,0,0,1,1,2,1,25,5,1685,2,1,-1,1,-1
2017941700398,2,9,0,4,0,0,0,0,0,0,2,1,-1,2,23,5,1598,1,12,-1,1,-1
2017941700400,1,9,0,4,0,1,0,0,0,0,1,1,6,1,23,5,1229,1,11,-1,1,-1
2017941700400,2,9,0,8,0,1,0,0,0,0,2,1,6,1,63,9,2143,2,1,-1,1,-1
2017941700405,1,9,0,1,0,6,0,0,0,0,4,1,6,1,-1,-1,1910,2,9,-1,-1,-1
2017941700406,1,9,0,4,0,1,0,0,0,0,1,1,6,1,38,7,1910,2,10,-1,1,-1
2017941700406,2,9,0,18,0,1,0,0,0,0,2,1,6,2,50,8,1390,1,9,-1,1,-1
2017941700410,1,9,0,4,0,1,0,0,0,0,3,1,6,1,-1,-1,-1,-1,-1,-1,-1,-1
2017941700410,2,1,0,18,0,1,0,0,0,0,1,1,2,1,19,4,-1,-1,-1,-1,1,-1
2017941700411,1,9,0,17,0,1,1,0,8,11,1,1,1,2,23,5,998,1,16,-1,1,-1
2017941700414,1,1,0,18,0,8,0,0,0,0,1,1,6,1,15,3,-1,-1,-1,-1,1,-1
2017941700414,2,9,0,4,0,1,0,0,0,0,4,1,6,2,64,9,999,1,11,-1,1,-1
2017941700416,1,9,0,17,0,0,0,0,0,0,3,1,6,1,56,9,1686,2,14,-1,3,-1
2017941700416,2,9,0,16,0,0,0,0,0,0,3,1,6,1,64,9,1598,2,4,-1,2,-1
2017941700417,1,9,0,18,0,1,0,0,0,0,1,1,2,1,31,6,1386,1,11,-1,2,-1
2017941700417,2,9,0,3,0,1,0,0,0,0,2,1,6,1,77,11,1798,1,5,9,1,9
2017941700418,1,1,0,18,0,8,0,0,0,0,4,1,6,1,7,2,-1,-1,-1,-1,2,-1
2017941700418,2,9,0,18,0,8,1,0,0,0,1,1,6,1,36,7,1910,2,9,-1,1,-1
2017941700422,1,9,0,18,0,8,0,0,1,1,1,1,6,2,53,8,1461,2,2,-1,1,-1
2017941700422,2,9,0,18,0,8,0,0,1,0,3,1,6,2,55,8,-1,-1,-1,-1,3,-1
2017941700423,1,2,0,18,0,8,0,0,0,0,4,1,6,1,23,5,125,1,-1,-1,3,-1
2017941700423,2,8,0,18,0,8,0,0,0,0,3,1,1,2,41,7,1598,2,1,-1,1,-1
2017941700432,1,9,0,18,0,1,0,0,0,0,1,1,6,1,79,11,1398,1,1,-1,1,-1
2017941700432,2,9,0,8,0,4,0,0,0,0,2,1,6,2,33,6,1497,1,14,-1,1,-1
2017941700435,1,9,0,14,0,0,0,0,0,0,4,1,1,1,35,6,1560,2,3,-1,1,-1
2017941700435,2,8,0,2,0,0,0,0,0,0,0,1,1,1,49,8,1560,2,1,-1,1,-1
2017941700436,1,19,0,18,0,0,2,0,7,6,3,1,1,1,26,6,1753,2,12,-1,1,-1
2017941700438,1,9,0,7,0,8,0,0,0,0,1,1,6,1,44,7,1796,1,14,-1,3,-1
2017941700438,2,9,0,18,0,8,0,0,0,0,4,1,2,1,48,8,1794,1,11,-1,1,-1
2017941700440,1,9,0,17,0,0,5,0,1,0,3,1,6,1,22,5,1149,1,9,-1,1,-1
2017941700440,2,9,0,4,0,0,0,0,1,0,3,1,6,2,42,7,998,1,11,-1,2,-1
2017941700441,1,9,0,17,0,0,1,0,7,4,1,1,6,2,17,4,-1,-1,-1,-1,1,-1
2017941700442,1,9,0,18,0,0,0,0,0,0,3,1,6,3,50,8,-1,-1,-1,-1,-1,-1
2017941700442,2,1,0,7,0,0,1,0,0,0,1,1,6,1,16,4,-1,-1,-1,-1,-1,-1
2017941700446,1,9,0,9,0,8,0,0,0,0,1,1,6,1,18,4,999,1,-1,-1,1,-1
2017941700448,1,9,0,18,0,0,1,0,7,0,4,1,2,1,43,7,1229,1,11,-1,1,-1
2017941700448,2,9,0,18,0,0,0,0,0,0,1,1,6,1,44,7,1499,2,1,-1,-1,-1
2017941700452,1,9,0,18,0,1,0,0,0,0,1,1,2,2,50,8,1560,2,3,-1,2,-1
2017941700452,2,21,0,10,0,1,0,0,0,0,2,1,1,1,42,7,12740,2,1,-1,1,-1
2017941700453,1,9,0,7,0,6,1,0,0,0,1,1,6,1,54,8,1560,2,2,-1,2,-1
2017941700453,2,9,0,18,0,8,1,0,7,0,2,1,6,1,19,4,-1,-1,-1,-1,1,-1
2017941700455,1,9,0,18,0,0,0,0,0,0,0,1,6,3,40,7,-1,-1,-1,-1,-1,-1
2017941700455,2,9,0,18,0,0,2,0,2,11,1,1,6,1,21,5,1242,1,10,-1,1,-1
2017941700456,1,19,0,18,0,0,0,4,0,0,1,1,6,1,27,6,1968,2,9,-1,1,-1
2017941700456,2,9,0,2,0,0,0,0,1,0,2,1,-1,2,44,7,1299,1,11,-1,3,-1
2017941700457,1,21,0,6,0,0,0,0,0,0,3,1,6,2,21,5,-1,-1,-1,-1,3,-1
2017941700457,2,9,0,18,0,0,0,0,0,0,1,1,6,1,54,8,1995,2,4,-1,2,-1
2017941700458,1,19,0,18,0,1,1,0,0,0,1,1,2,1,39,7,1867,2,11,-1,1,-1
2017941700458,2,19,0,3,0,1,0,0,0,0,2,1,1,1,55,8,2198,2,1,-1,1,-1
2017941700459,1,9,0,18,0,2,0,0,0,0,1,1,1,1,50,8,-1,-1,-1,-1,-1,-1
2017941700459,2,9,0,4,0,2,0,0,0,0,2,1,1,1,19,4,1229,1,5,-1,1,-1
2017941700460,1,9,0,18,0,8,0,0,0,0,4,1,6,2,42,7,1956,2,6,-1,1,-1
2017941700461,1,9,0,18,0,1,0,0,0,0,1,1,6,1,63,9,1783,1,13,-1,2,-1
2017941700461,2,9,0,4,0,1,0,0,0,0,2,1,6,2,65,9,2199,2,5,-1,2,-1
2017941700461,3,9,0,10,0,8,0,0,0,0,2,1,6,1,26,6,1598,2,1,-1,2,-1
2017941700463,1,9,0,18,0,3,0,0,1,0,1,1,6,2,18,4,973,1,14,-1,3,-1
2017941700463,2,9,0,2,0,2,0,0,0,0,2,1,-1,1,62,9,1299,1,15,-1,3,-1
2017941700463,3,9,0,2,0,2,0,0,0,0,1,1,6,1,71,10,1560,2,3,-1,3,-1
2017941700466,1,21,0,16,0,8,5,0,1,9,1,1,1,1,47,8,6692,2,5,-1,1,-1
2017941700467,1,9,0,18,0,1,0,0,0,0,1,1,6,2,50,8,1668,1,15,-1,1,-1
2017941700467,2,20,0,3,0,1,0,0,0,0,2,1,6,3,50,8,-1,-1,-1,-1,-1,-1
2017941700467,3,20,0,3,0,1,0,0,0,0,2,1,6,1,29,6,-1,-1,-1,-1,2,-1
2017941700470,1,9,0,14,0,0,0,0,0,0,1,1,6,1,35,6,-1,-1,-1,-1,1,-1
2017941700470,2,9,0,9,0,0,0,0,0,0,3,1,6,2,47,8,1560,2,9,-1,1,-1
2017941700471,1,9,0,16,0,0,1,0,7,11,4,1,2,1,35,6,-1,-1,-1,-1,3,-1
2017941700472,1,9,0,7,0,6,0,0,0,0,4,1,6,2,27,6,1389,1,12,-1,1,-1
2017941700472,2,9,0,18,0,8,0,0,0,0,1,1,6,2,41,7,1997,2,7,-1,2,-1
2017941700475,1,9,0,18,0,0,1,0,0,0,1,1,1,2,24,5,1560,2,3,-1,3,-1
2017941700475,2,9,0,4,0,0,0,0,0,0,2,1,1,2,21,5,1197,1,1,-1,1,-1
2017941700476,1,9,0,7,0,4,0,0,0,0,3,1,1,1,47,8,1598,2,7,-1,1,-1
2017941700476,2,1,0,18,0,8,0,0,0,0,4,1,2,1,54,8,-1,-1,-1,-1,3,-1
2017941700478,1,9,0,16,0,3,0,0,0,0,4,1,6,1,19,4,1598,1,6,-1,1,-1
2017941700478,2,9,0,16,0,3,0,0,0,0,3,1,6,1,66,10,1598,1,5,-1,1,-1
2017941700480,1,90,0,18,0,6,5,0,0,0,3,1,6,1,62,9,-1,-1,-1,-1,-1,-1
2017941700480,2,9,0,18,0,8,1,0,0,0,1,1,6,1,47,8,3301,1,17,-1,1,-1
2017941700482,1,3,0,17,0,1,1,0,1,4,4,1,1,1,21,5,124,1,13,-1,2,-1
2017941700485,1,9,0,18,0,0,0,0,0,0,4,1,6,1,44,7,1598,2,1,-1,1,-1
2017941700485,2,1,0,18,0,0,0,0,0,0,2,1,6,1,37,7,-1,-1,-1,-1,1,-1
2017941700490,1,19,0,9,0,6,0,0,0,0,1,1,1,1,22,5,-1,3,1,-1,1,-1
2017941700490,2,9,0,18,0,8,0,0,0,0,4,1,6,2,34,6,2776,2,12,-1,2,-1
2017941700491,1,9,0,4,0,2,0,0,0,0,1,1,6,1,64,9,1229,1,3,-1,1,-1
2017941700496,1,9,0,18,0,1,0,0,0,0,1,1,6,2,53,8,-1,-1,-1,-1,3,-1
2017941700496,2,5,0,4,0,1,0,0,0,0,2,1,6,1,49,8,790,1,16,-1,1,-1
2017941700505,1,9,0,18,0,8,0,0,0,0,1,1,2,1,28,6,-1,-1,-1,-1,3,-1
2017941700505,2,9,0,17,0,8,0,0,0,0,3,1,2,2,52,8,999,1,2,-1,2,-1
2017941700506,1,9,0,18,0,0,0,0,7,0,1,1,6,1,19,4,1229,1,4,-1,1,-1
2017941700506,2,9,0,16,0,0,2,0,0,0,3,1,6,1,69,10,1197,1,-1,2,1,2
2017941700507,1,9,0,9,0,6,0,0,0,0,1,1,6,1,47,8,1198,1,7,-1,2,-1
2017941700507,2,9,0,18,0,1,0,0,0,0,4,1,6,1,73,10,1560,2,-1,-1,3,-1
2017941700508,1,4,0,18,0,1,0,0,0,0,1,1,6,1,17,4,125,1,39,-1,1,-1
2017941700508,2,5,0,4,0,1,0,0,0,0,2,1,6,1,52,8,649,1,17,-1,1,-1
2017941700508,3,9,0,18,0,1,0,0,0,0,1,1,6,1,24,5,1685,2,6,-1,3,-1
2017941700508,4,9,0,9,0,1,0,0,0,0,0,1,6,3,-1,-1,-1,-1,-1,-1,-1,-1
2017941700509,1,9,0,18,0,0,0,0,0,0,1,1,6,2,30,6,-1,-1,-1,-1,1,-1
2017941700509,2,9,0,18,0,0,0,0,0,0,2,1,6,2,47,8,2143,2,3,-1,1,-1
2017941700511,1,9,0,9,0,8,0,0,0,0,1,1,6,1,39,7,1364,1,-1,-1,2,-1
2017941700511,2,9,0,18,0,8,0,0,0,0,1,1,6,1,37,7,1461,2,6,-1,3,-1
2017941700514,1,9,0,3,0,1,0,0,0,0,1,1,6,1,48,8,998,1,6,-1,3,-1
2017941700514,2,9,0,4,0,1,0,0,0,0,2,1,6,1,61,9,2148,2,12,-1,1,-1
2017941700515,1,9,0,12,0,0,0,0,0,0,0,1,6,3,-1,-1,-1,-1,-1,-1,-1,-1
2017941700515,2,9,0,18,0,0,1,0,5,6,3,1,6,2,27,6,1364,1,8,-1,2,-1
2017941700520,1,9,0,18,0,0,0,0,0,0,4,1,6,2,58,9,1799,1,6,-1,1,-1
2017941700524,1,9,0,16,0,2,0,0,0,0,1,1,6,2,53,8,1591,1,2,-1,1,-1
2017941700528,1,19,0,18,0,8,0,0,0,0,1,1,1,1,39,7,1997,2,-1,-1,1,-1
2017941700530,1,9,0,14,0,0,0,0,0,0,4,1,2,1,22,5,1896,2,13,-1,2,-1
2017941700530,2,9,0,3,0,0,0,0,0,0,3,1,6,2,58,9,1998,1,9,-1,2,-1
2017941700530,3,9,0,5,0,0,0,0,0,0,3,1,6,1,73,10,1396,1,1,-1,1,-1
2017941700530,4,9,0,3,0,0,0,0,0,0,3,1,6,1,59,9,1390,1,14,-1,2,-1
2017941700531,1,9,0,5,0,4,0,0,0,0,1,1,6,1,62,9,1995,2,-1,-1,-1,-1
2017941700531,2,9,0,18,0,8,0,0,0,0,4,1,6,1,69,10,1206,1,6,-1,2,-1
2017941700532,1,9,0,18,0,8,0,0,0,0,3,1,6,1,36,7,1794,1,14,-1,1,-1
2017941700532,2,9,0,9,0,8,0,0,0,0,1,1,6,2,26,6,1198,1,14,-1,1,-1
2017941700533,1,9,0,8,0,1,0,0,0,0,1,1,6,1,44,7,2183,2,6,-1,3,-1
2017941700533,2,9,0,4,0,4,0,0,0,0,2,1,6,1,57,9,1598,1,1,-1,1,-1
2017941700535,1,19,0,14,0,8,2,0,0,0,1,1,1,1,30,6,1905,2,16,-1,1,-1
2017941700535,2,17,4,9,0,8,0,0,0,0,3,1,1,1,18,4,6057,2,3,-1,-1,-1
2017941700536,1,9,0,4,0,0,0,0,0,0,1,1,6,1,55,8,1461,2,8,-1,-1,-1
2017941700537,1,9,0,9,0,1,0,0,0,0,4,1,6,1,18,4,998,1,6,-1,3,-1
2017941700537,2,1,0,18,0,1,0,0,0,0,1,1,6,1,47,8,-1,-1,-1,-1,-1,-1
2017941700539,1,9,0,16,0,0,2,0,0,0,1,1,6,1,17,4,999,1,16,-1,1,-1
2017941700540,1,5,0,7,0,3,2,0,0,0,0,1,6,1,25,5,929,1,16,-1,1,-1
2017941700542,1,9,0,7,0,3,0,0,0,0,4,1,6,2,52,8,1598,2,7,-1,1,-1
2017941700543,1,4,0,7,0,1,1,0,0,0,3,1,6,2,22,5,125,1,9,-1,2,-1
2017941700543,2,9,0,3,0,1,0,0,0,0,3,1,6,2,67,10,1242,1,12,-1,2,-1
2017941700544,1,9,0,9,0,8,0,0,0,0,1,1,6,2,29,6,1240,1,13,-1,1,-1
2017941700544,2,2,0,5,0,8,0,0,0,0,1,1,6,1,16,4,50,1,3,-1,3,-1
2017941700545,1,9,0,18,0,4,0,0,0,0,1,1,2,1,37,7,1896,2,14,-1,1,-1
2017941700545,2,9,0,18,0,3,0,0,0,0,4,1,2,1,72,10,1794,1,10,-1,1,-1
2017941700552,1,9,0,18,0,1,0,0,0,0,1,1,1,2,44,7,1998,1,12,-1,1,-1
2017941700556,1,9,0,16,0,0,1,0,1,0,1,1,6,2,61,9,1360,1,11,-1,2,-1
2017941700557,1,5,0,16,0,0,1,0,7,0,1,1,6,1,25,5,233,1,21,-1,1,-1
2017941700558,1,9,0,18,0,1,0,0,0,0,4,1,6,2,31,6,1229,1,7,-1,1,-1
2017941700558,2,19,0,3,0,1,0,0,0,0,2,1,6,1,32,6,2143,2,-1,-1,2,-1
2017941700559,1,9,0,17,0,0,2,0,2,0,4,1,6,1,34,6,1229,1,4,-1,2,-1
2017941700560,1,9,0,18,0,1,1,0,0,0,1,1,6,1,18,4,1896,2,16,-1,3,-1
2017941700560,2,9,0,4,0,1,1,0,0,0,2,1,6,1,28,6,1560,2,7,-1,3,-1
2017941700564,1,9,0,18,0,1,1,0,0,0,1,1,6,1,-1,-1,1796,1,14,-1,-1,-1
2017941700564,2,9,0,7,0,6,0,0,0,0,1,1,6,1,50,8,1598,1,12,-1,1,-1
2017941700568,1,9,0,16,0,0,0,0,0,0,3,1,6,1,33,6,1596,1,15,-1,1,-1
2017941700568,2,9,0,17,0,0,0,0,0,0,3,1,6,2,54,8,998,1,2,-1,3,-1
2017941700569,1,9,0,9,0,8,0,0,0,0,1,1,6,2,53,8,1242,1,1,-1,3,-1
2017941700572,1,9,0,17,0,0,0,0,0,0,1,1,6,1,18,4,1229,1,11,-1,1,-1
2017941700572,2,9,0,16,0,0,0,0,1,11,1,1,6,2,25,5,999,1,4,-1,1,-1
2017941700574,1,5,0,18,0,0,1,0,0,0,0,1,6,1,53,8,649,1,2,-1,3,-1
2017941700574,2,5,0,18,0,0,1,0,0,0,0,1,6,1,60,9,903,1,7,-1,3,-1
2017941700579,1,9,0,9,0,8,0,0,0,0,1,1,6,1,34,6,1968,2,-1,-1,1,-1
2017941700579,2,9,0,18,0,1,0,0,0,0,1,1,-1,2,29,6,1242,1,7,-1,2,-1
2017941700580,1,19,0,18,0,1,1,4,1,0,1,1,6,2,39,7,1686,2,14,-1,2,-1
2017941700580,2,9,0,2,0,1,0,0,0,0,2,1,6,1,70,10,1991,2,7,-1,2,-1
2017941700583,1,1,0,18,0,0,0,0,0,0,4,1,6,1,15,3,-1,-1,-1,-1,1,-1
2017941700583,2,9,0,4,0,0,0,0,0,0,1,1,6,1,31,6,2967,2,-1,-1,1,-1
2017941700586,1,9,0,9,0,8,0,0,0,0,1,1,6,1,19,4,1242,1,8,-1,1,-1
2017941700586,2,9,0,18,0,8,0,0,0,0,1,1,6,1,29,6,1598,2,3,-1,1,-1
2017941700587,1,9,0,18,0,1,0,0,0,0,1,1,6,2,34,6,1229,1,7,-1,3,-1
2017941700587,2,9,0,10,0,1,0,0,0,0,2,1,6,2,55,8,2204,2,11,-1,2,-1
2017941700587,3,9,0,18,0,1,0,0,0,0,1,1,6,1,65,9,1999,2,-1,-1,2,-1
2017941700595,1,17,0,18,0,2,0,0,0,0,1,1,1,1,22,5,-1,2,5,-1,3,-1
2017941700595,2,9,0,4,0,2,0,0,0,0,1,1,1,1,55,8,-1,-1,-1,-1,2,-1
2017941700599,1,9,0,18,0,1,0,0,0,0,1,1,2,2,65,9,1560,2,5,-1,3,-1
2017941700599,2,9,0,10,0,1,0,0,8,11,2,1,3,2,23,5,1229,1,5,-1,2,-1
2017941700600,1,9,0,18,0,0,0,0,0,0,1,1,6,2,36,7,2204,2,7,-1,3,-1
2017941700600,2,9,0,4,0,0,0,0,0,0,2,1,6,1,77,11,1598,1,7,-1,1,-1
2017941700600,3,9,0,3,0,0,0,0,0,0,2,1,6,2,50,8,1397,1,8,-1,1,-1
2017941700601,1,19,0,18,0,1,0,0,0,0,1,1,6,2,33,6,1753,2,10,-1,1,-1
2017941700601,2,9,0,8,0,1,0,0,0,0,2,1,6,1,20,4,1598,2,2,-1,1,-1
2017941700602,1,9,0,18,0,6,0,0,0,0,3,1,6,1,70,10,1997,2,-1,-1,-1,-1
2017941700602,2,9,0,18,0,8,0,0,0,0,1,1,6,1,44,7,1248,2,11,-1,1,-1
2017941700603,1,9,0,18,0,0,0,0,0,0,1,1,6,1,28,6,1560,2,3,-1,2,-1
2017941700603,2,9,0,4,0,0,0,0,0,0,3,1,6,2,52,8,1598,1,12,-1,1,-1
2017941700603,3,19,0,18,0,0,0,0,1,0,1,1,1,1,28,6,1560,2,3,-1,1,-1
2017941700604,1,9,0,18,0,8,5,0,0,0,3,1,1,1,76,11,1591,1,1,-1,1,-1
2017941700604,2,9,0,9,0,8,0,0,0,0,4,1,6,2,46,8,-1,-1,-1,-1,1,-1
2017941700611,1,9,0,18,0,8,0,0,0,0,4,1,6,2,68,10,1999,2,1,-1,3,-1
2017941700611,2,9,0,9,0,8,0,0,0,0,3,1,6,1,26,6,1596,1,5,-1,1,-1
2017941700613,1,9,0,9,0,8,1,0,0,0,4,1,1,1,53,8,1598,1,14,-1,1,-1
2017941700613,2,9,0,18,0,1,1,0,1,0,1,1,6,1,79,11,1364,1,1,-1,1,-1
2017941700613,3,9,0,10,0,1,1,0,0,0,1,1,1,1,45,7,1997,2,3,-1,1,-1
2017941700614,1,8,0,18,0,1,0,0,0,0,1,1,6,1,29,6,1686,2,5,-1,1,-1
2017941700614,2,9,0,10,0,1,0,0,0,0,2,1,1,1,35,6,1986,2,11,-1,1,-1
2017941700621,1,9,0,7,0,6,0,0,0,0,1,1,6,1,19,4,1198,1,7,-1,1,-1
2017941700621,2,9,0,18,0,8,0,0,0,0,4,1,6,2,60,9,1969,2,3,-1,3,-1
2017941700623,1,1,0,18,4,6,0,0,0,0,1,1,6,1,51,8,-1,-1,-1,-1,1,-1
2017941700623,2,9,0,8,0,1,0,0,0,0,4,1,6,2,47,8,1242,1,3,-1,1,-1
2017941700636,1,9,0,18,0,0,2,0,1,0,3,1,6,1,39,7,-1,-1,-1,-1,-1,-1
2017941700641,1,9,0,18,0,1,0,0,0,0,1,1,6,2,31,6,1248,1,6,-1,1,-1
2017941700643,1,9,0,16,0,0,2,0,5,6,1,1,6,1,27,6,1461,2,13,-1,1,-1
2017941700646,1,5,0,18,0,0,0,0,0,0,1,1,6,1,49,8,-1,-1,-1,-1,1,-1
2017941700648,1,10,0,18,0,1,0,0,0,0,1,1,1,1,50,8,2800,2,12,-1,1,-1
2017941700651,1,9,0,18,0,0,0,4,1,0,1,1,6,2,21,5,1229,1,8,-1,1,-1
2017941700651,2,9,0,2,6,0,0,0,0,0,2,1,6,2,40,7,1796,1,9,-1,1,-1
2017941700652,1,9,0,18,0,1,0,0,0,0,4,1,6,1,24,5,1242,1,13,-1,1,-1