Accident_Index,Vehicle_Reference,Vehicle_Type,Towing_and_Articulation,Vehicle_Manoeuvre,Vehicle_Location-Restricted_Lane,Junction_Location,Skidding_and_Overturning,Hit_Object_in_Carriageway,Vehicle_Leaving_Carriageway,Hit_Object_off_Carriageway,1st_Point_of_Impact,Was_Vehicle_Left_Hand_Drive?,Journey_Purpose_of_Driver,Sex_of_Driver,Age_of_Driver,Age_Band_of_Driver,Engine_Capacity_(CC),Propulsion_Code,Age_of_Vehicle,Driver_IMD_Decile,Driver_Home_Area_Type,Vehicle_IMD_Decile
2017941700654,1,9,0,18,0,4,0,0,1,10,1,1,6,1,69,10,1587,1,11,-1,2,-1
2017941700654,2,4,0,9,0,8,0,0,0,0,4,1,6,1,48,8,124,1,12,-1,1,-1
2017941700656,1,9,0,17,0,0,1,0,1,11,1,1,6,1,18,4,1229,1,8,-1,1,-1
2017941700661,1,8,0,5,0,4,0,0,0,0,1,1,1,1,69,10,2143,2,5,-1,3,-1
2017941700661,2,9,0,5,0,4,0,0,0,0,2,1,6,2,58,9,1998,2,11,-1,2,-1
2017941700662,1,9,0,18,0,1,0,0,0,0,1,1,6,1,26,6,1349,1,6,-1,1,-1
2017941700663,1,9,0,18,0,1,0,0,0,0,1,1,6,1,29,6,1389,1,12,-1,1,-1
2017941700663,2,9,0,3,0,1,0,0,0,0,2,1,6,1,50,8,1229,1,7,-1,1,-1
2017941700674,1,9,0,12,0,0,0,0,0,0,0,1,1,1,27,6,1995,2,10,-1,2,-1
2017941700674,2,5,0,18,0,0,1,0,0,0,0,1,6,1,46,8,675,1,5,-1,1,-1
2017941700676,1,11,0,9,0,6,0,0,0,0,3,1,1,1,49,8,4580,2,8,-1,2,-1
2017941700676,2,1,0,18,0,8,0,0,1,0,1,1,2,1,39,7,-1,-1,-1,-1,1,-1
2017941700677,1,9,0,16,0,1,0,0,0,0,0,1,6,1,-1,-1,-1,-1,-1,-1,-1,-1
2017941700677,2,10,0,18,0,1,0,0,0,0,0,1,1,1,68,10,-1,-1,-1,-1,3,-1
2017941700678,1,9,0,5,0,4,0,0,0,0,1,1,6,2,49,8,1598,1,9,-1,1,-1
2017941700678,2,1,0,9,0,8,0,0,0,0,4,1,6,1,56,9,-1,-1,-1,-1,1,-1
2017941700681,1,5,0,13,0,0,0,0,0,0,1,1,6,1,46,8,998,1,7,-1,1,-1
2017941700681,2,9,0,17,0,0,0,0,0,0,1,1,6,2,38,7,1248,2,7,-1,1,-1
2017941700681,3,9,0,16,0,0,0,0,0,0,0,1,6,2,37,7,1197,1,1,-1,3,-1
2017941700682,1,9,0,16,0,0,1,0,7,0,1,1,6,1,18,4,1998,1,17,-1,3,-1
2017941700683,1,9,0,13,0,0,0,0,0,0,4,1,6,3,-1,-1,-1,-1,-1,-1,-1,-1
2017941700683,2,1,0,18,0,0,0,0,0,0,3,1,6,2,16,4,-1,-1,-1,-1,3,-1
2017941700683,3,1,0,18,0,0,0,0,0,0,0,1,1,1,10,2,-1,-1,-1,-1,3,-1
2017941700685,1,9,0,9,0,8,0,0,0,0,1,1,6,2,81,11,1339,8,5,-1,1,-1
2017941700685,2,9,0,18,0,8,0,0,0,0,1,1,6,2,24,5,1398,1,-1,-1,1,-1
2017941700687,1,19,0,18,0,0,0,0,0,0,1,1,1,1,48,8,1995,2,-1,-1,1,-1
2017941700687,2,9,0,4,0,0,0,0,0,0,2,1,6,2,62,9,1587,1,11,-1,1,-1
2017941700687,3,9,0,3,0,0,0,0,0,0,2,1,1,1,57,9,2993,2,3,-1,3,-1
2017941700690,1,9,0,18,0,0,0,0,0,0,1,1,1,1,38,7,-1,-1,-1,-1,3,-1
2017941700690,2,9,0,4,0,0,0,0,0,0,2,1,2,2,25,5,1896,2,11,-1,1,-1
2017941700690,3,9,0,3,0,0,0,0,0,0,2,1,2,2,45,7,1598,2,1,-1,1,-1
2017941700690,4,9,0,3,0,0,0,0,0,0,2,1,2,2,54,8,1798,1,5,-1,1,-1
2017941700694,1,5,0,16,0,0,0,0,7,4,1,1,6,1,31,6,599,1,18,-1,2,-1
2017941700701,1,9,4,7,0,6,0,0,0,0,4,1,6,3,-1,-1,-1,-1,-1,-1,-1,-1
2017941700704,1,9,0,18,0,8,0,0,7,1,1,1,6,1,50,8,1999,2,-1,-1,1,-1
2017941700704,2,9,0,18,0,8,0,0,7,1,1,1,6,1,67,10,1197,1,1,-1,3,-1
2017941700705,1,9,0,18,0,0,0,0,0,0,1,1,2,1,29,6,2204,2,11,-1,1,-1
2017941700705,2,9,0,4,0,0,0,0,0,0,2,1,2,1,38,7,1968,2,6,-1,2,-1
2017941700709,1,5,0,17,0,0,2,0,8,0,1,1,2,1,45,7,599,1,17,-1,2,-1
2017941700709,2,9,0,18,0,0,0,0,1,0,1,1,6,2,40,7,1968,2,9,-1,3,-1
2017941700713,1,9,0,18,0,0,0,0,0,0,1,1,6,1,52,8,1560,2,2,-1,3,-1
2017941700714,1,9,0,6,0,1,1,0,0,0,3,1,6,2,21,5,1397,1,17,-1,3,-1
2017941700714,2,9,0,18,0,2,5,0,0,0,1,1,6,2,65,9,-1,-1,-1,-1,1,-1
2017941700717,1,9,0,18,0,1,0,0,0,0,1,1,6,2,22,5,1398,1,5,-1,1,-1
2017941700720,1,9,0,17,0,0,0,0,7,0,1,1,6,1,33,6,1997,2,7,-1,2,-1
2017941700720,2,21,0,18,0,0,0,0,1,0,1,1,1,1,25,5,6700,2,-1,-1,2,-1
2017941700721,1,9,0,17,0,0,0,0,0,0,1,1,1,1,23,5,-1,-1,-1,-1,1,-1
2017941700721,2,9,0,16,0,0,0,0,0,0,1,1,6,2,53,8,1798,1,4,-1,2,-1
2017941700724,1,9,0,18,0,8,1,0,0,0,3,1,-1,1,19,4,1398,1,2,-1,1,-1
2017941700724,2,9,0,18,0,8,0,0,0,0,1,1,-1,1,45,7,1390,1,3,-1,3,-1
2017941700725,1,9,0,18,0,1,1,0,2,4,1,1,6,1,18,4,1596,1,1,-1,1,-1
2017941700727,1,2,0,16,0,3,1,0,0,0,3,1,6,1,35,6,124,1,1,-1,3,-1
2017941700729,1,11,0,9,0,8,0,0,0,0,1,1,1,1,57,9,6696,2,3,-1,1,-1
2017941700729,2,11,0,18,0,8,0,0,0,0,1,1,1,1,31,6,8300,2,11,-1,1,-1
2017941700730,1,9,0,7,0,2,0,0,0,0,1,1,6,1,26,6,1560,2,12,-1,3,-1
2017941700733,1,19,0,18,0,4,0,0,0,0,1,1,1,1,30,6,1598,2,-1,-1,2,-1
2017941700733,2,1,0,9,0,8,0,0,0,0,1,1,6,1,45,7,-1,-1,-1,-1,1,-1
2017941700734,1,98,0,11,0,1,0,0,0,0,4,1,6,1,45,7,-1,-1,-1,-1,-1,-1
2017941700734,2,9,0,18,0,1,0,0,1,0,3,1,6,2,53,8,1388,1,13,-1,1,-1
2017941700736,1,9,0,18,0,2,0,0,0,0,1,1,6,2,80,11,1240,1,11,-1,-1,-1
2017941700738,1,9,0,13,0,2,5,0,7,0,4,1,2,1,51,8,2720,2,10,-1,3,-1
2017941700738,2,19,0,18,0,2,0,0,0,0,3,1,1,1,37,7,1998,2,13,-1,1,-1
2017941700741,1,9,0,16,0,0,0,0,0,0,1,1,2,2,45,7,1997,1,15,-1,1,-1
2017941700741,2,19,0,17,0,0,0,0,0,0,1,1,6,1,43,7,1499,2,2,-1,1,-1
2017941700742,1,9,0,18,0,0,0,0,0,0,3,1,6,1,21,5,1299,1,15,-1,3,-1
2017941700745,1,9,0,18,0,8,0,0,0,0,4,1,6,1,80,11,1400,1,18,-1,1,-1
2017941700746,1,19,0,4,0,8,1,0,0,0,1,1,1,2,22,5,2143,2,1,-1,1,-1
2017941700746,2,9,0,18,0,8,0,0,7,0,4,1,6,2,51,8,1968,2,1,-1,1,-1
2017941700747,1,9,0,17,0,0,0,0,0,0,1,1,2,2,62,9,1598,1,2,-1,1,-1
2017941700747,2,9,0,4,0,0,0,0,0,0,2,1,2,1,30,6,998,1,4,-1,1,-1
2017941700747,3,9,0,3,0,0,0,0,0,0,2,1,2,2,48,8,1896,2,9,-1,3,-1
2017941700748,1,9,0,4,0,0,0,0,0,0,1,1,6,1,46,8,1598,1,5,-1,1,-1
2017941700748,2,9,0,5,0,0,0,0,0,0,2,1,6,2,62,9,1229,1,11,-1,1,-1
2017941700750,1,9,0,16,0,0,1,0,0,0,3,1,6,1,53,8,-1,-1,-1,-1,1,-1
2017941700750,2,19,0,17,0,0,0,0,0,0,3,1,6,1,54,8,2998,2,-1,-1,1,-1
2017941700751,1,9,0,1,0,0,0,0,0,0,3,1,1,1,57,9,1598,2,1,-1,1,-1
2017941700754,1,9,0,9,0,8,0,0,0,0,1,1,2,1,34,6,1799,1,10,-1,1,-1
2017941700754,2,9,0,18,0,8,0,0,0,0,1,1,2,1,50,8,1910,2,9,-1,1,-1
2017941700755,1,9,0,18,0,1,0,0,0,0,1,1,6,1,66,10,1968,2,5,-1,1,-1
2017941700755,2,9,0,18,0,1,0,0,0,0,2,1,6,1,27,6,1753,2,13,-1,1,-1
2017941700761,1,9,0,9,0,8,0,0,0,0,1,1,6,2,56,9,1596,1,3,-1,3,-1
2017941700761,2,9,0,4,0,8,0,0,0,0,1,1,6,1,46,8,1598,2,6,-1,3,-1
2017941700762,1,9,0,18,0,2,0,0,0,0,1,1,6,1,58,9,1796,1,10,-1,1,-1
2017941700766,1,9,0,9,0,8,0,0,0,0,1,1,6,2,37,7,1242,1,3,-1,3,-1
2017941700766,2,9,0,18,0,8,0,0,0,0,1,1,6,2,37,7,1999,1,12,-1,3,-1
2017941700766,3,9,0,10,0,1,0,0,0,0,3,1,6,1,43,7,1598,2,2,-1,1,-1
2017941700774,1,9,0,18,0,1,0,0,0,0,1,1,6,2,17,4,998,1,12,-1,3,-1
2017941700777,1,9,0,18,0,2,0,0,0,0,3,1,6,2,27,6,1598,1,7,-1,1,-1
2017941700780,1,11,0,18,0,0,0,0,0,0,4,1,1,3,-1,-1,-1,-1,-1,-1,-1,-1
2017941700783,1,9,0,18,0,2,0,0,0,0,1,1,1,1,33,6,1796,1,16,-1,3,-1
2017941700784,1,9,0,18,0,0,0,0,0,0,1,1,6,1,91,11,1242,1,11,-1,1,-1
2017941700784,2,9,0,3,0,0,0,0,0,0,2,1,6,2,56,9,1598,1,2,-1,1,-1
2017941700784,3,9,0,3,0,0,0,0,0,0,2,1,6,2,36,7,1461,2,4,-1,1,-1
2017941700790,1,9,0,9,0,8,0,0,0,0,1,1,6,1,80,11,1339,1,4,-1,3,-1
2017941700790,2,9,0,18,0,8,0,0,0,0,4,1,6,2,37,7,998,1,2,-1,1,-1
2017941700791,1,9,0,12,0,1,1,0,1,7,3,1,6,1,36,7,-1,-1,-1,-1,2,-1
2017941700791,2,9,0,18,0,1,0,0,0,0,4,1,6,1,68,10,1995,2,3,-1,1,-1
2017941700797,1,11,0,7,0,4,0,0,0,0,1,1,1,1,62,9,6700,2,8,-1,1,-1
2017941700797,2,9,0,6,0,8,0,0,0,0,1,1,6,1,30,6,1598,1,8,-1,1,-1
2017941700801,1,19,0,1,0,0,0,0,0,0,2,1,6,3,-1,-1,-1,-1,-1,-1,-1,-1
2017941700801,2,3,0,18,0,0,0,0,0,0,1,1,1,2,27,6,125,1,-1,-1,1,-1
2017941700802,1,9,0,9,0,8,0,0,0,0,3,1,6,2,33,6,1339,1,12,-1,1,-1
2017941700803,1,9,0,9,0,8,0,0,0,0,0,1,6,2,67,10,1242,1,1,-1,2,-1
2017941700803,2,5,0,18,0,8,2,0,0,0,0,1,6,1,64,9,1127,1,29,-1,3,-1
2017941700804,1,9,0,16,0,0,0,0,0,0,1,1,6,1,41,7,1598,1,13,-1,1,-1
2017941700804,2,9,0,17,0,0,0,0,1,0,1,1,6,1,61,9,2143,2,2,-1,1,-1
2017941700816,1,5,0,18,0,1,0,0,0,0,1,1,6,1,27,6,998,1,12,-1,2,-1
2017941700816,2,9,0,10,0,1,0,0,0,0,3,1,6,1,44,7,1560,2,13,-1,1,-1
2017941700820,1,9,0,18,0,0,0,0,0,0,1,1,6,2,48,8,-1,-1,-1,-1,3,-1
2017941700825,1,9,0,16,0,0,1,0,0,0,1,1,6,2,19,4,1397,1,8,-1,2,-1
2017941700825,2,9,0,17,0,0,0,0,0,0,1,1,6,2,62,9,1798,1,14,-1,1,-1
2017941800002,1,20,0,18,0,1,0,0,0,0,4,1,1,1,20,4,-1,-1,-1,-1,1,-1
2017941800007,1,9,0,18,0,0,5,0,1,3,1,1,6,1,20,4,-1,-1,-1,-1,3,-1
2017950000003,1,9,0,18,0,2,0,0,0,0,1,1,6,1,74,10,898,1,5,-1,2,-1
2017950000004,1,9,0,4,0,8,1,0,0,0,4,1,2,2,62,9,2400,2,1,-1,2,-1
2017950000004,2,9,0,18,0,1,0,0,0,0,1,1,2,2,43,7,-1,-1,-1,-1,3,-1
2017950000005,1,9,0,9,0,8,0,0,0,0,1,1,6,2,77,11,1368,1,2,-1,2,-1
2017950000005,2,9,0,9,0,1,0,0,0,0,3,1,6,1,26,6,-1,-1,-1,-1,2,-1
2017950000006,1,9,0,3,0,0,0,0,0,0,3,1,6,2,54,8,1229,1,12,-1,1,-1
2017950000009,1,9,0,18,0,8,0,10,0,0,1,1,6,2,33,6,1590,1,14,-1,1,-1
2017950000009,2,9,0,18,0,1,0,0,1,0,3,1,6,2,55,8,-1,-1,-1,-1,1,-1
2017950000011,1,9,0,18,0,8,0,0,0,0,3,1,6,1,46,8,1799,1,9,-1,1,-1
2017950000011,2,1,0,18,0,3,0,0,0,0,4,1,6,1,43,7,-1,-1,-1,-1,1,-1
2017950000012,1,9,0,17,0,0,0,0,1,11,1,1,6,1,20,4,1396,1,17,-1,3,-1
2017950000019,1,9,0,18,0,0,0,0,0,0,1,1,6,3,-1,-1,-1,-1,-1,-1,-1,-1
2017950000021,1,11,0,14,0,0,0,0,0,0,2,1,6,1,41,7,-1,-1,-1,-1,1,-1
2017950000028,1,9,0,7,0,2,0,0,0,0,1,1,6,3,-1,-1,-1,-1,-1,-1,-1,-1
2017950000030,1,1,0,18,0,0,0,0,0,0,1,1,6,2,45,7,-1,-1,-1,-1,1,-1
2017950000030,2,19,0,18,0,0,0,0,0,0,4,1,1,1,40,7,2198,2,5,-1,3,-1
2017950000031,1,11,0,7,0,8,0,0,0,0,1,1,1,1,58,9,7300,2,11,-1,1,-1
2017950000032,1,1,0,18,0,1,0,0,0,0,1,1,2,1,43,7,-1,-1,-1,-1,1,-1
2017950000032,2,8,0,3,0,1,0,0,0,0,2,1,1,1,50,8,2143,2,2,-1,3,-1
2017950000037,1,8,0,6,0,0,0,0,0,0,1,1,1,1,61,9,1997,2,2,-1,1,-1
2017950000038,1,9,0,18,0,8,0,0,0,0,1,1,6,1,61,9,1242,1,8,-1,2,-1
2017950000038,2,4,0,18,0,1,0,0,0,0,1,1,6,1,51,8,745,1,4,-1,2,-1
2017950000039,1,9,0,16,0,0,1,0,1,0,1,1,2,1,28,6,1560,2,1,-1,1,-1
2017950000040,1,9,0,4,0,0,0,0,0,0,1,1,2,2,20,4,1598,2,5,-1,3,-1
2017950000042,1,9,0,9,0,8,0,0,0,0,1,1,6,1,76,11,2179,2,3,-1,1,-1
2017950000042,2,3,0,18,0,8,0,0,0,0,3,1,6,1,21,5,124,1,2,-1,-1,-1
2017950000043,1,19,0,5,0,8,0,0,0,0,1,1,2,1,49,8,2460,2,12,-1,1,-1
2017950000043,2,1,0,18,0,8,0,0,0,0,1,1,2,1,44,7,-1,-1,-1,-1,1,-1
2017950000045,1,9,0,4,0,1,0,0,0,0,1,1,6,2,19,4,1390,1,5,-1,2,-1
2017950000045,2,9,0,3,0,1,0,0,0,0,2,1,6,2,47,8,1560,2,1,-1,3,-1
2017950000046,1,9,0,7,0,3,0,7,0,0,3,1,6,2,83,11,998,1,16,-1,1,-1
2017950000049,1,9,0,9,0,2,0,0,0,0,4,1,6,2,21,5,-1,-1,-1,-1,2,-1
2017950000049,2,3,0,18,0,1,0,0,0,0,1,1,6,1,25,5,125,1,8,-1,1,-1
2017950000050,1,11,0,18,0,8,0,0,0,0,1,1,1,1,32,6,9360,2,6,-1,1,-1
2017950000051,1,9,0,18,0,4,0,0,0,0,1,1,6,1,21,5,1248,1,2,-1,3,-1
2017950000051,2,9,0,18,0,4,0,0,0,0,3,1,6,2,48,8,1587,1,15,-1,-1,-1
2017950000052,1,4,0,18,0,1,0,0,0,0,0,1,2,1,29,6,1063,1,13,-1,1,-1
2017950000053,1,3,0,5,0,0,1,4,0,0,1,1,6,1,32,6,599,1,16,-1,1,-1
2017950000053,2,9,0,14,0,0,0,0,0,0,2,1,6,1,33,6,1242,1,4,-1,1,-1
2017950000053,3,9,0,2,0,0,0,0,0,0,2,1,6,3,-1,-1,2143,2,6,-1,-1,-1
2017950000054,1,9,0,1,0,0,0,0,0,0,2,1,6,1,42,7,1796,1,11,-1,1,-1
2017950000054,2,8,0,3,0,0,0,0,0,0,3,1,1,1,55,8,2499,2,5,-1,1,-1
2017950000055,1,9,0,18,0,2,0,0,0,10,1,1,6,2,58,9,1599,1,9,-1,1,-1
2017950000057,1,9,0,4,0,1,0,0,0,0,1,1,1,2,21,5,1498,1,7,-1,1,-1
2017950000057,2,9,0,10,0,1,0,0,0,0,2,1,6,2,46,8,-1,-1,-1,-1,1,-1
2017950000057,3,10,0,10,0,1,0,0,0,0,2,1,1,1,68,10,2800,2,13,-1,1,-1
2017950000058,1,9,0,9,0,8,0,0,0,0,1,1,6,1,20,4,1390,1,12,-1,3,-1
2017950000058,2,19,0,18,0,1,0,0,0,0,1,1,1,1,42,7,2464,2,6,-1,1,-1
2017950000058,3,9,0,7,0,1,0,0,0,0,3,1,6,2,42,7,2996,1,9,-1,1,-1
2017950000059,1,9,0,18,0,1,0,0,0,0,1,1,6,2,49,8,1968,2,11,-1,1,-1
2017950000059,2,9,0,3,0,1,0,0,0,0,2,1,6,1,33,6,1975,1,10,-1,1,-1
2017950000059,3,9,0,3,0,1,0,0,0,0,2,1,6,1,22,5,1108,1,8,-1,2,-1
2017950000061,1,21,4,18,0,0,0,0,0,0,1,1,1,1,50,8,12902,2,4,-1,3,-1
2017950000061,2,9,0,18,0,0,0,0,0,0,2,1,6,1,44,7,1598,2,2,-1,-1,-1
2017950000061,3,9,0,18,0,0,0,0,0,0,2,1,2,1,27,6,1386,1,8,-1,1,-1
2017950000061,4,9,0,18,0,0,0,0,0,0,2,1,6,2,40,7,998,1,6,-1,3,-1
2017950000064,1,9,0,9,0,8,0,0,0,0,1,1,6,1,56,9,2351,1,11,-1,3,-1
2017950000064,2,9,0,18,0,8,0,0,0,0,2,1,6,1,55,8,1560,2,4,-1,1,-1
2017950000067,1,9,0,11,0,1,0,0,0,0,1,1,6,1,36,7,2685,2,15,-1,1,-1
2017950000069,1,19,0,4,0,0,0,0,0,0,1,1,1,1,44,7,1598,2,1,-1,1,-1
2017950000069,2,9,0,4,0,0,0,0,0,0,2,1,2,1,32,6,2993,2,7,-1,1,-1
2017950000069,3,19,0,4,0,0,0,0,0,0,2,1,6,1,23,5,1598,2,1,-1,-1,-1
2017950000070,1,9,0,18,0,0,0,10,7,7,1,1,6,1,30,6,1391,1,18,-1,3,-1
2017950000071,1,9,0,18,0,0,0,0,0,0,1,1,1,2,51,8,899,1,3,-1,3,-1
2017950000071,2,19,0,18,0,0,0,0,0,0,1,1,2,1,45,7,1248,2,6,-1,3,-1
2017950000071,3,19,0,18,0,0,0,0,0,0,2,1,2,1,43,7,1598,2,2,-1,1,-1
2017950000073,1,9,0,18,0,0,0,0,0,0,1,1,2,2,29,6,998,1,6,-1,2,-1
2017950000074,1,9,0,18,0,1,0,0,0,0,1,1,6,1,42,7,1242,1,17,-1,1,-1
2017950000075,1,9,0,9,0,8,0,0,0,0,3,1,6,1,25,5,1242,1,1,-1,1,-1
2017950000075,2,9,0,18,0,8,0,0,0,0,1,1,6,2,43,7,998,1,1,-1,1,-1
2017950000076,1,9,0,16,0,0,2,0,1,0,4,1,6,1,64,9,1999,1,4,-1,3,-1
2017950000086,1,9,0,18,0,0,0,0,0,0,1,1,2,1,59,9,1796,1,10,-1,1,-1
2017950000086,2,9,0,18,0,0,0,0,1,0,2,1,2,2,46,8,1242,1,9,-1,1,-1
2017950000086,3,9,0,18,0,0,0,0,0,0,1,1,2,1,50,8,-1,-1,-1,-1,3,-1
2017950000087,1,9,0,18,0,1,0,0,0,0,1,1,6,3,-1,-1,1870,2,11,-1,-1,-1
2017950000087,2,9,0,8,0,1,0,0,0,0,2,1,6,1,53,8,1896,2,9,-1,1,-1
2017950000091,1,9,0,9,0,8,0,0,0,0,1,1,2,1,23,5,2000,2,11,-1,1,-1
2017950000091,2,9,0,18,0,1,0,0,0,0,1,1,6,2,18,4,1328,1,11,-1,3,-1
2017950000092,1,9,0,12,0,0,0,0,0,0,1,1,6,2,36,7,1398,1,4,-1,1,-1
2017950000092,2,9,0,18,0,0,0,0,0,0,2,1,6,1,54,8,1956,2,4,-1,1,-1
2017950000092,3,9,0,18,0,0,0,0,0,0,2,1,6,1,66,10,1995,2,5,-1,1,-1
2017950000093,1,9,0,9,0,2,0,0,0,0,3,1,2,2,31,6,1997,2,12,-1,3,-1
2017950000093,2,9,0,18,0,1,0,0,0,0,3,1,2,1,44,7,-1,-1,-1,-1,3,-1
2017950000095,1,9,0,9,0,8,0,0,0,0,4,1,6,1,23,5,1900,2,13,-1,1,-1
2017950000095,2,9,0,18,0,1,0,0,0,0,1,1,1,1,56,9,4282,1,9,-1,3,-1
2017950000095,3,9,0,18,0,1,0,0,0,0,1,1,6,1,38,7,1968,2,7,-1,1,-1
2017950000095,4,9,0,18,0,1,0,0,0,0,1,1,1,1,46,8,1968,2,5,10,1,10
2017950000097,1,9,0,4,0,0,0,0,0,0,1,1,1,1,29,6,1461,2,4,-1,1,-1
2017950000097,2,9,0,18,0,0,0,0,0,0,2,1,2,2,37,7,2179,2,2,-1,3,-1
2017950000099,1,9,0,18,0,4,0,9,1,1,1,1,6,2,23,5,1240,1,7,-1,1,-1
2017950000100,1,9,0,18,0,0,0,0,0,0,1,1,6,1,17,4,1364,1,9,-1,1,-1
2017950000100,2,9,0,18,0,0,0,0,0,0,1,1,6,2,17,4,1229,1,9,-1,1,-1
2017950000101,1,9,0,18,0,8,1,0,1,9,1,1,6,2,22,5,1328,1,15,-1,3,-1
2017950000102,1,8,0,15,0,1,0,0,0,0,3,1,1,1,38,7,2143,2,4,-1,2,-1
2017950000103,1,8,0,2,0,0,0,0,0,0,3,1,1,3,-1,-1,1229,1,2,-1,-1,-1
2017950000103,2,1,0,18,0,0,0,8,0,0,1,1,2,1,24,5,-1,-1,-1,-1,1,-1
2017950000104,1,9,0,12,0,1,0,0,0,0,3,1,6,1,35,6,1461,2,8,-1,1,-1
2017950000104,2,9,0,18,0,1,0,0,0,0,4,1,6,1,50,8,1985,1,15,-1,1,-1
2017950000105,1,9,0,18,0,0,0,0,0,0,1,1,6,1,80,11,1248,1,3,-1,1,-1
2017950000105,2,9,0,18,0,0,0,0,0,0,1,1,6,1,35,6,-1,-1,-1,-1,1,-1
2017950000106,1,9,0,18,0,8,0,0,0,0,1,1,2,2,26,6,1240,1,12,-1,-1,-1
2017950000106,2,9,0,18,0,8,0,0,0,0,4,1,2,2,50,8,1197,1,1,-1,1,-1
2017950000106,3,9,0,3,0,1,0,0,0,0,1,1,6,1,34,6,1598,1,11,-1,2,-1
2017950000107,1,19,0,13,0,0,0,0,1,0,4,1,6,1,45,7,2198,2,3,-1,3,-1
2017950000107,2,9,0,13,0,0,0,0,0,0,4,1,2,1,25,5,1995,2,2,-1,1,-1
2017950000107,3,9,0,18,0,0,0,0,7,0,1,1,6,2,52,8,996,1,3,-1,1,-1
2017950000110,1,19,0,9,0,8,0,0,0,0,1,1,2,1,66,10,-1,-1,-1,-1,1,-1
2017950000110,2,4,0,18,0,1,0,0,0,0,3,1,6,1,62,9,942,1,3,-1,1,-1
2017950000112,1,9,0,9,0,8,0,0,0,0,3,1,6,3,-1,-1,-1,-1,-1,-1,-1,-1
2017950000112,2,1,0,18,0,8,0,0,0,0,2,1,6,1,19,4,-1,-1,-1,-1,3,-1
2017950000122,1,9,0,18,0,0,0,0,0,0,1,1,6,1,49,8,1988,1,16,-1,2,-1
2017950000122,2,9,0,18,0,0,0,0,0,0,2,1,2,2,41,7,1968,2,12,-1,-1,-1
2017950000122,3,19,0,18,0,0,0,0,0,0,2,1,1,1,42,7,2143,2,2,-1,3,-1
2017950000123,1,9,0,9,0,8,0,0,0,0,1,1,6,2,50,8,1197,1,2,-1,3,-1
2017950000123,2,9,0,16,0,2,0,0,0,0,3,1,2,2,27,6,1339,1,5,-1,1,-1
2017950000124,1,9,0,18,0,1,0,0,0,0,1,1,6,1,38,7,1596,1,14,-1,1,-1
2017950000125,1,9,0,4,0,0,0,0,0,0,1,1,2,2,48,8,1108,1,8,-1,2,-1
2017950000126,1,9,0,4,0,8,0,0,0,0,2,1,6,2,57,9,-1,-1,-1,-1,-1,-1
2017950000126,2,9,0,18,0,4,0,0,0,0,1,1,2,1,27,6,-1,-1,-1,-1,1,-1
2017950000134,1,19,0,18,0,1,0,0,0,0,1,1,1,1,45,7,6700,2,2,-1,1,-1
2017950000134,2,9,0,10,0,1,0,0,0,0,2,1,6,1,51,8,1461,2,1,-1,3,-1
2017950000134,3,9,0,18,0,8,0,0,1,1,1,1,1,2,48,8,2993,2,2,-1,1,-1
2017950000138,1,11,0,18,0,8,0,0,0,0,1,1,1,1,30,6,4760,2,3,-1,1,-1
2017950000139,1,9,0,17,0,0,0,0,2,11,1,1,6,2,39,7,1560,2,7,-1,3,-1
2017950000140,1,4,0,18,0,0,1,0,0,0,3,1,2,1,24,5,125,1,1,-1,1,-1
2017950000149,1,9,0,5,0,8,0,0,0,0,1,1,6,1,-1,-1,1229,1,3,-1,-1,-1
2017950000149,2,21,0,18,0,8,0,0,0,0,3,1,1,1,56,9,5132,2,1,-1,1,-1
2017950000151,1,9,0,18,0,8,0,0,0,0,1,1,2,1,65,9,1998,2,11,-1,1,-1
2017950000151,2,9,0,18,0,8,0,0,0,0,4,1,2,1,31,6,1598,1,10,-1,1,-1
2017950000162,1,9,0,18,0,1,0,0,0,0,4,1,6,2,40,7,1560,2,4,-1,1,-1
2017950000163,1,8,0,4,0,1,0,0,0,0,1,1,1,1,60,9,2402,2,11,-1,1,-1
2017950000163,2,9,0,4,0,1,0,0,0,0,2,1,2,2,36,7,1753,2,10,-1,2,-1
2017950000164,1,9,0,18,0,0,0,0,0,0,4,1,6,1,22,5,1124,1,13,-1,3,-1
2017950000178,1,19,0,18,0,0,0,0,0,0,1,1,1,1,32,6,1461,2,3,-1,1,-1
2017950000178,2,19,0,18,0,0,0,0,0,0,2,1,1,1,57,9,1560,2,3,-1,-1,-1
2017950000178,3,9,0,3,0,0,0,0,0,0,2,1,2,2,28,6,1496,1,1,-1,3,-1
2017950000178,4,19,0,18,0,0,0,0,0,0,2,1,6,1,42,7,-1,-1,-1,-1,-1,-1
2017950000179,1,1,0,18,0,0,0,0,0,0,1,1,6,1,31,6,-1,-1,-1,-1,1,-1
2017950000180,1,9,0,9,0,2,0,0,0,0,1,1,6,1,21,5,1329,1,4,-1,1,-1
2017950000180,2,9,0,18,0,1,0,0,0,0,1,1,6,1,23,5,1995,2,1,8,2,8
2017950000182,1,9,0,13,0,0,0,0,0,0,1,1,2,1,50,8,-1,-1,-1,-1,2,-1
2017950000182,2,9,0,18,0,0,0,0,1,9,1,1,2,1,45,7,1991,2,9,-1,2,-1
2017950000182,3,9,0,18,0,0,0,0,0,0,1,1,6,1,36,7,1956,2,3,-1,2,-1