Accident_Index,Vehicle_Reference,Vehicle_Type,Towing_and_Articulation,Vehicle_Manoeuvre,Vehicle_Location-Restricted_Lane,Junction_Location,Skidding_and_Overturning,Hit_Object_in_Carriageway,Vehicle_Leaving_Carriageway,Hit_Object_off_Carriageway,1st_Point_of_Impact,Was_Vehicle_Left_Hand_Drive?,Journey_Purpose_of_Driver,Sex_of_Driver,Age_of_Driver,Age_Band_of_Driver,Engine_Capacity_(CC),Propulsion_Code,Age_of_Vehicle,Driver_IMD_Decile,Driver_Home_Area_Type,Vehicle_IMD_Decile
2017950000184,1,9,0,18,0,1,0,0,0,0,1,1,6,2,18,4,1399,2,7,-1,3,-1
2017950000184,2,9,0,3,0,1,0,0,0,0,2,1,6,1,25,5,1995,2,16,2,1,2
2017950000184,3,9,0,3,0,1,0,0,0,0,2,1,2,1,23,5,1360,1,5,-1,1,-1
2017950000184,4,9,0,10,0,1,0,0,0,0,2,1,6,2,46,8,1995,2,11,-1,1,-1
2017950000185,1,11,0,16,0,2,0,0,0,0,1,1,1,1,52,8,12778,2,5,-1,1,-1
2017950000185,2,9,0,16,0,2,0,0,0,0,2,1,6,2,19,4,1198,1,11,-1,1,-1
2017950000186,1,9,0,13,0,0,0,0,1,0,1,1,6,1,24,5,1493,1,20,-1,1,-1
2017950000186,2,9,0,18,0,0,0,0,1,0,1,1,6,1,19,4,1560,2,5,-1,1,-1
2017950000190,1,9,0,18,0,0,1,0,1,0,1,1,6,1,26,6,1798,1,9,-1,1,-1
2017950000191,1,11,0,4,0,0,0,0,0,0,1,1,1,1,64,9,9600,2,21,-1,-1,-1
2017950000191,2,19,0,4,0,0,0,0,0,0,2,1,1,1,63,9,1968,2,4,-1,1,-1
2017950000192,1,9,0,6,0,8,0,0,0,0,3,1,6,1,53,8,-1,-1,-1,-1,1,-1
2017950000192,2,1,0,18,0,8,0,0,0,0,4,1,6,1,35,6,-1,-1,-1,-1,1,-1
2017950000193,1,9,0,18,0,1,0,0,0,0,1,1,2,1,24,5,1998,1,1,-1,2,-1
2017950000193,2,19,0,9,0,8,0,0,0,0,2,1,2,1,42,7,2198,2,3,-1,3,-1
2017950000194,1,9,0,7,0,4,0,0,0,0,3,1,6,1,68,10,1598,1,1,-1,1,-1
2017950000194,2,1,0,18,0,4,0,0,0,0,2,1,6,1,38,7,-1,-1,-1,-1,2,-1
2017950000195,1,9,0,7,0,8,0,0,0,0,1,1,6,2,51,8,-1,-1,-1,-1,1,-1
2017950000195,2,9,0,8,0,8,0,0,0,0,2,1,6,2,28,6,1598,1,5,-1,1,-1
2017950000196,1,9,0,14,0,0,0,0,0,0,4,1,6,1,39,7,1598,1,4,-1,1,-1
2017950000198,1,9,0,17,0,0,0,0,1,4,1,1,6,1,19,4,1396,1,12,-1,1,-1
2017950000199,1,19,0,18,0,1,0,0,0,0,1,1,1,2,32,6,1461,2,3,-1,2,-1
2017950000199,2,9,0,2,0,2,0,0,0,0,2,1,6,3,-1,-1,1398,1,7,-1,-1,-1
2017950000200,1,9,0,18,0,0,0,0,0,0,3,1,6,1,39,7,1497,8,10,-1,1,-1
2017950000201,1,9,0,9,0,8,0,0,0,0,1,1,6,1,80,11,1497,1,12,-1,2,-1
2017950000201,2,9,0,18,0,8,0,0,0,0,3,1,6,2,29,6,1198,1,6,-1,1,-1
2017950000203,1,9,0,18,0,8,5,9,3,4,1,1,6,1,87,11,1198,1,4,-1,1,-1
2017950000205,1,9,0,18,0,2,0,0,0,0,1,1,6,1,27,6,1149,1,9,-1,1,-1
2017950000206,1,9,0,4,0,1,0,0,0,0,1,1,6,1,18,4,1896,2,12,-1,3,-1
2017950000206,2,9,0,4,0,1,0,0,0,0,2,1,6,1,42,7,1997,2,5,-1,2,-1
2017950000207,1,4,0,7,0,8,1,0,1,0,1,1,6,1,56,9,680,1,9,-1,1,-1
2017950000207,2,9,0,17,0,1,0,0,0,0,1,1,6,1,38,7,1796,1,11,-1,2,-1
2017950000208,1,9,0,18,0,8,0,0,0,0,1,1,6,2,21,5,1364,1,7,-1,1,-1
2017950000208,2,9,0,18,0,8,0,0,0,0,4,1,1,1,39,7,1797,8,8,-1,-1,-1
2017950000215,1,9,0,18,0,1,0,0,0,0,2,1,6,1,52,8,-1,-1,-1,-1,3,-1
2017950000215,2,9,0,3,0,1,0,0,0,0,2,1,6,2,43,7,-1,-1,-1,-1,1,-1
2017950000216,1,9,0,18,0,0,2,0,1,0,4,1,6,2,25,5,1248,2,8,-1,3,-1
2017950000217,1,9,0,5,0,2,0,0,0,0,2,1,6,1,40,7,1984,1,1,-1,1,-1
2017950000217,2,19,0,18,0,8,0,0,0,0,1,1,1,1,19,4,2402,2,6,-1,1,-1
2017950000217,3,9,0,9,0,8,0,0,0,0,4,1,6,1,25,5,1991,1,4,-1,2,-1
2017950000218,1,9,0,18,0,4,0,0,0,0,1,1,6,2,30,6,1910,2,8,-1,2,-1
2017950000218,2,9,0,18,0,8,5,0,0,0,4,1,6,2,59,9,1991,2,12,-1,1,-1
2017950000219,1,9,0,18,0,0,0,0,0,0,1,1,6,2,19,4,1242,1,5,-1,1,-1
2017950000219,2,9,0,3,0,0,0,0,0,0,2,1,2,1,60,9,1686,2,4,-1,1,-1
2017950000221,1,10,0,14,0,0,0,8,0,0,4,1,6,1,76,11,-1,-1,-1,-1,3,-1
2017950000221,2,9,0,2,0,0,0,0,0,0,3,1,6,3,-1,-1,1956,2,6,-1,-1,-1
2017950000231,1,9,0,18,0,1,0,0,0,0,1,1,2,2,27,6,1686,2,2,-1,1,-1
2017950000231,2,9,0,4,0,1,0,0,0,0,2,1,6,1,28,6,1598,2,4,-1,1,-1
2017950000232,1,19,0,9,0,5,0,0,0,0,3,1,1,1,55,8,1753,2,10,-1,1,-1
2017950000238,1,19,0,6,0,0,0,0,0,0,3,1,1,1,47,8,1399,2,7,-1,1,-1
2017950000238,2,1,0,18,0,0,0,0,0,0,1,1,6,1,48,8,-1,-1,-1,-1,3,-1
2017950000239,1,9,0,13,0,0,0,0,0,0,4,1,6,3,-1,-1,-1,-1,-1,-1,-1,-1
2017950000239,2,1,0,18,0,0,0,0,0,0,4,1,6,1,18,4,-1,-1,-1,-1,3,-1
2017950000241,1,11,0,4,0,0,0,0,0,0,1,1,1,1,48,8,10667,2,1,-1,1,-1
2017950000241,2,9,0,18,0,0,2,0,1,9,1,1,6,2,42,7,2972,1,11,-1,1,-1
2017950000241,3,9,0,4,0,0,1,0,1,9,1,1,6,1,30,6,1339,1,7,-1,1,-1
2017950000241,4,9,0,4,0,0,0,0,0,0,2,1,6,1,56,9,2401,2,9,9,1,9
2017950000241,5,9,0,4,0,0,1,0,1,9,1,1,6,2,20,4,1398,1,1,-1,3,-1
2017950000241,6,9,0,18,0,0,2,0,1,11,1,1,6,1,30,6,-1,-1,-1,-1,3,-1
2017950000257,1,9,0,6,0,0,0,0,0,0,3,1,6,1,33,6,1598,2,2,-1,1,-1
2017950000257,2,9,0,18,0,0,0,0,0,10,1,1,6,2,20,4,1461,2,2,-1,2,-1
2017950000258,1,9,0,18,0,8,0,0,0,0,4,2,6,3,-1,-1,-1,-1,-1,-1,-1,-1
2017950000263,1,19,0,18,0,1,0,0,0,0,1,1,1,1,23,5,1560,2,8,-1,1,-1
2017950000263,2,9,0,7,0,8,0,0,0,0,2,1,2,2,49,8,1598,1,11,-1,3,-1
2017950000264,1,4,0,18,0,8,0,0,0,0,4,1,2,1,21,5,124,1,1,-1,1,-1
2017950000273,1,9,0,18,0,0,0,0,0,0,1,1,2,2,45,7,996,1,5,-1,1,-1
2017950000275,1,19,0,9,0,1,0,0,0,0,3,1,6,1,46,8,2198,2,3,-1,3,-1
2017950000275,2,4,0,18,0,1,0,0,0,0,1,1,6,1,48,8,600,1,13,-1,1,-1
2017950000275,3,9,0,18,0,1,0,0,0,0,1,1,6,2,36,7,1998,2,6,-1,1,-1
2017950000276,1,18,0,18,0,0,0,0,0,0,3,1,1,1,25,5,-1,-1,-1,-1,1,-1
2017950000277,1,9,0,7,0,1,0,0,0,0,1,1,6,1,77,11,1910,2,9,-1,2,-1
2017950000277,2,1,0,18,0,1,0,0,0,0,1,1,6,1,63,9,-1,-1,-1,-1,1,-1
2017950000287,1,9,0,17,0,0,0,0,0,0,1,1,6,1,54,8,1796,1,14,-1,1,-1
2017950000287,2,9,0,18,0,0,0,0,0,0,1,1,2,1,56,9,2204,2,10,-1,3,-1
2017950000288,1,4,0,18,0,2,0,0,1,0,4,1,2,2,33,6,296,1,2,-1,1,-1
2017950000291,1,9,0,9,0,8,0,0,0,0,2,1,6,2,18,4,1398,1,2,-1,1,-1
2017950000291,2,1,0,18,0,8,0,0,0,0,1,1,2,1,52,8,-1,-1,-1,-1,1,-1
2017950000294,1,9,0,7,0,5,1,0,0,0,1,1,2,1,18,4,1149,1,5,-1,1,-1
2017950000294,2,11,0,3,0,1,0,0,0,0,1,1,1,1,41,7,9000,2,10,-1,2,-1
2017950000294,3,9,0,2,0,1,0,0,0,0,3,1,6,3,-1,-1,998,1,2,-1,-1,-1
2017950000297,1,9,0,18,0,1,0,0,0,0,1,1,6,1,81,11,1796,1,17,-1,3,-1
2017950000297,2,9,0,4,0,1,0,0,0,0,2,1,2,2,57,9,1560,2,3,-1,3,-1
2017950000297,3,9,0,10,0,1,0,0,0,0,2,1,6,1,64,9,2494,2,11,-1,3,-1
2017950000299,1,1,0,18,0,0,0,0,0,0,1,1,6,1,16,4,-1,-1,-1,-1,3,-1
2017950000300,1,9,0,18,0,1,0,0,0,0,3,1,6,2,74,10,1396,1,15,-1,1,-1
2017950000302,1,9,0,18,0,0,0,0,0,0,1,1,6,1,40,7,1850,1,15,-1,3,-1
2017950000302,2,9,0,18,0,0,0,0,0,0,4,1,6,1,30,6,-1,-1,-1,-1,1,-1
2017950000303,1,9,0,9,0,8,0,0,0,0,1,2,6,1,47,8,-1,-1,-1,-1,1,-1
2017950000303,2,9,0,18,0,8,0,0,0,0,1,1,6,2,58,9,1388,1,7,-1,3,-1
2017950000304,1,9,0,18,0,1,5,0,7,0,3,1,2,1,46,8,1461,2,13,5,1,5
2017950000305,1,9,0,18,0,0,1,0,7,6,1,1,6,1,22,5,-1,-1,-1,-1,1,-1
2017950000306,1,9,0,18,0,0,0,0,0,0,1,1,6,1,20,4,-1,-1,-1,-1,3,-1
2017950000306,2,9,0,3,0,0,0,0,0,0,2,1,6,1,18,4,998,1,11,-1,3,-1
2017950000307,1,8,0,18,0,1,0,0,0,0,1,1,1,1,50,8,1997,2,2,-1,1,-1
2017950000307,2,3,0,3,0,1,0,0,0,0,2,1,2,1,54,8,299,1,3,-1,1,-1
2017950000308,1,90,0,18,0,0,0,0,0,0,4,1,1,1,28,6,2987,2,1,-1,1,-1
2017950000309,1,9,0,18,0,0,0,0,7,0,4,1,6,1,46,8,-1,-1,-1,-1,1,-1
2017950000309,2,9,0,18,0,0,0,0,0,0,3,1,6,1,47,8,1956,2,2,-1,3,-1
2017950000310,1,9,0,18,0,3,0,0,0,0,4,1,6,1,87,11,1108,1,8,-1,1,-1
2017950000313,1,9,0,18,0,0,1,10,0,0,4,1,6,1,34,6,1242,1,11,-1,1,-1
2017950000314,1,9,0,18,0,3,1,0,4,2,1,1,6,1,17,4,1299,1,18,-1,1,-1
2017950000315,1,9,0,16,0,0,1,0,1,4,1,1,6,2,27,6,2979,1,3,-1,1,-1
2017950000316,1,9,0,18,0,0,0,0,0,0,1,1,6,1,34,6,1984,1,11,-1,3,-1
2017950000316,2,9,0,18,0,0,0,0,0,0,2,1,6,2,21,5,1461,2,1,-1,1,-1
2017950000316,3,9,0,18,0,0,0,0,0,0,1,1,6,2,41,7,1296,1,9,-1,3,-1
2017950000317,1,9,0,18,0,0,0,0,0,0,1,1,6,1,57,9,1596,1,3,-1,1,-1
2017950000317,2,9,0,3,0,0,0,0,0,0,2,1,6,1,45,7,1596,1,16,-1,3,-1
2017950000317,3,9,0,3,0,0,0,0,0,0,2,1,6,2,51,8,1596,1,4,-1,1,-1
2017950000318,1,19,0,16,0,2,1,0,7,11,1,1,2,1,44,7,2494,2,10,-1,1,-1
2017950000319,1,3,0,13,0,1,0,0,0,0,1,1,6,1,21,5,124,1,5,-1,1,-1
2017950000319,2,9,0,9,0,8,0,0,0,0,3,2,6,1,27,6,-1,-1,-1,-1,1,-1
2017950000328,1,9,0,18,0,0,0,0,1,0,1,1,6,2,21,5,1598,1,14,-1,2,-1
2017950000330,1,19,0,6,0,0,0,0,0,0,2,1,1,1,31,6,1560,2,1,-1,1,-1
2017950000330,2,4,0,18,0,0,0,0,0,0,1,1,2,1,23,5,471,1,3,-1,2,-1
2017950000330,3,9,0,18,0,0,0,0,0,0,2,1,6,2,58,9,1998,2,2,-1,2,-1
2017950000331,1,19,0,18,0,1,0,0,0,0,1,1,6,1,34,6,2143,2,4,-1,-1,-1
2017950000331,2,9,0,5,0,1,0,0,0,0,2,1,6,2,40,7,1386,1,5,-1,1,-1
2017950000332,1,19,0,10,0,8,0,0,0,0,3,1,6,1,36,7,2198,2,3,-1,1,-1
2017950000332,2,3,0,4,0,8,0,0,0,0,1,1,6,1,22,5,125,1,5,-1,1,-1
2017950000338,1,9,0,16,0,0,2,0,0,0,3,1,6,1,52,8,2495,2,14,-1,3,-1
2017950000338,2,9,0,17,0,0,0,0,0,0,3,1,6,2,52,8,1461,2,16,-1,-1,-1
2017950000339,1,9,0,18,0,0,1,0,1,11,1,1,2,2,24,5,1398,1,3,-1,2,-1
2017950000340,1,9,0,9,0,1,0,0,0,0,1,1,6,1,31,6,1598,1,2,-1,1,-1
2017950000340,2,3,0,18,0,1,0,0,0,0,1,1,6,1,20,4,124,1,11,-1,1,-1
2017950000341,1,4,0,18,0,0,0,0,0,0,0,1,6,1,42,7,1157,1,9,-1,1,-1
2017950000342,1,9,0,7,0,1,0,0,0,0,4,1,1,2,26,6,-1,-1,-1,-1,2,-1
2017950000342,2,1,0,18,4,1,0,0,0,0,1,1,6,2,36,7,-1,-1,-1,-1,1,-1
2017950000343,1,9,0,7,0,2,0,0,0,0,1,1,6,3,-1,-1,-1,-1,-1,-1,-1,-1
2017950000344,1,19,0,9,0,1,0,0,0,0,3,1,6,1,26,6,2198,2,1,-1,-1,-1
2017950000344,2,9,0,18,0,8,0,0,0,0,4,1,6,2,73,10,1198,1,11,-1,1,-1
2017950000346,1,9,0,11,0,1,0,0,0,0,1,1,6,3,-1,-1,-1,-1,-1,-1,-1,-1
2017950000346,2,4,0,18,0,1,0,0,0,0,0,1,2,1,44,7,400,1,22,-1,3,-1
2017950000358,1,9,0,5,0,1,0,0,0,0,1,1,6,2,53,8,1461,2,3,-1,1,-1
2017950000358,2,1,0,18,0,1,0,0,0,0,1,1,6,1,26,6,-1,-1,-1,-1,1,-1
2017950000359,1,11,0,18,0,8,0,0,0,0,0,1,1,1,39,7,9000,2,1,-1,1,-1
2017950000360,1,9,0,18,0,0,1,0,7,2,3,1,6,2,29,6,1229,1,12,-1,1,-1
2017950000361,1,9,0,17,0,0,0,10,1,0,4,1,1,1,30,6,2993,2,5,-1,1,-1
2017950000362,1,9,0,18,0,0,1,0,1,11,1,1,6,1,24,5,-1,-1,-1,-1,1,-1
2017950000363,1,9,0,5,0,4,0,0,0,0,1,1,6,2,62,9,1198,1,3,-1,1,-1
2017950000363,2,1,0,18,0,8,0,0,0,0,4,1,6,1,28,6,-1,-1,-1,-1,1,-1
2017950000370,1,9,0,18,0,8,0,0,0,0,1,1,6,2,62,9,999,1,3,-1,3,-1
2017950000370,2,9,0,17,0,8,0,0,0,0,1,1,2,1,59,9,1896,2,9,-1,3,-1
2017950000371,1,9,0,18,0,0,0,0,0,0,1,1,6,2,73,10,1398,1,2,-1,1,-1
2017950000371,2,21,0,18,0,0,0,0,0,0,1,2,1,1,62,9,-1,-1,-1,-1,1,-1
2017950000371,3,9,0,18,0,0,0,0,0,0,0,1,2,2,47,8,1590,1,14,-1,3,-1
2017950000373,1,9,0,18,0,0,1,0,7,11,1,1,2,1,48,8,1360,1,10,-1,2,-1
2017950000374,1,9,0,18,0,0,0,0,0,0,1,1,6,2,41,7,1349,1,3,-1,1,-1
2017950000376,1,8,0,5,0,8,0,0,0,0,1,1,6,3,-1,-1,-1,-1,-1,-1,-1,-1
2017950000376,2,1,0,7,0,8,0,0,0,0,4,1,6,2,24,5,-1,-1,-1,-1,-1,-1
2017950000377,1,9,0,4,0,1,0,0,0,0,1,1,6,2,30,6,1596,1,18,-1,2,-1
2017950000377,2,9,0,4,0,1,0,0,0,0,2,1,6,1,29,6,1364,1,2,-1,1,-1
2017950000378,1,9,0,18,0,4,0,0,0,0,3,1,6,2,27,6,1364,1,13,-1,1,-1
2017950000378,2,4,0,18,0,3,0,0,0,0,4,1,6,1,34,6,636,1,11,-1,1,-1
2017950000379,1,9,0,18,0,2,0,0,1,10,1,1,6,2,27,6,-1,-1,-1,-1,2,-1
2017950000379,2,9,0,7,0,2,0,10,0,0,2,1,6,1,65,9,1490,1,12,-1,3,-1
2017950000380,1,9,0,18,0,0,1,0,0,0,1,1,6,1,45,7,-1,-1,-1,-1,2,-1
2017950000384,1,9,0,18,0,8,0,0,0,0,1,1,6,1,17,4,1229,1,3,-1,1,-1
2017950000384,2,9,0,18,0,8,0,0,0,0,4,1,6,1,40,7,1598,2,5,-1,1,-1
2017950000386,1,8,0,18,0,0,0,0,0,0,1,1,1,1,55,8,2143,2,3,-1,1,-1
2017950000394,1,19,0,17,0,0,1,0,7,7,1,1,1,1,38,7,2402,2,6,-1,1,-1
2017950000395,1,9,0,9,0,8,0,0,0,0,4,1,6,1,22,5,998,1,5,-1,1,-1
2017950000395,2,1,0,18,0,1,0,0,0,0,1,1,6,1,31,6,-1,-1,-1,-1,1,-1
2017950000396,1,9,0,18,0,0,5,4,0,0,4,1,6,1,63,9,1598,2,1,-1,1,-1
2017950000396,2,9,0,2,0,0,0,10,0,0,3,1,6,3,-1,-1,1997,2,4,-1,-1,-1
2017950000398,1,9,0,9,0,8,0,0,0,0,3,1,6,3,-1,-1,1796,1,13,-1,-1,-1
2017950000398,2,1,0,18,0,8,0,0,0,0,1,1,2,1,34,6,-1,-1,-1,-1,1,-1
2017950000400,1,19,0,18,0,8,0,0,0,0,3,1,2,1,56,9,1995,2,3,-1,3,-1
2017950000400,2,9,0,9,0,8,0,0,0,0,1,1,6,1,45,7,-1,-1,-1,-1,3,-1
2017950000401,1,11,0,4,0,0,0,0,0,0,0,1,1,1,39,7,9000,2,4,-1,1,-1
2017950000405,1,9,0,18,0,0,0,0,0,0,1,1,6,1,18,4,1995,1,14,-1,2,-1
2017950000405,2,9,0,16,0,0,0,0,1,0,1,1,6,1,61,9,1598,2,1,-1,-1,-1
2017950000405,3,9,0,17,0,0,0,0,1,0,1,1,6,1,18,4,1493,1,19,-1,1,-1
2017950000405,4,9,0,3,6,0,0,0,0,0,0,1,6,1,18,4,-1,-1,-1,-1,1,-1
2017950000406,1,9,0,9,0,1,0,0,0,0,1,1,6,2,59,9,1598,2,1,-1,-1,-1
2017950000406,2,19,0,18,0,8,0,0,0,0,1,1,6,1,60,9,1998,2,12,-1,3,-1
2017950000407,1,9,0,9,0,1,0,0,0,0,1,1,6,1,41,7,1198,1,9,-1,1,-1
2017950000407,2,9,0,18,0,1,0,0,0,0,3,1,6,1,66,10,1360,1,13,-1,1,-1
2017950000408,1,9,0,18,0,0,0,0,0,0,4,1,6,2,55,8,1398,1,3,-1,1,-1
2017950000410,1,9,0,18,0,4,0,0,0,0,1,1,6,1,41,7,1461,2,10,-1,-1,-1
2017950000410,2,9,0,4,0,1,0,0,0,0,2,1,6,2,65,9,1461,2,2,-1,1,-1
2017950000411,1,9,0,9,0,8,0,0,0,0,1,1,6,2,26,6,-1,-1,-1,-1,1,-1
2017950000411,2,1,0,18,0,1,0,0,0,0,1,1,2,1,55,8,-1,-1,-1,-1,1,-1
2017950000412,1,9,0,18,0,0,0,0,0,0,1,1,2,2,36,7,1399,2,9,-1,2,-1
2017950000412,2,9,0,18,0,0,0,0,0,0,2,1,6,2,19,4,1390,1,16,-1,3,-1
2017950000412,3,9,0,18,0,0,0,0,0,0,2,1,6,1,36,7,1499,1,1,-1,1,-1
2017950000413,1,9,0,9,0,2,0,0,0,0,1,1,6,2,26,6,1799,1,11,-1,-1,-1
2017950000413,2,1,0,18,0,2,0,0,0,0,1,1,6,1,24,5,-1,-1,-1,-1,1,-1
2017950000414,1,9,0,13,0,8,0,0,0,0,1,1,6,1,25,5,1586,1,2,-1,1,-1
2017950000414,2,9,0,12,0,2,0,0,0,0,2,1,2,2,53,8,-1,-1,-1,-1,1,-1
2017950000416,1,9,0,1,0,0,0,0,0,0,4,1,6,2,39,7,1591,1,6,-1,1,-1
2017950000417,1,11,0,4,0,1,0,0,0,0,0,1,1,1,33,6,7300,2,11,-1,-1,-1
2017950000418,1,9,0,9,0,8,0,0,0,0,3,1,6,2,30,6,998,1,1,-1,1,-1
2017950000418,2,19,0,18,0,1,0,0,0,0,1,1,6,1,26,6,1560,2,6,-1,2,-1
2017950000418,3,9,0,2,0,1,0,0,0,0,2,1,6,3,-1,-1,-1,-1,-1,-1,-1,-1
2017950000419,1,9,0,7,0,1,0,0,0,0,2,1,6,3,-1,-1,1560,2,11,-1,-1,-1
2017950000420,1,9,0,18,0,0,0,4,0,0,1,1,6,2,56,9,1598,1,9,-1,1,-1
2017950000420,2,9,0,4,0,0,0,0,0,0,2,1,2,1,58,9,2204,2,10,-1,1,-1
2017950000420,3,9,0,2,0,0,0,0,0,0,2,1,6,1,31,6,1390,1,11,-1,1,-1
2017950000423,1,9,0,18,0,1,0,0,7,5,1,1,6,1,39,7,1061,1,14,-1,1,-1
2017950000424,1,9,0,18,0,0,0,0,0,0,1,1,6,1,21,5,1995,1,6,-1,1,-1
2017950000424,2,9,0,18,0,0,0,0,0,0,2,1,6,1,35,6,2184,2,15,-1,1,-1
2017950000425,1,9,0,18,0,1,0,0,1,10,1,1,6,2,65,9,999,1,4,-1,1,-1
2017950000426,1,9,0,18,0,0,0,0,0,0,1,1,6,2,65,9,1395,1,2,-1,1,-1
2017950000426,2,4,0,18,0,0,0,0,0,0,4,1,6,1,54,8,-1,-1,-1,-1,1,-1
2017950000438,1,9,0,17,0,8,1,0,7,11,4,1,6,1,20,4,1242,1,9,-1,1,-1
2017950000454,1,9,0,4,0,0,0,0,0,0,1,1,1,1,51,8,1497,8,10,-1,1,-1
2017950000454,2,9,0,4,0,0,0,0,0,0,2,1,6,2,46,8,1396,1,2,-1,3,-1
2017950000455,1,9,0,4,0,8,0,0,0,0,1,1,3,2,76,11,998,1,10,-1,1,-1
2017950000456,1,9,0,5,0,1,0,0,0,0,1,1,6,1,44,7,1149,1,15,-1,1,-1
2017950000456,2,9,0,7,0,2,0,0,0,0,1,1,6,1,44,7,1242,1,1,-1,1,-1
2017950000463,1,19,0,18,0,0,0,0,7,2,1,1,1,1,42,7,1968,2,5,-1,3,-1
2017950000464,1,21,0,9,0,8,0,0,0,0,4,1,1,1,35,6,12740,2,4,-1,1,-1
2017950000464,2,9,0,18,0,1,0,0,0,0,1,1,6,2,50,8,1198,1,6,-1,3,-1
2017950000465,1,9,0,18,0,2,0,0,0,0,1,1,6,2,36,7,2143,2,1,-1,2,-1
2017950000467,1,9,0,4,0,1,0,0,0,0,1,1,6,1,34,6,1461,2,9,-1,3,-1
2017950000467,2,9,0,3,0,1,0,0,0,0,4,1,6,2,43,7,1796,1,3,-1,2,-1
2017950000468,1,19,0,1,0,1,0,0,0,0,2,1,6,1,47,8,2287,2,5,-1,1,-1
2017950000468,2,9,0,3,0,1,0,0,0,0,1,1,2,2,28,6,1368,1,8,-1,2,-1
2017950000470,1,9,0,18,0,0,1,0,1,3,1,1,6,2,17,4,1240,1,13,-1,3,-1
2017950000471,1,9,0,7,0,1,0,0,0,0,1,1,6,1,32,6,1999,1,5,-1,-1,-1
2017950000471,2,1,0,15,0,1,0,0,0,0,3,1,6,1,50,8,-1,-1,-1,-1,1,-1
2017950000472,1,9,0,16,0,0,0,0,1,11,1,1,6,1,44,7,1560,2,1,-1,-1,-1
2017950000474,1,11,0,18,0,0,0,0,0,1,4,1,6,2,49,8,4760,2,4,-1,1,-1
2017950000475,1,9,0,9,0,8,0,0,0,0,1,1,6,2,60,9,1461,2,7,-1,2,-1
2017950000475,2,1,0,18,0,8,0,0,0,0,4,1,6,2,33,6,-1,-1,-1,-1,-1,-1
2017950000476,1,9,0,9,0,1,0,0,0,0,1,1,6,1,63,9,1598,1,10,-1,1,-1
2017950000476,2,1,0,18,0,8,0,0,0,0,3,1,6,1,24,5,-1,-1,-1,-1,1,-1
2017950000477,1,9,0,16,0,0,1,0,7,0,2,1,6,1,20,4,1896,2,13,-1,1,-1
2017950000477,2,9,0,18,0,0,5,0,0,0,1,1,6,2,62,9,1242,1,12,-1,1,-1
2017950000478,1,9,0,18,0,4,0,0,0,0,1,1,6,1,43,7,1968,2,5,-1,1,-1
2017950000478,2,9,0,7,0,3,0,0,0,0,2,1,6,2,23,5,998,1,9,-1,-1,-1
2017950000479,1,21,0,11,0,0,0,0,0,0,1,1,1,1,55,8,-1,-1,-1,2,2,2
2017950000479,2,9,0,18,0,0,0,0,0,0,3,1,2,2,51,8,1399,1,7,-1,1,-1
2017950000480,1,9,0,4,0,0,1,0,1,0,1,1,6,1,28,6,1390,1,16,-1,2,-1
2017950000480,2,9,0,4,0,0,0,0,0,0,2,1,6,2,30,6,1910,2,7,-1,3,-1
2017950000481,1,3,0,18,0,1,0,0,0,0,1,1,6,1,19,4,-1,-1,-1,-1,1,-1
2017950000481,2,9,0,18,0,2,0,0,0,0,3,1,6,2,19,4,1242,1,6,-1,1,-1
2017950000482,1,9,0,18,0,8,0,0,0,0,1,1,6,2,21,5,1199,1,14,-1,2,-1
2017950000482,2,9,0,18,0,1,0,0,7,11,1,1,6,2,41,7,1994,2,8,-1,3,-1
2017950000485,1,9,0,18,0,0,0,0,7,10,1,1,2,1,69,10,-1,-1,-1,-1,1,-1
2017950000486,1,19,0,2,0,1,0,0,0,0,3,1,6,3,-1,-1,1753,2,10,-1,-1,-1
2017950000486,2,1,0,18,0,1,0,0,0,0,1,1,6,2,21,5,-1,-1,-1,-1,1,-1
2017950000488,1,9,0,18,0,2,0,0,0,0,1,1,6,2,17,4,1200,1,2,-1,3,-1
2017950000488,2,21,0,18,0,1,0,0,0,0,3,1,1,1,30,6,11705,2,10,-1,1,-1
2017950000490,1,11,0,18,2,0,0,0,0,0,0,1,1,1,24,5,7300,2,13,-1,1,-1
2017950000491,1,19,0,12,0,1,0,0,0,0,0,1,6,3,-1,-1,-1,-1,-1,-1,-1,-1
2017950000491,2,11,0,18,0,1,0,0,0,0,0,1,1,1,45,7,5132,2,2,-1,1,-1
2017950000493,1,9,0,16,0,0,0,0,0,0,1,1,2,1,21,5,1598,2,6,-1,1,-1
2017950000493,2,9,0,18,0,0,0,0,0,0,1,1,2,1,43,7,1794,1,10,-1,1,-1
2017950000494,1,9,0,16,0,0,0,0,0,0,1,1,6,2,73,10,-1,-1,-1,-1,1,-1
2017950000494,2,19,0,18,0,0,0,0,0,0,1,1,1,1,52,8,2998,2,3,-1,1,-1
2017950000507,1,19,0,18,0,1,0,0,0,0,4,1,1,1,49,8,2143,2,3,-1,1,-1
2017950000515,1,9,0,18,0,8,0,0,0,0,1,1,6,1,53,8,1968,2,4,-1,1,-1
2017950000517,1,9,0,18,0,1,0,0,0,0,1,1,6,2,58,9,1229,1,8,7,3,7
2017950000517,2,9,0,3,0,1,0,0,0,0,2,1,6,2,23,5,998,1,6,-1,1,-1
2017950000518,1,11,0,18,0,0,0,0,0,0,4,1,1,1,67,10,7300,2,11,-1,3,-1
2017950000519,1,9,0,7,0,2,0,0,1,1,1,1,6,2,18,4,1149,1,10,-1,2,-1