Accident_Index,Vehicle_Reference,Vehicle_Type,Towing_and_Articulation,Vehicle_Manoeuvre,Vehicle_Location-Restricted_Lane,Junction_Location,Skidding_and_Overturning,Hit_Object_in_Carriageway,Vehicle_Leaving_Carriageway,Hit_Object_off_Carriageway,1st_Point_of_Impact,Was_Vehicle_Left_Hand_Drive?,Journey_Purpose_of_Driver,Sex_of_Driver,Age_of_Driver,Age_Band_of_Driver,Engine_Capacity_(CC),Propulsion_Code,Age_of_Vehicle,Driver_IMD_Decile,Driver_Home_Area_Type,Vehicle_IMD_Decile
2017950000520,1,9,0,18,0,1,0,0,0,0,1,1,6,1,22,5,2494,1,14,-1,1,-1
2017950000520,2,19,0,9,0,8,0,0,0,0,4,1,6,1,61,9,2499,2,9,-1,3,-1
2017950000521,1,9,0,18,0,1,0,0,0,0,1,1,6,2,29,6,1582,2,4,-1,-1,-1
2017950000521,2,9,0,7,0,1,0,0,0,0,2,1,6,2,44,7,1364,1,4,-1,3,-1
2017950000522,1,19,0,18,0,0,0,0,0,0,1,1,6,1,34,6,1998,2,13,-1,2,-1
2017950000522,2,9,0,3,0,0,0,0,0,0,2,1,6,1,36,7,-1,-1,-1,-1,2,-1
2017950000523,1,1,0,18,0,8,0,0,0,0,1,1,6,1,31,6,-1,-1,-1,-1,1,-1
2017950000523,2,9,0,9,0,8,0,0,0,0,1,1,6,1,61,9,1560,2,4,-1,1,-1
2017950000524,1,9,0,11,0,1,1,0,1,0,4,1,2,1,31,6,1798,1,10,-1,2,-1
2017950000524,2,9,0,18,0,1,1,0,1,0,3,1,6,1,54,8,1388,1,13,-1,2,-1
2017950000525,1,9,0,9,0,8,0,0,0,0,1,1,6,2,62,9,1248,1,7,-1,3,-1
2017950000525,2,9,0,17,0,8,0,0,0,0,1,1,6,2,57,9,1461,2,1,-1,2,-1
2017950000527,1,1,0,18,0,8,0,0,0,0,0,1,2,1,53,8,-1,-1,-1,-1,1,-1
2017950000527,2,9,0,4,0,1,0,0,0,0,0,1,2,1,39,7,1781,1,14,-1,-1,-1
2017950000528,1,11,0,18,0,1,0,0,0,0,0,1,1,1,37,7,5132,2,2,-1,3,-1
2017950000530,1,9,0,17,0,0,2,0,8,4,1,1,6,2,27,6,1587,1,15,-1,1,-1
2017950000531,1,9,0,9,0,6,0,0,0,0,1,1,2,1,42,7,2400,2,1,-1,3,-1
2017950000531,2,4,0,18,0,1,0,0,0,0,1,1,6,1,51,8,849,1,26,-1,1,-1
2017950000533,1,9,0,3,0,1,0,0,0,0,4,1,6,3,-1,-1,-1,-1,-1,-1,-1,-1
2017950000533,2,1,0,15,0,1,0,0,0,0,1,1,2,1,54,8,-1,-1,-1,-1,1,-1
2017950000534,1,4,0,18,0,0,1,0,0,0,4,1,6,1,51,8,995,1,13,-1,1,-1
2017950000535,1,9,0,9,0,8,0,0,0,0,1,1,6,1,34,6,1240,1,12,-1,3,-1
2017950000535,2,9,0,18,0,1,0,0,0,0,1,1,6,2,86,11,1198,1,8,-1,1,-1
2017950000537,1,9,0,9,0,8,0,0,0,0,3,1,6,2,23,5,1390,1,9,-1,1,-1
2017950000537,2,1,0,18,0,1,0,0,0,0,1,1,6,1,64,9,-1,-1,-1,-1,1,-1
2017950000538,1,9,0,9,4,0,0,0,0,0,1,1,6,3,-1,-1,1560,2,8,-1,-1,-1
2017950000538,2,1,0,18,4,0,0,0,0,0,1,1,2,1,42,7,-1,-1,-1,-1,1,-1
2017950000539,1,90,0,18,0,1,0,0,0,0,4,1,6,3,-1,-1,-1,-1,-1,-1,-1,-1
2017950000541,1,9,0,18,0,2,0,0,0,0,1,1,6,1,21,5,1997,2,9,-1,1,-1
2017950000560,1,11,0,5,0,1,0,0,0,0,0,1,1,1,28,6,4760,2,4,-1,1,-1
2017950000561,1,19,0,18,0,1,0,0,0,0,1,1,1,1,18,4,1248,2,9,-1,3,-1
2017950000561,2,9,0,4,0,1,0,0,0,0,2,1,6,2,40,7,1499,2,1,-1,3,-1
2017950000561,3,9,0,18,0,1,0,0,0,0,2,1,6,1,47,8,1968,2,3,-1,3,-1
2017950000561,4,9,0,3,0,8,0,0,0,0,2,1,6,1,37,7,1197,1,4,-1,1,-1
2017950000561,5,9,0,3,0,8,0,0,0,0,2,1,6,1,55,8,1586,1,2,-1,2,-1
2017950000563,1,9,0,9,0,1,0,0,0,0,2,1,6,1,30,6,-1,-1,-1,-1,1,-1
2017950000563,2,1,0,18,0,1,0,0,0,0,1,1,6,1,15,3,-1,-1,-1,-1,1,-1
2017950000565,1,9,0,6,0,1,0,0,0,0,4,1,6,1,57,9,1560,2,2,-1,1,-1
2017950000565,2,9,0,18,0,1,0,0,0,0,1,1,2,1,22,5,1199,1,13,-1,1,-1
2017950000567,1,9,0,18,0,8,0,0,0,0,1,1,2,2,60,9,1398,2,12,-1,2,-1
2017950000584,1,9,0,18,0,0,0,4,0,0,1,1,2,1,19,4,1149,1,8,-1,1,-1
2017950000584,2,19,0,2,0,0,0,0,0,0,2,1,6,3,-1,-1,6692,2,5,-1,-1,-1
2017950000586,1,9,0,18,0,0,0,0,0,0,1,2,1,1,23,5,-1,-1,-1,-1,2,-1
2017950000586,2,9,0,3,0,0,0,0,0,0,2,1,6,2,28,6,1598,1,6,-1,1,-1
2017950000593,1,9,0,9,0,4,1,10,1,11,1,1,6,3,-1,-1,2616,1,8,-1,-1,-1
2017950000593,2,9,0,18,0,4,0,0,0,0,3,1,6,1,46,8,1339,8,7,-1,1,-1
2017950000595,1,9,0,4,0,1,0,0,0,0,1,1,6,2,28,6,1598,1,14,-1,1,-1
2017950000595,2,9,0,10,0,1,0,0,0,0,2,1,6,1,40,7,1686,2,12,-1,3,-1
2017950000620,1,9,0,9,0,1,0,0,0,0,4,1,6,1,44,7,1796,1,5,-1,2,-1
2017950000620,2,19,0,18,0,1,0,0,0,0,1,1,1,1,65,9,1560,2,3,-1,1,-1
2017950000625,1,9,0,18,0,0,0,0,0,0,3,1,6,1,51,8,1560,2,4,-1,2,-1
2017950000633,1,9,0,9,0,1,0,0,0,0,1,1,2,2,38,7,1398,2,14,-1,2,-1
2017950000636,1,10,0,13,0,0,0,0,0,0,1,1,6,1,51,8,2402,2,6,-1,2,-1
2017950000636,2,9,0,18,0,0,0,0,0,0,1,1,6,1,65,9,1332,1,11,-1,2,-1
2017950000636,3,21,0,18,0,0,0,0,0,0,3,1,1,1,55,8,12130,2,15,-1,3,-1
2017950000637,1,3,0,4,0,0,0,0,0,0,0,1,6,1,20,4,125,1,2,-1,1,-1
2017950000638,1,9,0,18,0,1,0,0,0,0,1,1,6,2,68,10,1386,1,9,-1,1,-1
2017950000639,1,9,0,18,0,1,0,0,0,0,1,1,3,2,18,4,1200,1,3,-1,1,-1
2017950000639,2,9,0,10,0,1,0,0,0,0,2,1,6,1,49,8,1968,2,5,-1,1,-1
2017950000640,1,9,0,5,0,1,0,0,0,0,1,1,1,1,38,7,1796,1,14,-1,1,-1
2017950000649,1,1,0,9,0,1,0,0,7,0,1,1,6,1,32,6,-1,-1,-1,-1,1,-1
2017950000649,2,9,0,18,0,8,0,0,0,0,1,1,6,1,53,8,1086,1,12,-1,3,-1
2017950000650,1,9,0,7,0,1,0,0,0,0,1,1,6,1,47,8,2204,2,9,-1,1,-1
2017950000650,2,9,0,7,0,1,0,0,0,0,2,1,6,1,49,8,1560,2,4,-1,1,-1
2017950000651,1,11,0,5,2,1,0,0,0,0,1,1,1,1,43,7,7300,2,12,-1,-1,-1
2017950000652,1,9,0,5,0,0,0,0,0,0,1,1,6,2,37,7,1598,1,11,-1,1,-1
2017950000653,1,9,0,18,0,8,0,0,0,0,3,1,2,2,39,7,1560,2,8,-1,3,-1
2017950000653,2,1,0,9,0,8,0,0,0,0,1,1,2,1,60,9,-1,-1,-1,-1,1,-1
2017950000654,1,9,0,5,0,6,0,0,0,0,1,1,6,1,63,9,1998,1,14,-1,1,-1
2017950000666,1,11,0,18,0,1,0,0,0,0,0,1,2,1,27,6,4760,2,3,-1,-1,-1
2017950000667,1,9,0,7,0,8,0,0,0,0,1,1,6,1,56,9,1388,1,14,-1,3,-1
2017950000668,1,9,0,18,0,1,0,0,0,0,3,1,1,1,42,7,1497,8,9,-1,1,-1
2017950000668,2,11,0,18,0,1,0,0,0,0,3,1,1,1,47,8,9360,2,10,-1,1,-1
2017950000669,1,9,0,7,0,8,0,0,0,0,1,1,6,2,33,6,2000,2,6,-1,1,-1
2017950000669,2,19,0,17,0,8,0,0,0,0,1,1,6,1,28,6,1998,2,13,-1,1,-1
2017950000670,1,9,0,9,0,8,0,0,0,0,1,1,6,2,27,6,1984,1,16,-1,1,-1
2017950000670,2,9,0,18,0,8,0,0,0,0,3,1,6,1,22,5,1499,2,1,-1,1,-1
2017950000671,1,9,0,9,0,2,0,0,0,0,1,1,6,1,-1,-1,998,1,11,-1,3,-1
2017950000671,2,4,0,7,0,2,0,0,0,0,1,1,6,1,44,7,749,1,4,-1,2,-1
2017950000672,1,9,0,18,0,0,0,0,0,0,1,1,1,2,36,7,1685,2,5,-1,1,-1
2017950000672,2,9,0,18,0,0,0,0,0,0,2,1,6,1,54,8,2231,2,10,-1,3,-1
2017950000673,1,19,0,9,0,8,0,0,0,0,1,1,6,1,28,6,2287,2,5,-1,1,-1
2017950000673,2,9,0,10,0,8,0,0,0,0,2,1,6,1,31,6,1242,1,14,-1,1,-1
2017950000674,1,11,0,3,0,0,0,0,0,0,0,1,1,1,57,9,9360,2,9,-1,2,-1
2017950000675,1,22,0,18,9,1,0,0,0,0,1,1,6,3,-1,-1,-1,-1,-1,-1,-1,-1
2017950000676,1,9,0,9,0,8,0,0,0,0,3,1,6,2,45,7,1499,2,2,-1,2,-1
2017950000678,1,9,0,18,0,0,2,0,7,11,3,1,6,1,33,6,1149,1,13,-1,1,-1
2017950000679,1,9,0,18,0,3,0,0,0,0,1,1,6,1,21,5,-1,-1,-1,-1,1,-1
2017950000679,2,9,0,18,0,8,0,0,0,0,4,1,6,1,65,9,1910,2,10,-1,1,-1
2017950000680,1,19,0,18,0,8,0,0,0,0,4,2,2,1,26,6,-1,-1,-1,-1,-1,-1
2017950000680,2,9,0,18,0,1,0,0,0,0,1,1,6,2,57,9,1198,1,8,-1,1,-1
2017950000681,1,9,0,4,0,1,1,0,0,0,1,1,2,1,37,7,1390,1,8,-1,1,-1
2017950000681,2,17,0,3,0,1,0,0,0,0,2,1,1,3,-1,-1,-1,-1,-1,-1,-1,-1
2017950000682,1,9,0,18,0,0,0,0,0,0,1,1,6,1,63,9,1598,2,2,-1,1,-1
2017950000688,1,9,0,18,0,4,0,0,0,0,1,1,6,2,63,9,-1,-1,-1,-1,1,-1
2017950000688,2,1,0,18,0,8,0,0,0,0,1,1,6,1,47,8,-1,-1,-1,-1,1,-1
2017950000689,1,9,0,18,0,1,0,0,0,0,1,1,6,1,33,6,1968,2,11,-1,1,-1
2017950000690,1,8,0,18,0,0,0,0,0,0,1,1,6,1,44,7,2664,2,18,-1,1,-1
2017950000690,2,9,0,18,0,0,0,0,0,0,2,1,1,1,34,6,2200,2,10,-1,1,-1
2017950000701,1,9,0,18,0,0,0,0,1,9,1,1,2,2,38,7,1896,2,18,-1,1,-1
2017950000703,1,11,0,4,7,0,0,0,0,0,0,1,1,1,53,8,9360,2,10,-1,1,-1
2017950000705,1,9,0,7,0,8,0,0,0,0,4,1,6,2,46,8,-1,-1,-1,-1,3,-1
2017950000705,2,1,0,18,0,8,0,0,0,0,1,1,6,1,44,7,-1,-1,-1,-1,2,-1
2017950000707,1,9,0,4,0,1,0,0,0,0,1,1,6,1,44,7,1399,2,14,-1,1,-1
2017950000707,2,9,0,10,0,1,0,0,0,0,2,1,6,1,45,7,1598,2,1,-1,3,-1
2017950000708,1,19,0,18,0,0,0,0,0,0,1,1,1,1,29,6,1560,2,2,-1,1,-1
2017950000708,2,19,0,4,0,0,0,0,0,0,2,1,2,1,33,6,2143,2,3,-1,2,-1
2017950000708,3,9,0,4,0,0,0,0,0,0,2,1,6,2,30,6,1198,1,5,-1,1,-1
2017950000708,4,9,0,4,0,0,0,0,0,0,2,1,2,2,42,7,1582,2,-1,-1,1,-1
2017950000713,1,9,0,9,0,2,0,0,0,0,1,1,1,1,53,8,2497,2,12,-1,1,-1
2017950000713,2,19,0,18,0,2,0,0,0,0,1,1,1,1,27,6,1560,2,3,-1,3,-1
2017950000718,1,9,0,9,0,8,0,0,0,0,4,1,6,2,17,4,1248,1,7,-1,3,-1
2017950000718,2,9,0,18,0,8,0,0,0,0,1,1,2,1,41,7,1995,2,13,-1,1,-1
2017950000720,1,9,0,5,0,4,0,0,0,0,1,1,2,1,29,6,1398,1,9,-1,1,-1
2017950000720,2,1,0,18,0,3,0,0,0,0,2,1,2,1,52,8,-1,-1,-1,-1,1,-1
2017950000721,1,11,0,16,0,1,0,0,0,0,0,1,1,1,54,8,7300,2,11,-1,1,-1
2017950000723,1,9,0,4,0,0,0,0,0,0,1,1,6,2,-1,-1,1796,1,13,-1,-1,-1
2017950000723,2,9,0,4,0,0,0,0,0,0,2,1,6,2,44,7,1598,1,10,-1,1,-1
2017950000726,1,9,0,18,0,1,0,0,1,9,1,1,2,2,47,8,1339,1,3,-1,3,-1
2017950000726,2,9,0,7,0,1,0,0,1,0,2,1,6,2,23,5,1461,2,5,-1,1,-1
2017950000742,1,9,0,9,0,2,0,0,0,0,1,1,6,2,30,6,998,1,9,-1,1,-1
2017950000748,1,9,0,18,0,0,5,0,1,0,1,1,6,1,24,5,2198,2,12,-1,2,-1
2017950000749,1,9,0,18,0,0,0,0,0,0,4,1,6,2,24,5,1198,1,11,-1,1,-1
2017950000749,2,1,0,18,0,0,0,0,0,0,3,1,2,1,44,7,-1,-1,-1,-1,1,-1
2017950000750,1,9,0,18,2,0,0,10,1,0,3,1,6,1,36,7,1390,1,6,-1,1,-1
2017950000751,1,9,0,1,0,0,0,0,0,0,4,1,6,3,-1,-1,-1,-1,-1,-1,-1,-1
2017950000759,1,9,0,18,0,0,0,0,0,0,1,1,6,2,32,6,1796,1,12,-1,1,-1
2017950000766,1,90,0,11,0,0,0,0,0,0,1,1,1,1,53,8,-1,-1,-1,-1,1,-1
2017950000766,2,9,0,18,0,0,0,0,0,0,3,1,6,1,73,10,1390,1,6,-1,1,-1
2017950000767,1,9,0,9,0,1,0,0,0,0,1,1,6,1,83,11,1388,1,8,-1,1,-1
2017950000767,2,1,0,18,0,2,0,0,0,0,2,1,2,2,41,7,-1,-1,-1,-1,1,-1
2017950000768,1,9,0,18,0,1,0,0,0,0,1,1,6,2,35,6,1598,2,3,-1,1,-1
2017950000768,2,9,0,3,0,1,0,0,0,0,2,1,6,2,30,6,-1,-1,-1,-1,1,-1
2017950000768,3,9,0,10,0,1,0,0,0,0,2,1,6,2,29,6,1598,1,11,-1,-1,-1
2017950000769,1,3,0,13,2,0,0,7,0,0,4,1,6,1,14,3,-1,-1,-1,-1,1,-1
2017950000769,2,11,0,18,2,0,0,0,0,0,3,1,1,1,54,8,8300,2,13,-1,1,-1
2017950000770,1,9,0,18,0,2,0,0,0,0,1,1,6,1,22,5,1149,1,10,-1,3,-1
2017950000771,1,9,0,17,0,0,0,0,0,0,1,1,6,2,35,6,1199,1,13,-1,1,-1
2017950000771,2,3,0,16,0,0,0,0,0,0,1,1,6,1,23,5,125,1,2,-1,1,-1
2017950000772,1,4,0,7,0,8,1,0,0,0,1,1,6,1,41,7,749,1,4,-1,1,-1
2017950000773,1,9,0,18,0,1,0,0,0,0,1,1,6,1,43,7,1364,1,9,-1,1,-1
2017950000773,2,8,0,3,0,1,0,0,0,0,2,1,1,1,60,9,2664,2,17,-1,1,-1
2017950000775,1,8,0,5,0,1,0,0,0,0,1,1,1,1,50,8,2402,2,13,-1,1,-1
2017950000775,2,9,0,8,0,1,0,0,0,0,2,1,6,1,31,6,1582,2,6,-1,1,-1
2017950000784,1,9,0,18,0,0,0,0,1,2,1,1,6,1,45,7,-1,-1,-1,2,1,2
2017950000790,1,9,0,18,0,0,0,0,0,0,1,1,2,2,30,6,1997,2,15,-1,1,-1
2017950000790,2,9,0,18,0,0,0,0,0,0,2,1,2,1,51,8,1997,2,8,-1,1,-1
2017950000795,1,9,0,5,0,0,0,0,0,0,3,1,6,2,70,10,2495,2,13,-1,1,-1
2017950000795,2,11,0,18,0,0,0,0,0,0,4,1,6,1,40,7,9360,2,7,-1,1,-1
2017950000800,1,9,0,16,0,0,0,4,0,0,1,1,6,3,-1,-1,1997,2,11,-1,-1,-1
2017950000800,2,9,0,18,0,0,0,0,0,0,3,1,2,2,39,7,1422,2,12,-1,1,-1
2017950000800,3,9,0,2,0,0,0,0,0,0,4,1,6,3,-1,-1,1386,1,8,-1,-1,-1
2017950000801,1,19,0,1,0,0,0,0,0,0,2,1,6,3,-1,-1,1868,2,11,-1,-1,-1
2017950000801,2,9,0,3,0,0,0,0,0,0,2,1,6,1,47,8,1997,1,14,-1,1,-1
2017950000803,1,9,0,17,0,0,2,0,1,4,3,1,2,1,26,6,1149,1,12,-1,1,-1
2017950000804,1,90,0,18,0,0,0,0,0,0,4,1,6,3,-1,-1,-1,-1,-1,-1,-1,-1
2017950000804,2,1,0,18,0,0,0,0,0,0,1,1,6,1,22,5,-1,-1,-1,-1,1,-1
2017950000805,1,8,0,5,0,1,0,0,0,0,1,1,6,1,46,8,2143,2,2,-1,3,-1
2017950000805,2,1,0,5,0,1,0,0,0,0,3,1,6,1,43,7,-1,-1,-1,-1,1,-1
2017950000806,1,9,0,18,0,0,0,0,7,4,1,1,6,1,26,6,1896,2,9,-1,1,-1
2017950000807,1,11,0,5,0,0,0,0,0,0,0,1,6,1,54,8,5132,2,2,-1,3,-1
2017950000812,1,9,0,18,0,2,0,0,1,1,1,1,6,2,26,6,2179,2,3,-1,1,-1
2017950000815,1,9,0,18,0,1,0,4,0,0,1,1,2,1,30,6,1598,1,9,-1,1,-1
2017950000815,2,9,0,2,0,1,0,0,0,0,2,1,6,3,-1,-1,1149,1,8,-1,-1,-1
2017950000834,1,9,0,13,0,3,0,0,0,0,1,1,6,1,35,6,1598,2,6,2,1,2
2017950000834,2,9,0,18,1,1,0,0,0,0,2,1,2,2,49,8,-1,-1,-1,-1,1,-1
2017950000835,1,9,0,9,0,8,0,0,0,0,3,1,6,2,35,6,1995,2,4,-1,1,-1
2017950000835,2,19,0,18,0,8,0,0,0,0,1,1,6,1,49,8,2477,2,7,-1,3,-1
2017950000835,3,9,0,2,0,8,0,0,0,0,1,1,6,3,-1,-1,1997,1,15,-1,-1,-1
2017950000835,4,9,0,2,0,8,0,0,0,0,2,1,6,3,-1,-1,1968,2,11,-1,-1,-1
2017950000839,1,19,0,7,0,1,0,0,0,0,4,1,6,1,56,9,2198,2,2,-1,1,-1
2017950000839,2,1,0,18,0,1,0,0,0,0,1,1,6,1,48,8,-1,-1,-1,-1,1,-1
2017950000841,1,9,0,18,0,1,0,10,0,0,1,1,6,2,31,6,1995,2,4,-1,1,-1
2017950000841,2,9,0,18,0,1,0,0,0,0,2,1,6,1,22,5,1390,1,3,-1,1,-1
2017950000842,1,19,0,9,0,8,0,0,0,0,1,2,1,1,57,9,1968,2,4,-1,3,-1
2017950000842,2,21,0,18,0,1,0,0,7,1,1,1,1,1,41,7,12777,2,1,-1,-1,-1
2017950000844,1,9,0,18,0,3,0,0,0,0,1,1,2,2,45,7,1598,1,7,-1,2,-1
2017950000844,2,9,0,18,0,3,0,0,0,0,2,1,6,2,28,6,1229,1,4,-1,1,-1
2017950000853,1,1,0,18,0,8,0,0,0,0,1,1,6,2,33,6,-1,-1,-1,-1,1,-1
2017950000862,1,9,0,9,0,2,0,0,0,0,0,1,6,3,-1,-1,-1,-1,-1,-1,-1,-1
2017950000862,2,11,0,18,0,1,0,0,0,0,0,1,6,1,44,7,7300,2,4,-1,1,-1
2017950000878,1,9,0,4,0,1,0,0,0,0,1,1,6,1,19,4,1995,1,8,-1,1,-1
2017950000878,2,9,0,3,0,1,0,0,0,0,2,1,6,1,41,7,1968,2,1,-1,1,-1
2017950000880,1,19,0,18,0,8,0,0,0,0,1,1,1,1,28,6,2143,2,3,-1,1,-1
2017950000884,1,9,0,9,0,8,1,0,1,4,1,1,1,2,41,7,998,1,17,-1,1,-1
2017950000886,1,11,0,18,0,4,0,0,0,0,0,1,1,1,31,6,5132,2,1,-1,-1,-1
2017950000887,1,9,0,18,0,1,0,0,0,0,1,1,6,2,56,9,2179,2,5,-1,1,-1
2017950000887,2,9,0,10,0,1,0,0,0,0,2,1,6,2,29,6,1596,1,8,-1,1,-1
2017950000888,1,9,0,9,0,2,0,0,0,0,1,1,2,1,34,6,1968,2,1,-1,1,-1
2017950000888,2,1,0,14,0,8,0,0,0,0,1,1,2,1,32,6,-1,-1,-1,-1,1,-1
2017950000890,1,19,0,18,0,1,0,0,3,0,1,1,2,1,29,6,2287,2,4,-1,1,-1
2017950000891,1,9,0,9,0,8,0,0,0,0,1,1,6,3,-1,-1,-1,-1,-1,-1,-1,-1
2017950000891,2,3,0,9,0,2,0,0,0,0,0,1,6,1,49,8,125,1,4,-1,1,-1
2017950000892,1,19,0,9,0,6,0,0,0,0,1,1,6,1,85,11,2151,2,14,-1,3,-1
2017950000892,2,4,0,13,0,1,0,0,0,0,1,1,6,1,30,6,847,1,2,-1,2,-1
2017950000902,1,9,0,18,0,1,0,0,0,0,1,1,6,2,63,9,1798,1,10,-1,2,-1
2017950000902,2,9,0,8,0,1,0,0,0,0,2,1,6,1,32,6,1600,2,6,-1,3,-1
2017950000903,1,9,0,9,0,3,0,0,0,0,1,1,2,1,22,5,2979,1,14,-1,1,-1
2017950000904,1,9,0,18,0,0,0,0,0,0,0,1,6,1,56,9,2099,2,10,-1,1,-1
2017950000904,2,8,0,18,0,0,0,0,0,0,0,1,1,1,52,8,2143,2,3,-1,1,-1
2017950000910,1,9,0,18,0,0,0,0,0,0,1,1,6,1,43,7,2995,1,5,-1,1,-1
2017950000910,2,9,0,18,0,0,0,0,0,0,3,1,6,1,19,4,-1,-1,-1,-1,1,-1
2017950000916,1,9,0,5,0,4,0,0,0,0,1,1,6,2,65,9,1200,1,3,-1,1,-1
2017950000916,2,1,0,5,0,4,0,0,0,0,2,1,6,2,55,8,-1,-1,-1,-1,1,-1
2017950000924,1,1,0,18,0,0,1,0,0,0,1,1,6,3,-1,-1,-1,-1,-1,-1,-1,-1
2017950000925,1,9,0,18,0,0,0,0,2,11,1,1,6,1,18,4,1398,1,1,-1,1,-1
2017950000939,1,9,0,9,0,8,0,0,0,0,1,1,6,1,80,11,1598,1,15,-1,1,-1
2017950000939,2,1,0,18,0,1,0,0,0,0,1,1,6,1,25,5,-1,-1,-1,-1,1,-1
2017950000940,1,9,0,5,0,0,0,0,0,0,0,1,6,2,45,7,1199,1,13,-1,1,-1
2017950000940,2,9,0,18,0,0,0,0,1,4,1,1,6,2,29,6,-1,-1,-1,-1,2,-1
2017950000941,1,9,0,6,0,0,0,0,0,0,1,1,6,1,77,11,1598,1,11,-1,1,-1
2017950000941,2,9,0,11,0,0,0,0,0,0,4,1,6,2,42,7,1422,2,13,-1,1,-1
2017950000961,1,9,0,7,0,1,1,0,1,11,1,1,6,1,17,4,1149,1,15,-1,2,-1
2017950000962,1,9,0,15,0,1,0,0,0,0,1,1,6,3,-1,-1,-1,-1,-1,-1,-1,-1
2017950000962,2,1,0,9,0,1,0,0,0,0,2,1,6,1,43,7,-1,-1,-1,-1,2,-1
2017950000963,1,3,0,18,0,1,0,0,0,0,1,1,6,1,36,7,100,1,15,-1,2,-1
2017950000965,1,9,0,13,0,0,0,0,0,0,4,1,6,2,64,9,1461,2,6,-1,1,-1
2017950000965,2,4,0,18,0,0,0,0,0,0,3,1,2,1,34,6,656,1,6,-1,1,-1
2017950000967,1,11,0,5,2,0,0,0,0,0,0,1,1,1,54,8,4760,2,4,-1,1,-1
2017950000968,1,11,0,9,0,2,0,0,0,0,0,1,1,1,48,8,9360,2,8,-1,2,-1
2017950000969,1,9,0,5,0,2,0,0,0,0,1,1,6,1,27,6,1499,1,1,-1,1,-1
2017950000969,2,9,0,4,0,2,0,0,0,0,2,1,2,1,50,8,1149,1,14,-1,3,-1
2017950000977,1,9,0,4,0,0,0,0,0,0,1,1,2,1,61,9,1968,2,10,-1,1,-1
2017950000977,2,9,0,4,0,0,0,0,0,0,2,1,2,1,39,7,1796,1,15,-1,2,-1
2017950000977,3,9,0,4,0,0,0,0,0,0,2,1,2,1,41,7,1560,2,5,-1,1,-1
2017950000977,4,9,0,4,0,0,0,0,0,0,2,1,6,1,59,9,2198,1,15,-1,-1,-1
2017950000978,1,11,0,3,2,0,0,0,0,0,0,1,1,1,39,7,9360,2,8,-1,3,-1
2017950000980,1,9,0,7,0,4,0,0,0,0,3,1,6,1,88,11,1399,1,8,-1,2,-1
2017950000980,2,1,0,18,0,8,0,0,0,0,4,1,6,1,68,10,-1,-1,-1,-1,-1,-1
2017950000981,1,21,0,17,0,8,0,0,3,11,1,1,1,1,28,6,11705,2,8,-1,2,-1
2017950000984,1,11,0,7,2,1,0,0,0,0,1,1,1,1,36,7,9360,2,10,-1,1,-1
2017950000985,1,19,0,7,0,1,0,0,0,0,1,1,1,1,30,6,1598,2,1,-1,-1,-1
2017950000986,1,9,0,9,0,8,0,0,0,0,1,1,6,1,20,4,1390,1,15,-1,1,-1
2017950000986,2,9,0,18,0,8,0,0,0,0,1,1,6,2,46,8,-1,-1,-1,-1,1,-1
2017950000987,1,9,0,18,0,8,0,0,0,0,1,1,6,1,18,4,1199,1,4,-1,1,-1
2017950000987,2,1,0,18,0,8,0,0,0,0,1,1,6,2,31,6,-1,-1,-1,-1,-1,-1
2017950000992,1,9,0,9,0,8,0,0,0,0,1,1,2,1,51,8,1999,2,1,-1,1,-1
2017950000992,2,9,0,18,0,8,0,0,0,0,4,1,6,2,28,6,1149,1,13,-1,1,-1
2017950001000,1,4,0,18,0,0,0,0,0,0,1,1,6,1,48,8,1198,1,4,-1,3,-1
2017950001000,2,9,0,18,0,0,0,0,1,0,1,1,2,2,45,7,1598,2,3,-1,3,-1
2017950001001,1,9,0,18,0,1,0,0,0,0,1,1,6,1,98,11,2698,2,11,-1,1,-1
2017950001001,2,9,0,18,0,1,0,0,0,0,2,1,6,2,64,9,1198,1,2,-1,2,-1
2017950001002,1,9,0,7,0,2,0,0,0,0,4,1,6,2,98,11,1364,2,8,-1,-1,-1
2017950001002,2,1,0,18,0,1,0,0,0,0,3,1,1,1,55,8,-1,-1,-1,-1,1,-1
2017950001013,1,9,0,16,0,2,0,4,0,0,4,1,2,2,18,4,1398,1,1,-1,1,-1
2017950001013,2,19,0,2,0,2,0,0,0,0,4,1,6,3,-1,-1,-1,-1,-1,-1,-1,-1
2017950001014,1,8,0,18,0,0,0,0,0,0,4,1,6,3,-1,-1,-1,-1,-1,-1,-1,-1
2017950001015,1,9,0,18,0,1,0,0,0,0,1,1,6,3,-1,-1,-1,-1,-1,-1,-1,-1
2017950001015,2,1,0,18,0,8,0,0,0,0,2,1,4,1,9,2,-1,-1,-1,-1,1,-1
2017950001018,1,9,0,6,0,2,0,0,0,0,0,1,6,3,-1,-1,1956,2,4,-1,-1,-1
2017950001018,2,1,0,18,0,2,0,0,0,0,0,1,6,1,20,4,-1,-1,-1,-1,1,-1
2017950001019,1,9,0,5,0,6,0,0,0,0,1,1,6,2,18,4,1242,1,4,-1,1,-1
2017950001019,2,9,0,18,0,1,0,4,1,11,1,1,6,2,70,10,1995,2,2,-1,1,-1
2017950001019,3,9,0,2,9,1,0,0,1,11,2,1,6,3,-1,-1,1997,2,2,-1,-1,-1
2017950001020,1,9,0,16,0,2,1,0,1,11,1,1,1,2,50,8,1399,2,13,-1,3,-1