Accident_Index,Vehicle_Reference,Vehicle_Type,Towing_and_Articulation,Vehicle_Manoeuvre,Vehicle_Location-Restricted_Lane,Junction_Location,Skidding_and_Overturning,Hit_Object_in_Carriageway,Vehicle_Leaving_Carriageway,Hit_Object_off_Carriageway,1st_Point_of_Impact,Was_Vehicle_Left_Hand_Drive?,Journey_Purpose_of_Driver,Sex_of_Driver,Age_of_Driver,Age_Band_of_Driver,Engine_Capacity_(CC),Propulsion_Code,Age_of_Vehicle,Driver_IMD_Decile,Driver_Home_Area_Type,Vehicle_IMD_Decile
2017950001021,1,9,0,5,0,1,0,0,0,0,1,1,2,2,29,6,999,1,2,-1,3,-1
2017950001022,1,9,0,16,0,0,0,0,1,4,1,1,6,1,19,4,1124,1,12,-1,3,-1
2017950001023,1,9,0,18,0,1,0,0,0,0,1,1,6,2,49,8,1197,1,4,-1,1,-1
2017950001024,1,1,0,18,0,0,0,0,0,0,0,1,6,1,17,4,-1,-1,-1,-1,1,-1
2017950001025,1,4,0,13,0,8,0,0,0,0,4,1,6,1,61,9,598,1,23,-1,1,-1
2017950001025,2,9,0,9,0,8,0,0,0,0,3,1,6,2,40,7,998,1,8,-1,1,-1
2017950001027,1,19,0,18,0,0,0,0,0,0,1,1,6,1,48,8,2477,2,6,-1,1,-1
2017950001027,2,9,0,2,0,0,0,0,0,0,3,1,6,3,-1,-1,1390,1,5,-1,-1,-1
2017950001028,1,9,0,9,0,8,0,0,0,0,0,1,6,1,36,7,1560,2,7,-1,1,-1
2017950001029,1,9,0,18,0,0,0,0,0,0,2,1,6,2,30,6,1598,1,11,-1,1,-1
2017950001029,2,9,0,3,0,0,0,0,0,0,2,1,6,2,52,8,1995,2,10,-1,1,-1
2017950001029,3,9,0,3,0,0,0,0,0,0,2,1,6,1,39,7,1499,2,2,-1,1,-1
2017950001030,1,9,0,7,0,8,0,0,0,0,1,1,6,1,-1,-1,1598,1,9,-1,1,-1
2017950001030,2,9,0,9,0,8,0,0,0,0,2,1,6,1,55,8,1229,1,2,-1,1,-1
2017950001031,1,9,0,18,0,0,0,0,0,0,1,1,6,1,78,11,-1,-1,-1,-1,1,-1
2017950001032,1,9,0,17,0,0,5,0,1,1,1,1,6,2,76,11,1560,2,7,-1,1,-1
2017950001033,1,20,0,4,0,0,0,0,0,0,1,1,6,1,26,6,2402,2,6,-1,3,-1
2017950001033,2,9,0,3,0,0,0,0,0,0,2,1,1,1,27,6,1596,1,9,-1,1,-1
2017950001034,1,19,0,18,0,3,0,0,0,0,3,1,1,1,52,8,2143,2,7,-1,1,-1
2017950001034,2,19,0,18,0,3,0,0,0,0,4,1,1,1,25,5,2143,2,3,-1,1,-1
2017950001035,1,9,0,17,0,1,1,0,1,4,3,1,6,2,28,6,1388,1,8,-1,2,-1
2017950001036,1,9,0,18,0,0,0,0,7,4,1,1,6,1,40,7,1560,2,2,-1,3,-1
2017950001037,1,9,0,9,0,8,0,0,0,0,2,1,6,3,-1,-1,-1,-1,-1,-1,-1,-1
2017950001037,2,1,0,18,0,8,0,0,0,0,1,1,6,1,19,4,-1,-1,-1,-1,1,-1
2017950001038,1,4,0,18,0,1,1,0,0,0,1,1,2,1,47,8,647,1,17,-1,1,-1
2017950001038,2,9,0,3,0,1,0,0,0,0,2,1,1,2,59,9,1229,1,7,-1,3,-1
2017950001039,1,9,0,18,0,1,0,0,0,0,1,1,6,1,69,10,1596,1,3,-1,1,-1
2017950001039,2,9,0,3,0,1,0,0,0,0,2,1,6,2,30,6,1461,2,3,-1,1,-1
2017950001039,3,9,0,18,0,1,0,0,0,0,2,1,6,3,-1,-1,-1,-1,-1,-1,-1,-1
2017950001039,4,9,0,5,0,1,0,0,0,0,2,1,2,1,29,6,1197,1,3,-1,1,-1
2017950001040,1,9,0,18,0,1,0,0,0,0,1,1,6,1,47,8,1587,1,15,-1,2,-1
2017950001040,2,9,0,4,0,1,0,0,0,0,2,1,6,2,51,8,-1,-1,-1,-1,1,-1
2017950001056,1,90,0,4,0,0,0,0,0,0,4,1,1,1,63,9,7146,2,4,-1,1,-1
2017950001058,1,9,0,5,0,6,0,0,0,0,3,1,6,1,50,8,1299,1,9,-1,1,-1
2017950001058,2,9,0,18,0,1,0,0,0,0,1,1,6,2,28,6,-1,3,3,-1,1,-1
2017950001059,1,21,0,18,0,0,0,0,1,11,1,1,1,1,56,9,12902,2,3,3,1,3
2017950001062,1,11,0,9,0,8,0,0,0,0,0,1,1,1,39,7,5132,2,2,-1,3,-1
2017950001062,2,19,0,18,0,8,0,0,0,0,0,1,6,1,58,9,1998,2,12,-1,2,-1
2017950001063,1,9,0,18,0,8,0,0,0,0,1,1,6,1,47,8,-1,-1,-1,-1,1,-1
2017950001063,2,8,0,18,0,1,0,0,7,0,3,1,1,1,23,5,-1,-1,-1,-1,2,-1
2017950001065,1,9,0,17,0,0,1,0,7,4,2,1,6,1,35,6,2521,1,10,-1,1,-1
2017950001066,1,8,0,18,0,1,0,0,0,0,1,1,1,1,47,8,2143,2,3,-1,1,-1
2017950001068,1,9,0,18,0,0,5,0,0,0,4,1,6,1,27,6,1796,1,13,-1,1,-1
2017950001068,2,9,0,18,0,0,0,0,0,0,1,1,2,1,39,7,1598,1,7,-1,-1,-1
2017950001069,1,9,0,18,0,1,0,0,0,0,3,1,6,2,35,6,1560,2,2,-1,1,-1
2017950001070,1,9,0,17,0,0,0,0,1,11,1,1,2,1,35,6,1229,1,2,-1,2,-1
2017950001071,1,9,0,7,0,2,0,0,0,0,2,1,6,3,-1,-1,-1,-1,-1,-1,-1,-1
2017950001071,2,1,0,18,0,2,0,0,0,0,1,1,1,1,25,5,-1,-1,-1,-1,1,-1
2017950001072,1,9,0,18,0,0,0,0,0,0,1,1,2,2,22,5,1598,1,4,-1,1,-1
2017950001072,2,9,0,3,0,0,0,0,0,0,2,1,2,2,51,8,1248,2,6,-1,1,-1
2017950001073,1,1,0,18,0,0,0,0,0,0,1,1,6,2,18,4,-1,-1,-1,-1,1,-1
2017950001073,2,9,0,3,0,0,0,0,0,0,2,1,6,1,70,10,1560,2,5,-1,1,-1
2017950001074,1,9,0,18,0,0,0,0,0,0,1,1,2,2,32,6,1999,2,2,-1,1,-1
2017950001076,1,90,0,5,0,1,0,4,0,0,1,1,6,1,33,6,398,1,13,-1,1,-1
2017950001076,2,9,0,2,9,1,0,0,0,0,1,1,6,3,-1,-1,1968,2,2,-1,-1,-1
2017950001077,1,9,0,18,0,0,1,0,1,11,1,1,1,1,25,5,-1,-1,-1,-1,2,-1
2017950001078,1,9,0,9,0,8,0,0,0,0,1,1,6,2,32,6,1798,1,9,-1,1,-1
2017950001078,2,3,0,18,2,8,0,0,0,0,4,1,6,1,23,5,124,1,-1,-1,1,-1
2017950001079,1,9,0,7,0,8,0,0,0,0,1,1,6,2,41,7,1200,1,4,-1,3,-1
2017950001081,1,20,0,18,0,0,0,0,0,0,1,1,2,1,45,7,4580,2,23,-1,1,-1
2017950001081,2,9,0,18,0,0,0,0,0,0,2,1,6,1,35,6,1998,1,14,-1,3,-1
2017950001081,3,8,0,18,0,0,0,0,0,0,2,1,1,1,50,8,2499,2,6,-1,1,-1
2017950001081,4,9,0,18,0,0,0,0,0,0,2,1,6,2,41,7,1582,2,5,-1,1,-1
2017950001082,1,11,0,3,2,0,0,0,0,0,0,1,6,1,32,6,5132,2,1,-1,-1,-1
2017950001083,1,9,0,18,0,0,0,0,0,0,4,1,6,1,69,10,999,1,1,-1,1,-1
2017950001085,1,4,0,18,9,1,0,0,0,2,1,1,6,1,25,5,-1,-1,-1,-1,1,-1
2017950001086,1,9,0,14,0,1,0,0,0,0,1,1,6,1,59,9,1398,1,2,-1,1,-1
2017950001087,1,9,0,18,0,0,0,0,0,10,1,1,2,2,37,7,1598,1,16,-1,1,-1
2017950001088,1,9,0,9,0,8,0,0,0,0,1,1,6,2,37,7,1596,1,9,-1,3,-1
2017950001088,2,9,0,18,0,1,0,0,0,0,1,1,6,1,64,9,-1,-1,-1,-1,1,-1
2017950001090,1,9,0,18,0,0,0,0,7,4,1,1,6,2,35,6,1199,1,14,-1,1,-1
2017950001091,1,19,0,18,0,8,0,0,0,0,0,1,6,3,-1,-1,-1,-1,-1,-1,-1,-1
2017950001091,2,1,0,18,0,8,0,0,0,0,0,1,2,2,24,5,-1,-1,-1,-1,1,-1
2017950001092,1,9,0,15,0,1,0,0,1,5,1,1,2,2,25,5,1240,1,10,-1,1,-1
2017950001092,2,9,0,10,0,1,0,0,0,0,2,1,2,2,50,8,1598,1,5,-1,3,-1
2017950001094,1,9,0,11,0,1,0,0,0,0,4,1,6,1,30,6,998,1,3,-1,1,-1
2017950001094,2,11,0,5,0,1,0,0,0,0,3,1,1,1,40,7,5132,2,1,-1,1,-1
2017950001095,1,9,0,9,0,6,0,0,0,0,1,1,6,2,27,6,1339,1,11,-1,1,-1
2017950001095,2,9,0,18,0,1,0,0,0,0,1,1,6,1,32,6,1398,1,2,-1,1,-1
2017950001096,1,9,0,16,0,0,0,0,1,4,1,1,6,2,21,5,1299,1,14,-1,2,-1
2017950001097,1,9,0,18,0,0,0,0,0,0,3,1,6,1,40,7,1598,2,-1,8,1,8
2017950001098,1,19,0,18,0,1,0,0,0,0,1,1,6,1,36,7,1399,2,8,-1,1,-1
2017950001098,2,1,0,18,0,1,0,0,0,0,3,1,6,1,44,7,-1,-1,-1,-1,3,-1
2017950001099,1,11,0,5,0,1,0,0,0,0,0,1,1,1,42,7,9360,2,10,-1,1,-1
2017950001100,1,11,0,3,2,0,0,0,0,0,0,1,1,1,57,9,8300,2,15,-1,1,-1
2017950001101,1,9,0,14,0,0,0,0,0,0,4,1,4,2,22,5,1798,1,13,-1,1,-1
2017950001101,2,9,0,3,0,0,0,0,0,0,0,1,6,1,28,6,1956,2,3,-1,1,-1
2017950001102,1,11,0,18,2,1,0,0,0,0,0,1,1,1,30,6,4760,2,3,-1,1,-1
2017950001103,1,9,0,18,0,1,0,0,0,0,1,1,6,1,52,8,-1,-1,-1,-1,-1,-1
2017950001103,2,19,0,18,0,1,0,0,0,0,1,1,1,1,35,6,1461,2,1,-1,2,-1
2017950001103,3,9,0,3,0,1,0,0,0,0,2,1,6,1,20,4,1248,1,4,10,1,10
2017950001103,4,9,0,10,0,1,0,0,0,0,2,1,6,2,63,9,-1,-1,-1,-1,3,-1
2017950001104,1,19,0,18,0,2,0,0,0,0,1,1,2,1,29,6,2402,2,9,-1,2,-1
2017950001104,2,9,0,7,0,8,0,0,0,0,4,1,6,1,51,8,-1,-1,-1,-1,3,-1
2017950001105,1,9,0,18,0,1,0,0,0,0,1,1,6,1,18,4,1388,1,11,-1,1,-1
2017950001105,2,8,0,4,0,1,0,0,0,0,2,1,1,1,64,9,2499,2,9,-1,2,-1
2017950001106,1,4,0,17,0,0,1,0,0,0,4,1,6,1,57,9,1170,1,5,3,1,3
2017950001107,1,9,0,5,0,0,0,0,0,0,1,1,6,3,-1,-1,-1,-1,-1,-1,-1,-1
2017950001107,2,1,0,18,0,0,0,0,0,0,4,1,6,1,13,3,-1,-1,-1,-1,1,-1
2017950001108,1,9,0,4,0,8,0,0,0,0,3,1,6,2,33,6,899,1,3,-1,3,-1
2017950001108,2,4,0,18,0,8,0,0,0,0,4,1,6,1,48,8,899,1,23,-1,1,-1
2017950001109,1,9,0,2,6,0,0,0,0,0,3,1,6,1,70,10,1360,1,7,-1,2,-1
2017950001109,2,1,0,18,4,0,0,8,0,0,1,1,6,1,17,4,-1,-1,-1,-1,1,-1
2017950001110,1,9,0,17,0,1,2,0,7,11,3,1,1,2,41,7,1296,1,9,-1,2,-1
2017950001111,1,9,0,18,0,1,0,0,0,0,1,1,6,1,31,6,999,1,2,2,1,2
2017950001111,2,9,0,3,0,1,0,0,0,0,2,1,6,2,27,6,1242,1,6,-1,3,-1
2017950001111,3,9,0,3,0,1,0,0,0,0,2,1,6,1,18,4,1395,1,4,-1,1,-1
2017950001111,4,9,0,3,0,1,0,0,0,0,2,1,6,1,30,6,1598,2,1,-1,1,-1
2017950001112,1,11,0,18,0,1,0,0,0,0,0,1,1,1,54,8,9360,2,8,-1,1,-1
2017950001113,1,9,0,18,0,0,0,4,0,0,1,1,6,1,70,10,-1,-1,-1,-1,2,-1
2017950001113,2,21,0,2,6,0,0,0,0,0,2,1,6,3,-1,-1,10837,2,3,-1,-1,-1
2017950001114,1,9,0,15,0,0,0,0,0,0,4,1,6,3,-1,-1,-1,-1,-1,-1,-1,-1
2017950001114,2,1,0,18,0,0,0,0,0,0,3,1,6,2,47,8,-1,-1,-1,-1,3,-1
2017950001116,1,9,0,18,0,0,0,0,1,10,1,1,6,1,26,6,2157,1,17,-1,1,-1
2017950001117,1,9,0,9,0,2,0,0,0,0,1,1,2,1,46,8,1390,1,5,-1,1,-1
2017950001117,2,9,0,18,0,1,0,0,0,0,4,1,1,1,54,8,-1,-1,-1,-1,1,-1
2017950001118,1,9,0,18,0,0,0,0,1,0,1,1,6,1,79,11,998,1,6,-1,2,-1
2017950001119,1,9,0,18,0,0,0,0,0,0,1,1,6,1,17,4,1968,2,5,-1,1,-1
2017950001119,2,19,0,4,0,0,0,0,0,0,2,1,6,1,36,7,1248,2,4,-1,1,-1
2017950001120,1,9,0,18,0,0,0,0,0,0,1,1,2,1,64,9,1796,1,14,-1,-1,-1
2017950001120,2,9,0,4,0,0,0,0,0,0,2,1,2,1,35,6,1995,2,1,-1,1,-1
2017950001120,3,9,0,4,0,0,0,0,0,0,2,1,2,2,43,7,1242,1,4,-1,1,-1
2017950001121,1,9,0,18,0,0,0,0,2,7,1,1,6,2,65,9,1598,1,11,-1,1,-1
2017950001122,1,9,0,9,0,1,0,0,0,0,1,1,6,2,-1,-1,-1,-1,-1,-1,-1,-1
2017950001123,1,9,0,5,0,4,0,0,0,0,1,1,6,1,64,9,1596,1,16,-1,2,-1
2017950001123,2,1,0,18,0,8,0,0,0,0,1,1,6,1,49,8,-1,-1,-1,-1,1,-1
2017950001124,1,9,0,18,0,0,0,0,0,0,1,1,6,1,59,9,1598,2,4,-1,1,-1
2017950001124,2,9,0,3,0,0,0,0,0,0,2,1,6,2,28,6,1242,1,12,-1,1,-1
2017950001126,1,9,0,2,0,1,0,0,1,0,2,1,6,3,-1,-1,1248,1,3,-1,-1,-1
2017950001126,2,1,0,18,9,2,0,0,0,0,4,1,6,1,5,1,-1,-1,-1,-1,1,-1
2017950001128,1,9,0,18,0,0,0,0,1,0,1,1,6,1,22,5,-1,-1,-1,-1,1,-1
2017950001129,1,9,0,5,0,1,0,0,0,0,2,1,6,1,42,7,1968,2,1,-1,-1,-1
2017950001129,2,9,0,17,0,8,0,0,0,0,1,1,6,2,48,8,1582,2,5,-1,3,-1
2017950001130,1,9,0,11,0,0,0,0,0,0,4,1,2,2,30,6,1968,2,7,-1,1,-1
2017950001130,2,4,0,18,0,0,0,0,0,0,1,1,6,1,34,6,689,1,3,-1,1,-1
2017950001131,1,9,0,9,0,2,0,0,0,0,1,1,6,1,53,8,-1,-1,-1,-1,3,-1
2017950001131,2,3,0,18,0,2,0,0,7,0,1,1,6,1,26,6,125,1,3,-1,1,-1
2017950001132,1,9,0,18,0,4,0,0,0,0,1,1,2,1,61,9,1598,2,2,-1,1,-1
2017950001132,2,1,0,18,0,8,0,0,0,0,2,1,6,2,23,5,-1,-1,-1,-1,-1,-1
2017950001133,1,9,0,18,0,0,0,0,0,0,1,1,6,3,-1,-1,-1,-1,-1,-1,-1,-1
2017950001134,1,9,0,17,0,0,0,0,7,11,1,1,6,1,44,7,-1,-1,-1,-1,3,-1
2017950001135,1,1,0,18,9,0,0,0,0,0,1,1,6,1,-1,-1,-1,-1,-1,-1,-1,-1
2017950001136,1,9,0,7,0,2,0,0,0,0,1,1,6,1,47,8,1598,1,12,-1,1,-1
2017950001137,1,9,0,16,0,0,5,0,0,2,1,1,6,2,77,11,1339,1,2,-1,1,-1
2017950001138,1,9,0,1,0,1,0,0,0,0,2,1,6,1,-1,-1,-1,-1,-1,-1,-1,-1
2017950001139,1,9,0,6,0,0,0,0,0,0,3,1,2,2,38,7,1753,2,7,-1,1,-1
2017950001139,2,19,0,13,0,0,0,0,0,0,1,1,1,1,29,6,1968,2,1,-1,2,-1
2017950001140,1,9,0,3,2,1,0,0,0,0,3,1,6,2,26,6,1229,1,9,-1,1,-1
2017950001140,2,1,0,18,2,1,0,8,0,0,1,1,6,2,26,6,-1,-1,-1,-1,1,-1
2017950001141,1,9,0,18,0,1,0,0,1,0,1,1,6,1,20,4,998,1,6,-1,1,-1
2017950001141,2,9,0,18,0,1,0,0,1,0,1,1,6,2,48,8,-1,-1,-1,-1,3,-1
2017950001142,1,9,0,18,0,1,0,0,0,0,1,1,6,1,20,4,998,1,1,-1,2,-1
2017950001142,2,9,0,10,0,1,0,0,0,0,2,1,6,1,48,8,1299,1,15,-1,3,-1
2017950001144,1,9,0,18,0,0,0,0,0,0,1,1,2,1,40,7,1896,2,14,-1,2,-1
2017950001144,2,8,0,4,0,0,0,0,0,0,2,1,1,1,63,9,2499,2,9,-1,1,-1
2017950001145,1,9,0,13,0,0,0,0,1,0,3,1,6,1,17,4,1461,2,9,-1,1,-1
2017950001145,2,9,0,18,0,0,0,0,0,0,3,1,6,1,43,7,1753,2,11,-1,3,-1
2017950001146,1,9,0,18,0,1,0,0,0,0,1,1,6,1,60,9,-1,-1,-1,-1,3,-1
2017950001146,2,9,0,3,0,1,0,0,0,0,2,1,6,1,35,6,2993,2,12,-1,1,-1
2017950001146,3,9,0,3,0,1,0,0,0,0,2,1,6,2,65,9,1969,2,1,-1,3,-1
2017950001147,1,9,0,16,0,8,0,0,0,0,1,1,6,1,21,5,1781,1,17,-1,3,-1
2017950001147,2,9,0,17,0,8,0,0,7,0,1,1,6,2,49,8,2184,2,12,-1,3,-1
2017950001148,1,9,0,17,0,0,0,0,0,0,1,1,2,1,39,7,1149,1,10,-1,1,-1
2017950001148,2,9,0,16,0,0,0,0,0,0,1,1,6,2,26,6,1997,2,9,-1,2,-1
2017950001149,1,10,0,7,0,8,0,0,0,0,4,1,1,1,38,7,2402,2,6,-1,3,-1
2017950001149,2,9,0,7,0,8,0,0,0,0,3,1,6,3,-1,-1,1794,1,10,-1,-1,-1
2017950001150,1,9,0,18,0,0,0,0,1,3,3,1,2,2,19,4,1149,1,5,-1,3,-1
2017950001150,2,9,0,18,0,0,0,0,0,0,3,1,6,2,32,6,1968,2,6,-1,3,-1
2017950001151,1,9,0,18,0,0,0,0,7,4,1,1,6,1,17,4,1398,1,5,-1,1,-1
2017950001152,1,9,0,18,0,0,0,0,0,0,1,1,6,2,26,6,998,1,3,-1,-1,-1
2017950001152,2,21,0,3,0,0,0,0,0,0,1,1,1,1,50,8,12900,2,5,3,1,3
2017950001153,1,9,0,18,0,0,0,0,0,0,1,1,2,2,23,5,2000,2,11,-1,3,-1
2017950001153,2,21,0,18,0,0,0,0,0,0,1,1,1,1,54,8,-1,-1,-1,-1,1,-1
2017950001154,1,9,0,18,0,0,0,0,0,0,1,1,6,1,88,11,-1,-1,-1,-1,3,-1
2017950001155,1,9,0,18,0,0,0,0,0,0,1,1,2,2,35,6,1686,2,10,-1,2,-1
2017950001155,2,9,0,18,0,0,0,0,0,0,1,1,2,1,22,5,1560,2,8,-1,1,-1
2017950001156,1,11,0,4,2,0,0,0,0,0,0,1,1,1,42,7,9360,2,9,-1,1,-1
2017950001157,1,9,0,5,0,8,0,0,0,0,1,1,6,3,-1,-1,-1,-1,-1,-1,-1,-1
2017950001158,1,11,0,5,2,1,0,0,0,0,4,1,1,1,47,8,5132,2,1,-1,1,-1
2017950001159,1,9,0,9,0,8,0,0,0,0,1,1,6,1,84,11,999,1,10,-1,1,-1
2017950001159,2,9,0,9,0,8,0,0,0,0,3,1,6,2,31,6,1198,1,1,-1,1,-1
2017950001160,1,11,0,18,0,0,0,0,0,0,1,1,1,1,28,6,-1,-1,-1,-1,1,-1
2017950001165,1,9,0,18,0,1,0,0,0,0,1,1,6,3,-1,-1,1997,2,16,-1,-1,-1
2017950001165,2,9,0,3,0,1,0,0,0,0,2,1,2,1,22,5,1364,2,3,-1,2,-1
2017950001167,1,9,0,18,0,1,0,0,0,0,1,1,1,1,33,6,1560,2,3,-1,1,-1
2017950001167,2,1,0,9,0,1,0,0,0,0,1,1,6,1,32,6,-1,-1,-1,-1,1,-1
2017950001168,1,4,0,17,0,0,0,10,1,11,1,1,6,1,47,8,599,1,25,-1,3,-1
2017950001169,1,9,0,16,0,0,2,7,7,1,1,1,6,1,30,6,1998,8,2,-1,3,-1
2017950001171,1,9,0,18,0,0,2,0,1,4,2,1,2,2,47,8,1248,2,7,-1,3,-1
2017950001176,1,9,0,18,0,0,0,0,0,0,1,1,6,1,59,9,4367,2,3,-1,1,-1
2017950001177,1,19,0,18,0,1,0,0,3,1,1,1,6,1,20,4,1686,2,14,-1,1,-1
2017950001177,2,9,0,10,0,1,0,0,0,0,1,1,6,2,52,8,1560,2,4,-1,1,-1
2017950001178,1,9,0,1,0,0,0,0,0,0,2,1,6,2,41,7,-1,-1,-1,-1,3,-1
2017950001179,1,9,0,9,0,6,0,0,0,0,3,1,6,1,45,7,1390,1,13,-1,-1,-1
2017950001179,2,9,0,18,0,5,0,0,0,0,1,1,6,1,80,11,1896,2,9,-1,1,-1
2017950001180,1,9,0,17,0,0,5,0,1,11,1,1,2,1,35,6,1796,1,15,-1,2,-1
2017950001181,1,19,0,9,0,8,0,0,0,0,4,1,1,1,52,8,1870,2,11,-1,1,-1
2017950001181,2,1,0,18,0,8,0,0,0,0,1,1,2,1,31,6,-1,-1,-1,-1,1,-1
2017950001182,1,9,0,18,0,0,0,0,0,0,1,1,6,2,23,5,1242,1,6,-1,2,-1
2017950001182,2,9,0,3,0,0,0,0,0,0,2,1,6,1,57,9,1197,1,4,-1,1,-1
2017950001182,3,9,0,3,0,0,0,0,0,0,2,1,6,2,57,9,1398,1,1,-1,1,-1
2017950001183,1,9,0,18,0,0,0,4,0,0,1,1,6,1,24,5,1896,2,14,-1,1,-1
2017950001183,2,9,0,2,0,0,0,0,0,0,1,1,6,1,22,5,1968,2,5,-1,-1,-1
2017950001184,1,9,0,7,0,6,0,0,0,0,2,1,6,2,31,6,1397,1,8,-1,-1,-1
2017950001184,2,9,0,18,0,1,0,0,0,0,1,1,6,1,21,5,1299,1,12,-1,1,-1
2017950001185,1,19,0,18,0,0,0,0,7,11,1,1,6,1,37,7,-1,-1,-1,-1,2,-1
2017950001186,1,9,0,5,0,0,0,0,0,0,1,1,1,1,55,8,1996,2,6,-1,1,-1
2017950001186,2,8,0,2,0,0,0,0,0,0,0,1,1,3,-1,-1,2143,2,2,-1,-1,-1
2017950001187,1,9,0,5,0,4,0,0,0,0,1,1,6,3,-1,-1,-1,-1,-1,-1,-1,-1
2017950001187,2,9,0,5,0,4,0,0,0,0,2,1,6,2,28,6,1598,1,7,-1,1,-1
2017950001189,1,9,0,18,0,1,0,0,0,0,1,1,6,2,24,5,2198,2,4,-1,3,-1
2017950001189,2,9,0,3,0,1,0,0,0,0,2,1,6,2,23,5,1986,2,10,-1,2,-1
2017950001189,3,19,0,10,0,1,0,0,0,0,2,1,1,1,53,8,2198,2,2,-1,3,-1
2017950001191,1,9,0,18,0,0,0,0,1,0,1,1,6,3,-1,-1,-1,-1,-1,-1,-1,-1
2017950001191,2,1,0,18,0,0,0,0,0,0,1,1,6,1,15,3,-1,-1,-1,-1,3,-1
2017950001192,1,9,0,5,0,8,0,0,0,0,1,1,6,1,30,6,1995,2,2,-1,1,-1
2017950001192,2,1,0,5,0,8,0,0,0,0,1,1,4,1,12,3,-1,-1,-1,-1,1,-1
2017950001193,1,3,0,18,0,0,0,0,0,0,0,1,6,1,43,7,125,1,7,-1,1,-1
2017950001194,1,9,0,16,0,2,0,0,0,0,1,1,6,1,42,7,2488,2,9,-1,3,-1
2017950001194,2,9,0,18,0,1,0,0,0,0,1,1,6,1,75,10,-1,-1,-1,-1,3,-1
2017950001195,1,9,0,18,0,0,0,4,0,0,1,1,6,2,84,11,1198,1,6,-1,1,-1
2017950001195,2,10,0,2,0,0,0,0,0,0,1,1,6,3,-1,-1,-1,-1,-1,-1,-1,-1
2017950001196,1,11,0,5,0,0,0,0,0,0,0,1,1,1,37,7,9360,2,8,-1,3,-1
2017950001197,1,9,0,18,0,1,0,0,0,0,1,1,6,3,-1,-1,1995,2,4,-1,-1,-1
2017950001197,2,9,0,9,0,1,0,0,0,0,3,1,2,1,30,6,999,1,1,-1,3,-1
2017950001198,1,1,0,18,0,0,0,4,0,0,1,1,6,1,29,6,-1,-1,-1,-1,-1,-1
2017950001198,2,9,0,2,0,0,0,0,0,0,2,1,6,3,-1,-1,1968,2,1,-1,-1,-1
2017950001199,1,9,0,4,0,1,0,0,0,0,1,1,6,1,48,8,1798,8,5,-1,1,-1
2017950001199,2,9,0,3,0,1,0,0,0,0,2,1,6,2,55,8,1360,1,12,-1,1,-1
2017950001200,1,9,0,17,0,1,0,0,1,10,1,1,6,1,40,7,1997,2,1,-1,3,-1
2017950001200,2,9,0,5,0,5,0,0,0,0,1,1,6,2,41,7,1794,1,15,-1,2,-1
2017950001201,1,4,0,13,0,1,0,0,0,0,1,1,6,1,-1,-1,-1,-1,-1,-1,-1,-1
2017950001201,2,1,0,9,0,8,0,0,0,0,3,1,2,1,48,8,-1,-1,-1,-1,1,-1
2017950001202,1,9,0,18,0,1,0,0,0,0,1,1,6,2,30,6,1968,2,6,-1,2,-1
2017950001202,2,9,0,4,0,1,0,0,0,0,2,1,6,2,72,10,1968,2,9,-1,3,-1
2017950001203,1,9,0,12,0,1,0,0,0,0,3,1,6,2,38,7,1968,2,4,-1,1,-1
2017950001205,1,9,0,4,0,1,0,0,0,0,1,1,1,1,32,6,1997,1,3,-1,3,-1
2017950001205,2,9,0,3,0,1,0,0,0,0,2,1,6,2,30,6,1339,1,14,-1,1,-1
2017950001206,1,9,0,18,0,1,0,10,1,10,1,1,6,1,22,5,3982,1,2,-1,1,-1
2017950001206,2,9,0,18,0,2,0,0,7,11,1,1,6,1,52,8,1242,1,8,-1,1,-1
2017950001207,1,1,0,14,0,0,0,0,0,0,1,1,2,1,32,6,-1,-1,-1,-1,1,-1
2017950001207,2,19,0,2,2,0,0,0,0,0,0,1,1,1,47,8,6700,2,2,-1,-1,-1
2017950001207,3,9,0,18,0,0,0,0,0,0,3,1,1,1,47,8,1997,2,9,-1,3,-1
2017950001208,1,9,0,13,0,0,0,0,0,0,1,1,6,1,30,6,2494,1,17,-1,3,-1
2017950001208,2,19,0,18,0,0,0,0,0,0,1,1,1,1,45,7,1686,2,7,-1,-1,-1
2017950001211,1,1,0,18,0,0,0,4,0,0,1,1,6,1,17,4,-1,-1,-1,-1,1,-1
2017950001211,2,9,0,2,0,0,0,0,0,0,2,1,6,3,-1,-1,2000,2,11,-1,-1,-1
2017950001212,1,9,0,18,0,1,0,0,0,0,4,1,6,1,20,4,-1,-1,-1,-1,2,-1
2017950001212,2,9,0,18,0,1,0,0,0,0,2,1,6,1,19,4,1391,1,17,-1,1,-1
2017950001213,1,21,0,18,0,1,0,0,0,0,4,1,1,1,56,9,11021,2,11,-1,1,-1
2017950001214,1,21,1,17,0,0,5,0,1,11,4,1,1,1,57,9,11967,2,4,-1,1,-1
2017950001215,1,1,0,18,0,0,0,0,0,0,1,1,2,1,41,7,-1,-1,-1,-1,1,-1
2017950001216,1,9,0,18,0,0,0,0,0,0,1,1,6,1,-1,-1,-1,-1,-1,-1,-1,-1
2017950001216,2,1,0,18,0,0,0,0,0,0,2,1,6,1,22,5,-1,-1,-1,-1,-1,-1
2017950001218,1,19,0,18,0,0,0,0,0,0,4,1,6,1,-1,-1,-1,-1,-1,-1,-1,-1
2017950001218,2,9,0,18,0,0,0,0,0,0,2,1,6,1,38,7,1598,2,4,-1,3,-1
2017950001220,1,9,0,9,0,1,0,0,0,0,1,1,6,1,18,4,1198,1,7,-1,1,-1