Accident_Index,Vehicle_Reference,Vehicle_Type,Towing_and_Articulation,Vehicle_Manoeuvre,Vehicle_Location-Restricted_Lane,Junction_Location,Skidding_and_Overturning,Hit_Object_in_Carriageway,Vehicle_Leaving_Carriageway,Hit_Object_off_Carriageway,1st_Point_of_Impact,Was_Vehicle_Left_Hand_Drive?,Journey_Purpose_of_Driver,Sex_of_Driver,Age_of_Driver,Age_Band_of_Driver,Engine_Capacity_(CC),Propulsion_Code,Age_of_Vehicle,Driver_IMD_Decile,Driver_Home_Area_Type,Vehicle_IMD_Decile
2017950001641,1,9,0,18,0,0,0,0,0,0,4,1,6,2,35,6,996,1,8,-1,1,-1
2017950001643,1,9,0,7,0,8,0,0,0,0,1,1,6,1,46,8,1968,2,7,-1,1,-1
2017950001644,1,90,0,18,0,0,0,0,0,0,1,1,1,1,20,4,-1,-1,-1,-1,3,-1
2017950001644,2,19,0,2,0,0,0,0,0,0,0,1,6,3,-1,-1,2499,2,17,-1,-1,-1
2017950001645,1,9,0,9,0,8,0,0,0,0,1,1,6,1,24,5,1598,1,5,-1,2,-1
2017950001645,2,3,0,10,0,1,0,0,0,0,1,1,6,1,47,8,49,1,8,-1,2,-1
2017950001646,1,4,0,13,0,0,0,0,0,0,1,1,6,1,29,6,398,1,12,-1,1,-1
2017950001646,2,9,0,18,0,0,0,0,0,0,3,1,2,1,49,8,1995,2,2,-1,1,-1
2017950001646,3,9,0,2,0,0,0,0,0,0,2,1,6,3,-1,-1,1968,2,1,-1,-1,-1
2017950001648,1,9,0,18,0,7,0,0,0,0,1,1,6,1,24,5,1206,1,6,-1,1,-1
2017950001648,2,9,0,18,0,1,0,0,0,0,4,1,6,1,47,8,1086,1,7,-1,3,-1
2017950001649,1,19,0,7,0,3,0,0,0,0,4,1,6,1,31,6,2198,2,3,-1,3,-1
2017950001650,1,9,0,4,0,1,0,0,0,0,1,1,6,3,-1,-1,1086,1,11,-1,-1,-1
2017950001652,1,9,0,18,0,0,0,0,1,10,1,1,6,2,22,5,1229,1,4,-1,1,-1
2017950001653,1,9,0,18,0,0,0,0,7,0,1,1,6,2,57,9,1120,2,3,-1,3,-1
2017950001653,2,9,0,18,0,0,0,0,7,0,1,1,1,1,51,8,1997,2,2,-1,3,-1
2017950001653,3,19,0,18,0,0,0,0,0,0,3,1,1,1,27,6,1968,2,1,-1,3,-1
2017950001654,1,9,0,18,0,3,0,0,0,0,4,1,6,1,70,10,1200,1,-1,-1,2,-1
2017950001655,1,19,0,7,0,8,0,0,0,0,4,1,6,3,-1,-1,-1,-1,-1,-1,-1,-1
2017950001656,1,8,0,18,0,0,0,0,0,0,0,1,6,1,43,7,1997,2,10,-1,1,-1
2017950001657,1,4,0,13,0,1,0,0,0,11,3,1,6,1,18,4,675,1,7,-1,1,-1
2017950001657,2,9,0,9,0,1,0,0,0,0,1,1,6,1,17,4,1242,1,3,-1,2,-1
2017950001658,1,9,0,18,0,0,0,0,0,0,1,1,6,1,32,6,1395,1,2,9,3,9
2017950001658,2,9,0,4,0,0,0,0,0,0,2,1,6,1,19,4,998,1,2,-1,1,-1
2017950001658,3,9,0,3,0,0,0,0,0,0,2,1,6,1,31,6,1600,1,6,-1,1,-1
2017950001660,1,9,0,18,0,2,5,0,0,0,1,1,6,2,30,6,1598,1,12,-1,1,-1
2017950001660,2,9,0,2,0,1,0,0,0,0,2,1,6,3,-1,-1,1560,2,2,-1,-1,-1
2017950001661,1,9,0,9,0,8,0,0,0,0,1,1,6,1,19,4,1398,1,-1,-1,2,-1
2017950001661,2,9,0,18,0,8,0,0,0,0,3,1,6,1,22,5,998,1,4,-1,2,-1
2017950001662,1,9,0,18,0,1,0,0,0,0,1,1,6,1,38,7,1597,1,14,-1,2,-1
2017950001662,2,9,0,18,0,1,0,0,0,0,2,1,6,2,36,7,998,1,6,-1,1,-1
2017950001663,1,4,0,17,0,0,0,0,0,0,4,1,6,1,47,8,599,1,11,5,3,5
2017950001664,1,3,0,5,0,0,0,0,1,0,1,1,6,1,18,4,124,1,5,-1,1,-1
2017950001666,1,9,0,6,0,0,0,0,0,0,3,1,6,2,18,4,998,1,3,-1,1,-1
2017950001666,2,1,0,18,0,0,0,0,0,0,1,1,6,1,30,6,-1,-1,-1,-1,1,-1
2017950001667,1,9,0,9,0,8,0,0,0,0,1,1,2,1,42,7,1998,1,11,-1,3,-1
2017950001667,2,9,0,18,0,1,0,0,0,0,1,1,2,1,46,8,1850,1,15,-1,-1,-1
2017950001669,1,17,0,17,0,0,2,0,2,0,4,1,6,1,22,5,700,1,1,-1,3,-1
2017950001671,1,9,0,9,0,8,0,0,7,0,4,1,6,1,31,6,1968,2,7,-1,-1,-1
2017950001671,2,1,0,18,0,1,0,0,0,0,1,1,6,1,13,3,-1,-1,-1,-1,2,-1
2017950001672,1,9,0,14,0,0,0,0,0,0,4,1,1,1,29,6,1797,8,6,-1,1,-1
2017950001672,2,11,0,3,0,0,0,0,0,0,0,1,1,3,-1,-1,-1,-1,-1,-1,-1,-1
2017950001673,1,9,0,7,0,8,0,0,0,0,1,1,6,1,48,8,2993,2,1,-1,1,-1
2017950001673,2,1,0,18,0,8,0,0,0,0,1,1,6,1,57,9,-1,-1,-1,-1,1,-1
2017950001675,1,9,0,17,0,0,0,0,2,11,4,1,6,1,28,6,1199,1,14,-1,1,-1
2017950001676,1,1,0,18,0,0,0,0,0,0,1,1,6,1,16,4,-1,-1,-1,-1,1,-1
2017950001676,2,9,0,18,0,0,0,0,0,0,3,1,2,1,56,9,998,1,4,-1,1,-1
2017950001678,1,9,0,9,0,8,0,0,0,0,1,1,6,2,29,6,1299,1,13,-1,1,-1
2017950001678,2,9,0,18,0,8,0,0,0,0,4,1,6,1,33,6,1587,1,11,-1,3,-1
2017950001678,3,9,0,2,0,1,0,0,0,0,4,1,6,3,-1,-1,-1,-1,-1,-1,-1,-1
2017950001678,4,9,0,2,0,1,0,0,0,0,3,1,6,3,-1,-1,2231,2,7,-1,-1,-1
2017950001679,1,11,0,18,0,0,0,0,0,0,0,1,1,1,45,7,7300,2,11,-1,1,-1
2017950001680,1,9,0,18,0,1,0,0,0,0,1,1,2,2,51,8,1339,1,14,-1,1,-1
2017950001680,2,1,0,18,0,1,0,0,0,0,1,1,6,2,52,8,-1,-1,-1,-1,1,-1
2017950001682,1,9,0,18,0,8,0,0,0,0,0,1,6,1,28,6,1598,1,8,-1,2,-1
2017950001682,2,11,0,18,0,8,0,0,0,0,0,1,1,1,50,8,9360,2,8,-1,1,-1
2017950001683,1,9,0,18,0,0,0,0,1,4,3,1,6,1,29,6,1149,1,11,-1,1,-1
2017950001684,1,9,0,18,0,8,0,0,7,7,4,1,6,1,27,6,1396,1,14,-1,1,-1
2017950001684,2,8,0,18,0,8,0,0,7,7,1,1,1,1,56,9,2664,2,16,-1,1,-1
2017950001686,1,19,0,1,9,0,0,0,0,0,2,1,1,1,45,7,1461,2,1,-1,-1,-1
2017950001687,1,4,0,18,0,1,0,0,0,0,1,1,6,1,39,7,649,1,10,-1,1,-1
2017950001687,2,9,0,17,0,1,0,0,0,0,3,1,6,2,25,5,-1,-1,-1,-1,1,-1
2017950001688,1,22,0,18,0,1,0,0,0,0,0,1,6,1,76,11,-1,-1,-1,-1,2,-1
2017950001689,1,9,0,12,0,1,0,0,0,0,2,1,1,1,48,8,1796,1,14,-1,1,-1
2017950001689,2,11,0,18,0,1,0,0,0,0,1,1,1,1,38,7,730,2,11,-1,1,-1
2017950001690,1,9,0,9,0,8,0,0,0,0,4,1,6,2,28,6,1596,1,11,-1,1,-1
2017950001690,2,1,0,18,0,1,0,0,0,0,1,1,2,1,36,7,-1,-1,-1,-1,3,-1
2017950001691,1,1,0,18,0,0,0,0,0,0,3,1,6,2,25,5,-1,-1,-1,-1,1,-1
2017950001691,2,11,0,18,0,0,0,0,0,0,4,1,1,1,47,8,9360,2,9,-1,1,-1
2017950001692,1,9,0,4,0,1,0,0,0,0,1,1,2,1,50,8,1461,2,1,-1,1,-1
2017950001692,2,9,0,3,0,1,0,0,0,0,2,1,1,2,41,7,1398,2,13,-1,3,-1
2017950001692,3,9,0,3,0,1,0,0,0,0,2,1,1,2,35,6,1560,2,4,-1,3,-1
2017950001693,1,1,0,18,0,8,0,0,0,0,1,1,2,1,36,7,-1,-1,-1,-1,1,-1
2017950001694,1,9,0,12,0,0,0,0,0,0,3,1,6,1,44,7,1686,2,11,-1,1,-1
2017950001694,2,9,0,13,0,0,0,0,0,0,4,1,6,2,21,5,1242,1,1,-1,1,-1
2017950001696,1,9,0,18,0,1,0,0,7,4,1,1,6,1,18,4,1242,1,5,-1,2,-1
2017950001696,2,9,0,4,0,1,0,0,0,0,4,1,6,1,44,7,2148,2,10,-1,3,-1
2017950001697,1,9,0,18,0,0,0,0,0,0,4,1,6,1,77,11,998,1,-1,-1,-1,-1
2017950001697,2,1,0,18,0,0,0,0,0,0,3,1,6,2,39,7,-1,-1,-1,-1,3,-1
2017950001699,1,9,0,18,0,0,0,0,0,0,2,1,6,1,52,8,1995,2,5,-1,2,-1
2017950001699,2,9,0,18,0,0,0,0,0,0,1,1,6,1,19,4,1596,1,5,-1,2,-1
2017950001699,3,1,0,18,0,0,0,0,0,0,1,1,6,1,52,8,-1,-1,-1,-1,3,-1
2017950001700,1,9,0,1,0,1,0,0,0,0,1,1,6,1,19,4,1596,1,5,-1,2,-1
2017950001700,2,9,0,18,0,1,0,0,0,0,0,1,6,1,22,5,-1,-1,-1,-1,-1,-1
2017950001700,3,9,0,2,0,1,0,0,0,0,0,1,6,3,-1,-1,998,1,1,-1,-1,-1
2017950001701,1,19,0,18,0,0,0,0,0,0,1,1,6,1,63,9,1248,2,3,-1,1,-1
2017950001701,2,90,0,18,0,0,0,0,0,0,3,1,6,1,28,6,-1,2,4,-1,3,-1
2017950001702,1,11,0,18,0,0,0,0,0,0,4,1,1,1,47,8,9360,2,6,-1,1,-1
2017950001703,1,9,0,18,0,0,0,0,0,0,4,1,2,1,42,7,1598,2,3,-1,1,-1
2017950001703,2,9,0,2,0,0,0,0,0,0,3,1,6,3,-1,-1,1975,1,7,-1,-1,-1
2017950001705,1,9,0,18,0,0,0,0,0,0,1,1,6,1,68,10,1796,1,3,-1,1,-1
2017950001706,1,11,0,18,0,1,0,0,0,0,1,1,1,1,37,7,10837,2,1,2,1,2
2017950001707,1,9,0,18,0,1,0,0,1,11,1,1,6,1,33,6,1368,1,11,-1,1,-1
2017950001708,1,1,0,5,0,0,0,0,0,0,1,1,6,1,12,3,-1,-1,-1,-1,3,-1
2017950001708,2,9,0,18,0,0,0,0,0,0,4,1,2,1,40,7,1200,1,1,-1,3,-1
2017950001709,1,11,0,5,2,2,0,0,0,0,0,1,1,1,47,8,7300,2,12,-1,1,-1
2017950001711,1,19,0,1,0,0,0,0,0,0,3,1,6,1,-1,-1,2198,2,3,-1,-1,-1
2017950001711,2,1,0,14,0,0,0,0,0,0,3,1,3,2,36,7,-1,-1,-1,-1,1,-1
2017950001712,1,21,0,11,0,0,0,0,0,0,4,1,1,1,66,10,12777,2,5,-1,1,-1
2017950001712,2,9,0,18,0,0,0,0,0,0,3,1,6,1,43,7,-1,-1,-1,-1,1,-1
2017950001713,1,90,0,18,0,4,0,0,0,0,0,1,6,3,-1,-1,-1,-1,-1,-1,-1,-1
2017950001713,2,21,2,18,0,3,5,10,0,2,1,1,1,1,46,8,-1,-1,-1,-1,1,-1
2017950001714,1,11,0,5,0,2,0,0,0,0,1,1,1,1,41,7,9360,2,6,-1,2,-1
2017950001714,2,9,0,5,0,2,0,0,0,0,2,1,6,2,54,8,1794,1,17,-1,1,-1
2017950001715,1,9,0,9,0,4,0,0,1,0,1,1,6,2,48,8,1596,1,11,-1,3,-1
2017950001715,2,9,0,18,0,8,0,0,1,0,4,1,6,1,27,6,1796,1,9,-1,3,-1
2017950001716,1,9,0,18,0,0,0,0,0,0,1,1,6,2,53,8,1395,1,-1,-1,-1,-1
2017950001716,2,9,0,16,0,0,0,0,0,0,1,1,6,1,89,11,1598,2,4,-1,2,-1
2017950001718,1,8,0,1,0,0,0,0,0,0,2,1,1,3,-1,-1,-1,-1,-1,-1,-1,-1
2017950001719,1,9,0,5,8,0,0,0,0,0,0,2,6,1,23,5,-1,-1,-1,-1,-1,-1
2017950001719,2,4,0,17,0,0,1,0,1,9,3,1,6,1,61,9,1199,1,16,-1,1,-1
2017950001720,1,9,0,18,0,0,0,0,0,0,1,1,6,1,32,6,1910,2,9,-1,1,-1
2017950001720,2,9,0,18,0,0,0,0,0,0,1,1,6,1,45,7,1149,1,8,-1,1,-1
2017950001721,1,10,0,18,0,1,0,0,0,0,1,1,1,1,56,9,2298,2,2,-1,1,-1
2017950001722,1,9,0,17,0,0,2,11,7,11,1,1,6,1,22,5,1149,1,14,-1,1,-1
2017950001726,1,19,0,9,0,4,0,0,0,0,1,1,2,1,35,6,1968,2,13,-1,3,-1
2017950001726,2,1,0,18,0,3,0,0,0,0,2,1,6,1,63,9,-1,-1,-1,-1,2,-1
2017950001727,1,9,0,9,0,8,0,0,0,0,1,1,2,2,23,5,1397,1,7,-1,1,-1
2017950001727,2,1,0,18,0,1,0,0,0,0,4,1,2,1,40,7,-1,-1,-1,-1,1,-1
2017950001728,1,9,0,17,0,0,2,0,7,0,4,1,6,1,70,10,-1,-1,-1,-1,-1,-1
2017950001729,1,9,0,4,0,3,0,0,0,0,0,1,6,1,20,4,1560,2,12,-1,3,-1
2017950001730,1,19,0,18,0,0,0,0,0,0,1,1,1,1,21,5,2198,2,1,-1,1,-1
2017950001730,2,9,0,18,0,0,0,0,0,0,2,1,6,1,24,5,1422,2,2,5,3,5
2017950001730,3,19,0,18,0,0,0,0,0,0,0,1,6,1,49,8,1598,2,4,-1,1,-1
2017950001731,1,9,0,18,0,3,0,0,0,0,4,1,6,2,59,9,1560,2,1,-1,2,-1
2017950001731,2,19,0,18,0,8,0,0,0,0,3,1,6,1,50,8,-1,-1,-1,-1,2,-1
2017950001732,1,9,0,18,0,0,0,0,0,0,1,1,6,1,34,6,2143,2,3,3,1,3
2017950001732,2,9,0,18,0,0,0,0,7,0,1,1,6,2,47,8,1398,2,4,-1,3,-1
2017950001733,1,19,0,9,0,6,0,0,0,0,1,1,6,1,31,6,2198,2,1,-1,1,-1
2017950001733,2,1,0,18,0,8,0,0,0,0,4,1,6,1,40,7,-1,-1,-1,-1,1,-1
2017950001734,1,9,0,4,0,1,0,0,0,0,1,1,2,2,21,5,1598,1,3,-1,3,-1
2017950001734,2,9,0,3,0,1,0,0,0,0,2,1,2,1,24,5,1398,1,5,-1,1,-1
2017950001735,1,19,0,17,0,0,2,0,1,0,4,1,6,2,28,6,1896,2,11,-1,2,-1
2017950001736,1,9,0,18,0,1,0,0,0,0,1,1,6,2,27,6,1229,1,4,-1,2,-1
2017950001736,2,9,0,18,0,1,0,0,0,0,2,1,6,1,57,9,-1,-1,-1,-1,3,-1
2017950001737,1,9,0,18,0,4,0,0,0,0,1,1,6,1,53,8,1968,2,7,-1,1,-1
2017950001737,2,9,0,3,0,4,0,0,0,0,2,1,6,2,33,6,1397,1,9,-1,1,-1
2017950001738,1,9,0,17,0,1,0,0,1,0,4,1,6,1,42,7,1910,2,10,-1,3,-1
2017950001739,1,9,0,5,0,1,0,0,0,0,2,1,6,2,46,8,1248,1,4,-1,1,-1
2017950001739,2,1,0,18,0,1,0,0,0,0,1,1,6,1,28,6,-1,-1,-1,-1,1,-1
2017950001740,1,9,0,18,0,0,0,0,0,0,1,1,6,1,61,9,1198,1,14,-1,2,-1
2017950001740,2,9,0,18,0,0,0,0,0,0,2,1,6,2,23,5,1598,1,2,-1,1,-1
2017950001740,3,9,0,4,0,0,0,0,0,0,2,1,6,2,43,7,1560,2,5,-1,1,-1
2017950001741,1,9,0,13,0,0,0,0,0,0,3,1,6,2,45,7,2987,2,3,-1,1,-1
2017950001741,2,9,0,17,0,0,0,10,0,0,3,1,6,1,63,9,1398,1,2,-1,3,-1
2017950001741,3,9,0,17,0,0,0,0,1,0,1,1,6,2,50,8,1461,2,-1,5,1,5
2017950001743,1,1,0,18,0,8,0,11,0,0,1,1,6,1,41,7,-1,-1,-1,-1,1,-1
2017950001744,1,9,0,18,0,0,0,0,1,2,2,1,6,1,20,4,1395,1,3,-1,2,-1
2017950001745,1,11,0,4,0,1,0,0,0,0,0,1,1,1,58,9,9360,2,8,-1,1,-1
2017950001747,1,9,0,17,0,0,2,0,1,11,1,1,6,2,17,4,1242,1,17,-1,1,-1
2017950001748,1,9,0,17,0,0,0,0,7,0,3,1,6,2,20,4,1248,2,6,-1,3,-1
2017950001749,1,9,0,18,0,0,0,0,1,7,1,1,1,2,25,5,1794,1,15,-1,3,-1
2017950001750,1,9,0,16,0,0,1,0,7,4,1,1,6,2,42,7,1598,1,16,-1,2,-1
2017950001751,1,9,0,17,0,0,1,0,0,0,4,1,6,1,47,8,1998,2,11,-1,3,-1
2017950001751,2,19,0,16,0,0,0,0,0,0,1,1,1,1,54,8,1995,2,-1,-1,-1,-1
2017950001754,1,19,0,9,0,8,0,0,0,0,3,1,1,1,26,6,1598,2,1,-1,1,-1
2017950001754,2,9,0,18,0,1,0,0,0,0,1,1,6,1,19,4,1242,1,16,-1,1,-1
2017950001756,1,9,0,18,0,1,0,0,0,0,1,1,6,2,22,5,1199,2,6,-1,3,-1
2017950001756,2,9,0,10,0,1,0,0,0,0,2,1,6,2,36,7,-1,-1,-1,-1,-1,-1
2017950001757,1,9,0,18,0,0,0,0,0,0,1,1,2,2,21,5,1199,1,13,-1,2,-1
2017950001757,2,4,0,3,0,0,0,0,0,0,2,1,2,1,41,7,798,1,2,-1,1,-1
2017950001757,3,9,0,3,0,0,0,0,0,0,2,1,2,2,27,6,1198,1,3,-1,3,-1
2017950001758,1,9,0,18,0,1,0,0,0,0,1,1,6,1,49,8,999,1,1,-1,1,-1
2017950001758,2,1,0,18,0,1,0,0,0,0,1,1,6,1,34,6,-1,-1,-1,-1,1,-1
2017950001759,1,3,0,13,0,1,0,0,0,0,1,1,2,1,35,6,124,1,4,-1,1,-1
2017950001759,2,9,0,9,0,1,0,0,0,0,3,1,6,2,44,7,1390,1,7,-1,1,-1
2017950001763,1,9,0,18,0,1,0,0,0,0,1,1,2,1,22,5,1995,2,10,-1,1,-1
2017950001763,2,19,0,18,0,1,0,0,0,0,2,1,1,1,43,7,2143,2,3,-1,1,-1
2017950001763,3,9,0,18,0,1,0,0,0,0,2,1,2,2,32,6,1242,1,5,-1,3,-1
2017950001764,1,9,0,14,0,3,0,0,0,0,1,1,6,3,-1,-1,-1,-1,-1,-1,-1,-1
2017950001764,2,9,0,3,0,1,0,0,0,0,2,1,6,1,29,6,1598,2,4,-1,3,-1
2017950001765,1,9,0,18,0,0,0,0,0,0,3,1,6,1,25,5,1590,1,12,-1,2,-1
2017950001766,1,9,0,7,0,8,0,0,0,0,1,1,6,2,36,7,1910,2,10,-1,2,-1
2017950001766,2,9,0,18,0,8,0,0,0,0,1,1,6,2,29,6,1598,2,2,-1,-1,-1
2017950001767,1,9,0,4,0,0,0,0,0,0,4,1,6,1,43,7,2993,2,3,-1,1,-1
2017950001767,2,1,0,18,0,0,0,0,0,0,1,1,6,1,38,7,-1,-1,-1,-1,3,-1
2017950001768,1,19,0,5,0,0,0,0,0,0,1,1,1,1,28,6,2402,2,15,-1,1,-1
2017950001768,2,4,0,18,0,0,0,0,0,0,1,1,2,1,48,8,782,1,2,-1,3,-1
2017950001769,1,9,0,18,0,0,0,0,0,0,1,1,6,1,76,11,2179,2,5,-1,1,-1
2017950001769,2,9,0,3,3,0,0,0,0,0,2,1,6,2,41,7,3628,2,9,-1,3,-1
2017950001770,1,9,0,16,0,0,5,0,7,9,1,1,6,1,75,10,1560,2,7,-1,1,-1
2017950001771,1,9,0,5,0,4,0,0,0,0,1,1,2,1,44,7,1598,2,4,-1,1,-1
2017950001771,2,9,0,18,0,3,0,0,7,1,2,1,1,1,32,6,1598,2,4,-1,1,-1
2017950001772,1,9,0,5,0,3,0,0,0,0,2,1,6,1,50,8,-1,-1,-1,-1,-1,-1
2017950001772,2,1,0,18,0,8,0,0,0,0,1,1,6,2,33,6,-1,-1,-1,-1,2,-1
2017950001773,1,19,0,18,0,0,5,0,1,4,1,2,1,1,31,6,2143,2,3,-1,1,-1
2017950001774,1,21,0,13,0,0,0,0,0,0,4,1,1,1,65,9,12809,2,-1,-1,1,-1
2017950001774,2,1,0,18,0,0,0,0,0,0,1,1,6,1,49,8,-1,-1,-1,-1,3,-1
2017950001775,1,9,0,17,0,0,0,0,1,4,4,1,6,2,20,4,-1,-1,-1,-1,2,-1
2017950001776,1,11,0,9,0,8,0,0,0,0,3,1,1,1,48,8,7300,2,11,-1,2,-1
2017950001776,2,1,0,18,0,1,0,0,0,0,1,1,6,1,42,7,-1,-1,-1,-1,2,-1
2017950001777,1,9,0,7,0,1,0,0,0,0,4,1,6,1,26,6,1364,1,-1,-1,3,-1
2017950001777,2,9,0,18,0,1,0,0,0,0,1,1,6,2,57,9,1896,2,16,-1,2,-1
2017950001778,1,19,0,18,0,1,0,0,0,0,0,1,1,1,26,6,2198,2,4,-1,-1,-1
2017950001779,1,1,0,18,0,1,0,11,0,0,0,1,6,2,36,7,-1,-1,-1,-1,1,-1
2017950001780,1,9,0,18,0,8,0,0,0,0,1,1,6,2,30,6,1242,1,11,-1,1,-1
2017950001780,2,9,0,9,0,8,0,0,0,0,3,1,6,2,64,9,1329,1,2,-1,1,-1
2017950001781,1,90,0,18,0,0,0,0,0,0,4,1,6,1,72,10,2287,2,8,-1,1,-1
2017950001783,1,9,0,18,0,0,0,0,0,0,1,1,6,2,29,6,1999,1,13,-1,1,-1
2017950001784,1,9,0,18,0,0,2,0,0,11,1,1,6,1,28,6,2967,2,6,-1,1,-1
2017950001785,1,19,0,18,0,0,0,0,0,0,1,1,6,1,54,8,1997,2,1,-1,1,-1
2017950001785,2,9,0,18,0,0,0,0,0,0,2,1,6,2,24,5,1598,2,1,-1,2,-1
2017950001786,1,19,0,18,0,0,0,0,0,0,0,1,1,1,39,7,1995,2,-1,-1,-1,-1
2017950001786,2,9,0,18,0,0,0,0,0,0,4,1,6,1,42,7,1995,1,5,-1,2,-1
2017950001786,3,9,0,18,0,0,0,11,0,0,4,1,6,1,58,9,2597,1,14,-1,1,-1
2017950001787,1,9,0,18,0,0,0,0,0,0,1,1,6,1,34,6,-1,-1,-1,-1,2,-1
2017950001787,2,9,0,18,0,0,0,0,0,0,2,1,2,2,38,7,-1,-1,-1,-1,3,-1
2017950001787,3,9,0,18,0,0,0,0,0,0,2,1,6,1,66,10,1968,2,1,-1,1,-1
2017950001788,1,9,0,9,0,8,0,0,0,0,4,1,2,2,20,4,1339,1,7,-1,2,-1
2017950001788,2,1,0,18,0,8,0,0,0,0,1,1,2,1,27,6,-1,-1,-1,-1,1,-1
2017950001789,1,9,0,9,0,8,0,0,0,0,4,1,6,2,74,10,1596,1,3,-1,1,-1
2017950001789,2,1,0,18,0,1,0,0,0,0,1,1,6,2,44,7,-1,-1,-1,-1,1,-1
2017950001790,1,19,0,1,6,0,0,0,0,0,2,1,2,1,55,8,2198,2,9,-1,-1,-1
2017950001791,1,4,0,13,0,0,0,0,0,0,1,1,6,1,71,10,847,1,2,-1,-1,-1
2017950001791,2,9,0,17,0,0,0,0,0,0,1,1,6,1,52,8,1995,2,1,-1,1,-1
2017950001792,1,9,0,18,0,4,0,0,0,0,0,1,6,3,-1,-1,-1,-1,-1,-1,-1,-1
2017950001792,2,1,0,18,0,8,0,0,0,0,0,1,2,1,58,9,-1,-1,-1,-1,1,-1
2017950001794,1,9,0,1,0,0,0,0,0,0,2,1,6,1,48,8,4367,2,3,-1,3,-1
2017950001795,1,9,0,18,0,1,0,0,0,0,1,1,6,2,60,9,1995,2,1,-1,1,-1
2017950001795,2,9,0,16,0,1,0,0,0,0,2,1,6,2,23,5,1197,1,3,-1,-1,-1
2017950001796,1,9,0,18,0,2,0,0,0,0,1,1,6,1,23,5,1398,1,6,-1,1,-1
2017950001797,1,9,0,7,0,8,0,0,0,0,3,1,6,2,34,6,998,1,9,-1,1,-1
2017950001797,2,9,0,18,0,8,0,0,7,0,4,1,6,2,26,6,1598,1,4,-1,1,-1
2017950001798,1,9,0,11,0,1,0,0,0,0,0,1,6,3,-1,-1,-1,-1,-1,-1,-1,-1
2017950001798,2,9,0,18,0,1,0,0,0,0,0,1,2,1,54,8,1596,1,12,-1,1,-1
2017950001798,3,9,0,18,0,1,0,0,7,11,1,1,6,1,28,6,1968,2,1,-1,1,-1
2017950001798,4,9,0,10,0,1,0,0,0,0,1,1,6,2,42,7,1242,1,6,-1,3,-1
2017950001798,5,9,0,10,0,1,0,0,0,0,1,1,6,2,50,8,1248,1,-1,-1,1,-1
2017950001799,1,9,0,18,0,0,0,0,0,0,4,1,6,3,-1,-1,-1,-1,-1,-1,-1,-1
2017950001801,1,11,0,4,0,2,0,0,0,0,0,1,1,1,56,9,5132,2,-1,-1,1,-1
2017950001803,1,9,0,17,0,0,0,0,1,0,4,1,6,1,21,5,998,1,3,-1,1,-1
2017950001804,1,9,0,9,0,6,0,0,0,0,1,1,2,1,24,5,-1,-1,-1,-1,1,-1
2017950001804,2,3,0,13,0,1,0,0,0,0,1,1,6,2,45,7,124,1,1,-1,3,-1
2017950001805,1,9,0,18,0,1,0,0,0,0,1,1,6,1,21,5,1242,1,11,-1,1,-1
2017950001805,2,9,0,3,0,1,0,10,0,0,2,1,6,2,42,7,1600,2,7,-1,3,-1
2017950001807,1,11,0,18,0,1,0,0,0,0,0,1,1,1,46,8,5132,2,2,-1,1,-1
2017950001808,1,9,0,18,0,0,0,0,0,0,1,1,6,1,44,7,1988,2,9,-1,1,-1
2017950001808,2,9,0,18,0,0,0,0,0,0,3,1,6,2,32,6,1560,2,4,-1,1,-1
2017950001811,1,9,0,15,0,0,0,0,0,0,1,1,6,3,-1,-1,-1,-1,-1,-1,-1,-1
2017950001811,2,1,0,18,0,0,0,10,0,0,3,1,6,1,40,7,-1,-1,-1,-1,1,-1
2017950001812,1,19,0,18,0,0,0,0,0,0,4,1,1,1,29,6,1461,2,3,-1,2,-1
2017950001812,2,1,0,18,0,0,0,0,0,0,3,1,6,1,48,8,-1,-1,-1,-1,1,-1
2017950001814,1,9,0,18,0,1,0,0,0,0,1,1,6,1,37,7,1997,2,8,-1,2,-1
2017950001816,1,9,0,18,0,0,0,0,7,4,1,1,2,1,23,5,1364,1,9,-1,3,-1
2017950001817,1,4,0,16,0,0,0,0,7,0,0,1,6,1,75,10,200,1,20,-1,1,-1
2017950001819,1,9,0,9,0,5,0,0,0,0,3,1,6,1,56,9,1895,1,20,-1,1,-1
2017950001819,2,1,0,18,0,1,0,0,0,0,1,1,6,1,19,4,-1,-1,-1,-1,1,-1
2017950001820,1,19,0,18,0,0,0,0,7,11,1,1,1,1,56,9,2402,2,6,-1,1,-1
2017950001821,1,9,0,7,0,1,0,0,0,0,1,1,6,1,19,4,998,1,2,-1,3,-1
2017950001821,2,9,0,18,0,1,1,0,1,4,4,1,2,2,18,4,1229,1,8,-1,1,-1
2017950001822,1,9,0,16,0,8,2,0,1,11,1,1,6,1,65,9,1248,1,4,-1,3,-1
2017950001823,1,9,0,18,0,1,0,0,0,0,1,1,6,1,33,6,1796,1,9,-1,1,-1
2017950001823,2,8,0,18,0,1,0,0,0,0,2,1,1,1,58,9,2499,2,5,-1,1,-1
2017950001826,1,9,0,9,0,1,0,0,0,0,1,1,2,2,62,9,-1,-1,-1,-1,3,-1
2017950001826,2,1,0,9,0,1,0,0,0,0,3,1,6,1,55,8,-1,-1,-1,9,1,9
2017950001828,1,19,0,18,0,0,0,0,0,0,1,1,6,1,40,7,1248,2,10,-1,1,-1