Accident_Index,Vehicle_Reference,Vehicle_Type,Towing_and_Articulation,Vehicle_Manoeuvre,Vehicle_Location-Restricted_Lane,Junction_Location,Skidding_and_Overturning,Hit_Object_in_Carriageway,Vehicle_Leaving_Carriageway,Hit_Object_off_Carriageway,1st_Point_of_Impact,Was_Vehicle_Left_Hand_Drive?,Journey_Purpose_of_Driver,Sex_of_Driver,Age_of_Driver,Age_Band_of_Driver,Engine_Capacity_(CC),Propulsion_Code,Age_of_Vehicle,Driver_IMD_Decile,Driver_Home_Area_Type,Vehicle_IMD_Decile
2017950001828,2,9,0,18,0,0,0,0,0,0,1,1,6,1,30,6,1598,2,3,-1,3,-1
2017950001831,1,11,0,3,0,0,0,0,0,0,0,1,1,2,42,7,5132,2,3,-1,1,-1
2017950001833,1,9,0,18,0,8,5,0,0,0,0,1,6,2,59,9,996,1,1,-1,1,-1
2017950001833,2,9,0,18,0,1,0,0,0,0,1,1,6,1,59,9,1461,2,2,-1,1,-1
2017950001834,1,8,0,18,0,0,0,0,0,0,3,1,1,1,71,10,2143,2,-1,-1,1,-1
2017950001835,1,9,0,17,0,0,5,0,2,4,4,1,6,2,18,4,1332,1,10,-1,3,-1
2017950001836,1,9,0,7,0,2,0,0,0,0,1,1,6,1,50,8,1248,2,3,-1,3,-1
2017950001836,2,9,0,18,0,1,0,0,0,0,1,1,6,2,76,11,-1,-1,-1,-1,1,-1
2017950001837,1,9,0,18,0,0,0,0,0,0,1,1,6,2,-1,-1,-1,-1,-1,-1,-1,-1
2017950001837,2,9,0,18,0,0,0,0,0,0,2,1,6,2,29,6,1598,1,9,-1,-1,-1
2017950001839,1,9,0,9,0,8,0,0,0,0,1,1,6,1,50,8,1399,2,12,-1,3,-1
2017950001839,2,1,0,18,0,8,0,0,0,0,1,1,6,1,54,8,-1,-1,-1,-1,3,-1
2017950001840,1,11,0,18,0,0,0,0,0,0,0,1,1,1,45,7,9360,2,8,-1,1,-1
2017950001841,1,1,0,18,9,0,0,0,0,0,1,1,6,2,8,2,-1,-1,-1,-1,3,-1
2017950001841,2,9,0,18,0,0,0,0,0,0,1,1,6,1,53,8,1461,2,-1,-1,3,-1
2017950001842,1,9,0,18,0,0,0,0,0,0,1,1,6,1,61,9,1560,2,5,-1,-1,-1
2017950001842,2,9,0,4,0,0,0,0,0,0,2,1,6,1,61,9,-1,-1,-1,-1,1,-1
2017950001842,3,9,0,4,0,0,0,0,0,0,2,1,6,1,26,6,1560,2,9,-1,1,-1
2017950001843,1,9,0,18,0,0,0,0,0,0,1,1,6,1,68,10,1685,2,1,-1,2,-1
2017950001843,2,3,0,18,0,0,0,0,1,0,3,1,6,1,44,7,123,1,5,-1,1,-1
2017950001843,3,9,0,18,0,0,0,0,0,0,1,1,6,1,37,7,998,1,5,-1,3,-1
2017950001843,4,9,0,18,0,0,0,0,0,0,1,1,6,1,67,10,1850,1,15,-1,1,-1
2017950001844,1,1,0,15,0,0,0,0,0,0,1,1,6,1,31,6,-1,-1,-1,-1,3,-1
2017950001844,2,9,0,6,0,0,0,0,0,0,4,1,1,1,48,8,1598,1,6,-1,2,-1
2017950001845,1,11,0,3,0,0,0,0,0,0,0,1,1,1,37,7,9360,2,9,-1,1,-1
2017950001846,1,9,0,17,0,0,0,0,0,0,1,1,6,1,34,6,1248,1,-1,-1,-1,-1
2017950001846,2,9,0,16,0,0,0,0,0,0,1,1,6,2,32,6,1598,1,16,-1,1,-1
2017950001847,1,9,0,9,0,8,0,0,0,0,1,1,6,1,41,7,2143,2,-1,-1,-1,-1
2017950001847,2,8,0,18,0,1,0,0,0,0,1,1,1,1,56,9,2148,2,7,-1,1,-1
2017950001848,1,9,0,4,0,1,0,0,0,0,1,1,6,2,34,6,-1,-1,-1,-1,3,-1
2017950001848,2,9,0,4,0,1,0,0,0,0,2,1,6,2,46,8,1197,1,-1,-1,3,-1
2017950001848,3,9,0,3,0,1,0,0,0,0,2,1,6,1,47,8,2993,2,7,-1,2,-1
2017950001849,1,1,0,18,0,1,0,0,0,0,1,1,2,1,34,6,-1,-1,-1,-1,1,-1
2017950001849,2,9,0,3,0,1,0,0,0,0,2,1,6,2,24,5,1598,2,6,-1,1,-1
2017950001850,1,9,0,17,0,0,5,0,1,11,4,1,6,1,30,6,1560,2,3,-1,3,-1
2017950001851,1,9,0,18,0,8,0,0,0,0,1,1,6,1,37,7,1396,1,12,-1,1,-1
2017950001851,2,9,0,18,0,8,0,0,7,10,4,1,6,1,37,7,999,1,-1,-1,-1,-1
2017950001853,1,9,0,18,0,0,0,0,0,0,1,1,2,1,29,6,1399,1,12,-1,3,-1
2017950001853,2,9,0,18,0,0,0,0,1,0,1,1,6,1,54,8,1686,2,11,-1,2,-1
2017950001854,1,19,0,18,0,8,0,0,0,0,1,1,1,1,53,8,4764,2,5,-1,1,-1
2017950001854,2,11,0,18,0,8,0,0,0,0,3,1,1,1,22,5,6700,2,4,-1,2,-1
2017950001855,1,19,0,17,0,0,0,0,2,7,1,1,6,1,49,8,2298,2,7,-1,1,-1
2017950001856,1,90,0,18,0,0,0,0,0,0,1,1,6,1,43,7,-1,-1,-1,-1,1,-1
2017950001856,2,19,0,18,0,0,0,0,0,0,1,1,1,1,38,7,2298,2,1,-1,-1,-1
2017950001856,3,9,0,18,0,0,0,0,7,0,2,1,6,1,61,9,1998,2,3,-1,1,-1
2017950001856,4,9,0,18,0,0,0,0,0,0,0,1,6,1,74,10,1362,1,4,-1,1,-1
2017950001858,1,9,0,18,0,1,0,0,0,0,1,1,1,1,38,7,1798,8,1,-1,3,-1
2017950001858,2,9,0,10,0,1,0,0,0,0,1,1,6,1,66,10,1997,2,14,-1,3,-1
2017950001859,1,9,0,18,0,1,5,10,1,0,1,1,6,2,70,10,1206,1,6,-1,1,-1
2017950001860,1,9,0,12,0,3,0,0,0,0,1,1,6,2,23,5,998,1,7,-1,1,-1
2017950001860,2,9,0,18,0,3,0,0,7,1,4,1,6,1,51,8,1685,2,2,-1,2,-1
2017950001862,1,9,0,5,0,2,0,0,0,0,3,1,1,1,50,8,1598,2,1,-1,-1,-1
2017950001862,2,9,0,18,0,8,0,0,7,1,1,1,6,1,36,7,1995,2,1,-1,1,-1
2017950001863,1,9,0,13,0,1,0,0,1,10,1,1,6,1,20,4,1599,1,10,-1,1,-1
2017950001863,2,19,0,9,0,1,0,0,7,0,2,1,6,2,45,7,4580,2,12,-1,3,-1
2017950001864,1,9,0,6,0,0,0,0,0,0,3,1,6,2,61,9,1499,1,3,-1,1,-1
2017950001864,2,9,0,18,0,0,0,0,7,11,1,1,6,1,25,5,1596,1,4,-1,3,-1
2017950001865,1,11,0,5,0,0,0,0,0,0,4,1,1,1,55,8,7300,2,11,-1,1,-1
2017950001866,1,9,0,7,0,1,0,0,0,0,1,1,2,1,19,4,1388,1,14,-1,1,-1
2017950001866,2,1,0,18,0,4,0,0,0,0,2,1,6,1,38,7,-1,-1,-1,-1,1,-1
2017950001867,1,19,0,9,0,1,0,0,0,0,4,1,1,1,56,9,2143,2,1,-1,-1,-1
2017950001867,2,9,0,18,0,1,0,0,0,0,1,1,6,2,44,7,1248,2,14,-1,2,-1
2017950001868,1,9,4,12,0,1,0,0,0,6,1,1,6,1,30,6,1998,2,13,-1,3,-1
2017950001868,2,9,0,12,0,1,0,0,0,0,1,1,6,1,49,8,1910,2,12,-1,-1,-1
2017950001868,3,9,0,18,0,1,0,0,0,0,1,1,6,1,60,9,1560,2,1,-1,1,-1
2017950001870,1,9,0,18,0,0,0,0,0,0,1,1,6,2,30,6,1796,1,15,-1,1,-1
2017950001870,2,9,0,18,0,0,0,0,0,0,1,1,6,1,30,6,2993,2,11,-1,2,-1
2017950001871,1,11,0,5,0,0,0,0,0,0,0,1,1,1,57,9,9360,2,9,-1,1,-1
2017950001872,1,19,0,13,0,0,0,0,0,0,4,1,6,3,-1,-1,-1,-1,-1,-1,-1,-1
2017950001872,2,1,0,18,0,0,0,0,1,0,4,1,2,1,27,6,-1,-1,-1,-1,3,-1
2017950001873,1,19,0,18,0,2,0,0,0,0,1,1,1,1,26,6,2287,2,3,8,1,8
2017950001873,2,9,0,9,0,1,0,0,0,0,2,1,6,2,49,8,998,1,9,-1,3,-1
2017950001873,3,9,0,18,0,1,0,0,0,0,1,1,2,2,30,6,2179,2,3,-1,3,-1
2017950001874,1,9,0,7,0,2,0,4,0,0,1,1,6,3,-1,-1,1984,1,10,-1,-1,-1
2017950001874,2,9,0,18,0,1,0,0,0,0,1,1,6,2,29,6,1968,2,6,-1,1,-1
2017950001874,3,9,0,2,0,1,0,0,0,0,1,1,6,3,-1,-1,998,1,2,-1,-1,-1
2017950001874,4,19,0,3,0,1,0,0,0,0,1,1,6,1,45,7,1461,2,4,-1,2,-1
2017950001875,1,19,0,4,0,1,0,0,0,0,1,1,6,1,-1,-1,1499,2,1,-1,-1,-1
2017950001875,2,9,0,4,0,1,0,0,0,0,2,1,2,2,28,6,1197,1,3,-1,1,-1
2017950001877,1,9,0,16,0,1,0,0,7,0,1,1,6,2,18,4,-1,-1,-1,-1,3,-1
2017950001878,1,9,0,9,0,8,0,0,0,0,1,1,6,2,32,6,1598,1,12,-1,1,-1
2017950001878,2,9,0,18,0,8,0,0,7,0,4,1,2,2,43,7,1229,1,6,-1,1,-1
2017950001879,1,9,0,17,0,8,0,0,0,0,1,1,6,1,44,7,1598,2,4,-1,-1,-1
2017950001879,2,1,0,10,0,8,0,0,0,0,1,1,6,1,48,8,-1,-1,-1,-1,1,-1
2017950001880,1,9,0,18,0,0,0,0,7,11,1,1,6,2,28,6,1229,1,11,-1,3,-1
2017950001881,1,4,0,18,0,0,0,0,0,0,1,1,6,1,20,4,675,1,5,-1,1,-1
2017950001882,1,9,0,5,0,0,0,0,0,0,2,1,1,2,28,6,1796,1,10,-1,3,-1
2017950001882,2,1,0,5,0,0,0,0,0,0,3,1,6,1,33,6,-1,-1,-1,-1,1,-1
2017950001883,1,9,0,18,0,8,0,0,0,0,1,1,6,1,21,5,1598,1,13,-1,2,-1
2017950001883,2,9,0,18,0,1,0,0,0,0,3,1,6,1,51,8,-1,-1,-1,-1,3,-1
2017950001884,1,9,0,18,0,0,0,0,0,0,1,1,6,1,45,7,1769,1,12,8,1,8
2017950001884,2,9,0,17,0,0,0,0,0,0,1,1,6,1,34,6,2967,2,1,3,1,3
2017950001885,1,19,0,5,0,1,0,0,0,0,1,1,6,1,47,8,1598,2,5,-1,1,-1
2017950001885,2,1,0,5,0,1,0,0,1,0,1,1,6,1,29,6,-1,-1,-1,-1,1,-1
2017950001886,1,9,0,16,0,1,0,0,0,0,1,1,6,2,30,6,1461,2,2,-1,3,-1
2017950001886,2,9,0,8,0,1,0,0,0,0,2,1,6,2,43,7,1197,1,4,-1,1,-1
2017950001888,1,11,0,3,2,0,0,0,0,0,0,1,6,1,52,8,4760,2,4,-1,1,-1
2017950001890,1,9,0,9,0,8,0,0,0,0,1,1,2,1,47,8,3199,1,17,-1,1,-1
2017950001890,2,9,0,18,0,8,0,0,0,0,4,1,6,2,77,11,998,1,15,-1,1,-1
2017950001891,1,9,0,18,0,0,0,0,1,7,1,1,6,1,41,7,1560,2,9,-1,3,-1
2017950001892,1,9,0,7,0,8,0,0,0,0,4,1,2,2,50,8,999,1,2,-1,1,-1
2017950001892,2,1,0,18,0,8,0,0,0,0,3,1,6,2,34,6,-1,-1,-1,-1,1,-1
2017950001893,1,4,0,11,0,8,0,0,0,0,3,1,6,1,26,6,599,1,14,-1,2,-1
2017950001893,2,9,0,9,0,8,0,0,0,0,3,1,6,1,33,6,1398,1,-1,-1,-1,-1
2017950001895,1,9,0,5,0,0,0,0,0,0,4,1,1,1,44,7,1198,1,3,-1,3,-1
2017950001895,2,3,0,18,0,0,0,0,0,0,1,1,1,1,28,6,125,1,2,-1,1,-1
2017950001897,1,4,0,13,0,0,1,0,0,0,1,1,2,1,54,8,919,1,14,-1,2,-1
2017950001897,2,9,0,18,0,0,0,0,0,0,3,1,6,2,54,8,1968,2,-1,-1,3,-1
2017950001898,1,19,0,18,0,0,0,0,0,0,1,1,6,1,27,6,1686,2,14,-1,-1,-1
2017950001898,2,9,0,18,0,0,0,0,1,0,1,1,6,1,76,11,1198,1,4,-1,3,-1
2017950001899,1,9,0,18,0,1,0,0,0,0,4,1,6,3,-1,-1,-1,-1,-1,-1,-1,-1
2017950001899,2,1,0,5,0,1,0,0,0,0,3,1,6,1,64,9,-1,-1,-1,-1,1,-1
2017950001900,1,11,0,18,2,0,0,0,0,0,0,1,1,1,47,8,5132,2,-1,-1,2,-1
2017950001901,1,9,2,18,0,0,0,0,0,0,3,1,6,3,-1,-1,-1,-1,-1,-1,-1,-1
2017950001902,1,9,0,5,0,0,0,0,0,0,1,1,6,2,19,4,1461,2,7,-1,1,-1
2017950001903,1,9,0,18,0,0,0,0,0,0,1,1,6,1,25,5,998,1,4,-1,1,-1
2017950001903,2,9,0,18,0,0,0,0,0,0,2,1,6,1,41,7,-1,-1,-1,-1,2,-1
2017950001904,1,9,0,18,0,1,0,0,0,0,1,1,2,1,19,4,-1,-1,-1,-1,1,-1
2017950001904,2,9,0,4,0,1,0,0,0,0,2,1,6,2,45,7,998,1,6,-1,1,-1
2017950001905,1,9,0,7,0,8,0,0,0,0,4,1,6,1,27,6,1386,1,8,-1,1,-1
2017950001905,2,1,0,18,0,8,0,0,0,0,3,1,2,2,44,7,-1,-1,-1,-1,1,-1
2017950001906,1,9,0,13,0,0,0,0,0,0,0,1,6,1,38,7,2400,2,5,-1,-1,-1
2017950001906,2,19,0,18,0,0,1,0,1,9,4,1,1,1,29,6,2464,2,8,-1,1,-1
2017950001906,3,9,0,18,0,0,0,0,0,0,0,1,6,3,-1,-1,-1,-1,-1,-1,-1,-1
2017950001907,1,8,0,18,0,0,0,0,0,0,4,1,1,1,49,8,2499,2,10,-1,1,-1
2017950001908,1,19,0,18,0,3,0,0,0,0,4,1,6,1,57,9,1248,2,5,-1,1,-1
2017950001908,2,1,0,18,0,4,0,0,0,0,4,1,2,1,61,9,-1,-1,-1,-1,1,-1
2017950001909,1,10,0,1,0,0,0,0,0,0,2,1,6,2,66,10,-1,-1,-1,-1,1,-1
2017950001910,1,4,0,18,0,0,2,0,0,0,1,1,6,1,46,8,1552,1,9,-1,2,-1
2017950001911,1,9,0,5,0,2,0,0,0,0,1,1,6,1,39,7,1598,1,2,-1,3,-1
2017950001911,2,9,0,18,0,8,0,0,0,0,1,1,2,2,28,6,1242,1,4,-1,2,-1
2017950001912,1,9,0,5,0,0,0,0,0,0,1,1,3,2,31,6,1968,2,1,-1,3,-1
2017950001912,2,9,0,3,0,0,0,0,0,0,2,1,1,1,57,9,1590,1,12,-1,1,-1
2017950001913,1,19,0,2,0,1,0,0,0,0,3,1,6,3,-1,-1,2488,2,4,-1,-1,-1
2017950001913,2,1,0,18,0,2,0,0,0,0,3,1,6,1,21,5,-1,-1,-1,-1,1,-1
2017950001914,1,9,0,18,0,0,0,12,0,0,1,1,6,1,24,5,1956,2,1,-1,3,-1
2017950001915,1,9,0,5,0,6,0,0,0,0,1,1,6,2,32,6,1968,2,3,-1,1,-1
2017950001915,2,9,0,10,0,5,0,0,0,0,3,1,6,2,36,7,1360,1,7,-1,-1,-1
2017950001917,1,9,0,5,8,2,0,0,0,0,1,1,6,3,-1,-1,-1,-1,-1,-1,-1,-1
2017950001920,1,11,0,18,2,2,0,0,1,0,1,1,1,1,30,6,5132,2,-1,-1,1,-1
2017950001921,1,8,0,2,0,0,0,0,0,0,3,1,6,3,-1,-1,-1,-1,-1,-1,-1,-1
2017950001921,2,1,0,18,0,0,0,8,0,0,1,1,6,1,48,8,-1,-1,-1,-1,1,-1
2017950001922,1,9,0,1,0,0,0,0,0,0,2,1,6,2,84,11,998,1,3,-1,1,-1
2017950001923,1,9,0,18,0,2,0,0,0,10,1,1,6,1,80,11,1386,1,7,-1,1,-1
2017950001923,2,9,0,18,0,2,0,0,0,0,1,1,6,1,33,6,1560,2,6,-1,1,-1
2017950001924,1,9,0,18,0,0,0,0,0,0,1,1,6,1,17,4,1560,2,11,-1,1,-1
2017950001924,2,9,0,18,0,0,0,0,0,0,3,1,6,1,64,9,1968,2,2,-1,2,-1
2017950001926,1,9,0,4,0,1,0,0,0,0,1,1,6,1,46,8,1896,2,15,-1,3,-1
2017950001926,2,9,0,3,0,1,0,0,0,0,2,1,6,2,21,5,1368,1,4,-1,3,-1
2017950001927,1,1,0,16,0,0,2,0,0,0,0,1,6,2,41,7,-1,-1,-1,-1,2,-1
2017950001927,2,9,0,17,0,0,0,0,0,0,0,1,6,2,46,8,1968,2,10,-1,3,-1
2017950001928,1,19,0,7,0,8,0,0,0,0,1,1,1,1,32,6,2198,2,7,-1,1,-1
2017950001928,2,19,5,7,0,2,0,0,0,0,0,1,1,1,35,6,2198,2,4,-1,1,-1
2017950001928,3,9,0,3,0,1,0,0,0,0,1,1,6,2,34,6,2231,2,5,-1,3,-1
2017950001928,4,19,0,3,0,1,0,0,0,0,1,1,1,1,59,9,2299,2,2,-1,1,-1
2017950001929,1,9,0,18,0,0,0,7,1,7,1,1,6,1,22,5,1198,1,4,-1,-1,-1
2017950001930,1,8,0,1,0,0,0,0,0,0,2,1,6,1,34,6,2664,2,18,-1,1,-1
2017950001931,1,9,0,9,0,1,0,0,0,0,4,1,6,2,19,4,998,1,9,-1,3,-1
2017950001931,2,1,0,18,0,1,0,0,0,0,1,1,6,1,12,3,-1,-1,-1,-1,2,-1
2017950001932,1,19,0,18,0,0,0,0,0,0,1,1,2,1,39,7,2198,2,4,-1,1,-1
2017950001932,2,9,0,18,0,0,0,0,0,0,2,1,6,1,60,9,-1,-1,-1,-1,1,-1
2017950001934,1,9,0,18,0,1,1,0,0,0,1,1,6,1,27,6,1389,1,15,-1,2,-1
2017950001934,2,90,0,8,0,8,0,0,0,0,0,1,1,1,58,9,-1,2,21,-1,3,-1
2017950001934,3,9,0,18,0,1,0,0,0,0,1,1,6,1,50,8,2982,2,2,-1,3,-1
2017950001936,1,9,0,17,0,3,0,0,0,0,3,1,6,1,42,7,1582,2,4,-1,-1,-1
2017950001936,2,4,0,11,0,3,0,0,0,0,1,1,6,1,45,7,1215,1,1,-1,1,-1
2017950001937,1,9,5,18,0,0,5,0,0,0,4,1,1,1,61,9,2494,2,6,-1,3,-1
2017950001938,1,9,0,18,0,4,0,0,0,0,1,1,6,2,28,6,1796,1,12,-1,1,-1
2017950001938,2,9,0,3,0,4,0,0,0,0,2,1,6,2,56,9,-1,-1,-1,-1,1,-1
2017950001938,3,90,0,18,0,3,0,0,0,0,0,1,1,2,29,6,2999,2,6,-1,1,-1
2017950001939,1,9,0,14,0,0,0,0,0,0,1,1,6,1,24,5,898,1,3,-1,1,-1
2017950001940,1,11,0,18,0,0,0,0,0,0,0,1,1,1,40,7,4760,2,3,-1,1,-1
2017950001941,1,9,0,18,0,8,0,0,0,0,1,1,2,1,46,8,1968,2,8,-1,2,-1
2017950001942,1,9,0,7,0,5,0,0,0,0,4,1,6,2,47,8,1364,1,5,-1,3,-1
2017950001942,2,1,0,18,0,8,0,0,0,0,3,1,6,2,35,6,-1,-1,-1,-1,1,-1
2017950001943,1,17,4,13,0,0,0,0,0,0,4,1,1,1,55,8,6788,2,8,-1,3,-1
2017950001943,2,1,0,18,0,0,0,0,0,0,3,1,6,1,48,8,-1,-1,-1,-1,1,-1
2017950001944,1,9,0,5,0,8,0,0,0,0,3,1,1,1,47,8,1598,2,2,-1,3,-1
2017950001944,2,4,0,18,0,8,1,0,0,0,1,1,2,1,47,8,800,1,1,-1,1,-1
2017950001945,1,9,0,16,0,0,1,4,0,0,3,1,6,1,17,4,1388,1,7,-1,1,-1
2017950001945,2,19,0,2,0,0,0,0,1,11,2,1,6,3,-1,-1,2198,2,3,-1,-1,-1
2017950001946,1,8,0,5,0,0,0,0,0,0,3,1,1,1,52,8,2664,2,19,-1,1,-1
2017950001946,2,8,0,14,0,0,0,0,0,0,4,1,1,1,29,6,2664,2,18,-1,1,-1
2017950001947,1,9,0,18,0,0,0,0,0,0,3,1,6,2,69,10,998,1,12,-1,1,-1
2017950001947,2,9,0,18,0,0,0,0,0,0,3,1,6,2,24,5,998,1,7,-1,1,-1
2017950001948,1,9,0,18,0,1,1,0,0,0,1,1,6,1,23,5,1360,1,14,-1,1,-1
2017950001948,2,9,0,5,0,1,0,0,0,0,1,1,6,1,27,6,1598,2,3,-1,3,-1
2017950001949,1,9,0,18,0,1,0,0,0,0,1,1,6,2,78,11,1386,1,9,-1,3,-1
2017950001950,1,9,0,17,0,0,2,0,1,11,1,1,6,2,29,6,2204,2,11,-1,1,-1
2017950001951,1,9,0,5,4,1,0,0,0,0,3,1,6,1,48,8,1596,1,14,-1,1,-1
2017950001951,2,1,0,18,4,1,0,0,0,0,1,1,6,1,59,9,-1,-1,-1,-1,-1,-1
2017950001952,1,9,0,5,0,0,0,0,0,0,4,1,3,1,21,5,1397,1,8,-1,1,-1
2017950001952,2,9,0,18,0,0,0,0,0,0,3,1,6,2,44,7,1339,1,11,-1,1,-1
2017950001953,1,19,0,4,0,0,1,0,0,0,1,1,1,1,21,5,1995,2,1,-1,1,-1
2017950001953,2,19,0,4,0,0,0,0,0,0,2,1,1,1,24,5,2298,2,2,-1,1,-1
2017950001953,3,9,0,4,0,0,0,0,0,0,2,1,6,2,23,5,1560,2,3,-1,1,-1
2017950001954,1,9,0,16,0,0,0,0,0,0,1,1,2,2,21,5,1198,1,4,-1,2,-1
2017950001955,1,19,0,5,0,3,0,0,0,0,1,1,6,1,38,7,2198,2,4,-1,1,-1
2017950001956,1,11,0,5,0,2,0,0,0,0,0,1,1,1,33,6,9360,2,8,-1,1,-1
2017950001957,1,1,0,14,0,0,0,0,0,0,1,1,4,2,7,2,-1,-1,-1,-1,3,-1
2017950001957,2,19,0,18,0,0,0,0,0,0,3,1,1,1,44,7,2198,2,10,-1,3,-1
2017950001958,1,1,0,7,0,4,0,0,0,0,0,1,2,1,49,8,-1,-1,-1,-1,1,-1
2017950001960,1,19,0,6,0,0,0,0,0,0,3,1,6,1,49,8,2198,2,10,-1,1,-1
2017950001960,2,9,0,18,0,0,0,0,0,0,4,1,6,2,32,6,1398,1,3,-1,1,-1
2017950001961,1,9,0,14,0,2,0,0,0,0,1,1,6,2,39,7,1490,1,12,-1,1,-1
2017950001961,2,9,0,18,0,1,0,0,0,0,1,1,6,1,66,10,1998,8,-1,-1,-1,-1
2017950001962,1,9,0,18,0,1,0,0,0,0,0,1,6,1,18,4,1388,1,13,-1,2,-1
2017950001962,2,9,0,18,0,1,0,0,0,0,1,1,6,1,67,10,1685,2,2,-1,1,-1
2017950001962,3,9,0,10,0,1,0,0,1,0,3,1,2,2,25,5,1596,1,10,-1,3,-1
2017950001963,1,9,0,14,0,0,0,0,0,0,1,1,2,1,46,8,1390,1,9,-1,1,-1
2017950001963,2,9,0,18,0,0,0,0,0,0,1,1,2,1,28,6,1995,2,11,-1,1,-1
2017950001964,1,9,0,18,0,2,0,0,0,0,1,1,6,1,75,10,1248,1,3,-1,2,-1
2017950001964,2,9,0,18,0,2,0,0,0,0,1,1,6,1,75,10,998,1,12,-1,3,-1
2017950001965,1,19,0,6,8,8,0,0,7,0,1,1,1,1,36,7,1461,2,-1,-1,1,-1
2017950001965,2,9,0,18,0,1,5,0,0,0,1,1,6,2,21,5,998,1,1,-1,3,-1
2017950001966,1,9,0,18,0,7,0,0,0,0,1,1,6,1,35,6,1197,1,1,-1,1,-1
2017950001966,2,19,0,18,0,1,0,0,0,0,2,1,1,1,21,5,1995,2,9,-1,3,-1
2017950001967,1,1,0,18,0,1,0,0,0,0,0,1,6,2,5,1,-1,-1,-1,-1,3,-1
2017950001967,2,19,0,18,0,8,0,0,0,0,1,1,1,1,26,6,2500,2,12,-1,1,-1
2017950001968,1,9,0,18,0,1,0,0,0,0,1,1,6,2,57,9,1598,1,14,-1,2,-1
2017950001968,2,9,0,18,0,1,0,0,0,0,1,1,6,1,22,5,-1,-1,-1,-1,2,-1
2017950001968,3,9,0,18,0,1,0,0,0,0,0,1,6,2,23,5,1598,1,4,-1,1,-1
2017950001969,1,9,0,18,0,8,0,0,0,0,1,1,6,1,28,6,1200,1,1,-1,-1,-1
2017950001969,2,11,0,3,0,8,0,0,0,0,2,1,1,1,57,9,9360,2,10,-1,2,-1
2017950001969,3,9,0,18,0,1,0,0,0,0,3,1,6,1,68,10,998,1,4,-1,1,-1
2017950001970,1,9,0,18,0,8,0,0,0,0,4,1,6,1,29,6,1200,1,-1,-1,1,-1
2017950001970,2,4,0,18,0,8,0,0,0,0,3,1,6,1,46,8,645,1,10,-1,1,-1
2017950001971,1,9,0,6,0,0,0,0,0,0,1,1,6,3,-1,-1,-1,-1,-1,-1,-1,-1
2017950001972,1,9,0,5,0,0,0,0,0,0,3,1,6,1,26,6,2902,2,13,-1,2,-1
2017950001975,1,1,0,18,0,0,0,0,1,0,3,1,2,2,29,6,-1,-1,-1,-1,1,-1
2017950001975,2,9,0,4,0,0,0,0,0,0,4,1,2,1,43,7,2496,2,12,-1,1,-1
2017950001976,1,9,0,18,0,0,0,0,0,0,4,1,6,2,-1,-1,-1,-1,-1,-1,-1,-1
2017950001977,1,9,0,9,0,2,0,0,0,0,3,1,6,1,39,7,1200,1,-1,-1,-1,-1
2017950001977,2,21,0,18,0,1,0,0,0,0,1,1,1,1,33,6,5900,2,10,-1,2,-1
2017950001978,1,9,0,18,0,0,0,0,0,0,1,1,6,1,36,7,1229,1,4,-1,-1,-1
2017950001978,2,9,0,18,0,0,0,0,0,0,2,1,6,2,47,8,1248,2,5,-1,1,-1
2017950001979,1,9,0,9,0,1,0,0,0,0,1,1,6,1,78,11,1598,2,3,-1,3,-1
2017950001979,2,9,0,18,0,1,0,0,7,11,3,1,6,2,28,6,1395,1,1,7,1,7
2017950001979,3,9,0,18,0,1,0,0,7,9,0,1,6,2,39,7,1396,1,3,4,1,4
2017950001980,1,9,0,4,0,1,0,0,0,0,1,1,6,1,42,7,1332,1,5,-1,1,-1
2017950001980,2,9,0,3,0,1,0,0,0,0,2,1,6,1,22,5,1968,2,7,7,3,7
2017950001982,1,11,0,2,2,0,0,0,0,0,0,1,1,1,59,9,9360,2,7,-1,-1,-1
2017950001983,1,11,0,18,0,0,0,0,0,0,0,1,1,1,34,6,5132,2,1,-1,1,-1
2017950001984,1,3,0,4,0,1,0,0,0,0,0,1,2,1,61,9,124,1,11,-1,1,-1
2017950001985,1,9,0,18,0,0,0,0,7,0,1,1,6,1,18,4,1229,1,5,-1,2,-1
2017950001985,2,9,0,2,0,0,0,0,1,0,1,1,6,3,-1,-1,1598,1,3,-1,-1,-1
2017950001986,1,19,0,13,0,8,0,0,0,0,1,1,6,3,-1,-1,2198,2,1,-1,-1,-1
2017950001986,2,11,0,18,0,8,0,0,0,0,1,1,1,1,64,9,9400,2,12,-1,2,-1
2017950001986,3,9,0,10,0,1,0,0,0,0,1,1,6,1,73,10,1197,1,-1,-1,1,-1
2017950001987,1,9,0,9,0,8,0,0,0,0,1,1,6,2,63,9,1360,1,8,-1,1,-1
2017950001987,2,1,0,18,0,8,0,0,0,0,1,1,6,2,37,7,-1,-1,-1,-1,1,-1
2017950001991,1,9,0,18,0,1,0,0,0,0,1,1,6,2,31,6,1242,1,5,-1,1,-1
2017950001991,2,9,0,3,0,1,0,0,0,0,2,1,6,1,52,8,1968,2,1,-1,1,-1
2017950001992,1,1,0,16,0,0,0,0,0,0,1,1,6,1,34,6,-1,-1,-1,-1,1,-1
2017950001992,2,9,0,18,0,0,0,0,0,0,1,1,6,1,52,8,2199,2,7,-1,1,-1
2017950001992,3,9,0,18,0,0,0,0,0,0,1,1,6,2,49,8,1753,2,13,-1,2,-1