Accident_Index,Vehicle_Reference,Vehicle_Type,Towing_and_Articulation,Vehicle_Manoeuvre,Vehicle_Location-Restricted_Lane,Junction_Location,Skidding_and_Overturning,Hit_Object_in_Carriageway,Vehicle_Leaving_Carriageway,Hit_Object_off_Carriageway,1st_Point_of_Impact,Was_Vehicle_Left_Hand_Drive?,Journey_Purpose_of_Driver,Sex_of_Driver,Age_of_Driver,Age_Band_of_Driver,Engine_Capacity_(CC),Propulsion_Code,Age_of_Vehicle,Driver_IMD_Decile,Driver_Home_Area_Type,Vehicle_IMD_Decile
2017950002197,2,9,0,3,0,0,0,0,0,0,2,1,6,2,57,9,1598,1,8,-1,3,-1
2017950002197,3,9,0,3,0,0,0,0,0,0,2,1,6,1,63,9,1998,2,10,-1,1,-1
2017950002198,1,9,0,18,0,0,0,10,0,0,1,1,2,1,25,5,1968,2,5,-1,1,-1
2017950002198,2,11,0,18,0,0,0,0,0,0,2,1,1,1,40,7,5132,2,1,-1,2,-1
2017950002199,1,9,0,9,0,1,0,0,0,0,1,1,6,2,50,8,1198,1,12,-1,1,-1
2017950002199,2,9,0,18,0,1,0,0,0,0,3,1,2,1,32,6,1400,2,11,-1,1,-1
2017950002200,1,9,0,7,0,2,0,0,0,0,1,1,6,2,18,4,1149,1,3,-1,3,-1
2017950002200,2,9,0,17,0,1,0,0,0,0,1,1,6,2,34,6,1598,1,12,-1,2,-1
2017950002201,1,9,0,18,0,0,0,0,0,0,1,1,2,1,69,10,1900,2,17,-1,1,-1
2017950002201,2,9,0,18,0,0,0,0,0,0,2,1,2,1,42,7,1969,2,2,-1,-1,-1
2017950002202,1,9,0,6,2,0,0,0,0,0,1,1,6,1,39,7,1999,2,-1,-1,1,-1
2017950002202,2,8,0,15,2,0,0,0,0,0,4,1,1,1,54,8,2143,2,-1,-1,1,-1
2017950002203,1,9,0,18,0,0,0,0,0,0,3,1,2,1,20,4,-1,-1,-1,-1,-1,-1
2017950002203,2,9,0,4,0,0,0,0,0,0,4,1,1,1,50,8,3059,2,21,-1,2,-1
2017950002204,1,9,0,17,0,0,2,0,1,11,2,1,6,2,86,11,1339,1,13,-1,2,-1
2017950002205,1,9,0,16,0,0,2,10,0,0,4,1,6,1,19,4,1242,1,11,-1,-1,-1
2017950002207,1,11,0,18,0,0,0,0,0,0,0,1,1,3,-1,-1,7300,2,5,-1,-1,-1
2017950002208,1,9,0,4,0,0,0,0,0,0,4,1,6,1,74,10,998,1,3,-1,3,-1
2017950002209,1,9,0,16,0,1,0,0,7,4,1,1,6,2,17,4,1200,1,1,-1,2,-1
2017950002210,1,90,4,9,0,2,0,0,0,0,3,1,1,1,30,6,6728,2,-1,-1,3,-1
2017950002210,2,9,0,18,0,1,0,0,0,0,1,1,6,2,66,10,1199,1,15,-1,3,-1
2017950002211,1,1,0,12,0,0,0,0,0,0,1,1,6,1,37,7,-1,-1,-1,-1,1,-1
2017950002211,2,9,0,18,0,0,0,0,0,0,1,1,1,1,31,6,1560,2,4,-1,-1,-1
2017950002212,1,9,0,16,0,0,2,0,1,10,1,1,6,2,20,4,1396,1,20,-1,1,-1
2017950002213,1,9,0,9,0,2,0,0,0,0,1,1,6,2,75,10,1329,1,4,-1,3,-1
2017950002213,2,4,0,18,0,1,0,0,0,0,3,1,6,1,52,8,999,1,-1,-1,3,-1
2017950002218,1,21,0,7,0,2,0,0,0,0,4,1,1,1,45,7,-1,-1,-1,5,1,5
2017950002218,2,9,0,7,0,2,0,0,0,0,3,1,6,1,29,6,1496,2,1,-1,1,-1
2017950002219,1,9,0,9,0,2,0,0,0,0,1,1,6,1,82,11,1398,1,2,-1,1,-1
2017950002220,1,1,0,18,0,8,0,0,0,0,1,1,6,1,34,6,-1,-1,-1,-1,1,-1
2017950002220,2,9,0,7,0,8,0,0,0,0,4,1,6,1,43,7,1910,2,13,1,1,1
2017950002221,1,9,0,18,0,2,0,0,0,0,1,1,6,2,40,7,1995,2,3,-1,1,-1
2017950002221,2,9,0,18,0,1,0,0,1,11,3,1,6,1,55,8,1796,1,15,-1,1,-1
2017950002222,1,9,0,9,0,8,0,0,0,0,4,1,6,1,19,4,1368,1,5,-1,1,-1
2017950002222,2,1,0,18,0,1,0,0,0,0,1,1,6,1,36,7,-1,-1,-1,-1,1,-1
2017950002223,1,9,0,18,0,0,1,0,0,0,1,1,6,1,46,8,998,1,23,-1,1,-1
2017950002223,2,9,0,3,0,0,0,0,0,0,2,1,6,2,50,8,1149,1,11,-1,2,-1
2017950002224,1,9,0,18,0,0,0,0,0,0,1,1,6,2,22,5,998,1,4,-1,1,-1
2017950002225,1,9,0,18,0,0,2,0,5,6,1,1,2,1,56,9,2835,2,22,-1,1,-1
2017950002226,1,19,0,18,0,0,0,0,7,0,1,1,6,1,28,6,1399,2,7,-1,1,-1
2017950002227,1,9,3,18,0,7,0,0,0,0,0,1,6,1,54,8,2720,2,10,-1,2,-1
2017950002227,2,9,0,12,0,1,0,11,0,0,4,1,6,1,47,8,1197,1,1,-1,1,-1
2017950002229,1,9,0,16,0,0,0,0,0,0,1,1,6,2,26,6,1388,1,9,-1,3,-1
2017950002229,2,9,0,18,0,0,0,0,0,0,1,1,6,1,41,7,1461,2,5,-1,1,-1
2017950002230,1,3,0,13,0,8,5,0,7,11,1,1,6,1,19,4,125,1,1,-1,1,-1
2017950002230,2,9,0,9,0,8,0,0,0,0,3,1,6,2,42,7,1968,2,6,-1,3,-1
2017950002232,1,9,0,18,0,0,0,0,5,6,1,1,1,1,23,5,1461,2,4,-1,2,-1
2017950002233,1,10,0,4,0,1,1,0,0,0,1,1,1,1,55,8,-1,-1,-1,-1,1,-1
2017950002233,2,9,0,3,0,1,0,0,0,0,2,1,6,2,47,8,1560,2,10,-1,2,-1
2017950002234,1,9,0,4,0,0,0,0,0,0,1,1,6,2,66,10,1498,1,8,-1,3,-1
2017950002234,2,9,0,3,0,0,0,0,0,0,2,1,6,1,34,6,1598,1,10,-1,1,-1
2017950002235,1,9,0,9,0,2,0,0,0,0,1,1,6,1,25,5,1398,1,-1,-1,1,-1
2017950002235,2,9,0,3,0,1,0,0,0,0,3,1,6,2,74,10,-1,-1,-1,-1,1,-1
2017950002235,3,9,0,3,0,1,0,0,0,0,3,1,6,1,69,10,1598,1,11,-1,1,-1
2017950002236,1,9,0,18,0,3,0,0,0,0,3,1,6,2,22,5,1995,2,8,-1,1,-1
2017950002236,2,9,0,18,0,3,0,0,0,0,4,1,6,1,83,11,-1,3,2,-1,1,-1
2017950002239,1,19,0,18,0,1,0,0,0,0,1,1,6,1,29,6,1598,2,2,-1,3,-1
2017950002239,2,9,0,10,0,1,0,0,0,0,2,1,6,2,28,6,1868,2,15,-1,2,-1
2017950002242,1,9,0,5,0,2,0,0,0,0,4,1,1,2,33,6,1200,1,-1,-1,3,-1
2017950002242,2,4,0,18,0,1,0,0,0,0,3,1,6,1,47,8,645,1,15,3,1,3
2017950002244,1,9,0,18,0,0,0,0,1,7,1,1,6,1,23,5,1598,2,-1,-1,3,-1
2017950002250,1,9,0,5,9,0,0,0,0,0,1,1,6,1,64,9,1587,1,12,-1,1,-1
2017950002250,2,9,0,18,0,0,0,0,0,0,4,1,6,2,27,6,1388,1,8,-1,1,-1
2017950002251,1,9,0,18,0,1,0,0,0,0,1,1,2,1,27,6,1560,2,3,-1,1,-1
2017950002251,2,9,0,4,0,1,0,0,0,0,2,1,2,2,48,8,1995,2,10,-1,3,-1
2017950002252,1,9,0,1,0,1,5,4,0,0,2,1,6,1,45,7,996,1,6,-1,1,-1
2017950002252,2,9,0,2,0,1,0,0,0,0,1,1,6,3,-1,-1,1461,2,10,-1,-1,-1
2017950002253,1,9,0,18,0,4,0,0,0,0,1,1,6,1,56,9,1461,2,3,-1,1,-1
2017950002253,2,9,0,18,0,8,0,0,0,0,4,1,2,2,56,9,1398,2,11,-1,2,-1
2017950002254,1,9,0,18,0,8,0,0,0,0,1,1,6,1,39,7,1794,1,14,-1,1,-1
2017950002254,2,9,0,13,0,2,0,0,0,0,4,1,6,1,79,11,1598,2,3,-1,1,-1
2017950002255,1,9,0,7,0,1,0,0,0,0,4,1,1,1,44,7,1797,8,8,-1,1,-1
2017950002255,2,11,0,18,2,1,0,0,0,0,1,1,1,1,45,7,12778,2,4,-1,1,-1
2017950002256,1,11,0,5,2,1,0,0,0,0,0,1,1,1,67,10,5132,2,-1,-1,1,-1
2017950002257,1,9,0,18,0,0,0,0,0,0,1,1,6,2,-1,-1,1951,2,11,-1,-1,-1
2017950002257,2,9,0,18,0,0,0,0,0,0,2,1,6,1,48,8,1968,2,1,-1,1,-1
2017950002259,1,9,0,9,0,8,0,0,0,0,1,1,6,1,34,6,1364,1,11,-1,2,-1
2017950002260,1,9,0,18,0,0,0,0,1,0,1,1,6,2,30,6,1399,2,13,-1,3,-1
2017950002261,1,9,0,18,0,2,0,10,1,1,4,1,6,1,29,6,1598,1,14,-1,2,-1
2017950002262,1,9,0,18,0,0,0,0,2,7,1,1,2,2,35,6,1149,1,16,-1,3,-1
2017950002263,1,10,0,5,0,2,0,0,0,0,3,1,1,1,33,6,2998,2,9,-1,3,-1
2017950002263,2,9,0,18,0,1,0,0,0,0,1,1,6,1,26,6,1998,1,1,-1,3,-1
2017950002264,1,9,0,4,0,1,0,0,0,0,2,1,2,1,37,7,999,1,4,-1,3,-1
2017950002264,2,9,0,18,0,2,0,0,0,0,2,1,6,1,44,7,1560,2,3,-1,1,-1
2017950002265,1,9,0,9,0,8,0,0,0,0,1,1,6,2,26,6,1499,2,-1,-1,-1,-1
2017950002265,2,9,0,18,0,8,0,0,0,0,1,1,6,1,19,4,1240,1,12,-1,1,-1
2017950002266,1,9,0,5,0,8,0,0,0,0,3,1,6,1,36,7,1229,1,4,-1,3,-1
2017950002266,2,9,0,18,0,1,0,0,1,10,1,1,6,1,24,5,1598,1,11,-1,3,-1
2017950002267,1,9,0,16,0,1,0,0,0,0,4,1,6,2,76,11,1229,1,8,-1,2,-1
2017950002267,2,3,0,18,0,1,0,0,0,10,1,1,6,1,17,4,49,1,1,-1,2,-1
2017950002268,1,9,0,9,0,8,0,0,0,0,1,1,6,2,39,7,1339,1,7,-1,3,-1
2017950002268,2,9,0,17,0,8,0,0,0,0,1,1,6,2,36,7,1199,1,13,-1,3,-1
2017950002270,1,9,0,18,0,1,0,0,0,0,1,1,6,1,51,8,-1,-1,-1,-1,1,-1
2017950002270,2,9,0,10,0,1,0,0,0,0,2,1,6,2,35,6,1560,2,5,-1,1,-1
2017950002272,1,9,0,11,0,0,0,0,0,0,4,1,6,3,-1,-1,-1,-1,-1,-1,-1,-1
2017950002272,2,1,0,18,0,0,0,0,0,0,3,1,2,1,38,7,-1,-1,-1,-1,-1,-1
2017950002274,1,9,0,4,0,0,0,0,0,0,1,1,6,2,28,6,1198,1,5,-1,2,-1
2017950002275,1,9,3,7,0,8,0,0,0,0,0,1,6,1,57,9,1598,1,15,-1,1,-1
2017950002275,2,9,0,3,0,1,0,0,0,0,1,1,2,1,45,7,-1,-1,-1,-1,1,-1
2017950002276,1,9,0,16,0,2,0,0,8,3,1,1,6,1,53,8,998,1,3,-1,3,-1
2017950002277,1,9,0,16,0,0,0,0,0,0,1,1,6,1,19,4,1590,1,12,-1,-1,-1
2017950002277,2,9,0,16,0,0,0,0,0,0,1,1,6,1,20,4,1896,2,12,-1,1,-1
2017950002277,3,9,0,17,0,0,0,0,0,0,1,1,6,1,21,5,1198,1,4,-1,3,-1
2017950002278,1,11,0,18,0,1,0,0,0,0,0,1,1,1,48,8,5132,2,2,-1,3,-1
2017950002279,1,9,0,18,0,1,0,0,0,0,1,1,6,2,18,4,1398,1,6,-1,3,-1
2017950002279,2,9,0,4,0,1,0,0,0,0,2,1,6,2,40,7,1587,1,11,-1,3,-1
2017950002279,3,9,0,10,0,1,0,0,0,0,2,1,6,2,33,6,1598,2,3,-1,3,-1
2017950002280,1,9,0,18,0,0,0,0,0,0,1,1,6,1,27,6,1910,2,7,-1,1,-1
2017950002280,2,9,0,18,0,0,0,0,1,11,3,1,6,2,34,6,1149,1,1,-1,1,-1
2017950002281,1,3,0,13,0,8,1,0,7,0,1,1,6,1,15,3,125,1,6,-1,1,-1
2017950002281,2,9,0,9,0,8,0,0,0,0,3,1,6,2,63,9,1368,1,1,-1,1,-1
2017950002282,1,3,0,17,0,0,0,0,1,7,1,1,1,1,23,5,124,1,2,-1,1,-1
2017950002283,1,9,0,18,0,0,0,0,0,0,2,1,6,3,-1,-1,-1,-1,-1,-1,-1,-1
2017950002283,2,1,0,18,0,0,0,0,0,0,1,1,6,1,28,6,-1,-1,-1,-1,1,-1
2017950002284,1,9,0,4,0,1,0,0,0,0,1,1,6,1,41,7,1598,1,15,-1,1,-1
2017950002284,2,9,0,3,0,4,0,0,0,0,2,1,6,2,30,6,1396,1,6,-1,1,-1
2017950002285,1,19,0,18,0,4,0,0,0,0,1,1,1,1,62,9,1598,2,2,-1,1,-1
2017950002285,2,9,0,3,0,4,0,0,0,0,2,1,6,1,79,11,1248,1,7,-1,2,-1
2017950002286,1,19,0,18,0,0,0,0,0,0,1,1,1,1,60,9,2298,2,-1,-1,1,-1
2017950002286,2,9,0,3,0,0,0,0,0,0,2,1,6,1,47,8,998,1,7,-1,1,-1
2017950002287,1,9,0,2,0,0,0,0,0,0,3,1,6,1,67,10,2378,1,13,-1,1,-1
2017950002287,2,1,0,18,0,0,0,4,0,0,1,1,6,1,61,9,-1,-1,-1,-1,-1,-1
2017950002288,1,9,0,18,0,0,0,12,7,3,1,1,6,1,23,5,1000,1,2,-1,2,-1
2017950002289,1,21,0,13,0,1,0,0,0,0,1,1,6,1,29,6,10837,2,2,-1,2,-1
2017950002289,2,9,0,5,0,5,0,0,0,0,1,1,6,2,22,5,998,1,5,-1,1,-1
2017950002290,1,9,0,18,0,1,0,0,0,0,1,1,6,1,33,6,1398,1,14,-1,2,-1
2017950002290,2,9,0,18,0,1,0,0,0,0,2,1,6,1,40,7,1197,1,2,-1,1,-1
2017950002290,3,9,0,18,0,1,0,0,0,0,2,1,6,2,29,6,1560,2,4,-1,1,-1
2017950002291,1,11,0,18,0,1,0,0,0,0,3,1,6,1,49,8,7300,2,13,-1,1,-1
2017950002292,1,9,0,18,0,4,0,0,0,0,1,1,6,2,78,11,1248,1,4,-1,1,-1
2017950002292,2,9,0,9,0,3,0,0,0,0,4,1,6,2,19,4,998,1,1,-1,1,-1
2017950002293,1,19,0,4,0,0,0,0,0,0,2,2,6,1,64,9,-1,-1,-1,-1,-1,-1
2017950002293,2,9,0,4,0,0,0,0,0,1,2,1,6,1,47,8,1560,2,10,-1,-1,-1
2017950002293,3,9,0,4,0,0,0,0,0,0,2,1,6,1,30,6,2521,1,7,-1,3,-1
2017950002293,4,9,0,3,0,0,0,0,0,0,2,1,6,1,63,9,1991,8,1,-1,-1,-1
2017950002294,1,9,0,18,0,0,0,0,0,0,1,1,6,3,-1,-1,1896,2,13,-1,-1,-1
2017950002294,2,1,0,18,0,0,0,0,0,0,2,1,2,1,39,7,-1,-1,-1,-1,1,-1
2017950002296,1,1,0,9,0,1,0,0,0,0,2,1,6,2,11,3,-1,-1,-1,-1,2,-1
2017950002296,2,9,0,18,0,1,0,0,0,0,4,1,6,2,78,11,1242,1,3,-1,3,-1
2017950002297,1,4,0,13,0,1,0,0,7,10,1,1,6,1,45,7,-1,-1,-1,-1,3,-1
2017950002297,2,9,0,9,0,1,0,0,0,0,3,1,6,2,41,7,1968,2,5,-1,1,-1
2017950002297,3,9,0,2,9,1,0,0,0,0,1,1,6,3,-1,-1,-1,-1,-1,-1,-1,-1
2017950002298,1,9,0,9,0,8,0,0,0,0,1,1,6,2,80,11,1497,1,16,-1,1,-1
2017950002298,2,4,0,18,0,1,0,0,0,0,1,1,6,1,52,8,800,1,-1,-1,2,-1
2017950002300,1,9,0,18,0,8,0,0,0,0,1,1,6,1,50,8,1900,2,17,-1,3,-1
2017950002300,2,9,0,3,0,8,0,0,0,0,2,1,2,2,55,8,2231,2,5,-1,2,-1
2017950002300,3,9,0,3,0,1,0,0,0,0,2,1,2,1,25,5,1560,2,3,-1,-1,-1
2017950002300,4,9,0,10,0,1,0,0,0,0,2,1,6,2,53,8,1595,1,3,-1,3,-1
2017950002301,1,9,0,18,0,0,0,0,1,11,1,1,6,1,71,10,875,1,3,-1,3,-1
2017950002302,1,9,0,13,0,0,0,0,0,0,4,1,6,3,-1,-1,-1,-1,-1,-1,-1,-1
2017950002302,2,1,0,18,4,0,0,0,0,0,3,1,2,1,19,4,-1,-1,-1,-1,-1,-1
2017950002303,1,9,0,9,0,8,0,0,0,0,1,1,6,2,23,5,1395,1,1,-1,1,-1
2017950002303,2,9,0,18,0,1,0,0,0,0,1,1,6,2,52,8,1199,1,13,-1,1,-1
2017950002304,1,9,0,9,0,6,0,0,0,0,1,1,6,2,19,4,1198,1,7,-1,1,-1
2017950002304,2,9,0,18,0,8,0,0,0,0,1,1,6,1,55,8,1596,1,16,-1,3,-1
2017950002305,1,9,0,5,0,6,0,0,0,0,1,1,6,1,20,4,1598,2,1,-1,2,-1
2017950002305,2,9,0,18,0,8,0,0,0,0,1,1,2,2,21,5,1360,1,5,-1,1,-1
2017950002306,1,9,0,16,0,0,0,10,1,2,1,1,2,1,26,6,1598,1,12,-1,2,-1
2017950002307,1,9,0,12,0,0,0,0,0,0,1,1,6,1,65,9,3528,1,34,-1,3,-1
2017950002307,2,19,0,18,0,0,0,0,0,0,4,1,2,2,37,7,2198,2,9,3,1,3
2017950002308,1,19,0,16,0,0,0,0,7,4,1,1,1,1,25,5,1968,2,4,-1,1,-1
2017950002309,1,9,0,16,0,0,0,0,7,1,1,1,6,1,64,9,1896,2,14,4,1,4
2017950002310,1,9,0,18,0,0,0,0,0,0,4,1,6,1,50,8,1461,2,2,-1,3,-1
2017950002310,2,1,0,18,0,0,0,0,0,0,3,1,6,1,-1,-1,-1,-1,-1,-1,3,-1
2017950002311,1,9,0,15,0,0,0,0,0,0,1,1,1,1,49,8,-1,-1,-1,-1,1,-1
2017950002312,1,9,0,7,0,8,0,0,0,0,1,1,2,2,22,5,1149,1,13,-1,2,-1
2017950002313,1,9,0,7,0,1,0,0,0,0,4,1,6,3,-1,-1,-1,-1,-1,-1,-1,-1
2017950002314,1,9,0,4,0,1,0,0,0,0,1,1,6,1,30,6,1360,1,14,-1,1,-1
2017950002314,2,9,0,3,0,1,0,0,0,0,2,1,6,1,37,7,1586,1,2,-1,1,-1
2017950002315,1,19,0,18,0,0,0,0,0,0,3,1,1,1,-1,-1,2198,2,1,-1,1,-1
2017950002316,1,9,0,18,0,0,0,0,0,0,4,1,6,1,92,11,1229,1,4,-1,1,-1
2017950002316,2,9,0,2,0,0,0,0,0,0,1,1,6,3,-1,-1,1299,1,10,-1,-1,-1
2017950002316,3,9,0,2,0,0,0,0,0,0,3,1,6,3,-1,-1,1149,1,10,-1,-1,-1
2017950002317,1,90,0,9,0,8,5,10,0,0,4,1,1,1,36,7,7698,2,-1,5,1,5
2017950002319,1,9,0,18,0,0,0,0,0,0,1,1,6,3,-1,-1,1086,1,13,-1,-1,-1
2017950002319,2,9,0,3,0,0,0,0,0,0,2,1,6,1,21,5,1198,1,6,-1,1,-1
2017950002320,1,9,0,18,0,2,0,0,0,0,1,1,6,3,-1,-1,-1,-1,-1,-1,-1,-1
2017950002321,1,9,0,7,0,1,0,0,0,0,1,1,6,2,60,9,1686,2,4,-1,1,-1
2017950002321,2,1,0,10,0,1,0,0,0,0,1,1,2,2,26,6,-1,-1,-1,-1,1,-1
2017950002323,1,9,0,18,2,0,0,0,0,0,1,1,6,1,62,9,2496,1,12,-1,2,-1
2017950002325,1,9,0,17,0,0,0,0,7,11,1,1,6,2,18,4,1198,1,4,-1,3,-1
2017950002328,1,9,0,18,0,1,0,0,0,0,1,1,6,1,78,11,1386,1,10,-1,1,-1
2017950002328,2,90,0,3,0,1,0,0,0,0,2,1,1,1,48,8,-1,-1,-1,-1,-1,-1
2017950002329,1,19,0,7,0,4,0,0,0,0,3,1,1,1,56,9,2198,2,2,-1,1,-1
2017950002329,2,1,0,18,0,8,0,0,0,0,1,1,6,1,22,5,-1,-1,-1,-1,1,-1
2017950002330,1,9,0,1,0,1,0,0,0,0,0,1,6,3,-1,-1,1598,2,2,-1,-1,-1
2017950002331,1,19,0,18,0,0,0,0,0,0,1,1,1,1,25,5,2198,2,1,-1,1,-1
2017950002331,2,9,0,18,0,0,0,0,0,0,2,1,1,1,57,9,1968,2,2,9,1,9
2017950002332,1,1,0,18,0,1,0,0,0,0,1,1,6,1,23,5,-1,-1,-1,-1,1,-1
2017950002333,1,9,0,18,0,1,0,0,0,0,1,1,6,1,44,7,1396,1,13,-1,2,-1
2017950002334,1,19,0,18,0,0,0,0,0,0,1,1,1,1,63,9,1560,2,1,-1,3,-1
2017950002335,1,9,0,18,0,1,0,0,0,0,4,1,6,3,-1,-1,-1,-1,-1,-1,-1,-1
2017950002336,1,9,0,5,0,0,0,0,0,0,3,1,6,1,44,7,-1,-1,-1,-1,-1,-1
2017950002336,2,9,0,18,0,0,0,0,0,0,1,1,6,2,53,8,2184,2,12,6,3,6
2017950002337,1,9,0,5,0,0,0,0,0,0,3,1,6,2,34,6,1363,2,14,-1,1,-1
2017950002337,2,1,0,18,0,0,0,0,0,0,4,1,6,1,33,6,-1,-1,-1,-1,1,-1
2017950002338,1,9,0,18,0,7,0,0,0,0,1,1,6,1,35,6,1968,2,5,-1,2,-1
2017950002339,1,9,0,18,0,0,0,0,0,0,1,1,2,1,45,7,1956,2,4,-1,1,-1
2017950002339,2,9,0,4,0,0,0,0,0,0,2,1,6,1,25,5,1197,1,5,-1,1,-1
2017950002339,3,9,0,4,0,0,0,0,0,0,2,1,6,2,29,6,1242,1,-1,-1,1,-1
2017950002339,4,19,0,4,0,0,0,0,0,0,2,1,1,1,39,7,1461,2,1,-1,1,-1
2017950002340,1,9,0,17,0,0,0,4,7,10,1,1,6,1,41,7,1956,2,3,-1,-1,-1
2017950002340,2,9,0,2,0,0,0,0,0,0,0,1,6,3,-1,-1,1242,1,9,-1,-1,-1
2017950002340,3,9,0,2,0,0,0,0,0,0,0,1,6,3,-1,-1,1329,1,4,-1,-1,-1
2017950002340,4,9,0,2,0,0,0,0,0,0,2,1,6,3,-1,-1,1395,8,-1,-1,-1,-1
2017950002341,1,9,0,18,0,0,0,0,7,2,3,1,1,1,44,7,1598,2,3,-1,1,-1
2017950002342,1,9,0,13,0,0,0,0,0,0,0,1,6,3,-1,-1,-1,-1,-1,-1,-1,-1
2017950002342,2,1,0,18,0,0,0,0,0,0,0,1,6,1,26,6,-1,-1,-1,-1,1,-1
2017950002344,1,19,0,18,0,1,1,0,0,0,1,1,2,1,60,9,2198,2,1,-1,1,-1
2017950002344,2,9,0,10,0,1,0,0,0,0,2,1,3,2,44,7,2199,2,4,-1,3,-1
2017950002344,3,9,0,8,0,1,0,0,0,0,2,1,3,2,27,6,1910,2,7,-1,3,-1
2017950002345,1,9,0,18,0,0,1,0,1,11,4,1,1,2,35,6,1560,2,3,-1,-1,-1
2017950002346,1,9,0,3,0,1,0,0,0,0,1,1,6,2,28,6,1998,1,14,-1,2,-1
2017950002346,2,9,0,3,0,1,0,0,0,0,2,1,6,2,30,6,1242,1,7,-1,1,-1
2017950002349,1,9,0,14,0,1,0,0,0,0,4,1,6,2,68,10,-1,-1,-1,-1,1,-1
2017950002349,2,9,0,10,0,1,0,0,0,0,3,1,6,2,35,6,1496,2,2,-1,1,-1
2017950002350,1,9,0,16,0,0,5,0,1,0,1,1,6,1,18,4,1242,1,6,-1,1,-1
2017950002351,1,9,0,9,0,2,0,0,0,0,1,1,2,1,41,7,1997,2,8,-1,3,-1
2017950002352,1,19,0,7,0,2,0,0,0,0,1,1,6,1,54,8,2198,2,1,-1,1,-1
2017950002353,1,9,0,18,0,1,0,7,0,0,1,1,6,1,74,10,1198,1,3,-1,3,-1
2017950002355,1,9,0,18,0,2,0,0,0,0,4,1,6,1,57,9,1242,1,6,-1,2,-1
2017950002355,2,1,0,18,0,2,0,0,0,0,3,1,6,1,58,9,-1,-1,-1,-1,1,-1
2017950002356,1,9,0,17,0,1,0,0,0,0,1,1,6,1,18,4,1997,1,10,-1,3,-1
2017950002356,2,19,0,16,0,1,0,0,0,0,1,1,6,1,27,6,1399,2,13,-1,2,-1
2017950002357,1,19,0,3,0,5,0,0,0,0,0,1,6,1,63,9,1560,2,1,-1,1,-1
2017950002358,1,90,0,18,0,0,0,0,0,0,1,1,6,1,-1,-1,-1,-1,-1,-1,-1,-1
2017950002358,2,9,0,12,0,0,0,0,0,0,2,1,2,1,37,7,1995,2,-1,-1,3,-1
2017950002359,1,19,0,18,0,1,0,0,0,0,1,1,6,1,38,7,2402,2,6,-1,3,-1
2017950002359,2,19,0,3,0,1,0,0,0,0,2,1,6,1,30,6,2298,2,2,-1,1,-1
2017950002360,1,11,0,9,0,2,0,0,0,0,1,1,1,2,48,8,9360,2,6,-1,2,-1
2017950002361,1,9,0,16,0,0,1,0,1,4,1,1,2,2,55,8,1328,1,8,-1,3,-1
2017950002362,1,9,0,18,0,8,0,0,1,11,1,1,6,1,85,11,1395,1,2,-1,1,-1
2017950002363,1,9,0,9,0,8,0,0,0,0,1,1,6,2,22,5,1686,2,12,-1,1,-1
2017950002363,2,9,0,17,0,1,0,0,0,0,1,1,2,2,54,8,1995,2,9,-1,1,-1
2017950002364,1,9,0,6,0,0,0,0,0,0,1,1,6,1,54,8,1968,2,8,-1,1,-1
2017950002364,2,1,0,18,0,0,0,0,0,0,3,1,2,1,44,7,-1,-1,-1,-1,1,-1
2017950002365,1,9,0,6,0,0,0,0,0,0,3,1,1,1,52,8,1598,2,-1,-1,3,-1
2017950002365,2,9,0,18,0,0,0,0,0,0,1,1,1,1,21,5,1598,2,2,-1,1,-1
2017950002366,1,19,0,7,0,2,0,0,0,0,1,1,6,1,-1,-1,-1,-1,-1,-1,-1,-1
2017950002367,1,9,0,7,0,2,0,0,0,0,1,1,6,1,39,7,2143,2,1,-1,1,-1
2017950002368,1,9,0,1,0,0,0,8,0,0,2,2,6,1,46,8,1560,2,2,-1,1,-1
2017950002368,2,9,0,2,0,0,0,0,0,0,3,1,6,3,-1,-1,1598,1,11,-1,-1,-1
2017950002369,1,9,0,17,0,0,5,10,7,0,1,1,6,2,48,8,1995,1,11,-1,3,-1
2017950002370,1,19,0,18,0,0,0,0,0,0,4,1,1,1,25,5,2198,2,6,-1,2,-1
2017950002371,1,9,0,18,0,0,0,0,7,11,1,1,2,1,18,4,1149,1,15,-1,-1,-1
2017950002371,2,9,0,18,0,0,0,0,0,0,3,1,6,1,69,10,1598,1,4,-1,2,-1
2017950002372,1,9,0,7,0,2,0,0,0,0,3,1,6,2,29,6,1398,1,1,-1,1,-1
2017950002373,1,9,0,17,0,0,5,0,7,11,1,1,2,1,34,6,998,1,7,-1,-1,-1
2017950002374,1,9,0,9,0,8,0,0,0,0,1,1,6,2,75,10,998,1,1,-1,2,-1
2017950002374,2,9,0,17,0,1,0,0,0,0,1,1,2,1,50,8,1560,2,6,-1,-1,-1
2017950002375,1,9,0,6,0,0,0,0,0,0,3,1,6,3,-1,-1,-1,-1,-1,-1,-1,-1
2017950002375,2,1,0,18,0,0,0,0,0,0,1,1,6,2,20,4,-1,-1,-1,-1,1,-1
2017950002376,1,9,0,18,0,0,0,0,0,0,1,1,6,1,20,4,1968,2,2,-1,1,-1
2017950002376,2,9,0,18,0,0,0,0,0,0,1,1,6,2,29,6,-1,-1,-1,-1,1,-1
2017950002377,1,9,0,18,0,0,0,0,0,0,1,1,6,3,-1,-1,-1,-1,-1,-1,-1,-1
2017950002378,1,9,0,18,0,4,0,0,1,4,1,1,2,1,40,7,2993,2,5,-1,1,-1