Accident_Index,Vehicle_Reference,Vehicle_Type,Towing_and_Articulation,Vehicle_Manoeuvre,Vehicle_Location-Restricted_Lane,Junction_Location,Skidding_and_Overturning,Hit_Object_in_Carriageway,Vehicle_Leaving_Carriageway,Hit_Object_off_Carriageway,1st_Point_of_Impact,Was_Vehicle_Left_Hand_Drive?,Journey_Purpose_of_Driver,Sex_of_Driver,Age_of_Driver,Age_Band_of_Driver,Engine_Capacity_(CC),Propulsion_Code,Age_of_Vehicle,Driver_IMD_Decile,Driver_Home_Area_Type,Vehicle_IMD_Decile
201795STS1887,1,11,0,18,2,1,0,0,0,0,0,1,1,1,50,8,-1,-1,-1,-1,1,-1
201795STS2011,1,11,0,18,0,2,0,0,0,0,1,1,1,1,31,6,-1,-1,-1,-1,1,-1
201795STS2036,1,9,0,5,0,2,0,0,0,0,3,1,6,1,60,9,1997,2,9,-1,1,-1
201795STS2036,2,4,0,18,0,2,0,0,0,0,1,1,2,1,26,6,1052,1,20,-1,1,-1
201795STS2036,3,19,0,18,0,1,0,0,0,0,1,1,1,1,29,6,1461,2,-1,-1,3,-1
201795STS2045,1,9,0,18,0,0,1,0,1,3,1,1,6,2,17,4,1598,1,14,-1,2,-1
201795STS2354,1,9,2,18,0,0,0,0,0,0,1,1,6,2,69,10,1242,1,3,-1,2,-1
201795STS2354,2,9,0,16,0,0,0,0,0,0,3,1,2,2,41,7,1461,2,3,-1,3,-1
201795STS2385,1,19,0,18,0,0,0,0,0,0,4,1,6,1,30,6,2198,2,2,-1,1,-1
201795STS2385,2,21,0,2,0,0,0,0,0,0,2,1,6,3,-1,-1,-1,-1,-1,-1,-1,-1
201795STS2476,1,9,0,17,0,0,1,0,0,0,4,1,6,1,69,10,1197,1,6,-1,3,-1
201795STS2476,2,9,0,16,0,0,0,0,0,0,3,1,6,1,63,9,1968,2,3,-1,3,-1
201795STS2501,1,9,0,13,0,1,0,0,0,0,1,1,6,1,26,6,2496,2,13,-1,3,-1
201795STS2501,2,9,0,18,0,2,5,0,1,1,3,1,2,1,36,7,1896,2,8,-1,3,-1
201795STS2620,1,11,0,4,0,0,0,0,0,0,0,1,1,1,47,8,7300,2,10,-1,1,-1
201795STS2623,1,9,0,18,0,1,0,0,0,0,1,1,1,1,45,7,1998,2,10,-1,2,-1
2017961700008,1,9,0,9,0,8,0,0,0,0,4,1,6,1,19,4,1124,1,14,-1,1,-1
2017961700008,2,1,0,18,0,8,0,0,0,0,1,1,6,1,56,9,-1,-1,-1,-1,1,-1
2017961700024,1,9,0,16,0,0,0,0,0,0,3,1,6,1,71,10,1398,2,2,-1,2,-1
2017961700024,2,11,0,17,0,0,0,0,0,0,3,1,1,2,39,7,9000,2,12,-1,1,-1
2017961700024,3,19,0,17,0,0,0,0,0,0,3,1,1,1,60,9,1248,2,3,-1,2,-1
2017961700030,1,9,0,7,0,2,5,7,0,0,1,1,6,1,31,6,-1,-1,-1,-1,1,-1
2017961700034,1,9,0,16,0,0,1,10,2,4,3,1,2,1,17,4,1149,1,9,-1,2,-1
2017961700035,1,19,0,18,0,0,0,0,0,0,1,1,2,1,43,7,2143,2,1,-1,2,-1
2017961700037,1,9,0,9,0,8,0,0,0,0,3,1,2,2,42,7,2204,2,7,-1,1,-1
2017961700037,2,9,0,18,0,8,0,0,0,0,1,1,6,2,80,11,1598,2,7,-1,1,-1
2017961700048,1,9,0,17,0,0,0,0,7,4,4,1,6,2,36,7,1199,1,15,-1,1,-1
2017961700055,1,9,0,16,0,0,1,0,7,0,1,1,6,1,40,7,2967,2,2,-1,3,-1
2017961700055,2,19,0,17,0,0,0,0,1,0,1,1,1,1,58,9,1298,1,12,-1,3,-1
2017961700059,1,9,0,18,0,0,1,7,0,0,1,1,6,1,29,6,1560,2,2,-1,1,-1
2017961700060,1,9,0,18,0,1,0,0,0,0,1,1,6,1,18,4,1400,1,17,-1,1,-1
2017961700060,2,9,0,3,0,1,0,0,0,0,2,1,6,2,49,8,1390,1,17,-1,1,-1
2017961700063,1,1,0,18,9,8,0,0,0,0,3,1,6,1,31,6,-1,-1,-1,-1,1,-1
2017961700063,2,9,0,18,0,8,0,0,0,0,1,1,6,2,70,10,-1,-1,-1,-1,-1,-1
2017961700068,1,19,0,18,0,0,1,0,0,0,1,1,1,1,32,6,2402,2,9,-1,3,-1
2017961700068,2,9,0,3,0,0,0,0,1,4,2,1,6,1,50,8,1229,1,5,-1,3,-1
2017961700068,3,9,0,3,0,0,0,0,0,0,2,1,6,1,59,9,2179,2,10,-1,1,-1
2017961700074,1,9,0,18,0,8,0,0,0,0,4,1,6,1,85,11,1587,1,11,-1,1,-1
2017961700074,2,9,0,18,0,8,0,0,0,0,1,1,6,1,30,6,1348,1,16,-1,1,-1
2017961700075,1,9,0,18,0,1,0,0,0,0,4,1,2,2,17,4,1242,1,5,-1,2,-1
2017961700085,1,9,0,9,0,8,0,0,0,0,1,1,6,2,27,6,1598,1,2,-1,1,-1
2017961700085,2,9,0,18,0,8,0,0,0,0,4,1,1,2,29,6,-1,-1,-1,-1,1,-1
2017961700086,1,8,0,13,0,1,0,0,0,0,4,1,1,1,63,9,1560,2,1,-1,1,-1
2017961700086,2,20,1,7,0,8,0,0,0,0,3,1,1,1,47,8,-1,-1,-1,6,1,6
2017961700088,1,9,0,18,0,0,0,0,0,0,1,1,6,1,30,6,1850,1,16,-1,1,-1
2017961700088,2,9,0,18,0,0,0,0,0,0,1,1,1,1,34,6,2993,2,3,-1,1,-1
2017961700088,3,9,0,18,0,0,0,0,0,0,0,1,1,1,38,7,2993,2,1,-1,1,-1
2017961700091,1,9,0,18,0,0,0,0,0,0,4,1,6,2,42,7,-1,-1,-1,-1,-1,-1
2017961700096,1,9,0,17,0,0,1,0,1,4,1,1,6,1,19,4,1461,2,9,-1,1,-1
2017961700097,1,9,0,9,0,8,0,0,0,0,1,1,6,1,48,8,1798,1,10,-1,1,-1
2017961700097,2,5,0,18,0,8,0,10,1,0,3,1,6,1,46,8,645,1,1,-1,3,-1
2017961700101,1,9,0,18,0,8,0,0,0,0,1,1,2,1,65,9,1498,1,2,-1,2,-1
2017961700101,2,9,0,3,0,8,0,0,0,0,2,1,2,1,56,9,1686,2,10,-1,3,-1
2017961700101,3,19,0,11,0,8,0,0,0,0,0,1,6,3,45,7,-1,-1,-1,-1,-1,-1
2017961700102,1,9,0,18,0,0,2,10,1,11,1,1,2,1,28,6,1598,1,8,-1,2,-1
2017961700110,1,1,0,18,0,0,0,0,1,0,2,1,2,1,47,8,-1,-1,-1,-1,1,-1
2017961700110,2,9,0,18,0,0,0,0,0,0,1,1,1,1,64,9,1896,2,8,-1,1,-1
2017961700111,1,9,0,4,0,0,0,0,0,0,1,1,6,1,30,6,2400,2,5,-1,3,-1
2017961700112,1,9,0,18,0,1,0,0,0,0,1,1,2,2,35,6,1598,1,3,-1,3,-1
2017961700112,2,9,0,3,0,1,0,0,0,0,2,1,6,2,46,8,1199,2,4,-1,1,-1
2017961700113,1,9,0,17,0,0,1,0,0,0,2,1,6,1,19,4,1229,1,9,-1,1,-1
2017961700113,2,9,0,16,0,0,1,0,1,0,3,1,6,1,40,7,-1,-1,-1,-1,3,-1
2017961700114,1,9,0,16,0,0,0,0,0,0,1,1,6,1,68,10,2204,2,10,-1,1,-1
2017961700114,2,9,0,17,0,0,0,0,0,0,1,1,6,2,18,4,1242,1,8,-1,1,-1
2017961700115,1,9,0,9,0,8,0,0,0,0,1,1,6,2,23,5,1560,2,4,-1,1,-1
2017961700115,2,1,0,18,0,8,0,0,0,0,4,1,2,1,48,8,-1,-1,-1,-1,1,-1
2017961700118,1,9,0,18,0,1,0,0,0,0,1,1,6,1,18,4,998,1,4,-1,3,-1
2017961700118,2,9,0,3,0,1,0,0,0,0,2,1,6,1,52,8,1999,1,10,-1,1,-1
2017961700128,1,9,0,18,0,0,1,0,0,0,1,1,6,1,42,7,998,1,3,-1,1,-1
2017961700128,2,9,0,18,0,0,0,0,0,0,1,1,6,1,52,8,1497,1,12,-1,1,-1
2017961700129,1,19,0,17,0,0,1,10,1,11,1,1,6,1,35,6,1686,2,14,-1,1,-1
2017961700136,1,9,0,18,0,0,5,0,7,11,1,1,2,1,21,5,1397,1,10,-1,1,-1
2017961700144,1,9,0,13,0,0,0,0,0,0,1,1,6,1,29,6,1896,2,15,-1,1,-1
2017961700144,2,8,0,18,0,0,0,0,0,0,1,1,1,1,53,8,1598,2,7,-1,3,-1
2017961700144,3,10,0,18,0,0,0,0,0,0,0,1,6,1,66,10,-1,-1,-1,-1,1,-1
2017961700147,1,9,0,16,0,0,2,0,1,1,1,1,6,1,24,5,1900,2,18,-1,1,-1
2017961700148,1,9,0,4,0,1,1,0,0,0,1,1,6,1,21,5,1248,2,6,-1,1,-1
2017961700148,2,9,0,4,0,1,0,0,0,0,2,1,6,1,51,8,1910,2,12,-1,1,-1
2017961700149,1,9,0,12,0,0,0,0,0,0,1,1,6,2,25,5,1390,1,11,-1,1,-1
2017961700149,2,9,0,11,0,0,0,0,0,0,2,1,1,1,32,6,1995,2,1,-1,1,-1
2017961700174,1,19,0,18,0,0,0,0,0,0,1,1,1,1,30,6,2402,2,16,-1,1,-1
2017961700174,2,9,0,3,0,0,0,0,0,0,2,1,1,2,26,6,1364,1,9,-1,3,-1
2017961700174,3,9,0,3,0,0,0,0,0,0,2,1,1,2,30,6,1968,2,4,-1,2,-1
2017961700177,1,9,0,18,0,1,0,0,0,0,1,1,2,1,24,5,1998,2,13,-1,1,-1
2017961700177,2,9,0,10,0,1,0,0,0,0,2,1,6,1,39,7,1995,2,7,-1,1,-1
2017961700180,1,9,0,18,0,0,0,0,0,0,1,1,1,1,26,6,1597,1,6,-1,1,-1
2017961700193,1,9,0,18,0,2,0,0,0,0,1,1,3,1,54,8,2000,2,17,-1,1,-1
2017961700193,2,9,0,18,0,2,0,0,0,0,2,1,2,2,50,8,2231,2,4,-1,2,-1
2017961700205,1,9,0,15,9,0,0,0,0,0,1,1,6,1,34,6,1299,1,16,-1,1,-1
2017961700205,2,9,0,2,0,0,0,0,0,0,4,1,6,1,39,7,-1,-1,-1,-1,1,-1
2017961700206,1,9,0,18,0,0,0,0,2,11,3,1,6,1,20,4,1149,1,6,-1,1,-1
2017961700206,2,8,0,18,0,0,0,0,0,0,3,1,6,2,32,6,1598,2,2,-1,3,-1
2017961700213,1,19,0,9,0,8,0,0,0,0,1,1,6,2,23,5,1598,2,9,-1,1,-1
2017961700213,2,9,0,18,0,8,0,0,0,0,1,1,6,2,52,8,1242,1,6,-1,1,-1
2017961700214,1,9,0,18,0,0,0,0,0,0,3,1,6,1,24,5,1999,1,9,-1,1,-1
2017961700214,2,9,0,18,0,0,0,0,0,0,3,1,6,1,40,7,1956,2,5,-1,1,-1
2017961700214,3,9,0,2,0,0,0,0,0,0,2,1,6,2,38,7,1997,2,2,-1,1,-1
2017961700216,1,9,0,4,0,1,0,0,0,0,1,1,6,1,59,9,1951,2,13,-1,1,-1
2017961700216,2,9,0,3,0,1,0,0,0,0,2,1,6,2,49,8,1149,1,7,-1,1,-1
2017961700219,1,9,0,18,0,0,0,0,1,0,1,1,6,1,25,5,998,1,6,-1,3,-1
2017961700219,2,20,0,18,0,0,0,0,0,0,1,1,1,1,50,8,4250,2,11,-1,1,-1
2017961700221,1,9,0,9,0,8,0,10,3,4,1,1,6,1,32,6,1324,1,14,-1,-1,-1
2017961700221,2,9,0,18,0,8,0,0,0,0,4,1,6,2,30,6,1596,1,6,-1,1,-1
2017961700222,1,19,0,1,0,0,0,0,0,0,2,1,1,1,35,6,2143,2,4,-1,1,-1
2017961700222,2,5,0,3,0,0,0,0,0,0,1,1,6,1,47,8,1298,1,18,-1,1,-1
2017961700230,1,9,0,12,0,0,0,0,0,0,4,1,6,1,26,6,1968,2,7,-1,-1,-1
2017961700230,2,9,0,18,0,0,0,0,0,0,3,1,6,2,72,10,1198,1,10,-1,3,-1
2017961700230,3,9,0,18,0,0,0,0,0,0,2,1,6,2,52,8,1753,2,9,-1,1,-1
2017961700230,4,9,0,18,0,0,0,0,0,0,1,1,6,2,43,7,1896,2,10,-1,1,-1
2017961700230,5,9,0,18,0,0,0,0,0,0,2,1,6,2,45,7,1995,1,9,-1,1,-1
2017961700230,6,9,0,18,0,0,0,0,0,0,1,1,6,1,40,7,1364,1,10,-1,1,-1
2017961700244,1,9,0,18,0,0,0,0,0,0,1,1,6,3,30,6,-1,-1,-1,-1,-1,-1
2017961700256,1,9,0,9,0,8,0,0,0,0,3,1,1,1,25,5,1956,2,2,-1,3,-1
2017961700256,2,9,0,18,0,8,0,0,0,0,1,1,2,2,26,6,1598,1,5,-1,1,-1
2017961700258,1,9,0,9,0,8,0,0,0,0,1,1,2,1,21,5,1398,1,7,-1,1,-1
2017961700258,2,8,0,18,0,8,0,0,0,0,1,1,1,1,47,8,1598,2,3,-1,1,-1
2017961700259,1,9,0,9,0,8,0,0,0,0,3,1,6,1,39,7,1598,1,10,-1,2,-1
2017961700259,2,1,0,18,0,8,1,0,0,0,1,1,6,1,58,9,-1,-1,-1,-1,1,-1
2017961700260,1,9,0,7,0,8,0,0,0,0,3,1,6,2,73,10,1598,1,4,-1,3,-1
2017961700260,2,1,0,18,0,8,0,0,0,0,4,1,6,1,74,10,-1,-1,-1,-1,3,-1
2017961700266,1,9,0,18,0,8,0,10,1,5,1,1,6,1,43,7,998,1,13,-1,3,-1
2017961700266,2,9,0,10,0,8,0,0,0,0,2,1,6,2,28,6,1422,2,14,-1,1,-1
2017961700267,1,10,0,5,0,0,0,0,0,0,0,1,1,2,46,8,2402,2,9,-1,1,-1
2017961700269,1,9,0,18,0,0,0,0,0,0,1,1,6,2,54,8,1242,1,11,-1,1,-1
2017961700278,1,9,0,9,0,8,0,0,0,0,1,1,6,2,34,6,1200,1,3,-1,1,-1
2017961700278,2,9,0,18,0,8,0,0,0,0,3,1,6,1,50,8,1248,2,9,-1,1,-1
2017961700279,1,9,0,18,0,0,0,0,0,0,1,1,6,2,34,6,1995,2,1,-1,3,-1
2017961700280,1,9,0,4,0,1,0,0,0,0,1,1,6,1,54,8,1956,2,4,-1,1,-1
2017961700280,2,9,0,4,0,1,0,0,0,0,2,1,2,1,27,6,1968,2,4,-1,2,-1
2017961700286,1,9,0,18,0,0,0,10,1,11,1,1,6,1,50,8,1598,1,13,-1,1,-1
2017961700286,2,9,0,18,0,0,0,0,0,0,2,1,6,2,28,6,1753,2,10,-1,1,-1
2017961700286,3,19,0,18,0,0,0,0,0,0,3,1,2,1,31,6,1995,2,4,-1,-1,-1
2017961700286,4,9,0,18,0,0,0,10,1,11,1,1,6,1,21,5,1796,1,11,-1,1,-1
2017961700286,5,9,0,18,0,0,0,0,0,0,3,1,6,2,40,7,1995,2,7,-1,1,-1
2017961700287,1,9,0,18,0,2,0,0,0,0,3,1,6,1,72,10,1461,2,-1,-1,3,-1
2017961700288,1,9,0,9,0,8,0,0,0,0,0,1,6,2,54,8,1597,2,1,-1,1,-1
2017961700288,2,9,0,18,0,1,0,0,0,0,1,1,6,1,24,5,1598,1,12,-1,1,-1
2017961700288,3,9,0,10,0,1,0,0,0,0,3,1,2,1,54,8,1998,2,13,-1,1,-1
2017961700291,1,9,0,16,0,0,5,10,1,10,1,1,6,1,30,6,1461,2,14,-1,1,-1
2017961700292,1,19,0,18,9,0,0,0,0,0,3,1,6,1,40,7,-1,-1,-1,-1,-1,-1
2017961700292,2,1,0,18,9,0,0,0,0,0,4,1,6,1,7,2,-1,-1,-1,-1,3,-1
2017961700296,1,9,0,18,0,1,0,0,0,0,3,1,6,1,39,7,1896,2,14,-1,1,-1
2017961700297,1,9,0,5,0,6,0,0,0,0,1,1,6,2,40,7,-1,-1,-1,-1,-1,-1
2017961700297,2,1,0,18,0,8,0,0,0,0,1,1,2,2,22,5,-1,-1,-1,-1,1,-1
2017961700301,1,21,0,9,0,8,0,0,0,0,3,1,1,1,48,8,7698,2,1,-1,2,-1
2017961700301,2,9,0,18,0,8,0,0,0,0,1,1,6,1,65,9,1360,1,14,-1,1,-1
2017961700308,1,9,0,17,0,0,5,0,7,11,3,1,6,1,50,8,1679,1,15,-1,1,-1
2017961700309,1,9,0,18,0,1,0,0,0,0,1,1,6,1,50,8,1596,1,5,-1,1,-1
2017961700309,2,9,0,4,0,1,0,0,0,0,2,1,6,1,31,6,1149,1,10,-1,2,-1
2017961700311,1,9,0,13,0,8,0,0,7,11,1,1,6,1,80,11,1149,1,10,-1,2,-1
2017961700311,2,17,4,9,0,8,0,0,0,0,0,1,1,1,38,7,-1,2,11,-1,3,-1
2017961700319,1,9,0,9,0,8,0,0,0,0,1,1,6,2,53,8,1149,1,8,-1,1,-1
2017961700319,2,3,0,18,0,8,0,0,0,0,1,1,6,1,21,5,125,1,10,-1,-1,-1
2017961700320,1,9,0,16,0,0,0,0,1,0,1,1,2,1,23,5,1781,1,14,-1,2,-1
2017961700320,2,19,0,17,0,0,0,0,1,0,3,1,1,1,39,7,1598,2,1,-1,1,-1
2017961700321,1,9,0,9,0,8,0,0,0,0,1,1,6,2,57,9,1198,1,4,-1,1,-1
2017961700321,2,9,0,18,0,8,0,0,0,0,4,1,3,2,37,7,1242,1,1,-1,3,-1
2017961700325,1,5,0,18,0,8,1,0,1,0,1,1,2,1,33,6,600,1,13,-1,2,-1
2017961700325,2,9,0,3,0,1,0,0,0,0,3,1,1,2,56,9,-1,-1,-1,-1,1,-1
2017961700325,3,9,0,3,0,1,0,0,0,0,1,1,1,1,31,6,1598,2,3,-1,1,-1
2017961700326,1,19,0,18,0,0,1,12,0,0,1,1,6,1,27,6,1998,2,16,-1,3,-1
2017961700327,1,3,0,18,5,0,0,0,0,0,1,1,6,1,23,5,-1,-1,-1,-1,-1,-1
2017961700329,1,9,0,9,0,8,0,0,0,0,3,1,6,1,23,5,1149,1,6,-1,1,-1
2017961700329,2,9,0,18,0,1,0,0,0,0,1,1,6,1,21,5,2000,1,11,-1,1,-1
2017961700330,1,9,0,16,0,0,1,10,7,1,1,1,6,2,18,4,1560,2,3,-1,1,-1
2017961700333,1,9,0,18,0,4,0,0,0,0,3,1,6,2,20,4,1198,1,5,-1,1,-1
2017961700333,2,9,0,9,0,8,0,0,0,0,4,1,6,2,49,8,996,1,8,-1,1,-1
2017961700339,1,9,0,18,0,0,0,0,0,0,1,1,1,2,40,7,1461,2,3,-1,1,-1
2017961700339,2,9,0,3,0,0,0,0,0,0,2,1,1,1,61,9,-1,-1,-1,-1,3,-1
2017961700339,3,9,0,3,0,0,0,0,0,0,2,1,1,2,30,6,1242,1,9,-1,1,-1
2017961700347,1,9,0,9,0,8,0,0,0,0,1,1,6,1,23,5,-1,-1,-1,-1,1,-1
2017961700347,2,1,0,10,0,8,0,0,0,0,2,1,1,2,29,6,-1,-1,-1,-1,1,-1
2017961700358,1,9,0,18,0,8,0,0,0,0,1,1,6,2,58,9,1560,2,6,-1,2,-1
2017961700358,2,9,0,17,0,8,0,0,0,0,1,1,6,1,38,7,1686,2,6,-1,3,-1
2017961700359,1,9,0,4,0,0,0,0,0,0,1,1,6,1,60,9,1229,1,2,-1,1,-1
2017961700359,2,9,0,2,0,0,0,0,0,0,1,1,6,3,30,6,-1,-1,-1,-1,-1,-1
2017961700360,1,9,0,18,0,8,0,0,0,0,1,1,2,1,46,8,1991,8,1,-1,1,-1
2017961700360,2,9,0,9,0,8,0,0,0,0,3,1,6,2,30,6,1398,1,1,-1,1,-1
2017961700363,1,9,0,18,0,1,0,0,0,0,1,1,6,1,20,4,1242,1,8,-1,1,-1
2017961700366,1,9,0,17,0,1,0,0,0,0,1,1,6,1,79,11,1061,1,12,-1,1,-1
2017961700366,2,9,0,17,0,1,0,0,0,0,2,1,6,2,70,10,1598,1,14,-1,1,-1
2017961700374,1,9,0,9,0,8,0,0,0,0,1,1,6,2,18,4,1240,1,10,-1,1,-1
2017961700374,2,9,0,18,0,8,0,0,0,0,3,1,6,2,34,6,1360,1,6,-1,1,-1
2017961700379,1,9,0,18,0,1,0,0,0,0,1,1,6,2,53,8,1995,2,8,-1,1,-1
2017961700379,2,9,0,3,0,1,0,0,0,0,2,1,6,2,57,9,1598,1,4,-1,1,-1
2017961700382,1,19,0,9,0,8,0,0,0,0,0,1,6,1,57,9,2198,2,2,8,1,8
2017961700382,2,4,0,18,0,1,1,0,0,0,3,1,6,1,72,10,249,1,1,-1,1,-1
2017961700383,1,9,0,18,0,8,0,0,0,0,1,1,6,1,56,9,1997,2,13,-1,1,-1
2017961700392,1,1,0,18,0,0,0,0,0,0,1,1,2,2,48,8,-1,-1,-1,-1,1,-1
2017961700392,2,9,0,5,0,0,0,0,0,0,1,1,6,1,55,8,-1,-1,-1,-1,-1,-1
2017961700397,1,9,0,13,0,0,1,0,0,0,1,1,2,1,17,4,-1,-1,-1,-1,3,-1
2017961700397,2,9,0,18,0,0,0,0,0,0,1,1,6,1,58,9,1206,1,7,-1,3,-1
2017961700403,1,19,0,7,0,8,0,0,0,0,1,1,1,1,33,6,2402,2,9,-1,1,-1
2017961700403,2,9,0,3,0,8,0,0,0,0,2,1,2,2,23,5,1242,1,1,-1,1,-1
2017961700405,1,19,0,9,0,8,0,0,0,0,1,1,1,1,46,8,1248,2,5,-1,1,-1
2017961700405,2,11,0,7,0,8,0,0,0,0,1,1,1,2,37,7,9400,2,12,-1,1,-1
2017961700411,1,19,0,18,0,8,0,0,0,0,3,1,1,1,45,7,2298,2,2,-1,1,-1
2017961700411,2,17,0,9,0,8,0,0,0,0,1,1,1,1,45,7,4400,2,1,-1,1,-1
2017961700413,1,9,0,18,0,0,0,0,0,0,1,1,3,2,43,7,-1,-1,-1,-1,3,-1
2017961700421,1,21,0,18,0,0,5,0,2,4,1,1,1,1,42,7,12777,2,-1,-1,1,-1
2017961700422,1,9,0,4,0,1,0,0,0,0,1,1,1,1,72,10,-1,-1,-1,-1,1,-1
2017961700422,2,19,0,3,0,1,0,0,0,0,2,1,1,1,64,9,-1,-1,-1,-1,3,-1
2017961700422,3,9,0,3,0,1,0,0,0,0,2,1,6,1,65,9,1997,1,2,-1,3,-1
2017961700424,1,22,0,7,0,0,0,0,0,0,3,1,6,1,97,11,-1,-1,-1,-1,1,-1
2017961700424,2,9,0,4,0,0,0,0,0,0,4,1,6,1,52,8,1896,2,17,-1,3,-1
2017961700425,1,9,0,7,0,4,0,0,0,0,1,1,2,2,24,5,1596,1,4,-1,3,-1
2017961700425,2,1,0,18,0,8,0,0,0,0,1,1,2,1,42,7,-1,-1,-1,-1,2,-1
2017961700430,1,3,0,16,0,0,5,0,0,0,1,1,6,1,53,8,124,1,19,-1,1,-1
2017961700430,2,9,0,17,0,0,0,0,0,0,1,1,6,2,23,5,1398,1,6,-1,1,-1
2017961700438,1,9,0,18,0,0,0,0,0,0,1,1,6,1,27,6,1596,1,12,-1,2,-1
2017961700438,2,9,0,13,0,0,0,0,0,0,0,1,1,1,26,6,1560,2,4,-1,1,-1
2017961700438,3,9,0,18,0,0,0,0,0,0,2,1,2,2,39,7,1461,2,4,-1,1,-1
2017961700442,1,19,0,18,0,1,0,0,0,0,1,1,1,1,24,5,-1,-1,-1,-1,1,-1
2017961700442,2,9,0,3,0,1,0,0,0,0,2,1,1,2,47,8,-1,-1,-1,-1,1,-1
2017961700446,1,9,0,18,0,0,0,0,1,3,1,1,1,2,23,5,999,1,8,-1,3,-1
2017961700452,1,9,0,18,0,1,0,0,0,0,1,1,1,1,60,9,1968,2,3,-1,1,-1
2017961700452,2,9,0,3,0,1,0,0,0,0,2,1,6,2,30,6,1242,1,11,-1,1,-1
2017961700453,1,5,0,17,0,0,1,0,2,7,4,1,6,1,51,8,999,1,10,-1,1,-1
2017961700456,1,9,0,18,0,0,0,10,7,1,1,1,6,1,62,9,1995,2,5,-1,1,-1
2017961700456,2,9,0,18,0,0,0,0,0,0,1,1,6,2,22,5,1397,1,8,-1,1,-1
2017961700461,1,9,0,9,0,8,0,0,0,0,4,1,6,2,56,9,1598,1,13,-1,1,-1
2017961700461,2,9,0,18,0,8,0,0,0,0,1,1,6,1,43,7,1596,1,5,-1,1,-1
2017961700462,1,9,0,16,0,0,1,10,0,0,1,2,6,1,39,7,-1,-1,-1,-1,-1,-1
2017961700462,2,9,0,17,0,0,0,0,1,11,1,1,6,1,49,8,1598,2,6,5,1,5
2017961700467,1,9,0,2,0,0,0,0,0,0,3,1,6,1,43,7,1229,1,5,-1,3,-1
2017961700467,2,1,0,18,0,0,0,0,0,0,1,1,6,2,30,6,-1,-1,-1,-1,-1,-1
2017961700468,1,9,0,17,0,0,0,0,0,0,3,1,2,1,19,4,998,1,6,-1,3,-1
2017961700468,2,9,0,16,0,0,0,0,0,0,3,1,6,1,53,8,1598,1,15,-1,1,-1
2017961700470,1,9,0,17,0,0,0,0,0,0,3,1,6,1,20,4,1242,1,19,-1,3,-1
2017961700470,2,9,0,16,0,0,0,0,0,0,3,1,6,2,64,9,1398,1,3,-1,1,-1
2017961700478,1,9,0,16,0,0,0,0,0,0,1,1,6,1,40,7,1968,2,1,-1,1,-1
2017961700478,2,9,0,16,0,0,0,0,0,0,2,1,6,2,69,10,1248,2,3,-1,1,-1
2017961700478,3,9,0,13,0,0,0,0,0,0,0,1,1,1,35,6,1200,1,1,-1,1,-1
2017961700486,1,9,0,18,0,0,0,0,0,0,3,1,6,1,19,4,1598,1,14,-1,1,-1
2017961700500,1,9,0,14,0,1,0,0,0,0,4,1,6,1,34,6,1598,2,1,-1,1,-1
2017961700500,2,9,0,3,0,1,0,0,0,0,3,1,2,1,31,6,1599,1,13,-1,1,-1
2017961700503,1,19,0,18,0,0,0,0,0,0,1,1,1,1,41,7,2143,2,2,4,1,4
2017961700503,2,9,0,3,0,0,0,0,0,0,2,1,6,1,25,5,1590,1,15,-1,2,-1
2017961700503,3,21,1,3,0,0,0,0,0,0,2,1,1,1,58,9,12777,2,6,-1,2,-1
2017961700506,1,9,0,5,0,4,0,0,0,0,3,1,1,1,39,7,-1,-1,-1,-1,1,-1
2017961700506,2,9,0,18,0,8,0,0,0,0,4,1,6,1,55,8,2179,2,5,-1,1,-1
2017961700508,1,9,0,9,0,8,0,0,0,0,1,1,6,2,94,11,1198,1,12,-1,1,-1
2017961700508,2,1,0,18,0,8,0,0,0,0,1,1,6,1,48,8,-1,-1,-1,-1,1,-1
2017961700510,1,9,0,1,0,0,0,0,0,0,2,1,6,3,40,7,-1,-1,-1,-1,-1,-1
2017961700511,1,9,0,9,0,8,0,0,0,0,3,1,6,1,48,8,1749,1,13,-1,1,-1
2017961700511,2,9,0,17,0,1,0,0,0,0,1,1,6,1,62,9,2993,2,5,-1,1,-1
2017961700513,1,1,0,18,0,8,0,0,0,0,3,1,6,1,15,3,-1,-1,-1,-1,1,-1
2017961700513,2,9,0,18,0,8,0,0,0,0,1,1,6,2,46,8,1968,2,5,-1,3,-1
2017961700515,1,9,0,18,0,1,0,0,0,0,1,1,6,1,44,7,1598,1,12,-1,3,-1
2017961700524,1,9,0,18,0,0,1,0,0,0,1,1,6,1,44,7,1896,2,14,-1,1,-1
2017961700524,2,9,0,18,0,0,0,0,0,0,2,1,6,2,35,6,1499,2,1,-1,1,-1
2017961700524,3,9,0,18,0,0,0,0,0,0,2,1,6,2,37,7,1198,1,5,-1,1,-1
2017961700524,4,9,0,18,0,0,0,0,0,0,2,1,6,1,50,8,1995,1,9,-1,1,-1
2017961700531,1,9,0,18,0,1,0,0,0,0,1,1,6,1,36,7,1968,2,8,-1,3,-1
2017961700531,2,9,0,4,0,1,0,0,0,0,2,1,6,2,55,8,1461,2,2,-1,1,-1
2017961700533,1,9,0,1,0,8,0,0,0,0,2,1,6,2,58,9,1586,1,4,-1,1,-1