Accident_Index,Vehicle_Reference,Vehicle_Type,Towing_and_Articulation,Vehicle_Manoeuvre,Vehicle_Location-Restricted_Lane,Junction_Location,Skidding_and_Overturning,Hit_Object_in_Carriageway,Vehicle_Leaving_Carriageway,Hit_Object_off_Carriageway,1st_Point_of_Impact,Was_Vehicle_Left_Hand_Drive?,Journey_Purpose_of_Driver,Sex_of_Driver,Age_of_Driver,Age_Band_of_Driver,Engine_Capacity_(CC),Propulsion_Code,Age_of_Vehicle,Driver_IMD_Decile,Driver_Home_Area_Type,Vehicle_IMD_Decile
2017961700947,1,1,0,18,0,8,0,0,0,0,1,1,6,1,25,5,-1,-1,-1,-1,1,-1
2017961700947,2,9,0,18,0,8,0,0,0,0,4,1,6,1,53,8,1560,2,6,-1,1,-1
2017961700950,1,4,0,17,0,0,1,0,0,0,1,1,6,1,36,7,-1,-1,-1,-1,-1,-1
2017961700950,2,9,0,16,0,0,0,0,0,0,3,1,6,1,79,11,998,1,-1,-1,1,-1
2017961700951,1,9,0,7,0,8,1,0,0,0,1,1,6,2,23,5,1560,2,6,-1,3,-1
2017961700951,2,9,0,18,0,8,1,0,7,11,4,1,6,2,51,8,-1,-1,-1,-1,1,-1
2017961700952,1,19,0,4,0,0,0,0,0,0,1,1,1,1,40,7,1995,2,4,-1,1,-1
2017961700952,2,9,0,4,0,0,0,0,0,0,2,1,6,2,32,6,1461,2,3,-1,2,-1
2017961700955,1,90,1,7,0,8,0,0,0,0,3,1,1,3,50,8,-1,-1,-1,-1,-1,-1
2017961700957,1,9,0,18,0,0,0,0,0,0,1,1,6,2,20,4,1364,1,9,-1,1,-1
2017961700957,2,9,0,3,0,0,0,0,0,0,2,1,6,1,18,4,1362,1,3,-1,1,-1
2017961700957,3,9,0,3,0,0,0,0,0,0,2,1,6,3,40,7,-1,-1,-1,-1,-1,-1
2017961700958,1,9,0,18,0,0,0,0,0,0,1,1,6,1,23,5,1582,2,-1,-1,1,-1
2017961700958,2,9,0,18,0,0,0,0,0,0,1,1,6,1,53,8,1360,1,8,-1,1,-1
2017961700962,1,9,0,9,0,8,0,0,0,0,1,1,6,2,45,7,1360,1,9,-1,1,-1
2017961700962,2,9,0,18,0,8,0,0,0,0,3,1,6,2,26,6,1598,1,3,-1,1,-1
2017961700963,1,9,0,18,0,0,0,0,0,0,1,1,6,1,25,5,-1,-1,-1,-1,1,-1
2017961700963,2,9,0,18,0,0,0,0,0,0,2,1,6,2,34,6,1598,1,8,-1,1,-1
2017961700965,1,19,0,7,0,8,0,0,0,0,3,1,1,1,21,5,2198,2,1,-1,1,-1
2017961700965,2,9,0,18,0,8,0,0,0,0,1,1,6,1,47,8,1248,2,7,-1,1,-1
2017961700966,1,9,0,9,0,8,0,0,0,0,3,1,1,2,22,5,1242,1,5,-1,1,-1
2017961700966,2,9,0,17,0,8,0,0,0,0,1,1,6,2,21,5,1197,1,7,-1,1,-1
2017961700967,1,9,0,4,0,8,0,0,3,11,3,1,1,1,48,8,-1,-1,-1,-1,2,-1
2017961700967,2,9,0,18,0,8,0,0,0,0,1,1,6,2,43,7,1560,2,2,-1,1,-1
2017961700968,1,9,0,18,0,1,0,0,0,0,4,1,6,2,39,7,1999,2,1,-1,1,-1
2017961700969,1,9,0,18,0,1,0,0,0,0,1,1,6,3,50,8,-1,-1,-1,-1,-1,-1
2017961700969,2,9,0,3,0,1,0,0,0,0,2,1,6,2,23,5,1596,1,8,-1,1,-1
2017961700971,1,9,0,16,0,0,0,0,7,11,1,1,6,1,84,11,1396,1,4,-1,3,-1
2017961700971,2,9,0,18,0,0,0,0,0,0,3,1,6,1,55,8,1349,1,9,-1,3,-1
2017961700973,1,1,0,18,0,6,0,0,0,0,1,1,4,1,12,3,-1,-1,-1,-1,3,-1
2017961700973,2,9,0,18,0,1,0,0,0,0,4,1,6,1,40,7,-1,-1,-1,-1,-1,-1
2017961700975,1,9,0,18,0,1,0,0,0,0,1,1,6,1,23,5,1339,1,14,-1,1,-1
2017961700975,2,9,0,10,0,8,0,0,0,0,2,1,6,1,26,6,1368,1,11,-1,1,-1
2017961700976,1,9,0,2,0,0,0,0,0,0,2,1,6,2,49,8,1560,2,4,-1,3,-1
2017961700976,2,1,0,18,0,0,0,4,0,0,1,1,6,1,29,6,-1,-1,-1,-1,1,-1
2017961700976,3,1,0,5,0,0,0,4,0,0,0,1,6,3,17,4,-1,-1,-1,-1,-1,-1
2017961700977,1,9,0,9,0,8,0,0,0,0,1,1,6,1,75,10,1598,1,4,-1,1,-1
2017961700977,2,9,0,18,0,8,0,0,0,0,1,1,2,2,38,7,1598,1,10,-1,1,-1
2017961700978,1,9,0,6,0,8,0,0,0,0,4,1,6,1,78,11,1242,1,-1,-1,-1,-1
2017961700978,2,5,0,17,0,1,1,0,0,0,1,1,6,1,66,10,1340,1,8,-1,3,-1
2017961700980,1,3,0,9,0,8,0,0,0,0,4,1,6,2,35,6,125,1,3,-1,-1,-1
2017961700980,2,9,0,10,0,8,0,0,0,0,3,1,6,2,35,6,1395,1,2,-1,1,-1
2017961700981,1,9,0,12,0,0,0,0,0,0,3,1,2,2,50,8,998,1,-1,-1,1,-1
2017961700981,2,9,0,13,0,0,0,0,0,0,4,1,2,2,40,7,2496,2,13,-1,3,-1
2017961700982,1,9,0,18,0,0,0,4,0,0,1,1,6,1,49,8,1242,1,2,-1,3,-1
2017961700982,2,9,0,2,0,0,0,0,0,0,1,1,6,1,25,5,998,1,1,-1,1,-1
2017961700984,1,9,0,7,0,8,0,0,0,0,1,1,6,1,85,11,2143,2,5,-1,1,-1
2017961700984,2,9,0,18,0,8,1,10,1,0,4,1,6,2,38,7,1399,2,8,-1,1,-1
2017961700987,1,9,0,18,0,0,0,0,0,0,1,1,2,1,62,9,2499,2,14,-1,1,-1
2017961700987,2,21,1,3,0,0,0,0,0,0,2,1,1,1,53,8,12419,2,5,-1,1,-1
2017961700990,1,9,0,18,0,0,0,0,8,11,1,1,6,1,49,8,1242,1,10,-1,1,-1
2017961700991,1,9,0,18,0,8,1,10,1,10,4,1,2,2,59,9,1598,1,6,-1,1,-1
2017961700992,1,1,0,18,5,0,0,0,0,0,1,1,6,1,19,4,-1,-1,-1,-1,1,-1
2017961700992,2,1,0,18,5,0,0,0,0,0,1,1,6,1,75,10,-1,-1,-1,-1,1,-1
2017961700993,1,9,0,17,0,0,1,0,7,3,4,1,6,1,19,4,1368,1,6,-1,1,-1
2017961700995,1,9,0,18,0,0,0,0,0,0,1,1,6,1,80,11,2198,1,16,-1,3,-1
2017961700995,2,9,0,18,0,0,0,0,0,0,2,1,6,1,30,6,1968,2,1,-1,-1,-1
2017961700996,1,9,0,11,0,8,0,0,0,0,4,1,1,2,48,8,2698,2,8,-1,1,-1
2017961700996,2,9,0,18,0,8,0,10,7,1,1,1,1,1,55,8,1149,1,1,-1,1,-1
2017961700997,1,9,0,18,0,8,0,0,0,0,1,1,6,1,38,7,1199,1,16,-1,1,-1
2017961700997,2,9,0,18,0,8,0,0,0,0,1,1,6,2,26,6,1197,1,-1,-1,2,-1
2017961700997,3,9,0,2,0,8,0,0,0,0,3,1,6,2,37,7,1598,2,-1,-1,1,-1
2017961700998,1,9,0,5,0,2,0,0,0,0,4,1,6,1,36,7,1598,1,9,-1,1,-1
2017961700998,2,9,0,18,0,2,0,0,0,0,3,1,6,2,35,6,1197,1,3,-1,1,-1
2017961701001,1,9,0,18,0,0,0,0,0,0,1,1,6,2,68,10,1598,1,12,-1,1,-1
2017961701001,2,9,0,18,0,0,0,0,0,0,2,1,6,1,26,6,1956,2,3,-1,1,-1
2017961701001,3,9,0,18,0,0,0,10,1,0,2,1,6,2,24,5,1490,1,10,-1,1,-1
2017961701004,1,19,0,16,0,0,0,0,0,0,3,1,6,1,30,6,1753,2,11,-1,1,-1
2017961701004,2,9,0,17,0,0,0,0,0,0,3,1,2,2,48,8,1591,1,7,-1,1,-1
2017961701005,1,9,0,18,0,2,0,0,0,0,1,1,6,1,57,9,1598,1,14,-1,1,-1
2017961701006,1,9,0,4,0,0,0,0,0,0,1,1,6,2,25,5,1598,1,11,-1,1,-1
2017961701006,2,9,0,3,0,0,0,0,0,0,2,1,2,2,22,5,1229,1,1,-1,1,-1
2017961701008,1,9,0,6,0,0,0,0,0,0,3,1,6,2,30,6,1560,2,4,-1,1,-1
2017961701008,2,5,0,14,0,0,0,0,0,0,1,1,6,1,45,7,998,1,16,-1,3,-1
2017961701009,1,9,0,9,0,8,0,0,0,0,3,1,6,1,66,10,1598,1,4,-1,1,-1
2017961701009,2,9,0,18,0,8,0,0,0,0,1,1,6,1,39,7,2191,2,-1,-1,3,-1
2017961701011,1,21,1,18,0,1,0,0,0,0,1,1,1,1,39,7,10837,2,5,-1,1,-1
2017961701011,2,9,0,18,0,1,0,0,0,0,2,1,1,1,25,5,1999,2,2,-1,1,-1
2017961701015,1,9,0,9,0,8,0,0,0,0,1,1,2,2,47,8,1998,1,10,-1,1,-1
2017961701015,2,9,0,18,0,8,0,0,0,0,4,1,2,2,51,8,998,1,6,-1,3,-1
2017961701016,1,9,0,1,0,0,0,0,0,0,2,1,6,2,36,7,1199,1,16,-1,2,-1
2017961701018,1,9,0,18,0,0,0,0,0,0,1,1,6,2,46,8,1248,2,3,-1,3,-1
2017961701019,1,9,0,5,0,4,0,0,0,0,1,1,2,2,24,5,1968,2,9,-1,1,-1
2017961701019,2,1,0,9,0,8,0,0,0,0,2,1,6,1,65,9,-1,-1,-1,-1,1,-1
2017961701020,1,5,0,13,0,0,1,0,7,0,1,1,6,1,25,5,649,1,3,-1,1,-1
2017961701020,2,5,0,18,0,0,0,0,1,0,2,1,6,1,57,9,847,1,2,-1,3,-1
2017961701021,1,9,0,18,0,0,0,0,0,0,1,1,6,1,21,5,1598,1,14,-1,1,-1
2017961701021,2,9,0,18,0,0,0,0,0,0,2,1,6,2,37,7,1968,2,4,-1,3,-1
2017961701023,1,9,0,18,0,8,0,0,0,0,1,1,6,2,44,7,1461,2,-1,-1,1,-1
2017961701023,2,8,0,18,0,8,0,0,0,0,3,1,1,1,65,9,1896,2,7,-1,2,-1
2017961701025,1,9,0,18,0,0,0,0,7,10,1,1,6,2,62,9,2231,2,4,-1,1,-1
2017961701025,2,9,0,18,0,0,0,0,7,0,1,1,2,1,48,8,1995,2,2,6,1,6
2017961701026,1,9,0,7,9,2,0,10,1,0,4,1,6,1,42,7,-1,-1,-1,-1,-1,-1
2017961701027,1,9,0,16,0,0,0,0,5,6,1,1,2,1,21,5,1399,2,9,-1,1,-1
2017961701027,2,9,0,16,0,0,0,0,0,0,1,1,6,1,40,7,1956,2,3,-1,1,-1
2017961701027,3,98,0,17,0,0,0,0,0,0,1,1,1,1,46,8,-1,-1,-1,-1,2,-1
2017961701028,1,9,0,7,0,4,0,0,0,0,1,1,6,1,59,9,1781,1,15,-1,2,-1
2017961701028,2,1,0,18,0,8,0,0,0,0,2,1,6,2,52,8,-1,-1,-1,-1,1,-1
2017961701029,1,9,0,4,0,0,0,0,1,0,2,1,6,1,49,8,1598,1,10,-1,1,-1
2017961701029,2,21,1,18,0,0,0,0,0,0,1,1,1,1,27,6,12740,2,-1,1,1,1
2017961701031,1,9,0,18,0,0,0,0,0,0,1,1,6,1,59,9,2993,2,6,-1,3,-1
2017961701032,1,9,0,18,0,4,0,0,0,0,1,1,2,2,36,7,1686,2,3,-1,3,-1
2017961701032,2,1,0,18,0,8,0,0,0,0,1,1,6,1,74,10,-1,-1,-1,-1,1,-1
2017961701034,1,9,0,18,0,0,0,0,0,0,1,1,6,2,62,9,1595,1,3,-1,1,-1
2017961701035,1,1,0,18,0,0,0,0,0,0,3,1,6,1,32,6,-1,-1,-1,-1,1,-1
2017961701035,2,11,0,17,0,0,0,0,0,0,1,1,1,1,45,7,7300,2,10,-1,1,-1
2017961701035,3,9,0,17,0,0,0,0,0,0,1,1,6,1,63,9,2987,2,8,-1,1,-1
2017961701035,4,9,0,18,0,0,0,0,0,0,1,1,6,1,32,6,1199,1,15,-1,1,-1
2017961701035,5,9,0,18,0,0,0,0,0,0,2,1,6,2,35,6,1596,1,3,-1,1,-1
2017961701035,6,9,0,18,0,0,1,0,0,0,1,1,6,2,54,8,2000,2,13,-1,1,-1
2017961701037,1,9,0,18,0,1,0,0,0,0,1,1,1,1,56,9,-1,-1,-1,-1,1,-1
2017961701037,2,9,0,3,0,1,0,0,0,0,2,1,6,1,47,8,1198,1,11,-1,2,-1
2017961701038,1,9,0,18,0,0,0,0,0,0,1,1,6,1,21,5,1229,1,9,-1,1,-1
2017961701039,1,9,0,18,0,0,0,0,0,0,1,1,6,1,37,7,1560,2,5,-1,1,-1
2017961701039,2,19,0,2,0,0,0,0,0,0,2,1,1,1,58,9,2198,2,2,-1,1,-1
2017961701041,1,9,0,18,0,0,0,0,0,0,1,1,2,1,36,7,1997,2,-1,-1,1,-1
2017961701041,2,9,0,3,0,0,0,0,0,0,2,1,2,1,22,5,999,1,1,-1,3,-1
2017961701042,1,9,0,18,0,1,0,0,0,0,1,1,1,2,53,8,1498,1,9,-1,1,-1
2017961701042,2,9,0,3,0,1,0,0,0,0,2,1,6,2,28,6,1398,1,1,-1,1,-1
2017961701043,1,9,0,18,0,0,1,0,0,0,3,1,6,1,50,8,1995,2,2,2,1,2
2017961701043,2,9,0,18,0,0,0,0,0,0,3,1,1,1,48,8,1968,2,6,-1,3,-1
2017961701044,1,9,0,18,0,0,0,0,0,0,1,1,1,2,28,6,1242,1,5,-1,1,-1
2017961701045,1,9,0,5,0,8,0,0,0,0,1,1,6,1,18,4,1398,1,1,-1,1,-1
2017961701045,2,9,0,9,0,8,0,0,0,0,4,1,6,2,79,11,1242,1,5,-1,1,-1
2017961701046,1,9,0,18,0,1,0,10,3,1,1,1,6,1,43,7,1560,2,12,-1,1,-1
2017961701046,2,19,4,18,0,1,0,0,0,0,2,1,1,1,43,7,1560,2,1,-1,1,-1
2017961701051,1,9,0,18,0,0,0,0,0,0,1,1,3,1,35,6,1390,2,16,-1,1,-1
2017961701052,1,9,0,5,0,0,0,0,0,0,1,1,6,1,76,11,1956,2,5,-1,1,-1
2017961701052,2,22,0,18,0,0,0,0,0,0,4,1,6,2,75,10,-1,-1,-1,-1,1,-1
2017961701053,1,9,0,16,0,8,0,0,0,0,1,1,6,1,66,10,2720,2,9,-1,1,-1
2017961701055,1,19,0,18,0,0,0,0,0,0,4,1,6,3,30,6,-1,-1,-1,-1,-1,-1
2017961701056,1,11,0,7,0,2,0,0,0,0,1,1,1,1,48,8,6696,2,4,-1,1,-1
2017961701057,1,9,0,16,0,0,1,0,1,9,1,1,6,1,30,6,1399,2,10,-1,1,-1
2017961701059,1,9,0,18,0,0,0,0,0,0,1,1,2,1,31,6,1461,2,2,-1,1,-1
2017961701063,1,9,0,9,0,4,0,0,0,0,3,1,6,1,51,8,1968,2,5,-1,2,-1
2017961701063,2,1,0,18,0,8,0,0,0,0,1,1,6,1,71,10,-1,-1,-1,-1,2,-1
2017961701064,1,19,0,5,0,1,0,0,0,0,1,1,6,1,27,6,3199,2,8,-1,-1,-1
2017961701064,2,8,0,3,0,1,0,0,0,0,2,1,6,1,55,8,1995,2,1,-1,1,-1
2017961701068,1,9,0,18,0,0,0,0,0,0,1,1,6,1,43,7,1242,1,11,-1,1,-1
2017961701068,2,9,0,4,0,0,0,10,1,11,2,1,6,2,58,9,1560,2,11,-1,1,-1
2017961701068,3,9,0,2,0,0,0,0,0,0,2,1,6,2,60,9,1598,1,15,-1,1,-1
2017961701068,4,19,0,18,0,0,0,0,0,0,1,1,1,1,35,6,2198,2,-1,-1,1,-1
2017961701069,1,9,0,18,0,0,1,0,7,0,1,1,1,1,30,6,3999,1,10,-1,1,-1
2017961701070,1,9,0,18,0,0,0,10,7,11,1,1,6,1,26,6,1396,1,12,-1,-1,-1
2017961701073,1,9,0,9,0,8,0,0,0,0,1,1,6,1,28,6,1560,2,7,-1,3,-1
2017961701073,2,1,0,18,0,8,0,0,0,0,1,1,6,2,47,8,-1,-1,-1,-1,3,-1
2017961701074,1,19,0,18,0,1,0,0,0,0,1,1,2,1,28,6,1598,2,2,-1,3,-1
2017961701074,2,9,0,10,0,8,0,10,7,7,2,1,6,2,32,6,1461,2,3,-1,1,-1
2017961701074,3,21,0,18,0,8,0,10,1,7,3,1,2,1,49,8,4250,2,13,-1,-1,-1
2017961701076,1,9,0,1,0,0,0,0,0,0,0,1,1,3,-1,-1,-1,-1,-1,-1,-1,-1
2017961701077,1,9,0,9,0,8,0,0,0,0,3,1,6,1,21,5,1197,1,2,-1,1,-1
2017961701077,2,9,0,18,0,8,0,0,0,0,1,1,6,1,40,7,1968,2,-1,-1,1,-1
2017961701079,1,9,0,7,0,8,0,0,0,0,3,1,6,1,62,9,1685,2,1,-1,3,-1
2017961701080,1,9,0,7,0,8,0,0,0,0,1,1,6,1,30,6,1968,2,1,-1,1,-1
2017961701080,2,9,0,18,0,8,0,0,0,0,4,1,6,2,28,6,1397,1,5,-1,-1,-1
2017961701080,3,9,0,18,0,8,0,0,0,0,3,1,6,1,37,7,1388,1,12,-1,1,-1
2017961701081,1,9,0,17,0,0,1,10,1,7,1,1,6,2,35,6,1995,1,8,-1,-1,-1
2017961701082,1,9,0,9,0,8,0,0,0,0,3,1,6,1,55,8,1995,2,1,-1,1,-1
2017961701082,2,9,0,18,0,8,0,0,0,0,1,1,6,1,57,9,1108,1,13,-1,1,-1
2017961701083,1,9,0,12,0,7,0,10,4,0,3,1,6,2,53,8,1149,1,9,-1,1,-1
2017961701083,2,21,1,18,0,8,0,0,0,0,4,1,1,1,46,8,12740,2,5,-1,3,-1
2017961701083,3,9,0,18,0,8,0,0,0,0,1,1,6,1,38,7,1598,2,5,-1,1,-1
2017961701085,1,9,0,16,0,0,0,0,1,0,1,1,6,1,17,4,1229,1,5,-1,3,-1
2017961701085,2,21,0,17,0,0,0,0,0,0,1,1,1,1,52,8,6700,2,-1,-1,1,-1
2017961701087,1,9,0,18,0,1,0,0,0,0,1,1,6,2,59,9,1598,1,10,-1,1,-1
2017961701088,1,9,0,1,0,0,0,0,0,0,3,1,6,1,21,5,1149,1,7,-1,1,-1
2017961701088,2,9,0,2,0,0,0,0,0,0,4,1,6,1,25,5,1242,1,14,-1,3,-1
2017961701089,1,9,0,18,0,0,0,4,0,0,4,1,6,2,25,5,1242,1,-1,-1,-1,-1
2017961701089,2,9,0,2,0,0,0,0,0,0,3,1,6,1,36,7,1781,1,16,-1,3,-1
2017961701089,3,19,0,18,0,0,0,0,0,0,1,1,1,1,29,6,1248,2,6,-1,1,-1
2017961701090,1,9,0,18,0,0,0,0,7,3,1,1,6,1,31,6,1398,1,-1,-1,-1,-1
2017961701091,1,9,0,9,0,4,0,0,0,0,1,1,1,2,45,7,1598,1,4,-1,1,-1
2017961701091,2,1,0,18,0,8,0,0,0,0,4,1,6,1,58,9,-1,-1,-1,-1,2,-1
2017961701092,1,9,0,9,0,8,0,0,0,0,4,1,6,1,24,5,1390,1,12,-1,1,-1
2017961701092,2,9,0,18,0,8,0,0,0,0,3,1,6,2,78,11,998,1,-1,-1,1,-1
2017961701093,1,9,0,18,0,1,0,0,0,0,1,1,6,2,30,6,999,1,3,-1,1,-1
2017961701093,2,9,0,3,0,1,0,0,0,0,2,1,6,2,28,6,1461,2,11,-1,1,-1
2017961701094,1,9,0,18,0,0,0,0,0,0,1,1,2,1,35,6,-1,-1,-1,-1,1,-1
2017961701094,2,9,0,18,0,0,0,0,0,0,2,1,2,1,34,6,1685,2,2,-1,-1,-1
2017961701094,3,9,0,18,0,0,0,0,0,0,2,1,2,2,39,7,998,1,1,-1,-1,-1
2017961701096,1,9,0,17,0,0,0,0,0,0,1,1,2,1,26,6,1390,1,15,-1,1,-1
2017961701097,1,9,0,1,0,8,0,0,0,0,2,1,6,1,30,6,998,1,8,-1,1,-1
2017961701097,2,9,0,18,0,1,0,0,0,0,1,1,6,2,18,4,998,1,14,-1,1,-1
2017961701098,1,19,0,17,0,0,1,0,1,4,1,2,6,1,26,6,1870,2,14,-1,1,-1
2017961701099,1,9,0,18,0,0,1,10,2,11,1,1,6,2,52,8,1910,2,11,-1,1,-1
2017961701100,1,9,0,4,0,1,0,0,0,0,1,1,1,1,53,8,2179,2,7,-1,3,-1
2017961701100,2,9,0,3,0,1,0,0,0,0,2,1,6,2,35,6,2191,2,-1,-1,1,-1
2017961701102,1,9,0,4,0,1,1,0,0,0,1,1,6,2,17,4,1198,1,2,-1,1,-1
2017961701102,2,9,0,4,0,1,1,0,0,0,1,1,6,2,20,4,1242,1,5,-1,1,-1
2017961701102,3,9,0,3,0,1,0,0,0,0,2,1,6,2,57,9,1868,2,18,-1,1,-1
2017961701103,1,9,0,18,0,0,0,0,1,11,1,1,6,2,25,5,1390,1,7,-1,1,-1
2017961701103,2,9,0,4,0,0,0,0,0,0,2,1,6,1,52,8,1560,2,4,-1,1,-1
2017961701106,1,9,0,18,0,0,2,0,7,11,0,1,2,2,53,8,1364,1,8,-1,1,-1
2017961701107,1,9,0,18,0,1,0,0,0,0,1,1,6,2,18,4,1229,1,-1,-1,1,-1
2017961701107,2,9,0,7,0,8,0,0,0,0,2,1,6,1,26,6,2967,2,6,4,1,4
2017961701108,1,9,0,7,0,8,0,0,0,0,1,1,6,2,21,5,998,1,2,-1,1,-1
2017961701108,2,1,0,18,0,8,0,0,0,0,4,1,2,1,50,8,-1,-1,-1,-1,1,-1
2017961701109,1,9,0,18,0,1,0,0,0,0,1,1,6,1,22,5,1398,1,5,-1,1,-1
2017961701109,2,9,0,3,0,1,0,0,0,0,2,1,6,2,33,6,1242,1,10,-1,1,-1
2017961701110,1,9,0,1,0,0,0,0,0,0,2,1,6,2,49,8,1896,2,9,-1,1,-1
2017961701110,2,9,0,18,0,0,0,0,0,0,3,1,6,2,33,6,1598,1,10,-1,1,-1
2017961701113,1,9,0,18,0,0,0,0,0,0,1,1,6,2,77,11,1197,1,-1,-1,3,-1
2017961701113,2,9,0,2,0,0,0,0,0,0,2,1,6,2,81,11,1598,1,11,-1,2,-1
2017961701115,1,9,0,18,0,0,0,0,0,0,1,1,6,2,65,9,1368,1,1,2,1,2
2017961701115,2,1,0,18,0,0,0,0,0,0,2,1,6,2,36,7,-1,-1,-1,-1,1,-1
2017961701116,1,9,0,18,0,8,5,10,0,0,1,1,6,2,55,8,1229,1,10,-1,1,-1
2017961701116,2,8,0,2,0,2,0,0,0,0,2,1,6,1,42,7,1364,2,2,-1,1,-1
2017961701118,1,9,0,1,0,0,0,0,0,0,2,1,6,1,60,9,1686,2,6,-1,1,-1
2017961701118,2,9,0,3,0,0,0,0,0,0,1,1,2,2,38,7,1364,1,3,-1,1,-1
2017961701124,1,9,0,18,0,2,0,0,0,0,1,1,2,1,36,7,998,1,15,-1,1,-1
2017961701125,1,9,0,18,0,1,0,0,0,0,1,1,6,2,65,9,-1,-1,-1,-1,1,-1
2017961701126,1,9,0,18,0,1,0,0,0,0,1,1,6,2,31,6,1598,1,6,-1,3,-1
2017961701126,2,9,0,3,0,1,0,0,0,0,2,1,6,1,48,8,3200,2,13,-1,1,-1
2017961701126,3,9,0,10,0,8,0,0,0,0,2,1,6,1,39,7,1995,2,12,-1,3,-1
2017961701126,4,9,0,18,0,1,0,0,0,0,1,1,6,1,29,6,-1,-1,-1,-1,2,-1
2017961701127,1,8,0,18,0,8,0,0,0,0,1,1,1,1,49,8,1968,2,3,-1,1,-1
2017961701127,2,1,0,18,0,8,0,0,0,0,1,1,6,1,63,9,-1,-1,-1,-1,1,-1
2017961701128,1,9,0,18,0,2,0,4,1,1,1,1,6,2,79,11,1248,2,5,-1,3,-1
2017961701128,2,9,0,2,0,2,0,0,0,0,2,1,6,2,26,6,1598,1,7,-1,1,-1
2017961701128,3,9,0,2,0,2,0,0,0,0,1,1,6,2,32,6,1753,2,13,-1,1,-1
2017961701129,1,9,0,16,0,8,1,0,0,0,1,1,6,2,46,8,1598,1,9,-1,3,-1
2017961701129,2,9,0,18,0,8,0,0,0,0,1,1,6,2,37,7,1598,1,5,-1,3,-1
2017961701130,1,9,0,9,0,8,0,0,0,0,3,1,2,1,27,6,1796,1,13,-1,1,-1
2017961701130,2,9,0,18,0,8,0,0,0,0,3,1,1,1,38,7,-1,-1,-1,-1,1,-1
2017961701131,1,9,0,18,0,0,1,0,1,4,3,1,6,1,17,4,1149,1,13,-1,-1,-1
2017961701132,1,9,0,13,0,0,1,10,5,6,1,1,6,1,51,8,-1,-1,-1,-1,1,-1
2017961701132,2,9,0,18,0,0,0,10,5,6,2,1,6,2,46,8,1242,1,7,-1,1,-1
2017961701134,1,9,0,17,0,0,1,0,0,0,4,1,6,1,42,7,2993,2,11,-1,1,-1
2017961701134,2,9,0,16,0,0,1,0,0,0,1,1,6,1,50,8,3200,2,10,-1,1,-1
2017961701134,3,9,0,16,0,0,1,0,0,0,1,1,2,2,60,9,1461,2,3,-1,1,-1
2017961701135,1,9,0,4,0,2,1,0,0,0,3,1,6,2,43,7,1198,1,10,-1,1,-1
2017961701135,2,1,0,18,0,2,0,0,0,0,1,1,6,1,17,4,-1,-1,-1,-1,1,-1
2017961701139,1,9,0,18,0,0,0,0,0,0,1,1,6,2,70,10,1596,1,8,-1,2,-1
2017961701139,2,9,0,18,0,0,0,0,0,0,1,1,6,1,68,10,1794,1,12,-1,1,-1
2017961701140,1,9,0,18,0,2,0,0,0,0,3,1,2,2,41,7,1461,2,1,-1,1,-1
2017961701142,1,9,0,18,0,0,1,10,7,2,4,1,6,1,18,4,1809,1,25,-1,1,-1
2017961701144,1,9,0,18,0,1,0,0,0,0,1,1,6,2,65,9,1598,1,8,-1,1,-1
2017961701144,2,9,0,3,0,1,0,0,0,0,2,1,6,2,27,6,1360,1,10,-1,1,-1
2017961701144,3,9,0,3,0,1,0,0,0,0,2,1,6,1,72,10,1386,1,7,-1,1,-1
2017961701144,4,9,0,10,0,8,0,0,0,0,2,1,6,1,55,8,2967,2,3,-1,3,-1
2017961701145,1,9,0,18,0,0,0,0,0,0,1,1,3,2,43,7,2184,2,11,-1,1,-1
2017961701146,1,8,0,1,0,0,0,0,0,0,2,1,1,1,56,9,1364,2,2,-1,1,-1
2017961701148,1,9,0,18,0,0,5,0,2,3,1,1,6,1,33,6,2179,2,10,-1,1,-1
2017961701148,2,9,0,18,0,0,0,0,0,0,1,1,6,2,45,7,1598,2,2,-1,3,-1
2017961701150,1,9,0,18,0,1,0,0,0,0,3,1,6,1,18,4,999,1,3,-1,1,-1
2017961701151,1,9,0,18,0,0,5,0,7,11,1,1,6,1,70,10,1242,1,7,-1,3,-1
2017961701153,1,9,0,18,0,0,0,0,0,0,1,1,6,1,22,5,1368,1,5,-1,1,-1
2017961701155,1,9,0,16,0,0,1,10,1,11,1,1,6,2,26,6,1360,1,16,-1,1,-1
2017961701156,1,9,0,18,0,0,1,10,0,0,1,1,6,1,33,6,1910,2,10,-1,3,-1
2017961701156,2,19,0,18,0,0,0,0,0,0,1,1,2,1,27,6,2402,2,6,-1,1,-1
2017961701158,1,9,0,18,0,0,1,0,0,0,1,1,6,2,28,6,1598,1,3,-1,1,-1
2017961701158,2,9,0,3,0,0,0,0,0,0,2,1,6,1,44,7,1968,2,4,-1,1,-1
2017961701158,3,9,0,3,0,0,0,0,0,0,2,1,6,1,55,8,2191,2,2,-1,1,-1
2017961800015,1,9,0,18,0,0,0,0,0,0,1,1,6,1,30,6,1968,2,4,-1,1,-1
2017961800015,2,9,0,18,0,0,0,0,0,0,1,1,6,2,67,10,1560,2,-1,-1,3,-1
2017961800015,3,9,0,18,0,0,0,0,0,0,0,1,1,1,40,7,2993,2,3,-1,1,-1