Accident_Index,Vehicle_Reference,Vehicle_Type,Towing_and_Articulation,Vehicle_Manoeuvre,Vehicle_Location-Restricted_Lane,Junction_Location,Skidding_and_Overturning,Hit_Object_in_Carriageway,Vehicle_Leaving_Carriageway,Hit_Object_off_Carriageway,1st_Point_of_Impact,Was_Vehicle_Left_Hand_Drive?,Journey_Purpose_of_Driver,Sex_of_Driver,Age_of_Driver,Age_Band_of_Driver,Engine_Capacity_(CC),Propulsion_Code,Age_of_Vehicle,Driver_IMD_Decile,Driver_Home_Area_Type,Vehicle_IMD_Decile
201796GJ00402,1,9,0,3,0,1,0,0,0,0,2,1,6,2,20,4,1390,1,7,-1,-1,-1
201796GJ00402,2,9,0,3,0,1,0,0,0,0,1,1,6,1,70,10,1998,2,12,-1,-1,-1
201797GA00101,1,9,0,18,0,8,0,0,0,0,1,1,6,1,50,8,2157,1,22,-1,1,-1
201797GA00101,2,9,0,18,0,8,0,0,7,0,4,1,6,2,35,6,1398,1,3,-1,1,-1
201797GA00102,1,9,0,1,0,5,0,0,7,0,1,1,2,1,35,6,1968,2,1,7,1,7
201797GA00102,2,9,0,18,0,5,0,0,7,0,1,1,2,1,29,6,1240,1,11,-1,1,-1
201797GA00105,1,9,0,7,0,8,0,0,0,0,1,1,6,2,53,8,1598,1,8,-1,1,-1
201797GA00105,2,9,0,9,0,8,0,0,0,0,4,1,6,2,37,7,2179,2,5,-1,1,-1
201797GA00106,1,9,0,9,0,8,0,0,0,0,4,1,2,1,19,4,1200,1,-1,-1,1,-1
201797GA00106,2,9,0,17,0,8,0,0,0,0,1,1,2,2,39,7,2143,2,2,-1,1,-1
201797GA00107,1,9,0,18,0,0,0,0,0,0,1,1,6,2,18,4,999,1,-1,-1,1,-1
201797GA00107,2,9,0,18,0,0,0,0,0,0,2,1,6,2,64,9,898,1,4,-1,1,-1
201797GA00109,1,9,0,7,0,6,0,0,0,0,1,1,1,1,47,8,1422,2,1,-1,1,-1
201797GA00109,2,1,0,18,0,1,0,0,0,0,4,1,6,1,58,9,-1,-1,-1,-1,1,-1
201797GA00201,1,9,0,10,0,8,0,0,0,0,1,1,6,2,31,6,998,1,5,-1,1,-1
201797GA00201,2,9,0,18,0,8,0,0,0,0,4,1,6,1,40,7,1685,2,2,-1,1,-1
201797GA00203,1,19,0,4,0,3,0,0,0,0,1,1,1,1,-1,-1,1968,2,3,-1,1,-1
201797GA00203,2,9,0,3,0,3,0,0,0,0,2,1,6,1,32,6,1799,1,10,-1,1,-1
201797GA00204,1,19,0,4,0,1,1,0,0,0,2,1,6,1,42,7,2494,2,15,-1,1,-1
201797GA00204,2,9,0,4,0,1,0,0,0,0,0,1,1,1,22,5,1398,1,1,-1,1,-1
201797GA00210,1,9,0,17,0,0,5,0,2,11,1,1,2,1,55,8,1198,1,11,-1,1,-1
201797GA00302,1,9,0,5,0,1,0,0,0,0,1,1,2,1,49,8,1598,1,7,-1,1,-1
201797GA00306,1,9,0,10,0,0,0,0,0,0,1,1,6,1,-1,-1,-1,-1,-1,-1,-1,-1
201797GA00306,2,9,0,10,0,0,0,0,0,0,2,1,6,2,59,9,1242,8,-1,-1,1,-1
201797GA00308,1,9,0,9,0,1,5,0,0,0,4,1,6,2,18,4,999,1,2,-1,1,-1
201797GA00308,2,9,0,18,0,1,0,0,0,0,1,1,2,2,20,4,998,1,-1,-1,2,-1
201797GA00309,1,9,0,4,0,1,1,0,0,0,1,1,2,1,22,5,1598,2,7,-1,2,-1
201797GA00309,2,8,0,3,0,1,0,0,0,0,2,1,2,1,48,8,1997,2,3,-1,1,-1
201797GA00309,3,19,0,3,0,1,0,0,0,0,2,1,2,1,54,8,1997,2,4,-1,1,-1
201797GA00311,1,9,0,9,0,5,0,0,0,0,1,1,3,1,42,7,2179,2,5,-1,1,-1
201797GA00402,1,9,0,4,0,0,0,0,0,0,1,1,6,2,35,6,1598,2,4,-1,1,-1
201797GA00402,2,9,0,4,0,0,0,0,0,0,2,1,6,2,54,8,1390,1,8,-1,1,-1
201797GA00404,1,9,0,2,0,0,0,0,0,0,4,1,6,1,58,9,-1,-1,-1,-1,1,-1
201797GA00404,2,1,0,18,0,0,0,0,0,0,1,1,2,1,39,7,-1,-1,-1,-1,1,-1
201797GA00405,1,9,0,18,0,1,0,0,0,0,4,1,6,3,-1,-1,1580,8,1,-1,-1,-1
201797GA00405,2,9,0,18,0,1,0,0,0,0,0,1,6,1,26,6,1390,1,2,-1,1,-1
201797GA00409,1,9,0,18,0,4,0,0,0,0,1,1,1,2,61,9,1242,1,5,-1,1,-1
201797GA00409,2,1,0,18,0,4,0,0,0,0,1,1,1,1,50,8,-1,-1,-1,-1,1,-1
201797GA00410,1,9,0,18,0,1,0,0,0,0,1,1,6,3,-1,-1,-1,-1,-1,-1,-1,-1
201797GA00502,1,9,0,17,0,0,5,0,2,2,1,1,6,1,48,8,1968,2,8,-1,1,-1
201797GA00504,1,9,0,18,0,1,0,0,0,0,4,1,6,1,38,7,1598,1,4,-1,1,-1
201797GA00504,2,9,0,3,0,1,0,0,0,0,0,1,6,2,50,8,1398,1,3,-1,1,-1
201797GA00506,1,9,0,6,0,1,0,0,2,10,1,1,6,1,81,11,1388,1,9,-1,1,-1
201797GA00506,2,9,0,10,0,1,0,0,0,0,4,1,6,1,64,9,998,1,5,-1,1,-1
201797GA00508,1,19,0,9,0,1,0,0,0,0,1,1,1,1,51,8,2143,2,2,-1,1,-1
201797GA00508,2,9,0,7,0,1,0,0,0,0,3,1,6,2,56,9,1496,1,2,-1,1,-1
201797GA00509,1,9,0,15,0,0,0,0,0,0,1,1,6,1,70,10,998,1,1,-1,2,-1
201797GA00510,1,9,0,7,8,6,0,0,0,0,4,1,2,1,42,7,1591,1,3,-1,1,-1
201797GA00511,1,9,0,18,0,1,0,0,0,0,1,1,6,1,23,5,1368,1,4,-1,1,-1
201797GA00511,2,9,0,18,0,8,0,0,0,0,1,1,6,1,47,8,1969,2,2,-1,1,-1
201797GA00512,1,9,0,17,0,1,5,7,0,11,1,1,6,1,70,10,1364,1,1,-1,1,-1
201797GA00603,1,9,0,18,0,1,0,0,0,0,3,1,2,1,56,9,1398,1,6,-1,1,-1
201797GA00605,1,9,0,4,0,0,0,0,0,0,1,1,6,2,25,5,1329,1,7,-1,1,-1
201797GA00605,2,9,0,4,0,0,0,0,0,0,2,1,2,2,24,5,1149,1,2,-1,1,-1
201797GA00606,1,9,0,3,0,1,0,0,0,0,1,1,6,3,-1,-1,-1,-1,-1,-1,-1,-1
201797GA00606,2,9,0,3,0,1,0,0,0,0,2,1,6,2,58,9,1968,2,2,-1,1,-1
201797GA00607,1,9,0,9,6,5,0,0,0,0,3,1,6,2,38,7,1968,2,12,-1,1,-1
201797GA00607,2,1,0,18,0,1,2,0,0,0,1,1,6,1,29,6,-1,-1,-1,-1,1,-1
201797GA00610,1,9,0,5,0,1,0,0,0,0,4,1,6,2,50,8,1596,1,14,-1,1,-1
201797GA00610,2,9,0,3,0,1,0,0,0,0,3,1,6,2,53,8,1199,2,4,-1,1,-1
201797GA00701,1,8,0,5,0,1,0,0,0,0,4,1,1,1,30,6,1598,2,7,-1,1,-1
201797GA00701,2,9,0,4,0,1,0,0,0,0,1,1,2,1,25,5,1995,2,12,-1,1,-1
201797GA00702,1,9,0,18,0,0,0,4,0,0,1,1,6,1,85,11,1598,1,12,-1,-1,-1
201797GA00702,2,19,0,2,0,0,0,0,0,0,2,1,6,3,-1,-1,2402,2,6,-1,-1,-1
201797GA00703,1,19,0,7,0,3,0,0,0,0,1,1,6,3,-1,-1,-1,-1,-1,-1,-1,-1
201797GA00703,2,1,0,18,0,8,0,0,0,0,2,1,6,1,38,7,-1,-1,-1,-1,1,-1
201797GA00705,1,9,0,10,0,5,0,0,0,0,0,1,6,2,27,6,1248,2,4,-1,1,-1
201797GA00705,2,1,0,18,0,1,0,0,0,0,1,1,6,2,30,6,-1,-1,-1,-1,1,-1
201797GA00706,1,9,0,18,0,4,0,0,0,0,1,1,1,1,44,7,1560,2,4,-1,1,-1
201797GA00706,2,1,0,18,0,4,0,0,0,0,2,1,6,1,28,6,-1,-1,-1,-1,1,-1
201797GA00708,1,9,0,18,0,1,0,0,3,0,1,1,6,1,22,5,1968,2,6,-1,1,-1
201797GA00708,2,9,0,18,0,1,0,0,1,11,3,1,6,1,61,9,1461,2,1,-1,1,-1
201797GA00711,1,1,0,18,0,8,0,0,0,0,4,1,2,1,52,8,-1,-1,-1,-1,1,-1
201797GA00711,2,9,0,5,0,4,0,0,0,0,3,1,2,2,51,8,1598,1,3,-1,1,-1
201797GA00712,1,9,0,5,9,1,0,0,1,0,1,1,2,2,26,6,1395,1,1,-1,1,-1
201797GA00712,2,11,0,18,0,1,0,0,0,0,1,1,1,1,60,9,7300,2,10,-1,1,-1
201797GA00801,1,9,0,5,0,1,0,0,0,0,1,1,1,1,52,8,-1,-1,-1,-1,1,-1
201797GA00801,2,1,0,18,0,1,0,0,0,0,3,1,6,1,47,8,-1,-1,-1,-1,-1,-1
201797GA00802,1,9,0,5,0,4,0,0,0,0,1,1,6,1,70,10,1998,1,12,-1,1,-1
201797GA00802,2,9,0,10,0,4,0,0,0,0,2,1,6,1,25,5,1796,1,4,-1,1,-1
201797GA00804,1,9,0,18,0,0,0,0,0,0,1,1,6,1,34,6,1461,2,9,-1,1,-1
201797GA00804,2,9,0,18,0,0,0,0,0,0,2,1,1,1,55,8,1598,2,3,-1,1,-1
201797GA00805,1,9,0,18,0,1,0,0,0,0,1,1,6,1,35,6,1956,2,3,-1,1,-1
201797GA00805,2,9,0,10,0,8,0,0,0,0,4,1,6,2,28,6,1999,2,-1,-1,1,-1
201797GA00806,1,9,0,18,0,0,0,0,0,0,1,1,6,2,47,8,1796,1,9,-1,1,-1
201797GA00808,1,9,0,1,0,0,0,0,0,0,2,1,6,1,-1,-1,1598,1,11,-1,-1,-1
201797GA00808,2,9,0,2,0,0,0,0,0,0,2,1,6,3,-1,-1,1995,2,1,-1,-1,-1
201797GA00810,1,9,0,7,0,6,5,0,1,4,1,1,6,1,37,7,1598,1,4,-1,1,-1
201797GA00812,1,9,0,5,0,4,0,0,0,0,0,1,6,1,44,7,-1,-1,-1,-1,1,-1
201797GA00812,2,9,0,5,0,4,0,0,0,0,1,1,6,1,51,8,1461,2,2,-1,1,-1
201797GA00812,3,9,0,17,0,3,0,0,0,0,4,1,6,2,29,6,1461,2,4,-1,1,-1
201797GA00905,1,9,0,18,0,2,2,4,0,0,1,1,6,1,17,4,2993,2,2,-1,1,-1
201797GA00905,2,9,0,18,0,1,0,0,0,0,0,1,3,2,43,7,998,1,5,-1,1,-1
201797GA00905,3,9,0,2,0,1,0,0,0,0,1,1,6,3,-1,-1,1956,2,2,-1,-1,-1
201797GA00905,4,9,0,2,0,1,0,0,0,0,1,1,6,3,-1,-1,1586,1,2,-1,-1,-1
201797GA00907,1,1,0,18,0,1,0,0,0,0,1,1,6,1,37,7,-1,-1,-1,-1,1,-1
201797GA00907,2,9,0,7,0,1,0,0,1,0,4,1,6,2,61,9,998,1,3,-1,1,-1
201797GA00908,1,9,0,18,0,1,0,0,0,0,1,1,6,1,28,6,1499,2,1,-1,3,-1
201797GA00908,2,9,0,10,0,5,0,0,0,0,2,1,6,2,44,7,1362,1,4,-1,1,-1
201797GA00912,1,1,0,12,0,0,0,0,0,0,2,1,2,2,30,6,-1,-1,-1,-1,1,-1
201797GA00912,2,9,0,18,0,0,0,0,0,0,1,1,2,2,61,9,2191,2,4,-1,1,-1
201797GA01001,1,9,0,7,0,6,0,0,0,0,3,1,6,2,69,10,998,1,14,-1,1,-1
201797GA01001,2,9,0,18,0,1,0,0,0,0,1,1,1,2,59,9,1386,1,8,-1,1,-1
201797GA01005,1,1,0,4,4,8,0,0,0,0,1,1,6,2,38,7,-1,-1,-1,-1,1,-1
201797GA01005,2,9,0,9,0,8,0,0,0,0,3,1,6,1,-1,-1,1598,1,10,-1,-1,-1
201797GA01007,1,9,0,18,0,1,0,0,0,0,1,1,6,2,29,6,1242,1,5,-1,1,-1
201797GA01007,2,1,0,18,0,1,0,0,0,0,1,1,6,1,19,4,-1,-1,-1,-1,-1,-1
201797GA01009,1,9,0,8,0,1,0,0,0,0,1,1,6,2,27,6,1586,1,4,-1,1,-1
201797GA01009,2,9,0,8,0,1,0,0,0,0,2,1,6,1,46,8,1968,2,6,-1,1,-1
201797GA01012,1,3,0,4,0,0,1,0,0,0,1,1,2,1,27,6,124,1,14,-1,1,-1
201797GA01012,2,9,0,4,0,0,0,0,0,0,2,1,6,2,63,9,1390,2,15,-1,1,-1
201797GA01108,1,9,0,5,0,0,0,0,0,0,3,1,2,2,52,8,1397,1,6,-1,1,-1
201797GA01108,2,9,0,4,0,0,0,0,0,0,4,1,2,1,27,6,1598,2,3,-1,1,-1
201797GA01108,3,9,0,3,0,0,0,0,0,0,2,1,2,2,48,8,1968,2,-1,-1,1,-1
201797GA01108,4,9,0,3,0,0,0,0,0,0,0,1,2,1,46,8,1339,1,13,-1,1,-1
201797GA01111,1,9,0,18,0,8,0,0,0,0,3,1,6,2,45,7,1685,2,4,-1,3,-1
201797GA01111,2,9,0,17,0,7,0,0,0,0,1,1,6,1,56,9,1339,1,14,-1,1,-1
201797GA01202,1,8,0,6,0,0,0,7,4,10,1,1,6,1,-1,-1,-1,-1,-1,-1,-1,-1
201797GA01204,1,20,4,11,0,0,0,0,0,0,4,1,1,1,45,7,-1,-1,-1,-1,3,-1
201797GA01204,2,8,0,18,0,0,0,0,0,0,3,1,1,1,39,7,1598,2,2,-1,1,-1
201797GA01206,1,1,0,18,0,2,0,4,0,0,1,1,6,2,25,5,-1,-1,-1,-1,1,-1
201797GA01206,2,9,0,2,0,2,0,0,0,0,2,1,6,3,-1,-1,1242,1,9,-1,-1,-1
201797GA01207,1,9,0,18,0,0,1,0,0,0,1,1,6,1,25,5,1149,1,8,-1,1,-1
201797GA01208,1,9,0,18,0,0,0,0,0,0,3,1,6,3,-1,-1,-1,-1,-1,-1,-1,-1
201797GA01212,1,9,0,9,0,8,0,0,0,0,1,1,6,2,45,7,1242,1,8,-1,1,-1
201797GA01303,1,9,0,18,0,3,0,0,0,0,1,1,6,1,35,6,1461,2,1,-1,1,-1
201797GA01303,2,9,0,4,0,3,0,0,0,0,2,1,6,1,37,7,998,1,7,-1,1,-1
201797GA01303,3,9,0,4,0,3,0,0,0,0,2,1,6,1,60,9,3199,1,17,-1,1,-1
201797GA01306,1,9,0,11,0,1,0,0,0,0,1,1,6,1,19,4,1242,1,8,-1,1,-1
201797GA01306,2,9,0,10,0,1,0,0,0,0,2,1,6,1,19,4,1461,2,1,-1,1,-1
201797GA01310,1,1,0,18,0,1,0,0,0,0,1,1,6,1,47,8,-1,-1,-1,-1,3,-1
201797GA01401,1,9,0,4,0,0,0,0,0,0,1,1,6,2,26,6,1368,1,8,-1,1,-1
201797GA01401,2,9,0,18,0,0,0,0,0,0,2,1,6,1,52,8,1598,1,4,-1,1,-1
201797GA01405,1,9,0,4,0,1,0,0,0,0,1,1,6,1,60,9,1896,2,13,-1,1,-1
201797GA01405,2,9,0,3,0,1,0,0,0,0,2,1,6,1,60,9,1799,1,9,-1,1,-1
201797GA01405,3,9,0,3,0,1,0,0,0,0,2,1,6,1,39,7,1998,1,12,-1,1,-1
201797GA01406,1,11,0,18,0,0,0,0,0,0,1,1,6,1,27,6,6696,2,4,-1,1,-1
201797GA01407,1,9,0,5,0,8,0,0,0,0,0,1,6,3,-1,-1,-1,-1,-1,-1,-1,-1
201797GA01407,2,3,0,18,0,8,1,0,0,0,0,1,6,1,31,6,124,1,-1,-1,1,-1
201797GA01408,1,9,0,18,0,8,0,0,0,0,4,1,2,2,26,6,1390,1,5,-1,1,-1
201797GA01408,2,1,0,9,0,5,0,0,7,0,3,1,2,1,36,7,-1,-1,-1,-1,1,-1
201797GA01410,1,9,0,17,0,0,5,0,0,4,1,1,6,1,35,6,2171,1,13,-1,1,-1
201797GA01411,1,9,0,17,0,6,0,0,0,0,1,1,1,1,36,7,1332,1,8,-1,1,-1
201797GA01411,2,1,0,10,0,5,0,0,0,0,1,1,6,1,39,7,-1,-1,-1,-1,1,-1
201797GA01502,1,9,0,18,0,2,0,0,0,0,1,1,6,2,27,6,-1,-1,-1,-1,1,-1
201797GA01504,1,9,0,18,0,0,0,0,0,0,1,1,2,1,53,8,1386,1,7,-1,1,-1
201797GA01511,1,9,0,18,0,0,5,4,0,0,1,1,6,2,31,6,1595,1,10,-1,1,-1
201797GA01511,2,9,0,2,0,0,0,0,0,0,1,1,6,3,-1,-1,2179,2,6,-1,-1,-1
201797GA01511,3,9,0,2,0,0,0,0,0,0,4,1,6,3,-1,-1,1968,2,8,-1,-1,-1
201797GA01511,4,9,0,2,0,0,0,0,0,0,1,1,6,3,-1,-1,1242,1,5,-1,-1,-1
201797GA01512,1,19,4,9,0,2,0,0,0,0,4,1,1,1,29,6,2198,2,4,-1,1,-1
201797GA01512,2,9,0,18,0,2,0,0,0,0,1,1,6,1,31,6,1988,1,15,-1,3,-1
201797GA01602,1,9,0,4,0,1,0,0,0,0,1,1,6,2,31,6,1149,1,2,-1,1,-1
201797GA01602,2,9,0,8,0,1,0,0,0,0,2,1,1,2,47,8,1399,2,6,-1,1,-1
201797GA01605,1,9,0,9,0,1,0,0,0,0,1,1,6,2,50,8,1686,2,5,-1,1,-1
201797GA01605,2,8,0,18,0,1,0,0,0,0,4,1,1,1,54,8,1422,2,2,-1,1,-1
201797GA01606,1,9,0,10,0,1,0,0,0,0,1,1,6,2,24,5,-1,-1,-1,-1,1,-1
201797GA01606,2,9,0,18,0,1,0,0,1,0,4,1,1,2,54,8,1596,1,3,-1,1,-1
201797GA01610,1,9,0,4,0,1,0,0,0,0,1,1,6,3,-1,-1,1242,1,3,-1,-1,-1
201797GA01610,2,9,0,4,0,1,0,0,0,0,2,1,6,2,52,8,1388,1,8,-1,1,-1
201797GA01612,1,9,0,18,0,1,0,0,0,0,1,1,6,3,-1,-1,-1,-1,-1,-1,-1,-1
201797GA01612,2,9,0,18,0,1,0,0,0,0,1,1,6,1,47,8,1398,1,7,-1,1,-1
201797GA01701,1,9,0,18,0,7,0,0,0,0,3,1,6,2,41,7,1240,1,14,-1,1,-1
201797GA01701,2,1,0,17,0,1,0,0,0,0,1,1,6,1,49,8,-1,-1,-1,-1,1,-1
201797GA01706,1,9,0,9,0,8,0,0,0,0,4,1,6,2,53,8,1242,1,2,-1,1,-1
201797GA01706,2,9,0,18,0,8,0,0,0,0,1,1,6,1,53,8,-1,-1,-1,-1,1,-1
201797GA01708,1,9,0,3,0,0,0,0,0,0,1,1,6,1,36,7,1596,1,13,-1,1,-1
201797GA01708,2,9,0,3,0,0,0,0,0,0,1,1,1,1,51,8,1598,2,6,-1,1,-1
201797GA01708,3,9,0,3,0,0,0,0,0,0,2,1,6,2,45,7,1956,2,7,-1,1,-1
201797GA01709,1,19,0,6,0,6,0,0,0,0,3,1,6,1,31,6,1998,2,13,-1,2,-1
201797GA01709,2,9,0,4,0,6,0,0,0,0,3,1,6,1,42,7,1242,1,13,-1,1,-1
201797GA01805,1,9,0,18,0,0,0,0,0,0,1,1,4,2,30,6,1968,2,8,-1,1,-1
201797GA01808,1,9,0,18,0,1,0,0,0,0,1,1,6,2,38,7,1598,1,4,-1,1,-1
201797GA01808,2,9,0,9,0,8,0,0,0,0,2,1,6,2,42,7,1995,2,5,-1,1,-1
201797GA01810,1,9,0,18,0,1,0,0,0,0,1,1,6,1,-1,-1,1995,2,11,-1,1,-1
201797GA01810,2,9,0,3,0,1,0,0,0,0,2,1,6,1,38,7,1910,2,11,-1,1,-1
201797GA01901,1,9,0,18,0,1,0,0,0,0,1,1,6,2,-1,-1,1598,1,5,2,1,2
201797GA01901,2,1,0,18,0,1,0,0,0,0,1,1,6,1,-1,-1,-1,-1,-1,-1,1,-1
201797GA01902,1,9,0,6,0,1,0,0,0,0,3,1,6,1,20,4,1364,1,12,-1,-1,-1
201797GA01902,2,9,0,4,0,1,0,0,0,0,4,1,6,2,59,9,1349,1,3,-1,1,-1
201797GA01905,1,9,0,2,0,0,0,0,0,0,3,1,6,3,-1,-1,-1,-1,-1,-1,-1,-1
201797GA01905,2,1,0,14,0,0,2,8,0,0,4,1,6,1,40,7,-1,-1,-1,-1,1,-1
201797GA01909,1,9,0,18,0,0,0,0,0,0,1,1,6,1,49,8,-1,-1,-1,-1,1,-1
201797GA01909,2,9,0,3,0,0,0,0,0,0,2,1,6,1,21,5,1956,2,3,-1,1,-1
201797GA01909,3,9,0,3,0,0,0,0,0,0,2,1,6,2,21,5,1998,1,-1,-1,1,-1
201797GA01912,1,9,0,18,0,1,0,0,0,0,1,1,6,2,50,8,1461,2,-1,-1,1,-1
201797GA01912,2,9,0,9,0,5,0,0,0,0,4,1,6,1,33,6,1995,2,8,-1,1,-1
201797GA02001,1,9,0,18,0,1,0,0,0,0,1,1,6,1,24,5,1598,1,8,-1,1,-1
201797GA02001,2,9,0,18,0,1,0,0,0,0,2,1,2,1,54,8,1598,1,1,-1,1,-1
201797GA02002,1,9,0,4,0,1,0,0,0,0,1,1,6,3,-1,-1,1995,2,1,-1,-1,-1
201797GA02002,2,9,0,3,0,1,0,0,0,0,2,1,6,1,63,9,1598,2,2,-1,1,-1
201797GA02003,1,9,0,9,0,8,0,0,0,0,1,1,6,2,26,6,-1,-1,-1,-1,1,-1
201797GA02003,2,9,0,18,0,1,0,0,0,0,4,1,6,2,44,7,1229,1,6,-1,1,-1
201797GA02006,1,8,0,6,0,0,0,0,0,0,1,1,6,3,-1,-1,-1,-1,-1,-1,-1,-1
201797GA02008,1,9,0,4,0,0,0,0,0,0,3,1,2,1,52,8,1240,1,12,-1,1,-1
201797GA02103,1,9,0,5,0,1,0,0,0,0,1,1,6,1,47,8,1461,2,1,-1,1,-1
201797GA02103,2,8,0,18,0,1,0,0,0,0,4,1,6,1,58,9,1896,2,7,-1,1,-1
201797GA02104,1,9,0,13,0,1,0,0,0,0,4,1,6,1,19,4,1199,2,4,-1,2,-1
201797GA02104,2,9,0,18,0,1,0,0,0,0,3,1,6,2,29,6,1995,2,7,-1,1,-1
201797GA02109,1,9,0,17,0,1,1,0,0,0,1,1,6,2,38,7,1229,1,4,-1,1,-1
201797GA02109,2,19,0,18,0,1,0,0,0,7,1,1,6,1,45,7,2299,2,1,-1,-1,-1
201797GA02110,1,9,0,5,0,6,0,0,0,0,0,1,6,3,-1,-1,-1,-1,-1,-1,-1,-1
201797GA02110,2,19,0,18,0,1,0,0,0,0,0,1,6,1,54,8,1998,2,11,-1,1,-1
201797GA02111,1,9,0,17,0,0,1,0,0,0,1,1,6,1,54,8,1998,1,12,-1,1,-1
201797GA02111,2,9,0,16,0,0,1,0,0,0,1,1,2,2,54,8,998,1,3,-1,1,-1
201797GA02112,1,8,0,18,0,1,0,0,0,0,1,1,6,1,32,6,1997,2,1,-1,1,-1
201797GA02112,2,8,0,3,0,1,0,0,0,0,2,1,6,1,59,9,1685,2,4,-1,2,-1
201797GA02201,1,9,0,3,5,0,0,0,0,0,1,1,6,1,32,6,1995,2,7,-1,1,-1
201797GA02203,1,9,0,9,0,1,0,0,0,0,1,1,6,2,19,4,1198,1,2,-1,1,-1
201797GA02203,2,9,0,18,0,1,1,11,0,11,3,1,1,1,45,7,2993,2,1,-1,1,-1
201797GA02208,1,9,0,18,0,0,0,0,0,0,1,1,6,1,73,10,1598,2,2,-1,2,-1
201797GA02210,1,8,0,9,0,7,0,0,0,0,1,1,6,3,-1,-1,-1,-1,-1,-1,-1,-1
201797GA02210,2,1,0,18,0,8,0,0,0,0,4,1,6,1,14,3,-1,-1,-1,-1,1,-1
201797GA02301,1,9,0,18,0,1,0,0,0,0,1,1,6,1,46,8,4966,1,14,-1,1,-1
201797GA02301,2,9,0,18,0,1,0,0,0,0,3,1,6,1,22,5,1984,1,1,-1,1,-1
201797GA02303,1,9,0,18,0,0,0,0,0,0,1,1,2,2,30,6,2179,2,6,-1,-1,-1
201797GA02303,2,9,0,3,0,0,0,0,0,0,2,1,6,1,32,6,1598,2,1,-1,-1,-1
201797GA02303,3,9,0,3,0,0,0,0,0,0,2,1,2,1,26,6,1149,1,12,-1,1,-1
201797GA02304,1,9,0,18,0,0,0,4,0,0,4,1,6,2,30,6,2993,2,3,-1,1,-1
201797GA02304,2,19,0,2,0,0,0,0,0,0,3,1,6,1,61,9,1560,2,2,-1,1,-1
201797GA02305,1,19,0,1,0,1,0,0,0,0,2,1,6,2,-1,-1,-1,-1,-1,-1,-1,-1
201797GA02308,1,8,0,18,0,4,0,0,0,0,3,1,1,1,34,6,1598,2,2,-1,1,-1
201797GA02308,2,3,0,18,0,4,0,0,0,0,1,1,6,1,53,8,125,1,2,-1,1,-1
201797GA02309,1,9,0,9,0,8,0,0,0,0,1,1,6,1,33,6,1968,2,11,-1,1,-1
201797GA02309,2,8,0,13,0,8,0,0,0,0,1,1,1,1,61,9,1560,2,2,-1,1,-1
201797GA02312,1,9,0,5,0,4,0,0,0,0,1,1,6,2,48,8,-1,-1,-1,-1,1,-1
201797GA02312,2,1,0,18,0,8,0,0,0,0,4,1,2,1,33,6,-1,-1,-1,-1,1,-1
201797GA02404,1,9,0,7,0,1,0,0,0,0,4,1,6,2,30,6,-1,-1,-1,-1,1,-1
201797GA02404,2,1,0,18,0,1,0,0,0,0,1,1,6,1,59,9,-1,-1,-1,-1,1,-1
201797GA02410,1,1,0,17,0,4,1,0,0,0,1,1,6,1,26,6,-1,-1,-1,-1,1,-1
201797GA02410,2,19,0,17,0,8,0,0,0,0,4,1,1,1,46,8,4485,2,2,-1,1,-1
201797GA02411,1,9,0,18,0,7,0,0,0,0,1,1,6,1,25,5,1328,1,11,-1,1,-1
201797GA02411,2,9,0,3,0,7,0,0,0,0,2,1,2,1,53,8,647,8,2,-1,3,-1
201797GA02503,1,9,0,18,0,0,0,0,0,0,2,1,2,1,59,9,2143,2,5,-1,1,-1
201797GA02503,2,9,0,3,0,0,0,0,0,0,2,1,6,1,22,5,1998,2,12,-1,2,-1
201797GA02508,1,9,0,18,0,0,0,0,0,0,1,1,6,2,35,6,1597,2,2,-1,1,-1
201797GA02510,1,9,0,5,0,4,0,0,0,0,3,1,6,2,56,9,1242,1,4,-1,1,-1
201797GA02510,2,1,0,18,0,8,0,0,0,0,1,1,1,1,37,7,-1,-1,-1,-1,1,-1
201797GA02511,1,9,0,18,0,8,0,0,0,0,1,1,6,1,-1,-1,1598,1,11,-1,1,-1
201797GA02511,2,9,0,9,0,8,0,0,0,0,4,1,2,2,31,6,1798,1,5,-1,-1,-1
201797GA02601,1,9,0,18,0,1,0,0,0,0,1,1,6,1,23,5,-1,-1,-1,-1,-1,-1
201797GA02601,2,9,0,3,0,1,0,0,0,0,2,1,6,2,53,8,1398,1,5,-1,1,-1
201797GA02602,1,9,0,9,0,3,0,0,0,0,1,1,3,2,36,7,1686,2,5,-1,1,-1
201797GA02602,2,9,0,9,0,3,0,0,0,0,2,1,3,2,57,9,1598,2,6,-1,1,-1
201797GA02603,1,9,0,1,0,0,0,0,0,0,2,1,1,1,43,7,-1,-1,-1,-1,1,-1
201797GA02604,1,19,0,18,0,8,0,0,0,0,1,1,1,1,50,8,2500,2,8,-1,1,-1
201797GA02604,2,9,0,8,0,8,0,0,0,0,4,1,2,2,27,6,1396,1,4,-1,1,-1
201797GA02608,1,9,0,18,0,8,0,0,0,0,1,1,6,1,22,5,2000,1,11,-1,1,-1
201797GA02608,2,9,0,9,0,8,0,0,0,0,1,1,6,2,38,7,1995,2,1,1,1,1
201797GA02611,1,9,0,18,0,1,0,0,0,0,1,1,2,2,23,5,999,1,3,-1,1,-1
201797GA02611,2,9,0,3,0,1,0,0,0,0,2,1,1,1,47,8,1598,2,1,-1,1,-1
201797GA02701,1,9,0,4,0,0,0,0,0,0,1,1,6,1,60,9,2148,2,13,-1,1,-1
201797GA02701,2,9,0,4,0,0,0,0,0,0,2,1,6,1,25,5,2521,1,9,-1,3,-1
201797GA02704,1,9,0,17,0,6,0,0,0,0,1,1,1,2,48,8,-1,-1,-1,-1,-1,-1
201797GA02710,1,9,0,9,0,8,0,0,0,0,1,1,6,1,53,8,1329,1,-1,-1,1,-1
201797GA02710,2,9,0,9,0,8,0,0,0,0,3,1,6,1,51,8,1396,1,3,-1,1,-1
201797GA02808,1,9,0,1,0,0,0,0,0,0,2,1,1,1,56,9,2143,2,1,-1,1,-1