Accident_Index,Vehicle_Reference,Vehicle_Type,Towing_and_Articulation,Vehicle_Manoeuvre,Vehicle_Location-Restricted_Lane,Junction_Location,Skidding_and_Overturning,Hit_Object_in_Carriageway,Vehicle_Leaving_Carriageway,Hit_Object_off_Carriageway,1st_Point_of_Impact,Was_Vehicle_Left_Hand_Drive?,Journey_Purpose_of_Driver,Sex_of_Driver,Age_of_Driver,Age_Band_of_Driver,Engine_Capacity_(CC),Propulsion_Code,Age_of_Vehicle,Driver_IMD_Decile,Driver_Home_Area_Type,Vehicle_IMD_Decile
201797GA02811,1,9,0,9,0,6,0,0,0,0,3,1,1,1,41,7,-1,-1,-1,-1,1,-1
201797GA02912,1,9,0,9,0,1,0,0,0,0,1,1,6,2,32,6,1198,1,6,-1,1,-1
201797GA02912,2,9,0,18,0,1,0,0,0,0,1,1,6,1,67,10,1968,2,9,-1,1,-1
201797GA03008,1,9,0,18,0,1,0,0,0,0,1,1,6,2,28,6,2993,2,10,-1,1,-1
201797GA03008,2,9,0,18,0,1,0,0,0,0,2,1,2,1,34,6,1198,1,9,-1,1,-1
201797GA03102,1,11,0,18,0,0,0,0,0,0,1,1,1,1,43,7,7300,2,13,3,1,3
201797GA03102,2,9,0,18,0,0,0,0,0,0,2,1,6,1,35,6,1386,1,10,-1,1,-1
201797GA03104,1,9,0,18,0,0,0,0,0,0,4,1,6,1,-1,-1,-1,-1,-1,-1,-1,-1
201797GA03104,2,1,0,18,0,0,0,0,0,0,4,1,1,1,29,6,-1,-1,-1,-1,1,-1
201797GA03108,1,9,0,18,0,0,0,0,0,0,4,1,6,1,53,8,1598,1,5,-1,1,-1
201797GA03109,1,9,0,18,0,8,0,0,0,0,1,1,6,2,24,5,998,1,4,-1,1,-1
201797GA03109,2,8,0,18,0,8,0,0,0,0,3,1,1,1,42,7,1598,2,4,-1,1,-1
201797GA03110,1,9,0,18,0,0,0,0,0,0,3,1,6,1,58,9,1496,2,1,-1,1,-1
201797GA03201,1,9,0,18,0,1,0,0,0,0,3,1,6,1,52,8,1598,1,4,-1,1,-1
201797GA03201,2,3,0,18,0,1,0,0,0,0,1,1,6,1,23,5,125,1,1,-1,1,-1
201797GA03204,1,9,0,3,0,1,0,0,0,0,1,1,2,2,60,9,1685,2,4,-1,1,-1
201797GA03204,2,9,0,3,0,1,0,0,0,0,2,1,6,1,33,6,-1,-1,-1,-1,1,-1
201797GA03210,1,8,0,5,0,1,0,0,0,0,2,1,1,3,-1,-1,1598,2,2,-1,-1,-1
201797GA03210,2,9,0,18,0,1,0,0,0,0,1,1,6,2,28,6,1242,1,6,-1,1,-1
201797GA03309,1,9,0,9,0,8,0,0,0,0,3,1,2,1,-1,-1,1764,1,25,-1,-1,-1
201797GA03309,2,1,0,18,0,8,5,0,0,0,1,1,2,1,31,6,-1,-1,-1,-1,-1,-1
201797GA03310,1,9,0,5,0,6,0,0,0,0,1,1,1,2,25,5,998,1,3,-1,1,-1
201797GA03310,2,1,0,18,0,1,0,0,0,0,1,1,2,1,20,4,-1,-1,-1,-1,1,-1
201797GA03409,1,9,0,9,0,8,0,0,0,0,1,1,6,1,33,6,1197,1,-1,-1,-1,-1
201797GA03409,2,9,0,18,0,8,0,0,0,0,3,1,6,2,46,8,1496,2,2,-1,1,-1
201797GA03509,1,9,0,12,0,3,0,0,7,0,3,1,6,1,18,4,1398,1,1,-1,1,-1
201797GA03509,2,9,0,18,0,3,0,0,0,0,1,1,6,1,-1,-1,-1,-1,-1,-1,1,-1
201797GA03609,1,8,0,12,0,8,0,0,0,0,0,1,1,1,33,6,1968,2,3,-1,1,-1
201797GA03609,2,9,0,16,0,8,0,0,3,1,1,1,6,2,44,7,1998,2,7,-1,1,-1
201797GA03709,1,9,0,17,0,1,0,0,0,0,1,1,6,3,-1,-1,-1,-1,-1,-1,-1,-1
201797GA03709,2,9,0,16,0,1,0,0,0,0,1,1,6,1,41,7,1910,2,6,-1,1,-1
201797GA04009,1,9,0,18,0,4,0,0,0,0,3,1,2,2,21,5,1149,1,3,-1,1,-1
201797GA04009,2,9,0,9,0,4,0,0,0,0,1,1,2,1,31,6,1149,1,3,-1,1,-1
201797GA70104,1,9,0,18,0,1,0,0,0,0,1,1,6,1,26,6,1975,1,11,-1,1,-1
201797GA70104,2,20,0,18,0,1,0,0,0,0,1,1,6,1,59,9,3920,2,13,-1,1,-1
201797GA70104,3,9,0,18,0,1,0,0,0,0,2,1,6,2,25,5,1242,1,7,-1,-1,-1
201797GA70107,1,9,0,4,0,0,0,0,0,0,2,1,1,1,22,5,1956,2,3,-1,1,-1
201797GA70107,2,9,0,18,0,0,0,0,0,0,1,1,2,2,33,6,1499,1,2,-1,1,-1
201797GA70109,1,9,0,18,0,0,0,0,0,0,1,1,6,2,35,6,1461,2,2,-1,2,-1
201797GA70109,2,9,0,4,0,0,0,0,0,0,2,1,6,2,21,5,899,1,3,-1,1,-1
201797GA70110,1,9,0,7,0,1,0,0,0,0,1,1,6,1,52,8,2720,2,12,-1,1,-1
201797GA70110,2,9,0,7,0,1,0,0,0,0,1,1,6,1,65,9,1582,2,6,-1,1,-1
201797GA70111,1,9,0,17,0,0,5,0,0,0,1,1,6,2,23,5,998,1,4,-1,1,-1
201797GA70111,2,21,1,17,0,0,0,0,0,0,2,1,1,1,50,8,12419,2,-1,-1,-1,-1
201797GA70201,1,19,0,11,0,0,0,0,0,0,1,1,1,1,44,7,2198,2,1,-1,1,-1
201797GA70201,2,8,0,4,0,0,0,0,0,0,2,1,1,1,56,9,1956,2,3,-1,1,-1
201797GA70201,3,9,0,4,7,0,0,0,0,0,2,1,6,1,22,5,1149,1,13,-1,1,-1
201797GA70201,4,9,0,4,0,0,0,0,0,0,2,1,6,1,22,5,1390,1,11,-1,1,-1
201797GA70203,1,21,1,11,0,1,0,0,0,0,4,1,1,1,29,6,12902,2,2,-1,1,-1
201797GA70203,2,9,0,18,0,1,0,0,1,7,3,1,6,2,38,7,1560,2,5,-1,1,-1
201797GA70205,1,5,0,4,0,0,0,0,0,0,1,1,1,2,49,8,1170,1,6,-1,1,-1
201797GA70205,2,5,0,4,0,0,0,0,0,0,2,1,1,1,53,8,1170,1,5,-1,1,-1
201797GA70205,3,9,0,4,0,0,0,0,0,0,3,1,2,1,29,6,2987,2,-1,-1,1,-1
201797GA70206,1,9,0,18,0,0,0,0,8,6,1,1,6,1,31,6,1560,2,11,-1,1,-1
201797GA70207,1,9,0,18,0,0,0,0,0,0,1,1,2,1,40,7,1598,1,7,-1,1,-1
201797GA70209,1,9,0,7,0,1,0,0,0,0,1,1,6,2,34,6,1396,1,14,-1,1,-1
201797GA70209,2,9,0,3,0,1,0,0,0,0,2,1,6,2,39,7,1956,2,2,-1,-1,-1
201797GA70211,1,9,0,18,9,0,0,0,0,0,1,1,6,1,26,6,1398,1,4,-1,1,-1
201797GA70212,1,9,0,18,0,0,0,0,0,0,1,1,1,1,46,8,-1,-1,-1,-1,1,-1
201797GA70212,2,9,0,4,0,0,0,0,0,0,2,1,6,2,41,7,1388,1,12,-1,3,-1
201797GA70302,1,9,0,4,0,0,0,0,0,0,1,1,6,2,42,7,1997,2,3,-1,3,-1
201797GA70302,2,9,0,4,0,0,0,0,0,0,2,1,6,1,19,4,999,1,2,-1,3,-1
201797GA70302,3,9,0,4,0,0,0,0,0,0,2,1,6,1,81,11,2967,1,9,-1,1,-1
201797GA70305,1,9,0,18,0,0,0,0,0,0,0,1,6,3,-1,-1,-1,-1,-1,-1,-1,-1
201797GA70305,2,9,0,18,0,0,0,0,0,0,2,1,2,2,46,8,1242,1,7,-1,1,-1
201797GA70305,3,9,0,4,0,0,0,0,0,0,1,1,6,1,61,9,1400,1,11,-1,1,-1
201797GA70305,4,9,0,18,0,0,0,0,0,0,1,1,6,2,62,9,1598,2,3,-1,1,-1
201797GA70306,1,9,0,18,0,4,0,0,0,0,1,1,6,1,31,6,1596,1,5,-1,1,-1
201797GA70306,2,1,0,18,0,3,0,0,0,0,1,1,6,1,28,6,-1,-1,-1,-1,1,-1
201797GA70309,1,9,0,18,0,0,0,0,0,0,1,1,6,1,62,9,3628,2,10,-1,1,-1
201797GA70309,2,9,0,4,0,0,0,0,0,0,3,1,6,1,77,11,1597,2,3,-1,1,-1
201797GA70312,1,9,0,18,0,2,0,0,3,11,1,1,6,2,25,5,1318,1,1,-1,1,-1
201797GA70401,1,21,0,12,0,0,0,0,0,0,3,1,1,1,52,8,12777,2,4,-1,2,-1
201797GA70401,2,9,0,18,0,0,0,0,0,6,4,1,1,1,36,7,1968,2,5,-1,1,-1
201797GA70402,1,9,0,18,0,1,0,0,0,0,1,1,6,1,44,7,1896,2,7,-1,1,-1
201797GA70402,2,9,0,18,0,1,0,0,0,0,1,1,6,1,28,6,1197,1,6,-1,1,-1
201797GA70403,1,9,0,17,0,0,0,0,0,0,1,1,2,1,19,4,1197,1,5,-1,1,-1
201797GA70405,1,21,0,18,0,1,0,0,0,0,1,1,1,1,33,6,12740,2,5,-1,2,-1
201797GA70405,2,9,0,4,0,1,1,0,7,0,2,1,6,2,31,6,1296,1,11,-1,1,-1
201797GA70407,1,9,0,16,0,0,1,11,0,7,1,1,6,1,48,8,1389,1,13,-1,1,-1
201797GA70408,1,9,0,18,0,1,0,0,0,0,1,1,6,1,34,6,1598,1,4,-1,1,-1
201797GA70408,2,9,0,3,0,1,0,0,0,0,2,1,6,2,53,8,998,1,1,-1,1,-1
201797GA70411,1,19,4,18,0,0,0,0,0,0,1,1,2,1,21,5,1598,2,3,-1,3,-1
201797GA70411,2,9,0,18,0,0,0,0,0,0,2,1,6,1,39,7,1560,2,4,-1,1,-1
201797GA70411,3,9,0,18,0,0,0,0,0,0,2,1,2,1,37,7,1364,1,8,-1,-1,-1
201797GA70501,1,9,0,10,0,8,0,0,1,11,3,1,1,1,57,9,3200,2,6,-1,3,-1
201797GA70501,2,11,0,18,0,8,0,0,0,0,1,1,1,1,54,8,6871,2,9,-1,1,-1
201797GA70504,1,5,0,18,0,0,0,0,0,0,1,1,6,1,28,6,124,1,3,-1,1,-1
201797GA70504,2,9,0,2,0,0,0,0,0,0,3,1,6,3,-1,-1,1598,2,2,-1,-1,-1
201797GA70504,3,9,0,18,0,0,0,0,0,0,3,1,1,1,34,6,1968,2,4,-1,-1,-1
201797GA70507,1,9,0,18,0,0,0,0,0,0,1,1,1,2,49,8,1998,1,8,-1,1,-1
201797GA70507,2,9,0,18,0,0,0,0,0,0,2,1,6,2,52,8,1248,2,11,1,1,1
201797GA70509,1,3,0,18,0,8,0,0,0,0,1,1,2,1,27,6,125,1,4,-1,1,-1
201797GA70509,2,9,0,18,0,8,0,0,0,0,4,1,6,1,23,5,1590,1,12,-1,1,-1
201797GA70510,1,21,0,18,0,1,0,0,0,7,4,1,1,1,43,7,5900,2,10,-1,1,-1
201797GA70510,2,9,0,18,0,1,0,0,0,0,4,1,6,1,28,6,1560,2,3,-1,-1,-1
201797GA70511,1,9,0,18,0,0,0,0,0,0,1,1,6,2,29,6,1461,2,3,-1,1,-1
201797GA70511,2,9,0,4,0,0,0,0,0,0,2,1,6,2,39,7,1560,2,3,-1,1,-1
201797GA70511,3,9,0,4,0,0,0,0,0,0,2,1,6,1,38,7,-1,-1,-1,-1,1,-1
201797GA70601,1,9,0,17,0,0,0,0,0,0,1,1,2,1,41,7,1242,1,5,-1,1,-1
201797GA70604,1,19,0,9,0,6,0,0,0,0,4,1,1,2,38,7,1598,2,3,-1,1,-1
201797GA70604,2,19,0,18,0,8,0,0,0,0,3,1,1,1,38,7,2198,2,1,-1,-1,-1
201797GA70605,1,11,0,18,0,4,0,0,0,0,3,1,1,1,49,8,7300,2,11,-1,1,-1
201797GA70605,2,9,0,9,0,4,0,0,0,0,1,1,2,1,22,5,1461,2,2,-1,1,-1
201797GA70609,1,9,0,18,0,8,0,0,1,0,1,1,6,1,30,6,1198,1,14,-1,1,-1
201797GA70609,2,2,0,9,0,8,0,0,1,0,1,1,2,1,53,8,-1,-1,-1,-1,1,-1
201797GA70704,1,8,0,18,0,0,0,0,0,0,1,1,6,1,44,7,1598,2,4,-1,1,-1
201797GA70704,2,9,0,18,0,0,0,0,0,0,1,1,6,1,30,6,2902,2,11,-1,1,-1
201797GA70704,3,9,0,4,0,0,0,0,0,0,2,1,1,1,39,7,2191,2,3,-1,1,-1
201797GA70705,1,9,0,9,0,1,0,0,0,0,1,1,6,1,22,5,2261,1,7,-1,1,-1
201797GA70705,2,9,0,18,0,1,0,0,0,0,1,1,6,1,59,9,1796,1,11,-1,-1,-1
201797GA70802,1,9,0,18,0,4,0,0,0,0,3,1,6,3,-1,-1,-1,-1,-1,-1,-1,-1
201797GA70802,2,3,0,18,0,8,1,0,0,0,4,1,1,1,28,6,124,1,3,-1,1,-1
201797GA70804,1,9,0,18,0,0,0,0,0,0,1,1,6,1,58,9,1206,1,7,-1,1,-1
201797GA70804,2,9,0,18,0,0,0,0,0,0,1,1,6,1,22,5,1968,2,4,-1,1,-1
201797GA70807,1,9,0,5,0,0,0,0,0,0,1,1,6,1,83,11,1598,1,8,-1,1,-1
201797GA70807,2,9,0,3,0,0,0,0,0,0,2,1,6,2,52,8,1229,1,6,-1,1,-1
201797GA70810,1,9,0,4,0,0,0,0,0,0,1,1,6,1,25,5,-1,-1,-1,-1,1,-1
201797GA70810,2,9,0,4,0,0,0,0,0,0,1,1,6,1,57,9,1598,2,-1,-1,-1,-1
201797GA70810,3,9,0,4,0,0,0,0,0,0,2,1,6,2,39,7,1598,2,-1,3,1,3
201797GA70904,1,9,0,15,0,0,0,0,0,0,1,1,6,1,23,5,1229,1,4,-1,1,-1
201797GA70904,2,9,0,15,0,0,0,0,0,0,2,1,6,2,67,10,1396,1,3,-1,1,-1
201797GA70904,3,9,0,18,0,0,0,0,0,7,3,1,6,2,84,11,1248,1,4,-1,1,-1
201797GA70905,1,9,0,18,0,0,0,0,0,0,1,1,6,1,54,8,1598,2,2,-1,1,-1
201797GA70907,1,11,0,9,0,1,0,0,0,0,3,1,1,1,44,7,6370,2,12,-1,1,-1
201797GA70907,2,9,0,9,0,1,1,0,0,0,4,1,2,1,59,9,1598,2,2,-1,1,-1
201797GA70908,1,9,0,11,0,1,0,0,0,0,4,1,6,1,27,6,-1,-1,-1,-1,2,-1
201797GA70908,2,5,0,18,0,1,0,0,0,0,3,1,6,1,37,7,-1,-1,-1,-1,3,-1
201797GA70909,1,3,0,4,0,0,0,0,0,0,3,1,6,1,23,5,124,1,3,-1,1,-1
201797GA71007,1,9,0,18,0,0,0,0,0,6,3,1,2,1,28,6,996,1,7,-1,1,-1
201797GA71007,2,9,0,18,0,0,0,0,0,0,2,1,6,2,34,6,1997,2,4,-1,1,-1
201797GA71009,1,5,0,17,0,0,1,0,0,0,3,1,1,1,45,7,1170,1,5,-1,1,-1
201797GA71102,1,9,0,18,7,0,0,0,0,0,1,1,6,1,35,6,1968,2,4,-1,1,-1
201797GA71102,2,9,0,4,0,0,0,0,0,0,2,1,6,1,55,8,1398,1,11,-1,2,-1
201797GA71102,3,9,0,4,0,0,0,0,0,0,2,1,6,1,21,5,1198,1,6,-1,1,-1
201797GA71104,1,9,0,18,0,5,0,0,0,0,1,1,6,1,81,11,1686,2,6,3,1,3
201797GA71104,2,19,0,18,0,5,0,0,0,0,2,1,1,1,48,8,2148,2,7,-1,1,-1
201797GA71104,3,9,0,18,0,5,0,0,0,0,2,1,2,1,29,6,1998,1,4,-1,1,-1
201797GA71105,1,19,0,5,0,1,0,0,0,0,0,1,6,3,-1,-1,2198,2,4,-1,-1,-1
201797GA71105,2,11,0,5,0,1,0,0,0,0,0,1,1,2,39,7,7300,2,11,-1,1,-1
201797GA71202,1,21,0,18,0,1,0,0,0,0,1,1,1,1,66,10,9290,2,5,-1,3,-1
201797GA71202,2,9,0,4,0,1,0,0,0,0,2,1,6,1,17,4,1149,1,2,-1,1,-1
201797GA71202,3,9,0,4,0,1,0,0,0,0,2,1,6,1,49,8,1461,2,4,-1,1,-1
201797GA71302,1,9,0,13,0,1,1,0,0,0,1,1,6,1,69,10,1598,1,1,-1,3,-1
201797GA71304,1,9,0,18,0,1,0,0,0,0,1,1,2,2,22,5,998,1,11,-1,2,-1
201797GA71304,2,9,0,3,0,1,0,0,0,0,2,1,6,2,33,6,1586,1,1,-1,1,-1
201797GA71402,1,9,0,18,0,8,0,0,0,0,1,1,6,2,62,9,1242,1,3,-1,2,-1
201797GA71402,2,9,0,4,0,8,0,0,0,0,2,1,6,1,31,6,1086,1,12,-1,1,-1
201797GA71406,1,9,0,18,0,1,5,0,1,0,1,1,6,1,38,7,1896,2,15,-1,1,-1
201797GA71406,2,9,0,18,0,1,0,0,1,0,1,1,6,2,18,4,1229,1,7,-1,1,-1
201797GA71406,3,9,0,2,0,1,0,0,0,0,1,1,6,1,-1,-1,1461,2,3,-1,-1,-1
201797GA71507,1,9,0,17,0,7,1,0,0,6,1,1,6,1,33,6,1490,1,8,-1,1,-1
201797GA71607,1,9,0,18,0,0,0,0,0,0,1,1,6,1,40,7,1598,1,11,-1,2,-1
201797GA71607,2,8,0,18,0,0,0,0,0,0,2,1,6,1,42,7,1968,2,6,-1,1,-1
201797GA71907,1,19,0,4,0,2,0,0,0,0,1,1,1,1,25,5,2143,2,3,-1,3,-1
201797GA71907,2,19,0,4,0,2,0,0,0,0,2,1,1,1,29,6,2198,2,4,-1,1,-1
201797GC00103,1,9,0,18,0,4,0,0,0,2,1,1,2,1,26,6,1197,1,5,-1,1,-1
201797GC00104,1,9,0,9,0,5,0,0,0,0,4,1,6,1,83,11,1229,1,3,-1,1,-1
201797GC00104,2,1,0,18,0,8,0,0,0,0,1,1,6,1,50,8,-1,-1,-1,-1,1,-1
201797GC00105,1,9,0,18,0,0,0,0,0,0,1,1,6,2,56,9,1998,1,13,-1,1,-1
201797GC00106,1,9,0,5,0,2,0,0,0,0,3,1,6,1,52,8,1769,1,11,-1,1,-1
201797GC00106,2,9,0,18,0,1,0,0,0,0,1,1,6,1,70,10,1895,1,17,-1,1,-1
201797GC00202,1,9,0,5,0,2,0,0,0,0,1,1,6,1,92,11,1997,2,12,-1,2,-1
201797GC00205,1,9,0,9,0,5,0,0,0,0,1,1,6,2,64,9,1398,1,-1,-1,2,-1
201797GC00205,2,1,0,18,0,1,0,0,0,0,3,1,2,1,37,7,-1,-1,-1,-1,1,-1
201797GC00208,1,9,0,10,0,6,0,0,0,0,1,1,6,2,29,6,1242,1,2,5,2,5
201797GC00208,2,9,0,18,0,1,0,0,0,0,4,1,6,1,79,11,996,1,8,-1,1,-1
201797GC00210,1,9,0,9,0,5,0,0,0,0,4,1,6,2,62,9,1968,2,4,-1,1,-1
201797GC00210,2,3,0,18,0,1,0,0,0,0,1,1,2,1,23,5,125,1,4,-1,1,-1
201797GC00304,1,9,0,9,0,6,0,0,0,0,4,1,6,2,52,8,2191,2,5,-1,1,-1
201797GC00304,2,9,0,18,0,1,0,0,0,0,1,1,6,2,64,9,2720,2,9,-1,1,-1
201797GC00305,1,11,0,18,0,1,0,0,0,0,1,1,1,1,59,9,3900,2,15,-1,1,-1
201797GC00306,1,9,0,18,0,1,0,0,0,0,1,1,1,2,40,7,1560,2,4,-1,1,-1
201797GC00306,2,9,0,3,0,1,0,0,0,0,2,1,6,1,26,6,1896,2,12,-1,1,-1
201797GC00306,3,9,0,3,0,1,0,0,0,0,2,1,6,2,73,10,-1,-1,-1,-1,-1,-1
201797GC00308,1,9,0,18,0,2,0,0,0,0,2,1,6,1,79,11,1968,2,9,-1,2,-1
201797GC00308,2,1,0,18,0,2,0,0,0,0,1,1,6,2,35,6,-1,-1,-1,-1,1,-1
201797GC00310,1,9,0,18,0,0,0,0,0,0,2,1,1,1,59,9,1149,1,1,-1,1,-1
201797GC00310,2,9,0,2,0,0,0,0,0,0,1,1,6,1,38,7,1956,2,3,-1,1,-1
201797GC00401,1,9,0,4,0,1,0,0,0,0,1,1,6,1,42,7,1798,1,11,-1,1,-1
201797GC00401,2,9,0,4,0,1,0,0,0,0,2,1,6,2,36,7,1995,1,7,-1,1,-1
201797GC00402,1,9,0,18,0,6,0,11,0,0,1,1,6,2,71,10,1799,1,6,-1,1,-1
201797GC00403,1,9,0,16,0,2,1,0,1,11,1,1,2,2,23,5,998,1,9,-1,-1,-1
201797GC00404,1,9,0,4,0,1,0,0,0,0,1,1,6,1,38,7,1560,2,5,-1,1,-1
201797GC00404,2,9,0,3,0,1,0,0,0,0,2,1,6,1,29,6,1461,2,3,-1,1,-1
201797GC00405,1,9,0,3,0,0,0,0,0,0,1,1,2,2,22,5,1560,2,2,-1,1,-1
201797GC00405,2,9,0,3,0,0,0,0,0,0,2,1,2,1,24,5,998,1,4,-1,1,-1
201797GC00405,3,9,0,3,0,0,0,0,0,0,2,1,2,1,42,7,2993,2,7,-1,1,-1
201797GC00405,4,9,0,3,0,0,0,0,0,0,2,1,2,1,26,6,1248,2,4,-1,3,-1
201797GC00408,1,9,0,18,0,0,5,4,1,0,3,1,2,2,19,4,1242,1,2,-1,1,-1
201797GC00408,2,9,0,2,0,0,0,0,0,0,3,1,6,3,-1,-1,1390,1,6,-1,-1,-1
201797GC00409,1,9,0,4,0,3,0,0,0,0,2,1,6,1,28,6,1984,1,12,-1,1,-1
201797GC00409,2,9,0,4,0,3,0,0,0,0,0,1,6,2,49,8,1339,1,4,-1,1,-1
201797GC00410,1,9,0,9,0,6,0,0,0,0,3,1,3,1,53,8,1598,2,1,-1,1,-1
201797GC00501,1,9,0,7,0,1,0,0,0,0,1,1,6,1,89,11,1318,1,1,-1,1,-1
201797GC00501,2,1,0,18,4,1,2,0,0,0,3,1,6,1,50,8,-1,-1,-1,-1,1,-1
201797GC00503,1,9,0,18,0,0,0,0,0,1,1,1,6,1,89,11,1398,1,-1,-1,-1,-1
201797GC00503,2,9,0,18,0,0,0,0,0,0,1,1,6,2,49,8,1984,1,10,-1,1,-1
201797GC00503,3,9,0,18,0,0,0,0,0,0,1,1,6,1,36,7,1499,1,-1,-1,1,-1
201797GC00504,1,9,0,9,0,1,0,0,0,10,0,1,6,1,41,7,1984,1,17,-1,1,-1
201797GC00504,2,9,0,13,0,1,5,0,0,10,3,1,6,1,24,5,-1,-1,-1,-1,2,-1
201797GC00506,1,90,0,5,0,5,0,0,0,0,0,1,1,1,27,6,-1,-1,-1,-1,3,-1
201797GC00506,2,1,0,4,0,8,0,0,0,0,0,1,6,2,38,7,-1,-1,-1,-1,1,-1
201797GC00508,1,9,0,3,0,4,0,0,0,0,1,1,6,1,50,8,2993,2,4,-1,2,-1
201797GC00508,2,9,0,3,0,4,0,0,0,0,2,1,6,2,44,7,1595,1,9,-1,3,-1
201797GC00509,1,9,0,18,0,1,0,0,0,0,1,1,6,2,78,11,1339,1,3,-1,1,-1
201797GC00509,2,9,0,10,0,1,0,0,0,0,2,1,6,1,34,6,1995,2,3,-1,1,-1
201797GC00510,1,9,0,18,0,1,0,0,0,0,1,1,6,2,21,5,999,1,3,-1,1,-1
201797GC00510,2,9,0,10,0,1,0,0,0,0,2,1,6,1,51,8,2143,2,4,-1,1,-1
201797GC00603,1,9,0,18,0,3,0,0,0,0,4,1,6,1,56,9,1396,1,4,-1,1,-1
201797GC00603,2,9,0,18,0,4,0,0,0,0,3,1,6,1,26,6,1198,1,3,-1,2,-1
201797GC00605,1,9,0,5,0,0,0,0,0,0,0,1,6,2,47,8,1591,1,1,-1,1,-1
201797GC00606,1,9,0,18,0,0,0,0,0,0,1,1,6,2,48,8,1598,1,5,-1,1,-1
201797GC00608,1,9,0,16,0,1,1,0,7,4,1,1,6,2,54,8,1461,2,11,-1,3,-1
201797GC00608,2,21,0,18,0,1,0,0,0,0,0,1,1,1,49,8,11705,2,10,-1,-1,-1
201797GC00609,1,9,0,18,0,2,1,0,0,0,3,1,6,1,27,6,1390,1,10,-1,1,-1
201797GC00609,2,9,0,18,0,1,0,0,0,0,1,1,6,1,57,9,1598,2,-1,-1,-1,-1
201797GC00704,1,9,0,18,0,0,0,0,1,11,1,1,6,2,58,9,1242,1,4,-1,1,-1
201797GC00708,1,9,0,1,0,0,0,0,0,0,2,1,6,2,20,4,1197,1,2,-1,1,-1
201797GC00708,2,9,4,2,0,0,0,0,0,0,2,1,6,3,50,8,1998,1,12,-1,-1,-1
201797GC00802,1,1,0,18,0,1,0,0,0,0,1,1,1,2,30,6,-1,-1,-1,-1,1,-1
201797GC00802,2,9,0,9,0,1,0,0,0,0,1,1,6,3,-1,-1,-1,-1,-1,-1,-1,-1
201797GC00803,1,9,0,5,0,6,0,0,0,0,1,1,6,1,17,4,1400,1,11,-1,3,-1
201797GC00803,2,9,0,18,0,8,0,0,0,0,4,1,6,1,31,6,1242,1,7,-1,3,-1
201797GC00805,1,9,0,5,0,2,0,0,0,0,4,1,2,1,33,6,1368,1,12,-1,1,-1
201797GC00805,2,9,0,18,0,1,1,0,0,0,1,1,1,1,30,6,1598,2,2,-1,1,-1
201797GC00805,3,19,0,8,0,2,0,0,0,0,3,1,1,1,50,8,2143,2,4,-1,-1,-1
201797GC00808,1,4,0,16,0,0,1,0,0,0,1,1,6,1,48,8,124,1,15,3,1,3
201797GC00809,1,9,0,10,0,1,0,0,0,0,1,1,3,2,29,6,1995,2,5,-1,1,-1
201797GC00809,2,9,0,3,0,1,0,0,0,0,4,1,3,2,35,6,1598,2,3,-1,3,-1
201797GC00812,1,9,0,18,0,4,1,0,1,11,1,1,6,2,64,9,999,1,-1,-1,1,-1
201797GC00812,2,9,0,9,0,8,1,0,0,0,1,1,6,2,46,8,1149,1,3,-1,1,-1
201797GC00901,1,9,0,18,0,0,1,0,0,0,1,1,2,1,40,7,1399,2,13,-1,1,-1
201797GC00903,1,9,0,1,8,1,0,0,0,0,2,1,6,2,30,6,1995,1,4,-1,3,-1
201797GC00905,1,9,0,1,9,1,0,0,0,0,2,1,6,1,85,11,1995,2,2,-1,1,-1
201797GC00909,1,9,0,18,0,2,0,0,0,0,4,1,6,2,25,5,1198,1,3,-1,1,-1
201797GC00912,1,9,0,16,0,0,0,0,1,0,1,1,6,2,42,7,1461,2,1,-1,1,-1
201797GC00912,2,9,0,17,0,0,0,0,1,0,1,1,6,2,36,7,1198,1,2,-1,3,-1
201797GC01002,1,1,0,10,0,8,0,0,0,0,1,1,6,1,73,10,-1,-1,-1,-1,1,-1
201797GC01002,2,9,0,5,0,6,0,0,0,0,1,1,6,1,46,8,1686,2,5,-1,1,-1
201797GC01005,1,9,0,17,0,0,2,11,0,4,1,1,6,1,18,4,1248,1,1,-1,2,-1
201797GC01006,1,9,0,7,4,5,0,0,0,0,4,1,6,2,26,6,1984,1,17,-1,3,-1
201797GC01006,2,1,0,18,4,8,0,0,1,0,2,1,6,1,52,8,-1,-1,-1,-1,1,-1
201797GC01008,1,9,0,18,0,0,0,0,0,0,1,1,6,2,49,8,1248,1,6,-1,1,-1
201797GC01008,2,1,0,11,0,0,0,0,0,0,3,1,6,1,8,2,-1,-1,-1,-1,1,-1
201797GC01009,1,9,0,5,0,0,0,0,0,0,1,1,6,2,19,4,999,1,-1,-1,-1,-1
201797GC01009,2,9,0,4,0,0,0,0,0,0,2,1,6,1,76,11,1685,2,3,-1,1,-1
201797GC01101,1,9,0,5,0,3,0,0,0,0,3,1,1,2,56,9,1461,2,2,-1,1,-1
201797GC01101,2,9,0,18,0,8,0,0,0,0,1,1,1,2,24,5,1461,2,3,-1,1,-1
201797GC01103,1,9,0,17,0,0,1,0,1,4,1,1,6,1,68,10,1595,1,3,-1,2,-1
201797GC01107,1,9,0,9,0,2,0,0,0,0,1,1,6,2,76,11,998,1,6,-1,1,-1
201797GC01107,2,3,0,18,0,8,0,0,1,0,3,1,6,2,18,4,125,1,-1,-1,3,-1
201797GC01108,1,9,0,18,9,0,0,0,1,0,1,1,6,2,20,4,1242,1,13,-1,1,-1
201797GC01112,1,8,0,18,0,2,0,0,0,0,1,1,1,1,44,7,1461,2,1,-1,1,-1
201797GC01201,1,9,0,18,0,0,0,0,0,0,4,1,6,2,82,11,1198,1,6,-1,1,-1
201797GC01207,1,3,0,4,0,0,0,0,0,0,2,1,6,1,20,4,124,1,2,-1,1,-1
201797GC01207,2,9,0,3,0,0,0,0,0,0,1,1,6,1,54,8,1461,2,2,-1,1,-1