Accident_Index,Vehicle_Reference,Vehicle_Type,Towing_and_Articulation,Vehicle_Manoeuvre,Vehicle_Location-Restricted_Lane,Junction_Location,Skidding_and_Overturning,Hit_Object_in_Carriageway,Vehicle_Leaving_Carriageway,Hit_Object_off_Carriageway,1st_Point_of_Impact,Was_Vehicle_Left_Hand_Drive?,Journey_Purpose_of_Driver,Sex_of_Driver,Age_of_Driver,Age_Band_of_Driver,Engine_Capacity_(CC),Propulsion_Code,Age_of_Vehicle,Driver_IMD_Decile,Driver_Home_Area_Type,Vehicle_IMD_Decile
201797GC01210,1,9,0,18,0,0,0,0,0,0,1,1,6,1,34,6,1956,2,4,-1,2,-1
201797GC01212,1,9,0,18,0,0,0,0,0,0,1,1,6,2,25,5,1229,1,-1,-1,1,-1
201797GC01212,2,9,0,2,0,0,0,0,0,0,2,1,6,3,-1,-1,1461,2,3,-1,-1,-1
201797GC01301,1,9,0,17,0,0,5,0,1,10,3,1,6,1,24,5,1499,2,1,-1,1,-1
201797GC01301,2,9,0,16,0,0,0,0,0,0,3,1,6,1,23,5,1598,2,2,-1,1,-1
201797GC01302,1,9,0,18,0,1,1,0,0,0,1,1,2,1,66,10,1498,1,-1,-1,1,-1
201797GC01302,2,9,0,18,0,1,1,0,0,0,1,1,3,2,46,8,1598,2,3,-1,1,-1
201797GC01303,1,9,0,7,0,1,0,0,0,0,3,1,2,2,26,6,1598,2,3,-1,1,-1
201797GC01303,2,9,0,18,0,1,0,0,0,0,4,1,6,2,81,11,1339,1,4,-1,-1,-1
201797GC01308,1,3,0,14,0,0,1,0,0,0,1,1,1,1,22,5,124,1,-1,-1,1,-1
201797GC01308,2,9,0,4,0,0,0,0,0,0,1,1,1,1,53,8,1685,2,3,-1,1,-1
201797GC01407,1,9,0,9,0,1,0,0,0,0,1,1,6,1,17,4,1398,1,1,-1,3,-1
201797GC01407,2,9,0,18,0,1,0,0,0,0,1,1,6,1,22,5,1398,1,3,-1,1,-1
201797GC01411,1,9,0,18,0,8,0,0,0,0,1,1,6,2,-1,-1,998,1,10,-1,-1,-1
201797GC01411,2,9,0,18,0,8,0,0,0,0,4,1,6,2,50,8,2993,2,2,-1,1,-1
201797GC01501,1,9,0,2,0,0,0,0,7,11,2,1,6,1,42,7,2188,2,10,-1,-1,-1
201797GC01503,1,9,0,18,0,1,0,0,0,0,1,1,6,2,29,6,1388,1,8,-1,2,-1
201797GC01503,2,9,0,9,0,1,0,0,0,0,2,1,6,2,70,10,1242,1,10,-1,2,-1
201797GC01601,1,9,0,18,0,4,0,0,0,0,3,1,6,1,-1,-1,1198,1,3,-1,1,-1
201797GC01601,2,9,0,5,0,3,0,0,0,0,1,1,6,1,29,6,1896,2,14,-1,1,-1
201797GC01603,1,9,0,18,0,1,0,0,2,7,1,1,2,1,43,7,2143,2,1,-1,-1,-1
201797GC01607,1,9,0,4,0,0,2,0,1,1,1,1,6,1,92,11,1149,1,4,-1,1,-1
201797GC01712,1,9,0,15,0,0,0,4,0,0,1,1,6,1,85,11,-1,-1,-1,-1,1,-1
201797GC01712,2,9,0,2,0,0,0,0,0,0,2,1,6,3,-1,-1,1956,2,4,-1,-1,-1
201797GC01810,1,9,0,2,0,0,0,0,0,0,0,1,6,2,27,6,1969,2,2,-1,1,-1
201797GC01810,2,1,0,14,0,0,5,0,0,0,1,1,6,1,40,7,-1,-1,-1,-1,1,-1
201797GC01812,1,9,0,18,0,1,0,0,0,0,4,1,6,2,79,11,998,1,7,-1,1,-1
201797GC01812,2,9,0,2,0,1,0,0,0,0,3,1,6,3,-1,-1,1969,2,1,-1,-1,-1
201797GC01907,1,9,0,9,0,6,0,0,0,0,3,1,6,2,23,5,1598,2,2,-1,1,-1
201797GC01907,2,9,0,18,0,1,0,0,0,0,3,1,3,1,42,7,1598,2,4,-1,1,-1
201797GC01910,1,9,0,1,0,0,0,0,0,0,2,1,6,3,-1,-1,-1,-1,-1,-1,-1,-1
201797GC01910,2,9,0,14,0,0,0,0,0,0,4,1,6,2,28,6,1149,1,5,-1,1,-1
201797GC02007,1,9,0,17,0,1,0,0,0,0,1,1,6,1,30,6,3982,1,-1,-1,1,-1
201797GC02007,2,5,0,16,0,1,0,0,0,0,0,1,6,1,21,5,599,1,5,-1,1,-1
201797GC02012,1,9,0,18,0,1,1,10,2,11,4,1,6,2,65,9,1339,1,4,-1,1,-1
201797GC02111,1,9,0,4,0,5,0,0,0,0,3,1,6,2,23,5,1364,1,4,-1,1,-1
201797GC02111,2,9,0,18,0,1,0,0,0,0,3,1,1,1,64,9,1461,2,1,-1,1,-1
201797GC02112,1,11,0,18,0,0,0,0,0,0,0,1,1,1,48,8,9000,2,4,-1,-1,-1
201797GC02112,2,9,0,4,0,0,0,0,0,0,0,1,6,3,-1,-1,-1,-1,-1,-1,-1,-1
201797GC70102,1,9,0,13,0,0,2,0,1,7,1,1,6,1,34,6,3800,1,-1,-1,1,-1
201797GC70104,1,3,0,16,0,0,1,0,0,0,4,1,6,1,60,9,125,1,1,-1,1,-1
201797GC70107,1,9,0,18,0,0,0,0,0,0,1,1,6,2,35,6,1597,1,9,-1,-1,-1
201797GC70107,2,9,0,18,0,0,0,0,0,0,1,1,6,1,68,10,1995,2,11,-1,1,-1
201797GC70108,1,21,0,1,0,1,0,0,0,0,2,1,6,1,55,8,-1,-1,-1,-1,3,-1
201797GC70110,1,9,0,18,0,0,0,0,0,0,1,1,6,1,29,6,1398,1,2,-1,1,-1
201797GC70110,2,9,0,18,0,0,0,0,0,0,2,1,6,2,41,7,1598,2,1,-1,3,-1
201797GC70112,1,9,0,18,0,0,0,0,0,0,1,1,6,1,62,9,1598,2,5,-1,2,-1
201797GC70205,1,9,0,13,0,1,0,0,1,11,1,1,6,1,53,8,1896,2,14,-1,3,-1
201797GC70205,2,19,0,9,0,8,0,0,0,0,3,1,1,1,43,7,2461,2,16,-1,3,-1
201797GC70207,1,4,0,16,0,3,2,0,4,0,4,1,6,1,58,9,471,1,2,-1,1,-1
201797GC70212,1,9,0,18,0,0,0,0,0,0,1,1,6,2,59,9,1388,1,2,-1,-1,-1
201797GC70212,2,9,0,4,0,0,0,0,0,0,2,1,6,2,25,5,1596,1,6,-1,1,-1
201797GC70212,3,9,0,4,0,0,0,0,0,0,2,1,6,2,25,5,1398,2,13,-1,2,-1
201797GC70301,1,19,0,18,0,0,0,0,0,0,1,1,1,1,30,6,1560,2,2,-1,-1,-1
201797GC70301,2,21,1,2,0,0,0,0,0,0,2,1,1,1,63,9,12900,2,7,-1,1,-1
201797GC70304,1,9,0,9,0,8,0,0,0,0,3,1,6,1,52,8,1591,1,9,-1,1,-1
201797GC70304,2,9,0,17,0,8,0,0,0,0,1,1,6,2,61,9,1242,1,10,-1,3,-1
201797GC70305,1,9,0,18,0,0,0,0,0,0,1,1,6,2,73,10,1149,1,9,-1,1,-1
201797GC70305,2,90,0,18,0,0,0,0,0,0,1,1,1,1,60,9,-1,-1,-1,-1,1,-1
201797GC70311,1,9,0,10,0,6,0,0,0,0,1,1,6,2,46,8,1499,2,1,-1,1,-1
201797GC70311,2,9,0,18,0,1,0,0,0,0,1,1,6,1,70,10,998,1,-1,-1,1,-1
201797GC70411,1,9,0,9,0,8,0,0,0,0,1,1,1,1,42,7,-1,-1,-1,5,1,5
201797GC70411,2,9,0,18,0,8,0,0,0,0,1,1,6,1,70,10,1398,1,1,-1,3,-1
201797GC70512,1,9,0,4,0,1,0,0,1,0,1,1,6,2,72,10,1200,1,1,-1,1,-1
201797GC70512,2,9,0,9,0,1,0,0,0,0,2,1,6,2,18,4,1582,2,5,-1,1,-1
201797GCA0412,1,9,0,14,0,1,0,0,7,11,1,1,1,1,26,6,1560,2,-1,-1,1,-1
201797GCA0412,2,9,0,9,0,1,0,0,0,0,1,1,1,1,64,9,1560,2,3,-1,1,-1
201797GD00101,1,9,0,18,0,0,0,0,0,0,1,1,6,2,31,6,1396,1,15,-1,1,-1
201797GD00102,1,9,0,18,0,0,0,0,0,0,1,1,2,2,53,8,1598,2,1,-1,1,-1
201797GD00103,1,9,0,18,0,1,0,0,0,0,1,1,6,3,33,6,1968,2,9,-1,1,-1
201797GD00103,2,9,0,8,0,1,0,0,0,0,2,1,1,1,39,7,1496,2,1,3,1,3
201797GD00103,3,9,0,18,0,1,0,0,0,0,1,1,1,1,29,6,1896,2,8,-1,1,-1
201797GD00104,1,9,0,18,0,0,0,0,0,0,1,1,6,1,69,10,1197,1,1,-1,1,-1
201797GD00104,2,9,0,2,0,0,0,0,0,0,2,1,6,1,24,5,1598,1,10,-1,1,-1
201797GD00110,1,1,0,7,0,3,0,0,0,0,1,1,2,2,34,6,-1,-1,-1,-1,1,-1
201797GD00110,2,9,0,7,0,3,0,0,0,0,2,1,2,1,60,9,1995,2,1,-1,1,-1
201797GD00112,1,9,0,18,0,1,0,0,0,0,1,1,2,1,36,7,2993,2,10,-1,1,-1
201797GD00112,2,2,0,4,0,1,0,0,0,0,2,1,2,1,41,7,125,1,1,-1,1,-1
201797GD00201,1,9,0,4,0,0,0,11,0,0,4,1,6,1,85,11,1389,1,22,-1,1,-1
201797GD00202,1,9,0,18,0,0,1,0,1,11,1,1,6,1,19,4,1124,1,17,-1,1,-1
201797GD00202,2,9,0,2,0,0,0,0,0,0,2,1,6,3,-1,-1,1598,1,6,-1,-1,-1
201797GD00202,3,9,0,2,0,0,0,0,0,0,4,1,6,3,-1,-1,1198,1,4,-1,-1,-1
201797GD00202,4,9,0,2,0,0,0,0,0,0,1,1,6,3,-1,-1,1289,1,17,-1,-1,-1
201797GD00202,5,9,0,2,0,0,0,0,0,0,2,1,6,3,-1,-1,1984,1,3,-1,-1,-1
201797GD00203,1,9,0,18,0,8,0,0,0,0,1,1,2,1,37,7,-1,-1,-1,-1,1,-1
201797GD00203,2,9,0,18,0,8,0,0,0,0,4,1,1,2,50,8,1560,2,1,-1,-1,-1
201797GD00205,1,9,0,1,0,0,0,0,0,0,2,1,2,1,25,5,1984,1,9,-1,1,-1
201797GD00205,2,9,0,2,0,0,0,0,0,0,0,1,6,2,42,7,1968,2,9,-1,1,-1
201797GD00208,1,1,0,18,0,1,0,0,0,0,1,1,6,1,8,2,-1,-1,-1,-1,1,-1
201797GD00208,2,9,0,18,0,1,0,0,0,0,1,1,2,1,30,6,1461,2,4,-1,1,-1
201797GD00209,1,1,0,18,0,8,5,0,0,0,3,1,2,1,25,5,-1,-1,-1,-1,1,-1
201797GD00209,2,5,0,15,0,8,5,0,0,0,1,1,6,1,53,8,900,1,-1,-1,1,-1
201797GD00212,1,1,0,18,0,5,0,0,0,0,4,1,6,1,60,9,-1,-1,-1,-1,1,-1
201797GD00212,2,9,0,4,0,1,0,0,0,0,1,1,1,1,27,6,1968,2,14,-1,1,-1
201797GD00301,1,9,0,5,0,1,0,0,0,0,4,1,6,2,38,7,1461,2,4,-1,3,-1
201797GD00301,2,8,0,18,0,8,0,0,0,0,3,1,1,1,30,6,1598,2,5,-1,1,-1
201797GD00303,1,9,0,9,0,8,0,0,0,0,3,1,1,1,40,7,-1,-1,-1,-1,1,-1
201797GD00308,1,9,0,18,0,0,0,4,0,0,3,1,6,1,43,7,1390,1,10,-1,1,-1
201797GD00308,2,9,0,2,0,0,0,0,0,0,4,1,6,3,-1,-1,1598,1,12,-1,-1,-1
201797GD00308,3,9,0,2,0,0,0,0,0,0,1,1,6,3,-1,-1,1596,1,2,-1,-1,-1
201797GD00308,4,9,0,2,0,0,0,0,0,0,3,1,6,3,-1,-1,1598,2,2,-1,-1,-1
201797GD00309,1,9,0,5,0,0,0,0,0,0,1,1,1,2,37,7,1584,1,9,-1,1,-1
201797GD00309,2,9,0,3,0,0,0,0,0,0,2,1,1,1,71,10,1598,1,4,-1,1,-1
201797GD00401,1,90,0,18,0,0,1,0,1,11,1,1,6,2,61,9,-1,-1,-1,-1,1,-1
201797GD00405,1,9,0,18,0,1,0,0,0,0,1,1,6,2,-1,-1,1595,1,5,-1,1,-1
201797GD00405,2,9,0,10,0,1,0,0,0,0,2,1,6,1,23,5,2143,2,3,-1,1,-1
201797GD00406,1,9,0,18,0,1,0,0,0,0,1,1,6,1,70,10,1596,1,2,-1,1,-1
201797GD00406,2,9,0,18,0,1,0,0,0,0,3,1,6,1,45,7,1998,2,12,-1,1,-1
201797GD00407,1,9,0,18,0,8,0,0,0,0,1,1,6,3,-1,-1,-1,-1,-1,-1,-1,-1
201797GD00408,1,9,0,5,0,0,0,0,0,0,1,1,6,1,32,6,1497,8,6,-1,1,-1
201797GD00410,1,9,0,18,0,1,0,0,0,0,1,1,6,1,77,11,1560,2,6,-1,1,-1
201797GD00410,2,9,0,18,0,1,0,0,0,0,1,1,6,1,77,11,-1,-1,-1,-1,1,-1
201797GD00411,1,9,0,6,0,0,0,0,0,0,1,1,6,1,62,9,998,1,1,-1,1,-1
201797GD00411,2,5,0,18,0,0,0,0,0,0,3,1,1,1,22,5,750,1,18,-1,1,-1
201797GD00501,1,9,0,9,0,1,0,0,0,0,1,1,2,1,24,5,1598,1,9,-1,1,-1
201797GD00501,2,9,0,18,0,1,0,0,0,0,1,1,2,1,56,9,-1,-1,-1,-1,1,-1
201797GD00502,1,9,0,7,0,1,0,0,0,0,1,1,6,1,36,7,1398,1,10,-1,1,-1
201797GD00504,1,9,0,5,0,0,0,0,0,0,3,1,6,1,35,6,2143,2,4,-1,1,-1
201797GD00504,2,9,0,5,0,0,0,0,0,0,1,1,6,1,39,7,1968,2,8,-1,1,-1
201797GD00507,1,9,0,6,0,1,0,0,0,0,1,1,6,1,31,6,3189,1,10,-1,1,-1
201797GD00507,2,8,0,18,0,1,0,0,0,0,3,1,6,1,24,5,1598,2,4,-1,1,-1
201797GD00508,1,9,0,4,0,2,0,0,0,0,1,1,6,3,-1,-1,1995,2,6,-1,-1,-1
201797GD00508,2,9,0,4,0,2,0,0,0,0,2,1,1,1,42,7,1598,2,7,-1,1,-1
201797GD00512,1,9,0,18,0,1,0,0,0,0,4,1,6,1,-1,-1,1798,1,1,-1,1,-1
201797GD00512,2,1,0,18,0,2,0,0,0,0,1,1,1,1,34,6,-1,-1,-1,-1,1,-1
201797GD00601,1,19,0,9,0,1,0,0,0,0,0,1,2,1,54,8,2299,2,6,-1,1,-1
201797GD00605,1,9,0,18,0,2,0,0,0,0,1,1,6,1,47,8,1596,1,2,-1,1,-1
201797GD00605,2,9,0,3,0,2,0,0,0,0,2,1,6,2,41,7,1398,1,4,-1,1,-1
201797GD00608,1,3,0,4,0,1,0,0,0,0,1,1,6,1,24,5,108,1,3,-1,1,-1
201797GD00608,2,9,0,4,0,1,0,0,0,0,2,1,6,1,26,6,1229,1,11,-1,2,-1
201797GD00611,1,9,0,16,0,0,0,0,1,4,1,1,6,2,61,9,1248,2,-1,-1,1,-1
201797GD00703,1,9,0,9,0,8,0,0,0,0,1,1,6,1,22,5,1984,1,7,-1,1,-1
201797GD00703,2,9,0,17,0,1,0,0,2,10,3,1,2,2,26,6,1390,1,15,-1,1,-1
201797GD00705,1,9,0,5,0,1,0,0,0,0,1,1,6,1,36,7,2148,2,13,-1,1,-1
201797GD00705,2,9,0,18,0,1,0,0,0,0,3,1,6,1,34,6,-1,-1,-1,-1,1,-1
201797GD00706,1,9,0,18,0,0,0,0,0,0,1,1,6,2,33,6,1248,1,6,-1,1,-1
201797GD00711,1,9,0,18,0,4,0,0,0,0,0,1,6,3,-1,-1,-1,-1,-1,-1,-1,-1
201797GD00711,2,3,0,18,0,3,0,0,0,0,0,1,6,1,18,4,-1,-1,-1,-1,-1,-1
201797GD00712,1,9,0,18,0,1,1,4,0,0,4,1,2,1,74,10,999,1,1,-1,1,-1
201797GD00712,2,9,0,2,0,1,0,0,0,0,3,1,2,1,37,7,1995,2,3,-1,1,-1
201797GD00801,1,9,0,1,0,0,0,0,0,0,3,1,6,1,-1,-1,-1,-1,-1,-1,-1,-1
201797GD00802,1,9,0,18,0,6,0,0,0,0,3,1,6,1,21,5,1461,2,5,-1,1,-1
201797GD00802,2,9,0,18,0,6,0,0,0,0,1,1,6,2,22,5,998,1,1,-1,1,-1
201797GD00803,1,9,0,9,0,3,0,0,7,11,1,1,6,3,-1,-1,-1,-1,-1,-1,-1,-1
201797GD00804,1,9,0,18,0,8,0,0,0,0,2,1,6,3,-1,-1,-1,-1,-1,-1,-1,-1
201797GD00804,2,1,0,18,0,8,0,0,0,0,1,1,2,2,38,7,-1,-1,-1,-1,1,-1
201797GD00805,1,9,0,4,0,0,0,0,0,0,4,1,6,2,46,8,1995,2,2,-1,1,-1
201797GD00806,1,9,0,1,0,1,0,0,0,0,2,1,6,2,66,10,1597,2,2,-1,1,-1
201797GD00904,1,9,0,18,0,0,0,0,0,0,4,1,6,3,-1,-1,1242,1,2,-1,-1,-1
201797GD00906,1,9,0,18,0,2,0,0,0,0,3,1,6,1,38,7,1598,1,15,-1,1,-1
201797GD00909,1,8,0,9,0,8,0,0,0,10,1,1,1,1,45,7,1968,2,4,-1,-1,-1
201797GD00909,2,9,0,2,0,1,0,0,0,0,0,1,6,2,21,5,2987,2,11,-1,3,-1
201797GD00911,1,9,0,18,0,0,0,0,0,0,3,1,6,2,64,9,1499,2,1,-1,1,-1
201797GD01001,1,9,0,18,0,0,0,0,0,0,1,1,6,2,26,6,1197,1,1,-1,1,-1
201797GD01008,1,9,0,18,0,0,1,0,1,10,1,1,2,2,53,8,1332,1,7,-1,1,-1
201797GD01009,1,9,0,9,0,8,0,0,0,0,3,1,6,1,30,6,1968,2,6,-1,1,-1
201797GD01009,2,9,0,18,0,8,0,0,0,0,1,1,6,1,47,8,1995,2,8,-1,1,-1
201797GD01011,1,9,0,18,0,1,0,0,0,0,1,1,6,1,52,8,1685,2,4,-1,1,-1
201797GD01011,2,9,0,18,0,1,0,0,0,0,2,1,6,2,27,6,1598,1,11,-1,1,-1
201797GD01103,1,8,0,4,0,0,1,0,0,0,1,1,2,1,46,8,1685,2,4,-1,1,-1
201797GD01103,2,9,0,3,0,0,0,0,0,0,2,1,2,2,27,6,1149,1,10,-1,2,-1
201797GD01108,1,9,0,9,0,6,0,0,0,0,1,1,2,2,29,6,1248,1,4,-1,1,-1
201797GD01109,1,8,0,4,0,1,0,0,0,0,1,1,1,1,48,8,1598,2,2,-1,1,-1
201797GD01109,2,9,0,3,0,1,0,0,0,0,2,1,1,1,29,6,-1,-1,-1,-1,1,-1
201797GD01110,1,9,0,18,0,0,0,0,0,0,1,1,6,1,45,7,1598,1,13,-1,1,-1
201797GD01112,1,9,0,18,0,1,0,0,0,0,1,1,6,1,63,9,1248,1,6,-1,1,-1
201797GD01112,2,9,0,3,0,1,0,0,0,0,2,1,6,1,36,7,1229,1,6,-1,1,-1
201797GD01201,1,9,0,17,0,2,0,0,0,0,1,1,6,1,56,9,1386,1,9,-1,1,-1
201797GD01204,1,9,0,1,0,0,0,0,0,0,2,1,6,1,85,11,1242,1,12,-1,-1,-1
201797GD01208,1,9,0,18,0,8,0,0,0,0,3,1,6,1,25,5,1246,1,12,-1,1,-1
201797GD01208,2,1,0,18,0,8,0,0,0,0,1,1,6,1,25,5,-1,-1,-1,-1,1,-1
201797GD01210,1,9,0,9,0,8,0,0,0,0,4,1,6,1,43,7,1461,2,1,-1,1,-1
201797GD01210,2,1,0,18,0,8,0,0,0,0,1,1,6,1,55,8,-1,-1,-1,-1,1,-1
201797GD01302,1,9,0,18,0,1,0,0,0,0,1,1,2,2,52,8,998,1,4,-1,1,-1
201797GD01309,1,9,0,18,0,0,0,0,0,0,1,1,6,1,29,6,1200,1,2,-1,1,-1
201797GD01311,1,9,0,5,0,1,0,0,0,0,1,1,6,1,-1,-1,2698,2,10,-1,-1,-1
201797GD01311,2,9,0,2,0,1,0,0,0,0,2,1,6,1,74,10,1200,1,-1,-1,1,-1
201797GD01402,1,9,0,18,0,0,0,0,0,0,1,1,2,2,24,5,1149,1,3,-1,1,-1
201797GD01402,2,9,0,2,0,0,0,0,0,0,2,1,6,2,50,8,-1,-1,-1,-1,-1,-1
201797GD01402,3,9,0,2,0,0,0,0,0,0,2,1,6,3,-1,-1,1490,1,11,-1,-1,-1
201797GD01403,1,9,0,18,0,4,0,0,0,0,1,1,6,1,32,6,1598,1,11,-1,1,-1
201797GD01403,2,11,0,9,0,3,0,0,0,0,2,1,6,1,41,7,9360,2,9,-1,1,-1
201797GD01404,1,9,0,13,0,0,0,0,0,0,3,1,6,3,-1,-1,1198,1,2,-1,1,-1
201797GD01404,2,1,0,18,0,0,0,0,0,0,3,1,2,1,41,7,-1,-1,-1,-1,1,-1
201797GD01410,1,9,0,9,0,8,0,0,0,0,0,1,6,2,60,9,1716,2,16,-1,1,-1
201797GD01410,2,9,0,18,0,6,1,0,1,7,1,1,6,1,28,6,1598,2,3,-1,1,-1
201797GD01411,1,19,0,1,0,0,0,0,0,0,2,1,1,2,53,8,1248,2,4,-1,1,-1
201797GD01412,1,9,0,10,0,6,0,0,0,0,1,1,6,1,20,4,1242,1,4,-1,1,-1
201797GD01412,2,9,0,18,0,2,0,0,0,0,3,1,2,1,21,5,-1,-1,-1,-1,1,-1
201797GD01502,1,9,0,10,0,4,0,0,0,0,3,1,6,1,46,8,1994,2,14,-1,1,-1
201797GD01502,2,11,0,18,0,3,0,0,0,0,2,1,1,1,30,6,9360,2,8,-1,-1,-1
201797GD01503,1,19,4,7,0,1,0,0,0,0,4,1,1,1,54,8,2198,2,2,-1,1,-1
201797GD01503,2,11,0,18,0,1,0,0,0,0,3,1,1,1,29,6,7300,2,10,-1,1,-1
201797GD01509,1,8,0,18,0,1,0,0,0,0,1,1,6,3,-1,-1,-1,-1,-1,-1,-1,-1
201797GD01509,2,9,0,7,0,7,0,0,0,0,2,1,6,1,40,7,1598,1,9,-1,1,-1
201797GD01510,1,9,0,9,0,8,0,0,0,0,1,1,6,1,24,5,1968,2,9,-1,1,-1
201797GD01510,2,9,0,18,0,8,0,0,0,0,1,1,6,2,45,7,1496,2,2,-1,1,-1
201797GD01512,1,9,0,5,0,6,0,0,0,0,2,1,6,2,25,5,1900,2,13,-1,1,-1
201797GD01512,2,8,0,18,0,2,0,0,0,0,1,1,1,1,50,8,-1,-1,-1,-1,1,-1
201797GD01601,1,9,0,18,0,1,0,0,0,0,1,1,6,1,47,8,1560,2,2,-1,1,-1
201797GD01601,2,9,0,10,0,7,0,0,0,0,3,1,2,2,56,9,1086,1,11,-1,1,-1
201797GD01604,1,9,0,18,0,8,0,0,0,0,1,1,2,1,29,6,1596,1,12,-1,1,-1
201797GD01604,2,9,0,18,0,8,0,0,0,0,1,1,1,1,38,7,1968,2,3,-1,1,-1
201797GD01607,1,9,0,18,0,0,0,0,0,0,1,1,2,2,50,8,1248,1,4,-1,1,-1
201797GD01608,1,9,0,9,0,1,0,0,0,0,1,1,6,1,64,9,2792,1,8,-1,1,-1
201797GD01608,2,1,0,16,0,1,0,0,0,0,1,1,6,1,20,4,-1,-1,-1,-1,1,-1
201797GD01609,1,8,0,18,2,1,0,0,0,0,4,1,1,1,42,7,2143,2,3,-1,1,-1
201797GD01609,2,8,0,9,2,5,0,0,0,0,4,1,1,1,62,9,1598,2,5,-1,1,-1
201797GD01610,1,9,0,3,0,2,0,0,0,0,3,1,6,1,-1,-1,2993,2,2,-1,1,-1
201797GD01610,2,1,0,3,0,2,0,0,0,0,4,1,6,1,48,8,-1,-1,-1,-1,1,-1
201797GD01611,1,9,0,1,0,0,0,0,0,0,2,1,6,3,-1,-1,-1,-1,-1,-1,-1,-1
201797GD01612,1,9,0,4,0,1,1,0,0,0,1,1,1,2,20,4,1242,1,1,-1,1,-1
201797GD01612,2,9,0,3,0,1,0,0,0,0,2,1,1,2,32,6,1200,1,-1,-1,1,-1
201797GD01701,1,9,0,18,0,0,0,0,7,2,4,1,6,1,24,5,1995,2,10,-1,1,-1
201797GD01701,2,8,0,6,0,0,0,0,0,0,3,1,1,1,52,8,1598,2,6,-1,1,-1
201797GD01703,1,9,0,4,9,1,0,0,0,0,1,1,2,1,40,7,1995,2,4,-1,-1,-1
201797GD01703,2,19,0,4,0,1,0,0,0,0,2,1,1,1,22,5,2402,2,6,-1,1,-1
201797GD01710,1,9,0,5,0,0,0,0,0,0,1,1,1,1,35,6,1461,2,-1,-1,1,-1
201797GD01711,1,9,0,11,0,1,0,0,0,0,1,1,6,1,19,4,1496,2,-1,-1,1,-1
201797GD01711,2,9,0,4,0,1,0,0,0,0,2,1,6,2,38,7,1560,2,6,-1,1,-1
201797GD01801,1,9,0,18,0,0,0,0,0,0,1,1,6,1,45,7,1896,2,10,-1,1,-1
201797GD01803,1,9,0,18,0,1,0,0,0,0,1,1,1,1,56,9,1995,2,5,-1,1,-1
201797GD01803,2,9,0,18,0,1,0,0,0,0,1,1,1,1,43,7,1968,2,5,-1,1,-1
201797GD01806,1,9,0,18,0,0,0,0,0,0,1,1,6,1,32,6,-1,-1,-1,-1,1,-1
201797GD01809,1,9,0,2,0,0,0,0,0,0,3,1,2,1,28,6,1796,1,9,-1,1,-1
201797GD01809,2,1,0,14,0,0,0,4,0,0,1,1,6,1,43,7,-1,-1,-1,-1,1,-1
201797GD01810,1,9,0,9,0,2,0,0,0,0,3,1,6,2,26,6,1242,1,8,-1,-1,-1
201797GD01810,2,11,0,7,0,2,0,0,0,0,4,1,1,1,31,6,9360,2,10,-1,1,-1
201797GD01812,1,9,0,2,0,2,0,0,0,0,3,1,6,1,35,6,1598,2,2,-1,1,-1
201797GD01812,2,1,0,18,0,2,0,8,0,0,1,1,1,1,53,8,-1,-1,-1,-1,-1,-1
201797GD01901,1,9,0,18,0,8,0,0,0,0,4,1,6,2,-1,-1,-1,-1,-1,-1,-1,-1
201797GD01901,2,1,0,18,0,8,0,0,0,0,1,1,6,2,32,6,-1,-1,-1,-1,1,-1
201797GD01910,1,9,0,18,0,0,0,0,0,0,1,1,6,1,18,4,1398,2,12,-1,1,-1
201797GD01910,2,1,0,18,0,0,0,0,0,0,1,1,6,1,33,6,-1,-1,-1,-1,1,-1
201797GD01911,1,9,0,9,0,8,0,0,0,0,1,1,2,1,53,8,1390,1,5,-1,1,-1
201797GD01911,2,3,0,18,0,8,0,0,0,0,1,1,2,1,30,6,599,1,17,-1,1,-1
201797GD01912,1,9,0,18,0,8,0,0,0,0,1,1,1,1,31,6,1560,2,-1,-1,1,-1
201797GD01912,2,9,0,18,0,8,0,0,0,2,4,1,6,1,85,11,1598,1,10,-1,1,-1
201797GD02001,1,9,0,18,0,0,0,0,0,0,1,1,6,1,31,6,1598,2,1,-1,1,-1
201797GD02001,2,9,0,2,0,0,0,0,0,0,1,1,6,3,-1,-1,1968,2,6,-1,-1,-1
201797GD02001,3,9,0,2,0,0,0,0,0,0,1,1,6,3,-1,-1,1248,2,8,-1,-1,-1
201797GD02001,4,9,0,2,0,0,0,0,0,0,1,1,6,3,-1,-1,-1,-1,-1,-1,-1,-1
201797GD02001,5,9,0,2,0,0,0,0,0,0,2,1,6,3,-1,-1,1248,2,3,-1,-1,-1
201797GD02005,1,9,0,16,0,0,0,0,5,1,1,1,6,1,37,7,1498,1,6,-1,1,-1
201797GD02009,1,9,0,18,0,0,0,0,0,0,1,1,1,1,20,4,1998,1,15,-1,1,-1
201797GD02101,1,9,0,18,0,0,0,0,0,0,1,1,6,1,35,6,-1,-1,-1,-1,-1,-1
201797GD02101,2,9,0,3,0,0,0,0,0,0,2,1,2,2,25,5,799,2,7,-1,1,-1
201797GD02103,1,8,0,18,0,1,0,0,0,0,2,1,1,1,30,6,1598,2,6,-1,1,-1
201797GD02105,1,9,0,7,0,6,0,0,0,0,1,1,6,2,49,8,1461,2,-1,-1,1,-1
201797GD02105,2,1,0,18,0,8,0,0,0,0,2,1,2,2,55,8,-1,-1,-1,-1,-1,-1
201797GD02109,1,9,0,9,0,5,0,0,0,0,3,1,6,3,-1,-1,-1,-1,-1,-1,-1,-1
201797GD02202,1,9,0,16,0,1,0,0,0,0,3,1,6,1,20,4,1395,1,4,-1,1,-1
201797GD02205,1,1,0,18,0,4,0,0,0,0,1,1,6,1,15,3,-1,-1,-1,-1,1,-1
201797GD02205,2,9,0,9,0,3,0,0,0,0,4,1,6,2,32,6,1685,2,6,-1,1,-1
201797GD02211,1,9,0,6,0,0,0,0,0,0,3,1,6,1,20,4,1968,2,10,-1,1,-1
201797GD02211,2,3,0,18,0,0,1,0,0,0,1,1,6,2,31,6,124,1,4,-1,-1,-1