Accident_Index,Vehicle_Reference,Vehicle_Type,Towing_and_Articulation,Vehicle_Manoeuvre,Vehicle_Location-Restricted_Lane,Junction_Location,Skidding_and_Overturning,Hit_Object_in_Carriageway,Vehicle_Leaving_Carriageway,Hit_Object_off_Carriageway,1st_Point_of_Impact,Was_Vehicle_Left_Hand_Drive?,Journey_Purpose_of_Driver,Sex_of_Driver,Age_of_Driver,Age_Band_of_Driver,Engine_Capacity_(CC),Propulsion_Code,Age_of_Vehicle,Driver_IMD_Decile,Driver_Home_Area_Type,Vehicle_IMD_Decile
201797GJ00311,1,9,0,9,0,6,1,0,0,0,1,1,1,2,39,7,1329,1,3,-1,1,-1
201797GJ00311,2,9,0,18,0,1,0,0,0,0,3,1,6,2,26,6,1360,1,11,-1,1,-1
201797GJ00403,1,19,0,18,0,1,0,0,0,0,1,1,1,1,46,8,2198,2,1,-1,-1,-1
201797GJ00403,2,9,0,9,0,7,0,0,0,0,3,1,2,2,58,9,1490,1,10,-1,1,-1
201797GJ00404,1,9,0,9,0,1,0,0,0,0,3,1,2,1,25,5,1395,1,1,-1,1,-1
201797GJ00404,2,19,0,18,0,1,0,0,0,0,1,1,6,1,39,7,1995,2,7,-1,1,-1
201797GJ00408,1,9,0,18,9,8,0,0,2,4,1,1,6,2,21,5,1398,1,3,-1,2,-1
201797GJ00408,2,9,0,9,0,8,0,0,0,0,1,1,6,2,34,6,1796,2,4,-1,1,-1
201797GJ00410,1,9,0,18,0,1,0,0,0,0,1,1,6,1,27,6,1968,2,7,-1,1,-1
201797GJ00410,2,9,0,18,0,1,0,0,0,0,2,1,2,1,32,6,1997,2,-1,-1,1,-1
201797GJ00411,1,9,0,18,0,2,1,0,0,0,1,1,6,1,25,5,1995,2,1,-1,-1,-1
201797GJ00411,2,9,0,3,0,2,0,0,0,0,4,1,1,2,42,7,1598,2,1,-1,1,-1
201797GJ00412,1,9,0,2,0,0,0,0,0,0,2,1,6,2,23,5,1197,1,1,-1,3,-1
201797GJ00412,2,9,0,18,0,0,0,0,0,0,1,1,6,2,72,10,1586,1,2,-1,1,-1
201797GJ00501,1,9,0,9,0,1,0,0,0,0,4,1,6,2,65,9,2967,2,10,-1,1,-1
201797GJ00501,2,5,0,18,0,2,0,0,0,0,1,1,2,1,27,6,645,1,12,-1,1,-1
201797GJ00502,1,9,0,9,0,6,0,0,0,0,3,1,2,1,50,8,1395,1,1,-1,1,-1
201797GJ00502,2,9,0,14,0,1,0,0,0,0,1,1,3,1,48,8,1910,2,11,-1,-1,-1
201797GJ00503,1,9,0,18,0,1,0,0,0,0,1,1,6,1,42,7,2967,2,1,-1,1,-1
201797GJ00503,2,9,0,3,0,1,0,0,0,0,2,1,6,2,17,4,1242,1,1,-1,1,-1
201797GJ00505,1,9,0,18,0,0,0,0,0,0,1,1,2,2,24,5,1000,1,2,-1,1,-1
201797GJ00505,2,19,0,4,0,0,0,0,0,0,2,1,1,1,62,9,2198,2,5,-1,1,-1
201797GJ00505,3,9,0,10,0,0,0,0,0,0,2,1,6,2,53,8,1397,1,7,-1,1,-1
201797GJ00509,1,9,0,5,0,0,0,0,0,0,4,1,6,2,32,6,-1,-1,-1,-1,1,-1
201797GJ00510,1,19,0,18,0,0,0,0,0,0,1,1,6,2,27,6,1598,2,1,-1,1,-1
201797GJ00601,1,5,0,18,0,0,0,0,0,0,1,1,6,1,23,5,689,1,1,-1,1,-1
201797GJ00601,2,9,0,3,0,0,0,0,0,0,2,1,6,2,79,11,1198,1,5,-1,3,-1
201797GJ00603,1,20,0,9,0,8,0,0,0,0,1,1,1,1,57,9,8970,2,10,-1,2,-1
201797GJ00603,2,9,0,18,0,1,0,0,0,0,4,1,2,1,53,8,1598,1,7,-1,1,-1
201797GJ00606,1,9,0,17,0,0,0,0,2,11,1,1,6,1,17,4,973,1,14,-1,1,-1
201797GJ00612,1,9,0,2,0,0,0,0,0,0,3,1,6,1,55,8,999,1,3,-1,1,-1
201797GJ00612,2,9,0,18,0,0,0,0,0,0,4,1,6,2,42,7,1598,1,5,-1,1,-1
201797GJ00702,1,9,0,18,0,0,0,0,0,0,1,1,6,2,85,11,1388,1,11,-1,1,-1
201797GJ00702,2,1,0,18,0,0,0,0,0,0,3,1,2,1,45,7,-1,-1,-1,-1,1,-1
201797GJ00703,1,9,0,18,0,1,0,0,0,0,4,1,6,1,-1,-1,1896,2,8,-1,-1,-1
201797GJ00706,1,9,0,4,0,8,0,0,0,0,1,1,6,2,25,5,1398,1,3,-1,1,-1
201797GJ00706,2,9,0,18,0,1,0,0,1,11,4,1,6,1,76,11,1368,1,10,-1,1,-1
201797GJ00707,1,9,0,9,0,5,0,0,0,0,1,1,6,1,26,6,1242,1,10,-1,1,-1
201797GJ00707,2,9,0,18,0,8,0,0,7,1,1,1,6,1,62,9,-1,-1,-1,-1,3,-1
201797GJ00710,1,9,0,12,0,0,0,0,0,0,3,1,1,2,19,4,-1,-1,-1,-1,3,-1
201797GJ00710,2,20,1,18,0,0,0,0,0,0,4,1,1,1,53,8,-1,-1,-1,-1,3,-1
201797GJ00801,1,9,0,18,0,8,2,0,3,0,0,1,6,2,76,11,1598,1,8,-1,1,-1
201797GJ00801,2,9,0,18,0,8,0,0,1,0,4,1,6,2,32,6,1149,1,2,-1,1,-1
201797GJ00801,3,9,0,18,0,1,0,0,0,0,0,1,6,1,83,11,1339,1,13,-1,1,-1
201797GJ00803,1,9,0,18,0,1,0,0,0,0,3,1,1,1,27,6,-1,-1,-1,-1,1,-1
201797GJ00803,2,21,0,7,0,1,0,0,0,0,4,1,1,1,56,9,-1,-1,-1,-1,1,-1
201797GJ00804,1,9,0,18,0,2,5,4,1,10,1,1,6,1,21,5,1242,1,8,-1,1,-1
201797GJ00804,2,9,0,2,0,2,0,0,0,0,3,1,6,3,-1,-1,1560,2,5,-1,-1,-1
201797GJ00807,1,9,0,18,0,0,0,0,0,0,1,1,6,2,38,7,1198,1,-1,-1,1,-1
201797GJ00808,1,9,0,18,0,1,0,0,0,0,4,1,6,1,43,7,-1,-1,-1,-1,1,-1
201797GJ00809,1,9,0,4,0,1,0,0,0,0,3,1,2,1,39,7,1389,1,13,-1,1,-1
201797GJ00811,1,9,0,3,0,0,0,0,0,0,1,1,6,2,29,6,1598,2,1,-1,1,-1
201797GJ00811,2,8,0,18,0,0,0,0,0,0,2,1,1,1,45,7,2664,2,19,-1,1,-1
201797GJ00904,1,9,0,5,0,2,0,0,0,0,3,1,2,2,48,8,1398,1,5,-1,1,-1
201797GJ00904,2,1,0,16,0,1,0,0,0,0,4,1,2,1,50,8,-1,-1,-1,-1,1,-1
201797GJ00905,1,9,0,10,0,6,0,0,0,0,4,1,6,2,82,11,998,1,10,-1,1,-1
201797GJ00905,2,9,0,18,0,1,1,0,0,11,1,1,6,2,61,9,1229,1,8,-1,-1,-1
201797GJ00907,1,9,0,17,0,0,0,0,0,0,1,1,6,2,58,9,1368,1,8,-1,1,-1
201797GJ00908,1,9,0,16,0,0,0,0,0,0,1,1,6,1,18,4,1390,1,4,-1,2,-1
201797GJ00911,1,9,0,18,0,0,0,0,0,0,0,1,6,3,-1,-1,-1,-1,-1,-1,-1,-1
201797GJ00911,2,20,0,18,0,0,0,0,0,10,2,1,1,1,41,7,4580,2,3,-1,1,-1
201797GJ00912,1,9,0,16,0,1,1,4,0,0,1,1,6,1,53,8,1461,2,1,-1,1,-1
201797GJ00912,2,9,0,2,0,2,0,0,0,0,2,1,6,3,-1,-1,1968,2,-1,-1,-1,-1
201797GJ01003,1,9,0,14,0,0,1,0,0,0,1,1,1,1,40,7,1685,2,4,-1,1,-1
201797GJ01003,2,9,3,2,0,0,0,0,0,0,2,1,6,1,72,10,2400,2,5,-1,1,-1
201797GJ01005,1,9,0,17,0,0,1,0,1,4,1,1,6,1,17,4,1596,1,12,-1,-1,-1
201797GJ01010,1,9,0,17,0,0,1,0,0,0,1,1,6,2,24,5,1598,1,14,-1,-1,-1
201797GJ01010,2,9,0,17,0,0,1,0,0,0,1,1,1,1,54,8,1149,1,10,-1,-1,-1
201797GJ01101,1,9,0,4,0,1,0,0,0,0,0,1,1,1,75,10,-1,-1,-1,-1,3,-1
201797GJ01101,2,9,0,18,0,8,0,0,0,0,1,1,2,1,18,4,998,1,2,-1,1,-1
201797GJ01101,3,19,0,18,0,1,0,0,0,0,3,1,1,1,29,6,2198,2,2,-1,-1,-1
201797GJ01103,1,9,0,9,0,5,0,0,0,0,2,1,6,2,70,10,1461,2,3,-1,1,-1
201797GJ01103,2,9,0,18,0,1,0,0,0,0,1,1,6,1,48,8,-1,-1,-1,-1,1,-1
201797GJ01104,1,9,0,14,0,8,0,0,0,0,1,1,6,1,35,6,996,1,3,-1,1,-1
201797GJ01104,2,9,0,18,0,8,0,0,0,0,1,1,6,1,33,6,1910,2,10,-1,1,-1
201797GJ01105,1,9,0,9,0,8,0,0,0,0,3,1,6,1,82,11,2179,2,4,-1,1,-1
201797GJ01105,2,9,0,18,0,1,0,0,0,0,1,1,6,2,24,5,1198,1,4,-1,1,-1
201797GJ01108,1,8,0,1,0,0,0,0,0,0,2,1,1,1,39,7,1422,2,2,-1,1,-1
201797GJ01110,1,9,0,18,0,1,0,0,0,0,1,1,6,1,19,4,1248,1,3,-1,1,-1
201797GJ01110,2,9,0,4,0,1,0,0,0,0,2,1,6,1,33,6,1198,1,9,-1,1,-1
201797GJ01110,3,9,0,10,0,1,0,0,0,0,2,1,6,2,25,5,1968,2,3,-1,1,-1
201797GJ01112,1,9,0,18,0,0,0,0,0,0,4,1,6,2,39,7,1086,1,7,-1,1,-1
201797GJ01203,1,9,0,9,0,8,0,0,0,0,3,1,6,2,53,8,1686,2,6,-1,2,-1
201797GJ01203,2,9,0,18,0,8,0,0,7,0,1,1,6,2,35,6,1364,1,8,-1,1,-1
201797GJ01205,1,9,0,9,0,6,0,0,0,0,3,1,4,2,45,7,1150,1,11,-1,1,-1
201797GJ01205,2,9,0,18,0,8,0,0,0,0,1,1,2,2,29,6,1997,2,9,-1,3,-1
201797GJ01207,1,9,0,7,0,2,0,0,0,0,1,1,6,1,24,5,1197,1,2,-1,1,-1
201797GJ01207,2,9,0,8,0,2,0,0,0,0,2,1,6,1,26,6,998,1,1,-1,1,-1
201797GJ01208,1,9,0,18,0,1,0,0,0,0,3,1,6,2,31,6,1149,1,12,-1,1,-1
201797GJ01212,1,9,0,18,0,1,0,0,0,0,1,1,6,1,20,4,1596,1,13,-1,2,-1
201797GJ01212,2,9,0,10,0,1,1,0,0,0,2,1,6,1,45,7,999,1,2,-1,3,-1
201797GJ01301,1,9,0,17,0,0,1,0,0,0,1,1,6,1,48,8,1587,1,13,-1,1,-1
201797GJ01301,2,9,0,16,0,0,0,0,1,0,1,1,6,2,54,8,1598,2,3,-1,3,-1
201797GJ01303,1,9,0,17,0,0,0,0,7,11,1,1,4,1,67,10,1968,2,10,-1,1,-1
201797GJ01406,1,9,0,4,0,0,0,0,0,0,1,1,6,1,90,11,1198,1,4,-1,1,-1
201797GJ01406,2,20,0,3,0,0,0,0,0,0,2,1,6,1,61,9,-1,-1,-1,-1,1,-1
201797GJ01408,1,9,0,18,0,1,0,0,1,11,1,1,2,1,45,7,1560,2,5,-1,1,-1
201797GJ01501,1,8,0,18,0,4,0,0,0,0,1,1,1,1,45,7,2100,2,7,-1,1,-1
201797GJ01501,2,9,0,18,0,3,0,0,0,0,4,1,6,1,20,4,998,1,3,-1,1,-1
201797GJ01506,1,19,0,16,0,0,0,0,0,0,1,1,1,1,29,6,1753,2,8,-1,2,-1
201797GJ01506,2,9,0,17,0,0,0,0,0,0,1,1,2,2,47,8,1499,1,2,-1,-1,-1
201797GJ01508,1,9,0,18,0,1,0,0,0,0,1,1,2,1,39,7,1956,2,7,-1,1,-1
201797GJ01512,1,9,0,18,0,0,0,0,0,0,1,1,6,1,48,8,1398,1,1,-1,-1,-1
201797GJ01512,2,9,0,18,0,0,0,0,0,0,1,1,6,1,30,6,2393,2,1,-1,3,-1
201797GJ01606,1,8,0,5,0,0,0,0,0,0,0,1,1,1,63,9,1968,2,9,-1,3,-1
201797GJ01703,1,9,0,10,0,1,0,0,0,0,4,1,6,2,17,4,1149,1,9,-1,1,-1
201797GJ01706,1,9,0,16,0,0,1,0,2,4,4,1,6,2,17,4,1149,1,3,-1,3,-1
201797GJ01710,1,9,0,18,0,8,0,0,0,0,1,1,6,1,35,6,1198,1,5,-1,1,-1
201797GJ01710,2,1,0,18,0,8,0,0,0,0,4,1,1,1,51,8,-1,-1,-1,-1,1,-1
201797GJ01801,1,9,0,9,0,6,0,0,0,0,1,1,6,2,41,7,1995,2,-1,-1,1,-1
201797GJ01801,2,1,0,18,0,1,0,0,0,0,1,1,6,1,49,8,-1,-1,-1,-1,1,-1
201797GJ01903,1,9,0,15,9,1,0,0,0,0,3,1,6,2,41,7,1598,1,2,-1,1,-1
201797GJ01903,2,9,0,3,0,1,0,0,0,0,4,1,6,2,33,6,999,1,1,-1,2,-1
201797GJ70101,1,9,0,16,0,0,0,0,0,0,0,2,6,3,45,7,-1,-1,-1,-1,-1,-1
201797GJ70101,2,9,0,17,0,0,1,0,1,0,0,1,6,1,33,6,1896,2,8,-1,1,-1
201797GJ70104,1,10,0,1,0,0,0,0,0,0,0,1,1,1,52,8,-1,-1,-1,-1,1,-1
201797GJ70104,2,5,0,18,0,0,0,0,0,0,1,1,6,2,38,7,599,1,19,-1,1,-1
201797GJ70104,3,10,0,2,6,0,0,0,0,0,2,1,6,3,-1,-1,-1,-1,-1,-1,-1,-1
201797GJ70111,1,9,0,7,0,8,0,0,0,0,1,1,6,2,48,8,2179,2,3,-1,1,-1
201797GJ70111,2,9,0,15,0,8,0,0,0,0,4,1,6,1,59,9,1398,1,1,-1,1,-1
201797GJ70201,1,9,0,18,0,6,0,0,0,0,1,1,6,2,46,8,1461,2,1,-1,1,-1
201797GJ70201,2,9,0,18,0,1,0,0,0,0,4,1,6,1,58,9,1560,2,5,-1,1,-1
201797GJ70201,3,9,0,3,0,1,0,0,0,0,4,1,6,2,24,5,1598,1,8,-1,1,-1
201797GJ70201,4,9,0,3,0,1,0,0,0,0,4,1,6,2,64,9,998,1,3,-1,1,-1
201797GJ70208,1,9,0,5,0,1,0,0,0,2,1,1,6,2,72,10,1598,1,11,-1,1,-1
201797GJ70409,1,21,0,13,0,0,0,0,0,0,4,1,1,1,28,6,-1,-1,-1,-1,1,-1
201797GJ70409,2,9,0,16,0,0,0,0,0,0,4,1,1,1,24,5,1590,1,12,-1,3,-1
201797GJ70409,3,1,0,17,0,0,0,0,0,0,1,1,6,1,57,9,-1,-1,-1,9,3,9
201797GK00101,1,9,0,18,0,1,0,0,0,0,1,1,6,2,54,8,2179,2,4,-1,3,-1
201797GK00103,1,9,0,4,0,3,0,0,0,0,3,1,1,2,36,7,1199,2,4,-1,1,-1
201797GK00105,1,11,0,5,0,0,0,0,0,0,3,1,1,3,-1,-1,-1,-1,-1,-1,-1,-1
201797GK00112,1,9,0,5,0,8,0,0,0,0,1,1,6,2,77,11,1364,1,8,-1,1,-1
201797GK00112,2,9,0,18,0,8,0,0,0,0,3,1,6,2,57,9,1499,1,3,-1,-1,-1
201797GK00202,1,9,0,9,0,5,1,0,0,0,1,1,6,2,26,6,1598,1,4,-1,1,-1
201797GK00202,2,8,0,18,0,8,1,0,0,11,4,1,1,2,47,8,1560,2,1,-1,1,-1
201797GK00204,1,9,0,18,0,1,0,0,0,0,4,1,6,1,49,8,1900,2,12,-1,3,-1
201797GK00206,1,9,0,1,0,6,0,0,0,0,2,1,6,2,-1,-1,1995,2,1,-1,-1,-1
201797GK00206,2,9,0,3,0,1,0,0,0,0,3,1,6,2,55,8,1461,2,2,-1,1,-1
201797GK00207,1,9,0,18,0,0,0,0,1,11,4,1,6,1,18,4,1398,1,2,-1,1,-1
201797GK00208,1,19,0,18,0,1,0,0,0,0,1,1,6,1,31,6,2299,2,2,-1,1,-1
201797GK00208,2,10,0,4,0,2,0,0,0,0,1,1,1,1,-1,-1,2198,2,5,-1,-1,-1
201797GK00208,3,9,0,18,9,1,0,0,7,0,4,1,1,1,-1,-1,1560,2,5,-1,-1,-1
201797GK00209,1,9,0,5,0,6,0,0,0,0,1,1,3,2,27,6,1461,2,8,-1,1,-1
201797GK00209,2,1,0,18,0,1,5,0,0,0,2,1,2,1,24,5,-1,-1,-1,-1,1,-1
201797GK00301,1,9,0,9,0,1,0,0,0,0,1,1,1,1,37,7,-1,-1,-1,-1,1,-1
201797GK00301,2,9,0,18,0,8,0,0,0,0,1,1,6,1,38,7,1968,2,8,-1,1,-1
201797GK00305,1,9,0,18,0,0,0,0,0,0,3,1,6,1,83,11,2143,2,2,-1,1,-1
201797GK00308,1,9,0,18,0,1,0,0,0,0,1,1,6,2,39,7,1686,2,13,-1,1,-1
201797GK00308,2,9,0,3,0,1,0,0,0,0,2,1,1,1,30,6,-1,-1,-1,-1,1,-1
201797GK00311,1,21,1,8,0,1,0,0,0,0,1,1,1,1,42,7,12902,2,4,-1,1,-1
201797GK00311,2,9,0,7,0,2,0,0,0,0,2,1,6,2,17,4,1229,1,2,-1,1,-1
201797GK00312,1,9,0,1,0,1,0,0,0,0,2,1,6,1,-1,-1,-1,-1,-1,-1,1,-1
201797GK00312,2,9,0,5,0,1,0,0,0,0,1,1,6,2,-1,-1,1598,2,5,-1,1,-1
201797GK00402,1,9,0,4,0,1,0,0,0,0,1,1,6,2,70,10,1386,1,10,-1,1,-1
201797GK00402,2,19,0,3,0,1,0,0,0,0,2,1,2,1,54,8,1560,2,5,-1,1,-1
201797GK00407,1,9,0,7,0,1,2,0,0,0,3,1,6,1,30,6,1400,2,11,-1,1,-1
201797GK00409,1,9,0,18,0,8,0,0,0,0,4,1,2,1,27,6,1499,1,-1,-1,3,-1
201797GK00409,2,9,0,18,0,8,0,0,0,0,3,1,2,1,32,6,2000,1,8,-1,1,-1
201797GK00410,1,9,0,18,0,1,0,0,0,0,1,1,6,1,60,9,999,1,-1,-1,1,-1
201797GK00410,2,9,0,9,0,5,0,0,0,0,2,1,6,2,24,5,1086,1,11,-1,1,-1
201797GK00501,1,9,0,11,0,3,0,0,0,0,4,1,6,1,34,6,3123,1,10,-1,1,-1
201797GK00501,2,9,0,7,0,4,0,0,0,0,3,1,2,2,22,5,1242,1,2,-1,1,-1
201797GK00502,1,8,0,5,0,0,0,0,0,0,3,1,1,1,33,6,-1,-1,-1,-1,-1,-1
201797GK00504,1,9,0,1,0,1,0,0,0,0,2,1,6,2,73,10,1198,1,6,-1,1,-1
201797GK00511,1,9,0,18,0,0,0,0,0,0,1,1,6,2,50,8,1197,1,-1,-1,1,-1
201797GK00512,1,9,0,18,0,0,0,0,0,0,1,1,6,3,-1,-1,1199,2,4,-1,-1,-1
201797GK00512,2,9,0,3,0,0,0,0,0,0,2,1,6,1,55,8,1198,1,4,-1,1,-1
201797GK00512,3,9,0,3,0,0,0,0,0,0,1,1,6,2,32,6,1956,2,4,-1,-1,-1
201797GK00601,1,9,0,9,0,2,0,0,0,0,3,1,6,1,53,8,1598,1,6,-1,1,-1
201797GK00607,1,9,0,18,0,8,0,0,0,0,3,1,2,2,21,5,1399,2,11,-1,1,-1
201797GK00607,2,19,0,18,0,8,0,0,0,0,1,1,6,1,-1,-1,2198,2,4,-1,-1,-1
201797GK00607,3,9,0,18,0,8,0,0,0,0,2,1,2,1,47,8,2179,2,3,-1,1,-1
201797GK00609,1,9,0,18,0,1,0,0,0,0,1,1,2,1,17,4,2393,2,-1,-1,-1,-1
201797GK00705,1,9,0,18,0,0,0,0,0,0,4,1,6,2,32,6,1248,1,4,-1,1,-1
201797GK00709,1,9,0,18,0,8,0,0,0,0,1,1,1,1,40,7,998,1,10,-1,1,-1
201797GK00709,2,1,0,18,0,8,0,0,0,0,2,1,6,1,9,2,-1,-1,-1,-1,1,-1
201797GK00710,1,9,0,5,0,1,0,0,0,0,1,1,6,2,42,7,2000,2,11,-1,2,-1
201797GK00710,2,9,0,3,0,1,0,0,0,0,2,1,1,1,57,9,1969,2,1,-1,1,-1
201797GK00711,1,9,0,17,0,0,0,0,1,10,1,1,2,1,63,9,1248,1,1,-1,3,-1
201797GK00711,2,9,0,2,9,0,0,0,0,11,2,1,6,3,47,8,1364,1,2,-1,1,-1
201797GK00801,1,9,0,18,0,2,0,0,0,0,1,1,6,1,35,6,1493,2,12,-1,1,-1
201797GK00801,2,9,0,5,0,2,0,0,0,0,1,1,6,2,65,9,1998,2,10,-1,1,-1
201797GK00802,1,9,0,9,0,5,0,0,0,0,1,1,1,2,43,7,1499,2,2,-1,1,-1
201797GK00802,2,1,0,18,0,6,0,0,0,0,1,1,2,1,52,8,-1,-1,-1,-1,1,-1
201797GK00804,1,9,0,4,0,1,0,0,0,0,1,1,6,3,-1,-1,1390,1,5,-1,-1,-1
201797GK00804,2,19,0,3,0,1,0,0,0,0,2,1,1,1,49,8,1248,2,5,-1,1,-1
201797GK00809,1,9,0,8,0,6,0,0,0,0,2,1,6,1,24,5,998,1,3,-1,1,-1
201797GK00809,2,1,0,18,0,1,0,0,0,0,1,1,6,1,41,7,-1,-1,-1,-1,-1,-1
201797GK00901,1,9,0,7,0,1,0,0,0,0,1,1,6,2,46,8,1339,1,13,-1,1,-1
201797GK00901,2,9,0,18,0,1,0,0,0,0,3,1,6,2,33,6,1399,2,6,-1,1,-1
201797GK00905,1,9,0,9,0,8,0,0,0,0,1,1,6,2,19,4,999,1,1,-1,1,-1
201797GK00905,2,1,0,18,0,8,0,0,0,0,4,1,6,1,28,6,-1,-1,-1,-1,1,-1
201797GK00912,1,9,0,18,0,1,0,0,0,0,1,1,6,2,40,7,1149,1,7,-1,1,-1
201797GK00912,2,9,0,18,0,1,0,0,0,0,3,1,6,2,27,6,998,1,9,-1,1,-1
201797GK01003,1,9,0,9,0,6,0,0,0,0,1,1,6,1,22,5,-1,-1,-1,-1,1,-1
201797GK01003,2,9,0,18,0,1,1,10,7,11,1,1,6,2,53,8,1598,1,10,-1,1,-1
201797GK01005,1,11,0,18,0,0,0,0,0,0,1,1,1,1,36,7,7300,2,12,-1,-1,-1
201797GK01005,2,9,0,2,0,0,0,0,0,0,0,1,6,3,-1,-1,998,1,2,-1,-1,-1
201797GK01006,1,8,0,4,0,1,0,0,0,0,3,1,1,1,41,7,1598,2,5,-1,1,-1
201797GK01008,1,9,0,18,0,8,0,0,0,0,3,1,6,1,-1,-1,999,1,3,-1,-1,-1
201797GK01008,2,9,0,8,0,8,0,0,0,0,3,1,6,2,25,5,1461,2,1,-1,1,-1
201797GK01010,1,9,0,18,0,8,0,0,0,0,1,1,1,2,38,7,1560,2,3,-1,1,-1
201797GK01010,2,9,0,18,0,8,0,0,0,0,4,1,6,2,54,8,996,1,5,-1,1,-1
201797GK01011,1,9,0,4,0,1,0,0,0,0,1,1,6,2,22,5,1598,1,12,-1,1,-1
201797GK01011,2,9,0,10,0,1,0,0,0,0,2,1,4,2,49,8,999,1,4,-1,1,-1
201797GK01012,1,9,0,6,0,0,0,0,0,0,4,1,6,1,19,4,1598,2,3,-1,1,-1
201797GK01012,2,9,0,18,0,0,0,0,1,2,1,1,6,1,24,5,1198,1,5,-1,1,-1
201797GK01102,1,9,0,18,0,1,0,0,0,0,1,1,6,1,39,7,2494,8,1,-1,1,-1
201797GK01102,2,9,0,9,0,1,0,0,0,1,2,1,6,1,70,10,1598,2,3,-1,1,-1
201797GK01105,1,9,0,7,0,6,0,0,0,0,1,1,6,1,22,5,1242,1,3,-1,1,-1
201797GK01105,2,9,0,18,0,1,0,0,0,0,4,1,6,2,37,7,1242,1,1,-1,1,-1
201797GK01108,1,9,0,1,0,0,0,0,0,0,3,1,1,2,28,6,1560,2,3,-1,1,-1
201797GK01108,2,9,0,18,0,0,0,0,0,0,4,1,6,2,46,8,1242,1,1,-1,1,-1
201797GK01203,1,9,0,9,0,5,0,0,0,0,1,1,6,1,55,8,2143,2,-1,-1,1,-1
201797GK01203,2,9,0,10,0,5,0,0,0,0,0,1,6,2,33,6,1248,1,3,-1,1,-1
201797GK01205,1,9,0,16,0,0,1,0,1,2,1,1,6,1,42,7,1389,1,14,-1,1,-1
201797GK01206,1,9,0,14,0,8,0,0,0,0,1,1,6,1,35,6,1686,2,6,-1,1,-1
201797GK01206,2,9,0,18,0,2,0,0,0,0,1,1,2,2,64,9,1149,1,1,-1,1,-1
201797GK01206,3,9,0,18,0,8,0,0,0,0,1,1,6,1,37,7,1388,1,9,-1,1,-1
201797GK01207,1,9,0,5,0,0,0,0,0,0,0,1,1,1,-1,-1,1560,2,5,-1,-1,-1
201797GK01208,1,9,0,18,0,0,1,0,2,7,1,1,6,2,51,8,1685,2,5,-1,1,-1
201797GK01208,2,9,0,11,0,0,0,0,0,0,4,1,6,1,48,8,1598,1,14,-1,1,-1
201797GK01209,1,9,0,18,0,0,0,0,0,0,1,1,6,1,18,4,1198,1,10,-1,3,-1
201797GK01307,1,9,0,18,0,0,0,0,0,0,1,1,6,2,19,4,1242,1,6,-1,1,-1
201797GK01311,1,9,0,1,9,1,0,0,0,0,2,1,3,1,40,7,1968,2,-1,-1,3,-1
201797GK01312,1,9,0,18,0,0,0,0,0,0,1,1,6,3,-1,-1,-1,-1,-1,-1,-1,-1
201797GK01312,2,9,0,3,0,0,0,0,0,0,2,1,6,3,-1,-1,-1,-1,-1,-1,-1,-1
201797GK01312,3,9,0,3,0,0,0,0,0,0,1,1,6,2,35,6,1229,1,11,-1,1,-1
201797GK01312,4,9,0,3,0,0,0,0,0,0,2,1,6,2,54,8,1461,2,3,-1,1,-1
201797GK01401,1,9,0,13,0,0,0,0,0,0,1,1,6,1,46,8,1390,1,11,-1,1,-1
201797GK01401,2,19,0,13,0,0,0,0,0,0,1,1,6,1,-1,-1,-1,-1,-1,-1,-1,-1
201797GK01402,1,19,0,4,0,1,2,0,1,10,1,1,1,1,23,5,1598,2,3,-1,1,-1
201797GK01406,1,9,0,18,0,1,0,0,0,0,1,1,6,1,-1,-1,-1,-1,-1,-1,-1,-1
201797GK01408,1,9,0,9,0,1,0,0,0,0,1,1,6,1,24,5,2494,1,19,-1,1,-1
201797GK01408,2,8,0,18,0,1,0,0,0,0,1,1,1,1,66,10,-1,-1,-1,-1,-1,-1
201797GK01411,1,9,0,18,0,1,0,0,0,0,1,1,6,2,59,9,1598,1,13,-1,1,-1
201797GK01411,2,9,0,18,0,1,0,0,0,0,2,1,6,1,34,6,1598,1,7,-1,-1,-1
201797GK01502,1,9,0,5,0,8,0,0,0,0,1,1,6,1,78,11,2000,1,18,-1,1,-1
201797GK01502,2,9,0,16,0,1,0,0,0,0,1,1,6,2,26,6,-1,-1,-1,-1,1,-1
201797GK01502,3,20,0,17,0,1,0,0,0,0,1,1,1,1,46,8,-1,-1,-1,-1,1,-1
201797GK01505,1,9,0,18,0,0,0,0,0,0,1,1,2,2,58,9,1598,1,4,-1,1,-1
201797GK01507,1,9,0,18,0,0,2,0,1,10,4,1,6,1,30,6,1997,2,16,-1,-1,-1
201797GK01507,2,9,0,18,0,0,0,0,1,7,3,1,6,1,62,9,1461,2,2,-1,1,-1
201797GK01509,1,9,0,1,0,0,0,0,0,0,2,1,6,2,44,7,1598,2,2,-1,1,-1
201797GK01509,2,9,0,2,0,0,0,0,0,0,4,1,6,2,37,7,1229,1,9,-1,1,-1
201797GK01510,1,9,0,18,0,0,0,0,0,0,3,1,1,1,46,8,-1,-1,-1,-1,1,-1
201797GK01511,1,9,0,18,0,5,0,0,0,0,1,1,6,1,62,9,1560,2,5,-1,1,-1
201797GK01511,2,9,0,18,0,5,0,0,0,0,1,1,2,2,50,8,-1,-1,-1,-1,1,-1
201797GK01512,1,9,0,18,0,1,0,0,0,0,0,1,1,1,62,9,-1,-1,-1,-1,1,-1
201797GK01602,1,9,0,9,0,8,0,0,0,0,4,1,1,1,45,7,-1,-1,-1,-1,1,-1
201797GK01603,1,9,0,18,0,8,0,0,0,0,1,1,6,1,21,5,1598,1,6,-1,1,-1
201797GK01603,2,9,0,9,0,8,0,0,0,0,3,1,6,1,31,6,1399,1,1,-1,1,-1
201797GK01604,1,9,0,9,0,8,0,0,0,0,1,1,6,2,-1,-1,-1,-1,-1,-1,-1,-1
201797GK01604,2,1,0,18,0,8,0,0,0,0,3,1,6,1,50,8,-1,-1,-1,-1,1,-1
201797GK01605,1,9,0,1,0,0,0,0,0,0,2,1,6,1,47,8,1396,1,8,-1,1,-1
201797GK01605,2,9,0,4,0,0,0,0,0,0,1,1,6,2,37,7,1685,2,1,-1,1,-1