Accident_Index,Vehicle_Reference,Vehicle_Type,Towing_and_Articulation,Vehicle_Manoeuvre,Vehicle_Location-Restricted_Lane,Junction_Location,Skidding_and_Overturning,Hit_Object_in_Carriageway,Vehicle_Leaving_Carriageway,Hit_Object_off_Carriageway,1st_Point_of_Impact,Was_Vehicle_Left_Hand_Drive?,Journey_Purpose_of_Driver,Sex_of_Driver,Age_of_Driver,Age_Band_of_Driver,Engine_Capacity_(CC),Propulsion_Code,Age_of_Vehicle,Driver_IMD_Decile,Driver_Home_Area_Type,Vehicle_IMD_Decile
201797GK01606,1,9,0,18,0,0,0,0,0,0,1,1,2,1,32,6,1197,1,3,-1,-1,-1
201797GK01607,1,9,0,18,0,0,0,0,0,0,1,1,6,1,19,4,1560,2,7,-1,1,-1
201797GK01610,1,9,0,4,0,0,1,0,0,0,1,1,6,2,17,4,1229,1,4,-1,1,-1
201797GK01610,2,9,0,3,0,0,0,0,0,0,2,1,6,2,33,6,998,1,-1,-1,1,-1
201797GK01611,1,9,0,5,0,1,0,0,0,0,2,1,2,1,53,8,1560,2,3,-1,1,-1
201797GK01611,2,19,0,5,0,1,0,0,0,0,1,1,2,1,54,8,-1,-1,-1,-1,1,-1
201797GK01612,1,9,0,18,0,0,0,0,0,0,1,1,2,2,35,6,1595,1,10,-1,1,-1
201797GK01701,1,9,0,18,0,1,0,0,0,0,1,1,6,1,18,4,1229,1,1,-1,1,-1
201797GK01701,2,9,0,9,0,5,0,0,0,0,2,1,6,1,62,9,1396,1,4,-1,1,-1
201797GK01702,1,9,0,9,0,1,0,0,0,0,1,1,2,2,38,7,1229,1,8,-1,1,-1
201797GK01702,2,9,0,18,0,1,0,0,0,0,1,1,6,2,31,6,998,1,4,-1,1,-1
201797GK01705,1,9,0,18,0,1,1,0,0,0,1,1,6,2,41,7,1560,2,4,-1,1,-1
201797GK01705,2,9,0,8,0,1,0,0,0,0,2,1,6,2,49,8,1598,1,7,-1,1,-1
201797GK01707,1,9,0,13,0,0,0,0,0,0,4,1,6,1,58,9,1499,2,1,-1,1,-1
201797GK01707,2,9,0,1,0,0,0,0,0,0,4,1,6,2,28,6,1229,1,4,-1,1,-1
201797GK01709,1,8,0,18,0,1,0,0,0,0,1,1,1,1,30,6,1997,2,5,-1,1,-1
201797GK01709,2,9,0,10,0,1,0,0,0,0,2,1,6,2,30,6,1398,2,11,-1,1,-1
201797GK01710,1,19,0,18,0,1,0,0,0,0,1,1,1,1,23,5,1998,2,12,-1,3,-1
201797GK01710,2,9,0,9,0,2,1,0,0,0,2,1,6,1,19,4,1496,2,-1,-1,1,-1
201797GK01710,3,9,0,18,0,1,1,0,0,0,3,1,6,1,73,10,-1,-1,-1,-1,-1,-1
201797GK01711,1,9,0,18,0,0,0,0,0,0,1,1,3,2,55,8,1499,2,-1,-1,1,-1
201797GK01801,1,9,0,9,0,5,0,0,0,0,1,1,6,2,52,8,1596,1,2,-1,1,-1
201797GK01805,1,9,0,3,0,0,0,0,0,0,1,1,1,1,43,7,1598,1,8,-1,-1,-1
201797GK01805,2,9,0,3,0,0,0,0,0,0,3,1,1,2,34,6,1240,1,14,-1,1,-1
201797GK01806,1,9,0,4,0,6,0,0,0,0,1,1,6,1,26,6,1591,1,1,-1,1,-1
201797GK01806,2,8,0,18,0,2,0,0,0,0,4,1,1,1,67,10,1685,2,3,-1,1,-1
201797GK01807,1,9,0,3,0,1,0,0,0,0,1,1,6,1,24,5,-1,-1,-1,-1,1,-1
201797GK01807,2,9,0,3,0,1,0,0,0,0,2,1,6,2,38,7,1582,2,-1,-1,1,-1
201797GK01808,1,9,0,18,0,0,0,0,0,0,1,1,6,1,32,6,1995,2,6,-1,-1,-1
201797GK01808,2,9,0,3,0,0,0,0,0,0,2,1,6,1,43,7,-1,-1,-1,-1,1,-1
201797GK01901,1,9,0,18,0,0,0,0,0,0,1,1,6,1,39,7,1242,1,4,-1,1,-1
201797GK01901,2,9,0,2,0,0,0,0,0,0,2,1,6,3,-1,-1,1968,2,6,-1,1,-1
201797GK01901,3,9,0,2,0,0,0,0,0,0,2,1,6,3,-1,-1,1198,1,2,-1,-1,-1
201797GK01903,1,9,0,9,0,6,0,0,0,0,1,1,6,2,43,7,1388,1,2,-1,1,-1
201797GK01903,2,9,0,18,0,1,0,0,0,0,4,1,1,1,40,7,1248,2,6,-1,-1,-1
201797GK01906,1,9,0,18,5,0,0,0,0,0,1,1,6,1,38,7,1560,2,3,-1,3,-1
201797GK01906,2,1,0,18,9,0,0,0,0,0,4,1,6,1,10,2,-1,-1,-1,-1,1,-1
201797GK01908,1,9,0,9,0,8,0,0,0,0,1,1,6,1,43,7,1497,1,13,-1,1,-1
201797GK01908,2,9,0,18,0,8,0,0,0,0,1,1,6,1,26,6,1229,1,3,-1,1,-1
201797GK01910,1,9,0,13,0,8,0,0,0,0,4,1,6,3,-1,-1,-1,-1,-1,-1,-1,-1
201797GK01910,2,3,0,9,0,8,0,0,0,0,3,1,6,1,23,5,124,1,1,-1,1,-1
201797GK02003,1,9,0,4,0,1,0,0,0,0,1,1,6,2,83,11,1397,1,14,-1,1,-1
201797GK02003,2,9,0,4,0,1,0,0,0,0,2,1,6,2,31,6,1242,1,6,-1,1,-1
201797GK02009,1,9,0,9,0,6,1,0,0,2,4,1,6,2,40,7,1598,2,2,-1,1,-1
201797GK02009,2,9,0,18,0,1,0,0,0,0,1,1,6,2,29,6,-1,-1,-1,-1,1,-1
201797GK02011,1,9,0,18,0,0,0,0,0,0,4,1,2,1,19,4,2143,2,-1,-1,1,-1
201797GK02012,1,9,0,8,0,1,0,0,0,0,1,1,6,2,45,7,1685,2,2,-1,1,-1
201797GK02012,2,8,0,8,0,1,0,0,0,0,2,1,1,1,48,8,1598,2,3,-1,1,-1
201797GK02101,1,9,0,18,0,0,0,0,0,0,4,1,6,1,30,6,1598,1,1,-1,1,-1
201797GK02104,1,1,0,18,0,1,0,0,0,0,1,1,6,1,16,4,-1,-1,-1,-1,1,-1
201797GK02104,2,9,0,5,0,6,0,0,0,0,3,1,6,2,22,5,998,1,8,-1,1,-1
201797GK02108,1,9,0,16,0,0,0,0,0,0,1,1,2,2,57,9,1242,1,-1,-1,1,-1
201797GK02108,2,9,0,4,0,0,0,0,0,0,2,1,6,1,58,9,1598,1,6,-1,1,-1
201797GK02110,1,9,0,18,0,0,0,0,0,0,1,1,6,2,-1,-1,-1,-1,-1,-1,-1,-1
201797GK02202,1,9,0,18,0,0,0,0,0,0,3,1,6,1,21,5,2993,2,2,-1,1,-1
201797GK02207,1,11,0,18,0,1,0,0,0,0,4,1,1,3,-1,-1,-1,-1,-1,-1,-1,-1
201797GK02207,2,1,0,18,0,1,0,0,0,0,3,1,6,1,43,7,-1,-1,-1,-1,1,-1
201797GK02208,1,9,0,18,0,0,0,0,0,0,1,1,3,2,43,7,1240,1,8,-1,1,-1
201797GK02208,2,19,0,13,0,0,0,0,0,0,2,1,1,1,54,8,1968,2,4,-1,1,-1
201797GK02210,1,9,0,7,0,8,0,0,0,0,4,1,6,1,17,4,1149,1,3,-1,1,-1
201797GK02210,2,3,0,18,0,8,0,0,0,0,1,1,1,1,24,5,108,1,-1,-1,1,-1
201797GK02302,1,9,0,9,0,8,0,0,0,0,3,1,6,1,26,6,1229,1,5,-1,1,-1
201797GK02302,2,9,0,18,0,1,0,0,0,0,3,1,6,2,42,7,998,1,1,-1,1,-1
201797GK02303,1,9,0,5,0,4,0,0,0,0,1,1,6,2,50,8,1388,1,8,-1,1,-1
201797GK02303,2,9,0,9,0,3,0,0,0,0,4,1,6,2,21,5,1794,1,13,-1,1,-1
201797GK02307,1,9,0,5,0,0,0,0,0,0,1,1,6,2,37,7,1360,1,11,-1,1,-1
201797GK02307,2,9,0,5,0,0,0,0,0,0,0,1,6,1,33,6,1198,1,2,-1,3,-1
201797GK02405,1,9,0,3,0,1,0,0,0,0,1,1,6,2,41,7,1598,1,3,-1,1,-1
201797GK02405,2,9,0,18,0,1,0,0,0,0,2,1,1,1,59,9,1685,2,3,-1,1,-1
201797GK02406,1,9,0,18,0,1,5,4,0,0,3,1,6,1,50,8,1796,1,12,-1,1,-1
201797GK02406,2,9,0,2,0,1,0,0,7,10,4,1,6,3,-1,-1,1998,1,1,-1,-1,-1
201797GK02408,1,9,0,12,0,2,0,0,0,0,1,1,6,1,17,4,999,1,2,-1,1,-1
201797GK02408,2,9,0,2,2,2,0,0,0,0,2,1,6,3,-1,-1,2720,2,8,-1,-1,-1
201797GK02409,1,9,0,18,0,1,0,0,0,0,1,1,6,1,34,6,1998,2,9,-1,1,-1
201797GK02409,2,9,0,9,0,8,0,0,0,0,4,1,1,1,50,8,1199,2,4,-1,1,-1
201797GK02410,1,9,0,9,0,6,0,0,0,0,3,1,2,1,34,6,1461,2,3,-1,1,-1
201797GK02410,2,9,0,18,0,1,0,0,0,0,1,1,6,2,64,9,1461,2,11,-1,1,-1
201797GK02412,1,9,0,18,0,1,0,0,0,0,1,1,6,2,34,6,1399,1,1,-1,1,-1
201797GK02412,2,9,0,18,0,1,0,0,0,0,4,1,6,2,25,5,1397,1,15,-1,1,-1
201797GK02502,1,9,0,9,9,2,0,0,1,11,1,1,6,1,33,6,1999,1,11,-1,1,-1
201797GK02503,1,9,0,9,0,8,0,0,0,0,3,1,6,2,29,6,973,1,14,-1,1,-1
201797GK02503,2,9,0,17,0,8,0,0,0,0,1,1,6,2,21,5,1229,1,-1,-1,1,-1
201797GK02508,1,9,0,18,0,8,0,0,0,0,1,1,6,1,21,5,1598,2,5,-1,1,-1
201797GK02508,2,9,0,18,0,8,1,10,7,11,3,1,6,1,52,8,-1,-1,-1,-1,1,-1
201797GK02510,1,9,0,2,0,0,0,0,0,0,3,1,6,1,-1,-1,1781,1,16,-1,-1,-1
201797GK02510,2,1,0,14,0,0,0,0,0,0,4,1,6,1,24,5,-1,-1,-1,-1,1,-1
201797GK02511,1,9,0,5,0,0,0,4,0,0,1,1,6,1,25,5,1390,1,12,-1,1,-1
201797GK02511,2,9,0,2,0,0,0,0,0,0,2,1,6,3,-1,-1,1242,1,2,-1,1,-1
201797GK02511,3,9,0,18,0,0,0,0,0,0,1,1,6,1,52,8,1968,2,7,-1,1,-1
201797GK02605,1,5,0,13,0,1,5,0,7,0,4,1,6,1,25,5,599,1,14,-1,1,-1
201797GK02605,2,9,0,9,0,5,0,0,0,0,3,1,6,1,32,6,1968,2,-1,-1,1,-1
201797GK02606,1,9,0,18,0,1,0,0,0,0,1,1,6,1,64,9,1560,2,4,-1,1,-1
201797GK02606,2,9,0,4,0,1,0,0,1,0,4,1,6,2,64,9,1198,1,3,-1,-1,-1
201797GK02606,3,9,0,10,0,1,0,0,0,0,4,1,6,2,28,6,1560,2,1,-1,1,-1
201797GK02607,1,19,0,18,0,8,0,0,0,0,1,1,1,1,53,8,1248,2,5,-1,1,-1
201797GK02608,1,9,0,18,0,1,0,4,0,0,4,1,6,1,18,4,1229,1,8,-1,1,-1
201797GK02608,2,9,0,2,0,2,0,0,1,10,3,1,6,3,-1,-1,1560,2,-1,-1,-1,-1
201797GK02609,1,9,0,18,0,1,0,0,0,0,1,1,3,1,37,7,1398,1,-1,-1,1,-1
201797GK02609,2,9,0,18,0,1,0,0,0,0,4,1,6,2,56,9,1360,1,10,-1,1,-1
201797GK02611,1,9,0,5,0,1,0,0,0,0,3,1,6,2,27,6,1998,1,1,-1,1,-1
201797GK02611,2,9,0,18,0,8,0,0,0,0,4,1,6,2,45,7,998,1,5,-1,-1,-1
201797GK02706,1,1,0,18,0,1,0,0,0,0,1,1,6,1,24,5,-1,-1,-1,-1,1,-1
201797GK02706,2,9,0,18,0,1,0,0,0,0,4,1,6,1,69,10,-1,-1,-1,-1,1,-1
201797GK02709,1,19,0,18,0,1,0,0,0,0,3,1,1,1,40,7,2148,2,12,-1,1,-1
201797GK02711,1,9,0,5,0,1,0,0,0,0,1,1,6,1,54,8,-1,-1,-1,-1,1,-1
201797GK02711,2,1,0,18,0,1,0,0,0,0,1,1,2,2,57,9,-1,-1,-1,-1,1,-1
201797GK02712,1,9,0,5,0,4,1,0,0,0,3,1,6,1,49,8,1364,1,2,-1,1,-1
201797GK02712,2,9,0,18,0,4,0,0,0,0,1,1,6,1,55,8,1999,1,11,-1,-1,-1
201797GK02802,1,9,0,18,0,6,0,0,0,0,1,1,3,2,60,9,1587,1,16,-1,1,-1
201797GK02802,2,9,0,18,0,8,0,0,0,0,3,1,2,2,31,6,-1,-1,-1,-1,1,-1
201797GK02803,1,9,0,18,0,0,1,0,0,0,1,1,6,2,53,8,998,1,10,-1,1,-1
201797GK02803,2,19,0,3,0,0,0,0,0,0,2,1,2,1,-1,-1,-1,-1,-1,-1,-1,-1
201797GK02804,1,9,0,1,0,0,0,0,0,0,2,1,6,1,49,8,1995,2,1,-1,-1,-1
201797GK02804,2,19,0,2,0,0,0,0,0,0,2,1,1,1,57,9,-1,-1,-1,1,1,1
201797GK02809,1,9,0,9,0,6,0,0,0,0,1,1,1,1,68,10,1560,2,4,-1,1,-1
201797GK02809,2,9,0,9,0,1,0,0,0,0,4,1,1,2,41,7,999,1,3,-1,1,-1
201797GK02811,1,11,0,4,0,4,0,0,0,0,0,1,1,1,66,10,8268,2,16,-1,1,-1
201797GK02812,1,9,0,17,0,0,0,0,0,11,1,1,6,1,26,6,1596,1,11,-1,1,-1
201797GK02812,2,9,0,16,0,0,0,0,0,0,1,1,6,1,42,7,1395,1,-1,-1,1,-1
201797GK02901,1,9,0,18,0,1,0,0,0,0,0,1,6,3,-1,-1,1900,2,12,-1,-1,-1
201797GK02901,2,9,0,18,0,1,0,0,0,0,0,1,6,1,59,9,-1,-1,-1,-1,1,-1
201797GK02903,1,9,0,1,6,0,0,0,0,0,2,1,1,3,-1,-1,1560,2,3,-1,-1,-1
201797GK02903,2,9,0,2,6,0,0,0,0,0,1,1,6,2,55,8,1560,2,2,-1,1,-1
201797GK02908,1,1,0,18,0,1,0,0,0,0,4,1,6,1,35,6,-1,-1,-1,-1,1,-1
201797GK02908,2,9,0,18,0,1,0,0,0,0,1,1,6,2,33,6,1461,2,4,-1,1,-1
201797GK02910,1,9,0,9,0,1,0,0,0,0,3,1,2,1,22,5,1197,1,4,-1,1,-1
201797GK02910,2,1,0,18,0,1,0,0,0,0,4,1,2,1,54,8,-1,-1,-1,-1,1,-1
201797GK02911,1,9,0,17,0,0,1,0,0,0,1,1,6,1,18,4,1590,1,12,-1,1,-1
201797GK02911,2,9,0,16,0,0,0,0,0,0,1,1,6,2,35,6,1596,1,4,-1,3,-1
201797GK02912,1,9,0,18,0,1,0,0,0,0,4,1,3,2,27,6,1398,1,1,-1,1,-1
201797GK03006,1,9,0,9,0,6,0,0,0,0,1,1,6,1,55,8,1968,2,1,-1,1,-1
201797GK03006,2,5,0,18,0,1,0,0,0,0,1,1,6,1,52,8,745,1,3,-1,1,-1
201797GK03007,1,11,0,18,0,4,0,0,0,0,3,1,1,1,40,7,6700,2,2,-1,1,-1
201797GK03007,2,9,0,9,0,4,0,0,0,0,1,1,6,2,21,5,1198,1,14,-1,1,-1
201797GK03105,1,8,0,5,9,0,0,4,0,0,1,1,6,1,64,9,2402,2,15,-1,1,-1
201797GK03105,2,9,0,2,9,0,0,0,0,0,0,1,6,3,-1,-1,1388,1,13,-1,-1,-1
201797GK03107,1,9,0,15,0,0,0,0,0,0,1,1,6,1,27,6,1984,1,7,-1,1,-1
201797GK03107,2,9,0,18,0,0,0,0,0,0,4,1,6,1,25,5,1596,1,5,-1,1,-1
201797GK03107,3,1,0,18,9,0,0,0,0,0,1,1,6,1,11,3,-1,-1,-1,-1,1,-1
201797GK03108,1,9,0,18,0,0,0,0,0,0,4,1,6,1,28,6,1796,1,14,-1,1,-1
201797GK03205,1,9,0,18,0,1,0,0,0,0,1,1,6,2,37,7,1395,1,4,-1,1,-1
201797GK03206,1,9,0,9,0,8,0,0,0,0,1,1,2,2,25,5,998,1,4,-1,1,-1
201797GK03206,2,9,0,18,0,8,0,0,0,0,1,1,2,2,52,8,1242,1,13,-1,1,-1
201797GK03208,1,9,0,18,0,1,0,0,0,0,1,1,6,3,-1,-1,-1,-1,-1,-1,-1,-1
201797GK03209,1,9,0,9,0,6,0,0,0,0,1,1,6,1,22,5,-1,-1,-1,-1,1,-1
201797GK03209,2,19,0,18,0,8,0,0,0,0,1,1,1,1,23,5,1461,2,2,-1,1,-1
201797GK03305,1,20,1,11,0,0,0,0,0,0,0,1,6,1,35,6,10837,2,2,-1,1,-1
201797GK03305,2,9,0,18,0,0,0,0,0,0,1,1,6,2,27,6,1798,1,8,-1,1,-1
201797GK03305,3,9,0,18,0,0,0,0,0,0,2,1,6,1,23,5,998,1,4,-1,1,-1
201797GK03312,1,9,0,9,0,8,0,0,0,0,1,1,6,2,24,5,998,1,-1,-1,1,-1
201797GK03312,2,9,0,18,0,8,0,0,0,0,3,1,6,2,32,6,998,1,-1,-1,1,-1
201797GK03404,1,9,0,18,0,8,0,0,0,0,3,1,6,1,29,6,-1,-1,-1,-1,1,-1
201797GK03404,2,1,0,18,0,8,0,0,0,0,1,1,2,1,32,6,-1,-1,-1,-1,1,-1
201797GK03407,1,9,0,1,0,1,0,0,0,0,2,1,6,1,-1,-1,-1,-1,-1,-1,-1,-1
201797GK03412,1,9,0,16,0,0,1,0,0,0,1,1,6,1,21,5,1968,2,5,-1,-1,-1
201797GK03412,2,9,0,17,0,0,1,0,0,0,1,1,6,2,32,6,2993,2,12,-1,1,-1
201797GK03501,1,19,0,4,0,0,1,0,0,0,1,1,2,1,-1,-1,1995,2,8,-1,1,-1
201797GK03501,2,19,0,4,0,0,0,0,0,0,2,1,2,1,52,8,1753,2,12,-1,1,-1
201797GK03504,1,19,0,18,0,0,0,0,0,0,1,1,1,1,27,6,2299,2,2,-1,1,-1
201797GK03504,2,9,0,2,0,0,0,0,0,0,3,1,6,3,-1,-1,1368,1,8,-1,-1,-1
201797GK03507,1,9,0,18,0,1,0,0,0,0,3,1,6,1,41,7,2996,1,9,-1,3,-1
201797GK03507,2,9,0,18,0,1,0,0,0,0,1,1,6,1,66,10,-1,-1,-1,-1,1,-1
201797GK03604,1,9,0,18,9,0,0,0,1,11,4,1,2,2,29,6,1560,2,8,-1,-1,-1
201797GK03607,1,9,0,7,0,0,0,0,0,0,1,1,6,1,22,5,1339,1,6,-1,1,-1
201797GK03607,2,9,0,9,0,0,0,0,0,0,1,1,6,1,27,6,1560,2,9,-1,1,-1
201797GK03609,1,9,0,18,0,8,0,0,0,0,1,1,6,1,47,8,1598,1,11,-1,1,-1
201797GK03609,2,9,0,17,0,8,0,0,0,0,3,1,2,1,25,5,1796,1,10,-1,-1,-1
201797GK03612,1,9,0,9,0,2,0,0,0,0,1,1,1,1,55,8,1598,2,5,-1,1,-1
201797GK03701,1,19,0,9,0,1,0,0,0,0,1,1,1,1,35,6,2299,2,3,-1,1,-1
201797GK03701,2,9,0,18,0,1,0,0,0,0,3,1,6,2,20,4,1149,1,9,-1,1,-1
201797GK03706,1,9,0,6,0,1,0,0,0,0,0,1,6,3,-1,-1,-1,-1,-1,-1,-1,-1
201797GK03706,2,11,0,4,0,1,0,0,0,0,0,1,1,1,33,6,7300,2,13,-1,1,-1
201797GK03708,1,9,0,18,0,1,0,0,0,0,1,1,6,1,20,4,998,1,3,-1,1,-1
201797GK03809,1,11,0,5,0,1,0,0,0,0,0,1,1,1,51,8,4250,2,12,-1,1,-1
201797GK03812,1,9,0,6,0,0,0,0,7,0,3,1,6,1,58,9,1242,1,8,-1,1,-1
201797GK03812,2,19,0,18,0,0,0,0,0,0,1,1,1,1,46,8,1968,2,4,-1,1,-1
201797GK03903,1,9,0,5,0,8,0,0,0,0,3,1,1,1,35,6,-1,-1,-1,-1,-1,-1
201797GK03903,2,1,0,9,0,8,0,0,0,0,1,1,1,1,55,8,-1,-1,-1,-1,1,-1
201797GK03907,1,9,0,18,0,0,0,0,0,0,1,1,6,1,47,8,1364,1,12,-1,1,-1
201797GK03907,2,19,0,2,0,0,1,0,0,0,1,1,6,1,35,6,2402,2,15,-1,1,-1
201797GK03909,1,9,0,9,0,5,0,0,0,0,1,1,6,1,40,7,1598,1,16,-1,1,-1
201797GK03909,2,9,0,18,0,8,1,0,0,0,3,1,6,2,45,7,1364,1,-1,-1,-1,-1
201797GK04004,1,9,0,18,0,1,0,0,0,0,1,1,6,1,30,6,2993,2,6,-1,1,-1
201797GK04004,2,9,0,3,0,1,0,0,0,0,2,1,6,1,28,6,1499,2,2,-1,1,-1
201797GK04009,1,9,0,7,0,1,0,0,0,0,1,1,6,3,-1,-1,-1,-1,-1,-1,-1,-1
201797GK04107,1,9,0,18,0,8,0,0,1,10,1,1,6,1,51,8,1560,2,6,-1,3,-1
201797GK04109,1,9,0,18,0,0,0,0,0,0,1,1,1,2,23,5,1390,1,5,-1,1,-1
201797GK04207,1,9,0,9,0,1,0,0,1,11,1,1,6,2,44,7,1461,2,1,-1,-1,-1
201797GK04308,1,9,0,5,0,8,0,0,0,0,3,1,6,1,66,10,1598,1,11,-1,1,-1
201797GK04308,2,1,0,18,0,1,0,0,0,0,1,1,6,1,57,9,-1,-1,-1,-1,1,-1
201797GK04309,1,9,0,18,0,1,0,0,0,0,4,1,2,2,24,5,998,1,2,-1,1,-1
201797GK04311,1,9,0,17,6,0,1,0,0,0,4,1,6,2,24,5,1582,2,2,-1,3,-1
201797GK04407,1,8,0,18,0,0,0,0,0,0,1,1,6,1,26,6,1200,1,1,-1,1,-1
201797GK04408,1,9,0,18,0,1,0,0,0,0,1,1,6,2,-1,-1,1956,2,3,-1,-1,-1
201797GK04408,2,9,0,18,0,1,0,0,0,0,2,1,6,2,26,6,1968,2,2,-1,1,-1
201797GK04509,1,9,0,9,0,8,0,0,0,0,0,1,6,2,19,4,1229,1,3,-1,1,-1
201797GK04509,2,8,0,18,0,8,0,0,0,0,2,1,1,1,58,9,2143,2,1,-1,-1,-1
201797GK04509,3,21,0,18,0,8,0,0,0,0,1,1,1,1,30,6,-1,-1,-1,-1,3,-1
201797GK04511,1,11,0,4,0,0,0,0,0,0,1,1,1,2,53,8,9600,2,16,-1,1,-1
201797GK04604,1,9,0,18,0,0,0,0,0,0,1,1,6,2,54,8,1975,1,12,-1,1,-1
201797GK04608,1,9,0,18,0,1,0,0,0,11,1,1,6,1,24,5,1796,1,11,-1,1,-1
201797GK04608,2,9,0,10,0,1,0,0,0,0,1,1,6,2,42,7,1997,2,3,-1,1,-1
201797GK04612,1,9,0,18,0,0,1,0,7,11,1,1,6,1,21,5,1995,1,7,-1,1,-1
201797GK04704,1,9,0,9,0,1,0,0,0,0,1,1,6,1,53,8,-1,-1,-1,-1,1,-1
201797GK04704,2,10,0,10,0,1,0,0,0,0,2,1,1,1,60,9,-1,-1,-1,-1,-1,-1
201797GK04707,1,8,0,5,0,8,0,0,0,0,1,1,1,1,42,7,2402,2,11,-1,1,-1
201797GK04709,1,9,0,9,0,6,0,0,0,0,1,1,6,1,32,6,1794,1,10,-1,1,-1
201797GK04709,2,9,0,9,0,6,0,0,0,0,1,1,1,1,47,8,2143,2,1,-1,1,-1
201797GK04805,1,4,0,18,0,0,0,0,0,0,1,1,6,1,27,6,-1,-1,-1,-1,1,-1
201797GK04805,2,9,0,18,0,0,0,0,0,0,4,1,6,2,34,6,1560,2,9,-1,1,-1
201797GK04811,1,9,0,18,0,3,0,0,0,0,3,1,6,2,48,8,2204,2,12,-1,1,-1
201797GK04811,2,9,0,18,0,3,0,0,0,0,4,1,2,1,30,6,1461,2,2,-1,1,-1
201797GK04812,1,9,0,4,0,1,1,0,0,0,1,1,6,1,-1,-1,1796,1,12,-1,-1,-1
201797GK04812,2,9,0,3,0,1,0,0,0,0,2,1,6,1,62,9,1582,2,5,-1,1,-1
201797GK04904,1,9,0,18,0,8,0,0,0,0,1,1,6,2,43,7,1360,1,15,-1,1,-1
201797GK04904,2,9,0,18,0,8,0,0,0,0,3,1,6,1,75,10,1461,2,14,-1,1,-1
201797GK04912,1,9,0,18,0,1,0,0,0,0,1,1,6,1,28,6,1242,1,5,-1,-1,-1
201797GK05009,1,9,0,9,0,1,0,0,0,0,1,1,6,1,31,6,1968,2,4,-1,1,-1
201797GK05009,2,5,0,18,0,1,0,0,0,0,1,1,2,1,53,8,918,1,21,-1,1,-1
201797GK05011,1,9,0,5,0,4,0,0,0,0,3,1,2,2,21,5,1199,1,13,-1,1,-1
201797GK05011,2,1,0,18,0,4,0,0,0,0,1,1,2,1,45,7,-1,-1,-1,-1,1,-1
201797GK05102,1,19,0,7,0,8,0,0,0,0,4,1,6,1,75,10,1248,2,9,-1,1,-1
201797GK05302,1,9,0,9,0,8,1,0,0,0,1,1,1,2,53,8,1956,2,3,-1,1,-1
201797GK05302,2,9,0,18,0,8,1,0,0,0,1,1,6,1,71,10,2982,2,1,-1,1,-1
201797GK05305,1,9,0,18,0,1,0,0,0,0,4,1,6,1,45,7,1461,2,-1,-1,-1,-1
201797GK05305,2,1,0,18,0,1,0,0,0,0,1,1,6,1,12,3,-1,-1,-1,-1,1,-1
201797GK05309,1,9,0,18,0,1,0,0,0,0,1,1,6,2,19,4,1229,1,10,-1,1,-1
201797GK05309,2,9,0,18,0,1,0,0,0,0,3,1,6,1,28,6,1596,1,10,-1,1,-1
201797GK05311,1,9,0,18,0,1,0,0,7,11,4,1,6,2,48,8,1591,1,-1,-1,1,-1
201797GK05311,2,9,0,5,0,8,0,0,0,0,3,1,6,2,31,6,1461,2,3,-1,1,-1
201797GK05404,1,9,0,9,0,1,0,0,0,0,0,1,6,3,-1,-1,-1,-1,-1,-1,-1,-1
201797GK05404,2,11,0,15,0,1,0,0,0,0,0,1,1,1,42,7,8268,2,16,-1,1,-1
201797GK05503,1,9,0,9,0,6,0,0,7,0,3,1,6,1,27,6,1598,1,11,-1,1,-1
201797GK05503,2,1,0,18,0,1,0,0,0,0,1,1,2,2,32,6,-1,-1,-1,-1,1,-1
201797GK05702,1,9,0,7,0,8,0,0,0,0,1,1,6,1,-1,-1,-1,-1,-1,-1,-1,-1
201797GK05704,1,9,0,18,0,0,0,0,0,0,0,1,6,3,-1,-1,-1,-1,-1,-1,-1,-1
201797GK05902,1,9,0,11,0,0,0,0,0,0,4,1,6,1,28,6,2143,2,1,-1,1,-1
201797GK05902,2,8,0,18,0,0,0,0,0,0,3,1,1,1,34,6,-1,-1,-1,-1,1,-1
201797GK06102,1,9,0,7,0,6,0,0,0,0,2,1,6,2,21,5,1149,1,3,-1,2,-1
201797GK06102,2,9,0,18,0,1,0,0,0,0,1,1,2,1,46,8,1998,1,13,-1,1,-1
201797GK06105,1,9,0,9,0,8,0,0,0,0,1,1,6,2,51,8,-1,-1,-1,-1,1,-1
201797GK06105,2,9,0,4,0,1,0,0,0,0,1,1,6,2,20,4,1229,1,4,-1,1,-1
201797GK06302,1,9,0,10,0,1,0,0,0,0,1,1,2,1,36,7,1461,2,1,-1,1,-1
201797GK06302,2,1,0,4,0,1,0,0,0,0,1,1,2,1,21,5,-1,-1,-1,-1,1,-1
201797GK06702,1,9,0,18,0,0,0,0,0,0,1,1,2,1,53,8,1560,2,6,-1,1,-1
201797GK70102,1,9,0,18,0,0,0,0,0,0,3,1,6,1,61,9,1560,2,3,-1,1,-1
201797GK70102,2,9,0,18,0,0,0,0,0,0,1,1,6,1,31,6,1598,1,2,-1,1,-1
201797GK70106,1,21,0,18,0,0,0,0,0,0,4,1,1,1,25,5,6370,2,4,-1,1,-1
201797GK70107,1,9,0,4,0,2,0,0,0,0,1,1,2,1,42,7,1560,2,2,-1,1,-1
201797GK70107,2,9,0,4,0,2,0,0,0,0,1,1,2,2,52,8,1398,1,5,-1,1,-1
201797GK70107,3,9,0,4,0,2,0,0,0,0,2,1,2,1,46,8,2987,2,9,-1,3,-1
201797GK70108,1,9,0,18,0,1,0,0,0,0,1,1,6,2,25,5,1198,1,5,-1,1,-1
201797GK70108,2,9,0,18,0,1,0,0,0,0,2,1,6,2,19,4,1242,1,4,-1,1,-1
201797GK70108,3,9,0,18,0,1,0,0,0,0,2,1,6,1,31,6,1499,2,-1,-1,3,-1
201797GK70109,1,9,0,12,0,0,1,0,4,6,1,1,6,1,27,6,1390,1,11,-1,1,-1
201797GK70109,2,9,0,15,0,0,0,0,0,0,3,1,6,1,21,5,1598,2,2,-1,1,-1
201797GK70109,3,9,0,11,0,0,0,0,0,0,0,1,6,1,18,4,1995,2,3,-1,1,-1