Accident_Index,Vehicle_Reference,Vehicle_Type,Towing_and_Articulation,Vehicle_Manoeuvre,Vehicle_Location-Restricted_Lane,Junction_Location,Skidding_and_Overturning,Hit_Object_in_Carriageway,Vehicle_Leaving_Carriageway,Hit_Object_off_Carriageway,1st_Point_of_Impact,Was_Vehicle_Left_Hand_Drive?,Journey_Purpose_of_Driver,Sex_of_Driver,Age_of_Driver,Age_Band_of_Driver,Engine_Capacity_(CC),Propulsion_Code,Age_of_Vehicle,Driver_IMD_Decile,Driver_Home_Area_Type,Vehicle_IMD_Decile
201797GU01406,1,9,0,7,0,6,0,0,0,0,1,1,6,1,34,6,1390,1,10,-1,1,-1
201797GU01407,1,9,0,5,0,1,0,0,0,0,1,1,2,2,21,5,1197,1,6,-1,3,-1
201797GU01408,1,9,0,18,0,0,0,0,0,0,1,1,6,1,22,5,1796,1,9,-1,1,-1
201797GU01412,1,9,0,12,0,2,0,0,0,0,3,1,6,3,-1,-1,-1,-1,-1,-1,-1,-1
201797GU01412,2,9,0,18,0,2,0,0,7,11,4,1,6,2,20,4,998,1,2,-1,1,-1
201797GU01505,1,9,0,12,0,0,0,0,0,0,0,1,6,1,28,6,4395,1,3,-1,-1,-1
201797GU01505,2,11,0,18,0,0,0,0,0,0,0,1,1,1,49,8,4500,2,6,-1,1,-1
201797GU01506,1,9,0,9,0,6,0,0,0,0,2,1,1,1,58,9,1560,2,6,-1,1,-1
201797GU01506,2,1,0,18,0,1,0,0,0,0,1,1,2,2,29,6,-1,-1,-1,-1,1,-1
201797GU01507,1,8,0,18,0,7,0,0,0,0,3,1,6,1,20,4,2179,2,7,2,1,2
201797GU01507,2,9,0,17,0,3,0,0,0,0,4,1,6,1,67,10,898,1,4,-1,1,-1
201797GU01508,1,9,0,18,0,1,0,0,0,0,1,1,6,2,59,9,2435,1,15,-1,1,-1
201797GU01508,2,9,0,4,0,1,0,0,0,0,2,1,6,2,57,9,1395,1,1,-1,1,-1
201797GU01511,1,9,0,2,0,0,0,0,0,0,3,1,6,1,29,6,2979,1,1,-1,1,-1
201797GU01511,2,1,0,18,0,0,1,8,0,0,1,1,1,1,29,6,-1,-1,-1,-1,1,-1
201797GU01601,1,9,0,18,0,1,0,0,0,0,1,1,6,1,41,7,1868,2,19,-1,1,-1
201797GU01601,2,9,0,18,0,1,0,0,0,0,3,1,1,2,23,5,1360,1,10,-1,-1,-1
201797GU01602,1,9,0,2,0,1,0,0,0,0,3,1,6,2,-1,-1,-1,-1,-1,-1,-1,-1
201797GU01602,2,1,0,18,0,1,5,4,0,0,1,1,1,1,24,5,-1,-1,-1,-1,1,-1
201797GU01603,1,9,0,18,0,1,0,0,0,0,1,1,6,1,45,7,1560,2,3,-1,1,-1
201797GU01603,2,9,0,5,0,6,1,0,7,11,3,1,6,2,47,8,1149,1,3,-1,1,-1
201797GU01604,1,9,0,9,0,0,0,0,0,0,1,1,2,1,20,4,1198,1,13,-1,1,-1
201797GU01604,2,9,0,18,0,0,0,4,0,0,4,1,2,1,18,4,1198,1,14,-1,1,-1
201797GU01604,3,9,0,2,0,0,0,0,0,0,3,1,6,3,-1,-1,1242,1,7,-1,-1,-1
201797GU01604,4,9,0,2,0,0,0,0,0,0,3,1,6,3,-1,-1,1461,2,13,-1,-1,-1
201797GU01605,1,19,0,18,0,2,0,0,0,0,1,1,1,1,28,6,1995,2,4,-1,1,-1
201797GU01605,2,9,0,3,0,2,0,0,0,0,2,1,2,2,19,4,998,1,4,-1,1,-1
201797GU01605,3,9,0,3,0,2,0,0,0,0,0,1,6,1,37,7,1998,1,15,-1,1,-1
201797GU01605,4,9,0,3,0,2,0,0,0,0,2,1,6,2,32,6,1598,2,2,-1,1,-1
201797GU01611,1,1,0,18,0,0,0,0,0,0,4,1,2,2,33,6,-1,-1,-1,-1,1,-1
201797GU01611,2,9,0,5,0,0,0,0,0,0,1,1,2,1,27,6,1596,1,12,-1,1,-1
201797GU01704,1,1,0,18,0,8,1,0,0,0,4,1,2,1,35,6,-1,-1,-1,-1,1,-1
201797GU01704,2,9,0,18,0,8,0,0,0,0,1,1,6,2,52,8,1598,1,2,-1,1,-1
201797GU01705,1,9,0,7,0,6,0,0,0,0,3,1,1,2,37,7,1364,1,11,-1,1,-1
201797GU01705,2,1,0,18,0,1,0,0,0,0,2,1,6,1,51,8,-1,-1,-1,-1,1,-1
201797GU01706,1,9,0,18,0,1,0,0,0,0,1,1,6,2,30,6,1997,2,8,-1,1,-1
201797GU01706,2,9,0,5,0,6,0,0,4,1,3,1,1,2,25,5,1198,1,1,-1,1,-1
201797GU01709,1,9,0,2,0,0,0,0,0,0,3,1,3,1,35,6,1086,1,10,-1,1,-1
201797GU01709,2,1,0,18,0,0,0,0,0,0,1,1,2,1,22,5,-1,-1,-1,-1,1,-1
201797GU01711,1,9,0,5,0,0,0,0,0,0,3,1,6,1,35,6,2231,2,7,-1,1,-1
201797GU01711,2,3,0,18,0,0,0,0,0,0,2,1,6,1,22,5,125,1,-1,-1,1,-1
201797GU01804,1,9,0,4,0,1,0,0,0,0,1,1,6,2,-1,-1,1364,1,2,-1,1,-1
201797GU01804,2,9,0,3,0,1,0,0,0,0,2,1,6,1,-1,-1,1586,1,6,-1,1,-1
201797GU01807,1,9,0,18,0,4,0,0,0,0,1,1,1,1,59,9,1997,2,3,-1,1,-1
201797GU01807,2,1,0,18,0,4,0,0,0,0,4,1,6,2,28,6,-1,-1,-1,-1,1,-1
201797GU01808,1,9,0,9,0,8,1,0,0,1,4,1,2,2,25,5,1198,1,7,-1,1,-1
201797GU01808,2,9,0,18,0,8,0,0,0,0,1,1,2,2,53,8,1968,2,9,-1,1,-1
201797GU01809,1,9,0,6,0,0,0,0,0,0,3,1,6,1,25,5,1598,1,16,-1,1,-1
201797GU01809,2,3,0,18,0,0,0,0,0,0,1,1,6,1,50,8,125,1,-1,-1,1,-1
201797GU01810,1,9,0,5,0,1,0,0,0,0,3,1,6,1,42,7,1686,2,13,-1,1,-1
201797GU01810,2,1,0,9,4,1,0,0,0,0,1,1,6,2,45,7,-1,-1,-1,-1,1,-1
201797GU01811,1,9,0,6,0,1,0,0,0,0,4,1,6,2,50,8,1560,2,4,-1,1,-1
201797GU01811,2,9,0,18,0,1,0,0,0,0,1,1,6,1,24,5,1984,1,-1,-1,1,-1
201797GU01903,1,9,0,16,0,1,2,0,5,1,4,1,6,1,27,6,1984,1,-1,-1,3,-1
201797GU01905,1,1,0,17,0,0,0,0,0,0,1,1,6,1,23,5,-1,-1,-1,-1,1,-1
201797GU01905,2,9,0,18,0,0,0,0,0,0,1,1,6,1,32,6,1360,1,5,-1,1,-1
201797GU01906,1,9,0,9,0,8,0,0,0,0,1,1,6,2,25,5,2143,2,2,-1,1,-1
201797GU01906,2,1,0,7,0,8,0,0,0,0,3,1,6,1,44,7,-1,-1,-1,-1,1,-1
201797GU01907,1,9,0,5,0,6,0,0,0,0,1,1,6,2,33,6,1999,2,1,-1,1,-1
201797GU01908,1,11,0,13,0,8,0,0,7,0,0,1,1,1,31,6,6700,2,5,-1,1,-1
201797GU01908,2,19,0,6,0,5,0,0,0,0,0,1,6,1,43,7,-1,-1,-1,-1,1,-1
201797GU02001,1,9,0,9,0,5,0,0,0,0,1,1,1,2,59,9,1582,2,2,-1,1,-1
201797GU02009,1,9,0,18,0,0,0,0,0,0,1,1,6,1,-1,-1,-1,-1,-1,-1,-1,-1
201797GU02009,2,9,0,4,0,0,0,0,0,0,2,1,6,2,79,11,1386,1,9,-1,1,-1
201797GU02009,3,9,0,4,0,0,0,0,0,0,3,1,6,1,33,6,1598,1,8,-1,1,-1
201797GU02011,1,9,0,3,0,2,0,0,0,0,1,1,6,1,37,7,1968,2,1,9,2,9
201797GU02011,2,9,0,5,0,2,0,0,0,0,2,1,6,1,41,7,2982,2,6,-1,1,-1
201797GU02012,1,9,0,17,0,1,0,0,0,0,1,1,6,3,30,6,1598,1,15,-1,1,-1
201797GU02012,2,9,0,2,0,1,0,0,0,0,1,1,6,3,-1,-1,998,1,4,-1,-1,-1
201797GU02105,1,9,0,18,0,2,0,0,0,0,3,1,6,1,36,7,1951,2,12,-1,1,-1
201797GU02107,1,9,0,9,0,0,0,0,0,0,1,1,2,1,32,6,1390,1,9,-1,-1,-1
201797GU02108,1,9,0,14,0,0,0,0,0,0,1,1,6,1,20,4,1395,1,-1,-1,1,-1
201797GU02110,1,9,0,16,0,7,0,0,0,0,3,1,2,1,48,8,998,1,9,-1,2,-1
201797GU02110,2,1,0,17,0,6,0,0,0,0,4,1,2,1,37,7,-1,-1,-1,-1,1,-1
201797GU02111,1,9,0,18,0,0,5,0,0,0,1,1,6,1,81,11,1198,1,2,-1,1,-1
201797GU02111,2,9,0,2,0,0,0,0,0,0,1,1,6,3,-1,-1,996,1,6,-1,-1,-1
201797GU02112,1,9,0,7,0,5,0,0,0,0,1,1,6,1,26,6,1598,1,11,-1,1,-1
201797GU02112,2,8,0,2,0,1,0,0,0,0,1,1,1,1,49,8,1686,2,5,-1,1,-1
201797GU02301,1,9,0,18,0,1,0,0,0,0,1,1,6,1,20,4,1242,1,11,-1,1,-1
201797GU02301,2,9,0,11,0,1,0,0,0,0,3,1,6,1,30,6,1582,2,6,-1,1,-1
201797GU02301,3,9,0,2,0,1,0,0,0,0,2,1,1,1,20,4,-1,-1,-1,-1,1,-1
201797GU02305,1,8,0,18,0,1,0,0,0,0,1,1,1,1,40,7,1956,2,2,-1,2,-1
201797GU02311,1,9,0,9,0,1,0,0,0,0,0,1,6,2,-1,-1,-1,-1,-1,-1,-1,-1
201797GU02311,2,11,0,4,0,1,0,0,0,0,0,1,6,1,31,6,8268,2,14,-1,1,-1
201797GU02407,1,9,0,10,0,1,0,0,0,0,1,1,6,3,-1,-1,1560,2,8,-1,-1,-1
201797GU02407,2,9,0,8,0,1,0,0,0,0,2,1,6,1,69,10,1248,1,4,-1,1,-1
201797GU02410,1,9,0,18,0,8,0,0,0,0,2,1,6,1,61,9,-1,-1,-1,-1,1,-1
201797GU02410,2,9,0,9,0,8,0,0,0,0,3,1,6,1,38,7,1588,1,13,-1,1,-1
201797GU02410,3,9,0,3,0,8,0,0,0,0,0,1,6,1,33,6,-1,-1,-1,-1,1,-1
201797GU02411,1,9,0,18,0,8,0,0,0,11,3,1,6,1,85,11,1461,2,1,-1,1,-1
201797GU02502,1,9,0,18,0,1,0,0,0,0,3,1,6,2,27,6,1496,2,3,-1,1,-1
201797GU02502,2,9,0,18,0,1,0,0,0,0,1,1,6,2,21,5,1598,1,11,-1,1,-1
201797GU02509,1,9,0,18,0,1,1,11,0,0,1,1,6,1,53,8,-1,-1,-1,-1,1,-1
201797GU02509,2,9,0,18,0,1,1,0,0,0,4,1,6,1,49,8,1461,2,1,-1,1,-1
201797GU02509,3,9,0,3,0,1,0,0,0,0,1,1,6,2,39,7,1598,1,2,-1,1,-1
201797GU02509,4,9,0,3,0,1,0,0,0,0,1,1,6,2,69,10,1598,2,3,-1,1,-1
201797GU02510,1,1,0,18,0,1,0,0,0,0,4,1,6,3,-1,-1,-1,-1,-1,-1,-1,-1
201797GU02512,1,9,0,18,0,1,0,0,0,0,1,1,6,2,22,5,999,1,1,-1,-1,-1
201797GU02512,2,9,0,9,0,1,0,0,0,0,3,1,6,2,35,6,1560,2,6,-1,1,-1
201797GU02609,1,9,0,18,0,8,0,0,0,0,4,1,2,1,46,8,1998,1,2,-1,1,-1
201797GU02609,2,9,0,12,0,8,0,0,0,0,3,1,6,1,24,5,2143,2,4,-1,1,-1
201797GU02610,1,9,0,18,0,0,0,0,7,2,1,1,6,1,53,8,1329,1,5,-1,1,-1
201797GU02703,1,11,0,18,0,8,0,0,0,0,0,1,6,1,-1,-1,-1,-1,-1,-1,-1,-1
201797GU02704,1,8,0,18,0,0,0,0,0,0,1,1,1,1,61,9,2664,2,16,-1,1,-1
201797GU02707,1,3,0,18,0,1,5,0,0,0,3,1,6,1,33,6,125,1,9,-1,1,-1
201797GU02708,1,9,0,4,0,0,0,0,0,0,1,1,6,1,18,4,1595,1,10,-1,1,-1
201797GU02708,2,9,0,18,0,0,0,0,0,0,2,1,6,1,64,9,1560,2,1,-1,1,-1
201797GU02710,1,9,0,18,0,1,0,0,5,0,1,1,6,1,32,6,1349,1,5,-1,1,-1
201797GU02710,2,9,0,18,0,1,0,0,0,0,1,1,6,1,33,6,1968,2,10,-1,1,-1
201797GU02807,1,8,0,9,0,2,0,0,0,0,1,1,1,1,60,9,1598,2,3,-1,1,-1
201797GU02807,2,9,0,18,0,1,0,0,0,0,4,1,2,1,26,6,998,1,15,-1,2,-1
201797GU02808,1,9,0,5,0,7,0,0,0,0,4,1,1,1,58,9,-1,-1,-1,-1,1,-1
201797GU02808,2,1,0,17,0,1,0,0,0,0,1,1,2,1,23,5,-1,-1,-1,-1,1,-1
201797GU02809,1,9,0,7,0,1,0,0,0,0,3,1,6,2,55,8,998,1,11,-1,1,-1
201797GU02809,2,1,0,18,0,1,0,0,0,0,1,1,6,1,35,6,-1,-1,-1,-1,1,-1
201797GU02810,1,9,0,9,0,5,1,0,0,0,1,1,1,1,50,8,-1,-1,-1,-1,1,-1
201797GU02810,2,9,0,18,0,1,1,0,0,0,1,1,6,2,59,9,1598,1,12,-1,1,-1
201797GU02904,1,9,0,5,0,6,0,0,0,0,1,1,1,2,33,6,1799,1,7,-1,1,-1
201797GU02904,2,9,0,18,0,1,0,0,0,0,3,1,1,2,29,6,-1,-1,-1,-1,1,-1
201797GU02907,1,19,0,18,0,8,0,0,0,0,4,1,1,1,57,9,2402,2,6,-1,2,-1
201797GU02908,1,9,0,5,0,0,0,0,0,0,3,2,6,3,-1,-1,-1,-1,-1,-1,-1,-1
201797GU02908,2,9,0,18,0,0,0,0,0,0,4,1,6,1,42,7,1796,1,15,-1,1,-1
201797GU02910,1,9,0,5,0,1,0,0,0,0,3,1,6,1,85,11,1240,1,13,-1,1,-1
201797GU02910,2,4,0,18,0,1,0,0,0,0,1,1,6,1,29,6,125,1,-1,-1,1,-1
201797GU03004,1,9,0,18,0,0,0,0,0,0,4,1,1,1,69,10,998,1,4,-1,1,-1
201797GU03004,2,9,0,4,0,0,0,0,0,0,3,1,1,1,50,8,998,1,-1,-1,-1,-1
201797GU03007,1,9,0,18,0,0,0,0,0,0,1,1,6,1,21,5,998,1,14,-1,1,-1
201797GU03007,2,9,0,18,0,0,0,0,0,0,2,1,6,1,20,4,1229,1,5,-1,1,-1
201797GU03107,1,9,0,7,0,3,0,0,0,0,4,1,6,3,-1,-1,-1,-1,-1,-1,-1,-1
201797GU03107,2,1,0,18,0,4,0,0,0,0,3,1,6,1,23,5,-1,-1,-1,-1,1,-1
201797GU03110,1,9,0,9,0,8,1,0,0,0,4,1,6,1,38,7,1995,2,4,-1,1,-1
201797GU03110,2,9,0,18,0,8,1,0,0,0,1,1,2,2,49,8,1995,2,12,-1,1,-1
201797GU03208,1,9,0,1,0,0,0,0,0,0,2,1,1,1,50,8,-1,-1,-1,-1,1,-1
201797GU03209,1,9,0,16,0,0,0,0,0,0,3,1,2,1,29,6,-1,-1,-1,-1,1,-1
201797GU03209,2,11,0,17,0,0,0,0,0,0,3,1,1,1,37,7,7300,2,11,-1,1,-1
201797GU03210,1,9,0,14,0,0,0,0,0,0,4,1,6,1,-1,-1,1968,2,7,-1,-1,-1
201797GU03210,2,9,0,4,0,0,0,0,0,0,3,1,6,1,19,4,-1,-1,-1,-1,-1,-1
201797GU03304,1,9,0,18,0,0,0,0,0,0,4,1,6,2,48,8,1149,1,5,-1,1,-1
201797GU03308,1,9,0,1,0,0,0,0,0,0,1,1,1,1,30,6,1598,2,2,-1,1,-1
201797GU03308,2,9,0,2,0,0,0,0,0,0,0,1,6,1,57,9,1968,2,2,-1,-1,-1
201797GU03310,1,9,0,11,0,0,0,0,0,0,4,1,6,2,52,8,-1,-1,-1,-1,1,-1
201797GU03310,2,9,0,12,0,0,0,0,0,0,3,1,6,2,23,5,999,1,4,-1,1,-1
201797GU03401,1,9,0,18,0,1,0,0,0,0,1,1,6,1,18,4,1198,1,14,-1,1,-1
201797GU03401,2,9,0,4,0,1,0,0,0,0,2,1,6,2,39,7,1984,1,11,-1,1,-1
201797GU03403,1,9,0,13,0,0,0,0,0,0,4,1,6,1,20,4,998,1,4,-1,1,-1
201797GU03403,2,9,0,6,0,0,0,0,0,0,3,1,6,1,48,8,1229,1,7,-1,1,-1
201797GU03404,1,1,0,18,0,8,0,0,0,0,1,1,6,2,25,5,-1,-1,-1,-1,1,-1
201797GU03404,2,19,0,18,0,8,0,0,0,0,1,1,6,1,48,8,-1,-1,-1,-1,1,-1
201797GU03408,1,1,0,18,0,1,0,0,0,0,1,1,6,2,45,7,-1,-1,-1,-1,1,-1
201797GU03408,2,9,0,5,0,1,0,0,0,0,3,1,6,2,34,6,2993,2,1,-1,1,-1
201797GU03509,1,9,0,6,0,0,0,0,0,0,2,1,6,2,55,8,1364,1,11,-1,1,-1
201797GU03509,2,5,0,4,0,0,1,0,0,0,1,1,6,1,23,5,645,1,8,-1,1,-1
201797GU03601,1,9,0,6,0,2,0,0,0,0,3,1,6,1,23,5,1461,2,1,-1,1,-1
201797GU03601,2,1,0,14,0,2,0,0,0,0,1,1,6,1,33,6,-1,-1,-1,-1,1,-1
201797GU03702,1,9,0,2,0,0,0,0,0,0,3,1,6,3,-1,-1,1364,1,8,-1,-1,-1
201797GU03702,2,11,0,18,0,0,0,0,0,0,4,1,1,1,58,9,10837,2,1,-1,2,-1
201797GU03703,1,9,0,18,0,0,0,0,7,2,4,1,6,1,25,5,1598,1,13,-1,1,-1
201797GU03801,1,9,0,18,0,1,0,0,0,0,1,1,6,2,48,8,998,1,13,-1,1,-1
201797GU03801,2,9,0,4,0,1,0,0,0,0,2,1,6,1,43,7,1242,1,15,-1,1,-1
201797GU03801,3,9,0,4,0,1,0,0,0,0,2,1,1,1,36,7,1560,2,4,-1,1,-1
201797GU03802,1,9,0,4,0,0,0,0,0,0,1,1,6,1,22,5,1390,1,6,-1,-1,-1
201797GU03802,2,8,0,4,0,0,0,0,0,0,2,1,1,1,57,9,1598,2,3,-1,1,-1
201797GU03903,1,9,0,4,0,0,0,0,0,0,1,1,1,2,30,6,1995,2,7,-1,1,-1
201797GU03903,2,9,0,4,0,0,0,0,0,0,2,1,1,2,69,10,1582,2,7,-1,1,-1
201797GU03903,3,9,0,4,0,0,0,0,0,0,1,1,1,2,22,5,1497,8,12,-1,1,-1
201797GU03904,1,9,0,5,0,0,0,0,0,0,3,1,1,1,41,7,1995,2,2,-1,1,-1
201797GU03904,2,9,0,2,0,0,0,0,0,0,2,1,6,3,-1,-1,-1,-1,-1,-1,-1,-1
201797GU04001,1,9,0,4,0,1,0,0,0,0,1,1,6,1,54,8,2143,2,1,-1,1,-1
201797GU04001,2,9,0,3,0,1,0,0,0,0,2,1,6,1,25,5,1598,1,2,-1,1,-1
201797GU04004,1,8,0,18,0,8,0,0,0,0,3,1,6,1,-1,-1,1598,2,4,-1,-1,-1
201797GU04004,2,9,0,18,0,8,0,0,0,0,4,1,6,2,39,7,1753,2,10,7,1,7
201797GU04102,1,9,0,18,0,0,0,0,0,0,3,1,2,2,47,8,1248,2,7,-1,1,-1
201797GU04104,1,9,0,5,0,0,0,0,0,0,1,1,6,1,19,4,1149,1,9,-1,1,-1
201797GU04104,2,9,0,8,0,0,0,0,0,0,2,1,1,1,37,7,999,1,3,-1,1,-1
201797GU04202,1,9,0,5,0,1,0,0,0,0,1,1,6,1,37,7,2993,2,3,-1,1,-1
201797GU04204,1,8,0,18,0,0,0,0,0,0,1,1,6,1,46,8,1598,2,5,-1,1,-1
201797GU04503,1,9,0,4,0,0,0,4,0,0,1,1,6,2,37,7,1360,1,13,-1,1,-1
201797GU04503,2,9,0,4,0,0,0,0,0,0,2,1,6,2,29,6,1339,1,7,-1,1,-1
201797GU04901,1,9,0,18,0,0,0,0,0,0,1,1,2,2,41,7,1997,2,1,-1,1,-1
201797GU04903,1,9,0,18,0,0,0,10,0,2,1,1,2,2,57,9,1339,1,6,-1,1,-1
201797GU05101,1,9,0,18,0,1,0,0,0,0,1,1,2,1,46,8,1968,2,6,-1,-1,-1
201797GU05103,1,8,0,18,0,0,1,0,0,0,1,1,1,1,35,6,1598,2,1,-1,1,-1
201797GU05103,2,9,0,2,0,0,0,0,0,0,4,1,6,1,34,6,1998,2,7,-1,1,-1
201797GU05203,1,9,0,9,0,8,0,0,0,0,1,1,6,2,19,4,1248,2,7,-1,1,-1
201797GU05203,2,9,0,5,0,8,0,0,0,0,4,1,6,2,41,7,1206,1,6,-1,1,-1
201797GU05401,1,9,0,18,0,8,5,0,0,0,2,1,6,1,68,10,1560,2,1,-1,1,-1
201797GU05401,2,9,0,18,0,8,0,0,0,0,1,1,1,1,54,8,1598,2,5,-1,1,-1
201797GU05503,1,9,0,3,0,0,0,0,0,0,0,1,6,2,24,5,1490,1,9,-1,1,-1
201797GU05503,2,1,0,14,0,0,0,0,0,0,2,1,6,2,21,5,-1,-1,-1,-1,1,-1
201797GU05701,1,9,0,18,0,8,0,0,0,0,1,1,1,1,-1,-1,-1,-1,-1,-1,-1,-1
201797GU05701,2,9,0,18,0,8,0,0,0,0,2,1,1,2,28,6,1997,1,8,-1,1,-1
201797GU06001,1,9,0,18,0,0,0,0,0,0,1,1,6,1,37,7,2993,2,11,-1,1,-1
201797GU06001,2,9,0,3,0,0,0,0,0,0,2,1,6,2,28,6,1598,1,15,-1,1,-1
201797GU06101,1,8,0,4,0,0,0,0,0,0,0,1,1,1,25,5,1686,2,5,-1,1,-1
201797GU07701,1,9,0,1,0,1,0,0,0,0,2,1,6,1,79,11,2967,2,7,-1,-1,-1
201797GU07701,2,9,0,3,0,1,0,0,0,0,1,1,6,2,48,8,2499,1,4,-1,1,-1
201797GU07901,1,9,0,1,0,1,0,0,0,0,2,1,6,1,-1,-1,2143,2,1,-1,-1,-1
201797GU07901,2,9,0,3,0,1,0,0,0,0,1,1,6,1,34,6,1781,1,14,-1,1,-1
201797GU70101,1,9,0,18,0,7,0,0,0,0,3,1,6,2,20,4,1124,1,14,-1,1,-1
201797GU70101,2,11,0,18,0,1,0,0,0,0,4,1,1,1,36,7,6700,2,5,-1,1,-1
201797GU70105,1,9,0,4,0,0,0,0,0,0,1,1,6,1,30,6,2996,1,-1,-1,3,-1
201797GU70105,2,9,0,4,0,0,0,0,0,0,2,1,1,1,33,6,-1,-1,-1,-1,1,-1
201797GU70105,3,9,0,4,0,0,0,0,0,0,2,1,1,2,28,6,998,1,4,-1,1,-1
201797GU70109,1,9,0,18,0,0,0,0,0,0,1,1,6,2,30,6,1995,2,4,-1,1,-1
201797GU70112,1,9,0,9,0,2,0,0,0,0,3,1,6,2,46,8,2497,2,11,-1,1,-1
201797GU70112,2,5,0,18,0,1,0,0,0,0,1,1,6,1,30,6,675,1,2,-1,1,-1
201797GU70204,1,9,0,12,0,0,0,0,0,0,1,1,6,2,46,8,1596,1,13,-1,1,-1
201797GU70204,2,9,0,18,0,0,5,10,1,0,2,1,6,2,40,7,1591,1,3,-1,1,-1
201797GU70205,1,19,0,3,0,1,0,0,0,0,1,1,6,2,25,5,2143,2,4,-1,1,-1
201797GU70205,2,9,0,4,0,1,0,0,0,0,2,1,6,2,30,6,-1,3,-1,-1,1,-1
201797GU70205,3,9,0,3,0,1,0,0,0,0,1,1,6,2,54,8,1200,1,4,-1,1,-1
201797GU70206,1,9,0,18,0,0,0,0,5,6,1,1,6,1,44,7,1596,1,15,-1,1,-1
201797GU70209,1,8,0,18,0,0,0,0,0,0,1,1,1,1,29,6,1598,2,-1,-1,1,-1
201797GU70210,1,9,0,18,0,0,0,0,0,0,1,1,6,1,36,7,1796,1,13,-1,1,-1
201797GU70210,2,9,0,18,0,0,1,0,0,0,4,1,6,2,23,5,899,1,3,-1,1,-1
201797GU70210,3,9,0,18,0,0,0,0,0,0,4,1,1,1,51,8,999,1,1,-1,1,-1
201797GU70210,4,9,0,2,0,0,0,0,0,0,4,1,6,3,-1,-1,1364,1,2,-1,-1,-1
201797GU70304,1,1,0,18,0,0,0,0,0,0,3,1,6,1,45,7,-1,-1,-1,-1,1,-1
201797GU70304,2,8,0,18,0,0,0,0,0,0,1,1,1,1,66,10,2499,2,6,-1,1,-1
201797GU70407,1,9,0,18,0,0,1,7,5,6,3,1,6,2,22,5,1229,1,8,-1,1,-1
201797GU70410,1,9,0,3,0,7,0,0,0,0,1,1,6,2,30,6,1339,1,4,-1,3,-1
201797GU70410,2,9,0,3,0,7,0,0,0,0,2,1,6,2,19,4,899,1,3,-1,-1,-1
201797GU70412,1,8,0,5,0,8,0,0,0,0,1,1,1,1,60,9,1560,2,2,-1,1,-1
201797GU70607,1,9,0,18,0,0,0,0,0,0,1,1,6,2,33,6,1618,1,-1,-1,1,-1
201797GU70607,2,9,0,3,0,0,0,0,0,0,2,1,6,2,30,6,1390,1,8,-1,-1,-1
201797GU70607,3,9,0,3,0,0,0,0,0,0,2,1,2,2,49,8,-1,-1,-1,-1,-1,-1
201797KA00102,1,19,0,18,0,0,0,0,1,9,0,1,2,1,61,9,1461,2,6,-1,1,-1
201797KA00106,1,9,0,18,0,0,0,0,0,0,1,1,6,1,26,6,1242,1,4,-1,1,-1
201797KA00109,1,90,0,5,0,0,0,0,0,0,4,1,1,2,26,6,-1,-1,-1,-1,1,-1
201797KA00110,1,1,0,18,0,0,0,0,0,0,1,1,6,1,35,6,-1,-1,-1,-1,1,-1
201797KA00110,2,9,0,5,0,0,0,0,0,0,2,1,6,1,41,7,1598,2,2,-1,1,-1
201797KA00111,1,11,0,4,0,1,0,0,0,0,0,1,6,1,45,7,7300,2,10,-1,-1,-1
201797KA00112,1,9,0,9,0,8,0,0,0,0,1,1,2,2,28,6,1587,1,11,-1,1,-1
201797KA00112,2,9,0,18,0,8,0,0,0,0,3,1,2,1,22,5,1229,1,3,-1,1,-1
201797KA00201,1,9,0,16,0,2,0,0,0,0,1,1,6,1,24,5,1968,2,4,-1,1,-1
201797KA00203,1,8,0,11,0,1,0,0,0,0,1,1,1,1,55,8,1598,2,4,-1,1,-1
201797KA00203,2,9,0,3,0,1,0,0,0,0,2,1,6,2,38,7,2143,2,1,-1,1,-1
201797KA00204,1,19,0,7,0,8,0,0,0,0,4,1,6,1,63,9,2198,2,5,-1,1,-1
201797KA00205,1,9,0,4,0,1,0,0,0,0,1,1,6,1,45,7,1560,2,4,-1,1,-1
201797KA00205,2,9,0,3,0,1,0,0,0,0,2,1,6,2,27,6,998,1,4,-1,1,-1
201797KA00208,1,19,0,5,0,1,0,0,0,0,4,1,1,1,31,6,1968,2,1,-1,2,-1
201797KA00208,2,9,0,18,0,1,0,0,0,0,3,1,1,1,54,8,1299,1,9,-1,1,-1
201797KA00209,1,9,0,18,0,1,1,0,0,0,1,1,6,1,54,8,1396,2,7,-1,1,-1
201797KA00209,2,9,0,4,0,1,0,0,0,0,2,1,6,2,28,6,1582,2,5,-1,1,-1
201797KA00211,1,19,0,2,0,2,0,0,0,0,2,1,6,1,47,8,-1,-1,-1,-1,1,-1
201797KA00212,1,11,0,3,0,1,0,0,0,0,0,1,1,1,61,9,7300,2,10,-1,1,-1
201797KA00301,1,9,0,18,0,0,0,0,0,0,4,1,6,1,32,6,999,1,1,-1,1,-1
201797KA00303,1,9,0,11,0,0,0,0,0,0,1,1,6,3,-1,-1,-1,-1,-1,-1,-1,-1
201797KA00303,2,9,0,18,0,0,0,0,1,7,2,1,6,1,31,6,1339,1,14,-1,1,-1
201797KA00304,1,9,0,18,0,1,0,0,0,0,1,1,6,2,27,6,1149,1,7,-1,1,-1
201797KA00304,2,9,0,10,0,1,0,0,0,0,2,1,6,2,63,9,1124,1,13,-1,1,-1
201797KA00305,1,9,0,9,0,8,0,0,0,0,0,1,6,1,34,6,1229,1,6,-1,1,-1
201797KA00305,2,8,0,18,0,8,0,0,0,0,3,1,6,1,25,5,-1,-1,-1,-1,1,-1
201797KA00307,1,9,0,18,0,0,0,0,0,0,1,1,6,2,73,10,998,1,7,-1,-1,-1
201797KA00309,1,8,0,18,0,1,0,0,0,0,1,1,1,1,47,8,1598,2,1,-1,2,-1
201797KA00312,1,9,0,10,0,1,1,0,0,0,4,1,6,1,60,9,1396,1,3,-1,1,-1
201797KA00312,2,9,0,18,0,1,1,0,0,0,1,1,6,1,32,6,1398,2,13,-1,1,-1