Accident_Index,Vehicle_Reference,Vehicle_Type,Towing_and_Articulation,Vehicle_Manoeuvre,Vehicle_Location-Restricted_Lane,Junction_Location,Skidding_and_Overturning,Hit_Object_in_Carriageway,Vehicle_Leaving_Carriageway,Hit_Object_off_Carriageway,1st_Point_of_Impact,Was_Vehicle_Left_Hand_Drive?,Journey_Purpose_of_Driver,Sex_of_Driver,Age_of_Driver,Age_Band_of_Driver,Engine_Capacity_(CC),Propulsion_Code,Age_of_Vehicle,Driver_IMD_Decile,Driver_Home_Area_Type,Vehicle_IMD_Decile
201797KA00401,1,9,0,9,0,8,0,0,0,0,4,1,6,1,18,4,1149,1,7,-1,-1,-1
201797KA00401,2,11,0,18,0,8,0,0,0,0,1,1,1,1,35,6,6370,2,10,-1,-1,-1
201797KA00402,1,11,0,10,0,1,0,0,0,0,1,1,1,1,44,7,5900,2,11,-1,1,-1
201797KA00403,1,9,0,13,0,8,0,0,0,0,4,1,2,1,25,5,1360,1,13,-1,1,-1
201797KA00403,2,11,0,5,0,8,0,0,0,0,1,1,1,1,25,5,3900,2,13,-1,1,-1
201797KA00404,1,20,0,11,0,2,0,0,0,0,4,1,1,1,53,8,10837,2,2,-1,1,-1
201797KA00404,2,9,0,18,0,2,0,0,0,0,3,1,2,2,48,8,1499,2,1,-1,1,-1
201797KA00406,1,9,0,18,0,5,0,4,0,0,1,1,6,1,26,6,1598,1,12,-1,-1,-1
201797KA00406,2,9,0,2,0,2,0,0,0,0,2,1,6,1,57,9,1248,2,9,-1,1,-1
201797KA00410,1,9,0,18,0,0,0,0,7,2,1,1,6,1,36,7,2497,1,10,-1,1,-1
201797KA00501,1,9,0,9,0,8,0,0,0,0,1,1,6,1,71,10,1229,1,4,-1,1,-1
201797KA00501,2,8,0,18,0,8,0,0,0,0,3,1,1,1,60,9,1598,2,3,-1,1,-1
201797KA00502,1,9,0,18,0,1,0,0,0,0,4,1,6,1,-1,-1,-1,-1,-1,-1,-1,-1
201797KA00503,1,9,0,18,0,0,0,0,0,0,4,1,6,1,34,6,1794,1,11,-1,1,-1
201797KA00503,2,9,0,18,0,0,0,0,0,0,3,1,6,1,32,6,1560,2,2,-1,-1,-1
201797KA00504,1,10,0,18,0,4,0,0,0,0,0,1,1,1,48,8,-1,-1,-1,-1,1,-1
201797KA00512,1,9,0,18,0,0,1,11,0,0,1,1,1,1,61,9,-1,-1,-1,-1,1,-1
201797KA00603,1,9,0,9,0,5,0,0,0,0,4,1,6,1,34,6,1461,2,2,-1,-1,-1
201797KA00605,1,9,0,18,0,0,0,0,0,0,1,1,6,1,30,6,-1,-1,-1,-1,1,-1
201797KA00605,2,9,0,2,0,0,0,0,0,0,3,1,6,1,-1,-1,-1,-1,-1,-1,1,-1
201797KA00606,1,9,0,17,0,0,1,0,1,11,1,1,2,1,23,5,1587,1,14,-1,1,-1
201797KA00607,1,21,4,11,0,2,0,0,0,0,1,1,1,1,25,5,12740,2,2,-1,1,-1
201797KA00607,2,9,0,12,0,2,0,0,0,0,3,1,2,2,54,8,1198,1,4,-1,1,-1
201797KA00608,1,9,0,9,0,8,0,0,0,0,1,1,6,1,37,7,1339,1,11,-1,-1,-1
201797KA00608,2,9,0,18,0,8,0,0,0,0,3,1,6,1,41,7,1598,2,2,-1,1,-1
201797KA00609,1,9,0,16,0,0,1,0,1,11,1,1,6,2,21,5,1242,1,13,-1,1,-1
201797KA00609,2,9,0,16,0,0,0,0,0,0,2,1,6,2,21,5,1242,1,4,-1,1,-1
201797KA00609,3,9,0,16,0,0,0,0,0,0,1,1,6,1,20,4,1968,2,1,-1,1,-1
201797KA00610,1,9,0,5,0,2,0,0,0,0,1,1,6,1,58,9,2688,2,15,-1,1,-1
201797KA00610,2,9,0,3,0,2,0,0,0,0,2,1,6,1,52,8,2188,2,10,-1,1,-1
201797KA00610,3,9,0,3,0,2,0,0,0,0,2,1,6,1,46,8,1988,1,15,-1,1,-1
201797KA00610,4,9,0,3,0,2,0,0,0,0,2,1,6,2,43,7,1461,2,2,-1,1,-1
201797KA00610,5,9,0,5,0,2,0,0,0,0,2,1,6,1,44,7,1984,1,-1,-1,2,-1
201797KA00611,1,9,0,18,0,0,0,0,0,0,3,1,6,1,26,6,1910,2,11,-1,1,-1
201797KA00612,1,9,0,18,0,0,0,0,0,0,4,1,6,2,30,6,1248,2,6,-1,-1,-1
201797KA00703,1,9,0,18,0,0,0,0,0,0,4,1,6,2,70,10,1596,1,2,-1,1,-1
201797KA00704,1,9,0,4,0,1,0,0,0,0,1,1,6,2,71,10,1390,1,5,-1,1,-1
201797KA00704,2,9,0,10,0,6,0,0,0,0,3,1,6,1,35,6,1461,2,4,-1,3,-1
201797KA00705,1,9,0,18,0,1,0,0,0,0,3,1,6,1,18,4,1242,1,7,-1,-1,-1
201797KA00705,2,9,0,18,0,1,0,0,0,0,4,1,1,2,21,5,1242,1,4,-1,1,-1
201797KA00708,1,9,0,9,0,8,0,0,0,0,4,1,6,2,61,9,1560,2,1,-1,1,-1
201797KA00708,2,1,0,18,0,8,0,0,0,0,1,1,6,1,53,8,-1,-1,-1,-1,1,-1
201797KA00806,1,9,0,18,0,2,0,0,0,0,4,1,6,1,22,5,898,1,1,-1,1,-1
201797KA00809,1,9,0,16,0,0,0,0,0,0,1,1,6,1,49,8,1997,2,9,-1,1,-1
201797KA00809,2,9,0,17,0,0,0,0,0,0,3,1,6,1,63,9,996,1,3,-1,1,-1
201797KA00810,1,9,0,10,0,1,0,0,0,0,1,1,6,1,59,9,1598,1,9,-1,1,-1
201797KA00810,2,9,0,8,0,1,0,0,0,0,2,1,6,2,52,8,2184,2,12,-1,1,-1
201797KA00811,1,9,0,9,0,1,0,0,0,0,1,1,6,1,45,7,1685,2,-1,-1,3,-1
201797KA00901,1,9,0,7,0,5,0,0,0,0,4,1,6,1,40,7,998,1,15,-1,1,-1
201797KA00901,2,3,0,18,0,1,0,0,0,0,3,1,6,1,44,7,-1,-1,-1,-1,1,-1
201797KA00902,1,9,0,4,0,8,0,0,0,0,4,1,6,1,17,4,1390,1,10,-1,1,-1
201797KA00904,1,9,0,18,0,1,0,0,0,0,1,1,6,1,50,8,1956,2,4,-1,1,-1
201797KA00904,2,9,0,9,0,5,0,0,0,1,3,1,6,1,81,11,1242,1,1,-1,1,-1
201797KA00905,1,9,0,18,0,1,0,0,0,0,1,1,6,1,27,6,1229,1,5,-1,1,-1
201797KA00905,2,9,0,8,0,1,0,0,0,0,2,1,2,2,37,7,1328,1,8,-1,1,-1
201797KA00906,1,9,0,18,9,0,2,0,8,11,3,1,6,1,27,6,1988,1,15,-1,1,-1
201797KA01004,1,9,0,18,0,2,0,0,2,10,1,1,6,1,22,5,998,1,12,-1,1,-1
201797KA01004,2,9,0,2,0,2,0,0,0,0,4,1,6,3,-1,-1,1496,2,1,-1,-1,-1
201797KA01006,1,9,0,6,0,1,0,0,0,0,3,1,6,2,22,5,999,1,2,8,1,8
201797KA01006,2,1,0,18,0,1,0,0,0,0,1,1,6,1,57,9,-1,-1,-1,-1,1,-1
201797KA01008,1,19,0,14,0,0,0,0,0,0,1,1,1,1,35,6,1998,2,12,-1,-1,-1
201797KA01011,1,9,0,18,0,0,0,0,0,0,3,1,6,2,32,6,-1,-1,-1,-1,2,-1
201797KA01101,1,9,0,18,0,0,0,0,0,0,1,1,6,1,70,10,-1,-1,-1,-1,-1,-1
201797KA01102,1,9,0,18,0,2,0,0,0,0,1,1,6,2,-1,-1,1598,2,2,-1,-1,-1
201797KA01102,2,19,0,18,0,2,0,0,0,0,2,1,1,1,50,8,-1,3,5,-1,1,-1
201797KA01103,1,9,0,18,0,1,0,0,0,0,1,1,6,2,55,8,1398,2,5,-1,1,-1
201797KA01103,2,9,0,18,0,1,0,0,0,0,3,1,6,2,82,11,1339,1,10,-1,1,-1
201797KA01104,1,9,0,9,9,1,0,0,7,11,1,1,6,1,32,6,1598,2,2,-1,1,-1
201797KA01107,1,9,0,9,0,8,0,0,0,0,0,1,6,1,28,6,1399,1,1,-1,1,-1
201797KA01107,2,5,0,4,0,8,0,0,0,0,0,1,6,1,46,8,903,1,7,-1,1,-1
201797KA01108,1,9,0,12,0,0,0,0,0,0,1,1,2,1,27,6,1364,1,2,-1,1,-1
201797KA01108,2,9,0,18,0,0,0,0,0,0,2,1,2,2,25,5,1364,1,7,-1,1,-1
201797KA01108,3,9,0,18,0,0,0,0,0,0,2,1,2,2,34,6,1968,2,6,-1,1,-1
201797KA01110,1,9,0,18,0,1,0,0,0,0,1,1,6,1,-1,-1,1896,2,15,-1,1,-1
201797KA01110,2,9,0,3,0,1,0,0,0,0,2,1,2,1,40,7,1461,2,12,-1,1,-1
201797KA01112,1,11,0,9,0,8,0,0,0,0,0,1,1,1,47,8,6700,2,8,-1,1,-1
201797KA01206,1,9,0,18,0,8,0,0,0,0,3,1,6,1,44,7,1398,1,1,-1,1,-1
201797KA01208,1,9,0,5,0,7,0,0,0,0,1,1,1,2,46,8,1896,2,9,-1,1,-1
201797KA01208,2,1,0,18,0,8,0,0,0,0,2,1,1,1,55,8,-1,-1,-1,-1,2,-1
201797KA01211,1,9,0,11,0,1,0,0,0,0,4,1,6,2,88,11,1498,1,2,-1,1,-1
201797KA01211,2,9,0,18,0,1,0,0,0,0,3,1,6,1,28,6,1598,1,3,-1,1,-1
201797KA01212,1,8,0,1,2,0,0,0,0,0,2,1,1,1,28,6,1598,2,4,-1,1,-1
201797KA01302,1,9,0,18,0,1,0,0,0,0,1,1,6,2,31,6,1242,1,6,-1,1,-1
201797KA01302,2,9,0,18,0,1,0,0,0,0,2,1,6,2,35,6,1598,1,4,-1,1,-1
201797KA01303,1,9,0,18,0,1,0,0,0,0,1,1,6,3,-1,-1,1956,2,2,-1,-1,-1
201797KA01304,1,9,0,9,0,6,0,0,0,0,3,1,2,2,25,5,1390,1,5,-1,1,-1
201797KA01304,2,9,0,18,0,8,0,0,0,0,1,1,2,2,35,6,1596,1,14,-1,1,-1
201797KA01310,1,9,0,9,0,8,0,0,0,0,1,1,6,1,65,9,1560,2,1,-1,3,-1
201797KA01310,2,1,0,18,0,1,0,0,0,0,1,1,1,1,46,8,-1,-1,-1,-1,1,-1
201797KA01311,1,9,0,18,0,0,0,0,0,0,1,1,6,2,21,5,1242,1,4,-1,1,-1
201797KA01401,1,9,0,11,0,0,2,2,0,0,1,1,1,1,18,4,1299,1,11,-1,2,-1
201797KA01402,1,20,0,1,0,1,0,0,0,0,2,1,1,1,48,8,-1,-1,-1,-1,-1,-1
201797KA01402,2,9,0,18,0,1,0,0,0,0,2,1,6,2,19,4,1997,2,9,-1,1,-1
201797KA01403,1,9,0,18,0,1,0,0,0,0,4,1,1,1,47,8,1598,2,1,-1,1,-1
201797KA01406,1,9,0,18,0,0,1,0,0,0,1,1,6,1,58,9,4163,1,11,-1,1,-1
201797KA01406,2,8,0,2,0,0,0,0,0,0,1,1,1,1,53,8,1598,2,5,-1,-1,-1
201797KA01407,1,9,0,1,0,1,0,0,0,0,2,1,6,2,52,8,2143,2,6,-1,1,-1
201797KA01408,1,9,0,7,0,1,0,0,0,0,1,1,6,1,41,7,898,1,1,-1,1,-1
201797KA01408,2,9,0,18,0,1,0,0,1,11,4,1,1,1,52,8,1560,2,4,-1,-1,-1
201797KA01506,1,9,0,9,0,6,0,0,0,0,3,1,1,2,19,4,998,1,2,-1,1,-1
201797KA01506,2,11,0,18,0,1,0,0,0,0,1,1,1,1,47,8,3900,2,12,-1,1,-1
201797KA01512,1,9,0,1,0,0,0,0,0,0,2,1,6,2,50,8,-1,-1,-1,-1,1,-1
201797KA01601,1,9,0,18,0,0,1,0,0,0,1,1,6,1,20,4,1198,1,7,-1,1,-1
201797KA01601,2,9,0,18,0,0,0,0,0,0,2,1,6,1,57,9,1910,2,6,-1,1,-1
201797KA01601,3,9,0,18,0,0,0,0,0,0,2,1,6,1,48,8,1995,2,1,-1,2,-1
201797KA01601,4,9,0,18,0,0,0,0,0,0,1,1,6,1,61,9,2143,2,6,-1,1,-1
201797KA01601,5,9,0,18,0,0,0,0,1,0,1,1,6,1,46,8,3996,1,19,-1,1,-1
201797KA01604,1,9,0,18,0,0,0,0,0,0,1,1,6,1,36,7,1984,1,-1,-1,1,-1
201797KA01606,1,9,0,18,0,1,0,0,0,0,1,1,6,1,31,6,1149,1,7,-1,1,-1
201797KA01606,2,9,0,7,0,1,0,0,0,0,2,1,6,2,60,9,2231,2,4,-1,1,-1
201797KA01607,1,9,0,5,0,1,0,0,0,0,1,1,6,2,-1,-1,-1,-1,-1,-1,-1,-1
201797KA01607,2,9,0,5,0,1,0,0,0,0,2,1,6,2,24,5,1248,2,1,-1,1,-1
201797KA01608,1,9,0,18,0,8,0,0,0,0,1,1,2,2,69,10,1399,1,8,-1,1,-1
201797KA01608,2,9,0,4,0,2,0,0,0,0,2,1,6,1,46,8,1248,2,4,-1,1,-1
201797KA01608,3,9,0,7,0,2,0,0,0,0,2,1,3,1,51,8,1598,1,8,-1,1,-1
201797KA01610,1,9,0,4,0,2,0,0,0,1,1,1,6,2,79,11,1242,1,4,-1,3,-1
201797KA01610,2,9,0,18,0,1,0,0,0,0,2,1,6,2,32,6,1560,2,3,-1,1,-1
201797KA01611,1,9,0,18,0,8,0,0,0,0,1,1,6,2,-1,-1,1799,1,6,-1,1,-1
201797KA01611,2,9,0,18,0,8,0,0,0,0,3,1,6,2,49,8,998,1,11,-1,1,-1
201797KA01612,1,9,0,4,0,0,1,0,0,0,1,1,6,1,26,6,1398,1,2,-1,2,-1
201797KA01612,2,9,0,4,0,0,1,0,0,0,2,1,6,2,30,6,1461,2,3,-1,1,-1
201797KA01701,1,9,0,11,0,0,0,0,0,0,4,1,6,2,54,8,1968,2,2,-1,1,-1
201797KA01701,2,11,0,18,0,0,0,0,0,10,1,1,1,1,55,8,4461,2,2,-1,1,-1
201797KA01706,1,9,0,9,0,1,0,0,0,0,1,1,6,1,22,5,1997,1,4,-1,1,-1
201797KA01706,2,5,0,18,0,1,0,0,0,0,4,1,2,1,27,6,1198,1,3,-1,1,-1
201797KA01707,1,1,0,16,0,0,0,0,0,0,4,1,2,1,20,4,-1,-1,-1,-1,1,-1
201797KA01707,2,19,0,17,0,0,0,0,0,0,1,1,2,1,42,7,2198,2,2,-1,1,-1
201797KA01708,1,9,0,9,0,1,0,0,0,0,3,1,6,2,20,4,-1,-1,-1,-1,1,-1
201797KA01708,2,9,0,18,0,1,0,0,0,0,1,1,6,2,26,6,1598,2,1,-1,1,-1
201797KA01710,1,9,0,9,0,8,0,0,0,0,1,1,6,1,20,4,998,1,3,-1,-1,-1
201797KA01710,2,9,0,18,0,8,0,0,0,0,1,1,6,1,27,6,-1,-1,-1,-1,1,-1
201797KA01712,1,9,0,9,0,6,0,0,0,0,1,1,6,2,53,8,998,1,7,-1,1,-1
201797KA01712,2,9,0,18,0,2,0,0,1,10,3,1,6,1,47,8,1956,2,2,-1,1,-1
201797KA01806,1,9,0,12,0,1,0,0,0,0,3,1,6,1,51,8,1587,1,13,-1,1,-1
201797KA01806,2,9,0,18,0,7,0,0,0,0,4,1,6,2,33,6,1595,1,1,-1,1,-1
201797KA01806,3,9,0,18,0,1,0,0,0,0,4,1,6,2,43,7,1461,2,2,-1,1,-1
201797KA01807,1,9,0,18,0,0,0,0,0,0,1,1,6,3,-1,-1,-1,-1,-1,-1,-1,-1
201797KA01808,1,9,0,18,0,0,0,0,0,0,3,1,6,1,41,7,1598,2,3,-1,1,-1
201797KA01810,1,9,0,18,0,1,0,7,7,7,1,1,1,1,54,8,1798,1,3,-1,1,-1
201797KA01810,2,9,0,18,0,1,0,0,0,0,1,1,1,1,52,8,3200,2,7,-1,1,-1
201797KA01812,1,9,0,13,0,2,1,0,0,0,1,1,6,1,43,7,1591,1,-1,-1,1,-1
201797KA01812,2,9,0,13,0,2,1,0,0,0,2,1,6,1,33,6,1360,1,11,-1,1,-1
201797KA01812,3,9,0,18,0,2,0,0,0,0,2,1,6,2,40,7,1598,2,5,-1,1,-1
201797KA01901,1,9,0,18,0,1,0,0,6,0,1,1,6,1,39,7,1497,8,11,-1,1,-1
201797KA01910,1,9,0,18,0,0,0,0,0,0,1,1,2,1,55,8,1398,1,3,-1,1,-1
201797KA02001,1,9,0,7,0,1,0,0,0,0,4,1,6,1,-1,-1,-1,-1,-1,-1,-1,-1
201797KA02001,2,1,0,5,0,1,0,0,0,0,3,1,2,1,32,6,-1,-1,-1,-1,1,-1
201797KA02010,1,9,0,9,0,1,0,0,0,0,4,1,6,1,65,9,1797,8,2,-1,1,-1
201797KA02010,2,4,0,18,0,2,0,0,0,0,1,1,6,1,18,4,124,1,14,-1,1,-1
201797KA02108,1,9,0,18,0,5,0,0,0,0,4,1,6,1,31,6,1461,2,5,-1,1,-1
201797KA02208,1,1,0,18,9,0,0,0,0,0,3,1,6,1,17,4,-1,-1,-1,-1,1,-1
201797KA02208,2,9,0,18,9,0,0,0,0,0,4,1,1,1,30,6,-1,-1,-1,-1,1,-1
201797KA02308,1,1,0,18,0,1,0,0,0,0,1,1,6,1,7,2,-1,-1,-1,-1,1,-1
201797KA02308,2,9,0,5,0,1,0,0,0,0,1,1,2,2,24,5,1198,1,3,-1,2,-1
201797KA02408,1,9,0,4,0,8,0,0,0,0,1,1,6,2,21,5,1398,1,1,-1,1,-1
201797KA02408,2,9,0,4,0,8,0,0,0,0,2,1,6,2,25,5,1587,1,10,-1,1,-1
201797KA02408,3,9,0,4,0,8,0,0,0,0,2,1,6,2,42,7,1896,2,8,-1,2,-1
201797KA70102,1,9,0,4,0,0,0,0,0,0,1,1,6,1,72,10,1685,2,3,-1,1,-1
201797KA70102,2,9,0,4,0,0,0,0,1,7,2,1,1,2,45,7,998,1,6,-1,1,-1
201797KA70202,1,19,0,7,9,8,0,10,3,11,1,1,6,1,25,5,2198,2,6,-1,1,-1
201797KB00102,1,9,0,5,0,1,0,0,0,0,1,1,6,1,40,7,-1,-1,-1,-1,-1,-1
201797KB00102,2,9,0,18,0,1,0,0,0,0,2,1,6,2,24,5,1149,1,4,-1,1,-1
201797KB00103,1,9,0,1,0,1,0,0,0,0,3,1,6,3,-1,-1,-1,-1,-1,-1,-1,-1
201797KB00103,2,1,0,9,0,1,0,0,0,0,0,1,6,1,42,7,-1,-1,-1,-1,1,-1
201797KB00104,1,9,0,17,0,1,2,0,7,10,1,1,6,1,37,7,1998,1,11,-1,1,-1
201797KB00106,1,9,0,18,0,0,0,0,0,0,1,1,6,2,33,6,3456,8,1,-1,1,-1
201797KB00107,1,9,0,18,0,0,1,0,0,0,1,1,6,2,17,4,3200,2,11,-1,3,-1
201797KB00107,2,11,0,18,0,0,0,0,0,0,1,1,1,1,29,6,9000,2,8,-1,1,-1
201797KB00108,1,9,0,5,0,8,0,0,0,0,4,1,6,2,70,10,2199,2,6,-1,3,-1
201797KB00108,2,9,0,5,0,8,0,0,0,0,3,1,1,1,49,8,1598,2,1,-1,1,-1
201797KB00109,1,9,0,18,0,0,1,4,0,0,1,1,6,2,18,4,1149,1,9,-1,1,-1
201797KB00109,2,9,0,2,0,0,0,0,0,0,2,1,6,3,-1,-1,1560,2,3,-1,-1,-1
201797KB00109,3,1,0,18,0,0,0,0,0,0,1,1,6,1,62,9,-1,-1,-1,-1,2,-1
201797KB00110,1,9,0,4,0,0,1,0,0,0,1,1,6,2,49,8,1199,1,16,-1,1,-1
201797KB00110,2,9,0,4,0,0,0,0,0,0,2,1,6,2,61,9,1339,1,10,-1,1,-1
201797KB00110,3,9,0,4,0,0,0,0,0,0,2,1,6,2,74,10,998,1,8,-1,2,-1
201797KB00110,4,9,0,4,0,0,0,0,0,0,2,1,6,2,57,9,999,1,1,-1,2,-1
201797KB00111,1,9,0,18,0,3,0,0,0,0,0,1,6,1,31,6,2902,2,10,-1,-1,-1
201797KB00201,1,9,0,9,0,8,0,0,0,0,1,1,6,1,83,11,1997,1,2,-1,1,-1
201797KB00201,2,9,0,9,0,8,0,0,0,0,4,1,6,1,24,5,1598,2,8,-1,1,-1
201797KB00202,1,9,0,18,0,4,0,0,0,0,1,1,1,1,59,9,1229,1,12,-1,1,-1
201797KB00202,2,9,0,18,0,3,0,0,0,0,2,1,1,2,33,6,1343,1,14,-1,1,-1
201797KB00203,1,3,0,4,0,1,1,0,0,0,3,1,6,1,81,11,124,1,10,-1,1,-1
201797KB00205,1,9,0,18,0,0,0,0,0,11,1,1,6,1,38,7,1984,1,17,-1,1,-1
201797KB00207,1,9,0,18,0,1,0,0,0,0,4,1,6,1,69,10,1560,2,1,-1,-1,-1
201797KB00208,1,19,0,18,0,0,0,0,7,9,3,2,6,1,51,8,4100,1,61,-1,1,-1
201797KB00210,1,9,0,18,0,1,0,0,7,2,3,1,6,1,32,6,1995,2,3,-1,1,-1
201797KB00210,2,9,0,18,0,1,0,0,0,0,1,1,6,1,44,7,2993,2,8,-1,1,-1
201797KB00212,1,9,0,18,0,1,0,0,0,0,1,1,6,2,21,5,1398,1,1,-1,1,-1
201797KB00212,2,9,0,18,0,1,0,0,0,0,1,1,6,1,48,8,1197,1,-1,-1,1,-1
201797KB00302,1,9,0,18,0,4,5,9,0,0,1,1,6,1,29,6,1200,1,4,-1,1,-1
201797KB00307,1,3,0,18,0,0,1,0,0,0,4,1,6,1,47,8,124,1,17,-1,1,-1
201797KB00312,1,9,0,4,0,0,1,0,0,0,1,1,6,2,52,8,1399,2,10,-1,1,-1
201797KB00312,2,9,0,3,0,0,0,0,0,0,2,1,6,2,51,8,1591,1,4,-1,1,-1
201797KB00402,1,9,0,1,0,0,0,0,0,0,2,1,2,1,29,6,2179,2,3,-1,1,-1
201797KB00405,1,9,0,9,0,8,5,0,0,0,1,1,1,1,26,6,1599,1,12,-1,2,-1
201797KB00405,2,9,0,18,0,8,0,0,0,0,3,1,1,1,57,9,-1,-1,-1,-1,3,-1
201797KB00408,1,9,0,5,0,1,0,0,0,0,3,1,6,1,25,5,1968,2,3,-1,3,-1
201797KB00408,2,9,0,14,0,1,0,0,0,0,1,1,2,1,25,5,1399,2,5,-1,1,-1
201797KB00411,1,9,0,16,0,4,0,0,0,0,1,1,6,1,53,8,2776,2,10,-1,1,-1
201797KB00411,2,90,0,17,0,4,0,0,0,0,1,1,1,1,31,6,-1,-1,-1,-1,1,-1
201797KB00505,1,9,0,3,0,1,0,0,0,0,2,1,6,1,36,7,1197,1,4,-1,1,-1
201797KB00505,2,11,0,4,0,1,0,0,0,0,1,1,1,1,44,7,4461,2,3,-1,1,-1
201797KB00506,1,9,0,18,0,0,1,0,1,2,3,1,6,2,19,4,998,1,6,-1,1,-1
201797KB00508,1,9,0,12,0,0,1,0,1,2,1,1,6,1,36,7,1798,1,13,-1,1,-1
201797KB00510,1,9,0,17,0,0,0,0,0,0,4,1,6,2,38,7,1968,2,4,-1,3,-1
201797KB00510,2,9,0,16,0,0,0,0,0,0,4,1,6,1,58,9,1229,1,7,-1,3,-1
201797KB00512,1,9,0,9,0,1,0,0,0,0,1,1,6,2,68,10,1398,1,2,-1,2,-1
201797KB00605,1,9,0,15,0,8,0,0,0,0,3,1,2,1,57,9,-1,-1,-1,-1,1,-1
201797KB00605,2,1,0,9,0,8,0,0,0,0,4,1,2,1,43,7,-1,-1,-1,-1,3,-1
201797KB00606,1,9,0,18,0,0,0,0,0,0,1,1,6,1,62,9,1560,2,4,-1,1,-1
201797KB00608,1,9,0,18,0,0,0,0,0,0,4,1,6,2,50,8,1598,2,3,-1,-1,-1
201797KB00610,1,9,0,18,0,1,0,0,0,0,1,1,6,1,17,4,1198,1,14,-1,-1,-1
201797KB00610,2,9,0,3,0,1,0,0,0,0,2,1,6,2,29,6,1229,1,5,-1,1,-1
201797KB00612,1,3,0,9,0,6,0,0,0,0,4,1,6,1,26,6,124,1,17,-1,-1,-1
201797KB00612,2,9,0,18,0,8,0,0,0,0,1,1,6,2,52,8,1968,2,-1,-1,1,-1
201797KB00705,1,9,0,11,0,8,0,0,0,0,4,1,6,1,23,5,1198,1,4,-1,1,-1
201797KB00705,2,19,0,18,0,8,0,0,0,0,3,1,6,3,-1,-1,-1,-1,-1,-1,-1,-1
201797KB00707,1,9,0,18,0,0,0,0,0,0,1,1,6,2,85,11,998,1,9,-1,2,-1
201797KB00707,2,9,0,2,0,0,0,0,0,0,4,1,6,3,25,5,1796,1,11,-1,-1,-1
201797KB00708,1,90,0,11,8,1,0,10,2,2,4,1,6,1,23,5,234,1,12,-1,1,-1
201797KB00709,1,9,0,6,0,8,0,0,0,0,0,1,6,2,54,8,1396,1,5,-1,1,-1
201797KB00709,2,9,0,18,0,8,1,0,1,1,1,1,6,1,19,4,1388,1,5,-1,1,-1
201797KB00711,1,1,0,4,0,1,0,0,0,0,1,1,6,1,65,9,-1,-1,-1,-1,1,-1
201797KB00711,2,9,0,4,0,1,0,0,0,0,2,1,6,2,35,6,999,1,2,-1,1,-1
201797KB00801,1,9,0,7,0,5,0,0,0,0,4,1,6,2,53,8,1598,1,2,-1,1,-1
201797KB00803,1,9,0,17,0,0,5,0,1,1,1,1,6,2,26,6,1910,2,7,-1,2,-1
201797KB00804,1,9,0,18,0,0,2,0,7,9,1,1,6,2,18,4,1242,1,4,-1,2,-1
201797KB00805,1,9,0,18,0,6,0,0,0,0,1,1,1,1,31,6,-1,-1,-1,-1,1,-1
201797KB00805,2,9,0,18,0,8,0,0,0,0,4,1,6,1,53,8,-1,-1,-1,-1,2,-1
201797KB00806,1,3,0,17,0,0,1,0,0,0,1,1,6,1,48,8,124,1,12,-1,1,-1
201797KB00808,1,9,0,18,0,0,0,0,0,0,1,1,6,2,53,8,1339,1,7,-1,3,-1
201797KB00808,2,9,0,18,0,0,0,0,0,0,1,1,6,1,55,8,1997,2,2,-1,2,-1
201797KB00809,1,8,0,18,0,0,0,0,0,0,3,1,6,1,51,8,1395,1,2,-1,2,-1
201797KB00811,1,9,0,18,0,0,5,4,0,0,3,1,6,1,31,6,-1,-1,-1,-1,2,-1
201797KB00811,2,9,0,2,0,0,0,0,0,0,0,1,6,3,-1,-1,1242,1,4,-1,-1,-1
201797KB00812,1,9,0,17,0,0,0,0,0,0,1,1,6,1,19,4,1496,2,2,-1,1,-1
201797KB00812,2,8,0,16,0,0,0,0,0,0,1,1,1,1,43,7,1598,2,-1,-1,1,-1
201797KB00901,1,9,0,4,0,4,0,0,0,0,1,1,3,1,24,5,1900,2,11,-1,-1,-1
201797KB00901,2,8,0,3,0,4,0,0,0,0,2,1,1,1,60,9,1560,2,7,-1,1,-1
201797KB00901,3,9,0,3,0,4,0,0,0,0,2,1,6,1,76,11,998,1,5,-1,1,-1
201797KB00902,1,20,0,18,0,1,0,0,0,0,4,1,1,1,49,8,5193,2,5,-1,1,-1
201797KB00902,2,1,0,18,0,1,0,0,1,0,2,1,6,1,66,10,-1,-1,-1,-1,-1,-1
201797KB00903,1,9,0,18,0,0,0,0,7,0,3,1,6,2,49,8,1598,1,7,-1,3,-1
201797KB00903,2,21,0,18,0,0,1,0,7,4,3,1,1,1,46,8,4500,2,2,-1,1,-1
201797KB00903,3,9,0,18,0,0,0,0,1,4,3,1,6,2,73,10,1299,1,14,-1,1,-1
201797KB00903,4,9,0,18,0,0,1,0,0,0,1,1,2,1,71,10,1968,2,3,-1,2,-1
201797KB00907,1,9,0,18,0,0,5,0,0,0,1,1,1,2,60,9,1242,1,9,-1,1,-1
201797KB00907,2,9,0,18,0,0,1,0,0,0,2,1,6,1,43,7,1975,1,12,-1,1,-1
201797KB00908,1,9,0,4,0,0,0,0,0,0,1,1,6,1,27,6,1461,2,2,-1,1,-1
201797KB00908,2,9,0,4,0,0,0,0,0,0,2,1,6,1,22,5,1595,1,7,-1,1,-1
201797KB00909,1,9,0,18,0,0,0,0,0,0,1,1,6,1,37,7,2494,1,15,-1,1,-1
201797KB01002,1,11,0,5,0,0,0,0,0,0,1,1,1,1,54,8,-1,-1,-1,-1,-1,-1
201797KB01002,2,9,0,15,0,0,0,0,0,0,1,1,2,1,59,9,3498,1,12,-1,1,-1
201797KB01003,1,9,0,9,0,6,0,0,0,0,1,1,6,1,42,7,1781,1,17,-1,1,-1
201797KB01003,2,9,0,18,0,8,0,0,0,0,4,1,1,1,50,8,-1,-1,-1,-1,1,-1
201797KB01004,1,17,0,6,0,0,0,0,0,0,0,1,1,1,50,8,350,1,2,-1,1,-1