Accident_Index,Vehicle_Reference,Vehicle_Type,Towing_and_Articulation,Vehicle_Manoeuvre,Vehicle_Location-Restricted_Lane,Junction_Location,Skidding_and_Overturning,Hit_Object_in_Carriageway,Vehicle_Leaving_Carriageway,Hit_Object_off_Carriageway,1st_Point_of_Impact,Was_Vehicle_Left_Hand_Drive?,Journey_Purpose_of_Driver,Sex_of_Driver,Age_of_Driver,Age_Band_of_Driver,Engine_Capacity_(CC),Propulsion_Code,Age_of_Vehicle,Driver_IMD_Decile,Driver_Home_Area_Type,Vehicle_IMD_Decile
201797LA03502,1,9,0,18,0,3,1,0,1,2,3,1,2,1,23,5,1242,1,12,-1,1,-1
201797LA03503,1,8,0,18,0,3,0,0,0,0,1,1,6,1,54,8,1685,2,-1,-1,1,-1
201797LA03510,1,9,0,5,8,0,0,0,0,0,3,1,6,1,33,6,1499,2,1,-1,1,-1
201797LA03510,2,9,0,18,0,0,0,0,0,0,4,1,6,1,59,9,1686,2,13,-1,1,-1
201797LA03510,3,9,0,18,0,0,0,0,0,0,1,1,6,2,48,8,1598,1,5,-1,1,-1
201797LA03603,1,9,0,9,0,6,0,0,0,0,3,1,6,2,44,7,-1,-1,-1,7,3,7
201797LA03603,2,9,0,18,0,1,0,0,0,0,1,1,2,2,44,7,1896,2,7,-1,3,-1
201797LA03605,1,9,0,18,0,3,1,0,0,0,1,1,6,3,-1,-1,1995,2,7,-1,-1,-1
201797LA03605,2,9,0,18,0,1,0,0,0,0,1,1,6,1,24,5,2268,2,3,-1,1,-1
201797LA03702,1,9,0,18,0,1,0,0,0,0,1,1,6,1,72,10,999,1,7,-1,1,-1
201797LA03706,1,9,0,16,0,1,1,0,1,11,4,1,6,1,25,5,1149,1,7,-1,1,-1
201797LA03707,1,9,0,18,0,8,5,0,0,0,4,1,6,2,36,7,1461,2,3,-1,1,-1
201797LA03707,2,9,0,18,0,8,0,0,0,0,1,1,2,1,50,8,1596,1,13,-1,1,-1
201797LA03708,1,9,0,17,0,0,0,0,1,0,3,1,6,2,60,9,998,1,-1,-1,-1,-1
201797LA03708,2,9,0,16,0,0,0,0,0,0,1,1,6,1,32,6,2500,2,18,-1,3,-1
201797LA03710,1,9,0,6,0,1,0,0,0,0,1,1,6,1,25,5,1461,2,-1,-1,-1,-1
201797LA03710,2,9,0,10,0,1,0,0,0,0,1,1,6,1,67,10,1586,1,-1,8,1,8
201797LA03710,3,9,0,18,0,1,0,0,0,0,1,1,6,1,54,8,1956,2,6,9,1,9
201797LA03803,1,9,0,16,0,0,2,0,1,0,0,1,6,2,52,8,1461,2,-1,-1,2,-1
201797LA03808,1,9,0,18,0,0,1,11,0,0,1,1,2,1,27,6,1149,1,12,-1,1,-1
201797LA03808,2,11,0,18,0,0,1,0,1,11,1,1,1,1,66,10,12000,2,11,-1,1,-1
201797LA03810,1,9,0,18,0,0,0,0,0,0,3,1,6,3,-1,-1,-1,-1,-1,-1,-1,-1
201797LA03902,1,9,0,11,0,0,0,0,0,0,0,1,6,3,-1,-1,-1,-1,-1,-1,-1,-1
201797LA03902,2,11,0,4,0,0,0,0,0,0,0,1,1,1,22,5,4500,2,2,-1,1,-1
201797LA03903,1,9,0,18,0,0,2,0,0,0,4,1,6,2,30,6,1198,1,10,-1,3,-1
201797LA03905,1,9,0,18,0,8,0,0,0,0,1,1,1,1,63,9,1998,2,9,-1,1,-1
201797LA03905,2,9,0,18,0,8,0,0,0,0,1,1,6,2,23,5,1242,1,6,-1,1,-1
201797LA03906,1,5,0,15,0,1,0,0,0,0,1,1,6,1,43,7,1255,1,10,-1,1,-1
201797LA03906,2,21,0,10,0,5,0,0,0,0,3,1,1,1,63,9,9186,2,3,-1,3,-1
201797LA04001,1,9,0,1,0,1,0,0,0,0,2,1,6,1,30,6,973,1,16,-1,1,-1
201797LA04001,2,9,0,4,0,1,0,0,0,0,1,1,6,1,36,7,1248,2,3,-1,1,-1
201797LA04002,1,9,0,18,0,1,0,0,0,0,1,1,2,2,45,7,1360,1,9,-1,3,-1
201797LA04002,2,9,0,10,0,1,0,0,7,0,2,1,2,1,50,8,2184,2,13,-1,3,-1
201797LA04006,1,9,0,18,0,1,0,0,0,0,4,1,6,2,52,8,1560,2,2,-1,3,-1
201797LA04106,1,19,0,4,0,0,0,0,0,0,1,1,1,1,56,9,4250,2,6,-1,1,-1
201797LA04108,1,9,0,4,0,1,1,0,3,0,1,1,6,1,69,10,1598,1,2,-1,1,-1
201797LA04108,2,9,0,2,0,1,0,0,0,0,2,1,6,1,56,9,1061,1,12,-1,3,-1
201797LA04110,1,21,1,7,0,5,0,0,0,0,4,1,1,1,41,7,10518,2,5,-1,1,-1
201797LA04110,2,1,0,18,0,8,0,0,0,0,1,1,2,1,53,8,-1,-1,-1,-1,1,-1
201797LA04203,1,9,0,18,0,0,1,0,0,0,1,1,6,1,23,5,1796,1,14,-1,1,-1
201797LA04203,2,9,0,18,0,0,0,0,0,11,1,1,2,2,52,8,1498,1,1,-1,3,-1
201797LA04209,1,9,0,9,0,8,0,0,0,0,3,1,1,2,27,6,999,1,2,-1,1,-1
201797LA04209,2,11,0,18,0,8,0,0,0,0,1,1,1,1,55,8,3900,2,11,-1,1,-1
201797LA04304,1,19,0,4,0,2,0,0,0,0,1,1,2,1,34,6,2148,2,10,-1,1,-1
201797LA04305,1,9,0,16,0,0,0,0,0,0,1,1,6,2,-1,-1,-1,-1,-1,-1,-1,-1
201797LA04308,1,9,0,12,0,0,0,0,0,6,2,1,6,2,52,8,1598,1,11,-1,1,-1
201797LA04308,2,9,0,18,0,0,1,0,0,6,1,1,6,2,35,6,2143,2,7,-1,1,-1
201797LA04308,3,9,0,3,0,0,0,0,0,0,3,1,6,1,59,9,1229,1,9,-1,1,-1
201797LA04308,4,9,0,3,0,0,0,0,0,0,3,1,6,1,71,10,2435,1,16,10,2,10
201797LA04401,1,9,0,18,0,1,0,0,0,0,1,1,6,2,47,8,1968,2,4,-1,1,-1
201797LA04401,2,9,0,9,0,5,5,0,1,0,4,1,6,1,57,9,1061,1,13,-1,3,-1
201797LA04403,1,9,0,18,0,1,0,0,0,0,4,1,6,2,19,4,1242,1,4,-1,1,-1
201797LA04409,1,9,0,18,0,0,0,0,0,0,1,1,6,2,29,6,1600,1,17,-1,2,-1
201797LA04507,1,5,0,17,0,0,0,0,0,0,1,1,6,1,42,7,599,1,18,-1,1,-1
201797LA04507,2,9,0,16,0,0,0,0,0,0,1,1,6,1,64,9,1984,2,3,4,3,4
201797LA04604,1,19,0,17,0,1,0,0,1,5,1,1,1,1,52,8,1995,2,5,-1,1,-1
201797LA04608,1,3,0,18,0,1,0,0,0,0,1,1,6,1,32,6,124,1,13,-1,1,-1
201797LA04608,2,9,0,4,0,1,0,0,0,0,2,1,1,1,59,9,-1,-1,-1,-1,1,-1
201797LA04609,1,5,0,16,0,0,0,0,0,0,1,1,6,2,32,6,-1,-1,-1,-1,-1,-1
201797LA04609,2,9,4,17,0,0,0,0,0,0,3,1,6,1,56,9,-1,-1,-1,9,1,9
201797LA04702,1,9,0,16,0,0,0,12,0,0,1,1,6,1,51,8,2720,2,12,10,1,10
201797LA04703,1,9,0,18,0,1,1,0,7,0,1,1,1,1,34,6,2497,2,11,-1,-1,-1
201797LA04703,2,9,0,18,0,1,0,0,1,0,1,1,6,2,54,8,1598,1,10,-1,-1,-1
201797LA04801,1,9,0,18,0,0,1,0,7,4,1,1,6,1,28,6,998,1,11,-1,1,-1
201797LA04809,1,9,0,18,0,1,0,0,0,0,1,1,2,1,55,8,1595,1,-1,-1,3,-1
201797LA04809,2,11,0,10,0,1,0,0,0,0,2,1,1,1,48,8,6700,2,5,-1,1,-1
201797LA04903,1,9,0,18,0,0,2,0,7,11,1,1,2,1,39,7,1248,2,10,-1,1,-1
201797LA04903,2,9,0,18,0,0,0,0,0,0,1,1,2,1,34,6,1349,1,7,-1,1,-1
201797LA04903,3,9,0,18,0,0,0,0,0,0,1,1,2,1,52,8,1995,2,1,-1,3,-1
201797LA04903,4,9,0,18,0,0,0,0,1,10,1,1,2,1,46,8,1968,2,1,-1,1,-1
201797LA04906,1,9,0,18,0,0,0,0,0,0,4,1,6,2,66,10,1242,1,4,-1,1,-1
201797LA04907,1,9,0,9,0,8,0,0,0,0,1,1,6,1,45,7,1200,1,4,-1,1,-1
201797LA04907,2,9,0,18,0,8,0,0,0,0,1,1,6,2,18,4,1242,1,4,-1,1,-1
201797LA04908,1,9,0,18,0,0,0,0,3,2,1,1,6,2,35,6,1396,1,15,-1,1,-1
201797LA05009,1,9,0,9,0,2,0,0,0,0,4,1,6,1,18,4,998,1,3,-1,1,-1
201797LA05009,2,9,0,18,0,1,0,0,0,0,1,1,6,1,42,7,2231,2,5,-1,1,-1
201797LA05108,1,9,0,18,0,1,0,0,0,11,1,1,6,1,69,10,1395,1,3,-1,1,-1
201797LA05108,2,9,0,2,0,1,0,0,0,0,2,1,6,3,-1,-1,1598,2,5,-1,-1,-1
201797LA05308,1,3,0,17,0,0,1,0,0,0,4,1,6,2,51,8,125,1,4,-1,1,-1
201797LA05507,1,9,0,4,0,4,0,0,0,0,1,1,6,1,-1,-1,1364,1,2,-1,3,-1
201797LA05507,2,9,0,3,0,4,0,0,0,0,2,1,6,1,55,8,1997,2,4,-1,1,-1
201797LA05607,1,5,0,17,0,0,1,0,0,11,1,1,6,1,39,7,1470,1,21,1,1,1
201797LA05903,1,9,0,15,2,1,0,0,0,0,1,1,6,1,36,7,1598,2,2,-1,1,-1
201797LA05907,1,9,0,18,0,0,0,0,0,0,1,1,6,1,28,6,998,1,18,2,1,2
201797LA05907,2,90,0,18,0,0,0,0,0,0,1,1,6,1,44,7,2300,2,-1,-1,-1,-1
201797LA06103,1,9,0,1,0,0,0,0,0,0,2,1,6,2,79,11,1586,1,1,-1,1,-1
201797LA06103,2,8,0,2,0,0,0,0,0,0,1,1,1,1,48,8,2499,2,8,-1,1,-1
201797LA06103,3,8,0,2,0,0,0,0,0,0,1,1,1,1,45,7,1997,2,4,-1,1,-1
201797LA06107,1,9,0,18,0,0,5,0,7,0,1,1,6,1,21,5,1998,2,15,-1,3,-1
201797LA06107,2,9,0,18,0,0,0,0,1,0,1,1,6,2,32,6,1199,1,16,-1,3,-1
201797LA06403,1,9,0,18,0,0,0,0,0,0,3,1,2,1,31,6,2967,2,2,-1,1,-1
201797LA06403,2,90,0,18,0,0,0,0,0,0,1,1,6,1,12,3,-1,-1,-1,-1,1,-1
201797LA06503,1,9,0,18,0,0,0,0,0,0,1,1,6,1,25,5,2393,2,1,-1,3,-1
201797LA06503,2,1,0,18,0,0,0,0,0,0,2,1,6,1,45,7,-1,-1,-1,-1,-1,-1
201797LA07603,1,9,0,18,0,1,0,0,0,0,1,1,6,1,-1,-1,1997,2,13,-1,1,-1
201797LA07603,2,9,0,18,0,2,0,0,0,0,4,1,6,1,37,7,2720,2,11,-1,1,-1
201797LB00103,1,9,0,16,0,0,2,0,1,11,4,1,6,2,29,6,1124,1,16,-1,2,-1
201797LB00109,1,9,0,18,0,0,2,0,7,4,1,1,6,2,59,9,1461,2,10,-1,3,-1
201797LB00111,1,9,0,17,0,0,2,0,1,9,0,1,6,1,22,5,-1,-1,-1,-1,3,-1
201797LB00111,2,9,0,16,0,0,0,0,0,0,0,1,6,1,53,8,1560,2,4,-1,1,-1
201797LB00202,1,9,0,18,0,1,0,0,0,0,1,1,6,2,52,8,1339,1,8,-1,3,-1
201797LB00202,2,9,0,9,0,1,0,0,0,0,4,1,6,2,50,8,1149,1,9,-1,3,-1
201797LB00202,3,9,0,2,0,1,0,0,0,0,3,1,6,2,50,8,1388,1,13,-1,2,-1
201797LB00207,1,9,0,17,0,0,0,0,0,0,1,1,6,1,41,7,1248,1,-1,-1,-1,-1
201797LB00207,2,9,0,16,0,0,0,0,0,0,1,1,6,2,53,8,1560,2,5,-1,3,-1
201797LB00208,1,9,0,13,0,0,5,0,1,9,1,1,6,2,21,5,1229,1,9,-1,2,-1
201797LB00301,1,9,0,10,0,6,0,0,0,0,1,1,6,1,53,8,3189,1,13,-1,3,-1
201797LB00301,2,9,0,17,0,1,1,0,0,0,1,1,6,1,27,6,1149,1,6,-1,3,-1
201797LB00307,1,9,0,17,0,0,5,0,2,11,4,1,2,1,62,9,1390,1,5,-1,2,-1
201797LB00308,1,9,0,16,0,0,1,12,2,9,1,1,6,2,18,4,998,1,7,-1,3,-1
201797LB00309,1,5,0,16,0,0,1,0,0,0,1,1,6,1,30,6,636,1,15,-1,1,-1
201797LB00309,2,9,0,17,0,0,1,0,0,0,1,1,6,1,68,10,1396,1,2,-1,2,-1
201797LB00310,1,9,0,17,0,0,2,0,1,4,1,1,6,1,19,4,1399,2,12,-1,3,-1
201797LB00311,1,9,0,18,0,1,0,0,0,0,1,1,6,1,21,5,1229,1,4,-1,2,-1
201797LB00311,2,9,0,18,0,1,0,0,0,0,1,1,6,2,62,9,1061,1,12,-1,2,-1
201797LB00311,3,9,0,10,0,1,0,0,0,0,2,1,6,1,32,6,1896,2,14,-1,3,-1
201797LB00312,1,9,0,16,0,0,2,0,7,4,3,1,1,1,25,5,-1,-1,-1,-1,2,-1
201797LB00407,1,9,0,18,0,1,1,0,7,0,4,1,1,1,26,6,1328,1,9,-1,2,-1
201797LB00407,2,9,0,18,0,1,0,0,0,0,1,1,6,2,37,7,1275,1,18,-1,3,-1
201797LB00409,1,3,0,16,0,1,0,0,0,0,3,1,6,1,22,5,125,1,15,-1,2,-1
201797LB00409,2,9,0,17,0,1,0,0,0,0,3,1,6,1,69,10,2179,2,3,8,3,8
201797LB00412,1,19,0,1,0,0,0,0,0,0,2,1,6,1,52,8,1868,2,11,-1,3,-1
201797LB00502,1,9,0,18,0,0,1,0,0,0,1,1,6,1,30,6,1968,2,6,-1,2,-1
201797LB00502,2,9,0,18,0,0,0,0,0,0,1,1,6,1,48,8,2993,2,7,-1,1,-1
201797LB00505,1,9,0,9,0,8,1,0,0,0,4,1,6,2,69,10,1560,2,4,-1,3,-1
201797LB00505,2,9,0,17,0,1,1,0,0,0,1,1,6,2,44,7,1398,1,7,-1,2,-1
201797LB00602,1,19,0,18,0,0,5,0,1,9,4,1,1,1,38,7,2402,2,6,-1,2,-1
201797LB00604,1,19,0,17,0,0,2,0,7,10,4,1,6,1,22,5,1753,2,11,-1,3,-1
201797LB00705,1,9,0,7,0,1,0,0,0,0,1,1,6,1,94,11,1348,1,15,-1,3,-1
201797LB00705,2,9,0,17,0,1,0,0,0,0,1,1,6,2,44,7,4367,2,5,-1,3,-1
201797LB00708,1,90,0,18,0,0,0,0,0,0,3,1,6,1,22,5,-1,-1,-1,-1,-1,-1
201797LB00708,2,9,0,18,0,0,0,0,0,0,3,1,6,2,71,10,1229,1,9,-1,3,-1
201797LB00804,1,19,0,16,0,0,2,0,1,3,1,1,1,1,27,6,1560,2,5,-1,1,-1
201797LB00808,1,9,0,16,0,0,1,0,7,10,2,1,6,1,17,4,1390,1,16,-1,3,-1
201797LB00904,1,9,0,18,0,0,0,4,0,0,3,1,6,2,84,11,1248,1,6,-1,-1,-1
201797LB00904,2,9,0,2,0,0,0,0,0,0,0,1,6,3,50,8,1360,1,10,-1,2,-1
201797LB00906,1,9,0,18,0,1,0,0,0,0,3,1,6,1,23,5,1360,1,12,-1,2,-1
201797LB00906,2,19,0,5,0,2,0,0,0,0,0,1,1,2,38,7,2198,2,1,-1,2,-1
201797LB00907,1,9,0,10,0,8,0,0,0,0,1,2,6,1,57,9,-1,-1,-1,-1,-1,-1
201797LB00907,2,9,0,18,0,1,0,0,0,0,1,1,6,2,71,10,1598,1,5,4,1,4
201797LB00907,3,9,0,10,0,1,0,0,0,0,1,1,6,2,44,7,1560,2,3,-1,3,-1
201797LB00909,1,9,0,9,0,1,0,0,0,0,1,1,6,2,26,6,1598,2,1,-1,3,-1
201797LB00909,2,1,0,18,0,1,0,0,2,11,1,1,6,1,23,5,-1,-1,-1,-1,3,-1
201797LB00911,1,9,0,18,0,1,0,0,1,10,1,1,6,1,28,6,-1,-1,-1,-1,-1,-1
201797LB00912,1,9,0,17,0,0,0,0,1,7,1,1,6,1,24,5,1242,1,9,-1,2,-1
201797LB00912,2,19,0,16,0,0,0,0,0,0,1,1,1,1,50,8,2143,2,2,-1,2,-1
201797LB01002,1,9,0,13,0,0,1,0,0,0,1,1,6,1,25,5,1998,1,12,-1,3,-1
201797LB01002,2,90,0,18,0,0,0,0,0,0,2,1,1,1,46,8,-1,-1,-1,-1,3,-1
201797LB01003,1,9,0,18,0,0,0,0,7,4,1,1,6,1,53,8,1995,1,6,-1,1,-1
201797LB01004,1,9,0,16,0,0,5,0,0,0,1,1,6,2,21,5,1870,2,14,-1,3,-1
201797LB01004,2,9,0,17,0,0,0,0,0,0,3,1,6,2,36,7,1796,1,13,-1,3,-1
201797LB01009,1,5,0,6,0,0,0,0,0,0,3,1,6,1,57,9,-1,-1,-1,-1,-1,-1
201797LB01009,2,9,0,16,0,0,0,0,1,0,1,1,6,2,62,9,-1,-1,-1,-1,3,-1
201797LB01010,1,19,0,16,0,0,0,0,0,0,1,1,6,1,65,9,-1,-1,-1,-1,3,-1
201797LB01010,2,19,0,16,0,0,0,0,0,0,2,1,6,1,65,9,1996,2,3,3,1,3
201797LB01010,3,9,0,17,0,0,0,0,0,0,1,1,6,2,72,10,1461,2,12,-1,3,-1
201797LB01010,4,9,0,16,0,0,0,0,0,0,2,1,6,1,62,9,-1,-1,-1,-1,1,-1
201797LB01103,1,9,0,18,0,0,0,0,0,0,1,1,2,1,28,6,1799,1,10,-1,1,-1
201797LB01103,2,9,0,4,0,0,0,0,0,0,2,1,2,2,42,7,1595,1,12,-1,3,-1
201797LB01105,1,9,0,18,0,0,5,0,1,3,1,1,6,1,65,9,1956,2,1,6,1,6
201797LB01110,1,9,0,17,0,0,1,0,1,7,1,1,1,1,23,5,-1,-1,-1,-1,3,-1
201797LB01111,1,9,0,16,0,0,1,0,1,4,1,1,6,2,25,5,1988,1,14,-1,3,-1
201797LB01112,1,9,0,18,0,0,0,0,0,0,0,1,6,1,87,11,1149,1,9,-1,3,-1
201797LB01201,1,9,0,17,0,0,1,0,0,0,3,1,6,2,61,9,1596,1,11,-1,2,-1
201797LB01201,2,9,0,18,0,0,0,0,0,0,3,1,6,2,77,11,1590,1,16,-1,3,-1
201797LB01204,1,9,0,16,0,0,2,0,1,11,2,1,6,1,21,5,1388,1,9,-1,3,-1
201797LB01205,1,9,0,18,0,0,0,0,0,0,4,1,6,3,-1,-1,-1,-1,-1,-1,-1,-1
201797LB01207,1,9,0,17,0,1,2,0,1,0,1,1,6,2,18,4,1388,1,14,-1,3,-1
201797LB01210,1,9,0,18,0,0,0,0,1,9,1,1,1,1,66,10,1329,1,8,-1,3,-1
201797LB01212,1,9,0,7,0,5,0,0,0,0,1,1,6,1,40,7,1896,2,12,-1,3,-1
201797LB01303,1,17,0,9,0,5,0,0,0,0,3,1,1,1,18,4,-1,-1,-1,-1,3,-1
201797LB01303,2,9,0,13,0,5,0,0,7,11,4,1,6,2,59,9,1461,2,1,-1,-1,-1
201797LB01304,1,9,0,16,8,1,0,0,7,11,1,1,6,1,77,11,1798,1,8,-1,1,-1
201797LB01307,1,5,0,9,0,1,0,0,0,0,2,1,6,1,70,10,644,1,14,-1,2,-1
201797LB01307,2,9,0,18,0,1,0,0,0,0,0,1,6,1,60,9,2231,2,4,-1,2,-1
201797LB01401,1,19,0,18,0,0,1,0,0,0,1,1,1,1,49,8,2198,2,2,-1,2,-1
201797LB01401,2,9,0,18,0,0,1,0,0,0,1,1,2,2,56,9,1586,1,7,-1,3,-1
201797LB01407,1,9,0,18,0,0,0,0,1,0,1,1,6,2,70,10,1595,1,16,-1,3,-1
201797LB01407,2,9,0,2,6,0,0,0,0,0,1,1,6,3,-1,-1,1896,2,12,-1,-1,-1
201797LB01409,1,5,0,16,0,0,0,0,0,0,3,1,6,1,55,8,996,1,12,-1,1,-1
201797LB01409,2,19,0,17,0,0,0,0,0,0,3,1,6,1,53,8,1868,2,16,4,1,4
201797LB01501,1,9,0,17,0,0,5,0,0,0,0,1,2,1,59,9,2980,2,22,-1,3,-1
201797LB01510,1,19,0,16,0,0,0,0,7,0,1,1,6,1,45,7,2402,2,11,-1,2,-1
201797LB01510,2,19,0,17,0,0,0,0,1,0,1,1,6,1,32,6,2143,2,2,-1,1,-1
201797LB01604,1,9,0,16,0,0,5,0,2,11,1,1,6,1,23,5,998,1,10,-1,1,-1
201797LB01607,1,9,0,18,0,1,0,0,0,0,1,1,6,1,77,11,1685,2,1,-1,3,-1
201797LB01607,2,9,0,9,0,1,0,0,0,0,2,1,6,2,28,6,2993,2,9,-1,3,-1
201797LB01611,1,5,0,18,0,0,1,0,8,9,1,1,6,1,56,9,1284,1,12,-1,1,-1
201797LB01612,1,9,0,17,0,0,1,0,7,7,1,1,6,2,69,10,1339,1,3,-1,3,-1
201797LB01702,1,9,0,17,0,0,1,0,1,7,1,1,2,1,21,5,1149,1,12,-1,2,-1
201797LB01709,1,9,0,18,0,0,0,0,0,0,0,1,6,2,-1,-1,-1,-1,-1,-1,-1,-1
201797LB01709,2,9,0,18,0,0,0,0,1,10,4,1,6,1,56,9,1995,2,13,-1,3,-1
201797LB01804,1,9,0,4,0,1,1,0,0,0,1,1,6,2,34,6,2204,2,11,-1,1,-1
201797LB01804,2,9,0,4,0,1,0,0,0,0,2,1,6,2,77,11,1596,1,9,-1,2,-1
201797LB01805,1,9,0,18,8,0,0,0,7,11,3,1,2,2,21,5,1596,1,15,-1,3,-1
201797LB01806,1,9,0,18,0,1,0,0,1,0,1,1,6,2,25,5,-1,-1,-1,-1,3,-1
201797LB01806,2,9,0,17,0,1,0,0,0,0,1,1,2,1,24,5,1598,1,13,-1,3,-1
201797LB01807,1,9,0,9,0,1,0,0,0,0,4,1,6,2,70,10,998,1,-1,-1,-1,-1
201797LB01807,2,9,0,18,0,1,0,0,0,0,1,1,6,1,73,10,1969,2,-1,-1,3,-1
201797LB01811,1,9,0,18,0,8,0,0,3,4,1,1,6,2,85,11,1364,2,10,-1,3,-1
201797LB01904,1,9,0,18,0,0,0,0,7,4,1,1,6,1,66,10,1618,1,1,-1,2,-1
201797LB01907,1,9,0,16,0,0,0,0,1,4,4,1,6,1,36,7,1398,2,14,-1,2,-1
201797LB01909,1,9,0,17,0,0,2,0,1,9,1,1,2,1,31,6,1596,1,12,-1,1,-1
201797LB02003,1,9,0,18,0,0,0,0,0,0,3,1,6,2,47,8,1461,2,7,-1,-1,-1
201797LB02003,2,9,0,13,0,0,1,0,7,4,4,1,6,1,22,5,1461,2,8,-1,-1,-1
201797LB02008,1,5,0,17,0,0,1,0,1,9,4,1,6,1,58,9,1170,1,13,-1,2,-1
201797LB02011,1,9,0,9,0,6,0,0,1,9,3,1,1,2,42,7,1598,2,3,-1,3,-1
201797LB02011,2,9,0,18,0,1,1,0,0,0,1,1,2,1,51,8,-1,-1,-1,-1,3,-1
201797LB02107,1,5,0,16,0,0,0,0,0,0,1,1,6,1,32,6,847,1,4,4,2,4
201797LB02107,2,9,0,17,0,0,0,0,0,0,1,1,6,1,53,8,1560,2,6,-1,3,-1
201797LB02205,1,9,0,8,0,4,0,0,0,0,1,1,6,1,76,11,1390,1,10,-1,2,-1
201797LB02205,2,1,0,9,0,3,5,0,0,0,4,1,6,1,26,6,-1,-1,-1,-1,3,-1
201797LB02302,1,19,0,9,0,6,0,0,0,0,3,1,1,1,60,9,2198,2,1,-1,1,-1
201797LB02306,1,4,0,7,0,1,1,0,0,0,4,1,6,1,58,9,249,1,6,-1,2,-1
201797LB02306,2,19,0,3,0,1,0,0,0,0,0,1,1,1,37,7,2198,2,9,-1,2,-1
201797LB02404,1,5,0,16,0,0,5,0,1,0,1,1,6,1,55,8,1215,1,3,6,1,6
201797LB02404,2,9,0,17,0,0,0,0,0,0,1,1,6,2,33,6,1560,2,4,-1,3,-1
201797LB02409,1,19,0,18,0,0,5,0,1,11,4,1,1,1,26,6,2143,2,-1,-1,1,-1
201797LB02410,1,8,0,7,0,5,0,0,0,0,4,1,1,2,61,9,1796,1,10,-1,2,-1
201797LB02412,1,9,0,16,0,0,1,0,8,10,0,1,6,1,17,4,1796,1,22,-1,3,-1
201797LB02412,2,9,0,16,0,0,1,0,0,0,1,1,6,1,18,4,998,1,9,-1,2,-1
201797LB02506,1,90,0,17,0,0,1,0,1,1,1,1,6,1,63,9,1832,1,16,-1,-1,-1
201797LB02508,1,9,0,16,0,0,0,0,0,0,1,1,6,1,76,11,1461,2,2,-1,3,-1
201797LB02508,2,9,0,17,0,0,0,0,0,0,1,1,6,1,52,8,-1,-1,-1,-1,3,-1
201797LB02509,1,9,0,9,0,1,0,0,0,0,2,1,6,2,59,9,1364,1,10,-1,3,-1
201797LB02509,2,9,0,10,0,1,0,0,0,0,0,1,3,2,24,5,1328,1,11,-1,2,-1
201797LB02602,1,9,0,18,0,6,0,0,0,0,1,1,6,2,59,9,1995,2,1,-1,2,-1
201797LB02602,2,9,0,18,0,0,0,4,0,0,3,1,1,1,20,4,1587,1,10,-1,3,-1
201797LB02602,3,8,0,2,0,1,0,4,0,0,2,1,6,3,-1,-1,1798,1,10,-1,-1,-1
201797LB02602,4,9,0,2,0,1,0,0,0,0,2,1,6,3,-1,-1,1598,1,15,-1,-1,-1
201797LB02606,1,9,0,17,0,0,1,0,7,10,4,1,6,1,55,8,1997,2,14,-1,-1,-1
201797LB02611,1,9,0,18,0,0,0,0,0,0,1,1,2,1,30,6,1995,2,5,-1,1,-1
201797LB02708,1,9,0,17,0,0,0,0,7,0,1,1,6,1,31,6,1197,1,-1,-1,-1,-1
201797LB02708,2,19,0,16,0,0,0,0,7,0,1,1,1,1,30,6,2402,2,5,-1,1,-1
201797LB02709,1,5,0,16,0,0,1,0,0,0,1,1,6,1,55,8,1164,1,13,-1,1,-1
201797LB02709,2,9,0,17,0,0,0,0,0,0,3,1,6,2,69,10,1796,1,7,5,3,5
201797LB02803,1,9,0,16,0,0,1,0,0,11,1,1,6,1,46,8,1968,2,5,-1,3,-1
201797LB02805,1,9,0,16,0,0,0,0,7,0,3,1,2,2,18,4,1229,1,5,-1,3,-1
201797LB02805,2,9,0,17,0,0,0,0,0,0,1,1,2,1,47,8,1796,1,9,-1,2,-1
201797LB02809,1,90,0,18,0,0,0,0,0,0,3,1,6,3,-1,-1,-1,-1,-1,-1,-1,-1
201797LB02809,2,90,0,18,0,0,0,0,0,0,3,1,6,1,58,9,2287,2,3,-1,3,-1
201797LB02908,1,9,0,18,0,0,0,0,1,7,1,1,6,2,23,5,1242,1,7,-1,-1,-1
201797LB02908,2,9,0,3,0,0,0,0,0,0,4,1,6,1,36,7,1796,1,7,-1,2,-1
201797LB02908,3,9,0,3,0,0,0,0,0,0,2,1,6,2,28,6,1560,2,5,-1,2,-1
201797LB02908,4,9,0,3,0,0,0,0,0,0,2,1,6,1,45,7,1560,2,2,-1,1,-1
201797LB02908,5,9,0,3,0,0,0,0,0,0,2,1,6,1,47,8,1398,1,2,-1,1,-1
201797LB02909,1,9,0,18,0,0,0,0,0,0,1,1,6,2,36,7,1398,2,4,-1,2,-1
201797LB02911,1,8,0,16,0,0,1,0,7,9,3,1,6,1,36,7,1968,2,5,-1,2,-1
201797LB03001,1,19,4,1,0,8,0,0,0,0,3,1,1,1,27,6,2198,2,3,-1,1,-1
201797LB03001,2,9,0,18,0,1,0,0,1,11,1,1,2,2,25,5,1362,1,4,-1,-1,-1
201797LB03004,1,5,0,13,0,0,0,0,1,11,1,1,6,1,22,5,647,1,11,-1,3,-1
201797LB03004,2,9,0,18,0,0,0,0,0,0,1,1,6,1,47,8,5000,1,7,-1,2,-1
201797LB03004,3,9,0,18,0,0,0,0,0,0,0,1,6,1,33,6,1685,2,3,-1,3,-1
201797LB03009,1,21,0,17,0,0,2,0,0,0,3,1,1,1,33,6,10677,2,3,-1,3,-1
201797LB03010,1,19,0,16,0,0,1,0,0,0,1,1,6,1,42,7,2402,2,14,-1,3,-1