Accident_Index,Vehicle_Reference,Vehicle_Type,Towing_and_Articulation,Vehicle_Manoeuvre,Vehicle_Location-Restricted_Lane,Junction_Location,Skidding_and_Overturning,Hit_Object_in_Carriageway,Vehicle_Leaving_Carriageway,Hit_Object_off_Carriageway,1st_Point_of_Impact,Was_Vehicle_Left_Hand_Drive?,Journey_Purpose_of_Driver,Sex_of_Driver,Age_of_Driver,Age_Band_of_Driver,Engine_Capacity_(CC),Propulsion_Code,Age_of_Vehicle,Driver_IMD_Decile,Driver_Home_Area_Type,Vehicle_IMD_Decile
201797LB03010,2,9,0,17,0,0,0,0,0,0,1,1,6,1,45,7,1560,2,4,3,1,3
201797LB03210,1,9,0,18,0,2,0,0,0,0,1,1,6,1,20,4,-1,-1,-1,-1,-1,-1
201797LB03211,1,19,0,9,0,5,0,0,0,0,3,1,1,1,42,7,2148,2,12,-1,2,-1
201797LB03211,2,9,0,18,0,1,0,0,7,0,1,1,6,1,70,10,1299,1,12,-1,3,-1
201797LB03301,1,9,0,16,0,0,1,0,8,10,1,1,6,2,69,10,1560,2,7,-1,3,-1
201797LB03305,1,9,0,17,0,0,0,0,7,10,1,1,2,2,65,9,1242,1,5,-1,1,-1
201797LB03310,1,9,0,16,0,0,0,0,7,4,1,1,6,2,45,7,1753,2,16,6,1,6
201797LB03312,1,9,0,9,0,0,0,0,0,0,3,1,6,1,38,7,1968,2,5,-1,-1,-1
201797LB03312,2,9,0,13,0,0,0,0,7,11,1,1,1,1,30,6,2268,2,6,-1,3,-1
201797LB03404,1,9,0,18,0,0,0,0,0,0,1,1,6,2,67,10,1229,1,5,-1,2,-1
201797LB03404,2,9,0,2,0,0,0,0,0,0,1,1,6,3,-1,-1,1997,2,9,-1,-1,-1
201797LB03404,3,9,0,2,0,0,0,0,0,0,1,1,6,3,-1,-1,-1,-1,-1,-1,-1,-1
201797LB03411,1,19,0,13,0,0,0,0,0,0,0,1,1,1,34,6,1995,2,-1,-1,1,-1
201797LB03411,2,9,0,13,0,0,1,0,8,0,4,1,6,2,37,7,2183,2,6,-1,-1,-1
201797LB03505,1,9,0,5,0,6,0,0,0,0,3,1,6,2,26,6,998,1,4,-1,2,-1
201797LB03506,1,9,0,5,0,6,0,0,0,0,1,1,6,1,44,7,1198,1,5,-1,-1,-1
201797LB03506,2,9,0,18,0,1,0,0,0,5,1,1,6,1,23,5,1390,1,4,-1,3,-1
201797LB03608,1,9,0,18,0,0,2,0,8,10,1,1,2,1,42,7,1749,1,13,-1,3,-1
201797LB03608,2,9,0,18,0,0,1,0,0,0,4,1,6,1,59,9,1399,1,1,8,2,8
201797LB03610,1,9,0,18,0,1,0,0,0,0,1,1,1,2,21,5,998,1,3,-1,-1,-1
201797LB03610,2,9,0,10,0,1,0,0,0,0,2,1,1,2,58,9,1598,2,5,-1,2,-1
201797LB03703,1,9,0,16,0,0,1,0,7,4,4,1,6,2,69,10,1229,1,8,-1,2,-1
201797LB03706,1,9,0,16,0,0,0,0,7,0,1,1,6,1,24,5,1799,1,6,-1,2,-1
201797LB03709,1,9,0,1,0,0,0,0,0,0,2,1,6,1,55,8,1498,1,1,-1,3,-1
201797LB03712,1,9,0,17,0,0,0,0,0,0,1,1,6,1,48,8,1399,1,-1,-1,-1,-1
201797LB03712,2,9,0,16,0,0,0,0,0,0,1,1,6,2,41,7,1997,2,7,-1,1,-1
201797LB04005,1,9,0,18,0,0,0,0,7,9,1,1,6,2,74,10,1948,1,15,10,1,10
201797LB04104,1,9,0,9,0,1,0,0,7,10,4,1,6,1,53,8,1598,1,-1,-1,-1,-1
201797LB04104,2,9,0,18,0,1,0,0,1,10,1,1,6,2,48,8,3200,2,-1,-1,3,-1
201797LB04106,1,9,0,16,0,0,0,0,7,4,1,1,6,1,79,11,1461,2,2,-1,1,-1
201797LB04107,1,9,0,18,0,0,0,0,1,4,1,1,6,1,50,8,1998,1,10,-1,1,-1
201797LB04108,1,1,0,18,0,0,0,0,0,0,1,1,6,1,47,8,-1,-1,-1,-1,2,-1
201797LB04108,2,9,0,2,0,0,0,0,0,0,2,1,6,3,-1,-1,1796,1,12,-1,-1,-1
201797LB04205,1,19,0,16,0,0,0,0,0,0,1,1,6,2,34,6,2299,2,7,-1,3,-1
201797LB04206,1,9,0,4,0,1,0,0,0,0,1,1,2,2,45,7,1598,1,9,-1,3,-1
201797LB04405,1,9,0,17,7,0,1,7,1,7,4,1,2,2,29,6,1994,2,12,-1,3,-1
201797LB04406,1,19,0,17,0,0,0,0,0,0,1,1,6,1,67,10,-1,-1,-1,-1,2,-1
201797LB04406,2,19,0,17,0,0,0,0,0,0,1,1,6,1,39,7,-1,-1,-1,-1,1,-1
201797LB04406,3,9,0,16,0,0,0,0,0,0,4,1,6,2,33,6,1995,2,3,-1,3,-1
201797LB04408,1,5,0,17,0,0,1,0,0,0,1,1,6,1,50,8,-1,-1,-1,-1,-1,-1
201797LB04408,2,9,0,16,0,0,0,0,0,0,4,1,6,2,55,8,-1,-1,-1,-1,1,-1
201797LB04509,1,9,0,16,0,0,1,4,7,0,1,1,6,2,56,9,1560,2,3,-1,3,-1
201797LB04509,2,21,1,2,6,0,0,0,0,0,4,1,6,1,54,8,11705,2,8,-1,2,-1
201797LB04606,1,9,0,16,0,0,2,0,7,0,0,1,6,2,23,5,1349,1,4,-1,3,-1
201797LB04608,1,9,0,17,0,0,0,0,0,0,3,1,1,1,23,5,1396,1,15,-1,1,-1
201797LB04608,2,9,0,16,0,0,0,0,0,0,3,1,6,1,46,8,999,1,-1,-1,-1,-1
201797LB04705,1,9,0,17,0,0,0,0,7,0,1,1,6,2,71,10,1422,2,9,-1,3,-1
201797LB04705,2,9,0,16,0,0,0,0,1,0,1,1,6,2,80,11,1998,1,13,-1,2,-1
201797LB04805,1,9,0,16,0,0,1,0,7,4,3,1,6,1,33,6,1997,2,13,-1,2,-1
201797LB04808,1,5,0,17,0,0,0,0,0,0,3,1,1,1,56,9,-1,-1,-1,-1,2,-1
201797LB04905,1,9,0,17,0,0,1,0,1,4,1,1,2,1,46,8,1360,1,6,5,1,5
201797LB04905,2,9,0,16,0,0,0,0,1,9,1,1,6,1,58,9,1998,1,13,-1,3,-1
201797LB05107,1,11,0,4,0,0,1,0,0,0,1,1,1,1,63,9,12600,2,14,-1,2,-1
201797LB05107,2,11,0,4,0,0,0,0,0,0,2,1,1,1,52,8,12600,2,10,-1,2,-1
201797LB05807,1,19,0,4,0,1,0,0,0,0,1,1,1,1,27,6,2198,2,2,-1,-1,-1
201797LB05807,2,19,0,9,0,1,5,0,7,9,2,1,1,1,25,5,2143,2,1,-1,1,-1
201797LB05807,3,9,0,2,0,1,0,0,0,0,1,1,6,3,-1,-1,1560,2,3,-1,-1,-1
201797NA00103,1,9,0,10,0,1,0,0,0,0,1,1,6,2,49,8,1598,1,8,-1,3,-1
201797NA00103,2,9,0,18,0,1,0,0,0,0,1,1,6,1,31,6,1390,1,10,-1,1,-1
201797NA00106,1,9,0,11,0,0,2,0,1,4,1,1,6,1,66,10,1399,1,7,-1,1,-1
201797NA00107,1,9,0,18,0,1,0,0,0,0,1,1,6,1,-1,-1,4619,1,15,-1,1,-1
201797NA00107,2,9,0,3,0,1,0,0,0,0,2,1,6,1,83,11,1390,1,3,-1,1,-1
201797NA00110,1,9,0,16,0,4,0,0,0,0,4,1,6,1,27,6,1598,1,6,-1,1,-1
201797NA00110,2,9,0,16,0,4,0,0,0,0,3,1,6,2,42,7,1956,2,7,-1,1,-1
201797NA00208,1,8,0,5,0,0,0,0,0,0,1,1,1,1,38,7,1598,2,1,-1,1,-1
201797NA00209,1,9,0,18,0,0,0,0,0,0,0,1,6,1,59,9,1590,1,15,-1,1,-1
201797NA00212,1,9,0,18,0,3,0,2,0,1,2,1,1,1,29,6,2993,2,12,-1,1,-1
201797NA00212,2,21,4,9,0,3,0,0,0,0,1,2,1,1,26,6,-1,-1,-1,-1,-1,-1
201797NA00305,1,9,0,7,0,4,0,2,0,0,1,1,6,1,31,6,1560,2,5,-1,1,-1
201797NA00305,2,9,0,4,0,4,0,2,0,1,2,1,6,1,71,10,1560,2,4,-1,1,-1
201797NA00309,1,9,0,18,0,1,0,0,0,0,1,1,6,1,35,6,1896,2,11,-1,1,-1
201797NA00311,1,8,0,1,0,0,0,0,0,0,2,1,1,1,48,8,1598,2,4,-1,1,-1
201797NA00402,1,9,0,18,0,4,0,0,0,0,1,1,6,1,71,10,1598,2,3,-1,1,-1
201797NA00402,2,9,0,18,0,4,0,0,0,0,4,1,2,1,31,6,2184,2,8,-1,1,-1
201797NA00412,1,9,0,18,0,0,0,0,0,0,4,1,6,3,-1,-1,-1,-1,-1,-1,-1,-1
201797NA00503,1,9,0,9,0,1,0,0,0,0,3,1,6,1,22,5,1968,2,1,-1,1,-1
201797NA00503,2,9,0,18,0,1,0,0,0,0,4,1,6,1,28,6,-1,-1,-1,-1,1,-1
201797NA00505,1,9,0,18,0,1,0,0,0,0,1,1,6,2,29,6,2184,2,14,-1,1,-1
201797NA00506,1,9,0,3,0,0,0,0,0,0,1,1,1,1,37,7,1896,2,8,-1,1,-1
201797NA00506,2,9,0,3,0,0,0,0,0,0,2,1,1,1,49,8,2993,2,3,-1,-1,-1
201797NA00510,1,1,0,9,0,6,0,0,0,0,3,1,6,1,12,3,-1,-1,-1,-1,1,-1
201797NA00510,2,9,0,18,0,1,0,0,0,0,1,1,6,1,21,5,2926,2,11,-1,1,-1
201797NA00511,1,9,0,9,0,2,0,0,0,0,1,1,6,2,42,7,1668,1,16,-1,1,-1
201797NA00512,1,9,0,18,0,0,0,0,0,0,1,1,6,3,-1,-1,-1,-1,-1,-1,-1,-1
201797NA00512,2,9,0,9,0,0,0,0,7,0,3,1,6,1,50,8,1390,1,3,-1,3,-1
201797NA00605,1,9,0,18,0,1,0,0,0,0,1,1,6,2,50,8,1685,2,-1,-1,3,-1
201797NA00605,2,9,0,7,0,1,0,0,0,0,2,1,1,1,48,8,1598,2,3,-1,1,-1
201797NA00608,1,9,0,9,0,5,0,0,0,0,1,1,6,1,29,6,1364,1,8,-1,1,-1
201797NA00608,2,1,0,18,0,8,0,0,0,0,1,1,1,1,56,9,-1,-1,-1,-1,1,-1
201797NA00610,1,9,0,18,0,0,0,0,0,0,4,1,6,2,22,5,1349,1,9,-1,1,-1
201797NA00707,1,9,0,18,0,0,0,0,0,0,1,1,1,1,20,4,1242,1,1,-1,3,-1
201797NA00707,2,1,0,18,0,0,0,0,0,0,2,1,1,2,45,7,-1,-1,-1,-1,1,-1
201797NA00708,1,9,0,9,0,6,0,0,0,0,3,1,6,1,64,9,1685,2,1,-1,1,-1
201797NA00708,2,9,0,18,0,8,0,0,0,0,4,1,2,2,31,6,1582,2,2,-1,1,-1
201797NA00801,1,9,0,18,0,1,0,0,0,0,1,1,6,1,69,10,1560,2,2,-1,-1,-1
201797NA00801,2,9,0,11,0,1,0,0,0,0,2,1,6,1,44,7,1560,2,7,-1,1,-1
201797NA00802,1,9,0,5,0,0,0,0,0,0,3,1,6,2,82,11,973,1,14,-1,1,-1
201797NA00802,2,9,0,18,0,0,0,0,0,0,0,1,6,2,40,7,1560,2,5,-1,3,-1
201797NA00803,1,9,0,18,0,0,0,0,0,0,1,1,6,1,22,5,1398,1,2,-1,1,-1
201797NA00804,1,9,0,9,0,1,0,0,0,0,1,1,1,1,60,9,1956,2,5,-1,-1,-1
201797NA00804,2,9,0,18,0,1,0,0,0,0,1,1,6,2,21,5,1339,1,14,-1,1,-1
201797NA00805,1,19,0,18,0,0,0,0,0,0,1,1,6,1,48,8,2402,2,7,-1,3,-1
201797NA00805,2,9,0,4,0,0,0,0,0,0,2,1,2,2,45,7,1595,1,3,-1,3,-1
201797NA00806,1,9,0,2,9,0,0,0,0,3,2,1,6,3,-1,-1,1997,2,2,-1,-1,-1
201797NA00807,1,9,0,18,9,8,0,0,1,2,1,1,6,2,39,7,1598,1,14,-1,1,-1
201797NA00807,2,9,0,2,0,8,0,0,0,0,2,1,6,3,-1,-1,1149,1,7,-1,-1,-1
201797NA00811,1,9,0,4,0,0,0,0,0,0,1,1,6,1,36,7,1400,1,12,-1,1,-1
201797NA00811,2,9,0,4,0,0,0,0,0,0,2,1,6,1,59,9,-1,-1,-1,-1,1,-1
201797NA00905,1,9,0,18,0,0,0,0,0,0,1,1,6,2,43,7,1328,1,9,-1,1,-1
201797NA00905,2,9,0,18,0,0,0,0,0,0,2,1,6,2,50,8,1339,1,1,-1,1,-1
201797NA00906,1,9,0,18,0,6,1,0,7,11,1,1,6,2,28,6,1242,1,5,-1,1,-1
201797NA00912,1,9,0,18,0,8,0,0,0,0,1,1,1,1,73,10,1598,2,1,-1,1,-1
201797NA01005,1,9,0,4,0,0,0,0,0,0,1,1,2,1,52,8,1587,1,15,-1,1,-1
201797NA01005,2,9,0,4,0,0,0,0,0,0,2,1,3,1,52,8,1896,2,15,-1,1,-1
201797NA01005,3,9,0,4,0,0,0,0,0,0,2,1,6,2,70,10,1496,2,2,-1,1,-1
201797NA01007,1,9,0,18,0,0,5,4,0,0,1,1,6,1,81,11,1396,1,8,-1,1,-1
201797NA01007,2,9,0,2,9,2,0,0,0,0,1,1,6,3,-1,-1,1598,2,5,-1,-1,-1
201797NA01105,1,9,0,18,0,0,0,0,0,0,1,1,6,3,-1,-1,-1,-1,-1,-1,-1,-1
201797NA01105,2,9,0,18,0,0,0,0,0,0,2,1,6,2,58,9,998,1,6,-1,1,-1
201797NA01107,1,9,0,16,0,0,0,0,0,0,1,1,6,2,44,7,1997,2,6,-1,3,-1
201797NA01107,2,9,0,16,0,0,0,0,0,0,2,1,6,1,27,6,1969,2,2,-1,1,-1
201797NA01110,1,9,0,7,0,2,0,0,0,0,1,1,6,2,51,8,2204,2,8,-1,1,-1
201797NA01110,2,9,0,18,0,2,0,0,0,0,4,1,1,1,59,9,1598,2,5,-1,-1,-1
201797NA01112,1,9,0,9,0,6,0,0,0,0,3,1,6,2,36,7,1198,1,-1,-1,1,-1
201797NA01112,2,11,0,5,0,8,0,0,0,0,1,1,1,1,46,8,4462,2,10,-1,1,-1
201797NA01203,1,20,1,9,0,3,0,0,0,0,4,1,1,1,-1,-1,-1,-1,-1,-1,-1,-1
201797NA01203,2,9,0,7,0,3,0,0,0,0,3,1,6,1,29,6,1968,2,1,-1,1,-1
201797NA01208,1,8,0,4,0,0,0,0,0,0,1,1,1,1,57,9,1560,2,1,-1,1,-1
201797NA01208,2,9,0,4,0,0,0,0,0,0,2,1,6,2,24,5,1798,1,13,-1,3,-1
201797NA01209,1,9,0,9,0,8,0,0,0,0,4,1,6,3,-1,-1,1995,2,-1,-1,-1,-1
201797NA01209,2,9,0,18,0,8,0,0,0,0,1,1,6,1,20,4,1398,1,-1,-1,1,-1
201797NA01211,1,9,0,16,0,0,0,0,0,0,3,1,1,2,55,8,1598,2,3,-1,3,-1
201797NA01211,2,11,0,17,0,0,0,0,0,0,3,1,1,1,59,9,4250,2,11,-1,1,-1
201797NA01302,1,9,0,7,0,6,0,0,0,0,4,1,2,1,32,6,1995,2,5,-1,3,-1
201797NA01303,1,19,0,6,9,0,0,0,0,0,1,1,6,1,18,4,1598,2,5,-1,3,-1
201797NA01303,2,9,0,18,0,0,0,0,0,0,4,1,2,2,31,6,1597,1,15,-1,1,-1
201797NA01306,1,3,0,18,0,3,0,0,0,0,1,1,2,1,24,5,125,1,3,-1,1,-1
201797NA01306,2,9,0,5,0,3,0,0,0,0,3,1,2,1,29,6,1995,2,13,-1,1,-1
201797NA01307,1,8,0,18,0,0,0,0,0,0,4,1,1,1,49,8,1560,2,1,-1,1,-1
201797NA01405,1,9,0,3,0,0,0,0,0,0,2,1,6,1,35,6,1396,1,15,-1,1,-1
201797NA01405,2,9,0,4,0,0,0,0,0,0,1,1,2,2,47,8,1995,2,14,-1,1,-1
201797NA01411,1,9,0,18,0,4,0,0,0,0,3,1,6,3,-1,-1,-1,-1,-1,-1,-1,-1
201797NA01411,2,9,0,18,0,3,0,0,0,0,4,1,6,2,54,8,1560,2,4,-1,1,-1
201797NA01503,1,9,0,18,0,1,0,0,0,0,2,1,1,2,60,9,1229,1,6,-1,1,-1
201797NA01503,2,19,0,4,0,1,0,0,0,0,3,1,1,1,43,7,1248,2,1,-1,1,-1
201797NA01511,1,9,0,10,0,6,0,0,0,0,1,1,6,2,53,8,1242,1,3,-1,1,-1
201797NA01511,2,9,0,18,0,1,0,0,0,0,1,1,6,1,38,7,1398,8,5,-1,3,-1
201797NA01604,1,9,0,5,0,4,0,0,0,0,1,1,6,1,35,6,1968,2,2,-1,3,-1
201797NA01604,2,9,0,18,0,3,0,0,1,11,4,1,6,2,59,9,1149,1,12,-1,1,-1
201797NA01607,1,8,0,9,0,6,0,0,0,0,1,1,6,1,65,9,1598,2,3,-1,1,-1
201797NA01607,2,9,0,7,0,6,0,0,0,0,3,1,6,1,29,6,1198,1,1,-1,-1,-1
201797NA01610,1,9,0,18,0,6,0,0,0,0,1,1,6,2,73,10,1591,1,-1,-1,1,-1
201797NA01610,2,9,0,18,0,8,0,0,0,0,3,1,6,1,21,5,1596,1,5,-1,1,-1
201797NA01610,3,9,0,8,0,1,0,0,0,0,1,1,6,2,62,9,1598,1,6,-1,1,-1
201797NA01702,1,19,0,18,0,0,0,0,0,0,3,1,6,3,-1,-1,-1,-1,-1,-1,-1,-1
201797NA01702,2,9,0,18,0,0,0,0,0,0,3,1,2,2,27,6,1240,1,13,-1,1,-1
201797NA01710,1,9,0,18,0,0,0,0,0,0,4,1,6,2,47,8,1242,1,1,-1,1,-1
201797NA01711,1,20,0,18,0,4,0,0,0,0,1,1,1,1,50,8,-1,-1,-1,-1,1,-1
201797NA01711,2,9,0,9,0,4,0,0,0,0,2,1,2,2,54,8,1198,1,3,-1,1,-1
201797NA01808,1,1,0,17,0,3,0,0,0,0,4,1,6,1,59,9,-1,-1,-1,-1,3,-1
201797NA01808,2,9,0,18,0,4,0,0,0,0,1,1,6,1,77,11,-1,-1,-1,-1,1,-1
201797NA01810,1,9,0,18,0,0,0,0,0,0,1,1,3,2,65,9,1991,2,13,-1,1,-1
201797NA01812,1,21,4,4,0,0,1,0,7,9,1,1,1,1,57,9,12902,2,5,-1,1,-1
201797NA01812,2,21,4,4,0,0,1,0,0,0,1,1,1,1,57,9,12740,2,1,-1,2,-1
201797NA01901,1,9,0,10,0,6,0,0,0,0,1,1,6,2,41,7,1198,1,5,-1,3,-1
201797NA01901,2,9,0,18,0,8,0,0,7,2,4,1,2,1,50,8,1998,1,10,-1,3,-1
201797NA01904,1,9,0,9,0,1,0,0,7,0,4,1,1,1,44,7,1995,2,5,-1,2,-1
201797NA01904,2,1,0,18,0,1,0,0,0,0,1,1,6,1,54,8,-1,-1,-1,-1,1,-1
201797NA01905,1,9,0,4,0,1,0,0,0,0,3,1,6,3,-1,-1,-1,-1,-1,-1,-1,-1
201797NA01911,1,9,0,18,0,8,1,0,0,0,1,1,6,1,36,7,1461,2,-1,-1,1,-1
201797NA01911,2,9,0,7,0,8,0,0,0,4,4,1,6,2,23,5,1242,1,4,-1,-1,-1
201797NA02006,1,9,0,18,0,0,0,0,0,0,1,1,2,1,56,9,1388,1,7,-1,1,-1
201797NA02010,1,9,0,17,0,0,1,10,0,0,4,1,6,1,20,4,-1,-1,-1,-1,3,-1
201797NA02010,2,9,0,18,0,0,0,0,0,0,1,1,6,2,31,6,1386,1,9,-1,1,-1
201797NA02107,1,9,0,10,0,1,0,0,0,0,3,1,1,1,30,6,1560,2,11,-1,1,-1
201797NA02107,2,9,0,18,0,1,0,0,0,0,3,1,6,2,19,4,1229,1,2,-1,1,-1
201797NA02108,1,9,0,17,0,0,0,0,0,0,1,1,6,2,32,6,1242,1,9,-1,1,-1
201797NA02108,2,9,0,4,0,0,0,0,0,0,1,1,6,1,82,11,1108,1,7,-1,1,-1
201797NA02110,1,9,0,18,0,0,0,0,0,0,3,1,6,1,75,10,1086,1,14,-1,1,-1
201797NA02112,1,9,0,18,0,2,0,0,0,0,1,1,1,1,33,6,-1,-1,-1,-1,1,-1
201797NA02206,1,8,0,18,0,0,0,0,0,0,1,1,1,1,60,9,1598,2,3,-1,1,-1
201797NA02211,1,9,0,17,0,1,0,0,0,0,1,1,6,2,80,11,2000,1,13,-1,1,-1
201797NA02307,1,9,0,18,0,2,0,0,0,0,3,1,6,1,62,9,1364,1,2,-1,1,-1
201797NA02309,1,9,0,4,0,1,0,0,0,0,2,1,6,2,49,8,1398,1,-1,-1,1,-1
201797NA02309,2,9,0,4,0,1,0,0,0,0,2,1,6,2,25,5,998,1,2,-1,1,-1
201797NA02309,3,9,0,4,0,1,0,0,0,0,1,1,6,1,19,4,1499,2,1,-1,-1,-1
201797NA02310,1,9,0,18,0,0,0,0,0,0,1,1,2,1,19,4,998,1,11,-1,1,-1
201797NA02310,2,9,0,4,0,0,0,0,0,0,2,1,3,2,37,7,1339,1,4,-1,1,-1
201797NA02311,1,9,0,18,0,0,0,0,0,0,3,1,6,1,48,8,1968,2,9,-1,1,-1
201797NA02312,1,9,0,18,0,0,0,0,1,9,0,1,6,2,59,9,1685,2,2,-1,2,-1
201797NA02406,1,9,0,16,0,0,0,0,0,0,1,1,6,1,31,6,1910,2,9,-1,1,-1
201797NA02406,2,9,0,17,0,0,0,0,0,0,1,1,6,1,21,5,1149,1,14,-1,1,-1
201797NA02410,1,9,0,18,0,0,0,0,0,0,1,1,6,1,35,6,1461,2,2,-1,-1,-1
201797NA02503,1,9,0,18,0,6,0,0,1,6,1,1,6,2,66,10,995,1,4,-1,3,-1
201797NA02503,2,9,0,18,0,1,0,0,0,0,1,1,6,2,68,10,1198,1,5,-1,2,-1
201797NA02505,1,19,0,9,0,1,0,0,0,0,1,1,6,3,-1,-1,-1,-1,-1,-1,-1,-1
201797NA02505,2,9,0,3,0,1,0,0,0,0,2,1,6,1,59,9,1398,2,12,-1,1,-1
201797NA02512,1,9,0,1,0,0,0,0,0,0,2,1,2,1,59,9,1396,1,5,-1,1,-1
201797NA02606,1,19,0,1,9,0,0,0,0,0,2,1,6,1,51,8,1968,2,3,-1,1,-1
201797NA02609,1,9,0,12,6,0,0,0,0,0,3,1,6,2,23,5,1242,1,4,-1,1,-1
201797NA02609,2,9,0,18,6,0,0,0,0,0,4,1,6,2,41,7,1598,1,8,-1,-1,-1
201797NA02705,1,9,0,9,0,1,0,0,0,0,1,1,2,1,29,6,998,1,3,-1,1,-1
201797NA02705,2,3,0,18,0,1,0,0,0,0,1,1,6,1,25,5,-1,-1,-1,-1,1,-1
201797NA02706,1,19,0,4,0,0,0,0,0,0,1,1,6,1,20,4,1560,2,1,-1,1,-1
201797NA02706,2,9,0,3,0,0,0,0,0,0,2,1,6,1,46,8,1968,2,2,-1,-1,-1
201797NA02708,1,9,0,3,0,6,0,0,0,0,1,1,6,1,46,8,1461,2,1,-1,1,-1
201797NA02708,2,9,0,18,0,1,0,0,0,0,1,1,6,1,42,7,1197,1,2,-1,1,-1
201797NA02711,1,19,0,18,0,2,0,0,0,0,1,1,1,1,63,9,1499,2,3,-1,1,-1
201797NA02711,2,9,0,4,0,2,0,0,0,0,2,1,6,2,43,7,1560,2,9,-1,1,-1
201797NA02712,1,9,0,7,0,2,0,0,3,11,1,1,6,2,26,6,1598,2,2,-1,1,-1
201797NA02802,1,9,0,6,0,0,0,0,0,0,4,1,1,2,52,8,1598,2,2,-1,1,-1
201797NA02802,2,9,0,18,0,0,0,0,0,0,1,1,6,1,19,4,998,1,4,-1,1,-1
201797NA02805,1,9,0,17,0,0,0,0,1,11,3,1,6,1,49,8,1995,2,13,-1,3,-1
201797NA02805,2,9,0,18,0,0,0,0,0,11,3,1,6,1,44,7,1598,1,10,-1,1,-1
201797NA02808,1,9,0,9,0,5,0,0,0,0,4,1,6,1,45,7,1997,1,13,-1,1,-1
201797NA02808,2,5,0,18,0,1,0,0,0,0,1,1,6,1,31,6,599,1,12,-1,1,-1
201797NA02810,1,9,0,18,0,1,0,0,0,0,1,1,6,2,21,5,1248,1,-1,-1,-1,-1
201797NA02810,2,9,0,2,0,1,0,0,0,0,1,1,6,3,-1,-1,1390,1,10,-1,-1,-1
201797NA02811,1,21,1,18,0,2,0,0,0,0,1,1,1,1,47,8,12900,2,5,-1,3,-1
201797NA02812,1,9,0,18,0,3,0,0,0,0,1,1,6,1,27,6,-1,-1,-1,-1,-1,-1
201797NA02812,2,1,0,18,0,3,0,0,0,0,2,1,2,1,44,7,-1,-1,-1,-1,-1,-1
201797NA02910,1,90,5,18,0,3,0,0,0,0,4,1,1,1,57,9,-1,-1,-1,-1,1,-1
201797NA02912,1,9,0,13,0,0,0,0,0,11,2,1,6,1,26,6,1339,1,11,-1,1,-1
201797NA02912,2,9,0,18,0,0,0,0,0,0,2,1,6,2,61,9,1560,2,4,-1,1,-1
201797NA03001,1,9,0,18,0,1,0,0,0,0,1,1,6,2,32,6,1200,1,3,-1,1,-1
201797NA03001,2,9,0,3,0,1,0,0,0,0,2,1,6,2,44,7,1198,1,8,-1,3,-1
201797NA03101,1,9,0,14,0,1,0,0,0,0,4,1,1,1,29,6,-1,-1,-1,-1,3,-1
201797NA03105,1,9,0,18,0,0,0,0,0,0,1,1,6,1,27,6,1242,1,3,-1,2,-1
201797NA03301,1,9,0,18,0,4,1,0,0,0,1,1,2,2,29,6,1086,1,8,-1,1,-1
201797NA03301,2,9,0,9,0,8,0,0,0,0,4,1,6,1,79,11,1242,1,6,-1,1,-1
201797NA03602,1,9,0,1,0,0,0,0,0,0,0,1,6,1,61,9,1399,2,8,-1,1,-1
201797NA03701,1,9,0,18,0,1,0,0,0,0,1,1,6,1,23,5,1149,1,2,-1,1,-1
201797NA03701,2,9,0,4,0,1,0,0,0,0,2,1,6,1,32,6,1560,2,4,-1,1,-1
201797NA03701,3,9,0,3,0,1,0,0,0,0,2,1,6,2,51,8,1242,1,8,-1,1,-1
201797NA03804,1,9,0,17,0,0,2,0,2,0,1,1,6,1,29,6,1999,1,11,-1,1,-1
201797NA03901,1,9,0,7,0,1,0,10,1,11,1,1,1,1,25,5,-1,-1,-1,-1,1,-1
201797NA03901,2,9,0,18,0,1,1,0,3,2,3,1,6,2,35,6,1598,1,9,-1,1,-1
201797NA04004,1,9,0,18,0,1,0,0,0,0,1,1,6,2,19,4,1229,1,11,-1,1,-1
201797NA04004,2,9,0,10,0,1,0,0,0,0,2,1,6,2,56,9,998,1,2,-1,1,-1
201797NA04503,1,9,0,18,0,2,0,0,0,0,3,1,6,1,57,9,1248,1,4,-1,1,-1
201797NA04601,1,9,0,16,0,0,0,0,0,0,3,1,6,1,42,7,898,1,2,-1,1,-1
201797NA04602,1,9,0,17,0,0,1,0,0,11,1,1,1,2,27,6,2143,2,3,-1,3,-1
201797NA04604,1,9,0,18,0,4,0,0,0,0,1,1,6,2,66,10,1318,1,1,-1,1,-1
201797NA04604,2,5,0,9,0,3,5,0,0,0,4,1,6,2,51,8,865,1,3,-1,1,-1
201797NA04704,1,9,0,18,9,0,0,0,3,0,1,1,6,1,-1,-1,-1,-1,-1,-1,-1,-1
201797NA04803,1,9,0,18,0,3,0,10,3,7,1,1,2,1,38,7,1197,1,5,-1,1,-1
201797NA05201,1,9,0,18,0,3,0,0,0,1,1,1,2,1,67,10,1910,2,9,-1,1,-1
201797NA05201,2,9,0,9,0,3,0,0,0,1,1,1,2,1,67,10,1395,1,-1,-1,1,-1
201797NA05203,1,9,0,17,0,0,0,0,0,0,1,1,1,1,33,6,1560,2,1,-1,3,-1
201797NA05203,2,9,0,18,0,0,0,0,0,0,1,1,1,2,65,9,1598,1,7,-1,1,-1
201797NA05301,1,9,0,6,0,0,0,0,0,0,3,1,6,1,30,6,1796,1,11,-1,1,-1
201797NA05301,2,9,0,18,0,0,0,7,0,7,1,1,6,1,23,5,1995,2,1,-1,1,-1
201797NA05403,1,9,0,7,0,2,0,0,2,0,1,1,1,1,57,9,1560,2,1,-1,-1,-1
201797NA05503,1,9,0,18,0,8,0,0,0,0,1,1,1,1,23,5,-1,-1,-1,-1,1,-1
201797NA05503,2,9,0,8,0,8,0,0,0,0,2,1,1,2,41,7,898,1,2,-1,1,-1
201797NA05801,1,9,0,9,0,8,0,0,0,0,4,1,6,1,18,4,1364,1,10,-1,1,-1