Accident_Index,Vehicle_Reference,Vehicle_Type,Towing_and_Articulation,Vehicle_Manoeuvre,Vehicle_Location-Restricted_Lane,Junction_Location,Skidding_and_Overturning,Hit_Object_in_Carriageway,Vehicle_Leaving_Carriageway,Hit_Object_off_Carriageway,1st_Point_of_Impact,Was_Vehicle_Left_Hand_Drive?,Journey_Purpose_of_Driver,Sex_of_Driver,Age_of_Driver,Age_Band_of_Driver,Engine_Capacity_(CC),Propulsion_Code,Age_of_Vehicle,Driver_IMD_Decile,Driver_Home_Area_Type,Vehicle_IMD_Decile
201797QB00805,1,9,0,4,0,1,0,0,1,0,1,1,6,1,79,11,1461,2,1,-1,2,-1
201797QB00805,2,20,0,10,0,1,0,0,0,0,2,1,6,1,45,7,-1,-1,-1,-1,3,-1
201797QB00808,1,9,0,16,0,0,1,0,0,0,1,1,6,2,28,6,1598,2,5,-1,1,-1
201797QB00808,2,9,0,16,0,0,1,0,0,0,2,1,6,1,17,4,998,1,4,-1,1,-1
201797QB00808,3,9,0,16,0,0,1,0,0,0,2,1,6,1,20,4,1242,1,1,-1,1,-1
201797QB00808,4,9,0,16,0,0,1,0,0,0,2,1,6,1,45,7,1798,1,13,-1,1,-1
201797QB00812,1,9,0,7,0,4,0,0,0,0,1,1,6,1,61,9,1597,1,13,-1,1,-1
201797QB00812,2,9,0,18,0,8,0,0,0,0,4,1,6,2,40,7,1461,2,6,-1,1,-1
201797QB00902,1,9,0,7,0,6,0,0,0,0,3,1,6,1,37,7,1999,2,1,-1,1,-1
201797QB00902,2,1,0,18,0,1,0,0,0,0,1,1,6,1,48,8,-1,-1,-1,-1,1,-1
201797QB00903,1,1,0,18,9,1,0,0,0,0,2,1,6,1,-1,-1,-1,-1,-1,-1,-1,-1
201797QB00906,1,9,0,1,0,6,0,0,0,0,2,1,6,1,51,8,1149,1,1,-1,1,-1
201797QB01001,1,9,0,18,0,0,0,0,0,0,1,1,2,1,57,9,-1,-1,-1,-1,1,-1
201797QB01001,2,9,0,4,0,0,0,0,0,0,3,1,2,1,45,7,-1,-1,-1,-1,1,-1
201797QB01001,3,9,0,4,0,0,0,0,0,0,2,1,6,1,23,5,1149,1,6,-1,3,-1
201797QB01004,1,9,0,3,0,1,0,0,0,0,2,1,6,1,28,6,1364,1,10,-1,1,-1
201797QB01004,2,9,0,4,0,1,0,0,0,0,1,1,6,1,60,9,-1,-1,-1,-1,1,-1
201797QB01006,1,19,0,18,5,0,0,0,0,0,3,1,1,3,-1,-1,2198,2,3,-1,-1,-1
201797QB01102,1,9,0,18,0,8,0,0,7,11,3,1,6,1,18,4,1229,1,9,-1,1,-1
201797QB01102,2,9,0,18,0,8,0,0,7,0,1,1,6,1,73,10,1910,2,8,-1,1,-1
201797QB01105,1,9,0,4,0,1,0,0,0,0,1,1,6,2,51,8,1108,1,8,-1,1,-1
201797QB01108,1,9,0,18,0,0,0,0,0,0,0,1,6,2,55,8,1598,1,7,-1,-1,-1
201797QB01108,2,9,0,2,0,0,0,0,0,0,0,1,6,3,-1,-1,-1,-1,-1,-1,-1,-1
201797QB01110,1,9,0,18,0,4,0,0,0,0,1,1,6,1,43,7,1499,2,1,-1,3,-1
201797QB01110,2,9,0,5,0,4,0,0,0,0,2,1,6,1,33,6,1198,1,3,-1,1,-1
201797QB01201,1,9,0,18,0,0,0,0,0,0,1,1,6,2,72,10,995,1,10,-1,-1,-1
201797QB01201,2,9,0,4,0,0,0,0,0,0,2,1,2,1,52,8,-1,-1,-1,-1,-1,-1
201797QB01201,3,9,0,18,0,0,0,0,0,0,3,1,2,1,20,4,1598,1,14,-1,1,-1
201797QB01201,4,9,0,18,0,0,0,0,0,0,3,1,2,1,44,7,1560,2,9,-1,1,-1
201797QB01203,1,8,0,4,0,8,0,0,0,0,1,1,1,1,46,8,1598,2,3,-1,1,-1
201797QB01203,2,9,0,18,0,8,0,0,0,0,2,1,6,1,46,8,1149,1,12,-1,-1,-1
201797QB01205,1,9,0,10,0,1,0,0,0,0,1,1,6,1,32,6,1685,2,5,-1,1,-1
201797QB01205,2,1,0,18,0,1,0,0,0,0,4,1,6,1,40,7,-1,-1,-1,-1,1,-1
201797QB01206,1,9,0,18,0,1,0,0,0,0,1,1,2,2,23,5,999,1,-1,-1,1,-1
201797QB01206,2,9,0,4,0,1,0,0,0,0,2,1,6,2,34,6,999,1,-1,-1,1,-1
201797QB01207,1,9,0,18,0,0,0,0,0,0,1,1,6,2,22,5,998,1,4,-1,1,-1
201797QB01207,2,9,0,18,0,0,1,0,0,0,2,1,6,1,54,8,898,1,1,-1,1,-1
201797QB01307,1,9,0,4,0,1,0,0,0,0,2,1,6,2,-1,-1,1598,1,7,-1,-1,-1
201797QB01307,2,9,0,18,0,1,0,0,0,0,1,1,6,2,41,7,1560,2,4,-1,-1,-1
201797QB01308,1,9,0,18,0,0,0,0,0,0,1,1,6,1,24,5,1986,2,11,-1,1,-1
201797QB01308,2,9,0,4,0,0,0,0,0,0,2,1,6,1,34,6,1499,2,1,-1,1,-1
201797QB01309,1,9,0,17,0,1,0,0,0,0,3,1,6,2,27,6,1398,1,3,-1,1,-1
201797QB01309,2,11,0,18,0,1,0,0,0,0,1,1,1,1,57,9,4461,2,3,-1,1,-1
201797QB01312,1,9,0,15,0,0,0,0,0,0,1,1,6,1,66,10,1199,2,4,-1,3,-1
201797QB01312,2,9,0,2,0,0,0,0,0,0,2,1,6,3,-1,-1,4367,2,4,-1,1,-1
201797QB01404,1,9,0,18,0,0,0,0,0,0,0,1,6,1,31,6,1461,2,5,-1,1,-1
201797QB01404,2,9,0,18,0,0,0,0,0,0,0,1,6,1,27,6,1560,2,5,-1,1,-1
201797QB01404,3,9,0,4,0,0,0,0,0,0,2,1,6,2,27,6,1390,1,6,-1,1,-1
201797QB01405,1,9,0,18,0,0,0,0,0,0,1,1,1,2,56,9,998,1,1,-1,1,-1
201797QB01408,1,9,0,4,0,0,0,0,0,0,1,1,6,2,-1,-1,1598,1,5,-1,1,-1
201797QB01410,1,9,0,4,0,0,0,0,0,0,1,1,2,1,40,7,2987,2,3,-1,1,-1
201797QB01410,2,9,0,4,0,0,0,0,0,0,2,1,1,2,30,6,-1,-1,-1,-1,-1,-1
201797QB01411,1,9,0,5,0,2,0,0,0,0,1,1,6,1,51,8,1242,1,8,-1,1,-1
201797QB01505,1,9,0,16,0,0,0,0,0,0,1,1,6,2,47,8,1242,1,3,-1,1,-1
201797QB01506,1,9,0,9,9,0,0,0,0,0,3,1,6,1,76,11,1248,2,9,-1,1,-1
201797QB01507,1,9,0,9,0,2,0,0,0,0,1,1,2,1,56,9,2148,2,8,-1,1,-1
201797QB01510,1,9,0,18,0,6,0,0,0,0,1,1,1,1,26,6,1198,1,5,-1,1,-1
201797QB01510,2,9,0,18,0,6,0,0,0,0,2,1,1,2,43,7,1461,2,3,-1,1,-1
201797QB01510,3,19,0,18,0,6,0,0,0,0,2,1,1,1,-1,-1,-1,-1,-1,-1,1,-1
201797QB01512,1,19,0,18,0,1,1,0,0,0,1,1,6,1,28,6,1598,2,10,-1,1,-1
201797QB01512,2,9,0,3,0,1,0,0,0,0,2,1,6,2,43,7,2143,2,3,-1,1,-1
201797QB01606,1,5,0,4,0,0,0,0,0,0,1,1,2,1,51,8,599,1,14,-1,1,-1
201797QB01606,2,19,0,4,0,0,0,0,0,0,2,1,2,1,60,9,1461,2,9,-1,1,-1
201797QB01607,1,9,0,18,0,0,1,0,0,2,4,1,6,1,30,6,1461,2,-1,-1,-1,-1
201797QB01609,1,9,0,18,9,2,0,0,0,0,1,1,6,2,70,10,1248,1,6,-1,1,-1
201797QB01610,1,5,0,16,0,0,1,0,0,0,3,1,6,1,58,9,1298,1,-1,-1,1,-1
201797QB01705,1,9,0,18,0,0,0,0,1,4,1,1,6,2,58,9,1299,1,9,-1,1,-1
201797QB01711,1,9,0,18,0,0,0,0,0,0,1,1,6,1,71,10,1560,2,1,-1,1,-1
201797QB01712,1,9,0,18,0,5,0,0,0,0,4,1,6,3,-1,-1,-1,-1,-1,-1,-1,-1
201797QB01806,1,9,0,17,0,0,0,0,0,2,4,1,6,1,34,6,1399,2,10,-1,1,-1
201797QB01808,1,11,0,18,0,0,0,0,0,0,4,1,1,1,39,7,6696,2,4,-1,1,-1
201797QB01904,1,9,0,11,0,1,0,0,0,0,1,1,1,2,49,8,998,1,9,-1,1,-1
201797QB01904,2,9,0,4,0,1,0,0,0,0,2,1,6,1,47,8,1242,1,12,-1,1,-1
201797QB01905,1,9,0,9,0,4,0,0,0,0,1,1,6,1,68,10,1896,2,11,-1,-1,-1
201797QB01905,2,1,0,18,0,4,0,0,0,0,1,1,6,1,38,7,-1,-1,-1,-1,1,-1
201797QB01906,1,11,0,16,0,0,0,0,0,0,1,1,1,1,46,8,4500,2,2,-1,1,-1
201797QB01906,2,9,0,3,0,0,0,0,0,0,2,1,6,2,50,8,1968,2,2,-1,3,-1
201797QB01907,1,9,0,18,0,8,0,0,0,0,3,1,6,1,34,6,1499,2,3,-1,3,-1
201797QB01907,2,9,0,18,0,8,0,0,0,0,1,1,6,2,46,8,1496,1,-1,-1,1,-1
201797QB01909,1,9,0,4,0,1,1,0,0,0,1,1,2,1,25,5,1364,1,3,-1,1,-1
201797QB01909,2,9,0,18,0,1,0,0,0,0,4,1,6,1,47,8,1956,2,6,-1,3,-1
201797QB01912,1,9,0,18,0,1,1,0,0,0,4,1,6,1,26,6,998,1,1,-1,1,-1
201797QB01912,2,9,0,2,0,2,0,0,0,0,4,1,6,3,-1,-1,1390,1,5,-1,-1,-1
201797QB02004,1,9,0,3,0,1,0,0,0,0,2,1,6,1,28,6,1560,2,3,-1,1,-1
201797QB02004,2,9,0,3,0,1,0,0,0,0,2,1,6,1,22,5,1368,1,6,-1,1,-1
201797QB02004,3,9,0,3,0,1,0,0,0,0,1,1,6,3,-1,-1,1686,2,15,-1,1,-1
201797QB02007,1,9,0,5,0,6,0,0,0,0,3,1,6,1,29,6,1598,1,7,-1,1,-1
201797QB02007,2,9,0,18,0,8,0,0,0,0,1,1,6,1,45,7,-1,-1,-1,-1,1,-1
201797QB02010,1,9,0,9,0,8,0,0,0,0,4,1,6,2,17,4,1200,1,4,-1,3,-1
201797QB02010,2,9,0,5,0,2,0,0,0,0,1,1,6,2,21,5,1242,1,1,-1,2,-1
201797QB02011,1,9,0,18,0,4,0,0,0,0,1,1,1,2,69,10,1582,2,1,-1,1,-1
201797QB02011,2,19,0,18,0,8,5,0,0,0,1,1,1,1,56,9,1996,2,6,-1,-1,-1
201797QB02103,1,9,0,4,0,0,0,0,0,0,1,1,6,1,35,6,1149,1,12,-1,1,-1
201797QB02103,2,8,0,3,0,0,0,0,0,0,2,1,1,1,56,9,1598,2,1,-1,1,-1
201797QB02103,3,9,0,3,0,0,0,0,0,0,2,1,6,1,64,9,998,1,14,-1,1,-1
201797QB02103,4,19,0,3,0,0,0,0,0,0,2,1,2,1,52,8,1753,2,5,-1,1,-1
201797QB02108,1,9,0,5,0,2,0,0,0,0,3,1,2,2,55,8,2993,2,6,-1,1,-1
201797QB02109,1,9,0,16,0,0,0,0,0,0,1,1,6,1,22,5,1229,1,10,-1,1,-1
201797QB02109,2,9,0,17,0,0,0,0,0,0,1,1,6,1,39,7,1398,1,6,-1,1,-1
201797QB02206,1,9,0,4,0,1,0,0,7,11,3,1,2,2,32,6,1360,1,10,-1,1,-1
201797QB02206,2,9,0,18,0,1,0,0,0,0,4,1,6,2,30,6,1242,1,5,-1,1,-1
201797QB02208,1,3,0,18,0,1,1,0,1,0,1,1,6,1,17,4,-1,-1,-1,-1,2,-1
201797QB02208,2,9,0,4,0,1,0,0,0,0,2,1,6,1,46,8,1200,1,1,-1,1,-1
201797QB02212,1,9,0,18,0,0,0,0,0,0,1,1,6,3,-1,-1,-1,-1,-1,-1,-1,-1
201797QB02212,2,9,0,18,0,0,0,0,0,0,2,1,6,1,46,8,-1,-1,-1,-1,1,-1
201797QB02212,3,9,0,18,0,0,0,0,0,0,2,1,6,2,45,7,1598,1,9,-1,1,-1
201797QB02305,1,9,0,18,0,1,0,0,0,0,2,1,1,1,32,6,-1,-1,-1,-1,1,-1
201797QB02305,2,5,0,10,0,1,0,0,0,0,0,1,6,1,50,8,1470,1,29,-1,1,-1
201797QB02306,1,9,0,18,0,0,0,0,0,0,1,1,6,2,52,8,1499,1,1,-1,2,-1
201797QB02308,1,1,0,18,0,1,0,0,0,0,1,1,2,1,36,7,-1,-1,-1,-1,1,-1
201797QB02308,2,9,0,7,0,1,0,0,0,0,4,1,6,2,41,7,1968,2,4,-1,1,-1
201797QB02311,1,19,0,7,0,6,0,0,0,0,1,1,1,1,21,5,1995,2,4,-1,1,-1
201797QB02311,2,9,0,18,0,8,0,0,0,0,4,1,6,2,23,5,1199,1,3,-1,1,-1
201797QB02312,1,9,0,5,0,1,0,0,0,0,1,1,6,3,-1,-1,-1,-1,-1,-1,-1,-1
201797QB02312,2,9,0,18,0,1,0,0,0,0,2,1,2,2,46,8,1399,1,1,-1,3,-1
201797QB02402,1,9,0,18,0,1,0,0,0,0,4,1,6,1,25,5,1242,1,12,-1,1,-1
201797QB02404,1,19,0,18,0,0,0,0,0,0,1,1,1,1,23,5,1560,2,2,-1,-1,-1
201797QB02404,2,9,0,4,0,0,0,0,0,0,1,1,1,1,24,5,1796,1,9,-1,1,-1
201797QB02404,3,9,0,4,0,0,0,0,0,0,2,1,6,2,24,5,1398,1,5,-1,1,-1
201797QB02404,4,19,0,4,0,0,0,0,0,0,2,1,1,1,33,6,1598,2,3,-1,1,-1
201797QB02406,1,9,0,4,0,0,0,0,0,0,4,1,6,2,69,10,1461,2,1,-1,1,-1
201797QB02406,2,9,0,18,0,0,0,0,0,0,3,1,6,1,36,7,2000,2,8,-1,1,-1
201797QB02409,1,9,0,5,0,1,0,0,0,0,4,1,6,2,32,6,1461,2,13,-1,1,-1
201797QB02411,1,9,0,9,0,1,0,0,0,0,4,1,2,1,30,6,2926,2,15,-1,1,-1
201797QB02411,2,1,0,18,0,1,0,0,0,0,1,1,2,1,44,7,-1,-1,-1,-1,1,-1
201797QB02503,1,9,0,3,0,0,0,0,0,0,2,1,6,2,29,6,1598,1,17,-1,1,-1
201797QB02503,2,9,0,4,0,0,1,0,0,0,1,1,6,1,64,9,1242,1,5,-1,1,-1
201797QB02507,1,9,0,1,0,0,0,0,0,0,2,1,6,2,40,7,1997,2,8,-1,1,-1
201797QB02507,2,9,0,2,0,0,0,0,0,0,2,1,6,1,35,6,1582,2,1,-1,1,-1
201797QB02602,1,9,0,4,0,0,0,0,0,0,1,1,6,2,53,8,1496,2,2,-1,1,-1
201797QB02605,1,9,0,3,0,1,0,0,0,0,2,1,6,1,60,9,1998,1,4,-1,1,-1
201797QB02605,2,9,0,4,0,1,0,0,0,0,1,1,6,1,29,6,1242,1,5,-1,1,-1
201797QB02606,1,19,0,9,0,1,0,0,0,0,4,1,6,3,-1,-1,-1,-1,-1,-1,-1,-1
201797QB02606,2,9,0,5,0,1,0,0,0,0,3,1,1,1,35,6,1598,2,7,-1,1,-1
201797QB02704,1,9,0,4,0,1,0,0,0,0,1,1,6,1,30,6,1798,1,2,-1,1,-1
201797QB02704,2,9,0,4,0,1,0,0,0,0,2,1,1,2,19,4,-1,-1,-1,-1,3,-1
201797QB02705,1,9,0,18,0,0,0,0,0,0,1,1,2,2,57,9,1364,1,4,-1,2,-1
201797QB02708,1,9,0,4,0,0,0,0,0,0,1,1,6,1,29,6,1598,1,14,-1,1,-1
201797QB02712,1,9,0,18,0,0,1,4,0,0,1,1,6,2,36,7,1386,1,7,-1,1,-1
201797QB02712,2,21,1,2,0,0,0,0,0,0,2,1,6,3,-1,-1,12900,2,6,-1,-1,-1
201797QB02805,1,9,0,7,9,8,0,0,7,1,1,1,6,1,37,7,1149,1,4,-1,1,-1
201797QB02905,1,9,0,5,0,8,0,0,0,0,1,1,6,2,18,4,995,1,8,-1,2,-1
201797QB02905,2,9,0,18,0,1,0,0,0,0,4,1,6,1,29,6,1995,2,5,-1,1,-1
201797QB03003,1,9,0,18,0,0,0,0,0,0,1,1,6,2,38,7,1398,1,6,-1,1,-1
201797QB03004,1,9,0,13,0,0,0,0,0,0,4,1,6,3,36,7,-1,-1,-1,-1,-1,-1
201797QB03004,2,1,0,18,0,0,0,0,0,0,3,1,6,1,36,7,-1,-1,-1,-1,2,-1
201797QB03012,1,9,0,7,0,6,0,0,0,0,4,1,6,1,25,5,1590,1,13,-1,1,-1
201797QB03012,2,1,0,18,0,8,0,0,0,0,3,1,6,1,58,9,-1,-1,-1,-1,2,-1
201797QB03204,1,9,0,4,0,0,0,0,0,0,1,1,6,1,50,8,1598,2,2,-1,1,-1
201797QB03204,2,9,0,3,0,0,0,0,0,0,2,1,4,1,17,4,998,1,3,-1,3,-1
201797QB03303,1,9,0,18,0,0,0,0,0,7,3,1,6,1,19,4,1242,1,3,-1,1,-1
201797QB03305,1,9,0,18,0,0,0,0,0,0,1,1,1,1,23,5,-1,-1,-1,-1,2,-1
201797QB03305,2,9,0,4,0,0,0,0,0,0,2,1,6,2,36,7,1596,1,2,-1,1,-1
201797QB03305,3,9,0,4,0,0,0,0,0,0,2,1,2,2,39,7,1198,1,4,-1,3,-1
201797QB03305,4,9,0,4,0,0,0,0,0,0,2,1,6,1,38,7,1598,1,6,-1,1,-1
201797QB03403,1,19,4,18,0,2,0,0,0,0,3,1,1,1,37,7,-1,-1,-1,-1,-1,-1
201797QB03403,2,9,0,18,0,2,0,0,0,0,4,1,6,2,38,7,996,1,7,-1,-1,-1
201797QB03605,1,9,0,18,0,0,0,0,0,0,1,1,6,1,-1,-1,998,1,14,-1,-1,-1
201797QB03702,1,1,0,17,0,0,1,0,0,0,0,1,4,1,13,3,-1,-1,-1,-1,1,-1
201797QB03702,2,9,0,16,0,0,0,0,0,0,0,1,6,3,45,7,-1,-1,-1,-1,-1,-1
201797QB03705,1,9,0,13,0,0,0,0,1,5,4,1,2,2,55,8,1242,1,5,-1,1,-1
201797QB03705,2,9,0,9,0,0,0,0,0,0,1,1,6,2,22,5,1242,1,5,-1,1,-1
201797QB03903,1,9,0,18,0,0,0,0,0,0,1,1,6,1,30,6,-1,-1,-1,-1,-1,-1
201797QB04204,1,9,0,9,0,1,0,0,1,3,1,1,4,2,18,4,1461,2,1,-1,1,-1
201797QB04503,1,9,0,18,0,0,0,0,0,0,1,1,6,2,25,5,1390,1,3,-1,1,-1
201797QB04803,1,9,0,18,0,0,0,0,0,0,1,1,6,1,69,10,1149,1,3,-1,1,-1
201797QB04803,2,9,0,18,0,0,0,0,0,0,2,1,6,1,69,10,1242,1,5,-1,1,-1
201797QB04803,3,9,0,18,0,0,0,0,0,0,2,1,6,2,41,7,1200,1,4,-1,1,-1
201797QB05101,1,3,0,18,0,0,1,0,1,11,1,1,1,1,24,5,645,1,17,-1,1,-1
201797QB05203,1,19,0,18,0,1,0,0,0,0,1,1,1,2,55,8,1248,2,4,-1,1,-1
201797QB05203,2,9,0,10,0,1,0,0,0,0,2,1,6,1,53,8,1598,2,2,-1,1,-1
201797QB05601,1,9,0,17,9,0,0,0,7,4,1,1,6,1,20,4,1496,2,1,-1,1,-1
201797QB05703,1,9,0,18,0,1,0,0,0,0,1,1,6,1,47,8,-1,-1,-1,-1,1,-1
201797QB05703,2,9,0,18,0,1,0,0,0,0,2,1,6,2,45,7,1229,1,11,-1,2,-1
201797QB05901,1,9,0,5,0,4,0,0,0,0,4,1,6,2,60,9,1398,1,5,-1,1,-1
201797QB05901,2,9,0,8,0,8,0,0,0,0,3,1,6,2,41,7,1248,2,4,-1,3,-1
201797QB06003,1,9,0,18,0,0,0,0,0,0,1,1,2,2,53,8,1998,2,11,-1,1,-1
201797QB06101,1,9,0,7,0,2,0,0,1,11,1,1,6,1,23,5,1598,1,14,-1,1,-1
201797QB06201,1,9,0,18,0,6,0,0,0,0,1,1,6,1,63,9,1998,1,7,-1,1,-1
201797QB06301,1,9,0,9,0,1,0,0,0,0,1,1,6,3,-1,-1,1968,2,1,-1,-1,-1
201797QB06301,2,9,0,10,0,1,0,0,0,0,1,1,6,1,27,6,2993,2,3,-1,-1,-1
201797QB06501,1,9,0,12,0,0,0,0,0,0,0,1,6,3,40,7,-1,-1,-1,-1,-1,-1
201797QB06501,2,11,0,18,0,0,0,0,0,0,0,1,1,1,24,5,7300,2,12,-1,1,-1
201797QB06901,1,9,0,18,9,2,1,0,3,11,1,1,6,2,19,4,1595,1,-1,-1,1,-1
201797QB06901,2,9,0,18,9,2,1,0,3,11,1,1,6,2,54,8,1560,2,5,-1,1,-1
201797QB06901,3,9,0,18,0,2,1,0,0,0,4,1,6,2,45,7,1984,1,4,-1,1,-1
201797QB07701,1,9,0,9,0,5,0,0,0,0,4,1,2,1,26,6,-1,-1,-1,-1,1,-1
201797QB08101,1,8,0,2,8,0,0,0,0,0,0,1,1,1,43,7,1896,2,8,-1,1,-1
201797QB70104,1,9,0,11,0,0,0,0,0,0,2,1,1,1,53,8,-1,-1,-1,-1,1,-1
201797QB70104,2,19,0,4,0,0,0,0,0,0,2,1,6,1,23,5,2198,2,5,-1,1,-1
201797QB70104,3,9,0,11,0,0,0,0,0,0,2,1,1,1,73,10,2993,2,2,6,3,6
201797QB75101,1,9,0,18,0,0,0,0,1,7,1,1,2,2,19,4,999,1,1,-1,1,-1
201797QB75102,1,19,0,18,0,1,0,0,0,0,1,1,1,1,29,6,2198,2,1,-1,1,-1
201797QB75102,2,9,0,18,0,1,0,0,0,0,2,1,2,2,25,5,999,1,2,-1,1,-1
201797QB75102,3,8,0,18,0,1,0,0,0,0,2,1,1,1,63,9,1798,1,6,-1,1,-1
201797QB75105,1,21,1,18,0,0,0,0,0,0,1,1,1,1,60,9,12777,2,4,4,1,4
201797QB75105,2,9,0,18,0,0,2,0,0,0,4,1,6,2,61,9,1229,1,6,-1,1,-1
201797QB75109,1,4,0,18,0,0,0,0,1,0,4,1,6,1,41,7,125,1,-1,-1,2,-1
201797QB75112,1,9,0,18,0,0,1,0,0,0,1,1,6,1,26,6,1364,1,7,-1,1,-1
201797QB75112,2,9,0,4,0,0,0,0,0,0,2,1,2,1,57,9,1461,2,2,-1,1,-1
201797QB75202,1,9,0,16,0,0,2,0,0,0,4,1,6,1,19,4,1995,2,3,-1,1,-1
201797QB75202,2,9,0,18,0,0,0,0,0,0,1,1,6,2,58,9,1200,1,15,-1,1,-1
201797QB75204,1,9,0,16,0,4,0,0,0,0,1,1,6,1,67,10,1086,1,10,-1,1,-1
201797QB75204,2,9,0,16,0,4,0,0,0,0,2,1,2,2,36,7,996,1,5,-1,1,-1
201797QB75205,1,9,0,18,0,1,0,0,0,1,1,1,6,2,31,6,1998,1,9,-1,1,-1
201797QB75205,2,9,0,5,0,1,0,0,0,0,1,1,6,1,44,7,2143,2,-1,-1,1,-1
201797QB75206,1,9,0,9,0,6,0,0,0,0,3,1,6,1,18,4,998,1,9,-1,1,-1
201797QB75206,2,9,0,18,0,8,1,0,0,0,1,1,6,1,44,7,1598,1,8,-1,1,-1
201797QB75211,1,9,0,18,0,0,0,0,0,0,1,1,1,1,25,5,1968,2,4,-1,1,-1
201797QB75211,2,9,0,18,0,0,0,0,0,0,2,1,6,1,20,4,1229,1,4,-1,1,-1
201797QB75211,3,9,0,18,0,0,0,0,0,0,2,1,1,2,52,8,1998,1,3,-1,3,-1
201797QB75212,1,9,0,4,0,0,0,0,0,0,1,1,6,3,-1,-1,-1,-1,-1,-1,-1,-1
201797QB75212,2,9,0,4,0,0,0,0,0,0,2,1,6,1,58,9,1998,8,2,-1,3,-1
201797QB75302,1,9,0,18,0,2,0,0,0,0,1,1,1,1,46,8,1399,1,10,-1,1,-1
201797QB75304,1,20,0,18,0,2,0,2,0,0,1,1,1,1,45,7,2999,2,1,-1,-1,-1
201797QB75304,2,21,1,18,0,2,0,2,0,0,2,1,1,1,67,10,12419,2,7,1,1,1
201797QB75304,3,9,0,18,0,2,0,2,0,0,3,1,1,2,34,6,-1,-1,-1,-1,3,-1
201797QB75403,1,19,0,18,0,0,0,10,1,2,1,1,1,1,29,6,2287,2,2,-1,1,-1
201797QB75408,1,9,0,18,0,8,0,0,0,0,4,1,2,1,24,5,-1,-1,-1,-1,1,-1
201797QB75408,2,9,0,4,0,8,0,0,0,0,2,1,2,1,61,9,-1,-1,-1,-1,1,-1
201797QB75409,1,9,0,16,0,0,5,0,7,2,1,1,6,1,29,6,2143,2,3,-1,1,-1
201797QB75412,1,9,0,18,0,0,0,0,0,0,1,1,2,1,36,7,1339,1,12,-1,1,-1
201797QB75412,2,9,0,3,0,0,0,0,0,0,2,1,2,1,29,6,1200,1,1,-1,1,-1
201797QB75412,3,9,0,3,0,0,0,0,0,0,2,1,2,1,28,6,899,1,2,-1,1,-1
201797QB75502,1,9,0,18,0,0,0,0,1,0,1,1,6,1,21,5,1830,1,23,-1,3,-1
201797QB75503,1,9,0,17,0,8,0,0,0,0,1,1,2,1,58,9,1599,1,9,-1,1,-1
201797QB75506,1,19,0,18,0,0,1,0,6,10,1,1,1,1,51,8,2143,2,1,10,1,10
201797QB75506,2,9,0,18,0,0,1,0,0,0,2,1,6,1,43,7,1596,1,14,-1,1,-1
201797QB75507,1,9,0,16,0,0,0,0,0,0,1,1,6,1,36,7,1968,2,12,-1,2,-1
201797QB75507,2,9,0,17,0,0,0,0,0,0,1,1,6,2,42,7,-1,-1,-1,-1,1,-1
201797QB75508,1,9,0,18,0,5,0,0,0,0,1,1,2,1,35,6,1598,1,14,-1,1,-1
201797QB75508,2,9,0,18,0,5,0,0,0,0,2,1,2,2,29,6,1598,1,9,-1,1,-1
201797QB75508,3,19,0,18,0,5,0,0,0,0,2,1,2,1,69,10,2298,2,1,-1,3,-1
201797QB75509,1,9,0,18,0,0,0,0,0,0,1,1,6,2,48,8,1461,2,-1,-1,1,-1
201797QB75509,2,9,0,18,0,0,0,0,7,7,2,1,6,2,22,5,1229,1,11,-1,1,-1
201797QB75510,1,9,0,7,0,3,0,0,0,0,2,1,6,2,66,10,996,1,3,-1,1,-1
201797QB75601,1,9,0,18,0,8,0,0,0,0,1,1,6,2,40,7,1198,1,4,-1,1,-1
201797QB75601,2,9,0,18,0,8,0,0,0,0,2,1,2,2,21,5,1242,1,5,-1,1,-1
201797QB75605,1,21,0,18,0,0,0,0,0,0,1,1,1,1,27,6,10677,2,2,-1,-1,-1
201797QB75605,2,9,0,18,0,0,0,0,0,0,2,1,6,2,50,8,1598,1,4,-1,2,-1
201797QB75608,1,20,0,11,0,0,0,0,0,0,4,1,1,1,47,8,-1,-1,-1,-1,3,-1
201797QB75608,2,9,0,18,0,0,5,0,5,6,3,1,2,2,27,6,1995,2,3,-1,1,-1
201797QB75610,1,9,0,11,0,0,1,0,0,0,4,1,6,1,21,5,1248,2,9,1,1,1
201797QB75610,2,9,0,18,0,0,1,0,5,6,3,1,6,1,47,8,1598,2,-1,9,1,9
201797QB75611,1,9,0,9,0,8,0,0,0,0,1,1,6,2,29,6,995,1,9,-1,2,-1
201797QB75611,2,9,0,18,0,8,0,0,0,0,3,1,6,1,22,5,1995,2,1,-1,3,-1
201797QB75612,1,9,0,18,0,0,0,0,0,0,1,1,6,1,21,5,1461,2,3,-1,2,-1
201797QB75703,1,9,0,6,0,0,0,0,0,0,4,1,6,2,47,8,1242,1,2,-1,-1,-1
201797QB75703,2,9,0,18,0,0,0,0,0,0,1,1,6,2,62,9,1461,2,1,-1,-1,-1
201797QB75707,1,9,0,18,0,1,1,0,0,0,1,1,6,2,25,5,1895,1,20,-1,3,-1
201797QB75707,2,9,0,9,0,7,0,0,0,0,3,1,6,2,40,7,1968,2,2,-1,1,-1
201797QB75708,1,1,0,18,0,1,0,0,0,0,1,1,2,1,22,5,-1,-1,-1,-1,1,-1
201797QB75708,2,9,0,18,0,8,0,0,0,0,4,1,6,1,76,11,1229,1,3,-1,1,-1
201797QB75803,1,9,0,5,0,4,0,0,0,0,3,1,6,2,65,9,898,1,1,-1,3,-1
201797QB75803,2,1,0,9,0,3,0,0,0,0,1,1,6,1,60,9,-1,-1,-1,-1,1,-1
201797QB75806,1,19,0,9,0,8,0,0,0,0,1,1,1,1,22,5,1499,2,-1,-1,2,-1