Accident_Index,Vehicle_Reference,Vehicle_Type,Towing_and_Articulation,Vehicle_Manoeuvre,Vehicle_Location-Restricted_Lane,Junction_Location,Skidding_and_Overturning,Hit_Object_in_Carriageway,Vehicle_Leaving_Carriageway,Hit_Object_off_Carriageway,1st_Point_of_Impact,Was_Vehicle_Left_Hand_Drive?,Journey_Purpose_of_Driver,Sex_of_Driver,Age_of_Driver,Age_Band_of_Driver,Engine_Capacity_(CC),Propulsion_Code,Age_of_Vehicle,Driver_IMD_Decile,Driver_Home_Area_Type,Vehicle_IMD_Decile
201797QB75806,2,19,0,18,0,8,0,0,0,0,1,1,1,1,43,7,1560,2,4,-1,1,-1
201797QB75812,1,9,0,4,0,0,0,0,0,0,1,1,1,2,41,7,1461,2,-1,-1,1,-1
201797QB75812,2,9,0,3,0,0,0,0,0,0,2,1,6,2,19,4,1328,1,11,-1,3,-1
201797QB75906,1,9,0,9,0,1,0,0,4,0,1,1,6,2,36,7,1395,1,1,-1,1,-1
201797QB75906,2,9,0,18,0,8,0,0,4,0,2,1,6,1,45,7,3600,1,15,-1,1,-1
201797QB75910,1,9,0,18,0,0,1,0,0,0,1,1,2,2,53,8,2179,2,3,-1,-1,-1
201797QB75910,2,9,0,18,0,0,0,0,0,0,1,1,2,2,46,8,2902,2,9,-1,-1,-1
201797QB75910,3,9,0,4,0,0,0,0,0,1,2,1,2,1,53,8,2987,2,9,-1,-1,-1
201797QB75911,1,9,0,4,0,0,1,0,0,0,2,1,1,2,22,5,-1,-1,-1,-1,-1,-1
201797QB75911,2,9,0,18,0,0,1,0,0,0,1,1,6,1,74,10,1956,2,3,-1,1,-1
201797QB75911,3,9,0,18,0,0,5,0,0,0,1,1,1,1,54,8,1582,2,2,-1,3,-1
201797QB75911,4,9,0,18,0,0,1,0,0,0,1,1,6,1,35,6,-1,-1,-1,-1,1,-1
201797QB75912,1,9,0,18,0,0,0,0,0,6,0,1,2,2,76,11,1995,2,11,-1,1,-1
201797QB76003,1,9,0,18,0,0,0,0,0,0,1,1,6,1,63,9,1997,2,1,-1,-1,-1
201797QB76006,1,9,0,18,0,0,0,0,0,0,1,1,6,2,57,9,1997,2,2,-1,1,-1
201797QB76006,2,9,0,2,0,0,0,0,1,10,1,1,6,3,-1,-1,1798,1,10,-1,-1,-1
201797QB76011,1,21,0,18,0,0,0,0,0,0,1,1,1,1,39,7,10837,2,5,-1,2,-1
201797QB76011,2,9,0,4,0,0,0,0,0,0,2,1,6,2,59,9,1995,2,10,-1,1,-1
201797QB76011,3,9,0,4,0,0,0,0,0,0,2,1,6,1,25,5,1397,1,9,-1,1,-1
201797QB76011,4,19,0,18,0,0,0,0,0,0,4,1,6,2,59,9,2298,2,7,-1,1,-1
201797QB76011,5,9,0,4,0,0,0,0,0,0,0,1,2,1,63,9,1999,2,1,-1,3,-1
201797QB76011,6,9,0,4,0,0,0,0,0,0,3,1,2,2,57,9,1242,1,3,-1,1,-1
201797QB76011,7,9,0,4,0,0,0,0,0,0,2,1,2,1,44,7,1582,2,1,-1,1,-1
201797QB76012,1,9,0,18,0,0,0,0,0,7,1,1,2,1,62,9,1390,1,6,-1,1,-1
201797QB76112,1,9,0,18,0,7,0,0,0,0,1,1,6,2,76,11,998,1,-1,-1,1,-1
201797QB76112,2,9,0,3,0,1,0,0,0,0,2,1,2,1,30,6,1968,2,3,-1,1,-1
201797QB76112,3,9,0,3,0,1,0,0,0,0,2,1,1,1,26,6,2494,2,5,-1,2,-1
201797QB76206,1,9,0,12,0,0,0,0,0,0,3,1,6,2,74,10,1598,1,2,-1,1,-1
201797QB76206,2,9,0,18,0,0,0,0,0,0,4,1,6,1,46,8,1968,2,-1,-1,3,-1
201797QC00101,1,9,0,1,0,0,0,0,0,0,2,1,6,2,88,11,1590,1,12,-1,2,-1
201797QC00101,2,9,0,2,0,0,0,0,0,0,2,1,6,1,77,11,1198,1,4,-1,-1,-1
201797QC00107,1,9,0,16,0,0,1,0,0,0,1,1,1,2,30,6,1598,2,4,-1,-1,-1
201797QC00107,2,21,1,17,0,0,0,0,0,0,3,1,1,1,58,9,12777,2,4,-1,1,-1
201797QC00107,3,19,0,18,0,0,0,0,0,0,1,1,1,1,21,5,1598,2,3,-1,2,-1
201797QC00110,1,9,0,17,0,0,5,0,7,10,1,1,6,1,19,4,1242,1,4,-1,3,-1
201797QC00202,1,90,1,7,0,0,5,0,7,11,3,1,1,1,56,9,-1,-1,-1,5,1,5
201797QC00203,1,9,0,13,0,0,0,0,0,0,3,1,6,2,18,4,1229,1,8,-1,2,-1
201797QC00203,2,9,0,18,0,0,0,0,0,0,3,1,6,2,53,8,1796,1,9,-1,1,-1
201797QC00208,1,9,0,16,0,0,2,0,1,0,4,1,6,2,43,7,1364,1,10,-1,3,-1
201797QC00209,1,9,0,4,0,1,1,0,0,0,1,1,6,1,37,7,1396,1,4,-1,3,-1
201797QC00209,2,9,0,3,0,1,0,0,0,0,2,1,6,2,40,7,1956,2,4,-1,3,-1
201797QC00209,3,8,0,3,0,1,0,0,0,0,2,1,1,1,53,8,1598,2,1,-1,1,-1
201797QC00210,1,9,0,15,0,1,0,0,0,0,4,1,6,2,22,5,999,1,1,-1,2,-1
201797QC00210,2,9,0,2,0,1,0,0,0,0,1,1,6,3,-1,-1,998,1,4,-1,-1,-1
201797QC00210,3,9,0,18,0,1,0,0,0,0,1,1,6,2,41,7,1560,2,9,-1,-1,-1
201797QC00304,1,9,0,18,0,0,0,0,0,0,1,1,6,1,33,6,1798,1,11,5,1,5
201797QC00304,2,90,0,18,0,0,0,0,0,0,1,1,2,1,54,8,-1,-1,-1,8,1,8
201797QC00308,1,9,0,16,0,0,0,0,0,0,1,1,6,2,19,4,1686,2,3,-1,1,-1
201797QC00308,2,9,0,4,0,0,0,0,0,0,2,1,2,2,54,8,1149,1,5,-1,3,-1
201797QC00311,1,9,0,13,0,0,2,0,7,11,1,1,2,1,53,8,1242,1,3,-1,3,-1
201797QC00401,1,9,0,16,0,0,0,0,0,0,4,1,6,1,62,9,-1,-1,-1,-1,3,-1
201797QC00406,1,9,0,16,0,0,1,0,0,0,1,1,6,1,17,4,998,1,12,-1,3,-1
201797QC00406,2,9,0,4,0,0,0,0,0,0,1,1,6,1,51,8,2143,2,3,-1,3,-1
201797QC00408,1,9,0,18,0,0,0,0,0,0,1,1,6,1,89,11,1388,1,15,-1,1,-1
201797QC00408,2,19,0,3,0,0,0,0,0,0,2,1,1,1,25,5,1560,2,-1,-1,1,-1
201797QC00408,3,10,0,3,0,0,0,0,0,0,2,1,1,1,50,8,2402,2,7,-1,1,-1
201797QC00409,1,9,0,9,0,2,0,0,0,0,4,1,1,1,34,6,1995,2,4,-1,-1,-1
201797QC00410,1,9,0,18,0,2,0,0,0,0,1,1,2,2,57,9,1686,2,12,-1,1,-1
201797QC00503,1,9,0,9,0,2,0,0,0,0,1,1,2,1,18,4,973,1,15,-1,3,-1
201797QC00503,2,9,0,18,0,1,0,0,0,0,4,1,6,2,46,8,1598,2,4,-1,3,-1
201797QC00504,1,9,0,17,0,2,0,0,0,0,1,1,6,1,51,8,1896,2,14,-1,1,-1
201797QC00504,2,9,0,16,0,1,0,0,0,0,1,1,6,1,58,9,-1,-1,-1,-1,2,-1
201797QC00505,1,19,0,9,0,1,0,0,0,0,1,1,1,1,48,8,1248,2,2,-1,2,-1
201797QC00505,2,1,0,18,0,1,0,0,0,0,4,1,6,2,43,7,-1,-1,-1,-1,1,-1
201797QC00506,1,9,0,18,0,1,0,0,1,1,1,1,6,2,76,11,998,1,4,-1,3,-1
201797QC00510,1,90,1,16,0,0,2,0,7,11,1,1,1,1,32,6,-1,-1,-1,-1,-1,-1
201797QC00511,1,9,0,9,0,6,0,0,0,11,1,1,6,1,86,11,999,1,2,-1,2,-1
201797QC00511,2,9,0,18,0,8,0,0,1,11,4,1,2,2,52,8,1339,1,9,-1,-1,-1
201797QC00512,1,9,0,18,0,0,2,0,2,4,1,1,6,1,18,4,1229,1,4,-1,3,-1
201797QC00601,1,9,0,17,0,0,1,0,1,4,1,1,6,1,18,4,1399,2,11,-1,3,-1
201797QC00605,1,9,0,5,0,0,0,0,0,0,1,1,6,2,19,4,998,1,9,-1,2,-1
201797QC00605,2,9,0,3,0,0,0,0,0,0,2,1,2,2,41,7,1968,2,1,-1,3,-1
201797QC00606,1,9,0,7,0,1,1,0,0,0,4,1,6,1,18,4,1229,1,8,-1,3,-1
201797QC00606,2,9,0,10,0,1,0,0,0,0,1,1,6,2,49,8,1598,1,5,-1,3,-1
201797QC00609,1,9,0,18,0,0,1,0,0,0,1,1,6,2,53,8,998,1,-1,3,1,3
201797QC00609,2,9,0,4,0,0,0,0,0,0,2,1,6,1,46,8,1198,1,5,-1,1,-1
201797QC00609,3,9,0,18,0,0,0,0,0,0,1,1,6,1,71,10,1597,2,-1,-1,3,-1
201797QC00612,1,9,0,18,0,1,0,0,0,0,1,1,2,1,41,7,-1,-1,-1,-1,3,-1
201797QC00702,1,9,0,18,0,1,0,0,0,0,1,1,6,2,21,5,1998,1,3,-1,3,-1
201797QC00703,1,9,0,9,0,2,0,0,0,0,3,1,6,2,73,10,1199,2,5,-1,3,-1
201797QC00703,2,9,0,18,0,1,0,0,0,0,1,1,6,2,35,6,1984,2,8,-1,1,-1
201797QC00704,1,19,0,5,0,0,0,0,0,0,4,1,1,3,-1,-1,2998,2,3,-1,-1,-1
201797QC00704,2,1,0,18,0,0,0,0,0,0,1,1,6,1,43,7,-1,-1,-1,-1,3,-1
201797QC00707,1,9,0,18,0,1,0,0,0,0,3,1,6,1,18,4,1149,1,8,-1,2,-1
201797QC00707,2,9,0,17,0,1,0,0,0,0,3,1,6,2,67,10,1995,2,1,-1,1,-1
201797QC00707,3,9,0,17,0,1,0,0,0,0,3,1,6,2,47,8,1798,1,3,-1,2,-1
201797QC00709,1,9,0,17,0,0,1,0,2,1,1,1,6,2,23,5,1248,2,8,-1,1,-1
201797QC00801,1,9,0,5,0,6,0,0,0,0,1,1,6,2,74,10,1242,1,2,-1,3,-1
201797QC00801,2,9,0,18,0,1,0,0,0,0,1,1,6,2,55,8,1685,2,2,-1,3,-1
201797QC00801,3,9,0,4,0,1,0,0,0,0,1,1,6,2,25,5,1560,2,2,-1,1,-1
201797QC00805,1,21,4,17,0,0,4,0,7,11,3,1,1,1,51,8,12900,2,5,5,1,5
201797QC00811,1,9,0,18,0,4,0,0,0,0,3,1,6,1,71,10,999,1,-1,-1,-1,-1
201797QC00811,2,9,0,18,0,3,0,0,0,0,2,1,6,1,26,6,1499,1,1,-1,2,-1
201797QC00907,1,9,0,18,0,0,0,0,1,11,1,1,1,2,47,8,1598,2,1,-1,3,-1
201797QC01003,1,9,0,18,0,8,0,0,0,0,1,1,2,1,24,5,1995,2,10,-1,2,-1
201797QC01003,2,9,0,18,0,1,0,0,1,0,1,1,1,1,28,6,1299,1,14,-1,3,-1
201797QC01006,1,1,0,18,0,0,0,0,0,0,1,1,6,1,46,8,-1,-1,-1,-1,1,-1
201797QC01009,1,5,0,16,0,0,5,0,0,0,3,1,6,1,23,5,599,1,17,-1,1,-1
201797QC01009,2,9,0,17,0,0,0,0,0,0,3,1,6,2,59,9,1968,2,3,-1,3,-1
201797QC01103,1,11,0,18,0,1,0,0,7,10,1,1,1,1,34,6,4249,2,1,-1,1,-1
201797QC01103,2,9,0,2,0,1,0,0,0,0,1,1,6,3,-1,-1,1598,2,2,-1,-1,-1
201797QC01105,1,9,0,16,0,0,0,0,0,7,1,1,6,1,18,4,1248,2,6,-1,1,-1
201797QC01110,1,9,0,18,0,0,5,10,8,0,3,1,1,1,18,4,1527,2,20,-1,3,-1
201797QC01201,1,9,0,18,0,0,1,0,1,11,1,1,6,1,37,7,2204,2,9,-1,1,-1
201797QC01204,1,9,0,9,0,6,0,0,0,0,1,1,1,1,38,7,-1,-1,-1,-1,3,-1
201797QC01204,2,9,0,18,0,8,0,0,0,0,1,1,6,2,48,8,1199,2,6,-1,3,-1
201797QC01205,1,9,0,10,0,5,0,0,0,0,2,1,2,2,46,8,2231,2,4,-1,1,-1
201797QC01205,2,9,0,18,0,5,0,0,0,0,1,1,2,2,38,7,1368,1,1,-1,1,-1
201797QC01209,1,9,0,17,0,0,2,0,1,4,4,1,6,1,17,4,998,1,11,-1,3,-1
201797QC01211,1,9,0,4,0,0,1,0,0,0,1,1,2,1,44,7,1597,2,3,-1,3,-1
201797QC01211,2,9,0,4,0,0,0,0,0,0,2,1,2,1,57,9,1995,2,12,-1,1,-1
201797QC01211,3,21,0,4,0,0,0,0,0,0,2,1,1,1,55,8,12740,2,-1,-1,3,-1
201797QC01301,1,9,0,17,0,0,5,0,0,10,3,1,6,2,41,7,1590,1,14,-1,3,-1
201797QC01305,1,9,0,15,0,1,0,0,0,0,1,1,6,1,52,8,1968,2,4,-1,1,-1
201797QC01305,2,1,0,9,0,1,0,0,0,0,1,1,6,1,47,8,-1,-1,-1,-1,1,-1
201797QC01310,1,9,0,17,0,0,1,0,0,0,1,1,6,1,33,6,-1,-1,-1,-1,1,-1
201797QC01310,2,9,0,16,0,0,1,0,1,9,1,1,6,1,24,5,1198,1,5,-1,1,-1
201797QC01405,1,19,0,9,0,1,0,0,0,0,1,1,6,1,17,4,1598,2,1,3,3,3
201797QC01405,2,1,0,18,0,1,0,0,0,0,1,1,6,1,58,9,-1,-1,-1,-1,2,-1
201797QC01406,1,9,0,17,0,0,1,0,8,10,1,1,6,2,56,9,1582,2,9,-1,3,-1
201797QC01410,1,9,0,18,0,0,0,12,0,0,3,1,1,1,60,9,2191,2,1,-1,3,-1
201797QC01410,2,9,0,18,0,0,0,12,0,0,1,1,1,1,41,7,1587,1,12,-1,1,-1
201797QC01506,1,9,0,18,0,0,1,0,7,4,1,1,6,2,32,6,1956,2,8,-1,3,-1
201797QC01511,1,9,0,5,0,0,0,0,0,0,1,1,6,3,-1,-1,-1,-1,-1,-1,-1,-1
201797QC01601,1,9,0,4,0,1,1,0,0,0,3,1,6,2,31,6,1461,2,3,-1,1,-1
201797QC01601,2,9,0,4,0,1,0,0,0,0,3,1,6,2,32,6,1597,1,8,-1,1,-1
201797QC01605,1,9,0,9,0,6,0,0,0,0,1,1,6,2,31,6,1248,2,7,-1,2,-1
201797QC01605,2,9,0,18,0,1,0,10,0,0,4,1,6,2,52,8,1229,1,9,-1,2,-1
201797QC01606,1,9,0,10,0,1,0,0,0,0,1,1,6,2,68,10,1560,2,5,-1,3,-1
201797QC01606,2,9,0,18,0,1,0,0,0,0,3,1,6,2,31,6,1999,1,12,-1,3,-1
201797QC01701,1,9,0,18,0,0,1,0,1,0,3,1,2,1,50,8,1329,1,5,-1,3,-1
201797QC01701,2,21,0,18,0,0,0,0,1,0,1,1,1,1,42,7,4462,2,4,2,1,2
201797QC01711,1,9,0,13,0,0,0,0,0,0,3,1,6,2,64,9,1360,1,13,-1,3,-1
201797QC01711,2,9,0,18,0,0,0,0,0,0,1,1,6,2,51,8,1598,2,-1,-1,3,-1
201797QC01711,3,21,1,18,0,0,0,0,0,0,3,1,1,1,48,8,12740,2,6,-1,1,-1
201797QC01911,1,9,0,18,0,0,1,0,1,0,3,1,1,2,34,6,1360,1,9,-1,2,-1
201797QC02003,1,9,0,18,0,0,1,0,0,0,1,1,6,2,50,8,1229,1,3,-1,1,-1
201797QC02003,2,9,0,18,0,0,0,0,0,0,2,1,1,2,55,8,898,1,3,-1,1,-1
201797QC02012,1,9,0,17,0,0,1,0,8,11,1,1,6,2,58,9,1997,2,15,7,3,7
201797QC02103,1,20,4,14,0,0,0,0,0,0,0,1,6,3,-1,-1,3920,2,5,-1,-1,-1
201797QC02103,2,9,0,16,0,0,1,4,0,0,1,1,1,1,44,7,1560,2,1,-1,2,-1
201797QC02103,3,21,2,4,0,0,0,0,0,0,1,1,1,1,55,8,12740,2,1,-1,1,-1
201797QC02212,1,9,0,13,0,1,0,0,7,0,1,1,6,1,29,6,1398,1,4,-1,2,-1
201797QC02212,2,17,0,9,0,8,0,0,7,0,3,1,1,1,45,7,-1,2,9,-1,3,-1
201797QC02403,1,90,1,18,0,1,0,0,0,0,4,1,6,1,20,4,-1,-1,-1,-1,3,-1
201797QC02403,2,9,0,18,0,1,0,0,0,0,1,1,6,2,63,9,1229,1,2,9,3,9
201797QC02503,1,9,0,17,0,0,2,0,1,11,2,1,6,2,28,6,1598,1,9,-1,2,-1
201797QC02902,1,9,0,18,0,0,0,0,1,4,1,1,1,2,29,6,1242,1,7,-1,2,-1
201797QC03402,1,19,0,16,0,0,0,0,0,0,1,1,6,1,67,10,2198,2,2,-1,3,-1
201797QC03402,2,9,0,17,0,0,0,0,1,11,1,1,6,2,34,6,1798,1,8,-1,3,-1
201797QC70102,1,9,0,18,0,0,0,0,0,0,1,1,6,1,23,5,1997,2,2,6,3,6
201797QC70102,2,21,0,18,0,0,0,0,0,0,2,1,1,1,35,6,-1,-1,-1,-1,1,-1
201797QC75101,1,9,0,17,0,0,0,0,8,11,4,1,2,1,55,8,1596,1,13,-1,1,-1
201797QC75106,1,9,0,17,0,0,2,0,1,11,1,1,6,2,17,4,1398,1,2,-1,3,-1
201797QC75108,1,9,0,18,0,8,0,0,7,0,1,1,6,1,22,5,1598,2,4,-1,1,-1
201797QC75108,2,9,0,18,0,8,0,0,1,0,3,1,6,1,61,9,1560,2,2,-1,3,-1
201797QC75109,1,9,0,18,0,0,0,0,0,0,1,1,6,1,22,5,-1,-1,-1,-1,1,-1
201797QC75109,2,9,0,18,0,0,0,6,0,0,1,1,6,2,22,5,998,1,3,-1,3,-1
201797QC75109,3,9,0,18,0,0,0,0,1,0,1,1,6,1,25,5,1796,1,8,-1,3,-1
201797QC75112,1,9,0,18,0,0,0,0,8,4,1,1,6,1,31,6,1398,1,7,-1,-1,-1
201797QC75203,1,90,0,18,0,0,0,0,4,6,3,1,1,1,62,9,2464,2,7,-1,1,-1
201797QC75205,1,9,0,12,0,7,0,0,0,0,1,1,6,2,34,6,1598,1,3,-1,2,-1
201797QC75205,2,9,0,18,0,1,0,0,0,0,4,1,6,1,40,7,1796,1,10,-1,2,-1
201797QC75207,1,11,0,16,0,0,0,0,0,0,1,1,1,1,54,8,9600,2,20,-1,1,-1
201797QC75207,2,9,0,17,0,0,1,0,0,0,3,1,6,2,54,8,1461,2,2,-1,3,-1
201797QC75207,3,9,0,17,0,0,0,0,1,9,0,1,6,1,43,7,1598,2,6,-1,1,-1
201797QC75209,1,11,0,5,0,0,0,0,0,0,1,1,1,1,47,8,5132,2,2,-1,1,-1
201797QC75209,2,5,0,18,0,0,0,0,7,2,4,1,6,2,39,7,-1,-1,-1,-1,-1,-1
201797QC75212,1,9,0,13,0,0,1,0,5,6,3,1,6,1,72,10,2204,2,8,-1,1,-1
201797QC75302,1,9,0,18,0,7,0,0,0,0,1,1,3,2,41,7,1598,1,14,-1,1,-1
201797QC75302,2,9,0,17,0,8,0,0,0,0,1,1,2,2,29,6,1242,1,3,-1,-1,-1
201797QC75305,1,5,0,18,0,8,0,0,0,0,1,1,6,1,31,6,1170,1,-1,-1,3,-1
201797QC75305,2,21,0,9,0,5,0,0,0,0,3,1,1,1,38,7,4461,2,6,-1,1,-1
201797QC75306,1,90,0,18,0,0,0,0,0,0,1,1,6,3,-1,-1,-1,-1,-1,-1,-1,-1
201797QC75306,2,9,0,18,0,0,0,0,0,6,2,1,2,2,38,7,1560,2,6,-1,3,-1
201797QC75307,1,19,0,18,0,0,0,0,0,0,1,1,1,1,28,6,2143,2,1,-1,-1,-1
201797QC75307,2,20,4,18,0,0,0,0,0,0,2,1,1,1,31,6,-1,-1,-1,-1,3,-1
201797QC75403,1,9,0,16,0,0,0,0,0,0,1,1,6,2,23,5,1598,1,4,-1,3,-1
201797QC75403,2,9,0,17,0,0,0,0,1,0,3,1,6,2,26,6,1995,2,2,-1,3,-1
201797QC75403,3,9,0,2,0,0,0,0,0,0,2,1,6,3,-1,-1,1587,1,10,-1,-1,-1
201797QC75406,1,5,0,18,0,0,0,0,0,0,3,1,6,1,59,9,1200,1,1,-1,1,-1
201797QC75409,1,19,0,18,0,0,2,0,1,11,4,1,1,1,30,6,1399,2,5,-1,2,-1
201797QC75506,1,9,0,18,0,0,0,0,0,0,1,1,6,2,24,5,1461,2,11,-1,3,-1
201797QC75506,2,9,0,3,0,0,0,0,0,0,2,1,6,2,36,7,1364,1,7,-1,-1,-1
201797QC75508,1,19,0,11,0,0,0,0,0,0,1,1,1,1,21,5,2198,2,2,1,1,1
201797QC75508,2,19,0,18,0,0,0,0,0,0,2,1,1,2,42,7,1560,2,2,-1,3,-1
201797QC75509,1,9,0,5,0,6,0,0,0,0,3,1,6,2,72,10,1560,2,11,-1,3,-1
201797QC75509,2,9,0,18,0,8,0,0,0,0,1,1,6,2,48,8,1499,2,-1,-1,3,-1
201797QC75608,1,9,0,17,0,0,2,0,0,0,1,1,1,2,31,6,1248,2,9,-1,3,-1
201797QC75609,1,9,0,18,0,0,0,0,0,0,1,1,1,1,30,6,1560,2,4,-1,1,-1
201797QC75609,2,21,1,18,0,0,0,0,0,0,2,1,1,1,37,7,12740,2,1,-1,-1,-1
201797QC75708,1,9,0,18,0,0,0,0,0,0,4,1,6,2,86,11,-1,-1,-1,-1,3,-1
201797QC75901,1,9,0,18,0,0,0,0,0,6,1,1,2,1,59,9,1968,2,2,-1,1,-1
201797QC75908,1,9,0,9,0,7,0,0,0,0,1,1,2,2,55,8,1582,2,3,-1,3,-1
201797QC75908,2,9,0,17,0,1,0,0,0,0,1,1,6,1,58,9,1240,1,12,-1,2,-1
201797QC75912,1,9,0,17,0,0,2,0,0,4,1,1,6,1,50,8,1560,2,12,-1,1,-1
201797QC76001,1,9,0,18,0,0,0,0,0,0,1,1,2,1,61,9,998,1,11,-1,-1,-1
201797QC76001,2,19,0,18,0,0,0,0,0,0,1,1,1,1,51,8,4764,2,8,-1,3,-1
201797QC76012,1,9,0,12,0,0,1,0,1,0,1,1,6,1,46,8,1796,1,8,-1,1,-1
201797QC76212,1,9,0,17,0,0,2,0,0,0,1,1,1,1,30,6,2993,2,4,-1,-1,-1
201797QD00103,1,9,0,18,0,0,5,0,0,2,1,1,1,2,34,6,1299,1,11,-1,1,-1
201797QD00107,1,9,0,9,0,5,0,0,0,0,1,1,6,2,54,8,1368,1,8,-1,1,-1
201797QD00107,2,9,0,4,9,1,0,0,1,0,3,1,3,1,39,7,1398,2,2,-1,1,-1
201797QD00109,1,19,0,9,0,8,0,0,0,0,3,2,1,1,27,6,-1,-1,-1,-1,-1,-1
201797QD00109,2,9,0,18,0,8,0,0,0,0,3,1,2,1,43,7,1800,1,10,-1,1,-1
201797QD00110,1,19,0,4,0,0,0,0,0,0,0,1,1,1,47,8,1560,2,5,-1,1,-1
201797QD00110,2,1,0,18,0,0,0,0,0,0,4,1,6,1,65,9,-1,-1,-1,-1,1,-1
201797QD00111,1,9,0,7,0,6,0,0,0,0,1,1,6,1,21,5,1956,2,7,-1,1,-1
201797QD00111,2,8,0,18,0,8,0,0,0,0,3,1,1,1,57,9,-1,-1,-1,-1,1,-1
201797QD00203,1,9,0,18,0,1,0,0,0,0,1,1,2,2,43,7,1364,1,6,-1,1,-1
201797QD00207,1,9,0,16,0,2,1,0,8,11,1,1,6,1,27,6,1149,1,15,-1,1,-1
201797QD00210,1,19,0,18,0,0,0,0,0,0,1,1,1,1,28,6,2198,2,9,-1,1,-1
201797QD00210,2,19,0,2,0,0,0,0,0,0,2,1,1,1,56,9,2198,2,4,-1,-1,-1
201797QD00212,1,9,0,9,0,1,0,0,0,0,1,1,6,1,37,7,1229,1,12,-1,1,-1
201797QD00212,2,8,0,18,0,1,0,0,0,0,1,1,1,1,57,9,2499,2,2,-1,1,-1
201797QD00303,1,19,0,9,0,8,0,0,0,0,3,1,1,1,47,8,1499,2,1,-1,1,-1
201797QD00303,2,9,0,18,0,8,0,0,0,0,4,1,6,2,34,6,1995,1,11,-1,1,-1
201797QD00309,1,9,0,9,0,1,0,0,0,0,1,1,6,1,18,4,1229,1,6,-1,3,-1
201797QD00309,2,9,0,18,0,1,0,0,0,0,1,1,6,2,34,6,1956,2,4,-1,2,-1
201797QD00405,1,9,0,18,0,0,0,0,0,0,4,1,2,1,40,7,1582,2,3,-1,1,-1
201797QD00406,1,9,0,9,0,1,0,0,0,0,0,1,6,3,-1,-1,-1,-1,-1,-1,-1,-1
201797QD00406,2,3,0,18,0,1,2,0,0,0,3,1,6,1,33,6,123,1,2,-1,1,-1
201797QD00406,3,9,0,18,0,1,0,0,0,0,1,1,6,1,52,8,1998,8,-1,-1,3,-1
201797QD00409,1,9,0,18,0,8,0,0,0,0,4,1,1,2,30,6,1560,2,1,-1,1,-1
201797QD00409,2,9,0,18,0,8,0,0,0,0,1,1,6,1,59,9,1200,1,1,-1,1,-1
201797QD00506,1,9,0,7,0,1,0,0,0,0,3,2,6,2,21,5,-1,-1,-1,-1,1,-1
201797QD00506,2,9,0,5,0,1,0,0,0,0,1,1,6,1,48,8,996,1,1,-1,1,-1
201797QD00601,1,9,0,9,0,5,0,0,0,0,4,1,6,1,60,9,1598,1,13,-1,1,-1
201797QD00601,2,9,0,16,0,1,0,0,0,0,1,1,6,2,62,9,998,1,7,-1,1,-1
201797QD00606,1,9,0,4,0,3,0,0,0,0,1,1,6,1,31,6,1461,2,-1,-1,1,-1
201797QD00606,2,9,0,8,0,3,0,0,0,0,2,1,6,2,37,7,1598,2,2,-1,1,-1
201797QD00608,1,9,0,4,0,0,0,0,0,0,1,1,6,1,47,8,1956,2,3,-1,-1,-1
201797QD00609,1,9,0,18,0,0,0,10,0,0,1,1,2,1,27,6,1242,1,10,-1,1,-1
201797QD00710,1,9,0,9,0,1,0,0,7,0,4,1,1,2,20,4,1242,1,3,-1,1,-1
201797QD00710,2,9,0,18,0,1,0,0,0,0,4,1,1,1,54,8,1968,2,5,-1,1,-1
201797QD00711,1,9,0,18,0,4,1,0,0,0,1,1,1,1,27,6,-1,-1,-1,-1,1,-1
201797QD00711,2,9,0,18,0,4,0,0,0,0,4,1,6,1,24,5,2204,2,10,-1,1,-1
201797QD00803,1,9,0,18,0,0,0,0,0,0,1,1,6,2,-1,-1,-1,-1,-1,-1,-1,-1
201797QD00803,2,9,0,4,0,0,0,0,0,0,2,1,6,2,21,5,1242,1,10,-1,1,-1
201797QD00810,1,9,0,18,0,0,0,0,0,0,1,1,6,1,25,5,1390,1,11,-1,1,-1
201797QD00810,2,9,0,4,0,0,0,0,0,0,2,1,6,2,57,9,1587,1,13,-1,1,-1
201797QD00911,1,9,0,14,0,0,0,0,0,0,1,1,2,2,40,7,1461,2,-1,-1,1,-1
201797QD00911,2,9,0,2,9,0,0,0,0,2,2,1,6,3,-1,-1,1396,2,2,-1,1,-1
201797QD00911,3,9,0,2,0,0,0,0,0,0,3,1,6,3,-1,-1,1498,1,2,-1,1,-1
201797QD00911,4,9,0,2,0,0,0,0,0,0,3,1,6,3,-1,-1,1896,2,13,-1,1,-1
201797QD00912,1,19,0,18,0,1,0,0,0,0,1,1,1,1,40,7,2143,2,3,-1,1,-1
201797QD00912,2,9,0,9,0,7,0,0,0,0,3,1,1,2,53,8,1229,1,3,-1,1,-1
201797QD01010,1,9,0,9,0,8,0,0,0,0,4,1,1,1,42,7,-1,-1,-1,-1,1,-1
201797QD01010,2,9,0,18,0,1,0,0,0,0,1,1,3,2,27,6,1242,1,5,-1,1,-1
201797QD01012,1,9,0,18,0,1,0,0,0,0,1,1,6,2,22,5,1229,1,9,-1,1,-1
201797QD01012,2,9,0,4,0,1,0,0,0,0,2,1,6,2,38,7,1798,1,9,-1,1,-1
201797QD01105,1,9,0,18,0,4,0,0,0,0,1,1,6,1,35,6,2967,2,1,-1,1,-1
201797QD01105,2,9,0,18,0,4,0,0,0,0,1,1,6,1,33,6,1753,2,10,-1,1,-1
201797QD01111,1,9,0,11,0,0,0,0,0,0,4,1,6,1,65,9,1796,1,11,-1,1,-1
201797QD01111,2,9,0,11,0,0,0,0,0,0,1,1,6,1,28,6,1560,2,3,-1,1,-1
201797QD01201,1,9,0,5,0,0,0,0,0,0,1,1,6,1,34,6,-1,-1,-1,-1,1,-1
201797QD01212,1,9,0,18,0,0,1,0,0,0,1,1,1,1,28,6,1198,1,5,-1,1,-1