Accident_Index,Vehicle_Reference,Vehicle_Type,Towing_and_Articulation,Vehicle_Manoeuvre,Vehicle_Location-Restricted_Lane,Junction_Location,Skidding_and_Overturning,Hit_Object_in_Carriageway,Vehicle_Leaving_Carriageway,Hit_Object_off_Carriageway,1st_Point_of_Impact,Was_Vehicle_Left_Hand_Drive?,Journey_Purpose_of_Driver,Sex_of_Driver,Age_of_Driver,Age_Band_of_Driver,Engine_Capacity_(CC),Propulsion_Code,Age_of_Vehicle,Driver_IMD_Decile,Driver_Home_Area_Type,Vehicle_IMD_Decile
201797QD01310,1,9,0,9,0,3,0,0,0,0,4,1,6,2,28,6,1368,1,7,-1,1,-1
201797QD01312,1,11,0,18,0,3,1,0,0,7,4,1,1,1,55,8,9000,2,4,-1,1,-1
201797QD01401,1,9,0,18,0,1,0,0,0,0,4,1,6,1,27,6,1596,1,4,-1,1,-1
201797QD01412,1,9,0,5,0,1,0,0,0,0,1,1,1,1,46,8,-1,-1,-1,-1,1,-1
201797QD01412,2,9,0,3,0,1,0,0,0,0,2,1,6,2,42,7,1248,2,3,-1,1,-1
201797QD01501,1,9,0,1,0,0,0,0,0,0,2,1,1,1,30,6,1598,2,5,-1,1,-1
201797QD01502,1,9,0,18,0,0,0,0,0,0,1,1,6,1,18,4,1360,1,6,-1,1,-1
201797QD01502,2,9,0,18,0,0,0,0,1,0,1,1,6,2,20,4,1248,1,4,-1,1,-1
201797QD01602,1,9,0,18,0,0,0,0,0,0,1,1,6,2,36,7,1560,2,4,-1,1,-1
201797QD01802,1,9,0,18,0,0,0,0,0,0,4,1,2,2,49,8,1229,1,7,-1,1,-1
201797QD02003,1,9,0,9,0,1,0,0,0,0,3,1,6,1,81,11,996,1,8,-1,1,-1
201797QD02003,2,9,0,18,0,1,0,0,0,0,1,1,6,2,23,5,1206,1,8,-1,1,-1
201797QD02103,1,11,0,4,3,0,0,0,0,5,4,1,6,1,-1,-1,4461,2,3,-1,-1,-1
201797QD02403,1,9,0,4,0,1,0,0,0,0,1,1,2,1,48,8,3800,1,3,-1,-1,-1
201797QD02403,2,9,0,4,0,1,0,0,0,0,2,1,6,2,26,6,996,1,4,-1,1,-1
201797QD02403,3,9,0,4,0,1,0,0,0,0,2,1,2,1,46,8,1582,2,5,-1,-1,-1
201797QD70108,1,9,0,18,0,1,0,0,0,0,1,1,2,1,42,7,1598,2,3,-1,1,-1
201797QD70108,2,9,0,4,0,1,0,0,0,0,2,1,2,1,33,6,1948,1,13,-1,1,-1
201797QD70108,3,9,0,4,0,1,0,0,0,0,2,1,6,2,46,8,2400,2,2,-1,3,-1
201797QD70111,1,21,1,18,0,0,1,0,0,0,1,1,1,1,50,8,12740,2,2,-1,3,-1
201797QD70111,2,9,0,18,0,0,1,0,0,0,2,1,1,1,63,9,1499,2,1,-1,3,-1
201797QD70111,3,9,0,18,0,0,1,0,1,0,2,1,6,2,28,6,1598,2,1,-1,1,-1
201797QD75108,1,9,0,18,0,8,0,0,0,0,4,1,6,1,34,6,1364,1,10,-1,1,-1
201797QD75110,1,19,0,18,0,0,1,0,0,0,1,1,6,2,22,5,1997,2,12,-1,1,-1
201797QD75208,1,9,0,18,0,4,0,0,0,0,1,1,6,1,51,8,-1,-1,-1,-1,1,-1
201797QD75208,2,9,0,9,0,8,0,0,0,0,4,1,6,2,33,6,1390,1,8,-1,1,-1
201797UA00107,1,9,0,18,0,0,0,0,0,0,1,1,6,1,33,6,1197,1,1,-1,1,-1
201797UA00107,2,9,0,11,0,0,0,0,0,0,2,1,6,1,-1,-1,998,1,1,-1,1,-1
201797UA00207,1,3,0,16,0,0,1,0,0,0,0,1,6,1,22,5,124,1,12,-1,2,-1
201797UA00208,1,9,0,18,0,0,0,4,1,9,1,1,6,1,77,11,1998,1,1,-1,2,-1
201797UA00208,2,9,0,2,0,0,0,0,1,9,2,1,6,1,41,7,1783,1,15,-1,1,-1
201797UA00212,1,9,0,9,0,6,0,0,0,0,3,1,6,2,30,6,1598,1,9,-1,1,-1
201797UA00212,2,9,0,18,0,8,0,0,0,0,1,1,6,2,61,9,998,1,6,-1,1,-1
201797UA00301,1,8,0,6,0,0,0,0,0,0,3,1,1,1,62,9,1560,2,5,-1,-1,-1
201797UA00301,2,1,0,18,0,0,0,0,0,0,1,1,6,2,25,5,-1,-1,-1,-1,1,-1
201797UA00305,1,9,0,18,0,4,0,0,0,0,1,1,6,1,18,4,1591,1,6,-1,-1,-1
201797UA00305,2,9,0,3,0,3,0,0,0,0,2,1,6,2,52,8,1386,1,9,-1,1,-1
201797UA00312,1,1,0,18,0,1,0,0,0,0,1,1,6,1,42,7,-1,-1,-1,-1,1,-1
201797UA00312,2,9,0,18,0,2,0,0,0,0,1,1,6,1,74,10,1796,1,11,-1,1,-1
201797UA00401,1,9,0,16,0,3,1,0,0,0,1,1,6,2,33,6,-1,-1,-1,-1,1,-1
201797UA00401,2,21,0,4,0,4,0,0,0,0,1,1,1,1,57,9,12740,2,3,-1,-1,-1
201797UA00402,1,9,0,1,0,1,0,0,0,0,2,1,3,2,34,6,1339,1,13,-1,1,-1
201797UA00402,2,9,0,2,0,1,0,0,0,0,0,1,3,2,36,7,1796,1,9,-1,1,-1
201797UA00404,1,21,0,15,0,0,0,0,0,0,1,1,1,1,44,7,6370,2,7,-1,2,-1
201797UA00404,2,9,0,18,0,0,0,0,0,2,1,1,6,1,24,5,998,1,2,-1,-1,-1
201797UA00404,3,5,0,18,0,0,1,0,0,1,1,1,6,1,53,8,1462,1,15,-1,-1,-1
201797UA00406,1,1,0,18,0,0,0,0,1,0,0,1,6,1,64,9,-1,-1,-1,-1,1,-1
201797UA00409,1,1,0,18,0,0,2,0,0,0,1,1,6,1,28,6,-1,-1,-1,5,1,5
201797UA00409,2,9,0,3,0,0,0,0,0,0,1,1,6,1,26,6,-1,-1,-1,-1,3,-1
201797UA00410,1,9,0,18,0,0,2,0,7,11,1,1,6,2,33,6,1461,2,9,-1,1,-1
201797UA00502,1,9,0,18,0,8,0,0,0,0,1,1,6,1,23,5,1461,2,10,-1,2,-1
201797UA00502,2,9,0,7,0,8,0,0,0,0,1,1,6,1,77,11,898,1,-1,-1,2,-1
201797UA00505,1,9,0,18,0,0,0,0,2,9,1,1,2,2,50,8,1124,1,11,-1,3,-1
201797UA00509,1,9,0,18,0,1,0,0,0,0,3,1,2,2,46,8,1597,2,3,-1,3,-1
201797UA00601,1,9,0,17,0,0,1,0,7,11,4,1,6,1,27,6,1198,1,6,-1,1,-1
201797UA00603,1,9,0,1,0,6,0,0,0,0,2,1,6,1,59,9,1364,1,1,-1,1,-1
201797UA00608,1,9,0,5,0,0,0,0,0,0,3,1,6,1,40,7,1968,2,2,-1,1,-1
201797UA00608,2,9,0,14,0,0,0,0,0,0,4,1,6,1,44,7,998,1,14,-1,3,-1
201797UA00610,1,9,0,18,0,0,2,0,7,0,1,1,2,1,23,5,1598,1,12,-1,1,-1
201797UA00611,1,9,0,18,0,0,0,0,0,0,1,1,6,1,46,8,1598,1,10,-1,1,-1
201797UA00611,2,9,0,4,0,0,0,0,0,0,2,1,2,1,41,7,1956,2,4,-1,3,-1
201797UA00611,3,9,0,4,0,0,0,0,0,0,2,1,6,2,36,7,1242,1,6,-1,1,-1
201797UA00611,4,9,0,4,0,0,0,0,0,0,2,1,6,1,64,9,1242,1,4,-1,3,-1
201797UA00707,1,9,0,13,0,0,0,0,0,0,4,1,6,3,-1,-1,-1,-1,-1,-1,-1,-1
201797UA00707,2,9,0,18,0,0,0,0,1,0,1,1,2,2,22,5,1229,1,2,-1,1,-1
201797UA00707,3,21,1,18,0,0,0,0,0,0,3,1,1,1,64,9,12777,2,3,-1,1,-1
201797UA00710,1,9,0,18,0,6,0,0,0,0,1,1,6,2,70,10,1400,1,11,-1,1,-1
201797UA00710,2,9,0,18,0,8,0,0,0,0,1,1,3,2,41,7,1560,2,2,-1,1,-1
201797UA00711,1,9,0,18,0,8,0,0,1,9,3,1,6,2,57,9,1560,2,2,-1,1,-1
201797UA00711,2,9,0,9,0,5,0,0,0,0,3,1,3,2,36,7,-1,-1,-1,-1,1,-1
201797UA00802,1,9,0,18,0,0,0,0,0,0,1,1,6,2,72,10,-1,-1,-1,-1,3,-1
201797UA00808,1,9,0,17,0,0,5,0,2,3,1,1,6,2,36,7,1388,1,12,-1,1,-1
201797UA00809,1,9,0,17,0,0,0,0,1,2,1,1,6,1,20,4,-1,-1,-1,-1,1,-1
201797UA00809,2,9,0,2,0,0,0,0,0,0,1,1,6,3,-1,-1,-1,-1,-1,-1,-1,-1
201797UA00904,1,9,0,17,0,8,0,0,0,0,3,1,6,2,78,11,1499,2,1,-1,2,-1
201797UA00904,2,9,0,7,0,8,0,0,0,0,4,1,6,2,57,9,1598,2,-1,-1,3,-1
201797UA00908,1,5,0,16,0,0,2,0,0,0,3,1,2,1,33,6,599,1,16,-1,1,-1
201797UA00908,2,8,0,17,0,0,0,0,0,0,3,1,1,1,68,10,1896,2,10,-1,1,-1
201797UA00909,1,9,0,18,0,1,0,0,0,0,1,1,6,2,43,7,1586,1,-1,-1,2,-1
201797UA00909,2,9,0,9,0,1,0,0,0,0,4,1,6,2,37,7,1461,2,2,-1,2,-1
201797UA00910,1,9,0,18,0,0,0,0,1,7,1,1,6,2,27,6,-1,-1,-1,-1,1,-1
201797UA01002,1,9,0,9,0,6,0,0,0,0,1,1,6,2,47,8,1587,1,14,-1,1,-1
201797UA01002,2,9,0,18,0,1,0,0,0,0,1,1,6,1,43,7,1598,1,16,-1,2,-1
201797UA01006,1,9,0,7,0,5,0,0,0,0,1,1,6,1,79,11,2499,1,7,-1,1,-1
201797UA01006,2,1,0,18,0,1,0,0,0,0,1,1,6,1,47,8,-1,-1,-1,-1,1,-1
201797UA01011,1,9,0,18,0,2,0,0,0,0,1,1,2,2,17,4,1360,1,14,-1,1,-1
201797UA01011,2,9,0,18,0,1,0,0,0,0,1,1,3,1,27,6,1999,1,10,-1,3,-1
201797UA01103,1,9,0,9,0,8,0,0,0,0,3,1,6,1,68,10,1598,1,8,-1,1,-1
201797UA01108,1,9,0,18,0,4,0,0,0,0,2,1,6,1,56,9,1461,2,2,-1,3,-1
201797UA01108,2,4,0,18,0,3,0,0,0,0,1,1,6,1,35,6,599,1,16,-1,1,-1
201797UA01109,1,9,0,16,0,0,2,0,1,0,1,1,6,1,56,9,1975,1,12,-1,3,-1
201797UA01111,1,9,0,16,0,0,0,0,0,0,1,1,2,1,22,5,1149,1,6,-1,3,-1
201797UA01111,2,9,0,18,0,0,0,0,0,0,1,1,2,1,39,7,1499,2,2,-1,3,-1
201797UA01112,1,9,0,18,0,1,1,0,0,0,1,1,6,2,38,7,1390,1,13,-1,1,-1
201797UA01112,2,9,0,8,0,8,0,0,0,0,2,1,6,2,25,5,1995,2,4,-1,3,-1
201797UA01203,1,9,3,18,0,1,0,0,0,0,0,1,6,1,42,7,996,1,4,-1,1,-1
201797UA01203,2,9,0,18,0,1,0,0,0,0,0,1,6,1,68,10,1198,1,3,-1,1,-1
201797UA01206,1,8,0,18,0,1,0,0,0,0,1,1,3,1,60,9,2464,2,8,-1,1,-1
201797UA01206,2,19,0,18,0,1,0,0,0,0,1,1,1,1,39,7,1870,2,11,-1,3,-1
201797UA01206,3,9,0,10,0,1,0,0,0,0,2,1,1,1,32,6,1995,2,5,-1,1,-1
201797UA01207,1,19,0,16,0,0,5,0,2,9,1,1,6,2,33,6,1598,2,4,-1,3,-1
201797UA01306,1,9,0,5,0,0,0,0,0,0,1,1,6,1,35,6,1149,1,11,-1,-1,-1
201797UA01306,2,5,0,18,0,0,0,0,0,0,1,1,6,1,55,8,499,1,18,-1,2,-1
201797UA01310,1,9,0,18,0,0,0,0,1,1,1,1,1,1,71,10,2198,2,2,-1,1,-1
201797UA01310,2,9,0,18,0,0,0,11,0,10,2,1,6,2,25,5,1598,1,1,-1,1,-1
201797UA01403,1,9,0,9,0,1,0,0,0,0,4,1,6,1,33,6,1910,2,10,-1,1,-1
201797UA01403,2,8,0,18,0,1,0,0,0,0,1,1,1,1,64,9,1686,2,3,-1,1,-1
201797UA01408,1,9,0,16,0,8,0,0,0,0,4,1,6,1,71,10,1318,1,1,-1,1,-1
201797UA01408,2,1,0,18,0,8,0,0,0,0,3,1,6,1,35,6,-1,-1,-1,-1,1,-1
201797UA01409,1,19,0,18,0,0,0,0,0,0,1,1,1,1,57,9,4462,2,4,-1,1,-1
201797UA01409,2,9,0,3,0,0,0,0,0,0,2,1,1,2,28,6,1598,1,5,-1,1,-1
201797UA01409,3,19,0,3,0,0,0,0,0,0,2,1,1,1,46,8,-1,-1,-1,-1,1,-1
201797UA01409,4,9,0,3,0,0,0,0,0,0,2,1,1,2,50,8,1461,2,4,-1,3,-1
201797UA01411,1,9,0,18,0,1,0,0,0,0,0,1,6,3,-1,-1,-1,-1,-1,-1,-1,-1
201797UA01411,2,9,0,18,0,1,1,0,0,0,2,1,1,2,31,6,1461,2,-1,-1,1,-1
201797UA01411,3,9,0,18,0,1,0,0,0,0,1,1,1,1,54,8,-1,-1,-1,-1,2,-1
201797UA01504,1,9,0,18,0,0,0,0,0,0,3,1,6,1,22,5,998,1,1,-1,1,-1
201797UA01508,1,21,0,18,0,8,0,0,0,0,3,1,1,1,25,5,10837,2,2,-1,3,-1
201797UA01511,1,9,0,18,0,1,0,4,0,0,1,1,6,1,32,6,2204,2,11,-1,1,-1
201797UA01511,2,9,0,3,0,1,0,0,0,0,2,1,6,1,26,6,1560,2,4,-1,1,-1
201797UA01512,1,9,0,4,0,0,1,0,0,0,1,1,6,1,29,6,1560,2,3,-1,1,-1
201797UA01512,2,9,0,3,0,0,0,0,0,0,2,1,6,1,35,6,1956,2,8,-1,1,-1
201797UA01603,1,9,0,18,0,1,0,0,0,0,1,1,6,1,70,10,1398,2,3,-1,1,-1
201797UA01603,2,9,0,9,0,1,0,0,0,0,2,1,1,2,38,7,1560,2,8,-1,1,-1
201797UA01710,1,19,0,16,0,0,2,0,0,0,0,1,6,1,50,8,1870,2,12,-1,3,-1
201797UA01710,2,9,0,18,0,0,0,0,0,0,1,1,6,1,24,5,1248,2,12,-1,1,-1
201797UA01710,3,9,0,3,0,0,0,0,0,0,2,1,2,2,53,8,1242,1,7,-1,1,-1
201797UA01711,1,9,0,18,0,6,0,0,1,1,4,1,6,2,63,9,998,1,4,-1,1,-1
201797UA01711,2,9,0,18,0,8,0,0,1,11,1,1,6,2,56,9,1586,1,9,-1,1,-1
201797UA01711,3,9,0,2,0,2,0,0,0,0,2,1,6,3,21,5,1399,1,-1,-1,-1,-1
201797UA01802,1,9,0,18,0,1,0,0,0,0,1,1,2,2,24,5,1995,2,6,-1,1,-1
201797UA01804,1,9,0,4,0,1,0,0,0,0,1,1,6,1,33,6,1497,8,2,-1,1,-1
201797UA01804,2,9,0,4,0,1,0,0,0,0,2,1,6,1,59,9,1364,1,2,-1,1,-1
201797UA01809,1,19,0,9,0,8,0,0,0,0,4,1,1,1,29,6,2198,2,1,-1,1,-1
201797UA01809,2,1,0,18,0,1,0,0,0,0,4,1,2,1,54,8,-1,-1,-1,-1,1,-1
201797UA01810,1,9,0,18,0,0,0,0,0,0,1,1,1,1,26,6,1596,1,3,-1,2,-1
201797UA01812,1,9,0,16,0,0,1,0,1,9,1,1,6,1,91,11,1242,1,10,-1,3,-1
201797UA01905,1,9,0,16,0,0,1,0,1,11,1,1,6,1,19,4,1242,1,9,-1,2,-1
201797UA01906,1,9,0,13,0,0,0,0,0,0,3,1,6,1,61,9,1685,2,2,-1,1,-1
201797UA01906,2,5,0,13,0,0,0,0,7,0,4,1,6,1,36,7,1301,1,1,-1,2,-1
201797UA01906,3,9,0,18,0,0,0,0,0,0,0,1,6,3,-1,-1,-1,-1,-1,-1,-1,-1
201797UA01908,1,9,0,18,0,1,0,0,0,0,4,1,6,1,91,11,1242,1,11,-1,1,-1
201797UA01908,2,9,0,18,0,1,0,0,0,0,3,1,6,2,23,5,1299,1,15,-1,3,-1
201797UA01909,1,9,0,18,9,0,0,0,1,0,1,1,6,3,-1,-1,-1,-1,-1,-1,-1,-1
201797UA01912,1,9,0,18,0,8,0,0,0,0,3,1,6,2,88,11,1242,1,3,-1,1,-1
201797UA01912,2,9,0,18,0,8,0,0,0,0,3,1,6,1,79,11,1560,2,4,-1,1,-1
201797UA02011,1,9,0,18,0,1,0,4,0,0,1,1,6,2,27,6,1149,1,8,-1,2,-1
201797UA02011,2,9,0,2,0,1,0,4,0,0,2,1,6,1,33,6,1198,1,14,-1,2,-1
201797UA02011,3,9,0,2,0,1,0,0,0,0,1,1,6,3,-1,-1,1560,2,12,-1,-1,-1
201797UA02106,1,9,0,10,0,6,0,0,0,0,1,1,3,2,58,9,1896,2,9,-1,2,-1
201797UA02106,2,9,0,18,0,1,1,0,0,0,4,1,3,1,71,10,-1,-1,-1,-1,1,-1
201797UA02112,1,9,0,18,0,4,0,0,0,0,3,1,6,2,44,7,1398,1,4,-1,3,-1
201797UA02112,2,9,0,9,0,8,0,0,0,0,4,1,6,2,40,7,1229,1,9,-1,1,-1
201797UA02204,1,9,0,7,0,2,1,0,7,11,4,1,6,2,18,4,1598,1,13,-1,2,-1
201797UA02208,1,9,0,15,0,0,0,0,0,0,4,1,6,1,85,11,998,1,2,-1,1,-1
201797UA02208,2,1,0,18,0,0,0,0,0,0,2,1,6,1,54,8,-1,-1,-1,-1,2,-1
201797UA02305,1,5,0,18,7,0,1,0,1,0,0,1,6,1,41,7,656,1,12,-1,1,-1
201797UA02306,1,1,0,18,0,0,0,4,0,0,4,1,6,1,52,8,-1,-1,-1,-1,1,-1
201797UA02306,2,9,0,5,0,0,0,0,0,0,3,1,6,2,25,5,2143,2,4,-1,3,-1
201797UA02306,3,9,0,2,0,0,0,0,0,0,2,1,6,3,-1,-1,1086,1,12,-1,-1,-1
201797UA02307,1,9,0,18,0,1,0,0,0,0,1,1,6,1,41,7,1951,2,10,-1,1,-1
201797UA02307,2,9,0,10,0,1,1,0,0,0,2,1,6,2,59,9,998,1,-1,-1,2,-1
201797UA02310,1,9,0,18,0,0,0,10,0,0,1,1,6,2,25,5,1242,1,5,-1,1,-1
201797UA02404,1,9,0,18,0,0,0,0,0,9,1,1,6,1,18,4,1798,1,10,-1,3,-1
201797UA02408,1,90,1,18,0,6,0,0,0,0,1,1,1,1,25,5,4525,2,2,-1,3,-1
201797UA02408,2,8,0,4,0,6,0,0,0,0,2,1,1,1,67,10,1560,2,2,-1,1,-1
201797UA02408,3,9,0,2,0,1,0,0,0,0,2,1,1,1,45,7,-1,-1,-1,-1,1,-1
201797UA02503,1,9,0,12,0,7,1,0,0,0,1,1,2,1,29,6,2521,1,10,-1,1,-1
201797UA02503,2,9,0,12,0,7,1,0,0,0,4,1,3,2,34,6,1596,1,9,-1,1,-1
201797UA02505,1,9,0,18,0,1,0,0,0,0,1,1,6,2,73,10,1242,1,1,-1,2,-1
201797UA02505,2,1,0,9,0,1,0,0,0,0,1,1,6,2,14,3,-1,-1,-1,-1,2,-1
201797UA02508,1,9,0,18,0,0,2,0,8,7,1,1,6,1,31,6,2435,1,15,-1,2,-1
201797UA02508,2,9,0,18,0,0,0,0,0,0,1,1,6,1,25,5,1468,1,8,-1,2,-1
201797UA02601,1,9,0,16,0,0,0,0,0,0,3,1,6,1,-1,-1,1061,1,12,-1,-1,-1
201797UA02601,2,9,0,17,0,0,1,0,7,9,3,1,6,1,57,9,2204,2,8,-1,3,-1
201797UA02605,1,1,0,3,0,1,0,0,0,0,1,1,6,1,61,9,-1,-1,-1,-1,-1,-1
201797UA02605,2,1,0,18,0,1,0,0,0,0,2,1,6,3,-1,-1,-1,-1,-1,-1,-1,-1
201797UA02607,1,9,0,18,0,0,0,0,7,0,1,1,6,3,-1,-1,1995,2,6,-1,-1,-1
201797UA02608,1,8,0,9,0,6,0,0,0,0,1,1,1,1,53,8,-1,-1,-1,-1,3,-1
201797UA02608,2,4,0,18,0,8,0,0,0,0,3,1,6,1,50,8,278,1,-1,-1,1,-1
201797UA02703,1,9,0,16,0,1,1,0,0,0,3,1,6,1,22,5,1086,1,12,-1,2,-1
201797UA02703,2,9,0,17,0,1,0,0,0,0,3,1,6,1,57,9,1582,2,4,-1,2,-1
201797UA02706,1,19,0,5,0,8,0,0,0,0,1,1,6,1,25,5,2198,2,6,-1,3,-1
201797UA02706,2,1,0,18,0,8,0,0,0,0,1,1,6,1,56,9,-1,-1,-1,-1,1,-1
201797UA02708,1,9,0,9,0,8,0,0,0,0,1,1,6,1,43,7,1995,2,2,-1,1,-1
201797UA02708,2,9,0,18,0,8,0,0,0,0,1,1,6,2,69,10,1364,1,1,-1,1,-1
201797UA02803,1,9,0,15,0,1,0,0,0,0,1,1,6,2,64,9,1248,1,2,-1,1,-1
201797UA02803,2,9,0,9,0,8,0,0,0,0,2,1,6,1,53,8,2143,2,1,-1,1,-1
201797UA02806,1,9,0,18,0,1,1,0,0,0,1,1,6,2,29,6,1398,1,1,-1,1,-1
201797UA02810,1,9,0,18,0,1,0,0,0,0,1,1,6,2,19,4,1149,1,1,-1,3,-1
201797UA02810,2,9,0,4,0,1,0,0,0,0,2,1,1,2,59,9,1398,1,1,-1,2,-1
201797UA02810,3,21,0,10,0,8,0,0,0,0,2,1,1,1,34,6,9290,2,1,-1,2,-1
201797UA02906,1,9,0,18,0,0,1,0,0,0,2,1,6,1,43,7,1747,1,16,-1,1,-1
201797UA02906,2,9,0,18,0,0,0,0,0,0,1,1,6,2,47,8,1997,2,1,-1,1,-1
201797UA02910,1,19,0,16,0,4,0,0,0,0,1,1,1,1,33,6,2143,2,3,-1,1,-1
201797UA02910,2,9,0,16,0,4,0,0,7,0,2,1,6,2,23,5,1200,1,2,-1,1,-1
201797UA02911,1,9,0,18,0,0,0,0,1,0,1,1,6,1,26,6,1800,1,17,-1,1,-1
201797UA02911,2,9,0,18,0,0,0,0,1,11,1,1,6,1,64,9,1586,1,6,-1,-1,-1
201797UA03001,1,9,0,16,0,0,2,0,8,9,1,1,2,2,19,4,1198,1,8,-1,3,-1
201797UA03006,1,9,0,18,0,0,0,0,0,0,1,1,6,1,52,8,1398,1,2,-1,2,-1
201797UA03010,1,19,0,18,0,1,0,0,0,0,1,1,1,1,59,9,1995,2,-1,-1,3,-1
201797UA03010,2,9,0,3,0,1,0,0,0,0,2,1,6,2,35,6,1910,2,9,-1,2,-1
201797UA03010,3,9,0,10,0,8,0,0,0,0,2,1,2,1,43,7,1968,2,1,-1,2,-1
201797UA03106,1,9,0,18,0,1,0,0,0,0,1,1,6,1,53,8,1896,2,14,-1,1,-1
201797UA03106,2,9,0,10,0,5,0,0,0,0,2,1,6,2,36,7,988,1,-1,-1,1,-1
201797UA03110,1,1,0,9,0,6,0,0,1,0,1,1,6,1,18,4,-1,-1,-1,-1,1,-1
201797UA03110,2,1,0,9,0,8,0,0,0,0,3,1,6,2,29,6,-1,-1,-1,-1,1,-1
201797UA03203,1,9,0,18,0,8,1,0,3,11,1,1,2,2,24,5,1242,1,2,-1,1,-1
201797UA03211,1,9,0,17,0,0,2,0,7,3,1,1,2,1,19,4,1229,1,4,-1,2,-1
201797UA03308,1,9,0,18,0,1,0,0,0,0,1,1,6,1,37,7,1598,2,4,-1,1,-1
201797UA03308,2,9,0,18,0,1,0,0,1,11,3,1,6,1,26,6,1956,2,2,-1,2,-1
201797UA03311,1,9,0,5,0,1,0,0,0,0,3,1,6,2,24,5,1242,1,1,-1,1,-1
201797UA03311,2,9,0,18,0,1,0,0,0,0,4,1,6,1,36,7,1461,2,-1,-1,1,-1
201797UA03401,1,9,0,18,0,1,1,0,0,0,1,1,6,1,79,11,1596,1,13,-1,1,-1
201797UA03401,2,9,0,10,0,1,0,0,0,0,2,1,6,2,52,8,2143,2,1,9,1,9
201797UA03408,1,9,0,13,0,0,0,0,0,0,4,1,6,2,73,10,-1,-1,-1,-1,1,-1
201797UA03408,2,1,0,18,0,0,0,0,0,0,3,1,6,1,41,7,-1,-1,-1,-1,1,-1
201797UA03501,1,9,0,1,0,2,0,0,0,0,2,1,6,2,65,9,1998,1,1,-1,1,-1
201797UA03801,1,9,0,16,0,1,1,0,8,7,1,1,6,2,55,8,1398,2,12,-1,2,-1
201797UA03901,1,9,0,18,0,1,0,0,0,0,1,1,6,1,35,6,2979,1,16,-1,1,-1
201797UA03901,2,9,0,9,0,8,0,0,0,0,2,1,2,1,34,6,1896,2,13,-1,3,-1
201797UA04101,1,1,0,18,0,0,0,0,0,0,0,1,3,1,65,9,-1,-1,-1,-1,-1,-1
201797UA70102,1,9,0,18,0,0,0,0,0,0,1,1,2,2,32,6,1560,2,5,-1,1,-1
201797UA70102,2,9,0,18,0,0,0,0,0,0,1,1,2,2,41,7,1360,1,10,-1,2,-1
201797UA70102,3,9,0,18,0,0,0,0,0,0,2,1,6,1,58,9,1998,2,8,-1,3,-1
201797UA70105,1,5,0,16,0,1,1,0,7,0,4,1,6,1,26,6,750,1,1,-1,1,-1
201797UA70105,2,9,0,18,0,1,0,0,0,0,1,1,6,1,35,6,1995,2,5,-1,1,-1
201797UA70108,1,9,0,5,0,1,0,0,0,0,1,1,2,2,23,5,1198,1,9,-1,1,-1
201797UA70108,2,9,0,3,0,1,0,0,0,0,2,1,1,1,49,8,-1,-1,-1,-1,-1,-1
201797UA70111,1,9,0,9,0,8,0,0,0,0,4,1,6,1,82,11,1197,1,1,-1,1,-1
201797UA70111,2,9,0,18,0,8,0,0,0,0,1,1,6,1,34,6,1595,1,9,-1,1,-1
201797UA70201,1,9,0,18,0,1,0,0,0,0,1,1,2,1,35,6,1499,2,4,-1,1,-1
201797UA70203,1,9,0,16,0,0,0,0,1,0,3,1,6,1,23,5,1299,1,9,-1,2,-1
201797UA70203,2,9,0,17,0,0,0,0,0,0,1,1,2,2,45,7,1598,2,5,-1,2,-1
201797UA70204,1,21,1,18,0,0,0,0,0,0,1,1,1,1,42,7,15607,2,9,-1,3,-1
201797UA70211,1,9,0,18,0,0,0,0,0,0,1,1,6,1,48,8,2435,1,17,-1,2,-1
201797UA70211,2,9,0,4,0,0,0,0,1,0,2,1,6,1,25,5,1198,1,12,-1,2,-1
201797UA70211,3,9,0,3,0,0,0,0,0,0,2,1,1,1,58,9,1598,2,1,-1,1,-1
201797UA70212,1,11,0,16,0,8,0,0,0,0,1,1,1,1,53,8,9000,2,7,-1,1,-1
201797UA70302,1,9,0,18,0,0,0,0,0,0,3,1,1,1,52,8,-1,-1,-1,-1,3,-1
201797UA70304,1,19,0,18,0,8,0,0,0,0,1,1,2,1,34,6,4580,2,6,-1,3,-1
201797UA70305,1,9,0,7,0,6,0,0,0,0,1,1,6,1,37,7,1798,1,12,-1,1,-1
201797UA70305,2,9,0,18,0,1,5,0,2,11,4,1,6,1,41,7,1498,1,9,-1,1,-1
201797UA70306,1,1,0,18,0,0,0,4,0,0,1,1,6,1,44,7,-1,-1,-1,-1,1,-1
201797UA70306,2,9,0,2,0,0,0,0,0,0,2,1,6,3,-1,-1,1364,1,2,-1,-1,-1
201797UA70307,1,9,0,17,0,0,5,0,7,10,1,1,6,1,94,11,1242,1,9,-1,3,-1
201797UA70311,1,19,0,18,0,1,0,0,0,0,1,1,2,1,43,7,2198,2,3,-1,1,-1
201797UA70311,2,19,0,10,0,8,0,0,0,0,2,1,2,1,46,8,2402,2,6,-1,1,-1
201797UA70312,1,9,0,18,0,8,0,0,0,0,1,1,6,1,24,5,-1,-1,-1,-1,1,-1
201797UA70312,2,9,0,9,0,1,0,0,0,0,1,1,2,2,25,5,1124,1,19,-1,1,-1
201797UA70405,1,5,0,18,0,6,0,0,0,0,1,1,6,1,51,8,1449,1,11,-1,-1,-1
201797UA70405,2,9,0,18,0,8,0,0,0,0,4,1,6,1,68,10,1597,2,2,-1,1,-1
201797UA70406,1,21,1,18,0,0,0,0,0,0,3,1,1,1,54,8,11946,2,6,-1,1,-1
201797UA70406,2,10,0,3,0,0,0,0,0,0,3,1,1,2,53,8,2402,2,8,-1,2,-1
201797UA70407,1,9,0,17,0,8,1,0,1,2,3,1,6,1,53,8,1061,1,12,-1,2,-1
201797UA70408,1,9,0,17,0,0,0,0,1,11,1,1,6,1,34,6,1910,2,13,-1,3,-1