Accident_Index,Vehicle_Reference,Vehicle_Type,Towing_and_Articulation,Vehicle_Manoeuvre,Vehicle_Location-Restricted_Lane,Junction_Location,Skidding_and_Overturning,Hit_Object_in_Carriageway,Vehicle_Leaving_Carriageway,Hit_Object_off_Carriageway,1st_Point_of_Impact,Was_Vehicle_Left_Hand_Drive?,Journey_Purpose_of_Driver,Sex_of_Driver,Age_of_Driver,Age_Band_of_Driver,Engine_Capacity_(CC),Propulsion_Code,Age_of_Vehicle,Driver_IMD_Decile,Driver_Home_Area_Type,Vehicle_IMD_Decile
201797UC70307,1,9,0,9,0,6,0,0,0,0,1,1,6,2,61,9,4395,1,6,-1,1,-1
201797UC70307,2,5,0,18,0,2,2,0,0,0,2,1,6,2,65,9,1832,1,4,-1,3,-1
201797UC70307,3,9,0,2,0,2,0,0,0,0,2,1,6,2,-1,-1,1598,1,9,-1,-1,-1
201797UC70308,1,9,0,16,0,0,2,0,1,11,1,1,2,2,51,8,1248,2,9,-1,2,-1
201797UC70310,1,9,0,16,0,0,0,0,0,0,1,1,6,2,58,9,1229,1,2,-1,-1,-1
201797UC70310,2,9,0,17,0,0,0,0,0,0,1,1,6,2,60,9,1686,2,3,-1,3,-1
201797UC70312,1,9,0,18,0,0,0,0,0,0,1,1,6,1,76,11,1398,1,2,-1,1,-1
201797UC70312,2,9,0,18,0,0,0,0,0,0,3,1,6,1,66,10,1242,1,11,-1,2,-1
201797UC70312,3,9,0,18,0,0,0,0,0,0,1,1,6,2,47,8,1200,1,2,-1,1,-1
201797UC70402,1,9,0,9,0,8,0,0,0,0,4,1,2,1,37,7,2987,2,6,-1,1,-1
201797UC70402,2,9,0,18,0,8,0,0,0,0,1,1,6,2,21,5,1349,1,6,-1,-1,-1
201797UC70403,1,9,0,18,0,1,0,0,0,0,1,1,6,1,35,6,1988,1,13,-1,1,-1
201797UC70404,1,9,0,14,0,2,0,0,0,0,1,1,1,2,32,6,998,1,4,-1,3,-1
201797UC70407,1,9,0,5,0,0,0,0,7,0,1,1,6,1,54,8,1596,1,13,-1,1,-1
201797UC70407,2,9,0,18,0,0,0,0,0,0,1,1,6,2,25,5,1598,2,2,-1,1,-1
201797UC70411,1,9,0,18,0,0,0,0,0,0,1,1,6,2,28,6,1560,2,3,-1,-1,-1
201797UC70411,2,9,0,18,0,0,0,0,0,0,1,1,6,1,20,4,1498,1,-1,-1,-1,-1
201797UC70411,3,9,0,18,0,0,0,0,0,0,2,1,6,2,34,6,1969,2,2,-1,-1,-1
201797UC70412,1,9,0,18,0,0,5,7,1,11,1,1,6,1,56,9,-1,-1,-1,-1,1,-1
201797UC70502,1,21,1,5,0,4,0,0,0,0,4,1,1,1,42,7,12777,2,6,-1,3,-1
201797UC70502,2,9,0,5,0,4,0,0,0,0,3,1,6,2,19,4,1496,2,1,-1,2,-1
201797UC70504,1,9,0,18,0,0,0,0,0,0,1,1,6,1,29,6,1496,2,1,-1,1,-1
201797UC70504,2,9,0,18,0,0,0,0,0,0,2,1,6,2,32,6,1596,1,4,-1,3,-1
201797UC70506,1,9,0,4,0,0,0,0,0,0,1,1,6,1,48,8,1995,2,11,-1,1,-1
201797UC70506,2,9,0,4,0,0,0,0,0,0,2,1,6,2,63,9,1498,1,7,-1,1,-1
201797UC70506,3,9,0,3,0,0,0,0,0,0,2,1,6,2,24,5,1395,1,1,-1,-1,-1
201797UC70508,1,21,0,11,0,0,0,0,0,0,4,1,1,1,59,9,9365,2,9,-1,1,-1
201797UC70508,2,9,0,18,0,0,0,0,0,0,3,1,6,1,33,6,-1,-1,-1,-1,1,-1
201797UC70509,1,9,0,18,0,0,5,0,4,6,1,1,6,2,49,8,995,1,5,-1,1,-1
201797UC70511,1,9,0,18,0,0,0,0,0,0,1,1,6,1,53,8,1796,1,13,-1,-1,-1
201797UC70601,1,9,0,5,0,4,0,0,0,0,1,1,2,1,28,6,1910,2,12,-1,3,-1
201797UC70601,2,9,0,5,0,4,0,0,0,0,2,1,6,2,48,8,998,1,-1,-1,1,-1
201797UC70602,1,9,0,18,0,0,0,0,0,0,3,1,6,1,70,10,1560,2,5,-1,2,-1
201797UC70602,2,9,0,18,0,0,0,0,7,0,3,1,6,1,25,5,1390,1,5,-1,1,-1
201797UC70603,1,1,0,18,0,0,0,0,0,0,1,1,6,1,53,8,-1,-1,-1,-1,3,-1
201797UC70603,2,1,0,18,0,0,0,0,0,0,2,1,6,1,50,8,-1,-1,-1,-1,1,-1
201797UC70604,1,9,0,18,0,1,0,0,0,0,1,1,6,1,18,4,2148,2,8,-1,-1,-1
201797UC70604,2,9,0,4,0,1,0,0,0,0,2,1,6,2,36,7,998,1,3,-1,1,-1
201797UC70604,3,9,0,3,0,1,0,0,0,0,2,1,2,1,48,8,998,1,3,-1,-1,-1
201797UC70701,1,9,0,18,0,0,0,0,1,11,1,1,6,3,-1,-1,1994,1,13,-1,-1,-1
201797UC70706,1,9,0,18,0,0,0,0,0,0,1,1,6,1,38,7,1560,2,7,-1,2,-1
201797UC70706,2,19,0,18,0,0,0,0,0,0,1,1,6,1,18,4,1995,2,1,-1,3,-1
201797UC70709,1,9,0,18,0,0,1,0,1,4,1,1,6,1,71,10,1398,1,4,-1,2,-1
201797UC70801,1,9,0,16,0,0,2,0,7,11,1,1,6,2,19,4,1390,1,11,-1,3,-1
201797UC70808,1,90,0,9,0,1,0,0,0,0,3,1,2,1,77,11,-1,-1,-1,-1,3,-1
201797UC70808,2,9,0,13,0,1,0,0,0,0,1,1,6,2,33,6,1461,2,4,-1,-1,-1
201797UC70809,1,9,0,17,0,0,2,0,7,0,1,1,2,1,40,7,2494,2,5,-1,1,-1
201797UC70901,1,9,0,18,0,0,0,0,0,0,1,1,6,1,35,6,1598,1,15,-1,-1,-1
201797UC70901,2,9,0,18,0,0,0,0,0,0,2,1,6,1,29,6,1799,1,11,-1,1,-1
201797UC70908,1,9,0,1,9,0,0,0,0,0,2,1,6,2,52,8,1968,2,8,-1,1,-1
201797UC70909,1,9,0,18,0,0,0,0,0,0,1,1,2,2,47,8,1200,1,2,-1,-1,-1
201797UC70909,2,9,0,18,0,0,0,0,1,2,1,1,6,1,19,4,1242,1,3,-1,-1,-1
201797UC71009,1,9,0,16,0,0,2,0,7,3,1,1,6,1,22,5,1499,2,2,-1,3,-1
201797UD00101,1,9,0,11,0,8,0,0,0,0,1,1,6,1,26,6,1896,2,17,-1,1,-1
201797UD00101,2,9,0,18,0,8,0,0,0,0,3,1,6,2,68,10,1229,1,8,-1,3,-1
201797UD00102,1,9,0,9,0,8,0,0,0,0,1,1,6,1,58,9,1197,1,1,-1,1,-1
201797UD00102,2,9,0,18,0,8,0,0,0,0,3,1,6,1,69,10,1798,1,11,-1,3,-1
201797UD00103,1,9,0,18,0,0,0,0,0,0,1,1,1,1,24,5,-1,-1,-1,-1,3,-1
201797UD00103,2,9,0,18,0,0,0,0,0,10,1,1,1,1,30,6,1968,2,10,-1,2,-1
201797UD00103,3,9,0,2,9,0,0,0,0,0,1,1,6,3,-1,-1,1850,1,17,-1,-1,-1
201797UD00104,1,9,0,16,0,0,5,0,1,9,1,1,6,1,18,4,1124,1,13,-1,2,-1
201797UD00105,1,9,0,5,0,8,0,0,0,0,1,1,6,2,48,8,1968,2,6,-1,3,-1
201797UD00105,2,9,0,18,0,1,0,0,7,3,4,1,6,2,56,9,1796,1,10,-1,1,-1
201797UD00106,1,9,0,17,0,0,2,0,1,9,4,1,6,2,22,5,1229,1,5,-1,1,-1
201797UD00109,1,9,0,16,0,0,0,0,0,0,3,1,6,2,39,7,1368,1,6,-1,1,-1
201797UD00109,2,9,0,17,0,0,0,0,0,0,3,1,6,1,62,9,2184,2,3,-1,1,-1
201797UD00111,1,9,0,9,0,8,0,0,0,0,1,1,6,1,20,4,1229,1,2,-1,2,-1
201797UD00112,1,9,0,18,0,0,0,0,0,0,1,1,2,1,17,4,1498,1,8,-1,3,-1
201797UD00112,2,9,0,4,0,0,0,0,0,0,2,1,2,2,45,7,999,1,1,-1,1,-1
201797UD00201,1,9,0,9,0,1,1,0,0,0,1,1,6,1,19,4,1242,1,16,-1,1,-1
201797UD00201,2,9,0,3,0,1,0,0,0,0,3,1,6,1,37,7,-1,-1,-1,-1,1,-1
201797UD00201,3,9,0,3,0,1,0,0,0,0,1,1,6,2,17,4,1398,2,6,-1,1,-1
201797UD00203,1,21,0,9,0,1,5,0,1,4,4,1,1,1,30,6,6692,2,6,-1,3,-1
201797UD00205,1,90,0,18,0,0,0,0,0,0,1,1,6,1,63,9,-1,-1,-1,8,2,8
201797UD00205,2,9,0,18,0,0,0,0,0,0,1,1,6,2,43,7,1968,2,2,-1,1,-1
201797UD00205,3,90,0,18,0,0,0,0,0,0,1,1,6,1,72,10,-1,-1,-1,9,1,9
201797UD00206,1,9,0,18,0,0,0,0,0,0,1,1,6,2,29,6,1360,1,12,-1,1,-1
201797UD00206,2,9,0,18,0,0,0,0,0,0,2,1,6,2,44,7,1461,2,3,-1,3,-1
201797UD00209,1,19,0,13,0,0,5,0,0,0,3,1,2,1,33,6,1868,2,12,-1,3,-1
201797UD00210,1,9,0,16,0,0,0,0,7,11,1,1,6,1,27,6,1390,1,14,-1,2,-1
201797UD00302,1,9,0,4,9,0,0,0,0,0,0,1,6,1,62,9,1956,2,5,-1,1,-1
201797UD00303,1,9,0,16,0,0,0,0,0,0,3,1,6,2,52,8,1240,1,12,-1,3,-1
201797UD00303,2,9,0,18,0,0,0,0,1,9,3,1,2,1,37,7,1229,1,9,-1,2,-1
201797UD00304,1,9,0,9,0,1,1,0,0,0,1,1,2,1,44,7,1799,1,7,-1,3,-1
201797UD00304,2,9,0,18,0,1,5,0,1,10,1,1,2,2,26,6,1499,1,1,-1,3,-1
201797UD00310,1,1,0,18,0,2,0,4,0,0,1,1,6,1,44,7,-1,-1,-1,-1,1,-1
201797UD00310,2,20,0,2,0,2,0,0,0,0,2,1,1,1,38,7,-1,-1,-1,-1,-1,-1
201797UD00402,1,9,0,18,0,0,0,4,0,0,1,1,6,1,38,7,1781,1,16,-1,1,-1
201797UD00402,2,9,0,2,6,0,0,0,0,0,2,1,1,1,41,7,1560,2,3,-1,1,-1
201797UD00406,1,9,0,18,0,1,0,0,0,0,1,1,6,1,58,9,1198,1,14,4,1,4
201797UD00406,2,9,0,10,0,1,0,0,0,0,2,1,6,1,46,8,1582,2,4,-1,2,-1
201797UD00408,1,9,0,18,0,1,0,0,0,0,1,1,6,1,77,11,1198,1,3,-1,2,-1
201797UD00408,2,9,0,18,0,1,0,0,0,0,2,1,6,1,34,6,-1,-1,-1,-1,2,-1
201797UD00411,1,9,0,9,0,1,0,0,0,0,1,1,6,1,59,9,1199,1,13,-1,1,-1
201797UD00411,2,9,0,18,0,1,0,0,0,0,4,1,6,1,24,5,1995,2,1,-1,1,-1
201797UD00411,3,9,0,8,0,1,0,0,0,0,3,1,6,1,34,6,1798,1,13,-1,1,-1
201797UD00504,1,9,0,16,0,1,1,0,1,0,2,1,6,1,32,6,1390,1,6,-1,3,-1
201797UD00504,2,9,0,10,0,1,0,0,0,0,2,1,6,2,44,7,1498,1,5,-1,3,-1
201797UD00510,1,9,0,3,0,8,0,0,0,0,1,1,6,2,77,11,1149,1,7,-1,1,-1
201797UD00510,2,9,0,4,0,8,0,0,0,0,2,1,6,2,65,9,1242,1,-1,-1,1,-1
201797UD00510,3,9,0,4,0,8,0,0,0,0,2,1,6,2,48,8,1598,1,14,-1,1,-1
201797UD00510,4,9,0,4,0,8,0,0,0,0,2,1,6,2,48,8,1242,1,-1,-1,1,-1
201797UD00511,1,9,0,4,0,0,1,0,0,0,1,1,6,2,48,8,1968,2,5,-1,1,-1
201797UD00511,2,9,0,3,0,0,0,0,0,0,2,1,6,2,52,8,1498,1,7,-1,1,-1
201797UD00511,3,9,0,3,0,0,0,0,0,0,2,1,6,1,55,8,-1,-1,-1,-1,1,-1
201797UD00512,1,19,0,18,0,0,0,0,0,0,1,1,1,1,59,9,2143,2,3,-1,1,-1
201797UD00512,2,19,0,18,0,0,0,0,0,0,2,1,1,1,28,6,2198,2,2,-1,-1,-1
201797UD00512,3,9,0,18,0,0,0,0,0,0,2,1,1,2,31,6,1368,1,4,-1,1,-1
201797UD00512,4,9,0,18,0,0,0,0,0,0,1,1,1,2,19,4,1368,1,1,-1,1,-1
201797UD00512,5,9,0,18,0,0,0,0,0,0,1,1,6,1,21,5,-1,-1,-1,-1,3,-1
201797UD00512,6,9,0,18,0,0,0,0,0,0,1,1,1,1,28,6,1560,2,3,-1,1,-1
201797UD00602,1,9,0,9,0,5,0,0,0,0,1,1,6,1,70,10,1997,2,7,-1,1,-1
201797UD00602,2,9,0,18,0,1,0,0,0,0,1,1,6,2,67,10,1968,2,2,-1,2,-1
201797UD00608,1,9,0,4,0,8,1,0,0,0,2,1,6,1,18,4,1490,1,12,-1,1,-1
201797UD00608,2,9,0,3,0,8,0,0,0,0,0,1,2,1,59,9,1596,1,10,-1,1,-1
201797UD00612,1,9,0,18,0,0,0,0,0,0,4,1,6,2,74,10,1197,1,3,-1,3,-1
201797UD00702,1,9,0,13,6,0,1,0,7,1,1,1,2,1,23,5,1998,1,13,-1,3,-1
201797UD00703,1,9,0,9,0,8,0,0,0,0,1,1,6,1,46,8,1998,1,20,-1,1,-1
201797UD00706,1,9,0,5,0,8,0,0,0,0,1,1,2,1,54,8,1560,2,11,-1,2,-1
201797UD00706,2,1,0,18,0,8,0,0,0,0,4,1,6,2,49,8,-1,-1,-1,-1,-1,-1
201797UD00707,1,9,0,1,0,8,0,0,7,1,4,1,6,1,18,4,1242,1,10,-1,3,-1
201797UD00707,2,8,0,18,0,1,0,0,7,10,1,1,1,1,66,10,2198,2,2,-1,1,-1
201797UD00709,1,9,0,18,0,1,0,0,0,0,1,1,6,2,35,6,-1,-1,-1,-1,1,-1
201797UD00709,2,9,0,9,0,1,0,0,0,0,2,1,6,1,51,8,1461,2,1,-1,-1,-1
201797UD00711,1,9,0,5,0,4,0,0,0,0,0,1,2,2,28,6,1242,1,11,-1,1,-1
201797UD00711,2,1,0,18,0,3,0,0,0,0,3,1,2,1,57,9,-1,-1,-1,-1,3,-1
201797UD00712,1,9,0,9,0,8,0,0,0,0,3,1,6,2,85,11,1149,1,1,-1,2,-1
201797UD00802,1,9,0,1,0,0,0,0,0,0,2,1,6,2,19,4,1598,1,7,-1,1,-1
201797UD00802,2,8,0,2,0,0,0,0,0,0,3,1,1,1,48,8,1598,2,3,-1,3,-1
201797UD00805,1,9,0,2,0,1,0,0,0,0,3,1,6,3,60,9,1598,2,6,-1,-1,-1
201797UD00805,2,1,0,18,0,1,0,8,0,0,1,1,6,1,42,7,-1,-1,-1,-1,1,-1
201797UD00808,1,9,0,16,0,0,1,0,1,11,1,1,6,2,42,7,-1,-1,-1,-1,3,-1
201797UD00812,1,9,0,18,0,0,2,0,0,10,3,1,6,1,33,6,998,1,4,-1,1,-1
201797UD00904,1,9,0,18,0,0,0,0,0,0,4,1,6,1,17,4,1149,1,12,-1,1,-1
201797UD00904,2,9,0,2,6,0,0,0,0,0,3,1,6,3,-1,-1,1870,2,14,-1,1,-1
201797UD00905,1,9,0,17,0,0,2,0,1,9,1,1,6,1,18,4,1242,1,10,-1,3,-1
201797UD00909,1,9,0,18,0,0,0,0,0,0,1,1,6,1,78,11,1461,2,1,-1,3,-1
201797UD00909,2,9,0,2,0,0,0,0,0,0,1,1,6,3,-1,-1,1461,2,1,-1,-1,-1
201797UD00909,3,9,0,2,0,0,0,0,0,0,1,1,6,3,-1,-1,998,1,15,-1,-1,-1
201797UD00909,4,9,0,2,0,0,0,0,0,0,2,1,6,3,-1,-1,1197,1,-1,-1,-1,-1
201797UD00910,1,9,0,18,0,4,0,0,0,0,1,1,6,1,81,11,1560,2,9,-1,1,-1
201797UD00910,2,9,0,18,0,3,2,0,0,10,4,1,6,2,35,6,1461,2,6,-1,1,-1
201797UD01002,1,9,0,10,0,5,0,0,0,0,1,1,6,2,35,6,1560,2,6,-1,1,-1
201797UD01002,2,9,0,18,0,8,0,0,0,0,1,1,6,2,34,6,1461,2,5,-1,1,-1
201797UD01003,1,9,0,11,0,0,0,0,0,0,4,1,6,1,21,5,1200,1,2,-1,1,-1
201797UD01003,2,17,0,18,0,0,0,0,0,0,3,1,6,1,21,5,-1,-1,-1,-1,1,-1
201797UD01007,1,17,4,9,0,1,0,0,0,0,2,1,6,3,-1,-1,-1,-1,-1,-1,-1,-1
201797UD01008,1,9,0,18,0,8,0,0,0,0,1,1,6,1,27,6,1798,1,-1,7,1,7
201797UD01008,2,9,0,18,0,8,1,0,0,0,3,1,6,1,68,10,1997,2,4,-1,1,-1
201797UD01103,1,19,0,16,0,0,2,0,7,9,3,1,1,2,28,6,1968,2,-1,-1,1,-1
201797UD01105,1,9,0,18,0,0,0,4,0,0,1,1,6,1,74,10,1582,2,4,-1,1,-1
201797UD01105,2,9,0,2,0,0,0,0,0,0,4,1,6,3,-1,-1,1995,2,2,-1,-1,-1
201797UD01107,1,9,0,18,0,8,0,0,0,0,1,1,6,1,77,11,998,1,2,-1,1,-1
201797UD01107,2,9,0,18,0,8,0,0,0,0,2,1,6,1,48,8,1560,2,2,-1,1,-1
201797UD01109,1,8,0,10,0,8,0,0,0,0,1,1,1,1,53,8,1598,2,5,-1,3,-1
201797UD01109,2,9,0,18,0,8,0,0,0,0,3,1,6,1,53,8,1329,1,6,-1,1,-1
201797UD01110,1,9,0,18,0,0,0,0,0,0,1,1,6,2,72,10,1086,1,11,-1,3,-1
201797UD01110,2,9,0,18,0,0,0,0,0,0,2,1,6,1,52,8,-1,-1,-1,-1,1,-1
201797UD01110,3,9,0,18,0,0,0,0,0,0,1,1,6,2,70,10,1398,1,6,-1,1,-1
201797UD01111,1,9,0,5,0,1,0,0,0,0,1,1,6,1,78,11,1086,1,10,-1,1,-1
201797UD01111,2,9,0,8,0,1,0,0,0,0,2,1,6,2,35,6,1596,1,2,-1,1,-1
201797UD01203,1,9,0,5,0,0,0,0,0,0,1,1,1,1,-1,-1,1598,2,4,-1,-1,-1
201797UD01205,1,3,0,15,0,0,0,0,0,0,1,1,2,1,28,6,124,1,5,-1,3,-1
201797UD01205,2,9,0,15,0,0,0,0,0,0,2,1,2,1,47,8,1686,2,11,-1,2,-1
201797UD01209,1,9,0,18,0,0,0,0,0,0,1,1,6,1,89,11,1590,1,14,-1,1,-1
201797UD01210,1,9,0,9,0,1,0,0,0,0,0,1,6,2,21,5,-1,-1,-1,-1,1,-1
201797UD01210,2,9,0,18,0,1,0,0,0,0,0,1,6,1,58,9,1598,2,4,-1,1,-1
201797UD01212,1,9,0,5,0,1,0,0,0,0,1,1,6,2,35,6,1560,2,1,-1,3,-1
201797UD01302,1,9,0,5,0,6,1,0,6,0,1,1,6,1,22,5,1998,1,24,-1,-1,-1
201797UD01302,2,9,0,18,0,1,0,0,0,0,1,1,6,1,62,9,-1,-1,-1,-1,-1,-1
201797UD01306,1,9,0,9,0,8,0,0,1,0,1,1,2,2,58,9,1200,1,4,-1,-1,-1
201797UD01306,2,9,0,18,0,8,0,0,7,0,1,1,2,1,29,6,-1,-1,-1,-1,3,-1
201797UD01311,1,9,0,4,0,1,0,0,0,0,1,1,2,2,36,7,998,1,2,-1,1,-1
201797UD01312,1,9,0,1,0,1,0,0,0,0,2,1,6,1,45,7,1598,1,11,-1,-1,-1
201797UD01312,2,9,0,3,0,1,0,0,0,0,4,1,6,1,52,8,1686,2,4,-1,1,-1
201797UD01402,1,9,0,4,0,0,2,10,1,10,1,1,2,2,49,8,2261,1,8,-1,2,-1
201797UD01405,1,9,0,17,0,1,0,0,0,0,1,1,6,1,27,6,1896,2,11,-1,1,-1
201797UD01406,1,5,0,17,0,0,0,0,0,7,1,1,6,1,43,7,1085,1,25,-1,-1,-1
201797UD01407,1,19,0,18,0,0,0,0,0,0,1,1,1,1,26,6,2198,2,2,-1,1,-1
201797UD01407,2,9,0,18,0,0,0,0,0,0,2,1,6,1,63,9,2204,2,9,-1,1,-1
201797UD01408,1,9,0,18,0,0,0,10,0,0,1,1,6,1,80,11,1496,1,-1,-1,1,-1
201797UD01408,2,9,0,18,0,0,0,0,0,0,1,1,6,2,25,5,1599,1,12,-1,1,-1
201797UD01408,3,9,0,18,0,0,0,0,0,0,1,1,6,1,57,9,2499,2,14,-1,1,-1
201797UD01409,1,9,0,9,0,4,0,0,0,0,1,1,6,2,56,9,1596,1,6,-1,3,-1
201797UD01409,2,1,0,17,0,8,0,0,0,0,4,1,6,1,52,8,-1,-1,-1,-1,1,-1
201797UD01501,1,9,0,7,0,5,1,0,1,11,1,1,1,1,28,6,1995,2,1,-1,1,-1
201797UD01508,1,9,0,7,0,6,0,0,0,0,1,1,6,2,79,11,1388,1,9,-1,1,-1
201797UD01511,1,9,0,18,0,1,0,0,0,0,4,1,6,3,-1,-1,-1,-1,-1,-1,-1,-1
201797UD01606,1,5,0,18,0,0,0,0,1,7,1,1,6,1,26,6,599,1,2,-1,1,-1
201797UD01607,1,1,0,16,0,0,1,0,0,0,1,1,6,1,29,6,-1,-1,-1,-1,-1,-1
201797UD01607,2,19,0,17,0,0,0,0,0,0,1,1,6,1,64,9,-1,-1,-1,-1,3,-1
201797UD01608,1,9,0,17,0,2,2,0,7,0,1,1,6,2,18,4,1229,1,10,-1,2,-1
201797UD01612,1,9,0,18,0,1,0,0,0,0,4,1,6,2,77,11,1590,1,13,-1,1,-1
201797UD01701,1,9,0,18,0,0,1,0,0,2,1,1,6,1,25,5,1397,1,8,-1,3,-1
201797UD01701,2,9,0,18,0,0,1,0,0,0,4,1,6,2,28,6,1598,1,4,-1,3,-1
201797UD01706,1,3,0,16,0,0,0,0,0,0,3,1,6,2,29,6,124,1,6,-1,1,-1
201797UD01706,2,19,0,17,0,0,0,0,0,0,3,1,6,1,53,8,2500,2,9,-1,3,-1
201797UD01707,1,9,0,9,0,1,0,0,0,0,0,1,6,2,40,7,1461,2,2,-1,1,-1
201797UD01707,2,90,0,5,0,1,0,0,0,0,0,1,6,1,37,7,-1,-1,-1,-1,1,-1
201797UD01707,3,19,0,5,0,1,0,0,0,0,1,1,6,1,61,9,2143,2,4,-1,1,-1
201797UD01801,1,9,0,7,0,0,1,4,0,0,1,1,6,1,66,10,1498,1,15,-1,-1,-1
201797UD01801,2,21,1,2,0,0,0,0,0,0,1,1,1,1,42,7,12777,2,1,-1,2,-1
201797UD01805,1,19,0,9,0,1,0,0,0,0,0,1,1,1,65,9,1560,2,2,-1,1,-1
201797UD01805,2,11,0,18,0,1,0,0,0,0,0,1,1,1,54,8,4500,2,5,-1,-1,-1
201797UD01808,1,11,0,18,2,6,0,0,0,0,0,1,1,1,24,5,6871,2,8,-1,1,-1
201797UD01906,1,9,0,13,0,0,0,0,0,0,0,1,1,1,39,7,1598,1,13,-1,-1,-1
201797UD01906,2,9,0,16,0,0,5,0,2,10,1,1,6,1,74,10,1598,1,14,-1,1,-1
201797UD01906,3,17,4,18,6,0,0,0,0,0,0,1,1,1,18,4,6728,2,3,-1,3,-1
201797UD01907,1,9,0,18,0,0,0,0,0,0,1,1,6,2,53,8,1997,1,14,-1,2,-1
201797UD02001,1,9,0,16,0,0,1,0,0,0,3,1,2,2,41,7,1461,2,11,-1,2,-1
201797UD02001,2,9,0,17,0,0,0,0,0,0,3,1,2,1,68,10,2231,2,4,-1,1,-1
201797UD02003,1,9,0,18,0,0,0,0,0,0,3,1,2,2,23,5,1229,1,3,-1,2,-1
201797UD02003,2,9,0,18,0,0,0,0,0,0,3,1,2,1,52,8,1996,1,15,-1,3,-1
201797UD02006,1,9,0,18,0,7,0,0,7,1,1,1,2,1,24,5,-1,-1,-1,-1,1,-1
201797UD02006,2,9,0,12,0,1,0,0,1,0,3,1,2,2,29,6,1596,1,3,-1,3,-1
201797UD02201,1,9,0,18,0,0,0,0,0,0,1,1,6,2,45,7,1242,1,5,-1,3,-1
201797UD02201,2,9,0,4,0,0,0,0,0,0,2,1,6,2,45,7,1598,1,9,-1,1,-1
201797UD02203,1,11,0,18,2,0,0,0,0,0,4,1,1,1,51,8,9000,2,3,-1,3,-1
201797UD02207,1,9,0,18,0,0,0,0,0,0,1,1,6,2,28,6,1390,1,3,-1,3,-1
201797UD02401,1,19,0,18,0,0,0,0,0,0,1,1,6,1,23,5,2198,2,5,-1,3,-1
201797UD02403,1,5,0,17,0,0,1,0,1,0,3,1,6,1,57,9,782,1,12,-1,1,-1
201797UD02503,1,9,0,12,0,0,0,0,0,0,3,1,6,2,43,7,1686,2,4,-1,1,-1
201797UD02503,2,9,0,13,0,0,0,0,0,0,4,1,6,1,69,10,1364,1,1,-1,1,-1
201797UD02507,1,8,0,4,0,0,0,0,0,0,0,1,1,1,29,6,1997,2,2,-1,3,-1
201797UD02703,1,9,0,17,0,0,1,0,0,0,1,1,6,1,36,7,973,1,16,-1,3,-1
201797UD02703,2,19,0,18,0,0,0,0,0,0,1,1,1,1,44,7,1968,2,1,-1,1,-1
201797UD03001,1,9,0,9,0,2,0,0,0,0,1,1,6,1,69,10,3239,1,21,-1,1,-1
201797UD03001,2,1,0,18,0,1,0,0,0,0,4,1,2,1,48,8,-1,-1,-1,-1,1,-1
201797UD03101,1,19,0,18,0,1,1,0,0,0,1,1,1,1,32,6,1968,2,3,-1,-1,-1
201797UD03101,2,9,0,18,0,1,1,0,0,0,1,1,6,1,41,7,2993,2,11,-1,3,-1
201797UD03301,1,17,0,9,0,1,0,0,0,0,1,1,1,1,23,5,4400,2,6,-1,3,-1
201797UD03301,2,9,0,18,0,1,1,0,1,0,3,1,6,2,55,8,1388,1,8,-1,1,-1
201797UD03601,1,9,0,18,0,1,0,0,0,0,0,1,6,2,36,7,1995,1,10,-1,1,-1
201797UD03601,2,9,0,18,0,1,0,0,0,0,2,1,6,2,59,9,1998,1,3,-1,1,-1
201797UD03601,3,9,0,18,0,1,0,0,0,0,1,1,6,1,79,11,1796,1,6,-1,1,-1
201797UD03601,4,9,0,18,0,1,0,0,0,0,1,1,6,1,51,8,2157,2,1,-1,-1,-1
201797UD70101,1,9,0,18,0,0,0,0,0,0,1,1,2,2,28,6,-1,-1,-1,-1,-1,-1
201797UD70103,1,9,0,18,0,8,0,0,0,0,0,1,6,1,67,10,2494,1,13,-1,3,-1
201797UD70103,2,21,1,18,0,8,1,0,0,0,0,1,1,1,49,8,15607,2,4,-1,3,-1
201797UD70103,3,11,0,18,0,1,1,0,0,0,1,1,1,1,33,6,4580,2,7,-1,1,-1
201797UD70107,1,9,0,17,0,1,0,0,0,0,1,1,6,1,33,6,1999,2,2,-1,3,-1
201797UD70107,2,9,0,16,0,1,0,0,0,0,1,1,6,1,77,11,1997,2,5,-1,3,-1
201797UD70108,1,9,0,9,0,6,0,0,0,0,4,1,6,2,34,6,1364,1,10,-1,3,-1
201797UD70108,2,9,0,18,0,1,0,0,0,0,1,1,6,1,49,8,1896,2,20,-1,3,-1
201797UD70110,1,9,0,7,0,0,0,0,0,0,1,1,6,1,22,5,1598,2,4,-1,3,-1
201797UD70110,2,9,0,9,0,0,0,0,0,0,1,1,6,1,73,10,1461,2,2,-1,3,-1
201797UD70111,1,19,0,4,0,1,0,0,0,0,1,1,6,1,63,9,1461,2,1,-1,1,-1
201797UD70112,1,19,0,9,0,2,0,0,7,11,1,1,1,1,23,5,4485,2,2,-1,3,-1
201797UD70112,2,20,0,18,0,1,0,0,1,0,4,1,1,1,57,9,10837,2,4,5,3,5
201797UD70202,1,9,0,18,0,0,0,0,0,0,1,1,6,1,75,10,1396,1,2,-1,-1,-1
201797UD70205,1,3,0,18,0,1,5,0,0,0,1,1,6,1,18,4,124,1,3,-1,3,-1
201797UD70205,2,9,0,18,0,1,0,0,0,0,1,1,6,1,27,6,1790,1,16,-1,-1,-1
201797UD70205,3,21,1,18,0,1,0,0,0,0,0,1,1,1,48,8,-1,-1,-1,-1,-1,-1
201797UD70206,1,1,0,17,0,1,0,0,0,0,1,1,6,1,17,4,-1,-1,-1,-1,-1,-1
201797UD70206,2,9,0,18,0,1,0,0,0,0,4,1,6,2,42,7,998,1,3,-1,-1,-1